objectid_1,objectid,crn,district,county,municipality,crash_year,crash_month,day_of_week,time_of_day,hour_of_day,illumination,weather,road_condition,collision_type,relation_to_road,work_zone_type,work_zone_loc,work_zone_ind,intersect_type,tcd_type,location_type,urban_rural,fatal_count,injury_count,person_count,total_units,sch_bus_ind,sch_zone_ind,latitude,longitude,arrival_tm,cons_zone_spd_lim,dispatch_tm,est_hrs_closed,lane_closed,ln_close_dir,ntfy_hiwy_maint,spec_juris_cd,tcd_func_cd,tfc_detour_ind,workers_pres,wz_close_detour,wz_flagger,wz_law_offcr_ind,wz_ln_closure,wz_moving,wz_other,wz_shlder_mdn,vehicle_count,automobile_count,motorcycle_count,bus_count,small_truck_count,heavy_truck_count,suv_count,van_count,bicycle_count,maj_inj_count,mod_inj_count,min_inj_count,tot_inj_count,unk_inj_deg_count,unk_inj_per_count,driver_count_16yr,driver_count_17yr,driver_count_18yr,driver_count_19yr,driver_count_20yr,driver_count_50_64yr,driver_count_65_74yr,driver_count_75plus,unbelted_occ_count,unb_death_count,unb_maj_inj_count,belted_death_count,belted_maj_inj_count,mcycle_death_count,mcycle_maj_inj_count,bicycle_death_count,bicycle_maj_inj_count,ped_count,ped_death_count,ped_maj_inj_count,max_severity_level,comm_veh_count,dec_lat,dec_long,rdwy_surf_type_cd,county_name
322,4052,2017035668,6,67,67301,2017,3,3,1130,11,1,4,3,4,1, , ,N,1,3,0,3,0,2,2,2,N,N,40 03:10.051,75 08:06.997,1219, ,1216,3,2,3,N, ,3,N, , , , , , , , ,2,0,0,0,0,0,1,1,0,0,0,0,2,2,0,0,0,0,0,0,0,0,0,1,0,0,0,0,0,0,0,0,0,0,0,8,0,40.0528,-75.1353, ,Philadelphia
323,4060,2017028897,6,67,67301,2017,2,7,255,2,3,1,0,5,6, , ,N,0,0,0,3,0,0,2,4,N,N,40 03:34.820,75 14:06.266,9999, ,258, ,0, , , ,0, , , , , , , , , ,4,3,0,0,0,0,1,0,0,0,0,0,0,0,0,0,0,0,0,0,0,0,0,1,0,0,0,0,0,0,0,0,0,0,0,0,0,40.0597,-75.2351, ,Philadelphia
324,4068,2017021493,6,67,67301,2017,2,4,1615,16,1,1,0,2,1, , ,N,0,0,0,3,0,1,2,2,N,N,39 59:52.551,75 07:02.161,1618, ,1615, ,0, ,N, ,0, , , , , , , , , ,2,1,1,0,0,0,0,0,0,1,0,0,1,0,0,0,1,0,0,0,0,0,0,0,0,0,0,0,0,1,0,0,0,0,0,2,0,39.9979,-75.1173, ,Philadelphia
325,2782,2017058307,6,67,67301,2017,5,5,149,1,3,1,0,4,1, , ,N,2,3,0,3,0,1,2,2,N,N,40 04:19.442,75 11:14.237,159, ,152, ,0, ,N, ,3, , , , , , , , , ,2,1,0,0,0,0,0,0,0,0,0,1,1,0,0,0,0,0,0,0,0,0,0,0,0,0,0,0,0,0,0,0,0,0,0,4,0,40.072,-75.1873, ,Philadelphia
326,2802,2017037353,6,67,67301,2017,3,3,1830,18,1,1,0,4,1, , ,N,1,3,0,3,0,1,2,2,N,N,40 04:46.113,74 59:30.364,1834, ,1831,1,1,1,N, ,3,N, , , , , , , , ,1,1,0,0,0,0,0,0,1,0,0,0,1,1,0,0,0,0,0,0,0,0,1,0,0,0,0,0,0,0,0,0,0,0,0,8,0,40.0795,-74.9918, ,Philadelphia
327,2826,2017061192,6,67,67301,2017,6,1,544,5,3,1,0,7,3, , ,N,7,0,0,3,0,0,1,1,N,N,39 56:33.623,75 11:36.400,614, ,602, ,0, , , ,0, , , , , , , , , ,1,0,0,0,0,0,1,0,0,0,0,0,0,0,1,0,0,0,0,0,0,0,0,0,0,0,0,0,0,0,0,0,0,0,0,9,0,39.9425,-75.1937, ,Philadelphia
328,2841,2017013994,6,67,67301,2017,1,1,1545,15,1,2,1,6,6, , ,N,0,0,0,3,0,1,1,4,N, ,40 04:52.600,74 58:54.105,1557, ,1548, ,0, , , ,0, , , , , , , , , ,4,1,0,0,3,0,0,0,0,0,0,0,1,1,0,0,0,0,0,0,1,0,0,0,0,0,0,0,0,0,0,0,0,0,0,8,0,40.0813,-74.9817, ,Philadelphia
329,2847,2017033044,6,67,67301,2017,2,6,2332,23,3,1,0,4,1, , ,N,0,0,7,3,0,1,5,3,N,N,39 57:37.110,75 08:20.264,2338, ,2334,2,1,3,N, ,0,N, , , , , , , , ,3,0,1,0,0,0,0,2,0,0,1,0,1,0,0,0,0,0,0,0,0,0,0,0,0,0,0,0,0,0,0,0,0,0,0,3,0,39.9603,-75.139, ,Philadelphia
330,2856,2017046969,6,67,67301,2017,4,6,1245,12,1,1,0,1,1, , ,N,0,0,0,3,0,0,2,2,N,N,39 58:10.174,75 11:31.858,1302, ,1245, ,0, , , ,0, , , , , , , , , ,2,1,0,0,0,0,1,0,0,0,0,0,0,0,0,0,0,0,0,0,0,1,0,0,0,0,0,0,0,0,0,0,0,0,0,0,0,39.9695,-75.1922, ,Philadelphia
331,2873,2017060482,6,67,67301,2017,5,6,525,5,6,1,0,5,6, , ,N,0,0,0,3,0,0,1,3,N,N,39 58:20.809,75 13:15.665,531, ,527, ,0, ,N, ,0, , , , , , , , , ,3,1,0,0,0,0,1,1,0,0,0,0,0,0,0,0,0,0,0,0,0,1,0,0,0,0,0,0,0,0,0,0,0,0,0,0,0,39.9724,-75.221, ,Philadelphia
332,2875,2017060691,6,67,67301,2017,5,3,825,8,1,1,0,1,6, , ,N,0,0,0,3,0,1,1,2,N,N,40 06:12.988,75 01:49.801,928, ,925, ,0, ,N, ,0, , , , , , , , , ,2,0,0,0,0,0,0,2,0,0,1,0,1,0,0,0,0,0,0,0,0,0,0,0,0,0,0,0,0,0,0,0,0,0,0,3,0,40.1036,-75.0305, ,Philadelphia
333,2898,2017033088,6,67,67301,2017,3,4,645,6,1,5,1,4,1, , ,N,1,3,0,3,0,2,2,4,N, ,40 00:54.770,75 08:11.399,655, ,650,2,1,4, , ,3,N, , , , , , , , ,4,1,0,0,1,0,0,0,0,0,2,0,2,0,0,0,0,0,0,0,1,0,0,0,0,0,0,0,0,0,0,0,0,0,0,3,0,40.0152,-75.1365, ,Philadelphia
334,2907,2017033535,6,67,67301,2017,2,4,9999,99,3,1,0,4,1, , ,N,1,2,0,3,0,0,3,2,N,N,40 02:50.643,75 04:40.796,1820, ,1814, ,0, ,N, ,3, , , , , , , , , ,2,2,0,0,0,0,0,0,0,0,0,0,0,0,0,0,0,0,0,0,0,0,0,1,0,0,0,0,0,0,0,0,0,0,0,0,0,40.0474,-75.078, ,Philadelphia
335,2953,2017035604,6,67,67301,2017,3,4,940,9,1,1,0,8,1, , ,N,1,3,0,3,0,1,2,2,N,N,39 59:35.383,75 08:08.901,1522, ,1522, ,0, ,N, ,3, , , , , , , , , ,1,1,0,0,0,0,0,0,0,0,0,0,1,1,0,0,0,0,0,0,0,0,0,1,0,0,0,0,0,0,0,0,1,0,0,8,0,39.9932,-75.1358, ,Philadelphia
336,2959,2017031697,6,67,67301,2017,3,2,1552,15,1,1,0,1,1, , ,N,0,0,0,3,0,0,3,3,N,N,40 00:43.340,75 03:36.633,1621, ,1555, ,0, , , ,0, , , , , , , , , ,3,2,0,0,0,0,1,0,0,0,0,0,0,0,0,0,0,0,0,0,0,0,0,0,0,0,0,0,0,0,0,0,0,0,0,0,0,40.012,-75.0602, ,Philadelphia
337,2987,2017019132,6,67,67301,2017,1,5,823,8,1,2,1,8,1, , ,N,1,2,0,3,0,1,2,2,N, ,40 03:11.181,75 08:59.701,845, ,836, ,0, , , ,3, , , , , , , , , ,1,1,0,0,0,0,0,0,0,0,0,1,1,0,0,0,0,0,0,0,0,0,0,1,0,0,0,0,0,0,0,0,1,0,0,4,0,40.0531,-75.1499, ,Philadelphia
338,3007,2017021642,6,67,67301,2017,2,6,1030,10,1,1,0,4,1, , ,N,0,0,7,3,0,0,3,2,N,N,40 00:24.390,75 07:55.574,1034, ,1033, ,0, ,N, ,0, , , , , , , , , ,2,1,0,0,0,0,1,0,0,0,0,0,0,0,2,0,0,0,0,0,0,0,0,0,0,0,0,0,0,0,0,0,0,0,0,9,0,40.0068,-75.1321, ,Philadelphia
339,3014,2017052129,6,67,67301,2017,4,2,2000,20,3,1,0,1,1, , ,N,1,2,0,3,0,2,3,3,N,N,40 06:51.780,74 59:17.002,2005, ,2000,1,1,2,N, ,3,N, , , , , , , , ,3,1,0,0,0,0,2,0,0,0,0,2,2,0,0,0,0,0,1,0,0,0,0,0,0,0,0,0,0,0,0,0,0,0,0,4,0,40.1144,-74.9881, ,Philadelphia
340,3021,2017058370,6,67,67301,2017,5,7,1215,12,1,2,1,8,1, , ,N,1,2,0,3,0,1,2,2,N,N,39 57:00.398,75 09:50.914,1251, ,1238, ,0, ,N, ,3, , , , , , , , , ,1,1,0,0,0,0,0,0,0,0,0,0,1,1,0,0,0,0,0,0,0,0,0,0,0,0,0,0,0,0,0,0,1,0,0,8,0,39.9501,-75.164, ,Philadelphia
341,3037,2017028846,6,67,67301,2017,2,6,1930,19,3,1,0,4,1, , ,N,1,2,0,3,0,1,3,2,N, ,40 03:23.118,75 03:12.017,1936, ,1934, ,0, , , ,9, , , , , , , , , ,2,2,0,0,0,0,0,0,0,0,0,0,1,1,1,0,0,0,0,0,1,0,0,0,0,0,0,0,0,0,0,0,0,0,0,8,0,40.0564,-75.0533, ,Philadelphia
342,3068,2017055671,6,67,67301,2017,5,5,732,7,1,1,0,8,1, , ,N,1,3,0,3,0,1,2,2,N, ,39 54:56.227,75 10:33.558,737, ,732,1,2,4, , ,3,Y, , , , , , , , ,1,1,0,0,0,0,0,0,0,0,0,1,1,0,0,0,0,0,0,0,0,0,0,0,0,0,0,0,0,0,0,0,1,0,0,4,0,39.9156,-75.176, ,Philadelphia
343,3071,2017062778,6,67,67301,2017,5,5,2106,21,3,1,0,7,4, , ,N,1,0,0,3,0,2,3,1,N,N,39 58:09.757,75 12:16.372,2106, ,2106, ,0, ,N, ,0, , , , , , , , , ,1,1,0,0,0,0,0,0,0,0,0,1,2,1,0,0,0,0,0,0,0,0,0,0,0,0,0,0,0,0,0,0,0,0,0,4,0,39.9694,-75.2045, ,Philadelphia
344,3082,2017043226,6,67,67301,2017,4,3,1535,15,1,1,0,1,1,1,4,Y,0,0,0,3,0,0,2,2,N,N,39 59:03.331,75 05:46.742,1620,50,1538,2,1,2, , ,0,N,Y,N,N,N,N,N,N,Y,2,2,0,0,0,0,0,0,0,0,0,0,0,0,0,0,0,1,0,1,0,0,0,0,0,0,0,0,0,0,0,0,0,0,0,0,0,39.9843,-75.0963, ,Philadelphia
345,3096,2017052370,6,67,67301,2017,4,1,200,2,3,1,0,8,1, , ,N,1,2,0,3,0,1,2,2,N, ,39 57:12.978,75 09:54.168,2004, ,2002, ,0, , , ,3, , , , , , , , , ,1,0,0,0,0,0,1,0,0,1,0,0,1,0,0,0,0,0,0,0,0,0,0,1,0,0,0,0,0,0,0,0,1,0,1,2,0,39.9536,-75.165, ,Philadelphia
346,3113,2017068062,6,67,67301,2017,6,1,109,1,3,1,0,4,1, , ,N,1,3,0,3,0,3,4,2,N,N,40 02:56.557,75 05:40.778,120, ,111,2,1,3,N, ,3,N, , , , , , , , ,2,2,0,0,0,0,0,0,0,0,0,3,3,0,0,0,0,0,0,0,0,0,0,0,0,0,0,0,0,0,0,0,0,0,0,4,0,40.049,-75.0947, ,Philadelphia
347,3138,2017028033,6,67,67301,2017,3,6,2135,21,3,1,0,1,1, , ,N,0,0,0,3,0,5,7,5,N,N,39 53:29.350,75 14:32.946,2136, ,2136,3,1,1, , ,0,N, , , , , , , , ,5,3,0,1,0,0,1,0,0,0,3,2,5,0,0,0,0,0,0,0,0,0,0,0,0,0,0,0,0,0,0,0,0,0,0,3,1,39.8915,-75.2425, ,Philadelphia
348,3151,2017035815,6,67,67301,2017,3,1,2045,20,6,1,0,8,1, , ,N,0,0,0,3,0,1,2,2,N,N,39 56:45.297,75 13:06.542,2333, ,2332, ,0, ,N, ,0, , , , , , , , , ,1,0,0,0,0,0,1,0,0,0,0,0,1,1,0,0,0,0,0,0,0,0,0,1,0,0,0,0,0,0,0,0,1,0,0,8,0,39.9459,-75.2185, ,Philadelphia
349,3156,2017037458,6,67,67301,2017,3,6,342,3,3,1,0,1,1, , ,N,0,0,2,3,0,0,5,2,N,N,40 00:17.399,75 11:39.648,350, ,344,9,2,1,N, ,0,Y, , , , , , , , ,2,1,0,0,0,0,1,0,0,0,0,0,0,0,0,0,0,0,0,0,1,0,0,2,0,0,0,0,0,0,0,0,0,0,0,0,0,40.0048,-75.1943, ,Philadelphia
350,3173,2017010618,6,67,67301,2017,1,1,9999,99,3,1,0,5,1, , ,N,0,0,0,3,0,0,1,2,N,N,39 55:29.978,75 09:06.591,1943, ,1942,3,1,1,N, ,0,N, , , , , , , , ,2,1,0,0,1,0,0,0,0,0,0,0,0,0,0,0,0,0,0,0,0,0,0,0,0,0,0,0,0,0,0,0,0,0,0,0,0,39.925,-75.1518, ,Philadelphia
351,3183,2017035788,6,67,67301,2017,3,2,1810,18,3,1,0,1,1, , ,N,0,0,0,3,0,2,3,2,N,N,39 58:33.600,75 10:05.800,1817, ,1813, ,0, , , ,0, , , , , , , , , ,2,1,0,0,0,0,1,0,0,0,0,0,2,2,0,0,0,0,0,0,1,0,0,0,0,0,0,0,0,0,0,0,0,0,0,8,0,39.976,-75.1683, ,Philadelphia
352,3198,2017050696,6,67,67301,2017,5,3,533,5,3,1,0,7,2, , ,N,0,0,0,3,0,1,1,1,N,N,40 02:12.597,75 00:49.812,549, ,549,2,1,1, , ,0,N, , , , , , , , ,1,1,0,0,0,0,0,0,0,0,0,0,1,1,0,0,0,0,0,0,0,0,0,0,0,0,0,0,0,0,0,0,0,0,0,8,0,40.0368,-75.0138, ,Philadelphia
353,3210,2017062939,6,67,67301,2017,6,6,1649,16,1,1,0,1,1, , ,N,0,0,0,3,0,2,2,2,N,N,40 01:45.645,75 01:20.281,1659, ,1651,2,2,1, , ,0,Y, , , , , , , , ,2,0,0,0,1,0,1,0,0,0,2,0,2,0,0,0,0,0,0,0,1,0,0,0,0,0,0,0,0,0,0,0,0,0,0,3,0,40.0293,-75.0223, ,Philadelphia
354,3212,2017059847,6,67,67301,2017,6,6,1542,15,1,1,0,5,1, , ,N,0,0,0,3,0,2,2,2,N,N,40 00:01.439,75 04:47.148,1637, ,1542, ,0, , , ,0, , , , , , , , , ,2,1,0,0,0,0,1,0,0,0,0,0,2,2,0,0,0,0,0,0,1,0,0,0,0,0,0,0,0,0,0,0,0,0,0,8,0,40.0004,-75.0798, ,Philadelphia
355,3220,2017007341,6,67,67301,2017,1,3,2205,22,3,2,1,5,1, , ,N,0,0,0,3,0,3,3,2,N,N,39 57:36.435,75 10:50.142,2228, ,2223,2,2,3, , ,0,N, , , , , , , , ,2,2,0,0,0,0,0,0,0,0,1,0,3,2,0,0,0,0,0,0,0,0,0,0,0,0,0,0,0,0,0,0,0,0,0,3,0,39.9601,-75.1806, ,Philadelphia
356,3228,2017013992,6,67,67301,2017,1,6,1200,12,1,1,0,4,1, , ,N,1,3,0,3,0,1,2,2,N,N,39 56:10.496,75 11:02.083,1226, ,1223, ,0, ,N, ,3, , , , , , , , , ,2,1,0,0,0,0,0,1,0,0,0,1,1,0,0,0,0,0,0,0,1,0,0,0,0,0,0,0,0,0,0,0,0,0,0,4,0,39.9362,-75.1839, ,Philadelphia
357,3230,2017017581,6,67,67301,2017,2,2,106,1,3,1,1,1,1, , ,N,0,0,0,3,0,1,2,2,N,N,39 57:27.984,75 09:42.401,126, ,126, ,0, , , ,0, , , , , , , , , ,2,1,0,0,0,0,0,0,0,0,0,0,1,1,1,0,0,0,0,0,0,0,0,0,0,0,0,0,0,0,0,0,0,0,0,8,0,39.9578,-75.1618, ,Philadelphia
358,3248,2017055577,6,67,67301,2017,4,3,1235,12,1,2,1,4,1, , ,N,1,2,0,3,0,1,2,2,N,N,40 02:12.235,75 03:52.193,1325, ,1322, ,0, ,N, ,3, , , , , , , , , ,2,1,0,0,1,0,0,0,0,0,0,0,1,1,0,0,0,0,0,0,0,1,0,0,0,0,0,0,0,0,0,0,0,0,0,8,0,40.0366,-75.0645, ,Philadelphia
359,3256,2017048727,6,67,67301,2017,5,6,1543,15,1,1,0,7,2, , ,N,0,0,0,3,0,0,1,1,N,N,40 02:46.883,75 00:04.188,1722, ,1706, ,0, , , ,0, , , , , , , , , ,1,1,0,0,0,0,0,0,0,0,0,0,0,0,0,0,0,0,0,0,1,0,0,0,0,0,0,0,0,0,0,0,0,0,0,0,0,40.0464,-75.0012, ,Philadelphia
360,3271,2017019014,6,67,67301,2017,2,4,2123,21,3,1,0,2,1, , ,N,1,2,0,3,0,1,2,3,N,N,40 01:06.607,75 03:27.456,2124, ,2123, ,0, ,N, ,3, , , , , , , , , ,3,1,0,0,2,0,0,0,0,0,0,1,1,0,0,0,0,0,0,0,0,0,0,1,0,0,0,0,0,0,0,0,0,0,0,4,0,40.0185,-75.0576, ,Philadelphia
361,4767,2017028924,6,67,67301,2017,2,1,325,3,3,1,0,7,4, , ,N,0,0,0,3,0,1,1,1,N, ,40 00:25.482,75 07:20.523,335, ,328,3,1,4, , ,0,N, , , , , , , , ,1,0,0,0,0,0,1,0,0,1,0,0,1,0,0,0,0,0,0,0,0,0,0,0,0,0,0,0,0,0,0,0,0,0,0,2,0,40.0071,-75.1224, ,Philadelphia
362,4783,2017028898,6,67,67301,2017,2,3,1305,13,1,1,0,4,1, , ,N,2,3,0,3,0,1,3,2,N,N,40 01:51.222,75 13:42.887,1313, ,1308, ,0, ,N, ,3, , , , , , , , , ,1,1,0,0,0,0,0,0,1,0,0,1,1,0,0,0,0,0,0,0,0,0,0,0,0,0,0,0,0,0,0,0,0,0,0,4,0,40.0309,-75.2286, ,Philadelphia
363,4791,2017060656,6,67,67301,2017,5,7,1241,12,1,1,0,5,6, , ,N,0,0,0,3,0,1,2,2,N, ,39 56:58.294,75 09:37.458,1241, ,1241, ,0, , , ,0, , , , , , , , , ,2,1,0,1,0,0,0,0,0,0,0,1,1,0,0,0,0,0,0,0,1,0,0,0,0,0,0,0,0,0,0,0,0,0,0,4,1,39.9495,-75.1604, ,Philadelphia
364,4808,2017019085,6,67,67301,2017,1,6,1800,18,3,1,0,4,1, , ,N,5,2,0,3,0,2,3,2,N, ,39 59:15.093,75 10:42.149,1820, ,1800, ,0, , , ,3, , , , , , , , , ,1,0,0,0,1,0,0,0,1,0,0,2,2,0,0,0,0,0,0,0,0,0,0,0,0,0,0,0,0,0,0,0,0,0,0,4,0,39.9875,-75.1784, ,Philadelphia
365,4817,2017021107,6,46,46102,2017,2,4,1235,12,1,1,0,1,1, , ,N,0,0,0,3,0,0,3,3,N,N,40 04:26.373,75 09:29.572,1236, ,1235,2,2,4,N, ,0,N, , , , , , , , ,3,3,0,0,0,0,0,0,0,0,0,0,0,0,1,0,0,0,0,0,0,0,0,0,0,0,0,0,0,0,0,0,0,0,0,9,0,40.074,-75.1582, ,Montgomery
366,4845,2017067559,6,67,67301,2017,6,7,1731,17,1,1,1,5,1, , ,N,0,0,0,3,0,3,3,2,N,N,39 58:49.033,75 12:19.851,1737, ,1732, ,0, , , ,0, , , , , , , , , ,2,2,0,0,0,0,0,0,0,0,0,0,3,3,0,0,0,1,0,0,0,0,0,1,0,0,0,0,0,0,0,0,0,0,0,8,0,39.9798,-75.2048, ,Philadelphia
367,4856,2017014020,6,67,67301,2017,1,7,145,1,3,1,0,4,1, , ,N,1,2,0,3,0,1,2,2,N, ,39 58:55.079,75 14:20.664,152, ,149, ,0, , , ,3, , , , , , , , , ,2,1,0,0,0,0,1,0,0,0,0,1,1,0,0,0,0,0,0,0,1,0,0,0,0,0,0,0,0,0,0,0,0,0,0,4,0,39.9819,-75.239, ,Philadelphia
368,4858,2017007841,6,67,67301,2017,1,4,1615,16,1,1,0,1,1, , ,N,1,2,0,3,0,1,2,2,N,N,39 55:44.712,75 13:13.928,1626, ,1624, ,0, ,N, ,3, , , , , , , , , ,2,2,0,0,0,0,0,0,0,0,0,1,1,0,0,0,0,0,0,0,0,0,0,0,0,0,0,0,0,0,0,0,0,0,0,4,0,39.9291,-75.2205, ,Philadelphia
369,4876,2017037362,6,67,67301,2017,3,5,2027,20,3,4,4,8,1, , ,N,0,0,0,3,0,1,2,2,N,N,39 58:44.352,75 08:09.973,2033, ,2033, ,0, ,N, ,0, , , , , , , , , ,1,1,0,0,0,0,0,0,0,0,0,0,1,1,0,0,0,0,0,0,0,0,0,1,0,0,0,0,0,0,0,0,1,0,0,8,0,39.979,-75.1361, ,Philadelphia
370,4912,2017019141,6,67,67301,2017,1,3,1801,18,3,1,0,8,1, , ,N,1,2,0,3,0,1,2,2,N, ,40 04:15.122,75 14:28.540,1807, ,1804,1,1,1, , ,3,N, , , , , , , , ,1,0,0,0,0,0,0,1,0,0,1,0,1,0,0,0,0,0,0,0,0,0,0,1,0,0,0,0,0,0,0,0,1,0,0,3,0,40.0709,-75.2413, ,Philadelphia
371,4923,2017037556,6,67,67301,2017,3,7,1410,14,1,2,1,5,6, , ,N,0,0,0,3,0,0,1,3,N,N,39 59:57.911,75 06:41.780,1412, ,1410, ,0, ,N, ,0, , , , , , , , , ,3,3,0,0,0,0,0,0,0,0,0,0,0,0,0,0,0,0,0,0,0,0,0,0,0,0,0,0,0,0,0,0,0,0,0,0,0,39.9994,-75.1116, ,Philadelphia
372,4925,2017043783,6,67,67301,2017,4,3,2135,21,3,1,0,8,1, , ,N,2,0,0,3,0,1,2,2,N,N,40 02:45.606,75 03:25.542,2215, ,2211, ,0, , , ,0, , , , , , , , , ,1,1,0,0,0,0,0,0,0,0,0,1,1,0,0,0,0,1,0,0,0,0,0,0,0,0,0,0,0,0,0,0,1,0,0,4,0,40.046,-75.0571, ,Philadelphia
373,4929,2017032915,6,67,67301,2017,3,6,1425,14,1,1,0,7,5, , ,N,2,2,0,3,0,0,1,1,N,N,39 53:40.400,75 13:46.386,1445, ,1430,3,2,4,N, ,3,Y, , , , , , , , ,1,0,0,0,1,0,0,0,0,0,0,0,0,0,0,0,0,0,0,0,0,0,0,0,0,0,0,0,0,0,0,0,0,0,0,0,1,39.8946,-75.2296, ,Philadelphia
374,4931,2017043796,6,67,67301,2017,4,3,1847,18,1,1,0,8,1, , ,N,0,0,0,3,0,1,2,2,N,N,39 58:07.794,75 08:08.606,1855, ,1851, ,0, ,N, ,0, , , , , , , , , ,1,1,0,0,0,0,0,0,0,0,0,0,1,1,0,0,0,0,0,0,0,0,0,0,0,0,0,0,0,0,0,0,1,0,0,8,0,39.9688,-75.1357, ,Philadelphia
375,4939,2017045585,6,67,67301,2017,3,4,1048,10,1,1,0,1,1, , ,N,6,4,2,3,0,2,2,2,N,N,39 56:44.167,75 11:25.033,1048, ,1048,1,2,3, , ,3,N, , , , , , , , ,2,0,0,0,0,0,2,0,0,0,0,0,2,2,0,0,0,0,0,0,0,1,0,0,0,0,0,0,0,0,0,0,0,0,0,8,0,39.9456,-75.1903, ,Philadelphia
376,4944,2017033046,6,67,67301,2017,2,2,1027,10,1,1,0,6,6, , ,N,0,0,0,3,0,1,1,4,N,N,39 55:30.511,75 10:16.483,1039, ,1028,1,1,4,N, ,0,N, , , , , , , , ,4,3,0,0,0,0,1,0,0,0,0,0,1,1,0,0,0,0,0,0,0,0,1,0,0,0,0,0,0,0,0,0,0,0,0,8,0,39.9251,-75.1712, ,Philadelphia
377,4957,2017013182,6,67,67301,2017,1,6,831,8,1,1,0,8,1, , ,N,1,1,0,3,0,1,2,2,N, ,39 57:16.485,75 13:33.593,837, ,832, ,0, , , ,3, , , , , , , , , ,1,0,0,0,0,0,0,1,0,0,0,0,1,1,0,0,0,0,0,0,0,0,0,1,0,0,0,0,0,0,0,0,1,0,0,8,0,39.9546,-75.226, ,Philadelphia
378,4965,2017035376,6,67,67301,2017,3,4,808,8,1,1,0,1,1, , ,N,6,0,0,3,0,0,3,2,N,N,39 56:44.167,75 11:25.033,819, ,808,1,1,3, , ,0,N, , , , , , , , ,2,2,0,0,0,0,0,0,0,0,0,0,0,0,0,0,0,0,0,0,1,1,0,0,0,0,0,0,0,0,0,0,0,0,0,0,0,39.9455,-75.1905, ,Philadelphia
379,4969,2017037492,6,67,67301,2017,3,6,2210,22,3,1,0,4,1, , ,N,5,2,8,3,0,0,6,2,N,N,39 57:28.590,75 09:50.929,2220, ,2214, ,0, , , ,3, , , , , , , , , ,2,2,0,0,0,0,0,0,0,0,0,0,0,0,0,0,0,0,0,0,0,0,0,0,0,0,0,0,0,0,0,0,0,0,0,0,0,39.9579,-75.1641, ,Philadelphia
380,4973,2017033131,6,67,67301,2017,2,7,158,1,3,1,0,4,1, , ,N,5,2,0,3,0,1,3,2,N,N,40 02:25.526,75 03:55.923,205, ,205,1,1,1,N, ,3,Y, , , , , , , , ,2,2,0,0,0,0,0,0,0,0,0,0,1,1,0,0,0,0,0,0,0,0,0,0,0,0,0,0,0,0,0,0,0,0,0,8,0,40.0404,-75.0655, ,Philadelphia
381,4981,2017055556,6,67,67301,2017,4,7,1524,15,1,1,0,7,4, , ,N,0,0,1,3,0,0,1,1,N,N,39 55:23.841,75 11:18.683,1524, ,1524, ,0, ,N, ,0, , , , , , , , , ,1,1,0,0,0,0,0,0,0,0,0,0,0,0,0,0,0,0,0,0,0,0,0,0,0,0,0,0,0,0,0,0,0,0,0,0,0,39.9233,-75.1885, ,Philadelphia
382,4988,2017058317,6,67,67301,2017,5,2,902,9,1,1,0,4,1, , ,N,1,2,0,3,0,2,2,3,N,N,39 59:14.704,75 13:56.672,925, ,918, ,0, ,N, ,3, , , , , , , , , ,3,1,0,0,1,0,0,1,0,0,0,2,2,0,0,0,0,0,0,0,2,0,0,0,0,0,0,0,0,0,0,0,0,0,0,4,0,39.9874,-75.2324, ,Philadelphia
383,4993,2017067828,6,67,67301,2017,6,6,1517,15,1,1,0,6,1, , ,N,0,0,0,3,0,1,3,2,N,N,40 03:41.862,75 12:00.041,1540, ,1530,3,2,3,N, ,0,Y, , , , , , , , ,2,1,0,0,0,0,1,0,0,0,0,0,1,1,2,0,0,0,0,0,1,0,0,0,0,0,0,0,0,0,0,0,0,0,0,8,0,40.0616,-75.2, ,Philadelphia
384,5009,2017007850,6,67,67301,2017,1,5,1352,13,1,1,1,1,1, , ,N,0,0,0,3,0,0,2,2,N,N,40 05:45.466,74 59:28.100,1357, ,1355, ,0, ,N, ,0, , , , , , , , , ,2,1,0,0,0,0,1,0,0,0,0,0,0,0,0,0,0,0,0,0,1,0,0,0,0,0,0,0,0,0,0,0,0,0,0,0,0,40.096,-74.9911, ,Philadelphia
385,5014,2017035743,6,67,67301,2017,3,1,1440,14,1,1,0,6,1, , ,N,0,0,0,3,0,1,3,3,N, ,40 02:47.902,75 08:11.614,1448, ,1442,1,1,6, , ,0,N, , , , , , , , ,3,2,0,0,0,0,0,0,0,0,0,0,1,1,0,0,0,0,0,0,1,0,0,1,0,0,0,0,0,0,0,0,0,0,0,8,0,40.0466,-75.1366, ,Philadelphia
386,5022,2017028911,6,67,67301,2017,2,7,2330,23,3,1,0,4,1, , ,N,1,2,0,3,0,4,8,2,N,N,39 58:18.181,75 07:33.198,2343, ,2343,2,1,4,N, ,3,Y, , , , , , , , ,2,2,0,0,0,0,0,0,0,0,0,4,4,0,4,0,0,0,0,0,2,0,0,0,0,0,0,0,0,0,0,0,0,0,0,4,0,39.9717,-75.1259, ,Philadelphia
387,5065,2017033091,6,67,67301,2017,3,4,1455,14,1,1,0,4,1, , ,N,1,2,0,3,0,1,2,2,N,N,40 02:29.083,75 07:12.377,1715, ,1713, ,0, ,N, ,3, , , , , , , , , ,2,1,0,0,0,0,1,0,0,0,0,1,1,0,0,0,0,0,0,0,0,1,0,1,0,0,0,0,0,0,0,0,0,0,0,4,0,40.0414,-75.1201, ,Philadelphia