objectid_1,objectid,crn,district,county,municipality,crash_year,crash_month,day_of_week,time_of_day,hour_of_day,illumination,weather,road_condition,collision_type,relation_to_road,work_zone_type,work_zone_loc,work_zone_ind,intersect_type,tcd_type,location_type,urban_rural,fatal_count,injury_count,person_count,total_units,sch_bus_ind,sch_zone_ind,latitude,longitude,arrival_tm,cons_zone_spd_lim,dispatch_tm,est_hrs_closed,lane_closed,ln_close_dir,ntfy_hiwy_maint,spec_juris_cd,tcd_func_cd,tfc_detour_ind,workers_pres,wz_close_detour,wz_flagger,wz_law_offcr_ind,wz_ln_closure,wz_moving,wz_other,wz_shlder_mdn,vehicle_count,automobile_count,motorcycle_count,bus_count,small_truck_count,heavy_truck_count,suv_count,van_count,bicycle_count,maj_inj_count,mod_inj_count,min_inj_count,tot_inj_count,unk_inj_deg_count,unk_inj_per_count,driver_count_16yr,driver_count_17yr,driver_count_18yr,driver_count_19yr,driver_count_20yr,driver_count_50_64yr,driver_count_65_74yr,driver_count_75plus,unbelted_occ_count,unb_death_count,unb_maj_inj_count,belted_death_count,belted_maj_inj_count,mcycle_death_count,mcycle_maj_inj_count,bicycle_death_count,bicycle_maj_inj_count,ped_count,ped_death_count,ped_maj_inj_count,max_severity_level,comm_veh_count,dec_lat,dec_long,rdwy_surf_type_cd,county_name
388,5070,2017043866,6,67,67301,2017,4,3,1645,16,1,1,0,4,1, , ,N,1,2,0,3,0,1,3,2,N,N,39 56:53.426,75 10:27.578,1755, ,1728, ,0, ,N, ,3, , , , , , , , , ,1,0,0,0,0,0,0,1,1,0,1,0,1,0,0,0,0,0,0,0,0,0,0,0,0,0,0,0,0,0,0,0,0,0,0,3,0,39.9482,-75.1743, ,Philadelphia
389,5086,2017052419,6,67,67301,2017,4,4,1250,12,1,1,0,4,1, , ,N,1,2,0,3,0,1,2,2,N, ,40 02:06.735,75 08:43.670,1250, ,1250, ,0, , , ,3, , , , , , , , , ,2,2,0,0,0,0,0,0,0,0,0,0,1,1,1,0,0,0,0,0,0,1,0,0,0,0,0,0,0,0,0,0,0,0,0,8,0,40.0352,-75.1455, ,Philadelphia
390,5103,2017033541,6,67,67301,2017,2,7,756,7,3,2,1,3,1, , ,N,1,2,0,3,0,0,2,2,N,N,39 58:13.623,75 09:03.509,758, ,756, ,0, ,N, ,2, , , , , , , , , ,2,1,0,0,0,0,1,0,0,0,0,0,0,0,0,0,0,0,0,0,0,0,0,0,0,0,0,0,0,0,0,0,0,0,0,0,0,39.9705,-75.151, ,Philadelphia
391,5158,2017039544,6,67,67301,2017,4,5,829,8,1,1,0,1,1, , ,N,0,0,0,3,0,1,5,4,N,N,39 57:26.287,75 09:29.719,904, ,835,2,1,3, , ,0,N, , , , , , , , ,4,1,0,0,1,1,1,0,0,0,1,0,1,0,0,0,0,0,0,0,1,0,0,0,0,0,0,0,0,0,0,0,0,0,0,3,1,39.9573,-75.1583, ,Philadelphia
392,5168,2017028903,6,67,67301,2017,2,1,1638,16,1,1,0,8,1, , ,N,0,0,0,3,0,1,2,2,N, ,40 00:06.220,75 10:14.566,1651, ,1640, ,0, , , ,0, , , , , , , , , ,1,1,0,0,0,0,0,0,0,0,0,1,1,0,0,0,0,0,0,0,0,0,0,0,0,0,0,0,0,0,0,0,1,0,0,4,0,40.0017,-75.1707, ,Philadelphia
393,5169,2017021569,6,67,67301,2017,2,4,1243,12,1,1,0,4,1, , ,N,1,2,0,3,0,1,3,2,N,N,40 02:28.801,75 06:24.126,1307, ,1255,2,2,2,N, ,3,Y, , , , , , , , ,2,1,0,0,0,0,1,0,0,0,1,0,1,0,1,0,0,0,0,0,0,0,0,0,0,0,0,0,0,0,0,0,0,0,0,3,0,40.0413,-75.1067, ,Philadelphia
394,5203,2017028592,6,67,67301,2017,3,1,1906,19,3,1,0,1,1, , ,N,0,0,0,3,0,0,4,2,N,N,40 00:06.355,75 11:41.830,1910, ,1906, ,0, , , ,0, , , , , , , , , ,2,2,0,0,0,0,0,0,0,0,0,0,0,0,0,0,0,0,0,0,0,0,0,0,0,0,0,0,0,0,0,0,0,0,0,0,0,40.0018,-75.195, ,Philadelphia
395,5205,2017038893,6,67,67301,2017,4,6,855,8,1,1,0,5,1, , ,N,0,0,0,3,2,1,3,2,N,N,40 01:35.573,75 06:54.475,915, ,857,3,2,1,N,0,0,N, , , , , , , , ,2,0,0,0,0,1,1,0,0,1,0,0,1,0,0,0,0,0,0,0,0,0,0,0,0,0,0,0,0,0,0,0,0,0,0,1,1,40.0265,-75.1151,2,Philadelphia
396,5226,2017052283,6,67,67301,2017,4,6,2229,22,3,2,1,4,1, , ,N,1,2,0,3,0,1,2,2,N, ,40 02:28.908,75 01:41.719,2243, ,2237, ,0, , , ,3, , , , , , , , , ,1,0,0,0,0,0,1,0,1,0,0,1,1,0,0,0,0,0,0,0,0,0,0,0,0,0,0,0,0,0,0,0,0,0,0,4,0,40.0414,-75.0283, ,Philadelphia
397,5728,2017023535,6,67,67301,2017,2,7,2325,23,3,1,0,6,1, , ,N,0,0,0,3,0,1,2,2,N,N,40 06:00.666,75 00:27.822,2330, ,2325,9,1,1,Y, ,0,N, , , , , , , , ,2,1,0,0,0,1,0,0,0,0,0,1,1,0,0,0,0,0,0,0,1,0,0,0,0,0,0,0,0,0,0,0,0,0,0,4,1,40.1002,-75.0077, ,Philadelphia
398,5756,2017041316,6,67,67301,2017,4,4,730,7,1,1,0,4,1, , ,N,2,2,0,3,0,1,2,2,N,N,39 59:58.649,75 11:26.101,9999, ,9999, ,0, , , ,3, , , , , , , , , ,2,1,0,0,0,0,0,0,0,0,1,0,1,0,1,0,0,0,0,0,0,0,0,0,0,0,0,0,0,0,0,0,0,0,0,3,0,39.9996,-75.1905, ,Philadelphia
399,5786,2017021522,6,67,67301,2017,2,3,1045,10,1,2,1,6,1, , ,N,0,0,0,3,0,3,3,2,N, ,40 03:30.571,75 11:59.657,1640, ,1640, ,0, , , ,0, , , , , , , , , ,2,2,0,0,0,0,0,0,0,0,0,2,3,1,0,0,0,0,0,0,0,0,0,0,0,0,0,0,0,0,0,0,0,0,0,4,0,40.0585,-75.1999, ,Philadelphia
400,5799,2017058242,6,67,67301,2017,5,5,9999,99,1,1,0,4,1, , ,N,0,0,7,3,0,2,4,3,N, ,39 57:57.055,75 14:47.220,818, ,813,1,2,6, , ,0,N, , , , , , , , ,3,2,0,0,0,0,1,0,0,0,0,0,2,2,0,0,0,0,0,0,0,0,0,2,0,0,0,0,0,0,0,0,0,0,0,8,0,39.9658,-75.2465, ,Philadelphia
401,5800,2017060478,6,67,67301,2017,5,6,1510,15,1,1,0,5,6, , ,N,0,0,0,3,0,0,1,2,N,N,40 00:33.149,75 08:59.751,1525, ,1519, ,0, ,N, ,0, , , , , , , , , ,2,1,1,0,0,0,0,0,0,0,0,0,0,0,0,0,0,0,0,0,0,0,0,0,0,0,0,0,0,0,0,0,0,0,0,0,0,40.0092,-75.1499, ,Philadelphia
402,5804,2017058325,6,67,67301,2017,5,2,1700,17,1,1,0,7,4, , ,N,0,0,0,3,0,1,2,1,N,N,39 55:20.271,75 11:14.893,1706, ,1705, ,0, ,N, ,0, , , , , , , , , ,1,0,0,0,0,0,1,0,0,0,0,0,1,1,0,0,0,0,1,0,0,0,0,0,0,0,0,0,0,0,0,0,0,0,0,8,0,39.9223,-75.1876, ,Philadelphia
403,5810,2017072038,6,67,67301,2017,3,3,735,7,1,2,1,1,1, , ,N,1,2,0,3,0,1,2,2,N,N,40 07:53.956,75 00:43.926,0, ,0, ,0, ,N, ,3, , , , , , , , , ,2,2,0,0,0,0,0,0,0,0,0,0,1,1,0,0,0,0,0,0,1,0,0,0,0,0,0,0,0,0,0,0,0,0,0,8,0,40.1317,-75.0122, ,Philadelphia
404,5811,2017067843,6,67,67301,2017,5,2,2310,23,3,1,0,1,1, , ,N,5,2,0,3,0,2,2,2,N, ,40 01:47.773,75 09:11.764,2320, ,2317,9,2,7, , ,2,Y, , , , , , , , ,2,1,0,0,0,0,1,0,0,0,0,0,2,2,0,0,0,0,0,0,1,0,0,0,0,0,0,0,0,0,0,0,0,0,0,8,0,40.0299,-75.1533, ,Philadelphia
405,5814,2017019010,6,67,67301,2017,1,5,2019,20,3,1,0,4,1, , ,N,1,2,0,3,0,0,2,2,N,N,40 03:11.181,75 08:59.701,2040, ,2040, ,0, ,N, ,3, , , , , , , , , ,2,1,0,0,0,0,1,0,0,0,0,0,0,0,0,0,0,0,0,0,0,1,0,0,0,0,0,0,0,0,0,0,0,0,0,0,0,40.0531,-75.1499, ,Philadelphia
406,5821,2017014086,6,67,67301,2017,1,3,1845,18,4,1,0,8,1, , ,N,1,2,0,3,0,1,2,2,N,N,40 00:43.542,75 06:43.855,9999, ,9999, ,0, ,N, ,3, , , , , , , , , ,1,1,0,0,0,0,0,0,0,0,0,1,1,0,0,0,0,0,0,0,0,0,0,0,0,0,0,0,0,0,0,0,1,0,0,4,0,40.0121,-75.1122, ,Philadelphia
407,5840,2017037402,6,67,67301,2017,3,5,1750,17,1,1,0,4,1, , ,N,1,3,0,3,0,2,2,3,N,N,40 00:47.721,75 06:31.269,1800, ,1757, ,0, ,N, ,3, , , , , , , , , ,3,2,0,0,0,0,0,1,0,0,0,2,2,0,0,0,0,0,0,0,1,1,0,0,0,0,0,0,0,0,0,0,0,0,0,4,0,40.0133,-75.1087, ,Philadelphia
408,5856,2017058283,6,67,67301,2017,5,3,1825,18,1,1,0,8,1, , ,N,1,3,0,3,0,1,2,2,N, ,39 55:35.137,75 10:32.938,1830, ,1825, ,0, , , ,3, , , , , , , , , ,1,1,0,0,0,0,0,0,0,0,0,0,1,1,0,0,0,0,0,0,0,0,0,0,0,0,0,0,0,0,0,0,1,0,0,8,0,39.9264,-75.1758, ,Philadelphia
409,5858,2017055667,6,67,67301,2017,5,3,930,9,1,1,0,4,1, , ,N,1,3,0,3,0,3,3,2,N, ,40 02:52.901,75 05:34.215,943, ,930, ,0, , , ,3, , , , , , , , , ,2,1,0,0,0,0,0,1,0,0,0,0,3,3,0,0,0,0,0,0,0,0,0,0,0,0,0,0,0,0,0,0,0,0,0,8,0,40.048,-75.0928, ,Philadelphia
410,5869,2017010575,6,67,67301,2017,1,3,1705,17,3,2,1,8,1, , ,N,1,2,0,3,0,1,2,2,N,N,39 57:22.420,75 09:45.641,1722, ,1715, ,0, ,N, ,3, , , , , , , , , ,1,1,0,0,0,0,0,0,0,0,0,1,1,0,0,0,0,0,0,0,1,0,0,1,0,0,0,0,0,0,0,0,1,0,0,4,0,39.9562,-75.1627, ,Philadelphia
411,5884,2017033028,6,67,67301,2017,3,4,9999,99,1,1,1,8,1, , ,N,0,0,0,3,0,1,2,2,N, ,39 58:33.758,75 14:18.870,1535, ,1532, ,0, , , ,0, , , , , , , , , ,1,0,0,0,0,0,1,0,0,0,0,1,1,0,0,0,0,0,0,0,0,0,0,1,0,0,0,0,0,0,0,0,1,0,0,4,0,39.976,-75.2386, ,Philadelphia
412,5891,2017041397,6,67,67301,2017,4,7,1308,13,1,1,0,4,1, , ,N,1,2,0,3,0,2,3,2,N, ,39 56:02.162,75 08:53.318,1313, ,1311,1,1,6, , ,3,Y, , , , , , , , ,2,2,0,0,0,0,0,0,0,0,0,1,2,1,1,0,0,0,0,0,0,0,0,0,0,0,0,0,0,0,0,0,0,0,0,4,0,39.9339,-75.1481, ,Philadelphia
413,5897,2017052231,6,67,67301,2017,4,1,114,1,3,1,0,4,1, , ,N,1,2,0,3,0,1,2,2,N,N,39 57:45.291,75 12:46.949,134, ,134, ,0, ,N, ,3, , , , , , , , , ,2,1,0,0,0,0,1,0,0,0,0,1,1,0,0,0,0,0,0,0,0,1,0,0,0,0,0,0,0,0,0,0,0,0,0,4,0,39.9626,-75.2127, ,Philadelphia
414,5909,2017012376,6,67,67301,2017,1,7,1121,11,1,4,3,5,1, , ,N,0,0,0,3,0,1,2,2,N,N,39 53:34.193,75 13:37.132,1135, ,1121,2,2,1, , ,0,N, , , , , , , , ,2,0,0,0,0,1,0,1,0,0,0,0,1,1,0,0,0,0,0,0,1,0,0,0,0,0,0,0,0,0,0,0,0,0,0,8,1,39.8928,-75.227, ,Philadelphia
415,5317,2017033060,6,67,67301,2017,2,3,755,7,1,1,0,8,1, , ,N,1,2,0,3,0,1,2,2,N, ,40 00:29.434,75 08:33.954,805, ,800, ,0, , , ,3, , , , , , , , , ,1,0,0,0,0,0,1,0,0,0,0,1,1,0,0,0,0,0,0,0,0,0,0,1,0,0,0,0,0,0,0,0,1,0,0,4,0,40.0082,-75.1427, ,Philadelphia
416,5320,2017026317,6,67,67301,2017,3,4,1600,16,1,1,0,1,1, , ,N,0,0,0,3,0,1,3,3,N,N,39 58:47.761,75 06:23.029,1644, ,1612, ,0, , , ,0, , , , , , , , , ,3,1,0,0,0,0,2,0,0,0,1,0,1,0,0,0,0,0,0,0,2,0,0,0,0,0,0,0,0,0,0,0,0,0,0,3,0,39.9799,-75.1064, ,Philadelphia
417,5322,2017021601,6,67,67301,2017,2,4,1825,18,3,1,0,1,6, , ,N,0,0,0,3,0,0,1,5,N, ,39 58:56.445,75 10:25.795,1839, ,1833, ,0, , , ,0, , , , , , , , , ,5,3,0,0,1,0,1,0,0,0,0,0,0,0,0,0,0,0,0,0,1,0,0,0,0,0,0,0,0,0,0,0,0,0,0,0,0,39.9823,-75.1738, ,Philadelphia
418,5324,2017019055,6,67,67301,2017,2,6,1620,16,1,1,0,4,1, , ,N,1,2,0,3,0,1,2,2,N, ,40 00:20.425,75 06:03.822,1637, ,1636, ,0, , , ,3, , , , , , , , , ,2,1,0,0,0,0,0,1,0,0,0,1,1,0,0,0,0,0,0,1,0,0,0,0,0,0,0,0,0,0,0,0,0,0,0,4,0,40.0057,-75.1011, ,Philadelphia
419,5349,2017035663,6,67,67301,2017,3,3,1241,12,1,3,4,7,1, , ,N,0,0,0,3,0,0,3,2,N,N,40 02:52.652,75 03:03.531,1252, ,1244, ,0, ,N, ,0, , , , , , , , , ,2,1,0,0,1,0,0,0,0,0,0,0,0,0,0,0,0,0,0,0,0,0,0,0,0,0,0,0,0,0,0,0,0,0,0,0,0,40.048,-75.051, ,Philadelphia
420,5366,2017052193,6,67,67301,2017,4,4,1530,15,1,1,0,8,1, , ,N,0,0,0,3,0,1,2,2,N, ,39 55:06.391,75 13:49.616,9999, ,1537, ,0, , , ,0, , , , , , , , , ,1,1,0,0,0,0,0,0,0,0,1,0,1,0,0,0,0,0,0,0,0,0,0,1,0,0,0,0,0,0,0,0,1,0,0,3,0,39.9184,-75.2304, ,Philadelphia
421,5371,2017055690,6,67,67301,2017,5,3,840,8,1,1,0,8,1, , ,N,1,3,0,3,0,1,2,2,N,N,39 59:38.007,75 06:52.898,843, ,842, ,0, ,N, ,3, , , , , , , , , ,1,0,0,0,0,0,0,1,0,0,0,1,1,0,0,0,0,0,0,0,0,0,0,1,0,0,0,0,0,0,0,0,1,0,0,4,0,39.9939,-75.1147, ,Philadelphia
422,5398,2017037503,6,67,67301,2017,3,3,1500,15,1,1,0,4,1, , ,N,1,2,0,3,0,0,2,2,N, ,40 00:59.817,75 08:49.848,1520, ,1515, ,0, , , ,3, , , , , , , , , ,2,2,0,0,0,0,0,0,0,0,0,0,0,0,0,0,0,0,0,0,0,0,0,2,0,0,0,0,0,0,0,0,0,0,0,0,0,40.0166,-75.1472, ,Philadelphia
423,5417,2017060586,6,67,67301,2017,5,5,2313,23,3,1,0,7,4, , ,N,0,0,0,3,0,2,2,2,N,N,40 00:16.380,75 11:26.504,2344, ,2314, ,0, ,N, ,0, , , , , , , , , ,2,0,2,0,0,0,0,0,0,0,1,0,2,1,0,0,0,0,0,0,0,0,0,0,0,0,0,0,0,0,0,0,0,0,0,3,0,40.0046,-75.1907, ,Philadelphia
424,5424,2017060466,6,67,67301,2017,5,1,1600,16,1,9,0,8,1, , ,N,0,0,0,3,0,1,2,2,N,N,39 58:28.792,75 13:35.218,1720, ,1710, ,0, ,N, ,0, , , , , , , , , ,1,1,0,0,0,0,0,0,0,0,0,1,1,0,0,0,0,0,0,0,0,0,0,0,0,0,0,0,0,0,0,0,1,0,0,4,0,39.9747,-75.2264, ,Philadelphia
425,5432,2017010663,6,67,67301,2017,1,6,615,6,1,4,3,1,1, , ,N,2,0,0,3,0,0,2,2,N,N,39 58:24.844,75 11:13.170,9999, ,615, ,0, ,N, ,0, , , , , , , , , ,2,2,0,0,0,0,0,0,0,0,0,0,0,0,0,0,0,0,0,0,0,0,0,0,0,0,0,0,0,0,0,0,0,0,0,0,0,39.9736,-75.187, ,Philadelphia
426,5447,2017037483,6,67,67301,2017,3,2,910,9,1,1,0,4,1, , ,N,1,2,0,3,0,3,3,2,N, ,40 01:40.752,75 03:26.701,920, ,914, ,0, , , ,3, , , , , , , , , ,2,1,0,0,0,0,0,1,0,0,0,1,3,2,0,0,0,0,0,0,0,0,0,0,0,0,0,0,0,0,0,0,0,0,0,4,0,40.028,-75.0574, ,Philadelphia
427,5468,2017058357,6,67,67301,2017,5,4,1958,19,4,1,0,5,6, , ,N,0,0,0,3,0,0,1,2,N,N,39 55:04.987,75 14:18.317,2013, ,2010,1,2,5,N, ,0,Y, , , , , , , , ,2,2,0,0,0,0,0,0,0,0,0,0,0,0,0,0,0,0,0,0,0,0,0,1,0,0,0,0,0,0,0,0,0,0,0,0,0,39.9181,-75.2384, ,Philadelphia
428,5473,2017070442,6,67,67301,2017,6,7,1932,19,1,1,0,7,4, , ,N,0,0,0,3,0,0,1,1,N,N,40 05:52.040,74 57:52.660,1940, ,1934, ,0, ,N, ,0, , , , , , , , , ,1,1,0,0,0,0,0,0,0,0,0,0,0,0,0,0,0,0,0,0,0,0,0,0,0,0,0,0,0,0,0,0,0,0,0,0,0,40.0978,-74.9646, ,Philadelphia
429,5488,2017041266,6,67,67301,2017,4,3,924,9,1,1,0,1,1, , ,N,1,2,0,3,0,1,2,2,N, ,39 58:18.772,75 09:45.771,927, ,924, ,0, , , ,3, , , , , , , , , ,2,1,0,1,0,0,0,0,0,0,0,1,1,0,0,0,0,0,0,0,1,0,0,0,0,0,0,0,0,0,0,0,0,0,0,4,1,39.9719,-75.1627, ,Philadelphia
430,5492,2017019038,6,67,67301,2017,1,1,1151,11,1,1,0,7,4, , ,N,0,0,2,3,0,0,1,1,N, ,39 57:25.398,75 09:02.713,1154, ,1152, ,0, , , ,0, , , , , , , , , ,1,0,0,0,0,0,1,0,0,0,0,0,0,0,0,0,0,0,0,0,0,1,0,0,0,0,0,0,0,0,0,0,0,0,0,0,0,39.9571,-75.1508, ,Philadelphia
431,5496,2017028879,6,67,67301,2017,2,4,826,8,1,1,0,7,4, , ,N,0,0,0,3,0,1,1,1,N,N,39 56:56.307,75 11:57.602,834, ,831,3,2,5,N, ,0,Y, , , , , , , , ,1,1,0,0,0,0,0,0,0,0,0,0,1,1,0,0,0,0,0,0,0,1,0,0,0,0,0,0,0,0,0,0,0,0,0,8,0,39.949,-75.1993, ,Philadelphia
432,5511,2017058301,6,67,67301,2017,5,7,35,0,3,1,0,8,1, , ,N,1,3,0,3,0,1,2,3,N, ,39 56:37.895,75 10:01.861,50, ,45, ,0, , , ,3, , , , , , , , , ,2,1,0,0,0,0,1,0,0,0,0,0,1,1,1,0,0,0,0,0,0,0,0,0,0,0,0,0,0,0,0,0,1,0,0,8,0,39.9439,-75.1672, ,Philadelphia
433,5515,2017059414,6,67,67301,2017,6,7,1519,15,1,1,0,4,1, , ,N,1,2,0,3,0,1,3,2,N,N,39 58:42.010,75 09:20.607,1519, ,1519,2,1,4,N, ,3,N, , , , , , , , ,2,1,0,0,0,0,1,0,0,0,0,0,1,1,0,0,0,0,0,0,0,0,0,0,0,0,0,0,0,0,0,0,0,0,0,8,0,39.9784,-75.1557, ,Philadelphia
434,5550,2017041253,6,67,67301,2017,4,6,1411,14,1,1,0,4,1, , ,N,1,3,0,3,0,2,3,2,N, ,39 58:59.458,75 08:41.805,1530, ,1527,1,2,3, , ,3,Y, , , , , , , , ,2,1,0,0,0,0,1,0,0,0,0,2,2,0,0,0,0,0,0,0,0,1,0,2,0,0,0,0,0,0,0,0,0,0,0,4,0,39.9832,-75.1449, ,Philadelphia
435,5553,2017021518,6,67,67301,2017,2,7,1916,19,3,1,0,6,1, , ,N,0,0,0,3,0,0,2,2,N,N,39 57:21.840,75 14:16.016,1925, ,1925, ,0, ,N, ,0, , , , , , , , , ,2,0,0,0,0,0,1,1,0,0,0,0,0,0,0,0,0,0,0,0,1,0,0,0,0,0,0,0,0,0,0,0,0,0,0,0,0,39.9561,-75.2378, ,Philadelphia
436,5559,2017048655,6,67,67301,2017,5,6,1143,11,1,2,1,4,1, , ,N,0,0,0,3,0,0,1,2,N,N,39 53:14.302,75 12:57.488,1209, ,1150, ,0, , , ,0, , , , , , , , , ,2,1,0,0,0,0,1,0,0,0,0,0,0,0,0,0,0,0,0,0,1,0,0,0,0,0,0,0,0,0,0,0,0,0,0,0,0,39.8873,-75.216, ,Philadelphia
437,5577,2017007832,6,67,67301,2017,1,1,1900,19,3,1,0,8,1, , ,N,0,0,0,3,0,1,2,2,N,N,40 07:53.892,75 00:41.222,1900, ,1900, ,0, ,N, ,0, , , , , , , , , ,1,0,0,0,0,0,1,0,0,0,0,0,1,1,0,0,0,0,0,0,1,0,0,1,0,0,0,0,0,0,0,0,1,0,0,8,0,40.1316,-75.0115, ,Philadelphia
438,5585,2017019111,6,67,67301,2017,1,7,2250,22,3,1,0,8,4, , ,N,0,0,0,3,0,1,2,2,N, ,39 59:52.749,75 07:31.162,2301, ,2300, ,0, , , ,0, , , , , , , , , ,1,1,0,0,0,0,0,0,0,0,1,0,1,0,0,0,0,0,0,0,0,0,0,1,0,0,0,0,0,0,0,0,1,0,0,3,0,39.998,-75.1253, ,Philadelphia
439,5599,2017043564,6,67,67301,2017,4,7,1609,16,1,2,1,7,2, , ,N,0,0,0,3,0,0,4,1,N,N,40 02:32.604,75 00:13.704,1646, ,1610, ,0, , , ,0, , , , , , , , , ,1,0,0,0,0,0,1,0,0,0,0,0,0,0,0,0,0,0,0,0,0,0,0,0,0,0,0,0,0,0,0,0,0,0,0,0,0,40.0424,-75.0038, ,Philadelphia
440,5610,2017052273,6,67,67301,2017,4,1,9999,99,1,1,0,4,1, , ,N,2,3,0,3,0,1,3,2,N, ,39 56:04.239,75 10:13.227,1735, ,1730, ,0, , , ,3, , , , , , , , , ,2,1,0,0,0,1,0,0,0,0,0,0,1,1,0,0,0,0,0,0,0,0,0,2,0,0,0,0,0,0,0,0,0,0,0,8,1,39.9345,-75.1703, ,Philadelphia
441,5616,2017052314,6,67,67301,2017,4,3,2303,23,3,1,0,4,1, , ,N,1,2,0,3,0,3,5,3,N, ,39 59:38.209,75 09:16.513,30, ,22, ,0, , , ,3, , , , , , , , , ,3,3,0,0,0,0,0,0,0,0,0,2,3,1,2,0,0,0,0,0,0,0,0,0,0,0,0,0,0,0,0,0,0,0,0,4,0,39.9939,-75.1545, ,Philadelphia
442,5646,2017034048,6,67,67301,2017,3,3,2042,20,3,1,0,4,1, , ,N,1,2,0,3,0,0,2,2,N,N,40 03:07.636,75 07:13.327,2042, ,2042,2,1,4,N, ,3,N, , , , , , , , ,2,2,0,0,0,0,0,0,0,0,0,0,0,0,0,0,0,0,0,2,0,0,0,0,0,0,0,0,0,0,0,0,0,0,0,0,0,40.0521,-75.1204, ,Philadelphia
443,5654,2017028937,6,67,67301,2017,2,4,755,7,1,1,0,4,1, , ,N,1,2,0,3,0,1,2,2,N,N,40 01:50.743,75 05:35.516,812, ,805,9,1,3, , ,3,N, , , , , , , , ,2,1,0,0,0,0,1,0,0,0,0,1,1,0,0,0,0,0,0,0,0,0,0,1,0,0,0,0,0,0,0,0,0,0,0,4,0,40.0308,-75.0932, ,Philadelphia
444,5662,2017044247,6,67,67301,2017,4,7,356,3,3,1,0,7,7, , ,N,0,0,0,3,0,0,1,1,N,N,40 00:11.127,75 11:40.093,401, ,400, ,0, , , ,0, , , , , , , , , ,1,1,0,0,0,0,0,0,0,0,0,0,0,0,0,0,0,0,0,0,0,0,0,0,0,0,0,0,0,0,0,0,0,0,0,0,0,40.0031,-75.1945, ,Philadelphia
445,5673,2017010590,6,67,67301,2017,1,3,1140,11,1,1,0,7,4, , ,N,1,2,1,3,0,1,4,1,N,N,40 00:53.164,75 05:07.676,1146, ,1145, ,0, , , ,3, , , , , , , , , ,1,0,0,0,0,0,0,1,0,0,0,0,1,1,3,0,0,0,0,0,0,0,0,0,0,0,0,0,0,0,0,0,0,0,0,8,0,40.0148,-75.0855, ,Philadelphia
446,5675,2017011391,6,67,67301,2017,1,6,1345,13,1,1,0,4,1, , ,N,1,2,0,3,0,1,2,2,N,N,39 57:35.596,75 11:37.672,1408, ,1402, ,0, ,N, ,3, , , , , , , , , ,2,0,0,0,0,0,1,1,0,0,1,0,1,0,0,0,0,1,0,0,1,0,0,2,0,0,0,0,0,0,0,0,0,0,0,3,0,39.9599,-75.1938, ,Philadelphia
447,5677,2017033067,6,67,67301,2017,3,6,1632,16,1,1,0,8,1, , ,N,1,3,0,3,0,1,2,2,N,N,39 57:55.638,75 12:00.277,1639, ,1637, ,0, , , ,3, , , , , , , , , ,1,1,0,0,0,0,0,0,0,1,0,0,1,0,0,0,0,0,0,0,0,0,0,0,0,0,0,0,0,0,0,0,1,0,1,2,0,39.9655,-75.2001, ,Philadelphia
448,5678,2017035585,6,67,67301,2017,3,6,915,9,1,4,1,6,1, , ,N,0,0,0,3,0,1,3,3,N,N,39 58:05.923,75 15:43.477,936, ,932, ,0, ,N, ,0, , , , , , , , , ,3,3,0,0,0,0,0,0,0,0,0,1,1,0,0,0,0,0,0,0,0,0,0,0,0,0,0,0,0,0,0,0,0,0,0,4,0,39.9683,-75.2621, ,Philadelphia
449,5697,2017052276,6,67,67301,2017,4,6,1500,15,1,1,0,8,1, , ,N,1,0,0,3,0,1,2,2,N,N,39 56:28.410,75 10:21.320,1537, ,1529, ,0, , , ,0, , , , , , , , , ,1,1,0,0,0,0,0,0,0,0,0,0,1,1,0,0,0,0,0,0,0,0,0,0,0,0,0,0,0,0,0,0,1,0,0,8,0,39.9412,-75.1726, ,Philadelphia
450,5725,2017023190,6,67,67301,2017,2,6,1914,19,3,1,0,7,3, , ,N,0,0,0,3,0,0,1,1,N,N,40 01:33.754,75 01:38.076,1924, ,1914,2,2,1, , ,0,N, , , , , , , , ,1,0,0,0,0,0,0,1,0,0,0,0,0,0,0,0,0,0,0,0,1,0,0,1,0,0,0,0,0,0,0,0,0,0,0,0,0,40.026,-75.0272, ,Philadelphia
451,4203,2017045753,6,67,67301,2017,4,5,1030,10,1,1,0,4,1, , ,N,1,3,0,3,0,0,2,2,N, ,39 55:48.669,75 09:35.222,1036, ,1036,1,2,1, , ,3,N, , , , , , , , ,2,1,0,0,0,0,1,0,0,0,0,0,0,0,0,0,0,0,0,0,1,0,0,0,0,0,0,0,0,0,0,0,0,0,0,0,0,39.9302,-75.1598, ,Philadelphia
452,4209,2017021597,6,67,67301,2017,2,7,1420,14,1,1,0,4,1, , ,N,0,0,7,3,0,1,2,2,N,N,40 00:25.065,75 11:19.926,1427, ,1424, ,0, ,N, ,0, , , , , , , , , ,1,1,0,0,0,0,0,0,1,0,0,0,1,1,0,0,0,0,0,0,0,0,0,1,0,0,0,0,0,0,0,0,0,0,0,8,0,40.007,-75.1889, ,Philadelphia
453,4215,2017053346,6,67,67301,2017,5,6,1331,13,1,1,1,1,1, , ,N,0,0,0,3,0,0,4,4,N,N,40 00:33.033,75 04:00.784,1339, ,1331, ,0, , , ,0, , , , , , , , , ,4,2,0,0,1,0,1,0,0,0,0,0,0,0,0,0,0,0,0,0,0,1,0,0,0,0,0,0,0,0,0,0,0,0,0,0,0,40.0092,-75.0669, ,Philadelphia