objectid_1,objectid,crn,district,county,municipality,crash_year,crash_month,day_of_week,time_of_day,hour_of_day,illumination,weather,road_condition,collision_type,relation_to_road,work_zone_type,work_zone_loc,work_zone_ind,intersect_type,tcd_type,location_type,urban_rural,fatal_count,injury_count,person_count,total_units,sch_bus_ind,sch_zone_ind,latitude,longitude,arrival_tm,cons_zone_spd_lim,dispatch_tm,est_hrs_closed,lane_closed,ln_close_dir,ntfy_hiwy_maint,spec_juris_cd,tcd_func_cd,tfc_detour_ind,workers_pres,wz_close_detour,wz_flagger,wz_law_offcr_ind,wz_ln_closure,wz_moving,wz_other,wz_shlder_mdn,vehicle_count,automobile_count,motorcycle_count,bus_count,small_truck_count,heavy_truck_count,suv_count,van_count,bicycle_count,maj_inj_count,mod_inj_count,min_inj_count,tot_inj_count,unk_inj_deg_count,unk_inj_per_count,driver_count_16yr,driver_count_17yr,driver_count_18yr,driver_count_19yr,driver_count_20yr,driver_count_50_64yr,driver_count_65_74yr,driver_count_75plus,unbelted_occ_count,unb_death_count,unb_maj_inj_count,belted_death_count,belted_maj_inj_count,mcycle_death_count,mcycle_maj_inj_count,bicycle_death_count,bicycle_maj_inj_count,ped_count,ped_death_count,ped_maj_inj_count,max_severity_level,comm_veh_count,dec_lat,dec_long,rdwy_surf_type_cd,county_name
519,6555,2017035707,6,67,67301,2017,3,6,2140,21,3,1,0,7,4, , ,N,0,0,0,3,0,0,1,1,N, ,40 01:45.229,75 12:15.116,2154, ,2142,3,2,6, , ,0,Y, , , , , , , , ,1,1,0,0,0,0,0,0,0,0,0,0,0,0,0,0,0,0,0,0,0,0,0,0,0,0,0,0,0,0,0,0,0,0,0,0,0,40.0292,-75.2042, ,Philadelphia
520,6566,2017043786,6,67,67301,2017,4,3,1630,16,1,1,0,1,1, , ,N,0,0,0,3,0,1,2,2,N,N,39 57:45.547,75 11:00.368,1705, ,9999, ,0, ,N, ,0, , , , , , , , , ,2,1,0,0,0,0,1,0,0,0,0,1,1,0,0,0,0,0,0,0,0,0,0,1,0,0,0,0,0,0,0,0,0,0,0,4,0,39.9627,-75.1834, ,Philadelphia
521,6574,2017052003,6,46,46104,2017,5,6,2009,20,3,1,0,4,1, , ,N,0,2,0,3,0,1,2,2,N,N,39 59:32.046,75 14:44.336,2015, ,2009, ,0, , , ,3, , , , , , , , , ,2,2,0,0,0,0,0,0,0,0,0,1,1,0,1,0,0,0,0,0,1,0,0,0,0,0,0,0,0,0,0,0,0,0,0,4,0,39.9922,-75.2456, ,Montgomery
522,6580,2017052367,6,67,67301,2017,5,3,1051,10,1,1,0,1,1, , ,N,0,2,7,3,0,2,2,2,N,N,40 05:00.056,75 01:34.975,1100, ,1052,1,1,2,N, ,3,N, , , , , , , , ,2,2,0,0,0,0,0,0,0,0,0,0,2,2,0,0,0,0,0,0,1,0,0,0,0,0,0,0,0,0,0,0,0,0,0,8,0,40.0834,-75.0263, ,Philadelphia
523,7309,2017051154,6,46,46102,2017,5,6,1308,13,1,1,0,4,1, , ,N,5,2,0,3,0,0,2,2,N,N,40 04:26.918,75 09:30.203,1313, ,1310, ,0, ,N, ,3, , , , , , , , , ,2,1,0,0,0,0,1,0,0,0,0,0,0,0,0,0,0,0,0,0,0,1,0,0,0,0,0,0,0,0,0,0,0,0,0,0,0,40.0741,-75.1584, ,Montgomery
524,7312,2017060559,6,67,67301,2017,5,2,1600,16,1,1,0,4,1, , ,N,1,2,0,3,0,0,3,2,N,N,40 06:34.747,74 59:12.411,1610, ,1601,2,2,3, , ,3,Y, , , , , , , , ,2,0,0,0,1,0,1,0,0,0,0,0,0,0,0,0,0,0,0,0,0,0,0,0,0,0,0,0,0,0,0,0,0,0,0,0,0,40.1097,-74.9868, ,Philadelphia
525,7324,2017019617,6,67,67301,2017,1,1,2030,20,3,2,1,6,6, , ,N,0,0,0,3,0,0,1,3,N, ,40 05:42.858,75 02:15.370,2039, ,2030, ,0, , , ,0, , , , , , , , , ,3,3,0,0,0,0,0,0,0,0,0,0,0,0,0,0,0,0,0,0,0,0,0,1,0,0,0,0,0,0,0,0,0,0,0,0,0,40.0952,-75.0376, ,Philadelphia
526,7345,2017035694,6,67,67301,2017,3,7,1814,18,1,4,1,6,6, , ,N,0,0,0,3,0,1,1,2,N,N,40 02:12.634,75 07:49.512,1818, ,1814,3,2,5,N, ,0,Y, , , , , , , , ,2,2,0,0,0,0,0,0,0,0,0,1,1,0,0,0,0,0,0,0,0,0,0,0,0,0,0,0,0,0,0,0,0,0,0,4,0,40.0368,-75.1304, ,Philadelphia
527,7359,2017058264,6,67,67301,2017,5,4,1714,17,1,1,0,4,1, , ,N,2,2,7,3,0,2,3,3,N,N,40 00:34.641,75 03:50.429,1820, ,1811, ,0, ,N, ,3, , , , , , , , , ,3,1,0,0,1,0,0,1,0,0,0,0,2,2,1,0,0,0,0,1,1,0,0,0,0,0,0,0,0,0,0,0,0,0,0,8,0,40.0096,-75.064, ,Philadelphia
528,7374,2017011423,6,67,67301,2017,1,5,2325,23,3,1,0,5,1, , ,N,0,0,0,3,0,0,2,2,N,N,39 55:59.768,75 12:00.010,2359, ,2348, ,0, , , ,0, , , , , , , , , ,2,0,0,0,0,0,1,0,0,0,0,0,0,0,1,0,0,0,0,0,1,0,0,0,0,0,0,0,0,0,0,0,0,0,0,9,0,39.9333,-75.2, ,Philadelphia
529,7386,2017035796,6,67,67301,2017,3,4,9999,99,1,1,0,4,1, , ,N,1,2,0,3,0,5,5,2,N,N,40 01:55.743,75 05:30.580,1316, ,1313,2,2,1, , ,3,Y, , , , , , , , ,2,2,0,0,0,0,0,0,0,0,4,1,5,0,0,0,0,0,0,0,0,0,0,0,0,0,0,0,0,0,0,0,0,0,0,3,0,40.0322,-75.0918, ,Philadelphia
530,7389,2017040545,6,67,67301,2017,4,3,1820,18,1,1,0,5,1, , ,N,0,0,0,3,0,1,5,2,N,N,39 52:41.405,75 15:02.185,1838, ,1825, ,0, , , ,0, , , , , , , , , ,2,2,0,0,0,0,0,0,0,0,0,0,1,1,0,0,0,0,0,0,1,0,0,0,0,0,0,0,0,0,0,0,0,0,0,8,0,39.8782,-75.2506, ,Philadelphia
531,7425,2017017701,6,67,67301,2017,2,1,1254,12,1,2,1,7,2, , ,N,0,0,0,3,0,0,1,1,N,N,39 56:51.183,75 11:15.904,1302, ,1254,1,2,3, , ,0,N, , , , , , , , ,1,1,0,0,0,0,0,0,0,0,0,0,0,0,0,0,0,0,0,0,0,0,0,0,0,0,0,0,0,0,0,0,0,0,0,0,0,39.9476,-75.1878, ,Philadelphia
532,7426,2017010608,6,67,67301,2017,1,5,111,1,3,1,0,6,1, , ,N,1,2,0,3,0,1,3,3,N,N,39 57:53.251,75 12:26.287,146, ,141, ,0, ,N, ,3, , , , , , , , , ,3,0,0,0,0,0,3,0,0,0,0,0,1,1,0,0,0,0,0,0,0,0,0,0,0,0,0,0,0,0,0,0,0,0,0,8,0,39.9648,-75.2073, ,Philadelphia
533,7432,2017033074,6,67,67301,2017,2,3,901,9,1,1,0,4,1, , ,N,1,3,0,3,0,3,3,2,N,N,40 04:43.561,75 10:35.983,916, ,915, ,0, , , ,3, , , , , , , , , ,2,1,0,0,0,0,1,0,0,0,0,3,3,0,0,0,0,0,0,0,1,0,0,3,0,0,0,0,0,0,0,0,0,0,0,4,0,40.0788,-75.1767, ,Philadelphia
534,7465,2017003984,6,67,67301,2017,1,1,929,9,1,1,4,5,1, , ,N,0,0,0,3,0,0,2,2,N,N,39 52:53.822,75 14:46.329,929, ,929,2,2,2, , ,0,N, , , , , , , , ,2,1,0,0,0,0,0,0,0,0,0,0,0,0,0,0,0,0,0,0,0,0,0,0,0,0,0,0,0,0,0,0,0,0,0,0,0,39.8816,-75.2462, ,Philadelphia
535,7482,2017035685,6,67,67301,2017,3,7,1215,12,1,8,1,4,1, , ,N,1,2,0,3,0,0,2,2,N,N,39 58:10.746,75 12:41.274,1320, ,1313, ,0, ,N, ,3, , , , , , , , , ,2,0,0,0,0,0,1,1,0,0,0,0,0,0,1,0,0,0,0,0,1,0,0,0,0,0,0,0,0,0,0,0,0,0,0,9,0,39.9697,-75.2115, ,Philadelphia
536,7486,2017041194,6,67,67301,2017,3,7,1105,11,1,1,0,4,1, , ,N,1,0,0,3,0,2,3,2,N,N,40 02:25.798,75 03:31.964,1114, ,1110, ,0, , , ,0, , , , , , , , , ,2,2,0,0,0,0,0,0,0,0,0,2,2,0,0,0,0,0,0,0,0,1,0,0,0,0,0,0,0,0,0,0,0,0,0,4,0,40.0405,-75.0589, ,Philadelphia
537,7493,2017021991,6,67,67301,2017,2,7,745,7,1,1,0,5,6, , ,N,0,0,0,3,0,0,1,2,N,N,39 58:26.778,75 13:40.310,745, ,745, ,0, ,N, ,0, , , , , , , , , ,2,1,0,0,0,0,1,0,0,0,0,0,0,0,0,0,0,0,0,0,0,0,0,0,0,0,0,0,0,0,0,0,0,0,0,0,0,39.9741,-75.2279, ,Philadelphia
538,7499,2017018552,6,67,67301,2017,2,1,1533,15,1,1,0,4,1, , ,N,1,3,0,3,0,2,3,3,N,N,40 03:31.504,75 03:02.099,1646, ,1643, ,0, , , ,3, , , , , , , , , ,3,3,0,0,0,0,0,0,0,0,2,0,2,0,0,0,1,0,0,0,0,0,0,0,0,0,0,0,0,0,0,0,0,0,0,3,0,40.0588,-75.0506, ,Philadelphia
539,7511,2017004028,6,67,67301,2017,1,6,1757,17,3,1,0,5,1, , ,N,0,8,0,3,0,2,4,3,N,N,39 57:48.455,75 11:02.830,1806, ,1758,2,2,3, , ,3,N, , , , , , , , ,3,3,0,0,0,0,0,0,0,0,0,2,2,0,1,0,0,0,0,0,0,0,0,0,0,0,0,0,0,0,0,0,0,0,0,4,0,39.9635,-75.1841, ,Philadelphia
540,7540,2017028784,6,67,67301,2017,2,5,1710,17,1,1,0,5,6, , ,N,0,0,0,3,0,1,2,5,N,N,39 58:03.558,75 10:47.441,1725, ,1715, ,0, ,N, ,0, , , , , , , , , ,5,2,1,0,0,0,1,1,0,0,0,1,1,0,0,0,0,0,0,0,0,0,0,0,0,0,0,0,0,0,0,0,0,0,0,4,0,39.9677,-75.1798, ,Philadelphia
541,6582,2017060477,6,67,67301,2017,5,3,1800,18,1,1,0,4,1, , ,N,1,3,0,3,0,0,3,3,N,N,40 03:08.166,75 09:05.905,1824, ,1819, ,0, ,N, ,3, , , , , , , , , ,3,1,0,0,0,0,2,0,0,0,0,0,0,0,0,0,0,0,0,0,1,0,0,0,0,0,0,0,0,0,0,0,0,0,0,0,0,40.0523,-75.1516, ,Philadelphia
542,6586,2017013299,6,67,67301,2017,1,1,5,0,3,1,0,7,3, , ,N,0,0,0,3,0,0,2,2,N,N,39 57:25.304,75 10:49.515,14, ,5, ,0, , , ,0, , , , , , , , , ,2,2,0,0,0,0,0,0,0,0,0,0,0,0,2,0,0,0,0,0,0,0,0,0,0,0,0,0,0,0,0,0,0,0,0,9,0,39.957,-75.1804, ,Philadelphia
543,6597,2017014094,6,67,67301,2017,1,4,2054,20,3,2,1,8,1, , ,N,1,2,0,3,0,1,3,2,N, ,40 00:00.034,75 09:11.773,2109, ,2107, ,0, , , ,3, , , , , , , , , ,1,1,0,0,0,0,0,0,0,0,0,1,1,0,0,0,0,0,0,0,0,0,0,1,0,0,0,0,0,0,0,0,1,0,0,4,0,40,-75.1531, ,Philadelphia
544,6609,2017035669,6,67,67301,2017,3,3,145,1,3,4,3,4,1, , ,N,0,0,7,3,0,0,2,2,N,N,40 01:51.836,75 07:27.681,220, ,210, ,0, , , ,0, , , , , , , , , ,2,2,0,0,0,0,0,0,0,0,0,0,0,0,0,0,0,0,0,0,0,0,0,0,0,0,0,0,0,0,0,0,0,0,0,0,0,40.0311,-75.1244, ,Philadelphia
545,6632,2017066332,6,67,67301,2017,5,5,620,6,1,2,1,7,4, , ,N,0,0,0,3,0,0,1,1,N,N,39 55:36.599,75 11:41.490,625, ,620,2,1,4, , ,0,N, , , , , , , , ,1,0,0,0,0,0,1,0,0,0,0,0,0,0,1,0,0,0,0,0,0,0,0,1,0,0,0,0,0,0,0,0,0,0,0,9,0,39.9268,-75.1948, ,Philadelphia
546,6650,2017026306,6,67,67301,2017,3,4,1755,17,3,1,0,1,1, , ,N,0,0,0,3,0,0,2,2,N,N,39 53:36.480,75 11:45.776,1800, ,1755,1,2,1, , ,0,N, , , , , , , , ,2,1,0,0,0,0,1,0,0,0,0,0,0,0,0,0,0,0,0,0,1,0,0,0,0,0,0,0,0,0,0,0,0,0,0,0,0,39.8935,-75.196, ,Philadelphia
547,6653,2017021554,6,67,67301,2017,1,7,1755,17,1,1,0,8,1, , ,N,1,2,0,3,0,1,2,2,N, ,39 58:57.093,75 09:05.770,1802, ,1757, ,0, , , ,3, , , , , , , , , ,1,1,0,0,0,0,0,0,0,1,0,0,1,0,0,0,0,0,0,0,0,0,0,1,0,0,0,0,0,0,0,0,1,0,1,2,0,39.9825,-75.1516, ,Philadelphia
548,6688,2017013193,6,67,67301,2017,1,6,1750,17,3,1,0,1,1, , ,N,1,2,0,3,0,1,2,2,N,N,40 03:24.439,75 03:39.177,1754, ,1750, ,0, , , ,3, , , , , , , , , ,2,1,0,0,0,0,1,0,0,0,0,1,1,0,0,0,0,0,0,0,0,1,0,2,0,0,0,0,0,0,0,0,0,0,0,4,0,40.0567,-75.0608, ,Philadelphia
549,6694,2017041159,6,67,67301,2017,3,2,735,7,1,2,1,4,1, , ,N,5,2,0,3,0,1,3,3,N,N,40 00:13.178,75 10:08.095,745, ,739, ,0, ,N, ,3, , , , , , , , , ,3,1,0,1,1,0,0,0,0,0,0,1,1,0,0,0,0,0,0,0,2,0,0,0,0,0,0,0,0,0,0,0,0,0,0,4,1,40.0037,-75.1689, ,Philadelphia
550,6735,2017007695,6,67,67301,2017,1,4,1150,11,1,1,0,1,2, , ,N,0,0,0,3,0,0,2,2,N,N,39 58:44.161,75 05:44.111,1200, ,1200,2,1,1,N, ,0,N, , , , , , , , ,2,2,0,0,0,0,0,0,0,0,0,0,0,0,0,0,0,0,0,0,0,0,0,1,0,0,0,0,0,0,0,0,0,0,0,0,0,39.9789,-75.0956, ,Philadelphia
551,6755,2017032481,6,67,67301,2017,1,7,1134,11,1,4,4,1,1, , ,N,0,0,0,3,0,1,2,2,N,N,40 02:13.125,75 00:48.427,1149, ,1134, ,0, , , ,0, , , , , , , , , ,2,0,0,0,0,0,1,1,0,0,0,0,1,1,1,0,0,0,0,0,0,0,0,0,0,0,0,0,0,0,0,0,0,0,0,8,0,40.037,-75.0135, ,Philadelphia
552,6767,2017052472,6,67,67301,2017,4,1,2105,21,1,1,0,4,1, , ,N,1,3,0,3,0,1,4,2,N,N,39 55:31.162,75 09:27.611,2125, ,2125, ,0, ,N, ,3, , , , , , , , , ,2,1,0,1,0,0,0,0,0,0,0,0,1,1,3,0,0,0,0,0,0,0,0,0,0,0,0,0,0,0,0,0,0,0,0,8,1,39.9253,-75.1577, ,Philadelphia
553,6785,2017024722,6,67,67301,2017,2,6,1306,13,1,1,0,1,1, , ,N,0,0,0,3,0,0,2,2,N,N,39 57:27.590,75 08:57.380,1322, ,1306, ,0, , , ,0, , , , , , , , , ,2,1,0,0,1,0,0,0,0,0,0,0,0,0,0,0,0,0,0,0,1,0,0,0,0,0,0,0,0,0,0,0,0,0,0,0,0,39.9577,-75.1493, ,Philadelphia
554,6793,2017039980,6,67,67301,2017,4,2,1627,16,1,1,0,7,4, , ,N,0,1,5,3,0,1,1,1,N,N,39 54:35.600,75 09:15.600,1635, ,1629,2,1,4,N, ,3,Y, , , , , , , , ,1,1,0,0,0,0,0,0,0,0,0,0,1,1,0,0,0,0,0,0,0,0,0,0,0,0,0,0,0,0,0,0,0,0,0,8,0,39.9099,-75.1543, ,Philadelphia
555,6804,2017035832,6,67,67301,2017,3,3,1535,15,1,1,0,1,1, , ,N,1,2,0,3,0,4,6,4,N,N,39 55:09.827,75 10:15.002,1554, ,1552,2,2,2,N, ,3,N, , , , , , , , ,4,3,0,0,0,0,1,0,0,0,0,0,4,4,0,0,0,0,0,0,0,0,0,2,0,0,0,0,0,0,0,0,0,0,0,8,0,39.9194,-75.1707, ,Philadelphia
556,6830,2017008128,6,67,67301,2017,1,3,1548,15,1,1,0,1,1, , ,N,0,0,0,3,0,1,2,2,N,N,39 56:58.748,75 11:02.422,1554, ,1554, ,0, , , ,0, , , , , , , , , ,2,1,0,0,0,0,1,0,0,0,0,1,1,0,0,0,0,0,0,0,0,0,0,1,0,0,0,0,0,0,0,0,0,0,0,4,0,39.9497,-75.184, ,Philadelphia
557,6833,2017027631,6,67,67301,2017,3,4,2325,23,3,1,0,4,1, , ,N,0,0,0,3,0,1,3,2,N,N,39 59:43.310,75 11:52.199,2340, ,2334,2,1,3, , ,0,N, , , , , , , , ,2,2,0,0,0,0,0,0,0,0,0,0,1,1,0,0,0,0,0,0,0,0,0,0,0,0,0,0,0,0,0,0,0,0,0,8,0,39.9954,-75.1978, ,Philadelphia
558,6842,2017041228,6,67,67301,2017,3,6,1713,17,1,2,1,8,1, , ,N,1,2,0,3,0,1,2,2,N,N,39 57:16.426,75 13:33.605,1716, ,1715, ,0, ,N, ,3, , , , , , , , , ,1,0,0,0,0,0,1,0,0,0,0,1,1,0,0,0,0,0,0,0,0,0,0,1,0,0,0,0,0,0,0,0,1,0,0,4,0,39.9546,-75.226, ,Philadelphia
559,6843,2017037985,6,67,67301,2017,2,1,1119,11,1,1,0,1,1, , ,N,0,0,0,3,0,0,3,3,N,N,39 57:24.479,75 09:15.760,1123, ,1119,1,1,3, , ,0,N, , , , , , , , ,3,0,0,0,0,0,1,0,0,0,0,0,0,0,2,0,0,0,1,0,0,0,0,0,0,0,0,0,0,0,0,0,0,0,0,9,0,39.9568,-75.1544, ,Philadelphia
560,6845,2017025131,6,67,67301,2017,3,2,1600,16,1,1,0,1,1, , ,N,2,0,0,3,0,1,2,2,N,N,39 57:23.671,75 11:28.761,1608, ,1604,2,2,1,N, ,0,Y, , , , , , , , ,2,1,1,0,0,0,0,0,0,1,0,0,1,0,0,0,0,0,0,0,0,0,0,0,0,0,0,0,0,1,0,0,0,0,0,2,0,39.9566,-75.1913, ,Philadelphia
561,6847,2017037438,6,67,67301,2017,3,4,1757,17,1,1,0,0,1, , ,N,0,0,7,3,0,1,3,2,N,N,40 03:19.476,75 00:20.003,1810, ,1805, ,0, ,N, ,0, , , , , , , , , ,2,0,1,0,0,0,1,0,0,0,0,1,1,0,1,0,0,0,0,0,0,0,0,0,0,0,0,0,0,0,0,0,0,0,0,4,0,40.0554,-75.0056, ,Philadelphia
562,6874,2017068051,6,67,67301,2017,6,6,9999,99,3,1,0,4,1, , ,N,1,3,0,3,0,4,6,2,N,N,39 57:50.536,75 14:39.757,2202, ,2200, ,0, ,N, ,3, , , , , , , , , ,2,1,0,0,0,0,1,0,0,0,0,0,4,4,0,0,0,0,0,0,0,0,0,1,0,0,0,0,0,0,0,0,0,0,0,8,0,39.964,-75.2444, ,Philadelphia
563,6881,2017007885,6,67,67301,2017,1,5,1109,11,1,1,0,8,1, , ,N,0,0,0,3,0,1,2,2,N,N,40 00:03.196,75 06:52.142,1112, ,1112, ,0, ,N, ,0, , , , , , , , , ,1,0,0,0,0,0,1,0,0,0,0,1,1,0,0,0,0,0,0,0,0,0,0,0,0,0,0,0,0,0,0,0,1,0,0,4,0,40.0009,-75.1145, ,Philadelphia
564,6892,2017041153,6,67,67301,2017,4,7,1203,12,1,1,0,4,1, , ,N,1,3,0,3,0,0,2,2,N,N,39 56:56.614,75 09:20.265,1225, ,1220, ,0, ,N, ,3, , , , , , , , , ,2,1,0,0,0,0,1,0,0,0,0,0,0,0,0,0,0,0,0,0,2,0,0,1,0,0,0,0,0,0,0,0,0,0,0,0,0,39.9491,-75.1556, ,Philadelphia
565,6933,2017014014,6,67,67301,2017,1,7,2307,23,3,1,1,4,1, , ,N,1,2,0,3,0,1,2,2,N,N,39 59:20.627,75 05:22.626,2333, ,2325, ,0, ,N, ,3, , , , , , , , , ,2,1,0,0,0,0,1,0,0,0,0,1,1,0,0,0,0,0,0,0,0,0,0,1,0,0,0,0,0,0,0,0,0,0,0,4,0,39.9891,-75.0896, ,Philadelphia
566,6940,2017033546,6,67,67301,2017,2,4,654,6,5,8,1,4,1, , ,N,5,2,0,3,0,2,2,2,N, ,40 03:11.276,75 05:31.765,754, ,734,2,2,6, , ,3,Y, , , , , , , , ,2,1,0,0,0,0,1,0,0,0,0,2,2,0,0,0,0,0,0,0,0,0,0,0,0,0,0,0,0,0,0,0,0,0,0,4,0,40.0531,-75.0922, ,Philadelphia
567,6946,2017037448,6,67,67301,2017,3,2,1445,14,1,1,0,0,1, , ,N,0,0,0,3,0,1,1,1,N, ,39 57:43.326,75 13:17.414,1448, ,1445, ,0, , , ,0, , , , , , , , , ,1,1,0,0,0,0,0,0,0,0,0,1,1,0,0,0,0,0,0,0,0,0,0,0,0,0,0,0,0,0,0,0,0,0,0,4,0,39.962,-75.2215, ,Philadelphia
568,6980,2017009563,6,67,67301,2017,1,6,2348,23,3,1,0,1,1, , ,N,0,0,0,3,0,1,4,4,N,N,39 55:50.446,75 11:55.329,1, ,2348,1,1,4, , ,0,N, , , , , , , , ,3,1,0,0,0,0,1,0,0,0,1,0,1,0,1,0,0,0,0,0,0,0,0,0,0,0,0,0,0,0,0,0,1,0,0,3,0,39.9307,-75.1987, ,Philadelphia
569,6985,2017014101,6,67,67301,2017,1,1,344,3,3,1,1,4,1, , ,N,10,3,0,3,0,1,2,2,N,N,39 56:40.412,75 13:17.922,846, ,846, ,0, ,N, ,3, , , , , , , , , ,2,1,0,0,0,0,1,0,0,0,0,1,1,0,0,0,0,0,0,0,0,0,0,1,0,0,0,0,0,0,0,0,0,0,0,4,0,39.9446,-75.2216, ,Philadelphia
570,6990,2017041398,6,67,67301,2017,4,2,2153,21,6,2,1,4,1, , ,N,5,2,0,3,0,3,3,2,N,N,40 03:30.931,75 09:09.871,2233, ,2233, ,0, ,N, ,3, , , , , , , , , ,2,1,0,0,0,0,1,0,0,0,1,2,3,0,0,0,0,0,0,0,1,1,0,0,0,0,0,0,0,0,0,0,0,0,0,3,0,40.0586,-75.1527, ,Philadelphia
571,6999,2017028983,6,67,67301,2017,2,2,1419,14,1,1,0,5,6, , ,N,0,0,0,3,0,0,2,3,N,N,40 00:43.570,75 09:08.451,1421, ,1419, ,0, ,N, ,0, , , , , , , , , ,3,1,0,0,0,0,2,0,0,0,0,0,0,0,0,0,0,0,0,0,0,0,0,0,0,0,0,0,0,0,0,0,0,0,0,0,0,40.0121,-75.1523, ,Philadelphia
572,7003,2017033118,6,67,67301,2017,3,7,324,3,3,1,0,4,1, , ,N,1,2,0,3,0,1,3,3,N, ,40 00:59.817,75 08:49.848,331, ,327, ,0, , , ,3, , , , , , , , , ,3,2,0,0,0,0,1,0,0,0,0,1,1,0,0,0,0,0,1,0,0,0,0,0,0,0,0,0,0,0,0,0,0,0,0,4,0,40.0166,-75.1472, ,Philadelphia
573,7007,2017052196,6,67,67301,2017,4,4,1927,19,1,1,0,8,1, , ,N,1,0,0,3,0,1,4,2,N,N,39 56:15.090,75 13:50.239,1940, ,1931, ,0, , , ,0, , , , , , , , , ,1,0,0,0,1,0,0,0,0,0,0,1,1,0,0,0,0,0,0,0,0,0,0,3,0,0,0,0,0,0,0,0,1,0,0,4,0,39.9375,-75.2306, ,Philadelphia
574,7018,2017067694,6,67,67301,2017,6,1,1540,15,1,1,0,4,1, , ,N,1,2,0,3,1,0,3,2,N,N,39 55:15.711,75 13:26.782,1547, ,1545, ,0, ,N,0,3, , , , , , , , , ,2,1,1,0,0,0,0,0,0,0,0,0,0,0,0,0,0,0,0,0,1,0,0,0,0,0,0,0,1,0,0,0,0,0,0,1,0,39.9211,-75.2242,2,Philadelphia
575,7036,2017019161,6,67,67301,2017,1,1,2013,20,3,1,0,1,1, , ,N,2,2,0,3,0,1,2,2,N, ,39 54:33.655,75 10:23.826,9999, ,2018, ,0, , , ,3, , , , , , , , , ,2,1,0,0,0,0,0,0,0,0,0,0,1,1,0,0,0,1,0,0,0,0,0,1,0,0,0,0,0,0,0,0,0,0,0,8,0,39.9093,-75.173, ,Philadelphia
576,7045,2017033112,6,67,67301,2017,3,4,1345,13,1,1,0,8,1, , ,N,1,2,0,3,0,1,2,2,N, ,39 57:34.990,75 14:06.684,1356, ,1350, ,0, , , ,3, , , , , , , , , ,1,0,0,0,0,0,0,1,0,0,0,0,1,1,0,0,0,0,0,0,0,0,0,1,0,0,0,0,0,0,0,0,1,0,0,8,0,39.9597,-75.2352, ,Philadelphia
577,7050,2017041272,6,67,67301,2017,4,7,934,9,1,1,0,4,1, , ,N,1,2,0,3,0,1,2,2,N,N,39 58:11.965,75 08:35.133,935, ,934, ,0, ,N, ,3, , , , , , , , , ,2,1,0,0,1,0,0,0,0,0,1,0,1,0,0,0,0,0,0,0,0,0,0,0,0,0,0,0,0,0,0,0,0,0,0,3,0,39.9699,-75.1431, ,Philadelphia
578,7060,2017016980,6,67,67301,2017,2,1,46,0,3,1,0,4,1, , ,N,1,3,0,3,0,0,3,2,N,N,39 59:02.778,75 09:36.176,48, ,46, ,0, ,N, ,3, , , , , , , , , ,2,2,0,0,0,0,0,0,0,0,0,0,0,0,0,0,0,0,0,1,0,0,0,3,0,0,0,0,0,0,0,0,0,0,0,0,0,39.9841,-75.16, ,Philadelphia
579,7081,2017013941,6,67,67301,2017,1,7,2140,21,6,1,1,7,4, , ,N,10,0,0,3,0,1,3,1,N,N,40 02:10.017,75 09:46.648,2155, ,2144, ,0, ,N, ,0, , , , , , , , , ,1,1,0,0,0,0,0,0,0,0,0,0,1,1,2,0,0,0,0,0,0,0,0,0,0,0,0,0,0,0,0,0,0,0,0,8,0,40.0361,-75.163, ,Philadelphia
580,7084,2017013186,6,67,67301,2017,1,6,2336,23,3,1,0,1,1, , ,N,0,0,0,3,0,0,5,3,N,N,40 00:29.720,75 11:28.591,2359, ,2336,2,1,2,N, ,0,N, , , , , , , , ,3,1,0,0,0,0,1,1,0,0,0,0,0,0,0,0,0,0,0,0,0,0,0,0,0,0,0,0,0,0,0,0,0,0,0,0,0,40.0083,-75.1913, ,Philadelphia
581,7088,2017013911,6,67,67301,2017,1,1,157,1,3,5,1,7,5, , ,N,10,0,0,3,0,2,2,1,N,N,39 58:43.342,75 05:51.613,217, ,159, ,0, ,N, ,0, , , , , , , , , ,1,1,0,0,0,0,0,0,0,0,0,0,2,2,0,0,0,0,0,1,0,0,0,0,0,0,0,0,0,0,0,0,0,0,0,8,0,39.9787,-75.0977, ,Philadelphia
582,7107,2017035776,6,67,67301,2017,3,3,1050,10,1,2,1,4,1, , ,N,2,3,0,3,0,2,2,2,N, ,40 01:07.384,75 06:06.253,1210, ,1200, ,0, , , ,3, , , , , , , , , ,2,1,0,0,0,0,0,1,0,0,0,0,2,2,0,0,0,0,0,0,0,0,0,0,0,0,0,0,0,0,0,0,0,0,0,8,0,40.0187,-75.1017, ,Philadelphia
583,7109,2017035757,6,67,67301,2017,3,6,53,0,3,1,0,4,1, , ,N,2,0,0,3,0,0,1,2,N,N,39 59:12.004,75 06:43.747,105, ,105, ,0, ,N, ,0, , , , , , , , , ,2,1,0,0,0,0,1,0,0,0,0,0,0,0,0,0,0,0,0,0,0,0,0,0,0,0,0,0,0,0,0,0,0,0,0,0,0,39.9867,-75.1122, ,Philadelphia
584,7132,2017019613,6,67,67301,2017,1,7,223,2,3,1,0,4,1, , ,N,1,2,0,3,0,0,2,2,N, ,40 01:45.310,75 05:23.878,226, ,223,9,1,2, , ,3,N, , , , , , , , ,2,1,0,0,0,0,1,0,0,0,0,0,0,0,0,0,0,0,0,0,0,0,0,0,0,0,0,0,0,0,0,0,0,0,0,0,0,40.0291,-75.0899, ,Philadelphia