objectid_1,objectid,crn,district,county,municipality,crash_year,crash_month,day_of_week,time_of_day,hour_of_day,illumination,weather,road_condition,collision_type,relation_to_road,work_zone_type,work_zone_loc,work_zone_ind,intersect_type,tcd_type,location_type,urban_rural,fatal_count,injury_count,person_count,total_units,sch_bus_ind,sch_zone_ind,latitude,longitude,arrival_tm,cons_zone_spd_lim,dispatch_tm,est_hrs_closed,lane_closed,ln_close_dir,ntfy_hiwy_maint,spec_juris_cd,tcd_func_cd,tfc_detour_ind,workers_pres,wz_close_detour,wz_flagger,wz_law_offcr_ind,wz_ln_closure,wz_moving,wz_other,wz_shlder_mdn,vehicle_count,automobile_count,motorcycle_count,bus_count,small_truck_count,heavy_truck_count,suv_count,van_count,bicycle_count,maj_inj_count,mod_inj_count,min_inj_count,tot_inj_count,unk_inj_deg_count,unk_inj_per_count,driver_count_16yr,driver_count_17yr,driver_count_18yr,driver_count_19yr,driver_count_20yr,driver_count_50_64yr,driver_count_65_74yr,driver_count_75plus,unbelted_occ_count,unb_death_count,unb_maj_inj_count,belted_death_count,belted_maj_inj_count,mcycle_death_count,mcycle_maj_inj_count,bicycle_death_count,bicycle_maj_inj_count,ped_count,ped_death_count,ped_maj_inj_count,max_severity_level,comm_veh_count,dec_lat,dec_long,rdwy_surf_type_cd,county_name
782,9903,2017060637,6,67,67301,2017,5,5,1639,16,1,1,0,4,1, , ,N,0,2,0,3,0,0,3,2,N,N,39 59:42.820,75 14:02.389,1645, ,1641,2,1,2,N, ,3,N, , , , , , , , ,2,2,0,0,0,0,0,0,0,0,0,0,0,0,0,0,0,0,0,0,0,0,1,0,0,0,0,0,0,0,0,0,0,0,0,0,0,39.9952,-75.234, ,Philadelphia
783,9914,2017070973,6,67,67301,2017,1,4,1045,10,1,1,0,3,1, , ,N,1,2,0,3,0,1,2,2,N,N,40 01:01.890,75 09:04.075,0, ,0, ,0, ,N, ,3, , , , , , , , , ,2,0,0,0,0,0,1,0,0,0,0,0,1,1,0,0,0,0,0,0,0,0,0,0,0,0,0,0,0,0,0,0,0,0,0,8,0,40.0171,-75.1512, ,Philadelphia
784,9941,2017043817,6,67,67301,2017,4,1,1446,14,1,1,0,1,1, , ,N,1,2,0,3,0,3,4,2,N, ,40 03:40.050,75 14:10.506,1459, ,1456, ,0, , , ,3, , , , , , , , , ,2,0,0,0,0,0,1,1,0,0,0,0,3,3,0,0,0,0,0,0,0,0,0,1,0,0,0,0,0,0,0,0,0,0,0,8,0,40.0616,-75.2366, ,Philadelphia
785,9944,2017029025,6,67,67301,2017,2,2,1618,16,1,1,0,4,1, , ,N,1,2,3,3,0,0,3,2,N, ,39 57:25.886,75 09:31.375,1628, ,1622, ,0, , , ,3, , , , , , , , , ,2,2,0,0,0,0,0,0,0,0,0,0,0,0,0,0,0,0,0,0,0,0,0,0,0,0,0,0,0,0,0,0,0,0,0,0,0,39.9572,-75.1587, ,Philadelphia
786,9979,2017015232,6,67,67301,2017,2,3,1436,14,1,1,0,1,1, , ,N,6,4,2,3,0,3,4,2,N,N,40 00:47.390,75 10:49.073,1448, ,1436,2,1,2,N, ,3,N, , , , , , , , ,2,1,0,0,0,1,0,0,0,0,0,0,3,3,0,0,0,0,0,0,0,0,0,0,0,0,0,0,0,0,0,0,0,0,0,8,1,40.0137,-75.1796, ,Philadelphia
787,9984,2017033564,6,67,67301,2017,2,1,1230,12,1,1,0,4,1, , ,N,1,3,0,3,0,3,4,2,N,N,40 01:27.483,75 09:40.489,1242, ,1239, ,0, ,N, ,3, , , , , , , , , ,2,1,0,0,0,0,1,0,0,0,0,2,3,1,0,0,0,0,0,0,0,0,0,0,0,0,0,0,0,0,0,0,0,0,0,4,0,40.0243,-75.1612, ,Philadelphia
788,9989,2017035720,6,67,67301,2017,3,2,1450,14,1,1,0,4,1, , ,N,1,3,0,3,0,1,3,2,N,N,40 00:01.702,75 07:10.610,1845, ,1845, ,0, ,N, ,3, , , , , , , , , ,2,1,0,0,0,0,1,0,0,0,0,0,1,1,0,0,0,0,0,0,0,0,0,1,0,0,0,0,0,0,0,0,0,0,0,8,0,40.0005,-75.1196, ,Philadelphia
789,9992,2017037518,6,67,67301,2017,3,2,1245,12,1,1,0,4,1, , ,N,1,3,0,3,0,1,2,2,N,N,39 57:30.285,75 08:55.471,1255, ,1245, ,0, ,N, ,3, , , , , , , , , ,1,0,0,0,1,0,0,0,1,0,0,1,1,0,0,0,0,0,0,0,0,0,0,0,0,0,0,0,0,0,0,0,0,0,0,4,0,39.9585,-75.1487, ,Philadelphia
790,10001,2017041339,6,67,67301,2017,4,6,1215,12,1,9,1,4,1, , ,N,3,2,7,3,0,0,4,3,N,N,39 55:05.590,75 12:31.635,1230, ,1225, ,0, , , ,3, , , , , , , , , ,3,2,0,0,1,0,0,0,0,0,0,0,0,0,0,0,0,0,0,0,0,1,0,1,0,0,0,0,0,0,0,0,0,0,0,0,0,39.9182,-75.2088, ,Philadelphia
791,10013,2017052123,6,67,67301,2017,4,4,415,4,3,1,0,7,5, , ,N,0,0,0,3,0,0,2,1,N,N,40 00:32.488,75 05:23.689,450, ,442, ,0, , , ,0, , , , , , , , , ,1,0,0,0,0,0,0,1,0,0,0,0,0,0,0,0,0,0,0,0,0,0,0,2,0,0,0,0,0,0,0,0,0,0,0,0,0,40.009,-75.0899, ,Philadelphia
792,10020,2017004240,6,67,67301,2017,1,6,2,0,3,4,1,7,4, , ,N,0,0,0,3,0,1,1,1,N,N,39 58:27.381,75 11:39.298,15, ,15, ,0, , , ,0, , , , , , , , , ,1,1,0,0,0,0,0,0,0,0,0,0,1,1,0,0,0,0,0,0,0,0,0,0,0,0,0,0,0,0,0,0,0,0,0,8,0,39.9743,-75.1942, ,Philadelphia
793,10814,2017035128,6,67,67301,2017,4,3,2234,22,3,1,0,5,1,1,5,Y,7,0,8,3,0,0,5,2,N,N,39 54:36.800,75 09:24.200,2234,45,2234, ,0, ,N, ,0, ,Y, , ,N,Y, , , ,2,1,0,0,0,0,0,1,0,0,0,0,0,0,0,0,0,0,0,0,0,0,0,0,0,0,0,0,0,0,0,0,0,0,0,0,0,39.9102,-75.1567, ,Philadelphia
794,10816,2017035765,6,67,67301,2017,3,2,1140,11,1,1,0,8,1, , ,N,1,2,0,3,0,1,2,2,N,N,39 59:40.673,75 05:40.311,1205, ,1205, ,0, , , ,3, , , , , , , , , ,1,0,0,0,0,0,1,0,0,0,0,1,1,0,0,0,0,0,0,0,0,0,1,0,0,0,0,0,0,0,0,0,1,0,0,4,0,39.9946,-75.0945, ,Philadelphia
795,10837,2017028613,6,67,67301,2017,3,1,406,4,2,1,0,7,7, , ,N,0,0,0,3,0,0,1,1,N,N,40 00:27.922,75 12:06.523,425, ,411, ,0, , , ,0, , , , , , , , , ,1,1,0,0,0,0,0,0,0,0,0,0,0,0,0,0,0,0,0,0,0,0,0,0,0,0,0,0,0,0,0,0,0,0,0,0,0,40.0078,-75.2018, ,Philadelphia
796,10857,2017028990,6,67,67301,2017,2,3,1530,15,1,1,0,8,1, , ,N,1,3,0,3,0,1,2,2,N, ,39 59:10.687,75 06:42.883,1655, ,1650, ,0, , , ,3, , , , , , , , , ,1,0,0,0,0,1,0,0,0,0,1,0,1,0,0,0,0,0,0,0,0,0,0,1,0,0,0,0,0,0,0,0,1,0,0,3,1,39.9863,-75.1119, ,Philadelphia
797,10862,2017021587,6,67,67301,2017,2,4,746,7,1,1,1,4,1, , ,N,1,2,0,3,0,1,2,2,N,N,39 56:12.386,75 09:35.812,748, ,746, ,0, ,N, ,3, , , , , , , , , ,2,1,0,0,0,0,0,1,0,0,0,1,1,0,0,0,0,0,0,0,1,0,0,0,0,0,0,0,0,0,0,0,0,0,0,4,0,39.9368,-75.1599, ,Philadelphia
798,10887,2017019108,6,67,67301,2017,1,6,1600,16,1,1,0,4,1, , ,N,1,2,0,3,0,2,3,2,N,N,40 00:54.079,75 08:06.611,1601, ,1600, ,0, ,N, ,3, , , , , , , , , ,2,2,0,0,0,0,0,0,0,0,0,1,2,1,0,0,0,0,0,0,0,0,0,1,0,0,0,0,0,0,0,0,0,0,0,4,0,40.015,-75.1352, ,Philadelphia
799,10888,2017014081,6,67,67301,2017,1,5,1015,10,1,1,0,7,3, , ,N,0,0,0,3,0,1,2,2,N,N,40 01:07.055,75 09:59.463,1030, ,1018,2,1,2,Y, ,0,N, , , , , , , , ,1,0,0,0,0,0,1,0,0,0,0,0,1,1,0,0,0,0,0,1,0,0,0,0,0,0,0,0,0,0,0,0,0,0,0,8,0,40.0186,-75.1665, ,Philadelphia
800,10905,2017037427,6,67,67301,2017,3,2,2148,21,3,1,0,8,1, , ,N,1,2,0,3,0,1,2,2,N,N,40 03:22.903,75 04:30.486,2235, ,2228, ,0, , , ,3, , , , , , , , , ,1,1,0,0,0,0,0,0,0,0,0,1,1,0,0,0,0,0,0,0,0,0,0,1,0,0,0,0,0,0,0,0,1,0,0,4,0,40.0564,-75.0751, ,Philadelphia
801,10909,2017041399,6,67,67301,2017,4,2,1042,10,1,1,0,1,1, , ,N,0,0,0,3,0,1,3,3,N, ,40 02:13.150,75 02:25.298,1046, ,1042, ,0, , , ,0, , , , , , , , , ,3,3,0,0,0,0,0,0,0,0,0,1,1,0,0,0,0,0,0,0,1,1,0,3,0,0,0,0,0,0,0,0,0,0,0,4,0,40.037,-75.0404, ,Philadelphia
802,10928,2017052253,6,67,67301,2017,4,4,2110,21,1,1,0,1,1, , ,N,0,0,0,3,0,1,2,2,N,N,40 05:55.040,74 59:08.378,2115, ,2110,3,2,4,N, ,0,N, , , , , , , , ,2,0,0,0,0,0,2,0,0,0,0,0,1,1,1,0,0,0,0,0,0,0,0,0,0,0,0,0,0,0,0,0,0,0,0,8,0,40.0986,-74.9857, ,Philadelphia
803,10939,2017010624,6,67,67301,2017,1,7,932,9,1,4,3,4,3, , ,N,0,0,0,3,0,1,3,2,N,N,39 54:50.666,75 14:37.578,941, ,941, ,0, ,N, ,0, , , , , , , , , ,2,2,0,0,0,0,0,0,0,0,0,0,1,1,0,0,0,0,0,0,1,0,0,0,0,0,0,0,0,0,0,0,0,0,0,8,0,39.9141,-75.2438, ,Philadelphia
804,10963,2017052390,6,67,67301,2017,4,3,1835,18,1,2,1,4,1, , ,N,0,0,0,3,0,1,2,2,N,N,40 00:53.983,75 10:13.382,1850, ,1843, ,0, ,N, ,0, , , , , , , , , ,2,2,0,0,0,0,0,0,0,0,0,0,1,1,0,0,0,0,0,0,0,0,0,0,0,0,0,0,0,0,0,0,0,0,0,8,0,40.015,-75.1704, ,Philadelphia
805,10975,2017061747,6,67,67301,2017,5,4,219,2,3,2,1,1,1, , ,N,0,0,2,3,0,5,5,3,N,N,39 57:40.707,75 10:57.376,219, ,219,3,2,4, , ,0,Y, , , , , , , , ,3,1,0,0,0,1,1,0,0,0,0,5,5,0,0,0,0,0,0,0,0,0,0,0,0,0,0,0,0,0,0,0,0,0,0,4,1,39.9611,-75.1825, ,Philadelphia
806,10979,2017008072,6,67,67301,2017,1,3,1854,18,3,1,0,5,1, , ,N,0,0,0,3,0,1,2,2,N,N,39 55:56.620,75 12:00.013,1913, ,1857, ,0, , , ,0, , , , , , , , , ,2,2,0,0,0,0,0,0,0,0,0,0,1,1,0,0,0,0,0,0,0,0,0,0,0,0,0,0,0,0,0,0,0,0,0,8,0,39.9324,-75.2, ,Philadelphia
807,11001,2017035766,6,67,67301,2017,3,1,1950,19,3,2,0,4,1, , ,N,1,3,0,3,0,2,7,4,N,N,40 00:35.858,75 06:30.170,2020, ,2012, ,0, ,N, ,3, , , , , , , , , ,4,3,0,0,0,0,0,1,0,0,0,0,2,2,0,0,0,0,0,1,0,0,0,0,0,0,0,0,0,0,0,0,0,0,0,8,0,40.01,-75.1084, ,Philadelphia
808,11007,2017055964,6,67,67301,2017,5,2,2033,20,3,1,0,7,4, , ,N,0,0,0,3,0,0,1,1,N,N,39 55:30.581,75 11:35.978,2040, ,2033,1,2,4, , ,0,N, , , , , , , , ,1,1,0,0,0,0,0,0,0,0,0,0,0,0,0,0,0,0,0,0,0,0,0,0,0,0,0,0,0,0,0,0,0,0,0,0,0,39.9252,-75.1933, ,Philadelphia
809,11014,2017052341,6,67,67301,2017,5,2,1600,16,1,1,0,8,6, , ,N,0,0,0,3,0,1,2,2,N, ,39 58:58.328,75 08:32.808,9999, ,9999, ,0, , , ,0, , , , , , , , , ,1,0,0,0,0,0,0,1,0,0,0,0,1,1,0,0,0,0,0,0,0,0,0,1,0,0,0,0,0,0,0,0,1,0,0,8,0,39.9829,-75.1424, ,Philadelphia
810,11039,2017037551,6,67,67301,2017,3,7,1614,16,1,2,1,4,1, , ,N,1,2,0,3,0,1,2,2,N, ,40 02:25.164,75 03:30.735,1624, ,1624, ,0, , , ,3, , , , , , , , , ,1,1,0,0,0,0,0,0,1,0,0,1,1,0,0,0,0,0,0,0,0,0,0,1,0,0,0,0,0,0,0,0,0,0,0,4,0,40.0403,-75.0585, ,Philadelphia
811,10047,2017043803,6,67,67301,2017,4,4,1644,16,1,1,0,1,1, , ,N,0,0,0,3,0,1,3,2,N,N,40 01:19.179,75 08:21.063,1717, ,1717,2,2,2, , ,0,N, , , , , , , , ,2,1,0,0,1,0,0,0,0,0,0,1,1,0,1,0,0,0,0,0,0,0,0,0,0,0,0,0,0,0,0,0,0,0,0,4,0,40.022,-75.1392, ,Philadelphia
812,10066,2017014935,6,67,67301,2017,2,6,1520,15,1,1,0,1,1, , ,N,0,0,0,3,0,0,2,2,N,N,39 55:35.036,75 11:40.610,1525, ,1525,1,1,3, , ,0,N, , , , , , , , ,2,1,0,0,1,0,0,0,0,0,0,0,0,0,0,0,0,0,0,0,0,0,0,0,0,0,0,0,0,0,0,0,0,0,0,0,0,39.9264,-75.1946, ,Philadelphia
813,10070,2017008372,6,46,46105,2017,1,5,640,6,5,1,0,4,1, , ,N,1,2,0,3,0,1,3,3,N,N,40 07:45.170,75 01:29.764,643, ,640, ,0, , , ,3, , , , , , , , , ,3,2,0,0,1,0,0,0,0,0,0,1,1,0,0,0,0,0,0,0,0,0,1,0,0,0,0,0,0,0,0,0,0,0,0,4,0,40.129,-75.0252, ,Montgomery
814,10082,2017037449,6,67,67301,2017,3,5,2115,21,3,1,0,6,1, , ,N,0,0,0,3,0,0,2,2,N, ,40 04:13.376,75 09:26.221,2135, ,2130,1,1,1, , ,0,N, , , , , , , , ,2,2,0,0,0,0,0,0,0,0,0,0,0,0,0,0,0,0,0,0,0,0,0,0,0,0,0,0,0,0,0,0,0,0,0,0,0,40.0704,-75.1573, ,Philadelphia
815,10109,2017076174,6,67,67301,2017,6,7,721,7,1,2,1,4,1, , ,N,5,2,0,3,0,2,2,2,N,N,40 02:12.142,75 02:27.052,728, ,725,9,1,5,N, ,3,Y, , , , , , , , ,2,0,0,0,1,0,1,0,0,1,0,0,2,1,0,0,0,0,0,0,0,0,0,0,0,0,0,0,0,0,0,0,0,0,0,2,0,40.0368,-75.0407, ,Philadelphia
816,10136,2017035650,6,67,67301,2017,3,3,1045,10,1,1,1,6,1, , ,N,0,0,0,3,0,3,3,2,N, ,39 55:48.038,75 14:36.104,1101, ,1100,9,2,3, , ,0,N, , , , , , , , ,2,2,0,0,0,0,0,0,0,0,0,0,3,3,0,0,0,0,0,0,0,0,0,0,0,0,0,0,0,0,0,0,0,0,0,8,0,39.93,-75.2434, ,Philadelphia
817,10146,2017021576,6,67,67301,2017,2,5,125,1,3,2,1,5,6, , ,N,0,0,0,3,0,1,1,2,N, ,39 59:06.393,75 06:24.813,130, ,128, ,0, , , ,0, , , , , , , , , ,2,0,0,0,0,0,1,1,0,0,0,1,1,0,0,0,0,0,0,0,0,0,0,0,0,0,0,0,0,0,0,0,0,0,0,4,0,39.9851,-75.1069, ,Philadelphia
818,10192,2017035667,6,67,67301,2017,3,2,513,5,3,1,0,4,1, , ,N,1,2,0,3,0,0,2,2,N,N,40 00:28.710,75 06:17.348,516, ,515, ,0, ,N, ,3, , , , , , , , , ,2,0,0,0,0,0,1,1,0,0,0,0,0,0,0,0,0,0,0,0,0,0,0,0,0,0,0,0,0,0,0,0,0,0,0,0,0,40.008,-75.1048, ,Philadelphia
819,10194,2017052267,6,67,67301,2017,4,3,1821,18,1,2,1,4,1, , ,N,1,3,0,3,0,4,6,2,N,N,39 59:35.991,75 06:01.091,1912, ,1906, ,0, ,N, ,3, , , , , , , , , ,2,1,0,0,0,0,1,0,0,0,0,0,4,4,2,0,0,0,0,0,1,0,0,0,0,0,0,0,0,0,0,0,0,0,0,8,0,39.9933,-75.1003, ,Philadelphia
820,10199,2017048652,6,67,67301,2017,5,6,818,8,1,2,1,1,1, , ,N,0,0,0,3,0,0,3,2,N,N,39 57:24.735,75 09:18.287,830, ,821, ,0, , , ,0, , , , , , , , , ,2,0,0,0,0,0,2,0,0,0,0,0,0,0,0,0,0,0,0,0,0,0,0,0,0,0,0,0,0,0,0,0,0,0,0,0,0,39.9569,-75.1551, ,Philadelphia
821,10201,2017055606,6,67,67301,2017,5,6,1135,11,1,2,1,4,1, , ,N,2,3,0,3,0,0,2,2,N, ,40 03:31.505,75 07:54.259,1150, ,1144,1,1,4, , ,3,Y, , , , , , , , ,2,1,0,1,0,0,0,0,0,0,0,0,0,0,0,0,0,0,0,0,1,0,0,0,0,0,0,0,0,0,0,0,0,0,0,0,1,40.0588,-75.1317, ,Philadelphia
822,10214,2017024549,6,67,67301,2017,2,3,2348,23,3,1,0,5,1, , ,N,0,0,0,3,0,3,4,2,N,N,39 57:48.773,75 11:02.560,2353, ,2348,2,1,4, , ,0,N, , , , , , , , ,2,2,0,0,0,0,0,0,0,0,3,0,3,0,0,0,0,0,0,0,0,1,0,3,0,0,0,0,0,0,0,0,0,0,0,3,0,39.9635,-75.184, ,Philadelphia
823,10326,2017033498,6,67,67301,2017,3,6,1900,19,3,1,0,4,1, , ,N,1,2,0,3,0,1,2,2,N,N,39 55:05.167,75 09:02.609,2003, ,1957, ,0, ,N, ,3, , , , , , , , , ,2,2,0,0,0,0,0,0,0,0,0,1,1,0,1,0,0,0,0,0,0,0,0,0,0,0,0,0,0,0,0,0,0,0,0,4,0,39.9181,-75.1507, ,Philadelphia
824,10332,2017052192,6,67,67301,2017,4,6,200,2,3,1,0,7,4, , ,N,0,0,0,3,0,0,1,1,N,N,40 01:26.590,75 11:08.775,9999, ,244, ,0, ,N, ,0, , , , , , , , , ,1,0,0,0,0,0,1,0,0,0,0,0,0,0,1,0,0,0,0,0,0,0,0,0,0,0,0,0,0,0,0,0,0,0,0,9,0,40.0241,-75.1858, ,Philadelphia
825,10359,2017014071,6,67,67301,2017,1,4,2300,23,3,2,1,4,1, , ,N,1,2,0,3,0,2,3,2,N,N,40 02:35.830,75 03:08.014,20, ,18, ,0, ,N, ,3, , , , , , , , , ,2,1,0,0,0,1,0,0,0,0,0,0,2,2,0,0,0,0,0,0,0,0,0,0,0,0,0,0,0,0,0,0,0,0,0,8,1,40.0432,-75.0523, ,Philadelphia
826,10370,2017043787,6,67,67301,2017,4,3,9999,99,2,1,0,0,1, , ,N,2,2,0,3,0,1,2,1,N, ,40 02:25.008,75 01:52.825,1900, ,1905, ,0, , , ,3, , , , , , , , , ,1,0,1,0,0,0,0,0,0,0,0,1,1,0,0,0,0,0,0,0,0,0,0,0,0,0,0,0,0,0,0,0,0,0,0,4,0,40.0402,-75.0313, ,Philadelphia
827,10377,2017052298,6,67,67301,2017,4,6,2315,23,3,1,0,5,6, , ,N,0,0,0,3,0,0,2,2,N,N,40 04:14.962,75 09:39.806,2315, ,2315,1,1,1,N, ,0,Y, , , , , , , , ,2,0,0,0,0,0,2,0,0,0,0,0,0,0,0,0,0,0,0,0,1,0,0,1,0,0,0,0,0,0,0,0,0,0,0,0,0,40.0708,-75.1611, ,Philadelphia
828,10379,2017052355,6,67,67301,2017,4,7,729,7,1,1,0,0,1, , ,N,0,0,0,3,0,1,1,1,N, ,40 01:57.914,75 04:52.254,735, ,731, ,0, , , ,0, , , , , , , , , ,1,0,0,0,0,0,0,0,0,0,0,0,1,1,0,0,0,0,0,0,0,0,0,0,0,0,0,0,0,0,0,0,0,0,0,8,0,40.0328,-75.0812, ,Philadelphia
829,10396,2017076338,6,67,67301,2017,6,4,1715,17,1,1,0,4,1, , ,N,1,2,0,3,0,1,3,2,N,N,40 02:21.930,75 04:38.559,1721, ,1719,2,1,1,N, ,3,Y, , , , , , , , ,2,1,0,0,0,0,1,0,0,0,0,0,1,1,0,0,0,0,0,0,0,0,0,0,0,0,0,0,0,0,0,0,0,0,0,8,0,40.0394,-75.0774, ,Philadelphia
830,10397,2017070490,6,67,67301,2017,6,4,9999,99,1,1,0,8,1, , ,N,0,0,0,3,0,1,2,2,N,N,40 00:00.323,75 08:36.670,2136, ,2136, ,0, ,N, ,0, , , , , , , , , ,1,0,0,0,1,0,0,0,0,0,0,0,1,1,0,0,0,0,0,0,0,0,0,1,0,0,0,0,0,0,0,0,1,0,0,8,0,40.0001,-75.1435, ,Philadelphia
831,10404,2017014087,6,67,67301,2017,1,2,848,8,1,1,0,4,1, , ,N,5,2,0,3,0,1,2,2,N,N,40 00:36.075,75 05:46.053,855, ,850, ,0, ,N, ,3, , , , , , , , , ,2,1,0,0,0,0,1,0,0,0,0,1,1,0,0,0,0,0,0,0,0,0,0,1,0,0,0,0,0,0,0,0,0,0,0,4,0,40.01,-75.0961, ,Philadelphia
832,10409,2017013940,6,67,67301,2017,1,5,1322,13,1,1,0,4,1, , ,N,2,3,7,3,0,2,2,2,N,N,39 54:26.218,75 11:16.282,1326, ,1325, ,0, ,N, ,3, , , , , , , , , ,2,2,0,0,0,0,0,0,0,0,0,0,2,2,0,0,0,0,0,0,0,0,0,0,0,0,0,0,0,0,0,0,0,0,0,8,0,39.9073,-75.1879, ,Philadelphia
833,10411,2017023107,6,46,46104,2017,2,4,1621,16,1,1,0,4,1, , ,N,1,2,0,3,0,2,3,2,N,N,39 59:17.897,75 15:14.312,1625, ,1621, ,0, , , ,3, , , , , , , , , ,2,2,0,0,0,0,0,0,0,0,2,0,2,0,0,0,0,0,0,0,0,0,1,0,0,0,0,0,0,0,0,0,0,0,0,3,0,39.9883,-75.254, ,Montgomery
834,10423,2017028917,6,67,67301,2017,2,1,118,1,3,1,0,1,6, , ,N,0,0,0,3,0,0,1,2,N,N,40 00:33.840,75 06:58.514,120, ,120, ,0, ,N, ,0, , , , , , , , , ,2,1,0,0,0,0,1,0,0,0,0,0,0,0,0,0,0,0,0,0,0,0,0,0,0,0,0,0,0,0,0,0,0,0,0,0,0,40.0094,-75.1163, ,Philadelphia
835,10425,2017019113,6,67,67301,2017,2,6,703,7,1,1,0,8,4, , ,N,0,0,7,3,0,1,2,2,N,N,39 57:03.000,75 09:13.200,720, ,714, ,0, ,N, ,0, , , , , , , , , ,1,0,0,0,1,0,0,0,0,0,0,1,1,0,0,0,0,0,0,0,0,0,0,0,0,0,0,0,0,0,0,0,1,0,0,4,0,39.9508,-75.1537, ,Philadelphia
836,10438,2017052384,6,67,67301,2017,5,4,946,9,1,1,0,4,1, , ,N,1,2,0,3,0,0,2,2,N, ,39 57:24.012,75 11:52.849,1112, ,949, ,0, , , ,3, , , , , , , , , ,2,0,0,0,1,0,1,0,0,0,0,0,0,0,0,0,0,0,0,0,1,0,0,0,0,0,0,0,0,0,0,0,0,0,0,0,0,39.9566,-75.198, ,Philadelphia
837,10447,2017055650,6,67,67301,2017,5,3,2154,21,3,1,0,7,3, , ,N,1,2,0,3,0,1,1,1,N,N,40 05:36.611,74 58:48.599,2205, ,2155, ,0, ,N, ,3, , , , , , , , , ,1,1,0,0,0,0,0,0,0,0,1,0,1,0,0,0,0,0,0,0,1,0,0,0,0,0,0,0,0,0,0,0,0,0,0,3,0,40.0935,-74.9802, ,Philadelphia
838,10450,2017002636,6,67,67301,2017,1,6,155,1,3,4,3,7,2, , ,N,0,0,0,3,0,0,1,1,N,N,40 01:37.415,75 01:33.048,208, ,208,3,2,2, , ,0,N, , , , , , , , ,1,0,0,0,0,1,0,0,0,0,0,0,0,0,0,0,0,0,0,0,1,0,0,0,0,0,0,0,0,0,0,0,0,0,0,0,1,40.0271,-75.0258, ,Philadelphia
839,10452,2017025287,6,67,67301,2017,1,5,1158,11,1,1,0,1,1, , ,N,0,0,0,3,0,0,3,3,N,N,39 58:08.141,75 07:40.528,1201, ,1158,1,2,1, , ,0,N, , , , , , , , ,3,0,0,0,0,1,1,0,0,0,0,0,0,0,0,0,0,0,0,0,0,0,0,0,0,0,0,0,0,0,0,0,0,0,0,0,1,39.9689,-75.1279, ,Philadelphia
840,10458,2017036385,6,67,67301,2017,4,5,930,9,1,2,1,4,1, , ,N,1,2,0,3,0,1,2,2,N,N,40 02:25.164,75 03:30.735,945, ,930,2,2,1,N, ,3,Y, , , , , , , , ,2,1,0,0,0,1,0,0,0,1,0,0,1,0,0,0,0,0,0,0,2,0,0,0,0,0,0,1,0,0,0,0,0,0,0,2,1,40.0403,-75.0585, ,Philadelphia
841,10466,2017028810,6,67,67301,2017,2,3,9999,99,3,1,0,1,1, , ,N,0,0,0,3,0,2,4,3,N,N,39 55:23.516,75 13:13.854,2053, ,2035, ,0, ,N, ,0, , , , , , , , , ,3,0,0,0,0,0,2,0,0,0,0,0,2,2,1,0,0,0,0,0,0,0,0,0,0,0,0,0,0,0,0,0,0,0,0,8,0,39.9232,-75.2205, ,Philadelphia
842,10467,2017037364,6,67,67301,2017,3,6,1742,17,1,1,0,1,1, , ,N,1,2,0,3,0,2,4,2,N,N,39 59:27.011,75 07:51.262,9999, ,1742, ,0, ,N, ,3, , , , , , , , , ,2,1,0,0,0,0,0,1,0,0,0,0,2,2,1,0,0,0,0,0,1,0,0,0,0,0,0,0,0,0,0,0,0,0,0,8,0,39.9908,-75.1309, ,Philadelphia
843,10468,2017043858,6,67,67301,2017,4,7,1223,12,1,1,0,4,1, , ,N,0,0,0,3,0,1,2,3,N,N,40 02:21.994,75 06:34.415,1235, ,1226, ,0, ,N, ,0, , , , , , , , , ,3,3,0,0,0,0,0,0,0,0,0,1,1,0,0,0,0,0,0,0,0,0,0,0,0,0,0,0,0,0,0,0,0,0,0,4,0,40.0394,-75.1096, ,Philadelphia
844,10469,2017021640,6,67,67301,2017,2,2,1315,13,1,1,0,4,1, , ,N,1,3,0,3,0,2,2,3,N, ,40 01:48.428,75 08:37.006,1335, ,1328, ,0, , , ,3, , , , , , , , , ,3,3,0,0,0,0,0,0,0,0,0,2,2,0,0,0,0,0,0,0,0,0,0,0,0,0,0,0,0,0,0,0,0,0,0,4,0,40.0301,-75.1436, ,Philadelphia
845,10477,2017052422,6,67,67301,2017,4,2,1930,19,4,1,0,4,1, , ,N,1,2,0,3,0,1,2,2,N,N,39 59:49.970,75 07:09.559,2015, ,2000, ,0, ,N, ,3, , , , , , , , , ,1,0,0,0,0,0,0,0,1,0,0,1,1,0,0,0,0,0,0,0,0,0,0,0,0,0,0,0,0,0,0,0,0,0,0,4,0,39.9972,-75.1194, ,Philadelphia
846,10481,2017060710,6,67,67301,2017,5,4,1700,17,1,1,0,4,1, , ,N,1,2,0,3,0,1,2,2,N,N,39 58:15.113,75 14:57.159,1725, ,1724, ,0, ,N, ,3, , , , , , , , , ,2,2,0,0,0,0,0,0,0,0,0,1,1,0,0,0,0,0,0,0,0,1,0,0,0,0,0,0,0,0,0,0,0,0,0,4,0,39.9709,-75.2492, ,Philadelphia