objectid_1,objectid,crn,district,county,municipality,crash_year,crash_month,day_of_week,time_of_day,hour_of_day,illumination,weather,road_condition,collision_type,relation_to_road,work_zone_type,work_zone_loc,work_zone_ind,intersect_type,tcd_type,location_type,urban_rural,fatal_count,injury_count,person_count,total_units,sch_bus_ind,sch_zone_ind,latitude,longitude,arrival_tm,cons_zone_spd_lim,dispatch_tm,est_hrs_closed,lane_closed,ln_close_dir,ntfy_hiwy_maint,spec_juris_cd,tcd_func_cd,tfc_detour_ind,workers_pres,wz_close_detour,wz_flagger,wz_law_offcr_ind,wz_ln_closure,wz_moving,wz_other,wz_shlder_mdn,vehicle_count,automobile_count,motorcycle_count,bus_count,small_truck_count,heavy_truck_count,suv_count,van_count,bicycle_count,maj_inj_count,mod_inj_count,min_inj_count,tot_inj_count,unk_inj_deg_count,unk_inj_per_count,driver_count_16yr,driver_count_17yr,driver_count_18yr,driver_count_19yr,driver_count_20yr,driver_count_50_64yr,driver_count_65_74yr,driver_count_75plus,unbelted_occ_count,unb_death_count,unb_maj_inj_count,belted_death_count,belted_maj_inj_count,mcycle_death_count,mcycle_maj_inj_count,bicycle_death_count,bicycle_maj_inj_count,ped_count,ped_death_count,ped_maj_inj_count,max_severity_level,comm_veh_count,dec_lat,dec_long,rdwy_surf_type_cd,county_name
1174,14908,2017043794,6,67,67301,2017,4,3,104,1,3,1,0,7,4, , ,N,0,0,0,3,0,0,5,1,N,N,39 58:37.999,75 11:53.818,115, ,112, ,0, ,N, ,0, , , , , , , , , ,1,0,0,0,0,0,0,1,0,0,0,0,0,0,0,0,0,0,0,0,0,0,0,0,0,0,0,0,0,0,0,0,0,0,0,0,0,39.9772,-75.1983, ,Philadelphia
1175,14929,2017052163,6,67,67301,2017,4,2,5,0,2,1,0,2,6, , ,N,0,0,0,3,0,0,1,2,N,N,39 59:40.376,75 08:33.399,17, ,10, ,0, , , ,0, , , , , , , , , ,2,1,0,0,0,0,1,0,0,0,0,0,0,0,0,0,0,0,0,0,0,0,0,0,0,0,0,0,0,0,0,0,0,0,0,0,0,39.9945,-75.1426, ,Philadelphia
1176,14949,2017007813,6,67,67301,2017,1,2,9999,99,1,2,1,2,1, , ,N,1,2,1,3,0,1,3,2,N,N,39 59:59.964,75 08:25.794,1145, ,1131, ,0, , , ,3, , , , , , , , , ,2,2,0,0,0,0,0,0,0,0,1,0,1,0,0,0,0,0,0,0,0,0,0,0,0,0,0,0,0,0,0,0,0,0,0,3,0,40,-75.1405, ,Philadelphia
1177,14963,2017043898,6,67,67301,2017,4,1,2008,20,3,1,0,4,1, , ,N,1,2,0,3,0,2,3,2,N, ,40 00:59.817,75 08:49.848,104, ,104, ,0, ,N, ,3, , , , , , , , , ,2,0,0,0,0,0,2,0,0,0,0,2,2,0,0,0,0,0,0,0,1,0,0,1,0,0,0,0,0,0,0,0,0,0,0,4,0,40.0166,-75.1472, ,Philadelphia
1178,15015,2017021516,6,67,67301,2017,2,6,920,9,1,1,0,8,1, , ,N,1,2,0,3,0,1,2,2,N, ,40 01:06.232,75 08:12.411,931, ,922, ,0, , , ,3, , , , , , , , , ,1,1,0,0,0,0,0,0,0,0,0,1,1,0,0,0,0,0,0,0,0,0,0,1,0,0,0,0,0,0,0,0,1,0,0,4,0,40.0184,-75.1368, ,Philadelphia
1179,15029,2017052338,6,67,67301,2017,5,4,148,1,3,1,0,7,4, , ,N,3,3,0,3,0,1,1,1,N, ,39 53:58.516,75 10:29.059,151, ,150, ,0, ,N, ,3, , , , , , , , , ,1,0,0,0,0,0,1,0,0,0,0,0,1,1,0,0,0,0,0,0,1,0,0,0,0,0,0,0,0,0,0,0,0,0,0,8,0,39.8996,-75.1747, ,Philadelphia
1180,15048,2017010579,6,67,67301,2017,1,2,1520,15,1,2,1,4,1, , ,N,1,2,0,3,0,1,4,2,N,N,39 58:13.810,75 14:03.170,1532, ,1527, ,0, ,N, ,9, , , , , , , , , ,2,0,0,0,0,0,2,0,0,0,0,0,1,1,0,0,0,0,0,0,1,0,0,0,0,0,0,0,0,0,0,0,0,0,0,8,0,39.9705,-75.2342, ,Philadelphia
1181,15051,2017041269,6,67,67301,2017,4,2,1616,16,1,1,0,5,1, , ,N,1,2,0,3,0,1,2,2,N,N,40 03:16.354,75 08:55.712,1642, ,1641, ,0, ,N, ,3, , , , , , , , , ,2,1,0,0,0,0,0,0,0,0,0,1,1,0,0,0,0,0,0,1,1,0,0,0,0,0,0,0,0,0,0,0,0,0,0,4,0,40.0545,-75.1488, ,Philadelphia
1182,15059,2017041241,6,67,67301,2017,4,1,1715,17,1,1,0,6,1, , ,N,5,2,0,3,0,3,5,2,N,N,39 58:02.982,75 13:55.046,1715, ,1716, ,0, ,N, ,3, , , , , , , , , ,2,1,0,0,0,0,1,0,0,0,0,0,3,3,2,0,0,0,0,0,0,1,0,0,0,0,0,0,0,0,0,0,0,0,0,8,0,39.9675,-75.2318, ,Philadelphia
1183,15061,2017043847,6,67,67301,2017,4,4,1650,16,1,1,0,8,1, , ,N,1,2,0,3,0,1,2,2,N, ,40 00:19.863,75 10:59.939,1730, ,1724, ,0, , , ,3, , , , , , , , , ,1,1,0,0,0,0,0,0,0,0,0,1,1,0,0,0,0,0,0,0,0,0,0,0,0,0,0,0,0,0,0,0,1,0,0,4,0,40.0055,-75.1834, ,Philadelphia
1184,15092,2017014105,6,67,67301,2017,1,1,1442,14,1,1,0,2,1, , ,N,1,2,0,3,0,3,5,3,N,N,39 59:16.184,75 10:50.095,1450, ,1445, ,0, ,N, ,3, , , , , , , , , ,3,3,0,0,0,0,0,0,0,0,0,0,3,3,0,0,0,0,0,0,0,0,0,1,0,0,0,0,0,0,0,0,0,0,0,8,0,39.9878,-75.1806, ,Philadelphia
1185,15097,2017038129,6,67,67301,2017,3,6,1411,14,1,2,1,7,4, , ,N,0,0,3,3,0,0,2,2,N,N,40 02:04.877,75 01:07.089,1424, ,1411,2,1,1, , ,0,N, , , , , , , , ,2,0,0,0,0,0,1,1,0,0,0,0,0,0,0,0,0,0,0,0,0,1,0,0,0,0,0,0,0,0,0,0,0,0,0,0,0,40.0347,-75.0186, ,Philadelphia
1186,15108,2017021527,6,67,67301,2017,2,4,2130,21,3,1,0,5,6, , ,N,0,0,0,3,0,0,1,3,N,N,39 58:14.083,75 10:24.108,2140, ,2135, ,0, ,N, ,0, , , , , , , , , ,3,3,0,0,0,0,0,0,0,0,0,0,0,0,0,0,0,0,0,0,0,0,0,1,0,0,0,0,0,0,0,0,0,0,0,0,0,39.9706,-75.1734, ,Philadelphia
1187,15128,2017050548,6,67,67301,2017,4,7,255,2,3,1,0,0,1, , ,N,0,0,0,3,0,0,4,1,N,N,39 59:08.069,75 05:37.374,258, ,258,1,2,2, , ,0,N, , , , , , , , ,1,1,0,0,0,0,0,0,0,0,0,0,0,0,0,0,0,0,0,0,0,0,0,0,0,0,0,0,0,0,0,0,0,0,0,0,0,39.9856,-75.0937, ,Philadelphia
1188,15146,2017041116,6,67,67301,2017,3,4,1030,10,1,1,0,4,1, , ,N,2,3,0,3,0,1,2,3,N, ,40 02:00.881,75 10:55.445,1039, ,1039, ,0, , , ,3, , , , , , , , , ,3,3,0,0,0,0,0,0,0,0,0,1,1,0,0,0,0,0,0,0,0,0,1,0,0,0,0,0,0,0,0,0,0,0,0,4,0,40.0336,-75.1821, ,Philadelphia
1189,15151,2017033107,6,67,67301,2017,3,7,1125,11,1,8,6,7,4, , ,N,0,0,1,3,0,1,1,1,N, ,39 58:23.467,75 07:11.987,1130, ,1125, ,0, , , ,0, , , , , , , , , ,1,1,0,0,0,0,0,0,0,0,0,1,1,0,0,0,0,0,0,0,0,0,0,1,0,0,0,0,0,0,0,0,0,0,0,4,0,39.9732,-75.12, ,Philadelphia
1190,15156,2017029014,6,67,67301,2017,2,1,335,3,3,1,0,4,1, , ,N,1,2,0,3,0,1,2,2,N, ,40 01:58.795,75 04:09.334,348, ,342,1,1,3, , ,3,N, , , , , , , , ,2,2,0,0,0,0,0,0,0,0,0,1,1,0,0,0,0,0,0,0,0,0,0,0,0,0,0,0,0,0,0,0,0,0,0,4,0,40.033,-75.0693, ,Philadelphia
1191,15172,2017052458,6,67,67301,2017,4,6,2255,22,3,1,0,4,1, , ,N,1,2,0,3,0,2,3,2,N, ,39 56:28.421,75 12:33.849,9999, ,113, ,0, , , ,3, , , , , , , , , ,2,1,0,0,0,0,1,0,0,0,1,1,2,0,0,0,0,0,0,0,0,0,0,1,0,0,0,0,0,0,0,0,0,0,0,3,0,39.9412,-75.2094, ,Philadelphia
1192,15215,2017055662,6,67,67301,2017,5,7,9999,99,1,1,0,7,4, , ,N,0,0,0,3,0,1,1,1,N,N,40 06:27.134,74 59:51.624,715, ,9999, ,0, , , ,0, , , , , , , , , ,1,1,0,0,0,0,0,0,0,0,1,0,1,0,0,0,0,0,0,0,0,0,0,0,0,0,0,0,0,0,0,0,0,0,0,3,0,40.1075,-74.9977, ,Philadelphia
1193,15220,2017052908,6,67,67301,2017,5,6,2005,20,3,1,0,0,1, , ,N,0,0,0,3,0,0,1,1,N,N,40 00:46.060,75 03:30.198,2038, ,2038, ,0, , , ,0, , , , , , , , , ,1,0,0,0,0,0,1,0,0,0,0,0,0,0,0,0,0,0,1,0,0,0,0,0,0,0,0,0,0,0,0,0,0,0,0,0,0,40.0128,-75.0584, ,Philadelphia
1194,15226,2017055906,6,67,67301,2017,6,5,224,2,3,1,0,5,6, , ,N,0,0,0,3,0,1,5,3,N,N,39 57:16.866,75 11:40.431,225, ,224,2,1,3,N, ,0,Y, , , , , , , , ,3,1,0,0,0,0,2,0,0,0,1,0,1,0,1,0,0,0,0,0,0,0,0,0,0,0,0,0,0,0,0,0,0,0,0,3,0,39.9547,-75.1946, ,Philadelphia
1195,15233,2017004039,6,67,67301,2017,1,1,838,8,1,1,4,1,1, , ,N,0,0,0,3,0,0,3,3,N,N,39 53:10.822,75 12:46.815,852, ,838,2,2,2, , ,0,N, , , , , , , , ,3,2,0,0,0,0,0,0,0,0,0,0,0,0,1,0,0,0,0,0,0,0,0,0,0,0,0,0,0,0,0,0,0,0,0,9,0,39.8863,-75.213, ,Philadelphia
1196,15238,2017014007,6,67,67301,2017,1,6,920,9,1,1,0,4,1, , ,N,1,2,0,3,0,2,2,2,N, ,40 05:49.711,75 01:05.375,9999, ,920, ,0, , , ,3, , , , , , , , , ,2,2,0,0,0,0,0,0,0,0,0,2,2,0,0,0,0,0,0,0,0,0,0,0,0,0,0,0,0,0,0,0,0,0,0,4,0,40.0971,-75.0182, ,Philadelphia
1197,15256,2017033557,6,67,67301,2017,2,3,2225,22,3,2,1,2,1, , ,N,0,0,0,3,0,1,3,2,N, ,40 02:28.231,75 02:55.164,2230, ,2242, ,0, , , ,0, , , , , , , , , ,2,2,0,0,0,0,0,0,0,0,0,1,1,0,0,0,0,0,0,0,0,0,0,1,0,0,0,0,0,0,0,0,0,0,0,4,0,40.0412,-75.0487, ,Philadelphia
1198,15262,2017053344,6,67,67301,2017,5,6,1020,10,1,2,1,7,4, , ,N,0,0,0,3,0,0,1,1,N,N,40 00:32.211,75 04:07.779,1020, ,1020, ,0, , , ,0, , , , , , , , , ,1,0,0,0,0,0,1,0,0,0,0,0,0,0,0,0,0,0,0,0,1,0,0,0,0,0,0,0,0,0,0,0,0,0,0,0,0,40.0089,-75.0688, ,Philadelphia
1199,15270,2017060615,6,67,67301,2017,5,2,49,0,3,2,1,7,4, , ,N,2,2,0,3,0,0,1,1,N, ,40 03:24.501,75 09:38.472,132, ,128, ,0, , , ,3, , , , , , , , , ,1,1,0,0,0,0,0,0,0,0,0,0,0,0,0,0,0,0,0,0,0,0,0,0,0,0,0,0,0,0,0,0,0,0,0,0,0,40.0568,-75.1607, ,Philadelphia
1200,15279,2017010754,6,67,67301,2017,1,6,1314,13,1,1,0,1,1, , ,N,0,0,0,3,0,0,3,3,N,N,39 57:28.831,75 09:49.229,1329, ,1314, ,0, , , ,0, , , , , , , , , ,3,2,0,0,0,0,1,0,0,0,0,0,0,0,0,0,0,0,0,0,0,0,0,0,0,0,0,0,0,0,0,0,0,0,0,0,0,39.958,-75.1637, ,Philadelphia
1201,15286,2017007762,6,67,67301,2017,1,5,1453,14,1,1,0,1,1, , ,N,2,2,0,3,0,1,2,2,N,N,40 03:47.001,75 09:43.405,1520, ,1510,1,2,6,N, ,3,Y, , , , , , , , ,2,1,0,0,0,0,1,0,0,0,1,0,1,0,0,0,0,0,0,0,1,0,0,0,0,0,0,0,0,0,0,0,0,0,0,3,0,40.0632,-75.162, ,Philadelphia
1202,15293,2017041363,6,67,67301,2017,4,4,1540,15,1,1,0,7,5, , ,N,0,0,0,3,0,3,3,1,N,N,40 02:59.977,75 07:28.699,1600, ,1555, ,0, ,N, ,0, , , , , , , , , ,1,0,0,0,0,0,1,0,0,0,0,0,3,3,0,0,0,0,0,0,0,0,0,1,0,0,0,0,0,0,0,0,0,0,0,8,0,40.05,-75.1246, ,Philadelphia
1203,15297,2017028896,6,67,67301,2017,2,2,1739,17,1,1,0,1,1, , ,N,2,2,0,3,0,2,3,2,N, ,39 55:00.970,75 12:57.138,1918, ,1739, ,0, , , ,2, , , , , , , , , ,2,1,0,0,0,0,0,0,0,0,0,0,2,2,1,0,0,0,0,1,0,0,0,2,0,0,0,0,0,0,0,0,0,0,0,8,0,39.9169,-75.2159, ,Philadelphia
1204,15324,2017055984,6,67,67301,2017,5,5,1657,16,1,1,0,5,1, , ,N,0,0,0,3,0,1,4,4,N,N,40 01:44.004,75 01:23.016,1714, ,1658,2,2,2, , ,0,N, , , , , , , , ,4,4,0,0,0,0,0,0,0,0,0,0,1,1,0,0,0,0,0,0,2,0,0,0,0,0,0,0,0,0,0,0,0,0,0,8,0,40.0289,-75.0231, ,Philadelphia
1205,15330,2017021986,6,67,67301,2017,2,5,2050,20,3,1,0,4,1, , ,N,1,3,0,3,0,1,3,2,N,N,39 54:22.370,75 14:50.855,2122, ,2122, ,0, ,N, ,3, , , , , , , , , ,2,1,0,0,0,0,0,1,0,0,0,1,1,0,0,0,0,0,0,0,0,1,0,0,0,0,0,0,0,0,0,0,0,0,0,4,0,39.9062,-75.2475, ,Philadelphia
1206,15347,2017043643,6,67,67301,2017,3,5,1744,17,1,1,0,1,1, , ,N,0,0,0,3,0,1,2,2,N,N,39 59:12.061,75 05:29.717,1759, ,1759, ,0, , , ,0, , , , , , , , , ,2,0,0,0,0,0,2,0,0,0,1,0,1,0,0,0,0,0,0,0,0,0,0,0,0,0,0,0,0,0,0,0,0,0,0,3,0,39.9867,-75.0916, ,Philadelphia
1207,15661,2017019692,6,67,67301,2017,2,4,751,7,1,1,0,5,1, , ,N,0,0,0,3,0,0,3,2,N,N,39 59:56.930,75 11:43.850,811, ,756,1,1,3, , ,0,N, , , , , , , , ,2,0,0,0,0,1,1,0,0,0,0,0,0,0,0,0,0,0,0,0,1,0,0,0,0,0,0,0,0,0,0,0,0,0,0,0,1,39.9991,-75.1955, ,Philadelphia
1208,15673,2017029982,6,67,67301,2017,3,1,1825,18,1,1,0,5,1, , ,N,0,2,0,3,0,1,2,3,N,N,39 57:20.664,75 12:11.217,1827, ,1827,2,1,3,N, ,3,N, , , , , , , , ,3,2,0,0,0,0,1,0,0,0,0,0,1,1,0,0,0,0,0,0,0,0,0,1,0,0,0,0,0,0,0,0,0,0,0,8,0,39.9557,-75.2031, ,Philadelphia
1209,15676,2017037358,6,67,67301,2017,3,1,1900,19,2,9,0,8,1, , ,N,0,0,0,3,0,1,2,2,N, ,39 59:13.200,75 08:14.500,9999, ,9999, ,0, , , ,0, , , , , , , , , ,1,1,0,0,0,0,0,0,0,0,1,0,1,0,0,0,0,0,0,0,0,0,0,1,0,0,0,0,0,0,0,0,1,0,0,3,0,39.987,-75.1374, ,Philadelphia
1210,15679,2017041394,6,67,67301,2017,3,6,740,7,1,2,1,1,1, , ,N,1,2,0,3,0,3,4,2,N,N,40 01:44.844,75 05:23.694,803, ,747,1,1,2,N, ,3,N, , , , , , , , ,2,2,0,0,0,0,0,0,0,0,3,0,3,0,1,0,0,0,0,0,1,0,0,0,0,0,0,0,0,0,0,0,0,0,0,3,0,40.0291,-75.0899, ,Philadelphia
1211,15685,2017035827,6,67,67301,2017,3,5,2305,23,3,1,0,4,1, , ,N,1,2,2,3,0,1,3,2,N,N,40 05:15.133,74 58:16.083,2314, ,2310, ,0, , , ,3, , , , , , , , , ,2,1,0,0,0,0,1,0,0,0,0,0,1,1,0,0,0,0,0,0,0,0,0,0,0,0,0,0,0,0,0,0,0,0,0,8,0,40.0875,-74.9711, ,Philadelphia
1212,15694,2017033510,6,67,67301,2017,2,5,9999,99,3,1,0,5,6, , ,N,0,0,0,3,0,0,1,4,N,N,39 56:18.056,75 09:41.144,1815, ,9999, ,0, ,N, ,0, , , , , , , , , ,4,3,0,0,0,0,1,0,0,0,0,0,0,0,1,0,0,0,0,0,0,0,0,0,0,0,0,0,0,0,0,0,0,0,0,9,0,39.9383,-75.1614, ,Philadelphia
1213,15730,2017037607,6,67,67301,2017,4,1,1457,14,1,1,0,1,1, , ,N,0,0,0,3,0,0,6,3,N,N,39 58:55.362,75 12:27.299,1510, ,1458,1,2,3, , ,0,N, , , , , , , , ,3,2,0,0,0,0,1,0,0,0,0,0,0,0,0,0,0,0,0,0,1,0,0,0,0,0,0,0,0,0,0,0,0,0,0,0,0,39.9815,-75.2071, ,Philadelphia
1214,15769,2017035742,6,67,67301,2017,3,5,1028,10,1,1,0,4,1, , ,N,1,2,0,3,0,3,4,2,N,N,40 01:57.099,75 11:23.212,1039, ,1032,1,1,4,N, ,3,Y, , , , , , , , ,2,0,0,0,0,0,2,0,0,0,0,3,3,0,0,0,0,0,0,0,0,0,0,0,0,0,0,0,0,0,0,0,0,0,0,4,0,40.0325,-75.1898, ,Philadelphia
1215,15777,2017052461,6,67,67301,2017,4,6,1902,19,1,1,0,5,6, , ,N,0,0,0,3,0,0,1,2,N,N,40 01:04.031,75 04:43.168,1903, ,1902,2,1,1, , ,0,N, , , , , , , , ,2,0,0,0,0,0,1,1,0,0,0,0,0,0,0,0,0,0,0,0,0,0,0,1,0,0,0,0,0,0,0,0,0,0,0,0,0,40.0178,-75.0787, ,Philadelphia
1216,15798,2017060671,6,67,67301,2017,5,5,1937,19,1,2,1,8,1, , ,N,0,0,0,3,0,1,2,2,N,N,40 01:20.611,75 04:31.533,1937, ,1937, ,0, ,N, ,0, , , , , , , , , ,1,1,0,0,0,0,0,0,0,0,0,0,1,1,0,0,0,0,0,0,0,0,0,0,0,0,0,0,0,0,0,0,1,0,0,8,0,40.0224,-75.0754, ,Philadelphia
1217,15826,2017040484,6,67,67301,2017,3,7,131,1,3,1,0,8,4, , ,N,0,2,0,3,0,1,2,2,N,N,39 59:35.656,75 05:06.362,132, ,132,2,2,2, , ,3,N, , , , , , , , ,1,1,0,0,0,0,0,0,0,0,1,0,1,0,0,0,0,0,0,0,0,0,0,0,0,0,0,0,0,0,0,0,1,0,0,3,0,39.9932,-75.0851, ,Philadelphia
1218,15841,2017052479,6,67,67301,2017,4,2,745,7,1,1,0,4,1, , ,N,1,3,0,3,0,2,3,3,N, ,40 02:03.641,75 05:32.194,745, ,740, ,0, , , ,3, , , , , , , , , ,3,1,0,0,0,0,2,0,0,0,0,2,2,0,0,0,0,0,0,0,0,0,0,0,0,0,0,0,0,0,0,0,0,0,0,4,0,40.0343,-75.0923, ,Philadelphia
1219,15850,2017070544,6,67,67301,2017,2,3,1634,16,1,1,0,1,1, , ,N,0,0,0,3,0,0,3,3,N,N,40 01:20.995,75 02:13.088,1657, ,1635, ,0, , , ,0, , , , , , , , , ,3,1,0,0,0,0,2,0,0,0,0,0,0,0,0,0,0,0,0,0,1,0,0,0,0,0,0,0,0,0,0,0,0,0,0,0,0,40.0225,-75.037, ,Philadelphia
1220,15857,2017019093,6,67,67301,2017,2,4,1446,14,1,1,0,1,1, , ,N,1,2,0,3,0,1,3,2,N,N,40 04:17.608,75 09:27.532,1615, ,1604, ,0, ,N, ,3, , , , , , , , , ,2,2,0,0,0,0,0,0,0,0,0,0,1,1,1,0,0,0,0,0,0,1,0,0,0,0,0,0,0,0,0,0,0,0,0,8,0,40.0716,-75.1576, ,Philadelphia
1221,15875,2017033502,6,67,67301,2017,3,4,1034,10,1,1,1,4,6, , ,N,0,0,0,3,0,0,1,2,N, ,39 54:25.858,75 09:13.554,1041, ,1036, ,0, , , ,0, , , , , , , , , ,2,0,0,0,0,0,2,0,0,0,0,0,0,0,0,0,0,0,0,0,0,0,0,0,0,0,0,0,0,0,0,0,0,0,0,0,0,39.9072,-75.1538, ,Philadelphia
1222,15882,2017051786,6,67,67301,2017,5,6,1522,15,1,1,0,5,1, , ,N,0,0,0,3,0,0,2,2,N,N,40 01:08.796,75 02:46.366,1537, ,1524,2,2,2, , ,0,N, , , , , , , , ,2,1,0,0,0,1,0,0,0,0,0,0,0,0,0,0,0,1,0,0,0,0,0,0,0,0,0,0,0,0,0,0,0,0,0,0,1,40.0191,-75.0462, ,Philadelphia
1223,15905,2017010589,6,67,67301,2017,1,3,705,7,1,4,1,4,1, , ,N,1,2,0,3,0,3,3,2,N,N,40 00:47.439,75 04:13.514,727, ,716, ,0, , , ,3, , , , , , , , , ,2,2,0,0,0,0,0,0,0,0,0,0,3,3,0,0,0,0,0,0,0,0,0,1,0,0,0,0,0,0,0,0,0,0,0,8,0,40.0132,-75.0704, ,Philadelphia
1224,15933,2017052171,6,67,67301,2017,4,6,900,9,1,1,0,4,1, , ,N,0,0,7,3,0,0,3,2,N, ,40 04:58.033,75 02:16.189,910, ,905,1,1,4, , ,0,N, , , , , , , , ,2,2,0,0,0,0,0,0,0,0,0,0,0,0,0,0,0,0,0,0,0,1,1,0,0,0,0,0,0,0,0,0,0,0,0,0,0,40.0825,-75.0377, ,Philadelphia
1225,15354,2017018553,6,67,67301,2017,2,1,139,1,3,1,0,1,6, , ,N,0,0,0,3,0,1,1,3,N,N,40 05:43.598,75 02:15.018,154, ,148, ,0, ,N, ,0, , , , , , , , , ,3,1,0,0,0,0,2,0,0,0,0,1,1,0,0,0,0,0,0,0,0,0,0,0,0,0,0,0,0,0,0,0,0,0,0,4,0,40.0954,-75.0375, ,Philadelphia
1226,15370,2017060493,6,67,67301,2017,5,3,1615,16,1,1,0,4,1, , ,N,1,2,0,3,0,1,2,2,N, ,39 58:15.113,75 14:57.159,1630, ,1625,1,1,2,N, ,3,Y, , , , , , , , ,2,0,0,0,0,0,2,0,0,0,0,0,1,1,0,0,0,0,0,0,1,0,0,0,0,0,0,0,0,0,0,0,0,0,0,8,0,39.9709,-75.2492, ,Philadelphia
1227,15376,2017016611,6,67,67301,2017,2,4,2157,21,3,1,0,1,1, , ,N,0,0,0,3,0,0,3,2,N,N,39 57:49.822,75 11:03.217,2209, ,2159, ,0, , , ,0, , , , , , , , , ,2,1,0,0,0,0,1,0,0,0,0,0,0,0,0,0,0,0,0,0,0,0,0,0,0,0,0,0,0,0,0,0,0,0,0,0,0,39.9638,-75.1842, ,Philadelphia
1228,15378,2017013952,6,67,67301,2017,1,1,1423,14,1,2,1,7,4, , ,N,0,0,0,3,0,1,1,1,N,N,40 01:57.150,75 01:10.261,1503, ,1450, ,0, ,N, ,0, , , , , , , , , ,1,1,0,0,0,0,0,0,0,0,0,1,1,0,0,0,0,0,0,0,1,0,0,0,0,0,0,0,0,0,0,0,0,0,0,4,0,40.0325,-75.0195, ,Philadelphia
1229,15380,2017013928,6,67,67301,2017,1,4,1925,19,3,2,1,7,3, , ,N,0,4,6,3,0,1,1,2,N,N,40 03:02.424,75 03:03.355,1940, ,1930,2,1,1, , ,3,N, , , , , , , , ,1,1,0,0,0,0,0,0,0,0,0,1,1,0,0,0,0,0,0,0,0,0,0,0,0,0,0,0,0,0,0,0,0,0,0,4,0,40.0506,-75.0509, ,Philadelphia
1230,15390,2017019159,6,67,67301,2017,1,1,1501,15,1,1,0,5,6, , ,N,0,0,0,3,0,1,1,3,N,N,39 55:11.280,75 09:16.131,1515, ,1511, ,0, ,N, ,0, , , , , , , , , ,3,3,0,0,0,0,0,0,0,0,0,1,1,0,0,0,0,0,0,0,0,1,0,0,0,0,0,0,0,0,0,0,0,0,0,4,0,39.9198,-75.1545, ,Philadelphia
1231,15394,2017028964,6,67,67301,2017,2,4,730,7,1,1,0,4,1, , ,N,1,3,0,3,0,0,2,2,N,N,39 58:09.900,75 09:47.600,745, ,736, ,0, ,N, ,3, , , , , , , , , ,2,2,0,0,0,0,0,0,0,0,0,0,0,0,0,0,0,0,0,0,0,0,0,0,0,0,0,0,0,0,0,0,0,0,0,0,0,39.9694,-75.1632, ,Philadelphia
1232,15405,2017052249,6,67,67301,2017,4,3,1955,19,3,2,1,7,4, , ,N,0,0,0,3,0,0,1,1,N,N,40 07:54.302,75 00:46.707,2010, ,1958, ,0, , , ,0, , , , , , , , , ,1,1,0,0,0,0,0,0,0,0,0,0,0,0,0,0,0,0,0,0,0,0,0,0,0,0,0,0,0,0,0,0,0,0,0,0,0,40.1318,-75.013, ,Philadelphia
1233,15413,2017060734,6,67,67301,2017,5,6,1645,16,1,1,0,1,1, , ,N,0,0,7,3,0,1,2,2,N,N,40 00:43.300,75 03:33.070,1739, ,1728, ,0, ,N, ,0, , , , , , , , , ,2,0,1,0,0,1,0,0,0,1,0,0,1,0,0,0,0,0,0,0,1,0,0,0,0,0,0,0,0,1,0,0,0,0,0,2,1,40.012,-75.0592, ,Philadelphia
1234,15428,2017013937,6,67,67301,2017,1,2,2310,23,3,1,0,4,1, , ,N,2,3,0,3,0,1,2,2,N,N,39 56:46.665,75 09:10.832,2316, ,2314, ,0, ,N, ,3, , , , , , , , , ,2,2,0,0,0,0,0,0,0,0,0,1,1,0,0,0,0,0,0,0,0,0,0,0,0,0,0,0,0,0,0,0,0,0,0,4,0,39.9463,-75.153, ,Philadelphia
1235,15441,2017010573,6,67,67301,2017,1,3,542,5,3,1,0,4,1, , ,N,2,2,0,3,0,2,2,2,N,N,39 57:34.816,75 14:50.653,550, ,547, ,0, ,N, ,3, , , , , , , , , ,2,1,0,0,0,0,1,0,0,0,0,0,2,2,0,0,0,0,0,0,1,0,0,0,0,0,0,0,0,0,0,0,0,0,0,8,0,39.9597,-75.2474, ,Philadelphia
1236,15444,2017033556,6,67,67301,2017,2,3,1620,16,1,1,0,8,1, , ,N,1,3,0,3,0,1,2,2,N, ,40 03:32.450,75 10:44.147,1634, ,1630, ,0, , , ,3, , , , , , , , , ,1,0,0,0,0,0,1,0,0,0,0,0,1,1,0,0,0,0,0,0,1,0,0,0,0,0,0,0,0,0,0,0,1,0,0,8,0,40.059,-75.1789, ,Philadelphia
1237,15453,2017043869,6,67,67301,2017,4,5,1055,10,1,1,0,4,1, , ,N,2,3,0,3,0,2,2,2,N,N,40 04:57.115,74 59:13.376,1100, ,1057,1,1,3,N, ,3,N, , , , , , , , ,2,2,0,0,0,0,0,0,0,0,0,2,2,0,0,0,0,0,0,0,0,0,1,0,0,0,0,0,0,0,0,0,0,0,0,4,0,40.0825,-74.987, ,Philadelphia
1238,15461,2017028954,6,67,67301,2017,2,4,1745,17,4,1,0,5,1, , ,N,0,0,0,3,0,1,6,6,N,N,40 00:32.994,75 04:01.002,1815, ,1800, ,0, ,N, ,0, , , , , , , , , ,6,2,0,0,0,0,3,1,0,0,0,1,1,0,0,0,0,0,0,0,2,0,0,0,0,0,0,0,0,0,0,0,0,0,0,4,0,40.0092,-75.0669, ,Philadelphia