objectid_1,objectid,crn,district,county,municipality,crash_year,crash_month,day_of_week,time_of_day,hour_of_day,illumination,weather,road_condition,collision_type,relation_to_road,work_zone_type,work_zone_loc,work_zone_ind,intersect_type,tcd_type,location_type,urban_rural,fatal_count,injury_count,person_count,total_units,sch_bus_ind,sch_zone_ind,latitude,longitude,arrival_tm,cons_zone_spd_lim,dispatch_tm,est_hrs_closed,lane_closed,ln_close_dir,ntfy_hiwy_maint,spec_juris_cd,tcd_func_cd,tfc_detour_ind,workers_pres,wz_close_detour,wz_flagger,wz_law_offcr_ind,wz_ln_closure,wz_moving,wz_other,wz_shlder_mdn,vehicle_count,automobile_count,motorcycle_count,bus_count,small_truck_count,heavy_truck_count,suv_count,van_count,bicycle_count,maj_inj_count,mod_inj_count,min_inj_count,tot_inj_count,unk_inj_deg_count,unk_inj_per_count,driver_count_16yr,driver_count_17yr,driver_count_18yr,driver_count_19yr,driver_count_20yr,driver_count_50_64yr,driver_count_65_74yr,driver_count_75plus,unbelted_occ_count,unb_death_count,unb_maj_inj_count,belted_death_count,belted_maj_inj_count,mcycle_death_count,mcycle_maj_inj_count,bicycle_death_count,bicycle_maj_inj_count,ped_count,ped_death_count,ped_maj_inj_count,max_severity_level,comm_veh_count,dec_lat,dec_long,rdwy_surf_type_cd,county_name
1239,15496,2017052126,6,67,67301,2017,4,4,1750,17,1,1,0,1,1, , ,N,2,2,0,3,0,1,2,2,N, ,39 59:59.343,75 13:10.070,1805, ,1751,1,1,7, , ,3,N, , , , , , , , ,2,1,0,0,0,0,1,0,0,0,0,1,1,0,1,0,0,0,0,0,0,0,0,0,0,0,0,0,0,0,0,0,0,0,0,4,0,39.9998,-75.2195, ,Philadelphia
1240,15503,2017055697,6,67,67301,2017,5,5,125,1,3,1,0,4,1, , ,N,1,2,0,3,0,2,2,2,N,N,39 59:40.391,75 09:33.775,142, ,141,9,1,3, , ,3,N, , , , , , , , ,2,1,0,0,0,0,1,0,0,0,0,2,2,0,0,0,0,0,0,0,0,0,0,0,0,0,0,0,0,0,0,0,0,0,0,4,0,39.9945,-75.1593, ,Philadelphia
1241,15505,2017055567,6,67,67301,2017,4,4,855,8,1,2,1,8,1, , ,N,1,2,0,3,0,1,2,2,N, ,39 54:49.676,75 14:10.316,1215, ,1211, ,0, , , ,3, , , , , , , , , ,1,1,0,0,0,0,0,0,0,0,0,0,1,1,0,0,0,0,0,0,0,0,0,1,0,0,0,0,0,0,0,0,1,0,0,8,0,39.9138,-75.2362, ,Philadelphia
1242,15509,2017060520,6,67,67301,2017,5,6,1521,15,1,1,0,8,1, , ,N,1,3,0,3,0,1,2,2,N,N,39 56:13.675,75 13:14.552,1615, ,1532, ,0, ,N, ,3, , , , , , , , , ,1,1,0,0,0,0,0,0,0,0,0,0,1,1,0,0,0,0,0,0,0,0,0,1,0,0,0,0,0,0,0,0,1,0,0,8,0,39.9371,-75.2207, ,Philadelphia
1243,15511,2017060613,6,67,67301,2017,5,7,119,1,3,1,0,5,6, , ,N,0,0,0,3,0,1,1,2,N,N,39 59:14.915,75 10:50.371,120, ,121, ,0, , , ,0, , , , , , , , , ,2,1,0,0,0,0,1,0,0,0,1,0,1,0,0,0,0,0,0,0,0,0,1,1,0,0,0,0,0,0,0,0,0,0,0,3,0,39.9875,-75.1807, ,Philadelphia
1244,15529,2017037488,6,67,67301,2017,3,3,45,0,3,4,3,6,6, , ,N,0,0,0,3,0,0,1,2,N,N,40 02:02.874,75 04:53.547,52, ,47, ,0, , , ,0, , , , , , , , , ,2,0,0,0,0,0,2,0,0,0,0,0,0,0,1,0,0,0,0,0,0,0,0,0,0,0,0,0,0,0,0,0,0,0,0,9,0,40.0341,-75.0815, ,Philadelphia
1245,15533,2017037367,6,67,67301,2017,3,2,1610,16,1,1,0,4,1, , ,N,2,3,0,3,0,1,2,2,N,N,40 02:01.415,75 09:39.766,1628, ,1626, ,0, ,N, ,3, , , , , , , , , ,2,1,0,0,0,0,1,0,0,0,0,0,1,1,0,0,0,0,0,0,0,0,0,1,0,0,0,0,0,0,0,0,0,0,0,8,0,40.0337,-75.161, ,Philadelphia
1246,15539,2017021485,6,67,67301,2017,2,6,800,8,1,1,0,8,1, , ,N,2,0,0,3,0,1,2,2,N, ,40 02:28.262,75 07:35.439,815, ,811, ,0, ,N, ,0, , , , , , , , , ,1,0,0,0,0,0,1,0,0,1,0,0,1,0,0,0,0,0,0,0,1,0,0,0,0,0,0,0,0,0,0,0,1,0,1,2,0,40.0412,-75.1265, ,Philadelphia
1247,15561,2017060608,6,67,67301,2017,5,3,813,8,1,1,0,1,1, , ,N,3,2,3,3,0,2,4,2,N,N,39 57:20.601,75 10:50.529,9999, ,843, ,0, , , ,3, , , , , , , , , ,2,0,0,0,0,0,1,1,0,0,0,0,2,2,0,0,0,0,0,0,0,0,0,0,0,0,0,0,0,0,0,0,0,0,0,8,0,39.9557,-75.1807, ,Philadelphia
1248,15563,2017060639,6,67,67301,2017,5,5,1533,15,1,1,0,4,1, , ,N,1,3,0,3,0,2,4,2,N,N,39 58:43.280,75 14:58.891,1536, ,1535, ,0, ,N, ,3, , , , , , , , , ,2,1,0,0,0,0,1,0,0,0,0,2,2,0,0,0,0,0,0,1,0,0,0,0,0,0,0,0,0,0,0,0,0,0,0,4,0,39.9787,-75.2497, ,Philadelphia
1249,15567,2017014134,6,67,67301,2017,2,5,1919,19,3,1,0,1,1, , ,N,0,0,0,3,0,0,4,3,N,N,39 57:35.800,75 10:42.069,1924, ,1924,1,2,4, , ,0,N, , , , , , , , ,3,3,0,0,0,0,0,0,0,0,0,0,0,0,0,0,0,1,0,0,1,0,0,0,0,0,0,0,0,0,0,0,0,0,0,0,0,39.9599,-75.1784, ,Philadelphia
1250,15594,2017033513,6,67,67301,2017,2,7,9999,99,1,1,0,1,1, , ,N,0,0,0,3,0,1,4,2,N,N,39 54:49.884,75 08:55.624,1350, ,1348,1,1,3,N, ,0,N, , , , , , , , ,2,1,0,0,0,0,1,0,0,0,0,1,1,0,0,0,0,0,0,0,0,0,0,0,0,0,0,0,0,0,0,0,0,0,0,4,0,39.9139,-75.1488, ,Philadelphia
1251,15597,2017021534,6,67,67301,2017,2,6,1550,15,1,1,0,5,1, , ,N,0,0,0,3,0,1,2,2,N, ,39 57:31.310,75 13:36.786,1550, ,1550, ,0, , , ,0, , , , , , , , , ,2,1,0,0,0,0,1,0,0,0,0,1,1,0,0,0,0,0,0,0,0,0,0,0,0,0,0,0,0,0,0,0,0,0,0,4,0,39.9587,-75.2269, ,Philadelphia
1252,15598,2017041209,6,67,67301,2017,3,6,1325,13,1,1,0,7,4, , ,N,0,0,0,3,0,1,1,1,N, ,40 03:29.932,75 03:09.160,1334, ,1330,2,2,2, , ,0,Y, , , , , , , , ,1,0,0,0,0,0,1,0,0,0,1,0,1,0,0,0,0,0,0,0,1,0,0,0,0,0,0,0,0,0,0,0,0,0,0,3,0,40.0583,-75.0525, ,Philadelphia
1253,15611,2017050392,6,67,67301,2017,5,7,100,1,3,1,0,7,5, , ,N,0,0,0,3,0,1,1,1,N,N,39 57:34.005,75 08:27.414,109, ,105,2,2,2, , ,0,N, , , , , , , , ,1,1,0,0,0,0,0,0,0,0,0,0,1,1,0,0,0,0,0,0,0,0,0,0,0,0,0,0,0,0,0,0,0,0,0,8,0,39.9594,-75.1409, ,Philadelphia
1254,15619,2017007823,6,67,67301,2017,1,2,1715,17,3,2,1,1,2, , ,N,0,0,0,3,0,1,2,3,N,N,40 03:11.500,75 04:50.030,1725, ,1719,2,2,5,N, ,0,N, , , , , , , , ,3,2,0,0,0,0,0,1,0,0,0,1,1,0,0,0,0,0,0,0,1,0,1,0,0,0,0,0,0,0,0,0,0,0,0,4,0,40.0532,-75.0806, ,Philadelphia
1255,15622,2017017648,6,67,67301,2017,2,5,1029,10,1,3,4,1,1, , ,N,0,0,0,3,0,2,2,2,N,N,39 59:00.961,75 05:50.436,1100, ,1050,1,1,1, , ,0,N, , , , , , , , ,2,0,0,0,0,0,0,2,0,0,0,0,2,2,0,0,0,0,0,0,0,0,0,0,0,0,0,0,0,0,0,0,0,0,0,8,0,39.9836,-75.0973, ,Philadelphia
1256,15623,2017018555,6,67,67301,2017,1,2,1600,16,1,1,0,1,1, , ,N,0,0,0,3,0,0,3,3,N,N,40 05:06.591,75 02:12.103,1624, ,1617, ,0, ,N, ,0, , , , , , , , , ,3,1,0,0,0,0,2,0,0,0,0,0,0,0,0,0,0,0,0,0,1,0,0,0,0,0,0,0,0,0,0,0,0,0,0,0,0,40.0852,-75.0367, ,Philadelphia
1257,15624,2017014853,6,67,67301,2017,2,2,1633,16,1,1,0,8,1, , ,N,1,2,0,3,0,1,4,2,N,N,40 00:11.510,75 09:08.812,1635, ,1635, ,0, ,N, ,3, , , , , , , , , ,1,1,0,0,0,0,0,0,0,0,1,0,1,0,0,0,0,0,0,0,0,0,1,0,0,0,0,0,0,0,0,0,1,0,0,3,0,40.0032,-75.1525, ,Philadelphia
1258,15629,2017033064,6,67,67301,2017,2,6,1708,17,1,1,0,1,1, , ,N,1,2,0,3,0,0,4,2,N, ,39 55:05.839,75 12:32.264,1743, ,1738, ,0, , , ,3, , , , , , , , , ,2,2,0,0,0,0,0,0,0,0,0,0,0,0,0,0,0,0,0,0,0,0,0,1,0,0,0,0,0,0,0,0,0,0,0,0,0,39.9182,-75.2088, ,Philadelphia
1259,15633,2017037475,6,67,67301,2017,3,5,1030,10,1,1,1,1,1, , ,N,1,2,0,3,0,2,3,2,N, ,39 57:09.028,75 12:33.361,1036, ,1034, ,0, , , ,3, , , , , , , , , ,2,0,0,0,0,0,2,0,0,0,2,0,2,0,0,0,0,0,0,0,0,0,0,0,0,0,0,0,0,0,0,0,0,0,0,3,0,39.9525,-75.2093, ,Philadelphia
1260,15638,2017037474,6,67,67301,2017,3,5,1402,14,1,8,6,7,4, , ,N,0,0,0,3,0,1,1,1,N,N,39 59:30.393,75 13:02.145,1408, ,1402,3,2,5,N, ,0,Y, , , , , , , , ,1,0,0,0,0,0,1,0,0,0,1,0,1,0,0,0,0,0,0,0,1,0,0,0,0,0,0,0,0,0,0,0,0,0,0,3,0,39.9918,-75.2173, ,Philadelphia
1261,14321,2017007894,6,67,67301,2017,1,5,1145,11,1,1,0,4,2, , ,N,0,0,0,3,0,0,1,2,N, ,39 58:58.980,75 08:12.150,1220, ,1148,1,1,2, , ,0,N, , , , , , , , ,2,0,0,0,1,0,1,0,0,0,0,0,0,0,0,0,0,0,0,0,0,0,0,0,0,0,0,0,0,0,0,0,0,0,0,0,0,39.9831,-75.1367, ,Philadelphia
1262,14325,2017042378,6,67,67301,2017,4,6,1041,10,1,1,0,0,1, , ,N,0,0,0,3,0,1,2,2,N,N,39 58:59.020,75 05:54.711,1045, ,1041, ,0, , , ,0, , , , , , , , , ,2,2,0,0,0,0,0,0,0,0,1,0,1,0,0,0,0,0,0,0,1,0,0,0,0,0,0,0,0,0,0,0,0,0,0,3,0,39.9831,-75.0985, ,Philadelphia
1263,14327,2017037431,6,67,67301,2017,3,3,1615,16,1,1,0,4,1, , ,N,1,3,0,3,0,1,2,2,N, ,40 02:20.893,75 01:48.133,1645, ,1640, ,0, , , ,3, , , , , , , , , ,2,1,0,0,0,0,1,0,0,0,0,0,1,1,1,0,0,0,0,0,0,0,0,0,0,0,0,0,0,0,0,0,0,0,0,8,0,40.0391,-75.03, ,Philadelphia
1264,14328,2017041244,6,67,67301,2017,4,6,1435,14,1,1,0,4,1, , ,N,1,3,0,3,0,1,2,2,N,N,40 04:02.812,75 09:36.705,1630, ,1619, ,0, ,N, ,3, , , , , , , , , ,2,2,0,0,0,0,0,0,0,0,0,1,1,0,1,0,0,0,0,0,0,0,1,0,0,0,0,0,0,0,0,0,0,0,0,4,0,40.0674,-75.1602, ,Philadelphia
1265,14336,2017028993,6,67,67301,2017,2,1,2100,21,3,1,1,4,1, , ,N,1,3,0,3,0,1,2,2,N,N,39 59:10.687,75 06:42.883,2140, ,2120,2,2,4, , ,3,Y, , , , , , , , ,2,2,0,0,0,0,0,0,0,0,0,1,1,0,0,0,0,0,0,0,0,0,0,1,0,0,0,0,0,0,0,0,0,0,0,4,0,39.9863,-75.1119, ,Philadelphia
1266,14339,2017035680,6,67,67301,2017,3,2,1555,15,1,1,0,4,1, , ,N,1,2,0,3,0,0,2,2,N,N,40 00:54.888,75 10:11.461,1602, ,1602, ,0, ,N, ,3, , , , , , , , , ,2,1,0,0,0,0,1,0,0,0,0,0,0,0,0,0,0,0,0,0,1,0,0,0,0,0,0,0,0,0,0,0,0,0,0,0,0,40.0152,-75.1699, ,Philadelphia
1267,14357,2017019176,6,67,67301,2017,1,3,2055,20,3,1,0,5,6, , ,N,0,0,0,3,0,0,1,2,N,N,39 56:11.000,75 11:43.962,2120, ,2112,2,2,2,N, ,0,Y, , , , , , , , ,2,1,0,0,1,0,0,0,0,0,0,0,0,0,1,0,0,0,0,0,0,0,0,0,0,0,0,0,0,0,0,0,0,0,0,9,0,39.9364,-75.1955, ,Philadelphia
1268,14392,2017054995,6,67,67301,2017,5,3,1313,13,1,2,1,8,1, , ,N,1,3,0,3,0,1,2,2,N,N,39 58:47.812,75 09:19.414,1318, ,1315, ,0, ,N, ,3, , , , , , , , , ,1,0,0,0,0,0,0,1,0,0,1,0,1,0,0,0,0,0,0,0,0,0,1,0,0,0,0,0,0,0,0,0,1,0,0,3,0,39.9799,-75.1554, ,Philadelphia
1269,14397,2017067819,6,67,67301,2017,5,4,822,8,1,1,0,1,1, , ,N,0,0,0,3,0,2,3,2,N,N,40 02:26.595,75 01:48.479,822, ,822, ,0, , , ,0, , , , , , , , , ,2,0,0,0,0,0,2,0,0,0,0,2,2,0,0,0,0,0,0,0,1,0,0,0,0,0,0,0,0,0,0,0,0,0,0,4,0,40.0407,-75.0301, ,Philadelphia
1270,14399,2017067895,6,67,67301,2017,6,4,841,8,1,1,0,4,1, , ,N,0,0,7,3,0,0,2,3,N,N,40 01:50.254,75 03:54.022,9999, ,901,2,1,3,N, ,0,N, , , , , , , , ,3,2,0,0,0,0,1,0,0,0,0,0,0,0,0,0,0,0,0,0,1,0,0,0,0,0,0,0,0,0,0,0,0,0,0,0,0,40.0306,-75.065, ,Philadelphia
1271,14423,2017043815,6,67,67301,2017,4,3,9999,99,1,1,0,8,1, , ,N,1,0,0,3,0,1,2,2,N, ,39 55:35.252,75 13:59.106,1354, ,1315, ,0, , , ,0, , , , , , , , , ,1,1,0,0,0,0,0,0,0,0,0,1,1,0,0,0,0,0,0,0,0,1,0,1,0,0,0,0,0,0,0,0,1,0,0,4,0,39.9265,-75.2331, ,Philadelphia
1272,14496,2017058273,6,67,67301,2017,5,3,815,8,1,1,0,4,1, , ,N,2,2,0,3,0,2,2,2,N,N,40 04:23.306,75 11:21.255,828, ,827, ,0, , , ,3, , , , , , , , , ,2,2,0,0,0,0,0,0,0,0,0,0,2,2,0,0,0,0,0,0,0,0,0,2,0,0,0,0,0,0,0,0,0,0,0,8,0,40.0731,-75.1892, ,Philadelphia
1273,14509,2017041338,6,67,67301,2017,4,1,953,9,1,1,0,4,1, , ,N,1,2,0,3,0,1,3,2,N,N,40 02:17.558,75 11:24.246,1000, ,959,3,1,2, , ,3,Y, , , , , , , , ,2,2,0,0,0,0,0,0,0,0,0,1,1,0,0,0,0,0,0,0,0,0,0,0,0,0,0,0,0,0,0,0,0,0,0,4,0,40.0382,-75.1901, ,Philadelphia
1274,14525,2017043883,6,67,67301,2017,4,1,910,9,1,1,0,4,1, , ,N,1,2,0,3,0,1,3,2,N,N,40 03:14.351,75 02:56.006,930, ,915, ,0, ,N, ,3, , , , , , , , , ,2,2,0,0,0,0,0,0,0,0,0,1,1,0,0,0,0,0,1,0,1,0,0,0,0,0,0,0,0,0,0,0,0,0,0,4,0,40.0542,-75.0493, ,Philadelphia
1275,14530,2017052424,6,67,67301,2017,4,4,2040,20,3,1,0,3,6, , ,N,0,0,0,3,0,1,2,5,N,N,39 59:28.871,75 08:02.884,2053, ,2046, ,0, ,N, ,0, , , , , , , , , ,4,1,0,0,1,0,2,0,0,0,0,1,1,0,0,0,0,0,0,0,0,1,0,1,0,0,0,0,0,0,0,0,1,0,0,4,0,39.9914,-75.1341, ,Philadelphia
1276,14532,2017052434,6,67,67301,2017,4,5,600,6,1,1,0,4,1, , ,N,1,2,0,3,0,2,3,2,N, ,40 01:51.218,75 05:34.900,609, ,606,1,1,1, , ,2,N, , , , , , , , ,2,1,0,0,0,0,1,0,0,0,0,0,2,2,0,0,0,0,0,0,0,0,0,0,0,0,0,0,0,0,0,0,0,0,0,8,0,40.0309,-75.093, ,Philadelphia
1277,14542,2017062070,6,67,67301,2017,6,5,1747,17,1,1,0,1,1, , ,N,0,0,0,3,0,2,4,4,N,N,39 53:56.372,75 10:41.648,1806, ,1754,3,2,1, , ,0,N, , , , , , , , ,4,3,0,0,0,0,1,0,0,0,2,0,2,0,0,0,0,0,0,0,0,0,0,0,0,0,0,0,0,0,0,0,0,0,0,3,0,39.899,-75.1782, ,Philadelphia
1278,14545,2017060626,6,67,67301,2017,5,2,1525,15,1,1,0,1,1, , ,N,1,2,0,3,0,3,5,3,N,N,40 01:42.391,75 09:12.945,1530, ,1530, ,0, ,N, ,3, , , , , , , , , ,3,3,0,0,0,0,0,0,0,0,0,0,3,3,1,0,0,0,0,0,2,0,0,3,0,0,0,0,0,0,0,0,0,0,0,8,0,40.0284,-75.1536, ,Philadelphia
1279,14558,2017008749,6,67,67301,2017,1,2,2325,23,3,2,1,1,1, , ,N,2,2,0,3,0,1,2,3,N,N,40 01:41.959,75 06:27.666,2333, ,2331, ,0, ,N, ,3, , , , , , , , , ,3,2,0,0,1,0,0,0,0,0,0,1,1,0,0,0,0,0,1,0,0,0,0,0,0,0,0,0,0,0,0,0,0,0,0,4,0,40.0283,-75.1077, ,Philadelphia
1280,14571,2017041330,6,67,67301,2017,4,5,2000,20,3,1,0,4,1, , ,N,1,3,0,3,0,2,3,3,N,N,39 56:29.570,75 09:49.531,2025, ,2010,2,2,1,N, ,3,Y, , , , , , , , ,3,2,0,0,1,0,0,0,0,0,0,0,2,2,0,0,0,0,0,0,1,0,0,2,0,0,0,0,0,0,0,0,0,0,0,8,0,39.9415,-75.1638, ,Philadelphia
1281,14578,2017041329,6,67,67301,2017,4,2,1734,17,1,1,0,8,1, , ,N,2,3,0,3,0,1,2,2,N,Y,40 07:14.437,75 00:37.681,1742, ,1738, ,0, ,N, ,3, , , , , , , , , ,1,1,0,0,0,0,0,0,0,0,0,1,1,0,0,0,0,0,0,0,0,0,0,0,0,0,0,0,0,0,0,0,1,0,0,4,0,40.1207,-75.0105, ,Philadelphia
1282,14581,2017040497,6,67,67301,2017,3,4,849,8,1,1,0,1,1, , ,N,0,0,0,3,0,0,2,2,N,N,40 01:12.717,75 02:38.433,918, ,853, ,0, , , ,0, , , , , , , , , ,2,0,0,0,0,0,2,0,0,0,0,0,0,0,0,0,0,0,0,0,1,0,0,0,0,0,0,0,0,0,0,0,0,0,0,0,0,40.0202,-75.044, ,Philadelphia
1283,14592,2017052988,6,67,67301,2017,4,5,1131,11,1,1,0,1,1, , ,N,0,0,0,3,0,1,2,2,N,N,40 00:05.002,75 11:40.651,1146, ,1132,1,1,4, , ,0,N, , , , , , , , ,2,1,0,0,1,0,0,0,0,0,0,0,1,1,0,0,0,0,0,0,0,0,0,0,0,0,0,0,0,0,0,0,0,0,0,8,0,40.0014,-75.1946, ,Philadelphia
1284,14598,2017012412,6,67,67301,2017,1,2,1144,11,1,2,1,7,2, , ,N,0,0,0,3,0,1,1,1,N,N,39 53:17.502,75 13:00.868,1151, ,1144, ,0, , , ,0, , , , , , , , , ,1,0,0,0,0,1,0,0,0,0,1,0,1,0,0,0,0,0,0,0,0,0,0,0,0,0,0,0,0,0,0,0,0,0,0,3,1,39.8882,-75.2169, ,Philadelphia
1285,14602,2017022034,6,67,67301,2017,2,2,1431,14,1,1,0,5,1, , ,N,0,0,0,3,0,1,2,2,N,N,39 55:55.927,75 11:59.805,1447, ,1431,2,2,4, , ,0,N, , , , , , , , ,2,1,0,0,0,0,1,0,0,0,0,1,1,0,0,0,0,0,0,0,0,0,0,1,0,0,0,0,0,0,0,0,0,0,0,4,0,39.9322,-75.1999, ,Philadelphia
1286,14604,2017013998,6,67,67301,2017,1,4,923,9,1,2,1,1,1, , ,N,0,0,0,3,0,1,2,2,N,N,40 00:54.463,75 12:27.076,927, ,924, ,0, ,N, ,0, , , , , , , , , ,2,2,0,0,0,0,0,0,0,0,0,0,1,1,0,0,0,0,0,1,0,0,0,0,0,0,0,0,0,0,0,0,0,0,0,8,0,40.0151,-75.2075, ,Philadelphia
1287,14632,2017052242,6,67,67301,2017,4,2,2105,21,3,1,0,1,1, , ,N,1,2,0,3,0,2,2,2,N, ,39 59:35.083,75 08:52.393,2105, ,2105, ,0, , , ,3, , , , , , , , , ,2,1,0,0,0,0,1,0,0,0,0,1,2,1,0,0,0,0,0,0,0,0,1,2,0,0,0,0,0,0,0,0,0,0,0,4,0,39.9931,-75.1479, ,Philadelphia
1288,14640,2017060747,6,67,67301,2017,5,5,1337,13,1,1,0,4,1, , ,N,1,3,0,3,0,0,2,2,N,N,40 04:02.287,75 03:33.217,1341, ,1337, ,0, ,N, ,3, , , , , , , , , ,2,2,0,0,0,0,0,0,0,0,0,0,0,0,0,0,0,0,0,0,0,2,0,0,0,0,0,0,0,0,0,0,0,0,0,0,0,40.0673,-75.0592, ,Philadelphia
1289,14644,2017014142,6,67,67301,2017,1,4,1641,16,1,1,0,1,1, , ,N,0,8,0,3,0,1,2,2,N,N,39 57:32.251,75 10:17.456,1714, ,1714,1,2,3, , ,3,N, , , , , , , , ,2,1,0,0,0,0,1,0,0,0,0,1,1,0,0,0,0,0,0,0,0,0,0,0,0,0,0,0,0,0,0,0,0,0,0,4,0,39.959,-75.1715, ,Philadelphia
1290,14649,2017009711,6,67,67301,2017,1,4,952,9,1,1,0,1,1, , ,N,0,0,0,3,0,1,2,2,N,N,40 00:25.334,75 11:59.206,1052, ,1052, ,0, , , ,0, , , , , , , , , ,2,1,0,0,0,0,1,0,0,0,0,1,1,0,0,0,0,0,0,0,0,0,0,0,0,0,0,0,0,0,0,0,0,0,0,4,0,40.007,-75.1998, ,Philadelphia
1291,14655,2017020754,6,67,67301,2017,2,3,1259,12,1,1,0,5,1, , ,N,0,0,0,3,2,3,6,4,N,N,40 06:18.735,74 59:36.274,1305, ,1300,3,2,4,N,0,0,Y, , , , , , , , ,3,2,0,0,0,0,0,1,0,2,1,0,3,0,0,0,0,0,0,0,0,0,0,0,0,0,0,1,0,0,0,0,1,1,0,1,0,40.1052,-74.9934,2,Philadelphia
1292,14658,2017033139,6,67,67301,2017,2,5,2358,23,3,1,0,4,1, , ,N,0,0,0,3,0,2,3,2,N, ,40 04:55.408,75 10:43.957,3, ,0, ,0, , , ,0, , , , , , , , , ,2,2,0,0,0,0,0,0,0,0,1,1,2,0,0,0,0,0,0,0,0,0,0,1,0,0,0,0,0,0,0,0,0,0,0,3,0,40.0821,-75.1789, ,Philadelphia
1293,14665,2017041236,6,67,67301,2017,4,5,1045,10,1,2,1,4,1, , ,N,0,0,7,3,0,0,4,2,N,N,39 55:20.402,75 11:12.114,1050, ,1050, ,0, ,N, ,0, , , , , , , , , ,2,2,0,0,0,0,0,0,0,0,0,0,0,0,0,0,0,0,0,0,0,0,0,2,0,0,0,0,0,0,0,0,0,0,0,0,0,39.9223,-75.1867, ,Philadelphia
1294,14668,2017040503,6,67,67301,2017,3,6,909,9,1,2,1,1,1, , ,N,0,0,0,3,0,0,2,2,N,N,39 56:22.672,75 08:37.422,911, ,910,2,1,2, , ,0,N, , , , , , , , ,2,1,0,0,0,1,0,0,0,0,0,0,0,0,0,0,0,0,0,0,0,0,0,0,0,0,0,0,0,0,0,0,0,0,0,0,1,39.9396,-75.1437, ,Philadelphia
1295,14705,2017014104,6,67,67301,2017,1,5,2259,22,3,1,0,1,1, , ,N,1,2,0,3,0,1,2,2,N,N,40 00:44.009,75 09:01.745,0, ,2313, ,0, , , ,3, , , , , , , , , ,2,1,0,0,0,0,1,0,0,0,0,0,1,1,0,0,0,0,0,0,1,0,0,0,0,0,0,0,0,0,0,0,0,0,0,8,0,40.0122,-75.1505, ,Philadelphia
1296,14718,2017021632,6,67,67301,2017,2,3,9999,99,3,1,0,1,1, , ,N,2,4,0,3,0,1,2,2,N, ,39 53:30.990,75 14:30.862,1930, ,1900, ,0, , , ,3, , , , , , , , , ,2,0,0,0,0,0,0,1,0,0,0,1,1,0,0,0,0,0,1,0,0,1,0,0,0,0,0,0,0,0,0,0,0,0,0,4,0,39.8919,-75.2419, ,Philadelphia
1297,14720,2017037346,6,67,67301,2017,3,4,906,9,1,4,3,1,1, , ,N,1,3,0,3,0,1,2,2,N,N,39 58:27.212,75 13:34.880,1040, ,1023, ,0, ,N, ,3, , , , , , , , , ,2,1,0,1,0,0,0,0,0,0,0,1,1,0,0,0,0,0,0,0,0,0,0,1,0,0,0,0,0,0,0,0,0,0,0,4,1,39.9743,-75.2264, ,Philadelphia
1298,14737,2017052290,6,67,67301,2017,4,7,1530,15,1,1,0,7,4, , ,N,0,0,0,3,0,1,1,1,N,N,39 57:18.079,75 13:40.609,1531, ,1530, ,0, ,N, ,0, , , , , , , , , ,1,1,0,0,0,0,0,0,0,0,1,0,1,0,0,0,0,0,0,0,1,0,0,0,0,0,0,0,0,0,0,0,0,0,0,3,0,39.955,-75.2279, ,Philadelphia
1299,14746,2017019024,6,67,67301,2017,1,1,227,2,3,1,0,1,1, , ,N,0,0,0,3,0,0,2,2,N,N,40 00:50.891,75 07:40.212,240, ,240, ,0, ,N, ,0, , , , , , , , , ,2,2,0,0,0,0,0,0,0,0,0,0,0,0,1,0,0,0,0,0,0,0,0,0,0,0,0,0,0,0,0,0,0,0,0,9,0,40.0141,-75.1278, ,Philadelphia
1300,14749,2017013964,6,67,67301,2017,1,4,1235,12,1,1,0,4,1, , ,N,1,2,0,3,0,0,2,2,N,N,40 03:42.886,75 09:47.382,1245, ,1239, ,0, , , ,3, , , , , , , , , ,2,2,0,0,0,0,0,0,0,0,0,0,0,0,1,0,0,0,0,0,1,0,0,0,0,0,0,0,0,0,0,0,0,0,0,9,0,40.0619,-75.1632, ,Philadelphia
1301,14752,2017010978,6,67,67301,2017,1,4,1401,14,1,1,0,4,7,2,4,Y,1,2,0,3,0,1,2,2,N,N,40 00:16.936,75 09:08.069,1404,90,1401,9,1,2,N, ,3,N,U, , ,N, , , , ,2,1,1,0,0,0,0,0,0,0,0,0,1,1,0,0,0,0,0,0,0,0,0,0,0,0,0,0,0,0,0,0,0,0,0,8,0,40.0047,-75.1521, ,Philadelphia
1302,14756,2017033135,6,67,67301,2017,2,3,2242,22,3,1,0,4,1, , ,N,1,0,0,3,0,2,2,2,N, ,40 04:26.082,75 04:39.292,2345, ,2342, ,0, , , ,0, , , , , , , , , ,2,2,0,0,0,0,0,0,0,0,0,0,2,2,0,0,0,0,1,0,0,0,1,1,0,0,0,0,0,0,0,0,0,0,0,8,0,40.0739,-75.0776, ,Philadelphia
1303,14764,2017043855,6,67,67301,2017,4,6,1804,18,1,1,0,4,1, , ,N,1,2,0,3,0,2,4,2,N,N,39 55:04.447,75 10:45.458,1810, ,1807, ,0, ,N, ,3, , , , , , , , , ,2,0,0,0,0,0,2,0,0,0,0,1,2,1,0,0,0,0,0,0,0,0,0,0,0,0,0,0,0,0,0,0,0,0,0,4,0,39.9179,-75.1793, ,Philadelphia