objectid_1,objectid,crn,district,county,municipality,crash_year,crash_month,day_of_week,time_of_day,hour_of_day,illumination,weather,road_condition,collision_type,relation_to_road,work_zone_type,work_zone_loc,work_zone_ind,intersect_type,tcd_type,location_type,urban_rural,fatal_count,injury_count,person_count,total_units,sch_bus_ind,sch_zone_ind,latitude,longitude,arrival_tm,cons_zone_spd_lim,dispatch_tm,est_hrs_closed,lane_closed,ln_close_dir,ntfy_hiwy_maint,spec_juris_cd,tcd_func_cd,tfc_detour_ind,workers_pres,wz_close_detour,wz_flagger,wz_law_offcr_ind,wz_ln_closure,wz_moving,wz_other,wz_shlder_mdn,vehicle_count,automobile_count,motorcycle_count,bus_count,small_truck_count,heavy_truck_count,suv_count,van_count,bicycle_count,maj_inj_count,mod_inj_count,min_inj_count,tot_inj_count,unk_inj_deg_count,unk_inj_per_count,driver_count_16yr,driver_count_17yr,driver_count_18yr,driver_count_19yr,driver_count_20yr,driver_count_50_64yr,driver_count_65_74yr,driver_count_75plus,unbelted_occ_count,unb_death_count,unb_maj_inj_count,belted_death_count,belted_maj_inj_count,mcycle_death_count,mcycle_maj_inj_count,bicycle_death_count,bicycle_maj_inj_count,ped_count,ped_death_count,ped_maj_inj_count,max_severity_level,comm_veh_count,dec_lat,dec_long,rdwy_surf_type_cd,county_name
1304,14772,2017020091,6,67,67301,2017,2,7,1606,16,1,1,0,4,1, , ,N,1,2,0,3,0,2,4,2,N,N,40 00:14.047,75 08:57.044,1607, ,1606,1,1,3,N, ,3,Y, , , , , , , , ,2,0,0,0,1,0,1,0,0,0,0,2,2,0,0,0,0,0,0,0,0,0,0,0,0,0,0,0,0,0,0,0,0,0,0,4,0,40.0039,-75.1492, ,Philadelphia
1305,14773,2017021543,6,67,67301,2017,2,6,2025,20,3,1,0,5,1, , ,N,0,0,0,3,0,1,2,2,N,N,39 54:17.148,75 10:05.864,2035, ,2030,1,1,1,N, ,0,N, , , , , , , , ,2,1,0,0,0,0,1,0,0,0,0,1,1,0,0,0,0,0,0,0,0,0,0,1,0,0,0,0,0,0,0,0,0,0,0,4,0,39.9048,-75.1683, ,Philadelphia
1306,14775,2017021600,6,67,67301,2017,2,4,1800,18,3,1,0,1,1, , ,N,1,0,0,3,0,1,7,3,N,N,40 00:41.869,75 09:46.863,1813, ,1802,2,2,6,N, ,0,Y, , , , , , , , ,3,2,1,0,0,0,0,0,0,0,0,0,1,1,0,0,0,0,0,0,0,0,1,0,0,0,0,0,0,0,0,0,0,0,0,8,0,40.0116,-75.163, ,Philadelphia
1307,14806,2017037436,6,67,67301,2017,3,3,1902,19,1,1,0,1,1, , ,N,0,0,0,3,0,1,2,2,N, ,40 03:34.482,75 01:04.124,1906, ,1902,1,1,4, , ,0,Y, , , , , , , , ,2,2,0,0,0,0,0,0,0,0,0,1,1,0,0,0,1,0,0,0,0,0,0,1,0,0,0,0,0,0,0,0,0,0,0,4,0,40.0596,-75.0178, ,Philadelphia
1308,14818,2017043901,6,67,67301,2017,4,2,1255,12,1,1,0,4,1, , ,N,1,0,0,3,0,1,7,2,N,N,39 58:13.918,75 08:12.469,1310, ,1306, ,0, ,N, ,0, , , , , , , , , ,1,0,0,0,0,0,1,0,1,0,0,1,1,0,0,0,0,0,0,0,0,0,0,0,0,0,0,0,0,0,0,0,0,0,0,4,0,39.9705,-75.1368, ,Philadelphia
1309,14819,2017052091,6,67,67301,2017,3,1,1555,15,1,1,0,4,1, , ,N,1,2,0,3,0,0,3,2,N,N,40 03:34.337,75 09:55.640,1557, ,1555, ,0, ,N, ,3, , , , , , , , , ,2,2,0,0,0,0,0,0,0,0,0,0,0,0,0,0,0,0,0,0,0,0,0,0,0,0,0,0,0,0,0,0,0,0,0,0,0,40.0595,-75.1655, ,Philadelphia
1310,14825,2017060722,6,67,67301,2017,5,1,2040,20,3,1,0,8,1, , ,N,1,2,0,3,0,1,2,2,N,N,39 55:20.608,75 11:12.911,2055, ,2050, ,0, ,N, ,3, , , , , , , , , ,1,0,0,0,0,0,1,0,0,0,0,1,1,0,1,0,0,0,0,0,0,0,0,0,0,0,0,0,0,0,0,0,1,0,0,4,0,39.9223,-75.1871, ,Philadelphia
1311,14829,2017058336,6,67,67301,2017,5,7,1940,19,4,2,1,4,1, , ,N,1,2,0,3,0,2,4,2,N,N,40 02:55.939,75 04:26.025,1950, ,1943, ,0, ,N, ,3, , , , , , , , , ,2,2,0,0,0,0,0,0,0,0,0,2,2,0,0,0,0,0,0,0,0,0,0,0,0,0,0,0,0,0,0,0,0,0,0,4,0,40.0489,-75.0739, ,Philadelphia
1312,14836,2017068030,6,67,67301,2017,6,6,1645,16,1,1,0,5,1, , ,N,0,0,0,3,0,1,4,3,N,N,40 00:08.500,75 10:17.400,1740, ,1736,2,2,4,N, ,0,Y, , , , , , , , ,3,2,0,0,0,0,1,0,0,0,0,1,1,0,0,0,0,0,0,0,0,0,0,0,0,0,0,0,0,0,0,0,0,0,0,4,0,40.0024,-75.1715, ,Philadelphia
1313,14855,2017028807,6,67,67301,2017,2,2,1625,16,1,8,0,5,1, , ,N,1,2,0,3,0,1,2,2,N,N,40 02:03.403,75 04:28.523,1640, ,1630, ,0, ,N, ,3, , , , , , , , , ,2,2,0,0,0,0,0,0,0,0,0,0,1,1,0,0,0,0,0,0,0,0,0,0,0,0,0,0,0,0,0,0,0,0,0,8,0,40.0343,-75.0746, ,Philadelphia
1314,14880,2017060676,6,67,67301,2017,5,7,1250,12,1,1,0,7,4, , ,N,0,0,0,3,0,0,1,1,N,N,40 05:03.472,75 13:18.465,1315, ,1256,2,1,3,N, ,0,Y, , , , , , , , ,1,0,0,0,0,0,1,0,0,0,0,0,0,0,0,0,0,0,0,0,1,0,0,0,0,0,0,0,0,0,0,0,0,0,0,0,0,40.0843,-75.2218, ,Philadelphia
1315,16362,2017021489,6,67,67301,2017,2,7,1835,18,3,1,0,8,1, , ,N,2,2,0,3,0,1,4,3,N,N,39 57:34.816,75 14:50.653,1840, ,1837, ,0, ,N, ,3, , , , , , , , , ,2,1,0,0,0,0,1,0,0,0,0,0,1,1,0,0,0,0,0,0,0,0,0,2,0,0,0,0,0,0,0,0,1,0,0,8,0,39.9597,-75.2474, ,Philadelphia
1316,16366,2017021498,6,67,67301,2017,2,4,1700,17,4,1,0,8,1, , ,N,1,3,0,3,0,1,2,2,N, ,39 58:33.970,75 10:53.295,1957, ,9999, ,0, , , ,3, , , , , , , , , ,1,0,0,0,1,0,0,0,0,0,0,1,1,0,0,0,0,0,0,0,0,0,0,1,0,0,0,0,0,0,0,0,1,0,0,4,0,39.9761,-75.1815, ,Philadelphia
1317,16371,2017055948,6,67,67301,2017,5,3,31,0,3,1,0,7,3,1,8,Y,0,0,0,3,0,0,1,1,N,N,39 59:55.583,75 04:50.677,40,45,32, ,0, , , ,0, ,N,N,N,N,N,N,N,Y,1,0,0,0,0,0,0,1,0,0,0,0,0,0,0,0,0,0,0,0,0,0,0,0,0,0,0,0,0,0,0,0,0,0,0,0,0,39.9988,-75.0807, ,Philadelphia
1318,16379,2017052278,6,67,67301,2017,4,1,2334,23,3,1,0,4,1, , ,N,1,2,0,3,0,1,5,2,N,N,39 58:06.999,75 13:14.343,2338, ,2336,2,1,2,N, ,3,N, , , , , , , , ,2,1,0,0,1,0,0,0,0,0,1,0,1,0,2,0,0,0,0,1,0,0,0,0,0,0,0,0,0,0,0,0,0,0,0,3,0,39.9686,-75.2207, ,Philadelphia
1319,16414,2017035607,6,67,67301,2017,3,6,9999,99,1,2,4,1,1, , ,N,0,0,0,3,0,1,4,3,N,N,40 00:38.080,75 08:09.841,1253, ,1247, ,0, , , ,0, , , , , , , , , ,3,0,0,0,0,0,2,1,0,0,0,1,1,0,0,0,0,0,0,0,1,0,0,0,0,0,0,0,0,0,0,0,0,0,0,4,0,40.0106,-75.1361, ,Philadelphia
1320,16432,2017010626,6,67,67301,2017,1,5,9999,99,4,1,0,4,1, , ,N,1,2,0,3,0,1,3,2,N,N,39 53:50.638,75 15:08.040,1625, ,1614,1,1,3,N, ,3,N, , , , , , , , ,2,1,0,0,0,1,0,0,0,0,0,1,1,0,0,0,0,0,0,0,1,0,0,0,0,0,0,0,0,0,0,0,0,0,0,4,1,39.8974,-75.2522, ,Philadelphia
1321,16433,2017013312,6,67,67301,2017,1,3,756,7,1,1,1,1,1, , ,N,0,0,0,3,0,0,2,2,N,N,39 57:47.997,75 11:02.437,818, ,759, ,0, , , ,0, , , , , , , , , ,2,1,0,0,0,0,1,0,0,0,0,0,0,0,2,0,0,0,0,0,0,0,0,0,0,0,0,0,0,0,0,0,0,0,0,9,0,39.9633,-75.184, ,Philadelphia
1322,16439,2017014100,6,67,67301,2017,1,2,925,9,1,1,0,1,1, , ,N,1,2,0,3,0,2,3,2,N,N,40 07:44.528,75 01:30.881,940, ,930, ,0, ,N, ,3, , , , , , , , , ,2,2,0,0,0,0,0,0,0,0,0,2,2,0,0,0,0,0,0,0,1,0,0,0,0,0,0,0,0,0,0,0,0,0,0,4,0,40.129,-75.0252, ,Philadelphia
1323,16443,2017007889,6,67,67301,2017,1,4,711,7,1,2,1,1,1, , ,N,0,0,0,3,0,0,6,3,N,N,40 00:39.023,75 07:15.808,711, ,711,3,1,2,N, ,0,N, , , , , , , , ,3,1,0,0,0,0,2,0,0,0,0,0,0,0,0,0,0,0,0,0,1,0,0,0,0,0,0,0,0,0,0,0,0,0,0,0,0,40.0108,-75.1211, ,Philadelphia
1324,16445,2017017686,6,67,67301,2017,2,1,51,0,3,1,0,7,4, , ,N,0,0,0,3,0,0,2,1,N,N,40 03:17.000,74 59:07.280,56, ,52,3,2,2, , ,0,Y, , , , , , , , ,1,0,0,0,0,0,0,1,0,0,0,0,0,0,0,0,0,0,0,0,0,0,0,0,0,0,0,0,0,0,0,0,0,0,0,0,0,40.0547,-74.9854, ,Philadelphia
1325,16446,2017037386,6,67,67301,2017,3,4,2259,22,3,1,0,8,1, , ,N,1,2,0,3,0,1,2,2,N,N,39 56:43.964,75 09:11.484,2339, ,2327, ,0, ,N, ,3, , , , , , , , , ,1,1,0,0,0,0,0,0,0,0,0,1,1,0,1,0,0,0,0,0,0,0,0,0,0,0,0,0,0,0,0,0,1,0,0,4,0,39.9455,-75.1532, ,Philadelphia
1326,16467,2017051045,6,67,67301,2017,5,1,1155,11,1,1,0,1,1, , ,N,0,0,0,3,0,1,2,2,N,N,39 58:37.638,75 11:56.013,1206, ,1157, ,0, , , ,0, , , , , , , , , ,2,2,0,0,0,0,0,0,0,0,0,0,1,1,0,0,0,0,0,0,1,0,0,0,0,0,0,0,0,0,0,0,0,0,0,8,0,39.9771,-75.1989, ,Philadelphia
1327,16475,2017063741,6,67,67301,2017,6,3,1848,18,1,1,0,4,1, , ,N,0,0,0,3,0,0,2,2,N,N,39 57:55.578,75 08:12.217,1902, ,1849,1,1,1, , ,0,N, , , , , , , , ,2,1,0,0,0,0,1,0,0,0,0,0,0,0,0,0,0,0,0,0,1,0,0,0,0,0,0,0,0,0,0,0,0,0,0,0,0,39.9654,-75.1367, ,Philadelphia
1328,16492,2017035436,6,67,67301,2017,3,2,1032,10,1,2,1,1,1, , ,N,0,0,0,3,0,0,2,2,N,N,40 01:58.648,75 01:14.998,1032, ,1032,2,1,2, , ,0,N, , , , , , , , ,2,1,0,0,0,1,0,0,0,0,0,0,0,0,0,0,0,0,0,0,0,0,0,0,0,0,0,0,0,0,0,0,0,0,0,0,1,40.033,-75.0208, ,Philadelphia
1329,16525,2017052180,6,67,67301,2017,4,2,1521,15,1,1,0,8,1, , ,N,3,2,0,3,0,1,2,2,N,N,40 00:39.388,75 09:52.725,1523, ,1523,9,1,3, , ,3,Y, , , , , , , , ,1,1,0,0,0,0,0,0,0,0,0,1,1,0,0,0,0,0,0,0,0,0,0,0,0,0,0,0,0,0,0,0,1,0,0,4,0,40.0109,-75.1645, ,Philadelphia
1330,16531,2017010603,6,67,67301,2017,1,7,845,8,1,4,3,4,1, , ,N,1,3,0,3,0,2,4,3,N,N,40 03:05.814,75 04:55.685,900, ,854, ,0, ,N, ,3, , , , , , , , , ,3,2,0,0,0,0,1,0,0,0,0,1,2,1,0,0,0,0,0,0,0,0,0,0,0,0,0,0,0,0,0,0,0,0,0,4,0,40.0516,-75.0821, ,Philadelphia
1331,16536,2017035611,6,67,67301,2017,3,4,1629,16,1,1,0,4,1, , ,N,2,3,0,3,0,4,5,2,N,N,39 56:32.400,75 12:47.800,1751, ,1751, ,0, ,N, ,3, , , , , , , , , ,2,1,0,0,0,0,1,0,0,0,0,0,4,4,1,0,0,0,0,1,0,0,0,0,0,0,0,0,0,0,0,0,0,0,0,8,0,39.9423,-75.2133, ,Philadelphia
1332,16539,2017041278,6,67,67301,2017,4,1,148,1,3,1,0,1,1, , ,N,1,2,0,3,0,2,4,3,N, ,40 05:23.607,74 59:03.265,152, ,150,1,1,1, , ,3,N, , , , , , , , ,3,1,0,0,0,0,2,0,0,0,0,1,2,1,0,0,0,0,0,0,1,0,0,0,0,0,0,0,0,0,0,0,0,0,0,4,0,40.0899,-74.9842, ,Philadelphia
1333,17255,2017007816,6,67,67301,2017,1,2,1235,12,1,2,1,2,1, , ,N,0,0,0,3,0,1,2,2,N,N,40 03:10.570,75 10:30.320,1315, ,1311, ,0, ,N, ,0, , , , , , , , , ,2,1,0,0,0,0,1,0,0,0,1,0,1,0,0,0,0,0,0,0,0,0,0,0,0,0,0,0,0,0,0,0,0,0,0,3,0,40.0529,-75.1751, ,Philadelphia
1334,17262,2017038983,6,67,67301,2017,4,6,1521,15,1,1,0,1,1, , ,N,1,2,0,3,0,1,3,2,N,N,39 57:18.553,75 11:53.991,1528, ,1526,1,2,3,N, ,3,N, , , , , , , , ,2,2,0,0,0,0,0,0,0,0,0,1,1,0,0,0,0,0,0,0,0,0,0,0,0,0,0,0,0,0,0,0,0,0,0,4,0,39.9552,-75.1983, ,Philadelphia
1335,17287,2017060757,6,67,67301,2017,5,5,1708,17,1,1,0,1,1, , ,N,3,2,6,3,0,1,2,2,N,N,40 01:34.835,75 05:50.923,1728, ,1708, ,0, , , ,3, , , , , , , , , ,2,1,0,0,0,1,0,0,0,0,0,1,1,0,0,0,0,0,0,0,1,0,0,0,0,0,0,0,0,0,0,0,0,0,0,4,1,40.0263,-75.0975, ,Philadelphia
1336,17291,2017055552,6,67,67301,2017,4,7,2245,22,3,1,0,4,1, , ,N,1,3,0,3,0,0,3,2,N,N,39 56:56.614,75 09:20.265,2307, ,2305, ,0, ,N, ,3, , , , , , , , , ,2,2,0,0,0,0,0,0,0,0,0,0,0,0,0,0,0,0,0,0,0,0,1,0,0,0,0,0,0,0,0,0,0,0,0,0,0,39.9491,-75.1556, ,Philadelphia
1337,17308,2017032764,6,67,67301,2017,3,7,2210,22,3,1,0,5,1, , ,N,0,0,0,3,0,1,3,2,N,N,39 58:14.233,75 11:34.540,2223, ,2217,1,1,4, , ,0,N, , , , , , , , ,2,1,0,0,0,0,1,0,0,0,1,0,1,0,0,0,0,0,0,0,0,0,0,1,0,0,0,0,0,0,0,0,0,0,0,3,0,39.969,-75.1918, ,Philadelphia
1338,17328,2017058216,6,67,67301,2017,4,1,1323,13,1,1,0,8,1, , ,N,0,0,6,3,1,0,2,2,N,N,40 01:44.000,75 06:26.600,1330, ,1324,3,1,2, ,0,0,Y, , , , , , , , ,1,0,0,0,0,0,1,0,0,0,0,0,0,0,0,0,0,0,0,0,1,0,0,0,0,0,0,0,0,0,0,0,1,1,0,1,0,40.0291,-75.1068,2,Philadelphia
1339,17347,2017018547,6,67,67301,2017,1,3,1129,11,1,1,0,8,1, , ,N,0,0,0,3,1,0,2,2,N,N,40 03:18.514,75 04:22.956,1134, ,1130,3,2,6,N,0,0,Y, , , , , , , , ,1,1,0,0,0,0,0,0,0,0,0,0,0,0,0,0,0,0,0,0,0,0,0,0,0,0,0,0,0,0,0,0,1,1,0,1,0,40.0551,-75.073,2,Philadelphia
1340,17361,2017028997,6,67,67301,2017,2,2,1638,16,1,1,0,4,1, , ,N,1,3,0,3,0,1,2,2,N,N,39 57:52.203,75 11:35.411,1657, ,1657,2,1,1,N, ,3,N, , , , , , , , ,2,2,0,0,0,0,0,0,0,0,0,1,1,0,0,0,0,0,0,0,0,0,0,1,0,0,0,0,0,0,0,0,0,0,0,4,0,39.9645,-75.1932, ,Philadelphia
1341,17375,2017050285,6,67,67301,2017,4,4,233,2,3,2,1,7,4, , ,N,0,0,0,3,0,1,1,1,N,N,40 01:46.207,75 01:21.113,304, ,237, ,0, , , ,0, , , , , , , , , ,1,0,0,0,1,0,0,0,0,0,0,0,1,1,0,0,0,0,0,0,1,0,0,0,0,0,0,0,0,0,0,0,0,0,0,8,0,40.0295,-75.0225, ,Philadelphia
1342,17387,2017058377,6,67,67301,2017,5,5,1913,19,3,1,0,3,6, , ,N,0,0,7,3,0,1,1,3,N,N,40 02:54.860,75 03:10.780,2032, ,2032,2,1,2,N, ,0,Y, , , , , , , , ,3,3,0,0,0,0,0,0,0,0,0,1,1,0,0,0,0,0,0,0,0,0,1,0,0,0,0,0,0,0,0,0,0,0,0,4,0,40.0486,-75.053, ,Philadelphia
1343,17395,2017009833,6,67,67301,2017,1,5,1733,17,3,1,0,5,2, , ,N,0,0,0,3,0,0,3,3,N,N,40 02:11.003,75 00:54.093,1756, ,1734, ,0, , , ,0, , , , , , , , , ,3,1,0,0,0,1,0,1,0,0,0,0,0,0,1,0,0,0,0,0,0,0,0,0,0,0,0,0,0,0,0,0,0,0,0,9,1,40.0364,-75.015, ,Philadelphia
1344,17405,2017014080,6,67,67301,2017,1,5,1615,16,1,1,0,5,1, , ,N,1,2,0,3,0,2,3,2,N,N,40 01:22.391,75 08:13.477,1650, ,1615,1,1,2,N, ,3,N, , , , , , , , ,2,2,0,0,0,0,0,0,0,0,1,1,2,0,0,0,0,0,0,1,1,0,0,2,0,0,0,0,0,0,0,0,0,0,0,3,0,40.0229,-75.1371, ,Philadelphia
1345,17419,2017033106,6,67,67301,2017,3,7,1256,12,1,1,0,5,1, , ,N,1,2,0,3,0,0,5,2,N,N,39 58:10.985,75 08:29.466,1305, ,1256, ,0, ,N, ,3, , , , , , , , , ,2,1,0,0,0,0,1,0,0,0,0,0,0,0,0,0,0,0,0,0,0,1,0,0,0,0,0,0,0,0,0,0,0,0,0,0,0,39.9697,-75.1416, ,Philadelphia
1346,17425,2017044269,6,67,67301,2017,4,5,2256,22,3,1,0,1,1, , ,N,0,0,0,3,0,2,2,2,N,N,39 57:25.411,75 09:20.655,2315, ,2307,2,2,4, , ,0,Y, , , , , , , , ,2,2,0,0,0,0,0,0,0,0,0,0,2,2,0,0,0,0,0,0,1,0,0,0,0,0,0,0,0,0,0,0,0,0,0,8,0,39.9571,-75.1557, ,Philadelphia
1347,17435,2017031151,6,67,67301,2017,3,3,1409,14,1,1,0,5,1, , ,N,0,0,0,3,0,1,2,2,N,N,39 56:09.650,75 11:58.525,1444, ,1421,1,2,4, , ,0,N, , , , , , , , ,2,1,0,0,0,0,1,0,0,0,0,0,1,1,1,0,0,0,0,0,0,0,0,0,0,0,0,0,0,0,0,0,0,0,0,8,0,39.936,-75.1996, ,Philadelphia
1348,17437,2017029019,6,67,67301,2017,2,2,1745,17,1,1,0,1,1, , ,N,0,0,0,3,0,1,2,2,N, ,40 06:12.815,75 01:01.956,2023, ,2019,3,1,1, , ,0,N, , , , , , , , ,2,2,0,0,0,0,0,0,0,0,1,0,1,0,0,0,0,0,0,0,0,0,0,0,0,0,0,0,0,0,0,0,0,0,0,3,0,40.1036,-75.0172, ,Philadelphia
1349,17460,2017021496,6,67,67301,2017,2,2,2043,20,3,1,0,4,1, , ,N,1,2,0,3,0,1,2,2,N,N,40 01:37.801,75 09:04.478,2110, ,2103, ,0, ,N, ,3, , , , , , , , , ,2,2,0,0,0,0,0,0,0,0,0,1,1,0,0,0,0,0,0,0,0,0,0,1,0,0,0,0,0,0,0,0,0,0,0,4,0,40.0272,-75.1512, ,Philadelphia
1350,17502,2017041125,6,67,67301,2017,4,5,2015,20,3,1,0,4,1, , ,N,3,0,0,3,0,1,3,2,N,N,39 54:46.109,75 08:26.446,2040, ,2030, ,0, ,N, ,0, , , , , , , , , ,2,0,0,1,0,0,0,1,0,0,0,1,1,0,0,0,0,0,0,1,0,0,0,1,0,0,0,0,0,0,0,0,0,0,0,4,1,39.9128,-75.1407, ,Philadelphia
1351,16547,2017021889,6,67,67301,2017,2,6,1040,10,1,1,0,8,1, , ,N,1,2,0,3,0,1,3,3,N,N,39 57:20.966,75 11:29.280,1044, ,1042, ,0, ,N, ,3, , , , , , , , , ,1,1,0,0,0,0,0,0,0,0,0,0,1,1,0,0,0,0,0,1,0,0,0,0,0,0,0,0,0,0,0,0,2,0,0,8,0,39.9558,-75.1915, ,Philadelphia
1352,16550,2017021971,6,67,67301,2017,2,6,2219,22,3,1,0,4,1, , ,N,1,2,0,3,0,3,4,3,N,N,40 01:36.631,75 07:01.363,2225, ,2219,9,1,4,N, ,3,N, , , , , , , , ,3,2,0,0,0,0,1,0,0,0,0,1,3,2,0,0,0,0,1,0,0,0,0,0,0,0,0,0,0,0,0,0,0,0,0,4,0,40.0268,-75.117, ,Philadelphia
1353,16551,2017043871,6,67,67301,2017,4,4,2325,23,3,1,0,4,1, , ,N,1,2,3,3,0,0,3,2,N,N,39 57:31.985,75 10:07.573,2328, ,2327, ,0, ,N, ,3, , , , , , , , , ,2,2,0,0,0,0,0,0,0,0,0,0,0,0,1,0,0,0,0,0,0,0,0,1,0,0,0,0,0,0,0,0,0,0,0,9,0,39.9589,-75.1688, ,Philadelphia
1354,16582,2017011495,6,67,67301,2017,1,1,112,1,3,5,1,7,2, , ,N,3,0,2,3,0,0,1,1,N,N,39 57:21.582,75 08:29.701,127, ,114,2,1,4, , ,0,Y, , , , , , , , ,1,1,0,0,0,0,0,0,0,0,0,0,0,0,0,0,0,0,0,0,0,0,0,0,0,0,0,0,0,0,0,0,0,0,0,0,0,39.956,-75.1416, ,Philadelphia
1355,16597,2017037387,6,67,67301,2017,3,3,1030,10,1,1,0,5,1, , ,N,0,0,0,3,0,1,3,2,N, ,39 57:19.000,75 09:27.100,1047, ,1047, ,0, , , ,0, , , , , , , , , ,2,1,0,0,0,0,1,0,0,0,0,0,1,1,0,0,0,0,0,0,0,1,0,1,0,0,0,0,0,0,0,0,0,0,0,8,0,39.9553,-75.1575, ,Philadelphia
1356,16609,2017055560,6,67,67301,2017,4,4,9999,99,3,1,0,4,1, , ,N,2,2,0,3,0,1,3,2,N,N,40 05:38.469,74 59:21.011,9999, ,9999, ,0, ,N, ,3, , , , , , , , , ,2,1,0,0,0,0,1,0,0,0,0,0,1,1,2,0,0,0,0,0,0,0,0,0,0,0,0,0,0,0,0,0,0,0,0,8,0,40.094,-74.9892, ,Philadelphia
1357,16637,2017021715,6,67,67301,2017,2,6,1541,15,1,1,0,1,1, , ,N,0,0,0,3,0,0,6,3,N,N,39 57:29.706,75 09:56.563,1556, ,1541,1,2,3, , ,0,N, , , , , , , , ,3,1,0,0,0,0,2,0,0,0,0,0,0,0,0,0,0,0,0,0,0,0,0,0,0,0,0,0,0,0,0,0,0,0,0,0,0,39.9583,-75.1657, ,Philadelphia
1358,16647,2017028819,6,67,67301,2017,2,6,1720,17,2,1,0,4,1, , ,N,1,3,0,3,0,2,3,2,N,N,40 07:44.061,75 00:31.316,1740, ,1734, ,0, ,N, ,3, , , , , , , , , ,2,2,0,0,0,0,0,0,0,0,0,0,2,2,0,0,0,0,0,0,0,0,0,0,0,0,0,0,0,0,0,0,0,0,0,8,0,40.1289,-75.0087, ,Philadelphia
1359,16649,2017033116,6,67,67301,2017,3,5,810,8,1,1,0,4,1, , ,N,1,2,0,3,0,1,2,2,N, ,39 59:36.433,75 09:02.956,830, ,825, ,0, , , ,3, , , , , , , , , ,2,0,0,0,0,0,2,0,0,0,0,1,1,0,0,0,0,0,0,0,2,0,0,0,0,0,0,0,0,0,0,0,0,0,0,4,0,39.9934,-75.1508, ,Philadelphia
1360,16668,2017055582,6,67,67301,2017,4,4,1815,18,1,1,0,5,1, , ,N,0,0,0,3,0,1,2,2,N,N,39 54:53.765,75 09:22.663,1815, ,1815,1,1,4, , ,0,N, , , , , , , , ,2,1,1,0,0,0,0,0,0,0,1,0,1,0,0,0,0,0,0,0,0,0,0,0,0,0,0,0,0,0,0,0,0,0,0,3,0,39.9149,-75.1563, ,Philadelphia
1361,16676,2017013915,6,67,67301,2017,1,5,1642,16,1,1,0,4,1, , ,N,5,3,0,3,0,2,3,2,N,N,39 56:14.190,75 10:36.127,1643, ,1642, ,0, ,N, ,3, , , , , , , , , ,2,2,0,0,0,0,0,0,0,0,1,1,2,0,0,0,0,0,0,0,1,0,0,1,0,0,0,0,0,0,0,0,0,0,0,3,0,39.9373,-75.1767, ,Philadelphia
1362,16679,2017013183,6,67,67301,2017,1,6,9999,99,3,1,0,1,1, , ,N,1,3,0,3,0,3,3,5,N,N,40 02:02.889,75 07:44.763,1905, ,1904, ,0, ,N, ,3, , , , , , , , , ,5,4,0,0,0,0,1,0,0,0,2,1,3,0,0,0,0,0,0,1,0,0,0,1,0,0,0,0,0,0,0,0,0,0,0,3,0,40.0341,-75.1291, ,Philadelphia
1363,16698,2017033959,6,67,67301,2017,3,3,628,6,1,1,0,1,1, , ,N,0,0,0,3,0,1,2,2,N,N,40 01:23.719,75 02:05.892,653, ,653, ,0, , , ,0, , , , , , , , , ,2,1,0,0,0,0,1,0,0,0,1,0,1,0,0,0,0,0,0,0,0,1,0,0,0,0,0,0,0,0,0,0,0,0,0,3,0,40.0233,-75.035, ,Philadelphia
1364,16702,2017052156,6,67,67301,2017,4,7,2300,23,3,1,0,4,1, , ,N,1,2,0,3,0,5,5,2,N,N,39 58:17.110,75 13:33.005,2315, ,2305, ,0, ,N, ,3, , , , , , , , , ,2,1,0,0,0,0,1,0,0,0,0,1,5,4,0,0,0,0,0,0,1,0,0,0,0,0,0,0,0,0,0,0,0,0,0,4,0,39.9714,-75.2258, ,Philadelphia
1365,16723,2017009834,6,67,67301,2017,1,5,1817,18,2,1,0,1,1, , ,N,0,0,0,3,0,0,2,2,N,N,40 00:28.251,75 12:04.732,1835, ,1817, ,0, , , ,0, , , , , , , , , ,2,1,0,0,0,0,1,0,0,0,0,0,0,0,0,0,0,0,0,0,0,0,0,0,0,0,0,0,0,0,0,0,0,0,0,0,0,40.0078,-75.2013, ,Philadelphia
1366,16734,2017024313,6,67,67301,2017,3,7,301,3,3,1,0,7,3, , ,N,1,2,0,3,0,0,1,1,N,N,40 00:05.705,75 09:10.074,301, ,301,2,1,1,N, ,3,N, , , , , , , , ,1,0,0,0,0,0,1,0,0,0,0,0,0,0,0,0,0,0,0,0,0,0,0,1,0,0,0,0,0,0,0,0,0,0,0,0,0,40.0016,-75.1528, ,Philadelphia
1367,16737,2017021531,6,67,67301,2017,2,3,1240,12,1,9,0,5,1, , ,N,0,0,3,3,0,0,2,2,N,N,39 56:31.387,75 11:50.367,1315, ,1254,3,1,2,N, ,0,N, , , , , , , , ,2,0,0,0,1,0,0,1,0,0,0,0,0,0,0,0,0,0,0,0,0,0,0,0,0,0,0,0,0,0,0,0,0,0,0,0,0,39.9421,-75.1973, ,Philadelphia
1368,16755,2017050873,6,67,67301,2017,4,7,1600,16,1,1,0,1,1, , ,N,1,2,0,3,0,2,4,2,N,N,39 53:33.014,75 13:21.171,1628, ,1609, ,0, , , ,3, , , , , , , , , ,2,0,0,0,0,0,2,0,0,0,2,0,2,0,2,0,0,0,0,0,1,0,0,0,0,0,0,0,0,0,0,0,0,0,0,3,0,39.8925,-75.2225, ,Philadelphia