objectid_1,objectid,crn,district,county,municipality,crash_year,crash_month,day_of_week,time_of_day,hour_of_day,illumination,weather,road_condition,collision_type,relation_to_road,work_zone_type,work_zone_loc,work_zone_ind,intersect_type,tcd_type,location_type,urban_rural,fatal_count,injury_count,person_count,total_units,sch_bus_ind,sch_zone_ind,latitude,longitude,arrival_tm,cons_zone_spd_lim,dispatch_tm,est_hrs_closed,lane_closed,ln_close_dir,ntfy_hiwy_maint,spec_juris_cd,tcd_func_cd,tfc_detour_ind,workers_pres,wz_close_detour,wz_flagger,wz_law_offcr_ind,wz_ln_closure,wz_moving,wz_other,wz_shlder_mdn,vehicle_count,automobile_count,motorcycle_count,bus_count,small_truck_count,heavy_truck_count,suv_count,van_count,bicycle_count,maj_inj_count,mod_inj_count,min_inj_count,tot_inj_count,unk_inj_deg_count,unk_inj_per_count,driver_count_16yr,driver_count_17yr,driver_count_18yr,driver_count_19yr,driver_count_20yr,driver_count_50_64yr,driver_count_65_74yr,driver_count_75plus,unbelted_occ_count,unb_death_count,unb_maj_inj_count,belted_death_count,belted_maj_inj_count,mcycle_death_count,mcycle_maj_inj_count,bicycle_death_count,bicycle_maj_inj_count,ped_count,ped_death_count,ped_maj_inj_count,max_severity_level,comm_veh_count,dec_lat,dec_long,rdwy_surf_type_cd,county_name
1499,19108,2017060721,6,67,67301,2017,5,6,5,0,3,1,0,4,1, , ,N,2,2,0,3,0,1,2,2,N, ,39 54:24.119,75 11:00.207,10, ,5,1,1,4, , ,3,Y, , , , , , , , ,2,1,0,0,1,0,0,0,0,0,1,0,1,0,0,0,0,0,0,0,0,0,0,1,0,0,0,0,0,0,0,0,0,0,0,3,0,39.9067,-75.1834, ,Philadelphia
1500,19151,2017012744,6,46,46102,2017,1,3,1356,13,1,1,0,5,1, , ,N,1,2,0,3,0,1,3,2,N,N,40 04:26.918,75 09:30.203,1359, ,1356, ,0, ,N, ,3, , , , , , , , , ,2,1,0,0,0,0,1,0,0,0,0,0,1,1,0,0,0,0,0,0,0,1,1,0,0,0,0,0,0,0,0,0,0,0,0,8,0,40.0741,-75.1584, ,Montgomery
1501,19155,2017035778,6,67,67301,2017,3,2,1624,16,1,1,0,5,1, , ,N,0,2,0,3,0,0,2,2,N,N,39 55:51.140,75 13:02.394,1628, ,1625,1,2,3,N, ,3,Y, , , , , , , , ,2,0,0,0,1,0,1,0,0,0,0,0,0,0,0,0,0,0,0,0,2,0,0,0,0,0,0,0,0,0,0,0,0,0,0,0,0,39.9309,-75.2173, ,Philadelphia
1502,19157,2017037351,6,67,67301,2017,3,2,9999,99,1,1,0,5,1, , ,N,0,0,0,3,0,1,3,2,N,N,40 04:28.974,75 02:04.950,1550, ,1530, ,0, ,N, ,0, , , , , , , , , ,2,0,0,1,1,0,0,0,0,0,0,0,1,1,0,0,0,0,0,0,0,1,0,1,0,0,0,0,0,0,0,0,0,0,0,8,1,40.0747,-75.0347, ,Philadelphia
1503,19166,2017052243,6,67,67301,2017,4,7,830,8,1,1,0,8,1, , ,N,1,2,0,3,0,1,2,2,N, ,39 59:40.673,75 05:40.311,1015, ,1000, ,0, , , ,3, , , , , , , , , ,1,0,0,0,0,0,1,0,0,0,0,1,1,0,1,0,0,0,0,0,0,0,0,0,0,0,0,0,0,0,0,0,1,0,0,4,0,39.9946,-75.0945, ,Philadelphia
1504,19194,2017041144,6,67,67301,2017,4,7,915,9,1,1,0,8,1, , ,N,0,0,0,3,0,1,2,2,N,N,40 03:55.249,75 10:30.819,920, ,916,1,2,3,N, ,0,Y, , , , , , , , ,1,1,0,0,0,0,0,0,0,0,1,0,1,0,0,0,0,0,0,0,0,1,0,0,0,0,0,0,0,0,0,0,1,0,0,3,0,40.0653,-75.1752, ,Philadelphia
1505,19199,2017018280,6,67,67301,2017,2,2,1945,19,3,1,0,4,1, , ,N,2,2,0,3,0,2,2,2,N,N,40 06:43.320,74 59:25.838,2052, ,2049,2,1,1,N, ,3,N, , , , , , , , ,2,1,0,0,0,0,0,1,0,0,2,0,2,0,0,0,0,0,0,0,2,0,0,0,0,0,0,0,0,0,0,0,0,0,0,3,0,40.112,-74.9905, ,Philadelphia
1506,19209,2017055605,6,67,67301,2017,5,4,1410,14,1,1,0,8,1, , ,N,0,0,0,3,0,1,2,2,N,N,40 02:20.252,75 08:39.267,1411, ,1410, ,0, ,N, ,0, , , , , , , , , ,1,1,0,0,0,0,0,0,0,0,0,1,1,0,0,0,0,0,0,0,0,0,0,1,0,0,0,0,0,0,0,0,1,0,0,4,0,40.039,-75.1442, ,Philadelphia
1507,19216,2017060498,6,67,67301,2017,5,3,2235,22,3,1,0,8,1, , ,N,1,2,0,3,0,1,2,2,N, ,39 58:46.495,75 10:15.858,2308, ,2308, ,0, , , ,3, , , , , , , , , ,1,1,0,0,0,0,0,0,0,0,1,0,1,0,0,0,0,0,0,0,0,0,0,0,0,0,0,0,0,0,0,0,1,0,0,3,0,39.9796,-75.1711, ,Philadelphia
1508,19229,2017026669,6,67,67301,2017,3,4,725,7,1,1,0,5,1, , ,N,7,0,2,3,0,1,5,3,N,N,39 57:06.151,75 08:29.297,735, ,735, ,0, , , ,0, , , , , , , , , ,3,1,0,0,2,0,0,0,0,0,1,0,1,0,0,0,0,0,0,0,1,0,0,1,0,0,0,0,0,0,0,0,0,0,0,3,0,39.9517,-75.1415, ,Philadelphia
1509,19235,2017040523,6,67,67301,2017,4,6,240,2,3,1,0,7,4, , ,N,0,0,0,3,0,2,2,1,N,N,39 58:05.290,75 07:47.242,248, ,240,2,2,1, , ,0,N, , , , , , , , ,1,1,0,0,0,0,0,0,0,0,2,0,2,0,0,0,0,0,0,0,0,0,0,0,0,0,0,0,0,0,0,0,0,0,0,3,0,39.9681,-75.1298, ,Philadelphia
1510,19242,2017021606,6,67,67301,2017,2,1,1424,14,1,1,0,8,1, , ,N,0,0,0,3,0,1,2,2,N,N,39 56:50.300,75 14:01.641,1540, ,1534, ,0, ,N, ,0, , , , , , , , , ,1,1,0,0,0,0,0,0,0,0,0,1,1,0,0,0,0,0,0,0,0,0,0,1,0,0,0,0,0,0,0,0,1,0,0,4,0,39.9473,-75.2338, ,Philadelphia
1511,19268,2017008106,6,67,67301,2017,1,7,1516,15,1,1,0,1,1, , ,N,0,0,0,3,0,2,5,3,N,N,39 56:35.418,75 11:34.150,1537, ,1518, ,0, , , ,0, , , , , , , , , ,3,2,0,0,0,0,1,0,0,0,2,0,2,0,0,0,0,0,0,0,1,0,0,0,0,0,0,0,0,0,0,0,0,0,0,3,0,39.9432,-75.1928, ,Philadelphia
1512,19282,2017010622,6,67,67301,2017,1,6,735,7,1,4,6,4,1, , ,N,2,3,0,3,0,1,2,2,N,N,39 59:02.756,75 06:57.952,840, ,835, ,0, ,N, ,3, , , , , , , , , ,2,2,0,0,0,0,0,0,0,0,0,1,1,0,0,0,0,0,0,0,0,0,0,0,0,0,0,0,0,0,0,0,0,0,0,4,0,39.9841,-75.1161, ,Philadelphia
1513,19287,2017035601,6,67,67301,2017,3,4,2333,23,3,1,0,5,1, , ,N,0,0,0,3,0,2,3,3,N, ,40 01:14.052,75 07:00.753,2345, ,2340, ,0, , , ,0, , , , , , , , , ,3,2,0,0,1,0,0,0,0,0,0,2,2,0,0,0,0,0,0,0,0,0,0,1,0,0,0,0,0,0,0,0,0,0,0,4,0,40.0206,-75.1169, ,Philadelphia
1514,19292,2017032482,6,67,67301,2017,3,3,1612,16,1,1,0,4,1, , ,N,0,0,0,3,0,1,2,2,N,N,40 00:36.132,75 12:23.409,1616, ,1614, ,0, , , ,0, , , , , , , , , ,2,1,0,0,0,0,1,0,0,0,0,0,1,1,0,0,0,0,0,0,0,0,0,0,0,0,0,0,0,0,0,0,0,0,0,8,0,40.01,-75.2065, ,Philadelphia
1515,19309,2017060600,6,67,67301,2017,5,6,8,0,3,1,0,3,1, , ,N,0,0,0,3,0,1,3,2,N,N,40 00:01.687,75 10:11.252,32, ,19, ,0, ,N, ,0, , , , , , , , , ,2,2,0,0,0,0,0,0,0,0,0,1,1,0,0,0,0,0,0,0,0,0,0,0,0,0,0,0,0,0,0,0,0,0,0,4,0,40.0005,-75.1698, ,Philadelphia
1516,19315,2017059705,6,67,67301,2017,3,1,1743,17,3,1,0,7,2,1,5,Y,0,0,0,3,0,0,1,1,N,N,39 58:50.860,75 06:12.596,1801,45,1746, ,0, , , ,0, ,N,N,N,N,N,N,Y,N,1,1,0,0,0,0,0,0,0,0,0,0,0,0,0,0,0,0,0,0,1,0,0,1,0,0,0,0,0,0,0,0,0,0,0,0,0,39.9808,-75.1035, ,Philadelphia
1517,19335,2017018988,6,67,67301,2017,1,2,1654,16,4,1,1,4,1, , ,N,1,2,0,3,0,1,2,2,N,N,40 03:28.719,75 03:09.712,1704, ,1657,9,1,2, , ,3,N, , , , , , , , ,2,2,0,0,0,0,0,0,0,0,1,0,1,0,0,0,0,0,0,0,0,0,1,0,0,0,0,0,0,0,0,0,0,0,0,3,0,40.058,-75.0527, ,Philadelphia
1518,19337,2017041260,6,67,67301,2017,4,2,1103,11,1,1,0,1,1, , ,N,1,2,0,3,0,1,2,2,N,N,40 02:22.311,75 07:47.377,1107, ,1105,1,1,1,N, ,3,Y, , , , , , , , ,2,1,0,0,0,1,0,0,0,0,0,0,1,1,0,0,0,0,0,0,1,0,0,1,0,0,0,0,0,0,0,0,0,0,0,8,1,40.0395,-75.1298, ,Philadelphia
1519,19341,2017037507,6,67,67301,2017,3,2,630,6,5,1,0,4,1, , ,N,1,2,0,3,0,1,2,2,N,N,40 03:21.148,75 03:41.774,705, ,700,2,1,1,N, ,3,N, , , , , , , , ,2,2,0,0,0,0,0,0,0,0,0,0,1,1,1,0,0,0,0,0,0,0,0,0,0,0,0,0,0,0,0,0,0,0,0,8,0,40.0559,-75.0616, ,Philadelphia
1520,19343,2017028936,6,67,67301,2017,2,3,1245,12,1,1,0,8,1, , ,N,1,2,0,3,0,1,2,2,N,N,40 03:00.396,75 03:51.268,1250, ,1245, ,0, , , ,3, , , , , , , , , ,1,0,0,0,0,0,0,1,0,0,0,1,1,0,0,0,0,0,0,0,1,0,0,1,0,0,0,0,0,0,0,0,1,0,0,4,0,40.0501,-75.0642, ,Philadelphia
1521,19350,2017021622,6,67,67301,2017,2,4,1150,11,1,1,0,5,1, , ,N,0,0,0,3,0,1,3,2,N, ,39 57:02.998,75 10:34.354,1158, ,1154, ,0, , , ,0, , , , , , , , , ,2,1,0,0,0,0,0,1,0,0,0,1,1,0,0,0,0,0,0,0,1,0,0,2,0,0,0,0,0,0,0,0,0,0,0,4,0,39.9508,-75.1762, ,Philadelphia
1522,19374,2017008742,6,67,67301,2017,1,3,217,2,2,2,1,5,1, , ,N,0,0,0,3,0,1,1,3,N,N,40 02:55.790,75 09:39.980,219, ,219, ,0, ,N, ,0, , , , , , , , , ,3,1,0,0,0,0,2,0,0,0,0,0,1,1,0,0,0,0,0,0,1,0,0,0,0,0,0,0,0,0,0,0,0,0,0,8,0,40.0488,-75.1611, ,Philadelphia
1523,19397,2017055487,6,67,67301,2017,4,5,2100,21,3,1,0,0,1, , ,N,0,0,0,3,0,1,1,1,N,N,39 55:47.211,75 11:09.114,2115, ,2100, ,0, ,N, ,0, , , , , , , , , ,1,0,1,0,0,0,0,0,0,0,0,0,1,1,0,0,0,0,0,0,0,0,0,0,0,0,0,0,0,0,0,0,0,0,0,8,0,39.9298,-75.1859, ,Philadelphia
1524,19413,2017010599,6,67,67301,2017,1,6,2030,20,3,1,0,5,9, , ,N,2,0,0,3,0,1,3,2,N,N,39 57:41.346,75 09:53.848,2030, ,2030, ,0, ,N, ,0, , , , , , , , , ,2,1,0,0,0,0,1,0,0,0,0,1,1,0,0,0,0,0,0,0,2,0,0,1,0,0,0,0,0,0,0,0,0,0,0,4,0,39.9615,-75.165, ,Philadelphia
1525,19426,2017013914,6,67,67301,2017,1,1,120,1,3,1,0,1,6, , ,N,0,0,0,3,0,0,1,2,N,N,39 56:41.424,75 09:31.658,209, ,207, ,0, , , ,0, , , , , , , , , ,2,1,0,0,0,0,1,0,0,0,0,0,0,0,1,0,0,0,0,0,0,0,0,0,0,0,0,0,0,0,0,0,0,0,0,9,0,39.9448,-75.1588, ,Philadelphia
1526,19428,2017019148,6,67,67301,2017,1,3,1921,19,3,1,0,4,1, , ,N,1,3,0,3,0,2,2,3,N, ,40 01:15.528,75 03:21.182,1940, ,1935,2,2,1, , ,3,Y, , , , , , , , ,3,3,0,0,0,0,0,0,0,0,0,0,2,2,0,0,0,1,0,0,1,0,0,0,0,0,0,0,0,0,0,0,0,0,0,8,0,40.021,-75.0559, ,Philadelphia
1527,19450,2017029009,6,67,67301,2017,2,7,936,9,1,1,0,8,1, , ,N,0,0,0,3,0,1,2,2,N, ,40 01:35.889,75 02:10.914,9999, ,936, ,0, , , ,0, , , , , , , , , ,1,0,0,0,0,0,1,0,0,1,0,0,1,0,1,0,0,0,0,0,0,0,0,0,0,0,0,0,0,0,0,0,1,0,1,2,0,40.0266,-75.0364, ,Philadelphia
1528,19451,2017043877,6,67,67301,2017,4,4,2115,21,3,1,0,4,1, , ,N,1,3,0,3,0,0,3,2,N,N,39 58:21.873,75 10:47.705,2130, ,2119, ,0, , , ,3, , , , , , , , , ,2,2,0,0,0,0,0,0,0,0,0,0,0,0,0,0,0,0,0,0,1,0,0,1,0,0,0,0,0,0,0,0,0,0,0,0,0,39.9727,-75.1799, ,Philadelphia
1529,19453,2017030666,6,67,67301,2017,3,5,1555,15,1,1,0,1,1, , ,N,0,0,0,3,0,2,2,2,N,N,39 56:44.152,75 11:24.268,1650, ,1555, ,0, , , ,0, , , , , , , , , ,2,1,0,0,1,0,0,0,0,0,2,0,2,0,0,0,0,0,0,0,1,0,0,0,0,0,0,0,0,0,0,0,0,0,0,3,0,39.9456,-75.1901, ,Philadelphia
1530,19457,2017043887,6,67,67301,2017,4,2,1008,10,1,2,1,0,1, , ,N,0,0,0,3,0,1,2,2,N,N,40 02:20.393,75 02:04.663,1016, ,1014, ,0, , , ,0, , , , , , , , , ,1,0,0,0,1,0,0,0,0,0,0,1,1,0,0,0,0,0,0,0,0,0,0,1,0,0,0,0,0,0,0,0,1,0,0,4,0,40.039,-75.0346, ,Philadelphia
1531,17509,2017030232,6,67,67301,2017,3,7,404,4,3,1,0,7,2,1,5,Y,0,0,0,3,0,1,1,1,N,N,39 57:57.201,75 08:12.175,410,45,405,1,1,2, , ,0,N,N,N,N,N,N,N,Y,N,1,0,0,0,0,0,1,0,0,0,1,0,1,0,0,0,0,0,0,0,0,0,0,1,0,0,0,0,0,0,0,0,0,0,0,3,0,39.9659,-75.1367, ,Philadelphia
1532,17513,2017049940,6,67,67301,2017,5,3,710,7,1,1,0,3,1, , ,N,0,0,0,3,0,3,13,2,Y,N,39 59:41.553,75 06:23.574,800, ,720,2,2,5,N, ,0,Y, , , , , , , , ,2,0,0,1,1,0,0,0,0,0,3,0,3,0,0,0,0,0,0,0,0,0,0,0,0,0,0,0,0,0,0,0,0,0,0,3,1,39.9949,-75.1065, ,Philadelphia
1533,17534,2017067956,6,67,67301,2017,6,6,657,6,1,1,0,5,1, , ,N,0,4,6,3,0,1,2,2,N,N,40 02:58.617,75 03:04.866,719, ,659,2,1,2,Y, ,3,N, , , , , , , , ,2,2,0,0,0,0,0,0,0,0,0,0,1,1,0,0,0,0,1,0,1,0,0,0,0,0,0,0,0,0,0,0,0,0,0,8,0,40.0496,-75.0514, ,Philadelphia
1534,17556,2017033537,6,67,67301,2017,2,2,830,8,1,1,0,1,1, , ,N,1,2,0,3,0,1,2,2,N,N,39 59:00.775,75 06:56.157,948, ,834, ,0, , , ,3, , , , , , , , , ,2,1,0,0,0,0,0,1,0,0,0,0,1,1,0,0,0,0,0,0,1,0,0,0,0,0,0,0,0,0,0,0,0,0,0,8,0,39.9835,-75.1156, ,Philadelphia
1535,17566,2017043810,6,67,67301,2017,4,1,150,1,3,1,0,8,1, , ,N,1,2,0,3,0,1,2,2,N,N,39 57:06.276,75 09:29.927,319, ,317, ,0, ,N, ,3, , , , , , , , , ,1,1,0,0,0,0,0,0,0,1,0,0,1,0,0,0,0,0,0,0,0,0,0,0,0,0,0,0,0,0,0,0,1,0,1,2,0,39.9517,-75.1582, ,Philadelphia
1536,17590,2017006725,6,67,67301,2017,1,2,1433,14,1,1,0,7,3, , ,N,0,0,2,3,0,0,1,1,N,N,39 54:31.900,75 09:27.200,1433, ,1433, ,0, ,N, ,0, , , , , , , , , ,1,0,0,0,0,0,1,0,0,0,0,0,0,0,0,0,0,0,0,0,0,0,0,0,0,0,0,0,0,0,0,0,0,0,0,0,0,39.9089,-75.1576, ,Philadelphia
1537,17596,2017028881,6,67,67301,2017,2,5,900,9,1,1,0,8,1, , ,N,1,2,0,3,0,1,2,2,N,N,39 57:58.751,75 10:45.335,940, ,930, ,0, , , ,3, , , , , , , , , ,1,1,0,0,0,0,0,0,0,0,1,0,1,0,0,0,0,0,0,0,0,0,0,0,0,0,0,0,0,0,0,0,1,0,0,3,0,39.9663,-75.1793, ,Philadelphia
1538,17597,2017017614,6,67,67301,2017,2,2,1856,18,3,1,0,1,1, , ,N,0,0,0,3,0,0,2,2,N,N,39 56:09.065,75 11:59.130,1907, ,1856, ,0, , , ,0, , , , , , , , , ,2,2,0,0,0,0,0,0,0,0,0,0,0,0,0,0,0,0,0,0,1,0,0,0,0,0,0,0,0,0,0,0,0,0,0,0,0,39.9359,-75.1998, ,Philadelphia
1539,17605,2017018989,6,67,67301,2017,1,7,123,1,2,1,0,5,1, , ,N,0,0,0,3,0,0,2,2,N,N,40 01:06.967,75 10:00.016,135, ,131,1,1,2,N, ,0,N, , , , , , , , ,2,1,0,0,0,0,0,0,0,0,0,0,0,0,0,0,0,0,0,0,0,0,0,0,0,0,0,0,0,0,0,0,0,0,0,0,0,40.0186,-75.1667, ,Philadelphia
1540,17620,2017035709,6,67,67301,2017,3,7,1725,17,3,1,0,4,1, , ,N,1,2,0,3,0,1,4,2,N, ,39 56:29.823,75 13:12.601,1938, ,1933, ,0, , , ,3, , , , , , , , , ,2,2,0,0,0,0,0,0,0,0,0,1,1,0,1,0,0,0,0,0,0,0,0,0,0,0,0,0,0,0,0,0,0,0,0,4,0,39.9416,-75.2201, ,Philadelphia
1541,17625,2017052310,6,67,67301,2017,4,6,9999,99,1,2,1,8,1, , ,N,0,0,0,3,0,1,3,3,N,N,39 59:44.062,75 07:06.744,935, ,928, ,0, ,N, ,0, , , , , , , , , ,2,1,0,0,0,0,0,0,0,0,0,0,1,1,0,0,0,0,0,0,0,0,0,1,0,0,0,0,0,0,0,0,1,0,0,8,0,39.9956,-75.1185, ,Philadelphia
1542,17640,2017007851,6,67,67301,2017,1,7,1700,17,3,1,0,4,1, , ,N,2,2,0,3,0,2,2,2,N,N,40 04:18.809,74 58:52.281,1710, ,1705, ,0, ,N, ,3, , , , , , , , , ,2,1,0,0,0,0,1,0,0,0,0,0,2,2,0,0,0,0,0,0,1,0,0,0,0,0,0,0,0,0,0,0,0,0,0,8,0,40.0719,-74.9811, ,Philadelphia
1543,17662,2017021617,6,67,67301,2017,2,4,2125,21,3,1,0,5,4, , ,N,0,0,0,3,0,0,1,3,N, ,39 58:17.202,75 08:41.312,2150, ,2142,3,1,1, , ,0,N, , , , , , , , ,3,3,0,0,0,0,0,0,0,0,0,0,0,0,0,0,0,0,0,0,0,0,0,0,0,0,0,0,0,0,0,0,0,0,0,0,0,39.9714,-75.1448, ,Philadelphia
1544,17668,2017060496,6,67,67301,2017,5,4,1047,10,1,1,0,4,1, , ,N,1,2,0,3,0,0,3,2,N,N,39 59:04.898,75 09:23.804,1047, ,1047, ,0, ,N, ,3, , , , , , , , , ,2,1,0,0,0,0,0,1,0,0,0,0,0,0,2,0,0,0,1,0,1,0,0,0,0,0,0,0,0,0,0,0,0,0,0,9,0,39.9847,-75.1565, ,Philadelphia
1545,17673,2017060604,6,67,67301,2017,5,4,1840,18,1,1,1,5,1, , ,N,0,0,0,3,0,0,2,2,N,N,39 58:53.600,75 12:21.000,1850, ,1850,1,1,2,N, ,0,N, , , , , , , , ,2,1,0,0,0,0,1,0,0,0,0,0,0,0,0,0,0,0,0,0,0,0,0,0,0,0,0,0,0,0,0,0,0,0,0,0,0,39.9816,-75.2058, ,Philadelphia
1546,17685,2017019932,6,67,67301,2017,2,5,1626,16,1,1,0,1,1, , ,N,0,0,0,3,0,2,4,2,N,N,40 00:36.451,75 03:50.000,1709, ,1628, ,0, , , ,0, , , , , , , , , ,2,2,0,0,0,0,0,0,0,0,0,0,2,2,0,0,0,0,0,0,0,0,0,0,0,0,0,0,0,0,0,0,0,0,0,8,0,40.0101,-75.0639, ,Philadelphia
1547,17731,2017008750,6,67,67301,2017,1,1,48,0,3,1,0,1,1, , ,N,1,2,0,3,0,1,4,3,N,N,40 06:24.441,74 59:56.742,59, ,48,2,1,2,Y, ,3,N, , , , , , , , ,3,2,0,0,0,0,1,0,0,0,0,0,1,1,0,0,0,0,0,0,1,0,1,0,0,0,0,0,0,0,0,0,0,0,0,8,0,40.1066,-74.999, ,Philadelphia
1548,17734,2017013918,6,67,67301,2017,1,5,730,7,1,1,0,4,1, , ,N,1,3,0,3,0,1,3,2,Y, ,40 03:57.202,75 10:35.464,735, ,732, ,0, , , ,3, , , , , , , , , ,2,1,0,1,0,0,0,0,0,0,0,0,1,1,0,0,0,0,0,0,1,0,0,0,0,0,0,0,0,0,0,0,0,0,0,8,1,40.0659,-75.1765, ,Philadelphia
1549,17757,2017039080,6,67,67301,2017,3,3,1026,10,1,1,0,5,1, , ,N,0,0,0,3,0,1,2,2,N,N,40 00:48.525,75 03:25.534,1046, ,1028,3,1,1, , ,0,N, , , , , , , , ,2,0,0,0,1,1,0,0,0,1,0,0,1,0,0,0,0,0,0,0,1,1,0,0,0,0,0,0,0,0,0,0,0,0,0,2,1,40.0135,-75.0571, ,Philadelphia
1550,17761,2017052328,6,67,67301,2017,4,5,1346,13,1,1,0,8,1, , ,N,0,0,0,3,0,1,2,2,N,N,39 58:47.395,75 07:22.569,1347, ,1346, ,0, , , ,0, , , , , , , , , ,1,0,0,1,0,0,0,0,0,0,0,1,1,0,0,0,0,0,0,0,1,0,0,0,0,0,0,0,0,0,0,0,1,0,0,4,1,39.9798,-75.1229, ,Philadelphia
1551,17781,2017018546,6,67,67301,2017,1,3,615,6,3,2,1,7,3, , ,N,0,0,0,3,0,1,2,1,N,N,40 00:59.686,75 12:09.513,650, ,620, ,0, ,N, ,0, , , , , , , , , ,1,1,0,0,0,0,0,0,0,0,1,0,1,0,0,0,0,0,0,0,0,0,0,1,0,0,0,0,0,0,0,0,0,0,0,3,0,40.0166,-75.2026, ,Philadelphia
1552,17794,2017028868,6,67,67301,2017,2,6,1300,13,1,1,0,4,1, , ,N,0,0,7,3,0,3,4,2,N,N,39 58:49.854,75 16:06.198,1330, ,1320, ,0, ,N, ,0, , , , , , , , , ,2,0,0,0,0,0,2,0,0,0,0,3,3,0,0,0,0,0,0,0,0,0,0,0,0,0,0,0,0,0,0,0,0,0,0,4,0,39.9805,-75.2684, ,Philadelphia
1553,17807,2017045118,6,67,67301,2017,4,6,1355,13,1,1,0,7,2, , ,N,0,0,0,3,0,0,1,1,N,N,39 53:09.628,75 14:34.711,1355, ,1355, ,0, , , ,0, , , , , , , , , ,1,1,0,0,0,0,0,0,0,0,0,0,0,0,0,0,0,0,0,0,0,0,0,0,0,0,0,0,0,0,0,0,0,0,0,0,0,39.886,-75.243, ,Philadelphia
1554,17813,2017051049,6,67,67301,2017,5,3,1043,10,1,1,0,1,1, , ,N,0,0,0,3,0,1,2,2,N,N,39 59:53.136,75 11:45.550,1050, ,1043, ,0, , , ,0, , , , , , , , , ,2,1,0,0,0,0,1,0,0,0,0,1,1,0,0,0,0,1,0,0,0,0,0,1,0,0,0,0,0,0,0,0,0,0,0,4,0,39.9981,-75.196, ,Philadelphia
1555,17815,2017052232,6,67,67301,2017,4,7,1530,15,1,2,1,4,1, , ,N,2,3,0,3,0,0,3,2,N, ,39 57:49.712,75 14:10.892,1633, ,1623, ,0, , , ,3, , , , , , , , , ,2,2,0,0,0,0,0,0,0,0,0,0,0,0,2,0,0,0,0,0,0,1,0,0,0,0,0,0,0,0,0,0,0,0,0,9,0,39.9638,-75.2364, ,Philadelphia
1556,17816,2017055587,6,67,67301,2017,4,6,1946,19,1,1,0,1,1, , ,N,1,2,0,3,0,2,3,2,N,N,39 57:30.563,75 13:30.647,2010, ,1946, ,0, ,N, ,3, , , , , , , , , ,2,2,0,0,0,0,0,0,0,0,0,2,2,0,0,0,0,0,0,1,0,0,0,3,0,0,0,0,0,0,0,0,0,0,0,4,0,39.9585,-75.2252, ,Philadelphia
1557,17833,2017038505,6,67,67301,2017,3,5,2036,20,6,1,0,1,1, , ,N,0,0,0,3,0,0,2,2,N,N,39 57:35.830,75 10:42.299,2045, ,2036, ,0, , , ,0, , , , , , , , , ,2,2,0,0,0,0,0,0,0,0,0,0,0,0,0,0,0,0,0,0,0,0,0,0,0,0,0,0,0,0,0,0,0,0,0,0,0,39.9598,-75.1774, ,Philadelphia
1558,17845,2017041152,6,67,67301,2017,4,7,2020,20,3,1,0,4,1, , ,N,5,2,0,3,0,0,4,2,N,N,39 57:42.225,75 09:26.825,2025, ,2025,2,1,2, , ,3,N, , , , , , , , ,2,2,0,0,0,0,0,0,0,0,0,0,0,0,0,0,0,0,0,0,0,0,0,1,0,0,0,0,0,0,0,0,0,0,0,0,0,39.9617,-75.1575, ,Philadelphia
1559,17848,2017035625,6,67,67301,2017,3,4,2145,21,3,1,0,7,4, , ,N,0,0,0,3,0,2,3,2,N,N,39 54:17.908,75 11:43.369,2200, ,2152, ,0, ,N, ,0, , , , , , , , , ,2,2,0,0,0,0,0,0,0,0,0,0,2,2,0,0,0,0,0,0,0,0,0,0,0,0,0,0,0,0,0,0,0,0,0,8,0,39.905,-75.1954, ,Philadelphia
1560,17879,2017025664,6,67,67301,2017,2,2,1637,16,1,1,0,1,1, , ,N,7,0,8,3,0,0,2,2,N,N,39 57:06.151,75 08:29.297,1637, ,1637, ,0, , , ,0, , , , , , , , , ,2,2,0,0,0,0,0,0,0,0,0,0,0,0,0,0,0,0,0,0,0,0,0,0,0,0,0,0,0,0,0,0,0,0,0,0,0,39.9517,-75.1415, ,Philadelphia
1561,17978,2017019015,6,67,67301,2017,2,5,2244,22,3,1,0,4,1, , ,N,1,3,0,3,0,0,3,2,N,N,40 00:35.884,75 05:29.612,2351, ,2343, ,0, ,N, ,3, , , , , , , , , ,2,2,0,0,0,0,0,0,0,0,0,0,0,0,0,0,0,0,0,0,0,0,0,0,0,0,0,0,0,0,0,0,0,0,0,0,0,40.01,-75.0916, ,Philadelphia
1562,17983,2017043840,6,67,67301,2017,4,3,1340,13,1,1,0,7,4, , ,N,0,0,0,3,0,2,2,2,N,N,40 00:03.521,75 11:26.065,1348, ,1344,2,2,5,Y, ,0,Y, , , , , , , , ,2,2,0,0,0,0,0,0,0,0,0,2,2,0,0,0,0,0,0,0,0,0,0,0,0,0,0,0,0,0,0,0,0,0,0,4,0,40.001,-75.1906, ,Philadelphia
1563,18011,2017057785,6,67,67301,2017,3,5,1457,14,1,1,0,2,1,1,4,Y,0,0,0,3,0,1,2,2,N,N,39 59:53.613,75 05:15.526,1457,25,1457,2,1,5, , ,0,N,Y,N,N,N,Y,N,N,Y,2,1,0,0,0,1,0,0,0,0,0,0,1,1,0,0,0,0,0,0,1,0,0,1,0,0,0,0,0,0,0,0,0,0,0,8,1,39.9982,-75.0876, ,Philadelphia
1564,18019,2017018990,6,67,67301,2017,1,7,2342,23,3,1,0,8,1, , ,N,1,2,0,3,2,0,4,3,N,N,40 01:58.300,75 04:50.200,2344, ,2342,9,2,2,N,0,3,Y, , , , , , , , ,1,0,0,0,0,0,1,0,0,0,0,0,0,0,0,0,0,0,0,0,0,0,0,0,0,0,0,0,0,0,0,0,2,2,0,1,0,40.033,-75.0802,2,Philadelphia