objectid_1,objectid,crn,district,county,municipality,crash_year,crash_month,day_of_week,time_of_day,hour_of_day,illumination,weather,road_condition,collision_type,relation_to_road,work_zone_type,work_zone_loc,work_zone_ind,intersect_type,tcd_type,location_type,urban_rural,fatal_count,injury_count,person_count,total_units,sch_bus_ind,sch_zone_ind,latitude,longitude,arrival_tm,cons_zone_spd_lim,dispatch_tm,est_hrs_closed,lane_closed,ln_close_dir,ntfy_hiwy_maint,spec_juris_cd,tcd_func_cd,tfc_detour_ind,workers_pres,wz_close_detour,wz_flagger,wz_law_offcr_ind,wz_ln_closure,wz_moving,wz_other,wz_shlder_mdn,vehicle_count,automobile_count,motorcycle_count,bus_count,small_truck_count,heavy_truck_count,suv_count,van_count,bicycle_count,maj_inj_count,mod_inj_count,min_inj_count,tot_inj_count,unk_inj_deg_count,unk_inj_per_count,driver_count_16yr,driver_count_17yr,driver_count_18yr,driver_count_19yr,driver_count_20yr,driver_count_50_64yr,driver_count_65_74yr,driver_count_75plus,unbelted_occ_count,unb_death_count,unb_maj_inj_count,belted_death_count,belted_maj_inj_count,mcycle_death_count,mcycle_maj_inj_count,bicycle_death_count,bicycle_maj_inj_count,ped_count,ped_death_count,ped_maj_inj_count,max_severity_level,comm_veh_count,dec_lat,dec_long,rdwy_surf_type_cd,county_name
1695,20008,2017044238,6,67,67301,2017,4,3,12,0,3,2,1,5,1, , ,N,0,0,3,3,0,1,2,2,N,N,39 56:15.987,75 08:38.932,16, ,14, ,0, , , ,0, , , , , , , , , ,2,1,0,0,0,0,0,1,0,0,1,0,1,0,0,0,0,0,0,0,0,0,0,0,0,0,0,0,0,0,0,0,0,0,0,3,0,39.9378,-75.1441, ,Philadelphia
1696,20023,2017043784,6,67,67301,2017,4,1,35,0,3,1,0,0,1, , ,N,0,0,1,3,0,1,1,1,N,N,40 00:26.839,75 11:32.632,35, ,35, ,0, ,N, ,0, , , , , , , , , ,1,0,1,0,0,0,0,0,0,0,0,1,1,0,0,0,0,0,0,0,0,0,0,0,0,0,0,0,0,0,0,0,0,0,0,4,0,40.0073,-75.1921, ,Philadelphia
1697,20033,2017060631,6,67,67301,2017,5,5,1830,18,1,2,1,5,1, , ,N,0,0,0,3,0,2,4,2,N, ,40 00:33.808,75 09:03.964,1850, ,1839,9,1,1, , ,0,N, , , , , , , , ,2,2,0,0,0,0,0,0,0,0,0,2,2,0,0,0,0,0,1,1,0,0,0,2,0,0,0,0,0,0,0,0,0,0,0,4,0,40.0094,-75.1511, ,Philadelphia
1698,20051,2017041302,6,67,67301,2017,4,5,816,8,1,2,1,4,1, , ,N,1,0,7,3,0,1,2,2,N,N,40 03:39.900,75 10:18.100,823, ,826, ,0, ,N, ,0, , , , , , , , , ,2,1,0,0,0,0,1,0,0,0,0,0,1,1,0,0,0,0,0,0,1,0,0,0,0,0,0,0,0,0,0,0,0,0,0,8,0,40.0611,-75.1717, ,Philadelphia
1699,20066,2017035705,6,67,67301,2017,3,6,1735,17,3,4,1,4,1, , ,N,2,0,0,3,0,0,3,2,N,N,40 03:58.955,74 58:55.792,1740, ,1738, ,0, , , ,0, , , , , , , , , ,2,1,0,0,0,0,1,0,0,0,0,0,0,0,0,0,0,0,0,0,0,0,0,0,0,0,0,0,0,0,0,0,0,0,0,0,0,40.0664,-74.9822, ,Philadelphia
1700,20085,2017014221,6,67,67301,2017,1,1,1813,18,3,1,0,1,1, , ,N,6,0,2,3,0,0,10,2,N,N,39 56:44.167,75 11:25.033,1831, ,1818, ,0, , , ,0, , , , , , , , , ,2,1,0,0,0,0,1,0,0,0,0,0,0,0,0,0,0,0,0,0,0,0,0,0,0,0,0,0,0,0,0,0,0,0,0,0,0,39.9456,-75.1903, ,Philadelphia
1701,20091,2017012915,6,67,67301,2017,1,3,1512,15,1,1,0,7,2, , ,N,0,0,0,3,0,2,2,1,N,N,40 05:13.555,74 58:17.087,1520, ,1515,1,1,3,N, ,0,N, , , , , , , , ,1,0,0,0,0,0,1,0,0,0,2,0,2,0,0,0,0,0,0,0,0,0,0,0,0,0,0,0,0,0,0,0,0,0,0,3,0,40.0871,-74.9714, ,Philadelphia
1702,20115,2017028926,6,67,67301,2017,2,5,1516,15,1,1,0,8,1, , ,N,1,2,0,3,0,1,2,2,N, ,39 59:32.913,75 10:46.449,1516, ,1516, ,0, ,N, ,3, , , , , , , , , ,1,0,0,0,1,0,0,0,0,0,0,0,1,1,0,0,0,0,0,0,0,0,1,1,0,0,0,0,0,0,0,0,1,0,0,8,0,39.9925,-75.1796, ,Philadelphia
1703,20123,2017052330,6,67,67301,2017,4,5,830,8,1,1,0,4,1, , ,N,0,0,0,3,0,1,2,2,N,N,39 59:41.827,75 06:56.473,959, ,958, ,0, , , ,0, , , , , , , , , ,1,0,0,0,0,0,1,0,1,0,0,0,1,1,0,0,0,0,0,0,0,0,0,1,0,0,0,0,0,0,0,0,0,0,0,8,0,39.995,-75.1157, ,Philadelphia
1704,20135,2017007886,6,67,67301,2017,1,1,650,6,1,1,0,4,1, , ,N,1,3,0,3,0,3,4,2,N, ,40 00:27.130,75 08:16.039,658, ,656, ,0, , , ,3, , , , , , , , , ,2,1,0,0,0,0,1,0,0,0,0,3,3,0,0,0,0,0,0,0,0,0,0,1,0,0,0,0,0,0,0,0,0,0,0,4,0,40.0075,-75.1378, ,Philadelphia
1705,20141,2017018983,6,67,67301,2017,2,4,1005,10,1,1,0,4,1, , ,N,1,2,0,3,0,1,2,2,N, ,40 01:40.095,75 05:55.134,1012, ,1010,1,2,1, , ,3,Y, , , , , , , , ,2,0,0,0,0,0,1,1,0,0,0,1,1,0,0,0,0,0,0,0,1,0,0,2,0,0,0,0,0,0,0,0,0,0,0,4,0,40.0278,-75.0986, ,Philadelphia
1706,20142,2017023932,6,67,67301,2017,2,6,2120,21,3,1,0,5,6, , ,N,0,0,0,3,0,1,1,6,N, ,39 58:15.528,75 08:47.421,2128, ,2126, ,0, , , ,0, , , , , , , , , ,6,3,0,0,0,0,3,0,0,0,1,0,1,0,0,0,0,0,0,0,0,0,0,0,0,0,0,0,0,0,0,0,0,0,0,3,0,39.971,-75.1465, ,Philadelphia
1707,20163,2017030988,6,67,67301,2017,3,4,1132,11,1,1,0,4,1, , ,N,0,2,0,3,0,1,5,3,N,N,39 56:58.908,75 12:05.956,1132, ,1132, ,0, ,N, ,3, , , , , , , , , ,3,1,0,0,0,0,1,1,0,0,0,0,1,1,0,0,0,0,0,0,0,0,0,0,0,0,0,0,0,0,0,0,0,0,0,8,0,39.9497,-75.2017, ,Philadelphia
1708,20179,2017052098,6,67,67301,2017,4,3,1610,16,1,1,0,2,1, , ,N,0,0,0,3,0,1,2,2,N,N,39 56:12.648,75 12:45.217,1615, ,1613, ,0, ,N, ,0, , , , , , , , , ,2,1,0,0,0,0,1,0,0,0,0,0,1,1,1,0,0,0,0,0,1,0,0,0,0,0,0,0,0,0,0,0,0,0,0,8,0,39.9368,-75.2126, ,Philadelphia
1709,20192,2017014016,6,67,67301,2017,1,2,1730,17,3,2,1,4,1, , ,N,1,3,0,3,0,1,1,2,N,N,39 59:27.189,75 07:19.509,1735, ,1735, ,0, ,N, ,3, , , , , , , , , ,1,1,0,0,0,0,0,0,1,0,0,1,1,0,0,0,0,0,0,0,0,0,0,0,0,0,0,0,0,0,0,0,0,0,0,4,0,39.9909,-75.1221, ,Philadelphia
1710,20199,2017042767,6,67,67301,2017,2,1,1458,14,1,1,0,1,1, , ,N,0,0,0,3,0,1,3,3,N,N,39 57:56.878,75 08:10.549,1506, ,1503, ,0, , , ,0, , , , , , , , , ,3,1,0,0,1,0,0,1,0,0,1,0,1,0,0,0,0,0,0,0,1,0,0,1,0,0,0,0,0,0,0,0,0,0,0,3,0,39.9658,-75.1363, ,Philadelphia
1711,22049,2017035777,6,67,67301,2017,3,3,9999,99,1,1,0,1,6, , ,N,0,0,0,3,0,2,4,3,N, ,40 01:48.411,75 03:50.719,1627, ,1625, ,0, , , ,0, , , , , , , , , ,3,1,0,0,0,0,1,0,0,0,0,2,2,0,0,0,0,0,0,0,0,0,0,0,0,0,0,0,0,0,0,0,0,0,0,4,0,40.0301,-75.0641, ,Philadelphia
1712,22082,2017033127,6,67,67301,2017,3,7,1335,13,1,1,0,4,1, , ,N,0,2,6,3,0,1,3,2,N,N,40 06:00.976,75 00:30.733,1345, ,1340, ,0, ,N, ,3, , , , , , , , , ,2,1,0,0,0,0,1,0,0,0,0,1,1,0,0,0,0,0,0,0,1,0,1,3,0,0,0,0,0,0,0,0,0,0,0,4,0,40.1003,-75.0085, ,Philadelphia
1713,22110,2017052453,6,67,67301,2017,4,6,2335,23,3,1,0,8,1, , ,N,1,2,0,3,0,1,2,2,N,N,39 59:23.218,75 06:14.002,2347, ,2341, ,0, ,N, ,3, , , , , , , , , ,1,0,0,0,0,0,0,0,0,0,0,1,1,0,0,0,0,0,0,0,0,0,0,0,0,0,0,0,0,0,0,0,1,0,0,4,0,39.9898,-75.1039, ,Philadelphia
1714,22139,2017041216,6,67,67301,2017,3,3,200,2,3,1,1,1,1, , ,N,1,2,0,3,0,1,3,2,N,N,40 02:38.709,75 07:43.784,211, ,206, ,0, ,N, ,3, , , , , , , , , ,2,2,0,0,0,0,0,0,0,0,0,0,1,1,0,0,0,0,0,0,0,0,0,1,0,0,0,0,0,0,0,0,0,0,0,8,0,40.0441,-75.1288, ,Philadelphia
1715,22168,2017055640,6,67,67301,2017,5,1,1935,19,1,1,0,4,1, , ,N,1,2,0,3,0,0,2,2,N, ,39 58:18.037,75 09:40.121,1940, ,1939, ,0, , , ,3, , , , , , , , , ,2,1,0,0,0,0,1,0,0,0,0,0,0,0,0,0,0,0,0,0,0,0,0,0,0,0,0,0,0,0,0,0,0,0,0,0,0,39.9717,-75.1611, ,Philadelphia
1716,22171,2017014990,6,67,67301,2017,1,3,2315,23,3,1,0,7,2, , ,N,0,0,0,3,0,0,4,2,N,N,39 59:59.139,75 11:42.240,2315, ,2315,1,2,4, , ,0,Y, , , , , , , , ,2,1,0,0,0,0,1,0,0,0,0,0,0,0,0,0,0,1,0,1,0,0,0,0,0,0,0,0,0,0,0,0,0,0,0,0,0,39.9998,-75.1951, ,Philadelphia
1717,22175,2017025249,6,67,67301,2017,3,6,549,5,5,1,0,7,4, , ,N,6,0,2,3,0,0,1,1,N,N,39 54:26.891,75 08:58.831,628, ,616, ,0, , , ,0, , , , , , , , , ,1,0,0,0,0,0,1,0,0,0,0,0,0,0,0,0,0,0,0,0,1,0,0,0,0,0,0,0,0,0,0,0,0,0,0,0,0,39.9087,-75.1494, ,Philadelphia
1718,22198,2017041383,6,67,67301,2017,3,4,1210,12,1,1,0,8,1, , ,N,1,2,0,3,0,1,2,2,N, ,39 59:44.232,75 10:03.297,9999, ,9999, ,0, ,N, ,3, , , , , , , , , ,1,1,0,0,0,0,0,0,0,0,0,0,1,1,0,0,0,0,0,0,0,0,0,0,0,0,0,0,0,0,0,0,1,0,0,8,0,39.9956,-75.1675, ,Philadelphia
1719,22204,2017055598,6,67,67301,2017,5,4,126,1,3,1,0,7,4, , ,N,2,3,0,3,0,1,1,1,N, ,39 59:25.686,75 05:12.763,128, ,126, ,0, , , ,3, , , , , , , , , ,1,1,0,0,0,0,0,0,0,0,1,0,1,0,0,0,0,0,0,0,0,0,0,0,0,0,0,0,0,0,0,0,0,0,0,3,0,39.9905,-75.0869, ,Philadelphia
1720,22211,2017060512,6,67,67301,2017,5,5,242,2,3,1,0,7,2, , ,N,0,0,8,3,0,3,3,1,N,N,40 00:18.967,75 11:38.919,245, ,242,9,2,1,Y, ,0,Y, , , , , , , , ,1,1,0,0,0,0,0,0,0,0,2,1,3,0,0,0,0,0,0,0,0,0,0,0,0,0,0,0,0,0,0,0,0,0,0,3,0,40.0053,-75.1941, ,Philadelphia
1721,22241,2017021643,6,67,67301,2017,2,4,839,8,1,1,1,8,1, , ,N,0,0,0,3,0,1,2,2,N, ,40 02:53.041,75 10:33.293,841, ,839, ,0, ,N, ,0, , , , , , , , , ,1,1,0,0,0,0,0,0,0,0,0,0,1,1,0,0,0,0,0,0,0,0,0,0,0,0,0,0,0,0,0,0,1,0,0,8,0,40.0481,-75.1759, ,Philadelphia
1722,22248,2017043836,6,67,67301,2017,4,6,1640,16,1,1,0,1,1, , ,N,0,0,0,3,0,3,4,2,N,N,39 59:15.726,75 06:28.414,1649, ,1641, ,0, ,N, ,0, , , , , , , , , ,2,1,0,0,0,0,1,0,0,0,0,0,3,3,1,0,0,0,0,0,0,0,0,0,0,0,0,0,0,0,0,0,0,0,0,8,0,39.9877,-75.1079, ,Philadelphia
1723,22249,2017041423,6,67,67301,2017,3,6,850,8,1,2,1,4,1, , ,N,1,3,0,3,0,1,2,2,N, ,39 59:22.858,75 09:28.803,859, ,855,9,1,1, , ,3,N, , , , , , , , ,2,2,0,0,0,0,0,0,0,0,0,1,1,0,0,0,0,0,0,0,0,0,0,0,0,0,0,0,0,0,0,0,0,0,0,4,0,39.9897,-75.158, ,Philadelphia
1724,22268,2017010795,6,67,67301,2017,1,3,1526,15,1,1,0,5,1, , ,N,0,0,0,3,0,1,2,2,N,N,39 57:28.465,75 09:43.614,1530, ,1527,2,2,4, , ,0,N, , , , , , , , ,2,1,0,1,0,0,0,0,0,0,0,0,1,1,0,0,0,0,0,0,1,0,0,0,0,0,0,0,0,0,0,0,0,0,0,8,1,39.9579,-75.1621, ,Philadelphia
1725,22270,2017022024,6,67,67301,2017,2,5,1550,15,1,1,0,1,1, , ,N,0,0,0,3,0,4,6,3,N,N,39 59:06.170,75 05:41.018,1636, ,1602,2,2,2, , ,0,N, , , , , , , , ,3,2,0,0,0,0,1,0,0,0,4,0,4,0,1,0,0,0,0,0,0,0,0,0,0,0,0,0,0,0,0,0,0,0,0,3,0,39.985,-75.0947, ,Philadelphia
1726,22282,2017035825,6,67,67301,2017,3,7,2200,22,3,1,0,4,1, , ,N,1,2,0,3,0,0,3,2,N,N,40 05:56.900,74 59:12.900,2220, ,2211,9,1,2,N, ,3,N, , , , , , , , ,2,0,0,0,0,0,2,0,0,0,0,0,0,0,0,0,0,0,0,0,0,0,0,0,0,0,0,0,0,0,0,0,0,0,0,0,0,40.0991,-74.9869, ,Philadelphia
1727,22289,2017041145,6,67,67301,2017,3,3,2205,22,3,2,1,6,1, , ,N,2,0,0,3,0,2,3,2,N, ,40 02:37.187,75 01:18.086,2209, ,2208,1,2,2, , ,0,Y, , , , , , , , ,2,1,0,0,0,0,1,0,0,0,0,2,2,0,0,0,0,0,0,0,0,0,0,0,0,0,0,0,0,0,0,0,0,0,0,4,0,40.0437,-75.0217, ,Philadelphia
1728,22290,2017021483,6,67,67301,2017,2,3,1715,17,1,1,0,6,1, , ,N,1,0,0,3,0,4,7,3,N, ,40 01:28.988,75 04:54.983,1715, ,1715,1,2,6, , ,0,Y, , , , , , , , ,3,3,0,0,0,0,0,0,0,0,0,3,4,1,1,0,0,0,0,0,0,0,0,2,0,0,0,0,0,0,0,0,0,0,0,4,0,40.0247,-75.0819, ,Philadelphia
1729,22292,2017028873,6,67,67301,2017,2,4,1450,14,1,1,0,8,1, , ,N,1,2,0,3,0,1,2,2,N,N,39 59:38.209,75 09:16.513,1455, ,1454, ,0, ,N, ,3, , , , , , , , , ,1,1,0,0,0,0,0,0,0,0,1,0,1,0,0,0,0,0,0,0,0,0,0,0,0,0,0,0,0,0,0,0,1,0,0,3,0,39.9939,-75.1545, ,Philadelphia
1730,22322,2017041416,6,67,67301,2017,3,6,1040,10,1,2,1,1,1, , ,N,1,2,0,3,0,1,3,3,N,N,40 02:02.039,75 04:27.141,1050, ,1045,1,1,1,N, ,3,N, , , , , , , , ,3,2,0,0,0,0,1,0,0,0,0,0,1,1,0,0,0,0,0,1,0,0,0,0,0,0,0,0,0,0,0,0,0,0,0,8,0,40.034,-75.0744, ,Philadelphia
1731,22375,2017033079,6,67,67301,2017,2,6,1214,12,1,1,0,4,1, , ,N,1,2,0,3,0,5,5,2,N, ,39 55:05.839,75 12:32.264,1221, ,1218,3,2,4, , ,3,Y, , , , , , , , ,2,1,0,0,1,0,0,0,0,0,0,4,5,1,0,0,0,0,0,0,2,0,0,0,0,0,0,0,0,0,0,0,0,0,0,4,0,39.9182,-75.2088, ,Philadelphia
1732,22385,2017041404,6,67,67301,2017,3,3,1730,17,1,2,1,1,1, , ,N,1,2,0,3,0,1,3,2,N,N,40 03:45.653,75 02:34.092,1754, ,1739,1,1,2,N, ,3,N, , , , , , , , ,2,2,0,0,0,0,0,0,0,0,0,0,1,1,0,0,0,0,0,0,0,0,0,0,0,0,0,0,0,0,0,0,0,0,0,8,0,40.0627,-75.0428, ,Philadelphia
1733,22411,2017017619,6,67,67301,2017,2,3,1245,12,1,1,0,4,1, , ,N,0,0,0,3,0,2,3,2,N,N,40 02:39.242,75 00:09.809,1302, ,1247,1,2,2, , ,0,N, , , , , , , , ,2,1,0,0,1,0,0,0,0,0,0,0,2,2,0,0,0,0,0,0,0,0,0,0,0,0,0,0,0,0,0,0,0,0,0,8,0,40.0442,-75.0027, ,Philadelphia
1734,22425,2017028843,6,67,67301,2017,2,7,325,3,3,1,0,1,4, , ,N,0,0,0,3,0,3,3,2,N,N,39 55:26.448,75 11:35.927,330, ,325,3,2,2,N, ,0,Y, , , , , , , , ,2,0,0,0,0,1,1,0,0,2,0,1,3,0,0,0,0,0,0,0,0,0,0,0,0,0,0,0,0,0,0,0,0,0,0,2,1,39.924,-75.1933, ,Philadelphia
1735,22435,2017043785,6,67,67301,2017,4,2,800,8,1,1,0,6,6, , ,N,0,0,0,3,0,0,1,2,N,N,39 58:12.212,75 07:35.403,820, ,817, ,0, ,N, ,0, , , , , , , , , ,2,1,0,0,0,0,0,1,0,0,0,0,0,0,1,0,0,0,0,0,0,0,0,0,0,0,0,0,0,0,0,0,0,0,0,9,0,39.9701,-75.1265, ,Philadelphia
1736,22460,2017010586,6,67,67301,2017,1,5,1319,13,1,8,3,6,1, , ,N,0,3,0,3,0,5,5,5,N,N,39 59:53.580,75 06:34.890,1323, ,1320,2,2,7,N, ,3,N, , , , , , , , ,5,4,0,0,0,0,1,0,0,0,2,3,5,0,0,0,0,0,0,0,0,0,0,0,0,0,0,0,0,0,0,0,0,0,0,3,0,39.9982,-75.1097, ,Philadelphia
1737,22475,2017033052,6,67,67301,2017,2,7,1614,16,1,1,0,4,1, , ,N,1,3,0,3,0,1,5,2,N, ,40 02:56.832,75 05:04.214,1630, ,1614,1,1,1, , ,3,N, , , , , , , , ,2,2,0,0,0,0,0,0,0,0,0,1,1,0,0,0,0,0,0,0,0,0,0,0,0,0,0,0,0,0,0,0,0,0,0,4,0,40.0491,-75.0845, ,Philadelphia
1738,22483,2017023942,6,67,67301,2017,2,7,2200,22,3,1,0,4,1, , ,N,1,2,0,3,0,2,3,2,N,N,40 04:50.725,75 01:42.964,2213, ,2210,1,1,4,N, ,3,Y, , , , , , , , ,2,2,0,0,0,0,0,0,0,0,0,2,2,0,0,0,0,0,0,0,0,0,0,0,0,0,0,0,0,0,0,0,0,0,0,4,0,40.0808,-75.0286, ,Philadelphia
1739,22491,2017060716,6,67,67301,2017,5,2,1914,19,1,1,0,8,1, , ,N,0,0,0,3,0,1,2,2,N,N,39 55:39.656,75 09:31.391,1927, ,1922, ,0, ,N, ,0, , , , , , , , , ,1,0,0,0,0,0,0,1,0,0,0,1,1,0,0,0,0,0,0,0,0,0,0,0,0,0,0,0,0,0,0,0,1,0,0,4,0,39.9277,-75.1587, ,Philadelphia
1740,22494,2017055573,6,67,67301,2017,4,6,718,7,1,1,0,4,1, , ,N,1,2,0,3,0,2,2,2,N,N,40 05:12.438,74 58:18.635,745, ,731,2,2,1,Y, ,3,N, , , , , , , , ,2,0,0,0,0,0,1,1,0,0,0,1,2,1,0,0,0,0,0,0,1,0,0,0,0,0,0,0,0,0,0,0,0,0,0,4,0,40.0868,-74.9718, ,Philadelphia
1741,22524,2017043874,6,67,67301,2017,4,1,1158,11,1,1,0,8,1, , ,N,1,2,0,3,0,1,2,2,N,N,39 57:00.512,75 10:14.402,1200, ,1158, ,0, ,N, ,3, , , , , , , , , ,1,0,0,0,0,0,1,0,0,0,0,0,1,1,0,0,0,0,0,0,1,0,0,1,0,0,0,0,0,0,0,0,1,0,0,8,0,39.9501,-75.1706, ,Philadelphia
1742,22532,2017041334,6,67,67301,2017,4,6,2300,23,3,1,0,4,1, , ,N,1,2,0,3,0,5,6,3,N,N,39 56:23.027,75 13:31.850,2315, ,2308,2,1,2,N, ,3,N, , , , , , , , ,3,2,0,0,0,0,1,0,0,0,1,4,5,0,0,0,0,0,0,0,1,0,0,0,0,0,0,0,0,0,0,0,0,0,0,3,0,39.9397,-75.2255, ,Philadelphia
1743,22569,2017012490,6,67,67301,2017,1,2,1800,18,3,1,0,8,1, , ,N,1,2,0,3,0,1,2,2,N,N,39 58:59.480,75 09:24.548,1813, ,1810, ,0, ,N, ,3, , , , , , , , , ,1,0,0,0,0,0,1,0,0,0,0,0,1,1,0,0,0,0,0,0,0,0,0,0,0,0,0,0,0,0,0,0,1,0,0,8,0,39.9832,-75.1568, ,Philadelphia
1744,22577,2017033075,6,67,67301,2017,2,2,1800,18,3,1,0,8,1, , ,N,0,0,0,3,0,1,2,2,N,N,39 56:34.350,75 13:30.838,1811, ,1807,1,2,3,N, ,0,N, , , , , , , , ,1,1,0,0,0,0,0,0,0,0,0,1,1,0,0,0,0,0,0,0,0,0,0,1,0,0,0,0,0,0,0,0,1,0,0,4,0,39.9429,-75.2252, ,Philadelphia
1745,22582,2017033570,6,67,67301,2017,2,3,2350,23,3,6,1,8,1, , ,N,1,2,0,3,0,1,2,2,N,N,39 57:04.497,75 10:01.350,940, ,2354, ,0, ,N, ,3, , , , , , , , , ,1,1,0,0,0,0,0,0,0,0,1,0,1,0,0,0,0,0,0,0,0,0,0,0,0,0,0,0,0,0,0,0,1,0,0,3,0,39.9512,-75.167, ,Philadelphia
1746,22587,2017028927,6,67,67301,2017,2,5,2005,20,3,1,0,5,1, , ,N,0,0,0,3,0,0,1,4,N,N,39 59:55.975,75 06:07.066,2006, ,2005,2,2,7,N, ,0,Y, , , , , , , , ,4,3,0,0,0,0,0,1,0,0,0,0,0,0,0,0,0,0,0,0,0,0,0,0,0,0,0,0,0,0,0,0,0,0,0,0,0,39.9989,-75.102, ,Philadelphia
1747,22995,2017004247,6,67,67301,2017,1,1,357,3,3,1,0,1,1, , ,N,0,0,0,3,0,0,2,2,N,N,39 58:08.383,75 07:38.582,403, ,400,1,1,1, , ,0,N, , , , , , , , ,2,2,0,0,0,0,0,0,0,0,0,0,0,0,0,0,0,0,0,0,0,0,0,0,0,0,0,0,0,0,0,0,0,0,0,0,0,39.969,-75.1274, ,Philadelphia
1748,23000,2017014063,6,67,67301,2017,1,4,1753,17,3,1,0,8,1, , ,N,1,2,0,3,0,1,2,2,N,N,40 00:16.889,75 10:36.864,1806, ,1802, ,0, ,N, ,3, , , , , , , , , ,1,1,0,0,0,0,0,0,0,0,0,1,1,0,0,0,0,0,0,0,0,0,0,0,0,0,0,0,0,0,0,0,1,0,0,4,0,40.0047,-75.1769, ,Philadelphia
1749,23001,2017013990,6,67,67301,2017,1,2,9999,99,1,1,1,4,1, , ,N,1,3,0,3,0,1,5,3,N,N,39 56:00.340,75 11:28.503,1010, ,1007, ,0, ,N, ,3, , , , , , , , , ,3,3,0,0,0,0,0,0,0,0,0,1,1,0,0,0,0,0,0,0,0,0,0,0,0,0,0,0,0,0,0,0,0,0,0,4,0,39.9334,-75.1913, ,Philadelphia
1750,23030,2017060745,6,67,67301,2017,5,1,1215,12,1,1,0,4,1, , ,N,1,2,0,3,0,0,2,2,N,N,40 05:54.066,75 02:49.469,1230, ,1224,2,1,7, , ,3,Y, , , , , , , , ,2,2,0,0,0,0,0,0,0,0,0,0,0,0,0,0,0,0,0,0,1,1,0,0,0,0,0,0,0,0,0,0,0,0,0,0,0,40.0984,-75.0471, ,Philadelphia
1751,23032,2017060449,6,67,67301,2017,5,2,2250,22,3,1,0,5,6, , ,N,0,0,0,3,0,1,1,3,N,N,40 02:42.588,75 11:11.568,2310, ,2307, ,0, ,N, ,0, , , , , , , , , ,3,1,0,0,0,0,2,0,0,0,0,1,1,0,0,0,0,0,0,0,0,0,0,0,0,0,0,0,0,0,0,0,0,0,0,4,0,40.0452,-75.1865, ,Philadelphia
1752,23043,2017013991,6,67,67301,2017,1,5,1520,15,1,1,0,5,1, , ,N,0,0,0,3,0,1,3,2,N,N,39 56:22.746,75 11:20.453,1539, ,1527, ,0, ,N, ,0, , , , , , , , , ,1,1,0,0,0,0,0,0,1,0,0,0,1,1,0,0,0,0,0,0,0,0,1,0,0,0,0,0,0,0,0,0,0,0,0,8,0,39.9397,-75.189, ,Philadelphia
1753,23055,2017037548,6,67,67301,2017,3,1,2037,20,3,1,0,5,6, , ,N,0,0,0,3,0,0,1,9,N,N,39 59:06.460,75 06:03.106,2042, ,2037,3,2,2,N, ,0,Y, , , , , , , , ,9,4,0,0,0,0,4,1,0,0,0,0,0,0,0,0,0,0,0,0,0,0,0,0,0,0,0,0,0,0,0,0,0,0,0,0,0,39.9851,-75.1009, ,Philadelphia
1754,23101,2017023938,6,67,67301,2017,2,5,550,5,3,1,0,7,3, , ,N,0,0,0,3,0,3,4,2,N,N,40 01:42.772,75 11:25.870,610, ,600,2,2,5,Y, ,0,Y, , , , , , , , ,2,0,0,0,0,0,1,1,0,0,0,1,3,2,0,0,0,0,0,0,1,0,0,0,0,0,0,0,0,0,0,0,0,0,0,4,0,40.0285,-75.1905, ,Philadelphia
1755,23112,2017033103,6,67,67301,2017,2,3,1030,10,1,1,0,8,1, , ,N,1,2,0,3,0,1,2,2,N,N,39 57:09.925,75 09:29.181,1100, ,1041, ,0, ,N, ,3, , , , , , , , , ,1,0,0,0,0,0,0,1,0,0,0,1,1,0,0,0,0,0,0,0,0,1,0,0,0,0,0,0,0,0,0,0,1,0,0,4,0,39.9528,-75.1581, ,Philadelphia
1756,23125,2017049120,6,67,67301,2017,4,3,2034,20,2,2,1,7,2, , ,N,0,0,0,3,0,0,1,1,N,N,40 01:34.094,75 01:37.437,2056, ,2037,2,1,1, , ,0,N, , , , , , , , ,1,0,0,0,0,0,1,0,0,0,0,0,0,0,0,0,0,0,0,0,0,0,0,0,0,0,0,0,0,0,0,0,0,0,0,0,0,40.0261,-75.0271, ,Philadelphia
1757,23129,2017062076,6,67,67301,2017,6,1,1753,17,1,1,0,1,1, , ,N,0,0,2,3,0,1,6,4,N,N,39 58:17.720,75 07:26.369,1814, ,1758,2,2,2, , ,0,N, , , , , , , , ,4,2,0,0,0,0,2,0,0,0,1,0,1,0,0,0,0,0,0,1,0,0,0,0,0,0,0,0,0,0,0,0,0,0,0,3,0,39.9716,-75.124, ,Philadelphia
1758,23131,2017058320,6,67,67301,2017,5,5,756,7,1,1,0,4,1, , ,N,1,3,0,3,0,4,5,2,N,N,39 58:44.097,75 13:56.128,825, ,810, ,0, ,N, ,3, , , , , , , , , ,2,1,0,0,0,0,1,0,0,0,0,4,4,0,0,0,0,0,0,0,0,0,0,1,0,0,0,0,0,0,0,0,0,0,0,4,0,39.9789,-75.2323, ,Philadelphia
1759,23139,2017043800,6,67,67301,2017,4,1,1500,15,1,1,0,8,1, , ,N,3,0,0,3,0,1,3,2,N,N,39 55:06.758,75 10:05.807,1521, ,1514,2,2,4, , ,0,Y, , , , , , , , ,1,1,0,0,0,0,0,0,0,0,0,0,1,1,0,0,0,0,0,0,0,1,0,0,0,0,0,0,0,0,0,0,1,0,0,8,0,39.9185,-75.1683, ,Philadelphia