objectid_1,objectid,crn,district,county,municipality,crash_year,crash_month,day_of_week,time_of_day,hour_of_day,illumination,weather,road_condition,collision_type,relation_to_road,work_zone_type,work_zone_loc,work_zone_ind,intersect_type,tcd_type,location_type,urban_rural,fatal_count,injury_count,person_count,total_units,sch_bus_ind,sch_zone_ind,latitude,longitude,arrival_tm,cons_zone_spd_lim,dispatch_tm,est_hrs_closed,lane_closed,ln_close_dir,ntfy_hiwy_maint,spec_juris_cd,tcd_func_cd,tfc_detour_ind,workers_pres,wz_close_detour,wz_flagger,wz_law_offcr_ind,wz_ln_closure,wz_moving,wz_other,wz_shlder_mdn,vehicle_count,automobile_count,motorcycle_count,bus_count,small_truck_count,heavy_truck_count,suv_count,van_count,bicycle_count,maj_inj_count,mod_inj_count,min_inj_count,tot_inj_count,unk_inj_deg_count,unk_inj_per_count,driver_count_16yr,driver_count_17yr,driver_count_18yr,driver_count_19yr,driver_count_20yr,driver_count_50_64yr,driver_count_65_74yr,driver_count_75plus,unbelted_occ_count,unb_death_count,unb_maj_inj_count,belted_death_count,belted_maj_inj_count,mcycle_death_count,mcycle_maj_inj_count,bicycle_death_count,bicycle_maj_inj_count,ped_count,ped_death_count,ped_maj_inj_count,max_severity_level,comm_veh_count,dec_lat,dec_long,rdwy_surf_type_cd,county_name
1760,23143,2017033497,6,67,67301,2017,3,7,2210,22,3,1,0,5,6, , ,N,0,0,0,3,0,1,1,2,N, ,40 03:41.910,75 09:48.324,2230, ,2226, ,0, , , ,0, , , , , , , , , ,2,1,0,0,1,0,0,0,0,0,0,1,1,0,0,0,0,0,0,0,1,0,0,0,0,0,0,0,0,0,0,0,0,0,0,4,0,40.0616,-75.1634, ,Philadelphia
1761,23145,2017021481,6,67,67301,2017,2,6,9999,99,1,1,0,4,1, , ,N,2,0,0,3,0,0,3,2,N,N,40 01:38.036,75 12:16.249,1707, ,1705, ,0, ,N, ,0, , , , , , , , , ,2,1,0,0,0,0,1,0,0,0,0,0,0,0,0,0,0,0,0,0,0,0,0,0,0,0,0,0,0,0,0,0,0,0,0,0,0,40.0272,-75.2045, ,Philadelphia
1762,23149,2017011075,6,46,46102,2017,1,5,1330,13,1,1,0,1,1, , ,N,1,1,0,3,0,1,3,3,N,N,40 03:55.027,75 05:25.289,1340, ,1336, ,0, ,N, ,3, , , , , , , , , ,3,2,0,0,0,0,1,0,0,0,1,0,1,0,1,0,0,0,0,0,1,1,0,0,0,0,0,0,0,0,0,0,0,0,0,3,0,40.0653,-75.0904, ,Montgomery
1763,23164,2017058263,6,67,67301,2017,5,5,815,8,1,1,0,1,1, , ,N,0,0,0,3,0,1,2,2,N,N,40 01:05.799,75 08:55.613,836, ,819,1,1,2, , ,0,N, , , , , , , , ,2,1,1,0,0,0,0,0,0,0,0,1,1,0,0,0,0,0,0,0,1,0,0,0,0,0,0,0,0,0,0,0,0,0,0,4,0,40.0183,-75.1488, ,Philadelphia
1764,23195,2017019167,6,67,67301,2017,1,7,9999,99,3,1,0,8,1, , ,N,1,2,0,3,0,1,2,2,N, ,40 01:47.816,75 12:40.562,1005, ,1059, ,0, ,Y, ,3, , , , , , , , , ,1,1,0,0,0,0,0,0,0,0,1,0,1,0,0,0,0,0,0,0,0,0,0,1,0,0,0,0,0,0,0,0,1,0,0,3,0,40.0299,-75.2113, ,Philadelphia
1765,22598,2017028904,6,67,67301,2017,2,1,104,1,3,1,0,4,1, , ,N,3,2,0,3,0,0,2,4,N,N,40 00:21.754,75 10:35.816,108, ,105,2,2,3,N, ,3,N, , , , , , , , ,4,1,0,0,1,0,2,0,0,0,0,0,0,0,0,0,0,0,0,0,0,0,0,0,0,0,0,0,0,0,0,0,0,0,0,0,0,40.006,-75.1766, ,Philadelphia
1766,22600,2017043821,6,67,67301,2017,4,2,751,7,1,1,0,4,1, , ,N,1,2,0,3,0,1,6,2,N,N,39 56:25.922,75 13:08.059,819, ,817,2,1,5,N, ,3,Y, , , , , , , , ,2,1,0,0,0,1,0,0,0,0,0,1,1,0,0,0,0,0,0,0,0,0,0,0,0,0,0,0,0,0,0,0,0,0,0,4,0,39.9405,-75.2189, ,Philadelphia
1767,22601,2017032477,6,67,67301,2017,2,4,1357,13,1,1,0,5,1, , ,N,0,0,0,3,0,1,2,2,N,N,39 55:51.968,75 11:57.413,1357, ,1357,1,1,3, , ,0,N, , , , , , , , ,2,1,0,0,0,0,1,0,0,0,1,0,1,0,0,0,0,0,0,0,0,0,0,1,0,0,0,0,0,0,0,0,0,0,0,3,0,39.9311,-75.1993, ,Philadelphia
1768,22612,2017013967,6,67,67301,2017,1,7,115,1,3,1,0,4,1, , ,N,1,2,0,3,0,0,2,2,N, ,39 57:46.285,75 12:08.510,615, ,615, ,0, , , ,3, , , , , , , , , ,2,1,0,0,1,0,0,0,0,0,0,0,0,0,1,0,0,0,0,0,1,0,0,0,0,0,0,0,0,0,0,0,0,0,0,9,0,39.9629,-75.2023, ,Philadelphia
1769,22619,2017035754,6,67,67301,2017,3,6,1947,19,3,1,0,2,1, , ,N,0,0,0,3,0,1,3,2,N, ,39 59:13.871,75 06:31.959,1950, ,1949,2,2,2, , ,0,N, , , , , , , , ,2,1,0,0,0,0,1,0,0,0,0,1,1,0,0,0,0,0,0,0,0,0,0,0,0,0,0,0,0,0,0,0,0,0,0,4,0,39.9872,-75.1089, ,Philadelphia
1770,22661,2017019020,6,67,67301,2017,1,4,1005,10,1,1,0,8,1, , ,N,0,0,0,3,0,1,2,2,N,N,40 01:14.692,75 07:05.836,1010, ,1008, ,0, ,N, ,0, , , , , , , , , ,1,1,0,0,0,0,0,0,0,0,0,1,1,0,0,0,0,0,0,0,0,0,0,0,0,0,0,0,0,0,0,0,1,0,0,4,0,40.0207,-75.1183, ,Philadelphia
1771,22667,2017025663,6,67,67301,2017,2,2,1602,16,1,1,0,7,2, , ,N,7,0,8,3,0,0,1,1,N,N,39 57:06.151,75 08:29.297,1609, ,1602,1,2,1, , ,0,N, , , , , , , , ,1,0,0,0,0,0,1,0,0,0,0,0,0,0,0,0,0,0,0,0,0,0,0,0,0,0,0,0,0,0,0,0,0,0,0,0,0,39.9517,-75.1415, ,Philadelphia
1772,22676,2017033097,6,67,67301,2017,2,2,2030,20,3,1,0,1,1, , ,N,1,3,0,3,0,2,9,2,N, ,39 55:41.872,75 10:50.188,2033, ,2030, ,0, , , ,3, , , , , , , , , ,2,2,0,0,0,0,0,0,0,0,0,2,2,0,0,0,0,0,0,0,0,0,0,0,0,0,0,0,0,0,0,0,0,0,0,4,0,39.9283,-75.1806, ,Philadelphia
1773,22689,2017061753,6,67,67301,2017,6,7,2351,23,3,1,0,1,1, , ,N,0,0,0,3,0,0,2,2,N,N,39 57:24.929,75 09:16.748,2351, ,2351,1,1,4, , ,0,N, , , , , , , , ,2,0,0,0,2,0,0,0,0,0,0,0,0,0,0,0,0,0,0,0,0,0,0,0,0,0,0,0,0,0,0,0,0,0,0,0,0,39.9569,-75.1547, ,Philadelphia
1774,22692,2017065719,6,67,67301,2017,6,3,904,9,1,1,0,1,1, , ,N,2,2,0,3,0,1,2,2,N,N,39 57:12.696,75 11:07.083,908, ,905,1,1,3,N, ,3,N, , , , , , , , ,2,1,0,0,1,0,0,0,0,0,1,0,1,0,0,0,0,0,0,0,0,0,0,0,0,0,0,0,0,0,0,0,0,0,0,3,0,39.9535,-75.1853, ,Philadelphia
1775,22707,2017013957,6,67,67301,2017,1,4,1830,18,3,1,0,8,1, , ,N,0,0,0,3,0,1,2,2,N,N,39 59:28.136,75 05:07.973,1840, ,1834, ,0, ,N, ,0, , , , , , , , , ,1,1,0,0,0,0,0,0,0,0,1,0,1,0,0,0,0,0,0,0,1,0,0,0,0,0,0,0,0,0,0,0,1,0,0,3,0,39.9911,-75.0855, ,Philadelphia
1776,22708,2017028968,6,67,67301,2017,2,6,1606,16,4,1,0,8,1, , ,N,0,0,0,3,0,1,2,2,N, ,39 57:06.055,75 13:50.038,1818, ,1818, ,0, , , ,0, , , , , , , , , ,1,0,0,0,0,1,0,0,0,0,0,1,1,0,0,0,0,0,0,0,0,0,0,1,0,0,0,0,0,0,0,0,1,0,0,4,1,39.9517,-75.2306, ,Philadelphia
1777,22710,2017019138,6,67,67301,2017,1,5,2008,20,3,1,0,5,6, , ,N,0,0,0,3,0,1,1,3,N,N,39 59:33.536,75 14:01.824,2008, ,2008,2,2,1,N, ,0,Y, , , , , , , , ,3,1,0,0,0,0,2,0,0,0,0,0,1,1,0,0,0,0,0,0,0,0,0,0,0,0,0,0,0,0,0,0,0,0,0,8,0,39.9926,-75.2338, ,Philadelphia
1778,22726,2017032743,6,67,67301,2017,2,5,1728,17,1,1,0,1,1, , ,N,7,3,0,3,0,1,3,2,N,N,39 59:19.146,75 12:25.134,1736, ,1736, ,0, , , ,3, , , , , , , , , ,2,2,0,0,0,0,0,0,0,0,0,0,1,1,0,0,0,0,0,0,1,0,0,1,0,0,0,0,0,0,0,0,0,0,0,8,0,39.9887,-75.207, ,Philadelphia
1779,22734,2017055534,6,67,67301,2017,4,3,1811,18,3,2,1,4,1, , ,N,1,2,0,3,0,0,3,2,N,N,39 58:26.878,75 12:15.541,1823, ,1820, ,0, , , ,3, , , , , , , , , ,2,2,0,0,0,0,0,0,0,0,0,0,0,0,0,0,0,0,0,0,0,0,0,0,0,0,0,0,0,0,0,0,0,0,0,0,0,39.9741,-75.2043, ,Philadelphia
1780,22753,2017019616,6,67,67301,2017,1,2,1800,18,3,1,0,1,6, , ,N,0,0,0,3,0,0,1,3,N, ,40 06:03.689,75 01:46.523,1830, ,1820, ,0, , , ,0, , , , , , , , , ,3,2,0,0,0,0,1,0,0,0,0,0,0,0,0,0,0,0,0,0,1,0,0,1,0,0,0,0,0,0,0,0,0,0,0,0,0,40.101,-75.0296, ,Philadelphia
1781,22809,2017019125,6,67,67301,2017,1,6,1250,12,1,1,0,1,1, , ,N,0,0,0,3,0,2,3,2,N, ,39 53:28.707,75 14:35.099,1337, ,1327, ,0, , , ,0, , , , , , , , , ,2,1,0,0,0,0,1,0,0,0,0,2,2,0,0,0,0,0,0,0,1,0,0,0,0,0,0,0,0,0,0,0,0,0,0,4,0,39.8913,-75.2431, ,Philadelphia
1782,22832,2017052342,6,67,67301,2017,5,3,9999,99,1,1,0,1,1, , ,N,2,2,0,3,0,0,2,2,N,N,40 00:26.789,75 07:30.615,1710, ,1710, ,0, , , ,3, , , , , , , , , ,2,2,0,0,0,0,0,0,0,0,0,0,0,0,0,0,1,0,1,0,0,0,0,1,0,0,0,0,0,0,0,0,0,0,0,0,0,40.0074,-75.1252, ,Philadelphia
1783,22855,2017010596,6,67,67301,2017,1,1,1425,14,1,1,1,8,1, , ,N,1,2,0,3,0,1,2,2,N,N,39 56:52.595,75 13:23.873,1523, ,1508, ,0, ,N, ,3, , , , , , , , , ,1,1,0,0,0,0,0,0,0,0,0,1,1,0,0,0,0,0,0,0,0,0,0,0,0,0,0,0,0,0,0,0,1,0,0,4,0,39.9479,-75.2233, ,Philadelphia
1784,22864,2017035660,6,67,67301,2017,3,2,719,7,1,1,0,1,1, , ,N,0,0,0,3,0,0,2,2,N,N,40 02:14.478,75 02:20.816,820, ,810,3,1,1,N, ,0,N, , , , , , , , ,2,1,0,0,0,0,0,1,0,0,0,0,0,0,0,0,0,0,0,0,0,0,0,0,0,0,0,0,0,0,0,0,0,0,0,0,0,40.0374,-75.0391, ,Philadelphia
1785,22877,2017035791,6,67,67301,2017,3,1,2359,23,3,1,0,5,6, , ,N,0,0,0,3,0,0,1,3,N,N,39 58:53.800,75 09:49.800,2359, ,2359, ,0, ,N, ,0, , , , , , , , , ,3,2,0,0,0,0,1,0,0,0,0,0,0,0,0,0,0,0,0,0,0,0,0,0,0,0,0,0,0,0,0,0,0,0,0,0,0,39.9816,-75.1638, ,Philadelphia
1786,22884,2017052085,6,67,67301,2017,4,6,1943,19,3,1,0,8,1, , ,N,0,0,0,3,0,1,2,2,N,Y,40 01:24.600,75 06:57.500,1950, ,1945, ,0, , , ,0, , , , , , , , , ,1,1,0,0,0,0,0,0,0,0,0,1,1,0,1,0,0,0,0,0,0,0,0,0,0,0,0,0,0,0,0,0,1,0,0,4,0,40.0235,-75.116, ,Philadelphia
1787,22888,2017052334,6,67,67301,2017,5,2,1045,10,1,1,0,1,1, , ,N,0,0,0,3,0,0,2,2,N, ,39 56:39.732,75 13:00.405,1105, ,1052,2,1,2, , ,0,N, , , , , , , , ,2,2,0,0,0,0,0,0,0,0,0,0,0,0,0,0,0,0,0,0,1,0,0,0,0,0,0,0,0,0,0,0,0,0,0,0,0,39.9444,-75.2168, ,Philadelphia
1788,22895,2017008881,6,67,67301,2017,1,4,812,8,1,1,1,1,1, , ,N,0,0,0,3,0,0,3,3,N,N,39 58:06.070,75 07:46.758,835, ,815,1,2,2, , ,0,Y, , , , , , , , ,3,2,0,0,0,0,1,0,0,0,0,0,0,0,0,0,0,0,0,0,0,0,0,0,0,0,0,0,0,0,0,0,0,0,0,0,0,39.9684,-75.1297, ,Philadelphia
1789,22902,2017010593,6,67,67301,2017,1,4,630,6,3,1,1,1,1, , ,N,1,2,0,3,0,1,2,2,N,N,40 02:35.289,75 10:02.002,700, ,633, ,0, , , ,3, , , , , , , , , ,2,0,0,0,0,0,1,1,0,0,0,0,1,1,1,0,0,0,0,0,1,0,0,0,0,0,0,0,0,0,0,0,0,0,0,8,0,40.0431,-75.1672, ,Philadelphia
1790,22907,2017041367,6,67,67301,2017,3,5,720,7,1,1,0,2,1, , ,N,0,0,0,3,0,3,3,4,N, ,40 01:41.195,75 05:44.633,725, ,720,3,2,6, , ,0,Y, , , , , , , , ,4,2,0,0,0,0,2,0,0,0,0,2,3,1,0,0,0,0,0,0,0,0,0,0,0,0,0,0,0,0,0,0,0,0,0,4,0,40.0281,-75.0957, ,Philadelphia
1791,22911,2017028987,6,67,67301,2017,2,3,1643,16,1,1,0,7,4, , ,N,0,0,0,3,0,1,1,2,N,N,40 01:56.421,75 09:05.467,1805, ,1750, ,0, ,N, ,0, , , , , , , , , ,1,1,0,0,0,0,0,0,0,0,1,0,1,0,0,0,0,0,0,0,0,0,1,0,0,0,0,0,0,0,0,0,0,0,0,3,0,40.0323,-75.1515, ,Philadelphia
1792,22932,2017060667,6,67,67301,2017,5,5,1620,16,1,1,1,4,1, , ,N,0,0,7,3,0,0,2,2,N, ,40 02:05.649,75 03:50.528,1720, ,1700, ,0, , , ,0, , , , , , , , , ,2,1,0,0,0,0,1,0,0,0,0,0,0,0,0,0,0,0,0,0,0,1,0,1,0,0,0,0,0,0,0,0,0,0,0,0,0,40.0349,-75.064, ,Philadelphia
1793,22937,2017076315,6,67,67301,2017,6,2,1853,18,4,2,1,4,1, , ,N,1,2,0,3,0,1,2,2,N,N,39 58:20.544,75 09:59.380,1929, ,1928,2,1,1,N, ,3,Y, , , , , , , , ,2,1,0,0,0,1,0,0,0,0,0,1,1,0,0,0,0,0,0,0,0,0,0,1,0,0,0,0,0,0,0,0,0,0,0,4,1,39.9724,-75.1665, ,Philadelphia
1794,22942,2017008530,6,67,67301,2017,1,3,2105,21,3,2,1,5,1, , ,N,0,0,0,3,0,0,2,2,N,N,39 56:38.201,75 11:31.416,2115, ,2106,1,2,3, , ,0,N, , , , , , , , ,2,1,0,0,0,0,0,0,0,0,0,0,0,0,1,0,0,0,0,0,0,0,0,0,0,0,0,0,0,0,0,0,0,0,0,9,0,39.9439,-75.1921, ,Philadelphia
1795,22945,2017007824,6,67,67301,2017,1,3,1315,13,1,2,1,8,1, , ,N,1,2,0,3,0,1,2,2,N,N,39 57:05.291,75 09:23.992,1318, ,1318, ,0, ,N, ,3, , , , , , , , , ,1,0,0,1,0,0,0,0,0,0,0,1,1,0,0,0,0,0,0,0,1,0,0,0,0,0,0,0,0,0,0,0,1,0,0,4,1,39.9515,-75.1567, ,Philadelphia
1796,22960,2017041862,6,67,67301,2017,4,4,1115,11,1,1,0,0,4, , ,N,0,0,0,3,0,0,1,1,N,N,40 00:39.421,75 03:42.167,1136, ,1115, ,0, , , ,0, , , , , , , , , ,1,0,0,0,0,0,0,1,0,0,0,0,0,0,0,0,0,0,0,0,0,0,0,0,0,0,0,0,0,0,0,0,0,0,0,0,0,40.011,-75.0617, ,Philadelphia
1797,22965,2017035782,6,67,67301,2017,3,2,1450,14,1,1,0,1,1, , ,N,1,2,0,3,0,1,2,2,N,N,40 05:04.061,75 01:29.192,1505, ,1455,2,1,1,N, ,3,N, , , , , , , , ,2,2,0,0,0,0,0,0,0,0,0,0,1,1,0,0,0,0,0,0,0,0,0,0,0,0,0,0,0,0,0,0,0,0,0,8,0,40.0845,-75.0248, ,Philadelphia
1798,22971,2017033509,6,67,67301,2017,2,2,1322,13,1,1,0,1,1, , ,N,0,0,0,3,0,1,4,3,N, ,40 03:24.735,75 03:11.661,1330, ,1326,1,1,2, , ,0,N, , , , , , , , ,3,1,0,0,0,0,2,0,0,0,0,1,1,0,0,0,0,0,0,0,0,1,0,0,0,0,0,0,0,0,0,0,0,0,0,4,0,40.0569,-75.0532, ,Philadelphia
1799,22972,2017021525,6,67,67301,2017,2,2,900,9,1,1,0,4,1, , ,N,1,3,0,3,0,1,4,2,N, ,39 57:46.836,75 09:30.286,917, ,914, ,0, , , ,3, , , , , , , , , ,2,1,0,0,0,0,1,0,0,0,0,1,1,0,0,0,0,0,0,0,2,0,0,0,0,0,0,0,0,0,0,0,0,0,0,4,0,39.963,-75.1584, ,Philadelphia
1800,22978,2017038607,6,46,46102,2017,4,5,819,8,1,1,0,1,1, , ,N,0,0,7,3,0,0,2,2,N,N,40 03:51.719,75 05:19.637,831, ,819, ,0, ,N, ,0, , , , , , , , , ,2,1,0,0,0,0,1,0,0,0,0,0,0,0,0,0,0,0,0,0,0,0,0,0,0,0,0,0,0,0,0,0,0,0,0,0,0,40.0644,-75.0888, ,Montgomery
1801,21333,2017050559,6,67,67301,2017,5,2,1305,13,1,1,0,7,4, , ,N,0,0,0,3,0,0,1,1,N,N,40 01:43.448,75 01:23.594,1325, ,1314,2,2,1, , ,0,N, , , , , , , , ,1,0,0,0,0,0,1,0,0,0,0,0,0,0,0,0,0,1,0,0,0,0,0,0,0,0,0,0,0,0,0,0,0,0,0,0,0,40.0287,-75.0232, ,Philadelphia
1802,21343,2017067718,6,67,67301,2017,5,4,114,1,3,2,1,5,6, , ,N,0,0,0,3,0,0,1,2,N,N,40 03:53.274,75 09:37.344,125, ,119, ,0, ,N, ,0, , , , , , , , , ,2,2,0,0,0,0,0,0,0,0,0,0,0,0,0,0,0,0,0,0,0,0,0,0,0,0,0,0,0,0,0,0,0,0,0,0,0,40.0648,-75.1604, ,Philadelphia
1803,21359,2017043806,6,67,67301,2017,4,3,1845,18,1,1,0,4,1, , ,N,0,0,0,3,0,1,2,2,N, ,40 03:51.001,75 02:48.890,1854, ,1850,1,1,4, , ,0,N, , , , , , , , ,1,0,0,0,0,0,0,1,1,0,0,0,1,1,0,0,0,0,0,0,0,0,0,1,0,0,0,0,0,0,0,0,0,0,0,8,0,40.0642,-75.0469, ,Philadelphia
1804,21379,2017058288,6,67,67301,2017,5,4,1702,17,1,1,0,4,1, , ,N,3,2,0,3,0,0,2,2,N,N,39 57:05.855,75 09:49.658,1841, ,1836, ,0, ,N, ,3, , , , , , , , , ,2,0,0,0,0,1,1,0,0,0,0,0,0,0,0,0,0,0,0,0,0,1,0,0,0,0,0,0,0,0,0,0,0,0,0,0,1,39.9516,-75.1638, ,Philadelphia
1805,21428,2017041268,6,67,67301,2017,4,6,1213,12,1,1,0,8,1, , ,N,1,3,0,3,0,1,2,2,N,N,39 59:12.170,75 10:19.254,1220, ,1215, ,0, ,N, ,3, , , , , , , , , ,1,1,0,0,0,0,0,0,0,0,0,0,1,1,0,0,0,0,0,0,0,0,0,1,0,0,0,0,0,0,0,0,1,0,0,8,0,39.9867,-75.172, ,Philadelphia
1806,21471,2017033070,6,67,67301,2017,2,6,9999,99,1,1,0,8,1, , ,N,1,2,0,3,0,1,2,2,N, ,39 59:48.618,75 09:13.788,1645, ,1643, ,0, , , ,3, , , , , , , , , ,1,0,0,0,0,0,1,0,0,0,0,1,1,0,1,0,0,0,0,0,0,0,0,0,0,0,0,0,0,0,0,0,1,0,0,4,0,39.9968,-75.1538, ,Philadelphia
1807,21474,2017021182,6,67,67301,2017,2,4,1730,17,1,1,0,4,1, , ,N,1,2,0,3,0,0,2,2,N,N,39 58:59.480,75 09:24.548,1730, ,1730, ,0, ,N, ,3, , , , , , , , , ,2,2,0,0,0,0,0,0,0,0,0,0,0,0,0,0,0,0,0,0,0,0,0,0,0,0,0,0,0,0,0,0,0,0,0,0,0,39.9832,-75.1568, ,Philadelphia
1808,21500,2017014039,6,67,67301,2017,1,2,1825,18,3,1,0,5,1, , ,N,0,0,0,3,0,1,3,2,N,N,39 58:30.516,75 08:18.098,1858, ,1855, ,0, , , ,0, , , , , , , , , ,2,2,0,0,0,0,0,0,0,0,0,1,1,0,0,0,0,0,0,0,0,0,0,1,0,0,0,0,0,0,0,0,0,0,0,4,0,39.9751,-75.1384, ,Philadelphia
1809,21512,2017035753,6,67,67301,2017,3,6,1510,15,1,4,1,1,1, , ,N,1,2,0,3,0,1,3,2,N,N,39 59:05.418,75 06:48.150,1520, ,1516, ,0, ,N, ,3, , , , , , , , , ,2,1,0,0,0,0,0,1,0,0,0,1,1,0,0,0,0,1,0,0,0,0,0,2,0,0,0,0,0,0,0,0,0,0,0,4,0,39.9848,-75.1134, ,Philadelphia
1810,21516,2017033516,6,67,67301,2017,2,5,1955,19,4,1,0,1,1, , ,N,0,0,0,3,0,0,2,2,N,N,39 59:24.374,75 09:31.093,1955, ,1950, ,0, ,N, ,0, , , , , , , , , ,2,1,0,0,1,0,0,0,0,0,0,0,0,0,0,0,0,0,0,0,0,0,0,2,0,0,0,0,0,0,0,0,0,0,0,0,0,39.9901,-75.1586, ,Philadelphia
1811,21524,2017035843,6,67,67301,2017,3,3,1833,18,3,1,0,2,1, , ,N,0,0,0,3,0,4,4,2,N,N,40 03:06.483,75 09:46.378,1836, ,1835, ,0, ,N, ,0, , , , , , , , , ,2,1,0,0,0,0,1,0,0,1,0,1,4,2,0,0,0,0,0,0,1,0,0,1,0,1,0,0,0,0,0,0,0,0,0,2,0,40.0518,-75.1629, ,Philadelphia
1812,21528,2017052275,6,67,67301,2017,4,7,2200,22,3,1,0,4,1, , ,N,1,2,0,3,0,1,4,2,N,N,39 56:00.144,75 10:52.122,2215, ,2210, ,0, ,N, ,3, , , , , , , , , ,1,1,0,0,0,0,0,0,1,0,0,1,1,0,0,0,0,0,0,0,0,1,0,0,0,0,0,0,0,0,0,0,0,0,0,4,0,39.9334,-75.1811, ,Philadelphia
1813,21576,2017054329,6,67,67301,2017,5,4,1424,14,1,1,0,1,1, , ,N,0,0,0,3,0,1,2,2,N,N,39 53:56.679,75 10:05.400,1444, ,1431,1,1,2, , ,0,N, , , , , , , , ,2,2,0,0,0,0,0,0,0,0,1,0,1,0,0,0,0,0,0,0,0,1,0,0,0,0,0,0,0,0,0,0,0,0,0,3,0,39.8991,-75.1682, ,Philadelphia
1814,21582,2017068196,6,67,67301,2017,6,4,2333,23,3,1,0,7,4, , ,N,0,0,0,3,0,1,1,1,N,N,39 58:29.364,75 11:39.925,2342, ,2333, ,0, , , ,0, , , , , , , , , ,1,1,0,0,0,0,0,0,0,0,0,0,1,1,0,0,0,0,1,0,0,0,0,0,0,0,0,0,0,0,0,0,0,0,0,8,0,39.9738,-75.1941, ,Philadelphia
1815,21594,2017005043,6,67,67301,2017,1,5,623,6,5,1,1,8,1, , ,N,2,2,0,3,0,1,2,2,N,N,39 56:46.705,75 11:49.656,625, ,624,1,1,3,N, ,3,N, , , , , , , , ,1,0,0,0,0,0,1,0,0,0,1,0,1,0,0,0,0,0,0,0,1,0,0,0,0,0,0,0,0,0,0,0,1,0,0,3,0,39.9463,-75.1971, ,Philadelphia
1816,21603,2017033539,6,67,67301,2017,2,1,205,2,3,1,0,1,1, , ,N,1,2,2,3,0,0,2,2,N,N,39 56:50.821,75 11:15.458,254, ,251, ,0, ,N, ,3, , , , , , , , , ,2,2,0,0,0,0,0,0,0,0,0,0,0,0,0,0,0,0,0,0,1,0,0,1,0,0,0,0,0,0,0,0,0,0,0,0,0,39.9475,-75.1876, ,Philadelphia
1817,21604,2017045465,6,67,67301,2017,4,5,1754,17,1,1,0,4,1, , ,N,0,0,0,3,0,0,2,2,N,N,39 59:54.869,75 11:43.966,1759, ,1755, ,0, , , ,0, , , , , , , , , ,2,1,0,0,1,0,0,0,0,0,0,0,0,0,0,0,0,0,0,0,0,1,0,0,0,0,0,0,0,0,0,0,0,0,0,0,0,39.9986,-75.1955, ,Philadelphia
1818,21610,2017041283,6,67,67301,2017,4,6,9999,99,1,2,1,4,1, , ,N,0,0,7,3,0,1,2,2,N,N,40 00:30.400,75 10:22.000,1207, ,1233, ,0, , , ,0, , , , , , , , , ,2,2,0,0,0,0,0,0,0,0,0,1,1,0,0,0,0,0,0,0,2,0,0,1,0,0,0,0,0,0,0,0,0,0,0,4,0,40.0084,-75.1728, ,Philadelphia
1819,21613,2017037384,6,67,67301,2017,3,6,1354,13,1,1,0,4,6, , ,N,0,0,7,3,0,0,1,2,N,N,40 01:51.643,75 05:05.611,1500, ,1416, ,0, , , ,0, , , , , , , , , ,2,1,0,0,0,0,1,0,0,0,0,0,0,0,1,0,0,0,0,0,0,0,0,0,0,0,0,0,0,0,0,0,0,0,0,9,0,40.031,-75.0849, ,Philadelphia
1820,21622,2017021616,6,67,67301,2017,2,1,2135,21,3,2,1,7,4, , ,N,1,2,1,3,0,0,1,2,N,N,39 58:48.450,75 07:59.483,2137, ,2137, ,0, ,N, ,3, , , , , , , , , ,1,1,0,0,0,0,0,0,0,0,0,0,0,0,0,0,1,0,0,0,0,0,0,0,0,0,0,0,0,0,0,0,0,0,0,0,0,39.9801,-75.1332, ,Philadelphia
1821,21628,2017055609,6,67,67301,2017,5,5,900,9,1,1,0,4,1, , ,N,1,3,0,3,0,1,2,2,N,N,40 01:47.744,75 08:28.428,915, ,911, ,0, ,N, ,3, , , , , , , , , ,2,2,0,0,0,0,0,0,0,0,0,1,1,0,0,0,0,0,0,0,0,0,1,0,0,0,0,0,0,0,0,0,0,0,0,4,0,40.0299,-75.1412, ,Philadelphia
1822,21658,2017035792,6,67,67301,2017,3,7,1443,14,1,1,0,8,1, , ,N,1,2,0,3,0,1,2,2,N,N,39 58:34.699,75 10:59.119,1445, ,1445, ,0, ,N, ,3, , , , , , , , , ,1,1,0,0,0,0,0,0,0,0,0,1,1,0,0,0,0,0,0,0,0,0,0,1,0,0,0,0,0,0,0,0,1,0,0,4,0,39.9763,-75.1831, ,Philadelphia
1823,21667,2017030195,6,67,67301,2017,3,2,1628,16,1,1,0,1,1, , ,N,0,8,0,3,0,4,5,3,N,N,40 01:01.100,75 10:26.505,1647, ,1647,1,1,1,N, ,3,N, , , , , , , , ,3,1,0,0,1,0,1,0,0,0,0,0,4,4,0,0,0,0,0,0,1,0,0,0,0,0,0,0,0,0,0,0,0,0,0,8,0,40.017,-75.174, ,Philadelphia
1824,21683,2017055507,6,67,67301,2017,4,7,2231,22,3,1,0,5,6, , ,N,0,0,0,3,0,1,3,2,N, ,39 56:15.264,75 13:33.392,2317, ,2311,2,1,4,N, ,0,N, , , , , , , , ,2,0,0,0,0,0,2,0,0,0,0,1,1,0,0,0,0,0,0,0,0,0,0,0,0,0,0,0,0,0,0,0,0,0,0,4,0,39.9376,-75.2259, ,Philadelphia