objectid_1,objectid,crn,district,county,municipality,crash_year,crash_month,day_of_week,time_of_day,hour_of_day,illumination,weather,road_condition,collision_type,relation_to_road,work_zone_type,work_zone_loc,work_zone_ind,intersect_type,tcd_type,location_type,urban_rural,fatal_count,injury_count,person_count,total_units,sch_bus_ind,sch_zone_ind,latitude,longitude,arrival_tm,cons_zone_spd_lim,dispatch_tm,est_hrs_closed,lane_closed,ln_close_dir,ntfy_hiwy_maint,spec_juris_cd,tcd_func_cd,tfc_detour_ind,workers_pres,wz_close_detour,wz_flagger,wz_law_offcr_ind,wz_ln_closure,wz_moving,wz_other,wz_shlder_mdn,vehicle_count,automobile_count,motorcycle_count,bus_count,small_truck_count,heavy_truck_count,suv_count,van_count,bicycle_count,maj_inj_count,mod_inj_count,min_inj_count,tot_inj_count,unk_inj_deg_count,unk_inj_per_count,driver_count_16yr,driver_count_17yr,driver_count_18yr,driver_count_19yr,driver_count_20yr,driver_count_50_64yr,driver_count_65_74yr,driver_count_75plus,unbelted_occ_count,unb_death_count,unb_maj_inj_count,belted_death_count,belted_maj_inj_count,mcycle_death_count,mcycle_maj_inj_count,bicycle_death_count,bicycle_maj_inj_count,ped_count,ped_death_count,ped_maj_inj_count,max_severity_level,comm_veh_count,dec_lat,dec_long,rdwy_surf_type_cd,county_name
1955,23331,2017035676,6,67,67301,2017,3,5,540,5,3,8,6,4,1, , ,N,1,2,0,3,0,2,4,3,N,N,39 54:14.563,75 14:24.409,600, ,549, ,0, , , ,1, , , , , , , , , ,3,1,0,0,0,0,1,1,0,0,0,0,2,2,0,0,0,0,0,0,2,0,0,0,0,0,0,0,0,0,0,0,0,0,0,8,0,39.904,-75.2401, ,Philadelphia
1956,23336,2017041385,6,67,67301,2017,4,2,2330,23,3,2,1,4,1, , ,N,1,2,3,3,0,2,3,2,N,N,39 59:25.124,75 13:13.262,221, ,158, ,0, ,N, ,3, , , , , , , , , ,2,2,0,0,0,0,0,0,0,0,0,0,2,2,0,0,0,0,0,0,1,0,0,1,0,0,0,0,0,0,0,0,0,0,0,8,0,39.9903,-75.2204, ,Philadelphia
1957,23359,2017052470,6,67,67301,2017,4,6,2310,23,3,1,0,4,1, , ,N,1,3,0,3,0,1,2,2,N, ,39 59:28.748,75 10:36.098,2320, ,2319, ,0, , , ,3, , , , , , , , , ,1,0,0,0,0,0,1,0,1,0,0,0,1,1,0,0,0,0,0,0,0,0,0,1,0,0,0,0,0,0,0,0,0,0,0,8,0,39.9913,-75.1767, ,Philadelphia
1958,23381,2017013972,6,67,67301,2017,1,6,1048,10,1,1,0,7,3, , ,N,0,0,1,3,0,1,1,1,N, ,40 00:40.157,75 05:18.673,1055, ,1053,9,1,1, , ,0,Y, , , , , , , , ,1,1,0,0,0,0,0,0,0,1,0,0,1,0,0,0,0,0,0,0,1,0,0,0,0,0,0,0,0,0,0,0,0,0,0,2,0,40.0112,-75.0885, ,Philadelphia
1959,23388,2017037986,6,67,67301,2017,3,6,1634,16,1,1,0,1,1, , ,N,7,0,2,3,0,1,2,2,N,N,40 00:39.639,75 12:22.116,1651, ,1643, ,0, , , ,0, , , , , , , , , ,2,1,0,0,1,0,0,0,0,0,0,0,1,1,0,0,0,0,0,0,1,0,0,0,0,0,0,0,0,0,0,0,0,0,0,8,0,40.011,-75.2061, ,Philadelphia
1960,23390,2017041373,6,67,67301,2017,4,1,1640,16,1,1,0,5,6, , ,N,0,0,0,3,0,1,1,4,N,N,39 59:52.519,75 08:33.623,1650, ,1648, ,0, , , ,0, , , , , , , , , ,4,3,1,0,0,0,0,0,0,0,1,0,1,0,0,0,0,0,0,0,0,0,0,0,0,0,0,0,0,0,0,0,0,0,0,3,0,39.9979,-75.1427, ,Philadelphia
1961,23396,2017037393,6,67,67301,2017,3,5,35,0,3,1,0,4,1, , ,N,3,0,0,3,0,1,2,2,N,N,40 00:44.681,75 09:01.989,43, ,38, ,0, ,N, ,0, , , , , , , , , ,2,2,0,0,0,0,0,0,0,0,0,1,1,0,0,0,0,0,0,0,0,0,0,0,0,0,0,0,0,0,0,0,0,0,0,4,0,40.0123,-75.1505, ,Philadelphia
1962,23410,2017052190,6,67,67301,2017,4,5,2245,22,3,1,0,4,1, , ,N,1,2,0,3,0,1,2,2,N,N,40 01:49.919,75 07:05.462,1500, ,1500, ,0, ,N, ,3, , , , , , , , , ,2,1,1,0,0,0,0,0,0,0,1,0,1,0,0,0,0,0,0,0,0,0,0,0,0,0,0,0,0,0,0,0,0,0,0,3,0,40.0305,-75.1182, ,Philadelphia
1963,23415,2017061865,6,67,67301,2017,6,6,1417,14,1,1,0,8,1, , ,N,1,3,0,3,0,2,3,3, , ,39 57:11.818,75 12:19.202,1420, ,1418, ,0, , , ,3, , , , , , , , , ,1,0,0,0,1,0,0,0,0,0,2,0,2,0,0,0,0,0,0,0,0,0,0,0,0,0,0,0,0,0,0,0,2,0,0,3,0,39.9533,-75.2053, ,Philadelphia
1964,23429,2017037460,6,67,67301,2017,3,1,1925,19,3,1,0,4,1, , ,N,1,2,0,3,0,3,4,2,N,N,40 02:02.615,75 10:58.439,1935, ,1930, ,0, ,N, ,3, , , , , , , , , ,2,2,0,0,0,0,0,0,0,0,0,3,3,0,0,0,0,0,0,0,0,0,0,0,0,0,0,0,0,0,0,0,0,0,0,4,0,40.0341,-75.1829, ,Philadelphia
1965,23431,2017041162,6,67,67301,2017,3,2,1225,12,1,2,1,5,1, , ,N,0,0,0,3,0,0,2,3,N,N,40 03:33.469,75 03:07.818,9999, ,1226,1,1,2,N, ,0,N, , , , , , , , ,3,3,0,0,0,0,0,0,0,0,0,0,0,0,0,0,0,0,0,0,0,0,1,0,0,0,0,0,0,0,0,0,0,0,0,0,0,40.0593,-75.0522, ,Philadelphia
1966,23433,2017018548,6,67,67301,2017,1,1,40,0,3,1,0,5,6, , ,N,0,0,0,3,0,0,1,4,N,N,39 57:22.910,75 14:26.905,48, ,46, ,0, ,N, ,0, , , , , , , , , ,4,3,0,0,1,0,0,0,0,0,0,0,0,0,0,0,0,0,0,0,0,1,0,0,0,0,0,0,0,0,0,0,0,0,0,0,0,39.9564,-75.2408, ,Philadelphia
1967,23437,2017040513,6,67,67301,2017,4,3,430,4,3,2,1,5,1, , ,N,0,0,0,3,0,2,3,2,N,N,40 01:58.104,75 01:15.380,447, ,432,3,1,2, , ,0,N, , , , , , , , ,2,0,0,0,0,1,1,0,0,0,2,0,2,0,0,0,0,0,0,0,1,0,0,0,0,0,0,0,0,0,0,0,0,0,0,3,1,40.0328,-75.0209, ,Philadelphia
1968,23439,2017035758,6,67,67301,2017,3,6,1920,19,1,1,0,4,1, , ,N,1,3,0,3,0,3,4,2,N, ,39 59:32.200,75 07:11.866,2036, ,2030, ,0, , , ,3, , , , , , , , , ,2,1,0,0,0,0,1,0,0,0,0,3,3,0,1,0,0,0,0,0,0,0,0,0,0,0,0,0,0,0,0,0,0,0,0,4,0,39.9923,-75.12, ,Philadelphia
1969,23473,2017005892,6,67,67301,2017,1,6,155,1,3,4,3,8,2, , ,N,0,0,0,3,0,1,2,3,N,N,40 01:34.162,75 01:37.310,156, ,156,2,2,1, , ,0,N, , , , , , , , ,2,2,0,0,0,0,0,0,0,0,0,0,1,1,0,0,0,0,0,0,0,0,0,1,0,0,0,0,0,0,0,0,1,0,0,8,0,40.0262,-75.027, ,Philadelphia
1970,23489,2017028342,6,46,46102,2017,3,4,1232,12,1,1,6,1,1, , ,N,2,0,0,3,0,2,3,2,N,N,40 03:58.293,75 05:30.995,1237, ,1232,1,1,3,N, ,0,N, , , , , , , , ,2,1,0,0,0,0,1,0,0,0,0,2,2,0,0,0,0,1,0,0,0,0,0,0,0,0,0,0,0,0,0,0,0,0,0,4,0,40.0662,-75.0919, ,Montgomery
1971,23494,2017041126,6,67,67301,2017,4,6,2155,21,3,1,0,5,1, , ,N,0,0,0,3,0,1,3,3,N, ,40 02:11.214,75 03:54.562,2204, ,2200, ,0, , , ,0, , , , , , , , , ,3,3,0,0,0,0,0,0,0,0,0,1,1,0,0,0,0,0,0,0,0,0,0,0,0,0,0,0,0,0,0,0,0,0,0,4,0,40.0364,-75.0652, ,Philadelphia
1972,23503,2017055471,6,67,67301,2017,4,1,324,3,3,1,0,8,1, , ,N,0,0,0,3,0,1,2,2,N,N,40 02:40.604,75 03:13.515,330, ,326, ,0, ,N, ,0, , , , , , , , , ,1,0,0,0,0,0,0,1,0,0,1,0,1,0,0,0,0,0,0,0,0,0,0,1,0,0,0,0,0,0,0,0,1,0,0,3,0,40.0446,-75.0538, ,Philadelphia
1973,23520,2017014062,6,67,67301,2017,1,4,945,9,1,1,0,4,1, , ,N,1,2,0,3,0,2,2,2,N,N,40 01:10.898,75 11:03.583,958, ,948, ,0, ,N, ,3, , , , , , , , , ,2,1,0,0,0,0,1,0,0,0,0,2,2,0,0,0,0,0,0,0,0,1,0,0,0,0,0,0,0,0,0,0,0,0,0,4,0,40.0197,-75.1843, ,Philadelphia
1974,23526,2017035643,6,67,67301,2017,3,2,1700,17,1,1,0,5,1, , ,N,0,0,0,3,0,1,2,2,N, ,39 58:38.208,75 15:56.072,1709, ,1700, ,0, , , ,0, , , , , , , , , ,2,0,0,1,1,0,0,0,0,0,0,1,1,0,0,0,0,0,0,0,1,0,0,0,0,0,0,0,0,0,0,0,0,0,0,4,1,39.9773,-75.2656, ,Philadelphia
1975,23571,2017021497,6,67,67301,2017,2,4,1338,13,1,1,0,4,1, , ,N,0,0,7,3,0,1,2,2,N,N,39 57:33.380,75 13:53.599,1345, ,1338,1,1,3, , ,0,Y, , , , , , , , ,2,2,0,0,0,0,0,0,0,0,0,0,1,1,0,0,0,0,0,0,0,0,0,0,0,0,0,0,0,0,0,0,0,0,0,8,0,39.9593,-75.2316, ,Philadelphia
1976,23585,2017021973,6,67,67301,2017,2,1,242,2,3,1,0,4,1, , ,N,1,2,0,3,0,1,2,2,N,N,40 01:44.349,75 05:21.034,255, ,247,1,1,1,N, ,3,N, , , , , , , , ,2,2,0,0,0,0,0,0,0,0,0,0,1,1,0,0,0,0,1,0,0,0,0,0,0,0,0,0,0,0,0,0,0,0,0,8,0,40.029,-75.0892, ,Philadelphia
1977,23599,2017055675,6,67,67301,2017,5,7,1410,14,1,1,0,4,1, , ,N,2,0,0,3,0,0,3,2,N,N,40 00:35.894,75 09:24.539,1454, ,1441, ,0, ,N, ,0, , , , , , , , , ,2,2,0,0,0,0,0,0,0,0,0,0,0,0,0,0,0,0,0,0,0,0,0,0,0,0,0,0,0,0,0,0,0,0,0,0,0,40.01,-75.1568, ,Philadelphia
1978,23609,2017060712,6,67,67301,2017,5,2,145,1,3,1,0,5,6, , ,N,0,0,0,3,0,0,1,2,N,N,40 02:08.575,75 11:36.713,150, ,148, ,0, , , ,0, , , , , , , , , ,2,2,0,0,0,0,0,0,0,0,0,0,0,0,1,0,0,0,0,0,0,0,0,0,0,0,0,0,0,0,0,0,0,0,0,9,0,40.0357,-75.1935, ,Philadelphia
1979,23660,2017058318,6,67,67301,2017,5,3,1722,17,1,1,0,4,1, , ,N,1,2,0,3,0,1,2,2,N,N,39 59:30.778,75 14:01.208,1735, ,1722, ,0, ,N, ,3, , , , , , , , , ,2,1,0,0,1,0,0,0,0,0,0,0,1,1,0,0,0,0,0,0,0,0,0,1,0,0,0,0,0,0,0,0,0,0,0,8,0,39.9919,-75.2337, ,Philadelphia
1980,23687,2017021615,6,67,67301,2017,2,7,9999,99,1,1,0,4,1, , ,N,1,2,0,3,0,0,4,2,N, ,39 58:13.818,75 08:53.306,1530, ,1525, ,0, , , ,3, , , , , , , , , ,2,1,0,0,0,0,1,0,0,0,0,0,0,0,0,0,0,0,0,0,0,0,0,2,0,0,0,0,0,0,0,0,0,0,0,0,0,39.9704,-75.1482, ,Philadelphia
1981,25613,2017049109,6,67,67301,2017,4,4,1947,19,3,1,0,7,7, , ,N,7,0,2,3,0,1,3,2,N,N,39 57:05.173,75 10:57.482,2002, ,1951,3,2,4, , ,0,N, , , , , , , , ,2,2,0,0,0,0,0,0,0,0,0,0,1,1,2,0,0,0,0,0,1,0,0,0,0,0,0,0,0,0,0,0,0,0,0,8,0,39.9524,-75.1821, ,Philadelphia
1982,25616,2017060468,6,67,67301,2017,5,3,740,7,1,1,0,1,1, , ,N,1,2,0,3,0,0,2,2,N,N,39 56:24.399,75 11:05.816,822, ,820,2,2,3,N, ,3,N, , , , , , , , ,2,1,0,0,0,1,0,0,0,0,0,0,0,0,0,0,0,0,0,0,2,0,0,2,0,0,0,0,0,0,0,0,0,0,0,0,1,39.9401,-75.1849, ,Philadelphia
1983,25651,2017022123,6,67,67301,2017,2,6,2322,23,3,1,0,5,6, , ,N,0,0,0,3,0,0,1,3,N,N,39 57:13.021,75 12:09.946,2322, ,9999, ,0, ,N, ,0, , , , , , , , , ,3,1,0,0,0,0,2,0,0,0,0,0,0,0,0,0,0,0,0,0,0,0,0,0,0,0,0,0,0,0,0,0,0,0,0,0,0,39.9536,-75.2028, ,Philadelphia
1984,25674,2017060584,6,67,67301,2017,5,7,855,8,1,1,0,7,4, , ,N,1,2,0,3,0,1,1,1,N,N,39 59:40.391,75 09:33.775,910, ,904, ,0, ,N, ,3, , , , , , , , , ,1,0,0,0,0,0,1,0,0,0,1,0,1,0,0,0,0,0,0,0,1,0,0,1,0,0,0,0,0,0,0,0,0,0,0,3,0,39.9945,-75.1593, ,Philadelphia
1985,25676,2017060519,6,67,67301,2017,5,6,1527,15,1,1,0,1,1, , ,N,0,0,0,3,0,0,2,2,N,N,39 55:13.796,75 14:48.053,1536, ,1533, ,0, ,N, ,0, , , , , , , , , ,2,2,0,0,0,0,0,0,0,0,0,0,0,0,0,0,0,0,0,0,1,0,0,2,0,0,0,0,0,0,0,0,0,0,0,0,0,39.9205,-75.2467, ,Philadelphia
1986,25724,2017078527,6,67,67301,2017,7,7,2043,20,3,1,7,5,1, , ,N,0,0,0,3,0,0,3,2,N,N,39 57:16.208,75 08:29.785,2057, ,2043,2,1,2, , ,0,N, , , , , , , , ,2,0,0,0,0,0,0,2,0,0,0,0,0,0,0,0,0,0,0,1,0,0,0,0,0,0,0,0,0,0,0,0,0,0,0,0,0,39.9545,-75.1416, ,Philadelphia
1987,25728,2017078818,6,67,67301,2017,7,6,9999,99,1,1,0,1,1, , ,N,3,2,0,3,0,1,4,4,N, ,40 02:51.093,75 06:44.514,1930, ,1926, ,0, , , ,3, , , , , , , , , ,4,0,0,0,0,0,3,1,0,0,0,1,1,0,2,0,0,0,0,0,4,0,0,0,0,0,0,0,0,0,0,0,0,0,0,4,0,40.0475,-75.1124, ,Philadelphia
1988,25752,2017029020,6,67,67301,2017,2,2,2240,22,3,1,0,1,1, , ,N,2,2,0,3,0,0,2,2,N,N,40 06:01.721,75 01:46.861,2322, ,2314, ,0, , , ,3, , , , , , , , , ,2,2,0,0,0,0,0,0,0,0,0,0,0,0,0,0,0,0,0,0,0,0,0,0,0,0,0,0,0,0,0,0,0,0,0,0,0,40.1005,-75.0297, ,Philadelphia
1989,25761,2017035646,6,67,67301,2017,3,5,1012,10,1,1,0,4,1, , ,N,1,2,0,3,0,2,4,2,N,N,39 57:43.372,75 09:33.468,1019, ,1017, ,0, ,N, ,3, , , , , , , , , ,2,2,0,0,0,0,0,0,0,0,0,2,2,0,0,0,0,0,0,0,0,0,0,1,0,0,0,0,0,0,0,0,0,0,0,4,0,39.9619,-75.1593, ,Philadelphia
1990,25776,2017058343,6,67,67301,2017,5,7,1636,16,1,2,1,4,1, , ,N,1,3,0,3,0,1,1,2,N,N,40 03:17.067,75 08:20.489,1644, ,1639, ,0, ,N, ,3, , , , , , , , , ,2,2,0,0,0,0,0,0,0,0,0,1,1,0,0,0,0,0,0,0,0,0,0,0,0,0,0,0,0,0,0,0,0,0,0,4,0,40.0547,-75.139, ,Philadelphia
1991,25781,2017028891,6,67,67301,2017,2,5,2159,21,3,1,0,4,1, , ,N,1,2,0,3,0,1,3,3,N, ,39 56:15.784,75 13:42.272,2205, ,2200, ,0, , , ,3, , , , , , , , , ,3,2,0,0,0,0,0,1,0,0,0,1,1,0,0,0,0,0,0,0,0,0,0,0,0,0,0,0,0,0,0,0,0,0,0,4,0,39.9377,-75.2284, ,Philadelphia
1992,25785,2017014058,6,67,67301,2017,1,4,1137,11,1,1,0,3,1, , ,N,0,0,0,3,0,1,3,2,N,N,39 55:33.808,75 13:51.175,1153, ,1153,2,1,3,N, ,0,N, , , , , , , , ,2,1,0,0,0,1,0,0,0,0,0,1,1,0,0,0,0,0,0,0,0,1,0,0,0,0,0,0,0,0,0,0,0,0,0,4,1,39.9261,-75.2309, ,Philadelphia
1993,25790,2017037400,6,67,67301,2017,3,7,1250,12,1,2,1,4,1, , ,N,0,0,7,3,0,3,4,2,N, ,39 59:33.540,75 05:54.726,1705, ,1700,1,1,2, , ,0,Y, , , , , , , , ,2,1,0,0,0,0,1,0,0,0,0,2,3,1,0,0,0,0,0,0,0,0,0,0,0,0,0,0,0,0,0,0,0,0,0,4,0,39.9926,-75.0985, ,Philadelphia
1994,25803,2017041198,6,67,67301,2017,3,7,1230,12,1,1,0,8,1, , ,N,1,0,0,3,0,1,4,2,N,N,40 01:27.735,75 02:31.372,1244, ,1235,2,2,4, , ,0,Y, , , , , , , , ,1,0,0,0,0,0,1,0,0,0,0,0,1,1,0,0,0,1,0,0,0,0,0,0,0,0,0,0,0,0,0,0,1,0,0,8,0,40.0244,-75.042, ,Philadelphia
1995,25840,2017043882,6,67,67301,2017,4,7,23,0,3,1,0,4,1, , ,N,0,0,0,3,0,4,6,2,N, ,39 58:20.120,75 07:27.916,24, ,24, ,0, , , ,0, , , , , , , , , ,2,2,0,0,0,0,0,0,0,0,0,0,4,4,0,0,0,1,0,0,0,0,0,0,0,0,0,0,0,0,0,0,0,0,0,8,0,39.9721,-75.1248, ,Philadelphia
1996,25842,2017037466,6,67,67301,2017,3,1,1447,14,1,1,0,4,1, , ,N,1,2,0,3,0,2,2,2,N,N,39 59:09.009,75 10:51.654,1540, ,1537, ,0, ,N, ,3, , , , , , , , , ,2,2,0,0,0,0,0,0,0,0,0,2,2,0,0,0,0,0,0,0,1,0,0,0,0,0,0,0,0,0,0,0,0,0,0,4,0,39.9858,-75.181, ,Philadelphia
1997,25844,2017041327,6,67,67301,2017,4,7,1449,14,1,1,0,2,1, , ,N,0,0,0,3,0,1,2,2,N, ,40 02:14.052,75 02:30.430,1517, ,1514, ,0, , , ,0, , , , , , , , , ,2,2,0,0,0,0,0,0,0,0,0,1,1,0,0,0,0,0,0,0,2,0,0,0,0,0,0,0,0,0,0,0,0,0,0,4,0,40.0372,-75.0418, ,Philadelphia
1998,25867,2017052065,6,67,67301,2017,5,4,730,7,1,1,0,5,6, , ,N,0,0,0,3,0,0,1,4,N, ,39 57:45.050,75 10:16.367,739, ,738,3,2,7, , ,0,N, , , , , , , , ,4,3,0,0,0,0,1,0,0,0,0,0,0,0,0,0,0,0,0,0,0,0,0,0,0,0,0,0,0,0,0,0,0,0,0,0,0,39.9625,-75.1712, ,Philadelphia
1999,25872,2017060640,6,67,67301,2017,5,5,59,0,3,1,0,6,1, , ,N,1,2,0,3,0,4,6,5,N,N,39 57:43.140,75 14:26.689,102, ,100, ,0, ,N, ,3, , , , , , , , , ,5,2,0,0,0,0,3,0,0,0,0,4,4,0,2,0,0,0,0,0,0,0,0,1,0,0,0,0,0,0,0,0,0,0,0,4,0,39.9619,-75.2408, ,Philadelphia
2000,25887,2017041274,6,67,67301,2017,4,1,235,2,3,1,0,5,6, , ,N,0,0,0,3,0,0,1,2,N,N,40 03:22.120,75 00:09.960,242, ,238, ,0, ,N, ,0, , , , , , , , , ,2,2,0,0,0,0,0,0,0,0,0,0,0,0,0,0,0,0,0,0,0,0,0,0,0,0,0,0,0,0,0,0,0,0,0,0,0,40.0561,-75.0028, ,Philadelphia
2001,25888,2017040515,6,67,67301,2017,4,3,1308,13,1,1,0,0,1, , ,N,0,0,0,3,0,0,6,6,N,N,40 01:00.833,75 03:00.789,1328, ,1311,3,1,1, , ,0,N, , , , , , , , ,6,2,0,0,1,1,2,0,0,0,0,0,0,0,0,0,0,0,0,0,2,1,0,1,0,0,0,0,0,0,0,0,0,0,0,0,1,40.0169,-75.0502, ,Philadelphia
2002,25890,2017028828,6,67,67301,2017,2,1,245,2,3,1,0,7,4, , ,N,10,3,0,3,0,0,1,1,N, ,40 05:04.495,75 00:09.457,255, ,250, ,0, , , ,3, , , , , , , , , ,1,1,0,0,0,0,0,0,0,0,0,0,0,0,0,0,0,0,0,0,0,0,0,0,0,0,0,0,0,0,0,0,0,0,0,0,0,40.0846,-75.0026, ,Philadelphia
2003,25897,2017039100,6,67,67301,2017,4,5,2003,20,3,1,0,5,1, , ,N,0,0,0,3,0,1,5,2,N,N,40 00:26.114,75 11:58.764,2006, ,2005,1,2,4, , ,0,N, , , , , , , , ,2,0,0,0,0,0,2,0,0,0,0,0,1,1,1,0,0,0,0,0,0,0,0,0,0,0,0,0,0,0,0,0,0,0,0,8,0,40.0073,-75.1997, ,Philadelphia
2004,25908,2017052100,6,46,46102,2017,4,5,1905,19,4,1,0,2,1, , ,N,1,2,0,3,0,1,2,2,N,N,40 04:31.053,75 09:37.536,1911, ,1907,1,1,6,N, ,3,N, , , , , , , , ,2,0,1,0,1,0,0,0,0,0,0,0,1,1,0,0,0,0,0,1,0,0,0,0,0,0,0,0,0,0,0,0,0,0,0,8,0,40.0753,-75.1604, ,Montgomery
2005,25912,2017052325,6,67,67301,2017,4,5,921,9,1,1,1,1,1, , ,N,0,0,3,3,0,1,3,2,N, ,40 00:26.379,75 11:33.746,939, ,921, ,0, , , ,0, , , , , , , , , ,2,1,0,0,0,0,0,1,0,0,0,1,1,0,0,0,0,0,1,0,0,0,0,0,0,0,0,0,0,0,0,0,0,0,0,4,0,40.0073,-75.1927, ,Philadelphia
2006,25916,2017060573,6,67,67301,2017,5,4,2300,23,3,1,0,1,1, , ,N,5,2,0,3,0,1,2,2,N,N,40 00:11.467,75 09:09.273,1830, ,1826, ,0, , , ,3, , , , , , , , , ,2,2,0,0,0,0,0,0,0,0,0,1,1,0,0,0,0,0,0,0,1,0,0,1,0,0,0,0,0,0,0,0,0,0,0,4,0,40.0032,-75.1525, ,Philadelphia
2007,25917,2017060002,6,67,67301,2017,5,4,749,7,1,1,0,4,1, , ,N,0,0,0,3,0,2,7,6,N,N,39 59:51.176,75 14:03.752,751, ,749,2,2,7, , ,0,Y, , , , , , , , ,6,2,0,0,1,0,3,0,0,0,1,1,2,0,1,0,0,0,0,0,2,1,0,0,0,0,0,0,0,0,0,0,0,0,0,3,0,39.9975,-75.2344, ,Philadelphia
2008,25927,2017015742,6,67,67301,2017,2,7,2137,21,3,1,0,7,3,1,4,Y,7,0,2,3,0,1,1,1,N,N,39 59:50.669,75 04:55.143,2153,45,2140,2,2,1, , ,0,Y,N,N,N,N,N,N,N,Y,1,0,0,0,0,0,1,0,0,0,0,0,1,1,0,0,0,0,1,0,0,0,0,0,0,0,0,0,0,0,0,0,0,0,0,8,0,39.9974,-75.082, ,Philadelphia
2009,25930,2017018540,6,67,67301,2017,1,6,1956,19,3,1,0,8,1, , ,N,1,2,0,3,1,1,3,3,N,N,39 58:13.810,75 14:03.170,2000, ,1959, ,0, , ,0,3, , , , , , , , , ,1,0,0,0,0,0,0,1,0,0,0,1,1,0,1,0,0,0,0,0,0,0,0,0,0,0,0,0,0,0,0,0,2,1,0,1,0,39.9705,-75.2342,2,Philadelphia
2010,25936,2017019013,6,67,67301,2017,1,4,1830,18,4,1,0,8,1, , ,N,0,0,0,3,0,1,2,2,N, ,39 59:19.716,75 14:27.592,1840, ,1834,1,2,4, , ,0,Y, , , , , , , , ,1,0,0,0,0,0,1,0,0,0,1,0,1,0,0,0,0,0,0,0,1,0,0,1,0,0,0,0,0,0,0,0,1,0,0,3,0,39.9888,-75.241, ,Philadelphia
2011,25941,2017032161,6,67,67301,2017,3,7,1916,19,4,1,0,1,1, , ,N,1,2,0,3,0,1,2,2,N,N,40 00:22.203,75 09:06.487,1918, ,1916, ,0, ,N, ,3, , , , , , , , , ,2,1,0,0,0,0,0,0,0,0,1,0,1,0,0,0,0,0,0,0,1,0,0,0,0,0,0,0,0,0,0,0,0,0,0,3,0,40.0062,-75.1518, ,Philadelphia
2012,25947,2017043891,6,67,67301,2017,4,5,1700,17,1,1,0,4,1, , ,N,1,3,0,3,0,2,3,2,N,N,40 03:19.256,75 04:43.017,1720, ,1714,1,2,3,N, ,3,Y, , , , , , , , ,2,0,0,0,0,0,2,0,0,0,0,2,2,0,0,0,0,0,0,0,1,0,0,0,0,0,0,0,0,0,0,0,0,0,0,4,0,40.0553,-75.0786, ,Philadelphia
2013,25962,2017037532,6,67,67301,2017,3,5,600,6,1,1,0,1,1, , ,N,1,2,0,3,0,1,3,3,N,N,40 02:01.460,75 02:48.262,820, ,820, ,0, ,N, ,3, , , , , , , , , ,2,2,0,0,0,0,0,0,0,0,0,0,1,1,0,0,0,0,0,0,0,0,0,0,0,0,0,0,0,0,0,0,0,0,0,8,0,40.0336,-75.0468, ,Philadelphia
2014,25964,2017052141,6,67,67301,2017,4,2,1530,15,1,1,0,8,1, , ,N,1,0,0,3,0,1,2,2,N,N,39 57:14.229,75 09:34.159,1805, ,1756, ,0, ,N, ,0, , , , , , , , , ,1,1,0,0,0,0,0,0,0,0,0,0,1,1,0,0,0,0,0,0,0,0,0,0,0,0,0,0,0,0,0,0,1,0,0,8,0,39.9539,-75.1595, ,Philadelphia
2015,25989,2017035786,6,67,67301,2017,3,2,1210,12,1,1,0,7,4, , ,N,0,0,0,3,0,0,1,1,N,Y,40 04:44.900,75 12:34.300,1241, ,1241, ,0, ,N, ,0, , , , , , , , , ,1,0,0,0,0,0,1,0,0,0,0,0,0,0,0,0,0,0,0,0,0,1,0,0,0,0,0,0,0,0,0,0,0,0,0,0,0,40.0791,-75.2095, ,Philadelphia
2016,25994,2017028925,6,67,67301,2017,2,1,2145,21,3,1,0,4,1, , ,N,1,3,0,3,0,5,6,2,N,N,39 58:40.814,75 09:49.600,2205, ,2158, ,0, ,N, ,3, , , , , , , , , ,2,1,0,0,1,0,0,0,0,0,0,5,5,0,0,0,0,0,0,1,0,0,0,0,0,0,0,0,0,0,0,0,0,0,0,4,0,39.978,-75.1638, ,Philadelphia
2017,26461,2017010640,6,67,67301,2017,1,2,1430,14,1,1,0,4,1, , ,N,0,0,0,3,0,1,2,2,N,N,39 57:27.030,75 08:43.690,1849, ,1846, ,0, ,N, ,0, , , , , , , , , ,2,2,0,0,0,0,0,0,0,0,1,0,1,0,0,0,0,0,0,0,1,0,0,0,0,0,0,0,0,0,0,0,0,0,0,3,0,39.9575,-75.1455, ,Philadelphia
2018,26497,2017058298,6,67,67301,2017,5,4,2338,23,3,1,0,7,4, , ,N,0,0,0,3,0,0,2,1,N,N,40 01:11.381,75 12:03.285,2344, ,2339,2,1,1,N, ,0,N, , , , , , , , ,1,1,0,0,0,0,0,0,0,0,0,0,0,0,0,0,0,0,0,0,0,0,0,2,0,0,0,0,0,0,0,0,0,0,0,0,0,40.0198,-75.2009, ,Philadelphia
2019,26498,2017060492,6,67,67301,2017,5,4,830,8,1,1,0,1,1, , ,N,0,0,0,3,0,1,2,2,N,N,40 03:50.428,75 09:22.201,833, ,831, ,0, , , ,0, , , , , , , , , ,2,2,0,0,0,0,0,0,0,0,0,1,1,0,0,0,0,0,0,0,0,0,0,0,0,0,0,0,0,0,0,0,0,0,0,4,0,40.064,-75.1562, ,Philadelphia