objectid_1,objectid,crn,district,county,municipality,crash_year,crash_month,day_of_week,time_of_day,hour_of_day,illumination,weather,road_condition,collision_type,relation_to_road,work_zone_type,work_zone_loc,work_zone_ind,intersect_type,tcd_type,location_type,urban_rural,fatal_count,injury_count,person_count,total_units,sch_bus_ind,sch_zone_ind,latitude,longitude,arrival_tm,cons_zone_spd_lim,dispatch_tm,est_hrs_closed,lane_closed,ln_close_dir,ntfy_hiwy_maint,spec_juris_cd,tcd_func_cd,tfc_detour_ind,workers_pres,wz_close_detour,wz_flagger,wz_law_offcr_ind,wz_ln_closure,wz_moving,wz_other,wz_shlder_mdn,vehicle_count,automobile_count,motorcycle_count,bus_count,small_truck_count,heavy_truck_count,suv_count,van_count,bicycle_count,maj_inj_count,mod_inj_count,min_inj_count,tot_inj_count,unk_inj_deg_count,unk_inj_per_count,driver_count_16yr,driver_count_17yr,driver_count_18yr,driver_count_19yr,driver_count_20yr,driver_count_50_64yr,driver_count_65_74yr,driver_count_75plus,unbelted_occ_count,unb_death_count,unb_maj_inj_count,belted_death_count,belted_maj_inj_count,mcycle_death_count,mcycle_maj_inj_count,bicycle_death_count,bicycle_maj_inj_count,ped_count,ped_death_count,ped_maj_inj_count,max_severity_level,comm_veh_count,dec_lat,dec_long,rdwy_surf_type_cd,county_name
2020,26511,2017007803,6,67,67301,2017,1,3,1600,16,6,2,1,8,1, , ,N,0,0,0,3,0,1,2,2,N,N,40 02:21.470,75 10:16.320,1605, ,1605, ,0, ,N, ,0, , , , , , , , , ,1,1,0,0,0,0,0,0,0,0,0,0,1,1,1,0,0,0,0,0,0,0,0,1,0,0,0,0,0,0,0,0,1,0,0,8,0,40.0393,-75.1712, ,Philadelphia
2021,26525,2017029008,6,67,67301,2017,2,7,2220,22,3,1,0,4,1, , ,N,1,2,0,3,0,1,2,2,N,N,40 01:42.885,75 02:02.202,2230, ,2230, ,0, ,N, ,3, , , , , , , , , ,2,1,0,0,1,0,0,0,0,0,0,1,1,0,1,0,0,0,0,0,0,0,0,0,0,0,0,0,0,0,0,0,0,0,0,4,0,40.0286,-75.0339, ,Philadelphia
2022,26527,2017046933,6,67,67301,2017,4,7,35,0,3,2,1,1,1,2,2,Y,0,0,0,3,0,0,3,3,N,N,40 02:21.157,75 00:29.156,35,45,35, ,0, , , ,0, ,N,N,N,N,Y,N,N,N,3,3,0,0,0,0,0,0,0,0,0,0,0,0,0,0,0,0,0,0,0,0,0,0,0,0,0,0,0,0,0,0,0,0,0,0,0,40.0392,-75.0081, ,Philadelphia
2023,26532,2017055774,6,67,67301,2017,4,6,233,2,3,1,0,1,1, , ,N,0,0,0,3,0,1,2,2,N,N,39 53:59.001,75 09:42.951,241, ,234, ,0, , , ,0, , , , , , , , , ,2,1,0,0,1,0,0,0,0,0,0,0,1,1,0,0,0,0,0,0,1,0,0,0,0,0,0,0,0,0,0,0,0,0,0,8,0,39.8997,-75.1619, ,Philadelphia
2024,26552,2017013988,6,67,67301,2017,1,3,9999,99,3,1,0,4,1, , ,N,1,2,0,3,0,1,3,2,N,N,40 01:29.049,75 07:49.427,1216, ,1215,2,2,4,Y, ,3,N, , , , , , , , ,2,2,0,0,0,0,0,0,0,0,0,1,1,0,0,0,0,1,1,0,0,0,0,0,0,0,0,0,0,0,0,0,0,0,0,4,0,40.0247,-75.1304, ,Philadelphia
2025,26565,2017014037,6,67,67301,2017,1,6,807,8,1,1,0,4,1, , ,N,1,3,0,3,0,4,4,2,N, ,39 59:11.933,75 08:47.141,814, ,814, ,0, , , ,3, , , , , , , , , ,2,1,0,0,0,0,1,0,0,0,0,4,4,0,0,0,0,0,0,0,0,1,0,0,0,0,0,0,0,0,0,0,0,0,0,4,0,39.9866,-75.1464, ,Philadelphia
2026,26570,2017043834,6,67,67301,2017,4,7,405,4,3,1,0,1,1, , ,N,1,2,0,3,0,0,4,2,N,N,40 03:44.765,75 09:18.950,410, ,408, ,0, ,N, ,3, , , , , , , , , ,2,1,0,0,0,0,1,0,0,0,0,0,0,0,0,0,0,0,0,0,0,0,0,1,0,0,0,0,0,0,0,0,0,0,0,0,0,40.0624,-75.1553, ,Philadelphia
2027,26576,2017033554,6,67,67301,2017,2,7,311,3,3,1,0,5,6, , ,N,0,0,0,3,0,0,1,3,N,N,39 58:34.352,75 08:46.219,428, ,427, ,0, ,N, ,0, , , , , , , , , ,3,2,0,0,0,0,1,0,0,0,0,0,0,0,1,0,0,0,0,0,0,0,0,0,0,0,0,0,0,0,0,0,0,0,0,9,0,39.9762,-75.1462, ,Philadelphia
2028,26578,2017028958,6,67,67301,2017,2,5,1135,11,1,1,0,4,1, , ,N,1,2,0,3,0,1,3,2,N,N,40 01:59.665,75 01:44.885,1145, ,1138, ,0, ,N, ,3, , , , , , , , , ,2,1,0,0,0,0,1,0,0,0,0,0,1,1,1,0,0,0,0,0,0,0,0,0,0,0,0,0,0,0,0,0,0,0,0,8,0,40.0332,-75.0291, ,Philadelphia
2029,26593,2017052463,6,67,67301,2017,4,5,1447,14,1,1,0,8,1, , ,N,0,0,0,3,0,1,2,2,N,N,40 01:22.518,75 04:38.646,1618, ,1613, ,0, , , ,0, , , , , , , , , ,1,0,0,0,0,0,1,0,0,0,1,0,1,0,1,0,0,0,0,0,0,0,0,0,0,0,0,0,0,0,0,0,1,0,0,3,0,40.0229,-75.0774, ,Philadelphia
2030,26597,2017058285,6,67,67301,2017,5,3,835,8,1,1,0,8,1, , ,N,0,0,0,3,0,1,2,2,N,N,39 56:57.619,75 09:08.474,905, ,900, ,0, ,N, ,0, , , , , , , , , ,1,0,0,0,0,0,1,0,0,0,0,0,1,1,1,0,0,0,0,0,0,0,0,0,0,0,0,0,0,0,0,0,1,0,0,8,0,39.9493,-75.1524, ,Philadelphia
2031,26617,2017037379,6,67,67301,2017,3,5,1700,17,1,9,0,1,1, , ,N,0,0,0,3,0,1,2,2,N,N,40 03:25.437,75 02:00.855,1715, ,1710, ,0, , , ,0, , , , , , , , , ,2,0,0,0,1,0,1,0,0,0,0,1,1,0,1,0,0,0,0,0,1,0,0,0,0,0,0,0,0,0,0,0,0,0,0,4,0,40.0571,-75.0336, ,Philadelphia
2032,26639,2017052287,6,67,67301,2017,4,7,1055,10,1,1,0,4,1, , ,N,1,2,0,3,0,0,5,2,N, ,39 56:18.477,75 10:17.716,1140, ,1101, ,0, , , ,3, , , , , , , , , ,2,1,0,0,0,0,1,0,0,0,0,0,0,0,0,0,0,0,0,0,1,0,0,0,0,0,0,0,0,0,0,0,0,0,0,0,0,39.9385,-75.1716, ,Philadelphia
2033,26646,2017007884,6,67,67301,2017,1,1,653,6,1,1,0,5,6, , ,N,0,0,0,3,0,0,1,4,N,N,40 00:56.509,75 08:13.171,800, ,758, ,0, ,N, ,0, , , , , , , , , ,4,3,0,0,0,0,1,0,0,0,0,0,0,0,1,0,0,0,0,0,0,0,0,0,0,0,0,0,0,0,0,0,0,0,0,9,0,40.0157,-75.137, ,Philadelphia
2034,26676,2017041217,6,67,67301,2017,3,3,1800,18,1,1,0,1,1, , ,N,1,2,0,3,0,1,3,2,N,N,40 02:26.286,75 09:05.378,1824, ,1800, ,0, ,N, ,3, , , , , , , , , ,2,2,0,0,0,0,0,0,0,0,0,0,1,1,0,0,0,0,0,0,0,0,0,2,0,0,0,0,0,0,0,0,0,0,0,8,0,40.0406,-75.1515, ,Philadelphia
2035,26008,2017055614,6,67,67301,2017,5,5,1957,19,1,1,0,4,1, , ,N,2,2,6,3,0,1,2,2,N,N,40 00:39.998,75 09:50.907,1957, ,1957, ,0, ,N, ,3, , , , , , , , , ,2,1,0,0,0,0,1,0,0,0,0,0,1,1,1,0,0,0,0,0,1,0,1,0,0,0,0,0,0,0,0,0,0,0,0,8,0,40.0111,-75.1641, ,Philadelphia
2036,26015,2017067873,6,67,67301,2017,6,6,820,8,1,1,0,4,1, , ,N,1,3,0,3,0,1,3,2,N,N,39 56:14.434,75 13:03.453,820, ,820,3,2,6, , ,3,Y, , , , , , , , ,2,1,0,0,1,0,0,0,0,0,0,0,1,1,2,0,1,0,0,0,0,0,0,0,0,0,0,0,0,0,0,0,0,0,0,8,0,39.9373,-75.2176, ,Philadelphia
2037,26024,2017002575,6,67,67301,2017,1,6,111,1,3,4,3,1,1, , ,N,0,0,0,3,0,0,3,3,N,N,40 01:37.415,75 01:33.048,111, ,111,2,2,1, , ,0,N, , , , , , , , ,3,2,0,0,0,0,1,0,0,0,0,0,0,0,0,0,0,0,0,1,1,0,0,0,0,0,0,0,0,0,0,0,0,0,0,0,0,40.0271,-75.0258, ,Philadelphia
2038,26069,2017019079,6,67,67301,2017,1,6,1015,10,1,1,0,1,1, , ,N,0,0,0,3,0,1,2,2,N, ,40 02:18.301,75 13:22.930,1111, ,1022, ,0, , , ,0, , , , , , , , , ,2,0,0,0,1,0,1,0,0,0,0,1,1,0,0,0,0,0,0,1,0,0,0,2,0,0,0,0,0,0,0,0,0,0,0,4,0,40.0384,-75.223, ,Philadelphia
2039,26072,2017021545,6,67,67301,2017,2,5,2121,21,3,1,0,4,1, , ,N,1,2,0,3,0,1,2,2,N, ,39 57:15.642,75 13:26.511,2123, ,2121, ,0, , , ,3, , , , , , , , , ,2,2,0,0,0,0,0,0,0,0,0,1,1,0,0,0,0,0,0,0,0,0,0,0,0,0,0,0,0,0,0,0,0,0,0,4,0,39.9543,-75.224, ,Philadelphia
2040,26157,2017052101,6,67,67301,2017,4,6,1700,17,1,1,0,4,1, , ,N,1,2,0,3,0,1,2,2,N,N,40 01:43.697,75 05:23.235,1600, ,9999, ,0, , , ,9, , , , , , , , , ,2,1,0,0,0,0,1,0,0,0,0,0,1,1,1,0,0,0,0,0,0,0,0,0,0,0,0,0,0,0,0,0,0,0,0,8,0,40.0288,-75.0898, ,Philadelphia
2041,26172,2017010569,6,67,67301,2017,1,5,4,0,3,1,0,7,2, , ,N,0,0,0,3,0,1,1,1,N,N,40 03:56.290,75 04:14.000,17, ,12, ,0, ,N, ,0, , , , , , , , , ,1,0,0,0,1,0,0,0,0,0,0,0,1,1,0,0,0,0,0,0,0,0,0,0,0,0,0,0,0,0,0,0,0,0,0,8,0,40.0656,-75.0706, ,Philadelphia
2042,26175,2017019133,6,67,67301,2017,1,1,519,5,3,1,0,4,1, , ,N,1,2,0,3,0,1,2,2,N,N,39 59:11.824,75 10:16.353,523, ,520,2,2,7,N, ,3,Y, , , , , , , , ,2,2,0,0,0,0,0,0,0,0,0,1,1,0,0,0,0,0,0,0,1,0,0,0,0,0,0,0,0,0,0,0,0,0,0,4,0,39.9866,-75.1712, ,Philadelphia
2043,26183,2017041173,6,67,67301,2017,3,4,1850,18,1,1,0,4,1, , ,N,1,2,0,3,0,1,3,2,N,N,39 57:30.563,75 13:30.647,1914, ,1900, ,0, ,N, ,3, , , , , , , , , ,1,0,0,0,0,0,1,0,1,0,1,0,1,0,0,0,0,0,0,0,0,0,0,0,0,0,0,0,0,0,0,0,0,0,0,3,0,39.9585,-75.2252, ,Philadelphia
2044,26198,2017052469,6,67,67301,2017,4,7,2200,22,3,9,8,8,1, , ,N,0,0,1,3,0,1,2,2,N, ,39 59:02.142,75 07:56.427,9999, ,9999, ,0, , , ,0, , , , , , , , , ,1,1,0,0,0,0,0,0,0,0,0,1,1,0,1,0,0,0,0,0,0,0,0,0,0,0,0,0,0,0,0,0,1,0,0,4,0,39.9839,-75.1323, ,Philadelphia
2045,26208,2017058363,6,67,67301,2017,5,3,735,7,1,1,0,7,4, , ,N,0,0,0,3,0,0,1,1,N,N,40 02:25.273,75 09:30.300,835, ,829, ,0, ,N, ,0, , , , , , , , , ,1,0,0,0,0,0,1,0,0,0,0,0,0,0,0,0,0,0,0,0,1,0,0,0,0,0,0,0,0,0,0,0,0,0,0,0,0,40.0404,-75.1584, ,Philadelphia
2046,26209,2017061728,6,67,67301,2017,6,4,1041,10,1,1,0,4,1, , ,N,1,2,2,3,0,0,2,2,N,N,39 54:37.249,75 09:03.078,1106, ,1049, ,0, , , ,3, , , , , , , , , ,2,0,0,0,1,1,0,0,0,0,0,0,0,0,0,0,0,0,0,0,1,0,0,0,0,0,0,0,0,0,0,0,0,0,0,0,1,39.9103,-75.1509, ,Philadelphia
2047,26222,2017017725,6,67,67301,2017,1,1,236,2,2,1,0,1,1,1,4,Y,0,0,0,3,0,2,2,2,N,N,40 00:19.215,75 04:32.299,251,45,238,1,2,2, , ,0,N,Y,N,N,N,Y,N,N,N,2,1,0,0,0,1,0,0,0,0,0,0,2,2,0,0,0,0,0,0,0,0,0,0,0,0,0,0,0,0,0,0,0,0,0,8,0,40.0053,-75.0756, ,Philadelphia
2048,26246,2017058349,6,67,67301,2017,5,5,1430,14,1,1,0,4,1, , ,N,1,2,0,3,0,0,2,2,N,N,39 56:04.761,75 13:57.737,1434, ,1434, ,0, ,N, ,3, , , , , , , , , ,2,2,0,0,0,0,0,0,0,0,0,0,0,0,0,0,0,0,0,0,0,0,0,0,0,0,0,0,0,0,0,0,0,0,0,0,0,39.9347,-75.2327, ,Philadelphia
2049,26256,2017067878,6,67,67301,2017,6,1,1154,11,1,1,0,5,1, , ,N,0,0,0,3,0,0,5,2,N, ,39 53:41.571,75 13:49.232,1200, ,1200,3,1,2, , ,0,N, , , , , , , , ,2,2,0,0,0,0,0,0,0,0,0,0,0,0,0,0,0,0,0,0,0,0,0,0,0,0,0,0,0,0,0,0,0,0,0,0,0,39.8949,-75.2303, ,Philadelphia
2050,26262,2017005831,6,67,67301,2017,1,5,1033,10,1,1,0,1,1, , ,N,0,0,0,3,0,2,5,3,N,N,39 57:27.851,75 09:38.999,1041, ,1033,1,1,4, , ,0,N, , , , , , , , ,3,2,0,0,0,0,1,0,0,0,0,0,2,2,0,0,0,0,0,0,0,0,0,0,0,0,0,0,0,0,0,0,0,0,0,8,0,39.9577,-75.1608, ,Philadelphia
2051,26271,2017025592,6,67,67301,2017,2,7,1406,14,1,1,0,4,1, , ,N,0,0,0,3,0,1,11,3,N,N,39 56:33.224,75 11:36.315,1423, ,1406, ,0, , , ,0, , , , , , , , , ,3,2,0,0,0,0,0,1,0,0,1,0,1,0,0,0,0,0,0,0,0,0,0,0,0,0,0,0,0,0,0,0,0,0,0,3,0,39.9426,-75.1934, ,Philadelphia
2052,26274,2017007858,6,67,67301,2017,1,5,1245,12,1,1,0,4,1, , ,N,0,0,0,3,0,0,1,3,N,N,40 01:29.050,75 09:37.920,1339, ,1314, ,0, , , ,0, , , , , , , , , ,3,0,0,0,0,0,3,0,0,0,0,0,0,0,0,0,0,0,0,0,0,0,0,0,0,0,0,0,0,0,0,0,0,0,0,0,0,40.0247,-75.1605, ,Philadelphia
2053,26287,2017021559,6,67,67301,2017,2,3,755,7,1,1,0,1,1, , ,N,2,0,0,3,0,1,2,2,N,N,40 03:15.183,74 59:01.630,805, ,800,2,1,4,N, ,0,Y, , , , , , , , ,2,2,0,0,0,0,0,0,0,0,0,1,1,0,0,0,0,1,0,0,0,0,0,0,0,0,0,0,0,0,0,0,0,0,0,4,0,40.0542,-74.9838, ,Philadelphia
2054,26289,2017041304,6,67,67301,2017,4,1,35,0,3,1,0,7,4, , ,N,0,0,0,3,0,1,1,1,N, ,39 56:20.188,75 12:37.284,37, ,35, ,0, , , ,0, , , , , , , , , ,1,1,0,0,0,0,0,0,0,0,0,1,1,0,0,0,0,0,1,0,0,0,0,0,0,0,0,0,0,0,0,0,0,0,0,4,0,39.9389,-75.2104, ,Philadelphia
2055,26317,2017004100,6,67,67301,2017,1,3,850,8,1,1,0,1,1, , ,N,0,0,0,3,0,3,6,4,N,N,39 56:39.476,75 11:50.892,900, ,854, ,0, ,N, ,0, , , , , , , , , ,4,3,0,0,1,0,0,0,0,0,3,0,3,0,0,0,0,0,0,0,2,0,0,0,0,0,0,0,0,0,0,0,0,0,0,3,0,39.9443,-75.1975, ,Philadelphia
2056,26318,2017003993,6,67,67301,2017,1,2,530,5,2,2,1,7,5, , ,N,0,0,0,3,0,1,1,1,N,N,39 53:09.773,75 14:34.625,551, ,530,1,1,1, , ,0,N, , , , , , , , ,1,1,0,0,0,0,0,0,0,0,0,0,1,1,0,0,0,0,0,0,0,0,0,0,0,0,0,0,0,0,0,0,0,0,0,8,0,39.886,-75.243, ,Philadelphia
2057,26321,2017035675,6,67,67301,2017,3,6,927,9,1,4,1,4,1, , ,N,1,2,0,3,0,1,3,3,N,N,39 56:54.380,75 09:58.337,930, ,927, ,0, ,N, ,3, , , , , , , , , ,2,2,0,0,0,0,0,0,0,0,0,1,1,0,0,0,0,0,0,0,0,0,0,0,0,0,0,0,0,0,0,0,1,0,0,4,0,39.9484,-75.1662, ,Philadelphia
2058,26322,2017044029,6,67,67301,2017,4,2,1600,16,1,1,0,5,1, , ,N,0,0,0,3,0,0,3,2,N,N,39 57:36.364,75 10:53.284,1625, ,1607,1,1,3, , ,0,N, , , , , , , , ,2,2,0,0,0,0,0,0,0,0,0,0,0,0,0,0,0,0,0,0,0,0,0,0,0,0,0,0,0,0,0,0,0,0,0,0,0,39.9601,-75.1815, ,Philadelphia
2059,26330,2017037429,6,67,67301,2017,3,2,2001,20,3,1,0,4,1, , ,N,1,2,0,3,0,1,5,2,N,N,40 02:34.252,75 03:47.603,2016, ,2014,2,1,3,N, ,3,N, , , , , , , , ,2,0,0,0,0,0,2,0,0,0,0,1,1,0,0,0,0,0,0,0,1,0,0,0,0,0,0,0,0,0,0,0,0,0,0,4,0,40.0428,-75.0631, ,Philadelphia
2060,26363,2017013930,6,67,67301,2017,1,7,2240,22,3,1,0,2,1, , ,N,0,0,0,3,0,3,3,2,N,N,40 02:18.211,75 08:57.832,2240, ,2240, ,0, ,N, ,0, , , , , , , , , ,2,0,0,0,0,0,2,0,0,0,0,3,3,0,0,0,0,0,0,0,1,0,1,0,0,0,0,0,0,0,0,0,0,0,0,4,0,40.0384,-75.1494, ,Philadelphia
2061,26366,2017019335,6,67,67301,2017,1,2,51,0,3,2,1,7,5, , ,N,0,0,0,3,0,1,2,1,N,N,39 58:51.321,75 12:23.300,102, ,57, ,0, , , ,0, , , , , , , , , ,1,1,0,0,0,0,0,0,0,0,1,0,1,0,0,0,0,0,0,1,0,0,0,0,0,0,0,0,0,0,0,0,0,0,0,3,0,39.9809,-75.2065, ,Philadelphia
2062,26367,2017014866,6,67,67301,2017,1,4,1836,18,3,1,0,4,1, , ,N,2,2,0,3,0,2,3,2,N,N,40 00:17.997,75 13:05.881,1845, ,1840,1,1,2, , ,3,N, , , , , , , , ,2,1,0,0,0,0,0,1,0,0,0,2,2,0,0,0,0,0,0,0,1,0,0,1,0,0,0,0,0,0,0,0,0,0,0,4,0,40.005,-75.2183, ,Philadelphia
2063,26371,2017043775,6,67,67301,2017,4,2,1655,16,1,1,0,8,1, , ,N,1,0,0,3,0,1,2,2,N,N,39 57:23.349,75 12:55.731,1706, ,1701, ,0, ,N, ,0, , , , , , , , , ,1,0,0,0,0,0,1,0,0,0,0,0,1,1,1,0,0,0,0,0,0,0,0,0,0,0,0,0,0,0,0,0,1,0,0,8,0,39.9565,-75.2155, ,Philadelphia
2064,26378,2017040487,6,67,67301,2017,3,1,2353,23,3,1,0,7,2, , ,N,0,0,0,3,0,1,2,1,N,N,39 56:34.560,75 08:35.324,2358, ,2357, ,0, , , ,0, , , , , , , , , ,1,1,0,0,0,0,0,0,0,0,0,1,1,0,0,0,0,0,0,0,0,0,0,0,0,0,0,0,0,0,0,0,0,0,0,4,0,39.9429,-75.1431, ,Philadelphia
2065,26387,2017041282,6,67,67301,2017,4,4,1928,19,1,1,0,5,1, , ,N,0,0,0,3,0,1,2,2,N, ,40 06:16.768,74 58:01.984,1928, ,1928, ,0, , , ,0, , , , , , , , , ,2,1,0,0,0,0,0,0,0,0,0,0,1,1,0,1,0,0,0,0,0,0,0,0,0,0,0,0,0,0,0,0,0,0,0,8,0,40.1047,-74.9672, ,Philadelphia
2066,26406,2017007834,6,67,67301,2017,1,3,1400,14,1,2,1,4,1, , ,N,1,2,0,3,0,1,2,2,N,N,40 07:30.000,75 00:52.941,1415, ,1406,2,1,1,N, ,1,Y, , , , , , , , ,2,2,0,0,0,0,0,0,0,0,0,0,1,1,0,0,0,0,0,0,1,0,0,0,0,0,0,0,0,0,0,0,0,0,0,8,0,40.125,-75.0147, ,Philadelphia
2067,26413,2017025272,6,67,67301,2017,3,7,945,9,1,1,0,5,1, , ,N,6,4,2,3,0,1,2,2,N,N,39 56:55.117,75 11:09.395,1017, ,947,1,2,4, , ,3,N, , , , , , , , ,2,1,0,0,0,0,1,0,0,0,0,1,1,0,0,0,0,0,0,0,0,0,0,0,0,0,0,0,0,0,0,0,0,0,0,4,0,39.9486,-75.1859, ,Philadelphia
2068,26415,2017035612,6,67,67301,2017,3,4,745,7,1,1,1,4,1, , ,N,0,0,0,3,0,2,3,2,N,N,39 57:06.847,75 14:56.418,756, ,753,1,1,2,N, ,0,N, , , , , , , , ,2,1,0,0,0,0,1,0,0,0,0,2,2,0,0,0,0,0,0,0,1,0,0,0,0,0,0,0,0,0,0,0,0,0,0,4,0,39.9519,-75.249, ,Philadelphia
2069,26427,2017028866,6,67,67301,2017,2,2,1640,16,3,9,0,4,1, , ,N,1,3,0,3,0,0,2,2,N,N,39 58:33.517,75 12:23.686,1056, ,1056, ,0, ,N, ,3, , , , , , , , , ,2,0,0,0,0,0,1,1,0,0,0,0,0,0,1,0,0,0,0,0,0,1,0,0,0,0,0,0,0,0,0,0,0,0,0,9,0,39.976,-75.2066, ,Philadelphia
2070,26437,2017052087,6,67,67301,2017,4,1,443,4,3,1,0,7,4, , ,N,3,3,0,3,0,1,1,1,N,N,40 01:11.366,75 11:29.821,448, ,447,4,2,4,N, ,3,N, , , , , , , , ,1,0,0,0,1,0,0,0,0,0,1,0,1,0,0,0,0,0,0,0,1,0,0,0,0,0,0,0,0,0,0,0,0,0,0,3,0,40.0198,-75.1916, ,Philadelphia
2071,24894,2017052421,6,67,67301,2017,4,7,9999,99,1,1,0,4,1, , ,N,1,2,0,3,0,1,3,2,N,N,39 58:15.383,75 07:42.530,959, ,959, ,0, ,N, ,3, , , , , , , , , ,2,1,0,0,0,0,1,0,0,0,0,0,1,1,2,0,0,0,0,0,0,0,0,0,0,0,0,0,0,0,0,0,0,0,0,8,0,39.9708,-75.1284, ,Philadelphia
2072,24911,2017083338,6,67,67301,2017,8,2,744,7,1,1,0,1,1, , ,N,0,0,0,3,0,0,2,2,N,N,39 57:11.974,75 08:27.478,749, ,744,1,2,1, , ,0,N, , , , , , , , ,2,1,0,0,0,0,1,0,0,0,0,0,0,0,0,0,0,0,0,0,0,0,0,0,0,0,0,0,0,0,0,0,0,0,0,0,0,39.9533,-75.141, ,Philadelphia
2073,24914,2017014889,6,67,67301,2017,1,4,1145,11,1,1,0,6,1, , ,N,0,0,0,3,0,0,2,2,N,N,39 59:05.423,75 05:41.101,1152, ,1147,1,1,1, , ,0,N, , , , , , , , ,2,1,0,0,0,1,0,0,0,0,0,0,0,0,0,0,0,0,0,0,1,0,0,0,0,0,0,0,0,0,0,0,0,0,0,0,1,39.9848,-75.0948, ,Philadelphia
2074,24917,2017010658,6,67,67301,2017,1,2,1938,19,3,1,1,1,1, , ,N,1,2,0,3,0,1,5,2,N,N,39 55:05.839,75 12:32.264,1944, ,1941, ,0, ,N, ,3, , , , , , , , , ,2,2,0,0,0,0,0,0,0,0,0,0,1,1,0,0,0,0,0,0,0,0,0,0,0,0,0,0,0,0,0,0,0,0,0,8,0,39.9182,-75.2088, ,Philadelphia
2075,24920,2017028938,6,67,67301,2017,2,5,820,8,1,1,0,5,6, , ,N,0,0,0,3,0,0,2,6,N,N,40 01:39.499,75 13:16.404,859, ,858, ,0, ,N, ,0, , , , , , , , , ,6,4,0,0,0,1,1,0,0,0,0,0,0,0,0,0,0,0,0,0,0,0,0,0,0,0,0,0,0,0,0,0,0,0,0,0,1,40.0276,-75.2212, ,Philadelphia
2076,24933,2017019169,6,67,67301,2017,1,3,809,8,1,1,0,1,1, , ,N,0,0,0,3,0,4,4,2,N, ,40 02:27.852,75 07:04.108,816, ,812, ,0, , , ,0, , , , , , , , , ,2,1,0,0,0,0,1,0,0,0,0,2,4,2,0,0,0,0,0,0,1,0,0,0,0,0,0,0,0,0,0,0,0,0,0,4,0,40.0411,-75.1178, ,Philadelphia
2077,24940,2017041224,6,67,67301,2017,4,1,2216,22,3,1,0,4,1, , ,N,2,0,0,3,0,2,3,2,N,N,39 57:17.009,75 14:32.175,2240, ,2226, ,0, ,N, ,0, , , , , , , , , ,2,0,0,0,1,0,1,0,0,0,0,2,2,0,0,0,0,0,0,0,0,0,0,1,0,0,0,0,0,0,0,0,0,0,0,4,0,39.9547,-75.2423, ,Philadelphia
2078,24942,2017014957,6,67,67301,2017,2,7,1818,18,3,1,0,1,1, , ,N,6,0,2,3,0,0,7,4,N,N,39 56:43.059,75 11:25.839,1819, ,1819,2,1,4, , ,0,N, , , , , , , , ,4,2,0,0,0,0,1,1,0,0,0,0,0,0,0,0,0,0,0,0,0,0,0,0,0,0,0,0,0,0,0,0,0,0,0,0,0,39.9453,-75.1905, ,Philadelphia
2079,24949,2017043895,6,67,67301,2017,4,2,903,9,1,2,1,4,1, , ,N,1,3,0,3,0,1,3,2,N, ,40 01:12.424,75 04:42.963,907, ,907, ,0, , , ,3, , , , , , , , , ,2,1,0,0,0,0,1,0,0,0,0,0,1,1,0,0,0,0,0,0,1,0,0,0,0,0,0,0,0,0,0,0,0,0,0,8,0,40.0201,-75.0786, ,Philadelphia
2080,24955,2017052072,6,67,67301,2017,5,5,1421,14,1,1,0,8,1, , ,N,1,3,0,3,0,1,2,2,N,N,40 03:23.057,75 10:17.436,1428, ,1425, ,0, ,N, ,3, , , , , , , , , ,1,1,0,0,0,0,0,0,0,0,0,0,1,1,0,0,0,0,0,0,0,0,1,0,0,0,0,0,0,0,0,0,1,0,0,8,0,40.0564,-75.1715, ,Philadelphia
2081,24967,2017019030,6,67,67301,2017,1,4,1507,15,1,1,0,8,1, , ,N,5,2,1,3,0,1,2,2,N,N,39 59:42.637,75 06:56.944,1512, ,1509, ,0, ,N, ,3, , , , , , , , , ,1,1,0,0,0,0,0,0,0,0,0,1,1,0,0,0,0,0,0,0,0,0,0,1,0,0,0,0,0,0,0,0,1,0,0,4,0,39.9952,-75.1158, ,Philadelphia
2082,24978,2017019084,6,67,67301,2017,2,4,1537,15,1,1,0,4,1, , ,N,1,3,0,3,0,0,2,2,N, ,40 03:18.136,75 08:05.204,1537, ,1537,2,1,1, , ,3,N, , , , , , , , ,2,2,0,0,0,0,0,0,0,0,0,0,0,0,0,0,0,0,0,0,0,1,0,1,0,0,0,0,0,0,0,0,0,0,0,0,0,40.055,-75.1348, ,Philadelphia
2083,25002,2017060678,6,67,67301,2017,5,4,1425,14,1,1,0,4,1, , ,N,1,2,0,3,0,0,2,3,N, ,39 56:55.507,75 10:44.382,1616, ,1430, ,0, , , ,3, , , , , , , , , ,3,0,0,0,0,0,3,0,0,0,0,0,0,0,0,0,0,0,0,0,0,0,0,0,0,0,0,0,0,0,0,0,0,0,0,0,0,39.9488,-75.179, ,Philadelphia
2084,25024,2017035662,6,67,67301,2017,3,3,1455,14,1,1,0,5,6, , ,N,0,0,0,3,0,1,1,3,N,N,40 01:22.563,75 04:38.578,1500, ,1500, ,0, , , ,0, , , , , , , , , ,3,1,0,0,1,0,1,0,0,0,0,0,1,1,0,0,0,0,0,0,0,0,0,0,0,0,0,0,0,0,0,0,0,0,0,8,0,40.0229,-75.0774, ,Philadelphia
2085,25027,2017035602,6,67,67301,2017,3,4,920,9,1,1,0,4,1, , ,N,1,3,0,3,0,0,2,2,N,N,39 59:16.936,75 05:56.346,1033, ,1033, ,0, ,N, ,3, , , , , , , , , ,2,1,0,0,1,0,0,0,0,0,0,0,0,0,0,0,0,0,0,0,0,0,0,0,0,0,0,0,0,0,0,0,0,0,0,0,0,39.988,-75.099, ,Philadelphia