objectid_1,objectid,crn,district,county,municipality,crash_year,crash_month,day_of_week,time_of_day,hour_of_day,illumination,weather,road_condition,collision_type,relation_to_road,work_zone_type,work_zone_loc,work_zone_ind,intersect_type,tcd_type,location_type,urban_rural,fatal_count,injury_count,person_count,total_units,sch_bus_ind,sch_zone_ind,latitude,longitude,arrival_tm,cons_zone_spd_lim,dispatch_tm,est_hrs_closed,lane_closed,ln_close_dir,ntfy_hiwy_maint,spec_juris_cd,tcd_func_cd,tfc_detour_ind,workers_pres,wz_close_detour,wz_flagger,wz_law_offcr_ind,wz_ln_closure,wz_moving,wz_other,wz_shlder_mdn,vehicle_count,automobile_count,motorcycle_count,bus_count,small_truck_count,heavy_truck_count,suv_count,van_count,bicycle_count,maj_inj_count,mod_inj_count,min_inj_count,tot_inj_count,unk_inj_deg_count,unk_inj_per_count,driver_count_16yr,driver_count_17yr,driver_count_18yr,driver_count_19yr,driver_count_20yr,driver_count_50_64yr,driver_count_65_74yr,driver_count_75plus,unbelted_occ_count,unb_death_count,unb_maj_inj_count,belted_death_count,belted_maj_inj_count,mcycle_death_count,mcycle_maj_inj_count,bicycle_death_count,bicycle_maj_inj_count,ped_count,ped_death_count,ped_maj_inj_count,max_severity_level,comm_veh_count,dec_lat,dec_long,rdwy_surf_type_cd,county_name
2086,25033,2017041139,6,67,67301,2017,3,2,200,2,3,2,1,4,1, , ,N,1,2,0,3,0,1,3,2,N,N,40 00:24.336,75 07:53.741,248, ,248, ,0, ,N, ,3, , , , , , , , , ,2,1,0,0,0,0,1,0,0,0,0,0,1,1,0,0,0,0,0,0,1,0,0,0,0,0,0,0,0,0,0,0,0,0,0,8,0,40.0068,-75.1316, ,Philadelphia
2087,25034,2017037419,6,67,67301,2017,3,3,2250,22,3,1,0,1,1, , ,N,0,0,7,3,0,1,5,2,N,N,39 58:39.514,75 13:39.634,2256, ,2254, ,0, ,N, ,0, , , , , , , , , ,2,1,0,0,0,0,1,0,0,0,0,1,1,0,0,0,0,0,0,0,1,0,0,0,0,0,0,0,0,0,0,0,0,0,0,4,0,39.9776,-75.2277, ,Philadelphia
2088,25046,2017052256,6,67,67301,2017,4,2,2310,23,3,1,0,1,1, , ,N,0,2,7,3,0,1,4,2,N,N,40 06:06.528,75 00:22.738,2340, ,2323, ,0, ,N, ,3, , , , , , , , , ,2,2,0,0,0,0,0,0,0,0,0,1,1,0,0,0,0,0,0,0,0,0,0,0,0,0,0,0,0,0,0,0,0,0,0,4,0,40.1018,-75.0063, ,Philadelphia
2089,25085,2017021503,6,67,67301,2017,2,5,1007,10,1,4,4,4,1, , ,N,1,2,2,3,0,1,4,2,N, ,40 05:58.224,74 59:10.989,1023, ,1011,3,1,1, , ,3,N, , , , , , , , ,2,0,0,0,1,0,0,1,0,0,1,0,1,0,0,0,0,0,0,0,1,0,0,1,0,0,0,0,0,0,0,0,0,0,0,3,0,40.0995,-74.9864, ,Philadelphia
2090,25088,2017052437,6,67,67301,2017,4,1,1845,18,1,1,0,1,1, , ,N,0,0,1,3,0,4,5,2,N, ,39 55:16.962,75 11:26.219,1907, ,1851,2,2,2, , ,0,N, , , , , , , , ,2,1,0,0,0,0,0,0,0,0,2,0,4,2,0,0,0,0,0,0,0,0,0,1,0,0,0,0,0,0,0,0,0,0,0,3,0,39.9214,-75.1906, ,Philadelphia
2091,25120,2017018713,6,67,67301,2017,2,4,1425,14,1,1,0,7,5, , ,N,0,0,0,3,0,2,2,1,N,N,40 01:45.366,75 06:18.657,1518, ,1425, ,0, ,N, ,0, , , , , , , , , ,1,0,0,0,0,1,0,0,0,0,1,0,2,1,0,0,0,0,0,0,1,0,0,0,0,0,0,0,0,0,0,0,0,0,0,3,1,40.0293,-75.1052, ,Philadelphia
2092,25128,2017028998,6,67,67301,2017,2,3,1200,12,1,1,0,4,1, , ,N,5,2,8,3,0,1,2,2,N, ,39 57:28.586,75 09:50.892,1210, ,1203, ,0, , , ,3, , , , , , , , , ,2,1,0,0,0,0,1,0,0,0,0,1,1,0,0,0,0,0,1,0,1,0,0,0,0,0,0,0,0,0,0,0,0,0,0,4,0,39.9579,-75.1641, ,Philadelphia
2093,25135,2017041128,6,67,67301,2017,3,6,1854,18,3,2,1,8,1, , ,N,1,2,0,3,0,2,3,3,N,N,39 57:07.862,75 14:26.779,1912, ,1855, ,0, ,N, ,3, , , , , , , , , ,1,0,0,0,0,0,1,0,0,0,0,2,2,0,0,0,0,0,0,0,1,0,0,0,0,0,0,0,0,0,0,0,2,0,0,4,0,39.9522,-75.2408, ,Philadelphia
2094,25176,2017043811,6,67,67301,2017,4,5,1240,12,1,1,0,4,1, , ,N,1,2,0,3,0,0,3,2,N, ,40 06:18.575,75 01:58.256,1243, ,1241,1,1,3, , ,3,Y, , , , , , , , ,2,0,0,0,1,0,0,1,0,0,0,0,0,0,3,0,0,0,0,1,1,0,0,0,0,0,0,0,0,0,0,0,0,0,0,9,0,40.1052,-75.0328, ,Philadelphia
2095,25180,2017033027,6,67,67301,2017,3,5,1622,16,1,1,0,8,1, , ,N,1,2,0,3,0,1,2,2,N, ,39 58:37.434,75 13:47.402,1626, ,1622, ,0, , , ,3, , , , , , , , , ,1,0,0,0,0,0,1,0,0,0,1,0,1,0,0,0,0,0,0,0,0,0,0,1,0,0,0,0,0,0,0,0,1,0,0,3,0,39.9771,-75.2298, ,Philadelphia
2096,25201,2017016532,6,67,67301,2017,2,6,1641,16,1,1,0,1,1, , ,N,0,0,0,3,0,3,7,3,N,N,39 58:56.584,75 12:28.075,1651, ,1642, ,0, , , ,0, , , , , , , , , ,3,2,0,0,0,0,1,0,0,0,0,0,3,3,0,0,0,0,0,0,2,0,0,0,0,0,0,0,0,0,0,0,0,0,0,8,0,39.9824,-75.2078, ,Philadelphia
2097,25214,2017037385,6,67,67301,2017,3,1,2330,23,3,2,1,7,4, , ,N,1,0,0,3,0,1,1,1,N, ,40 02:13.920,75 10:06.560,2345, ,2338,9,1,3, , ,0,N, , , , , , , , ,1,1,0,0,0,0,0,0,0,0,0,1,1,0,0,0,0,0,0,0,0,0,0,0,0,0,0,0,0,0,0,0,0,0,0,4,0,40.0372,-75.1685, ,Philadelphia
2098,25220,2017041279,6,67,67301,2017,4,7,2350,23,3,1,0,6,1, , ,N,0,0,0,3,0,0,2,2,N,N,40 03:39.772,74 59:21.476,9999, ,9999,1,1,1,N, ,0,Y, , , , , , , , ,2,0,0,0,0,1,1,0,0,0,0,0,0,0,0,0,0,0,0,0,0,1,0,0,0,0,0,0,0,0,0,0,0,0,0,0,1,40.061,-74.9893, ,Philadelphia
2099,25236,2017052271,6,67,67301,2017,4,7,1235,12,1,2,1,4,1, , ,N,1,3,0,3,0,2,4,3,N,N,39 58:52.118,75 09:53.035,1250, ,1245, ,0, ,N, ,3, , , , , , , , , ,3,3,0,0,0,0,0,0,0,0,0,0,2,2,0,0,0,0,0,1,0,0,0,0,0,0,0,0,0,0,0,0,0,0,0,8,0,39.9811,-75.1647, ,Philadelphia
2100,25247,2017060534,6,67,67301,2017,5,6,721,7,1,1,0,4,1, , ,N,1,2,0,3,0,1,4,2,N,N,40 03:33.132,75 02:38.341,721, ,721, ,0, ,N, ,3, , , , , , , , , ,2,1,0,0,0,0,1,0,0,0,0,0,1,1,0,0,0,0,0,0,1,0,0,0,0,0,0,0,0,0,0,0,0,0,0,8,0,40.0592,-75.044, ,Philadelphia
2101,25261,2017028988,6,67,67301,2017,2,3,1037,10,1,1,0,1,1, , ,N,0,0,0,3,0,2,3,2,N, ,40 00:04.741,75 09:02.643,1051, ,1041, ,0, , , ,0, , , , , , , , , ,2,1,0,0,0,0,0,1,0,0,2,0,2,0,0,0,0,0,0,0,0,0,0,1,0,0,0,0,0,0,0,0,0,0,0,3,0,40.0013,-75.1507, ,Philadelphia
2102,25262,2017019043,6,67,67301,2017,2,4,1353,13,1,1,0,4,1, , ,N,0,0,0,3,0,1,4,2,N, ,39 57:05.034,75 09:19.795,1426, ,1423, ,0, , , ,0, , , , , , , , , ,2,2,0,0,0,0,0,0,0,0,0,1,1,0,0,0,0,0,0,0,1,0,0,0,0,0,0,0,0,0,0,0,0,0,0,4,0,39.9514,-75.1555, ,Philadelphia
2103,25322,2017037457,6,67,67301,2017,3,6,2240,22,3,1,0,1,1, , ,N,0,2,0,3,0,2,4,4,N,N,40 00:58.730,75 11:11.157,2250, ,2246,2,2,7,N, ,3,N, , , , , , , , ,4,3,0,0,0,0,1,0,0,0,0,0,2,2,0,0,0,0,0,0,0,0,0,0,0,0,0,0,0,0,0,0,0,0,0,8,0,40.0163,-75.1864, ,Philadelphia
2104,25358,2017006992,6,67,67301,2017,1,2,1920,19,3,1,0,1,1, , ,N,1,2,0,3,0,1,3,2,N,N,39 58:43.287,75 09:28.532,1935, ,1930, ,0, ,N, ,3, , , , , , , , , ,2,2,0,0,0,0,0,0,0,0,0,0,1,1,1,0,0,0,1,0,0,0,0,2,0,0,0,0,0,0,0,0,0,0,0,8,0,39.9787,-75.1578, ,Philadelphia
2105,25373,2017030221,6,67,67301,2017,3,3,1111,11,1,4,4,0,1, , ,N,0,0,0,3,0,0,1,1,N,N,39 56:11.473,75 08:39.472,1131, ,1120,1,1,1, , ,0,Y, , , , , , , , ,1,0,0,0,0,0,1,0,0,0,0,0,0,0,0,0,0,0,0,0,0,0,0,0,0,0,0,0,0,0,0,0,0,0,0,0,0,39.9365,-75.1443, ,Philadelphia
2106,25374,2017028895,6,67,67301,2017,2,6,1633,16,1,1,0,1,1, , ,N,2,2,0,3,0,4,4,3,N, ,40 04:40.775,75 01:25.271,1640, ,1634,1,1,3, , ,3,N, , , , , , , , ,3,1,0,0,0,0,2,0,0,0,0,4,4,0,0,0,0,0,0,0,1,0,0,2,0,0,0,0,0,0,0,0,0,0,0,4,0,40.078,-75.0237, ,Philadelphia
2107,25382,2017052176,6,67,67301,2017,4,2,1530,15,1,1,0,8,1, , ,N,0,0,0,3,0,1,2,2,N,Y,39 58:49.522,75 08:46.653,1540, ,1535, ,0, ,N, ,0, , , , , , , , , ,1,0,0,0,0,0,0,0,0,0,0,1,1,0,0,0,0,0,0,0,0,0,0,0,0,0,0,0,0,0,0,0,1,0,0,4,0,39.9804,-75.1463, ,Philadelphia
2108,25391,2017058218,6,67,67301,2017,2,3,1135,11,1,1,0,5,6, , ,N,0,0,0,3,0,0,1,2,N,N,40 01:22.925,75 04:38.037,1140, ,1135, ,0, ,N, ,0, , , , , , , , , ,2,1,0,0,1,0,0,0,0,0,0,0,0,0,0,0,0,0,0,0,0,0,0,1,0,0,0,0,0,0,0,0,0,0,0,0,0,40.023,-75.0772, ,Philadelphia
2109,25402,2017037421,6,67,67301,2017,3,6,1910,19,4,1,0,1,1, , ,N,0,0,0,3,0,3,4,2,N,N,39 57:39.776,75 08:44.811,1915, ,1913, ,0, ,N, ,0, , , , , , , , , ,2,1,0,0,0,0,1,0,0,0,1,2,3,0,0,0,0,1,0,0,0,0,0,0,0,0,0,0,0,0,0,0,0,0,0,3,0,39.961,-75.1458, ,Philadelphia
2110,25411,2017028912,6,67,67301,2017,2,7,1752,17,1,1,0,5,1, , ,N,1,2,0,3,0,5,5,3,N,N,40 01:18.437,75 08:22.555,1755, ,1752,3,2,4,N, ,3,Y, , , , , , , , ,2,1,0,0,0,0,1,0,0,0,0,5,5,0,0,0,0,0,0,0,1,0,0,0,0,0,0,0,0,0,0,0,0,0,0,4,0,40.0218,-75.1396, ,Philadelphia
2111,25420,2017028858,6,67,67301,2017,2,6,936,9,1,1,0,4,1, , ,N,1,3,0,3,0,0,2,2,N,N,40 01:40.919,75 02:00.658,948, ,941, ,0, ,N, ,3, , , , , , , , , ,2,0,0,0,0,0,1,1,0,0,0,0,0,0,0,0,0,0,0,0,1,0,1,0,0,0,0,0,0,0,0,0,0,0,0,0,0,40.028,-75.0335, ,Philadelphia
2112,25425,2017052255,6,67,67301,2017,4,2,1445,14,1,1,0,8,1, , ,N,0,0,0,3,0,1,3,2,N, ,40 03:43.794,75 02:35.581,1459, ,1454,1,1,2, , ,0,Y, , , , , , , , ,1,0,0,0,0,0,1,0,0,0,0,0,1,1,0,0,0,0,0,0,1,0,0,1,0,0,0,0,0,0,0,0,1,0,0,8,0,40.0622,-75.0432, ,Philadelphia
2113,25426,2017052070,6,67,67301,2017,4,6,1635,16,1,1,0,4,1, , ,N,1,2,0,3,0,4,5,3,N,N,39 59:31.757,75 14:44.399,1650, ,1640,3,2,3,N, ,3,N, , , , , , , , ,3,1,0,1,0,0,0,1,0,0,0,4,4,0,0,0,0,0,0,0,1,0,0,0,0,0,0,0,0,0,0,0,0,0,0,4,1,39.9922,-75.2457, ,Philadelphia
2114,25448,2017037514,6,67,67301,2017,3,7,1405,14,1,2,1,4,1, , ,N,1,2,0,3,0,2,6,2,N,N,40 07:54.116,75 00:44.359,1515, ,1505, ,0, ,N, ,3, , , , , , , , , ,2,0,0,0,0,0,1,1,0,0,0,2,2,0,2,0,0,0,0,0,1,1,0,0,0,0,0,0,0,0,0,0,0,0,0,4,0,40.1317,-75.0122, ,Philadelphia
2115,25497,2017013955,6,67,67301,2017,1,4,9999,99,1,1,0,6,1, , ,N,0,0,0,3,0,0,3,2,N, ,40 03:39.333,75 11:32.059,9999, ,9999,3,1,3, , ,0,Y, , , , , , , , ,2,0,0,0,0,0,2,0,0,0,0,0,0,0,0,0,0,0,0,0,0,1,0,1,0,0,0,0,0,0,0,0,0,0,0,0,0,40.0609,-75.1922, ,Philadelphia
2116,25503,2017037558,6,67,67301,2017,3,6,1955,19,3,1,1,8,1, , ,N,0,0,0,3,0,1,3,2,N,N,40 00:34.883,75 10:25.851,2002, ,2000,2,2,1, , ,0,Y, , , , , , , , ,1,0,0,0,0,0,0,1,0,0,0,0,1,1,0,0,0,0,0,0,1,0,0,1,0,0,0,0,0,0,0,0,1,0,0,8,0,40.0097,-75.1738, ,Philadelphia
2117,25507,2017041151,6,67,67301,2017,3,6,210,2,3,2,1,7,4, , ,N,1,2,0,3,0,2,3,1,N,N,40 05:57.040,74 59:12.762,214, ,213, ,0, ,N, ,3, , , , , , , , , ,1,1,0,0,0,0,0,0,0,0,0,2,2,0,0,0,0,0,0,0,0,0,0,1,0,0,0,0,0,0,0,0,0,0,0,4,0,40.0992,-74.9869, ,Philadelphia
2118,25546,2017007836,6,67,67301,2017,1,4,1435,14,1,1,0,4,1, , ,N,1,3,0,3,0,0,2,2,N,N,40 03:36.388,75 02:46.694,1655, ,1638,1,1,4, , ,3,N, , , , , , , , ,2,2,0,0,0,0,0,0,0,0,0,0,0,0,0,0,0,0,0,0,0,0,1,0,0,0,0,0,0,0,0,0,0,0,0,0,0,40.0601,-75.0463, ,Philadelphia
2119,25551,2017019134,6,67,67301,2017,1,3,1814,18,3,1,0,4,1, , ,N,1,3,0,3,0,2,2,2,N, ,39 58:12.104,75 12:29.649,1817, ,1816, ,0, , , ,3, , , , , , , , , ,2,1,0,0,0,0,1,0,0,0,0,2,2,0,0,0,0,0,0,0,2,0,0,0,0,0,0,0,0,0,0,0,0,0,0,4,0,39.97,-75.2082, ,Philadelphia
2120,25557,2017014061,6,67,67301,2017,1,1,2241,22,3,1,0,4,1, , ,N,1,2,0,3,0,0,2,2,N,N,40 07:24.747,75 00:55.270,2314, ,2308, ,0, , , ,3, , , , , , , , , ,2,1,0,0,0,0,0,1,0,0,0,0,0,0,0,0,0,0,0,0,0,0,0,0,0,0,0,0,0,0,0,0,0,0,0,0,0,40.1235,-75.0154, ,Philadelphia
2121,25559,2017021644,6,67,67301,2017,2,4,1020,10,1,1,0,4,1, , ,N,2,3,0,3,0,1,3,2,N,N,39 58:13.723,75 13:32.191,1030, ,1025, ,0, ,N, ,3, , , , , , , , , ,2,2,0,0,0,0,0,0,0,0,0,0,1,1,0,0,0,0,0,0,1,0,0,0,0,0,0,0,0,0,0,0,0,0,0,8,0,39.9705,-75.2256, ,Philadelphia
2122,25566,2017019100,6,67,67301,2017,1,2,2130,21,3,1,1,5,6, , ,N,0,0,0,3,0,0,1,2,N,N,39 59:47.302,75 10:27.025,2145, ,2139,1,1,4,N, ,0,N, , , , , , , , ,2,1,0,0,0,0,1,0,0,0,0,0,0,0,0,0,0,0,0,0,1,0,0,0,0,0,0,0,0,0,0,0,0,0,0,0,0,39.9965,-75.1742, ,Philadelphia
2123,25596,2017007763,6,67,67301,2017,1,1,934,9,1,1,0,4,1, , ,N,2,3,0,3,0,1,2,4,N,N,40 06:52.333,75 01:47.812,950, ,944, ,0, ,N, ,3, , , , , , , , , ,4,3,0,0,0,0,0,1,0,0,1,0,1,0,0,0,0,0,0,0,1,0,0,0,0,0,0,0,0,0,0,0,0,0,0,3,0,40.1145,-75.0299, ,Philadelphia
2124,25597,2017022028,6,67,67301,2017,2,7,311,3,3,1,0,7,7, , ,N,0,0,0,3,0,0,2,1,N,N,39 57:36.382,75 10:47.033,311, ,311, ,0, , , ,0, , , , , , , , , ,1,1,0,0,0,0,0,0,0,0,0,0,0,0,0,0,0,0,0,0,0,0,0,0,0,0,0,0,0,0,0,0,0,0,0,0,0,39.9601,-75.1797, ,Philadelphia
2125,47756,2017109790,6,67,67301,2017,9,7,1459,14,1,1,0,4,1, , ,N,1,2,0,3,0,1,4,2,N, ,40 02:40.890,75 03:16.537,1539, ,1526, ,0, , , ,3, , , , , , , , , ,2,2,0,0,0,0,0,0,0,0,0,1,1,0,0,0,0,0,0,0,0,0,0,0,0,0,0,0,0,0,0,0,0,0,0,4,0,40.0446,-75.0547, ,Philadelphia
2126,47757,2017109908,6,67,67301,2017,10,6,1124,11,1,1,0,4,1, , ,N,2,2,0,3,0,1,5,4,N, ,39 55:01.013,75 12:57.068,1130, ,1124, ,0, , , ,3, , , , , , , , , ,4,2,0,0,0,0,2,0,0,0,0,0,1,1,4,0,0,0,0,0,2,0,0,0,0,0,0,0,0,0,0,0,0,0,0,8,0,39.9169,-75.2159, ,Philadelphia
2127,47762,2017078790,6,67,67301,2017,7,2,1500,15,1,1,0,8,1, , ,N,0,0,0,3,0,1,2,2,N, ,40 00:07.028,75 08:13.534,1630, ,1625, ,0, , , ,0, , , , , , , , , ,1,0,0,0,0,0,1,0,0,0,1,0,1,0,0,0,0,0,0,0,0,0,0,1,0,0,0,0,0,0,0,0,1,0,0,3,0,40.002,-75.1371, ,Philadelphia
2128,47763,2017078698,6,67,67301,2017,7,7,1855,18,1,2,1,4,1, , ,N,1,2,0,3,0,3,5,3,N, ,39 56:29.271,75 10:39.934,1911, ,1910,1,2,2, , ,3,Y, , , , , , , , ,3,3,0,0,0,0,0,0,0,0,0,0,3,3,0,0,0,0,0,0,0,1,0,0,0,0,0,0,0,0,0,0,0,0,0,8,0,39.9415,-75.1778, ,Philadelphia
2129,47769,2017014078,6,67,67301,2017,1,4,1911,19,3,9,1,8,1, , ,N,1,2,0,3,0,2,3,3,N,N,40 03:15.697,75 11:38.224,26, ,26, ,0, ,N, ,3, , , , , , , , , ,1,1,0,0,0,0,0,0,0,1,0,1,2,0,0,0,0,0,0,0,0,0,0,1,0,0,0,0,0,0,0,0,2,0,1,2,0,40.0544,-75.194, ,Philadelphia
2130,47779,2017021588,6,67,67301,2017,2,3,1625,16,1,1,0,6,1, , ,N,1,2,0,3,0,1,2,2,N,N,40 03:31.188,75 02:39.382,1650, ,1631, ,0, ,N, ,3, , , , , , , , , ,2,0,0,1,0,0,0,0,0,0,0,1,1,0,0,0,0,0,0,0,0,0,0,0,0,0,0,0,0,0,0,0,0,0,0,4,1,40.0587,-75.0443, ,Philadelphia
2131,47796,2017041197,6,67,67301,2017,3,7,1440,14,1,2,1,4,1, , ,N,1,0,0,3,0,1,1,2,N,N,40 02:03.018,75 02:54.384,1642, ,1640, ,0, ,N, ,0, , , , , , , , , ,2,0,0,0,0,0,1,1,0,0,0,1,1,0,0,0,0,0,0,0,0,0,0,0,0,0,0,0,0,0,0,0,0,0,0,4,0,40.0342,-75.0484, ,Philadelphia
2132,47812,2017006874,6,67,67301,2017,1,3,913,9,1,1,0,5,1, , ,N,0,0,0,3,0,1,4,2,N,N,39 57:30.401,75 10:02.390,930, ,913, ,0, , , ,0, , , , , , , , , ,2,1,0,0,0,0,0,1,0,0,0,0,1,1,0,0,0,0,0,0,0,0,0,0,0,0,0,0,0,0,0,0,0,0,0,8,0,39.9584,-75.1673, ,Philadelphia
2133,47815,2017014011,6,67,67301,2017,1,5,725,7,1,1,0,4,1, , ,N,5,2,0,3,0,2,2,2,N, ,39 55:29.385,75 10:22.358,810, ,808, ,0, , , ,3, , , , , , , , , ,2,1,0,0,0,0,1,0,0,0,0,0,2,2,0,0,0,0,0,0,0,0,0,1,0,0,0,0,0,0,0,0,0,0,0,8,0,39.9248,-75.1728, ,Philadelphia
2134,47817,2017013986,6,67,67301,2017,1,6,810,8,1,1,0,1,1, , ,N,1,2,0,3,0,1,2,2,N, ,39 57:34.154,75 09:43.529,913, ,908, ,0, , , ,3, , , , , , , , , ,2,0,0,0,0,0,2,0,0,0,0,1,1,0,0,0,0,0,0,0,0,0,0,0,0,0,0,0,0,0,0,0,0,0,0,4,0,39.9595,-75.162, ,Philadelphia
2135,47819,2017010652,6,67,67301,2017,1,2,1000,10,1,1,1,4,1, , ,N,1,2,0,3,0,1,2,2,N,N,40 02:00.178,75 07:52.165,1023, ,1019, ,0, ,N, ,2, , , , , , , , , ,2,1,0,0,1,0,0,0,0,0,0,1,1,0,0,0,0,0,0,0,1,0,0,0,0,0,0,0,0,0,0,0,0,0,0,4,0,40.0334,-75.1312, ,Philadelphia
2136,47833,2017035636,6,67,67301,2017,3,6,2050,20,3,4,1,4,1, , ,N,0,0,0,3,0,0,3,4,N, ,39 56:14.553,75 13:44.299,2054, ,2052, ,0, , , ,0, , , , , , , , , ,4,2,0,0,0,0,2,0,0,0,0,0,0,0,0,0,0,0,0,0,0,0,0,0,0,0,0,0,0,0,0,0,0,0,0,0,0,39.9374,-75.229, ,Philadelphia
2137,47863,2017068063,6,67,67301,2017,6,1,2315,23,3,1,0,1,1, , ,N,1,2,0,3,0,1,2,2,N,N,39 56:26.915,75 09:57.820,2337, ,2325, ,0, ,N, ,3, , , , , , , , , ,2,1,1,0,0,0,0,0,0,0,1,0,1,0,0,0,0,0,0,0,0,0,0,1,0,0,0,0,0,0,0,0,0,0,0,3,0,39.9408,-75.1661, ,Philadelphia
2138,47865,2017067758,6,67,67301,2017,5,7,1220,12,1,1,0,1,1, , ,N,3,0,0,3,0,1,2,2,N, ,40 00:55.139,75 12:29.255,1229, ,1224, ,0, , , ,0, , , , , , , , , ,1,1,0,0,0,0,0,0,1,0,0,0,1,1,0,0,0,0,0,0,0,1,0,0,0,0,0,0,0,0,0,0,0,0,0,8,0,40.0153,-75.2081, ,Philadelphia
2139,47867,2017067993,6,67,67301,2017,6,5,2245,22,3,1,0,8,1, , ,N,1,2,0,3,0,1,2,2,N,N,40 01:45.300,75 10:53.255,2312, ,2306, ,0, , , ,3, , , , , , , , , ,1,0,0,0,0,0,1,0,0,0,0,1,1,0,0,0,0,0,0,0,0,1,0,0,0,0,0,0,0,0,0,0,1,0,0,4,0,40.0293,-75.1815, ,Philadelphia
2140,47886,2017107623,6,67,67301,2017,10,1,906,9,1,2,1,7,5, , ,N,0,0,0,3,0,0,1,1,N,N,39 57:37.802,75 10:53.738,915, ,910,2,1,4, , ,0,Y, , , , , , , , ,1,0,0,0,0,0,1,0,0,0,0,0,0,0,0,0,0,0,0,0,1,0,0,0,0,0,0,0,0,0,0,0,0,0,0,0,0,39.9605,-75.1816, ,Philadelphia
2141,47889,2017100077,6,67,67301,2017,8,5,2358,23,3,1,0,4,1, , ,N,0,0,0,3,0,1,2,2,N,N,39 53:33.401,75 13:33.534,11, ,0,1,1,1, , ,0,N, , , , , , , , ,2,2,0,0,0,0,0,0,0,0,1,0,1,0,0,0,0,0,0,0,0,0,0,0,0,0,0,0,0,0,0,0,0,0,0,3,0,39.8926,-75.226, ,Philadelphia
2142,47895,2017086226,6,67,67301,2017,7,6,1846,18,1,1,0,4,1, , ,N,2,0,0,3,0,0,2,2,N,N,40 01:45.317,75 04:48.936,1956, ,1951, ,0, ,N, ,0, , , , , , , , , ,2,1,0,0,1,0,0,0,0,0,0,0,0,0,1,0,0,0,0,0,0,0,0,0,0,0,0,0,0,0,0,0,0,0,0,9,0,40.0293,-75.0803, ,Philadelphia
2143,47900,2017115961,6,67,67301,2017,10,3,2236,22,3,1,0,5,1, , ,N,0,0,0,3,0,1,2,2,N,N,39 57:32.184,75 09:35.853,2359, ,2353, ,0, ,N, ,0, , , , , , , , , ,1,0,0,0,0,0,0,0,1,0,0,0,1,1,0,0,0,0,0,0,0,0,0,0,0,0,0,0,0,0,0,0,0,0,0,8,0,39.9589,-75.16, ,Philadelphia
2144,47909,2017008532,6,67,67301,2017,1,4,557,5,5,1,1,7,4, , ,N,6,0,0,3,0,0,1,1,N,N,40 02:45.348,75 00:06.533,607, ,557, ,0, , , ,0, , , , , , , , , ,1,1,0,0,0,0,0,0,0,0,0,0,0,0,0,0,0,0,0,0,0,0,0,0,0,0,0,0,0,0,0,0,0,0,0,0,0,40.0459,-75.0018, ,Philadelphia
2145,47940,2017093613,6,67,67301,2017,8,5,555,5,3,1,0,4,1, , ,N,1,2,0,3,0,1,2,2,N,N,40 01:23.700,75 04:36.637,555, ,555,2,1,2,N, ,3,N, , , , , , , , ,2,1,0,0,0,0,1,0,0,0,1,0,1,0,0,0,0,0,0,0,0,0,0,1,0,0,0,0,0,0,0,0,0,0,0,3,0,40.0233,-75.0768, ,Philadelphia
2146,47945,2017108191,6,67,67301,2017,10,2,1554,15,1,1,0,1,1, , ,N,0,0,0,3,0,2,2,2,N,N,39 56:45.082,75 08:32.172,1620, ,1558,2,2,1, , ,0,Y, , , , , , , , ,2,1,0,0,0,0,1,0,0,0,0,0,2,2,0,0,0,0,0,0,0,0,0,0,0,0,0,0,0,0,0,0,0,0,0,8,0,39.9459,-75.1423, ,Philadelphia
2147,47949,2017093556,6,67,67301,2017,8,1,1930,19,3,1,0,4,1, , ,N,1,3,0,3,0,0,3,2,N,N,39 56:30.922,75 12:49.989,1953, ,1933, ,0, ,N, ,3, , , , , , , , , ,2,2,0,0,0,0,0,0,0,0,0,0,0,0,0,0,0,0,0,0,0,0,0,0,0,0,0,0,0,0,0,0,0,0,0,0,0,39.9419,-75.2139, ,Philadelphia
2148,47950,2017091763,6,67,67301,2017,8,2,1400,14,1,1,0,5,1, , ,N,1,2,0,3,0,1,2,2,N,N,39 57:41.312,75 08:59.259,1405, ,1400, ,0, ,N, ,3, , , , , , , , , ,1,1,0,0,0,0,0,0,1,0,1,0,1,0,0,0,0,0,0,0,0,0,0,1,0,0,0,0,0,0,0,0,0,0,0,3,0,39.9614,-75.1498, ,Philadelphia
2149,47951,2017088763,6,67,67301,2017,8,6,1925,19,4,1,0,4,1, , ,N,1,2,0,3,0,1,2,2,N,N,39 59:49.937,75 10:02.024,1925, ,1925, ,0, ,N, ,3, , , , , , , , , ,2,1,0,0,0,0,1,0,0,0,0,1,1,0,0,0,0,0,0,0,0,0,0,0,0,0,0,0,0,0,0,0,0,0,0,4,0,39.9972,-75.1672, ,Philadelphia
2150,47957,2017067730,6,67,67301,2017,5,5,820,8,1,2,1,8,1, , ,N,1,2,0,3,0,1,3,2,N, ,40 03:33.971,75 05:09.267,830, ,827, ,0, ,N, ,3, , , , , , , , , ,1,0,0,0,0,0,1,0,0,0,0,1,1,0,0,0,0,0,0,0,0,0,0,1,0,0,0,0,0,0,0,0,1,0,0,4,0,40.0594,-75.0859, ,Philadelphia