objectid_1,objectid,crn,district,county,municipality,crash_year,crash_month,day_of_week,time_of_day,hour_of_day,illumination,weather,road_condition,collision_type,relation_to_road,work_zone_type,work_zone_loc,work_zone_ind,intersect_type,tcd_type,location_type,urban_rural,fatal_count,injury_count,person_count,total_units,sch_bus_ind,sch_zone_ind,latitude,longitude,arrival_tm,cons_zone_spd_lim,dispatch_tm,est_hrs_closed,lane_closed,ln_close_dir,ntfy_hiwy_maint,spec_juris_cd,tcd_func_cd,tfc_detour_ind,workers_pres,wz_close_detour,wz_flagger,wz_law_offcr_ind,wz_ln_closure,wz_moving,wz_other,wz_shlder_mdn,vehicle_count,automobile_count,motorcycle_count,bus_count,small_truck_count,heavy_truck_count,suv_count,van_count,bicycle_count,maj_inj_count,mod_inj_count,min_inj_count,tot_inj_count,unk_inj_deg_count,unk_inj_per_count,driver_count_16yr,driver_count_17yr,driver_count_18yr,driver_count_19yr,driver_count_20yr,driver_count_50_64yr,driver_count_65_74yr,driver_count_75plus,unbelted_occ_count,unb_death_count,unb_maj_inj_count,belted_death_count,belted_maj_inj_count,mcycle_death_count,mcycle_maj_inj_count,bicycle_death_count,bicycle_maj_inj_count,ped_count,ped_death_count,ped_maj_inj_count,max_severity_level,comm_veh_count,dec_lat,dec_long,rdwy_surf_type_cd,county_name
2281,51308,2017086813,6,67,67301,2017,4,5,1405,14,1,1,0,1,1, , ,N,0,0,0,3,0,2,8,3,N,N,40 01:14.030,75 09:28.670,1412, ,1410,2,2,1, , ,0,Y, , , , , , , , ,3,2,0,0,0,0,1,0,0,0,0,2,2,0,0,0,0,0,0,0,0,0,0,2,0,0,0,0,0,0,0,0,0,0,0,4,0,40.0206,-75.158, ,Philadelphia
2282,51326,2017111572,6,67,67301,2017,9,1,246,2,3,1,0,1,6, , ,N,0,0,0,3,0,1,1,4,N,N,40 04:07.218,75 04:48.710,250, ,246, ,0, ,N, ,0, , , , , , , , , ,3,0,0,0,1,0,2,0,0,0,0,1,1,0,0,0,0,0,0,0,0,0,0,0,0,0,0,0,0,0,0,0,0,0,0,4,0,40.0687,-75.0802, ,Philadelphia
2283,51355,2017105997,6,67,67301,2017,9,3,1052,10,1,1,0,5,4, , ,N,0,0,0,3,0,1,1,2,N,N,40 01:34.330,75 07:58.123,1112, ,1104,2,2,2,N, ,0,Y, , , , , , , , ,2,0,0,0,0,0,1,1,0,0,0,0,1,1,0,0,0,0,0,0,0,0,1,0,0,0,0,0,0,0,0,0,0,0,0,8,0,40.0262,-75.1328, ,Philadelphia
2284,51381,2017135079,6,67,67301,2017,11,6,830,8,1,1,0,1,1, , ,N,1,2,0,3,0,1,2,2,N, ,40 02:55.080,75 08:41.593,845, ,836, ,0, ,N, ,3, , , , , , , , , ,2,2,0,0,0,0,0,0,0,0,0,1,1,0,0,0,0,0,0,0,0,0,0,1,0,0,0,0,0,0,0,0,0,0,0,4,0,40.0486,-75.1449, ,Philadelphia
2285,51418,2017088791,6,67,67301,2017,8,3,1850,18,1,1,0,8,1, , ,N,0,0,0,3,0,1,2,2,N, ,40 01:01.928,75 08:03.832,1922, ,1858, ,0, , , ,0, , , , , , , , , ,1,1,0,0,0,0,0,0,0,0,1,0,1,0,1,0,0,0,0,0,0,0,0,0,0,0,0,0,0,0,0,0,1,0,0,3,0,40.0172,-75.1344, ,Philadelphia
2286,51427,2017107459,6,46,46102,2017,10,3,1250,12,1,1,0,4,1, , ,N,5,2,0,3,0,2,3,2,N,N,40 04:26.918,75 09:30.203,1256, ,1250,1,1,4,N, ,3,N, , , , , , , , ,2,1,0,0,0,0,1,0,0,0,2,0,2,0,0,0,1,0,0,0,1,0,0,0,0,0,0,0,0,0,0,0,0,0,0,3,0,40.0741,-75.1584, ,Montgomery
2287,48228,2017033150,6,67,67301,2017,2,2,1910,19,3,1,1,1,1, , ,N,1,2,0,3,0,0,3,3,N, ,39 59:29.818,75 08:10.215,1923, ,1914,1,1,3, , ,3,N, , , , , , , , ,3,2,0,0,0,0,1,0,0,0,0,0,0,0,1,0,0,0,0,0,0,0,0,0,0,0,0,0,0,0,0,0,0,0,0,9,0,39.9915,-75.1361, ,Philadelphia
2288,48236,2017055642,6,67,67301,2017,5,7,230,2,3,1,0,6,6, , ,N,0,0,0,3,0,0,1,3,N,N,40 00:26.336,75 08:10.804,236, ,236, ,0, ,N, ,0, , , , , , , , , ,3,3,0,0,0,0,0,0,0,0,0,0,0,0,0,0,0,0,0,1,0,0,0,0,0,0,0,0,0,0,0,0,0,0,0,0,0,40.0073,-75.1363, ,Philadelphia
2289,48269,2017033038,6,67,67301,2017,2,2,1713,17,1,1,0,4,1, , ,N,1,2,0,3,0,3,6,2,N,N,39 58:47.528,75 08:34.317,1716, ,1715, ,0, ,N, ,3, , , , , , , , , ,2,0,0,0,1,0,1,0,0,0,0,2,3,1,1,0,0,0,0,0,1,0,0,0,0,0,0,0,0,0,0,0,0,0,0,4,0,39.9799,-75.1429, ,Philadelphia
2290,48292,2017067709,6,67,67301,2017,5,2,109,1,3,2,1,7,7, , ,N,7,0,8,3,0,0,1,1,N, ,40 00:42.975,75 12:17.619,218, ,209, ,0, , , ,0, , , , , , , , , ,1,1,0,0,0,0,0,0,0,0,0,0,0,0,0,0,0,0,0,0,0,0,0,0,0,0,0,0,0,0,0,0,0,0,0,0,0,40.0119,-75.2049, ,Philadelphia
2291,48294,2017076206,6,67,67301,2017,6,2,1921,19,1,1,0,4,1, , ,N,1,2,0,3,0,0,2,2,N,N,40 05:22.914,75 03:25.437,1929, ,1921, ,0, , , ,3, , , , , , , , , ,2,1,0,0,0,0,1,0,0,0,0,0,0,0,0,0,0,0,0,0,0,0,0,0,0,0,0,0,0,0,0,0,0,0,0,0,0,40.0897,-75.057, ,Philadelphia
2292,48303,2017019130,6,67,67301,2017,2,5,9999,99,1,1,0,7,4, , ,N,0,0,0,3,0,1,1,1,N, ,39 55:17.061,75 12:59.155,9999, ,9999, ,0, , , ,0, , , , , , , , , ,1,1,0,0,0,0,0,0,0,0,0,1,1,0,0,0,0,0,0,0,0,0,1,0,0,0,0,0,0,0,0,0,0,0,0,4,0,39.9214,-75.2164, ,Philadelphia
2293,48305,2017026034,6,67,67301,2017,3,5,1349,13,1,1,0,1,1, , ,N,0,0,0,3,0,0,3,2,N,N,40 03:07.711,74 59:15.765,1359, ,1351, ,0, , , ,0, , , , , , , , , ,2,0,0,0,0,0,2,0,0,0,0,0,0,0,0,0,0,0,0,0,0,0,1,0,0,0,0,0,0,0,0,0,0,0,0,0,0,40.0521,-74.9877, ,Philadelphia
2294,48311,2017037559,6,67,67301,2017,3,6,1920,19,4,8,6,4,1, , ,N,1,0,0,3,0,0,2,2,N,N,40 00:14.481,75 10:18.193,1927, ,1927, ,0, , , ,0, , , , , , , , , ,2,1,0,0,0,0,1,0,0,0,0,0,0,0,0,0,0,0,0,0,0,0,0,0,0,0,0,0,0,0,0,0,0,0,0,0,0,40.004,-75.1717, ,Philadelphia
2295,48313,2017035740,6,67,67301,2017,3,6,1335,13,1,1,0,2,1, , ,N,1,2,0,3,0,2,3,2,N,N,39 59:46.447,75 10:20.414,1345, ,1337,1,1,4,N, ,3,Y, , , , , , , , ,2,0,0,0,0,0,1,1,0,0,1,0,2,1,1,0,0,0,0,0,0,0,0,0,0,0,0,0,0,0,0,0,0,0,0,3,0,39.9962,-75.1723, ,Philadelphia
2296,48325,2017043875,6,67,67301,2017,4,1,1852,18,1,1,0,4,1, , ,N,5,2,0,3,0,1,5,2,N,N,39 57:17.342,75 09:58.955,1856, ,1854, ,0, ,N, ,3, , , , , , , , , ,1,0,0,0,0,0,1,0,1,0,0,1,1,0,0,0,0,0,0,0,0,1,0,0,0,0,0,0,0,0,0,0,0,0,0,4,0,39.9548,-75.1664, ,Philadelphia
2297,48354,2017033562,6,67,67301,2017,2,3,104,1,3,1,1,1,1, , ,N,0,0,0,3,0,2,3,3,N,N,40 01:42.580,75 06:27.308,110, ,104,1,1,1,N, ,0,N, , , , , , , , ,3,1,0,0,0,0,2,0,0,0,0,2,2,0,0,0,0,0,0,0,0,0,0,2,0,0,0,0,0,0,0,0,0,0,0,4,0,40.0285,-75.1076, ,Philadelphia
2298,48360,2017052293,6,67,67301,2017,4,2,920,9,1,2,1,4,1, , ,N,1,2,0,3,0,0,2,2,N,N,39 57:24.530,75 14:37.903,924, ,924, ,0, ,N, ,3, , , , , , , , , ,2,2,0,0,0,0,0,0,0,0,0,0,0,0,0,0,0,1,0,0,0,0,0,0,0,0,0,0,0,0,0,0,0,0,0,0,0,39.9568,-75.2439, ,Philadelphia
2299,48371,2017050713,6,67,67301,2017,5,3,1426,14,1,1,0,1,1, , ,N,0,0,0,3,0,1,2,2,N,N,39 58:03.981,75 11:22.803,1439, ,1430, ,0, , , ,0, , , , , , , , , ,2,2,0,0,0,0,0,0,0,0,0,0,1,1,0,0,0,0,0,0,0,1,0,0,0,0,0,0,0,0,0,0,0,0,0,8,0,39.9678,-75.1897, ,Philadelphia
2300,48379,2017061699,6,67,67301,2017,4,7,1152,11,1,1,0,1,1, , ,N,0,0,0,3,0,0,4,2,N,N,39 58:36.486,75 06:50.046,1208, ,1152,2,1,2, , ,0,N, , , , , , , , ,2,2,0,0,0,0,0,0,0,0,0,0,0,0,0,0,0,0,0,0,1,0,0,0,0,0,0,0,0,0,0,0,0,0,0,0,0,39.9768,-75.114, ,Philadelphia
2301,48382,2017058319,6,67,67301,2017,5,5,652,6,1,1,0,1,1, , ,N,1,2,0,3,0,1,2,2,N,N,39 58:22.627,75 13:34.021,654, ,652,1,2,6,N, ,3,Y, , , , , , , , ,2,1,1,0,0,0,0,0,0,0,0,0,1,1,0,0,0,0,0,0,0,0,0,0,0,0,0,0,0,0,0,0,0,0,0,8,0,39.973,-75.2261, ,Philadelphia
2302,48421,2017055531,6,67,67301,2017,4,4,1835,18,1,1,0,4,1, , ,N,1,2,0,3,0,3,4,2,N, ,39 58:10.746,75 12:41.274,1846, ,1837, ,0, , , ,3, , , , , , , , , ,2,1,0,0,0,0,1,0,0,0,0,2,3,1,0,0,0,0,0,0,0,1,0,0,0,0,0,0,0,0,0,0,0,0,0,4,0,39.9697,-75.2115, ,Philadelphia
2303,48446,2017019040,6,67,67301,2017,1,6,216,2,3,1,0,4,1, , ,N,1,2,0,3,0,1,3,2,N,N,39 58:26.322,75 10:43.822,220, ,218,9,2,7,N, ,3,Y, , , , , , , , ,2,1,0,0,0,0,1,0,0,1,0,0,1,0,0,0,0,0,0,0,0,0,0,0,0,0,0,1,0,0,0,0,0,0,0,2,0,39.974,-75.1788, ,Philadelphia
2304,48465,2017037499,6,67,67301,2017,3,2,1440,14,1,1,0,4,1, , ,N,1,2,0,3,0,1,3,2,N,N,39 58:13.346,75 08:53.302,1444, ,1443, ,0, ,N, ,3, , , , , , , , , ,2,2,0,0,0,0,0,0,0,0,0,0,1,1,2,0,0,0,0,0,0,0,0,0,0,0,0,0,0,0,0,0,0,0,0,8,0,39.9704,-75.1482, ,Philadelphia
2305,41562,2017035722,6,67,67301,2017,3,7,130,1,3,1,0,4,1, , ,N,5,2,0,3,0,1,3,2,N,N,40 01:28.031,75 03:46.512,133, ,132, ,0, ,N, ,3, , , , , , , , , ,2,2,0,0,0,0,0,0,0,0,0,1,1,0,0,0,0,0,0,0,0,0,0,1,0,0,0,0,0,0,0,0,0,0,0,4,0,40.0244,-75.0628, ,Philadelphia
2306,41563,2017041307,6,67,67301,2017,4,3,20,0,3,2,1,4,1, , ,N,1,2,0,3,0,0,2,2,N,N,40 01:28.770,75 03:16.227,45, ,42, ,0, ,N, ,3, , , , , , , , , ,2,1,0,0,0,0,1,0,0,0,0,0,0,0,0,0,0,0,0,1,1,0,0,0,0,0,0,0,0,0,0,0,0,0,0,0,0,40.0247,-75.0545, ,Philadelphia
2307,41570,2017028939,6,67,67301,2017,2,2,500,5,5,1,0,0,1, , ,N,0,0,0,3,0,1,1,1,N,N,40 04:22.569,75 14:17.940,525, ,514,3,2,6,N, ,0,Y, , , , , , , , ,1,0,0,0,0,1,0,0,0,0,1,0,1,0,0,0,0,0,0,0,0,0,0,0,0,0,0,0,0,0,0,0,0,0,0,3,1,40.0729,-75.2383, ,Philadelphia
2308,41577,2017041396,6,67,67301,2017,4,7,1104,11,1,1,0,4,1, , ,N,1,2,0,3,0,2,3,2,N,N,39 55:14.279,75 10:13.546,1110, ,1106,1,1,1,N, ,3,Y, , , , , , , , ,2,1,0,0,0,0,1,0,0,0,0,2,2,0,0,0,0,0,0,0,0,0,0,0,0,0,0,0,0,0,0,0,0,0,0,4,0,39.9206,-75.1704, ,Philadelphia
2309,41606,2017041186,6,67,67301,2017,3,2,1355,13,1,1,0,4,1, , ,N,2,0,0,3,0,1,2,2,N,N,39 55:48.815,75 13:19.146,1405, ,1402, ,0, ,N, ,0, , , , , , , , , ,2,2,0,0,0,0,0,0,0,0,0,0,1,1,0,0,0,0,0,0,1,0,0,2,0,0,0,0,0,0,0,0,0,0,0,8,0,39.9302,-75.222, ,Philadelphia
2310,41608,2017041371,6,67,67301,2017,3,3,1527,15,1,2,1,1,1, , ,N,0,0,0,3,0,1,4,3,N, ,40 02:32.091,75 05:18.425,1533, ,1527,1,1,2, , ,0,N, , , , , , , , ,3,2,0,0,0,0,1,0,0,0,0,1,1,0,0,0,0,0,0,0,1,0,0,1,0,0,0,0,0,0,0,0,0,0,0,4,0,40.0422,-75.0885, ,Philadelphia
2311,41629,2017052260,6,67,67301,2017,4,4,1130,11,1,1,0,8,1, , ,N,0,0,0,3,0,1,2,2,N, ,40 03:59.179,75 09:28.536,1132, ,1130, ,0, , , ,0, , , , , , , , , ,1,1,0,0,0,0,0,0,0,0,0,1,1,0,0,0,0,0,0,0,0,0,0,0,0,0,0,0,0,0,0,0,1,0,0,4,0,40.0664,-75.1579, ,Philadelphia
2312,41636,2017055486,6,67,67301,2017,4,6,1457,14,1,1,0,5,1, , ,N,0,0,0,3,0,3,4,2,N, ,40 01:07.429,75 11:24.010,1521, ,1516,2,1,1, , ,0,N, , , , , , , , ,2,2,0,0,0,0,0,0,0,0,0,3,3,0,0,0,0,0,0,0,0,0,0,0,0,0,0,0,0,0,0,0,0,0,0,4,0,40.0187,-75.19, ,Philadelphia
2313,41654,2017039002,6,67,67301,2017,4,3,1639,16,1,1,0,1,1, , ,N,0,0,0,3,0,0,2,2,N,N,40 02:13.118,75 00:48.446,1658, ,1641, ,0, , , ,0, , , , , , , , , ,2,0,0,0,0,0,2,0,0,0,0,0,0,0,0,0,0,0,0,0,1,0,0,0,0,0,0,0,0,0,0,0,0,0,0,0,0,40.037,-75.0135, ,Philadelphia
2314,41676,2017067842,6,67,67301,2017,5,3,9999,99,1,2,1,8,1, , ,N,1,2,0,3,0,1,2,2,N,N,40 02:20.299,75 09:00.127,1146, ,1141,1,1,5,N, ,3,N, , , , , , , , ,1,0,0,0,0,0,0,1,0,0,0,0,1,1,0,0,0,0,0,0,0,0,0,0,0,0,0,0,0,0,0,0,1,0,0,8,0,40.039,-75.15, ,Philadelphia
2315,41694,2017001701,6,67,67301,2017,1,1,1615,16,1,1,0,1,1, , ,N,0,0,0,3,0,1,2,2,N,N,39 53:55.826,75 10:15.659,1615, ,1615, ,0, , , ,0, , , , , , , , , ,2,2,0,0,0,0,0,0,0,0,0,0,1,1,0,0,0,0,0,1,1,0,0,0,0,0,0,0,0,0,0,0,0,0,0,8,0,39.8988,-75.171, ,Philadelphia
2316,41698,2017060500,6,67,67301,2017,5,3,2237,22,3,1,0,1,1, , ,N,0,2,0,3,0,1,3,3,N, ,39 58:54.929,75 07:37.742,2239, ,2238,1,1,5, , ,3,Y, , , , , , , , ,3,2,0,0,0,0,1,0,0,0,0,0,1,1,0,0,0,1,0,0,0,0,0,0,0,0,0,0,0,0,0,0,0,0,0,8,0,39.9819,-75.1272, ,Philadelphia
2317,41700,2017060662,6,67,67301,2017,5,1,942,9,1,1,0,1,1, , ,N,1,2,0,3,0,2,5,3,N, ,40 04:15.122,75 14:28.540,943, ,942, ,0, , , ,3, , , , , , , , , ,3,1,0,0,0,0,1,1,0,0,0,0,2,2,0,0,0,0,0,0,0,1,0,5,0,0,0,0,0,0,0,0,0,0,0,8,0,40.0709,-75.2413, ,Philadelphia
2318,41708,2017076354,6,67,67301,2017,6,7,2330,23,3,2,1,4,1, , ,N,2,2,0,3,0,0,3,2,N,N,40 00:55.057,75 09:18.861,41, ,40, ,0, ,N, ,3, , , , , , , , , ,2,2,0,0,0,0,0,0,0,0,0,0,0,0,0,0,0,0,0,1,0,0,0,0,0,0,0,0,0,0,0,0,0,0,0,0,0,40.0152,-75.1552, ,Philadelphia
2319,41726,2017076215,6,67,67301,2017,6,6,2200,22,3,1,0,5,1, , ,N,5,2,8,3,0,0,3,2,N,N,39 57:28.590,75 09:50.929,2210, ,2207, ,0, , , ,3, , , , , , , , , ,2,2,0,0,0,0,0,0,0,0,0,0,0,0,0,0,0,0,0,0,1,0,0,0,0,0,0,0,0,0,0,0,0,0,0,0,0,39.9579,-75.1641, ,Philadelphia
2320,41743,2017012404,6,67,67301,2017,1,6,724,7,1,1,0,5,1, , ,N,0,0,0,3,0,1,2,2,N,N,40 00:40.080,75 03:42.481,734, ,727,2,1,2, , ,0,N, , , , , , , , ,2,2,0,0,0,0,0,0,0,0,0,0,1,1,0,0,0,0,0,0,0,1,0,0,0,0,0,0,0,0,0,0,0,0,0,8,0,40.0111,-75.0618, ,Philadelphia
2321,41768,2017021621,6,67,67301,2017,2,4,755,7,1,1,1,5,1, , ,N,0,0,0,3,0,1,2,2,N,N,39 56:52.072,75 10:16.510,810, ,806, ,0, ,N, ,0, , , , , , , , , ,1,1,0,0,0,0,0,0,1,0,0,1,1,0,0,0,0,0,0,0,0,0,0,1,0,0,0,0,0,0,0,0,0,0,0,4,0,39.9478,-75.1713, ,Philadelphia
2322,41773,2017028840,6,67,67301,2017,2,3,1515,15,1,1,0,1,1, , ,N,1,2,0,3,0,1,2,2,N, ,39 59:33.432,75 10:05.681,1530, ,1524, ,0, , , ,3, , , , , , , , , ,2,1,0,0,0,0,1,0,0,0,0,1,1,0,0,0,0,0,0,0,0,1,0,1,0,0,0,0,0,0,0,0,0,0,0,4,0,39.9926,-75.1682, ,Philadelphia
2323,45035,2017047228,6,67,67301,2017,5,3,858,8,1,1,0,1,1, , ,N,0,0,0,3,0,0,4,4,N,N,39 58:23.878,75 11:38.224,901, ,858, ,0, ,N, ,0, , , , , , , , , ,4,1,0,0,0,0,2,1,0,0,0,0,0,0,1,0,0,0,1,0,2,0,0,0,0,0,0,0,0,0,0,0,0,0,0,9,0,39.9733,-75.194, ,Philadelphia
2324,45044,2017031107,6,67,67301,2017,3,6,653,6,1,2,1,7,2, , ,N,0,0,0,3,0,0,1,1,N,N,39 55:24.001,75 08:51.402,653, ,653, ,0, , , ,0, , , , , , , , , ,1,1,0,0,0,0,0,0,0,0,0,0,0,0,0,0,0,0,0,0,0,0,0,0,0,0,0,0,0,0,0,0,0,0,0,0,0,39.9233,-75.1476, ,Philadelphia
2325,45050,2017053889,6,67,67301,2017,3,4,1851,18,3,1,0,1,1, , ,N,0,0,0,3,0,0,2,2,N,N,39 53:44.684,75 11:33.351,1941, ,1927, ,0, , , ,0, , , , , , , , , ,2,2,0,0,0,0,0,0,0,0,0,0,0,0,0,0,0,0,0,0,0,0,0,0,0,0,0,0,0,0,0,0,0,0,0,0,0,39.8957,-75.1926, ,Philadelphia
2326,45061,2017058845,6,67,67301,2017,5,3,1854,18,4,2,0,1,1, , ,N,0,0,0,3,0,0,2,2,N,N,39 57:06.190,75 10:56.941,1908, ,1858, ,0, , , ,0, , , , , , , , , ,2,2,0,0,0,0,0,0,0,0,0,0,0,0,0,0,0,1,0,0,0,0,0,0,0,0,0,0,0,0,0,0,0,0,0,0,0,39.9517,-75.1825, ,Philadelphia
2327,45087,2017021515,6,67,67301,2017,2,5,1240,12,1,1,0,6,1, , ,N,0,0,0,3,0,1,3,5,N,N,40 02:52.406,75 05:33.327,1255, ,1246, ,0, , , ,0, , , , , , , , , ,5,3,0,0,0,1,1,0,0,0,0,1,1,0,0,0,0,0,0,0,0,0,0,0,0,0,0,0,0,0,0,0,0,0,0,4,0,40.0479,-75.0926, ,Philadelphia
2328,45104,2017058375,6,67,67301,2017,5,6,1410,14,1,1,0,1,1, , ,N,0,0,0,3,0,1,2,2,N, ,40 03:14.277,75 14:09.754,1505, ,1458, ,0, , , ,0, , , , , , , , , ,2,2,0,0,0,0,0,0,0,0,0,0,1,1,0,0,0,0,0,0,0,0,1,0,0,0,0,0,0,0,0,0,0,0,0,8,0,40.054,-75.236, ,Philadelphia
2329,45112,2017055554,6,67,67301,2017,4,7,959,9,1,1,0,4,1, , ,N,2,2,0,3,0,1,2,2,N,N,39 56:59.982,75 08:27.510,1002, ,959,1,1,2, , ,3,N, , , , , , , , ,2,2,0,0,0,0,0,0,0,0,0,0,1,1,0,0,0,0,0,0,0,0,0,0,0,0,0,0,0,0,0,0,0,0,0,8,0,39.95,-75.1407, ,Philadelphia
2330,45138,2017041281,6,67,67301,2017,4,4,2230,22,3,1,0,4,1, , ,N,1,2,0,3,0,1,2,2,N,N,40 03:08.339,75 00:28.750,2258, ,2253,2,2,1,N, ,3,N, , , , , , , , ,2,1,1,0,0,0,0,0,0,0,1,0,1,0,0,0,0,0,0,0,0,0,0,0,0,0,0,0,0,0,0,0,0,0,0,3,0,40.0523,-75.008, ,Philadelphia
2331,45142,2017029018,6,67,67301,2017,2,2,9999,99,1,1,0,8,1, , ,N,0,0,0,3,0,1,2,2,N, ,40 05:19.140,75 03:13.305,9999, ,1508, ,0, ,N, ,0, , , , , , , , , ,1,1,0,0,0,0,0,0,0,0,0,1,1,0,0,0,0,0,0,0,0,0,0,0,0,0,0,0,0,0,0,0,1,0,0,4,0,40.0887,-75.0537, ,Philadelphia
2332,45143,2017029017,6,67,67301,2017,2,3,1540,15,1,1,0,1,1, , ,N,1,2,3,3,0,0,2,2,N,N,39 57:26.576,75 09:37.143,1544, ,1542,2,2,3, , ,3,N, , , , , , , , ,2,2,0,0,0,0,0,0,0,0,0,0,0,0,1,0,0,0,0,0,0,0,0,0,0,0,0,0,0,0,0,0,0,0,0,9,0,39.9574,-75.1603, ,Philadelphia
2333,45166,2017070991,6,67,67301,2017,1,5,1730,17,3,1,0,5,1, , ,N,0,0,0,3,0,2,3,2,N,N,39 57:58.200,75 12:10.100,0, ,0, ,0, ,N, ,0, , , , , , , , , ,2,1,0,0,0,0,0,1,0,0,0,0,2,2,0,0,0,0,0,0,1,0,0,1,0,0,0,0,0,0,0,0,0,0,0,8,0,39.9662,-75.2028, ,Philadelphia
2334,45173,2017010665,6,67,67301,2017,1,4,2100,21,3,1,0,4,1, , ,N,0,2,0,3,0,1,2,4,N,N,39 59:39.295,75 09:25.103,2115, ,2112,2,1,6,N, ,3,Y, , , , , , , , ,4,4,0,0,0,0,0,0,0,0,0,0,1,1,0,0,1,0,0,0,1,0,0,0,0,0,0,0,0,0,0,0,0,0,0,8,0,39.9942,-75.157, ,Philadelphia
2335,45181,2017041161,6,67,67301,2017,3,2,135,1,3,2,1,5,6, , ,N,0,0,0,3,0,0,2,3,N,N,40 03:08.351,75 07:14.606,158, ,151, ,0, ,N, ,0, , , , , , , , , ,3,2,0,0,0,0,1,0,0,0,0,0,0,0,0,0,0,0,0,0,0,0,0,0,0,0,0,0,0,0,0,0,0,0,0,0,0,40.0523,-75.1207, ,Philadelphia
2336,45189,2017028951,6,67,67301,2017,2,5,1539,15,1,1,0,1,1, , ,N,1,2,0,3,0,0,3,2,Y,N,40 00:44.009,75 09:01.745,1542, ,1541,1,2,1,N, ,3,Y, , , , , , , , ,2,1,0,1,0,0,0,0,0,0,0,0,0,0,0,0,0,0,0,0,1,0,0,0,0,0,0,0,0,0,0,0,0,0,0,0,1,40.0122,-75.1505, ,Philadelphia
2337,45190,2017041400,6,67,67301,2017,4,2,655,6,5,1,0,4,1, , ,N,0,0,0,3,0,0,2,2,N,N,40 02:10.018,75 03:54.578,704, ,658,1,1,1,N, ,0,N, , , , , , , , ,2,2,0,0,0,0,0,0,0,0,0,0,0,0,0,0,0,0,0,0,0,0,0,0,0,0,0,0,0,0,0,0,0,0,0,0,0,40.0361,-75.0652, ,Philadelphia
2338,45197,2017018985,6,67,67301,2017,2,6,2307,23,3,1,0,7,4, , ,N,1,2,0,3,0,1,1,1,N,N,40 05:33.241,75 03:57.765,2335, ,2315, ,0, ,N, ,3, , , , , , , , , ,1,0,0,0,0,0,1,0,0,0,0,1,1,0,0,0,0,0,0,0,1,0,0,0,0,0,0,0,0,0,0,0,0,0,0,4,0,40.0926,-75.066, ,Philadelphia
2339,45202,2017052288,6,67,67301,2017,4,7,2100,21,3,1,0,4,1, , ,N,0,0,7,3,0,1,3,2,N,N,39 56:17.026,75 10:08.104,2129, ,2126,2,1,4,N, ,0,N, , , , , , , , ,2,1,0,0,0,0,1,0,0,0,0,1,1,0,0,0,0,0,0,0,1,0,0,0,0,0,0,0,0,0,0,0,0,0,0,4,0,39.9381,-75.1689, ,Philadelphia
2340,45203,2017048637,6,67,67301,2017,4,5,2110,21,3,1,0,1,1, , ,N,0,0,0,3,0,0,5,2,N,N,39 58:30.690,75 06:59.878,2124, ,2112, ,0, , , ,0, , , , , , , , , ,2,0,0,0,0,0,2,0,0,0,0,0,0,0,0,0,0,0,0,0,0,0,0,0,0,0,0,0,0,0,0,0,0,0,0,0,0,39.9752,-75.1166, ,Philadelphia
2341,51432,2017051389,6,67,67301,2017,5,7,720,7,1,1,0,4,1, , ,N,1,2,0,3,0,1,2,2,N,N,39 58:40.558,75 09:09.344,728, ,725, ,0, ,N, ,3, , , , , , , , , ,2,2,0,0,0,0,0,0,0,0,0,0,1,1,0,0,0,0,0,0,0,0,0,0,0,0,0,0,0,0,0,0,0,0,0,8,0,39.978,-75.1526, ,Philadelphia
2342,51446,2017084949,6,67,67301,2017,8,5,730,7,1,1,0,4,1, , ,N,0,0,0,3,0,1,2,2,N,N,39 57:43.477,75 08:23.631,741, ,732,1,2,2, , ,0,Y, , , , , , , , ,2,2,0,0,0,0,0,0,0,0,1,0,1,0,1,0,0,0,0,0,0,0,0,0,0,0,0,0,0,0,0,0,0,0,0,3,0,39.9621,-75.1399, ,Philadelphia
2343,51455,2017120526,6,67,67301,2017,10,2,1000,10,1,6,1,8,1, , ,N,1,2,0,3,0,1,2,2,N, ,39 58:45.509,75 09:45.755,1030, ,1000,9,1,6, , ,3,Y, , , , , , , , ,1,1,0,0,0,0,0,0,0,0,0,1,1,0,0,0,0,0,0,0,0,0,0,0,0,0,0,0,0,0,0,0,1,0,0,4,0,39.9793,-75.1627, ,Philadelphia
2344,51459,2017115903,6,67,67301,2017,10,2,1716,17,1,1,0,8,1, , ,N,0,0,0,3,0,1,2,2,N,N,39 58:16.121,75 14:41.827,1719, ,1718, ,0, ,N, ,0, , , , , , , , , ,1,0,0,0,0,1,0,0,0,0,0,0,1,1,0,0,0,0,0,0,0,0,0,0,0,0,0,0,0,0,0,0,1,0,0,8,1,39.9711,-75.245, ,Philadelphia
2345,51481,2017055590,6,67,67301,2017,4,4,830,8,1,2,1,8,1, , ,N,0,0,0,3,0,1,2,3,N, ,39 57:52.149,75 14:10.375,900, ,832, ,0, , , ,0, , , , , , , , , ,2,2,0,0,0,0,0,0,0,0,0,1,1,0,0,0,0,1,0,0,0,0,0,1,0,0,0,0,0,0,0,0,1,0,0,4,0,39.9645,-75.2362, ,Philadelphia