objectid_1,objectid,crn,district,county,municipality,crash_year,crash_month,day_of_week,time_of_day,hour_of_day,illumination,weather,road_condition,collision_type,relation_to_road,work_zone_type,work_zone_loc,work_zone_ind,intersect_type,tcd_type,location_type,urban_rural,fatal_count,injury_count,person_count,total_units,sch_bus_ind,sch_zone_ind,latitude,longitude,arrival_tm,cons_zone_spd_lim,dispatch_tm,est_hrs_closed,lane_closed,ln_close_dir,ntfy_hiwy_maint,spec_juris_cd,tcd_func_cd,tfc_detour_ind,workers_pres,wz_close_detour,wz_flagger,wz_law_offcr_ind,wz_ln_closure,wz_moving,wz_other,wz_shlder_mdn,vehicle_count,automobile_count,motorcycle_count,bus_count,small_truck_count,heavy_truck_count,suv_count,van_count,bicycle_count,maj_inj_count,mod_inj_count,min_inj_count,tot_inj_count,unk_inj_deg_count,unk_inj_per_count,driver_count_16yr,driver_count_17yr,driver_count_18yr,driver_count_19yr,driver_count_20yr,driver_count_50_64yr,driver_count_65_74yr,driver_count_75plus,unbelted_occ_count,unb_death_count,unb_maj_inj_count,belted_death_count,belted_maj_inj_count,mcycle_death_count,mcycle_maj_inj_count,bicycle_death_count,bicycle_maj_inj_count,ped_count,ped_death_count,ped_maj_inj_count,max_severity_level,comm_veh_count,dec_lat,dec_long,rdwy_surf_type_cd,county_name
2672,42919,2017018994,6,67,67301,2017,2,7,1910,19,3,1,0,7,5, , ,N,1,2,0,3,0,0,1,1,N, ,40 02:11.152,75 07:49.835,1910, ,1910, ,0, , , ,3, , , , , , , , , ,1,1,0,0,0,0,0,0,0,0,0,0,0,0,0,0,0,0,0,0,1,0,0,0,0,0,0,0,0,0,0,0,0,0,0,0,0,40.0364,-75.1305, ,Philadelphia
2673,42927,2017021603,6,67,67301,2017,2,1,250,2,3,1,0,4,1, , ,N,1,2,0,3,0,0,4,2,N, ,39 59:10.572,75 09:22.129,325, ,321,1,1,2, , ,3,N, , , , , , , , ,2,2,0,0,0,0,0,0,0,0,0,0,0,0,0,0,0,0,0,0,0,0,0,0,0,0,0,0,0,0,0,0,0,0,0,0,0,39.9863,-75.1561, ,Philadelphia
2674,42953,2017021988,6,67,67301,2017,2,5,500,5,3,1,0,7,5, , ,N,0,0,0,3,0,0,1,1,N,N,39 55:41.214,75 13:50.178,511, ,511, ,0, ,N, ,0, , , , , , , , , ,1,1,0,0,0,0,0,0,0,0,0,0,0,0,0,0,0,0,0,0,0,0,0,0,0,0,0,0,0,0,0,0,0,0,0,0,0,39.9281,-75.2306, ,Philadelphia
2675,42955,2017019119,6,67,67301,2017,1,5,1215,12,1,1,0,7,5, , ,N,2,0,0,3,0,0,1,1,N,N,40 05:51.918,75 02:51.766,1245, ,1240, ,0, ,N, ,0, , , , , , , , , ,1,1,0,0,0,0,0,0,0,0,0,0,0,0,0,0,0,0,0,0,1,0,0,0,0,0,0,0,0,0,0,0,0,0,0,0,0,40.0978,-75.0477, ,Philadelphia
2676,42965,2017043789,6,67,67301,2017,4,4,1630,16,1,1,0,4,1, , ,N,1,2,0,3,0,1,4,2,N,N,40 02:14.686,75 10:54.569,1638, ,1632, ,0, ,N, ,3, , , , , , , , , ,2,1,0,0,0,0,0,1,0,0,0,0,1,1,1,0,0,0,0,0,1,0,0,0,0,0,0,0,0,0,0,0,0,0,0,8,0,40.0374,-75.1818, ,Philadelphia
2677,42978,2017060541,6,67,67301,2017,5,7,1142,11,1,2,1,4,1, , ,N,1,2,0,3,0,1,2,2,N,N,39 59:24.720,75 09:43.023,1202, ,1201, ,0, ,N, ,3, , , , , , , , , ,2,1,0,0,0,0,1,0,0,0,0,0,1,1,0,0,0,0,1,0,1,0,0,0,0,0,0,0,0,0,0,0,0,0,0,8,0,39.9902,-75.162, ,Philadelphia
2678,42980,2017060558,6,67,67301,2017,5,2,1745,17,1,1,0,8,1, , ,N,0,0,0,3,0,1,2,2,N, ,40 02:21.130,75 01:03.328,1949, ,1946, ,0, , , ,0, , , , , , , , , ,1,0,0,0,0,0,1,0,0,0,0,0,1,1,0,0,0,0,0,0,0,0,0,0,0,0,0,0,0,0,0,0,1,0,0,8,0,40.0392,-75.0176, ,Philadelphia
2679,43007,2017037058,6,67,67301,2017,3,1,621,6,3,1,0,7,4, , ,N,0,0,0,3,0,0,1,1,N,N,39 57:43.129,75 10:56.971,634, ,621,2,1,4, , ,0,N, , , , , , , , ,1,1,0,0,0,0,0,0,0,0,0,0,0,0,0,0,0,0,0,0,0,0,0,0,0,0,0,0,0,0,0,0,0,0,0,0,0,39.9612,-75.1819, ,Philadelphia
2680,43015,2017037467,6,67,67301,2017,3,1,1700,17,1,1,0,4,1, , ,N,1,2,0,3,0,2,3,2,N,N,39 59:27.061,75 09:18.508,1705, ,1701,2,2,1,N, ,3,Y, , , , , , , , ,2,2,0,0,0,0,0,0,0,0,0,2,2,0,0,0,0,0,0,0,0,0,0,3,0,0,0,0,0,0,0,0,0,0,0,4,0,39.9909,-75.1551, ,Philadelphia
2681,43021,2017028883,6,67,67301,2017,2,6,1137,11,1,1,0,8,1, , ,N,1,3,0,3,0,1,3,2,N,N,39 57:53.649,75 09:33.990,1141, ,1137, ,0, , , ,3, , , , , , , , , ,1,1,0,0,0,0,0,0,0,0,0,1,1,0,2,0,0,0,0,0,0,0,0,0,0,0,0,0,0,0,0,0,1,0,0,4,0,39.9649,-75.1594, ,Philadelphia
2682,43025,2017039553,6,67,67301,2017,4,6,1916,19,3,1,0,0,1, , ,N,0,0,0,3,0,0,2,2,N,N,39 58:37.757,75 11:56.686,1940, ,1916, ,0, , , ,0, , , , , , , , , ,2,2,0,0,0,0,0,0,0,0,0,0,0,0,0,0,0,0,0,0,2,0,0,0,0,0,0,0,0,0,0,0,0,0,0,0,0,39.9769,-75.1976, ,Philadelphia
2683,46113,2017021530,6,67,67301,2017,2,7,1715,17,3,1,0,4,1, , ,N,0,0,0,3,0,0,4,2,N,N,39 56:24.581,75 11:52.488,1733, ,1718,3,2,1,N, ,0,N, , , , , , , , ,2,2,0,0,0,0,0,0,0,0,0,0,0,0,0,0,0,0,0,0,0,1,0,0,0,0,0,0,0,0,0,0,0,0,0,0,0,39.9402,-75.1979, ,Philadelphia
2684,46118,2017052447,6,67,67301,2017,4,7,212,2,3,1,0,4,1, , ,N,1,3,0,3,0,1,3,2,N,N,40 03:04.953,75 07:27.570,215, ,212, ,0, ,N, ,3, , , , , , , , , ,2,1,0,0,0,0,1,0,0,0,0,0,1,1,0,0,0,0,0,0,0,0,0,2,0,0,0,0,0,0,0,0,0,0,0,8,0,40.0514,-75.1243, ,Philadelphia
2685,46138,2017033505,6,67,67301,2017,2,4,1811,18,3,1,0,1,1, , ,N,0,0,0,3,0,1,4,2,N,N,40 05:12.505,75 04:28.210,1820, ,1811,1,1,2, , ,0,N, , , , , , , , ,2,0,0,0,0,0,2,0,0,0,0,0,1,1,0,0,1,0,0,0,0,0,0,0,0,0,0,0,0,0,0,0,0,0,0,8,0,40.0868,-75.0745, ,Philadelphia
2686,46140,2017043242,6,67,67301,2017,4,6,2113,21,3,1,0,7,2, , ,N,0,8,0,3,0,0,3,3,N,N,39 57:33.624,75 10:24.746,2125, ,2117,2,2,4, , ,3,N, , , , , , , , ,3,3,0,0,0,0,0,0,0,0,0,0,0,0,0,0,0,0,0,1,0,0,0,0,0,0,0,0,0,0,0,0,0,0,0,0,0,39.9593,-75.1735, ,Philadelphia
2687,46185,2017010616,6,67,67301,2017,1,1,302,3,3,4,5,2,6, , ,N,0,0,0,3,0,1,1,3,N,N,40 01:51.927,75 07:03.777,341, ,337,1,2,5,N, ,0,N, , , , , , , , ,3,2,0,0,0,0,1,0,0,0,1,0,1,0,0,0,0,0,0,1,0,0,0,0,0,0,0,0,0,0,0,0,0,0,0,3,0,40.0311,-75.1177, ,Philadelphia
2688,46199,2017041124,6,67,67301,2017,4,2,1522,15,1,1,0,5,1, , ,N,0,0,6,3,0,3,7,3,N, ,40 04:04.089,75 02:25.879,1526, ,1522,3,1,2, , ,0,N, , , , , , , , ,3,1,0,0,0,0,2,0,0,0,3,0,3,0,1,0,0,1,0,0,0,0,0,5,0,0,0,0,0,0,0,0,0,0,0,3,0,40.0678,-75.0405, ,Philadelphia
2689,46200,2017035816,6,67,67301,2017,3,7,2030,20,3,1,0,7,5, , ,N,0,0,0,3,0,0,1,1,N,N,40 06:30.092,75 00:37.443,2038, ,2030, ,0, ,N, ,0, , , , , , , , , ,1,0,0,0,0,0,1,0,0,0,0,0,0,0,0,0,0,0,0,0,0,0,0,0,0,0,0,0,0,0,0,0,0,0,0,0,0,40.1084,-75.0104, ,Philadelphia
2690,46201,2017041275,6,67,67301,2017,4,4,912,9,1,1,1,1,1, , ,N,0,0,0,3,0,0,4,4,N,N,40 00:52.948,75 10:40.957,934, ,912, ,0, , , ,0, , , , , , , , , ,4,1,0,0,1,0,2,0,0,0,0,0,0,0,0,0,0,0,0,0,1,0,0,1,0,0,0,0,0,0,0,0,0,0,0,0,0,40.0147,-75.178, ,Philadelphia
2691,46207,2017052174,6,67,67301,2017,4,2,1845,18,1,1,0,4,1, , ,N,1,2,0,3,0,2,3,2,N, ,40 00:10.828,75 09:04.647,1900, ,1850, ,0, , , ,3, , , , , , , , , ,2,2,0,0,0,0,0,0,0,0,2,0,2,0,1,0,0,0,0,0,0,0,0,0,0,0,0,0,0,0,0,0,0,0,0,3,0,40.003,-75.1513, ,Philadelphia
2692,46239,2017033580,6,67,67301,2017,2,5,1630,16,1,1,0,4,1, , ,N,2,2,0,3,0,2,3,2,N,N,39 56:24.382,75 12:02.446,1743, ,1732, ,0, ,N, ,3, , , , , , , , , ,2,1,0,0,0,0,1,0,0,0,0,2,2,0,0,0,0,0,0,0,1,0,0,0,0,0,0,0,0,0,0,0,0,0,0,4,0,39.9401,-75.2007, ,Philadelphia
2693,46241,2017041220,6,67,67301,2017,4,1,2123,21,3,1,0,5,6, , ,N,0,0,0,3,0,1,1,2,N, ,40 01:19.370,75 04:07.773,2353, ,2350, ,0, , , ,0, , , , , , , , , ,2,1,0,0,0,0,1,0,0,0,0,1,1,0,0,0,0,0,0,0,1,0,0,0,0,0,0,0,0,0,0,0,0,0,0,4,0,40.022,-75.0688, ,Philadelphia
2694,46244,2017041415,6,67,67301,2017,4,7,2244,22,3,1,0,7,3, , ,N,0,0,0,3,0,1,1,2,N,N,40 01:46.515,75 04:00.082,2314, ,2309, ,0, ,N, ,0, , , , , , , , , ,1,0,0,0,0,0,1,0,0,0,0,1,1,0,0,0,0,0,0,0,0,0,0,0,0,0,0,0,0,0,0,0,0,0,0,4,0,40.0296,-75.0667, ,Philadelphia
2695,46247,2017028871,6,67,67301,2017,2,2,1400,14,1,1,0,1,1, , ,N,0,0,0,3,0,1,5,4,N, ,40 00:06.307,75 09:14.787,1400, ,1400, ,0, , , ,0, , , , , , , , , ,4,3,0,0,0,0,1,0,0,0,0,1,1,0,0,0,0,0,0,0,1,0,0,5,0,0,0,0,0,0,0,0,0,0,0,4,0,40.0018,-75.1541, ,Philadelphia
2696,46256,2017052903,6,67,67301,2017,5,1,1130,11,1,1,0,1,1, , ,N,0,0,0,3,0,0,3,3,N,N,39 57:57.626,75 11:12.299,1144, ,1133, ,0, , , ,0, , , , , , , , , ,3,3,0,0,0,0,0,0,0,0,0,0,0,0,0,0,0,0,0,0,0,0,0,0,0,0,0,0,0,0,0,0,0,0,0,0,0,39.966,-75.1867, ,Philadelphia
2697,46283,2017043562,6,67,67301,2017,4,7,1323,13,1,2,1,1,1, , ,N,0,0,0,3,0,0,2,2,N,N,39 57:33.712,75 08:25.957,1342, ,1325, ,0, , , ,0, , , , , , , , , ,2,0,0,0,0,0,1,1,0,0,0,0,0,0,0,0,0,0,0,0,0,0,0,0,0,0,0,0,0,0,0,0,0,0,0,0,0,39.9594,-75.1405, ,Philadelphia
2698,46292,2017033034,6,67,67301,2017,2,5,9999,99,1,1,0,1,1, , ,N,5,2,0,3,0,0,4,3,N,N,39 58:43.899,75 07:06.901,9999, ,9999, ,0, ,N, ,3, , , , , , , , , ,3,1,0,0,0,0,2,0,0,0,0,0,0,0,0,0,0,0,0,0,1,0,0,0,0,0,0,0,0,0,0,0,0,0,0,0,0,39.9788,-75.1186, ,Philadelphia
2699,46296,2017028974,6,67,67301,2017,2,1,348,3,3,1,0,7,4, , ,N,1,2,0,3,0,1,1,1,N, ,40 03:17.448,75 10:08.247,9999, ,9999, ,0, , , ,3, , , , , , , , , ,1,0,0,0,0,0,1,0,0,0,0,1,1,0,0,0,0,0,0,0,0,0,0,1,0,0,0,0,0,0,0,0,0,0,0,4,0,40.0548,-75.169, ,Philadelphia
2700,46337,2017043778,6,67,67301,2017,4,6,1335,13,1,1,0,4,1, , ,N,1,2,0,3,0,0,1,3,N,N,39 58:02.064,75 10:12.572,1345, ,1345,1,2,1,N, ,3,Y, , , , , , , , ,3,2,0,0,0,0,1,0,0,0,0,0,0,0,0,0,0,0,0,0,0,0,0,1,0,0,0,0,0,0,0,0,0,0,0,0,0,39.9672,-75.1702, ,Philadelphia
2701,52426,2017086721,6,67,67301,2017,3,3,630,6,5,3,4,4,1, , ,N,5,2,8,3,0,0,2,2,N, ,39 57:27.542,75 09:44.544,730, ,9999, ,0, , , ,3, , , , , , , , , ,2,1,0,0,0,0,1,0,0,0,0,0,0,0,0,0,0,0,0,0,1,0,0,0,0,0,0,0,0,0,0,0,0,0,0,0,0,39.9577,-75.1624, ,Philadelphia
2702,52434,2017109841,6,67,67301,2017,9,7,1129,11,1,1,0,4,1, , ,N,1,2,0,3,0,2,4,2,N,N,40 01:36.153,75 07:02.268,1135, ,1129, ,0, ,N, ,3, , , , , , , , , ,2,0,0,0,0,0,2,0,0,0,0,2,2,0,0,0,0,0,0,0,1,0,0,0,0,0,0,0,0,0,0,0,0,0,0,4,0,40.0267,-75.1173, ,Philadelphia
2703,52451,2017091683,6,67,67301,2017,8,1,420,4,3,1,0,5,6, , ,N,0,0,0,3,0,0,1,3,N,N,39 54:58.618,75 09:34.977,435, ,425,3,2,1,N, ,0,Y, , , , , , , , ,3,0,0,0,0,0,3,0,0,0,0,0,0,0,1,0,0,0,0,0,0,0,0,0,0,0,0,0,0,0,0,0,0,0,0,9,0,39.9163,-75.1597, ,Philadelphia
2704,52462,2017105896,6,67,67301,2017,9,6,234,2,3,1,0,5,1, , ,N,0,0,0,3,0,0,2,2,N,N,40 01:46.479,75 06:10.356,307, ,234,1,1,2,N, ,0,N, , , , , , , , ,2,1,0,0,0,0,0,0,0,0,0,0,0,0,0,0,0,0,0,0,0,0,0,0,0,0,0,0,0,0,0,0,0,0,0,0,0,40.0296,-75.1029, ,Philadelphia
2705,52472,2017112639,6,67,67301,2017,10,6,605,6,3,1,0,1,4, , ,N,0,0,0,3,0,2,2,3,Y,N,39 55:11.334,75 12:45.046,730, ,715,4,2,2,N, ,0,Y, , , , , , , , ,3,1,0,1,0,1,0,0,0,0,0,0,2,2,0,0,0,0,0,0,1,0,0,0,0,0,0,0,0,0,0,0,0,0,0,8,2,39.9198,-75.2125, ,Philadelphia
2706,52474,2017096595,6,67,67301,2017,9,1,835,8,1,2,1,5,6, , ,N,0,0,0,3,0,1,1,2,N, ,40 00:59.171,75 03:41.834,842, ,839, ,0, , , ,0, , , , , , , , , ,2,1,0,0,0,0,1,0,0,0,0,1,1,0,0,0,0,0,0,0,1,0,0,0,0,0,0,0,0,0,0,0,0,0,0,4,0,40.0164,-75.0616, ,Philadelphia
2707,52492,2017052385,6,67,67301,2017,5,4,1700,17,1,1,0,8,1, , ,N,0,0,0,3,0,1,2,2,N,N,39 58:10.528,75 12:42.729,1734, ,1711, ,0, ,N, ,0, , , , , , , , , ,1,1,0,0,0,0,0,0,0,0,0,0,1,1,0,0,0,0,0,0,0,0,0,0,0,0,0,0,0,0,0,0,1,0,0,8,0,39.9696,-75.2119, ,Philadelphia
2708,52499,2017007792,6,67,67301,2017,1,3,1750,17,2,2,1,8,1, , ,N,2,0,0,3,0,1,2,2,N,N,40 03:18.500,75 08:27.970,2145, ,1750, ,0, ,N, ,0, , , , , , , , , ,1,0,0,0,0,0,1,0,0,0,1,0,1,0,0,0,0,0,0,0,0,0,0,0,0,0,0,0,0,0,0,0,1,0,0,3,0,40.0551,-75.1411, ,Philadelphia
2709,52504,2017034131,6,67,67301,2017,3,6,755,7,1,2,1,5,1, , ,N,1,2,0,3,0,0,3,2,N,N,39 58:38.270,75 09:29.632,820, ,830, ,0, ,N, ,3, , , , , , , , , ,2,1,0,0,0,0,1,0,0,0,0,0,0,0,3,0,0,0,0,0,1,0,0,0,0,0,0,0,0,0,0,0,0,0,0,9,0,39.9773,-75.1581, ,Philadelphia
2710,52526,2017052350,6,67,67301,2017,5,4,2058,20,3,1,0,7,5, , ,N,0,0,0,3,0,2,3,2,N,N,40 00:30.934,75 09:23.011,9999, ,2058,1,2,5,N, ,0,Y, , , , , , , , ,1,1,0,0,0,0,0,0,0,0,0,1,2,1,1,0,0,0,0,0,0,0,0,0,0,0,0,0,0,0,0,0,0,0,0,4,0,40.0086,-75.1564, ,Philadelphia
2711,52540,2017007896,6,67,67301,2017,1,4,1250,12,1,1,0,1,1, , ,N,1,2,0,3,0,43,45,2,N,N,39 57:36.933,75 11:48.747,1255, ,1255,3,2,6, , ,3,Y, , , , , , , , ,2,0,0,0,0,0,0,0,0,0,43,0,43,0,0,0,0,0,0,0,1,0,0,0,0,0,0,0,0,0,0,0,0,0,0,3,0,39.9603,-75.1969, ,Philadelphia
2712,52553,2017088947,6,67,67301,2017,8,4,1345,13,1,2,1,4,1, , ,N,2,3,0,3,0,1,2,2,N,N,40 01:48.730,75 07:50.995,1643, ,1349, ,0, , , ,3, , , , , , , , , ,2,0,0,0,0,1,0,1,0,0,0,0,1,1,0,0,0,0,0,0,0,0,0,1,0,0,0,0,0,0,0,0,0,0,0,8,1,40.0302,-75.1308, ,Philadelphia
2713,52596,2017067904,6,67,67301,2017,6,5,2222,22,3,1,0,1,1, , ,N,1,2,0,3,0,1,2,2,N,N,39 58:43.230,75 09:28.092,2222, ,2222, ,0, ,N, ,3, , , , , , , , , ,1,1,0,0,0,0,0,0,1,0,0,1,1,0,0,0,0,0,0,0,0,0,0,0,0,0,0,0,0,0,0,0,0,0,0,4,0,39.9787,-75.1578, ,Philadelphia
2714,52597,2017076359,6,67,67301,2017,6,1,1005,10,1,1,0,8,1, , ,N,1,2,0,3,0,1,2,2,N,N,40 00:31.666,75 08:51.441,1015, ,1011, ,0, ,N, ,3, , , , , , , , , ,1,1,0,0,0,0,0,0,0,0,0,0,1,1,0,0,0,0,0,0,0,0,0,1,0,0,0,0,0,0,0,0,1,0,0,8,0,40.0088,-75.1476, ,Philadelphia
2715,52623,2017120562,6,67,67301,2017,10,6,2230,22,3,9,0,8,1, , ,N,1,0,0,3,0,1,2,2,N,N,40 03:30.663,75 04:43.841,1100, ,1048, ,0, ,N, ,0, , , , , , , , , ,1,1,0,0,0,0,0,0,0,0,0,1,1,0,0,0,0,0,0,0,1,0,0,1,0,0,0,0,0,0,0,0,1,0,0,4,0,40.0585,-75.0788, ,Philadelphia
2716,52645,2017080274,6,67,67301,2017,7,5,1654,16,1,1,0,5,1, , ,N,0,0,0,3,0,1,2,2,N,N,40 00:28.660,75 12:05.862,1704, ,1655, ,0, , , ,0, , , , , , , , , ,2,1,0,0,0,1,0,0,0,0,0,0,1,1,0,0,0,0,0,0,1,0,0,0,0,0,0,0,0,0,0,0,0,0,0,8,1,40.008,-75.2016, ,Philadelphia
2717,52654,2017105872,6,67,67301,2017,9,6,1255,12,1,1,0,8,1, , ,N,0,0,0,3,0,1,2,2,N, ,39 58:44.996,75 09:41.779,1302, ,1257, ,0, ,N, ,0, , , , , , , , , ,1,0,0,0,0,0,1,0,0,0,1,0,1,0,0,0,0,0,0,0,1,0,0,0,0,0,0,0,0,0,0,0,1,0,0,3,0,39.9792,-75.1616, ,Philadelphia
2718,52663,2017120646,6,67,67301,2017,10,5,1410,14,1,1,0,8,1, , ,N,1,3,0,3,0,1,2,2,N,N,40 02:25.101,75 03:18.208,1753, ,1743, ,0, , , ,3, , , , , , , , , ,1,0,0,0,0,0,1,0,0,0,0,1,1,0,0,0,0,0,0,0,1,0,0,0,0,0,0,0,0,0,0,0,1,0,0,4,0,40.0403,-75.0551, ,Philadelphia
2719,49645,2017109772,6,67,67301,2017,9,5,1656,16,1,1,0,4,1, , ,N,1,2,0,3,0,2,2,2,N, ,40 02:44.514,75 01:53.568,1740, ,1735, ,0, , , ,3, , , , , , , , , ,2,0,0,0,0,0,2,0,0,0,0,0,2,2,0,0,0,0,0,0,1,0,0,0,0,0,0,0,0,0,0,0,0,0,0,8,0,40.0457,-75.0315, ,Philadelphia
2720,49649,2017056329,6,67,67301,2017,5,2,1022,10,1,1,0,1,1, , ,N,0,0,0,3,0,1,4,3,N,N,39 59:54.874,75 04:52.059,1032, ,1022,3,2,2, , ,0,N, , , , , , , , ,3,2,0,0,0,0,0,1,0,0,0,0,1,1,0,0,0,0,0,0,1,0,0,0,0,0,0,0,0,0,0,0,0,0,0,8,0,39.9986,-75.0811, ,Philadelphia
2721,49675,2017096402,6,67,67301,2017,7,6,1445,14,1,1,0,8,1, , ,N,1,2,0,3,1,0,3,2,N,N,40 02:12.235,75 03:52.193,1458, ,1453,3,2,2,N,0,3,Y, , , , , , , , ,1,1,0,0,0,0,0,0,0,0,0,0,0,0,0,0,0,0,0,0,0,0,0,1,0,0,0,0,0,0,0,0,1,1,0,1,0,40.0367,-75.0645,2,Philadelphia
2722,49680,2017123744,6,67,67301,2017,10,2,1133,11,1,6,1,5,1, , ,N,0,0,0,3,0,0,3,3,N,N,40 02:07.842,75 01:03.809,1138, ,1137,1,2,2, , ,0,N, , , , , , , , ,3,0,0,0,1,1,1,0,0,0,0,0,0,0,0,0,0,0,0,0,0,0,0,0,0,0,0,0,0,0,0,0,0,0,0,0,1,40.0355,-75.0177, ,Philadelphia
2723,49681,2017115802,6,67,67301,2017,11,2,629,6,5,1,0,4,1, , ,N,1,2,0,3,0,2,2,2,N,N,39 57:24.396,75 09:08.405,715, ,700,4,2,3,N, ,3,Y, , , , , , , , ,2,1,0,0,0,1,0,0,0,0,0,0,2,2,0,0,0,0,0,0,0,1,0,0,0,0,0,0,0,0,0,0,0,0,0,8,1,39.9568,-75.1536, ,Philadelphia
2724,49682,2017096586,6,67,67301,2017,9,6,1643,16,1,1,0,4,1, , ,N,1,3,0,3,0,1,3,3,N,N,40 01:41.740,75 04:27.919,1815, ,1750, ,0, , , ,3, , , , , , , , , ,3,2,0,0,0,0,1,0,0,0,0,0,1,1,0,0,0,0,0,0,0,0,0,0,0,0,0,0,0,0,0,0,0,0,0,8,0,40.0283,-75.0744, ,Philadelphia
2725,49706,2017070433,6,67,67301,2017,6,1,2240,22,3,1,0,4,1, , ,N,1,2,0,3,0,1,2,2,N, ,39 55:56.749,75 13:28.517,2251, ,2250, ,0, , , ,3, , , , , , , , , ,2,1,0,0,0,0,1,0,0,0,0,0,1,1,0,0,0,0,0,1,0,0,0,0,0,0,0,0,0,0,0,0,0,0,0,8,0,39.9324,-75.2246, ,Philadelphia
2726,49707,2017067941,6,67,67301,2017,6,4,2355,23,3,1,0,8,1, , ,N,1,2,0,3,0,1,2,2,N,N,40 00:11.783,75 09:57.234,616, ,12, ,0, ,N, ,3, , , , , , , , , ,1,1,0,0,0,0,0,0,0,0,0,1,1,0,0,0,0,0,0,0,0,0,0,0,0,0,0,0,0,0,0,0,1,0,0,4,0,40.0033,-75.1659, ,Philadelphia
2727,49715,2017084220,6,67,67301,2017,8,4,658,6,1,1,0,5,1, , ,N,0,0,0,3,0,1,2,2,N,N,39 59:08.064,75 05:36.037,700, ,700,1,1,1, , ,0,N, , , , , , , , ,2,2,0,0,0,0,0,0,0,0,0,0,1,1,0,0,0,0,0,0,0,0,0,0,0,0,0,0,0,0,0,0,0,0,0,8,0,39.9856,-75.0933, ,Philadelphia
2728,49717,2017086694,6,67,67301,2017,3,7,1700,17,1,1,0,4,1, , ,N,1,3,0,3,0,1,2,2,N, ,39 57:36.633,75 14:42.673,1710, ,1710, ,0, , , ,3, , , , , , , , , ,2,1,0,0,0,0,0,1,0,0,0,1,1,0,0,0,0,0,0,0,0,0,0,1,0,0,0,0,0,0,0,0,0,0,0,4,0,39.9602,-75.2452, ,Philadelphia
2729,49725,2017122972,6,67,67301,2017,11,6,338,3,3,1,0,1,1, , ,N,0,0,0,3,0,1,2,2,N,N,39 58:53.062,75 06:09.446,354, ,350,2,2,2, , ,0,Y, , , , , , , , ,2,1,0,0,1,0,0,0,0,0,0,0,1,1,0,0,0,1,0,0,0,0,0,1,0,0,0,0,0,0,0,0,0,0,0,8,0,39.9814,-75.1026, ,Philadelphia
2730,49735,2017109975,6,67,67301,2017,10,1,2240,22,3,1,0,5,6, , ,N,0,0,0,3,0,0,2,4,N,N,40 00:21.326,75 08:53.926,2250, ,2248, ,0, ,N, ,0, , , , , , , , , ,4,2,0,0,0,0,1,1,0,0,0,0,0,0,0,0,0,0,0,0,0,0,0,2,0,0,0,0,0,0,0,0,0,0,0,0,0,40.0059,-75.1483, ,Philadelphia
2731,49740,2017109907,6,67,67301,2017,10,2,800,8,1,1,0,4,1, , ,N,0,0,7,3,0,1,2,2,N,N,40 01:28.221,75 12:21.589,828, ,821,2,2,3,N, ,0,N, , , , , , , , ,2,2,0,0,0,0,0,0,0,0,0,1,1,0,0,0,0,0,0,0,0,0,0,0,0,0,0,0,0,0,0,0,0,0,0,4,0,40.0245,-75.206, ,Philadelphia
2732,49747,2017086973,6,67,67301,2017,2,1,2137,21,3,1,0,1,1, , ,N,2,3,0,3,0,1,5,2,N, ,40 07:13.609,75 02:11.389,2148, ,2140,3,1,4, , ,3,N, , , , , , , , ,2,1,0,0,0,0,0,1,0,0,0,0,1,1,4,0,0,0,0,0,0,0,0,0,0,0,0,0,0,0,0,0,0,0,0,8,0,40.1204,-75.0365, ,Philadelphia
2733,49749,2017089102,6,67,67301,2017,8,4,1023,10,1,1,0,1,1, , ,N,0,0,0,3,0,0,2,2,N,N,39 57:25.052,75 09:20.491,1036, ,1024, ,0, , , ,0, , , , , , , , , ,2,1,0,0,0,0,1,0,0,0,0,0,0,0,0,0,0,0,0,0,1,0,0,0,0,0,0,0,0,0,0,0,0,0,0,0,0,39.957,-75.1557, ,Philadelphia
2734,49760,2017082314,6,67,67301,2017,8,7,220,2,3,2,1,7,3, , ,N,1,2,2,3,0,0,2,1,N,N,39 54:36.241,75 09:47.768,220, ,220, ,0, ,N, ,3, , , , , , , , , ,1,1,0,0,0,0,0,0,0,0,0,0,0,0,0,0,0,0,0,1,0,0,0,0,0,0,0,0,0,0,0,0,0,0,0,0,0,39.9101,-75.1633, ,Philadelphia
2735,49766,2017078752,6,67,67301,2017,6,5,9999,99,1,8,8,8,1, , ,N,0,0,0,3,0,1,2,2,N, ,39 58:23.928,75 09:07.135,1745, ,1740, ,0, , , ,0, , , , , , , , , ,1,0,0,0,0,0,1,0,0,0,0,1,1,0,0,0,0,0,0,0,1,0,0,1,0,0,0,0,0,0,0,0,1,0,0,4,0,39.9733,-75.152, ,Philadelphia
2736,49770,2017087116,6,67,67301,2017,7,2,1053,10,1,1,0,1,1, , ,N,0,0,0,3,0,0,3,3,N,N,39 59:49.930,75 11:47.350,1107, ,1053, ,0, , , ,0, , , , , , , , , ,3,1,0,0,0,0,1,1,0,0,0,0,0,0,0,0,0,0,0,1,0,0,0,0,0,0,0,0,0,0,0,0,0,0,0,0,0,39.9972,-75.1965, ,Philadelphia