objectid_1,objectid,crn,district,county,municipality,crash_year,crash_month,day_of_week,time_of_day,hour_of_day,illumination,weather,road_condition,collision_type,relation_to_road,work_zone_type,work_zone_loc,work_zone_ind,intersect_type,tcd_type,location_type,urban_rural,fatal_count,injury_count,person_count,total_units,sch_bus_ind,sch_zone_ind,latitude,longitude,arrival_tm,cons_zone_spd_lim,dispatch_tm,est_hrs_closed,lane_closed,ln_close_dir,ntfy_hiwy_maint,spec_juris_cd,tcd_func_cd,tfc_detour_ind,workers_pres,wz_close_detour,wz_flagger,wz_law_offcr_ind,wz_ln_closure,wz_moving,wz_other,wz_shlder_mdn,vehicle_count,automobile_count,motorcycle_count,bus_count,small_truck_count,heavy_truck_count,suv_count,van_count,bicycle_count,maj_inj_count,mod_inj_count,min_inj_count,tot_inj_count,unk_inj_deg_count,unk_inj_per_count,driver_count_16yr,driver_count_17yr,driver_count_18yr,driver_count_19yr,driver_count_20yr,driver_count_50_64yr,driver_count_65_74yr,driver_count_75plus,unbelted_occ_count,unb_death_count,unb_maj_inj_count,belted_death_count,belted_maj_inj_count,mcycle_death_count,mcycle_maj_inj_count,bicycle_death_count,bicycle_maj_inj_count,ped_count,ped_death_count,ped_maj_inj_count,max_severity_level,comm_veh_count,dec_lat,dec_long,rdwy_surf_type_cd,county_name
2802,49947,2017060643,6,67,67301,2017,5,5,1505,15,1,1,0,4,1, , ,N,1,2,0,3,0,2,3,2,N,N,40 07:00.010,75 01:11.269,1530, ,1511,1,2,1,N, ,3,Y, , , , , , , , ,2,1,0,0,0,0,1,0,0,0,0,0,2,2,0,0,0,0,0,1,0,0,0,0,0,0,0,0,0,0,0,0,0,0,0,8,0,40.1167,-75.0198, ,Philadelphia
2803,49958,2017068004,6,67,67301,2017,6,1,255,2,3,1,0,8,1, , ,N,0,0,0,3,0,1,2,2,N,N,40 02:13.622,75 02:28.996,255, ,255, ,0, ,N, ,0, , , , , , , , , ,1,0,0,0,0,0,0,0,0,0,0,1,1,0,0,0,0,0,0,0,0,0,0,0,0,0,0,0,0,0,0,0,1,0,0,4,0,40.0371,-75.0414, ,Philadelphia
2804,49968,2017086949,6,67,67301,2017,1,1,235,2,3,1,1,4,1, , ,N,1,2,0,3,0,4,5,2,N, ,39 58:25.571,75 15:29.588,243, ,238, ,0, , , ,3, , , , , , , , , ,2,0,0,0,0,0,2,0,0,0,3,1,4,0,1,0,0,0,0,1,0,1,0,0,0,0,0,0,0,0,0,0,0,0,0,3,0,39.9738,-75.2582, ,Philadelphia
2805,49970,2017085923,6,67,67301,2017,8,7,1727,17,1,1,0,1,1, , ,N,0,0,0,3,0,1,2,2,N,N,39 57:32.457,75 10:15.332,1742, ,1731, ,0, , , ,0, , , , , , , , , ,2,2,0,0,0,0,0,0,0,0,0,0,1,1,0,0,0,0,0,0,0,0,0,0,0,0,0,0,0,0,0,0,0,0,0,8,0,39.959,-75.1709, ,Philadelphia
2806,50024,2017120583,6,67,67301,2017,10,3,735,7,1,1,0,4,1, , ,N,1,2,0,3,0,1,3,2,N,N,40 06:18.575,75 01:58.256,745, ,741, ,0, ,N, ,3, , , , , , , , , ,2,0,0,0,0,0,2,0,0,0,0,0,1,1,0,0,0,0,0,0,0,0,0,1,0,0,0,0,0,0,0,0,0,0,0,8,0,40.1052,-75.0328, ,Philadelphia
2807,50067,2017088325,6,67,67301,2017,8,4,1245,12,1,1,0,7,4, , ,N,0,0,0,3,0,0,1,1,N,N,40 04:30.208,75 03:21.758,1256, ,1250,2,1,1,N, ,0,N, , , , , , , , ,1,1,0,0,0,0,0,0,0,0,0,0,0,0,0,0,0,0,0,0,0,0,1,0,0,0,0,0,0,0,0,0,0,0,0,0,0,40.0751,-75.056, ,Philadelphia
2808,50075,2017098017,6,67,67301,2017,9,6,1415,14,1,1,0,8,1, , ,N,1,2,0,3,0,1,2,2,N, ,40 02:21.627,75 11:05.396,1435, ,1423,9,2,5, , ,3,Y, , , , , , , , ,1,0,0,0,0,0,1,0,0,0,1,0,1,0,0,0,0,0,0,0,0,0,0,1,0,0,0,0,0,0,0,0,1,0,0,3,0,40.0393,-75.1848, ,Philadelphia
2809,43260,2017033141,6,67,67301,2017,2,7,1600,16,1,1,0,8,1, , ,N,3,3,0,3,0,1,2,2,N,N,39 57:52.282,75 12:21.103,1610, ,1605, ,0, , , ,3, , , , , , , , , ,1,1,0,0,0,0,0,0,0,0,0,0,1,1,1,0,0,0,0,0,0,0,0,0,0,0,0,0,0,0,0,0,1,0,0,8,0,39.9645,-75.2059, ,Philadelphia
2810,43261,2017035654,6,67,67301,2017,3,2,740,7,1,1,0,7,3, , ,N,0,0,1,3,0,2,2,1,N,N,39 59:48.472,75 09:13.820,848, ,906, ,0, ,N, ,0, , , , , , , , , ,1,0,0,0,0,0,0,1,0,0,0,0,2,2,0,0,0,0,0,0,1,0,0,2,0,0,0,0,0,0,0,0,0,0,0,8,0,39.9968,-75.1538, ,Philadelphia
2811,43265,2017041233,6,67,67301,2017,4,3,2210,22,3,1,0,8,1, , ,N,0,0,0,3,0,1,2,2,N,N,39 54:59.759,75 10:11.975,2259, ,2217, ,0, ,N, ,0, , , , , , , , , ,1,1,0,0,0,0,0,0,0,0,0,1,1,0,0,0,0,0,0,0,0,0,0,0,0,0,0,0,0,0,0,0,1,0,0,4,0,39.9166,-75.17, ,Philadelphia
2812,43272,2017041160,6,67,67301,2017,3,2,1841,18,1,1,0,4,1, , ,N,1,3,0,3,0,1,6,2,N, ,40 01:21.288,75 08:42.950,1850, ,1842, ,0, , , ,3, , , , , , , , , ,1,1,0,0,0,0,0,0,1,0,1,0,1,0,0,0,0,0,0,0,1,0,0,0,0,0,0,0,0,0,0,0,0,0,0,3,0,40.0226,-75.1453, ,Philadelphia
2813,43307,2017014954,6,67,67301,2017,2,7,1039,10,1,1,0,3,2, , ,N,0,0,2,3,0,1,3,2,N,N,39 53:28.128,75 13:19.575,1100, ,1043, ,0, , , ,0, , , , , , , , , ,2,2,0,0,0,0,0,0,0,0,1,0,1,0,0,0,0,0,0,1,0,0,0,0,0,0,0,0,0,0,0,0,0,0,0,3,0,39.8911,-75.2221, ,Philadelphia
2814,43310,2017037473,6,67,67301,2017,3,5,9999,99,1,1,0,4,1, , ,N,1,2,0,3,0,2,3,2,N,N,39 58:32.210,75 13:40.630,1215, ,1208, ,0, ,N, ,3, , , , , , , , , ,2,1,0,0,0,0,0,1,0,0,0,2,2,0,0,0,0,0,0,0,1,0,0,0,0,0,0,0,0,0,0,0,0,0,0,4,0,39.9756,-75.228, ,Philadelphia
2815,43321,2017055476,6,67,67301,2017,4,6,9999,99,1,1,0,7,4, , ,N,0,0,0,3,0,1,1,1,N,N,40 04:59.197,75 03:51.455,1207, ,1202,1,2,5,N, ,0,N, , , , , , , , ,1,1,0,0,0,0,0,0,0,0,0,0,1,1,0,0,0,0,0,0,0,0,1,0,0,0,0,0,0,0,0,0,0,0,0,8,0,40.0831,-75.0643, ,Philadelphia
2816,43331,2017052415,6,67,67301,2017,5,4,1730,17,1,1,0,8,1, , ,N,1,2,0,3,0,1,2,2,N,N,39 55:23.141,75 09:35.045,1740, ,1735, ,0, , , ,3, , , , , , , , , ,1,0,0,0,0,0,0,0,0,0,1,0,1,0,0,0,0,0,0,0,0,0,0,0,0,0,0,0,0,0,0,0,1,0,0,3,0,39.9231,-75.1597, ,Philadelphia
2817,43335,2017002211,6,67,67301,2017,1,3,631,6,3,1,1,5,1, , ,N,0,0,0,3,0,0,3,3,N,N,39 58:35.694,75 06:51.558,654, ,631,1,1,2, , ,0,N, , , , , , , , ,3,1,0,0,1,0,1,0,0,0,0,0,0,0,0,0,0,0,0,0,0,0,0,0,0,0,0,0,0,0,0,0,0,0,0,0,0,39.9766,-75.1143, ,Philadelphia
2818,43336,2017003408,6,67,67301,2017,1,6,29,0,3,4,4,1,1, , ,N,0,0,0,3,0,1,5,2,N,N,40 01:46.274,75 01:19.827,46, ,31,2,2,1, , ,0,N, , , , , , , , ,2,2,0,0,0,0,0,0,0,0,0,0,1,1,0,0,0,0,0,1,0,0,0,0,0,0,0,0,0,0,0,0,0,0,0,8,0,40.0295,-75.0222, ,Philadelphia
2819,43343,2017043848,6,67,67301,2017,4,2,1615,16,1,1,0,4,1, , ,N,0,0,0,3,0,1,2,2,N,N,39 55:20.812,75 09:35.838,1626, ,1622, ,0, , , ,0, , , , , , , , , ,1,0,0,0,0,0,1,0,1,0,0,1,1,0,0,0,0,0,0,0,0,1,0,1,0,0,0,0,0,0,0,0,0,0,0,4,0,39.9224,-75.16, ,Philadelphia
2820,43352,2017043852,6,67,67301,2017,4,6,1509,15,1,1,0,4,1, , ,N,1,2,0,3,0,0,8,2,N,N,39 56:37.345,75 09:01.306,1600, ,1550, ,0, ,N, ,3, , , , , , , , , ,2,0,0,0,0,0,0,2,0,0,0,0,0,0,0,0,0,0,0,0,0,1,0,0,0,0,0,0,0,0,0,0,0,0,0,0,0,39.9437,-75.1504, ,Philadelphia
2821,43358,2017043833,6,67,67301,2017,4,6,2041,20,3,1,0,4,1, , ,N,1,2,0,3,0,1,2,2,N, ,40 01:59.691,75 02:15.936,2100, ,2100, ,0, , , ,3, , , , , , , , , ,2,1,1,0,0,0,0,0,0,0,0,1,1,0,0,0,0,0,0,0,0,0,0,0,0,0,0,0,0,0,0,0,0,0,0,4,0,40.0332,-75.0378, ,Philadelphia
2822,43386,2017014089,6,67,67301,2017,1,1,17,0,3,1,1,5,1, , ,N,0,0,0,3,0,4,4,3,N, ,40 01:05.719,75 09:34.157,9999, ,54,2,2,5, , ,0,Y, , , , , , , , ,3,2,0,0,0,0,1,0,0,0,0,2,4,2,0,0,0,0,0,0,0,0,0,0,0,0,0,0,0,0,0,0,0,0,0,4,0,40.0183,-75.1595, ,Philadelphia
2823,43391,2017015651,6,67,67301,2017,1,2,2106,21,3,2,1,4,1, , ,N,5,2,0,3,0,1,2,2,N,N,40 01:45.930,75 03:46.272,2108, ,2106,3,1,4,N, ,3,Y, , , , , , , , ,2,2,0,0,0,0,0,0,0,0,1,0,1,0,0,0,0,0,0,0,1,0,0,0,0,0,0,0,0,0,0,0,0,0,0,3,0,40.0294,-75.0627, ,Philadelphia
2824,43403,2017043799,6,67,67301,2017,4,3,803,8,1,1,0,4,1, , ,N,1,2,0,3,0,1,4,2,N,N,39 56:45.895,75 14:31.487,815, ,810, ,0, ,N, ,3, , , , , , , , , ,2,1,0,0,0,0,0,1,0,0,1,0,1,0,2,0,0,0,0,0,1,0,0,0,0,0,0,0,0,0,0,0,0,0,0,3,0,39.9461,-75.2421, ,Philadelphia
2825,43423,2017065904,6,67,67301,2017,5,4,1805,18,1,1,0,1,1,1,4,Y,0,0,3,3,0,1,4,2,N,N,39 58:28.929,75 07:03.297,1822,45,1807,2,2,1, , ,0,N,N,N,N,N,N,N,N,Y,2,1,1,0,0,0,0,0,0,0,1,0,1,0,0,0,0,0,0,0,0,0,0,0,0,0,0,0,0,0,0,0,0,0,0,3,0,39.9747,-75.1176, ,Philadelphia
2826,43455,2017037495,6,67,67301,2017,3,2,1210,12,1,1,0,1,1, , ,N,1,2,2,3,0,1,2,2,N, ,39 54:36.241,75 09:47.768,1255, ,1252, ,0, , , ,3, , , , , , , , , ,2,1,0,0,0,0,1,0,0,0,0,1,1,0,0,0,0,0,0,0,1,0,0,1,0,0,0,0,0,0,0,0,0,0,0,4,0,39.9101,-75.1633, ,Philadelphia
2827,46495,2017035443,6,67,67301,2017,3,2,1621,16,1,1,0,1,1, , ,N,0,0,0,3,0,0,2,2,N,N,39 59:27.404,75 05:11.888,1635, ,1635, ,0, , , ,0, , , , , , , , , ,2,1,0,0,0,0,1,0,0,0,0,0,0,0,0,0,0,0,0,0,1,0,0,0,0,0,0,0,0,0,0,0,0,0,0,0,0,39.9909,-75.0866, ,Philadelphia
2828,46500,2017052468,6,67,67301,2017,4,7,805,8,1,1,0,5,6, , ,N,0,0,0,3,0,0,1,3,N, ,40 01:08.676,75 08:25.431,930, ,807,2,1,2, , ,0,N, , , , , , , , ,3,3,0,0,0,0,0,0,0,0,0,0,0,0,0,0,0,0,0,0,0,0,0,1,0,0,0,0,0,0,0,0,0,0,0,0,0,40.0191,-75.1404, ,Philadelphia
2829,46501,2017052081,6,67,67301,2017,4,4,640,6,1,8,1,4,1, , ,N,1,2,0,3,0,2,5,3,N,N,39 57:33.025,75 14:36.157,644, ,642,3,2,5,N, ,3,Y, , , , , , , , ,2,2,0,0,0,0,0,0,0,0,2,0,2,0,3,0,0,0,0,0,0,0,0,0,0,0,0,0,0,0,0,0,1,0,0,3,0,39.9592,-75.2434, ,Philadelphia
2830,46523,2017012072,6,67,67301,2017,1,1,2030,20,3,1,0,8,1, , ,N,1,2,0,3,0,1,2,2,N,N,39 58:33.855,75 09:36.622,2045, ,2044, ,0, ,N, ,3, , , , , , , , , ,1,1,0,0,0,0,0,0,0,0,1,0,1,0,1,0,0,0,0,0,0,0,0,0,0,0,0,0,0,0,0,0,1,0,0,3,0,39.9761,-75.1602, ,Philadelphia
2831,46528,2017014002,6,67,67301,2017,1,3,2115,21,3,2,1,8,1, , ,N,2,2,1,3,0,1,2,2,N,N,39 55:19.500,75 11:19.900,2146, ,2146, ,0, ,N, ,3, , , , , , , , , ,1,1,0,0,0,0,0,0,0,0,0,1,1,0,1,0,0,0,0,0,0,0,0,0,0,0,0,0,0,0,0,0,1,0,0,4,0,39.9221,-75.1889, ,Philadelphia
2832,46555,2017058383,6,67,67301,2017,5,2,1250,12,1,1,0,4,1, , ,N,0,0,7,3,0,1,2,2,N, ,40 02:09.485,75 04:16.206,1255, ,1254, ,0, , , ,0, , , , , , , , , ,2,2,0,0,0,0,0,0,0,0,0,0,1,1,0,0,0,1,0,0,0,0,0,1,0,0,0,0,0,0,0,0,0,0,0,8,0,40.036,-75.0712, ,Philadelphia
2833,46580,2017070400,6,67,67301,2017,6,4,1800,18,1,2,1,1,1, , ,N,0,2,0,3,0,1,6,4,N,N,39 56:58.302,75 10:39.470,1810, ,1808, ,0, , , ,3, , , , , , , , , ,4,3,0,0,0,0,1,0,0,0,0,1,1,0,0,0,0,0,0,0,1,0,0,0,0,0,0,0,0,0,0,0,0,0,0,4,0,39.9495,-75.1776, ,Philadelphia
2834,46586,2017121504,6,67,67301,2017,10,1,242,2,3,1,0,1,1, , ,N,0,0,0,3,0,0,3,3,N,N,39 58:07.971,75 07:40.965,256, ,245, ,0, , , ,0, , , , , , , , , ,3,3,0,0,0,0,0,0,0,0,0,0,0,0,0,0,0,0,0,0,1,0,0,0,0,0,0,0,0,0,0,0,0,0,0,0,0,39.9689,-75.128, ,Philadelphia
2835,46591,2017086073,6,67,67301,2017,7,2,2225,22,3,2,1,7,3, , ,N,0,0,0,3,0,1,1,1,N, ,40 00:56.600,75 12:20.300,2235, ,2225,1,1,1, , ,0,N, , , , , , , , ,1,1,0,0,0,0,0,0,0,0,0,0,1,1,0,0,0,0,0,0,0,0,0,0,0,0,0,0,0,0,0,0,0,0,0,8,0,40.0157,-75.2056, ,Philadelphia
2836,46596,2017097099,6,67,67301,2017,7,4,1243,12,1,1,0,1,1, , ,N,0,0,0,3,0,5,5,3,N,N,39 59:03.194,75 12:30.008,1248, ,1245, ,0, , , ,0, , , , , , , , , ,3,1,0,0,2,0,0,0,0,0,0,4,5,1,0,0,0,0,0,0,1,0,0,0,0,0,0,0,0,0,0,0,0,0,0,4,0,39.9837,-75.2083, ,Philadelphia
2837,46597,2017088846,6,67,67301,2017,8,2,1935,19,1,2,1,8,1, , ,N,5,2,8,3,0,1,2,2,N,N,39 57:28.590,75 09:50.929,1945, ,1940, ,0, ,N, ,3, , , , , , , , , ,1,1,0,0,0,0,0,0,0,0,0,1,1,0,0,0,0,0,0,0,0,0,0,1,0,0,0,0,0,0,0,0,1,0,0,4,0,39.9579,-75.1641, ,Philadelphia
2838,46626,2017019097,6,67,67301,2017,2,6,0,0,3,1,0,6,6, , ,N,0,0,0,3,0,1,3,2,N,N,40 01:49.900,75 08:56.700,30, ,30, ,0, ,N, ,0, , , , , , , , , ,2,2,0,0,0,0,0,0,0,0,0,1,1,0,1,0,0,0,0,0,0,0,0,0,0,0,0,0,0,0,0,0,0,0,0,4,0,40.0305,-75.1491, ,Philadelphia
2839,46633,2017030291,6,67,67301,2017,3,3,938,9,1,4,3,7,4, , ,N,0,0,0,3,0,1,2,1,N,N,39 59:00.241,75 05:53.527,943, ,938,1,1,2, , ,0,N, , , , , , , , ,1,0,0,0,0,0,1,0,0,0,1,0,1,0,0,0,0,0,0,0,0,0,0,0,0,0,0,0,0,0,0,0,0,0,0,3,0,39.9834,-75.0982, ,Philadelphia
2840,46648,2017058352,6,67,67301,2017,5,7,1700,17,1,2,1,7,4, , ,N,1,2,0,3,0,1,1,1,N, ,40 02:14.535,75 11:27.538,1713, ,1707,2,1,4, , ,3,N, , , , , , , , ,1,1,0,0,0,0,0,0,0,0,0,1,1,0,0,0,0,0,0,0,0,1,0,0,0,0,0,0,0,0,0,0,0,0,0,4,0,40.0374,-75.191, ,Philadelphia
2841,46652,2017060529,6,67,67301,2017,5,5,1630,16,1,1,0,8,1, , ,N,1,2,0,3,0,1,2,2,N,N,40 02:28.908,75 01:41.719,1705, ,1650, ,0, ,N, ,3, , , , , , , , , ,1,0,0,0,1,0,0,0,0,0,1,0,1,0,0,0,0,0,0,0,0,0,0,1,0,0,0,0,0,0,0,0,1,0,0,3,0,40.0414,-75.0283, ,Philadelphia
2842,46663,2017083235,6,67,67301,2017,7,2,1106,11,1,1,0,5,1, , ,N,6,0,8,3,0,0,2,2,N,N,39 57:20.579,75 08:26.679,1124, ,1108, ,0, , , ,0, , , , , , , , , ,2,1,0,0,0,1,0,0,0,0,0,0,0,0,0,0,0,0,0,0,2,0,0,0,0,0,0,0,0,0,0,0,0,0,0,0,1,39.9557,-75.1407, ,Philadelphia
2843,46667,2017076164,6,67,67301,2017,6,2,1921,19,2,1,0,4,1, , ,N,1,3,0,3,0,1,2,2,N,N,39 57:54.625,75 12:09.489,1924, ,1924, ,0, ,N, ,3, , , , , , , , , ,2,1,0,0,1,0,0,0,0,0,1,0,1,0,0,0,0,0,0,0,0,0,1,1,0,0,0,0,0,0,0,0,0,0,0,3,0,39.9652,-75.2026, ,Philadelphia
2844,46668,2017084184,6,67,67301,2017,7,5,1215,12,1,2,1,1,1, , ,N,0,8,0,3,0,3,3,3,N,N,39 57:36.143,75 10:44.911,1229, ,1216,2,1,4, , ,3,N, , , , , , , , ,3,3,0,0,0,0,0,0,0,0,3,0,3,0,0,0,0,0,0,0,1,0,0,1,0,0,0,0,0,0,0,0,0,0,0,3,0,39.96,-75.1791, ,Philadelphia
2845,52848,2017067960,6,67,67301,2017,5,4,1553,15,1,1,0,4,1, , ,N,1,3,0,3,0,4,8,2,N, ,39 57:24.289,75 13:02.974,1620, ,1611,9,1,2, , ,3,N, , , , , , , , ,2,1,0,0,0,0,0,1,0,0,0,4,4,0,0,0,0,0,0,0,2,0,0,0,0,0,0,0,0,0,0,0,0,0,0,4,0,39.9567,-75.2175, ,Philadelphia
2846,52862,2017086669,6,67,67301,2017,3,6,9999,99,1,2,1,1,1, , ,N,5,2,2,3,0,1,4,3,N,N,39 57:27.542,75 09:44.544,1003, ,955, ,0, ,N, ,3, , , , , , , , , ,3,2,0,0,0,1,0,0,0,0,0,0,1,1,0,0,0,0,1,0,0,0,0,3,0,0,0,0,0,0,0,0,0,0,0,8,1,39.9577,-75.1624, ,Philadelphia
2847,52872,2017093526,6,67,67301,2017,8,7,2025,20,3,1,0,4,1, , ,N,1,3,0,3,0,0,2,2,N, ,40 02:00.633,75 13:33.133,2035, ,2030, ,0, , , ,3, , , , , , , , , ,2,1,0,0,0,0,1,0,0,0,0,0,0,0,0,0,0,0,0,0,0,0,0,2,0,0,0,0,0,0,0,0,0,0,0,0,0,40.0335,-75.2259, ,Philadelphia
2848,52880,2017068053,6,67,67301,2017,6,1,1919,19,1,1,0,4,1, , ,N,1,3,0,3,0,3,3,2,N,N,39 58:39.831,75 15:03.524,1920, ,1919, ,0, ,N, ,3, , , , , , , , , ,2,2,0,0,0,0,0,0,0,0,0,0,3,3,0,0,0,0,0,0,1,0,0,0,0,0,0,0,0,0,0,0,0,0,0,8,0,39.9777,-75.251, ,Philadelphia
2849,52898,2017084547,6,67,67301,2017,8,2,1445,14,1,2,1,1,1, , ,N,0,0,0,3,0,0,4,3,N,N,39 57:27.585,75 09:39.421,1515, ,1445, ,0, , , ,0, , , , , , , , , ,3,1,0,0,0,1,1,0,0,0,0,0,0,0,0,0,0,0,0,0,1,1,0,0,0,0,0,0,0,0,0,0,0,0,0,0,1,39.9577,-75.161, ,Philadelphia
2850,52923,2017052264,6,67,67301,2017,4,4,1830,18,1,1,0,8,1, , ,N,1,0,0,3,0,1,2,2,N,N,39 56:31.720,75 08:56.630,1845, ,1840, ,0, , , ,0, , , , , , , , , ,1,0,0,0,0,0,0,1,0,1,0,0,1,0,0,0,0,0,0,0,0,0,0,0,0,0,0,0,0,0,0,0,1,0,1,2,0,39.9421,-75.1491, ,Philadelphia
2851,52929,2017060664,6,67,67301,2017,5,1,1645,16,1,1,0,4,1, , ,N,1,3,0,3,0,1,2,2,N,N,40 02:13.092,75 12:52.405,1720, ,1658, ,0, , , ,3, , , , , , , , , ,2,1,0,0,0,0,1,0,0,0,0,0,1,1,0,0,0,0,0,0,1,0,0,0,0,0,0,0,0,0,0,0,0,0,0,8,0,40.037,-75.2146, ,Philadelphia
2852,52935,2017067792,6,67,67301,2017,5,3,1320,13,1,2,1,4,1, , ,N,1,2,3,3,0,1,3,3,N,N,39 57:25.886,75 09:31.375,1330, ,1328, ,0, ,N, ,3, , , , , , , , , ,3,1,0,0,0,0,2,0,0,0,0,1,1,0,1,0,0,0,0,0,0,0,0,0,0,0,0,0,0,0,0,0,0,0,0,4,0,39.9572,-75.1587, ,Philadelphia
2853,52951,2017088749,6,67,67301,2017,8,4,1900,19,1,1,1,8,1, , ,N,1,2,0,3,0,1,2,2,N, ,39 58:45.940,75 13:31.164,1910, ,1906, ,0, , , ,3, , , , , , , , , ,1,1,0,0,0,0,0,0,0,0,0,1,1,0,0,0,0,0,0,0,0,0,0,0,0,0,0,0,0,0,0,0,1,0,0,4,0,39.9794,-75.2253, ,Philadelphia
2854,52960,2017086062,6,67,67301,2017,7,6,9999,99,1,1,0,4,1, , ,N,1,2,0,3,0,2,2,2,N,N,40 01:04.807,75 08:57.222,1837, ,1832,2,1,7,N, ,3,Y, , , , , , , , ,2,1,0,0,1,0,0,0,0,0,0,2,2,0,0,0,0,0,0,0,1,1,0,0,0,0,0,0,0,0,0,0,0,0,0,4,0,40.0179,-75.1493, ,Philadelphia
2855,52964,2017103448,6,67,67301,2017,9,7,1654,16,1,1,0,7,2, , ,N,0,0,8,3,0,0,1,1,N,N,40 00:21.328,75 04:34.098,1821, ,1726, ,0, , , ,0, , , , , , , , , ,1,0,0,0,0,0,1,0,0,0,0,0,0,0,1,0,0,0,0,0,1,0,0,0,0,0,0,0,0,0,0,0,0,0,0,9,0,40.0055,-75.0763, ,Philadelphia
2856,52979,2017067698,6,67,67301,2017,5,5,1328,13,1,2,1,4,1, , ,N,1,2,0,3,0,1,2,2,N,N,40 02:51.581,75 03:35.828,1337, ,1334, ,0, ,N, ,3, , , , , , , , , ,2,1,0,0,0,0,1,0,0,0,0,1,1,0,0,0,0,0,0,0,0,0,0,0,0,0,0,0,0,0,0,0,0,0,0,4,0,40.0477,-75.06, ,Philadelphia
2857,52991,2017086976,6,67,67301,2017,1,1,318,3,3,1,0,5,6, , ,N,0,0,0,3,0,1,1,2,N,N,40 04:47.269,75 10:16.849,322, ,319, ,0, ,N, ,0, , , , , , , , , ,2,1,0,0,0,1,0,0,0,0,1,0,1,0,0,0,0,0,0,0,0,0,0,0,0,0,0,0,0,0,0,0,0,0,0,3,1,40.0798,-75.1713, ,Philadelphia
2858,52997,2017120531,6,67,67301,2017,10,2,2240,22,3,1,0,7,4, , ,N,0,0,0,3,0,0,1,1,N,N,40 03:29.120,75 11:22.830,2301, ,2257,3,2,6,N, ,0,Y, , , , , , , , ,1,0,0,0,0,0,1,0,0,0,0,0,0,0,0,0,0,0,0,0,0,0,0,0,0,0,0,0,0,0,0,0,0,0,0,0,0,40.0581,-75.1897, ,Philadelphia
2859,53008,2017114829,6,67,67301,2017,10,3,108,1,3,1,0,3,1, , ,N,1,0,0,3,0,1,2,2,N, ,39 55:47.350,75 10:22.456,111, ,108, ,0, , , ,0, , , , , , , , , ,1,1,0,0,0,0,0,0,1,0,0,1,1,0,0,0,0,0,0,0,0,0,0,1,0,0,0,0,0,0,0,0,0,0,0,4,0,39.9298,-75.1729, ,Philadelphia
2860,53015,2017093602,6,67,67301,2017,8,6,10,0,3,1,0,4,1, , ,N,1,2,0,3,0,1,3,2,N, ,40 01:47.875,75 05:14.633,12, ,10,9,1,1, , ,3,N, , , , , , , , ,2,0,0,0,1,0,1,0,0,0,0,1,1,0,0,0,0,0,0,0,0,0,0,0,0,0,0,0,0,0,0,0,0,0,0,4,0,40.03,-75.0874, ,Philadelphia
2861,53020,2017058222,6,67,67301,2017,5,5,1749,17,1,1,0,4,1, , ,N,1,2,0,3,0,1,2,2,N, ,39 57:54.165,75 13:39.572,1809, ,1807, ,0, , , ,3, , , , , , , , , ,2,0,1,0,0,0,0,0,0,0,1,0,1,0,0,0,0,0,0,0,0,0,0,0,0,0,0,0,0,0,0,0,0,0,0,3,0,39.965,-75.2277, ,Philadelphia
2862,53021,2017060569,6,67,67301,2017,5,4,1540,15,1,1,0,7,4, , ,N,1,2,0,3,0,1,1,1,N,N,39 57:36.906,75 11:48.695,1551, ,1550, ,0, ,N, ,3, , , , , , , , , ,1,0,0,0,1,0,0,0,0,0,1,0,1,0,0,0,0,0,0,0,0,0,0,0,0,0,0,0,0,0,0,0,0,0,0,3,0,39.9602,-75.1968, ,Philadelphia
2863,50082,2017070525,6,67,67301,2017,6,4,9999,99,1,8,1,8,1, , ,N,0,0,0,3,0,1,2,2,N,N,40 01:12.407,75 08:56.783,850, ,842, ,0, , , ,0, , , , , , , , , ,1,0,0,0,0,0,1,0,0,0,0,1,1,0,0,0,0,0,0,0,0,0,0,0,0,0,0,0,0,0,0,0,1,0,0,4,0,40.0201,-75.1491, ,Philadelphia
2864,50088,2017025197,6,67,67301,2017,2,1,1623,16,1,1,0,1,1, , ,N,0,0,0,3,0,5,8,2,N,N,39 57:24.682,75 09:17.885,1633, ,1625, ,0, , , ,0, , , , , , , , , ,2,2,0,0,0,0,0,0,0,0,4,0,5,1,0,0,0,0,0,0,0,0,0,0,0,0,0,0,0,0,0,0,0,0,0,3,0,39.9569,-75.155, ,Philadelphia
2865,50089,2017013187,6,67,67301,2017,1,5,815,8,1,1,5,1,1, , ,N,0,0,0,3,0,2,5,2,N,N,39 58:56.120,75 15:40.470,816, ,816, ,0, ,N, ,0, , , , , , , , , ,2,0,0,0,0,0,1,1,0,0,0,2,2,0,0,0,0,0,0,0,0,0,0,3,0,0,0,0,0,0,0,0,0,0,0,4,0,39.9823,-75.2612, ,Philadelphia
2866,50108,2017049104,6,67,67301,2017,3,1,1652,16,1,1,0,1,1, , ,N,0,0,0,3,0,2,9,4,N,N,39 58:02.020,75 08:00.445,1652, ,1652,1,1,2, , ,0,N, , , , , , , , ,4,1,0,0,0,0,2,1,0,0,0,0,2,2,0,0,0,0,0,0,0,0,0,0,0,0,0,0,0,0,0,0,0,0,0,8,0,39.9672,-75.1335, ,Philadelphia