objectid_1,objectid,crn,district,county,municipality,crash_year,crash_month,day_of_week,time_of_day,hour_of_day,illumination,weather,road_condition,collision_type,relation_to_road,work_zone_type,work_zone_loc,work_zone_ind,intersect_type,tcd_type,location_type,urban_rural,fatal_count,injury_count,person_count,total_units,sch_bus_ind,sch_zone_ind,latitude,longitude,arrival_tm,cons_zone_spd_lim,dispatch_tm,est_hrs_closed,lane_closed,ln_close_dir,ntfy_hiwy_maint,spec_juris_cd,tcd_func_cd,tfc_detour_ind,workers_pres,wz_close_detour,wz_flagger,wz_law_offcr_ind,wz_ln_closure,wz_moving,wz_other,wz_shlder_mdn,vehicle_count,automobile_count,motorcycle_count,bus_count,small_truck_count,heavy_truck_count,suv_count,van_count,bicycle_count,maj_inj_count,mod_inj_count,min_inj_count,tot_inj_count,unk_inj_deg_count,unk_inj_per_count,driver_count_16yr,driver_count_17yr,driver_count_18yr,driver_count_19yr,driver_count_20yr,driver_count_50_64yr,driver_count_65_74yr,driver_count_75plus,unbelted_occ_count,unb_death_count,unb_maj_inj_count,belted_death_count,belted_maj_inj_count,mcycle_death_count,mcycle_maj_inj_count,bicycle_death_count,bicycle_maj_inj_count,ped_count,ped_death_count,ped_maj_inj_count,max_severity_level,comm_veh_count,dec_lat,dec_long,rdwy_surf_type_cd,county_name
2867,50114,2017061920,6,67,67301,2017,5,4,1841,18,1,1,0,1,1, , ,N,0,0,3,3,0,1,2,2,N,N,39 55:41.922,75 08:46.623,1858, ,1841,2,2,1, , ,0,N, , , , , , , , ,2,2,0,0,0,0,0,0,0,0,0,0,1,1,0,0,0,0,0,0,1,0,0,0,0,0,0,0,0,0,0,0,0,0,0,8,0,39.9283,-75.1463, ,Philadelphia
2868,50122,2017067847,6,67,67301,2017,5,3,1403,14,1,2,1,8,1, , ,N,0,0,0,3,0,1,2,2,N,N,39 55:46.382,75 10:18.880,1448, ,1448, ,0, ,N, ,0, , , , , , , , , ,1,1,0,0,0,0,0,0,0,0,0,1,1,0,0,0,0,0,0,0,0,0,0,0,0,0,0,0,0,0,0,0,1,0,0,4,0,39.9296,-75.1719, ,Philadelphia
2869,50126,2017067919,6,67,67301,2017,5,5,1720,17,4,1,0,7,4, , ,N,2,0,0,3,0,3,3,1,N, ,40 03:52.300,74 59:55.871,1725, ,1721, ,0, , , ,0, , , , , , , , , ,1,1,0,0,0,0,0,0,0,0,0,1,3,2,0,0,0,0,0,0,0,0,0,0,0,0,0,0,0,0,0,0,0,0,0,4,0,40.0645,-74.999, ,Philadelphia
2870,50134,2017058321,6,67,67301,2017,5,5,721,7,1,1,0,4,1, , ,N,1,3,0,3,0,0,2,3,N,N,39 58:50.638,75 15:16.250,930, ,927, ,0, ,N, ,3, , , , , , , , , ,3,2,0,0,0,0,1,0,0,0,0,0,0,0,1,0,0,0,0,0,0,0,0,0,0,0,0,0,0,0,0,0,0,0,0,9,0,39.9807,-75.2545, ,Philadelphia
2871,50135,2017081477,6,67,67301,2017,7,2,1641,16,1,1,0,1,1,1,4,Y,0,0,0,3,0,0,2,2,N,N,39 57:57.677,75 08:09.385,1705,45,1701, ,0, , , ,0, ,N,N,N,N,N,Y,N,Y,2,1,0,0,0,0,1,0,0,0,0,0,0,0,0,0,0,0,0,0,1,0,0,0,0,0,0,0,0,0,0,0,0,0,0,0,0,39.966,-75.1359, ,Philadelphia
2872,50137,2017086772,6,67,67301,2017,4,4,808,8,1,1,0,8,1, , ,N,0,0,0,3,0,1,2,2,N,N,39 58:08.870,75 10:13.485,815, ,810, ,0, ,N, ,0, , , , , , , , , ,1,0,0,0,0,0,1,0,0,0,0,0,1,1,0,0,0,0,0,0,1,0,0,0,0,0,0,0,0,0,0,0,1,0,0,8,0,39.9691,-75.1704, ,Philadelphia
2873,50147,2017078704,6,67,67301,2017,6,2,900,9,1,1,0,1,1, , ,N,0,0,0,3,0,1,4,3,N,N,39 59:34.398,75 08:45.572,945, ,937, ,0, ,N, ,0, , , , , , , , , ,3,1,0,0,1,0,0,1,0,0,0,1,1,0,1,0,0,0,0,0,0,0,0,0,0,0,0,0,0,0,0,0,0,0,0,4,0,39.9929,-75.146, ,Philadelphia
2874,50190,2017080302,6,67,67301,2017,8,1,2120,21,3,1,0,1,1, , ,N,0,0,0,3,0,2,4,2,N,N,39 56:35.923,75 11:34.125,2231, ,2229,2,1,3, , ,0,N, , , , , , , , ,2,1,0,0,0,0,1,0,0,0,1,1,2,0,0,0,0,0,0,0,0,0,0,1,0,0,0,0,0,0,0,0,0,0,0,3,0,39.9431,-75.193, ,Philadelphia
2875,50193,2017080271,6,67,67301,2017,7,2,340,3,3,2,7,1,1, , ,N,0,0,0,3,0,0,2,2,N,N,39 57:18.899,75 08:29.792,359, ,343,3,2,2, , ,0,Y, , , , , , , , ,2,0,0,0,0,1,1,0,0,0,0,0,0,0,0,0,0,0,0,0,2,0,0,0,0,0,0,0,0,0,0,0,0,0,0,0,1,39.9552,-75.1416, ,Philadelphia
2876,50210,2017120701,6,67,67301,2017,10,6,1430,14,1,1,0,8,1, , ,N,0,0,0,3,0,1,2,2,N, ,39 57:03.927,75 09:56.795,1430, ,1430, ,0, , , ,0, , , , , , , , , ,1,1,0,0,0,0,0,0,0,0,0,0,1,1,0,0,0,0,0,0,0,0,0,1,0,0,0,0,0,0,0,0,1,0,0,8,0,39.9511,-75.1658, ,Philadelphia
2877,50216,2017105915,6,67,67301,2017,9,2,1540,15,1,1,0,4,1, , ,N,1,3,0,3,0,2,4,2,N,N,40 00:59.709,75 08:48.285,1617, ,1604, ,0, ,N, ,3, , , , , , , , , ,2,1,0,0,0,0,0,1,0,0,0,2,2,0,0,0,0,0,0,0,1,0,0,2,0,0,0,0,0,0,0,0,0,0,0,4,0,40.0166,-75.1467, ,Philadelphia
2878,50232,2017076118,6,67,67301,2017,5,6,1233,12,1,1,0,8,1, , ,N,1,2,0,3,0,1,2,2,N, ,39 55:58.633,75 10:03.935,1234, ,1234, ,0, , , ,3, , , , , , , , , ,1,0,0,0,0,0,1,0,0,0,0,0,1,1,0,0,0,0,0,0,0,0,0,0,0,0,0,0,0,0,0,0,1,0,0,8,0,39.933,-75.1678, ,Philadelphia
2879,50243,2017078719,6,67,67301,2017,6,5,2300,23,3,1,0,6,1, , ,N,0,0,0,3,0,1,2,2,N,N,39 58:03.370,75 14:01.184,329, ,326, ,0, ,N, ,0, , , , , , , , , ,1,0,0,1,0,0,0,0,1,0,0,1,1,0,0,0,0,0,0,0,0,0,0,0,0,0,0,0,0,0,0,0,0,0,0,4,1,39.9676,-75.2337, ,Philadelphia
2880,50248,2017081119,6,67,67301,2017,6,4,2018,20,4,1,0,1,1, , ,N,0,8,0,3,0,1,4,2,N,N,39 57:27.567,75 09:39.286,2028, ,2020, ,0, , , ,3, , , , , , , , , ,2,1,0,0,0,0,1,0,0,0,1,0,1,0,0,0,0,0,0,0,1,0,0,0,0,0,0,0,0,0,0,0,0,0,0,3,0,39.9577,-75.1609, ,Philadelphia
2881,43512,2017060521,6,67,67301,2017,5,6,15,0,3,1,0,5,1, , ,N,0,0,0,3,0,1,2,2,N,N,39 55:17.061,75 12:59.155,28, ,25, ,0, ,N, ,0, , , , , , , , , ,2,2,0,0,0,0,0,0,0,0,1,0,1,0,0,0,0,0,0,0,1,0,0,1,0,0,0,0,0,0,0,0,0,0,0,3,0,39.9214,-75.2164, ,Philadelphia
2882,43514,2017058376,6,67,67301,2017,5,5,615,6,1,1,0,4,1, , ,N,0,0,7,3,0,1,2,3,N,N,40 02:35.966,75 13:39.550,630, ,622,2,2,5, , ,0,Y, , , , , , , , ,3,1,0,0,2,0,0,0,0,0,0,1,1,0,0,0,0,0,0,1,0,0,0,1,0,0,0,0,0,0,0,0,0,0,0,4,0,40.0433,-75.2277, ,Philadelphia
2883,43522,2017068024,6,67,67301,2017,6,1,730,7,1,1,0,4,1, , ,N,1,2,0,3,0,2,3,2,N,N,40 04:16.472,75 02:17.045,805, ,800,2,1,2,N, ,3,N, , , , , , , , ,2,1,0,0,0,0,0,1,0,0,0,1,2,1,0,0,0,0,0,0,0,1,0,0,0,0,0,0,0,0,0,0,0,0,0,4,0,40.0712,-75.0381, ,Philadelphia
2884,43524,2017013796,6,67,67301,2017,1,3,718,7,1,1,0,1,1, , ,N,0,0,0,3,0,0,4,4,N,N,39 58:05.849,75 07:45.386,724, ,719,1,1,1, , ,0,N, , , , , , , , ,4,1,0,0,2,0,1,0,0,0,0,0,0,0,0,0,0,0,0,0,0,0,0,0,0,0,0,0,0,0,0,0,0,0,0,0,0,39.9683,-75.1293, ,Philadelphia
2885,43537,2017041213,6,67,67301,2017,3,3,715,7,1,6,1,4,1, , ,N,2,2,0,3,0,3,3,2,N, ,40 00:55.057,75 09:18.861,720, ,718,2,2,1,N, ,3,Y, , , , , , , , ,2,1,0,0,1,0,0,0,0,0,0,0,3,3,0,0,0,0,0,0,1,0,0,0,0,0,0,0,0,0,0,0,0,0,0,8,0,40.0152,-75.1552, ,Philadelphia
2886,43543,2017035697,6,67,67301,2017,3,1,1230,12,1,1,0,4,1, , ,N,1,2,0,3,0,1,2,2,N, ,39 58:50.397,75 08:13.811,1340, ,1320, ,0, , , ,3, , , , , , , , , ,2,2,0,0,0,0,0,0,0,0,0,0,1,1,0,0,0,0,0,0,1,0,0,0,0,0,0,0,0,0,0,0,0,0,0,8,0,39.9807,-75.1372, ,Philadelphia
2887,43578,2017014069,6,67,67301,2017,1,1,1031,10,1,1,0,4,1, , ,N,2,2,7,3,0,1,3,2,N, ,39 54:23.986,75 11:00.103,1033, ,1031, ,0, , , ,3, , , , , , , , , ,2,2,0,0,0,0,0,0,0,0,0,1,1,0,0,0,0,0,0,0,1,0,1,0,0,0,0,0,0,0,0,0,0,0,0,4,0,39.9067,-75.1834, ,Philadelphia
2888,43579,2017019612,6,67,67301,2017,1,1,1824,18,3,2,1,4,1, , ,N,1,2,0,3,0,1,2,2,N, ,39 59:29.818,75 08:10.215,1828, ,1826, ,0, , , ,3, , , , , , , , , ,1,1,0,0,0,0,0,0,1,0,0,1,1,0,0,0,0,0,0,0,0,0,0,1,0,0,0,0,0,0,0,0,0,0,0,4,0,39.9915,-75.1361, ,Philadelphia
2889,43589,2017037536,6,67,67301,2017,3,4,1400,14,1,1,5,3,1, , ,N,0,0,0,3,0,1,2,2,N,N,40 00:07.276,75 05:59.458,1420, ,1420, ,0, , , ,0, , , , , , , , , ,2,1,0,0,0,1,0,0,0,0,0,1,1,0,0,0,0,0,0,0,1,0,0,0,0,0,0,0,0,0,0,0,0,0,0,4,1,40.002,-75.0998, ,Philadelphia
2890,43591,2017035626,6,67,67301,2017,3,2,1545,15,1,1,0,4,1, , ,N,0,0,7,3,0,3,6,3,N,N,39 54:28.845,75 11:21.220,1555, ,1549, ,0, ,N, ,0, , , , , , , , , ,3,2,0,0,0,0,0,1,0,1,0,2,3,0,0,0,0,0,0,0,0,1,0,0,0,0,0,0,0,0,0,0,0,0,0,2,0,39.908,-75.1893, ,Philadelphia
2891,43601,2017032013,6,67,67301,2017,3,6,1428,14,1,1,1,4,1, , ,N,0,0,0,3,0,2,4,2,N,N,40 01:54.706,75 01:15.893,1503, ,1438,2,2,1, , ,0,N, , , , , , , , ,2,1,0,0,0,0,1,0,0,0,1,0,2,1,0,0,0,0,0,0,0,0,0,1,0,0,0,0,0,0,0,0,0,0,0,3,0,40.0319,-75.0211, ,Philadelphia
2892,43606,2017050447,6,67,67301,2017,5,7,645,6,1,2,1,0,1, , ,N,0,0,0,3,0,0,1,1,N,N,40 02:02.066,75 01:10.745,1715, ,1702,4,1,1, , ,0,N, , , , , , , , ,1,0,0,0,0,1,0,0,0,0,0,0,0,0,0,0,0,0,0,0,0,0,0,0,0,0,0,0,0,0,0,0,0,0,0,0,1,40.0339,-75.0197, ,Philadelphia
2893,43618,2017058327,6,67,67301,2017,5,1,145,1,3,1,1,4,1, , ,N,2,3,0,3,0,0,2,2,N, ,40 01:05.606,75 08:49.754,215, ,215, ,0, , , ,3, , , , , , , , , ,2,0,0,0,1,0,0,1,0,0,0,0,0,0,0,0,0,0,0,0,2,0,0,0,0,0,0,0,0,0,0,0,0,0,0,0,0,40.0182,-75.1472, ,Philadelphia
2894,43619,2017060503,6,67,67301,2017,5,3,1525,15,1,1,0,1,1, , ,N,0,0,0,3,0,1,2,2,N,N,39 58:59.929,75 07:56.935,1532, ,1527, ,0, ,N, ,0, , , , , , , , , ,2,2,0,0,0,0,0,0,0,0,1,0,1,0,0,0,0,0,1,0,0,0,0,0,0,0,0,0,0,0,0,0,0,0,0,3,0,39.9833,-75.1325, ,Philadelphia
2895,43628,2017011840,6,67,67301,2017,1,7,2030,20,3,1,0,4,1, , ,N,1,2,0,3,0,0,2,3,N,N,39 57:41.198,75 11:28.039,2031, ,2030,1,1,2,N, ,3,Y, , , , , , , , ,3,3,0,0,0,0,0,0,0,0,0,0,0,0,0,0,0,0,1,0,0,0,0,0,0,0,0,0,0,0,0,0,0,0,0,0,0,39.9614,-75.1911, ,Philadelphia
2896,43630,2017009506,6,67,67301,2017,1,7,2227,22,3,2,1,7,5, , ,N,7,0,8,3,0,0,1,1,N,N,39 54:45.000,75 10:26.500,2228, ,2227, ,0, ,N, ,0, , , , , , , , , ,1,1,0,0,0,0,0,0,0,0,0,0,0,0,0,0,0,0,0,0,0,0,0,0,0,0,0,0,0,0,0,0,0,0,0,0,0,39.9125,-75.174, ,Philadelphia
2897,43635,2017035821,6,67,67301,2017,3,2,825,8,1,1,0,8,1, , ,N,2,0,0,3,0,1,2,2,N, ,40 05:06.799,75 02:54.196,830, ,826, ,0, , , ,0, , , , , , , , , ,1,0,0,0,0,0,1,0,0,0,0,1,1,0,0,0,0,0,0,0,0,0,0,0,0,0,0,0,0,0,0,0,1,0,0,4,0,40.0852,-75.0484, ,Philadelphia
2898,43645,2017021602,6,67,67301,2017,2,4,1440,14,1,1,0,8,1, , ,N,2,2,0,3,0,1,2,2,N,N,39 59:13.336,75 10:10.091,1445, ,1440, ,0, ,N, ,3, , , , , , , , , ,1,1,0,0,0,0,0,0,0,0,0,0,1,1,0,0,0,0,0,0,0,0,0,1,0,0,0,0,0,0,0,0,1,0,0,8,0,39.987,-75.1695, ,Philadelphia
2899,46669,2017085902,6,67,67301,2017,8,1,1804,18,1,1,0,7,7, , ,N,0,0,0,3,0,1,1,1,N,N,40 00:28.985,75 12:06.735,1809, ,1806,1,2,4, , ,0,N, , , , , , , , ,1,0,1,0,0,0,0,0,0,0,1,0,1,0,0,0,0,0,0,0,0,0,0,0,0,0,0,0,0,0,0,0,0,0,0,3,0,40.0081,-75.2019, ,Philadelphia
2900,46678,2017091769,6,67,67301,2017,8,4,1050,10,1,1,0,5,1, , ,N,0,0,0,3,0,2,3,2,N,N,39 58:31.900,75 11:39.700,1105, ,1105,2,1,2,N, ,0,Y, , , , , , , , ,2,2,0,0,0,0,0,0,0,0,0,2,2,0,0,0,0,0,0,0,1,0,0,0,0,0,0,0,0,0,0,0,0,0,0,4,0,39.9755,-75.1944, ,Philadelphia
2901,46691,2017093628,6,67,67301,2017,8,6,720,7,1,1,0,4,1, , ,N,1,2,0,3,0,1,2,2,N, ,39 59:47.200,75 10:26.238,740, ,730, ,0, , , ,3, , , , , , , , , ,2,1,0,0,0,0,1,0,0,0,0,1,1,0,0,0,0,0,0,0,0,0,0,2,0,0,0,0,0,0,0,0,0,0,0,4,0,39.9964,-75.1739, ,Philadelphia
2902,46692,2017101863,6,67,67301,2017,9,4,1628,16,1,2,1,4,1, , ,N,1,3,0,3,0,1,2,2,N,N,39 59:57.041,75 08:03.904,1638, ,1933,1,1,4,N, ,3,N, , , , , , , , ,2,0,1,0,1,0,0,0,0,0,1,0,1,0,0,0,0,0,0,0,0,0,0,1,0,0,0,0,0,0,0,0,0,0,0,3,0,39.9992,-75.1344, ,Philadelphia
2903,46698,2017133723,6,67,67301,2017,12,4,1037,10,1,1,0,5,1, , ,N,0,0,0,3,0,0,2,2,N,N,39 57:40.350,75 10:54.801,1047, ,1040, ,0, , , ,0, , , , , , , , , ,2,1,0,0,0,1,0,0,0,0,0,0,0,0,0,0,0,0,0,0,1,0,0,0,0,0,0,0,0,0,0,0,0,0,0,0,1,39.9612,-75.1819, ,Philadelphia
2904,46742,2017055600,6,67,67301,2017,4,1,1855,18,1,1,0,8,1, , ,N,0,0,0,3,0,1,2,2,N,N,39 58:21.241,75 13:46.097,1900, ,1856, ,0, ,N, ,0, , , , , , , , , ,1,1,0,0,0,0,0,0,0,0,0,1,1,0,1,0,0,0,0,0,0,0,0,0,0,0,0,0,0,0,0,0,1,0,0,4,0,39.9726,-75.2295, ,Philadelphia
2905,46750,2017073720,6,67,67301,2017,4,3,1305,13,1,1,0,1,1, , ,N,1,2,0,3,0,1,3,2,N,N,39 57:17.711,75 11:47.224,0, ,0, ,0, ,N, ,3, , , , , , , , , ,2,1,0,0,0,0,1,0,0,0,0,0,1,1,0,0,0,0,0,0,1,0,0,0,0,0,0,0,0,0,0,0,0,0,0,8,0,39.9549,-75.1964, ,Philadelphia
2906,46753,2017010543,6,67,67301,2017,1,4,1056,10,1,1,0,5,1, , ,N,0,0,0,3,0,1,3,2,N,N,40 01:13.089,75 09:12.067,1059, ,1056,2,2,1,N, ,0,N, , , , , , , , ,2,1,0,0,0,1,0,0,0,0,0,1,1,0,0,0,0,0,0,0,0,0,0,0,0,0,0,0,0,0,0,0,0,0,0,4,1,40.0203,-75.1534, ,Philadelphia
2907,46767,2017007745,6,67,67301,2017,1,1,1630,16,1,1,0,4,1, , ,N,1,2,0,3,0,1,2,2,N,N,40 00:58.803,75 03:42.545,1643, ,1638, ,0, ,N, ,3, , , , , , , , , ,2,0,1,0,0,0,1,0,0,0,0,0,1,1,0,0,0,0,0,0,0,0,0,0,0,0,0,0,0,0,0,0,0,0,0,8,0,40.0163,-75.0618, ,Philadelphia
2908,46770,2017027488,6,46,46104,2017,2,3,835,8,1,1,0,4,1, , ,N,1,2,0,3,0,0,2,2,N,N,40 00:04.521,75 13:35.036,835, ,835, ,0, , , ,3, , , , , , , , , ,2,2,0,0,0,0,0,0,0,0,0,0,0,0,0,0,0,0,0,0,1,0,0,0,0,0,0,0,0,0,0,0,0,0,0,0,0,40.0012,-75.2264, ,Montgomery
2909,46782,2017035652,6,67,67301,2017,3,3,2345,23,3,1,0,6,6, , ,N,0,0,0,3,0,0,1,2,N,N,39 56:03.894,75 13:36.598,19, ,17, ,0, ,N, ,0, , , , , , , , , ,2,1,0,0,1,0,0,0,0,0,0,0,0,0,1,0,0,0,0,0,1,0,0,0,0,0,0,0,0,0,0,0,0,0,0,9,0,39.9344,-75.2268, ,Philadelphia
2910,46805,2017019129,6,67,67301,2017,2,4,2200,22,3,1,0,4,1, , ,N,5,2,0,3,0,2,2,2,N,N,39 54:47.100,75 14:35.859,2225, ,2222,1,1,3,N, ,3,N, , , , , , , , ,2,2,0,0,0,0,0,0,0,0,0,2,2,0,0,0,0,0,0,0,1,0,0,0,0,0,0,0,0,0,0,0,0,0,0,4,0,39.9131,-75.2433, ,Philadelphia
2911,46812,2017007779,6,67,67301,2017,1,2,640,6,3,2,1,8,1, , ,N,0,0,0,3,0,1,2,2,N,N,39 59:29.050,75 08:04.265,650, ,644, ,0, , , ,0, , , , , , , , , ,1,0,0,0,0,0,0,1,0,1,0,0,1,0,0,0,0,0,0,0,0,1,0,0,0,0,0,0,0,0,0,0,1,0,1,2,0,39.9914,-75.1345, ,Philadelphia
2912,46844,2017067979,6,67,67301,2017,6,6,700,7,1,1,0,4,1, , ,N,1,2,0,3,0,3,3,2,N, ,40 03:00.781,75 07:38.895,745, ,740, ,0, , , ,3, , , , , , , , , ,2,2,0,0,0,0,0,0,0,0,0,3,3,0,0,0,0,0,0,0,1,0,0,0,0,0,0,0,0,0,0,0,0,0,0,4,0,40.0502,-75.1275, ,Philadelphia
2913,46870,2017035649,6,67,67301,2017,3,5,1747,17,1,1,0,4,1, , ,N,1,2,0,3,0,1,2,2,N, ,39 55:01.859,75 14:46.691,1752, ,1748, ,0, , , ,3, , , , , , , , , ,2,0,1,0,0,0,1,0,0,0,1,0,1,0,0,0,0,0,0,0,0,0,0,0,0,0,0,0,0,0,0,0,0,0,0,3,0,39.9172,-75.2463, ,Philadelphia
2914,46881,2017050975,6,67,67301,2017,5,5,1904,19,1,1,0,1,1, , ,N,0,0,3,3,0,0,3,3,N,N,39 57:18.600,75 08:49.100,1905, ,1904,2,2,4,N, ,0,N, , , , , , , , ,3,1,0,0,0,0,2,0,0,0,0,0,0,0,0,0,0,0,0,0,0,1,0,1,0,0,0,0,0,0,0,0,0,0,0,0,0,39.9552,-75.147, ,Philadelphia
2915,46882,2017048657,6,67,67301,2017,5,6,1545,15,1,1,0,1,1, , ,N,6,0,2,3,0,1,3,3,N,N,39 53:55.824,75 10:15.766,1631, ,1617, ,0, , , ,0, , , , , , , , , ,3,2,0,0,0,0,0,1,0,0,0,0,1,1,0,0,0,0,1,0,0,0,0,0,0,0,0,0,0,0,0,0,0,0,0,8,0,39.8988,-75.171, ,Philadelphia
2916,46907,2017022617,6,67,67301,2017,2,4,2,0,3,1,0,7,7, , ,N,7,0,2,3,0,2,2,1,N,N,39 57:59.464,75 11:14.628,13, ,13,1,2,3, , ,0,Y, , , , , , , , ,1,1,0,0,0,0,0,0,0,0,0,0,2,2,0,0,0,0,1,0,0,0,0,0,0,0,0,0,0,0,0,0,0,0,0,8,0,39.9665,-75.1874, ,Philadelphia
2917,53042,2017086079,6,67,67301,2017,7,5,1533,15,1,1,0,8,1, , ,N,1,2,0,3,0,1,2,2,N, ,39 58:07.829,75 08:10.292,1535, ,1534,2,2,6, , ,3,N, , , , , , , , ,1,0,0,0,0,0,1,0,0,0,1,0,1,0,0,0,0,0,0,0,0,0,0,0,0,0,0,0,0,0,0,0,1,0,0,3,0,39.9688,-75.1362, ,Philadelphia
2918,53047,2017086904,6,67,67301,2017,5,6,650,6,1,1,0,1,1, , ,N,0,0,0,3,0,2,3,2,N,N,39 56:37.879,75 12:37.525,705, ,650, ,0, ,N, ,0, , , , , , , , , ,2,1,0,0,0,0,0,0,0,0,0,0,2,2,0,0,0,0,0,0,0,0,0,0,0,0,0,0,0,0,0,0,0,0,0,8,0,39.9439,-75.2104, ,Philadelphia
2919,53050,2017091740,6,67,67301,2017,8,4,915,9,1,1,0,8,1, , ,N,1,2,0,3,0,1,2,2,N,N,40 02:28.908,75 01:41.719,930, ,922,1,1,1,N, ,3,N, , , , , , , , ,1,1,0,0,0,0,0,0,0,0,1,0,1,0,0,0,0,0,0,0,0,0,1,0,0,0,0,0,0,0,0,0,1,0,0,3,0,40.0414,-75.0283, ,Philadelphia
2920,53053,2017088969,6,67,67301,2017,8,6,1454,14,1,1,0,4,1, , ,N,0,0,0,3,0,1,2,2,N,N,40 03:13.935,75 10:42.526,1456, ,1454, ,0, ,N, ,0, , , , , , , , , ,2,1,0,0,0,0,1,0,0,0,1,0,1,0,0,0,0,0,0,0,0,0,0,1,0,0,0,0,0,0,0,0,0,0,0,3,0,40.0539,-75.1785, ,Philadelphia
2921,53057,2017116206,6,67,67301,2017,10,6,9999,99,1,1,0,1,1, , ,N,5,2,1,3,0,2,4,2,N, ,40 01:00.430,75 05:00.995,815, ,815, ,0, , , ,3, , , , , , , , , ,2,1,0,0,0,0,0,1,0,0,0,2,2,0,0,0,0,0,0,0,0,0,0,0,0,0,0,0,0,0,0,0,0,0,0,4,0,40.0168,-75.0836, ,Philadelphia
2922,53061,2017110775,6,67,67301,2017,9,4,902,9,1,1,0,1,1,1,2,Y,0,0,2,3,0,1,2,2,N,N,39 58:53.293,75 06:10.505,940,45,902, ,0, , , ,0, ,N,N,N,N,N,N,Y,N,2,1,0,0,1,0,0,0,0,0,1,0,1,0,0,0,0,0,0,0,0,0,0,0,0,0,0,0,0,0,0,0,0,0,0,3,0,39.9815,-75.1029, ,Philadelphia
2923,53071,2017070509,6,67,67301,2017,6,7,1456,14,1,1,0,5,6, , ,N,0,0,0,3,0,2,2,2,N,N,40 04:55.965,74 58:00.524,1500, ,1456,2,1,3,N, ,0,N, , , , , , , , ,2,1,0,0,1,0,0,0,0,0,0,2,2,0,0,0,0,0,0,0,0,0,0,0,0,0,0,0,0,0,0,0,0,0,0,4,0,40.0822,-74.9668, ,Philadelphia
2924,53073,2017078721,6,67,67301,2017,7,7,1857,18,1,2,1,7,4, , ,N,0,0,0,3,0,0,2,2,N,N,40 03:47.789,75 12:01.609,1935, ,1930, ,0, ,N, ,0, , , , , , , , , ,2,1,0,0,0,0,1,0,0,0,0,0,0,0,0,0,1,0,0,0,0,0,0,0,0,0,0,0,0,0,0,0,0,0,0,0,0,40.0633,-75.2004, ,Philadelphia
2925,53087,2017107980,6,67,67301,2017,8,5,1600,16,1,1,0,4,1, , ,N,1,3,0,3,0,1,2,2,N,N,39 56:36.887,75 13:48.269,2030, ,2000, ,0, ,N, ,3, , , , , , , , , ,2,2,0,0,0,0,0,0,0,0,1,0,1,0,0,0,0,0,0,0,0,0,0,2,0,0,0,0,0,0,0,0,0,0,0,3,0,39.9436,-75.2301, ,Philadelphia
2926,53088,2017107958,6,67,67301,2017,8,1,400,4,3,9,8,6,6, , ,N,0,0,0,3,0,2,2,3,N,N,40 00:05.861,75 09:11.297,9999, ,9999, ,0, ,N, ,0, , , , , , , , , ,2,1,0,0,0,0,1,0,0,0,1,0,2,1,0,0,0,0,0,0,1,0,0,0,0,0,0,0,0,0,0,0,1,0,0,3,0,40.0016,-75.1531, ,Philadelphia
2927,53089,2017097847,6,67,67301,2017,9,3,1537,15,1,1,0,2,6, , ,N,0,0,0,3,0,1,2,2,N, ,39 59:38.864,75 08:51.104,1538, ,1537, ,0, , , ,0, , , , , , , , , ,2,2,0,0,0,0,0,0,0,0,0,1,1,0,0,0,0,0,0,0,0,0,0,0,0,0,0,0,0,0,0,0,0,0,0,4,0,39.9941,-75.1475, ,Philadelphia
2928,53094,2017088865,6,67,67301,2017,8,7,2300,23,3,1,0,4,1, , ,N,1,3,0,3,0,1,2,2,N, ,39 58:07.093,75 14:01.874,2315, ,2310, ,0, , , ,3, , , , , , , , , ,2,2,0,0,0,0,0,0,0,0,0,1,1,0,0,0,0,0,0,0,0,0,1,0,0,0,0,0,0,0,0,0,0,0,0,4,0,39.9686,-75.2339, ,Philadelphia
2929,53120,2017067928,6,67,67301,2017,6,7,2220,22,3,1,0,8,1, , ,N,0,0,0,3,0,1,2,2,N,N,40 03:01.100,75 07:40.600,2250, ,2242, ,0, ,N, ,0, , , , , , , , , ,1,1,0,0,0,0,0,0,0,0,0,1,1,0,0,0,0,0,0,0,0,0,0,1,0,0,0,0,0,0,0,0,1,0,0,4,0,40.0503,-75.1279, ,Philadelphia
2930,53129,2017007838,6,67,67301,2017,1,4,725,7,1,2,1,4,1, , ,N,2,2,2,3,0,0,2,2,N,N,39 56:19.114,75 08:31.584,735, ,728,2,1,2,N, ,3,N, , , , , , , , ,2,2,0,0,0,0,0,0,0,0,0,0,0,0,0,0,0,0,0,0,0,0,0,0,0,0,0,0,0,0,0,0,0,0,0,0,0,39.9386,-75.1421, ,Philadelphia
2931,53133,2017037375,6,67,67301,2017,3,7,1708,17,1,2,1,4,1, , ,N,1,2,0,3,0,0,2,2,N,N,39 55:25.798,75 13:29.769,1712, ,1708, ,0, ,N, ,3, , , , , , , , , ,2,2,0,0,0,0,0,0,0,0,0,0,0,0,0,0,0,0,0,0,0,0,0,0,0,0,0,0,0,0,0,0,0,0,0,0,0,39.9238,-75.2249, ,Philadelphia