objectid_1,objectid,crn,district,county,municipality,crash_year,crash_month,day_of_week,time_of_day,hour_of_day,illumination,weather,road_condition,collision_type,relation_to_road,work_zone_type,work_zone_loc,work_zone_ind,intersect_type,tcd_type,location_type,urban_rural,fatal_count,injury_count,person_count,total_units,sch_bus_ind,sch_zone_ind,latitude,longitude,arrival_tm,cons_zone_spd_lim,dispatch_tm,est_hrs_closed,lane_closed,ln_close_dir,ntfy_hiwy_maint,spec_juris_cd,tcd_func_cd,tfc_detour_ind,workers_pres,wz_close_detour,wz_flagger,wz_law_offcr_ind,wz_ln_closure,wz_moving,wz_other,wz_shlder_mdn,vehicle_count,automobile_count,motorcycle_count,bus_count,small_truck_count,heavy_truck_count,suv_count,van_count,bicycle_count,maj_inj_count,mod_inj_count,min_inj_count,tot_inj_count,unk_inj_deg_count,unk_inj_per_count,driver_count_16yr,driver_count_17yr,driver_count_18yr,driver_count_19yr,driver_count_20yr,driver_count_50_64yr,driver_count_65_74yr,driver_count_75plus,unbelted_occ_count,unb_death_count,unb_maj_inj_count,belted_death_count,belted_maj_inj_count,mcycle_death_count,mcycle_maj_inj_count,bicycle_death_count,bicycle_maj_inj_count,ped_count,ped_death_count,ped_maj_inj_count,max_severity_level,comm_veh_count,dec_lat,dec_long,rdwy_surf_type_cd,county_name
2998,53313,2017078739,6,67,67301,2017,7,1,50,0,3,1,0,8,1, , ,N,0,0,0,3,0,1,2,2,N,N,39 59:58.813,75 08:16.820,100, ,59, ,0, ,N, ,0, , , , , , , , , ,1,0,0,0,0,0,1,0,0,0,1,0,1,0,0,0,0,0,0,0,0,0,0,0,0,0,0,0,0,0,0,0,1,0,0,3,0,39.9997,-75.138, ,Philadelphia
2999,53315,2017076222,6,67,67301,2017,6,1,1800,18,1,1,0,4,1, , ,N,1,2,1,3,0,3,4,2,N, ,40 00:20.095,75 05:48.804,1810, ,1801, ,0, , , ,3, , , , , , , , , ,2,0,0,0,0,0,2,0,0,0,0,3,3,0,0,0,0,0,0,0,1,0,0,1,0,0,0,0,0,0,0,0,0,0,0,4,0,40.0056,-75.0969, ,Philadelphia
3000,53323,2017106300,6,67,67301,2017,10,5,525,5,3,2,7,7,2,1,5,Y,0,0,0,3,0,0,5,1,N,N,39 57:59.393,75 08:08.279,539,45,527,2,2,2, , ,0,N,U,N,N,N,N,N,N,Y,1,0,0,0,0,0,1,0,0,0,0,0,0,0,0,0,0,0,0,0,0,0,0,0,0,0,0,0,0,0,0,0,0,0,0,0,0,39.9665,-75.1356, ,Philadelphia
3001,53324,2017098010,6,67,67301,2017,9,6,1352,13,1,1,0,4,1, , ,N,2,2,0,3,0,1,6,2,N, ,40 04:43.216,74 59:54.741,1352, ,1352,1,1,1, , ,3,N, , , , , , , , ,2,1,0,0,0,0,0,1,0,0,0,0,1,1,4,0,0,0,1,0,0,0,0,2,0,0,0,0,0,0,0,0,0,0,0,8,0,40.0787,-74.9985, ,Philadelphia
3002,53334,2017086096,6,67,67301,2017,7,2,9999,99,1,1,0,4,1, , ,N,1,2,0,3,0,1,2,2,N,N,39 57:51.283,75 13:19.057,9999, ,9999, ,0, , , ,3, , , , , , , , , ,1,1,0,0,0,0,0,0,1,0,0,1,1,0,0,0,0,0,0,0,0,0,0,0,0,0,0,0,0,0,0,0,0,0,0,4,0,39.9642,-75.2219, ,Philadelphia
3003,53346,2017109972,6,67,67301,2017,9,6,1943,19,3,1,0,4,1, , ,N,5,2,0,3,0,1,2,2,N,N,39 55:29.274,75 10:22.464,1946, ,1945, ,0, ,N, ,3, , , , , , , , , ,1,1,0,0,0,0,0,0,1,0,0,0,1,1,0,0,0,0,0,0,0,1,0,0,0,0,0,0,0,0,0,0,0,0,0,8,0,39.9248,-75.1728, ,Philadelphia
3004,53361,2017078835,6,67,67301,2017,7,6,2115,21,3,2,1,4,5, , ,N,0,0,7,3,0,0,3,2,N, ,39 59:31.297,75 06:34.170,2135, ,2130, ,0, , , ,0, , , , , , , , , ,2,1,0,0,1,0,0,0,0,0,0,0,0,0,1,0,0,0,0,0,0,0,0,0,0,0,0,0,0,0,0,0,0,0,0,9,0,39.992,-75.1095, ,Philadelphia
3005,53365,2017014054,6,67,67301,2017,1,2,2050,20,3,1,0,4,1, , ,N,1,2,0,3,0,1,2,2,N,N,39 56:50.107,75 13:36.654,9999, ,9999, ,0, ,N, ,3, , , , , , , , , ,2,2,0,0,0,0,0,0,0,0,0,1,1,0,0,0,0,0,0,0,0,0,0,1,0,0,0,0,0,0,0,0,0,0,0,4,0,39.9473,-75.2269, ,Philadelphia
3006,53404,2017055659,6,67,67301,2017,5,5,752,7,1,1,0,4,1, , ,N,2,2,0,3,0,1,3,3,N,N,39 55:01.013,75 12:57.068,815, ,804, ,0, ,N, ,3, , , , , , , , , ,3,2,0,1,0,0,0,0,0,0,0,1,1,0,0,0,0,0,0,0,0,0,0,1,0,0,0,0,0,0,0,0,0,0,0,4,1,39.9169,-75.2159, ,Philadelphia
3007,50483,2017088809,6,67,67301,2017,8,2,1429,14,1,1,0,1,1, , ,N,0,0,0,3,0,1,3,2,N,N,40 05:14.481,75 02:07.443,1500, ,1455, ,0, ,N, ,0, , , , , , , , , ,2,0,0,0,0,0,2,0,0,0,0,1,1,0,0,0,0,0,0,0,0,0,0,0,0,0,0,0,0,0,0,0,0,0,0,4,0,40.0874,-75.0354, ,Philadelphia
3008,50490,2017085036,6,67,67301,2017,8,1,2118,21,3,1,0,4,1, , ,N,1,2,0,3,0,2,2,2,N,N,40 03:04.327,75 07:07.044,2126, ,2119,2,2,4,N, ,3,Y, , , , , , , , ,2,1,0,0,0,0,1,0,0,0,0,1,2,1,0,0,1,0,0,0,1,0,0,0,0,0,0,0,0,0,0,0,0,0,0,4,0,40.0512,-75.1187, ,Philadelphia
3009,50501,2017109833,6,67,67301,2017,9,5,1700,17,1,1,0,8,1, , ,N,5,2,0,3,0,1,2,2,N, ,40 02:30.909,75 04:29.910,2050, ,2045, ,0, , , ,3, , , , , , , , , ,1,0,0,0,0,0,0,0,0,0,0,1,1,0,1,0,0,0,0,0,0,0,0,0,0,0,0,0,0,0,0,0,1,0,0,4,0,40.0419,-75.075, ,Philadelphia
3010,50502,2017109985,6,67,67301,2017,10,2,1403,14,1,1,0,4,1, , ,N,1,2,0,3,0,0,3,2,N, ,39 56:34.598,75 13:36.458,1407, ,1405, ,0, , , ,3, , , , , , , , , ,2,1,0,0,0,0,1,0,0,0,0,0,0,0,2,0,0,0,0,0,0,0,0,3,0,0,0,0,0,0,0,0,0,0,0,9,0,39.9429,-75.2268, ,Philadelphia
3011,50508,2017096507,6,67,67301,2017,8,7,1507,15,1,1,0,4,1, , ,N,1,2,0,3,0,3,4,2,N,N,40 05:04.995,75 01:30.190,1531, ,1508,3,1,2,N, ,3,N, , , , , , , , ,2,1,0,0,1,0,0,0,0,0,0,2,3,1,0,0,0,0,0,0,1,1,0,1,0,0,0,0,0,0,0,0,0,0,0,4,0,40.0847,-75.0251, ,Philadelphia
3012,50522,2017067874,6,67,67301,2017,6,6,835,8,1,1,0,8,1, , ,N,1,2,0,3,0,1,2,2,N,N,39 56:24.600,75 12:50.000,1436, ,1431, ,0, ,N, ,3, , , , , , , , , ,1,1,0,0,0,0,0,0,0,0,0,0,1,1,1,0,0,0,0,0,0,0,0,0,0,0,0,0,0,0,0,0,1,0,0,8,0,39.9402,-75.2139, ,Philadelphia
3013,50542,2017097838,6,67,67301,2017,9,2,1815,18,1,1,0,4,1, , ,N,1,3,0,3,0,1,2,2,N,N,39 59:59.193,75 07:32.671,1827, ,1823, ,0, ,N, ,3, , , , , , , , , ,2,0,0,0,0,0,2,0,0,0,0,1,1,0,0,0,0,0,0,0,0,0,0,1,0,0,0,0,0,0,0,0,0,0,0,4,0,39.9998,-75.1257, ,Philadelphia
3014,50580,2017085005,6,67,67301,2017,8,3,208,2,3,1,0,7,4, , ,N,3,4,2,3,0,0,3,1,N,N,39 54:29.188,75 09:21.587,208, ,208, ,0, ,N, ,3, , , , , , , , , ,1,0,0,0,0,0,1,0,0,0,0,0,0,0,0,0,0,0,0,0,0,0,0,0,0,0,0,0,0,0,0,0,0,0,0,0,0,39.9081,-75.156, ,Philadelphia
3015,50599,2017109929,6,67,67301,2017,10,1,1550,15,1,1,0,4,1, , ,N,1,3,0,3,0,1,2,2,N,N,40 03:57.202,75 10:35.464,1600, ,1558, ,0, , , ,3, , , , , , , , , ,2,2,0,0,0,0,0,0,0,0,0,1,1,0,0,0,0,0,0,0,0,0,0,1,0,0,0,0,0,0,0,0,0,0,0,4,0,40.0659,-75.1765, ,Philadelphia
3016,50622,2017086978,6,67,67301,2017,2,6,2304,23,3,1,0,6,6, , ,N,0,0,0,3,0,1,1,2,N,N,40 05:52.036,75 03:45.126,2330, ,2325, ,0, ,N, ,0, , , , , , , , , ,2,1,0,0,0,0,1,0,0,0,0,0,1,1,0,0,0,0,0,0,1,0,0,0,0,0,0,0,0,0,0,0,0,0,0,8,0,40.0978,-75.0625, ,Philadelphia
3017,50624,2017086939,6,67,67301,2017,1,2,2020,20,3,1,0,6,1, , ,N,0,0,0,3,0,1,2,2,N, ,39 59:10.900,75 12:34.900,2031, ,2021,2,1,3, , ,0,N, , , , , , , , ,2,1,0,0,0,0,1,0,0,0,0,1,1,0,0,0,0,0,0,0,0,1,0,0,0,0,0,0,0,0,0,0,0,0,0,4,0,39.9864,-75.2097, ,Philadelphia
3018,50637,2017086277,6,67,67301,2017,7,2,750,7,1,1,0,4,1, , ,N,1,2,0,3,0,1,2,2,N,N,39 58:10.241,75 13:31.335,800, ,754, ,0, , , ,3, , , , , , , , , ,2,2,0,0,0,0,0,0,0,0,0,1,1,0,0,0,0,0,0,0,0,0,0,0,0,0,0,0,0,0,0,0,0,0,0,4,0,39.9695,-75.2254, ,Philadelphia
3019,50648,2017093048,6,67,67301,2017,8,3,1630,16,1,1,0,7,2, , ,N,0,0,0,3,0,1,1,1,N,N,40 00:07.679,75 11:40.211,1633, ,1633,1,2,4, , ,0,N, , , , , , , , ,1,1,0,0,0,0,0,0,0,0,1,0,1,0,0,0,0,0,0,0,0,0,0,0,0,0,0,0,0,0,0,0,0,0,0,3,0,40.0021,-75.1945, ,Philadelphia
3020,50655,2017086232,6,67,67301,2017,7,1,1405,14,1,1,0,8,1, , ,N,1,3,0,3,0,1,2,2,N, ,39 57:54.791,75 11:30.533,1405, ,1405, ,0, , , ,3, , , , , , , , , ,1,0,0,0,0,0,0,1,0,0,1,0,1,0,0,0,0,0,0,0,0,0,0,1,0,0,0,0,0,0,0,0,1,0,0,3,0,39.9652,-75.1918, ,Philadelphia
3021,50672,2017068009,6,67,67301,2017,6,7,1021,10,1,1,0,4,1, , ,N,1,2,0,3,0,1,3,2,N,N,40 01:26.280,75 02:07.317,1025, ,1022, ,0, ,N, ,3, , , , , , , , , ,2,1,0,0,1,0,0,0,0,0,0,1,1,0,0,0,0,0,0,0,2,0,0,0,0,0,0,0,0,0,0,0,0,0,0,4,0,40.024,-75.0354, ,Philadelphia
3022,50728,2017086322,6,67,67301,2017,7,1,1530,15,1,1,0,4,1, , ,N,1,2,0,3,0,2,2,2,N, ,40 01:32.334,75 10:54.007,9999, ,1544, ,0, , , ,3, , , , , , , , , ,2,2,0,0,0,0,0,0,0,0,0,0,2,2,0,0,0,0,0,0,0,0,0,2,0,0,0,0,0,0,0,0,0,0,0,8,0,40.0256,-75.1817, ,Philadelphia
3023,50731,2017086309,6,67,67301,2017,7,5,901,9,1,1,0,4,1, , ,N,1,2,0,3,0,1,2,2,N,N,40 02:26.486,75 04:34.494,906, ,904, ,0, ,N, ,3, , , , , , , , , ,2,2,0,0,0,0,0,0,0,0,0,1,1,0,0,0,0,0,0,0,0,0,0,0,0,0,0,0,0,0,0,0,0,0,0,4,0,40.0407,-75.0762, ,Philadelphia
3024,50743,2017096409,6,67,67301,2017,7,4,917,9,1,1,0,4,1, , ,N,2,3,0,3,0,1,3,3,N,N,39 57:05.288,75 14:27.445,919, ,917, ,0, ,N, ,3, , , , , , , , , ,3,2,0,0,0,0,1,0,0,0,0,1,1,0,1,0,0,0,0,0,1,0,0,0,0,0,0,0,0,0,0,0,0,0,0,4,0,39.9515,-75.241, ,Philadelphia
3025,43905,2017050887,6,67,67301,2017,5,7,828,8,1,2,1,1,1, , ,N,0,0,0,3,0,2,6,2,N,N,39 53:23.695,75 12:03.715,832, ,831,1,1,2, , ,0,N, , , , , , , , ,2,1,0,0,0,0,1,0,0,0,0,0,2,2,1,0,0,0,0,0,0,0,0,0,0,0,0,0,0,0,0,0,0,0,0,8,0,39.8899,-75.201, ,Philadelphia
3026,43911,2017061760,6,67,67301,2017,6,5,2019,20,4,1,0,1,1, , ,N,0,0,0,3,0,1,2,2,N,N,39 58:03.651,75 11:23.120,2029, ,2024,1,2,3, , ,0,N, , , , , , , , ,2,2,0,0,0,0,0,0,0,0,1,0,1,0,0,0,0,0,0,0,0,0,0,0,0,0,0,0,0,0,0,0,0,0,0,3,0,39.9676,-75.1897, ,Philadelphia
3027,43915,2017057994,6,67,67301,2017,4,5,1718,17,1,1,0,1,1, , ,N,0,0,0,3,0,2,9,4,N,N,39 53:56.236,75 10:05.486,1739, ,1725, ,0, , , ,0, , , , , , , , , ,4,3,0,0,0,0,1,0,0,0,2,0,2,0,0,0,0,0,0,0,2,0,0,0,0,0,0,0,0,0,0,0,0,0,0,3,0,39.899,-75.1682, ,Philadelphia
3028,43923,2017014200,6,67,67301,2017,1,2,1125,11,1,2,1,1,1, , ,N,0,0,3,3,0,1,4,3,N,N,39 57:36.750,75 10:50.042,1129, ,1125, ,0, , , ,0, , , , , , , , , ,3,1,0,0,0,1,1,0,0,0,0,0,1,1,0,0,0,0,0,0,0,0,0,0,0,0,0,0,0,0,0,0,0,0,0,8,1,39.9602,-75.1806, ,Philadelphia
3029,43937,2017035693,6,67,67301,2017,3,4,642,6,1,1,5,4,1, , ,N,1,2,0,3,0,2,3,3,N,N,40 01:31.774,75 07:31.582,710, ,650,2,1,2,N, ,3,N, , , , , , , , ,3,3,0,0,0,0,0,0,0,0,1,1,2,0,0,0,0,0,0,0,2,0,0,0,0,0,0,0,0,0,0,0,0,0,0,3,0,40.0255,-75.1254, ,Philadelphia
3030,43980,2017028916,6,67,67301,2017,2,1,1130,11,1,1,0,4,1, , ,N,1,3,0,3,0,0,2,2,N,N,39 58:13.623,75 09:03.509,1132, ,1130, ,0, ,N, ,3, , , , , , , , , ,2,2,0,0,0,0,0,0,0,0,0,0,0,0,0,0,0,0,0,0,0,0,0,2,0,0,0,0,0,0,0,0,0,0,0,0,0,39.9705,-75.151, ,Philadelphia
3031,44023,2017037390,6,67,67301,2017,3,3,1545,15,1,1,0,4,1, , ,N,1,2,0,3,0,0,3,2,N,N,39 55:04.447,75 10:45.458,1549, ,1549,1,1,3, , ,3,N, , , , , , , , ,2,0,0,1,1,0,0,0,0,0,0,0,0,0,0,0,0,0,0,0,1,0,0,0,0,0,0,0,0,0,0,0,0,0,0,0,1,39.9179,-75.1793, ,Philadelphia
3032,44034,2017028812,6,67,67301,2017,2,2,1700,17,4,1,0,8,1, , ,N,1,1,0,3,0,1,2,2,N, ,39 58:23.617,75 11:01.532,2015, ,1959, ,0, , , ,3, , , , , , , , , ,1,1,0,0,0,0,0,0,0,0,0,1,1,0,0,0,0,0,0,0,0,0,0,1,0,0,0,0,0,0,0,0,1,0,0,4,0,39.9732,-75.1838, ,Philadelphia
3033,44038,2017055635,6,67,67301,2017,5,1,415,4,3,1,0,1,1, , ,N,1,2,0,3,0,1,3,2,N,N,40 01:01.528,75 09:04.326,458, ,456, ,0, ,N, ,3, , , , , , , , , ,2,0,0,0,0,0,2,0,0,0,1,0,1,0,1,0,0,0,0,0,0,0,0,0,0,0,0,0,0,0,0,0,0,0,0,3,0,40.0171,-75.1512, ,Philadelphia
3034,44040,2017052102,6,67,67301,2017,4,1,357,3,3,1,0,1,1, , ,N,1,2,0,3,0,0,2,2,N,N,39 55:48.070,75 13:09.172,400, ,357, ,0, ,N, ,3, , , , , , , , , ,2,1,0,0,0,0,1,0,0,0,0,0,0,0,0,0,0,0,0,0,1,0,0,2,0,0,0,0,0,0,0,0,0,0,0,0,0,39.93,-75.2192, ,Philadelphia
3035,44042,2017055498,6,67,67301,2017,5,2,805,8,1,1,0,4,1, , ,N,1,2,0,3,0,0,2,3,N, ,40 02:14.686,75 10:54.569,815, ,812, ,0, , , ,3, , , , , , , , , ,3,3,0,0,0,0,0,0,0,0,0,0,0,0,0,0,0,0,0,0,0,0,0,0,0,0,0,0,0,0,0,0,0,0,0,0,0,40.0374,-75.1818, ,Philadelphia
3036,44052,2017060459,6,67,67301,2017,5,6,126,1,3,2,1,4,1, , ,N,1,2,0,3,0,1,4,3,N,N,40 03:45.318,75 10:14.844,132, ,130, ,0, , , ,3, , , , , , , , , ,3,1,0,0,0,0,2,0,0,0,1,0,1,0,3,0,0,0,0,0,0,0,0,1,0,0,0,0,0,0,0,0,0,0,0,3,0,40.0626,-75.1708, ,Philadelphia
3037,44057,2017005830,6,67,67301,2017,1,5,955,9,1,1,0,5,1, , ,N,0,0,0,3,0,0,3,3,N,N,39 55:21.808,75 08:51.011,1000, ,955, ,0, , , ,0, , , , , , , , , ,3,1,0,0,0,0,0,0,0,0,0,0,0,0,2,0,0,0,0,0,0,0,0,0,0,0,0,0,0,0,0,0,0,0,0,9,0,39.9227,-75.1475, ,Philadelphia
3038,44078,2017033522,6,67,67301,2017,2,1,517,5,3,1,0,5,1, , ,N,0,0,0,3,0,2,5,3,N,N,40 01:15.682,75 09:26.863,530, ,524,3,1,2,N, ,0,N, , , , , , , , ,3,3,0,0,0,0,0,0,0,0,0,2,2,0,0,0,0,0,0,0,1,0,0,0,0,0,0,0,0,0,0,0,0,0,0,4,0,40.021,-75.1575, ,Philadelphia
3039,44083,2017042422,6,67,67301,2017,4,1,1147,11,1,1,0,1,1, , ,N,0,0,0,3,0,0,2,2,N,N,40 00:33.803,75 12:18.606,1201, ,1153, ,0, , , ,0, , , , , , , , , ,2,2,0,0,0,0,0,0,0,0,0,0,0,0,0,0,0,0,0,0,0,0,0,0,0,0,0,0,0,0,0,0,0,0,0,0,0,40.0094,-75.2052, ,Philadelphia
3040,44094,2017062924,6,67,67301,2017,6,3,1501,15,1,1,0,7,4, , ,N,0,0,0,3,0,0,1,1,N,N,39 55:37.027,75 11:41.882,1510, ,1502, ,0, , , ,0, , , , , , , , , ,1,1,0,0,0,0,0,0,0,0,0,0,0,0,0,0,0,0,1,0,0,0,0,0,0,0,0,0,0,0,0,0,0,0,0,0,0,39.9269,-75.1949, ,Philadelphia
3041,44100,2017058236,6,67,67301,2017,5,4,1020,10,1,1,0,8,1, , ,N,2,3,0,3,0,1,2,2,N, ,39 57:33.259,75 09:55.537,1045, ,1040, ,0, , , ,3, , , , , , , , , ,1,1,0,0,0,0,0,0,0,0,0,0,1,1,0,0,0,0,0,0,1,0,0,0,0,0,0,0,0,0,0,0,1,0,0,8,0,39.9592,-75.1654, ,Philadelphia
3042,44104,2017009828,6,67,67301,2017,1,5,1413,14,1,1,0,1,1, , ,N,6,4,2,3,0,0,3,3,N,N,39 56:44.167,75 11:25.033,1424, ,1413,1,1,3, , ,3,N, , , , , , , , ,3,3,0,0,0,0,0,0,0,0,0,0,0,0,0,0,0,0,0,0,1,0,0,0,0,0,0,0,0,0,0,0,0,0,0,0,0,39.9456,-75.1903, ,Philadelphia
3043,47112,2017028999,6,67,67301,2017,2,2,1206,12,1,1,0,1,1, , ,N,1,2,0,3,0,3,4,2,N,N,39 57:08.268,75 10:31.483,1214, ,1211, ,0, ,N, ,3, , , , , , , , , ,2,1,0,0,1,0,0,0,0,0,0,0,3,3,0,0,0,0,0,0,1,0,1,0,0,0,0,0,0,0,0,0,0,0,0,8,0,39.9523,-75.1753, ,Philadelphia
3044,47115,2017028811,6,67,67301,2017,2,5,1047,10,1,1,0,4,1, , ,N,1,2,3,3,0,2,3,2,N,N,39 57:29.693,75 10:01.822,1049, ,1049,1,1,2,N, ,3,Y, , , , , , , , ,2,1,0,0,0,0,1,0,0,0,2,0,2,0,0,0,0,0,0,0,0,0,0,1,0,0,0,0,0,0,0,0,0,0,0,3,0,39.9583,-75.1673, ,Philadelphia
3045,47141,2017010582,6,67,67301,2017,1,6,920,9,1,4,5,1,1, , ,N,0,0,0,3,0,0,4,4,N,N,40 02:29.210,75 09:14.370,959, ,951,2,2,5,N, ,0,Y, , , , , , , , ,4,2,0,0,0,0,2,0,0,0,0,0,0,0,0,0,0,0,0,0,0,0,0,0,0,0,0,0,0,0,0,0,0,0,0,0,0,40.0414,-75.154, ,Philadelphia
3046,47159,2017055509,6,67,67301,2017,4,6,1646,16,1,1,0,1,1, , ,N,0,0,0,3,0,2,6,3,N, ,39 55:28.649,75 14:42.944,1655, ,1650, ,0, , , ,0, , , , , , , , , ,3,2,0,0,0,0,0,1,0,0,0,1,2,1,3,0,0,0,0,0,0,0,0,0,0,0,0,0,0,0,0,0,0,0,0,4,0,39.9246,-75.2453, ,Philadelphia
3047,47171,2017061141,6,67,67301,2017,5,1,500,5,1,1,0,1,6, , ,N,0,0,0,3,0,0,2,3,N,N,39 58:50.371,75 15:16.024,801, ,800,1,1,5,N, ,0,Y, , , , , , , , ,3,2,0,0,0,0,1,0,0,0,0,0,0,0,0,0,0,0,0,0,0,0,0,0,0,0,0,0,0,0,0,0,0,0,0,0,0,39.9807,-75.2545, ,Philadelphia
3048,47191,2017012436,6,67,67301,2017,1,5,1616,16,1,1,0,1,1, , ,N,0,0,2,3,0,0,3,3,N,N,39 54:37.038,75 09:01.450,1638, ,1623, ,0, , , ,0, , , , , , , , , ,3,1,0,0,2,0,0,0,0,0,0,0,0,0,0,0,0,0,0,0,0,0,0,0,0,0,0,0,0,0,0,0,0,0,0,0,0,39.9103,-75.1504, ,Philadelphia
3049,47206,2017028918,6,67,67301,2017,2,5,2325,23,3,1,0,7,4, , ,N,5,2,0,3,0,0,1,3,N,N,40 00:07.689,75 08:38.973,2331, ,2327, ,0, ,N, ,3, , , , , , , , , ,3,0,0,0,0,0,2,1,0,0,0,0,0,0,0,0,0,0,0,0,0,0,0,0,0,0,0,0,0,0,0,0,0,0,0,0,0,40.0021,-75.1442, ,Philadelphia
3050,47226,2017063612,6,67,67301,2017,6,3,1838,18,1,1,0,4,1, , ,N,1,2,0,3,0,1,2,2,N,N,40 00:14.125,75 13:14.515,1845, ,1838,1,1,2, , ,3,N, , , , , , , , ,2,1,1,0,0,0,0,0,0,0,1,0,1,0,0,0,1,0,0,0,0,0,0,0,0,0,0,0,0,0,0,0,0,0,0,3,0,40.0039,-75.2207, ,Philadelphia
3051,47228,2017060473,6,67,67301,2017,5,7,1029,10,1,2,1,4,1, , ,N,1,3,0,3,0,1,2,2,N, ,39 57:42.026,75 14:41.535,1039, ,1029, ,0, , , ,3, , , , , , , , , ,2,2,0,0,0,0,0,0,0,0,0,1,1,0,0,0,0,0,0,0,1,0,0,0,0,0,0,0,0,0,0,0,0,0,0,4,0,39.9617,-75.2449, ,Philadelphia
3052,47258,2017028860,6,67,67301,2017,2,6,40,0,3,1,0,2,1, , ,N,1,2,0,3,0,1,2,2,N,N,40 03:44.697,75 09:18.946,100, ,58,9,1,6,N, ,3,N, , , , , , , , ,2,2,0,0,0,0,0,0,0,0,1,0,1,0,0,0,0,0,0,0,0,0,0,1,0,0,0,0,0,0,0,0,0,0,0,3,0,40.0624,-75.1553, ,Philadelphia
3053,47261,2017052720,6,67,67301,2017,5,5,415,4,3,1,0,7,4, , ,N,7,0,2,3,0,0,2,1,N,N,40 01:14.607,75 02:34.181,415, ,415, ,0, , , ,0, , , , , , , , , ,1,1,0,0,0,0,0,0,0,0,0,0,0,0,0,0,0,0,0,0,0,0,0,0,0,0,0,0,0,0,0,0,0,0,0,0,0,40.0207,-75.0428, ,Philadelphia
3054,47263,2017052281,6,67,67301,2017,4,6,640,6,1,2,1,5,6, , ,N,0,0,0,3,0,1,1,4,N, ,40 01:56.043,75 02:12.974,702, ,700, ,0, , , ,0, , , , , , , , , ,4,3,0,0,0,0,0,1,0,0,0,1,1,0,0,0,0,0,1,0,0,0,0,0,0,0,0,0,0,0,0,0,0,0,0,4,0,40.0322,-75.0369, ,Philadelphia
3055,47264,2017052304,6,67,67301,2017,4,4,1020,10,1,1,0,4,1, , ,N,1,3,0,3,0,0,2,2,N, ,40 03:31.504,75 03:02.099,1020, ,1020,1,1,4, , ,3,N, , , , , , , , ,2,2,0,0,0,0,0,0,0,0,0,0,0,0,0,0,0,0,0,0,0,0,0,0,0,0,0,0,0,0,0,0,0,0,0,0,0,40.0588,-75.0506, ,Philadelphia
3056,47275,2017066520,6,67,67301,2017,6,3,1237,12,1,1,0,7,2, , ,N,0,0,0,3,0,1,1,1,N,N,40 01:14.097,75 09:26.790,1240, ,1237,2,1,1,N, ,0,N, , , , , , , , ,1,1,0,0,0,0,0,0,0,0,0,1,1,0,0,0,0,0,0,0,0,0,0,1,0,0,0,0,0,0,0,0,0,0,0,4,0,40.0206,-75.1574, ,Philadelphia
3057,47295,2017041312,6,67,67301,2017,4,4,800,8,1,1,0,8,1, , ,N,0,0,7,3,0,1,2,2,N,N,40 01:43.950,75 02:15.236,1202, ,1158, ,0, ,N, ,0, , , , , , , , , ,1,0,0,0,0,0,0,1,0,0,0,1,1,0,0,0,0,0,0,0,0,0,0,0,0,0,0,0,0,0,0,0,1,0,0,4,0,40.0289,-75.0376, ,Philadelphia
3058,47296,2017035695,6,67,67301,2017,3,5,1740,17,1,1,6,2,1, , ,N,0,0,0,3,0,1,2,2,N,N,40 01:51.146,75 07:54.480,1747, ,1745,3,2,5,N, ,0,Y, , , , , , , , ,2,2,0,0,0,0,0,0,0,0,0,1,1,0,0,0,0,0,0,0,0,0,0,0,0,0,0,0,0,0,0,0,0,0,0,4,0,40.0309,-75.1318, ,Philadelphia
3059,47301,2017041141,6,67,67301,2017,3,7,1945,19,1,1,0,4,1, , ,N,1,3,0,3,0,0,2,2,N,N,39 57:20.034,75 13:25.662,2009, ,2009, ,0, ,N, ,3, , , , , , , , , ,2,2,0,0,0,0,0,0,0,0,0,0,0,0,0,0,0,0,0,0,0,1,0,0,0,0,0,0,0,0,0,0,0,0,0,0,0,39.9556,-75.2238, ,Philadelphia
3060,47304,2017041249,6,67,67301,2017,4,6,1700,17,1,1,0,4,1, , ,N,0,0,7,3,0,2,2,2,N,N,40 05:10.822,75 02:20.025,1705, ,1700, ,0, ,N, ,0, , , , , , , , , ,2,2,0,0,0,0,0,0,0,0,0,2,2,0,0,0,0,0,0,0,0,1,0,0,0,0,0,0,0,0,0,0,0,0,0,4,0,40.0863,-75.0389, ,Philadelphia
3061,53419,2017070473,6,67,67301,2017,6,4,814,8,1,1,0,4,1, , ,N,1,2,0,3,0,1,2,2,N,N,40 01:48.978,75 03:51.736,830, ,817, ,0, , , ,3, , , , , , , , , ,2,1,0,0,0,0,1,0,0,0,0,1,1,0,0,0,0,0,0,0,0,0,0,0,0,0,0,0,0,0,0,0,0,0,0,4,0,40.0303,-75.0644, ,Philadelphia
3062,53471,2017067877,6,67,67301,2017,6,7,2018,20,1,1,0,8,1, , ,N,0,0,0,3,0,1,3,2,N,N,39 55:49.661,75 13:59.566,2019, ,2019,2,2,3,N, ,0,Y, , , , , , , , ,1,1,0,0,0,0,0,0,0,0,1,0,1,0,0,0,0,0,0,0,0,0,0,0,0,0,0,0,0,0,0,0,1,0,0,3,0,39.9305,-75.2332, ,Philadelphia