objectid_1,objectid,crn,district,county,municipality,crash_year,crash_month,day_of_week,time_of_day,hour_of_day,illumination,weather,road_condition,collision_type,relation_to_road,work_zone_type,work_zone_loc,work_zone_ind,intersect_type,tcd_type,location_type,urban_rural,fatal_count,injury_count,person_count,total_units,sch_bus_ind,sch_zone_ind,latitude,longitude,arrival_tm,cons_zone_spd_lim,dispatch_tm,est_hrs_closed,lane_closed,ln_close_dir,ntfy_hiwy_maint,spec_juris_cd,tcd_func_cd,tfc_detour_ind,workers_pres,wz_close_detour,wz_flagger,wz_law_offcr_ind,wz_ln_closure,wz_moving,wz_other,wz_shlder_mdn,vehicle_count,automobile_count,motorcycle_count,bus_count,small_truck_count,heavy_truck_count,suv_count,van_count,bicycle_count,maj_inj_count,mod_inj_count,min_inj_count,tot_inj_count,unk_inj_deg_count,unk_inj_per_count,driver_count_16yr,driver_count_17yr,driver_count_18yr,driver_count_19yr,driver_count_20yr,driver_count_50_64yr,driver_count_65_74yr,driver_count_75plus,unbelted_occ_count,unb_death_count,unb_maj_inj_count,belted_death_count,belted_maj_inj_count,mcycle_death_count,mcycle_maj_inj_count,bicycle_death_count,bicycle_maj_inj_count,ped_count,ped_death_count,ped_maj_inj_count,max_severity_level,comm_veh_count,dec_lat,dec_long,rdwy_surf_type_cd,county_name
3063,53472,2017086719,6,67,67301,2017,3,2,1746,17,1,1,0,5,1, , ,N,0,0,0,3,0,2,2,3,N,N,40 03:44.739,75 02:34.500,1748, ,1746,2,1,2,N, ,0,N, , , , , , , , ,2,2,0,0,0,0,0,0,0,0,0,2,2,0,0,0,0,0,0,0,0,0,0,0,0,0,0,0,0,0,0,0,0,0,0,4,0,40.0624,-75.0429, ,Philadelphia
3064,53478,2017087119,6,67,67301,2017,7,7,350,3,3,2,1,1,1, , ,N,0,0,0,3,0,1,4,2,N,N,40 02:44.026,75 00:06.201,400, ,350, ,0, , , ,0, , , , , , , , , ,2,2,0,0,0,0,0,0,0,0,0,0,1,1,0,0,0,0,0,0,0,0,0,0,0,0,0,0,0,0,0,0,0,0,0,8,0,40.0456,-75.0017, ,Philadelphia
3065,53486,2017086828,6,67,67301,2017,4,7,1528,15,1,1,0,1,1, , ,N,0,0,0,3,0,2,9,3,N,N,39 59:32.590,75 14:01.430,1535, ,1530, ,0, ,N, ,0, , , , , , , , , ,3,2,0,0,0,0,1,0,0,0,0,1,2,1,6,0,0,0,0,0,0,1,0,0,0,0,0,0,0,0,0,0,0,0,0,4,0,39.9924,-75.2337, ,Philadelphia
3066,53498,2017088909,6,67,67301,2017,8,6,945,9,1,1,0,8,1, , ,N,1,2,0,3,0,1,2,2,N, ,39 57:13.719,75 09:59.863,953, ,947, ,0, , , ,3, , , , , , , , , ,1,1,0,0,0,0,0,0,0,0,0,1,1,0,0,0,0,0,0,0,0,0,0,0,0,0,0,0,0,0,0,0,1,0,0,4,0,39.9538,-75.1666, ,Philadelphia
3067,53504,2017050388,6,67,67301,2017,5,6,1054,10,1,2,1,7,2, , ,N,0,8,0,3,0,0,1,1,N,N,39 53:30.731,75 14:11.373,1108, ,1108, ,0, , , ,3, , , , , , , , , ,1,1,0,0,0,0,0,0,0,0,0,0,0,0,0,0,0,0,0,0,0,0,0,0,0,0,0,0,0,0,0,0,0,0,0,0,0,39.8919,-75.2365, ,Philadelphia
3068,53508,2017086199,6,67,67301,2017,7,3,1900,19,1,1,0,6,1, , ,N,0,0,0,3,0,1,2,2,N,N,39 56:09.206,75 14:04.724,1913, ,1907, ,0, ,N, ,0, , , , , , , , , ,2,0,0,0,1,0,1,0,0,0,0,1,1,0,0,0,0,0,0,0,0,1,0,0,0,0,0,0,0,0,0,0,0,0,0,4,0,39.9359,-75.2346, ,Philadelphia
3069,53515,2017088787,6,67,67301,2017,8,3,1735,17,1,1,0,1,1, , ,N,2,0,0,3,0,1,2,2,N, ,40 00:32.064,75 10:08.718,1756, ,1756, ,0, , , ,0, , , , , , , , , ,2,2,0,0,0,0,0,0,0,0,0,1,1,0,0,0,0,0,0,0,0,0,0,1,0,0,0,0,0,0,0,0,0,0,0,4,0,40.0088,-75.169, ,Philadelphia
3070,53568,2017088294,6,67,67301,2017,7,4,2025,20,4,1,0,8,1, , ,N,0,0,0,3,0,1,2,2,N,N,39 55:49.324,75 11:42.571,2029, ,2029, ,0, ,N, ,0, , , , , , , , , ,1,0,0,0,0,0,1,0,0,0,0,1,1,0,0,0,0,0,0,0,0,0,0,1,0,0,0,0,0,0,0,0,1,0,0,4,0,39.9304,-75.1952, ,Philadelphia
3071,53586,2017120688,6,67,67301,2017,9,4,1620,16,1,1,0,1,1, , ,N,1,2,0,3,0,1,3,2,N,N,40 01:04.807,75 08:57.222,1645, ,1620, ,0, , , ,3, , , , , , , , , ,2,0,0,1,1,0,0,0,0,0,0,0,1,1,0,0,0,0,0,0,2,0,0,1,0,0,0,0,0,0,0,0,0,0,0,8,1,40.0179,-75.1493, ,Philadelphia
3072,53587,2017109819,6,67,67301,2017,9,7,1140,11,1,1,0,4,1, , ,N,1,3,0,3,0,4,4,4,N,N,40 02:16.440,75 02:50.675,1145, ,1141, ,0, , , ,3, , , , , , , , , ,4,3,0,0,0,0,1,0,0,1,0,0,4,3,0,0,0,0,0,0,0,0,0,1,0,0,0,1,0,0,0,0,0,0,0,2,0,40.0379,-75.0474, ,Philadelphia
3073,53593,2017106184,6,67,67301,2017,10,1,1319,13,1,2,1,7,4, , ,N,6,0,2,3,0,0,1,1,N,N,39 54:39.103,75 08:56.529,1330, ,1320,1,2,1, , ,0,Y, , , , , , , , ,1,0,0,0,0,0,1,0,0,0,0,0,0,0,0,0,0,0,0,0,0,0,0,1,0,0,0,0,0,0,0,0,0,0,0,0,0,39.9109,-75.149, ,Philadelphia
3074,53600,2017055524,6,67,67301,2017,4,2,2011,20,3,1,0,4,1, , ,N,0,0,7,3,0,1,2,2,N,N,40 02:10.622,75 04:11.113,2028, ,2021, ,0, , , ,0, , , , , , , , , ,2,1,1,0,0,0,0,0,0,0,1,0,1,0,0,0,0,0,0,0,2,0,0,0,0,0,0,0,0,0,0,0,0,0,0,3,0,40.0363,-75.0698, ,Philadelphia
3075,53611,2017116159,6,67,67301,2017,10,3,2205,22,3,1,0,4,1, , ,N,1,2,2,3,0,0,2,2,N,N,39 58:28.933,75 11:58.135,2215, ,2205, ,0, ,N, ,3, , , , , , , , , ,2,1,0,0,0,0,1,0,0,0,0,0,0,0,0,0,0,0,0,0,0,1,0,0,0,0,0,0,0,0,0,0,0,0,0,0,0,39.9746,-75.1992, ,Philadelphia
3076,53620,2017093529,6,67,67301,2017,8,6,733,7,1,2,1,7,4, , ,N,7,0,2,3,0,1,1,1,N, ,40 00:42.975,75 12:17.619,812, ,800, ,0, , , ,0, , , , , , , , , ,1,1,0,0,0,0,0,0,0,0,0,1,1,0,0,0,0,0,0,0,0,0,0,0,0,0,0,0,0,0,0,0,0,0,0,4,0,40.014,-75.2046, ,Philadelphia
3077,53626,2017107622,6,67,67301,2017,10,1,606,6,1,1,0,1,1, , ,N,0,0,0,3,0,1,2,2,N,N,39 57:59.977,75 11:14.625,616, ,613,2,1,4, , ,0,Y, , , , , , , , ,2,1,0,0,0,0,1,0,0,0,0,0,1,1,0,0,0,0,0,0,1,1,0,0,0,0,0,0,0,0,0,0,0,0,0,8,0,39.9667,-75.1874, ,Philadelphia
3078,53627,2017120537,6,67,67301,2017,10,3,1855,18,3,1,0,8,6, , ,N,0,0,0,3,0,1,2,2,N, ,39 59:35.456,75 10:11.001,1910, ,1903, ,0, , , ,0, , , , , , , , , ,1,1,0,0,0,0,0,0,0,0,0,0,1,1,0,0,0,0,0,0,0,0,0,0,0,0,0,0,0,0,0,0,1,0,0,8,0,39.9932,-75.1697, ,Philadelphia
3079,50750,2017086047,6,67,67301,2017,7,2,509,5,1,1,0,4,1, , ,N,0,0,7,3,0,1,2,2,N,N,40 00:57.736,75 09:12.544,519, ,519,9,1,4,N, ,0,N, , , , , , , , ,2,1,0,0,0,0,0,0,0,0,0,1,1,0,0,0,0,0,0,0,1,0,0,0,0,0,0,0,0,0,0,0,0,0,0,4,0,40.016,-75.1535, ,Philadelphia
3080,50759,2017068043,6,67,67301,2017,6,6,735,7,1,1,0,4,1, , ,N,1,3,0,3,0,1,2,2,N,N,39 55:51.891,75 10:35.158,745, ,738, ,0, ,N, ,3, , , , , , , , , ,2,2,0,0,0,0,0,0,0,0,0,0,1,1,0,0,0,0,0,0,1,0,0,0,0,0,0,0,0,0,0,0,0,0,0,8,0,39.9311,-75.1764, ,Philadelphia
3081,50773,2017067863,6,67,67301,2017,6,6,853,8,1,1,0,4,1, , ,N,2,3,0,3,0,2,3,2,N,N,40 00:53.812,75 07:47.081,1011, ,1005, ,0, ,N, ,3, , , , , , , , , ,2,1,0,0,1,0,0,0,0,0,0,2,2,0,1,0,0,0,0,0,0,0,0,1,0,0,0,0,0,0,0,0,0,0,0,4,0,40.0149,-75.1297, ,Philadelphia
3082,50774,2017070438,6,67,67301,2017,6,5,925,9,1,1,0,4,1, , ,N,1,2,0,3,0,2,4,2,N,N,40 04:51.448,75 01:44.242,935, ,930,1,1,2,N, ,3,N, , , , , , , , ,2,2,0,0,0,0,0,0,0,0,0,0,2,2,0,0,0,0,0,1,0,0,0,0,0,0,0,0,0,0,0,0,0,0,0,8,0,40.0808,-75.0286, ,Philadelphia
3083,50783,2017088890,6,67,67301,2017,8,3,1420,14,1,1,0,5,1, , ,N,0,0,0,3,0,1,2,2,N,N,40 02:22.865,75 01:57.911,1445, ,1433, ,0, ,N, ,0, , , , , , , , , ,2,1,0,0,0,1,0,0,0,0,0,1,1,0,0,0,0,0,0,0,1,0,0,0,0,0,0,0,0,0,0,0,0,0,0,4,1,40.0397,-75.0328, ,Philadelphia
3084,50784,2017082275,6,67,67301,2017,7,6,548,5,5,1,0,1,1, , ,N,0,0,0,3,0,0,2,2,N,N,39 55:39.526,75 08:47.950,609, ,609,1,2,2, , ,0,N, , , , , , , , ,2,0,0,0,0,0,2,0,0,0,0,0,0,0,0,0,0,0,0,0,0,1,0,0,0,0,0,0,0,0,0,0,0,0,0,0,0,39.9276,-75.1467, ,Philadelphia
3085,50790,2017086945,6,67,67301,2017,1,3,1842,18,3,2,1,8,1, , ,N,0,0,0,3,0,1,2,2,N,N,40 02:30.631,75 04:30.504,1843, ,1843, ,0, , , ,0, , , , , , , , , ,1,1,0,0,0,0,0,0,0,0,0,0,1,1,0,0,0,0,0,0,0,0,0,0,0,0,0,0,0,0,0,0,1,0,0,8,0,40.0418,-75.0751, ,Philadelphia
3086,50804,2017108005,6,67,67301,2017,8,1,300,3,3,1,0,1,6, , ,N,0,0,0,3,0,0,1,4,N, ,40 00:56.737,75 08:58.977,609, ,9999, ,0, , , ,0, , , , , , , , , ,4,1,0,0,0,0,1,1,0,0,0,0,0,0,0,0,0,0,0,0,0,0,0,1,0,0,0,0,0,0,0,0,0,0,0,0,0,40.0158,-75.1497, ,Philadelphia
3087,50822,2017086937,6,67,67301,2017,1,6,2038,20,3,2,1,6,1, , ,N,0,0,0,3,0,1,3,2,N,N,40 03:35.798,75 12:03.663,2045, ,2040,1,2,1,N, ,0,Y, , , , , , , , ,2,2,0,0,0,0,0,0,0,0,1,0,1,0,0,0,0,0,0,0,0,0,0,0,0,0,0,0,0,0,0,0,0,0,0,3,0,40.0599,-75.201, ,Philadelphia
3088,50834,2017120536,6,67,67301,2017,10,1,315,3,3,2,1,1,1, , ,N,0,0,0,3,0,2,4,3,N,N,40 01:14.403,75 09:23.850,329, ,321, ,0, ,N, ,0, , , , , , , , , ,3,2,0,0,0,0,1,0,0,0,0,2,2,0,0,0,0,0,0,0,1,0,0,0,0,0,0,0,0,0,0,0,0,0,0,4,0,40.0207,-75.1566, ,Philadelphia
3089,50839,2017091804,6,67,67301,2017,8,1,1514,15,1,1,0,7,4, , ,N,2,0,0,3,0,1,1,1,N, ,39 58:06.679,75 13:17.655,1517, ,1515,1,2,6, , ,0,Y, , , , , , , , ,1,1,0,0,0,0,0,0,0,0,0,1,1,0,0,0,0,0,0,0,0,0,0,0,0,0,0,0,0,0,0,0,0,0,0,4,0,39.9685,-75.2216, ,Philadelphia
3090,50867,2017066007,6,67,67301,2017,6,3,1831,18,1,1,0,4,1, , ,N,1,2,0,3,0,1,2,2,N,N,39 57:16.822,75 11:40.080,1832, ,1831, ,0, ,N, ,3, , , , , , , , , ,1,1,0,0,0,0,0,0,1,0,0,1,1,0,0,0,0,0,0,0,0,0,0,0,0,0,0,0,0,0,0,0,0,0,0,4,0,39.9547,-75.1944, ,Philadelphia
3091,50875,2017086739,6,67,67301,2017,3,2,1607,16,1,1,1,5,1, , ,N,0,0,0,3,0,3,5,2,N,N,39 54:27.097,75 14:13.833,1625, ,1622, ,0, ,N, ,0, , , , , , , , , ,2,1,0,0,0,0,0,1,0,0,0,0,3,3,0,0,0,0,0,0,0,0,0,1,0,0,0,0,0,0,0,0,0,0,0,8,0,39.9075,-75.2372, ,Philadelphia
3092,50878,2017097871,6,67,67301,2017,9,2,912,9,1,1,0,4,1, , ,N,5,2,2,3,0,1,2,2,N,N,39 57:05.944,75 10:58.007,930, ,912, ,0, ,N, ,3, , , , , , , , , ,2,1,0,0,0,0,1,0,0,0,0,1,1,0,0,0,0,0,0,0,0,1,0,0,0,0,0,0,0,0,0,0,0,0,0,4,0,39.9516,-75.1825, ,Philadelphia
3093,50885,2017109868,6,67,67301,2017,10,6,750,7,1,1,0,8,1, , ,N,0,0,0,3,0,1,3,3,N,N,40 03:14.141,75 05:23.088,753, ,753,3,2,6,N, ,0,Y, , , , , , , , ,2,0,0,0,0,0,1,1,0,0,1,0,1,0,0,0,0,0,0,0,0,0,0,0,0,0,0,0,0,0,0,0,1,0,0,3,0,40.0539,-75.0897, ,Philadelphia
3094,50887,2017115947,6,67,67301,2017,10,5,744,7,1,2,1,4,1, , ,N,1,3,0,3,0,1,2,2,N,N,40 00:05.127,75 09:05.620,756, ,744, ,0, ,N, ,3, , , , , , , , , ,2,1,0,0,0,1,0,0,0,0,1,0,1,0,0,0,0,0,0,0,0,1,0,1,0,0,0,0,0,0,0,0,0,0,0,3,1,40.0014,-75.1516, ,Philadelphia
3095,50896,2017137573,6,67,67301,2017,12,7,1505,15,1,1,0,5,1, , ,N,2,0,0,3,0,4,6,2,N,N,39 58:43.636,75 14:08.761,1510, ,1505,2,2,1,N, ,0,Y, , , , , , , , ,2,1,0,1,0,0,0,0,0,0,0,4,4,0,0,0,0,0,0,0,1,0,0,1,0,0,0,0,0,0,0,0,0,0,0,4,1,39.9788,-75.2358, ,Philadelphia
3096,50942,2017112064,6,67,67301,2017,10,5,2221,22,3,1,0,7,2, , ,N,0,0,0,3,0,0,1,1,N,N,39 59:00.234,75 05:52.038,2228, ,2224,1,1,1, , ,0,N, , , , , , , , ,1,0,0,0,1,0,0,0,0,0,0,0,0,0,0,0,0,0,0,0,0,0,0,0,0,0,0,0,0,0,0,0,0,0,0,0,0,39.9834,-75.0978, ,Philadelphia
3097,44126,2017041189,6,67,67301,2017,3,3,1830,18,1,2,1,4,1, , ,N,1,3,0,3,0,2,2,4,N,N,40 01:31.224,75 12:45.925,1840, ,1838, ,0, ,N, ,3, , , , , , , , , ,4,2,0,0,1,0,1,0,0,0,1,1,2,0,0,0,0,0,0,0,1,0,0,0,0,0,0,0,0,0,0,0,0,0,0,3,0,40.0253,-75.2128, ,Philadelphia
3098,44156,2017014005,6,67,67301,2017,1,6,925,9,1,1,0,8,1, , ,N,1,2,0,3,0,1,2,2,N, ,39 59:30.821,75 08:17.989,944, ,932, ,0, , , ,3, , , , , , , , , ,1,1,0,0,0,0,0,0,0,0,0,0,1,1,0,0,0,0,0,0,0,0,0,1,0,0,0,0,0,0,0,0,1,0,0,8,0,39.9918,-75.1383, ,Philadelphia
3099,44159,2017025231,6,67,67301,2017,3,4,20,0,3,2,1,7,2, , ,N,6,0,2,3,0,0,1,1,N,N,39 57:41.049,75 10:57.066,29, ,20, ,0, , , ,0, , , , , , , , , ,1,0,0,0,0,0,1,0,0,0,0,0,0,0,0,0,0,0,0,0,0,0,0,0,0,0,0,0,0,0,0,0,0,0,0,0,0,39.9614,-75.1825, ,Philadelphia
3100,44195,2017060651,6,67,67301,2017,5,4,1322,13,1,1,0,1,1, , ,N,1,2,0,3,0,1,3,2,N,N,39 56:53.519,75 09:51.947,1330, ,1327, ,0, ,N, ,3, , , , , , , , , ,2,1,0,1,0,0,0,0,0,0,0,1,1,0,0,0,0,0,0,0,2,0,0,1,0,0,0,0,0,0,0,0,0,0,0,4,1,39.9482,-75.1644, ,Philadelphia
3101,44231,2017078736,6,67,67301,2017,7,1,209,2,3,1,0,1,6, , ,N,0,0,0,3,0,1,1,2,N, ,39 59:19.986,75 08:21.724,223, ,218, ,0, , , ,0, , , , , , , , , ,2,0,0,0,0,0,2,0,0,0,0,0,1,1,0,0,0,0,0,0,0,0,0,0,0,0,0,0,0,0,0,0,0,0,0,8,0,39.9889,-75.1394, ,Philadelphia
3102,44236,2017091729,6,67,67301,2017,8,1,2207,22,3,1,0,4,1, , ,N,1,2,0,3,0,4,6,2,N,N,39 57:16.399,75 10:52.674,2215, ,2210,2,1,3,N, ,3,N, , , , , , , , ,2,1,0,1,0,0,0,0,0,0,0,2,4,2,0,0,0,0,0,0,0,1,0,0,0,0,0,0,0,0,0,0,0,0,0,4,1,39.9546,-75.1813, ,Philadelphia
3103,44246,2017096499,6,67,67301,2017,8,2,511,5,1,1,0,4,1, , ,N,0,0,7,3,0,2,4,3,N,N,40 01:04.026,75 08:58.911,535, ,529,1,1,4,N, ,0,Y, , , , , , , , ,3,1,0,0,1,0,1,0,0,0,0,0,2,2,0,0,0,0,0,0,1,0,0,0,0,0,0,0,0,0,0,0,0,0,0,8,0,40.0178,-75.1497, ,Philadelphia
3104,44251,2017055688,6,67,67301,2017,5,2,1702,17,1,1,0,5,6, , ,N,0,0,0,3,0,1,1,2,N, ,40 00:20.157,75 06:11.071,1720, ,1708, ,0, , , ,0, , , , , , , , , ,2,1,0,0,0,0,1,0,0,0,0,1,1,0,0,0,0,0,0,0,0,0,0,1,0,0,0,0,0,0,0,0,0,0,0,4,0,40.0056,-75.1031, ,Philadelphia
3105,44259,2017041167,6,67,67301,2017,3,6,2302,23,3,2,1,5,6, , ,N,0,0,0,3,0,0,1,3,N, ,40 00:35.287,75 06:15.638,459, ,2302, ,0, , , ,0, , , , , , , , , ,3,2,0,0,0,0,1,0,0,0,0,0,0,0,1,0,0,0,0,0,0,0,0,0,0,0,0,0,0,0,0,0,0,0,0,9,0,40.0098,-75.1043, ,Philadelphia
3106,44263,2017041328,6,67,67301,2017,4,2,1830,18,1,1,0,4,1, , ,N,0,0,7,3,0,3,5,2,N, ,40 04:58.891,75 02:16.452,1833, ,1833, ,0, , , ,0, , , , , , , , , ,1,0,0,0,0,0,0,1,1,0,0,3,3,0,2,0,0,0,0,0,1,0,0,0,0,0,0,0,0,0,0,0,0,0,0,4,0,40.083,-75.0379, ,Philadelphia
3107,44264,2017033076,6,67,67301,2017,2,5,730,7,1,5,1,1,1, , ,N,0,2,0,3,0,1,4,2,N,N,39 55:14.348,75 13:27.730,805, ,803, ,0, ,N, ,3, , , , , , , , , ,2,1,0,0,0,0,1,0,0,0,0,1,1,0,1,0,0,0,0,0,0,0,0,0,0,0,0,0,0,0,0,0,0,0,0,4,0,39.9207,-75.2244, ,Philadelphia
3108,44276,2017052451,6,67,67301,2017,4,6,1004,10,1,1,0,4,1, , ,N,5,2,0,3,0,3,3,2,N,N,40 00:09.273,75 05:59.019,1025, ,1020, ,0, ,N, ,3, , , , , , , , , ,2,2,0,0,0,0,0,0,0,0,0,0,3,3,0,0,0,0,0,0,0,0,0,0,0,0,0,0,0,0,0,0,0,0,0,8,0,40.0026,-75.0997, ,Philadelphia
3109,44293,2017067791,6,67,67301,2017,5,5,651,6,1,2,1,4,1, , ,N,1,3,0,3,0,3,3,2,N, ,39 55:33.804,75 10:57.854,702, ,700, ,0, , , ,3, , , , , , , , , ,2,1,0,1,0,0,0,0,0,0,2,1,3,0,0,0,0,0,0,0,1,0,0,1,0,0,0,0,0,0,0,0,0,0,0,3,1,39.926,-75.1826, ,Philadelphia
3110,44311,2017019049,6,67,67301,2017,1,4,1100,11,1,1,0,5,1, , ,N,0,0,0,3,0,1,3,2,N, ,40 01:36.022,75 06:51.395,1115, ,1107, ,0, , , ,0, , , , , , , , , ,2,1,0,0,0,0,1,0,0,0,0,0,1,1,0,0,0,0,0,0,1,0,0,0,0,0,0,0,0,0,0,0,0,0,0,8,0,40.0267,-75.1143, ,Philadelphia
3111,44320,2017046977,6,67,67301,2017,4,1,937,9,1,1,0,0,1, , ,N,0,0,8,3,0,1,1,1,N,N,39 54:38.073,75 08:56.798,941, ,937, ,0, , , ,0, , , , , , , , , ,1,0,1,0,0,0,0,0,0,0,0,0,1,1,0,0,0,0,0,0,0,0,0,0,0,0,0,0,0,0,0,0,0,0,0,8,0,39.9106,-75.1491, ,Philadelphia
3112,44339,2017052349,6,67,67301,2017,5,4,1147,11,1,1,0,4,1, , ,N,1,2,0,3,0,4,4,2,N,N,39 59:23.334,75 08:06.773,1205, ,1200, ,0, ,N, ,3, , , , , , , , , ,2,2,0,0,0,0,0,0,0,0,2,2,4,0,0,0,0,0,0,0,0,1,0,0,0,0,0,0,0,0,0,0,0,0,0,3,0,39.9898,-75.1352, ,Philadelphia
3113,44343,2017052188,6,67,67301,2017,4,6,1800,18,1,1,0,4,1, , ,N,2,2,7,3,0,1,2,2,N, ,40 05:16.825,74 57:56.861,1803, ,1802, ,0, , , ,3, , , , , , , , , ,2,2,0,0,0,0,0,0,0,0,0,1,1,0,0,0,0,0,0,0,0,0,0,1,0,0,0,0,0,0,0,0,0,0,0,4,0,40.088,-74.9658, ,Philadelphia
3114,44359,2017048654,6,67,67301,2017,5,6,1025,10,1,2,1,7,4, , ,N,0,0,0,3,0,0,1,1,N,N,39 53:35.934,75 13:52.035,1025, ,1025, ,0, , , ,0, , , , , , , , , ,1,1,0,0,0,0,0,0,0,0,0,0,0,0,0,0,0,0,0,0,0,0,0,0,0,0,0,0,0,0,0,0,0,0,0,0,0,39.8933,-75.2311, ,Philadelphia
3115,47309,2017033543,6,67,67301,2017,2,4,1740,17,3,1,0,1,1, , ,N,2,2,0,3,0,3,5,3,N,N,40 01:52.292,75 05:11.198,1746, ,1740,2,2,2, , ,3,Y, , , , , , , , ,3,1,0,1,0,0,0,1,0,0,0,3,3,0,0,0,0,0,0,0,0,0,0,0,0,0,0,0,0,0,0,0,0,0,0,4,1,40.0312,-75.0864, ,Philadelphia
3116,47311,2017037064,6,67,67301,2017,3,6,1438,14,1,2,1,7,4, , ,N,0,0,0,3,0,0,1,1,N,N,40 02:33.933,75 00:12.720,1443, ,1438, ,0, , , ,0, , , , , , , , , ,1,1,0,0,0,0,0,0,0,0,0,0,0,0,0,0,0,0,0,1,0,0,0,1,0,0,0,0,0,0,0,0,0,0,0,0,0,40.0428,-75.0035, ,Philadelphia
3117,47335,2017013946,6,67,67301,2017,1,5,1113,11,1,1,0,4,1, , ,N,1,3,0,3,0,2,8,2,N, ,39 59:24.889,75 06:15.537,1115, ,1113, ,0, , , ,3, , , , , , , , , ,2,1,0,0,0,0,1,0,0,0,1,1,2,0,0,0,0,0,0,0,0,1,0,5,0,0,0,0,0,0,0,0,0,0,0,3,0,39.9902,-75.1043, ,Philadelphia
3118,47341,2017029998,6,67,67301,2017,3,1,2042,20,3,1,0,1,1, , ,N,0,0,0,3,0,0,7,2,N,N,39 58:43.182,75 09:28.102,2053, ,2052, ,0, ,N, ,0, , , , , , , , , ,2,0,0,0,0,0,1,1,0,0,0,0,0,0,0,0,0,0,0,0,0,0,0,0,0,0,0,0,0,0,0,0,0,0,0,0,0,39.9787,-75.1578, ,Philadelphia
3119,47348,2017029012,6,67,67301,2017,2,6,1455,14,1,1,0,6,6, , ,N,0,0,0,3,0,1,1,3,N,N,40 02:13.376,75 03:09.633,1535, ,1531, ,0, , , ,0, , , , , , , , , ,3,3,0,0,0,0,0,0,0,1,0,0,1,0,0,0,0,0,0,0,0,1,0,0,0,0,0,0,0,0,0,0,0,0,0,2,0,40.037,-75.0527, ,Philadelphia
3120,47379,2017013190,6,67,67301,2017,1,1,1510,15,1,1,0,1,1, , ,N,0,0,0,3,0,3,4,3,N,N,40 04:48.281,75 01:37.605,1724, ,1710,9,1,4,N, ,0,N, , , , , , , , ,3,2,0,0,0,0,1,0,0,0,1,2,3,0,0,0,0,0,0,0,1,0,0,0,0,0,0,0,0,0,0,0,0,0,0,3,0,40.0801,-75.0271, ,Philadelphia
3121,47394,2017041140,6,67,67301,2017,3,7,2000,20,3,2,1,1,1, , ,N,1,2,0,3,0,2,3,2,N,N,40 01:15.937,75 08:23.758,2018, ,2007,1,1,1,N, ,3,N, , , , , , , , ,2,1,0,0,0,0,1,0,0,0,2,0,2,0,0,0,0,0,0,0,0,0,0,1,0,0,0,0,0,0,0,0,0,0,0,3,0,40.0211,-75.1399, ,Philadelphia
3122,47402,2017033098,6,67,67301,2017,2,2,2146,21,3,1,0,1,1, , ,N,2,2,2,3,0,1,3,2,N,N,39 54:38.089,75 10:22.870,2150, ,2150,2,1,1,N, ,3,N, , , , , , , , ,2,1,0,0,0,0,1,0,0,0,0,1,1,0,0,0,0,0,0,0,0,0,0,2,0,0,0,0,0,0,0,0,0,0,0,4,0,39.9106,-75.1727, ,Philadelphia
3123,47405,2017021970,6,67,67301,2017,2,7,1616,16,1,1,0,8,1, , ,N,1,2,0,3,0,1,2,2,N,N,39 58:17.270,75 09:34.235,1621, ,1619, ,0, , , ,3, , , , , , , , , ,1,1,0,0,0,0,0,0,0,0,1,0,1,0,0,0,0,0,0,0,0,0,0,0,0,0,0,0,0,0,0,0,1,0,0,3,0,39.9714,-75.1594, ,Philadelphia
3124,47411,2017045674,6,67,67301,2017,5,5,1015,10,1,1,0,4,1, , ,N,1,2,0,3,0,1,2,2,N,N,39 59:17.890,75 15:14.288,1030, ,1016,2,1,1,N, ,3,N, , , , , , , , ,2,1,0,0,0,1,0,0,0,0,0,0,1,1,0,0,0,0,0,0,1,0,0,1,0,0,0,0,0,0,0,0,0,0,0,8,1,39.9883,-75.254, ,Philadelphia
3125,47414,2017060471,6,67,67301,2017,5,7,1910,19,1,2,1,7,4, , ,N,3,0,2,3,0,0,6,3,N,N,39 59:11.610,75 12:32.326,1920, ,1917, ,0, , , ,0, , , , , , , , , ,3,2,0,0,0,0,1,0,0,0,0,0,0,0,0,0,0,0,0,0,1,1,0,0,0,0,0,0,0,0,0,0,0,0,0,0,0,39.9867,-75.2076, ,Philadelphia
3126,47416,2017060578,6,67,67301,2017,5,1,1937,19,4,1,0,4,1, , ,N,1,2,0,3,0,1,2,2,N,N,40 01:47.668,75 08:45.635,2000, ,1945, ,0, ,N, ,3, , , , , , , , , ,2,1,0,0,0,0,1,0,0,0,0,1,1,0,0,0,0,0,0,0,1,1,0,0,0,0,0,0,0,0,0,0,0,0,0,4,0,40.0299,-75.146, ,Philadelphia
3127,47435,2017067818,6,67,67301,2017,6,5,1954,19,1,1,0,4,1, , ,N,1,3,0,3,0,1,3,2,N,N,40 01:16.160,75 09:07.032,1955, ,1955,1,2,2,N, ,3,Y, , , , , , , , ,2,2,0,0,0,0,0,0,0,0,0,1,1,0,0,0,0,0,0,0,0,1,0,2,0,0,0,0,0,0,0,0,0,0,0,4,0,40.0212,-75.152, ,Philadelphia