objectid_1,objectid,crn,district,county,municipality,crash_year,crash_month,day_of_week,time_of_day,hour_of_day,illumination,weather,road_condition,collision_type,relation_to_road,work_zone_type,work_zone_loc,work_zone_ind,intersect_type,tcd_type,location_type,urban_rural,fatal_count,injury_count,person_count,total_units,sch_bus_ind,sch_zone_ind,latitude,longitude,arrival_tm,cons_zone_spd_lim,dispatch_tm,est_hrs_closed,lane_closed,ln_close_dir,ntfy_hiwy_maint,spec_juris_cd,tcd_func_cd,tfc_detour_ind,workers_pres,wz_close_detour,wz_flagger,wz_law_offcr_ind,wz_ln_closure,wz_moving,wz_other,wz_shlder_mdn,vehicle_count,automobile_count,motorcycle_count,bus_count,small_truck_count,heavy_truck_count,suv_count,van_count,bicycle_count,maj_inj_count,mod_inj_count,min_inj_count,tot_inj_count,unk_inj_deg_count,unk_inj_per_count,driver_count_16yr,driver_count_17yr,driver_count_18yr,driver_count_19yr,driver_count_20yr,driver_count_50_64yr,driver_count_65_74yr,driver_count_75plus,unbelted_occ_count,unb_death_count,unb_maj_inj_count,belted_death_count,belted_maj_inj_count,mcycle_death_count,mcycle_maj_inj_count,bicycle_death_count,bicycle_maj_inj_count,ped_count,ped_death_count,ped_maj_inj_count,max_severity_level,comm_veh_count,dec_lat,dec_long,rdwy_surf_type_cd,county_name
3193,47627,2017037442,6,67,67301,2017,3,2,1600,16,1,1,0,4,1, , ,N,1,3,0,3,0,1,3,2,N,N,39 59:05.377,75 05:58.264,2018, ,2008, ,0, , , ,3, , , , , , , , , ,2,1,0,0,0,0,0,1,0,0,0,1,1,0,0,0,0,0,0,0,0,0,0,0,0,0,0,0,0,0,0,0,0,0,0,4,0,39.9848,-75.0995, ,Philadelphia
3194,47646,2017028928,6,67,67301,2017,2,4,919,9,1,1,0,4,1, , ,N,1,2,0,3,0,3,3,2,N,N,39 55:12.734,75 13:48.680,933, ,928,2,1,1,N, ,3,N, , , , , , , , ,2,1,0,0,0,0,0,1,0,0,0,1,3,2,0,0,0,0,0,0,1,0,0,0,0,0,0,0,0,0,0,0,0,0,0,4,0,39.9202,-75.2302, ,Philadelphia
3195,47649,2017019069,6,67,67301,2017,2,1,220,2,3,3,0,7,4, , ,N,0,0,0,3,0,1,2,1,N,N,39 57:33.613,75 08:14.589,235, ,225,1,1,1, , ,0,N, , , , , , , , ,1,1,0,0,0,0,0,0,0,0,1,0,1,0,1,0,0,0,0,0,0,0,0,0,0,0,0,0,0,0,0,0,0,0,0,3,0,39.9593,-75.1374, ,Philadelphia
3196,47655,2017035637,6,46,46102,2017,3,1,2150,21,3,1,0,1,1, , ,N,0,0,0,3,0,6,6,2,N,N,40 04:18.672,75 09:15.874,2215, ,2158, ,0, ,N, ,0, , , , , , , , , ,2,0,0,1,0,0,0,1,0,1,0,5,6,0,0,0,0,0,0,0,1,0,0,1,0,1,0,0,0,0,0,0,0,0,0,2,1,40.0719,-75.1544, ,Montgomery
3197,47668,2017006906,6,67,67301,2017,1,6,2207,22,3,1,0,1,1, , ,N,0,0,0,3,0,0,4,2,N,N,39 53:16.598,75 12:13.276,2220, ,2211,2,2,2, , ,0,N, , , , , , , , ,2,1,0,0,0,0,1,0,0,0,0,0,0,0,0,0,0,0,0,0,0,0,0,0,0,0,0,0,0,0,0,0,0,0,0,0,0,39.8879,-75.2037, ,Philadelphia
3198,47677,2017037520,6,67,67301,2017,3,6,1312,13,1,1,0,1,1, , ,N,1,0,0,3,0,1,2,2,N,N,40 04:02.789,75 00:32.080,1345, ,1334,2,1,2,N, ,0,N, , , , , , , , ,2,2,0,0,0,0,0,0,0,0,0,0,1,1,0,0,0,0,0,0,1,0,0,0,0,0,0,0,0,0,0,0,0,0,0,8,0,40.0673,-75.0089, ,Philadelphia
3199,47678,2017034216,6,67,67301,2017,3,6,1422,14,1,2,1,2,1, , ,N,1,2,0,3,0,0,2,3,N,N,39 57:48.108,75 11:14.703,1433, ,1432,1,1,1,N, ,3,N, , , , , , , , ,3,2,0,0,0,0,1,0,0,0,0,0,0,0,0,0,0,0,0,0,0,0,1,2,0,0,0,0,0,0,0,0,0,0,0,0,0,39.9634,-75.1875, ,Philadelphia
3200,47687,2017041348,6,67,67301,2017,4,1,1421,14,1,1,0,4,1, , ,N,1,3,0,3,0,1,2,2,N, ,40 02:26.763,75 08:46.806,1445, ,1421,1,1,7, , ,3,N, , , , , , , , ,2,2,0,0,0,0,0,0,0,1,0,0,1,0,0,0,0,0,0,0,2,0,0,0,0,0,0,0,0,0,0,0,0,0,0,2,0,40.0408,-75.1463, ,Philadelphia
3201,47703,2017055529,6,67,67301,2017,4,3,905,9,1,2,1,5,1, , ,N,0,0,0,3,0,1,2,2,N, ,39 57:14.689,75 10:39.289,9999, ,9999, ,0, , , ,0, , , , , , , , , ,2,0,0,0,0,0,2,0,0,0,0,1,1,0,0,0,0,0,0,0,0,0,1,1,0,0,0,0,0,0,0,0,0,0,0,4,0,39.9541,-75.1776, ,Philadelphia
3202,47704,2017058296,6,67,67301,2017,5,4,749,7,1,1,0,4,1, , ,N,0,0,6,3,0,0,2,2,N,N,40 02:32.183,75 08:38.107,850, ,845, ,0, ,N, ,0, , , , , , , , , ,2,2,0,0,0,0,0,0,0,0,0,0,0,0,0,0,0,0,0,0,0,0,0,0,0,0,0,0,0,0,0,0,0,0,0,0,0,40.042,-75.144, ,Philadelphia
3203,47716,2017010619,6,67,67301,2017,1,5,9999,99,3,1,0,5,1, , ,N,0,0,0,3,0,1,5,3,N,N,40 02:43.392,75 03:13.869,1910, ,1859, ,0, ,N, ,0, , , , , , , , , ,3,3,0,0,0,0,0,0,0,0,0,1,1,0,0,0,0,1,0,0,1,0,0,0,0,0,0,0,0,0,0,0,0,0,0,4,0,40.0454,-75.0539, ,Philadelphia
3204,47734,2017084798,6,67,67301,2017,8,6,1622,16,1,1,0,7,4, , ,N,0,0,0,3,0,0,1,1,N,N,39 53:59.950,75 09:35.218,1622, ,1622,1,1,1, , ,0,N, , , , , , , , ,1,1,0,0,0,0,0,0,0,0,0,0,0,0,0,0,0,0,0,0,0,0,0,0,0,0,0,0,0,0,0,0,0,0,0,0,0,39.9,-75.1598, ,Philadelphia
3205,53801,2017078806,6,67,67301,2017,7,4,353,3,3,1,0,1,6, , ,N,0,0,0,3,0,0,1,4,N,N,39 58:25.911,75 12:22.195,514, ,513, ,0, ,N, ,0, , , , , , , , , ,4,0,0,0,2,0,1,1,0,0,0,0,0,0,1,0,0,0,0,0,0,0,0,0,0,0,0,0,0,0,0,0,0,0,0,9,0,39.9739,-75.2062, ,Philadelphia
3206,53810,2017093541,6,67,67301,2017,8,5,9999,99,1,1,0,1,1, , ,N,0,0,0,3,0,2,2,2,N,N,40 06:01.622,75 00:28.651,1546, ,1540,1,1,2, , ,0,Y, , , , , , , , ,2,0,0,0,0,0,1,1,0,0,0,0,2,2,0,0,0,0,0,0,2,0,0,2,0,0,0,0,0,0,0,0,0,0,0,8,0,40.1004,-75.008, ,Philadelphia
3207,53817,2017088981,6,67,67301,2017,8,7,645,6,1,2,1,4,1, , ,N,1,2,0,3,0,0,2,2,N,N,39 59:18.584,75 06:22.955,820, ,820, ,0, ,N, ,3, , , , , , , , , ,2,1,0,0,0,0,1,0,0,0,0,0,0,0,0,0,0,0,0,0,1,0,0,0,0,0,0,0,0,0,0,0,0,0,0,0,0,39.9885,-75.1064, ,Philadelphia
3208,53821,2017122783,6,67,67301,2017,10,5,1840,18,3,1,0,5,1, , ,N,0,0,0,3,0,1,2,2,N, ,40 00:17.952,75 10:44.881,1930, ,1930, ,0, , , ,0, , , , , , , , , ,1,1,0,0,0,0,0,0,1,0,0,0,1,1,1,0,0,0,0,0,0,0,0,0,0,0,0,0,0,0,0,0,0,0,0,8,0,40.005,-75.1791, ,Philadelphia
3209,53840,2017065238,6,67,67301,2017,6,6,2158,21,3,1,0,1,1, , ,N,0,0,0,3,0,3,9,2,N,N,40 00:30.818,75 11:24.484,2204, ,2200,2,2,1,N, ,0,N, , , , , , , , ,2,1,0,0,0,0,1,0,0,0,0,3,3,0,0,0,0,0,0,0,1,0,0,3,0,0,0,0,0,0,0,0,0,0,0,4,0,40.0086,-75.1901, ,Philadelphia
3210,53863,2017120727,6,67,67301,2017,10,1,20,0,3,1,0,4,1, , ,N,0,0,7,3,0,1,2,2,N,N,39 57:26.412,75 10:03.024,144, ,122, ,0, ,N, ,0, , , , , , , , , ,2,1,1,0,0,0,0,0,0,0,0,0,1,1,0,0,0,0,0,0,0,0,0,1,0,0,0,0,0,0,0,0,0,0,0,8,0,39.9573,-75.1675, ,Philadelphia
3211,53877,2017127361,6,67,67301,2017,11,5,740,7,1,1,0,4,1, , ,N,1,3,0,3,0,3,5,2,N,Y,40 00:44.499,75 06:06.843,835, ,835, ,0, ,N, ,3, , , , , , , , , ,2,1,0,0,1,0,0,0,0,0,0,3,3,0,0,0,0,0,0,0,0,0,0,2,0,0,0,0,0,0,0,0,0,0,0,4,0,40.0124,-75.1019, ,Philadelphia
3212,53891,2017078805,6,67,67301,2017,7,3,140,1,3,1,0,8,1, , ,N,0,0,0,3,0,1,2,3,N,N,39 59:37.184,75 10:36.516,2145, ,2145, ,0, ,N, ,0, , , , , , , , , ,2,1,0,0,0,0,1,0,0,0,0,1,1,0,0,0,0,0,0,0,0,0,0,0,0,0,0,0,0,0,0,0,1,0,0,4,0,39.9937,-75.1768, ,Philadelphia
3213,53905,2017086268,6,67,67301,2017,7,1,1600,16,1,1,0,4,1, , ,N,1,2,0,3,0,1,2,2,N,N,39 55:19.117,75 09:03.920,1605, ,1600, ,0, ,N, ,3, , , , , , , , , ,1,0,0,0,0,0,0,1,1,0,0,1,1,0,0,0,0,0,0,0,0,0,0,1,0,0,0,0,0,0,0,0,0,0,0,4,0,39.922,-75.151, ,Philadelphia
3214,53952,2017088789,6,67,67301,2017,8,1,1550,15,1,1,0,1,1, , ,N,1,2,0,3,0,0,2,2,N, ,40 00:26.015,75 07:24.332,1605, ,1600, ,0, , , ,3, , , , , , , , , ,2,1,0,0,0,0,1,0,0,0,0,0,0,0,0,0,0,0,0,0,0,0,0,0,0,0,0,0,0,0,0,0,0,0,0,0,0,40.0072,-75.1234, ,Philadelphia
3215,53969,2017105878,6,67,67301,2017,9,2,1444,14,1,1,0,4,1, , ,N,1,2,0,3,0,0,3,3,N,N,40 02:35.284,75 04:25.695,1533, ,1530,3,2,7,N, ,3,Y, , , , , , , , ,3,2,0,0,0,0,1,0,0,0,0,0,0,0,0,0,0,0,0,0,1,0,0,0,0,0,0,0,0,0,0,0,0,0,0,0,0,40.0431,-75.0738, ,Philadelphia
3216,53983,2017063911,6,67,67301,2017,6,6,1232,12,1,1,0,5,2, , ,N,0,0,0,3,0,0,2,3,N,N,40 02:57.443,74 59:48.562,1255, ,1234,2,2,2, , ,0,N, , , , , , , , ,3,3,0,0,0,0,0,0,0,0,0,0,0,0,0,0,0,0,0,0,1,0,0,0,0,0,0,0,0,0,0,0,0,0,0,0,0,40.0493,-74.9968, ,Philadelphia
3217,54009,2017086281,6,67,67301,2017,7,2,2212,22,6,1,0,1,6, , ,N,0,0,0,3,0,0,1,2,N,N,39 55:35.054,75 13:14.112,2218, ,2216,1,1,4,N, ,0,Y, , , , , , , , ,2,1,0,0,0,1,0,0,0,0,0,0,0,0,0,0,0,0,0,0,0,0,0,1,0,0,0,0,0,0,0,0,0,0,0,0,1,39.9264,-75.2206, ,Philadelphia
3218,54011,2017105912,6,67,67301,2017,9,3,1809,18,1,1,0,1,1, , ,N,0,0,0,3,0,4,4,2,N,N,40 03:44.791,75 12:00.597,1843, ,1839, ,0, , , ,0, , , , , , , , , ,2,1,0,0,0,0,1,0,0,0,0,4,4,0,0,0,0,0,0,0,1,0,0,0,0,0,0,0,0,0,0,0,0,0,0,4,0,40.0624,-75.2002, ,Philadelphia
3219,54069,2017061148,6,67,67301,2017,5,3,1650,16,1,1,1,8,1, , ,N,1,2,0,3,0,1,2,2,N, ,39 57:04.188,75 09:12.905,1750, ,1732, ,0, , , ,3, , , , , , , , , ,1,1,0,0,0,0,0,0,0,0,0,0,1,1,0,0,0,0,0,0,0,0,0,1,0,0,0,0,0,0,0,0,1,0,0,8,0,39.9512,-75.1536, ,Philadelphia
3220,54070,2017060445,6,67,67301,2017,5,1,2014,20,4,1,0,1,1, , ,N,0,0,0,3,1,5,6,5,N,N,40 00:41.680,75 06:30.214,2018, ,2016,3,2,6,N,0,0,Y, , , , , , , , ,5,5,0,0,0,0,0,0,0,0,0,0,5,5,0,0,0,0,0,0,0,0,0,1,1,0,0,0,0,0,0,0,0,0,0,1,0,40.0116,-75.1084,2,Philadelphia
3221,54118,2017060572,6,67,67301,2017,5,5,2153,21,3,1,0,4,1, , ,N,0,0,0,3,0,3,3,2,N,N,39 59:53.062,75 10:01.660,2327, ,2320,2,2,5,N, ,0,Y, , , , , , , , ,2,2,0,0,0,0,0,0,0,0,0,1,3,2,0,0,0,0,0,0,0,0,0,0,0,0,0,0,0,0,0,0,0,0,0,4,0,39.9981,-75.1671, ,Philadelphia
3222,54147,2017086818,6,67,67301,2017,4,3,520,5,1,2,1,4,1, , ,N,2,0,0,3,0,1,2,2,N, ,39 59:15.068,75 15:20.610,540, ,528, ,0, , , ,0, , , , , , , , , ,2,2,0,0,0,0,0,0,0,0,0,1,1,0,0,0,0,0,0,0,0,0,1,0,0,0,0,0,0,0,0,0,0,0,0,4,0,39.9875,-75.2557, ,Philadelphia
3223,40849,2017037187,6,67,67301,2017,3,3,1041,10,1,3,4,6,1, , ,N,0,0,0,3,0,0,4,3,N,N,39 56:48.134,75 08:31.519,1045, ,1042, ,0, , , ,0, , , , , , , , , ,3,0,0,0,0,1,2,0,0,0,0,0,0,0,0,0,0,0,0,0,1,0,0,0,0,0,0,0,0,0,0,0,0,0,0,0,1,39.9467,-75.1421, ,Philadelphia
3224,40852,2017035830,6,67,67301,2017,3,7,1220,12,1,1,0,4,1, , ,N,2,2,0,3,0,1,2,2,N, ,40 01:23.187,75 03:11.347,1223, ,1220, ,0, ,N, ,3, , , , , , , , , ,2,2,0,0,0,0,0,0,0,0,1,0,1,0,0,0,0,0,0,0,1,0,0,0,0,0,0,0,0,0,0,0,0,0,0,3,0,40.0231,-75.0532, ,Philadelphia
3225,40864,2017028967,6,67,67301,2017,2,3,1040,10,1,1,0,4,1, , ,N,0,0,0,3,0,2,2,2,N, ,39 53:08.609,75 14:58.492,1050, ,1048, ,0, , , ,0, , , , , , , , , ,2,1,0,0,0,1,0,0,0,0,0,2,2,0,0,0,0,0,0,0,0,0,0,0,0,0,0,0,0,0,0,0,0,0,0,4,1,39.8857,-75.2496, ,Philadelphia
3226,40883,2017013987,6,67,67301,2017,1,6,800,8,3,1,0,4,1, , ,N,2,2,0,3,0,0,4,2,N,N,39 57:24.430,75 08:18.902,1925, ,920, ,0, ,N, ,3, , , , , , , , , ,2,2,0,0,0,0,0,0,0,0,0,0,0,0,0,0,0,0,0,0,0,1,0,0,0,0,0,0,0,0,0,0,0,0,0,0,0,39.9568,-75.1386, ,Philadelphia
3227,40885,2017013977,6,67,67301,2017,1,5,822,8,1,1,0,4,1, , ,N,2,3,0,3,0,2,3,2,N,N,39 56:17.035,75 09:46.441,833, ,829, ,0, ,N, ,3, , , , , , , , , ,2,1,0,0,0,0,1,0,0,0,0,2,2,0,0,0,0,0,0,0,1,0,0,1,0,0,0,0,0,0,0,0,0,0,0,4,0,39.9381,-75.1629, ,Philadelphia
3228,40893,2017037444,6,67,67301,2017,3,5,110,1,3,1,0,4,1, , ,N,1,2,0,3,0,1,2,2,N,N,39 57:21.568,75 13:03.523,120, ,115,1,1,4,N, ,3,Y, , , , , , , , ,2,1,0,0,0,0,0,1,0,0,0,1,1,0,0,0,0,0,0,0,0,0,0,0,0,0,0,0,0,0,0,0,0,0,0,4,0,39.956,-75.2176, ,Philadelphia
3229,40908,2017054100,6,67,67301,2017,5,4,1616,16,1,1,0,1,1, , ,N,6,0,2,3,0,2,3,2,N,N,40 00:26.077,75 12:01.290,1631, ,1630, ,0, , , ,0, , , , , , , , , ,2,1,0,0,0,1,0,0,0,0,0,0,2,2,0,0,0,0,0,0,1,0,0,0,0,0,0,0,0,0,0,0,0,0,0,8,1,40.0072,-75.2004, ,Philadelphia
3230,40929,2017019034,6,67,67301,2017,1,7,344,3,3,1,0,8,4, , ,N,1,0,0,3,0,2,3,3,N,N,39 58:04.533,75 12:11.314,347, ,345, ,0, , , ,0, , , , , , , , , ,1,1,0,0,0,0,0,0,0,0,0,0,2,2,0,0,0,0,0,0,0,0,0,1,0,0,0,0,0,0,0,0,2,0,0,8,0,39.9679,-75.2031, ,Philadelphia
3231,40949,2017043617,6,67,67301,2017,4,2,2330,23,3,1,0,5,6, , ,N,0,2,0,3,0,1,2,2,N,N,39 58:44.599,75 09:34.309,2330, ,2330, ,0, ,N, ,3, , , , , , , , , ,2,2,0,0,0,0,0,0,0,0,0,0,1,1,0,0,0,0,0,0,0,0,0,1,0,0,0,0,0,0,0,0,0,0,0,8,0,39.9791,-75.1595, ,Philadelphia
3232,40978,2017014019,6,67,67301,2017,1,4,835,8,1,8,0,4,1, , ,N,2,2,0,3,0,0,2,2,N, ,39 54:33.377,75 10:22.671,841, ,840, ,0, , , ,3, , , , , , , , , ,2,1,0,0,1,0,0,0,0,0,0,0,0,0,0,0,0,0,0,0,0,0,0,0,0,0,0,0,0,0,0,0,0,0,0,0,0,39.9093,-75.173, ,Philadelphia
3233,40979,2017029011,6,67,67301,2017,2,7,700,7,1,1,0,4,5, , ,N,1,0,0,3,0,0,1,2,N,N,40 01:40.919,75 02:00.658,805, ,800,1,1,6,N, ,0,Y, , , , , , , , ,2,2,0,0,0,0,0,0,0,0,0,0,0,0,0,0,0,0,0,0,0,1,0,0,0,0,0,0,0,0,0,0,0,0,0,0,0,40.028,-75.0335, ,Philadelphia
3234,40985,2017014096,6,67,67301,2017,1,1,1015,10,1,1,0,8,1, , ,N,1,2,0,3,0,1,2,2,N,N,39 59:51.784,75 07:23.658,1042, ,1040, ,0, ,N, ,3, , , , , , , , , ,1,0,0,0,0,0,1,0,0,0,1,0,1,0,0,0,0,0,0,0,0,0,0,1,0,0,0,0,0,0,0,0,1,0,0,3,0,39.9977,-75.1232, ,Philadelphia
3235,40990,2017019140,6,67,67301,2017,1,5,253,2,3,1,0,1,6, , ,N,0,0,0,3,0,1,1,2,N,N,40 04:43.114,75 02:34.148,254, ,253, ,0, ,N, ,0, , , , , , , , , ,2,1,0,0,0,0,1,0,0,0,0,0,1,1,0,0,0,1,0,0,0,0,0,0,0,0,0,0,0,0,0,0,0,0,0,8,0,40.0786,-75.0428, ,Philadelphia
3236,41011,2017066435,6,67,67301,2017,6,5,2215,22,3,1,0,1,1, , ,N,0,0,0,3,0,0,3,3,N,N,39 58:02.617,75 07:56.164,2238, ,2230, ,0, , , ,0, , , , , , , , , ,3,2,0,0,0,0,1,0,0,0,0,0,0,0,0,0,0,0,0,0,1,0,0,0,0,0,0,0,0,0,0,0,0,0,0,0,0,39.9674,-75.1323, ,Philadelphia
3237,41024,2017015652,6,67,67301,2017,1,6,553,5,3,1,0,8,1, , ,N,1,2,0,3,0,1,2,2,N, ,39 57:18.610,75 11:54.453,600, ,557, ,0, , , ,3, , , , , , , , , ,1,1,0,0,0,0,0,0,0,0,0,0,1,1,0,0,0,0,0,0,0,0,0,0,0,0,0,0,0,0,0,0,1,0,0,8,0,39.9552,-75.1983, ,Philadelphia
3238,41049,2017021491,6,67,67301,2017,2,6,830,8,1,1,6,4,1, , ,N,1,2,0,3,0,1,2,2,N,N,39 57:36.933,75 11:48.747,9999, ,9999, ,0, ,N, ,3, , , , , , , , , ,1,1,0,0,0,0,0,0,1,0,0,1,1,0,0,0,0,0,0,0,0,0,0,0,0,0,0,0,0,0,0,0,0,0,0,4,0,39.9603,-75.1969, ,Philadelphia
3239,41050,2017021985,6,67,67301,2017,2,2,1145,11,1,1,0,4,1, , ,N,1,2,0,3,0,0,2,2,N,N,40 00:56.894,75 08:28.039,1153, ,1150,1,1,3,N, ,3,Y, , , , , , , , ,2,2,0,0,0,0,0,0,0,0,0,0,0,0,0,0,0,0,0,0,0,0,0,2,0,0,0,0,0,0,0,0,0,0,0,0,0,40.0158,-75.1411, ,Philadelphia
3240,41060,2017060561,6,67,67301,2017,5,4,800,8,1,1,0,4,1, , ,N,1,3,0,3,0,1,2,2,N,N,40 04:15.769,74 59:26.048,806, ,804, ,0, ,N, ,3, , , , , , , , , ,2,2,0,0,0,0,0,0,0,0,0,1,1,0,0,0,0,0,1,0,0,0,0,0,0,0,0,0,0,0,0,0,0,0,0,4,0,40.071,-74.9906, ,Philadelphia
3241,34088,2017040530,6,67,67301,2017,4,7,233,2,3,1,0,7,4, , ,N,0,0,0,3,0,1,1,1,N,N,39 53:35.140,75 13:51.647,258, ,246, ,0, , , ,0, , , , , , , , , ,1,1,0,0,0,0,0,0,0,1,0,0,1,0,0,0,0,0,0,0,0,0,0,0,0,0,0,1,0,0,0,0,0,0,0,2,0,39.8931,-75.231, ,Philadelphia
3242,34106,2017035837,6,67,67301,2017,3,3,1300,13,1,1,0,5,1, , ,N,0,0,0,3,0,2,4,2,N,N,39 57:15.281,75 09:47.169,1308, ,1304, ,0, , , ,0, , , , , , , , , ,2,0,0,1,0,0,0,1,0,0,0,2,2,0,0,0,0,0,0,0,0,0,0,0,0,0,0,0,0,0,0,0,0,0,0,4,1,39.9542,-75.1631, ,Philadelphia
3243,34143,2017060708,6,67,67301,2017,5,2,2200,22,3,1,0,8,1, , ,N,1,2,0,3,0,1,1,2,N, ,39 59:01.093,75 09:36.529,2211, ,2210, ,0, , , ,3, , , , , , , , , ,1,1,0,0,0,0,0,0,0,0,0,1,1,0,0,0,0,0,0,0,0,0,0,0,0,0,0,0,0,0,0,0,1,0,0,4,0,39.9836,-75.1601, ,Philadelphia
3244,34149,2017067959,6,67,67301,2017,5,3,1010,10,1,1,0,8,1, , ,N,0,0,7,3,0,1,2,2,N,N,39 58:40.481,75 07:08.453,9999, ,1036, ,0, , , ,0, , , , , , , , , ,1,0,0,0,0,0,0,1,0,0,0,0,1,1,1,0,0,0,0,0,0,0,0,0,0,0,0,0,0,0,0,0,1,0,0,8,0,39.9779,-75.119, ,Philadelphia
3245,34155,2017070516,6,67,67301,2017,5,4,1300,13,1,1,0,8,1, , ,N,1,3,0,3,0,1,2,2,N, ,39 55:42.167,75 09:42.501,1315, ,1309, ,0, , , ,3, , , , , , , , , ,1,0,0,0,1,0,0,0,0,0,0,1,1,0,0,0,0,0,0,0,1,0,0,1,0,0,0,0,0,0,0,0,1,0,0,4,0,39.9284,-75.1618, ,Philadelphia
3246,34190,2017028979,6,67,67301,2017,2,3,1940,19,3,1,0,4,1, , ,N,2,3,0,3,0,1,3,2,N,N,40 03:25.660,75 04:17.727,1947, ,1942, ,0, ,N, ,3, , , , , , , , , ,2,2,0,0,0,0,0,0,0,0,0,0,1,1,1,0,0,0,0,1,0,0,0,0,0,0,0,0,0,0,0,0,0,0,0,8,0,40.0571,-75.0716, ,Philadelphia
3247,34195,2017052078,6,67,67301,2017,4,6,2040,20,3,1,0,4,1, , ,N,2,0,0,3,0,1,5,2,N,N,39 57:15.829,75 11:55.010,2045, ,2040, ,0, ,N, ,0, , , , , , , , , ,2,0,0,0,0,0,0,1,0,0,0,0,1,1,4,0,0,0,0,1,0,0,0,0,0,0,0,0,0,0,0,0,0,0,0,8,0,39.9544,-75.1986, ,Philadelphia
3248,34235,2017037394,6,67,67301,2017,3,5,1000,10,1,1,0,1,1, , ,N,1,2,0,3,0,1,3,3,N,N,39 59:53.719,75 07:38.508,1100, ,9999, ,0, ,N, ,3, , , , , , , , , ,3,2,0,0,1,0,0,0,0,0,0,0,1,1,0,0,0,0,0,0,1,0,0,2,0,0,0,0,0,0,0,0,0,0,0,8,0,39.9983,-75.1274, ,Philadelphia
3249,34241,2017028996,6,67,67301,2017,2,2,1653,16,1,1,0,8,1, , ,N,1,2,0,3,0,1,2,2,N, ,40 01:58.459,75 02:55.285,1700, ,1653, ,0, , , ,3, , , , , , , , , ,1,0,0,0,0,0,0,1,0,0,0,1,1,0,0,0,0,0,0,0,0,0,0,0,0,0,0,0,0,0,0,0,1,0,0,4,0,40.0329,-75.0487, ,Philadelphia
3250,34263,2017014009,6,67,67301,2017,1,3,1500,15,1,1,0,4,1, , ,N,1,3,0,3,0,1,2,2,N,N,39 55:19.725,75 10:18.951,1505, ,1500, ,0, ,N, ,3, , , , , , , , , ,2,1,0,0,0,0,0,1,0,0,0,1,1,0,0,0,0,0,0,0,1,0,0,0,0,0,0,0,0,0,0,0,0,0,0,4,0,39.9221,-75.1719, ,Philadelphia
3251,34266,2017006901,6,67,67301,2017,1,6,831,8,1,1,0,0,1, , ,N,0,0,0,3,0,0,1,1,N,N,39 57:24.464,75 09:15.518,839, ,831, ,0, , , ,0, , , , , , , , , ,1,1,0,0,0,0,0,0,0,0,0,0,0,0,0,0,0,0,0,0,0,0,0,0,0,0,0,0,0,0,0,0,0,0,0,0,0,39.9568,-75.1543, ,Philadelphia
3252,34291,2017040519,6,67,67301,2017,4,5,432,4,3,2,1,0,4, , ,N,7,0,2,3,0,0,1,1,N,N,39 57:34.049,75 10:28.169,436, ,432,1,1,4, , ,0,N, , , , , , , , ,1,0,0,0,0,0,1,0,0,0,0,0,0,0,0,0,0,0,0,0,0,0,0,0,0,0,0,0,0,0,0,0,0,0,0,0,0,39.9595,-75.1745, ,Philadelphia
3253,34307,2017052076,6,67,67301,2017,4,4,1130,11,1,1,0,1,6, , ,N,0,0,0,3,0,2,2,3,N,N,39 56:47.824,75 14:47.264,1327, ,1322, ,0, ,N, ,0, , , , , , , , , ,3,2,0,0,0,0,0,1,0,0,0,2,2,0,0,0,0,0,0,0,0,0,0,0,0,0,0,0,0,0,0,0,0,0,0,4,0,39.9466,-75.2465, ,Philadelphia
3254,34335,2017028886,6,67,67301,2017,2,5,1600,16,1,1,0,4,1, , ,N,1,2,0,3,0,2,3,2,N,N,39 55:11.587,75 13:39.266,1637, ,1625, ,0, ,N, ,3, , , , , , , , , ,2,2,0,0,0,0,0,0,0,0,0,2,2,0,0,0,0,0,0,0,0,0,0,1,0,0,0,0,0,0,0,0,0,0,0,4,0,39.9198,-75.2275, ,Philadelphia
3255,34345,2017029000,6,67,67301,2017,2,5,9999,99,1,4,1,4,1, , ,N,1,2,0,3,0,1,2,2,N, ,39 57:13.704,75 09:59.736,1107, ,1105, ,0, , , ,3, , , , , , , , , ,2,0,0,1,0,0,1,0,0,0,0,1,1,0,0,0,0,0,0,0,0,0,0,0,0,0,0,0,0,0,0,0,0,0,0,4,1,39.9538,-75.1666, ,Philadelphia
3256,34354,2017052359,6,67,67301,2017,4,6,532,5,5,2,1,7,4, , ,N,0,0,0,3,0,0,1,1,N,N,39 55:19.170,75 11:25.949,536, ,535, ,0, ,N, ,0, , , , , , , , , ,1,0,0,0,0,0,1,0,0,0,0,0,0,0,0,0,0,0,0,0,0,0,0,0,0,0,0,0,0,0,0,0,0,0,0,0,0,39.9218,-75.1905, ,Philadelphia
3257,34367,2017021537,6,67,67301,2017,2,5,1630,16,1,1,0,8,1, , ,N,0,0,0,3,0,1,2,2,N,N,39 55:34.594,75 14:10.355,2005, ,1958, ,0, ,N, ,0, , , , , , , , , ,1,1,0,0,0,0,0,0,0,0,0,1,1,0,0,0,0,0,0,0,0,0,0,1,0,0,0,0,0,0,0,0,1,0,0,4,0,39.9263,-75.2362, ,Philadelphia