objectid_1,objectid,crn,district,county,municipality,crash_year,crash_month,day_of_week,time_of_day,hour_of_day,illumination,weather,road_condition,collision_type,relation_to_road,work_zone_type,work_zone_loc,work_zone_ind,intersect_type,tcd_type,location_type,urban_rural,fatal_count,injury_count,person_count,total_units,sch_bus_ind,sch_zone_ind,latitude,longitude,arrival_tm,cons_zone_spd_lim,dispatch_tm,est_hrs_closed,lane_closed,ln_close_dir,ntfy_hiwy_maint,spec_juris_cd,tcd_func_cd,tfc_detour_ind,workers_pres,wz_close_detour,wz_flagger,wz_law_offcr_ind,wz_ln_closure,wz_moving,wz_other,wz_shlder_mdn,vehicle_count,automobile_count,motorcycle_count,bus_count,small_truck_count,heavy_truck_count,suv_count,van_count,bicycle_count,maj_inj_count,mod_inj_count,min_inj_count,tot_inj_count,unk_inj_deg_count,unk_inj_per_count,driver_count_16yr,driver_count_17yr,driver_count_18yr,driver_count_19yr,driver_count_20yr,driver_count_50_64yr,driver_count_65_74yr,driver_count_75plus,unbelted_occ_count,unb_death_count,unb_maj_inj_count,belted_death_count,belted_maj_inj_count,mcycle_death_count,mcycle_maj_inj_count,bicycle_death_count,bicycle_maj_inj_count,ped_count,ped_death_count,ped_maj_inj_count,max_severity_level,comm_veh_count,dec_lat,dec_long,rdwy_surf_type_cd,county_name
3388,34679,2017041341,6,67,67301,2017,4,7,1415,14,1,1,0,4,1, , ,N,1,3,0,3,0,1,2,4,N, ,40 03:26.402,75 08:26.444,1536, ,1536, ,0, , , ,3, , , , , , , , , ,4,2,0,0,2,0,0,0,0,0,0,1,1,0,0,0,0,0,0,0,0,1,0,0,0,0,0,0,0,0,0,0,0,0,0,4,0,40.0573,-75.1407, ,Philadelphia
3389,34680,2017021634,6,67,67301,2017,2,4,1250,12,1,1,0,4,1, , ,N,1,2,0,3,0,2,2,2,N, ,39 55:26.087,75 13:19.646,1314, ,1307, ,0, , , ,3, , , , , , , , , ,2,2,0,0,0,0,0,0,0,0,1,0,2,1,0,0,0,0,0,0,0,0,0,0,0,0,0,0,0,0,0,0,0,0,0,3,0,39.9239,-75.2221, ,Philadelphia
3390,34682,2017017135,6,67,67301,2017,2,1,1441,14,1,2,1,4,1, , ,N,1,1,0,3,0,0,2,2, , ,39 57:12.030,75 11:01.741,1443, ,1442,1,1,1, , ,2,N, , , , , , , , ,2,2,0,0,0,0,0,0,0,0,0,0,0,0,0,0,1,0,0,0,0,0,0,0,0,0,0,0,0,0,0,0,0,0,0,0,0,39.9533,-75.1838, ,Philadelphia
3391,34722,2017026255,6,67,67301,2017,3,5,1230,12,1,1,0,4,1, , ,N,0,2,0,3,0,0,2,3,N,N,39 58:50.247,75 09:27.009,1240, ,1235,2,2,2,N, ,3,N, , , , , , , , ,3,3,0,0,0,0,0,0,0,0,0,0,0,0,0,0,0,0,0,0,1,0,0,0,0,0,0,0,0,0,0,0,0,0,0,0,0,39.9806,-75.1575, ,Philadelphia
3392,34726,2017021529,6,67,67301,2017,2,5,1529,15,1,1,0,8,1, , ,N,1,2,0,3,0,1,2,2,N,N,39 58:17.205,75 09:33.736,1531, ,1530, ,0, ,N, ,3, , , , , , , , , ,1,0,0,0,0,0,1,0,0,1,0,0,1,0,0,0,0,0,0,0,0,0,0,1,0,0,0,0,0,0,0,0,1,0,1,2,0,39.9714,-75.1594, ,Philadelphia
3393,34745,2017052380,6,67,67301,2017,5,4,221,2,3,1,0,7,3, , ,N,0,0,1,3,0,1,1,1,N,N,40 00:41.599,75 05:17.769,230, ,229,1,1,1,N, ,0,Y, , , , , , , , ,1,0,0,0,0,0,1,0,0,0,0,1,1,0,0,0,0,0,0,0,0,0,0,0,0,0,0,0,0,0,0,0,0,0,0,4,0,40.0116,-75.0883, ,Philadelphia
3394,34757,2017038509,6,67,67301,2017,4,7,1538,15,1,1,0,7,3, , ,N,0,0,0,3,0,0,1,1,N,N,39 54:05.345,75 09:07.398,1603, ,1538,1,1,1, , ,0,N, , , , , , , , ,1,1,0,0,0,0,0,0,0,0,0,0,0,0,0,0,0,0,0,0,0,0,0,0,0,0,0,0,0,0,0,0,0,0,0,0,0,39.9015,-75.1521, ,Philadelphia
3395,34759,2017030434,6,67,67301,2017,3,7,719,7,1,1,1,0,4, , ,N,0,0,0,3,0,1,1,1,N,N,39 56:59.465,75 08:30.346,730, ,722, ,0, , , ,0, , , , , , , , , ,1,1,0,0,0,0,0,0,0,0,1,0,1,0,0,0,0,0,0,0,0,0,0,0,0,0,0,0,0,0,0,0,0,0,0,3,0,39.9499,-75.1418, ,Philadelphia
3396,34761,2017033927,6,67,67301,2017,3,4,1919,19,1,1,0,7,3, , ,N,0,0,3,3,0,1,1,1,N,N,39 54:33.000,75 09:09.400,1925, ,1921, ,0, ,N, ,0, , , , , , , , , ,1,0,1,0,0,0,0,0,0,0,0,0,1,1,0,0,0,0,0,0,0,0,0,0,0,0,0,0,0,0,0,0,0,0,0,8,0,39.9092,-75.1526, ,Philadelphia
3397,34772,2017035003,6,67,67301,2017,4,3,750,7,1,8,1,1,1, , ,N,1,2,0,3,0,1,2,2,N,N,39 57:24.012,75 11:52.849,805, ,759, ,0, ,N, ,3, , , , , , , , , ,2,2,0,0,0,0,0,0,0,0,1,0,1,0,0,0,0,0,0,0,0,0,0,0,0,0,0,0,0,0,0,0,0,0,0,3,0,39.9566,-75.198, ,Philadelphia
3398,34773,2017052457,6,67,67301,2017,4,1,1635,16,1,1,0,1,1, , ,N,2,2,0,3,0,2,8,2,N, ,39 58:24.795,75 12:32.059,1643, ,1636,3,1,3, , ,3,Y, , , , , , , , ,2,0,0,0,0,0,2,0,0,0,0,0,2,2,0,0,0,0,0,0,0,0,0,4,0,0,0,0,0,0,0,0,0,0,0,8,0,39.9736,-75.2089, ,Philadelphia
3399,34795,2017013570,6,67,67301,2017,2,4,954,9,1,1,0,5,1, , ,N,0,8,3,3,0,1,4,3,N,N,39 54:46.500,75 10:32.500,955, ,954, ,0, ,N, ,3, , , , , , , , , ,3,1,0,0,0,1,1,0,0,0,0,0,1,1,0,0,0,0,0,0,1,1,0,0,0,0,0,0,0,0,0,0,0,0,0,8,1,39.9129,-75.1757, ,Philadelphia
3400,34799,2017023196,6,67,67301,2017,2,2,749,7,1,1,0,5,1, , ,N,0,0,0,3,0,0,2,2,N,N,39 57:37.838,75 10:52.852,755, ,749,1,1,4, , ,0,N, , , , , , , , ,2,0,0,0,1,0,1,0,0,0,0,0,0,0,0,0,0,0,0,0,0,1,0,0,0,0,0,0,0,0,0,0,0,0,0,0,0,39.9605,-75.1813, ,Philadelphia
3401,34824,2017041182,6,67,67301,2017,3,4,658,6,1,1,0,4,1, , ,N,1,2,0,3,0,2,4,3,N,N,40 02:35.649,75 03:08.136,706, ,704,2,2,6, , ,3,Y, , , , , , , , ,3,2,0,0,0,0,1,0,0,0,0,2,2,0,0,0,0,0,0,0,1,0,0,0,0,0,0,0,0,0,0,0,0,0,0,4,0,40.0432,-75.0523, ,Philadelphia
3402,34840,2017052274,6,67,67301,2017,4,7,1228,12,1,2,1,4,1, , ,N,0,0,7,3,0,1,2,2,N, ,39 56:22.932,75 11:55.837,1250, ,1248, ,0, , , ,0, , , , , , , , , ,1,0,0,0,1,0,0,0,1,0,0,1,1,0,0,0,0,0,0,0,0,0,0,1,0,0,0,0,0,0,0,0,0,0,0,4,0,39.9397,-75.1988, ,Philadelphia
3403,38051,2017035745,6,67,67301,2017,3,6,1801,18,2,1,1,5,1, , ,N,0,0,0,3,0,2,3,2,N,N,40 00:59.279,75 09:29.137,1804, ,1803,2,2,5, , ,0,Y, , , , , , , , ,2,1,0,0,0,1,0,0,0,0,0,2,2,0,0,0,0,0,0,0,0,0,0,3,0,0,0,0,0,0,0,0,0,0,0,4,1,40.0165,-75.1581, ,Philadelphia
3404,38053,2017037498,6,67,67301,2017,3,3,716,7,1,2,1,7,3, , ,N,0,0,0,3,0,1,2,1,N, ,40 00:59.200,75 12:09.800,748, ,733, ,0, , , ,0, , , , , , , , , ,1,1,0,0,0,0,0,0,0,0,1,0,1,0,0,0,0,0,0,0,0,0,0,0,0,0,0,0,0,0,0,0,0,0,0,3,0,40.0164,-75.2027, ,Philadelphia
3405,38055,2017041303,6,67,67301,2017,4,5,200,2,3,1,0,3,6, , ,N,0,0,0,3,0,1,1,2,N,N,40 03:03.873,75 09:39.628,207, ,206,2,2,6, , ,0,Y, , , , , , , , ,2,1,0,0,0,0,1,0,0,0,0,1,1,0,0,0,0,0,0,0,1,0,0,0,0,0,0,0,0,0,0,0,0,0,0,4,0,40.0511,-75.161, ,Philadelphia
3406,38058,2017032542,6,67,67301,2017,3,6,1956,19,3,1,0,5,1, , ,N,0,0,0,3,0,2,2,2,N,N,40 03:04.535,74 59:20.901,2000, ,1956,3,1,1, , ,0,N, , , , , , , , ,2,1,0,0,1,0,0,0,0,0,1,0,2,1,0,0,0,0,0,0,0,0,0,0,0,0,0,0,0,0,0,0,0,0,0,3,0,40.0513,-74.9891, ,Philadelphia
3407,38064,2017054319,6,67,67301,2017,5,7,2019,20,3,1,0,7,4, , ,N,0,0,0,3,0,0,3,1,N,N,39 59:45.263,75 11:49.767,2029, ,2019,1,1,4, , ,0,N, , , , , , , , ,1,1,0,0,0,0,0,0,0,0,0,0,0,0,0,0,0,0,0,0,0,0,0,1,0,0,0,0,0,0,0,0,0,0,0,0,0,39.9959,-75.1972, ,Philadelphia
3408,38065,2017051043,6,67,67301,2017,5,7,1238,12,1,1,0,1,1, , ,N,0,0,0,3,0,0,3,3,N,N,39 57:07.728,75 10:56.036,1240, ,1240,2,2,4, , ,0,N, , , , , , , , ,3,3,0,0,0,0,0,0,0,0,0,0,0,0,0,0,0,0,0,0,0,0,0,0,0,0,0,0,0,0,0,0,0,0,0,0,0,39.9521,-75.1822, ,Philadelphia
3409,38082,2017023250,6,67,67301,2017,2,6,2258,22,3,1,0,7,2, , ,N,0,0,0,3,0,1,1,1,N,N,40 02:06.597,75 01:04.131,2303, ,2258,1,2,1, , ,0,N, , , , , , , , ,1,1,0,0,0,0,0,0,0,0,1,0,1,0,0,0,0,0,0,0,0,0,0,1,0,0,0,0,0,0,0,0,0,0,0,3,0,40.0352,-75.0178, ,Philadelphia
3410,38092,2017018982,6,67,67301,2017,2,5,2203,22,3,1,0,5,1, , ,N,0,0,0,3,0,6,8,3,N,N,40 00:29.390,75 11:29.184,2205, ,2203,2,2,2,N, ,0,N, , , , , , , , ,3,1,0,0,0,0,2,0,0,0,5,0,6,1,0,0,0,0,0,0,1,0,0,1,0,0,0,0,0,0,0,0,0,0,0,3,0,40.0082,-75.1914, ,Philadelphia
3411,38093,2017028787,6,67,67301,2017,2,7,1550,15,1,1,0,5,6, , ,N,0,0,0,3,1,0,2,5,N,N,39 55:38.506,75 10:00.744,1550, ,1550, ,0, ,N,0,0, , , , , , , , , ,5,4,0,0,0,0,1,0,0,0,0,0,0,0,1,0,0,0,0,0,1,0,0,0,0,0,0,0,0,0,0,0,0,0,0,1,0,39.9274,-75.1669,1,Philadelphia
3412,38100,2017029022,6,67,67301,2017,2,6,2100,21,1,1,0,1,1, , ,N,2,2,0,3,0,0,3,2,N, ,39 57:24.697,75 08:19.705,2104, ,2104,1,2,2, , ,3,N, , , , , , , , ,2,2,0,0,0,0,0,0,0,0,0,0,0,0,0,0,0,0,0,0,1,0,0,0,0,0,0,0,0,0,0,0,0,0,0,0,0,39.9568,-75.1386, ,Philadelphia
3413,38109,2017052145,6,67,67301,2017,4,2,1015,10,1,2,1,1,1, , ,N,0,0,7,3,0,2,6,3,N,N,39 54:39.574,75 11:22.729,1050, ,1034, ,0, , , ,0, , , , , , , , , ,3,1,0,0,0,0,1,1,0,0,0,2,2,0,0,0,0,0,0,0,1,0,0,0,0,0,0,0,0,0,0,0,0,0,0,4,0,39.911,-75.1896, ,Philadelphia
3414,38123,2017076351,6,67,67301,2017,6,3,750,7,1,1,0,4,1, , ,N,1,3,0,3,0,2,3,2,N, ,40 02:16.440,75 02:50.675,813, ,811,1,1,1, , ,3,N, , , , , , , , ,2,1,0,0,0,0,0,1,0,0,0,0,2,2,0,0,0,0,0,0,0,0,0,0,0,0,0,0,0,0,0,0,0,0,0,8,0,40.0379,-75.0474, ,Philadelphia
3415,38129,2017010562,6,67,67301,2017,1,3,9999,99,3,4,1,4,1, , ,N,1,3,0,3,0,2,3,2,N,N,40 02:56.832,75 05:04.214,1725, ,1721,1,1,1,N, ,3,N, , , , , , , , ,2,1,0,0,0,0,1,0,0,0,1,1,2,0,0,0,0,0,0,0,2,0,0,0,0,0,0,0,0,0,0,0,0,0,0,3,0,40.0491,-75.0845, ,Philadelphia
3416,38133,2017013936,6,67,67301,2017,1,4,813,8,1,8,6,1,1, , ,N,1,3,0,3,0,2,4,4,N,N,39 57:07.390,75 12:51.785,819, ,814,3,2,5, , ,3,Y, , , , , , , , ,4,2,0,0,0,0,2,0,0,0,0,2,2,0,2,0,0,0,0,0,0,0,0,0,0,0,0,0,0,0,0,0,0,0,0,4,0,39.9521,-75.2144, ,Philadelphia
3417,38135,2017013917,6,67,67301,2017,1,6,1324,13,1,1,0,4,1, , ,N,0,0,0,3,0,1,3,4,N,N,39 56:58.134,75 12:08.909,1329, ,1326,2,1,3, , ,0,N, , , , , , , , ,4,3,0,0,0,0,1,0,0,0,0,1,1,0,0,0,0,0,0,0,0,0,0,0,0,0,0,0,0,0,0,0,0,0,0,4,0,39.9495,-75.2025, ,Philadelphia
3418,38144,2017035634,6,67,67301,2017,3,6,340,3,3,1,0,4,1, , ,N,0,0,0,3,0,0,2,2,N, ,39 55:03.560,75 12:42.499,400, ,348, ,0, , , ,0, , , , , , , , , ,2,2,0,0,0,0,0,0,0,0,0,0,0,0,1,0,0,0,0,0,0,1,0,0,0,0,0,0,0,0,0,0,0,0,0,9,0,39.9177,-75.2118, ,Philadelphia
3419,38159,2017041337,6,67,67301,2017,4,1,1810,18,1,1,0,4,1, , ,N,1,3,0,3,0,1,3,2,N,N,40 03:08.305,75 12:05.258,1822, ,1816, ,0, ,N, ,3, , , , , , , , , ,2,1,0,0,0,0,1,0,0,0,0,1,1,0,0,0,0,0,0,0,0,0,1,0,0,0,0,0,0,0,0,0,0,0,0,4,0,40.0523,-75.2015, ,Philadelphia
3420,38193,2017033053,6,67,67301,2017,2,2,1800,18,3,1,0,1,1, , ,N,0,0,0,3,0,1,3,2,N,N,40 04:29.167,75 05:05.503,1815, ,1812, ,0, ,N, ,0, , , , , , , , , ,2,1,0,0,0,0,1,0,0,0,0,1,1,0,1,0,0,0,0,0,0,0,0,0,0,0,0,0,0,0,0,0,0,0,0,4,0,40.0748,-75.0849, ,Philadelphia
3421,27340,2017041115,6,67,67301,2017,4,1,1440,14,1,1,0,8,1, , ,N,0,0,0,3,0,1,2,2,N,N,40 03:09.459,75 09:33.794,1500, ,1450, ,0, ,N, ,0, , , , , , , , , ,1,1,0,0,0,0,0,0,0,0,0,1,1,0,0,0,0,0,0,0,0,0,0,1,0,0,0,0,0,0,0,0,1,0,0,4,0,40.0526,-75.1594, ,Philadelphia
3422,27345,2017043776,6,67,67301,2017,4,3,1853,18,1,1,0,8,1, , ,N,1,2,0,3,0,1,2,2,N, ,40 02:43.180,75 13:55.304,1854, ,1853,3,2,1, , ,3,Y, , , , , , , , ,1,1,0,0,0,0,0,0,0,1,0,0,1,0,0,0,0,0,0,0,1,0,0,1,0,0,0,0,0,0,0,0,1,0,1,2,0,40.0452,-75.2317, ,Philadelphia
3423,27346,2017041134,6,67,67301,2017,4,3,9999,99,1,1,0,4,1, , ,N,5,0,0,3,0,1,1,4,N,N,40 00:57.189,75 07:02.269,1215, ,1212, ,0, , , ,0, , , , , , , , , ,4,0,0,0,2,1,0,1,0,1,0,0,1,0,0,0,0,0,0,0,0,0,0,0,0,0,0,0,0,0,0,0,0,0,0,2,1,40.0159,-75.1173, ,Philadelphia
3424,27365,2017062835,6,67,67301,2017,5,3,657,6,1,1,0,5,1, , ,N,0,0,0,3,0,0,2,2,N,N,39 52:51.175,75 14:47.371,710, ,701, ,0, , , ,0, , , , , , , , , ,2,2,0,0,0,0,0,0,0,0,0,0,0,0,0,0,0,0,0,0,0,0,0,1,0,0,0,0,0,0,0,0,0,0,0,0,0,39.8809,-75.2465, ,Philadelphia
3425,27376,2017026024,6,67,67301,2017,2,2,1956,19,3,1,0,1,1, , ,N,0,0,0,3,0,0,2,2,N,N,39 58:51.895,75 12:23.247,1958, ,1957, ,0, , , ,0, , , , , , , , , ,2,1,0,0,1,0,0,0,0,0,0,0,0,0,0,0,0,0,0,1,0,0,0,0,0,0,0,0,0,0,0,0,0,0,0,0,0,39.9811,-75.2065, ,Philadelphia
3426,27384,2017033072,6,67,67301,2017,2,6,1125,11,1,1,0,4,1, , ,N,0,0,0,3,0,0,2,3,N,N,40 00:53.025,75 10:11.212,1130, ,1129, ,0, ,N, ,0, , , , , , , , , ,3,3,0,0,0,0,0,0,0,0,0,0,0,0,0,0,0,0,0,0,1,0,0,0,0,0,0,0,0,0,0,0,0,0,0,0,0,40.0147,-75.1698, ,Philadelphia
3427,27387,2017035605,6,67,67301,2017,3,7,816,8,1,8,5,7,4, , ,N,0,0,0,3,0,0,1,1,N,Y,40 00:48.520,75 07:52.590,843, ,843, ,0, ,N, ,0, , , , , , , , , ,1,0,0,0,0,0,1,0,0,0,0,0,0,0,0,0,0,0,1,0,0,0,0,0,0,0,0,0,0,0,0,0,0,0,0,0,0,40.0135,-75.1313, ,Philadelphia
3428,27391,2017035744,6,67,67301,2017,3,6,1053,10,1,1,5,1,1, , ,N,0,0,0,3,0,0,3,3,N, ,40 00:16.028,75 09:08.269,1110, ,1107, ,0, , , ,0, , , , , , , , , ,3,0,0,0,0,0,3,0,0,0,0,0,0,0,1,0,0,0,0,0,1,0,0,3,0,0,0,0,0,0,0,0,0,0,0,9,0,40.0045,-75.1523, ,Philadelphia
3429,27394,2017041130,6,67,67301,2017,4,2,1610,16,1,1,0,8,1, , ,N,0,0,0,3,0,1,3,2,N, ,40 03:30.523,75 09:48.901,1728, ,1728, ,0, , , ,0, , , , , , , , , ,1,1,0,0,0,0,0,0,0,0,0,0,1,1,0,0,1,0,0,0,0,0,0,0,0,0,0,0,0,0,0,0,1,0,0,8,0,40.0585,-75.1636, ,Philadelphia
3430,27410,2017049284,6,67,67301,2017,5,7,1341,13,1,1,0,7,2, , ,N,0,0,0,3,0,0,2,1,N,N,39 56:39.203,75 08:34.377,1350, ,1342,2,2,2, , ,0,Y, , , , , , , , ,1,1,0,0,0,0,0,0,0,0,0,0,0,0,0,0,0,0,0,0,0,0,0,1,0,0,0,0,0,0,0,0,0,0,0,0,0,39.9442,-75.1429, ,Philadelphia
3431,27422,2017021611,6,67,67301,2017,2,4,1620,16,1,1,0,4,1, , ,N,1,3,0,3,0,1,2,2,N, ,39 57:08.535,75 09:17.776,1630, ,1625,1,1,1, , ,3,N, , , , , , , , ,1,0,0,0,1,0,0,0,1,0,0,0,1,1,0,0,0,0,0,0,0,0,0,0,0,0,0,0,0,0,0,0,0,0,0,8,0,39.9524,-75.1549, ,Philadelphia
3432,27445,2017067763,6,67,67301,2017,5,6,9999,99,3,1,0,1,6, , ,N,0,0,0,3,0,0,1,2,N,N,39 59:17.638,75 08:00.312,535, ,533,4,2,2,N, ,0,Y, , , , , , , , ,2,0,0,0,0,0,2,0,0,0,0,0,0,0,1,0,0,0,0,0,0,0,0,0,0,0,0,0,0,0,0,0,0,0,0,9,0,39.9882,-75.1334, ,Philadelphia
3433,27453,2017070515,6,67,67301,2017,6,7,2010,20,3,1,0,4,1, , ,N,1,2,0,3,0,2,4,2,N, ,39 58:13.238,75 08:47.584,2100, ,2031, ,0, , , ,3, , , , , , , , , ,2,1,0,0,1,0,0,0,0,0,0,2,2,0,0,0,0,0,0,0,1,0,0,0,0,0,0,0,0,0,0,0,0,0,0,4,0,39.9703,-75.1466, ,Philadelphia
3434,27484,2017037350,6,67,67301,2017,3,2,223,2,3,1,1,7,4, , ,N,1,2,0,3,1,0,1,1,N,N,40 00:08.166,75 13:12.482,228, ,225,3,2,7,N,0,3,Y, , , , , , , , ,1,1,0,0,0,0,0,0,0,0,0,0,0,0,0,0,0,0,0,0,0,0,0,0,0,0,1,0,0,0,0,0,0,0,0,1,0,40.0023,-75.2201,2,Philadelphia
3435,27485,2017043650,6,67,67301,2017,4,6,1730,17,1,1,0,1,1, , ,N,7,0,2,3,0,1,4,2,N,N,40 01:33.330,75 01:38.875,1803, ,1738, ,0, , , ,0, , , , , , , , , ,2,2,0,0,0,0,0,0,0,0,0,0,1,1,0,0,0,0,0,0,0,0,0,0,0,0,0,0,0,0,0,0,0,0,0,8,0,40.0251,-75.0289, ,Philadelphia
3436,27487,2017019144,6,67,67301,2017,1,2,755,7,1,1,0,5,1, , ,N,0,0,0,3,0,1,2,2,N,N,40 01:36.500,75 02:32.792,821, ,814, ,0, ,N, ,0, , , , , , , , , ,2,1,0,0,0,0,0,1,0,0,0,1,1,0,0,0,0,0,0,0,0,0,0,1,0,0,0,0,0,0,0,0,0,0,0,4,0,40.0268,-75.0424, ,Philadelphia
3437,27492,2017029016,6,67,67301,2017,2,6,850,8,1,1,0,8,1, , ,N,1,2,0,3,0,1,2,2,N,N,39 56:57.599,75 09:51.029,905, ,857, ,0, , , ,3, , , , , , , , , ,1,1,0,0,0,0,0,0,0,0,0,0,1,1,0,0,0,0,0,0,0,0,0,1,0,0,0,0,0,0,0,0,1,0,0,8,0,39.9493,-75.1642, ,Philadelphia
3438,27507,2017067362,6,67,67301,2017,6,3,2138,21,3,1,0,1,1, , ,N,6,0,2,3,0,0,8,2,N,N,39 57:21.100,75 10:50.039,2215, ,2154, ,0, , , ,0, , , , , , , , , ,2,1,0,0,0,0,1,0,0,0,0,0,0,0,0,0,0,0,0,0,0,0,0,0,0,0,0,0,0,0,0,0,0,0,0,0,0,39.9564,-75.1804, ,Philadelphia
3439,30844,2017060659,6,67,67301,2017,4,3,1423,14,1,2,1,5,1, , ,N,0,0,0,3,0,1,3,2,N,N,39 57:11.898,75 09:11.186,1430, ,1423, ,0, ,N, ,0, , , , , , , , , ,2,1,0,1,0,0,0,0,0,0,0,0,1,1,0,0,0,0,0,0,1,0,0,1,0,0,0,0,0,0,0,0,0,0,0,8,1,39.9533,-75.1531, ,Philadelphia
3440,30852,2017023918,6,67,67301,2017,3,6,1300,13,1,1,0,4,1, , ,N,2,2,0,3,0,0,4,2,N,N,39 58:56.703,75 05:01.832,1330, ,1305,2,1,2,N, ,3,N, , , , , , , , ,2,1,0,0,0,1,0,0,0,0,0,0,0,0,0,0,0,0,0,0,0,0,0,0,0,0,0,0,0,0,0,0,0,0,0,0,1,39.9824,-75.0838, ,Philadelphia
3441,30872,2017028921,6,67,67301,2017,2,7,1800,18,4,1,0,4,1, , ,N,1,2,0,3,0,1,4,2,N,N,39 59:19.554,75 07:12.678,9999, ,9999, ,0, , , ,3, , , , , , , , , ,2,2,0,0,0,0,0,0,0,0,0,1,1,0,1,0,0,0,0,0,0,0,0,1,0,0,0,0,0,0,0,0,0,0,0,4,0,39.9888,-75.1202, ,Philadelphia
3442,30873,2017035829,6,67,67301,2017,3,6,1306,13,1,4,1,1,1, , ,N,2,2,0,3,0,0,3,2,N,N,40 05:44.840,74 59:28.507,1310, ,1306, ,0, ,N, ,3, , , , , , , , , ,2,1,0,0,0,1,0,0,0,0,0,0,0,0,0,0,0,0,0,1,1,0,0,0,0,0,0,0,0,0,0,0,0,0,0,0,1,40.0958,-74.9913, ,Philadelphia
3443,30875,2017028782,6,67,67301,2017,2,5,1543,15,1,1,0,8,1, , ,N,1,2,0,3,0,1,2,2,N,N,39 58:31.257,75 14:43.799,1546, ,1543,1,1,2,N, ,3,N, , , , , , , , ,1,0,0,0,0,0,1,0,0,0,0,1,1,0,0,0,0,0,0,0,0,0,0,0,0,0,0,0,0,0,0,0,1,0,0,4,0,39.9753,-75.2455, ,Philadelphia
3444,30901,2017019145,6,67,67301,2017,1,2,1530,15,1,1,0,8,1, , ,N,1,2,0,3,0,1,6,2,N, ,40 02:28.908,75 01:41.719,1551, ,1549, ,0, , , ,3, , , , , , , , , ,1,0,0,0,0,0,1,0,0,0,1,0,1,0,0,0,0,0,0,0,1,0,0,0,0,0,0,0,0,0,0,0,1,0,0,3,0,40.0414,-75.0283, ,Philadelphia
3445,30907,2017045089,6,67,67301,2017,4,6,1807,18,1,1,0,1,1, , ,N,0,0,0,3,0,1,5,4,N,N,40 02:08.228,75 01:00.806,1826, ,1815, ,0, , , ,0, , , , , , , , , ,4,4,0,0,0,0,0,0,0,0,1,0,1,0,0,0,0,1,0,0,2,1,0,0,0,0,0,0,0,0,0,0,0,0,0,3,0,40.0356,-75.0169, ,Philadelphia
3446,30911,2017033149,6,67,67301,2017,2,2,900,9,1,1,0,2,1, , ,N,1,2,0,3,0,1,3,3,N, ,40 02:10.346,75 03:51.114,905, ,900, ,0, , , ,3, , , , , , , , , ,3,0,0,0,0,0,2,1,0,0,0,1,1,0,0,0,0,0,0,0,0,0,0,0,0,0,0,0,0,0,0,0,0,0,0,4,0,40.0363,-75.0643, ,Philadelphia
3447,30939,2017060530,6,67,67301,2017,5,5,1900,19,1,1,0,5,6, , ,N,0,0,0,3,0,1,1,2,N,N,40 04:42.092,75 04:19.740,1905, ,1900, ,0, , , ,0, , , , , , , , , ,2,2,0,0,0,0,0,0,0,0,0,0,1,1,0,0,0,0,0,0,0,0,1,0,0,0,0,0,0,0,0,0,0,0,0,8,0,40.0784,-75.0722, ,Philadelphia
3448,30981,2017058917,6,67,67301,2017,6,1,2,0,3,1,0,4,1, , ,N,0,8,3,3,0,4,12,4,N,N,39 57:18.600,75 08:49.500,2, ,2,3,2,4,N, ,3,N, , , , , , , , ,4,2,0,0,2,0,0,0,0,0,0,4,4,0,0,0,0,0,0,1,0,0,0,0,0,0,0,0,0,0,0,0,0,0,0,4,0,39.9552,-75.1471, ,Philadelphia
3449,31027,2017052401,6,67,67301,2017,5,2,1201,12,1,1,0,5,6, , ,N,0,0,0,3,0,0,2,2,N,N,39 57:14.515,75 10:06.413,1243, ,1243, ,0, ,N, ,0, , , , , , , , , ,2,1,0,0,1,0,0,0,0,0,0,0,0,0,0,0,0,0,0,0,1,0,0,0,0,0,0,0,0,0,0,0,0,0,0,0,0,39.954,-75.1684, ,Philadelphia
3450,31046,2017041119,6,67,67301,2017,3,2,1505,15,1,1,0,8,1, , ,N,0,0,0,3,0,1,2,2,N,Y,39 58:53.741,75 14:43.029,1517, ,1511, ,0, ,N, ,0, , , , , , , , , ,1,1,0,0,0,0,0,0,0,0,0,0,1,1,0,0,0,0,0,0,0,0,0,0,0,0,0,0,0,0,0,0,1,0,0,8,0,39.9816,-75.2453, ,Philadelphia
3451,31057,2017033056,6,67,67301,2017,2,2,835,8,1,1,0,4,1, , ,N,1,2,3,3,0,0,3,2,N,N,39 57:25.881,75 09:31.332,845, ,839, ,0, ,N, ,3, , , , , , , , , ,2,2,0,0,0,0,0,0,0,0,0,0,0,0,0,0,0,0,0,0,0,0,0,0,0,0,0,0,0,0,0,0,0,0,0,0,0,39.9572,-75.1587, ,Philadelphia
3452,31060,2017028943,6,67,67301,2017,2,2,1800,18,3,1,0,4,1, , ,N,1,2,0,3,0,2,3,2,N,N,40 02:34.113,75 03:47.339,1809, ,1807,2,2,1,N, ,3,Y, , , , , , , , ,2,2,0,0,0,0,0,0,0,0,0,2,2,0,0,0,0,0,1,0,0,1,0,0,0,0,0,0,0,0,0,0,0,0,0,4,0,40.0428,-75.0631, ,Philadelphia