objectid_1,objectid,crn,district,county,municipality,crash_year,crash_month,day_of_week,time_of_day,hour_of_day,illumination,weather,road_condition,collision_type,relation_to_road,work_zone_type,work_zone_loc,work_zone_ind,intersect_type,tcd_type,location_type,urban_rural,fatal_count,injury_count,person_count,total_units,sch_bus_ind,sch_zone_ind,latitude,longitude,arrival_tm,cons_zone_spd_lim,dispatch_tm,est_hrs_closed,lane_closed,ln_close_dir,ntfy_hiwy_maint,spec_juris_cd,tcd_func_cd,tfc_detour_ind,workers_pres,wz_close_detour,wz_flagger,wz_law_offcr_ind,wz_ln_closure,wz_moving,wz_other,wz_shlder_mdn,vehicle_count,automobile_count,motorcycle_count,bus_count,small_truck_count,heavy_truck_count,suv_count,van_count,bicycle_count,maj_inj_count,mod_inj_count,min_inj_count,tot_inj_count,unk_inj_deg_count,unk_inj_per_count,driver_count_16yr,driver_count_17yr,driver_count_18yr,driver_count_19yr,driver_count_20yr,driver_count_50_64yr,driver_count_65_74yr,driver_count_75plus,unbelted_occ_count,unb_death_count,unb_maj_inj_count,belted_death_count,belted_maj_inj_count,mcycle_death_count,mcycle_maj_inj_count,bicycle_death_count,bicycle_maj_inj_count,ped_count,ped_death_count,ped_maj_inj_count,max_severity_level,comm_veh_count,dec_lat,dec_long,rdwy_surf_type_cd,county_name
3649,28110,2017022639,6,67,67301,2017,2,6,2155,21,2,1,0,5,1, , ,N,0,0,0,3,0,0,2,2,N,N,39 57:35.542,75 10:43.629,2208, ,2207, ,0, , , ,0, , , , , , , , , ,2,2,0,0,0,0,0,0,0,0,0,0,0,0,0,0,0,0,0,0,0,0,0,0,0,0,0,0,0,0,0,0,0,0,0,0,0,39.9599,-75.1788, ,Philadelphia
3650,28119,2017041410,6,67,67301,2017,4,7,1038,10,1,1,0,4,1, , ,N,1,2,0,3,0,0,2,2,N, ,39 58:17.110,75 13:33.005,1043, ,1040, ,0, , , ,3, , , , , , , , , ,2,2,0,0,0,0,0,0,0,0,0,0,0,0,0,0,0,0,0,0,0,0,0,2,0,0,0,0,0,0,0,0,0,0,0,0,0,39.9714,-75.2258, ,Philadelphia
3651,28138,2017060709,6,67,67301,2017,5,2,1030,10,1,1,0,5,1, , ,N,0,0,0,3,0,0,2,2,N,N,39 58:51.553,75 11:12.855,1058, ,1056, ,0, ,N, ,0, , , , , , , , , ,2,2,0,0,0,0,0,0,0,0,0,0,0,0,0,0,0,0,0,0,0,0,0,1,0,0,0,0,0,0,0,0,0,0,0,0,0,39.981,-75.1869, ,Philadelphia
3652,28144,2017060681,6,67,67301,2017,5,2,725,7,1,1,0,4,1, , ,N,1,2,0,3,0,0,2,3,N,N,39 58:02.632,75 10:43.087,733, ,733, ,0, ,N, ,3, , , , , , , , , ,3,2,0,0,1,0,0,0,0,0,0,0,0,0,0,0,0,0,0,0,0,0,0,2,0,0,0,0,0,0,0,0,0,0,0,0,0,39.9674,-75.1786, ,Philadelphia
3653,28152,2017010577,6,67,67301,2017,1,5,1620,16,1,1,0,4,1, , ,N,1,2,0,3,0,1,3,2,N,N,40 02:49.639,75 05:52.794,1630, ,1621,2,2,6,N, ,3,Y, , , , , , , , ,2,2,0,0,0,0,0,0,0,0,0,1,1,0,0,0,0,0,0,0,1,0,0,0,0,0,0,0,0,0,0,0,0,0,0,4,0,40.0471,-75.098, ,Philadelphia
3654,28160,2017019057,6,67,67301,2017,1,2,1740,17,3,1,1,8,1, , ,N,1,2,0,3,0,1,2,2,N,N,39 59:39.085,75 06:28.154,1750, ,1745, ,0, ,N, ,3, , , , , , , , , ,1,1,0,0,0,0,0,0,0,0,0,1,1,0,0,0,0,0,0,0,0,0,0,1,0,0,0,0,0,0,0,0,1,0,0,4,0,39.9942,-75.1078, ,Philadelphia
3655,31487,2017035688,6,67,67301,2017,3,6,915,9,1,1,0,5,1, , ,N,0,0,0,3,0,1,3,2,N, ,39 58:30.354,75 11:41.515,925, ,917, ,0, , , ,0, , , , , , , , , ,2,2,0,0,0,0,0,0,0,0,0,0,1,1,0,0,0,0,0,0,0,0,0,1,0,0,0,0,0,0,0,0,0,0,0,8,0,39.9751,-75.1949, ,Philadelphia
3656,31537,2017037455,6,67,67301,2017,3,3,1638,16,1,1,0,1,1, , ,N,0,2,0,3,0,1,2,2,N, ,40 02:59.102,75 05:43.619,1644, ,1638,1,1,2, , ,3,N, , , , , , , , ,2,2,0,0,0,0,0,0,0,0,0,1,1,0,0,0,0,0,0,0,0,0,0,1,0,0,0,0,0,0,0,0,0,0,0,4,0,40.0497,-75.0955, ,Philadelphia
3657,31555,2017052403,6,67,67301,2017,4,1,1435,14,1,1,0,4,1, , ,N,5,2,0,3,0,1,2,2,N,N,40 01:47.773,75 09:11.764,1455, ,1435, ,0, ,N, ,3, , , , , , , , , ,2,2,0,0,0,0,0,0,0,0,1,0,1,0,0,0,0,0,0,0,1,0,0,2,0,0,0,0,0,0,0,0,0,0,0,3,0,40.0299,-75.1533, ,Philadelphia
3658,31558,2017052280,6,67,67301,2017,4,1,237,2,3,1,0,1,1, , ,N,1,2,0,3,0,0,4,3,N, ,40 02:10.346,75 03:51.114,242, ,239,2,2,1, , ,3,Y, , , , , , , , ,3,3,0,0,0,0,0,0,0,0,0,0,0,0,0,0,0,0,0,0,0,0,0,0,0,0,0,0,0,0,0,0,0,0,0,0,0,40.0363,-75.0643, ,Philadelphia
3659,31586,2017031046,6,67,67301,2017,3,4,1616,16,1,1,0,8,1, , ,N,2,2,0,3,0,1,2,2,N,N,39 57:12.235,75 11:48.330,1618, ,1616, ,0, ,N, ,3, , , , , , , , , ,1,1,0,0,0,0,0,0,0,0,0,1,1,0,0,0,0,0,0,0,0,1,0,0,0,0,0,0,0,0,0,0,1,0,0,4,0,39.9534,-75.1967, ,Philadelphia
3660,31598,2017052132,6,67,67301,2017,4,3,9999,99,4,1,0,2,1, , ,N,0,0,0,3,0,2,2,2,N,N,40 02:02.089,75 08:44.687,1936, ,1929, ,0, ,N, ,0, , , , , , , , , ,2,2,0,0,0,0,0,0,0,0,0,2,2,0,0,0,0,0,0,0,0,0,0,0,0,0,0,0,0,0,0,0,0,0,0,4,0,40.0339,-75.1457, ,Philadelphia
3661,31613,2017010630,6,67,67301,2017,1,7,1401,14,1,4,3,6,1, , ,N,0,0,0,3,0,1,3,2,N,N,40 05:46.384,74 59:30.868,1420, ,1905,2,1,4,N, ,0,Y, , , , , , , , ,2,2,0,0,0,0,0,0,0,0,0,1,1,0,0,0,0,0,0,0,0,0,1,0,0,0,0,0,0,0,0,0,0,0,0,4,0,40.0962,-74.9919, ,Philadelphia
3662,31644,2017021968,6,67,67301,2017,2,1,3,0,3,1,0,7,4, , ,N,0,0,0,3,0,1,1,1,N, ,40 05:42.688,74 57:36.264,6, ,3,9,1,5, , ,0,Y, , , , , , , , ,1,0,0,0,0,0,1,0,0,0,0,1,1,0,0,0,0,0,0,0,1,0,0,0,0,0,0,0,0,0,0,0,0,0,0,4,0,40.0952,-74.9601, ,Philadelphia
3663,31651,2017052165,6,67,67301,2017,4,5,1427,14,1,1,0,1,1, , ,N,1,2,0,3,0,2,4,3,N, ,39 57:17.890,75 11:02.352,1445, ,1436, ,0, , , ,3, , , , , , , , , ,3,2,0,0,0,0,0,1,0,0,0,2,2,0,1,0,0,0,0,0,0,0,0,0,0,0,0,0,0,0,0,0,0,0,0,4,0,39.9549,-75.1839, ,Philadelphia
3664,31659,2017048098,6,46,46102,2017,5,4,2232,22,3,1,0,7,5, , ,N,5,0,0,3,0,1,5,5,N,N,40 04:26.918,75 09:30.203,2237, ,2235,2,1,4,N, ,0,N, , , , , , , , ,5,1,1,0,0,0,3,0,0,0,0,0,1,1,0,0,0,0,0,0,2,0,0,0,0,0,0,0,0,0,0,0,0,0,0,8,0,40.0741,-75.1584, ,Montgomery
3665,31695,2017019153,6,67,67301,2017,1,3,1800,18,3,1,1,8,1, , ,N,1,2,0,3,0,1,2,2,N,N,40 02:25.699,75 02:50.737,1830, ,1811, ,0, ,N, ,2, , , , , , , , , ,1,1,0,0,0,0,0,0,0,0,0,1,1,0,0,0,0,0,0,0,0,0,1,0,0,0,0,0,0,0,0,0,1,0,0,4,0,40.0405,-75.0474, ,Philadelphia
3666,31696,2017033037,6,67,67301,2017,2,7,9999,99,3,2,1,7,4, , ,N,1,2,0,3,0,3,4,1,N, ,39 54:14.563,75 14:24.409,1835, ,1830, ,0, , , ,3, , , , , , , , , ,1,1,0,0,0,0,0,0,0,0,0,0,3,3,1,0,0,0,0,0,0,0,0,3,0,0,0,0,0,0,0,0,0,0,0,8,0,39.904,-75.2401, ,Philadelphia
3667,31739,2017021596,6,67,67301,2017,2,7,635,6,1,1,0,4,1, , ,N,1,2,0,3,0,1,2,2,N,N,39 59:44.993,75 10:09.172,645, ,642, ,0, ,N, ,3, , , , , , , , , ,2,1,0,0,0,0,1,0,0,0,0,1,1,0,0,0,0,0,0,0,2,0,0,0,0,0,0,0,0,0,0,0,0,0,0,4,0,39.9958,-75.1691, ,Philadelphia
3668,31740,2017042345,6,67,67301,2017,3,6,1417,14,1,2,7,7,3, , ,N,0,0,0,3,0,1,1,1,N,N,39 53:35.937,75 13:51.969,1446, ,1417,2,2,2, , ,0,N, , , , , , , , ,1,1,0,0,0,0,0,0,0,0,0,1,1,0,0,0,0,0,0,0,1,0,0,0,0,0,0,0,0,0,0,0,0,0,0,4,0,39.8933,-75.2311, ,Philadelphia
3669,31754,2017052202,6,67,67301,2017,4,7,2357,23,3,1,0,4,1, , ,N,0,0,0,3,0,1,1,3,N,N,40 01:01.015,75 09:05.437,15, ,2357, ,0, ,N, ,0, , , , , , , , , ,3,0,0,0,0,0,3,0,0,0,0,1,1,0,0,0,0,0,0,0,0,0,0,0,0,0,0,0,0,0,0,0,0,0,0,4,0,40.0169,-75.1515, ,Philadelphia
3670,31763,2017007777,6,67,67301,2017,1,6,1215,12,1,1,0,4,1, , ,N,0,0,7,3,0,0,2,2,N,N,40 03:18.859,75 00:30.536,1227, ,1219, ,0, ,N, ,0, , , , , , , , , ,2,2,0,0,0,0,0,0,0,0,0,0,0,0,0,0,0,0,0,0,0,0,0,0,0,0,0,0,0,0,0,0,0,0,0,0,0,40.0552,-75.0085, ,Philadelphia
3671,31775,2017043872,6,67,67301,2017,4,4,1235,12,1,1,0,4,1, , ,N,1,2,0,3,0,0,4,2,N,N,39 57:53.282,75 10:37.038,1248, ,1243, ,0, ,N, ,3, , , , , , , , , ,2,1,0,0,0,0,1,0,0,0,0,0,0,0,0,0,0,0,0,0,1,0,0,1,0,0,0,0,0,0,0,0,0,0,0,0,0,39.9648,-75.177, ,Philadelphia
3672,31785,2017028803,6,67,67301,2017,2,4,854,8,1,2,1,7,3, , ,N,0,0,0,3,0,1,1,1,N,N,40 01:00.906,75 12:08.903,908, ,856, ,0, , , ,0, , , , , , , , , ,1,0,0,0,0,0,1,0,0,0,0,1,1,0,0,0,0,0,0,0,1,0,0,0,0,0,0,0,0,0,0,0,0,0,0,4,0,40.0169,-75.2025, ,Philadelphia
3673,35541,2017033093,6,67,67301,2017,2,3,1342,13,1,1,0,4,1, , ,N,1,3,0,3,0,2,3,3,N,N,40 01:42.693,75 07:49.141,1427, ,1425,9,1,1,N, ,3,N, , , , , , , , ,3,2,0,0,0,0,1,0,0,0,0,2,2,0,0,0,0,0,0,0,0,1,0,0,0,0,0,0,0,0,0,0,0,0,0,4,0,40.0285,-75.1303, ,Philadelphia
3674,35544,2017037412,6,67,67301,2017,3,1,0,0,3,1,0,8,1, , ,N,5,3,0,3,0,1,2,2,N,N,40 03:30.348,75 08:57.260,609, ,604, ,0, ,N, ,3, , , , , , , , , ,1,1,0,0,0,0,0,0,0,0,1,0,1,0,0,0,0,0,0,0,0,0,0,1,0,0,0,0,0,0,0,0,1,0,0,3,0,40.0584,-75.1492, ,Philadelphia
3675,35556,2017055636,6,67,67301,2017,5,1,2330,23,3,1,0,1,1, , ,N,0,0,0,3,0,0,3,2,N, ,40 00:53.021,75 10:42.770,2340, ,2338, ,0, , , ,0, , , , , , , , , ,2,1,0,0,0,0,1,0,0,0,0,0,0,0,0,0,0,0,0,0,0,0,0,1,0,0,0,0,0,0,0,0,0,0,0,0,0,40.0147,-75.1785, ,Philadelphia
3676,35602,2017048465,6,67,67301,2017,4,4,1629,16,1,1,0,1,1, , ,N,0,0,0,3,0,1,3,2,N,N,39 57:25.971,75 09:27.360,1651, ,1634, ,0, , , ,0, , , , , , , , , ,2,1,0,0,0,1,0,0,0,0,1,0,1,0,0,0,0,0,0,0,1,0,0,1,0,0,0,0,0,0,0,0,0,0,0,3,1,39.9572,-75.1576, ,Philadelphia
3677,35609,2017067963,6,67,67301,2017,5,5,1710,17,1,1,0,4,1, , ,N,1,3,0,3,0,0,2,2,N,N,39 57:29.437,75 13:44.774,1742, ,1735, ,0, ,N, ,3, , , , , , , , , ,2,1,0,0,0,0,1,0,0,0,0,0,0,0,1,0,0,0,0,0,1,0,0,0,0,0,0,0,0,0,0,0,0,0,0,9,0,39.9582,-75.2291, ,Philadelphia
3678,35622,2017007895,6,67,67301,2017,1,6,1830,18,3,8,1,5,1, , ,N,0,0,0,3,0,1,2,2,N,N,39 56:05.024,75 08:49.801,9999, ,9999, ,0, ,N, ,0, , , , , , , , , ,2,2,0,0,0,0,0,0,0,0,0,1,1,0,0,0,0,0,0,0,0,0,0,0,0,0,0,0,0,0,0,0,0,0,0,4,0,39.9347,-75.1472, ,Philadelphia
3679,35625,2017010561,6,67,67301,2017,1,3,1924,19,3,2,1,1,1, , ,N,0,0,0,3,0,2,4,3,N,N,40 02:52.235,75 04:09.709,9999, ,1926, ,0, ,N, ,0, , , , , , , , , ,3,3,0,0,0,0,0,0,0,0,0,2,2,0,0,0,0,0,0,0,0,0,0,0,0,0,0,0,0,0,0,0,0,0,0,4,0,40.0478,-75.0694, ,Philadelphia
3680,35627,2017013949,6,67,67301,2017,1,1,335,3,3,1,0,7,4, , ,N,1,2,0,3,0,1,1,1,N, ,40 03:27.913,75 02:30.324,400, ,340, ,0, , , ,3, , , , , , , , , ,1,1,0,0,0,0,0,0,0,0,0,0,1,1,0,0,0,0,0,0,0,0,0,0,0,0,0,0,0,0,0,0,0,0,0,8,0,40.0578,-75.0418, ,Philadelphia
3681,35674,2017045411,6,67,67301,2017,4,7,1637,16,1,1,0,1,1, , ,N,0,0,0,3,0,0,3,3,N,N,39 57:27.228,75 10:49.246,1651, ,1637,1,2,3, , ,0,N, , , , , , , , ,3,3,0,0,0,0,0,0,0,0,0,0,0,0,0,0,0,0,0,0,0,0,0,0,0,0,0,0,0,0,0,0,0,0,0,0,0,39.9576,-75.1803, ,Philadelphia
3682,35678,2017045744,6,67,67301,2017,4,6,9999,99,1,1,0,4,1, , ,N,3,2,0,3,0,0,2,3,N,N,40 00:21.518,75 10:36.274,915, ,915, ,0, ,N, ,3, , , , , , , , , ,3,0,0,0,0,0,2,1,0,0,0,0,0,0,0,0,0,0,0,0,1,1,0,0,0,0,0,0,0,0,0,0,0,0,0,0,0,40.006,-75.1766, ,Philadelphia
3683,35681,2017043856,6,67,67301,2017,4,4,2225,22,3,1,0,4,1, , ,N,1,2,0,3,0,3,4,2,N,N,39 54:20.507,75 11:37.665,2330, ,2328, ,0, ,N, ,3, , , , , , , , , ,2,1,0,0,1,0,0,0,0,0,0,3,3,0,0,0,0,0,0,0,1,0,0,0,0,0,0,0,0,0,0,0,0,0,0,4,0,39.9057,-75.1938, ,Philadelphia
3684,35691,2017051887,6,67,67301,2017,5,7,240,2,3,2,1,7,4,1,4,Y,0,0,0,3,0,0,1,1,N,N,39 58:05.947,75 07:45.063,252,55,242,1,1,1, , ,0,N,N,N,N,N,N,N,Y,N,1,1,0,0,0,0,0,0,0,0,0,0,0,0,0,0,0,0,0,0,0,0,0,1,0,0,0,0,0,0,0,0,0,0,0,0,0,39.9683,-75.1292, ,Philadelphia
3685,35701,2017060479,6,67,67301,2017,5,2,1310,13,1,1,0,1,1, , ,N,1,3,0,3,0,0,2,3,N,N,40 00:25.851,75 08:52.483,1325, ,1320,2,2,4, , ,3,Y, , , , , , , , ,3,2,0,0,0,0,1,0,0,0,0,0,0,0,0,0,0,0,0,0,0,0,0,0,0,0,0,0,0,0,0,0,0,0,0,0,0,40.0072,-75.1479, ,Philadelphia
3686,35725,2017019219,6,67,67301,2017,1,4,2032,20,3,1,0,7,2, , ,N,0,0,0,3,0,1,1,1,N,N,39 59:40.843,75 05:02.542,2037, ,2032,1,2,2, , ,0,N, , , , , , , , ,1,1,0,0,0,0,0,0,0,0,0,0,1,1,0,0,0,0,0,0,0,0,0,1,0,0,0,0,0,0,0,0,0,0,0,8,0,39.9947,-75.084, ,Philadelphia
3687,35729,2017037186,6,67,67301,2017,3,6,556,5,3,1,0,7,4, , ,N,0,0,0,3,0,1,1,1,N,N,39 55:51.229,75 11:56.072,603, ,557,2,1,4, , ,0,N, , , , , , , , ,1,1,0,0,0,0,0,0,0,0,0,0,1,1,0,0,0,0,0,0,0,0,0,1,0,0,0,0,0,0,0,0,0,0,0,8,0,39.9309,-75.1989, ,Philadelphia
3688,35734,2017043880,6,67,67301,2017,4,7,210,2,3,1,0,0,1, , ,N,0,0,0,3,0,1,1,1,N,N,39 58:05.685,75 07:34.597,222, ,220,3,2,5,N, ,0,Y, , , , , , , , ,1,1,0,0,0,0,0,0,0,0,1,0,1,0,0,0,0,0,0,0,0,0,0,0,0,0,0,0,0,0,0,0,0,0,0,3,0,39.9682,-75.1263, ,Philadelphia
3689,35741,2017021585,6,67,67301,2017,2,1,1015,10,1,2,1,5,1, , ,N,0,0,0,3,0,1,3,2,N,N,40 01:05.236,75 08:49.584,1035, ,1030, ,0, ,N, ,0, , , , , , , , , ,2,1,0,0,0,0,0,1,0,0,0,0,1,1,0,0,0,0,0,1,0,0,0,2,0,0,0,0,0,0,0,0,0,0,0,8,0,40.0181,-75.1471, ,Philadelphia
3690,35749,2017053770,6,67,67301,2017,5,3,955,9,1,1,0,4,1, , ,N,10,0,3,3,0,0,2,2,N,N,39 57:35.295,75 10:38.128,958, ,958, ,0, , , ,0, , , , , , , , , ,2,0,0,0,0,0,2,0,0,0,0,0,0,0,0,0,0,0,0,0,1,0,0,0,0,0,0,0,0,0,0,0,0,0,0,0,0,39.9598,-75.1773, ,Philadelphia
3691,39496,2017019058,6,67,67301,2017,1,4,1630,16,1,1,0,4,1, , ,N,0,0,0,3,0,1,2,2,N,N,39 54:29.281,75 09:22.788,1640, ,1633,9,1,4,N, ,0,N, , , , , , , , ,2,1,0,0,0,0,0,1,0,0,0,0,1,1,0,0,0,0,0,0,0,0,0,0,0,0,0,0,0,0,0,0,0,0,0,8,0,39.9081,-75.1563, ,Philadelphia
3692,39534,2017023931,6,67,67301,2017,2,6,1427,14,1,1,0,1,1, , ,N,0,0,7,3,0,1,2,2,N,N,39 57:42.426,75 12:58.891,1531, ,1526, ,0, , , ,0, , , , , , , , , ,2,0,0,0,0,0,2,0,0,0,0,0,1,1,1,0,0,0,0,0,1,0,0,0,0,0,0,0,0,0,0,0,0,0,0,8,0,39.9618,-75.2164, ,Philadelphia
3693,39602,2017052710,6,67,67301,2017,5,3,650,6,1,1,0,7,2, , ,N,0,0,0,3,0,0,1,1,N,N,39 56:39.965,75 08:33.203,659, ,652, ,0, , , ,0, , , , , , , , , ,1,1,0,0,0,0,0,0,0,0,0,0,0,0,0,0,0,0,0,0,0,0,0,0,0,0,0,0,0,0,0,0,0,0,0,0,0,39.9444,-75.1426, ,Philadelphia
3694,39634,2017037418,6,67,67301,2017,3,4,9999,99,5,1,0,4,1, , ,N,1,3,0,3,0,3,3,2,N,N,39 58:21.378,75 13:44.432,201, ,200, ,0, ,N, ,3, , , , , , , , , ,2,1,0,0,0,0,1,0,0,0,2,1,3,0,0,0,0,0,0,0,0,0,0,2,0,0,0,0,0,0,0,0,0,0,0,3,0,39.9726,-75.229, ,Philadelphia
3695,39635,2017043842,6,67,67301,2017,4,3,1600,16,1,1,0,8,1, , ,N,0,0,0,3,0,1,2,2,N, ,39 59:34.335,75 08:26.268,59, ,59, ,0, , , ,0, , , , , , , , , ,1,1,0,0,0,0,0,0,0,0,1,0,1,0,1,0,0,0,0,0,0,0,0,0,0,0,0,0,0,0,0,0,1,0,0,3,0,39.9929,-75.1406, ,Philadelphia
3696,39636,2017041426,6,67,67301,2017,4,3,1740,17,1,2,1,4,1, , ,N,1,2,3,3,0,0,2,2,N, ,39 57:29.061,75 09:44.627,1750, ,1745, ,0, , , ,3, , , , , , , , , ,2,1,0,0,0,0,1,0,0,0,0,0,0,0,2,0,0,0,0,0,0,0,0,0,0,0,0,0,0,0,0,0,0,0,0,9,0,39.9579,-75.1623, ,Philadelphia
3697,39637,2017035726,6,67,67301,2017,3,1,120,1,3,1,0,7,4, , ,N,0,0,0,3,0,2,2,1,N,N,39 56:20.356,75 11:35.858,124, ,121,2,1,4,N, ,0,N, , , , , , , , ,1,1,0,0,0,0,0,0,0,0,0,2,2,0,0,0,0,0,0,0,0,0,0,0,0,0,0,0,0,0,0,0,0,0,0,4,0,39.939,-75.1933, ,Philadelphia
3698,39651,2017055545,6,67,67301,2017,4,1,1115,11,1,1,0,4,1, , ,N,0,0,0,3,0,0,2,2,N, ,39 59:17.119,75 15:15.551,1130, ,1121, ,0, , , ,0, , , , , , , , , ,2,1,0,0,0,0,1,0,0,0,0,0,0,0,0,0,1,0,0,0,0,0,0,0,0,0,0,0,0,0,0,0,0,0,0,0,0,39.9881,-75.2543, ,Philadelphia
3699,39663,2017019216,6,67,67301,2017,1,5,1819,18,3,1,0,7,2, , ,N,0,8,0,3,0,1,1,1,N,N,39 56:39.812,75 08:34.249,1828, ,1820,1,1,2, , ,3,N, , , , , , , , ,1,0,0,0,1,0,0,0,0,0,0,1,1,0,0,0,0,0,0,0,0,0,0,0,0,0,0,0,0,0,0,0,0,0,0,4,0,39.9444,-75.1428, ,Philadelphia
3700,39675,2017046599,6,67,67301,2017,4,3,1914,19,1,1,0,1,1, , ,N,0,0,0,3,0,4,6,3,N,N,39 55:39.682,75 11:44.324,1914, ,1914, ,0, , , ,0, , , , , , , , , ,3,1,0,0,0,0,1,1,0,0,4,0,4,0,0,0,0,0,0,0,1,0,0,0,0,0,0,0,0,0,0,0,0,0,0,3,0,39.9277,-75.1956, ,Philadelphia
3701,39697,2017058266,6,67,67301,2017,5,4,735,7,1,1,0,4,1, , ,N,5,2,0,3,0,0,2,2,N,N,40 00:48.913,75 04:06.725,746, ,743, ,0, ,N, ,3, , , , , , , , , ,2,1,0,0,0,0,1,0,0,0,0,0,0,0,0,0,0,0,0,0,0,1,0,0,0,0,0,0,0,0,0,0,0,0,0,0,0,40.0136,-75.0685, ,Philadelphia
3702,39703,2017067816,6,67,67301,2017,5,4,1742,17,1,1,0,8,1, , ,N,1,2,0,3,0,1,2,2,N,N,39 57:56.914,75 14:46.135,1742, ,1742,2,2,1,N, ,3,Y, , , , , , , , ,1,1,0,0,0,0,0,0,0,0,0,1,1,0,0,0,0,0,0,0,1,0,0,0,0,0,0,0,0,0,0,0,1,0,0,4,0,39.9658,-75.2461, ,Philadelphia
3703,39707,2017076122,6,67,67301,2017,6,2,845,8,1,1,0,7,5, , ,N,0,0,0,3,0,1,1,2,N,N,40 01:42.865,75 05:28.317,859, ,856, ,0, , , ,0, , , , , , , , , ,1,0,0,0,0,0,1,0,0,0,1,0,1,0,0,0,0,0,0,0,0,0,0,0,0,0,0,0,0,0,0,0,0,0,0,3,0,40.0286,-75.0912, ,Philadelphia
3704,39723,2017030977,6,46,46104,2017,3,4,1417,14,1,4,1,1,1, , ,N,1,2,0,3,0,1,2,2,N,N,39 59:17.897,75 15:14.312,1420, ,1417,2,1,3, , ,3,N, , , , , , , , ,2,1,0,0,1,0,0,0,0,0,0,0,1,1,0,0,0,0,0,0,2,0,0,0,0,0,0,0,0,0,0,0,0,0,0,8,0,39.9883,-75.254, ,Montgomery
3705,39738,2017052066,6,67,67301,2017,5,3,1505,15,1,1,0,1,1, , ,N,1,2,0,3,0,2,4,3,N, ,39 58:03.012,75 10:47.758,1518, ,1512, ,0, , , ,3, , , , , , , , , ,3,2,0,0,1,0,0,0,0,0,0,0,2,2,1,0,0,0,0,0,1,1,0,0,0,0,0,0,0,0,0,0,0,0,0,8,0,39.9675,-75.1799, ,Philadelphia
3706,39744,2017060470,6,67,67301,2017,5,5,820,8,1,1,0,4,1, , ,N,1,2,0,3,0,0,4,2,N, ,39 56:29.929,75 10:45.627,841, ,839, ,0, , , ,3, , , , , , , , , ,2,1,0,0,0,0,1,0,0,0,0,0,0,0,0,0,0,0,0,0,1,0,0,0,0,0,0,0,0,0,0,0,0,0,0,0,0,39.9416,-75.1793, ,Philadelphia
3707,39752,2017067962,6,67,67301,2017,5,1,2237,22,3,1,0,8,1, , ,N,0,0,0,3,0,1,2,2,N,N,39 57:19.452,75 12:41.930,2247, ,2244, ,0, , , ,0, , , , , , , , , ,1,1,0,0,0,0,0,0,0,0,0,1,1,0,0,0,0,0,0,0,1,0,0,1,0,0,0,0,0,0,0,0,1,0,0,4,0,39.9554,-75.2116, ,Philadelphia
3708,39767,2017010631,6,67,67301,2017,1,2,1834,18,3,1,4,8,1, , ,N,1,3,0,3,0,1,2,2,N,N,40 04:30.860,74 59:18.563,1849, ,1836, ,0, ,N, ,3, , , , , , , , , ,1,0,0,0,0,0,1,0,0,0,0,1,1,0,1,0,0,0,0,0,0,0,0,0,0,0,0,0,0,0,0,0,1,0,0,4,0,40.0752,-74.9885, ,Philadelphia
3709,28166,2017041201,6,67,67301,2017,3,2,1655,16,1,1,0,8,1, , ,N,2,0,0,3,0,1,2,2,N,N,40 02:00.563,75 04:18.394,1655, ,1655, ,0, , , ,0, , , , , , , , , ,1,1,0,0,0,0,0,0,0,0,0,0,1,1,0,0,0,0,0,0,0,0,0,0,0,0,0,0,0,0,0,0,1,0,0,8,0,40.0335,-75.0718, ,Philadelphia
3710,28169,2017043896,6,67,67301,2017,4,3,1048,10,1,1,0,4,1, , ,N,2,3,0,3,0,2,3,2,N, ,40 02:43.901,75 03:52.027,1053, ,1050, ,0, , , ,3, , , , , , , , , ,2,2,0,0,0,0,0,0,0,0,0,2,2,0,0,0,0,0,0,0,0,1,0,1,0,0,0,0,0,0,0,0,0,0,0,4,0,40.0455,-75.0645, ,Philadelphia
3711,28173,2017052172,6,67,67301,2017,4,2,1300,13,1,1,0,4,1, , ,N,1,3,0,3,0,1,2,2,N,N,39 59:15.018,75 08:55.989,1325, ,1305, ,0, , , ,3, , , , , , , , , ,2,0,0,0,0,0,1,1,0,0,0,1,1,0,0,0,0,0,0,0,1,0,0,0,0,0,0,0,0,0,0,0,0,0,0,4,0,39.9875,-75.1489, ,Philadelphia
3712,28176,2017055541,6,67,67301,2017,4,3,832,8,1,2,1,4,1, , ,N,1,0,0,3,0,0,3,2,N,N,39 59:39.558,75 13:04.981,909, ,851, ,0, ,N, ,0, , , , , , , , , ,2,2,0,0,0,0,0,0,0,0,0,0,0,0,3,0,0,0,0,0,0,0,0,0,0,0,0,0,0,0,0,0,0,0,0,9,0,39.9943,-75.2181, ,Philadelphia
3713,28185,2017061140,6,67,67301,2017,5,3,1552,15,1,2,1,8,1, , ,N,0,0,0,3,0,1,2,2,N,N,40 01:21.726,75 04:39.850,1555, ,1554, ,0, ,N, ,0, , , , , , , , , ,1,1,0,0,0,0,0,0,0,1,0,0,1,0,1,0,0,0,0,0,0,0,0,0,0,0,0,0,0,0,0,0,1,0,1,2,0,40.0227,-75.0777, ,Philadelphia