objectid_1,objectid,crn,district,county,municipality,crash_year,crash_month,day_of_week,time_of_day,hour_of_day,illumination,weather,road_condition,collision_type,relation_to_road,work_zone_type,work_zone_loc,work_zone_ind,intersect_type,tcd_type,location_type,urban_rural,fatal_count,injury_count,person_count,total_units,sch_bus_ind,sch_zone_ind,latitude,longitude,arrival_tm,cons_zone_spd_lim,dispatch_tm,est_hrs_closed,lane_closed,ln_close_dir,ntfy_hiwy_maint,spec_juris_cd,tcd_func_cd,tfc_detour_ind,workers_pres,wz_close_detour,wz_flagger,wz_law_offcr_ind,wz_ln_closure,wz_moving,wz_other,wz_shlder_mdn,vehicle_count,automobile_count,motorcycle_count,bus_count,small_truck_count,heavy_truck_count,suv_count,van_count,bicycle_count,maj_inj_count,mod_inj_count,min_inj_count,tot_inj_count,unk_inj_deg_count,unk_inj_per_count,driver_count_16yr,driver_count_17yr,driver_count_18yr,driver_count_19yr,driver_count_20yr,driver_count_50_64yr,driver_count_65_74yr,driver_count_75plus,unbelted_occ_count,unb_death_count,unb_maj_inj_count,belted_death_count,belted_maj_inj_count,mcycle_death_count,mcycle_maj_inj_count,bicycle_death_count,bicycle_maj_inj_count,ped_count,ped_death_count,ped_maj_inj_count,max_severity_level,comm_veh_count,dec_lat,dec_long,rdwy_surf_type_cd,county_name
4170,33344,2017078840,6,67,67301,2017,7,3,1420,14,1,1,0,8,1, , ,N,0,0,0,3,0,1,2,2,N, ,40 02:42.897,75 05:48.109,1440, ,1430, ,0, , , ,0, , , , , , , , , ,1,1,0,0,0,0,0,0,0,0,0,1,1,0,0,0,0,0,0,0,0,0,0,0,0,0,0,0,0,0,0,0,1,0,0,4,0,40.0452,-75.0967, ,Philadelphia
4171,33350,2017013975,6,67,67301,2017,1,6,800,8,1,1,0,8,1, , ,N,1,3,0,3,0,1,2,2,N, ,40 03:19.321,75 04:43.017,1652, ,1645, ,0, , , ,3, , , , , , , , , ,1,0,0,0,0,0,1,0,0,0,1,0,1,0,0,0,0,0,0,0,0,0,0,0,0,0,0,0,0,0,0,0,1,0,0,3,0,40.0554,-75.0786, ,Philadelphia
4172,33377,2017041149,6,67,67301,2017,3,4,1300,13,1,1,0,1,1, , ,N,0,0,0,3,0,2,3,2,N,N,40 04:27.035,75 02:05.854,1310, ,1305,1,1,1,N, ,0,N, , , , , , , , ,2,2,0,0,0,0,0,0,0,0,0,0,2,2,0,0,0,0,0,0,1,0,0,0,0,0,0,0,0,0,0,0,0,0,0,8,0,40.0742,-75.035, ,Philadelphia
4173,33424,2017037371,6,67,67301,2017,3,5,2000,20,3,1,0,8,1, , ,N,0,0,7,3,0,1,2,2,N,N,39 56:47.007,75 14:15.478,2012, ,2005,2,1,3,N, ,0,Y, , , , , , , , ,1,1,0,0,0,0,0,0,0,0,0,0,1,1,0,0,0,0,0,0,0,0,0,1,0,0,0,0,0,0,0,0,1,0,0,8,0,39.9464,-75.2376, ,Philadelphia
4174,33437,2017021604,6,67,67301,2017,2,1,1205,12,1,2,1,4,1, , ,N,1,3,0,3,0,2,2,3,N,N,39 59:15.679,75 09:16.209,1215, ,1213, ,0, ,N, ,3, , , , , , , , , ,3,2,0,0,0,0,1,0,0,0,0,2,2,0,0,0,0,0,0,0,0,0,0,0,0,0,0,0,0,0,0,0,0,0,0,4,0,39.9877,-75.1545, ,Philadelphia
4175,33440,2017028892,6,67,67301,2017,2,6,1415,14,1,1,0,5,1, , ,N,0,0,0,3,0,2,4,2,N,N,40 05:03.415,75 01:58.728,1432, ,1432, ,0, ,N, ,0, , , , , , , , , ,2,1,0,0,0,0,1,0,0,0,0,2,2,0,0,0,0,0,0,0,0,0,0,1,0,0,0,0,0,0,0,0,0,0,0,4,0,40.0843,-75.033, ,Philadelphia
4176,33455,2017014035,6,67,67301,2017,1,1,1500,15,1,1,0,8,1, , ,N,2,3,0,3,0,1,2,2,N,N,39 58:09.191,75 08:16.097,1036, ,1036, ,0, ,N, ,3, , , , , , , , , ,1,1,0,0,0,0,0,0,0,0,0,0,1,1,0,0,0,0,0,0,0,0,0,1,0,0,0,0,0,0,0,0,1,0,0,8,0,39.9691,-75.1377, ,Philadelphia
4177,36966,2017060531,6,67,67301,2017,5,1,950,9,1,1,0,4,1, , ,N,2,3,0,3,0,2,2,2,N,N,40 02:21.343,75 01:13.108,1000, ,952,9,1,2,N, ,3,N, , , , , , , , ,2,2,0,0,0,0,0,0,0,0,0,2,2,0,0,0,0,0,0,0,0,0,0,0,0,0,0,0,0,0,0,0,0,0,0,4,0,40.0393,-75.0203, ,Philadelphia
4178,36977,2017017693,6,67,67301,2017,2,1,914,9,1,1,0,7,4, , ,N,6,0,2,3,0,1,1,1,N,N,40 01:40.323,75 01:27.827,931, ,915,2,1,1, , ,0,N, , , , , , , , ,1,1,0,0,0,0,0,0,0,0,0,0,1,1,0,0,0,0,0,0,0,0,0,0,0,0,0,0,0,0,0,0,0,0,0,8,0,40.0279,-75.0244, ,Philadelphia
4179,36981,2017013950,6,67,67301,2017,1,6,30,0,3,1,0,5,6, , ,N,0,0,0,3,0,0,1,2,N, ,40 06:00.097,74 59:07.800,38, ,36, ,0, , , ,0, , , , , , , , , ,2,0,0,0,0,0,2,0,0,0,0,0,0,0,0,0,0,0,0,0,1,0,0,0,0,0,0,0,0,0,0,0,0,0,0,0,0,40.1,-74.9855, ,Philadelphia
4180,36982,2017014077,6,67,67301,2017,1,5,2200,22,3,1,0,8,1, , ,N,0,0,0,3,0,1,2,2,N,N,40 02:48.774,75 08:34.490,2205, ,2203, ,0, ,N, ,0, , , , , , , , , ,1,0,0,0,0,0,1,0,0,0,0,1,1,0,0,0,0,0,0,0,0,0,1,0,0,0,0,0,0,0,0,0,1,0,0,4,0,40.0469,-75.1429, ,Philadelphia
4181,36996,2017028854,6,67,67301,2017,2,6,923,9,1,1,0,4,1, , ,N,1,2,0,3,0,1,3,2,N,N,40 01:35.316,75 05:50.739,939, ,927,1,1,3,N, ,3,N, , , , , , , , ,2,2,0,0,0,0,0,0,0,0,0,1,1,0,0,0,0,0,0,0,0,0,0,0,0,0,0,0,0,0,0,0,0,0,0,4,0,40.0268,-75.0981, ,Philadelphia
4182,37002,2017055518,6,67,67301,2017,4,7,1408,14,1,2,1,4,1, , ,N,0,0,7,3,0,1,3,2,N, ,40 05:43.334,75 00:57.667,1523, ,1520, ,0, , , ,0, , , , , , , , , ,2,2,0,0,0,0,0,0,0,0,0,1,1,0,0,0,0,0,0,0,1,0,0,0,0,0,0,0,0,0,0,0,0,0,0,4,0,40.0954,-75.016, ,Philadelphia
4183,37040,2017019109,6,67,67301,2017,2,4,800,8,1,1,0,4,1, , ,N,1,2,0,3,0,1,3,2,N, ,40 01:28.740,75 07:25.247,930, ,900, ,0, , , ,3, , , , , , , , , ,2,1,0,0,1,0,0,0,0,0,0,1,1,0,0,0,0,1,0,0,0,0,0,0,0,0,0,0,0,0,0,0,0,0,0,4,0,40.0247,-75.1237, ,Philadelphia
4184,37064,2017049115,6,67,67301,2017,4,6,1612,16,1,1,0,1,1, , ,N,0,0,0,3,0,1,5,5,N,N,40 02:53.425,74 59:55.727,1624, ,1615, ,0, , , ,0, , , , , , , , , ,5,1,0,0,2,0,2,0,0,0,0,0,1,1,0,0,0,0,0,0,1,0,1,0,0,0,0,0,0,0,0,0,0,0,0,8,0,40.0482,-74.9988, ,Philadelphia
4185,37106,2017052277,6,67,67301,2017,4,6,630,6,1,2,1,4,1, , ,N,1,2,0,3,0,0,2,2,N, ,39 56:29.271,75 10:39.934,655, ,652, ,0, , , ,3, , , , , , , , , ,2,2,0,0,0,0,0,0,0,0,0,0,0,0,0,0,0,0,0,0,0,0,0,2,0,0,0,0,0,0,0,0,0,0,0,0,0,39.9415,-75.1778, ,Philadelphia
4186,37109,2017058293,6,67,67301,2017,5,4,1516,15,1,1,0,4,1, , ,N,5,2,0,3,0,1,2,2,N, ,40 00:04.744,75 12:55.083,9999, ,9999, ,0, , , ,3, , , , , , , , , ,2,1,0,0,1,0,0,0,0,0,0,0,1,1,0,0,0,0,0,0,1,0,0,1,0,0,0,0,0,0,0,0,0,0,0,8,0,40.0013,-75.2153, ,Philadelphia
4187,37111,2017060729,6,67,67301,2017,5,3,650,6,1,1,0,4,1, , ,N,1,3,0,3,0,1,2,2,N, ,40 03:41.745,75 04:21.896,725, ,715, ,0, , , ,3, , , , , , , , , ,2,1,0,0,0,0,1,0,0,0,0,0,1,1,0,0,0,0,0,0,1,0,0,0,0,0,0,0,0,0,0,0,0,0,0,8,0,40.0616,-75.0727, ,Philadelphia
4188,37138,2017036684,6,67,67301,2017,4,7,0,0,3,1,0,8,1, , ,N,0,0,0,3,0,1,2,2,N,N,39 58:59.692,75 09:37.098,0, ,0,2,2,1,N, ,0,Y, , , , , , , , ,1,1,0,0,0,0,0,0,0,0,0,0,1,1,0,0,0,0,0,0,0,0,0,0,0,0,0,0,0,0,0,0,1,0,0,8,0,39.9832,-75.1603, ,Philadelphia
4189,37148,2017050735,6,67,67301,2017,5,6,1308,13,1,2,1,4,1, , ,N,0,8,0,3,0,0,2,2,N,N,40 02:39.584,75 00:09.646,1315, ,1312, ,0, , , ,3, , , , , , , , , ,2,2,0,0,0,0,0,0,0,0,0,0,0,0,0,0,0,0,0,0,0,0,0,0,0,0,0,0,0,0,0,0,0,0,0,0,0,40.0443,-75.0027, ,Philadelphia
4190,37155,2017052475,6,67,67301,2017,4,5,1800,18,1,1,0,1,1, , ,N,0,0,0,3,0,0,4,3,N,N,40 06:26.395,75 01:36.026,1820, ,1815,1,2,1,N, ,0,N, , , , , , , , ,3,1,0,0,0,0,1,1,0,0,0,0,0,0,0,0,0,1,0,0,1,0,0,4,0,0,0,0,0,0,0,0,0,0,0,0,0,40.1073,-75.0267, ,Philadelphia
4191,37163,2017010592,6,67,67301,2017,1,1,450,4,3,4,5,5,1, , ,N,3,0,0,3,0,1,4,2,N,N,40 01:14.084,75 08:26.386,454, ,454, ,0, ,N, ,0, , , , , , , , , ,2,0,0,0,0,1,1,0,0,0,0,1,1,0,0,0,0,0,0,0,0,0,0,1,0,0,0,0,0,0,0,0,0,0,0,4,1,40.0206,-75.1407, ,Philadelphia
4192,37176,2017038517,6,67,67301,2017,4,4,1918,19,6,1,0,4,1, , ,N,0,0,0,3,0,1,2,2,N,N,39 57:16.208,75 08:29.785,1937, ,1918,2,2,2, , ,0,N, , , , , , , , ,2,1,0,0,0,1,0,0,0,0,1,0,1,0,0,0,0,0,0,0,0,0,0,0,0,0,0,0,0,0,0,0,0,0,0,3,1,39.9545,-75.1416, ,Philadelphia
4193,37184,2017035616,6,67,67301,2017,3,5,9999,99,1,1,0,4,1, , ,N,1,2,0,3,0,2,2,2,N, ,39 59:41.261,75 09:33.552,1318, ,1317,3,2,7, , ,3,Y, , , , , , , , ,2,1,0,0,0,0,1,0,0,0,0,0,2,2,0,0,0,0,0,0,0,0,0,1,0,0,0,0,0,0,0,0,0,0,0,8,0,39.9948,-75.1593, ,Philadelphia
4194,37207,2017055676,6,67,67301,2017,5,7,1614,16,1,1,0,7,4, , ,N,0,0,0,3,0,1,1,1,N,N,40 00:12.979,75 11:25.834,1635, ,1614,2,1,2,N, ,0,N, , , , , , , , ,1,0,1,0,0,0,0,0,0,0,1,0,1,0,0,0,0,0,0,0,0,0,0,0,0,0,0,0,0,0,0,0,0,0,0,3,0,40.0036,-75.1905, ,Philadelphia
4195,40167,2017033552,6,67,67301,2017,2,7,1012,10,1,1,0,4,1, , ,N,1,2,0,3,0,0,2,2,N, ,39 57:39.360,75 14:42.201,1020, ,1013, ,0, , , ,3, , , , , , , , , ,2,1,0,0,0,0,1,0,0,0,0,0,0,0,0,0,0,0,0,0,0,0,0,0,0,0,0,0,0,0,0,0,0,0,0,0,0,39.9609,-75.245, ,Philadelphia
4196,40176,2017021608,6,67,67301,2017,2,5,1923,19,3,1,6,4,1, , ,N,1,2,0,3,0,1,2,2,N,N,39 57:02.548,75 14:27.995,1924, ,1923, ,0, ,N, ,3, , , , , , , , , ,2,0,0,0,1,0,1,0,0,0,0,0,1,1,0,0,0,0,0,0,0,0,0,0,0,0,0,0,0,0,0,0,0,0,0,8,0,39.9507,-75.2411, ,Philadelphia
4197,40179,2017052175,6,67,67301,2017,4,2,745,7,1,2,0,4,1, , ,N,1,3,0,3,0,1,3,2,N, ,40 02:37.449,75 08:17.555,758, ,757, ,0, , , ,3, , , , , , , , , ,2,1,0,0,0,0,1,0,0,0,0,1,1,0,0,0,0,0,0,0,0,1,0,2,0,0,0,0,0,0,0,0,0,0,0,4,0,40.0437,-75.1382, ,Philadelphia
4198,40217,2017043829,6,67,67301,2017,4,7,1305,13,1,1,0,7,3, , ,N,0,0,1,3,0,0,1,1,N,N,40 00:40.789,75 05:18.277,1323, ,1308,1,1,1, , ,0,Y, , , , , , , , ,1,0,0,0,1,0,0,0,0,0,0,0,0,0,0,0,0,0,0,0,0,0,0,1,0,0,0,0,0,0,0,0,0,0,0,0,0,40.0113,-75.0884, ,Philadelphia
4199,40238,2017055613,6,67,67301,2017,5,5,1255,12,1,1,0,7,5, , ,N,1,2,0,3,0,1,1,1,N,N,40 00:34.088,75 09:10.435,1315, ,1301, ,0, , , ,1, , , , , , , , , ,1,1,0,0,0,0,0,0,0,0,0,0,1,1,0,0,0,0,0,0,0,0,0,1,0,0,0,0,0,0,0,0,0,0,0,8,0,40.0095,-75.1528, ,Philadelphia
4200,40269,2017041259,6,67,67301,2017,4,7,301,3,3,1,0,4,1, , ,N,2,3,0,3,0,0,2,2,N,N,40 03:13.741,75 08:35.469,349, ,349, ,0, ,N, ,3, , , , , , , , , ,2,2,0,0,0,0,0,0,0,0,0,0,0,0,0,0,0,0,0,0,0,0,0,1,0,0,0,0,0,0,0,0,0,0,0,0,0,40.0538,-75.1432, ,Philadelphia
4201,40281,2017060718,6,67,67301,2017,5,2,1913,19,1,1,0,1,1, , ,N,1,2,0,3,0,1,2,2,N, ,39 56:01.816,75 08:50.225,1926, ,1922, ,0, , , ,3, , , , , , , , , ,2,1,0,0,0,1,0,0,0,0,0,1,1,0,0,0,0,0,0,0,0,1,0,0,0,0,0,0,0,0,0,0,0,0,0,4,1,39.9338,-75.1473, ,Philadelphia
4202,40285,2017055468,6,67,67301,2017,4,5,1450,14,1,1,0,8,1, , ,N,1,2,0,3,0,1,2,2,N,N,39 57:14.416,75 10:05.601,1450, ,1450, ,0, ,N, ,3, , , , , , , , , ,1,1,0,0,0,0,0,0,0,0,0,1,1,0,0,0,0,0,0,0,1,0,0,0,0,0,0,0,0,0,0,0,1,0,0,4,0,39.954,-75.1682, ,Philadelphia
4203,40295,2017010636,6,67,67301,2017,1,1,35,0,3,1,4,4,2, , ,N,1,2,0,3,0,3,3,2,N,N,40 01:04.807,75 08:57.222,47, ,42, ,0, ,N, ,3, , , , , , , , , ,2,2,0,0,0,0,0,0,0,0,0,3,3,0,0,0,0,0,0,0,0,0,0,0,0,0,0,0,0,0,0,0,0,0,0,4,0,40.0179,-75.1493, ,Philadelphia
4204,40326,2017049656,6,67,67301,2017,5,4,1502,15,1,1,0,1,1, , ,N,0,0,0,3,0,1,2,2,N,N,39 57:31.241,75 10:09.356,1502, ,1502,2,1,3, , ,0,N, , , , , , , , ,2,0,0,0,0,2,0,0,0,0,1,0,1,0,0,0,0,0,0,0,0,1,0,0,0,0,0,0,0,0,0,0,0,0,0,3,2,39.9587,-75.1693, ,Philadelphia
4205,40335,2017060768,6,67,67301,2017,5,2,1103,11,1,1,0,4,1, , ,N,2,3,0,3,0,0,2,2,N,N,39 56:30.387,75 09:01.502,1107, ,1105,1,2,3,N, ,3,Y, , , , , , , , ,2,1,0,0,1,0,0,0,0,0,0,0,0,0,0,0,0,0,0,0,0,1,0,0,0,0,0,0,0,0,0,0,0,0,0,0,0,39.9418,-75.1504, ,Philadelphia
4206,40337,2017062823,6,67,67301,2017,6,3,1650,16,1,1,0,4,1, , ,N,2,2,0,3,0,1,3,2,N,N,40 00:18.043,75 13:05.926,1654, ,1650,1,1,2, , ,3,N, , , , , , , , ,2,2,0,0,0,0,0,0,0,0,1,0,1,0,0,0,0,0,0,0,0,0,0,0,0,0,0,0,0,0,0,0,0,0,0,3,0,40.005,-75.2183, ,Philadelphia
4207,40350,2017029120,6,67,67301,2017,3,5,1835,18,4,1,1,4,1, , ,N,1,2,0,3,0,1,2,2,N,N,39 57:48.108,75 11:14.703,1842, ,1840,2,1,4,N, ,3,Y, , , , , , , , ,2,2,0,0,0,0,0,0,0,0,0,0,1,1,0,0,0,0,0,0,0,0,0,0,0,0,0,0,0,0,0,0,0,0,0,8,0,39.9634,-75.1875, ,Philadelphia
4208,40370,2017045549,6,67,67301,2017,5,4,2121,21,3,1,0,1,1, , ,N,0,0,0,3,0,1,3,3,N,N,40 00:16.050,75 09:08.264,2124, ,2123,1,1,2,N, ,0,N, , , , , , , , ,3,2,0,0,0,0,1,0,0,0,0,1,1,0,0,0,0,0,0,0,1,0,0,3,0,0,0,0,0,0,0,0,0,0,0,4,0,40.0045,-75.1523, ,Philadelphia
4209,40381,2017052061,6,67,67301,2017,4,3,1640,16,1,2,1,6,6, , ,N,0,0,0,3,0,1,1,2,N, ,40 04:39.912,75 10:19.315,1648, ,1641, ,0, , , ,0, , , , , , , , , ,2,2,0,0,0,0,0,0,0,1,0,0,1,0,0,0,0,0,0,0,0,0,1,0,0,0,0,0,0,0,0,0,0,0,0,2,0,40.0778,-75.172, ,Philadelphia
4210,40398,2017013938,6,67,67301,2017,1,6,9999,99,1,1,0,8,1, , ,N,1,2,0,3,0,1,2,2,N,N,40 02:23.382,75 08:40.026,1517, ,1517, ,0, ,N, ,3, , , , , , , , , ,1,1,0,0,0,0,0,0,0,0,0,1,1,0,0,0,0,0,0,0,0,0,0,1,0,0,0,0,0,0,0,0,1,0,0,4,0,40.0398,-75.1445, ,Philadelphia
4211,40417,2017028825,6,67,67301,2017,2,5,615,6,1,1,0,8,1, , ,N,1,2,0,3,0,1,2,2,N,N,40 03:24.532,75 02:49.228,659, ,646, ,0, ,N, ,3, , , , , , , , , ,1,1,0,0,0,0,0,0,0,0,0,0,1,1,1,0,0,0,0,0,0,0,0,0,0,0,0,0,0,0,0,0,1,0,0,8,0,40.0567,-75.0469, ,Philadelphia
4212,40424,2017021590,6,67,67301,2017,2,6,454,4,3,1,0,1,1, , ,N,2,2,0,3,0,2,3,3,N, ,39 56:51.715,75 11:55.544,600, ,550, ,0, , , ,3, , , , , , , , , ,3,2,0,0,0,0,1,0,0,0,0,2,2,0,0,0,0,0,0,0,1,0,0,1,0,0,0,0,0,0,0,0,0,0,0,4,0,39.9477,-75.1986, ,Philadelphia
4213,29759,2017023939,6,67,67301,2017,2,7,655,6,1,1,0,4,1, , ,N,0,0,7,3,0,1,2,2,N,N,40 00:47.518,75 09:34.642,718, ,717,2,2,4,N, ,0,Y, , , , , , , , ,2,2,0,0,0,0,0,0,0,0,0,1,1,0,0,0,0,0,0,0,0,0,0,0,0,0,0,0,0,0,0,0,0,0,0,4,0,40.0132,-75.1596, ,Philadelphia
4214,29776,2017055530,6,67,67301,2017,4,3,340,3,3,1,0,4,1, , ,N,1,2,0,3,0,2,3,2,N,Y,39 57:30.389,75 14:14.837,350, ,344, ,0, , , ,3, , , , , , , , , ,2,0,1,0,0,0,0,1,0,1,0,1,2,0,0,0,0,0,0,0,0,0,0,1,0,0,0,0,0,1,0,0,0,0,0,2,0,39.9584,-75.2375, ,Philadelphia
4215,29849,2017014079,6,67,67301,2017,1,1,114,1,3,1,0,4,1, , ,N,1,0,0,3,0,0,1,2,N,N,39 55:58.044,75 09:04.089,140, ,114,2,2,2, , ,0,N, , , , , , , , ,2,1,0,0,0,0,1,0,0,0,0,0,0,0,0,0,0,0,0,0,0,0,0,1,0,0,0,0,0,0,0,0,0,0,0,0,0,39.9328,-75.1511, ,Philadelphia
4216,29877,2017052301,6,67,67301,2017,4,5,1933,19,1,1,0,5,1, , ,N,0,0,0,3,0,1,2,2,N, ,39 58:16.572,75 13:50.955,1943, ,1940, ,0, , , ,0, , , , , , , , , ,1,0,0,0,1,0,0,0,1,0,0,1,1,0,0,0,0,0,0,0,0,0,0,0,0,0,0,0,0,0,0,0,0,0,0,4,0,39.9713,-75.2308, ,Philadelphia
4217,29886,2017008111,6,67,67301,2017,1,1,1512,15,1,1,0,7,2, , ,N,0,0,0,3,0,0,1,1,N,N,39 53:32.206,75 13:29.307,1531, ,1512, ,0, , , ,0, , , , , , , , , ,1,1,0,0,0,0,0,0,0,0,0,0,0,0,0,0,0,0,0,0,0,0,0,0,0,0,0,0,0,0,0,0,0,0,0,0,0,39.8923,-75.2248, ,Philadelphia
4218,29890,2017025662,6,67,67301,2017,2,1,1955,19,3,1,0,1,1, , ,N,0,0,0,3,0,0,7,3,N,N,39 57:36.486,75 10:47.956,2007, ,2002,1,2,4, , ,0,N, , , , , , , , ,3,2,0,0,0,0,1,0,0,0,0,0,0,0,0,0,0,0,0,0,0,0,0,0,0,0,0,0,0,0,0,0,0,0,0,0,0,39.9601,-75.18, ,Philadelphia
4219,29895,2017013920,6,67,67301,2017,1,5,2308,23,3,1,0,5,6, , ,N,0,0,0,3,0,1,2,4,N,N,40 00:54.088,75 09:18.170,2310, ,2308,2,2,7, , ,0,N, , , , , , , , ,4,2,0,0,0,0,1,1,0,0,0,1,1,0,0,0,0,0,0,0,0,0,0,0,0,0,0,0,0,0,0,0,0,0,0,4,0,40.015,-75.155, ,Philadelphia
4220,29900,2017043884,6,67,67301,2017,4,7,148,1,3,1,0,6,1, , ,N,0,0,0,3,0,1,2,2,N,N,40 01:18.442,75 04:08.191,154, ,148, ,0, , , ,0, , , , , , , , , ,2,2,0,0,0,0,0,0,0,0,0,1,1,0,1,0,0,0,1,0,0,0,0,0,0,0,0,0,0,0,0,0,0,0,0,4,0,40.0218,-75.0689, ,Philadelphia
4221,29908,2017041414,6,67,67301,2017,3,6,2002,20,3,2,1,4,1, , ,N,4,4,0,3,0,1,2,2,N,N,40 01:04.924,75 05:49.177,2025, ,2021,2,1,1,N, ,3,N, , , , , , , , ,2,0,0,0,1,0,1,0,0,0,0,1,1,0,0,0,0,0,0,0,1,0,0,0,0,0,0,0,0,0,0,0,0,0,0,4,0,40.018,-75.097, ,Philadelphia
4222,29948,2017010655,6,67,67301,2017,1,7,1135,11,1,4,6,1,6, , ,N,0,0,0,3,0,1,2,3,N,N,40 01:08.507,75 07:02.336,9999, ,9999, ,0, ,N, ,0, , , , , , , , , ,3,1,0,0,0,0,2,0,0,0,0,1,1,0,0,0,0,0,0,0,0,0,0,1,0,0,0,0,0,0,0,0,0,0,0,4,0,40.019,-75.1173, ,Philadelphia
4223,29967,2017050090,6,67,67301,2017,5,3,1908,19,1,1,0,2,1, , ,N,0,0,7,3,0,0,2,2,N,N,39 56:49.600,75 11:30.500,1910, ,1908, ,0, ,N, ,0, , , , , , , , , ,2,1,0,1,0,0,0,0,0,0,0,0,0,0,0,0,0,0,0,0,1,0,1,0,0,0,0,0,0,0,0,0,0,0,0,0,1,39.9471,-75.1918, ,Philadelphia
4224,29983,2017028832,6,67,67301,2017,2,7,1748,17,3,2,1,4,1, , ,N,1,3,0,3,0,1,3,2,N,N,40 00:33.274,75 05:24.716,1810, ,1802, ,0, ,N, ,3, , , , , , , , , ,2,0,0,0,0,1,1,0,0,0,0,1,1,0,0,0,0,0,0,0,0,0,0,0,0,0,0,0,0,0,0,0,0,0,0,4,1,40.0092,-75.0902, ,Philadelphia
4225,29998,2017041242,6,67,67301,2017,4,7,1305,13,1,1,0,4,1, , ,N,1,2,0,3,0,3,3,2,N,N,40 00:30.707,75 12:38.635,1310, ,1307,1,2,1,N, ,3,Y, , , , , , , , ,2,1,0,0,0,0,1,0,0,0,0,3,3,0,0,0,0,0,0,0,0,1,0,0,0,0,0,0,0,0,0,0,0,0,0,4,0,40.0085,-75.2107, ,Philadelphia
4226,30002,2017037359,6,67,67301,2017,3,1,139,1,3,4,1,4,1, , ,N,1,3,0,3,0,1,3,2,N, ,39 58:25.183,75 14:46.708,149, ,139, ,0, , , ,3, , , , , , , , , ,2,1,0,0,0,0,1,0,0,0,0,1,1,0,0,0,0,0,0,0,0,0,0,0,0,0,0,0,0,0,0,0,0,0,0,4,0,39.9737,-75.2463, ,Philadelphia
4227,30009,2017033120,6,67,67301,2017,3,5,1115,11,1,1,0,4,1, , ,N,2,2,0,3,0,1,3,4,N, ,40 00:55.057,75 09:18.861,1123, ,1121, ,0, , , ,3, , , , , , , , , ,4,3,0,0,0,0,0,1,0,0,0,1,1,0,0,0,0,0,0,0,1,0,0,0,0,0,0,0,0,0,0,0,0,0,0,4,0,40.0152,-75.1552, ,Philadelphia
4228,30018,2017052409,6,67,67301,2017,4,6,1602,16,1,1,0,4,1, , ,N,1,2,0,3,0,1,5,2,N,N,39 56:17.468,75 11:54.974,1624, ,1602, ,0, , , ,3, , , , , , , , , ,2,1,0,0,0,1,0,0,0,0,0,0,1,1,0,0,0,0,0,0,1,0,0,0,0,0,0,0,0,0,0,0,0,0,0,8,1,39.9386,-75.1985, ,Philadelphia
4229,30025,2017068056,6,67,67301,2017,6,2,1937,19,1,1,0,6,1, , ,N,0,0,0,3,0,1,4,3,N,N,39 58:50.057,75 09:27.051,1950, ,1943,2,1,2,N, ,0,N, , , , , , , , ,3,2,0,0,0,1,0,0,0,0,0,1,1,0,0,0,0,0,0,0,1,1,0,0,0,0,0,0,0,0,0,0,0,0,0,4,1,39.9806,-75.1575, ,Philadelphia
4230,30091,2017035731,6,67,67301,2017,3,6,9999,99,1,1,0,4,1, , ,N,1,3,0,3,0,0,5,2,N,N,39 59:15.679,75 09:16.209,825, ,813, ,0, , , ,3, , , , , , , , , ,2,1,0,0,0,0,1,0,0,0,0,0,0,0,0,0,0,0,0,0,0,0,0,0,0,0,0,0,0,0,0,0,0,0,0,0,0,39.9877,-75.1545, ,Philadelphia
4231,33460,2017037523,6,67,67301,2017,3,6,1524,15,1,1,1,1,6, , ,N,0,0,0,3,0,1,2,2,N, ,40 05:47.997,74 58:31.367,1540, ,1530, ,0, , , ,0, , , , , , , , , ,2,1,0,0,0,0,1,0,0,0,0,1,1,0,0,0,0,0,0,0,0,0,0,0,0,0,0,0,0,0,0,0,0,0,0,4,0,40.0966,-74.9754, ,Philadelphia
4232,33461,2017039111,6,67,67301,2017,4,6,1422,14,1,1,0,1,1, , ,N,0,0,3,3,0,3,3,2,N,Y,39 57:17.600,75 08:43.300,1424, ,1422,1,1,4,N, ,0,N, , , , , , , , ,2,1,0,0,0,0,1,0,0,0,3,0,3,0,0,0,0,0,0,0,1,0,0,0,0,0,0,0,0,0,0,0,0,0,0,3,0,39.9549,-75.1454, ,Philadelphia
4233,33464,2017035797,6,67,67301,2017,3,4,1235,12,1,1,0,4,1, , ,N,1,3,0,3,0,1,3,2,N,N,40 02:38.062,75 04:42.861,1258, ,1251, ,0, ,N, ,3, , , , , , , , , ,2,1,0,0,0,0,1,0,0,0,0,0,1,1,0,0,0,0,0,0,0,0,0,0,0,0,0,0,0,0,0,0,0,0,0,8,0,40.0439,-75.0786, ,Philadelphia
4234,33522,2017052429,6,67,67301,2017,4,4,2045,20,3,1,0,4,1, , ,N,0,0,7,3,0,1,2,2,N,N,39 59:59.315,75 09:11.929,2050, ,2048, ,0, ,N, ,0, , , , , , , , , ,2,1,1,0,0,0,0,0,0,0,1,0,1,0,0,0,0,0,0,0,0,0,0,0,0,0,0,0,0,0,0,0,0,0,0,3,0,39.9998,-75.1533, ,Philadelphia