objectid_1,objectid,crn,district,county,municipality,crash_year,crash_month,day_of_week,time_of_day,hour_of_day,illumination,weather,road_condition,collision_type,relation_to_road,work_zone_type,work_zone_loc,work_zone_ind,intersect_type,tcd_type,location_type,urban_rural,fatal_count,injury_count,person_count,total_units,sch_bus_ind,sch_zone_ind,latitude,longitude,arrival_tm,cons_zone_spd_lim,dispatch_tm,est_hrs_closed,lane_closed,ln_close_dir,ntfy_hiwy_maint,spec_juris_cd,tcd_func_cd,tfc_detour_ind,workers_pres,wz_close_detour,wz_flagger,wz_law_offcr_ind,wz_ln_closure,wz_moving,wz_other,wz_shlder_mdn,vehicle_count,automobile_count,motorcycle_count,bus_count,small_truck_count,heavy_truck_count,suv_count,van_count,bicycle_count,maj_inj_count,mod_inj_count,min_inj_count,tot_inj_count,unk_inj_deg_count,unk_inj_per_count,driver_count_16yr,driver_count_17yr,driver_count_18yr,driver_count_19yr,driver_count_20yr,driver_count_50_64yr,driver_count_65_74yr,driver_count_75plus,unbelted_occ_count,unb_death_count,unb_maj_inj_count,belted_death_count,belted_maj_inj_count,mcycle_death_count,mcycle_maj_inj_count,bicycle_death_count,bicycle_maj_inj_count,ped_count,ped_death_count,ped_maj_inj_count,max_severity_level,comm_veh_count,dec_lat,dec_long,rdwy_surf_type_cd,county_name
4300,30331,2017007819,6,67,67301,2017,1,3,2150,21,3,2,1,7,2, , ,N,0,0,0,3,0,3,3,1,N,N,40 00:59.790,75 12:09.880,2155, ,2153,1,1,4,N, ,0,N, , , , , , , , ,1,1,0,0,0,0,0,0,0,0,0,0,3,3,0,0,0,0,0,0,0,0,0,0,0,0,0,0,0,0,0,0,0,0,0,8,0,40.0166,-75.2027, ,Philadelphia
4301,30335,2017007747,6,67,67301,2017,1,3,2000,20,3,2,1,4,1, , ,N,0,0,0,3,0,1,1,5,N,N,40 00:51.747,75 03:56.176,2010, ,2000, ,0, ,N, ,0, , , , , , , , , ,5,4,0,0,1,0,0,0,0,0,0,1,1,0,0,0,0,0,0,0,0,0,0,0,0,0,0,0,0,0,0,0,0,0,0,4,0,40.0144,-75.0656, ,Philadelphia
4302,30343,2017007812,6,67,67301,2017,1,1,400,4,3,1,0,9,2, , ,N,0,0,0,3,0,1,1,1,N,N,39 55:15.711,75 12:55.854,406, ,402,1,1,1,N, ,0,N, , , , , , , , ,1,1,0,0,0,0,0,0,0,0,0,1,1,0,0,0,0,0,0,0,1,0,0,0,0,0,0,0,0,0,0,0,0,0,0,4,0,39.921,-75.2155, ,Philadelphia
4303,33675,2017055685,6,67,67301,2017,5,6,1747,17,1,1,0,1,1, , ,N,2,2,0,3,0,1,3,3,N, ,40 00:21.096,75 08:03.141,1747, ,1747, ,0, , , ,3, , , , , , , , , ,3,2,0,0,0,0,1,0,0,0,0,0,1,1,0,0,0,0,0,0,1,0,0,2,0,0,0,0,0,0,0,0,0,0,0,8,0,40.0059,-75.1342, ,Philadelphia
4304,33679,2017058225,6,67,67301,2017,5,7,300,3,3,2,1,5,6, , ,N,0,0,0,3,0,0,1,3,N,N,39 55:30.858,75 09:44.997,412, ,356,3,2,2,N, ,0,Y, , , , , , , , ,3,3,0,0,0,0,0,0,0,0,0,0,0,0,0,0,0,0,0,0,0,0,0,0,0,0,0,0,0,0,0,0,0,0,0,0,0,39.9252,-75.1625, ,Philadelphia
4305,33709,2017013935,6,67,67301,2017,1,3,9999,99,3,2,1,8,1, , ,N,0,0,0,3,0,1,2,2,N, ,39 58:29.127,75 09:31.147,1805, ,1801, ,0, , , ,0, , , , , , , , , ,1,1,0,0,0,0,0,0,0,0,0,1,1,0,0,0,0,0,0,0,1,0,0,0,0,0,0,0,0,0,0,0,1,0,0,4,0,39.9748,-75.1587, ,Philadelphia
4306,33728,2017053836,6,46,46102,2017,5,5,1955,19,1,2,1,8,1, , ,N,1,2,0,3,0,1,3,3,N,N,40 04:31.053,75 09:37.536,2002, ,1957,1,2,1,N, ,3,Y, , , , , , , , ,1,0,0,0,0,0,1,0,0,0,0,0,1,1,0,0,0,0,0,0,0,0,1,0,0,0,0,0,0,0,0,0,1,0,0,8,0,40.0753,-75.1604, ,Montgomery
4307,33744,2017021272,6,67,67301,2017,2,4,1534,15,1,1,0,5,6, , ,N,0,0,0,3,0,1,1,4,N,N,39 57:18.054,75 12:14.806,1534, ,1534, ,0, ,N, ,0, , , , , , , , , ,4,1,0,0,0,0,2,1,0,0,1,0,1,0,0,0,0,0,0,0,0,0,0,1,0,0,0,0,0,0,0,0,0,0,0,3,0,39.955,-75.2041, ,Philadelphia
4308,33792,2017025173,6,67,67301,2017,1,4,632,6,1,1,1,1,1, , ,N,0,0,0,3,0,0,2,2,N,N,39 58:51.251,75 06:11.735,645, ,632,1,1,1, , ,0,N, , , , , , , , ,2,1,0,0,0,0,1,0,0,0,0,0,0,0,0,0,0,0,0,0,1,0,0,0,0,0,0,0,0,0,0,0,0,0,0,0,0,39.9809,-75.1033, ,Philadelphia
4309,33794,2017041289,6,67,67301,2017,4,4,1035,10,1,1,0,2,6, , ,N,0,0,0,3,0,1,1,2,N,N,40 03:17.057,75 04:56.379,1050, ,1046, ,0, ,N, ,0, , , , , , , , , ,2,1,0,0,0,0,1,0,0,0,0,1,1,0,0,0,0,0,0,0,0,0,0,1,0,0,0,0,0,0,0,0,0,0,0,4,0,40.0547,-75.0823, ,Philadelphia
4310,33800,2017035800,6,67,67301,2017,3,5,1859,18,3,1,0,8,1, , ,N,0,0,0,3,0,1,2,2,N,N,40 02:10.236,75 04:11.909,1902, ,1900, ,0, ,N, ,0, , , , , , , , , ,1,0,0,0,0,0,1,0,0,0,0,0,1,1,0,0,0,0,0,0,0,0,0,1,0,0,0,0,0,0,0,0,1,0,0,8,0,40.0362,-75.07, ,Philadelphia
4311,33806,2017035736,6,67,67301,2017,3,2,1105,11,1,1,0,4,1, , ,N,1,3,0,3,0,1,2,2,N, ,40 00:46.022,75 06:18.331,1108, ,1105,1,1,3, , ,3,N, , , , , , , , ,2,1,0,0,0,0,1,0,0,0,0,1,1,0,0,0,0,0,0,0,0,0,0,0,0,0,0,0,0,0,0,0,0,0,0,4,0,40.0128,-75.1051, ,Philadelphia
4312,33823,2017060462,6,67,67301,2017,5,7,2210,22,3,1,0,7,4, , ,N,1,2,0,3,0,0,1,1,N,N,40 01:47.766,75 06:16.448,2216, ,2216, ,0, , , ,3, , , , , , , , , ,1,1,0,0,0,0,0,0,0,0,0,0,0,0,0,0,0,0,0,0,0,0,0,0,0,0,0,0,0,0,0,0,0,0,0,0,0,40.03,-75.1043, ,Philadelphia
4313,33844,2017041190,6,67,67301,2017,3,5,735,7,1,1,0,1,1, , ,N,0,2,0,3,0,1,6,4,N, ,40 01:54.535,75 12:28.167,745, ,739,2,1,2, , ,3,N, , , , , , , , ,4,1,0,0,3,0,0,0,0,0,0,0,1,1,0,0,0,0,0,0,0,0,0,4,0,0,0,0,0,0,0,0,0,0,0,8,0,40.0318,-75.2078, ,Philadelphia
4314,33849,2017035596,6,67,67301,2017,3,5,1544,15,1,1,0,4,1, , ,N,3,2,0,3,0,1,3,2,N,N,40 01:48.638,75 06:15.374,1640, ,1634, ,0, ,N, ,3, , , , , , , , , ,2,1,0,0,0,0,1,0,0,0,0,1,1,0,0,0,0,0,0,0,2,0,0,0,0,0,0,0,0,0,0,0,0,0,0,4,0,40.03,-75.1031, ,Philadelphia
4315,33860,2017035686,6,67,67301,2017,3,7,812,8,1,2,1,7,4, , ,N,0,0,0,3,0,1,1,1,N,N,39 59:11.363,75 12:33.522,910, ,901, ,0, , , ,0, , , , , , , , , ,1,0,0,0,0,0,1,0,0,0,0,0,1,1,0,0,0,0,0,0,1,0,0,0,0,0,0,0,0,0,0,0,0,0,0,8,0,39.9865,-75.2093, ,Philadelphia
4316,33870,2017055622,6,67,67301,2017,5,6,139,1,3,2,1,8,1, , ,N,2,2,0,3,0,1,2,2,N,N,40 01:19.948,75 13:05.804,141, ,140,3,2,7,N, ,3,Y, , , , , , , , ,1,1,0,0,0,0,0,0,0,0,0,0,1,1,0,0,0,0,0,0,0,0,0,0,0,0,0,0,0,0,0,0,1,0,0,8,0,40.0222,-75.2183, ,Philadelphia
4317,33875,2017012402,6,67,67301,2017,1,6,427,4,3,1,0,7,2, , ,N,7,0,2,3,0,0,2,1,N,N,39 58:34.046,75 11:43.985,427, ,427,2,2,4, , ,0,Y, , , , , , , , ,1,1,0,0,0,0,0,0,0,0,0,0,0,0,0,0,0,0,0,0,0,0,0,0,0,0,0,0,0,0,0,0,0,0,0,0,0,39.9761,-75.1956, ,Philadelphia
4318,33878,2017008423,6,67,67301,2017,1,3,9999,99,1,2,1,1,1, , ,N,0,0,0,3,0,1,2,2,N,N,40 02:05.145,75 11:04.208,830, ,805, ,0, , , ,0, , , , , , , , , ,2,1,0,1,0,0,0,0,0,0,0,0,1,1,0,0,0,0,0,0,0,0,0,0,0,0,0,0,0,0,0,0,0,0,0,8,1,40.0348,-75.1845, ,Philadelphia
4319,33887,2017025240,6,67,67301,2017,3,5,719,7,1,1,0,1,1, , ,N,7,3,2,3,0,1,2,2,N,N,40 00:31.943,75 12:18.729,725, ,724,1,2,4, , ,3,N, , , , , , , , ,2,1,0,0,0,0,1,0,0,0,0,1,1,0,0,0,0,0,0,0,0,0,0,0,0,0,0,0,0,0,0,0,0,0,0,4,0,40.0089,-75.2052, ,Philadelphia
4320,33893,2017041163,6,67,67301,2017,3,4,1325,13,1,1,0,4,1, , ,N,1,3,0,3,0,0,3,2,N, ,40 01:22.525,75 09:47.379,1400, ,1325, ,0, , , ,3, , , , , , , , , ,2,2,0,0,0,0,0,0,0,0,0,0,0,0,0,0,0,0,0,0,0,1,0,0,0,0,0,0,0,0,0,0,0,0,0,0,0,40.0229,-75.1632, ,Philadelphia
4321,37430,2017035661,6,67,67301,2017,3,7,2005,20,3,1,0,4,1, , ,N,1,2,0,3,0,3,3,2,N,N,40 02:06.022,75 04:09.823,2015, ,2010, ,0, ,N, ,3, , , , , , , , , ,2,0,0,0,1,0,0,1,0,0,0,0,3,3,0,0,0,1,0,0,0,0,0,0,0,0,0,0,0,0,0,0,0,0,0,8,0,40.035,-75.0694, ,Philadelphia
4322,37435,2017041270,6,67,67301,2017,4,5,755,7,1,2,1,8,1, , ,N,1,3,0,3,0,1,2,2,N,N,40 02:10.706,75 07:46.356,808, ,805, ,0, ,N, ,3, , , , , , , , , ,1,0,0,0,0,0,1,0,0,0,0,1,1,0,0,0,0,0,0,0,0,0,0,0,0,0,0,0,0,0,0,0,1,0,0,4,0,40.0363,-75.1295, ,Philadelphia
4323,37447,2017058340,6,67,67301,2017,5,4,2230,22,3,1,0,4,1, , ,N,1,2,0,3,0,1,2,2,N,N,40 01:08.216,75 08:49.391,2312, ,2312, ,0, ,N, ,3, , , , , , , , , ,2,1,0,0,0,0,0,1,0,0,0,0,1,1,1,0,0,0,0,0,0,1,0,0,0,0,0,0,0,0,0,0,0,0,0,8,0,40.0189,-75.1471, ,Philadelphia
4324,37470,2017041225,6,67,67301,2017,4,3,2036,20,3,1,0,4,1, , ,N,1,3,0,3,0,2,2,2,N,N,40 03:31.582,75 10:57.586,2055, ,2033,9,1,2,N, ,3,N, , , , , , , , ,2,2,0,0,0,0,0,0,0,0,0,0,2,2,0,0,0,0,0,0,1,0,0,0,0,0,0,0,0,0,0,0,0,0,0,8,0,40.0588,-75.1827, ,Philadelphia
4325,37478,2017041376,6,67,67301,2017,4,3,110,1,3,2,1,6,6, , ,N,0,0,0,3,0,1,1,3,N,N,39 58:56.707,75 11:12.594,122, ,120,1,2,6,N, ,0,Y, , , , , , , , ,3,3,0,0,0,0,0,0,0,0,0,0,1,1,0,0,0,0,0,0,0,0,0,0,0,0,0,0,0,0,0,0,0,0,0,8,0,39.9824,-75.1868, ,Philadelphia
4326,37488,2017052080,6,67,67301,2017,4,5,148,1,3,1,0,1,6, , ,N,0,0,3,3,0,0,1,3,N,N,39 57:06.757,75 11:04.394,154, ,149, ,0, ,N, ,0, , , , , , , , , ,3,2,0,0,0,0,1,0,0,0,0,0,0,0,1,0,0,0,0,0,0,0,0,0,0,0,0,0,0,0,0,0,0,0,0,9,0,39.9518,-75.1838, ,Philadelphia
4327,37499,2017069313,6,67,67301,2017,7,4,729,7,1,1,0,1,1, , ,N,0,0,0,3,0,1,4,3,N,N,39 59:57.452,75 11:43.660,742, ,731,1,2,3, , ,0,N, , , , , , , , ,3,1,0,0,0,0,2,0,0,0,1,0,1,0,0,0,0,0,0,0,0,0,0,1,0,0,0,0,0,0,0,0,0,0,0,3,0,39.9993,-75.1955, ,Philadelphia
4328,37511,2017010571,6,67,67301,2017,1,6,740,7,1,4,5,1,1, , ,N,1,2,0,3,0,1,2,2,N,N,39 59:23.971,75 13:09.663,800, ,743, ,0, ,N, ,3, , , , , , , , , ,2,2,0,0,0,0,0,0,0,0,0,0,1,1,0,0,0,0,0,0,0,0,0,0,0,0,0,0,0,0,0,0,0,0,0,8,0,39.99,-75.2194, ,Philadelphia
4329,37525,2017021547,6,67,67301,2017,2,7,200,2,3,1,0,7,4, , ,N,0,0,0,3,0,2,2,3,N,N,39 56:37.152,75 12:52.155,220, ,215, ,0, ,N, ,0, , , , , , , , , ,3,1,0,0,0,0,1,1,0,0,1,0,2,1,0,0,0,0,0,0,0,0,0,2,0,0,0,0,0,0,0,0,0,0,0,3,0,39.9437,-75.2145, ,Philadelphia
4330,37529,2017041231,6,67,67301,2017,4,3,2030,20,3,1,0,5,1, , ,N,0,0,0,3,0,0,3,3,N,N,39 56:45.753,75 09:26.062,2037, ,2032,3,2,4,N, ,0,Y, , , , , , , , ,3,1,0,0,0,0,2,0,0,0,0,0,0,0,0,0,0,0,0,0,0,0,0,0,0,0,0,0,0,0,0,0,0,0,0,0,0,39.946,-75.1572, ,Philadelphia
4331,37545,2017055611,6,67,67301,2017,5,1,1844,18,1,1,0,8,1, , ,N,1,2,0,3,0,1,2,2,N, ,39 58:13.436,75 08:56.372,1859, ,1853, ,0, , , ,3, , , , , , , , , ,1,1,0,0,0,0,0,0,0,0,0,1,1,0,0,0,0,0,0,0,0,0,0,1,0,0,0,0,0,0,0,0,1,0,0,4,0,39.9704,-75.149, ,Philadelphia
4332,37562,2017028836,6,67,67301,2017,2,1,1330,13,1,1,0,8,1, , ,N,1,3,0,3,0,1,2,2,N,N,40 01:06.150,75 05:00.653,1335, ,1333, ,0, ,N, ,3, , , , , , , , , ,1,0,0,0,0,0,1,0,0,0,0,1,1,0,0,0,0,0,0,0,0,0,0,0,0,0,0,0,0,0,0,0,1,0,0,4,0,40.0184,-75.0835, ,Philadelphia
4333,37564,2017035651,6,67,67301,2017,3,3,2125,21,3,1,0,4,1, , ,N,1,3,0,3,0,1,4,2,N,N,39 56:13.869,75 13:48.784,2128, ,2128, ,0, ,N, ,3, , , , , , , , , ,2,2,0,0,0,0,0,0,0,0,0,1,1,0,0,0,0,0,0,0,0,0,0,4,0,0,0,0,0,0,0,0,0,0,0,4,0,39.9372,-75.2302, ,Philadelphia
4334,37605,2017017747,6,67,67301,2017,1,6,2358,23,3,1,0,7,2, , ,N,0,0,0,3,0,1,1,1,N,N,39 57:24.766,75 09:18.513,9, ,2359, ,0, , , ,0, , , , , , , , , ,1,1,0,0,0,0,0,0,0,0,0,0,1,1,0,0,0,0,0,0,0,0,0,0,0,0,0,0,0,0,0,0,0,0,0,8,0,39.9569,-75.1551, ,Philadelphia
4335,37635,2017050547,6,67,67301,2017,4,4,33,0,2,1,0,5,1, , ,N,0,0,2,3,0,0,2,2,N,N,39 52:49.298,75 15:12.057,51, ,33, ,0, , , ,0, , , , , , , , , ,2,1,0,0,0,1,0,0,0,0,0,0,0,0,1,0,0,0,0,0,0,1,0,0,0,0,0,0,0,0,0,0,0,0,0,9,1,39.8804,-75.2533, ,Philadelphia
4336,37646,2017006551,6,67,67301,2017,1,2,212,2,3,1,0,5,6, , ,N,0,0,0,3,0,0,1,3,N,N,39 56:59.560,75 12:17.323,215, ,212,1,1,3,N, ,0,N, , , , , , , , ,3,3,0,0,0,0,0,0,0,0,0,0,0,0,0,0,0,0,0,0,0,0,0,0,0,0,0,0,0,0,0,0,0,0,0,0,0,39.9499,-75.2048, ,Philadelphia
4337,37658,2017041869,6,67,67301,2017,4,1,2244,22,3,1,0,1,1, , ,N,0,0,0,3,0,0,2,2,N,N,40 03:08.433,74 59:16.621,2309, ,2244, ,0, , , ,0, , , , , , , , , ,2,1,0,0,1,0,0,0,0,0,0,0,0,0,0,0,0,0,0,0,0,0,0,0,0,0,0,0,0,0,0,0,0,0,0,0,0,40.0523,-74.988, ,Philadelphia
4338,37662,2017037365,6,67,67301,2017,3,7,1215,12,1,2,1,4,1, , ,N,1,3,0,3,0,1,2,2,N,N,39 59:23.895,75 08:11.418,1220, ,1218, ,0, ,N, ,3, , , , , , , , , ,2,1,0,0,0,0,1,0,0,0,0,0,1,1,0,0,0,0,0,0,0,1,0,0,0,0,0,0,0,0,0,0,0,0,0,8,0,39.99,-75.1365, ,Philadelphia
4339,26686,2017052258,6,67,67301,2017,4,3,1003,10,1,2,1,4,1, , ,N,1,2,0,3,0,1,2,2,N,N,40 03:52.100,75 09:38.478,9999, ,1014, ,0, ,N, ,3, , , , , , , , , ,2,1,0,0,0,0,1,0,0,0,0,1,1,0,0,0,0,0,0,0,1,1,0,0,0,0,0,0,0,0,0,0,0,0,0,4,0,40.0645,-75.1607, ,Philadelphia
4340,26690,2017062795,6,67,67301,2017,6,5,800,8,1,1,0,5,1,1,3,Y,0,8,3,3,0,1,2,2,N,N,39 54:24.700,75 08:21.800,805,35,800,2,1,3,N, ,3,N,Y, , ,N,Y, , , ,2,1,0,0,0,1,0,0,0,0,0,1,1,0,0,0,0,0,0,0,0,0,0,1,0,0,0,0,0,0,0,0,0,0,0,4,1,39.9069,-75.1394, ,Philadelphia
4341,26712,2017045746,6,67,67301,2017,4,2,2120,21,3,1,0,8,1, , ,N,2,0,0,3,0,1,3,3,N,N,40 01:29.957,75 10:00.963,2125, ,2120, ,0, ,N, ,0, , , , , , , , , ,2,2,0,0,0,0,0,0,0,0,0,1,1,0,0,0,0,0,0,0,1,0,0,0,0,0,0,0,0,0,0,0,1,0,0,4,0,40.025,-75.1669, ,Philadelphia
4342,26727,2017028872,6,67,67301,2017,2,7,2150,21,3,1,0,8,1, , ,N,1,2,0,3,0,1,2,2,N,N,40 00:43.064,75 10:33.675,2152, ,2150, ,0, , , ,3, , , , , , , , , ,1,1,0,0,0,0,0,0,0,0,0,1,1,0,0,0,0,0,0,0,0,0,0,0,0,0,0,0,0,0,0,0,1,0,0,4,0,40.012,-75.176, ,Philadelphia
4343,26748,2017010634,6,67,67301,2017,1,5,2350,23,3,4,1,7,2, , ,N,0,0,3,3,0,0,3,3,N,N,39 53:37.865,75 13:13.107,17, ,10,1,1,3,N, ,0,N, , , , , , , , ,3,3,0,0,0,0,0,0,0,0,0,0,0,0,1,0,0,0,0,0,2,0,0,0,0,0,0,0,0,0,0,0,0,0,0,9,0,39.8939,-75.2203, ,Philadelphia
4344,26803,2017041238,6,67,67301,2017,4,7,310,3,3,1,0,7,4, , ,N,0,0,0,3,1,2,3,1,N, ,40 00:20.753,75 11:27.595,335, ,333,9,2,6, ,0,0,Y, , , , , , , , ,1,1,0,0,0,0,0,0,0,0,0,2,2,0,0,0,0,1,0,0,0,0,0,1,0,0,0,0,0,0,0,0,0,0,0,1,0,40.0046,-75.1906,2,Philadelphia
4345,26812,2017041313,6,67,67301,2017,4,4,1858,18,1,1,0,4,1, , ,N,1,2,0,3,0,2,3,2,N, ,40 02:24.861,75 03:30.268,1906, ,1904, ,0, , , ,3, , , , , , , , , ,2,2,0,0,0,0,0,0,0,0,0,2,2,0,0,0,0,0,0,0,0,0,0,0,0,0,0,0,0,0,0,0,0,0,0,4,0,40.0402,-75.0584, ,Philadelphia
4346,26820,2017045462,6,67,67301,2017,4,5,1521,15,1,1,0,1,1, , ,N,0,0,0,3,0,0,2,2,N,N,39 59:46.978,75 11:48.474,1523, ,1521, ,0, , , ,0, , , , , , , , , ,2,1,0,0,0,0,1,0,0,0,0,0,0,0,0,0,0,0,0,0,0,0,0,0,0,0,0,0,0,0,0,0,0,0,0,0,0,39.9964,-75.1968, ,Philadelphia
4347,26825,2017052382,6,67,67301,2017,4,7,1900,19,1,1,0,4,1, , ,N,1,2,0,3,0,2,2,2,N,N,39 56:18.477,75 10:17.716,1907, ,1903, ,0, ,N, ,3, , , , , , , , , ,2,0,1,0,0,0,0,1,0,0,2,0,2,0,0,0,0,0,0,0,0,1,0,0,0,0,0,0,0,0,0,0,0,0,0,3,0,39.9385,-75.1716, ,Philadelphia
4348,26831,2017045752,6,67,67301,2017,4,4,535,5,1,1,0,4,1, , ,N,0,0,0,3,0,1,2,3,N,N,40 00:57.897,75 08:59.111,545, ,540, ,0, ,N, ,0, , , , , , , , , ,3,2,0,0,0,0,1,0,0,0,1,0,1,0,0,0,0,0,0,0,0,0,0,0,0,0,0,0,0,0,0,0,0,0,0,3,0,40.0161,-75.1498, ,Philadelphia
4349,26840,2017006897,6,67,67301,2017,1,5,2227,22,3,1,0,1,1,2,4,Y,0,0,0,3,0,0,3,3,N,N,39 59:12.566,75 05:27.391,2323,45,2315, ,0, , , ,0, ,N,N,N,N,Y,N,N,N,3,1,0,0,0,0,2,0,0,0,0,0,0,0,0,0,0,0,0,0,0,0,0,0,0,0,0,0,0,0,0,0,0,0,0,0,0,39.9868,-75.0909, ,Philadelphia
4350,26843,2017012418,6,67,67301,2017,1,3,752,7,1,2,1,5,1, , ,N,0,0,0,3,0,0,1,2,N,N,39 56:47.766,75 08:32.574,813, ,813, ,0, , , ,0, , , , , , , , , ,2,2,0,0,0,0,0,0,0,0,0,0,0,0,0,0,0,0,1,0,0,0,0,0,0,0,0,0,0,0,0,0,0,0,0,0,0,39.9466,-75.1424, ,Philadelphia
4351,26846,2017014093,6,67,67301,2017,1,6,1847,18,3,1,0,4,1, , ,N,3,3,0,3,0,3,4,2,N,N,40 04:16.333,75 09:16.361,1910, ,1906, ,0, ,N, ,3, , , , , , , , , ,2,2,0,0,0,0,0,0,0,0,0,1,3,2,0,0,0,0,0,0,1,0,0,1,0,0,0,0,0,0,0,0,0,0,0,4,0,40.0713,-75.1545, ,Philadelphia
4352,26852,2017034724,6,46,46102,2017,4,2,613,6,5,1,0,1,1, , ,N,0,0,0,3,0,2,5,4,N,N,40 03:50.676,75 08:26.604,621, ,616,2,1,4,N, ,0,N, , , , , , , , ,4,2,0,0,0,0,2,0,0,0,0,0,2,2,1,0,0,0,0,0,0,0,0,0,0,0,0,0,0,0,0,0,0,0,0,8,0,40.0641,-75.1407, ,Montgomery
4353,26853,2017039545,6,67,67301,2017,4,5,840,8,1,1,0,1,1, , ,N,0,0,0,3,0,1,2,2,N,N,39 57:25.524,75 09:24.020,941, ,941, ,0, , , ,0, , , , , , , , , ,2,1,0,0,0,0,1,0,0,0,0,0,1,1,0,0,0,0,0,0,0,0,0,0,0,0,0,0,0,0,0,0,0,0,0,8,0,39.9571,-75.1567, ,Philadelphia
4354,26859,2017028815,6,67,67301,2017,2,7,1725,17,1,2,0,8,1, , ,N,1,2,0,3,0,1,2,2,N,N,39 58:53.029,75 06:49.373,1728, ,1725, ,0, ,N, ,3, , , , , , , , , ,1,0,0,0,0,0,1,0,0,0,1,0,1,0,0,0,0,0,0,0,0,0,0,1,0,0,0,0,0,0,0,0,1,0,0,3,0,39.9814,-75.1137, ,Philadelphia
4355,26863,2017041424,6,67,67301,2017,4,2,1615,16,1,1,0,1,1, , ,N,0,0,0,3,0,6,11,4,N,N,40 00:24.170,75 05:37.596,1617, ,1615, ,0, , , ,0, , , , , , , , , ,4,3,0,0,1,0,0,0,0,0,0,0,6,6,0,0,0,0,0,0,0,0,0,6,0,0,0,0,0,0,0,0,0,0,0,8,0,40.0067,-75.0938, ,Philadelphia
4356,26906,2017037439,6,67,67301,2017,3,5,1100,11,1,1,0,4,1, , ,N,1,2,0,3,0,1,2,2,N, ,39 57:27.432,75 08:44.473,1850, ,9999, ,0, , , ,3, , , , , , , , , ,2,1,0,0,0,0,1,0,0,0,0,0,1,1,0,0,0,0,0,0,1,0,0,1,0,0,0,0,0,0,0,0,0,0,0,8,0,39.9576,-75.1457, ,Philadelphia
4357,30349,2017040287,6,67,67301,2017,4,2,1558,15,1,1,0,1,1, , ,N,0,0,0,3,0,0,4,2,N,N,39 56:31.800,75 08:34.732,1604, ,1559, ,0, , , ,0, , , , , , , , , ,2,1,0,0,1,0,0,0,0,0,0,0,0,0,0,0,0,0,0,0,1,0,0,0,0,0,0,0,0,0,0,0,0,0,0,0,0,39.9422,-75.143, ,Philadelphia
4358,30350,2017035687,6,67,67301,2017,3,4,2100,21,3,4,5,7,4, , ,N,0,0,0,3,0,0,1,1,N, ,39 56:19.044,75 12:37.036,2112, ,2110, ,0, , , ,0, , , , , , , , , ,1,1,0,0,0,0,0,0,0,0,0,0,0,0,0,0,0,0,0,0,0,0,0,0,0,0,0,0,0,0,0,0,0,0,0,0,0,39.9386,-75.2103, ,Philadelphia
4359,30352,2017033520,6,67,67301,2017,2,3,850,8,1,1,0,4,2, , ,N,1,2,0,3,0,1,2,2,N,N,39 59:25.969,75 10:07.229,910, ,906, ,0, ,N, ,3, , , , , , , , , ,2,2,0,0,0,0,0,0,0,0,0,1,1,0,0,0,0,0,0,0,0,0,0,0,0,0,0,0,0,0,0,0,0,0,0,4,0,39.9905,-75.1687, ,Philadelphia
4360,30353,2017035741,6,67,67301,2017,3,6,1530,15,1,1,0,4,1, , ,N,3,3,0,3,0,1,2,2,N,N,40 00:42.976,75 09:22.903,1534, ,1532, ,0, , , ,3, , , , , , , , , ,2,0,0,0,0,0,2,0,0,0,0,1,1,0,0,0,0,0,0,0,1,0,0,0,0,0,0,0,0,0,0,0,0,0,0,4,0,40.0119,-75.1564, ,Philadelphia
4361,30360,2017041175,6,67,67301,2017,3,5,1705,17,1,1,1,4,1, , ,N,2,2,0,3,0,1,2,2,N, ,39 57:27.218,75 12:18.178,1729, ,1721, ,0, , , ,3, , , , , , , , , ,1,1,0,0,0,0,0,0,1,0,0,1,1,0,0,0,0,0,0,0,0,0,0,0,0,0,0,0,0,0,0,0,0,0,0,4,0,39.9575,-75.2049, ,Philadelphia
4362,30363,2017021511,6,67,67301,2017,2,4,100,1,3,1,0,4,1, , ,N,0,0,0,3,0,2,2,2,N,N,40 01:54.455,75 09:07.126,100, ,100, ,0, ,N, ,0, , , , , , , , , ,2,0,0,0,0,0,2,0,0,0,0,2,2,0,0,0,0,0,0,0,1,0,0,0,0,0,0,0,0,0,0,0,0,0,0,4,0,40.0318,-75.152, ,Philadelphia
4363,30381,2017018995,6,67,67301,2017,2,5,1821,18,4,1,0,4,1, , ,N,2,3,0,3,0,3,4,2,N, ,39 54:57.347,75 14:42.963,1821, ,1821,1,2,7, , ,3,Y, , , , , , , , ,2,2,0,0,0,0,0,0,0,0,0,0,3,3,0,0,0,0,0,0,1,0,0,1,0,0,0,0,0,0,0,0,0,0,0,8,0,39.9159,-75.2453, ,Philadelphia
4364,30388,2017041427,6,67,67301,2017,4,4,255,2,3,1,0,6,6, , ,N,0,0,0,3,0,0,1,4,N,N,40 03:54.867,75 10:05.079,307, ,302,2,1,4, , ,0,N, , , , , , , , ,4,2,0,0,0,0,2,0,0,0,0,0,0,0,0,0,0,0,0,0,0,0,0,0,0,0,0,0,0,0,0,0,0,0,0,0,0,40.0652,-75.1681, ,Philadelphia