objectid_1,objectid,crn,district,county,municipality,crash_year,crash_month,day_of_week,time_of_day,hour_of_day,illumination,weather,road_condition,collision_type,relation_to_road,work_zone_type,work_zone_loc,work_zone_ind,intersect_type,tcd_type,location_type,urban_rural,fatal_count,injury_count,person_count,total_units,sch_bus_ind,sch_zone_ind,latitude,longitude,arrival_tm,cons_zone_spd_lim,dispatch_tm,est_hrs_closed,lane_closed,ln_close_dir,ntfy_hiwy_maint,spec_juris_cd,tcd_func_cd,tfc_detour_ind,workers_pres,wz_close_detour,wz_flagger,wz_law_offcr_ind,wz_ln_closure,wz_moving,wz_other,wz_shlder_mdn,vehicle_count,automobile_count,motorcycle_count,bus_count,small_truck_count,heavy_truck_count,suv_count,van_count,bicycle_count,maj_inj_count,mod_inj_count,min_inj_count,tot_inj_count,unk_inj_deg_count,unk_inj_per_count,driver_count_16yr,driver_count_17yr,driver_count_18yr,driver_count_19yr,driver_count_20yr,driver_count_50_64yr,driver_count_65_74yr,driver_count_75plus,unbelted_occ_count,unb_death_count,unb_maj_inj_count,belted_death_count,belted_maj_inj_count,mcycle_death_count,mcycle_maj_inj_count,bicycle_death_count,bicycle_maj_inj_count,ped_count,ped_death_count,ped_maj_inj_count,max_severity_level,comm_veh_count,dec_lat,dec_long,rdwy_surf_type_cd,county_name
4365,30392,2017028932,6,67,67301,2017,2,2,1130,11,1,1,0,1,1, , ,N,0,0,0,3,0,1,2,2,N,N,39 59:49.607,75 06:37.393,1130, ,1130,1,1,4,N, ,0,Y, , , , , , , , ,2,1,0,0,1,0,0,0,0,0,0,0,1,1,0,0,0,0,0,0,0,0,0,1,0,0,0,0,0,0,0,0,0,0,0,8,0,39.9971,-75.1104, ,Philadelphia
4366,30393,2017021619,6,67,67301,2017,2,6,1125,11,1,1,0,4,1, , ,N,1,2,0,3,0,4,4,2,N,N,40 00:15.609,75 07:41.037,1135, ,1130,1,1,5,N, ,3,Y, , , , , , , , ,2,0,0,0,0,0,2,0,0,0,0,0,4,4,0,0,0,0,0,0,1,0,0,0,0,0,0,0,0,0,0,0,0,0,0,8,0,40.0043,-75.1281, ,Philadelphia
4367,30410,2017052362,6,67,67301,2017,4,5,1000,10,1,1,0,4,1, , ,N,1,2,0,3,0,2,2,2,N,N,40 03:10.832,75 03:51.486,1013, ,1011, ,0, ,N, ,3, , , , , , , , , ,2,2,0,0,0,0,0,0,0,0,0,0,2,2,0,0,0,0,0,0,0,0,1,0,0,0,0,0,0,0,0,0,0,0,0,8,0,40.053,-75.0643, ,Philadelphia
4368,30413,2017018632,6,67,67301,2017,2,5,324,3,3,2,1,5,1, , ,N,0,0,0,3,0,0,2,2,N,N,40 02:27.664,75 00:18.421,340, ,326, ,0, , , ,0, , , , , , , , , ,2,0,0,0,1,0,1,0,0,0,0,0,0,0,0,0,0,0,0,0,0,0,0,0,0,0,0,0,0,0,0,0,0,0,0,0,0,40.041,-75.0051, ,Philadelphia
4369,30422,2017019074,6,67,67301,2017,1,3,902,9,1,1,1,4,1, , ,N,0,0,7,3,0,0,3,2,N,N,40 04:59.828,75 02:16.727,905, ,902, ,0, ,N, ,0, , , , , , , , , ,2,2,0,0,0,0,0,0,0,0,0,0,0,0,0,0,0,0,0,0,0,0,0,0,0,0,0,0,0,0,0,0,0,0,0,0,0,40.0833,-75.038, ,Philadelphia
4370,30444,2017052302,6,67,67301,2017,4,5,1845,18,1,1,0,4,1, , ,N,1,2,0,3,0,0,4,2,N,N,40 02:38.081,75 00:34.638,1845, ,1845,1,1,2,N, ,3,N, , , , , , , , ,2,2,0,0,0,0,0,0,0,0,0,0,0,0,0,0,0,0,0,0,1,0,0,0,0,0,0,0,0,0,0,0,0,0,0,0,0,40.0439,-75.0096, ,Philadelphia
4371,30477,2017041135,6,67,67301,2017,3,6,338,3,3,1,0,7,3, , ,N,0,0,2,3,1,0,1,1,N,N,40 00:15.290,75 11:40.012,352, ,344, ,0, ,N,0,0, , , , , , , , , ,1,1,0,0,0,0,0,0,0,0,0,0,0,0,0,0,0,0,0,0,0,0,0,0,0,0,0,0,0,0,0,0,0,0,0,1,0,40.0042,-75.1944,1,Philadelphia
4372,30483,2017035659,6,67,67301,2017,3,1,1430,14,1,9,0,4,1, , ,N,1,2,0,3,1,0,3,2,N,N,40 00:38.544,75 09:02.934,1230, ,1225, ,0, ,N,0,2, , , , , , , , , ,2,2,0,0,0,0,0,0,0,0,0,0,0,0,0,0,0,0,0,0,1,0,0,2,0,0,0,0,0,0,0,0,0,0,0,1,0,40.0107,-75.1508,2,Philadelphia
4373,30497,2017052094,6,67,67301,2017,4,2,1345,13,1,1,0,4,1, , ,N,2,3,0,3,0,1,2,2,N, ,39 56:36.682,75 13:29.971,1356, ,1355, ,0, , , ,3, , , , , , , , , ,2,1,0,0,0,0,0,1,0,0,0,1,1,0,0,0,0,0,0,0,0,1,0,0,0,0,0,0,0,0,0,0,0,0,0,4,0,39.9435,-75.225, ,Philadelphia
4374,30506,2017058247,6,67,67301,2017,5,4,9999,99,3,1,0,5,1, , ,N,0,0,0,3,0,1,2,2,N,N,40 00:37.136,75 11:07.671,2317, ,2315,3,2,2,N, ,0,Y, , , , , , , , ,2,1,0,0,0,1,0,0,0,0,0,1,1,0,0,0,0,0,0,0,0,0,0,1,0,0,0,0,0,0,0,0,0,0,0,4,0,40.0103,-75.1855, ,Philadelphia
4375,33899,2017028804,6,67,67301,2017,2,4,636,6,1,2,1,4,1, , ,N,1,2,0,3,0,1,3,2,N,N,39 58:18.672,75 14:41.447,740, ,740, ,0, ,N, ,3, , , , , , , , , ,2,0,0,0,0,0,1,1,0,0,0,1,1,0,0,0,0,0,0,0,1,0,0,2,0,0,0,0,0,0,0,0,0,0,0,4,0,39.9719,-75.2448, ,Philadelphia
4376,33908,2017028775,6,67,67301,2017,2,5,2305,23,3,1,0,4,1, , ,N,1,2,0,3,0,1,2,2,N,N,39 57:40.697,75 10:30.951,2310, ,2308, ,0, ,N, ,3, , , , , , , , , ,2,2,0,0,0,0,0,0,0,0,0,1,1,0,0,0,0,0,0,0,0,0,0,1,0,0,0,0,0,0,0,0,0,0,0,4,0,39.9613,-75.175, ,Philadelphia
4377,33910,2017021524,6,67,67301,2017,2,3,1130,11,1,2,1,8,1, , ,N,1,2,0,3,0,1,2,2,N,N,40 01:49.440,75 10:49.133,1750, ,1745, ,0, , , ,3, , , , , , , , , ,1,0,0,0,0,0,1,0,0,0,0,1,1,0,1,0,0,0,0,0,0,0,0,0,0,0,0,0,0,0,0,0,1,0,0,4,0,40.0304,-75.1803, ,Philadelphia
4378,33912,2017038427,6,67,67301,2017,4,2,2049,20,3,1,0,7,3,1,4,Y,0,0,0,3,0,0,1,1,N,N,39 59:32.886,75 05:07.326,2110,50,2051,1,1,1, , ,0,N,N,N,N,N,N,N,N,Y,1,0,0,0,0,0,1,0,0,0,0,0,0,0,0,0,0,0,0,0,0,0,0,0,0,0,0,0,0,0,0,0,0,0,0,0,0,39.9925,-75.0854, ,Philadelphia
4379,33915,2017030495,6,67,67301,2017,3,3,637,6,3,2,1,4,1, , ,N,1,2,0,3,0,1,2,2,N,N,40 03:35.520,75 07:59.918,644, ,639,2,2,4,N, ,3,Y, , , , , , , , ,2,0,0,1,0,0,1,0,0,0,0,0,1,1,0,0,0,0,0,0,1,0,0,0,0,0,0,0,0,0,0,0,0,0,0,8,1,40.0598,-75.1334, ,Philadelphia
4380,33929,2017019569,6,67,67301,2017,1,1,139,1,3,1,0,7,5, , ,N,2,0,0,3,0,1,1,1,N,N,40 02:20.119,75 08:15.431,141, ,140, ,0, ,N, ,0, , , , , , , , , ,1,1,0,0,0,0,0,0,0,0,0,0,1,1,0,0,0,0,0,0,0,0,0,0,0,0,0,0,0,0,0,0,0,0,0,8,0,40.0389,-75.1376, ,Philadelphia
4381,33954,2017021509,6,67,67301,2017,2,4,627,6,1,1,0,4,1, , ,N,1,2,0,3,0,1,2,2,N,N,40 00:14.125,75 13:14.515,629, ,628, ,0, ,N, ,3, , , , , , , , , ,2,2,0,0,0,0,0,0,0,0,0,0,1,1,0,0,0,0,0,0,0,1,1,0,0,0,0,0,0,0,0,0,0,0,0,8,0,40.0039,-75.2207, ,Philadelphia
4382,33983,2017013923,6,67,67301,2017,1,5,759,7,1,2,1,4,1, , ,N,2,2,0,3,0,0,2,2,N,N,40 02:24.561,75 12:50.924,815, ,809, ,0, ,N, ,3, , , , , , , , , ,2,1,0,0,0,0,1,0,0,0,0,0,0,0,1,0,0,0,0,0,1,0,0,0,0,0,0,0,0,0,0,0,0,0,0,9,0,40.0403,-75.2142, ,Philadelphia
4383,33986,2017041251,6,67,67301,2017,4,6,2250,22,3,1,0,8,1, , ,N,0,0,0,3,0,1,2,2,N,N,39 57:39.434,75 09:11.318,2250, ,2250,1,2,1,N, ,0,Y, , , , , , , , ,1,1,0,0,0,0,0,0,0,0,0,1,1,0,0,0,0,0,0,0,0,0,0,0,0,0,0,0,0,0,0,0,1,0,0,4,0,39.961,-75.1531, ,Philadelphia
4384,34000,2017037408,6,67,67301,2017,3,5,1703,17,1,1,0,4,1, , ,N,1,2,0,3,0,1,2,2,N,N,40 00:31.034,75 04:07.810,1717, ,1715, ,0, , , ,3, , , , , , , , , ,2,1,0,0,0,0,1,0,0,0,0,1,1,0,1,0,0,0,0,0,0,0,0,0,0,0,0,0,0,0,0,0,0,0,0,4,0,40.0086,-75.0688, ,Philadelphia
4385,34011,2017055584,6,67,67301,2017,5,4,945,9,1,1,0,1,6, , ,N,0,0,0,3,0,0,1,2,N, ,40 04:31.477,75 10:15.005,1026, ,1013,2,2,1, , ,0,Y, , , , , , , , ,2,2,0,0,0,0,0,0,0,0,0,0,0,0,1,0,0,0,0,0,0,0,0,0,0,0,0,0,0,0,0,0,0,0,0,9,0,40.0754,-75.1708, ,Philadelphia
4386,34015,2017055679,6,67,67301,2017,5,6,1130,11,1,2,1,4,1, , ,N,0,0,0,3,0,3,4,2,N,N,40 00:45.862,75 09:38.734,1200, ,1145, ,0, ,N, ,0, , , , , , , , , ,2,0,0,0,0,0,1,1,0,0,0,0,3,3,1,0,0,0,0,0,0,0,0,0,0,0,0,0,0,0,0,0,0,0,0,8,0,40.0127,-75.1608, ,Philadelphia
4387,34016,2017052746,6,67,67301,2017,5,1,2337,23,3,1,0,1,1, , ,N,0,0,0,3,0,2,3,2,N,N,39 55:50.982,75 11:56.472,2343, ,2337, ,0, , , ,0, , , , , , , , , ,2,1,0,0,0,0,0,0,0,0,0,2,2,0,1,0,0,0,0,0,0,0,0,0,0,0,0,0,0,0,0,0,0,0,0,4,0,39.9311,-75.1993, ,Philadelphia
4388,34034,2017035628,6,67,67301,2017,3,6,1312,13,1,4,1,4,1, , ,N,1,3,0,3,0,0,2,3,N,N,39 55:46.603,75 09:41.558,1312, ,1312,2,1,2,N, ,3,Y, , , , , , , , ,3,2,0,0,0,0,1,0,0,0,0,0,0,0,0,0,0,0,0,0,0,0,0,0,0,0,0,0,0,0,0,0,0,0,0,0,0,39.9296,-75.1615, ,Philadelphia
4389,34043,2017021859,6,67,67301,2017,2,3,1722,17,1,1,0,1,1, , ,N,0,8,3,3,0,0,2,2,N,N,39 54:20.700,75 07:56.400,1728, ,1724, ,0, ,N, ,3, , , , , , , , , ,2,0,0,0,1,0,0,1,0,0,0,0,0,0,0,0,0,0,0,0,1,0,0,0,0,0,0,0,0,0,0,0,0,0,0,0,0,39.9058,-75.1323, ,Philadelphia
4390,34052,2017055539,6,67,67301,2017,4,3,1345,13,1,1,0,4,1, , ,N,1,3,0,3,0,3,3,3,N,N,39 57:21.945,75 11:59.211,1353, ,1350, ,0, , , ,3, , , , , , , , , ,3,2,0,0,0,0,0,1,0,0,0,0,3,3,0,0,0,0,0,0,1,0,0,3,0,0,0,0,0,0,0,0,0,0,0,8,0,39.9561,-75.1998, ,Philadelphia
4391,34063,2017063475,6,67,67301,2017,6,5,1627,16,1,1,0,1,1, , ,N,0,0,0,3,0,1,3,3,N,N,39 57:06.496,75 08:27.604,1647, ,1633, ,0, , , ,0, , , , , , , , , ,3,3,0,0,0,0,0,0,0,0,1,0,1,0,1,0,0,0,0,0,1,0,0,0,0,0,0,0,0,0,0,0,0,0,0,3,0,39.9518,-75.141, ,Philadelphia
4392,34077,2017012439,6,67,67301,2017,1,5,1737,17,3,1,0,1,1, , ,N,0,0,0,3,0,1,3,3,N,N,39 56:35.282,75 11:34.760,1825, ,1747, ,0, , , ,0, , , , , , , , , ,3,1,0,0,0,0,2,0,0,0,1,0,1,0,0,0,0,0,0,0,1,0,0,0,0,0,0,0,0,0,0,0,0,0,0,3,0,39.9431,-75.193, ,Philadelphia
4393,72941,2017086921,6,67,67301,2017,1,6,845,8,1,1,0,8,1, , ,N,1,3,0,3,0,1,2,2,N,N,40 00:38.603,75 09:45.439,852, ,848, ,0, ,N, ,3, , , , , , , , , ,1,1,0,0,0,0,0,0,0,0,0,0,1,1,0,0,0,0,0,0,0,0,0,0,0,0,0,0,0,0,0,0,1,0,0,8,0,40.0107,-75.1627, ,Philadelphia
4394,72946,2017086246,6,67,67301,2017,7,1,45,0,3,1,0,2,1, , ,N,1,2,0,3,0,1,3,2,N,N,39 58:58.770,75 06:05.073,56, ,56, ,0, ,N, ,3, , , , , , , , , ,2,1,0,0,0,0,0,0,0,0,0,1,1,0,0,0,0,0,0,0,0,0,0,0,0,0,0,0,0,0,0,0,0,0,0,4,0,39.983,-75.1014, ,Philadelphia
4395,72955,2017105868,6,67,67301,2017,9,2,1115,11,1,1,0,1,6, , ,N,0,0,0,3,0,0,1,3,N,N,39 58:44.706,75 07:32.526,1137, ,1135, ,0, ,N, ,0, , , , , , , , , ,3,2,0,0,0,0,1,0,0,0,0,0,0,0,1,0,0,0,0,0,0,1,0,0,0,0,0,0,0,0,0,0,0,0,0,9,0,39.9791,-75.1257, ,Philadelphia
4396,72963,2017091863,6,67,67301,2017,8,7,1330,13,1,1,0,4,1, , ,N,1,2,0,3,0,0,5,2,N,N,40 02:58.826,75 03:29.802,1340, ,1332,2,2,4,N, ,3,Y, , , , , , , , ,2,1,0,0,0,0,1,0,0,0,0,0,0,0,0,0,0,0,0,0,0,0,0,0,0,0,0,0,0,0,0,0,0,0,0,0,0,40.0496,-75.0582, ,Philadelphia
4397,72978,2017055594,6,67,67301,2017,4,6,9999,99,1,1,0,4,1, , ,N,1,3,0,3,0,1,2,2,N,N,39 59:47.349,75 13:43.633,1610, ,1602, ,0, ,N, ,3, , , , , , , , , ,2,2,0,0,0,0,0,0,0,0,0,0,1,1,1,0,0,0,0,0,0,1,0,0,0,0,0,0,0,0,0,0,0,0,0,8,0,39.9965,-75.2288, ,Philadelphia
4398,73018,2017116234,6,67,67301,2017,10,7,1230,12,1,1,0,1,1, , ,N,1,2,0,3,0,0,3,3,N,N,40 02:50.940,75 08:34.016,1234, ,1233,2,1,3,N, ,3,N, , , , , , , , ,3,2,0,0,0,0,0,1,0,0,0,0,0,0,0,0,0,0,0,0,0,1,0,0,0,0,0,0,0,0,0,0,0,0,0,0,0,40.0475,-75.1428, ,Philadelphia
4399,73026,2017043890,6,67,67301,2017,4,2,1735,17,1,1,0,4,1, , ,N,2,0,0,3,0,1,5,2,N,N,40 04:22.615,75 02:51.299,1752, ,1742,2,1,5, , ,0,N, , , , , , , , ,2,2,0,0,0,0,0,0,0,0,0,1,1,0,0,0,0,0,0,0,0,0,0,0,0,0,0,0,0,0,0,0,0,0,0,4,0,40.0729,-75.0476, ,Philadelphia
4400,73050,2017086142,6,67,67301,2017,7,3,1510,15,1,1,0,4,1, , ,N,1,2,0,3,0,2,6,2,N,N,40 02:11.789,75 03:52.061,1512, ,1510, ,0, ,N, ,3, , , , , , , , , ,2,2,0,0,0,0,0,0,0,0,1,0,2,1,1,0,0,0,0,0,0,0,0,0,0,0,0,0,0,0,0,0,0,0,0,3,0,40.0366,-75.0645, ,Philadelphia
4401,73055,2017096244,6,67,67301,2017,8,6,604,6,1,1,0,0,1, , ,N,0,0,0,3,0,1,1,1,N,N,39 58:04.520,75 11:24.037,619, ,606,1,2,4, , ,0,N, , , , , , , , ,1,0,1,0,0,0,0,0,0,0,0,0,1,1,0,0,0,0,0,0,0,0,0,0,0,0,0,0,0,0,0,0,0,0,0,8,0,39.9668,-75.1876, ,Philadelphia
4402,73063,2017120490,6,67,67301,2017,10,4,1521,15,1,1,0,4,1, , ,N,1,2,0,3,0,2,3,2,N, ,40 06:16.829,75 00:05.337,1521, ,1521, ,0, , , ,3, , , , , , , , , ,2,1,0,0,0,0,0,1,0,0,1,1,2,0,0,0,0,0,0,0,1,0,1,0,0,0,0,0,0,0,0,0,0,0,0,3,0,40.1046,-75.0014, ,Philadelphia
4403,73064,2017116211,6,67,67301,2017,10,4,837,8,1,1,0,4,1, , ,N,2,0,1,3,0,1,2,2,N,N,39 57:30.489,75 12:46.891,850, ,837, ,0, ,N, ,0, , , , , , , , , ,1,1,0,0,0,0,0,0,1,0,0,1,1,0,0,0,0,0,0,0,0,0,0,0,0,0,0,0,0,0,0,0,0,0,0,4,0,39.9585,-75.213, ,Philadelphia
4404,73065,2017105929,6,67,67301,2017,9,6,922,9,1,1,0,4,1, , ,N,3,3,0,3,0,1,2,2,N,N,39 57:56.570,75 12:23.262,930, ,923, ,0, ,N, ,3, , , , , , , , , ,1,0,0,0,0,0,1,0,1,0,0,1,1,0,0,0,0,0,0,0,1,0,0,0,0,0,0,0,0,0,0,0,0,0,0,4,0,39.9657,-75.2065, ,Philadelphia
4405,73069,2017111036,6,67,67301,2017,9,4,845,8,1,1,0,4,1, , ,N,1,3,0,3,0,1,2,3,N,N,40 00:05.127,75 09:05.620,900, ,845,2,1,4,N, ,3,Y, , , , , , , , ,3,2,0,0,0,0,1,0,0,0,0,1,1,0,0,0,0,0,0,0,0,0,0,1,0,0,0,0,0,0,0,0,0,0,0,4,0,40.0014,-75.1516, ,Philadelphia
4406,73100,2017088781,6,67,67301,2017,8,1,2305,23,3,1,0,6,6, , ,N,0,0,0,3,0,0,1,4,N,N,40 01:16.901,75 06:58.253,2350, ,2343, ,0, , , ,0, , , , , , , , , ,4,3,0,0,0,0,1,0,0,0,0,0,0,0,0,0,0,0,0,0,0,0,0,1,0,0,0,0,0,0,0,0,0,0,0,0,0,40.0214,-75.1162, ,Philadelphia
4407,73108,2017124671,6,67,67301,2017,11,1,1250,12,1,1,0,1,1, , ,N,0,0,0,3,0,2,3,2,N,N,39 59:30.765,75 12:08.991,1308, ,1304, ,0, , , ,0, , , , , , , , , ,2,1,0,0,0,0,1,0,0,0,2,0,2,0,0,0,0,0,0,0,0,0,0,0,0,0,0,0,0,0,0,0,0,0,0,3,0,39.9919,-75.2025, ,Philadelphia
4408,73111,2017109859,6,67,67301,2017,9,7,1411,14,1,1,0,4,1, , ,N,2,0,0,3,0,3,4,3,N,N,40 01:33.178,75 06:30.527,1429, ,1411, ,0, ,N, ,0, , , , , , , , , ,3,1,0,0,1,0,1,0,0,0,0,0,3,3,1,0,0,0,0,0,0,0,0,0,0,0,0,0,0,0,0,0,0,0,0,8,0,40.0259,-75.1085, ,Philadelphia
4409,73128,2017067958,6,67,67301,2017,6,6,1826,18,1,1,0,8,1, , ,N,0,0,0,3,0,2,4,3,N, ,39 55:46.902,75 10:55.066,1832, ,1827, ,0, , , ,0, , , , , , , , , ,1,0,0,0,0,0,1,0,0,0,0,1,2,1,0,0,0,0,0,0,1,0,0,0,0,0,0,0,0,0,0,0,2,0,0,4,0,39.9297,-75.182, ,Philadelphia
4410,73133,2017073381,6,67,67301,2017,4,5,1815,18,1,1,0,5,1, , ,N,0,2,0,3,0,1,3,2,N,N,39 53:40.493,75 14:49.117,0, ,0, ,0, ,N, ,3, , , , , , , , , ,2,0,0,0,0,0,2,0,0,0,0,0,1,1,0,0,0,0,0,0,1,0,0,0,0,0,0,0,0,0,0,0,0,0,0,8,0,39.8946,-75.247, ,Philadelphia
4411,73152,2017109951,6,67,67301,2017,10,4,1841,18,1,1,0,4,1, , ,N,1,2,0,3,0,4,4,3,N,N,40 01:32.883,75 07:24.333,1849, ,1841,3,1,2,N, ,3,Y, , , , , , , , ,3,1,0,0,0,0,1,1,0,0,2,2,4,0,0,0,0,0,0,0,1,0,0,3,0,0,0,0,0,0,0,0,0,0,0,3,0,40.0258,-75.1234, ,Philadelphia
4412,73157,2017106025,6,67,67301,2017,9,7,1733,17,1,1,0,4,1, , ,N,5,2,0,3,0,1,4,2,N,N,39 56:56.500,75 12:54.000,1745, ,1743, ,0, ,N, ,3, , , , , , , , , ,2,2,0,0,0,0,0,0,0,0,0,1,1,0,0,0,0,0,0,0,0,0,0,0,0,0,0,0,0,0,0,0,0,0,0,4,0,39.9488,-75.215, ,Philadelphia
4413,73190,2017086705,6,46,46102,2017,3,6,1747,17,1,1,0,8,1, , ,N,0,0,7,3,0,1,2,2,N,N,40 04:30.029,75 09:35.720,957, ,947, ,0, ,N, ,0, , , , , , , , , ,1,0,0,0,0,0,0,0,0,1,0,0,1,0,0,0,0,0,0,0,0,0,0,0,0,0,0,0,0,0,0,0,1,0,1,2,0,40.075,-75.1599, ,Montgomery
4414,73195,2017120609,6,67,67301,2017,10,6,230,2,3,1,0,1,6, , ,N,0,0,0,3,0,1,1,2,N, ,40 01:28.200,75 08:57.500,251, ,250,2,2,7, , ,0,N, , , , , , , , ,2,1,0,0,0,0,1,0,0,0,0,1,1,0,0,0,0,0,0,0,0,0,0,0,0,0,0,0,0,0,0,0,0,0,0,4,0,40.0245,-75.1493, ,Philadelphia
4415,73204,2017088003,6,67,67301,2017,8,7,1344,13,1,1,0,4,1, , ,N,1,2,0,3,0,1,3,2,N,N,40 06:00.516,75 00:30.259,1350, ,1345,1,2,2,N, ,3,N, , , , , , , , ,2,0,0,0,1,0,1,0,0,0,1,0,1,0,0,0,0,0,0,0,1,0,0,0,0,0,0,0,0,0,0,0,0,0,0,3,0,40.1001,-75.0084, ,Philadelphia
4416,73229,2017078847,6,67,67301,2017,7,1,2010,20,1,1,0,4,1, , ,N,2,2,0,3,0,0,8,2,N,N,40 06:17.915,75 00:06.177,2021, ,2014,2,1,2,N, ,3,N, , , , , , , , ,2,1,0,0,0,0,0,1,0,0,0,0,0,0,8,0,0,0,0,0,1,0,0,2,0,0,0,0,0,0,0,0,0,0,0,9,0,40.105,-75.0017, ,Philadelphia
4417,73235,2017092410,6,67,67301,2017,9,5,1730,17,1,1,0,4,4, , ,N,0,0,0,3,0,1,2,2,N,N,39 57:16.894,75 11:40.659,1757, ,1730, ,0, ,N, ,0, , , , , , , , , ,1,0,0,0,0,0,1,0,1,0,0,1,1,0,0,0,0,0,0,0,1,0,0,0,0,0,0,0,0,0,0,0,0,0,0,4,0,39.9547,-75.1946, ,Philadelphia
4418,73258,2017101881,6,67,67301,2017,9,5,1230,12,1,1,0,1,1, , ,N,1,2,0,3,0,1,3,2,N, ,39 57:00.722,75 09:31.145,1312, ,1302, ,0, , , ,3, , , , , , , , , ,2,1,0,0,0,0,1,0,0,0,0,0,1,1,0,0,0,0,0,0,1,0,0,3,0,0,0,0,0,0,0,0,0,0,0,8,0,39.9502,-75.1586, ,Philadelphia
4419,73263,2017130623,6,67,67301,2017,11,7,2136,21,3,1,1,1,1, , ,N,0,0,0,3,0,0,2,2,N,N,39 54:38.700,75 11:35.700,2145, ,2136, ,0, , , ,0, , , , , , , , , ,2,1,0,1,0,0,0,0,0,0,0,0,0,0,0,0,0,0,0,0,0,0,0,0,0,0,0,0,0,0,0,0,0,0,0,0,1,39.9108,-75.1933, ,Philadelphia
4420,73266,2017069844,6,67,67301,2017,6,4,516,5,3,1,0,5,1, , ,N,0,0,0,3,0,1,2,2,N,N,39 53:53.481,75 10:57.990,525, ,516,2,2,2, , ,0,N, , , , , , , , ,2,2,0,0,0,0,0,0,0,0,0,0,1,1,0,0,0,0,0,0,0,0,0,0,0,0,0,0,0,0,0,0,0,0,0,8,0,39.8982,-75.1827, ,Philadelphia
4421,73269,2017067794,6,67,67301,2017,5,3,1145,11,1,2,1,1,1, , ,N,1,2,0,3,0,3,4,2,N, ,39 54:39.971,75 13:49.841,1200, ,1153, ,0, , , ,3, , , , , , , , , ,2,0,0,0,1,0,1,0,0,0,1,1,3,1,0,0,0,0,0,0,1,0,0,1,0,0,0,0,0,0,0,0,0,0,0,3,0,39.9111,-75.2305, ,Philadelphia
4422,73272,2017075669,6,67,67301,2017,7,2,1605,16,1,1,0,3,1, , ,N,2,3,0,3,0,0,4,4,N,N,39 57:29.006,75 08:30.596,1625, ,1610,3,2,2,N, ,2,Y, , , , , , , , ,4,3,0,0,0,1,0,0,0,0,0,0,0,0,0,0,0,0,0,0,1,0,0,0,0,0,0,0,0,0,0,0,0,0,0,0,1,39.9581,-75.1418, ,Philadelphia
4423,73285,2017076343,6,67,67301,2017,6,3,1121,11,1,1,0,1,1, , ,N,0,0,1,3,0,1,2,2,N,N,40 02:40.008,75 03:15.434,1206, ,1201,2,1,1,N, ,0,N, , , , , , , , ,2,2,0,0,0,0,0,0,0,0,1,0,1,0,0,0,0,0,0,0,0,0,2,0,0,0,0,0,0,0,0,0,0,0,0,3,0,40.0445,-75.0542, ,Philadelphia
4424,73301,2017088841,6,67,67301,2017,8,2,1240,12,1,2,1,1,1, , ,N,2,0,0,3,0,2,2,2,N,N,40 01:58.769,75 03:57.055,1250, ,1247,1,2,4, , ,0,Y, , , , , , , , ,2,1,0,0,0,0,0,1,0,0,0,0,2,2,0,0,0,0,0,0,1,0,0,0,0,0,0,0,0,0,0,0,0,0,0,8,0,40.033,-75.0658, ,Philadelphia
4425,73327,2017060552,6,67,67301,2017,5,3,1620,16,1,1,0,1,1, , ,N,1,2,0,3,0,0,2,2,N, ,40 01:21.348,75 03:09.739,1645, ,1620,2,1,3, , ,3,N, , , , , , , , ,2,1,0,0,0,0,1,0,0,0,0,0,0,0,0,0,0,0,0,0,0,1,0,0,0,0,0,0,0,0,0,0,0,0,0,0,0,40.0226,-75.0527, ,Philadelphia
4426,73334,2017068079,6,67,67301,2017,6,4,1834,18,1,1,0,4,1, , ,N,1,2,0,3,0,0,4,2,N,N,40 04:01.254,75 09:22.647,1905, ,1859, ,0, ,N, ,3, , , , , , , , , ,2,1,0,0,0,0,1,0,0,0,0,0,0,0,0,0,0,0,0,0,0,0,1,0,0,0,0,0,0,0,0,0,0,0,0,0,0,40.067,-75.1563, ,Philadelphia
4427,73346,2017078771,6,67,67301,2017,7,7,1238,12,1,2,1,8,1, , ,N,1,2,0,3,0,1,2,2,N,N,40 02:22.057,75 02:00.117,1255, ,1253, ,0, , , ,3, , , , , , , , , ,1,0,0,0,0,0,1,0,0,0,0,1,1,0,0,0,0,0,0,0,0,1,0,0,0,0,0,0,0,0,0,0,1,0,0,4,0,40.0395,-75.0334, ,Philadelphia
4428,73351,2017086308,6,67,67301,2017,7,5,1916,19,1,1,0,4,1, , ,N,1,2,0,3,0,2,2,2,N,N,40 01:59.302,75 06:24.748,1923, ,1917, ,0, , , ,3, , , , , , , , , ,2,2,0,0,0,0,0,0,0,0,0,2,2,0,0,0,0,0,0,0,0,0,0,0,0,0,0,0,0,0,0,0,0,0,0,4,0,40.0329,-75.1067, ,Philadelphia
4429,67196,2017058240,6,67,67301,2017,5,4,759,7,1,1,0,4,1, , ,N,2,3,6,3,0,0,1,3,N, ,40 01:38.828,75 03:46.544,826, ,811, ,0, , , ,3, , , , , , , , , ,3,0,0,0,0,1,0,2,0,0,0,0,0,0,1,0,0,0,0,0,0,0,0,0,0,0,0,0,0,0,0,0,0,0,0,9,1,40.0274,-75.063, ,Philadelphia