objectid_1,objectid,crn,district,county,municipality,crash_year,crash_month,day_of_week,time_of_day,hour_of_day,illumination,weather,road_condition,collision_type,relation_to_road,work_zone_type,work_zone_loc,work_zone_ind,intersect_type,tcd_type,location_type,urban_rural,fatal_count,injury_count,person_count,total_units,sch_bus_ind,sch_zone_ind,latitude,longitude,arrival_tm,cons_zone_spd_lim,dispatch_tm,est_hrs_closed,lane_closed,ln_close_dir,ntfy_hiwy_maint,spec_juris_cd,tcd_func_cd,tfc_detour_ind,workers_pres,wz_close_detour,wz_flagger,wz_law_offcr_ind,wz_ln_closure,wz_moving,wz_other,wz_shlder_mdn,vehicle_count,automobile_count,motorcycle_count,bus_count,small_truck_count,heavy_truck_count,suv_count,van_count,bicycle_count,maj_inj_count,mod_inj_count,min_inj_count,tot_inj_count,unk_inj_deg_count,unk_inj_per_count,driver_count_16yr,driver_count_17yr,driver_count_18yr,driver_count_19yr,driver_count_20yr,driver_count_50_64yr,driver_count_65_74yr,driver_count_75plus,unbelted_occ_count,unb_death_count,unb_maj_inj_count,belted_death_count,belted_maj_inj_count,mcycle_death_count,mcycle_maj_inj_count,bicycle_death_count,bicycle_maj_inj_count,ped_count,ped_death_count,ped_maj_inj_count,max_severity_level,comm_veh_count,dec_lat,dec_long,rdwy_surf_type_cd,county_name
4430,67213,2017086214,6,67,67301,2017,7,2,1115,11,1,1,0,4,1, , ,N,2,3,0,3,0,1,2,2,N,N,40 01:41.159,75 08:41.517,1255, ,1250, ,0, ,N, ,3, , , , , , , , , ,2,2,0,0,0,0,0,0,0,0,0,1,1,0,0,0,0,0,0,0,0,0,0,0,0,0,0,0,0,0,0,0,0,0,0,4,0,40.0281,-75.1449, ,Philadelphia
4431,67219,2017113801,6,67,67301,2017,10,1,2232,22,3,2,7,7,4, , ,N,0,0,0,3,0,0,1,1,N,N,39 59:41.937,75 05:01.728,2247, ,2240,1,1,2, , ,0,N, , , , , , , , ,1,1,0,0,0,0,0,0,0,0,0,0,0,0,0,0,0,0,0,0,0,0,0,0,0,0,0,0,0,0,0,0,0,0,0,0,0,39.995,-75.0838, ,Philadelphia
4432,67229,2017096495,6,67,67301,2017,8,3,2152,21,6,2,1,8,1, , ,N,1,2,0,3,0,2,3,3,N, ,40 02:39.888,75 08:36.428,2152, ,2150, ,0, , , ,3, , , , , , , , , ,1,1,0,0,0,0,0,0,0,0,0,2,2,0,0,0,0,0,0,0,0,0,0,1,0,0,0,0,0,0,0,0,2,0,0,4,0,40.0444,-75.1435, ,Philadelphia
4433,67230,2017093576,6,67,67301,2017,8,4,2006,20,4,1,0,1,1, , ,N,1,2,0,3,0,1,7,3,N,N,39 55:22.429,75 09:29.528,2008, ,2008,1,2,1,N, ,3,N, , , , , , , , ,3,1,0,0,0,0,2,0,0,0,0,1,1,0,0,0,0,0,1,0,1,0,0,0,0,0,0,0,0,0,0,0,0,0,0,4,0,39.9229,-75.1581, ,Philadelphia
4434,67257,2017086704,6,67,67301,2017,3,4,9999,99,1,1,0,6,1, , ,N,0,0,0,3,0,2,2,2,N,N,40 01:20.967,75 05:39.868,645, ,643, ,0, ,N, ,0, , , , , , , , , ,2,0,0,0,1,0,1,0,0,0,0,2,2,0,0,0,0,0,0,0,0,0,0,2,0,0,0,0,0,0,0,0,0,0,0,4,0,40.0225,-75.0944, ,Philadelphia
4435,67262,2017076352,6,67,67301,2017,6,3,1556,15,1,1,0,4,1, , ,N,0,0,1,3,0,1,2,2,N, ,40 00:30.982,75 04:09.614,1603, ,1556, ,0, , , ,0, , , , , , , , , ,1,0,0,0,0,0,1,0,1,0,0,0,1,1,0,0,0,0,0,0,1,0,0,1,0,0,0,0,0,0,0,0,0,0,0,8,0,40.0086,-75.0693, ,Philadelphia
4436,67284,2017097889,6,67,67301,2017,9,1,1030,10,1,1,0,1,1, , ,N,2,0,0,3,0,1,3,2,N,N,40 03:01.076,75 09:52.322,1042, ,1035, ,0, ,N, ,0, , , , , , , , , ,2,1,0,0,0,0,1,0,0,0,0,0,1,1,0,0,0,0,0,0,2,0,0,0,0,0,0,0,0,0,0,0,0,0,0,8,0,40.0503,-75.1645, ,Philadelphia
4437,67291,2017055669,6,67,67301,2017,5,4,1325,13,1,1,0,7,5, , ,N,0,0,0,3,0,4,4,1,N, ,40 03:08.547,75 03:03.303,1340, ,1333,1,1,2, , ,0,Y, , , , , , , , ,1,1,0,0,0,0,0,0,0,0,0,0,4,4,0,1,0,0,0,0,0,0,0,0,0,0,0,0,0,0,0,0,0,0,0,8,0,40.0524,-75.0509, ,Philadelphia
4438,67306,2017081705,6,67,67301,2017,7,6,1526,15,1,2,1,4,1, , ,N,0,0,0,3,0,1,4,3,N,N,40 03:09.619,74 59:13.223,1544, ,1526, ,0, , , ,0, , , , , , , , , ,3,1,0,0,0,0,2,0,0,0,1,0,1,0,0,0,0,0,0,0,0,0,0,0,0,0,0,0,0,0,0,0,0,0,0,3,0,40.0527,-74.987, ,Philadelphia
4439,67327,2017116222,6,67,67301,2017,10,6,1730,17,1,1,0,4,1, , ,N,1,2,0,3,0,0,3,2,N,N,40 00:50.174,75 03:20.262,1740, ,1734,3,1,2,N, ,3,N, , , , , , , , ,2,1,0,0,0,0,1,0,0,0,0,0,0,0,0,0,0,0,0,0,0,0,0,1,0,0,0,0,0,0,0,0,0,0,0,0,0,40.0139,-75.0556, ,Philadelphia
4440,67329,2017120341,6,67,67301,2017,10,5,821,8,1,2,1,1,1, , ,N,0,0,0,3,0,1,4,3,N,N,40 02:18.122,75 00:37.393,902, ,843,2,1,2, , ,0,N, , , , , , , , ,3,1,0,0,0,0,2,0,0,0,0,0,1,1,0,0,0,0,0,0,0,0,0,0,0,0,0,0,0,0,0,0,0,0,0,8,0,40.0384,-75.0104, ,Philadelphia
4441,67333,2017116177,6,67,67301,2017,10,5,945,9,1,1,0,1,1, , ,N,3,2,0,3,0,0,2,2,N, ,39 54:31.017,75 14:31.167,1011, ,1011, ,0, , , ,3, , , , , , , , , ,2,2,0,0,0,0,0,0,0,0,0,0,0,0,0,0,0,0,0,0,0,0,0,1,0,0,0,0,0,0,0,0,0,0,0,0,0,39.9085,-75.2419, ,Philadelphia
4442,67340,2017060628,6,67,67301,2017,5,4,944,9,1,1,0,4,1, , ,N,1,2,0,3,0,1,3,3,N, ,40 01:28.689,75 07:25.230,1000, ,1000, ,0, , , ,3, , , , , , , , , ,3,0,0,0,1,0,2,0,0,0,0,1,1,0,0,0,0,0,0,0,1,0,0,2,0,0,0,0,0,0,0,0,0,0,0,4,0,40.0246,-75.1237, ,Philadelphia
4443,67343,2017073307,6,67,67301,2017,4,4,30,0,3,1,0,1,1, , ,N,0,2,0,3,0,1,2,2,N,N,40 02:53.731,75 00:46.919,0, ,0, ,0, ,N, ,3, , , , , , , , , ,2,0,0,0,1,0,1,0,0,0,0,0,1,1,0,0,0,0,0,0,1,0,0,0,0,0,0,0,0,0,0,0,0,0,0,8,0,40.0483,-75.013, ,Philadelphia
4444,67352,2017078895,6,67,67301,2017,6,2,830,8,5,1,0,4,1, , ,N,1,3,0,3,0,1,2,2,N,N,40 01:04.393,75 11:07.965,1105, ,1103, ,0, ,N, ,3, , , , , , , , , ,2,2,0,0,0,0,0,0,0,0,0,1,1,0,1,0,0,0,0,0,0,0,0,0,0,0,0,0,0,0,0,0,0,0,0,4,0,40.0179,-75.1855, ,Philadelphia
4445,67367,2017086911,6,67,67301,2017,6,7,935,9,1,1,0,1,1, , ,N,1,2,0,3,0,0,6,3,N, ,39 58:12.616,75 09:34.731,1048, ,1046, ,0, , , ,3, , , , , , , , , ,3,0,0,0,1,0,2,0,0,0,0,0,0,0,1,0,0,0,0,0,0,2,0,1,0,0,0,0,0,0,0,0,0,0,0,9,0,39.9702,-75.1596, ,Philadelphia
4446,67379,2017099945,6,67,67301,2017,9,6,1205,12,1,1,0,1,1, , ,N,5,2,2,3,0,3,5,2,N,N,39 57:25.688,75 09:03.847,1209, ,1209,1,1,4,N, ,3,N, , , , , , , , ,2,2,0,0,0,0,0,0,0,0,1,2,3,0,0,0,0,0,0,0,0,0,0,0,0,0,0,0,0,0,0,0,0,0,0,3,0,39.9571,-75.1511, ,Philadelphia
4447,70039,2017067908,6,67,67301,2017,6,4,2338,23,3,1,0,7,3, , ,N,0,0,0,3,0,1,1,1,N,N,40 05:28.681,74 58:37.639,2350, ,2345, ,0, ,Y, ,0, , , , , , , , , ,1,1,0,0,0,0,0,0,0,0,0,1,1,0,0,0,0,0,0,0,0,0,0,0,0,0,0,0,0,0,0,0,0,0,0,4,0,40.0913,-74.9771, ,Philadelphia
4448,70043,2017086845,6,67,67301,2017,5,7,47,0,3,1,0,7,5, , ,N,0,0,0,3,0,0,1,1,N, ,39 56:40.880,75 10:14.894,100, ,52, ,0, , , ,0, , , , , , , , , ,1,1,0,0,0,0,0,0,0,0,0,0,0,0,0,0,0,0,0,0,0,0,0,1,0,0,0,0,0,0,0,0,0,0,0,0,0,39.9447,-75.1708, ,Philadelphia
4449,70057,2017105848,6,67,67301,2017,9,4,1102,11,1,1,0,5,1, , ,N,0,0,0,3,0,3,9,7,N,N,39 58:30.817,75 11:41.375,1106, ,1104, ,0, , , ,0, , , , , , , , , ,7,3,0,0,1,1,2,0,0,0,0,0,3,3,1,0,0,0,0,0,4,1,0,0,0,0,0,0,0,0,0,0,0,0,0,8,1,39.9752,-75.1949, ,Philadelphia
4450,70060,2017088874,6,67,67301,2017,8,5,935,9,1,1,0,4,1, , ,N,0,0,7,3,0,0,2,2,N, ,40 02:00.285,75 10:13.132,945, ,945, ,0, , , ,0, , , , , , , , , ,2,2,0,0,0,0,0,0,0,0,0,0,0,0,0,0,0,0,0,0,0,0,0,1,0,0,0,0,0,0,0,0,0,0,0,0,0,40.0334,-75.1703, ,Philadelphia
4451,70069,2017117242,6,67,67301,2017,10,7,10,0,3,1,0,5,1, , ,N,0,0,0,3,0,0,3,2,N,N,40 00:51.241,75 10:43.473,35, ,27, ,0, ,N, ,0, , , , , , , , , ,2,0,0,0,0,0,2,0,0,0,0,0,0,0,1,0,0,0,0,0,0,0,0,0,0,0,0,0,0,0,0,0,0,0,0,9,0,40.0142,-75.1787, ,Philadelphia
4452,70074,2017116022,6,67,67301,2017,9,4,1735,17,1,1,0,4,1, , ,N,1,2,0,3,0,1,3,2,Y,N,39 58:43.263,75 09:28.346,1740, ,1730, ,0, ,N, ,3, , , , , , , , , ,2,0,0,2,0,0,0,0,0,0,0,1,1,0,0,0,0,0,0,0,0,0,0,0,0,0,0,0,0,0,0,0,0,0,0,4,2,39.9787,-75.1578, ,Philadelphia
4453,70102,2017097921,6,67,67301,2017,9,2,629,6,5,1,0,4,1, , ,N,5,2,8,3,0,3,4,3,N,N,39 57:28.559,75 09:50.701,720, ,722, ,0, ,N, ,3, , , , , , , , , ,3,1,0,0,0,0,1,1,0,0,2,1,3,0,0,0,0,0,0,0,0,0,0,0,0,0,0,0,0,0,0,0,0,0,0,3,0,39.9579,-75.1641, ,Philadelphia
4454,70115,2017103483,6,67,67301,2017,9,2,1913,19,1,1,0,7,4, , ,N,0,0,0,3,0,0,1,1,N,N,39 56:36.820,75 08:34.855,1948, ,1913, ,0, , , ,0, , , , , , , , , ,1,0,0,0,0,0,0,1,0,0,0,0,0,0,0,0,0,0,0,0,0,0,0,0,0,0,0,0,0,0,0,0,0,0,0,0,0,39.9436,-75.143, ,Philadelphia
4455,70117,2017097903,6,67,67301,2017,9,6,1245,12,1,1,0,8,1, , ,N,2,3,0,3,0,1,2,2,N,N,40 01:46.666,75 12:22.539,1310, ,1310, ,0, ,N, ,3, , , , , , , , , ,1,0,0,0,1,0,0,0,0,0,0,0,1,1,1,0,0,0,0,0,0,0,0,0,0,0,0,0,0,0,0,0,1,0,0,8,0,40.0296,-75.2063, ,Philadelphia
4456,70119,2017093635,6,67,67301,2017,8,4,1900,19,4,1,0,1,6, , ,N,0,0,0,3,0,0,1,2,N,N,40 03:48.137,75 08:45.439,1945, ,1920, ,0, ,N, ,0, , , , , , , , , ,2,1,0,0,0,0,1,0,0,0,0,0,0,0,0,0,0,0,0,0,0,0,0,0,0,0,0,0,0,0,0,0,0,0,0,0,0,40.0634,-75.146, ,Philadelphia
4457,70121,2017110875,6,67,67301,2017,10,6,1100,11,1,1,0,0,1, , ,N,0,0,2,3,0,1,1,1,N,N,39 54:42.639,75 09:08.551,1108, ,1101,3,2,2, , ,0,Y, , , , , , , , ,1,0,0,0,0,1,0,0,0,0,1,0,1,0,0,0,0,0,0,0,1,0,0,0,0,0,0,0,0,0,0,0,0,0,0,3,1,39.9118,-75.1524, ,Philadelphia
4458,70137,2017067815,6,67,67301,2017,5,4,708,7,1,1,0,4,1, , ,N,1,3,0,3,0,1,4,2,N,N,39 57:51.440,75 14:47.280,800, ,754, ,0, ,N, ,3, , , , , , , , , ,2,1,0,0,0,0,1,0,0,0,0,1,1,0,0,0,0,0,0,0,0,0,0,2,0,0,0,0,0,0,0,0,0,0,0,4,0,39.9643,-75.2464, ,Philadelphia
4459,70138,2017068034,6,67,67301,2017,6,6,1820,18,1,1,0,1,1, , ,N,2,0,0,3,0,1,2,2,N,N,40 02:57.504,75 14:08.331,1826, ,1826, ,0, ,N, ,0, , , , , , , , , ,2,1,0,0,0,0,1,0,0,0,0,1,1,0,0,0,0,0,0,0,0,0,1,1,0,0,0,0,0,0,0,0,0,0,0,4,0,40.0493,-75.2356, ,Philadelphia
4460,70140,2017068022,6,67,67301,2017,6,6,1650,16,1,1,0,8,1, , ,N,2,0,0,3,0,1,2,2,N, ,39 57:08.542,75 10:18.458,1705, ,1701, ,0, , , ,0, , , , , , , , , ,1,1,0,0,0,0,0,0,0,0,0,1,1,0,0,0,0,0,0,0,1,0,0,1,0,0,0,0,0,0,0,0,1,0,0,4,0,39.9524,-75.1718, ,Philadelphia
4461,70153,2017076148,6,67,67301,2017,6,7,1630,16,1,1,0,3,6, , ,N,0,0,0,3,0,0,1,2,N, ,39 55:27.414,75 14:06.205,1635, ,1630,1,1,1, , ,0,Y, , , , , , , , ,2,1,0,0,0,0,1,0,0,0,0,0,0,0,0,0,0,0,0,0,0,0,0,1,0,0,0,0,0,0,0,0,0,0,0,0,0,39.9243,-75.2351, ,Philadelphia
4462,70157,2017086685,6,67,67301,2017,3,5,745,7,1,1,0,4,1, , ,N,1,3,0,3,0,0,2,2,N,N,39 58:29.593,75 10:00.832,836, ,836, ,0, ,N, ,3, , , , , , , , , ,2,2,0,0,0,0,0,0,0,0,0,0,0,0,0,0,0,0,0,0,0,0,0,2,0,0,0,0,0,0,0,0,0,0,0,0,0,39.9749,-75.1669, ,Philadelphia
4463,70178,2017067916,6,67,67301,2017,6,7,1552,15,1,1,0,8,1, , ,N,1,2,0,3,0,1,2,2,N,N,40 01:06.336,75 08:56.889,1755, ,1737, ,0, ,N, ,3, , , , , , , , , ,1,1,0,0,0,0,0,0,0,0,0,1,1,0,1,0,0,0,0,0,0,0,0,0,0,0,0,0,0,0,0,0,1,0,0,4,0,40.0184,-75.1491, ,Philadelphia
4464,70183,2017067770,6,67,67301,2017,5,1,413,4,3,1,0,1,1, , ,N,2,2,0,3,0,1,3,2,N,N,40 01:50.746,75 11:15.959,425, ,417, ,0, ,N, ,3, , , , , , , , , ,2,1,1,0,0,0,0,0,0,0,0,1,1,0,0,0,0,0,0,0,0,0,0,1,0,0,0,0,0,0,0,0,0,0,0,4,0,40.0308,-75.1878, ,Philadelphia
4465,73359,2017086058,6,67,67301,2017,7,2,9999,99,1,1,0,8,1, , ,N,2,3,0,3,0,2,3,3,N, ,39 56:50.630,75 09:11.900,1832, ,1827, ,0, , , ,3, , , , , , , , , ,1,0,0,0,0,0,1,0,0,0,0,2,2,0,0,0,0,0,0,0,0,0,0,0,0,0,0,0,0,0,0,0,2,0,0,4,0,39.9474,-75.1533, ,Philadelphia
4466,73371,2017078842,6,67,67301,2017,7,1,325,3,3,1,0,4,1, , ,N,1,2,0,3,0,6,7,2,N,N,39 56:03.368,75 09:02.948,333, ,329,2,1,2,N, ,3,N, , , , , , , , ,2,2,0,0,0,0,0,0,0,0,3,3,6,0,0,0,0,0,0,0,0,0,0,3,0,0,0,0,0,0,0,0,0,0,0,3,0,39.9343,-75.1508, ,Philadelphia
4467,73372,2017086969,6,67,67301,2017,1,3,1245,12,1,1,0,7,3, , ,N,2,2,0,3,0,1,1,1,N,N,39 58:22.572,75 07:10.506,1314, ,1312,1,1,1,N, ,3,N, , , , , , , , ,1,1,0,0,0,0,0,0,0,0,0,0,1,1,0,0,0,0,0,0,0,0,1,0,0,0,0,0,0,0,0,0,0,0,0,8,0,39.9729,-75.1196, ,Philadelphia
4468,73409,2017055480,6,67,67301,2017,4,1,535,5,1,1,0,5,6, , ,N,0,0,0,3,0,0,1,4,N,N,40 01:21.665,75 08:00.228,546, ,538, ,0, ,N, ,0, , , , , , , , , ,4,2,0,0,0,0,1,1,0,0,0,0,0,0,1,0,0,0,0,0,0,0,0,0,0,0,0,0,0,0,0,0,0,0,0,9,0,40.0227,-75.1334, ,Philadelphia
4469,73418,2017060665,6,67,67301,2017,5,2,2150,21,3,1,0,4,1, , ,N,2,2,2,3,0,0,3,2,N, ,40 00:01.143,75 05:01.112,2200, ,2200,1,1,2, , ,3,N, , , , , , , , ,2,2,0,0,0,0,0,0,0,0,0,0,0,0,0,0,0,0,0,0,0,1,0,0,0,0,0,0,0,0,0,0,0,0,0,0,0,40.0003,-75.0837, ,Philadelphia
4470,73421,2017071795,6,67,67301,2017,6,7,2234,22,3,1,0,4,1, , ,N,1,2,0,3,0,0,3,3,N,N,39 56:17.034,75 10:06.383,2335, ,2328, ,0, , , ,3, , , , , , , , , ,3,1,0,0,0,0,1,1,0,0,0,0,0,0,0,0,0,0,0,0,0,0,1,1,0,0,0,0,0,0,0,0,0,0,0,0,0,39.9381,-75.1684, ,Philadelphia
4471,73427,2017076237,6,67,67301,2017,6,2,1534,15,1,1,0,4,1, , ,N,2,0,0,3,0,2,2,2,N,N,40 04:51.589,74 59:01.989,1556, ,1552,1,1,2, , ,0,N, , , , , , , , ,2,2,0,0,0,0,0,0,0,0,0,1,2,1,0,0,0,0,0,0,1,0,1,0,0,0,0,0,0,0,0,0,0,0,0,4,0,40.081,-74.9839, ,Philadelphia
4472,73443,2017109791,6,67,67301,2017,9,7,908,9,1,1,0,4,1, , ,N,1,2,0,3,0,0,3,3,N, ,40 02:40.890,75 03:16.537,912, ,910, ,0, , , ,3, , , , , , , , , ,3,2,0,0,0,0,1,0,0,0,0,0,0,0,0,0,0,0,0,0,0,0,0,0,0,0,0,0,0,0,0,0,0,0,0,0,0,40.0446,-75.0547, ,Philadelphia
4473,73455,2017130579,6,67,67301,2017,11,3,1800,18,3,2,1,1,6, , ,N,0,0,0,3,0,1,4,3,N,N,39 57:24.527,75 13:27.441,1832, ,1813, ,0, ,N, ,0, , , , , , , , , ,3,0,0,0,1,0,2,0,0,0,0,1,1,0,0,0,0,0,0,0,0,1,0,1,0,0,0,0,0,0,0,0,0,0,0,4,0,39.9568,-75.2243, ,Philadelphia
4474,73478,2017067969,6,67,67301,2017,5,6,1648,16,1,1,0,4,1, , ,N,1,2,0,3,0,2,3,2,N,N,40 01:13.862,75 03:13.412,1649, ,1648,3,2,7,N, ,3,Y, , , , , , , , ,2,1,0,0,0,0,1,0,0,0,0,0,2,2,1,0,0,0,0,0,0,0,0,0,0,0,0,0,0,0,0,0,0,0,0,8,0,40.0205,-75.0537, ,Philadelphia
4475,73512,2017068055,6,67,67301,2017,6,6,2220,22,3,1,0,4,1, , ,N,1,3,0,3,0,2,2,3,N,N,39 59:06.327,75 09:52.833,2228, ,2225,2,1,4, , ,3,N, , , , , , , , ,3,2,0,0,0,0,0,1,0,0,0,1,2,1,0,0,0,0,0,0,0,0,0,1,0,0,0,0,0,0,0,0,0,0,0,4,0,39.9851,-75.1647, ,Philadelphia
4476,73560,2017094673,6,67,67301,2017,9,4,1524,15,1,1,0,1,1, , ,N,1,3,0,3,0,1,26,2,Y,N,40 00:01.702,75 07:10.610,1554, ,1533, ,0, ,N, ,3, , , , , , , , , ,2,1,0,1,0,0,0,0,0,0,0,0,1,1,0,0,0,0,0,0,0,1,0,0,0,0,0,0,0,0,0,0,0,0,0,8,1,40.0005,-75.1196, ,Philadelphia
4477,73580,2017096488,6,67,67301,2017,8,1,9999,99,1,1,0,1,1, , ,N,0,0,0,3,0,1,3,2,N, ,39 59:30.556,75 14:46.953,900, ,853, ,0, , , ,0, , , , , , , , , ,2,0,0,1,0,0,1,0,0,0,0,1,1,0,0,0,0,0,1,0,0,0,0,0,0,0,0,0,0,0,0,0,0,0,0,4,1,39.9918,-75.2464, ,Philadelphia
4478,73583,2017109827,6,67,67301,2017,9,4,1202,12,1,1,0,4,1, , ,N,1,2,0,3,0,1,3,2,N,N,40 03:04.296,75 03:58.096,1202, ,1202, ,0, ,N, ,3, , , , , , , , , ,2,1,0,0,0,0,0,1,0,0,0,1,1,0,0,0,0,0,0,0,1,0,0,0,0,0,0,0,0,0,0,0,0,0,0,4,0,40.0512,-75.0661, ,Philadelphia
4479,73588,2017109923,6,67,67301,2017,10,1,440,4,3,1,0,8,6, , ,N,0,0,0,3,0,1,2,2,N,N,39 57:43.267,75 08:58.968,442, ,442, ,0, ,N, ,0, , , , , , , , , ,1,0,0,0,0,0,0,1,0,0,0,1,1,0,0,0,0,0,0,0,0,0,0,0,0,0,0,0,0,0,0,0,1,0,0,4,0,39.962,-75.1497, ,Philadelphia
4480,73612,2017073335,6,67,67301,2017,4,1,1900,19,3,1,0,4,1, , ,N,2,3,0,3,0,0,2,2,N,N,39 54:56.296,75 14:11.767,0, ,0, ,0, ,N, ,3, , , , , , , , , ,2,2,0,0,0,0,0,0,0,0,0,0,0,0,0,0,0,0,0,0,0,0,0,0,0,0,0,0,0,0,0,0,0,0,0,0,0,39.9156,-75.2366, ,Philadelphia
4481,73632,2017117244,6,67,67301,2017,10,3,1910,19,3,1,0,4,1, , ,N,1,2,0,3,0,0,3,2,N, ,39 59:23.218,75 06:14.002,1914, ,1914, ,0, , , ,3, , , , , , , , , ,2,1,0,0,0,0,1,0,0,0,0,0,0,0,0,0,0,0,0,0,0,0,0,1,0,0,0,0,0,0,0,0,0,0,0,0,0,39.9898,-75.1039, ,Philadelphia
4482,73635,2017091169,6,67,67301,2017,8,6,1701,17,1,1,0,2,1, , ,N,10,0,0,3,0,3,5,2,N, ,39 58:46.030,75 13:40.904,1802, ,1752, ,0, , , ,0, , , , , , , , , ,2,2,0,0,0,0,0,0,0,0,0,3,3,0,0,0,0,0,0,0,0,0,0,0,0,0,0,0,0,0,0,0,0,0,0,4,0,39.9795,-75.228, ,Philadelphia
4483,79245,2017052004,6,67,67301,2017,5,7,1552,15,1,1,0,1,1, , ,N,2,2,0,3,0,1,2,2,N,N,40 00:09.360,75 13:25.119,1555, ,1553, ,0, , , ,2, , , , , , , , , ,2,2,0,0,0,0,0,0,0,0,0,1,1,0,1,0,0,0,0,0,0,0,0,0,0,0,0,0,0,0,0,0,0,0,0,4,0,40.0025,-75.2236, ,Philadelphia
4484,79260,2017116236,6,67,67301,2017,10,1,1543,15,1,1,0,1,1, , ,N,0,3,7,3,0,1,2,2,N,N,40 00:33.631,75 10:24.689,1632, ,1630, ,0, ,N, ,3, , , , , , , , , ,2,1,0,0,0,0,0,1,0,0,0,0,1,1,0,0,0,0,0,0,1,1,0,1,0,0,0,0,0,0,0,0,0,0,0,8,0,40.0093,-75.1735, ,Philadelphia
4485,79264,2017120532,6,67,67301,2017,10,3,1000,10,1,1,0,1,1, , ,N,5,2,0,3,0,1,4,2,N,N,40 01:00.430,75 05:00.995,1505, ,1505, ,0, ,N, ,3, , , , , , , , , ,2,2,0,0,0,0,0,0,0,0,0,0,1,1,0,0,0,0,0,0,0,0,0,0,0,0,0,0,0,0,0,0,0,0,0,8,0,40.0168,-75.0836, ,Philadelphia
4486,79292,2017076720,6,67,67301,2017,7,7,1121,11,1,1,0,1,1, , ,N,0,0,0,3,0,0,5,3,N,N,39 58:36.494,75 11:52.399,1132, ,1124, ,0, , , ,0, , , , , , , , , ,3,0,0,0,2,0,1,0,0,0,0,0,0,0,0,0,0,0,0,0,0,0,0,0,0,0,0,0,0,0,0,0,0,0,0,0,0,39.9766,-75.1967, ,Philadelphia
4487,79298,2017067891,6,67,67301,2017,6,3,1402,14,1,9,1,1,1, , ,N,5,2,0,3,0,1,3,2,N, ,40 01:06.292,75 03:49.243,9999, ,9999, ,0, , , ,3, , , , , , , , , ,2,0,0,0,0,0,0,1,0,0,0,0,1,1,0,0,0,0,0,0,0,0,0,1,0,0,0,0,0,0,0,0,0,0,0,8,0,40.0184,-75.0637, ,Philadelphia
4488,79323,2017086351,6,67,67301,2017,7,6,1136,11,1,1,0,2,1, , ,N,0,0,0,3,0,1,2,2,N,N,39 59:06.683,75 09:22.977,1142, ,1138, ,0, ,N, ,0, , , , , , , , , ,2,1,0,0,0,0,0,1,0,0,0,1,1,0,0,0,0,0,0,0,0,0,0,2,0,0,0,0,0,0,0,0,0,0,0,4,0,39.9852,-75.1564, ,Philadelphia
4489,79330,2017106029,6,67,67301,2017,9,2,2133,21,3,1,0,4,1, , ,N,1,1,1,3,0,1,4,3,N, ,40 01:08.973,75 04:53.510,2133, ,2133, ,0, , , ,3, , , , , , , , , ,3,3,0,0,0,0,0,0,0,0,0,1,1,0,0,0,0,0,0,0,0,0,0,0,0,0,0,0,0,0,0,0,0,0,0,4,0,40.0191,-75.0815, ,Philadelphia
4490,79338,2017061718,6,67,67301,2017,6,3,2245,22,3,2,0,7,4, , ,N,0,0,0,3,0,2,2,1,N,N,39 57:35.943,75 10:46.677,2250, ,2245, ,0, , , ,0, , , , , , , , , ,1,1,0,0,0,0,0,0,0,0,2,0,2,0,0,0,0,0,1,0,0,0,0,1,0,0,0,0,0,0,0,0,0,0,0,3,0,39.96,-75.1796, ,Philadelphia
4491,79343,2017070486,6,67,67301,2017,6,6,2001,20,1,1,0,4,1, , ,N,1,0,0,3,0,1,2,2,N, ,40 01:40.919,75 02:00.658,2035, ,2031, ,0, , , ,0, , , , , , , , , ,1,0,0,0,0,0,1,0,1,0,0,1,1,0,0,0,0,0,0,0,0,0,0,1,0,0,0,0,0,0,0,0,0,0,0,4,0,40.028,-75.0335, ,Philadelphia
4492,79348,2017068048,6,67,67301,2017,6,1,1535,15,1,1,0,4,1, , ,N,3,0,0,3,0,1,3,2,N,N,39 56:56.960,75 12:43.479,1550, ,1544, ,0, ,N, ,0, , , , , , , , , ,1,1,0,0,0,0,0,0,1,0,1,0,1,0,0,0,0,0,0,0,0,0,0,0,0,0,0,0,0,0,0,0,0,0,0,3,0,39.9492,-75.2121, ,Philadelphia
4493,79367,2017116132,6,67,67301,2017,10,7,730,7,1,2,1,5,1, , ,N,1,2,0,3,0,3,3,2,N,N,40 00:30.707,75 12:38.635,745, ,738, ,0, , , ,3, , , , , , , , , ,2,1,0,0,0,0,1,0,0,0,1,0,3,2,0,0,0,0,0,0,0,0,0,0,0,0,0,0,0,0,0,0,0,0,0,3,0,40.0085,-75.2107, ,Philadelphia
4494,79370,2017088319,6,67,67301,2017,7,1,1353,13,1,1,0,5,1, , ,N,0,0,0,3,0,0,2,2,N, ,40 02:23.679,75 03:58.123,1531, ,1527,2,1,2, , ,0,N, , , , , , , , ,2,1,0,0,0,0,1,0,0,0,0,0,0,0,0,0,1,0,0,0,0,0,0,0,0,0,0,0,0,0,0,0,0,0,0,0,0,40.0399,-75.0661, ,Philadelphia