objectid_1,objectid,crn,district,county,municipality,crash_year,crash_month,day_of_week,time_of_day,hour_of_day,illumination,weather,road_condition,collision_type,relation_to_road,work_zone_type,work_zone_loc,work_zone_ind,intersect_type,tcd_type,location_type,urban_rural,fatal_count,injury_count,person_count,total_units,sch_bus_ind,sch_zone_ind,latitude,longitude,arrival_tm,cons_zone_spd_lim,dispatch_tm,est_hrs_closed,lane_closed,ln_close_dir,ntfy_hiwy_maint,spec_juris_cd,tcd_func_cd,tfc_detour_ind,workers_pres,wz_close_detour,wz_flagger,wz_law_offcr_ind,wz_ln_closure,wz_moving,wz_other,wz_shlder_mdn,vehicle_count,automobile_count,motorcycle_count,bus_count,small_truck_count,heavy_truck_count,suv_count,van_count,bicycle_count,maj_inj_count,mod_inj_count,min_inj_count,tot_inj_count,unk_inj_deg_count,unk_inj_per_count,driver_count_16yr,driver_count_17yr,driver_count_18yr,driver_count_19yr,driver_count_20yr,driver_count_50_64yr,driver_count_65_74yr,driver_count_75plus,unbelted_occ_count,unb_death_count,unb_maj_inj_count,belted_death_count,belted_maj_inj_count,mcycle_death_count,mcycle_maj_inj_count,bicycle_death_count,bicycle_maj_inj_count,ped_count,ped_death_count,ped_maj_inj_count,max_severity_level,comm_veh_count,dec_lat,dec_long,rdwy_surf_type_cd,county_name
4560,73743,2017109761,6,67,67301,2017,10,1,1007,10,1,1,0,6,1, , ,N,0,0,0,3,0,2,5,3,N,N,39 59:35.635,75 14:36.135,1010, ,1025,2,1,1,N, ,0,N, , , , , , , , ,3,3,0,0,0,0,0,0,0,0,0,2,2,0,0,0,0,0,0,0,1,0,0,0,0,0,0,0,0,0,0,0,0,0,0,4,0,39.9932,-75.2434, ,Philadelphia
4561,73749,2017060683,6,67,67301,2017,5,3,1425,14,1,1,0,8,1, , ,N,1,2,0,3,0,1,2,2,N,N,39 57:01.839,75 10:02.508,1437, ,1430, ,0, ,N, ,3, , , , , , , , , ,1,0,0,0,1,0,0,0,0,0,0,1,1,0,0,0,0,0,0,0,0,0,0,0,0,0,0,0,0,0,0,0,1,0,0,4,0,39.9505,-75.1674, ,Philadelphia
4562,73779,2017104571,6,67,67301,2017,10,3,1400,14,1,1,0,8,6, , ,N,0,0,0,3,0,1,2,2,N,N,39 57:19.196,75 11:39.592,1402, ,1400, ,0, ,N, ,0, , , , , , , , , ,1,0,0,0,0,0,0,1,0,0,0,0,1,1,0,0,0,0,0,0,0,0,0,0,0,0,0,0,0,0,0,0,1,0,0,8,0,39.9553,-75.1943, ,Philadelphia
4563,73792,2017108046,6,67,67301,2017,9,3,1255,12,1,1,0,1,1, , ,N,0,0,3,3,0,4,5,2,N, ,40 00:24.737,75 11:33.462,1305, ,1300,1,1,1,Y, ,0,N, , , , , , , , ,2,1,0,0,0,0,1,0,0,0,0,4,4,0,0,0,0,0,0,0,2,0,0,1,0,0,0,0,0,0,0,0,0,0,0,4,0,40.0069,-75.1926, ,Philadelphia
4564,73793,2017055482,6,67,67301,2017,4,1,1918,19,1,1,0,8,1, , ,N,1,2,0,3,0,1,2,2,N, ,39 59:45.293,75 05:31.432,1935, ,1920, ,0, , , ,3, , , , , , , , , ,1,0,0,0,0,0,1,0,0,0,0,1,1,0,0,0,0,0,0,0,0,0,0,1,0,0,0,0,0,0,0,0,1,0,0,4,0,39.9959,-75.0921, ,Philadelphia
4565,73814,2017067360,6,67,67301,2017,6,2,1822,18,1,2,1,7,2, , ,N,0,0,0,3,0,0,1,1,N,N,40 01:53.465,75 01:17.550,1841, ,1829,2,2,2, , ,0,N, , , , , , , , ,1,0,0,0,1,0,0,0,0,0,0,0,0,0,0,0,0,0,0,0,0,0,0,0,0,0,0,0,0,0,0,0,0,0,0,0,0,40.0315,-75.0215, ,Philadelphia
4566,73868,2017097982,6,67,67301,2017,7,2,1211,12,1,1,0,8,1, , ,N,5,2,0,3,0,1,2,2,N,N,40 01:24.211,75 05:04.074,1222, ,1213,9,1,2,N, ,3,N, , , , , , , , ,1,1,0,0,0,0,0,0,0,0,0,1,1,0,0,0,0,0,0,0,0,0,0,0,0,0,0,0,0,0,0,0,1,0,0,4,0,40.0234,-75.0845, ,Philadelphia
4567,73881,2017115999,6,67,67301,2017,10,7,9,0,3,2,1,8,1, , ,N,1,2,0,3,0,1,2,2,N, ,39 56:03.010,75 10:02.990,15, ,11, ,0, , , ,3, , , , , , , , , ,1,0,0,0,0,0,1,0,0,0,0,1,1,0,0,0,0,0,0,0,1,0,0,0,0,0,0,0,0,0,0,0,1,0,0,4,0,39.9342,-75.1675, ,Philadelphia
4568,73888,2017102691,6,67,67301,2017,9,4,632,6,1,1,1,1,1, , ,N,0,0,0,3,0,0,2,2,N,N,40 02:07.075,75 01:03.212,720, ,647,2,1,1, , ,0,N, , , , , , , , ,2,1,0,0,0,0,1,0,0,0,0,0,0,0,0,0,0,0,0,0,0,0,0,0,0,0,0,0,0,0,0,0,0,0,0,0,0,40.0353,-75.0176, ,Philadelphia
4569,73926,2017086186,6,67,67301,2017,7,4,2100,21,3,1,0,8,1, , ,N,3,0,0,3,0,1,2,2,N,N,40 03:01.625,75 10:22.517,3, ,2351, ,0, ,N, ,0, , , , , , , , , ,1,1,0,0,0,0,0,0,0,0,1,0,1,0,1,0,0,0,0,0,0,0,0,0,0,0,0,0,0,0,0,0,1,0,0,3,0,40.0505,-75.1729, ,Philadelphia
4570,73927,2017115930,6,67,67301,2017,10,2,1615,16,1,2,1,4,1, , ,N,0,0,7,3,0,1,2,2,N,N,39 59:46.233,75 05:32.726,1700, ,9999, ,0, ,N, ,0, , , , , , , , , ,2,2,0,0,0,0,0,0,0,0,0,1,1,0,0,0,0,0,0,0,0,0,0,1,0,0,0,0,0,0,0,0,0,0,0,4,0,39.9962,-75.0924, ,Philadelphia
4571,73929,2017109775,6,67,67301,2017,9,5,1656,16,1,1,0,1,1, , ,N,2,2,0,3,0,1,2,2,N,N,40 02:51.611,74 59:48.483,1731, ,1703,2,1,4,N, ,3,N, , , , , , , , ,2,1,0,0,1,0,0,0,0,0,0,1,1,0,0,0,0,0,0,0,0,0,0,1,0,0,0,0,0,0,0,0,0,0,0,4,0,40.0477,-74.9968, ,Philadelphia
4572,73938,2017128042,6,67,67301,2017,11,5,452,4,3,2,1,7,4, , ,N,2,2,0,3,0,1,1,1,N,N,40 07:06.967,75 00:25.322,500, ,456, ,0, ,N, ,3, , , , , , , , , ,1,1,0,0,0,0,0,0,0,0,0,0,1,1,0,0,0,0,0,0,1,0,0,0,0,0,0,0,0,0,0,0,0,0,0,8,0,40.1186,-75.007, ,Philadelphia
4573,67636,2017051276,6,46,46102,2017,5,6,2235,22,3,1,0,1,1, , ,N,1,0,0,3,0,1,2,2,N,N,40 03:50.932,75 08:26.381,2242, ,2238, ,0, ,N, ,0, , , , , , , , , ,2,2,0,0,0,0,0,0,0,0,0,1,1,0,0,0,0,0,1,0,0,0,0,0,0,0,0,0,0,0,0,0,0,0,0,4,0,40.0641,-75.1407, ,Montgomery
4574,67643,2017060481,6,67,67301,2017,5,2,1133,11,1,1,0,8,1, , ,N,1,2,0,3,0,1,2,2,N,N,39 59:37.167,75 09:08.559,1145, ,1137, ,0, ,N, ,3, , , , , , , , , ,1,1,0,0,0,0,0,0,0,0,0,1,1,0,0,0,0,0,0,0,0,0,1,1,0,0,0,0,0,0,0,0,1,0,0,4,0,39.9937,-75.1523, ,Philadelphia
4575,67653,2017076259,6,67,67301,2017,6,5,2033,20,1,1,0,4,1, , ,N,0,0,7,3,0,1,2,2,N, ,39 56:25.048,75 09:58.225,2038, ,2035, ,0, , , ,0, , , , , , , , , ,2,0,1,0,0,0,1,0,0,0,1,0,1,0,0,0,0,0,0,0,0,0,0,1,0,0,0,0,0,0,0,0,0,0,0,3,0,39.9403,-75.1662, ,Philadelphia
4576,67665,2017086152,6,67,67301,2017,7,3,550,5,1,1,0,4,1, , ,N,1,2,0,3,0,2,2,2,N,N,40 04:27.147,75 02:05.032,725, ,717, ,0, ,N, ,3, , , , , , , , , ,2,2,0,0,0,0,0,0,0,0,0,0,2,2,0,0,0,0,0,0,0,0,0,0,0,0,0,0,0,0,0,0,0,0,0,8,0,40.0743,-75.0348, ,Philadelphia
4577,67668,2017086327,6,67,67301,2017,8,4,1615,16,1,2,1,2,1, , ,N,0,0,0,3,0,0,3,2,N,N,40 04:51.531,75 13:18.559,1625, ,1618, ,0, ,N, ,0, , , , , , , , , ,2,1,0,0,1,0,0,0,0,0,0,0,0,0,0,0,0,0,0,0,0,0,0,3,0,0,0,0,0,0,0,0,0,0,0,0,0,40.081,-75.2218, ,Philadelphia
4578,67671,2017116078,6,67,67301,2017,10,2,815,8,1,1,0,1,1, , ,N,0,0,0,3,0,1,3,3,N,N,40 00:04.075,75 06:44.778,1335, ,1335, ,0, , , ,0, , , , , , , , , ,3,3,0,0,0,0,0,0,0,0,0,1,1,0,0,0,0,0,0,0,1,0,0,3,0,0,0,0,0,0,0,0,0,0,0,4,0,40.0011,-75.1124, ,Philadelphia
4579,67689,2017055631,6,67,67301,2017,5,1,803,8,1,1,0,4,1, , ,N,1,2,0,3,0,0,2,2,N,N,39 54:17.120,75 10:06.834,813, ,804,3,1,3,N, ,3,Y, , , , , , , , ,2,1,0,0,0,0,1,0,0,0,0,0,0,0,0,0,0,0,0,0,1,0,0,0,0,0,0,0,0,0,0,0,0,0,0,0,0,39.9048,-75.1686, ,Philadelphia
4580,67692,2017067998,6,67,67301,2017,6,6,1250,12,1,1,0,3,1, , ,N,1,3,0,3,0,1,2,2,N,N,39 59:47.333,75 11:12.836,1330, ,1330, ,0, ,N, ,3, , , , , , , , , ,2,0,0,0,0,1,1,0,0,0,1,0,1,0,0,0,0,0,0,0,1,0,0,0,0,0,0,0,0,0,0,0,0,0,0,3,1,39.9965,-75.1869, ,Philadelphia
4581,67713,2017086316,6,67,67301,2017,7,4,1745,17,1,1,0,4,1, , ,N,1,3,7,3,0,1,2,2,N,N,40 02:48.400,75 03:26.100,1806, ,1800, ,0, ,N, ,3, , , , , , , , , ,2,1,0,0,0,0,1,0,0,0,0,1,1,0,0,0,0,0,0,0,0,0,0,0,0,0,0,0,0,0,0,0,0,0,0,4,0,40.0468,-75.0573, ,Philadelphia
4582,67741,2017086709,6,67,67301,2017,3,3,1608,16,1,1,0,4,1, , ,N,1,2,0,3,0,1,5,2,N,N,40 05:41.182,75 00:55.177,1625, ,1618, ,0, ,N, ,3, , , , , , , , , ,2,0,0,0,0,0,1,1,0,0,0,0,1,1,0,0,0,0,0,0,0,1,0,0,0,0,0,0,0,0,0,0,0,0,0,8,0,40.0948,-75.0153, ,Philadelphia
4583,67746,2017086929,6,67,67301,2017,1,6,2230,22,3,1,0,4,1, , ,N,5,2,0,3,0,1,2,2,N,N,39 56:53.392,75 13:16.639,2355, ,2351,1,1,4,N, ,3,N, , , , , , , , ,2,1,0,0,0,0,0,0,0,0,0,0,1,1,0,0,0,0,0,0,0,0,0,0,0,0,0,0,0,0,0,0,0,0,0,8,0,39.9482,-75.2212, ,Philadelphia
4584,67762,2017086259,6,67,67301,2017,7,5,1838,18,1,1,0,8,1, , ,N,1,0,0,3,0,1,2,2,N,N,39 56:07.712,75 11:15.323,1855, ,1853, ,0, ,N, ,0, , , , , , , , , ,1,1,0,0,0,0,0,0,0,0,0,0,1,1,1,0,0,0,0,0,0,0,0,0,0,0,0,0,0,0,0,0,1,0,0,8,0,39.9355,-75.1876, ,Philadelphia
4585,67763,2017086129,6,67,67301,2017,7,4,1715,17,1,1,0,4,1, , ,N,2,3,0,3,0,0,3,3,N, ,40 01:02.679,75 08:26.732,1715, ,1715,1,1,3, , ,3,N, , , , , , , , ,3,2,0,0,1,0,0,0,0,0,0,0,0,0,0,0,0,0,0,0,2,0,0,2,0,0,0,0,0,0,0,0,0,0,0,0,0,40.0174,-75.1408, ,Philadelphia
4586,67787,2017087122,6,67,67301,2017,8,2,1315,13,1,2,1,5,1, , ,N,0,0,0,3,0,2,2,2,N,N,39 57:04.760,75 08:29.427,1315, ,1315, ,0, , , ,0, , , , , , , , , ,2,1,0,0,1,0,0,0,0,0,2,0,2,0,0,0,0,0,0,0,0,0,0,0,0,0,0,0,0,0,0,0,0,0,0,3,0,39.9513,-75.1415, ,Philadelphia
4587,67789,2017080315,6,67,67301,2017,8,3,1205,12,1,1,0,7,2, , ,N,0,0,2,3,0,1,1,1,N,N,39 55:34.831,75 08:49.687,1218, ,1209, ,0, , , ,0, , , , , , , , , ,1,0,0,0,0,0,0,1,0,0,0,1,1,0,0,0,0,0,0,0,0,0,0,0,0,0,0,0,0,0,0,0,0,0,0,4,0,39.9262,-75.1456, ,Philadelphia
4588,67805,2017086839,6,67,67301,2017,5,2,9999,99,1,1,0,4,1, , ,N,1,3,0,3,0,2,2,2,N,N,40 01:43.873,75 05:09.302,1510, ,1505, ,0, , , ,3, , , , , , , , , ,2,1,0,0,0,0,1,0,0,0,0,1,2,1,0,0,0,0,0,0,0,0,0,1,0,0,0,0,0,0,0,0,0,0,0,4,0,40.0289,-75.0859, ,Philadelphia
4589,67813,2017117234,6,67,67301,2017,10,5,720,7,1,1,0,4,1, , ,N,1,3,0,3,0,2,3,2,N, ,40 01:07.556,75 08:21.989,9999, ,9999, ,0, , , ,3, , , , , , , , , ,2,1,0,0,0,0,0,1,0,0,0,0,2,2,0,0,0,0,0,0,0,0,0,1,0,0,0,0,0,0,0,0,0,0,0,8,0,40.0188,-75.1394, ,Philadelphia
4590,67821,2017070416,6,67,67301,2017,6,5,1715,17,1,1,0,4,1, , ,N,1,3,0,3,0,2,2,2,N,N,40 04:02.316,75 00:31.866,1725, ,1722,3,2,1,N, ,3,N, , , , , , , , ,2,0,0,0,1,0,1,0,0,1,0,1,2,0,0,0,0,0,0,0,2,0,0,0,0,0,0,0,0,0,0,0,0,0,0,2,0,40.0673,-75.0089, ,Philadelphia
4591,70345,2017091674,6,67,67301,2017,8,1,638,6,1,1,0,4,1, , ,N,1,2,0,3,0,2,3,2,N,N,40 04:27.147,75 02:05.032,700, ,658,4,1,5,N, ,3,N, , , , , , , , ,2,2,0,0,0,0,0,0,0,0,0,2,2,0,0,0,0,0,0,0,1,0,0,0,0,0,0,0,0,0,0,0,0,0,0,4,0,40.0743,-75.0348, ,Philadelphia
4592,70354,2017088644,6,67,67301,2017,8,3,855,8,1,2,1,5,1, , ,N,0,0,3,3,0,1,2,2,N,N,39 56:54.926,75 11:21.293,905, ,901, ,0, ,N, ,0, , , , , , , , , ,2,0,0,0,0,0,2,0,0,0,0,0,1,1,0,0,0,0,0,0,0,0,0,0,0,0,0,0,0,0,0,0,0,0,0,8,0,39.9486,-75.1892, ,Philadelphia
4593,70357,2017127306,6,67,67301,2017,11,1,1442,14,1,1,0,1,1, , ,N,0,0,0,3,0,1,2,4,N,N,39 58:03.000,75 13:15.800,1513, ,1507, ,0, , , ,0, , , , , , , , , ,4,1,0,0,0,0,2,1,0,0,0,0,1,1,1,0,0,0,0,0,1,0,0,0,0,0,0,0,0,0,0,0,0,0,0,8,0,39.9675,-75.2211, ,Philadelphia
4594,70360,2017120681,6,67,67301,2017,10,7,2239,22,3,1,0,4,1, , ,N,1,2,2,3,0,1,4,2,N,N,39 58:29.070,75 11:56.920,2335, ,2330, ,0, ,N, ,3, , , , , , , , , ,2,1,0,0,0,0,1,0,0,0,1,0,1,0,1,0,0,0,0,0,0,0,0,1,0,0,0,0,0,0,0,0,0,0,0,3,0,39.9746,-75.1991, ,Philadelphia
4595,70378,2017060497,6,67,67301,2017,5,2,1827,18,1,1,0,4,1, , ,N,1,2,0,3,0,1,2,2,N,N,39 59:50.086,75 10:48.678,1838, ,1832, ,0, , , ,3, , , , , , , , , ,2,1,0,0,0,0,1,0,0,0,0,0,1,1,0,0,0,0,0,0,0,1,0,1,0,0,0,0,0,0,0,0,0,0,0,8,0,39.9972,-75.1802, ,Philadelphia
4596,70392,2017088313,6,67,67301,2017,7,5,2328,23,3,1,0,7,4, , ,N,0,0,0,3,0,2,2,2,N,N,39 59:47.695,75 11:59.805,2334, ,2328, ,0, , , ,0, , , , , , , , , ,1,1,0,0,0,0,0,0,0,0,0,2,2,0,0,0,0,0,0,0,0,0,0,0,0,0,0,0,0,0,0,0,0,0,0,4,0,39.9966,-75.1999, ,Philadelphia
4597,70399,2017108102,6,67,67301,2017,10,7,1737,17,1,1,0,1,1, , ,N,0,0,0,3,0,0,5,3,N,N,39 56:46.523,75 11:21.974,1751, ,1740,1,2,3, , ,0,Y, , , , , , , , ,3,1,0,0,0,0,2,0,0,0,0,0,0,0,0,0,0,0,0,0,2,0,0,0,0,0,0,0,0,0,0,0,0,0,0,0,0,39.9461,-75.1896, ,Philadelphia
4598,70409,2017120649,6,67,67301,2017,10,6,1820,18,6,1,0,8,1, , ,N,3,8,0,3,0,1,2,2,N,N,40 02:56.450,75 03:03.074,1826, ,1824, ,0, ,N, ,9, , , , , , , , , ,1,0,0,0,0,0,1,0,0,0,0,0,1,1,0,0,0,0,0,0,0,0,0,0,0,0,0,0,0,0,0,0,1,0,0,8,0,40.049,-75.0509, ,Philadelphia
4599,70425,2017054316,6,67,67301,2017,5,5,1809,18,1,1,0,1,1, , ,N,0,0,0,3,0,1,6,4,N,N,39 59:45.509,75 11:49.581,1814, ,1810,1,2,4, , ,0,Y, , , , , , , , ,4,1,0,0,0,0,3,0,0,0,0,0,1,1,0,0,0,0,0,0,2,0,0,0,0,0,0,0,0,0,0,0,0,0,0,8,0,39.996,-75.1971, ,Philadelphia
4600,70429,2017067978,6,67,67301,2017,6,6,1600,16,1,1,0,5,1, , ,N,1,2,0,3,0,2,3,2,N,N,40 02:30.868,75 07:26.270,1600, ,1600, ,0, ,N, ,3, , , , , , , , , ,2,1,0,0,1,0,0,0,0,0,0,2,2,0,0,0,0,0,0,0,1,0,0,0,0,0,0,0,0,0,0,0,0,0,0,4,0,40.0419,-75.124, ,Philadelphia
4601,70437,2017081083,6,67,67301,2017,7,4,1756,17,1,1,0,1,1, , ,N,0,0,0,3,0,0,3,3,N,N,40 00:33.972,75 12:25.384,1806, ,1806, ,0, , , ,0, , , , , , , , , ,3,2,0,0,0,0,1,0,0,0,0,0,0,0,0,0,0,0,0,0,1,0,0,0,0,0,0,0,0,0,0,0,0,0,0,0,0,40.0094,-75.2071, ,Philadelphia
4602,70447,2017116210,6,67,67301,2017,10,3,1950,19,3,1,0,4,1, , ,N,1,2,0,3,0,1,2,2,N,N,39 57:09.651,75 14:41.006,2010, ,1959, ,0, ,N, ,3, , , , , , , , , ,1,1,0,0,0,0,0,0,1,0,0,1,1,0,0,0,0,0,0,0,0,0,1,0,0,0,0,0,0,0,0,0,0,0,0,4,0,39.9527,-75.2447, ,Philadelphia
4603,70455,2017096900,6,67,67301,2017,9,1,1302,13,1,1,0,0,1, , ,N,0,0,0,3,0,1,1,1,N,N,39 59:17.927,75 05:18.760,1306, ,1306,1,2,1, , ,0,N, , , , , , , , ,1,1,0,0,0,0,0,0,0,0,1,0,1,0,0,0,0,0,0,0,1,0,0,0,0,0,0,0,0,0,0,0,0,0,0,3,0,39.9883,-75.0885, ,Philadelphia
4604,70477,2017067805,6,67,67301,2017,5,4,2030,20,3,1,0,8,1, , ,N,2,0,0,3,0,1,2,2,N,N,40 02:12.345,75 10:32.216,2050, ,2041, ,0, ,N, ,0, , , , , , , , , ,1,0,0,0,0,0,0,0,0,0,0,0,1,1,0,0,0,0,0,0,0,0,0,0,0,0,0,0,0,0,0,0,1,0,0,8,0,40.0368,-75.1756, ,Philadelphia
4605,70479,2017080925,6,67,67301,2017,6,7,709,7,1,2,7,7,2, , ,N,0,0,0,3,0,0,1,1,N,N,40 00:20.648,75 04:30.705,733, ,726, ,0, , , ,0, , , , , , , , , ,1,1,0,0,0,0,0,0,0,0,0,0,0,0,0,0,0,0,0,0,0,0,0,0,0,0,0,0,0,0,0,0,0,0,0,0,0,40.0057,-75.0752, ,Philadelphia
4606,70487,2017116227,6,67,67301,2017,10,7,1850,18,3,1,0,4,1, , ,N,0,0,0,3,0,1,2,2,N,N,39 59:47.474,75 10:28.357,1905, ,1900, ,0, ,N, ,0, , , , , , , , , ,2,2,0,0,0,0,0,0,0,0,0,0,1,1,0,0,0,0,0,0,1,0,0,1,0,0,0,0,0,0,0,0,0,0,0,8,0,39.9965,-75.1745, ,Philadelphia
4607,70502,2017105924,6,67,67301,2017,9,7,947,9,1,1,0,8,1, , ,N,1,2,0,3,0,1,2,2,N,N,40 02:00.204,75 07:52.244,951, ,949,1,2,5,N, ,3,Y, , , , , , , , ,1,0,0,0,0,0,1,0,0,0,1,0,1,0,0,0,0,0,0,0,0,0,0,1,0,0,0,0,0,0,0,0,1,0,0,3,0,40.0334,-75.1312, ,Philadelphia
4608,70507,2017096546,6,67,67301,2017,8,4,150,1,2,2,1,4,1, , ,N,1,3,1,3,0,0,3,3,N, ,39 56:20.860,75 11:06.493,159, ,159, ,0, , , ,3, , , , , , , , , ,3,2,0,0,0,0,0,0,0,0,0,0,0,0,0,0,0,0,0,0,0,0,0,2,0,0,0,0,0,0,0,0,0,0,0,0,0,39.9391,-75.1851, ,Philadelphia
4609,76515,2017076281,6,67,67301,2017,6,7,1440,14,1,2,2,1,1, , ,N,2,2,0,3,0,1,5,4,N,N,39 58:17.414,75 12:42.731,1520, ,1440, ,0, ,N, ,3, , , , , , , , , ,4,3,0,0,0,0,1,0,0,0,0,0,1,1,0,0,0,0,0,0,1,0,0,2,0,0,0,0,0,0,0,0,0,0,0,8,0,39.9715,-75.2119, ,Philadelphia
4610,76531,2017091164,6,67,67301,2017,8,4,703,7,1,1,0,1,1, , ,N,0,2,0,3,0,3,3,2,N,N,40 01:45.571,75 06:21.770,725, ,725, ,0, , , ,3, , , , , , , , , ,2,0,0,0,0,0,2,0,0,0,0,3,3,0,0,0,0,0,0,0,0,0,0,0,0,0,0,0,0,0,0,0,0,0,0,4,0,40.0293,-75.1061, ,Philadelphia
4611,76534,2017115899,6,67,67301,2017,10,2,1748,17,1,1,0,4,1, , ,N,1,3,0,3,0,1,2,3,N, ,40 01:14.242,75 08:15.658,1755, ,1750, ,0, , , ,3, , , , , , , , , ,3,3,0,0,0,0,0,0,0,0,0,0,1,1,0,0,0,0,0,0,0,0,0,0,0,0,0,0,0,0,0,0,0,0,0,8,0,40.0206,-75.1377, ,Philadelphia
4612,76551,2017067887,6,67,67301,2017,6,3,1400,14,1,1,0,5,1, , ,N,0,0,0,3,0,1,4,2,N,N,39 58:21.640,75 15:16.851,1401, ,1401, ,0, ,N, ,0, , , , , , , , , ,1,1,0,0,0,0,0,0,1,0,0,1,1,0,0,0,0,0,0,0,0,0,0,0,0,0,0,0,0,0,0,0,0,0,0,4,0,39.9727,-75.2547, ,Philadelphia
4613,76554,2017073221,6,67,67301,2017,7,2,630,6,1,1,0,1,1, , ,N,0,0,0,3,0,0,2,2,N,N,39 58:05.683,75 07:45.938,659, ,640, ,0, , , ,0, , , , , , , , , ,2,1,0,0,0,0,1,0,0,0,0,0,0,0,0,0,0,0,0,0,0,0,0,0,0,0,0,0,0,0,0,0,0,0,0,0,0,39.9682,-75.1294, ,Philadelphia
4614,76561,2017076154,6,67,67301,2017,6,6,9999,99,1,1,0,4,1, , ,N,1,2,0,3,0,1,2,2,N,N,39 58:30.558,75 11:17.184,1833, ,1831,9,2,6, , ,3,Y, , , , , , , , ,2,1,1,0,0,0,0,0,0,0,0,1,1,0,0,0,0,0,0,0,0,0,0,0,0,0,0,0,0,0,0,0,0,0,0,4,0,39.9752,-75.1882, ,Philadelphia
4615,76568,2017120529,6,67,67301,2017,10,2,1340,13,1,1,0,4,1, , ,N,1,2,0,3,0,2,2,2,N, ,39 56:26.512,75 13:26.950,1342, ,1340, ,0, , , ,3, , , , , , , , , ,2,1,0,0,0,0,1,0,0,0,0,2,2,0,0,0,0,0,0,1,0,0,0,0,0,0,0,0,0,0,0,0,0,0,0,4,0,39.9407,-75.2242, ,Philadelphia
4616,76589,2017060620,6,67,67301,2017,5,2,1350,13,1,2,1,7,7, , ,N,3,0,2,3,0,1,3,1,N,N,40 00:42.975,75 12:17.619,1400, ,1355,2,2,3, , ,0,Y, , , , , , , , ,1,1,0,0,0,0,0,0,0,0,0,1,1,0,0,0,0,1,0,0,0,0,0,0,0,0,0,0,0,0,0,0,0,0,0,4,0,40.014,-75.2046, ,Philadelphia
4617,76618,2017107968,6,67,67301,2017,8,6,629,6,1,1,0,4,1, , ,N,1,3,0,3,0,0,2,2,N, ,39 59:48.051,75 08:21.130,630, ,630, ,0, , , ,3, , , , , , , , , ,2,2,0,0,0,0,0,0,0,0,0,0,0,0,0,0,0,0,0,0,1,0,0,0,0,0,0,0,0,0,0,0,0,0,0,0,0,39.9967,-75.1392, ,Philadelphia
4618,76624,2017091722,6,67,67301,2017,8,1,1304,13,1,1,0,4,1, , ,N,1,2,0,3,0,0,5,2,N,N,39 54:14.563,75 14:24.409,1320, ,1304, ,0, ,N, ,3, , , , , , , , , ,2,2,0,0,0,0,0,0,0,0,0,0,0,0,0,0,0,0,0,0,0,0,0,0,0,0,0,0,0,0,0,0,0,0,0,0,0,39.904,-75.2401, ,Philadelphia
4619,76629,2017115981,6,67,67301,2017,10,4,1010,10,1,1,0,1,1, , ,N,1,2,0,3,0,1,3,2,N,N,40 03:47.229,75 01:19.196,1013, ,1013, ,0, ,N, ,3, , , , , , , , , ,2,2,0,0,0,0,0,0,0,0,0,1,1,0,0,0,0,0,0,0,1,0,1,0,0,0,0,0,0,0,0,0,0,0,0,4,0,40.0631,-75.022, ,Philadelphia
4620,76632,2017112989,6,67,67301,2017,10,3,642,6,1,1,0,1,1, , ,N,6,0,2,3,0,3,3,2,N,N,40 00:26.077,75 12:01.290,759, ,645, ,0, , , ,0, , , , , , , , , ,2,2,0,0,0,0,0,0,0,0,0,0,3,3,0,0,0,0,0,0,0,0,0,0,0,0,0,0,0,0,0,0,0,0,0,8,0,40.0072,-75.2004, ,Philadelphia
4621,76637,2017060475,6,67,67301,2017,5,7,2000,20,3,2,1,4,1, , ,N,1,2,0,3,0,1,2,2,N, ,39 57:17.614,75 12:31.573,2034, ,2030,2,1,4, , ,3,N, , , , , , , , ,2,2,0,0,0,0,0,0,0,0,0,1,1,0,0,0,0,0,0,0,0,0,0,0,0,0,0,0,0,0,0,0,0,0,0,4,0,39.9549,-75.2087, ,Philadelphia
4622,76662,2017097514,6,67,67301,2017,9,5,1142,11,1,1,8,5,1, , ,N,0,0,0,3,0,0,2,2,N,N,39 57:36.317,75 10:46.454,1152, ,1145,1,1,4, , ,0,Y, , , , , , , , ,2,1,0,0,0,0,0,0,0,0,0,0,0,0,0,0,0,0,0,0,0,0,0,0,0,0,0,0,0,0,0,0,0,0,0,0,0,39.9601,-75.1796, ,Philadelphia
4623,76714,2017097894,6,67,67301,2017,9,3,2036,20,3,2,7,5,6, , ,N,0,0,0,3,0,1,1,5,N,N,39 59:45.407,75 07:40.313,2040, ,2037, ,0, , , ,0, , , , , , , , , ,5,4,0,0,0,0,0,1,0,0,0,1,1,0,0,0,0,0,0,0,0,0,0,0,0,0,0,0,0,0,0,0,0,0,0,4,0,39.9959,-75.1279, ,Philadelphia
4624,76752,2017086761,6,67,67301,2017,4,7,935,9,1,1,0,4,1, , ,N,1,1,0,3,0,1,2,2,N, ,40 03:07.781,75 04:03.513,949, ,942, ,0, , , ,2, , , , , , , , , ,2,0,0,0,1,0,1,0,0,0,0,1,1,0,0,0,0,0,0,0,0,0,0,0,0,0,0,0,0,0,0,0,0,0,0,4,0,40.0521,-75.0678, ,Philadelphia