objectid_1,objectid,crn,district,county,municipality,crash_year,crash_month,day_of_week,time_of_day,hour_of_day,illumination,weather,road_condition,collision_type,relation_to_road,work_zone_type,work_zone_loc,work_zone_ind,intersect_type,tcd_type,location_type,urban_rural,fatal_count,injury_count,person_count,total_units,sch_bus_ind,sch_zone_ind,latitude,longitude,arrival_tm,cons_zone_spd_lim,dispatch_tm,est_hrs_closed,lane_closed,ln_close_dir,ntfy_hiwy_maint,spec_juris_cd,tcd_func_cd,tfc_detour_ind,workers_pres,wz_close_detour,wz_flagger,wz_law_offcr_ind,wz_ln_closure,wz_moving,wz_other,wz_shlder_mdn,vehicle_count,automobile_count,motorcycle_count,bus_count,small_truck_count,heavy_truck_count,suv_count,van_count,bicycle_count,maj_inj_count,mod_inj_count,min_inj_count,tot_inj_count,unk_inj_deg_count,unk_inj_per_count,driver_count_16yr,driver_count_17yr,driver_count_18yr,driver_count_19yr,driver_count_20yr,driver_count_50_64yr,driver_count_65_74yr,driver_count_75plus,unbelted_occ_count,unb_death_count,unb_maj_inj_count,belted_death_count,belted_maj_inj_count,mcycle_death_count,mcycle_maj_inj_count,bicycle_death_count,bicycle_maj_inj_count,ped_count,ped_death_count,ped_maj_inj_count,max_severity_level,comm_veh_count,dec_lat,dec_long,rdwy_surf_type_cd,county_name
4690,76874,2017116181,6,67,67301,2017,10,6,1043,10,1,1,0,5,1, , ,N,0,0,0,3,0,4,6,2,N,N,40 02:24.003,75 10:13.209,1047, ,1045, ,0, , , ,0, , , , , , , , , ,2,2,0,0,0,0,0,0,0,0,0,4,4,0,0,0,0,0,0,0,1,0,0,0,0,0,0,0,0,0,0,0,0,0,0,4,0,40.04,-75.1703, ,Philadelphia
4691,76888,2017058362,6,67,67301,2017,5,3,1112,11,1,1,0,8,1,1,8,Y,1,2,0,3,0,1,2,2,N, ,39 57:36.054,75 09:55.036,1115,99,1112, ,0, , , ,3, ,Y,Y,U,N,U,U,U,U,1,0,0,0,0,0,1,0,0,0,0,1,1,0,0,0,0,0,0,1,0,0,0,0,0,0,0,0,0,0,0,0,1,0,0,4,0,39.96,-75.1653, ,Philadelphia
4692,76897,2017086697,6,67,67301,2017,3,7,2130,21,3,1,0,4,1, , ,N,1,2,0,3,0,3,4,2,N,N,40 01:47.643,75 05:16.067,2145, ,2130,1,1,1,N, ,3,Y, , , , , , , , ,2,2,0,0,0,0,0,0,0,0,3,0,3,0,0,0,0,0,0,0,0,0,0,3,0,0,0,0,0,0,0,0,0,0,0,3,0,40.0298,-75.088, ,Philadelphia
4693,76905,2017086836,6,67,67301,2017,5,6,850,8,1,2,1,1,1, , ,N,1,2,0,3,0,1,2,2,N,N,40 00:24.336,75 07:53.741,856, ,855, ,0, ,N, ,3, , , , , , , , , ,2,1,0,0,0,0,1,0,0,0,0,0,1,1,0,0,0,0,0,0,0,0,0,0,0,0,0,0,0,0,0,0,0,0,0,8,0,40.0068,-75.1316, ,Philadelphia
4694,76920,2017086182,6,67,67301,2017,7,6,830,8,1,1,0,3,1, , ,N,0,0,0,3,0,1,3,2,N, ,39 56:39.665,75 12:35.433,1930, ,1930, ,0, , , ,0, , , , , , , , , ,1,1,0,0,0,0,0,0,1,0,0,1,1,0,0,0,0,0,0,0,0,0,0,1,0,0,0,0,0,0,0,0,0,0,0,4,0,39.9444,-75.2098, ,Philadelphia
4695,76941,2017071690,6,67,67301,2017,2,6,1045,10,1,1,0,4,1, , ,N,1,2,0,3,0,1,2,2,N,N,39 56:16.525,75 14:02.111,0, ,0, ,0, ,N, ,3, , , , , , , , , ,2,1,0,0,0,0,0,0,0,0,0,0,1,1,0,0,0,0,0,0,1,0,0,0,0,0,0,0,0,0,0,0,0,0,0,8,0,39.9379,-75.2339, ,Philadelphia
4696,76945,2017079808,6,67,67301,2017,8,4,1842,18,1,2,1,1,1, , ,N,7,0,2,3,0,1,4,3,N,N,39 56:26.994,75 08:36.622,1903, ,1848, ,0, , , ,0, , , , , , , , , ,3,1,0,0,0,0,2,0,0,0,0,0,1,1,0,0,0,0,0,0,0,0,0,0,0,0,0,0,0,0,0,0,0,0,0,8,0,39.9408,-75.1435, ,Philadelphia
4697,76959,2017091750,6,67,67301,2017,8,4,2347,23,3,1,0,7,5, , ,N,1,3,0,3,0,0,1,1,N,N,39 56:23.157,75 09:50.911,2350, ,2347, ,0, ,N, ,3, , , , , , , , , ,1,0,0,0,0,0,1,0,0,0,0,0,0,0,1,0,0,0,0,0,0,0,0,0,0,0,0,0,0,0,0,0,0,0,0,9,0,39.9398,-75.1641, ,Philadelphia
4698,76960,2017091796,6,67,67301,2017,8,3,857,8,1,2,1,4,1, , ,N,1,3,0,3,0,1,2,2,N, ,40 02:38.284,75 01:53.882,910, ,857, ,0, , , ,3, , , , , , , , , ,2,1,0,0,0,0,1,0,0,0,0,1,1,0,0,0,0,0,0,0,0,0,0,0,0,0,0,0,0,0,0,0,0,0,0,4,0,40.044,-75.0316, ,Philadelphia
4699,74256,2017110791,6,67,67301,2017,10,4,835,8,1,2,1,7,3, , ,N,0,0,0,3,0,1,1,1,N,N,39 54:03.454,75 09:11.341,847, ,843, ,0, , , ,0, , , , , , , , , ,1,1,0,0,0,0,0,0,0,0,1,0,1,0,0,0,0,0,0,0,1,0,0,0,0,0,0,0,0,0,0,0,0,0,0,3,0,39.901,-75.1532, ,Philadelphia
4700,74269,2017130651,6,67,67301,2017,11,3,2000,20,3,1,0,4,1, , ,N,1,2,0,3,0,3,3,2,N,N,40 03:16.736,75 08:58.941,2013, ,2007, ,0, ,N, ,3, , , , , , , , , ,2,1,0,0,0,0,1,0,0,0,0,0,3,3,0,0,0,0,0,0,1,0,0,0,0,0,0,0,0,0,0,0,0,0,0,8,0,40.0546,-75.1497, ,Philadelphia
4701,74277,2017055654,6,67,67301,2017,5,7,1750,17,1,1,0,6,1, , ,N,2,2,0,3,0,3,5,3,N,N,40 03:47.944,74 59:07.865,1813, ,1807, ,0, ,N, ,3, , , , , , , , , ,3,2,0,0,1,0,0,0,0,0,0,2,3,1,0,0,0,0,0,0,0,1,0,1,0,0,0,0,0,0,0,0,0,0,0,4,0,40.0633,-74.9855, ,Philadelphia
4702,74307,2017101859,6,67,67301,2017,9,6,1420,14,1,1,0,4,1, , ,N,1,2,0,3,0,1,4,2,N,N,39 55:25.636,75 14:12.789,1440, ,1434, ,0, ,N, ,3, , , , , , , , , ,2,1,0,0,0,0,1,0,0,0,0,1,1,0,0,0,0,0,0,0,1,0,0,2,0,0,0,0,0,0,0,0,0,0,0,4,0,39.9238,-75.2369, ,Philadelphia
4703,74310,2017088974,6,67,67301,2017,8,2,920,9,1,2,1,1,1, , ,N,1,2,0,3,0,2,4,3,N, ,40 01:44.600,75 08:48.517,930, ,924, ,0, , , ,3, , , , , , , , , ,3,3,0,0,0,0,0,0,0,0,0,2,2,0,0,0,0,0,0,0,0,1,0,2,0,0,0,0,0,0,0,0,0,0,0,4,0,40.0291,-75.1468, ,Philadelphia
4704,74319,2017111571,6,67,67301,2017,9,1,56,0,3,1,0,5,6, , ,N,0,0,0,3,0,0,1,4,N,N,40 02:59.869,75 04:45.290,100, ,58,2,1,4,N, ,0,N, , , , , , , , ,4,4,0,0,0,0,0,0,0,0,0,0,0,0,0,0,0,0,0,0,0,0,0,0,0,0,0,0,0,0,0,0,0,0,0,0,0,40.05,-75.0792, ,Philadelphia
4705,74331,2017055513,6,67,67301,2017,5,3,1925,19,4,1,0,4,1, , ,N,1,3,0,3,0,1,2,2,N,N,40 00:37.740,75 09:38.779,1937, ,1932, ,0, , , ,3, , , , , , , , , ,2,1,0,0,1,0,0,0,0,0,0,1,1,0,0,0,0,0,0,0,0,0,0,0,0,0,0,0,0,0,0,0,0,0,0,4,0,40.0105,-75.1608, ,Philadelphia
4706,74333,2017067689,6,67,67301,2017,6,6,1842,18,1,1,0,1,1, , ,N,0,0,0,3,0,8,8,3,N,N,40 00:55.381,75 10:10.503,1852, ,1845, ,0, ,N, ,0, , , , , , , , , ,3,0,0,0,0,0,3,0,0,0,1,7,8,0,0,0,0,0,0,0,2,0,0,1,0,0,0,0,0,0,0,0,0,0,0,3,0,40.0154,-75.1696, ,Philadelphia
4707,74343,2017069883,6,67,67301,2017,7,7,1500,15,1,1,0,7,5, , ,N,0,0,0,3,0,0,1,1,N,N,39 59:23.018,75 09:05.958,1521, ,1500, ,0, ,N, ,0, , , , , , , , , ,1,1,0,0,0,0,0,0,0,0,0,0,0,0,0,0,0,0,0,0,1,0,0,0,0,0,0,0,0,0,0,0,0,0,0,0,0,39.9897,-75.1517, ,Philadelphia
4708,74345,2017076123,6,67,67301,2017,6,4,1255,12,1,1,0,6,1, , ,N,0,0,0,3,0,1,2,5,N,N,39 58:00.483,75 08:24.162,1303, ,1300, ,0, ,N, ,0, , , , , , , , , ,5,1,0,0,0,1,1,2,0,0,0,0,1,1,0,0,0,0,0,0,0,0,0,0,0,0,0,0,0,0,0,0,0,0,0,8,1,39.9668,-75.14, ,Philadelphia
4709,74349,2017083691,6,67,67301,2017,6,4,2050,20,3,1,0,1,1, , ,N,0,0,0,3,0,0,2,2,N,N,40 00:05.002,75 11:40.651,2053, ,2052,2,2,4, , ,0,N, , , , , , , , ,2,1,0,0,0,0,1,0,0,0,0,0,0,0,0,0,0,0,0,0,1,1,0,0,0,0,0,0,0,0,0,0,0,0,0,0,0,40.0014,-75.1946, ,Philadelphia
4710,74350,2017078782,6,67,67301,2017,6,7,1515,15,1,1,0,8,1, , ,N,1,2,0,3,0,1,2,2,N,N,39 56:53.519,75 09:51.947,1710, ,1657, ,0, ,N, ,3, , , , , , , , , ,1,1,0,0,0,0,0,0,0,0,0,1,1,0,0,0,0,0,0,0,0,0,0,1,0,0,0,0,0,0,0,0,1,0,0,4,0,39.9482,-75.1644, ,Philadelphia
4711,74356,2017086946,6,67,67301,2017,1,7,441,4,3,2,1,7,4, , ,N,0,0,0,3,0,0,1,1,N, ,40 02:29.801,75 11:30.742,700, ,645, ,0, , , ,0, , , , , , , , , ,1,1,0,0,0,0,0,0,0,0,0,0,0,0,0,0,0,0,0,0,0,0,0,0,0,0,0,0,0,0,0,0,0,0,0,0,0,40.0416,-75.1919, ,Philadelphia
4712,74368,2017120657,6,67,67301,2017,10,5,1645,16,1,1,0,1,1, , ,N,0,0,0,3,0,1,2,2,N,N,39 57:48.678,75 10:10.664,1653, ,1650, ,0, ,N, ,0, , , , , , , , , ,2,2,0,0,0,0,0,0,0,0,0,0,1,1,0,0,0,0,0,0,0,0,0,0,0,0,0,0,0,0,0,0,0,0,0,8,0,39.9635,-75.1696, ,Philadelphia
4713,74392,2017088296,6,67,67301,2017,8,3,925,9,1,1,0,4,1, , ,N,1,2,0,3,0,0,4,4,N,N,40 00:16.383,75 07:55.433,935, ,930,1,1,1,N, ,3,N, , , , , , , , ,4,3,0,0,0,0,0,1,0,0,0,0,0,0,0,0,0,0,0,0,0,0,0,4,0,0,0,0,0,0,0,0,0,0,0,0,0,40.0046,-75.1321, ,Philadelphia
4714,74408,2017097051,6,67,67301,2017,8,3,41,0,3,1,0,7,4, , ,N,6,0,2,3,0,1,1,1,N,N,40 00:18.562,75 11:47.007,50, ,44, ,0, , , ,0, , , , , , , , , ,1,1,0,0,0,0,0,0,0,0,1,0,1,0,0,0,0,0,0,0,0,0,0,0,0,0,0,0,0,0,0,0,0,0,0,3,0,40.0052,-75.1964, ,Philadelphia
4715,74415,2017105996,6,67,67301,2017,9,2,1901,19,3,1,0,1,1, , ,N,1,2,0,3,0,1,2,2,N,N,40 04:08.982,75 00:26.173,1908, ,1902, ,0, ,N, ,3, , , , , , , , , ,2,0,0,0,1,0,1,0,0,0,0,0,1,1,1,0,0,0,0,0,1,0,0,0,0,0,0,0,0,0,0,0,0,0,0,8,0,40.0692,-75.0073, ,Philadelphia
4716,74431,2017067868,6,67,67301,2017,6,6,40,0,3,1,0,5,1, , ,N,0,3,1,3,0,0,3,2,N,N,39 58:08.819,75 09:04.268,50, ,46, ,0, ,N, ,3, , , , , , , , , ,2,2,0,0,0,0,0,0,0,0,0,0,0,0,0,0,0,0,0,0,0,0,0,1,0,0,0,0,0,0,0,0,0,0,0,0,0,39.9691,-75.1512, ,Philadelphia
4717,68005,2017101841,6,67,67301,2017,9,1,2024,20,3,1,0,8,1, , ,N,1,2,0,3,0,1,2,2,N,N,39 58:15.920,75 13:43.424,2109, ,2024, ,0, ,N, ,3, , , , , , , , , ,1,0,0,0,0,0,0,0,0,0,0,1,1,0,0,0,0,0,0,0,0,0,0,0,0,0,0,0,0,0,0,0,1,0,0,4,0,39.9711,-75.2287, ,Philadelphia
4718,68014,2017067812,6,67,67301,2017,5,2,2350,23,3,1,0,5,6, , ,N,0,0,0,3,0,1,1,2,N,N,40 03:15.541,75 01:48.632,10, ,1, ,0, , , ,0, , , , , , , , , ,2,1,0,0,0,0,1,0,0,0,0,1,1,0,0,0,0,0,0,0,1,0,0,0,0,0,0,0,0,0,0,0,0,0,0,4,0,40.0543,-75.0302, ,Philadelphia
4719,68018,2017067932,6,67,67301,2017,6,1,1510,15,1,1,0,4,1, , ,N,1,0,0,3,0,4,5,2,N,N,40 01:03.050,75 09:01.026,1528, ,1526, ,0, ,N, ,0, , , , , , , , , ,2,1,0,0,0,0,0,1,0,0,0,4,4,0,0,0,0,0,0,0,0,0,0,1,0,0,0,0,0,0,0,0,0,0,0,4,0,40.0175,-75.1503, ,Philadelphia
4720,68019,2017086723,6,67,67301,2017,3,7,2115,21,3,2,1,4,1, , ,N,1,2,0,3,0,6,8,4,N,N,39 59:16.125,75 10:50.108,2135, ,2115, ,0, ,N, ,3, , , , , , , , , ,4,4,0,0,0,0,0,0,0,0,0,0,6,6,0,0,0,0,0,0,0,1,0,2,0,0,0,0,0,0,0,0,0,0,0,8,0,39.9878,-75.1806, ,Philadelphia
4721,68051,2017096475,6,67,67301,2017,8,5,905,9,1,1,0,5,1, , ,N,0,0,0,3,0,1,2,2,N,N,39 56:21.335,75 09:39.645,910, ,907, ,0, ,N, ,0, , , , , , , , , ,1,0,0,0,0,0,1,0,1,0,0,1,1,0,0,0,0,0,1,0,0,0,0,1,0,0,0,0,0,0,0,0,0,0,0,4,0,39.9393,-75.161, ,Philadelphia
4722,68053,2017108026,6,67,67301,2017,9,2,1000,10,1,1,0,5,6, , ,N,0,0,0,3,0,1,1,2,N,N,39 57:56.125,75 07:57.581,1034, ,1022, ,0, , , ,0, , , , , , , , , ,2,1,0,0,0,0,1,0,0,0,0,1,1,0,0,0,0,0,0,0,0,0,0,0,0,0,0,0,0,0,0,0,0,0,0,4,0,39.9656,-75.1326, ,Philadelphia
4723,68070,2017067945,6,67,67301,2017,6,5,1420,14,1,1,0,7,4, , ,N,1,2,0,3,0,1,1,1,N, ,40 00:26.992,75 09:01.007,1420, ,1420, ,0, , , ,3, , , , , , , , , ,1,1,0,0,0,0,0,0,0,0,0,1,1,0,0,0,0,0,0,0,1,0,0,0,0,0,0,0,0,0,0,0,0,0,0,4,0,40.0075,-75.1503, ,Philadelphia
4724,68078,2017081486,6,67,67301,2017,7,7,1822,18,1,1,0,1,1, , ,N,0,0,0,3,0,6,7,3,N,N,39 53:20.021,75 13:06.793,1838, ,1824,1,2,1, , ,0,N, , , , , , , , ,3,1,0,0,1,0,1,0,0,0,6,0,6,0,0,0,0,0,1,0,1,0,0,0,0,0,0,0,0,0,0,0,0,0,0,3,0,39.8889,-75.2185, ,Philadelphia
4725,68082,2017080019,6,67,67301,2017,7,4,1238,12,1,1,0,1,1, , ,N,6,0,2,3,0,0,2,2,N,N,39 57:06.151,75 08:29.297,1254, ,1242, ,0, , , ,0, , , , , , , , , ,2,2,0,0,0,0,0,0,0,0,0,0,0,0,0,0,0,0,0,0,1,0,0,0,0,0,0,0,0,0,0,0,0,0,0,0,0,39.9517,-75.1415, ,Philadelphia
4726,68084,2017087765,6,67,67301,2017,8,2,1240,12,1,1,0,5,1, , ,N,0,0,0,3,0,0,3,2,N,N,39 56:49.206,75 08:32.270,1252, ,1241, ,0, , , ,0, , , , , , , , , ,2,2,0,0,0,0,0,0,0,0,0,0,0,0,0,0,0,1,0,0,1,0,0,0,0,0,0,0,0,0,0,0,0,0,0,0,0,39.947,-75.1423, ,Philadelphia
4727,68090,2017093499,6,67,67301,2017,7,1,1730,17,1,1,0,4,1, , ,N,0,0,0,3,0,0,6,2,N, ,39 58:37.700,75 11:51.500,1804, ,1745, ,0, , , ,0, , , , , , , , , ,2,2,0,0,0,0,0,0,0,0,0,0,0,0,0,0,0,0,0,0,1,0,0,1,0,0,0,0,0,0,0,0,0,0,0,0,0,39.9771,-75.1976, ,Philadelphia
4728,68096,2017097793,6,67,67301,2017,9,4,2021,20,3,2,1,8,1, , ,N,1,3,0,3,0,1,2,2,N,N,39 58:01.244,75 12:27.577,2049, ,2033,3,2,3,N, ,3,N, , , , , , , , ,1,0,0,0,0,0,0,1,0,1,0,0,1,0,0,0,0,0,0,0,0,1,0,0,0,0,0,0,0,0,0,0,1,0,1,2,0,39.967,-75.2077, ,Philadelphia
4729,68101,2017088867,6,67,67301,2017,8,4,1723,17,1,1,0,4,1, , ,N,1,3,0,3,0,1,2,2,N, ,39 59:53.365,75 08:00.340,1726, ,1726, ,0, , , ,3, , , , , , , , , ,2,2,0,0,0,0,0,0,0,0,0,1,1,0,0,0,0,0,0,0,1,0,0,0,0,0,0,0,0,0,0,0,0,0,0,4,0,39.9982,-75.1334, ,Philadelphia
4730,68102,2017091697,6,67,67301,2017,8,1,501,5,3,1,0,7,4, , ,N,0,0,0,3,0,0,1,1,N, ,39 56:56.039,75 12:44.758,515, ,511, ,0, , , ,0, , , , , , , , , ,1,0,0,0,0,0,1,0,0,0,0,0,0,0,0,0,0,0,0,0,0,0,0,1,0,0,0,0,0,0,0,0,0,0,0,0,0,39.9489,-75.2124, ,Philadelphia
4731,68112,2017067773,6,67,67301,2017,5,1,900,9,1,1,0,4,1, , ,N,1,2,0,3,0,0,2,2,N,N,40 01:42.182,75 05:16.897,928, ,907, ,0, , , ,3, , , , , , , , , ,2,0,0,0,1,0,1,0,0,0,0,0,0,0,0,0,0,0,0,0,2,0,0,0,0,0,0,0,0,0,0,0,0,0,0,0,0,40.0284,-75.088, ,Philadelphia
4732,68124,2017078798,6,67,67301,2017,7,5,9999,99,5,1,0,4,1, , ,N,1,2,0,3,0,1,2,4,N,N,40 01:34.942,75 05:05.704,505, ,456,1,2,7,N, ,3,Y, , , , , , , , ,4,2,0,0,0,0,2,0,0,0,1,0,1,0,0,0,0,0,0,0,0,1,0,0,0,0,0,0,0,0,0,0,0,0,0,3,0,40.0264,-75.0849, ,Philadelphia
4733,68142,2017091755,6,67,67301,2017,8,3,1440,14,1,2,1,7,4, , ,N,0,0,0,3,0,1,1,1,N,N,40 02:44.295,75 05:18.721,1529, ,1517, ,0, ,N, ,0, , , , , , , , , ,1,0,0,0,0,0,1,0,0,0,0,1,1,0,0,0,0,0,0,0,1,0,0,0,0,0,0,0,0,0,0,0,0,0,0,4,0,40.0456,-75.0885, ,Philadelphia
4734,68164,2017070455,6,67,67301,2017,6,3,1449,14,1,1,0,4,1, , ,N,0,0,0,3,0,0,4,2,N,N,39 58:01.476,75 10:45.056,1506, ,1505, ,0, ,N, ,0, , , , , , , , , ,2,1,0,0,0,0,1,0,0,0,0,0,0,0,0,0,0,0,0,0,1,0,0,0,0,0,0,0,0,0,0,0,0,0,0,0,0,39.9671,-75.1792, ,Philadelphia
4735,70650,2017088309,6,67,67301,2017,7,2,830,8,1,1,0,6,6, , ,N,0,0,0,3,0,0,1,2,N,N,40 03:01.531,75 10:37.751,842, ,838,3,2,5,N, ,0,Y, , , , , , , , ,2,1,0,0,0,0,1,0,0,0,0,0,0,0,1,0,0,0,0,0,0,0,0,0,0,0,0,0,0,0,0,0,0,0,0,9,0,40.0504,-75.1772, ,Philadelphia
4736,70654,2017120549,6,67,67301,2017,10,1,1815,18,3,2,1,8,1, , ,N,1,2,0,3,0,1,2,2,N,N,39 59:27.061,75 09:18.508,1823, ,1818, ,0, ,N, ,3, , , , , , , , , ,1,0,0,0,0,0,1,0,0,0,0,1,1,0,0,0,0,0,0,0,1,0,0,0,0,0,0,0,0,0,0,0,1,0,0,4,0,39.9909,-75.1551, ,Philadelphia
4737,70658,2017067573,6,67,67301,2017,6,5,1208,12,1,1,0,1,1, , ,N,0,0,0,3,0,0,3,3,N,N,39 59:41.140,75 05:02.321,1220, ,1209, ,0, , , ,0, , , , , , , , , ,3,1,0,0,0,0,2,0,0,0,0,0,0,0,0,0,0,0,0,0,0,0,0,0,0,0,0,0,0,0,0,0,0,0,0,0,0,39.9948,-75.084, ,Philadelphia
4738,70697,2017096487,6,67,67301,2017,8,7,1827,18,3,1,0,4,1, , ,N,1,3,0,3,0,1,2,2,N,N,39 59:19.273,75 09:00.892,2000, ,1955, ,0, ,N, ,3, , , , , , , , , ,2,1,0,0,1,0,0,0,0,0,0,0,1,1,1,0,0,0,0,0,0,0,0,0,0,0,0,0,0,0,0,0,0,0,0,8,0,39.9887,-75.1502, ,Philadelphia
4739,70720,2017116147,6,67,67301,2017,10,2,2051,20,3,1,0,8,1, , ,N,1,2,0,3,0,1,2,2,N,N,39 56:17.761,75 10:12.053,2055, ,2054,1,1,4,N, ,3,Y, , , , , , , , ,1,1,0,0,0,0,0,0,0,0,0,0,1,1,0,0,0,0,0,0,0,0,0,1,0,0,0,0,0,0,0,0,1,0,0,8,0,39.9383,-75.17, ,Philadelphia
4740,70733,2017106273,6,67,67301,2017,9,7,551,5,3,1,0,7,2, , ,N,0,0,0,3,0,0,1,1,N,N,39 56:47.374,75 08:32.656,602, ,552, ,0, , , ,0, , , , , , , , , ,1,1,0,0,0,0,0,0,0,0,0,0,0,0,0,0,0,0,0,0,0,0,0,1,0,0,0,0,0,0,0,0,0,0,0,0,0,39.9465,-75.1424, ,Philadelphia
4741,70734,2017120729,6,67,67301,2017,10,3,1110,11,1,2,1,4,1, , ,N,2,3,0,3,0,2,3,3,N, ,40 02:18.646,75 09:30.419,1126, ,1126, ,0, , , ,3, , , , , , , , , ,3,2,0,0,0,0,1,0,0,0,0,2,2,0,0,0,0,0,0,0,0,0,0,1,0,0,0,0,0,0,0,0,0,0,0,4,0,40.0385,-75.1584, ,Philadelphia
4742,70761,2017064167,6,46,46102,2017,6,5,252,2,3,1,0,7,5, , ,N,0,2,0,3,0,0,1,1,N,N,40 04:55.368,75 10:19.606,300, ,252,2,1,4,Y, ,3,N, , , , , , , , ,1,1,0,0,0,0,0,0,0,0,0,0,0,0,0,0,0,0,0,0,0,0,0,0,0,0,0,0,0,0,0,0,0,0,0,0,0,40.082,-75.1721, ,Montgomery
4743,70771,2017078833,6,67,67301,2017,7,1,1040,10,1,1,0,5,1, , ,N,2,2,0,3,0,1,4,2,N, ,39 59:47.627,75 11:15.201,1042, ,1042,2,2,1, , ,3,Y, , , , , , , , ,2,1,0,0,0,0,1,0,0,0,0,1,1,0,3,0,0,0,0,0,1,0,0,0,0,0,0,0,0,0,0,0,0,0,0,4,0,39.9966,-75.1876, ,Philadelphia
4744,70777,2017086196,6,67,67301,2017,7,5,550,5,1,1,0,5,6, , ,N,0,0,0,3,0,0,1,2,N,N,39 56:16.550,75 09:23.213,615, ,611, ,0, ,N, ,0, , , , , , , , , ,2,2,0,0,0,0,0,0,0,0,0,0,0,0,0,0,0,0,0,0,1,0,0,0,0,0,0,0,0,0,0,0,0,0,0,0,0,39.9379,-75.1564, ,Philadelphia
4745,70802,2017096574,6,67,67301,2017,8,6,1430,14,1,1,0,1,1, , ,N,2,2,0,3,0,2,3,2,N, ,40 02:37.008,75 01:10.329,9999, ,1540, ,0, , , ,3, , , , , , , , , ,2,2,0,0,0,0,0,0,0,0,0,2,2,0,0,0,0,0,0,0,1,0,0,0,0,0,0,0,0,0,0,0,0,0,0,4,0,40.0436,-75.0195, ,Philadelphia
4746,70808,2017067964,6,67,67301,2017,5,3,1759,17,1,1,0,4,1, , ,N,1,2,0,3,0,1,2,2,N,N,39 56:48.750,75 14:07.912,1759, ,1759, ,0, ,N, ,3, , , , , , , , , ,2,1,1,0,0,0,0,0,0,0,0,0,1,1,0,0,0,0,0,0,0,0,0,1,0,0,0,0,0,0,0,0,0,0,0,8,0,39.9468,-75.2358, ,Philadelphia
4747,70819,2017086789,6,67,67301,2017,4,7,15,0,3,1,0,8,1, , ,N,1,2,0,3,0,1,2,2,N, ,40 03:47.229,75 01:19.196,30, ,24, ,0, , , ,3, , , , , , , , , ,1,0,0,0,0,0,1,0,0,0,1,0,1,0,0,0,0,0,0,0,0,0,0,0,0,0,0,0,0,0,0,0,1,0,0,3,0,40.0631,-75.022, ,Philadelphia
4748,70828,2017088926,6,67,67301,2017,8,5,1726,17,1,1,0,4,1, , ,N,1,3,0,3,0,2,2,2,N,N,40 01:43.035,75 03:48.891,1740, ,1735,2,1,1,N, ,3,N, , , , , , , , ,2,2,0,0,0,0,0,0,0,0,0,2,2,0,0,0,0,0,0,0,1,0,0,0,0,0,0,0,0,0,0,0,0,0,0,4,0,40.0286,-75.0636, ,Philadelphia
4749,70829,2017091162,6,67,67301,2017,8,2,1527,15,1,2,1,4,1, , ,N,1,3,0,3,0,1,3,2,N,N,39 56:17.730,75 11:13.125,1705, ,1701, ,0, ,N, ,3, , , , , , , , , ,2,2,0,0,0,0,0,0,0,0,0,0,1,1,0,0,0,0,0,0,1,0,0,0,0,0,0,0,0,0,0,0,0,0,0,8,0,39.9383,-75.187, ,Philadelphia
4750,70830,2017097624,6,67,67301,2017,9,3,1356,13,1,1,0,1,1, , ,N,6,4,2,3,0,0,2,2,N,N,39 56:56.693,75 11:06.409,1419, ,1419,2,2,4, , ,3,N, , , , , , , , ,2,1,0,0,0,0,1,0,0,0,0,0,0,0,0,0,0,0,0,0,1,0,0,0,0,0,0,0,0,0,0,0,0,0,0,0,0,39.949,-75.1852, ,Philadelphia
4751,70834,2017088307,6,67,67301,2017,7,5,1755,17,1,1,0,1,1, , ,N,0,0,0,3,0,1,3,3,N, ,40 01:50.972,75 12:43.996,1800, ,1755,1,1,2, , ,0,Y, , , , , , , , ,3,2,0,0,0,0,1,0,0,0,0,0,1,1,0,0,0,0,0,0,0,0,0,2,0,0,0,0,0,0,0,0,0,0,0,8,0,40.0308,-75.2122, ,Philadelphia
4752,70839,2017116103,6,67,67301,2017,10,7,1612,16,1,1,0,4,1, , ,N,1,3,0,3,0,3,5,2,N, ,40 00:41.533,75 04:19.938,1622, ,1614,2,2,7, , ,3,N, , , , , , , , ,2,0,0,0,0,0,1,1,0,0,0,3,3,0,0,0,0,0,0,0,0,0,0,0,0,0,0,0,0,0,0,0,0,0,0,4,0,40.0115,-75.0722, ,Philadelphia
4753,76963,2017088985,6,67,67301,2017,8,7,1608,16,1,1,0,1,1, , ,N,2,2,0,3,0,1,3,3,N,N,40 04:40.775,75 01:25.271,1620, ,1614,3,2,4,N, ,3,Y, , , , , , , , ,3,3,0,0,0,0,0,0,0,0,0,1,1,0,0,0,1,0,1,0,0,0,0,0,0,0,0,0,0,0,0,0,0,0,0,4,0,40.078,-75.0237, ,Philadelphia
4754,76969,2017116197,6,67,67301,2017,10,4,2030,20,3,1,0,8,1, , ,N,5,2,2,3,0,1,2,2,N, ,39 57:27.542,75 09:44.544,2110, ,2104, ,0, , , ,3, , , , , , , , , ,1,1,0,0,0,0,0,0,0,0,0,0,1,1,0,0,0,0,0,0,0,0,0,1,0,0,0,0,0,0,0,0,1,0,0,8,0,39.9577,-75.1624, ,Philadelphia
4755,76974,2017067745,6,67,67301,2017,5,5,835,8,1,6,1,4,1, , ,N,1,3,0,3,0,2,3,3,N,N,39 55:28.405,75 10:50.419,925, ,920,2,1,4,N, ,3,N, , , , , , , , ,3,3,0,0,0,0,0,0,0,0,0,2,2,0,0,0,0,0,0,0,0,0,0,0,0,0,0,0,0,0,0,0,0,0,0,4,0,39.9246,-75.1807, ,Philadelphia