objectid_1,objectid,crn,district,county,municipality,crash_year,crash_month,day_of_week,time_of_day,hour_of_day,illumination,weather,road_condition,collision_type,relation_to_road,work_zone_type,work_zone_loc,work_zone_ind,intersect_type,tcd_type,location_type,urban_rural,fatal_count,injury_count,person_count,total_units,sch_bus_ind,sch_zone_ind,latitude,longitude,arrival_tm,cons_zone_spd_lim,dispatch_tm,est_hrs_closed,lane_closed,ln_close_dir,ntfy_hiwy_maint,spec_juris_cd,tcd_func_cd,tfc_detour_ind,workers_pres,wz_close_detour,wz_flagger,wz_law_offcr_ind,wz_ln_closure,wz_moving,wz_other,wz_shlder_mdn,vehicle_count,automobile_count,motorcycle_count,bus_count,small_truck_count,heavy_truck_count,suv_count,van_count,bicycle_count,maj_inj_count,mod_inj_count,min_inj_count,tot_inj_count,unk_inj_deg_count,unk_inj_per_count,driver_count_16yr,driver_count_17yr,driver_count_18yr,driver_count_19yr,driver_count_20yr,driver_count_50_64yr,driver_count_65_74yr,driver_count_75plus,unbelted_occ_count,unb_death_count,unb_maj_inj_count,belted_death_count,belted_maj_inj_count,mcycle_death_count,mcycle_maj_inj_count,bicycle_death_count,bicycle_maj_inj_count,ped_count,ped_death_count,ped_maj_inj_count,max_severity_level,comm_veh_count,dec_lat,dec_long,rdwy_surf_type_cd,county_name
4756,76975,2017067944,6,67,67301,2017,6,7,1305,13,1,1,0,4,1, , ,N,3,3,0,3,0,0,2,2,N,N,40 01:00.600,75 06:59.818,1312, ,1310,1,1,2, , ,3,N, , , , , , , , ,2,1,0,0,0,0,1,0,0,0,0,0,0,0,0,0,0,0,0,0,0,0,0,2,0,0,0,0,0,0,0,0,0,0,0,0,0,40.0168,-75.1166, ,Philadelphia
4757,76978,2017067981,6,67,67301,2017,6,2,54,0,3,1,0,1,1, , ,N,1,2,0,3,0,1,5,2,N,N,39 58:23.478,75 09:32.375,55, ,54, ,0, ,N, ,3, , , , , , , , , ,2,1,0,0,1,0,0,0,0,0,0,1,1,0,0,0,0,0,0,0,0,0,0,0,0,0,0,0,0,0,0,0,0,0,0,4,0,39.9732,-75.159, ,Philadelphia
4758,76980,2017072995,6,67,67301,2017,4,3,1745,17,1,1,0,4,1, , ,N,1,3,0,3,0,1,2,2,N,N,40 01:56.744,75 04:11.636,0, ,0, ,0, ,N, ,3, , , , , , , , , ,2,1,0,0,0,0,1,0,0,0,0,0,1,1,0,0,0,0,0,0,0,0,0,0,0,0,0,0,0,0,0,0,0,0,0,8,0,40.0324,-75.0699, ,Philadelphia
4759,76994,2017088920,6,67,67301,2017,8,3,2352,23,3,1,0,1,1, , ,N,0,2,0,3,0,0,3,2,N, ,39 56:43.556,75 10:47.829,44, ,42, ,0, , , ,3, , , , , , , , , ,2,1,0,0,0,0,1,0,0,0,0,0,0,0,0,0,0,0,0,0,0,0,0,0,0,0,0,0,0,0,0,0,0,0,0,0,0,39.9454,-75.18, ,Philadelphia
4760,76995,2017123193,6,67,67301,2017,11,7,309,3,3,1,0,7,2, , ,N,0,0,0,3,0,1,1,1,N,N,39 57:30.223,75 10:48.866,319, ,311,1,1,4, , ,0,N, , , , , , , , ,1,1,0,0,0,0,0,0,0,0,1,0,1,0,0,0,0,0,0,0,0,0,0,1,0,0,0,0,0,0,0,0,0,0,0,3,0,39.9584,-75.1802, ,Philadelphia
4761,77015,2017106177,6,67,67301,2017,10,6,1116,11,1,1,0,7,4, , ,N,0,0,0,3,0,2,2,2,N,N,40 00:16.165,75 04:34.718,1124, ,1120,1,1,1, , ,0,N, , , , , , , , ,2,1,0,0,0,0,1,0,0,0,0,2,2,0,0,0,0,0,0,0,1,0,0,0,0,0,0,0,0,0,0,0,0,0,0,4,0,40.0045,-75.0763, ,Philadelphia
4762,77024,2017057155,6,67,67301,2017,5,6,235,2,3,2,1,5,1, , ,N,0,0,0,3,0,1,3,2,N,N,40 02:07.716,75 01:04.056,236, ,235,2,1,2, , ,0,N, , , , , , , , ,2,2,0,0,0,0,0,0,0,0,1,0,1,0,0,0,0,0,0,1,0,0,0,0,0,0,0,0,0,0,0,0,0,0,0,3,0,40.0355,-75.0178, ,Philadelphia
4763,77043,2017088840,6,67,67301,2017,8,5,1415,14,1,1,0,4,1, , ,N,0,0,0,3,0,1,2,2,N,N,40 01:38.198,75 07:15.185,1430, ,1418, ,0, , , ,0, , , , , , , , , ,2,1,0,0,0,0,0,1,0,0,1,0,1,0,0,0,0,0,0,0,1,0,0,0,0,0,0,0,0,0,0,0,0,0,0,3,0,40.0273,-75.1209, ,Philadelphia
4764,77074,2017067743,6,67,67301,2017,5,6,2130,21,3,1,0,1,1, , ,N,2,2,0,3,0,1,2,2,N,N,39 59:15.705,75 12:58.134,2150, ,2140, ,0, ,N, ,3, , , , , , , , , ,2,1,0,0,0,0,1,0,0,0,0,0,1,1,0,0,0,0,0,0,1,0,0,1,0,0,0,0,0,0,0,0,0,0,0,8,0,39.9877,-75.2161, ,Philadelphia
4765,77077,2017067676,6,67,67301,2017,5,6,907,9,1,1,0,5,6, , ,N,0,0,0,3,0,1,2,2,N,N,39 57:28.783,75 14:29.719,922, ,912, ,0, ,N, ,0, , , , , , , , , ,2,1,0,1,0,0,0,0,0,0,0,1,1,0,0,0,0,0,0,0,1,0,0,0,0,0,0,0,0,0,0,0,0,0,0,4,1,39.958,-75.2416, ,Philadelphia
4766,77105,2017105894,6,67,67301,2017,9,4,349,3,3,1,0,7,4, , ,N,0,0,0,3,0,1,1,1,N,N,40 01:33.757,75 05:42.121,355, ,351,9,1,1,Y, ,0,N, , , , , , , , ,1,0,0,0,0,0,1,0,0,0,0,1,1,0,0,0,0,0,0,0,0,0,0,0,0,0,0,0,0,0,0,0,0,0,0,4,0,40.026,-75.095, ,Philadelphia
4767,77112,2017105926,6,67,67301,2017,9,7,55,0,3,1,0,8,1, , ,N,1,2,0,3,1,0,2,2,N,N,39 59:48.618,75 09:13.788,100, ,56, ,0, ,N,0,3, , , , , , , , , ,1,1,0,0,0,0,0,0,0,0,0,0,0,0,1,0,0,0,0,0,0,0,0,0,0,0,0,0,0,0,0,0,1,1,0,1,0,39.9968,-75.1538,2,Philadelphia
4768,77141,2017082268,6,67,67301,2017,7,7,1527,15,1,1,0,1,1, , ,N,0,0,0,3,0,2,3,2,N,N,39 59:43.474,75 11:52.050,1527, ,1527,1,1,3, , ,0,N, , , , , , , , ,2,0,0,0,0,0,1,1,0,0,0,0,2,2,0,0,0,0,0,0,1,0,0,0,0,0,0,0,0,0,0,0,0,0,0,8,0,39.9954,-75.1978, ,Philadelphia
4769,77159,2017091026,6,67,67301,2017,9,7,209,2,3,1,0,1,1, , ,N,0,0,0,3,0,0,3,2,N,N,39 57:03.770,75 10:58.755,213, ,209,1,1,3, , ,0,N, , , , , , , , ,2,2,0,0,0,0,0,0,0,0,0,0,0,0,0,0,0,0,0,0,0,0,0,0,0,0,0,0,0,0,0,0,0,0,0,0,0,39.951,-75.183, ,Philadelphia
4770,77170,2017070523,6,67,67301,2017,6,7,9999,99,1,1,0,4,1, , ,N,2,3,0,3,0,1,4,2,N,N,40 01:29.957,75 10:00.963,1315, ,1310, ,0, , , ,3, , , , , , , , , ,2,0,0,0,0,0,2,0,0,0,0,1,1,0,0,0,0,0,0,0,0,0,0,1,0,0,0,0,0,0,0,0,0,0,0,4,0,40.025,-75.1669, ,Philadelphia
4771,74442,2017094263,6,67,67301,2017,9,1,904,9,1,2,1,0,1, , ,N,0,0,0,3,0,1,1,1,N,N,39 59:49.392,75 11:47.671,910, ,904,1,2,3, , ,0,N, , , , , , , , ,1,0,0,0,0,0,1,0,0,0,0,1,1,0,0,0,0,0,0,0,0,0,0,0,0,0,0,0,0,0,0,0,0,0,0,4,0,39.9971,-75.1966, ,Philadelphia
4772,74444,2017086033,6,67,67301,2017,7,6,811,8,3,2,1,4,1, , ,N,1,3,0,3,0,3,5,2,N, ,39 56:33.478,75 13:53.137,820, ,811, ,0, , , ,3, , , , , , , , , ,2,1,0,0,0,0,0,0,0,0,0,3,3,0,0,0,0,0,0,1,0,0,0,0,0,0,0,0,0,0,0,0,0,0,0,4,0,39.9426,-75.2314, ,Philadelphia
4773,74455,2017106034,6,67,67301,2017,9,1,1626,16,1,1,0,4,1, , ,N,2,3,0,3,0,1,6,2,N,N,39 57:03.639,75 13:52.809,1628, ,1628, ,0, ,N, ,3, , , , , , , , , ,2,2,0,0,0,0,0,0,0,0,0,0,1,1,0,0,0,1,0,0,0,0,0,0,0,0,0,0,0,0,0,0,0,0,0,8,0,39.951,-75.2313, ,Philadelphia
4774,74458,2017096552,6,67,67301,2017,9,6,620,6,1,1,0,5,1, , ,N,0,0,0,3,0,1,2,2,N, ,39 56:42.858,75 09:40.790,725, ,716, ,0, , , ,0, , , , , , , , , ,1,0,0,0,0,0,0,0,1,0,0,1,1,0,0,0,0,0,0,0,0,0,0,0,0,0,0,0,0,0,0,0,0,0,0,4,0,39.9452,-75.1613, ,Philadelphia
4775,74466,2017106010,6,67,67301,2017,9,2,958,9,1,1,0,4,1, , ,N,1,2,0,3,0,3,3,2,N,N,39 56:21.934,75 11:53.393,1001, ,1000,2,1,6,N, ,3,N, , , , , , , , ,2,0,0,0,0,1,1,0,0,0,0,0,3,3,0,0,0,0,0,0,1,0,0,0,0,0,0,0,0,0,0,0,0,0,0,8,0,39.9396,-75.1982, ,Philadelphia
4776,74489,2017116139,6,67,67301,2017,10,3,1528,15,1,1,0,1,1, , ,N,1,2,0,3,0,3,5,2,N,N,40 00:05.705,75 09:10.074,1540, ,1534, ,0, ,N, ,3, , , , , , , , , ,2,0,0,0,0,0,0,1,0,0,0,3,3,0,0,0,0,0,0,0,0,0,0,1,0,0,0,0,0,0,0,0,0,0,0,4,0,40.0016,-75.1528, ,Philadelphia
4777,74507,2017101897,6,67,67301,2017,9,7,2056,20,3,1,0,4,1, , ,N,1,2,0,3,0,3,5,2,N,N,40 02:57.481,75 04:04.310,2102, ,2057,2,2,5, , ,3,Y, , , , , , , , ,2,0,0,0,0,0,2,0,0,0,0,0,3,3,0,0,0,1,0,0,0,0,0,0,0,0,0,0,0,0,0,0,0,0,0,8,0,40.0493,-75.0679, ,Philadelphia
4778,74513,2017102864,6,67,67301,2017,7,4,1554,15,1,1,0,1,1, , ,N,0,0,0,3,0,1,4,2,N,N,39 55:56.956,75 08:43.203,1606, ,1557, ,0, , , ,0, , , , , , , , , ,2,0,0,0,0,0,1,1,0,0,0,0,1,1,0,0,0,0,0,0,0,0,0,1,0,0,0,0,0,0,0,0,0,0,0,8,0,39.9325,-75.1453, ,Philadelphia
4779,74514,2017086260,6,67,67301,2017,7,3,839,8,1,1,0,1,1, , ,N,0,0,0,3,0,1,2,2,N, ,39 56:18.315,75 10:18.332,858, ,845, ,0, , , ,0, , , , , , , , , ,1,1,0,0,0,0,0,0,1,0,0,1,1,0,0,0,0,0,0,0,0,0,0,1,0,0,0,0,0,0,0,0,0,0,0,4,0,39.9384,-75.1718, ,Philadelphia
4780,74520,2017055512,6,67,67301,2017,5,3,1726,17,1,1,0,8,1, , ,N,2,3,0,3,0,1,2,2,N,N,40 01:48.932,75 09:55.843,1740, ,1737, ,0, ,N, ,3, , , , , , , , , ,1,1,0,0,0,0,0,0,0,0,0,1,1,0,0,0,0,0,0,0,0,0,0,0,0,0,0,0,0,0,0,0,1,0,0,4,0,40.0303,-75.1655, ,Philadelphia
4781,74522,2017055593,6,67,67301,2017,4,6,9999,99,1,1,0,1,1, , ,N,0,0,0,3,0,2,4,2,N,N,39 58:38.975,75 13:35.482,750, ,746, ,0, , , ,0, , , , , , , , , ,2,1,0,0,0,0,0,0,0,0,0,2,2,0,0,0,0,0,0,0,1,0,0,2,0,0,0,0,0,0,0,0,0,0,0,4,0,39.9775,-75.2265, ,Philadelphia
4782,74528,2017057343,6,67,67301,2017,5,4,1258,12,1,1,0,1,1, , ,N,0,0,0,3,0,0,2,2,N,N,39 57:35.062,75 10:51.229,1322, ,1307, ,0, , , ,0, , , , , , , , , ,2,2,0,0,0,0,0,0,0,0,0,0,0,0,0,0,0,0,0,0,0,0,0,0,0,0,0,0,0,0,0,0,0,0,0,0,0,39.9597,-75.1809, ,Philadelphia
4783,74529,2017052417,6,67,67301,2017,5,2,200,2,3,1,0,5,6, , ,N,0,0,0,3,0,0,1,2,N,N,39 59:10.938,75 10:16.597,220, ,220, ,0, ,N, ,0, , , , , , , , , ,2,1,0,0,0,0,0,1,0,0,0,0,0,0,0,0,0,0,0,0,0,0,0,0,0,0,0,0,0,0,0,0,0,0,0,0,0,39.9864,-75.1713, ,Philadelphia
4784,74531,2017065191,6,67,67301,2017,6,5,1737,17,1,1,0,1,1, , ,N,0,0,0,3,0,3,5,3,N,N,40 00:33.463,75 12:17.850,1737, ,1737,2,1,4, , ,0,N, , , , , , , , ,3,2,0,0,0,0,1,0,0,0,3,0,3,0,0,0,0,0,0,0,0,1,0,0,0,0,0,0,0,0,0,0,0,0,0,3,0,40.0093,-75.205, ,Philadelphia
4785,74546,2017065118,6,67,67301,2017,6,7,2235,22,3,1,0,8,1, , ,N,1,2,0,3,0,1,2,2,N,N,40 04:51.446,75 12:09.698,2237, ,2235,1,1,1,N, ,3,Y, , , , , , , , ,1,1,0,0,0,0,0,0,0,0,0,0,1,1,0,0,0,0,0,0,1,0,0,0,0,0,0,0,0,0,0,0,1,0,0,8,0,40.0808,-75.2027, ,Philadelphia
4786,74559,2017117238,6,67,67301,2017,10,1,1523,15,1,1,0,5,6, , ,N,0,0,0,3,0,1,1,2,N,N,40 04:06.121,74 59:24.054,1536, ,1528,2,1,1,N, ,0,N, , , , , , , , ,2,0,0,0,0,0,1,1,0,0,1,0,1,0,0,0,0,0,0,0,0,0,0,0,0,0,0,0,0,0,0,0,0,0,0,3,0,40.0684,-74.99, ,Philadelphia
4787,74562,2017116068,6,67,67301,2017,10,2,2030,20,3,1,0,4,1, , ,N,1,2,0,3,0,0,4,2,N, ,40 04:15.122,75 14:28.540,2055, ,2030, ,0, , , ,3, , , , , , , , , ,2,1,0,0,0,0,1,0,0,0,0,0,0,0,0,0,0,0,0,1,0,0,0,0,0,0,0,0,0,0,0,0,0,0,0,0,0,40.0709,-75.2413, ,Philadelphia
4788,74574,2017060490,6,67,67301,2017,5,3,2255,22,3,1,0,7,4, , ,N,0,0,0,3,0,1,1,1,N,N,39 53:42.745,75 14:13.727,2345, ,2339, ,0, ,N, ,0, , , , , , , , , ,1,1,0,0,0,0,0,0,0,1,0,0,1,0,0,0,0,0,0,0,0,0,0,0,0,0,0,0,0,0,0,0,0,0,0,2,0,39.8952,-75.2372, ,Philadelphia
4789,68219,2017067358,6,67,67301,2017,6,6,2117,21,3,1,0,1,1, , ,N,0,0,0,3,0,3,3,2,N,N,39 55:18.523,75 08:52.628,2122, ,2122,2,2,2, , ,0,N, , , , , , , , ,2,2,0,0,0,0,0,0,0,0,3,0,3,0,0,0,0,0,0,0,0,0,0,0,0,0,0,0,0,0,0,0,0,0,0,3,0,39.9218,-75.148, ,Philadelphia
4790,68229,2017086793,6,67,67301,2017,3,6,800,8,1,1,0,1,1, , ,N,0,0,0,3,0,2,3,2,N,N,39 58:13.209,75 08:45.236,830, ,820, ,0, , , ,0, , , , , , , , , ,2,0,0,0,0,0,1,1,0,0,0,0,2,2,0,0,0,0,0,0,0,0,0,1,0,0,0,0,0,0,0,0,0,0,0,8,0,39.9703,-75.1459, ,Philadelphia
4791,68232,2017087194,6,67,67301,2017,8,4,430,4,3,1,0,5,1, , ,N,0,0,0,3,0,1,2,2,N,N,39 58:26.397,75 11:38.355,439, ,434,1,2,4, , ,0,N, , , , , , , , ,2,1,0,0,0,1,0,0,0,0,0,0,1,1,0,0,0,0,0,0,0,0,0,0,0,0,0,0,0,0,0,0,0,0,0,8,1,39.9726,-75.1936, ,Philadelphia
4792,68234,2017123761,6,67,67301,2017,11,3,1604,16,1,1,0,1,1, , ,N,0,0,0,3,0,1,3,3,N,N,39 57:27.580,75 08:57.783,1604, ,1604,2,1,3, , ,0,N, , , , , , , , ,3,1,0,0,0,0,1,1,0,0,0,0,1,1,0,0,0,0,0,0,1,0,0,0,0,0,0,0,0,0,0,0,0,0,0,8,0,39.9577,-75.1494, ,Philadelphia
4793,68239,2017093542,6,67,67301,2017,8,1,1122,11,1,1,0,5,1, , ,N,0,0,0,3,0,2,3,2,N, ,39 57:39.210,75 08:47.988,1155, ,1155, ,0, , , ,0, , , , , , , , , ,2,2,0,0,0,0,0,0,0,0,0,2,2,0,1,0,0,0,0,0,1,0,0,0,0,0,0,0,0,0,0,0,0,0,0,4,0,39.9609,-75.1467, ,Philadelphia
4794,68243,2017091698,6,67,67301,2017,8,2,1315,13,1,1,0,4,1, , ,N,0,2,6,3,0,1,3,2,N,N,40 06:00.421,75 00:30.466,1320, ,1315,1,2,1,N, ,3,Y, , , , , , , , ,2,2,0,0,0,0,0,0,0,0,0,0,1,1,0,0,0,0,0,0,0,0,1,0,0,0,0,0,0,0,0,0,0,0,0,8,0,40.1001,-75.0085, ,Philadelphia
4795,68249,2017105875,6,67,67301,2017,9,4,1713,17,1,1,0,4,1, , ,N,1,2,0,3,0,0,2,2,N,N,39 56:23.438,75 12:41.008,1716, ,1716,2,1,2, , ,3,N, , , , , , , , ,2,1,0,0,0,0,1,0,0,0,0,0,0,0,0,0,0,0,0,0,1,0,0,0,0,0,0,0,0,0,0,0,0,0,0,0,0,39.9399,-75.2114, ,Philadelphia
4796,68259,2017076299,6,67,67301,2017,6,5,1855,18,1,1,0,8,1, , ,N,0,0,0,3,0,1,3,2,N,N,39 55:02.769,75 13:55.354,1858, ,1857,9,1,1,N, ,0,N, , , , , , , , ,1,1,0,0,0,0,0,0,0,0,0,1,1,0,0,0,0,0,0,0,0,0,0,0,0,0,0,0,0,0,0,0,1,0,0,4,0,39.9174,-75.232, ,Philadelphia
4797,68285,2017109867,6,67,67301,2017,10,6,1720,17,1,1,0,1,1, , ,N,1,2,0,3,0,2,3,2,N,N,40 02:51.581,75 03:35.828,1740, ,1735, ,0, ,N, ,3, , , , , , , , , ,2,2,0,0,0,0,0,0,0,0,0,2,2,0,0,0,0,0,0,0,2,0,0,0,0,0,0,0,0,0,0,0,0,0,0,4,0,40.0477,-75.06, ,Philadelphia
4798,68291,2017112809,6,67,67301,2017,10,1,2030,20,3,2,1,8,1, , ,N,1,2,0,3,0,1,2,2,N,N,39 58:44.053,75 09:34.464,2033, ,2032,1,2,6,N, ,3,Y, , , , , , , , ,1,1,0,0,0,0,0,0,0,0,0,0,1,1,0,0,0,0,0,0,0,0,0,0,0,0,0,0,0,0,0,0,1,0,0,8,0,39.9789,-75.1594, ,Philadelphia
4799,68317,2017097937,6,67,67301,2017,9,4,2035,20,3,2,1,8,1, , ,N,1,2,0,3,0,1,2,2,N,N,39 56:39.163,75 09:41.611,2040, ,2036, ,0, ,N, ,3, , , , , , , , , ,1,1,0,0,0,0,0,0,0,0,0,0,1,1,0,0,0,0,0,0,0,0,0,0,0,0,0,0,0,0,0,0,1,0,0,8,0,39.9442,-75.1616, ,Philadelphia
4800,68325,2017109905,6,67,67301,2017,10,5,815,8,1,1,0,4,1, , ,N,2,2,0,3,0,1,2,2,N,N,39 59:11.490,75 12:18.431,822, ,819, ,0, ,N, ,3, , , , , , , , , ,1,0,0,0,0,0,1,0,1,0,0,0,1,1,0,0,0,0,0,0,0,0,0,0,0,0,0,0,0,0,0,0,0,0,0,8,0,39.9865,-75.2051, ,Philadelphia
4801,68327,2017120690,6,67,67301,2017,10,5,2145,21,3,1,0,4,1, , ,N,1,2,0,3,0,1,2,2,N,N,40 01:21.738,75 08:00.643,2347, ,2344, ,0, ,N, ,3, , , , , , , , , ,2,1,0,0,0,0,1,0,0,0,1,0,1,0,1,0,0,0,0,0,1,0,0,0,0,0,0,0,0,0,0,0,0,0,0,3,0,40.0227,-75.1335, ,Philadelphia
4802,68334,2017093560,6,67,67301,2017,8,2,1030,10,1,1,0,4,1,8,8,Y,1,3,0,3,0,0,2,2,N,N,39 57:35.325,75 09:49.397,1030,99,1030,1,1,2,N, ,3,Y,U,U,U,U,U,U,U,U,2,0,0,0,0,0,2,0,0,0,0,0,0,0,0,0,0,0,0,0,0,0,0,2,0,0,0,0,0,0,0,0,0,0,0,0,0,39.9598,-75.1637, ,Philadelphia
4803,68341,2017129138,6,67,67301,2017,12,5,1719,17,4,1,0,4,1, , ,N,1,2,0,3,0,1,2,2,N,N,39 58:27.123,75 09:23.824,1723, ,1720,2,2,4,N, ,3,Y, , , , , , , , ,2,2,0,0,0,0,0,0,0,0,0,0,1,1,0,0,0,0,0,1,0,0,0,0,0,0,0,0,0,0,0,0,0,0,0,8,0,39.9742,-75.1566, ,Philadelphia
4804,68367,2017086768,6,67,67301,2017,4,3,624,6,1,1,0,7,4, , ,N,0,0,0,3,0,0,1,1,N,N,40 07:01.693,74 59:00.050,635, ,625,1,1,1,N, ,0,N, , , , , , , , ,1,1,0,0,0,0,0,0,0,0,0,0,0,0,0,0,0,0,0,0,0,0,0,0,0,0,0,0,0,0,0,0,0,0,0,0,0,40.1166,-74.984, ,Philadelphia
4805,68385,2017091825,6,67,67301,2017,8,3,210,2,3,1,1,4,1, , ,N,1,2,0,3,0,3,3,2,N,N,40 01:50.941,75 06:43.243,220, ,214,2,1,6, , ,3,N, , , , , , , , ,2,0,0,0,0,0,1,1,0,0,0,3,3,0,0,0,0,0,0,0,0,0,0,0,0,0,0,0,0,0,0,0,0,0,0,4,0,40.0308,-75.112, ,Philadelphia
4806,68388,2017086208,6,67,67301,2017,7,1,1500,15,1,1,0,6,1, , ,N,0,0,0,3,0,2,2,2,N,N,39 55:02.604,75 14:15.502,1537, ,1535, ,0, ,N, ,0, , , , , , , , , ,2,2,0,0,0,0,0,0,0,0,0,2,2,0,0,0,0,0,0,0,0,0,0,0,0,0,0,0,0,0,0,0,0,0,0,4,0,39.9174,-75.2376, ,Philadelphia
4807,70842,2017116240,6,67,67301,2017,10,7,1336,13,1,1,0,6,1, , ,N,0,0,0,3,0,0,2,2,N, ,39 59:44.873,75 05:33.044,1345, ,1336, ,0, , , ,0, , , , , , , , , ,2,1,0,0,1,0,0,0,0,0,0,0,0,0,0,0,0,0,0,0,0,0,0,0,0,0,0,0,0,0,0,0,0,0,0,0,0,39.9958,-75.0925, ,Philadelphia
4808,70857,2017067961,6,67,67301,2017,5,3,2203,22,3,1,0,1,1, , ,N,1,2,0,3,0,1,2,2,N,Y,39 57:31.261,75 14:21.889,2207, ,2203, ,0, ,N, ,3, , , , , , , , , ,2,1,0,0,0,0,1,0,0,0,0,0,1,1,0,0,0,0,0,0,0,0,0,1,0,0,0,0,0,0,0,0,0,0,0,8,0,39.9587,-75.2394, ,Philadelphia
4809,70859,2017067949,6,67,67301,2017,6,4,1606,16,1,1,0,8,1, , ,N,1,2,0,3,0,1,2,2,N,N,39 56:54.150,75 08:38.536,1622, ,1621, ,0, ,N, ,3, , , , , , , , , ,1,0,0,0,1,0,0,0,0,0,0,1,1,0,0,0,0,0,0,0,0,0,0,1,0,0,0,0,0,0,0,0,1,0,0,4,0,39.9484,-75.1441, ,Philadelphia
4810,70874,2017116081,6,67,67301,2017,10,2,1102,11,1,1,0,1,1, , ,N,0,0,0,3,0,1,1,3,N,N,40 03:00.341,75 10:53.424,1103, ,1103, ,0, ,N, ,0, , , , , , , , , ,3,1,0,0,0,0,1,1,0,0,0,1,1,0,0,0,0,0,0,0,0,0,0,0,0,0,0,0,0,0,0,0,0,0,0,4,0,40.0501,-75.1815, ,Philadelphia
4811,70876,2017117251,6,67,67301,2017,10,6,604,6,5,1,0,4,1, , ,N,2,3,0,3,0,0,2,2,N, ,40 03:13.687,75 09:39.250,702, ,658, ,0, , , ,3, , , , , , , , , ,2,2,0,0,0,0,0,0,0,0,0,0,0,0,2,0,0,0,0,0,1,0,0,0,0,0,0,0,0,0,0,0,0,0,0,9,0,40.0538,-75.1609, ,Philadelphia
4812,70877,2017110303,6,67,67301,2017,10,4,601,6,3,1,0,6,1, , ,N,7,0,2,3,0,4,5,2,N,N,39 53:29.072,75 14:13.179,618, ,603, ,0, , , ,0, , , , , , , , , ,2,1,0,0,0,0,1,0,0,0,0,0,4,4,0,0,0,0,0,0,1,0,0,1,0,0,0,0,0,0,0,0,0,0,0,8,0,39.893,-75.2281, ,Philadelphia
4813,70880,2017116138,6,67,67301,2017,10,3,115,1,3,1,0,7,4, , ,N,0,0,0,3,0,1,1,1,N,N,39 59:48.645,75 09:31.636,120, ,117, ,0, ,N, ,0, , , , , , , , , ,1,1,0,0,0,0,0,0,0,0,0,1,1,0,0,0,0,0,0,0,0,0,0,0,0,0,0,0,0,0,0,0,0,0,0,4,0,39.9968,-75.1588, ,Philadelphia
4814,70884,2017091704,6,67,67301,2017,8,6,1005,10,1,1,0,4,1, , ,N,1,2,0,3,0,0,2,2,N, ,40 00:51.663,75 10:41.163,1020, ,1010, ,0, , , ,3, , , , , , , , , ,2,1,0,0,0,0,1,0,0,0,0,0,0,0,0,0,0,0,1,1,0,0,0,0,0,0,0,0,0,0,0,0,0,0,0,0,0,40.0144,-75.1781, ,Philadelphia
4815,70888,2017086827,6,67,67301,2017,4,6,615,6,1,1,0,7,4, , ,N,3,2,0,3,0,0,1,1,N,N,39 56:51.292,75 11:28.784,616, ,616, ,0, ,N, ,3, , , , , , , , , ,1,1,0,0,0,0,0,0,0,0,0,0,0,0,0,0,0,0,0,0,0,0,0,1,0,0,0,0,0,0,0,0,0,0,0,0,0,39.9476,-75.1913, ,Philadelphia
4816,70890,2017113564,6,67,67301,2017,10,6,2340,23,3,1,0,1,1, , ,N,1,2,0,3,0,1,3,2,N,N,39 57:15.980,75 12:18.387,2340, ,2340, ,0, ,N, ,3, , , , , , , , , ,2,2,0,0,0,0,0,0,0,0,0,0,1,1,1,0,0,0,0,0,0,0,0,0,0,0,0,0,0,0,0,0,0,0,0,8,0,39.9544,-75.205, ,Philadelphia
4817,70901,2017058244,6,67,67301,2017,5,5,1650,16,1,1,0,1,1, , ,N,2,2,0,3,0,2,2,2,N,N,39 58:22.572,75 07:10.506,1650, ,1650, ,0, ,N, ,3, , , , , , , , , ,2,2,0,0,0,0,0,0,0,0,0,1,2,1,0,0,0,0,0,1,0,0,0,0,0,0,0,0,0,0,0,0,0,0,0,4,0,39.9729,-75.1196, ,Philadelphia
4818,70909,2017097098,6,67,67301,2017,7,2,1352,13,1,1,0,7,4, , ,N,0,0,0,3,0,0,1,1,N,N,39 58:00.642,75 11:15.632,1405, ,1355,2,1,4, , ,0,N, , , , , , , , ,1,0,0,0,0,0,0,1,0,0,0,0,0,0,1,0,0,0,0,0,1,0,0,0,0,0,0,0,0,0,0,0,0,0,0,9,0,39.9651,-75.1855, ,Philadelphia
4819,70922,2017094611,6,67,67301,2017,9,2,1618,16,1,1,0,1,1, , ,N,0,0,0,3,0,1,3,3,N,N,39 59:28.730,75 12:13.266,1618, ,1618, ,0, , , ,0, , , , , , , , , ,3,2,0,0,1,0,0,0,0,0,0,0,1,1,0,0,0,0,0,0,0,0,0,0,0,0,0,0,0,0,0,0,0,0,0,8,0,39.9912,-75.204, ,Philadelphia
4820,70942,2017130709,6,67,67301,2017,11,1,710,7,1,1,1,4,1, , ,N,2,0,0,3,0,0,3,2,N,N,39 55:42.820,75 08:40.147,735, ,731,2,1,1,N, ,0,N, , , , , , , , ,2,1,0,0,0,0,0,1,0,0,0,0,0,0,0,0,0,0,0,0,0,0,0,0,0,0,0,0,0,0,0,0,0,0,0,0,0,39.9286,-75.1445, ,Philadelphia