objectid_1,objectid,crn,district,county,municipality,crash_year,crash_month,day_of_week,time_of_day,hour_of_day,illumination,weather,road_condition,collision_type,relation_to_road,work_zone_type,work_zone_loc,work_zone_ind,intersect_type,tcd_type,location_type,urban_rural,fatal_count,injury_count,person_count,total_units,sch_bus_ind,sch_zone_ind,latitude,longitude,arrival_tm,cons_zone_spd_lim,dispatch_tm,est_hrs_closed,lane_closed,ln_close_dir,ntfy_hiwy_maint,spec_juris_cd,tcd_func_cd,tfc_detour_ind,workers_pres,wz_close_detour,wz_flagger,wz_law_offcr_ind,wz_ln_closure,wz_moving,wz_other,wz_shlder_mdn,vehicle_count,automobile_count,motorcycle_count,bus_count,small_truck_count,heavy_truck_count,suv_count,van_count,bicycle_count,maj_inj_count,mod_inj_count,min_inj_count,tot_inj_count,unk_inj_deg_count,unk_inj_per_count,driver_count_16yr,driver_count_17yr,driver_count_18yr,driver_count_19yr,driver_count_20yr,driver_count_50_64yr,driver_count_65_74yr,driver_count_75plus,unbelted_occ_count,unb_death_count,unb_maj_inj_count,belted_death_count,belted_maj_inj_count,mcycle_death_count,mcycle_maj_inj_count,bicycle_death_count,bicycle_maj_inj_count,ped_count,ped_death_count,ped_maj_inj_count,max_severity_level,comm_veh_count,dec_lat,dec_long,rdwy_surf_type_cd,county_name
4886,71085,2017116953,6,67,67301,2017,9,3,1206,12,1,1,0,1,1, , ,N,0,8,0,3,0,0,2,2,N,N,39 57:27.000,75 09:32.602,1211, ,1211,1,2,4, , ,3,N, , , , , , , , ,2,2,0,0,0,0,0,0,0,0,0,0,0,0,0,0,0,0,0,0,0,0,0,0,0,0,0,0,0,0,0,0,0,0,0,0,0,39.9575,-75.1591, ,Philadelphia
4887,71089,2017101848,6,67,67301,2017,9,4,813,8,1,1,0,7,5, , ,N,1,0,0,3,0,2,2,1,N, ,40 00:42.048,75 09:46.973,815, ,814, ,0, , , ,0, , , , , , , , , ,1,0,0,0,0,0,1,0,0,0,0,2,2,0,0,0,0,0,0,0,0,0,0,0,0,0,0,0,0,0,0,0,0,0,0,4,0,40.0116,-75.163, ,Philadelphia
4888,71100,2017067765,6,67,67301,2017,5,6,2350,23,3,1,0,7,4, , ,N,1,2,0,3,0,0,1,1,N, ,39 59:34.796,75 08:04.250,20, ,2354, ,0, , , ,3, , , , , , , , , ,1,1,0,0,0,0,0,0,0,0,0,0,0,0,0,0,0,0,0,0,0,0,0,0,0,0,0,0,0,0,0,0,0,0,0,0,0,39.993,-75.1345, ,Philadelphia
4889,71133,2017091687,6,67,67301,2017,8,1,1357,13,1,1,0,4,1, , ,N,1,3,0,3,0,1,2,3,N,N,40 04:07.996,75 09:08.373,1407, ,1404, ,0, , , ,3, , , , , , , , , ,3,2,0,0,0,0,1,0,0,0,0,1,1,0,0,0,0,0,1,0,0,0,0,1,0,0,0,0,0,0,0,0,0,0,0,4,0,40.0689,-75.1523, ,Philadelphia
4890,71134,2017088843,6,67,67301,2017,8,2,1900,19,1,2,1,6,1, , ,N,0,0,0,3,0,2,2,3,N,N,40 01:05.728,75 03:50.165,1907, ,1905,2,2,1,N, ,0,Y, , , , , , , , ,3,1,0,0,0,0,1,1,0,0,2,0,2,0,0,0,0,0,0,0,0,1,0,0,0,0,0,0,0,0,0,0,0,0,0,3,0,40.0183,-75.0639, ,Philadelphia
4891,71135,2017090504,6,67,67301,2017,8,3,2157,21,3,1,0,1,1, , ,N,6,0,0,3,0,0,5,3,N,N,39 57:41.763,75 10:57.486,2209, ,2200, ,0, , , ,0, , , , , , , , , ,3,2,0,0,0,0,1,0,0,0,0,0,0,0,0,0,0,0,0,1,0,0,0,0,0,0,0,0,0,0,0,0,0,0,0,0,0,39.9611,-75.1823, ,Philadelphia
4892,71141,2017063751,6,67,67301,2017,6,6,1830,18,1,1,0,7,4, , ,N,0,0,0,3,0,1,1,1,N,N,39 53:31.298,75 13:26.771,1838, ,1830,1,1,1, , ,0,N, , , , , , , , ,1,0,0,0,0,0,1,0,0,0,1,0,1,0,0,0,0,0,0,0,0,0,0,0,0,0,0,0,0,0,0,0,0,0,0,3,0,39.892,-75.2241, ,Philadelphia
4893,71162,2017077536,6,67,67301,2017,7,7,1251,12,1,1,0,1,1, , ,N,0,0,3,3,0,1,4,4,N,N,39 57:15.500,75 08:30.700,1255, ,1251,1,1,4,N, ,0,N, , , , , , , , ,4,2,0,0,1,0,1,0,0,0,0,0,1,1,1,0,0,0,0,0,1,0,0,0,0,0,0,0,0,0,0,0,0,0,0,8,0,39.9543,-75.1419, ,Philadelphia
4894,71167,2017076168,6,67,67301,2017,6,1,2238,22,3,1,0,4,1, , ,N,0,0,0,3,0,1,2,2,N,N,40 00:58.319,75 05:03.336,114, ,113, ,0, ,N, ,0, , , , , , , , , ,2,1,1,0,0,0,0,0,0,0,0,1,1,0,0,0,0,0,0,0,0,0,0,1,0,0,0,0,0,0,0,0,0,0,0,4,0,40.0162,-75.0843, ,Philadelphia
4895,71210,2017086107,6,67,67301,2017,7,5,909,9,1,1,0,1,6, , ,N,0,0,0,3,0,3,3,3,N,N,39 59:18.902,75 13:35.302,945, ,913, ,0, ,N, ,0, , , , , , , , , ,3,2,0,0,1,0,0,0,0,0,0,0,3,3,0,0,0,0,0,1,0,0,0,0,0,0,0,0,0,0,0,0,0,0,0,8,0,39.9886,-75.2265, ,Philadelphia
4896,71214,2017108029,6,67,67301,2017,9,4,800,8,1,1,0,5,6, , ,N,0,0,0,3,0,1,2,3,N,Y,40 02:04.317,75 02:17.950,830, ,819, ,0, ,N, ,0, , , , , , , , , ,3,3,0,0,0,0,0,0,0,0,0,0,1,1,0,0,0,0,0,0,0,0,0,0,0,0,0,0,0,0,0,0,0,0,0,8,0,40.0345,-75.0383, ,Philadelphia
4897,77413,2017078887,6,67,67301,2017,7,1,219,2,3,1,0,5,6, , ,N,0,0,0,3,0,4,5,2,N,N,40 07:51.074,75 00:56.333,237, ,221, ,0, ,N, ,0, , , , , , , , , ,2,0,0,0,0,1,1,0,0,0,0,0,4,4,0,0,0,0,0,0,0,0,0,3,0,0,0,0,0,0,0,0,0,0,0,8,1,40.1309,-75.0156, ,Philadelphia
4898,77432,2017116135,6,67,67301,2017,10,2,1015,10,1,1,0,8,1, , ,N,1,2,3,3,0,1,2,2,N,N,40 00:29.783,75 11:40.406,1055, ,1047, ,0, ,N, ,9, , , , , , , , , ,1,0,0,0,1,0,0,0,0,0,0,1,1,0,0,0,0,0,0,0,0,0,0,0,0,0,0,0,0,0,0,0,1,0,0,4,0,40.0084,-75.1945, ,Philadelphia
4899,77434,2017097849,6,67,67301,2017,9,5,844,8,1,1,1,4,1, , ,N,1,2,0,3,0,0,3,2,N, ,39 58:02.427,75 10:31.342,900, ,859, ,0, , , ,3, , , , , , , , , ,2,1,0,0,0,0,1,0,0,0,0,0,0,0,0,0,0,0,0,0,0,0,0,0,0,0,0,0,0,0,0,0,0,0,0,0,0,39.9673,-75.1754, ,Philadelphia
4900,77468,2017116085,6,67,67301,2017,10,1,1550,15,1,1,0,0,1, , ,N,0,0,0,3,0,1,1,1,N, ,40 02:45.722,75 00:50.158,1604, ,1600, ,0, , , ,0, , , , , , , , , ,1,0,1,0,0,0,0,0,0,0,1,0,1,0,0,0,0,0,0,0,1,0,0,0,0,0,0,0,0,0,0,0,0,0,0,3,0,40.046,-75.0139, ,Philadelphia
4901,77473,2017097908,6,67,67301,2017,9,2,120,1,3,1,0,4,1, , ,N,1,3,0,3,0,0,2,4,N,N,39 55:44.299,75 09:36.158,130, ,124, ,0, ,N, ,3, , , , , , , , , ,4,2,0,0,0,0,2,0,0,0,0,0,0,0,0,0,0,0,0,0,0,0,0,0,0,0,0,0,0,0,0,0,0,0,0,0,0,39.929,-75.16, ,Philadelphia
4902,77481,2017091780,6,67,67301,2017,8,4,1000,10,1,1,0,4,1, , ,N,1,3,0,3,0,2,2,2,N,N,40 03:18.216,75 08:05.182,1105, ,1057, ,0, ,N, ,3, , , , , , , , , ,2,2,0,0,0,0,0,0,0,0,0,0,2,2,0,0,0,0,0,0,1,0,0,0,0,0,0,0,0,0,0,0,0,0,0,8,0,40.0551,-75.1348, ,Philadelphia
4903,77482,2017088802,6,67,67301,2017,8,1,1955,19,3,1,0,4,1, , ,N,1,3,0,3,0,3,3,2,N,N,39 59:26.131,75 09:11.052,2003, ,1957, ,0, ,N, ,3, , , , , , , , , ,2,1,0,0,1,0,0,0,0,0,0,2,3,1,0,0,0,0,0,0,0,0,0,3,0,0,0,0,0,0,0,0,0,0,0,4,0,39.9906,-75.1531, ,Philadelphia
4904,77484,2017088773,6,67,67301,2017,8,2,1900,19,1,2,1,1,1, , ,N,2,0,2,3,0,0,2,2,N,N,40 00:41.337,75 12:01.763,9999, ,9999, ,0, ,N, ,0, , , , , , , , , ,2,1,0,0,0,0,0,0,0,0,0,0,0,0,0,0,0,0,0,0,0,0,0,1,0,0,0,0,0,0,0,0,0,0,0,0,0,40.0114,-75.2004, ,Philadelphia
4905,77499,2017109980,6,67,67301,2017,9,4,1515,15,1,1,0,8,1, , ,N,1,2,0,3,0,1,2,2,N,N,39 59:32.805,75 10:46.472,1600, ,1600, ,0, ,N, ,3, , , , , , , , , ,1,1,0,0,0,0,0,0,0,0,0,1,1,0,0,0,0,0,0,0,0,0,0,1,0,0,0,0,0,0,0,0,1,0,0,4,0,39.9925,-75.1796, ,Philadelphia
4906,77519,2017122127,6,67,67301,2017,4,1,2009,20,1,1,0,1,1, , ,N,0,0,0,3,0,0,5,3,N,N,40 00:20.964,75 04:30.325,2016, ,2009, ,0, ,N, ,0, , , , , , , , , ,3,2,0,0,0,0,1,0,0,0,0,0,0,0,0,0,0,0,0,0,1,0,0,0,0,0,0,0,0,0,0,0,0,0,0,0,0,40.0058,-75.0751, ,Philadelphia
4907,77526,2017108018,6,67,67301,2017,9,3,2046,20,3,2,1,4,1, , ,N,1,2,0,3,0,2,4,3,N,N,40 01:38.028,75 06:51.904,2106, ,2053,2,1,2,N, ,3,N, , , , , , , , ,3,2,0,0,0,0,1,0,0,0,0,2,2,0,0,0,0,0,0,0,2,0,0,0,0,0,0,0,0,0,0,0,0,0,0,4,0,40.0272,-75.1144, ,Philadelphia
4908,77529,2017093647,6,67,67301,2017,8,2,2316,23,3,1,0,5,1, , ,N,0,0,0,3,0,0,2,2,N, ,40 00:51.307,75 10:43.378,2322, ,2316,1,1,2, , ,0,N, , , , , , , , ,2,2,0,0,0,0,0,0,0,0,0,0,0,0,0,0,0,0,1,0,0,0,0,2,0,0,0,0,0,0,0,0,0,0,0,0,0,40.0143,-75.1787, ,Philadelphia
4909,77537,2017116012,6,67,67301,2017,10,6,600,6,1,1,0,7,4, , ,N,0,0,0,3,0,1,1,1,N, ,39 59:29.268,75 11:45.167,805, ,759, ,0, , , ,0, , , , , , , , , ,1,1,0,0,0,0,0,0,0,0,0,1,1,0,0,0,0,0,0,0,0,0,0,0,0,0,0,0,0,0,0,0,0,0,0,4,0,39.9915,-75.1959, ,Philadelphia
4910,77541,2017120666,6,67,67301,2017,10,5,1522,15,1,1,0,4,1, , ,N,1,3,0,3,0,0,5,2,N,N,40 02:34.843,75 11:00.664,1538, ,1529, ,0, ,N, ,3, , , , , , , , , ,2,2,0,0,0,0,0,0,0,0,0,0,0,0,0,0,0,0,0,0,0,0,0,0,0,0,0,0,0,0,0,0,0,0,0,0,0,40.043,-75.1835, ,Philadelphia
4911,77551,2017060744,6,67,67301,2017,5,5,1011,10,1,1,0,4,1, , ,N,1,2,0,3,0,2,4,2,N,N,40 04:35.533,75 01:57.644,1015, ,1013,1,1,1,N, ,3,N, , , , , , , , ,2,2,0,0,0,0,0,0,0,0,0,0,2,2,0,0,0,0,0,0,0,1,0,0,0,0,0,0,0,0,0,0,0,0,0,8,0,40.0765,-75.0327, ,Philadelphia
4912,77566,2017093577,6,67,67301,2017,7,1,105,1,3,1,0,5,6, , ,N,0,0,0,3,0,0,1,3,N,N,39 57:15.246,75 09:42.190,118, ,117, ,0, ,N, ,0, , , , , , , , , ,3,3,0,0,0,0,0,0,0,0,0,0,0,0,0,0,0,0,0,0,0,0,0,1,0,0,0,0,0,0,0,0,0,0,0,0,0,39.9542,-75.1617, ,Philadelphia
4913,77568,2017086291,6,67,67301,2017,8,3,2300,23,3,1,0,1,6, , ,N,0,0,0,3,0,0,2,3,N,N,39 56:20.788,75 09:45.632,2318, ,2316, ,0, ,N, ,0, , , , , , , , , ,3,0,0,0,1,0,2,0,0,0,0,0,0,0,0,0,0,0,0,0,0,0,0,0,0,0,0,0,0,0,0,0,0,0,0,0,0,39.9391,-75.1627, ,Philadelphia
4914,77582,2017086187,6,67,67301,2017,7,6,915,9,1,1,0,1,1, , ,N,2,2,0,3,0,1,2,2,N,N,39 57:26.135,75 12:55.142,921, ,921,1,1,3,N, ,3,N, , , , , , , , ,2,2,0,0,0,0,0,0,0,0,1,0,1,0,0,0,0,0,0,0,0,0,0,0,0,0,0,0,0,0,0,0,0,0,0,3,0,39.9573,-75.2153, ,Philadelphia
4915,74756,2017105973,6,67,67301,2017,9,1,1855,18,4,1,0,1,1, , ,N,1,3,0,3,0,3,4,3,N, ,39 58:31.839,75 13:46.329,1920, ,1900, ,0, , , ,3, , , , , , , , , ,3,2,0,0,0,0,0,1,0,0,0,1,3,2,0,0,0,0,0,0,0,0,0,1,0,0,0,0,0,0,0,0,0,0,0,4,0,39.9755,-75.2295, ,Philadelphia
4916,74777,2017078536,6,67,67301,2017,7,6,601,6,1,1,0,1,1, , ,N,0,0,0,3,0,0,4,3,N,N,39 56:42.518,75 11:27.143,614, ,602, ,0, , , ,0, , , , , , , , , ,3,3,0,0,0,0,0,0,0,0,0,0,0,0,0,0,0,0,0,0,1,0,0,0,0,0,0,0,0,0,0,0,0,0,0,0,0,39.945,-75.1911, ,Philadelphia
4917,74778,2017115960,6,67,67301,2017,10,1,1135,11,1,1,1,5,1, , ,N,1,2,0,3,0,0,3,2,N,N,39 56:57.327,75 09:26.036,1146, ,1145,2,1,2, , ,3,Y, , , , , , , , ,2,2,0,0,0,0,0,0,0,0,0,0,0,0,0,0,0,0,0,0,0,0,0,0,0,0,0,0,0,0,0,0,0,0,0,0,0,39.9493,-75.1572, ,Philadelphia
4918,74789,2017093506,6,67,67301,2017,8,6,854,8,3,1,0,1,1, , ,N,1,2,2,3,0,3,8,4,N, ,40 00:52.738,75 10:42.411,905, ,900,2,2,4, , ,3,Y, , , , , , , , ,4,1,0,0,1,0,2,0,0,0,0,0,3,3,5,0,0,0,0,0,1,0,0,0,0,0,0,0,0,0,0,0,0,0,0,8,0,40.0146,-75.1784, ,Philadelphia
4919,74792,2017086228,6,67,67301,2017,7,1,1940,19,1,1,0,4,1, , ,N,1,3,0,3,0,2,3,2,N,N,39 59:52.907,75 07:45.706,1944, ,1944, ,0, , , ,3, , , , , , , , , ,2,2,0,0,0,0,0,0,0,0,0,2,2,0,0,0,0,0,0,0,1,0,0,0,0,0,0,0,0,0,0,0,0,0,0,4,0,39.998,-75.1294, ,Philadelphia
4920,74795,2017112197,6,67,67301,2017,8,3,55,0,3,2,1,0,1, , ,N,0,8,0,3,0,1,1,1,N,N,39 58:54.884,75 12:26.965,109, ,107,1,1,3, , ,1,N, , , , , , , , ,1,0,0,0,1,0,0,0,0,1,0,0,1,0,0,0,0,0,0,1,0,0,0,0,0,0,0,1,0,0,0,0,0,0,0,2,0,39.9814,-75.207, ,Philadelphia
4921,74804,2017101832,6,67,67301,2017,9,5,1630,16,1,1,0,8,1, , ,N,1,2,0,3,0,1,2,2,N,N,40 03:42.317,75 03:21.839,1638, ,1630, ,0, ,N, ,3, , , , , , , , , ,1,0,0,0,1,0,0,0,0,0,0,1,1,0,0,0,0,0,0,0,0,0,0,0,0,0,0,0,0,0,0,0,1,0,0,4,0,40.0618,-75.0561, ,Philadelphia
4922,74818,2017070527,6,67,67301,2017,6,7,213,2,3,1,0,2,1, , ,N,0,0,0,3,0,0,2,2,N,N,40 01:55.596,75 07:58.317,242, ,242,2,1,4, , ,0,N, , , , , , , , ,2,1,0,0,1,0,0,0,0,0,0,0,0,0,0,0,0,0,0,0,0,0,0,1,0,0,0,0,0,0,0,0,0,0,0,0,0,40.0321,-75.1329, ,Philadelphia
4923,74827,2017081278,6,67,67301,2017,8,4,1117,11,1,1,0,1,1, , ,N,0,2,2,3,0,1,6,3,N,N,39 54:37.600,75 09:04.900,1117, ,1117,1,1,3,N, ,3,N, , , , , , , , ,3,1,0,0,0,0,2,0,0,0,0,0,1,1,0,0,0,0,0,0,0,1,0,0,0,0,0,0,0,0,0,0,0,0,0,8,0,39.9104,-75.1514, ,Philadelphia
4924,74836,2017091155,6,67,67301,2017,8,5,2310,23,3,1,0,4,1, , ,N,1,3,0,3,0,0,3,3,N,N,39 55:20.895,75 09:53.024,1248, ,1246,3,2,1,N, ,3,Y, , , , , , , , ,3,1,0,0,0,0,1,1,0,0,0,0,0,0,2,0,1,0,0,0,0,0,0,0,0,0,0,0,0,0,0,0,0,0,0,9,0,39.9225,-75.1647, ,Philadelphia
4925,74845,2017108824,6,67,67301,2017,9,7,1639,16,1,1,0,8,1, , ,N,1,2,0,3,0,1,2,2,N,N,39 59:57.018,75 13:51.326,1648, ,1640, ,0, , , ,2, , , , , , , , , ,1,0,0,0,0,0,1,0,0,1,0,0,1,0,0,0,0,0,0,0,0,0,0,0,0,0,0,0,0,0,0,0,1,0,1,2,0,39.9991,-75.2309, ,Philadelphia
4926,74855,2017058289,6,67,67301,2017,5,1,1801,18,1,2,1,8,1, , ,N,1,2,0,3,0,3,6,4,N, ,39 55:57.258,75 13:48.778,1801, ,1801, ,0, , , ,3, , , , , , , , , ,2,0,0,0,0,0,2,0,0,1,0,2,3,0,0,0,0,0,0,0,0,0,0,0,0,0,0,0,0,0,0,0,2,0,1,2,0,39.9325,-75.2303, ,Philadelphia
4927,74883,2017087175,6,67,67301,2017,7,2,1929,19,1,1,0,1,1, , ,N,0,0,0,3,0,1,4,3,N,N,39 57:35.907,75 10:42.899,1945, ,1940,1,2,4, , ,0,N, , , , , , , , ,3,2,0,0,0,0,0,1,0,0,0,0,1,1,0,0,0,0,1,0,2,0,0,0,0,0,0,0,0,0,0,0,0,0,0,8,0,39.96,-75.1786, ,Philadelphia
4928,74885,2017086044,6,67,67301,2017,7,6,841,8,1,1,0,8,1, , ,N,1,2,0,3,0,1,6,2,N,N,39 59:10.572,75 09:22.129,843, ,843, ,0, ,N, ,3, , , , , , , , , ,1,0,0,0,0,0,1,0,0,0,0,1,1,0,0,0,0,0,1,0,0,0,0,0,0,0,0,0,0,0,0,0,1,0,0,4,0,39.9863,-75.1561, ,Philadelphia
4929,74903,2017060630,6,67,67301,2017,5,5,13,0,3,1,0,7,4, , ,N,0,0,0,3,0,0,1,1,N, ,40 00:41.157,75 07:53.483,9999, ,16,3,1,3, , ,0,Y, , , , , , , , ,1,1,0,0,0,0,0,0,0,0,0,0,0,0,0,0,0,0,0,0,0,0,0,1,0,0,0,0,0,0,0,0,0,0,0,0,0,40.0114,-75.1315, ,Philadelphia
4930,74912,2017076238,6,67,67301,2017,6,2,1300,13,1,1,0,1,1, , ,N,1,2,0,3,0,1,2,2,N,N,40 04:50.820,75 01:42.117,9999, ,9999, ,0, ,N, ,9, , , , , , , , , ,2,1,0,0,0,0,1,0,0,0,0,0,1,1,1,0,0,0,0,0,0,0,0,0,0,0,0,0,0,0,0,0,0,0,0,8,0,40.0808,-75.0284, ,Philadelphia
4931,74918,2017067700,6,67,67301,2017,5,6,1715,17,1,1,0,1,1, , ,N,0,0,0,3,0,2,3,3,N, ,39 59:29.788,75 06:01.108,1806, ,1721,2,2,6, , ,0,N, , , , , , , , ,3,1,0,0,1,0,1,0,0,0,0,2,2,0,0,0,0,0,0,0,1,0,0,1,0,0,0,0,0,0,0,0,0,0,0,4,0,39.9916,-75.1003, ,Philadelphia
4932,74922,2017068054,6,67,67301,2017,6,1,2025,20,3,1,0,4,1, , ,N,0,0,0,3,0,0,2,2,N,N,39 59:07.560,75 12:55.841,2128, ,2124,2,1,2, , ,0,N, , , , , , , , ,2,0,0,0,0,0,2,0,0,0,0,0,0,0,0,0,0,0,0,0,2,0,0,1,0,0,0,0,0,0,0,0,0,0,0,0,0,39.9854,-75.2155, ,Philadelphia
4933,68518,2017097802,6,67,67301,2017,9,4,9999,99,1,2,1,6,1, , ,N,0,0,0,3,0,0,4,4,N,N,40 02:07.900,75 11:20.000,850, ,840,2,1,1,N, ,0,N, , , , , , , , ,4,3,0,0,0,0,1,0,0,0,0,0,0,0,0,0,0,0,0,0,0,0,0,1,0,0,0,0,0,0,0,0,0,0,0,0,0,40.0355,-75.1889, ,Philadelphia
4934,68523,2017088824,6,67,67301,2017,8,3,1230,12,1,1,0,1,1, , ,N,0,0,7,3,0,2,3,2,N, ,40 03:03.730,75 00:57.122,1240, ,1236, ,0, , , ,0, , , , , , , , , ,2,2,0,0,0,0,0,0,0,0,0,2,2,0,0,0,0,0,0,0,0,1,1,1,0,0,0,0,0,0,0,0,0,0,0,4,0,40.051,-75.0159, ,Philadelphia
4935,68547,2017070508,6,67,67301,2017,6,3,130,1,3,1,0,4,1, , ,N,1,2,0,3,0,1,2,2,N, ,39 55:23.275,75 10:11.576,410, ,401, ,0, , , ,3, , , , , , , , , ,1,1,0,0,0,0,0,0,1,0,0,1,1,0,1,0,0,0,0,0,0,0,0,0,0,0,0,0,0,0,0,0,0,0,0,4,0,39.9231,-75.1699, ,Philadelphia
4936,68552,2017070426,6,67,67301,2017,6,7,1426,14,1,1,0,5,6, , ,N,0,0,0,3,0,0,1,3,N,N,40 01:16.068,75 03:40.392,1640, ,1635, ,0, ,N, ,0, , , , , , , , , ,3,0,0,0,1,0,1,1,0,0,0,0,0,0,0,0,0,0,0,0,0,0,0,0,0,0,0,0,0,0,0,0,0,0,0,0,0,40.0211,-75.0612, ,Philadelphia
4937,68575,2017105886,6,67,67301,2017,9,7,48,0,3,1,0,8,1, , ,N,2,2,0,3,0,1,2,2,N,N,40 00:04.010,75 06:44.218,50, ,50, ,0, ,N, ,3, , , , , , , , , ,1,1,0,0,0,0,0,0,0,0,0,0,1,1,0,0,0,0,0,0,0,0,0,1,0,0,0,0,0,0,0,0,1,0,0,8,0,40.0011,-75.1123, ,Philadelphia
4938,68577,2017116094,6,67,67301,2017,10,6,2125,21,3,1,0,5,6, , ,N,0,0,0,3,0,0,1,2,N,N,39 57:21.765,75 13:46.696,2127, ,2127, ,0, ,N, ,0, , , , , , , , , ,2,1,0,0,0,0,1,0,0,0,0,0,0,0,1,0,0,0,0,0,0,1,0,1,0,0,0,0,0,0,0,0,0,0,0,9,0,39.956,-75.2296, ,Philadelphia
4939,68605,2017078703,6,67,67301,2017,7,7,650,6,1,1,0,4,1, , ,N,1,2,0,3,0,2,2,2,N, ,40 02:12.854,75 04:47.301,800, ,755, ,0, , , ,3, , , , , , , , , ,2,2,0,0,0,0,0,0,0,0,0,2,2,0,0,0,0,0,0,0,1,0,0,0,0,0,0,0,0,0,0,0,0,0,0,4,0,40.0369,-75.0798, ,Philadelphia
4940,68607,2017078774,6,67,67301,2017,6,3,1458,14,1,1,0,1,1, , ,N,5,2,0,3,0,1,2,2,N,N,40 00:48.913,75 04:06.725,1525, ,1519, ,0, ,N, ,3, , , , , , , , , ,2,1,0,0,0,0,1,0,0,0,0,0,1,1,0,0,0,0,0,0,1,1,0,0,0,0,0,0,0,0,0,0,0,0,0,8,0,40.0136,-75.0685, ,Philadelphia
4941,68611,2017086849,6,67,67301,2017,5,1,5,0,3,1,1,5,1, , ,N,0,0,0,3,0,1,2,4,N,N,40 01:04.915,75 08:11.544,7, ,5, ,0, , , ,0, , , , , , , , , ,4,3,0,0,0,0,1,0,0,0,0,1,1,0,0,0,0,0,1,1,0,0,0,2,0,0,0,0,0,0,0,0,0,0,0,4,0,40.018,-75.1365, ,Philadelphia
4942,68612,2017086706,6,67,67301,2017,3,7,300,3,3,1,0,4,1, , ,N,1,2,0,3,0,1,2,2,N,N,39 56:32.795,75 08:50.577,304, ,303, ,0, ,N, ,3, , , , , , , , , ,1,1,0,0,0,0,0,0,1,0,0,1,1,0,1,0,0,0,0,0,0,0,0,0,0,0,0,0,0,0,0,0,0,0,0,4,0,39.9424,-75.1474, ,Philadelphia
4943,68614,2017108485,6,67,67301,2017,9,5,1813,18,1,1,0,1,1, , ,N,3,4,2,3,0,1,3,2,N,N,39 57:27.235,75 08:57.693,1843, ,1843, ,0, , , ,3, , , , , , , , , ,2,0,0,0,1,0,1,0,0,0,0,0,1,1,0,0,0,0,0,0,0,0,0,0,0,0,0,0,0,0,0,0,0,0,0,8,0,39.9576,-75.1493, ,Philadelphia
4944,68635,2017060577,6,67,67301,2017,5,5,9999,99,1,1,8,8,1, , ,N,3,9,0,3,0,1,2,2,N,N,40 02:02.659,75 08:25.213,2106, ,2046, ,0, ,N, ,9, , , , , , , , , ,1,0,0,0,0,0,0,0,0,0,0,1,1,0,0,0,0,0,0,0,0,0,0,0,0,0,0,0,0,0,0,0,1,0,0,4,0,40.0341,-75.1403, ,Philadelphia
4945,68644,2017060657,6,67,67301,2017,5,3,1630,16,1,1,0,8,6, , ,N,0,0,0,3,0,1,2,3,N,N,39 57:15.535,75 08:58.527,1640, ,1636, ,0, ,N, ,0, , , , , , , , , ,2,0,0,0,0,0,2,0,0,0,0,1,1,0,0,0,0,0,0,0,0,0,0,1,0,0,0,0,0,0,0,0,1,0,0,4,0,39.9542,-75.1496, ,Philadelphia
4946,68653,2017087617,6,67,67301,2017,8,5,226,2,3,1,0,1,1, , ,N,0,0,0,3,0,0,2,2,N,N,39 59:10.360,75 05:32.981,239, ,228, ,0, , , ,0, , , , , , , , , ,2,1,0,0,0,0,1,0,0,0,0,0,0,0,0,0,0,0,0,0,1,0,0,0,0,0,0,0,0,0,0,0,0,0,0,0,0,39.9862,-75.0925, ,Philadelphia
4947,68665,2017120659,6,67,67301,2017,10,4,744,7,1,1,0,4,1, , ,N,1,0,0,3,0,2,2,2,N, ,40 01:50.207,75 12:25.116,750, ,744, ,0, , , ,0, , , , , , , , , ,2,1,0,0,0,0,1,0,0,0,2,0,2,0,0,0,0,0,0,0,0,0,0,0,0,0,0,0,0,0,0,0,0,0,0,3,0,40.0306,-75.207, ,Philadelphia
4948,68679,2017109914,6,67,67301,2017,10,7,910,9,1,1,0,8,1, , ,N,1,2,0,3,0,1,2,2,N, ,39 56:02.162,75 08:53.318,921, ,919, ,0, , , ,3, , , , , , , , , ,1,0,0,0,0,0,1,0,0,0,0,1,1,0,0,0,0,0,0,0,0,0,0,0,0,0,0,0,0,0,0,0,1,0,0,4,0,39.9339,-75.1481, ,Philadelphia
4949,68689,2017067804,6,67,67301,2017,4,4,55,0,3,1,0,1,6, , ,N,0,0,0,3,0,0,1,4,N,N,40 01:51.741,75 04:23.577,57, ,55, ,0, , , ,0, , , , , , , , , ,4,1,0,1,1,0,0,1,0,0,0,0,0,0,0,0,0,0,0,0,0,0,0,1,0,0,0,0,0,0,0,0,0,0,0,0,1,40.031,-75.0732, ,Philadelphia
4950,68700,2017071794,6,67,67301,2017,6,2,455,4,5,1,0,5,6, , ,N,0,0,0,3,0,1,1,2,N,N,39 56:30.937,75 10:08.896,502, ,458,2,2,1,N, ,0,Y, , , , , , , , ,2,1,0,0,0,0,0,1,0,0,0,1,1,0,0,0,0,0,0,0,0,0,0,0,0,0,0,0,0,0,0,0,0,0,0,4,0,39.9419,-75.1691, ,Philadelphia