objectid_1,objectid,crn,district,county,municipality,crash_year,crash_month,day_of_week,time_of_day,hour_of_day,illumination,weather,road_condition,collision_type,relation_to_road,work_zone_type,work_zone_loc,work_zone_ind,intersect_type,tcd_type,location_type,urban_rural,fatal_count,injury_count,person_count,total_units,sch_bus_ind,sch_zone_ind,latitude,longitude,arrival_tm,cons_zone_spd_lim,dispatch_tm,est_hrs_closed,lane_closed,ln_close_dir,ntfy_hiwy_maint,spec_juris_cd,tcd_func_cd,tfc_detour_ind,workers_pres,wz_close_detour,wz_flagger,wz_law_offcr_ind,wz_ln_closure,wz_moving,wz_other,wz_shlder_mdn,vehicle_count,automobile_count,motorcycle_count,bus_count,small_truck_count,heavy_truck_count,suv_count,van_count,bicycle_count,maj_inj_count,mod_inj_count,min_inj_count,tot_inj_count,unk_inj_deg_count,unk_inj_per_count,driver_count_16yr,driver_count_17yr,driver_count_18yr,driver_count_19yr,driver_count_20yr,driver_count_50_64yr,driver_count_65_74yr,driver_count_75plus,unbelted_occ_count,unb_death_count,unb_maj_inj_count,belted_death_count,belted_maj_inj_count,mcycle_death_count,mcycle_maj_inj_count,bicycle_death_count,bicycle_maj_inj_count,ped_count,ped_death_count,ped_maj_inj_count,max_severity_level,comm_veh_count,dec_lat,dec_long,rdwy_surf_type_cd,county_name
5147,75534,2017087118,6,67,67301,2017,7,7,123,1,3,2,1,5,1, , ,N,0,0,0,3,0,0,2,2,N,N,40 02:44.026,75 00:06.201,129, ,125,2,1,1, , ,0,N, , , , , , , , ,2,2,0,0,0,0,0,0,0,0,0,0,0,0,0,0,0,0,0,0,0,0,0,0,0,0,0,0,0,0,0,0,0,0,0,0,0,40.0456,-75.0017, ,Philadelphia
5148,75540,2017078712,6,67,67301,2017,7,7,648,6,1,1,0,7,4, , ,N,0,0,2,3,0,0,1,3,N,N,40 00:33.930,75 04:02.293,735, ,721, ,0, ,N, ,0, , , , , , , , , ,3,2,0,0,0,0,0,1,0,0,0,0,0,0,1,0,0,0,0,0,0,0,0,0,0,0,0,0,0,0,0,0,0,0,0,9,0,40.0094,-75.0673, ,Philadelphia
5149,69080,2017067736,6,67,67301,2017,5,1,1304,13,1,1,0,4,1, , ,N,1,2,0,3,0,1,3,2,N, ,40 03:42.317,75 03:21.839,1310, ,1310, ,0, , , ,3, , , , , , , , , ,2,1,0,0,0,0,1,0,0,0,0,0,1,1,0,0,0,0,0,0,1,0,0,0,0,0,0,0,0,0,0,0,0,0,0,8,0,40.0618,-75.0561, ,Philadelphia
5150,69081,2017067905,6,67,67301,2017,6,5,742,7,1,1,0,1,1, , ,N,1,2,0,3,0,2,2,2,N,N,39 58:28.437,75 11:00.481,851, ,851, ,0, ,N, ,3, , , , , , , , , ,2,1,0,0,0,0,1,0,0,0,0,2,2,0,0,0,0,0,0,0,1,0,0,0,0,0,0,0,0,0,0,0,0,0,0,4,0,39.9746,-75.1835, ,Philadelphia
5151,69098,2017080728,6,67,67301,2017,6,7,653,6,1,2,1,7,4, , ,N,0,0,0,3,0,1,1,1,N,N,39 56:55.724,75 08:31.117,709, ,709, ,0, , , ,0, , , , , , , , , ,1,1,0,0,0,0,0,0,0,0,1,0,1,0,0,0,0,0,0,0,0,0,0,0,0,0,0,0,0,0,0,0,0,0,0,3,0,39.9488,-75.142, ,Philadelphia
5152,69118,2017060564,6,67,67301,2017,5,5,720,7,1,1,0,5,1, , ,N,0,0,0,3,0,1,2,2,N,N,40 03:12.226,75 11:10.301,1119, ,1119, ,0, ,N, ,0, , , , , , , , , ,2,1,0,1,0,0,0,0,0,0,0,1,1,0,1,0,0,0,0,0,0,0,0,0,0,0,0,0,0,0,0,0,0,0,0,4,1,40.0534,-75.1862, ,Philadelphia
5153,69129,2017086786,6,67,67301,2017,4,6,2010,20,3,1,0,8,1, , ,N,0,0,0,3,0,1,2,2,N,N,40 02:18.981,75 07:14.221,2105, ,2014,3,2,2, , ,0,Y, , , , , , , , ,1,1,0,0,0,0,0,0,0,1,0,0,1,0,0,0,0,0,0,0,1,0,0,0,0,0,0,0,0,0,0,0,1,0,1,2,0,40.0386,-75.1206, ,Philadelphia
5154,69149,2017116123,6,67,67301,2017,10,6,319,3,3,1,0,4,1, , ,N,1,2,0,3,0,0,2,2,N, ,39 57:29.061,75 09:44.627,359, ,321, ,0, , , ,3, , , , , , , , , ,2,1,0,0,0,0,1,0,0,0,0,0,0,0,0,0,0,0,0,0,0,0,0,1,0,0,0,0,0,0,0,0,0,0,0,0,0,39.9579,-75.1623, ,Philadelphia
5155,69156,2017120743,6,67,67301,2017,10,4,1930,19,2,2,1,1,1, , ,N,0,0,0,3,0,1,3,2,N,N,39 58:28.937,75 07:04.479,2040, ,2004, ,0, ,N, ,0, , , , , , , , , ,2,0,0,0,2,0,0,0,0,0,0,1,1,0,0,0,0,0,0,0,0,0,0,0,0,0,0,0,0,0,0,0,0,0,0,4,0,39.9747,-75.1179, ,Philadelphia
5156,69163,2017105907,6,67,67301,2017,9,2,1222,12,1,1,0,4,1, , ,N,2,2,0,3,0,1,2,2,N, ,39 54:32.712,75 14:31.675,1226, ,1226,1,1,1, , ,3,Y, , , , , , , , ,2,2,0,0,0,0,0,0,0,0,0,1,1,0,0,0,0,0,0,0,0,1,0,0,0,0,0,0,0,0,0,0,0,0,0,4,0,39.909,-75.2419, ,Philadelphia
5157,69182,2017068074,6,67,67301,2017,6,3,840,8,1,1,0,5,1, , ,N,0,0,0,3,0,1,2,2,N,N,39 57:53.487,75 10:37.326,923, ,916, ,0, , , ,0, , , , , , , , , ,1,0,0,0,1,0,0,0,1,0,0,1,1,0,0,0,0,0,0,0,1,0,0,1,0,0,0,0,0,0,0,0,0,0,0,4,0,39.9649,-75.177, ,Philadelphia
5158,69200,2017088856,6,67,67301,2017,8,2,706,7,1,2,1,7,3, , ,N,0,0,3,3,0,0,3,3,N,N,39 53:52.467,75 12:40.400,716, ,713,1,2,3,N, ,0,N, , , , , , , , ,3,1,0,0,1,0,1,0,0,0,0,0,0,0,0,0,0,0,0,0,1,0,0,0,0,0,0,0,0,0,0,0,0,0,0,0,0,39.8996,-75.2074, ,Philadelphia
5159,69201,2017088317,6,67,67301,2017,7,3,930,9,1,1,0,5,6, , ,N,0,0,0,3,0,0,1,4,N,N,39 57:46.575,75 09:30.116,939, ,939, ,0, ,N, ,0, , , , , , , , , ,4,2,0,0,0,0,2,0,0,0,0,0,0,0,1,0,0,0,0,0,1,0,0,0,0,0,0,0,0,0,0,0,0,0,0,9,0,39.9629,-75.1584, ,Philadelphia
5160,69204,2017116063,6,67,67301,2017,10,4,1112,11,1,1,0,1,1, , ,N,2,2,0,3,0,1,2,2,N, ,40 02:42.082,75 00:28.635,1144, ,1140, ,0, , , ,3, , , , , , , , , ,2,1,0,0,0,1,0,0,0,0,0,1,1,0,0,0,0,0,0,0,0,1,0,1,0,0,0,0,0,0,0,0,0,0,0,4,0,40.045,-75.008, ,Philadelphia
5161,69211,2017106096,6,67,67301,2017,10,1,1112,11,1,2,1,1,1, , ,N,0,0,0,3,0,0,2,2,N,N,39 53:59.537,75 09:42.251,1125, ,1114, ,0, , , ,0, , , , , , , , , ,2,2,0,0,0,0,0,0,0,0,0,0,0,0,0,0,0,0,0,0,1,0,0,0,0,0,0,0,0,0,0,0,0,0,0,0,0,39.8999,-75.1617, ,Philadelphia
5162,69212,2017096590,6,67,67301,2017,8,2,2035,20,3,1,0,4,1, , ,N,1,2,0,3,0,2,4,2,N,N,40 02:25.164,75 03:30.735,2040, ,2038,9,1,1,N, ,3,N, , , , , , , , ,2,2,0,0,0,0,0,0,0,0,1,1,2,0,0,0,0,0,0,0,1,0,0,0,0,0,0,0,0,0,0,0,0,0,0,3,0,40.0403,-75.0585, ,Philadelphia
5163,69265,2017067899,6,67,67301,2017,6,5,2218,22,3,1,0,4,1, , ,N,1,2,0,3,0,1,2,2,N,N,39 57:34.089,75 09:43.114,2222, ,2220, ,0, ,N, ,3, , , , , , , , , ,1,1,0,0,0,0,0,0,1,0,0,0,1,1,0,0,0,0,0,0,0,0,0,1,0,0,0,0,0,0,0,0,0,0,0,8,0,39.9595,-75.162, ,Philadelphia
5164,69269,2017078884,6,67,67301,2017,7,1,945,9,1,1,0,8,1, , ,N,1,2,0,3,0,1,2,2,N,N,39 56:53.519,75 09:51.947,1000, ,952, ,0, ,N, ,3, , , , , , , , , ,1,0,0,0,0,0,1,0,0,1,0,0,1,0,0,0,0,0,0,0,0,0,0,1,0,0,0,0,0,0,0,0,1,0,1,2,0,39.9482,-75.1644, ,Philadelphia
5165,69272,2017078893,6,67,67301,2017,6,2,1705,17,2,2,1,7,4, , ,N,0,0,0,3,0,1,1,1,N,N,40 01:45.970,75 06:04.074,1713, ,1708, ,0, ,N, ,0, , , , , , , , , ,1,1,0,0,0,0,0,0,0,0,1,0,1,0,0,0,0,0,0,0,0,0,0,0,0,0,0,0,0,0,0,0,0,0,0,3,0,40.0294,-75.1011, ,Philadelphia
5166,69290,2017109981,6,67,67301,2017,10,1,1500,15,1,1,0,4,1, , ,N,2,3,0,3,0,1,2,2,N,N,39 59:48.814,75 08:48.821,1610, ,1600, ,0, , , ,3, , , , , , , , , ,1,1,0,0,0,0,0,0,1,0,0,1,1,0,0,0,0,0,0,0,0,0,0,1,0,0,0,0,0,0,0,0,0,0,0,4,0,39.9969,-75.1469, ,Philadelphia
5167,71950,2017084691,6,67,67301,2017,8,6,1628,16,1,1,0,4,1, , ,N,0,0,0,3,0,1,2,2,N,N,39 55:54.543,75 08:43.754,1628, ,1628, ,0, , , ,0, , , , , , , , , ,2,0,0,0,0,0,2,0,0,0,1,0,1,0,0,0,0,0,0,0,0,0,0,0,0,0,0,0,0,0,0,0,0,0,0,3,0,39.9318,-75.1455, ,Philadelphia
5168,71971,2017055652,6,67,67301,2017,5,5,1240,12,1,1,0,1,1, , ,N,0,0,0,3,0,1,2,2,N,N,40 02:57.125,75 00:42.694,1250, ,1245, ,0, ,N, ,0, , , , , , , , , ,2,0,0,0,1,0,1,0,0,0,0,1,1,0,0,0,0,0,0,0,1,0,0,0,0,0,0,0,0,0,0,0,0,0,0,4,0,40.0492,-75.0119, ,Philadelphia
5169,71987,2017091177,6,67,67301,2017,8,1,250,2,3,1,0,5,6, , ,N,0,0,0,3,0,0,1,2,N, ,40 03:58.258,75 10:37.303,255, ,255,2,2,5, , ,0,Y, , , , , , , , ,2,0,0,0,0,1,1,0,0,0,0,0,0,0,0,0,0,0,0,0,0,0,0,0,0,0,0,0,0,0,0,0,0,0,0,0,1,40.0662,-75.177, ,Philadelphia
5170,72014,2017052352,6,67,67301,2017,5,3,1724,17,1,1,0,4,1, , ,N,1,2,0,3,0,2,6,2,N,N,40 03:04.072,75 07:07.054,1736, ,1732,2,1,6, , ,3,N, , , , , , , , ,2,0,0,0,0,0,1,1,0,0,0,0,2,2,4,0,0,0,1,0,1,0,0,0,0,0,0,0,0,0,0,0,0,0,0,8,0,40.0521,-75.1204, ,Philadelphia
5171,72033,2017086748,6,67,67301,2017,4,7,153,1,3,1,0,4,1, , ,N,1,3,0,3,0,1,1,2,N, ,40 01:16.010,75 08:01.881,158, ,155, ,0, , , ,3, , , , , , , , , ,2,1,0,0,0,0,1,0,0,0,0,1,1,0,0,0,0,0,0,0,0,0,0,0,0,0,0,0,0,0,0,0,0,0,0,4,0,40.0211,-75.1339, ,Philadelphia
5172,72039,2017082007,6,67,67301,2017,7,4,1559,15,1,1,0,1,1, , ,N,0,0,0,3,0,4,5,2,N,N,39 57:25.089,75 09:09.518,1627, ,1619, ,0, , , ,0, , , , , , , , , ,2,2,0,0,0,0,0,0,0,0,4,0,4,0,0,0,0,0,0,0,0,0,0,0,0,0,0,0,0,0,0,0,0,0,0,3,0,39.957,-75.1526, ,Philadelphia
5173,72050,2017086891,6,67,67301,2017,6,7,1535,15,1,1,0,4,1, , ,N,5,2,0,3,0,1,2,2,N,N,40 01:26.928,75 07:59.539,1602, ,1546,1,1,4,N, ,3,N, , , , , , , , ,2,1,0,0,0,0,1,0,0,0,0,1,1,0,0,0,0,0,0,1,1,0,0,0,0,0,0,0,0,0,0,0,0,0,0,4,0,40.0242,-75.1331, ,Philadelphia
5174,72052,2017109755,6,67,67301,2017,9,2,9999,99,1,1,0,4,1, , ,N,1,2,0,3,0,7,7,3,N,N,40 01:37.274,75 04:32.136,653, ,653,2,1,1, , ,3,N, , , , , , , , ,3,0,0,1,1,0,1,0,0,0,3,2,7,2,0,0,0,0,0,0,0,0,0,0,0,0,0,0,0,0,0,0,0,0,0,3,1,40.027,-75.0755, ,Philadelphia
5175,72104,2017085049,6,67,67301,2017,8,7,312,3,3,2,1,7,4, , ,N,0,0,2,3,0,0,2,1,N,N,39 57:20.075,75 08:53.536,312, ,312,2,1,4,N, ,0,N, , , , , , , , ,1,1,0,0,0,0,0,0,0,0,0,0,0,0,1,0,0,0,0,0,0,0,0,0,0,0,0,0,0,0,0,0,0,0,0,9,0,39.9557,-75.1483, ,Philadelphia
5176,72135,2017086095,6,67,67301,2017,7,4,1405,14,1,1,0,1,1, , ,N,0,0,0,3,0,2,5,5,N, ,40 00:39.900,75 10:59.706,1410, ,1410, ,0, , , ,0, , , , , , , , , ,5,3,0,0,0,0,0,2,0,0,0,1,2,1,0,0,0,0,0,0,2,0,0,0,0,0,0,0,0,0,0,0,0,0,0,4,0,40.0111,-75.1833, ,Philadelphia
5177,72170,2017078875,6,67,67301,2017,7,6,1040,10,1,2,1,4,1, , ,N,1,3,0,3,0,1,5,2,N,N,40 03:08.305,75 12:05.258,1058, ,1046,1,1,4, , ,3,N, , , , , , , , ,2,0,0,0,1,0,1,0,0,0,0,1,1,0,0,0,0,0,0,0,1,0,0,0,0,0,0,0,0,0,0,0,0,0,0,4,0,40.0523,-75.2015, ,Philadelphia
5178,72174,2017086317,6,67,67301,2017,7,5,1752,17,1,1,0,4,1, , ,N,1,2,0,3,0,2,2,2,N,N,40 03:15.541,75 04:17.098,1759, ,1752,2,1,1, , ,3,N, , , , , , , , ,2,1,0,0,0,0,1,0,0,0,0,2,2,0,0,0,0,0,0,0,1,0,0,0,0,0,0,0,0,0,0,0,0,0,0,4,0,40.0544,-75.0717, ,Philadelphia
5179,72177,2017097913,6,67,67301,2017,9,3,1048,10,1,1,0,4,1, , ,N,1,2,0,3,0,1,2,2,N, ,40 01:08.120,75 02:58.217,1101, ,1057, ,0, , , ,3, , , , , , , , , ,2,0,0,0,0,0,2,0,0,0,0,1,1,0,0,0,0,0,0,0,0,0,0,1,0,0,0,0,0,0,0,0,0,0,0,4,0,40.0189,-75.0495, ,Philadelphia
5180,72184,2017116120,6,67,67301,2017,10,6,835,8,1,1,0,1,1, , ,N,0,0,0,3,0,1,3,2,N,N,39 59:44.217,75 08:28.975,844, ,837, ,0, , , ,0, , , , , , , , , ,2,1,0,0,0,0,1,0,0,0,0,1,1,0,0,0,0,0,0,0,0,0,0,1,0,0,0,0,0,0,0,0,0,0,0,4,0,39.9956,-75.1414, ,Philadelphia
5181,72186,2017097911,6,67,67301,2017,9,4,2048,20,3,2,1,8,1, , ,N,1,2,0,3,0,1,2,2,N,N,40 02:43.799,75 09:53.518,2106, ,2101, ,0, ,N, ,3, , , , , , , , , ,1,0,0,0,0,1,0,0,0,0,0,0,1,1,0,0,0,0,0,0,1,0,0,1,0,0,0,0,0,0,0,0,1,0,0,8,1,40.0455,-75.1649, ,Philadelphia
5182,72189,2017100761,6,67,67301,2017,9,7,1418,14,1,1,0,1,1, , ,N,0,0,0,3,0,0,8,3,N,N,39 57:28.113,75 09:43.366,1516, ,1500, ,0, , , ,0, , , , , , , , , ,3,3,0,0,0,0,0,0,0,0,0,0,0,0,0,0,0,1,1,0,0,0,0,0,0,0,0,0,0,0,0,0,0,0,0,0,0,39.9578,-75.162, ,Philadelphia
5183,72194,2017128090,6,67,67301,2017,11,7,1730,17,3,2,1,8,1, , ,N,2,2,0,3,0,2,3,3,N, ,40 02:55.898,75 00:44.231,1734, ,1732, ,0, ,N, ,3, , , , , , , , , ,1,0,0,0,0,0,0,0,0,0,0,2,2,0,0,0,0,0,0,0,0,0,0,0,0,0,0,0,0,0,0,0,2,0,0,4,0,40.0489,-75.0123, ,Philadelphia
5184,72209,2017067701,6,67,67301,2017,4,4,1356,13,1,1,0,4,1, , ,N,1,2,0,3,0,2,5,3,N,N,39 59:18.584,75 06:22.955,1358, ,1356, ,0, ,N, ,3, , , , , , , , , ,2,1,0,1,0,0,0,0,0,0,1,1,2,0,0,0,0,0,0,0,1,0,0,0,0,0,0,0,0,0,0,0,1,0,0,3,1,39.9885,-75.1064, ,Philadelphia
5185,78295,2017086693,6,67,67301,2017,3,7,9999,99,3,1,0,1,1, , ,N,0,0,1,3,0,2,4,2,N, ,40 01:10.200,75 08:49.700,1758, ,1746, ,0, , , ,0, , , , , , , , , ,2,2,0,0,0,0,0,0,0,0,1,1,2,0,2,0,0,0,0,0,0,0,0,0,0,0,0,0,0,0,0,0,0,0,0,3,0,40.0195,-75.1472, ,Philadelphia
5186,78327,2017058374,6,67,67301,2017,5,2,1245,12,1,1,0,4,1, , ,N,2,0,0,3,0,1,3,3,N,N,40 01:32.502,75 12:09.049,1252, ,1252,2,1,2,N, ,0,N, , , , , , , , ,3,1,0,0,0,0,2,0,0,0,0,1,1,0,0,0,0,0,0,0,1,0,0,2,0,0,0,0,0,0,0,0,0,0,0,4,0,40.0257,-75.2025, ,Philadelphia
5187,78333,2017076165,6,67,67301,2017,6,2,1531,15,1,1,0,1,1, , ,N,0,2,0,3,0,1,2,2,N,N,39 57:27.580,75 11:51.646,1532, ,1531,9,1,1, , ,3,N, , , , , , , , ,2,1,0,0,1,0,0,0,0,0,0,1,1,0,0,0,0,0,0,0,0,0,0,0,0,0,0,0,0,0,0,0,0,0,0,4,0,39.9577,-75.1977, ,Philadelphia
5188,78337,2017111567,6,67,67301,2017,10,1,1358,13,1,1,0,1,1, , ,N,0,0,0,3,0,1,3,3,N,N,40 02:56.658,75 11:01.818,1510, ,1502, ,0, , , ,0, , , , , , , , , ,3,2,0,0,0,0,1,0,0,0,0,0,1,1,0,0,0,0,0,0,2,1,0,0,0,0,0,0,0,0,0,0,0,0,0,8,0,40.0491,-75.1838, ,Philadelphia
5189,78339,2017107959,6,67,67301,2017,8,1,315,3,3,1,0,5,6, , ,N,0,0,0,3,0,0,1,12,N,N,40 02:11.050,75 04:42.675,330, ,322, ,0, ,N, ,0, , , , , , , , , ,12,5,0,0,3,0,4,0,0,0,0,0,0,0,0,0,0,0,0,0,0,0,0,0,0,0,0,0,0,0,0,0,0,0,0,0,0,40.0364,-75.0785, ,Philadelphia
5190,78355,2017096498,6,67,67301,2017,8,3,1605,16,1,2,1,4,1, , ,N,1,3,0,3,0,3,3,2,N,N,40 03:18.216,75 08:05.182,1842, ,1637, ,0, , , ,3, , , , , , , , , ,2,1,0,0,0,0,1,0,0,0,1,2,3,0,0,0,0,0,0,0,1,0,0,0,0,0,0,0,0,0,0,0,0,0,0,3,0,40.0551,-75.1348, ,Philadelphia
5191,78365,2017130642,6,67,67301,2017,11,2,2340,23,3,1,0,4,1, , ,N,1,2,0,3,0,1,2,2,N,N,40 04:11.899,75 09:25.794,2359, ,2353,9,1,2,N, ,3,N, , , , , , , , ,2,1,0,0,0,0,1,0,0,0,0,1,1,0,0,0,0,0,0,0,1,0,0,0,0,0,0,0,0,0,0,0,0,0,0,4,0,40.07,-75.1572, ,Philadelphia
5192,78370,2017060818,6,67,67301,2017,6,3,1645,16,1,1,0,1,1, , ,N,1,2,0,3,0,2,5,3,N,N,39 59:16.443,75 09:21.278,1653, ,1653,2,1,2,N, ,3,Y, , , , , , , , ,3,2,0,0,0,0,1,0,0,0,0,0,2,2,1,0,0,0,0,0,2,0,0,0,0,0,0,0,0,0,0,0,0,0,0,8,0,39.9879,-75.1558, ,Philadelphia
5193,78382,2017057889,6,67,67301,2017,6,6,1624,16,1,1,0,1,1, , ,N,0,0,0,3,0,0,2,2,N,N,39 53:56.489,75 10:25.157,1642, ,1624, ,0, , , ,0, , , , , , , , , ,2,1,0,0,0,0,1,0,0,0,0,0,0,0,0,0,0,0,0,0,1,0,0,0,0,0,0,0,0,0,0,0,0,0,0,0,0,39.899,-75.1737, ,Philadelphia
5194,78404,2017116130,6,67,67301,2017,10,1,1827,18,3,1,0,1,1, , ,N,5,2,0,3,0,1,2,2,N, ,40 01:54.336,75 06:32.601,1908, ,1858,1,1,2, , ,3,N, , , , , , , , ,2,2,0,0,0,0,0,0,0,0,0,1,1,0,1,0,0,0,0,0,0,0,0,0,0,0,0,0,0,0,0,0,0,0,0,4,0,40.0318,-75.1091, ,Philadelphia
5195,78413,2017091845,6,67,67301,2017,8,1,300,3,3,1,0,4,1, , ,N,1,2,0,3,0,1,5,4,N,N,40 02:44.703,75 04:05.879,306, ,300,1,2,7,N, ,3,Y, , , , , , , , ,4,1,0,0,1,0,1,1,0,0,0,0,1,1,2,0,0,0,0,0,0,0,0,0,0,0,0,0,0,0,0,0,0,0,0,8,0,40.0458,-75.0683, ,Philadelphia
5196,78414,2017091827,6,67,67301,2017,8,1,30,0,6,9,8,4,1, , ,N,1,2,0,3,0,2,4,2,N, ,39 59:08.960,75 10:51.665,1131, ,1123, ,0, , , ,3, , , , , , , , , ,2,1,0,0,0,0,1,0,0,0,0,0,2,2,0,0,0,0,0,0,1,0,0,2,0,0,0,0,0,0,0,0,0,0,0,8,0,39.9858,-75.181, ,Philadelphia
5197,78415,2017086141,6,67,67301,2017,7,1,139,1,3,1,0,5,1, , ,N,0,0,0,3,0,0,3,3,N,N,40 02:13.427,75 08:07.335,142, ,142, ,0, ,N, ,0, , , , , , , , , ,3,2,0,0,1,0,0,0,0,0,0,0,0,0,1,0,0,0,0,0,1,0,0,0,0,0,0,0,0,0,0,0,0,0,0,9,0,40.0371,-75.1354, ,Philadelphia
5198,78418,2017055665,6,67,67301,2017,5,6,2141,21,3,2,1,6,1, , ,N,0,0,0,3,0,1,3,3,N,N,40 07:50.110,75 00:59.765,2146, ,2143, ,0, ,N, ,0, , , , , , , , , ,3,3,0,0,0,0,0,0,0,0,0,1,1,0,0,0,0,0,0,0,0,0,0,3,0,0,0,0,0,0,0,0,0,0,0,4,0,40.1306,-75.0166, ,Philadelphia
5199,78424,2017055625,6,67,67301,2017,5,2,1640,16,1,1,0,4,1, , ,N,1,2,0,3,0,1,2,2,N,N,40 03:50.605,75 14:22.984,1650, ,1645, ,0, ,N, ,3, , , , , , , , , ,2,2,0,0,0,0,0,0,0,0,0,0,1,1,0,0,0,0,0,0,1,0,0,1,0,0,0,0,0,0,0,0,0,0,0,8,0,40.0645,-75.2397, ,Philadelphia
5200,78433,2017083426,6,67,67301,2017,6,6,1042,10,1,2,1,1,1, , ,N,0,0,0,3,0,0,2,2,N,N,40 00:27.437,75 12:05.147,1051, ,1042,1,2,3, , ,0,N, , , , , , , , ,2,2,0,0,0,0,0,0,0,0,0,0,0,0,0,0,0,0,0,0,1,0,0,0,0,0,0,0,0,0,0,0,0,0,0,0,0,40.0076,-75.2014, ,Philadelphia
5201,78443,2017120521,6,67,67301,2017,10,2,720,7,1,1,0,4,1, , ,N,2,3,0,3,0,0,3,2,N, ,40 04:36.694,74 58:43.813,741, ,726,1,1,2, , ,3,N, , , , , , , , ,2,1,0,0,0,0,1,0,0,0,0,0,0,0,0,0,1,0,0,0,0,1,0,0,0,0,0,0,0,0,0,0,0,0,0,0,0,40.0768,-74.9787, ,Philadelphia
5202,78460,2017119566,6,67,67301,2017,11,2,1157,11,1,1,0,2,1, , ,N,0,0,0,3,0,2,2,2,Y,N,39 58:52.353,75 05:10.323,1220, ,1206,4,2,5,N, ,0,Y, , , , , , , , ,2,1,0,1,0,0,0,0,0,1,0,0,2,1,0,0,0,0,0,0,0,0,0,0,0,0,0,0,0,0,0,0,0,0,0,2,1,39.9812,-75.0862, ,Philadelphia
5203,75576,2017096502,6,67,67301,2017,8,4,1824,18,1,1,0,8,1, , ,N,0,0,0,3,0,1,2,2,N,N,40 01:17.101,75 09:31.379,1842, ,1824, ,0, ,N, ,0, , , , , , , , , ,1,1,0,0,0,0,0,0,0,0,0,1,1,0,0,0,0,0,0,0,1,0,0,1,0,0,0,0,0,0,0,0,1,0,0,4,0,40.0214,-75.1587, ,Philadelphia
5204,75610,2017086264,6,67,67301,2017,7,6,1455,14,1,1,0,4,1, , ,N,0,0,7,3,0,2,4,2,N,N,40 01:51.097,75 06:15.904,1507, ,1501, ,0, ,N, ,0, , , , , , , , , ,2,1,0,0,0,0,1,0,0,0,0,2,2,0,1,0,0,0,0,0,0,0,0,0,0,0,0,0,0,0,0,0,0,0,0,4,0,40.0309,-75.1045, ,Philadelphia
5205,75621,2017096559,6,67,67301,2017,8,4,2125,21,3,1,0,1,1, , ,N,1,2,0,3,0,2,2,2,N,N,39 56:16.313,75 10:00.515,2133, ,2130,2,1,1,N, ,3,N, , , , , , , , ,2,1,0,0,0,0,0,1,0,0,0,2,2,0,0,0,0,0,0,0,0,0,0,0,0,0,0,0,0,0,0,0,0,0,0,4,0,39.9379,-75.1667, ,Philadelphia
5206,75622,2017096587,6,67,67301,2017,8,4,2130,21,3,1,1,1,1, , ,N,1,3,0,3,0,1,2,2,N,N,40 01:43.873,75 05:09.302,2140, ,2135, ,0, ,N, ,3, , , , , , , , , ,2,2,0,0,0,0,0,0,0,0,0,1,1,0,0,0,0,0,0,0,0,0,0,1,0,0,0,0,0,0,0,0,0,0,0,4,0,40.0289,-75.0859, ,Philadelphia
5207,75637,2017066441,6,67,67301,2017,6,1,141,1,3,1,0,7,2, , ,N,0,0,0,3,0,0,1,1,N,N,39 56:31.971,75 08:35.799,145, ,142,2,1,2, , ,0,N, , , , , , , , ,1,0,0,0,0,0,0,1,0,0,0,0,0,0,0,0,0,0,0,0,0,0,0,0,0,0,0,0,0,0,0,0,0,0,0,0,0,39.9422,-75.1433, ,Philadelphia
5208,75654,2017086674,6,67,67301,2017,3,6,1345,13,1,1,1,8,6, , ,N,0,0,0,3,0,1,3,2,N,N,39 57:03.790,75 10:38.274,1355, ,1351, ,0, ,N, ,0, , , , , , , , , ,1,0,0,0,0,0,0,1,0,0,1,0,1,0,0,0,0,1,0,0,0,0,0,0,0,0,0,0,0,0,0,0,1,0,0,3,0,39.9511,-75.1773, ,Philadelphia
5209,75659,2017097820,6,67,67301,2017,7,3,1811,18,1,1,0,8,1, , ,N,0,0,0,3,0,1,2,2,N,N,39 58:06.717,75 14:17.035,1820, ,1815, ,0, ,N, ,0, , , , , , , , , ,1,1,0,0,0,0,0,0,0,0,1,0,1,0,0,0,0,0,0,0,0,0,0,0,0,0,0,0,0,0,0,0,1,0,0,3,0,39.9685,-75.2381, ,Philadelphia
5210,75664,2017086236,6,67,67301,2017,7,4,900,9,1,9,0,4,1, , ,N,3,3,2,3,0,3,4,2,N, ,39 59:11.983,75 12:29.919,900, ,1408, ,0, ,N, ,3, , , , , , , , , ,2,2,0,0,0,0,0,0,0,0,0,0,3,3,1,0,0,0,0,0,0,0,0,0,0,0,0,0,0,0,0,0,0,0,0,8,0,39.9867,-75.2076, ,Philadelphia
5211,75667,2017120686,6,67,67301,2017,10,2,2052,20,3,1,0,4,1, , ,N,2,0,0,3,0,2,2,2,N,N,40 03:05.812,75 13:30.735,2055, ,2052, ,0, ,N, ,0, , , , , , , , , ,2,2,0,0,0,0,0,0,0,0,0,2,2,0,0,0,0,0,0,0,0,0,0,0,0,0,0,0,0,0,0,0,0,0,0,4,0,40.0519,-75.2256, ,Philadelphia