objectid_1,objectid,crn,district,county,municipality,crash_year,crash_month,day_of_week,time_of_day,hour_of_day,illumination,weather,road_condition,collision_type,relation_to_road,work_zone_type,work_zone_loc,work_zone_ind,intersect_type,tcd_type,location_type,urban_rural,fatal_count,injury_count,person_count,total_units,sch_bus_ind,sch_zone_ind,latitude,longitude,arrival_tm,cons_zone_spd_lim,dispatch_tm,est_hrs_closed,lane_closed,ln_close_dir,ntfy_hiwy_maint,spec_juris_cd,tcd_func_cd,tfc_detour_ind,workers_pres,wz_close_detour,wz_flagger,wz_law_offcr_ind,wz_ln_closure,wz_moving,wz_other,wz_shlder_mdn,vehicle_count,automobile_count,motorcycle_count,bus_count,small_truck_count,heavy_truck_count,suv_count,van_count,bicycle_count,maj_inj_count,mod_inj_count,min_inj_count,tot_inj_count,unk_inj_deg_count,unk_inj_per_count,driver_count_16yr,driver_count_17yr,driver_count_18yr,driver_count_19yr,driver_count_20yr,driver_count_50_64yr,driver_count_65_74yr,driver_count_75plus,unbelted_occ_count,unb_death_count,unb_maj_inj_count,belted_death_count,belted_maj_inj_count,mcycle_death_count,mcycle_maj_inj_count,bicycle_death_count,bicycle_maj_inj_count,ped_count,ped_death_count,ped_maj_inj_count,max_severity_level,comm_veh_count,dec_lat,dec_long,rdwy_surf_type_cd,county_name
5277,75789,2017076172,6,67,67301,2017,6,5,2100,21,3,1,0,6,6, , ,N,0,0,0,3,0,0,1,3,N,N,39 59:48.516,75 04:28.042,5, ,1,9,1,2, , ,0,N, , , , , , , , ,3,2,0,0,1,0,0,0,0,0,0,0,0,0,0,0,0,0,0,0,0,0,0,0,0,0,0,0,0,0,0,0,0,0,0,0,0,39.9968,-75.0745, ,Philadelphia
5278,75796,2017086331,6,67,67301,2017,8,4,1830,18,4,2,1,4,1, , ,N,1,2,0,3,0,1,4,2,N, ,40 05:07.441,75 02:14.475,1850, ,1850, ,0, , , ,3, , , , , , , , , ,2,1,0,0,0,0,1,0,0,0,0,0,1,1,1,0,0,0,0,0,0,0,0,0,0,0,0,0,0,0,0,0,0,0,0,8,0,40.0854,-75.0374, ,Philadelphia
5279,75807,2017088765,6,67,67301,2017,8,6,1745,17,1,1,0,8,1, , ,N,0,0,0,3,0,1,2,2,N,N,40 00:18.671,75 09:44.469,1753, ,1748, ,0, ,N, ,0, , , , , , , , , ,1,1,0,0,0,0,0,0,0,0,0,0,1,1,0,0,0,0,0,0,0,0,0,0,0,0,0,0,0,0,0,0,1,0,0,8,0,40.0052,-75.1624, ,Philadelphia
5280,75812,2017120638,6,67,67301,2017,10,5,555,5,3,1,0,1,6, , ,N,0,0,0,3,0,1,1,2,N, ,40 02:31.946,75 01:33.311,610, ,602, ,0, ,N, ,0, , , , , , , , , ,2,0,0,0,0,0,2,0,0,0,0,0,1,1,0,0,0,0,0,0,0,1,0,0,0,0,0,0,0,0,0,0,0,0,0,8,0,40.0422,-75.0259, ,Philadelphia
5281,75813,2017113535,6,67,67301,2017,10,2,1440,14,1,1,0,1,1, , ,N,0,2,7,3,0,1,3,3,N,N,40 06:05.457,75 00:21.898,1527, ,1441,3,1,1,N, ,3,N, , , , , , , , ,3,2,0,0,0,1,0,0,0,0,1,0,1,0,0,0,0,0,0,0,2,0,0,0,0,0,0,0,0,0,0,0,0,0,0,3,1,40.1015,-75.0061, ,Philadelphia
5282,75814,2017120694,6,67,67301,2017,10,3,854,8,1,2,1,6,1, , ,N,10,0,0,3,0,1,2,2,N,N,39 58:43.342,75 05:51.613,916, ,916, ,0, , , ,0, , , , , , , , , ,2,1,0,0,0,0,1,0,0,0,0,1,1,0,0,0,0,0,0,0,1,0,0,0,0,0,0,0,0,0,0,0,0,0,0,4,0,39.9787,-75.0977, ,Philadelphia
5283,75823,2017067762,6,67,67301,2017,5,5,1220,12,1,2,1,4,1, , ,N,1,2,0,3,0,0,5,3,N,N,40 01:32.883,75 07:24.333,1235, ,1230, ,0, ,N, ,3, , , , , , , , , ,3,1,0,0,1,0,0,1,0,0,0,0,0,0,0,0,0,0,0,1,2,0,0,0,0,0,0,0,0,0,0,0,0,0,0,0,0,40.0258,-75.1235, ,Philadelphia
5284,75831,2017067784,6,67,67301,2017,5,1,0,0,3,1,0,5,6, , ,N,0,0,0,3,0,0,1,4,N,N,39 59:39.710,75 11:08.566,30, ,25, ,0, ,N, ,0, , , , , , , , , ,4,3,0,0,0,0,1,0,0,0,0,0,0,0,0,0,0,0,0,0,0,0,0,1,0,0,0,0,0,0,0,0,0,0,0,0,0,39.9944,-75.1857, ,Philadelphia
5285,75833,2017078737,6,67,67301,2017,7,3,2210,22,3,2,1,5,1, , ,N,0,0,0,3,0,1,3,3,N,N,39 58:16.847,75 08:38.518,2215, ,2210, ,0, ,N, ,0, , , , , , , , , ,2,0,0,0,1,0,1,0,0,0,0,1,1,0,0,0,0,0,0,0,0,0,0,1,0,0,0,0,0,0,0,0,1,0,0,4,0,39.9713,-75.144, ,Philadelphia
5286,75841,2017091703,6,67,67301,2017,8,6,2015,20,3,2,1,7,3, , ,N,3,2,0,3,0,0,1,1,N,N,40 01:45.775,75 11:19.654,2032, ,2032,9,1,2, , ,3,N, , , , , , , , ,1,0,0,0,0,0,0,1,0,0,0,0,0,0,0,0,0,0,0,0,0,0,0,1,0,0,0,0,0,0,0,0,0,0,0,0,0,40.0294,-75.1888, ,Philadelphia
5287,75847,2017105861,6,67,67301,2017,9,5,1238,12,1,1,0,8,1, , ,N,1,2,0,3,0,1,2,2,N,N,39 56:53.182,75 09:15.307,1242, ,1242, ,0, , , ,3, , , , , , , , , ,1,0,0,0,0,1,0,0,0,1,0,0,1,0,0,0,0,0,0,0,0,0,0,1,0,0,0,0,0,0,0,0,1,0,1,2,1,39.9481,-75.1542, ,Philadelphia
5288,75858,2017100280,6,67,67301,2017,9,6,620,6,5,1,0,1,1, , ,N,0,0,3,3,0,0,3,3, , ,40 00:25.328,75 11:35.070,648, ,627,1,1,2, , ,0,N, , , , , , , , ,3,2,0,0,0,0,1,0,0,0,0,0,0,0,1,0,0,0,0,0,1,0,0,0,0,0,0,0,0,0,0,0,0,0,0,9,0,40.007,-75.1931, ,Philadelphia
5289,75860,2017096580,6,67,67301,2017,8,4,135,1,3,1,0,1,6, , ,N,0,0,0,3,0,2,3,2,N, ,39 57:53.337,75 13:27.406,143, ,142, ,0, , , ,0, , , , , , , , , ,2,2,0,0,0,0,0,0,0,0,0,0,2,2,0,0,0,0,0,0,0,0,0,1,0,0,0,0,0,0,0,0,0,0,0,8,0,39.965,-75.2246, ,Philadelphia
5290,75897,2017088854,6,67,67301,2017,8,3,1800,18,1,1,0,4,1, , ,N,2,0,0,3,0,0,2,2,N,N,40 07:27.763,75 00:53.921,1820, ,1806,1,1,1,N, ,0,N, , , , , , , , ,2,2,0,0,0,0,0,0,0,0,0,0,0,0,0,0,0,0,0,0,1,0,0,0,0,0,0,0,0,0,0,0,0,0,0,0,0,40.1244,-75.015, ,Philadelphia
5291,75905,2017116010,6,67,67301,2017,10,5,1310,13,1,1,0,7,4, , ,N,0,0,0,3,0,1,1,1,N, ,39 59:37.312,75 09:57.992,1320, ,1312,3,2,5, , ,0,Y, , , , , , , , ,1,0,0,0,0,0,1,0,0,0,0,1,1,0,0,0,0,0,0,0,0,0,0,0,0,0,0,0,0,0,0,0,0,0,0,4,0,39.9937,-75.1661, ,Philadelphia
5292,75909,2017120716,6,67,67301,2017,10,1,1945,19,6,1,0,8,1, , ,N,1,3,0,3,0,1,2,2,N,N,39 55:26.475,75 08:52.202,2320, ,2320, ,0, , , ,3, , , , , , , , , ,1,1,0,0,0,0,0,0,0,0,0,1,1,0,0,0,0,0,0,0,0,0,0,1,0,0,0,0,0,0,0,0,1,0,0,4,0,39.924,-75.1478, ,Philadelphia
5293,69494,2017120618,6,67,67301,2017,10,5,558,5,3,1,0,4,1, , ,N,1,2,0,3,0,2,3,2,N,N,39 59:49.352,75 10:42.874,607, ,602, ,0, , , ,3, , , , , , , , , ,2,1,0,0,0,0,1,0,0,0,0,2,2,0,0,0,0,0,0,0,0,0,0,3,0,0,0,0,0,0,0,0,0,0,0,4,0,39.997,-75.1786, ,Philadelphia
5294,69512,2017067869,6,67,67301,2017,5,2,1850,18,4,1,0,8,1, , ,N,1,3,0,3,0,1,2,2,N,N,40 01:07.287,75 09:03.103,1855, ,1853, ,0, , , ,3, , , , , , , , , ,1,0,0,0,0,0,1,0,0,0,0,1,1,0,0,0,0,0,0,0,0,0,0,0,0,0,0,0,0,0,0,0,1,0,0,4,0,40.0187,-75.1509, ,Philadelphia
5295,69546,2017091175,6,67,67301,2017,8,5,1241,12,1,1,0,4,1, , ,N,0,0,0,3,0,3,8,5,N,N,40 03:48.745,75 02:32.028,1251, ,1244,3,2,2,N, ,0,Y, , , , , , , , ,5,3,0,0,0,0,1,1,0,1,0,1,3,1,1,0,1,0,0,0,1,0,0,3,0,1,0,0,0,0,0,0,0,0,0,2,0,40.0635,-75.0422, ,Philadelphia
5296,69549,2017086338,6,67,67301,2017,7,1,1400,14,1,1,0,4,1, , ,N,5,2,2,3,0,0,2,2,N,N,39 57:26.380,75 09:08.037,1410, ,1406, ,0, ,N, ,3, , , , , , , , , ,2,1,0,0,0,0,1,0,0,0,0,0,0,0,0,0,0,0,0,0,2,0,0,0,0,0,0,0,0,0,0,0,0,0,0,0,0,39.9574,-75.1522, ,Philadelphia
5297,69557,2017060563,6,67,67301,2017,5,3,1800,18,1,1,0,4,1, , ,N,1,3,0,3,0,1,2,2,N,N,40 01:04.360,75 04:50.469,1812, ,1805,2,1,3,N, ,3,N, , , , , , , , ,1,1,0,0,0,0,0,0,1,0,0,1,1,0,1,0,0,0,0,0,0,0,0,0,0,0,0,0,0,0,0,0,0,0,0,4,0,40.0179,-75.0807, ,Philadelphia
5298,69574,2017086815,6,67,67301,2017,4,1,1443,14,1,1,0,0,1, , ,N,0,0,0,3,0,1,1,1,N,N,39 59:54.454,75 08:28.114,1510, ,1502, ,0, , , ,0, , , , , , , , , ,1,0,1,0,0,0,0,0,0,0,1,0,1,0,0,0,0,0,0,0,0,0,0,0,0,0,0,0,0,0,0,0,0,0,0,3,0,39.9985,-75.1411, ,Philadelphia
5299,69578,2017043801,6,67,67301,2017,4,1,1227,12,1,1,0,4,1, , ,N,2,3,0,3,0,2,2,6,N,N,39 54:29.779,75 09:26.596,1235, ,1229, ,0, ,N, ,3, , , , , , , , , ,6,1,0,0,1,0,4,0,0,0,2,0,2,0,0,0,0,0,0,1,0,0,0,0,0,0,0,0,0,0,0,0,0,0,0,3,0,39.9083,-75.1574, ,Philadelphia
5300,69583,2017093522,6,67,67301,2017,8,1,1800,18,1,1,0,4,1, , ,N,0,0,0,3,0,1,2,2,N,N,39 55:17.103,75 08:48.309,1807, ,1804,1,2,1, , ,0,Y, , , , , , , , ,1,1,0,0,0,0,0,0,1,0,1,0,1,0,0,0,0,0,0,0,0,0,0,0,0,0,0,0,0,0,0,0,0,0,0,3,0,39.9214,-75.1467, ,Philadelphia
5301,69586,2017088893,6,67,67301,2017,8,4,2300,23,3,1,0,7,5, , ,N,5,2,0,3,0,1,1,1,N,N,40 01:06.292,75 03:49.243,2311, ,2304, ,0, ,N, ,3, , , , , , , , , ,1,0,0,0,1,0,0,0,0,0,0,1,1,0,0,0,0,0,0,0,1,0,0,0,0,0,0,0,0,0,0,0,0,0,0,4,0,40.0184,-75.0637, ,Philadelphia
5302,69606,2017067673,6,67,67301,2017,6,6,1959,19,1,1,0,8,1, , ,N,0,0,0,3,0,1,2,2,N,N,40 01:48.921,75 06:20.703,2005, ,2000,1,2,3,N, ,0,Y, , , , , , , , ,1,0,0,0,0,0,1,0,0,0,0,1,1,0,0,0,0,0,0,0,1,0,0,0,0,0,0,0,0,0,0,0,1,0,0,4,0,40.0303,-75.1058, ,Philadelphia
5303,69608,2017089495,6,67,67301,2017,8,3,2234,22,3,2,1,7,2, , ,N,0,0,0,3,0,0,1,1,N,N,39 57:35.943,75 10:46.677,2239, ,2239, ,0, , , ,0, , , , , , , , , ,1,0,0,0,0,0,1,0,0,0,0,0,0,0,0,0,0,0,0,0,0,0,0,0,0,0,0,0,0,0,0,0,0,0,0,0,0,39.96,-75.1796, ,Philadelphia
5304,69618,2017086054,6,67,67301,2017,7,6,1645,16,1,1,0,4,1, , ,N,1,1,0,3,0,1,2,2,N, ,40 00:05.796,75 07:42.898,1710, ,1700, ,0, , , ,3, , , , , , , , , ,1,1,0,0,0,0,0,0,1,0,0,0,1,1,0,0,0,0,0,0,0,0,0,1,0,0,0,0,0,0,0,0,0,0,0,8,0,40.0016,-75.1286, ,Philadelphia
5305,69621,2017086332,6,67,67301,2017,8,3,1440,14,1,1,0,4,1, , ,N,1,3,0,3,0,1,4,2,N,N,39 57:39.445,75 08:28.910,1515, ,1510, ,0, ,N, ,3, , , , , , , , , ,2,2,0,0,0,0,0,0,0,0,0,1,1,0,0,0,0,0,0,0,0,0,0,0,0,0,0,0,0,0,0,0,0,0,0,4,0,39.961,-75.1414, ,Philadelphia
5306,69625,2017097834,6,67,67301,2017,8,1,840,8,1,1,0,4,1, , ,N,0,0,0,3,0,0,2,2,N, ,39 59:12.476,75 10:21.611,845, ,845,9,1,3, , ,0,Y, , , , , , , , ,2,2,0,0,0,0,0,0,0,0,0,0,0,0,1,0,0,0,0,0,0,0,0,0,0,0,0,0,0,0,0,0,0,0,0,9,0,39.9868,-75.1727, ,Philadelphia
5307,69629,2017091759,6,67,67301,2017,8,6,1112,11,1,1,0,8,1, , ,N,0,0,0,3,0,1,2,2,N,N,39 56:50.589,75 13:30.100,1119, ,1114, ,0, ,N, ,0, , , , , , , , , ,1,0,0,0,0,0,1,0,0,0,1,0,1,0,0,0,0,0,0,0,0,0,0,1,0,0,0,0,0,0,0,0,1,0,0,3,0,39.9474,-75.225, ,Philadelphia
5308,69643,2017111037,6,67,67301,2017,9,3,726,7,3,1,0,8,1, , ,N,0,0,0,3,0,1,2,2,N, ,39 59:22.982,75 05:18.034,728, ,728, ,0, , , ,0, , , , , , , , , ,1,1,0,0,0,0,0,0,0,0,0,0,1,1,0,0,0,0,0,0,0,0,0,1,0,0,0,0,0,0,0,0,1,0,0,8,0,39.9897,-75.0883, ,Philadelphia
5309,69646,2017055576,6,67,67301,2017,4,2,1100,11,1,2,1,4,1, , ,N,1,3,0,3,0,1,2,2,N,N,40 03:19.864,75 03:42.983,1146, ,1146,2,2,2,N, ,3,Y, , , , , , , , ,2,1,0,0,0,0,1,0,0,0,0,1,1,0,0,0,0,0,0,0,0,0,0,0,0,0,0,0,0,0,0,0,0,0,0,4,0,40.0555,-75.0619, ,Philadelphia
5310,69651,2017060518,6,67,67301,2017,5,7,439,4,5,2,1,7,4, , ,N,0,0,0,3,0,0,1,1,N,N,40 07:06.488,75 00:25.070,444, ,444, ,0, ,N, ,0, , , , , , , , , ,1,1,0,0,0,0,0,0,0,0,0,0,0,0,0,0,0,0,0,0,0,0,0,0,0,0,0,0,0,0,0,0,0,0,0,0,0,40.1185,-75.007, ,Philadelphia
5311,72441,2017091748,6,67,67301,2017,8,5,1540,15,1,1,0,8,1, , ,N,1,2,0,3,0,1,2,2,N,N,40 07:24.747,75 00:55.270,1550, ,1540, ,0, ,N, ,3, , , , , , , , , ,1,0,0,0,0,1,0,0,0,0,0,1,1,0,0,0,0,0,0,0,0,0,0,0,0,0,0,0,0,0,0,0,1,0,0,4,0,40.1235,-75.0154, ,Philadelphia
5312,72447,2017076233,6,67,67301,2017,6,2,2005,20,4,2,1,4,1, , ,N,0,0,7,3,0,0,4,2,N,N,39 56:27.382,75 10:01.831,2018, ,2006, ,0, ,N, ,0, , , , , , , , , ,2,1,0,0,1,0,0,0,0,0,0,0,0,0,2,0,0,0,0,0,0,0,0,2,0,0,0,0,0,0,0,0,0,0,0,9,0,39.9409,-75.1672, ,Philadelphia
5313,72471,2017086968,6,67,67301,2017,1,3,9999,99,3,2,1,7,5, , ,N,1,2,0,3,0,0,1,1,N,N,39 59:11.810,75 10:16.442,1815, ,1812,2,2,1,N, ,3,Y, , , , , , , , ,1,0,0,0,0,0,1,0,0,0,0,0,0,0,0,0,0,0,0,0,0,0,0,0,0,0,0,0,0,0,0,0,0,0,0,0,0,39.9866,-75.1712, ,Philadelphia
5314,72475,2017086282,6,67,67301,2017,8,3,1525,15,1,1,0,4,1, , ,N,1,3,0,3,0,1,2,2,N,N,40 01:14.541,75 04:33.481,1546, ,1543, ,0, ,N, ,3, , , , , , , , , ,1,1,0,0,0,0,0,0,1,0,1,0,1,0,0,0,0,0,0,0,0,0,0,1,0,0,0,0,0,0,0,0,0,0,0,3,0,40.0207,-75.076, ,Philadelphia
5315,72487,2017109816,6,67,67301,2017,9,1,1208,12,1,1,0,8,6, , ,N,0,0,0,3,0,1,2,2,N,N,40 00:37.596,75 04:45.015,1209, ,1208, ,0, , , ,0, , , , , , , , , ,1,0,0,0,0,0,1,0,0,0,1,0,1,0,0,0,0,0,0,1,0,0,0,1,0,0,0,0,0,0,0,0,1,0,0,3,0,40.0104,-75.0792, ,Philadelphia
5316,72489,2017115919,6,67,67301,2017,10,2,1530,15,1,2,1,8,1, , ,N,0,0,0,3,0,1,2,2,N,N,39 54:40.581,75 14:33.515,1751, ,1744, ,0, ,N, ,0, , , , , , , , , ,1,1,0,0,0,0,0,0,0,0,0,1,1,0,0,0,0,0,0,0,1,0,0,0,0,0,0,0,0,0,0,0,1,0,0,4,0,39.9113,-75.2426, ,Philadelphia
5317,72494,2017060463,6,67,67301,2017,5,7,1247,12,1,1,0,6,6, , ,N,0,0,0,3,0,1,2,4,N,N,39 58:26.546,75 13:34.766,1251, ,1250, ,0, , , ,0, , , , , , , , , ,3,1,0,0,0,0,2,0,0,0,0,1,1,0,0,0,0,0,0,0,1,0,0,0,0,0,0,0,0,0,0,0,1,0,0,4,0,39.9741,-75.2263, ,Philadelphia
5318,72496,2017067790,6,67,67301,2017,5,5,1900,19,1,1,0,4,1, , ,N,1,3,0,3,0,1,4,2,N,N,39 57:28.623,75 13:38.359,1912, ,1906, ,0, ,N, ,3, , , , , , , , , ,2,2,0,0,0,0,0,0,0,0,0,0,1,1,2,0,0,0,0,0,0,0,0,0,0,0,0,0,0,0,0,0,0,0,0,8,0,39.958,-75.2273, ,Philadelphia
5319,72501,2017069312,6,67,67301,2017,7,3,2109,21,3,1,0,1,1, , ,N,0,0,0,3,0,1,3,3,N,N,39 58:36.494,75 11:52.399,2115, ,2113,1,2,3, , ,0,N, , , , , , , , ,3,1,0,0,0,0,2,0,0,0,1,0,1,0,0,0,0,0,0,0,1,0,0,0,0,0,0,0,0,0,0,0,0,0,0,3,0,39.9766,-75.1967, ,Philadelphia
5320,72514,2017091179,6,67,67301,2017,8,2,339,3,3,1,0,2,6, , ,N,0,0,0,3,0,0,1,2,N,N,39 57:31.726,75 09:12.689,355, ,339, ,0, ,N, ,0, , , , , , , , , ,2,1,0,0,0,0,1,0,0,0,0,0,0,0,0,0,0,0,0,0,0,0,0,0,0,0,0,0,0,0,0,0,0,0,0,0,0,39.9588,-75.1535, ,Philadelphia
5321,72527,2017105947,6,67,67301,2017,9,5,1516,15,1,1,0,4,1, , ,N,0,0,7,3,0,1,3,2,N, ,40 01:44.439,75 12:21.310,1529, ,1520, ,0, , , ,0, , , , , , , , , ,2,1,0,0,0,0,1,0,0,0,0,0,1,1,0,0,0,0,0,0,1,0,0,1,0,0,0,0,0,0,0,0,0,0,0,8,0,40.029,-75.2059, ,Philadelphia
5322,72554,2017073802,6,67,67301,2017,5,4,1606,16,1,1,0,4,1, , ,N,2,3,0,3,0,2,3,2,N,N,40 00:29.508,75 04:18.071,0, ,0, ,0, ,N, ,3, , , , , , , , , ,2,1,0,0,0,0,0,1,0,0,2,0,2,0,0,0,0,0,0,0,0,0,0,0,0,0,0,0,0,0,0,0,0,0,0,3,0,40.0082,-75.0717, ,Philadelphia
5323,72560,2017070415,6,67,67301,2017,5,3,555,5,1,1,0,4,1, , ,N,1,2,0,3,0,1,2,2,N,N,39 56:49.952,75 09:59.363,9999, ,1000, ,0, , , ,3, , , , , , , , , ,1,1,0,0,0,0,0,0,1,0,0,1,1,0,0,0,0,0,0,0,0,0,0,1,0,0,0,0,0,0,0,0,0,0,0,4,0,39.9472,-75.1665, ,Philadelphia
5324,72580,2017097854,6,67,67301,2017,9,5,1035,10,1,1,0,4,1, , ,N,0,0,7,3,0,2,2,2,N,N,40 02:47.828,75 04:13.610,1043, ,1041, ,0, , , ,0, , , , , , , , , ,2,2,0,0,0,0,0,0,0,0,0,2,2,0,0,0,0,0,0,1,0,0,0,0,0,0,0,0,0,0,0,0,0,0,0,4,0,40.0466,-75.0704, ,Philadelphia
5325,72592,2017067898,6,67,67301,2017,6,4,2240,22,3,1,0,4,1, , ,N,1,2,0,3,0,1,2,2,N, ,40 05:40.347,75 00:54.154,2248, ,2242,1,1,2, , ,3,N, , , , , , , , ,2,2,0,0,0,0,0,0,0,0,0,1,1,0,0,0,0,0,0,0,1,0,0,1,0,0,0,0,0,0,0,0,0,0,0,4,0,40.0946,-75.0152, ,Philadelphia
5326,72600,2017067817,6,67,67301,2017,5,4,1453,14,1,1,0,8,1, , ,N,2,0,0,3,0,1,2,2,N, ,40 01:36.310,75 04:38.499,1457, ,1455,9,2,5, , ,0,Y, , , , , , , , ,1,0,0,0,1,0,0,0,0,0,0,1,1,0,0,0,0,0,1,0,0,0,0,0,0,0,0,0,0,0,0,0,1,0,0,4,0,40.0268,-75.0774, ,Philadelphia
5327,72613,2017081120,6,67,67301,2017,6,6,1719,17,1,1,0,7,2, , ,N,0,0,0,3,0,1,3,2,N,N,39 57:00.807,75 08:30.101,1728, ,1726,2,2,2, , ,0,N, , , , , , , , ,2,1,0,0,0,0,1,0,0,0,0,0,1,1,0,0,0,0,0,0,0,1,0,1,0,0,0,0,0,0,0,0,0,0,0,8,0,39.9502,-75.1417, ,Philadelphia
5328,72615,2017086959,6,67,67301,2017,1,1,650,6,3,2,1,1,1, , ,N,2,2,0,3,0,0,3,3,N,N,40 04:44.129,75 01:31.222,705, ,655, ,0, ,N, ,3, , , , , , , , , ,3,2,0,0,0,0,1,0,0,0,0,0,0,0,0,0,0,0,0,0,0,0,0,0,0,0,0,0,0,0,0,0,0,0,0,0,0,40.0789,-75.0253, ,Philadelphia
5329,78707,2017053306,6,67,67301,2017,5,7,826,8,1,2,1,7,2, , ,N,7,0,0,3,0,0,1,1,N,N,39 58:23.355,75 11:37.454,831, ,826,2,1,4, , ,0,N, , , , , , , , ,1,1,0,0,0,0,0,0,0,0,0,0,0,0,0,0,0,0,0,0,0,0,0,0,0,0,0,0,0,0,0,0,0,0,0,0,0,39.9732,-75.1937, ,Philadelphia
5330,78713,2017052442,6,67,67301,2017,5,2,1555,15,1,1,0,1,1, , ,N,1,2,0,3,0,1,4,2,N,N,40 01:36.995,75 12:33.945,1604, ,1557, ,0, , , ,3, , , , , , , , , ,2,0,0,0,0,0,2,0,0,0,0,1,1,0,0,0,0,0,0,0,1,0,0,0,0,0,0,0,0,0,0,0,0,0,0,4,0,40.0269,-75.2094, ,Philadelphia
5331,78755,2017120670,6,67,67301,2017,10,4,1510,15,1,1,0,4,1, , ,N,1,0,0,3,0,1,2,2,N,N,39 58:08.373,75 08:01.183,1518, ,1518, ,0, ,N, ,0, , , , , , , , , ,2,1,0,0,0,0,1,0,0,0,1,0,1,0,0,0,0,0,0,0,0,0,0,0,0,0,0,0,0,0,0,0,0,0,0,3,0,39.969,-75.1337, ,Philadelphia
5332,78766,2017080977,6,67,67301,2017,7,5,1721,17,1,2,1,1,1, , ,N,0,0,0,3,0,1,2,2,N,N,39 55:27.952,75 11:34.727,1823, ,1752, ,0, , , ,0, , , , , , , , , ,2,0,0,0,0,0,2,0,0,0,0,1,1,0,0,0,0,0,0,0,0,0,0,0,0,0,0,0,0,0,0,0,0,0,0,4,0,39.9243,-75.1929, ,Philadelphia
5333,78769,2017088321,6,67,67301,2017,7,5,616,6,1,1,0,8,1, , ,N,0,0,0,3,0,1,4,2,N,N,40 00:35.343,75 09:33.391,1619, ,1618, ,0, ,N, ,0, , , , , , , , , ,1,1,0,0,0,0,0,0,0,0,0,1,1,0,0,0,0,0,0,0,0,0,0,0,0,0,0,0,0,0,0,0,1,0,0,4,0,40.0098,-75.1593, ,Philadelphia
5334,78773,2017086203,6,67,67301,2017,7,5,1745,17,1,1,0,1,1, , ,N,1,0,0,3,0,3,5,2,N,N,39 55:07.184,75 14:48.818,1756, ,1751,2,2,7,N, ,0,Y, , , , , , , , ,2,0,0,0,0,0,1,1,0,0,0,3,3,0,0,0,0,0,0,0,0,0,0,0,0,0,0,0,0,0,0,0,0,0,0,4,0,39.9187,-75.2469, ,Philadelphia
5335,78775,2017086850,6,67,67301,2017,5,5,1318,13,1,1,0,4,1, , ,N,1,2,0,3,0,1,5,2,N, ,39 58:13.238,75 13:01.830,1323, ,1320, ,0, , , ,3, , , , , , , , , ,2,2,0,0,0,0,0,0,0,0,0,1,1,0,0,0,0,0,0,0,0,1,0,0,0,0,0,0,0,0,0,0,0,0,0,4,0,39.9703,-75.2172, ,Philadelphia
5336,78778,2017091731,6,67,67301,2017,8,3,604,6,1,2,1,4,1, , ,N,1,2,0,3,0,2,4,2,N,N,39 55:25.798,75 13:29.769,610, ,604, ,0, ,N, ,3, , , , , , , , , ,2,2,0,0,0,0,0,0,0,0,0,2,2,0,0,0,0,0,0,0,0,0,0,0,0,0,0,0,0,0,0,0,0,0,0,4,0,39.9238,-75.2249, ,Philadelphia
5337,78787,2017117228,6,67,67301,2017,10,5,705,7,1,2,1,7,4, , ,N,0,0,0,3,0,0,1,1,N,N,40 00:30.592,75 04:10.644,715, ,707, ,0, , , ,0, , , , , , , , , ,1,1,0,0,0,0,0,0,0,0,0,0,0,0,0,0,0,0,0,0,0,0,0,1,0,0,0,0,0,0,0,0,0,0,0,0,0,40.0085,-75.0696, ,Philadelphia
5338,78800,2017127427,6,67,67301,2017,11,1,2100,21,3,1,0,4,1, , ,N,2,2,0,3,0,1,3,2,N,N,40 02:12.966,75 08:42.305,2102, ,2109,2,1,1,N, ,3,N, , , , , , , , ,2,1,0,0,0,0,1,0,0,0,0,0,1,1,0,0,0,0,0,0,0,0,0,1,0,0,0,0,0,0,0,0,0,0,0,8,0,40.0369,-75.1451, ,Philadelphia
5339,78803,2017127526,6,67,67301,2017,11,1,1723,17,3,1,0,8,1, , ,N,0,0,0,3,0,1,2,2,N, ,39 59:11.408,75 14:13.940,1731, ,1725, ,0, , , ,0, , , , , , , , , ,1,1,0,0,0,0,0,0,0,0,0,0,1,1,0,0,0,0,0,0,0,0,0,0,0,0,0,0,0,0,0,0,1,0,0,8,0,39.9865,-75.2372, ,Philadelphia
5340,78813,2017068002,6,67,67301,2017,6,1,245,2,2,1,1,7,4, , ,N,0,0,0,3,0,0,2,1,N,N,39 59:53.745,75 11:59.407,259, ,248, ,0, , , ,0, , , , , , , , , ,1,1,0,0,0,0,0,0,0,0,0,0,0,0,0,0,0,0,0,0,0,0,0,1,0,0,0,0,0,0,0,0,0,0,0,0,0,39.9983,-75.1998, ,Philadelphia
5341,78815,2017083648,6,67,67301,2017,3,5,1738,17,1,1,0,1,1, , ,N,0,0,0,3,0,0,2,2,N,N,39 57:24.747,75 09:18.375,1807, ,1748, ,0, , , ,0, , , , , , , , , ,2,2,0,0,0,0,0,0,0,0,0,0,0,0,0,0,0,0,0,0,0,0,0,0,0,0,0,0,0,0,0,0,0,0,0,0,0,39.9569,-75.1551, ,Philadelphia