objectid_1,objectid,crn,district,county,municipality,crash_year,crash_month,day_of_week,time_of_day,hour_of_day,illumination,weather,road_condition,collision_type,relation_to_road,work_zone_type,work_zone_loc,work_zone_ind,intersect_type,tcd_type,location_type,urban_rural,fatal_count,injury_count,person_count,total_units,sch_bus_ind,sch_zone_ind,latitude,longitude,arrival_tm,cons_zone_spd_lim,dispatch_tm,est_hrs_closed,lane_closed,ln_close_dir,ntfy_hiwy_maint,spec_juris_cd,tcd_func_cd,tfc_detour_ind,workers_pres,wz_close_detour,wz_flagger,wz_law_offcr_ind,wz_ln_closure,wz_moving,wz_other,wz_shlder_mdn,vehicle_count,automobile_count,motorcycle_count,bus_count,small_truck_count,heavy_truck_count,suv_count,van_count,bicycle_count,maj_inj_count,mod_inj_count,min_inj_count,tot_inj_count,unk_inj_deg_count,unk_inj_per_count,driver_count_16yr,driver_count_17yr,driver_count_18yr,driver_count_19yr,driver_count_20yr,driver_count_50_64yr,driver_count_65_74yr,driver_count_75plus,unbelted_occ_count,unb_death_count,unb_maj_inj_count,belted_death_count,belted_maj_inj_count,mcycle_death_count,mcycle_maj_inj_count,bicycle_death_count,bicycle_maj_inj_count,ped_count,ped_death_count,ped_maj_inj_count,max_severity_level,comm_veh_count,dec_lat,dec_long,rdwy_surf_type_cd,county_name
5472,72934,2017067853,6,67,67301,2017,6,5,1700,17,1,1,0,4,1, , ,N,1,2,0,3,0,1,3,2,N,N,39 59:34.678,75 13:03.326,1720, ,1709, ,0, ,N, ,3, , , , , , , , , ,2,1,0,0,0,0,1,0,0,0,0,1,1,0,0,0,0,0,0,1,1,0,0,0,0,0,0,0,0,0,0,0,0,0,0,4,0,39.993,-75.2176, ,Philadelphia
5473,79068,2017086804,6,67,67301,2017,4,1,1600,16,4,1,0,4,1, , ,N,0,0,0,3,0,2,3,2,N,N,40 01:21.845,75 04:39.240,1600, ,1600,1,2,5,N, ,0,Y, , , , , , , , ,2,1,1,0,0,0,0,0,0,0,0,0,2,2,1,0,0,0,0,0,1,0,0,0,0,0,0,0,0,0,0,0,0,0,0,8,0,40.0227,-75.0776, ,Philadelphia
5474,79073,2017070393,6,67,67301,2017,6,4,730,7,1,1,0,4,1, , ,N,0,0,7,3,0,0,4,4,N, ,40 07:41.300,75 01:23.200,736, ,731, ,0, , , ,0, , , , , , , , , ,4,4,0,0,0,0,0,0,0,0,0,0,0,0,0,0,0,0,0,0,0,0,0,0,0,0,0,0,0,0,0,0,0,0,0,0,0,40.1281,-75.0231, ,Philadelphia
5475,79079,2017091727,6,67,67301,2017,8,4,615,6,1,1,0,4,1, , ,N,0,0,0,3,0,1,2,2,N,N,39 56:50.635,75 12:22.867,645, ,615, ,0, ,N, ,0, , , , , , , , , ,2,1,0,0,0,0,0,0,0,0,0,0,1,1,0,0,0,0,0,0,2,0,0,1,0,0,0,0,0,0,0,0,0,0,0,8,0,39.9474,-75.2064, ,Philadelphia
5476,79082,2017088769,6,67,67301,2017,8,5,2343,23,3,1,0,1,1, , ,N,0,0,0,3,0,0,3,2,N, ,40 01:23.933,75 08:17.729,2350, ,2343, ,0, , , ,0, , , , , , , , , ,2,1,0,0,0,0,1,0,0,0,0,0,0,0,0,0,0,0,0,0,0,0,0,0,0,0,0,0,0,0,0,0,0,0,0,0,0,40.0233,-75.1383, ,Philadelphia
5477,79084,2017120603,6,67,67301,2017,10,2,1058,10,1,1,0,4,1, , ,N,2,3,0,3,0,2,2,2,N,N,39 57:37.465,75 10:06.409,1415, ,1250, ,0, , , ,3, , , , , , , , , ,2,1,0,0,0,0,0,0,0,0,0,1,2,1,0,0,0,0,0,0,1,0,0,0,0,0,0,0,0,0,0,0,0,0,0,4,1,39.9604,-75.1684, ,Philadelphia
5478,79085,2017120613,6,67,67301,2017,10,6,1700,17,1,1,0,1,1, , ,N,0,0,3,3,0,0,5,4,N,N,40 00:26.821,75 11:33.150,1708, ,1707,2,1,2,N, ,0,N, , , , , , , , ,4,3,0,0,0,0,1,0,0,0,0,0,0,0,0,0,0,0,0,0,0,0,0,0,0,0,0,0,0,0,0,0,0,0,0,0,0,40.0075,-75.1925, ,Philadelphia
5479,79102,2017068060,6,67,67301,2017,6,4,1756,17,1,1,0,5,6, , ,N,0,0,0,3,0,0,1,2,N,N,39 55:19.374,75 10:12.430,1809, ,1808,1,1,1,N, ,0,N, , , , , , , , ,2,1,0,0,1,0,0,0,0,0,0,0,0,0,0,0,0,0,0,0,0,0,0,0,0,0,0,0,0,0,0,0,0,0,0,0,0,39.922,-75.1701, ,Philadelphia
5480,79108,2017086287,6,67,67301,2017,7,1,1948,19,1,1,0,5,1, , ,N,0,0,0,3,0,1,5,2,N,N,40 03:16.179,75 00:16.239,1951, ,1950,1,1,4, , ,0,Y, , , , , , , , ,2,2,0,0,0,0,0,0,0,0,0,1,1,0,0,0,0,0,0,0,1,0,0,2,0,0,0,0,0,0,0,0,0,0,0,4,0,40.0545,-75.0045, ,Philadelphia
5481,79109,2017093614,6,67,67301,2017,7,4,1750,17,1,1,0,4,1, , ,N,1,3,0,3,0,1,2,2,N,N,40 01:41.931,75 04:28.236,2002, ,2000, ,0, ,N, ,3, , , , , , , , , ,2,1,1,0,0,0,0,0,0,0,0,0,1,1,0,0,0,0,0,0,0,0,0,1,0,0,0,0,0,0,0,0,0,0,0,8,0,40.0283,-75.0744, ,Philadelphia
5482,79112,2017086928,6,67,67301,2017,2,5,1340,13,1,9,8,4,1, , ,N,0,0,0,3,0,1,2,2,N,N,40 01:45.828,75 12:21.929,2231, ,2230, ,0, , , ,0, , , , , , , , , ,2,2,0,0,0,0,0,0,0,0,1,0,1,0,1,0,0,0,0,0,1,0,0,0,0,0,0,0,0,0,0,0,0,0,0,3,0,40.0294,-75.2061, ,Philadelphia
5483,79120,2017088806,6,67,67301,2017,8,5,2132,21,3,1,0,4,1, , ,N,0,2,6,3,0,3,3,2,N, ,39 54:14.024,75 10:28.092,2145, ,2139, ,0, , , ,3, , , , , , , , , ,2,1,0,0,0,0,1,0,0,0,0,3,3,0,0,0,0,0,0,0,1,0,0,0,0,0,0,0,0,0,0,0,0,0,0,4,0,39.9039,-75.1745, ,Philadelphia
5484,79141,2017133954,6,67,67301,2017,11,5,1639,16,4,1,0,5,1, , ,N,1,2,0,3,0,1,3,2,N, ,40 02:11.789,75 03:52.061,1651, ,1641,1,1,3,N, ,3,N, , , , , , , , ,2,1,0,0,1,0,0,0,0,0,0,0,1,1,0,0,0,0,0,0,0,0,0,1,0,0,0,0,0,0,0,0,0,0,0,8,0,40.0366,-75.0645, ,Philadelphia
5485,79151,2017067678,6,67,67301,2017,5,2,128,1,3,2,1,1,1, , ,N,1,3,0,3,0,0,1,3,Y,N,39 56:49.776,75 14:16.112,137, ,132, ,0, ,N, ,3, , , , , , , , , ,3,2,0,0,0,0,0,1,0,0,0,0,0,0,0,0,0,0,0,0,0,0,0,1,0,0,0,0,0,0,0,0,0,0,0,0,0,39.9472,-75.2378, ,Philadelphia
5486,79154,2017070405,6,67,67301,2017,6,5,1508,15,1,1,0,5,1, , ,N,0,0,0,3,1,0,2,4,N,N,40 00:27.327,75 07:24.114,1510, ,1508,3,1,2,N,0,0,Y, , , , , , , , ,4,2,1,0,0,1,0,0,0,0,0,0,0,0,0,0,0,1,0,0,0,0,0,1,0,0,0,0,1,0,0,0,0,0,0,1,1,40.0076,-75.1234,2,Philadelphia
5487,79177,2017088882,6,67,67301,2017,8,6,845,8,1,1,0,8,1, , ,N,1,2,0,3,0,1,2,2,N,N,39 57:46.128,75 14:48.443,850, ,852, ,0, ,N, ,3, , , , , , , , , ,1,0,0,0,0,0,1,0,0,0,0,1,1,0,0,0,0,0,0,0,0,0,0,1,0,0,0,0,0,0,0,0,1,0,0,4,0,39.9626,-75.2468, ,Philadelphia
5488,79203,2017076205,6,67,67301,2017,6,2,1405,14,1,1,0,4,1, , ,N,1,2,0,3,0,1,2,2,N,N,39 57:09.510,75 10:41.415,1523, ,1523, ,0, ,N, ,3, , , , , , , , , ,2,1,0,0,0,0,1,0,0,0,0,1,1,0,0,0,1,0,0,0,0,0,0,0,0,0,0,0,0,0,0,0,0,0,0,4,0,39.9526,-75.1781, ,Philadelphia
5489,79220,2017086191,6,67,67301,2017,7,4,2322,23,3,1,0,1,1, , ,N,2,2,0,3,0,1,2,2,N,N,40 03:52.074,74 59:56.307,2328, ,2326, ,0, ,N, ,3, , , , , , , , , ,2,1,0,0,1,0,0,0,0,0,0,1,1,0,0,0,0,0,0,0,0,1,0,0,0,0,0,0,0,0,0,0,0,0,0,4,0,40.0645,-74.999, ,Philadelphia
5490,79223,2017112606,6,67,67301,2017,10,7,1917,19,3,1,0,1,1, , ,N,0,0,0,3,0,1,2,2,N,N,40 01:34.489,75 05:50.014,1926, ,1921,2,1,3,N, ,0,N, , , , , , , , ,2,1,0,0,1,0,0,0,0,0,0,1,1,0,0,0,0,0,0,0,0,0,0,2,0,0,0,0,0,0,0,0,0,0,0,4,0,40.0262,-75.0972, ,Philadelphia
5491,67004,2017067858,6,67,67301,2017,6,7,2032,20,4,1,0,4,1, , ,N,0,0,7,3,0,1,4,2,N, ,40 00:33.012,75 06:52.117,2032, ,2032, ,0, , , ,0, , , , , , , , , ,2,1,1,0,0,0,0,0,0,0,1,0,1,0,0,0,0,0,0,0,0,0,0,3,0,0,0,0,0,0,0,0,0,0,0,3,0,40.0092,-75.1145, ,Philadelphia
5492,67012,2017073725,6,67,67301,2017,5,7,1545,15,1,1,0,5,1, , ,N,6,0,2,3,0,1,2,2,N,N,39 57:25.840,75 09:26.384,0, ,0, ,0, ,N, ,0, , , , , , , , , ,2,1,0,0,0,0,1,0,0,0,0,0,1,1,0,0,0,0,0,0,0,0,0,0,0,0,0,0,0,0,0,0,0,0,0,8,0,39.9576,-75.1605, ,Philadelphia
5493,67018,2017086280,6,67,67301,2017,7,5,1710,17,1,1,0,4,1, , ,N,1,2,0,3,0,1,3,2,N,N,39 57:13.719,75 09:59.863,1715, ,1715, ,0, ,N, ,3, , , , , , , , , ,2,0,0,1,0,0,1,0,0,0,0,0,1,1,0,0,0,0,0,0,1,0,0,1,0,0,0,0,0,0,0,0,0,0,0,8,1,39.9538,-75.1666, ,Philadelphia
5494,67030,2017086295,6,67,67301,2017,7,7,202,2,3,2,1,5,6, , ,N,0,0,0,3,0,0,1,3,N,N,40 01:17.273,75 13:02.294,222, ,220, ,0, ,N, ,0, , , , , , , , , ,3,1,0,0,0,0,2,0,0,0,0,0,0,0,1,0,0,0,0,0,0,0,0,0,0,0,0,0,0,0,0,0,0,0,0,9,0,40.0215,-75.2173, ,Philadelphia
5495,67036,2017086834,6,67,67301,2017,5,5,1048,10,1,1,0,1,1, , ,N,0,0,0,3,0,2,2,2,N, ,40 01:11.098,75 08:57.074,1048, ,1048, ,0, , , ,0, , , , , , , , , ,2,1,0,0,1,0,0,0,0,0,1,1,2,0,0,0,0,0,0,0,1,0,0,0,0,0,0,0,0,0,0,0,0,0,0,3,0,40.0197,-75.1491, ,Philadelphia
5496,67070,2017091720,6,67,67301,2017,8,4,1803,18,4,1,0,1,1, , ,N,0,0,0,3,0,1,2,2,N,N,39 57:43.883,75 09:41.433,1812, ,1808, ,0, ,N, ,0, , , , , , , , , ,2,0,0,0,0,0,2,0,0,0,0,0,1,1,0,0,0,0,0,0,0,0,0,0,0,0,0,0,0,0,0,0,0,0,0,8,0,39.9622,-75.1615, ,Philadelphia
5497,67074,2017088819,6,67,67301,2017,8,5,1235,12,1,1,0,8,1, , ,N,2,2,0,3,0,1,2,2,N,N,39 57:10.636,75 09:44.740,1245, ,1245, ,0, , , ,3, , , , , , , , , ,1,1,0,0,0,0,0,0,0,0,0,1,1,0,0,0,0,0,0,0,0,0,0,1,0,0,0,0,0,0,0,0,1,0,0,4,0,39.9529,-75.1624, ,Philadelphia
5498,67095,2017055485,6,67,67301,2017,4,6,135,1,3,8,0,6,6, , ,N,0,0,0,3,0,1,1,2,N,N,40 00:34.292,75 11:44.030,155, ,140, ,0, ,N, ,0, , , , , , , , , ,2,0,0,0,0,0,2,0,0,0,0,1,1,0,0,0,0,0,0,0,0,0,0,1,0,0,0,0,0,0,0,0,0,0,0,4,0,40.0095,-75.1956, ,Philadelphia
5499,67097,2017069399,6,67,67301,2017,6,2,223,2,3,1,0,7,5, , ,N,0,0,0,3,0,0,1,1,N,N,39 59:33.179,75 14:42.123,223, ,223, ,0, , , ,0, , , , , , , , , ,1,1,0,0,0,0,0,0,0,0,0,0,0,0,0,0,0,0,0,0,0,0,0,0,0,0,0,0,0,0,0,0,0,0,0,0,0,39.9925,-75.245, ,Philadelphia
5500,67111,2017070425,6,67,67301,2017,6,7,518,5,1,1,0,1,1, , ,N,0,0,0,3,0,2,2,2,N, ,40 00:39.862,75 04:39.659,525, ,520, ,0, , , ,0, , , , , , , , , ,2,1,0,0,0,0,1,0,0,0,0,2,2,0,0,0,0,0,0,0,1,0,0,0,0,0,0,0,0,0,0,0,0,0,0,4,0,40.0111,-75.0777, ,Philadelphia
5501,67127,2017086345,6,67,67301,2017,7,3,730,7,1,1,0,4,1, , ,N,1,2,0,3,0,0,2,2,N,N,39 58:53.796,75 08:40.041,9999, ,9999, ,0, ,N, ,3, , , , , , , , , ,2,1,0,0,1,0,0,0,0,0,0,0,0,0,0,0,0,0,0,0,1,0,0,0,0,0,0,0,0,0,0,0,0,0,0,0,0,39.9816,-75.1445, ,Philadelphia
5502,67128,2017115954,6,67,67301,2017,10,1,1230,12,1,1,0,1,1, , ,N,3,0,0,3,0,0,2,2,N, ,40 00:01.134,75 08:40.268,9999, ,1500, ,0, , , ,0, , , , , , , , , ,2,1,0,0,0,0,0,0,0,0,0,0,0,0,0,0,0,0,0,0,0,0,0,0,0,0,0,0,0,0,0,0,0,0,0,0,0,40.0003,-75.1445, ,Philadelphia
5503,67153,2017067810,6,67,67301,2017,5,4,0,0,3,2,1,7,4, , ,N,0,0,0,3,0,0,3,1,N,N,40 03:05.479,75 02:09.384,20, ,5, ,0, ,N, ,0, , , , , , , , , ,1,1,0,0,0,0,0,0,0,0,0,0,0,0,0,0,0,0,0,0,0,0,0,0,0,0,0,0,0,0,0,0,0,0,0,0,0,40.0515,-75.0359, ,Philadelphia
5504,67160,2017088949,6,67,67301,2017,8,3,1920,19,1,1,0,4,1, , ,N,1,2,0,3,0,1,2,2,N,N,39 57:03.496,75 10:38.346,2115, ,1923, ,0, ,N, ,3, , , , , , , , , ,1,1,0,0,0,0,0,0,1,0,1,0,1,0,1,0,0,0,0,0,0,0,0,0,0,0,0,0,0,0,0,0,0,0,0,3,0,39.951,-75.1773, ,Philadelphia
5505,67161,2017086036,6,67,67301,2017,7,6,2040,20,3,1,0,5,6, , ,N,0,0,0,3,0,1,2,2,N, ,40 01:55.992,75 09:31.096,2055, ,2050, ,0, , , ,0, , , , , , , , , ,2,2,0,0,0,0,0,0,0,0,0,1,1,0,0,0,0,0,0,0,0,0,0,1,0,0,0,0,0,0,0,0,0,0,0,4,0,40.0322,-75.1586, ,Philadelphia
5506,67165,2017108008,6,67,67301,2017,9,4,1550,15,1,2,1,4,1, , ,N,5,2,0,3,0,1,2,2,N,N,40 03:19.717,75 05:33.125,1555, ,1553, ,0, ,N, ,3, , , , , , , , , ,2,2,0,0,0,0,0,0,0,0,0,1,1,0,0,0,0,0,0,0,1,0,0,0,0,0,0,0,0,0,0,0,0,0,0,4,0,40.0555,-75.0925, ,Philadelphia
5507,67176,2017086184,6,67,67301,2017,7,1,2040,20,3,2,1,8,1, , ,N,1,2,0,3,0,1,3,2,N,N,40 04:08.017,75 10:54.337,2056, ,2046, ,0, , , ,3, , , , , , , , , ,1,0,0,0,0,0,1,0,0,0,0,0,1,1,0,0,0,0,0,0,1,0,0,0,0,0,0,0,0,0,0,0,1,0,0,8,0,40.0689,-75.1818, ,Philadelphia
5508,67179,2017120640,6,67,67301,2017,10,5,922,9,1,1,0,4,1, , ,N,1,3,0,3,0,2,4,2,N, ,40 04:41.934,74 59:51.745,930, ,924,2,1,3, , ,3,Y, , , , , , , , ,2,0,0,0,0,0,1,1,0,0,0,2,2,0,0,0,0,0,0,0,1,0,0,0,0,0,0,0,0,0,0,0,0,0,0,4,0,40.0783,-74.9977, ,Philadelphia
5509,60774,2017104010,6,67,67301,2017,9,2,1006,10,1,1,0,1,1, , ,N,0,0,0,3,0,3,3,2,N,N,39 54:53.480,75 08:52.991,1018, ,1007,3,1,2, , ,0,N, , , , , , , , ,2,2,0,0,0,0,0,0,0,1,0,0,3,2,0,0,0,0,0,0,0,0,0,0,0,0,0,0,0,0,0,0,0,0,0,2,0,39.9149,-75.1481, ,Philadelphia
5510,60790,2017070456,6,67,67301,2017,6,3,1052,10,1,1,0,4,1, , ,N,1,2,0,3,0,1,2,2,N,N,39 58:09.618,75 11:04.615,1056, ,1053, ,0, ,N, ,3, , , , , , , , , ,2,1,0,0,1,0,0,0,0,0,0,1,1,0,0,0,0,0,0,0,0,0,0,0,0,0,0,0,0,0,0,0,0,0,0,4,0,39.9693,-75.1846, ,Philadelphia
5511,60816,2017116031,6,67,67301,2017,10,1,920,9,1,2,1,4,1, , ,N,1,2,0,3,0,1,3,2,N, ,39 55:21.979,75 14:08.429,935, ,928,2,1,2, , ,3,N, , , , , , , , ,2,0,0,0,0,0,2,0,0,0,0,1,1,0,0,0,0,0,0,0,0,0,0,2,0,0,0,0,0,0,0,0,0,0,0,4,0,39.9228,-75.2357, ,Philadelphia
5512,60817,2017109966,6,67,67301,2017,9,7,1515,15,1,1,0,8,1, , ,N,0,0,0,3,0,1,2,2,N,N,39 55:07.348,75 14:04.847,1522, ,1517, ,0, ,N, ,0, , , , , , , , , ,1,1,0,0,0,0,0,0,0,0,0,0,1,1,1,0,0,0,0,0,0,0,0,0,0,0,0,0,0,0,0,0,1,0,0,8,0,39.9187,-75.2347, ,Philadelphia
5513,60828,2017067787,6,67,67301,2017,5,6,1237,12,1,1,0,4,1, , ,N,1,2,0,3,0,0,2,2,N, ,39 57:37.796,75 13:43.015,1247, ,1245, ,0, , , ,3, , , , , , , , , ,2,1,0,0,0,0,1,0,0,0,0,0,0,0,0,0,0,0,0,0,1,0,0,0,0,0,0,0,0,0,0,0,0,0,0,0,0,39.9605,-75.2286, ,Philadelphia
5514,60849,2017081081,6,67,67301,2017,6,7,715,7,1,2,7,7,4, , ,N,0,0,0,3,0,0,1,1,N,N,39 56:01.844,75 08:42.970,715, ,715,1,2,2, , ,0,Y, , , , , , , , ,1,0,0,0,0,0,1,0,0,0,0,0,0,0,0,0,0,0,0,0,0,0,0,0,0,0,0,0,0,0,0,0,0,0,0,0,0,39.9338,-75.1453, ,Philadelphia
5515,60850,2017078829,6,67,67301,2017,7,7,1305,13,1,1,0,4,1, , ,N,1,2,0,3,0,1,2,3,N,N,40 01:18.044,75 06:45.559,1620, ,1611, ,0, ,N, ,3, , , , , , , , , ,3,0,0,0,0,0,1,1,0,0,0,1,1,0,0,0,0,0,0,0,0,1,0,1,0,0,0,0,0,0,0,0,0,0,0,4,0,40.0217,-75.1127, ,Philadelphia
5516,60859,2017107999,6,67,67301,2017,8,4,1645,16,1,1,0,8,1, , ,N,1,2,0,3,0,1,2,2,N,N,40 04:15.122,75 14:28.540,1700, ,1657, ,0, ,N, ,3, , , , , , , , , ,1,0,0,0,0,0,1,0,0,0,1,0,1,0,0,0,0,0,0,0,0,1,0,0,0,0,0,0,0,0,0,0,1,0,0,3,0,40.0709,-75.2413, ,Philadelphia
5517,60860,2017107987,6,67,67301,2017,8,6,2130,21,3,1,0,4,1, , ,N,1,3,0,3,0,2,2,2,N, ,39 58:47.053,75 14:21.299,2144, ,2132, ,0, , , ,3, , , , , , , , , ,2,2,0,0,0,0,0,0,0,0,0,2,2,0,0,0,0,0,0,0,0,0,0,0,0,0,0,0,0,0,0,0,0,0,0,4,0,39.9797,-75.2392, ,Philadelphia
5518,60861,2017097824,6,67,67301,2017,9,6,933,9,1,1,0,4,1, , ,N,1,2,0,3,0,1,2,3,N,N,39 58:02.768,75 10:46.516,940, ,933,2,1,7,N, ,3,Y, , , , , , , , ,3,1,0,0,0,0,2,0,0,0,0,0,1,1,0,0,0,1,0,0,0,0,0,0,0,0,0,0,0,0,0,0,0,0,0,8,0,39.9675,-75.1799, ,Philadelphia
5519,60884,2017058328,6,67,67301,2017,5,1,1440,14,1,1,0,8,1, , ,N,1,2,0,3,0,2,2,2,N, ,40 01:05.271,75 08:04.192,1455, ,1443, ,0, , , ,3, , , , , , , , , ,1,0,1,0,0,0,0,0,0,1,1,0,2,0,0,0,1,0,0,0,0,0,0,0,0,0,0,0,0,0,0,0,1,0,1,2,0,40.0181,-75.1345, ,Philadelphia
5520,60907,2017076285,6,67,67301,2017,6,4,922,9,1,1,0,4,1, , ,N,1,2,0,3,0,2,2,2,N,N,39 59:02.374,75 09:04.546,925, ,923,2,1,1, , ,3,Y, , , , , , , , ,2,2,0,0,0,0,0,0,0,0,0,1,2,1,0,0,0,0,0,0,0,0,0,0,0,0,0,0,0,0,0,0,0,0,0,4,0,39.984,-75.1513, ,Philadelphia
5521,60953,2017116141,6,67,67301,2017,10,2,2200,22,3,1,0,4,1, , ,N,2,3,0,3,0,1,2,2,N,N,40 00:02.923,75 10:16.942,1230, ,1225, ,0, ,N, ,3, , , , , , , , , ,1,1,0,0,0,0,0,0,1,0,0,0,1,1,1,0,0,0,0,0,0,0,0,0,0,0,0,0,0,0,0,0,0,0,0,8,0,40.0008,-75.1714, ,Philadelphia
5522,60955,2017116170,6,67,67301,2017,10,3,758,7,1,1,0,6,1, , ,N,0,0,0,3,0,5,7,2,N, ,39 57:45.022,75 13:56.070,801, ,758, ,0, , , ,0, , , , , , , , , ,2,0,0,0,0,0,1,1,0,0,0,4,5,1,0,0,0,0,0,0,0,0,0,5,0,0,0,0,0,0,0,0,0,0,0,4,0,39.9625,-75.2322, ,Philadelphia
5523,60975,2017073273,6,67,67301,2017,7,4,741,7,1,1,0,1,1, , ,N,0,0,0,3,0,1,3,3,N,N,40 01:17.757,75 02:23.014,752, ,741,1,2,1, , ,0,N, , , , , , , , ,3,1,0,0,2,0,0,0,0,0,1,0,1,0,0,0,0,0,0,0,0,0,0,0,0,0,0,0,0,0,0,0,0,0,0,3,0,40.0216,-75.0397, ,Philadelphia
5524,60978,2017070432,6,67,67301,2017,6,3,745,7,1,1,8,1,1, , ,N,0,0,0,3,0,0,3,2,N, ,40 04:13.418,75 11:03.733,805, ,752, ,0, , , ,0, , , , , , , , , ,2,1,0,0,0,0,1,0,0,0,0,0,0,0,0,0,0,0,0,0,0,0,0,0,0,0,0,0,0,0,0,0,0,0,0,0,0,40.0704,-75.1844, ,Philadelphia
5525,60996,2017077163,6,67,67301,2017,7,6,1810,18,1,1,0,4,1, , ,N,1,2,0,3,0,1,2,2,N,N,40 00:16.847,75 09:07.652,1820, ,1814, ,0, ,N, ,2, , , , , , , , , ,2,2,0,0,0,0,0,0,0,0,1,0,1,0,0,0,0,0,0,0,1,0,0,0,0,0,0,0,0,0,0,0,0,0,0,3,0,40.0047,-75.1521, ,Philadelphia
5526,60997,2017089062,6,67,67301,2017,8,7,422,4,3,2,1,1,1, , ,N,0,0,0,3,0,1,3,2,N,N,39 57:35.542,75 10:43.629,424, ,422,1,1,3, , ,0,N, , , , , , , , ,2,2,0,0,0,0,0,0,0,0,0,0,1,1,0,0,0,0,0,0,0,0,0,0,0,0,0,0,0,0,0,0,0,0,0,8,0,39.9599,-75.1788, ,Philadelphia
5527,63998,2017091167,6,67,67301,2017,8,1,26,0,3,1,0,5,6, , ,N,0,0,0,3,0,0,2,2,N, ,40 03:27.022,75 09:09.964,40, ,38, ,0, , , ,0, , , , , , , , , ,2,1,0,0,0,0,1,0,0,0,0,0,0,0,0,0,0,0,0,0,0,0,0,1,0,0,0,0,0,0,0,0,0,0,0,0,0,40.0575,-75.1528, ,Philadelphia
5528,64004,2017120677,6,67,67301,2017,10,6,1857,18,3,1,0,1,1, , ,N,0,0,0,3,0,0,5,2,N, ,39 58:39.786,75 13:40.219,9999, ,9999, ,0, , , ,0, , , , , , , , , ,2,2,0,0,0,0,0,0,0,0,0,0,0,0,0,0,0,0,0,0,0,0,0,2,0,0,0,0,0,0,0,0,0,0,0,0,0,39.9777,-75.2278, ,Philadelphia
5529,64022,2017067716,6,67,67301,2017,5,6,915,9,1,1,0,4,1, , ,N,1,2,0,3,0,2,3,2,N,N,40 01:30.637,75 07:31.531,956, ,937, ,0, ,N, ,3, , , , , , , , , ,2,1,0,0,0,0,0,1,0,0,0,2,2,0,0,0,0,0,0,0,1,0,0,0,0,0,0,0,0,0,0,0,0,0,0,4,0,40.0252,-75.1254, ,Philadelphia
5530,64048,2017088945,6,67,67301,2017,8,5,2050,20,3,1,1,7,4, , ,N,0,0,0,3,0,0,1,1,N,N,40 06:10.000,74 58:03.597,2130, ,2125, ,0, , , ,0, , , , , , , , , ,1,0,0,0,0,0,1,0,0,0,0,0,0,0,0,0,0,0,0,0,1,0,0,0,0,0,0,0,0,0,0,0,0,0,0,0,0,40.1028,-74.9677, ,Philadelphia
5531,64055,2017088866,6,67,67301,2017,8,3,142,1,3,1,1,1,1, , ,N,1,2,0,3,0,2,4,2,N,N,39 59:36.361,75 05:49.315,242, ,142, ,0, , , ,3, , , , , , , , , ,2,1,0,0,0,0,1,0,0,0,0,0,2,2,0,0,0,0,0,0,0,0,0,2,0,0,0,0,0,0,0,0,0,0,0,8,0,39.9934,-75.097, ,Philadelphia
5532,64060,2017055463,6,67,67301,2017,5,5,727,7,1,1,0,8,1, , ,N,5,2,0,3,0,1,2,2,N,N,40 01:10.721,75 12:38.417,735, ,731, ,0, ,N, ,3, , , , , , , , , ,1,0,0,0,0,0,0,1,0,0,0,1,1,0,0,0,0,0,0,0,0,0,0,1,0,0,0,0,0,0,0,0,1,0,0,4,0,40.0196,-75.2107, ,Philadelphia
5533,64073,2017070492,6,67,67301,2017,6,7,1900,19,1,1,0,4,1, , ,N,1,2,0,3,0,2,5,2,N, ,40 01:30.894,75 07:21.405,1912, ,1904, ,0, , , ,3, , , , , , , , , ,2,0,0,0,0,1,1,0,0,0,0,2,2,0,0,0,0,0,0,0,1,0,0,3,0,0,0,0,0,0,0,0,0,0,0,4,0,40.0252,-75.1226, ,Philadelphia
5534,64079,2017072915,6,67,67301,2017,3,3,1510,15,1,1,0,1,1, , ,N,0,0,0,3,0,1,2,2,N,N,39 57:24.873,75 09:10.472,0, ,0, ,0, ,N, ,0, , , , , , , , , ,2,1,0,0,0,0,1,0,0,0,0,0,1,1,0,0,0,0,0,0,0,0,0,0,0,0,0,0,0,0,0,0,0,0,0,8,0,39.9569,-75.1529, ,Philadelphia
5535,64093,2017089482,6,67,67301,2017,8,3,616,6,1,1,0,7,2, , ,N,0,0,0,3,0,0,1,1,N,N,39 56:25.255,75 08:35.308,632, ,619, ,0, , , ,0, , , , , , , , , ,1,1,0,0,0,0,0,0,0,0,0,0,0,0,0,0,0,1,0,0,0,0,0,0,0,0,0,0,0,0,0,0,0,0,0,0,0,39.9403,-75.1431, ,Philadelphia
5536,64103,2017093532,6,67,67301,2017,8,7,1805,18,1,1,0,5,1, , ,N,0,0,0,3,0,1,3,2,N,N,39 57:45.954,75 11:34.303,1825, ,1824, ,0, ,N, ,0, , , , , , , , , ,2,1,1,0,0,0,0,0,0,0,0,0,1,1,0,0,0,0,0,0,1,0,0,0,0,0,0,0,0,0,0,0,0,0,0,8,0,39.9628,-75.1929, ,Philadelphia