objectid_1,objectid,crn,district,county,municipality,crash_year,crash_month,day_of_week,time_of_day,hour_of_day,illumination,weather,road_condition,collision_type,relation_to_road,work_zone_type,work_zone_loc,work_zone_ind,intersect_type,tcd_type,location_type,urban_rural,fatal_count,injury_count,person_count,total_units,sch_bus_ind,sch_zone_ind,latitude,longitude,arrival_tm,cons_zone_spd_lim,dispatch_tm,est_hrs_closed,lane_closed,ln_close_dir,ntfy_hiwy_maint,spec_juris_cd,tcd_func_cd,tfc_detour_ind,workers_pres,wz_close_detour,wz_flagger,wz_law_offcr_ind,wz_ln_closure,wz_moving,wz_other,wz_shlder_mdn,vehicle_count,automobile_count,motorcycle_count,bus_count,small_truck_count,heavy_truck_count,suv_count,van_count,bicycle_count,maj_inj_count,mod_inj_count,min_inj_count,tot_inj_count,unk_inj_deg_count,unk_inj_per_count,driver_count_16yr,driver_count_17yr,driver_count_18yr,driver_count_19yr,driver_count_20yr,driver_count_50_64yr,driver_count_65_74yr,driver_count_75plus,unbelted_occ_count,unb_death_count,unb_maj_inj_count,belted_death_count,belted_maj_inj_count,mcycle_death_count,mcycle_maj_inj_count,bicycle_death_count,bicycle_maj_inj_count,ped_count,ped_death_count,ped_maj_inj_count,max_severity_level,comm_veh_count,dec_lat,dec_long,rdwy_surf_type_cd,county_name
5732,61381,2017081174,6,67,67301,2017,8,2,627,6,1,2,1,1,1,1,4,Y,0,0,0,3,0,1,3,3,N,N,39 58:08.968,75 07:37.420,648,45,634, ,0, , , ,0, ,N,N,N,N,N,N,Y,N,3,3,0,0,0,0,0,0,0,0,1,0,1,0,0,0,0,0,0,0,0,0,0,0,0,0,0,0,0,0,0,0,0,0,0,3,0,39.9692,-75.1271, ,Philadelphia
5733,61397,2017088758,6,67,67301,2017,8,7,2300,23,3,1,0,1,1, , ,N,0,0,0,3,0,2,3,2,N,N,39 57:42.500,75 10:29.900,2305, ,2300,1,1,1,N, ,0,Y, , , , , , , , ,2,2,0,0,0,0,0,0,0,0,0,0,2,2,0,0,0,0,0,0,1,0,0,1,0,0,0,0,0,0,0,0,0,0,0,8,0,39.9618,-75.175, ,Philadelphia
5734,61398,2017088896,6,67,67301,2017,8,4,1530,15,1,1,0,8,1, , ,N,2,3,0,3,0,1,2,2,N, ,39 57:22.176,75 09:43.732,1550, ,1540, ,0, , , ,3, , , , , , , , , ,1,0,0,0,0,0,0,1,0,0,0,1,1,0,0,0,0,0,0,0,0,0,0,0,0,0,0,0,0,0,0,0,1,0,0,4,0,39.9562,-75.1621, ,Philadelphia
5735,61406,2017086703,6,67,67301,2017,3,5,1425,14,1,9,8,1,6, , ,N,0,0,0,3,0,1,1,2,N, ,39 59:36.157,75 09:47.021,1441, ,1439, ,0, , , ,0, , , , , , , , , ,2,1,0,0,0,1,0,0,0,0,0,0,1,1,0,0,0,0,0,0,0,0,0,0,0,0,0,0,0,0,0,0,0,0,0,8,1,39.9934,-75.1631, ,Philadelphia
5736,61415,2017067780,6,67,67301,2017,5,7,335,3,3,1,0,7,3, , ,N,5,2,0,3,0,1,1,1,N,N,39 54:40.772,75 14:34.179,343, ,342, ,0, ,N, ,3, , , , , , , , , ,1,1,0,0,0,0,0,0,0,0,1,0,1,0,0,0,0,0,0,0,0,0,0,0,0,0,0,0,0,0,0,0,0,0,0,3,0,39.9113,-75.2427, ,Philadelphia
5737,61416,2017073199,6,67,67301,2017,3,5,1640,16,1,1,0,1,1, , ,N,0,0,0,3,0,2,3,2,N,N,39 55:54.326,75 11:58.955,1647, ,1640, ,0, , , ,0, , , , , , , , , ,2,1,0,0,0,0,1,0,0,0,2,0,2,0,0,0,0,0,0,0,0,1,0,0,0,0,0,0,0,0,0,0,0,0,0,3,0,39.9317,-75.1997, ,Philadelphia
5738,61429,2017088883,6,67,67301,2017,8,7,955,9,1,1,0,4,1, , ,N,1,2,0,3,0,1,2,3,N,N,39 59:41.074,75 14:02.443,1010, ,958, ,0, ,N, ,3, , , , , , , , , ,3,0,0,1,0,0,2,0,0,0,0,1,1,0,0,0,0,0,0,0,0,1,0,0,0,0,0,0,0,0,0,0,0,0,0,4,1,39.9947,-75.234, ,Philadelphia
5739,61431,2017086950,6,67,67301,2017,1,6,746,7,1,1,0,2,1, , ,N,0,0,0,3,0,2,2,3,N,N,40 04:01.040,75 09:15.073,753, ,749,9,1,2, , ,0,N, , , , , , , , ,3,3,0,0,0,0,0,0,0,0,0,2,2,0,0,0,0,0,0,0,0,1,0,0,0,0,0,0,0,0,0,0,0,0,0,4,0,40.067,-75.1542, ,Philadelphia
5740,61447,2017086917,6,67,67301,2017,6,2,924,9,1,1,0,4,1, , ,N,1,2,0,3,0,1,2,2,N,N,40 01:25.774,75 05:32.910,931, ,928, ,0, ,N, ,3, , , , , , , , , ,2,1,0,0,0,0,1,0,0,0,0,1,1,0,1,0,0,0,0,0,0,1,0,0,0,0,0,0,0,0,0,0,0,0,0,4,0,40.0238,-75.0925, ,Philadelphia
5741,61448,2017086846,6,67,67301,2017,5,4,1718,17,1,1,0,8,1, , ,N,0,0,0,3,0,1,2,2,N, ,39 58:12.511,75 13:50.185,1725, ,1720, ,0, , , ,0, , , , , , , , , ,1,1,0,0,0,0,0,0,0,0,0,0,1,1,0,0,0,0,0,0,0,0,0,0,0,0,0,0,0,0,0,0,1,0,0,8,0,39.9701,-75.2306, ,Philadelphia
5742,61458,2017076362,6,67,67301,2017,6,7,200,2,3,1,0,7,4, , ,N,0,0,7,3,0,0,2,1,N,N,39 58:37.854,75 07:09.646,215, ,200, ,0, , , ,0, , , , , , , , , ,1,0,0,0,0,0,1,0,0,0,0,0,0,0,0,0,0,0,0,0,0,0,0,1,0,0,0,0,0,0,0,0,0,0,0,0,0,39.9771,-75.1194, ,Philadelphia
5743,64593,2017076328,6,67,67301,2017,6,3,700,7,1,1,0,1,1, , ,N,1,2,0,3,0,1,2,2,N, ,39 57:20.669,75 12:56.254,722, ,717, ,0, , , ,3, , , , , , , , , ,2,2,0,0,0,0,0,0,0,0,0,1,1,0,0,0,0,0,0,0,0,0,0,0,0,0,0,0,0,0,0,0,0,0,0,4,0,39.9557,-75.2156, ,Philadelphia
5744,64610,2017091756,6,67,67301,2017,8,3,2328,23,3,1,0,2,6, , ,N,0,0,0,3,0,0,1,2,N, ,40 05:28.014,75 01:27.138,2332, ,2328, ,0, , , ,0, , , , , , , , , ,2,1,0,0,0,0,0,1,0,0,0,0,0,0,0,0,0,0,0,0,0,0,0,1,0,0,0,0,0,0,0,0,0,0,0,0,0,40.0911,-75.0242, ,Philadelphia
5745,64650,2017072023,6,67,67301,2017,3,5,720,7,1,1,0,1,1, , ,N,1,2,0,3,0,1,3,3,N,N,39 58:25.571,75 15:29.588,0, ,0, ,0, ,N, ,3, , , , , , , , , ,3,1,0,0,0,0,1,0,0,0,0,0,1,1,0,0,0,0,0,0,0,0,0,0,0,0,0,0,0,0,0,0,0,0,0,8,0,39.9738,-75.2582, ,Philadelphia
5746,64651,2017076264,6,67,67301,2017,6,7,1026,10,1,2,1,4,1, , ,N,1,3,0,3,0,0,2,2,N,N,40 03:50.351,75 14:57.067,1030, ,1026, ,0, ,N, ,3, , , , , , , , , ,2,1,0,0,0,0,1,0,0,0,0,0,0,0,0,0,0,0,0,1,1,0,0,0,0,0,0,0,0,0,0,0,0,0,0,0,0,40.064,-75.2492, ,Philadelphia
5747,64703,2017086641,6,67,67301,2017,2,1,1225,12,1,1,0,4,6, , ,N,0,0,0,3,0,1,2,4,N, ,40 05:35.915,74 57:52.599,1250, ,1245, ,0, , , ,0, , , , , , , , , ,4,2,0,0,0,0,2,0,0,0,0,0,1,1,0,0,0,0,0,0,0,0,0,0,0,0,0,0,0,0,0,0,0,0,0,8,0,40.0933,-74.9646, ,Philadelphia
5748,64707,2017076160,6,67,67301,2017,6,2,1505,15,1,1,0,8,1, , ,N,1,2,0,3,0,1,2,2,N,N,39 59:04.635,75 10:40.481,1535, ,1527, ,0, ,N, ,3, , , , , , , , , ,1,0,0,0,1,0,0,0,0,0,0,1,1,0,0,0,0,0,0,0,0,1,0,1,0,0,0,0,0,0,0,0,1,0,0,4,0,39.9846,-75.1779, ,Philadelphia
5749,64712,2017078744,6,67,67301,2017,6,3,1835,18,1,1,0,4,1, , ,N,1,3,0,3,0,1,2,2,N,N,39 55:28.873,75 09:22.330,1842, ,1840,1,1,2,N, ,3,Y, , , , , , , , ,2,2,0,0,0,0,0,0,0,0,0,1,1,0,0,0,0,0,0,0,0,0,1,0,0,0,0,0,0,0,0,0,0,0,0,4,0,39.9247,-75.1562, ,Philadelphia
5750,64719,2017097856,6,67,67301,2017,9,4,1300,13,1,2,1,1,1, , ,N,0,2,0,3,0,1,2,2,N,N,40 03:07.708,75 04:03.386,1305, ,1301, ,0, , , ,3, , , , , , , , , ,2,2,0,0,0,0,0,0,0,0,0,1,1,0,0,0,0,0,0,0,1,0,0,0,0,0,0,0,0,0,0,0,0,0,0,4,0,40.0521,-75.0676, ,Philadelphia
5751,64746,2017122023,6,67,67301,2017,10,3,1247,12,1,1,0,5,1, , ,N,0,0,0,3,0,0,2,3,N,N,39 58:49.647,75 06:17.146,1256, ,1249, ,0, , , ,0, , , , , , , , , ,3,2,0,0,0,0,0,0,0,0,0,0,0,0,0,0,0,0,0,0,0,0,0,0,0,0,0,0,0,0,0,0,0,0,0,0,0,39.9805,-75.1048, ,Philadelphia
5752,64756,2017086269,6,67,67301,2017,7,4,119,1,3,1,0,4,1, , ,N,1,2,0,3,0,1,2,2,N, ,40 01:49.976,75 06:14.101,128, ,120,2,1,4, , ,3,Y, , , , , , , , ,2,1,0,0,0,0,1,0,0,0,0,1,1,0,0,0,0,0,1,0,0,0,0,0,0,0,0,0,0,0,0,0,0,0,0,4,0,40.0302,-75.1043, ,Philadelphia
5753,64762,2017120501,6,67,67301,2017,10,3,1744,17,1,1,0,5,1, , ,N,0,0,0,3,0,1,2,2,N, ,39 57:02.567,75 11:40.895,1746, ,1746, ,0, , , ,0, , , , , , , , , ,1,1,0,0,0,0,0,0,1,0,0,1,1,0,0,0,0,0,0,0,0,0,1,1,0,0,0,0,0,0,0,0,0,0,0,4,0,39.9507,-75.1947, ,Philadelphia
5754,64790,2017058339,6,67,67301,2017,5,2,1650,16,1,1,0,4,1, , ,N,1,3,0,3,0,2,2,2,N,N,40 03:10.886,75 11:19.982,1710, ,1658, ,0, ,N, ,3, , , , , , , , , ,2,2,0,0,0,0,0,0,0,0,0,0,2,2,0,0,0,0,0,0,1,1,0,0,0,0,0,0,0,0,0,0,0,0,0,8,0,40.053,-75.1889, ,Philadelphia
5755,64792,2017058774,6,67,67301,2017,5,1,2128,21,3,2,1,7,2, , ,N,0,0,2,3,0,1,6,2,N,N,39 56:19.039,75 08:35.042,2140, ,2138,2,2,2, , ,0,N, , , , , , , , ,2,2,0,0,0,0,0,0,0,0,0,0,1,1,0,0,0,0,0,1,0,0,0,0,0,0,0,0,0,0,0,0,0,0,0,8,0,39.9431,-75.1429, ,Philadelphia
5756,64812,2017078746,6,67,67301,2017,6,4,1232,12,1,1,0,4,1, , ,N,1,2,0,3,0,1,2,2,N, ,40 02:26.384,75 04:34.268,1253, ,1249,1,1,5, , ,3,N, , , , , , , , ,2,2,0,0,0,0,0,0,0,0,0,0,1,1,0,0,0,0,0,0,2,0,0,0,0,0,0,0,0,0,0,0,0,0,0,8,0,40.0407,-75.0762, ,Philadelphia
5757,64820,2017086878,6,67,67301,2017,5,1,1645,16,1,1,0,5,1, , ,N,0,0,0,3,0,1,2,2,N,N,40 01:42.630,75 06:32.495,1655, ,1651, ,0, ,N, ,0, , , , , , , , , ,2,1,1,0,0,0,0,0,0,0,0,0,1,1,1,0,0,0,0,0,0,0,0,0,0,0,0,0,0,0,0,0,0,0,0,8,0,40.0285,-75.109, ,Philadelphia
5758,64849,2017068042,6,67,67301,2017,6,2,1545,15,1,2,1,6,1, , ,N,0,0,0,3,0,3,3,2,N,N,39 58:53.900,75 12:27.600,1635, ,1630,1,2,6,N, ,0,Y, , , , , , , , ,2,1,0,0,0,0,1,0,0,0,0,0,3,3,0,0,0,0,0,0,0,0,0,3,0,0,0,0,0,0,0,0,0,0,0,8,0,39.9816,-75.2077, ,Philadelphia
5759,64898,2017091855,6,67,67301,2017,8,5,2129,21,3,1,0,8,1, , ,N,0,0,0,3,0,1,2,2,N, ,39 57:17.265,75 09:02.248,2135, ,2130,2,1,3, , ,0,N, , , , , , , , ,1,0,0,0,0,0,1,0,0,1,0,0,1,0,0,0,0,0,0,0,1,0,0,0,0,0,0,0,0,0,0,0,1,0,1,2,0,39.9548,-75.1506, ,Philadelphia
5760,64906,2017116118,6,67,67301,2017,10,7,222,2,3,1,0,1,1, , ,N,1,2,0,3,0,2,3,3,N,N,39 59:49.352,75 10:42.874,246, ,228, ,0, ,N, ,3, , , , , , , , , ,3,0,2,0,0,0,1,0,0,0,0,2,2,0,0,0,0,0,0,0,0,0,0,1,0,0,0,0,0,0,0,0,0,0,0,4,0,39.997,-75.1786, ,Philadelphia
5761,55146,2017070435,6,67,67301,2017,6,5,1400,14,1,1,0,4,1, , ,N,1,2,0,3,0,1,2,2,N, ,39 56:51.996,75 10:16.250,1805, ,1757, ,0, , , ,3, , , , , , , , , ,1,1,0,0,0,0,0,0,1,1,0,0,1,0,0,0,0,0,0,0,0,0,0,1,0,0,0,0,0,0,0,1,0,0,0,2,0,39.9478,-75.1712, ,Philadelphia
5762,55149,2017078710,6,67,67301,2017,6,6,1000,10,1,1,0,7,4, , ,N,0,0,0,3,0,1,1,1,N, ,40 01:59.670,75 04:37.416,1110, ,1100,2,1,1, , ,0,N, , , , , , , , ,1,0,0,0,0,0,0,0,0,0,1,0,1,0,0,0,0,0,0,0,1,0,0,0,0,0,0,0,0,0,0,0,0,0,0,3,0,40.0332,-75.0771, ,Philadelphia
5763,55159,2017097872,6,67,67301,2017,9,4,1930,19,3,2,1,8,1, , ,N,1,3,0,3,0,1,2,2,N,N,39 57:45.111,75 13:57.090,1930, ,1930, ,0, ,N, ,3, , , , , , , , , ,1,1,0,0,0,0,0,0,0,0,0,1,1,0,0,0,0,0,0,0,0,0,0,1,0,0,0,0,0,0,0,0,1,0,0,4,0,39.9625,-75.2325, ,Philadelphia
5764,55160,2017091777,6,67,67301,2017,8,2,1738,17,1,1,0,4,1, , ,N,5,2,0,3,0,0,2,2,N,N,40 00:09.273,75 05:59.019,1738, ,1738, ,0, ,N, ,3, , , , , , , , , ,2,2,0,0,0,0,0,0,0,0,0,0,0,0,0,0,0,0,0,0,0,0,0,0,0,0,0,0,0,0,0,0,0,0,0,0,0,40.0026,-75.0997, ,Philadelphia
5765,55167,2017097318,6,67,67301,2017,9,4,154,1,3,1,0,1,1, , ,N,7,0,2,3,0,2,4,2,N,N,40 00:31.943,75 12:18.729,201, ,157,2,2,4, , ,0,Y, , , , , , , , ,2,1,0,0,0,0,0,0,0,0,0,0,2,2,0,0,0,0,0,0,0,0,0,0,0,0,0,0,0,0,0,0,0,0,0,8,0,40.0089,-75.2052, ,Philadelphia
5766,55169,2017086170,6,67,67301,2017,7,7,1337,13,1,1,0,4,1, , ,N,0,0,7,3,0,3,4,2,N,N,40 05:12.534,75 02:23.846,1345, ,1337, ,0, ,N, ,0, , , , , , , , , ,2,2,0,0,0,0,0,0,0,0,0,1,3,2,0,0,0,0,0,0,1,0,0,1,0,0,0,0,0,0,0,0,0,0,0,4,0,40.0868,-75.04, ,Philadelphia
5767,55171,2017124168,6,67,67301,2017,11,1,1605,16,1,1,0,1,1, , ,N,0,0,0,3,0,1,6,3,N,N,39 57:30.719,75 10:01.398,1618, ,1618,1,1,4, , ,0,N, , , , , , , , ,3,1,0,0,0,0,2,0,0,0,1,0,1,0,0,0,0,0,0,0,1,0,0,0,0,0,0,0,0,0,0,0,0,0,0,3,0,39.9585,-75.1671, ,Philadelphia
5768,55172,2017112177,6,67,67301,2017,10,2,1152,11,1,1,0,7,4, , ,N,0,0,0,3,0,1,1,1,N,N,39 59:53.069,75 04:52.535,1200, ,1153,1,1,1, , ,0,N, , , , , , , , ,1,1,0,0,0,0,0,0,0,0,1,0,1,0,0,0,0,0,0,0,1,0,0,0,0,0,0,0,0,0,0,0,0,0,0,3,0,39.9981,-75.0813, ,Philadelphia
5769,55174,2017109869,6,67,67301,2017,10,5,839,8,1,1,0,4,1, , ,N,0,0,0,3,0,2,6,6,N,N,40 02:42.952,75 04:02.721,843, ,840,2,2,6, , ,0,Y, , , , , , , , ,6,6,0,0,0,0,0,0,0,0,0,2,2,0,0,0,0,0,0,0,0,0,0,0,0,0,0,0,0,0,0,0,0,0,0,4,0,40.0453,-75.0674, ,Philadelphia
5770,55183,2017073734,6,67,67301,2017,7,4,722,7,1,1,0,8,1, , ,N,1,3,0,3,0,1,2,2,N,N,39 58:45.526,75 09:02.376,739, ,736, ,0, ,N, ,3, , , , , , , , , ,1,1,0,0,0,0,0,0,0,0,0,1,1,0,0,0,0,0,0,0,1,0,0,0,0,0,0,0,0,0,0,0,1,0,0,4,0,39.9793,-75.1507, ,Philadelphia
5771,55206,2017088849,6,67,67301,2017,8,7,900,9,1,1,0,4,1, , ,N,1,3,0,3,0,3,4,2,N, ,39 56:11.432,75 13:17.864,2215, ,945, ,0, , , ,3, , , , , , , , , ,2,2,0,0,0,0,0,0,0,0,0,0,3,3,1,0,0,0,0,0,0,0,0,4,0,0,0,0,0,0,0,0,0,0,0,8,0,39.9365,-75.2216, ,Philadelphia
5772,55222,2017105984,6,67,67301,2017,9,7,2000,20,3,2,1,4,1, , ,N,1,3,0,3,0,1,3,2,N,N,39 54:29.311,75 11:02.320,2008, ,2002, ,0, , , ,3, , , , , , , , , ,2,2,0,0,0,0,0,0,0,0,0,1,1,0,0,0,1,0,0,0,0,0,0,0,0,0,0,0,0,0,0,0,0,0,0,4,0,39.9081,-75.184, ,Philadelphia
5773,55232,2017052300,6,67,67301,2017,4,5,1959,19,3,1,0,4,1, , ,N,1,2,0,3,0,1,2,2,N,N,39 56:45.313,75 14:24.124,2008, ,2006,2,1,7,N, ,3,Y, , , , , , , , ,2,0,1,0,0,0,1,0,0,0,1,0,1,0,0,0,0,0,0,0,1,0,0,0,0,0,0,0,0,0,0,0,0,0,0,3,0,39.9459,-75.2401, ,Philadelphia
5774,55236,2017060754,6,67,67301,2017,5,5,39,0,3,1,0,1,1, , ,N,1,2,0,3,0,1,2,2,N,N,39 56:22.364,75 11:53.329,1250, ,1044, ,0, ,N, ,3, , , , , , , , , ,2,2,0,0,0,0,0,0,0,0,0,0,1,1,0,0,0,0,0,0,0,0,0,0,0,0,0,0,0,0,0,0,0,0,0,8,0,39.9396,-75.1982, ,Philadelphia
5775,55254,2017076212,6,67,67301,2017,6,7,1254,12,1,1,0,4,1, , ,N,0,0,7,3,0,4,4,2,N, ,40 03:03.299,75 03:55.699,1257, ,1254, ,0, , , ,0, , , , , , , , , ,2,2,0,0,0,0,0,0,0,0,0,0,4,4,0,0,0,0,0,0,0,0,0,0,0,0,0,0,0,0,0,0,0,0,0,8,0,40.0509,-75.0655, ,Philadelphia
5776,55306,2017078838,6,67,67301,2017,7,1,40,0,3,1,0,7,4, , ,N,1,0,0,3,0,1,1,1,N,N,40 02:52.785,75 04:38.766,50, ,44, ,0, ,N, ,0, , , , , , , , , ,1,1,0,0,0,0,0,0,0,0,0,0,1,1,0,0,0,0,0,0,0,0,0,0,0,0,0,0,0,0,0,0,0,0,0,8,0,40.048,-75.0774, ,Philadelphia
5777,55319,2017108001,6,67,67301,2017,8,3,955,9,1,2,1,3,1, , ,N,0,0,7,3,0,0,2,2,N,N,40 04:43.590,75 10:10.939,1022, ,956,9,1,2,N, ,0,N, , , , , , , , ,2,1,0,0,0,0,1,0,0,0,0,0,0,0,0,0,0,0,0,0,0,0,1,0,0,0,0,0,0,0,0,0,0,0,0,0,0,40.0788,-75.1697, ,Philadelphia
5778,55322,2017087757,6,67,67301,2017,8,7,403,4,3,1,0,5,2, , ,N,0,0,0,3,0,0,2,3,N,N,39 57:44.781,75 08:22.919,403, ,403,1,2,2, , ,0,N, , , , , , , , ,3,2,0,0,0,0,1,0,0,0,0,0,0,0,0,0,0,0,0,0,0,0,0,0,0,0,0,0,0,0,0,0,0,0,0,0,0,39.9624,-75.1397, ,Philadelphia
5779,58244,2017086941,6,67,67301,2017,1,3,1610,16,1,2,1,8,1, , ,N,0,0,0,3,0,1,2,2,N,N,40 02:51.361,75 09:20.312,1354, ,1352, ,0, ,N, ,0, , , , , , , , , ,1,1,0,0,0,0,0,0,0,0,1,0,1,0,1,0,0,0,0,0,0,0,0,0,0,0,0,0,0,0,0,0,1,0,0,3,0,40.0476,-75.1556, ,Philadelphia
5780,58251,2017086855,6,67,67301,2017,5,3,1633,16,1,1,0,4,1, , ,N,1,2,0,3,0,3,3,2,N,N,39 54:53.780,75 14:15.367,1731, ,1658, ,0, ,N, ,3, , , , , , , , , ,2,0,0,0,0,0,1,1,0,1,2,0,3,0,0,0,0,0,0,0,0,0,0,0,0,0,0,0,0,0,0,0,0,0,0,2,0,39.9149,-75.2376, ,Philadelphia
5781,58256,2017116228,6,67,67301,2017,10,7,1600,16,1,1,0,5,6, , ,N,0,0,0,3,0,1,3,2,N, ,40 01:18.195,75 11:37.313,1635, ,1630, ,0, , , ,0, , , , , , , , , ,2,1,0,0,1,0,0,0,0,0,0,0,1,1,1,0,0,0,0,0,1,0,0,0,0,0,0,0,0,0,0,0,0,0,0,8,0,40.0217,-75.1937, ,Philadelphia
5782,58274,2017014958,6,67,67301,2017,2,7,2057,20,3,1,0,7,2, , ,N,7,0,2,3,0,2,2,1,N,N,39 54:26.891,75 08:58.831,2120, ,2107,1,1,1, , ,0,N, , , , , , , , ,1,1,0,0,0,0,0,0,0,0,2,0,2,0,0,0,0,0,0,0,0,0,0,0,0,0,0,0,0,0,0,0,0,0,0,3,0,39.9087,-75.1494, ,Philadelphia
5783,58298,2017086880,6,67,67301,2017,5,2,1011,10,1,2,1,1,6, , ,N,0,0,0,3,0,1,1,2,N, ,39 55:54.299,75 08:57.811,1020, ,1011, ,0, , , ,0, , , , , , , , , ,2,1,0,0,0,0,1,0,0,0,0,0,1,1,0,0,0,0,0,0,0,0,0,0,0,0,0,0,0,0,0,0,0,0,0,8,0,39.9317,-75.1494, ,Philadelphia
5784,58306,2017091871,6,67,67301,2017,8,4,1945,19,3,1,0,7,3, , ,N,0,0,1,3,0,0,1,1,N,N,40 01:01.083,75 05:00.391,1945, ,1945, ,0, ,N, ,0, , , , , , , , , ,1,0,0,0,0,0,1,0,0,0,0,0,0,0,0,0,0,0,0,0,0,0,0,0,0,0,0,0,0,0,0,0,0,0,0,0,0,40.017,-75.0834, ,Philadelphia
5785,58310,2017111558,6,67,67301,2017,10,2,810,8,1,2,1,8,1, , ,N,0,0,0,3,0,1,2,2,N, ,40 03:39.398,75 11:29.944,812, ,812, ,0, , , ,0, , , , , , , , , ,1,1,0,0,0,0,0,0,0,0,0,0,1,1,0,0,0,0,0,0,1,0,0,1,0,0,0,0,0,0,0,0,1,0,0,8,0,40.061,-75.1917, ,Philadelphia
5786,58323,2017086795,6,67,67301,2017,4,2,1955,19,3,1,0,6,1, , ,N,0,0,0,3,0,1,3,2,N,N,39 56:02.185,75 11:39.743,2023, ,2017, ,0, ,N, ,0, , , , , , , , , ,1,1,0,0,0,0,0,0,1,0,0,1,1,0,0,0,0,0,0,0,0,0,0,0,0,0,0,0,0,0,0,0,0,0,0,4,0,39.9339,-75.1944, ,Philadelphia
5787,58354,2017116239,6,67,67301,2017,10,2,700,7,1,1,0,4,1, , ,N,0,3,7,3,0,1,2,2,N,N,39 59:51.443,75 05:19.681,735, ,735, ,0, , , ,3, , , , , , , , , ,2,1,0,0,0,0,1,0,0,0,0,1,1,0,0,0,0,0,0,0,1,0,0,1,0,0,0,0,0,0,0,0,0,0,0,4,0,39.9976,-75.0888, ,Philadelphia
5788,58363,2017091816,6,67,67301,2017,8,7,32,0,3,1,0,4,1, , ,N,5,2,2,3,0,0,2,2,N,N,39 57:27.542,75 09:44.544,50, ,32,2,2,1,N, ,3,Y, , , , , , , , ,2,2,0,0,0,0,0,0,0,0,0,0,0,0,0,0,0,0,0,1,0,0,0,0,0,0,0,0,0,0,0,0,0,0,0,0,0,39.9577,-75.1624, ,Philadelphia
5789,58383,2017067370,6,67,67301,2017,6,3,1725,17,1,1,0,7,2, , ,N,7,0,2,3,0,0,2,1,N,N,40 00:33.870,75 03:56.332,1810, ,1728,2,1,2, , ,0,N, , , , , , , , ,1,0,0,0,0,0,1,0,0,0,0,0,0,0,0,0,0,0,0,0,0,0,0,0,0,0,0,0,0,0,0,0,0,0,0,0,0,40.0091,-75.0672, ,Philadelphia
5790,58388,2017076323,6,67,67301,2017,6,6,1025,10,1,1,0,4,1, , ,N,1,2,0,3,0,1,3,3,N,N,40 02:50.956,75 05:30.725,1030, ,1027, ,0, , , ,3, , , , , , , , , ,3,2,0,0,1,0,0,0,0,0,0,1,1,0,0,0,1,0,0,0,2,0,0,0,0,0,0,0,0,0,0,0,0,0,0,4,0,40.0475,-75.0919, ,Philadelphia
5791,58396,2017078810,6,67,67301,2017,6,4,1700,17,1,1,1,4,1, , ,N,1,3,0,3,0,2,3,2,N,N,39 57:24.786,75 12:22.287,1710, ,1708, ,0, ,N, ,3, , , , , , , , , ,2,1,0,0,0,0,1,0,0,0,0,2,2,0,0,0,0,0,0,0,0,0,1,1,0,0,0,0,0,0,0,0,0,0,0,4,0,39.9569,-75.2062, ,Philadelphia
5792,58401,2017076210,6,67,67301,2017,6,1,52,0,3,1,0,5,1, , ,N,0,0,0,3,0,1,2,3,N,N,40 03:09.943,75 05:50.251,58, ,53,2,2,4,N, ,0,Y, , , , , , , , ,3,3,0,0,0,0,0,0,0,0,0,1,1,0,0,0,0,0,0,0,0,0,0,1,0,0,0,0,0,0,0,0,0,0,0,4,0,40.0528,-75.0973, ,Philadelphia
5793,58408,2017086330,6,67,67301,2017,8,3,1553,15,1,1,0,4,1, , ,N,1,2,0,3,0,1,2,2,N,N,40 05:41.324,75 03:02.617,1558, ,1554, ,0, ,N, ,3, , , , , , , , , ,1,0,0,0,0,0,1,0,1,1,0,0,1,0,0,0,0,0,0,0,0,0,0,1,0,0,0,0,0,0,0,1,0,0,0,2,0,40.0948,-75.0507, ,Philadelphia
5794,58409,2017086286,6,67,67301,2017,7,2,1905,19,1,1,0,4,1, , ,N,0,0,7,3,0,1,3,2,N, ,40 02:29.750,75 01:39.387,1907, ,1905,2,1,2, , ,0,Y, , , , , , , , ,2,2,0,0,0,0,0,0,0,0,0,1,1,0,0,0,0,0,0,1,0,0,0,0,0,0,0,0,0,0,0,0,0,0,0,4,0,40.0416,-75.0276, ,Philadelphia
5795,58431,2017067786,6,67,67301,2017,5,5,707,7,1,2,1,1,1, , ,N,1,0,0,3,0,1,2,2,N,N,40 01:54.196,75 05:32.075,800, ,738, ,0, ,N, ,0, , , , , , , , , ,2,1,0,0,0,0,0,1,0,0,0,1,1,0,0,0,0,1,0,0,1,0,0,1,0,0,0,0,0,0,0,0,0,0,0,4,0,40.0317,-75.0922, ,Philadelphia
5796,58467,2017120741,6,67,67301,2017,10,3,1133,11,1,2,1,4,1, , ,N,1,2,0,3,0,1,3,3,N,N,39 55:35.474,75 11:10.855,1148, ,1145, ,0, ,N, ,3, , , , , , , , , ,3,0,0,0,1,0,2,0,0,0,0,1,1,0,0,0,0,0,1,0,1,0,0,0,0,0,0,0,0,0,0,0,0,0,0,4,0,39.9265,-75.1863, ,Philadelphia