objectid_1,objectid,crn,district,county,municipality,crash_year,crash_month,day_of_week,time_of_day,hour_of_day,illumination,weather,road_condition,collision_type,relation_to_road,work_zone_type,work_zone_loc,work_zone_ind,intersect_type,tcd_type,location_type,urban_rural,fatal_count,injury_count,person_count,total_units,sch_bus_ind,sch_zone_ind,latitude,longitude,arrival_tm,cons_zone_spd_lim,dispatch_tm,est_hrs_closed,lane_closed,ln_close_dir,ntfy_hiwy_maint,spec_juris_cd,tcd_func_cd,tfc_detour_ind,workers_pres,wz_close_detour,wz_flagger,wz_law_offcr_ind,wz_ln_closure,wz_moving,wz_other,wz_shlder_mdn,vehicle_count,automobile_count,motorcycle_count,bus_count,small_truck_count,heavy_truck_count,suv_count,van_count,bicycle_count,maj_inj_count,mod_inj_count,min_inj_count,tot_inj_count,unk_inj_deg_count,unk_inj_per_count,driver_count_16yr,driver_count_17yr,driver_count_18yr,driver_count_19yr,driver_count_20yr,driver_count_50_64yr,driver_count_65_74yr,driver_count_75plus,unbelted_occ_count,unb_death_count,unb_maj_inj_count,belted_death_count,belted_maj_inj_count,mcycle_death_count,mcycle_maj_inj_count,bicycle_death_count,bicycle_maj_inj_count,ped_count,ped_death_count,ped_maj_inj_count,max_severity_level,comm_veh_count,dec_lat,dec_long,rdwy_surf_type_cd,county_name
5928,58700,2017120730,6,67,67301,2017,10,2,1445,14,1,1,0,4,1, , ,N,1,3,0,3,0,0,2,2,N, ,39 57:46.836,75 09:30.286,1507, ,1504,2,1,1, , ,3,N, , , , , , , , ,2,1,0,0,0,0,1,0,0,0,0,0,0,0,0,0,0,0,0,0,0,0,0,0,0,0,0,0,0,0,0,0,0,0,0,0,0,39.963,-75.1584, ,Philadelphia
5929,58719,2017068000,6,67,67301,2017,5,4,1340,13,1,1,0,1,1, , ,N,3,3,0,3,0,2,3,2,N,N,39 59:45.110,75 11:28.893,1400, ,1344,1,1,1, , ,3,N, , , , , , , , ,2,2,0,0,0,0,0,0,0,0,0,2,2,0,0,0,0,0,0,0,0,0,0,0,0,0,0,0,0,0,0,0,0,0,0,4,0,39.9959,-75.1914, ,Philadelphia
5930,58732,2017073265,6,67,67301,2017,7,3,119,1,3,1,0,1,1, , ,N,6,0,2,3,0,0,3,3,N,N,39 56:55.149,75 11:07.689,119, ,119,1,1,4, , ,0,N, , , , , , , , ,3,3,0,0,0,0,0,0,0,0,0,0,0,0,0,0,0,0,1,1,0,0,0,0,0,0,0,0,0,0,0,0,0,0,0,0,0,39.9487,-75.1855, ,Philadelphia
5931,58765,2017079156,6,67,67301,2017,7,6,1703,17,1,1,0,1,1, , ,N,0,0,0,3,0,1,6,3,N,N,39 58:29.828,75 07:02.776,1714, ,1704,1,1,2, , ,0,N, , , , , , , , ,3,1,0,0,0,0,1,1,0,1,0,0,1,0,0,0,0,0,0,0,1,0,0,0,0,0,0,1,0,0,0,0,0,0,0,2,0,39.9749,-75.1175, ,Philadelphia
5932,58771,2017086858,6,67,67301,2017,5,7,1305,13,1,2,1,7,1, , ,N,0,0,1,3,0,0,3,1,N,N,39 55:56.611,75 13:08.097,1323, ,1321, ,0, , , ,0, , , , , , , , , ,1,0,0,0,0,1,0,0,0,0,0,0,0,0,0,0,0,0,0,0,1,0,0,0,0,0,0,0,0,0,0,0,0,0,0,0,1,39.9324,-75.2189, ,Philadelphia
5933,58801,2017109765,6,67,67301,2017,9,5,2340,23,3,1,0,1,1, , ,N,0,0,0,3,0,2,3,4,N,N,40 02:19.156,75 03:53.758,2340, ,2340, ,0, ,N, ,0, , , , , , , , , ,4,2,0,0,0,0,2,0,0,0,0,2,2,0,0,0,0,0,0,0,0,0,0,1,0,0,0,0,0,0,0,0,0,0,0,4,0,40.0387,-75.0649, ,Philadelphia
5934,58815,2017070422,6,67,67301,2017,6,1,438,4,3,1,0,7,4, , ,N,2,0,0,3,0,1,3,1,N,N,40 00:59.183,75 04:17.918,438, ,438,3,1,4, , ,0,N, , , , , , , , ,1,0,0,0,0,0,0,1,0,1,0,0,1,0,0,0,0,0,0,0,0,0,0,0,0,0,0,1,0,0,0,0,0,0,0,2,0,40.0164,-75.0716, ,Philadelphia
5935,58822,2017088786,6,67,67301,2017,8,7,1220,12,1,1,0,5,1, , ,N,0,0,0,3,0,0,2,2,N,N,40 01:16.538,75 08:26.373,1233, ,1230,1,1,2,N, ,0,N, , , , , , , , ,2,1,0,0,0,0,0,1,0,0,0,0,0,0,2,0,0,0,0,0,0,0,0,0,0,0,0,0,0,0,0,0,0,0,0,9,0,40.0213,-75.1407, ,Philadelphia
5936,58833,2017115972,6,67,67301,2017,10,4,817,8,1,1,0,4,1, , ,N,0,0,7,3,0,0,5,2,N,Y,40 03:23.384,75 09:36.523,847, ,832, ,0, ,N, ,0, , , , , , , , , ,2,2,0,0,0,0,0,0,0,0,0,0,0,0,3,0,0,0,1,0,0,0,0,0,0,0,0,0,0,0,0,0,0,0,0,9,0,40.0565,-75.1601, ,Philadelphia
5937,58840,2017106180,6,67,67301,2017,10,6,1747,17,1,1,0,1,1, , ,N,0,0,0,3,0,2,5,3,N,N,39 58:45.774,75 12:14.825,1815, ,1755, ,0, , , ,0, , , , , , , , , ,3,3,0,0,0,0,0,0,0,0,0,0,2,2,0,0,0,0,0,0,1,0,0,0,0,0,0,0,0,0,0,0,0,0,0,8,0,39.9789,-75.2034, ,Philadelphia
5938,58847,2017130597,6,67,67301,2017,10,6,1655,16,1,1,0,4,1, , ,N,1,2,0,3,0,2,3,2,N, ,39 56:47.623,75 14:45.625,1700, ,1700, ,0, ,N, ,3, , , , , , , , , ,2,2,0,0,0,0,0,0,0,0,0,0,2,2,0,0,0,0,0,0,1,0,0,1,0,0,0,0,0,0,0,0,0,0,0,8,0,39.9466,-75.246, ,Philadelphia
5939,58902,2017067705,6,67,67301,2017,5,1,2251,22,3,2,1,6,6, , ,N,0,0,0,3,0,1,1,2,N,N,40 01:46.275,75 10:07.680,40, ,33,2,2,5,N, ,0,Y, , , , , , , , ,2,1,0,0,0,0,1,0,0,0,0,0,1,1,0,0,0,0,0,0,0,0,0,0,0,0,0,0,0,0,0,0,0,0,0,8,0,40.0295,-75.1688, ,Philadelphia
5940,58903,2017067894,6,67,67301,2017,6,3,1839,18,1,1,1,1,1, , ,N,0,0,0,3,0,1,2,2,N,N,40 01:53.821,75 02:10.756,1855, ,1853,9,1,4,N, ,0,N, , , , , , , , ,2,1,0,0,0,0,1,0,0,0,0,1,1,0,0,0,0,0,0,0,0,0,0,0,0,0,0,0,0,0,0,0,0,0,0,4,0,40.0316,-75.0363, ,Philadelphia
5941,62008,2017086765,6,67,67301,2017,4,7,730,7,1,1,1,7,4, , ,N,0,0,0,3,0,0,1,1,N,N,40 01:51.930,75 05:08.766,742, ,730,2,1,1,Y, ,0,N, , , , , , , , ,1,1,0,0,0,0,0,0,0,0,0,0,0,0,0,0,0,0,0,0,0,0,0,0,0,0,0,0,0,0,0,0,0,0,0,0,0,40.0311,-75.0858, ,Philadelphia
5942,62012,2017108024,6,67,67301,2017,9,5,1710,17,1,1,0,4,1, , ,N,1,2,0,3,0,1,3,2,N,N,40 04:51.446,75 12:09.698,1915, ,1915, ,0, ,N, ,3, , , , , , , , , ,2,2,0,0,0,0,0,0,0,0,0,0,1,1,2,0,0,0,0,0,0,0,0,0,0,0,0,0,0,0,0,0,0,0,0,8,0,40.0808,-75.2027, ,Philadelphia
5943,62014,2017091677,6,67,67301,2017,8,3,1550,15,1,1,0,5,6, , ,N,0,0,0,3,0,0,1,3,N, ,40 02:16.142,75 05:23.834,1601, ,1600, ,0, , , ,0, , , , , , , , , ,3,2,0,0,0,0,0,1,0,0,0,0,0,0,1,0,0,0,0,0,0,0,0,0,0,0,0,0,0,0,0,0,0,0,0,9,0,40.0378,-75.09, ,Philadelphia
5944,62023,2017086102,6,67,67301,2017,6,1,1717,17,1,1,0,4,1, , ,N,2,3,0,3,0,0,3,3,N, ,39 57:34.488,75 14:25.756,1859, ,1855, ,0, , , ,3, , , , , , , , , ,3,2,0,0,0,0,1,0,0,0,0,0,0,0,0,0,0,0,0,0,0,0,0,0,0,0,0,0,0,0,0,0,0,0,0,0,0,39.9596,-75.2405, ,Philadelphia
5945,62031,2017068050,6,67,67301,2017,6,6,1712,17,1,1,0,5,1, , ,N,0,0,0,3,0,0,3,2,N,N,39 59:35.836,75 13:35.940,1721, ,1717, ,0, ,N, ,0, , , , , , , , , ,2,1,0,0,0,0,1,0,0,0,0,0,0,0,0,0,0,0,0,0,1,0,0,0,0,0,0,0,0,0,0,0,0,0,0,0,0,39.9933,-75.2267, ,Philadelphia
5946,62035,2017071268,6,67,67301,2017,1,2,800,8,1,2,1,1,1, , ,N,2,2,0,3,0,1,2,2,N,N,39 58:31.037,75 10:05.801,0, ,0, ,0, ,N, ,3, , , , , , , , , ,2,0,0,0,0,0,0,1,0,0,0,1,1,0,0,0,0,0,0,0,0,0,0,0,0,0,0,0,0,0,0,0,0,0,0,4,0,39.9753,-75.1683, ,Philadelphia
5947,62053,2017088858,6,67,67301,2017,8,5,545,5,1,1,0,4,1, , ,N,1,3,0,3,0,1,2,2,N,N,39 57:14.058,75 12:37.123,547, ,542, ,0, ,N, ,3, , , , , , , , , ,1,0,0,0,0,0,1,0,1,0,1,0,1,0,0,0,0,0,0,0,1,0,0,0,0,0,0,0,0,0,0,0,0,0,0,3,0,39.9539,-75.2103, ,Philadelphia
5948,62070,2017109787,6,67,67301,2017,9,1,1527,15,1,1,0,4,1, , ,N,1,2,0,3,0,1,5,2,N, ,40 02:26.384,75 04:34.268,1543, ,1541, ,0, , , ,3, , , , , , , , , ,2,1,0,0,0,0,0,1,0,0,0,0,1,1,0,0,0,0,0,0,0,0,0,0,0,0,0,0,0,0,0,0,0,0,0,8,0,40.0407,-75.0762, ,Philadelphia
5949,62081,2017054828,6,46,46102,2017,5,2,2205,22,3,1,0,1,1, , ,N,5,2,0,3,0,2,4,3,N,N,40 04:26.918,75 09:30.203,2210, ,2205,2,1,4,N, ,3,N, , , , , , , , ,3,1,0,0,0,0,2,0,0,0,0,0,2,2,0,0,0,0,0,0,2,0,0,0,0,0,0,0,0,0,0,0,0,0,0,8,0,40.0741,-75.1584, ,Montgomery
5950,62083,2017067888,6,67,67301,2017,6,3,2013,20,1,1,0,1,1, , ,N,0,2,0,3,0,1,3,3,N,N,40 01:44.658,75 03:45.611,2017, ,2013, ,0, ,N, ,3, , , , , , , , , ,3,1,0,0,1,0,0,1,0,0,0,0,1,1,1,0,0,0,0,0,2,0,0,0,0,0,0,0,0,0,0,0,0,0,0,8,0,40.029,-75.0627, ,Philadelphia
5951,62086,2017086931,6,67,67301,2017,1,4,2145,21,3,1,0,8,1, , ,N,0,0,0,3,0,1,2,2,N,N,39 59:52.112,75 09:31.196,2200, ,2155, ,0, ,N, ,0, , , , , , , , , ,1,1,0,0,0,0,0,0,0,0,0,1,1,0,0,0,0,0,0,0,1,0,0,0,0,0,0,0,0,0,0,0,1,0,0,4,0,39.9978,-75.1587, ,Philadelphia
5952,62090,2017086837,6,67,67301,2017,5,4,1325,13,1,9,8,5,1, , ,N,0,0,0,3,0,1,2,2,N,N,39 58:13.702,75 09:34.495,1340, ,1330, ,0, ,N, ,0, , , , , , , , , ,1,0,0,0,0,0,1,0,1,0,1,0,1,0,1,0,0,0,0,0,0,0,0,0,0,0,0,0,0,0,0,0,0,0,0,3,0,39.9705,-75.1596, ,Philadelphia
5953,62093,2017105871,6,67,67301,2017,9,1,305,3,3,1,0,4,1, , ,N,1,2,0,3,0,1,2,2,N, ,40 02:07.762,75 13:02.189,315, ,312, ,0, , , ,3, , , , , , , , , ,2,1,0,0,0,0,1,0,0,0,0,0,1,1,0,0,0,0,0,0,0,0,0,2,0,0,0,0,0,0,0,0,0,0,0,8,0,40.0355,-75.2173, ,Philadelphia
5954,62095,2017091767,6,67,67301,2017,8,2,1645,16,1,2,0,4,1, , ,N,1,3,0,3,0,1,2,4,N,N,39 56:33.899,75 09:42.753,1701, ,1701,2,2,2,N, ,3,Y, , , , , , , , ,4,2,0,0,0,0,2,0,0,0,1,0,1,0,0,0,0,0,0,0,1,0,0,0,0,0,0,0,0,0,0,0,0,0,0,3,0,39.9427,-75.1619, ,Philadelphia
5955,62101,2017120556,6,67,67301,2017,10,7,1025,10,1,1,0,4,1, , ,N,1,3,0,3,0,1,2,2,N,N,39 58:24.232,75 11:07.371,1047, ,1042, ,0, ,N, ,3, , , , , , , , , ,1,0,0,0,1,0,0,0,1,0,1,0,1,0,0,0,0,0,0,0,0,0,0,0,0,0,0,0,0,0,0,0,0,0,0,3,0,39.9734,-75.1854, ,Philadelphia
5956,62114,2017101862,6,67,67301,2017,9,1,1830,18,4,9,0,8,1, , ,N,1,2,0,3,0,1,2,2,N,N,40 00:11.783,75 09:57.234,2133, ,2130, ,0, , , ,3, , , , , , , , , ,1,1,0,0,0,0,0,0,0,0,0,0,1,1,0,0,0,0,0,0,0,0,0,0,0,0,0,0,0,0,0,0,1,0,0,8,0,40.0033,-75.1659, ,Philadelphia
5957,62125,2017076143,6,67,67301,2017,6,7,819,8,1,2,1,1,1, , ,N,0,0,0,3,0,0,3,3,N,N,40 00:33.700,75 11:18.700,836, ,821, ,0, ,N, ,0, , , , , , , , , ,3,1,0,0,1,0,1,0,0,0,0,0,0,0,0,0,0,0,0,0,1,0,0,0,0,0,0,0,0,0,0,0,0,0,0,0,0,40.0105,-75.185, ,Philadelphia
5958,62126,2017086961,6,67,67301,2017,1,6,1650,16,3,1,0,4,1, , ,N,1,3,0,3,0,1,2,2,N, ,40 03:04.374,75 04:47.639,1708, ,1700, ,0, , , ,3, , , , , , , , , ,2,0,0,0,0,0,1,1,0,0,0,0,1,1,0,0,0,0,0,0,1,0,0,1,0,0,0,0,0,0,0,0,0,0,0,8,0,40.0512,-75.0799, ,Philadelphia
5959,65955,2017108548,6,67,67301,2017,10,7,1402,14,1,1,0,5,1, , ,N,0,0,0,3,0,0,2,2,N,N,39 55:37.034,75 11:41.888,1421, ,1410,1,1,4, , ,0,N, , , , , , , , ,2,1,0,0,0,1,0,0,0,0,0,0,0,0,0,0,0,0,0,0,1,0,0,0,0,0,0,0,0,0,0,0,0,0,0,0,1,39.9269,-75.1949, ,Philadelphia
5960,65959,2017088795,6,67,67301,2017,8,7,2120,21,3,1,0,4,1, , ,N,1,2,0,3,0,1,2,2,N,N,39 58:08.006,75 08:03.925,2138, ,2131, ,0, , , ,3, , , , , , , , , ,2,1,0,1,0,0,0,0,0,0,0,0,1,1,0,0,0,0,0,0,1,0,0,0,0,0,0,0,0,0,0,0,0,0,0,8,1,39.9689,-75.1344, ,Philadelphia
5961,65972,2017096504,6,67,67301,2017,8,2,1936,19,3,2,1,8,1, , ,N,0,0,0,3,0,1,2,2,N,N,40 05:15.186,75 02:06.784,1940, ,1936, ,0, ,N, ,0, , , , , , , , , ,1,1,0,0,0,0,0,0,0,0,0,1,1,0,0,0,0,0,0,0,0,0,0,0,0,0,0,0,0,0,0,0,1,0,0,4,0,40.0876,-75.0352, ,Philadelphia
5962,66003,2017087744,6,67,67301,2017,6,1,446,4,3,1,0,1,1, , ,N,0,0,0,3,1,2,3,3,N,N,39 57:27.148,75 09:36.153,446, ,446,3,2,3, ,0,0,Y, , , , , , , , ,2,1,0,0,0,0,1,0,0,1,1,0,2,0,0,0,0,0,0,0,0,0,0,0,0,0,0,1,0,0,0,0,1,1,0,1,0,39.9575,-75.16,1,Philadelphia
5963,66007,2017086040,6,67,67301,2017,7,1,2146,21,3,1,0,5,6, , ,N,0,0,0,3,0,0,1,3,N,N,39 57:57.279,75 12:29.318,2148, ,2146, ,0, ,N, ,0, , , , , , , , , ,3,1,0,0,0,0,2,0,0,0,0,0,0,0,0,0,0,0,0,0,0,0,0,0,0,0,0,0,0,0,0,0,0,0,0,0,0,39.9659,-75.2081, ,Philadelphia
5964,66019,2017091815,6,67,67301,2017,8,2,1200,12,1,1,0,1,1, , ,N,1,2,0,3,0,0,3,2,N,N,39 57:43.372,75 09:33.468,1217, ,1213, ,0, , , ,3, , , , , , , , , ,2,1,0,0,0,1,0,0,0,0,0,0,0,0,1,0,0,0,0,0,0,0,0,0,0,0,0,0,0,0,0,0,0,0,0,9,1,39.9619,-75.1593, ,Philadelphia
5965,66056,2017086229,6,67,67301,2017,7,7,0,0,3,1,0,5,6, , ,N,0,0,0,3,0,0,1,3,N, ,39 58:35.054,75 14:37.777,25, ,20, ,0, ,N, ,0, , , , , , , , , ,3,2,0,0,0,0,1,0,0,0,0,0,0,0,0,0,0,0,0,0,0,0,0,1,0,0,0,0,0,0,0,0,0,0,0,0,0,39.9764,-75.2438, ,Philadelphia
5966,66062,2017111575,6,67,67301,2017,9,7,2146,21,3,1,0,4,1, , ,N,1,2,0,3,0,2,3,3,N, ,40 02:12.076,75 07:56.939,2150, ,2148, ,0, , , ,3, , , , , , , , , ,3,1,0,0,1,0,1,0,0,0,0,2,2,0,0,0,0,0,0,0,0,0,0,1,0,0,0,0,0,0,0,0,0,0,0,4,0,40.0367,-75.1325, ,Philadelphia
5967,66066,2017102714,6,67,67301,2017,10,4,835,8,1,1,0,7,7, , ,N,0,8,5,3,0,0,1,1,N,N,39 54:35.100,75 09:16.000,837, ,835,1,1,4,N, ,3,N, , , , , , , , ,1,0,0,0,0,0,1,0,0,0,0,0,0,0,0,0,0,0,0,0,0,0,1,0,0,0,0,0,0,0,0,0,0,0,0,0,0,39.9098,-75.1544, ,Philadelphia
5968,66067,2017097891,6,67,67301,2017,9,7,1115,11,1,1,0,1,1, , ,N,1,2,0,3,0,0,2,2,N,N,40 04:17.702,75 09:27.521,1137, ,1119, ,0, ,N, ,3, , , , , , , , , ,2,2,0,0,0,0,0,0,0,0,0,0,0,0,0,0,0,0,0,0,0,0,1,0,0,0,0,0,0,0,0,0,0,0,0,0,0,40.0716,-75.1576, ,Philadelphia
5969,66069,2017093619,6,67,67301,2017,8,1,2202,22,3,1,0,4,1, , ,N,1,2,0,3,0,1,2,2,N,N,40 01:13.862,75 03:13.412,2212, ,2204, ,0, ,N, ,3, , , , , , , , , ,2,2,0,0,0,0,0,0,0,0,0,0,1,1,0,0,0,0,0,0,0,0,0,0,0,0,0,0,0,0,0,0,0,0,0,8,0,40.0205,-75.0537, ,Philadelphia
5970,66072,2017128472,6,67,67301,2017,12,6,1825,18,3,1,0,1,1, , ,N,0,0,0,3,0,3,6,2,N,N,39 56:49.656,75 08:32.175,1855, ,1835, ,0, ,N, ,0, , , , , , , , , ,2,1,0,0,0,0,0,1,0,0,3,0,3,0,0,0,0,0,0,0,1,0,0,0,0,0,0,0,0,0,0,0,0,0,0,3,0,39.9471,-75.1423, ,Philadelphia
5971,66073,2017127373,6,67,67301,2017,11,7,1253,12,1,1,0,4,1, , ,N,1,2,0,3,0,1,2,2,N, ,39 58:01.833,75 12:20.294,1300, ,1258,3,1,5, , ,3,Y, , , , , , , , ,2,0,0,0,1,1,0,0,0,0,0,0,1,1,0,0,0,0,0,0,0,0,0,0,0,0,0,0,0,0,0,0,0,0,0,8,0,39.9672,-75.2056, ,Philadelphia
5972,66083,2017052254,6,67,67301,2017,4,2,1800,18,1,1,0,4,1, , ,N,1,2,0,3,0,0,2,2,N,N,40 02:49.119,74 59:34.254,1810, ,1804, ,0, ,N, ,3, , , , , , , , , ,2,2,0,0,0,0,0,0,0,0,0,0,0,0,0,0,0,0,0,0,0,0,0,0,0,0,0,0,0,0,0,0,0,0,0,0,0,40.0469,-74.9928, ,Philadelphia
5973,66090,2017052309,6,67,67301,2017,4,6,1610,16,1,1,0,4,1, , ,N,1,2,0,3,0,0,2,2,N,N,40 00:48.358,75 05:50.676,1620, ,1612, ,0, ,N, ,3, , , , , , , , , ,2,2,0,0,0,0,0,0,0,0,0,0,0,0,0,0,0,0,0,0,0,1,0,2,0,0,0,0,0,0,0,0,0,0,0,0,0,40.0134,-75.0974, ,Philadelphia
5974,66101,2017115953,6,67,67301,2017,10,1,1450,14,1,1,0,4,1, , ,N,1,2,0,3,0,5,5,2,N, ,40 00:38.955,75 07:35.936,1501, ,1501, ,0, ,N, ,3, , , , , , , , , ,2,2,0,0,0,0,0,0,0,0,1,4,5,0,0,0,0,1,0,0,0,0,0,0,0,0,0,0,0,0,0,0,0,0,0,3,0,40.0108,-75.1266, ,Philadelphia
5975,66104,2017088324,6,67,67301,2017,8,4,1810,18,1,2,1,4,1, , ,N,0,0,7,3,0,0,5,2,N,N,40 07:26.555,75 00:54.899,1815, ,1810,1,2,2,N, ,0,N, , , , , , , , ,2,1,0,0,1,0,0,0,0,0,0,0,0,0,0,0,0,0,0,0,0,0,0,3,0,0,0,0,0,0,0,0,0,0,0,0,0,40.124,-75.0153, ,Philadelphia
5976,66125,2017096490,6,67,67301,2017,8,2,2035,20,3,1,0,5,6, , ,N,0,0,0,3,0,1,1,2,N,N,39 59:01.003,75 14:44.617,2045, ,2040, ,0, ,N, ,0, , , , , , , , , ,2,0,0,0,0,0,2,0,0,0,0,0,1,1,0,0,0,0,0,0,0,0,0,1,0,0,0,0,0,0,0,0,0,0,0,8,0,39.9836,-75.2457, ,Philadelphia
5977,55640,2017067984,6,67,67301,2017,6,4,1514,15,1,1,0,8,1, , ,N,0,0,0,3,0,1,2,2,N,N,39 55:44.083,75 10:07.512,1530, ,1515, ,0, ,N, ,0, , , , , , , , , ,1,0,0,0,0,0,1,0,0,0,0,0,1,1,0,0,0,0,0,0,0,0,0,0,0,0,0,0,0,0,0,0,1,0,0,8,0,39.9289,-75.1688, ,Philadelphia
5978,55641,2017067882,6,67,67301,2017,6,3,1118,11,1,8,0,8,1, , ,N,2,0,0,3,0,1,2,2,N,N,40 01:15.268,75 09:50.605,1213, ,1210, ,0, , , ,0, , , , , , , , , ,1,1,0,0,0,0,0,0,0,0,0,0,1,1,0,0,0,0,0,0,0,0,0,0,0,0,0,0,0,0,0,0,1,0,0,8,0,40.0209,-75.1641, ,Philadelphia
5979,55655,2017097855,6,67,67301,2017,9,4,1030,10,1,2,1,4,1, , ,N,2,3,0,3,0,2,4,3,N, ,40 02:17.897,75 05:08.033,1030, ,1101,3,2,2, , ,3,Y, , , , , , , , ,3,3,0,0,0,0,0,0,0,0,2,0,2,0,0,0,0,0,0,0,0,1,0,0,0,0,0,0,0,0,0,0,0,0,0,3,0,40.0383,-75.0856, ,Philadelphia
5980,55656,2017093528,6,67,67301,2017,8,6,724,7,1,8,1,7,4, , ,N,0,0,0,3,0,1,1,1,N,N,40 01:33.346,75 12:11.686,733, ,728,1,1,1, , ,0,N, , , , , , , , ,1,0,0,0,0,0,1,0,0,0,0,0,1,1,0,0,0,0,0,0,0,0,0,0,0,0,0,0,0,0,0,0,0,0,0,8,0,40.0259,-75.2032, ,Philadelphia
5981,55679,2017080975,6,67,67301,2017,6,5,1237,12,1,1,8,1,1, , ,N,0,0,2,3,0,0,6,2,N,N,40 00:23.180,75 04:31.418,1250, ,1250,2,1,2, , ,0,Y, , , , , , , , ,2,0,0,0,0,1,1,0,0,0,0,0,0,0,0,0,0,0,0,0,0,1,0,0,0,0,0,0,0,0,0,0,0,0,0,0,1,40.0064,-75.0754, ,Philadelphia
5982,55698,2017111564,6,67,67301,2017,10,4,1515,15,1,1,0,4,6, , ,N,0,0,0,3,0,2,2,5,N,N,39 55:57.932,75 08:56.040,1530, ,1529,3,1,2,N, ,0,N, , , , , , , , ,5,4,0,0,0,0,0,1,0,0,0,0,2,2,0,0,0,0,0,0,0,0,0,0,0,0,0,0,0,0,0,0,0,0,0,8,0,39.9328,-75.1489, ,Philadelphia
5983,55710,2017108063,6,67,67301,2017,9,6,749,7,1,1,0,4,1, , ,N,1,3,0,3,0,1,2,2,N, ,39 59:10.581,75 08:36.645,750, ,750, ,0, , , ,3, , , , , , , , , ,2,2,0,0,0,0,0,0,0,0,0,0,1,1,0,0,0,0,0,0,1,0,0,1,0,0,0,0,0,0,0,0,0,0,0,8,0,39.9863,-75.1435, ,Philadelphia
5984,55713,2017067697,6,67,67301,2017,5,6,800,8,1,1,0,8,1, , ,N,0,0,0,3,0,1,2,2,N,Y,39 58:48.914,75 14:21.655,820, ,815, ,0, ,N, ,0, , , , , , , , , ,1,1,0,0,0,0,0,0,0,0,0,1,1,0,0,0,0,0,0,0,1,0,0,0,0,0,0,0,0,0,0,0,1,0,0,4,0,39.9803,-75.2393, ,Philadelphia
5985,55719,2017068072,6,67,67301,2017,6,2,1258,12,1,2,1,8,1, , ,N,1,2,0,3,0,1,2,2,N,N,39 57:12.151,75 10:17.738,1258, ,1259,9,1,3,N, ,3,Y, , , , , , , , ,1,0,0,0,0,0,1,0,0,0,1,0,1,0,0,0,0,0,0,1,0,0,0,0,0,0,0,0,0,0,0,0,1,0,0,3,0,39.9534,-75.1716, ,Philadelphia
5986,55730,2017070961,6,67,67301,2017,1,7,1400,14,1,4,3,1,1, , ,N,3,2,0,3,0,0,2,2,N,N,40 01:45.775,75 11:19.654,0, ,0, ,0, ,N, ,3, , , , , , , , , ,2,0,0,0,0,0,2,0,0,0,0,0,0,0,0,0,0,0,0,1,0,0,0,2,0,0,0,0,0,0,0,0,0,0,0,0,0,40.0294,-75.1888, ,Philadelphia
5987,55751,2017098975,6,67,67301,2017,9,7,1259,12,1,1,0,4,1, , ,N,7,0,2,3,0,1,6,3,N,N,39 53:04.770,75 14:38.828,1315, ,1301,2,2,2, , ,0,N, , , , , , , , ,3,0,0,0,1,0,1,1,0,0,1,0,1,0,0,0,0,0,0,0,1,0,0,0,0,0,0,0,0,0,0,0,0,0,0,3,0,39.8847,-75.2441, ,Philadelphia
5988,55753,2017096444,6,67,67301,2017,8,5,2345,23,3,1,0,4,1, , ,N,1,2,0,3,1,0,2,2,N,N,40 01:43.257,75 07:03.868,2355, ,2347,9,2,6,N,0,3,Y, , , , , , , , ,1,1,0,0,0,0,0,0,1,0,0,0,0,0,0,0,0,0,0,0,0,0,0,0,0,0,0,0,0,0,1,0,0,0,0,1,0,40.0287,-75.1177,2,Philadelphia
5989,55760,2017091302,6,67,67301,2017,8,4,39,0,3,1,0,1,1, , ,N,0,0,0,3,0,1,3,2,N,N,39 58:13.655,75 11:34.241,47, ,43,1,2,4, , ,0,N, , , , , , , , ,2,2,0,0,0,0,0,0,0,0,0,0,1,1,0,0,0,0,0,0,0,0,0,2,0,0,0,0,0,0,0,0,0,0,0,8,0,39.9689,-75.1916, ,Philadelphia
5990,55761,2017052323,6,67,67301,2017,4,1,340,3,3,1,0,4,1, , ,N,1,2,0,3,0,1,3,2,N,N,40 02:16.408,75 08:22.170,350, ,343,2,1,1,N, ,3,N, , , , , , , , ,2,1,0,0,1,0,0,0,0,0,0,0,1,1,0,0,0,0,0,0,1,0,0,0,0,0,0,0,0,0,0,0,0,0,0,8,0,40.0379,-75.1395, ,Philadelphia
5991,55766,2017058235,6,67,67301,2017,5,2,2126,21,3,1,0,8,1, , ,N,1,2,0,3,0,2,3,3,N,N,39 57:06.220,75 10:37.794,2137, ,2134, ,0, ,N, ,3, , , , , , , , , ,1,1,0,0,0,0,0,0,0,0,0,2,2,0,0,0,0,0,0,0,0,1,0,0,0,0,0,0,0,0,0,0,2,0,0,4,0,39.9517,-75.1772, ,Philadelphia
5992,55767,2017063305,6,67,67301,2017,5,6,24,0,3,2,1,7,4, , ,N,0,0,0,3,0,1,1,1,N,N,39 58:51.327,75 12:23.309,26, ,24,2,1,3, , ,0,N, , , , , , , , ,1,1,0,0,0,0,0,0,0,0,0,0,1,1,0,0,0,0,0,1,0,0,0,0,0,0,0,0,0,0,0,0,0,0,0,8,0,39.9805,-75.2058, ,Philadelphia