objectid_1,objectid,crn,district,county,municipality,crash_year,crash_month,day_of_week,time_of_day,hour_of_day,illumination,weather,road_condition,collision_type,relation_to_road,work_zone_type,work_zone_loc,work_zone_ind,intersect_type,tcd_type,location_type,urban_rural,fatal_count,injury_count,person_count,total_units,sch_bus_ind,sch_zone_ind,latitude,longitude,arrival_tm,cons_zone_spd_lim,dispatch_tm,est_hrs_closed,lane_closed,ln_close_dir,ntfy_hiwy_maint,spec_juris_cd,tcd_func_cd,tfc_detour_ind,workers_pres,wz_close_detour,wz_flagger,wz_law_offcr_ind,wz_ln_closure,wz_moving,wz_other,wz_shlder_mdn,vehicle_count,automobile_count,motorcycle_count,bus_count,small_truck_count,heavy_truck_count,suv_count,van_count,bicycle_count,maj_inj_count,mod_inj_count,min_inj_count,tot_inj_count,unk_inj_deg_count,unk_inj_per_count,driver_count_16yr,driver_count_17yr,driver_count_18yr,driver_count_19yr,driver_count_20yr,driver_count_50_64yr,driver_count_65_74yr,driver_count_75plus,unbelted_occ_count,unb_death_count,unb_maj_inj_count,belted_death_count,belted_maj_inj_count,mcycle_death_count,mcycle_maj_inj_count,bicycle_death_count,bicycle_maj_inj_count,ped_count,ped_death_count,ped_maj_inj_count,max_severity_level,comm_veh_count,dec_lat,dec_long,rdwy_surf_type_cd,county_name
5993,55776,2017076242,6,67,67301,2017,6,4,1044,10,1,1,0,5,1, , ,N,0,0,0,3,0,1,3,2,N,N,39 56:52.375,75 08:28.383,1046, ,1046, ,0, , , ,0, , , , , , , , , ,2,1,0,0,0,0,1,0,0,0,0,1,1,0,0,0,0,0,0,0,0,0,1,0,0,0,0,0,0,0,0,0,0,0,0,4,0,39.9479,-75.1412, ,Philadelphia
5994,55794,2017109844,6,67,67301,2017,9,7,2333,23,2,1,0,7,3, , ,N,0,0,0,3,0,0,1,1,N,N,40 01:10.880,75 08:52.462,2336, ,2334,1,1,4,N, ,0,N, , , , , , , , ,1,1,0,0,0,0,0,0,0,0,0,0,0,0,0,0,0,0,0,0,0,0,0,0,0,0,0,0,0,0,0,0,0,0,0,0,0,40.0197,-75.1479, ,Philadelphia
5995,58905,2017067871,6,67,67301,2017,6,1,5,0,3,1,0,6,6, , ,N,0,0,0,3,0,0,1,2,N,N,40 01:35.277,75 09:02.579,154, ,11, ,0, ,N, ,0, , , , , , , , , ,2,1,0,0,0,0,1,0,0,0,0,0,0,0,1,0,0,0,0,0,0,0,0,0,0,0,0,0,0,0,0,0,0,0,0,9,0,40.0265,-75.1507, ,Philadelphia
5996,58907,2017073401,6,67,67301,2017,4,5,1830,18,1,1,0,1,1, , ,N,1,2,0,3,0,1,2,2,N,N,40 01:58.001,75 04:20.252,0, ,0, ,0, ,N, ,3, , , , , , , , , ,2,2,0,0,0,0,0,0,0,0,0,0,1,1,0,0,0,0,0,0,0,0,0,0,0,0,0,0,0,0,0,0,0,0,0,8,0,40.0327,-75.0722, ,Philadelphia
5997,58934,2017052372,6,67,67301,2017,4,7,1050,10,1,1,0,6,1, , ,N,2,2,0,3,0,0,4,2,N,N,39 57:26.452,75 10:14.606,1110, ,1054, ,0, , , ,3, , , , , , , , , ,2,1,0,1,0,0,0,0,0,0,0,0,0,0,0,0,0,0,0,0,1,0,0,0,0,0,0,0,0,0,0,0,0,0,0,0,1,39.9573,-75.1707, ,Philadelphia
5998,58948,2017052441,6,67,67301,2017,5,4,1430,14,1,1,0,8,1, , ,N,1,2,0,3,0,1,2,2,N,N,39 56:36.294,75 09:18.968,1643, ,1618, ,0, ,N, ,3, , , , , , , , , ,1,0,0,0,0,0,1,0,0,0,0,1,1,0,0,0,0,0,0,0,1,0,0,1,0,0,0,0,0,0,0,0,1,0,0,4,0,39.9434,-75.1553, ,Philadelphia
5999,58962,2017078792,6,67,67301,2017,7,4,712,7,1,1,0,5,1, , ,N,0,0,0,3,0,1,2,2,N,N,40 00:27.459,75 10:23.398,717, ,716,1,1,4,N, ,0,N, , , , , , , , ,2,2,0,0,0,0,0,0,0,0,0,1,1,0,0,0,0,0,0,0,0,0,0,0,0,0,0,0,0,0,0,0,0,0,0,4,0,40.0076,-75.1732, ,Philadelphia
6000,58963,2017074121,6,67,67301,2017,7,5,1107,11,1,1,0,1,1, , ,N,1,0,0,3,0,1,2,2, , ,39 57:20.190,75 11:22.129,1111, ,1109, ,0, , , ,0, , , , , , , , , ,2,1,0,0,1,0,0,0,0,0,0,0,1,1,0,0,0,0,0,0,0,1,0,0,0,0,0,0,0,0,0,0,0,0,0,8,0,39.9556,-75.1895, ,Philadelphia
6001,58992,2017109890,6,67,67301,2017,10,7,155,1,2,1,0,2,1, , ,N,0,0,0,3,0,4,6,2,N,N,39 53:13.544,75 14:47.156,159, ,156, ,0, ,N, ,0, , , , , , , , , ,2,2,0,0,0,0,0,0,0,0,0,2,4,2,1,0,0,0,1,0,0,0,0,0,0,0,0,0,0,0,0,0,0,0,0,4,0,39.8871,-75.2464, ,Philadelphia
6002,58995,2017090046,6,67,67301,2017,8,5,1240,12,1,1,0,1,1, , ,N,0,0,0,3,0,0,3,2,N,N,40 00:16.044,75 09:08.265,1245, ,1240,1,1,2,N, ,0,N, , , , , , , , ,2,2,0,0,0,0,0,0,0,0,0,0,0,0,3,0,0,0,0,0,0,0,0,0,0,0,0,0,0,0,0,0,0,0,0,9,0,40.0045,-75.1523, ,Philadelphia
6003,59004,2017060760,6,67,67301,2017,5,7,2002,20,1,1,0,7,4, , ,N,1,2,0,3,0,0,1,1,N,N,40 02:40.301,75 11:35.235,2015, ,2008, ,0, ,N, ,3, , , , , , , , , ,1,1,0,0,0,0,0,0,0,0,0,0,0,0,1,0,0,0,0,0,0,0,0,0,0,0,0,0,0,0,0,0,0,0,0,9,0,40.0445,-75.1931, ,Philadelphia
6004,59006,2017014036,6,67,67301,2017,1,4,2056,20,2,2,1,4,5, , ,N,0,0,0,3,0,1,1,2,N, ,39 59:29.915,75 08:10.962,9999, ,9999, ,0, , , ,0, , , , , , , , , ,2,2,0,0,0,0,0,0,0,0,0,1,1,0,0,0,0,0,0,0,0,0,0,0,0,0,0,0,0,0,0,0,0,0,0,4,0,39.9916,-75.1364, ,Philadelphia
6005,59013,2017035738,6,67,67301,2017,3,1,2201,22,3,1,0,5,6, , ,N,0,0,0,3,0,1,1,2,N, ,40 00:28.231,75 06:15.411,2214, ,2209, ,0, , , ,0, , , , , , , , , ,2,1,0,0,0,0,1,0,0,0,0,1,1,0,0,0,0,0,0,0,0,0,0,0,0,0,0,0,0,0,0,0,0,0,0,4,0,40.0078,-75.1043, ,Philadelphia
6006,59015,2017028941,6,67,67301,2017,2,3,840,8,1,1,0,1,1, , ,N,1,2,0,3,0,3,4,2,N, ,40 05:41.300,75 03:02.700,849, ,846, ,0, , , ,3, , , , , , , , , ,2,0,0,0,0,0,1,1,0,0,0,0,3,3,1,0,0,0,0,0,0,0,0,4,0,0,0,0,0,0,0,0,0,0,0,8,0,40.0764,-75.0723, ,Philadelphia
6007,59021,2017055955,6,67,67301,2017,5,6,1437,14,1,1,0,1,1, , ,N,0,0,0,3,0,0,2,2,N,N,40 00:40.108,75 03:42.432,1502, ,1447, ,0, , , ,0, , , , , , , , , ,2,1,0,0,1,0,0,0,0,0,0,0,0,0,0,0,0,0,0,0,1,0,0,0,0,0,0,0,0,0,0,0,0,0,0,0,0,40.0111,-75.0618, ,Philadelphia
6008,59026,2017058280,6,67,67301,2017,5,5,1513,15,1,1,0,4,1, , ,N,1,2,0,3,0,2,2,2,N, ,40 03:34.246,75 03:07.165,1526, ,1515,3,1,3, , ,3,N, , , , , , , , ,2,1,0,0,0,0,0,1,0,0,0,2,2,0,0,0,0,0,0,0,1,0,0,0,0,0,0,0,0,0,0,0,0,0,0,4,0,40.0595,-75.052, ,Philadelphia
6009,59040,2017056450,6,67,67301,2017,6,6,1200,12,1,1,0,4,1, , ,N,0,0,0,3,0,0,2,2,N,N,39 58:38.632,75 08:52.630,1330, ,1319, ,0, ,N, ,0, , , , , , , , , ,2,1,0,0,0,0,0,0,0,0,0,0,0,0,0,0,0,0,0,0,1,0,0,0,0,0,0,0,0,0,0,0,0,0,0,0,0,39.9774,-75.148, ,Philadelphia
6010,59069,2017086958,6,67,67301,2017,1,6,1847,18,2,1,0,1,1, , ,N,1,0,0,3,0,0,4,2,N,N,40 04:02.789,75 00:32.080,1852, ,1847, ,0, ,N, ,0, , , , , , , , , ,2,0,0,0,0,0,2,0,0,0,0,0,0,0,0,0,0,0,0,0,1,0,0,0,0,0,0,0,0,0,0,0,0,0,0,0,0,40.0673,-75.0089, ,Philadelphia
6011,59078,2017088954,6,67,67301,2017,8,5,2150,21,3,1,0,2,6, , ,N,0,0,0,3,0,1,1,3,N,N,40 02:48.170,75 06:27.021,2155, ,2150, ,0, ,N, ,0, , , , , , , , , ,3,1,0,0,0,0,2,0,0,0,0,0,1,1,0,1,0,0,0,0,0,0,0,0,0,0,0,0,0,0,0,0,0,0,0,8,0,40.0467,-75.1075, ,Philadelphia
6012,59083,2017105955,6,67,67301,2017,9,7,1500,15,1,1,0,4,1, , ,N,0,0,0,3,0,1,4,2,N,N,39 56:54.500,75 08:32.600,1505, ,1502, ,0, ,N, ,0, , , , , , , , , ,2,1,0,0,0,0,1,0,0,0,1,0,1,0,0,0,0,0,0,0,2,0,0,0,0,0,0,0,0,0,0,0,0,0,0,3,0,39.9485,-75.1424, ,Philadelphia
6013,62136,2017060447,6,67,67301,2017,5,4,525,5,1,1,0,8,1, , ,N,1,2,0,3,0,2,2,2,N,N,40 01:00.708,75 08:58.113,527, ,526,9,2,2, , ,3,Y, , , , , , , , ,1,0,1,0,0,0,0,0,0,1,0,1,2,0,0,0,0,0,0,0,1,0,0,0,0,0,0,0,0,0,0,0,1,0,1,2,0,40.0169,-75.1495, ,Philadelphia
6014,62139,2017055626,6,67,67301,2017,5,3,1659,16,1,1,0,1,1, , ,N,0,0,0,3,0,0,3,3,N,N,40 01:44.151,75 12:17.779,1706, ,1702, ,0, , , ,0, , , , , , , , , ,3,2,0,0,1,0,0,0,0,0,0,0,0,0,0,0,0,0,0,0,0,0,0,0,0,0,0,0,0,0,0,0,0,0,0,0,0,40.0289,-75.2049, ,Philadelphia
6015,62159,2017089075,6,67,67301,2017,8,4,836,8,1,1,0,5,1, , ,N,0,0,0,3,0,0,3,2,N,N,39 57:41.221,75 08:24.743,938, ,915, ,0, , , ,0, , , , , , , , , ,2,1,0,0,0,0,1,0,0,0,0,0,0,0,0,0,0,0,0,0,1,0,0,0,0,0,0,0,0,0,0,0,0,0,0,0,0,39.9615,-75.1402, ,Philadelphia
6016,62177,2017067767,6,67,67301,2017,5,7,0,0,3,1,0,4,1, , ,N,1,3,0,3,0,2,3,2,N,N,39 55:24.959,75 10:59.865,3, ,2,3,2,1,N, ,3,Y, , , , , , , , ,2,2,0,0,0,0,0,0,0,0,0,2,2,0,1,0,0,0,0,0,0,1,0,0,0,0,0,0,0,0,0,0,0,0,0,4,0,39.9236,-75.1833, ,Philadelphia
6017,62178,2017067720,6,67,67301,2017,5,4,9999,99,1,1,0,4,1, , ,N,1,3,0,3,0,2,2,2,N,N,40 02:43.429,75 10:34.679,822, ,813, ,0, ,N, ,3, , , , , , , , , ,2,2,0,0,0,0,0,0,0,0,0,2,2,0,0,0,0,0,0,1,0,0,0,0,0,0,0,0,0,0,0,0,0,0,0,4,0,40.0454,-75.1763, ,Philadelphia
6018,62179,2017067796,6,67,67301,2017,5,3,1550,15,1,2,1,4,1, , ,N,1,3,0,3,0,1,4,2,N, ,39 56:01.190,75 13:53.533,1600, ,1600, ,0, , , ,3, , , , , , , , , ,2,2,0,0,0,0,0,0,0,0,0,1,1,0,0,0,0,0,0,1,0,0,1,1,0,0,0,0,0,0,0,0,0,0,0,4,0,39.9337,-75.2315, ,Philadelphia
6019,62190,2017076162,6,67,67301,2017,6,4,800,8,1,1,0,5,1, , ,N,1,3,0,3,0,1,3,2,N,N,39 59:13.857,75 09:02.072,815, ,805, ,0, ,N, ,3, , , , , , , , , ,2,1,0,1,0,0,0,0,0,0,0,0,1,1,0,0,0,0,0,0,0,0,0,1,0,0,0,0,0,0,0,0,0,0,0,8,1,39.9872,-75.1505, ,Philadelphia
6020,62209,2017109866,6,67,67301,2017,10,6,2218,22,3,1,0,1,1, , ,N,1,2,0,3,0,1,2,2,N,N,40 03:19.172,75 04:23.456,2225, ,2222, ,0, , , ,3, , , , , , , , , ,2,2,0,0,0,0,0,0,0,0,0,1,1,0,0,0,0,0,0,0,0,0,0,0,0,0,0,0,0,0,0,0,0,0,0,4,0,40.0553,-75.0733, ,Philadelphia
6021,62216,2017116096,6,67,67301,2017,10,4,232,2,3,1,0,6,6, , ,N,0,0,0,3,0,0,1,3,N, ,39 57:25.353,75 14:52.537,240, ,235, ,0, , , ,0, , , , , , , , , ,3,1,0,0,0,0,2,0,0,0,0,0,0,0,0,0,0,0,0,0,0,0,0,1,0,0,0,0,0,0,0,0,0,0,0,0,0,39.957,-75.2479, ,Philadelphia
6022,62230,2017086981,6,67,67301,2017,2,4,1520,15,1,1,0,7,5, , ,N,0,0,0,3,0,2,2,2,N,N,39 55:21.961,75 13:35.608,1535, ,1529, ,0, , , ,0, , , , , , , , , ,2,2,0,0,0,0,0,0,0,0,0,0,2,2,0,0,0,0,0,0,0,0,0,0,0,0,0,0,0,0,0,0,0,0,0,8,0,39.9228,-75.2266, ,Philadelphia
6023,62231,2017078839,6,67,67301,2017,7,2,2100,21,3,1,0,4,1, , ,N,2,0,0,3,0,2,5,2,N,N,40 02:37.485,75 05:43.389,2105, ,2103,1,1,2, , ,0,N, , , , , , , , ,2,2,0,0,0,0,0,0,0,0,0,1,2,1,0,0,0,0,0,0,1,0,0,0,0,0,0,0,0,0,0,0,0,0,0,4,0,40.0437,-75.0954, ,Philadelphia
6024,62241,2017091865,6,67,67301,2017,8,6,2330,23,3,1,0,4,1, , ,N,1,3,0,3,0,4,5,2,N,N,40 02:04.376,75 04:44.018,1110, ,100,3,2,3,N, ,3,N, , , , , , , , ,2,0,0,0,0,0,2,0,0,0,0,3,4,1,1,0,0,0,0,0,0,0,0,0,0,0,0,0,0,0,0,0,0,0,0,4,0,40.0345,-75.0789, ,Philadelphia
6025,62246,2017086235,6,67,67301,2017,7,6,2124,21,3,1,1,5,6, , ,N,0,0,0,3,0,0,3,2,N,N,39 58:08.194,75 13:02.419,2125, ,2125, ,0, , , ,0, , , , , , , , , ,2,2,0,0,0,0,0,0,0,0,0,0,0,0,0,0,0,0,0,0,0,0,0,0,0,0,0,0,0,0,0,0,0,0,0,0,0,39.9689,-75.2173, ,Philadelphia
6026,62254,2017116105,6,67,67301,2017,10,6,9999,99,1,1,0,1,1, , ,N,1,0,0,3,0,1,3,3,N,N,39 59:11.992,75 15:02.255,850, ,840, ,0, ,N, ,0, , , , , , , , , ,3,2,0,0,0,0,1,0,0,0,0,1,1,0,0,0,0,0,0,0,0,0,1,0,0,0,0,0,0,0,0,0,0,0,0,4,0,39.9867,-75.2506, ,Philadelphia
6027,62283,2017068014,6,67,67301,2017,6,7,1814,18,1,1,0,8,1, , ,N,0,0,0,3,0,1,3,2,N,N,39 55:26.364,75 13:58.508,1819, ,819, ,0, , , ,0, , , , , , , , , ,1,1,0,0,0,0,0,0,0,0,0,1,1,0,0,0,0,0,1,0,0,0,0,0,0,0,0,0,0,0,0,0,1,0,0,4,0,39.924,-75.2329, ,Philadelphia
6028,62294,2017122807,6,67,67301,2017,11,5,852,8,1,1,0,5,1, , ,N,0,0,0,3,0,1,2,2,N,N,39 55:39.637,75 08:40.970,910, ,906, ,0, ,N, ,0, , , , , , , , , ,2,0,0,0,0,2,0,0,0,0,1,0,1,0,0,0,0,0,0,0,0,0,0,1,0,0,0,0,0,0,0,0,0,0,0,3,2,39.9277,-75.1447, ,Philadelphia
6029,62296,2017093911,6,67,67301,2017,9,2,1311,13,1,1,0,7,4, , ,N,0,0,0,3,0,0,1,1,N,N,39 56:26.540,75 08:36.700,1315, ,1311,1,1,2, , ,0,N, , , , , , , , ,1,0,0,0,0,0,1,0,0,0,0,0,0,0,0,0,0,0,0,0,0,0,0,0,0,0,0,0,0,0,0,0,0,0,0,0,0,39.9407,-75.1435, ,Philadelphia
6030,62301,2017088783,6,67,67301,2017,8,7,352,3,3,1,0,7,4, , ,N,0,8,0,3,0,0,1,1,N,N,40 01:08.293,75 08:48.603,356, ,354, ,0, ,N, ,3, , , , , , , , , ,1,1,0,0,0,0,0,0,0,0,0,0,0,0,0,0,0,0,0,0,0,0,0,1,0,0,0,0,0,0,0,0,0,0,0,0,0,40.019,-75.1468, ,Philadelphia
6031,66154,2017078742,6,67,67301,2017,6,4,2350,23,3,1,0,4,1, , ,N,2,3,0,3,0,1,3,2,N,N,40 02:18.806,75 12:41.675,2357, ,2352, ,0, ,N, ,3, , , , , , , , , ,2,2,0,0,0,0,0,0,0,0,0,0,1,1,0,0,0,0,0,0,0,0,0,0,0,0,0,0,0,0,0,0,0,0,0,8,0,40.0386,-75.2116, ,Philadelphia
6032,66173,2017105313,6,67,67301,2017,10,5,814,8,1,2,1,6,1, , ,N,0,0,0,3,0,5,5,4,N,N,39 58:32.400,75 11:39.900,820, ,814,4,2,5,N, ,0,Y, , , , , , , , ,4,2,0,0,0,0,2,0,0,1,0,0,5,4,0,0,0,0,0,0,1,0,0,0,0,0,0,1,0,0,0,0,0,0,0,2,0,39.9757,-75.1944, ,Philadelphia
6033,66176,2017120604,6,67,67301,2017,10,6,1630,16,1,1,0,4,1, , ,N,2,0,0,3,0,1,2,2,N,N,39 58:10.639,75 09:49.649,1634, ,1632, ,0, , , ,0, , , , , , , , , ,1,0,0,0,0,0,0,0,1,0,0,1,1,0,0,0,0,0,0,0,0,0,0,0,0,0,0,0,0,0,0,0,0,0,0,4,0,39.9696,-75.1638, ,Philadelphia
6034,66181,2017053747,6,67,67301,2017,5,7,1354,13,1,1,0,7,2, , ,N,0,0,2,3,0,1,2,2,N,N,39 57:18.065,75 08:28.114,1435, ,1421, ,0, , , ,0, , , , , , , , , ,2,1,0,0,0,0,1,0,0,0,1,0,1,0,0,0,0,0,0,0,0,0,0,0,0,0,0,0,0,0,0,0,0,0,0,3,0,39.955,-75.1411, ,Philadelphia
6035,66182,2017046994,6,67,67301,2017,5,5,936,9,1,1,0,7,4, , ,N,0,0,0,3,0,0,1,1,N,N,39 53:59.487,75 09:38.993,958, ,938, ,0, , , ,0, , , , , , , , , ,1,0,0,0,0,0,1,0,0,0,0,0,0,0,0,0,0,0,0,0,0,0,0,0,0,0,0,0,0,0,0,0,0,0,0,0,0,39.8999,-75.1608, ,Philadelphia
6036,66211,2017120612,6,67,67301,2017,10,6,1701,17,1,1,0,8,1, , ,N,1,2,0,3,0,1,2,2,N, ,40 01:03.868,75 11:20.998,1721, ,1714, ,0, , , ,3, , , , , , , , , ,1,1,0,0,0,0,0,0,0,0,0,1,1,0,0,0,0,0,0,0,0,0,0,1,0,0,0,0,0,0,0,0,1,0,0,4,0,40.0177,-75.1892, ,Philadelphia
6037,66212,2017120704,6,67,67301,2017,10,2,2021,20,3,1,0,4,1, , ,N,1,3,0,3,0,4,6,2,N,N,40 01:20.395,75 07:50.408,2052, ,2049,3,1,4,N, ,3,N, , , , , , , , ,2,0,0,0,0,0,2,0,0,1,1,1,4,1,0,0,0,0,0,1,0,0,0,0,0,0,0,1,0,0,0,0,0,0,0,2,0,40.0223,-75.1307, ,Philadelphia
6038,66214,2017106047,6,67,67301,2017,9,1,330,3,3,1,0,7,4, , ,N,3,2,0,3,0,0,1,1,N,N,39 58:17.670,75 12:57.688,408, ,400, ,0, , , ,3, , , , , , , , , ,1,1,0,0,0,0,0,0,0,0,0,0,0,0,1,0,0,0,0,0,0,0,0,0,0,0,0,0,0,0,0,0,0,0,0,9,0,39.9716,-75.2161, ,Philadelphia
6039,66223,2017101895,6,67,67301,2017,9,4,1740,17,1,1,1,1,1, , ,N,1,3,0,3,0,1,2,2,N,N,39 59:51.540,75 06:26.938,1744, ,1744,1,2,7,N, ,3,Y, , , , , , , , ,2,1,0,0,0,0,0,1,0,0,0,1,1,0,0,0,0,0,0,0,1,0,0,1,0,0,0,0,0,0,0,0,0,0,0,4,0,39.9977,-75.1075, ,Philadelphia
6040,66235,2017067753,6,67,67301,2017,5,6,1045,10,1,1,0,8,1, , ,N,0,0,0,3,0,1,2,2,N, ,39 59:35.703,75 08:57.313,1100, ,1100, ,0, , , ,0, , , , , , , , , ,1,0,0,0,0,0,0,1,0,0,1,0,1,0,0,0,0,0,0,0,0,0,0,1,0,0,0,0,0,0,0,0,1,0,0,3,0,39.9933,-75.1493, ,Philadelphia
6041,66257,2017086668,6,67,67301,2017,3,4,1625,16,1,1,0,8,1, , ,N,1,2,0,3,0,1,2,2,N,N,39 55:18.580,75 08:59.747,1642, ,1640, ,0, ,N, ,3, , , , , , , , , ,1,0,0,0,1,0,0,0,0,0,1,0,1,0,0,0,0,0,0,0,0,0,0,0,0,0,0,0,0,0,0,0,1,0,0,3,0,39.9218,-75.1498, ,Philadelphia
6042,66268,2017106060,6,67,67301,2017,9,6,1225,12,1,1,0,4,1, , ,N,1,2,0,3,0,3,3,3,Y,N,40 02:22.311,75 07:47.377,1255, ,1240, ,0, ,N, ,3, , , , , , , , , ,3,2,0,1,0,0,0,0,0,0,0,3,3,0,0,0,0,0,0,0,2,0,0,1,0,0,0,0,0,0,0,0,0,0,0,4,1,40.0395,-75.1298, ,Philadelphia
6043,66273,2017086175,6,67,67301,2017,7,3,1525,15,1,1,0,4,1, , ,N,2,0,0,3,0,0,4,2,N,N,40 03:27.494,75 02:42.912,1605, ,1555,1,1,3,N, ,0,N, , , , , , , , ,2,1,0,0,0,0,1,0,0,0,0,0,0,0,0,0,0,0,0,0,0,0,0,0,0,0,0,0,0,0,0,0,0,0,0,0,0,40.0576,-75.0453, ,Philadelphia
6044,66300,2017120587,6,67,67301,2017,10,3,2227,22,3,2,1,4,1, , ,N,1,2,0,3,0,0,3,2,N,N,39 58:14.012,75 08:59.857,2325, ,2320, ,0, ,N, ,3, , , , , , , , , ,2,2,0,0,0,0,0,0,0,0,0,0,0,0,0,0,0,0,0,0,0,0,0,0,0,0,0,0,0,0,0,0,0,0,0,0,0,39.9704,-75.15, ,Philadelphia
6045,66313,2017120578,6,67,67301,2017,10,1,1643,16,4,2,1,7,4, , ,N,0,0,0,3,0,0,1,1,N,N,40 04:54.516,74 57:58.571,1652, ,1644, ,0, ,Y, ,0, , , , , , , , , ,1,1,0,0,0,0,0,0,0,0,0,0,0,0,0,0,0,0,0,0,0,0,0,1,0,0,0,0,0,0,0,0,0,0,0,0,0,40.0818,-74.9663, ,Philadelphia
6046,66314,2017120736,6,67,67301,2017,10,2,2015,20,3,1,0,7,4, , ,N,0,0,2,3,0,1,1,1,N, ,39 55:52.153,75 08:40.277,2018, ,2016, ,0, , , ,0, , , , , , , , , ,1,1,0,0,0,0,0,0,0,0,0,0,1,1,0,0,0,0,0,0,0,0,0,0,0,0,0,0,0,0,0,0,0,0,0,8,0,39.9311,-75.1447, ,Philadelphia
6047,66329,2017067814,6,67,67301,2017,5,2,835,8,1,2,1,4,1, , ,N,1,2,0,3,0,1,4,2,N,N,39 57:27.432,75 08:44.473,850, ,836, ,0, ,N, ,3, , , , , , , , , ,2,1,0,0,0,0,1,0,0,0,0,1,1,0,0,0,0,0,0,0,0,0,0,2,0,0,0,0,0,0,0,0,0,0,0,4,0,39.9576,-75.1457, ,Philadelphia
6048,66333,2017067681,6,67,67301,2017,6,6,1720,17,1,1,0,1,1, , ,N,0,0,0,3,0,1,1,4,N,N,39 56:32.500,75 11:05.700,1730, ,1720,2,1,1,N, ,0,Y, , , , , , , , ,4,2,0,0,1,0,1,0,0,0,0,0,1,1,0,0,0,0,0,0,0,0,0,1,0,0,0,0,0,0,0,0,0,0,0,8,0,39.9424,-75.1849, ,Philadelphia
6049,55796,2017103893,6,67,67301,2017,9,5,1527,15,1,1,0,1,1,1,4,Y,0,0,0,3,0,3,5,3,N,N,39 58:03.526,75 07:53.126,1554,45,1529,1,1,1, , ,0,N,Y,N,N,N,Y,N,Y,Y,3,1,0,0,0,0,2,0,0,0,3,0,3,0,0,0,0,0,0,0,1,0,0,0,0,0,0,0,0,0,0,0,0,0,0,3,0,39.9676,-75.1314, ,Philadelphia
6050,55832,2017038022,6,67,67301,2017,4,5,1202,12,1,2,1,7,2, , ,N,0,0,0,3,0,0,4,4,N,N,40 02:22.764,75 00:25.813,1216, ,1202,1,2,2, , ,0,N, , , , , , , , ,4,2,0,0,1,1,0,0,0,0,0,0,0,0,1,0,0,0,0,0,1,0,0,0,0,0,0,0,0,0,0,0,0,0,0,9,1,40.0397,-75.0072, ,Philadelphia
6051,55835,2017033532,6,67,67301,2017,2,6,1845,18,3,1,0,1,1, , ,N,0,2,0,3,0,0,2,2,N,N,39 54:38.993,75 11:34.089,1858, ,1853, ,0, ,N, ,3, , , , , , , , , ,2,2,0,0,0,0,0,0,0,0,0,0,0,0,0,0,0,0,0,0,0,0,0,1,0,0,0,0,0,0,0,0,0,0,0,0,0,39.9108,-75.1929, ,Philadelphia
6052,55844,2017060619,6,67,67301,2017,5,3,1258,12,1,1,0,4,1, , ,N,1,2,0,3,0,1,2,2,N, ,40 02:25.817,75 03:32.713,9999, ,1258, ,0, , , ,3, , , , , , , , , ,2,1,0,0,0,0,0,1,0,0,0,0,1,1,0,0,0,0,0,0,1,0,0,0,0,0,0,0,0,0,0,0,0,0,0,8,0,40.0405,-75.0591, ,Philadelphia
6053,55850,2017058256,6,67,67301,2017,5,5,1819,18,1,1,0,1,6, , ,N,0,0,0,3,0,0,2,2,N, ,40 01:07.825,75 08:50.575,1903, ,1849, ,0, , , ,0, , , , , , , , , ,2,1,0,0,0,0,1,0,0,0,0,0,0,0,0,0,0,0,0,0,0,0,0,1,0,0,0,0,0,0,0,0,0,0,0,0,0,40.0188,-75.1474, ,Philadelphia
6054,55856,2017067781,6,67,67301,2017,5,1,2225,22,3,2,1,8,1, , ,N,1,2,0,3,0,1,2,2,N,N,40 00:33.277,75 09:04.079,2225, ,2225,9,1,1,N, ,3,N, , , , , , , , ,1,0,0,0,0,0,1,0,0,0,0,1,1,0,0,0,0,0,0,0,1,0,0,0,0,0,0,0,0,0,0,0,1,0,0,4,0,40.0092,-75.1511, ,Philadelphia
6055,55874,2017078795,6,67,67301,2017,7,7,937,9,1,1,0,4,1, , ,N,1,2,0,3,0,1,4,2,N,N,40 02:05.146,75 04:15.791,945, ,939, ,0, ,N, ,3, , , , , , , , , ,2,2,0,0,0,0,0,0,0,0,0,0,1,1,0,0,0,0,0,0,0,0,0,0,0,0,0,0,0,0,0,0,0,0,0,8,0,40.0348,-75.0711, ,Philadelphia
6056,55912,2017073342,6,67,67301,2017,4,4,833,8,1,1,0,5,1, , ,N,0,0,0,3,0,1,2,2,N,N,40 02:13.191,75 00:51.043,0, ,0, ,0, ,N, ,0, , , , , , , , , ,2,1,0,0,0,0,0,1,0,0,0,0,1,1,0,0,0,0,0,0,1,0,0,0,0,0,0,0,0,0,0,0,0,0,0,8,0,40.037,-75.0142, ,Philadelphia
6057,55913,2017068065,6,67,67301,2017,6,6,1600,16,1,1,0,8,1, , ,N,1,2,0,3,0,1,2,2,N,N,39 55:23.141,75 09:35.045,1742, ,1739, ,0, ,N, ,3, , , , , , , , , ,1,1,0,0,0,0,0,0,0,0,0,1,1,0,0,0,0,0,0,0,0,0,0,1,0,0,0,0,0,0,0,0,1,0,0,4,0,39.9231,-75.1597, ,Philadelphia