objectid_1,objectid,crn,district,county,municipality,crash_year,crash_month,day_of_week,time_of_day,hour_of_day,illumination,weather,road_condition,collision_type,relation_to_road,work_zone_type,work_zone_loc,work_zone_ind,intersect_type,tcd_type,location_type,urban_rural,fatal_count,injury_count,person_count,total_units,sch_bus_ind,sch_zone_ind,latitude,longitude,arrival_tm,cons_zone_spd_lim,dispatch_tm,est_hrs_closed,lane_closed,ln_close_dir,ntfy_hiwy_maint,spec_juris_cd,tcd_func_cd,tfc_detour_ind,workers_pres,wz_close_detour,wz_flagger,wz_law_offcr_ind,wz_ln_closure,wz_moving,wz_other,wz_shlder_mdn,vehicle_count,automobile_count,motorcycle_count,bus_count,small_truck_count,heavy_truck_count,suv_count,van_count,bicycle_count,maj_inj_count,mod_inj_count,min_inj_count,tot_inj_count,unk_inj_deg_count,unk_inj_per_count,driver_count_16yr,driver_count_17yr,driver_count_18yr,driver_count_19yr,driver_count_20yr,driver_count_50_64yr,driver_count_65_74yr,driver_count_75plus,unbelted_occ_count,unb_death_count,unb_maj_inj_count,belted_death_count,belted_maj_inj_count,mcycle_death_count,mcycle_maj_inj_count,bicycle_death_count,bicycle_maj_inj_count,ped_count,ped_death_count,ped_maj_inj_count,max_severity_level,comm_veh_count,dec_lat,dec_long,rdwy_surf_type_cd,county_name
6253,66410,2017117245,6,67,67301,2017,10,6,2315,23,3,1,0,7,4, , ,N,0,0,0,3,0,0,1,1,N, ,40 02:35.184,75 06:12.103,2325, ,2317,2,2,4, , ,0,Y, , , , , , , , ,1,0,0,0,0,0,1,0,0,0,0,0,0,0,0,0,0,0,0,0,0,0,0,1,0,0,0,0,0,0,0,0,0,0,0,0,0,40.0431,-75.1034, ,Philadelphia
6254,66420,2017096527,6,67,67301,2017,8,3,945,9,1,1,0,1,1, , ,N,0,0,0,3,0,2,4,4,N,N,39 59:31.512,75 11:10.710,1005, ,955, ,0, ,N, ,0, , , , , , , , , ,4,2,0,0,1,0,0,1,0,0,1,1,2,0,0,0,0,0,0,0,1,0,0,2,0,0,0,0,0,0,0,0,0,0,0,3,0,39.9921,-75.1863, ,Philadelphia
6255,66434,2017115940,6,67,67301,2017,10,7,1603,16,1,1,0,5,6, , ,N,0,0,0,3,0,0,1,2,N, ,39 56:20.331,75 11:23.895,1627, ,1624, ,0, ,N, ,0, , , , , , , , , ,2,1,0,0,0,0,1,0,0,0,0,0,0,0,0,0,0,0,0,1,0,0,0,1,0,0,0,0,0,0,0,0,0,0,0,0,0,39.939,-75.19, ,Philadelphia
6256,66436,2017091764,6,67,67301,2017,8,2,119,1,3,1,0,1,1, , ,N,0,2,0,3,0,1,3,2,N, ,39 57:23.673,75 09:09.705,124, ,121, ,0, , , ,3, , , , , , , , , ,2,2,0,0,0,0,0,0,0,0,0,1,1,0,1,0,0,0,0,0,1,0,0,0,0,0,0,0,0,0,0,0,0,0,0,4,0,39.9566,-75.1527, ,Philadelphia
6257,66444,2017115968,6,67,67301,2017,10,4,1428,14,1,1,0,5,1, , ,N,1,2,0,3,0,1,2,2,N, ,39 57:47.178,75 09:58.584,1550, ,1520, ,0, , , ,3, , , , , , , , , ,1,1,0,0,0,0,0,0,1,0,0,0,1,1,0,0,0,0,0,0,0,0,0,0,0,0,0,0,0,0,0,0,0,0,0,8,0,39.963,-75.1662, ,Philadelphia
6258,66448,2017097900,6,67,67301,2017,9,1,200,2,3,9,1,1,1, , ,N,2,2,0,3,0,1,2,2,N,N,39 58:57.545,75 13:37.336,405, ,354, ,0, ,N, ,3, , , , , , , , , ,2,2,0,0,0,0,0,0,0,0,1,0,1,0,1,0,0,0,0,0,0,0,0,0,0,0,0,0,0,0,0,0,0,0,0,3,0,39.9827,-75.227, ,Philadelphia
6259,66454,2017093274,6,67,67301,2017,9,1,520,5,5,1,0,5,6, , ,N,0,0,0,3,0,0,2,2,N,N,39 57:14.975,75 12:10.266,527, ,524, ,0, ,N, ,0, , , , , , , , , ,2,1,0,0,0,0,1,0,0,0,0,0,0,0,0,0,0,0,0,1,0,0,0,0,0,0,0,0,0,0,0,0,0,0,0,0,0,39.9542,-75.2029, ,Philadelphia
6260,66478,2017060544,6,67,67301,2017,5,4,1030,10,1,1,0,1,1, , ,N,1,2,0,3,0,1,2,2,N, ,39 59:18.584,75 06:22.955,1100, ,1042, ,0, , , ,3, , , , , , , , , ,2,1,0,0,0,0,1,0,0,0,0,1,1,0,0,0,0,0,0,0,0,0,0,0,0,0,0,0,0,0,0,0,0,0,0,4,0,39.9885,-75.1064, ,Philadelphia
6261,66487,2017070423,6,67,67301,2017,6,5,1402,14,1,1,0,4,1, , ,N,1,2,0,3,0,1,2,2,N,N,40 02:06.022,75 04:09.823,1438, ,1430, ,0, , , ,3, , , , , , , , , ,2,2,0,0,0,0,0,0,0,0,0,1,1,0,0,0,0,0,0,0,1,0,0,0,0,0,0,0,0,0,0,0,0,0,0,4,0,40.0351,-75.0695, ,Philadelphia
6262,66501,2017078882,6,67,67301,2017,7,5,652,6,1,1,0,5,6, , ,N,0,0,0,3,0,1,2,6,N,N,40 04:26.644,74 59:18.650,656, ,654,1,1,1,N, ,0,N, , , , , , , , ,5,3,0,0,0,0,1,1,0,0,0,0,1,1,0,0,0,0,0,0,0,0,0,0,0,0,0,0,0,0,0,0,1,0,0,8,0,40.0741,-74.9885, ,Philadelphia
6263,66502,2017076150,6,67,67301,2017,6,1,1000,10,1,1,0,4,1, , ,N,1,2,0,3,0,0,6,2,N,N,39 55:18.098,75 13:29.758,1007, ,1004, ,0, ,N, ,3, , , , , , , , , ,2,2,0,0,0,0,0,0,0,0,0,0,0,0,6,0,0,0,0,0,0,0,0,0,0,0,0,0,0,0,0,0,0,0,0,9,0,39.9217,-75.2249, ,Philadelphia
6264,66511,2017086190,6,67,67301,2017,7,5,1627,16,1,1,0,4,1, , ,N,1,2,0,3,0,2,3,2,N,N,40 03:27.899,75 02:30.009,1628, ,1628,2,2,1, , ,3,Y, , , , , , , , ,2,0,0,0,0,0,2,0,0,0,0,1,2,1,0,0,1,0,0,0,1,0,0,0,0,0,0,0,0,0,0,0,0,0,0,4,0,40.0577,-75.0417, ,Philadelphia
6265,56392,2017067854,6,67,67301,2017,6,6,1550,15,1,1,0,4,1, , ,N,1,2,0,3,0,1,3,3,N, ,40 01:34.998,75 07:01.744,1606, ,1605, ,0, , , ,3, , , , , , , , , ,3,3,0,0,0,0,0,0,0,0,0,1,1,0,0,0,0,0,0,0,1,0,0,0,0,0,0,0,0,0,0,0,0,0,0,4,0,40.0264,-75.1172, ,Philadelphia
6266,56393,2017088820,6,67,67301,2017,7,5,213,2,3,1,0,4,1, , ,N,1,2,0,3,0,1,3,2,N,N,39 57:14.229,75 09:34.159,332, ,330, ,0, ,Y, ,3, , , , , , , , , ,2,0,0,1,1,0,0,0,0,0,0,0,1,1,1,0,0,0,0,0,1,0,0,1,0,0,0,0,0,0,0,0,0,0,0,8,1,39.9539,-75.1595, ,Philadelphia
6267,56397,2017060494,6,67,67301,2017,5,3,101,1,3,1,0,4,6, , ,N,0,0,0,3,0,3,3,3,N,N,39 58:22.176,75 12:10.953,110, ,103,3,2,6,N, ,0,N, , , , , , , , ,3,3,0,0,0,0,0,0,0,0,0,2,3,1,0,0,0,0,0,0,0,0,0,0,0,0,0,0,0,0,0,0,0,0,0,4,0,39.9728,-75.203, ,Philadelphia
6268,56404,2017067954,6,67,67301,2017,6,7,1412,14,1,1,0,8,1, , ,N,0,0,0,3,0,1,2,2,N,N,40 02:08.185,75 05:20.101,1420, ,1414, ,0, ,N, ,0, , , , , , , , , ,1,0,0,0,0,0,1,0,0,0,0,1,1,0,1,0,0,0,0,0,0,0,0,0,0,0,0,0,0,0,0,0,1,0,0,4,0,40.0356,-75.0889, ,Philadelphia
6269,56412,2017078735,6,67,67301,2017,7,1,2201,22,3,1,0,8,4, , ,N,0,0,0,3,1,0,2,2,N, ,39 59:22.369,75 08:10.708,2202, ,2202,3,2,3, , ,0,N, , , , , , , , ,1,0,0,0,0,0,0,1,0,0,0,0,0,0,0,0,0,0,0,0,0,0,0,1,0,0,0,0,0,0,0,0,1,1,0,1,0,39.9895,-75.1363, ,Philadelphia
6270,56420,2017086740,6,67,67301,2017,3,2,830,8,3,1,0,4,1, , ,N,1,1,0,3,0,0,5,2,N, ,39 56:37.760,75 14:16.286,840, ,836, ,0, , , ,3, , , , , , , , , ,2,1,0,0,0,0,0,0,0,0,0,0,0,0,4,0,0,0,0,0,1,0,0,1,0,0,0,0,0,0,0,0,0,0,0,9,0,39.9438,-75.2379, ,Philadelphia
6271,56426,2017091872,6,67,67301,2017,8,1,1336,13,1,1,0,8,1, , ,N,1,2,0,3,0,1,3,2,N,N,40 02:28.972,75 02:56.460,1352, ,1345, ,0, ,N, ,3, , , , , , , , , ,1,0,0,1,0,0,0,0,0,0,0,1,1,0,0,0,0,0,0,0,0,0,0,0,0,0,0,0,0,0,0,0,1,0,0,4,1,40.0414,-75.049, ,Philadelphia
6272,56437,2017111576,6,67,67301,2017,9,6,2320,23,3,1,0,4,1, , ,N,1,2,0,3,0,1,1,3,N,N,39 59:38.950,75 09:22.373,2333, ,2320,1,1,3,N, ,3,N, , , , , , , , ,3,2,0,0,0,0,1,0,0,0,0,0,1,1,0,0,0,0,0,0,0,0,0,0,0,0,0,0,0,0,0,0,0,0,0,8,0,39.9941,-75.1562, ,Philadelphia
6273,56449,2017076216,6,67,67301,2017,6,3,1636,16,1,1,0,4,1, , ,N,1,2,0,3,0,2,4,2,N,N,39 59:13.382,75 07:20.404,1654, ,1653, ,0, ,N, ,3, , , , , , , , , ,2,2,0,0,0,0,0,0,0,0,0,0,2,2,0,0,0,0,0,0,0,0,0,0,0,0,0,0,0,0,0,0,0,0,0,8,0,39.9871,-75.1223, ,Philadelphia
6274,56450,2017067797,6,67,67301,2017,5,3,1508,15,1,1,1,7,3, , ,N,1,2,0,3,0,0,1,1,N, ,39 53:40.603,75 14:12.181,1532, ,1525, ,0, , , ,3, , , , , , , , , ,1,0,0,0,0,0,1,0,0,0,0,0,0,0,0,0,0,0,0,0,0,0,0,0,0,0,0,0,0,0,0,0,0,0,0,0,0,39.8946,-75.2367, ,Philadelphia
6275,56454,2017076342,6,67,67301,2017,6,2,1130,11,1,1,0,4,1, , ,N,1,3,0,3,0,1,2,2,N,N,40 02:02.896,75 03:21.301,1202, ,1142, ,0, ,N, ,3, , , , , , , , , ,2,1,0,0,0,0,0,1,0,0,0,0,1,1,0,0,0,0,0,0,0,0,0,0,0,0,0,0,0,0,0,0,0,0,0,8,0,40.0341,-75.0559, ,Philadelphia
6276,56458,2017067811,6,67,67301,2017,5,3,1730,17,1,2,1,1,1, , ,N,1,2,0,3,0,1,2,2,N,N,40 02:34.575,75 01:26.038,1745, ,1732, ,0, ,N, ,3, , , , , , , , , ,2,1,0,0,1,0,0,0,0,0,0,1,1,0,0,0,0,0,0,0,0,0,0,1,0,0,0,0,0,0,0,0,0,0,0,4,0,40.0429,-75.0239, ,Philadelphia
6277,56459,2017067980,6,67,67301,2017,6,6,918,9,1,1,0,4,1, , ,N,1,2,0,3,0,1,2,2,N, ,40 03:00.781,75 07:38.895,945, ,937, ,0, , , ,3, , , , , , , , , ,2,2,0,0,0,0,0,0,0,0,0,1,1,0,0,0,0,0,0,0,0,0,0,0,0,0,0,0,0,0,0,0,0,0,0,4,0,40.0502,-75.1275, ,Philadelphia
6278,56505,2017079151,6,67,67301,2017,7,2,357,3,3,2,1,1,1, , ,N,0,0,0,3,0,2,4,3,N,N,39 57:05.864,75 10:57.132,420, ,420,2,2,4, , ,0,N, , , , , , , , ,3,3,0,0,0,0,0,0,0,0,2,0,2,0,0,0,0,0,0,1,0,0,0,0,0,0,0,0,0,0,0,0,0,0,0,3,0,39.9516,-75.1825, ,Philadelphia
6279,56526,2017109949,6,67,67301,2017,10,2,215,2,3,1,0,4,1, , ,N,3,3,0,3,0,4,5,2,N,N,39 58:24.464,75 08:01.430,228, ,227, ,0, , , ,3, , , , , , , , , ,2,2,0,0,0,0,0,0,0,0,0,4,4,0,0,0,0,0,0,0,0,0,0,1,0,0,0,0,0,0,0,0,0,0,0,4,0,39.9735,-75.1337, ,Philadelphia
6280,56531,2017105898,6,67,67301,2017,9,3,843,8,1,1,0,4,1, , ,N,1,3,0,3,0,1,3,2,N,N,40 03:52.344,75 03:21.693,845, ,845, ,0, ,N, ,3, , , , , , , , , ,2,2,0,0,0,0,0,0,0,0,0,1,1,0,0,1,0,0,0,0,0,0,0,0,0,0,0,0,0,0,0,0,0,0,0,4,0,40.0645,-75.056, ,Philadelphia
6281,56534,2017096512,6,67,67301,2017,8,4,1101,11,1,1,0,4,1, , ,N,1,3,0,3,0,0,5,2,N, ,40 02:22.030,75 00:51.562,1110, ,1101,1,1,3, , ,3,N, , , , , , , , ,2,0,0,1,0,0,1,0,0,0,0,0,0,0,0,0,0,0,0,0,2,0,0,0,0,0,0,0,0,0,0,0,0,0,0,0,1,40.0395,-75.0143, ,Philadelphia
6282,56543,2017067772,6,67,67301,2017,5,6,600,6,1,2,1,4,1, , ,N,2,2,2,3,0,0,2,2,N,N,39 58:29.070,75 11:56.920,618, ,610,3,1,3,N, ,3,N, , , , , , , , ,2,1,0,0,0,0,0,1,0,0,0,0,0,0,0,0,0,0,0,0,1,0,0,0,0,0,0,0,0,0,0,0,0,0,0,0,0,39.9747,-75.1992, ,Philadelphia
6283,59585,2017080312,6,67,67301,2017,7,6,1629,16,1,1,0,1,1, , ,N,0,0,0,3,0,2,4,4,N,N,39 55:42.983,75 08:46.388,1637, ,1630,2,1,1, , ,0,N, , , , , , , , ,4,4,0,0,0,0,0,0,0,0,2,0,2,0,0,0,0,0,0,0,1,0,0,0,0,0,0,0,0,0,0,0,0,0,0,3,0,39.9286,-75.1462, ,Philadelphia
6284,59592,2017091851,6,67,67301,2017,8,2,1640,16,1,1,0,4,1, , ,N,1,3,0,3,0,0,2,2,N,N,40 02:52.901,75 05:34.215,1720, ,1712,2,2,3, , ,3,N, , , , , , , , ,2,2,0,0,0,0,0,0,0,0,0,0,0,0,0,0,0,0,0,1,0,0,0,0,0,0,0,0,0,0,0,0,0,0,0,0,0,40.048,-75.0928, ,Philadelphia
6285,59605,2017115909,6,67,67301,2017,10,7,815,8,1,1,0,1,6, , ,N,0,0,0,3,0,1,1,3,N,N,39 59:37.287,75 10:34.539,820, ,819, ,0, , , ,0, , , , , , , , , ,3,2,0,0,0,0,1,0,0,0,0,1,1,0,0,0,0,0,0,0,0,0,0,0,0,0,0,0,0,0,0,0,0,0,0,4,0,39.9937,-75.1763, ,Philadelphia
6286,59606,2017117236,6,67,67301,2017,10,4,110,1,3,1,0,5,6, , ,N,0,0,0,3,0,0,1,5,N, ,39 55:07.055,75 10:15.610,138, ,120, ,0, , , ,0, , , , , , , , , ,5,3,0,0,0,0,1,1,0,0,0,0,0,0,0,0,0,0,0,0,0,0,0,0,0,0,0,0,0,0,0,0,0,0,0,0,0,39.9186,-75.171, ,Philadelphia
6287,59616,2017110816,6,67,67301,2017,8,2,2218,22,3,1,0,5,1, , ,N,0,0,0,3,0,2,2,2,N,N,40 02:39.507,75 00:09.683,2234, ,2218,1,2,2, , ,0,N, , , , , , , , ,2,1,0,0,0,0,1,0,0,0,2,0,2,0,0,0,0,0,0,0,0,0,0,0,0,0,0,0,0,0,0,0,0,0,0,3,0,40.0443,-75.0027, ,Philadelphia
6288,59620,2017120602,6,67,67301,2017,10,2,2150,21,3,1,0,4,1, , ,N,5,2,2,3,0,1,3,2,N,N,39 57:27.542,75 09:44.544,2156, ,2153, ,0, ,N, ,3, , , , , , , , , ,2,1,0,0,1,0,0,0,0,0,0,1,1,0,0,0,0,1,0,0,0,0,0,0,0,0,0,0,0,0,0,0,0,0,0,4,0,39.9577,-75.1624, ,Philadelphia
6289,59624,2017070503,6,67,67301,2017,6,4,930,9,1,1,0,4,1, , ,N,2,3,0,3,0,1,2,2,N,N,40 04:06.990,75 02:23.190,940, ,930,1,1,2,N, ,3,N, , , , , , , , ,1,0,0,0,0,0,0,1,1,0,0,1,1,0,0,0,0,0,0,0,0,0,0,0,0,0,0,0,0,0,0,0,0,0,0,4,0,40.0686,-75.0398, ,Philadelphia
6290,59630,2017070462,6,67,67301,2017,6,1,1843,18,1,1,0,5,1, , ,N,1,2,0,3,0,1,5,3,N, ,39 56:55.984,75 09:37.967,1851, ,1847, ,0, , , ,3, , , , , , , , , ,2,1,0,0,0,0,1,0,0,0,1,0,1,0,0,0,0,0,0,0,1,0,0,0,0,0,0,0,0,0,0,0,1,0,0,3,0,39.9489,-75.1605, ,Philadelphia
6291,59648,2017088872,6,67,67301,2017,7,2,1242,12,1,1,0,4,1, , ,N,1,2,1,3,0,3,3,2,N,N,39 57:42.279,75 14:19.648,1244, ,1244,3,2,7,N, ,3,Y, , , , , , , , ,2,1,0,0,0,0,1,0,0,0,0,2,3,1,0,0,0,0,0,0,0,1,0,2,0,0,0,0,0,0,0,0,0,0,0,4,0,39.9616,-75.2388, ,Philadelphia
6292,59655,2017097812,6,67,67301,2017,7,7,1450,14,1,1,0,4,1, , ,N,1,2,0,3,0,3,5,3,N,N,39 57:15.642,75 13:26.511,1516, ,1506, ,0, ,N, ,1, , , , , , , , , ,3,3,0,0,0,0,0,0,0,0,0,2,3,1,0,0,0,0,0,0,1,0,0,0,0,0,0,0,0,0,0,0,0,0,0,4,0,39.9543,-75.224, ,Philadelphia
6293,59706,2017108017,6,67,67301,2017,9,7,730,7,1,1,0,5,6, , ,N,0,0,0,3,0,0,1,4,N,N,39 59:11.985,75 07:43.792,825, ,823, ,0, ,N, ,0, , , , , , , , , ,4,2,0,0,1,0,1,0,0,0,0,0,0,0,0,0,0,0,0,0,0,0,0,0,0,0,0,0,0,0,0,0,0,0,0,0,0,39.9867,-75.1288, ,Philadelphia
6294,59729,2017086691,6,67,67301,2017,3,2,1100,11,1,1,0,4,1, , ,N,1,3,0,3,0,0,2,2,N,N,39 58:21.021,75 09:36.266,1120, ,1115, ,0, ,N, ,3, , , , , , , , , ,2,2,0,0,0,0,0,0,0,0,0,0,0,0,0,0,0,0,0,0,1,0,0,0,0,0,0,0,0,0,0,0,0,0,0,0,0,39.9725,-75.1601, ,Philadelphia
6295,59747,2017097949,6,67,67301,2017,9,6,836,8,1,1,0,8,1, , ,N,5,2,0,3,0,1,2,2,N, ,40 00:35.379,75 09:03.622,836, ,836,1,1,2, , ,3,N, , , , , , , , ,1,0,0,0,0,0,0,1,0,0,0,0,1,1,0,0,0,0,0,0,0,0,0,0,0,0,0,0,0,0,0,0,1,0,0,8,0,40.0098,-75.151, ,Philadelphia
6296,59756,2017110248,6,67,67301,2017,10,2,2343,23,3,1,0,1,1, , ,N,0,0,3,3,0,1,2,2,N,N,39 54:25.600,75 08:27.600,2345, ,2345, ,0, ,N, ,0, , , , , , , , , ,2,0,0,0,0,0,1,1,0,0,0,0,1,1,0,0,0,0,0,0,1,0,0,1,0,0,0,0,0,0,0,0,0,0,0,8,0,39.9071,-75.141, ,Philadelphia
6297,59759,2017112170,6,67,67301,2017,10,6,717,7,1,1,0,4,1, , ,N,0,0,0,3,0,1,2,2,N,N,39 58:30.764,75 06:59.734,727, ,722, ,0, , , ,0, , , , , , , , , ,2,1,0,0,0,1,0,0,0,0,0,0,1,1,0,0,0,0,0,0,1,0,0,0,0,0,0,0,0,0,0,0,0,0,0,8,1,39.9752,-75.1166, ,Philadelphia
6298,59762,2017109788,6,67,67301,2017,9,2,1707,17,1,1,0,4,1, , ,N,1,2,0,3,0,0,3,2,N, ,40 02:12.235,75 03:52.193,1745, ,1732, ,0, , , ,3, , , , , , , , , ,2,2,0,0,0,0,0,0,0,0,0,0,0,0,0,0,0,0,1,0,0,0,0,0,0,0,0,0,0,0,0,0,0,0,0,0,0,40.0367,-75.0645, ,Philadelphia
6299,59769,2017070511,6,67,67301,2017,6,1,1809,18,1,1,0,4,1, , ,N,1,3,0,3,0,1,2,2,N,N,40 03:50.306,75 03:34.568,1859, ,1858, ,0, , , ,3, , , , , , , , , ,2,2,0,0,0,0,0,0,0,0,0,1,1,0,0,0,0,0,0,0,2,0,0,0,0,0,0,0,0,0,0,0,0,0,0,4,0,40.064,-75.0596, ,Philadelphia
6300,59778,2017007741,6,67,67301,2017,1,2,1500,15,1,2,1,4,1, , ,N,1,3,0,3,0,1,3,2,N,N,39 59:27.276,75 06:17.600,1725, ,1710, ,0, , , ,3, , , , , , , , , ,2,1,0,0,1,0,0,0,0,0,0,1,1,0,0,0,0,0,0,0,0,0,0,0,0,0,0,0,0,0,0,0,0,0,0,4,0,39.9909,-75.1049, ,Philadelphia
6301,62933,2017096583,6,67,67301,2017,8,4,135,1,3,2,1,4,1, , ,N,1,3,0,3,0,0,1,3,N, ,40 01:35.781,75 03:13.147,143, ,139,3,2,1, , ,3,Y, , , , , , , , ,3,0,0,0,0,0,3,0,0,0,0,0,0,0,0,0,0,0,0,1,0,0,0,0,0,0,0,0,0,0,0,0,0,0,0,0,0,40.0266,-75.0537, ,Philadelphia
6302,62934,2017090942,6,67,67301,2017,9,2,1755,17,1,1,0,1,1, , ,N,0,0,0,3,0,0,3,2,N,N,39 58:47.337,75 09:27.646,1759, ,1757, ,0, ,N, ,0, , , , , , , , , ,2,0,0,0,0,0,2,0,0,0,0,0,0,0,0,0,0,0,0,0,1,0,0,1,0,0,0,0,0,0,0,0,0,0,0,0,0,39.9798,-75.1577, ,Philadelphia
6303,62946,2017060648,6,67,67301,2017,5,4,600,6,1,1,0,4,1, , ,N,1,2,0,3,0,1,2,2,N, ,39 57:29.275,75 09:01.648,603, ,601,1,1,4, , ,3,Y, , , , , , , , ,2,1,0,0,0,0,0,1,0,0,0,1,1,0,0,0,0,0,0,0,0,0,0,0,0,0,0,0,0,0,0,0,0,0,0,4,0,39.9581,-75.1505, ,Philadelphia
6304,62957,2017076243,6,67,67301,2017,6,4,1022,10,1,1,0,8,1, , ,N,1,2,0,3,0,1,2,2,N,N,39 56:56.539,75 08:57.156,1024, ,1024, ,0, ,N, ,3, , , , , , , , , ,1,0,0,0,0,0,1,0,0,0,0,1,1,0,0,0,0,0,0,0,0,1,0,1,0,0,0,0,0,0,0,0,1,0,0,4,0,39.949,-75.1492, ,Philadelphia
6305,62968,2017088942,6,67,67301,2017,8,1,1900,19,1,1,0,8,1, , ,N,1,3,0,3,0,2,4,4,N,N,40 03:59.133,75 03:15.246,1935, ,1929, ,0, ,N, ,3, , , , , , , , , ,1,1,0,0,0,0,0,0,0,0,0,0,2,2,1,0,0,0,0,0,0,0,0,1,0,0,0,0,0,0,0,0,3,0,0,8,0,40.0664,-75.0542, ,Philadelphia
6306,62974,2017088764,6,67,67301,2017,8,6,2300,23,3,1,0,1,1, , ,N,2,0,0,3,0,4,4,2,N,N,39 59:51.522,75 09:31.334,9999, ,24, ,0, , , ,0, , , , , , , , , ,2,1,0,0,0,0,1,0,0,0,0,4,4,0,0,0,0,0,0,0,1,0,0,0,0,0,0,0,0,0,0,0,0,0,0,4,0,39.9976,-75.1587, ,Philadelphia
6307,62975,2017086935,6,67,67301,2017,1,1,630,6,5,1,0,4,1, , ,N,1,4,0,3,0,1,3,3,N, ,40 00:29.331,75 04:20.880,715, ,700, ,0, , , ,3, , , , , , , , , ,3,3,0,0,0,0,0,0,0,0,0,0,1,1,0,0,0,0,0,0,0,0,0,0,0,0,0,0,0,0,0,0,0,0,0,8,0,40.0081,-75.0725, ,Philadelphia
6308,62980,2017120672,6,67,67301,2017,10,7,2157,21,3,1,0,5,6, , ,N,0,0,0,3,0,0,1,2,N,N,39 57:01.623,75 12:29.577,2206, ,2201,3,2,3,N, ,0,N, , , , , , , , ,2,1,0,0,0,0,1,0,0,0,0,0,0,0,0,0,0,0,0,0,0,0,0,0,0,0,0,0,0,0,0,0,0,0,0,0,0,39.9505,-75.2082, ,Philadelphia
6309,62983,2017111780,6,67,67301,2017,10,1,1130,11,1,1,0,7,4, , ,N,0,0,8,3,1,0,1,3,N,N,39 57:19.647,75 08:28.331,1133, ,1131, ,0, ,N,0,0, , , , , , , , , ,3,0,1,0,0,0,0,2,0,0,0,0,0,0,0,0,0,0,0,0,0,0,0,0,0,0,0,0,1,0,0,0,0,0,0,1,2,39.9555,-75.1412,1,Philadelphia
6310,62984,2017117284,6,67,67301,2017,10,4,1050,10,1,1,0,7,2, , ,N,0,0,0,3,0,0,2,2,N,N,39 55:43.761,75 11:48.924,1107, ,1050,1,2,3, , ,0,Y, , , , , , , , ,2,0,0,0,1,0,0,1,0,0,0,0,0,0,0,0,0,0,0,0,1,1,0,0,0,0,0,0,0,0,0,0,0,0,0,0,0,39.929,-75.1971, ,Philadelphia
6311,62996,2017058380,6,67,67301,2017,5,2,10,0,3,1,0,4,1, , ,N,1,2,0,3,0,1,2,2,N,N,40 01:41.678,75 05:05.341,36, ,24, ,0, , , ,3, , , , , , , , , ,2,2,0,0,0,0,0,0,0,0,0,1,1,0,0,0,0,0,0,0,0,0,0,0,0,0,0,0,0,0,0,0,0,0,0,4,0,40.0282,-75.0848, ,Philadelphia
6312,63000,2017060661,6,67,67301,2017,5,5,1000,10,1,1,0,4,1, , ,N,0,2,7,3,0,1,2,2,N,N,40 03:22.083,75 13:57.722,1011, ,1007, ,0, , , ,3, , , , , , , , , ,2,1,0,0,0,0,1,0,0,0,0,1,1,0,0,0,0,0,0,0,1,0,0,1,0,0,0,0,0,0,0,0,0,0,0,4,0,40.0562,-75.2327, ,Philadelphia
6313,63013,2017116145,6,67,67301,2017,10,4,1834,18,4,1,0,8,1, , ,N,1,0,0,3,0,1,2,2,N, ,40 00:29.033,75 06:19.784,230, ,205, ,0, , , ,0, , , , , , , , , ,1,0,0,0,0,0,0,1,0,0,0,1,1,0,0,0,0,0,0,0,1,0,0,0,0,0,0,0,0,0,0,0,1,0,0,4,0,40.0081,-75.1055, ,Philadelphia
6314,63035,2017127465,6,67,67301,2017,11,3,1253,12,1,1,0,4,1, , ,N,1,3,0,3,0,3,5,2,N,N,40 03:04.985,75 08:54.866,1310, ,1258, ,0, ,N, ,3, , , , , , , , , ,2,2,0,0,0,0,0,0,0,0,0,3,3,0,0,0,0,0,0,0,0,1,0,5,0,0,0,0,0,0,0,0,0,0,0,4,0,40.0514,-75.1486, ,Philadelphia
6315,63051,2017070519,6,67,67301,2017,6,4,1301,13,1,1,0,4,1, , ,N,1,2,0,3,0,0,2,2,N, ,40 01:01.180,75 11:17.957,1337, ,1333, ,0, , , ,3, , , , , , , , , ,2,1,0,0,0,0,0,1,0,0,0,0,0,0,2,0,0,0,0,0,0,0,0,0,0,0,0,0,0,0,0,0,0,0,0,9,0,40.017,-75.1883, ,Philadelphia
6316,63070,2017097905,6,67,67301,2017,9,3,750,7,1,1,0,4,1, , ,N,1,2,0,3,0,2,2,2,N,N,40 02:05.655,75 11:03.688,835, ,825,2,1,7,N, ,3,Y, , , , , , , , ,2,2,0,0,0,0,0,0,0,0,1,1,2,0,0,0,0,0,0,0,1,0,0,0,0,0,0,0,0,0,0,0,0,0,0,3,0,40.0349,-75.1844, ,Philadelphia
6317,63072,2017091741,6,67,67301,2017,8,5,100,1,3,1,0,7,4, , ,N,1,3,0,3,0,1,1,1,N,N,40 02:36.265,75 01:47.270,205, ,201, ,0, ,N, ,3, , , , , , , , , ,1,1,0,0,0,0,0,0,0,0,0,1,1,0,0,0,0,0,0,0,0,0,0,0,0,0,0,0,0,0,0,0,0,0,0,4,0,40.0434,-75.0298, ,Philadelphia