objectid_1,objectid,crn,district,county,municipality,crash_year,crash_month,day_of_week,time_of_day,hour_of_day,illumination,weather,road_condition,collision_type,relation_to_road,work_zone_type,work_zone_loc,work_zone_ind,intersect_type,tcd_type,location_type,urban_rural,fatal_count,injury_count,person_count,total_units,sch_bus_ind,sch_zone_ind,latitude,longitude,arrival_tm,cons_zone_spd_lim,dispatch_tm,est_hrs_closed,lane_closed,ln_close_dir,ntfy_hiwy_maint,spec_juris_cd,tcd_func_cd,tfc_detour_ind,workers_pres,wz_close_detour,wz_flagger,wz_law_offcr_ind,wz_ln_closure,wz_moving,wz_other,wz_shlder_mdn,vehicle_count,automobile_count,motorcycle_count,bus_count,small_truck_count,heavy_truck_count,suv_count,van_count,bicycle_count,maj_inj_count,mod_inj_count,min_inj_count,tot_inj_count,unk_inj_deg_count,unk_inj_per_count,driver_count_16yr,driver_count_17yr,driver_count_18yr,driver_count_19yr,driver_count_20yr,driver_count_50_64yr,driver_count_65_74yr,driver_count_75plus,unbelted_occ_count,unb_death_count,unb_maj_inj_count,belted_death_count,belted_maj_inj_count,mcycle_death_count,mcycle_maj_inj_count,bicycle_death_count,bicycle_maj_inj_count,ped_count,ped_death_count,ped_maj_inj_count,max_severity_level,comm_veh_count,dec_lat,dec_long,rdwy_surf_type_cd,county_name
6318,63073,2017088821,6,67,67301,2017,8,1,1540,15,1,1,0,1,1, , ,N,0,0,0,3,0,2,3,2,N,N,40 05:25.510,75 01:58.770,1603, ,1603, ,0, ,N, ,0, , , , , , , , , ,2,2,0,0,0,0,0,0,0,0,0,0,2,2,1,0,0,0,0,1,0,0,0,0,0,0,0,0,0,0,0,0,0,0,0,8,0,40.0904,-75.033, ,Philadelphia
6319,65560,2017078715,6,67,67301,2017,7,2,1556,15,1,1,0,4,1, , ,N,1,2,0,3,0,0,2,2,N,N,40 02:11.464,75 10:49.411,1600, ,1558, ,0, , , ,3, , , , , , , , , ,2,2,0,0,0,0,0,0,0,0,0,0,0,0,0,0,0,0,0,0,0,0,0,0,0,0,0,0,0,0,0,0,0,0,0,0,0,40.0365,-75.1804, ,Philadelphia
6320,65564,2017067712,6,67,67301,2017,5,6,1725,17,1,1,0,4,1, , ,N,0,0,0,3,0,1,2,2,N,N,40 02:58.122,75 08:32.460,1730, ,1727,2,2,1,N, ,0,N, , , , , , , , ,2,0,0,0,1,0,1,0,0,0,0,1,1,0,0,0,0,0,0,0,0,0,1,0,0,0,0,0,0,0,0,0,0,0,0,4,0,40.0495,-75.1424, ,Philadelphia
6321,65566,2017067845,6,67,67301,2017,5,1,715,7,1,1,0,1,6, , ,N,0,0,0,3,0,0,2,2,N,N,39 57:24.843,75 13:10.058,745, ,740, ,0, ,N, ,0, , , , , , , , , ,2,0,0,0,0,1,1,0,0,0,0,0,0,0,0,0,0,0,0,0,0,0,0,0,0,0,0,0,0,0,0,0,0,0,0,0,1,39.9569,-75.2195, ,Philadelphia
6322,65584,2017068203,6,67,67301,2017,6,2,447,4,5,1,0,7,4, , ,N,0,0,2,3,0,0,1,1,N,N,40 00:12.603,75 04:39.669,507, ,449,1,1,2, , ,0,N, , , , , , , , ,1,0,0,0,0,0,1,0,0,0,0,0,0,0,0,0,0,0,0,0,0,0,0,1,0,0,0,0,0,0,0,0,0,0,0,0,0,40.0035,-75.0777, ,Philadelphia
6323,65591,2017097791,6,67,67301,2017,8,4,1227,12,1,1,0,6,6, , ,N,0,0,0,3,0,1,1,4,N,N,39 59:17.383,75 10:59.518,1232, ,1229,4,2,6,N, ,0,Y, , , , , , , , ,4,4,0,0,0,0,0,0,0,0,0,0,1,1,0,0,0,0,0,0,1,0,0,1,0,0,0,0,0,0,0,0,0,0,0,8,0,39.9882,-75.1832, ,Philadelphia
6324,65594,2017088792,6,67,67301,2017,8,3,128,1,3,8,1,7,4, , ,N,1,2,0,3,0,0,1,1,N, ,40 00:38.955,75 07:35.936,9999, ,129, ,0, , , ,3, , , , , , , , , ,1,0,0,0,0,0,0,1,0,0,0,0,0,0,0,0,0,0,0,0,0,0,0,0,0,0,0,0,0,0,0,0,0,0,0,0,0,40.0108,-75.1266, ,Philadelphia
6325,65623,2017096952,6,67,67301,2017,9,2,1010,10,1,1,0,7,4,2,4,Y,0,0,3,3,0,0,1,1,N,N,39 54:19.000,75 07:48.300,1025,35,1020,1,2,3,N, ,0,N,Y, , ,N,Y, , , ,1,0,0,0,0,1,0,0,0,0,0,0,0,0,0,0,0,0,0,0,1,0,0,0,0,0,0,0,0,0,0,0,0,0,0,0,1,39.9053,-75.1301, ,Philadelphia
6326,65652,2017068045,6,67,67301,2017,5,2,2115,21,3,1,0,8,4, , ,N,1,2,0,3,0,1,2,2,N, ,39 57:36.122,75 13:29.468,2125, ,2119, ,0, , , ,3, , , , , , , , , ,1,0,0,1,0,0,0,0,0,0,0,1,1,0,0,0,0,0,0,0,1,0,0,0,0,0,0,0,0,0,0,0,1,0,0,4,1,39.96,-75.2249, ,Philadelphia
6327,65681,2017109864,6,67,67301,2017,9,6,714,7,1,1,0,8,1, , ,N,0,0,0,3,0,1,2,2,N,N,40 01:46.312,75 03:21.817,720, ,714, ,0, ,N, ,0, , , , , , , , , ,1,0,0,0,0,0,1,0,0,0,0,1,1,0,0,0,0,0,0,0,0,0,0,1,0,0,0,0,0,0,0,0,1,0,0,4,0,40.0295,-75.0561, ,Philadelphia
6328,65699,2017078578,6,67,67301,2017,7,2,1318,13,1,1,0,1,1, , ,N,0,0,0,3,0,1,4,3,N,N,40 01:21.980,75 02:11.980,1331, ,1318, ,0, , , ,0, , , , , , , , , ,3,1,0,0,0,0,2,0,0,0,0,0,1,1,0,0,0,0,0,0,2,0,0,0,0,0,0,0,0,0,0,0,0,0,0,8,0,40.0228,-75.0367, ,Philadelphia
6329,65703,2017067889,6,67,67301,2017,6,3,1755,17,1,1,0,5,1, , ,N,0,0,0,3,0,1,2,2,N,N,40 01:52.610,75 03:47.265,1755, ,1755, ,0, , , ,0, , , , , , , , , ,2,2,0,0,0,0,0,0,0,0,0,0,1,1,0,0,0,0,0,0,1,1,0,0,0,0,0,0,0,0,0,0,0,0,0,8,0,40.0312,-75.0631, ,Philadelphia
6330,65724,2017076192,6,67,67301,2017,6,7,1325,13,1,1,0,5,6, , ,N,0,0,0,3,0,1,1,3,N,N,40 00:32.963,75 07:19.672,1328, ,1325, ,0, ,N, ,0, , , , , , , , , ,3,2,0,0,0,0,1,0,0,0,0,0,1,1,0,0,0,0,0,0,0,0,0,0,0,0,0,0,0,0,0,0,0,0,0,8,0,40.0092,-75.1221, ,Philadelphia
6331,65737,2017086290,6,67,67301,2017,7,6,800,8,1,1,0,4,1, , ,N,0,0,7,3,0,2,3,3,N, ,39 54:48.600,75 09:00.800,812, ,803, ,0, , , ,0, , , , , , , , , ,3,2,0,0,0,0,1,0,0,0,0,0,2,2,0,0,0,0,0,0,1,0,0,3,0,0,0,0,0,0,0,0,0,0,0,8,0,39.9135,-75.1502, ,Philadelphia
6332,65740,2017088778,6,67,67301,2017,8,4,1830,18,1,1,1,4,1, , ,N,1,2,0,3,0,1,3,2,N,N,40 03:16.929,75 07:29.472,1845, ,1840, ,0, , , ,3, , , , , , , , , ,2,2,0,0,0,0,0,0,0,0,0,1,1,0,0,0,0,0,0,0,0,0,0,0,0,0,0,0,0,0,0,0,0,0,0,4,0,40.0546,-75.125, ,Philadelphia
6333,65746,2017041196,6,67,67301,2017,3,3,1830,18,4,8,1,4,1, , ,N,1,2,0,3,0,4,4,2,N, ,39 58:02.859,75 13:54.599,1830, ,1830,3,1,3, , ,3,Y, , , , , , , , ,2,1,0,0,0,0,1,0,0,0,1,3,4,0,0,1,0,0,0,0,0,0,0,0,0,0,0,0,0,0,0,0,0,0,0,3,0,39.9675,-75.2318, ,Philadelphia
6334,65757,2017088737,6,67,67301,2017,8,6,2225,22,3,1,0,8,1, , ,N,0,0,0,3,1,0,2,2,N,N,39 59:50.087,75 07:10.469,2315, ,2305,3,1,6,N,0,0,N, , , , , , , , ,1,1,0,0,0,0,0,0,0,0,0,0,0,0,0,0,0,0,0,0,0,0,0,1,0,0,0,0,0,0,0,0,1,1,0,1,0,39.9972,-75.1196,2,Philadelphia
6335,65760,2017087124,6,67,67301,2017,8,4,649,6,1,1,0,1,1, , ,N,7,0,2,3,0,1,2,2,N,N,39 57:31.441,75 08:26.459,733, ,658, ,0, , , ,0, , , , , , , , , ,2,2,0,0,0,0,0,0,0,0,0,0,1,1,0,0,0,0,0,0,0,0,0,0,0,0,0,0,0,0,0,0,0,0,0,8,0,39.9557,-75.1407, ,Philadelphia
6336,65761,2017076284,6,67,67301,2017,6,2,9999,99,1,1,0,1,1, , ,N,1,2,0,3,0,0,2,2,N,N,40 03:20.759,75 09:31.942,1259, ,1257, ,0, ,N, ,3, , , , , , , , , ,2,1,0,0,0,0,1,0,0,0,0,0,0,0,0,0,0,0,0,0,0,0,0,0,0,0,0,0,0,0,0,0,0,0,0,0,0,40.0558,-75.1589, ,Philadelphia
6337,56552,2017070443,6,67,67301,2017,6,7,1000,10,1,1,0,8,1, , ,N,2,2,0,3,0,1,2,2,N,N,40 01:52.459,75 01:18.271,1005, ,1002, ,0, , , ,3, , , , , , , , , ,1,1,0,0,0,0,0,0,0,0,0,1,1,0,0,0,0,0,0,0,0,0,0,1,0,0,0,0,0,0,0,0,1,0,0,4,0,40.0312,-75.0217, ,Philadelphia
6338,56560,2017086714,6,67,67301,2017,3,1,400,4,3,1,0,1,6, , ,N,0,0,0,3,0,0,1,4,N,N,39 59:07.367,75 11:15.997,411, ,410,1,2,5,N, ,0,Y, , , , , , , , ,4,3,0,0,0,0,0,1,0,0,0,0,0,0,0,0,0,0,0,0,0,0,0,1,0,0,0,0,0,0,0,0,0,0,0,0,0,39.9854,-75.1878, ,Philadelphia
6339,56580,2017109893,6,67,67301,2017,10,3,750,7,1,1,0,8,1, , ,N,1,3,0,3,0,1,3,2,N,N,39 55:41.365,75 09:36.837,750, ,750, ,0, ,N, ,3, , , , , , , , , ,1,0,0,0,0,0,0,1,0,0,0,1,1,0,0,0,0,0,0,0,1,0,0,0,0,0,0,0,0,0,0,0,1,0,0,4,0,39.9282,-75.1602, ,Philadelphia
6340,56584,2017060668,6,67,67301,2017,5,5,1434,14,1,1,0,8,1, , ,N,0,0,0,3,0,1,2,2,N, ,40 02:17.221,75 03:04.604,1600, ,1502, ,0, , , ,0, , , , , , , , , ,1,0,0,0,0,0,1,0,0,0,1,0,1,0,0,0,0,0,0,0,1,0,0,0,0,0,0,0,0,0,0,0,1,0,0,3,0,40.0381,-75.0513, ,Philadelphia
6341,56591,2017068084,6,67,67301,2017,6,7,1847,18,1,1,0,4,1, , ,N,1,2,0,3,0,3,4,2,N,N,39 57:48.108,75 11:14.703,1847, ,1847, ,0, ,N, ,3, , , , , , , , , ,2,2,0,0,0,0,0,0,0,0,0,0,3,3,0,0,0,0,0,0,0,0,0,1,0,0,0,0,0,0,0,0,0,0,0,8,0,39.9634,-75.1875, ,Philadelphia
6342,56601,2017067507,6,67,67301,2017,7,1,1930,19,2,1,0,5,1, , ,N,2,2,0,3,0,1,1,2,N,N,39 57:21.401,75 12:17.204,1933, ,1931, ,0, ,N, ,3, , , , , , , , , ,2,2,0,0,0,0,0,0,0,0,1,0,1,0,0,0,0,0,0,0,1,0,0,0,0,0,0,0,0,0,0,0,0,0,0,3,0,39.9559,-75.2048, ,Philadelphia
6343,56610,2017106887,6,67,67301,2017,9,6,558,5,3,1,0,7,2, , ,N,0,0,0,3,0,0,1,1,N,N,40 02:58.029,74 59:46.122,640, ,610,1,2,2, , ,0,N, , , , , , , , ,1,1,0,0,0,0,0,0,0,0,0,0,0,0,0,0,0,0,0,0,0,0,0,0,0,0,0,0,0,0,0,0,0,0,0,0,0,40.0495,-74.9961, ,Philadelphia
6344,56613,2017091771,6,67,67301,2017,8,5,9999,99,1,1,0,1,1, , ,N,1,2,0,3,0,2,3,2,N, ,40 00:11.783,75 09:57.234,1244, ,1227, ,0, , , ,3, , , , , , , , , ,2,1,0,0,0,0,0,1,0,0,0,2,2,0,0,0,0,0,0,0,1,0,0,1,0,0,0,0,0,0,0,0,0,0,0,4,0,40.0033,-75.1659, ,Philadelphia
6345,56617,2017106027,6,67,67301,2017,9,2,1130,11,1,1,0,4,1, , ,N,1,3,0,3,0,2,2,2,N,N,39 57:54.791,75 11:30.533,1139, ,1133, ,0, ,N, ,3, , , , , , , , , ,2,1,0,0,0,0,1,0,0,0,0,2,2,0,0,0,0,0,0,0,1,0,0,0,0,0,0,0,0,0,0,0,0,0,0,4,0,39.9652,-75.1918, ,Philadelphia
6346,56635,2017076197,6,67,67301,2017,6,3,1047,10,1,1,0,1,1, , ,N,1,2,0,3,0,3,5,3,N,N,39 59:49.970,75 07:09.559,1047, ,1047, ,0, ,N, ,3, , , , , , , , , ,3,0,0,0,0,0,2,1,0,0,0,3,3,0,0,0,0,0,0,0,0,0,0,0,0,0,0,0,0,0,0,0,0,0,0,4,0,39.9972,-75.1194, ,Philadelphia
6347,56641,2017067834,6,67,67301,2017,6,5,1635,16,1,1,0,5,1, , ,N,1,0,0,3,0,0,4,2,N,N,39 56:43.200,75 10:00.700,1835, ,1818, ,0, ,N, ,0, , , , , , , , , ,2,0,0,0,0,0,1,1,0,0,0,0,0,0,0,0,0,0,0,0,1,0,0,3,0,0,0,0,0,0,0,0,0,0,0,0,0,39.9453,-75.1669, ,Philadelphia
6348,56652,2017078877,6,67,67301,2017,7,7,1549,15,1,1,0,4,1, , ,N,1,2,0,3,0,2,2,2,N,N,40 05:18.416,75 02:38.512,1617, ,1615, ,0, ,N, ,3, , , , , , , , , ,2,1,0,0,0,0,1,0,0,0,0,0,2,2,0,0,0,0,0,0,0,1,0,0,0,0,0,0,0,0,0,0,0,0,0,8,0,40.0884,-75.044, ,Philadelphia
6349,56658,2017075561,6,46,46108,2017,7,6,1656,16,1,1,0,4,1, , ,N,1,2,0,3,0,0,3,2,N,N,40 05:15.217,75 12:51.464,1700, ,1656,1,1,1,N, ,3,Y, , , , , , , , ,2,1,0,0,0,0,1,0,0,0,0,0,0,0,1,0,0,0,0,0,0,0,0,0,0,0,0,0,0,0,0,0,0,0,0,9,0,40.0876,-75.2143, ,Montgomery
6350,56668,2017097794,6,67,67301,2017,9,3,2200,22,3,2,1,4,1, , ,N,1,2,2,3,0,1,2,2,N,N,39 58:28.541,75 11:58.243,150, ,141, ,0, ,N, ,3, , , , , , , , , ,1,0,0,0,0,0,0,0,1,0,1,0,1,0,0,0,0,0,0,0,0,0,0,0,0,0,0,0,0,0,0,0,0,0,0,3,0,39.9746,-75.1995, ,Philadelphia
6351,56671,2017093508,6,67,67301,2017,8,4,1800,18,1,1,0,4,1, , ,N,1,3,0,3,0,0,2,2,N,N,40 01:51.311,75 02:16.933,1835, ,1830, ,0, ,N, ,3, , , , , , , , , ,2,1,0,0,0,0,1,0,0,0,0,0,0,0,0,0,0,0,0,0,0,0,0,2,0,0,0,0,0,0,0,0,0,0,0,0,0,40.0309,-75.038, ,Philadelphia
6352,56686,2017089083,6,67,67301,2017,8,7,26,0,3,1,0,7,4, , ,N,0,0,0,3,0,1,1,1,N,N,39 58:45.063,75 06:32.582,34, ,30,1,1,2, , ,0,N, , , , , , , , ,1,0,0,0,0,0,1,0,0,0,1,0,1,0,0,0,0,0,0,0,0,0,0,0,0,0,0,0,0,0,0,0,0,0,0,3,0,39.9792,-75.1091, ,Philadelphia
6353,56692,2017088881,6,67,67301,2017,8,1,412,4,3,1,0,4,1, , ,N,1,2,0,3,0,3,4,2,N, ,40 01:41.728,75 06:35.304,420, ,415, ,0, , , ,3, , , , , , , , , ,2,1,0,0,0,0,0,1,0,0,0,3,3,0,1,0,0,1,0,0,0,0,0,0,0,0,0,0,0,0,0,0,0,0,0,4,0,40.0283,-75.1098, ,Philadelphia
6354,56696,2017086211,6,67,67301,2017,7,7,1700,17,1,1,0,7,4,8,8,Y,0,0,0,3,0,1,1,1,N,N,39 57:37.449,75 10:27.860,1700,99,1700,1,1,3,N, ,0,Y,U, , ,U, , , , ,1,0,1,0,0,0,0,0,0,0,0,0,1,1,0,0,0,0,0,0,1,0,0,0,0,0,0,0,0,0,0,0,0,0,0,8,0,39.9604,-75.1744, ,Philadelphia
6355,59782,2017041127,6,67,67301,2017,4,2,745,7,1,1,0,1,1, , ,N,0,0,0,3,0,3,3,3,N,N,39 57:21.811,75 14:16.269,750, ,747,2,2,6,N, ,0,Y, , , , , , , , ,3,2,0,0,1,0,0,0,0,0,0,3,3,0,0,0,0,0,0,0,0,0,1,0,0,0,0,0,0,0,0,0,0,0,0,4,0,39.9561,-75.2379, ,Philadelphia
6356,59819,2017073546,6,67,67301,2017,7,4,801,8,1,1,0,1,1, , ,N,6,0,2,3,0,1,3,2,N,N,39 56:55.750,75 11:08.160,823, ,802,2,1,4, , ,0,N, , , , , , , , ,2,0,0,0,0,0,2,0,0,0,0,1,1,0,0,0,0,0,0,1,0,0,0,0,0,0,0,0,0,0,0,0,0,0,0,4,0,39.9488,-75.1857, ,Philadelphia
6357,59827,2017088932,6,67,67301,2017,8,5,745,7,1,1,0,1,1, , ,N,0,0,0,3,0,0,2,2,N,N,39 58:32.284,75 07:14.274,749, ,745, ,0, ,N, ,0, , , , , , , , , ,2,1,0,0,0,0,1,0,0,0,0,0,0,0,1,0,0,0,0,0,1,0,0,0,0,0,0,0,0,0,0,0,0,0,0,9,0,39.9756,-75.1208, ,Philadelphia
6358,59847,2017111038,6,67,67301,2017,9,5,1705,17,1,1,0,5,1, , ,N,0,0,0,3,0,1,2,2,N,N,39 57:28.427,75 09:56.557,1720, ,1710, ,0, ,N, ,0, , , , , , , , , ,2,0,0,0,0,0,2,0,0,0,0,0,1,1,0,0,0,0,0,0,1,0,0,0,0,0,0,0,0,0,0,0,0,0,0,8,0,39.9579,-75.1657, ,Philadelphia
6359,59858,2017130633,6,67,67301,2017,11,7,1010,10,1,9,8,5,1, , ,N,0,0,0,3,0,1,2,2,N, ,39 56:19.500,75 13:18.600,9999, ,1019, ,0, ,N, ,0, , , , , , , , , ,2,1,0,0,0,0,1,0,0,0,0,0,1,1,1,0,0,0,1,0,0,0,0,0,0,0,0,0,0,0,0,0,0,0,0,8,0,39.9388,-75.2218, ,Philadelphia
6360,59867,2017067893,6,67,67301,2017,6,3,1145,11,1,1,0,2,1, , ,N,0,0,0,3,0,7,7,2,N, ,40 00:39.011,75 04:10.182,1155, ,1153,2,2,3, , ,0,Y, , , , , , , , ,2,0,0,1,0,0,1,0,0,0,0,7,7,0,0,0,0,0,0,0,1,0,0,0,0,0,0,0,0,0,0,0,0,0,0,4,1,40.0108,-75.0695, ,Philadelphia
6361,59870,2017067825,6,67,67301,2017,5,4,2116,21,3,1,0,4,1, , ,N,2,3,0,3,0,0,4,2,N,N,40 02:05.449,75 07:26.209,2116, ,2116, ,0, ,N, ,3, , , , , , , , , ,2,2,0,0,0,0,0,0,0,0,0,0,0,0,0,0,0,0,0,0,0,0,0,0,0,0,0,0,0,0,0,0,0,0,0,0,0,40.0348,-75.1239, ,Philadelphia
6362,59897,2017100215,6,67,67301,2017,9,2,2127,21,3,1,0,7,2, , ,N,0,0,0,3,0,2,2,1,N,N,39 55:09.836,75 08:53.242,2141, ,2134,2,2,2, , ,0,N, , , , , , , , ,1,0,0,0,0,0,1,0,0,0,2,0,2,0,0,0,0,0,0,1,0,0,0,0,0,0,0,0,0,0,0,0,0,0,0,3,0,39.9194,-75.1481, ,Philadelphia
6363,59910,2017120679,6,67,67301,2017,10,3,2145,21,3,1,0,4,1, , ,N,1,2,0,3,0,1,3,3,N, ,39 59:03.937,75 08:30.724,2305, ,2301, ,0, , , ,3, , , , , , , , , ,3,2,0,0,0,0,1,0,0,0,0,1,1,0,0,0,0,0,0,0,1,0,0,0,0,0,0,0,0,0,0,0,0,0,0,4,0,39.9844,-75.1419, ,Philadelphia
6364,59915,2017060636,6,67,67301,2017,5,7,2031,20,3,1,0,5,1, , ,N,0,0,0,3,0,1,2,2,N,N,39 57:48.111,75 11:15.297,2038, ,2036, ,0, ,N, ,0, , , , , , , , , ,2,1,0,0,0,1,0,0,0,0,0,0,1,1,0,0,0,0,0,0,0,0,0,0,0,0,0,0,0,0,0,0,0,0,0,8,0,39.9633,-75.1876, ,Philadelphia
6365,59930,2017086833,6,67,67301,2017,5,6,520,5,3,6,1,5,6, , ,N,0,0,0,3,0,1,2,2,N, ,40 07:33.542,75 01:09.965,525, ,522,2,1,4, , ,0,N, , , , , , , , ,2,1,0,0,0,1,0,0,0,0,0,1,1,0,0,0,0,0,0,0,0,0,0,0,0,0,0,0,0,0,0,0,0,0,0,4,1,40.126,-75.0194, ,Philadelphia
6366,59936,2017086805,6,67,67301,2017,5,3,9999,99,1,1,0,1,1, , ,N,0,0,0,3,0,2,2,2,N,N,39 58:52.470,75 14:27.853,146, ,139, ,0, , , ,0, , , , , , , , , ,2,2,0,0,0,0,0,0,0,0,2,0,2,0,0,0,0,0,0,0,0,0,0,0,0,0,0,0,0,0,0,0,0,0,0,3,0,39.9812,-75.2411, ,Philadelphia
6367,59959,2017105862,6,67,67301,2017,9,4,1841,18,4,1,0,8,1, , ,N,2,3,0,3,0,1,2,2,N,N,40 03:52.178,75 08:40.279,1859, ,1843, ,0, , , ,3, , , , , , , , , ,1,0,0,0,0,0,0,0,0,0,0,1,1,0,1,0,0,0,0,0,0,0,0,0,0,0,0,0,0,0,0,0,1,0,0,4,0,40.0645,-75.1445, ,Philadelphia
6368,59967,2017067820,6,67,67301,2017,6,5,1136,11,1,1,0,4,1, , ,N,1,2,0,3,0,1,5,2,N,N,40 00:19.420,75 06:33.689,1218, ,1216, ,0, ,N, ,3, , , , , , , , , ,2,1,0,0,0,0,1,0,0,0,0,1,1,0,0,0,0,0,0,0,0,0,0,0,0,0,0,0,0,0,0,0,0,0,0,4,0,40.0054,-75.1094, ,Philadelphia
6369,59970,2017067711,6,67,67301,2017,5,6,215,2,3,2,1,7,2, , ,N,0,0,0,3,0,0,1,1,N,N,39 59:51.597,75 09:31.590,226, ,222, ,0, ,N, ,0, , , , , , , , , ,1,1,0,0,0,0,0,0,0,0,0,0,0,0,0,0,0,0,0,0,0,0,0,1,0,0,0,0,0,0,0,0,0,0,0,0,0,39.9977,-75.1588, ,Philadelphia
6370,59973,2017076386,6,67,67301,2017,6,1,2158,21,2,1,0,1,1, , ,N,0,0,3,3,0,1,2,2,N,N,39 53:26.258,75 13:15.046,2207, ,2159, ,0, , , ,0, , , , , , , , , ,2,1,1,0,0,0,0,0,0,0,0,0,1,1,0,0,0,0,0,0,1,0,0,0,0,0,0,0,0,0,0,0,0,0,0,8,0,39.8902,-75.2201, ,Philadelphia
6371,59984,2017086885,6,67,67301,2017,5,1,1907,19,1,1,0,8,1, , ,N,2,2,0,3,0,1,2,2,N,N,39 54:53.188,75 09:18.181,1912, ,1908, ,0, ,N, ,3, , , , , , , , , ,1,1,0,0,0,0,0,0,0,0,0,1,1,0,0,0,0,0,0,0,0,0,0,0,0,0,0,0,0,0,0,0,1,0,0,4,0,39.9147,-75.155, ,Philadelphia
6372,59991,2017086156,6,67,67301,2017,7,5,1413,14,1,1,0,4,1, , ,N,1,3,0,3,0,1,2,2,N, ,39 58:06.599,75 09:54.192,1415, ,1414,1,2,2, , ,3,Y, , , , , , , , ,1,0,0,0,1,0,0,0,1,0,0,1,1,0,0,0,0,0,0,0,0,0,0,0,0,0,0,0,0,0,0,0,0,0,0,4,0,39.9685,-75.1651, ,Philadelphia
6373,63089,2017096530,6,67,67301,2017,8,4,1630,16,1,1,0,4,1, , ,N,1,3,0,3,0,1,3,2,N, ,40 00:22.716,75 08:38.104,2035, ,2016, ,0, , , ,3, , , , , , , , , ,2,1,0,0,0,0,1,0,0,0,1,0,1,0,1,0,0,0,0,0,0,0,0,0,0,0,0,0,0,0,0,0,0,0,0,3,0,40.0063,-75.1439, ,Philadelphia
6374,63090,2017067721,6,67,67301,2017,5,4,600,6,1,2,1,1,1, , ,N,0,0,0,3,0,1,1,2,N,N,40 02:12.937,75 10:17.986,725, ,720, ,0, ,N, ,0, , , , , , , , , ,2,1,0,0,1,0,0,0,0,0,0,1,1,0,0,0,0,0,0,0,0,0,0,1,0,0,0,0,0,0,0,0,0,0,0,4,0,40.0369,-75.1717, ,Philadelphia
6375,63095,2017073580,6,67,67301,2017,7,2,1133,11,1,1,0,1,1, , ,N,0,0,0,3,0,2,2,2,N,N,40 00:37.263,75 03:48.014,1140, ,1134,3,2,5, , ,0,Y, , , , , , , , ,2,0,0,0,1,1,0,0,0,0,0,0,2,2,0,0,0,0,0,0,0,0,0,0,0,0,0,0,0,0,0,0,0,0,0,8,2,40.0104,-75.0633, ,Philadelphia
6376,63097,2017078819,6,67,67301,2017,7,7,1911,19,1,1,0,5,1, , ,N,0,0,0,3,0,1,6,2,N, ,40 02:28.827,75 09:03.819,1917, ,1911, ,0, , , ,0, , , , , , , , , ,2,2,0,0,0,0,0,0,0,0,1,0,1,0,0,0,0,0,0,0,0,0,0,0,0,0,0,0,0,0,0,0,0,0,0,3,0,40.0413,-75.1511, ,Philadelphia
6377,63105,2017067685,6,67,67301,2017,5,2,2225,22,3,1,0,5,6, , ,N,0,0,0,3,0,1,2,2,N, ,39 59:43.558,75 13:35.835,2325, ,2317, ,0, , , ,0, , , , , , , , , ,2,0,0,0,0,0,1,0,0,0,0,0,1,1,0,0,0,0,0,0,0,0,0,0,0,0,0,0,0,0,0,0,0,0,0,8,0,39.9954,-75.2266, ,Philadelphia
6378,63121,2017097880,6,67,67301,2017,9,4,910,9,1,1,0,4,1, , ,N,1,3,0,3,0,0,4,2,N, ,40 00:01.702,75 07:10.610,931, ,920, ,0, , , ,3, , , , , , , , , ,2,1,0,0,0,0,1,0,0,0,0,0,0,0,0,0,0,0,0,0,0,0,0,1,0,0,0,0,0,0,0,0,0,0,0,0,0,40.0005,-75.1196, ,Philadelphia
6379,63127,2017097134,6,67,67301,2017,8,3,2212,22,3,2,1,7,2, , ,N,0,0,0,3,0,0,1,1,N,N,39 56:52.532,75 08:31.732,2223, ,2212,2,1,2, , ,0,N, , , , , , , , ,1,1,0,0,0,0,0,0,0,0,0,0,0,0,0,0,0,0,0,0,0,0,0,0,0,0,0,0,0,0,0,0,0,0,0,0,0,39.9479,-75.1421, ,Philadelphia
6380,63140,2017055678,6,67,67301,2017,4,6,1935,19,3,1,0,5,6, , ,N,0,0,0,3,0,1,1,3,N,N,40 00:59.977,75 11:19.823,1945, ,1941, ,0, ,N, ,0, , , , , , , , , ,3,0,0,0,0,0,2,1,0,0,1,0,1,0,0,0,0,0,0,0,0,1,0,0,0,0,0,0,0,0,0,0,0,0,0,3,0,40.0167,-75.1888, ,Philadelphia
6381,63160,2017085864,6,67,67301,2017,8,1,639,6,1,1,0,7,4, , ,N,6,0,2,3,0,1,1,1,N,N,40 00:12.779,75 11:42.771,736, ,647,2,1,2, , ,0,N, , , , , , , , ,1,1,0,0,0,0,0,0,0,0,0,0,1,1,0,0,0,0,0,0,0,0,0,1,0,0,0,0,0,0,0,0,0,0,0,8,0,40.0035,-75.1952, ,Philadelphia
6382,63173,2017091876,6,67,67301,2017,8,6,1015,10,1,1,0,5,6, , ,N,0,0,0,3,0,0,1,5,N,N,40 01:51.362,75 01:55.329,1105, ,1100, ,0, , , ,0, , , , , , , , , ,5,4,0,0,0,0,1,0,0,0,0,0,0,0,0,0,0,0,0,0,0,0,0,1,0,0,0,0,0,0,0,0,0,0,0,0,0,40.0309,-75.032, ,Philadelphia