objectid_1,objectid,crn,district,county,municipality,crash_year,crash_month,day_of_week,time_of_day,hour_of_day,illumination,weather,road_condition,collision_type,relation_to_road,work_zone_type,work_zone_loc,work_zone_ind,intersect_type,tcd_type,location_type,urban_rural,fatal_count,injury_count,person_count,total_units,sch_bus_ind,sch_zone_ind,latitude,longitude,arrival_tm,cons_zone_spd_lim,dispatch_tm,est_hrs_closed,lane_closed,ln_close_dir,ntfy_hiwy_maint,spec_juris_cd,tcd_func_cd,tfc_detour_ind,workers_pres,wz_close_detour,wz_flagger,wz_law_offcr_ind,wz_ln_closure,wz_moving,wz_other,wz_shlder_mdn,vehicle_count,automobile_count,motorcycle_count,bus_count,small_truck_count,heavy_truck_count,suv_count,van_count,bicycle_count,maj_inj_count,mod_inj_count,min_inj_count,tot_inj_count,unk_inj_deg_count,unk_inj_per_count,driver_count_16yr,driver_count_17yr,driver_count_18yr,driver_count_19yr,driver_count_20yr,driver_count_50_64yr,driver_count_65_74yr,driver_count_75plus,unbelted_occ_count,unb_death_count,unb_maj_inj_count,belted_death_count,belted_maj_inj_count,mcycle_death_count,mcycle_maj_inj_count,bicycle_death_count,bicycle_maj_inj_count,ped_count,ped_death_count,ped_maj_inj_count,max_severity_level,comm_veh_count,dec_lat,dec_long,rdwy_surf_type_cd,county_name
6383,63189,2017068356,6,67,67301,2017,6,4,657,6,1,1,0,7,4, , ,N,0,0,0,3,0,1,1,1,N,N,39 58:02.358,75 07:59.303,707, ,657,1,2,2, , ,0,N, , , , , , , , ,1,1,0,0,0,0,0,0,0,0,1,0,1,0,0,0,0,0,0,0,0,0,0,0,0,0,0,0,0,0,0,0,0,0,0,3,0,39.9673,-75.1331, ,Philadelphia
6384,63194,2017067807,6,67,67301,2017,5,3,115,1,3,1,0,6,6, , ,N,0,0,0,3,0,1,1,3,N, ,40 03:51.012,75 03:53.996,117, ,115,2,1,1, , ,0,N, , , , , , , , ,3,2,0,0,1,0,0,0,0,0,0,0,1,1,0,0,0,0,0,0,0,0,0,0,0,0,0,0,0,0,0,0,0,0,0,8,0,40.0642,-75.065, ,Philadelphia
6385,63205,2017120606,6,67,67301,2017,10,3,2106,21,3,1,0,5,1, , ,N,0,0,0,3,0,1,3,3,N, ,39 55:36.750,75 14:28.432,2110, ,2106, ,0, , , ,0, , , , , , , , , ,2,1,0,0,0,0,1,0,0,0,0,0,1,1,0,0,0,0,0,0,0,0,0,1,0,0,0,0,0,0,0,0,1,0,0,8,0,39.9269,-75.2412, ,Philadelphia
6386,63228,2017133990,6,67,67301,2017,11,3,815,8,1,1,0,4,1, , ,N,1,0,0,3,0,1,3,2,N, ,39 57:31.392,75 09:44.125,904, ,900,1,1,2,N, ,0,N, , , , , , , , ,2,2,0,0,0,0,0,0,0,0,0,1,1,0,0,0,0,0,0,0,0,0,0,2,0,0,0,0,0,0,0,0,0,0,0,4,0,39.9587,-75.1621, ,Philadelphia
6387,63242,2017086860,6,67,67301,2017,5,2,1350,13,1,1,0,4,1, , ,N,1,2,0,3,0,0,4,3,N, ,39 59:02.961,75 06:09.208,1420, ,1400, ,0, , , ,3, , , , , , , , , ,3,2,0,0,0,0,1,0,0,0,0,0,0,0,0,0,0,0,0,0,0,1,0,1,0,0,0,0,0,0,0,0,0,0,0,0,0,39.9842,-75.1026, ,Philadelphia
6388,63246,2017076360,6,67,67301,2017,6,4,2100,21,3,9,0,8,1, , ,N,0,0,0,3,0,1,2,2,N, ,39 59:59.370,75 08:36.906,1200, ,1148, ,0, , , ,0, , , , , , , , , ,1,1,0,0,0,0,0,0,0,0,0,0,1,1,1,0,0,0,0,0,0,0,0,0,0,0,0,0,0,0,0,0,1,0,0,8,0,39.9998,-75.1436, ,Philadelphia
6389,63248,2017081090,6,67,67301,2017,7,2,1213,12,1,1,0,1,1, , ,N,0,0,0,3,0,0,7,4,N,N,39 56:12.509,75 08:40.051,1222, ,1222, ,0, , , ,0, , , , , , , , , ,4,2,0,0,0,1,1,0,0,0,0,0,0,0,0,0,0,0,0,0,1,0,0,0,0,0,0,0,0,0,0,0,0,0,0,0,1,39.9368,-75.1445, ,Philadelphia
6390,63251,2017116072,6,67,67301,2017,10,2,930,9,1,2,1,4,1, , ,N,1,2,0,3,0,0,2,2,N, ,39 54:59.771,75 10:09.201,945, ,936, ,0, , , ,3, , , , , , , , , ,2,0,0,0,1,0,0,1,0,0,0,0,0,0,1,0,0,0,0,0,1,0,0,0,0,0,0,0,0,0,0,0,0,0,0,9,0,39.9165,-75.1693, ,Philadelphia
6391,65120,2017073710,6,67,67301,2017,4,5,1630,16,1,1,0,1,1, , ,N,0,2,0,3,0,1,7,3,N,N,40 02:09.760,75 03:53.640,0, ,0, ,0, ,N, ,3, , , , , , , , , ,3,2,0,0,0,0,0,0,0,0,1,0,1,0,0,0,0,0,0,0,1,1,0,0,0,0,0,0,0,0,0,0,0,0,0,3,0,40.036,-75.0649, ,Philadelphia
6392,65122,2017072101,6,67,67301,2017,3,6,0,0,3,1,0,4,1, , ,N,1,2,0,3,0,0,4,2,N,N,39 56:43.086,75 13:46.506,0, ,0, ,0, ,N, ,3, , , , , , , , , ,2,2,0,0,0,0,0,0,0,0,0,0,0,0,0,0,0,0,0,1,0,0,0,1,0,0,0,0,0,0,0,0,0,0,0,0,0,39.9453,-75.2295, ,Philadelphia
6393,65127,2017086866,6,67,67301,2017,5,4,2027,20,3,1,0,8,1, , ,N,0,0,0,3,0,1,3,2,N, ,40 03:10.158,75 04:08.336,2032, ,2028, ,0, , , ,0, , , , , , , , , ,1,1,0,0,0,0,0,0,0,0,0,0,1,1,0,0,1,0,0,0,0,0,0,0,0,0,0,0,0,0,0,0,1,0,0,8,0,40.0528,-75.069, ,Philadelphia
6394,65128,2017088818,6,67,67301,2017,8,6,1645,16,1,1,0,8,1, , ,N,1,2,0,3,0,1,2,2,N, ,39 57:42.364,75 09:22.087,1706, ,1656, ,0, , , ,3, , , , , , , , , ,1,0,0,0,0,0,0,1,0,0,1,0,1,0,0,0,0,0,0,0,0,1,0,1,0,0,0,0,0,0,0,0,1,0,0,3,0,39.9617,-75.1561, ,Philadelphia
6395,65133,2017091783,6,67,67301,2017,8,1,1130,11,1,1,0,4,1, , ,N,1,2,0,3,0,2,6,2,N,N,39 58:53.767,75 15:03.834,1151, ,1135, ,0, ,N, ,3, , , , , , , , , ,2,1,0,0,0,0,1,0,0,0,1,1,2,0,0,0,0,0,0,0,0,1,0,0,0,0,0,0,0,0,0,0,0,0,0,3,0,39.9816,-75.2511, ,Philadelphia
6396,65138,2017097848,6,67,67301,2017,9,3,1246,12,1,1,0,7,4, , ,N,1,2,0,3,0,2,2,1,N, ,40 00:29.432,75 08:33.941,1250, ,1249,2,1,3, , ,3,N, , , , , , , , ,1,0,0,0,0,0,1,0,0,0,0,2,2,0,0,0,0,0,0,0,0,0,0,1,0,0,0,0,0,0,0,0,0,0,0,4,0,40.0082,-75.1427, ,Philadelphia
6397,65143,2017088961,6,67,67301,2017,8,7,1504,15,1,1,0,8,1, , ,N,0,0,0,3,0,1,3,2,N, ,39 55:06.891,75 14:03.912,1514, ,1506, ,0, , , ,0, , , , , , , , , ,1,1,0,0,0,0,0,0,0,0,0,0,1,1,0,0,0,0,0,0,0,0,0,0,0,0,0,0,0,0,0,0,1,0,0,8,0,39.9186,-75.2344, ,Philadelphia
6398,65148,2017086111,6,67,67301,2017,7,5,2323,23,3,1,0,4,1, , ,N,1,3,0,3,0,1,4,4,N,N,39 59:44.336,75 08:35.393,2328, ,2325, ,0, ,N, ,3, , , , , , , , , ,4,2,0,0,1,0,1,0,0,0,0,1,1,0,0,0,0,0,0,0,0,0,0,0,0,0,0,0,0,0,0,0,0,0,0,4,0,39.9956,-75.1432, ,Philadelphia
6399,65196,2017087766,6,67,67301,2017,8,3,1917,19,1,2,1,1,1, , ,N,0,0,0,3,0,0,7,4,N,N,39 57:35.594,75 10:40.464,1929, ,1918,1,2,4, , ,0,Y, , , , , , , , ,4,3,0,0,0,0,0,1,0,0,0,0,0,0,0,0,0,0,0,0,0,0,0,0,0,0,0,0,0,0,0,0,0,0,0,0,0,39.9599,-75.1779, ,Philadelphia
6400,65198,2017093514,6,67,67301,2017,8,5,1330,13,1,1,0,4,1, , ,N,1,2,0,3,0,1,2,2,N,N,39 58:00.292,75 12:39.920,1350, ,1345, ,0, , , ,3, , , , , , , , , ,2,0,0,0,0,0,1,1,0,0,1,0,1,0,0,0,0,0,0,0,0,0,0,0,0,0,0,0,0,0,0,0,0,0,0,3,0,39.9667,-75.2111, ,Philadelphia
6401,65205,2017115986,6,67,67301,2017,10,6,1016,10,1,1,0,4,1, , ,N,1,3,0,3,0,1,2,2,N,N,40 03:45.259,75 10:06.888,1023, ,1018, ,0, ,N, ,3, , , , , , , , , ,2,0,0,0,0,0,2,0,0,0,0,0,1,1,0,0,0,0,0,0,1,1,0,0,0,0,0,0,0,0,0,0,0,0,0,8,0,40.0626,-75.1686, ,Philadelphia
6402,65208,2017109752,6,67,67301,2017,10,2,637,6,1,1,0,1,1, , ,N,2,2,2,3,0,3,4,3,N,N,39 54:43.149,75 09:01.789,740, ,733,2,1,1,N, ,3,N, , , , , , , , ,3,1,0,0,1,0,1,0,0,0,0,3,3,0,0,0,0,0,0,0,2,0,0,0,0,0,0,0,0,0,0,0,0,0,0,4,0,39.912,-75.1505, ,Philadelphia
6403,65213,2017110174,6,67,67301,2017,3,4,1635,16,1,1,0,1,1, , ,N,0,0,0,3,0,0,2,2,N,N,40 00:45.996,75 03:31.837,1636, ,1635, ,0, , , ,0, , , , , , , , , ,2,2,0,0,0,0,0,0,0,0,0,0,0,0,0,0,0,0,0,0,0,0,0,1,0,0,0,0,0,0,0,0,0,0,0,0,0,40.0128,-75.0588, ,Philadelphia
6404,65238,2017086279,6,67,67301,2017,7,6,1405,14,1,1,0,7,4, , ,N,0,0,0,3,0,1,1,1,N,N,40 02:43.874,75 00:59.682,1420, ,1408, ,0, ,N, ,0, , , , , , , , , ,1,1,0,0,0,0,0,0,0,0,1,0,1,0,0,0,0,0,0,0,0,0,0,0,0,0,0,0,0,0,0,0,0,0,0,3,0,40.0455,-75.0166, ,Philadelphia
6405,65283,2017091724,6,67,67301,2017,8,2,9999,99,1,1,0,8,1, , ,N,0,0,0,3,0,1,2,2,N,N,39 56:14.114,75 13:40.472,1819, ,1819, ,0, , , ,0, , , , , , , , , ,1,1,0,0,0,0,0,0,0,0,1,0,1,0,0,0,0,0,0,0,0,0,0,0,0,0,0,0,0,0,0,0,1,0,0,3,0,39.9373,-75.2279, ,Philadelphia
6406,65284,2017086202,6,67,67301,2017,7,5,1806,18,1,1,0,4,1, , ,N,1,3,0,3,0,1,3,2,N,N,39 55:08.764,75 14:42.150,1819, ,806, ,0, ,N, ,3, , , , , , , , , ,2,2,0,0,0,0,0,0,0,0,0,1,1,0,1,0,0,0,0,0,0,1,0,1,0,0,0,0,0,0,0,0,0,0,0,4,0,39.9191,-75.245, ,Philadelphia
6407,65291,2017091766,6,67,67301,2017,8,3,40,0,3,1,0,4,1, , ,N,5,2,2,3,0,0,2,2,N,N,39 57:13.621,75 08:34.432,105, ,100, ,0, ,N, ,3, , , , , , , , , ,2,1,0,0,0,0,1,0,0,0,0,0,0,0,0,0,0,0,0,0,1,0,0,0,0,0,0,0,0,0,0,0,0,0,0,0,0,39.9538,-75.1429, ,Philadelphia
6408,65306,2017104865,6,67,67301,2017,9,3,2237,22,3,1,0,5,1, , ,N,0,0,0,3,0,0,3,2,N,N,39 57:34.536,75 10:35.665,2241, ,2237,1,1,3, , ,0,N, , , , , , , , ,2,1,0,0,0,0,1,0,0,0,0,0,0,0,0,0,0,0,1,0,0,0,0,0,0,0,0,0,0,0,0,0,0,0,0,0,0,39.9596,-75.1766, ,Philadelphia
6409,56724,2018027493,6,67,67301,2017,12,3,2100,21,3,1,0,4,1, , ,N,3,2,0,3,0,0,3,3,N,N,40 02:18.511,75 11:29.613,1047, ,1012, ,0, ,N, ,3, , , , , , , , , ,3,3,0,0,0,0,0,0,0,0,0,0,0,0,1,0,0,0,0,0,0,1,0,0,0,0,0,0,0,0,0,0,0,0,0,9,0,40.0384,-75.1915, ,Philadelphia
6410,56738,2017058348,6,67,67301,2017,5,2,1710,17,1,1,0,8,1, , ,N,1,2,0,3,0,1,2,2,N,N,40 03:45.318,75 10:14.844,1720, ,1719, ,0, ,N, ,3, , , , , , , , , ,1,1,0,0,0,0,0,0,0,0,0,1,1,0,0,0,0,0,0,0,0,0,0,0,0,0,0,0,0,0,0,0,1,0,0,4,0,40.0626,-75.1708, ,Philadelphia
6411,56767,2017107962,6,67,67301,2017,7,5,1325,13,1,1,0,4,1, , ,N,1,2,0,3,0,4,4,3,N,N,39 57:37.020,75 13:36.682,1335, ,1325, ,0, ,N, ,3, , , , , , , , , ,3,2,0,0,0,0,1,0,0,0,4,0,4,0,0,0,0,1,0,0,0,0,0,0,0,0,0,0,0,0,0,0,0,0,0,3,0,39.9602,-75.2269, ,Philadelphia
6412,56787,2017067943,6,67,67301,2017,6,5,1058,10,1,1,0,8,6, , ,N,0,0,0,3,0,1,2,2,N,N,39 59:12.076,75 07:52.723,1115, ,1101, ,0, ,N, ,0, , , , , , , , , ,1,0,0,0,0,0,1,0,0,0,1,0,1,0,0,0,0,0,0,0,0,0,0,1,0,0,0,0,0,0,0,0,1,0,0,3,0,39.9867,-75.1313, ,Philadelphia
6413,56790,2017072042,6,67,67301,2017,3,5,1500,15,1,1,0,1,1, , ,N,0,0,0,3,0,1,2,2,N,N,39 57:27.949,75 09:42.144,0, ,0, ,0, ,N, ,0, , , , , , , , , ,2,0,0,0,1,0,0,1,0,0,1,0,1,0,0,0,0,0,0,0,0,1,0,0,0,0,0,0,0,0,0,0,0,0,0,3,0,39.9578,-75.1617, ,Philadelphia
6414,56793,2017067075,6,46,46102,2017,6,6,2113,21,3,1,0,4,1, , ,N,5,2,0,3,0,0,2,2,N,N,40 04:26.918,75 09:30.203,2115, ,2113,2,1,7,N, ,3,N, , , , , , , , ,2,2,0,0,0,0,0,0,0,0,0,0,0,0,0,0,0,0,0,0,0,0,0,0,0,0,0,0,0,0,0,0,0,0,0,0,0,40.0741,-75.1584, ,Montgomery
6415,56806,2017086248,6,67,67301,2017,7,5,1905,19,1,1,0,5,6, , ,N,0,0,0,3,0,1,2,2,N,N,39 59:24.374,75 13:45.224,1911, ,1908, ,0, ,N, ,0, , , , , , , , , ,2,0,0,0,0,1,1,0,0,0,0,0,1,1,1,0,0,0,0,0,0,0,0,0,0,0,0,0,0,0,0,0,0,0,0,8,1,39.9901,-75.2292, ,Philadelphia
6416,56808,2017088779,6,67,67301,2017,8,4,525,5,5,1,0,5,6, , ,N,0,0,0,3,0,0,1,6,N, ,39 58:32.959,75 08:43.609,535, ,529, ,0, , , ,0, , , , , , , , , ,6,3,1,0,0,0,2,0,0,0,0,0,0,0,0,0,0,0,0,0,0,0,0,0,0,0,0,0,0,0,0,0,0,0,0,0,0,39.9758,-75.1454, ,Philadelphia
6417,56847,2017086822,6,67,67301,2017,4,3,1448,14,1,2,1,5,1, , ,N,0,0,0,3,0,0,5,2,N, ,39 56:52.953,75 09:52.075,1521, ,1511, ,0, , , ,0, , , , , , , , , ,2,0,0,0,0,0,2,0,0,0,0,0,0,0,0,0,0,0,0,0,0,0,0,0,0,0,0,0,0,0,0,0,0,0,0,0,0,39.948,-75.1645, ,Philadelphia
6418,56853,2017116161,6,67,67301,2017,10,2,1351,13,1,1,0,4,1, , ,N,1,2,0,3,0,2,2,2,N, ,39 59:16.000,75 08:35.437,1359, ,1357, ,0, , , ,3, , , , , , , , , ,2,1,0,0,0,0,1,0,0,0,0,2,2,0,0,0,0,0,0,0,2,0,0,0,0,0,0,0,0,0,0,0,0,0,0,4,0,39.9878,-75.1432, ,Philadelphia
6419,56860,2017115977,6,67,67301,2017,10,3,753,7,1,1,0,8,1, , ,N,1,2,0,3,0,1,2,2,N, ,40 01:23.700,75 04:36.637,801, ,753, ,0, , , ,3, , , , , , , , , ,1,0,0,0,0,0,1,0,0,0,0,1,1,0,1,0,0,0,0,0,0,0,0,0,0,0,0,0,0,0,0,0,1,0,0,4,0,40.0233,-75.0768, ,Philadelphia
6420,56862,2017105856,6,67,67301,2017,9,1,2048,20,3,1,0,8,1, , ,N,1,3,0,3,0,1,2,2,N,N,39 57:36.982,75 12:13.409,2050, ,2050, ,0, ,N, ,3, , , , , , , , , ,1,1,0,0,0,0,0,0,0,0,1,0,1,0,0,0,0,0,0,0,0,0,0,1,0,0,0,0,0,0,0,0,1,0,0,3,0,39.9603,-75.2037, ,Philadelphia
6421,56891,2017078894,6,67,67301,2017,6,1,1100,11,1,1,0,4,1, , ,N,1,2,0,3,0,0,2,2,N, ,40 04:51.063,75 01:43.680,1100, ,1100, ,0, , , ,3, , , , , , , , , ,2,2,0,0,0,0,0,0,0,0,0,0,0,0,0,0,0,0,0,0,2,0,0,0,0,0,0,0,0,0,0,0,0,0,0,0,0,40.081,-75.0287, ,Philadelphia
6422,56909,2017105974,6,67,67301,2017,9,4,1017,10,1,1,0,8,1, , ,N,0,0,0,3,0,1,2,2,N, ,40 01:29.409,75 06:30.430,1050, ,1040, ,0, , , ,0, , , , , , , , , ,1,1,0,0,0,0,0,0,0,0,0,1,1,0,0,0,0,0,0,0,0,0,0,0,0,0,0,0,0,0,0,0,1,0,0,4,0,40.0248,-75.1085, ,Philadelphia
6423,56920,2017100801,6,67,67301,2017,8,3,1956,19,3,1,0,7,4, , ,N,0,0,0,3,0,1,1,1,N,N,39 55:21.447,75 11:27.735,2015, ,1957,2,1,1, , ,0,N, , , , , , , , ,1,1,0,0,0,0,0,0,0,0,0,0,1,1,0,0,0,0,0,0,1,0,0,1,0,0,0,0,0,0,0,0,0,0,0,8,0,39.9226,-75.191, ,Philadelphia
6424,56925,2017055661,6,67,67301,2017,5,5,1748,17,1,1,0,7,5, , ,N,0,0,0,3,0,1,1,1,N,N,39 53:09.167,75 14:58.675,1827, ,1818,3,1,6, , ,0,N, , , , , , , , ,1,0,0,1,0,0,0,0,0,0,0,1,1,0,0,0,0,0,0,0,1,0,0,0,0,0,0,0,0,0,0,0,0,0,0,4,1,39.8859,-75.2496, ,Philadelphia
6425,56931,2017067927,6,67,67301,2017,6,7,2005,20,1,1,0,8,1, , ,N,0,0,0,3,0,1,2,2,N,N,39 59:51.115,75 05:59.784,2025, ,2019, ,0, ,N, ,0, , , , , , , , , ,1,1,0,0,0,0,0,0,0,0,0,0,1,1,1,0,0,0,0,0,0,0,0,0,0,0,0,0,0,0,0,0,1,0,0,8,0,39.9975,-75.0999, ,Philadelphia
6426,56946,2017097938,6,67,67301,2017,9,6,1000,10,1,1,0,4,1, , ,N,1,2,0,3,0,1,2,2,N,N,39 57:17.128,75 14:10.395,1015, ,1010, ,0, ,N, ,3, , , , , , , , , ,2,1,0,0,0,0,1,0,0,0,0,1,1,0,0,0,0,0,0,0,1,0,0,0,0,0,0,0,0,0,0,0,0,0,0,4,0,39.9548,-75.2362, ,Philadelphia
6427,59998,2017086870,6,67,67301,2017,5,5,632,6,1,2,1,2,3, , ,N,0,0,0,3,0,1,1,2,N,N,40 01:03.751,75 06:57.765,632, ,632,1,1,1, , ,0,N, , , , , , , , ,2,1,0,0,0,0,0,1,0,0,0,1,1,0,0,0,0,0,0,0,0,0,0,0,0,0,0,0,0,0,0,0,0,0,0,4,0,40.0177,-75.1161, ,Philadelphia
6428,60002,2017115978,6,67,67301,2017,10,3,935,9,1,1,0,5,6, , ,N,0,0,0,3,0,1,2,2,N,N,39 57:39.470,75 13:14.335,941, ,939, ,0, ,N, ,0, , , , , , , , , ,2,1,0,0,0,0,1,0,0,0,0,0,1,1,0,0,0,0,0,0,0,0,0,0,0,0,0,0,0,0,0,0,0,0,0,8,0,39.961,-75.2206, ,Philadelphia
6429,60035,2017086869,6,67,67301,2017,5,5,1330,13,1,2,1,4,1, , ,N,1,2,0,3,0,1,3,2,N, ,39 58:17.050,75 07:37.694,1335, ,1330, ,0, , , ,3, , , , , , , , , ,2,2,0,0,0,0,0,0,0,1,0,0,1,0,0,0,0,0,0,0,0,0,0,1,0,0,0,0,0,0,0,0,0,0,0,2,0,39.9713,-75.1271, ,Philadelphia
6430,60037,2017093044,6,67,67301,2017,6,5,1000,10,1,1,0,5,1, , ,N,0,0,0,3,0,0,2,2,N,N,40 02:11.521,75 00:55.598,1019, ,1000, ,0, , , ,0, , , , , , , , , ,2,1,0,0,0,1,0,0,0,0,0,0,0,0,1,0,0,0,0,0,1,0,0,0,0,0,0,0,0,0,0,0,0,0,0,9,1,40.0365,-75.0154, ,Philadelphia
6431,60054,2017109823,6,67,67301,2017,9,5,1645,16,1,1,0,4,1, , ,N,0,0,7,3,0,0,3,2,N,N,40 05:48.100,75 01:04.000,1705, ,1656, ,0, ,N, ,0, , , , , , , , , ,2,1,0,0,0,0,1,0,0,0,0,0,0,0,0,0,0,0,0,0,0,0,0,0,0,0,0,0,0,0,0,0,0,0,0,0,0,40.0967,-75.0178, ,Philadelphia
6432,60058,2017075214,6,67,67301,2017,7,5,1108,11,1,1,0,1,1, , ,N,0,0,0,3,0,3,4,2,N,N,39 55:26.276,75 11:33.509,1120, ,1109, ,0, , , ,0, , , , , , , , , ,2,0,0,0,0,0,2,0,0,0,3,0,3,0,0,0,0,0,0,0,0,0,0,0,0,0,0,0,0,0,0,0,0,0,0,3,0,39.9239,-75.1926, ,Philadelphia
6433,60059,2017067852,6,67,67301,2017,5,4,9999,99,1,1,0,4,1, , ,N,1,2,0,3,0,1,3,2,N, ,39 59:10.572,75 09:22.129,9999, ,9999, ,0, , , ,3, , , , , , , , , ,2,2,0,0,0,0,0,0,0,0,0,0,1,1,1,0,0,0,0,0,1,0,0,0,0,0,0,0,0,0,0,0,0,0,0,8,0,39.9863,-75.1561, ,Philadelphia
6434,60069,2017019102,6,67,67301,2017,2,4,751,7,1,1,0,4,1, , ,N,5,2,0,3,0,1,2,2,N,N,40 00:18.026,75 10:42.917,759, ,757, ,0, ,N, ,3, , , , , , , , , ,2,1,0,0,0,0,1,0,0,0,0,1,1,0,0,0,0,0,0,0,0,0,0,0,0,0,0,0,0,0,0,0,0,0,0,4,0,40.005,-75.1786, ,Philadelphia
6435,60076,2017037067,6,67,67301,2017,3,6,2318,23,3,2,1,1,1,2,2,Y,0,0,0,3,0,0,2,2,N,N,40 02:21.157,75 00:29.156,2323,45,2320, ,0, , , ,0, ,N,N,N,N,Y,N,N,N,2,2,0,0,0,0,0,0,0,0,0,0,0,0,0,0,0,0,0,0,0,0,0,0,0,0,0,0,0,0,0,0,0,0,0,0,0,40.0392,-75.0081, ,Philadelphia
6436,60106,2017060602,6,67,67301,2017,5,3,417,4,3,1,0,7,4, , ,N,0,0,0,3,0,0,1,1,N,N,39 58:01.068,75 13:48.180,446, ,445,1,2,6,N, ,0,Y, , , , , , , , ,1,1,0,0,0,0,0,0,0,0,0,0,0,0,0,0,0,0,0,0,0,0,0,0,0,0,0,0,0,0,0,0,0,0,0,0,0,39.967,-75.23, ,Philadelphia
6437,60115,2017081911,6,67,67301,2017,8,5,819,8,1,1,0,8,1, , ,N,0,0,0,3,0,1,2,2,N,N,40 00:20.998,75 08:56.533,822, ,820, ,0, ,N, ,0, , , , , , , , , ,1,1,0,0,0,0,0,0,0,0,0,0,1,1,0,0,0,0,0,0,0,1,0,1,0,0,0,0,0,0,0,0,1,0,0,8,0,40.0058,-75.149, ,Philadelphia
6438,60125,2017116084,6,67,67301,2017,10,1,935,9,1,2,1,7,4, , ,N,2,2,2,3,0,0,1,1,N, ,39 53:00.828,75 15:05.510,1040, ,1033, ,0, , , ,3, , , , , , , , , ,1,1,0,0,0,0,0,0,0,0,0,0,0,0,0,0,0,0,0,0,0,0,0,0,0,0,0,0,0,0,0,0,0,0,0,0,0,39.8836,-75.2515, ,Philadelphia
6439,60141,2017086074,6,67,67301,2017,7,1,1450,14,1,1,0,5,1, , ,N,0,0,0,3,0,1,2,2,N, ,40 02:15.147,75 12:37.582,1500, ,1455, ,0, , , ,0, , , , , , , , , ,2,1,1,0,0,0,0,0,0,0,1,0,1,0,0,0,0,0,0,0,0,0,0,1,0,0,0,0,0,0,0,0,0,0,0,3,0,40.0375,-75.2104, ,Philadelphia
6440,60174,2017067737,6,67,67301,2017,5,6,1145,11,1,1,0,4,1, , ,N,1,2,0,3,0,6,7,2,N,N,40 05:04.029,75 02:18.148,1151, ,1150, ,0, ,N, ,3, , , , , , , , , ,2,0,0,0,1,0,0,1,0,0,1,5,6,0,0,0,0,0,0,0,0,0,0,0,0,0,0,0,0,0,0,0,0,0,0,3,0,40.0845,-75.0384, ,Philadelphia
6441,60179,2017070099,6,67,67301,2017,6,4,1856,18,1,1,0,7,2, , ,N,6,8,2,3,0,1,1,1,N,N,39 59:50.669,75 04:55.143,1915, ,1904, ,0, , , ,3, , , , , , , , , ,1,0,0,0,0,0,1,0,0,0,0,0,1,1,0,0,0,0,0,0,0,0,0,0,0,0,0,0,0,0,0,0,0,0,0,8,0,39.9974,-75.082, ,Philadelphia
6442,60236,2017091789,6,67,67301,2017,8,5,1037,10,1,1,0,4,1, , ,N,2,2,0,3,0,1,2,2,N, ,39 58:24.795,75 12:32.059,1043, ,1039, ,0, , , ,3, , , , , , , , , ,2,2,0,0,0,0,0,0,0,0,0,1,1,0,0,0,0,0,0,0,1,0,1,0,0,0,0,0,0,0,0,0,0,0,0,4,0,39.9736,-75.2089, ,Philadelphia
6443,60238,2017111577,6,67,67301,2017,9,1,2000,20,3,2,1,4,1, , ,N,1,2,0,3,0,0,2,2,N,N,39 57:16.621,75 09:53.479,2020, ,2010, ,0, ,N, ,3, , , , , , , , , ,2,2,0,0,0,0,0,0,0,0,0,0,0,0,2,0,0,0,0,0,1,0,0,0,0,0,0,0,0,0,0,0,0,0,0,9,0,39.9546,-75.1648, ,Philadelphia
6444,60246,2017108025,6,67,67301,2017,9,6,1904,19,4,1,0,4,1, , ,N,2,0,0,3,0,1,2,2,N,N,40 04:43.418,75 10:25.349,1920, ,1908,9,1,1,N, ,0,N, , , , , , , , ,2,1,0,0,0,0,1,0,0,0,0,0,1,1,0,0,0,0,0,0,1,0,0,0,0,0,0,0,0,0,0,0,0,0,0,8,0,40.0787,-75.1737, ,Philadelphia
6445,63262,2017116002,6,67,67301,2017,10,5,600,6,5,2,1,8,1, , ,N,1,2,0,3,0,1,2,2,N,N,39 56:37.146,75 09:55.602,636, ,632,1,1,1,N, ,3,Y, , , , , , , , ,1,1,0,0,0,0,0,0,0,0,0,1,1,0,0,0,0,0,0,0,0,0,0,0,0,0,0,0,0,0,0,0,1,0,0,4,0,39.9437,-75.1654, ,Philadelphia
6446,63275,2017093651,6,67,67301,2017,8,4,1732,17,1,1,0,8,1, , ,N,1,2,0,3,0,1,2,2,N, ,39 59:38.150,75 09:16.063,1740, ,1735, ,0, , , ,3, , , , , , , , , ,1,1,0,0,0,0,0,0,0,0,1,0,1,0,0,0,0,0,0,0,0,0,0,0,0,0,0,0,0,0,0,0,1,0,0,3,0,39.9939,-75.1545, ,Philadelphia
6447,63283,2017055527,6,67,67301,2017,4,3,1245,12,1,2,1,4,1, , ,N,2,3,0,3,0,1,2,2,N, ,39 54:15.887,75 14:18.821,1315, ,1300, ,0, , , ,3, , , , , , , , , ,2,2,0,0,0,0,0,0,0,0,0,1,1,0,0,0,0,0,0,0,1,0,0,0,0,0,0,0,0,0,0,0,0,0,0,4,0,39.9044,-75.2386, ,Philadelphia
6448,63304,2017116237,6,67,67301,2017,10,1,17,0,3,1,0,4,1, , ,N,1,2,0,3,0,1,5,2,N,N,40 01:26.350,75 09:34.481,143, ,148, ,0, ,N, ,3, , , , , , , , , ,2,0,0,0,0,0,2,0,0,0,0,1,1,0,4,0,1,0,0,0,0,0,0,0,0,0,0,0,0,0,0,0,0,0,0,4,0,40.024,-75.1596, ,Philadelphia