objectid_1,objectid,crn,district,county,municipality,crash_year,crash_month,day_of_week,time_of_day,hour_of_day,illumination,weather,road_condition,collision_type,relation_to_road,work_zone_type,work_zone_loc,work_zone_ind,intersect_type,tcd_type,location_type,urban_rural,fatal_count,injury_count,person_count,total_units,sch_bus_ind,sch_zone_ind,latitude,longitude,arrival_tm,cons_zone_spd_lim,dispatch_tm,est_hrs_closed,lane_closed,ln_close_dir,ntfy_hiwy_maint,spec_juris_cd,tcd_func_cd,tfc_detour_ind,workers_pres,wz_close_detour,wz_flagger,wz_law_offcr_ind,wz_ln_closure,wz_moving,wz_other,wz_shlder_mdn,vehicle_count,automobile_count,motorcycle_count,bus_count,small_truck_count,heavy_truck_count,suv_count,van_count,bicycle_count,maj_inj_count,mod_inj_count,min_inj_count,tot_inj_count,unk_inj_deg_count,unk_inj_per_count,driver_count_16yr,driver_count_17yr,driver_count_18yr,driver_count_19yr,driver_count_20yr,driver_count_50_64yr,driver_count_65_74yr,driver_count_75plus,unbelted_occ_count,unb_death_count,unb_maj_inj_count,belted_death_count,belted_maj_inj_count,mcycle_death_count,mcycle_maj_inj_count,bicycle_death_count,bicycle_maj_inj_count,ped_count,ped_death_count,ped_maj_inj_count,max_severity_level,comm_veh_count,dec_lat,dec_long,rdwy_surf_type_cd,county_name
6449,63314,2017086080,6,67,67301,2017,7,5,1318,13,1,1,0,8,1, , ,N,0,0,0,3,0,1,2,2,N,N,40 01:42.103,75 08:26.980,1333, ,1326, ,0, , , ,0, , , , , , , , , ,1,0,0,0,0,0,0,0,0,0,0,1,1,0,0,0,0,0,0,0,0,0,0,0,0,0,0,0,0,0,0,0,1,0,0,4,0,40.0284,-75.1408, ,Philadelphia
6450,63315,2017088757,6,67,67301,2017,7,3,645,6,5,1,0,7,4, , ,N,0,0,0,3,0,1,1,1,N, ,40 00:49.109,75 07:18.687,700, ,655, ,0, , , ,0, , , , , , , , , ,1,0,0,0,0,0,1,0,0,0,0,1,1,0,0,0,0,0,0,0,0,0,0,0,0,0,0,0,0,0,0,0,0,0,0,4,0,40.0136,-75.1219, ,Philadelphia
6451,63318,2017120718,6,67,67301,2017,10,7,1138,11,1,1,0,4,1, , ,N,1,2,0,3,0,3,4,4,N,N,39 54:42.724,75 10:21.917,1200, ,1140, ,0, ,N, ,3, , , , , , , , , ,4,3,0,0,0,0,1,0,0,0,0,0,3,3,0,0,0,0,0,0,1,0,1,0,0,0,0,0,0,0,0,0,0,0,0,8,0,39.9119,-75.1728, ,Philadelphia
6452,63337,2017055496,6,67,67301,2017,4,6,2125,21,3,1,0,8,1, , ,N,2,0,0,3,0,1,2,2,N,N,39 59:23.031,75 10:58.490,2130, ,2125, ,0, ,N, ,0, , , , , , , , , ,1,1,0,0,0,0,0,0,0,0,0,1,1,0,0,0,0,0,0,0,0,0,0,0,0,0,0,0,0,0,0,0,1,0,0,4,0,39.9897,-75.1829, ,Philadelphia
6453,63343,2017078750,6,67,67301,2017,6,6,1235,12,1,1,0,4,1, , ,N,1,2,0,3,0,0,2,2,N,N,40 03:05.564,75 09:00.360,1236, ,1235, ,0, ,N, ,3, , , , , , , , , ,2,1,0,0,0,0,1,0,0,0,0,0,0,0,0,0,0,0,0,0,0,0,0,1,0,0,0,0,0,0,0,0,0,0,0,0,0,40.0515,-75.1501, ,Philadelphia
6454,63361,2017088784,6,67,67301,2017,8,7,45,0,3,1,0,1,1, , ,N,0,2,0,3,0,4,7,4,N,N,40 01:30.327,75 07:33.591,55, ,45,3,2,3,N, ,3,Y, , , , , , , , ,4,2,0,0,0,0,2,0,0,0,3,1,4,0,0,0,0,0,0,0,2,0,0,2,0,0,0,0,0,0,0,0,0,0,0,3,0,40.0251,-75.126, ,Philadelphia
6455,63382,2017068314,6,67,67301,2017,6,7,2254,22,3,1,0,1,1, , ,N,0,0,0,3,0,1,2,2,N,N,39 57:59.386,75 11:13.790,2306, ,2256, ,0, , , ,0, , , , , , , , , ,2,2,0,0,0,0,0,0,0,0,0,0,1,1,1,0,0,0,0,0,0,0,0,0,0,0,0,0,0,0,0,0,0,0,0,8,0,39.9647,-75.185, ,Philadelphia
6456,63416,2017115957,6,67,67301,2017,10,6,1648,16,1,1,0,5,1, , ,N,0,0,0,3,0,1,2,2,N,N,40 01:00.096,75 12:39.876,1706, ,1058, ,0, , , ,0, , , , , , , , , ,1,1,0,0,0,0,0,0,1,0,0,0,1,1,0,0,0,0,0,0,0,0,0,0,0,0,0,0,0,0,0,0,0,0,0,8,0,40.0167,-75.2111, ,Philadelphia
6457,63422,2017096598,6,67,67301,2017,8,5,1454,14,1,1,0,2,1, , ,N,2,0,0,3,0,3,4,2,N,N,40 05:52.429,75 00:57.779,1501, ,1454,1,1,2,N, ,0,N, , , , , , , , ,2,1,0,0,0,0,1,0,0,0,0,0,3,3,0,0,0,0,0,0,0,0,0,0,0,0,0,0,0,0,0,0,0,0,0,8,0,40.0979,-75.016, ,Philadelphia
6458,63436,2017086637,6,67,67301,2017,2,7,9999,99,1,1,0,4,1, , ,N,1,2,0,3,0,0,2,2,N,N,40 01:01.180,75 11:17.957,1330, ,1258, ,0, , , ,3, , , , , , , , , ,2,0,0,0,0,0,1,1,0,0,0,0,0,0,1,0,0,0,0,0,0,0,0,0,0,0,0,0,0,0,0,0,0,0,0,9,0,40.017,-75.1883, ,Philadelphia
6459,63441,2017088911,6,67,67301,2017,7,1,120,1,3,1,0,8,1, , ,N,0,0,0,3,0,1,2,2,N,N,39 59:22.088,75 08:39.530,131, ,131, ,0, ,N, ,0, , , , , , , , , ,1,1,0,0,0,0,0,0,0,0,0,1,1,0,0,0,0,0,0,0,0,0,0,1,0,0,0,0,0,0,0,0,1,0,0,4,0,39.9895,-75.1443, ,Philadelphia
6460,63443,2017086115,6,67,67301,2017,7,5,1739,17,1,1,0,1,1, , ,N,1,2,0,3,0,0,7,3,N,N,40 02:40.301,75 11:35.235,1748, ,1741,3,1,1, , ,3,N, , , , , , , , ,3,1,0,0,0,0,2,0,0,0,0,0,0,0,0,0,0,0,0,0,1,0,0,0,0,0,0,0,0,0,0,0,0,0,0,0,0,40.0445,-75.1931, ,Philadelphia
6461,63445,2017097971,6,67,67301,2017,9,2,2155,21,3,1,0,4,1, , ,N,0,0,0,3,0,2,3,3,N, ,40 03:00.777,75 09:01.886,2205, ,2201, ,0, ,N, ,0, , , , , , , , , ,3,2,0,0,0,0,0,1,0,0,0,0,2,2,0,0,0,0,0,0,0,0,0,1,0,0,0,0,0,0,0,0,0,0,0,8,0,40.0502,-75.1505, ,Philadelphia
6462,63453,2017086348,6,67,67301,2017,7,7,1722,17,1,1,0,4,1, , ,N,1,2,0,3,0,1,2,2,N,N,39 58:51.524,75 10:32.559,1726, ,1723,1,1,4,N, ,2,Y, , , , , , , , ,2,2,0,0,0,0,0,0,0,0,0,0,1,1,0,0,0,0,0,0,0,0,0,1,0,0,0,0,0,0,0,0,0,0,0,8,0,39.981,-75.1757, ,Philadelphia
6463,66513,2017116027,6,67,67301,2017,10,7,1140,11,1,1,0,8,1, , ,N,0,0,0,3,0,1,2,2,N,N,39 57:56.764,75 12:30.499,1746, ,1744, ,0, ,N, ,0, , , , , , , , , ,1,1,0,0,0,0,0,0,0,0,0,1,1,0,1,0,0,0,0,0,0,0,0,0,0,0,0,0,0,0,0,0,1,0,0,4,0,39.9658,-75.2085, ,Philadelphia
6464,66558,2017115985,6,67,67301,2017,10,5,825,8,1,2,1,4,1, , ,N,1,3,0,3,0,0,2,2,N,Y,40 03:44.839,75 11:19.003,845, ,830, ,0, ,N, ,3, , , , , , , , , ,2,1,0,0,0,0,1,0,0,0,0,0,0,0,1,0,0,0,0,0,0,0,0,0,0,0,0,0,0,0,0,0,0,0,0,9,0,40.0624,-75.1886, ,Philadelphia
6465,66565,2017052143,6,67,67301,2017,4,6,137,1,3,1,0,4,1, , ,N,1,3,0,3,0,1,4,2,N, ,39 56:12.857,75 09:00.810,147, ,147, ,0, , , ,3, , , , , , , , , ,2,1,0,0,0,0,1,0,0,0,0,1,1,0,0,0,0,0,0,0,0,1,0,0,0,0,0,0,0,0,0,0,0,0,0,4,0,39.9369,-75.1502, ,Philadelphia
6466,66581,2017086325,6,67,67301,2017,8,3,1500,15,1,1,0,5,1, , ,N,0,0,0,3,0,2,3,2,N, ,39 55:01.018,75 14:48.044,1531, ,1525, ,0, , , ,0, , , , , , , , , ,2,2,0,0,0,0,0,0,0,0,0,2,2,0,0,0,0,0,0,0,0,0,0,0,0,0,0,0,0,0,0,0,0,0,0,4,0,39.917,-75.2465, ,Philadelphia
6467,66597,2017111562,6,67,67301,2017,10,5,640,6,3,1,0,8,1, , ,N,1,2,0,3,0,1,2,2,N,N,40 00:08.166,75 13:12.482,654, ,651, ,0, ,N, ,3, , , , , , , , , ,1,1,0,0,0,0,0,0,0,0,0,0,1,1,0,0,0,0,0,0,1,0,0,1,0,0,0,0,0,0,0,0,1,0,0,8,0,40.0023,-75.2201, ,Philadelphia
6468,66610,2017093579,6,67,67301,2017,8,3,2200,22,3,2,1,4,1, , ,N,1,2,0,3,0,0,4,2,N, ,39 57:37.092,75 08:20.094,9999, ,9999, ,0, , , ,3, , , , , , , , , ,2,1,0,0,0,0,1,0,0,0,0,0,0,0,0,0,0,0,0,0,0,0,0,0,0,0,0,0,0,0,0,0,0,0,0,0,0,39.9603,-75.1389, ,Philadelphia
6469,66612,2017093594,6,67,67301,2017,8,5,1957,19,3,1,0,5,1, , ,N,0,0,0,3,0,1,2,2,N, ,40 01:35.370,75 05:46.980,2013, ,2013,2,2,2, , ,0,N, , , , , , , , ,2,0,1,0,0,0,1,0,0,0,1,0,1,0,0,0,0,0,0,0,0,0,0,0,0,0,0,0,0,0,0,0,0,0,0,3,0,40.0265,-75.0964, ,Philadelphia
6470,66637,2017088860,6,67,67301,2017,8,1,1437,14,1,6,0,8,1, , ,N,0,0,0,3,0,1,2,2,N,N,39 59:37.799,75 10:49.313,1437, ,1437, ,0, , , ,0, , , , , , , , , ,1,1,0,0,0,0,0,0,0,0,0,1,1,0,0,0,0,0,0,0,0,0,0,0,0,0,0,0,0,0,0,0,1,0,0,4,0,39.9938,-75.1804, ,Philadelphia
6471,66641,2017112163,6,67,67301,2017,10,1,1728,17,1,1,0,1,1, , ,N,0,8,0,3,0,0,2,2,N,N,39 57:33.339,75 10:22.446,1752, ,1732,1,1,4, , ,3,N, , , , , , , , ,2,2,0,0,0,0,0,0,0,0,0,0,0,0,0,0,1,0,0,0,0,0,0,0,0,0,0,0,0,0,0,0,0,0,0,0,0,39.9593,-75.1729, ,Philadelphia
6472,66649,2017111554,6,67,67301,2017,10,4,1140,11,1,1,0,5,1, , ,N,3,0,0,3,0,3,4,2,N,N,40 01:23.893,75 02:12.532,1200, ,1145, ,0, ,N, ,0, , , , , , , , , ,2,0,0,1,0,0,1,0,0,0,0,2,3,1,0,0,0,0,0,0,0,0,0,1,0,0,0,0,0,0,0,0,0,0,0,4,1,40.0233,-75.0368, ,Philadelphia
6473,66651,2017109879,6,67,67301,2017,10,7,1400,14,1,1,0,5,6, , ,N,0,0,0,3,0,0,1,3,N,N,40 00:58.694,75 04:47.409,1530, ,1525, ,0, ,N, ,0, , , , , , , , , ,3,3,0,0,0,0,0,0,0,0,0,0,0,0,0,0,0,0,0,0,0,0,0,1,0,0,0,0,0,0,0,0,0,0,0,0,0,40.0163,-75.0798, ,Philadelphia
6474,66652,2017116122,6,67,67301,2017,10,4,900,9,1,1,0,1,1, , ,N,2,0,0,3,0,1,6,4,N,N,39 59:09.855,75 14:57.896,910, ,904, ,0, ,N, ,0, , , , , , , , , ,4,2,0,0,0,0,2,0,0,0,0,1,1,0,0,0,0,0,0,0,1,1,0,4,0,0,0,0,0,0,0,0,0,0,0,4,0,39.9861,-75.2494, ,Philadelphia
6475,66656,2017103887,6,67,67301,2017,8,5,1522,15,1,1,0,1,1, , ,N,0,0,0,3,0,2,2,2,N,N,39 58:21.040,75 07:19.384,1550, ,1522,1,1,2, , ,0,N, , , , , , , , ,2,2,0,0,0,0,0,0,0,0,2,0,2,0,0,0,0,0,0,0,0,0,0,0,0,0,0,0,0,0,0,0,0,0,0,3,0,39.9725,-75.122, ,Philadelphia
6476,66661,2017061748,6,67,67301,2017,5,4,256,2,3,2,0,7,4, , ,N,0,0,0,3,0,0,1,1,N,N,39 58:02.576,75 07:56.297,256, ,256,1,1,1, , ,0,N, , , , , , , , ,1,0,0,0,0,0,1,0,0,0,0,0,0,0,0,0,0,0,0,0,0,0,0,0,0,0,0,0,0,0,0,0,0,0,0,0,0,39.9674,-75.1323, ,Philadelphia
6477,66680,2017107189,6,67,67301,2017,7,3,2018,20,3,2,1,5,1, , ,N,0,0,0,3,0,1,6,6,N,N,39 55:53.686,75 11:58.414,2045, ,2030,3,2,4, , ,0,Y, , , , , , , , ,6,4,0,0,0,1,1,0,0,0,0,0,1,1,0,0,0,0,0,0,1,0,0,0,0,0,0,0,0,0,0,0,0,0,0,8,1,39.9316,-75.1996, ,Philadelphia
6478,66700,2017106014,6,67,67301,2017,9,1,303,3,3,1,0,1,1, , ,N,1,2,0,3,0,0,4,2,N,N,39 54:14.563,75 14:24.409,315, ,303, ,0, ,N, ,3, , , , , , , , , ,2,1,0,0,1,0,0,0,0,0,0,0,0,0,0,0,0,0,0,0,1,0,0,0,0,0,0,0,0,0,0,0,0,0,0,0,0,39.904,-75.2401, ,Philadelphia
6479,66702,2017109768,6,67,67301,2017,10,2,2115,21,2,1,0,5,1, , ,N,0,0,0,3,0,1,2,2,N,N,40 01:36.181,75 09:33.660,2136, ,2120, ,0, ,N, ,0, , , , , , , , , ,1,0,0,0,0,0,0,1,1,0,0,0,1,1,0,0,0,0,0,0,0,0,0,1,0,0,0,0,0,0,0,0,0,0,0,8,0,40.0267,-75.1594, ,Philadelphia
6480,66703,2017120533,6,67,67301,2017,10,3,1745,17,4,1,0,4,1, , ,N,1,3,0,3,0,1,2,2,N,N,39 56:39.619,75 13:51.440,1908, ,1908, ,0, ,N, ,3, , , , , , , , , ,2,0,0,0,0,0,1,0,0,0,0,1,1,0,1,0,0,0,0,0,1,0,0,0,0,0,0,0,0,0,0,0,0,0,0,4,0,39.9444,-75.2309, ,Philadelphia
6481,56954,2017107619,6,67,67301,2017,10,7,835,8,1,1,0,5,1, , ,N,0,0,3,3,0,1,2,2,N,N,39 53:51.801,75 11:10.337,845, ,837,1,1,2, , ,0,N, , , , , , , , ,2,0,1,0,0,1,0,0,0,0,0,0,1,1,0,0,0,0,0,0,0,0,0,0,0,0,0,0,0,0,0,0,0,0,0,8,1,39.8977,-75.1861, ,Philadelphia
6482,56967,2017127357,6,67,67301,2017,11,1,1125,11,1,1,0,1,1, , ,N,0,0,0,3,0,1,3,2,N,N,39 56:45.357,75 14:27.203,1152, ,1148, ,0, ,N, ,0, , , , , , , , , ,2,2,0,0,0,0,0,0,0,0,0,0,1,1,0,0,0,0,0,0,0,0,0,0,0,0,0,0,0,0,0,0,0,0,0,8,0,39.9459,-75.2409, ,Philadelphia
6483,56974,2017058250,6,67,67301,2017,5,1,1543,15,1,1,0,4,1, , ,N,0,0,7,3,0,1,3,2,N,N,40 00:21.086,75 05:45.782,1550, ,1546, ,0, ,N, ,0, , , , , , , , , ,2,0,1,0,0,0,1,0,0,0,1,0,1,0,0,0,0,0,0,0,1,0,0,0,0,0,0,0,0,0,0,0,0,0,0,3,0,40.0059,-75.0961, ,Philadelphia
6484,56986,2017035615,6,67,67301,2017,3,5,100,1,3,1,0,5,6, , ,N,0,0,0,3,0,1,2,2,N,N,39 59:40.820,75 09:37.099,135, ,124, ,0, ,N, ,0, , , , , , , , , ,2,1,0,0,0,0,0,0,0,0,0,1,1,0,0,0,0,0,0,0,0,0,0,0,0,0,0,0,0,0,0,0,0,0,0,4,0,39.9947,-75.1603, ,Philadelphia
6485,56988,2017043790,6,67,67301,2017,4,5,1905,19,1,1,1,8,1, , ,N,0,0,0,3,0,1,2,2,N,N,39 56:46.210,75 10:42.114,1920, ,1915, ,0, ,N, ,0, , , , , , , , , ,1,0,0,0,0,0,1,0,0,0,0,0,1,1,0,0,0,0,0,0,1,0,0,0,0,0,0,0,0,0,0,0,1,0,0,8,0,39.9462,-75.1784, ,Philadelphia
6486,57015,2017055484,6,67,67301,2017,4,7,1845,18,1,1,0,4,1, , ,N,2,3,0,3,0,4,4,2,N, ,40 01:26.647,75 10:47.500,1852, ,1850, ,0, , , ,3, , , , , , , , , ,2,1,0,0,0,0,0,1,0,0,0,0,4,4,0,0,0,0,0,0,0,0,1,0,0,0,0,0,0,0,0,0,0,0,0,8,0,40.0241,-75.1799, ,Philadelphia
6487,57024,2017076251,6,67,67301,2017,6,5,1307,13,1,7,0,5,1, , ,N,1,2,0,3,0,1,4,2,N,N,40 02:06.383,75 04:10.191,1347, ,1345, ,0, , , ,3, , , , , , , , , ,2,1,0,0,0,0,1,0,0,0,0,0,1,1,0,0,0,0,0,0,1,0,0,2,0,0,0,0,0,0,0,0,0,0,0,8,0,40.0351,-75.0694, ,Philadelphia
6488,57032,2017057184,6,67,67301,2017,5,4,203,2,3,2,1,7,4, , ,N,0,8,0,3,0,0,2,2,N,N,39 57:41.302,75 10:56.556,212, ,204,3,2,4, , ,3,Y, , , , , , , , ,2,1,0,0,0,1,0,0,0,0,0,0,0,0,0,0,0,0,0,0,0,0,0,0,0,0,0,0,0,0,0,0,0,0,0,0,1,39.962,-75.1827, ,Philadelphia
6489,57036,2017069533,6,67,67301,2017,6,1,945,9,1,1,0,1,1, , ,N,3,0,0,3,0,1,4,4,N,N,39 57:49.571,75 11:03.077,955, ,945,1,1,4, , ,0,N, , , , , , , , ,4,2,0,0,0,0,1,1,0,0,0,0,1,1,0,0,0,0,0,0,0,0,0,0,0,0,0,0,0,0,0,0,0,0,0,8,0,39.9639,-75.1843, ,Philadelphia
6490,57037,2017067922,6,67,67301,2017,6,5,215,2,3,1,0,4,1, , ,N,2,0,0,3,0,2,3,2,N,N,39 58:36.459,75 06:47.555,220, ,218, ,0, ,N, ,0, , , , , , , , , ,2,1,0,0,0,0,1,0,0,0,0,0,2,2,1,0,0,0,0,0,0,0,0,0,0,0,0,0,0,0,0,0,0,0,0,8,0,39.9766,-75.1132, ,Philadelphia
6491,57045,2017067742,6,67,67301,2017,5,6,1610,16,1,1,0,1,1, , ,N,2,3,0,3,0,2,3,2,N, ,39 58:15.427,75 12:53.965,2300, ,2310, ,0, , , ,3, , , , , , , , , ,2,1,0,0,0,0,1,0,0,0,0,2,2,0,1,0,0,0,0,0,2,0,0,0,0,0,0,0,0,0,0,0,0,0,0,4,0,39.971,-75.215, ,Philadelphia
6492,57056,2017080825,6,67,67301,2017,8,2,1508,15,1,2,1,1,1,2,4,Y,0,2,3,3,0,1,5,3,N,N,39 57:16.200,75 08:35.300,1508,35,1508,1,2,4,N, ,3,N,N, , ,N,Y, , , ,3,2,0,0,0,0,1,0,0,0,0,0,1,1,0,0,0,1,0,0,1,0,0,0,0,0,0,0,0,0,0,0,0,0,0,8,0,39.9545,-75.1431, ,Philadelphia
6493,57064,2017091831,6,67,67301,2017,8,6,438,4,3,1,0,7,4, , ,N,0,0,0,3,0,0,1,1,N,N,40 04:17.751,75 00:12.665,438, ,438,3,2,5,N, ,0,Y, , , , , , , , ,1,0,0,0,0,0,1,0,0,0,0,0,0,0,1,0,0,0,0,0,0,0,0,0,0,0,0,0,0,0,0,0,0,0,0,9,0,40.0716,-75.0035, ,Philadelphia
6494,57066,2017086185,6,67,67301,2017,7,1,518,5,3,2,1,4,6, , ,N,0,0,0,3,0,0,1,2,N,N,40 03:12.553,75 11:00.888,615, ,615,2,1,4,N, ,0,Y, , , , , , , , ,2,0,0,0,1,0,1,0,0,0,0,0,0,0,0,0,0,1,0,0,0,0,0,0,0,0,0,0,0,0,0,0,0,0,0,0,0,40.0535,-75.1836, ,Philadelphia
6495,57068,2017052346,6,67,67301,2017,5,3,2150,21,3,1,0,0,1, , ,N,0,0,0,3,0,1,2,2,N,N,40 01:18.759,75 08:20.771,2200, ,2154, ,0, , , ,0, , , , , , , , , ,2,1,1,0,0,0,0,0,0,0,0,1,1,0,0,0,0,0,0,0,1,0,0,0,0,0,0,0,0,0,0,0,0,0,0,4,0,40.0219,-75.1391, ,Philadelphia
6496,57071,2017070488,6,67,67301,2017,6,3,1800,18,1,1,0,5,1, , ,N,2,0,0,3,0,0,2,2,N, ,39 58:46.725,75 07:09.336,1812, ,1801, ,0, , , ,0, , , , , , , , , ,2,1,0,0,0,0,1,0,0,0,0,0,0,0,0,0,0,0,0,0,0,0,0,0,0,0,0,0,0,0,0,0,0,0,0,0,0,39.9796,-75.1193, ,Philadelphia
6497,57074,2017081082,6,67,67301,2017,6,6,1642,16,1,1,0,1,1, , ,N,0,0,0,3,0,0,2,2,N,N,39 56:40.939,75 08:33.018,1642, ,1642, ,0, , , ,0, , , , , , , , , ,2,1,0,0,0,0,0,0,0,0,0,0,0,0,1,0,0,0,0,0,0,0,0,0,0,0,0,0,0,0,0,0,0,0,0,9,0,39.9447,-75.1425, ,Philadelphia
6498,57077,2017057801,6,67,67301,2017,6,6,1052,10,1,1,0,7,3, , ,N,0,0,0,3,0,0,1,1,N,N,39 57:35.815,75 08:26.893,1105, ,1054,1,1,2, , ,0,N, , , , , , , , ,1,1,0,0,0,0,0,0,0,0,0,0,0,0,0,0,0,0,0,0,0,0,0,0,0,0,0,0,0,0,0,0,0,0,0,0,0,39.9599,-75.1408, ,Philadelphia
6499,60250,2017060591,6,67,67301,2017,5,6,1600,16,1,1,0,1,1, , ,N,1,2,0,3,0,0,3,3,N,N,39 57:51.984,75 08:03.331,1610, ,1608, ,0, ,N, ,3, , , , , , , , , ,3,2,0,0,0,0,1,0,0,0,0,0,0,0,0,0,0,0,0,0,2,0,0,0,0,0,0,0,0,0,0,0,0,0,0,0,0,39.9644,-75.1343, ,Philadelphia
6500,60260,2017060543,6,67,67301,2017,5,6,53,0,3,1,0,7,4, , ,N,0,2,0,3,0,1,1,1,N,N,40 01:35.592,75 05:52.389,56, ,55, ,0, ,N, ,3, , , , , , , , , ,1,0,0,0,0,0,1,0,0,1,0,0,1,0,0,0,0,0,0,0,0,0,0,0,0,0,0,0,0,0,0,0,0,0,0,2,0,40.0266,-75.0979, ,Philadelphia
6501,60263,2017076263,6,67,67301,2017,6,6,9999,99,1,1,0,1,1, , ,N,0,0,0,3,0,1,2,2,N,N,40 02:59.822,75 13:16.948,903, ,901, ,0, ,N, ,0, , , , , , , , , ,2,1,0,0,0,0,1,0,0,0,0,1,1,0,0,0,0,0,0,0,0,0,0,0,0,0,0,0,0,0,0,0,0,0,0,4,0,40.05,-75.2214, ,Philadelphia
6502,60264,2017067971,6,67,67301,2017,5,1,1226,12,1,1,0,8,1, , ,N,0,0,0,3,0,1,2,2,N,N,39 59:44.469,75 07:09.926,1230, ,1228, ,0, , , ,0, , , , , , , , , ,1,1,0,0,0,0,0,0,0,0,0,0,1,1,0,0,0,0,0,0,0,0,0,0,0,0,0,0,0,0,0,0,1,0,0,8,0,39.9957,-75.1194, ,Philadelphia
6503,60282,2017087117,6,67,67301,2017,7,6,35,0,3,1,0,4,1, , ,N,10,0,0,3,0,0,1,3,N,N,39 55:56.074,75 14:00.686,35, ,35, ,0, , , ,0, , , , , , , , , ,3,2,0,0,0,0,1,0,0,0,0,0,0,0,1,0,0,0,0,0,0,0,0,0,0,0,0,0,0,0,0,0,0,0,0,9,0,39.9322,-75.2335, ,Philadelphia
6504,60290,2017086116,6,67,67301,2017,7,3,1830,18,1,1,0,5,1, , ,N,0,0,0,3,0,2,3,3,N,N,39 59:59.091,75 04:18.665,1945, ,1838, ,0, , , ,0, , , , , , , , , ,3,2,0,0,1,0,0,0,0,0,0,0,2,2,0,0,0,0,0,0,0,1,0,1,0,0,0,0,0,0,0,0,0,0,0,8,0,39.9997,-75.0719, ,Philadelphia
6505,60292,2017111034,6,67,67301,2017,9,1,1920,19,3,1,0,1,1, , ,N,1,2,0,3,0,1,5,2,N,N,40 02:51.581,75 03:35.828,1922, ,1921,1,1,3,N, ,3,N, , , , , , , , ,2,2,0,0,0,0,0,0,0,0,0,0,1,1,0,0,0,0,0,0,0,0,0,1,0,0,0,0,0,0,0,0,0,0,0,8,0,40.0477,-75.06, ,Philadelphia
6506,60293,2017106021,6,67,67301,2017,9,3,755,7,1,1,0,1,1, , ,N,1,2,0,3,0,1,3,2,N, ,40 01:24.211,75 05:04.074,811, ,755,2,2,2, , ,3,N, , , , , , , , ,2,1,0,0,0,0,1,0,0,0,0,1,1,0,0,0,0,0,0,0,0,0,0,0,0,0,0,0,0,0,0,0,0,0,0,4,0,40.0234,-75.0845, ,Philadelphia
6507,60309,2017086887,6,67,67301,2017,5,4,1050,10,1,1,0,1,6, , ,N,0,0,0,3,0,1,2,4,N,N,40 02:47.508,75 08:55.860,1106, ,1103, ,0, ,N, ,0, , , , , , , , , ,4,3,0,0,0,0,1,0,0,0,0,1,1,0,0,0,0,0,0,0,0,0,0,1,0,0,0,0,0,0,0,0,0,0,0,4,0,40.0465,-75.1489, ,Philadelphia
6508,60316,2017097967,6,67,67301,2017,9,6,924,9,1,1,0,1,1, , ,N,5,2,0,3,0,1,2,2,N, ,39 58:10.083,75 08:22.422,928, ,926,1,2,4, , ,3,N, , , , , , , , ,2,1,0,0,1,0,0,0,0,0,0,1,1,0,0,0,0,0,0,0,1,0,1,0,0,0,0,0,0,0,0,0,0,0,0,4,0,39.9695,-75.1395, ,Philadelphia
6509,60322,2017086167,6,67,67301,2017,7,5,9999,99,1,1,0,1,1, , ,N,0,0,0,3,0,2,3,2,N,N,40 01:39.593,75 12:28.515,9999, ,916, ,0, , , ,0, , , , , , , , , ,2,2,0,0,0,0,0,0,0,0,0,0,2,2,0,0,0,0,0,0,0,0,0,0,0,0,0,0,0,0,0,0,0,0,0,8,0,40.0277,-75.2079, ,Philadelphia
6510,60337,2017096461,6,67,67301,2017,9,7,235,2,3,1,0,1,6, , ,N,0,0,0,3,0,1,1,2,N,N,39 55:41.022,75 14:15.826,245, ,240, ,0, ,N, ,0, , , , , , , , , ,2,2,0,0,0,0,0,0,0,0,0,1,1,0,0,0,0,0,0,0,0,0,0,1,0,0,0,0,0,0,0,0,0,0,0,4,0,39.9281,-75.2377, ,Philadelphia
6511,60348,2017058315,6,67,67301,2017,5,2,1545,15,1,1,0,4,1, , ,N,1,3,0,3,0,1,2,2,N,N,40 01:10.218,75 07:59.732,1600, ,1600, ,0, , , ,3, , , , , , , , , ,2,2,0,0,0,0,0,0,0,0,0,1,1,0,0,0,0,0,0,0,0,0,0,1,0,0,0,0,0,0,0,0,0,0,0,4,0,40.0195,-75.1333, ,Philadelphia
6512,60355,2017086666,6,67,67301,2017,3,1,1411,14,1,1,0,1,1, , ,N,0,0,0,3,0,2,4,2,N, ,40 05:31.666,75 01:55.248,1413, ,1413,1,2,1, , ,0,N, , , , , , , , ,2,2,0,0,0,0,0,0,0,0,0,1,2,1,0,0,0,0,0,0,1,0,0,0,0,0,0,0,0,0,0,0,0,0,0,4,0,40.0921,-75.032, ,Philadelphia
6513,60382,2017109858,6,67,67301,2017,10,1,1005,10,1,1,0,4,1, , ,N,1,2,0,3,0,2,4,2,N, ,40 01:40.752,75 03:26.701,1401, ,1010,2,1,4, , ,3,Y, , , , , , , , ,2,2,0,0,0,0,0,0,0,0,0,2,2,0,0,0,0,0,0,0,0,0,0,4,0,0,0,0,0,0,0,0,0,0,0,4,0,40.028,-75.0574, ,Philadelphia