objectid_1,objectid,crn,district,county,municipality,crash_year,crash_month,day_of_week,time_of_day,hour_of_day,illumination,weather,road_condition,collision_type,relation_to_road,work_zone_type,work_zone_loc,work_zone_ind,intersect_type,tcd_type,location_type,urban_rural,fatal_count,injury_count,person_count,total_units,sch_bus_ind,sch_zone_ind,latitude,longitude,arrival_tm,cons_zone_spd_lim,dispatch_tm,est_hrs_closed,lane_closed,ln_close_dir,ntfy_hiwy_maint,spec_juris_cd,tcd_func_cd,tfc_detour_ind,workers_pres,wz_close_detour,wz_flagger,wz_law_offcr_ind,wz_ln_closure,wz_moving,wz_other,wz_shlder_mdn,vehicle_count,automobile_count,motorcycle_count,bus_count,small_truck_count,heavy_truck_count,suv_count,van_count,bicycle_count,maj_inj_count,mod_inj_count,min_inj_count,tot_inj_count,unk_inj_deg_count,unk_inj_per_count,driver_count_16yr,driver_count_17yr,driver_count_18yr,driver_count_19yr,driver_count_20yr,driver_count_50_64yr,driver_count_65_74yr,driver_count_75plus,unbelted_occ_count,unb_death_count,unb_maj_inj_count,belted_death_count,belted_maj_inj_count,mcycle_death_count,mcycle_maj_inj_count,bicycle_death_count,bicycle_maj_inj_count,ped_count,ped_death_count,ped_maj_inj_count,max_severity_level,comm_veh_count,dec_lat,dec_long,rdwy_surf_type_cd,county_name
6579,60496,2017058224,6,67,67301,2017,5,1,25,0,3,1,0,4,1, , ,N,1,2,0,3,0,1,5,3,N,N,40 04:12.768,75 10:49.670,34, ,28,2,2,7,N, ,3,Y, , , , , , , , ,3,3,0,0,0,0,0,0,0,0,0,1,1,0,0,0,0,0,0,0,0,0,0,0,0,0,0,0,0,0,0,0,0,0,0,4,0,40.0702,-75.1805, ,Philadelphia
6580,60498,2017060700,6,67,67301,2017,5,4,9999,99,1,1,0,4,1, , ,N,1,3,0,3,0,1,2,2,N,N,40 00:49.510,75 05:50.403,9999, ,9999, ,0, ,N, ,3, , , , , , , , , ,2,1,0,0,0,0,1,0,0,0,0,0,1,1,1,0,0,0,0,0,1,0,0,0,0,0,0,0,0,0,0,0,0,0,0,8,0,40.0134,-75.0974, ,Philadelphia
6581,60510,2017076272,6,67,67301,2017,6,6,800,8,1,1,0,5,1, , ,N,2,0,0,3,0,0,2,2,N,N,40 03:17.215,75 09:07.178,910, ,906,1,1,3,N, ,0,N, , , , , , , , ,2,2,0,0,0,0,0,0,0,0,0,0,0,0,0,0,0,0,0,0,0,0,1,0,0,0,0,0,0,0,0,0,0,0,0,0,0,40.0548,-75.152, ,Philadelphia
6582,60520,2017107332,6,67,67301,2017,10,3,1604,16,1,1,0,1,1, , ,N,0,0,0,3,0,0,3,2,N,N,40 02:11.213,75 00:56.405,1628, ,1628, ,0, , , ,0, , , , , , , , , ,2,1,0,0,0,0,1,0,0,0,0,0,0,0,0,0,0,0,0,0,0,0,0,0,0,0,0,0,0,0,0,0,0,0,0,0,0,40.0364,-75.0157, ,Philadelphia
6583,60523,2017091675,6,67,67301,2017,8,3,1109,11,1,2,1,8,1, , ,N,0,0,7,3,0,1,2,2,N, ,40 04:58.600,75 01:24.200,1128, ,1123, ,0, , , ,0, , , , , , , , , ,1,1,0,0,0,0,0,0,0,0,1,0,1,0,0,0,0,0,0,0,0,0,1,0,0,0,0,0,0,0,0,0,1,0,0,3,0,40.0829,-75.0234, ,Philadelphia
6584,60537,2017102713,6,67,67301,2017,9,1,1621,16,1,1,0,4,1, , ,N,1,2,0,3,0,2,3,2,N,N,40 01:13.862,75 03:13.412,1630, ,1626, ,0, ,N, ,3, , , , , , , , , ,2,1,0,0,0,0,0,1,0,0,0,1,2,1,0,0,0,0,0,0,0,0,0,0,0,0,0,0,0,0,0,0,0,0,0,4,0,40.0205,-75.0537, ,Philadelphia
6585,60540,2017054622,6,67,67301,2017,5,7,2333,23,3,1,0,7,2, , ,N,0,0,0,3,0,0,2,1,N,N,39 57:31.071,75 10:07.992,2344, ,2338,1,2,3, , ,0,N, , , , , , , , ,1,1,0,0,0,0,0,0,0,0,0,0,0,0,0,0,0,0,0,0,0,0,0,0,0,0,0,0,0,0,0,0,0,0,0,0,0,39.9586,-75.1689, ,Philadelphia
6586,60580,2017088850,6,67,67301,2017,8,2,1751,17,1,2,1,1,1, , ,N,1,2,0,3,0,1,5,3,N,N,39 54:14.563,75 14:24.409,1842, ,1830, ,0, ,N, ,3, , , , , , , , , ,3,1,0,0,1,0,0,0,0,0,0,0,1,1,0,0,0,0,0,0,0,0,0,2,0,0,0,0,0,0,0,0,0,0,0,8,0,39.904,-75.2401, ,Philadelphia
6587,60585,2017115988,6,67,67301,2017,10,5,2300,23,3,1,0,1,1, , ,N,1,2,0,3,0,1,3,2,N, ,39 59:08.815,75 12:56.170,2340, ,2340, ,0, , , ,3, , , , , , , , , ,2,2,0,0,0,0,0,0,0,0,0,0,1,1,0,0,0,0,0,0,2,0,0,0,0,0,0,0,0,0,0,0,0,0,0,8,0,39.9858,-75.2156, ,Philadelphia
6588,60607,2017086093,6,67,67301,2017,8,3,1602,16,1,1,0,1,1, , ,N,0,0,0,3,0,1,2,2,N,N,40 00:26.728,75 07:30.147,1617, ,1617, ,0, ,N, ,0, , , , , , , , , ,2,0,1,0,0,0,0,1,0,0,0,1,1,0,0,0,0,0,0,0,0,0,0,1,0,0,0,0,0,0,0,0,0,0,0,4,0,40.0074,-75.125, ,Philadelphia
6589,63712,2017116008,6,67,67301,2017,10,7,1320,13,1,1,0,4,1, , ,N,1,2,0,3,0,3,4,2,N, ,39 58:54.836,75 10:14.109,1350, ,1335, ,0, , , ,3, , , , , , , , , ,2,2,0,0,0,0,0,0,0,0,0,1,3,2,0,0,0,0,0,0,0,0,0,2,0,0,0,0,0,0,0,0,0,0,0,4,0,39.9819,-75.1706, ,Philadelphia
6590,63717,2017105995,6,67,67301,2017,9,1,1150,11,1,1,0,6,1, , ,N,0,0,0,3,0,2,3,2,N,N,40 05:54.293,74 59:47.684,1200, ,1152, ,0, ,N, ,0, , , , , , , , , ,2,2,0,0,0,0,0,0,0,0,0,2,2,0,0,0,1,0,0,0,0,0,0,0,0,0,0,0,0,0,0,0,0,0,0,4,0,40.0984,-74.9966, ,Philadelphia
6591,63752,2017096455,6,67,67301,2017,9,1,230,2,3,2,1,7,4, , ,N,0,0,0,3,0,0,1,1,N,N,40 01:00.200,75 12:08.900,238, ,232, ,0, ,N, ,0, , , , , , , , , ,1,0,0,0,0,0,1,0,0,0,0,0,0,0,0,0,0,0,0,0,0,0,0,0,0,0,0,0,0,0,0,0,0,0,0,0,0,40.0167,-75.2025, ,Philadelphia
6592,63772,2017067747,6,67,67301,2017,5,3,2300,23,3,1,1,1,1, , ,N,1,2,0,3,0,1,3,4,N,N,39 59:10.535,75 06:15.872,2310, ,2305, ,0, ,N, ,3, , , , , , , , , ,4,1,0,0,1,0,0,2,0,0,0,1,1,0,1,0,0,0,0,0,0,0,0,0,0,0,0,0,0,0,0,0,0,0,0,4,0,39.9863,-75.1044, ,Philadelphia
6593,63777,2017056646,6,67,67301,2017,5,6,2008,20,3,1,0,1,1, , ,N,0,0,3,3,0,1,2,2,N,N,39 57:36.337,75 10:46.633,2021, ,2011, ,0, , , ,0, , , , , , , , , ,2,1,0,0,0,0,1,0,0,0,0,0,1,1,0,0,0,0,0,0,0,0,0,0,0,0,0,0,0,0,0,0,0,0,0,8,0,39.9601,-75.1796, ,Philadelphia
6594,63818,2017072911,6,67,67301,2017,3,7,9999,99,1,1,0,1,1, , ,N,5,2,0,3,0,1,2,2,N,N,40 00:13.178,75 10:08.095,0, ,0, ,0, ,N, ,3, , , , , , , , , ,2,1,0,0,0,0,0,0,0,0,0,0,1,1,0,0,0,0,0,0,0,0,0,0,0,0,0,0,0,0,0,0,0,0,0,8,0,40.0037,-75.1689, ,Philadelphia
6595,63832,2017072857,6,67,67301,2017,7,5,1305,13,1,1,0,1,1, , ,N,0,0,0,3,0,4,10,6,N,N,39 57:27.715,75 09:37.980,1328, ,1308,2,2,4, , ,0,N, , , , , , , , ,6,1,0,0,0,1,4,0,0,0,4,0,4,0,0,0,0,0,0,0,1,0,0,0,0,0,0,0,0,0,0,0,0,0,0,3,0,39.9577,-75.1606, ,Philadelphia
6596,63843,2017076207,6,67,67301,2017,6,2,1527,15,1,1,0,4,1, , ,N,1,2,0,3,0,1,2,2,N,N,40 06:50.484,74 59:15.471,1548, ,1532,2,1,3,N, ,3,N, , , , , , , , ,2,1,0,0,0,0,1,0,0,0,1,0,1,0,0,0,0,0,0,0,1,0,0,0,0,0,0,0,0,0,0,0,0,0,0,3,0,40.114,-74.9876, ,Philadelphia
6597,63880,2017115936,6,67,67301,2017,10,7,1536,15,1,1,0,4,1, , ,N,1,2,0,3,0,1,3,2,N,N,39 59:18.584,75 06:22.955,1541, ,1538, ,0, ,N, ,3, , , , , , , , , ,2,1,0,0,0,0,1,0,0,0,0,0,1,1,1,0,0,0,0,0,1,0,0,0,0,0,0,0,0,0,0,0,0,0,0,8,0,39.9885,-75.1064, ,Philadelphia
6598,63886,2017106910,6,67,67301,2017,10,1,2214,22,3,1,0,7,2, , ,N,0,0,0,3,0,1,1,1,N,N,39 57:51.497,75 08:16.413,2243, ,2239,2,2,1, , ,0,N, , , , , , , , ,1,1,0,0,0,0,0,0,0,0,1,0,1,0,0,0,0,0,0,0,0,0,0,0,0,0,0,0,0,0,0,0,0,0,0,3,0,39.9643,-75.1379, ,Philadelphia
6599,63906,2017097896,6,67,67301,2017,9,6,1958,19,3,1,0,4,1, , ,N,1,3,0,3,0,2,5,3,N,N,39 58:00.577,75 14:30.400,1959, ,1958, ,0, ,N, ,3, , , , , , , , , ,3,2,0,0,1,0,0,0,0,0,2,0,2,0,0,0,0,1,0,0,1,0,0,0,0,0,0,0,0,0,0,0,0,0,0,3,0,39.9668,-75.2418, ,Philadelphia
6600,63938,2017097997,6,67,67301,2017,9,5,1630,16,1,1,0,4,1, , ,N,0,0,7,3,0,1,2,2,N,N,39 59:45.236,75 06:46.479,1633, ,1630, ,0, ,N, ,0, , , , , , , , , ,2,0,1,0,0,0,1,0,0,0,0,1,1,0,0,0,0,0,0,0,0,0,0,0,0,0,0,0,0,0,0,0,0,0,0,4,0,39.9959,-75.1129, ,Philadelphia
6601,63948,2017105919,6,67,67301,2017,9,6,1715,17,1,1,0,8,1, , ,N,0,0,0,3,0,1,2,2,N, ,40 00:41.810,75 08:19.719,1755, ,1745, ,0, , , ,0, , , , , , , , , ,1,1,0,0,0,0,0,0,0,0,0,1,1,0,0,0,0,0,0,0,1,0,0,1,0,0,0,0,0,0,0,0,1,0,0,4,0,40.0116,-75.1388, ,Philadelphia
6602,63956,2017101827,6,67,67301,2017,9,1,810,8,1,1,0,4,1, , ,N,5,2,0,3,0,2,4,2,N,N,40 01:53.383,75 03:47.425,835, ,815, ,0, ,N, ,3, , , , , , , , , ,2,1,0,0,0,0,0,1,0,0,0,2,2,0,0,0,0,0,0,0,0,0,0,2,0,0,0,0,0,0,0,0,0,0,0,4,0,40.0316,-75.0633, ,Philadelphia
6603,63967,2017067789,6,67,67301,2017,5,6,1135,11,1,1,0,1,1, , ,N,1,2,0,3,0,4,4,3,N, ,39 57:20.080,75 14:02.342,1140, ,1139, ,0, , , ,3, , , , , , , , , ,3,1,0,0,2,0,0,0,0,0,0,4,4,0,0,0,0,0,0,0,2,0,0,0,0,0,0,0,0,0,0,0,0,0,0,4,0,39.9556,-75.234, ,Philadelphia
6604,63981,2017076224,6,67,67301,2017,6,3,1655,16,1,1,0,1,1, , ,N,1,2,0,3,0,1,4,2,N,N,39 59:20.768,75 09:55.475,1658, ,1655, ,0, ,N, ,3, , , , , , , , , ,2,0,0,0,0,0,2,0,0,0,0,1,1,0,0,0,1,0,0,0,1,0,0,0,0,0,0,0,0,0,0,0,0,0,0,4,0,39.9891,-75.1654, ,Philadelphia
6605,63986,2017067603,6,67,67301,2017,6,5,1647,16,1,1,0,1,1, , ,N,0,0,0,3,0,1,2,2,N,N,39 54:53.044,75 11:21.868,1647, ,1647, ,0, ,N, ,0, , , , , , , , , ,2,2,0,0,0,0,0,0,0,0,1,0,1,0,0,0,0,0,0,0,0,0,0,0,0,0,0,0,0,0,0,0,0,0,0,3,0,39.9147,-75.1894, ,Philadelphia
6606,63994,2017097551,6,67,67301,2017,9,6,1701,17,1,1,0,8,1, , ,N,1,2,0,3,0,1,2,2,N,N,39 57:01.078,75 11:30.262,1706, ,1703, ,0, ,N, ,3, , , , , , , , , ,1,0,0,0,0,0,1,0,0,0,1,0,1,0,0,0,0,0,0,0,1,0,0,0,0,0,0,0,0,0,0,0,1,0,0,3,0,39.9503,-75.1917, ,Philadelphia
6607,54351,2017126195,6,67,67301,2017,10,1,2232,22,3,2,7,1,1, , ,N,0,0,0,3,0,0,5,2,N,N,39 59:40.690,75 05:02.655,2247, ,2240, ,0, , , ,0, , , , , , , , , ,2,1,0,0,0,0,0,1,0,0,0,0,0,0,0,0,0,0,0,1,1,0,0,0,0,0,0,0,0,0,0,0,0,0,0,0,0,39.9946,-75.0841, ,Philadelphia
6608,54358,2017115732,6,67,67301,2017,11,1,639,6,1,2,1,7,2, , ,N,0,0,0,3,0,0,1,1,N,N,39 58:54.875,75 12:26.959,639, ,639, ,0, , , ,0, , , , , , , , , ,1,1,0,0,0,0,0,0,0,0,0,0,0,0,0,0,0,0,0,0,0,0,0,0,0,0,0,0,0,0,0,0,0,0,0,0,0,39.9814,-75.207, ,Philadelphia
6609,54360,2017096447,6,67,67301,2017,9,7,2150,21,3,2,1,4,1, , ,N,0,0,0,3,0,2,2,2,N,N,40 02:44.361,75 06:45.793,2159, ,2155, ,0, , , ,0, , , , , , , , , ,2,1,0,0,0,0,1,0,0,0,0,0,2,2,0,0,0,0,0,0,2,0,0,0,0,0,0,0,0,0,0,0,0,0,0,8,0,40.0457,-75.1127, ,Philadelphia
6610,54361,2017096436,6,67,67301,2017,8,5,1621,16,4,1,0,4,1, , ,N,1,2,0,3,0,2,3,2,N,N,40 01:34.986,75 07:01.858,1837, ,1814, ,0, ,N, ,3, , , , , , , , , ,2,1,0,0,0,0,1,0,0,0,0,2,2,0,0,0,0,1,0,0,0,0,0,0,0,0,0,0,0,0,0,0,0,0,0,4,0,40.0264,-75.1172, ,Philadelphia
6611,54367,2017058252,6,67,67301,2017,5,6,932,9,1,1,0,4,1, , ,N,1,3,0,3,0,2,4,2,N, ,40 00:32.885,75 08:16.051,940, ,937,1,1,1, , ,3,Y, , , , , , , , ,2,2,0,0,0,0,0,0,0,0,0,0,2,2,0,0,0,0,0,0,1,0,0,3,0,0,0,0,0,0,0,0,0,0,0,8,0,40.0091,-75.1378, ,Philadelphia
6612,54384,2017076132,6,67,67301,2017,6,5,143,1,3,1,0,4,1, , ,N,1,3,0,3,0,2,3,2,N, ,40 02:47.108,75 09:43.527,151, ,147,2,2,1, , ,3,Y, , , , , , , , ,2,2,0,0,0,0,0,0,0,0,0,2,2,0,0,0,0,0,0,0,0,0,0,1,0,0,0,0,0,0,0,0,0,0,0,4,0,40.0464,-75.1621, ,Philadelphia
6613,54388,2017086104,6,67,67301,2017,7,1,9999,99,3,1,0,4,1, , ,N,1,3,0,3,0,2,3,2,N,N,39 58:09.831,75 09:47.666,1248, ,1243, ,0, ,N, ,3, , , , , , , , , ,2,2,0,0,0,0,0,0,0,0,0,0,2,2,0,0,0,0,0,0,0,0,0,1,0,0,0,0,0,0,0,0,0,0,0,8,0,39.9694,-75.1632, ,Philadelphia
6614,54412,2017093073,6,67,67301,2017,9,7,2044,20,3,2,1,2,1, , ,N,1,2,0,3,0,0,5,2,N,N,39 59:45.571,75 05:31.702,2044, ,2044,1,1,7, , ,3,N, , , , , , , , ,2,2,0,0,0,0,0,0,0,0,0,0,0,0,0,0,0,0,0,0,0,0,0,0,0,0,0,0,0,0,0,0,0,0,0,0,0,39.9959,-75.0921, ,Philadelphia
6615,54419,2017068081,6,67,67301,2017,6,2,1430,14,1,1,1,4,1, , ,N,1,2,0,3,0,2,5,2,N, ,40 00:31.034,75 04:07.810,1502, ,1501, ,0, , , ,3, , , , , , , , , ,2,0,0,0,1,0,1,0,0,0,0,2,2,0,0,0,0,0,0,0,1,0,0,2,0,0,0,0,0,0,0,0,0,0,0,4,0,40.0086,-75.0688, ,Philadelphia
6616,54432,2017069554,6,67,67301,2017,6,3,1451,14,1,1,0,7,3, , ,N,0,0,0,3,0,1,1,1,N,N,40 02:52.166,74 59:57.857,1527, ,1453,1,2,1, , ,0,N, , , , , , , , ,1,1,0,0,0,0,0,0,0,0,1,0,1,0,0,0,0,0,0,0,0,0,0,0,0,0,0,0,0,0,0,0,0,0,0,3,0,40.0478,-74.9994, ,Philadelphia
6617,54441,2017086630,6,67,67301,2017,3,6,1300,13,1,6,1,8,1, , ,N,0,0,0,3,0,1,2,2,N, ,40 01:41.234,75 12:36.220,1300, ,1300, ,0, , , ,0, , , , , , , , , ,1,1,0,0,0,0,0,0,0,0,0,1,1,0,0,0,0,0,0,0,0,0,0,0,0,0,0,0,0,0,0,0,1,0,0,4,0,40.0281,-75.2101, ,Philadelphia
6618,54445,2017071789,6,46,46102,2017,6,2,1627,16,1,1,0,4,1, , ,N,5,2,0,3,0,2,5,4,N,N,40 04:26.918,75 09:30.203,1750, ,1746, ,0, ,N, ,3, , , , , , , , , ,4,2,0,0,1,0,1,0,0,0,0,2,2,0,0,0,0,0,0,0,0,1,0,0,0,0,0,0,0,0,0,0,0,0,0,4,0,40.0741,-75.1584, ,Montgomery
6619,54470,2017076200,6,67,67301,2017,6,2,2333,23,3,1,0,4,1, , ,N,1,2,0,3,0,1,2,2,N,N,40 02:21.314,75 11:30.256,2358, ,2356,3,1,1,N, ,3,N, , , , , , , , ,2,1,1,0,0,0,0,0,0,0,0,1,1,0,0,0,0,0,0,0,0,1,0,1,0,0,0,0,0,0,0,0,0,0,0,4,0,40.0392,-75.1917, ,Philadelphia
6620,54477,2017097940,6,67,67301,2017,9,6,1334,13,1,1,0,2,6, , ,N,0,0,0,3,0,2,2,2,N,N,39 57:03.765,75 14:42.247,1340, ,1339, ,0, ,N, ,0, , , , , , , , , ,2,1,0,0,0,0,1,0,0,0,1,1,2,0,0,0,0,0,0,0,0,1,0,0,0,0,0,0,0,0,0,0,0,0,0,3,0,39.951,-75.2451, ,Philadelphia
6621,54491,2017120512,6,67,67301,2017,10,5,1704,17,4,1,0,2,1, , ,N,0,0,0,3,0,2,3,2,N, ,40 03:19.300,75 09:09.800,1828, ,1825, ,0, , , ,0, , , , , , , , , ,2,1,0,0,0,0,1,0,0,0,0,0,2,2,0,0,0,0,0,0,0,0,1,0,0,0,0,0,0,0,0,0,0,0,0,8,0,40.0554,-75.1527, ,Philadelphia
6622,54501,2017120547,6,67,67301,2017,10,1,2117,21,3,2,1,8,1, , ,N,1,2,0,3,0,1,2,2,N,N,39 59:04.850,75 09:23.377,2145, ,2141, ,0, ,N, ,3, , , , , , , , , ,1,1,0,0,0,0,0,0,0,0,0,0,1,1,0,0,0,0,1,0,0,0,0,0,0,0,0,0,0,0,0,0,1,0,0,8,0,39.9847,-75.1565, ,Philadelphia
6623,54512,2017058310,6,67,67301,2017,5,5,802,8,1,1,0,1,1, , ,N,2,0,6,3,0,2,3,2,N, ,40 03:02.062,75 03:02.646,816, ,814, ,0, , , ,0, , , , , , , , , ,2,1,0,0,0,0,0,1,0,0,0,2,2,0,0,0,0,0,0,0,0,1,0,0,0,0,0,0,0,0,0,0,0,0,0,4,0,40.0505,-75.0507, ,Philadelphia
6624,54528,2017086632,6,67,67301,2017,5,7,1820,18,1,2,1,5,6, , ,N,0,0,0,3,0,4,5,5,N,N,40 00:36.358,75 08:26.383,1835, ,827,2,2,1,N, ,0,Y, , , , , , , , ,5,3,0,0,0,0,2,0,0,0,0,4,4,0,1,0,0,0,0,0,0,0,0,0,0,0,0,0,0,0,0,0,0,0,0,4,0,40.0101,-75.1407, ,Philadelphia
6625,57304,2017096239,6,67,67301,2017,7,2,1413,14,1,1,0,1,1, , ,N,0,0,0,3,0,1,3,2,N,N,39 57:30.276,75 09:57.804,1440, ,1431, ,0, , , ,0, , , , , , , , , ,2,2,0,0,0,0,0,0,0,0,0,0,1,1,0,0,1,0,0,0,0,0,0,1,0,0,0,0,0,0,0,0,0,0,0,8,0,39.9584,-75.1661, ,Philadelphia
6626,57318,2017076268,6,67,67301,2017,4,6,2208,22,3,1,0,4,1, , ,N,1,2,0,3,0,2,3,2,N, ,39 58:30.691,75 07:16.051,2215, ,2214, ,0, , , ,3, , , , , , , , , ,2,0,0,0,0,0,2,0,0,0,0,1,2,1,0,0,0,0,0,0,0,0,0,0,0,0,0,0,0,0,0,0,0,0,0,4,0,39.9751,-75.1212, ,Philadelphia
6627,57321,2017070463,6,67,67301,2017,6,1,230,2,3,9,8,5,1, , ,N,1,2,0,3,0,1,3,2,N, ,39 57:40.438,75 08:47.791,1245, ,1245, ,0, , , ,3, , , , , , , , , ,2,1,0,0,1,0,0,0,0,0,0,1,1,0,1,0,0,0,0,0,0,0,0,0,0,0,0,0,0,0,0,0,0,0,0,4,0,39.9612,-75.1466, ,Philadelphia
6628,57351,2017109932,6,67,67301,2017,9,7,1740,17,1,1,0,1,1, , ,N,1,2,0,3,0,0,2,2,N,N,40 06:06.749,75 02:23.015,1741, ,1740, ,0, ,N, ,3, , , , , , , , , ,2,2,0,0,0,0,0,0,0,0,0,0,0,0,0,0,0,0,0,0,0,1,0,0,0,0,0,0,0,0,0,0,0,0,0,0,0,40.1019,-75.0397, ,Philadelphia
6629,57398,2017096446,6,67,67301,2017,9,7,1220,12,1,1,0,8,1, , ,N,1,3,0,3,0,1,2,2,N, ,40 02:22.909,75 08:36.142,1312, ,1309, ,0, , , ,3, , , , , , , , , ,1,1,0,0,0,0,0,0,0,0,0,0,1,1,0,0,0,0,0,0,0,0,0,1,0,0,0,0,0,0,0,0,1,0,0,8,0,40.0397,-75.1434, ,Philadelphia
6630,57419,2017067879,6,67,67301,2017,6,7,2001,20,3,1,0,5,6, , ,N,0,0,0,3,0,1,2,3,N,N,40 00:42.955,75 09:44.513,2008, ,2004, ,0, , , ,0, , , , , , , , , ,2,0,1,0,0,0,1,0,0,1,0,0,1,0,0,0,0,0,0,0,0,0,0,0,0,0,0,0,0,1,0,0,0,0,0,2,0,40.0119,-75.1624, ,Philadelphia
6631,57424,2017078788,6,67,67301,2017,7,2,9999,99,1,1,0,5,1, , ,N,0,0,0,3,0,1,2,2,N, ,39 59:22.859,75 07:30.836,800, ,800, ,0, , , ,0, , , , , , , , , ,1,0,0,0,0,0,1,0,1,0,0,1,1,0,0,0,0,0,0,0,0,0,0,1,0,0,0,0,0,0,0,0,0,0,0,4,0,39.9897,-75.1252, ,Philadelphia
6632,57428,2017078807,6,67,67301,2017,7,2,715,7,1,1,0,5,1, , ,N,0,0,0,3,0,1,3,2,N, ,39 56:14.338,75 11:48.768,849, ,848, ,0, , , ,0, , , , , , , , , ,2,2,0,0,0,0,0,0,0,0,0,0,1,1,0,0,0,0,0,0,0,0,0,0,0,0,0,0,0,0,0,0,0,0,0,8,0,39.9373,-75.1969, ,Philadelphia
6633,57450,2017088902,6,67,67301,2017,8,2,1155,11,1,2,1,4,1, , ,N,1,3,0,3,0,2,4,3,N, ,40 02:52.901,75 05:34.215,1203, ,1157,1,1,3, , ,3,Y, , , , , , , , ,2,2,0,0,0,0,0,0,0,0,1,1,2,0,0,0,0,0,0,0,1,0,0,0,0,0,0,0,0,0,0,0,1,0,0,3,0,40.048,-75.0928, ,Philadelphia
6634,57466,2017078851,6,67,67301,2017,7,1,0,0,3,1,0,8,1, , ,N,0,0,0,3,0,1,2,2,N,N,40 01:54.119,75 10:05.152,38, ,30, ,0, ,N, ,0, , , , , , , , , ,1,0,0,0,0,0,1,0,0,0,0,0,1,1,0,0,0,0,0,0,0,0,0,1,0,0,0,0,0,0,0,0,1,0,0,8,0,40.0317,-75.1681, ,Philadelphia
6635,57469,2017067365,6,67,67301,2017,6,7,655,6,5,2,1,7,7,1,4,Y,7,0,2,3,0,0,1,1,N,N,39 58:06.099,75 07:44.559,720,55,713, ,0, , , ,0, ,N,N,N,N,N,N,N,Y,1,1,0,0,0,0,0,0,0,0,0,0,0,0,0,0,0,0,0,0,1,0,0,0,0,0,0,0,0,0,0,0,0,0,0,0,0,39.9684,-75.129, ,Philadelphia
6636,57479,2017106022,6,67,67301,2017,9,3,1152,11,1,1,0,5,1, , ,N,0,0,0,3,0,1,2,5,N,N,40 01:26.788,75 05:01.960,1204, ,1159, ,0, ,N, ,0, , , , , , , , , ,5,3,0,0,1,0,1,0,0,0,0,1,1,0,0,0,0,0,0,0,0,0,0,2,0,0,0,0,0,0,0,0,0,0,0,4,0,40.0241,-75.0839, ,Philadelphia
6637,57482,2017086224,6,67,67301,2017,7,2,726,7,1,1,0,4,1, , ,N,1,2,0,3,0,0,2,2,N, ,40 00:25.981,75 07:24.378,728, ,726, ,0, , , ,3, , , , , , , , , ,2,0,0,0,1,0,1,0,0,0,0,0,0,0,0,0,0,0,0,0,1,0,0,0,0,0,0,0,0,0,0,0,0,0,0,0,0,40.0072,-75.1234, ,Philadelphia
6638,57487,2017116023,6,67,67301,2017,10,1,830,8,1,2,1,2,1, , ,N,0,0,0,3,0,2,2,2,N,N,39 58:32.098,75 11:27.314,915, ,900, ,0, ,N, ,0, , , , , , , , , ,2,2,0,0,0,0,0,0,0,0,0,0,2,2,0,0,0,0,0,0,0,0,0,0,0,0,0,0,0,0,0,0,0,0,0,8,0,39.9756,-75.191, ,Philadelphia
6639,57490,2017115984,6,67,67301,2017,10,5,850,8,1,2,1,4,1, , ,N,1,2,0,3,0,1,2,2,N,N,40 02:43.799,75 09:53.518,850, ,917, ,0, ,N, ,3, , , , , , , , , ,2,0,0,0,0,0,1,1,0,0,0,0,1,1,0,0,0,0,0,0,0,0,0,0,0,0,0,0,0,0,0,0,0,0,0,8,0,40.0455,-75.1649, ,Philadelphia
6640,57524,2017120669,6,67,67301,2017,10,4,2051,20,3,1,0,4,1, , ,N,1,2,0,3,0,0,2,2,N, ,40 00:30.707,75 12:38.635,2124, ,2119, ,0, , , ,3, , , , , , , , , ,2,0,0,0,0,0,2,0,0,0,0,0,0,0,0,0,0,0,0,0,1,0,0,0,0,0,0,0,0,0,0,0,0,0,0,0,0,40.0085,-75.2107, ,Philadelphia
6641,57558,2017071769,6,67,67301,2017,3,6,1945,19,3,1,0,1,1, , ,N,1,2,0,3,0,1,2,2,N,N,39 59:39.070,75 06:41.033,0, ,0, ,0, ,N, ,3, , , , , , , , , ,2,2,0,0,0,0,0,0,0,1,0,0,1,0,0,0,0,0,0,0,0,0,0,0,0,0,0,1,0,0,0,0,0,0,0,2,0,39.9942,-75.1114, ,Philadelphia
6642,57561,2017070480,6,67,67301,2017,6,6,1935,19,1,1,0,8,1, , ,N,1,3,0,3,0,1,2,2,N,N,40 01:25.132,75 03:33.544,2119, ,2117, ,0, ,N, ,3, , , , , , , , , ,1,1,0,0,0,0,0,0,1,0,0,1,1,0,0,0,0,0,0,0,0,0,0,1,0,0,0,0,0,0,0,0,0,0,0,4,0,40.0236,-75.0593, ,Philadelphia
6643,60620,2017116069,6,67,67301,2017,10,3,1537,15,1,1,0,4,1, , ,N,1,2,0,3,0,0,3,2,N,N,40 04:15.122,75 14:28.540,1540, ,1537,2,1,3,N, ,3,N, , , , , , , , ,2,2,0,0,0,0,0,0,0,0,0,0,0,0,0,0,0,0,0,0,1,0,1,1,0,0,0,0,0,0,0,0,0,0,0,0,0,40.0709,-75.2413, ,Philadelphia