objectid_1,objectid,crn,district,county,municipality,crash_year,crash_month,day_of_week,time_of_day,hour_of_day,illumination,weather,road_condition,collision_type,relation_to_road,work_zone_type,work_zone_loc,work_zone_ind,intersect_type,tcd_type,location_type,urban_rural,fatal_count,injury_count,person_count,total_units,sch_bus_ind,sch_zone_ind,latitude,longitude,arrival_tm,cons_zone_spd_lim,dispatch_tm,est_hrs_closed,lane_closed,ln_close_dir,ntfy_hiwy_maint,spec_juris_cd,tcd_func_cd,tfc_detour_ind,workers_pres,wz_close_detour,wz_flagger,wz_law_offcr_ind,wz_ln_closure,wz_moving,wz_other,wz_shlder_mdn,vehicle_count,automobile_count,motorcycle_count,bus_count,small_truck_count,heavy_truck_count,suv_count,van_count,bicycle_count,maj_inj_count,mod_inj_count,min_inj_count,tot_inj_count,unk_inj_deg_count,unk_inj_per_count,driver_count_16yr,driver_count_17yr,driver_count_18yr,driver_count_19yr,driver_count_20yr,driver_count_50_64yr,driver_count_65_74yr,driver_count_75plus,unbelted_occ_count,unb_death_count,unb_maj_inj_count,belted_death_count,belted_maj_inj_count,mcycle_death_count,mcycle_maj_inj_count,bicycle_death_count,bicycle_maj_inj_count,ped_count,ped_death_count,ped_maj_inj_count,max_severity_level,comm_veh_count,dec_lat,dec_long,rdwy_surf_type_cd,county_name
6774,92840,2017086787,6,67,67301,2017,4,3,1900,19,1,1,0,0,1, , ,N,0,0,0,3,0,1,1,1,N,N,39 57:52.011,75 08:04.182,1904, ,1904, ,0, ,N, ,0, , , , , , , , , ,1,0,1,0,0,0,0,0,0,0,0,1,1,0,0,0,0,0,0,0,0,0,0,0,0,0,0,0,0,0,0,0,0,0,0,4,0,39.9645,-75.1345, ,Philadelphia
6775,92849,2017106713,6,67,67301,2017,9,7,1308,13,1,1,0,4,1, , ,N,0,0,0,3,0,0,3,2,N,N,39 57:30.650,75 10:04.478,1338, ,1311,1,2,3, , ,0,N, , , , , , , , ,2,0,0,0,0,1,1,0,0,0,0,0,0,0,0,0,0,0,0,0,0,0,0,0,0,0,0,0,0,0,0,0,0,0,0,0,1,39.9585,-75.1679, ,Philadelphia
6776,92858,2017106855,6,67,67301,2017,9,7,2000,20,3,2,1,1,1, , ,N,0,0,3,3,0,0,6,2,N,N,39 57:36.085,75 10:44.399,2000, ,2000,1,2,4, , ,0,N, , , , , , , , ,2,2,0,0,0,0,0,0,0,0,0,0,0,0,0,0,0,1,0,0,0,0,0,2,0,0,0,0,0,0,0,0,0,0,0,0,0,39.96,-75.179, ,Philadelphia
6777,92866,2017106012,6,67,67301,2017,9,4,2045,20,3,1,0,8,1, , ,N,1,2,0,3,0,1,3,3,N, ,39 55:26.156,75 13:19.597,2050, ,2046, ,0, , , ,3, , , , , , , , , ,2,0,0,0,0,0,1,0,0,0,0,1,1,0,0,0,0,0,0,0,1,0,0,0,0,0,0,0,0,0,0,0,1,0,0,4,0,39.9239,-75.2221, ,Philadelphia
6778,92873,2017135075,6,67,67301,2017,11,4,536,5,5,2,1,4,1, , ,N,1,2,0,3,0,1,2,2,N,N,40 01:12.662,75 08:55.511,543, ,541,2,1,2,N, ,3,N, , , , , , , , ,2,0,0,0,0,0,1,1,0,0,0,1,1,0,0,0,0,0,0,0,1,1,0,0,0,0,0,0,0,0,0,0,0,0,0,4,0,40.0202,-75.1488, ,Philadelphia
6779,92882,2017067921,6,67,67301,2017,6,7,2009,20,1,1,0,1,1, , ,N,0,0,0,3,0,1,2,2,N, ,39 58:07.758,75 08:02.978,2010, ,2009,3,1,1, , ,0,Y, , , , , , , , ,2,2,0,0,0,0,0,0,0,0,0,1,1,0,0,0,0,0,0,0,0,0,0,0,0,0,0,0,0,0,0,0,0,0,0,4,0,39.9688,-75.1342, ,Philadelphia
6780,92898,2017101821,6,67,67301,2017,9,4,1210,12,1,2,1,4,1, , ,N,1,2,0,3,0,0,2,2,N,N,39 56:55.507,75 10:44.382,1222, ,1218, ,0, , , ,3, , , , , , , , , ,2,2,0,0,0,0,0,0,0,0,0,0,0,0,0,0,0,0,0,0,0,0,0,0,0,0,0,0,0,0,0,0,0,0,0,0,0,39.9488,-75.179, ,Philadelphia
6781,92899,2017107963,6,67,67301,2017,7,1,4,0,3,1,0,4,1, , ,N,1,2,0,3,0,1,2,2,N,N,39 58:04.620,75 12:28.202,111, ,110, ,0, ,N, ,3, , , , , , , , , ,1,1,0,0,0,0,0,0,1,0,1,0,1,0,0,0,0,0,0,0,0,0,0,1,0,0,0,0,0,0,0,0,0,0,0,3,0,39.968,-75.2078, ,Philadelphia
6782,92912,2017111042,6,67,67301,2017,10,2,1005,10,1,1,0,5,2, , ,N,0,0,0,3,0,2,3,2,N,N,39 57:14.308,75 09:34.781,1016, ,1012,2,1,4,N, ,0,N, , , , , , , , ,2,1,0,1,0,0,0,0,0,0,0,2,2,0,0,0,0,0,0,0,1,0,0,0,0,0,0,0,0,0,0,0,0,0,0,4,1,39.954,-75.1597, ,Philadelphia
6783,92941,2017089244,6,67,67301,2017,8,4,2225,22,3,1,0,1,1, , ,N,0,2,0,3,0,2,3,2,N,N,39 56:20.998,75 11:35.147,0, ,0, ,0, ,N, ,3, , , , , , , , , ,2,1,0,0,0,0,1,0,0,0,0,1,2,1,0,0,0,0,0,0,1,0,0,0,0,0,0,0,0,0,0,0,0,0,0,4,0,39.9392,-75.1931, ,Philadelphia
6784,92950,2017108019,6,67,67301,2017,9,4,9999,99,1,2,1,4,1, , ,N,1,3,0,3,0,0,2,2,N, ,39 58:59.961,75 06:14.999,930, ,922, ,0, , , ,3, , , , , , , , , ,2,1,0,0,0,0,1,0,0,0,0,0,0,0,0,0,0,0,0,0,0,0,0,0,0,0,0,0,0,0,0,0,0,0,0,0,0,39.9833,-75.1042, ,Philadelphia
6785,92957,2017105900,6,67,67301,2017,9,6,2017,20,3,1,0,7,4, , ,N,0,0,0,3,0,1,1,1,N, ,40 01:32.299,75 12:09.643,2023, ,2019, ,0, , , ,0, , , , , , , , , ,1,1,0,0,0,0,0,0,0,0,0,0,1,1,0,0,0,0,0,0,1,0,0,0,0,0,0,0,0,0,0,0,0,0,0,8,0,40.0256,-75.2027, ,Philadelphia
6786,92965,2017097945,6,67,67301,2017,9,2,1810,18,1,1,0,4,1, , ,N,1,2,0,3,0,0,2,2,N,N,39 58:49.278,75 10:55.949,1920, ,1911, ,0, , , ,3, , , , , , , , , ,2,1,0,0,1,0,0,0,0,0,0,0,0,0,0,0,0,0,0,0,1,0,0,0,0,0,0,0,0,0,0,0,0,0,0,0,0,39.9804,-75.1822, ,Philadelphia
6787,95875,2017107975,6,67,67301,2017,8,2,906,9,1,1,0,4,1, , ,N,1,2,0,3,0,2,2,3,N,N,40 02:17.228,75 03:16.682,910, ,907, ,0, ,N, ,3, , , , , , , , , ,3,0,0,0,1,0,2,0,0,0,0,2,2,0,0,0,0,0,0,0,0,0,0,0,0,0,0,0,0,0,0,0,0,0,0,4,0,40.0381,-75.0546, ,Philadelphia
6788,95876,2017088844,6,67,67301,2017,8,1,1411,14,1,9,8,1,1, , ,N,1,2,0,3,0,1,2,2,N, ,40 01:34.835,75 05:50.923,9999, ,9999, ,0, , , ,3, , , , , , , , , ,2,1,0,0,0,0,0,0,0,0,0,0,1,1,0,0,0,0,0,0,0,0,0,0,0,0,0,0,0,0,0,0,0,0,0,8,0,40.0263,-75.0975, ,Philadelphia
6789,95888,2017115924,6,67,67301,2017,10,3,1535,15,1,1,0,4,1, , ,N,1,2,0,3,0,4,4,2,N, ,39 58:04.346,75 12:40.460,1610, ,9999, ,0, , , ,3, , , , , , , , , ,2,1,0,0,0,0,0,1,0,0,0,1,4,3,0,0,0,0,0,0,0,0,0,0,0,0,0,0,0,0,0,0,0,0,0,4,0,39.9679,-75.2112, ,Philadelphia
6790,95913,2018027383,6,67,67301,2017,12,6,408,4,3,1,0,4,1, , ,N,1,2,1,3,0,1,4,2,N,N,40 00:25.667,75 05:38.650,415, ,408, ,0, ,N, ,3, , , , , , , , , ,2,2,0,0,0,0,0,0,0,0,0,1,1,0,1,0,0,0,0,0,0,0,0,0,0,0,0,0,0,0,0,0,0,0,0,4,0,40.0071,-75.0941, ,Philadelphia
6791,95914,2018033304,6,67,67301,2017,3,4,808,8,1,1,0,1,1, , ,N,1,2,0,3,0,1,2,2,N,N,40 06:50.926,74 59:15.880,0, ,0, ,0, ,N, ,3, , , , , , , , , ,2,1,0,0,0,0,0,0,0,0,0,0,1,1,0,0,0,0,0,0,1,0,0,0,0,0,0,0,0,0,0,0,0,0,0,8,0,40.1141,-74.9877, ,Philadelphia
6792,95918,2017087794,6,67,67301,2017,8,6,1600,16,1,1,0,1,1, , ,N,0,0,0,3,0,0,2,2,N,N,40 00:00.995,75 11:41.608,1607, ,1607, ,0, , , ,0, , , , , , , , , ,2,1,0,0,0,0,1,0,0,0,0,0,0,0,0,0,0,0,0,0,1,0,0,0,0,0,0,0,0,0,0,0,0,0,0,0,0,40.0003,-75.1949, ,Philadelphia
6793,95921,2017106052,6,67,67301,2017,9,6,739,7,1,1,0,4,1, , ,N,1,3,0,3,0,2,4,2,N,N,40 01:25.078,75 07:18.912,808, ,758, ,0, , , ,3, , , , , , , , , ,2,1,0,0,0,0,0,1,0,0,0,0,2,2,0,0,0,0,0,0,1,0,0,2,0,0,0,0,0,0,0,0,0,0,0,8,0,40.0236,-75.1219, ,Philadelphia
6794,95937,2017097928,6,67,67301,2017,9,6,1530,15,1,1,0,1,1, , ,N,0,0,0,3,0,1,2,2,N,N,39 57:12.218,75 09:48.784,1640, ,1240, ,0, ,N, ,0, , , , , , , , , ,2,1,0,0,0,0,1,0,0,0,0,0,1,1,0,0,0,0,0,0,1,0,0,1,0,0,0,0,0,0,0,0,0,0,0,8,0,39.9534,-75.1635, ,Philadelphia
6795,95951,2017120596,6,67,67301,2017,10,1,1940,19,2,2,1,7,4, , ,N,1,2,1,3,0,0,1,1,N,N,40 00:44.691,75 05:15.453,1945, ,1940, ,0, , , ,3, , , , , , , , , ,1,0,0,0,0,0,1,0,0,0,0,0,0,0,0,0,0,0,0,0,0,0,0,1,0,0,0,0,0,0,0,0,0,0,0,0,0,40.0125,-75.0875, ,Philadelphia
6796,95963,2017135030,6,67,67301,2017,11,5,1855,18,3,1,0,1,6, , ,N,0,0,0,3,0,1,1,2,N, ,40 01:40.799,75 09:42.380,1930, ,1914, ,0, ,N, ,0, , , , , , , , , ,2,2,0,0,0,0,0,0,0,0,0,0,1,1,0,0,0,0,0,0,0,0,0,1,0,0,0,0,0,0,0,0,0,0,0,8,0,40.028,-75.1618, ,Philadelphia
6797,95967,2017067965,6,67,67301,2017,5,2,2150,21,3,1,0,4,1, , ,N,1,3,0,3,0,0,1,2,N,N,39 56:59.928,75 13:22.562,2215, ,2210, ,0, ,N, ,3, , , , , , , , , ,2,2,0,0,0,0,0,0,0,0,0,0,0,0,0,0,0,0,0,0,0,0,0,1,0,0,0,0,0,0,0,0,0,0,0,0,0,39.95,-75.2229, ,Philadelphia
6798,95982,2017086124,6,67,67301,2017,7,2,1210,12,1,1,0,5,6, , ,N,0,0,0,3,0,1,1,4,N, ,39 58:53.230,75 13:23.896,1215, ,1210, ,0, , , ,0, , , , , , , , , ,4,2,0,0,1,0,0,1,0,0,0,1,1,0,0,0,0,0,0,0,1,0,0,0,0,0,0,0,0,0,0,0,0,0,0,4,0,39.9814,-75.2233, ,Philadelphia
6799,95991,2017086059,6,67,67301,2017,7,7,1218,12,1,1,0,5,6, , ,N,0,0,0,3,0,0,2,3,N, ,40 00:47.400,75 04:13.686,1223, ,1222, ,0, , , ,0, , , , , , , , , ,3,1,0,1,0,0,1,0,0,0,0,0,0,0,0,0,0,0,0,0,0,0,0,0,0,0,0,0,0,0,0,0,0,0,0,0,1,40.0132,-75.0705, ,Philadelphia
6800,95992,2017086655,6,67,67301,2017,2,5,1400,14,1,4,4,7,4, , ,N,2,3,0,3,0,1,3,2,N, ,39 59:05.121,75 10:57.431,1420, ,1415,1,2,6, , ,3,Y, , , , , , , , ,2,1,0,0,0,0,1,0,0,0,0,0,1,1,2,0,0,1,0,0,0,0,0,0,0,0,0,0,0,0,0,0,0,0,0,8,0,39.9848,-75.1826, ,Philadelphia
6801,96000,2017091788,6,67,67301,2017,8,5,1836,18,1,1,0,4,1, , ,N,0,0,7,3,0,2,2,2,N,N,39 58:53.600,75 12:20.900,1848, ,1841, ,0, ,N, ,0, , , , , , , , , ,2,2,0,0,0,0,0,0,0,0,2,0,2,0,0,0,0,0,0,0,1,0,0,0,0,0,0,0,0,0,0,0,0,0,0,3,0,39.9816,-75.2058, ,Philadelphia
6802,96011,2017086109,6,67,67301,2017,7,2,25,0,3,1,0,1,2, , ,N,0,0,0,3,0,1,2,5,N,N,40 02:43.308,75 09:53.756,25, ,25, ,0, , , ,0, , , , , , , , , ,5,3,0,0,0,0,2,0,0,0,0,0,1,1,0,0,0,1,0,0,0,0,0,0,0,0,0,0,0,0,0,0,0,0,0,8,0,40.0454,-75.1649, ,Philadelphia
6803,96012,2017109944,6,67,67301,2017,10,1,1520,15,1,2,1,6,1, , ,N,0,0,0,3,0,0,4,2,N,N,40 02:11.629,75 11:25.005,1520, ,1520,3,2,5,N, ,0,Y, , , , , , , , ,2,1,0,0,0,0,1,0,0,0,0,0,0,0,0,0,0,0,0,0,0,1,0,0,0,0,0,0,0,0,0,0,0,0,0,0,0,40.0366,-75.1903, ,Philadelphia
6804,96016,2017076329,6,67,67301,2017,6,6,2040,20,4,1,0,4,1, , ,N,1,2,0,3,0,5,6,2,N,N,40 03:23.118,75 03:12.017,2042, ,2041,1,2,1,N, ,3,Y, , , , , , , , ,2,0,0,0,0,0,2,0,0,0,2,3,5,0,0,0,0,0,0,0,0,0,0,0,0,0,0,0,0,0,0,0,0,0,0,3,0,40.0564,-75.0533, ,Philadelphia
6805,101716,2018015790,6,67,67301,2017,11,2,845,8,2,7,0,8,1, , ,N,0,0,3,3,0,1,2,2,N, ,39 56:47.400,75 11:10.800,900, ,850, ,0, ,N, ,0, , , , , , , , , ,1,0,0,0,0,0,1,0,0,0,0,1,1,0,0,0,0,0,0,0,1,0,0,1,0,0,0,0,0,0,0,0,1,0,0,4,0,39.9465,-75.1863, ,Philadelphia
6806,101724,2017101894,6,67,67301,2017,9,4,1021,10,1,1,0,1,1, , ,N,1,2,0,3,0,0,2,2,N,N,40 00:20.131,75 06:11.812,1028, ,1022, ,0, ,N, ,3, , , , , , , , , ,2,0,0,0,0,1,1,0,0,0,0,0,0,0,0,0,0,0,0,0,1,0,0,0,0,0,0,0,0,0,0,0,0,0,0,0,1,40.0056,-75.1033, ,Philadelphia
6807,101745,2018029935,6,67,67301,2017,12,2,853,8,1,1,0,4,1, , ,N,3,0,0,3,0,2,2,2,N,N,40 02:28.273,75 05:17.573,853, ,853,1,2,7,N, ,0,N, , , , , , , , ,2,2,0,0,0,0,0,0,0,0,0,2,2,0,0,0,0,0,0,0,0,0,0,0,0,0,0,0,0,0,0,0,0,0,0,4,0,40.0412,-75.0882, ,Philadelphia
6808,101748,2017105978,6,67,67301,2017,9,3,1938,19,2,1,1,1,1, , ,N,0,0,0,3,0,0,4,2,N, ,39 54:31.561,75 13:23.115,1944, ,1944, ,0, , , ,0, , , , , , , , , ,2,2,0,0,0,0,0,0,0,0,0,0,0,0,0,0,0,0,0,0,1,0,0,0,0,0,0,0,0,0,0,0,0,0,0,0,0,39.9088,-75.2231, ,Philadelphia
6809,101750,2017116033,6,67,67301,2017,10,2,1402,14,1,2,1,5,1, , ,N,0,0,0,3,0,1,3,3,N,N,39 53:39.888,75 14:46.809,1438, ,1426, ,0, ,N, ,0, , , , , , , , , ,3,2,0,0,0,0,1,0,0,0,0,0,1,1,0,0,0,0,0,0,1,0,0,0,0,0,0,0,0,0,0,0,0,0,0,8,0,39.8944,-75.2463, ,Philadelphia
6810,101763,2017093534,6,67,67301,2017,8,2,1623,16,1,1,0,8,1, , ,N,1,2,0,3,0,1,2,2,N, ,39 58:08.327,75 13:01.203,1626, ,1624, ,0, , , ,3, , , , , , , , , ,1,0,0,0,0,0,1,0,0,0,0,0,1,1,0,0,0,0,0,0,0,0,0,1,0,0,0,0,0,0,0,0,1,0,0,8,0,39.969,-75.217, ,Philadelphia
6811,101783,2018015794,6,67,67301,2017,10,1,1644,16,1,1,0,4,1, , ,N,1,3,0,3,0,3,3,3,N,N,40 02:51.097,75 09:50.122,1657, ,1654, ,0, ,N, ,3, , , , , , , , , ,3,1,0,0,0,0,2,0,0,0,0,3,3,0,0,0,0,0,0,0,0,0,0,1,0,0,0,0,0,0,0,0,0,0,0,4,0,40.0475,-75.1639, ,Philadelphia
6812,101785,2017086108,6,67,67301,2017,7,6,855,8,1,1,0,4,1, , ,N,2,2,7,3,0,1,2,4,N,N,40 03:29.799,75 02:35.663,912, ,906,2,1,4,N, ,3,Y, , , , , , , , ,4,3,0,0,0,0,0,1,0,0,0,1,1,0,0,0,0,0,0,0,0,0,1,0,0,0,0,0,0,0,0,0,0,0,0,4,0,40.0583,-75.0432, ,Philadelphia
6813,101809,2017120569,6,67,67301,2017,10,6,844,8,1,1,0,4,1, , ,N,1,2,0,3,0,0,2,2,N, ,39 56:17.705,75 11:54.841,900, ,851, ,0, , , ,3, , , , , , , , , ,2,2,0,0,0,0,0,0,0,0,0,0,0,0,0,0,0,0,0,0,1,0,0,2,0,0,0,0,0,0,0,0,0,0,0,0,0,39.9383,-75.1986, ,Philadelphia
6814,101811,2017111993,6,67,67301,2017,10,6,1505,15,1,1,0,4,6, , ,N,0,0,0,3,0,0,1,2,N,N,39 59:05.600,75 09:28.300,1520, ,1510, ,0, ,N, ,0, , , , , , , , , ,2,0,0,0,0,0,2,0,0,0,0,0,0,0,0,0,0,0,0,0,0,0,0,0,0,0,0,0,0,0,0,0,0,0,0,0,0,39.9849,-75.1579, ,Philadelphia
6815,101816,2017096795,6,67,67301,2017,9,3,2013,20,3,1,0,5,1, , ,N,0,0,0,3,0,1,3,2,N,N,39 59:01.188,75 09:24.616,2017, ,2015, ,0, ,N, ,0, , , , , , , , , ,2,1,0,0,0,0,1,0,0,0,1,0,1,0,0,0,0,0,0,0,1,0,0,0,0,0,0,0,0,0,0,0,0,0,0,3,0,39.9837,-75.1568, ,Philadelphia
6816,101820,2017117369,6,67,67301,2017,10,1,2258,22,3,2,1,4,1, , ,N,0,0,0,3,0,6,6,2,N,N,39 59:45.298,75 04:58.214,2328, ,2328,1,1,1, , ,0,N, , , , , , , , ,2,2,0,0,0,0,0,0,0,0,3,3,6,0,0,0,0,0,0,0,0,0,0,0,0,0,0,0,0,0,0,0,0,0,0,3,0,39.9959,-75.0828, ,Philadelphia
6817,101827,2017093610,6,67,67301,2017,8,7,2200,22,3,1,0,4,1, , ,N,1,2,0,3,0,1,2,2,N,N,40 00:31.034,75 04:07.810,2210, ,2202,2,1,7,N, ,3,Y, , , , , , , , ,2,2,0,0,0,0,0,0,0,0,0,1,1,0,0,0,0,0,0,0,0,0,0,0,0,0,0,0,0,0,0,0,0,0,0,4,0,40.0086,-75.0688, ,Philadelphia
6818,101837,2017137516,6,67,67301,2017,12,2,927,9,1,1,0,8,1, , ,N,2,0,0,3,0,1,2,2,N,N,40 02:59.654,75 09:11.350,950, ,942, ,0, ,N, ,0, , , , , , , , , ,1,0,0,0,1,0,0,0,0,0,0,1,1,0,0,0,0,0,0,0,0,1,0,0,0,0,0,0,0,0,0,0,1,0,0,4,0,40.0499,-75.1532, ,Philadelphia
6819,101851,2017093584,6,67,67301,2017,8,1,1803,18,1,1,0,5,1, , ,N,0,0,0,3,0,2,3,2,N,N,39 56:03.313,75 09:01.997,1831, ,1828, ,0, ,N, ,0, , , , , , , , , ,2,1,0,0,1,0,0,0,0,0,0,2,2,0,0,0,0,0,0,0,1,0,1,0,0,0,0,0,0,0,0,0,0,0,0,4,0,39.9343,-75.1506, ,Philadelphia
6820,101855,2017116190,6,67,67301,2017,10,6,1356,13,1,1,0,1,1, , ,N,1,2,0,3,0,1,2,2,N,N,40 03:35.733,75 01:06.209,1402, ,1400, ,0, ,N, ,3, , , , , , , , , ,2,2,0,0,0,0,0,0,0,0,0,0,1,1,0,0,0,0,0,0,1,0,0,0,0,0,0,0,0,0,0,0,0,0,0,8,0,40.0599,-75.0184, ,Philadelphia
6821,101879,2017133994,6,67,67301,2017,11,2,2330,23,3,1,0,4,1, , ,N,2,2,2,3,0,0,2,2,N, ,39 58:29.022,75 11:53.809,2337, ,2337, ,0, ,N, ,3, , , , , , , , , ,2,2,0,0,0,0,0,0,0,0,0,0,0,0,0,0,0,0,0,0,0,0,0,1,0,0,0,0,0,0,0,0,0,0,0,0,0,39.9747,-75.1983, ,Philadelphia
6822,101901,2017106454,6,67,67301,2017,10,3,1552,15,1,1,0,1,1,1,4,Y,0,0,0,3,0,0,8,6,N,N,39 58:37.021,75 06:47.683,1608,45,1555,2,2,1, , ,0,N,N,N,N,N,N,N,Y,N,6,5,0,0,0,0,1,0,0,0,0,0,0,0,0,0,0,0,0,0,3,0,0,0,0,0,0,0,0,0,0,0,0,0,0,0,0,39.9769,-75.1133, ,Philadelphia
6823,99446,2017097497,6,67,67301,2017,9,4,1613,16,1,1,0,1,1, , ,N,0,0,0,3,0,1,2,2,N,N,39 58:54.293,75 06:06.738,1622, ,1618,2,2,2, , ,0,N, , , , , , , , ,2,2,0,0,0,0,0,0,0,0,0,0,1,1,0,0,0,0,0,1,0,0,0,0,0,0,0,0,0,0,0,0,0,0,0,8,0,39.9817,-75.1019, ,Philadelphia
6824,99457,2017109935,6,67,67301,2017,9,4,1656,16,1,1,0,8,1, , ,N,1,2,0,3,0,1,2,2,N,N,39 56:37.812,75 14:16.207,1754, ,1752, ,0, ,N, ,3, , , , , , , , , ,1,1,0,0,0,0,0,0,0,0,0,1,1,0,0,0,0,0,0,0,0,1,0,0,0,0,0,0,0,0,0,0,1,0,0,4,0,39.9438,-75.2379, ,Philadelphia
6825,99459,2017090522,6,67,67301,2017,8,5,649,6,1,1,0,1,1, , ,N,3,0,2,3,0,0,3,3,N,N,39 57:21.582,75 08:29.701,739, ,712,2,1,4, , ,0,N, , , , , , , , ,3,3,0,0,0,0,0,0,0,0,0,0,0,0,0,0,0,0,0,0,0,0,0,0,0,0,0,0,0,0,0,0,0,0,0,0,0,39.956,-75.1416, ,Philadelphia
6826,99484,2017093625,6,67,67301,2017,8,3,1745,17,1,1,0,4,1, , ,N,1,3,0,3,0,0,2,2,N,N,40 02:10.593,75 03:22.939,1830, ,1830, ,0, ,N, ,3, , , , , , , , , ,2,0,0,0,0,0,2,0,0,0,0,0,0,0,1,0,0,0,0,0,0,0,0,0,0,0,0,0,0,0,0,0,0,0,0,9,0,40.0363,-75.0564, ,Philadelphia
6827,99496,2017086307,6,67,67301,2017,7,1,1455,14,1,1,0,4,1, , ,N,2,3,0,3,0,0,4,2,N,N,39 58:32.481,75 11:30.773,1520, ,1500,1,2,1,N, ,3,N, , , , , , , , ,2,1,0,0,0,0,0,1,0,0,0,0,0,0,0,0,0,0,0,0,0,0,0,0,0,0,0,0,0,0,0,0,0,0,0,0,0,39.9755,-75.1918, ,Philadelphia
6828,99522,2017100607,6,67,67301,2017,9,5,1524,15,1,1,0,1,1, , ,N,0,0,0,3,0,1,3,3,N,N,39 57:36.390,75 10:47.100,1533, ,1524,1,1,4, , ,0,N, , , , , , , , ,3,1,0,0,1,0,1,0,0,0,0,0,1,1,1,0,0,0,0,0,0,0,0,1,0,0,0,0,0,0,0,0,0,0,0,8,0,39.9601,-75.1798, ,Philadelphia
6829,99544,2017114365,6,67,67301,2017,11,5,933,9,1,1,0,4,1, , ,N,0,0,0,3,0,1,2,2,N,N,39 58:43.827,75 09:32.718,933, ,933, ,0, ,N, ,0, , , , , , , , , ,1,1,0,0,0,0,0,0,1,0,1,0,1,0,0,0,0,0,0,0,0,0,0,0,0,0,0,0,0,0,0,0,0,0,0,3,0,39.9788,-75.1591, ,Philadelphia
6830,99553,2017106005,6,67,67301,2017,9,2,839,8,1,1,0,1,1, , ,N,1,2,0,3,0,0,6,4,N,N,39 55:24.605,75 09:46.385,900, ,855, ,0, ,N, ,3, , , , , , , , , ,4,0,0,0,0,0,2,1,0,0,0,0,0,0,0,0,0,0,0,0,1,0,0,5,0,0,0,0,0,0,0,0,0,0,0,0,0,39.9235,-75.1628, ,Philadelphia
6831,99556,2017102546,6,67,67301,2017,10,4,1907,19,3,1,0,4,1, , ,N,1,2,0,3,0,1,5,2,N,N,39 58:41.402,75 09:14.958,1919, ,1918, ,0, ,N, ,3, , , , , , , , , ,2,2,0,0,0,0,0,0,0,0,0,1,1,0,1,0,0,0,0,0,0,0,0,0,0,0,0,0,0,0,0,0,0,0,0,4,0,39.9782,-75.1541, ,Philadelphia
6832,99567,2017130727,6,67,67301,2017,11,1,2350,23,3,2,1,4,1, , ,N,1,3,0,3,0,2,4,2,N,N,39 59:11.940,75 08:47.191,2, ,2,2,2,3,N, ,3,Y, , , , , , , , ,2,2,0,0,0,0,0,0,0,0,0,2,2,0,0,0,0,0,0,0,1,0,0,2,0,0,0,0,0,0,0,0,0,0,0,4,0,39.9866,-75.1464, ,Philadelphia
6833,99573,2017135617,6,67,67301,2017,11,1,1757,17,3,1,0,1,1, , ,N,0,0,0,3,0,0,2,2,N,N,39 57:58.067,75 11:12.154,1806, ,1758,2,2,4, , ,0,N, , , , , , , , ,2,1,0,0,0,0,1,0,0,0,0,0,0,0,0,0,0,0,0,0,1,0,0,0,0,0,0,0,0,0,0,0,0,0,0,0,0,39.9661,-75.1867, ,Philadelphia
6834,99580,2017120552,6,67,67301,2017,10,1,9999,99,1,1,0,4,1, , ,N,1,3,0,3,0,1,2,3,N,N,40 02:13.106,75 02:11.246,9999, ,900,5,2,2,N, ,3,Y, , , , , , , , ,3,1,0,0,0,0,2,0,0,0,0,1,1,0,0,0,0,0,0,0,1,1,0,0,0,0,0,0,0,0,0,0,0,0,0,4,0,40.037,-75.0365, ,Philadelphia
6835,99588,2017096535,6,67,67301,2017,8,4,1557,15,1,1,0,4,1, , ,N,1,3,0,3,0,1,2,3,N,N,39 59:38.227,75 08:56.727,1609, ,1600, ,0, ,N, ,3, , , , , , , , , ,3,2,0,0,0,0,1,0,0,0,0,1,1,0,0,0,0,0,0,0,0,0,0,1,0,0,0,0,0,0,0,0,0,0,0,4,0,39.994,-75.1491, ,Philadelphia
6836,99604,2017135239,6,67,67301,2017,12,7,2255,22,3,1,0,1,1, , ,N,0,0,0,3,0,1,3,2,N,N,40 00:04.623,75 11:40.727,2255, ,2255, ,0, , , ,0, , , , , , , , , ,2,1,0,0,0,0,1,0,0,0,0,1,1,0,0,0,0,0,0,0,1,0,0,0,0,0,0,0,0,0,0,0,0,0,0,4,0,40.0013,-75.1946, ,Philadelphia
6837,99616,2018020765,6,67,67301,2017,11,6,1830,18,3,1,0,4,1, , ,N,0,0,7,3,0,1,2,2,N,N,40 01:29.533,75 10:00.189,1845, ,1837, ,0, ,N, ,0, , , , , , , , , ,2,1,0,1,0,0,0,0,0,0,0,1,1,0,0,0,0,0,0,0,1,0,0,0,0,0,0,0,0,0,0,0,0,0,0,4,1,40.0249,-75.1667, ,Philadelphia
6838,99620,2018004073,6,67,67301,2017,12,5,1131,11,1,1,0,1,1, , ,N,0,0,0,3,0,0,4,4,N,N,39 59:43.134,75 05:00.839,1145, ,1132,2,2,2, , ,0,N, , , , , , , , ,4,1,0,0,0,0,3,0,0,0,0,0,0,0,0,0,0,0,0,1,0,0,0,0,0,0,0,0,0,0,0,0,0,0,0,0,0,39.9953,-75.0836, ,Philadelphia