objectid_1,objectid,crn,district,county,municipality,crash_year,crash_month,day_of_week,time_of_day,hour_of_day,illumination,weather,road_condition,collision_type,relation_to_road,work_zone_type,work_zone_loc,work_zone_ind,intersect_type,tcd_type,location_type,urban_rural,fatal_count,injury_count,person_count,total_units,sch_bus_ind,sch_zone_ind,latitude,longitude,arrival_tm,cons_zone_spd_lim,dispatch_tm,est_hrs_closed,lane_closed,ln_close_dir,ntfy_hiwy_maint,spec_juris_cd,tcd_func_cd,tfc_detour_ind,workers_pres,wz_close_detour,wz_flagger,wz_law_offcr_ind,wz_ln_closure,wz_moving,wz_other,wz_shlder_mdn,vehicle_count,automobile_count,motorcycle_count,bus_count,small_truck_count,heavy_truck_count,suv_count,van_count,bicycle_count,maj_inj_count,mod_inj_count,min_inj_count,tot_inj_count,unk_inj_deg_count,unk_inj_per_count,driver_count_16yr,driver_count_17yr,driver_count_18yr,driver_count_19yr,driver_count_20yr,driver_count_50_64yr,driver_count_65_74yr,driver_count_75plus,unbelted_occ_count,unb_death_count,unb_maj_inj_count,belted_death_count,belted_maj_inj_count,mcycle_death_count,mcycle_maj_inj_count,bicycle_death_count,bicycle_maj_inj_count,ped_count,ped_death_count,ped_maj_inj_count,max_severity_level,comm_veh_count,dec_lat,dec_long,rdwy_surf_type_cd,county_name
6839,99635,2017116058,6,67,67301,2017,10,5,1130,11,1,1,0,5,1, , ,N,0,0,0,3,0,2,4,2,N,N,40 02:08.293,75 10:29.677,1137, ,1137,1,1,3,N, ,0,Y, , , , , , , , ,2,2,0,0,0,0,0,0,0,0,0,2,2,0,0,0,0,0,0,0,0,0,0,4,0,0,0,0,0,0,0,0,0,0,0,4,0,40.0356,-75.1749, ,Philadelphia
6840,99662,2017086225,6,67,67301,2017,7,2,1459,14,1,1,0,4,1, , ,N,1,2,0,3,0,1,4,2,N,N,40 01:59.865,75 02:15.694,1511, ,1501,2,1,3,N, ,3,N, , , , , , , , ,2,2,0,0,0,0,0,0,0,0,0,1,1,0,0,0,0,0,0,0,0,0,0,0,0,0,0,0,0,0,0,0,0,0,0,4,0,40.0332,-75.0378, ,Philadelphia
6841,92966,2017093640,6,67,67301,2017,8,1,100,1,3,1,0,5,6, , ,N,0,0,0,3,0,0,1,2,N, ,40 04:52.802,75 04:49.998,105, ,102, ,0, , , ,0, , , , , , , , , ,2,2,0,0,0,0,0,0,0,0,0,0,0,0,0,0,0,0,0,0,0,0,0,1,0,0,0,0,0,0,0,0,0,0,0,0,0,40.0813,-75.0806, ,Philadelphia
6842,92978,2017070428,6,67,67301,2017,6,7,1633,16,1,1,0,1,1, , ,N,0,0,0,3,0,1,2,2,N,N,40 01:06.656,75 03:27.360,1706, ,1701, ,0, ,N, ,0, , , , , , , , , ,2,1,1,0,0,0,0,0,0,0,0,1,1,0,0,0,0,0,0,0,0,0,0,1,0,0,0,0,0,0,0,0,0,0,0,4,0,40.0185,-75.0576, ,Philadelphia
6843,92985,2017083646,6,67,67301,2017,2,2,1842,18,3,1,0,1,1, , ,N,0,0,0,3,0,0,5,3,N,N,39 59:12.039,75 05:29.759,1853, ,1849, ,0, , , ,0, , , , , , , , , ,3,2,0,0,0,0,1,0,0,0,0,0,0,0,0,0,0,0,0,0,0,0,0,0,0,0,0,0,0,0,0,0,0,0,0,0,0,39.9867,-75.0916, ,Philadelphia
6844,92989,2017122925,6,67,67301,2017,11,6,2134,21,3,1,0,1,1, , ,N,0,0,0,3,0,0,3,3,N,N,39 56:55.983,75 11:07.724,2138, ,2136,2,1,3, , ,0,N, , , , , , , , ,3,2,0,0,0,0,1,0,0,0,0,0,0,0,0,0,0,0,0,0,0,0,0,0,0,0,0,0,0,0,0,0,0,0,0,0,0,39.9488,-75.1856, ,Philadelphia
6845,92994,2017106858,6,67,67301,2017,9,6,1459,14,1,1,0,0,1, , ,N,0,0,0,3,0,0,2,1,N,N,40 01:32.650,75 01:40.263,1535, ,1524, ,0, , , ,0, , , , , , , , , ,1,1,0,0,0,0,0,0,0,0,0,0,0,0,0,0,1,0,0,0,0,0,0,0,0,0,0,0,0,0,0,0,0,0,0,0,0,40.0257,-75.0279, ,Philadelphia
6846,92995,2017098004,6,67,67301,2017,9,4,2015,20,3,2,1,8,1, , ,N,1,2,0,3,0,1,2,2,N, ,39 57:14.229,75 09:34.159,2025, ,2021, ,0, , , ,3, , , , , , , , , ,1,1,0,0,0,0,0,0,0,0,0,1,1,0,0,0,0,0,0,0,0,0,0,1,0,0,0,0,0,0,0,0,1,0,0,4,0,39.9539,-75.1595, ,Philadelphia
6847,93024,2017055602,6,67,67301,2017,4,4,330,3,2,1,0,5,6, , ,N,0,0,0,3,0,0,1,3,N,N,39 54:56.944,75 09:35.078,445, ,9999,2,2,1,N, ,0,Y, , , , , , , , ,3,1,0,0,0,0,2,0,0,0,0,0,0,0,0,0,0,0,0,0,0,0,0,0,0,0,0,0,0,0,0,0,0,0,0,0,0,39.9158,-75.1597, ,Philadelphia
6848,93034,2017060485,6,67,67301,2017,5,3,800,8,1,1,0,4,1, , ,N,0,0,0,3,0,1,3,2,N,N,39 55:28.680,75 13:23.171,805, ,800, ,0, ,N, ,0, , , , , , , , , ,2,0,0,0,0,0,1,1,0,0,0,0,1,1,0,0,0,0,0,0,1,0,0,0,0,0,0,0,0,0,0,0,0,0,0,8,0,39.9246,-75.2231, ,Philadelphia
6849,93041,2017080981,6,67,67301,2017,7,7,614,6,5,1,0,7,2, , ,N,0,0,0,3,0,1,2,1,N,N,39 59:01.456,75 05:50.845,643, ,619, ,0, , , ,0, , , , , , , , , ,1,1,0,0,0,0,0,0,0,0,1,0,1,0,0,0,0,0,0,0,0,0,0,1,0,0,0,0,0,0,0,0,0,0,0,3,0,39.9837,-75.0975, ,Philadelphia
6850,93104,2017096418,6,67,67301,2017,8,6,1530,15,1,1,0,4,1, , ,N,0,0,7,3,0,0,2,2,N,N,39 59:30.369,75 08:17.294,1640, ,1640, ,0, ,N, ,0, , , , , , , , , ,2,1,0,0,1,0,0,0,0,0,0,0,0,0,0,0,0,0,0,0,0,0,0,1,0,0,0,0,0,0,0,0,0,0,0,0,0,39.9918,-75.1381, ,Philadelphia
6851,93118,2017054868,6,67,67301,2017,3,5,2320,23,3,1,0,1,1, , ,N,0,0,0,3,0,0,4,4,N,N,39 58:38.873,75 06:44.092,2340, ,2320,1,2,1, , ,0,N, , , , , , , , ,4,3,0,0,0,0,1,0,0,0,0,0,0,0,0,0,0,0,0,0,1,0,0,0,0,0,0,0,0,0,0,0,0,0,0,0,0,39.9775,-75.1122, ,Philadelphia
6852,93119,2017060606,6,67,67301,2017,5,4,1740,17,1,1,0,4,1, , ,N,0,0,0,3,0,3,4,2,N, ,39 58:39.100,75 12:23.900,1750, ,1741, ,0, , , ,0, , , , , , , , , ,2,1,0,0,0,0,0,1,0,0,3,0,3,0,0,0,0,0,0,0,1,0,0,0,0,0,0,0,0,0,0,0,0,0,0,3,0,39.9775,-75.2066, ,Philadelphia
6853,93123,2017060742,6,67,67301,2017,5,7,300,3,3,1,0,5,6, , ,N,0,0,0,3,0,1,1,2,N,N,40 03:34.102,75 01:31.987,330, ,312, ,0, ,N, ,0, , , , , , , , , ,2,1,0,0,0,0,1,0,0,0,0,1,1,0,0,0,0,0,0,0,0,0,0,0,0,0,0,0,0,0,0,0,0,0,0,4,0,40.0595,-75.0256, ,Philadelphia
6854,93132,2017070424,6,67,67301,2017,6,7,1720,17,1,1,0,7,4, , ,N,3,2,0,3,0,1,1,1,N,N,40 00:08.731,75 04:46.794,1730, ,1722,3,1,1,N, ,3,Y, , , , , , , , ,1,1,0,0,0,0,0,0,0,0,1,0,1,0,0,0,0,0,0,0,0,0,0,0,0,0,0,0,0,0,0,0,0,0,0,3,0,40.0024,-75.0797, ,Philadelphia
6855,93136,2017078814,6,67,67301,2017,7,2,2225,22,3,1,0,1,1, , ,N,2,2,0,3,0,2,2,2,N,N,40 06:28.498,75 01:35.131,2320, ,2314, ,0, ,N, ,3, , , , , , , , , ,2,2,0,0,0,0,0,0,0,0,0,2,2,0,0,0,0,0,0,0,1,0,1,0,0,0,0,0,0,0,0,0,0,0,0,4,0,40.1079,-75.0264, ,Philadelphia
6856,93150,2017091852,6,67,67301,2017,8,7,950,9,1,1,0,4,1, , ,N,1,2,0,3,0,1,3,2,N,N,39 56:38.115,75 09:06.879,1002, ,955, ,0, ,N, ,3, , , , , , , , , ,2,1,0,0,0,0,1,0,0,0,0,0,1,1,0,0,0,0,0,0,0,0,0,2,0,0,0,0,0,0,0,0,0,0,0,8,0,39.9439,-75.1519, ,Philadelphia
6857,93154,2017091866,6,67,67301,2017,7,6,1140,11,1,1,0,4,1, , ,N,1,2,0,3,0,2,2,2,N,N,40 02:12.235,75 03:52.193,1200, ,1158,1,2,4,N, ,3,Y, , , , , , , , ,2,2,0,0,0,0,0,0,0,0,0,2,2,0,0,0,0,0,0,0,0,1,0,0,0,0,0,0,0,0,0,0,0,0,0,4,0,40.0366,-75.0645, ,Philadelphia
6858,93185,2017076227,6,67,67301,2017,6,7,831,8,1,1,0,6,6, , ,N,0,0,0,3,0,0,1,3,N,N,39 58:20.024,75 14:40.168,846, ,844, ,0, ,N, ,0, , , , , , , , , ,3,2,0,0,0,0,0,0,0,0,0,0,0,0,0,0,0,0,0,0,0,0,0,0,0,0,0,0,0,0,0,0,0,0,0,0,0,39.9722,-75.2445, ,Philadelphia
6859,96022,2017080205,6,67,67301,2017,8,1,2110,21,3,1,0,4,1, , ,N,1,2,0,3,0,0,2,2,N,N,39 58:28.020,75 09:31.391,2120, ,2113,1,1,2,N, ,3,N, , , , , , , , ,2,2,0,0,0,0,0,0,0,0,0,0,0,0,0,0,0,0,0,0,1,0,0,0,0,0,0,0,0,0,0,0,0,0,0,0,0,39.9745,-75.1587, ,Philadelphia
6860,96031,2017087190,6,67,67301,2017,8,7,241,2,3,2,1,7,4, , ,N,0,0,0,3,0,0,1,1,N,N,39 57:35.943,75 10:46.677,251, ,251,1,2,3, , ,0,N, , , , , , , , ,1,1,0,0,0,0,0,0,0,0,0,0,0,0,0,0,0,0,0,0,0,0,0,0,0,0,0,0,0,0,0,0,0,0,0,0,0,39.96,-75.1796, ,Philadelphia
6861,96047,2017088934,6,67,67301,2017,8,6,1145,11,1,1,0,8,1, , ,N,1,3,0,3,0,1,2,2,N, ,39 59:02.363,75 07:41.566,1415, ,1415, ,0, , , ,3, , , , , , , , , ,1,1,0,0,0,0,0,0,0,0,0,0,1,1,0,0,0,0,0,0,0,0,0,1,0,0,0,0,0,0,0,0,1,0,0,8,0,39.984,-75.1282, ,Philadelphia
6862,96061,2017109795,6,67,67301,2017,9,2,1255,12,1,1,0,4,1, , ,N,1,2,0,3,0,1,3,2,N,N,40 03:55.083,75 05:25.277,1259, ,1258, ,0, ,N, ,3, , , , , , , , , ,2,1,0,0,0,0,1,0,0,0,0,0,1,1,0,0,0,0,0,0,0,1,0,2,0,0,0,0,0,0,0,0,0,0,0,8,0,40.0653,-75.0904, ,Philadelphia
6863,96063,2017074083,6,67,67301,2017,5,2,1550,15,1,1,0,4,1, , ,N,1,3,0,3,0,1,2,2,N,N,40 03:38.128,75 10:39.282,0, ,0, ,0, ,N, ,3, , , , , , , , , ,2,2,0,0,0,0,0,0,0,0,0,0,1,1,0,0,0,0,0,0,2,0,0,0,0,0,0,0,0,0,0,0,0,0,0,8,0,40.0606,-75.1776, ,Philadelphia
6864,96065,2017076306,6,67,67301,2017,6,7,1611,16,1,9,8,1,1, , ,N,2,0,0,3,0,1,2,2,N, ,39 54:53.958,75 09:24.140,1611, ,1639, ,0, , , ,0, , , , , , , , , ,2,2,0,0,0,0,0,0,0,0,0,1,1,0,0,0,0,0,0,0,1,1,0,0,0,0,0,0,0,0,0,0,0,0,0,4,0,39.9149,-75.1566, ,Philadelphia
6865,96069,2017078897,6,67,67301,2017,6,2,1800,18,1,9,0,4,1, , ,N,1,3,0,3,0,1,2,2,N,N,40 00:29.772,75 09:22.957,37, ,32, ,0, ,N, ,3, , , , , , , , , ,2,1,0,0,0,0,1,0,0,0,0,0,1,1,1,0,0,0,0,0,0,0,0,0,0,0,0,0,0,0,0,0,0,0,0,8,0,40.0083,-75.1564, ,Philadelphia
6866,96074,2017078760,6,67,67301,2017,6,5,2030,20,4,1,0,8,1, , ,N,1,2,0,3,0,1,2,2,N,N,39 59:10.834,75 10:48.850,2031, ,2031,1,1,6,N, ,3,N, , , , , , , , ,1,0,0,0,0,0,1,0,0,0,0,0,1,1,0,0,0,0,0,0,0,1,0,1,0,0,0,0,0,0,0,0,1,0,0,8,0,39.9864,-75.1803, ,Philadelphia
6867,96089,2017088832,6,67,67301,2017,8,6,1855,18,1,1,0,4,1, , ,N,0,0,7,3,0,1,2,2,N,N,40 01:55.308,75 03:47.844,1857, ,1857, ,0, ,N, ,0, , , , , , , , , ,2,1,0,0,0,0,1,0,0,0,0,1,1,0,0,0,0,0,0,0,0,0,0,0,0,0,0,0,0,0,0,0,0,0,0,4,0,40.032,-75.0633, ,Philadelphia
6868,96092,2017110661,6,67,67301,2017,10,6,611,6,2,1,0,1,1, , ,N,0,0,0,3,0,1,3,3,N,N,39 58:50.284,75 06:15.636,627, ,611,2,2,2, , ,0,N, , , , , , , , ,3,2,0,0,0,0,1,0,0,0,0,0,1,1,0,0,0,0,0,0,0,0,0,0,0,0,0,0,0,0,0,0,0,0,0,8,0,39.9806,-75.1043, ,Philadelphia
6869,96093,2017120575,6,67,67301,2017,10,3,800,8,3,1,0,5,1, , ,N,0,0,0,3,0,1,4,2,N,N,40 02:30.284,75 09:31.580,819, ,813, ,0, , , ,0, , , , , , , , , ,2,1,0,1,0,0,0,0,0,0,0,0,1,1,0,0,0,0,0,0,1,0,0,0,0,0,0,0,0,0,0,0,0,0,0,8,1,40.0417,-75.1588, ,Philadelphia
6870,96097,2017117247,6,67,67301,2017,10,4,620,6,1,1,0,8,1, , ,N,0,0,0,3,0,1,2,2,N,N,40 00:38.329,75 09:29.559,635, ,636, ,0, ,N, ,0, , , , , , , , , ,1,1,0,0,0,0,0,0,0,0,0,0,1,1,0,0,0,0,0,0,0,0,0,0,0,0,0,0,0,0,0,0,1,0,0,8,0,40.0106,-75.1582, ,Philadelphia
6871,96118,2017086829,6,67,67301,2017,5,5,815,8,1,1,0,1,1, , ,N,0,0,0,3,0,1,4,4,N,N,40 00:25.387,75 10:26.234,840, ,826, ,0, ,N, ,0, , , , , , , , , ,4,3,0,0,0,0,1,0,0,0,0,0,1,1,2,0,0,0,0,0,2,0,0,0,0,0,0,0,0,0,0,0,0,0,0,8,0,40.0071,-75.174, ,Philadelphia
6872,96129,2017073724,6,67,67301,2017,4,6,1345,13,1,1,0,1,1, , ,N,2,0,0,3,0,1,2,2,N,N,40 01:36.506,75 05:40.050,0, ,0, ,0, ,N, ,0, , , , , , , , , ,2,1,0,0,0,0,1,0,0,0,0,0,1,1,0,0,0,0,0,0,1,0,0,0,0,0,0,0,0,0,0,0,0,0,0,8,0,40.0268,-75.0945, ,Philadelphia
6873,96139,2017086750,6,67,67301,2017,4,5,1500,15,1,2,1,4,1, , ,N,1,0,0,3,0,2,4,3,N,N,40 04:03.043,75 01:49.083,1710, ,1705, ,0, ,N, ,0, , , , , , , , , ,3,2,0,0,0,0,0,1,0,0,0,2,2,0,0,0,0,0,0,0,0,0,0,2,0,0,0,0,0,0,0,0,0,0,0,4,0,40.0675,-75.0303, ,Philadelphia
6874,96162,2017058306,6,67,67301,2017,5,4,1454,14,1,1,0,1,1, , ,N,1,3,0,3,0,1,2,2,N,N,40 02:58.721,75 08:48.112,1735, ,1734, ,0, ,N, ,3, , , , , , , , , ,2,0,0,0,0,0,2,0,0,0,0,1,1,0,0,0,0,0,0,0,0,0,0,1,0,0,0,0,0,0,0,0,0,0,0,4,0,40.0495,-75.1465, ,Philadelphia
6875,96168,2017058364,6,67,67301,2017,5,3,48,0,2,1,0,7,4, , ,N,2,2,0,3,0,0,1,1,N,N,40 03:36.586,75 11:27.771,54, ,51, ,0, , , ,3, , , , , , , , , ,1,1,0,0,0,0,0,0,0,0,0,0,0,0,0,0,0,0,0,0,0,0,0,1,0,0,0,0,0,0,0,0,0,0,0,0,0,40.0602,-75.191, ,Philadelphia
6876,96191,2017086905,6,67,67301,2017,6,7,2233,22,3,1,0,8,6, , ,N,0,0,0,3,0,1,2,2,N,N,39 57:05.702,75 14:25.278,2255, ,2252, ,0, ,N, ,0, , , , , , , , , ,1,1,0,0,0,0,0,0,0,0,0,0,1,1,0,0,0,0,0,0,0,0,0,1,0,0,0,0,0,0,0,0,1,0,0,8,0,39.9516,-75.2404, ,Philadelphia
6877,101912,2017127407,6,67,67301,2017,11,6,1054,10,1,1,0,4,1, , ,N,3,3,3,3,0,2,2,2,N, ,39 59:40.100,75 11:30.800,1104, ,1056, ,0, , , ,3, , , , , , , , , ,2,1,0,0,0,0,1,0,0,0,0,2,2,0,0,0,0,0,0,0,0,0,0,0,0,0,0,0,0,0,0,0,0,0,0,4,0,39.9945,-75.1919, ,Philadelphia
6878,101925,2018005474,6,67,67301,2017,12,6,615,6,5,1,0,8,1, , ,N,0,0,0,3,0,1,2,2,N, ,39 57:43.530,75 09:37.850,618, ,616,1,1,3,N, ,0,Y, , , , , , , , ,1,1,0,0,0,0,0,0,0,0,0,0,1,1,0,0,0,0,0,0,0,1,0,0,0,0,0,0,0,0,0,0,1,0,0,8,0,39.9621,-75.1605, ,Philadelphia
6879,101929,2017106051,6,67,67301,2017,9,6,1045,10,1,1,0,1,1, , ,N,0,0,0,3,0,3,5,2,N,Y,40 00:26.471,75 07:43.733,1059, ,1052, ,0, ,N, ,0, , , , , , , , , ,2,2,0,0,0,0,0,0,0,0,0,3,3,0,0,0,0,0,0,0,0,1,0,0,0,0,0,0,0,0,0,0,0,0,0,4,0,40.0074,-75.1288, ,Philadelphia
6880,101936,2017119247,6,67,67301,2017,11,6,1854,18,3,1,0,8,1, , ,N,0,0,0,3,0,1,3,2,N,N,39 57:44.280,75 08:07.450,1900, ,1858,2,2,5, , ,0,Y, , , , , , , , ,1,1,0,0,0,0,0,0,0,1,0,0,1,0,0,0,0,0,0,0,0,0,1,0,0,0,0,0,0,0,0,0,1,0,1,2,0,39.9623,-75.1354, ,Philadelphia
6881,101957,2018028953,6,67,67301,2017,12,4,1652,16,4,1,0,7,4, , ,N,0,0,0,3,0,0,1,1,N,N,40 02:38.689,75 09:45.220,1657, ,1657, ,0, ,N, ,0, , , , , , , , , ,1,0,0,0,0,0,1,0,0,0,0,0,0,0,1,0,0,0,0,0,0,0,0,0,0,0,0,0,0,0,0,0,0,0,0,9,0,40.0441,-75.1626, ,Philadelphia
6882,101960,2017127989,6,67,67301,2017,11,7,411,4,3,1,0,5,6, , ,N,0,0,0,3,0,0,1,2,N,N,39 59:20.401,75 06:19.490,418, ,415, ,0, ,N, ,0, , , , , , , , , ,2,2,0,0,0,0,0,0,0,0,0,0,0,0,0,0,0,0,0,0,0,0,0,0,0,0,0,0,0,0,0,0,0,0,0,0,0,39.989,-75.1054, ,Philadelphia
6883,101964,2017133973,6,67,67301,2017,11,6,2307,23,3,1,0,1,1, , ,N,2,2,0,3,0,2,3,2,N, ,39 53:25.139,75 14:42.138,2320, ,2316, ,0, ,N, ,3, , , , , , , , , ,2,1,0,0,0,0,1,0,0,0,0,2,2,0,0,0,0,0,0,0,1,1,0,2,0,0,0,0,0,0,0,0,0,0,0,4,0,39.8903,-75.245, ,Philadelphia
6884,101985,2018027338,6,67,67301,2017,12,6,1035,10,1,1,0,4,1, , ,N,5,2,8,3,0,1,2,2,N,N,39 57:28.590,75 09:50.929,1050, ,1043,3,1,2,N, ,3,N, , , , , , , , ,2,1,0,0,0,0,1,0,0,0,0,1,1,0,0,0,0,0,0,0,0,1,0,0,0,0,0,0,0,0,0,0,0,0,0,4,0,39.9579,-75.1641, ,Philadelphia
6885,101987,2018001151,6,67,67301,2017,12,5,1849,18,3,1,0,1,1, , ,N,0,0,0,3,0,0,2,2,N,N,39 56:46.183,75 11:22.418,1905, ,1850, ,0, , , ,0, , , , , , , , , ,2,1,0,0,0,0,1,0,0,0,0,0,0,0,0,0,0,0,0,0,0,0,0,0,0,0,0,0,0,0,0,0,0,0,0,0,0,39.946,-75.1897, ,Philadelphia
6886,101989,2018028859,6,67,67301,2017,12,6,1500,15,1,4,3,6,1, , ,N,0,0,0,3,0,1,3,3,N, ,39 55:07.422,75 14:38.663,1505, ,1500, ,0, ,N, ,0, , , , , , , , , ,3,2,0,0,0,0,0,0,0,0,0,0,1,1,1,0,0,0,0,0,0,0,0,0,0,0,0,0,0,0,0,0,0,0,0,8,0,39.9187,-75.2441, ,Philadelphia
6887,101995,2017128113,6,67,67301,2017,11,1,1135,11,1,1,0,1,1, , ,N,0,0,0,3,0,0,5,2,N,N,39 54:27.244,75 11:37.051,1140, ,1136, ,0, ,N, ,0, , , , , , , , , ,2,1,0,0,0,0,1,0,0,0,0,0,0,0,4,0,0,1,0,0,0,0,0,1,0,0,0,0,0,0,0,0,0,0,0,9,0,39.9077,-75.1936, ,Philadelphia
6888,102033,2017128076,6,67,67301,2017,11,7,2007,20,3,1,0,5,6, , ,N,0,0,0,3,0,0,2,2,N,N,40 03:03.300,75 11:18.600,2035, ,2030, ,0, ,N, ,0, , , , , , , , , ,2,2,0,0,0,0,0,0,0,0,0,0,0,0,0,0,0,0,0,0,1,0,0,1,0,0,0,0,0,0,0,0,0,0,0,0,0,40.0509,-75.1885, ,Philadelphia
6889,102045,2018012145,6,67,67301,2017,8,1,301,3,3,1,0,7,2, , ,N,0,0,0,3,0,0,1,1,N,N,39 59:26.847,75 12:15.595,308, ,302,1,1,3,N, ,0,N, , , , , , , , ,1,1,0,0,0,0,0,0,0,0,0,0,0,0,0,0,0,0,0,0,0,0,0,0,0,0,0,0,0,0,0,0,0,0,0,0,0,39.9908,-75.2043, ,Philadelphia
6890,102047,2018027451,6,67,67301,2017,12,6,1717,17,3,1,0,4,1, , ,N,1,2,0,3,0,0,2,2,N,N,40 02:01.219,75 08:44.878,1741, ,1750, ,0, ,N, ,3, , , , , , , , , ,2,2,0,0,0,0,0,0,0,0,0,0,0,0,0,0,0,0,0,0,1,0,0,0,0,0,0,0,0,0,0,0,0,0,0,0,0,40.0337,-75.1458, ,Philadelphia
6891,102071,2018020706,6,67,67301,2017,10,6,501,5,3,1,0,5,6, , ,N,0,0,0,3,0,0,1,3,N,N,39 59:13.879,75 07:21.410,501, ,501,3,2,3,N, ,0,N, , , , , , , , ,3,2,0,0,0,0,0,1,0,0,0,0,0,0,0,0,0,0,0,0,0,0,0,0,0,0,0,0,0,0,0,0,0,0,0,0,0,39.9872,-75.1226, ,Philadelphia
6892,102075,2018029778,6,67,67301,2017,12,4,140,1,3,1,0,4,1, , ,N,2,3,0,3,0,2,4,4,N,N,39 55:37.912,75 13:45.822,141, ,141, ,0, ,N, ,3, , , , , , , , , ,4,2,0,0,0,0,1,1,0,0,0,2,2,0,1,0,1,0,0,0,0,0,0,0,0,0,0,0,0,0,0,0,0,0,0,4,0,39.9272,-75.2294, ,Philadelphia
6893,102080,2017088972,6,67,67301,2017,8,1,2100,21,2,1,0,1,1, , ,N,0,0,0,3,0,1,2,2,N,N,40 01:51.216,75 07:54.182,2110, ,2105, ,0, ,N, ,0, , , , , , , , , ,1,1,0,0,0,0,0,0,1,0,0,1,1,0,1,0,0,0,0,0,0,0,0,0,0,0,0,0,0,0,0,0,0,0,0,4,0,40.0309,-75.1317, ,Philadelphia
6894,102103,2017128055,6,67,67301,2017,11,3,1537,15,1,1,0,4,1, , ,N,2,2,0,3,0,1,2,2,N, ,39 54:33.655,75 10:23.826,1543, ,1541,1,1,1, , ,3,N, , , , , , , , ,2,1,0,0,0,0,1,0,0,0,0,1,1,0,0,0,1,0,0,0,0,0,0,0,0,0,0,0,0,0,0,0,0,0,0,4,0,39.9093,-75.173, ,Philadelphia
6895,99665,2017111568,6,67,67301,2017,10,2,1352,13,1,2,1,5,1, , ,N,0,0,0,3,0,1,3,2,N,N,39 59:32.497,75 14:01.419,1425, ,1357, ,0, ,N, ,0, , , , , , , , , ,2,2,0,0,0,0,0,0,0,0,0,1,1,0,0,0,0,0,0,0,1,0,0,0,0,0,0,0,0,0,0,0,0,0,0,4,0,39.9924,-75.2337, ,Philadelphia
6896,99673,2017097890,6,67,67301,2017,9,1,1225,12,1,1,0,4,1, , ,N,1,2,0,3,0,0,6,2,N,N,40 04:12.010,75 09:45.872,1235, ,1229, ,0, ,N, ,3, , , , , , , , , ,2,0,0,0,0,0,2,0,0,0,0,0,0,0,0,0,0,0,0,0,1,0,0,0,0,0,0,0,0,0,0,0,0,0,0,0,0,40.07,-75.1627, ,Philadelphia
6897,99683,2017128118,6,67,67301,2017,11,2,157,1,3,2,1,5,6, , ,N,0,0,0,3,0,0,1,4,N,N,39 59:20.295,75 15:00.573,205, ,200, ,0, ,N, ,0, , , , , , , , , ,4,1,0,0,0,0,3,0,0,0,0,0,0,0,0,0,0,0,0,0,0,0,0,0,0,0,0,0,0,0,0,0,0,0,0,0,0,39.989,-75.2502, ,Philadelphia
6898,99684,2017133996,6,67,67301,2017,11,2,1300,13,1,1,0,1,1, , ,N,0,0,0,3,0,1,4,2,N,N,39 56:16.900,75 10:04.000,1315, ,1329,9,1,4,N, ,0,N, , , , , , , , ,1,1,0,0,0,0,0,0,1,0,1,0,1,0,0,0,0,0,0,0,0,0,0,1,0,0,0,0,0,0,0,0,0,0,0,3,0,39.938,-75.1678, ,Philadelphia
6899,99689,2017127330,6,67,67301,2017,11,3,100,1,3,1,0,4,1, , ,N,1,2,0,3,0,0,2,2,N, ,39 58:02.768,75 10:46.516,104, ,101, ,0, ,N, ,3, , , , , , , , , ,2,2,0,0,0,0,0,0,0,0,0,0,0,0,0,0,0,0,0,0,0,0,0,0,0,0,0,0,0,0,0,0,0,0,0,0,0,39.9675,-75.1799, ,Philadelphia
6900,99692,2017125607,6,67,67301,2017,10,7,327,3,3,1,0,7,5, , ,N,0,0,0,3,0,0,1,1,N,N,39 59:11.460,75 12:28.551,341, ,329,2,1,4, , ,0,N, , , , , , , , ,1,1,0,0,0,0,0,0,0,0,0,0,0,0,0,0,0,0,0,0,0,0,0,0,0,0,0,0,0,0,0,0,0,0,0,0,0,39.9865,-75.2079, ,Philadelphia
6901,99721,2018029789,6,67,67301,2017,12,5,2320,23,3,1,0,5,1, , ,N,1,2,0,3,0,0,2,2,N,N,40 00:05.705,75 09:10.074,2335, ,2330, ,0, ,N, ,3, , , , , , , , , ,2,1,0,0,0,0,1,0,0,0,0,0,0,0,0,0,0,0,0,0,0,0,0,0,0,0,0,0,0,0,0,0,0,0,0,0,0,40.0016,-75.1528, ,Philadelphia
6902,99724,2018027406,6,67,67301,2017,12,6,1535,15,1,1,0,4,1, , ,N,1,3,0,3,0,1,2,2,N,N,40 03:50.306,75 03:34.568,1550, ,1542, ,0, ,N, ,3, , , , , , , , , ,2,2,0,0,0,0,0,0,0,0,0,1,1,0,1,0,0,0,0,0,0,0,1,0,0,0,0,0,0,0,0,0,0,0,0,4,0,40.064,-75.0596, ,Philadelphia
6903,99733,2017101815,6,67,67301,2017,9,1,9999,99,1,1,0,4,1, , ,N,2,3,0,3,0,1,2,2,N, ,40 00:01.033,75 13:41.983,1230, ,1208, ,0, , , ,3, , , , , , , , , ,1,1,0,0,0,0,0,0,1,0,0,1,1,0,0,0,0,0,0,0,1,0,0,1,0,0,0,0,0,0,0,0,0,0,0,4,0,40.0003,-75.2284, ,Philadelphia