objectid_1,objectid,crn,district,county,municipality,crash_year,crash_month,day_of_week,time_of_day,hour_of_day,illumination,weather,road_condition,collision_type,relation_to_road,work_zone_type,work_zone_loc,work_zone_ind,intersect_type,tcd_type,location_type,urban_rural,fatal_count,injury_count,person_count,total_units,sch_bus_ind,sch_zone_ind,latitude,longitude,arrival_tm,cons_zone_spd_lim,dispatch_tm,est_hrs_closed,lane_closed,ln_close_dir,ntfy_hiwy_maint,spec_juris_cd,tcd_func_cd,tfc_detour_ind,workers_pres,wz_close_detour,wz_flagger,wz_law_offcr_ind,wz_ln_closure,wz_moving,wz_other,wz_shlder_mdn,vehicle_count,automobile_count,motorcycle_count,bus_count,small_truck_count,heavy_truck_count,suv_count,van_count,bicycle_count,maj_inj_count,mod_inj_count,min_inj_count,tot_inj_count,unk_inj_deg_count,unk_inj_per_count,driver_count_16yr,driver_count_17yr,driver_count_18yr,driver_count_19yr,driver_count_20yr,driver_count_50_64yr,driver_count_65_74yr,driver_count_75plus,unbelted_occ_count,unb_death_count,unb_maj_inj_count,belted_death_count,belted_maj_inj_count,mcycle_death_count,mcycle_maj_inj_count,bicycle_death_count,bicycle_maj_inj_count,ped_count,ped_death_count,ped_maj_inj_count,max_severity_level,comm_veh_count,dec_lat,dec_long,rdwy_surf_type_cd,county_name
7099,102495,2017127432,6,67,67301,2017,11,7,10,0,3,1,0,5,1, , ,N,1,2,0,3,0,1,3,2,N,N,40 03:00.093,75 05:47.151,45, ,30, ,0, ,N, ,3, , , , , , , , , ,2,1,1,0,0,0,0,0,0,0,0,0,1,1,0,0,0,0,0,0,0,0,0,0,0,0,0,0,0,0,0,0,0,0,0,8,0,40.05,-75.0964, ,Philadelphia
7100,102507,2018027532,6,67,67301,2017,12,6,1430,14,1,4,1,1,1, , ,N,1,2,0,3,0,1,2,2,N, ,39 56:28.692,75 12:33.670,1820, ,1819, ,0, ,N, ,3, , , , , , , , , ,2,2,0,0,0,0,0,0,0,0,0,0,1,1,0,0,0,0,0,0,1,0,0,1,0,0,0,0,0,0,0,0,0,0,0,8,0,39.9412,-75.2094, ,Philadelphia
7101,102517,2017105981,6,67,67301,2017,9,4,1134,11,1,1,0,4,1, , ,N,1,2,0,3,0,3,5,3,N, ,40 02:40.890,75 03:16.537,1140, ,1135,1,1,4, , ,3,N, , , , , , , , ,3,2,0,0,0,0,1,0,0,0,0,3,3,0,0,0,0,0,0,0,0,0,0,0,0,0,0,0,0,0,0,0,0,0,0,4,0,40.0446,-75.0547, ,Philadelphia
7102,102520,2017128057,6,67,67301,2017,11,2,1800,18,2,1,0,3,1, , ,N,0,0,0,3,0,1,1,2,N,N,39 57:12.851,75 09:23.555,1810, ,1804, ,0, ,N, ,0, , , , , , , , , ,2,0,0,0,0,1,1,0,0,0,1,0,1,0,0,0,0,0,0,0,0,0,0,1,0,0,0,0,0,0,0,0,0,0,0,3,1,39.9536,-75.1565, ,Philadelphia
7103,102522,2017138472,6,67,67301,2017,12,7,925,9,1,4,1,1,1, , ,N,0,0,0,3,0,0,3,2,N,N,39 57:33.895,75 10:26.927,925, ,925,1,2,4, , ,0,N, , , , , , , , ,2,0,0,0,0,0,1,1,0,0,0,0,0,0,0,0,0,0,0,0,2,0,0,0,0,0,0,0,0,0,0,0,0,0,0,0,0,39.9594,-75.1741, ,Philadelphia
7104,102525,2017120589,6,67,67301,2017,10,2,1710,17,1,1,0,8,1, , ,N,0,0,1,3,0,1,2,2,N,N,40 01:49.313,75 08:46.425,1721, ,1718,1,1,4,N, ,0,Y, , , , , , , , ,1,1,0,0,0,0,0,0,0,0,0,1,1,0,0,0,0,0,0,0,0,0,0,0,0,0,0,0,0,0,0,0,1,0,0,4,0,40.0304,-75.1462, ,Philadelphia
7105,102531,2017127453,6,67,67301,2017,11,5,844,8,1,1,0,1,1, , ,N,6,4,2,3,0,3,3,2,N,N,40 00:34.498,75 11:14.125,1850, ,844, ,0, ,N, ,3, , , , , , , , , ,2,1,0,0,0,0,1,0,0,0,0,3,3,0,0,0,0,0,0,0,0,0,0,0,0,0,0,0,0,0,0,0,0,0,0,4,0,40.0096,-75.1873, ,Philadelphia
7106,102559,2018027492,6,67,67301,2017,12,5,2100,21,3,1,0,6,6, , ,N,0,0,0,3,0,0,3,3,N,N,40 03:32.000,75 09:31.400,2152, ,2150, ,0, ,N, ,0, , , , , , , , , ,3,2,0,0,0,0,1,0,0,0,0,0,0,0,0,0,0,0,0,0,0,0,0,0,0,0,0,0,0,0,0,0,0,0,0,0,0,40.0589,-75.1587, ,Philadelphia
7107,102574,2017127327,6,67,67301,2017,11,5,250,2,3,2,1,4,1, , ,N,1,2,0,3,0,10,14,5,N,N,40 01:17.591,75 03:16.669,255, ,251,3,2,1,N, ,3,Y, , , , , , , , ,5,0,0,0,1,0,2,2,0,0,0,10,10,0,0,0,0,0,0,0,0,0,0,0,0,0,0,0,0,0,0,0,0,0,0,4,0,40.0216,-75.0546, ,Philadelphia
7108,102586,2017135034,6,67,67301,2017,11,4,1820,18,3,1,0,5,6, , ,N,0,0,0,3,0,1,1,2,N,N,40 07:05.700,75 01:21.200,1830, ,1825, ,0, ,N, ,0, , , , , , , , , ,2,2,0,0,0,0,0,0,0,0,0,1,1,0,0,0,0,0,0,0,0,0,0,1,0,0,0,0,0,0,0,0,0,0,0,4,0,40.1183,-75.0226, ,Philadelphia
7109,102589,2017128754,6,67,67301,2017,12,4,1935,19,3,1,0,4,1, , ,N,1,2,0,3,0,1,3,2,N,N,39 58:40.705,75 09:09.321,1945, ,1939,2,1,4,N, ,3,Y, , , , , , , , ,2,2,0,0,0,0,0,0,0,0,0,0,1,1,0,0,0,0,0,0,0,0,0,0,0,0,0,0,0,0,0,0,0,0,0,8,0,39.978,-75.1526, ,Philadelphia
7110,102599,2018020710,6,67,67301,2017,10,1,9999,99,3,1,0,7,4, , ,N,0,0,0,3,0,4,5,2,N,N,40 00:01.400,75 08:39.200,2349, ,2348,1,2,6,N, ,0,Y, , , , , , , , ,2,1,0,0,0,0,0,1,0,0,3,1,4,0,0,0,0,0,0,0,0,0,0,0,0,0,0,0,0,0,0,0,0,0,0,3,0,40.0004,-75.1442, ,Philadelphia
7111,100141,2018029821,6,67,67301,2017,12,6,730,7,1,1,0,5,6, , ,N,0,0,0,3,0,1,4,2,N,Y,40 03:37.295,75 09:52.783,9999, ,0, ,0, ,N, ,0, , , , , , , , , ,2,1,0,0,0,0,1,0,0,0,0,1,1,0,0,0,0,0,0,0,0,0,0,0,0,0,0,0,0,0,0,0,0,0,0,4,0,40.0604,-75.1647, ,Philadelphia
7112,100143,2017101846,6,67,67301,2017,9,4,805,8,1,1,0,4,1, , ,N,0,0,7,3,0,0,2,2,N, ,40 01:39.597,75 11:02.502,842, ,842, ,0, , , ,0, , , , , , , , , ,2,2,0,0,0,0,0,0,0,0,0,0,0,0,0,0,0,0,0,0,1,0,0,0,0,0,0,0,0,0,0,0,0,0,0,0,0,40.0277,-75.184, ,Philadelphia
7113,100168,2017088835,6,67,67301,2017,8,5,1413,14,1,1,0,8,1, , ,N,1,3,0,3,0,1,2,2,N, ,40 00:35.884,75 05:29.612,1418, ,1416, ,0, , , ,3, , , , , , , , , ,1,0,0,0,0,0,0,1,0,0,1,0,1,0,0,0,0,0,0,0,1,0,0,0,0,0,0,0,0,0,0,0,1,0,0,3,0,40.01,-75.0916, ,Philadelphia
7114,100170,2017090509,6,67,67301,2017,8,6,1717,17,1,1,0,1,1, , ,N,0,0,0,3,0,1,11,3,N,N,40 00:38.028,75 03:46.385,1722, ,1722, ,0, , , ,0, , , , , , , , , ,3,2,0,0,0,0,1,0,0,0,0,0,1,1,0,0,0,0,1,0,0,0,0,0,0,0,0,0,0,0,0,0,0,0,0,8,0,40.0106,-75.0629, ,Philadelphia
7115,100172,2017116194,6,67,67301,2017,10,4,2112,21,3,1,0,5,1, , ,N,0,0,0,3,0,4,6,5,N,N,40 00:38.589,75 11:03.669,2230, ,2221,2,2,2,N, ,0,Y, , , , , , , , ,5,5,0,0,0,0,0,0,0,0,1,3,4,0,1,0,0,0,0,0,1,0,0,0,0,0,0,0,0,0,0,0,0,0,0,3,0,40.0106,-75.1845, ,Philadelphia
7116,100189,2017115990,6,67,67301,2017,9,2,1657,16,1,1,0,4,1, , ,N,1,2,0,3,0,2,5,3,N,N,40 01:49.610,75 10:35.990,1820, ,1800,2,1,7,N, ,3,N, , , , , , , , ,3,0,0,1,1,0,1,0,0,0,0,2,2,0,0,0,0,0,0,0,0,0,0,2,0,0,0,0,0,0,0,0,0,0,0,4,1,40.0304,-75.1767, ,Philadelphia
7117,100197,2017127451,6,67,67301,2017,11,1,500,5,1,9,0,7,4, , ,N,0,0,0,3,0,0,1,1,N,N,40 01:11.911,75 09:38.482,521, ,501, ,0, ,N, ,0, , , , , , , , , ,1,1,0,0,0,0,0,0,0,0,0,0,0,0,0,0,0,0,0,0,0,0,0,1,0,0,0,0,0,0,0,0,0,0,0,0,0,40.02,-75.1607, ,Philadelphia
7118,100201,2017127463,6,67,67301,2017,11,2,9999,99,3,1,0,4,1, , ,N,1,2,0,3,0,1,2,2,N,N,40 02:15.145,75 08:16.576,200, ,9999, ,0, , , ,3, , , , , , , , , ,1,0,0,0,0,0,0,0,1,0,1,0,1,0,0,0,0,0,0,0,0,0,0,0,0,0,0,0,0,0,0,0,0,0,0,3,0,40.0376,-75.138, ,Philadelphia
7119,100210,2017127522,6,67,67301,2017,11,4,1710,17,4,1,0,4,1, , ,N,2,0,0,3,0,1,3,3,N,N,40 01:15.326,75 08:54.927,1800, ,1750, ,0, ,N, ,0, , , , , , , , , ,3,0,0,1,1,0,1,0,0,0,0,0,1,1,0,0,0,0,0,0,1,0,0,1,0,0,0,0,0,0,0,0,0,0,0,8,1,40.0208,-75.1486, ,Philadelphia
7120,100212,2017130708,6,67,67301,2017,11,6,1821,18,3,1,0,1,1, , ,N,2,0,0,3,0,1,2,2,N,N,39 54:53.642,75 09:24.146,1843, ,1821, ,0, ,N, ,0, , , , , , , , , ,2,1,0,0,0,0,0,1,0,0,0,0,1,1,1,0,0,0,0,0,0,0,0,1,0,0,0,0,0,0,0,0,0,0,0,8,0,39.9149,-75.1566, ,Philadelphia
7121,100220,2017134848,6,67,67301,2017,12,4,1544,15,1,1,0,1,1, , ,N,0,0,0,3,0,0,6,2,N,N,39 53:56.366,75 10:08.028,1550, ,1548,1,2,2,N, ,0,Y, , , , , , , , ,2,0,0,0,0,0,1,1,0,0,0,0,0,0,0,0,0,1,0,0,1,0,0,0,0,0,0,0,0,0,0,0,0,0,0,0,0,39.899,-75.1689, ,Philadelphia
7122,100230,2017106061,6,67,67301,2017,9,6,951,9,1,1,0,7,5, , ,N,3,0,0,3,0,0,1,1,N,N,40 00:34.520,75 09:59.677,1002, ,955,2,2,6,N, ,0,Y, , , , , , , , ,1,0,0,0,1,0,0,0,0,0,0,0,0,0,0,0,0,0,0,0,0,0,0,0,0,0,0,0,0,0,0,0,0,0,0,0,0,40.0096,-75.1666, ,Philadelphia
7123,100237,2017135041,6,67,67301,2017,11,7,246,2,3,1,0,4,1, , ,N,1,3,0,3,0,2,4,2,N,N,40 02:37.140,75 09:13.982,1000, ,1000, ,0, ,N, ,3, , , , , , , , , ,2,1,0,0,0,0,1,0,0,0,2,0,2,0,0,0,0,0,0,0,0,1,0,2,0,0,0,0,0,0,0,0,0,0,0,3,0,40.0437,-75.1539, ,Philadelphia
7124,100240,2017134801,6,67,67301,2017,12,4,1814,18,3,1,0,1,1, , ,N,0,0,0,3,0,0,3,2,N,N,40 02:19.766,75 00:30.418,1831, ,1815, ,0, ,N, ,0, , , , , , , , , ,2,0,0,0,1,0,0,1,0,0,0,0,0,0,0,0,0,0,0,0,0,0,0,0,0,0,0,0,0,0,0,0,0,0,0,0,0,40.0388,-75.0084, ,Philadelphia
7125,100242,2017122801,6,67,67301,2017,11,4,1520,15,1,1,0,4,1, , ,N,1,2,0,3,0,1,4,2,N,N,40 03:40.627,75 03:06.810,1528, ,1521, ,0, ,N, ,3, , , , , , , , , ,2,1,0,0,0,0,1,0,0,0,0,1,1,0,0,0,0,0,0,0,0,1,0,0,0,0,0,0,0,0,0,0,0,0,0,4,0,40.0613,-75.0518, ,Philadelphia
7126,100243,2017132189,6,67,67301,2017,12,6,1832,18,3,1,0,1,1, , ,N,0,0,0,3,0,0,3,2,N,N,39 56:03.158,75 12:00.013,1854, ,1836, ,0, , , ,0, , , , , , , , , ,2,1,0,0,0,0,1,0,0,0,0,0,0,0,0,0,0,0,0,0,0,0,0,0,0,0,0,0,0,0,0,0,0,0,0,0,0,39.9341,-75.2, ,Philadelphia
7127,100248,2018020699,6,67,67301,2017,10,1,1603,16,1,2,1,5,6, , ,N,0,0,0,3,0,0,1,2,N,N,39 56:42.107,75 10:12.591,1610, ,1603,2,2,2,N, ,0,N, , , , , , , , ,2,1,0,0,0,0,1,0,0,0,0,0,0,0,0,0,0,0,0,0,0,0,0,0,0,0,0,0,0,0,0,0,0,0,0,0,0,39.945,-75.1702, ,Philadelphia
7128,100250,2018029945,6,67,67301,2017,12,5,820,8,1,1,0,1,1, , ,N,1,2,0,3,0,1,2,2,Y,N,39 57:48.562,75 10:09.743,9999, ,9999, ,0, ,N, ,3, , , , , , , , , ,2,1,0,1,0,0,0,0,0,0,0,1,1,0,1,0,0,0,0,0,0,0,0,0,0,0,0,0,0,0,0,0,0,0,0,4,1,39.9634,-75.1694, ,Philadelphia
7129,93958,2017086346,6,67,67301,2017,7,2,1140,11,1,1,0,4,1, , ,N,1,0,0,3,0,0,2,2,N,N,39 58:28.949,75 07:38.988,1147, ,1146, ,0, ,N, ,0, , , , , , , , , ,2,1,0,0,0,0,1,0,0,0,0,0,0,0,0,0,0,0,0,0,0,0,0,0,0,0,0,0,0,0,0,0,0,0,0,0,0,39.9747,-75.1275, ,Philadelphia
7130,93961,2017086094,6,67,67301,2017,7,2,1301,13,1,1,0,1,1, , ,N,1,2,0,3,0,1,3,3,N, ,40 02:21.314,75 11:30.256,1310, ,1306,1,1,3, , ,3,N, , , , , , , , ,3,1,0,0,0,0,2,0,0,0,0,1,1,0,0,0,0,0,0,0,1,0,0,0,0,0,0,0,0,0,0,0,0,0,0,4,0,40.0393,-75.1917, ,Philadelphia
7131,93965,2017091648,6,67,67301,2017,9,4,1429,14,1,2,1,6,1, , ,N,0,0,0,3,0,0,2,2,N,N,40 01:18.226,75 11:59.326,1457, ,1438, ,0, ,N, ,0, , , , , , , , , ,2,1,0,0,0,0,1,0,0,0,0,0,0,0,0,0,0,0,0,0,0,0,0,0,0,0,0,0,0,0,0,0,0,0,0,0,0,40.0217,-75.1998, ,Philadelphia
7132,93976,2017088903,6,67,67301,2017,8,2,1319,13,1,2,1,4,1, , ,N,5,2,2,3,0,1,2,2,N,N,39 54:38.919,75 11:09.779,1323, ,1319,1,1,2,N, ,3,N, , , , , , , , ,2,1,0,0,0,0,0,1,0,0,0,1,1,0,0,0,0,0,0,0,1,0,0,0,0,0,0,0,0,0,0,0,0,0,0,4,0,39.9108,-75.186, ,Philadelphia
7133,93997,2017078796,6,67,67301,2017,7,5,1450,14,1,2,1,4,1, , ,N,1,3,0,3,0,1,2,2,N,N,40 04:07.805,75 10:40.836,1620, ,1606, ,0, ,N, ,3, , , , , , , , , ,2,2,0,0,0,0,0,0,0,0,0,0,1,1,0,0,0,0,0,0,1,1,0,0,0,0,0,0,0,0,0,0,0,0,0,8,0,40.0688,-75.178, ,Philadelphia
7134,94006,2017116134,6,67,67301,2017,10,3,1715,17,1,1,0,4,1, , ,N,0,0,0,3,0,0,3,3,N,N,40 00:30.191,75 10:47.250,1742, ,1735, ,0, , , ,0, , , , , , , , , ,3,3,0,0,0,0,0,0,0,0,0,0,0,0,0,0,0,0,0,0,0,0,1,0,0,0,0,0,0,0,0,0,0,0,0,0,0,40.0084,-75.1798, ,Philadelphia
7135,94015,2017091178,6,67,67301,2017,8,1,2301,23,3,1,0,5,6, , ,N,0,0,0,3,0,0,1,3,N,N,39 58:28.745,75 12:18.054,2319, ,2315, ,0, ,N, ,0, , , , , , , , , ,3,2,0,0,0,0,1,0,0,0,0,0,0,0,0,0,0,0,0,0,0,1,0,0,0,0,0,0,0,0,0,0,0,0,0,0,0,39.9747,-75.205, ,Philadelphia
7136,94020,2017105879,6,67,67301,2017,9,3,1655,16,1,2,1,4,1, , ,N,1,2,0,3,0,2,2,2,N, ,40 02:29.839,75 03:51.611,1712, ,1711,3,2,1, , ,3,Y, , , , , , , , ,2,2,0,0,0,0,0,0,0,0,0,0,2,2,0,0,0,0,0,1,0,0,0,0,0,0,0,0,0,0,0,0,0,0,0,8,0,40.0416,-75.0643, ,Philadelphia
7137,94026,2017109836,6,67,67301,2017,10,1,1100,11,1,1,0,4,1, , ,N,1,2,0,3,0,1,2,2,N, ,40 03:06.267,75 09:10.785,1121, ,1119,1,1,6, , ,3,Y, , , , , , , , ,2,2,0,0,0,0,0,0,0,0,0,1,1,0,0,0,0,0,0,0,0,1,0,0,0,0,0,0,0,0,0,0,0,0,0,4,0,40.0517,-75.153, ,Philadelphia
7138,94046,2017088859,6,67,67301,2017,7,2,2012,20,4,1,0,5,6, , ,N,0,0,0,3,0,0,1,2,N,N,39 57:38.583,75 14:35.886,2018, ,2014, ,0, ,N, ,0, , , , , , , , , ,2,2,0,0,0,0,0,0,0,0,0,0,0,0,0,0,0,0,0,0,0,0,0,0,0,0,0,0,0,0,0,0,0,0,0,0,0,39.9607,-75.2433, ,Philadelphia
7139,94047,2017093580,6,67,67301,2017,8,1,1629,16,1,1,0,1,1, , ,N,0,0,0,3,0,5,7,2,N,N,39 55:05.261,75 11:28.834,1646, ,1639, ,0, ,N, ,0, , , , , , , , , ,2,0,0,0,1,0,0,1,0,5,0,0,5,0,0,0,0,0,0,0,0,1,0,1,0,0,0,0,0,0,0,0,0,0,0,2,0,39.9181,-75.1913, ,Philadelphia
7140,94051,2017093501,6,67,67301,2017,7,2,2208,22,3,2,1,4,1, , ,N,1,2,0,3,0,2,4,3,N,N,39 53:22.950,75 14:01.043,2210, ,2210, ,0, , , ,3, , , , , , , , , ,3,2,0,0,0,0,1,0,0,1,0,1,2,0,0,0,0,0,0,0,0,0,0,0,0,0,0,0,0,0,0,0,0,0,0,2,0,39.8922,-75.2354, ,Philadelphia
7141,94057,2017097842,6,67,67301,2017,9,3,820,8,3,1,1,8,1, , ,N,2,0,0,3,0,1,3,2,N,N,39 55:24.538,75 13:46.477,827, ,825, ,0, ,N, ,0, , , , , , , , , ,1,0,0,0,0,0,1,0,0,0,1,0,1,0,0,0,0,0,0,0,0,0,0,0,0,0,0,0,0,0,0,0,1,0,0,3,0,39.9235,-75.2296, ,Philadelphia
7142,94058,2017107983,6,46,46102,2017,8,6,1350,13,1,1,0,1,1, , ,N,2,2,0,3,0,2,4,3,N,N,40 04:37.010,75 09:48.284,1603, ,1543, ,0, ,N, ,3, , , , , , , , , ,3,1,0,0,1,0,1,0,0,0,0,2,2,0,0,0,0,0,0,0,1,0,0,0,0,0,0,0,0,0,0,0,0,0,0,4,0,40.0769,-75.1634, ,Montgomery
7143,94062,2017096429,6,67,67301,2017,7,7,230,2,3,2,1,5,1, , ,N,0,0,0,3,0,1,2,2,N,N,40 04:41.889,74 57:53.650,242, ,235,9,1,4,N, ,0,N, , , , , , , , ,2,1,0,0,0,1,0,0,0,0,0,1,1,0,0,0,0,0,0,0,0,0,0,0,0,0,0,0,0,0,0,0,0,0,0,4,1,40.0783,-74.9649, ,Philadelphia
7144,94066,2017120318,6,67,67301,2017,11,6,1815,18,3,1,0,1,1, , ,N,0,0,0,3,0,2,5,3,N,N,39 53:25.603,75 14:20.847,1815, ,1815,1,1,1, , ,0,N, , , , , , , , ,3,2,0,0,0,0,1,0,0,0,0,0,2,2,0,0,0,0,0,0,0,0,0,0,0,0,0,0,0,0,0,0,0,0,0,8,0,39.8904,-75.2391, ,Philadelphia
7145,94076,2017093591,6,67,67301,2017,8,1,1840,18,1,1,0,4,1, , ,N,1,3,0,3,0,1,2,2,N, ,39 54:59.751,75 13:52.108,1846, ,1846, ,0, , , ,3, , , , , , , , , ,1,0,0,0,0,0,1,0,1,0,0,1,1,0,0,0,0,0,0,0,0,0,0,0,0,0,0,0,0,0,0,0,0,0,0,4,0,39.9166,-75.2311, ,Philadelphia
7146,94084,2017052413,6,67,67301,2017,5,5,1510,15,1,1,0,4,1, , ,N,1,2,0,3,0,1,2,2,N,N,40 06:40.143,75 01:27.353,1519, ,1512, ,0, , , ,3, , , , , , , , , ,2,2,0,0,0,0,0,0,0,0,0,1,1,0,1,0,0,0,0,0,0,0,0,0,0,0,0,0,0,0,0,0,0,0,0,4,0,40.1112,-75.0243, ,Philadelphia
7147,96780,2017110663,6,67,67301,2017,10,6,1939,19,2,1,0,1,1, , ,N,0,0,0,3,0,1,5,2,N,N,40 00:14.225,75 04:37.279,1950, ,1941,1,2,2, , ,0,N, , , , , , , , ,2,0,0,0,0,0,2,0,0,0,1,0,1,0,0,0,0,0,0,0,0,0,0,0,0,0,0,0,0,0,0,0,0,0,0,3,0,40.004,-75.077, ,Philadelphia
7148,96794,2017078881,6,67,67301,2017,7,6,1825,18,1,1,0,5,6, , ,N,0,0,0,3,0,0,1,2,N,N,40 05:16.174,75 01:49.583,1835, ,1830, ,0, ,N, ,0, , , , , , , , , ,2,1,0,0,0,0,0,1,0,0,0,0,0,0,0,0,0,0,0,0,0,0,0,1,0,0,0,0,0,0,0,0,0,0,0,0,0,40.0878,-75.0304, ,Philadelphia
7149,96822,2017105970,6,67,67301,2017,9,3,2220,22,3,1,0,4,1, , ,N,2,3,0,3,0,1,2,2,N,N,40 01:17.341,75 10:36.659,2220, ,2220, ,0, ,N, ,3, , , , , , , , , ,2,0,0,0,0,0,2,0,0,0,0,1,1,0,0,0,0,0,0,0,1,0,0,0,0,0,0,0,0,0,0,0,0,0,0,4,0,40.0215,-75.1768, ,Philadelphia
7150,96826,2017109979,6,67,67301,2017,9,7,710,7,1,1,0,4,1, , ,N,1,3,0,3,0,2,3,2,N,N,39 59:10.654,75 10:07.654,718, ,718, ,0, ,N, ,3, , , , , , , , , ,2,2,0,0,0,0,0,0,0,0,0,2,2,0,0,0,0,0,0,0,1,0,0,0,0,0,0,0,0,0,0,0,0,0,0,4,0,39.9863,-75.1688, ,Philadelphia
7151,96836,2017076278,6,67,67301,2017,6,5,9999,99,1,1,0,4,1, , ,N,1,2,0,3,0,1,2,2,N,N,39 58:37.995,75 13:36.385,1848, ,1430, ,0, ,N, ,3, , , , , , , , , ,2,1,0,0,0,0,1,0,0,0,0,1,1,0,0,0,0,0,0,0,0,0,0,0,0,0,0,0,0,0,0,0,0,0,0,4,0,39.9772,-75.2268, ,Philadelphia
7152,96841,2017084696,6,67,67301,2017,8,2,1813,18,1,2,1,4,1, , ,N,0,0,0,3,0,1,2,2,N,N,39 56:31.929,75 08:34.715,1828, ,1813, ,0, , , ,0, , , , , , , , , ,2,1,0,0,1,0,0,0,0,0,1,0,1,0,1,0,0,0,0,0,0,0,0,0,0,0,0,0,0,0,0,0,0,0,0,3,0,39.9422,-75.143, ,Philadelphia
7153,96875,2017096234,6,67,67301,2017,7,1,1044,10,1,1,0,1,1, , ,N,0,0,0,3,0,1,3,3,N,N,39 56:08.842,75 11:58.824,1058, ,1046,1,1,4, , ,0,N, , , , , , , , ,3,1,0,0,0,0,2,0,0,0,0,0,1,1,0,0,0,0,0,0,1,0,0,0,0,0,0,0,0,0,0,0,0,0,0,8,0,39.9358,-75.1997, ,Philadelphia
7154,96876,2017091728,6,67,67301,2017,8,6,2315,23,3,2,1,4,1, , ,N,2,3,0,3,0,1,2,2,N,N,40 04:00.077,75 08:42.974,1700, ,1700, ,0, ,N, ,3, , , , , , , , , ,2,1,1,0,0,0,0,0,0,0,1,0,1,0,0,0,0,0,0,1,0,0,0,1,0,0,0,0,0,0,0,0,0,0,0,3,0,40.0667,-75.1453, ,Philadelphia
7155,96877,2017088906,6,67,67301,2017,8,5,1030,10,1,1,0,4,1, , ,N,1,3,0,3,0,0,2,2,N,N,39 58:36.908,75 07:28.311,1045, ,1037, ,0, ,N, ,3, , , , , , , , , ,2,1,0,0,0,0,1,0,0,0,0,0,0,0,0,0,0,0,0,0,0,0,0,0,0,0,0,0,0,0,0,0,0,0,0,0,0,39.9769,-75.1245, ,Philadelphia
7156,96884,2017120687,6,67,67301,2017,10,6,1948,19,3,1,0,4,1, , ,N,1,3,1,3,0,0,2,4,N,N,39 58:02.240,75 08:12.065,2010, ,2000, ,0, ,N, ,3, , , , , , , , , ,4,3,0,0,0,0,1,0,0,0,0,0,0,0,0,0,0,0,0,0,0,0,0,0,0,0,0,0,0,0,0,0,0,0,0,0,0,39.9673,-75.1367, ,Philadelphia
7157,96898,2017086730,6,67,67301,2017,3,3,835,8,1,2,1,5,1, , ,N,0,0,0,3,0,0,3,3,N,N,39 54:33.235,75 11:35.740,845, ,840,2,1,2,N, ,0,N, , , , , , , , ,3,2,0,0,0,0,1,0,0,0,0,0,0,0,0,0,0,0,0,0,0,0,0,0,0,0,0,0,0,0,0,0,0,0,0,0,0,39.9093,-75.1932, ,Philadelphia
7158,96915,2017088836,6,67,67301,2017,8,4,1235,12,1,1,0,4,1, , ,N,1,2,0,3,0,1,3,2,N,N,39 55:19.923,75 13:49.185,1243, ,1239, ,0, ,N, ,3, , , , , , , , , ,2,2,0,0,0,0,0,0,0,0,0,1,1,0,0,0,0,0,0,0,0,0,0,0,0,0,0,0,0,0,0,0,0,0,0,4,0,39.9222,-75.2303, ,Philadelphia
7159,96920,2017105858,6,67,67301,2017,9,3,1050,10,1,1,0,8,1, , ,N,2,3,0,3,0,1,2,2,N,N,39 58:47.833,75 13:09.503,9999, ,9999, ,0, ,N, ,3, , , , , , , , , ,1,0,0,0,1,0,0,0,0,0,0,1,1,0,0,0,0,0,0,0,1,0,0,0,0,0,0,0,0,0,0,0,1,0,0,4,0,39.9799,-75.2193, ,Philadelphia
7160,96928,2017060603,6,67,67301,2017,5,3,2147,21,3,1,0,4,1, , ,N,1,2,0,3,0,2,3,2,N, ,39 57:54.625,75 12:09.489,2152, ,2149, ,0, , , ,3, , , , , , , , , ,2,1,0,0,0,0,1,0,0,0,0,2,2,0,1,0,0,1,0,0,0,0,0,0,0,0,0,0,0,0,0,0,0,0,0,4,0,39.9652,-75.2026, ,Philadelphia
7161,96944,2017086821,6,67,67301,2017,4,3,2100,21,3,2,1,4,1, , ,N,1,2,0,3,0,0,2,2,N,N,39 57:03.488,75 09:07.197,9999, ,2116, ,0, ,N, ,3, , , , , , , , , ,2,1,0,0,0,0,1,0,0,0,0,0,0,0,0,0,0,0,0,0,1,0,0,2,0,0,0,0,0,0,0,0,0,0,0,0,0,39.9509,-75.152, ,Philadelphia
7162,96962,2017116178,6,67,67301,2017,10,5,1801,18,1,1,0,1,1, , ,N,0,0,0,3,0,1,2,2,N, ,39 55:48.547,75 14:36.063,1801, ,1801,1,1,4, , ,0,Y, , , , , , , , ,2,0,0,0,0,0,2,0,0,0,0,1,1,0,1,0,0,0,0,0,0,0,0,0,0,0,0,0,0,0,0,0,0,0,0,4,0,39.9301,-75.2433, ,Philadelphia