objectid_1,objectid,crn,district,county,municipality,crash_year,crash_month,day_of_week,time_of_day,hour_of_day,illumination,weather,road_condition,collision_type,relation_to_road,work_zone_type,work_zone_loc,work_zone_ind,intersect_type,tcd_type,location_type,urban_rural,fatal_count,injury_count,person_count,total_units,sch_bus_ind,sch_zone_ind,latitude,longitude,arrival_tm,cons_zone_spd_lim,dispatch_tm,est_hrs_closed,lane_closed,ln_close_dir,ntfy_hiwy_maint,spec_juris_cd,tcd_func_cd,tfc_detour_ind,workers_pres,wz_close_detour,wz_flagger,wz_law_offcr_ind,wz_ln_closure,wz_moving,wz_other,wz_shlder_mdn,vehicle_count,automobile_count,motorcycle_count,bus_count,small_truck_count,heavy_truck_count,suv_count,van_count,bicycle_count,maj_inj_count,mod_inj_count,min_inj_count,tot_inj_count,unk_inj_deg_count,unk_inj_per_count,driver_count_16yr,driver_count_17yr,driver_count_18yr,driver_count_19yr,driver_count_20yr,driver_count_50_64yr,driver_count_65_74yr,driver_count_75plus,unbelted_occ_count,unb_death_count,unb_maj_inj_count,belted_death_count,belted_maj_inj_count,mcycle_death_count,mcycle_maj_inj_count,bicycle_death_count,bicycle_maj_inj_count,ped_count,ped_death_count,ped_maj_inj_count,max_severity_level,comm_veh_count,dec_lat,dec_long,rdwy_surf_type_cd,county_name
7228,97061,2017088939,6,67,67301,2017,8,7,917,9,1,1,0,4,1, , ,N,2,3,0,3,0,0,2,2,N,N,40 03:47.329,75 14:53.807,920, ,917, ,0, ,N, ,3, , , , , , , , , ,2,2,0,0,0,0,0,0,0,0,0,0,0,0,0,0,0,0,0,0,0,0,0,0,0,0,0,0,0,0,0,0,0,0,0,0,0,40.0631,-75.2483, ,Philadelphia
7229,97064,2017120643,6,67,67301,2017,10,5,1840,18,3,1,0,4,1, , ,N,1,3,0,3,0,1,2,2,N,N,40 02:16.162,75 03:26.661,1840, ,1840,9,2,7,N, ,3,Y, , , , , , , , ,2,1,0,0,0,0,1,0,0,0,0,0,1,1,0,0,0,0,0,0,1,0,0,0,0,0,0,0,0,0,0,0,0,0,0,8,0,40.0378,-75.0574, ,Philadelphia
7230,97066,2017105953,6,67,67301,2017,9,6,945,9,1,1,0,8,1, , ,N,1,2,0,3,0,1,2,2,N,N,39 56:59.317,75 09:19.765,955, ,952, ,0, ,N, ,3, , , , , , , , , ,1,1,0,0,0,0,0,0,0,0,0,1,1,0,0,0,0,0,0,0,0,0,0,0,0,0,0,0,0,0,0,0,1,0,0,4,0,39.9498,-75.1554, ,Philadelphia
7231,97069,2017109973,6,67,67301,2017,10,1,1410,14,1,1,0,5,1, , ,N,0,0,0,3,0,1,2,2,N, ,39 55:55.074,75 13:46.186,1425, ,1419, ,0, , , ,0, , , , , , , , , ,1,1,0,0,0,0,0,0,1,0,0,1,1,0,0,0,0,0,0,0,0,0,0,1,0,0,0,0,0,0,0,0,0,0,0,4,0,39.932,-75.2295, ,Philadelphia
7232,97078,2017068591,6,67,67301,2017,7,1,1335,13,1,1,0,1,1, , ,N,0,0,3,3,0,1,3,2,N,N,39 54:20.100,75 07:53.900,1336, ,1335,2,2,3,N, ,0,Y, , , , , , , , ,2,2,0,0,0,0,0,0,0,0,1,0,1,0,0,0,0,0,0,0,0,1,0,0,0,0,0,0,0,0,0,0,0,0,0,3,0,39.9056,-75.1316, ,Philadelphia
7233,97097,2017060674,6,67,67301,2017,5,7,120,1,3,1,0,5,6, , ,N,0,0,0,3,0,3,3,4,N, ,40 03:25.937,75 09:40.980,130, ,126,1,1,1, , ,0,N, , , , , , , , ,4,2,0,0,0,0,1,1,0,0,1,2,3,0,0,0,0,0,0,0,0,0,0,0,0,0,0,0,0,0,0,0,0,0,0,3,0,40.0572,-75.1614, ,Philadelphia
7234,97099,2017067890,6,67,67301,2017,6,3,1800,18,4,1,0,4,1, , ,N,1,3,0,3,0,1,2,2,N,N,40 02:11.598,75 03:30.830,9999, ,9999, ,0, ,N, ,3, , , , , , , , , ,2,1,0,0,0,0,0,1,0,0,0,0,1,1,0,0,0,1,0,0,0,0,0,2,0,0,0,0,0,0,0,0,0,0,0,8,0,40.0366,-75.0586, ,Philadelphia
7235,97105,2017076669,6,67,67301,2017,7,3,1256,12,1,1,0,5,1, , ,N,0,0,2,3,0,1,3,2,N,N,39 57:18.500,75 08:53.600,1256, ,1256, ,0, ,N, ,0, , , , , , , , , ,2,0,0,0,0,1,1,0,0,0,0,0,1,1,0,0,0,0,0,0,0,0,1,0,0,0,0,0,0,0,0,0,0,0,0,8,1,39.9551,-75.1482, ,Philadelphia
7236,97128,2017088808,6,67,67301,2017,8,6,543,5,5,1,0,4,1, , ,N,1,3,0,3,0,1,2,2,N, ,39 55:36.256,75 09:32.144,550, ,547,1,2,2, , ,3,Y, , , , , , , , ,2,1,0,0,0,0,1,0,0,0,0,1,1,0,0,0,0,0,0,0,1,0,0,0,0,0,0,0,0,0,0,0,0,0,0,4,0,39.9267,-75.1589, ,Philadelphia
7237,102760,2018027553,6,67,67301,2017,12,3,710,7,1,1,0,4,1, , ,N,0,3,6,3,0,1,2,2,N,N,40 00:56.106,75 10:37.333,745, ,733, ,0, ,N, ,3, , , , , , , , , ,2,0,0,0,1,1,0,0,0,0,0,1,1,0,0,0,0,0,0,0,0,0,0,0,0,0,0,0,0,0,0,0,0,0,0,4,1,40.0156,-75.177, ,Philadelphia
7238,102763,2018033660,6,67,67301,2017,6,6,1917,19,1,1,0,1,1, , ,N,1,2,0,3,0,2,3,2,N,N,40 01:01.180,75 11:17.957,0, ,0, ,0, ,N, ,3, , , , , , , , , ,2,0,0,0,0,0,2,0,0,0,2,0,2,0,0,0,0,0,0,0,0,0,0,0,0,0,0,0,0,0,0,0,0,0,0,3,0,40.017,-75.1883, ,Philadelphia
7239,102790,2017128061,6,67,67301,2017,11,2,1540,15,1,1,0,1,1, , ,N,4,0,0,3,0,1,2,2,N,N,39 57:47.100,75 10:44.400,1602, ,1550, ,0, , , ,0, , , , , , , , , ,2,1,0,0,0,0,1,0,0,0,0,0,1,1,0,0,0,0,0,0,1,0,0,0,0,0,0,0,0,0,0,0,0,0,0,8,0,39.963,-75.1788, ,Philadelphia
7240,102814,2018020708,6,67,67301,2017,10,1,1535,15,1,2,1,4,1, , ,N,0,0,7,3,0,1,3,5,N,N,40 03:49.620,75 11:37.540,1600, ,1553, ,0, ,N, ,0, , , , , , , , , ,5,1,0,0,1,0,3,0,0,0,0,1,1,0,1,0,0,0,0,0,2,0,0,0,0,0,0,0,0,0,0,0,0,0,0,4,0,40.0638,-75.1938, ,Philadelphia
7241,102816,2018005413,6,67,67301,2017,11,2,539,5,3,5,1,8,1, , ,N,2,2,0,3,1,0,2,2,N,N,39 54:50.300,75 13:17.800,550, ,539, ,0, ,N,0,3, , , , , , , , , ,1,1,0,0,0,0,0,0,0,0,0,0,0,0,0,0,0,0,0,0,0,0,0,0,0,0,0,0,0,0,0,0,1,1,0,1,0,39.9141,-75.2214,2,Philadelphia
7242,102819,2017109897,6,67,67301,2017,10,2,415,4,3,1,0,8,1, , ,N,0,0,0,3,1,0,2,2,N,N,40 04:43.258,75 05:01.295,424, ,419,9,2,5,N,0,0,Y, , , , , , , , ,1,1,0,0,0,0,0,0,0,0,0,0,0,0,0,0,0,0,0,0,0,0,0,0,0,0,0,0,0,0,0,0,1,1,0,1,0,40.0787,-75.0837,2,Philadelphia
7243,102820,2017117370,6,67,67301,2017,10,2,108,1,3,2,1,7,4, , ,N,0,0,0,3,0,0,1,1,N,N,39 58:57.315,75 12:27.903,119, ,109, ,0, , , ,0, , , , , , , , , ,1,1,0,0,0,0,0,0,0,0,0,0,0,0,0,0,0,0,0,0,0,0,0,0,0,0,0,0,0,0,0,0,0,0,0,0,0,39.9819,-75.2073, ,Philadelphia
7244,102822,2017116095,6,67,67301,2017,10,4,750,7,1,1,0,8,1, , ,N,1,2,0,3,0,1,2,2,N, ,39 56:55.827,75 12:53.958,830, ,821, ,0, , , ,3, , , , , , , , , ,1,0,0,0,0,0,1,0,1,0,1,0,1,0,1,0,0,0,0,0,0,0,0,0,0,0,0,0,0,0,0,0,0,0,0,3,0,39.9488,-75.215, ,Philadelphia
7245,102823,2017093601,6,67,67301,2017,8,6,1950,19,4,1,0,8,1, , ,N,0,0,0,3,0,1,2,2,N, ,40 00:31.461,75 05:05.904,2004, ,1957, ,0, , , ,0, , , , , , , , , ,1,1,0,0,0,0,0,0,0,0,0,0,1,1,0,0,0,0,0,0,0,0,0,0,0,0,0,0,0,0,0,0,1,0,0,8,0,40.0087,-75.085, ,Philadelphia
7246,102827,2017133989,6,67,67301,2017,11,2,900,9,8,9,8,8,1, , ,N,1,2,0,3,0,1,2,2,N,N,39 57:22.704,75 09:46.009,1430, ,1430, ,0, ,N, ,3, , , , , , , , , ,1,1,0,0,0,0,0,0,0,0,1,0,1,0,0,0,0,0,0,0,0,0,0,0,0,0,0,0,0,0,0,0,1,0,0,3,0,39.9562,-75.1627, ,Philadelphia
7247,102838,2017120631,6,67,67301,2017,10,4,1609,16,1,1,0,5,1, , ,N,1,2,2,3,0,1,3,2,N, ,39 55:18.106,75 11:24.076,1645, ,1643, ,0, , , ,3, , , , , , , , , ,2,0,0,1,1,0,0,0,0,0,0,0,1,1,0,0,0,0,0,0,0,0,0,0,0,0,0,0,0,0,0,0,0,0,0,8,2,39.9217,-75.19, ,Philadelphia
7248,102869,2017130672,6,67,67301,2017,11,5,1900,19,3,1,0,4,1, , ,N,1,2,0,3,0,1,3,2,N,N,40 03:28.946,75 03:09.904,2335, ,2329, ,0, ,N, ,3, , , , , , , , , ,2,1,0,0,0,0,1,0,0,0,0,1,1,0,0,0,0,0,0,0,0,0,0,0,0,0,0,0,0,0,0,0,0,0,0,4,0,40.058,-75.0527, ,Philadelphia
7249,102888,2017128920,6,67,67301,2017,8,5,2233,22,3,1,0,5,1, , ,N,0,0,0,3,0,0,2,2,N,N,39 57:28.549,75 09:44.252,2249, ,2233,1,2,4, , ,0,N, , , , , , , , ,2,2,0,0,0,0,0,0,0,0,0,0,0,0,0,0,0,0,0,0,1,0,0,0,0,0,0,0,0,0,0,0,0,0,0,0,0,39.9579,-75.1623, ,Philadelphia
7250,102897,2018027459,6,67,67301,2017,12,3,1700,17,3,9,0,6,1, , ,N,0,0,0,3,0,1,2,2,N, ,39 59:09.500,75 12:54.500,1645, ,9999, ,0, ,N, ,0, , , , , , , , , ,2,0,0,0,0,0,1,1,0,0,0,1,1,0,1,0,0,0,0,0,0,0,0,0,0,0,0,0,0,0,0,0,0,0,0,4,0,39.986,-75.2151, ,Philadelphia
7251,102916,2017135007,6,67,67301,2017,11,4,1720,17,3,1,0,4,1, , ,N,0,0,7,3,0,0,2,2,N,N,40 04:39.700,75 01:26.700,1727, ,1724, ,0, ,N, ,0, , , , , , , , , ,2,2,0,0,0,0,0,0,0,0,0,0,0,0,0,0,0,0,0,0,0,0,0,0,0,0,0,0,0,0,0,0,0,0,0,0,0,40.0777,-75.0241, ,Philadelphia
7252,102933,2018029761,6,67,67301,2017,12,7,1203,12,1,4,3,7,4, , ,N,2,3,0,3,0,0,1,1,N,N,40 03:50.299,75 14:57.052,1210, ,1205, ,0, ,N, ,3, , , , , , , , , ,1,1,0,0,0,0,0,0,0,0,0,0,0,0,0,0,0,0,0,0,0,0,0,0,0,0,0,0,0,0,0,0,0,0,0,0,0,40.064,-75.2492, ,Philadelphia
7253,102947,2017086238,6,67,67301,2017,7,1,2325,23,3,1,0,7,4, , ,N,0,0,0,3,0,3,3,1,N,N,39 56:25.114,75 11:15.606,2340, ,2337, ,0, ,N, ,0, , , , , , , , , ,1,1,0,0,0,0,0,0,0,0,0,0,3,3,0,0,0,0,0,0,0,0,0,0,0,0,0,0,0,0,0,0,0,0,0,8,0,39.9403,-75.1877, ,Philadelphia
7254,102953,2017116151,6,67,67301,2017,10,6,2220,22,3,1,1,5,6, , ,N,0,0,0,3,0,0,1,4,N,N,39 56:12.220,75 10:02.629,2241, ,2240, ,0, ,N, ,0, , , , , , , , , ,4,3,0,0,1,0,0,0,0,0,0,0,0,0,1,0,0,0,0,0,0,1,0,0,0,0,0,0,0,0,0,0,0,0,0,9,0,39.9367,-75.1674, ,Philadelphia
7255,100422,2018005478,6,67,67301,2017,12,1,820,8,1,8,4,4,1, , ,N,1,2,0,3,0,2,4,2,N, ,40 02:12.235,75 03:52.193,825, ,822,2,2,2,N, ,3,Y, , , , , , , , ,2,0,0,0,0,0,2,0,0,0,0,1,2,1,0,0,0,0,0,0,0,1,0,0,0,0,0,0,0,0,0,0,0,0,0,4,0,40.0366,-75.0645, ,Philadelphia
7256,100425,2017116104,6,67,67301,2017,10,1,152,1,3,1,0,4,1, , ,N,1,2,2,3,0,1,3,2,N, ,39 58:28.698,75 11:56.790,155, ,152, ,0, , , ,3, , , , , , , , , ,2,0,0,0,0,0,1,1,0,0,0,1,1,0,0,0,0,0,0,0,0,0,0,2,0,0,0,0,0,0,0,0,0,0,0,4,0,39.9746,-75.1991, ,Philadelphia
7257,100458,2018027215,6,67,67301,2017,12,1,245,2,3,1,0,4,6, , ,N,0,0,0,3,0,0,1,2,N, ,39 57:01.400,75 12:53.000,315, ,258, ,0, ,N, ,0, , , , , , , , , ,2,0,0,0,0,0,1,1,0,0,0,0,0,0,0,0,0,0,0,0,0,0,0,0,0,0,0,0,0,0,0,0,0,0,0,0,0,39.9504,-75.2147, ,Philadelphia
7258,100466,2017086117,6,67,67301,2017,7,5,1945,19,1,2,1,8,1, , ,N,1,2,0,3,0,1,2,2,N,N,39 58:32.300,75 15:56.091,2000, ,1950, ,0, , , ,3, , , , , , , , , ,1,0,0,0,0,0,1,0,0,0,0,1,1,0,0,0,0,0,0,0,1,0,0,0,0,0,0,0,0,0,0,0,1,0,0,4,0,39.9756,-75.2656, ,Philadelphia
7259,100510,2017106038,6,67,67301,2017,9,2,1614,16,1,1,0,4,1, , ,N,1,2,0,3,0,2,2,2,N,N,40 01:47.668,75 08:45.635,1623, ,1616, ,0, ,N, ,3, , , , , , , , , ,2,1,0,0,0,0,1,0,0,0,0,2,2,0,0,0,0,0,0,0,0,0,1,0,0,0,0,0,0,0,0,0,0,0,0,4,0,40.0299,-75.146, ,Philadelphia
7260,100527,2017133966,6,67,67301,2017,11,1,52,0,3,1,0,4,1, , ,N,1,2,0,3,0,1,2,3,N,N,39 57:19.340,75 09:21.200,52, ,52,1,1,3,N, ,3,N, , , , , , , , ,3,1,0,0,0,0,2,0,0,0,0,1,1,0,0,0,0,0,0,0,0,0,0,1,0,0,0,0,0,0,0,0,0,0,0,4,0,39.9554,-75.1559, ,Philadelphia
7261,100541,2018029813,6,67,67301,2017,12,6,829,8,1,1,0,4,1, , ,N,1,3,0,3,0,1,2,2,N,N,39 57:28.137,75 11:37.737,832, ,819,1,2,5,N, ,3,Y, , , , , , , , ,2,1,0,0,0,0,1,0,0,0,0,1,1,0,0,0,0,0,0,0,0,0,0,0,0,0,0,0,0,0,0,0,0,0,0,4,0,39.9578,-75.1938, ,Philadelphia
7262,100545,2017106001,6,67,67301,2017,9,2,845,8,1,1,0,4,1, , ,N,1,3,0,3,0,2,2,2,N,N,40 01:23.163,75 07:26.450,915, ,910,3,1,4,N, ,3,Y, , , , , , , , ,2,2,0,0,0,0,0,0,0,0,0,2,2,0,0,0,0,0,0,0,0,0,0,0,0,0,0,0,0,0,0,0,0,0,0,4,0,40.0231,-75.124, ,Philadelphia
7263,100561,2017068006,6,67,67301,2017,6,5,2110,21,1,1,0,1,1, , ,N,0,0,0,3,0,1,1,2,N, ,40 01:58.609,75 02:50.657,2120, ,2117, ,0, , , ,0, , , , , , , , , ,2,1,0,0,0,0,1,0,0,0,0,1,1,0,0,0,0,0,1,0,0,0,0,0,0,0,0,0,0,0,0,0,0,0,0,4,0,40.0329,-75.0474, ,Philadelphia
7264,100571,2017120924,6,67,67301,2017,11,5,2155,21,3,1,0,4,1, , ,N,1,3,0,3,0,0,2,2,N,N,39 59:05.688,75 09:47.173,2159, ,2158,1,2,1,N, ,3,Y, , , , , , , , ,2,0,0,0,0,0,2,0,0,0,0,0,0,0,0,0,0,0,0,1,0,0,0,0,0,0,0,0,0,0,0,0,0,0,0,0,0,39.9849,-75.1631, ,Philadelphia
7265,100620,2017093657,6,67,67301,2017,8,1,830,8,1,1,0,4,1, , ,N,5,2,8,3,0,2,4,2,N,N,40 01:13.441,75 09:07.585,909, ,902,1,2,4,N, ,3,Y, , , , , , , , ,2,2,0,0,0,0,0,0,0,0,0,0,2,2,0,0,0,0,0,0,0,0,1,0,0,0,0,0,0,0,0,0,0,0,0,8,0,40.0204,-75.1521, ,Philadelphia
7266,100625,2017127377,6,67,67301,2017,11,4,1530,15,1,1,0,8,1, , ,N,1,2,0,3,0,1,2,2,N,N,39 58:13.330,75 14:42.826,1545, ,1540, ,0, ,N, ,3, , , , , , , , , ,1,1,0,0,0,0,0,0,0,0,0,0,1,1,0,0,0,0,0,0,0,0,0,1,0,0,0,0,0,0,0,0,1,0,0,8,0,39.9704,-75.2451, ,Philadelphia
7267,100652,2017127495,6,67,67301,2017,11,3,620,6,1,1,0,4,1, , ,N,1,2,0,3,0,3,3,2,N,N,39 55:15.711,75 13:26.782,630, ,625,1,2,7,N, ,3,Y, , , , , , , , ,2,1,0,0,0,0,1,0,0,0,0,0,3,3,0,0,0,0,0,0,1,0,0,0,0,0,0,0,0,0,0,0,0,0,0,8,0,39.9211,-75.2242, ,Philadelphia
7268,100666,2018005464,6,67,67301,2017,12,6,1245,12,1,1,0,4,1, , ,N,1,2,0,3,0,0,3,2,N,N,39 58:12.871,75 07:49.819,1254, ,1249,1,1,2,N, ,3,N, , , , , , , , ,2,0,0,0,0,1,1,0,0,0,0,0,0,0,1,0,0,0,0,0,1,0,0,0,0,0,0,0,0,0,0,0,0,0,0,9,1,39.9701,-75.1304, ,Philadelphia
7269,100668,2018027358,6,67,67301,2017,12,5,2057,20,3,1,0,8,1, , ,N,1,2,0,3,0,1,2,2,N,N,40 03:59.676,75 03:04.085,2101, ,2100,1,1,1,N, ,3,N, , , , , , , , ,1,1,0,0,0,0,0,0,0,0,0,1,1,0,0,0,0,0,0,0,1,0,0,1,0,0,0,0,0,0,0,0,1,0,0,4,0,40.0666,-75.0511, ,Philadelphia
7270,100669,2018034736,6,67,67301,2017,7,6,1520,15,1,1,0,1,1, , ,N,1,2,0,3,0,1,2,2,N,N,39 59:17.890,75 15:14.288,9999, ,9999, ,0, ,N, ,3, , , , , , , , , ,2,2,0,0,0,0,0,0,0,0,0,0,1,1,0,0,0,0,0,0,0,0,0,0,0,0,0,0,0,0,0,0,0,0,0,8,0,39.9883,-75.254, ,Philadelphia
7271,100680,2018027554,6,67,67301,2017,12,4,1935,19,3,1,0,4,1, , ,N,1,2,0,3,0,1,3,2,N,N,40 03:05.564,75 09:00.360,1945, ,1940, ,0, ,N, ,3, , , , , , , , , ,2,1,0,1,0,0,0,0,0,0,0,1,1,0,0,0,0,1,0,0,0,0,0,1,0,0,0,0,0,0,0,0,0,0,0,4,1,40.0515,-75.1501, ,Philadelphia
7272,94266,2017116051,6,67,67301,2017,10,5,1538,15,1,1,0,8,1, , ,N,1,2,0,3,0,1,2,2,N, ,40 03:12.911,75 08:29.615,1544, ,1540, ,0, , , ,3, , , , , , , , , ,1,0,0,0,0,0,1,0,0,0,0,1,1,0,0,0,0,0,0,0,0,0,0,0,0,0,0,0,0,0,0,0,1,0,0,4,0,40.0537,-75.1414, ,Philadelphia
7273,94307,2017097955,6,67,67301,2017,9,5,1337,13,1,1,0,1,1, , ,N,2,2,0,3,0,1,3,2,N, ,39 54:52.857,75 09:18.187,1350, ,1350, ,0, , , ,3, , , , , , , , , ,2,1,0,0,0,0,0,0,0,0,0,1,1,0,0,0,0,0,0,0,0,0,0,0,0,0,0,0,0,0,0,0,0,0,0,4,0,39.9147,-75.155, ,Philadelphia
7274,94309,2017107286,6,67,67301,2017,10,2,1536,15,1,2,1,7,2, , ,N,0,0,0,3,0,0,1,1,N,N,39 58:57.315,75 12:27.903,1545, ,1539,1,2,4, , ,0,N, , , , , , , , ,1,1,0,0,0,0,0,0,0,0,0,0,0,0,0,0,0,0,1,0,0,0,0,0,0,0,0,0,0,0,0,0,0,0,0,0,0,39.9819,-75.2073, ,Philadelphia
7275,94312,2017091749,6,67,67301,2017,8,5,1140,11,1,1,0,4,1, , ,N,1,2,0,3,0,1,3,2,N, ,39 56:38.462,75 09:35.926,1221, ,1221,3,1,4, , ,3,N, , , , , , , , ,2,1,0,0,0,0,1,0,0,0,0,1,1,0,0,0,0,0,0,0,0,0,0,0,0,0,0,0,0,0,0,0,0,0,0,4,0,39.944,-75.16, ,Philadelphia
7276,94334,2017070528,6,67,67301,2017,6,3,1120,11,1,1,0,4,1, , ,N,1,3,0,3,0,1,3,2,N,N,40 02:10.706,75 07:46.353,1149, ,1147,9,1,4,N, ,3,N, , , , , , , , ,2,2,0,0,0,0,0,0,0,0,0,1,1,0,0,0,0,0,0,0,1,0,0,0,0,0,0,0,0,0,0,0,0,0,0,4,0,40.0363,-75.1295, ,Philadelphia
7277,94340,2017067719,6,67,67301,2017,5,3,2130,21,3,2,1,3,1, , ,N,2,3,0,3,0,1,2,2,N, ,40 03:05.417,75 09:34.912,2132, ,2131, ,0, , , ,3, , , , , , , , , ,2,2,0,0,0,0,0,0,0,0,0,1,1,0,0,0,0,0,1,0,1,0,0,1,0,0,0,0,0,0,0,0,0,0,0,4,0,40.0515,-75.1597, ,Philadelphia
7278,94344,2017078740,6,67,67301,2017,7,7,2154,21,3,1,0,8,1, , ,N,0,0,0,3,0,1,2,2,N,N,40 00:04.058,75 08:53.579,2154, ,2154, ,0, ,N, ,0, , , , , , , , , ,1,0,0,0,0,0,0,1,0,0,0,0,1,1,0,0,0,0,0,0,0,0,0,1,0,0,0,0,0,0,0,0,1,0,0,8,0,40.0011,-75.1482, ,Philadelphia
7279,94369,2017105956,6,67,67301,2017,9,6,1330,13,1,1,0,4,1, , ,N,0,2,7,3,0,0,6,2,N, ,39 54:13.257,75 14:30.297,1347, ,1343, ,0, , , ,3, , , , , , , , , ,2,0,0,0,0,0,2,0,0,0,0,0,0,0,1,0,0,0,0,0,1,0,0,0,0,0,0,0,0,0,0,0,0,0,0,9,0,39.9037,-75.2417, ,Philadelphia
7280,94381,2017107480,6,67,67301,2017,10,3,1500,15,1,1,0,1,1, , ,N,1,2,0,3,0,3,5,2,N,N,40 00:05.763,75 09:10.529,1514, ,1513,2,1,2,N, ,3,N, , , , , , , , ,2,1,0,0,0,0,0,1,0,0,0,0,3,3,0,0,0,0,0,0,0,0,0,0,0,0,0,0,0,0,0,0,0,0,0,8,0,40.0016,-75.1528, ,Philadelphia
7281,94384,2017068047,6,67,67301,2017,6,1,1653,16,1,1,0,4,1, , ,N,1,2,0,3,0,3,4,2,N,N,39 57:21.859,75 14:16.659,1706, ,1701,2,2,1,N, ,3,Y, , , , , , , , ,2,0,0,0,0,0,2,0,0,0,0,1,3,2,0,0,0,0,0,0,0,0,0,1,0,0,0,0,0,0,0,0,0,0,0,4,0,39.9561,-75.238, ,Philadelphia
7282,94398,2017086321,6,67,67301,2017,7,2,1916,19,1,1,0,1,1, , ,N,1,2,0,3,0,3,5,2,N, ,40 01:04.807,75 08:57.222,1933, ,1930, ,0, , , ,3, , , , , , , , , ,2,1,0,0,1,0,0,0,0,0,0,0,3,3,0,0,0,0,0,0,2,0,0,2,0,0,0,0,0,0,0,0,0,0,0,8,0,40.0179,-75.1493, ,Philadelphia
7283,94414,2017115973,6,67,67301,2017,10,6,1100,11,1,1,0,5,1, , ,N,1,2,0,3,0,0,3,3,N,N,40 01:44.360,75 05:21.014,1130, ,1114, ,0, ,N, ,3, , , , , , , , , ,3,2,0,0,0,0,1,0,0,0,0,0,0,0,1,0,0,0,0,0,1,1,0,2,0,0,0,0,0,0,0,0,0,0,0,9,0,40.029,-75.0892, ,Philadelphia
7284,94438,2017088935,6,67,67301,2017,8,3,2200,22,4,1,0,1,1, , ,N,0,0,0,3,0,2,4,2,N,N,40 03:11.239,75 09:24.368,2245, ,2242, ,0, ,N, ,0, , , , , , , , , ,2,1,0,0,1,0,0,0,0,0,0,2,2,0,1,0,0,0,0,0,1,0,0,4,0,0,0,0,0,0,0,0,0,0,0,4,0,40.0531,-75.1568, ,Philadelphia
7285,94443,2017086304,6,67,67301,2017,7,4,2038,20,3,1,0,4,1, , ,N,0,0,7,3,0,1,2,3,N,N,40 05:50.896,75 02:52.804,2109, ,2053,2,2,7, , ,0,Y, , , , , , , , ,3,1,0,0,0,0,1,1,0,0,1,0,1,0,0,0,0,0,0,1,1,0,0,0,0,0,0,0,0,0,0,0,0,0,0,3,0,40.0975,-75.048, ,Philadelphia
7286,94450,2017091160,6,67,67301,2017,8,6,1656,16,1,1,0,1,1, , ,N,0,2,0,3,0,1,3,2,N, ,40 03:34.614,75 02:39.697,1658, ,1656, ,0, , , ,3, , , , , , , , , ,2,2,0,0,0,0,0,0,0,0,0,1,1,0,0,0,0,0,0,0,2,0,0,0,0,0,0,0,0,0,0,0,0,0,0,4,0,40.0596,-75.0444, ,Philadelphia
7287,94453,2017086178,6,67,67301,2017,7,7,2019,20,4,1,0,4,1, , ,N,1,2,0,3,0,1,3,2,N,N,40 06:40.143,75 01:27.353,2027, ,2019,2,1,1,N, ,3,Y, , , , , , , , ,2,1,0,0,0,0,1,0,0,0,0,1,1,0,0,0,0,0,0,0,1,0,0,0,0,0,0,0,0,0,0,0,0,0,0,4,0,40.1112,-75.0243, ,Philadelphia
7288,94456,2017108044,6,67,67301,2017,9,5,2340,23,3,1,0,1,1,1,4,Y,0,0,0,3,0,2,5,3,N,N,40 00:57.009,75 10:34.618,2355,99,2350, ,0, ,N, ,0, ,Y, , ,U,Y, , , ,3,2,0,0,0,0,1,0,0,0,0,2,2,0,0,0,0,0,1,0,0,0,0,0,0,0,0,0,0,0,0,0,0,0,0,4,0,40.0158,-75.1763, ,Philadelphia
7289,94467,2017104017,6,67,67301,2017,9,2,620,6,1,1,0,1,1, , ,N,0,0,0,3,0,0,4,3,N,N,39 58:34.120,75 11:44.114,646, ,624, ,0, , , ,0, , , , , , , , , ,3,0,0,0,1,0,1,1,0,0,0,0,0,0,0,0,0,0,0,0,0,0,0,0,0,0,0,0,0,0,0,0,0,0,0,0,0,39.9754,-75.1947, ,Philadelphia
7290,97129,2017097152,6,67,67301,2017,9,6,101,1,3,1,0,7,4, , ,N,0,0,0,3,0,0,1,1,Y,Y,39 58:58.148,75 05:56.603,115, ,110, ,0, , , ,0, , , , , , , , , ,1,1,0,0,0,0,0,0,0,0,0,0,0,0,0,0,0,0,0,0,0,0,0,0,0,0,0,0,0,0,0,0,0,0,0,0,0,39.9828,-75.0991, ,Philadelphia
7291,97151,2017084462,6,67,67301,2017,8,6,148,1,3,1,0,0,1, , ,N,0,0,0,3,0,1,1,1,N,N,40 00:04.361,75 11:40.780,151, ,149, ,0, , , ,0, , , , , , , , , ,1,0,0,0,0,0,1,0,0,0,0,0,1,1,0,0,0,0,0,0,0,0,0,0,0,0,0,0,0,0,0,0,0,0,0,8,0,40.0012,-75.1947, ,Philadelphia
7292,97156,2017086745,6,67,67301,2017,4,7,2130,21,3,1,0,4,1, , ,N,1,2,0,3,0,6,6,2,N,N,39 58:39.875,75 12:48.192,2140, ,2137,1,1,1,N, ,3,N, , , , , , , , ,2,2,0,0,0,0,0,0,0,0,0,0,6,6,0,0,0,0,0,0,0,0,0,0,0,0,0,0,0,0,0,0,0,0,0,8,0,39.9777,-75.2134, ,Philadelphia