objectid_1,objectid,crn,district,county,municipality,crash_year,crash_month,day_of_week,time_of_day,hour_of_day,illumination,weather,road_condition,collision_type,relation_to_road,work_zone_type,work_zone_loc,work_zone_ind,intersect_type,tcd_type,location_type,urban_rural,fatal_count,injury_count,person_count,total_units,sch_bus_ind,sch_zone_ind,latitude,longitude,arrival_tm,cons_zone_spd_lim,dispatch_tm,est_hrs_closed,lane_closed,ln_close_dir,ntfy_hiwy_maint,spec_juris_cd,tcd_func_cd,tfc_detour_ind,workers_pres,wz_close_detour,wz_flagger,wz_law_offcr_ind,wz_ln_closure,wz_moving,wz_other,wz_shlder_mdn,vehicle_count,automobile_count,motorcycle_count,bus_count,small_truck_count,heavy_truck_count,suv_count,van_count,bicycle_count,maj_inj_count,mod_inj_count,min_inj_count,tot_inj_count,unk_inj_deg_count,unk_inj_per_count,driver_count_16yr,driver_count_17yr,driver_count_18yr,driver_count_19yr,driver_count_20yr,driver_count_50_64yr,driver_count_65_74yr,driver_count_75plus,unbelted_occ_count,unb_death_count,unb_maj_inj_count,belted_death_count,belted_maj_inj_count,mcycle_death_count,mcycle_maj_inj_count,bicycle_death_count,bicycle_maj_inj_count,ped_count,ped_death_count,ped_maj_inj_count,max_severity_level,comm_veh_count,dec_lat,dec_long,rdwy_surf_type_cd,county_name
7293,97164,2017115949,6,67,67301,2017,10,6,1934,19,3,1,0,8,1, , ,N,0,0,0,3,0,1,2,2,N,N,40 00:33.753,75 09:03.131,1934, ,1934,3,1,2,N, ,0,N, , , , , , , , ,1,0,0,1,0,0,0,0,0,1,0,0,1,0,0,0,0,0,0,0,1,0,0,0,0,0,0,0,0,0,0,0,1,0,1,2,1,40.0094,-75.1509, ,Philadelphia
7294,97165,2017105999,6,67,67301,2017,9,3,1435,14,1,1,0,4,1, , ,N,1,3,0,3,0,1,2,2,N, ,39 58:45.559,75 08:19.571,1437, ,1435, ,0, , , ,3, , , , , , , , , ,1,0,0,0,0,0,1,0,1,0,0,0,1,1,0,0,0,0,0,0,0,0,0,1,0,0,0,0,0,0,0,0,0,0,0,8,0,39.9793,-75.1388, ,Philadelphia
7295,97178,2017067953,6,67,67301,2017,6,4,1858,18,1,1,1,8,1, , ,N,0,0,0,3,0,1,3,2,N, ,40 02:33.799,75 04:42.924,1920, ,1914, ,0, , , ,0, , , , , , , , , ,1,0,0,0,0,0,1,0,0,0,0,1,1,0,0,0,0,0,0,0,0,0,0,1,0,0,0,0,0,0,0,0,1,0,0,4,0,40.0427,-75.0786, ,Philadelphia
7296,97195,2017076182,6,67,67301,2017,6,2,31,0,3,1,0,7,5, , ,N,0,0,0,3,0,0,1,1,N, ,40 00:14.799,75 09:46.173,58, ,46, ,0, , , ,0, , , , , , , , , ,1,1,0,0,0,0,0,0,0,0,0,0,0,0,1,0,0,0,0,0,0,0,0,0,0,0,0,0,0,0,0,0,0,0,0,9,0,40.0041,-75.1628, ,Philadelphia
7297,97199,2017078850,6,67,67301,2017,7,7,2030,20,2,1,0,8,1, , ,N,0,0,0,3,0,1,2,2,N, ,40 02:46.459,75 09:54.956,2030, ,2030, ,0, , , ,0, , , , , , , , , ,1,1,0,0,0,0,0,0,0,0,0,1,1,0,0,0,0,0,0,0,0,0,0,1,0,0,0,0,0,0,0,0,1,0,0,4,0,40.0462,-75.1653, ,Philadelphia
7298,97210,2017086310,6,67,67301,2017,7,6,2000,20,3,1,0,8,1, , ,N,1,2,0,3,0,1,2,2,N,N,40 02:41.121,75 03:59.421,2006, ,2002, ,0, ,N, ,3, , , , , , , , , ,1,1,0,0,0,0,0,0,0,0,0,1,1,0,0,0,0,0,0,0,0,0,0,0,0,0,0,0,0,0,0,0,1,0,0,4,0,40.0448,-75.0665, ,Philadelphia
7299,97223,2017127445,6,67,67301,2017,11,1,1203,12,1,1,0,4,1, , ,N,2,3,0,3,0,1,2,2,N,N,39 55:06.769,75 11:03.739,1215, ,1205, ,0, , , ,3, , , , , , , , , ,2,1,0,0,0,0,1,0,0,0,0,0,1,1,1,0,0,0,0,0,1,0,0,0,0,0,0,0,0,0,0,0,0,0,0,8,0,39.9185,-75.1844, ,Philadelphia
7300,97225,2018005564,6,67,67301,2017,12,1,1149,11,1,8,1,4,1, , ,N,0,0,7,3,0,0,3,3,N, ,40 04:36.700,74 59:19.500,1215, ,1208,1,1,3,N, ,0,Y, , , , , , , , ,3,1,0,0,0,0,2,0,0,0,0,0,0,0,0,0,1,0,0,0,1,0,0,0,0,0,0,0,0,0,0,0,0,0,0,0,0,40.0769,-74.9888, ,Philadelphia
7301,97230,2017081530,6,67,67301,2017,7,6,1758,17,1,1,0,7,3, , ,N,0,0,0,3,0,1,4,1,N,N,39 53:56.916,75 10:33.084,1819, ,1805,1,2,1, , ,0,N, , , , , , , , ,1,0,0,0,1,0,0,0,0,0,1,0,1,0,0,0,0,0,0,0,1,0,0,0,0,0,0,0,0,0,0,0,0,0,0,3,0,39.8991,-75.1759, ,Philadelphia
7302,97282,2017127320,6,67,67301,2017,11,7,1010,10,1,1,0,1,1, , ,N,0,0,0,3,0,2,3,2,N,N,40 01:20.963,75 05:17.239,1040, ,1033, ,0, ,N, ,0, , , , , , , , , ,2,1,0,0,0,0,1,0,0,0,0,2,2,0,0,0,0,0,0,0,0,0,0,0,0,0,0,0,0,0,0,0,0,0,0,4,0,40.0225,-75.0881, ,Philadelphia
7303,97298,2017137519,6,67,67301,2017,12,4,1800,18,3,1,0,7,5, , ,N,0,0,0,3,0,0,1,1,N, ,39 59:03.600,75 10:59.800,1935, ,1930, ,0, ,N, ,0, , , , , , , , , ,1,0,0,0,0,0,1,0,0,0,0,0,0,0,1,0,0,0,0,0,0,0,0,0,0,0,0,0,0,0,0,0,0,0,0,9,0,39.9843,-75.1833, ,Philadelphia
7304,97306,2018028853,6,67,67301,2017,12,5,909,9,1,4,5,1,1, , ,N,1,3,0,3,0,1,4,2,N,N,40 00:48.528,75 05:06.572,915, ,912, ,0, ,N, ,3, , , , , , , , , ,2,0,0,0,0,0,2,0,0,0,0,1,1,0,0,0,0,0,0,0,0,0,0,0,0,0,0,0,0,0,0,0,0,0,0,4,0,40.0135,-75.0852, ,Philadelphia
7305,97334,2017086200,6,67,67301,2017,7,3,1555,15,1,1,0,4,1, , ,N,2,2,0,3,0,0,2,2,N,N,39 55:44.965,75 13:45.235,1555, ,1555, ,0, ,N, ,3, , , , , , , , , ,2,2,0,0,0,0,0,0,0,0,0,0,0,0,1,0,0,0,0,0,0,1,0,0,0,0,0,0,0,0,0,0,0,0,0,9,0,39.9292,-75.2292, ,Philadelphia
7306,97345,2017125609,6,67,67301,2017,10,1,1902,19,3,2,1,5,1, , ,N,0,0,0,3,0,0,4,3,N,N,39 59:45.453,75 04:58.100,1915, ,1911,1,1,1, , ,0,N, , , , , , , , ,3,3,0,0,0,0,0,0,0,0,0,0,0,0,0,0,0,0,0,0,1,0,0,0,0,0,0,0,0,0,0,0,0,0,0,0,0,39.996,-75.0828, ,Philadelphia
7307,97352,2017117354,6,67,67301,2017,10,5,249,2,3,2,1,7,2, , ,N,0,0,0,3,0,1,1,1,N,N,40 01:59.348,75 01:14.492,301, ,249,1,2,2, , ,0,Y, , , , , , , , ,1,0,0,0,1,0,0,0,0,0,0,0,1,1,0,0,0,0,0,0,0,0,1,0,0,0,0,0,0,0,0,0,0,0,0,8,0,40.0332,-75.0207, ,Philadelphia
7308,102958,2017109926,6,67,67301,2017,9,6,859,8,1,1,0,4,1, , ,N,1,3,0,3,0,2,4,3,N,N,40 02:46.473,75 09:57.863,905, ,900,1,1,5,N, ,3,N, , , , , , , , ,3,3,0,0,0,0,0,0,0,0,0,2,2,0,0,0,0,0,0,0,1,0,0,3,0,0,0,0,0,0,0,0,0,0,0,4,0,40.0462,-75.1661, ,Philadelphia
7309,102975,2017130659,6,67,67301,2017,11,1,2121,21,3,2,1,4,1, , ,N,1,2,0,3,0,1,3,2,N,N,40 00:43.128,75 08:09.038,2121, ,2121, ,0, ,N, ,3, , , , , , , , , ,2,0,0,0,0,0,2,0,0,0,0,1,1,0,1,0,0,0,0,0,0,0,0,0,0,0,0,0,0,0,0,0,0,0,0,4,0,40.012,-75.1358, ,Philadelphia
7310,102983,2017127304,6,67,67301,2017,11,5,1510,15,1,1,0,4,1, , ,N,1,2,0,3,0,1,3,3,N, ,40 02:03.472,75 02:19.006,1525, ,1519, ,0, , , ,3, , , , , , , , , ,3,2,0,0,0,0,1,0,0,0,0,0,1,1,0,0,0,0,0,0,0,0,0,0,0,0,0,0,0,0,0,0,0,0,0,8,0,40.0343,-75.0386, ,Philadelphia
7311,102992,2017127460,6,67,67301,2017,11,4,1750,17,3,1,0,8,1, , ,N,2,0,0,3,0,1,2,2,N,N,39 59:53.281,75 07:35.194,1758, ,1754, ,0, ,N, ,0, , , , , , , , , ,1,0,0,0,0,0,1,0,0,0,0,0,1,1,0,0,0,0,0,0,1,0,0,0,0,0,0,0,0,0,0,0,1,0,0,8,0,39.9981,-75.1264, ,Philadelphia
7312,103022,2017135225,6,67,67301,2017,12,4,2214,22,3,4,3,7,4, , ,N,0,0,0,3,0,1,1,1,N,N,39 57:41.227,75 10:55.435,2302, ,2252, ,0, , , ,0, , , , , , , , , ,1,1,0,0,0,0,0,0,0,0,0,0,1,1,0,0,0,0,0,0,0,0,0,0,0,0,0,0,0,0,0,0,0,0,0,8,0,39.9615,-75.1821, ,Philadelphia
7313,103031,2018026738,6,67,67301,2017,12,5,2315,23,3,1,0,4,1, , ,N,1,2,0,3,0,1,2,2,N,N,40 00:42.048,75 09:46.973,2318, ,2318, ,0, ,N, ,3, , , , , , , , , ,2,1,1,0,0,0,0,0,0,0,1,0,1,0,0,0,0,0,0,0,2,0,0,1,0,0,0,0,0,0,0,0,0,0,0,3,0,40.0116,-75.163, ,Philadelphia
7314,103035,2017103885,6,67,67301,2017,7,6,1335,13,1,1,0,1,1,1,4,Y,0,0,0,3,0,0,3,3,N,N,39 58:34.494,75 06:53.849,1355,45,1345,2,1,2, , ,0,N,N,N,N,N,Y,N,N,Y,3,0,0,0,1,2,0,0,0,0,0,0,0,0,0,0,0,0,0,0,2,0,1,0,0,0,0,0,0,0,0,0,0,0,0,0,2,39.9762,-75.115, ,Philadelphia
7315,103056,2018020721,6,67,67301,2017,10,3,830,8,6,1,0,2,1, , ,N,0,0,0,3,0,1,2,2,N, ,40 01:12.600,75 04:31.800,1320, ,1320, ,0, ,N, ,0, , , , , , , , , ,1,0,0,0,0,0,1,0,1,0,0,1,1,0,0,0,0,0,0,0,0,0,0,1,0,0,0,0,0,0,0,0,0,0,0,4,0,40.0202,-75.0755, ,Philadelphia
7316,103057,2018027360,6,67,67301,2017,12,2,316,3,3,1,1,7,4, , ,N,1,3,0,3,0,1,1,1,N,N,40 02:07.098,75 05:00.981,319, ,318, ,0, ,N, ,3, , , , , , , , , ,1,1,0,0,0,0,0,0,0,0,0,0,1,1,0,0,0,0,0,0,0,0,0,0,0,0,0,0,0,0,0,0,0,0,0,8,0,40.0353,-75.0836, ,Philadelphia
7317,103061,2017109751,6,67,67301,2017,9,7,1230,12,1,1,0,4,1, , ,N,2,3,0,3,0,0,3,2,N,N,39 54:46.771,75 09:43.646,1240, ,1234, ,0, , , ,3, , , , , , , , , ,2,1,0,0,0,0,1,0,0,0,0,0,0,0,0,0,0,0,1,0,1,0,0,0,0,0,0,0,0,0,0,0,0,0,0,0,0,39.913,-75.1621, ,Philadelphia
7318,103066,2017130707,6,67,67301,2017,11,7,1720,17,3,2,1,8,1, , ,N,2,3,0,3,0,1,2,2,N,N,39 56:33.349,75 09:51.015,1745, ,1722, ,0, ,N, ,3, , , , , , , , , ,1,1,0,0,0,0,0,0,0,0,0,1,1,0,0,0,0,0,0,0,0,0,0,0,0,0,0,0,0,0,0,0,1,0,0,4,0,39.9426,-75.1642, ,Philadelphia
7319,103081,2017109963,6,67,67301,2017,10,1,1623,16,1,1,0,1,1, , ,N,3,2,2,3,0,1,8,3,N,N,39 55:17.382,75 11:28.366,1630, ,1624, ,0, ,N, ,3, , , , , , , , , ,3,0,0,0,0,0,3,0,0,0,0,0,1,1,0,0,0,0,0,0,1,1,0,0,0,0,0,0,0,0,0,0,0,0,0,8,0,39.9215,-75.1912, ,Philadelphia
7320,103086,2017101850,6,67,67301,2017,9,3,1127,11,1,1,0,1,6, , ,N,0,0,0,3,0,3,3,2,N, ,39 57:43.548,75 14:30.028,1132, ,1132, ,0, , , ,0, , , , , , , , , ,2,1,0,0,0,0,1,0,0,0,0,0,3,3,0,0,0,0,0,0,0,0,0,1,0,0,0,0,0,0,0,0,0,0,0,8,0,39.9621,-75.2417, ,Philadelphia
7321,103111,2018027531,6,67,67301,2017,12,5,1018,10,1,1,0,7,4, , ,N,5,2,0,3,0,1,1,1,N,Y,40 01:45.685,75 03:45.831,1018, ,1018, ,0, ,N, ,3, , , , , , , , , ,1,1,0,0,0,0,0,0,0,0,0,1,1,0,0,0,0,0,0,0,0,0,0,0,0,0,0,0,0,0,0,0,0,0,0,4,0,40.0294,-75.0627, ,Philadelphia
7322,103113,2017120164,6,67,67301,2017,11,3,2235,22,3,2,1,7,5, , ,N,0,0,0,3,0,1,2,1,N,N,39 58:50.664,75 12:22.362,2243, ,2238, ,0, , , ,0, , , , , , , , , ,1,1,0,0,0,0,0,0,0,0,0,0,1,1,0,0,0,0,0,0,0,0,0,2,0,0,0,0,0,0,0,0,0,0,0,8,0,39.9807,-75.2062, ,Philadelphia
7323,103144,2017128080,6,67,67301,2017,11,4,2100,21,3,1,0,4,1, , ,N,1,2,0,3,0,1,3,3,N,N,39 57:53.634,75 13:28.424,2105, ,2104, ,0, ,N, ,3, , , , , , , , , ,3,1,0,0,0,0,2,0,0,1,0,0,1,0,0,0,0,0,0,0,1,1,0,0,0,0,0,0,0,0,0,0,0,0,0,2,0,39.965,-75.2246, ,Philadelphia
7324,103153,2018027340,6,67,67301,2017,12,5,1916,19,3,1,0,4,1, , ,N,1,3,0,3,0,1,3,2,N,N,40 03:34.534,75 03:38.527,1927, ,1924, ,0, ,N, ,3, , , , , , , , , ,2,1,0,0,0,0,1,0,0,0,0,1,1,0,0,0,0,0,1,0,0,0,0,0,0,0,0,0,0,0,0,0,0,0,0,4,0,40.0596,-75.0607, ,Philadelphia
7325,103155,2018027604,6,67,67301,2017,12,6,1438,14,1,1,0,8,1, , ,N,2,2,0,3,0,1,2,2,N,N,40 02:13.921,75 06:32.453,1451, ,1440, ,0, ,N, ,3, , , , , , , , , ,1,0,0,0,1,0,0,0,0,0,0,0,1,1,0,0,0,0,0,0,0,0,0,0,0,0,0,0,0,0,0,0,1,0,0,8,0,40.037,-75.1088, ,Philadelphia
7326,100682,2018029744,6,67,67301,2017,12,5,1005,10,1,1,0,8,1, , ,N,2,0,0,3,0,1,2,2,N,N,40 00:57.551,75 05:03.642,1011, ,1010, ,0, ,N, ,0, , , , , , , , , ,1,1,0,0,0,0,0,0,0,0,0,0,1,1,0,0,0,0,0,0,0,0,0,1,0,0,0,0,0,0,0,0,1,0,0,8,0,40.016,-75.0843, ,Philadelphia
7327,100685,2017087861,6,67,67301,2017,8,1,46,0,3,1,0,8,1, , ,N,0,0,0,3,1,0,3,2,N,N,39 59:09.110,75 09:22.448,46, ,46,3,2,1,N,0,0,Y, , , , , , , , ,1,0,0,0,0,0,1,0,0,0,0,0,0,0,0,0,0,0,0,0,0,0,0,1,0,0,0,0,0,0,0,0,1,1,0,1,0,39.9859,-75.1562,2,Philadelphia
7328,100703,2017120573,6,67,67301,2017,10,2,1640,16,1,1,0,8,1, , ,N,1,2,0,3,0,1,2,2,N, ,40 01:35.410,75 02:31.777,1700, ,1645, ,0, , , ,3, , , , , , , , , ,1,1,0,0,0,0,0,0,0,0,0,1,1,0,0,0,0,0,0,0,0,0,0,0,0,0,0,0,0,0,0,0,1,0,0,4,0,40.0265,-75.0422, ,Philadelphia
7329,100723,2017086133,6,67,67301,2017,7,6,1155,11,1,1,0,4,1, , ,N,2,0,0,3,0,1,2,2,N, ,40 02:56.155,75 07:39.914,1220, ,1220, ,0, , , ,0, , , , , , , , , ,2,1,0,0,0,0,1,0,0,0,0,1,1,0,0,0,0,1,0,0,0,0,0,0,0,0,0,0,0,0,0,0,0,0,0,4,0,40.0489,-75.1278, ,Philadelphia
7330,100724,2017097852,6,67,67301,2017,9,4,1334,13,1,2,1,4,1, , ,N,0,3,7,3,0,1,2,2,N,N,40 01:53.075,75 06:11.131,1340, ,1335,1,1,1, , ,3,N, , , , , , , , ,2,1,0,0,0,1,0,0,0,0,0,1,1,0,0,0,0,0,0,0,1,0,0,0,0,0,0,0,0,0,0,0,0,0,0,4,1,40.0314,-75.1031, ,Philadelphia
7331,100733,2017116025,6,67,67301,2017,10,4,917,9,1,7,0,8,1, , ,N,1,2,0,3,0,1,2,2,N, ,39 58:28.437,75 11:00.481,918, ,918, ,0, , , ,3, , , , , , , , , ,1,1,0,0,0,0,0,0,0,0,0,0,1,1,0,0,0,0,0,0,0,0,0,1,0,0,0,0,0,0,0,0,1,0,0,8,0,39.9746,-75.1835, ,Philadelphia
7332,100734,2017116098,6,67,67301,2017,10,3,1527,15,1,1,0,4,1, , ,N,1,2,0,3,0,1,3,2,N,N,40 00:19.420,75 06:33.689,1527, ,1527,3,2,2,N, ,3,Y, , , , , , , , ,1,1,0,0,0,0,0,0,1,0,0,0,1,1,0,0,0,0,0,0,0,0,0,0,0,0,0,0,0,0,0,0,0,0,0,8,0,40.0054,-75.1094, ,Philadelphia
7333,100743,2017133991,6,67,67301,2017,11,2,1005,10,1,1,0,5,1, , ,N,5,2,0,3,0,1,3,2,N,N,39 57:51.728,75 10:34.926,805, ,753, ,0, ,N, ,3, , , , , , , , , ,1,0,0,0,0,0,1,0,1,0,0,1,1,0,0,0,0,0,0,0,0,0,0,0,0,0,0,0,0,0,0,0,0,0,0,4,0,39.9643,-75.1762, ,Philadelphia
7334,100774,2017101898,6,67,67301,2017,9,7,1943,19,3,1,0,4,1, , ,N,1,3,0,3,0,1,2,2,N,N,40 03:08.005,75 03:21.585,1958, ,1949, ,0, , , ,3, , , , , , , , , ,2,2,0,0,0,0,0,0,0,0,0,1,1,0,0,0,0,0,0,0,0,0,0,1,0,0,0,0,0,0,0,0,0,0,0,4,0,40.0522,-75.056, ,Philadelphia
7335,100779,2017127489,6,67,67301,2017,10,2,1838,18,3,1,0,4,1, , ,N,1,2,0,3,0,1,3,2,N,N,39 56:28.692,75 12:33.670,1846, ,1841, ,0, ,N, ,3, , , , , , , , , ,2,1,0,0,1,0,0,0,0,0,0,1,1,0,0,0,0,0,0,0,1,0,0,0,0,0,0,0,0,0,0,0,0,0,0,4,0,39.9412,-75.2094, ,Philadelphia
7336,100784,2017133934,6,67,67301,2017,11,4,1255,12,1,1,0,4,1, , ,N,1,2,0,3,0,3,4,2,N, ,40 00:31.034,75 04:07.810,1257, ,1256, ,0, ,N, ,3, , , , , , , , , ,2,1,0,0,0,1,0,0,0,0,2,0,3,1,0,0,0,0,0,0,1,0,0,1,0,0,0,0,0,0,0,0,0,0,0,3,1,40.0086,-75.0688, ,Philadelphia
7337,100795,2017120582,6,67,67301,2017,10,2,1326,13,1,1,0,4,1, , ,N,1,2,0,3,0,1,3,2,N,N,40 04:16.823,75 02:17.623,1627, ,1613, ,0, , , ,3, , , , , , , , , ,2,0,0,1,0,0,1,0,0,0,0,1,1,0,0,0,0,1,0,0,1,0,0,0,0,0,0,0,0,0,0,0,0,0,0,4,1,40.0713,-75.0382, ,Philadelphia
7338,100797,2017127469,6,67,67301,2017,11,3,2223,22,3,2,1,5,1, , ,N,0,0,0,3,0,0,3,3,N,N,40 01:05.312,75 10:13.789,2326, ,2324, ,0, ,N, ,0, , , , , , , , , ,3,1,0,0,0,0,1,1,0,0,0,0,0,0,0,0,0,0,0,0,0,0,0,0,0,0,0,0,0,0,0,0,0,0,0,0,0,40.0181,-75.1705, ,Philadelphia
7339,100812,2017109822,6,67,67301,2017,9,7,2330,23,3,9,0,8,1, , ,N,1,2,0,3,0,1,2,2,N,N,39 56:59.810,75 10:08.768,115, ,112, ,0, ,N, ,3, , , , , , , , , ,1,1,0,0,0,0,0,0,0,0,1,0,1,0,0,0,0,0,0,0,0,0,0,1,0,0,0,0,0,0,0,0,1,0,0,3,0,39.9499,-75.169, ,Philadelphia
7340,100823,2017093473,6,67,67301,2017,9,2,1440,14,1,1,0,4,1, , ,N,1,3,0,3,0,1,4,2,N,N,39 58:57.843,75 09:11.390,1448, ,1445, ,0, ,N, ,3, , , , , , , , , ,2,2,0,0,0,0,0,0,0,0,1,0,1,0,0,0,0,0,0,0,1,0,0,1,0,0,0,0,0,0,0,0,0,0,0,3,0,39.9827,-75.1532, ,Philadelphia
7341,100830,2017120535,6,67,67301,2017,10,7,1928,19,6,1,0,1,1, , ,N,0,2,0,3,0,1,3,3,N, ,39 57:50.882,75 10:31.532,1934, ,1930, ,0, , , ,3, , , , , , , , , ,3,1,0,0,1,0,1,0,0,0,0,1,1,0,0,0,0,0,0,0,0,1,0,0,0,0,0,0,0,0,0,0,0,0,0,4,0,39.9641,-75.1754, ,Philadelphia
7342,100850,2017134788,6,67,67301,2017,11,4,1441,14,1,1,0,1,1, , ,N,0,0,0,3,0,0,3,3,N,N,39 58:57.705,75 05:57.559,1520, ,1458, ,0, , , ,0, , , , , , , , , ,3,3,0,0,0,0,0,0,0,0,0,0,0,0,0,0,0,0,0,0,3,0,0,0,0,0,0,0,0,0,0,0,0,0,0,0,0,39.9827,-75.0993, ,Philadelphia
7343,94477,2017068049,6,67,67301,2017,6,2,1256,12,1,2,1,4,1, , ,N,1,2,0,3,0,1,3,2,N,N,39 57:03.369,75 14:35.030,1306, ,1305,1,1,7,N, ,3,Y, , , , , , , , ,2,2,0,0,0,0,0,0,0,0,0,0,1,1,0,0,0,0,0,0,0,0,0,0,0,0,0,0,0,0,0,0,0,0,0,8,0,39.9509,-75.2431, ,Philadelphia
7344,94489,2017086726,6,67,67301,2017,3,6,1405,14,1,2,1,4,1, , ,N,0,0,7,3,0,0,2,2,N,N,40 04:56.857,74 58:31.329,1520, ,1516, ,0, , , ,0, , , , , , , , , ,2,1,0,0,0,0,0,1,0,0,0,0,0,0,0,0,0,0,0,0,0,0,1,1,0,0,0,0,0,0,0,0,0,0,0,0,0,40.0825,-74.9753, ,Philadelphia
7345,94514,2017109883,6,67,67301,2017,10,1,1641,16,1,1,0,4,1, , ,N,1,2,0,3,0,0,6,4,N,N,39 57:36.539,75 10:25.276,1650, ,1645, ,0, ,N, ,3, , , , , , , , , ,4,3,0,0,0,0,1,0,0,0,0,0,0,0,0,0,0,0,0,0,0,2,1,0,0,0,0,0,0,0,0,0,0,0,0,0,0,39.9603,-75.1737, ,Philadelphia
7346,94523,2017070505,6,67,67301,2017,6,2,1150,11,1,1,0,1,1, , ,N,1,2,0,3,0,0,4,3,N,N,40 00:21.351,75 06:48.588,1203, ,1151, ,0, ,N, ,3, , , , , , , , , ,3,1,0,0,2,0,0,0,0,0,0,0,0,0,0,0,0,0,0,0,2,0,0,0,0,0,0,0,0,0,0,0,0,0,0,0,0,40.0059,-75.1135, ,Philadelphia
7347,94524,2017071315,6,67,67301,2017,2,7,1730,17,3,1,0,4,1, , ,N,1,2,0,3,0,1,2,2,N,N,40 01:24.708,75 07:59.983,0, ,0, ,0, ,N, ,3, , , , , , , , , ,2,0,0,0,0,0,2,0,0,0,1,0,1,0,0,0,0,0,0,0,0,1,0,1,0,0,0,0,0,0,0,0,0,0,0,3,0,40.0235,-75.1333, ,Philadelphia
7348,94526,2017086628,6,67,67301,2017,2,4,1440,14,1,5,0,4,1, , ,N,1,3,0,3,0,1,2,2,N, ,39 58:15.549,75 13:46.840,1455, ,1440, ,0, ,N, ,3, , , , , , , , , ,2,1,0,0,0,0,0,0,0,0,0,0,1,1,0,0,0,0,0,0,0,0,0,1,0,0,0,0,0,0,0,0,0,0,0,8,0,39.971,-75.2297, ,Philadelphia
7349,94530,2017079875,6,67,67301,2017,8,7,917,9,1,1,0,7,4, , ,N,0,1,5,3,0,0,1,1,N,N,39 54:34.900,75 09:15.500,920, ,917,2,2,4,N, ,3,N, , , , , , , , ,1,1,0,0,0,0,0,0,0,0,0,0,0,0,0,0,0,0,0,0,0,0,0,0,0,0,0,0,0,0,0,0,0,0,0,0,0,39.9097,-75.1543, ,Philadelphia
7350,94542,2017091715,6,67,67301,2017,8,4,1630,16,1,1,0,8,1, , ,N,1,2,0,3,0,1,2,2,N,N,39 55:14.358,75 10:14.006,1706, ,1658, ,0, ,N, ,3, , , , , , , , , ,1,1,0,0,0,0,0,0,0,0,0,0,1,1,0,0,0,0,0,0,0,0,0,0,0,0,0,0,0,0,0,0,1,0,0,8,0,39.9206,-75.1704, ,Philadelphia
7351,94548,2017116183,6,67,67301,2017,10,7,1605,16,1,1,0,4,1, , ,N,1,0,0,3,0,1,3,2,N,N,40 04:40.173,75 10:22.385,1613, ,1608, ,0, ,N, ,0, , , , , , , , , ,1,1,0,0,0,0,0,0,1,0,1,0,1,0,0,0,0,0,0,0,1,0,0,0,0,0,0,0,0,0,0,0,0,0,0,3,0,40.0778,-75.1729, ,Philadelphia
7352,94551,2017105934,6,67,67301,2017,9,7,815,8,3,1,0,8,1, , ,N,1,2,0,3,0,1,2,2,N, ,39 59:09.409,75 09:58.013,820, ,820, ,0, , , ,3, , , , , , , , , ,1,1,0,0,0,0,0,0,0,0,0,1,1,0,0,0,0,0,0,0,1,0,0,1,0,0,0,0,0,0,0,0,1,0,0,4,0,39.9859,-75.1661, ,Philadelphia
7353,94553,2017109873,6,67,67301,2017,10,6,2357,23,3,1,0,5,1, , ,N,0,0,0,3,0,2,3,2,N,N,40 01:43.623,75 05:23.370,6, ,2358, ,0, , , ,0, , , , , , , , , ,2,0,0,0,0,0,2,0,0,0,0,1,2,1,0,0,0,0,0,0,1,0,0,0,0,0,0,0,0,0,0,0,0,0,0,4,0,40.0288,-75.0898, ,Philadelphia
7354,94554,2017110786,6,67,67301,2017,10,1,110,1,3,1,0,2,1, , ,N,0,0,0,3,0,0,6,3,N,N,39 57:34.795,75 10:34.139,116, ,112,1,2,4, , ,0,N, , , , , , , , ,3,3,0,0,0,0,0,0,0,0,0,0,0,0,1,0,0,0,0,0,1,0,0,1,0,0,0,0,0,0,0,0,0,0,0,9,0,39.9597,-75.1761, ,Philadelphia
7355,94558,2017096603,6,67,67301,2017,8,3,2027,20,3,2,1,4,1, , ,N,1,2,0,3,0,2,2,2,N,N,39 55:19.923,75 13:49.185,2029, ,2027,3,2,6,N, ,3,Y, , , , , , , , ,2,1,0,0,0,0,1,0,0,0,2,0,2,0,0,0,0,0,1,0,0,0,0,0,0,0,0,0,0,0,0,0,0,0,0,3,0,39.9222,-75.2303, ,Philadelphia
7356,94562,2017101893,6,67,67301,2017,9,6,1751,17,1,1,0,8,1, , ,N,0,0,0,3,0,1,2,2,N, ,40 00:26.355,75 06:31.892,1800, ,1751, ,0, , , ,0, , , , , , , , , ,1,1,0,0,0,0,0,0,0,0,0,0,1,1,0,0,0,0,0,0,0,0,0,1,0,0,0,0,0,0,0,0,1,0,0,8,0,40.0073,-75.1089, ,Philadelphia
7357,94571,2017086788,6,67,67301,2017,4,5,227,2,3,1,0,5,1, , ,N,0,0,0,3,0,1,4,4,N,N,40 03:46.046,75 08:18.875,235, ,230,3,1,3,Y, ,0,N, , , , , , , , ,3,3,0,0,0,0,0,0,0,0,0,0,1,1,0,0,0,0,0,1,0,0,0,0,0,0,0,0,0,0,0,0,1,0,0,8,0,40.0628,-75.1386, ,Philadelphia