objectid_1,objectid,crn,district,county,municipality,crash_year,crash_month,day_of_week,time_of_day,hour_of_day,illumination,weather,road_condition,collision_type,relation_to_road,work_zone_type,work_zone_loc,work_zone_ind,intersect_type,tcd_type,location_type,urban_rural,fatal_count,injury_count,person_count,total_units,sch_bus_ind,sch_zone_ind,latitude,longitude,arrival_tm,cons_zone_spd_lim,dispatch_tm,est_hrs_closed,lane_closed,ln_close_dir,ntfy_hiwy_maint,spec_juris_cd,tcd_func_cd,tfc_detour_ind,workers_pres,wz_close_detour,wz_flagger,wz_law_offcr_ind,wz_ln_closure,wz_moving,wz_other,wz_shlder_mdn,vehicle_count,automobile_count,motorcycle_count,bus_count,small_truck_count,heavy_truck_count,suv_count,van_count,bicycle_count,maj_inj_count,mod_inj_count,min_inj_count,tot_inj_count,unk_inj_deg_count,unk_inj_per_count,driver_count_16yr,driver_count_17yr,driver_count_18yr,driver_count_19yr,driver_count_20yr,driver_count_50_64yr,driver_count_65_74yr,driver_count_75plus,unbelted_occ_count,unb_death_count,unb_maj_inj_count,belted_death_count,belted_maj_inj_count,mcycle_death_count,mcycle_maj_inj_count,bicycle_death_count,bicycle_maj_inj_count,ped_count,ped_death_count,ped_maj_inj_count,max_severity_level,comm_veh_count,dec_lat,dec_long,rdwy_surf_type_cd,county_name
7358,94572,2017089441,6,67,67301,2017,8,5,1742,17,1,1,0,1,1, , ,N,0,0,0,3,0,1,2,2,N,N,39 57:15.553,75 10:52.166,1800, ,1750, ,0, , , ,0, , , , , , , , , ,2,1,0,0,0,0,0,1,0,0,0,0,1,1,0,0,0,0,0,0,0,0,0,0,0,0,0,0,0,0,0,0,0,0,0,8,0,39.9543,-75.1812, ,Philadelphia
7359,94593,2017086213,6,67,67301,2017,7,1,824,8,1,1,0,8,1, , ,N,1,0,0,3,0,1,2,2,N,N,39 55:38.323,75 10:22.645,824, ,824, ,0, ,N, ,0, , , , , , , , , ,1,0,0,0,0,0,0,0,0,0,0,0,1,1,0,0,0,0,0,0,0,0,0,0,0,0,0,0,0,0,0,0,1,0,0,8,0,39.9273,-75.173, ,Philadelphia
7360,94595,2017115948,6,67,67301,2017,10,5,2035,20,3,1,0,8,1, , ,N,2,2,0,3,0,1,2,2,N,N,40 00:48.437,75 08:07.886,2040, ,2030, ,0, , , ,3, , , , , , , , , ,1,0,0,0,0,0,1,0,0,0,0,0,1,1,0,0,0,0,0,0,0,0,0,1,0,0,0,0,0,0,0,0,1,0,0,8,0,40.0135,-75.1355, ,Philadelphia
7361,97383,2017109855,6,67,67301,2017,10,1,0,0,3,1,0,5,6, , ,N,0,0,0,3,0,0,1,3,N, ,39 59:24.871,75 13:35.961,7, ,0, ,0, , , ,0, , , , , , , , , ,3,2,0,0,0,0,0,0,0,0,0,0,0,0,0,0,0,0,0,0,0,0,0,0,0,0,0,0,0,0,0,0,0,0,0,0,0,39.9902,-75.2267, ,Philadelphia
7362,97421,2018020688,6,67,67301,2017,12,1,418,4,3,1,0,4,1, , ,N,1,2,3,3,0,3,3,2,N,N,40 01:12.714,75 09:01.947,427, ,420,1,1,4,N, ,3,Y, , , , , , , , ,2,2,0,0,0,0,0,0,0,0,0,3,3,0,0,0,0,0,0,0,1,0,0,0,0,0,0,0,0,0,0,0,0,0,0,4,0,40.0202,-75.1505, ,Philadelphia
7363,97436,2018027609,6,67,67301,2017,12,7,1400,14,1,4,5,7,4, , ,N,2,0,0,3,0,0,1,1,N,N,40 03:26.902,74 59:21.526,1415, ,1410, ,0, ,N, ,0, , , , , , , , , ,1,0,0,0,0,1,0,0,0,0,0,0,0,0,0,0,0,0,0,0,0,0,0,0,0,0,0,0,0,0,0,0,0,0,0,0,0,40.0575,-74.9893, ,Philadelphia
7364,97450,2017135011,6,67,67301,2017,11,6,2330,23,3,1,0,1,1, , ,N,1,2,0,3,0,4,5,3,N,N,40 04:43.216,74 59:54.741,2338, ,2335, ,0, ,N, ,3, , , , , , , , , ,3,2,0,0,0,0,1,0,0,0,0,3,4,1,0,1,0,0,0,0,2,0,0,0,0,0,0,0,0,0,0,0,0,0,0,4,0,40.0787,-74.9985, ,Philadelphia
7365,97463,2017137582,6,67,67301,2017,11,6,2155,21,3,1,0,4,1, , ,N,1,2,0,3,0,1,3,2,N, ,39 57:25.245,75 12:47.990,2212, ,2200, ,0, ,N, ,3, , , , , , , , , ,2,2,0,0,0,0,0,0,0,0,0,1,1,0,0,0,0,0,0,0,0,0,0,2,0,0,0,0,0,0,0,0,0,0,0,4,0,39.957,-75.2133, ,Philadelphia
7366,97468,2018035208,6,67,67301,2017,8,5,1050,10,1,1,0,3,1, , ,N,0,0,0,3,0,1,2,2,Y,N,39 59:33.800,75 09:23.500,0, ,0, ,0, ,N, ,0, , , , , , , , , ,2,1,0,1,0,0,0,0,0,0,0,0,1,1,0,0,0,0,0,0,1,0,0,0,0,0,0,0,0,0,0,0,0,0,0,8,1,39.9927,-75.1565, ,Philadelphia
7367,97469,2017120696,6,67,67301,2017,10,1,9999,99,1,1,0,8,1, , ,N,2,0,1,3,0,1,2,2,N,N,39 59:17.426,75 07:42.520,2048, ,2033, ,0, ,N, ,0, , , , , , , , , ,1,0,0,0,0,0,1,0,0,0,0,1,1,0,0,0,0,0,0,0,0,0,0,0,0,0,0,0,0,0,0,0,1,0,0,4,0,39.9882,-75.1285, ,Philadelphia
7368,97477,2017088917,6,67,67301,2017,8,3,1348,13,1,1,0,4,1, , ,N,5,2,0,3,0,1,2,2,N, ,40 02:17.185,75 03:53.161,1348, ,1348,2,2,6, , ,3,Y, , , , , , , , ,2,0,0,0,0,0,0,2,0,0,0,1,1,0,0,0,0,0,0,0,0,0,0,1,0,0,0,0,0,0,0,0,0,0,0,4,0,40.0381,-75.0648, ,Philadelphia
7369,97480,2017108179,6,67,67301,2017,10,6,820,8,1,1,0,5,1, , ,N,0,0,0,3,0,2,4,2,N,N,39 52:58.904,75 14:41.186,827, ,822, ,0, , , ,0, , , , , , , , , ,2,2,0,0,0,0,0,0,0,0,0,2,2,0,0,0,0,0,0,0,0,1,0,1,0,0,0,0,0,0,0,0,0,0,0,4,0,39.883,-75.2448, ,Philadelphia
7370,97488,2017086100,6,67,67301,2017,7,7,513,5,1,1,0,5,6, , ,N,0,0,0,3,0,0,1,2,N,N,39 57:31.282,75 13:59.562,532, ,532, ,0, ,N, ,0, , , , , , , , , ,2,2,0,0,0,0,0,0,0,0,0,0,0,0,1,0,0,0,0,0,0,0,0,0,0,0,0,0,0,0,0,0,0,0,0,9,0,39.9587,-75.2332, ,Philadelphia
7371,97520,2017086194,6,67,67301,2017,7,5,1319,13,1,1,0,5,1, , ,N,0,0,0,3,0,1,2,2,N, ,39 55:06.595,75 14:08.123,1324, ,1319, ,0, , , ,0, , , , , , , , , ,2,0,0,0,0,0,0,2,0,0,0,0,1,1,0,0,0,0,1,0,0,0,0,0,0,0,0,0,0,0,0,0,0,0,0,8,0,39.9185,-75.2356, ,Philadelphia
7372,97522,2017116140,6,67,67301,2017,10,3,1813,18,4,1,0,8,1, , ,N,0,0,0,3,0,1,2,2,N,N,40 00:06.496,75 09:58.394,1816, ,1814, ,0, , , ,0, , , , , , , , , ,1,1,0,0,0,0,0,0,0,0,0,0,1,1,0,0,0,0,0,1,0,0,0,0,0,0,0,0,0,0,0,0,1,0,0,8,0,40.0018,-75.1662, ,Philadelphia
7373,97537,2017109803,6,67,67301,2017,9,3,1410,14,1,1,0,4,1, , ,N,1,3,0,3,0,1,3,2,N,N,39 59:06.327,75 09:52.833,9999, ,9999, ,0, , , ,3, , , , , , , , , ,2,2,0,0,0,0,0,0,0,0,0,1,1,0,0,0,0,0,0,0,1,0,0,1,0,0,0,0,0,0,0,0,0,0,0,4,0,39.9851,-75.1647, ,Philadelphia
7374,97573,2017086352,6,67,67301,2017,7,6,1840,18,1,1,0,4,1, , ,N,0,0,0,3,0,1,2,3,N,N,39 57:50.476,75 13:15.243,1852, ,1848, ,0, ,N, ,0, , , , , , , , , ,3,3,0,0,0,0,0,0,0,0,1,0,1,0,0,0,0,0,0,0,0,0,0,0,0,0,0,0,0,0,0,0,0,0,0,3,0,39.9641,-75.2214, ,Philadelphia
7375,97575,2017120629,6,67,67301,2017,10,1,115,1,3,1,0,8,1, , ,N,2,0,0,3,0,1,2,2,N, ,39 55:21.917,75 09:02.815,1140, ,1131, ,0, , , ,0, , , , , , , , , ,1,0,0,0,0,0,0,0,0,0,0,1,1,0,0,0,0,0,0,0,0,0,0,0,0,0,0,0,0,0,0,0,1,0,0,4,0,39.9228,-75.1508, ,Philadelphia
7376,97594,2017093536,6,67,67301,2017,8,3,1510,15,1,1,0,1,1, , ,N,2,2,2,3,0,1,4,2,N,N,39 54:43.095,75 09:01.801,1550, ,1545, ,0, ,N, ,3, , , , , , , , , ,2,1,0,0,0,0,0,1,0,0,0,0,1,1,0,0,0,0,0,0,0,1,0,0,0,0,0,0,0,0,0,0,0,0,0,8,0,39.912,-75.1505, ,Philadelphia
7377,97603,2017117237,6,67,67301,2017,10,5,1755,17,1,1,0,8,6, , ,N,0,0,0,3,0,1,2,2,N,N,39 55:45.250,75 14:05.960,1756, ,1755, ,0, ,N, ,0, , , , , , , , , ,1,1,0,0,0,0,0,0,0,0,0,0,1,1,0,0,0,0,0,0,0,0,0,1,0,0,0,0,0,0,0,0,1,0,0,8,0,39.9292,-75.235, ,Philadelphia
7378,97609,2017103894,6,67,67301,2017,9,6,1333,13,1,1,0,1,1, , ,N,0,0,0,3,0,0,5,2,N,N,39 58:03.526,75 07:53.126,1347, ,1333, ,0, , , ,0, , , , , , , , , ,2,0,0,0,1,0,1,0,0,0,0,0,0,0,0,0,0,0,0,0,0,0,0,0,0,0,0,0,0,0,0,0,0,0,0,0,0,39.9676,-75.1314, ,Philadelphia
7379,103157,2018028932,6,67,67301,2017,12,6,518,5,3,1,0,1,6, , ,N,0,0,0,3,0,0,1,2,N,N,39 57:29.223,75 14:05.402,527, ,520, ,0, ,N, ,0, , , , , , , , , ,2,1,0,0,0,1,0,0,0,0,0,0,0,0,0,0,0,0,0,0,0,0,0,0,0,0,0,0,0,0,0,0,0,0,0,0,0,39.9581,-75.2348, ,Philadelphia
7380,103165,2017127510,6,67,67301,2017,11,7,2258,22,3,2,1,4,1, , ,N,1,3,0,3,0,3,5,2,N, ,39 56:24.529,75 10:16.431,2341, ,2333, ,0, , , ,3, , , , , , , , , ,2,2,0,0,0,0,0,0,0,0,0,3,3,0,0,0,0,0,0,0,0,0,0,0,0,0,0,0,0,0,0,0,0,0,0,4,0,39.9401,-75.1712, ,Philadelphia
7381,103171,2018028847,6,67,67301,2017,12,7,1600,16,3,1,0,4,1, , ,N,1,3,0,3,0,2,4,2,N,N,40 00:03.412,75 10:01.009,1625, ,1623, ,0, ,N, ,3, , , , , , , , , ,2,1,0,0,0,0,1,0,0,0,0,2,2,0,1,0,0,0,0,0,2,0,0,0,0,0,0,0,0,0,0,0,0,0,0,4,0,40.0009,-75.1669, ,Philadelphia
7382,103176,2018027444,6,67,67301,2017,12,7,220,2,3,1,0,4,1, , ,N,1,3,0,3,0,1,2,2,N,N,40 03:26.611,75 09:36.536,229, ,224,3,2,6,N, ,3,Y, , , , , , , , ,2,2,0,0,0,0,0,0,0,0,0,1,1,0,1,0,0,0,0,0,0,0,0,0,0,0,0,0,0,0,0,0,0,0,0,4,0,40.0574,-75.1601, ,Philadelphia
7383,103181,2017136931,6,67,67301,2017,11,5,1712,17,3,1,0,1,1, , ,N,0,8,0,3,0,1,3,3,N,N,39 59:28.226,75 05:10.300,1718, ,1713,2,2,1,N, ,3,N, , , , , , , , ,3,2,0,0,0,0,0,1,0,0,1,0,1,0,1,0,0,0,0,0,0,1,0,1,0,0,0,0,0,0,0,0,0,0,0,3,0,39.9912,-75.0862, ,Philadelphia
7384,103240,2017132945,6,67,67301,2017,12,5,1953,19,3,1,0,1,1, , ,N,0,0,0,3,0,8,8,2,N,N,40 01:30.085,75 01:46.438,2002, ,1957, ,0, ,N, ,0, , , , , , , , , ,2,2,0,0,0,0,0,0,0,0,0,8,8,0,0,0,0,0,0,0,1,0,0,4,0,0,0,0,0,0,0,0,0,0,0,4,0,40.025,-75.0296, ,Philadelphia
7385,103250,2017135069,6,67,67301,2017,11,7,1022,10,1,1,0,3,6, , ,N,0,0,0,3,0,3,4,2,N,N,40 02:06.000,75 09:44.100,1031, ,1031, ,0, ,N, ,0, , , , , , , , , ,2,0,0,0,0,0,1,0,0,0,0,2,3,1,1,0,0,0,0,0,0,0,0,0,0,0,0,0,0,0,0,0,0,0,0,4,0,40.035,-75.1623, ,Philadelphia
7386,103258,2017127907,6,67,67301,2017,12,3,753,7,1,1,0,4,1, , ,N,1,2,0,3,0,1,2,2,N,N,39 58:33.125,75 09:30.760,800, ,757,3,2,2,N, ,3,N, , , , , , , , ,1,1,0,0,0,0,0,0,1,1,0,0,1,0,0,0,0,0,0,0,0,0,0,1,0,0,0,0,0,0,0,1,0,0,0,2,0,39.9758,-75.1584, ,Philadelphia
7387,103271,2017128008,6,67,67301,2017,11,6,1040,10,1,1,0,7,4, , ,N,0,0,1,3,0,1,1,1,N, ,40 00:10.384,75 09:46.482,1047, ,1044,1,1,3, , ,0,Y, , , , , , , , ,1,0,0,0,0,0,1,0,0,0,0,1,1,0,0,0,0,0,0,0,0,0,0,0,0,0,0,0,0,0,0,0,0,0,0,4,0,40.0029,-75.163, ,Philadelphia
7388,103273,2017128036,6,67,67301,2017,11,5,815,8,1,1,0,4,1, , ,N,1,2,0,3,0,0,2,2,N,N,40 01:24.018,75 10:44.495,922, ,922, ,0, ,N, ,3, , , , , , , , , ,2,1,0,0,1,0,0,0,0,0,0,0,0,0,0,0,0,0,0,0,0,0,0,2,0,0,0,0,0,0,0,0,0,0,0,0,0,40.0233,-75.179, ,Philadelphia
7389,103279,2018027348,6,67,67301,2017,12,5,1305,13,1,1,0,4,1, , ,N,5,2,0,3,0,1,2,2,N,N,39 57:51.728,75 10:34.926,1319, ,1312, ,0, ,N, ,3, , , , , , , , , ,2,2,0,0,0,0,0,0,0,0,0,0,1,1,0,0,0,0,0,0,0,1,0,0,0,0,0,0,0,0,0,0,0,0,0,8,0,39.9644,-75.1764, ,Philadelphia
7390,103302,2018000755,6,67,67301,2017,12,1,1042,10,1,1,1,1,1, , ,N,0,0,0,3,0,0,2,2,N,N,40 01:47.010,75 01:20.554,1052, ,1043,1,1,2, , ,0,N, , , , , , , , ,2,0,0,0,0,0,2,0,0,0,0,0,0,0,1,0,0,0,0,0,0,0,0,0,0,0,0,0,0,0,0,0,0,0,0,9,0,40.0297,-75.0224, ,Philadelphia
7391,103316,2017135070,6,46,46102,2017,11,6,1730,17,3,1,0,1,1, , ,N,0,2,0,3,0,0,4,2,N, ,40 04:37.600,75 09:49.700,1820, ,1810,2,1,2,N, ,3,N, , , , , , , , ,2,2,0,0,0,0,0,0,0,0,0,0,0,0,4,0,0,0,0,0,0,0,0,1,0,0,0,0,0,0,0,0,0,0,0,9,0,40.077,-75.1636, ,Montgomery
7392,103329,2017122815,6,67,67301,2017,11,4,1540,15,1,1,0,4,1, , ,N,0,0,0,3,0,2,3,2,N, ,40 00:48.646,75 09:32.717,1622, ,1618,2,1,4, , ,0,Y, , , , , , , , ,2,1,0,0,0,0,1,0,0,0,0,2,2,0,1,0,0,0,0,0,0,0,0,0,0,0,0,0,0,0,0,0,0,0,0,4,0,40.0135,-75.1591, ,Philadelphia
7393,103340,2017127386,6,67,67301,2017,11,2,1708,17,3,2,1,8,1, , ,N,1,2,0,3,0,1,2,2,N,N,39 59:30.291,75 06:46.001,1711, ,1710, ,0, ,N, ,3, , , , , , , , , ,1,1,0,0,0,0,0,0,0,0,0,0,1,1,0,0,0,0,0,0,0,0,0,0,0,0,0,0,0,0,0,0,1,0,0,8,0,39.9917,-75.1128, ,Philadelphia
7394,103343,2017130657,6,67,67301,2017,11,6,1000,10,1,1,0,1,1, , ,N,0,0,0,3,0,4,5,3,N,N,40 01:26.900,75 06:57.200,1030, ,1029, ,0, ,N, ,0, , , , , , , , , ,3,2,0,0,0,0,0,1,0,0,0,3,4,1,0,0,0,0,0,0,0,0,0,1,0,0,0,0,0,0,0,0,0,0,0,4,0,40.0241,-75.1159, ,Philadelphia
7395,103349,2017130619,6,67,67301,2017,11,1,2217,22,3,1,0,8,1, , ,N,0,0,0,3,0,1,3,2,N,N,39 58:07.765,75 08:09.957,2221, ,2217,2,1,3,N, ,0,N, , , , , , , , ,1,1,0,0,0,0,0,0,0,0,1,0,1,0,0,0,0,0,0,0,0,0,0,0,0,0,0,0,0,0,0,0,1,0,0,3,0,39.9688,-75.1361, ,Philadelphia
7396,103362,2017135131,6,67,67301,2017,12,5,59,0,3,4,1,7,2, , ,N,0,0,3,3,0,0,1,1,N,N,40 02:05.328,75 01:06.371,119, ,101, ,0, ,N, ,0, , , , , , , , , ,1,0,0,0,0,0,1,0,0,0,0,0,0,0,0,0,0,0,0,0,0,0,0,0,0,0,0,0,0,0,0,0,0,0,0,0,0,40.0348,-75.0184, ,Philadelphia
7397,100858,2017129225,6,67,67301,2017,9,5,953,9,1,1,0,1,1, , ,N,7,8,2,3,0,1,2,2,N,N,39 55:34.761,75 08:49.009,957, ,955, ,0, , , ,3, , , , , , , , , ,2,1,0,0,0,0,1,0,0,0,0,1,1,0,0,0,0,0,0,0,1,0,0,0,0,0,0,0,0,0,0,0,0,0,0,4,0,39.9263,-75.1469, ,Philadelphia
7398,100864,2017127405,6,67,67301,2017,11,6,1600,16,1,1,0,1,1, , ,N,1,2,0,3,0,1,2,2,N, ,39 58:59.480,75 09:24.548,1645, ,1640, ,0, , , ,3, , , , , , , , , ,2,2,0,0,0,0,0,0,0,0,0,1,1,0,0,0,0,0,0,0,1,0,0,0,0,0,0,0,0,0,0,0,0,0,0,4,0,39.9832,-75.1568, ,Philadelphia
7399,100869,2017137581,6,67,67301,2017,12,6,1035,10,1,1,0,4,1, , ,N,2,3,0,3,0,1,2,2,N, ,39 57:22.441,75 14:53.151,1043, ,1043,1,1,3,N, ,3,Y, , , , , , , , ,2,2,0,0,0,0,0,0,0,0,0,1,1,0,0,0,0,0,0,0,1,0,0,1,0,0,0,0,0,0,0,0,0,0,0,4,0,39.9562,-75.2481, ,Philadelphia
7400,100871,2017128025,6,67,67301,2017,11,7,1635,16,1,1,0,4,1, , ,N,2,2,2,3,0,1,2,2,N,N,39 53:01.171,75 15:05.812,1642, ,1638, ,0, ,N, ,3, , , , , , , , , ,2,1,0,0,1,0,0,0,0,0,0,1,1,0,0,0,0,0,0,0,1,0,0,0,0,0,0,0,0,0,0,0,0,0,0,4,0,39.8836,-75.2515, ,Philadelphia
7401,100873,2018027579,6,67,67301,2017,12,6,408,4,3,1,0,1,6, , ,N,0,0,0,3,0,0,1,3,N,N,39 56:27.200,75 14:03.300,414, ,413, ,0, ,N, ,0, , , , , , , , , ,3,3,0,0,0,0,0,0,0,0,0,0,0,0,0,0,0,0,0,0,0,0,0,0,0,0,0,0,0,0,0,0,0,0,0,0,0,39.9409,-75.2343, ,Philadelphia
7402,100874,2018030133,6,67,67301,2017,12,2,945,9,1,1,0,8,1, , ,N,1,1,0,3,0,1,2,2,N,N,39 57:02.545,75 13:43.896,946, ,948, ,0, ,N, ,3, , , , , , , , , ,1,1,0,0,0,0,0,0,0,0,0,1,1,0,0,0,0,0,0,0,0,0,0,0,0,0,0,0,0,0,0,0,1,0,0,4,0,39.9507,-75.2289, ,Philadelphia
7403,100876,2018027484,6,67,67301,2017,12,6,1515,15,1,1,0,4,1, , ,N,1,0,0,3,0,1,2,2,N,N,40 01:24.455,75 08:21.721,1540, ,1522, ,0, ,N, ,0, , , , , , , , , ,2,2,0,0,0,0,0,0,0,0,0,1,1,0,0,0,0,0,0,0,1,0,0,0,0,0,0,0,0,0,0,0,0,0,0,4,0,40.0235,-75.1394, ,Philadelphia
7404,100878,2017130603,6,67,67301,2017,11,5,515,5,3,1,0,4,1, , ,N,1,2,0,3,0,2,3,2,N,N,39 57:37.313,75 11:22.016,1725, ,1715, ,0, ,N, ,3, , , , , , , , , ,2,2,0,0,0,0,0,0,0,0,0,0,2,2,0,0,0,0,0,0,0,0,0,0,0,0,0,0,0,0,0,0,0,0,0,8,0,39.9604,-75.1894, ,Philadelphia
7405,100879,2017120619,6,67,67301,2017,10,1,1823,18,3,2,1,4,1, , ,N,5,2,0,3,0,1,3,2,N,N,40 00:17.830,75 10:43.883,1848, ,1847,1,1,1,N, ,3,N, , , , , , , , ,2,2,0,0,0,0,0,0,0,0,0,0,1,1,0,0,0,0,0,1,0,0,0,0,0,0,0,0,0,0,0,0,0,0,0,8,0,40.0049,-75.1787, ,Philadelphia
7406,100891,2017134842,6,67,67301,2017,12,3,2312,23,3,2,1,1,1, , ,N,0,0,0,3,0,0,2,2,N,N,39 56:12.434,75 11:57.023,2320, ,2314,1,1,4,N, ,0,N, , , , , , , , ,2,1,0,0,1,0,0,0,0,0,0,0,0,0,0,0,0,0,0,0,1,0,0,0,0,0,0,0,0,0,0,0,0,0,0,0,0,39.9368,-75.1992, ,Philadelphia
7407,100898,2017137522,6,67,67301,2017,11,2,1652,16,3,1,0,4,1, , ,N,1,2,0,3,0,1,3,2,N,N,39 57:32.225,75 13:44.216,1723, ,1721,2,1,3,N, ,3,N, , , , , , , , ,2,1,0,0,0,0,1,0,0,0,0,0,1,1,0,0,0,0,0,0,0,0,0,0,0,0,0,0,0,0,0,0,0,0,0,8,0,39.959,-75.229, ,Philadelphia
7408,100920,2017130696,6,67,67301,2017,11,6,1720,17,3,1,0,5,1, , ,N,0,0,0,3,0,1,3,4,N, ,40 00:34.159,75 10:04.097,1745, ,1741, ,0, ,N, ,0, , , , , , , , , ,3,1,0,0,0,0,1,0,0,0,0,1,1,0,1,0,0,0,0,0,1,0,0,0,0,0,0,0,0,0,0,0,1,0,0,4,0,40.0095,-75.1678, ,Philadelphia
7409,100936,2017114654,6,67,67301,2017,10,4,1752,17,1,1,0,1,1, , ,N,6,0,2,3,0,1,2,2,N,N,40 00:37.227,75 12:25.505,1831, ,1804, ,0, , , ,0, , , , , , , , , ,2,0,0,0,0,0,2,0,0,0,0,0,1,1,0,0,0,0,0,0,0,0,0,0,0,0,0,0,0,0,0,0,0,0,0,8,0,40.0103,-75.2071, ,Philadelphia
7410,100946,2017097897,6,67,67301,2017,9,6,1010,10,1,1,0,8,1, , ,N,3,2,0,3,0,1,2,2,N,N,39 58:38.507,75 13:37.478,1025, ,1015, ,0, , , ,3, , , , , , , , , ,1,1,0,0,0,0,0,0,0,0,0,1,1,0,0,0,0,0,0,0,0,0,0,1,0,0,0,0,0,0,0,0,1,0,0,4,0,39.9774,-75.2271, ,Philadelphia
7411,100967,2018030140,6,67,67301,2017,12,5,930,9,1,1,0,8,1, , ,N,1,2,0,3,0,1,2,2,N, ,39 57:03.048,75 09:49.788,1545, ,1545, ,0, ,N, ,3, , , , , , , , , ,1,1,0,0,0,0,0,0,0,1,0,0,1,0,0,0,0,0,0,0,0,0,0,0,0,0,0,0,0,0,0,0,1,0,1,2,0,39.9508,-75.1638, ,Philadelphia
7412,100968,2018005500,6,67,67301,2017,12,7,1630,16,1,1,0,4,1, , ,N,1,3,0,3,0,0,4,2,N,N,40 02:26.574,75 01:47.778,1635, ,1630,2,1,2,N, ,3,N, , , , , , , , ,2,1,0,0,0,0,1,0,0,0,0,0,0,0,0,0,0,1,0,0,0,0,0,4,0,0,0,0,0,0,0,0,0,0,0,0,0,40.0407,-75.0299, ,Philadelphia
7413,100970,2017109952,6,67,67301,2017,10,5,136,1,3,1,0,4,1, , ,N,1,2,0,3,0,2,2,2,N,N,40 02:05.085,75 07:51.146,138, ,137, ,0, , , ,3, , , , , , , , , ,2,2,0,0,0,0,0,0,0,0,1,1,2,0,0,0,0,0,0,0,0,0,0,0,0,0,0,0,0,0,0,0,0,0,0,3,0,40.0347,-75.1309, ,Philadelphia
7414,100981,2017111047,6,67,67301,2017,9,6,930,9,1,1,0,4,1, , ,N,2,3,0,3,0,1,2,2,N,N,39 55:29.469,75 10:23.984,940, ,935,1,2,6,N, ,3,Y, , , , , , , , ,2,1,0,0,0,0,1,0,0,0,1,0,1,0,0,0,0,1,0,0,0,0,0,0,0,0,0,0,0,0,0,0,0,0,0,3,0,39.9249,-75.1733, ,Philadelphia
7415,94608,2017100441,6,67,67301,2017,7,3,13,0,3,1,0,5,1, , ,N,0,0,3,3,0,2,5,2,N,N,39 58:12.488,75 07:31.797,21, ,15,2,1,1, , ,0,N, , , , , , , , ,2,0,0,0,0,0,2,0,0,0,2,0,2,0,1,0,0,0,0,0,1,0,0,2,0,0,0,0,0,0,0,0,0,0,0,3,0,39.9701,-75.1255, ,Philadelphia
7416,94616,2017060524,6,67,67301,2017,5,2,1055,10,1,1,0,4,1, , ,N,1,2,0,3,0,1,2,3,N, ,39 55:06.785,75 13:33.433,1055, ,1055,9,1,3, , ,3,N, , , , , , , , ,3,2,0,0,0,0,0,1,0,0,0,1,1,0,0,0,0,0,0,0,0,1,0,0,0,0,0,0,0,0,0,0,0,0,0,4,0,39.9186,-75.226, ,Philadelphia
7417,94641,2017086681,6,67,67301,2017,3,6,1530,15,1,1,0,5,1, , ,N,0,0,0,3,0,1,3,2,N,N,40 00:37.850,75 04:44.424,1721, ,1719, ,0, ,N, ,0, , , , , , , , , ,2,1,0,0,0,1,0,0,0,0,0,0,1,1,2,0,0,0,0,0,1,0,0,0,0,0,0,0,0,0,0,0,0,0,0,8,1,40.0105,-75.079, ,Philadelphia
7418,94653,2017116128,6,67,67301,2017,10,1,455,4,3,2,1,4,1, , ,N,1,2,0,3,0,1,5,2,N,N,40 00:29.331,75 04:20.880,500, ,458,2,1,2, , ,3,N, , , , , , , , ,2,2,0,0,0,0,0,0,0,0,0,1,1,0,0,0,0,0,0,0,0,0,0,1,0,0,0,0,0,0,0,0,0,0,0,4,0,40.0081,-75.0725, ,Philadelphia
7419,94676,2017071793,6,67,67301,2017,6,7,1921,19,1,1,0,4,1, , ,N,3,0,7,3,0,1,2,2,N,N,40 00:55.139,75 12:29.255,1943, ,1941, ,0, ,N, ,0, , , , , , , , , ,1,1,0,0,0,0,0,0,1,0,1,0,1,0,0,0,0,0,0,0,0,0,0,1,0,0,0,0,0,0,0,0,0,0,0,3,0,40.0153,-75.2081, ,Philadelphia
7420,94682,2017108004,6,67,67301,2017,8,4,1627,16,1,1,0,4,1, , ,N,1,0,0,3,0,2,2,2,N,N,40 02:04.223,75 03:02.185,1631, ,1627, ,0, , , ,0, , , , , , , , , ,2,1,0,0,0,0,1,0,0,0,0,1,2,1,0,0,0,0,0,0,1,0,0,0,0,0,0,0,0,0,0,0,0,0,0,4,0,40.0345,-75.0506, ,Philadelphia
7421,94692,2017116053,6,67,67301,2017,10,5,656,6,1,1,0,4,1, , ,N,1,2,0,3,0,1,3,2,N, ,40 01:53.011,75 09:08.560,728, ,720, ,0, , , ,3, , , , , , , , , ,2,2,0,0,0,0,0,0,0,0,0,1,1,0,0,0,0,0,0,0,0,0,0,0,0,0,0,0,0,0,0,0,0,0,0,4,0,40.0314,-75.1524, ,Philadelphia
7422,94697,2017105885,6,67,67301,2017,9,7,1130,11,1,1,0,2,1, , ,N,0,0,0,3,0,2,2,2,N,N,39 58:48.680,75 05:56.538,1150, ,1141,2,1,4, , ,0,N, , , , , , , , ,2,1,0,0,0,0,1,0,0,0,0,0,2,2,0,0,0,0,0,0,1,0,0,2,0,0,0,0,0,0,0,0,0,0,0,8,0,39.9802,-75.099, ,Philadelphia