objectid_1,objectid,crn,district,county,municipality,crash_year,crash_month,day_of_week,time_of_day,hour_of_day,illumination,weather,road_condition,collision_type,relation_to_road,work_zone_type,work_zone_loc,work_zone_ind,intersect_type,tcd_type,location_type,urban_rural,fatal_count,injury_count,person_count,total_units,sch_bus_ind,sch_zone_ind,latitude,longitude,arrival_tm,cons_zone_spd_lim,dispatch_tm,est_hrs_closed,lane_closed,ln_close_dir,ntfy_hiwy_maint,spec_juris_cd,tcd_func_cd,tfc_detour_ind,workers_pres,wz_close_detour,wz_flagger,wz_law_offcr_ind,wz_ln_closure,wz_moving,wz_other,wz_shlder_mdn,vehicle_count,automobile_count,motorcycle_count,bus_count,small_truck_count,heavy_truck_count,suv_count,van_count,bicycle_count,maj_inj_count,mod_inj_count,min_inj_count,tot_inj_count,unk_inj_deg_count,unk_inj_per_count,driver_count_16yr,driver_count_17yr,driver_count_18yr,driver_count_19yr,driver_count_20yr,driver_count_50_64yr,driver_count_65_74yr,driver_count_75plus,unbelted_occ_count,unb_death_count,unb_maj_inj_count,belted_death_count,belted_maj_inj_count,mcycle_death_count,mcycle_maj_inj_count,bicycle_death_count,bicycle_maj_inj_count,ped_count,ped_death_count,ped_maj_inj_count,max_severity_level,comm_veh_count,dec_lat,dec_long,rdwy_surf_type_cd,county_name
7812,79678,2017078820,6,67,67301,2017,7,5,2025,20,3,2,1,6,1, , ,N,0,0,0,3,0,1,2,3,N,N,40 01:48.569,75 08:16.420,2035, ,2030, ,0, ,N, ,0, , , , , , , , , ,3,1,0,0,0,0,2,0,0,0,0,1,1,0,0,0,0,0,0,0,0,0,0,1,0,0,0,0,0,0,0,0,0,0,0,4,0,40.0302,-75.1379, ,Philadelphia
7813,79732,2017067674,6,67,67301,2017,6,6,2340,23,3,1,0,5,1, , ,N,0,0,0,3,0,1,2,4,N,N,40 02:18.645,75 04:50.101,2350, ,2346, ,0, ,N, ,0, , , , , , , , , ,4,2,0,0,1,0,1,0,0,0,0,0,1,1,0,0,0,0,0,0,0,1,0,1,0,0,0,0,0,0,0,0,0,0,0,8,0,40.0385,-75.0806, ,Philadelphia
7814,79737,2017079102,6,67,67301,2017,7,5,1924,19,1,2,1,1,1, , ,N,0,0,0,3,0,2,2,2,N,N,39 55:18.551,75 08:52.622,1937, ,1924,1,1,2, , ,0,N, , , , , , , , ,2,2,0,0,0,0,0,0,0,0,2,0,2,0,0,0,0,1,0,0,0,0,0,0,0,0,0,0,0,0,0,0,0,0,0,3,0,39.9218,-75.148, ,Philadelphia
7815,79759,2017097829,6,67,67301,2017,9,3,1600,16,1,1,0,4,1, , ,N,1,2,0,3,0,2,2,2,N,N,40 03:11.336,75 02:24.854,1612, ,1610,1,1,3,N, ,3,N, , , , , , , , ,2,0,0,0,0,0,1,1,0,0,0,2,2,0,0,0,0,0,0,0,1,0,0,0,0,0,0,0,0,0,0,0,0,0,0,4,0,40.0531,-75.0402, ,Philadelphia
7816,79776,2017058326,6,67,67301,2017,5,5,2015,20,1,1,0,8,1, , ,N,0,0,0,3,0,1,2,2,N,N,39 57:28.294,75 14:10.677,2045, ,2040, ,0, ,N, ,0, , , , , , , , , ,1,1,0,0,0,0,0,0,0,0,0,1,1,0,0,0,0,0,0,0,0,0,0,0,0,0,0,0,0,0,0,0,1,0,0,4,0,39.9579,-75.2363, ,Philadelphia
7817,79809,2017135032,6,67,67301,2017,11,6,1724,17,3,1,0,4,1, , ,N,1,2,0,3,0,1,3,2,N,N,40 02:54.625,75 14:06.990,1734, ,1728, ,0, ,N, ,3, , , , , , , , , ,2,1,0,0,0,0,0,1,0,0,0,0,1,1,0,0,0,0,0,0,1,0,1,2,0,0,0,0,0,0,0,0,0,0,0,8,0,40.0485,-75.2353, ,Philadelphia
7818,79855,2017091790,6,67,67301,2017,8,4,30,0,3,6,1,4,6, , ,N,0,0,0,3,0,0,1,2,N,N,39 57:44.449,75 12:31.096,1250, ,1245,3,1,4,N, ,0,N, , , , , , , , ,2,2,0,0,0,0,0,0,0,0,0,0,0,0,0,0,0,0,0,0,0,0,0,0,0,0,0,0,0,0,0,0,0,0,0,0,0,39.9623,-75.2086, ,Philadelphia
7819,79857,2017108097,6,67,67301,2017,10,7,1213,12,1,1,0,1,1, , ,N,0,0,0,3,0,1,3,3,N,N,39 53:54.057,75 10:54.753,1313, ,1248, ,0, , , ,0, , , , , , , , , ,3,2,0,0,1,0,0,0,0,0,0,0,1,1,0,0,0,0,0,0,1,0,0,0,0,0,0,0,0,0,0,0,0,0,0,8,0,39.8984,-75.1818, ,Philadelphia
7820,79872,2017086710,6,67,67301,2017,3,4,1625,16,1,1,0,4,1, , ,N,0,0,7,3,0,0,3,2,N,N,40 08:01.281,75 00:36.190,1635, ,1631, ,0, ,N, ,0, , , , , , , , , ,2,1,0,0,0,0,1,0,0,0,0,0,0,0,0,0,0,0,0,0,0,0,0,0,0,0,0,0,0,0,0,0,0,0,0,0,0,40.1337,-75.0101, ,Philadelphia
7821,79875,2017086871,6,67,67301,2017,5,3,1100,11,1,1,0,1,1, , ,N,0,0,0,3,0,0,1,3,N, ,40 00:44.923,75 08:23.114,1101, ,1100, ,0, , , ,0, , , , , , , , , ,3,1,0,0,0,0,2,0,0,0,0,0,0,0,0,0,0,0,0,0,0,0,0,0,0,0,0,0,0,0,0,0,0,0,0,0,0,40.0125,-75.1398, ,Philadelphia
7822,79877,2017086801,6,67,67301,2017,4,7,2044,20,2,1,0,8,1, , ,N,0,0,0,3,0,1,2,2,N,N,39 55:05.422,75 09:23.979,2132, ,2130, ,0, ,N, ,0, , , , , , , , , ,1,1,0,0,0,0,0,0,0,0,0,1,1,0,0,0,0,0,0,0,0,0,0,1,0,0,0,0,0,0,0,0,1,0,0,4,0,39.9182,-75.1567, ,Philadelphia
7823,79889,2017093578,6,67,67301,2017,7,6,205,2,3,1,0,1,1, , ,N,1,2,0,3,0,1,3,2,N, ,39 57:12.878,75 08:23.942,209, ,206, ,0, ,N, ,3, , , , , , , , , ,2,1,1,0,0,0,0,0,0,0,0,0,1,1,0,0,0,0,0,0,0,0,0,1,0,0,0,0,0,0,0,0,0,0,0,8,0,39.9535,-75.1398, ,Philadelphia
7824,79891,2017097800,6,46,46102,2017,9,3,1655,16,1,1,0,4,1, , ,N,0,0,7,3,0,0,2,2,N,N,40 04:00.855,75 08:44.331,1720, ,1707,1,1,1,N, ,0,N, , , , , , , , ,2,2,0,0,0,0,0,0,0,0,0,0,0,0,0,0,1,0,0,0,1,0,0,0,0,0,0,0,0,0,0,0,0,0,0,0,0,40.0669,-75.1456, ,Montgomery
7825,79904,2017109802,6,67,67301,2017,9,5,5,0,3,1,0,6,6, , ,N,0,0,0,3,0,0,1,3,N,N,39 59:14.074,75 07:07.911,220, ,16,1,1,3,N, ,0,N, , , , , , , , ,3,1,0,0,0,0,2,0,0,0,0,0,0,0,0,0,0,0,0,0,1,0,0,1,0,0,0,0,0,0,0,0,0,0,0,0,0,39.9872,-75.1189, ,Philadelphia
7826,79907,2017096445,6,67,67301,2017,9,7,1828,18,1,2,1,4,1, , ,N,2,3,0,3,0,2,4,2,N, ,40 02:20.567,75 08:47.716,1837, ,1834, ,0, , , ,3, , , , , , , , , ,2,1,0,0,0,0,1,0,0,0,0,2,2,0,0,0,0,0,1,0,0,0,0,0,0,0,0,0,0,0,0,0,0,0,0,4,0,40.039,-75.1466, ,Philadelphia
7827,79915,2017050884,6,67,67301,2017,5,3,2144,21,3,1,0,8,1, , ,N,3,0,2,3,0,1,3,2,N,N,40 00:23.687,75 11:58.117,2151, ,2147,1,2,3, , ,0,N, , , , , , , , ,1,1,0,0,0,0,0,0,0,0,0,0,1,1,0,0,0,0,0,0,0,0,0,0,0,0,0,0,0,0,0,0,1,0,0,8,0,40.0066,-75.1995, ,Philadelphia
7828,82742,2017091853,6,67,67301,2017,8,7,1544,15,1,1,0,1,6, , ,N,0,0,0,3,0,1,1,2,N,Y,39 56:52.949,75 09:47.322,1553, ,1540, ,0, , , ,0, , , , , , , , , ,2,1,0,0,0,0,0,0,0,0,0,0,1,1,0,0,0,0,0,0,0,0,1,1,0,0,0,0,0,0,0,0,0,0,0,8,0,39.948,-75.1631, ,Philadelphia
7829,82745,2017088848,6,67,67301,2017,8,3,1450,14,1,1,0,4,1, , ,N,1,2,0,3,0,0,5,2,N,N,39 57:40.391,75 10:30.537,1610, ,1608,3,2,1,N, ,3,N, , , , , , , , ,2,1,0,0,1,0,0,0,0,0,0,0,0,0,0,0,0,0,0,0,0,0,0,1,0,0,0,0,0,0,0,0,0,0,0,0,0,39.9613,-75.175, ,Philadelphia
7830,82747,2017086908,6,67,67301,2017,6,5,305,3,3,1,0,4,1, , ,N,1,2,0,3,0,4,5,2,N,N,40 02:39.449,75 03:14.767,315, ,307,1,1,4,N, ,3,N, , , , , , , , ,2,1,0,0,0,0,1,0,0,0,0,4,4,0,0,0,0,0,0,0,0,0,1,0,0,0,0,0,0,0,0,0,0,0,0,4,0,40.0443,-75.0541, ,Philadelphia
7831,82753,2017116083,6,67,67301,2017,10,6,1825,18,3,1,0,8,1, , ,N,0,0,0,3,0,1,2,2,N,N,39 55:31.299,75 14:31.581,1836, ,1830, ,0, ,N, ,0, , , , , , , , , ,1,0,0,0,0,0,1,0,0,0,1,0,1,0,0,0,0,0,0,0,1,0,0,1,0,0,0,0,0,0,0,0,1,0,0,3,0,39.9254,-75.2421, ,Philadelphia
7832,82762,2017060686,6,67,67301,2017,5,3,2348,23,3,1,0,7,4, , ,N,0,0,0,3,0,0,1,1,N,N,40 04:28.880,75 03:22.060,2353, ,2349, ,0, ,N, ,0, , , , , , , , , ,1,1,0,0,0,0,0,0,0,0,0,0,0,0,0,0,0,0,0,0,0,0,0,0,0,0,0,0,0,0,0,0,0,0,0,0,0,40.0747,-75.0561, ,Philadelphia
7833,82774,2017067729,6,67,67301,2017,5,5,1523,15,1,1,0,1,1, , ,N,3,2,0,3,0,5,5,3,N, ,40 02:08.089,75 04:10.167,1525, ,1523,3,2,2, , ,3,Y, , , , , , , , ,3,2,0,0,0,0,1,0,0,0,0,5,5,0,0,0,0,0,0,0,0,0,0,0,0,0,0,0,0,0,0,0,0,0,0,4,0,40.0356,-75.0692, ,Philadelphia
7834,82792,2017067917,6,67,67301,2017,5,7,2015,20,4,1,0,7,4, , ,N,0,0,0,3,0,1,1,1,N, ,40 00:06.398,75 04:51.773,2030, ,2026, ,0, , , ,0, , , , , , , , , ,1,0,0,0,0,0,0,1,0,0,0,0,1,1,0,0,0,0,0,0,0,0,0,0,0,0,0,0,0,0,0,0,0,0,0,8,0,40.0018,-75.081, ,Philadelphia
7835,82797,2017088759,6,67,67301,2017,8,4,2108,21,2,2,1,4,1, , ,N,2,0,0,3,1,1,3,2,N,N,39 58:32.235,75 11:31.145,9999, ,2110,3,2,1,N,0,0,Y, , , , , , , , ,2,1,1,0,0,0,0,0,0,0,0,1,1,0,0,0,0,0,0,0,0,0,0,0,0,0,0,0,1,0,0,0,0,0,0,1,0,39.9755,-75.1918,2,Philadelphia
7836,82800,2017076136,6,67,67301,2017,6,4,1657,16,1,2,1,4,1, , ,N,1,3,0,3,0,0,2,2,N,N,39 57:48.747,75 14:03.753,1710, ,1657, ,0, ,N, ,3, , , , , , , , , ,2,1,0,0,1,0,0,0,0,0,0,0,0,0,0,0,0,0,0,0,0,0,1,1,0,0,0,0,0,0,0,0,0,0,0,0,0,39.9635,-75.2344, ,Philadelphia
7837,82814,2017067840,6,67,67301,2017,6,5,1100,11,1,1,0,4,1, , ,N,0,0,0,3,0,1,1,2,N, ,39 55:35.544,75 10:38.956,1110, ,1108, ,0, , , ,0, , , , , , , , , ,2,2,0,0,0,0,0,0,0,0,0,0,1,1,0,0,0,0,0,0,0,1,0,0,0,0,0,0,0,0,0,0,0,0,0,8,0,39.9265,-75.1775, ,Philadelphia
7838,82821,2017078816,6,67,67301,2017,7,5,1909,19,4,2,1,4,1, , ,N,1,2,0,3,0,1,3,2,N,N,40 00:03.507,75 08:53.118,1948, ,1948, ,0, ,N, ,3, , , , , , , , , ,2,2,0,0,0,0,0,0,0,0,0,1,1,0,0,0,0,0,0,0,0,0,0,0,0,0,0,0,0,0,0,0,0,0,0,4,0,40.001,-75.1481, ,Philadelphia
7839,82837,2017096411,6,67,67301,2017,8,2,1135,11,1,1,0,4,1, , ,N,1,3,0,3,0,5,5,2,N,N,40 03:57.202,75 10:35.464,1205, ,1135, ,0, ,N, ,3, , , , , , , , , ,2,1,0,1,0,0,0,0,0,0,1,1,5,3,0,0,0,0,0,0,0,1,0,0,0,0,0,0,0,0,0,0,0,0,0,3,1,40.0659,-75.1765, ,Philadelphia
7840,82850,2017093498,6,67,67301,2017,8,3,2046,20,3,1,0,5,6, , ,N,0,0,0,3,0,0,4,3,N, ,39 57:11.145,75 14:11.896,2054, ,2048, ,0, , , ,0, , , , , , , , , ,3,3,0,0,0,0,0,0,0,0,0,0,0,0,0,0,0,0,0,0,0,0,0,0,0,0,0,0,0,0,0,0,0,0,0,0,0,39.9531,-75.2366, ,Philadelphia
7841,82855,2017068059,6,67,67301,2017,6,3,1630,16,1,1,0,4,1, , ,N,1,3,0,3,0,2,2,2,N, ,40 03:00.093,75 05:47.151,1708, ,1643,2,1,4, , ,3,N, , , , , , , , ,2,1,0,0,0,0,1,0,0,0,0,2,2,0,0,0,0,0,0,0,0,1,0,1,0,0,0,0,0,0,0,0,0,0,0,4,0,40.05,-75.0964, ,Philadelphia
7842,82875,2017087777,6,67,67301,2017,8,2,1547,15,1,1,0,1,1, , ,N,0,0,0,3,0,0,2,2,N,N,39 57:30.826,75 10:05.956,1556, ,1551, ,0, , , ,0, , , , , , , , , ,2,0,0,0,0,0,2,0,0,0,0,0,0,0,0,0,0,0,0,0,0,0,0,0,0,0,0,0,0,0,0,0,0,0,0,0,0,39.9586,-75.1683, ,Philadelphia
7843,82891,2017105982,6,67,67301,2017,9,4,806,8,1,1,0,8,1, , ,N,1,2,0,3,0,1,2,2,N, ,40 03:07.696,75 04:04.036,812, ,810, ,0, , , ,3, , , , , , , , , ,1,1,0,0,0,0,0,0,0,0,0,1,1,0,0,0,0,0,0,0,0,0,0,0,0,0,0,0,0,0,0,0,1,0,0,4,0,40.0521,-75.0678, ,Philadelphia
7844,82910,2017067911,6,67,67301,2017,6,3,740,7,1,2,1,4,1, , ,N,2,0,0,3,0,0,3,2,N,N,40 01:32.141,75 12:08.738,750, ,745, ,0, , , ,0, , , , , , , , , ,2,2,0,0,0,0,0,0,0,0,0,0,0,0,0,0,0,0,0,0,0,0,0,0,0,0,0,0,0,0,0,0,0,0,0,0,0,40.0257,-75.2025, ,Philadelphia
7845,82925,2017078770,6,67,67301,2017,6,6,1655,16,1,1,0,8,1, , ,N,1,2,0,3,0,1,2,2,N, ,40 02:22.463,75 02:44.643,1709, ,1708, ,0, , , ,3, , , , , , , , , ,1,1,0,0,0,0,0,0,0,0,0,1,1,0,0,0,0,0,0,0,0,0,0,0,0,0,0,0,0,0,0,0,1,0,0,4,0,40.0395,-75.0458, ,Philadelphia
7846,86297,2017105992,6,67,67301,2017,9,4,930,9,1,1,0,5,1, , ,N,1,2,0,3,0,0,2,2,N,N,40 07:07.975,75 01:04.685,940, ,932, ,0, ,N, ,3, , , , , , , , , ,2,1,0,0,0,0,1,0,0,0,0,0,0,0,0,0,0,0,0,0,2,0,0,0,0,0,0,0,0,0,0,0,0,0,0,0,0,40.1189,-75.018, ,Philadelphia
7847,86304,2017097846,6,67,67301,2017,9,6,1856,18,1,9,0,8,1, , ,N,1,0,0,3,0,1,2,2,N, ,39 59:21.487,75 07:52.507,2030, ,2000, ,0, , , ,0, , , , , , , , , ,1,1,0,0,0,0,0,0,0,0,0,1,1,0,0,0,0,0,0,0,0,0,0,1,0,0,0,0,0,0,0,0,1,0,0,4,0,39.9893,-75.1313, ,Philadelphia
7848,86315,2017127365,6,67,67301,2017,11,2,1450,14,1,1,0,4,1, , ,N,1,2,0,3,0,3,3,3,N,N,40 01:44.360,75 05:21.014,1526, ,1515, ,0, ,N, ,3, , , , , , , , , ,3,1,0,0,0,0,2,0,0,0,0,3,3,0,0,0,0,0,0,0,1,0,0,0,0,0,0,0,0,0,0,0,0,0,0,4,0,40.029,-75.0892, ,Philadelphia
7849,86323,2017060467,6,67,67301,2017,5,3,1837,18,1,1,0,8,1, , ,N,1,0,0,3,0,1,2,2,N,N,39 56:04.271,75 11:23.852,1837, ,1837,2,2,7,N, ,0,Y, , , , , , , , ,1,0,0,0,0,0,1,0,0,0,0,1,1,0,0,0,0,0,0,0,0,0,0,1,0,0,0,0,0,0,0,0,1,0,0,4,0,39.9345,-75.19, ,Philadelphia
7850,86339,2017080316,6,67,67301,2017,8,4,1831,18,1,1,0,5,1, , ,N,0,0,0,3,0,2,4,4,N,N,39 55:42.938,75 11:47.359,1846, ,1835,2,2,4, , ,0,N, , , , , , , , ,4,3,0,0,0,0,1,0,0,0,2,0,2,0,0,0,0,0,0,0,0,0,0,0,0,0,0,0,0,0,0,0,0,0,0,3,0,39.9286,-75.1965, ,Philadelphia
7851,86361,2017088851,6,67,67301,2017,8,7,1655,16,1,1,0,4,1, , ,N,1,2,0,3,0,4,8,4,N,N,40 03:04.296,75 03:58.096,1656, ,1655,2,1,6,N, ,3,N, , , , , , , , ,4,4,0,0,0,0,0,0,0,0,2,2,4,0,0,0,0,0,1,0,1,0,0,0,0,0,0,0,0,0,0,0,0,0,0,3,0,40.0512,-75.0661, ,Philadelphia
7852,86373,2017075234,6,67,67301,2017,7,7,1111,11,1,1,0,1,1, , ,N,0,0,0,3,0,0,3,3,N,N,39 57:34.837,75 10:34.472,1113, ,1113, ,0, , , ,0, , , , , , , , , ,3,2,0,0,0,0,1,0,0,0,0,0,0,0,0,0,0,0,0,0,1,0,0,0,0,0,0,0,0,0,0,0,0,0,0,0,0,39.9597,-75.1762, ,Philadelphia
7853,86376,2017078844,6,67,67301,2017,7,4,1225,12,1,1,0,8,1, , ,N,1,2,0,3,0,1,2,2,N,N,39 54:59.771,75 10:09.201,1250, ,1247, ,0, ,N, ,3, , , , , , , , , ,1,0,0,0,0,0,0,0,0,0,1,0,1,0,0,0,0,0,0,0,0,0,0,0,0,0,0,0,0,0,0,0,1,0,0,3,0,39.9165,-75.1693, ,Philadelphia
7854,86378,2017086942,6,67,67301,2017,1,5,0,0,3,1,0,4,1, , ,N,2,3,0,3,0,1,2,2,N,N,40 02:44.717,75 08:35.375,3, ,2, ,0, ,N, ,3, , , , , , , , , ,2,1,0,0,1,0,0,0,0,0,0,1,1,0,0,0,0,0,0,1,1,0,0,0,0,0,0,0,0,0,0,0,0,0,0,4,0,40.0458,-75.1432, ,Philadelphia
7855,86393,2017086642,6,67,67301,2017,2,5,635,6,1,1,0,4,1, , ,N,1,2,0,3,0,0,2,2,N,N,40 03:31.188,75 02:39.382,655, ,635,2,2,1,N, ,3,N, , , , , , , , ,2,0,0,0,0,0,2,0,0,0,0,0,0,0,0,0,0,0,0,0,0,1,0,0,0,0,0,0,0,0,0,0,0,0,0,0,0,40.0587,-75.0445, ,Philadelphia
7856,86395,2017078702,6,67,67301,2017,7,7,1740,17,1,2,1,1,1, , ,N,1,2,0,3,0,2,2,2,N,N,40 01:59.302,75 06:24.748,1802, ,1749, ,0, ,N, ,3, , , , , , , , , ,2,2,0,0,0,0,0,0,0,0,0,1,2,1,0,0,0,0,0,0,0,0,0,0,0,0,0,0,0,0,0,0,0,0,0,4,0,40.0329,-75.1067, ,Philadelphia
7857,86397,2017081129,6,67,67301,2017,7,5,1653,16,1,1,0,1,1, , ,N,0,8,0,3,0,1,2,2,N,N,40 02:09.407,75 00:58.157,1715, ,1657, ,0, ,N, ,3, , , , , , , , , ,2,2,0,0,0,0,0,0,0,0,1,0,1,0,0,0,0,0,0,0,0,0,0,0,0,0,0,0,0,0,0,0,0,0,0,3,0,40.0359,-75.0162, ,Philadelphia
7858,86411,2017088827,6,67,67301,2017,8,6,1354,13,1,1,1,1,1, , ,N,0,2,6,3,0,0,2,2,N,N,40 06:05.072,75 00:21.434,1411, ,1400,1,1,1,N, ,3,N, , , , , , , , ,2,2,0,0,0,0,0,0,0,0,0,0,0,0,0,0,0,0,0,0,1,0,0,0,0,0,0,0,0,0,0,0,0,0,0,0,0,40.1014,-75.006, ,Philadelphia
7859,86419,2017061149,6,67,67301,2017,6,5,1050,10,1,1,0,5,6, , ,N,0,0,0,3,0,0,1,3,N, ,40 02:06.083,75 01:30.028,1053, ,1053,1,1,4, , ,0,N, , , , , , , , ,3,2,0,0,0,0,1,0,0,0,0,0,0,0,0,0,1,0,0,0,0,0,0,1,0,0,0,0,0,0,0,0,0,0,0,0,0,40.035,-75.025, ,Philadelphia
7860,86453,2017127669,6,67,67301,2017,11,5,907,9,1,1,0,1,1, , ,N,6,0,2,3,0,0,2,2,N,N,40 02:55.073,74 59:54.825,918, ,915, ,0, , , ,0, , , , , , , , , ,2,1,0,0,0,0,1,0,0,0,0,0,0,0,0,0,0,0,0,0,1,0,0,0,0,0,0,0,0,0,0,0,0,0,0,0,0,40.0486,-74.9986, ,Philadelphia
7861,86473,2017122947,6,67,67301,2017,11,2,724,7,1,2,1,5,1, , ,N,0,0,0,3,0,0,2,2,N,N,39 58:57.161,75 12:27.826,802, ,726, ,0, , , ,0, , , , , , , , , ,2,2,0,0,0,0,0,0,0,0,0,0,0,0,0,0,0,0,0,0,0,0,0,0,0,0,0,0,0,0,0,0,0,0,0,0,0,39.9825,-75.2077, ,Philadelphia
7862,86475,2017097807,6,67,67301,2017,9,5,657,6,1,1,0,5,1, , ,N,0,0,0,3,0,1,2,3,N, ,39 56:33.670,75 12:36.340,951, ,945, ,0, , , ,0, , , , , , , , , ,3,3,0,0,0,0,0,0,0,0,0,0,1,1,0,0,0,0,0,0,0,0,0,0,0,0,0,0,0,0,0,0,0,0,0,8,0,39.9427,-75.2101, ,Philadelphia
7863,86495,2017086353,6,67,67301,2017,7,6,2330,23,3,1,0,8,1, , ,N,1,2,0,3,0,1,3,2,N,N,39 58:13.238,75 13:01.830,203, ,159, ,0, ,N, ,3, , , , , , , , , ,1,1,0,0,0,0,0,0,0,0,0,1,1,0,0,0,0,0,0,0,0,0,0,0,0,0,0,0,0,0,0,0,1,0,0,4,0,39.9703,-75.2172, ,Philadelphia
7864,89316,2017073805,6,67,67301,2017,5,6,945,9,1,1,0,1,1, , ,N,1,2,0,3,0,2,3,2,N,N,40 01:21.893,75 05:36.685,0, ,0, ,0, ,N, ,3, , , , , , , , , ,2,1,0,0,0,0,1,0,0,0,2,0,2,0,0,0,0,0,0,0,1,0,0,0,0,0,0,0,0,0,0,0,0,0,0,3,0,40.0227,-75.0935, ,Philadelphia
7865,89328,2017086288,6,67,67301,2017,7,1,616,6,1,1,0,4,1, , ,N,1,2,0,3,0,1,2,2,N,N,40 02:40.890,75 03:16.537,755, ,755,3,1,4,N, ,3,N, , , , , , , , ,2,0,0,0,0,0,1,1,0,0,0,1,1,0,0,0,0,0,0,0,0,0,0,0,0,0,0,0,0,0,0,0,0,0,0,4,0,40.0446,-75.0547, ,Philadelphia
7866,89359,2017117221,6,67,67301,2017,10,6,1645,16,1,1,0,2,1, , ,N,1,2,0,3,0,0,3,3,N,N,40 00:00.792,75 08:31.786,1700, ,1648, ,0, ,N, ,3, , , , , , , , , ,3,2,0,0,0,0,0,1,0,0,0,0,0,0,0,0,0,0,0,0,1,0,0,3,0,0,0,0,0,0,0,0,0,0,0,0,0,40.0002,-75.1422, ,Philadelphia
7867,89366,2017066469,6,67,67301,2017,6,2,723,7,1,1,0,1,1, , ,N,0,0,0,3,0,1,3,2,N,N,40 00:51.866,75 03:20.443,734, ,726, ,0, , , ,0, , , , , , , , , ,2,1,0,0,1,0,0,0,0,0,0,1,1,0,0,0,0,0,0,0,1,0,0,0,0,0,0,0,0,0,0,0,0,0,0,4,0,40.0144,-75.0557, ,Philadelphia
7868,89372,2017072993,6,67,67301,2017,4,1,1400,14,1,1,0,1,1, , ,N,0,2,0,3,0,4,6,3,N,N,40 03:27.100,75 08:58.100,0, ,0, ,0, ,N, ,3, , , , , , , , , ,3,1,0,0,0,0,1,0,0,0,4,0,4,0,0,0,0,0,0,0,1,0,0,0,0,0,0,0,0,0,0,0,0,0,0,3,0,40.0575,-75.1495, ,Philadelphia
7869,89375,2017067838,6,67,67301,2017,6,5,1905,19,1,1,0,4,1, , ,N,1,3,0,3,0,1,2,2,N,N,39 55:27.487,75 09:34.063,1909, ,1909, ,0, , , ,3, , , , , , , , , ,1,0,0,0,0,0,1,0,1,0,0,1,1,0,0,0,0,0,0,0,1,0,0,0,0,0,0,0,0,0,0,0,0,0,0,4,0,39.9243,-75.1595, ,Philadelphia
7870,89413,2017060453,6,67,67301,2017,5,7,430,4,3,1,0,4,1, , ,N,1,2,0,3,0,0,4,3,N,N,40 01:49.919,75 07:05.462,454, ,436,2,1,2,N, ,3,Y, , , , , , , , ,3,3,0,0,0,0,0,0,0,0,0,0,0,0,0,0,0,0,0,0,0,0,0,0,0,0,0,0,0,0,0,0,0,0,0,0,0,40.0305,-75.1182, ,Philadelphia
7871,89422,2017078778,6,67,67301,2017,6,3,1111,11,1,1,0,8,1, , ,N,0,0,0,3,0,1,2,2,N, ,39 58:06.326,75 09:44.775,1112, ,1111, ,0, , , ,0, , , , , , , , , ,1,0,0,1,0,0,0,0,0,0,0,1,1,0,0,0,0,0,0,0,0,0,0,0,0,0,0,0,0,0,0,0,1,0,0,4,1,39.9684,-75.1624, ,Philadelphia
7872,89425,2017086965,6,67,67301,2017,1,2,835,8,1,1,0,7,4, , ,N,0,0,0,3,0,1,1,1,N,N,40 01:03.858,75 10:23.331,904, ,844,1,1,1,N, ,0,N, , , , , , , , ,1,1,0,0,0,0,0,0,0,0,0,1,1,0,0,0,0,0,0,0,0,0,0,0,0,0,0,0,0,0,0,0,0,0,0,4,0,40.0177,-75.1731, ,Philadelphia
7873,89447,2017117235,6,67,67301,2017,10,7,2345,23,3,1,0,8,1, , ,N,0,0,0,3,0,1,2,2,N,N,40 01:34.370,75 13:31.242,2355, ,2350, ,0, ,N, ,0, , , , , , , , , ,1,1,0,0,0,0,0,0,0,0,0,1,1,0,0,0,0,0,0,0,0,0,0,0,0,0,0,0,0,0,0,0,1,0,0,4,0,40.0262,-75.2253, ,Philadelphia
7874,89470,2017078723,6,67,67301,2017,6,2,1825,18,1,1,0,5,6, , ,N,0,0,0,3,0,1,1,3,N, ,39 55:39.322,75 09:20.844,1840, ,1832, ,0, , , ,0, , , , , , , , , ,3,2,0,0,0,0,0,0,0,0,0,1,1,0,0,0,0,0,0,0,0,0,0,0,0,0,0,0,0,0,0,0,0,0,0,4,0,39.9276,-75.1558, ,Philadelphia
7875,89474,2017091165,6,67,67301,2017,8,4,1850,18,1,1,0,6,1, , ,N,0,0,0,3,0,1,2,2,N,N,40 03:27.321,75 05:08.317,1901, ,1856,1,1,5, , ,0,Y, , , , , , , , ,2,0,0,0,0,0,2,0,0,0,0,1,1,0,0,0,0,0,0,0,0,0,0,0,0,0,0,0,0,0,0,0,0,0,0,4,0,40.0576,-75.0856, ,Philadelphia
7876,89502,2017096553,6,67,67301,2017,9,6,1545,15,1,9,8,1,1, , ,N,2,2,0,3,0,1,2,2,N,N,39 57:15.859,75 09:47.045,1140, ,1140, ,0, ,N, ,3, , , , , , , , , ,2,2,0,0,0,0,0,0,0,0,0,0,1,1,0,0,0,0,0,0,0,0,0,1,0,0,0,0,0,0,0,0,0,0,0,8,0,39.9544,-75.1631, ,Philadelphia