objectid_1,objectid,crn,district,county,municipality,crash_year,crash_month,day_of_week,time_of_day,hour_of_day,illumination,weather,road_condition,collision_type,relation_to_road,work_zone_type,work_zone_loc,work_zone_ind,intersect_type,tcd_type,location_type,urban_rural,fatal_count,injury_count,person_count,total_units,sch_bus_ind,sch_zone_ind,latitude,longitude,arrival_tm,cons_zone_spd_lim,dispatch_tm,est_hrs_closed,lane_closed,ln_close_dir,ntfy_hiwy_maint,spec_juris_cd,tcd_func_cd,tfc_detour_ind,workers_pres,wz_close_detour,wz_flagger,wz_law_offcr_ind,wz_ln_closure,wz_moving,wz_other,wz_shlder_mdn,vehicle_count,automobile_count,motorcycle_count,bus_count,small_truck_count,heavy_truck_count,suv_count,van_count,bicycle_count,maj_inj_count,mod_inj_count,min_inj_count,tot_inj_count,unk_inj_deg_count,unk_inj_per_count,driver_count_16yr,driver_count_17yr,driver_count_18yr,driver_count_19yr,driver_count_20yr,driver_count_50_64yr,driver_count_65_74yr,driver_count_75plus,unbelted_occ_count,unb_death_count,unb_maj_inj_count,belted_death_count,belted_maj_inj_count,mcycle_death_count,mcycle_maj_inj_count,bicycle_death_count,bicycle_maj_inj_count,ped_count,ped_death_count,ped_maj_inj_count,max_severity_level,comm_veh_count,dec_lat,dec_long,rdwy_surf_type_cd,county_name
7877,89520,2017067739,6,67,67301,2017,5,7,1730,17,1,1,0,6,1, , ,N,3,0,0,3,0,1,3,2,N,N,39 54:50.094,75 14:09.715,1735, ,1730, ,0, ,N, ,0, , , , , , , , , ,2,1,0,0,0,0,0,0,0,0,0,1,1,0,0,0,0,0,0,0,0,0,0,0,0,0,0,0,0,0,0,0,0,0,0,4,0,39.9139,-75.236, ,Philadelphia
7878,89535,2017088743,6,67,67301,2017,8,4,1605,16,1,1,0,4,1, , ,N,1,2,3,3,0,1,2,2,N, ,39 57:31.268,75 10:01.921,1608, ,1606,2,2,2, , ,3,Y, , , , , , , , ,1,1,0,0,0,0,0,0,1,0,0,1,1,0,0,0,0,0,0,0,0,0,0,0,0,0,0,0,0,0,0,0,0,0,0,4,0,39.9587,-75.1672, ,Philadelphia
7879,89577,2017109912,6,67,67301,2017,10,3,720,7,1,1,0,4,1, , ,N,5,2,2,3,0,1,2,2,N,N,39 57:26.357,75 08:38.887,755, ,750, ,0, ,N, ,3, , , , , , , , , ,2,1,0,0,0,0,1,0,0,0,0,1,1,0,0,0,0,0,0,0,1,0,0,0,0,0,0,0,0,0,0,0,0,0,0,4,0,39.9573,-75.1441, ,Philadelphia
7880,89578,2017116097,6,67,67301,2017,10,1,246,2,3,1,0,4,1, , ,N,2,2,0,3,0,2,5,2,N, ,39 58:24.795,75 12:32.059,247, ,247, ,0, , , ,3, , , , , , , , , ,2,2,0,0,0,0,0,0,0,0,0,1,2,1,1,0,0,0,0,0,0,0,0,0,0,0,0,0,0,0,0,0,0,0,0,4,0,39.9736,-75.2089, ,Philadelphia
7881,89581,2017097979,6,67,67301,2017,9,6,9999,99,5,1,0,8,1, , ,N,1,0,0,3,0,1,2,2,N,Y,40 01:13.581,75 11:32.810,1940, ,1938, ,0, ,N, ,0, , , , , , , , , ,1,1,0,0,0,0,0,0,0,0,0,0,1,1,1,0,0,0,0,0,1,0,0,0,0,0,0,0,0,0,0,0,1,0,0,8,0,40.0205,-75.1924, ,Philadelphia
7882,79917,2017060688,6,67,67301,2017,5,6,355,3,3,1,0,8,1, , ,N,0,0,0,3,0,1,2,2,N,N,40 02:11.239,75 04:10.878,357, ,355, ,0, ,N, ,0, , , , , , , , , ,1,1,0,0,0,0,0,0,0,0,0,0,1,1,0,0,0,0,0,0,0,0,0,1,0,0,0,0,0,0,0,0,1,0,0,8,0,40.0365,-75.0697, ,Philadelphia
7883,79921,2017052386,6,67,67301,2017,5,3,2315,23,3,1,0,4,1, , ,N,1,2,0,3,0,1,2,2,N,N,39 57:32.563,75 13:01.179,1900, ,1914, ,0, ,N, ,3, , , , , , , , , ,2,2,0,0,0,0,0,0,0,0,1,0,1,0,1,0,0,0,0,0,0,1,0,0,0,0,0,0,0,0,0,0,0,0,0,3,0,39.959,-75.217, ,Philadelphia
7884,79944,2017116038,6,67,67301,2017,10,2,755,7,1,2,1,8,1, , ,N,0,0,0,3,0,1,3,2,N,Y,40 01:58.475,75 10:51.334,803, ,759, ,0, ,N, ,0, , , , , , , , , ,1,0,0,0,0,0,1,0,0,0,0,0,1,1,0,0,0,0,0,0,0,1,0,0,0,0,0,0,0,0,0,0,1,0,0,8,0,40.0329,-75.1809, ,Philadelphia
7885,79980,2017093516,6,67,67301,2017,8,6,9999,99,3,1,0,6,1, , ,N,1,2,0,3,0,0,5,3,N,N,39 57:51.213,75 11:24.542,10, ,4,3,2,1,N, ,3,Y, , , , , , , , ,3,1,0,0,1,0,0,1,0,0,0,0,0,0,0,0,0,0,0,0,0,0,1,1,0,0,0,0,0,0,0,0,0,0,0,0,0,39.9642,-75.1902, ,Philadelphia
7886,79997,2017116114,6,67,67301,2017,10,1,2200,22,3,1,0,4,1, , ,N,1,2,0,3,0,2,3,2,N, ,40 00:11.036,75 09:51.468,2236, ,2236,9,1,2, , ,3,N, , , , , , , , ,2,1,0,0,0,0,1,0,0,0,0,0,2,2,0,0,0,0,0,0,0,0,0,0,0,0,0,0,0,0,0,0,0,0,0,8,0,40.0031,-75.1643, ,Philadelphia
7887,80004,2017104839,6,67,67301,2017,9,7,2222,22,3,1,0,0,1, , ,N,6,0,2,3,0,1,1,1,N,N,40 00:12.647,75 04:38.645,2245, ,2233,2,1,2, , ,0,N, , , , , , , , ,1,0,1,0,0,0,0,0,0,0,1,0,1,0,0,0,0,0,0,0,0,0,0,0,0,0,0,0,0,0,0,0,0,0,0,3,0,40.0035,-75.0774, ,Philadelphia
7888,80013,2017067906,6,67,67301,2017,6,5,131,1,3,1,0,4,1, , ,N,2,0,0,3,0,4,4,2,N,N,39 59:15.074,75 15:20.610,147, ,132,9,1,1,N, ,0,N, , , , , , , , ,2,2,0,0,0,0,0,0,0,0,0,0,4,4,0,0,0,0,0,0,0,0,0,0,0,0,0,0,0,0,0,0,0,0,0,8,0,39.9875,-75.2557, ,Philadelphia
7889,80046,2017086802,6,67,67301,2017,5,4,723,7,1,9,8,8,1, , ,N,0,0,0,3,0,1,2,2,N, ,39 53:33.783,75 14:26.918,800, ,723, ,0, , , ,0, , , , , , , , , ,1,0,0,0,1,0,0,0,0,0,0,0,1,1,1,0,0,0,0,0,0,0,0,0,0,0,0,0,0,0,0,0,1,0,0,8,0,39.8927,-75.2408, ,Philadelphia
7890,80048,2017097867,6,67,67301,2017,9,4,2133,21,3,2,1,8,1, , ,N,1,2,0,3,0,1,2,2,N,N,39 56:53.473,75 14:00.333,9999, ,9999, ,0, ,N, ,3, , , , , , , , , ,1,1,0,0,0,0,0,0,0,0,0,0,1,1,0,0,0,0,0,0,0,0,0,0,0,0,0,0,0,0,0,0,1,0,0,8,0,39.9482,-75.2334, ,Philadelphia
7891,80052,2017094150,6,67,67301,2017,9,3,623,6,1,1,0,7,2, , ,N,0,0,0,3,0,0,1,1,N,N,40 00:04.870,75 04:44.609,700, ,623, ,0, , , ,0, , , , , , , , , ,1,1,0,0,0,0,0,0,0,0,0,0,0,0,0,0,0,0,0,0,0,0,0,0,0,0,0,0,0,0,0,0,0,0,0,0,0,40.0014,-75.0791, ,Philadelphia
7892,80059,2017124741,6,67,67301,2017,11,4,632,6,3,2,1,7,4, , ,N,0,0,0,3,0,0,1,1,N,N,39 53:14.860,75 12:15.849,639, ,634,2,1,2, , ,0,N, , , , , , , , ,1,1,0,0,0,0,0,0,0,0,0,0,0,0,0,0,0,0,0,0,0,0,0,0,0,0,0,0,0,0,0,0,0,0,0,0,0,39.8875,-75.2044, ,Philadelphia
7893,80075,2017091782,6,67,67301,2017,8,5,300,3,3,1,0,4,1, , ,N,1,2,0,3,0,0,3,2,N,N,39 58:15.236,75 13:50.408,315, ,305, ,0, ,N, ,2, , , , , , , , , ,2,1,0,0,0,0,1,0,0,0,0,0,0,0,0,0,0,0,0,0,0,0,0,0,0,0,0,0,0,0,0,0,0,0,0,0,0,39.9709,-75.2307, ,Philadelphia
7894,80084,2017120502,6,67,67301,2017,10,2,735,7,1,1,0,4,1, , ,N,1,2,0,3,0,0,3,3,N, ,39 57:07.862,75 14:26.779,906, ,845, ,0, , , ,3, , , , , , , , , ,3,3,0,0,0,0,0,0,0,0,0,0,0,0,0,0,0,0,0,0,1,0,0,0,0,0,0,0,0,0,0,0,0,0,0,0,0,39.9522,-75.2408, ,Philadelphia
7895,80088,2017115944,6,67,67301,2017,10,5,1750,17,1,1,0,4,1, , ,N,1,2,0,3,0,2,2,2,N,N,39 56:31.472,75 10:57.552,1805, ,1755, ,0, ,N, ,3, , , , , , , , , ,2,2,0,0,0,0,0,0,0,0,0,2,2,0,0,0,0,1,0,0,0,0,0,0,0,0,0,0,0,0,0,0,0,0,0,4,0,39.9421,-75.1827, ,Philadelphia
7896,80093,2017093547,6,67,67301,2017,8,1,1722,17,1,1,0,4,1, , ,N,1,2,3,3,0,1,2,4,N,N,39 57:26.638,75 09:25.497,1730, ,1723, ,0, ,N, ,3, , , , , , , , , ,4,2,0,0,0,0,1,1,0,0,0,0,1,1,0,0,0,0,0,0,1,0,0,1,0,0,0,0,0,0,0,0,0,0,0,8,0,39.9574,-75.1571, ,Philadelphia
7897,80113,2017058268,6,67,67301,2017,5,2,1815,18,1,1,0,4,1, , ,N,1,2,0,3,0,1,2,2,N,N,39 57:51.283,75 13:19.057,1822, ,1822, ,0, ,N, ,3, , , , , , , , , ,1,1,0,0,0,0,0,0,1,0,0,1,1,0,0,0,0,0,0,0,0,0,0,0,0,0,0,0,0,0,0,0,0,0,0,4,0,39.9641,-75.2214, ,Philadelphia
7898,80117,2017070857,6,67,67301,2017,7,5,1914,19,1,1,0,1,1, , ,N,0,0,0,3,0,4,4,2,N,N,39 57:10.975,75 10:54.259,1922, ,1914,2,2,4, , ,0,N, , , , , , , , ,2,1,0,0,0,0,1,0,0,0,0,0,4,4,0,0,0,0,0,0,1,0,0,0,0,0,0,0,0,0,0,0,0,0,0,8,0,39.953,-75.1817, ,Philadelphia
7899,80127,2017086301,6,67,67301,2017,7,1,1015,10,1,1,0,1,6, , ,N,0,0,0,3,0,1,2,3,N, ,40 00:05.796,75 06:57.229,1020, ,1018, ,0, , , ,0, , , , , , , , , ,3,3,0,0,0,0,0,0,0,0,0,1,1,0,0,0,0,0,0,0,0,0,0,1,0,0,0,0,0,0,0,0,0,0,0,4,0,40.0016,-75.1159, ,Philadelphia
7900,82928,2017069305,6,67,67301,2017,6,6,1848,18,1,1,0,4,1, , ,N,1,2,3,3,0,0,3,3,N,N,39 57:25.886,75 09:31.375,1910, ,1851, ,0, , , ,3, , , , , , , , , ,3,2,0,0,0,0,1,0,0,0,0,0,0,0,0,0,0,0,0,0,0,0,0,0,0,0,0,0,0,0,0,0,0,0,0,0,0,39.9572,-75.1587, ,Philadelphia
7901,82929,2017070624,6,67,67301,2017,7,1,216,2,3,1,0,7,4, , ,N,0,0,0,3,0,0,2,1,N,N,39 54:50.775,75 08:16.375,216, ,216,1,1,2, , ,0,N, , , , , , , , ,1,0,0,0,1,0,0,0,0,0,0,0,0,0,0,0,0,0,0,1,0,0,0,2,0,0,0,0,0,0,0,0,0,0,0,0,0,39.9141,-75.1379, ,Philadelphia
7902,82934,2017088305,6,67,67301,2017,7,7,9999,99,6,1,0,5,1, , ,N,0,0,0,3,0,1,3,3,N, ,39 57:06.300,75 14:19.900,1024, ,1020,2,2,1, , ,0,Y, , , , , , , , ,2,1,0,0,0,0,1,0,0,0,0,0,1,1,1,0,0,0,0,0,0,1,0,0,0,0,0,0,0,0,0,0,1,0,0,8,0,39.9518,-75.2389, ,Philadelphia
7903,82968,2017073994,6,67,67301,2017,7,7,2345,23,3,1,0,1,1, , ,N,0,8,3,3,0,0,6,3,N,N,39 57:13.500,75 08:20.000,2345, ,2345, ,0, ,N, ,3, , , , , , , , , ,3,2,0,0,0,0,1,0,0,0,0,0,0,0,0,0,0,0,0,0,1,0,0,0,0,0,0,0,0,0,0,0,0,0,0,0,0,39.9538,-75.1389, ,Philadelphia
7904,82972,2017088302,6,67,67301,2017,7,3,900,9,1,1,0,7,5, , ,N,0,0,0,3,0,1,1,3,N,N,40 03:37.407,75 04:06.798,9999, ,934,9,1,1,N, ,0,Y, , , , , , , , ,3,2,0,0,0,0,1,0,0,0,0,1,1,0,0,0,0,0,0,0,0,0,1,0,0,0,0,0,0,0,0,0,0,0,0,4,0,40.0604,-75.0686, ,Philadelphia
7905,82986,2017120739,6,67,67301,2017,10,4,725,7,1,1,1,1,1, , ,N,0,0,0,3,0,3,4,2,N, ,40 07:00.300,75 00:22.700,828, ,825, ,0, , , ,0, , , , , , , , , ,2,1,0,0,0,0,0,1,0,0,0,3,3,0,0,0,0,0,0,0,1,0,0,1,0,0,0,0,0,0,0,0,0,0,0,4,0,40.1168,-75.0063, ,Philadelphia
7906,83005,2017067973,6,67,67301,2017,6,1,1650,16,1,1,0,4,1, , ,N,2,0,0,3,0,0,3,2,N,N,39 57:25.244,75 08:56.346,1727, ,9999, ,0, , , ,0, , , , , , , , , ,2,1,0,0,0,0,1,0,0,0,0,0,0,0,0,0,0,0,0,0,0,0,0,0,0,0,0,0,0,0,0,0,0,0,0,0,0,39.9571,-75.149, ,Philadelphia
7907,83011,2017086923,6,67,67301,2017,1,6,2025,20,3,1,0,4,1, , ,N,1,3,0,3,0,1,2,2,N,N,40 01:18.415,75 02:49.408,2043, ,2042, ,0, ,N, ,3, , , , , , , , , ,2,2,0,0,0,0,0,0,0,0,0,1,1,0,0,0,0,0,0,0,0,0,0,1,0,0,0,0,0,0,0,0,0,0,0,4,0,40.0218,-75.0471, ,Philadelphia
7908,83053,2017067755,6,67,67301,2017,5,5,1321,13,1,2,1,4,1, , ,N,1,3,0,3,0,3,4,2,N, ,39 59:12.170,75 10:19.254,1905, ,1857,3,1,3, , ,3,N, , , , , , , , ,2,1,0,0,0,0,1,0,0,0,0,1,3,2,1,0,0,0,1,0,0,0,0,0,0,0,0,0,0,0,0,0,0,0,0,4,0,39.9867,-75.172, ,Philadelphia
7909,83109,2017086335,6,67,67301,2017,7,6,9999,99,3,1,0,4,1, , ,N,5,2,2,3,0,0,2,2,N,N,39 57:25.688,75 09:03.847,9999, ,9999, ,0, ,N, ,3, , , , , , , , , ,2,1,0,0,1,0,0,0,0,0,0,0,0,0,0,0,0,0,0,0,0,0,0,0,0,0,0,0,0,0,0,0,0,0,0,0,0,39.9571,-75.1511, ,Philadelphia
7910,83112,2017092973,6,67,67301,2017,8,1,1840,18,1,1,0,4,1, , ,N,0,0,0,3,0,0,1,2,N,N,39 55:39.602,75 08:47.135,1855, ,1847,1,1,2, , ,0,N, , , , , , , , ,2,1,0,0,0,0,0,0,0,0,0,0,0,0,0,0,0,0,0,0,0,0,0,0,0,0,0,0,0,0,0,0,0,0,0,0,0,39.9277,-75.1464, ,Philadelphia
7911,83124,2017120671,6,67,67301,2017,10,5,1307,13,1,1,0,8,1, , ,N,1,2,0,3,0,1,2,2,N, ,39 57:32.141,75 14:29.004,1349, ,1301, ,0, , , ,3, , , , , , , , , ,1,0,0,0,0,0,0,0,0,0,1,0,1,0,0,0,0,0,0,0,0,0,0,0,0,0,0,0,0,0,0,0,1,0,0,3,0,39.9589,-75.2414, ,Philadelphia
7912,83133,2017096567,6,67,67301,2017,9,7,1050,10,1,1,0,4,1, , ,N,3,2,0,3,0,5,8,3,N,N,40 05:38.581,75 01:51.296,1055, ,1054, ,0, , , ,3, , , , , , , , , ,3,2,0,0,0,0,1,0,0,0,0,5,5,0,0,0,0,0,0,0,1,1,0,0,0,0,0,0,0,0,0,0,0,0,0,4,0,40.0941,-75.0309, ,Philadelphia
7913,83171,2017097961,6,67,67301,2017,9,6,1625,16,1,1,0,1,6, , ,N,0,0,0,3,0,1,1,3,N,N,40 00:15.001,75 07:26.723,1630, ,1626, ,0, ,N, ,0, , , , , , , , , ,3,2,0,0,0,0,0,1,0,0,0,0,1,1,0,0,0,0,0,0,0,0,0,0,0,0,0,0,0,0,0,0,0,0,0,8,0,40.0042,-75.1241, ,Philadelphia
7914,83192,2017086798,6,67,67301,2017,5,4,1850,18,1,1,0,1,1, , ,N,1,2,0,3,0,1,2,2,N,N,40 01:20.478,75 07:04.655,1948, ,1942, ,0, ,N, ,3, , , , , , , , , ,2,1,0,0,1,0,0,0,0,0,0,1,1,0,0,0,0,0,0,1,0,0,0,0,0,0,0,0,0,0,0,0,0,0,0,4,0,40.0224,-75.118, ,Philadelphia
7915,83206,2017086654,6,67,67301,2017,2,5,950,9,1,4,4,8,1, , ,N,1,2,0,3,0,1,2,2,N,N,39 57:02.469,75 09:01.365,1000, ,953, ,0, ,N, ,3, , , , , , , , , ,1,1,0,0,0,0,0,0,0,0,0,0,1,1,0,0,0,0,0,0,0,0,0,0,0,0,0,0,0,0,0,0,1,0,0,8,0,39.9507,-75.1504, ,Philadelphia
7916,83208,2017076313,6,67,67301,2017,6,7,1959,19,4,2,1,4,1, , ,N,1,3,0,3,0,0,2,2,N,N,39 59:42.613,75 09:50.773,2018, ,2008, ,0, ,N, ,3, , , , , , , , , ,2,2,0,0,0,0,0,0,0,0,0,0,0,0,0,0,0,1,0,0,0,0,0,0,0,0,0,0,0,0,0,0,0,0,0,0,0,39.9952,-75.1641, ,Philadelphia
7917,83232,2017088933,6,67,67301,2017,8,2,1330,13,1,2,1,5,6, , ,N,0,0,0,3,0,0,1,4,N, ,39 58:11.516,75 08:03.928,1338, ,1330,1,1,2, , ,0,N, , , , , , , , ,4,4,0,0,0,0,0,0,0,0,0,0,0,0,0,0,0,0,0,0,0,0,0,0,0,0,0,0,0,0,0,0,0,0,0,0,0,39.9699,-75.1344, ,Philadelphia
7918,86524,2017076155,6,67,67301,2017,6,7,1525,15,1,1,0,4,1, , ,N,2,3,0,3,0,1,2,2,N,N,39 58:31.541,75 11:30.568,1527, ,1527, ,0, , , ,3, , , , , , , , , ,1,0,0,0,0,0,1,0,1,0,0,1,1,0,0,0,0,0,0,0,1,0,0,0,0,0,0,0,0,0,0,0,0,0,0,4,0,39.9755,-75.1918, ,Philadelphia
7919,86550,2017097148,6,67,67301,2017,9,4,843,8,1,1,0,1,1, , ,N,0,0,0,3,0,0,2,2,N,N,39 56:12.281,75 11:57.125,856, ,844,1,2,4, , ,0,N, , , , , , , , ,2,1,0,0,0,1,0,0,0,0,0,0,0,0,0,0,0,0,0,0,1,0,0,0,0,0,0,0,0,0,0,0,0,0,0,0,1,39.9367,-75.1992, ,Philadelphia
7920,86557,2017116064,6,67,67301,2017,10,4,814,8,1,1,0,4,1, , ,N,1,3,0,3,0,2,3,3,Y,N,39 56:29.191,75 13:48.061,826, ,819, ,0, ,N, ,3, , , , , , , , , ,3,2,0,1,0,0,0,0,0,0,0,0,2,2,0,0,0,0,0,1,1,0,0,0,0,0,0,0,0,0,0,0,0,0,0,8,1,39.9414,-75.23, ,Philadelphia
7921,86571,2017076319,6,67,67301,2017,6,2,2012,20,3,2,1,4,1, , ,N,1,3,0,3,0,0,5,3,N,N,39 55:50.188,75 09:34.920,2049, ,2045, ,0, ,N, ,3, , , , , , , , , ,3,2,0,0,0,0,1,0,0,0,0,0,0,0,0,0,0,0,1,0,0,0,0,0,0,0,0,0,0,0,0,0,0,0,0,0,0,39.9306,-75.1597, ,Philadelphia
7922,86572,2017067723,6,67,67301,2017,5,1,1858,18,1,2,1,4,1, , ,N,2,3,0,3,0,2,3,2,N, ,39 55:03.684,75 13:50.206,1925, ,1922, ,0, , , ,3, , , , , , , , , ,2,1,0,0,0,0,1,0,0,0,1,1,2,0,0,0,0,0,0,0,0,0,0,1,0,0,0,0,0,0,0,0,0,0,0,3,0,39.9177,-75.2306, ,Philadelphia
7923,86582,2017088863,6,67,67301,2017,8,4,9999,99,1,1,0,1,1, , ,N,3,2,0,3,0,1,2,2,N, ,39 58:31.425,75 11:23.665,1910, ,1850, ,0, , , ,3, , , , , , , , , ,1,1,0,0,0,0,0,0,1,0,0,1,1,0,0,0,0,0,0,0,0,0,0,1,0,0,0,0,0,0,0,0,0,0,0,4,0,39.9754,-75.19, ,Philadelphia
7924,86594,2017086783,6,67,67301,2017,4,1,1910,19,1,1,0,1,1, , ,N,0,0,0,3,0,0,2,3,N,N,40 01:19.565,75 06:44.604,1920, ,1915, ,0, , , ,0, , , , , , , , , ,3,1,0,0,0,1,0,1,0,0,0,0,0,0,0,0,0,0,0,0,0,0,0,0,0,0,0,0,0,0,0,0,0,0,0,0,1,40.0221,-75.1124, ,Philadelphia
7925,86612,2017052041,6,67,67301,2017,5,2,1333,13,1,2,1,7,5, , ,N,2,2,0,3,0,0,1,1,N,N,40 02:51.156,75 06:44.551,1334, ,1333, ,0, ,N, ,3, , , , , , , , , ,1,0,0,0,0,0,1,0,0,0,0,0,0,0,0,0,0,0,0,0,0,1,0,0,0,0,0,0,0,0,0,0,0,0,0,0,0,40.0475,-75.1124, ,Philadelphia
7926,86626,2017097819,6,67,67301,2017,7,4,2256,22,3,1,0,1,1, , ,N,5,2,0,3,0,1,2,2,N,N,40 01:29.128,75 08:58.361,2328, ,2322,2,1,3,N, ,3,N, , , , , , , , ,2,1,0,0,0,0,1,0,0,0,0,0,1,1,1,0,0,0,0,0,1,0,0,0,0,0,0,0,0,0,0,0,0,0,0,8,0,40.0248,-75.1495, ,Philadelphia
7927,86627,2017088833,6,67,67301,2017,8,6,325,3,3,1,0,7,3, , ,N,0,0,0,3,0,0,1,1,N,N,40 00:39.011,75 04:10.182,330, ,330, ,0, ,N, ,0, , , , , , , , , ,1,1,0,0,0,0,0,0,0,0,0,0,0,0,0,0,0,0,0,0,1,0,0,0,0,0,0,0,0,0,0,0,0,0,0,0,0,40.0108,-75.0695, ,Philadelphia
7928,86639,2017116006,6,67,67301,2017,10,6,1520,15,1,1,0,4,1, , ,N,1,2,0,3,0,3,3,2,N, ,40 00:52.264,75 07:52.028,1520, ,1520, ,0, , , ,3, , , , , , , , , ,2,1,0,0,0,0,1,0,0,0,0,0,3,3,0,0,0,0,0,0,1,0,0,0,0,0,0,0,0,0,0,0,0,0,0,8,0,40.0145,-75.1311, ,Philadelphia
7929,86644,2017102606,6,67,67301,2017,9,6,2334,23,3,1,0,1,1, , ,N,0,0,0,3,0,0,2,2,N,N,39 56:47.006,75 11:19.958,2357, ,2336, ,0, , , ,0, , , , , , , , , ,2,2,0,0,0,0,0,0,0,0,0,0,0,0,0,0,0,0,0,2,0,0,0,0,0,0,0,0,0,0,0,0,0,0,0,0,0,39.9464,-75.1889, ,Philadelphia
7930,86648,2017101876,6,67,67301,2017,9,5,810,8,1,1,1,4,1, , ,N,1,2,2,3,0,0,2,2,N,N,39 59:12.112,75 12:27.590,928, ,926, ,0, ,N, ,3, , , , , , , , , ,2,1,0,0,0,0,0,1,0,0,0,0,0,0,0,0,0,0,0,0,0,0,0,0,0,0,0,0,0,0,0,0,0,0,0,0,0,39.9866,-75.2087, ,Philadelphia
7931,86660,2017060464,6,67,67301,2017,5,5,1820,18,1,1,0,4,1, , ,N,1,2,0,3,0,1,3,3,N,N,39 58:32.628,75 16:06.362,1830, ,1824, ,0, ,N, ,3, , , , , , , , , ,3,2,0,0,0,0,1,0,0,0,0,1,1,0,0,0,0,0,0,0,0,0,0,0,0,0,0,0,0,0,0,0,0,0,0,4,0,39.9757,-75.2684, ,Philadelphia
7932,86663,2017067836,6,67,67301,2017,6,6,640,6,1,1,0,4,1, , ,N,1,3,0,3,0,0,2,2,N,N,39 57:30.671,75 08:37.986,700, ,649, ,0, , , ,3, , , , , , , , , ,2,2,0,0,0,0,0,0,0,0,0,0,0,0,1,0,0,0,0,1,0,0,0,0,0,0,0,0,0,0,0,0,0,0,0,9,0,39.9585,-75.1439, ,Philadelphia
7933,86676,2017084398,6,67,67301,2017,7,7,441,4,3,2,1,7,3, , ,N,0,0,0,3,0,0,1,1,N,N,39 56:51.819,75 11:15.076,447, ,441,1,2,3, , ,0,N, , , , , , , , ,1,1,0,0,0,0,0,0,0,0,0,0,0,0,0,0,0,0,0,0,0,0,0,0,0,0,0,0,0,0,0,0,0,0,0,0,0,39.9476,-75.1876, ,Philadelphia
7934,86708,2017055624,6,67,67301,2017,5,5,1125,11,1,1,0,8,1, , ,N,0,0,0,3,0,1,2,2,N, ,40 01:23.102,75 13:09.523,1140, ,1137, ,0, , , ,0, , , , , , , , , ,1,0,0,0,1,0,0,0,0,0,0,1,1,0,1,0,0,0,0,0,0,0,0,0,0,0,0,0,0,0,0,0,1,0,0,4,0,40.0231,-75.2193, ,Philadelphia
7935,86720,2017076221,6,67,67301,2017,6,3,1300,13,1,1,0,8,1, , ,N,0,0,0,3,0,1,2,2,N, ,40 00:39.512,75 08:24.855,9999, ,9999, ,0, , , ,0, , , , , , , , , ,1,0,0,0,0,0,1,0,0,0,1,0,1,0,0,0,0,0,0,0,0,0,0,1,0,0,0,0,0,0,0,0,1,0,0,3,0,40.011,-75.1402, ,Philadelphia
7936,89585,2017091849,6,67,67301,2017,8,6,1135,11,1,1,0,8,1, , ,N,1,2,0,3,0,1,2,2,N,N,39 57:10.616,75 09:34.855,1159, ,1140, ,0, , , ,3, , , , , , , , , ,1,1,0,0,0,0,0,0,0,0,0,1,1,0,0,0,0,0,0,0,0,0,0,1,0,0,0,0,0,0,0,0,1,0,0,4,0,39.9529,-75.1597, ,Philadelphia
7937,89591,2017105959,6,67,67301,2017,9,5,1327,13,1,1,0,7,3, , ,N,1,2,0,3,0,0,1,2,N, ,40 03:15.214,75 02:57.599,1337, ,1330,1,1,2, , ,3,N, , , , , , , , ,1,1,0,0,0,0,0,0,0,0,0,0,0,0,0,0,0,0,0,0,0,0,0,0,0,0,0,0,0,0,0,0,0,0,0,0,0,40.0542,-75.0493, ,Philadelphia
7938,89592,2017116042,6,67,67301,2017,10,1,2335,23,3,1,0,4,1, , ,N,1,2,0,3,0,2,3,2,N,N,39 59:41.261,75 09:33.552,2355, ,2339, ,0, ,N, ,3, , , , , , , , , ,2,2,0,0,0,0,0,0,0,0,0,2,2,0,0,0,0,0,0,0,0,0,0,1,0,0,0,0,0,0,0,0,0,0,0,4,0,39.9948,-75.1593, ,Philadelphia
7939,89605,2017068023,6,67,67301,2017,6,1,710,7,1,1,0,4,1, , ,N,1,2,0,3,0,2,2,2,N,N,40 03:45.843,75 02:34.661,720, ,715,1,1,2,N, ,3,N, , , , , , , , ,2,1,0,0,0,0,1,0,0,0,0,0,2,2,0,0,0,0,0,0,2,0,0,0,0,0,0,0,0,0,0,0,0,0,0,8,0,40.0627,-75.043, ,Philadelphia
7940,89607,2017070407,6,67,67301,2017,6,2,955,9,1,1,0,8,1, , ,N,1,0,0,3,0,1,2,2,N, ,40 02:39.090,75 09:45.870,1005, ,1001, ,0, , , ,0, , , , , , , , , ,1,1,0,0,0,0,0,0,0,0,0,1,1,0,0,0,0,0,0,0,0,0,0,0,0,0,0,0,0,0,0,0,1,0,0,4,0,40.0442,-75.1627, ,Philadelphia
7941,89618,2017084778,6,67,67301,2017,7,6,726,7,1,1,0,1,1, , ,N,6,4,2,3,0,0,2,2,N,N,39 56:43.753,75 11:24.850,735, ,726, ,0, , , ,3, , , , , , , , , ,2,2,0,0,0,0,0,0,0,0,0,0,0,0,0,0,0,0,0,0,0,0,0,0,0,0,0,0,0,0,0,0,0,0,0,0,0,39.9455,-75.1902, ,Philadelphia