objectid_1,objectid,crn,district,county,municipality,crash_year,crash_month,day_of_week,time_of_day,hour_of_day,illumination,weather,road_condition,collision_type,relation_to_road,work_zone_type,work_zone_loc,work_zone_ind,intersect_type,tcd_type,location_type,urban_rural,fatal_count,injury_count,person_count,total_units,sch_bus_ind,sch_zone_ind,latitude,longitude,arrival_tm,cons_zone_spd_lim,dispatch_tm,est_hrs_closed,lane_closed,ln_close_dir,ntfy_hiwy_maint,spec_juris_cd,tcd_func_cd,tfc_detour_ind,workers_pres,wz_close_detour,wz_flagger,wz_law_offcr_ind,wz_ln_closure,wz_moving,wz_other,wz_shlder_mdn,vehicle_count,automobile_count,motorcycle_count,bus_count,small_truck_count,heavy_truck_count,suv_count,van_count,bicycle_count,maj_inj_count,mod_inj_count,min_inj_count,tot_inj_count,unk_inj_deg_count,unk_inj_per_count,driver_count_16yr,driver_count_17yr,driver_count_18yr,driver_count_19yr,driver_count_20yr,driver_count_50_64yr,driver_count_65_74yr,driver_count_75plus,unbelted_occ_count,unb_death_count,unb_maj_inj_count,belted_death_count,belted_maj_inj_count,mcycle_death_count,mcycle_maj_inj_count,bicycle_death_count,bicycle_maj_inj_count,ped_count,ped_death_count,ped_maj_inj_count,max_severity_level,comm_veh_count,dec_lat,dec_long,rdwy_surf_type_cd,county_name
8007,86920,2017116055,6,67,67301,2017,10,7,30,0,3,1,0,1,1, , ,N,0,0,0,3,0,1,2,4,N,N,40 03:01.187,75 08:52.517,54, ,50, ,0, ,N, ,0, , , , , , , , , ,4,1,0,0,0,0,0,3,0,0,0,0,1,1,0,0,0,0,0,0,1,0,0,1,0,0,0,0,0,0,0,0,0,0,0,8,0,40.0503,-75.1479, ,Philadelphia
8008,89714,2017086933,6,67,67301,2017,2,4,2101,21,3,1,0,1,6, , ,N,0,0,0,3,0,1,2,5,N,N,39 56:29.821,75 09:49.759,2101, ,2101, ,0, , , ,0, , , , , , , , , ,5,3,0,0,0,0,2,0,0,1,0,0,1,0,0,0,0,0,0,0,0,0,0,1,0,0,0,0,0,0,0,0,0,0,0,2,0,39.9416,-75.1638, ,Philadelphia
8009,89721,2017078756,6,67,67301,2017,6,2,749,7,1,1,0,6,1, , ,N,0,0,0,3,0,1,3,3,N,N,40 01:12.155,75 07:35.791,749, ,749, ,0, ,N, ,0, , , , , , , , , ,3,2,0,0,1,0,0,0,0,0,0,1,1,0,1,0,0,0,0,0,0,0,0,0,0,0,0,0,0,0,0,0,0,0,0,4,0,40.02,-75.1266, ,Philadelphia
8010,89738,2017086180,6,67,67301,2017,7,5,850,8,1,1,0,4,1, , ,N,1,3,0,3,0,1,2,2,N,N,39 58:09.267,75 12:20.905,854, ,853, ,0, , , ,3, , , , , , , , , ,2,2,0,0,0,0,0,0,0,0,0,1,1,0,1,0,0,0,1,0,0,0,0,0,0,0,0,0,0,0,0,0,0,0,0,4,0,39.9692,-75.2058, ,Philadelphia
8011,89756,2017067833,6,67,67301,2017,6,1,2115,21,3,1,0,4,1, , ,N,1,2,0,3,0,1,6,2,N, ,40 05:09.739,75 12:42.976,2130, ,2120,2,2,7, , ,3,Y, , , , , , , , ,2,1,0,0,0,0,1,0,0,0,0,1,1,0,5,0,0,0,0,0,0,0,0,0,0,0,0,0,0,0,0,0,0,0,0,4,0,40.0861,-75.2119, ,Philadelphia
8012,89773,2017079806,6,67,67301,2017,8,4,1546,15,1,1,0,7,2,1,4,Y,7,0,2,3,0,0,1,1,N,N,39 59:50.669,75 04:55.143,1620,45,1556, ,0, , , ,0, ,N,N,N,N,N,Y,N,Y,1,1,0,0,0,0,0,0,0,0,0,0,0,0,0,0,0,0,1,0,0,0,0,0,0,0,0,0,0,0,0,0,0,0,0,0,0,39.9974,-75.082, ,Philadelphia
8013,89779,2017079601,6,67,67301,2017,8,6,1300,13,1,1,0,8,1, , ,N,1,0,0,3,0,1,2,2,N,N,39 57:17.539,75 12:08.766,1305, ,1305, ,0, ,N, ,0, , , , , , , , , ,1,0,0,0,0,0,0,1,0,0,1,0,1,0,0,0,0,0,0,0,1,0,0,1,0,0,0,0,0,0,0,0,1,0,0,3,0,39.9549,-75.2024, ,Philadelphia
8014,89793,2017088738,6,67,67301,2017,8,6,2045,20,3,1,0,3,6, , ,N,0,0,0,3,0,2,3,4,N,N,39 56:56.053,75 10:03.736,2059, ,2057,2,2,1, , ,0,Y, , , , , , , , ,4,2,0,0,0,0,2,0,0,0,1,1,2,0,0,0,0,0,0,0,1,1,0,2,0,0,0,0,0,0,0,0,0,0,0,3,0,39.9489,-75.1677, ,Philadelphia
8015,89796,2017076290,6,67,67301,2017,6,2,1933,19,1,2,1,4,1, , ,N,1,2,0,3,0,1,5,2,N,N,40 03:19.147,75 04:24.059,1940, ,1935,3,2,3, , ,3,Y, , , , , , , , ,2,1,0,0,0,0,1,0,0,0,0,0,1,1,0,0,0,1,0,1,0,0,0,0,0,0,0,0,0,0,0,0,0,0,0,8,0,40.0553,-75.0733, ,Philadelphia
8016,89800,2017070394,6,67,67301,2017,6,3,1226,12,1,1,0,4,1, , ,N,2,3,7,3,0,1,6,3,N, ,40 05:27.290,75 02:28.042,1232, ,1226,1,1,2, , ,3,N, , , , , , , , ,3,0,0,0,0,0,2,1,0,0,1,0,1,0,0,0,0,0,0,0,0,0,1,0,0,0,0,0,0,0,0,0,0,0,0,3,0,40.0909,-75.0411, ,Philadelphia
8017,89820,2017086808,6,67,67301,2017,4,4,2125,21,2,2,1,7,4, , ,N,0,0,0,3,0,1,2,2,N, ,40 01:39.258,75 11:27.385,2134, ,2130,2,2,2, , ,0,Y, , , , , , , , ,2,0,0,0,0,0,2,0,0,0,0,1,1,0,0,0,0,0,0,0,0,0,0,0,0,0,0,0,0,0,0,0,0,0,0,4,0,40.0276,-75.1909, ,Philadelphia
8018,89822,2017070487,6,67,67301,2017,6,2,2152,21,3,1,0,4,1, , ,N,1,2,0,3,0,2,3,2,N,N,40 03:06.267,75 09:10.785,2152, ,2152, ,0, ,N, ,3, , , , , , , , , ,2,1,0,0,0,0,1,0,0,0,0,0,2,2,0,0,0,0,0,0,0,1,0,0,0,0,0,0,0,0,0,0,0,0,0,8,0,40.0517,-75.153, ,Philadelphia
8019,89842,2017051876,6,67,67301,2017,4,4,411,4,3,2,7,7,2, , ,N,6,0,2,3,0,1,1,1,N,N,39 56:26.994,75 08:36.622,424, ,412, ,0, , , ,0, , , , , , , , , ,1,1,0,0,0,0,0,0,0,0,1,0,1,0,0,0,0,0,0,0,0,0,0,0,0,0,0,0,0,0,0,0,0,0,0,3,0,39.9408,-75.1435, ,Philadelphia
8020,89845,2017060542,6,67,67301,2017,5,7,200,2,3,2,1,1,1, , ,N,2,3,0,3,0,3,3,2,N,N,40 01:07.384,75 06:06.253,204, ,203,2,2,7,N, ,3,Y, , , , , , , , ,2,2,0,0,0,0,0,0,0,1,0,0,3,2,0,0,0,0,0,0,0,0,0,1,0,1,0,0,0,0,0,0,0,0,0,2,0,40.0187,-75.1017, ,Philadelphia
8021,89855,2017072965,6,67,67301,2017,3,6,2300,23,3,1,0,4,1, , ,N,5,2,0,3,0,1,2,2,N,N,39 54:40.810,75 14:33.592,0, ,0, ,0, ,N, ,3, , , , , , , , , ,2,1,0,0,0,0,1,0,0,0,1,0,1,0,0,0,0,0,0,0,0,0,0,0,0,0,0,0,0,0,0,0,0,0,0,3,0,39.9113,-75.2427, ,Philadelphia
8022,89912,2017086882,6,67,67301,2017,5,2,2250,22,3,1,0,5,1, , ,N,0,0,0,3,0,1,3,2,N,N,40 01:12.863,75 08:30.178,2309, ,2301,1,1,1,N, ,0,N, , , , , , , , ,2,2,0,0,0,0,0,0,0,0,0,0,1,1,1,0,0,0,0,0,0,0,0,0,0,0,0,0,0,0,0,0,0,0,0,8,0,40.0202,-75.1417, ,Philadelphia
8023,89917,2017115908,6,67,67301,2017,10,1,2000,20,6,9,8,5,1, , ,N,0,0,0,3,0,1,2,2,N,N,39 59:38.600,75 11:29.800,1640, ,1637, ,0, ,N, ,0, , , , , , , , , ,1,0,0,0,0,0,0,0,1,0,1,0,1,0,1,0,0,0,0,0,0,0,0,0,0,0,0,0,0,0,0,0,0,0,0,3,0,39.9941,-75.1916, ,Philadelphia
8024,89922,2017091673,6,67,67301,2017,8,5,1317,13,1,1,0,8,1, , ,N,1,2,0,3,0,1,2,2,N,N,40 01:49.479,75 10:49.025,1317, ,1317, ,0, ,N, ,3, , , , , , , , , ,1,1,0,0,0,0,0,0,0,0,0,0,1,1,1,0,0,0,0,0,0,1,0,0,0,0,0,0,0,0,0,0,1,0,0,8,0,40.0304,-75.1803, ,Philadelphia
8025,89942,2017055523,6,67,67301,2017,4,6,1016,10,1,1,0,4,1, , ,N,1,2,0,3,0,0,3,2,N,N,40 03:49.505,75 05:00.516,1040, ,1036,1,1,1,N, ,3,N, , , , , , , , ,2,0,0,0,0,0,2,0,0,0,0,0,0,0,0,0,0,0,0,0,0,0,0,0,0,0,0,0,0,0,0,0,0,0,0,0,0,40.0638,-75.0835, ,Philadelphia
8026,80288,2017107965,6,67,67301,2017,8,6,1530,15,1,1,0,5,1, , ,N,0,0,0,3,0,1,2,2,N,N,39 55:16.071,75 11:38.210,1855, ,1844, ,0, ,N, ,0, , , , , , , , , ,1,0,0,0,0,0,0,0,1,0,0,0,1,1,0,0,0,0,0,0,0,0,0,0,0,0,0,0,0,0,0,0,0,0,0,8,0,39.9211,-75.1939, ,Philadelphia
8027,80291,2017091168,6,67,67301,2017,8,1,1315,13,1,1,0,7,4, , ,N,0,0,0,3,0,0,1,1,N,N,40 03:39.040,75 12:31.581,1336, ,1323,9,1,5, , ,0,N, , , , , , , , ,1,1,0,0,0,0,0,0,0,0,0,0,0,0,0,0,0,0,0,0,0,0,0,0,0,0,0,0,0,0,0,0,0,0,0,0,0,40.0608,-75.2088, ,Philadelphia
8028,80334,2017086357,6,67,67301,2017,7,6,2135,21,3,1,0,4,1, , ,N,3,2,0,3,0,0,2,2,N,N,40 00:17.830,75 10:43.883,2157, ,2151, ,0, ,N, ,3, , , , , , , , , ,2,0,0,0,0,0,2,0,0,0,0,0,0,0,0,0,0,0,0,1,0,0,0,0,0,0,0,0,0,0,0,0,0,0,0,0,0,40.0049,-75.1787, ,Philadelphia
8029,80339,2017116026,6,67,67301,2017,10,6,917,9,1,9,0,2,1, , ,N,0,0,0,3,0,2,2,2,N,N,39 58:51.000,75 12:18.500,940, ,921,3,2,1,N, ,0,Y, , , , , , , , ,2,2,0,0,0,0,0,0,0,0,1,1,2,0,0,0,0,0,0,0,0,0,0,0,0,0,0,0,0,0,0,0,0,0,0,3,0,39.9808,-75.2051, ,Philadelphia
8030,80355,2017070399,6,67,67301,2017,5,4,1420,14,1,1,0,4,1, , ,N,2,2,0,3,0,1,2,2,N, ,39 57:56.508,75 09:38.224,1715, ,1707, ,0, , , ,3, , , , , , , , , ,1,0,0,0,0,0,0,0,1,0,1,0,1,0,0,0,0,0,0,0,0,0,0,0,0,0,0,0,0,0,0,0,0,0,0,3,0,39.9657,-75.1606, ,Philadelphia
8031,80357,2017070420,6,67,67301,2017,6,2,1240,12,1,1,0,5,1, , ,N,0,0,0,3,0,0,2,2,N,N,40 00:47.083,75 07:12.105,1245, ,1243, ,0, ,N, ,0, , , , , , , , , ,2,2,0,0,0,0,0,0,0,0,0,0,0,0,0,0,0,0,0,1,0,0,0,2,0,0,0,0,0,0,0,0,0,0,0,0,0,40.0131,-75.12, ,Philadelphia
8032,80360,2017067903,6,67,67301,2017,6,4,400,4,3,2,1,5,6, , ,N,0,0,0,3,0,0,1,3,N,N,39 59:15.073,75 10:50.337,450, ,447,3,1,1,N, ,0,N, , , , , , , , ,3,3,0,0,0,0,0,0,0,0,0,0,0,0,1,0,0,0,0,0,0,0,0,0,0,0,0,0,0,0,0,0,0,0,0,9,0,39.9875,-75.1807, ,Philadelphia
8033,80361,2017070496,6,67,67301,2017,6,3,1300,13,1,1,0,4,1, , ,N,0,0,7,3,0,1,2,2,N,N,39 59:27.029,75 05:15.403,1315, ,1305,1,1,3,N, ,0,N, , , , , , , , ,2,1,0,0,0,0,1,0,0,0,0,1,1,0,0,0,0,0,0,0,1,0,0,1,0,0,0,0,0,0,0,0,0,0,0,4,0,39.9908,-75.0876, ,Philadelphia
8034,80394,2017100196,6,67,67301,2017,9,7,2123,21,3,2,1,1,1, , ,N,0,0,0,3,0,1,3,2,N,N,39 58:39.509,75 12:04.318,2142, ,2125, ,0, , , ,0, , , , , , , , , ,2,2,0,0,0,0,0,0,0,0,0,1,1,0,0,0,0,0,0,0,0,0,0,0,0,0,0,0,0,0,0,0,0,0,0,4,0,39.9773,-75.2002, ,Philadelphia
8035,80395,2017116037,6,67,67301,2017,10,2,1920,19,2,1,0,4,1, , ,N,1,3,0,3,0,0,2,2,N, ,40 00:36.306,75 09:51.901,1930, ,1925, ,0, , , ,3, , , , , , , , , ,2,1,0,0,0,0,1,0,0,0,0,0,0,0,0,0,0,0,0,0,0,1,0,2,0,0,0,0,0,0,0,0,0,0,0,0,0,40.0101,-75.1644, ,Philadelphia
8036,80397,2017058254,6,67,67301,2017,5,5,1817,18,1,1,0,4,1, , ,N,1,2,0,3,0,5,5,2,N,N,39 59:40.261,75 08:03.134,1817, ,1817,2,1,3,N, ,3,Y, , , , , , , , ,2,1,0,0,0,0,1,0,0,0,1,4,5,0,0,0,0,0,0,0,0,0,0,0,0,0,0,0,0,0,0,0,0,0,0,3,0,39.9945,-75.1342, ,Philadelphia
8037,80423,2017097922,6,67,67301,2017,9,3,1750,17,1,1,0,1,1, , ,N,0,0,0,3,0,2,3,2,N,N,39 57:34.089,75 10:28.496,1809, ,1752,2,2,4,N, ,0,N, , , , , , , , ,2,1,0,0,0,0,0,1,0,0,0,0,2,2,0,0,0,0,0,0,0,0,0,1,0,0,0,0,0,0,0,0,0,0,0,8,0,39.9595,-75.1746, ,Philadelphia
8038,80425,2017091671,6,67,67301,2017,8,6,2347,23,3,1,0,5,6, , ,N,0,0,0,3,0,0,1,6,N, ,40 02:46.269,75 03:26.011,2354, ,2347, ,0, , , ,0, , , , , , , , , ,6,4,0,0,1,0,1,0,0,0,0,0,0,0,0,0,0,0,0,0,1,0,0,0,0,0,0,0,0,0,0,0,0,0,0,0,0,40.0462,-75.0572, ,Philadelphia
8039,80429,2017086639,6,67,67301,2017,2,2,1115,11,1,1,0,7,4, , ,N,0,0,0,3,0,2,3,2,N,N,40 01:13.829,75 09:19.648,1125, ,1119,1,1,1,N, ,0,N, , , , , , , , ,2,1,0,1,0,0,0,0,0,0,0,1,2,1,0,0,0,0,0,0,0,0,0,0,0,0,0,0,0,0,0,0,0,0,0,4,1,40.0205,-75.1555, ,Philadelphia
8040,80430,2017086648,6,67,67301,2017,2,3,900,9,1,8,5,4,1, , ,N,2,3,0,3,0,1,2,2,N, ,39 54:57.271,75 14:43.211,1000, ,938, ,0, , , ,3, , , , , , , , , ,2,1,0,0,0,0,0,1,0,0,0,0,1,1,0,0,0,0,0,0,0,1,0,1,0,0,0,0,0,0,0,0,0,0,0,8,0,39.9159,-75.2453, ,Philadelphia
8041,80438,2017109800,6,67,67301,2017,9,4,620,6,1,1,0,4,1, , ,N,0,0,7,3,0,1,2,2,N,N,39 59:20.393,75 05:23.085,728, ,724, ,0, , , ,0, , , , , , , , , ,2,1,0,0,0,0,1,0,0,0,0,0,1,1,0,0,0,0,0,0,0,0,0,1,0,0,0,0,0,0,0,0,0,0,0,8,0,39.989,-75.0897, ,Philadelphia
8042,80443,2017096601,6,67,67301,2017,8,3,840,8,1,2,1,7,4, , ,N,0,0,3,3,0,1,1,1,N,N,39 53:35.491,75 14:38.500,855, ,848,3,1,1, , ,0,N, , , , , , , , ,1,0,0,0,0,0,1,0,0,0,0,1,1,0,0,0,0,0,0,0,0,1,0,0,0,0,0,0,0,0,0,0,0,0,0,4,0,39.8932,-75.244, ,Philadelphia
8043,80464,2017080269,6,67,67301,2017,7,7,2244,22,3,1,0,7,2, , ,N,0,0,0,3,0,0,1,1,N,N,40 01:49.301,75 01:19.314,2342, ,2248, ,0, , , ,0, , , , , , , , , ,1,1,0,0,0,0,0,0,0,0,0,0,0,0,0,0,0,0,0,0,0,0,0,0,0,0,0,0,0,0,0,0,0,0,0,0,0,40.0304,-75.022, ,Philadelphia
8044,83424,2017088746,6,67,67301,2017,8,3,1427,14,1,1,0,8,1, , ,N,0,3,7,3,0,1,2,2,N, ,40 04:58.500,75 01:24.200,1453, ,1428, ,0, , , ,3, , , , , , , , , ,1,0,0,0,1,0,0,0,0,0,1,0,1,0,0,0,0,0,0,0,1,0,0,0,0,0,0,0,0,0,0,0,1,0,0,3,0,40.0829,-75.0234, ,Philadelphia
8045,83426,2017116043,6,67,67301,2017,10,1,254,2,3,1,0,7,4, , ,N,0,0,0,3,0,0,2,1,N,N,40 01:09.306,75 11:27.208,302, ,258,2,1,1,N, ,0,Y, , , , , , , , ,1,1,0,0,0,0,0,0,0,0,0,0,0,0,0,0,0,0,0,0,0,0,0,2,0,0,0,0,0,0,0,0,0,0,0,0,0,40.0193,-75.1909, ,Philadelphia
8046,83436,2017084932,6,67,67301,2017,7,2,1315,13,1,1,0,5,1, , ,N,0,0,0,3,0,1,2,2,N,N,39 55:37.438,75 08:47.609,1341, ,1319, ,0, , , ,0, , , , , , , , , ,2,1,0,0,0,0,1,0,0,0,0,0,1,1,0,0,0,0,0,0,1,0,0,0,0,0,0,0,0,0,0,0,0,0,0,8,0,39.9271,-75.1466, ,Philadelphia
8047,83439,2017086767,6,67,67301,2017,4,1,1030,10,1,1,0,8,1, , ,N,1,2,0,3,0,1,2,2,N, ,39 56:54.150,75 08:38.536,1040, ,1035, ,0, , , ,3, , , , , , , , , ,1,1,0,0,0,0,0,0,0,0,0,0,1,1,0,0,0,0,0,0,0,0,0,1,0,0,0,0,0,0,0,0,1,0,0,8,0,39.9484,-75.1441, ,Philadelphia
8048,83441,2017076247,6,67,67301,2017,6,4,1007,10,1,1,0,4,1, , ,N,1,3,0,3,0,0,2,2,N,N,39 57:56.372,75 12:39.409,1126, ,1112, ,0, ,N, ,3, , , , , , , , , ,2,0,0,0,0,0,2,0,0,0,0,0,0,0,0,0,0,0,0,0,0,0,0,0,0,0,0,0,0,0,0,0,0,0,0,0,0,39.9657,-75.2109, ,Philadelphia
8049,83458,2017078871,6,67,67301,2017,7,2,252,2,3,1,0,1,1, , ,N,1,2,0,3,0,0,2,2,N, ,39 57:16.502,75 10:22.764,303, ,300, ,0, , , ,3, , , , , , , , , ,2,1,0,0,1,0,0,0,0,0,0,0,0,0,1,0,0,0,0,0,0,0,0,0,0,0,0,0,0,0,0,0,0,0,0,9,0,39.9546,-75.173, ,Philadelphia
8050,83471,2017091878,6,67,67301,2017,8,1,1535,15,1,1,0,4,1, , ,N,1,3,0,3,0,1,2,2,N,N,40 01:35.417,75 03:42.559,1550, ,1544, ,0, , , ,3, , , , , , , , , ,2,1,0,0,0,0,1,0,0,0,0,0,1,1,0,0,0,0,0,0,0,0,0,0,0,0,0,0,0,0,0,0,0,0,0,8,0,40.0265,-75.0618, ,Philadelphia
8051,83482,2017060575,6,67,67301,2017,5,1,55,0,3,1,0,4,1, , ,N,1,2,0,3,0,4,4,2,N,N,40 00:32.006,75 11:38.251,230, ,218,3,1,2,N, ,3,N, , , , , , , , ,2,2,0,0,0,0,0,0,0,0,0,4,4,0,0,0,0,0,0,0,0,0,0,0,0,0,0,0,0,0,0,0,0,0,0,4,0,40.0089,-75.194, ,Philadelphia
8052,83488,2017067907,6,67,67301,2017,6,5,745,7,1,1,0,1,1, , ,N,2,0,0,3,0,1,2,2,N,N,40 00:26.994,75 07:32.142,1245, ,745, ,0, , , ,0, , , , , , , , , ,2,0,0,0,0,0,2,0,0,0,0,1,1,0,0,0,0,0,0,0,1,0,0,1,0,0,0,0,0,0,0,0,0,0,0,4,0,40.0074,-75.1252, ,Philadelphia
8053,83494,2017115912,6,67,67301,2017,10,2,750,7,1,1,0,5,1, , ,N,1,2,0,3,0,1,4,3,N,N,39 58:39.875,75 12:48.192,805, ,750, ,0, ,N, ,3, , , , , , , , , ,3,2,0,1,0,0,0,0,0,0,0,1,1,0,0,0,0,0,0,0,1,0,0,2,0,0,0,0,0,0,0,0,0,0,0,4,1,39.9777,-75.2134, ,Philadelphia
8054,83514,2017097816,6,67,67301,2017,9,7,1940,19,2,1,0,6,1, , ,N,0,0,0,3,0,1,2,2,N, ,39 57:45.076,75 13:27.626,1940, ,1940, ,0, , , ,0, , , , , , , , , ,2,0,1,0,0,0,1,0,0,0,0,1,1,0,0,0,0,0,0,0,0,0,0,1,0,0,0,0,0,0,0,0,0,0,0,4,0,39.9625,-75.2243, ,Philadelphia
8055,83538,2017068330,6,67,67301,2017,6,5,2329,23,3,1,0,1,1, , ,N,0,0,0,3,0,2,3,2,N,N,40 03:09.585,74 59:13.266,2339, ,2329, ,0, , , ,0, , , , , , , , , ,2,2,0,0,0,0,0,0,0,0,0,1,2,1,0,0,0,0,0,0,0,0,0,0,0,0,0,0,0,0,0,0,0,0,0,4,0,40.0527,-74.987, ,Philadelphia
8056,83543,2017067738,6,67,67301,2017,5,1,1131,11,1,1,0,1,1, , ,N,0,2,0,3,0,1,2,2,N,N,40 04:03.323,75 03:04.136,1138, ,1132,2,1,2,N, ,3,N, , , , , , , , ,2,0,1,0,0,0,1,0,0,0,0,0,1,1,0,0,0,0,0,0,0,0,0,0,0,0,0,0,0,0,0,0,0,0,0,8,0,40.0676,-75.0511, ,Philadelphia
8057,83562,2017088767,6,67,67301,2017,8,1,1220,12,1,1,0,4,1, , ,N,1,2,0,3,0,2,3,2,N,N,40 01:37.983,75 10:15.634,1238, ,1228, ,0, ,N, ,3, , , , , , , , , ,2,1,0,0,0,0,1,0,0,0,0,2,2,0,0,0,0,0,0,0,1,0,0,0,0,0,0,0,0,0,0,0,0,0,0,4,0,40.0272,-75.171, ,Philadelphia
8058,83571,2017088310,6,67,67301,2017,7,7,1400,14,1,9,8,5,1, , ,N,0,0,0,3,0,1,2,2,N,N,39 58:26.946,75 11:41.261,9999, ,911, ,0, ,N, ,0, , , , , , , , , ,2,1,0,0,0,0,0,1,0,0,1,0,1,0,0,0,0,0,0,0,0,0,0,1,0,0,0,0,0,0,0,0,0,0,0,3,0,39.9742,-75.1948, ,Philadelphia
8059,83593,2017085913,6,67,67301,2017,8,2,2105,21,3,1,0,1,1,2,3,Y,0,0,0,3,0,0,6,2,N,N,40 05:04.494,74 58:07.998,2108,55,2105,2,2,3, , ,0,Y,N,Y,N,N,Y,N,N,N,2,2,0,0,0,0,0,0,0,0,0,0,0,0,0,0,0,1,0,0,1,0,0,0,0,0,0,0,0,0,0,0,0,0,0,0,0,40.0846,-74.9689, ,Philadelphia
8060,83596,2017087763,6,67,67301,2017,8,1,1916,19,1,1,0,1,1, , ,N,0,0,3,3,0,5,5,2,N,N,39 53:12.923,75 12:19.394,1925, ,1917,2,2,2, , ,0,N, , , , , , , , ,2,2,0,0,0,0,0,0,0,0,1,1,5,3,0,0,0,0,0,0,1,0,0,0,0,0,0,0,0,0,0,0,0,0,0,3,0,39.8869,-75.2054, ,Philadelphia
8061,83601,2017091846,6,67,67301,2017,8,4,1730,17,1,1,0,8,1, , ,N,1,2,0,3,0,1,2,2,N,N,40 04:39.735,75 04:15.542,2245, ,2245, ,0, , , ,3, , , , , , , , , ,1,1,0,0,0,0,0,0,0,0,0,1,1,0,0,0,0,0,0,0,0,0,0,1,0,0,0,0,0,0,0,0,1,0,0,4,0,40.0777,-75.071, ,Philadelphia
8062,86943,2017127428,6,67,67301,2017,11,3,1300,13,1,2,1,8,1, , ,N,1,2,0,3,0,1,2,2,N,N,40 00:34.811,75 09:16.100,1321, ,1312, ,0, ,N, ,3, , , , , , , , , ,1,0,0,0,0,1,0,0,0,0,0,0,1,1,0,0,0,0,0,0,0,0,0,0,0,0,0,0,0,0,0,0,1,0,0,8,1,40.0097,-75.1544, ,Philadelphia
8063,86960,2017070445,6,67,67301,2017,6,4,1700,17,1,1,0,4,1, , ,N,1,2,0,3,0,1,2,2,N,N,40 01:38.245,75 01:43.720,1555, ,1554, ,0, , , ,3, , , , , , , , , ,1,0,0,0,0,0,0,0,1,0,0,0,1,1,1,0,0,0,0,0,0,0,0,0,0,0,0,0,0,0,0,0,0,0,0,8,0,40.0273,-75.0288, ,Philadelphia
8064,86961,2017067841,6,67,67301,2017,5,7,1940,19,1,1,0,7,4, , ,N,6,0,2,3,0,1,2,2,N,N,40 00:34.498,75 11:14.125,1953, ,1942, ,0, ,Y, ,0, , , , , , , , , ,2,0,0,0,0,0,1,1,0,1,0,0,1,0,0,0,0,0,0,0,1,0,0,0,0,0,0,0,0,0,0,0,0,0,0,2,0,40.0096,-75.1873, ,Philadelphia
8065,86973,2017091781,6,67,67301,2017,8,1,136,1,3,1,0,7,4, , ,N,0,0,0,3,0,0,1,1,N,N,39 59:01.153,75 07:37.470,205, ,157,2,1,4,N, ,0,N, , , , , , , , ,1,1,0,0,0,0,0,0,0,0,0,0,0,0,1,0,0,0,0,0,0,0,0,0,0,0,0,0,0,0,0,0,0,0,0,9,0,39.9837,-75.1271, ,Philadelphia
8066,86974,2017088989,6,67,67301,2017,8,7,9999,99,1,1,0,4,1, , ,N,1,3,0,3,0,0,2,2,N,N,39 57:23.760,75 08:45.229,9999, ,9999, ,0, ,N, ,3, , , , , , , , , ,2,2,0,0,0,0,0,0,0,0,0,0,0,0,0,0,0,0,0,0,0,0,0,2,0,0,0,0,0,0,0,0,0,0,0,0,0,39.9566,-75.1459, ,Philadelphia
8067,86985,2017109826,6,67,67301,2017,9,4,2210,22,3,1,0,4,1, , ,N,3,2,0,3,0,3,3,2,N, ,40 01:48.146,75 06:11.546,2230, ,2215, ,0, , , ,3, , , , , , , , , ,2,1,1,0,0,0,0,0,0,0,0,1,3,2,0,0,0,0,0,0,1,0,0,0,0,0,0,0,0,0,0,0,0,0,0,4,0,40.03,-75.1032, ,Philadelphia
8068,87006,2017067876,6,67,67301,2017,6,7,2040,20,1,1,0,4,1, , ,N,1,2,0,3,0,1,6,2,N,N,39 55:43.955,75 14:07.857,2050, ,2050, ,0, , , ,3, , , , , , , , , ,2,1,0,0,0,0,1,0,0,0,0,1,1,0,4,0,0,0,0,0,0,1,0,0,0,0,0,0,0,0,0,0,0,0,0,4,0,39.9289,-75.2355, ,Philadelphia
8069,87022,2017097811,6,67,67301,2017,7,2,1100,11,1,1,0,4,1, , ,N,1,2,0,3,0,0,1,3,N,N,39 57:29.691,75 13:23.712,1111, ,1109,1,1,3,N, ,3,Y, , , , , , , , ,3,2,0,0,0,0,1,0,0,0,0,0,0,0,0,0,0,0,0,0,0,0,0,0,0,0,0,0,0,0,0,0,0,0,0,0,0,39.9582,-75.2232, ,Philadelphia
8070,87031,2017086098,6,67,67301,2017,6,6,2330,23,3,1,0,4,1, , ,N,1,3,0,3,0,1,3,3,N,N,39 57:15.202,75 14:10.809,2353, ,2352, ,0, ,N, ,3, , , , , , , , , ,3,0,0,0,0,0,2,1,0,0,0,0,1,1,1,0,0,0,0,0,1,0,0,0,0,0,0,0,0,0,0,0,0,0,0,8,0,39.9542,-75.2363, ,Philadelphia
8071,87049,2017052407,6,67,67301,2017,4,3,758,7,1,2,1,4,1, , ,N,1,3,0,3,0,1,2,2,N,N,39 55:50.574,75 10:12.198,918, ,834, ,0, ,N, ,3, , , , , , , , , ,1,0,0,0,0,0,0,1,1,0,1,0,1,0,0,0,0,0,0,0,0,0,0,1,0,0,0,0,0,0,0,0,0,0,0,3,0,39.9307,-75.1701, ,Philadelphia