objectid_1,objectid,crn,district,county,municipality,crash_year,crash_month,day_of_week,time_of_day,hour_of_day,illumination,weather,road_condition,collision_type,relation_to_road,work_zone_type,work_zone_loc,work_zone_ind,intersect_type,tcd_type,location_type,urban_rural,fatal_count,injury_count,person_count,total_units,sch_bus_ind,sch_zone_ind,latitude,longitude,arrival_tm,cons_zone_spd_lim,dispatch_tm,est_hrs_closed,lane_closed,ln_close_dir,ntfy_hiwy_maint,spec_juris_cd,tcd_func_cd,tfc_detour_ind,workers_pres,wz_close_detour,wz_flagger,wz_law_offcr_ind,wz_ln_closure,wz_moving,wz_other,wz_shlder_mdn,vehicle_count,automobile_count,motorcycle_count,bus_count,small_truck_count,heavy_truck_count,suv_count,van_count,bicycle_count,maj_inj_count,mod_inj_count,min_inj_count,tot_inj_count,unk_inj_deg_count,unk_inj_per_count,driver_count_16yr,driver_count_17yr,driver_count_18yr,driver_count_19yr,driver_count_20yr,driver_count_50_64yr,driver_count_65_74yr,driver_count_75plus,unbelted_occ_count,unb_death_count,unb_maj_inj_count,belted_death_count,belted_maj_inj_count,mcycle_death_count,mcycle_maj_inj_count,bicycle_death_count,bicycle_maj_inj_count,ped_count,ped_death_count,ped_maj_inj_count,max_severity_level,comm_veh_count,dec_lat,dec_long,rdwy_surf_type_cd,county_name
8072,87051,2017058300,6,67,67301,2017,5,2,1625,16,1,1,0,6,1, , ,N,0,0,0,3,0,0,5,2,N,N,40 00:33.795,75 11:50.461,1644, ,1643, ,0, ,N, ,0, , , , , , , , , ,2,1,0,0,1,0,0,0,0,0,0,0,0,0,0,0,0,0,0,0,0,0,0,0,0,0,0,0,0,0,0,0,0,0,0,0,0,40.0094,-75.1974, ,Philadelphia
8073,87070,2017116100,6,67,67301,2017,10,1,110,1,3,1,0,0,1, , ,N,1,2,0,3,0,1,1,1,N,N,40 02:06.022,75 04:09.823,110, ,110, ,0, , , ,3, , , , , , , , , ,1,0,1,0,0,0,0,0,0,0,0,0,1,1,0,0,0,0,0,0,0,0,0,0,0,0,0,0,0,0,0,0,0,0,0,8,0,40.035,-75.0694, ,Philadelphia
8074,87074,2017108047,6,67,67301,2017,9,4,1735,17,1,1,0,4,1, , ,N,1,2,0,3,0,2,4,2,N, ,39 58:38.270,75 09:29.632,1740, ,1740, ,0, , , ,3, , , , , , , , , ,2,1,0,0,0,0,1,0,0,0,0,0,2,2,0,0,0,0,0,0,1,1,0,1,0,0,0,0,0,0,0,0,0,0,0,8,0,39.9773,-75.1581, ,Philadelphia
8075,87078,2017109798,6,67,67301,2017,9,4,1530,15,1,1,0,8,1, , ,N,0,0,0,3,0,1,2,2,N, ,40 01:15.200,75 07:07.700,1538, ,1537, ,0, , , ,0, , , , , , , , , ,1,1,0,0,0,0,0,0,0,0,0,0,1,1,0,0,0,0,0,0,0,0,0,0,0,0,0,0,0,0,0,0,1,0,0,8,0,40.0209,-75.1188, ,Philadelphia
8076,87091,2017055533,6,67,67301,2017,4,4,404,4,3,2,1,4,1, , ,N,1,2,2,3,0,0,4,2,N,N,39 58:29.070,75 11:56.920,411, ,405, ,0, ,N, ,3, , , , , , , , , ,2,2,0,0,0,0,0,0,0,0,0,0,0,0,1,0,0,0,0,0,0,0,0,0,0,0,0,0,0,0,0,0,0,0,0,9,0,39.9746,-75.1991, ,Philadelphia
8077,87099,2017052068,6,67,67301,2017,5,2,1758,17,1,1,0,1,1, , ,N,0,2,0,3,0,2,4,3,N,N,39 56:41.058,75 08:31.563,1805, ,1759,3,2,2, , ,3,Y, , , , , , , , ,3,1,0,0,1,0,1,0,0,0,0,2,2,0,0,0,0,0,0,0,2,0,0,0,0,0,0,0,0,0,0,0,0,0,0,4,0,39.9447,-75.1421, ,Philadelphia
8078,87178,2017105918,6,67,67301,2017,9,3,2358,23,3,1,0,4,1, , ,N,1,2,0,3,0,3,3,3,N,N,39 58:08.327,75 13:01.203,2, ,0, ,0, , , ,3, , , , , , , , , ,3,1,0,0,0,0,2,0,0,0,0,3,3,0,0,0,0,0,0,0,1,0,0,0,0,0,0,0,0,0,0,0,0,0,0,4,0,39.969,-75.217, ,Philadelphia
8079,87186,2017063909,6,67,67301,2017,6,5,1951,19,1,1,0,7,2, , ,N,0,0,0,3,0,1,2,1,N,N,39 58:55.664,75 12:27.509,1953, ,1952, ,0, , , ,0, , , , , , , , , ,1,1,0,0,0,0,0,0,0,0,0,1,1,0,0,0,0,0,0,0,0,0,0,0,0,0,0,0,0,0,0,0,0,0,0,4,0,39.9816,-75.2072, ,Philadelphia
8080,90383,2017067974,6,67,67301,2017,6,1,1452,14,1,1,0,1,1, , ,N,0,0,0,3,0,1,2,2,N,N,39 57:07.046,75 09:29.703,1505, ,1453,2,1,1,N, ,0,N, , , , , , , , ,2,1,0,0,0,0,1,0,0,0,0,1,1,0,0,0,0,0,1,0,0,0,1,0,0,0,0,0,0,0,0,0,0,0,0,4,0,39.952,-75.1583, ,Philadelphia
8081,90387,2017081531,6,67,67301,2017,7,2,546,5,3,2,7,7,4, , ,N,0,0,0,3,0,0,1,1,N,N,39 53:56.722,75 10:01.500,605, ,546, ,0, , , ,0, , , , , , , , , ,1,1,0,0,0,0,0,0,0,0,0,0,0,0,0,0,0,0,0,0,0,0,0,0,0,0,0,0,0,0,0,0,0,0,0,0,0,39.8991,-75.1671, ,Philadelphia
8082,90395,2017097906,6,67,67301,2017,9,3,1440,14,1,1,0,4,1, , ,N,2,0,0,3,0,3,3,2,N,N,40 04:17.176,75 11:10.291,1508, ,1458, ,0, ,N, ,0, , , , , , , , , ,2,1,0,0,0,0,1,0,0,0,0,3,3,0,0,0,0,0,0,0,0,1,1,0,0,0,0,0,0,0,0,0,0,0,0,4,0,40.0715,-75.1863, ,Philadelphia
8083,90402,2017091787,6,67,67301,2017,8,4,1530,15,1,1,0,1,1, , ,N,0,0,0,3,0,0,2,2,N, ,40 00:06.846,75 13:29.644,1543, ,1540, ,0, , , ,0, , , , , , , , , ,2,1,0,0,0,0,1,0,0,0,0,0,0,0,0,0,0,0,0,0,0,0,0,0,0,0,0,0,0,0,0,0,0,0,0,0,0,40.0019,-75.2249, ,Philadelphia
8084,90417,2017109847,6,67,67301,2017,9,6,2255,22,3,1,0,4,1, , ,N,1,2,0,3,0,1,2,2,N,N,40 02:32.500,75 04:57.930,2325, ,2323, ,0, ,N, ,3, , , , , , , , , ,2,0,0,0,0,0,1,1,0,0,0,1,1,0,0,0,0,0,0,0,1,0,1,1,0,0,0,0,0,0,0,0,0,0,0,4,0,40.0424,-75.0827, ,Philadelphia
8085,90418,2017117035,6,67,67301,2017,10,3,1657,16,1,1,0,1,1, , ,N,0,0,0,3,0,0,2,2,N,N,39 57:48.972,75 11:03.274,1707, ,1701, ,0, , , ,0, , , , , , , , , ,2,1,0,0,0,0,1,0,0,0,0,0,0,0,0,0,0,0,0,0,0,0,0,1,0,0,0,0,0,0,0,0,0,0,0,0,0,39.964,-75.1846, ,Philadelphia
8086,90420,2017096548,6,67,67301,2017,8,5,1532,15,1,1,0,4,1, , ,N,1,2,0,3,0,1,3,3,N,N,39 56:41.445,75 10:01.135,1630, ,1626, ,0, ,N, ,3, , , , , , , , , ,3,1,0,0,0,0,1,1,0,0,0,0,1,1,0,0,0,0,0,0,1,0,0,2,0,0,0,0,0,0,0,0,0,0,0,8,0,39.9448,-75.167, ,Philadelphia
8087,90432,2017070598,6,67,67301,2017,6,1,934,9,1,1,0,1,1, , ,N,0,0,0,3,0,0,6,4,N,N,39 58:03.515,75 11:22.801,936, ,935,1,1,3, , ,0,N, , , , , , , , ,4,2,0,0,0,0,1,1,0,0,0,0,0,0,0,0,1,0,0,0,0,0,0,0,0,0,0,0,0,0,0,0,0,0,0,0,0,39.9676,-75.1896, ,Philadelphia
8088,90437,2017076229,6,67,67301,2017,6,7,1854,18,1,1,0,5,6, , ,N,0,0,0,3,0,0,3,2,N,N,39 56:36.059,75 10:02.265,1856, ,1855, ,0, ,N, ,0, , , , , , , , , ,2,2,0,0,0,0,0,0,0,0,0,0,0,0,0,0,0,0,0,0,0,0,0,0,0,0,0,0,0,0,0,0,0,0,0,0,0,39.9433,-75.1673, ,Philadelphia
8089,90463,2017124738,6,67,67301,2017,11,3,1719,17,3,1,0,1,1, , ,N,0,0,0,3,0,0,3,3,N,N,39 55:35.151,75 11:40.716,1740, ,1722,2,2,3, , ,0,N, , , , , , , , ,3,2,0,0,0,0,1,0,0,0,0,0,0,0,0,0,0,0,0,0,0,0,0,0,0,0,0,0,0,0,0,0,0,0,0,0,0,39.9264,-75.1946, ,Philadelphia
8090,90468,2017115926,6,67,67301,2017,10,1,1410,14,1,1,0,4,1, , ,N,0,0,0,3,0,3,4,2,N,N,39 58:20.349,75 11:38.775,1431, ,1427, ,0, ,N, ,0, , , , , , , , , ,2,2,0,0,0,0,0,0,0,0,0,3,3,0,0,0,0,0,0,0,1,0,0,1,0,0,0,0,0,0,0,0,0,0,0,4,0,39.9723,-75.1941, ,Philadelphia
8091,90504,2017086056,6,67,67301,2017,7,2,1725,17,1,1,0,4,1, , ,N,0,0,0,3,0,2,3,2,N, ,39 59:57.462,75 10:00.613,1745, ,1740, ,0, , , ,0, , , , , , , , , ,1,0,0,0,0,0,0,1,1,0,0,1,2,1,0,0,0,0,0,0,0,0,0,1,0,0,0,0,0,0,0,0,0,0,0,4,0,39.9993,-75.1668, ,Philadelphia
8092,90509,2017073213,6,67,67301,2017,7,7,445,4,3,1,0,5,1, , ,N,0,0,0,3,0,1,2,2,N,N,40 00:36.805,75 12:24.697,459, ,455, ,0, , , ,0, , , , , , , , , ,2,2,0,0,0,0,0,0,0,0,0,0,1,1,0,0,0,0,0,0,0,0,0,0,0,0,0,0,0,0,0,0,0,0,0,8,0,40.0102,-75.2069, ,Philadelphia
8093,90523,2017086720,6,67,67301,2017,3,5,1750,17,1,1,0,4,1, , ,N,0,0,7,3,0,1,2,2,N, ,39 57:38.391,75 08:32.203,1810, ,1759, ,0, , , ,0, , , , , , , , , ,1,0,0,0,0,0,1,0,1,0,0,0,1,1,0,0,0,0,0,0,0,0,0,0,0,0,0,0,0,0,0,0,0,0,0,8,0,39.9607,-75.1422, ,Philadelphia
8094,90531,2017076358,6,67,67301,2017,6,7,1610,16,1,2,1,4,1, , ,N,1,3,0,3,0,2,3,2,N, ,40 00:57.189,75 07:02.269,1618, ,1610, ,0, , , ,3, , , , , , , , , ,2,1,0,0,1,0,0,0,0,0,0,0,2,2,0,0,0,0,0,0,0,0,0,1,0,0,0,0,0,0,0,0,0,0,0,8,0,40.0159,-75.1173, ,Philadelphia
8095,90551,2017098996,6,67,67301,2017,9,2,1611,16,1,1,0,7,4, , ,N,0,0,0,3,0,0,1,1,N,N,39 59:08.422,75 05:36.698,1618, ,1612,2,2,2, , ,0,N, , , , , , , , ,1,1,0,0,0,0,0,0,0,0,0,0,0,0,1,0,0,0,0,0,0,0,0,0,0,0,0,0,0,0,0,0,0,0,0,9,0,39.9857,-75.0935, ,Philadelphia
8096,90552,2017093663,6,67,67301,2017,8,1,440,4,3,1,0,7,4, , ,N,0,0,0,3,0,0,1,1,N, ,40 00:17.977,75 13:05.925,448, ,444,9,2,1, , ,0,Y, , , , , , , , ,1,0,0,0,0,0,1,0,0,0,0,0,0,0,0,0,0,0,0,0,1,0,0,0,0,0,0,0,0,0,0,0,0,0,0,0,0,40.005,-75.2183, ,Philadelphia
8097,90564,2017116199,6,67,67301,2017,10,1,1457,14,1,1,0,8,1, , ,N,0,0,0,3,0,1,2,2,N, ,39 55:01.588,75 09:51.652,1550, ,1549, ,0, , , ,0, , , , , , , , , ,1,0,0,0,0,0,1,0,0,0,0,0,1,1,0,0,0,0,0,0,0,0,0,0,0,0,0,0,0,0,0,0,1,0,0,8,0,39.9171,-75.1643, ,Philadelphia
8098,80472,2017086964,6,67,67301,2017,1,7,1819,18,3,1,0,1,1, , ,N,6,0,2,3,0,2,6,2,N,N,40 00:49.241,75 10:46.383,1855, ,1834,1,1,2,N, ,0,N, , , , , , , , ,2,1,0,0,0,0,0,1,0,0,0,2,2,0,0,0,0,0,0,0,1,0,0,0,0,0,0,0,0,0,0,0,0,0,0,4,0,40.0137,-75.1796, ,Philadelphia
8099,80482,2017105972,6,67,67301,2017,9,3,1845,18,4,1,1,4,1, , ,N,1,2,0,3,0,1,2,2,N,N,39 58:53.467,75 13:26.630,1901, ,1852, ,0, ,N, ,3, , , , , , , , , ,2,2,0,0,0,0,0,0,0,0,0,1,1,0,0,0,0,0,0,0,1,0,0,0,0,0,0,0,0,0,0,0,0,0,0,4,0,39.9815,-75.2241, ,Philadelphia
8100,80490,2017097869,6,67,67301,2017,9,1,1227,12,1,1,0,1,1, , ,N,1,2,0,3,0,0,2,2,N,N,40 00:27.502,75 07:38.377,1315, ,1310, ,0, ,N, ,3, , , , , , , , , ,2,1,0,0,1,0,0,0,0,0,0,0,0,0,0,0,0,0,0,0,0,0,0,2,0,0,0,0,0,0,0,0,0,0,0,0,0,40.0076,-75.1273, ,Philadelphia
8101,80500,2017076302,6,67,67301,2017,6,2,1400,14,1,1,0,4,1, , ,N,2,3,0,3,0,0,3,2,N, ,40 06:26.638,75 01:41.420,1415, ,1404, ,0, , , ,3, , , , , , , , , ,2,1,0,0,0,0,1,0,0,0,0,0,0,0,0,0,0,0,0,0,0,0,0,0,0,0,0,0,0,0,0,0,0,0,0,0,0,40.1074,-75.0282, ,Philadelphia
8102,80506,2017076298,6,67,67301,2017,6,7,2350,23,3,2,1,5,6, , ,N,0,0,0,3,0,1,1,2,N, ,40 03:35.069,75 09:16.647,2357, ,2354, ,0, , , ,0, , , , , , , , , ,2,0,0,0,1,0,1,0,0,0,0,1,1,0,0,0,0,0,0,0,0,0,1,0,0,0,0,0,0,0,0,0,0,0,0,4,0,40.0597,-75.1546, ,Philadelphia
8103,80547,2017067830,6,67,67301,2017,6,7,1510,15,1,1,0,4,1, , ,N,0,0,7,3,0,0,2,3,N,N,40 04:24.874,75 09:29.619,1523, ,1518,2,1,2,N, ,0,N, , , , , , , , ,3,1,0,0,1,0,1,0,0,0,0,0,0,0,0,0,0,0,0,0,0,0,0,0,0,0,0,0,0,0,0,0,0,0,0,0,0,40.0736,-75.1582, ,Philadelphia
8104,80577,2017109789,6,67,67301,2017,9,1,141,1,3,1,0,4,1, , ,N,5,2,0,3,0,0,2,2,N,N,40 02:03.672,75 04:29.368,150, ,143, ,0, ,N, ,3, , , , , , , , , ,2,2,0,0,0,0,0,0,0,0,0,0,0,0,1,0,0,0,0,0,0,0,0,0,0,0,0,0,0,0,0,0,0,0,0,9,0,40.0344,-75.0748, ,Philadelphia
8105,80585,2017116110,6,67,67301,2017,10,6,2100,21,3,1,0,6,1, , ,N,0,0,0,3,0,1,2,2,N,N,39 59:33.074,75 07:51.395,345, ,336, ,0, ,N, ,0, , , , , , , , , ,1,0,0,0,0,0,1,0,1,0,1,0,1,0,1,0,0,0,0,0,0,0,0,0,0,0,0,0,0,0,0,0,0,0,0,3,0,39.9925,-75.1309, ,Philadelphia
8106,80587,2017111563,6,67,67301,2017,10,4,239,2,3,1,0,5,6, , ,N,0,0,0,3,0,1,1,4,N,N,40 02:55.392,75 03:07.040,300, ,254, ,0, ,N, ,0, , , , , , , , , ,4,0,0,0,2,0,1,1,0,0,0,0,1,1,0,0,0,0,0,0,0,0,0,0,0,0,0,0,0,0,0,0,0,0,0,8,0,40.0487,-75.052, ,Philadelphia
8107,80602,2017083396,6,67,67301,2017,8,4,30,0,6,1,0,4,1, , ,N,1,2,0,3,0,1,2,2,N,N,40 00:27.651,75 09:05.709,44, ,42, ,0, ,N, ,3, , , , , , , , , ,2,0,0,0,1,0,0,1,0,1,0,0,1,0,0,0,0,0,0,0,1,0,0,0,0,0,0,1,0,0,0,0,0,0,0,2,0,40.0077,-75.1515, ,Philadelphia
8108,80607,2017097926,6,67,67301,2017,9,3,1530,15,1,1,0,7,4, , ,N,2,2,0,3,0,1,1,1,N,N,40 04:57.039,75 02:58.768,1534, ,1533,3,2,1,Y, ,3,Y, , , , , , , , ,1,0,0,0,0,0,1,0,0,0,0,0,1,1,0,0,0,0,0,0,0,1,0,0,0,0,0,0,0,0,0,0,0,0,0,8,0,40.0825,-75.0497, ,Philadelphia
8109,80611,2017086139,6,67,67301,2017,7,4,9999,99,1,1,0,1,1, , ,N,0,0,0,3,0,1,2,2,N,N,40 01:02.635,75 09:02.456,9999, ,9999, ,0, ,N, ,0, , , , , , , , , ,2,1,0,0,0,0,1,0,0,0,0,0,1,1,0,0,0,0,0,0,0,0,0,1,0,0,0,0,0,0,0,0,0,0,0,8,0,40.0174,-75.1507, ,Philadelphia
8110,80615,2017105895,6,67,67301,2017,9,6,1809,18,1,1,0,4,1, , ,N,1,2,0,3,0,2,2,2,N,N,40 02:22.366,75 02:44.910,1825, ,1823, ,0, ,N, ,3, , , , , , , , , ,2,1,0,0,0,0,0,1,0,0,0,2,2,0,0,0,0,0,0,0,0,0,0,0,0,0,0,0,0,0,0,0,0,0,0,4,0,40.0395,-75.0458, ,Philadelphia
8111,80619,2017120735,6,67,67301,2017,10,3,1135,11,1,2,1,1,1, , ,N,2,2,0,3,0,1,2,2,N,N,39 56:47.288,75 08:29.558,1150, ,1140,2,1,1, , ,3,N, , , , , , , , ,2,2,0,0,0,0,0,0,0,0,0,1,1,0,0,0,0,0,0,0,0,0,1,1,0,0,0,0,0,0,0,0,0,0,0,4,0,39.9465,-75.1415, ,Philadelphia
8112,80622,2017105950,6,67,67301,2017,9,1,1130,11,1,1,0,4,1, , ,N,2,3,0,3,0,1,2,2,N,Y,40 06:24.814,75 01:17.176,1140, ,1133, ,0, ,N, ,3, , , , , , , , , ,2,1,0,0,0,0,1,0,0,1,0,0,1,0,0,0,0,0,0,0,1,1,0,0,0,0,0,0,0,0,0,0,0,0,0,2,0,40.1069,-75.0214, ,Philadelphia
8113,80623,2017115942,6,67,67301,2017,10,3,1659,16,1,1,0,4,1, , ,N,1,3,0,3,0,0,3,3,N,N,39 55:56.690,75 11:35.149,1730, ,1659, ,0, ,N, ,3, , , , , , , , , ,3,0,0,0,0,0,1,2,0,0,0,0,0,0,2,0,0,0,0,0,0,0,0,0,0,0,0,0,0,0,0,0,0,0,0,9,0,39.9324,-75.1931, ,Philadelphia
8114,80626,2017097836,6,67,67301,2017,8,5,1034,10,1,1,0,1,6, , ,N,0,0,0,3,0,1,1,2,N,N,39 58:39.095,75 14:59.718,1103, ,1102, ,0, ,N, ,0, , , , , , , , , ,2,2,0,0,0,0,0,0,0,0,0,1,1,0,0,0,0,0,0,0,0,0,1,0,0,0,0,0,0,0,0,0,0,0,0,4,0,39.9775,-75.2499, ,Philadelphia
8115,80630,2017096491,6,67,67301,2017,8,2,1358,13,1,1,0,5,1, , ,N,0,0,0,3,0,1,2,2,N,N,39 57:18.682,75 12:31.305,1420, ,1400, ,0, ,N, ,0, , , , , , , , , ,2,2,0,0,0,0,0,0,0,0,0,0,1,1,0,0,0,0,0,0,1,0,0,0,0,0,0,0,0,0,0,0,0,0,0,8,0,39.9552,-75.2087, ,Philadelphia
8116,83607,2017109901,6,67,67301,2017,10,7,950,9,1,1,0,4,1, , ,N,1,2,3,3,0,0,4,2,N,N,39 57:25.886,75 09:31.375,1010, ,1005,1,1,2,N, ,3,N, , , , , , , , ,2,0,0,0,1,0,1,0,0,0,0,0,0,0,0,0,0,0,0,0,2,0,0,0,0,0,0,0,0,0,0,0,0,0,0,0,0,39.9572,-75.1587, ,Philadelphia
8117,83608,2017105847,6,67,67301,2017,9,6,2200,22,3,1,0,5,6, , ,N,0,0,0,3,0,0,1,5,N,N,40 03:53.584,75 09:12.003,2229, ,2222, ,0, , , ,0, , , , , , , , , ,5,4,0,0,0,0,1,0,0,0,0,0,0,0,0,0,0,0,1,0,0,0,0,0,0,0,0,0,0,0,0,0,0,0,0,0,0,40.0649,-75.1533, ,Philadelphia
8118,83615,2017097828,6,67,67301,2017,9,6,9999,99,1,1,0,4,1, , ,N,1,2,0,3,0,1,2,2,N, ,39 56:43.915,75 10:50.692,1008, ,1005, ,0, , , ,3, , , , , , , , , ,1,0,0,0,0,0,1,0,1,0,0,0,1,1,0,0,0,0,0,0,0,0,0,1,0,0,0,0,0,0,0,0,0,0,0,8,0,39.9455,-75.1807, ,Philadelphia
8119,83619,2017106026,6,67,67301,2017,9,6,1630,16,1,1,0,8,1, , ,N,1,2,0,3,0,1,2,2,N, ,39 57:06.123,75 14:12.685,1643, ,1641, ,0, , , ,3, , , , , , , , , ,1,1,0,0,0,0,0,0,0,0,0,0,1,1,1,0,0,0,0,0,0,0,0,0,0,0,0,0,0,0,0,0,1,0,0,8,0,39.9517,-75.2369, ,Philadelphia
8120,83620,2017110130,6,67,67301,2017,10,5,1715,17,4,1,0,1,1, , ,N,0,0,0,3,0,0,2,2,N,N,39 58:45.751,75 06:28.030,1741, ,1719,1,1,1, , ,0,N, , , , , , , , ,2,2,0,0,0,0,0,0,0,0,0,0,0,0,0,0,0,0,0,0,0,0,0,0,0,0,0,0,0,0,0,0,0,0,0,0,0,39.9794,-75.1078, ,Philadelphia
8121,83626,2017061708,6,67,67301,2017,6,6,259,2,3,1,0,7,3, , ,N,0,0,0,3,0,2,2,1,N,N,39 58:02.159,75 07:57.654,307, ,259,1,1,1, , ,0,N, , , , , , , , ,1,0,0,0,0,0,1,0,0,0,1,0,2,1,0,0,0,0,0,0,0,0,0,2,0,0,0,0,0,0,0,0,0,0,0,3,0,39.9673,-75.1327, ,Philadelphia
8122,83641,2017067779,6,67,67301,2017,5,6,2335,23,3,1,0,5,6, , ,N,0,0,0,3,0,0,1,3,N,N,39 55:33.570,75 13:40.290,2345, ,2338,3,2,3,N, ,0,Y, , , , , , , , ,3,2,0,0,0,0,1,0,0,0,0,0,0,0,1,0,0,0,0,0,0,0,0,0,0,0,0,0,0,0,0,0,0,0,0,9,0,39.926,-75.2279, ,Philadelphia
8123,83645,2017067844,6,67,67301,2017,5,3,1345,13,1,2,1,5,6, , ,N,0,0,0,3,0,0,1,2,N, ,40 00:59.515,75 08:05.428,1520, ,1516, ,0, , , ,0, , , , , , , , , ,2,1,0,0,0,0,1,0,0,0,0,0,0,0,1,0,0,0,0,0,0,0,0,0,0,0,0,0,0,0,0,0,0,0,0,9,0,40.0165,-75.1348, ,Philadelphia
8124,83650,2017067957,6,67,67301,2017,6,7,1554,15,1,1,0,4,1, , ,N,1,2,0,3,0,5,5,3,N,N,40 02:52.988,75 04:08.639,1626, ,1621,2,1,2, , ,3,N, , , , , , , , ,2,1,0,0,0,0,1,0,0,0,0,5,5,0,0,0,0,0,0,0,0,0,0,0,0,0,0,0,0,0,0,0,1,0,0,4,0,40.0481,-75.0691, ,Philadelphia
8125,83657,2017086952,6,67,67301,2017,1,4,1118,11,1,1,0,1,1, , ,N,3,0,2,3,0,1,2,2,N,N,40 00:47.248,75 12:17.906,1125, ,1118,1,1,1,N, ,0,N, , , , , , , , ,2,2,0,0,0,0,0,0,0,0,0,1,1,0,0,0,0,0,0,1,0,0,0,1,0,0,0,0,0,0,0,0,0,0,0,4,0,40.0136,-75.2055, ,Philadelphia
8126,83667,2017089089,6,67,67301,2017,8,1,1558,15,1,1,0,1,1, , ,N,0,0,0,3,0,1,4,2,N,N,39 56:55.506,75 11:08.635,1622, ,1611,1,1,3, , ,0,N, , , , , , , , ,2,1,0,0,0,0,1,0,0,0,1,0,1,0,0,0,0,0,1,0,0,0,0,0,0,0,0,0,0,0,0,0,0,0,0,3,0,39.9487,-75.1858, ,Philadelphia
8127,83674,2017061152,6,67,67301,2017,5,2,2104,21,3,1,0,5,1, , ,N,2,0,0,3,0,1,2,3,N,N,39 56:08.663,75 11:22.898,2104, ,2104, ,0, ,N, ,0, , , , , , , , , ,3,1,0,0,0,0,2,0,0,0,0,0,1,1,0,0,0,0,0,0,1,0,0,0,0,0,0,0,0,0,0,0,0,0,0,8,0,39.9357,-75.1897, ,Philadelphia
8128,83678,2017067355,6,67,67301,2017,6,3,1717,17,1,1,0,1,1, , ,N,0,0,0,3,0,1,3,3,N,N,39 58:48.965,75 12:19.747,1723, ,1718,1,1,3, , ,0,N, , , , , , , , ,3,3,0,0,0,0,0,0,0,0,0,0,1,1,0,0,0,0,0,0,0,0,0,0,0,0,0,0,0,0,0,0,0,0,0,8,0,39.9798,-75.2048, ,Philadelphia
8129,83686,2017086785,6,67,67301,2017,4,7,215,2,3,1,0,4,1, , ,N,0,0,0,3,0,0,2,2,N,N,39 54:45.118,75 13:19.231,217, ,215, ,0, , , ,0, , , , , , , , , ,2,2,0,0,0,0,0,0,0,0,0,0,0,0,0,0,0,0,0,0,0,0,0,0,0,0,0,0,0,0,0,0,0,0,0,0,0,39.9125,-75.222, ,Philadelphia
8130,83713,2017109942,6,67,67301,2017,10,6,857,8,1,1,0,4,1, , ,N,1,3,0,3,0,2,5,3,N,N,40 04:03.837,75 10:58.767,905, ,857, ,0, ,N, ,3, , , , , , , , , ,3,2,0,0,0,0,0,1,0,0,0,2,2,0,0,0,0,0,0,0,0,1,0,0,0,0,0,0,0,0,0,0,0,0,0,4,0,40.0677,-75.183, ,Philadelphia
8131,83715,2017096506,6,67,67301,2017,8,3,835,8,1,2,1,1,1, , ,N,0,0,0,3,0,1,2,2,N,N,40 07:45.767,75 01:28.020,900, ,840, ,0, , , ,0, , , , , , , , , ,2,2,0,0,0,0,0,0,0,0,0,0,1,1,0,0,0,0,0,0,1,0,0,0,0,0,0,0,0,0,0,0,0,0,0,8,0,40.1294,-75.0245, ,Philadelphia
8132,83717,2017100309,6,67,67301,2017,9,5,1155,11,1,1,0,4,1, , ,N,1,2,0,3,0,2,2,2,N,N,39 55:20.644,75 13:23.395,1245, ,1230,2,1,4,N, ,3,Y, , , , , , , , ,2,1,0,1,0,0,0,0,0,0,0,2,2,0,0,0,0,0,0,0,1,1,0,0,0,0,0,0,0,0,0,0,0,0,0,4,1,39.9224,-75.2232, ,Philadelphia
8133,83721,2017060610,6,67,67301,2017,5,5,710,7,1,2,1,6,1, , ,N,0,0,0,3,0,0,2,2,N, ,40 03:34.484,75 12:03.697,730, ,730,1,1,2, , ,0,N, , , , , , , , ,2,2,0,0,0,0,0,0,0,0,0,0,0,0,0,0,0,0,0,0,0,0,0,0,0,0,0,0,0,0,0,0,0,0,0,0,0,40.0596,-75.201, ,Philadelphia
8134,87202,2017078714,6,67,67301,2017,7,1,1443,14,1,1,0,4,1, , ,N,1,2,0,3,0,1,2,2,N, ,40 01:53.467,75 01:56.889,1905, ,1905, ,0, , , ,3, , , , , , , , , ,1,1,0,0,0,0,0,0,1,0,0,0,1,1,0,0,0,0,0,0,0,0,0,0,0,0,0,0,0,0,0,0,0,0,0,8,0,40.0315,-75.0325, ,Philadelphia
8135,87233,2017111570,6,67,67301,2017,8,3,1924,19,1,2,1,1,1, , ,N,1,2,0,3,0,2,4,4,N,N,40 04:13.892,75 12:02.251,1929, ,1927, ,0, ,N, ,3, , , , , , , , , ,4,4,0,0,0,0,0,0,0,0,0,0,2,2,0,0,0,0,0,0,0,0,0,0,0,0,0,0,0,0,0,0,0,0,0,8,0,40.0705,-75.2006, ,Philadelphia
8136,87264,2017076367,6,67,67301,2017,6,3,2338,23,3,1,0,7,4, , ,N,0,0,0,3,0,1,1,2,N,N,40 00:38.494,75 11:03.857,2348, ,2340,9,1,2,N, ,0,N, , , , , , , , ,1,1,0,0,0,0,0,0,0,0,0,1,1,0,0,0,0,0,0,0,0,0,0,0,0,0,0,0,0,0,0,0,0,0,0,4,0,40.0107,-75.1844, ,Philadelphia