objectid_1,objectid,crn,district,county,municipality,crash_year,crash_month,day_of_week,time_of_day,hour_of_day,illumination,weather,road_condition,collision_type,relation_to_road,work_zone_type,work_zone_loc,work_zone_ind,intersect_type,tcd_type,location_type,urban_rural,fatal_count,injury_count,person_count,total_units,sch_bus_ind,sch_zone_ind,latitude,longitude,arrival_tm,cons_zone_spd_lim,dispatch_tm,est_hrs_closed,lane_closed,ln_close_dir,ntfy_hiwy_maint,spec_juris_cd,tcd_func_cd,tfc_detour_ind,workers_pres,wz_close_detour,wz_flagger,wz_law_offcr_ind,wz_ln_closure,wz_moving,wz_other,wz_shlder_mdn,vehicle_count,automobile_count,motorcycle_count,bus_count,small_truck_count,heavy_truck_count,suv_count,van_count,bicycle_count,maj_inj_count,mod_inj_count,min_inj_count,tot_inj_count,unk_inj_deg_count,unk_inj_per_count,driver_count_16yr,driver_count_17yr,driver_count_18yr,driver_count_19yr,driver_count_20yr,driver_count_50_64yr,driver_count_65_74yr,driver_count_75plus,unbelted_occ_count,unb_death_count,unb_maj_inj_count,belted_death_count,belted_maj_inj_count,mcycle_death_count,mcycle_maj_inj_count,bicycle_death_count,bicycle_maj_inj_count,ped_count,ped_death_count,ped_maj_inj_count,max_severity_level,comm_veh_count,dec_lat,dec_long,rdwy_surf_type_cd,county_name
8137,87272,2017116164,6,67,67301,2017,10,2,2252,22,3,1,0,5,1, , ,N,0,0,0,3,0,1,2,2,N,N,39 58:52.111,75 16:01.128,2334, ,2327,2,1,2,N, ,0,N, , , , , , , , ,2,1,0,0,0,0,1,0,0,0,0,0,1,1,0,0,0,0,0,0,0,1,0,0,0,0,0,0,0,0,0,0,0,0,0,8,0,39.9811,-75.267, ,Philadelphia
8138,87282,2017091679,6,67,67301,2017,7,6,1325,13,1,1,0,4,1, , ,N,1,2,0,3,0,3,3,3,N,N,40 02:17.896,75 04:31.313,1332, ,1332,3,2,4,N, ,3,Y, , , , , , , , ,3,3,0,0,0,0,0,0,0,0,0,0,3,3,0,0,0,0,0,0,1,0,0,0,0,0,0,0,0,0,0,0,0,0,0,8,0,40.0383,-75.0754, ,Philadelphia
8139,87283,2017116121,6,67,67301,2017,10,5,1025,10,1,1,0,4,1, , ,N,1,2,0,3,0,1,3,3,N, ,39 58:27.207,75 13:34.879,1035, ,1030,2,2,2, , ,3,Y, , , , , , , , ,3,2,0,0,0,0,1,0,0,0,0,1,1,0,0,0,0,0,0,0,1,0,0,0,0,0,0,0,0,0,0,0,0,0,0,4,0,39.9743,-75.2264, ,Philadelphia
8140,87285,2017058265,6,67,67301,2017,5,4,2000,20,4,1,0,4,1, , ,N,2,2,2,3,0,1,3,2,N, ,40 00:01.143,75 05:01.112,2115, ,100, ,0, , , ,3, , , , , , , , , ,2,1,1,0,0,0,0,0,0,0,0,0,1,1,0,0,0,0,0,0,0,0,0,0,0,0,0,0,0,0,0,0,0,0,0,8,0,40.0003,-75.0837, ,Philadelphia
8141,87294,2017078857,6,67,67301,2017,7,1,344,3,3,1,0,7,1,2,4,Y,1,2,0,3,0,1,1,1,N, ,39 58:17.270,75 09:34.235,345,99,344,9,2,3, , ,3,Y,U,Y, ,U, , , , ,1,0,0,0,0,0,1,0,0,0,0,0,1,1,0,0,0,0,0,0,0,0,0,0,0,0,0,0,0,0,0,0,0,0,0,8,0,39.9714,-75.1594, ,Philadelphia
8142,87309,2017088748,6,67,67301,2017,8,5,1730,17,1,1,0,5,6, , ,N,0,0,0,3,0,1,1,2,N,N,40 00:01.063,75 08:25.566,1755, ,1751, ,0, ,N, ,0, , , , , , , , , ,2,0,0,0,1,0,1,0,0,0,0,0,1,1,0,0,0,0,0,0,0,0,0,1,0,0,0,0,0,0,0,0,0,0,0,8,0,40.0003,-75.1404, ,Philadelphia
8143,87316,2017093523,6,67,67301,2017,8,6,2017,20,3,2,1,8,1, , ,N,0,0,0,3,0,1,2,2,N, ,39 55:17.469,75 08:51.224,2030, ,2025,9,1,4, , ,0,N, , , , , , , , ,1,0,0,0,0,0,1,0,0,0,0,1,1,0,0,0,0,0,0,0,0,0,0,0,0,0,0,0,0,0,0,0,1,0,0,4,0,39.9215,-75.1475, ,Philadelphia
8144,87319,2017086164,6,67,67301,2017,7,7,1215,12,1,1,0,8,1, , ,N,1,3,0,3,0,1,2,2,N,N,39 55:44.361,75 09:24.666,1225, ,1220,1,2,1,N, ,3,N, , , , , , , , ,1,0,0,0,0,0,1,0,0,0,1,0,1,0,0,0,0,0,0,0,1,0,0,1,0,0,0,0,0,0,0,0,1,0,0,3,0,39.929,-75.1569, ,Philadelphia
8145,87336,2017058304,6,67,67301,2017,5,5,1529,15,1,1,0,1,1, , ,N,0,0,0,3,0,1,2,2,N,N,39 58:04.075,75 07:51.286,1534, ,1529, ,0, ,N, ,0, , , , , , , , , ,2,0,0,0,1,0,1,0,0,0,0,0,1,1,0,0,0,0,0,0,2,0,0,0,0,0,0,0,0,0,0,0,0,0,0,8,0,39.9679,-75.1305, ,Philadelphia
8146,87338,2017063865,6,67,67301,2017,6,5,1238,12,1,1,0,5,1, , ,N,0,0,0,3,0,0,2,2,N,N,39 59:08.824,75 05:35.927,1248, ,1240, ,0, , , ,0, , , , , , , , , ,2,1,0,0,0,1,0,0,0,0,0,0,0,0,0,0,0,0,0,0,1,0,0,0,0,0,0,0,0,0,0,0,0,0,0,0,1,39.9858,-75.0933, ,Philadelphia
8147,87341,2017076217,6,67,67301,2017,6,3,2035,20,3,1,0,8,1, , ,N,1,3,0,3,0,1,2,2,N,N,39 59:49.714,75 08:34.260,2251, ,2251, ,0, ,N, ,3, , , , , , , , , ,1,1,0,0,0,0,0,0,0,0,0,1,1,0,0,0,0,0,0,0,1,0,0,0,0,0,0,0,0,0,0,0,1,0,0,4,0,39.9971,-75.1429, ,Philadelphia
8148,87345,2017075213,6,67,67301,2017,7,2,1833,18,1,1,0,7,3, , ,N,0,0,0,3,0,0,7,1,N,N,39 58:04.097,75 11:24.132,1843, ,1833,2,2,3, , ,0,N, , , , , , , , ,1,0,0,0,0,0,1,0,0,0,0,0,0,0,0,0,0,0,0,0,0,0,0,0,0,0,0,0,0,0,0,0,0,0,0,0,0,39.9678,-75.1899, ,Philadelphia
8149,87348,2017084187,6,67,67301,2017,7,4,711,7,1,1,0,1,1, , ,N,0,8,0,3,0,0,2,2,N,N,39 57:36.400,75 10:47.192,740, ,733, ,0, , , ,3, , , , , , , , , ,2,2,0,0,0,0,0,0,0,0,0,0,0,0,0,0,0,0,0,0,0,0,0,0,0,0,0,0,0,0,0,0,0,0,0,0,0,39.9601,-75.1797, ,Philadelphia
8150,87350,2017087771,6,67,67301,2017,8,7,1953,19,3,1,0,5,1, , ,N,0,0,0,3,0,3,4,2,N,N,39 59:03.381,75 05:46.633,2012, ,2008,2,2,2, , ,0,N, , , , , , , , ,2,2,0,0,0,0,0,0,0,0,3,0,3,0,1,0,0,0,0,0,0,0,0,0,0,0,0,0,0,0,0,0,0,0,0,3,0,39.9843,-75.0963, ,Philadelphia
8151,87357,2017086159,6,67,67301,2017,7,1,408,4,3,2,1,1,1, , ,N,0,0,0,3,0,1,2,2,N,N,39 59:35.635,75 05:49.939,413, ,408, ,0, ,N, ,0, , , , , , , , , ,2,1,0,0,0,0,1,0,0,0,0,1,1,0,0,0,0,0,0,0,0,0,0,1,0,0,0,0,0,0,0,0,0,0,0,4,0,39.9932,-75.0972, ,Philadelphia
8152,91832,2017070650,6,67,67301,2017,7,6,1656,16,1,1,0,1,1, , ,N,0,0,0,3,0,0,2,2,N,N,40 01:40.862,75 01:25.314,1705, ,1659,1,1,1, , ,0,N, , , , , , , , ,2,1,0,0,0,0,1,0,0,0,0,0,0,0,0,0,0,0,0,0,0,0,0,0,0,0,0,0,0,0,0,0,0,0,0,0,0,40.028,-75.0237, ,Philadelphia
8153,91839,2017070497,6,67,67301,2017,6,4,1720,17,1,1,0,5,1, , ,N,0,0,0,3,0,1,2,2,N,N,39 58:49.662,75 10:17.910,1818, ,1815, ,0, ,N, ,0, , , , , , , , , ,1,1,0,0,0,0,0,0,1,0,0,0,1,1,0,0,0,0,0,0,0,0,0,0,0,0,0,0,0,0,0,0,0,0,0,8,0,39.9805,-75.1716, ,Philadelphia
8154,91870,2017070476,6,67,67301,2017,6,1,2308,23,3,1,0,8,1, , ,N,1,2,0,3,0,1,2,3,N,N,39 59:43.692,75 07:47.686,2310, ,2310, ,0, ,N, ,3, , , , , , , , , ,2,2,0,0,0,0,0,0,0,0,0,0,1,1,0,0,0,0,0,0,0,0,0,1,0,0,0,0,0,0,0,0,1,0,0,8,0,39.9955,-75.1299, ,Philadelphia
8155,91878,2017076139,6,67,67301,2017,6,1,537,5,1,1,0,7,4, , ,N,0,0,0,3,0,0,1,1,N,N,40 01:16.912,75 11:36.797,552, ,538,2,1,2,N, ,0,N, , , , , , , , ,1,1,0,0,0,0,0,0,0,0,0,0,0,0,0,0,0,0,0,0,0,0,0,0,0,0,0,0,0,0,0,0,0,0,0,0,0,40.0214,-75.1936, ,Philadelphia
8156,91895,2017093568,6,67,67301,2017,8,6,1440,14,1,1,0,4,1, , ,N,1,2,0,3,0,0,3,2,N, ,39 57:25.061,75 10:33.734,1504, ,1442,1,2,1, , ,3,Y, , , , , , , , ,2,1,0,0,0,0,1,0,0,0,0,0,0,0,0,0,0,0,0,0,1,0,0,0,0,0,0,0,0,0,0,0,0,0,0,0,0,39.957,-75.176, ,Philadelphia
8157,91899,2017088904,6,67,67301,2017,8,3,1500,15,1,1,8,0,1, , ,N,2,2,0,3,0,1,3,1,N, ,39 54:33.655,75 10:23.826,1502, ,1500, ,0, , , ,3, , , , , , , , , ,1,1,0,0,0,0,0,0,0,0,0,0,1,1,0,0,0,0,0,0,1,0,0,0,0,0,0,0,0,0,0,0,0,0,0,8,0,39.9093,-75.173, ,Philadelphia
8158,91901,2017124175,6,67,67301,2017,11,3,1626,16,6,1,0,1,1, , ,N,0,0,0,3,0,1,2,2,N,N,40 02:36.410,75 00:10.128,1704, ,1702, ,0, , , ,0, , , , , , , , , ,2,1,0,0,0,0,0,0,0,0,1,0,1,0,1,0,0,0,0,0,0,0,0,0,0,0,0,0,0,0,0,0,0,0,0,3,0,40.0434,-75.0028, ,Philadelphia
8159,91914,2017076326,6,67,67301,2017,6,7,2329,23,3,1,0,5,6, , ,N,0,0,0,3,0,1,1,2,N,N,39 57:20.508,75 14:05.891,2336, ,2339,3,1,3,N, ,0,Y, , , , , , , , ,2,1,0,0,1,0,0,0,0,0,0,1,1,0,0,0,0,0,0,0,0,0,0,0,0,0,0,0,0,0,0,0,0,0,0,4,0,39.9557,-75.235, ,Philadelphia
8160,91926,2017086708,6,67,67301,2017,3,4,416,4,3,1,0,7,4, , ,N,0,0,0,3,0,0,1,1,N,N,40 03:57.291,75 10:35.618,501, ,953, ,0, ,N, ,0, , , , , , , , , ,1,0,0,0,0,0,1,0,0,0,0,0,0,0,1,0,0,0,0,0,0,0,0,0,0,0,0,0,0,0,0,0,0,0,0,9,0,40.0659,-75.1766, ,Philadelphia
8161,91967,2017060702,6,67,67301,2017,5,1,1508,15,1,1,0,4,1, , ,N,2,3,0,3,0,1,4,2,N,N,39 55:24.538,75 13:46.477,1516, ,1516,2,1,1,N, ,3,N, , , , , , , , ,2,2,0,0,0,0,0,0,0,0,0,0,1,1,0,0,1,0,0,0,0,0,0,0,0,0,0,0,0,0,0,0,0,0,0,8,0,39.9235,-75.2296, ,Philadelphia
8162,91976,2017063279,6,67,67301,2017,6,3,1632,16,1,1,0,4,1, , ,N,1,2,0,3,0,1,2,2,N,N,40 00:16.847,75 09:07.652,1634, ,1633,1,1,3,N, ,3,Y, , , , , , , , ,2,2,0,0,0,0,0,0,0,0,0,1,1,0,0,0,0,0,0,0,0,0,0,2,0,0,0,0,0,0,0,0,0,0,0,4,0,40.0047,-75.1521, ,Philadelphia
8163,91978,2017076340,6,67,67301,2017,6,5,1635,16,1,1,0,4,1, , ,N,1,2,0,3,0,1,3,2,N, ,40 02:35.284,75 04:25.695,1645, ,1640, ,0, , , ,3, , , , , , , , , ,2,0,0,1,0,0,1,0,0,0,0,1,1,0,0,0,0,0,0,0,0,0,0,1,0,0,0,0,0,0,0,0,0,0,0,4,1,40.0431,-75.0738, ,Philadelphia
8164,91983,2017073128,6,67,67301,2017,7,3,1917,19,4,1,0,1,1, , ,N,0,0,0,3,0,0,3,3,N,N,39 58:03.210,75 11:22.087,1936, ,1928, ,0, , , ,0, , , , , , , , , ,3,1,0,0,0,0,2,0,0,0,0,0,0,0,0,0,0,0,0,0,1,0,0,0,0,0,0,0,0,0,0,0,0,0,0,0,0,39.9675,-75.1894, ,Philadelphia
8165,91997,2017086794,6,67,67301,2017,4,5,818,8,1,1,0,1,1, , ,N,6,4,2,3,0,1,4,2,N,N,40 00:34.498,75 11:14.125,830, ,820, ,0, ,N, ,3, , , , , , , , , ,2,2,0,0,0,0,0,0,0,0,0,1,1,0,0,0,0,0,0,0,1,0,0,0,0,0,0,0,0,0,0,0,0,0,0,4,0,40.0096,-75.1873, ,Philadelphia
8166,92006,2017088897,6,67,67301,2017,8,4,1045,10,1,1,0,8,1, , ,N,1,2,0,3,0,1,2,2,N,N,39 57:04.188,75 09:12.905,1053, ,1050, ,0, ,N, ,3, , , , , , , , , ,1,1,0,0,0,0,0,0,0,0,0,1,1,0,0,0,0,0,0,0,0,0,0,1,0,0,0,0,0,0,0,0,1,0,0,4,0,39.9511,-75.1536, ,Philadelphia
8167,92026,2017117240,6,67,67301,2017,10,6,1522,15,1,1,0,1,1, , ,N,0,0,0,3,0,1,5,4,N, ,40 00:07.769,75 09:26.247,1541, ,1539, ,0, , , ,0, , , , , , , , , ,4,1,0,0,2,0,1,0,0,0,0,1,1,0,0,0,0,0,0,0,1,0,0,0,0,0,0,0,0,0,0,0,0,0,0,4,0,40.0022,-75.1573, ,Philadelphia
8168,92032,2017120742,6,67,67301,2017,10,2,1830,18,1,1,0,7,3, , ,N,0,0,3,3,0,0,1,1,N, ,39 55:13.479,75 11:56.163,1855, ,1800,2,2,6, , ,0,Y, , , , , , , , ,1,1,0,0,0,0,0,0,0,0,0,0,0,0,0,0,0,0,0,0,1,0,0,1,0,0,0,0,0,0,0,0,0,0,0,0,0,39.9204,-75.1989, ,Philadelphia
8169,92054,2018029819,6,67,67301,2017,12,6,1929,19,3,1,0,7,4, , ,N,0,0,6,3,0,1,1,1,N,N,40 02:03.800,75 01:33.600,1949, ,1929, ,0, ,N, ,0, , , , , , , , , ,1,1,0,0,0,0,0,0,0,1,0,0,1,0,0,0,0,0,0,0,0,0,0,0,0,0,0,0,0,0,0,0,0,0,0,2,0,40.0344,-75.026, ,Philadelphia
8170,80646,2017060737,6,67,67301,2017,5,1,1052,10,1,1,0,4,1, , ,N,1,3,0,3,0,1,2,4,N, ,40 02:21.922,75 02:33.305,1058, ,1052, ,0, , , ,3, , , , , , , , , ,4,2,0,0,1,0,1,0,0,0,0,1,1,0,0,0,0,0,0,0,0,1,0,0,0,0,0,0,0,0,0,0,0,0,0,4,0,40.0394,-75.0426, ,Philadelphia
8171,80650,2017065361,6,46,46104,2017,6,5,1108,11,1,1,0,1,1, , ,N,2,0,0,3,0,1,2,2,N,N,39 58:37.863,75 16:34.001,1110, ,1108, ,0, , , ,0, , , , , , , , , ,2,1,1,0,0,0,0,0,0,0,0,1,1,0,0,0,0,0,0,0,0,0,0,0,0,0,0,0,0,0,0,0,0,0,0,4,0,39.977,-75.2763, ,Montgomery
8172,80666,2017091832,6,67,67301,2017,8,7,1806,18,1,1,0,5,6, , ,N,0,0,0,3,0,0,1,2,N,N,40 05:25.530,75 00:32.670,1810, ,1806, ,0, ,N, ,0, , , , , , , , , ,2,0,0,0,0,0,2,0,0,0,0,0,0,0,1,0,0,0,0,0,0,0,0,0,0,0,0,0,0,0,0,0,0,0,0,9,0,40.0904,-75.0091, ,Philadelphia
8173,80712,2017086092,6,67,67301,2017,7,4,2006,20,4,1,0,1,1, , ,N,1,2,0,3,0,1,3,3,N,N,39 59:08.837,75 12:56.558,2016, ,2006, ,0, ,N, ,3, , , , , , , , , ,3,1,1,0,0,0,0,1,0,0,0,1,1,0,0,0,0,0,0,0,2,0,0,0,0,0,0,0,0,0,0,0,0,0,0,4,0,39.9858,-75.2156, ,Philadelphia
8174,80720,2017092629,6,67,67301,2017,9,4,2034,20,3,2,1,7,2,1,4,Y,0,0,0,3,0,1,1,1,N,N,39 59:49.935,75 04:55.675,2042,45,2036,1,1,2, , ,0,N,N,N,N,N,N,N,N,Y,1,1,0,0,0,0,0,0,0,0,1,0,1,0,0,0,0,0,0,0,0,0,0,0,0,0,0,0,0,0,0,0,0,0,0,3,0,39.9972,-75.0821, ,Philadelphia
8175,80741,2017068008,6,67,67301,2017,6,6,1628,16,1,1,0,4,1, , ,N,1,2,0,3,0,1,3,2,N, ,40 02:04.988,75 02:40.725,1632, ,1630, ,0, , , ,3, , , , , , , , , ,2,2,0,0,0,0,0,0,0,0,0,0,1,1,0,0,0,0,0,0,0,0,0,2,0,0,0,0,0,0,0,0,0,0,0,8,0,40.0348,-75.0447, ,Philadelphia
8176,80742,2017070464,6,67,67301,2017,6,7,15,0,3,1,0,4,1, , ,N,5,2,0,3,0,1,5,2,N,N,39 57:59.738,75 09:37.523,36, ,32, ,0, ,N, ,3, , , , , , , , , ,2,1,0,0,0,0,1,0,0,0,0,0,1,1,0,0,0,0,0,0,0,0,0,0,0,0,0,0,0,0,0,0,0,0,0,8,0,39.9666,-75.1604, ,Philadelphia
8177,80747,2017060646,6,67,67301,2017,5,4,1800,18,1,1,0,1,1, , ,N,3,2,0,3,0,1,2,2,N, ,39 57:07.268,75 09:45.490,1915, ,1900, ,0, , , ,3, , , , , , , , , ,2,1,0,1,0,0,0,0,0,0,0,1,1,0,0,0,0,0,0,0,0,0,0,0,0,0,0,0,0,0,0,0,0,0,0,4,1,39.952,-75.1626, ,Philadelphia
8178,80796,2017086737,6,67,67301,2017,3,3,858,8,1,2,1,4,1, , ,N,1,2,0,3,0,1,2,2,N,N,40 01:47.249,75 05:16.782,910, ,859,1,1,1,N, ,3,N, , , , , , , , ,2,2,0,0,0,0,0,0,0,0,0,1,1,0,0,0,0,0,0,0,1,0,0,0,0,0,0,0,0,0,0,0,0,0,0,4,0,40.0298,-75.088, ,Philadelphia
8179,80800,2017086943,6,67,67301,2017,1,4,1330,13,1,1,0,8,1, , ,N,0,0,0,3,0,1,2,2,N, ,39 59:52.630,75 07:30.240,1346, ,1335, ,0, , , ,0, , , , , , , , , ,1,1,0,0,0,0,0,0,0,0,0,1,1,0,1,0,0,0,0,0,0,0,0,0,0,0,0,0,0,0,0,0,1,0,0,4,0,39.998,-75.1251, ,Philadelphia
8180,80809,2017116214,6,67,67301,2017,10,6,2115,21,3,1,0,7,4, , ,N,0,0,0,3,0,1,1,1,N,N,40 00:55.285,75 10:10.658,2117, ,2117,1,2,3,N, ,0,Y, , , , , , , , ,1,0,0,0,0,0,1,0,0,0,0,1,1,0,0,0,0,0,0,0,0,0,0,0,0,0,0,0,0,0,0,0,0,0,0,4,0,40.0154,-75.1696, ,Philadelphia
8181,80826,2017096593,6,67,67301,2017,8,4,9999,99,1,1,0,8,1, , ,N,1,2,0,3,0,1,2,2,N,N,39 57:16.621,75 09:53.479,340, ,335, ,0, ,N, ,3, , , , , , , , , ,1,0,0,1,0,0,0,0,0,0,0,0,1,1,0,0,0,0,0,0,0,0,0,0,0,0,0,0,0,0,0,0,1,0,0,8,1,39.9546,-75.1648, ,Philadelphia
8182,80863,2017097920,6,67,67301,2017,9,2,1700,17,1,1,0,4,1, , ,N,1,2,0,3,0,0,2,2,N, ,39 57:21.749,75 10:34.448,1800, ,520,1,1,4, , ,3,N, , , , , , , , ,2,2,0,0,0,0,0,0,0,0,0,0,0,0,0,0,0,0,0,0,0,0,0,2,0,0,0,0,0,0,0,0,0,0,0,0,0,39.956,-75.1762, ,Philadelphia
8183,80865,2017091800,6,67,67301,2017,8,2,256,2,3,1,0,5,6, , ,N,0,0,0,3,0,0,1,3,N,N,39 58:35.107,75 07:55.284,300, ,258,3,2,7,N, ,0,Y, , , , , , , , ,3,2,0,0,0,0,1,0,0,0,0,0,0,0,0,0,0,0,0,0,0,0,0,0,0,0,0,0,0,0,0,0,0,0,0,0,0,39.9764,-75.132, ,Philadelphia
8184,80867,2017091711,6,67,67301,2017,8,7,1604,16,1,1,0,2,6, , ,N,0,0,0,3,0,1,1,3,N,N,40 00:39.236,75 07:38.300,1645, ,1445,2,1,4,N, ,0,Y, , , , , , , , ,3,0,0,0,0,0,3,0,0,0,0,1,1,0,0,0,0,0,0,0,0,0,0,1,0,0,0,0,0,0,0,0,0,0,0,4,0,40.0109,-75.1273, ,Philadelphia
8185,80869,2017088864,6,67,67301,2017,8,2,1430,14,1,2,1,4,1, , ,N,1,2,0,3,0,0,2,2,N, ,39 59:30.408,75 11:10.966,1610, ,1603, ,0, , , ,3, , , , , , , , , ,2,1,0,0,0,0,1,0,0,0,0,0,0,0,0,0,0,0,0,1,0,1,0,0,0,0,0,0,0,0,0,0,0,0,0,0,0,39.9918,-75.1864, ,Philadelphia
8186,80873,2017116057,6,67,67301,2017,10,7,2209,22,3,1,0,4,1, , ,N,1,2,0,3,0,1,2,2,N,N,39 58:23.685,75 12:43.721,2211, ,2210, ,0, , , ,3, , , , , , , , , ,2,1,0,0,0,0,1,0,0,0,1,0,1,0,0,0,0,0,0,0,0,0,0,1,0,0,0,0,0,0,0,0,0,0,0,3,0,39.9732,-75.2121, ,Philadelphia
8187,80879,2017107989,6,67,67301,2017,8,6,250,2,3,1,0,1,1, , ,N,2,2,0,3,0,1,4,3,N,N,39 57:06.431,75 11:02.272,255, ,250, ,0, ,N, ,3, , , , , , , , , ,3,2,0,0,0,0,0,1,0,0,1,0,1,0,0,0,0,0,0,0,0,0,0,1,0,0,0,0,0,0,0,0,0,0,0,3,0,39.9517,-75.1832, ,Philadelphia
8188,83736,2017086174,6,67,67301,2017,7,5,1525,15,1,1,0,5,1, , ,N,0,0,0,3,0,0,2,3,N, ,39 57:44.352,75 09:01.447,1525, ,1520, ,0, , , ,0, , , , , , , , , ,3,3,0,0,0,0,0,0,0,0,0,0,0,0,0,0,0,0,0,0,1,0,0,0,0,0,0,0,0,0,0,0,0,0,0,0,0,39.9623,-75.1504, ,Philadelphia
8189,83739,2017116054,6,67,67301,2017,10,7,1128,11,1,1,0,4,1, , ,N,1,2,0,3,0,4,5,2,N,N,40 01:08.435,75 08:49.983,1151, ,1139,3,2,1,N, ,3,N, , , , , , , , ,2,2,0,0,0,0,0,0,0,0,1,3,4,0,0,0,0,0,0,0,0,0,0,0,0,0,0,0,0,0,0,0,0,0,0,3,0,40.0189,-75.1471, ,Philadelphia
8190,83744,2017111035,6,67,67301,2017,9,7,515,5,3,1,0,5,6, , ,N,0,0,0,3,0,0,1,2,N,N,39 56:33.708,75 09:42.797,520, ,519,3,2,2,N, ,0,Y, , , , , , , , ,2,2,0,0,0,0,0,0,0,0,0,0,0,0,0,0,0,0,0,0,0,0,0,0,0,0,0,0,0,0,0,0,0,0,0,0,0,39.9427,-75.1619, ,Philadelphia
8191,83747,2017096591,6,67,67301,2017,8,3,1450,14,1,2,1,8,4, , ,N,0,0,0,3,0,1,2,2,N,N,39 57:18.586,75 09:52.997,1520, ,1503, ,0, ,N, ,0, , , , , , , , , ,1,1,0,0,0,0,0,0,0,0,0,0,1,1,0,0,0,0,0,0,1,0,0,0,0,0,0,0,0,0,0,0,1,0,0,8,0,39.9552,-75.1647, ,Philadelphia
8192,83774,2017078775,6,67,67301,2017,6,4,9999,99,1,1,0,4,1, , ,N,1,2,0,3,0,0,2,2,N,N,39 58:14.012,75 08:59.857,1945, ,1942, ,0, , , ,3, , , , , , , , , ,2,0,0,0,0,0,2,0,0,0,0,0,0,0,0,0,0,0,0,0,1,0,0,0,0,0,0,0,0,0,0,0,0,0,0,0,0,39.9704,-75.15, ,Philadelphia
8193,83778,2017080311,6,67,67301,2017,7,2,335,3,3,2,7,4,1, , ,N,0,0,1,3,0,0,4,3,N,N,39 57:19.932,75 10:51.096,430, ,336,1,2,3, , ,0,N, , , , , , , , ,3,1,0,0,1,0,1,0,0,0,0,0,0,0,0,0,0,0,0,0,1,0,0,0,0,0,0,0,0,0,0,0,0,0,0,0,0,39.9555,-75.1809, ,Philadelphia
8194,83789,2017088925,6,67,67301,2017,8,3,9999,99,1,1,0,4,1, , ,N,1,2,0,3,0,0,2,2,N,N,40 02:04.567,75 04:16.161,1240, ,1235, ,0, ,N, ,3, , , , , , , , , ,2,0,0,0,0,0,0,2,0,0,0,0,0,0,0,0,0,0,0,0,1,1,0,0,0,0,0,0,0,0,0,0,0,0,0,0,0,40.0346,-75.0712, ,Philadelphia
8195,83792,2017086876,6,67,67301,2017,5,2,1858,18,1,1,0,4,1, , ,N,1,2,0,3,0,2,3,2,N,N,39 55:11.168,75 11:17.735,1913, ,1908, ,0, , , ,3, , , , , , , , , ,2,2,0,0,0,0,0,0,0,0,0,0,2,2,0,0,0,0,0,0,0,0,0,0,0,0,0,0,0,0,0,0,0,0,0,8,0,39.9198,-75.1883, ,Philadelphia
8196,83821,2017068040,6,67,67301,2017,5,4,728,7,1,1,1,4,1, , ,N,1,2,0,3,0,0,2,2,N, ,40 03:33.971,75 05:09.267,734, ,733, ,0, , , ,3, , , , , , , , , ,2,1,0,0,0,0,1,0,0,0,0,0,0,0,0,0,0,0,0,0,1,0,0,0,0,0,0,0,0,0,0,0,0,0,0,0,0,40.0594,-75.0859, ,Philadelphia
8197,83833,2017078705,6,67,67301,2017,6,6,1957,19,1,1,0,8,1, , ,N,0,0,0,3,0,1,2,2,N,N,40 02:08.322,75 10:23.422,2055, ,2050, ,0, ,N, ,0, , , , , , , , , ,1,1,0,0,0,0,0,0,0,0,0,0,1,1,1,0,0,0,0,0,0,0,0,0,0,0,0,0,0,0,0,0,1,0,0,8,0,40.0356,-75.1732, ,Philadelphia
8198,83836,2017076236,6,67,67301,2017,6,2,910,9,1,1,0,5,1, , ,N,0,0,0,3,0,1,2,2,N, ,40 03:12.077,75 00:23.837,915, ,912, ,0, ,N, ,0, , , , , , , , , ,2,2,0,0,0,0,0,0,0,0,0,0,1,1,0,0,0,0,0,0,0,0,1,0,0,0,0,0,0,0,0,0,0,0,0,8,0,40.0534,-75.0066, ,Philadelphia
8199,83845,2017097973,6,67,67301,2017,9,5,800,8,1,1,0,4,1, , ,N,1,3,0,3,0,2,3,2,N, ,40 03:15.699,75 09:18.662,915, ,810, ,0, , , ,3, , , , , , , , , ,2,1,0,0,0,0,1,0,0,0,0,0,2,2,0,0,0,0,0,0,0,0,0,1,0,0,0,0,0,0,0,0,0,0,0,8,0,40.0544,-75.1552, ,Philadelphia
8200,83855,2017091718,6,67,67301,2017,8,1,1311,13,1,1,0,4,1, , ,N,2,1,7,3,0,0,3,2,N, ,39 54:26.636,75 08:21.433,1311, ,1311, ,0, , , ,3, , , , , , , , , ,2,2,0,0,0,0,0,0,0,0,0,0,0,0,0,0,0,0,0,0,1,0,0,0,0,0,0,0,0,0,0,0,0,0,0,0,0,39.9074,-75.1393, ,Philadelphia
8201,83865,2017052416,6,67,67301,2017,5,4,1045,10,1,1,0,8,1, , ,N,1,2,0,3,0,1,3,2,N,N,40 02:15.589,75 02:33.074,1053, ,1053, ,0, , , ,3, , , , , , , , , ,1,1,0,0,0,0,0,0,0,0,0,1,1,0,0,0,0,0,0,0,0,0,0,0,0,0,0,0,0,0,0,0,1,0,0,4,0,40.0377,-75.0425, ,Philadelphia