objectid_1,objectid,crn,district,county,municipality,crash_year,crash_month,day_of_week,time_of_day,hour_of_day,illumination,weather,road_condition,collision_type,relation_to_road,work_zone_type,work_zone_loc,work_zone_ind,intersect_type,tcd_type,location_type,urban_rural,fatal_count,injury_count,person_count,total_units,sch_bus_ind,sch_zone_ind,latitude,longitude,arrival_tm,cons_zone_spd_lim,dispatch_tm,est_hrs_closed,lane_closed,ln_close_dir,ntfy_hiwy_maint,spec_juris_cd,tcd_func_cd,tfc_detour_ind,workers_pres,wz_close_detour,wz_flagger,wz_law_offcr_ind,wz_ln_closure,wz_moving,wz_other,wz_shlder_mdn,vehicle_count,automobile_count,motorcycle_count,bus_count,small_truck_count,heavy_truck_count,suv_count,van_count,bicycle_count,maj_inj_count,mod_inj_count,min_inj_count,tot_inj_count,unk_inj_deg_count,unk_inj_per_count,driver_count_16yr,driver_count_17yr,driver_count_18yr,driver_count_19yr,driver_count_20yr,driver_count_50_64yr,driver_count_65_74yr,driver_count_75plus,unbelted_occ_count,unb_death_count,unb_maj_inj_count,belted_death_count,belted_maj_inj_count,mcycle_death_count,mcycle_maj_inj_count,bicycle_death_count,bicycle_maj_inj_count,ped_count,ped_death_count,ped_maj_inj_count,max_severity_level,comm_veh_count,dec_lat,dec_long,rdwy_surf_type_cd,county_name
8202,83877,2017078836,6,67,67301,2017,7,1,9999,99,3,1,0,4,1, , ,N,1,2,0,3,0,4,13,6,N, ,40 01:41.005,75 06:36.111,2214, ,2209,3,2,2, , ,3,Y, , , , , , , , ,6,4,0,0,0,0,2,0,0,0,0,4,4,0,0,0,0,1,0,0,1,0,0,0,0,0,0,0,0,0,0,0,0,0,0,4,0,40.028,-75.1101, ,Philadelphia
8203,83879,2017086790,6,67,67301,2017,4,6,9999,99,1,1,0,6,1, , ,N,2,0,0,3,0,1,2,3,N, ,40 05:56.320,74 57:53.189,1708, ,1700, ,0, , , ,0, , , , , , , , , ,3,2,0,0,1,0,0,0,0,0,0,0,1,1,0,0,0,0,0,0,0,1,0,0,0,0,0,0,0,0,0,0,0,0,0,8,0,40.099,-74.9648, ,Philadelphia
8204,83892,2017100239,6,67,67301,2017,9,1,2122,21,3,1,0,1,1, , ,N,0,0,0,3,0,0,2,2,N,N,39 56:57.475,75 11:05.011,2122, ,2122,2,1,4, , ,0,N, , , , , , , , ,2,1,0,0,0,0,1,0,0,0,0,0,0,0,0,0,0,0,0,0,1,0,0,0,0,0,0,0,0,0,0,0,0,0,0,0,0,39.9493,-75.1848, ,Philadelphia
8205,83904,2017109808,6,67,67301,2017,9,4,1110,11,1,1,0,1,6, , ,N,0,0,0,3,0,0,1,2,N,N,40 02:40.482,75 00:31.036,1120, ,1116, ,0, ,N, ,0, , , , , , , , , ,2,1,0,0,0,0,0,1,0,0,0,0,0,0,0,0,0,0,0,0,0,0,0,1,0,0,0,0,0,0,0,0,0,0,0,0,0,40.0446,-75.0086, ,Philadelphia
8206,87371,2017105922,6,67,67301,2017,9,1,1338,13,1,1,0,8,1, , ,N,0,0,0,3,0,1,2,2,N,N,40 00:49.273,75 09:09.632,1450, ,1450, ,0, ,N, ,0, , , , , , , , , ,1,1,0,0,0,0,0,0,0,0,0,0,1,1,0,0,0,0,0,0,0,0,0,0,0,0,0,0,0,0,0,0,1,0,0,8,0,40.0136,-75.1526, ,Philadelphia
8207,87374,2017108112,6,67,67301,2017,10,4,1550,15,1,1,0,5,1, , ,N,0,0,0,3,0,2,3,3,N,N,39 57:01.909,75 11:35.840,1552, ,1551,1,2,3,N, ,0,N, , , , , , , , ,1,1,0,0,0,0,0,0,2,0,0,0,2,2,0,0,0,0,0,0,0,0,0,1,0,0,0,0,0,0,0,0,0,0,0,8,0,39.9505,-75.1933, ,Philadelphia
8208,87379,2017106054,6,67,67301,2017,9,5,1030,10,1,1,0,4,1, , ,N,1,3,0,3,0,1,2,2,N,N,39 59:57.689,75 07:22.311,2140, ,2139, ,0, ,N, ,3, , , , , , , , , ,1,1,0,0,0,0,0,0,1,0,1,0,1,0,1,0,0,0,0,0,0,0,0,0,0,0,0,0,0,0,0,0,0,0,0,3,0,39.9994,-75.1229, ,Philadelphia
8209,87387,2017076178,6,67,67301,2017,6,6,805,8,1,2,1,8,1, , ,N,0,0,0,3,0,1,2,2,N,N,39 57:10.173,75 09:42.668,820, ,811, ,0, ,N, ,0, , , , , , , , , ,1,1,0,0,0,0,0,0,0,0,0,1,1,0,0,0,0,0,0,0,0,0,0,0,0,0,0,0,0,0,0,0,1,0,0,4,0,39.9528,-75.1619, ,Philadelphia
8210,87390,2017078859,6,67,67301,2017,7,1,20,0,3,1,1,7,4, , ,N,0,0,0,3,0,1,1,1,N,N,40 02:50.042,75 08:27.140,20, ,20, ,0, ,N, ,0, , , , , , , , , ,1,0,0,0,0,0,1,0,0,0,0,1,1,0,0,0,0,0,0,0,0,0,0,0,0,0,0,0,0,0,0,0,0,0,0,4,0,40.0472,-75.1409, ,Philadelphia
8211,87403,2017086773,6,67,67301,2017,4,4,1120,11,1,1,0,4,1,8,8,Y,1,0,0,3,0,1,3,2,N,N,39 57:31.363,75 09:43.712,1143,99,1131, ,0, , , ,0, ,U,U,U,U,U,U,U,U,2,2,0,0,0,0,0,0,0,0,0,1,1,0,0,0,0,0,0,0,0,0,0,0,0,0,0,0,0,0,0,0,0,0,0,4,0,39.9587,-75.1621, ,Philadelphia
8212,87410,2017088988,6,67,67301,2017,8,7,1940,19,1,1,0,8,1, , ,N,0,0,0,3,0,1,2,2,N,N,39 57:31.032,75 08:16.423,1947, ,1943,1,1,2,N, ,0,N, , , , , , , , ,1,1,0,0,0,0,0,0,0,0,0,0,1,1,0,0,0,0,0,0,0,0,1,0,0,0,0,0,0,0,0,0,1,0,0,8,0,39.9586,-75.1379, ,Philadelphia
8213,87413,2017120650,6,67,67301,2017,10,6,26,0,3,1,0,7,4, , ,N,5,0,2,3,0,0,1,1,N,N,39 56:08.500,75 11:57.700,27, ,27, ,0, , , ,0, , , , , , , , , ,1,1,0,0,0,0,0,0,0,0,0,0,0,0,0,0,0,0,0,0,0,1,0,1,0,0,0,0,0,0,0,0,0,0,0,0,0,39.9333,-75.1998, ,Philadelphia
8214,87416,2017115928,6,67,67301,2017,10,7,1435,14,1,1,0,4,1, , ,N,1,2,0,3,0,1,2,2,N,N,39 59:13.275,75 10:27.811,1440, ,1438,9,1,1,N, ,3,N, , , , , , , , ,2,1,0,0,0,0,1,0,0,0,1,0,1,0,0,0,0,0,0,0,2,0,0,0,0,0,0,0,0,0,0,0,0,0,0,3,0,39.987,-75.1744, ,Philadelphia
8215,87425,2017098007,6,67,67301,2017,9,2,2130,21,3,1,0,8,1, , ,N,2,3,0,3,0,1,2,2,N,N,39 55:52.810,75 08:46.226,1030, ,1028, ,0, , , ,3, , , , , , , , , ,1,0,0,0,0,0,1,0,0,0,0,0,1,1,1,0,0,0,0,0,1,0,0,0,0,0,0,0,0,0,0,0,1,0,0,8,0,39.9313,-75.1462, ,Philadelphia
8216,87441,2017078713,6,67,67301,2017,7,1,813,8,1,1,0,4,1, , ,N,1,3,0,3,0,0,3,2,N,N,40 01:42.668,75 04:54.562,825, ,822, ,0, ,N, ,3, , , , , , , , , ,2,0,0,0,0,0,1,1,0,0,0,0,0,0,0,0,0,0,0,0,2,0,0,0,0,0,0,0,0,0,0,0,0,0,0,0,0,40.0285,-75.0818, ,Philadelphia
8217,87448,2017076167,6,67,67301,2017,6,1,640,6,1,1,0,4,1, , ,N,1,2,0,3,0,1,2,2,N,N,40 02:22.463,75 02:44.643,642, ,640,3,2,6, , ,3,Y, , , , , , , , ,2,1,1,0,0,0,0,0,0,1,0,0,1,0,0,0,0,0,0,0,0,1,0,0,0,0,0,0,0,1,0,0,0,0,0,2,0,40.0395,-75.0458, ,Philadelphia
8218,87449,2017078890,6,67,67301,2017,6,3,9999,99,1,1,0,8,1, , ,N,0,0,0,3,0,1,2,2,N, ,40 02:30.883,75 06:15.674,1430, ,1423, ,0, , , ,0, , , , , , , , , ,1,1,0,0,0,0,0,0,0,0,1,0,1,0,0,0,0,0,0,0,0,0,0,1,0,0,0,0,0,0,0,0,1,0,0,3,0,40.0419,-75.1044, ,Philadelphia
8219,87502,2017086867,6,67,67301,2017,5,3,1842,18,1,1,0,5,1, , ,N,0,0,0,3,0,0,3,3,N,N,40 02:08.844,75 05:17.714,1845, ,1842,2,2,1, , ,0,Y, , , , , , , , ,3,2,0,0,0,0,0,1,0,0,0,0,0,0,0,0,0,1,0,0,1,0,0,1,0,0,0,0,0,0,0,0,0,0,0,0,0,40.0358,-75.0883, ,Philadelphia
8220,87508,2017091730,6,67,67301,2017,8,3,1215,12,1,2,1,4,1, , ,N,1,2,0,3,0,0,3,2,N,N,39 55:25.636,75 14:12.789,1220, ,1220,2,2,6,N, ,3,Y, , , , , , , , ,2,1,0,0,0,0,1,0,0,0,0,0,0,0,0,0,0,0,0,0,0,0,0,0,0,0,0,0,0,0,0,0,0,0,0,0,0,39.9238,-75.2369, ,Philadelphia
8221,87510,2017107620,6,67,67301,2017,10,7,1145,11,1,1,0,1,1, , ,N,0,0,0,3,0,1,4,2,N,N,39 59:00.296,75 05:53.406,1155, ,1148,2,1,2, , ,0,Y, , , , , , , , ,2,2,0,0,0,0,0,0,0,0,0,1,1,0,0,0,0,0,0,0,1,0,0,0,0,0,0,0,0,0,0,0,0,0,0,4,0,39.9834,-75.0982, ,Philadelphia
8222,87514,2017109886,6,67,67301,2017,10,1,2030,20,3,1,0,1,1, , ,N,0,0,0,3,0,1,3,2,N, ,40 00:19.995,75 06:15.481,2036, ,2033,9,1,3, , ,0,N, , , , , , , , ,2,1,0,0,0,0,1,0,0,0,0,1,1,0,1,0,0,0,0,0,0,1,0,0,0,0,0,0,0,0,0,0,0,0,0,4,0,40.0056,-75.1043, ,Philadelphia
8223,87520,2017116109,6,67,67301,2017,10,2,109,1,3,1,0,5,6, , ,N,0,2,0,3,0,0,1,4,N,N,40 01:11.750,75 06:51.753,118, ,113, ,0, ,N, ,3, , , , , , , , , ,4,0,0,0,0,0,3,1,0,0,0,0,0,0,0,0,0,0,0,0,0,0,0,0,0,0,0,0,0,0,0,0,0,0,0,0,0,40.0199,-75.1144, ,Philadelphia
8224,91007,2017078822,6,67,67301,2017,7,5,1303,13,1,9,8,5,6, , ,N,0,0,0,3,0,0,1,2,N, ,40 02:19.719,75 09:16.405,1530, ,1530, ,0, , , ,0, , , , , , , , , ,2,1,0,0,0,0,0,0,0,0,0,0,0,0,0,0,0,0,0,0,0,0,0,0,0,0,0,0,0,0,0,0,0,0,0,0,0,40.0388,-75.1546, ,Philadelphia
8225,91025,2017097902,6,67,67301,2017,9,1,1406,14,1,1,0,5,2, , ,N,2,3,0,3,0,3,4,2,N,N,39 58:31.803,75 15:19.601,1614, ,1506, ,0, ,N, ,3, , , , , , , , , ,2,0,0,0,0,0,0,2,0,0,0,3,3,0,0,0,0,0,0,0,0,0,0,0,0,0,0,0,0,0,0,0,0,0,0,4,0,39.9755,-75.2554, ,Philadelphia
8226,91027,2017098011,6,67,67301,2017,9,7,1359,13,1,1,0,4,1, , ,N,0,2,7,3,0,1,2,2,N,N,40 05:00.056,75 01:34.975,1456, ,1448, ,0, , , ,3, , , , , , , , , ,2,1,0,0,0,0,0,1,0,0,0,1,1,0,1,0,0,0,0,0,1,0,0,0,0,0,0,0,0,0,0,0,0,0,0,4,0,40.0834,-75.0263, ,Philadelphia
8227,91043,2017134005,6,67,67301,2017,11,5,1348,13,1,1,0,4,1, , ,N,1,2,0,3,0,0,2,3,N,N,39 59:42.556,75 06:44.112,1350, ,1350, ,0, ,N, ,3, , , , , , , , , ,3,1,0,0,0,0,1,1,0,0,0,0,0,0,0,0,0,0,0,0,0,1,0,0,0,0,0,0,0,0,0,0,0,0,0,0,0,39.9952,-75.1123, ,Philadelphia
8228,91064,2017070465,6,67,67301,2017,6,3,1944,19,4,1,0,4,1, , ,N,1,3,0,3,0,2,5,3,N,N,39 55:53.141,75 09:57.515,1954, ,1948, ,0, ,N, ,3, , , , , , , , , ,3,3,0,0,0,0,0,0,0,0,0,0,2,2,0,0,0,0,0,0,0,0,0,0,0,0,0,0,0,0,0,0,0,0,0,8,0,39.9314,-75.166, ,Philadelphia
8229,91065,2017076327,6,67,67301,2017,6,2,1830,18,1,1,0,4,1, , ,N,1,3,0,3,0,2,4,2,N,N,39 57:23.839,75 13:39.349,1839, ,1837, ,0, ,N, ,3, , , , , , , , , ,2,2,0,0,0,0,0,0,0,0,0,1,2,1,1,0,0,0,0,0,0,0,0,0,0,0,0,0,0,0,0,0,0,0,0,4,0,39.9566,-75.2276, ,Philadelphia
8230,91067,2017086336,6,67,67301,2017,7,6,724,7,1,1,0,4,1, , ,N,1,2,3,3,0,1,2,2,N, ,39 57:25.886,75 09:31.375,730, ,726, ,0, , , ,3, , , , , , , , , ,2,2,0,0,0,0,0,0,0,0,1,0,1,0,0,0,0,0,0,0,0,0,0,1,0,0,0,0,0,0,0,0,0,0,0,3,0,39.9572,-75.1587, ,Philadelphia
8231,91070,2017086283,6,67,67301,2017,7,2,2110,21,3,1,0,4,1, , ,N,2,0,0,3,0,2,3,2,N,N,40 06:20.710,75 02:01.680,2120, ,2113,1,1,4,N, ,0,N, , , , , , , , ,2,2,0,0,0,0,0,0,0,0,0,0,2,2,1,0,0,0,0,0,0,0,0,0,0,0,0,0,0,0,0,0,0,0,0,8,0,40.1058,-75.0338, ,Philadelphia
8232,91093,2017067923,6,67,67301,2017,6,5,750,7,1,1,0,4,1, , ,N,1,2,0,3,0,0,2,2,N,N,39 58:17.655,75 08:46.741,751, ,750, ,0, , , ,3, , , , , , , , , ,2,1,0,0,0,0,1,0,0,0,0,0,0,0,1,0,0,0,0,0,0,1,0,2,0,0,0,0,0,0,0,0,0,0,0,9,0,39.9716,-75.1463, ,Philadelphia
8233,91099,2017123355,6,67,67301,2017,10,6,2327,23,3,1,0,1,1, , ,N,7,0,2,3,0,1,3,3,N,N,39 59:50.669,75 04:55.143,36, ,2354, ,0, , , ,0, , , , , , , , , ,3,2,0,0,0,0,1,0,0,0,0,0,1,1,0,0,0,0,0,0,0,0,0,0,0,0,0,0,0,0,0,0,0,0,0,8,0,39.9974,-75.082, ,Philadelphia
8234,91118,2017097904,6,67,67301,2017,9,2,2035,20,3,1,0,5,4, , ,N,0,0,0,3,0,0,1,3,N,N,40 02:44.318,74 59:28.381,2100, ,2046, ,0, ,N, ,0, , , , , , , , , ,3,1,0,0,0,0,2,0,0,0,0,0,0,0,1,0,0,0,0,0,0,0,0,0,0,0,0,0,0,0,0,0,0,0,0,9,0,40.0456,-74.9912, ,Philadelphia
8235,91127,2017116232,6,67,67301,2017,10,3,1030,10,1,1,0,1,1, , ,N,0,0,0,3,0,1,4,4,N,N,40 01:18.872,75 08:20.541,1045, ,1003,2,1,2,N, ,0,N, , , , , , , , ,4,2,0,0,0,0,2,0,0,0,1,0,1,0,0,0,0,0,0,0,0,0,0,1,0,0,0,0,0,0,0,0,0,0,0,3,0,40.0219,-75.139, ,Philadelphia
8236,91151,2017067535,6,67,67301,2017,6,7,1842,18,1,1,0,1,1, , ,N,0,0,3,3,0,0,6,2,N,N,39 54:23.260,75 08:12.250,1844, ,1842,9,2,3,N, ,0,Y, , , , , , , , ,2,1,0,0,0,0,1,0,0,0,0,0,0,0,0,0,0,0,0,0,1,0,0,0,0,0,0,0,0,0,0,0,0,0,0,0,0,39.9065,-75.1367, ,Philadelphia
8237,91163,2017086349,6,67,67301,2017,7,6,1717,17,1,1,0,1,1, , ,N,0,0,0,3,0,1,2,2,N,N,39 59:29.708,75 09:18.382,1722, ,1717, ,0, ,N, ,0, , , , , , , , , ,1,1,0,0,0,0,0,0,1,0,0,1,1,0,0,0,0,0,0,0,0,0,0,1,0,0,0,0,0,0,0,0,0,0,0,4,0,39.9916,-75.1551, ,Philadelphia
8238,91171,2017119375,6,67,67301,2017,10,1,2029,20,3,2,7,4,1, , ,N,0,0,0,3,0,0,5,3,N,N,39 59:40.393,75 05:02.876,2039, ,2032, ,0, , , ,0, , , , , , , , , ,3,3,0,0,0,0,0,0,0,0,0,0,0,0,0,0,0,0,0,0,0,0,0,0,0,0,0,0,0,0,0,0,0,0,0,0,0,39.9946,-75.0841, ,Philadelphia
8239,91180,2017094181,6,67,67301,2017,9,1,14,0,3,1,0,0,1,1,4,Y,0,0,3,3,0,1,1,1,N,N,40 00:31.354,75 04:09.205,22,45,15, ,0, , , ,0, ,N,N,N,N,N,N,Y,Y,1,0,1,0,0,0,0,0,0,1,0,0,1,0,0,0,0,0,0,0,0,0,0,0,0,0,0,0,0,1,0,0,0,0,0,2,0,40.0087,-75.0692, ,Philadelphia
8240,91190,2017066965,6,67,67301,2017,5,6,1353,13,1,1,0,5,1, , ,N,0,0,0,3,1,0,2,2,N,N,39 56:18.782,75 08:38.268,1357, ,1353,3,2,2,N,0,0,N, , , , , , , , ,2,0,1,0,0,1,0,0,0,0,0,0,0,0,0,0,0,0,0,0,0,0,0,0,0,0,0,0,1,0,0,0,0,0,0,1,1,39.9386,-75.144,1,Philadelphia
8241,91207,2017083890,6,67,67301,2017,7,7,940,9,1,1,1,7,5, , ,N,6,8,2,3,0,1,1,1,N,N,40 02:45.348,75 00:06.533,956, ,945,1,2,1, , ,3,N, , , , , , , , ,1,1,0,0,0,0,0,0,0,0,0,0,1,1,0,0,0,0,0,0,1,0,0,0,0,0,0,0,0,0,0,0,0,0,0,8,0,40.0459,-75.0018, ,Philadelphia
8242,80896,2017067707,6,67,67301,2017,5,5,1549,15,1,1,0,4,1, , ,N,1,2,0,3,0,2,2,2,N,N,40 00:30.383,75 10:13.649,1625, ,1549, ,0, ,N, ,3, , , , , , , , , ,2,2,0,0,0,0,0,0,0,0,2,0,2,0,0,0,0,0,1,0,0,0,0,0,0,0,0,0,0,0,0,0,0,0,0,3,0,40.0084,-75.1704, ,Philadelphia
8243,80902,2017068180,6,67,67301,2017,6,6,2249,22,3,1,0,0,1, , ,N,0,0,0,3,0,1,1,2,N,N,39 56:36.933,75 08:34.832,2256, ,2253, ,0, , , ,0, , , , , , , , , ,1,0,1,0,0,0,0,0,0,0,0,0,1,1,0,0,0,0,0,0,0,0,0,0,0,0,0,0,0,0,0,0,0,0,0,8,0,39.9436,-75.143, ,Philadelphia
8244,80909,2017078855,6,67,67301,2017,7,2,2355,23,3,1,0,1,1, , ,N,2,2,0,3,0,0,2,2,N,N,39 59:15.755,75 12:58.458,47, ,43, ,0, ,N, ,3, , , , , , , , , ,2,1,0,0,0,0,0,0,0,0,0,0,0,0,0,0,0,0,0,0,0,1,0,0,0,0,0,0,0,0,0,0,0,0,0,0,0,39.9877,-75.2161, ,Philadelphia
8245,80916,2017086701,6,67,67301,2017,3,6,108,1,3,1,0,7,5, , ,N,1,3,0,3,0,1,1,1,N,N,40 02:14.999,75 02:07.564,112, ,109, ,0, ,N, ,3, , , , , , , , , ,1,0,0,0,0,0,0,1,0,0,0,1,1,0,0,0,0,0,0,0,0,0,0,0,0,0,0,0,0,0,0,0,0,0,0,4,0,40.0375,-75.0354, ,Philadelphia
8246,80917,2017086707,6,67,67301,2017,3,6,1117,11,1,1,0,8,1, , ,N,1,2,0,3,0,1,2,2,N, ,39 57:07.661,75 09:41.216,1520, ,9999, ,0, , , ,3, , , , , , , , , ,1,1,0,0,0,0,0,0,0,0,0,1,1,0,0,0,0,0,0,0,0,0,0,1,0,0,0,0,0,0,0,0,1,0,0,4,0,39.9521,-75.1615, ,Philadelphia
8247,80918,2017093077,6,67,67301,2017,9,2,1947,19,3,1,0,1,1, , ,N,0,0,0,3,0,0,4,3,N,N,39 57:25.937,75 09:24.611,2004, ,1952,1,1,4, , ,0,N, , , , , , , , ,3,1,0,0,0,0,2,0,0,0,0,0,0,0,1,0,1,0,0,0,0,0,0,0,0,0,0,0,0,0,0,0,0,0,0,9,0,39.9572,-75.1568, ,Philadelphia
8248,80931,2017076151,6,67,67301,2017,6,1,807,8,1,1,0,5,6, , ,N,0,0,0,3,0,0,1,3,N,N,39 56:26.862,75 13:55.707,810, ,807,2,1,1,N, ,0,N, , , , , , , , ,3,3,0,0,0,0,0,0,0,0,0,0,0,0,0,0,0,0,0,0,0,0,0,0,0,0,0,0,0,0,0,0,0,0,0,0,0,39.9408,-75.2321, ,Philadelphia
8249,80933,2017067977,6,67,67301,2017,6,7,1945,19,3,1,0,8,6, , ,N,0,0,0,3,0,1,3,3,N, ,40 02:21.228,75 08:01.305,2050, ,2045, ,0, , , ,0, , , , , , , , , ,2,1,0,0,1,0,0,0,0,0,0,1,1,0,1,0,0,0,0,0,0,0,0,0,0,0,0,0,0,0,0,0,1,0,0,4,0,40.0392,-75.1337, ,Philadelphia
8250,80936,2017086680,6,67,67301,2017,3,2,718,7,1,1,0,4,1, , ,N,1,2,0,3,0,1,2,2,N,N,39 59:21.386,75 08:34.278,730, ,725, ,0, ,N, ,3, , , , , , , , , ,2,1,0,0,0,0,1,0,0,0,0,1,1,0,0,0,0,0,0,0,0,0,0,0,0,0,0,0,0,0,0,0,0,0,0,4,0,39.9893,-75.1429, ,Philadelphia
8251,80939,2017097857,6,67,67301,2017,9,6,721,7,1,1,0,4,1, , ,N,1,0,0,3,0,3,3,2,N, ,40 01:50.207,75 12:25.116,724, ,724, ,0, , , ,0, , , , , , , , , ,2,2,0,0,0,0,0,0,0,0,0,0,3,3,0,0,0,0,0,0,0,0,0,0,0,0,0,0,0,0,0,0,0,0,0,8,0,40.0306,-75.207, ,Philadelphia
8252,80949,2017116044,6,67,67301,2017,10,6,730,7,1,1,0,8,1, , ,N,1,2,0,3,0,1,2,2,N,N,40 01:32.334,75 10:54.007,911, ,904, ,0, ,N, ,3, , , , , , , , , ,1,1,0,0,0,0,0,0,0,0,0,1,1,0,1,0,0,0,0,0,0,0,0,0,0,0,0,0,0,0,0,0,1,0,0,4,0,40.0256,-75.1817, ,Philadelphia
8253,80956,2017120633,6,67,67301,2017,10,1,1005,10,1,2,1,1,1, , ,N,1,3,0,3,0,1,3,2,N,N,40 05:14.816,75 03:19.418,1030, ,1018, ,0, ,N, ,3, , , , , , , , , ,2,2,0,0,0,0,0,0,0,0,0,1,1,0,0,0,0,0,0,0,0,0,1,2,0,0,0,0,0,0,0,0,0,0,0,4,0,40.0874,-75.0554, ,Philadelphia
8254,80977,2017070470,6,67,67301,2017,6,2,1039,10,1,1,0,4,1, , ,N,3,3,0,3,0,2,2,2,N,N,40 03:25.264,75 05:35.815,1045, ,1043, ,0, ,N, ,3, , , , , , , , , ,2,0,0,0,1,0,1,0,0,0,0,0,2,2,0,0,0,0,0,0,1,0,1,0,0,0,0,0,0,0,0,0,0,0,0,8,0,40.057,-75.0933, ,Philadelphia
8255,80980,2017079096,6,67,67301,2017,7,3,1810,18,1,1,0,1,1, , ,N,0,0,0,3,0,1,3,3,N,N,39 57:19.557,75 08:26.685,1816, ,1811, ,0, , , ,0, , , , , , , , , ,3,2,0,0,0,1,0,0,0,0,0,0,1,1,0,0,0,0,0,0,0,0,0,0,0,0,0,0,0,0,0,0,0,0,0,8,1,39.9554,-75.1407, ,Philadelphia
8256,80992,2017067684,6,67,67301,2017,6,6,230,2,3,1,0,7,4, , ,N,1,2,0,3,0,1,1,1,N,N,40 02:28.908,75 01:41.719,240, ,236, ,0, ,N, ,3, , , , , , , , , ,1,1,0,0,0,0,0,0,0,0,0,1,1,0,0,0,0,0,0,0,0,0,0,0,0,0,0,0,0,0,0,0,0,0,0,4,0,40.0414,-75.0283, ,Philadelphia
8257,81012,2017076166,6,67,67301,2017,6,1,2351,23,3,1,0,4,1, , ,N,1,2,0,3,0,0,3,2,N,N,39 57:28.613,75 12:29.280,1201, ,1201, ,0, ,N, ,3, , , , , , , , , ,2,2,0,0,0,0,0,0,0,0,0,0,0,0,0,0,0,0,0,1,1,0,0,0,0,0,0,0,0,0,0,0,0,0,0,0,0,39.9579,-75.208, ,Philadelphia
8258,81015,2017086293,6,67,67301,2017,7,7,1545,15,1,1,0,4,1, , ,N,0,0,7,3,0,0,2,2,N,N,40 01:51.317,75 06:15.657,1610, ,1605, ,0, ,N, ,0, , , , , , , , , ,2,2,0,0,0,0,0,0,0,0,0,0,0,0,0,0,0,0,0,0,0,0,0,0,0,0,0,0,0,0,0,0,0,0,0,0,0,40.0309,-75.1043, ,Philadelphia
8259,81018,2017097925,6,67,67301,2017,9,4,1657,16,8,2,1,8,1, , ,N,0,0,0,3,0,1,2,2,N,N,39 57:01.499,75 09:37.376,1723, ,1701, ,0, ,N, ,0, , , , , , , , , ,1,1,0,0,0,0,0,0,0,0,0,1,1,0,0,0,0,0,0,0,0,0,0,1,0,0,0,0,0,0,0,0,1,0,0,4,0,39.9504,-75.1604, ,Philadelphia
8260,83909,2017109889,6,67,67301,2017,10,1,1330,13,1,2,1,4,1, , ,N,1,2,0,3,0,1,3,3,N,N,39 59:59.413,75 06:53.265,9999, ,9999, ,0, ,N, ,3, , , , , , , , , ,3,1,0,0,0,0,0,0,0,0,0,1,1,0,0,0,0,0,0,0,0,0,0,0,0,0,0,0,0,0,0,0,0,0,0,4,0,39.9998,-75.1148, ,Philadelphia
8261,83911,2017126196,6,67,67301,2017,10,1,2242,22,3,2,1,5,1, , ,N,0,0,0,3,0,0,6,3,N,N,39 59:40.818,75 05:02.561,2247, ,2243,2,1,2, , ,0,N, , , , , , , , ,3,2,0,0,0,0,0,1,0,0,0,0,0,0,0,0,0,0,0,0,0,0,0,0,0,0,0,0,0,0,0,0,0,0,0,0,0,39.9947,-75.084, ,Philadelphia
8262,83918,2017086922,6,67,67301,2017,2,4,1250,12,1,1,0,5,1, , ,N,0,0,0,3,0,1,4,2,N, ,40 02:16.127,75 02:17.147,1255, ,1255, ,0, , , ,0, , , , , , , , , ,2,2,0,0,0,0,0,0,0,0,0,1,1,0,0,0,0,0,0,0,0,0,0,0,0,0,0,0,0,0,0,0,0,0,0,4,0,40.0378,-75.0381, ,Philadelphia
8263,83939,2017084931,6,67,67301,2017,7,1,1849,18,4,1,0,7,4, , ,N,7,0,2,3,0,2,2,1,N,N,40 02:55.073,74 59:54.825,1859, ,1851,2,2,2, , ,0,Y, , , , , , , , ,1,0,1,0,0,0,0,0,0,2,0,0,2,0,0,0,0,0,0,0,0,0,0,0,0,0,0,0,0,2,0,0,0,0,0,2,0,40.0486,-74.9986, ,Philadelphia
8264,83981,2017091848,6,67,67301,2017,8,2,9999,99,2,1,0,8,1, , ,N,1,2,0,3,0,1,2,4,N, ,39 59:12.426,75 10:50.881,2158, ,2156, ,0, , , ,3, , , , , , , , , ,3,3,0,0,0,0,0,0,0,1,0,0,1,0,0,0,0,0,0,0,0,0,0,0,0,0,0,0,0,0,0,0,1,0,1,2,0,39.9868,-75.1808, ,Philadelphia
8265,83995,2017116751,6,67,67301,2017,10,7,1515,15,1,1,0,1,1, , ,N,0,0,0,3,0,2,4,3,N,N,39 57:31.158,75 10:04.903,1531, ,1518,2,2,3, , ,0,N, , , , , , , , ,3,0,0,0,0,0,3,0,0,0,0,0,2,2,0,0,0,0,0,0,0,0,0,0,0,0,0,0,0,0,0,0,0,0,0,8,0,39.9587,-75.168, ,Philadelphia
8266,84026,2017068192,6,67,67301,2017,6,3,843,8,1,1,0,1,1, , ,N,0,0,0,3,0,1,2,2,N,N,40 00:14.648,75 11:43.681,850, ,843, ,0, , , ,0, , , , , , , , , ,2,1,0,0,0,0,1,0,0,0,0,0,1,1,0,0,0,0,0,0,0,0,0,0,0,0,0,0,0,0,0,0,0,0,0,8,0,40.0041,-75.1955, ,Philadelphia