objectid_1,objectid,crn,district,county,municipality,crash_year,crash_month,day_of_week,time_of_day,hour_of_day,illumination,weather,road_condition,collision_type,relation_to_road,work_zone_type,work_zone_loc,work_zone_ind,intersect_type,tcd_type,location_type,urban_rural,fatal_count,injury_count,person_count,total_units,sch_bus_ind,sch_zone_ind,latitude,longitude,arrival_tm,cons_zone_spd_lim,dispatch_tm,est_hrs_closed,lane_closed,ln_close_dir,ntfy_hiwy_maint,spec_juris_cd,tcd_func_cd,tfc_detour_ind,workers_pres,wz_close_detour,wz_flagger,wz_law_offcr_ind,wz_ln_closure,wz_moving,wz_other,wz_shlder_mdn,vehicle_count,automobile_count,motorcycle_count,bus_count,small_truck_count,heavy_truck_count,suv_count,van_count,bicycle_count,maj_inj_count,mod_inj_count,min_inj_count,tot_inj_count,unk_inj_deg_count,unk_inj_per_count,driver_count_16yr,driver_count_17yr,driver_count_18yr,driver_count_19yr,driver_count_20yr,driver_count_50_64yr,driver_count_65_74yr,driver_count_75plus,unbelted_occ_count,unb_death_count,unb_maj_inj_count,belted_death_count,belted_maj_inj_count,mcycle_death_count,mcycle_maj_inj_count,bicycle_death_count,bicycle_maj_inj_count,ped_count,ped_death_count,ped_maj_inj_count,max_severity_level,comm_veh_count,dec_lat,dec_long,rdwy_surf_type_cd,county_name
8267,84029,2017071349,6,67,67301,2017,2,4,2200,22,3,1,0,4,1, , ,N,1,2,0,3,0,1,2,2,N,N,39 58:14.012,75 08:59.857,0, ,0, ,0, ,N, ,3, , , , , , , , , ,2,1,0,0,0,0,1,0,0,0,1,0,1,0,0,0,0,0,0,0,1,0,0,1,0,0,0,0,0,0,0,0,0,0,0,3,0,39.9704,-75.15, ,Philadelphia
8268,84044,2017116226,6,67,67301,2017,10,7,842,8,1,2,1,4,1, , ,N,1,2,0,3,0,0,2,2,N,N,40 00:01.802,75 11:12.916,907, ,902, ,0, ,N, ,3, , , , , , , , , ,2,0,0,0,1,0,1,0,0,0,0,0,0,0,0,0,0,0,0,0,1,0,0,0,0,0,0,0,0,0,0,0,0,0,0,0,0,40.0029,-75.1836, ,Philadelphia
8269,84066,2017055603,6,67,67301,2017,5,2,1120,11,1,1,0,8,1, , ,N,2,2,0,3,0,1,2,2,N,N,40 05:27.543,75 01:57.617,1135, ,1127, ,0, ,N, ,3, , , , , , , , , ,1,1,0,0,0,0,0,0,0,0,0,0,1,1,0,0,0,0,0,0,1,0,0,0,0,0,0,0,0,0,0,0,1,0,0,8,0,40.091,-75.0327, ,Philadelphia
8270,84090,2017109747,6,67,67301,2017,8,3,2325,23,3,2,1,0,4, , ,N,0,0,0,3,1,0,1,1,N,N,40 02:50.703,75 08:32.309,2328, ,2326, ,0, ,N,0,0, , , , , , , , , ,1,1,0,0,0,0,0,0,0,0,0,0,0,0,0,0,0,0,0,1,0,0,0,0,0,0,0,0,0,0,0,0,0,0,0,1,0,40.0474,-75.1423,2,Philadelphia
8271,84101,2017128460,6,67,67301,2017,11,1,1722,17,3,1,0,1,1, , ,N,0,0,0,3,0,2,5,2,N,N,39 57:26.173,75 09:28.869,1723, ,1723, ,0, ,N, ,0, , , , , , , , , ,2,0,0,0,1,0,1,0,0,0,0,0,2,2,0,0,0,0,0,0,0,1,0,0,0,0,0,0,0,0,0,0,0,0,0,8,0,39.9573,-75.158, ,Philadelphia
8272,84108,2017060509,6,67,67301,2017,5,5,1347,13,1,1,0,8,1, , ,N,0,0,0,3,0,1,2,2,N,N,40 00:36.797,75 11:50.454,1353, ,1350, ,0, ,N, ,0, , , , , , , , , ,1,0,0,0,0,0,1,0,0,0,0,1,1,0,0,0,0,0,0,0,0,0,0,1,0,0,0,0,0,0,0,0,1,0,0,4,0,40.0102,-75.1973, ,Philadelphia
8273,84121,2017091864,6,67,67301,2017,8,7,42,0,3,1,0,8,1, , ,N,0,0,0,3,0,1,2,2,N,N,40 02:02.630,75 05:24.208,45, ,44, ,0, ,N, ,0, , , , , , , , , ,1,1,0,0,0,0,0,0,0,0,0,0,1,1,0,0,0,0,0,0,0,0,0,0,0,0,0,0,0,0,0,0,1,0,0,8,0,40.0341,-75.0901, ,Philadelphia
8274,84126,2017117254,6,67,67301,2017,10,7,1700,17,1,1,0,4,1, , ,N,0,0,7,3,0,0,2,2,N,N,40 06:43.426,75 01:25.079,1728, ,1723,1,1,2,N, ,0,N, , , , , , , , ,2,1,0,0,0,0,1,0,0,0,0,0,0,0,0,0,0,0,0,0,0,1,0,0,0,0,0,0,0,0,0,0,0,0,0,0,0,40.1121,-75.0236, ,Philadelphia
8275,84131,2017120570,6,67,67301,2017,10,3,1550,15,1,1,0,8,1, , ,N,0,0,0,3,0,1,2,2,N, ,39 56:12.262,75 11:50.953,1608, ,1554, ,0, , , ,0, , , , , , , , , ,1,1,0,0,0,0,0,0,0,0,0,1,1,0,0,0,0,0,0,0,0,0,0,0,0,0,0,0,0,0,0,0,1,0,0,4,0,39.9367,-75.1975, ,Philadelphia
8276,84146,2017109947,6,67,67301,2017,10,2,801,8,3,1,1,4,1, , ,N,0,0,0,3,0,0,2,3,N, ,40 00:26.273,75 06:13.197,2005, ,2001, ,0, , , ,0, , , , , , , , , ,2,0,0,0,0,0,2,0,1,0,0,0,0,0,0,0,0,0,0,0,0,0,0,1,0,0,0,0,0,0,0,0,0,0,0,0,0,40.0073,-75.1037, ,Philadelphia
8277,84173,2017078828,6,67,67301,2017,7,7,2125,21,3,1,0,4,1, , ,N,1,3,0,3,0,1,2,3,N, ,40 01:07.556,75 08:21.989,2128, ,2125, ,0, , , ,3, , , , , , , , , ,3,3,0,0,0,0,0,0,0,0,0,0,1,1,0,0,0,0,0,0,0,0,0,0,0,0,0,0,0,0,0,0,0,0,0,8,0,40.0188,-75.1394, ,Philadelphia
8278,87527,2017086653,6,67,67301,2017,1,3,930,9,1,2,1,4,1, , ,N,1,2,0,3,0,1,3,2,N,N,39 56:58.614,75 09:14.074,950, ,935, ,0, ,N, ,3, , , , , , , , , ,2,0,0,1,0,0,1,0,0,0,0,1,1,0,0,0,0,0,0,0,0,0,0,1,0,0,0,0,0,0,0,0,0,0,0,4,1,39.9496,-75.1539, ,Philadelphia
8279,87540,2017116160,6,67,67301,2017,10,1,505,5,3,2,1,5,6, , ,N,0,0,0,3,0,1,2,3,N, ,39 57:55.972,75 08:25.645,515, ,511,3,2,2, , ,0,Y, , , , , , , , ,3,2,0,0,0,0,1,0,0,0,0,0,1,1,0,0,0,0,0,0,0,0,0,0,0,0,0,0,0,0,0,0,0,0,0,8,0,39.9655,-75.1405, ,Philadelphia
8280,87549,2017088967,6,67,67301,2017,8,7,429,4,3,2,1,7,4, , ,N,1,2,0,3,0,0,1,2,N,N,40 01:45.210,75 10:28.410,435, ,431,2,1,1,N, ,3,N, , , , , , , , ,1,1,0,0,0,0,0,0,0,0,0,0,0,0,0,0,0,0,0,0,0,0,0,0,0,0,0,0,0,0,0,0,0,0,0,0,0,40.0292,-75.1746, ,Philadelphia
8281,87550,2017086647,6,67,67301,2017,2,1,45,0,3,1,0,5,1, , ,N,0,0,0,3,0,1,2,2,N,N,39 57:41.111,75 08:54.605,505, ,500, ,0, ,N, ,0, , , , , , , , , ,1,1,0,0,0,0,0,0,1,0,0,1,1,0,0,0,0,0,0,0,0,0,0,1,0,0,0,0,0,0,0,0,0,0,0,4,0,39.9614,-75.1485, ,Philadelphia
8282,87566,2017095367,6,67,67301,2017,9,6,1420,14,1,1,1,0,1, , ,N,0,0,0,3,0,0,1,1,N,N,39 54:52.844,75 11:21.572,1428, ,1420,1,2,3,N, ,0,N, , , , , , , , ,1,0,0,0,0,0,0,1,0,0,0,0,0,0,0,0,0,0,0,0,0,0,0,1,0,0,0,0,0,0,0,0,0,0,0,0,0,39.9147,-75.1893, ,Philadelphia
8283,87569,2017133932,6,67,67301,2017,11,1,2310,23,3,1,0,4,1, , ,N,1,2,0,3,0,0,3,4,N,N,40 00:00.442,75 07:44.108,2315, ,2310, ,0, ,N, ,3, , , , , , , , , ,4,1,0,0,0,0,3,0,0,0,0,0,0,0,0,0,0,0,0,0,0,0,0,2,0,0,0,0,0,0,0,0,0,0,0,0,0,40.0001,-75.1289, ,Philadelphia
8284,87575,2017076129,6,67,67301,2017,6,6,2133,21,3,1,0,5,6, , ,N,0,0,0,3,0,0,1,3,N, ,39 58:20.576,75 13:58.483,2150, ,2148, ,0, , , ,0, , , , , , , , , ,3,1,0,0,0,0,0,2,0,0,0,0,0,0,0,0,0,0,0,0,1,0,0,1,0,0,0,0,0,0,0,0,0,0,0,0,0,39.9724,-75.2329, ,Philadelphia
8285,87583,2017086980,6,67,67301,2017,2,4,1300,13,1,1,0,1,1, , ,N,1,2,0,3,0,1,4,2,N, ,39 56:02.993,75 10:03.404,1330, ,1328, ,0, , , ,3, , , , , , , , , ,2,0,0,0,0,0,0,2,0,0,0,0,1,1,0,0,0,0,0,0,1,0,0,0,0,0,0,0,0,0,0,0,0,0,0,8,0,39.9342,-75.1675, ,Philadelphia
8286,87591,2017076275,6,67,67301,2017,6,7,912,9,1,2,1,4,1, , ,N,1,0,0,3,0,1,2,2,N,N,39 58:17.607,75 09:36.821,923, ,917, ,0, , , ,0, , , , , , , , , ,2,1,1,0,0,0,0,0,0,0,0,1,1,0,1,0,0,0,0,0,0,0,0,0,0,0,0,0,0,0,0,0,0,0,0,4,0,39.9716,-75.1602, ,Philadelphia
8287,87592,2017073096,6,67,67301,2017,6,7,622,6,5,1,1,7,4, , ,N,7,0,2,3,1,1,2,1,N,N,39 56:42.770,75 08:33.662,644, ,628, ,0, , ,0,0, , , , , , , , , ,1,1,0,0,0,0,0,0,0,0,0,0,1,1,0,0,0,0,0,0,1,0,0,0,0,0,1,0,0,0,0,0,0,0,0,1,0,39.9408,-75.1435,1,Philadelphia
8288,87604,2017082262,6,67,67301,2017,6,4,2130,21,3,1,0,1,1, , ,N,6,0,0,3,0,1,2,2,N,N,39 56:56.693,75 11:06.409,2140, ,2130,2,2,4, , ,0,N, , , , , , , , ,2,2,0,0,0,0,0,0,0,0,0,0,1,1,0,0,0,0,0,0,1,0,0,0,0,0,0,0,0,0,0,0,0,0,0,8,0,39.949,-75.1852, ,Philadelphia
8289,87608,2017086045,6,67,67301,2017,7,6,945,9,1,1,0,8,1, , ,N,1,2,0,3,0,1,2,2,N,N,39 58:18.037,75 09:40.121,947, ,945,1,1,3,N, ,3,N, , , , , , , , ,1,0,0,0,0,1,0,0,0,0,0,1,1,0,0,0,0,0,0,0,1,0,0,0,0,0,0,0,0,0,0,0,1,0,0,4,1,39.9717,-75.1611, ,Philadelphia
8290,87613,2017079425,6,67,67301,2017,8,5,2150,21,3,1,0,9,1, , ,N,1,2,0,3,0,1,1,1,N,N,39 56:52.016,75 11:37.876,2156, ,2154,1,1,4,N, ,3,N, , , , , , , , ,1,0,0,0,0,0,0,0,0,1,0,0,1,0,0,0,0,0,0,0,0,0,0,0,0,0,0,0,0,0,0,0,0,0,0,2,0,39.9478,-75.1939, ,Philadelphia
8291,87615,2017078772,6,67,67301,2017,7,7,9999,99,1,1,1,4,1, , ,N,1,2,0,3,0,1,3,2,N,N,40 01:48.978,75 03:51.736,1945, ,1942, ,0, , , ,3, , , , , , , , , ,2,0,0,0,0,0,2,0,0,0,0,1,1,0,0,0,0,0,0,0,2,0,0,0,0,0,0,0,0,0,0,0,0,0,0,4,0,40.0303,-75.0644, ,Philadelphia
8292,87621,2017120652,6,67,67301,2017,10,5,1615,16,2,1,0,4,1, , ,N,1,2,0,3,0,1,2,2,N, ,40 02:27.297,75 11:14.370,1645, ,1645, ,0, , , ,3, , , , , , , , , ,2,2,0,0,0,0,0,0,0,0,0,1,1,0,0,0,0,0,0,0,0,1,0,1,0,0,0,0,0,0,0,0,0,0,0,4,0,40.0409,-75.1873, ,Philadelphia
8293,87627,2017068107,6,67,67301,2017,6,6,723,7,1,1,0,7,3, , ,N,0,0,0,3,0,2,2,2,N,N,40 01:40.862,75 01:25.314,753, ,723,1,1,1, , ,0,N, , , , , , , , ,2,2,0,0,0,0,0,0,0,0,0,0,2,2,0,0,0,0,0,0,1,0,0,0,0,0,0,0,0,0,0,0,0,0,0,8,0,40.028,-75.0237, ,Philadelphia
8294,87653,2017086774,6,67,67301,2017,4,4,1755,17,8,9,8,5,6, , ,N,0,0,0,3,0,1,1,4,N,N,39 56:31.942,75 14:02.362,1757, ,1756,3,2,6,N, ,0,N, , , , , , , , ,4,1,0,0,0,0,3,0,0,0,0,0,1,1,0,0,0,0,0,0,0,0,0,0,0,0,0,0,0,0,0,0,0,0,0,8,0,39.9422,-75.234, ,Philadelphia
8295,87667,2017091772,6,67,67301,2017,8,4,9999,99,3,1,0,6,1, , ,N,2,2,0,3,0,2,2,3,N,N,40 02:46.606,75 08:09.627,1134, ,1126, ,0, ,N, ,3, , , , , , , , , ,3,2,0,0,1,0,0,0,0,0,0,2,2,0,0,0,0,0,0,0,0,0,0,1,0,0,0,0,0,0,0,0,0,0,0,4,0,40.0463,-75.136, ,Philadelphia
8296,91209,2017086862,6,67,67301,2017,5,4,1318,13,1,1,0,8,1, , ,N,1,2,0,3,0,1,2,2,N,N,39 54:55.412,75 09:35.425,1319, ,1319, ,0, ,N, ,3, , , , , , , , , ,1,1,0,0,0,0,0,0,0,0,0,1,1,0,0,0,0,0,0,0,0,0,0,0,0,0,0,0,0,0,0,0,1,0,0,4,0,39.9154,-75.1598, ,Philadelphia
8297,91215,2017116230,6,67,67301,2017,10,1,52,0,3,1,0,4,1, , ,N,1,2,0,3,0,3,3,2,N,N,40 01:18.301,75 08:22.828,55, ,53,2,2,4,N, ,3,Y, , , , , , , , ,2,1,0,0,0,0,1,0,0,0,1,0,3,2,0,0,0,0,0,0,0,0,0,3,0,0,0,0,0,0,0,0,0,0,0,3,0,40.0218,-75.1397, ,Philadelphia
8298,91235,2017117001,6,67,67301,2017,10,4,2215,22,3,1,0,7,4, , ,N,0,0,0,3,0,1,1,1,N,N,39 58:07.537,75 07:42.097,2229, ,2216,1,2,2, , ,0,N, , , , , , , , ,1,1,0,0,0,0,0,0,0,0,1,0,1,0,0,0,0,0,0,0,0,0,0,0,0,0,0,0,0,0,0,0,0,0,0,3,0,39.9688,-75.1283, ,Philadelphia
8299,91240,2017060533,6,67,67301,2017,5,5,1830,18,1,1,0,8,1, , ,N,1,3,0,3,0,1,2,2,N,N,40 02:11.313,75 02:04.354,1845, ,1837, ,0, ,N, ,3, , , , , , , , , ,1,1,0,0,0,0,0,0,0,0,0,0,1,1,0,0,0,0,0,0,0,0,0,1,0,0,0,0,0,0,0,0,1,0,0,8,0,40.0365,-75.0345, ,Philadelphia
8300,91261,2017076189,6,67,67301,2017,6,2,1200,12,1,1,0,1,1, , ,N,0,0,0,3,0,0,3,2,N, ,40 01:43.319,75 08:48.798,1203, ,1200, ,0, , , ,0, , , , , , , , , ,2,1,0,0,1,0,0,0,0,0,0,0,0,0,0,0,0,0,0,0,0,0,0,0,0,0,0,0,0,0,0,0,0,0,0,0,0,40.0287,-75.1469, ,Philadelphia
8301,91270,2017091822,6,67,67301,2017,8,2,2015,20,3,1,0,4,1, , ,N,0,0,0,3,0,1,2,2,N,N,40 01:10.019,75 06:53.492,2020, ,2018, ,0, ,N, ,0, , , , , , , , , ,1,1,0,0,0,0,0,0,1,0,0,1,1,0,0,0,0,0,0,0,0,0,0,0,0,0,0,0,0,0,0,0,0,0,0,4,0,40.0188,-75.1153, ,Philadelphia
8302,91275,2017091805,6,67,67301,2017,8,1,2345,23,3,1,0,4,1, , ,N,1,3,0,3,0,1,8,2,N,N,39 57:55.040,75 12:05.565,2349, ,2349, ,0, ,N, ,3, , , , , , , , , ,2,2,0,0,0,0,0,0,0,0,0,1,1,0,0,0,0,0,0,1,0,0,0,0,0,0,0,0,0,0,0,0,0,0,0,4,0,39.9653,-75.2015, ,Philadelphia
8303,91280,2017111565,6,67,67301,2017,10,5,120,1,3,2,1,4,1, , ,N,1,2,0,3,0,0,3,3,N,N,40 02:40.301,75 11:35.235,125, ,122,3,2,7,N, ,3,Y, , , , , , , , ,3,3,0,0,0,0,0,0,0,0,0,0,0,0,0,0,0,0,0,0,0,1,0,0,0,0,0,0,0,0,0,0,0,0,0,0,0,40.0445,-75.1931, ,Philadelphia
8304,91299,2017086729,6,67,67301,2017,3,7,103,1,3,1,0,6,1, , ,N,0,0,0,3,0,0,3,2,N,N,40 02:16.128,75 06:43.392,117, ,105,9,1,1,N, ,0,N, , , , , , , , ,2,1,0,0,0,0,0,1,0,0,0,0,0,0,0,0,0,0,0,0,0,0,0,0,0,0,0,0,0,0,0,0,0,0,0,0,0,40.0378,-75.1121, ,Philadelphia
8305,91317,2017097915,6,67,67301,2017,9,2,2133,21,3,1,0,4,1, , ,N,1,2,0,3,0,2,5,2,N,N,39 58:17.106,75 13:33.004,2133, ,2133,3,2,7,N, ,3,Y, , , , , , , , ,2,1,0,0,0,0,1,0,0,0,0,0,2,2,3,0,0,0,0,0,0,0,0,0,0,0,0,0,0,0,0,0,0,0,0,8,0,39.9715,-75.2258, ,Philadelphia
8306,91330,2017120658,6,67,67301,2017,10,5,1300,13,1,1,0,4,1, , ,N,5,2,0,3,0,1,2,2,N,N,39 57:51.728,75 10:34.926,1310, ,1308, ,0, ,N, ,3, , , , , , , , , ,1,1,0,0,0,0,0,0,1,0,0,1,1,0,0,0,0,0,0,0,0,0,0,0,0,0,0,0,0,0,0,0,0,0,0,4,0,39.9644,-75.1764, ,Philadelphia
8307,91340,2017082267,6,67,67301,2017,7,7,1527,15,1,1,0,1,1, , ,N,0,0,0,3,0,3,4,3,N,N,39 59:43.474,75 11:52.050,1527, ,1527,1,1,3, , ,0,N, , , , , , , , ,3,0,0,0,0,0,2,1,0,0,0,0,3,3,0,0,0,0,0,0,1,0,0,0,0,0,0,0,0,0,0,0,0,0,0,8,0,39.9954,-75.1978, ,Philadelphia
8308,91366,2017078858,6,67,67301,2017,7,1,2105,21,3,1,0,1,1, , ,N,5,2,0,3,0,1,3,2,N,N,40 03:30.348,75 08:57.260,2130, ,2105, ,0, , , ,3, , , , , , , , , ,2,0,1,0,0,0,1,0,0,0,0,1,1,0,0,0,0,0,0,0,1,0,0,0,0,0,0,0,0,0,0,0,0,0,0,4,0,40.0584,-75.1492, ,Philadelphia
8309,91379,2017086914,6,67,67301,2017,6,3,1116,11,1,1,0,8,1, , ,N,1,2,0,3,0,1,4,2,N,N,39 58:47.465,75 08:34.342,1136, ,1121, ,0, ,N, ,3, , , , , , , , , ,1,0,0,0,0,0,0,1,0,1,0,0,1,0,0,0,0,0,0,0,0,0,0,0,0,0,0,0,0,0,0,0,1,0,1,2,0,39.9799,-75.1429, ,Philadelphia
8310,91385,2017071788,6,67,67301,2017,6,2,2333,23,3,1,0,7,4, , ,N,0,0,0,3,0,0,5,5,N,N,40 00:52.754,75 10:40.457,58, ,2333,2,2,1,N, ,0,Y, , , , , , , , ,5,4,0,0,0,0,1,0,0,0,0,0,0,0,0,0,0,0,1,1,0,1,0,0,0,0,0,0,0,0,0,0,0,0,0,0,0,40.0147,-75.1779, ,Philadelphia
8311,91394,2017070478,6,67,67301,2017,6,1,1300,13,1,1,0,4,1, , ,N,0,0,0,3,0,1,2,2,N, ,39 56:24.472,75 11:06.426,1335, ,1330, ,0, , , ,0, , , , , , , , , ,2,1,0,0,0,0,0,1,0,0,0,1,1,0,0,0,0,0,0,0,1,0,0,2,0,0,0,0,0,0,0,0,0,0,0,4,0,39.9401,-75.1851, ,Philadelphia
8312,91396,2017067776,6,67,67301,2017,5,2,2050,20,3,1,0,4,1, , ,N,1,3,0,3,0,1,2,3,N,N,40 01:52.453,75 02:40.714,2100, ,2054,2,1,1,N, ,3,N, , , , , , , , ,3,1,0,0,2,0,0,0,0,0,0,1,1,0,0,0,0,0,0,1,0,0,0,0,0,0,0,0,0,0,0,0,0,0,0,4,0,40.0312,-75.0446, ,Philadelphia
8313,91421,2017086140,6,67,67301,2017,7,7,357,3,3,1,0,4,1, , ,N,1,2,0,3,0,3,3,2,N,N,40 02:08.080,75 07:25.887,359, ,358,1,1,4,N, ,3,N, , , , , , , , ,2,0,0,0,0,0,2,0,0,0,0,3,3,0,0,0,0,1,0,0,0,0,0,0,0,0,0,0,0,0,0,0,0,0,0,4,0,40.0356,-75.1239, ,Philadelphia
8314,81048,2017078866,6,67,67301,2017,7,4,730,7,1,1,0,4,1, , ,N,2,2,0,3,0,2,3,2,N,N,39 54:08.998,75 13:29.191,740, ,737,1,1,2,N, ,3,N, , , , , , , , ,2,2,0,0,0,0,0,0,0,0,0,2,2,0,0,0,0,0,0,0,1,1,0,0,0,0,0,0,0,0,0,0,0,0,0,4,0,39.9025,-75.2248, ,Philadelphia
8315,81055,2017093053,6,67,67301,2017,8,6,1001,10,1,1,0,5,1, , ,N,0,8,0,3,0,5,9,4,N,N,39 59:43.846,75 11:50.916,1008, ,1003,2,2,4, , ,3,N, , , , , , , , ,4,2,0,0,0,0,2,0,0,0,2,3,5,0,0,0,0,0,0,0,1,0,0,0,0,0,0,0,0,0,0,0,0,0,0,3,0,39.9955,-75.1975, ,Philadelphia
8316,81061,2017086127,6,67,67301,2017,7,4,45,0,3,1,0,5,1, , ,N,0,0,0,3,0,1,2,2,N,N,39 59:11.168,75 10:11.458,49, ,49, ,0, ,N, ,0, , , , , , , , , ,1,1,0,0,0,0,0,0,1,0,0,0,1,1,0,0,0,0,0,0,0,0,0,1,0,0,0,0,0,0,0,0,0,0,0,8,0,39.9864,-75.1698, ,Philadelphia
8317,81063,2017086759,6,67,67301,2017,4,2,927,9,1,1,0,1,1, , ,N,1,3,0,3,0,1,3,3,N,N,39 55:44.977,75 11:14.085,928, ,928, ,0, ,N, ,3, , , , , , , , , ,3,1,0,0,0,0,2,0,0,0,0,1,1,0,0,0,0,0,0,0,1,0,0,0,0,0,0,0,0,0,0,0,0,0,0,4,0,39.9292,-75.1872, ,Philadelphia
8318,81064,2017108022,6,67,67301,2017,9,5,1408,14,1,1,0,1,1, , ,N,0,2,7,3,0,0,2,2,N,N,39 54:29.410,75 13:23.283,1514, ,1508, ,0, ,N, ,3, , , , , , , , , ,2,0,0,0,0,1,1,0,0,0,0,0,0,0,0,0,0,0,0,0,1,0,0,0,0,0,0,0,0,0,0,0,0,0,0,0,1,39.9083,-75.2231, ,Philadelphia
8319,81068,2017088928,6,67,67301,2017,7,6,1401,14,1,2,1,1,1, , ,N,0,0,0,3,0,1,3,3,N, ,39 58:26.836,75 12:16.789,1507, ,1500, ,0, , , ,0, , , , , , , , , ,3,2,0,0,0,1,0,0,0,0,0,0,1,1,0,0,0,0,0,0,2,0,0,1,0,0,0,0,0,0,0,0,0,0,0,8,1,39.9741,-75.2047, ,Philadelphia
8320,81073,2017070427,6,67,67301,2017,6,7,9999,99,1,1,0,4,1, , ,N,1,2,0,3,0,1,2,2,N, ,40 02:47.526,75 02:42.828,1150, ,1142, ,0, , , ,3, , , , , , , , , ,2,1,0,0,0,0,1,0,0,0,0,0,1,1,0,0,0,0,0,0,0,0,1,0,0,0,0,0,0,0,0,0,0,0,0,8,0,40.0465,-75.0452, ,Philadelphia
8321,81098,2017088891,6,67,67301,2017,8,3,1334,13,1,1,0,1,1, , ,N,2,3,0,3,0,2,3,2,N, ,40 02:29.567,75 03:13.943,1338, ,1334, ,0, , , ,3, , , , , , , , , ,2,1,0,0,0,0,1,0,0,0,0,1,2,1,0,0,0,0,0,0,0,0,0,0,0,0,0,0,0,0,0,0,0,0,0,4,0,40.0415,-75.0539, ,Philadelphia
8322,81100,2017115934,6,67,67301,2017,10,7,1,0,3,2,1,4,1, , ,N,1,2,0,3,0,2,2,2,N,N,39 59:42.186,75 09:47.474,10, ,3, ,0, ,N, ,3, , , , , , , , , ,2,1,0,0,0,0,1,0,0,0,2,0,2,0,0,0,0,0,0,0,1,0,0,1,0,0,0,0,0,0,0,0,0,0,0,3,0,39.9951,-75.1632, ,Philadelphia
8323,81118,2017101867,6,67,67301,2017,9,2,1211,12,1,1,0,4,1, , ,N,1,3,0,3,0,1,2,3,N,N,39 55:57.884,75 08:51.081,1222, ,1217, ,0, ,N, ,3, , , , , , , , , ,3,2,0,0,0,0,0,1,0,0,0,1,1,0,0,0,0,0,0,0,1,0,0,0,0,0,0,0,0,0,0,0,0,0,0,4,0,39.9327,-75.1475, ,Philadelphia
8324,81125,2017052339,6,67,67301,2017,5,4,9999,99,1,1,0,4,1, , ,N,1,2,0,3,0,1,2,2,N,N,39 54:42.724,75 10:21.917,1815, ,1810,1,1,2,N, ,3,N, , , , , , , , ,1,1,0,0,0,0,0,0,1,0,0,1,1,0,0,0,0,0,0,0,1,0,0,0,0,0,0,0,0,0,0,0,0,0,0,4,0,39.9119,-75.1728, ,Philadelphia
8325,81127,2017076131,6,67,67301,2017,6,5,1734,17,1,1,0,1,1, , ,N,0,0,0,3,0,1,6,2,N, ,39 56:38.338,75 13:40.768,1803, ,1757, ,0, , , ,0, , , , , , , , , ,2,0,0,0,0,0,0,2,0,0,0,0,1,1,0,0,0,0,0,0,0,0,0,2,0,0,0,0,0,0,0,0,0,0,0,8,0,39.944,-75.228, ,Philadelphia
8326,81143,2017076175,6,67,67301,2017,6,7,1754,17,1,1,0,4,1, , ,N,1,2,0,3,0,3,8,2,N,N,40 01:37.269,75 04:31.638,1755, ,1754,1,2,3,N, ,3,Y, , , , , , , , ,2,0,0,0,0,0,2,0,0,0,0,0,3,3,4,0,0,0,0,0,0,0,0,0,0,0,0,0,0,0,0,0,0,0,0,8,0,40.027,-75.0755, ,Philadelphia
8327,81148,2017093545,6,67,67301,2017,8,5,1135,11,1,8,0,4,1, , ,N,0,0,0,3,0,1,3,2,N,N,39 56:21.283,75 13:57.531,1230, ,1136, ,0, ,N, ,0, , , , , , , , , ,2,2,0,0,0,0,0,0,0,0,0,0,1,1,0,0,0,0,0,0,1,0,0,0,0,0,0,0,0,0,0,0,0,0,0,8,0,39.9392,-75.2326, ,Philadelphia
8328,81164,2017086311,6,67,67301,2017,7,5,1407,14,1,1,0,5,1, , ,N,1,0,0,3,1,0,5,4,N,N,40 05:20.383,75 02:44.208,1414, ,1410,2,2,3,N,0,0,Y, , , , , , , , ,3,2,0,0,0,0,1,0,0,0,0,0,0,0,0,0,0,0,0,0,3,0,0,0,0,0,0,0,0,0,0,0,1,1,0,1,0,40.0891,-75.0455,2,Philadelphia
8329,81193,2017107984,6,67,67301,2017,8,6,956,9,1,1,0,7,4, , ,N,0,0,0,3,0,0,1,1,N,N,39 54:41.036,75 13:48.570,1005, ,1000,1,1,1, , ,0,N, , , , , , , , ,1,0,0,0,0,0,0,1,0,0,0,0,0,0,0,0,0,0,0,0,0,0,0,0,0,0,0,0,0,0,0,0,0,0,0,0,0,39.9114,-75.2302, ,Philadelphia
8330,81203,2017106037,6,67,67301,2017,9,7,1222,12,1,1,0,4,1, , ,N,2,3,7,3,0,2,3,2,N, ,39 55:26.021,75 08:48.912,1251, ,1245, ,0, , , ,3, , , , , , , , , ,2,1,0,0,0,0,1,0,0,0,0,0,2,2,0,0,0,0,0,0,0,0,1,1,0,0,0,0,0,0,0,0,0,0,0,8,0,39.9239,-75.1469, ,Philadelphia
8331,81207,2017109835,6,67,67301,2017,10,1,1530,15,1,1,0,4,1, , ,N,10,3,0,3,0,1,3,2,N,N,40 02:33.586,75 07:04.346,1540, ,1537, ,0, ,N, ,3, , , , , , , , , ,1,1,0,0,0,0,0,0,1,0,0,1,1,0,0,0,0,0,0,0,0,0,0,0,0,0,0,0,0,0,0,0,0,0,0,4,0,40.0427,-75.1179, ,Philadelphia
8332,84227,2017093052,6,67,67301,2017,8,4,908,9,1,1,0,5,1, , ,N,0,8,0,3,0,0,3,3,N,N,39 55:40.954,75 11:45.503,923, ,912,2,2,4, , ,3,N, , , , , , , , ,3,1,0,0,0,1,1,0,0,0,0,0,0,0,0,0,0,0,0,0,1,1,0,0,0,0,0,0,0,0,0,0,0,0,0,0,1,39.928,-75.1959, ,Philadelphia