objectid_1,objectid,crn,district,county,municipality,crash_year,crash_month,day_of_week,time_of_day,hour_of_day,illumination,weather,road_condition,collision_type,relation_to_road,work_zone_type,work_zone_loc,work_zone_ind,intersect_type,tcd_type,location_type,urban_rural,fatal_count,injury_count,person_count,total_units,sch_bus_ind,sch_zone_ind,latitude,longitude,arrival_tm,cons_zone_spd_lim,dispatch_tm,est_hrs_closed,lane_closed,ln_close_dir,ntfy_hiwy_maint,spec_juris_cd,tcd_func_cd,tfc_detour_ind,workers_pres,wz_close_detour,wz_flagger,wz_law_offcr_ind,wz_ln_closure,wz_moving,wz_other,wz_shlder_mdn,vehicle_count,automobile_count,motorcycle_count,bus_count,small_truck_count,heavy_truck_count,suv_count,van_count,bicycle_count,maj_inj_count,mod_inj_count,min_inj_count,tot_inj_count,unk_inj_deg_count,unk_inj_per_count,driver_count_16yr,driver_count_17yr,driver_count_18yr,driver_count_19yr,driver_count_20yr,driver_count_50_64yr,driver_count_65_74yr,driver_count_75plus,unbelted_occ_count,unb_death_count,unb_maj_inj_count,belted_death_count,belted_maj_inj_count,mcycle_death_count,mcycle_maj_inj_count,bicycle_death_count,bicycle_maj_inj_count,ped_count,ped_death_count,ped_maj_inj_count,max_severity_level,comm_veh_count,dec_lat,dec_long,rdwy_surf_type_cd,county_name
8398,81391,2017115982,6,67,67301,2017,10,5,1647,16,1,1,0,4,1, , ,N,1,2,0,3,0,1,2,2,N,N,39 56:14.629,75 09:46.965,1655, ,1648, ,0, ,N, ,3, , , , , , , , , ,1,1,0,0,0,0,0,0,1,0,0,1,1,0,0,0,0,0,0,0,1,0,0,1,0,0,0,0,0,0,0,0,0,0,0,4,0,39.9374,-75.163, ,Philadelphia
8399,81396,2017096588,6,67,67301,2017,8,5,1022,10,1,1,0,1,6, , ,N,0,0,0,3,0,1,1,2,N, ,40 01:42.460,75 03:45.141,1031, ,1029, ,0, , , ,0, , , , , , , , , ,2,1,0,0,0,0,1,0,0,0,0,0,1,1,0,0,0,0,0,0,1,0,0,0,0,0,0,0,0,0,0,0,0,0,0,8,0,40.0284,-75.0625, ,Philadelphia
8400,81402,2017127352,6,67,67301,2017,11,1,1130,11,1,1,0,5,6, , ,N,0,0,0,3,0,1,2,2,N, ,39 54:56.573,75 10:17.860,1145, ,1140,3,1,2, , ,0,N, , , , , , , , ,2,1,1,0,0,0,0,0,0,0,1,0,1,0,0,0,0,0,0,0,0,0,0,1,0,0,0,0,0,0,0,0,0,0,0,3,0,39.9157,-75.1716, ,Philadelphia
8401,81405,2017052410,6,67,67301,2017,4,1,2232,22,3,1,0,4,1, , ,N,0,0,0,3,0,0,2,2,N,N,39 59:05.300,75 12:46.800,2240, ,2233, ,0, ,N, ,0, , , , , , , , , ,2,1,0,0,0,0,1,0,0,0,0,0,0,0,0,0,0,0,0,0,0,0,0,0,0,0,0,0,0,0,0,0,0,0,0,0,0,39.9848,-75.213, ,Philadelphia
8402,81409,2017060511,6,67,67301,2017,5,5,528,5,1,1,0,4,1, , ,N,1,3,0,3,0,1,3,3,N,N,40 01:27.530,75 09:40.561,537, ,530, ,0, ,N, ,3, , , , , , , , , ,3,3,0,0,0,0,0,0,0,0,0,0,1,1,1,0,0,0,0,0,1,0,0,1,0,0,0,0,0,0,0,0,0,0,0,8,0,40.0243,-75.1613, ,Philadelphia
8403,81414,2017058229,6,67,67301,2017,5,1,301,3,3,1,0,5,6, , ,N,0,0,0,3,0,0,1,3,N,N,40 02:53.668,75 04:09.624,313, ,303,2,1,4,N, ,0,N, , , , , , , , ,3,0,0,0,0,0,2,1,0,0,0,0,0,0,0,0,0,0,0,0,0,0,0,1,0,0,0,0,0,0,0,0,0,0,0,0,0,40.0482,-75.0693, ,Philadelphia
8404,84425,2017086898,6,67,67301,2017,6,5,1415,14,1,1,0,1,1, , ,N,5,2,0,3,0,0,3,3,N,N,39 57:43.226,75 09:27.608,1520, ,9999, ,0, , , ,3, , , , , , , , , ,3,1,0,0,0,0,1,0,0,0,0,0,0,0,0,0,0,0,0,0,0,0,0,1,0,0,0,0,0,0,0,0,0,0,0,0,0,39.962,-75.1576, ,Philadelphia
8405,84443,2017052137,6,67,67301,2017,4,3,2308,23,3,1,0,4,1, , ,N,1,2,0,3,0,1,2,2,N,N,39 59:27.754,75 10:06.805,2314, ,2311,1,2,7,N, ,3,Y, , , , , , , , ,2,0,0,0,0,1,1,0,0,0,0,1,1,0,0,0,0,0,0,0,1,0,0,1,0,0,0,0,0,0,0,0,0,0,0,4,0,39.991,-75.1686, ,Philadelphia
8406,84454,2017086784,6,67,67301,2017,4,1,1730,17,1,1,0,4,1, , ,N,0,0,0,3,0,1,2,2,N,N,40 05:41.514,75 01:09.555,1735, ,1734, ,0, ,N, ,0, , , , , , , , , ,1,1,0,0,0,0,0,0,1,0,0,1,1,0,0,0,0,0,0,0,0,0,0,1,0,0,0,0,0,0,0,0,0,0,0,4,0,40.0949,-75.0193, ,Philadelphia
8407,84467,2017093525,6,67,67301,2017,8,1,2200,22,3,1,0,1,6, , ,N,0,0,0,3,0,0,1,3,N,N,40 03:45.507,75 14:02.648,2212, ,2209, ,0, ,N, ,0, , , , , , , , , ,3,1,0,0,2,0,0,0,0,0,0,0,0,0,0,0,0,0,0,0,0,0,0,1,0,0,0,0,0,0,0,0,0,0,0,0,0,40.0626,-75.2341, ,Philadelphia
8408,84476,2017116013,6,67,67301,2017,10,6,100,1,3,1,0,1,1, , ,N,1,2,0,3,0,0,4,2,N,N,39 58:20.732,75 15:11.882,102, ,102, ,0, ,N, ,3, , , , , , , , , ,2,2,0,0,0,0,0,0,0,0,0,0,0,0,0,0,0,0,0,0,0,0,0,0,0,0,0,0,0,0,0,0,0,0,0,0,0,39.9724,-75.2533, ,Philadelphia
8409,84477,2017117233,6,67,67301,2017,10,6,700,7,3,1,0,5,1, , ,N,0,0,0,3,0,1,2,2,N, ,39 59:49.096,75 09:13.684,9999, ,1155, ,0, , , ,0, , , , , , , , , ,1,1,0,0,0,0,0,0,1,0,0,1,1,0,0,0,0,0,0,0,0,0,0,0,0,0,0,0,0,0,0,0,0,0,0,4,0,39.997,-75.1538, ,Philadelphia
8410,84487,2017101839,6,67,67301,2017,9,2,900,9,1,1,0,8,1, , ,N,1,0,0,3,0,1,2,2,N, ,39 58:52.118,75 09:53.035,913, ,905, ,0, , , ,0, , , , , , , , , ,1,1,0,0,0,0,0,0,0,0,0,1,1,0,0,0,0,0,1,0,0,0,0,0,0,0,0,0,0,0,0,0,1,0,0,4,0,39.9811,-75.1647, ,Philadelphia
8411,84500,2017067713,6,67,67301,2017,5,5,1957,19,3,2,1,6,1, , ,N,0,0,0,3,0,2,2,2,N, ,40 02:10.129,75 09:20.401,2107, ,2103,2,2,6, , ,0,Y, , , , , , , , ,2,1,0,0,0,0,0,1,0,0,0,2,2,0,0,0,0,0,0,1,0,0,0,0,0,0,0,0,0,0,0,0,0,0,0,4,0,40.0361,-75.1557, ,Philadelphia
8412,84509,2017084185,6,67,67301,2017,7,1,939,9,1,1,0,5,1, , ,N,7,8,2,3,0,1,4,2,N,N,39 57:41.763,75 10:57.486,950, ,945,1,1,4, , ,3,N, , , , , , , , ,2,1,0,0,1,0,0,0,0,0,0,1,1,0,0,0,0,0,0,0,1,1,0,0,0,0,0,0,0,0,0,0,0,0,0,4,0,39.9611,-75.1823, ,Philadelphia
8413,84511,2017086688,6,67,67301,2017,3,2,135,1,3,1,0,1,6, , ,N,0,0,0,3,0,1,1,2,N, ,39 55:50.049,75 13:59.016,136, ,136,2,1,3, , ,0,Y, , , , , , , , ,2,0,0,0,0,0,2,0,0,0,0,1,1,0,0,0,0,0,0,0,1,0,0,0,0,0,0,0,0,0,0,0,0,0,0,4,0,39.9306,-75.2331, ,Philadelphia
8414,84519,2017116073,6,67,67301,2017,10,3,839,8,1,1,0,8,1, , ,N,1,3,0,3,0,1,2,2,N,N,39 55:05.264,75 09:38.912,850, ,840, ,0, ,N, ,3, , , , , , , , , ,1,1,0,0,0,0,0,0,0,0,0,1,1,0,0,0,0,0,0,0,0,0,0,1,0,0,0,0,0,0,0,0,1,0,0,4,0,39.9181,-75.1608, ,Philadelphia
8415,84535,2017109779,6,67,67301,2017,9,2,700,7,5,1,0,8,1, , ,N,1,2,0,3,0,1,2,2,N,N,39 57:08.266,75 10:31.470,730, ,709, ,0, ,N, ,3, , , , , , , , , ,1,1,0,0,0,0,0,0,0,0,0,1,1,0,0,0,0,0,0,0,1,0,0,0,0,0,0,0,0,0,0,0,1,0,0,4,0,39.9523,-75.1753, ,Philadelphia
8416,84537,2017100803,6,67,67301,2017,9,7,3,0,3,1,0,4,1, , ,N,0,0,0,3,0,1,3,2,N,N,39 56:45.992,75 11:21.471,15, ,3,2,1,4, , ,0,N, , , , , , , , ,2,2,0,0,0,0,0,0,0,0,1,0,1,0,0,0,0,0,0,0,0,0,0,0,0,0,0,0,0,0,0,0,0,0,0,3,0,39.9461,-75.1893, ,Philadelphia
8417,84550,2017072992,6,67,67301,2017,4,7,1730,17,1,1,0,1,1, , ,N,1,2,0,3,0,1,2,2,N,N,40 05:59.948,75 00:29.874,0, ,0, ,0, ,N, ,3, , , , , , , , , ,2,2,0,0,0,0,0,0,0,0,0,0,1,1,0,0,0,0,0,0,0,0,0,0,0,0,0,0,0,0,0,0,0,0,0,8,0,40.1,-75.0083, ,Philadelphia
8418,84557,2017087774,6,67,67301,2017,8,1,1911,19,1,1,0,5,1, , ,N,0,0,0,3,0,2,3,2,N,N,39 55:24.460,75 08:51.299,1920, ,1919,2,2,2, , ,0,N, , , , , , , , ,2,1,0,0,0,0,1,0,0,0,2,0,2,0,0,0,0,0,0,1,0,0,0,0,0,0,0,0,0,0,0,0,0,0,0,3,0,39.9235,-75.1476, ,Philadelphia
8419,84558,2017086744,6,67,67301,2017,3,5,815,8,1,1,0,4,1, , ,N,1,2,0,3,0,0,4,2,N,N,40 02:28.801,75 06:24.126,823, ,821, ,0, ,N, ,3, , , , , , , , , ,2,1,0,0,0,0,1,0,0,0,0,0,0,0,1,0,0,0,0,0,0,0,0,0,0,0,0,0,0,0,0,0,0,0,0,9,0,40.0413,-75.1067, ,Philadelphia
8420,84561,2017078724,6,67,67301,2017,7,7,1852,18,1,1,0,5,1, , ,N,2,0,0,3,0,1,2,2,N,N,39 55:32.559,75 11:23.902,1916, ,1852, ,0, ,N, ,0, , , , , , , , , ,2,2,0,0,0,0,0,0,0,0,0,0,1,1,0,0,0,0,0,0,1,0,0,1,0,0,0,0,0,0,0,0,0,0,0,8,0,39.9257,-75.19, ,Philadelphia
8421,84585,2017116213,6,67,67301,2017,10,5,2150,21,3,1,0,4,1, , ,N,2,3,0,3,0,1,2,2,N, ,39 59:22.401,75 14:46.291,2200, ,2155,1,1,4, , ,3,N, , , , , , , , ,1,1,0,0,0,0,0,0,1,0,0,0,1,1,0,0,0,0,0,0,0,0,0,0,0,0,0,0,0,0,0,0,0,0,0,8,0,39.9896,-75.2462, ,Philadelphia
8422,87867,2017066460,6,67,67301,2017,6,7,550,5,5,2,1,7,2, , ,N,0,0,0,3,0,1,1,1,N,N,39 57:35.699,75 10:44.870,605, ,557,1,1,3, , ,0,N, , , , , , , , ,1,1,0,0,0,0,0,0,0,0,1,0,1,0,0,0,0,0,0,0,0,0,0,0,0,0,0,0,0,0,0,0,0,0,0,3,0,39.9599,-75.1791, ,Philadelphia
8423,87882,2017116124,6,67,67301,2017,10,7,18,0,3,2,1,1,1, , ,N,1,2,0,3,0,2,3,2,N,N,40 01:27.245,75 02:47.562,25, ,19, ,0, ,N, ,3, , , , , , , , , ,2,1,0,0,0,0,1,0,0,0,0,2,2,0,1,0,0,0,0,0,0,0,0,1,0,0,0,0,0,0,0,0,0,0,0,4,0,40.0242,-75.0465, ,Philadelphia
8424,87897,2017101242,6,46,46102,2017,10,2,835,8,1,1,0,8,1, , ,N,1,2,0,3,0,1,2,2,N,N,40 04:31.053,75 09:37.536,837, ,836,2,2,1,N, ,3,N, , , , , , , , ,1,1,0,0,0,0,0,0,0,0,0,0,1,1,0,0,0,0,0,0,0,0,0,0,0,0,0,0,0,0,0,0,1,0,0,8,0,40.0753,-75.1604, ,Montgomery
8425,87899,2017108042,6,67,67301,2017,9,1,1300,13,1,1,0,4,5, , ,N,0,0,0,3,0,0,0,2,N, ,40 01:58.904,75 13:29.287,1320, ,9999, ,0, , , ,0, , , , , , , , , ,2,0,0,0,0,0,1,1,0,0,0,0,0,0,0,0,0,0,0,0,0,0,0,0,0,0,0,0,0,0,0,0,0,0,0,9,0,40.033,-75.2248, ,Philadelphia
8426,87901,2017120740,6,67,67301,2017,10,7,1515,15,1,1,0,4,1, , ,N,1,2,0,3,0,1,2,2,N, ,39 56:02.050,75 08:57.325,2140, ,2140, ,0, , , ,3, , , , , , , , , ,1,1,0,0,0,0,0,0,1,0,1,0,1,0,0,0,0,0,0,0,0,0,0,1,0,0,0,0,0,0,0,0,0,0,0,3,0,39.9339,-75.1493, ,Philadelphia
8427,87903,2017116107,6,67,67301,2017,10,6,756,7,1,1,0,8,1, , ,N,2,0,0,3,0,1,2,2,N, ,39 59:51.334,75 07:02.168,817, ,801, ,0, , , ,0, , , , , , , , , ,1,1,0,0,0,0,0,0,0,0,1,0,1,0,0,0,0,0,0,0,1,0,0,1,0,0,0,0,0,0,0,0,1,0,0,3,0,39.9976,-75.1173, ,Philadelphia
8428,87929,2017070430,6,67,67301,2017,6,1,157,1,3,1,0,1,1, , ,N,1,2,0,3,0,1,5,3,N, ,40 01:44.360,75 05:21.014,210, ,201,2,1,1, , ,3,N, , , , , , , , ,3,3,0,0,0,0,0,0,0,0,0,0,1,1,0,0,0,0,0,0,0,0,0,0,0,0,0,0,0,0,0,0,0,0,0,8,0,40.029,-75.0892, ,Philadelphia
8429,87954,2017116090,6,67,67301,2017,8,5,1711,17,1,1,0,5,2, , ,N,0,0,0,3,0,1,1,2,N,N,39 57:30.715,75 14:17.475,1718, ,1713, ,0, ,N, ,0, , , , , , , , , ,2,1,0,0,0,1,0,0,0,0,1,0,1,0,0,0,0,0,0,0,0,0,0,0,0,0,0,0,0,0,0,0,0,0,0,3,1,39.9585,-75.2382, ,Philadelphia
8430,87957,2017104843,6,67,67301,2017,10,1,2313,23,3,1,0,1,1, , ,N,0,0,0,3,0,1,2,2,N,N,39 53:58.489,75 09:47.118,2324, ,2324,2,1,1, , ,0,N, , , , , , , , ,2,2,0,0,0,0,0,0,0,0,1,0,1,0,0,0,0,0,0,0,0,0,0,0,0,0,0,0,0,0,0,0,0,0,0,3,0,39.8996,-75.1631, ,Philadelphia
8431,87971,2017070510,6,67,67301,2017,6,7,227,2,3,1,0,8,1, , ,N,0,0,0,3,0,1,2,2,N,N,40 04:09.328,74 58:53.221,234, ,231,1,1,1,N, ,0,N, , , , , , , , ,1,1,0,0,0,0,0,0,0,0,0,1,1,0,0,0,0,0,0,0,0,0,0,1,0,0,0,0,0,0,0,0,1,0,0,4,0,40.0693,-74.9815, ,Philadelphia
8432,87979,2017088839,6,67,67301,2017,8,7,1005,10,1,1,0,4,1, , ,N,1,3,0,3,0,1,4,2,N, ,40 02:09.349,75 07:35.777,1026, ,1023, ,0, , , ,3, , , , , , , , , ,2,1,0,0,0,0,1,0,0,0,0,0,1,1,0,0,0,0,0,0,1,0,0,2,0,0,0,0,0,0,0,0,0,0,0,8,0,40.0359,-75.1266, ,Philadelphia
8433,87980,2017093618,6,67,67301,2017,8,2,1311,13,1,1,0,2,1, , ,N,1,2,0,3,0,1,2,2,N,N,40 00:31.034,75 04:07.810,1319, ,1311,2,2,5,N, ,3,Y, , , , , , , , ,2,0,0,0,1,0,1,0,0,0,0,1,1,0,1,0,0,0,0,0,1,0,0,0,0,0,0,0,0,0,0,0,0,0,0,4,0,40.0086,-75.0688, ,Philadelphia
8434,87996,2017096458,6,67,67301,2017,9,1,317,3,3,2,1,4,1, , ,N,1,2,0,3,0,2,3,2,N, ,39 55:38.715,75 13:54.163,317, ,317, ,0, , , ,3, , , , , , , , , ,2,2,0,0,0,0,0,0,0,0,0,2,2,0,0,0,0,0,0,0,0,0,0,3,0,0,0,0,0,0,0,0,0,0,0,4,0,39.9274,-75.2317, ,Philadelphia
8435,88017,2017067754,6,67,67301,2017,5,5,1320,13,1,1,0,1,1, , ,N,2,0,0,3,0,0,4,3,N, ,39 59:15.705,75 12:58.134,1322, ,1320, ,0, , , ,0, , , , , , , , , ,3,1,0,0,0,0,2,0,0,0,0,0,0,0,0,0,0,0,0,0,1,0,0,0,0,0,0,0,0,0,0,0,0,0,0,0,0,39.9877,-75.2161, ,Philadelphia
8436,88037,2017109884,6,67,67301,2017,10,5,1035,10,1,1,0,5,6, , ,N,0,0,0,3,0,1,1,2,N, ,40 04:12.676,75 10:11.139,1051, ,1041, ,0, , , ,0, , , , , , , , , ,2,1,0,0,0,0,0,1,0,0,0,1,1,0,0,0,0,0,0,0,0,0,1,0,0,0,0,0,0,0,0,0,0,0,0,4,0,40.0702,-75.1698, ,Philadelphia
8437,88041,2017116001,6,67,67301,2017,10,3,821,8,1,1,0,8,1, , ,N,1,3,0,3,0,1,2,2,N,N,39 56:09.920,75 09:47.995,839, ,830, ,0, ,N, ,3, , , , , , , , , ,1,0,0,0,0,0,1,0,0,0,1,0,1,0,1,0,0,0,0,0,0,1,0,0,0,0,0,0,0,0,0,0,1,0,0,3,0,39.9361,-75.1633, ,Philadelphia
8438,88064,2017060579,6,67,67301,2017,5,6,2259,22,3,1,0,4,1, , ,N,1,2,0,3,0,1,2,2,N, ,39 59:42.186,75 09:47.474,2319, ,2304, ,0, , , ,3, , , , , , , , , ,2,1,1,0,0,0,0,0,0,0,1,0,1,0,0,0,0,0,0,0,0,0,0,0,0,0,0,0,0,0,0,0,0,0,0,3,0,39.9951,-75.1632, ,Philadelphia
8439,88069,2017068017,6,67,67301,2017,6,1,2155,21,3,1,0,8,1, , ,N,0,0,0,3,0,1,2,2,N,N,39 56:17.803,75 13:29.802,2213, ,2208, ,0, , , ,0, , , , , , , , , ,1,0,0,0,0,0,0,0,0,0,0,1,1,0,0,0,0,0,0,0,0,0,0,0,0,0,0,0,0,0,0,0,1,0,0,4,0,39.9383,-75.2249, ,Philadelphia
8440,89959,2017088966,6,67,67301,2017,8,4,1012,10,1,1,0,3,1, , ,N,1,2,0,3,0,1,3,2,N,N,39 55:12.547,75 13:48.619,1030, ,1018, ,0, , , ,3, , , , , , , , , ,2,1,0,0,0,0,1,0,0,0,0,0,1,1,0,0,0,0,0,0,0,0,0,3,0,0,0,0,0,0,0,0,0,0,0,8,0,39.9202,-75.2302, ,Philadelphia
8441,89962,2017097990,6,67,67301,2017,9,4,2109,21,3,2,1,8,1, , ,N,1,2,0,3,0,1,3,2,N, ,39 56:24.399,75 11:05.816,2114, ,2112,9,1,6, , ,3,N, , , , , , , , ,1,1,0,0,0,0,0,0,0,0,0,0,1,1,0,0,0,0,0,0,0,0,0,0,0,0,0,0,0,0,0,0,1,0,0,8,0,39.9401,-75.1849, ,Philadelphia
8442,89967,2017088828,6,67,67301,2017,8,6,1325,13,1,1,0,4,1, , ,N,1,3,0,3,0,0,6,2,N,N,39 56:24.529,75 10:16.431,1400, ,1400, ,0, ,N, ,3, , , , , , , , , ,2,1,0,0,0,0,1,0,0,0,0,0,0,0,0,0,0,0,0,0,1,0,0,0,0,0,0,0,0,0,0,0,0,0,0,0,0,39.9401,-75.1712, ,Philadelphia
8443,89996,2017057897,6,67,67301,2017,6,1,1514,15,1,1,0,1,1, , ,N,0,0,0,3,0,0,8,3,N,N,39 57:29.108,75 09:51.556,1515, ,1514, ,0, , , ,0, , , , , , , , , ,3,1,0,0,0,0,1,1,0,0,0,0,0,0,0,0,0,0,0,0,0,0,0,0,0,0,0,0,0,0,0,0,0,0,0,0,0,39.9581,-75.1643, ,Philadelphia
8444,90008,2017091838,6,67,67301,2017,8,5,1900,19,3,1,0,7,4, , ,N,0,0,0,3,0,6,6,1,N, ,40 02:22.025,75 05:21.252,1905, ,1900, ,0, , , ,0, , , , , , , , , ,1,0,0,0,0,0,1,0,0,0,0,6,6,0,0,0,0,0,0,0,0,0,0,0,0,0,0,0,0,0,0,0,0,0,0,4,0,40.0395,-75.0892, ,Philadelphia
8445,90013,2017086906,6,67,67301,2017,6,6,1945,19,3,1,0,1,1, , ,N,0,0,0,3,0,0,5,4,N,N,40 01:34.514,75 11:37.750,2050, ,2045,2,1,1, , ,0,N, , , , , , , , ,4,3,0,0,0,0,1,0,0,0,0,0,0,0,0,0,0,0,1,0,0,0,0,0,0,0,0,0,0,0,0,0,0,0,0,0,0,40.0263,-75.1938, ,Philadelphia
8446,90018,2017098192,6,67,67301,2017,9,7,255,2,3,1,0,4,1, , ,N,1,1,0,3,0,0,4,2, , ,39 58:40.705,75 09:09.321,300, ,259, ,0, , , ,3, , , , , , , , , ,2,1,0,0,0,0,1,0,0,0,0,0,0,0,0,0,0,0,0,0,0,0,0,0,0,0,0,0,0,0,0,0,0,0,0,0,0,39.978,-75.1526, ,Philadelphia
8447,90024,2017109870,6,67,67301,2017,10,3,1550,15,1,1,0,4,1, , ,N,1,2,0,3,0,1,3,2,N,N,40 01:47.909,75 06:15.634,1621, ,1558, ,0, ,N, ,3, , , , , , , , , ,2,1,0,0,0,0,1,0,0,0,0,1,1,0,0,0,0,0,0,0,0,1,1,0,0,0,0,0,0,0,0,0,0,0,0,4,0,40.03,-75.1043, ,Philadelphia
8448,90038,2017055699,6,67,67301,2017,5,5,1008,10,1,1,0,7,4, , ,N,2,0,0,3,0,1,1,1,N, ,39 57:52.214,75 12:16.254,1008, ,1010, ,0, , , ,0, , , , , , , , , ,1,1,0,0,0,0,0,0,0,0,0,1,1,0,0,0,0,0,0,0,0,0,0,1,0,0,0,0,0,0,0,0,0,0,0,4,0,39.9645,-75.2045, ,Philadelphia
8449,90081,2017130676,6,67,67301,2017,11,4,849,8,1,1,0,1,1, , ,N,0,2,0,3,0,1,4,2,N, ,40 01:59.572,75 06:25.234,855, ,852,3,2,3,N, ,3,Y, , , , , , , , ,2,1,0,0,0,0,1,0,0,0,0,0,1,1,0,0,0,0,0,0,1,0,0,0,0,0,0,0,0,0,0,0,0,0,0,8,0,40.0332,-75.107, ,Philadelphia
8450,90083,2017130613,6,67,67301,2017,11,5,831,8,1,1,0,4,1, , ,N,1,3,0,3,0,1,2,2,N,N,39 59:09.290,75 09:11.799,905, ,901, ,0, ,N, ,3, , , , , , , , , ,2,2,0,0,0,0,0,0,0,0,0,0,1,1,0,0,0,0,0,0,0,0,0,0,0,0,0,0,0,0,0,0,0,0,0,8,0,39.9859,-75.1533, ,Philadelphia
8451,90088,2017067561,6,67,67301,2017,6,2,1142,11,1,1,0,5,2, , ,N,0,0,0,3,0,0,3,3,N,N,40 01:15.285,75 02:32.465,1152, ,1149,1,1,2, , ,0,N, , , , , , , , ,3,0,0,0,0,0,2,1,0,0,0,0,0,0,0,0,0,0,0,0,0,0,0,0,0,0,0,0,0,0,0,0,0,0,0,0,0,40.0209,-75.0424, ,Philadelphia
8452,90094,2017076186,6,67,67301,2017,6,3,630,6,1,1,0,1,6, , ,N,0,0,0,3,0,0,1,3,N,N,40 03:25.200,75 09:01.700,642, ,638, ,0, ,N, ,0, , , , , , , , , ,3,1,0,0,0,0,1,1,0,0,0,0,0,0,1,0,0,0,0,0,0,0,0,0,0,0,0,0,0,0,0,0,0,0,0,9,0,40.057,-75.1505, ,Philadelphia
8453,90131,2017109793,6,67,67301,2017,9,4,1905,19,3,1,0,1,1, , ,N,0,0,0,3,0,1,2,2,N,N,40 01:28.934,75 07:31.855,1925, ,1913, ,0, ,N, ,0, , , , , , , , , ,2,1,0,0,0,0,1,0,0,0,0,1,1,0,0,0,0,0,0,0,2,0,0,1,0,0,0,0,0,0,0,0,0,0,0,4,0,40.0247,-75.1255, ,Philadelphia
8454,90132,2017109848,6,67,67301,2017,9,6,1950,19,3,1,0,1,1, , ,N,0,0,0,3,0,1,4,3,N,N,40 03:14.636,75 05:28.389,2010, ,1956, ,0, ,N, ,0, , , , , , , , , ,3,3,0,0,0,0,0,0,0,0,0,1,1,0,1,0,0,0,0,0,1,0,0,0,0,0,0,0,0,0,0,0,0,0,0,4,0,40.0541,-75.0912, ,Philadelphia
8455,90143,2017086734,6,67,67301,2017,3,4,100,1,3,1,0,5,1, , ,N,0,0,3,3,0,0,2,2,N, ,39 57:10.717,75 10:51.066,120, ,113, ,0, , , ,0, , , , , , , , , ,2,2,0,0,0,0,0,0,0,0,0,0,0,0,0,0,0,0,0,0,0,0,0,0,0,0,0,0,0,0,0,0,0,0,0,0,0,39.953,-75.1809, ,Philadelphia
8456,90157,2017088780,6,67,67301,2017,7,2,1837,18,1,1,0,4,1, , ,N,1,2,0,3,0,1,3,2,N, ,39 58:13.346,75 08:53.302,1844, ,1842,1,1,4, , ,3,N, , , , , , , , ,2,2,0,0,0,0,0,0,0,0,0,1,1,0,0,0,0,0,0,0,0,1,0,0,0,0,0,0,0,0,0,0,0,0,0,4,0,39.9704,-75.1482, ,Philadelphia
8457,90178,2017105994,6,67,67301,2017,9,1,2130,21,3,1,0,1,1, , ,N,0,0,0,3,0,1,2,2,N,N,40 06:08.364,74 59:24.907,2145, ,2135,2,2,3,N, ,0,Y, , , , , , , , ,2,1,1,0,0,0,0,0,0,0,0,0,1,1,0,0,0,0,0,1,1,0,0,0,0,0,0,0,0,0,0,0,0,0,0,8,0,40.1023,-74.9903, ,Philadelphia
8458,81430,2017073854,6,67,67301,2017,4,6,1418,14,1,1,0,1,1, , ,N,0,0,0,3,0,0,5,3,N,N,40 03:01.789,74 59:26.942,1427, ,1418,1,1,1, , ,0,N, , , , , , , , ,3,1,0,0,0,0,2,0,0,0,0,0,0,0,0,0,0,0,0,0,0,0,0,0,0,0,0,0,0,0,0,0,0,0,0,0,0,40.0505,-74.9908, ,Philadelphia
8459,81440,2017086333,6,67,67301,2017,8,3,1020,10,1,1,0,1,1, , ,N,0,2,0,3,0,2,3,2,N,N,39 57:40.967,75 09:00.164,1612, ,1611, ,0, , , ,3, , , , , , , , , ,2,1,0,0,0,0,0,1,0,0,0,2,2,0,0,0,0,0,0,0,0,0,0,0,0,0,0,0,0,0,0,0,0,0,0,4,0,39.9614,-75.15, ,Philadelphia
8460,81444,2017088880,6,67,67301,2017,7,3,2100,21,3,1,1,8,1, , ,N,1,3,0,3,0,1,2,2,N, ,39 57:01.659,75 14:20.864,2109, ,2107,1,2,1, , ,3,Y, , , , , , , , ,1,1,0,0,0,0,0,0,0,0,1,0,1,0,0,0,0,0,0,0,0,0,0,0,0,0,0,0,0,0,0,0,1,0,0,3,0,39.9505,-75.2391, ,Philadelphia
8461,81446,2017086339,6,67,67301,2017,8,3,1145,11,1,1,0,4,1, , ,N,1,2,0,3,0,0,5,2,N, ,39 57:27.432,75 08:44.473,1150, ,1148, ,0, , , ,3, , , , , , , , , ,2,1,0,0,0,0,1,0,0,0,0,0,0,0,0,0,0,0,0,0,0,1,0,0,0,0,0,0,0,0,0,0,0,0,0,0,0,39.9576,-75.1457, ,Philadelphia
8462,81451,2017109124,6,67,67301,2017,10,6,2300,23,3,1,0,2,1, , ,N,1,2,0,3,0,1,4,8,N,N,39 57:41.191,75 11:28.042,2315, ,2305,2,2,6,Y, ,3,N, , , , , , , , ,8,4,0,0,0,0,4,0,0,0,1,0,1,0,0,0,0,0,0,0,0,0,0,0,0,0,0,0,0,0,0,0,0,0,0,3,0,39.9614,-75.1911, ,Philadelphia