objectid_1,objectid,crn,district,county,municipality,crash_year,crash_month,day_of_week,time_of_day,hour_of_day,illumination,weather,road_condition,collision_type,relation_to_road,work_zone_type,work_zone_loc,work_zone_ind,intersect_type,tcd_type,location_type,urban_rural,fatal_count,injury_count,person_count,total_units,sch_bus_ind,sch_zone_ind,latitude,longitude,arrival_tm,cons_zone_spd_lim,dispatch_tm,est_hrs_closed,lane_closed,ln_close_dir,ntfy_hiwy_maint,spec_juris_cd,tcd_func_cd,tfc_detour_ind,workers_pres,wz_close_detour,wz_flagger,wz_law_offcr_ind,wz_ln_closure,wz_moving,wz_other,wz_shlder_mdn,vehicle_count,automobile_count,motorcycle_count,bus_count,small_truck_count,heavy_truck_count,suv_count,van_count,bicycle_count,maj_inj_count,mod_inj_count,min_inj_count,tot_inj_count,unk_inj_deg_count,unk_inj_per_count,driver_count_16yr,driver_count_17yr,driver_count_18yr,driver_count_19yr,driver_count_20yr,driver_count_50_64yr,driver_count_65_74yr,driver_count_75plus,unbelted_occ_count,unb_death_count,unb_maj_inj_count,belted_death_count,belted_maj_inj_count,mcycle_death_count,mcycle_maj_inj_count,bicycle_death_count,bicycle_maj_inj_count,ped_count,ped_death_count,ped_maj_inj_count,max_severity_level,comm_veh_count,dec_lat,dec_long,rdwy_surf_type_cd,county_name
8593,90665,2017076133,6,46,46102,2017,6,5,2300,23,3,1,0,4,1, , ,N,5,2,0,3,0,0,2,2,N, ,40 04:26.918,75 09:30.203,2309, ,2301, ,0, , , ,3, , , , , , , , , ,2,0,0,0,0,0,2,0,0,0,0,0,0,0,1,0,0,0,0,0,0,0,0,2,0,0,0,0,0,0,0,0,0,0,0,9,0,40.0741,-75.1584, ,Montgomery
8594,90669,2017078787,6,67,67301,2017,7,4,2105,21,3,1,0,8,1, , ,N,0,0,0,3,0,1,2,2,N, ,40 00:39.000,75 09:21.000,2123, ,2120, ,0, , , ,0, , , , , , , , , ,1,1,0,0,0,0,0,0,0,0,0,1,1,0,0,0,0,0,0,0,0,0,0,0,0,0,0,0,0,0,0,0,1,0,0,4,0,40.0108,-75.1558, ,Philadelphia
8595,90690,2017078766,6,67,67301,2017,6,5,51,0,3,1,0,7,5, , ,N,0,0,0,3,0,0,1,1,N, ,39 56:17.991,75 10:06.165,1251, ,1234, ,0, , , ,0, , , , , , , , , ,1,1,0,0,0,0,0,0,0,0,0,0,0,0,0,0,0,0,0,0,0,0,0,0,0,0,0,0,0,0,0,0,0,0,0,0,0,39.9383,-75.1684, ,Philadelphia
8596,90702,2017107976,6,67,67301,2017,8,1,819,8,1,1,0,6,6, , ,N,0,0,0,3,0,1,1,2,N,N,39 58:18.808,75 12:43.117,830, ,830, ,0, ,N, ,0, , , , , , , , , ,2,1,0,0,0,0,1,0,0,0,0,0,1,1,0,0,0,0,0,0,0,0,0,0,0,0,0,0,0,0,0,0,0,0,0,8,0,39.9719,-75.212, ,Philadelphia
8597,90710,2017067924,6,67,67301,2017,6,1,12,0,3,1,0,4,1, , ,N,1,2,0,3,0,3,3,3,N,N,40 00:05.705,75 09:10.074,23, ,19,2,1,1,N, ,3,Y, , , , , , , , ,2,0,2,0,0,0,0,0,1,0,2,1,3,0,0,0,0,0,0,0,0,0,0,0,0,0,0,0,0,0,0,0,0,0,0,3,0,40.0016,-75.1528, ,Philadelphia
8598,90716,2017076368,6,67,67301,2017,6,2,1950,19,3,2,1,4,1, , ,N,1,2,0,3,0,1,3,2,N,N,40 01:47.668,75 08:45.635,2005, ,2005, ,0, ,N, ,3, , , , , , , , , ,2,2,0,0,0,0,0,0,0,0,0,1,1,0,0,0,0,0,0,0,1,0,1,0,0,0,0,0,0,0,0,0,0,0,0,4,0,40.0299,-75.146, ,Philadelphia
8599,90721,2017060548,6,67,67301,2017,5,6,915,9,1,1,0,4,1, , ,N,1,3,0,3,0,0,3,2,N, ,40 00:43.945,75 06:01.519,1145, ,1115, ,0, , , ,3, , , , , , , , , ,2,2,0,0,0,0,0,0,0,0,0,0,0,0,0,0,0,0,0,0,0,0,0,0,0,0,0,0,0,0,0,0,0,0,0,0,0,40.0122,-75.1004, ,Philadelphia
8600,90732,2017067970,6,67,67301,2017,5,6,1311,13,1,1,0,4,1, , ,N,1,2,0,3,0,3,3,2,N,N,40 01:53.383,75 03:47.425,1313, ,1313, ,0, , , ,3, , , , , , , , , ,2,1,0,0,0,0,0,1,0,0,0,2,3,1,0,0,0,0,0,0,0,0,0,0,0,0,0,0,0,0,0,0,0,0,0,4,0,40.0316,-75.0633, ,Philadelphia
8601,90776,2017107969,6,67,67301,2017,8,5,1105,11,1,1,0,4,1, , ,N,2,3,0,3,0,1,3,4,N,N,39 59:39.663,75 06:49.723,1110, ,1110,2,2,2,N, ,3,Y, , , , , , , , ,4,4,0,0,0,0,0,0,0,0,0,1,1,0,0,0,0,0,0,0,0,0,0,0,0,0,0,0,0,0,0,0,0,0,0,4,0,39.9944,-75.1138, ,Philadelphia
8602,81707,2017074077,6,67,67301,2017,5,2,1345,13,1,1,0,4,1, , ,N,1,3,0,3,0,1,2,2,N,N,39 57:41.495,75 11:49.402,0, ,0, ,0, ,N, ,3, , , , , , , , , ,2,1,0,0,0,0,1,0,0,0,0,0,1,1,0,0,0,0,0,0,1,0,1,0,0,0,0,0,0,0,0,0,0,0,0,8,0,39.9615,-75.1971, ,Philadelphia
8603,81712,2017086856,6,67,67301,2017,5,1,845,8,3,1,0,5,6, , ,N,0,0,0,3,0,1,2,2,N,N,39 58:08.321,75 13:49.609,858, ,855, ,0, ,N, ,0, , , , , , , , , ,2,2,0,0,0,0,0,0,0,0,1,0,1,0,0,1,0,0,0,0,0,0,0,1,0,0,0,0,0,0,0,0,0,0,0,3,0,39.969,-75.2304, ,Philadelphia
8604,81728,2017088796,6,67,67301,2017,8,7,2113,21,3,1,0,8,1, , ,N,0,0,0,3,0,1,2,2,N,N,39 54:56.955,75 09:27.640,2125, ,2123, ,0, ,N, ,0, , , , , , , , , ,1,1,0,0,0,0,0,0,0,0,1,0,1,0,1,0,0,0,0,0,0,0,0,1,0,0,0,0,0,0,0,0,1,0,0,3,0,39.9158,-75.1577, ,Philadelphia
8605,81741,2017120636,6,67,67301,2017,10,5,1630,16,1,1,0,4,1, , ,N,2,3,0,3,0,1,2,2,N,N,39 57:56.872,75 09:07.232,1650, ,1644, ,0, ,N, ,3, , , , , , , , , ,2,0,0,0,0,0,2,0,0,0,0,1,1,0,0,0,0,0,1,0,0,0,0,0,0,0,0,0,0,0,0,0,0,0,0,4,0,39.9658,-75.152, ,Philadelphia
8606,81766,2017097830,6,67,67301,2017,9,4,1839,18,3,2,1,4,1, , ,N,2,3,0,3,0,1,4,2,N,N,40 01:31.047,75 03:57.506,1900, ,1856, ,0, ,N, ,3, , , , , , , , , ,2,2,0,0,0,0,0,0,0,1,0,0,1,0,0,0,0,0,0,0,0,0,0,1,0,0,0,0,0,0,0,0,0,0,0,2,0,40.0253,-75.066, ,Philadelphia
8607,81768,2017091793,6,67,67301,2017,8,5,1727,17,1,1,0,8,1, , ,N,1,2,0,3,0,1,2,2,N,N,40 01:59.691,75 02:15.936,1734, ,1727, ,0, , , ,3, , , , , , , , , ,1,1,0,0,0,0,0,0,0,0,0,0,1,1,0,0,0,0,0,0,0,0,0,1,0,0,0,0,0,0,0,0,1,0,0,8,0,40.0332,-75.0378, ,Philadelphia
8608,81796,2017058227,6,67,67301,2017,5,1,1515,15,1,1,0,8,1, , ,N,1,2,0,3,0,1,2,2,N, ,39 57:25.951,75 13:38.947,1520, ,1520,1,1,1, , ,3,N, , , , , , , , ,1,0,0,0,0,0,1,0,0,0,0,1,1,0,0,0,0,0,0,0,1,0,0,1,0,0,0,0,0,0,0,0,1,0,0,4,0,39.9572,-75.2275, ,Philadelphia
8609,81830,2017086658,6,67,67301,2017,2,1,9999,99,3,1,0,6,6, , ,N,0,0,0,3,0,1,2,3,N,N,40 02:50.334,75 09:04.165,242, ,240,2,1,2,N, ,0,N, , , , , , , , ,3,1,0,0,0,0,2,0,0,0,0,1,1,0,0,0,0,0,0,0,0,0,0,1,0,0,0,0,0,0,0,0,0,0,0,4,0,40.0473,-75.1512, ,Philadelphia
8610,81846,2017088320,6,67,67301,2017,7,7,838,8,1,2,1,1,1, , ,N,0,0,0,3,0,1,3,2,N,N,40 03:00.948,75 03:27.564,842, ,841,2,1,1,N, ,0,N, , , , , , , , ,2,1,0,0,0,0,1,0,0,0,0,1,1,0,0,0,0,0,0,0,0,0,0,0,0,0,0,0,0,0,0,0,0,0,0,4,0,40.0503,-75.0577, ,Philadelphia
8611,81878,2017088842,6,67,67301,2017,8,2,1700,17,1,2,1,7,5, , ,N,2,3,0,3,0,1,1,1,N, ,40 01:36.483,75 02:03.843,1712, ,1701, ,0, ,N, ,3, , , , , , , , , ,1,0,0,0,0,0,0,1,0,0,0,1,1,0,0,0,0,0,0,0,0,0,0,0,0,0,0,0,0,0,0,0,0,0,0,4,0,40.0268,-75.0344, ,Philadelphia
8612,81913,2017115902,6,67,67301,2017,10,3,831,8,1,1,0,1,1, , ,N,0,0,0,3,0,2,5,4,N,N,40 01:46.472,75 12:12.204,908, ,905, ,0, , , ,0, , , , , , , , , ,4,1,0,0,1,0,2,0,0,0,0,0,2,2,2,0,0,0,0,0,2,0,0,0,0,0,0,0,0,0,0,0,0,0,0,8,0,40.0296,-75.2034, ,Philadelphia
8613,81926,2017105287,6,67,67301,2017,10,1,1245,12,1,2,1,7,4, , ,N,0,0,2,3,0,1,1,1,N,N,39 54:44.500,75 10:12.300,1251, ,1251, ,0, ,N, ,0, , , , , , , , , ,1,1,0,0,0,0,0,0,0,0,0,1,1,0,0,0,0,0,0,0,0,0,0,0,0,0,0,0,0,0,0,0,0,0,0,4,0,39.9124,-75.1701, ,Philadelphia
8614,81936,2017096440,6,67,67301,2017,9,1,1605,16,1,1,0,8,1, , ,N,0,0,0,3,0,1,2,2,N,N,40 02:08.520,75 07:17.065,1630, ,1610, ,0, ,N, ,0, , , , , , , , , ,1,0,0,0,0,0,1,0,0,0,0,1,1,0,0,0,0,0,0,0,0,0,0,0,0,0,0,0,0,0,0,0,1,0,0,4,0,40.0357,-75.1214, ,Philadelphia
8615,81937,2017101845,6,67,67301,2017,9,3,1900,19,1,1,0,7,5, , ,N,0,0,0,3,0,0,2,1,N,N,40 00:55.414,75 10:14.948,2153, ,1912, ,0, ,N, ,0, , , , , , , , , ,1,1,0,0,0,0,0,0,0,0,0,0,0,0,0,0,0,0,0,0,0,1,0,0,0,0,0,0,0,0,0,0,0,0,0,0,0,40.0154,-75.1708, ,Philadelphia
8616,81939,2017055517,6,67,67301,2017,4,2,1011,10,1,1,0,4,1, , ,N,1,2,0,3,0,1,4,2,N,N,40 03:47.184,75 03:06.187,1031, ,1020, ,0, , , ,3, , , , , , , , , ,2,1,0,0,0,0,1,0,0,0,0,0,1,1,2,0,0,0,0,0,0,1,0,0,0,0,0,0,0,0,0,0,0,0,0,8,0,40.0631,-75.0516, ,Philadelphia
8617,81942,2017054716,6,67,67301,2017,5,7,455,4,3,2,1,1,1, , ,N,0,0,0,3,0,2,3,2,N,N,39 55:26.885,75 08:50.758,459, ,457, ,0, , , ,0, , , , , , , , , ,2,0,0,0,0,0,2,0,0,0,2,0,2,0,0,0,0,0,0,1,1,0,0,0,0,0,0,0,0,0,0,0,0,0,0,3,0,39.9241,-75.1474, ,Philadelphia
8618,81943,2017057690,6,67,67301,2017,5,3,951,9,1,1,0,4,1, , ,N,1,2,0,3,0,1,2,2,N,N,39 59:56.692,75 13:51.077,958, ,951, ,0, , , ,3, , , , , , , , , ,2,0,0,0,0,0,2,0,0,0,1,0,1,0,0,0,0,0,0,0,0,0,0,0,0,0,0,0,0,0,0,0,0,0,0,3,0,39.9991,-75.2309, ,Philadelphia
8619,81945,2017060703,6,67,67301,2017,5,1,1543,15,1,1,0,4,1, , ,N,2,0,0,3,0,1,2,2,N, ,39 54:57.347,75 14:42.963,1610, ,1559, ,0, , , ,0, , , , , , , , , ,2,1,1,0,0,0,0,0,0,0,0,0,1,1,0,0,0,0,0,0,0,0,0,0,0,0,0,0,0,0,0,0,0,0,0,8,0,39.9159,-75.2453, ,Philadelphia
8620,85012,2017086267,6,67,67301,2017,7,5,735,7,1,1,0,4,1, , ,N,2,3,0,3,0,2,2,2,N, ,40 02:17.897,75 05:08.033,737, ,736, ,0, , , ,3, , , , , , , , , ,2,1,0,0,0,0,1,0,0,0,0,2,2,0,0,0,0,0,0,0,0,0,0,0,0,0,0,0,0,0,0,0,0,0,0,4,0,40.0383,-75.0856, ,Philadelphia
8621,85019,2017060642,6,67,67301,2017,5,3,1445,14,1,1,0,4,1, , ,N,1,3,0,3,0,0,2,2,N,N,40 07:44.165,75 00:31.460,1556, ,1531, ,0, ,N, ,3, , , , , , , , , ,2,2,0,0,0,0,0,0,0,0,0,0,0,0,0,0,0,0,0,0,0,2,0,0,0,0,0,0,0,0,0,0,0,0,0,0,0,40.1289,-75.0087, ,Philadelphia
8622,85035,2017076190,6,67,67301,2017,6,2,1540,15,1,1,0,4,1, , ,N,1,3,0,3,0,1,2,2,N, ,40 00:22.716,75 08:38.104,1550, ,1550, ,0, , , ,3, , , , , , , , , ,2,1,0,0,1,0,0,0,0,0,0,0,1,1,0,0,0,0,0,0,2,0,0,1,0,0,0,0,0,0,0,0,0,0,0,8,0,40.0063,-75.1439, ,Philadelphia
8623,85037,2017088777,6,67,67301,2017,8,4,9999,99,3,1,0,2,6, , ,N,0,0,0,3,0,1,1,3,N, ,40 02:43.918,75 09:26.283,526, ,526, ,0, , , ,0, , , , , , , , , ,3,1,0,0,0,0,2,0,0,0,0,0,1,1,0,0,0,0,0,0,0,0,0,1,0,0,0,0,0,0,0,0,0,0,0,8,0,40.0455,-75.1573, ,Philadelphia
8624,85038,2017086731,6,67,67301,2017,3,4,2030,20,3,1,0,4,1, , ,N,1,2,0,3,0,4,4,2,N, ,39 58:47.465,75 08:34.342,2033, ,2030, ,0, , , ,3, , , , , , , , , ,2,2,0,0,0,0,0,0,0,0,0,1,4,3,0,0,0,0,0,0,0,0,0,1,0,0,0,0,0,0,0,0,0,0,0,4,0,39.9799,-75.1429, ,Philadelphia
8625,85040,2017107974,6,67,67301,2017,8,3,1415,14,1,2,1,1,1, , ,N,2,3,0,3,0,0,3,3,N, ,40 00:55.112,75 08:49.930,1612, ,1610, ,0, , , ,3, , , , , , , , , ,3,1,0,0,0,0,1,0,0,0,0,0,0,0,2,0,0,0,0,0,0,1,0,0,0,0,0,0,0,0,0,0,0,0,0,9,0,40.0153,-75.1472, ,Philadelphia
8626,85047,2017096895,6,67,67301,2017,9,2,2004,20,6,1,0,1,1, , ,N,0,0,0,3,0,0,3,3,N,N,40 00:13.114,75 11:40.353,2013, ,2005, ,0, , , ,0, , , , , , , , , ,3,1,0,0,1,0,1,0,0,0,0,0,0,0,0,0,0,0,0,0,1,0,0,0,0,0,0,0,0,0,0,0,0,0,0,0,0,40.0036,-75.1945, ,Philadelphia
8627,85060,2017096470,6,67,67301,2017,8,3,1030,10,1,2,1,4,1, , ,N,1,3,0,3,0,2,5,4,N,N,39 58:36.289,75 13:57.972,1130, ,1130, ,0, ,N, ,3, , , , , , , , , ,4,2,0,0,0,0,1,1,0,0,2,0,2,0,0,0,0,0,0,0,1,0,0,0,0,0,0,0,0,0,0,0,0,0,0,3,0,39.9767,-75.2328, ,Philadelphia
8628,85061,2017097916,6,67,67301,2017,9,6,1745,17,1,1,0,4,1, , ,N,1,3,0,3,0,1,2,2,N,N,39 58:21.873,75 10:47.705,1755, ,1750,2,2,6,N, ,3,Y, , , , , , , , ,2,1,0,0,0,0,1,0,0,0,0,0,1,1,0,0,0,0,0,0,1,0,0,1,0,0,0,0,0,0,0,0,0,0,0,8,0,39.9727,-75.1799, ,Philadelphia
8629,85067,2017097864,6,67,67301,2017,9,7,1406,14,1,1,0,5,6, , ,N,0,0,0,3,0,0,1,2,N, ,40 01:56.682,75 03:02.892,1430, ,1424, ,0, , , ,0, , , , , , , , , ,2,2,0,0,0,0,0,0,0,0,0,0,0,0,0,0,0,0,0,0,0,0,0,0,0,0,0,0,0,0,0,0,0,0,0,0,0,40.0324,-75.0508, ,Philadelphia
8630,85088,2017078701,6,67,67301,2017,7,7,45,0,3,1,0,4,1, , ,N,1,2,0,3,0,1,2,2,N,N,39 58:49.769,75 13:29.078,57, ,52, ,0, ,N, ,3, , , , , , , , , ,2,1,1,0,0,0,0,0,0,0,0,0,1,1,0,0,0,0,0,0,0,0,0,1,0,0,0,0,0,0,0,0,0,0,0,8,0,39.9804,-75.2247, ,Philadelphia
8631,85111,2017105892,6,67,67301,2017,9,5,1822,18,1,1,0,4,1, , ,N,1,2,0,3,0,2,3,2,N,N,39 59:27.061,75 09:18.508,1826, ,1825, ,0, ,N, ,3, , , , , , , , , ,2,2,0,0,0,0,0,0,0,0,0,0,2,2,0,0,0,0,0,0,1,0,0,1,0,0,0,0,0,0,0,0,0,0,0,8,0,39.9909,-75.1551, ,Philadelphia
8632,85117,2017067910,6,67,67301,2017,6,7,1839,18,1,1,0,1,1, , ,N,0,0,0,3,0,0,2,3,N,N,40 03:24.706,75 14:09.906,1846, ,1839, ,0, ,N, ,0, , , , , , , , , ,2,1,0,0,0,0,1,0,0,0,0,0,0,0,0,0,0,0,0,0,1,0,0,0,0,0,0,0,0,0,0,0,0,0,0,0,0,40.0569,-75.2361, ,Philadelphia
8633,85161,2017088963,6,67,67301,2017,8,5,1135,11,1,1,0,4,1, , ,N,2,3,0,3,0,2,3,2,N, ,39 54:26.074,75 13:40.897,1233, ,1233,9,1,2, , ,3,N, , , , , , , , ,2,2,0,0,0,0,0,0,0,0,0,0,2,2,0,0,0,0,0,0,0,1,0,0,0,0,0,0,0,0,0,0,0,0,0,8,0,39.9072,-75.228, ,Philadelphia
8634,85164,2017058297,6,67,67301,2017,5,4,1906,19,1,1,0,4,1, , ,N,2,3,0,3,0,1,2,2,N,N,40 01:26.418,75 10:27.372,1913, ,1909, ,0, ,N, ,3, , , , , , , , , ,2,2,0,0,0,0,0,0,0,0,0,1,1,0,1,0,0,0,1,0,0,0,0,0,0,0,0,0,0,0,0,0,0,0,0,4,0,40.024,-75.1743, ,Philadelphia
8635,85179,2017070447,6,67,67301,2017,6,7,416,4,3,1,0,7,4, , ,N,0,0,0,3,0,1,1,1,N, ,40 01:41.943,75 06:01.997,426, ,418,1,1,1, , ,0,N, , , , , , , , ,1,0,0,0,0,0,1,0,0,0,0,0,1,1,0,0,0,0,0,0,0,0,0,0,0,0,0,0,0,0,0,0,0,0,0,8,0,40.0283,-75.1006, ,Philadelphia
8636,85185,2017076124,6,67,67301,2017,6,3,1200,12,1,1,0,8,1, , ,N,0,0,0,3,0,1,2,2,N,N,39 54:56.615,75 10:28.482,1640, ,1636, ,0, ,N, ,0, , , , , , , , , ,1,0,0,0,0,0,1,0,0,0,0,1,1,0,0,0,0,0,0,0,1,0,0,0,0,0,0,0,0,0,0,0,1,0,0,4,0,39.9157,-75.1746, ,Philadelphia
8637,85188,2017120522,6,67,67301,2017,10,2,1130,11,1,1,0,4,1, , ,N,2,2,7,3,0,1,2,2,N, ,40 05:29.578,74 57:56.181,1151, ,1146, ,0, , , ,3, , , , , , , , , ,1,1,0,0,0,0,0,0,1,0,1,0,1,0,0,0,0,0,0,0,0,0,0,0,0,0,0,0,0,0,0,0,0,0,0,3,0,40.0915,-74.9656, ,Philadelphia
8638,88375,2017108502,6,67,67301,2017,10,7,1732,17,1,1,0,1,1, , ,N,0,0,0,3,0,1,2,2,N,N,40 00:27.131,75 12:04.280,1734, ,1733,1,1,4, , ,0,N, , , , , , , , ,2,2,0,0,0,0,0,0,0,0,1,0,1,0,0,0,0,0,0,0,0,0,0,0,0,0,0,0,0,0,0,0,0,0,0,3,0,40.0075,-75.2012, ,Philadelphia
8639,88378,2017097881,6,67,67301,2017,9,6,1020,10,1,1,0,5,1, , ,N,0,0,0,3,0,1,2,2,N,N,39 57:27.625,75 13:07.112,1036, ,1035, ,0, ,N, ,0, , , , , , , , , ,2,1,0,0,0,1,0,0,0,0,0,0,1,1,0,0,0,0,0,0,1,0,0,1,0,0,0,0,0,0,0,0,0,0,0,8,1,39.9577,-75.2186, ,Philadelphia
8640,88385,2017086747,6,67,67301,2017,4,6,1300,13,1,1,0,1,1, , ,N,0,0,0,3,0,0,2,2,N,N,39 59:56.513,75 09:12.072,1319, ,1319,2,1,1,N, ,0,N, , , , , , , , ,2,2,0,0,0,0,0,0,0,0,0,0,0,0,0,0,0,0,0,0,0,0,0,2,0,0,0,0,0,0,0,0,0,0,0,0,0,39.999,-75.1534, ,Philadelphia
8641,88402,2017067918,6,67,67301,2017,5,4,615,6,1,1,1,4,1, , ,N,1,2,0,3,0,1,3,3,N,N,40 03:33.132,75 02:38.341,635, ,615,2,2,4,N, ,3,N, , , , , , , , ,3,1,0,0,1,0,1,0,0,0,1,0,1,0,0,0,0,0,0,0,0,0,0,1,0,0,0,0,0,0,0,0,0,0,0,3,0,40.0593,-75.0441, ,Philadelphia
8642,88409,2017076211,6,67,67301,2017,6,7,2320,23,3,1,0,1,1, , ,N,0,0,0,3,0,1,3,2,N, ,40 02:14.443,75 04:49.951,2328, ,2325, ,0, , , ,0, , , , , , , , , ,2,0,0,0,0,0,2,0,0,0,0,0,1,1,0,0,0,1,0,0,0,1,0,0,0,0,0,0,0,0,0,0,0,0,0,8,0,40.0373,-75.0805, ,Philadelphia
8643,88410,2017086963,6,67,67301,2017,1,6,915,9,1,1,0,2,1, , ,N,0,0,0,3,0,1,2,2,N,N,40 03:46.958,75 02:41.751,935, ,926,3,1,4,N, ,0,N, , , , , , , , ,2,1,0,0,0,1,0,0,0,0,0,0,1,1,0,0,0,0,0,0,0,0,0,0,0,0,0,0,0,0,0,0,0,0,0,8,1,40.063,-75.0449, ,Philadelphia
8644,88422,2017105852,6,67,67301,2017,9,6,650,6,1,1,0,1,6, , ,N,0,0,0,3,0,0,1,5,N,N,39 54:44.739,75 10:55.861,735, ,705, ,0, ,N, ,0, , , , , , , , , ,5,3,0,1,0,0,1,0,0,0,0,0,0,0,0,0,0,0,0,0,0,0,0,0,0,0,0,0,0,0,0,0,0,0,0,0,1,39.9124,-75.1822, ,Philadelphia
8645,88436,2017120541,6,67,67301,2017,10,1,952,9,1,2,1,4,1, , ,N,1,3,0,3,0,1,4,2,N,N,40 03:57.202,75 10:35.464,952, ,952,2,2,7, , ,3,Y, , , , , , , , ,2,1,0,0,0,0,1,0,0,0,1,0,1,0,1,0,0,0,0,0,1,0,0,0,0,0,0,0,0,0,0,0,0,0,0,3,0,40.0659,-75.1765, ,Philadelphia
8646,88441,2017122997,6,67,67301,2017,11,1,250,2,3,2,1,0,4, , ,N,0,0,0,3,0,0,1,1,N,N,39 56:39.357,75 11:30.730,256, ,251, ,0, ,N, ,0, , , , , , , , , ,1,1,0,0,0,0,0,0,0,0,0,0,0,0,0,0,0,0,0,0,0,0,0,0,0,0,0,0,0,0,0,0,0,0,0,0,0,39.9441,-75.192, ,Philadelphia
8647,88453,2017068001,6,67,67301,2017,6,1,420,4,3,1,0,7,4, , ,N,0,0,0,3,0,1,1,1,N,N,39 58:51.635,75 12:45.946,445, ,434, ,0, ,N, ,0, , , , , , , , , ,1,0,0,0,0,0,1,0,0,0,0,1,1,0,0,0,0,0,0,0,0,0,0,0,0,0,0,0,0,0,0,0,0,0,0,4,0,39.981,-75.2128, ,Philadelphia
8648,88454,2017076120,6,67,67301,2017,5,3,1025,10,1,2,1,4,1, , ,N,1,2,0,3,0,1,2,2,N, ,39 57:20.771,75 09:32.581,1940, ,1935, ,0, , , ,3, , , , , , , , , ,2,1,0,0,0,0,1,0,0,0,1,0,1,0,0,0,0,0,0,0,0,0,0,1,0,0,0,0,0,0,0,0,0,0,0,3,0,39.9558,-75.1591, ,Philadelphia
8649,88492,2017096589,6,67,67301,2017,8,5,1658,16,1,1,0,1,1, , ,N,1,3,0,3,0,1,3,3,N,N,40 01:13.918,75 03:03.260,1812, ,1757, ,0, , , ,3, , , , , , , , , ,3,1,0,0,0,1,1,0,0,0,0,1,1,0,0,0,0,0,0,0,1,0,0,2,0,0,0,0,0,0,0,0,0,0,0,4,1,40.0205,-75.0509, ,Philadelphia
8650,88498,2017086979,6,67,67301,2017,1,1,9999,99,1,8,0,2,1, , ,N,1,2,0,3,0,4,9,4,N, ,39 58:17.205,75 09:33.736,23, ,22,3,1,4, , ,3,Y, , , , , , , , ,4,2,0,0,0,0,0,0,0,0,0,1,4,3,1,0,0,0,0,0,1,1,0,0,0,0,0,0,0,0,0,0,0,0,0,4,0,39.9714,-75.1594, ,Philadelphia
8651,88500,2017087192,6,67,67301,2017,8,1,115,1,2,1,0,7,4, , ,N,0,0,0,3,0,3,3,1,N,N,40 00:38.695,75 03:45.034,123, ,117, ,0, , , ,0, , , , , , , , , ,1,0,0,0,0,0,1,0,0,0,0,0,3,3,0,0,0,0,0,0,0,0,0,1,0,0,0,0,0,0,0,0,0,0,0,8,0,40.0107,-75.0625, ,Philadelphia
8652,88516,2017108002,6,67,67301,2017,8,1,331,3,3,1,0,4,1, , ,N,2,3,0,3,0,1,2,2,N,N,40 00:18.770,75 05:33.796,337, ,332, ,0, ,N, ,3, , , , , , , , , ,2,0,0,0,0,0,2,0,0,0,0,1,1,0,0,0,0,0,0,0,0,0,0,1,0,0,0,0,0,0,0,0,0,0,0,4,0,40.0052,-75.0927, ,Philadelphia
8653,88524,2017091337,6,67,67301,2017,9,1,738,7,1,2,1,7,2, , ,N,7,0,2,3,0,0,1,1,N,N,39 57:37.637,75 10:52.507,756, ,745,2,2,4, , ,0,N, , , , , , , , ,1,1,0,0,0,0,0,0,0,0,0,0,0,0,0,0,0,0,0,0,0,0,0,0,0,0,0,0,0,0,0,0,0,0,0,0,0,39.9605,-75.1813, ,Philadelphia
8654,88527,2017116241,6,67,67301,2017,10,4,1310,13,1,1,0,8,1, , ,N,1,2,0,3,0,1,2,2,N,N,39 58:26.878,75 12:15.541,1404, ,1403, ,0, ,N, ,3, , , , , , , , , ,1,0,0,0,0,0,0,0,0,0,0,1,1,0,1,0,0,0,0,0,0,0,0,0,0,0,0,0,0,0,0,0,1,0,0,4,0,39.9741,-75.2043, ,Philadelphia
8655,88531,2017120621,6,67,67301,2017,10,5,940,9,1,1,0,1,1, , ,N,1,2,0,3,0,1,2,2,N, ,40 01:06.232,75 08:57.296,950, ,945, ,0, , , ,3, , , , , , , , , ,2,0,0,0,1,0,0,1,0,0,0,0,1,1,0,0,0,0,0,0,0,0,1,2,0,0,0,0,0,0,0,0,0,0,0,8,0,40.0184,-75.1491, ,Philadelphia
8656,90184,2017066285,6,67,67301,2017,6,4,1334,13,1,1,0,5,1, , ,N,0,8,0,3,0,0,2,2,N,N,39 53:19.467,75 14:29.199,1402, ,1348, ,0, , , ,3, , , , , , , , , ,2,2,0,0,0,0,0,0,0,0,0,0,0,0,1,0,0,0,0,0,1,0,0,0,0,0,0,0,0,0,0,0,0,0,0,9,0,39.8887,-75.2414, ,Philadelphia
8657,90190,2017068039,6,67,67301,2017,5,4,1200,12,1,1,0,4,1, , ,N,2,0,0,3,0,1,4,2,N,N,40 02:17.001,75 04:29.783,1215, ,1212, ,0, ,N, ,0, , , , , , , , , ,2,1,0,0,0,0,0,1,0,0,0,1,1,0,0,0,0,0,0,0,1,0,0,0,0,0,0,0,0,0,0,0,0,0,0,4,0,40.0381,-75.0749, ,Philadelphia