objectid_1,objectid,crn,district,county,municipality,crash_year,crash_month,day_of_week,time_of_day,hour_of_day,illumination,weather,road_condition,collision_type,relation_to_road,work_zone_type,work_zone_loc,work_zone_ind,intersect_type,tcd_type,location_type,urban_rural,fatal_count,injury_count,person_count,total_units,sch_bus_ind,sch_zone_ind,latitude,longitude,arrival_tm,cons_zone_spd_lim,dispatch_tm,est_hrs_closed,lane_closed,ln_close_dir,ntfy_hiwy_maint,spec_juris_cd,tcd_func_cd,tfc_detour_ind,workers_pres,wz_close_detour,wz_flagger,wz_law_offcr_ind,wz_ln_closure,wz_moving,wz_other,wz_shlder_mdn,vehicle_count,automobile_count,motorcycle_count,bus_count,small_truck_count,heavy_truck_count,suv_count,van_count,bicycle_count,maj_inj_count,mod_inj_count,min_inj_count,tot_inj_count,unk_inj_deg_count,unk_inj_per_count,driver_count_16yr,driver_count_17yr,driver_count_18yr,driver_count_19yr,driver_count_20yr,driver_count_50_64yr,driver_count_65_74yr,driver_count_75plus,unbelted_occ_count,unb_death_count,unb_maj_inj_count,belted_death_count,belted_maj_inj_count,mcycle_death_count,mcycle_maj_inj_count,bicycle_death_count,bicycle_maj_inj_count,ped_count,ped_death_count,ped_maj_inj_count,max_severity_level,comm_veh_count,dec_lat,dec_long,rdwy_surf_type_cd,county_name
8658,90207,2017086752,6,67,67301,2017,4,1,245,2,3,1,0,6,1, , ,N,0,0,0,3,0,2,4,2,N,N,40 01:24.801,75 08:03.543,258, ,251, ,0, ,N, ,0, , , , , , , , , ,2,2,0,0,0,0,0,0,0,0,0,2,2,0,0,0,0,0,1,0,0,0,0,0,0,0,0,0,0,0,0,0,0,0,0,4,0,40.0236,-75.1343, ,Philadelphia
8659,90223,2017120733,6,67,67301,2017,10,5,1850,18,4,1,0,5,1, , ,N,0,0,0,3,0,0,2,2,N, ,39 57:28.879,75 09:43.189,1855, ,1850, ,0, , , ,0, , , , , , , , , ,2,1,0,0,0,0,0,1,0,0,0,0,0,0,1,0,0,0,0,0,1,0,0,0,0,0,0,0,0,0,0,0,0,0,0,9,0,39.958,-75.162, ,Philadelphia
8660,90255,2017093565,6,67,67301,2017,8,3,2129,21,3,1,0,7,4, , ,N,0,0,0,3,0,0,1,1,N,Y,40 03:24.909,75 01:57.302,2135, ,2130, ,0, ,N, ,0, , , , , , , , , ,1,1,0,0,0,0,0,0,0,0,0,0,0,0,0,0,0,0,0,0,0,0,0,0,0,0,0,0,0,0,0,0,0,0,0,0,0,40.0569,-75.0326, ,Philadelphia
8661,90257,2017091713,6,67,67301,2017,8,5,1533,15,1,1,0,4,1, , ,N,3,0,0,3,0,0,2,2,N,N,40 00:02.041,75 05:47.529,1625, ,1619, ,0, , , ,0, , , , , , , , , ,2,2,0,0,0,0,0,0,0,0,0,0,0,0,0,0,0,0,1,0,0,0,0,1,0,0,0,0,0,0,0,0,0,0,0,0,0,40.0006,-75.0965, ,Philadelphia
8662,90258,2017088973,6,67,67301,2017,8,1,26,0,3,1,0,1,6, , ,N,0,0,0,3,0,0,1,2,N, ,40 02:52.522,75 07:53.857,36, ,28, ,0, , , ,0, , , , , , , , , ,2,2,0,0,0,0,0,0,0,0,0,0,0,0,0,0,0,0,0,0,0,0,0,0,0,0,0,0,0,0,0,0,0,0,0,0,0,40.0479,-75.1316, ,Philadelphia
8663,90272,2017096425,6,67,67301,2017,8,2,1405,14,1,1,0,8,1, , ,N,0,0,0,3,0,1,2,2,N, ,39 58:28.309,75 09:33.068,1412, ,1409, ,0, , , ,0, , , , , , , , , ,1,1,0,0,0,0,0,0,0,0,0,0,1,1,0,0,0,0,0,0,0,0,0,0,0,0,0,0,0,0,0,0,1,0,0,8,0,39.9745,-75.1592, ,Philadelphia
8664,90277,2017052443,6,67,67301,2017,4,6,1642,16,1,1,0,4,1, , ,N,1,0,0,3,0,1,2,2,N,N,39 58:19.726,75 07:29.308,1643, ,1642, ,0, , , ,0, , , , , , , , , ,2,1,0,0,0,0,1,0,0,0,0,0,1,1,0,0,0,0,0,0,0,0,0,0,0,0,0,0,0,0,0,0,0,0,0,8,0,39.9721,-75.1248, ,Philadelphia
8665,90287,2017058360,6,67,67301,2017,5,2,705,7,1,1,0,4,1, , ,N,1,3,0,3,0,2,3,2,N,N,40 03:30.481,75 05:03.184,755, ,739, ,0, ,N, ,3, , , , , , , , , ,2,0,0,0,0,0,2,0,0,0,0,0,2,2,0,0,0,0,0,0,0,0,0,0,0,0,0,0,0,0,0,0,0,0,0,8,0,40.0585,-75.0842, ,Philadelphia
8666,90319,2017086072,6,67,67301,2017,7,7,1315,13,1,1,0,1,1, , ,N,0,2,0,3,0,3,6,3,N,N,40 01:26.936,75 07:51.679,1320, ,1315,9,1,1,N, ,3,N, , , , , , , , ,3,0,0,0,0,0,3,0,0,0,3,0,3,0,0,0,0,0,0,0,1,0,1,0,0,0,0,0,0,0,0,0,0,0,0,3,0,40.0241,-75.131, ,Philadelphia
8667,90324,2017054110,6,67,67301,2017,5,5,1828,18,1,2,1,7,3, , ,N,0,0,0,3,0,0,1,1,N,N,39 53:35.918,75 13:52.340,1838, ,1831,1,1,2, , ,0,N, , , , , , , , ,1,1,0,0,0,0,0,0,0,0,0,0,0,0,0,0,0,1,0,0,0,0,0,0,0,0,0,0,0,0,0,0,0,0,0,0,0,39.8933,-75.2312, ,Philadelphia
8668,90326,2017053489,6,67,67301,2017,5,2,1817,18,1,1,0,7,2, , ,N,0,0,0,3,0,0,2,1,N,N,39 57:45.025,75 08:22.778,1819, ,1819,1,2,2, , ,0,N, , , , , , , , ,1,1,0,0,0,0,0,0,0,0,0,0,0,0,0,0,0,0,0,0,0,0,0,0,0,0,0,0,0,0,0,0,0,0,0,0,0,39.9625,-75.1397, ,Philadelphia
8669,90353,2017108347,6,67,67301,2017,10,3,1624,16,1,1,0,1,1, , ,N,0,0,0,3,0,0,3,3,N,N,40 01:37.007,75 01:31.976,1658, ,1626, ,0, , , ,0, , , , , , , , , ,3,1,0,0,0,0,1,0,0,0,0,0,0,0,1,0,0,0,0,0,0,0,0,0,0,0,0,0,0,0,0,0,0,0,0,9,0,40.0269,-75.0255, ,Philadelphia
8670,90358,2017091725,6,67,67301,2017,8,2,1321,13,1,1,0,4,1, , ,N,1,3,0,3,0,0,2,2,N, ,39 56:44.908,75 12:41.086,1326, ,1323,2,2,4, , ,3,N, , , , , , , , ,2,2,0,0,0,0,0,0,0,0,0,0,0,0,0,0,0,0,0,0,0,0,0,1,0,0,0,0,0,0,0,0,0,0,0,0,0,39.9458,-75.2114, ,Philadelphia
8671,90361,2017091716,6,67,67301,2017,8,6,1145,11,1,1,0,4,1, , ,N,1,2,0,3,0,0,2,2,N,N,39 54:15.296,75 09:52.687,1215, ,1152, ,0, ,N, ,3, , , , , , , , , ,2,2,0,0,0,0,0,0,0,0,0,0,0,0,0,0,0,0,0,0,2,0,0,2,0,0,0,0,0,0,0,0,0,0,0,0,0,39.9042,-75.1646, ,Philadelphia
8672,90368,2017086064,6,67,67301,2017,7,6,906,9,1,1,0,4,1, , ,N,1,2,0,3,0,2,3,2,N,N,39 55:15.711,75 13:26.782,1912, ,1910, ,0, ,N, ,3, , , , , , , , , ,1,0,0,0,0,0,0,1,1,0,1,1,2,0,0,0,0,0,0,0,0,0,0,1,0,0,0,0,0,0,0,0,0,0,0,3,0,39.9211,-75.2242, ,Philadelphia
8673,90370,2017126471,6,67,67301,2017,11,3,555,5,3,1,0,1,1, , ,N,0,0,0,3,0,0,3,3,N,N,39 57:34.798,75 10:34.164,610, ,556, ,0, , , ,0, , , , , , , , , ,3,0,0,0,1,0,2,0,0,0,0,0,0,0,0,0,0,0,0,0,1,0,0,0,0,0,0,0,0,0,0,0,0,0,0,0,0,39.9597,-75.1762, ,Philadelphia
8674,81971,2017086120,6,67,67301,2017,7,3,2028,20,3,2,1,2,1, , ,N,0,0,0,3,0,2,8,6,N,N,40 02:09.319,75 11:22.009,2055, ,2048, ,0, ,N, ,0, , , , , , , , , ,6,3,0,0,0,0,3,0,0,0,0,0,2,2,0,0,0,0,1,0,1,0,0,0,0,0,0,0,0,0,0,0,0,0,0,8,0,40.0359,-75.1894, ,Philadelphia
8675,82016,2017088908,6,67,67301,2017,8,6,918,9,1,1,0,4,1, , ,N,1,3,0,3,0,1,2,2,N,N,39 57:56.728,75 09:56.354,919, ,918, ,0, , , ,3, , , , , , , , , ,1,1,0,0,0,0,0,0,1,0,0,1,1,0,0,0,0,0,0,0,0,0,0,0,0,0,0,0,0,0,0,0,0,0,0,4,0,39.9658,-75.1657, ,Philadelphia
8676,82048,2017088964,6,67,67301,2017,8,4,1840,18,1,1,0,7,3, , ,N,0,0,0,3,0,1,2,1,N,N,39 53:52.586,75 12:40.187,1855, ,1840,1,1,3,N, ,0,N, , , , , , , , ,1,1,0,0,0,0,0,0,0,0,0,1,1,0,0,0,0,0,0,0,0,0,0,0,0,0,0,0,0,0,0,0,0,0,0,4,0,39.8996,-75.2073, ,Philadelphia
8677,82050,2017086289,6,67,67301,2017,7,1,1057,10,1,1,0,8,1, , ,N,1,2,3,3,0,1,2,2,N, ,40 03:49.551,75 05:00.781,1059, ,1057, ,0, , , ,3, , , , , , , , , ,1,0,0,0,0,0,1,0,0,0,0,1,1,0,0,0,0,0,0,0,0,0,0,0,0,0,0,0,0,0,0,0,1,0,0,4,0,40.0638,-75.0835, ,Philadelphia
8678,82079,2017120625,6,67,67301,2017,10,7,1500,15,1,1,0,8,1, , ,N,0,0,0,3,0,1,2,2,N, ,39 59:16.065,75 06:46.973,1530, ,1515, ,0, , , ,0, , , , , , , , , ,1,1,0,0,0,0,0,0,0,0,0,1,1,0,0,0,0,0,0,0,0,0,0,0,0,0,0,0,0,0,0,0,1,0,0,4,0,39.9878,-75.113, ,Philadelphia
8679,82083,2017065190,6,67,67301,2017,6,5,1424,14,1,1,0,1,1, , ,N,0,0,0,3,0,1,9,5,N,N,39 57:03.284,75 10:58.521,1443, ,1438,1,1,4, , ,0,N, , , , , , , , ,5,2,0,0,1,0,2,0,0,0,1,0,1,0,0,0,0,0,0,0,2,1,0,1,0,0,0,0,0,0,0,0,0,0,0,3,0,39.9509,-75.1829, ,Philadelphia
8680,82099,2017086966,6,67,67301,2017,2,5,1034,10,1,1,0,1,1, , ,N,1,2,0,3,0,1,2,2,N,N,40 03:23.636,75 02:47.581,1047, ,1036,1,1,1,N, ,3,N, , , , , , , , ,2,1,0,0,0,0,1,0,0,0,0,1,1,0,0,0,0,0,0,0,0,0,0,0,0,0,0,0,0,0,0,0,0,0,0,4,0,40.0566,-75.0466, ,Philadelphia
8681,82101,2017086954,6,67,67301,2017,2,3,635,6,3,7,0,8,1, , ,N,1,3,0,3,0,1,2,2,N,N,39 55:26.475,75 08:52.202,642, ,9999, ,0, ,N, ,3, , , , , , , , , ,1,0,0,0,0,0,1,0,0,0,0,1,1,0,0,0,0,0,0,0,0,0,0,0,0,0,0,0,0,0,0,0,1,0,0,4,0,39.924,-75.1478, ,Philadelphia
8682,82103,2017076347,6,67,67301,2017,6,1,1654,16,1,1,0,5,1, , ,N,3,2,0,3,0,1,2,2,N,N,39 55:54.338,75 13:00.262,1711, ,1711,3,1,4,N, ,3,N, , , , , , , , ,2,2,0,0,0,0,0,0,0,0,0,1,1,0,0,0,0,0,0,0,1,0,0,1,0,0,0,0,0,0,0,0,0,0,0,4,0,39.9318,-75.2167, ,Philadelphia
8683,82112,2017086930,6,67,67301,2017,2,7,650,6,1,1,0,4,1, , ,N,1,2,0,3,0,1,3,2,N,N,40 02:18.963,75 11:01.237,720, ,714, ,0, ,N, ,3, , , , , , , , , ,2,1,0,0,0,0,1,0,0,0,0,0,1,1,0,0,0,0,0,0,0,0,0,0,0,0,0,0,0,0,0,0,0,0,0,8,0,40.0386,-75.1837, ,Philadelphia
8684,82129,2017109967,6,67,67301,2017,9,7,1308,13,1,1,0,5,1, , ,N,0,0,0,3,0,1,2,2,N, ,39 55:06.040,75 13:31.507,1320, ,1309, ,0, , , ,0, , , , , , , , , ,1,1,0,0,0,0,0,0,1,0,0,1,1,0,0,0,0,0,0,0,0,0,0,0,0,0,0,0,0,0,0,0,0,0,0,4,0,39.9183,-75.2254, ,Philadelphia
8685,82134,2017049727,6,67,67301,2017,5,7,1920,19,4,2,1,0,1, , ,N,0,0,0,3,0,1,1,1,N,N,39 58:57.315,75 12:27.903,1924, ,1922,1,1,4, , ,0,N, , , , , , , , ,1,0,0,0,0,0,1,0,0,0,0,1,1,0,0,0,0,0,0,0,0,0,0,0,0,0,0,0,0,0,0,0,0,0,0,4,0,39.9826,-75.2078, ,Philadelphia
8686,82146,2017067851,6,67,67301,2017,6,1,9,0,3,1,0,1,1, , ,N,0,0,0,3,0,1,2,2,N,N,39 59:46.527,75 05:29.069,15, ,10,2,2,5,N, ,0,Y, , , , , , , , ,2,1,1,0,0,0,0,0,0,0,0,0,1,1,0,0,0,0,0,0,0,0,0,1,0,0,0,0,0,0,0,0,0,0,0,8,0,39.9963,-75.0914, ,Philadelphia
8687,82147,2017086716,6,67,67301,2017,3,3,505,5,1,1,0,8,1, , ,N,1,2,0,3,0,1,2,2,N,N,40 01:18.301,75 08:22.828,525, ,510, ,0, ,N, ,3, , , , , , , , , ,1,1,0,0,0,0,0,0,0,0,0,1,1,0,0,0,0,0,0,0,0,0,0,1,0,0,0,0,0,0,0,0,1,0,0,4,0,40.0218,-75.1397, ,Philadelphia
8688,82152,2017086796,6,67,67301,2017,4,5,1025,10,1,1,0,1,1, , ,N,0,0,0,3,0,2,5,2,N,N,40 01:00.257,75 09:07.081,1028, ,1028, ,0, , , ,0, , , , , , , , , ,2,0,0,0,0,1,0,1,0,0,0,2,2,0,0,0,0,0,0,0,0,0,0,0,0,0,0,0,0,0,0,0,0,0,0,4,1,40.0167,-75.152, ,Philadelphia
8689,82157,2017080020,6,67,67301,2017,7,4,1639,16,1,1,0,1,1, , ,N,0,8,0,3,0,1,3,2,N,N,39 53:56.582,75 10:06.185,1800, ,1709, ,0, , , ,3, , , , , , , , , ,2,2,0,0,0,0,0,0,0,0,1,0,1,0,0,0,0,0,0,0,1,0,0,0,0,0,0,0,0,0,0,0,0,0,0,3,0,39.8991,-75.1683, ,Philadelphia
8690,82168,2017098003,6,67,67301,2017,9,6,1725,17,1,1,0,4,1, , ,N,2,2,0,3,0,15,23,2,N,N,39 57:23.622,75 09:04.685,1725, ,1729,1,1,3, , ,3,N, , , , , , , , ,2,0,0,1,0,0,1,0,0,0,0,0,15,15,0,0,0,0,0,0,1,0,0,1,0,0,0,0,0,0,0,0,0,0,0,8,0,39.9566,-75.1513, ,Philadelphia
8691,82206,2017100242,6,67,67301,2017,9,4,2154,21,3,2,1,1,1,1,4,Y,0,0,0,3,0,1,2,2,N,N,39 58:56.782,75 05:59.546,2155,50,2155,1,2,1, , ,0,N,N,N,N,N,N,N,N,Y,2,1,0,0,0,0,1,0,0,0,0,0,1,1,0,0,0,0,0,0,0,0,0,0,0,0,0,0,0,0,0,0,0,0,0,8,0,39.9824,-75.0999, ,Philadelphia
8692,85198,2017086892,6,67,67301,2017,6,6,740,7,1,1,0,5,1, , ,N,0,0,0,3,0,1,3,3,N, ,39 54:18.626,75 14:26.345,745, ,743, ,0, , , ,0, , , , , , , , , ,3,2,0,0,0,0,1,0,0,0,0,1,1,0,0,0,0,0,0,0,0,0,0,0,0,0,0,0,0,0,0,0,0,0,0,4,0,39.9052,-75.2406, ,Philadelphia
8693,85205,2017115916,6,67,67301,2017,10,6,1825,18,2,1,0,8,1, , ,N,1,2,0,3,0,1,2,2,N, ,40 01:14.919,75 07:05.840,1826, ,1826,1,1,1,N, ,3,N, , , , , , , , ,1,0,0,0,1,0,0,0,0,1,0,0,1,0,0,0,0,0,0,0,0,0,0,1,0,0,0,0,0,0,0,0,1,0,1,2,0,40.0208,-75.1183, ,Philadelphia
8694,85208,2017109785,6,67,67301,2017,9,3,728,7,1,1,0,8,1, , ,N,1,2,0,3,0,1,2,2,N,N,39 57:12.069,75 09:16.935,747, ,740, ,0, ,N, ,3, , , , , , , , , ,1,0,0,0,0,0,1,0,0,0,0,0,1,1,0,0,0,0,0,0,1,0,0,0,0,0,0,0,0,0,0,0,1,0,0,8,0,39.9534,-75.1547, ,Philadelphia
8695,85216,2017067982,6,67,67301,2017,6,6,2215,22,3,1,0,1,1, , ,N,0,0,0,3,0,0,3,2,N,N,39 58:26.778,75 14:05.272,25, ,22,3,1,1,N, ,0,N, , , , , , , , ,2,1,0,0,0,0,1,0,0,0,0,0,0,0,0,0,0,0,0,0,0,0,1,1,0,0,0,0,0,0,0,0,0,0,0,0,0,39.9741,-75.2348, ,Philadelphia
8696,85218,2017070454,6,67,67301,2017,6,3,1545,15,1,1,0,4,1, , ,N,2,2,0,3,0,2,2,2,N,N,39 58:20.781,75 10:39.137,1600, ,1548, ,0, ,N, ,3, , , , , , , , , ,2,1,0,0,0,0,1,0,0,0,0,1,2,1,0,0,0,0,0,0,1,0,0,0,0,0,0,0,0,0,0,0,0,0,0,4,0,39.9724,-75.1775, ,Philadelphia
8697,85219,2017076709,6,67,67301,2017,5,4,1239,12,1,1,0,1,1, , ,N,0,0,0,3,0,1,5,4,N,N,39 57:28.549,75 09:44.252,1300, ,1239, ,0, , , ,0, , , , , , , , , ,4,3,0,0,0,0,1,0,0,0,0,1,1,0,0,0,0,0,0,0,1,1,0,0,0,0,0,0,0,0,0,0,0,0,0,4,0,39.9579,-75.1623, ,Philadelphia
8698,85220,2017071764,6,67,67301,2017,3,6,1855,18,3,1,0,4,1, , ,N,0,0,7,3,0,1,2,2,N,N,40 01:38.061,75 03:49.673,0, ,0, ,0, ,N, ,0, , , , , , , , , ,2,1,0,0,0,0,0,0,0,0,0,0,1,1,0,0,0,0,0,0,0,0,0,0,0,0,0,0,0,0,0,0,0,0,0,8,0,40.0272,-75.0638, ,Philadelphia
8699,85224,2017067942,6,67,67301,2017,6,5,2014,20,1,1,0,8,1, , ,N,0,0,0,3,0,1,2,2,N,N,40 01:38.578,75 09:42.656,2024, ,2019,1,2,4,N, ,0,N, , , , , , , , ,1,1,0,0,0,0,0,0,0,0,1,0,1,0,0,0,0,0,0,0,0,0,0,1,0,0,0,0,0,0,0,0,1,0,0,3,0,40.0274,-75.1618, ,Philadelphia
8700,85227,2017070429,6,67,67301,2017,6,7,1854,18,1,1,0,8,1, , ,N,0,0,0,3,0,1,2,2,N,N,40 01:00.404,75 04:04.548,1907, ,1904, ,0, ,N, ,0, , , , , , , , , ,1,1,0,0,0,0,0,0,0,0,0,1,1,0,0,0,0,0,1,0,0,0,0,1,0,0,0,0,0,0,0,0,1,0,0,4,0,40.0168,-75.0679, ,Philadelphia
8701,85254,2017096268,6,67,67301,2017,8,5,540,5,5,1,0,7,2,1,8,Y,0,0,0,3,0,0,1,1,N,N,39 57:30.719,75 10:01.398,543,50,543,4,2,4, , ,0,N,U,N,N,N,N,N,N,Y,1,0,0,0,0,1,0,0,0,0,0,0,0,0,0,0,0,0,0,0,0,0,0,0,0,0,0,0,0,0,0,0,0,0,0,0,1,39.9585,-75.1671, ,Philadelphia
8702,85279,2017086275,6,67,67301,2017,8,3,1321,13,1,1,0,4,1, , ,N,2,0,0,3,0,4,4,2,N, ,40 00:32.828,75 05:23.477,1324, ,1322, ,0, , , ,0, , , , , , , , , ,2,2,0,0,0,0,0,0,0,0,0,0,4,4,0,0,0,0,0,0,1,0,0,0,0,0,0,0,0,0,0,0,0,0,0,8,0,40.0091,-75.0898, ,Philadelphia
8703,85310,2017073793,6,67,67301,2017,5,4,600,6,5,1,0,5,1, , ,N,6,4,2,3,0,1,2,2,N,N,39 56:39.054,75 11:49.549,0, ,0, ,0, ,N, ,3, , , , , , , , , ,2,0,0,0,0,0,2,0,0,0,1,0,1,0,1,0,0,0,0,0,0,0,0,0,0,0,0,0,0,0,0,0,0,0,0,3,0,39.9442,-75.1971, ,Philadelphia
8704,85312,2017070452,6,67,67301,2017,6,4,1148,11,1,1,0,8,1, , ,N,1,2,0,3,0,1,2,2,N,N,39 57:10.026,75 10:00.662,1152, ,1148, ,0, ,N, ,3, , , , , , , , , ,1,0,0,0,0,1,0,0,0,0,1,0,1,0,0,0,0,0,0,0,0,0,0,0,0,0,0,0,0,0,0,0,1,0,0,3,1,39.9528,-75.1669, ,Philadelphia
8705,85316,2017046512,6,67,67301,2017,5,3,850,8,1,1,0,1,1, , ,N,2,2,0,3,0,0,2,2,N,N,39 56:54.150,75 08:38.536,912, ,850,1,1,2,N, ,3,N, , , , , , , , ,2,1,0,0,0,0,0,1,0,0,0,0,0,0,0,0,0,0,0,0,2,0,0,0,0,0,0,0,0,0,0,0,0,0,0,0,0,39.9484,-75.1441, ,Philadelphia
8706,85334,2017086749,6,67,67301,2017,4,5,1855,18,1,1,1,1,1, , ,N,2,0,0,3,0,2,3,2,N, ,40 06:02.145,74 58:46.930,1945, ,1935, ,0, , , ,0, , , , , , , , , ,2,0,0,0,1,0,1,0,0,0,0,2,2,0,0,0,0,0,0,0,1,0,0,0,0,0,0,0,0,0,0,0,0,0,0,4,0,40.1006,-74.9797, ,Philadelphia
8707,85350,2017111044,6,67,67301,2017,9,7,336,3,3,1,0,4,1, , ,N,1,2,0,3,0,1,4,2,N,N,39 59:18.584,75 06:22.955,339, ,336, ,0, ,N, ,3, , , , , , , , , ,2,2,0,0,0,0,0,0,0,0,0,1,1,0,0,0,0,0,0,0,0,0,0,0,0,0,0,0,0,0,0,0,0,0,0,4,0,39.9885,-75.1064, ,Philadelphia
8708,85368,2017058324,6,67,67301,2017,5,2,1448,14,1,1,0,5,1, , ,N,0,0,0,3,0,0,2,2,N, ,39 54:38.993,75 11:34.089,9999, ,1448, ,0, , , ,0, , , , , , , , , ,2,0,0,0,1,0,1,0,0,0,0,0,0,0,0,0,0,0,0,0,2,0,0,0,0,0,0,0,0,0,0,0,0,0,0,0,0,39.9107,-75.1929, ,Philadelphia
8709,85402,2017117257,6,67,67301,2017,10,7,235,2,3,1,1,7,4, , ,N,0,0,3,3,0,0,3,2,N,N,40 00:26.369,75 11:31.498,238, ,236,2,1,1, , ,0,N, , , , , , , , ,2,2,0,0,0,0,0,0,0,0,0,0,0,0,0,0,0,0,0,0,0,0,0,0,0,0,0,0,0,0,0,0,0,0,0,0,0,40.0073,-75.1921, ,Philadelphia
8710,88553,2017070616,6,67,67301,2017,6,2,1228,12,1,1,0,7,4, , ,N,0,0,0,3,0,4,4,2,N,N,39 58:06.276,75 07:44.002,1234, ,1230,1,2,1, , ,0,N, , , , , , , , ,1,0,0,0,0,0,1,0,0,0,0,0,4,4,0,0,0,0,0,0,0,0,0,0,0,0,0,0,0,0,0,0,0,0,0,8,0,39.9684,-75.1289, ,Philadelphia
8711,88566,2017067860,6,67,67301,2017,6,7,205,2,3,1,0,7,4, , ,N,0,0,0,3,0,1,2,2,N,N,39 59:20.019,75 07:40.781,216, ,214,3,2,4,N, ,0,N, , , , , , , , ,2,1,0,0,0,0,0,1,0,0,0,1,1,0,0,0,0,0,0,0,0,0,0,1,0,0,0,0,0,0,0,0,0,0,0,4,0,39.9889,-75.128, ,Philadelphia
8712,88584,2017086034,6,67,67301,2017,7,7,105,1,3,2,1,8,1, , ,N,1,2,0,3,0,1,2,2,N,N,39 56:17.890,75 12:58.503,115, ,110, ,0, ,N, ,3, , , , , , , , , ,1,0,0,0,0,0,0,0,0,0,1,0,1,0,0,0,0,0,0,0,0,0,0,0,0,0,0,0,0,0,0,0,1,0,0,3,0,39.9383,-75.2163, ,Philadelphia
8713,88595,2017086775,6,67,67301,2017,4,4,145,1,3,1,0,8,1, , ,N,0,0,0,3,0,1,2,2,N,N,39 56:30.516,75 09:00.892,153, ,250, ,0, ,N, ,0, , , , , , , , , ,1,1,0,0,0,0,0,0,0,0,0,0,1,1,0,0,0,0,0,0,0,0,0,1,0,0,0,0,0,0,0,0,1,0,0,8,0,39.9418,-75.1502, ,Philadelphia
8714,88596,2017078860,6,67,67301,2017,7,3,2205,22,3,1,0,4,1, , ,N,1,2,0,3,0,0,3,2,N,N,40 03:17.355,75 09:09.820,2212, ,2211,2,1,5, , ,3,Y, , , , , , , , ,2,1,0,0,0,0,0,1,0,0,0,0,0,0,0,0,0,0,0,0,0,0,0,0,0,0,0,0,0,0,0,0,0,0,0,0,0,40.0548,-75.1527, ,Philadelphia
8715,88607,2017067850,6,67,67301,2017,5,2,1430,14,1,1,0,1,1, , ,N,0,0,0,3,0,1,2,2,N, ,39 56:55.650,75 12:55.777,1530, ,1515, ,0, , , ,0, , , , , , , , , ,2,1,0,0,0,0,1,0,0,0,0,1,1,0,0,0,0,0,0,0,1,1,0,1,0,0,0,0,0,0,0,0,0,0,0,4,0,39.9488,-75.2155, ,Philadelphia
8716,88619,2017078870,6,67,67301,2017,7,5,730,7,1,1,0,8,1, , ,N,1,2,0,3,0,1,2,2,N, ,40 03:40.050,75 14:10.506,740, ,738, ,0, , , ,3, , , , , , , , , ,1,0,0,0,0,0,1,0,0,0,0,0,1,1,0,0,0,0,0,0,1,0,0,0,0,0,0,0,0,0,0,0,1,0,0,8,0,40.0616,-75.2366, ,Philadelphia
8717,88632,2017097244,6,67,67301,2017,9,1,0,0,3,1,0,7,4, , ,N,0,0,0,3,0,1,2,2,N,N,40 01:58.778,75 01:13.616,18, ,1,2,1,2, , ,0,N, , , , , , , , ,2,1,0,0,0,1,0,0,0,0,1,0,1,0,0,0,0,0,0,0,0,0,0,1,0,0,0,0,0,0,0,0,0,0,0,3,1,40.033,-75.0204, ,Philadelphia
8718,88634,2017096200,6,67,67301,2017,9,7,1615,16,1,1,0,1,1, , ,N,0,0,0,3,0,1,4,2,N,N,39 58:03.276,75 07:56.200,1637, ,1620,2,2,2, , ,0,N, , , , , , , , ,2,1,0,0,0,0,1,0,0,0,1,0,1,0,0,0,0,0,0,0,1,0,0,0,0,0,0,0,0,0,0,0,0,0,0,3,0,39.9676,-75.1323, ,Philadelphia
8719,88640,2017055588,6,67,67301,2017,4,1,1218,12,1,1,0,4,1, , ,N,1,3,0,3,0,4,4,2,N,N,39 56:54.280,75 12:32.597,1223, ,1221,1,2,3,N, ,3,Y, , , , , , , , ,2,2,0,0,0,0,0,0,0,0,0,4,4,0,0,0,0,0,0,0,0,1,0,0,0,0,0,0,0,0,0,0,0,0,0,4,0,39.9484,-75.2091, ,Philadelphia
8720,88653,2017055464,6,67,67301,2017,5,4,835,8,1,1,0,8,1, , ,N,1,3,0,3,0,1,2,2,N,N,39 57:20.703,75 14:38.731,837, ,837,2,2,3,N, ,3,N, , , , , , , , ,1,1,0,0,0,0,0,0,0,0,0,1,1,0,0,0,0,0,0,0,0,0,0,0,0,0,0,0,0,0,0,0,1,0,0,4,0,39.9558,-75.2441, ,Philadelphia
8721,88681,2017076196,6,67,67301,2017,6,6,1015,10,1,1,0,4,1, , ,N,1,2,0,3,0,1,2,2,N,N,40 00:49.824,75 07:33.527,1142, ,1138, ,0, ,N, ,3, , , , , , , , , ,2,1,0,0,1,0,0,0,0,0,0,1,1,0,0,0,0,0,0,0,2,0,0,1,0,0,0,0,0,0,0,0,0,0,0,4,0,40.0138,-75.126, ,Philadelphia
8722,88685,2017086135,6,67,67301,2017,7,6,1319,13,1,1,0,1,1, , ,N,0,0,0,3,0,1,2,2,N,N,40 03:31.203,75 07:53.804,1333, ,1326,2,2,3,N, ,0,N, , , , , , , , ,2,1,0,0,0,0,0,1,0,0,0,1,1,0,0,0,0,0,0,0,1,0,0,0,0,0,0,0,0,0,0,0,0,0,0,4,0,40.0587,-75.1316, ,Philadelphia