objectid_1,objectid,crn,district,county,municipality,crash_year,crash_month,day_of_week,time_of_day,hour_of_day,illumination,weather,road_condition,collision_type,relation_to_road,work_zone_type,work_zone_loc,work_zone_ind,intersect_type,tcd_type,location_type,urban_rural,fatal_count,injury_count,person_count,total_units,sch_bus_ind,sch_zone_ind,latitude,longitude,arrival_tm,cons_zone_spd_lim,dispatch_tm,est_hrs_closed,lane_closed,ln_close_dir,ntfy_hiwy_maint,spec_juris_cd,tcd_func_cd,tfc_detour_ind,workers_pres,wz_close_detour,wz_flagger,wz_law_offcr_ind,wz_ln_closure,wz_moving,wz_other,wz_shlder_mdn,vehicle_count,automobile_count,motorcycle_count,bus_count,small_truck_count,heavy_truck_count,suv_count,van_count,bicycle_count,maj_inj_count,mod_inj_count,min_inj_count,tot_inj_count,unk_inj_deg_count,unk_inj_per_count,driver_count_16yr,driver_count_17yr,driver_count_18yr,driver_count_19yr,driver_count_20yr,driver_count_50_64yr,driver_count_65_74yr,driver_count_75plus,unbelted_occ_count,unb_death_count,unb_maj_inj_count,belted_death_count,belted_maj_inj_count,mcycle_death_count,mcycle_maj_inj_count,bicycle_death_count,bicycle_maj_inj_count,ped_count,ped_death_count,ped_maj_inj_count,max_severity_level,comm_veh_count,dec_lat,dec_long,rdwy_surf_type_cd,county_name
9115,118623,2018005427,6,67,67301,2017,12,1,1825,18,3,1,0,5,6, , ,N,0,0,0,3,0,0,1,3,N,N,40 06:25.800,75 01:18.900,1834, ,1829, ,0, ,N, ,0, , , , , , , , , ,3,0,0,0,0,0,3,0,0,0,0,0,0,0,0,0,0,0,0,0,0,0,0,0,0,0,0,0,0,0,0,0,0,0,0,0,0,40.1072,-75.0219, ,Philadelphia
9116,118627,2017120714,6,67,67301,2017,10,3,522,5,3,2,0,7,4, , ,N,0,0,1,3,0,2,2,1,N, ,39 58:42.666,75 08:00.637,525, ,523,3,2,1, , ,0,Y, , , , , , , , ,1,1,0,0,0,0,0,0,0,0,2,0,2,0,0,0,0,0,0,0,0,0,0,0,0,0,0,0,0,0,0,0,0,0,0,3,0,39.9785,-75.1335, ,Philadelphia
9117,118631,2017109786,6,67,67301,2017,9,3,624,6,5,1,0,8,1, , ,N,1,2,0,3,0,1,2,2,N,N,39 57:11.367,75 09:11.303,626, ,625, ,0, ,N, ,3, , , , , , , , , ,1,0,0,0,1,0,0,0,0,0,0,0,1,1,0,0,0,0,0,0,1,0,0,0,0,0,0,0,0,0,0,0,1,0,0,8,0,39.9532,-75.1531, ,Philadelphia
9118,118632,2017090615,6,67,67301,2017,9,1,1147,11,1,1,0,4,1, , ,N,0,0,7,3,0,3,3,2,N,N,39 58:29.136,75 11:28.426,1210, ,1148,2,2,5,N, ,0,Y, , , , , , , , ,2,1,0,0,0,0,1,0,0,0,3,0,3,0,0,0,0,0,0,0,0,0,0,0,0,0,0,0,0,0,0,0,0,0,0,3,0,39.9748,-75.1912, ,Philadelphia
9119,118641,2017088308,6,67,67301,2017,7,1,2355,23,3,1,0,7,4, , ,N,0,0,0,3,0,1,2,1,N,N,40 05:08.835,75 02:16.343,2358, ,2356,2,2,3,N, ,0,N, , , , , , , , ,1,1,0,0,0,0,0,0,0,0,0,1,1,0,0,0,0,0,0,0,0,0,0,0,0,0,0,0,0,0,0,0,0,0,0,4,0,40.0858,-75.0379, ,Philadelphia
9120,118642,2017122828,6,67,67301,2017,11,5,2152,21,6,1,0,7,5, , ,N,2,2,0,3,0,0,1,1,N, ,40 02:32.276,75 11:21.944,2152, ,2152, ,0, , , ,3, , , , , , , , , ,1,1,0,0,0,0,0,0,0,0,0,0,0,0,1,0,0,0,0,0,0,0,0,0,0,0,0,0,0,0,0,0,0,0,0,9,0,40.0423,-75.1894, ,Philadelphia
9121,118663,2017128101,6,67,67301,2017,11,1,1330,13,1,1,0,4,1, , ,N,1,3,0,3,0,1,3,2,N,N,40 02:19.737,75 01:51.265,1348, ,1339, ,0, ,N, ,3, , , , , , , , , ,2,1,0,0,0,0,0,1,0,0,0,1,1,0,0,0,0,0,0,0,0,0,1,2,0,0,0,0,0,0,0,0,0,0,0,4,0,40.0388,-75.0309, ,Philadelphia
9122,121435,2017097883,6,67,67301,2017,9,6,2230,22,3,1,0,5,1, , ,N,0,0,0,3,0,1,2,4,N, ,39 59:07.335,75 05:59.995,2235, ,2230, ,0, , , ,0, , , , , , , , , ,4,2,0,0,1,0,1,0,0,0,0,0,1,1,1,0,0,0,0,0,0,0,0,2,0,0,0,0,0,0,0,0,0,0,0,8,0,39.9854,-75.1, ,Philadelphia
9123,121440,2017096543,6,67,67301,2017,8,5,2300,23,3,1,0,1,1, , ,N,0,0,0,3,0,3,3,2,N,N,40 00:59.230,75 10:30.031,2359, ,2351,2,1,1,N, ,0,N, , , , , , , , ,2,1,0,0,0,0,1,0,0,0,0,0,3,3,0,0,0,0,0,0,0,0,0,0,0,0,0,0,0,0,0,0,0,0,0,8,0,40.0165,-75.175, ,Philadelphia
9124,121454,2017129751,6,67,67301,2017,12,7,1300,13,1,4,1,4,1, , ,N,1,2,0,3,0,1,5,2,N,N,39 58:44.053,75 09:34.464,1315, ,1315,2,2,6,N, ,3,Y, , , , , , , , ,2,1,0,0,0,0,0,1,0,0,0,0,1,1,0,0,0,0,0,0,1,0,0,0,0,0,0,0,0,0,0,0,0,0,0,8,0,39.9789,-75.1594, ,Philadelphia
9125,121479,2017137542,6,67,67301,2017,12,3,1940,19,3,2,1,4,1, , ,N,5,2,2,3,0,0,3,3,N, ,39 57:23.710,75 09:08.695,9999, ,9999, ,0, ,N, ,3, , , , , , , , , ,3,3,0,0,0,0,0,0,0,0,0,0,0,0,0,0,0,0,0,0,0,0,0,0,0,0,0,0,0,0,0,0,0,0,0,0,0,39.9566,-75.1524, ,Philadelphia
9126,121489,2017097895,6,67,67301,2017,9,6,1400,14,1,1,0,1,1, , ,N,1,2,0,3,0,1,2,2,Y,N,39 59:41.074,75 14:02.443,1435, ,1430, ,0, ,N, ,3, , , , , , , , , ,2,1,0,1,0,0,0,0,0,0,0,0,1,1,0,0,0,0,0,0,2,0,0,0,0,0,0,0,0,0,0,0,0,0,0,8,1,39.9947,-75.234, ,Philadelphia
9127,121490,2017096503,6,67,67301,2017,8,2,9999,99,1,1,0,4,1, , ,N,2,0,0,3,0,0,2,2,N, ,39 57:25.244,75 08:56.346,1210, ,1150, ,0, , , ,0, , , , , , , , , ,2,0,0,0,0,0,1,1,0,0,0,0,0,0,0,0,0,0,0,0,0,0,0,2,0,0,0,0,0,0,0,0,0,0,0,0,0,39.9571,-75.149, ,Philadelphia
9128,121501,2017125566,6,67,67301,2017,11,2,821,8,1,2,1,1,1, , ,N,6,0,2,3,0,0,2,2,N,N,39 53:58.258,75 09:48.996,821, ,821, ,0, , , ,0, , , , , , , , , ,2,1,0,0,0,0,1,0,0,0,0,0,0,0,0,0,0,0,0,0,0,0,0,0,0,0,0,0,0,0,0,0,0,0,0,0,0,39.8995,-75.1636, ,Philadelphia
9129,121516,2017118138,6,67,67301,2017,10,6,2321,23,3,1,0,7,3, , ,N,0,0,0,3,1,0,1,1,N,N,39 54:19.688,75 09:00.256,2331, ,2329,3,2,2,N,0,0,N, , , , , , , , ,1,0,1,0,0,0,0,0,0,0,0,0,0,0,0,0,0,0,0,0,0,0,0,0,0,0,0,0,1,0,0,0,0,0,0,1,0,39.9055,-75.1501,2,Philadelphia
9130,121519,2017120507,6,67,67301,2017,10,3,715,7,8,2,1,8,1, , ,N,5,2,0,3,0,1,2,2,N,N,39 58:51.069,75 14:47.819,725, ,719,3,1,2, , ,3,N, , , , , , , , ,1,1,0,0,0,0,0,0,0,0,0,1,1,0,0,0,0,0,0,0,0,0,0,0,0,0,0,0,0,0,0,0,1,0,0,4,0,39.9809,-75.2465, ,Philadelphia
9131,121520,2017116116,6,67,67301,2017,10,7,122,1,3,1,0,4,1, , ,N,1,0,0,3,0,0,1,2,N, ,40 01:45.210,75 10:28.410,150, ,122, ,0, , , ,0, , , , , , , , , ,2,1,0,0,0,0,1,0,0,0,0,0,0,0,1,0,0,0,0,0,0,0,0,0,0,0,0,0,0,0,0,0,0,0,0,9,0,40.0292,-75.1746, ,Philadelphia
9132,121535,2017130670,6,67,67301,2017,11,5,1758,17,3,1,0,8,1, , ,N,1,2,0,3,0,1,2,2,N,N,40 02:43.859,75 05:17.937,1805, ,1802, ,0, ,N, ,3, , , , , , , , , ,1,0,0,0,0,0,1,0,0,0,0,1,1,0,0,0,0,0,0,0,0,0,0,0,0,0,0,0,0,0,0,0,1,0,0,4,0,40.0455,-75.0883, ,Philadelphia
9133,121550,2018005600,6,67,67301,2017,12,3,1735,17,3,1,0,1,1, , ,N,0,0,0,3,0,0,2,2,N,N,40 00:39.442,75 03:42.128,1741, ,1735,1,1,1, , ,0,N, , , , , , , , ,2,2,0,0,0,0,0,0,0,0,0,0,0,0,0,0,0,0,0,0,0,1,0,1,0,0,0,0,0,0,0,0,0,0,0,0,0,40.011,-75.0617, ,Philadelphia
9134,121603,2017093515,6,67,67301,2017,8,3,1216,12,1,1,0,8,6, , ,N,0,0,0,3,0,1,2,2,N, ,40 02:15.032,75 10:23.138,1238, ,1237, ,0, , , ,0, , , , , , , , , ,1,1,0,0,0,0,0,0,0,0,0,1,1,0,0,0,0,0,0,0,0,0,0,1,0,0,0,0,0,0,0,0,1,0,0,4,0,40.0375,-75.1731, ,Philadelphia
9135,121642,2017133961,6,67,67301,2017,11,6,436,4,3,1,0,4,1, , ,N,1,2,0,3,0,6,6,2,N,N,39 59:19.554,75 07:12.678,440, ,438, ,0, ,N, ,3, , , , , , , , , ,2,0,0,0,0,0,1,1,0,0,1,5,6,0,0,0,0,0,0,0,0,0,0,0,0,0,0,0,0,0,0,0,0,0,0,3,0,39.9888,-75.1202, ,Philadelphia
9136,121673,2018027512,6,67,67301,2017,12,4,0,0,3,1,0,4,1, , ,N,2,2,0,3,0,1,2,2,N,N,39 59:53.504,75 11:15.514,105, ,100, ,0, ,N, ,3, , , , , , , , , ,2,1,0,0,0,0,1,0,0,0,0,1,1,0,0,0,0,0,0,1,1,0,0,0,0,0,0,0,0,0,0,0,0,0,0,4,0,39.9982,-75.1876, ,Philadelphia
9137,121674,2018004158,6,67,67301,2017,12,7,1336,13,1,4,1,7,3, , ,N,0,0,0,3,0,1,1,1,N,N,40 02:27.042,75 00:19.186,1355, ,1337, ,0, , , ,0, , , , , , , , , ,1,1,0,0,0,0,0,0,0,0,0,0,1,1,0,0,0,0,0,0,0,0,0,0,0,0,0,0,0,0,0,0,0,0,0,8,0,40.0408,-75.0053, ,Philadelphia
9138,121692,2018005441,6,67,67301,2017,11,2,1735,17,4,1,0,4,1, , ,N,1,3,0,3,0,1,3,2,N,N,40 03:47.599,75 11:01.842,1800, ,1750, ,0, ,N, ,3, , , , , , , , , ,2,2,0,0,0,0,0,0,0,0,0,1,1,0,0,0,0,0,0,0,1,0,1,0,0,0,0,0,0,0,0,0,0,0,0,4,0,40.0632,-75.1838, ,Philadelphia
9139,121701,2017101811,6,67,67301,2017,9,3,600,6,3,9,0,4,1, , ,N,1,2,0,3,0,1,2,2,N,N,39 58:08.337,75 14:14.074,610, ,605, ,0, ,N, ,9, , , , , , , , , ,1,1,0,0,0,0,0,0,1,0,0,0,1,1,1,0,0,0,0,0,0,0,0,0,0,0,0,0,0,0,0,0,0,0,0,8,0,39.969,-75.2372, ,Philadelphia
9140,127330,2017109950,6,67,67301,2017,7,3,1530,15,1,1,0,1,1, , ,N,1,2,0,3,0,6,6,2,N,N,40 02:45.824,75 05:58.352,1725, ,1550, ,0, ,N, ,3, , , , , , , , , ,2,0,0,2,0,0,0,0,0,0,0,4,6,2,0,0,0,0,0,0,0,0,0,0,0,0,0,0,0,0,0,0,0,0,0,4,2,40.0461,-75.0995, ,Philadelphia
9141,127356,2018029951,6,67,67301,2017,12,3,1421,14,1,1,0,6,1, , ,N,0,0,0,3,0,0,2,2,N, ,40 01:39.294,75 03:41.528,1556, ,1556, ,0, ,N, ,0, , , , , , , , , ,2,1,0,0,0,0,0,1,0,0,0,0,0,0,0,0,0,0,0,0,1,0,0,0,0,0,0,0,0,0,0,0,0,0,0,9,0,40.0276,-75.0615, ,Philadelphia
9142,127365,2017120565,6,67,67301,2017,10,6,805,8,1,1,0,4,1, , ,N,1,2,0,3,0,1,3,2,N,N,40 03:15.517,75 02:58.198,808, ,806,1,1,2, , ,3,N, , , , , , , , ,2,2,0,0,0,0,0,0,0,0,0,1,1,0,0,0,0,0,0,0,1,0,0,1,0,0,0,0,0,0,0,0,0,0,0,4,0,40.0542,-75.0493, ,Philadelphia
9143,127381,2017128481,6,67,67301,2017,12,2,1856,18,3,1,0,7,2,1,4,Y,0,0,0,3,0,0,2,1,N,N,39 58:01.992,75 08:00.540,1903,45,1901,2,2,2, , ,0,N,N,N,N,N,N,Y,N,Y,1,1,0,0,0,0,0,0,0,0,0,0,0,0,0,0,0,0,0,0,0,0,0,0,0,0,0,0,0,0,0,0,0,0,0,0,0,39.9672,-75.1335, ,Philadelphia
9144,127391,2017135045,6,67,67301,2017,11,3,255,2,3,1,0,7,4, , ,N,1,2,0,3,0,3,5,1,N,N,40 02:06.975,75 07:17.097,301, ,300, ,0, ,N, ,3, , , , , , , , , ,1,1,0,0,0,0,0,0,0,0,1,2,3,0,2,0,1,0,0,0,0,0,0,0,0,0,0,0,0,0,0,0,0,0,0,3,0,40.0353,-75.1214, ,Philadelphia
9145,127404,2018027385,6,67,67301,2017,12,5,1100,11,1,1,0,8,1, , ,N,2,3,0,3,0,1,2,2,N,N,40 01:47.035,75 06:18.772,1115, ,1113, ,0, ,N, ,3, , , , , , , , , ,1,1,0,0,0,0,0,0,0,0,0,0,1,1,0,0,0,0,0,0,0,0,1,0,0,0,0,0,0,0,0,0,1,0,0,8,0,40.0298,-75.1051, ,Philadelphia
9146,127407,2017096608,6,67,67301,2017,8,3,9999,99,1,2,1,8,1, , ,N,0,0,0,3,0,1,2,2,N,N,39 58:57.266,75 11:16.906,1750, ,1740, ,0, ,N, ,0, , , , , , , , , ,1,0,0,0,0,0,1,0,0,0,0,1,1,0,0,0,0,0,0,0,0,0,0,1,0,0,0,0,0,0,0,0,1,0,0,4,0,39.9826,-75.188, ,Philadelphia
9147,127420,2017120622,6,67,67301,2017,10,1,1243,12,1,2,1,5,1, , ,N,0,0,0,3,0,0,2,2,N,N,39 58:08.030,75 08:09.885,1255, ,1250, ,0, ,N, ,0, , , , , , , , , ,2,0,0,0,0,0,1,1,0,0,0,0,0,0,0,0,0,0,0,0,0,0,0,0,0,0,0,0,0,0,0,0,0,0,0,0,0,39.9689,-75.1361, ,Philadelphia
9148,127422,2017096439,6,67,67301,2017,9,7,1410,14,1,2,1,1,1, , ,N,1,2,0,3,0,1,5,2,N,N,40 01:53.219,75 09:17.182,1900, ,1900, ,0, ,N, ,2, , , , , , , , , ,2,2,0,0,0,0,0,0,0,0,0,1,1,0,1,0,0,0,0,0,0,0,0,0,0,0,0,0,0,0,0,0,0,0,0,4,0,40.0314,-75.1548, ,Philadelphia
9149,127423,2017093588,6,67,67301,2017,8,1,1905,19,3,1,0,0,1, , ,N,0,0,0,3,0,2,2,1,N, ,39 54:22.260,75 13:25.334,1925, ,1917, ,0, , , ,0, , , , , , , , , ,1,0,1,0,0,0,0,0,0,0,0,2,2,0,0,0,0,0,0,0,0,0,0,0,0,0,0,0,0,0,0,0,0,0,0,4,0,39.9062,-75.2237, ,Philadelphia
9150,127437,2017137596,6,67,67301,2017,12,2,1535,15,1,1,0,4,1, , ,N,2,2,1,3,0,1,2,2,N, ,40 00:34.641,75 03:50.429,1716, ,1710, ,0, ,N, ,3, , , , , , , , , ,2,1,0,0,1,0,0,0,0,0,0,1,1,0,0,0,0,0,0,0,0,0,0,1,0,0,0,0,0,0,0,0,0,0,0,4,0,40.0096,-75.064, ,Philadelphia
9151,127447,2018027473,6,67,67301,2017,12,2,2247,22,3,1,0,7,4, , ,N,0,0,3,3,0,0,1,1,N, ,40 01:56.502,75 11:58.587,2256, ,2247,2,1,3,N, ,0,N, , , , , , , , ,1,1,0,0,0,0,0,0,0,0,0,0,0,0,0,0,0,0,0,0,0,0,0,0,0,0,0,0,0,0,0,0,0,0,0,9,0,40.0324,-75.1996, ,Philadelphia
9152,127451,2018027435,6,67,67301,2017,12,3,230,2,3,1,0,4,1, , ,N,1,2,0,3,0,0,3,2,N,N,40 00:53.898,75 08:49.944,238, ,238, ,0, ,N, ,3, , , , , , , , , ,2,2,0,0,0,0,0,0,0,0,0,0,0,0,0,0,0,0,0,0,0,0,0,1,0,0,0,0,0,0,0,0,0,0,0,0,0,40.015,-75.1472, ,Philadelphia
9153,127460,2018020739,6,67,67301,2017,11,2,1744,17,1,1,0,4,1, , ,N,1,3,3,3,0,0,2,2,N, ,39 59:46.200,75 11:45.200,1905, ,1756, ,0, ,N, ,3, , , , , , , , , ,2,1,0,0,0,0,1,0,0,0,0,0,0,0,0,0,0,0,0,0,0,1,0,0,0,0,0,0,0,0,0,0,0,0,0,0,0,39.9962,-75.1959, ,Philadelphia
9154,127463,2018028734,6,67,67301,2017,12,4,742,7,1,1,0,5,1, , ,N,0,0,0,3,0,1,2,2,N,N,40 03:27.884,75 00:32.316,800, ,751, ,0, ,N, ,0, , , , , , , , , ,2,1,0,0,0,1,0,0,0,0,0,1,1,0,0,0,0,0,0,0,0,0,0,0,0,0,0,0,0,0,0,0,0,0,0,4,1,40.0577,-75.009, ,Philadelphia
9155,127464,2018005466,6,67,67301,2017,12,6,1850,18,3,1,0,8,1, , ,N,1,2,0,3,0,1,2,2,N,N,40 01:31.232,75 10:03.294,1920, ,1915, ,0, ,N, ,3, , , , , , , , , ,1,1,0,0,0,0,0,0,0,0,0,0,1,1,0,0,0,0,0,0,0,0,0,0,0,0,0,0,0,0,0,0,1,0,0,8,0,40.0253,-75.1676, ,Philadelphia
9156,127466,2017101818,6,67,67301,2017,9,5,1557,15,1,1,0,1,1, , ,N,1,2,0,3,0,2,4,2,N,N,39 59:44.232,75 10:03.297,1700, ,1640, ,0, ,N, ,3, , , , , , , , , ,2,1,0,1,0,0,0,0,0,0,0,0,2,2,0,0,0,0,0,0,1,0,0,1,0,0,0,0,0,0,0,0,0,0,0,8,1,39.9956,-75.1676, ,Philadelphia
9157,127486,2018005573,6,67,67301,2017,12,3,1752,17,3,2,1,1,1, , ,N,1,2,0,3,0,1,4,2,N, ,40 02:17.891,75 06:05.764,1848, ,1802,2,1,2,N, ,3,N, , , , , , , , ,2,2,0,0,0,0,0,0,0,0,0,1,1,0,0,0,0,0,0,0,0,0,0,0,0,0,0,0,0,0,0,0,0,0,0,4,0,40.0383,-75.1016, ,Philadelphia
9158,124782,2018027488,6,67,67301,2017,12,6,2240,22,3,1,0,4,1, , ,N,1,3,0,3,0,2,4,3,N,N,40 03:08.120,75 09:05.806,2250, ,2246,2,2,6,N, ,3,Y, , , , , , , , ,3,3,0,0,0,0,0,0,0,0,2,0,2,0,0,0,0,0,0,0,1,0,0,0,0,0,0,0,0,0,0,0,0,0,0,3,0,40.0523,-75.1516, ,Philadelphia
9159,124787,2017130580,6,67,67301,2017,11,3,9999,99,3,1,0,4,1, , ,N,1,2,2,3,0,0,3,2,N, ,39 54:37.249,75 09:03.078,2248, ,2240,2,1,1, , ,3,N, , , , , , , , ,2,1,0,1,0,0,0,0,0,0,0,0,0,0,0,0,0,0,0,0,0,0,0,0,0,0,0,0,0,0,0,0,0,0,0,0,1,39.9103,-75.1509, ,Philadelphia
9160,124799,2018027445,6,67,67301,2017,12,1,328,3,3,4,5,5,6, , ,N,0,0,0,3,0,0,1,4,N, ,40 03:29.700,75 09:09.200,338, ,334,1,1,2,N, ,0,N, , , , , , , , ,4,3,0,0,0,0,1,0,0,0,0,0,0,0,1,0,0,0,0,0,0,0,0,0,0,0,0,0,0,0,0,0,0,0,0,9,0,40.0583,-75.1526, ,Philadelphia
9161,124802,2017086161,6,67,67301,2017,7,5,1029,10,1,1,0,7,5, , ,N,0,0,0,3,0,1,1,2,N,N,39 59:54.837,75 06:27.093,1031, ,1030,3,2,3,N, ,0,Y, , , , , , , , ,2,1,0,0,1,0,0,0,0,0,0,1,1,0,0,0,0,0,0,0,0,1,0,0,0,0,0,0,0,0,0,0,0,0,0,4,0,39.9986,-75.1075, ,Philadelphia
9162,124815,2017093609,6,67,67301,2017,8,6,210,2,3,1,0,5,6, , ,N,0,0,0,3,0,1,1,2,N,N,39 56:11.868,75 12:57.922,232, ,222,3,2,6,N, ,0,Y, , , , , , , , ,2,2,0,0,0,0,0,0,0,0,0,0,1,1,0,0,0,0,0,0,0,0,0,0,0,0,0,0,0,0,0,0,0,0,0,8,0,39.9366,-75.2161, ,Philadelphia
9163,124826,2017105884,6,67,67301,2017,9,6,2000,20,3,1,0,1,1, , ,N,1,2,0,3,0,1,2,2,N, ,39 57:52.333,75 08:03.809,2030, ,2010, ,0, , , ,3, , , , , , , , , ,2,1,0,1,0,0,0,0,0,0,0,1,1,0,0,0,0,0,0,0,0,0,0,0,0,0,0,0,0,0,0,0,0,0,0,4,1,39.9644,-75.1343, ,Philadelphia
9164,124835,2017133937,6,67,67301,2017,11,6,919,9,1,1,0,8,1, , ,N,0,0,0,3,0,1,2,3,N,N,39 55:13.200,75 14:28.000,919, ,919, ,0, ,N, ,0, , , , , , , , , ,2,0,0,0,0,0,2,0,0,0,0,0,1,1,0,0,0,0,0,0,0,0,0,0,0,0,0,0,0,0,0,0,1,0,0,8,0,39.9203,-75.2411, ,Philadelphia
9165,124847,2017136610,6,67,67301,2017,12,7,813,8,1,1,0,7,5, , ,N,0,0,0,3,0,0,1,1,N,N,39 53:24.053,75 13:13.361,820, ,820,1,1,1, , ,0,N, , , , , , , , ,1,1,0,0,0,0,0,0,0,0,0,0,0,0,0,0,0,0,0,1,0,0,0,0,0,0,0,0,0,0,0,0,0,0,0,0,0,39.89,-75.2203, ,Philadelphia
9166,124852,2018027472,6,67,67301,2017,12,5,2035,20,3,1,0,2,1, , ,N,0,0,0,3,0,3,4,3,N, ,40 01:33.904,75 11:56.290,2043, ,2039,3,2,5,N, ,0,Y, , , , , , , , ,3,1,0,0,0,0,2,0,0,0,0,0,3,3,0,0,0,0,0,0,1,0,0,0,0,0,0,0,0,0,0,0,0,0,0,8,0,40.0261,-75.199, ,Philadelphia
9167,124866,2018004644,6,67,67301,2017,12,7,1709,17,3,1,0,1,1, , ,N,0,0,0,3,0,0,2,2,N,N,39 58:06.429,75 07:43.531,1726, ,1710,1,1,1, , ,0,N, , , , , , , , ,2,2,0,0,0,0,0,0,0,0,0,0,0,0,0,0,0,0,0,0,1,0,0,0,0,0,0,0,0,0,0,0,0,0,0,0,0,39.9685,-75.1288, ,Philadelphia
9168,124870,2018027606,6,67,67301,2017,12,7,1950,19,3,4,5,4,1, , ,N,1,2,0,3,0,0,2,3,N,N,40 00:50.174,75 03:20.262,2000, ,2003, ,0, ,N, ,3, , , , , , , , , ,3,1,0,0,0,0,1,1,0,0,0,0,0,0,2,0,0,0,0,0,0,0,0,0,0,0,0,0,0,0,0,0,0,0,0,9,0,40.0139,-75.0556, ,Philadelphia
9169,124871,2018005548,6,67,67301,2017,12,2,956,9,1,1,0,4,1, , ,N,1,2,0,3,0,1,4,2,N,N,40 00:25.981,75 07:24.378,1010, ,1000, ,0, ,N, ,3, , , , , , , , , ,2,1,0,0,0,0,0,1,0,0,0,1,1,0,0,0,0,0,0,0,1,0,0,0,0,0,0,0,0,0,0,0,0,0,0,4,0,40.0072,-75.1234, ,Philadelphia
9170,124878,2018029805,6,67,67301,2017,12,6,1238,12,1,1,0,4,1, , ,N,1,3,0,3,0,1,4,3,N,N,40 03:25.236,75 09:22.197,1307, ,1256, ,0, ,N, ,3, , , , , , , , , ,3,2,0,0,0,0,1,0,0,0,0,1,1,0,0,0,0,0,0,0,0,0,0,0,0,0,0,0,0,0,0,0,0,0,0,4,0,40.057,-75.1562, ,Philadelphia
9171,124887,2018004068,6,67,67301,2017,12,7,222,2,3,2,1,7,5, , ,N,0,0,0,3,0,1,1,1,N,N,40 01:54.177,75 01:17.259,222, ,222, ,0, , , ,0, , , , , , , , , ,1,0,0,0,1,0,0,0,0,0,1,0,1,0,0,0,0,0,0,0,0,0,0,1,0,0,0,0,0,0,0,0,0,0,0,3,0,40.0317,-75.0215, ,Philadelphia
9172,124888,2018028730,6,67,67301,2017,12,6,2248,22,3,1,0,7,2, , ,N,1,3,0,3,0,2,3,1,N,N,39 57:11.822,75 13:27.343,2252, ,2250, ,0, ,N, ,3, , , , , , , , , ,1,1,0,0,0,0,0,0,0,0,0,1,2,1,0,1,0,0,0,0,0,0,0,0,0,0,0,0,0,0,0,0,0,0,0,4,0,39.9533,-75.2243, ,Philadelphia
9173,124891,2018027423,6,67,67301,2017,12,5,1549,15,1,1,0,8,1, , ,N,1,2,0,3,0,1,2,2,N,N,40 02:49.491,75 09:47.455,1552, ,1551, ,0, ,N, ,3, , , , , , , , , ,1,1,0,0,0,0,0,0,0,0,0,1,1,0,0,0,0,0,0,0,0,0,0,0,0,0,0,0,0,0,0,0,1,0,0,4,0,40.0471,-75.1632, ,Philadelphia
9174,124892,2018005498,6,67,67301,2017,11,5,1315,13,1,1,0,4,1, , ,N,1,3,0,3,0,0,6,2,N, ,40 00:46.191,75 09:16.516,1325, ,1323, ,0, ,N, ,3, , , , , , , , , ,2,1,0,0,0,0,0,1,0,0,0,0,0,0,0,0,0,0,0,0,1,1,0,0,0,0,0,0,0,0,0,0,0,0,0,0,0,40.0128,-75.1546, ,Philadelphia
9175,124895,2017133925,6,67,67301,2017,11,4,1440,14,1,1,0,8,1, , ,N,0,0,0,3,0,1,2,2,N,N,39 57:58.300,75 13:44.200,1445, ,1440, ,0, ,N, ,0, , , , , , , , , ,1,1,0,0,0,0,0,0,0,1,0,0,1,0,0,0,0,0,0,0,0,0,0,1,0,0,0,0,0,0,0,0,1,0,1,2,0,39.9662,-75.2289, ,Philadelphia
9176,118669,2017131969,6,67,67301,2017,12,3,1930,19,3,1,0,8,1, , ,N,5,2,0,3,0,1,2,2,N,N,39 57:30.941,75 11:37.307,1940, ,1936,1,1,4,N, ,3,Y, , , , , , , , ,1,0,0,0,1,0,0,0,0,0,1,0,1,0,0,0,0,0,0,0,0,0,0,0,0,0,0,0,0,0,0,0,1,0,0,3,0,39.9586,-75.1937, ,Philadelphia
9177,118688,2017120518,6,67,67301,2017,10,2,1019,10,1,1,0,4,1, , ,N,1,2,0,3,0,3,4,2,N,N,40 01:38.846,75 03:44.583,1035, ,1027, ,0, ,N, ,3, , , , , , , , , ,2,1,0,1,0,0,0,0,0,0,0,0,3,3,0,0,0,0,0,0,0,0,0,0,0,0,0,0,0,0,0,0,0,0,0,8,1,40.0275,-75.0624, ,Philadelphia
9178,118703,2017093606,6,67,67301,2017,8,7,1930,19,1,1,0,4,1, , ,N,0,0,0,3,0,1,2,2,N,N,40 01:50.988,75 04:04.634,1935, ,1930, ,0, ,N, ,0, , , , , , , , , ,1,1,0,0,0,0,0,0,1,0,0,1,1,0,0,0,0,0,0,0,0,0,0,0,0,0,0,0,0,0,0,0,0,0,0,4,0,40.0308,-75.068, ,Philadelphia