objectid_1,objectid,crn,district,county,municipality,crash_year,crash_month,day_of_week,time_of_day,hour_of_day,illumination,weather,road_condition,collision_type,relation_to_road,work_zone_type,work_zone_loc,work_zone_ind,intersect_type,tcd_type,location_type,urban_rural,fatal_count,injury_count,person_count,total_units,sch_bus_ind,sch_zone_ind,latitude,longitude,arrival_tm,cons_zone_spd_lim,dispatch_tm,est_hrs_closed,lane_closed,ln_close_dir,ntfy_hiwy_maint,spec_juris_cd,tcd_func_cd,tfc_detour_ind,workers_pres,wz_close_detour,wz_flagger,wz_law_offcr_ind,wz_ln_closure,wz_moving,wz_other,wz_shlder_mdn,vehicle_count,automobile_count,motorcycle_count,bus_count,small_truck_count,heavy_truck_count,suv_count,van_count,bicycle_count,maj_inj_count,mod_inj_count,min_inj_count,tot_inj_count,unk_inj_deg_count,unk_inj_per_count,driver_count_16yr,driver_count_17yr,driver_count_18yr,driver_count_19yr,driver_count_20yr,driver_count_50_64yr,driver_count_65_74yr,driver_count_75plus,unbelted_occ_count,unb_death_count,unb_maj_inj_count,belted_death_count,belted_maj_inj_count,mcycle_death_count,mcycle_maj_inj_count,bicycle_death_count,bicycle_maj_inj_count,ped_count,ped_death_count,ped_maj_inj_count,max_severity_level,comm_veh_count,dec_lat,dec_long,rdwy_surf_type_cd,county_name
9309,125150,2017130669,6,67,67301,2017,11,2,1821,18,3,1,0,4,6, , ,N,0,0,0,3,0,0,1,2,N,N,39 55:29.829,75 10:20.038,1837, ,1834, ,0, ,N, ,0, , , , , , , , , ,2,1,0,0,0,0,0,1,0,0,0,0,0,0,0,0,0,0,0,0,0,0,0,1,0,0,0,0,0,0,0,0,0,0,0,0,0,39.925,-75.1722, ,Philadelphia
9310,125204,2018027469,6,67,67301,2017,12,3,1330,13,1,1,0,8,1, , ,N,0,0,0,3,0,1,2,2,N, ,39 59:39.300,75 09:15.813,1358, ,1336, ,0, ,N, ,0, , , , , , , , , ,1,0,0,0,0,0,1,0,0,0,1,0,1,0,0,0,0,0,0,0,0,0,0,1,0,0,0,0,0,0,0,0,1,0,0,3,0,39.9943,-75.1544, ,Philadelphia
9311,125206,2017127368,6,67,67301,2017,11,7,2203,22,3,1,0,1,1, , ,N,3,2,0,3,0,1,2,2,N,N,39 56:36.844,75 14:47.598,2220, ,2215, ,0, ,N, ,3, , , , , , , , , ,2,0,0,0,0,0,2,0,0,0,0,1,1,0,0,0,0,0,0,0,1,0,0,1,0,0,0,0,0,0,0,0,0,0,0,4,0,39.9435,-75.2468, ,Philadelphia
9312,125215,2017120598,6,67,67301,2017,10,2,1150,11,1,1,0,4,1, , ,N,1,3,0,3,0,1,3,2,N, ,39 55:49.468,75 09:40.877,1235, ,1234, ,0, , , ,3, , , , , , , , , ,2,0,0,0,0,0,1,1,0,0,0,0,1,1,0,0,0,0,0,0,0,0,0,1,0,0,0,0,0,0,0,0,0,0,0,8,0,39.9304,-75.1614, ,Philadelphia
9313,125216,2017135118,6,67,67301,2017,10,7,2128,21,3,1,0,1,1, , ,N,0,0,3,3,0,0,8,4,N,N,39 57:36.151,75 10:44.982,2141, ,2128,2,2,4,N, ,0,N, , , , , , , , ,4,3,0,0,0,0,0,1,0,0,0,0,0,0,0,0,0,0,0,0,0,0,0,0,0,0,0,0,0,0,0,0,0,0,0,0,0,39.96,-75.1792, ,Philadelphia
9314,125233,2017134002,6,67,67301,2017,11,4,1029,10,1,1,0,1,1, , ,N,1,2,0,3,0,0,2,2,N, ,39 58:28.921,75 11:58.238,1038, ,1033, ,0, ,N, ,3, , , , , , , , , ,2,1,0,0,0,0,1,0,0,0,0,0,0,0,0,0,0,0,0,1,0,0,0,0,0,0,0,0,0,0,0,0,0,0,0,0,0,39.9746,-75.1992, ,Philadelphia
9315,125241,2017137521,6,67,67301,2017,11,2,1650,16,2,1,0,8,1, , ,N,1,3,0,3,0,1,2,2,N,N,39 56:57.883,75 13:51.477,1747, ,1744, ,0, ,N, ,3, , , , , , , , , ,1,0,0,0,1,0,0,0,0,0,0,1,1,0,0,0,0,0,0,0,1,0,0,0,0,0,0,0,0,0,0,0,1,0,0,4,0,39.9494,-75.231, ,Philadelphia
9316,125247,2018020748,6,67,67301,2017,11,1,1719,17,3,1,0,7,4, , ,N,0,0,0,3,0,1,1,1,N,N,39 57:30.257,75 08:30.913,1730, ,1724, ,0, ,N, ,0, , , , , , , , , ,1,0,0,0,0,0,1,0,0,0,0,1,1,0,0,0,0,0,0,0,0,0,0,0,0,0,0,0,0,0,0,0,0,0,0,4,0,39.9584,-75.1419, ,Philadelphia
9317,125248,2018020707,6,67,67301,2017,10,6,130,1,3,1,0,5,6, , ,N,0,0,1,3,0,1,2,2,N,N,39 59:03.000,75 07:56.400,138, ,138,1,1,1,N, ,0,N, , , , , , , , ,2,0,0,0,1,0,1,0,0,1,0,0,1,0,0,0,0,0,0,0,0,0,0,0,0,0,0,0,0,0,0,0,0,0,0,2,0,39.9842,-75.1323, ,Philadelphia
9318,125252,2018029252,6,67,67301,2017,12,5,1350,13,1,1,0,4,1, , ,N,1,2,0,3,0,2,5,3,N,N,40 01:44.565,75 08:46.165,1405, ,1400, ,0, ,N, ,3, , , , , , , , , ,3,1,0,0,0,0,1,1,0,0,0,2,2,0,0,0,0,1,0,0,0,1,0,4,0,0,0,0,0,0,0,0,0,0,0,4,0,40.029,-75.1462, ,Philadelphia
9319,119155,2017130596,6,67,67301,2017,10,4,1800,18,1,1,0,8,1, , ,N,1,2,0,3,0,1,2,2,N,N,40 01:50.040,75 04:57.502,1559, ,1559, ,0, ,N, ,3, , , , , , , , , ,1,0,0,0,0,0,1,0,0,0,1,0,1,0,0,0,0,0,0,0,0,0,0,1,0,0,0,0,0,0,0,0,1,0,0,3,0,40.0306,-75.0826, ,Philadelphia
9320,119162,2018027495,6,67,67301,2017,12,7,1350,13,1,4,3,4,1, , ,N,2,3,0,3,0,0,2,5,N,N,40 02:33.404,75 04:38.835,1420, ,1412,1,2,5,N, ,3,N, , , , , , , , ,5,5,0,0,0,0,0,0,0,0,0,0,0,0,0,0,0,0,0,0,1,0,0,0,0,0,0,0,0,0,0,0,0,0,0,0,0,40.0426,-75.0775, ,Philadelphia
9321,119163,2017109746,6,67,67301,2017,9,3,2312,23,3,1,0,4,1, , ,N,1,3,0,3,0,0,3,3,N,N,39 58:09.831,75 09:47.666,2340, ,2333, ,0, , , ,3, , , , , , , , , ,3,1,0,0,0,0,2,0,0,0,0,0,0,0,0,0,0,0,0,0,1,0,0,0,0,0,0,0,0,0,0,0,0,0,0,0,0,39.9694,-75.1632, ,Philadelphia
9322,119166,2017109872,6,67,67301,2017,10,4,519,5,3,1,0,7,4, , ,N,0,0,0,3,0,1,1,1,N, ,40 03:08.867,75 03:01.785,525, ,521,1,1,1, , ,0,N, , , , , , , , ,1,1,0,0,0,0,0,0,0,0,0,0,1,1,0,0,0,0,0,0,0,0,0,0,0,0,0,0,0,0,0,0,0,0,0,8,0,40.0525,-75.0505, ,Philadelphia
9323,119170,2017100799,6,67,67301,2017,7,4,141,1,3,1,0,7,4, , ,N,0,0,0,3,0,1,1,1,N,N,39 57:37.287,75 10:54.179,158, ,146, ,0, , , ,0, , , , , , , , , ,1,1,0,0,0,0,0,0,0,0,1,0,1,0,0,0,0,0,0,0,0,0,0,0,0,0,0,0,0,0,0,0,0,0,0,3,0,39.9599,-75.1813, ,Philadelphia
9324,119174,2017128048,6,67,67301,2017,11,6,2350,23,3,1,0,4,1, , ,N,2,0,0,3,0,0,2,2,N,N,40 01:35.020,75 05:38.085,2350, ,2350, ,0, ,N, ,0, , , , , , , , , ,2,2,0,0,0,0,0,0,0,0,0,0,0,0,0,0,0,0,0,0,1,0,0,0,0,0,0,0,0,0,0,0,0,0,0,0,0,40.0264,-75.0939, ,Philadelphia
9325,119179,2018027462,6,67,67301,2017,12,1,1816,18,3,1,0,8,1, , ,N,0,0,0,3,0,1,2,2,N,N,39 57:32.700,75 14:07.000,1821, ,1818, ,0, ,N, ,0, , , , , , , , , ,1,0,0,0,1,0,0,0,0,0,1,0,1,0,0,0,0,0,0,0,0,1,0,0,0,0,0,0,0,0,0,0,1,0,0,3,0,39.9591,-75.2353, ,Philadelphia
9326,119202,2017130611,6,67,67301,2017,11,5,1329,13,1,1,0,1,1, , ,N,1,0,0,3,0,0,2,2,N, ,39 59:10.003,75 10:02.366,1728, ,1717, ,0, , , ,0, , , , , , , , , ,2,1,0,0,0,0,1,0,0,0,0,0,0,0,0,0,0,0,0,0,0,0,0,1,0,0,0,0,0,0,0,0,0,0,0,0,0,39.9861,-75.1673, ,Philadelphia
9327,119231,2018005254,6,67,67301,2017,12,7,234,2,3,4,1,5,1, , ,N,0,0,0,3,0,0,2,2,N,N,39 57:44.992,75 08:22.798,237, ,234, ,0, , , ,0, , , , , , , , , ,2,0,0,0,1,1,0,0,0,0,0,0,0,0,0,0,0,0,0,0,0,0,0,0,0,0,0,0,0,0,0,0,0,0,0,0,1,39.9625,-75.1397, ,Philadelphia
9328,119258,2017128040,6,67,67301,2017,11,6,1020,10,1,1,0,4,1, , ,N,1,2,0,3,0,1,2,2,N,N,40 05:54.066,75 02:49.469,1029, ,1024,2,1,4,N, ,3,N, , , , , , , , ,2,1,0,0,0,0,1,0,0,0,1,0,1,0,0,0,0,0,0,0,1,1,0,0,0,0,0,0,0,0,0,0,0,0,0,3,0,40.0984,-75.0471, ,Philadelphia
9329,119262,2017137548,6,67,67301,2017,12,6,1500,15,1,1,0,4,1, , ,N,1,2,0,3,0,0,2,2,N,N,40 01:53.675,75 12:27.912,1515, ,1512, ,0, ,N, ,3, , , , , , , , , ,2,2,0,0,0,0,0,0,0,0,0,0,0,0,0,0,0,0,0,0,0,0,1,0,0,0,0,0,0,0,0,0,0,0,0,0,0,40.0316,-75.2076, ,Philadelphia
9330,119268,2018020720,6,67,67301,2017,11,4,122,1,3,1,0,5,6, , ,N,0,0,0,3,0,0,1,5,N,N,39 55:26.166,75 09:58.486,123, ,122, ,0, ,N, ,0, , , , , , , , , ,5,2,0,0,0,0,3,0,0,0,0,0,0,0,1,0,0,0,0,0,0,0,0,0,0,0,0,0,0,0,0,0,0,0,0,9,0,39.9239,-75.1662, ,Philadelphia
9331,119292,2017137588,6,67,67301,2017,11,3,1800,18,3,1,0,8,1, , ,N,1,2,0,3,0,1,2,2,N,N,39 57:02.545,75 13:43.896,1812, ,1810, ,0, ,N, ,3, , , , , , , , , ,1,1,0,0,0,0,0,0,0,0,0,1,1,0,0,0,0,0,0,0,1,0,0,1,0,0,0,0,0,0,0,0,1,0,0,4,0,39.9507,-75.2289, ,Philadelphia
9332,119299,2017128002,6,67,67301,2017,11,7,1855,18,4,9,0,8,1, , ,N,1,2,0,3,0,1,2,2,N,N,39 57:14.416,75 10:05.601,1930, ,1900, ,0, ,N, ,3, , , , , , , , , ,1,0,0,0,0,0,0,1,0,0,0,0,1,1,0,0,0,0,0,0,0,0,0,1,0,0,0,0,0,0,0,0,1,0,0,8,0,39.954,-75.1682, ,Philadelphia
9333,119300,2018005504,6,67,67301,2017,12,6,9999,99,1,1,0,4,1, , ,N,0,0,0,3,0,1,2,2,N,N,39 59:29.477,75 06:32.565,9999, ,9999, ,0, ,N, ,0, , , , , , , , , ,2,2,0,0,0,0,0,0,0,0,1,0,1,0,0,0,0,0,0,0,1,0,0,0,0,0,0,0,0,0,0,0,0,0,0,3,0,39.9915,-75.109, ,Philadelphia
9334,119301,2017120645,6,67,67301,2017,10,5,711,7,1,1,0,4,1, , ,N,1,2,0,3,0,1,3,3,N,N,40 00:49.835,75 03:21.481,715, ,712, ,0, ,N, ,3, , , , , , , , , ,3,1,0,0,0,0,2,0,0,0,0,1,1,0,0,0,0,0,0,0,1,0,0,1,0,0,0,0,0,0,0,0,0,0,0,4,0,40.0138,-75.056, ,Philadelphia
9335,119357,2017135047,6,67,67301,2017,11,5,1604,16,1,1,0,4,1, , ,N,1,3,2,3,0,1,4,2,N,N,40 00:53.378,75 12:23.551,1611, ,1609, ,0, ,N, ,3, , , , , , , , , ,2,1,0,0,0,0,1,0,0,0,0,1,1,0,0,0,0,0,0,1,0,0,0,0,0,0,0,0,0,0,0,0,0,0,0,4,0,40.0149,-75.2067, ,Philadelphia
9336,119375,2018027506,6,67,67301,2017,12,3,0,0,3,1,0,7,3, , ,N,2,2,0,3,0,1,1,1,N,N,40 04:10.185,74 58:53.111,45, ,27, ,0, ,N, ,3, , , , , , , , , ,1,0,0,0,0,0,1,0,0,0,0,1,1,0,0,0,0,0,0,0,0,0,0,0,0,0,0,0,0,0,0,0,0,0,0,4,0,40.0695,-74.9814, ,Philadelphia
9337,122105,2017109971,6,67,67301,2017,9,7,1720,17,1,1,0,6,1, , ,N,0,0,0,3,0,1,2,2,N, ,39 58:11.770,75 07:53.008,1722, ,1720, ,0, , , ,0, , , , , , , , , ,1,0,1,0,0,0,0,0,1,0,0,0,1,1,0,0,0,0,0,0,0,0,0,0,0,0,0,0,0,0,0,0,0,0,0,8,0,39.9699,-75.1314, ,Philadelphia
9338,122114,2017137540,6,67,67301,2017,12,2,1237,12,1,1,0,5,1, , ,N,0,0,0,3,0,1,3,2,N, ,39 55:47.742,75 13:09.637,1300, ,1253, ,0, ,N, ,0, , , , , , , , , ,2,2,0,0,0,0,0,0,0,0,0,1,1,0,0,0,0,0,0,0,1,0,0,0,0,0,0,0,0,0,0,0,0,0,0,4,0,39.9299,-75.2193, ,Philadelphia
9339,122118,2018027464,6,67,67301,2017,12,3,1340,13,1,1,0,3,1, , ,N,0,0,0,3,0,0,2,2,N, ,39 57:21.300,75 12:48.800,1408, ,1405,1,1,5,N, ,0,Y, , , , , , , , ,2,1,0,0,0,0,0,1,0,0,0,0,0,0,0,0,0,0,0,0,2,0,0,0,0,0,0,0,0,0,0,0,0,0,0,0,0,39.9559,-75.2136, ,Philadelphia
9340,122122,2017105902,6,67,67301,2017,9,3,1550,15,1,1,0,4,1, , ,N,0,0,7,3,0,3,3,2,N, ,40 06:35.105,75 01:27.134,1614, ,1609,1,1,2, , ,0,N, , , , , , , , ,2,2,0,0,0,0,0,0,0,0,0,0,3,3,0,0,0,0,0,0,0,0,0,0,0,0,0,0,0,0,0,0,0,0,0,8,0,40.1098,-75.0242, ,Philadelphia
9341,122126,2017096569,6,67,67301,2017,8,5,251,2,3,1,0,1,1, , ,N,1,2,0,3,0,0,2,2,N,N,40 06:16.480,75 00:08.268,313, ,254, ,0, ,N, ,3, , , , , , , , , ,2,2,0,0,0,0,0,0,0,0,0,0,0,0,0,0,0,0,0,0,1,0,0,0,0,0,0,0,0,0,0,0,0,0,0,0,0,40.1046,-75.0023, ,Philadelphia
9342,122132,2017108020,6,67,67301,2017,9,7,1442,14,1,1,0,8,1, , ,N,0,0,0,3,0,1,2,2,N, ,39 59:53.498,75 06:23.245,1445, ,1442,1,2,4, , ,0,N, , , , , , , , ,1,0,0,0,0,0,1,0,0,0,0,1,1,0,0,0,0,0,0,0,1,0,0,0,0,0,0,0,0,0,0,0,1,0,0,4,0,39.9982,-75.1065, ,Philadelphia
9343,122157,2018030871,6,67,67301,2017,12,5,850,8,1,1,5,5,6, , ,N,0,0,0,3,0,1,2,4,N, ,40 03:28.500,74 59:18.300,905, ,855, ,0, ,N, ,0, , , , , , , , , ,3,1,0,0,1,0,1,0,0,0,1,0,1,0,0,0,0,0,0,0,1,0,0,0,0,0,0,0,0,0,0,0,1,0,0,3,0,40.0579,-74.9884, ,Philadelphia
9344,122159,2018027377,6,67,67301,2017,12,1,251,2,3,4,5,1,6, , ,N,0,0,0,3,0,1,2,2,N,N,39 59:14.300,75 06:42.500,255, ,252, ,0, ,N, ,0, , , , , , , , , ,2,2,0,0,0,0,0,0,0,0,0,1,1,0,0,0,0,0,0,0,0,0,0,0,0,0,0,0,0,0,0,0,0,0,0,4,0,39.9873,-75.1118, ,Philadelphia
9345,122180,2018027381,6,67,67301,2017,12,1,1900,19,3,1,0,1,1, , ,N,2,0,0,3,0,4,5,2,N,N,39 58:22.904,75 13:06.470,1902, ,1900, ,0, ,N, ,0, , , , , , , , , ,2,1,0,0,1,0,0,0,0,0,0,0,4,4,0,0,0,0,0,0,1,1,0,0,0,0,0,0,0,0,0,0,0,0,0,8,0,39.973,-75.2185, ,Philadelphia
9346,122181,2018026503,6,67,67301,2017,12,5,2335,23,3,1,0,5,6, , ,N,0,0,0,3,0,0,1,3,N,N,40 03:12.100,75 10:30.700,2340, ,2335,3,1,1,N, ,0,N, , , , , , , , ,3,2,0,0,0,0,1,0,0,0,0,0,0,0,0,0,0,0,0,0,1,0,0,0,0,0,0,0,0,0,0,0,0,0,0,0,0,40.0534,-75.1752, ,Philadelphia
9347,122197,2017127994,6,67,67301,2017,10,1,1505,15,1,2,1,1,1, , ,N,0,0,0,3,0,4,5,2,N,N,40 01:13.700,75 06:55.900,1520, ,1508, ,0, ,N, ,0, , , , , , , , , ,2,2,0,0,0,0,0,0,0,0,0,0,4,4,0,0,0,0,0,0,1,0,0,1,0,0,0,0,0,0,0,0,0,0,0,8,0,40.0205,-75.1155, ,Philadelphia
9348,122220,2018026743,6,67,67301,2017,12,7,1117,11,1,4,1,4,1, , ,N,1,2,2,3,0,2,3,2,N,N,39 53:57.891,75 10:29.197,1117, ,1117, ,0, ,N, ,3, , , , , , , , , ,2,1,0,0,0,0,1,0,0,0,0,2,2,0,0,0,0,0,0,0,1,0,0,0,0,0,0,0,0,0,0,0,0,0,0,4,0,39.8994,-75.1748, ,Philadelphia
9349,122236,2017127338,6,67,67301,2017,11,1,1537,15,1,1,0,5,6, , ,N,0,0,0,3,0,0,1,7,N,N,39 58:07.700,75 12:00.600,1551, ,1542, ,0, ,N, ,0, , , , , , , , , ,7,6,0,0,0,0,1,0,0,0,0,0,0,0,1,0,0,0,0,0,0,0,0,0,0,0,0,0,0,0,0,0,0,0,0,9,0,39.9688,-75.2002, ,Philadelphia
9350,122261,2018005533,6,67,67301,2017,12,1,1335,13,1,1,0,4,1, , ,N,5,2,0,3,0,2,4,2,N,N,39 54:47.100,75 14:35.859,1343, ,1341, ,0, ,N, ,3, , , , , , , , , ,2,1,0,0,0,0,0,1,0,0,0,2,2,0,0,0,0,0,0,0,0,0,0,0,0,0,0,0,0,0,0,0,0,0,0,4,0,39.9131,-75.2433, ,Philadelphia
9351,122269,2017130625,6,67,67301,2017,11,7,1105,11,1,1,0,4,1, , ,N,1,2,0,3,0,1,2,3,N, ,39 55:02.254,75 10:28.502,1115, ,1109, ,0, ,N, ,3, , , , , , , , , ,3,2,0,0,0,0,1,0,0,0,0,0,1,1,1,0,0,0,0,1,1,0,0,0,0,0,0,0,0,0,0,0,0,0,0,8,0,39.9173,-75.1746, ,Philadelphia
9352,122287,2018005550,6,67,67301,2017,12,7,1740,17,3,4,4,1,1, , ,N,1,2,0,3,0,2,4,4,N,N,40 00:46.940,75 07:10.109,1757, ,1757,2,1,4,N, ,3,Y, , , , , , , , ,4,2,0,0,0,0,2,0,0,0,0,2,2,0,0,0,0,0,0,0,0,0,0,2,0,0,0,0,0,0,0,0,0,0,0,4,0,40.013,-75.1194, ,Philadelphia
9353,122295,2017101889,6,67,67301,2017,9,1,2019,20,3,1,0,1,1, , ,N,3,2,0,3,0,3,5,3,N, ,40 06:02.008,75 02:32.991,2022, ,2019, ,0, , , ,3, , , , , , , , , ,3,3,0,0,0,0,0,0,0,0,1,2,3,0,0,0,0,0,0,0,0,1,0,5,0,0,0,0,0,0,0,0,0,0,0,3,0,40.1006,-75.0425, ,Philadelphia
9354,122308,2017136936,6,67,67301,2017,12,7,322,3,3,1,0,1,1, , ,N,0,0,0,3,0,0,1,2,N,N,40 01:57.296,75 01:15.845,330, ,323,2,1,2, , ,0,N, , , , , , , , ,2,2,0,0,0,0,0,0,0,0,0,0,0,0,0,0,0,0,0,0,0,0,0,0,0,0,0,0,0,0,0,0,0,0,0,0,0,40.0326,-75.0211, ,Philadelphia
9355,127792,2017127472,6,67,67301,2017,11,4,1655,16,1,1,0,1,1, , ,N,0,0,3,3,0,1,2,2,N, ,39 54:08.997,75 12:03.448,1725, ,1725,3,1,3, , ,0,Y, , , , , , , , ,2,1,0,0,0,0,1,0,0,0,0,1,1,0,0,0,0,0,0,0,1,0,0,1,0,0,0,0,0,0,0,0,0,0,0,4,0,39.9025,-75.201, ,Philadelphia
9356,127796,2017133249,6,67,67301,2017,12,6,1339,13,1,1,0,1,1, , ,N,6,0,2,3,0,3,5,2,N,N,39 58:06.152,75 07:46.477,1429, ,1422,2,1,2, , ,0,N, , , , , , , , ,2,1,0,0,0,0,1,0,0,0,0,0,3,3,0,0,0,0,0,0,2,0,0,0,0,0,0,0,0,0,0,0,0,0,0,8,0,39.9684,-75.1296, ,Philadelphia
9357,127806,2017135051,6,67,67301,2017,11,5,1515,15,1,1,0,4,1, , ,N,1,2,0,3,0,2,2,2,N, ,39 53:01.171,75 15:05.812,1525, ,1521, ,0, ,N, ,3, , , , , , , , , ,2,1,0,0,1,0,0,0,0,0,0,0,2,2,0,0,0,0,0,0,0,0,0,1,0,0,0,0,0,0,0,0,0,0,0,8,0,39.8836,-75.2515, ,Philadelphia
9358,127807,2017132469,6,67,67301,2017,12,2,650,6,1,1,0,7,4, , ,N,7,0,2,3,0,0,1,1,N,N,39 53:04.770,75 14:38.828,732, ,708,2,1,1, , ,0,N, , , , , , , , ,1,1,0,0,0,0,0,0,0,0,0,0,0,0,0,0,0,0,0,0,0,0,0,0,0,0,0,0,0,0,0,0,0,0,0,0,0,39.8847,-75.2441, ,Philadelphia
9359,127819,2018028858,6,67,67301,2017,12,7,1812,18,3,1,0,4,1, , ,N,1,2,0,3,0,1,2,2,N, ,39 54:14.619,75 14:25.049,1815, ,1812,3,1,1,N, ,3,N, , , , , , , , ,2,2,0,0,0,0,0,0,0,0,0,1,1,0,0,0,0,0,0,0,0,0,0,1,0,0,0,0,0,0,0,0,0,0,0,4,0,39.904,-75.2401, ,Philadelphia
9360,127820,2018027350,6,67,67301,2017,12,1,120,1,3,1,1,2,4, , ,N,0,0,0,3,0,0,1,1,N,N,40 00:36.434,75 11:35.323,131, ,127,9,2,6,N, ,0,N, , , , , , , , ,1,1,0,0,0,0,0,0,0,0,0,0,0,0,1,0,0,0,0,0,0,0,0,0,0,0,0,0,0,0,0,0,0,0,0,9,0,40.0101,-75.1931, ,Philadelphia
9361,127833,2017108036,6,67,67301,2017,9,5,238,2,3,1,0,7,5, , ,N,0,0,0,3,0,1,1,1,N,N,40 01:09.942,75 12:39.004,259, ,255,9,1,1,N, ,0,N, , , , , , , , ,1,1,0,0,0,0,0,0,0,0,0,0,1,1,0,0,0,0,0,0,0,0,0,0,0,0,0,0,0,0,0,0,0,0,0,8,0,40.0194,-75.2108, ,Philadelphia
9362,127834,2017106056,6,67,67301,2017,9,6,2100,21,3,1,0,4,1, , ,N,1,3,0,3,0,2,4,2,N,N,39 58:21.403,75 09:39.366,2110, ,2104, ,0, ,N, ,3, , , , , , , , , ,2,2,0,0,0,0,0,0,0,0,0,1,2,1,0,0,0,0,0,0,0,0,0,0,0,0,0,0,0,0,0,0,0,0,0,4,0,39.9726,-75.1609, ,Philadelphia
9363,127858,2017131654,6,67,67301,2017,12,6,1153,11,1,1,0,1,1, , ,N,0,0,0,3,0,0,2,2,N,N,39 57:28.047,75 09:40.472,1210, ,1155,1,1,4, , ,0,N, , , , , , , , ,2,1,0,0,1,0,0,0,0,0,0,0,0,0,0,0,0,0,0,0,0,0,0,1,0,0,0,0,0,0,0,0,0,0,0,0,0,39.9578,-75.1612, ,Philadelphia
9364,127867,2017128027,6,67,67301,2017,11,1,643,6,5,2,1,6,1, , ,N,0,0,0,3,0,1,2,2,N,N,39 55:05.318,75 14:48.749,650, ,645, ,0, , , ,0, , , , , , , , , ,2,2,0,0,0,0,0,0,0,0,0,0,1,1,0,0,0,0,0,0,1,0,0,0,0,0,0,0,0,0,0,0,0,0,0,8,0,39.9181,-75.2469, ,Philadelphia
9365,127869,2018029930,6,67,67301,2017,12,7,1256,12,1,1,1,4,1, , ,N,1,2,0,3,0,3,5,2,N,N,39 54:42.724,75 10:21.917,1310, ,1307, ,0, ,N, ,3, , , , , , , , , ,2,2,0,0,0,0,0,0,0,0,0,2,3,1,0,0,0,0,0,0,0,0,0,0,0,0,0,0,0,0,0,0,0,0,0,4,0,39.9119,-75.1728, ,Philadelphia
9366,127871,2018030046,6,67,67301,2017,12,7,10,0,3,2,1,6,2, , ,N,1,2,0,3,0,2,3,2,N,N,40 01:31.232,75 10:03.294,20, ,16, ,0, ,N, ,3, , , , , , , , , ,2,2,0,0,0,0,0,0,0,0,0,2,2,0,0,0,0,0,0,0,0,0,0,0,0,0,0,0,0,0,0,0,0,0,0,4,0,40.0253,-75.1676, ,Philadelphia
9367,127888,2017122786,6,67,67301,2017,10,2,1622,16,1,1,0,8,4, , ,N,1,3,0,3,0,1,2,2,N, ,39 55:01.170,75 13:53.842,1634, ,1626, ,0, , , ,3, , , , , , , , , ,1,0,0,0,0,0,1,0,0,0,1,0,1,0,0,0,0,0,0,0,1,0,0,0,0,0,0,0,0,0,0,0,1,0,0,3,0,39.917,-75.2316, ,Philadelphia
9368,127892,2018029934,6,67,67301,2017,12,1,2050,20,3,1,1,4,1, , ,N,1,3,0,3,0,1,4,2,N,N,39 55:13.533,75 09:31.424,2125, ,2119, ,0, ,N, ,3, , , , , , , , , ,2,1,0,0,0,0,1,0,0,1,0,0,1,0,1,0,0,0,0,0,0,0,0,0,0,0,0,0,0,0,0,0,0,0,0,2,0,39.9204,-75.1587, ,Philadelphia
9369,127899,2017100758,6,67,67301,2017,9,5,1842,18,1,1,0,1,1, , ,N,0,0,0,3,0,1,2,2,N,N,39 56:57.469,75 08:29.277,1906, ,1846, ,0, , , ,0, , , , , , , , , ,2,1,0,0,0,0,1,0,0,0,0,0,1,1,0,0,0,0,0,0,1,0,0,0,0,0,0,0,0,0,0,0,0,0,0,8,0,39.9493,-75.1415, ,Philadelphia
9370,127908,2017127499,6,67,67301,2017,11,3,1605,16,1,2,1,1,1, , ,N,2,2,0,3,0,2,3,2,N,N,39 56:23.980,75 11:58.856,1640, ,1635, ,0, ,N, ,3, , , , , , , , , ,2,1,0,0,1,0,0,0,0,0,0,0,2,2,0,0,0,0,0,0,0,0,0,0,0,0,0,0,0,0,0,0,0,0,0,8,0,39.9399,-75.1997, ,Philadelphia
9371,127935,2018029749,6,67,67301,2017,12,3,708,7,1,1,0,1,1, , ,N,0,0,0,3,0,3,4,4,N,N,40 00:53.797,75 10:39.703,741, ,711,2,1,2,N, ,0,N, , , , , , , , ,4,2,0,0,0,0,2,0,0,0,1,2,3,0,1,0,0,0,0,0,2,0,0,0,0,0,0,0,0,0,0,0,0,0,0,3,0,40.0149,-75.1777, ,Philadelphia
9372,125255,2018005530,6,67,67301,2017,12,6,1810,18,3,1,0,4,1, , ,N,0,2,7,3,0,0,2,2,N,N,40 07:11.466,75 01:02.573,1825, ,1815, ,0, ,N, ,3, , , , , , , , , ,2,0,0,0,0,0,2,0,0,0,0,0,0,0,0,0,0,0,0,0,1,1,0,1,0,0,0,0,0,0,0,0,0,0,0,0,0,40.1199,-75.0175, ,Philadelphia