objectid_1,objectid,crn,district,county,municipality,crash_year,crash_month,day_of_week,time_of_day,hour_of_day,illumination,weather,road_condition,collision_type,relation_to_road,work_zone_type,work_zone_loc,work_zone_ind,intersect_type,tcd_type,location_type,urban_rural,fatal_count,injury_count,person_count,total_units,sch_bus_ind,sch_zone_ind,latitude,longitude,arrival_tm,cons_zone_spd_lim,dispatch_tm,est_hrs_closed,lane_closed,ln_close_dir,ntfy_hiwy_maint,spec_juris_cd,tcd_func_cd,tfc_detour_ind,workers_pres,wz_close_detour,wz_flagger,wz_law_offcr_ind,wz_ln_closure,wz_moving,wz_other,wz_shlder_mdn,vehicle_count,automobile_count,motorcycle_count,bus_count,small_truck_count,heavy_truck_count,suv_count,van_count,bicycle_count,maj_inj_count,mod_inj_count,min_inj_count,tot_inj_count,unk_inj_deg_count,unk_inj_per_count,driver_count_16yr,driver_count_17yr,driver_count_18yr,driver_count_19yr,driver_count_20yr,driver_count_50_64yr,driver_count_65_74yr,driver_count_75plus,unbelted_occ_count,unb_death_count,unb_maj_inj_count,belted_death_count,belted_maj_inj_count,mcycle_death_count,mcycle_maj_inj_count,bicycle_death_count,bicycle_maj_inj_count,ped_count,ped_death_count,ped_maj_inj_count,max_severity_level,comm_veh_count,dec_lat,dec_long,rdwy_surf_type_cd,county_name
9504,128245,2016016561,6,67,67301,2016,1,7,346,3,3,4,3,7,4, , ,N,3,0,0,3,0,0,1,1,N,N,39 57:06.946,75 09:55.520,352, ,346, ,0, ,N, ,0, , , , , , , , , ,1,0,0,0,0,0,1,0,0,0,0,0,0,0,0,0,0,0,1,0,0,0,0,0,0,0,0,0,0,0,0,0,0,0,0,0,0,39.9519,-75.1654, , 
9505,128246,2016016595,6,67,67301,2016,1,3,1600,16,1,1,1,1,1, , ,N,0,0,0,3,0,0,3,3,N,N,39 55:16.710,75 11:26.277,1604, ,1602,2,2,2,N, ,0,Y, , , , , , , , ,3,1,0,0,1,0,1,0,0,0,0,0,0,0,0,0,0,0,0,0,1,0,0,0,0,0,0,0,0,0,0,0,0,0,0,0,0,39.9213,-75.1906, , 
9506,128249,2016022397,6,67,67301,2016,2,6,1109,11,1,1,0,4,1, , ,N,1,2,0,3,0,2,3,2,N,N,40 00:04.340,75 13:35.009,1112, ,1110, ,0, ,N, ,3, , , , , , , , , ,2,1,0,0,0,1,0,0,0,0,0,0,2,2,0,0,0,0,0,0,1,0,0,0,0,0,0,0,0,0,0,0,0,0,0,8,1,40.0012,-75.2264, , 
9507,128263,2016041437,6,67,67301,2016,4,1,610,6,3,1,0,7,1, , ,N,0,0,0,3,0,1,1,1,N,N,40 06:03.854,75 00:23.164,613, ,613, ,0, , , ,0, , , , , , , , , ,1,1,0,0,0,0,0,0,0,0,1,0,1,0,0,0,0,0,0,0,0,0,0,0,0,0,0,0,0,0,0,0,0,0,0,3,0,40.1011,-75.0064, , 
9508,128271,2016053631,6,67,67301,2016,5,6,1530,15,1,2,1,8,1, , ,N,5,2,0,3,0,1,3,2,N,N,39 55:29.812,75 13:24.391,1603, ,1602, ,0, , , ,3, , , , , , , , , ,1,1,0,0,0,0,0,0,0,0,0,1,1,0,0,0,0,0,0,0,0,1,0,0,0,0,0,0,0,0,0,0,1,0,0,4,0,39.9249,-75.2234, , 
9509,128272,2016053765,6,67,67301,2016,5,5,835,8,1,1,0,4,1, , ,N,1,2,0,3,0,1,4,2,N,N,39 58:30.316,75 11:41.875,846, ,846, ,0, , , ,3, , , , , , , , , ,2,1,0,0,0,0,1,0,0,0,0,0,1,1,0,0,0,0,0,0,0,0,0,0,0,0,0,0,0,0,0,0,0,0,0,8,0,39.9751,-75.195, , 
9510,128275,2016058630,6,67,67301,2016,5,2,1527,15,1,1,0,7,4, , ,N,0,0,0,3,0,1,1,1,N, ,40 01:48.316,75 12:24.126,1533, ,1529, ,0, , , ,0, , , , , , , , , ,1,1,0,0,0,0,0,0,0,0,0,0,1,1,0,0,0,0,0,0,0,0,0,0,0,0,0,0,0,0,0,0,0,0,0,8,0,40.0301,-75.2067, , 
9511,128293,2016026131,6,67,67301,2016,2,2,636,6,5,1,0,1,1, , ,N,0,0,7,3,0,1,2,2,N,N,40 01:17.566,75 03:06.264,9999, ,636, ,0, ,N, ,0, , , , , , , , , ,2,2,0,0,0,0,0,0,0,0,0,1,1,0,1,0,0,0,0,0,0,1,0,0,0,0,0,0,0,0,0,0,0,0,0,4,0,40.0215,-75.0517, , 
9512,128329,2016012468,6,67,67301,2016,1,6,9999,99,1,1,0,5,6, , ,N,0,0,0,3,0,0,1,2,N,N,40 00:02.685,75 06:52.819,802, ,738, ,0, ,N, ,0, , , , , , , , , ,2,1,0,0,0,0,0,1,0,0,0,0,0,0,0,0,0,0,0,0,0,0,0,1,0,0,0,0,0,0,0,0,0,0,0,0,0,40.0007,-75.1147, , 
9513,128332,2016014010,6,67,67301,2016,1,5,654,6,1,1,0,4,1, , ,N,1,2,0,3,0,0,2,2,N,N,40 00:51.570,75 10:41.163,720, ,715, ,0, ,N, ,3, , , , , , , , , ,2,2,0,0,0,0,0,0,0,0,0,0,0,0,0,0,0,0,0,0,0,0,0,0,0,0,0,0,0,0,0,0,0,0,0,0,0,40.0143,-75.1781, , 
9514,128389,2016026029,6,67,67301,2016,2,3,928,9,1,2,1,7,3, , ,N,0,0,0,3,0,0,1,1,N, ,39 55:13.791,75 11:52.485,934, ,930, ,0, , , ,0, , , , , , , , , ,1,1,0,0,0,0,0,0,0,0,0,0,0,0,0,0,0,0,0,0,0,0,0,1,0,0,0,0,0,0,0,0,0,0,0,0,0,39.9205,-75.1979, , 
9515,128390,2016027548,6,67,67301,2016,2,5,1620,16,1,1,1,4,1, , ,N,1,2,0,3,0,3,6,2,N,N,40 02:01.215,75 08:44.879,1640, ,1630, ,0, , , ,3, , , , , , , , , ,2,2,0,0,0,0,0,0,0,0,0,3,3,0,0,0,0,0,0,0,0,1,0,0,0,0,0,0,0,0,0,0,0,0,0,4,0,40.0337,-75.1458, , 
9516,125788,2017090870,6,67,67301,2017,9,2,1225,12,1,1,0,4,1, , ,N,1,2,0,3,0,1,5,2,N,N,39 57:04.866,75 11:56.817,1230, ,1228, ,0, ,N, ,3, , , , , , , , , ,1,0,0,0,0,0,1,0,1,0,1,0,1,0,0,0,0,0,0,0,0,0,0,0,0,0,0,0,0,0,0,0,0,0,0,3,0,39.9513,-75.1991, ,Philadelphia
9517,125801,2017130688,6,67,67301,2017,11,4,1640,16,3,1,0,1,1, , ,N,2,0,0,3,0,1,4,2,N,N,39 56:56.443,75 14:58.620,1705, ,1703, ,0, ,N, ,0, , , , , , , , , ,2,0,0,0,0,0,1,1,0,0,0,0,1,1,0,0,0,0,0,0,1,0,0,0,0,0,0,0,0,0,0,0,0,0,0,8,0,39.949,-75.2496, ,Philadelphia
9518,125812,2018027422,6,67,67301,2017,12,1,955,9,1,1,0,5,1, , ,N,0,0,0,3,0,1,1,2,N,N,39 59:30.300,75 08:25.100,957, ,956, ,0, ,N, ,0, , , , , , , , , ,2,2,0,0,0,0,0,0,0,1,0,0,1,0,0,0,0,0,0,0,0,0,0,1,0,1,0,0,0,0,0,0,0,0,0,2,0,39.9918,-75.1403, ,Philadelphia
9519,125814,2017096422,6,67,67301,2017,8,4,400,4,3,1,0,5,1, , ,N,2,0,0,3,0,0,1,3,N, ,39 55:23.599,75 08:52.850,406, ,404, ,0, , , ,0, , , , , , , , , ,3,1,0,0,0,0,1,0,0,0,0,0,0,0,0,0,0,0,0,0,0,0,0,0,0,0,0,0,0,0,0,0,0,0,0,0,0,39.9232,-75.148, ,Philadelphia
9520,125826,2017128098,6,67,67301,2017,11,7,1210,12,1,1,0,8,1, , ,N,0,0,0,3,0,1,3,2,N,N,40 00:28.939,75 04:23.972,1223, ,1220,3,1,2,N, ,0,Y, , , , , , , , ,1,1,0,0,0,0,0,0,0,0,0,0,1,1,0,0,1,0,0,0,0,0,0,1,0,0,0,0,0,0,0,0,1,0,0,8,0,40.008,-75.0733, ,Philadelphia
9521,125827,2017130726,6,67,67301,2017,11,6,1028,10,1,1,0,4,1, , ,N,1,2,0,3,0,0,2,4,N,N,39 58:10.985,75 08:29.466,1031, ,1030, ,0, ,N, ,3, , , , , , , , , ,4,3,0,0,0,0,1,0,0,0,0,0,0,0,0,0,0,0,0,0,0,0,0,2,0,0,0,0,0,0,0,0,0,0,0,0,0,39.9697,-75.1416, ,Philadelphia
9522,125834,2017128442,6,67,67301,2017,10,1,1259,12,1,2,1,5,1, , ,N,0,0,0,3,0,0,6,2,N,N,39 57:37.432,75 10:54.312,1307, ,1303, ,0, , , ,0, , , , , , , , , ,2,1,0,0,0,0,1,0,0,0,0,0,0,0,0,0,0,0,0,0,0,0,0,0,0,0,0,0,0,0,0,0,0,0,0,0,0,39.9602,-75.1815, ,Philadelphia
9523,125857,2018029815,6,67,67301,2017,12,6,1538,15,1,4,3,1,1, , ,N,0,0,0,3,0,2,3,2,N,N,40 03:28.313,75 09:45.127,1555, ,1538, ,0, ,N, ,0, , , , , , , , , ,2,0,0,0,0,0,2,0,0,0,0,0,2,2,0,0,0,0,0,0,1,1,0,0,0,0,0,0,0,0,0,0,0,0,0,8,0,40.0579,-75.1625, ,Philadelphia
9524,125859,2018027546,6,67,67301,2017,12,4,2120,21,3,1,0,1,6, , ,N,0,0,0,3,0,0,1,3,N, ,40 05:50.700,74 58:38.300,2134, ,2128, ,0, ,N, ,0, , , , , , , , , ,3,2,0,0,0,0,1,0,0,0,0,0,0,0,1,0,0,0,0,0,0,0,0,0,0,0,0,0,0,0,0,0,0,0,0,9,0,40.0974,-74.9773, ,Philadelphia
9525,125865,2017116142,6,67,67301,2017,10,4,1530,15,1,1,0,4,1, , ,N,1,3,0,3,0,1,2,2,N, ,39 59:37.419,75 06:31.297,1623, ,1621, ,0, , , ,3, , , , , , , , , ,2,0,0,0,0,0,2,0,0,0,0,0,1,1,0,0,0,0,0,0,0,0,0,1,0,0,0,0,0,0,0,0,0,0,0,8,0,39.9937,-75.1087, ,Philadelphia
9526,125874,2017115770,6,67,67301,2017,11,5,1831,18,3,1,0,1,1, , ,N,0,0,0,3,0,1,3,2,N,N,39 53:09.600,75 14:34.727,1933, ,1836,2,2,1, , ,0,N, , , , , , , , ,2,2,0,0,0,0,0,0,0,0,1,0,1,0,0,0,0,0,0,0,0,0,0,0,0,0,0,0,0,0,0,0,0,0,0,3,0,39.886,-75.243, ,Philadelphia
9527,125876,2017109860,6,67,67301,2017,10,2,1235,12,1,1,0,8,1, , ,N,1,2,0,3,0,1,2,2,N,N,39 57:13.719,75 09:59.863,1311, ,1311, ,0, ,N, ,3, , , , , , , , , ,1,1,0,0,0,0,0,0,0,0,0,0,1,1,0,0,0,0,0,0,0,0,0,1,0,0,0,0,0,0,0,0,1,0,0,8,0,39.9538,-75.1666, ,Philadelphia
9528,125877,2017087994,6,67,67301,2017,8,7,1319,13,1,1,0,8,1, , ,N,1,0,0,3,0,1,2,2,N,N,40 01:33.382,75 07:23.377,1320, ,1319, ,0, ,N, ,0, , , , , , , , , ,1,1,0,0,0,0,0,0,0,0,1,0,1,0,0,0,0,0,0,0,0,1,0,0,0,0,0,0,0,0,0,0,1,0,0,3,0,40.0259,-75.1232, ,Philadelphia
9529,125882,2017093593,6,67,67301,2017,8,7,1753,17,1,1,0,8,1, , ,N,1,3,0,3,0,1,2,2,N,N,40 03:43.830,75 04:50.624,1757, ,1754, ,0, ,N, ,3, , , , , , , , , ,1,0,0,0,0,0,0,1,0,0,0,0,1,1,0,0,0,0,0,0,0,0,0,0,0,0,0,0,0,0,0,0,1,0,0,8,0,40.0622,-75.0807, ,Philadelphia
9530,125909,2018033748,6,67,67301,2017,6,6,1755,17,1,1,0,4,1, , ,N,1,2,0,3,0,1,2,2,N,N,39 58:22.598,75 14:16.756,0, ,0, ,0, ,N, ,3, , , , , , , , , ,2,1,0,0,0,0,0,0,0,0,1,0,1,0,0,0,0,0,0,0,0,0,0,0,0,0,0,0,0,0,0,0,0,0,0,3,0,39.9729,-75.238, ,Philadelphia
9531,125914,2017130724,6,67,67301,2017,11,4,1540,15,1,1,0,7,4,1,4,Y,0,8,0,3,0,1,1,1,N,N,39 57:19.786,75 12:04.089,1557,99,1549, ,0, ,N, ,3, ,Y, , ,N,Y, , , ,1,1,0,0,0,0,0,0,0,1,0,0,1,0,0,0,0,0,0,0,0,0,1,0,0,0,0,0,0,0,0,0,0,0,0,2,0,39.9555,-75.2011, ,Philadelphia
9532,125915,2017133948,6,67,67301,2017,11,3,1404,14,1,1,0,1,1, , ,N,0,0,0,3,0,1,5,3,N, ,39 55:59.207,75 13:24.961,1421, ,1417,9,1,4,N, ,0,N, , , , , , , , ,3,2,0,0,0,0,1,0,0,0,0,1,1,0,0,0,0,0,0,0,0,0,0,1,0,0,0,0,0,0,0,0,0,0,0,4,0,39.9331,-75.2236, ,Philadelphia
9533,125924,2017127516,6,67,67301,2017,11,1,9999,99,1,1,0,4,1, , ,N,1,3,0,3,0,2,5,2,N,N,39 57:15.427,75 09:16.211,1035, ,1027,1,1,1,N, ,3,N, , , , , , , , ,2,2,0,0,0,0,0,0,0,0,0,0,2,2,2,0,0,0,0,0,0,0,0,0,0,0,0,0,0,0,0,0,0,0,0,8,0,39.9543,-75.1545, ,Philadelphia
9534,119841,2017133981,6,67,67301,2017,11,6,25,0,3,1,0,5,6, , ,N,0,0,0,3,0,1,2,2,N, ,39 55:22.700,75 13:13.000,35, ,29, ,0, ,N, ,0, , , , , , , , , ,2,0,0,0,0,1,0,1,0,0,0,1,1,0,0,0,0,0,0,0,0,0,0,0,0,0,0,0,0,0,0,0,0,0,0,4,1,39.923,-75.2203, ,Philadelphia
9535,119887,2018027446,6,67,67301,2017,12,7,209,2,3,1,0,4,1, , ,N,1,2,0,3,0,0,3,2,N,N,40 00:02.702,75 08:36.116,210, ,209, ,0, ,N, ,3, , , , , , , , , ,2,2,0,0,0,0,0,0,0,0,0,0,0,0,0,0,0,0,0,0,0,0,0,1,0,0,0,0,0,0,0,0,0,0,0,0,0,40.0008,-75.1434, ,Philadelphia
9536,119915,2017098000,6,67,67301,2017,9,7,1659,16,1,1,0,7,5, , ,N,0,0,0,3,0,0,2,1,N, ,40 00:38.689,75 04:46.405,1711, ,1704,2,2,3, , ,0,Y, , , , , , , , ,1,0,0,0,0,0,0,1,0,0,0,0,0,0,2,0,0,0,0,0,0,1,0,0,0,0,0,0,0,0,0,0,0,0,0,9,0,40.0107,-75.0796, ,Philadelphia
9537,119932,2018027391,6,67,67301,2017,12,5,1520,15,1,1,1,9,1, , ,N,2,0,0,3,0,2,3,2,N,N,39 55:16.534,75 11:37.854,1520, ,1520, ,0, ,N, ,0, , , , , , , , , ,2,2,0,0,0,0,0,0,0,0,0,0,1,1,1,0,0,0,0,0,1,0,0,0,0,0,0,0,0,0,0,0,0,0,0,8,0,39.9213,-75.1938, ,Philadelphia
9538,119937,2017115951,6,67,67301,2017,10,4,1713,17,1,1,0,4,1, , ,N,1,3,0,3,0,1,2,2,N,N,39 59:11.940,75 08:47.191,1715, ,1714, ,0, ,N, ,3, , , , , , , , , ,2,2,0,0,0,0,0,0,0,0,0,1,1,0,0,0,0,0,0,0,0,0,0,0,0,0,0,0,0,0,0,0,0,0,0,4,0,39.9866,-75.1464, ,Philadelphia
9539,119940,2017109832,6,67,67301,2017,9,5,2140,21,3,1,0,7,4, , ,N,0,0,0,3,0,0,1,1,N,N,40 02:22.681,75 03:35.303,9999, ,9999, ,0, ,N, ,0, , , , , , , , , ,1,1,0,0,0,0,0,0,0,0,0,0,0,0,0,0,0,0,0,0,0,0,0,0,0,0,0,0,0,0,0,0,0,0,0,0,0,40.0396,-75.0598, ,Philadelphia
9540,119978,2017137591,6,67,67301,2017,12,4,2057,20,3,1,0,4,1, , ,N,1,3,0,3,0,2,4,2,N,N,39 57:45.585,75 12:16.964,2113, ,2109,1,1,2,N, ,3,Y, , , , , , , , ,2,2,0,0,0,0,0,0,0,0,0,2,2,0,0,0,0,0,0,0,0,0,0,0,0,0,0,0,0,0,0,0,0,0,0,4,0,39.9627,-75.2047, ,Philadelphia
9541,119985,2017109887,6,67,67301,2017,10,1,2025,20,3,1,0,2,1, , ,N,1,2,0,3,0,0,2,2,N,N,40 00:20.957,75 05:49.283,2040, ,2032, ,0, ,N, ,3, , , , , , , , , ,2,2,0,0,0,0,0,0,0,0,0,0,0,0,0,0,0,0,0,0,1,0,0,0,0,0,0,0,0,0,0,0,0,0,0,0,0,40.0058,-75.097, ,Philadelphia
9542,119995,2017127514,6,67,67301,2017,11,7,940,9,1,1,0,7,4, , ,N,0,0,0,3,0,1,1,1,N,N,40 02:13.200,75 10:07.200,945, ,945, ,0, ,N, ,0, , , , , , , , , ,1,0,0,0,0,0,1,0,0,0,0,1,1,0,0,0,0,0,0,0,0,0,0,0,0,0,0,0,0,0,0,0,0,0,0,4,0,40.037,-75.1687, ,Philadelphia
9543,120000,2018029771,6,67,67301,2017,12,1,135,1,3,1,6,7,4, , ,N,1,2,0,3,0,1,1,1,N, ,39 57:28.162,75 08:50.070,147, ,135, ,0, ,N, ,3, , , , , , , , , ,1,1,0,0,0,0,0,0,0,0,0,1,1,0,0,0,0,0,0,0,0,0,0,0,0,0,0,0,0,0,0,0,0,0,0,4,0,39.9578,-75.1472, ,Philadelphia
9544,120018,2017137541,6,67,67301,2017,12,2,540,5,3,1,0,8,1, , ,N,1,2,0,3,0,1,2,2,N, ,39 57:04.188,75 09:12.905,627, ,625,1,1,2,N, ,3,N, , , , , , , , ,1,0,0,0,0,0,1,0,0,0,0,0,1,1,0,0,0,0,0,0,0,0,0,1,0,0,0,0,0,0,0,0,1,0,0,8,0,39.9511,-75.1536, ,Philadelphia
9545,120026,2017120732,6,67,67301,2017,10,6,1530,15,1,1,0,8,1, , ,N,1,3,0,3,0,1,2,2,N, ,39 58:05.134,75 09:22.845,1733, ,1600, ,0, , , ,3, , , , , , , , , ,1,1,0,0,0,0,0,0,0,0,0,1,1,0,1,0,0,0,0,0,0,0,0,0,0,0,0,0,0,0,0,0,1,0,0,4,0,39.9681,-75.1563, ,Philadelphia
9546,120032,2017096404,6,67,67301,2017,9,7,1105,11,1,1,0,1,1, , ,N,1,2,0,3,0,0,3,4,N, ,40 03:08.503,75 09:27.892,1250, ,1244, ,0, , , ,3, , , , , , , , , ,4,1,0,0,2,0,1,0,0,0,0,0,0,0,2,0,0,0,0,0,0,0,0,0,0,0,0,0,0,0,0,0,0,0,0,9,0,40.0524,-75.1577, ,Philadelphia
9547,120037,2017106042,6,67,67301,2017,9,6,23,0,3,1,0,4,1, , ,N,1,2,3,3,0,0,3,2,N,N,39 57:29.833,75 09:50.644,43, ,40, ,0, ,N, ,3, , , , , , , , , ,2,2,0,0,0,0,0,0,0,0,0,0,0,0,3,0,0,0,0,0,0,0,0,0,0,0,0,0,0,0,0,0,0,0,0,9,0,39.9583,-75.1641, ,Philadelphia
9548,120045,2017139177,6,67,67301,2017,12,4,1953,19,3,1,0,1,1, , ,N,6,4,2,3,0,0,3,2,N,N,39 56:55.750,75 11:08.160,1959, ,1953, ,0, , , ,3, , , , , , , , , ,2,1,0,0,0,0,1,0,0,0,0,0,0,0,0,0,0,0,0,1,0,0,0,0,0,0,0,0,0,0,0,0,0,0,0,0,0,39.9488,-75.1857, ,Philadelphia
9549,120071,2017137534,6,67,67301,2017,12,2,1350,13,1,1,0,4,1, , ,N,1,2,0,3,0,1,3,2,N,N,39 55:11.197,75 13:30.413,1544, ,1544, ,0, ,N, ,3, , , , , , , , , ,2,2,0,0,0,0,0,0,0,0,0,1,1,0,0,0,0,0,0,0,0,0,1,1,0,0,0,0,0,0,0,0,0,0,0,4,0,39.9197,-75.225, ,Philadelphia
9550,120082,2017137598,6,67,67301,2017,12,3,1245,12,1,1,0,8,1, , ,N,2,3,0,3,0,1,2,2,N,N,40 01:50.167,75 09:58.064,1255, ,1255, ,0, ,N, ,3, , , , , , , , , ,1,1,0,0,0,0,0,0,0,0,0,0,1,1,0,0,0,0,0,0,0,0,0,1,0,0,0,0,0,0,0,0,1,0,0,8,0,40.0306,-75.1661, ,Philadelphia
9551,120084,2017135067,6,67,67301,2017,11,1,1330,13,1,1,0,7,4, , ,N,0,0,0,3,0,0,1,1,N,N,40 03:50.207,75 10:23.303,1338, ,1333, ,0, ,N, ,0, , , , , , , , , ,1,1,0,0,0,0,0,0,0,0,0,0,0,0,1,0,0,0,0,0,1,0,0,0,0,0,0,0,0,0,0,0,0,0,0,9,0,40.0639,-75.1731, ,Philadelphia
9552,122722,2017110147,6,67,67301,2017,10,6,1709,17,1,1,0,1,1, , ,N,0,0,0,3,0,0,2,2,N,N,39 59:28.110,75 12:13.275,1709, ,1709,1,1,4, , ,0,N, , , , , , , , ,2,1,0,0,0,0,1,0,0,0,0,0,0,0,0,0,0,0,0,0,1,0,0,0,0,0,0,0,0,0,0,0,0,0,0,0,0,39.991,-75.204, ,Philadelphia
9553,122734,2017130686,6,67,67301,2017,11,7,1030,10,1,1,0,4,1, , ,N,1,3,0,3,0,1,2,3,N, ,39 58:11.308,75 09:41.540,1129, ,1116, ,0, ,N, ,3, , , , , , , , , ,3,2,0,0,0,0,0,0,0,0,0,1,1,0,1,0,0,0,0,0,0,0,0,0,0,0,0,0,0,0,0,0,0,0,0,4,0,39.9698,-75.1615, ,Philadelphia
9554,122738,2018029767,6,67,67301,2017,12,7,1433,14,1,1,0,4,1, , ,N,0,3,7,3,0,4,6,5,N,N,40 01:53.000,75 06:10.900,1436, ,1433,9,1,1,N, ,3,N, , , , , , , , ,5,3,0,0,0,0,1,1,0,0,0,4,4,0,0,0,0,0,0,0,2,0,0,6,0,0,0,0,0,0,0,0,0,0,0,4,0,40.0314,-75.103, ,Philadelphia
9555,122745,2017120514,6,67,67301,2017,11,4,1829,18,3,1,0,1,1, , ,N,0,2,0,3,0,0,3,3,N,N,40 03:07.141,75 00:26.763,1847, ,1837,2,1,4,N, ,3,Y, , , , , , , , ,3,2,0,0,0,0,1,0,0,0,0,0,0,0,0,0,0,0,1,0,1,0,0,0,0,0,0,0,0,0,0,0,0,0,0,0,0,40.052,-75.0074, ,Philadelphia
9556,122750,2017135676,6,67,67301,2017,11,4,1355,13,1,1,0,1,1, , ,N,0,0,0,3,0,0,2,2,N,N,39 57:58.067,75 11:12.154,1409, ,1359,1,2,4,N, ,0,N, , , , , , , , ,2,1,0,0,0,0,1,0,0,0,0,0,0,0,0,0,0,0,0,0,1,0,0,0,0,0,0,0,0,0,0,0,0,0,0,0,0,39.9661,-75.1867, ,Philadelphia
9557,122760,2018028945,6,67,67301,2017,12,7,1730,17,3,1,0,4,1, , ,N,1,2,0,3,0,2,3,2,N,N,39 59:23.334,75 08:06.773,1800, ,1758, ,0, ,N, ,3, , , , , , , , , ,2,1,0,0,0,0,1,0,0,0,0,2,2,0,0,0,0,0,0,0,0,0,0,1,0,0,0,0,0,0,0,0,0,0,0,4,0,39.9898,-75.1352, ,Philadelphia
9558,122761,2018026511,6,67,67301,2017,12,1,607,6,3,1,0,4,1, , ,N,1,3,0,3,0,1,2,5,N,N,40 01:40.393,75 04:40.306,614, ,607,2,1,6,N, ,3,Y, , , , , , , , ,5,2,0,0,0,0,2,1,0,1,0,0,1,0,0,0,0,0,0,0,1,0,0,1,0,1,0,0,0,0,0,0,0,0,0,2,0,40.0279,-75.0779, ,Philadelphia
9559,122765,2017134865,6,67,67301,2017,12,2,2015,20,3,1,0,1,1, , ,N,0,0,0,3,0,5,5,3,N,N,39 56:49.739,75 11:15.807,2040, ,2016,2,1,4, , ,0,Y, , , , , , , , ,3,2,0,0,0,0,1,0,0,0,0,0,5,5,0,0,0,0,0,0,0,0,0,1,0,0,0,0,0,0,0,0,0,0,0,8,0,39.9471,-75.1877, ,Philadelphia
9560,122767,2017128030,6,67,67301,2017,11,3,918,9,1,1,0,7,4, , ,N,1,3,0,3,0,2,2,1,N, ,40 03:38.725,75 10:54.389,920, ,918, ,0, , , ,3, , , , , , , , , ,1,1,0,0,0,0,0,0,0,0,0,0,2,2,0,0,0,0,0,0,0,0,0,0,0,0,0,0,0,0,0,0,0,0,0,8,0,40.0608,-75.1818, ,Philadelphia
9561,122799,2017136928,6,67,67301,2017,11,4,1908,19,3,1,0,1,1, , ,N,7,8,2,3,0,0,2,2,N,N,40 00:36.229,75 03:50.590,1908, ,1908, ,0, , , ,3, , , , , , , , , ,2,2,0,0,0,0,0,0,0,0,0,0,0,0,0,0,0,0,0,0,0,0,0,0,0,0,0,0,0,0,0,0,0,0,0,0,0,40.0101,-75.0641, ,Philadelphia
9562,122815,2017097962,6,67,67301,2017,9,7,900,9,1,1,0,4,1, , ,N,2,2,0,3,0,1,2,2,N,N,40 01:11.359,75 06:37.843,930, ,928, ,0, ,N, ,3, , , , , , , , , ,2,0,0,0,0,0,1,1,0,0,0,1,1,0,0,0,0,0,0,0,0,1,0,0,0,0,0,0,0,0,0,0,0,0,0,4,0,40.0198,-75.1105, ,Philadelphia
9563,122830,2017135068,6,67,67301,2017,11,1,815,8,1,1,0,4,1, , ,N,1,2,0,3,0,0,2,2,N,N,40 01:45.341,75 09:49.576,825, ,821,2,1,1,N, ,3,Y, , , , , , , , ,2,0,0,0,0,0,2,0,0,0,0,0,0,0,0,0,0,0,0,0,0,0,0,0,0,0,0,0,0,0,0,0,0,0,0,0,0,40.0293,-75.1638, ,Philadelphia
9564,122838,2017135035,6,67,67301,2017,11,5,1130,11,1,1,0,4,1, , ,N,0,0,7,3,0,1,3,2,N, ,40 03:19.317,75 00:14.047,1150, ,1141, ,0, ,N, ,0, , , , , , , , , ,2,1,0,0,0,0,0,1,0,0,0,1,1,0,0,0,0,0,0,0,1,0,0,0,0,0,0,0,0,0,0,0,0,0,0,4,0,40.0554,-75.0039, ,Philadelphia
9565,122842,2017127331,6,67,67301,2017,11,3,348,3,6,1,0,2,1, , ,N,0,0,0,3,0,1,2,4,N,N,40 00:04.700,75 04:24.700,424, ,356, ,0, ,N, ,0, , , , , , , , , ,4,4,0,0,0,0,0,0,0,0,0,0,1,1,0,0,0,0,0,0,1,0,0,1,0,0,0,0,0,0,0,0,0,0,0,8,0,40.0013,-75.0735, ,Philadelphia
9566,122861,2018029832,6,67,67301,2017,12,4,1735,17,3,1,0,8,1, , ,N,0,0,0,3,0,1,2,2,N,N,40 00:52.200,75 08:25.200,1800, ,1750, ,0, ,N, ,0, , , , , , , , , ,1,0,0,0,0,0,0,1,0,0,1,0,1,0,0,0,0,0,0,0,0,0,0,1,0,0,0,0,0,0,0,0,1,0,0,3,0,40.0145,-75.1403, ,Philadelphia
9567,122862,2018027518,6,67,67301,2017,12,1,315,3,3,1,0,2,1, , ,N,0,0,0,3,0,1,2,2,N,N,40 00:46.741,75 04:16.640,318, ,315,3,2,7,N, ,0,Y, , , , , , , , ,2,1,0,0,0,0,1,0,0,1,0,0,1,0,0,0,0,0,0,0,0,0,0,0,0,0,0,1,0,0,0,0,0,0,0,2,0,40.013,-75.0713, ,Philadelphia
9568,122874,2017096550,6,67,67301,2017,8,7,443,4,3,9,0,8,1, , ,N,1,0,0,3,0,1,2,2,N, ,40 00:03.193,75 06:19.582,512, ,443, ,0, , , ,0, , , , , , , , , ,1,0,0,0,1,0,0,0,0,0,0,1,1,0,0,0,0,0,0,0,0,0,0,1,0,0,0,0,0,0,0,0,1,0,0,4,0,40.0009,-75.1054, ,Philadelphia
9569,122884,2017137574,6,67,67301,2017,12,4,1743,17,3,1,0,1,1, , ,N,2,0,0,3,0,2,6,3,N,N,39 59:09.798,75 14:48.138,1802, ,1754, ,0, ,N, ,0, , , , , , , , , ,3,3,0,0,0,0,0,0,0,0,0,2,2,0,2,0,0,0,0,1,0,0,0,0,0,0,0,0,0,0,0,0,0,0,0,4,0,39.9861,-75.2467, ,Philadelphia