objectid_1,objectid,crn,district,county,municipality,crash_year,crash_month,day_of_week,time_of_day,hour_of_day,illumination,weather,road_condition,collision_type,relation_to_road,work_zone_type,work_zone_loc,work_zone_ind,intersect_type,tcd_type,location_type,urban_rural,fatal_count,injury_count,person_count,total_units,sch_bus_ind,sch_zone_ind,latitude,longitude,arrival_tm,cons_zone_spd_lim,dispatch_tm,est_hrs_closed,lane_closed,ln_close_dir,ntfy_hiwy_maint,spec_juris_cd,tcd_func_cd,tfc_detour_ind,workers_pres,wz_close_detour,wz_flagger,wz_law_offcr_ind,wz_ln_closure,wz_moving,wz_other,wz_shlder_mdn,vehicle_count,automobile_count,motorcycle_count,bus_count,small_truck_count,heavy_truck_count,suv_count,van_count,bicycle_count,maj_inj_count,mod_inj_count,min_inj_count,tot_inj_count,unk_inj_deg_count,unk_inj_per_count,driver_count_16yr,driver_count_17yr,driver_count_18yr,driver_count_19yr,driver_count_20yr,driver_count_50_64yr,driver_count_65_74yr,driver_count_75plus,unbelted_occ_count,unb_death_count,unb_maj_inj_count,belted_death_count,belted_maj_inj_count,mcycle_death_count,mcycle_maj_inj_count,bicycle_death_count,bicycle_maj_inj_count,ped_count,ped_death_count,ped_maj_inj_count,max_severity_level,comm_veh_count,dec_lat,dec_long,rdwy_surf_type_cd,county_name
9702,123271,2018026857,6,67,67301,2017,12,6,1654,16,3,1,0,4,1, , ,N,1,2,0,3,0,1,5,2,N,N,39 57:07.862,75 14:26.779,1800, ,1757, ,0, ,N, ,2, , , , , , , , , ,2,2,0,0,0,0,0,0,0,0,0,1,1,0,4,0,0,0,0,0,0,0,0,0,0,0,0,0,0,0,0,0,0,0,0,4,0,39.9522,-75.2408, ,Philadelphia
9703,123287,2017109902,6,67,67301,2017,10,4,1040,10,1,1,0,5,1, , ,N,5,2,2,3,0,0,2,2,N,N,39 57:25.881,75 08:31.297,1052, ,1047,1,1,4, , ,3,N, , , , , , , , ,2,1,0,0,0,1,0,0,0,0,0,0,0,0,0,0,0,0,0,0,1,0,0,0,0,0,0,0,0,0,0,0,0,0,0,0,1,39.9567,-75.1423, ,Philadelphia
9704,123303,2018027349,6,67,67301,2017,12,3,110,1,3,1,0,4,1, , ,N,1,2,0,3,0,1,3,2,N,N,39 59:55.338,75 10:00.782,112, ,112, ,0, ,N, ,3, , , , , , , , , ,2,1,0,0,0,0,1,0,0,0,0,1,1,0,0,0,0,0,0,0,0,0,0,1,0,0,0,0,0,0,0,0,0,0,0,4,0,39.9987,-75.1669, ,Philadelphia
9705,123321,2017125610,6,67,67301,2017,10,1,2141,21,3,2,1,7,2, , ,N,0,0,0,3,0,3,4,1,N,N,39 52:42.010,75 15:00.902,2157, ,2143,2,2,1, , ,0,N, , , , , , , , ,1,0,0,0,1,0,0,0,0,1,1,1,3,0,0,0,0,0,0,0,0,0,0,0,0,0,0,1,0,0,0,0,0,0,0,2,0,39.8783,-75.2503, ,Philadelphia
9706,123346,2018029774,6,67,67301,2017,12,3,1454,14,1,1,0,1,1, , ,N,0,0,0,3,0,3,4,2,N,N,39 54:38.800,75 13:48.500,1456, ,1526, ,0, ,N, ,0, , , , , , , , , ,2,1,0,0,0,0,0,1,0,0,0,0,3,3,0,0,0,0,0,0,0,0,0,2,0,0,0,0,0,0,0,0,0,0,0,8,0,39.9108,-75.2301, ,Philadelphia
9707,123351,2018033719,6,67,67301,2017,6,2,1500,15,1,1,0,4,1, , ,N,1,2,0,3,0,1,2,2,N,N,40 01:32.421,75 01:53.914,0, ,0, ,0, ,N, ,3, , , , , , , , , ,2,1,0,0,0,0,0,0,0,0,0,0,1,1,0,0,0,0,0,0,0,0,0,0,0,0,0,0,0,0,0,0,0,0,0,8,0,40.0257,-75.0316, ,Philadelphia
9708,123365,2017134636,6,67,67301,2017,12,6,1158,11,1,1,0,7,2, , ,N,0,0,2,3,0,0,1,1,N,N,40 00:07.198,75 05:09.845,1158, ,1158, ,0, ,N, ,0, , , , , , , , , ,1,1,0,0,0,0,0,0,0,0,0,0,0,0,0,0,0,0,0,0,0,0,0,0,0,0,0,0,0,0,0,0,0,0,0,0,0,40.002,-75.0861, ,Philadelphia
9709,123372,2018027437,6,67,67301,2017,12,4,2324,23,3,1,0,8,1, , ,N,1,3,0,3,0,1,2,2,N, ,40 00:05.127,75 09:05.620,2335, ,2325, ,0, ,N, ,3, , , , , , , , , ,1,1,0,0,0,0,0,0,0,0,0,1,1,0,0,0,0,0,0,0,0,0,0,1,0,0,0,0,0,0,0,0,1,0,0,4,0,40.0014,-75.1516, ,Philadelphia
9710,123375,2017117239,6,67,67301,2017,10,1,1302,13,1,1,0,4,1, , ,N,5,2,0,3,0,1,2,2,N,N,40 02:01.136,75 03:49.097,1305, ,1303, ,0, , , ,3, , , , , , , , , ,1,0,0,0,0,0,1,0,1,0,0,1,1,0,0,0,0,0,0,0,0,1,0,1,0,0,0,0,0,0,0,0,0,0,0,4,0,40.0336,-75.0636, ,Philadelphia
9711,123386,2017108027,6,67,67301,2017,9,3,1420,14,1,1,0,1,1, , ,N,0,0,0,3,0,2,5,3,N,N,40 01:05.486,75 10:08.938,1435, ,1430, ,0, ,N, ,0, , , , , , , , , ,3,1,0,0,0,1,1,0,0,0,0,0,2,2,0,0,0,0,0,0,1,0,1,4,0,0,0,0,0,0,0,0,0,0,0,8,1,40.0182,-75.1691, ,Philadelphia
9712,123393,2017127440,6,67,67301,2017,11,6,1430,14,1,1,0,4,1, , ,N,1,2,0,3,0,1,2,2,N,N,39 57:04.881,75 09:18.550,1435, ,1430, ,0, ,N, ,3, , , , , , , , , ,1,0,0,0,0,0,1,0,1,0,0,0,1,1,0,0,0,0,0,0,1,0,0,1,0,0,0,0,0,0,0,0,0,0,0,8,0,39.9513,-75.1551, ,Philadelphia
9713,123397,2017128371,6,67,67301,2017,10,1,804,8,1,2,1,7,4, , ,N,0,0,0,3,0,0,1,1,N,N,39 55:19.044,75 11:25.928,823, ,806,2,1,4, , ,0,N, , , , , , , , ,1,1,0,0,0,0,0,0,0,0,0,0,0,0,0,0,0,0,0,0,1,0,0,0,0,0,0,0,0,0,0,0,0,0,0,0,0,39.9218,-75.1905, ,Philadelphia
9715,128853,2016000739,6,67,67301,2016,1,6,1120,11,1,1,0,1,1, , ,N,0,0,0,3,0,2,3,2,N,N,39 58:26.212,75 07:20.635,1223, ,1121,2,2,3,N, ,0,N, , , , , , , , ,2,2,0,0,0,0,0,0,0,0,0,2,2,0,0,0,0,0,0,0,1,1,0,0,0,0,0,0,0,0,0,0,0,0,0,4,0,39.9739,-75.1224, , 
9716,128858,2016007606,6,67,67301,2016,1,1,300,3,3,1,0,7,3, , ,N,0,2,0,3,0,1,3,1,N,N,40 05:13.595,75 02:26.563,305, ,300, ,0, ,N, ,3, , , , , , , , , ,1,0,0,0,0,0,1,0,0,0,1,0,1,0,1,0,0,0,0,0,0,0,0,0,0,0,0,0,0,0,0,0,0,0,0,3,0,40.0871,-75.0407, , 
9717,128859,2016016129,6,67,67301,2016,1,4,1554,15,1,1,0,2,1, , ,N,0,0,0,3,0,2,3,3,N,N,39 56:52.254,75 11:17.546,1728, ,1706, ,0, ,N, ,0, , , , , , , , , ,3,2,0,0,1,0,0,0,0,0,0,0,2,2,0,0,0,0,0,0,0,0,0,0,0,0,0,0,0,0,0,0,0,0,0,8,0,39.9478,-75.1882, , 
9718,128880,2016033931,6,67,67301,2016,3,3,840,8,1,1,0,1,1, , ,N,3,2,0,3,0,1,2,2,N,N,39 58:21.514,75 15:34.689,845, ,843, ,0, ,N, ,3, , , , , , , , , ,2,1,0,0,0,0,1,0,0,0,0,1,1,0,0,0,0,0,0,0,1,0,0,0,0,0,0,0,0,0,0,0,0,0,0,4,0,39.9726,-75.2596, , 
9719,128884,2016039693,6,67,67301,2016,3,2,1750,17,1,1,0,4,1, , ,N,1,3,0,3,0,1,3,2,N,N,39 56:14.190,75 10:36.127,1811, ,1811, ,0, ,N, ,3, , , , , , , , , ,2,2,0,0,0,0,0,0,0,0,0,1,1,0,0,0,0,0,0,0,0,0,0,1,0,0,0,0,0,0,0,0,0,0,0,4,0,39.9373,-75.1767, , 
9720,128890,2016045408,6,67,67301,2016,4,5,1310,13,1,1,0,1,1, , ,N,0,0,0,3,0,0,5,3,N,N,39 56:54.761,75 11:08.276,1348, ,1343, ,0, , , ,0, , , , , , , , , ,3,2,0,0,0,0,0,1,0,0,0,0,0,0,0,0,0,0,0,0,1,0,0,0,0,0,0,0,0,0,0,0,0,0,0,0,0,39.9485,-75.1856, , 
9721,128895,2016047811,6,67,67301,2016,4,7,2022,20,3,1,0,5,1, , ,N,0,2,0,3,0,2,7,4,N, ,40 01:15.752,75 08:24.139,2030, ,2023, ,0, , , ,3, , , , , , , , , ,4,2,0,0,0,0,1,1,0,0,0,2,2,0,1,0,0,0,0,0,1,0,0,0,0,0,0,0,0,0,0,0,0,0,0,4,0,40.021,-75.14, , 
9722,128897,2016048523,6,67,67301,2016,4,6,1436,14,1,1,0,6,1, , ,N,0,0,0,3,0,3,4,2,N,N,39 59:23.946,75 07:32.630,1533, ,1531,2,1,4,N, ,0,N, , , , , , , , ,2,2,0,0,0,0,0,0,0,0,0,3,3,0,0,0,0,0,0,0,0,0,0,4,0,0,0,0,0,0,0,0,0,0,0,4,0,39.99,-75.1257, , 
9723,128907,2016062548,6,67,67301,2016,5,1,1625,16,1,1,0,4,1, , ,N,1,2,0,3,0,1,2,2,N,N,39 58:35.025,75 09:04.697,1640, ,1635, ,0, ,N, ,3, , , , , , , , , ,2,1,0,0,0,0,1,0,0,0,0,1,1,0,0,0,0,0,0,0,1,0,0,0,0,0,0,0,0,0,0,0,0,0,0,4,0,39.9764,-75.1513, , 
9724,128917,2016080138,6,67,67301,2016,7,7,1900,19,1,1,0,8,1, , ,N,2,0,0,3,0,1,3,2,N,N,40 04:20.190,75 09:45.068,1915, ,1910, ,0, ,N, ,0, , , , , , , , , ,1,0,0,0,0,0,0,1,0,0,0,0,1,1,0,0,0,0,0,0,1,0,0,0,0,0,0,0,0,0,0,0,1,0,0,8,0,40.0723,-75.1625, , 
9725,128927,2016089939,6,67,67301,2016,8,5,1900,19,1,1,0,4,1, , ,N,1,3,0,3,0,1,2,2,N,N,39 57:38.541,75 14:13.174,1907, ,1907, ,0, ,N, ,3, , , , , , , , , ,1,1,0,0,0,0,0,0,1,0,0,0,1,1,0,0,0,0,0,0,1,0,0,0,0,0,0,0,0,0,0,0,0,0,0,8,0,39.9607,-75.237, , 
9726,128928,2016097207,6,67,67301,2016,8,1,1800,18,1,1,0,4,1, , ,N,2,2,2,3,0,0,2,2,N, ,39 54:43.164,75 09:01.672,2000, ,2000, ,0, , , ,3, , , , , , , , , ,2,1,0,0,0,0,1,0,0,0,0,0,0,0,0,0,0,0,1,0,0,0,0,0,0,0,0,0,0,0,0,0,0,0,0,0,0,39.912,-75.1505, , 
9727,128933,2016099620,6,67,67301,2016,9,3,945,9,1,1,0,1,1, , ,N,0,0,0,3,0,1,3,2,N, ,39 57:13.489,75 13:41.052,955, ,946, ,0, ,N, ,0, , , , , , , , , ,2,1,0,0,0,0,1,0,0,0,0,1,1,0,0,0,0,0,0,0,0,0,0,2,0,0,0,0,0,0,0,0,0,0,0,4,0,39.9537,-75.2281, , 
9728,128941,2016108568,6,67,67301,2016,10,3,745,7,1,9,8,8,1, , ,N,1,3,0,3,0,1,2,2,N, ,39 57:00.802,75 13:29.672,1700, ,700, ,0, , , ,3, , , , , , , , , ,1,0,0,0,0,0,1,0,0,0,0,0,1,1,0,0,0,0,0,0,0,0,0,1,0,0,0,0,0,0,0,0,1,0,0,8,0,39.9502,-75.2249, , 
9729,128950,2016069046,6,67,67301,2016,6,5,1550,15,1,1,0,4,1, , ,N,1,2,0,3,0,0,3,3,N,N,40 02:02.039,75 04:27.141,1631, ,1627,1,1,1,N, ,3,N, , , , , , , , ,3,2,0,0,0,0,1,0,0,0,0,0,0,0,0,0,0,0,0,0,1,0,0,0,0,0,0,0,0,0,0,0,0,0,0,0,0,40.034,-75.0744, , 
9730,128951,2016070662,6,67,67301,2016,6,1,9999,99,1,1,0,7,4, , ,N,0,0,0,3,0,1,1,1,N,N,39 56:02.353,75 10:35.468,1836, ,9999, ,0, ,N, ,0, , , , , , , , , ,1,1,0,0,0,0,0,0,0,0,0,0,1,1,0,0,0,0,0,0,0,0,1,0,0,0,0,0,0,0,0,0,0,0,0,8,0,39.934,-75.1765, , 
9731,128960,2016080870,6,67,67301,2016,7,3,1642,16,1,1,0,1,1, , ,N,0,0,0,3,0,1,4,2,N, ,40 00:24.701,75 07:57.879,1647, ,1643, ,0, , , ,0, , , , , , , , , ,2,2,0,0,0,0,0,0,0,0,0,0,1,1,1,0,0,0,0,0,1,0,0,0,0,0,0,0,0,0,0,0,0,0,0,8,0,40.0069,-75.1327, , 
9732,126382,2017127524,6,67,67301,2017,11,2,724,7,1,1,0,4,1, , ,N,1,2,0,3,0,0,3,2,N,N,40 00:20.425,75 06:03.822,738, ,726, ,0, ,N, ,3, , , , , , , , , ,2,1,0,0,0,1,0,0,0,0,0,0,0,0,0,0,0,0,0,0,0,0,0,1,0,0,0,0,0,0,0,0,0,0,0,0,0,40.0057,-75.1011, ,Philadelphia
9733,126387,2017137570,6,67,67301,2017,12,4,430,4,3,1,0,7,5, , ,N,0,0,0,3,0,1,2,1,N,N,39 58:22.443,75 12:55.120,437, ,433, ,0, ,N, ,0, , , , , , , , , ,1,1,0,0,0,0,0,0,0,0,0,0,1,1,0,0,0,0,0,0,0,0,0,1,0,0,0,0,0,0,0,0,0,0,0,8,0,39.9729,-75.2153, ,Philadelphia
9734,126395,2018029785,6,67,67301,2017,12,4,1050,10,1,1,0,7,3, , ,N,0,0,0,3,0,1,1,1,N,N,39 55:20.964,75 08:33.232,1100, ,1052, ,0, ,N, ,0, , , , , , , , , ,1,1,0,0,0,0,0,0,0,0,0,0,1,1,0,0,0,0,0,0,0,0,0,0,0,0,0,0,0,0,0,0,0,0,0,8,0,39.9225,-75.1426, ,Philadelphia
9735,126412,2017097815,6,67,67301,2017,9,2,1429,14,1,1,0,4,1, , ,N,0,0,7,3,0,1,2,2,N,N,40 03:13.522,75 10:41.852,1515, ,1502, ,0, ,N, ,0, , , , , , , , , ,1,1,0,0,0,0,0,0,1,0,0,1,1,0,0,0,0,0,0,0,1,0,0,0,0,0,0,0,0,0,0,0,0,0,0,4,0,40.0538,-75.1783, ,Philadelphia
9736,126423,2017127997,6,67,67301,2017,11,5,638,6,1,5,1,4,1, , ,N,1,2,0,3,0,0,2,2,N, ,40 02:40.890,75 03:16.537,750, ,734,2,1,2, , ,3,N, , , , , , , , ,2,2,0,0,0,0,0,0,0,0,0,0,0,0,0,0,0,0,0,0,0,0,0,0,0,0,0,0,0,0,0,0,0,0,0,0,0,40.0446,-75.0547, ,Philadelphia
9737,126425,2017119457,6,67,67301,2017,11,1,749,7,1,1,1,7,3, , ,N,0,0,0,3,0,1,1,1,N,N,39 55:11.031,75 11:27.148,808, ,750,2,2,4, , ,0,N, , , , , , , , ,1,1,0,0,0,0,0,0,0,0,0,0,1,1,0,0,0,0,0,0,0,0,0,0,0,0,0,0,0,0,0,0,0,0,0,8,0,39.9197,-75.1909, ,Philadelphia
9738,126437,2018005549,6,67,67301,2017,12,3,1550,15,1,1,0,4,1, , ,N,1,3,0,3,0,1,2,2,N,N,39 58:50.977,75 08:18.441,1605, ,1600, ,0, ,N, ,3, , , , , , , , , ,1,0,0,0,0,0,1,0,1,0,1,0,1,0,0,0,0,0,0,0,1,0,0,0,0,0,0,0,0,0,0,0,0,0,0,3,0,39.9808,-75.1385, ,Philadelphia
9739,126440,2017135684,6,67,67301,2017,12,1,733,7,1,1,0,7,4, , ,N,0,0,0,3,0,0,1,1,N,N,39 55:30.716,75 08:49.072,734, ,733,1,2,1, , ,0,N, , , , , , , , ,1,1,0,0,0,0,0,0,0,0,0,0,0,0,0,0,0,0,0,0,0,0,0,0,0,0,0,0,0,0,0,0,0,0,0,0,0,39.9252,-75.147, ,Philadelphia
9740,126476,2018029737,6,67,67301,2017,12,6,2201,22,3,1,0,5,6, , ,N,0,0,0,3,0,0,1,2,N, ,40 05:25.000,74 58:41.600,2205, ,2201, ,0, ,N, ,0, , , , , , , , , ,2,1,0,0,0,0,1,0,0,0,0,0,0,0,0,0,0,0,0,0,0,0,0,1,0,0,0,0,0,0,0,0,0,0,0,0,0,40.0903,-74.9782, ,Philadelphia
9741,126516,2018029922,6,67,67301,2017,12,2,1435,14,1,1,0,4,1, , ,N,1,2,0,3,0,2,2,2,N,N,40 00:36.435,75 07:17.178,1455, ,1455, ,0, ,N, ,3, , , , , , , , , ,2,2,0,0,0,0,0,0,0,0,0,2,2,0,0,0,0,0,0,0,0,0,0,0,0,0,0,0,0,0,0,0,0,0,0,4,0,40.0101,-75.1214, ,Philadelphia
9742,126517,2018029940,6,67,67301,2017,12,1,2230,22,3,2,1,1,1, , ,N,1,2,0,3,0,1,3,2,N,N,40 03:59.676,75 03:04.085,2305, ,2300, ,0, ,N, ,3, , , , , , , , , ,2,1,0,0,0,0,1,0,0,0,0,1,1,0,0,0,0,0,0,0,1,0,0,0,0,0,0,0,0,0,0,0,0,0,0,4,0,40.0666,-75.0511, ,Philadelphia
9743,126519,2017093505,6,67,67301,2017,8,1,1,0,3,1,0,5,6, , ,N,0,0,0,3,0,0,1,2,N, ,40 03:28.269,74 59:56.840,9999, ,10, ,0, ,N, ,0, , , , , , , , , ,2,0,0,0,0,0,2,0,0,0,0,0,0,0,0,0,0,0,0,0,0,0,0,0,0,0,0,0,0,0,0,0,0,0,0,0,0,40.0579,-74.9991, ,Philadelphia
9744,126520,2017091844,6,67,67301,2017,8,7,1925,19,1,1,1,4,1, , ,N,0,0,0,3,0,1,3,3,N,N,40 02:11.907,75 04:46.117,1932, ,1926, ,0, ,N, ,0, , , , , , , , , ,2,1,0,0,0,0,1,0,1,0,1,0,1,0,0,0,0,0,0,0,0,0,0,0,0,0,0,0,0,0,0,0,0,0,0,3,0,40.0366,-75.0795, ,Philadelphia
9745,126550,2017130653,6,67,67301,2017,11,2,1655,16,1,1,0,4,1, , ,N,0,0,7,3,0,0,4,4,N,N,40 00:30.500,75 10:21.800,1810, ,1804, ,0, ,N, ,0, , , , , , , , , ,4,2,0,0,0,0,1,1,0,0,0,0,0,0,0,0,0,0,0,0,0,0,0,1,0,0,0,0,0,0,0,0,0,0,0,0,0,40.0085,-75.1727, ,Philadelphia
9746,126557,2017137607,6,67,67301,2017,12,4,9999,99,3,1,0,4,1, , ,N,1,2,0,3,0,1,2,3,N, ,40 00:53.898,75 08:49.944,1905, ,1902,1,1,2,N, ,3,N, , , , , , , , ,2,2,0,0,0,0,0,0,0,0,0,1,1,0,0,0,0,0,0,0,1,0,0,1,0,0,0,0,0,0,0,0,0,0,0,4,0,40.015,-75.1472, ,Philadelphia
9747,126566,2017093655,6,67,67301,2017,8,7,1440,14,1,1,0,8,1, , ,N,0,0,0,3,0,1,2,2,N,N,40 00:33.330,75 10:05.892,1441, ,1441, ,0, ,N, ,0, , , , , , , , , ,1,1,0,0,0,0,0,0,0,0,1,0,1,0,0,0,0,0,0,0,0,0,1,0,0,0,0,0,0,0,0,0,1,0,0,3,0,40.0093,-75.1683, ,Philadelphia
9748,126569,2017093531,6,67,67301,2017,8,4,1316,13,1,1,0,4,1, , ,N,1,3,1,3,0,1,2,2,N,N,40 00:33.354,75 05:24.669,1322, ,1316, ,0, ,N, ,3, , , , , , , , , ,2,0,0,0,0,0,2,0,0,0,0,0,1,1,1,0,0,0,0,0,0,0,0,0,0,0,0,0,0,0,0,0,0,0,0,8,0,40.0093,-75.0902, ,Philadelphia
9749,126570,2017096533,6,67,67301,2017,8,5,1121,11,1,1,0,4,1, , ,N,1,0,0,3,0,1,4,2,N,N,39 58:29.355,75 08:20.493,1148, ,1141, ,0, ,N, ,0, , , , , , , , , ,1,0,0,0,0,0,1,0,1,0,0,1,1,0,0,0,0,0,0,0,0,0,0,0,0,0,0,0,0,0,0,0,0,0,0,4,0,39.9748,-75.139, ,Philadelphia
9750,120546,2017137518,6,67,67301,2017,12,3,2135,21,3,2,1,8,1, , ,N,1,2,0,3,0,1,2,2,N,N,39 59:30.115,75 11:08.190,2140, ,2140, ,0, ,N, ,3, , , , , , , , , ,1,0,0,0,0,0,0,1,0,0,0,0,1,1,0,0,0,0,0,0,0,0,0,1,0,0,0,0,0,0,0,0,1,0,0,8,0,39.9917,-75.1856, ,Philadelphia
9751,120549,2017127468,6,67,67301,2017,11,3,1035,10,1,1,0,4,1, , ,N,1,2,0,3,0,0,3,2,N,N,40 00:07.931,75 09:27.518,1110, ,1105, ,0, , , ,3, , , , , , , , , ,2,2,0,0,0,0,0,0,0,0,0,0,0,0,0,0,0,0,0,0,2,0,0,0,0,0,0,0,0,0,0,0,0,0,0,0,0,40.0022,-75.1576, ,Philadelphia
9752,120585,2018005468,6,67,67301,2017,11,7,1445,14,1,1,0,4,1, , ,N,1,3,0,3,0,1,2,2,N,N,39 55:51.340,75 09:43.858,1650, ,1649, ,0, ,N, ,3, , , , , , , , , ,1,1,0,0,0,0,0,0,1,0,0,1,1,0,0,0,0,0,0,0,0,0,0,0,0,0,0,0,0,0,0,0,0,0,0,4,0,39.9309,-75.1622, ,Philadelphia
9753,120587,2018005531,6,67,67301,2017,11,5,2100,21,3,1,0,4,1, , ,N,2,2,0,3,0,1,4,2,N,N,40 04:57.039,75 02:58.768,2112, ,2103, ,0, ,N, ,2, , , , , , , , , ,2,2,0,0,0,0,0,0,0,0,0,1,1,0,0,0,0,0,0,0,0,0,0,0,0,0,0,0,0,0,0,0,0,0,0,4,0,40.0825,-75.0497, ,Philadelphia
9754,120652,2017127545,6,67,67301,2017,11,2,1310,13,1,2,1,1,1, , ,N,0,0,7,3,0,1,2,2,N, ,40 00:42.879,75 03:33.793,1315, ,1315, ,0, , , ,0, , , , , , , , , ,2,1,0,0,1,0,0,0,0,0,0,0,1,1,0,0,0,0,0,1,1,0,0,1,0,0,0,0,0,0,0,0,0,0,0,8,0,40.0119,-75.0594, ,Philadelphia
9755,120659,2017127403,6,67,67301,2017,11,5,1650,16,1,1,0,4,1, , ,N,0,0,0,3,0,0,2,2,N, ,39 59:11.692,75 09:22.318,1650, ,1650, ,0, , , ,0, , , , , , , , , ,2,1,0,0,0,0,0,1,0,0,0,0,0,0,0,0,0,0,0,0,1,1,0,0,0,0,0,0,0,0,0,0,0,0,0,0,0,39.9866,-75.1562, ,Philadelphia
9756,120664,2018030102,6,67,67301,2017,12,5,1415,14,1,1,0,4,1, , ,N,1,2,0,3,0,1,3,2,N,N,40 04:15.846,75 02:15.895,1540, ,1526, ,0, ,N, ,2, , , , , , , , , ,2,1,0,0,0,0,1,0,0,1,0,0,1,0,0,0,0,0,1,0,0,0,0,0,0,0,0,0,0,0,0,0,0,0,0,2,0,40.0711,-75.0377, ,Philadelphia
9757,120671,2017135036,6,67,67301,2017,11,3,1515,15,1,1,0,1,1, , ,N,0,0,0,3,0,0,2,2,N,N,40 05:46.300,74 59:30.400,1553, ,1546,2,1,3,N, ,0,Y, , , , , , , , ,2,0,0,1,0,0,1,0,0,0,0,0,0,0,0,0,0,0,0,0,0,0,0,0,0,0,0,0,0,0,0,0,0,0,0,0,1,40.0962,-74.9918, ,Philadelphia
9758,120679,2017128068,6,67,67301,2017,11,4,1150,11,1,1,0,5,1, , ,N,1,2,0,3,0,1,1,2,N,N,39 57:50.838,75 10:27.970,1200, ,1152, ,0, ,N, ,3, , , , , , , , , ,2,1,0,0,1,0,0,0,0,0,0,1,1,0,0,0,0,0,0,0,0,0,0,0,0,0,0,0,0,0,0,0,0,0,0,4,0,39.964,-75.1745, ,Philadelphia
9759,120680,2017122790,6,67,67301,2017,10,7,1610,16,1,1,0,1,1, , ,N,1,2,0,3,0,1,4,2,N, ,39 55:33.772,75 13:40.573,1620, ,1615, ,0, , , ,3, , , , , , , , , ,2,1,0,0,0,0,1,0,0,0,0,1,1,0,0,0,0,0,0,0,1,0,0,0,0,0,0,0,0,0,0,0,0,0,0,4,0,39.926,-75.2279, ,Philadelphia
9760,120682,2017132122,6,67,67301,2017,12,7,2050,20,3,4,1,7,2, , ,N,0,0,0,3,0,1,1,1,N,N,39 56:43.877,75 11:25.407,2100, ,2052, ,0, , , ,0, , , , , , , , , ,1,1,0,0,0,0,0,0,0,0,0,0,1,1,0,0,0,0,0,0,0,0,0,0,0,0,0,0,0,0,0,0,0,0,0,8,0,39.9454,-75.1906, ,Philadelphia
9761,120688,2018029261,6,67,67301,2017,12,6,2140,21,3,4,3,8,5, , ,N,0,0,0,3,0,1,2,2,N, ,39 57:43.591,75 09:38.242,2150, ,2141, ,0, ,N, ,0, , , , , , , , , ,1,1,0,0,0,0,0,0,0,0,0,1,1,0,0,0,0,0,0,0,0,0,0,0,0,0,0,0,0,0,0,0,1,0,0,4,0,39.9621,-75.1606, ,Philadelphia
9762,120711,2017128074,6,67,67301,2017,11,7,1512,15,1,1,0,1,6, , ,N,0,0,0,3,0,0,2,2,N,N,40 03:03.900,75 11:58.300,1535, ,1533, ,0, ,N, ,0, , , , , , , , , ,2,1,0,0,0,0,1,0,0,0,0,0,0,0,0,0,0,0,0,0,0,0,0,1,0,0,0,0,0,0,0,0,0,0,0,0,0,40.0511,-75.1995, ,Philadelphia
9763,120712,2017127355,6,67,67301,2017,11,6,1727,17,1,1,0,4,1, , ,N,2,3,0,3,0,1,2,2,N,N,39 57:30.706,75 14:51.628,1733, ,1731,3,1,5,N, ,3,Y, , , , , , , , ,2,0,0,0,1,0,1,0,0,0,0,0,1,1,0,0,0,0,0,0,0,0,0,1,0,0,0,0,0,0,0,0,0,0,0,8,0,39.9585,-75.2476, ,Philadelphia
9764,120731,2017127429,6,67,67301,2017,10,5,741,7,1,1,0,1,1,1,4,Y,0,0,0,3,0,4,6,2,N, ,40 02:39.655,75 03:16.624,753,99,744, ,0, , , ,0, ,U, , ,U,Y, , , ,2,0,0,1,0,0,0,1,0,0,0,0,4,4,0,0,0,0,0,0,0,0,0,1,0,0,0,0,0,0,0,0,0,0,0,8,1,40.0443,-75.0546, ,Philadelphia
9765,120734,2017127375,6,67,67301,2017,11,1,2300,23,3,1,0,8,1, , ,N,1,2,0,3,0,1,2,2,N,N,39 58:02.408,75 14:45.030,2305, ,2303, ,0, ,N, ,3, , , , , , , , , ,1,1,0,0,0,0,0,0,0,1,0,0,1,0,0,0,0,0,0,0,0,0,0,1,0,0,0,0,0,0,0,0,1,0,1,2,0,39.9673,-75.2457, ,Philadelphia
9766,120744,2017093582,6,67,67301,2017,8,1,1701,17,1,1,0,7,4, , ,N,10,3,0,3,0,0,1,1,N,N,39 55:56.074,75 14:00.686,1701, ,1701, ,0, ,N, ,3, , , , , , , , , ,1,1,0,0,0,0,0,0,0,0,0,0,0,0,0,0,0,0,0,0,0,0,0,1,0,0,0,0,0,0,0,0,0,0,0,0,0,39.9322,-75.2335, ,Philadelphia
9767,120754,2017128037,6,67,67301,2017,11,5,1500,15,1,1,0,8,1, , ,N,0,0,0,3,0,1,2,2,N,N,40 00:15.100,75 10:40.300,1715, ,1702, ,0, ,N, ,0, , , , , , , , , ,1,0,0,0,0,0,1,0,0,0,1,0,1,0,0,0,0,0,0,0,0,0,0,0,0,0,0,0,0,0,0,0,1,0,0,3,0,40.0042,-75.1779, ,Philadelphia
9768,123399,2017121596,6,67,67301,2017,11,7,1830,18,3,2,1,8,1, , ,N,2,2,0,3,0,1,2,2,N,N,39 57:10.097,75 11:31.542,1958, ,1950, ,0, ,N, ,3, , , , , , , , , ,1,1,0,0,0,0,0,0,0,0,0,1,1,0,0,0,0,0,0,0,0,0,0,0,0,0,0,0,0,0,0,0,1,0,0,4,0,39.9528,-75.1921, ,Philadelphia