objectid_1,objectid,crn,district,county,municipality,crash_year,crash_month,day_of_week,time_of_day,hour_of_day,illumination,weather,road_condition,collision_type,relation_to_road,work_zone_type,work_zone_loc,work_zone_ind,intersect_type,tcd_type,location_type,urban_rural,fatal_count,injury_count,person_count,total_units,sch_bus_ind,sch_zone_ind,latitude,longitude,arrival_tm,cons_zone_spd_lim,dispatch_tm,est_hrs_closed,lane_closed,ln_close_dir,ntfy_hiwy_maint,spec_juris_cd,tcd_func_cd,tfc_detour_ind,workers_pres,wz_close_detour,wz_flagger,wz_law_offcr_ind,wz_ln_closure,wz_moving,wz_other,wz_shlder_mdn,vehicle_count,automobile_count,motorcycle_count,bus_count,small_truck_count,heavy_truck_count,suv_count,van_count,bicycle_count,maj_inj_count,mod_inj_count,min_inj_count,tot_inj_count,unk_inj_deg_count,unk_inj_per_count,driver_count_16yr,driver_count_17yr,driver_count_18yr,driver_count_19yr,driver_count_20yr,driver_count_50_64yr,driver_count_65_74yr,driver_count_75plus,unbelted_occ_count,unb_death_count,unb_maj_inj_count,belted_death_count,belted_maj_inj_count,mcycle_death_count,mcycle_maj_inj_count,bicycle_death_count,bicycle_maj_inj_count,ped_count,ped_death_count,ped_maj_inj_count,max_severity_level,comm_veh_count,dec_lat,dec_long,rdwy_surf_type_cd,county_name
9769,123410,2017111580,6,67,67301,2017,8,3,1200,12,1,2,1,5,1, , ,N,0,0,0,3,0,1,3,2,N,N,39 58:43.445,75 05:50.576,1255, ,1253, ,0, , , ,0, , , , , , , , , ,2,1,0,0,0,1,0,0,0,0,0,1,1,0,0,0,0,0,0,0,0,1,0,0,0,0,0,0,0,0,0,0,0,0,0,4,1,39.9787,-75.0974, ,Philadelphia
9770,123413,2017091843,6,67,67301,2017,8,7,45,0,3,2,1,1,1, , ,N,1,2,0,3,0,1,3,2,N,N,40 02:03.671,75 04:29.368,59, ,47, ,0, ,N, ,3, , , , , , , , , ,2,2,0,0,0,0,0,0,0,0,0,1,1,0,0,0,0,0,0,0,0,0,0,3,0,0,0,0,0,0,0,0,0,0,0,4,0,40.0343,-75.0746, ,Philadelphia
9771,123416,2017098519,6,46,46102,2017,9,6,737,7,1,1,0,4,5, , ,N,0,0,0,3,0,1,2,3,N,N,40 04:05.713,75 05:43.761,752, ,749, ,0, ,N, ,0, , , , , , , , , ,3,1,0,0,0,0,1,1,0,0,0,0,1,1,0,0,0,0,0,1,0,0,0,0,0,0,0,0,0,0,0,0,0,0,0,8,0,40.0683,-75.0955, ,Montgomery
9772,123419,2017105927,6,67,67301,2017,9,6,9999,99,1,1,0,4,1, , ,N,0,0,7,3,0,1,2,2,N,N,40 00:47.572,75 07:09.654,1359, ,1358, ,0, ,N, ,0, , , , , , , , , ,2,0,0,0,0,0,2,0,0,0,0,0,1,1,0,0,0,0,0,0,0,0,0,0,0,0,0,0,0,0,0,0,0,0,0,8,0,40.0132,-75.1193, ,Philadelphia
9773,123421,2017097862,6,67,67301,2017,9,2,320,3,3,1,0,4,1, , ,N,5,2,0,3,0,0,2,2,N,N,39 55:29.311,75 10:22.745,328, ,322, ,0, ,N, ,3, , , , , , , , , ,2,0,0,0,1,1,0,0,0,0,0,0,0,0,0,0,0,0,0,0,1,0,0,2,0,0,0,0,0,0,0,0,0,0,0,0,1,39.9248,-75.173, ,Philadelphia
9774,123422,2017109969,6,67,67301,2017,10,1,10,0,3,1,0,4,1, , ,N,2,0,0,3,0,1,2,2,N,N,40 01:04.897,75 10:21.766,40, ,36,1,1,1,N, ,0,N, , , , , , , , ,2,2,0,0,0,0,0,0,0,0,0,1,1,0,0,0,0,0,0,0,0,0,0,0,0,0,0,0,0,0,0,0,0,0,0,4,0,40.018,-75.1727, ,Philadelphia
9775,123423,2017109853,6,67,67301,2017,10,1,1249,12,1,1,0,4,1, , ,N,0,0,7,3,0,1,2,2,N,N,39 59:42.589,75 05:36.548,1253, ,1252, ,0, , , ,0, , , , , , , , , ,2,0,1,0,1,0,0,0,0,0,0,1,1,0,0,0,0,0,0,0,0,0,0,0,0,0,0,0,0,0,0,0,0,0,0,4,0,39.9952,-75.0935, ,Philadelphia
9776,123448,2017127479,6,67,67301,2017,11,4,1007,10,1,1,0,4,1, , ,N,1,2,0,3,0,0,2,2,N, ,40 03:23.345,75 02:47.046,1025, ,1017, ,0, , , ,3, , , , , , , , , ,2,1,0,0,0,0,1,0,0,0,0,0,0,0,0,0,0,0,0,0,1,0,0,0,0,0,0,0,0,0,0,0,0,0,0,0,0,40.0566,-75.0466, ,Philadelphia
9777,123451,2018015792,6,67,67301,2017,12,5,254,2,3,1,0,7,4, , ,N,2,0,0,3,0,0,1,1,N,N,40 03:30.131,75 12:00.550,327, ,303,2,1,1,N, ,0,N, , , , , , , , ,1,1,0,0,0,0,0,0,0,0,0,0,0,0,0,0,0,0,0,0,0,0,0,0,0,0,0,0,0,0,0,0,0,0,0,0,0,40.0584,-75.2002, ,Philadelphia
9778,123456,2017127408,6,67,67301,2017,11,1,345,3,3,1,0,6,1, , ,N,0,0,0,3,0,1,3,2,N,N,39 58:48.116,75 11:20.202,350, ,345, ,0, ,N, ,0, , , , , , , , , ,2,2,0,0,0,0,0,0,0,0,1,0,1,0,0,0,0,0,0,0,0,0,0,1,0,0,0,0,0,0,0,0,0,0,0,3,0,39.9801,-75.1889, ,Philadelphia
9779,123477,2018005455,6,67,67301,2017,12,6,1420,14,1,1,0,4,1, , ,N,5,2,0,3,0,1,2,2,N,N,39 57:49.815,75 13:12.169,1647, ,1645, ,0, ,N, ,3, , , , , , , , , ,1,1,0,0,0,0,0,0,1,0,0,0,1,1,0,0,0,0,0,0,0,0,0,0,0,0,0,0,0,0,0,0,0,0,0,8,0,39.9638,-75.22, ,Philadelphia
9780,123506,2018027405,6,67,67301,2017,12,6,2330,23,3,1,0,5,6, , ,N,0,0,0,3,0,0,1,3,N,N,40 07:45.657,75 01:22.315,18, ,1, ,0, ,N, ,0, , , , , , , , , ,3,3,0,0,0,0,0,0,0,0,0,0,0,0,0,0,0,0,0,0,0,0,0,0,0,0,0,0,0,0,0,0,0,0,0,0,0,40.1293,-75.0229, ,Philadelphia
9781,123523,2018029812,6,67,67301,2017,12,3,1020,10,1,1,0,5,1, , ,N,0,0,0,3,0,2,2,2,N, ,39 57:24.154,75 11:55.230,1022, ,1022, ,0, ,N, ,0, , , , , , , , , ,2,0,0,0,0,0,2,0,0,0,0,0,2,2,0,0,0,0,0,0,1,0,0,0,0,0,0,0,0,0,0,0,0,0,0,8,0,39.9567,-75.1987, ,Philadelphia
9782,123526,2018027389,6,67,67301,2017,12,5,945,9,1,1,0,4,1, , ,N,1,2,0,3,0,0,2,2,N,N,40 04:15.846,75 02:15.895,1004, ,954,2,2,1,N, ,3,Y, , , , , , , , ,2,0,0,0,0,0,1,1,0,0,0,0,0,0,0,0,0,0,0,0,1,0,1,0,0,0,0,0,0,0,0,0,0,0,0,0,0,40.0711,-75.0377, ,Philadelphia
9783,123556,2017132408,6,67,67301,2017,12,2,604,6,3,1,6,1,1, , ,N,0,0,0,3,0,0,2,2,N,N,39 56:44.167,75 11:25.033,616, ,608, ,0, , , ,0, , , , , , , , , ,2,1,0,0,0,0,1,0,0,0,0,0,0,0,0,0,0,0,0,0,0,0,0,0,0,0,0,0,0,0,0,0,0,0,0,0,0,39.9455,-75.1905, ,Philadelphia
9784,123562,2017127371,6,67,67301,2017,11,7,1205,12,1,1,0,1,1, , ,N,1,2,0,3,0,1,4,2,N,N,39 58:30.968,75 12:23.839,1230, ,1212, ,0, ,N, ,3, , , , , , , , , ,2,1,0,1,0,0,0,0,0,0,0,0,1,1,2,0,0,0,0,0,1,0,0,0,0,0,0,0,0,0,0,0,0,0,0,8,1,39.9752,-75.2066, ,Philadelphia
9785,123565,2018027418,6,67,67301,2017,12,7,102,1,6,2,1,8,1, , ,N,0,0,0,3,0,1,2,2,N,N,39 55:03.353,75 12:45.385,122, ,122, ,0, ,N, ,0, , , , , , , , , ,1,1,0,0,0,0,0,0,0,1,0,0,1,0,1,0,0,0,0,0,0,0,0,0,0,0,0,0,0,0,0,0,1,0,1,2,0,39.9176,-75.2126, ,Philadelphia
9787,128976,2016087698,6,67,67301,2016,8,2,1215,12,1,1,0,4,1, , ,N,1,3,0,3,0,2,3,2,N, ,39 58:28.135,75 14:20.889,1245, ,1240,1,1,6, , ,3,N, , , , , , , , ,2,0,0,0,0,0,1,1,0,0,0,0,2,2,1,0,0,0,1,0,0,0,0,0,0,0,0,0,0,0,0,0,0,0,0,8,0,39.9745,-75.2391, , 
9788,128979,2016088618,6,67,67301,2016,8,5,1850,18,1,1,0,7,4, , ,N,0,0,0,3,0,1,1,1,N,N,40 05:56.521,74 59:08.433,1915, ,1910, ,0, , , ,0, , , , , , , , , ,1,0,0,0,0,0,0,1,0,0,0,1,1,0,0,0,0,0,0,0,0,0,0,0,0,0,0,0,0,0,0,0,0,0,0,4,0,40.099,-74.9857, , 
9789,128986,2016108594,6,67,67301,2016,10,3,235,2,3,1,0,7,4, , ,N,0,0,0,3,0,1,2,1,N, ,40 01:12.512,75 11:34.130,237, ,236, ,0, , , ,0, , , , , , , , , ,1,1,0,0,0,0,0,0,0,0,0,1,1,0,0,0,0,0,0,0,0,0,0,0,0,0,0,0,0,0,0,0,0,0,0,4,0,40.0201,-75.1928, , 
9790,128996,2016109081,6,67,67301,2016,10,6,1641,16,1,1,0,4,1, , ,N,1,3,0,3,0,0,3,2,N,N,39 58:40.076,75 09:44.002,1644, ,1642, ,0, ,N, ,3, , , , , , , , , ,2,2,0,0,0,0,0,0,0,0,0,0,0,0,0,0,0,1,0,0,0,0,0,1,0,0,0,0,0,0,0,0,0,0,0,0,0,39.9778,-75.1622, , 
9791,129008,2016016572,6,67,67301,2016,1,6,1342,13,1,1,0,4,1, , ,N,1,3,0,3,0,1,4,2,N,N,39 55:24.272,75 09:09.287,1410, ,1358,3,2,2,N, ,3,N, , , , , , , , ,2,2,0,0,0,0,0,0,0,0,0,0,1,1,1,0,0,0,0,0,0,1,0,0,0,0,0,0,0,0,0,0,0,0,0,8,0,39.9234,-75.1526, , 
9792,129009,2016016616,6,67,67301,2016,1,1,1945,19,3,1,1,8,1, , ,N,1,3,0,3,0,1,2,2,N,N,39 55:25.532,75 10:29.146,1955, ,1950, ,0, ,N, ,3, , , , , , , , , ,1,1,0,0,0,0,0,0,0,0,0,1,1,0,0,0,0,0,0,0,1,0,0,0,0,0,0,0,0,0,0,0,1,0,0,4,0,39.9238,-75.1748, , 
9793,129022,2016031452,6,67,67301,2016,3,1,2313,23,3,2,1,7,4, , ,N,0,0,0,3,0,2,2,1,N,N,39 58:52.949,75 12:25.255,9999, ,2316, ,0, , , ,0, , , , , , , , , ,1,1,0,0,0,0,0,0,0,0,2,0,2,0,0,0,0,0,0,1,0,0,0,2,0,0,0,0,0,0,0,0,0,0,0,3,0,39.9814,-75.207, , 
9794,129046,2016004365,6,67,67301,2016,1,3,934,9,1,1,0,5,1, , ,N,0,0,0,3,0,1,2,2,Y,N,40 01:45.081,75 06:02.704,945, ,936,1,1,2,N, ,0,N, , , , , , , , ,2,1,0,1,0,0,0,0,0,0,1,0,1,0,0,0,0,0,0,0,1,0,0,0,0,0,0,0,0,0,0,0,0,0,0,3,1,40.0292,-75.1008, , 
9795,129061,2016019795,6,67,67301,2016,1,1,2235,22,3,1,0,8,1, , ,N,0,0,0,3,0,1,2,2,N,N,39 59:58.083,75 05:07.706,2325, ,2311, ,0, ,N, ,0, , , , , , , , , ,1,0,0,0,1,0,0,0,0,0,0,1,1,0,0,0,0,0,0,0,0,1,0,0,0,0,0,0,0,0,0,0,1,0,0,4,0,39.9995,-75.0855, , 
9796,129080,2016046128,6,67,67301,2016,4,7,328,3,3,1,0,7,4, , ,N,0,0,0,3,0,0,2,1,N, ,39 54:32.194,75 08:18.758,332, ,329, ,0, , , ,0, , , , , , , , , ,1,1,0,0,0,0,0,0,0,0,0,0,0,0,1,0,0,0,0,0,0,0,0,1,0,0,0,0,0,0,0,0,0,0,0,9,0,39.9089,-75.1385, , 
9797,129083,2016048631,6,67,67301,2016,4,3,1746,17,1,1,0,8,1, , ,N,0,0,0,3,0,1,2,2,N,N,39 57:47.774,75 09:00.777,1746, ,1746, ,0, ,N, ,0, , , , , , , , , ,1,1,0,0,0,0,0,0,0,1,0,0,1,0,0,0,0,0,0,0,0,0,0,0,0,0,0,0,0,0,0,0,1,0,1,2,0,39.9633,-75.1502, , 
9798,129084,2016048694,6,67,67301,2016,4,3,1925,19,4,1,1,8,1, , ,N,0,0,0,3,0,1,2,2,N,N,40 02:19.665,75 08:01.315,1940, ,1928,1,1,2,N, ,0,N, , , , , , , , ,1,0,0,0,0,0,0,1,0,0,0,1,1,0,0,0,0,0,0,0,0,0,0,0,0,0,0,0,0,0,0,0,1,0,0,4,0,40.0388,-75.1337, , 
9799,129087,2016052302,6,67,67301,2016,4,6,207,2,3,1,0,1,1, , ,N,1,2,0,3,0,1,2,2,N,N,39 57:14.416,75 10:05.601,209, ,207, ,0, ,N, ,3, , , , , , , , , ,2,1,0,0,0,0,1,0,0,0,0,0,1,1,0,0,0,0,0,0,0,0,0,0,0,0,0,0,0,0,0,0,0,0,0,8,0,39.954,-75.1682, , 
9800,129088,2016052855,6,67,67301,2016,4,6,2055,20,3,1,0,4,1,1,4,Y,1,2,0,3,0,0,3,2,N, ,39 57:27.565,75 10:27.159,2112,99,2058, ,0, , , ,3, ,U, , ,U, , , ,Y,2,2,0,0,0,0,0,0,0,0,0,0,0,0,0,0,0,0,0,0,0,0,0,3,0,0,0,0,0,0,0,0,0,0,0,0,0,39.9577,-75.1742, , 
9801,129092,2016057312,6,67,67301,2016,4,6,541,5,3,1,0,1,1, , ,N,0,0,0,3,0,1,2,2,N,N,39 58:38.288,75 06:45.227,548, ,541,2,1,1, , ,0,N, , , , , , , , ,2,1,0,0,0,1,0,0,0,0,1,0,1,0,0,0,0,0,0,0,0,0,0,0,0,0,0,0,0,0,0,0,0,0,0,3,1,39.9773,-75.1126, , 
9802,129101,2016016132,6,67,67301,2016,1,3,2217,22,3,1,0,2,1, , ,N,0,0,0,3,0,0,2,2,N, ,39 57:27.376,75 14:51.991,2220, ,2218, ,0, , , ,0, , , , , , , , , ,2,2,0,0,0,0,0,0,0,0,0,0,0,0,0,0,0,0,0,0,0,0,0,1,0,0,0,0,0,0,0,0,0,0,0,0,0,39.9576,-75.2478, , 
9803,129105,2016019804,6,67,67301,2016,2,3,834,8,1,1,0,1,1, , ,N,0,0,0,3,0,1,8,3,N, ,40 00:21.336,75 05:38.908,950, ,834,9,1,3, , ,0,N, , , , , , , , ,3,1,0,0,0,0,1,1,0,0,0,1,1,0,0,0,0,0,0,0,0,1,0,0,0,0,0,0,0,0,0,0,0,0,0,4,0,40.0059,-75.0941, , 
9804,126572,2017110921,6,67,67301,2017,8,3,821,8,1,1,0,1,1, , ,N,0,0,0,3,0,0,5,5,N,N,39 58:33.915,75 06:53.651,825, ,821,1,2,1, , ,0,N, , , , , , , , ,5,2,0,0,0,0,3,0,0,0,0,0,0,0,0,0,0,0,0,0,2,0,0,0,0,0,0,0,0,0,0,0,0,0,0,0,0,39.9761,-75.115, ,Philadelphia
9805,126605,2017137507,6,67,67301,2017,12,5,833,8,1,1,0,1,1, , ,N,1,2,0,3,0,1,4,4,N,Y,39 59:59.413,75 06:53.265,839, ,836, ,0, ,N, ,3, , , , , , , , , ,4,2,0,0,0,0,1,1,0,0,0,1,1,0,0,0,0,0,0,0,0,0,0,3,0,0,0,0,0,0,0,0,0,0,0,4,0,39.9998,-75.1148, ,Philadelphia
9806,126645,2018015789,6,67,67301,2017,12,2,9999,99,1,1,0,1,1, , ,N,0,0,0,3,0,0,2,2,N, ,40 03:29.385,74 59:16.496,655, ,700,9,2,3,N, ,0,Y, , , , , , , , ,2,2,0,0,0,0,0,0,0,0,0,0,0,0,0,0,0,0,0,1,0,0,0,0,0,0,0,0,0,0,0,0,0,0,0,0,0,40.0582,-74.9879, ,Philadelphia
9807,126646,2018005544,6,67,67301,2017,12,1,1832,18,3,1,0,3,1, , ,N,0,0,0,3,0,1,2,2,N,N,39 58:23.354,75 10:40.300,1950, ,1832, ,0, ,N, ,0, , , , , , , , , ,2,2,0,0,0,0,0,0,0,0,0,0,1,1,0,0,0,0,0,0,0,0,0,0,0,0,0,0,0,0,0,0,0,0,0,8,0,39.9732,-75.1779, ,Philadelphia
9808,126656,2018004630,6,67,67301,2017,12,5,1019,10,1,1,0,7,2, , ,N,0,0,0,3,0,1,1,1,N,N,39 53:30.065,75 14:15.064,1028, ,1020,3,2,2, , ,0,N, , , , , , , , ,1,0,0,0,0,0,1,0,0,0,0,0,1,1,0,0,0,0,0,0,0,0,0,0,0,0,0,0,0,0,0,0,0,0,0,8,0,39.8917,-75.2375, ,Philadelphia
9809,126659,2018005578,6,67,67301,2017,11,1,220,2,3,1,0,2,6, , ,N,0,0,0,3,0,1,1,5,N,N,39 58:08.100,75 13:52.500,236, ,224, ,0, ,N, ,0, , , , , , , , , ,5,5,0,0,0,0,0,0,0,0,0,1,1,0,0,0,0,0,0,0,0,0,0,0,0,0,0,0,0,0,0,0,0,0,0,4,0,39.9689,-75.2313, ,Philadelphia
9810,126668,2017093615,6,67,67301,2017,8,1,220,2,3,1,0,6,6, , ,N,0,0,0,3,0,1,1,3,N, ,40 02:15.895,75 03:00.092,242, ,237, ,0, , , ,0, , , , , , , , , ,3,1,0,0,0,0,2,0,0,0,0,0,1,1,0,0,0,0,0,0,0,0,0,1,0,0,0,0,0,0,0,0,0,0,0,8,0,40.0377,-75.05, ,Philadelphia
9811,126669,2017101880,6,67,67301,2017,9,5,950,9,1,1,0,8,1, , ,N,1,2,0,3,0,1,2,2,N, ,39 56:49.128,75 09:52.935,954, ,951,9,1,4, , ,3,N, , , , , , , , ,1,0,0,0,0,1,0,0,0,1,0,0,1,0,0,0,0,0,0,0,0,0,0,0,0,0,0,0,0,0,0,0,1,0,1,2,1,39.947,-75.1647, ,Philadelphia
9812,126671,2017120534,6,67,67301,2017,10,7,2220,22,3,1,0,6,6, , ,N,0,0,1,3,0,2,3,4,N, ,40 00:00.766,75 06:23.775,2220, ,2220, ,0, , , ,0, , , , , , , , , ,4,2,0,0,1,0,1,0,0,0,0,1,2,1,0,0,0,0,0,0,1,0,0,1,0,0,0,0,0,0,0,0,0,0,0,4,0,40.0002,-75.1066, ,Philadelphia
9813,126680,2017127294,6,67,67301,2017,11,3,1747,17,1,2,1,8,1, , ,N,1,2,0,3,0,2,3,3,N,N,39 56:21.771,75 09:39.664,1840, ,1831, ,0, ,N, ,3, , , , , , , , , ,1,1,0,0,0,0,0,0,0,0,0,2,2,0,0,0,0,0,0,0,0,0,0,1,0,0,0,0,0,0,0,0,2,0,0,4,0,39.9394,-75.161, ,Philadelphia
9814,126697,2017137576,6,67,67301,2017,12,3,1800,18,4,2,1,8,1, , ,N,1,2,0,3,0,1,2,2,N,N,39 57:23.324,75 13:17.716,2040, ,2034, ,0, ,N, ,3, , , , , , , , , ,1,1,0,0,0,0,0,0,0,0,0,1,1,0,0,0,0,0,0,0,0,0,0,1,0,0,0,0,0,0,0,0,1,0,0,4,0,39.9565,-75.2215, ,Philadelphia
9815,126714,2017120634,6,67,67301,2017,10,7,1935,19,3,1,0,6,1, , ,N,0,0,0,3,0,0,4,3,N,N,40 07:26.177,75 00:54.628,1947, ,1945, ,0, ,N, ,0, , , , , , , , , ,3,1,0,0,1,0,1,0,0,0,0,0,0,0,0,0,0,0,0,0,1,0,0,0,0,0,0,0,0,0,0,0,0,0,0,0,0,40.1239,-75.0152, ,Philadelphia
9816,126739,2018027516,6,67,67301,2017,12,7,1038,10,1,2,1,4,1, , ,N,2,3,0,3,0,0,2,2,N,N,40 02:19.179,75 02:39.344,1050, ,1042,3,1,4,N, ,3,N, , , , , , , , ,2,1,0,0,0,0,0,1,0,0,0,0,0,0,0,0,0,0,0,0,0,0,0,0,0,0,0,0,0,0,0,0,0,0,0,0,0,40.0387,-75.0443, ,Philadelphia
9817,126740,2017096438,6,67,67301,2017,8,4,1605,16,1,1,0,4,1, , ,N,1,2,0,3,0,1,2,2,N, ,40 00:03.507,75 08:53.118,1608, ,1605, ,0, , , ,3, , , , , , , , , ,2,2,0,0,0,0,0,0,0,0,0,1,1,0,0,0,0,0,0,0,0,0,0,1,0,0,0,0,0,0,0,0,0,0,0,4,0,40.001,-75.1481, ,Philadelphia
9818,126741,2017101900,6,67,67301,2017,9,7,123,1,3,1,0,4,1, , ,N,1,3,0,3,0,1,4,2,N,N,40 02:52.901,75 05:34.215,127, ,125,2,2,6,N, ,3,Y, , , , , , , , ,2,1,0,0,0,0,1,0,0,0,0,1,1,0,0,0,1,0,0,0,0,0,0,0,0,0,0,0,0,0,0,0,0,0,0,4,0,40.048,-75.0928, ,Philadelphia
9819,126744,2017096489,6,67,67301,2017,8,2,817,8,1,1,0,4,1, , ,N,2,2,0,3,0,2,2,2,N, ,39 57:29.948,75 12:39.714,902, ,817,2,1,4, , ,3,N, , , , , , , , ,2,2,0,0,0,0,0,0,0,0,0,2,2,0,0,0,0,0,0,0,0,1,0,0,0,0,0,0,0,0,0,0,0,0,0,4,0,39.9582,-75.211, ,Philadelphia
9820,126749,2017101892,6,67,67301,2017,9,5,1200,12,1,1,0,3,1, , ,N,1,2,0,3,0,1,2,2,N, ,39 58:22.052,75 12:58.705,1243, ,1240, ,0, , , ,3, , , , , , , , , ,2,1,0,0,0,0,0,1,0,0,0,1,1,0,0,0,0,0,0,0,1,0,0,1,0,0,0,0,0,0,0,0,0,0,0,4,0,39.9728,-75.2163, ,Philadelphia
9821,126752,2017130658,6,67,67301,2017,11,5,1746,17,3,1,0,4,1, , ,N,1,2,0,3,0,1,2,2,N, ,39 59:56.501,75 07:59.705,1810, ,1807, ,0, ,N, ,3, , , , , , , , , ,2,1,1,0,0,0,0,0,0,0,1,0,1,0,0,0,0,0,0,1,0,0,0,0,0,0,0,0,0,0,0,0,0,0,0,3,0,39.999,-75.1332, ,Philadelphia
9822,120766,2017135120,6,67,67301,2017,11,5,115,1,3,1,0,0,4, , ,N,2,0,0,3,0,0,2,1,N,N,39 58:49.576,75 05:20.303,115, ,115, ,0, ,N, ,0, , , , , , , , , ,1,0,0,0,0,0,0,1,0,0,0,0,0,0,0,0,0,0,0,0,0,0,0,0,0,0,0,0,0,0,0,0,0,0,0,0,0,39.9804,-75.089, ,Philadelphia
9823,120773,2018005452,6,67,67301,2017,12,1,43,0,3,4,5,7,4, , ,N,2,0,8,3,0,1,1,1,N, ,39 57:50.600,75 11:03.400,107, ,100,9,0, ,N, ,0,N, , , , , , , , ,1,1,0,0,0,0,0,0,0,0,1,0,1,0,0,0,0,0,0,1,0,0,0,0,0,0,0,0,0,0,0,0,0,0,0,3,0,39.964,-75.1845, ,Philadelphia
9824,120775,2018029816,6,67,67301,2017,12,7,930,9,1,4,1,1,1, , ,N,0,0,0,3,0,1,2,2,N,N,39 59:03.037,75 15:38.852,1010, ,1003, ,0, ,N, ,0, , , , , , , , , ,2,0,0,0,0,0,2,0,0,0,0,0,1,1,0,0,0,0,0,0,1,0,0,0,0,0,0,0,0,0,0,0,0,0,0,8,0,39.9842,-75.2608, ,Philadelphia
9825,120778,2017128094,6,67,67301,2017,11,1,1312,13,1,1,0,4,1, , ,N,1,2,0,3,0,2,3,2,N,N,40 05:41.151,75 00:55.209,1323, ,1315,1,1,1,N, ,3,N, , , , , , , , ,2,0,0,0,0,0,2,0,0,0,0,0,2,2,0,0,0,0,0,0,0,1,1,0,0,0,0,0,0,0,0,0,0,0,0,8,0,40.0948,-75.0153, ,Philadelphia
9826,120790,2018004625,6,67,67301,2017,11,3,319,3,3,1,0,7,4, , ,N,0,0,0,3,0,1,1,1,N,N,39 54:11.791,75 09:02.212,325, ,320,1,1,1, , ,0,N, , , , , , , , ,1,1,0,0,0,0,0,0,0,0,0,0,1,1,0,0,0,0,0,0,0,0,0,0,0,0,0,0,0,0,0,0,0,0,0,8,0,39.9033,-75.1506, ,Philadelphia
9827,120798,2018029794,6,67,67301,2017,12,2,1550,15,1,1,0,7,3, , ,N,2,0,7,3,0,3,6,4,N,N,39 54:51.400,75 09:21.900,1630, ,1621,9,1,6,N, ,0,N, , , , , , , , ,4,1,0,0,1,0,2,0,0,0,0,3,3,0,1,0,0,0,0,0,2,0,0,0,0,0,0,0,0,0,0,0,0,0,0,4,0,39.9143,-75.1561, ,Philadelphia
9828,120801,2018027424,6,67,67301,2017,12,7,934,9,1,4,4,1,1, , ,N,0,0,0,3,0,1,2,2,N,N,40 04:04.011,75 02:24.566,944, ,935, ,0, ,N, ,0, , , , , , , , , ,2,2,0,0,0,0,0,0,0,0,0,1,1,0,0,0,0,0,0,0,0,0,0,0,0,0,0,0,0,0,0,0,0,0,0,4,0,40.0678,-75.0402, ,Philadelphia
9829,120803,2017115959,6,67,67301,2017,10,4,905,9,1,1,0,4,1, , ,N,1,2,0,3,0,1,2,2,N, ,39 56:01.111,75 08:44.415,916, ,912, ,0, , , ,3, , , , , , , , , ,2,1,1,0,0,0,0,0,0,0,1,0,1,0,0,0,0,0,0,0,0,0,0,0,0,0,0,0,0,0,0,0,0,0,0,3,0,39.9336,-75.1457, ,Philadelphia
9830,120810,2017133984,6,67,67301,2017,11,7,1237,12,1,1,0,7,5, , ,N,0,0,0,3,0,0,2,1,N,N,39 55:27.900,75 09:15.400,1238, ,1238,1,2,4,N, ,0,Y, , , , , , , , ,1,1,0,0,0,0,0,0,0,0,0,0,0,0,0,0,0,0,0,0,0,1,0,2,0,0,0,0,0,0,0,0,0,0,0,0,0,39.9244,-75.1543, ,Philadelphia
9831,120814,2017120608,6,67,67301,2017,10,7,637,6,3,1,0,8,1, , ,N,1,0,0,3,0,1,2,2,N, ,40 02:38.284,75 07:25.269,642, ,641, ,0, , , ,0, , , , , , , , , ,1,0,0,0,1,0,0,0,0,0,0,0,1,1,0,0,0,0,0,0,0,0,0,1,0,0,0,0,0,0,0,0,1,0,0,8,0,40.044,-75.1237, ,Philadelphia
9832,120820,2017134991,6,67,67301,2017,11,1,357,3,3,1,0,7,5, , ,N,0,0,0,3,0,1,1,2,N,N,39 54:31.099,75 14:31.086,406, ,359, ,0, ,N, ,0, , , , , , , , , ,1,1,0,0,0,0,0,0,0,0,0,0,1,1,0,0,0,0,0,0,0,0,0,0,0,0,0,0,0,0,0,0,0,0,0,8,0,39.9086,-75.242, ,Philadelphia
9833,120821,2017120593,6,67,67301,2017,10,2,800,8,1,2,1,8,1, , ,N,1,3,0,3,0,1,2,2,N,N,39 59:57.076,75 10:14.224,840, ,832, ,0, ,N, ,3, , , , , , , , , ,1,0,0,0,0,0,1,0,0,0,0,1,1,0,0,0,0,0,0,0,1,0,0,0,0,0,0,0,0,0,0,0,1,0,0,4,0,39.9992,-75.1706, ,Philadelphia
9834,120823,2018005676,6,67,67301,2017,12,2,1918,19,3,1,0,1,1, , ,N,0,0,0,3,0,0,2,2,N,N,39 58:05.647,75 07:48.196,1932, ,1924,1,1,2, , ,0,N, , , , , , , , ,2,1,0,0,0,0,0,1,0,0,0,0,0,0,1,0,0,0,0,0,0,0,0,1,0,0,0,0,0,0,0,0,0,0,0,9,0,39.9682,-75.1301, ,Philadelphia