objectid_1,objectid,crn,district,county,municipality,crash_year,crash_month,day_of_week,time_of_day,hour_of_day,illumination,weather,road_condition,collision_type,relation_to_road,work_zone_type,work_zone_loc,work_zone_ind,intersect_type,tcd_type,location_type,urban_rural,fatal_count,injury_count,person_count,total_units,sch_bus_ind,sch_zone_ind,latitude,longitude,arrival_tm,cons_zone_spd_lim,dispatch_tm,est_hrs_closed,lane_closed,ln_close_dir,ntfy_hiwy_maint,spec_juris_cd,tcd_func_cd,tfc_detour_ind,workers_pres,wz_close_detour,wz_flagger,wz_law_offcr_ind,wz_ln_closure,wz_moving,wz_other,wz_shlder_mdn,vehicle_count,automobile_count,motorcycle_count,bus_count,small_truck_count,heavy_truck_count,suv_count,van_count,bicycle_count,maj_inj_count,mod_inj_count,min_inj_count,tot_inj_count,unk_inj_deg_count,unk_inj_per_count,driver_count_16yr,driver_count_17yr,driver_count_18yr,driver_count_19yr,driver_count_20yr,driver_count_50_64yr,driver_count_65_74yr,driver_count_75plus,unbelted_occ_count,unb_death_count,unb_maj_inj_count,belted_death_count,belted_maj_inj_count,mcycle_death_count,mcycle_maj_inj_count,bicycle_death_count,bicycle_maj_inj_count,ped_count,ped_death_count,ped_maj_inj_count,max_severity_level,comm_veh_count,dec_lat,dec_long,rdwy_surf_type_cd,county_name
9969,121044,2018030141,6,67,67301,2017,12,6,955,9,1,1,0,4,1, , ,N,1,2,0,3,0,1,2,2,N, ,39 56:43.034,75 09:46.587,1002, ,958,3,2,3,N, ,3,Y, , , , , , , , ,1,0,0,0,0,1,0,0,1,1,0,0,1,0,0,0,0,0,0,0,0,0,0,0,0,0,0,0,0,0,0,1,0,0,0,2,1,39.9453,-75.1629, ,Philadelphia
9970,121050,2017127313,6,67,67301,2017,11,4,1530,15,1,1,0,8,1, , ,N,1,2,0,3,0,1,2,2,Y,Y,39 58:37.434,75 13:47.402,1545, ,1542,1,1,3,N, ,3,Y, , , , , , , , ,1,0,0,1,0,0,0,0,0,0,0,1,1,0,0,0,0,0,0,0,0,0,0,0,0,0,0,0,0,0,0,0,1,0,0,4,1,39.9771,-75.2298, ,Philadelphia
9971,121052,2017137517,6,67,67301,2017,12,1,2305,23,3,1,0,4,1, , ,N,2,3,0,3,0,1,2,3,N,N,40 00:55.112,75 08:49.930,2310, ,2305, ,0, ,N, ,3, , , , , , , , , ,3,2,0,0,0,0,1,0,0,0,0,1,1,0,0,0,0,0,0,0,0,0,0,1,0,0,0,0,0,0,0,0,0,0,0,4,0,40.0153,-75.1472, ,Philadelphia
9972,121055,2018020761,6,67,67301,2017,11,7,1200,12,1,9,8,5,1, , ,N,0,0,0,3,0,1,2,2,N, ,39 57:47.372,75 10:00.134,1615, ,1608, ,0, ,N, ,0, , , , , , , , , ,1,0,0,1,0,0,0,0,1,0,0,1,1,0,0,0,0,0,0,0,0,0,0,0,0,0,0,0,0,0,0,0,0,0,0,4,1,39.9632,-75.1667, ,Philadelphia
9973,121058,2018005556,6,67,67301,2017,12,5,1157,11,1,1,0,4,1, , ,N,2,2,0,3,0,2,3,2,N,N,39 58:28.003,75 12:06.390,9999, ,1239, ,0, ,N, ,3, , , , , , , , , ,2,1,0,0,0,0,0,1,0,0,0,0,2,2,0,0,0,0,0,0,0,0,0,0,0,0,0,0,0,0,0,0,0,0,0,8,0,39.9744,-75.2017, ,Philadelphia
9974,121061,2017120691,6,67,67301,2017,10,5,1600,16,1,1,0,3,1, , ,N,1,0,0,3,0,1,2,2,N, ,40 00:34.869,75 08:30.911,1630, ,1615, ,0, , , ,0, , , , , , , , , ,2,1,0,0,0,0,1,0,0,0,0,0,1,1,0,0,0,0,0,0,0,0,0,1,0,0,0,0,0,0,0,0,0,0,0,8,0,40.0097,-75.1419, ,Philadelphia
9975,121064,2017120620,6,67,67301,2017,10,5,1940,19,3,1,0,1,1, , ,N,0,0,0,3,0,1,2,2,N,N,40 01:01.673,75 11:18.942,1955, ,1947,2,1,2,Y, ,0,N, , , , , , , , ,2,1,0,0,0,0,1,0,0,0,0,0,1,1,1,0,0,0,0,0,0,0,0,0,0,0,0,0,0,0,0,0,0,0,0,8,0,40.0171,-75.1886, ,Philadelphia
9976,121068,2017093553,6,67,67301,2017,8,3,1215,12,1,1,0,1,1, , ,N,1,2,0,3,0,2,5,3,N, ,39 55:17.939,75 14:33.701,1235, ,1224, ,0, , , ,3, , , , , , , , , ,3,3,0,0,0,0,0,0,0,0,0,2,2,0,1,0,0,0,0,0,1,0,0,1,0,0,0,0,0,0,0,0,0,0,0,4,0,39.9216,-75.2427, ,Philadelphia
9977,121077,2017127332,6,67,67301,2017,11,1,1155,11,1,1,0,4,1, , ,N,1,3,0,3,0,1,4,2,N,N,39 58:18.958,75 14:06.925,1210, ,1205, ,0, ,N, ,3, , , , , , , , , ,2,2,0,0,0,0,0,0,0,0,0,1,1,0,3,0,0,0,0,1,0,0,0,0,0,0,0,0,0,0,0,0,0,0,0,4,0,39.9719,-75.2353, ,Philadelphia
9978,121081,2017137551,6,67,67301,2017,12,2,1320,13,1,1,0,4,1, , ,N,0,0,7,3,0,1,2,2,N,N,40 01:00.446,75 07:00.384,1600, ,1557, ,0, ,N, ,0, , , , , , , , , ,2,0,0,0,0,0,2,0,0,0,0,1,1,0,0,0,0,0,0,0,0,1,0,1,0,0,0,0,0,0,0,0,0,0,0,4,0,40.0168,-75.1168, ,Philadelphia
9979,121082,2017137552,6,67,67301,2017,11,5,1915,19,3,1,0,4,1, , ,N,1,3,0,3,0,0,4,2,N,N,40 01:26.608,75 12:34.369,1950, ,1944, ,0, ,N, ,3, , , , , , , , , ,2,1,0,0,0,0,1,0,0,0,0,0,0,0,0,0,0,0,0,0,0,0,0,4,0,0,0,0,0,0,0,0,0,0,0,0,0,40.0241,-75.2095, ,Philadelphia
9980,121093,2018030138,6,67,67301,2017,12,4,1500,15,1,1,0,5,1, , ,N,0,0,0,3,0,1,2,2,N,N,39 58:44.100,75 09:40.300,1845, ,1845, ,0, ,N, ,0, , , , , , , , , ,2,2,0,0,0,0,0,0,0,0,0,1,1,0,0,0,0,0,0,0,0,0,0,0,0,0,0,0,0,0,0,0,0,0,0,4,0,39.9789,-75.1612, ,Philadelphia
9981,121101,2017127443,6,67,67301,2017,11,7,1706,17,3,1,0,4,1, , ,N,1,3,0,3,0,2,3,2,N, ,39 55:42.563,75 10:42.988,1715, ,1709, ,0, , , ,3, , , , , , , , , ,2,2,0,0,0,0,0,0,0,0,0,0,2,2,0,0,0,0,0,0,0,0,0,0,0,0,0,0,0,0,0,0,0,0,0,8,0,39.9285,-75.1786, ,Philadelphia
9982,121107,2018028852,6,67,67301,2017,12,7,919,9,1,8,5,4,1, , ,N,1,3,0,3,0,0,2,2,N,N,39 59:35.462,75 06:24.912,939, ,939,2,1,7,N, ,3,Y, , , , , , , , ,2,0,0,0,0,1,1,0,0,0,0,0,0,0,0,0,0,0,0,0,0,0,0,0,0,0,0,0,0,0,0,0,0,0,0,0,1,39.9932,-75.1069, ,Philadelphia
9983,123905,2017105986,6,67,67301,2017,9,5,20,0,3,1,1,4,1, , ,N,1,2,0,3,0,1,3,2,N,N,40 02:40.890,75 03:16.537,103, ,20,1,1,6,N, ,3,N, , , , , , , , ,2,0,0,0,0,0,2,0,0,0,0,1,1,0,0,0,0,0,0,0,0,0,0,0,0,0,0,0,0,0,0,0,0,0,0,4,0,40.0446,-75.0547, ,Philadelphia
9984,123909,2017133956,6,67,67301,2017,11,1,1124,11,1,1,0,8,1, , ,N,0,7,0,3,0,1,2,2,N,N,40 03:11.200,75 03:41.300,1124, ,1124,2,2,5,N, ,3,N, , , , , , , , ,1,1,0,0,0,0,0,0,0,0,0,0,1,1,0,0,0,0,0,0,0,0,1,0,0,0,0,0,0,0,0,0,1,0,0,8,0,40.0531,-75.0615, ,Philadelphia
9985,123919,2017131107,6,67,67301,2017,11,7,1849,18,3,2,1,1,1, , ,N,0,0,0,3,0,0,3,3,N,N,39 57:30.956,75 10:07.043,1912, ,1856, ,0, , , ,0, , , , , , , , , ,3,2,0,0,0,0,1,0,0,0,0,0,0,0,0,0,0,0,0,0,0,0,0,0,0,0,0,0,0,0,0,0,0,0,0,0,0,39.9586,-75.1686, ,Philadelphia
9986,123925,2017128054,6,67,67301,2017,11,2,1615,16,4,1,0,1,1, , ,N,0,0,0,3,0,0,2,2,N,N,40 06:13.000,75 01:49.300,1625, ,1621, ,0, ,N, ,0, , , , , , , , , ,2,1,0,0,0,1,0,0,0,0,0,0,0,0,0,0,0,0,0,0,2,0,0,0,0,0,0,0,0,0,0,0,0,0,0,0,1,40.1036,-75.0304, ,Philadelphia
9987,123932,2018015771,6,67,67301,2017,11,2,1352,13,1,1,0,8,1, , ,N,1,2,0,3,0,1,2,2,N,N,40 02:39.090,75 09:45.870,1355, ,1352, ,0, ,N, ,3, , , , , , , , , ,1,1,0,0,0,0,0,0,0,0,0,0,1,1,0,0,0,0,0,0,0,0,0,0,0,0,0,0,0,0,0,0,1,0,0,8,0,40.0442,-75.1627, ,Philadelphia
9988,123933,2017097977,6,67,67301,2017,9,1,952,9,1,1,0,4,1, , ,N,1,2,0,3,0,1,4,2,N,N,40 00:11.036,75 09:51.468,959, ,952, ,0, ,N, ,3, , , , , , , , , ,2,1,0,0,0,0,1,0,0,0,0,1,1,0,0,0,0,0,0,0,0,1,0,0,0,0,0,0,0,0,0,0,0,0,0,4,0,40.0031,-75.1643, ,Philadelphia
9989,123948,2017127540,6,67,67301,2017,11,4,1141,11,1,1,0,4,1, , ,N,1,3,0,3,0,1,2,2,N,N,40 00:42.433,75 06:35.974,1149, ,1143, ,0, ,N, ,3, , , , , , , , , ,2,1,0,0,1,0,0,0,0,0,0,1,1,0,0,0,0,0,0,0,0,0,0,0,0,0,0,0,0,0,0,0,0,0,0,4,0,40.0118,-75.11, ,Philadelphia
9990,123952,2018005542,6,67,67301,2017,12,6,845,8,1,1,0,4,1, , ,N,0,0,0,3,0,0,2,2,N,N,39 58:34.500,75 09:48.200,852, ,848,2,2,2,N, ,0,Y, , , , , , , , ,2,2,0,0,0,0,0,0,0,0,0,0,0,0,0,0,0,1,0,0,0,0,0,0,0,0,0,0,0,0,0,0,0,0,0,0,0,39.9763,-75.1634, ,Philadelphia
9991,123955,2018028729,6,67,67301,2017,12,7,551,5,3,4,0,5,1, , ,N,2,0,0,3,0,2,3,2,N,N,39 57:05.909,75 14:56.616,552, ,551, ,0, ,N, ,0, , , , , , , , , ,2,1,0,0,0,0,0,0,0,0,0,0,2,2,1,0,0,0,0,0,0,0,0,0,0,0,0,0,0,0,0,0,0,0,0,8,0,39.9516,-75.2491, ,Philadelphia
9992,123956,2017110879,6,67,67301,2017,10,1,1053,10,1,2,1,1,1, , ,N,6,0,2,3,0,0,2,2,N,N,39 56:57.647,75 11:03.883,1121, ,1102,1,1,4, , ,0,N, , , , , , , , ,2,2,0,0,0,0,0,0,0,0,0,0,0,0,0,0,0,0,0,0,0,0,0,0,0,0,0,0,0,0,0,0,0,0,0,0,0,39.9487,-75.1855, ,Philadelphia
9993,123967,2017131682,6,67,67301,2017,12,3,900,9,1,1,0,4,1, , ,N,1,3,0,3,0,0,2,2,N,N,39 58:40.814,75 09:49.600,1402, ,1400, ,0, ,N, ,3, , , , , , , , , ,2,2,0,0,0,0,0,0,0,0,0,0,0,0,0,0,0,0,0,0,1,0,0,0,0,0,0,0,0,0,0,0,0,0,0,0,0,39.978,-75.1638, ,Philadelphia
9994,123972,2017120516,6,67,67301,2017,11,4,1729,17,1,1,0,4,1, , ,N,2,3,0,3,0,1,2,2,N,N,39 58:39.829,75 13:35.313,1731, ,1731, ,0, ,N, ,3, , , , , , , , , ,1,0,0,0,0,0,0,1,1,0,0,1,1,0,0,0,0,0,0,0,1,0,0,1,0,0,0,0,0,0,0,0,0,0,0,4,0,39.9777,-75.2264, ,Philadelphia
9995,123983,2018005535,6,67,67301,2017,12,7,2320,23,3,1,0,5,1, , ,N,0,0,0,3,0,0,3,3,N,N,39 54:12.822,75 14:23.875,2330, ,2322, ,0, ,N, ,0, , , , , , , , , ,3,1,0,0,0,0,2,0,0,0,0,0,0,0,1,0,0,0,0,0,0,0,0,0,0,0,0,0,0,0,0,0,0,0,0,9,0,39.9036,-75.24, ,Philadelphia
9996,123984,2018020766,6,67,67301,2017,12,4,141,1,3,2,1,7,4, , ,N,0,0,0,3,0,0,1,1,N,N,40 04:04.400,75 09:33.900,210, ,150, ,0, ,N, ,0, , , , , , , , , ,1,1,0,0,0,0,0,0,0,0,0,0,0,0,1,0,0,0,0,0,0,0,0,0,0,0,0,0,0,0,0,0,0,0,0,9,0,40.0679,-75.1594, ,Philadelphia
9997,123990,2017096474,6,67,67301,2017,8,2,2220,22,3,1,0,1,1, , ,N,1,2,0,3,0,2,3,2,N,N,40 03:40.446,75 05:00.751,1204, ,2356, ,0, ,N, ,3, , , , , , , , , ,2,1,0,0,0,0,1,0,0,0,0,2,2,0,1,0,0,0,0,0,0,0,0,0,0,0,0,0,0,0,0,0,0,0,0,4,0,40.0612,-75.0835, ,Philadelphia
9998,123997,2017120542,6,67,67301,2017,10,2,845,8,1,1,0,1,1, , ,N,1,2,0,3,0,2,3,3,Y,N,39 54:14.563,75 14:24.409,855, ,850,3,1,1,N, ,3,N, , , , , , , , ,3,1,0,1,0,0,1,0,0,0,0,0,2,2,0,0,0,0,0,0,2,1,0,0,0,0,0,0,0,0,0,0,0,0,0,8,1,39.904,-75.2401, ,Philadelphia
9999,124000,2017105906,6,67,67301,2017,9,3,950,9,1,1,0,5,6, , ,N,0,0,0,3,0,1,1,3,N,N,40 02:39.894,75 11:14.618,1001, ,1000,1,1,4,N, ,0,Y, , , , , , , , ,3,3,0,0,0,0,0,0,0,0,0,1,1,0,0,0,0,0,0,0,0,0,0,0,0,0,0,0,0,0,0,0,0,0,0,4,0,40.0444,-75.1874, ,Philadelphia
10000,124001,2017105865,6,67,67301,2017,9,4,1018,10,1,1,0,5,1, , ,N,0,0,0,3,0,1,2,2,N,N,39 57:55.315,75 11:30.669,1035, ,1029, ,0, ,N, ,0, , , , , , , , , ,1,1,0,0,0,0,0,0,1,0,0,1,1,0,0,0,0,0,0,0,0,0,0,1,0,0,0,0,0,0,0,0,0,0,0,4,0,39.9654,-75.1919, ,Philadelphia
10001,129513,2016065728,6,67,67301,2016,6,2,1430,14,1,1,0,8,1, , ,N,1,2,0,3,0,1,2,2,N, ,39 56:15.342,75 09:52.613,1448, ,9999, ,0, , , ,3, , , , , , , , , ,1,1,0,0,0,0,0,0,0,0,0,1,1,0,0,0,0,0,0,0,1,0,0,0,0,0,0,0,0,0,0,0,1,0,0,4,0,39.9376,-75.1646, , 
10002,129549,2016031069,6,67,67301,2016,2,3,1855,18,4,2,1,5,1, , ,N,0,0,0,3,0,1,3,3,N,N,39 54:25.331,75 11:37.423,1905, ,1900, ,0, ,N, ,0, , , , , , , , , ,3,3,0,0,0,0,0,0,0,0,0,1,1,0,0,0,0,0,0,0,0,0,0,0,0,0,0,0,0,0,0,0,0,0,0,4,0,39.907,-75.1937, , 
10003,129551,2016033770,6,67,67301,2016,2,6,2104,21,3,1,0,4,1, , ,N,1,3,0,3,0,2,2,2,N, ,40 01:26.947,75 09:25.369,2125, ,2115, ,0, , , ,3, , , , , , , , , ,2,0,0,0,0,0,1,1,0,0,0,1,2,1,0,0,0,0,0,0,0,0,0,1,0,0,0,0,0,0,0,0,0,0,0,4,0,40.0242,-75.157, , 
10004,129558,2016041040,6,67,67301,2016,4,7,2310,23,3,1,0,4,1, , ,N,1,3,0,3,0,2,2,2,N,N,39 59:24.889,75 06:15.537,2344, ,2326, ,0, ,N, ,3, , , , , , , , , ,2,1,0,0,0,0,1,0,0,0,0,2,2,0,0,0,0,0,0,0,0,0,0,0,0,0,0,0,0,0,0,0,0,0,0,4,0,39.9902,-75.1043, , 
10005,129562,2016047045,6,67,67301,2016,4,5,1520,15,1,1,0,4,1, , ,N,1,2,0,3,0,2,3,3,N,N,39 58:14.012,75 08:59.857,1525, ,1523,1,2,3, , ,3,Y, , , , , , , , ,2,1,0,0,0,0,1,0,0,0,1,1,2,0,0,0,0,0,0,0,1,0,0,0,0,0,0,0,0,0,0,0,1,0,0,3,0,39.9704,-75.15, , 
10006,129567,2016052438,6,67,67301,2016,5,7,2247,22,3,1,0,1,1, , ,N,2,2,0,3,0,1,3,3,N,N,39 58:56.288,75 15:51.758,2250, ,2247, ,0, ,N, ,2, , , , , , , , , ,3,2,0,0,0,0,1,0,0,0,1,0,1,0,0,0,0,0,0,1,0,0,0,0,0,0,0,0,0,0,0,0,0,0,0,3,0,39.9823,-75.2644, , 
10007,129578,2016007870,6,67,67301,2016,1,5,1243,12,1,1,0,1,1, , ,N,0,0,0,3,0,0,2,2,N,N,39 57:56.942,75 11:11.478,1251, ,1248, ,0, , , ,0, , , , , , , , , ,2,1,0,0,0,1,0,0,0,0,0,0,0,0,0,0,0,0,0,0,0,0,0,0,0,0,0,0,0,0,0,0,0,0,0,0,1,39.9658,-75.1865, , 
10008,129584,2016014420,6,67,67301,2016,1,5,1900,19,2,1,0,1,2, , ,N,0,0,7,3,0,0,2,2,N,N,40 04:07.682,75 00:23.819,1920, ,1914, ,0, ,N, ,0, , , , , , , , , ,2,1,0,0,0,0,1,0,0,0,0,0,0,0,0,0,0,0,0,0,0,0,0,0,0,0,0,0,0,0,0,0,0,0,0,0,0,40.0688,-75.0066, , 
10009,129587,2016017031,6,67,67301,2016,1,3,540,5,5,2,1,8,1, , ,N,0,0,0,3,0,1,2,2,N,N,40 03:23.251,75 08:58.097,548, ,541, ,0, ,N, ,0, , , , , , , , , ,1,1,0,0,0,0,0,0,0,0,0,0,1,1,0,0,0,0,0,0,0,0,0,0,0,0,0,0,0,0,0,0,1,0,0,8,0,40.0565,-75.1495, , 
10010,129616,2016045732,6,67,67301,2016,4,7,726,7,1,1,0,7,4, , ,N,0,0,0,3,0,0,2,1,N, ,40 02:15.300,75 04:14.700,733, ,728,9,2,7, , ,0,Y, , , , , , , , ,1,0,0,0,0,0,0,1,0,0,0,0,0,0,0,0,0,0,0,0,0,0,0,0,0,0,0,0,0,0,0,0,0,0,0,0,0,40.0376,-75.0708, , 
10011,129643,2016032115,6,67,67301,2016,3,5,1730,17,2,1,0,2,1, , ,N,1,3,0,3,0,1,3,3,N, ,40 02:32.251,75 04:07.849,2055, ,2047, ,0, , , ,3, , , , , , , , , ,3,3,0,0,0,0,0,0,0,0,0,0,1,1,0,0,0,0,0,0,0,0,0,0,0,0,0,0,0,0,0,0,0,0,0,8,0,40.0423,-75.0688, , 
10012,129649,2016041100,6,67,67301,2016,3,4,1418,14,1,1,0,5,1, , ,N,0,0,0,3,0,1,2,2,N,N,39 59:02.721,75 05:46.603,1419, ,1418,1,1,1, , ,0,N, , , , , , , , ,2,1,0,0,0,1,0,0,0,0,1,0,1,0,0,0,0,0,0,0,0,0,0,0,0,0,0,0,0,0,0,0,0,0,0,3,1,39.9841,-75.0963, , 
10013,129652,2016044505,6,67,67301,2016,4,6,2250,22,3,1,0,8,1, , ,N,1,2,0,3,0,1,2,2,N,N,40 02:39.088,75 09:45.868,2250, ,2250,1,2,2,N, ,3,Y, , , , , , , , ,1,1,0,0,0,0,0,0,0,0,0,1,1,0,0,0,0,0,0,0,0,0,0,1,0,0,0,0,0,0,0,0,1,0,0,4,0,40.0442,-75.1627, , 
10014,129661,2016053691,6,67,67301,2016,5,5,1812,18,1,1,0,1,1, , ,N,1,2,0,3,0,1,2,2,N,N,40 01:32.331,75 07:20.187,1821, ,1816,1,1,3,N, ,3,N, , , , , , , , ,2,1,0,0,1,0,0,0,0,0,0,0,1,1,0,0,0,0,0,0,1,0,0,0,0,0,0,0,0,0,0,0,0,0,0,8,0,40.0256,-75.1223, , 
10015,129662,2016053778,6,67,67301,2016,5,1,956,9,1,2,1,6,1, , ,N,0,0,0,3,0,0,4,2,N,N,40 03:47.387,75 12:01.580,1004, ,959,2,1,4,N, ,0,N, , , , , , , , ,2,0,0,0,0,0,2,0,0,0,0,0,0,0,0,0,0,0,0,0,0,0,0,0,0,0,0,0,0,0,0,0,0,0,0,0,0,40.0632,-75.2004, , 
10016,129683,2016022047,6,67,67301,2016,2,3,832,8,3,4,1,8,1, , ,N,0,0,0,3,0,1,2,2,N, ,40 00:20.995,75 05:48.256,2034, ,2034, ,0, , , ,0, , , , , , , , , ,1,0,0,0,0,0,1,0,0,0,0,1,1,0,0,0,0,0,0,0,0,0,0,1,0,0,0,0,0,0,0,0,1,0,0,4,0,40.0058,-75.0967, , 
10017,129687,2016026157,6,67,67301,2016,2,4,2310,23,3,9,1,8,1, , ,N,1,2,0,3,0,1,2,2,N, ,40 02:21.930,75 04:38.559,10, ,2310, ,0, , , ,3, , , , , , , , , ,1,1,0,0,0,0,0,0,0,0,0,1,1,0,1,0,0,0,0,0,0,0,0,0,0,0,0,0,0,0,0,0,1,0,0,4,0,40.0394,-75.0774, , 
10018,129694,2016029746,6,67,67301,2016,3,1,1520,15,1,1,0,1,1, , ,N,0,0,0,3,0,1,3,3,N,N,39 54:05.402,75 11:37.569,1535, ,1529,2,1,2, , ,0,N, , , , , , , , ,3,1,0,0,0,0,1,1,0,0,0,0,1,1,0,0,0,0,0,0,1,0,0,2,0,0,0,0,0,0,0,0,0,0,0,8,0,39.9015,-75.1938, , 
10019,117860,2018029950,6,67,67301,2017,12,3,1000,10,1,1,0,4,1, , ,N,1,2,0,3,0,0,3,2,N,N,40 02:25.101,75 03:30.855,1025, ,1005,2,1,1,N, ,3,Y, , , , , , , , ,2,0,0,0,0,1,1,0,0,0,0,0,0,0,0,0,0,0,0,0,0,0,0,0,0,0,0,0,0,0,0,0,0,0,0,0,0,40.0403,-75.0585, ,Philadelphia
10020,117880,2018026516,6,67,67301,2017,12,4,1255,12,1,1,0,1,1, , ,N,0,0,0,3,0,0,2,2,N, ,40 00:59.900,75 05:00.100,1301, ,1301, ,0, ,N, ,0, , , , , , , , , ,2,1,0,0,0,0,1,0,0,0,0,0,0,0,0,0,0,0,0,0,0,0,0,1,0,0,0,0,0,0,0,0,0,0,0,0,0,40.0166,-75.0834, ,Philadelphia
10021,117922,2017137594,6,67,67301,2017,11,5,1205,12,1,1,0,2,1, , ,N,0,0,0,3,0,1,2,5,N, ,40 00:29.200,75 04:40.700,1216, ,1206, ,0, ,N, ,0, , , , , , , , , ,5,3,0,0,0,0,1,1,0,0,1,0,1,0,0,0,0,0,0,1,0,0,0,0,0,0,0,0,0,0,0,0,0,0,0,3,0,40.0081,-75.078, ,Philadelphia
10022,117926,2018030144,6,67,67301,2017,12,5,1615,16,1,1,0,1,1, , ,N,0,2,0,3,0,1,2,2,N, ,40 04:09.685,75 00:25.777,1640, ,1636, ,0, ,N, ,3, , , , , , , , , ,2,2,0,0,0,0,0,0,0,0,0,1,1,0,0,0,0,0,0,0,0,0,0,0,0,0,0,0,0,0,0,0,0,0,0,4,0,40.0694,-75.0072, ,Philadelphia
10023,117931,2017136611,6,67,67301,2017,12,7,1145,11,1,1,0,7,3, , ,N,0,0,0,3,0,2,2,1,N,N,40 02:15.909,75 00:41.009,1152, ,1150, ,0, , , ,0, , , , , , , , , ,1,1,0,0,0,0,0,0,0,0,2,0,2,0,0,0,0,0,0,0,0,0,0,0,0,0,0,0,0,0,0,0,0,0,0,3,0,40.0378,-75.0114, ,Philadelphia
10024,117941,2017127376,6,67,67301,2017,11,2,758,7,1,1,0,7,4, , ,N,0,0,0,3,0,1,1,1,N, ,39 59:24.500,75 13:13.700,810, ,800, ,0, , , ,0, , , , , , , , , ,1,0,0,0,0,0,1,0,0,0,0,0,1,1,0,0,0,0,0,0,0,0,0,0,0,0,0,0,0,0,0,0,0,0,0,8,0,39.9901,-75.2205, ,Philadelphia
10025,117953,2017122308,6,67,67301,2017,11,6,1825,18,3,1,0,4,1, , ,N,1,2,0,3,0,0,2,2,N,N,39 59:49.327,75 14:06.916,1830, ,1825,1,1,2,N, ,3,N, , , , , , , , ,2,2,0,0,0,0,0,0,0,0,0,0,0,0,0,0,0,0,0,0,0,0,0,0,0,0,0,0,0,0,0,0,0,0,0,0,0,39.997,-75.2353, ,Philadelphia
10026,117974,2018027354,6,67,67301,2017,12,5,9999,99,5,1,0,8,1, , ,N,0,0,0,3,0,1,2,2,N,N,40 00:16.802,75 10:36.191,1830, ,1830, ,0, ,N, ,0, , , , , , , , , ,1,0,0,0,0,0,1,0,0,0,0,1,1,0,1,0,0,0,0,0,0,0,0,0,0,0,0,0,0,0,0,0,1,0,0,4,0,40.0047,-75.1767, ,Philadelphia
10027,117999,2017130592,6,67,67301,2017,10,3,1252,12,1,1,0,1,1, , ,N,0,0,0,3,0,0,2,2,N,N,39 57:27.772,75 08:46.898,1310, ,1256, ,0, , , ,0, , , , , , , , , ,2,2,0,0,0,0,0,0,0,0,0,0,0,0,0,0,0,0,0,0,0,1,0,0,0,0,0,0,0,0,0,0,0,0,0,0,0,39.9577,-75.1464, ,Philadelphia
10028,118039,2017109824,6,67,67301,2017,9,1,1719,17,1,1,0,1,1, , ,N,0,2,0,3,0,2,4,3,N,N,39 55:25.628,75 08:35.331,1728, ,1719, ,0, ,N, ,3, , , , , , , , , ,3,1,0,0,0,0,1,1,0,0,0,2,2,0,0,0,0,0,0,0,1,0,0,1,0,0,0,0,0,0,0,0,0,0,0,4,0,39.9238,-75.1431, ,Philadelphia
10029,118045,2017101844,6,67,67301,2017,9,1,1424,14,1,1,0,8,1, , ,N,1,2,0,3,0,1,2,2,N,N,39 58:28.437,75 11:00.481,1030, ,1024, ,0, , , ,3, , , , , , , , , ,1,1,0,0,0,0,0,0,0,1,0,0,1,0,1,0,0,0,0,0,0,0,0,0,0,0,0,0,0,0,0,0,1,0,1,2,0,39.9746,-75.1835, ,Philadelphia
10030,118046,2017097893,6,67,67301,2017,8,3,1014,10,1,1,0,4,1, , ,N,2,0,2,3,0,1,3,2,N,N,39 59:13.405,75 05:16.245,1020, ,1015,9,1,4,N, ,0,N, , , , , , , , ,2,1,0,0,0,0,0,1,0,0,0,1,1,0,0,0,0,0,0,0,1,0,0,0,0,0,0,0,0,0,0,0,0,0,0,4,0,39.987,-75.0878, ,Philadelphia
10031,118059,2017137584,6,67,67301,2017,11,3,2130,21,3,1,0,5,1, , ,N,0,0,0,3,0,1,5,2,N, ,39 57:15.046,75 12:10.839,2220, ,2215, ,0, ,N, ,0, , , , , , , , , ,2,1,0,0,0,0,1,0,0,0,0,0,1,1,0,0,0,0,0,0,0,0,0,2,0,0,0,0,0,0,0,0,0,0,0,8,0,39.9542,-75.203, ,Philadelphia
10032,118087,2017120584,6,67,67301,2017,10,2,1840,18,3,1,0,1,1, , ,N,0,2,0,3,0,2,3,2,N,N,40 07:53.496,75 00:47.811,1905, ,1855, ,0, ,N, ,3, , , , , , , , , ,2,2,0,0,0,0,0,0,0,0,0,2,2,0,1,0,0,0,0,0,0,0,0,0,0,0,0,0,0,0,0,0,0,0,0,4,0,40.1315,-75.0133, ,Philadelphia
10033,118097,2017137571,6,67,67301,2017,12,1,1230,12,1,1,0,4,1, , ,N,3,0,0,3,0,2,2,2,N,N,39 59:40.869,75 09:51.004,1238, ,901, ,0, ,N, ,0, , , , , , , , , ,2,1,0,0,0,0,1,0,0,0,0,2,2,0,0,0,0,0,0,0,0,0,0,0,0,0,0,0,0,0,0,0,0,0,0,4,0,39.9947,-75.1642, ,Philadelphia