objectid_1,objectid,crn,district,county,municipality,crash_year,crash_month,day_of_week,time_of_day,hour_of_day,illumination,weather,road_condition,collision_type,relation_to_road,work_zone_type,work_zone_loc,work_zone_ind,intersect_type,tcd_type,location_type,urban_rural,fatal_count,injury_count,person_count,total_units,sch_bus_ind,sch_zone_ind,latitude,longitude,arrival_tm,cons_zone_spd_lim,dispatch_tm,est_hrs_closed,lane_closed,ln_close_dir,ntfy_hiwy_maint,spec_juris_cd,tcd_func_cd,tfc_detour_ind,workers_pres,wz_close_detour,wz_flagger,wz_law_offcr_ind,wz_ln_closure,wz_moving,wz_other,wz_shlder_mdn,vehicle_count,automobile_count,motorcycle_count,bus_count,small_truck_count,heavy_truck_count,suv_count,van_count,bicycle_count,maj_inj_count,mod_inj_count,min_inj_count,tot_inj_count,unk_inj_deg_count,unk_inj_per_count,driver_count_16yr,driver_count_17yr,driver_count_18yr,driver_count_19yr,driver_count_20yr,driver_count_50_64yr,driver_count_65_74yr,driver_count_75plus,unbelted_occ_count,unb_death_count,unb_maj_inj_count,belted_death_count,belted_maj_inj_count,mcycle_death_count,mcycle_maj_inj_count,bicycle_death_count,bicycle_maj_inj_count,ped_count,ped_death_count,ped_maj_inj_count,max_severity_level,comm_veh_count,dec_lat,dec_long,rdwy_surf_type_cd,county_name
10034,118103,2017120560,6,67,67301,2017,10,2,1340,13,1,1,0,4,1, , ,N,1,2,0,3,0,1,2,2,N,N,40 03:00.396,75 03:51.268,1343, ,1340, ,0, ,N, ,3, , , , , , , , , ,2,1,0,0,0,0,1,0,0,0,0,0,1,1,0,0,0,0,0,0,1,0,0,1,0,0,0,0,0,0,0,0,0,0,0,8,0,40.0501,-75.0642, ,Philadelphia
10035,118107,2018029752,6,67,67301,2017,12,6,1115,11,1,1,0,1,1, , ,N,1,0,0,3,0,2,4,3,N,N,39 58:09.436,75 08:18.938,1117, ,1116,9,1,3,N, ,0,N, , , , , , , , ,3,1,0,0,0,2,0,0,0,0,0,2,2,0,0,0,0,0,0,0,2,0,0,0,0,0,0,0,0,0,0,0,0,0,0,4,2,39.9693,-75.1386, ,Philadelphia
10036,118131,2017122816,6,67,67301,2017,10,1,250,2,3,1,0,5,6, , ,N,0,0,0,3,0,1,1,3,N, ,39 59:27.300,75 08:06.000,300, ,251, ,0, ,N, ,0, , , , , , , , , ,3,2,0,0,0,0,1,0,0,0,0,1,1,0,0,0,0,0,0,0,0,0,0,0,0,0,0,0,0,0,0,0,0,0,0,4,0,39.9909,-75.135, ,Philadelphia
10037,111167,2017129058,6,67,67301,2017,11,5,808,8,1,1,0,1,1, , ,N,0,0,0,3,0,1,4,2,N,N,39 58:29.417,75 07:02.349,808, ,808, ,0, , , ,0, , , , , , , , , ,2,0,0,0,0,0,2,0,0,0,0,0,1,1,0,0,0,0,0,0,0,0,0,0,0,0,0,0,0,0,0,0,0,0,0,8,0,39.9748,-75.1174, ,Philadelphia
10038,111170,2018005555,6,67,67301,2017,12,5,2329,23,3,1,0,7,4, , ,N,1,2,0,3,0,0,3,1,N,N,40 01:03.072,75 03:54.486,2329, ,2329, ,0, ,N, ,3, , , , , , , , , ,1,1,0,0,0,0,0,0,0,0,0,0,0,0,0,0,0,0,0,0,0,0,0,0,0,0,0,0,0,0,0,0,0,0,0,9,0,40.0175,-75.0651, ,Philadelphia
10039,111174,2017093595,6,67,67301,2017,8,1,615,6,1,1,0,4,1, , ,N,1,2,0,3,0,1,2,2,N,N,40 03:45.914,75 03:27.576,715, ,630,3,1,3,N, ,3,Y, , , , , , , , ,2,0,0,0,0,0,1,1,0,0,0,0,1,1,0,1,0,0,0,0,1,0,0,0,0,0,0,0,0,0,0,0,0,0,0,8,0,40.0628,-75.0577, ,Philadelphia
10040,111193,2018020749,6,67,67301,2017,11,4,1414,14,1,1,0,5,1, , ,N,0,0,0,3,0,0,6,2,N,N,40 01:15.808,75 08:22.910,1445, ,1415, ,0, ,N, ,0, , , , , , , , , ,2,1,0,0,0,0,0,1,0,0,0,0,0,0,0,0,0,0,0,0,0,0,0,3,0,0,0,0,0,0,0,0,0,0,0,0,0,40.021,-75.1398, ,Philadelphia
10041,111207,2017127315,6,67,67301,2017,11,1,1030,10,1,1,0,4,1, , ,N,2,3,0,3,0,1,2,2,N, ,39 58:39.795,75 13:35.194,1045, ,1035, ,0, , , ,3, , , , , , , , , ,1,1,0,0,0,0,0,0,1,0,0,1,1,0,0,0,0,0,0,0,0,0,0,0,0,0,0,0,0,0,0,0,0,0,0,4,0,39.9777,-75.2264, ,Philadelphia
10042,111223,2017102845,6,67,67301,2017,9,5,1723,17,1,1,0,1,1, , ,N,0,0,0,3,0,3,3,2,N,N,39 58:05.766,75 07:45.662,1723, ,1723,2,2,1, , ,0,N, , , , , , , , ,2,0,0,0,0,0,2,0,0,0,0,2,3,1,0,0,0,0,0,0,0,0,0,0,0,0,0,0,0,0,0,0,0,0,0,4,0,39.9683,-75.1294, ,Philadelphia
10043,111229,2017101879,6,67,67301,2017,9,2,1100,11,1,1,0,4,1, , ,N,1,2,0,3,0,1,2,2,N,N,39 56:31.243,75 09:08.396,1157, ,1154, ,0, ,N, ,3, , , , , , , , , ,1,0,0,0,0,0,1,0,1,0,1,0,1,0,0,0,0,0,0,0,1,0,0,1,0,0,0,0,0,0,0,0,0,0,0,3,0,39.942,-75.1523, ,Philadelphia
10044,111254,2017116125,6,67,67301,2017,10,5,1130,11,1,1,0,1,1, , ,N,1,2,0,3,0,1,2,2,N, ,40 01:44.227,75 05:22.336,1142, ,1136,2,1,1, , ,3,N, , , , , , , , ,2,1,0,0,0,0,1,0,0,0,0,0,1,1,0,0,0,0,0,0,2,0,0,0,0,0,0,0,0,0,0,0,0,0,0,8,0,40.0288,-75.0898, ,Philadelphia
10045,111274,2017127385,6,67,67301,2017,11,2,1113,11,1,2,1,5,6, , ,N,0,0,0,3,0,0,2,2,N,N,40 00:19.871,75 06:37.476,1115, ,1113, ,0, ,N, ,0, , , , , , , , , ,2,1,0,0,0,0,1,0,0,0,0,0,0,0,0,0,0,0,0,0,0,0,0,0,0,0,0,0,0,0,0,0,0,0,0,0,0,40.0055,-75.1104, ,Philadelphia
10046,111288,2018027434,6,67,67301,2017,12,7,1740,17,3,1,0,4,1, , ,N,0,0,0,3,0,0,2,2,N,N,40 00:39.300,75 08:50.300,1950, ,1940, ,0, ,N, ,0, , , , , , , , , ,2,1,0,0,0,0,1,0,0,0,0,0,0,0,1,0,0,0,0,0,0,0,0,0,0,0,0,0,0,0,0,0,0,0,0,9,0,40.0109,-75.1473, ,Philadelphia
10047,111294,2017128444,6,67,67301,2017,11,7,913,9,1,1,0,9,1, , ,N,0,0,0,3,0,1,1,1,N,N,39 59:21.503,75 12:23.183,930, ,914,1,1,3, , ,0,N, , , , , , , , ,1,1,0,0,0,0,0,0,0,0,0,0,1,1,0,0,0,0,0,0,0,0,1,0,0,0,0,0,0,0,0,0,0,0,0,8,0,39.9893,-75.2064, ,Philadelphia
10048,111352,2017127349,6,67,67301,2017,10,7,2325,23,3,1,0,4,1, , ,N,2,0,0,3,0,2,3,2,N, ,40 01:19.016,75 07:39.280,2327, ,2327,1,1,4, , ,0,N, , , , , , , , ,2,1,0,0,0,0,1,0,0,0,0,0,2,2,0,0,0,0,0,0,1,0,0,0,0,0,0,0,0,0,0,0,0,0,0,8,0,40.0219,-75.1276, ,Philadelphia
10049,111362,2018029741,6,67,67301,2017,12,6,1305,13,1,1,0,4,1, , ,N,1,2,0,3,0,1,2,2,N,N,39 55:01.134,75 10:19.785,1315, ,1313, ,0, ,N, ,3, , , , , , , , , ,2,2,0,0,0,0,0,0,0,0,0,0,1,1,0,0,0,0,0,0,2,0,0,0,0,0,0,0,0,0,0,0,0,0,0,8,0,39.9169,-75.1721, ,Philadelphia
10050,111367,2017116028,6,67,67301,2017,9,7,745,7,1,1,0,8,1, , ,N,0,0,0,3,0,1,2,2,N, ,39 58:25.504,75 12:25.791,803, ,745, ,0, , , ,0, , , , , , , , , ,1,0,0,0,0,0,0,0,0,0,0,1,1,0,0,0,0,0,0,0,0,0,0,0,0,0,0,0,0,0,0,0,1,0,0,4,0,39.9737,-75.2072, ,Philadelphia
10051,111371,2017097950,6,67,67301,2017,9,2,459,4,3,1,0,5,1, , ,N,0,0,0,3,0,3,3,3,N,N,40 00:49.182,75 10:22.290,505, ,501,2,1,4,N, ,0,N, , , , , , , , ,3,3,0,0,0,0,0,0,0,0,0,0,3,3,0,0,0,0,0,0,2,0,0,0,0,0,0,0,0,0,0,0,0,0,0,8,0,40.0137,-75.1729, ,Philadelphia
10052,111384,2017128028,6,67,67301,2017,11,1,1650,16,4,1,0,7,4, , ,N,0,0,0,3,1,0,1,1,N,N,39 53:48.600,75 14:28.200,1710, ,1702, ,0, ,N,0,0, , , , , , , , , ,1,1,0,0,0,0,0,0,0,0,0,0,0,0,0,0,0,0,0,0,1,0,0,0,0,0,0,0,0,0,0,0,0,0,0,1,0,39.8968,-75.2412,2,Philadelphia
10053,111394,2017127317,6,67,67301,2017,11,6,1750,17,4,1,0,8,1, , ,N,0,0,0,3,0,1,2,2,N,N,40 00:46.100,75 08:18.800,1805, ,1754, ,0, ,N, ,0, , , , , , , , , ,1,1,0,0,0,0,0,0,0,0,0,1,1,0,0,0,0,0,0,0,0,0,0,0,0,0,0,0,0,0,0,0,1,0,0,4,0,40.0128,-75.1386, ,Philadelphia
10054,111430,2017128393,6,67,67301,2017,12,7,2022,20,3,1,0,7,2, , ,N,0,0,0,3,0,0,1,1,N,N,39 55:24.135,75 08:51.372,2038, ,2029,2,2,2, , ,0,N, , , , , , , , ,1,0,0,0,0,0,1,0,0,0,0,0,0,0,0,0,0,0,0,0,0,0,0,0,0,0,0,0,0,0,0,0,0,0,0,0,0,39.9234,-75.1476, ,Philadelphia
10055,114413,2017127459,6,67,67301,2017,11,3,2030,20,3,2,1,8,1, , ,N,1,2,0,3,0,1,2,2,N,N,39 59:53.709,75 07:38.432,840, ,834, ,0, ,N, ,3, , , , , , , , , ,1,0,0,0,0,0,0,0,0,0,0,1,1,0,1,0,0,0,0,0,0,0,0,0,0,0,0,0,0,0,0,0,1,0,0,4,0,39.9983,-75.1274, ,Philadelphia
10056,114414,2017135040,6,67,67301,2017,11,4,1744,17,3,1,0,8,1, , ,N,1,2,2,3,0,1,2,2,N,N,40 01:26.280,75 02:07.317,1806, ,1744, ,0, ,N, ,3, , , , , , , , , ,1,0,0,0,0,0,1,0,0,0,0,1,1,0,0,0,0,0,0,0,0,0,0,1,0,0,0,0,0,0,0,0,1,0,0,4,0,40.024,-75.0354, ,Philadelphia
10057,114435,2018005448,6,67,67301,2017,12,5,1000,10,1,1,0,6,1, , ,N,5,2,0,3,0,1,3,2,N,N,39 54:47.100,75 14:35.859,9999, ,0, ,0, ,N, ,3, , , , , , , , , ,2,2,0,0,0,0,0,0,0,0,0,1,1,0,0,0,0,0,0,0,0,1,0,2,0,0,0,0,0,0,0,0,0,0,0,4,0,39.9131,-75.2433, ,Philadelphia
10058,114482,2017096609,6,67,67301,2017,8,5,40,0,3,1,0,4,1, , ,N,2,3,0,3,0,0,1,2,N,N,39 59:46.190,75 05:52.587,52, ,52, ,0, ,N, ,3, , , , , , , , , ,2,1,0,0,0,0,1,0,0,0,0,0,0,0,1,0,0,0,0,0,0,0,0,0,0,0,0,0,0,0,0,0,0,0,0,9,0,39.9962,-75.0979, ,Philadelphia
10059,114490,2017093586,6,67,67301,2017,8,5,1920,19,1,1,0,5,6, , ,N,0,0,0,3,0,0,1,3,N,N,39 55:02.744,75 09:27.676,1922, ,922,2,2,2,N, ,0,Y, , , , , , , , ,3,0,0,0,0,0,3,0,0,0,0,0,0,0,0,0,0,0,0,0,0,0,0,1,0,0,0,0,0,0,0,0,0,0,0,0,0,39.9174,-75.1577, ,Philadelphia
10060,114504,2017120563,6,67,67301,2017,10,7,1510,15,1,1,0,8,1, , ,N,2,2,0,3,0,4,5,5,N, ,40 02:13.478,75 06:31.790,1515, ,1510, ,0, , , ,3, , , , , , , , , ,1,1,0,0,0,0,0,0,0,0,0,2,4,2,0,0,0,0,0,0,0,1,0,1,0,0,0,0,0,0,0,0,4,0,0,4,0,40.0372,-75.109, ,Philadelphia
10061,114510,2018005558,6,46,46102,2017,12,7,2257,22,3,4,3,7,4, , ,N,1,2,0,3,0,0,1,1,N,N,40 04:31.053,75 09:37.536,2310, ,2300, ,0, ,N, ,3, , , , , , , , , ,1,1,0,0,0,0,0,0,0,0,0,0,0,0,0,0,0,0,0,0,0,0,0,0,0,0,0,0,0,0,0,0,0,0,0,0,0,40.0753,-75.1604, ,Montgomery
10062,114513,2018027601,6,67,67301,2017,12,6,945,9,1,1,0,1,1, , ,N,5,2,0,3,0,1,5,3,N,N,40 01:32.382,75 07:30.564,1010, ,958,1,1,2,N, ,3,N, , , , , , , , ,3,2,0,0,1,0,0,0,0,0,0,0,1,1,0,0,0,0,0,0,1,0,0,1,0,0,0,0,0,0,0,0,0,0,0,8,0,40.0257,-75.1252, ,Philadelphia
10063,114521,2017137514,6,67,67301,2017,12,4,30,0,3,1,1,5,1, , ,N,0,0,0,3,0,3,4,4,N,N,40 02:58.900,75 10:49.900,42, ,33,2,2,5,N, ,0,Y, , , , , , , , ,4,3,0,0,0,0,0,0,0,0,0,3,3,0,0,0,0,0,0,0,0,0,0,0,0,0,0,0,0,0,0,0,0,0,0,4,0,40.0497,-75.1805, ,Philadelphia
10064,114523,2017126420,6,67,67301,2017,11,5,613,6,3,1,0,1,1, , ,N,0,0,2,3,0,1,2,2,N,N,39 56:47.650,75 11:19.934,625, ,616,2,1,3,N, ,0,N, , , , , , , , ,2,1,0,0,0,1,0,0,0,0,0,0,1,1,0,0,0,0,0,0,0,0,0,0,0,0,0,0,0,0,0,0,0,0,0,8,1,39.9466,-75.1889, ,Philadelphia
10065,114560,2018005559,6,67,67301,2017,12,2,600,6,3,1,0,8,1, , ,N,1,2,0,3,0,1,2,2,N,N,40 02:07.013,75 01:30.652,604, ,602, ,0, ,N, ,3, , , , , , , , , ,1,0,0,1,0,0,0,0,0,0,0,1,1,0,0,0,0,0,0,0,0,0,0,0,0,0,0,0,0,0,0,0,1,0,0,4,1,40.0353,-75.0252, ,Philadelphia
10066,114570,2018027588,6,67,67301,2017,12,5,1051,10,1,1,0,4,1, , ,N,2,0,1,3,0,1,2,2,N, ,40 00:12.956,75 06:01.807,1130, ,1125, ,0, ,N, ,0, , , , , , , , , ,2,0,0,0,0,0,2,0,0,0,0,0,1,1,0,0,0,0,0,0,0,0,0,1,0,0,0,0,0,0,0,0,0,0,0,8,0,40.0036,-75.1005, ,Philadelphia
10067,114571,2018029829,6,67,67301,2017,12,1,2004,20,3,2,1,4,1, , ,N,2,2,2,3,0,2,4,2,N, ,40 00:01.228,75 05:01.679,2045, ,2042, ,0, ,N, ,3, , , , , , , , , ,2,1,0,0,0,0,1,0,0,0,0,2,2,0,0,0,0,0,0,0,2,0,0,0,0,0,0,0,0,0,0,0,0,0,0,4,0,40.0003,-75.0837, ,Philadelphia
10068,114574,2017116229,6,67,67301,2017,10,6,1335,13,1,1,0,5,1, , ,N,0,0,0,3,0,1,4,2,Y, ,39 59:23.532,75 08:51.295,1535, ,1529, ,0, , , ,0, , , , , , , , , ,2,1,0,1,0,0,0,0,0,0,0,1,1,0,0,0,0,0,0,0,0,0,0,0,0,0,0,0,0,0,0,0,0,0,0,4,1,39.9899,-75.1476, ,Philadelphia
10069,114579,2017101825,6,67,67301,2017,9,3,745,7,1,1,0,1,1, , ,N,2,2,0,3,0,1,2,2,N,N,40 03:52.920,75 10:28.001,800, ,749, ,0, , , ,3, , , , , , , , , ,2,1,0,0,0,0,1,0,0,0,0,0,1,1,0,0,0,0,0,0,0,0,0,0,0,0,0,0,0,0,0,0,0,0,0,8,0,40.0647,-75.1744, ,Philadelphia
10070,114581,2017091308,6,67,67301,2017,8,4,1752,17,1,1,0,1,1, , ,N,0,8,0,3,0,1,3,3,N,N,39 56:50.335,75 11:14.889,1803, ,1803,1,1,4, , ,3,N, , , , , , , , ,3,2,0,0,0,0,1,0,0,0,1,0,1,0,0,0,0,0,0,0,1,0,0,0,0,0,0,0,0,0,0,0,0,0,0,3,0,39.9473,-75.1875, ,Philadelphia
10071,114610,2018005487,6,67,67301,2017,12,5,458,4,3,1,0,4,1, , ,N,1,2,0,3,0,2,2,2,N, ,39 54:38.625,75 09:56.378,1500, ,429,2,2,5,N, ,3,Y, , , , , , , , ,2,2,0,0,0,0,0,0,0,0,0,1,2,1,0,0,0,0,0,0,0,0,0,0,0,0,0,0,0,0,0,0,0,0,0,4,0,39.9107,-75.1657, ,Philadelphia
10072,114638,2017137586,6,67,67301,2017,12,3,1116,11,1,1,0,4,1, , ,N,1,3,0,3,0,2,4,2,N,N,39 58:35.227,75 11:02.965,1122, ,1122, ,0, ,N, ,3, , , , , , , , , ,2,2,0,0,0,0,0,0,0,0,0,0,2,2,0,0,0,0,0,0,1,0,0,0,0,0,0,0,0,0,0,0,0,0,0,8,0,39.9765,-75.1842, ,Philadelphia
10073,104841,2018029937,6,67,67301,2017,12,3,235,2,3,1,0,4,1, , ,N,1,3,0,3,0,0,3,3,N,N,39 55:23.278,75 09:23.525,246, ,239,2,2,2,N, ,3,Y, , , , , , , , ,3,3,0,0,0,0,0,0,0,0,0,0,0,0,0,0,0,0,0,0,0,0,0,0,0,0,0,0,0,0,0,0,0,0,0,0,0,39.9231,-75.1565, ,Philadelphia
10074,104846,2017110867,6,67,67301,2017,10,7,234,2,3,1,0,7,2, , ,N,0,0,0,3,0,1,2,1,N,N,39 55:30.581,75 11:35.978,245, ,235,2,2,4, , ,0,N, , , , , , , , ,1,1,0,0,0,0,0,0,0,0,0,0,1,1,1,0,0,0,0,0,1,0,0,0,0,0,0,0,0,0,0,0,0,0,0,8,0,39.9252,-75.1933, ,Philadelphia
10075,104850,2017127466,6,67,67301,2017,11,4,755,7,1,1,0,4,1, , ,N,1,2,0,3,0,1,2,2,N,N,40 02:16.411,75 08:22.183,810, ,810, ,0, ,N, ,3, , , , , , , , , ,2,1,0,0,0,0,1,0,0,0,0,0,1,1,0,0,0,0,0,0,0,0,0,0,0,0,0,0,0,0,0,0,0,0,0,8,0,40.0379,-75.1395, ,Philadelphia
10076,104856,2018029810,6,67,67301,2017,12,3,915,9,1,1,0,8,5, , ,N,0,0,0,3,0,1,2,2,N,N,40 03:42.400,75 09:00.900,925, ,916, ,0, ,N, ,0, , , , , , , , , ,1,0,0,0,0,0,1,0,0,1,0,0,1,0,0,0,0,0,0,0,0,0,0,0,0,0,0,0,0,0,0,0,1,0,1,2,0,40.0618,-75.1503, ,Philadelphia
10077,104863,2018027544,6,67,67301,2017,12,4,1302,13,1,1,0,4,1, , ,N,1,2,0,3,0,2,3,2,N,N,40 05:18.416,75 02:38.512,1307, ,1304,1,1,2,N, ,3,Y, , , , , , , , ,2,1,0,0,0,0,1,0,0,0,0,1,2,1,0,0,0,0,0,0,1,1,0,0,0,0,0,0,0,0,0,0,0,0,0,4,0,40.0884,-75.044, ,Philadelphia
10078,104871,2017093596,6,67,67301,2017,8,2,1256,12,1,1,0,1,1, , ,N,1,2,0,3,0,2,7,3,N,N,40 03:02.401,75 10:23.780,1335, ,1330, ,0, , , ,3, , , , , , , , , ,3,1,0,0,0,0,0,1,0,0,0,2,2,0,1,0,0,0,0,0,2,0,0,1,0,0,0,0,0,0,0,0,0,0,0,4,0,40.0507,-75.1733, ,Philadelphia
10079,104884,2017134004,6,67,67301,2017,11,5,745,7,1,1,0,8,1, , ,N,0,0,3,3,0,1,2,2,N, ,39 59:25.200,75 07:28.900,900, ,856, ,0, ,N, ,0, , , , , , , , , ,1,0,0,0,0,0,0,0,0,0,0,0,1,1,0,0,0,0,0,0,0,0,0,0,0,0,0,0,0,0,0,0,1,0,0,8,0,39.9903,-75.1247, ,Philadelphia
10080,104895,2018027443,6,67,67301,2017,12,3,1020,10,1,1,0,5,6, , ,N,0,0,0,3,0,2,3,2,N, ,40 03:03.500,75 11:00.300,1030, ,1023, ,0, ,N, ,0, , , , , , , , , ,2,0,0,0,1,0,1,0,0,0,0,2,2,0,0,0,0,0,0,0,0,0,0,1,0,0,0,0,0,0,0,0,0,0,0,4,0,40.051,-75.1834, ,Philadelphia
10081,104896,2018027510,6,67,67301,2017,12,2,538,5,3,1,1,7,4, , ,N,0,0,0,3,0,1,1,1,N,N,40 00:36.300,75 10:27.200,548, ,541, ,0, ,N, ,0, , , , , , , , , ,1,0,0,0,0,0,1,0,0,0,0,1,1,0,0,0,0,0,0,0,1,0,0,0,0,0,0,0,0,0,0,0,0,0,0,4,0,40.0101,-75.1742, ,Philadelphia
10082,104918,2018034726,6,67,67301,2017,6,5,1800,18,1,1,0,3,1, , ,N,1,0,0,3,0,1,2,2,N,N,40 04:13.292,75 09:48.384,0, ,0, ,0, ,N, ,0, , , , , , , , , ,2,0,0,0,0,0,1,0,0,0,0,1,1,0,0,0,0,0,0,0,0,0,0,0,0,0,0,0,0,0,0,0,0,0,0,4,0,40.0704,-75.1634, ,Philadelphia
10083,104920,2017137340,6,67,67301,2017,12,1,711,7,1,1,0,1,1, , ,N,0,0,0,3,0,1,3,3,N,N,39 54:05.326,75 09:07.428,717, ,712,3,1,1, , ,0,N, , , , , , , , ,3,2,0,0,0,0,1,0,0,0,0,0,1,1,0,0,0,0,1,0,1,0,0,0,0,0,0,0,0,0,0,0,0,0,0,8,0,39.9015,-75.1521, ,Philadelphia
10084,104932,2018027559,6,67,67301,2017,12,1,405,4,3,1,0,7,4, , ,N,0,0,0,3,0,1,1,1,N,N,39 58:47.106,75 06:27.172,410, ,404,1,1,1,N, ,0,N, , , , , , , , ,1,1,0,0,0,0,0,0,0,0,0,1,1,0,0,0,0,0,0,0,0,0,0,0,0,0,0,0,0,0,0,0,0,0,0,4,0,39.9798,-75.1075, ,Philadelphia
10085,104965,2018020750,6,67,67301,2017,11,1,2007,20,3,1,0,8,1, , ,N,0,0,0,3,0,1,3,2,N,N,40 04:03.297,75 01:43.301,2020, ,2011,2,2,3,N, ,0,N, , , , , , , , ,1,1,0,0,0,0,0,0,0,0,1,0,1,0,0,0,0,0,0,0,0,0,0,0,0,0,0,0,0,0,0,0,1,0,0,3,0,40.0675,-75.0285, ,Philadelphia
10086,104968,2018029822,6,67,67301,2017,12,5,1538,15,1,1,0,4,1, , ,N,0,0,0,3,0,0,2,2,N,N,39 54:27.456,75 09:04.432,1600, ,1542, ,0, ,N, ,0, , , , , , , , , ,2,0,0,0,0,0,1,1,0,0,0,0,0,0,0,0,0,0,0,0,1,0,0,2,0,0,0,0,0,0,0,0,0,0,0,0,0,39.9076,-75.1512, ,Philadelphia
10087,104969,2018005506,6,67,67301,2017,12,6,1736,17,3,1,0,5,1, , ,N,0,0,0,3,0,1,3,2,N,N,40 02:18.324,75 02:11.131,1736, ,1736, ,0, ,N, ,0, , , , , , , , , ,2,0,0,1,1,0,0,0,0,0,1,0,1,0,0,0,0,0,0,0,1,0,0,1,0,0,0,0,0,0,0,0,0,0,0,3,1,40.0384,-75.0364, ,Philadelphia
10088,104979,2017122823,6,67,67301,2017,10,3,1328,13,1,1,0,5,6, , ,N,0,0,0,3,0,0,1,3,N,N,39 58:11.100,75 13:49.500,1419, ,1408, ,0, ,N, ,0, , , , , , , , , ,3,3,0,0,0,0,0,0,0,0,0,0,0,0,0,0,0,0,0,0,0,0,0,1,0,0,0,0,0,0,0,0,0,0,0,0,0,39.9698,-75.2304, ,Philadelphia
10089,104990,2017109818,6,67,67301,2017,4,1,15,0,3,1,0,1,1, , ,N,1,2,0,3,0,0,2,2,N,N,40 01:23.700,75 04:36.637,15, ,15, ,0, ,N, ,3, , , , , , , , , ,2,1,0,0,0,0,0,1,0,0,0,0,0,0,0,0,0,0,0,0,0,0,0,0,0,0,0,0,0,0,0,0,0,0,0,0,0,40.0233,-75.0768, ,Philadelphia
10090,104993,2017124757,6,67,67301,2017,11,2,740,7,1,1,0,1,1, , ,N,0,0,8,3,0,0,2,2,N,N,39 57:11.584,75 08:28.183,758, ,743, ,0, ,N, ,0, , , , , , , , , ,2,2,0,0,0,0,0,0,0,0,0,0,0,0,0,0,0,0,0,0,0,0,0,0,0,0,0,0,0,0,0,0,0,0,0,0,0,39.9532,-75.1412, ,Philadelphia
10091,108176,2017127985,6,67,67301,2017,11,1,225,2,3,2,1,1,6, , ,N,0,0,0,3,0,0,1,3,N,N,40 03:40.400,75 00:24.900,245, ,237,9,1,2,N, ,0,N, , , , , , , , ,3,2,0,0,1,0,0,0,0,0,0,0,0,0,0,0,0,0,0,0,0,0,0,0,0,0,0,0,0,0,0,0,0,0,0,0,0,40.0612,-75.0069, ,Philadelphia
10092,108187,2017127506,6,67,67301,2017,10,3,1330,13,1,1,0,4,1, , ,N,1,2,0,3,0,0,2,2,N, ,40 01:31.746,75 07:20.688,1605, ,1552, ,0, , , ,3, , , , , , , , , ,2,2,0,0,0,0,0,0,0,0,0,0,0,0,0,0,0,0,0,0,0,1,0,2,0,0,0,0,0,0,0,0,0,0,0,0,0,40.0255,-75.1224, ,Philadelphia
10093,108190,2018028735,6,67,67301,2017,12,3,738,7,1,1,0,4,1, , ,N,3,2,0,3,0,1,2,2,N, ,40 01:18.105,75 02:16.987,745, ,741,1,2,5,N, ,3,N, , , , , , , , ,2,0,0,0,0,0,2,0,0,0,1,0,1,0,0,0,0,0,0,0,1,0,0,0,0,0,0,0,0,0,0,0,0,0,0,3,0,40.0217,-75.0381, ,Philadelphia
10094,108191,2018029799,6,67,67301,2017,12,4,1810,18,3,1,0,8,1, , ,N,1,2,0,3,0,1,2,2,N,N,39 59:35.083,75 08:52.393,1815, ,1815, ,0, ,N, ,3, , , , , , , , , ,1,0,0,1,0,0,0,0,0,0,0,1,1,0,1,0,0,0,0,0,1,0,0,0,0,0,0,0,0,0,0,0,1,0,0,4,1,39.9931,-75.1479, ,Philadelphia
10095,108198,2018004968,6,67,67301,2017,12,7,1500,15,1,4,4,7,2, , ,N,0,0,0,3,0,0,2,2,N,N,40 01:44.822,75 01:22.244,1509, ,1502,2,2,2,N, ,0,N, , , , , , , , ,2,2,0,0,0,0,0,0,0,0,0,0,0,0,0,0,0,0,0,0,0,0,0,0,0,0,0,0,0,0,0,0,0,0,0,0,0,40.0291,-75.0228, ,Philadelphia
10096,108202,2017097975,6,67,67301,2017,9,7,2139,21,3,1,0,1,1, , ,N,0,0,0,3,0,3,5,4,N,N,40 00:52.878,75 10:40.276,2343, ,2332,9,1,1,N, ,0,N, , , , , , , , ,4,3,0,0,0,0,1,0,0,0,0,3,3,0,0,0,0,0,0,0,0,1,0,0,0,0,0,0,0,0,0,0,0,0,0,4,0,40.0147,-75.1779, ,Philadelphia
10097,108225,2017128053,6,67,67301,2017,11,6,1300,13,1,9,8,8,6, , ,N,0,0,0,3,0,1,2,2,N,N,39 56:44.047,75 09:17.245,1300, ,1300, ,0, ,N, ,0, , , , , , , , , ,1,1,0,0,0,0,0,0,0,0,0,1,1,0,0,0,0,0,0,0,0,0,0,0,0,0,0,0,0,0,0,0,1,0,0,4,0,39.9456,-75.1548, ,Philadelphia