objectid_1,objectid,crn,district,county,municipality,crash_year,crash_month,day_of_week,time_of_day,hour_of_day,illumination,weather,road_condition,collision_type,relation_to_road,work_zone_type,work_zone_loc,work_zone_ind,intersect_type,tcd_type,location_type,urban_rural,fatal_count,injury_count,person_count,total_units,sch_bus_ind,sch_zone_ind,latitude,longitude,arrival_tm,cons_zone_spd_lim,dispatch_tm,est_hrs_closed,lane_closed,ln_close_dir,ntfy_hiwy_maint,spec_juris_cd,tcd_func_cd,tfc_detour_ind,workers_pres,wz_close_detour,wz_flagger,wz_law_offcr_ind,wz_ln_closure,wz_moving,wz_other,wz_shlder_mdn,vehicle_count,automobile_count,motorcycle_count,bus_count,small_truck_count,heavy_truck_count,suv_count,van_count,bicycle_count,maj_inj_count,mod_inj_count,min_inj_count,tot_inj_count,unk_inj_deg_count,unk_inj_per_count,driver_count_16yr,driver_count_17yr,driver_count_18yr,driver_count_19yr,driver_count_20yr,driver_count_50_64yr,driver_count_65_74yr,driver_count_75plus,unbelted_occ_count,unb_death_count,unb_maj_inj_count,belted_death_count,belted_maj_inj_count,mcycle_death_count,mcycle_maj_inj_count,bicycle_death_count,bicycle_maj_inj_count,ped_count,ped_death_count,ped_maj_inj_count,max_severity_level,comm_veh_count,dec_lat,dec_long,rdwy_surf_type_cd,county_name
10098,108251,2017120591,6,67,67301,2017,10,2,1449,14,1,1,0,4,1, , ,N,1,2,0,3,0,1,2,2,N,N,40 00:38.569,75 09:04.826,1454, ,1451, ,0, , , ,3, , , , , , , , , ,2,1,0,0,0,0,1,0,0,0,0,0,1,1,0,0,0,0,0,0,1,0,0,1,0,0,0,0,0,0,0,0,0,0,0,8,0,40.0107,-75.1513, ,Philadelphia
10099,108262,2018005579,6,67,67301,2017,11,3,1840,18,3,2,1,8,1, , ,N,1,2,0,3,0,2,3,3,N, ,40 04:02.989,75 10:45.548,1855, ,1845,1,2,4,N, ,3,Y, , , , , , , , ,1,1,0,0,0,0,0,0,0,0,1,1,2,0,0,0,0,0,0,0,1,0,0,0,0,0,0,0,0,0,0,0,2,0,0,3,0,40.0675,-75.1793, ,Philadelphia
10100,108273,2017128560,6,67,67301,2017,12,4,1215,12,1,1,0,1,1, , ,N,2,2,0,3,0,0,4,3,N,N,39 56:45.926,75 11:54.625,1223, ,1220, ,0, ,N, ,3, , , , , , , , , ,3,1,0,0,1,0,1,0,0,0,0,0,0,0,0,0,0,0,0,0,1,0,0,0,0,0,0,0,0,0,0,0,0,0,0,0,0,39.9461,-75.1985, ,Philadelphia
10101,108279,2018027352,6,67,67301,2017,12,7,1114,11,1,2,1,7,5, , ,N,0,0,0,3,0,0,3,1,N,N,40 00:57.499,75 10:07.307,1135, ,1132, ,0, ,N, ,0, , , , , , , , , ,1,0,0,0,0,1,0,0,0,0,0,0,0,0,1,0,0,0,0,0,0,0,0,0,0,0,0,0,0,0,0,0,0,0,0,9,0,40.016,-75.1687, ,Philadelphia
10102,108281,2018029926,6,67,67301,2017,12,2,1536,15,1,1,0,4,1, , ,N,1,2,3,3,0,1,3,2,N, ,39 57:25.901,75 09:31.438,1542, ,1539,2,1,3,N, ,3,N, , , , , , , , ,2,1,0,0,0,0,1,0,0,0,0,0,1,1,0,0,0,0,0,0,1,0,0,1,0,0,0,0,0,0,0,0,0,0,0,8,0,39.9572,-75.1587, ,Philadelphia
10103,108283,2017136734,6,67,67301,2017,12,6,2003,20,3,1,1,4,1, , ,N,0,0,0,3,0,0,4,2,N,N,40 01:38.004,75 01:30.179,2018, ,2010, ,0, , , ,0, , , , , , , , , ,2,1,0,0,0,0,1,0,0,0,0,0,0,0,1,0,0,0,0,0,1,0,0,0,0,0,0,0,0,0,0,0,0,0,0,9,0,40.0272,-75.025, ,Philadelphia
10104,108301,2017090501,6,67,67301,2017,8,2,817,8,1,1,0,1,1, , ,N,6,0,0,3,0,1,3,3,N,N,39 58:56.668,75 06:03.647,834, ,822, ,0, , , ,0, , , , , , , , , ,3,1,0,0,0,0,1,1,0,0,0,1,1,0,0,0,0,0,0,0,0,0,0,0,0,0,0,0,0,0,0,0,0,0,0,4,0,39.9824,-75.101, ,Philadelphia
10105,108316,2017120567,6,67,67301,2017,10,2,130,1,3,2,1,7,9, , ,N,0,0,0,3,0,0,1,1,N,N,39 56:35.155,75 09:56.428,137, ,136, ,0, ,N, ,0, , , , , , , , , ,1,0,0,0,0,0,0,1,0,0,0,0,0,0,0,0,0,0,0,0,0,0,0,1,0,0,0,0,0,0,0,0,0,0,0,0,0,39.9431,-75.1657, ,Philadelphia
10106,108326,2017109876,6,67,67301,2017,8,1,1320,13,1,1,0,8,1, , ,N,1,2,0,3,0,1,2,2,N,Y,40 02:28.972,75 02:56.460,1357, ,1335, ,0, ,N, ,3, , , , , , , , , ,1,0,0,1,0,0,0,0,0,0,0,0,1,1,0,0,0,0,0,0,0,0,0,0,0,0,0,0,0,0,0,0,1,0,0,8,1,40.0414,-75.049, ,Philadelphia
10107,108329,2017127512,6,67,67301,2017,10,3,808,8,1,1,0,4,1, , ,N,3,3,2,3,0,2,2,2,N,N,39 59:11.983,75 12:29.919,810, ,809, ,0, ,N, ,3, , , , , , , , , ,2,0,0,0,1,0,1,0,0,0,0,2,2,0,0,0,0,0,0,0,1,0,0,0,0,0,0,0,0,0,0,0,0,0,0,4,0,39.9867,-75.2076, ,Philadelphia
10108,108352,2017109922,6,67,67301,2017,9,7,1825,18,1,1,0,4,1, , ,N,1,2,0,3,0,1,5,2,N, ,39 57:01.383,75 08:50.130,1835, ,1831, ,0, , , ,3, , , , , , , , , ,2,2,0,0,0,0,0,0,0,0,1,0,1,0,0,0,0,0,0,0,1,0,0,1,0,0,0,0,0,0,0,0,0,0,0,3,0,39.9503,-75.1473, ,Philadelphia
10109,111431,2018026517,6,67,67301,2017,12,7,1311,13,1,4,1,4,1, , ,N,1,2,0,3,0,1,2,2,N, ,40 01:53.810,75 05:02.794,1459, ,1448, ,0, ,N, ,3, , , , , , , , , ,2,1,0,0,0,0,0,1,0,0,0,1,1,0,0,0,0,0,0,0,0,0,0,0,0,0,0,0,0,0,0,0,0,0,0,4,0,40.0317,-75.0838, ,Philadelphia
10110,111433,2018030347,6,67,67301,2017,12,6,1730,17,3,1,0,7,4, , ,N,1,2,0,3,0,0,1,1,N,N,39 55:22.375,75 10:04.364,1747, ,1743, ,0, ,N, ,9, , , , , , , , , ,1,1,0,0,0,0,0,0,0,0,0,0,0,0,0,0,0,0,0,0,0,0,0,0,0,0,0,0,0,0,0,0,0,0,0,0,0,39.9229,-75.1679, ,Philadelphia
10111,111434,2018005571,6,67,67301,2017,12,4,715,7,3,1,0,8,1, , ,N,2,2,0,3,0,1,2,2,N,N,39 54:53.182,75 09:18.130,723, ,720, ,0, ,N, ,3, , , , , , , , , ,1,0,0,0,0,0,0,1,0,1,0,0,1,0,0,0,0,0,0,0,0,0,1,0,0,0,0,0,0,0,0,0,1,0,1,2,0,39.9147,-75.155, ,Philadelphia
10112,111462,2018029738,6,67,67301,2017,12,6,1740,17,3,1,0,1,1, , ,N,0,0,0,3,0,1,4,2,N,N,40 04:14.336,75 01:54.019,1755, ,1745, ,0, ,N, ,0, , , , , , , , , ,2,1,0,0,0,0,0,1,0,0,0,1,1,0,0,0,0,1,0,0,0,0,0,0,0,0,0,0,0,0,0,0,0,0,0,4,0,40.0706,-75.0317, ,Philadelphia
10113,111472,2018005432,6,67,67301,2017,12,6,30,0,3,1,0,1,6, , ,N,0,0,0,3,0,0,1,3,N,N,39 58:12.800,75 12:24.900,40, ,27, ,0, ,N, ,0, , , , , , , , , ,3,2,0,0,0,0,1,0,0,0,0,0,0,0,0,0,0,0,0,0,0,0,0,0,0,0,0,0,0,0,0,0,0,0,0,0,0,39.9702,-75.2069, ,Philadelphia
10114,111487,2017132890,6,67,67301,2017,12,3,1837,18,3,1,0,1,1, , ,N,0,0,0,3,0,0,2,2,N,N,40 01:16.216,75 02:29.879,1855, ,1845, ,0, , , ,0, , , , , , , , , ,2,1,0,0,0,0,1,0,0,0,0,0,0,0,0,0,0,0,0,0,0,0,1,0,0,0,0,0,0,0,0,0,0,0,0,0,0,40.0212,-75.0416, ,Philadelphia
10115,111491,2017130589,6,67,67301,2017,10,3,1512,15,1,1,0,4,1, , ,N,1,3,0,3,0,1,3,2,N,N,39 59:10.256,75 08:34.112,1525, ,1520, ,0, ,N, ,3, , , , , , , , , ,2,0,0,1,0,0,0,1,0,0,0,0,1,1,0,0,0,1,0,0,0,0,0,1,0,0,0,0,0,0,0,0,0,0,0,8,1,39.9862,-75.1428, ,Philadelphia
10116,111512,2018027539,6,67,67301,2017,12,5,1703,17,3,1,0,8,1, , ,N,0,0,0,3,0,1,2,2,N,N,39 57:56.213,75 07:57.363,1708, ,1707, ,0, ,N, ,0, , , , , , , , , ,1,1,0,0,0,0,0,0,0,0,0,1,1,0,0,0,0,0,0,0,0,0,0,1,0,0,0,0,0,0,0,0,1,0,0,4,0,39.9656,-75.1326, ,Philadelphia
10117,111539,2018005453,6,67,67301,2017,12,6,1453,14,1,1,0,4,1, , ,N,2,0,2,3,0,2,2,2,N, ,39 59:11.940,75 12:30.186,1457, ,1454, ,0, ,N, ,0, , , , , , , , , ,2,2,0,0,0,0,0,0,0,0,0,0,2,2,0,0,0,0,0,1,1,0,0,0,0,0,0,0,0,0,0,0,0,0,0,8,0,39.9867,-75.2084, ,Philadelphia
10118,111546,2018027483,6,67,67301,2017,12,5,420,4,3,1,0,8,1, , ,N,1,2,0,3,0,1,2,2,N, ,40 01:17.446,75 08:23.337,752, ,752, ,0, ,N, ,3, , , , , , , , , ,1,1,0,0,0,0,0,0,0,0,0,0,1,1,0,0,0,0,0,0,0,0,0,0,0,0,0,0,0,0,0,0,1,0,0,8,0,40.0215,-75.1398, ,Philadelphia
10119,111547,2018020684,6,67,67301,2017,9,6,1000,10,1,1,0,4,1, , ,N,2,2,0,3,0,0,3,2,N,N,39 59:25.071,75 11:12.128,1013, ,1010, ,0, ,N, ,3, , , , , , , , , ,2,1,0,0,0,0,1,0,0,0,0,0,0,0,0,0,0,0,0,0,0,0,0,0,0,0,0,0,0,0,0,0,0,0,0,0,0,39.9903,-75.1867, ,Philadelphia
10120,111559,2018027525,6,67,67301,2017,12,5,1552,15,1,1,0,7,3, , ,N,2,3,7,3,0,1,1,1,N,N,39 54:51.000,75 09:22.000,1620, ,1611,1,1,1,N, ,3,N, , , , , , , , ,1,1,0,0,0,0,0,0,0,0,0,1,1,0,0,0,0,0,0,0,0,1,0,0,0,0,0,0,0,0,0,0,0,0,0,4,0,39.9142,-75.1561, ,Philadelphia
10121,111560,2018027596,6,67,67301,2017,12,6,2025,20,3,1,0,2,1, , ,N,1,2,0,3,0,1,3,2,N,N,40 00:07.955,75 09:27.708,2026, ,2026, ,0, ,N, ,3, , , , , , , , , ,2,2,0,0,0,0,0,0,0,0,0,1,1,0,1,0,0,0,0,0,0,1,0,0,0,0,0,0,0,0,0,0,0,0,0,4,0,40.0022,-75.1576, ,Philadelphia
10122,111566,2018020757,6,67,67301,2017,11,3,845,8,3,1,0,4,1, , ,N,1,2,0,3,0,1,2,2,N, ,39 56:43.591,75 12:30.988,851, ,845, ,0, ,N, ,3, , , , , , , , , ,2,1,0,0,0,0,1,0,0,0,0,1,1,0,0,0,0,0,0,0,1,0,0,1,0,0,0,0,0,0,0,0,0,0,0,4,0,39.9454,-75.2086, ,Philadelphia
10123,111589,2018027503,6,67,67301,2017,12,2,1145,11,1,1,0,1,1, , ,N,0,0,0,3,0,0,3,2,N, ,40 03:21.930,75 04:28.181,1150, ,1146,1,2,4,N, ,0,Y, , , , , , , , ,2,2,0,0,0,0,0,0,0,0,0,0,0,0,0,0,0,0,0,0,0,0,0,0,0,0,0,0,0,0,0,0,0,0,0,0,0,40.0561,-75.0745, ,Philadelphia
10124,111592,2017120317,6,67,67301,2017,11,6,1505,15,1,1,0,1,1, , ,N,0,0,0,3,0,1,11,6,N,N,39 59:37.845,75 05:04.760,1527, ,1508,2,2,2, , ,0,N, , , , , , , , ,6,2,0,0,0,0,4,0,0,0,0,0,1,1,0,0,0,0,0,0,3,0,0,0,0,0,0,0,0,0,0,0,0,0,0,8,0,39.9938,-75.0847, ,Philadelphia
10125,111593,2017120717,6,67,67301,2017,10,1,1830,18,1,1,0,8,1, , ,N,2,0,0,3,0,1,2,2,N,N,39 54:51.677,75 09:09.507,2135, ,2130, ,0, ,N, ,0, , , , , , , , , ,1,0,0,0,0,0,0,0,0,0,0,1,1,0,0,0,0,0,0,0,0,0,0,0,0,0,0,0,0,0,0,0,1,0,0,4,0,39.9144,-75.1525, ,Philadelphia
10126,111596,2017116087,6,67,67301,2017,10,2,1719,17,4,1,0,8,1, , ,N,0,0,0,3,0,1,2,2,N, ,39 57:24.941,75 13:30.783,1740, ,1724, ,0, , , ,0, , , , , , , , , ,1,1,0,0,0,0,0,0,0,0,0,1,1,0,0,0,0,0,0,0,0,0,0,1,0,0,0,0,0,0,0,0,1,0,0,4,0,39.9569,-75.2252, ,Philadelphia
10127,114666,2018027458,6,67,67301,2017,12,1,1434,14,1,1,1,4,1, , ,N,1,3,0,3,0,0,3,2,N,N,40 01:48.633,75 08:39.930,1530, ,1525, ,0, ,N, ,3, , , , , , , , , ,2,1,0,0,1,0,0,0,0,0,0,0,0,0,0,0,0,0,0,1,0,1,0,0,0,0,0,0,0,0,0,0,0,0,0,0,0,40.0302,-75.1444, ,Philadelphia
10128,114671,2018020743,6,67,67301,2017,11,5,1912,19,3,1,0,5,1, , ,N,1,2,2,3,0,1,3,2,N,N,39 58:28.550,75 11:58.153,1920, ,1915, ,0, ,N, ,3, , , , , , , , , ,2,1,0,0,0,1,0,0,0,0,0,0,1,1,0,0,0,0,0,0,0,1,0,0,0,0,0,0,0,0,0,0,0,0,0,8,1,39.9746,-75.1992, ,Philadelphia
10129,114675,2017133953,6,67,67301,2017,11,7,225,2,3,1,0,7,4, , ,N,0,0,0,3,0,1,1,2,N,N,40 03:59.723,75 04:56.420,241, ,225,3,1,1,N, ,0,Y, , , , , , , , ,2,1,0,0,0,0,1,0,0,0,0,1,1,0,0,0,0,0,0,0,0,0,0,0,0,0,0,0,0,0,0,0,0,0,0,4,0,40.0666,-75.0823, ,Philadelphia
10130,114708,2017134840,6,67,67301,2017,12,1,719,7,1,1,0,7,2, , ,N,0,0,8,3,0,1,4,2,N,N,39 53:34.805,75 13:31.930,736, ,721, ,0, ,N, ,0, , , , , , , , , ,2,2,0,0,0,0,0,0,0,0,0,0,1,1,0,0,0,0,0,0,0,1,0,0,0,0,0,0,0,0,0,0,0,0,0,8,0,39.893,-75.2255, ,Philadelphia
10131,114710,2017127325,6,67,67301,2017,11,5,830,8,1,1,0,4,1, , ,N,1,2,0,3,0,1,3,3,N,N,40 04:25.831,75 10:23.336,850, ,840, ,0, ,N, ,3, , , , , , , , , ,3,3,0,0,0,0,0,0,0,0,0,0,1,1,0,0,0,0,0,0,0,0,1,0,0,0,0,0,0,0,0,0,0,0,0,8,0,40.0738,-75.1731, ,Philadelphia
10132,114732,2018027536,6,67,67301,2017,12,7,1348,13,1,2,1,4,1, , ,N,1,3,0,3,0,1,3,2,N,N,39 59:15.698,75 10:01.131,1353, ,1348, ,0, ,N, ,9, , , , , , , , , ,2,2,0,0,0,0,0,0,0,0,0,0,1,1,2,0,0,0,0,0,0,0,0,1,0,0,0,0,0,0,0,0,0,0,0,8,0,39.9877,-75.167, ,Philadelphia
10133,114768,2018001665,6,67,67301,2017,12,3,547,5,3,1,0,7,2, , ,N,0,0,0,3,0,0,3,1,N,N,39 57:41.504,75 10:57.333,553, ,547, ,0, , , ,0, , , , , , , , , ,1,1,0,0,0,0,0,0,0,0,0,0,0,0,0,0,0,0,0,0,0,0,0,0,0,0,0,0,0,0,0,0,0,0,0,0,0,39.9615,-75.1826, ,Philadelphia
10134,114769,2018034779,6,67,67301,2017,6,1,1430,14,1,1,0,1,1, , ,N,1,2,2,3,0,1,2,2,N,N,39 53:33.012,75 13:21.169,0, ,0, ,0, ,N, ,3, , , , , , , , , ,2,2,0,0,0,0,0,0,0,0,0,0,1,1,0,0,0,0,0,0,0,0,0,0,0,0,0,0,0,0,0,0,0,0,0,8,0,39.8925,-75.2225, ,Philadelphia
10135,114774,2017115914,6,67,67301,2017,10,6,2030,20,3,1,0,8,1, , ,N,1,2,0,3,0,1,2,2,N, ,40 02:08.965,75 10:29.000,2045, ,2040, ,0, , , ,3, , , , , , , , , ,1,1,0,0,0,0,0,0,0,0,0,1,1,0,0,0,0,0,0,0,0,0,0,1,0,0,0,0,0,0,0,0,1,0,0,4,0,40.0358,-75.1747, ,Philadelphia
10136,114781,2017106041,6,67,67301,2017,9,7,1825,18,4,2,1,4,1, , ,N,5,2,2,3,0,0,3,2,N,N,39 57:28.586,75 09:50.892,1840, ,1829, ,0, ,N, ,3, , , , , , , , , ,2,1,0,0,0,0,1,0,0,0,0,0,0,0,0,0,0,0,0,0,0,0,0,0,0,0,0,0,0,0,0,0,0,0,0,0,0,39.9579,-75.1641, ,Philadelphia
10137,114814,2018007245,6,67,67301,2017,12,5,649,6,3,8,8,7,4, , ,N,0,0,0,3,0,0,1,1,N,N,39 56:25.284,75 08:36.917,649, ,649,1,1,2, , ,0,N, , , , , , , , ,1,1,0,0,0,0,0,0,0,0,0,0,0,0,0,0,0,0,0,1,0,0,0,0,0,0,0,0,0,0,0,0,0,0,0,0,0,39.9404,-75.1436, ,Philadelphia
10138,114816,2018020713,6,67,67301,2017,10,4,806,8,1,1,0,4,1, , ,N,1,3,0,3,0,3,4,2,N,N,40 03:19.004,75 11:06.183,806, ,806, ,0, ,N, ,3, , , , , , , , , ,2,2,0,0,0,0,0,0,0,0,0,2,3,1,0,0,0,0,0,0,1,0,0,2,0,0,0,0,0,0,0,0,0,0,0,4,0,40.0553,-75.1851, ,Philadelphia
10139,114866,2018029842,6,67,67301,2017,12,5,2045,20,3,1,0,2,1, , ,N,0,0,2,3,0,1,3,2,N,N,40 01:04.362,75 09:57.799,2300, ,2055,1,1,3,N, ,0,N, , , , , , , , ,2,1,0,0,0,0,1,0,0,0,0,0,1,1,0,0,0,0,0,0,1,0,0,0,0,0,0,0,0,0,0,0,0,0,0,8,0,40.0179,-75.1661, ,Philadelphia
10140,114875,2017101901,6,67,67301,2017,9,4,756,7,1,1,0,8,1,8,8,Y,0,0,0,3,0,1,2,2,N,Y,40 02:20.659,75 08:43.856,1001,99,1000, ,0, ,N, ,0, ,U, , ,U, , , , ,1,1,0,0,0,0,0,0,0,0,0,1,1,0,0,0,0,0,0,0,0,0,0,1,0,0,0,0,0,0,0,0,1,0,0,4,0,40.0391,-75.1455, ,Philadelphia
10141,114881,2017106011,6,46,46102,2017,9,4,753,7,1,1,0,4,1, , ,N,1,2,0,3,0,1,2,2,N, ,40 04:31.053,75 09:37.536,840, ,829, ,0, , , ,3, , , , , , , , , ,2,0,0,0,0,0,1,1,0,0,0,1,1,0,1,0,0,0,0,0,1,0,0,0,0,0,0,0,0,0,0,0,0,0,0,4,0,40.0753,-75.1604, ,Montgomery
10142,114884,2017116185,6,67,67301,2017,10,6,617,6,3,1,0,4,1, , ,N,1,2,0,3,0,2,3,2,N, ,39 57:05.990,75 10:13.272,630, ,625, ,0, , , ,3, , , , , , , , , ,2,1,0,0,0,0,1,0,0,0,0,2,2,0,0,0,0,0,0,0,2,0,0,1,0,0,0,0,0,0,0,0,0,0,0,4,0,39.9516,-75.1702, ,Philadelphia
10143,114900,2017136929,6,67,67301,2017,11,4,701,7,1,1,0,5,1, , ,N,0,8,0,3,0,1,3,3,N,N,40 00:44.132,75 03:33.701,710, ,702,2,2,1,N, ,3,N, , , , , , , , ,3,2,0,0,0,0,0,1,0,0,1,0,1,0,0,0,0,0,0,0,0,0,0,0,0,0,0,0,0,0,0,0,0,0,0,3,0,40.0123,-75.0594, ,Philadelphia
10144,114909,2017118192,6,67,67301,2017,10,1,2343,23,3,1,0,7,3, , ,N,0,0,0,3,1,0,2,2,N,N,39 55:54.192,75 11:58.851,2356, ,2346,3,2,6,N,0,0,N, , , , , , , , ,2,1,1,0,0,0,0,0,0,0,0,0,0,0,0,0,0,0,0,0,0,0,0,0,0,0,0,0,1,0,0,0,0,0,0,1,0,39.9317,-75.1997,2,Philadelphia
10145,104995,2017127307,6,67,67301,2017,11,6,1539,15,1,1,0,8,1, , ,N,0,0,0,3,0,1,2,2,N,N,39 57:55.900,75 11:58.000,1559, ,1554, ,0, ,N, ,0, , , , , , , , , ,1,1,0,0,0,0,0,0,0,0,0,1,1,0,0,0,0,0,0,0,0,0,0,1,0,0,0,0,0,0,0,0,1,0,0,4,0,39.9655,-75.1994, ,Philadelphia
10146,105007,2017132879,6,67,67301,2017,11,4,1042,10,1,1,0,1,1, , ,N,0,0,3,3,0,0,2,2,N,N,39 53:35.205,75 11:48.005,1042, ,1042, ,0, , , ,0, , , , , , , , , ,2,1,0,0,1,0,0,0,0,0,0,0,0,0,0,0,0,0,0,0,0,0,0,0,0,0,0,0,0,0,0,0,0,0,0,0,0,39.8931,-75.1966, ,Philadelphia
10147,105027,2017109754,6,67,67301,2017,10,2,1935,19,2,2,1,1,1, , ,N,0,0,0,3,0,0,4,3,N, ,40 06:09.525,75 02:17.286,1939, ,1935, ,0, , , ,0, , , , , , , , , ,3,2,0,0,0,0,1,0,0,0,0,0,0,0,0,0,0,0,0,0,1,0,0,0,0,0,0,0,0,0,0,0,0,0,0,0,0,40.1026,-75.0381, ,Philadelphia
10148,105031,2017105859,6,67,67301,2017,9,4,1953,19,3,1,0,5,6, , ,N,0,0,0,3,0,1,1,5,N,N,40 01:06.365,75 06:55.673,2035, ,2035, ,0, , , ,0, , , , , , , , , ,5,3,0,0,0,0,1,1,0,0,0,1,1,0,0,0,0,0,0,0,1,0,0,0,0,0,0,0,0,0,0,0,0,0,0,4,0,40.0184,-75.1155, ,Philadelphia
10149,105034,2017096459,6,67,67301,2017,9,6,1104,11,1,1,0,4,1, , ,N,0,0,7,3,0,1,2,3,N,N,39 52:55.695,75 15:10.157,1109, ,1107,2,1,6,N, ,0,N, , , , , , , , ,3,1,0,0,0,0,0,1,0,0,0,1,1,0,0,0,0,0,0,0,0,1,0,0,0,0,0,0,0,0,0,0,0,0,0,4,0,39.8821,-75.2528, ,Philadelphia
10150,105051,2017127502,6,67,67301,2017,11,6,2056,20,3,1,0,4,1, , ,N,1,3,0,3,0,3,4,2,N,N,40 01:53.868,75 07:02.148,2112, ,2106, ,0, ,N, ,3, , , , , , , , , ,2,2,0,0,0,0,0,0,0,0,0,3,3,0,0,0,0,0,0,0,0,0,0,0,0,0,0,0,0,0,0,0,0,0,0,4,0,40.0316,-75.1173, ,Philadelphia
10151,105067,2017101861,6,67,67301,2017,9,3,505,5,3,1,0,7,4, , ,N,0,0,0,3,0,0,1,1,N,N,40 00:11.412,75 11:10.520,515, ,505,3,2,1,Y, ,0,Y, , , , , , , , ,1,1,0,0,0,0,0,0,0,0,0,0,0,0,1,0,0,0,0,0,0,0,0,0,0,0,0,0,0,0,0,0,0,0,0,9,0,40.0032,-75.1863, ,Philadelphia
10152,105068,2017094889,6,67,67301,2017,9,5,2018,20,3,1,0,8,1, , ,N,1,2,0,3,0,1,2,2,N,N,39 57:24.012,75 11:52.849,2022, ,2020,1,2,4,N, ,3,Y, , , , , , , , ,1,1,0,0,0,0,0,0,0,1,0,0,1,0,0,0,0,0,0,0,1,0,0,0,0,0,0,0,0,0,0,0,1,0,1,2,0,39.9566,-75.198, ,Philadelphia
10153,105070,2017091211,6,67,67301,2017,8,7,2353,23,2,1,0,7,4, , ,N,0,0,0,3,0,1,2,1,N,N,39 53:05.024,75 14:38.675,7, ,2355, ,0, , , ,0, , , , , , , , , ,1,1,0,0,0,0,0,0,0,0,0,1,1,0,0,0,0,0,0,0,0,0,0,0,0,0,0,0,0,0,0,0,0,0,0,4,0,39.8847,-75.2441, ,Philadelphia
10154,105087,2018005440,6,67,67301,2017,11,1,2248,22,3,1,0,5,6, , ,N,0,0,0,3,0,0,2,4,N, ,40 02:34.200,75 04:23.900,2332, ,2329, ,0, ,N, ,0, , , , , , , , , ,4,1,0,0,0,0,2,1,0,0,0,0,0,0,0,0,0,0,0,0,1,0,0,0,0,0,0,0,0,0,0,0,0,0,0,0,0,40.0428,-75.0733, ,Philadelphia
10155,105089,2018029747,6,67,67301,2017,12,4,2140,21,2,1,0,4,1, , ,N,0,0,7,3,0,1,3,2,N,N,40 04:17.180,75 02:56.783,2156, ,2145,1,2,2,N, ,0,Y, , , , , , , , ,2,1,0,0,0,0,1,0,0,0,0,0,1,1,0,0,0,0,0,0,0,0,0,0,0,0,0,0,0,0,0,0,0,0,0,8,0,40.0714,-75.0491, ,Philadelphia
10156,105138,2017135049,6,67,67301,2017,11,4,2224,22,3,1,0,4,1, , ,N,1,2,0,3,0,1,2,2,N, ,40 02:35.649,75 03:08.136,2230, ,2229,9,1,4,N, ,3,N, , , , , , , , ,2,1,1,0,0,0,0,0,0,1,0,0,1,0,0,0,0,0,0,0,0,0,0,1,0,0,0,0,0,1,0,0,0,0,0,2,0,40.0432,-75.0523, ,Philadelphia
10157,105144,2017122802,6,67,67301,2017,11,5,928,9,1,1,0,1,1, , ,N,0,8,0,3,0,1,3,2,N, ,40 03:08.792,75 13:36.266,936, ,931, ,0, , , ,3, , , , , , , , , ,2,2,0,0,0,0,0,0,0,0,0,1,1,0,0,0,0,0,0,0,0,0,0,0,0,0,0,0,0,0,0,0,0,0,0,4,0,40.0524,-75.2267, ,Philadelphia
10158,105153,2018029796,6,67,67301,2017,12,7,241,2,3,1,0,8,1, , ,N,2,3,0,3,0,1,2,2,N,N,39 58:07.126,75 08:06.498,241, ,241, ,0, ,N, ,9, , , , , , , , , ,1,0,0,0,0,0,1,0,0,0,0,0,1,1,0,0,0,0,0,0,1,0,0,0,0,0,0,0,0,0,0,0,1,0,0,8,0,39.9686,-75.1351, ,Philadelphia
10159,105162,2017135043,6,67,67301,2017,11,7,131,1,3,1,0,1,1, , ,N,2,2,0,3,0,1,2,2,N, ,40 01:48.510,75 08:48.064,135, ,131, ,0, ,N, ,3, , , , , , , , , ,2,1,0,1,0,0,0,0,0,0,1,0,1,0,0,0,0,0,0,0,0,0,0,0,0,0,0,0,0,0,0,0,0,0,0,3,1,40.0301,-75.1467, ,Philadelphia
10160,105165,2018026499,6,67,67301,2017,12,6,2140,21,3,2,1,4,1, , ,N,2,3,0,3,0,1,3,4,N,N,40 02:34.591,75 09:50.410,2153, ,2144, ,0, ,N, ,3, , , , , , , , , ,4,1,0,0,0,1,1,1,0,0,0,0,1,1,0,0,0,0,0,0,0,0,0,0,0,0,0,0,0,0,0,0,0,0,0,8,1,40.0429,-75.164, ,Philadelphia
10161,105166,2018028937,6,67,67301,2017,12,6,2220,22,3,1,0,4,1, , ,N,2,0,0,3,0,1,2,2,N,N,40 00:01.178,75 13:42.418,2254, ,2254,9,1,3,N, ,0,N, , , , , , , , ,2,1,0,0,0,0,1,0,0,0,0,0,1,1,1,0,0,0,0,0,0,0,0,0,0,0,0,0,0,0,0,0,0,0,0,8,0,40.0003,-75.2284, ,Philadelphia
10162,105187,2017130662,6,67,67301,2017,11,2,2024,20,3,1,0,4,1, , ,N,1,2,0,3,0,2,4,2,N,N,39 58:39.875,75 12:48.192,2040, ,2024, ,0, ,N, ,3, , , , , , , , , ,2,2,0,0,0,0,0,0,0,0,0,2,2,0,0,0,0,1,0,0,0,0,0,0,0,0,0,0,0,0,0,0,0,0,0,4,0,39.9777,-75.2134, ,Philadelphia