objectid_1,objectid,crn,district,county,municipality,crash_year,crash_month,day_of_week,time_of_day,hour_of_day,illumination,weather,road_condition,collision_type,relation_to_road,work_zone_type,work_zone_loc,work_zone_ind,intersect_type,tcd_type,location_type,urban_rural,fatal_count,injury_count,person_count,total_units,sch_bus_ind,sch_zone_ind,latitude,longitude,arrival_tm,cons_zone_spd_lim,dispatch_tm,est_hrs_closed,lane_closed,ln_close_dir,ntfy_hiwy_maint,spec_juris_cd,tcd_func_cd,tfc_detour_ind,workers_pres,wz_close_detour,wz_flagger,wz_law_offcr_ind,wz_ln_closure,wz_moving,wz_other,wz_shlder_mdn,vehicle_count,automobile_count,motorcycle_count,bus_count,small_truck_count,heavy_truck_count,suv_count,van_count,bicycle_count,maj_inj_count,mod_inj_count,min_inj_count,tot_inj_count,unk_inj_deg_count,unk_inj_per_count,driver_count_16yr,driver_count_17yr,driver_count_18yr,driver_count_19yr,driver_count_20yr,driver_count_50_64yr,driver_count_65_74yr,driver_count_75plus,unbelted_occ_count,unb_death_count,unb_maj_inj_count,belted_death_count,belted_maj_inj_count,mcycle_death_count,mcycle_maj_inj_count,bicycle_death_count,bicycle_maj_inj_count,ped_count,ped_death_count,ped_maj_inj_count,max_severity_level,comm_veh_count,dec_lat,dec_long,rdwy_surf_type_cd,county_name
10163,108367,2017128597,6,67,67301,2017,10,6,1710,17,1,1,0,4,1, , ,N,1,2,0,3,0,2,2,2,N,N,40 02:48.573,75 04:13.233,1716, ,1713,2,1,1,N, ,3,Y, , , , , , , , ,2,0,0,0,1,0,1,0,0,0,0,2,2,0,0,0,0,0,0,0,0,0,0,0,0,0,0,0,0,0,0,0,0,0,0,4,0,40.0468,-75.0703, ,Philadelphia
10164,108371,2017127397,6,67,67301,2017,11,5,655,6,1,1,0,7,5, , ,N,0,0,0,3,0,1,1,1,N, ,40 00:42.944,75 03:33.159,730, ,722, ,0, , , ,0, , , , , , , , , ,1,1,0,0,0,0,0,0,0,0,0,0,1,1,0,0,0,0,0,0,0,0,0,0,0,0,0,0,0,0,0,0,0,0,0,8,0,40.0119,-75.0592, ,Philadelphia
10165,108375,2017130620,6,67,67301,2017,11,1,1530,15,1,1,0,4,1, , ,N,1,2,0,3,0,1,2,2,N,N,39 59:59.968,75 08:25.819,1605, ,1605, ,0, ,N, ,3, , , , , , , , , ,1,0,0,0,0,0,0,0,1,0,0,1,1,0,1,0,0,0,0,0,0,0,0,0,0,0,0,0,0,0,0,0,0,0,0,4,0,40,-75.1405, ,Philadelphia
10166,108378,2018024092,6,67,67301,2017,12,4,2210,22,3,1,0,5,6, , ,N,0,0,0,3,0,0,1,2,N,N,39 59:25.370,75 07:38.537,2215, ,2213,9,2,6,N, ,0,Y, , , , , , , , ,2,2,0,0,0,0,0,0,0,0,0,0,0,0,0,0,0,0,0,0,1,0,0,0,0,0,0,0,0,0,0,0,0,0,0,0,0,39.9904,-75.1274, ,Philadelphia
10167,108383,2018029770,6,67,67301,2017,12,7,1620,16,3,4,1,4,1, , ,N,1,2,0,3,0,1,5,2,N,N,39 57:32.111,75 09:24.253,1649, ,1648, ,0, ,N, ,3, , , , , , , , , ,2,2,0,0,0,0,0,0,0,0,0,0,1,1,3,0,0,0,0,0,1,0,0,0,0,0,0,0,0,0,0,0,0,0,0,8,0,39.9589,-75.1567, ,Philadelphia
10168,108384,2018027508,6,67,67301,2017,12,6,310,3,3,4,3,1,1, , ,N,1,3,0,3,0,1,2,2,N, ,39 58:46.286,75 15:12.607,325, ,314, ,0, ,N, ,3, , , , , , , , , ,2,2,0,0,0,0,0,0,0,0,0,1,1,0,0,0,0,0,0,0,0,0,0,1,0,0,0,0,0,0,0,0,0,0,0,4,0,39.9795,-75.2535, ,Philadelphia
10169,108386,2017109954,6,67,67301,2017,10,1,810,8,1,2,1,4,1, , ,N,1,2,0,3,0,2,3,2,N,N,39 59:00.985,75 08:53.221,819, ,817,2,2,3, , ,3,Y, , , , , , , , ,2,1,0,0,0,0,1,0,0,0,0,2,2,0,1,0,0,0,0,0,0,0,0,0,0,0,0,0,0,0,0,0,0,0,0,4,0,39.9836,-75.1481, ,Philadelphia
10170,108390,2017096570,6,67,67301,2017,8,5,1730,17,1,1,0,4,1, , ,N,0,2,7,3,0,0,3,2,N,N,40 07:11.466,75 01:02.573,1823, ,1735,2,2,1,N, ,3,Y, , , , , , , , ,2,1,0,0,0,0,1,0,0,0,0,0,0,0,1,0,0,0,0,0,0,1,0,0,0,0,0,0,0,0,0,0,0,0,0,9,0,40.1199,-75.0174, ,Philadelphia
10171,108399,2017127107,6,9,9212,2017,10,3,1258,12,1,1,0,7,3, , ,N,1,2,0,3,0,1,2,1,N,N,40 08:03.680,75 00:32.507,1302, ,1258,1,1,4, , ,3,Y, , , , , , , , ,1,0,0,0,1,0,0,0,0,0,0,0,1,1,0,0,0,0,0,0,1,0,0,0,0,0,0,0,0,0,0,0,0,0,0,8,0,40.1343,-75.0091, ,Bucks
10172,108407,2017130609,6,67,67301,2017,11,4,1200,12,1,1,0,4,1, , ,N,1,3,0,3,0,1,2,2,N, ,39 58:21.403,75 09:39.366,1259, ,1256,3,2,7,N, ,3,Y, , , , , , , , ,2,2,0,0,0,0,0,0,0,0,0,0,1,1,0,0,0,0,0,0,0,0,1,0,0,0,0,0,0,0,0,0,0,0,0,8,0,39.9726,-75.1609, ,Philadelphia
10173,108448,2017119476,6,67,67301,2017,11,7,1955,19,3,1,0,1,1, , ,N,0,0,0,3,0,1,3,2,N,N,39 55:24.160,75 11:32.076,2008, ,1959, ,0, , , ,0, , , , , , , , , ,2,1,0,0,0,0,1,0,0,0,0,0,1,1,0,0,0,1,0,0,1,0,0,0,0,0,0,0,0,0,0,0,0,0,0,8,0,39.9234,-75.1922, ,Philadelphia
10174,108453,2018005203,6,67,67301,2017,12,1,2239,22,3,1,0,7,4, , ,N,0,0,0,3,0,0,1,1,N,N,40 01:58.545,75 01:15.073,2307, ,2240,2,2,2, , ,0,N, , , , , , , , ,1,1,0,0,0,0,0,0,0,0,0,0,0,0,0,0,0,0,1,0,0,0,0,0,0,0,0,0,0,0,0,0,0,0,0,0,0,40.0329,-75.0209, ,Philadelphia
10175,108462,2017133714,6,67,67301,2017,12,1,429,4,2,1,1,7,2, , ,N,0,0,0,3,0,1,2,1,N,N,39 53:08.713,75 12:44.378,438, ,430,1,2,1, , ,0,N, , , , , , , , ,1,0,0,0,0,0,1,0,0,0,1,0,1,0,0,0,0,0,0,0,0,0,0,0,0,0,0,0,0,0,0,0,0,0,0,3,0,39.8857,-75.2122, ,Philadelphia
10176,108471,2017130648,6,67,67301,2017,11,7,1230,12,1,2,1,8,1, , ,N,1,2,0,3,0,1,4,2,N, ,39 58:45.940,75 13:31.164,1250, ,1245, ,0, ,N, ,3, , , , , , , , , ,1,1,0,0,0,0,0,0,0,0,0,1,1,0,0,0,0,0,0,0,0,0,0,0,0,0,0,0,0,0,0,0,1,0,0,4,0,39.9794,-75.2253, ,Philadelphia
10177,108498,2017124437,6,67,67301,2017,11,1,225,2,3,1,0,7,5, , ,N,0,2,3,3,0,0,2,1,N,N,39 57:18.500,75 08:53.500,225, ,225, ,0, ,Y, ,3, , , , , , , , , ,1,1,0,0,0,0,0,0,0,0,0,0,0,0,0,0,0,0,0,0,0,0,0,0,0,0,0,0,0,0,0,0,0,0,0,0,0,39.9551,-75.1482, ,Philadelphia
10178,108506,2017120692,6,67,67301,2017,10,7,2237,22,3,1,0,1,1, , ,N,0,0,0,3,0,0,2,2,N,N,39 59:30.755,75 11:03.669,2237, ,2237, ,0, ,N, ,0, , , , , , , , , ,2,0,0,0,1,0,1,0,0,0,0,0,0,0,0,0,0,0,0,0,0,1,0,0,0,0,0,0,0,0,0,0,0,0,0,0,0,39.9919,-75.1844, ,Philadelphia
10179,108527,2017124008,6,67,67301,2017,11,6,2115,21,3,1,0,8,1, , ,N,1,2,0,3,0,1,2,2,N,N,39 57:20.290,75 12:08.212,2130, ,2125, ,0, ,N, ,3, , , , , , , , , ,1,0,0,0,0,0,1,0,0,0,1,0,1,0,0,0,0,0,0,0,0,0,0,0,0,0,0,0,0,0,0,0,1,0,0,3,0,39.9556,-75.2023, ,Philadelphia
10180,108541,2018027560,6,67,67301,2017,12,7,2315,23,3,1,0,4,1, , ,N,5,2,0,3,0,2,3,2,N, ,40 00:05.531,75 06:15.328,2345, ,2320, ,0, ,N, ,3, , , , , , , , , ,2,2,0,0,0,0,0,0,0,0,2,0,2,0,0,0,0,0,0,0,1,0,0,0,0,0,0,0,0,0,0,0,0,0,0,3,0,40.0015,-75.1043, ,Philadelphia
10181,111599,2017116115,6,67,67301,2017,10,1,1912,19,3,1,0,4,1, , ,N,2,0,0,3,0,1,2,2,N,N,40 00:38.155,75 10:02.524,1929, ,1920,1,1,1,N, ,0,Y, , , , , , , , ,2,1,1,0,0,0,0,0,0,0,0,1,1,0,0,0,0,0,0,0,0,1,0,1,0,0,0,0,0,0,0,0,0,0,0,4,0,40.0106,-75.1674, ,Philadelphia
10182,111606,2017120705,6,67,67301,2017,10,4,1000,10,1,1,0,6,6, , ,N,0,0,0,3,0,1,1,2,N,N,39 59:34.393,75 07:37.916,1000, ,1000, ,0, ,N, ,0, , , , , , , , , ,2,2,0,0,0,0,0,0,0,0,0,0,1,1,0,0,0,0,0,0,0,0,0,0,0,0,0,0,0,0,0,0,0,0,0,8,0,39.9929,-75.1272, ,Philadelphia
10183,111609,2017110870,6,67,67301,2017,10,1,321,3,3,1,0,1,1, , ,N,0,0,0,3,0,2,6,2,N,N,39 57:46.199,75 10:59.898,337, ,328, ,0, , , ,0, , , , , , , , , ,2,1,0,0,0,0,1,0,0,0,2,0,2,0,1,0,0,0,0,0,1,0,0,3,0,0,0,0,0,0,0,0,0,0,0,3,0,39.962,-75.1825, ,Philadelphia
10184,111671,2017120493,6,67,67301,2017,10,1,1604,16,1,2,1,4,1, , ,N,1,2,0,3,0,1,2,3,N,N,39 57:36.745,75 11:27.211,1623, ,1604,1,1,2,N, ,3,N, , , , , , , , ,3,2,0,0,0,0,1,0,0,0,0,1,1,0,0,0,0,0,0,0,0,0,0,0,0,0,0,0,0,0,0,0,0,0,0,4,0,39.9602,-75.1909, ,Philadelphia
10185,111687,2017086041,6,67,67301,2017,7,2,9999,99,1,1,0,5,1, , ,N,0,4,6,3,0,1,3,4,N, ,40 04:04.516,75 02:26.325,1425, ,1415,2,1,2, , ,3,N, , , , , , , , ,3,1,0,0,1,0,0,1,0,0,0,0,1,1,0,0,0,0,0,0,0,1,0,0,0,0,0,0,0,0,0,0,0,0,0,8,0,40.0679,-75.0407, ,Philadelphia
10186,111688,2017116018,6,67,67301,2017,10,6,1100,11,1,1,0,5,6, , ,N,0,0,0,3,0,0,1,2,N, ,39 56:32.450,75 11:05.873,1130, ,1130, ,0, , , ,0, , , , , , , , , ,2,1,0,0,0,0,1,0,0,0,0,0,0,0,0,0,0,0,0,0,0,0,0,0,0,0,0,0,0,0,0,0,0,0,0,0,0,39.9423,-75.185, ,Philadelphia
10187,111691,2017106046,6,67,67301,2017,9,1,855,8,1,1,0,4,1, , ,N,5,2,0,3,0,2,2,2,N,N,39 58:03.807,75 12:34.946,903, ,901, ,0, ,N, ,3, , , , , , , , , ,2,1,0,0,0,0,1,0,0,0,0,0,2,2,0,0,0,0,0,0,0,0,1,0,0,0,0,0,0,0,0,0,0,0,0,8,0,39.9677,-75.2097, ,Philadelphia
10188,111695,2017109781,6,67,67301,2017,9,3,1102,11,1,1,0,4,1, , ,N,1,2,0,3,0,2,4,2,N,N,39 59:08.960,75 10:51.665,1105, ,1103,2,1,1,N, ,3,N, , , , , , , , ,2,1,0,0,0,0,0,1,0,0,0,2,2,0,0,0,0,0,0,0,0,0,0,0,0,0,0,0,0,0,0,0,0,0,0,4,0,39.9858,-75.181, ,Philadelphia
10189,111712,2018034697,6,67,67301,2017,6,7,2330,23,3,1,0,4,1, , ,N,1,3,0,3,0,3,5,2,N,N,40 01:43.820,75 08:40.945,0, ,0, ,0, ,N, ,3, , , , , , , , , ,2,0,0,0,1,0,0,0,0,0,1,0,3,2,0,0,0,0,0,0,1,0,0,0,0,0,0,0,0,0,0,0,0,0,0,3,0,40.0288,-75.1447, ,Philadelphia
10190,111713,2017096415,6,67,67301,2017,8,5,2145,21,3,1,0,1,1, , ,N,0,0,0,3,0,0,5,5,N,N,40 00:56.023,75 10:35.426,2210, ,2208,9,1,1,N, ,0,N, , , , , , , , ,5,2,0,0,0,0,2,0,0,0,0,0,0,0,0,0,0,0,0,0,1,0,0,1,0,0,0,0,0,0,0,0,0,0,0,0,0,40.0156,-75.1765, ,Philadelphia
10191,111719,2017133976,6,67,67301,2017,11,1,2010,20,3,1,0,7,5, , ,N,2,0,0,3,0,0,1,2,N,N,39 57:58.518,75 13:13.238,2045, ,2044, ,0, ,N, ,0, , , , , , , , , ,1,1,0,0,0,0,0,0,0,0,0,0,0,0,0,0,0,0,0,0,1,0,0,0,0,0,0,0,0,0,0,0,0,0,0,0,0,39.9663,-75.2203, ,Philadelphia
10192,111720,2017117118,6,67,67301,2017,11,4,912,9,1,1,0,8,1, , ,N,0,0,0,3,0,1,2,2,N,N,39 58:44.689,75 09:28.226,915, ,915, ,0, ,N, ,0, , , , , , , , , ,1,1,0,0,0,0,0,0,0,0,1,0,1,0,0,0,0,0,0,0,1,0,0,0,0,0,0,0,0,0,0,0,1,0,0,3,0,39.9791,-75.1578, ,Philadelphia
10193,111726,2017137568,6,67,67301,2017,12,3,1829,18,3,2,1,4,1, , ,N,1,3,0,3,0,1,2,2,N, ,40 04:46.113,74 59:30.364,1830, ,1829, ,0, ,N, ,3, , , , , , , , , ,1,1,0,0,0,0,0,0,1,0,0,1,1,0,0,0,0,0,0,0,1,0,0,0,0,0,0,0,0,0,0,0,0,0,0,4,0,40.0795,-74.9918, ,Philadelphia
10194,111741,2018029802,6,67,67301,2017,12,3,2315,23,3,1,0,4,1, , ,N,1,2,0,3,0,3,5,2,N, ,40 01:53.934,75 12:27.524,2335, ,2322,3,2,5,N, ,3,Y, , , , , , , , ,2,0,1,0,0,0,1,0,0,0,2,1,3,0,0,0,0,0,0,0,0,0,0,0,0,0,0,0,0,0,0,0,0,0,0,3,0,40.0316,-75.2076, ,Philadelphia
10195,111742,2018001720,6,67,67301,2017,12,4,1843,18,3,1,0,1,1, , ,N,0,0,0,3,0,1,3,2,N,N,39 58:55.321,75 06:02.783,1852, ,1848,2,1,1, , ,0,N, , , , , , , , ,2,1,0,0,1,0,0,0,0,0,0,0,1,1,0,0,0,0,0,0,2,0,0,0,0,0,0,0,0,0,0,0,0,0,0,8,0,39.982,-75.1008, ,Philadelphia
10196,111744,2018035178,6,67,67301,2017,6,2,1500,15,1,1,0,4,1, , ,N,1,3,0,3,0,1,2,2,N,N,39 56:14.168,75 10:12.813,0, ,0, ,0, ,N, ,3, , , , , , , , , ,2,1,0,0,0,0,1,0,0,0,0,0,1,1,0,0,0,0,0,0,1,0,0,0,0,0,0,0,0,0,0,0,0,0,0,8,0,39.9373,-75.1702, ,Philadelphia
10197,111779,2018028939,6,67,67301,2017,12,5,9999,99,1,1,0,4,1, , ,N,1,2,0,3,0,0,2,2,N, ,39 58:40.032,75 09:03.628,1009, ,1008, ,0, ,N, ,3, , , , , , , , , ,2,2,0,0,0,0,0,0,0,0,0,0,0,0,0,0,0,0,0,0,1,0,0,0,0,0,0,0,0,0,0,0,0,0,0,0,0,39.9778,-75.151, ,Philadelphia
10198,111790,2017127461,6,67,67301,2017,11,4,9999,99,1,1,0,1,1, , ,N,2,0,0,3,0,0,2,2,N,N,39 59:22.002,75 07:38.049,1426, ,1345, ,0, , , ,0, , , , , , , , , ,2,2,0,0,0,0,0,0,0,0,0,0,0,0,1,0,0,0,0,0,0,0,0,1,0,0,0,0,0,0,0,0,0,0,0,9,0,39.9894,-75.1272, ,Philadelphia
10199,114918,2017093496,6,67,67301,2017,8,3,1515,15,1,1,0,1,1, , ,N,0,0,0,3,0,1,4,3,N, ,39 57:26.042,75 13:39.684,1535, ,1525, ,0, , , ,0, , , , , , , , , ,3,1,0,0,0,0,2,0,0,0,0,1,1,0,0,0,0,0,0,0,0,0,0,2,0,0,0,0,0,0,0,0,0,0,0,4,0,39.9572,-75.2277, ,Philadelphia
10200,114925,2017128044,6,67,67301,2017,11,4,1120,11,1,1,0,8,1, , ,N,0,0,0,3,0,2,3,3,N,N,40 03:09.586,75 08:30.329,1135, ,1130, ,0, ,N, ,0, , , , , , , , , ,1,0,0,0,0,0,0,1,0,0,0,2,2,0,0,0,0,0,0,0,0,0,0,0,0,0,0,0,0,0,0,0,2,0,0,4,0,40.0527,-75.1418, ,Philadelphia
10201,114945,2018020687,6,67,67301,2017,12,7,2301,23,3,4,1,7,4, , ,N,0,0,0,3,0,2,2,1,N,N,40 06:37.268,75 00:11.861,2315, ,2307, ,0, ,N, ,0, , , , , , , , , ,1,1,0,0,0,0,0,0,0,0,0,2,2,0,0,0,0,0,0,0,0,0,0,0,0,0,0,0,0,0,0,0,0,0,0,4,0,40.1104,-75.0033, ,Philadelphia
10202,114970,2018015780,6,67,67301,2017,11,4,1028,10,1,1,0,5,6, , ,N,0,0,0,3,0,0,1,4,N,N,39 59:38.500,75 05:56.400,1033, ,1029,2,2,1,N, ,0,N, , , , , , , , ,4,1,0,0,1,0,2,0,0,0,0,0,0,0,0,0,0,0,0,0,1,0,0,0,0,0,0,0,0,0,0,0,0,0,0,0,0,39.994,-75.099, ,Philadelphia
10203,114971,2018035190,6,67,67301,2017,6,4,825,8,1,1,0,1,1, , ,N,1,2,0,3,0,1,2,2,N,N,40 01:55.501,75 04:03.429,0, ,0, ,0, ,N, ,3, , , , , , , , , ,2,0,0,0,0,0,2,0,0,0,0,0,1,1,0,0,0,0,0,0,0,0,0,0,0,0,0,0,0,0,0,0,0,0,0,8,0,40.0321,-75.0676, ,Philadelphia
10204,114972,2018027392,6,67,67301,2017,12,1,1250,12,1,1,0,8,1, , ,N,0,0,0,3,0,1,2,2,N,N,40 02:10.228,75 05:05.334,1305, ,1257, ,0, ,N, ,0, , , , , , , , , ,1,0,0,0,0,0,1,0,0,0,1,0,1,0,0,0,0,0,0,0,0,1,0,0,0,0,0,0,0,0,0,0,1,0,0,3,0,40.0362,-75.0848, ,Philadelphia
10205,115013,2017128667,6,67,67301,2017,11,3,836,8,1,1,0,1,1, , ,N,0,0,2,3,0,0,3,3,N,N,39 57:10.326,75 08:28.229,900, ,839, ,0, , , ,0, , , , , , , , , ,3,2,0,0,0,0,1,0,0,0,0,0,0,0,0,0,0,0,0,0,0,0,0,0,0,0,0,0,0,0,0,0,0,0,0,0,0,39.9529,-75.1412, ,Philadelphia
10206,115025,2018029250,6,67,67301,2017,12,2,1225,12,1,1,0,1,1, , ,N,0,2,0,3,0,1,3,3,Y,N,40 00:20.083,75 06:13.109,1330, ,1325,9,1,4,N, ,3,N, , , , , , , , ,3,1,0,1,1,0,0,0,0,0,0,1,1,0,0,0,0,0,0,0,2,0,0,2,0,0,0,0,0,0,0,0,0,0,0,4,1,40.0056,-75.1036, ,Philadelphia
10207,115026,2018005547,6,67,67301,2017,12,2,1730,17,3,1,0,1,1, , ,N,0,2,0,3,0,1,5,6,N,N,39 58:50.195,75 06:21.321,1750, ,1742,1,2,5,N, ,3,Y, , , , , , , , ,6,6,0,0,0,0,0,0,0,0,0,1,1,0,0,0,0,0,0,0,1,0,0,4,0,0,0,0,0,0,0,0,0,0,0,4,0,39.9806,-75.1059, ,Philadelphia
10208,115030,2017093658,6,67,67301,2017,8,1,1049,10,1,1,0,4,1, , ,N,1,2,3,3,0,2,3,3,N, ,40 01:12.714,75 09:01.947,1113, ,1059,2,2,7, , ,3,Y, , , , , , , , ,3,2,0,0,0,0,1,0,0,0,0,2,2,0,0,0,0,0,0,0,2,0,0,1,0,0,0,0,0,0,0,0,0,0,0,4,0,40.0202,-75.1505, ,Philadelphia
10209,115046,2018027369,6,67,67301,2017,12,4,205,2,3,1,0,7,4, , ,N,0,0,0,3,0,1,1,1,N,N,40 00:35.027,75 11:12.458,215, ,209, ,0, ,Y, ,0, , , , , , , , , ,1,1,0,0,0,0,0,0,0,0,1,0,1,0,0,0,0,0,0,0,0,0,0,0,0,0,0,0,0,0,0,0,0,0,0,3,0,40.0097,-75.1868, ,Philadelphia
10210,115049,2018004622,6,67,67301,2017,11,6,111,1,3,1,0,7,2, , ,N,0,0,0,3,0,1,1,1,N,N,39 58:32.915,75 11:42.520,115, ,114,2,2,3, , ,0,N, , , , , , , , ,1,0,0,0,0,0,1,0,0,0,0,0,1,1,0,0,0,0,0,0,0,0,0,0,0,0,0,0,0,0,0,0,0,0,0,8,0,39.9758,-75.1951, ,Philadelphia
10211,115055,2017135087,6,67,67301,2017,11,2,839,8,1,1,0,6,1, , ,N,0,0,0,3,0,0,2,2,N,N,39 59:00.991,75 12:10.662,905, ,859, ,0, ,N, ,0, , , , , , , , , ,2,0,0,0,0,0,2,0,0,0,0,0,0,0,0,0,0,0,0,0,0,0,0,0,0,0,0,0,0,0,0,0,0,0,0,0,0,39.9836,-75.203, ,Philadelphia
10212,115061,2017128013,6,67,67301,2017,11,1,2330,23,3,1,0,4,1, , ,N,1,3,0,3,0,0,2,4,N,N,40 00:44.384,75 08:19.139,2340, ,2335,3,1,3,N, ,3,N, , , , , , , , ,4,3,0,0,0,0,0,1,0,0,0,0,0,0,2,0,0,0,0,0,0,0,0,0,0,0,0,0,0,0,0,0,0,0,0,9,0,40.0123,-75.1386, ,Philadelphia
10213,115063,2017128106,6,67,67301,2017,11,6,2350,23,3,1,0,4,1, , ,N,1,3,0,3,0,0,4,2,N,N,39 59:51.435,75 07:46.084,0, ,2355, ,0, ,N, ,3, , , , , , , , , ,2,2,0,0,0,0,0,0,0,0,0,0,0,0,0,0,0,0,0,0,0,0,0,1,0,0,0,0,0,0,0,0,0,0,0,0,0,39.9976,-75.1295, ,Philadelphia
10214,115070,2018005517,6,67,67301,2017,11,7,1255,12,1,1,0,4,1, , ,N,2,0,0,3,0,0,1,3,N,N,40 02:28.395,75 09:17.053,1504, ,1500,2,2,1,N, ,0,Y, , , , , , , , ,3,1,0,0,0,0,2,0,0,0,0,0,0,0,0,0,0,0,0,0,0,0,0,1,0,0,0,0,0,0,0,0,0,0,0,0,0,40.0412,-75.1547, ,Philadelphia
10215,115078,2018005181,6,67,67301,2017,12,7,6,0,3,1,0,7,4, , ,N,1,2,2,3,0,0,1,1,N,N,39 54:37.249,75 09:03.078,24, ,12,1,1,2,N, ,3,N, , , , , , , , ,1,1,0,0,0,0,0,0,0,0,0,0,0,0,0,0,0,0,0,0,0,0,0,0,0,0,0,0,0,0,0,0,0,0,0,0,0,39.9103,-75.1509, ,Philadelphia
10216,115079,2018033332,6,67,67301,2017,5,5,1645,16,1,1,0,1,1, , ,N,1,3,0,3,0,3,4,2,N,N,40 00:24.336,75 07:53.741,0, ,0, ,0, ,N, ,3, , , , , , , , , ,2,0,0,0,0,1,1,0,0,0,0,0,3,3,0,0,0,0,0,0,0,0,0,0,0,0,0,0,0,0,0,0,0,0,0,8,1,40.0068,-75.1316, ,Philadelphia
10217,105195,2017093649,6,67,67301,2017,8,4,1813,18,1,1,0,4,1, , ,N,1,2,0,3,0,2,3,2,N,N,39 58:14.012,75 08:59.857,1820, ,1814,2,1,6,N, ,3,N, , , , , , , , ,2,0,0,0,0,0,1,1,0,0,0,2,2,0,0,0,0,1,0,0,1,0,0,1,0,0,0,0,0,0,0,0,0,0,0,4,0,39.9704,-75.15, ,Philadelphia
10218,105212,2017130650,6,67,67301,2017,11,4,1120,11,1,1,0,4,1, , ,N,1,2,0,3,0,1,4,2,N,N,39 58:07.813,75 14:43.547,9999, ,1120, ,0, ,N, ,3, , , , , , , , , ,2,1,0,0,0,0,0,1,0,0,0,1,1,0,0,0,0,0,0,0,0,0,1,2,0,0,0,0,0,0,0,0,0,0,0,4,0,39.9688,-75.2454, ,Philadelphia
10219,105225,2018006464,6,67,67301,2017,12,5,1055,10,1,1,0,1,1, , ,N,0,0,0,3,0,1,3,3,N,N,39 57:27.335,75 09:35.120,1103, ,1057,1,2,4, , ,0,N, , , , , , , , ,3,1,0,0,0,0,2,0,0,0,0,0,1,1,0,0,0,0,0,0,2,0,0,0,0,0,0,0,0,0,0,0,0,0,0,8,0,39.9576,-75.1598, ,Philadelphia
10220,105248,2017110784,6,67,67301,2017,10,6,2355,23,3,1,0,0,1, , ,N,0,0,0,3,0,1,2,2,N,N,39 55:26.857,75 08:50.765,5, ,2356, ,0, , , ,0, , , , , , , , , ,2,0,1,0,0,1,0,0,0,0,1,0,1,0,0,0,0,0,0,0,1,0,0,0,0,0,0,0,0,0,0,0,0,0,0,3,1,39.9241,-75.1474, ,Philadelphia
10221,105262,2017130591,6,67,67301,2017,10,1,226,2,3,1,0,5,1, , ,N,0,0,1,3,0,1,2,2,N,N,40 03:31.706,75 02:40.901,238, ,230, ,0, ,Y, ,0, , , , , , , , , ,2,0,0,0,0,0,1,0,0,0,0,1,1,0,0,0,0,0,1,0,0,0,0,0,0,0,0,0,0,0,0,0,0,0,0,4,0,40.0594,-75.0443, ,Philadelphia
10222,105269,2017120574,6,67,67301,2017,10,1,1240,12,1,2,1,4,1, , ,N,5,2,0,3,0,2,4,4,N,N,40 02:12.142,75 02:27.052,1300, ,1250,2,1,5,N, ,3,Y, , , , , , , , ,4,3,0,0,0,0,1,0,0,0,0,2,2,0,0,0,0,0,1,1,0,0,0,3,0,0,0,0,0,0,0,0,0,0,0,4,0,40.0368,-75.0407, ,Philadelphia
10223,105275,2017114555,6,67,67301,2017,10,2,1416,14,1,1,0,1,1, , ,N,0,0,0,3,0,2,3,3,N,N,39 58:09.468,75 07:36.503,1431, ,1417,1,2,1, , ,0,N, , , , , , , , ,3,2,0,0,0,0,1,0,0,0,0,1,2,1,0,0,0,0,0,0,1,1,0,0,0,0,0,0,0,0,0,0,0,0,0,4,0,39.9693,-75.1268, ,Philadelphia
10224,105280,2018005534,6,67,67301,2017,12,7,1630,16,1,1,0,4,1, , ,N,2,3,0,3,0,1,2,2,N, ,39 56:45.833,75 13:31.713,1654, ,1634, ,0, ,N, ,3, , , , , , , , , ,2,1,0,0,0,0,1,0,0,0,0,0,1,1,0,0,1,0,0,0,1,0,0,0,0,0,0,0,0,0,0,0,0,0,0,8,0,39.9461,-75.2255, ,Philadelphia
10225,105307,2017130675,6,67,67301,2017,11,4,825,8,1,1,0,8,1, , ,N,1,2,0,3,0,2,3,3,N,N,40 02:32.725,75 04:57.598,833, ,832, ,0, ,N, ,3, , , , , , , , , ,1,0,0,0,0,0,0,1,0,0,1,1,2,0,0,0,0,0,0,0,0,0,0,0,0,0,0,0,0,0,0,0,2,0,0,3,0,40.0424,-75.0827, ,Philadelphia
10226,105318,2017127430,6,67,67301,2017,11,3,2115,21,3,2,1,4,1, , ,N,2,0,0,3,0,1,4,2,N,N,40 04:34.363,75 05:06.295,2130, ,2122, ,0, ,N, ,0, , , , , , , , , ,2,1,0,0,0,0,1,0,0,0,0,1,1,0,0,0,0,0,0,0,0,0,0,0,0,0,0,0,0,0,0,0,0,0,0,4,0,40.0762,-75.0851, ,Philadelphia