objectid_1,objectid,crn,district,county,municipality,crash_year,crash_month,day_of_week,time_of_day,hour_of_day,illumination,weather,road_condition,collision_type,relation_to_road,work_zone_type,work_zone_loc,work_zone_ind,intersect_type,tcd_type,location_type,urban_rural,fatal_count,injury_count,person_count,total_units,sch_bus_ind,sch_zone_ind,latitude,longitude,arrival_tm,cons_zone_spd_lim,dispatch_tm,est_hrs_closed,lane_closed,ln_close_dir,ntfy_hiwy_maint,spec_juris_cd,tcd_func_cd,tfc_detour_ind,workers_pres,wz_close_detour,wz_flagger,wz_law_offcr_ind,wz_ln_closure,wz_moving,wz_other,wz_shlder_mdn,vehicle_count,automobile_count,motorcycle_count,bus_count,small_truck_count,heavy_truck_count,suv_count,van_count,bicycle_count,maj_inj_count,mod_inj_count,min_inj_count,tot_inj_count,unk_inj_deg_count,unk_inj_per_count,driver_count_16yr,driver_count_17yr,driver_count_18yr,driver_count_19yr,driver_count_20yr,driver_count_50_64yr,driver_count_65_74yr,driver_count_75plus,unbelted_occ_count,unb_death_count,unb_maj_inj_count,belted_death_count,belted_maj_inj_count,mcycle_death_count,mcycle_maj_inj_count,bicycle_death_count,bicycle_maj_inj_count,ped_count,ped_death_count,ped_maj_inj_count,max_severity_level,comm_veh_count,dec_lat,dec_long,rdwy_surf_type_cd,county_name
10292,105482,2018029777,6,67,67301,2017,12,7,30,0,3,2,1,5,6, , ,N,0,0,0,3,0,0,1,3,N, ,39 56:40.900,75 13:38.600,47, ,30, ,0, ,N, ,0, , , , , , , , , ,3,1,0,0,0,0,2,0,0,0,0,0,0,0,1,0,0,0,0,0,1,0,0,0,0,0,0,0,0,0,0,0,0,0,0,9,0,39.9447,-75.2274, ,Philadelphia
10293,105496,2017105864,6,67,67301,2017,9,4,1920,19,3,1,0,8,1, , ,N,1,2,0,3,0,1,2,2,N,N,40 02:08.787,75 07:31.397,1925, ,1920, ,0, ,N, ,3, , , , , , , , , ,1,0,0,0,0,0,0,0,0,0,1,0,1,0,1,0,0,0,0,0,0,0,0,0,0,0,0,0,0,0,0,0,1,0,0,3,0,40.0358,-75.1255, ,Philadelphia
10294,105497,2017116046,6,67,67301,2017,10,3,730,7,1,1,0,7,4, , ,N,0,0,0,3,0,0,2,1,N, ,40 01:43.598,75 08:49.137,832, ,832, ,0, , , ,0, , , , , , , , , ,1,0,0,0,1,0,0,0,0,0,0,0,0,0,0,0,0,0,0,0,1,0,0,0,0,0,0,0,0,0,0,0,0,0,0,0,0,40.0288,-75.147, ,Philadelphia
10295,105508,2017135039,6,67,67301,2017,11,2,2037,20,3,1,0,4,1, , ,N,1,2,0,3,0,4,5,2,N,N,40 00:31.034,75 04:07.810,2050, ,2042,3,1,3,Y, ,3,Y, , , , , , , , ,2,2,0,0,0,0,0,0,0,0,1,2,4,1,0,0,0,0,0,0,0,0,0,0,0,0,0,0,0,0,0,0,0,0,0,3,0,40.0086,-75.0688, ,Philadelphia
10296,105513,2017122811,6,67,67301,2017,10,3,2010,20,3,1,0,1,1, , ,N,0,0,0,3,0,3,4,2,N,N,40 01:16.591,75 08:55.037,2019, ,2017,9,1,2,N, ,0,N, , , , , , , , ,2,0,0,0,0,0,2,0,0,0,0,3,3,0,0,0,0,0,0,0,2,0,0,0,0,0,0,0,0,0,0,0,0,0,0,4,0,40.0213,-75.1486, ,Philadelphia
10297,105514,2017137525,6,67,67301,2017,12,2,1029,10,1,1,0,4,1, , ,N,1,2,0,3,0,1,2,2,N, ,40 03:17.785,75 03:14.192,1034, ,1029,1,1,1,N, ,3,Y, , , , , , , , ,2,1,0,0,0,0,0,1,0,0,0,1,1,0,0,0,0,0,0,0,0,0,1,0,0,0,0,0,0,0,0,0,0,0,0,4,0,40.0549,-75.0539, ,Philadelphia
10298,105519,2017120597,6,67,67301,2017,10,2,628,6,3,2,1,5,1, , ,N,0,0,0,3,0,2,2,2,N,N,39 56:01.964,75 08:51.108,830, ,824,3,1,3, , ,0,Y, , , , , , , , ,2,1,0,0,0,0,1,0,0,0,0,2,2,0,0,0,0,0,0,0,1,0,0,0,0,0,0,0,0,0,0,0,0,0,0,4,0,39.9339,-75.1475, ,Philadelphia
10299,105545,2017128033,6,67,67301,2017,11,2,855,8,1,1,0,1,1, , ,N,0,0,0,3,0,1,2,2,N,N,40 01:13.841,75 09:19.788,910, ,857,2,1,1, , ,0,N, , , , , , , , ,2,1,0,0,0,0,0,1,0,0,0,1,1,0,0,0,0,0,0,0,0,0,0,0,0,0,0,0,0,0,0,0,0,0,0,4,0,40.0205,-75.1555, ,Philadelphia
10300,105578,2017117231,6,67,67301,2017,10,6,831,8,1,1,0,4,1, , ,N,5,2,0,3,0,1,2,2,N,N,39 58:10.213,75 12:45.380,834, ,833, ,0, ,N, ,3, , , , , , , , , ,2,2,0,0,0,0,0,0,0,0,0,0,1,1,0,0,0,0,0,0,0,0,0,0,0,0,0,0,0,0,0,0,0,0,0,8,0,39.9695,-75.2126, ,Philadelphia
10301,105585,2017093555,6,67,67301,2017,8,5,1042,10,1,1,0,4,1, , ,N,1,2,0,3,0,1,3,3,N,N,40 02:14.686,75 10:54.569,1046, ,1044, ,0, ,N, ,3, , , , , , , , , ,2,2,0,0,0,0,0,0,0,0,0,0,1,1,0,0,1,0,0,0,0,0,0,0,0,0,0,0,0,0,0,0,1,0,0,8,0,40.0374,-75.1818, ,Philadelphia
10302,105592,2017127462,6,67,67301,2017,11,2,1815,18,3,1,0,4,1, , ,N,0,0,7,3,0,4,4,2,N,N,40 02:42.500,75 07:43.100,1830, ,1821,1,1,5,N, ,0,Y, , , , , , , , ,2,2,0,0,0,0,0,0,0,0,0,4,4,0,0,0,0,0,0,1,1,0,0,3,0,0,0,0,0,0,0,0,0,0,0,4,0,40.0451,-75.1286, ,Philadelphia
10303,105598,2017137593,6,67,67301,2017,12,3,1816,18,3,2,1,5,1, , ,N,0,0,0,3,0,1,2,2,N,N,40 03:09.593,75 10:44.025,1840, ,1420, ,0, ,N, ,0, , , , , , , , , ,2,2,0,0,0,0,0,0,0,0,0,1,1,0,0,0,0,0,0,0,0,0,0,0,0,0,0,0,0,0,0,0,0,0,0,4,0,40.0527,-75.1789, ,Philadelphia
10304,105603,2017120491,6,67,67301,2017,10,1,1205,12,1,2,1,4,1, , ,N,1,3,0,3,0,1,2,2,N,N,40 02:18.510,75 10:08.119,1220, ,1217, ,0, ,N, ,3, , , , , , , , , ,1,0,0,0,0,0,1,0,1,0,0,1,1,0,0,0,0,0,0,0,1,0,0,0,0,0,0,0,0,0,0,0,0,0,0,4,0,40.0385,-75.1689, ,Philadelphia
10305,105624,2017097963,6,67,67301,2017,9,4,1042,10,1,2,1,8,1, , ,N,1,0,0,3,0,1,2,2,N, ,40 00:16.847,75 09:07.652,2010, ,2004, ,0, , , ,0, , , , , , , , , ,1,1,0,0,0,0,0,0,0,0,1,0,1,0,1,0,0,0,0,0,0,0,0,0,0,0,0,0,0,0,0,0,1,0,0,3,0,40.0047,-75.1521, ,Philadelphia
10306,105626,2017098006,6,67,67301,2017,9,1,320,3,3,1,1,4,1, , ,N,1,2,0,3,0,0,2,2,N,N,39 56:36.294,75 09:18.968,342, ,339,2,2,2,N, ,3,Y, , , , , , , , ,2,2,0,0,0,0,0,0,0,0,0,0,0,0,0,0,0,0,0,0,1,0,0,0,0,0,0,0,0,0,0,0,0,0,0,0,0,39.9434,-75.1553, ,Philadelphia
10307,108694,2017133926,6,67,67301,2017,11,5,1536,15,1,1,0,5,1, , ,N,0,0,0,3,0,0,1,3,N,N,40 03:59.424,75 09:46.369,1605, ,1558,2,1,5,Y, ,0,Y, , , , , , , , ,3,3,0,0,0,0,0,0,0,0,0,0,0,0,0,0,0,0,0,0,0,0,0,0,0,0,0,0,0,0,0,0,0,0,0,0,0,40.0665,-75.1629, ,Philadelphia
10308,108703,2017130602,6,67,67301,2017,11,7,1035,10,1,1,0,4,1, , ,N,2,2,0,3,0,1,4,2,N,N,39 59:23.269,75 15:02.807,1046, ,1040, ,0, ,N, ,3, , , , , , , , , ,2,1,0,0,0,0,1,0,0,0,0,1,1,0,0,0,0,0,0,0,1,0,0,1,0,0,0,0,0,0,0,0,0,0,0,4,0,39.9898,-75.2508, ,Philadelphia
10309,108704,2017133971,6,67,67301,2017,11,4,1508,15,1,1,0,1,1, , ,N,1,3,0,3,0,0,2,2,N,N,39 55:23.268,75 10:47.143,1512, ,1512,2,1,1,N, ,3,N, , , , , , , , ,2,2,0,0,0,0,0,0,0,0,0,0,0,0,0,0,0,0,0,0,0,0,0,0,0,0,0,0,0,0,0,0,0,0,0,0,0,39.9231,-75.1798, ,Philadelphia
10310,108713,2017138095,6,67,67301,2017,11,4,2115,21,1,1,0,5,1, , ,N,0,0,0,3,0,1,4,2,N,N,39 56:41.425,75 11:27.952,2151, ,2121,1,1,3, , ,0,N, , , , , , , , ,2,2,0,0,0,0,0,0,0,0,1,0,1,0,0,0,0,0,0,0,0,0,0,0,0,0,0,0,0,0,0,0,0,0,0,3,0,39.9448,-75.1911, ,Philadelphia
10311,108731,2017090524,6,67,67301,2017,8,5,1423,14,1,1,0,5,1, , ,N,0,0,0,3,0,1,2,2,N,N,40 02:22.887,75 00:23.915,1430, ,1425,1,1,1, , ,0,N, , , , , , , , ,2,0,0,0,0,1,1,0,0,0,0,0,1,1,0,0,0,0,0,0,1,0,0,0,0,0,0,0,0,0,0,0,0,0,0,8,1,40.0397,-75.0066, ,Philadelphia
10312,108739,2017120590,6,67,67301,2017,10,2,515,5,3,2,1,7,2, , ,N,0,0,0,3,0,1,1,1,N,N,40 00:49.372,75 10:46.192,525, ,520, ,0, , , ,0, , , , , , , , , ,1,1,0,0,0,0,0,0,0,0,1,0,1,0,0,0,0,0,0,0,0,0,0,0,0,0,0,0,0,0,0,0,0,0,0,3,0,40.0133,-75.1801, ,Philadelphia
10313,108751,2017120356,6,67,67301,2017,11,6,2020,20,3,1,0,7,3, , ,N,0,0,0,3,0,1,5,1,N,N,40 01:55.216,75 01:16.822,2116, ,2026,3,2,2, , ,0,N, , , , , , , , ,1,1,0,0,0,0,0,0,0,0,1,0,1,0,0,0,0,1,0,0,0,0,0,0,0,0,0,0,0,0,0,0,0,0,0,3,0,40.032,-75.0213, ,Philadelphia
10314,108770,2018027378,6,67,67301,2017,12,6,1524,15,1,1,0,8,1, , ,N,2,3,0,3,0,1,2,2,N,N,39 54:26.074,75 13:40.897,1753, ,1751, ,0, ,N, ,3, , , , , , , , , ,1,1,0,0,0,0,0,0,0,0,0,0,1,1,0,0,0,0,0,0,0,0,0,0,0,0,0,0,0,0,0,0,1,0,0,8,0,39.9072,-75.228, ,Philadelphia
10315,108777,2017106035,6,67,67301,2017,9,5,1007,10,1,1,0,4,1, , ,N,1,2,0,3,0,1,2,2,N, ,39 57:29.091,75 09:44.737,1008, ,1008,2,1,2, , ,3,Y, , , , , , , , ,2,1,0,0,0,0,1,0,0,0,0,1,1,0,0,0,0,0,0,0,1,0,0,0,0,0,0,0,0,0,0,0,0,0,0,4,0,39.9581,-75.1624, ,Philadelphia
10316,108852,2017127415,6,67,67301,2017,11,7,2215,22,3,1,0,1,1, , ,N,0,0,0,3,0,1,2,2,N,N,40 00:49.306,75 07:33.701,2240, ,2240, ,0, ,N, ,0, , , , , , , , , ,1,0,0,0,0,0,0,1,1,0,1,0,1,0,1,0,0,0,0,0,1,0,0,0,0,0,0,0,0,0,0,0,0,0,0,3,0,40.0137,-75.126, ,Philadelphia
10317,108856,2017120600,6,67,67301,2017,10,5,1105,11,1,1,0,8,6, , ,N,0,0,0,3,0,1,2,2,N,N,39 56:22.200,75 09:22.200,1116, ,1112, ,0, ,N, ,0, , , , , , , , , ,1,0,0,0,0,0,0,1,0,0,1,0,1,0,0,0,0,0,0,0,1,0,0,0,0,0,0,0,0,0,0,0,1,0,0,3,0,39.9395,-75.1562, ,Philadelphia
10318,108866,2017109978,6,67,67301,2017,10,2,1649,16,1,1,0,2,1, , ,N,0,0,0,3,0,0,2,2,N, ,40 00:44.848,75 08:22.555,1649, ,1649, ,0, , , ,0, , , , , , , , , ,2,0,0,0,1,0,0,0,0,0,0,0,0,0,2,0,0,1,0,0,1,0,0,0,0,0,0,0,0,0,0,0,0,0,0,9,0,40.0125,-75.1396, ,Philadelphia
10319,108867,2017096505,6,67,67301,2017,8,3,450,4,3,1,0,4,1, , ,N,1,2,0,3,0,0,2,2,N, ,40 06:46.663,75 01:22.836,504, ,459, ,0, , , ,3, , , , , , , , , ,2,1,0,0,0,0,1,0,0,0,0,0,0,0,0,0,0,0,0,0,0,0,0,1,0,0,0,0,0,0,0,0,0,0,0,0,0,40.113,-75.023, ,Philadelphia
10320,108889,2017129056,6,67,67301,2017,11,4,618,6,5,1,0,7,3, , ,N,0,0,0,3,0,1,1,1,N,N,40 03:01.032,74 59:32.270,634, ,627, ,0, , , ,0, , , , , , , , , ,1,1,0,0,0,0,0,0,0,0,0,1,1,0,0,0,0,0,0,0,0,0,0,0,0,0,0,0,0,0,0,0,0,0,0,4,0,40.0503,-74.9923, ,Philadelphia
10321,108916,2018028942,6,67,67301,2017,12,5,930,9,1,8,1,8,1, , ,N,5,2,0,3,0,1,2,2,N,N,40 00:11.393,75 09:08.837,935, ,931, ,0, ,N, ,3, , , , , , , , , ,1,1,0,0,0,0,0,0,0,0,0,1,1,0,0,0,0,0,0,0,0,1,0,0,0,0,0,0,0,0,0,0,1,0,0,4,0,40.0032,-75.1525, ,Philadelphia
10322,108917,2018020762,6,67,67301,2017,11,5,1210,12,1,1,0,7,4, , ,N,0,0,0,3,0,1,2,1,N, ,40 01:22.100,75 01:59.100,1217, ,1212, ,0, ,N, ,0, , , , , , , , , ,1,1,0,0,0,0,0,0,0,0,0,1,1,0,0,0,0,0,0,0,0,0,0,0,0,0,0,0,0,0,0,0,0,0,0,4,0,40.0228,-75.0331, ,Philadelphia
10323,108924,2017110864,6,67,67301,2017,10,4,2259,22,3,1,0,7,2, , ,N,0,0,0,3,0,1,2,2,N,N,39 58:05.290,75 07:47.242,2315, ,2311,2,2,1, , ,0,N, , , , , , , , ,2,2,0,0,0,0,0,0,0,0,0,0,1,1,1,0,0,0,0,0,0,0,0,0,0,0,0,0,0,0,0,0,0,0,0,8,0,39.9681,-75.1298, ,Philadelphia
10324,108936,2017131103,6,67,67301,2017,11,6,1735,17,3,1,0,1,1, , ,N,0,0,0,3,0,0,6,2,N,N,39 58:37.487,75 11:55.107,1751, ,1738, ,0, , , ,0, , , , , , , , , ,2,0,0,0,0,0,2,0,0,0,0,0,0,0,0,0,0,0,0,0,1,0,0,0,0,0,0,0,0,0,0,0,0,0,0,0,0,39.9771,-75.1986, ,Philadelphia
10325,112029,2017119401,6,67,67301,2017,11,7,1749,17,3,1,0,1,1, , ,N,0,0,0,3,0,2,4,2,N,N,39 57:33.923,75 10:30.816,1755, ,1751,3,2,3, , ,0,N, , , , , , , , ,2,1,0,0,0,0,1,0,0,0,0,0,2,2,0,0,0,0,0,0,0,0,0,0,0,0,0,0,0,0,0,0,0,0,0,8,0,39.9594,-75.1752, ,Philadelphia
10326,112033,2017133952,6,67,67301,2017,11,1,1437,14,1,1,0,4,1, , ,N,1,2,0,3,0,0,2,2,N,N,40 03:42.317,75 03:21.839,1530, ,1522, ,0, ,N, ,3, , , , , , , , , ,2,2,0,0,0,0,0,0,0,0,0,0,0,0,2,0,0,0,0,0,0,0,0,0,0,0,0,0,0,0,0,0,0,0,0,9,0,40.0618,-75.0561, ,Philadelphia
10327,112042,2017135618,6,67,67301,2017,11,1,2010,20,3,1,0,1,1, , ,N,0,0,0,3,0,0,5,2,N,N,39 59:24.362,75 12:20.126,2027, ,2014, ,0, , , ,0, , , , , , , , , ,2,2,0,0,0,0,0,0,0,0,0,0,0,0,0,0,0,0,0,0,0,0,0,0,0,0,0,0,0,0,0,0,0,0,0,0,0,39.9901,-75.2056, ,Philadelphia
10328,112046,2017127884,6,67,67301,2017,11,5,700,7,5,1,0,7,5, , ,N,0,0,2,3,0,0,1,1,N,N,39 59:40.879,75 04:50.533,750, ,745, ,0, ,N, ,0, , , , , , , , , ,1,0,0,0,0,1,0,0,0,0,0,0,0,0,0,0,0,0,0,0,0,0,0,0,0,0,0,0,0,0,0,0,0,0,0,0,1,39.9945,-75.0803, ,Philadelphia
10329,112048,2017128014,6,67,67301,2017,11,1,1850,18,3,1,0,5,1, , ,N,0,0,0,3,0,1,2,2,N,N,40 01:00.074,75 08:52.008,1858, ,1854, ,0, ,N, ,0, , , , , , , , , ,2,2,0,0,0,0,0,0,0,0,0,0,1,1,0,0,0,0,0,0,0,0,0,1,0,0,0,0,0,0,0,0,0,0,0,8,0,40.0167,-75.1478, ,Philadelphia
10330,112070,2017116052,6,67,67301,2017,10,6,9999,99,3,1,0,8,1, , ,N,1,2,0,3,0,1,2,2,N,N,40 01:43.257,75 07:03.868,2250, ,2250, ,0, ,N, ,3, , , , , , , , , ,1,0,0,0,0,0,1,0,0,0,0,0,1,1,0,0,0,0,0,0,0,0,0,0,0,0,0,0,0,0,0,0,1,0,0,8,0,40.0287,-75.1177, ,Philadelphia
10331,112072,2017125359,6,67,67301,2017,10,1,2005,20,3,1,0,1,1, , ,N,0,8,3,3,0,1,2,2,N,N,39 59:12.136,75 12:28.351,2015, ,2006,2,1,4, , ,3,N, , , , , , , , ,2,1,0,0,0,0,1,0,0,0,0,1,1,0,0,0,0,0,0,0,2,0,0,0,0,0,0,0,0,0,0,0,0,0,0,4,0,39.9867,-75.2079, ,Philadelphia
10332,112077,2017105944,6,67,67301,2017,9,4,2125,21,3,1,0,7,5, , ,N,0,0,0,3,0,0,1,1,N,N,40 02:17.745,75 06:36.307,2133, ,2130,1,1,5, , ,0,N, , , , , , , , ,1,0,0,0,0,0,1,0,0,0,0,0,0,0,0,0,0,0,0,0,0,0,0,1,0,0,0,0,0,0,0,0,0,0,0,0,0,40.0383,-75.1101, ,Philadelphia
10333,112097,2017135048,6,67,67301,2017,11,4,1738,17,2,1,0,4,1, , ,N,1,2,0,3,0,1,2,2,N, ,40 02:00.092,75 02:51.666,9999, ,9999, ,0, ,N, ,3, , , , , , , , , ,2,2,0,0,0,0,0,0,0,0,0,0,1,1,0,0,0,0,0,0,0,0,0,0,0,0,0,0,0,0,0,0,0,0,0,8,0,40.0333,-75.0477, ,Philadelphia
10334,112122,2017132203,6,67,67301,2017,12,3,2118,21,3,1,0,1,1, , ,N,0,0,0,3,0,0,2,2,N,N,39 58:23.961,75 11:38.250,2127, ,2119,1,1,3, , ,0,N, , , , , , , , ,2,2,0,0,0,0,0,0,0,0,0,0,0,0,0,0,0,0,1,0,0,0,0,0,0,0,0,0,0,0,0,0,0,0,0,0,0,39.9733,-75.194, ,Philadelphia
10335,112128,2017137565,6,67,67301,2017,12,6,643,6,1,1,1,8,1, , ,N,1,2,0,3,0,1,2,2,N,N,40 02:05.337,75 05:13.670,655, ,652, ,0, ,N, ,3, , , , , , , , , ,1,1,0,0,0,0,0,0,0,0,0,0,1,1,0,0,0,0,0,0,0,0,0,1,0,0,0,0,0,0,0,0,1,0,0,8,0,40.0348,-75.0871, ,Philadelphia
10336,112134,2017137606,6,67,67301,2017,12,4,1648,16,3,1,0,8,1, , ,N,1,2,0,3,0,1,2,2,N,N,39 59:27.376,75 07:51.301,1654, ,1648, ,0, ,N, ,3, , , , , , , , , ,1,0,0,0,0,0,1,0,0,0,1,0,1,0,1,0,0,0,0,0,0,0,0,0,0,0,0,0,0,0,0,0,1,0,0,3,0,39.9908,-75.1309, ,Philadelphia
10337,112141,2017133957,6,67,67301,2017,11,6,225,2,3,1,0,1,1, , ,N,1,2,0,3,0,0,4,2,N,N,40 03:03.841,75 05:39.005,238, ,231, ,0, ,N, ,3, , , , , , , , , ,2,0,0,0,0,0,2,0,0,0,0,0,0,0,0,0,0,0,0,0,0,0,0,0,0,0,0,0,0,0,0,0,0,0,0,0,0,40.0511,-75.0942, ,Philadelphia
10338,112159,2017121076,6,67,67301,2017,11,6,1109,11,1,1,0,4,1, , ,N,0,0,7,3,0,2,3,2,N,N,39 59:46.188,75 14:13.643,1109, ,1109,2,1,2,N, ,0,N, , , , , , , , ,2,2,0,0,0,0,0,0,0,0,0,2,2,0,0,0,0,0,0,0,0,0,0,0,0,0,0,0,0,0,0,0,0,0,0,4,0,39.9962,-75.2371, ,Philadelphia
10339,112163,2017128072,6,67,67301,2017,11,6,1540,15,1,1,0,1,1, , ,N,1,2,0,3,0,0,4,2,N,N,40 02:35.626,75 10:51.146,1658, ,1656, ,0, ,N, ,3, , , , , , , , , ,2,1,0,0,0,0,1,0,0,0,0,0,0,0,0,0,0,0,0,0,0,0,0,0,0,0,0,0,0,0,0,0,0,0,0,0,0,40.0432,-75.1809, ,Philadelphia
10340,112166,2017137580,6,67,67301,2017,12,6,1930,19,3,1,0,8,1, , ,N,1,2,0,3,0,1,2,2,N,N,39 57:03.330,75 13:50.354,2340, ,2340, ,0, ,N, ,3, , , , , , , , , ,1,1,0,0,0,0,0,0,0,0,1,0,1,0,0,0,0,0,0,0,1,0,0,0,0,0,0,0,0,0,0,0,1,0,0,3,0,39.9509,-75.2307, ,Philadelphia
10341,112173,2018005416,6,67,67301,2017,11,7,214,2,3,1,0,7,4, , ,N,0,0,0,3,1,1,2,1,N,N,40 02:00.439,75 04:43.389,228, ,216,3,2,2,N,0,0,Y, , , , , , , , ,1,1,0,0,0,0,0,0,0,1,0,0,1,0,0,0,0,0,0,0,0,0,0,1,1,0,0,0,0,0,0,0,0,0,0,1,0,40.0335,-75.0787,2,Philadelphia
10342,112178,2017106301,6,67,67301,2017,10,5,615,6,3,2,1,7,2, , ,N,0,0,0,3,0,0,1,1,N,N,39 56:25.126,75 08:36.944,618, ,617, ,0, , , ,0, , , , , , , , , ,1,1,0,0,0,0,0,0,0,0,0,0,0,0,0,0,0,0,0,0,0,0,0,0,0,0,0,0,0,0,0,0,0,0,0,0,0,39.9403,-75.1436, ,Philadelphia
10343,115788,2017102630,6,67,67301,2017,10,3,805,8,1,1,0,1,1, , ,N,0,0,0,3,0,1,3,2,N,N,39 59:09.720,75 12:29.552,824, ,810, ,0, , , ,0, , , , , , , , , ,2,2,0,0,0,0,0,0,0,0,1,0,1,0,1,0,0,0,0,0,1,0,0,0,0,0,0,0,0,0,0,0,0,0,0,3,0,39.9855,-75.2083, ,Philadelphia
10344,115795,2017123852,6,67,67301,2017,11,6,1018,10,1,1,0,1,1, , ,N,0,0,3,3,0,3,4,2,N,N,39 54:20.500,75 07:56.500,1020, ,1018,2,2,3,N, ,0,N, , , , , , , , ,2,1,0,0,0,0,0,1,0,0,0,0,3,3,1,0,0,0,0,0,0,0,0,0,0,0,0,0,0,0,0,0,0,0,0,8,0,39.9057,-75.1324, ,Philadelphia
10345,115820,2018028935,6,67,67301,2017,12,4,2230,22,3,4,5,8,1, , ,N,1,3,0,3,0,1,2,2,N,N,39 57:47.991,75 13:34.381,2245, ,2230, ,0, ,N, ,3, , , , , , , , , ,1,0,0,0,0,0,0,1,0,0,0,1,1,0,0,0,0,0,0,0,0,0,0,0,0,0,0,0,0,0,0,0,1,0,0,4,0,39.9633,-75.2262, ,Philadelphia
10346,115870,2017127509,6,67,67301,2017,11,7,2154,21,3,1,0,5,6, , ,N,0,0,0,3,0,0,1,4,N,N,39 56:24.093,75 10:46.899,2210, ,2205, ,0, ,N, ,0, , , , , , , , , ,4,2,0,0,0,0,2,0,0,0,0,0,0,0,0,0,0,0,0,0,0,0,0,1,0,0,0,0,0,0,0,0,0,0,0,0,0,39.94,-75.1797, ,Philadelphia
10347,115880,2017128176,6,67,67301,2017,10,1,1159,11,1,1,0,5,1, , ,N,0,0,0,3,0,1,2,3,N,N,39 59:38.243,75 05:03.451,1211, ,1200,2,2,1, , ,0,N, , , , , , , , ,2,1,0,0,0,0,1,0,0,0,1,0,1,0,0,0,0,0,0,0,0,0,1,0,0,0,0,0,0,0,0,0,0,0,0,3,0,39.994,-75.0843, ,Philadelphia
10348,115884,2018020700,6,67,67301,2017,10,2,729,7,1,8,1,4,1, , ,N,0,0,7,3,0,1,4,3,N,N,40 02:26.795,75 03:28.212,734, ,730,2,1,4,N, ,0,N, , , , , , , , ,3,2,0,0,0,1,0,0,0,0,0,0,1,1,0,0,0,0,0,0,0,0,0,0,0,0,0,0,0,0,0,0,0,0,0,8,1,40.0408,-75.0578, ,Philadelphia
10349,115888,2017116225,6,67,67301,2017,10,1,1720,17,1,1,0,4,1, , ,N,1,2,0,3,0,0,6,2,N,N,40 00:36.993,75 09:33.014,1735, ,1724,3,1,3,N, ,3,Y, , , , , , , , ,2,0,0,0,1,1,0,0,0,0,0,0,0,0,1,0,0,0,0,0,1,0,0,0,0,0,0,0,0,0,0,0,0,0,0,9,0,40.0103,-75.1592, ,Philadelphia
10350,115896,2018027603,6,67,67301,2017,12,6,1620,16,4,1,0,4,1, , ,N,1,3,0,3,0,1,6,2,N,N,40 02:56.557,75 05:40.778,1637, ,1628, ,0, ,N, ,3, , , , , , , , , ,2,2,0,0,0,0,0,0,0,0,0,1,1,0,0,0,0,0,0,0,0,0,0,0,0,0,0,0,0,0,0,0,0,0,0,4,0,40.049,-75.0947, ,Philadelphia
10351,115897,2018027415,6,67,67301,2017,12,7,1824,18,2,2,1,0,1, , ,N,0,0,0,3,0,1,1,1,N,N,39 54:57.083,75 13:14.296,1838, ,1830,1,1,3,N, ,0,N, , , , , , , , ,1,1,0,0,0,0,0,0,0,0,0,1,1,0,0,0,0,0,0,0,0,0,0,0,0,0,0,0,0,0,0,0,0,0,0,4,0,39.9159,-75.2206, ,Philadelphia
10352,115912,2017097853,6,67,67301,2017,9,1,2200,22,3,1,0,6,6, , ,N,0,0,0,3,0,1,1,3,N, ,40 00:55.126,75 04:04.299,2210, ,2203, ,0, , , ,0, , , , , , , , , ,3,2,0,0,1,0,0,0,0,0,0,1,1,0,0,0,0,0,0,0,0,0,0,0,0,0,0,0,0,0,0,0,0,0,0,4,0,40.0153,-75.0679, ,Philadelphia
10353,115926,2017137533,6,67,67301,2017,12,3,815,8,1,1,0,4,1, , ,N,0,0,7,3,0,1,2,2,N,N,39 58:37.296,75 13:34.893,824, ,824,1,2,6,N, ,0,Y, , , , , , , , ,2,1,0,0,0,0,0,1,0,0,0,0,1,1,0,0,0,0,0,0,0,0,0,1,0,0,0,0,0,0,0,0,0,0,0,8,0,39.977,-75.2264, ,Philadelphia
10354,115946,2017086179,6,67,67301,2017,7,3,1720,17,1,1,0,4,1, , ,N,1,2,0,3,0,2,6,2,N,N,39 57:30.389,75 14:14.837,1728, ,1726, ,0, , , ,3, , , , , , , , , ,2,1,0,0,0,0,1,0,0,0,0,0,2,2,0,0,0,0,0,0,1,0,0,0,0,0,0,0,0,0,0,0,0,0,0,8,0,39.9584,-75.2375, ,Philadelphia
10355,115974,2017122794,6,67,67301,2017,10,7,1925,19,3,1,0,1,1, , ,N,1,2,0,3,0,0,4,3,N,N,39 56:07.522,75 13:13.270,1937, ,1937,2,2,3,N, ,3,N, , , , , , , , ,3,1,0,0,0,0,1,0,0,0,0,0,0,0,0,0,0,0,0,0,0,0,0,0,0,0,0,0,0,0,0,0,0,0,0,0,0,39.9354,-75.2204, ,Philadelphia