objectid_1,objectid,crn,district,county,municipality,crash_year,crash_month,day_of_week,time_of_day,hour_of_day,illumination,weather,road_condition,collision_type,relation_to_road,work_zone_type,work_zone_loc,work_zone_ind,intersect_type,tcd_type,location_type,urban_rural,fatal_count,injury_count,person_count,total_units,sch_bus_ind,sch_zone_ind,latitude,longitude,arrival_tm,cons_zone_spd_lim,dispatch_tm,est_hrs_closed,lane_closed,ln_close_dir,ntfy_hiwy_maint,spec_juris_cd,tcd_func_cd,tfc_detour_ind,workers_pres,wz_close_detour,wz_flagger,wz_law_offcr_ind,wz_ln_closure,wz_moving,wz_other,wz_shlder_mdn,vehicle_count,automobile_count,motorcycle_count,bus_count,small_truck_count,heavy_truck_count,suv_count,van_count,bicycle_count,maj_inj_count,mod_inj_count,min_inj_count,tot_inj_count,unk_inj_deg_count,unk_inj_per_count,driver_count_16yr,driver_count_17yr,driver_count_18yr,driver_count_19yr,driver_count_20yr,driver_count_50_64yr,driver_count_65_74yr,driver_count_75plus,unbelted_occ_count,unb_death_count,unb_maj_inj_count,belted_death_count,belted_maj_inj_count,mcycle_death_count,mcycle_maj_inj_count,bicycle_death_count,bicycle_maj_inj_count,ped_count,ped_death_count,ped_maj_inj_count,max_severity_level,comm_veh_count,dec_lat,dec_long,rdwy_surf_type_cd,county_name
10421,117589,2018005515,6,67,67301,2017,11,5,2230,22,3,2,1,5,6, , ,N,0,0,0,3,0,1,1,2,N,N,40 01:52.700,75 07:38.600,2238, ,2232, ,0, ,N, ,0, , , , , , , , , ,2,0,0,0,1,0,1,0,0,0,0,1,1,0,0,0,0,0,0,0,1,0,0,0,0,0,0,0,0,0,0,0,0,0,0,4,0,40.0313,-75.1274, ,Philadelphia
10422,117604,2017127535,6,67,67301,2017,11,3,245,2,3,1,0,4,1, , ,N,1,2,0,3,0,2,2,2,N,N,40 00:45.986,75 09:25.210,250, ,249, ,0, , , ,3, , , , , , , , , ,2,1,0,0,0,0,1,0,0,0,0,2,2,0,0,0,0,0,0,0,0,0,0,0,0,0,0,0,0,0,0,0,0,0,0,4,0,40.0128,-75.157, ,Philadelphia
10423,117613,2017130668,6,67,67301,2017,11,3,811,8,1,1,0,4,1, , ,N,2,0,0,3,0,3,4,2,N, ,40 00:10.970,75 05:42.386,813, ,811, ,0, ,N, ,0, , , , , , , , , ,2,1,0,0,0,0,1,0,0,0,0,3,3,0,0,0,0,0,0,0,1,0,0,1,0,0,0,0,0,0,0,0,0,0,0,4,0,40.003,-75.0951, ,Philadelphia
10424,117616,2017127379,6,67,67301,2017,11,4,2328,23,3,1,0,5,6, , ,N,0,0,0,3,0,0,1,3,N,N,39 58:42.427,75 14:45.897,2, ,2, ,0, ,N, ,0, , , , , , , , , ,3,2,0,0,0,0,1,0,0,0,0,0,0,0,0,0,0,0,0,0,0,0,0,1,0,0,0,0,0,0,0,0,0,0,0,0,0,39.9785,-75.2461, ,Philadelphia
10425,117620,2017138091,6,67,67301,2017,10,5,921,9,1,2,1,1,1, , ,N,6,0,2,3,0,3,5,3,N,N,39 56:57.647,75 11:03.883,943, ,935,3,1,4,N, ,0,N, , , , , , , , ,3,2,0,0,0,0,1,0,0,0,0,0,3,3,0,0,0,0,0,0,0,0,0,0,0,0,0,0,0,0,0,0,0,0,0,8,0,39.9487,-75.1855, ,Philadelphia
10426,117625,2017088852,6,67,67301,2017,8,7,2332,23,3,1,0,4,1, , ,N,1,2,0,3,0,0,3,2,N,N,40 02:17.896,75 04:31.313,2334, ,2332,1,1,4,N, ,3,N, , , , , , , , ,2,1,0,0,1,0,0,0,0,0,0,0,0,0,1,0,0,0,0,0,1,0,0,0,0,0,0,0,0,0,0,0,0,0,0,9,0,40.0383,-75.0754, ,Philadelphia
10427,117626,2017097616,6,67,67301,2017,6,5,1258,12,1,1,0,1,1, , ,N,0,0,0,3,0,1,3,3,N,N,39 57:27.043,75 09:32.921,1324, ,1313,1,1,4, , ,0,N, , , , , , , , ,3,3,0,0,0,0,0,0,0,0,0,0,1,1,0,0,0,0,0,0,0,0,0,0,0,0,0,0,0,0,0,0,0,0,0,8,0,39.9575,-75.1591, ,Philadelphia
10428,117660,2017127493,6,67,67301,2017,11,3,1903,19,6,2,1,4,1, , ,N,2,0,0,3,0,0,3,2,N,N,40 03:24.378,75 00:40.965,1919, ,1911, ,0, ,N, ,0, , , , , , , , , ,2,2,0,0,0,0,0,0,0,0,0,0,0,0,0,0,0,0,0,0,0,0,0,3,0,0,0,0,0,0,0,0,0,0,0,0,0,40.0567,-75.0113, ,Philadelphia
10429,117676,2017096513,6,67,67301,2017,8,4,1710,17,1,1,0,1,1, , ,N,9,6,0,3,0,1,4,2,N,N,40 04:30.132,75 01:06.011,1726, ,1720,1,1,3,N, ,3,N, , , , , , , , ,2,1,0,0,1,0,0,0,0,0,0,1,1,0,0,0,0,0,0,0,0,0,0,1,0,0,0,0,0,0,0,0,0,0,0,4,0,40.0749,-75.0182, ,Philadelphia
10430,117683,2017133955,6,67,67301,2017,11,2,55,0,3,1,0,7,4, , ,N,0,0,0,3,0,1,3,2,N,N,40 03:14.426,75 02:59.285,110, ,55, ,0, ,N, ,0, , , , , , , , , ,2,1,0,1,0,0,0,0,0,0,0,1,1,0,1,0,0,0,0,0,0,0,0,0,0,0,0,0,0,0,0,0,0,0,0,4,1,40.054,-75.0498, ,Philadelphia
10431,117690,2017127482,6,67,67301,2017,11,4,825,8,1,1,1,5,1, , ,N,0,0,0,3,0,1,4,2,N,N,40 02:12.736,75 03:44.135,838, ,834,2,1,1,N, ,0,N, , , , , , , , ,2,1,0,0,0,1,0,0,0,0,0,0,1,1,0,0,0,0,0,0,0,1,0,1,0,0,0,0,0,0,0,0,0,0,0,8,1,40.0369,-75.0623, ,Philadelphia
10432,117691,2017132442,6,67,67301,2017,11,1,2048,20,3,1,0,1,1, , ,N,6,0,2,3,0,0,8,4,N,N,39 56:17.116,75 11:52.547,2107, ,2052,2,1,4, , ,0,N, , , , , , , , ,4,2,0,0,0,0,2,0,0,0,0,0,0,0,0,0,0,0,0,0,0,0,0,0,0,0,0,0,0,0,0,0,0,0,0,0,0,39.9381,-75.1979, ,Philadelphia
10433,105891,2017116192,6,67,67301,2017,10,4,1500,15,1,1,0,4,1, , ,N,0,3,7,3,0,0,4,2,N,N,40 01:14.528,75 10:48.314,1510, ,1510,2,2,4,N, ,3,Y, , , , , , , , ,2,2,0,0,0,0,0,0,0,0,0,0,0,0,0,0,0,0,0,0,0,0,0,0,0,0,0,0,0,0,0,0,0,0,0,0,0,40.0207,-75.1801, ,Philadelphia
10434,105895,2017120684,6,67,67301,2017,10,6,1800,18,3,1,0,4,1, , ,N,1,3,0,3,0,0,3,2,N,N,39 58:37.750,75 08:45.848,1845, ,1840, ,0, ,N, ,3, , , , , , , , , ,2,2,0,0,0,0,0,0,0,0,0,0,0,0,0,0,0,0,0,0,0,0,0,0,0,0,0,0,0,0,0,0,0,0,0,0,0,39.9772,-75.1461, ,Philadelphia
10435,105900,2017097910,6,67,67301,2017,8,5,1600,16,1,2,1,8,1, , ,N,1,2,0,3,0,1,2,2,N, ,40 03:52.342,75 14:22.961,1610, ,1602,3,1,2, , ,3,Y, , , , , , , , ,1,0,0,0,0,0,1,0,0,0,0,0,1,1,0,0,0,0,0,0,1,0,0,0,0,0,0,0,0,0,0,0,1,0,0,8,0,40.0645,-75.2397, ,Philadelphia
10436,105903,2017096611,6,67,67301,2017,8,6,2016,20,3,1,0,4,1, , ,N,0,0,7,3,0,4,4,2,N,N,39 59:31.816,75 08:25.701,2024, ,2026, ,0, , , ,0, , , , , , , , , ,2,2,0,0,0,0,0,0,0,0,0,3,4,1,0,0,0,0,0,0,0,0,0,0,0,0,0,0,0,0,0,0,0,0,0,4,0,39.9922,-75.1405, ,Philadelphia
10437,105928,2018029894,6,67,67301,2017,12,4,1118,11,1,1,0,4,1, , ,N,1,2,0,3,0,1,2,2,N,N,39 56:20.584,75 10:34.724,1121, ,1121, ,0, ,N, ,3, , , , , , , , , ,2,1,0,0,1,0,0,0,0,0,0,1,1,0,0,0,0,0,0,0,1,0,0,0,0,0,0,0,0,0,0,0,0,0,0,4,0,39.9391,-75.1763, ,Philadelphia
10438,105930,2017111043,6,67,67301,2017,10,3,904,9,1,1,0,5,1, , ,N,0,0,0,3,0,1,2,2,N,N,40 01:40.523,75 12:26.349,911, ,908, ,0, ,N, ,0, , , , , , , , , ,2,2,0,0,0,0,0,0,0,0,0,1,1,0,0,0,0,0,0,0,1,0,0,0,0,0,0,0,0,0,0,0,0,0,0,4,0,40.0279,-75.2073, ,Philadelphia
10439,105934,2017097795,6,67,67301,2017,8,3,1750,17,1,2,1,4,1, , ,N,1,0,0,3,0,0,3,3,N,N,39 57:23.839,75 13:39.349,1754, ,1754, ,0, ,N, ,0, , , , , , , , , ,2,0,0,0,0,0,2,0,0,0,0,0,0,0,0,0,0,0,0,0,1,1,0,1,0,0,0,0,0,0,0,0,0,0,0,0,0,39.9566,-75.2276, ,Philadelphia
10440,105935,2017096554,6,67,67301,2017,9,7,1722,17,1,2,1,8,1, , ,N,5,2,2,3,0,1,2,2,N,N,39 57:27.542,75 09:44.544,1728, ,1725, ,0, , , ,3, , , , , , , , , ,1,0,0,0,0,0,1,0,0,1,0,0,1,0,0,0,0,0,0,0,1,0,0,0,0,0,0,0,0,0,0,0,1,0,1,2,0,39.9577,-75.1624, ,Philadelphia
10441,105958,2018027515,6,67,67301,2017,12,7,937,9,1,2,1,2,1, , ,N,1,2,0,3,0,1,2,2,N,N,40 02:07.013,75 01:30.652,1020, ,1013, ,0, ,N, ,3, , , , , , , , , ,2,2,0,0,0,0,0,0,0,0,0,1,1,0,0,0,0,0,0,0,2,0,0,0,0,0,0,0,0,0,0,0,0,0,0,4,0,40.0353,-75.0252, ,Philadelphia
10442,105970,2017096432,6,67,67301,2017,9,7,1150,11,1,1,0,8,1, , ,N,0,0,0,3,0,1,3,3,N,N,39 59:08.100,75 10:11.100,1200, ,1151, ,0, ,N, ,0, , , , , , , , , ,2,0,0,0,1,0,0,1,0,0,0,0,1,1,0,0,0,0,0,0,1,0,0,0,0,0,0,0,0,0,0,0,1,0,0,8,0,39.9856,-75.1698, ,Philadelphia
10443,105996,2017130630,6,67,67301,2017,11,6,1407,14,1,1,0,1,1, , ,N,2,0,0,3,0,1,2,2,N, ,39 53:06.594,75 15:00.309,1407, ,1407, ,0, ,N, ,0, , , , , , , , , ,2,2,0,0,0,0,0,0,0,0,1,0,1,0,0,0,0,0,0,0,0,0,0,0,0,0,0,0,0,0,0,0,0,0,0,3,0,39.885,-75.2502, ,Philadelphia
10444,106010,2017116024,6,67,67301,2017,9,3,735,7,1,1,0,4,1, , ,N,2,3,0,3,0,1,2,2,N, ,39 58:32.897,75 10:30.615,741, ,740, ,0, , , ,3, , , , , , , , , ,2,0,0,0,0,0,1,1,0,0,1,0,1,0,0,0,0,0,0,0,1,0,0,1,0,0,0,0,0,0,0,0,0,0,0,3,0,39.9758,-75.1752, ,Philadelphia
10445,106021,2017127337,6,67,67301,2017,11,3,200,2,3,1,1,1,6, , ,N,0,0,0,3,0,0,1,3,N,N,40 04:21.745,75 09:51.436,300, ,253, ,0, , , ,0, , , , , , , , , ,3,1,0,0,1,0,1,0,0,0,0,0,0,0,0,0,0,0,0,0,0,0,0,0,0,0,0,0,0,0,0,0,0,0,0,0,0,40.0727,-75.1643, ,Philadelphia
10446,106026,2017127359,6,67,67301,2017,11,2,2238,22,3,1,0,7,4, , ,N,0,0,0,3,0,1,1,2,N,N,39 57:41.175,75 14:49.466,27, ,9999, ,0, ,N, ,0, , , , , , , , , ,1,1,0,0,0,0,0,0,0,0,0,1,1,0,0,0,0,0,0,0,1,0,0,0,0,0,0,0,0,0,0,0,0,0,0,4,0,39.9614,-75.2471, ,Philadelphia
10447,106034,2017127388,6,67,67301,2017,11,2,1605,16,4,2,1,1,1, , ,N,1,2,0,3,0,5,6,2,N, ,39 59:42.777,75 08:22.243,1615, ,1612,1,1,1, , ,3,Y, , , , , , , , ,2,1,0,0,0,0,1,0,0,0,0,5,5,0,1,0,0,0,0,0,0,0,0,1,0,0,0,0,0,0,0,0,0,0,0,4,0,39.9952,-75.1395, ,Philadelphia
10448,106036,2017137515,6,67,67301,2017,12,3,1928,19,3,2,1,8,1, , ,N,1,2,0,3,0,2,3,3,N,N,40 04:48.627,75 12:28.637,1934, ,1934, ,0, ,N, ,3, , , , , , , , , ,1,1,0,0,0,0,0,0,0,0,0,2,2,0,0,0,0,0,0,0,1,0,0,0,0,0,0,0,0,0,0,0,2,0,0,4,0,40.0802,-75.208, ,Philadelphia
10449,106040,2017127444,6,67,67301,2017,11,7,445,4,3,1,0,7,5, , ,N,1,2,0,3,0,1,1,1,N, ,39 54:27.155,75 11:24.115,457, ,455, ,0, , , ,3, , , , , , , , , ,1,1,0,0,0,0,0,0,0,0,1,0,1,0,0,0,0,0,0,0,0,0,0,0,0,0,0,0,0,0,0,0,0,0,0,3,0,39.9075,-75.1901, ,Philadelphia
10450,106042,2018020695,6,67,67301,2017,11,5,2350,23,3,2,1,5,1, , ,N,0,0,0,3,0,0,2,5,N,N,39 59:55.510,75 07:59.906,1, ,2355, ,0, ,N, ,0, , , , , , , , , ,5,2,0,0,0,0,3,0,0,0,0,0,0,0,0,0,0,0,0,1,0,0,0,0,0,0,0,0,0,0,0,0,0,0,0,0,0,39.9988,-75.1333, ,Philadelphia
10451,109101,2017135062,6,67,67301,2017,11,4,2114,21,3,1,0,8,1, , ,N,1,2,0,3,0,1,2,2,N,N,39 58:07.813,75 14:43.547,2131, ,2124, ,0, ,N, ,3, , , , , , , , , ,1,1,0,0,0,0,0,0,0,0,0,1,1,0,1,0,0,0,0,0,0,0,0,0,0,0,0,0,0,0,0,0,1,0,0,4,0,39.9688,-75.2454, ,Philadelphia
10452,109107,2018026734,6,67,67301,2017,12,6,1600,16,3,4,3,4,1, , ,N,1,2,0,3,0,1,3,3,N,N,40 05:49.760,75 01:05.283,1603, ,1603, ,0, ,N, ,3, , , , , , , , , ,3,0,0,0,1,0,2,0,0,0,0,1,1,0,0,0,0,0,0,0,1,0,0,3,0,0,0,0,0,0,0,0,0,0,0,4,0,40.0972,-75.0181, ,Philadelphia
10453,109110,2017109924,6,67,67301,2017,9,5,1530,15,1,1,0,8,1, , ,N,1,2,0,3,0,1,2,2,N,N,40 05:49.760,75 01:05.283,1530, ,1520, ,0, ,N, ,3, , , , , , , , , ,1,1,0,0,0,0,0,0,0,0,0,1,1,0,1,0,0,0,0,0,0,0,0,0,0,0,0,0,0,0,0,0,1,0,0,4,0,40.0972,-75.0181, ,Philadelphia
10454,109130,2017136592,6,67,67301,2017,11,3,1136,11,1,1,0,5,1, , ,N,6,0,2,3,0,0,2,2,N,N,40 00:26.077,75 12:01.290,1136, ,1136,1,1,3, , ,0,N, , , , , , , , ,2,1,0,0,1,0,0,0,0,0,0,0,0,0,0,0,0,0,1,0,0,1,0,0,0,0,0,0,0,0,0,0,0,0,0,0,0,40.0072,-75.2004, ,Philadelphia
10455,109146,2017115910,6,67,67301,2017,10,4,1600,16,1,1,0,5,6, , ,N,0,2,0,3,0,1,3,2,N,N,39 59:16.203,75 10:55.714,1633, ,1610, ,0, ,N, ,3, , , , , , , , , ,2,0,0,1,1,0,0,0,0,0,0,1,1,0,0,0,0,0,0,0,0,0,0,1,0,0,0,0,0,0,0,0,0,0,0,4,1,39.9878,-75.1822, ,Philadelphia
10456,109148,2017096509,6,67,67301,2017,8,2,1656,16,1,1,0,1,1, , ,N,2,2,0,3,0,0,4,3,N,N,40 05:41.818,74 58:41.600,1706, ,1659, ,0, ,N, ,3, , , , , , , , , ,3,3,0,0,0,0,0,0,0,0,0,0,0,0,0,0,0,0,0,0,1,0,0,0,0,0,0,0,0,0,0,0,0,0,0,0,0,40.0949,-74.9782, ,Philadelphia
10457,109182,2017093617,6,67,67301,2017,8,1,250,2,3,1,0,7,4, , ,N,0,0,0,3,0,2,2,1,N,N,40 00:45.615,75 04:41.594,255, ,252,3,2,5,N, ,0,Y, , , , , , , , ,1,1,0,0,0,0,0,0,0,0,1,1,2,0,0,0,0,0,0,0,0,0,0,0,0,0,0,0,0,0,0,0,0,0,0,3,0,40.0127,-75.0782, ,Philadelphia
10458,109196,2017133942,6,67,67301,2017,11,1,1615,16,1,1,0,4,1, , ,N,0,0,7,3,0,0,3,2,N,N,40 01:00.210,75 07:00.098,1630, ,1630, ,0, ,N, ,0, , , , , , , , , ,2,0,0,0,0,0,1,1,0,0,0,0,0,0,0,0,0,0,0,0,1,0,0,0,0,0,0,0,0,0,0,0,0,0,0,0,0,40.0167,-75.1167, ,Philadelphia
10459,109198,2017137572,6,67,67301,2017,12,3,856,8,1,1,0,7,4, , ,N,2,0,0,3,0,1,1,1,N,N,39 58:55.901,75 11:06.386,928, ,859, ,0, ,N, ,0, , , , , , , , , ,1,1,0,0,0,0,0,0,0,0,0,1,1,0,0,0,0,0,0,0,0,0,0,0,0,0,0,0,0,0,0,0,0,0,0,4,0,39.9822,-75.1852, ,Philadelphia
10460,109201,2017137557,6,67,67301,2017,12,3,1530,15,1,1,1,8,1, , ,N,1,2,0,3,0,1,2,2,N, ,39 59:27.397,75 06:05.681,1624, ,1615, ,0, ,N, ,3, , , , , , , , , ,1,0,0,0,0,0,1,0,0,0,0,1,1,0,0,0,0,0,0,0,0,0,0,1,0,0,0,0,0,0,0,0,1,0,0,4,0,39.9909,-75.1016, ,Philadelphia
10461,109204,2017133983,6,67,67301,2017,11,7,935,9,1,1,0,1,6, , ,N,0,0,0,3,0,1,1,2,N,N,39 55:27.100,75 11:35.600,945, ,940, ,0, ,N, ,0, , , , , , , , , ,2,1,0,0,0,1,0,0,0,0,0,0,1,1,0,0,0,0,0,0,0,0,0,0,0,0,0,0,0,0,0,0,0,0,0,8,1,39.9242,-75.1932, ,Philadelphia
10462,109208,2018005522,6,67,67301,2017,11,5,1000,10,1,1,0,7,4, , ,N,0,0,0,3,0,1,1,1,N,N,39 59:02.800,75 09:10.300,1028, ,1028, ,0, ,N, ,0, , , , , , , , , ,1,1,0,0,0,0,0,0,0,1,0,0,1,0,0,0,0,0,0,0,0,0,0,0,0,0,0,1,0,0,0,0,0,0,0,2,0,39.9841,-75.1529, ,Philadelphia
10463,109212,2017104016,6,67,67301,2017,9,1,904,9,1,1,0,1,1, , ,N,0,0,0,3,0,0,3,3,N,N,39 53:57.910,75 09:55.413,908, ,907,1,1,2, , ,0,N, , , , , , , , ,3,1,0,0,0,0,2,0,0,0,0,0,0,0,0,0,1,0,0,0,2,0,0,0,0,0,0,0,0,0,0,0,0,0,0,0,0,39.8994,-75.1653, ,Philadelphia
10464,109222,2017129235,6,67,67301,2017,11,4,1510,15,1,1,0,0,1, , ,N,0,8,0,3,0,0,2,2,N,N,39 53:08.259,75 14:36.728,1551, ,1514, ,0, , , ,3, , , , , , , , , ,2,0,0,0,1,1,0,0,0,0,0,0,0,0,1,0,0,0,0,0,1,0,0,0,0,0,0,0,0,0,0,0,0,0,0,9,1,39.8856,-75.2435, ,Philadelphia
10465,109236,2018006462,6,67,67301,2017,12,4,1452,14,1,1,0,1,1, , ,N,0,0,0,3,0,0,4,4,N,N,39 57:26.617,75 08:49.702,1508, ,1454, ,0, ,N, ,0, , , , , , , , , ,4,3,0,0,0,0,1,0,0,0,0,0,0,0,0,0,0,0,0,0,1,0,0,0,0,0,0,0,0,0,0,0,0,0,0,0,0,39.9574,-75.1471, ,Philadelphia
10466,109239,2018034690,6,67,67301,2017,6,2,2336,23,3,1,0,1,1, , ,N,0,0,3,3,0,2,3,2,N,N,40 00:23.980,75 11:34.355,0, ,0, ,0, ,N, ,0, , , , , , , , , ,2,2,0,0,0,0,0,0,0,0,0,0,2,2,0,0,0,0,0,0,0,0,0,0,0,0,0,0,0,0,0,0,0,0,0,8,0,40.0067,-75.1929, ,Philadelphia
10467,109243,2017096403,6,67,67301,2017,9,1,1746,17,1,1,0,4,1, , ,N,1,2,0,3,0,1,2,2,N,N,40 02:26.260,75 10:11.265,1756, ,1752, ,0, ,N, ,3, , , , , , , , , ,1,0,0,0,0,0,1,0,1,0,0,1,1,0,0,0,0,0,0,0,1,0,0,0,0,0,0,0,0,0,0,0,0,0,0,4,0,40.0406,-75.1698, ,Philadelphia
10468,109252,2017128018,6,67,67301,2017,11,5,1517,15,1,1,0,4,1, , ,N,1,2,0,3,0,1,2,2,N,N,40 02:17.185,75 03:53.161,1609, ,1604, ,0, ,N, ,3, , , , , , , , , ,2,0,1,0,0,0,1,0,0,0,1,0,1,0,0,0,0,0,0,0,1,0,0,0,0,0,0,0,0,0,0,0,0,0,0,3,0,40.0381,-75.0648, ,Philadelphia
10469,112372,2017122826,6,67,67301,2017,11,4,2010,20,3,1,0,4,1, , ,N,1,3,0,3,0,2,4,3,N,N,40 02:03.958,75 01:36.569,2057, ,2057, ,0, ,N, ,3, , , , , , , , , ,3,2,0,0,0,0,1,0,0,0,0,2,2,0,0,0,0,0,0,0,0,0,0,2,0,0,0,0,0,0,0,0,0,0,0,4,0,40.0344,-75.0268, ,Philadelphia
10470,112417,2018005460,6,67,67301,2017,12,6,1045,10,1,1,0,5,6, , ,N,0,0,0,3,0,1,3,5,N,N,39 58:08.900,75 13:56.100,1104, ,1051, ,0, ,N, ,0, , , , , , , , , ,4,3,0,0,0,0,0,1,0,0,0,0,1,1,1,0,0,0,0,0,0,0,0,1,0,0,0,0,0,0,0,0,0,0,0,8,0,39.9691,-75.2323, ,Philadelphia
10471,112428,2018005574,6,67,67301,2017,12,3,1732,17,3,2,0,4,1, , ,N,0,0,7,3,0,1,3,2,N,N,40 03:14.801,75 04:15.804,1740, ,1738, ,0, ,N, ,0, , , , , , , , , ,2,1,0,0,0,0,1,0,0,0,0,1,1,0,0,0,0,0,0,0,1,0,0,0,0,0,0,0,0,0,0,0,0,0,0,4,0,40.0541,-75.0711, ,Philadelphia
10472,112465,2017133950,6,67,67301,2017,11,3,2001,20,3,1,0,4,1, , ,N,2,2,0,3,0,1,3,2,N,N,39 59:11.490,75 12:18.431,2007, ,2002,1,1,4,N, ,3,N, , , , , , , , ,2,0,1,0,0,0,1,0,0,0,0,1,1,0,0,0,0,0,0,0,0,0,0,0,0,0,0,0,0,0,0,0,0,0,0,4,0,39.9865,-75.2051, ,Philadelphia
10473,112475,2017093589,6,67,67301,2017,8,1,1905,19,3,1,0,4,1, , ,N,1,2,0,3,0,1,2,2,N,N,39 56:04.800,75 13:38.065,1923, ,1915,1,1,2,N, ,3,N, , , , , , , , ,1,0,0,0,0,0,0,1,1,0,0,1,1,0,0,0,0,0,0,0,0,0,0,1,0,0,0,0,0,0,0,0,0,0,0,4,0,39.9346,-75.2273, ,Philadelphia
10474,112480,2017106019,6,67,67301,2017,9,5,1420,14,1,1,0,1,1, , ,N,2,0,0,3,0,1,2,2,N,N,39 57:03.276,75 09:36.442,1436, ,1436, ,0, ,N, ,0, , , , , , , , , ,2,1,0,0,0,0,1,0,0,0,0,1,1,0,0,0,0,0,0,0,1,0,0,0,0,0,0,0,0,0,0,0,0,0,0,4,0,39.9509,-75.1601, ,Philadelphia
10475,112493,2017127528,6,67,67301,2017,11,5,1729,17,1,1,0,4,1, , ,N,1,2,0,3,0,1,2,3,N,N,39 58:12.525,75 14:14.801,1732, ,1730,2,2,5,N, ,3,Y, , , , , , , , ,3,2,0,0,0,0,1,0,0,0,0,1,1,0,0,0,0,0,0,0,0,0,0,0,0,0,0,0,0,0,0,0,0,0,0,4,0,39.9701,-75.2374, ,Philadelphia
10476,112510,2017133972,6,67,67301,2017,11,7,2114,21,3,1,0,4,1, , ,N,5,2,2,3,0,1,4,2,N,N,39 57:16.308,75 08:58.375,2116, ,2115, ,0, ,N, ,3, , , , , , , , , ,1,1,0,0,0,0,0,0,1,0,0,1,1,0,0,0,0,0,0,0,1,0,0,0,0,0,0,0,0,0,0,0,0,0,0,4,0,39.9547,-75.1495, ,Philadelphia
10477,112522,2017093559,6,67,67301,2017,8,3,512,5,3,1,0,7,4, , ,N,0,0,0,3,0,0,2,1,N,N,40 01:32.494,75 12:05.372,519, ,514,1,1,1,N, ,0,N, , , , , , , , ,1,1,0,0,0,0,0,0,0,0,0,0,0,0,0,0,0,0,1,0,0,0,0,0,0,0,0,0,0,0,0,0,0,0,0,0,0,40.0257,-75.2015, ,Philadelphia
10478,112526,2017120554,6,67,67301,2017,10,2,300,3,3,2,1,1,1, , ,N,0,0,0,3,0,2,2,2,N,N,40 02:13.824,75 11:26.964,9999, ,9999, ,0, , , ,0, , , , , , , , , ,2,2,0,0,0,0,0,0,0,0,0,1,2,1,0,0,0,0,2,0,0,0,0,0,0,0,0,0,0,0,0,0,0,0,0,4,0,40.0372,-75.1908, ,Philadelphia
10479,112559,2017109964,6,67,67301,2017,10,3,745,7,1,1,0,1,1, , ,N,1,2,0,3,0,2,3,2,Y,N,39 58:48.338,75 08:40.981,1107, ,1100, ,0, ,N, ,3, , , , , , , , , ,2,1,0,0,0,0,0,1,0,0,0,2,2,0,1,0,0,0,0,0,0,0,0,0,0,0,0,0,0,0,0,0,0,0,0,4,0,39.9801,-75.1447, ,Philadelphia
10480,112584,2018005562,6,67,67301,2017,12,6,1815,18,3,1,0,1,1, , ,N,0,2,0,3,0,1,4,3,N,Y,40 04:54.442,74 58:33.274,1835, ,1820, ,0, ,N, ,3, , , , , , , , , ,3,3,0,0,0,0,0,0,0,0,0,0,1,1,0,0,0,0,0,0,0,0,1,0,0,0,0,0,0,0,0,0,0,0,0,8,0,40.0818,-74.9759, ,Philadelphia
10481,112597,2017135064,6,67,67301,2017,11,4,9999,99,1,1,1,1,1, , ,N,0,2,0,3,0,2,3,3,N,N,39 58:59.186,75 14:49.039,952, ,944,1,1,1,N, ,3,N, , , , , , , , ,3,2,0,0,0,0,1,0,0,0,1,0,2,1,0,0,0,0,0,0,0,0,0,0,0,0,0,0,0,0,0,0,0,0,0,3,0,39.9831,-75.247, ,Philadelphia
10482,112605,2017127404,6,67,67301,2017,11,6,2001,20,3,1,0,4,1, , ,N,5,2,0,3,0,1,3,2,N, ,39 59:40.590,75 09:35.349,2001, ,2001, ,0, , , ,3, , , , , , , , , ,2,0,0,0,0,1,0,1,0,0,0,0,1,1,0,0,0,0,0,0,1,0,0,1,0,0,0,0,0,0,0,0,0,0,0,8,1,39.9946,-75.1598, ,Philadelphia
10483,112621,2018027504,6,67,67301,2017,12,1,132,1,3,1,0,5,6, , ,N,0,0,0,3,0,0,1,3,N,N,40 02:55.288,75 05:38.500,141, ,132, ,0, ,N, ,0, , , , , , , , , ,3,0,0,0,0,0,3,0,0,0,0,0,0,0,0,0,0,0,0,0,1,0,0,1,0,0,0,0,0,0,0,0,0,0,0,0,0,40.0487,-75.094, ,Philadelphia
10484,112623,2018027374,6,67,67301,2017,12,7,1250,12,1,1,0,1,2, , ,N,0,0,0,3,0,0,1,3,N,N,39 58:23.685,75 13:34.219,1255, ,1254,1,1,1,N, ,0,Y, , , , , , , , ,3,3,0,0,0,0,0,0,0,0,0,0,0,0,1,0,0,0,0,0,1,0,0,0,0,0,0,0,0,0,0,0,0,0,0,9,0,39.9732,-75.2262, ,Philadelphia