objectid_1,objectid,crn,district,county,municipality,crash_year,crash_month,day_of_week,time_of_day,hour_of_day,illumination,weather,road_condition,collision_type,relation_to_road,work_zone_type,work_zone_loc,work_zone_ind,intersect_type,tcd_type,location_type,urban_rural,fatal_count,injury_count,person_count,total_units,sch_bus_ind,sch_zone_ind,latitude,longitude,arrival_tm,cons_zone_spd_lim,dispatch_tm,est_hrs_closed,lane_closed,ln_close_dir,ntfy_hiwy_maint,spec_juris_cd,tcd_func_cd,tfc_detour_ind,workers_pres,wz_close_detour,wz_flagger,wz_law_offcr_ind,wz_ln_closure,wz_moving,wz_other,wz_shlder_mdn,vehicle_count,automobile_count,motorcycle_count,bus_count,small_truck_count,heavy_truck_count,suv_count,van_count,bicycle_count,maj_inj_count,mod_inj_count,min_inj_count,tot_inj_count,unk_inj_deg_count,unk_inj_per_count,driver_count_16yr,driver_count_17yr,driver_count_18yr,driver_count_19yr,driver_count_20yr,driver_count_50_64yr,driver_count_65_74yr,driver_count_75plus,unbelted_occ_count,unb_death_count,unb_maj_inj_count,belted_death_count,belted_maj_inj_count,mcycle_death_count,mcycle_maj_inj_count,bicycle_death_count,bicycle_maj_inj_count,ped_count,ped_death_count,ped_maj_inj_count,max_severity_level,comm_veh_count,dec_lat,dec_long,rdwy_surf_type_cd,county_name
10485,112627,2017096217,6,67,67301,2017,9,7,1223,12,1,1,0,1,1, , ,N,0,0,0,3,0,3,6,3,N,N,39 57:28.663,75 09:47.822,1234, ,1234, ,0, , , ,0, , , , , , , , , ,3,2,0,0,0,0,1,0,0,0,1,2,3,0,1,0,0,0,0,0,0,0,0,0,0,0,0,0,0,0,0,0,0,0,0,3,0,39.958,-75.1633, ,Philadelphia
10486,112649,2017111046,6,67,67301,2017,10,4,904,9,1,1,0,7,4, , ,N,0,0,0,3,0,0,1,1,N,N,40 05:29.745,75 00:41.018,913, ,905, ,0, ,N, ,0, , , , , , , , , ,1,0,0,0,0,0,0,1,0,0,0,0,0,0,0,0,0,0,0,0,0,0,0,0,0,0,0,0,0,0,0,0,0,0,0,0,0,40.0916,-75.0114, ,Philadelphia
10487,116475,2017120497,6,67,67301,2017,10,4,1840,18,3,1,0,8,1, , ,N,1,2,0,3,0,1,2,2,N, ,39 57:14.542,75 10:35.981,1852, ,1850, ,0, , , ,3, , , , , , , , , ,1,1,0,0,0,0,0,0,0,0,1,0,1,0,0,0,0,0,0,0,0,0,0,0,0,0,0,0,0,0,0,0,1,0,0,3,0,39.954,-75.1767, ,Philadelphia
10488,116504,2017130713,6,67,67301,2017,11,7,2220,22,3,2,1,2,1, , ,N,0,0,0,3,0,1,2,2,N,N,40 07:54.072,75 00:47.165,2241, ,2233,1,1,1,N, ,0,N, , , , , , , , ,2,1,0,0,0,0,1,0,0,0,0,0,1,1,0,0,0,0,0,1,0,0,0,1,0,0,0,0,0,0,0,0,0,0,0,8,0,40.1317,-75.0131, ,Philadelphia
10489,116521,2017105867,6,67,67301,2017,9,3,1705,17,1,1,0,5,6, , ,N,0,0,0,3,0,1,1,2,N,N,40 00:37.609,75 09:56.605,1715, ,1710,2,1,4, , ,0,N, , , , , , , , ,2,0,0,0,0,1,1,0,0,0,0,0,1,1,0,0,0,0,0,0,0,0,0,0,0,0,0,0,0,0,0,0,0,0,0,8,1,40.0104,-75.1657, ,Philadelphia
10490,116531,2017096542,6,67,67301,2017,8,1,2,0,3,1,0,6,1, , ,N,2,0,0,3,0,0,2,2,N, ,40 01:55.618,75 06:21.256,48, ,43,2,1,3, , ,0,N, , , , , , , , ,2,2,0,0,0,0,0,0,0,0,0,0,0,0,0,0,0,0,0,0,2,0,0,0,0,0,0,0,0,0,0,0,0,0,0,0,0,40.0319,-75.1057, ,Philadelphia
10491,116544,2017129417,6,46,46102,2017,12,6,1424,14,1,1,0,1,1, , ,N,0,0,0,3,0,0,2,2,N,N,40 04:03.988,75 05:40.829,1431, ,1427,1,2,3,N, ,0,Y, , , , , , , , ,2,1,0,0,1,0,0,0,0,0,0,0,0,0,0,0,0,0,0,0,1,0,0,0,0,0,0,0,0,0,0,0,0,0,0,0,0,40.0678,-75.0947, ,Montgomery
10492,116564,2018005501,6,67,67301,2017,12,7,1556,15,1,1,0,4,1, , ,N,1,3,0,3,0,1,2,2,N, ,39 58:06.160,75 13:22.202,1557, ,1557,1,1,5,N, ,3,Y, , , , , , , , ,2,2,0,0,0,0,0,0,0,0,0,0,1,1,0,0,0,0,0,0,0,0,0,0,0,0,0,0,0,0,0,0,0,0,0,8,0,39.9684,-75.2228, ,Philadelphia
10493,116570,2017098016,6,67,67301,2017,9,6,1725,17,1,1,0,4,1, , ,N,1,3,0,3,0,2,2,2,N,N,40 03:10.886,75 11:19.982,1738, ,1736, ,0, ,N, ,3, , , , , , , , , ,2,1,0,0,0,0,1,0,0,0,0,2,2,0,0,0,0,0,0,0,1,0,0,0,0,0,0,0,0,0,0,0,0,0,0,4,0,40.053,-75.1889, ,Philadelphia
10494,116571,2017098009,6,67,67301,2017,9,1,1930,19,3,1,0,4,1, , ,N,2,3,0,3,0,1,2,2,N, ,40 05:30.614,74 58:56.762,1950, ,1944, ,0, , , ,3, , , , , , , , , ,2,1,0,0,0,0,1,0,0,0,1,0,1,0,0,1,0,0,0,0,0,0,0,1,0,0,0,0,0,0,0,0,0,0,0,3,0,40.0917,-74.9824, ,Philadelphia
10495,116572,2017097959,6,67,67301,2017,9,2,2315,23,3,1,0,8,1, , ,N,1,2,0,3,0,1,2,2,N,N,39 59:16.004,75 10:03.532,2320, ,2315, ,0, , , ,3, , , , , , , , , ,1,0,0,0,0,0,0,0,0,0,0,0,1,1,1,0,0,0,0,0,0,0,0,0,0,0,0,0,0,0,0,0,1,0,0,8,0,39.9878,-75.1676, ,Philadelphia
10496,116584,2017109796,6,67,67301,2017,9,4,1210,12,1,1,0,4,1, , ,N,1,3,0,3,0,1,3,2,N,N,39 59:41.823,75 07:33.924,1216, ,1215, ,0, ,N, ,3, , , , , , , , , ,1,1,0,0,0,0,0,0,1,0,0,0,1,1,0,0,0,0,0,0,0,0,0,0,0,0,0,0,0,0,0,0,0,0,0,8,0,39.995,-75.1261, ,Philadelphia
10497,116592,2017109851,6,67,67301,2017,8,1,1110,11,1,1,0,1,6, , ,N,0,0,0,3,0,1,1,2,N,N,39 57:15.177,75 13:21.190,1125, ,1114, ,0, ,N, ,0, , , , , , , , , ,2,2,0,0,0,0,0,0,0,0,0,1,1,0,0,0,0,0,0,0,0,0,0,0,0,0,0,0,0,0,0,0,0,0,0,4,0,39.9542,-75.2226, ,Philadelphia
10498,116613,2018029801,6,67,67301,2017,12,5,1440,14,1,1,0,4,1, , ,N,2,2,7,3,0,0,2,2,N, ,40 02:13.039,75 00:41.011,1450, ,1445, ,0, ,N, ,3, , , , , , , , , ,2,0,0,0,0,0,1,1,0,0,0,0,0,0,0,0,0,0,0,0,0,0,1,0,0,0,0,0,0,0,0,0,0,0,0,0,0,40.037,-75.0114, ,Philadelphia
10499,116625,2017127504,6,67,67301,2017,11,7,1315,13,1,1,0,5,6, , ,N,0,0,0,3,0,0,1,2,N,N,40 00:32.100,75 08:39.300,1345, ,1333, ,0, ,N, ,0, , , , , , , , , ,2,2,0,0,0,0,0,0,0,0,0,0,0,0,0,0,0,0,0,0,1,0,0,1,0,0,0,0,0,0,0,0,0,0,0,0,0,40.0089,-75.1443, ,Philadelphia
10500,116628,2017120551,6,67,67301,2017,10,1,1416,14,1,2,1,4,1, , ,N,2,0,0,3,0,3,5,2,N,N,39 59:41.834,75 11:14.339,1700, ,1644, ,0, ,N, ,0, , , , , , , , , ,2,2,0,0,0,0,0,0,0,0,0,3,3,0,0,0,0,0,0,0,0,0,0,0,0,0,0,0,0,0,0,0,0,0,0,4,0,39.9949,-75.1872, ,Philadelphia
10501,116633,2017127414,6,67,67301,2017,11,1,2103,21,3,1,0,1,1, , ,N,0,0,0,3,0,2,3,2,N,N,40 00:32.244,75 07:20.188,2114, ,2103, ,0, ,N, ,0, , , , , , , , , ,2,1,0,0,1,0,0,0,0,0,0,2,2,0,0,0,0,0,0,0,1,0,0,0,0,0,0,0,0,0,0,0,0,0,0,4,0,40.009,-75.1223, ,Philadelphia
10502,116643,2017127583,6,67,67301,2017,12,6,607,6,3,1,0,7,4, , ,N,0,0,0,3,0,1,1,1,N,N,39 56:42.942,75 11:26.002,611, ,609,2,1,4, , ,0,N, , , , , , , , ,1,0,0,0,0,1,0,0,0,0,0,0,1,1,0,0,0,0,0,0,0,0,0,0,0,0,0,0,0,0,0,0,0,0,0,8,1,39.9453,-75.1906, ,Philadelphia
10503,116646,2018026514,6,67,67301,2017,12,1,1015,10,1,1,3,4,1, , ,N,1,2,0,3,0,1,4,2,N,N,39 56:19.615,75 13:36.634,1029, ,1019, ,0, ,N, ,3, , , , , , , , , ,2,1,0,0,1,0,0,0,0,0,0,0,1,1,1,0,0,0,0,0,0,0,0,0,0,0,0,0,0,0,0,0,0,0,0,8,0,39.9388,-75.2268, ,Philadelphia
10504,116669,2017116146,6,67,67301,2017,10,4,1855,18,3,1,0,5,6, , ,N,0,0,0,3,0,1,1,3,N, ,39 59:35.440,75 07:04.555,1900, ,1855, ,0, , , ,0, , , , , , , , , ,3,2,0,0,0,0,0,1,0,0,0,1,1,0,0,0,0,0,0,0,0,0,0,0,0,0,0,0,0,0,0,0,0,0,0,4,0,39.9932,-75.1179, ,Philadelphia
10505,106057,2018005570,6,67,67301,2017,12,1,2327,23,3,1,0,4,1, , ,N,1,2,0,3,0,0,2,2,N,N,40 04:51.077,75 01:43.585,2335, ,2331, ,0, ,N, ,3, , , , , , , , , ,2,1,0,0,0,0,1,0,0,0,0,0,0,0,0,0,0,0,0,0,1,0,0,0,0,0,0,0,0,0,0,0,0,0,0,0,0,40.0809,-75.0288, ,Philadelphia
10506,106092,2017097804,6,67,67301,2017,9,1,311,3,3,1,1,5,6,8,8,Y,0,0,0,3,0,1,2,4,N, ,40 02:00.676,75 05:25.805,315,99,313,2,1,1, , ,0,N,U,U,U,U,U,U,U,U,4,2,0,0,0,0,1,1,0,0,0,1,1,0,0,0,0,0,0,0,0,0,0,0,0,0,0,0,0,0,0,0,0,0,0,4,0,40.0335,-75.0905, ,Philadelphia
10507,106111,2017092644,6,67,67301,2017,9,5,1709,17,1,1,0,1,1, , ,N,0,0,0,3,0,0,3,2,N,N,39 57:27.516,75 09:36.483,1715, ,1715,1,2,4, , ,0,Y, , , , , , , , ,2,1,0,0,0,0,1,0,0,0,0,0,0,0,0,0,0,0,0,0,1,0,0,0,0,0,0,0,0,0,0,0,0,0,0,0,0,39.9576,-75.1601, ,Philadelphia
10508,106123,2017106182,6,67,67301,2017,10,1,713,7,5,2,1,0,1, , ,N,0,0,0,3,0,1,1,1,N,N,39 58:52.377,75 12:24.621,719, ,717,1,2,3, , ,0,Y, , , , , , , , ,1,1,0,0,0,0,0,0,0,0,0,0,1,1,0,0,0,0,0,1,0,0,0,0,0,0,0,0,0,0,0,0,0,0,0,8,0,39.9807,-75.2062, ,Philadelphia
10509,106129,2017127517,6,67,67301,2017,11,7,1228,12,1,1,0,7,5, , ,N,0,0,0,3,0,1,2,1,N,N,39 56:54.583,75 08:45.749,1236, ,1233, ,0, , , ,0, , , , , , , , , ,1,1,0,0,0,0,0,0,0,1,0,0,1,0,0,0,0,0,0,0,1,0,0,0,0,0,0,1,0,0,0,0,0,0,0,2,0,39.9485,-75.146, ,Philadelphia
10510,106178,2018033710,6,67,67301,2017,6,6,1330,13,1,1,0,3,1, , ,N,0,0,0,3,0,1,4,2,N,N,39 56:26.077,75 14:02.106,0, ,0, ,0, ,N, ,0, , , , , , , , , ,2,1,0,0,0,0,1,0,0,0,1,0,1,0,0,0,0,0,0,0,1,0,0,0,0,0,0,0,0,0,0,0,0,0,0,3,0,39.9406,-75.2339, ,Philadelphia
10511,106201,2017096534,6,67,67301,2017,8,4,2030,20,2,1,0,1,6, , ,N,0,0,0,3,0,0,1,2,N,N,39 59:21.364,75 08:19.827,2108, ,2105, ,0, , , ,0, , , , , , , , , ,2,2,0,0,0,0,0,0,0,0,0,0,0,0,0,0,0,0,0,0,0,0,0,1,0,0,0,0,0,0,0,0,0,0,0,0,0,39.9893,-75.1388, ,Philadelphia
10512,106217,2017127464,6,67,67301,2017,11,6,1515,15,1,9,8,8,1, , ,N,5,2,0,3,0,1,2,2,N, ,40 03:02.804,75 08:37.852,150, ,9999, ,0, , , ,3, , , , , , , , , ,1,0,0,0,0,0,1,0,0,0,0,1,1,0,0,0,0,0,0,0,0,0,0,1,0,0,0,0,0,0,0,0,1,0,0,4,0,40.0508,-75.1438, ,Philadelphia
10513,106223,2018028861,6,67,67301,2017,12,4,1515,15,1,1,0,8,1, , ,N,0,0,0,3,0,1,2,2,N, ,40 01:07.813,75 09:28.790,1540, ,1529, ,0, ,N, ,0, , , , , , , , , ,1,1,0,0,0,0,0,0,0,0,0,1,1,0,0,0,0,0,0,0,0,0,0,0,0,0,0,0,0,0,0,0,1,0,0,4,0,40.0188,-75.158, ,Philadelphia
10514,106227,2017093639,6,67,67301,2017,8,3,1045,10,1,1,0,5,1, , ,N,0,0,0,3,0,2,3,3,N,N,40 04:27.443,75 12:51.663,1054, ,1053,3,2,6,N, ,0,Y, , , , , , , , ,3,0,0,0,0,0,2,1,0,0,0,0,2,2,0,0,0,1,0,0,1,0,0,0,0,0,0,0,0,0,0,0,0,0,0,8,0,40.0743,-75.2144, ,Philadelphia
10515,106229,2017130718,6,67,67301,2017,11,3,840,8,1,1,0,4,1, , ,N,1,2,0,3,0,0,2,2,N, ,39 57:28.799,75 13:16.548,913, ,913, ,0, , , ,3, , , , , , , , , ,2,2,0,0,0,0,0,0,0,0,0,0,0,0,0,0,0,0,0,0,0,0,0,2,0,0,0,0,0,0,0,0,0,0,0,0,0,39.958,-75.2212, ,Philadelphia
10516,106246,2017125413,6,67,67301,2017,11,1,2025,20,3,1,0,7,2, , ,N,0,0,3,3,0,0,1,1,N,N,40 00:24.307,75 11:33.968,2036, ,2031,1,1,1,N, ,0,N, , , , , , , , ,1,1,0,0,0,0,0,0,0,0,0,0,0,0,0,0,0,0,0,0,0,0,0,0,0,0,0,0,0,0,0,0,0,0,0,0,0,40.0068,-75.1928, ,Philadelphia
10517,106252,2017120407,6,67,67301,2017,11,5,818,8,1,1,1,4,1, , ,N,1,2,0,3,0,0,2,2,N,N,39 57:43.801,75 11:28.582,830, ,826,2,2,2,N, ,3,N, , , , , , , , ,2,1,0,0,0,0,1,0,0,0,0,0,0,0,0,0,0,0,0,0,0,0,0,0,0,0,0,0,0,0,0,0,0,0,0,0,0,39.9622,-75.1913, ,Philadelphia
10518,106282,2017129927,6,46,46102,2017,12,7,2308,23,3,4,5,7,4, , ,N,0,2,0,3,0,0,1,1,N,N,40 04:31.391,75 09:38.151,2308, ,2308,1,1,1,N, ,3,N, , , , , , , , ,1,1,0,0,0,0,0,0,0,0,0,0,0,0,0,0,0,0,0,0,0,0,0,0,0,0,0,0,0,0,0,0,0,0,0,0,0,40.0754,-75.1606, ,Montgomery
10519,106283,2017129096,6,67,67301,2017,11,2,958,9,1,1,0,4,1, , ,N,0,0,0,3,0,0,3,2,Y,Y,39 59:32.606,75 05:07.516,1015, ,959, ,0, , , ,0, , , , , , , , , ,2,1,0,0,0,1,0,0,0,0,0,0,0,0,0,0,0,0,0,0,2,0,0,0,0,0,0,0,0,0,0,0,0,0,0,0,1,39.9924,-75.0854, ,Philadelphia
10520,106288,2018027549,6,67,67301,2017,12,5,2145,21,3,1,0,5,6, , ,N,0,0,0,3,0,0,1,2,N,N,40 02:37.100,75 10:30.300,2230, ,2225,2,2,3,N, ,0,N, , , , , , , , ,2,1,0,0,0,0,0,1,0,0,0,0,0,0,0,0,0,0,0,0,0,0,0,0,0,0,0,0,0,0,0,0,0,0,0,0,0,40.0436,-75.1751, ,Philadelphia
10521,106289,2018027384,6,67,67301,2017,12,6,2027,20,3,1,0,1,1, , ,N,1,2,0,3,0,2,3,2,N,N,39 55:41.390,75 13:50.361,2051, ,2051, ,0, ,N, ,3, , , , , , , , , ,2,1,0,0,0,0,1,0,0,0,0,2,2,0,1,0,0,0,0,0,0,0,0,0,0,0,0,0,0,0,0,0,0,0,0,4,0,39.9282,-75.2307, ,Philadelphia
10522,106294,2017088876,6,67,67301,2017,8,6,1146,11,1,1,0,4,1, , ,N,0,0,7,3,0,1,3,2,N, ,40 02:05.157,75 10:26.268,1148, ,1146, ,0, , , ,0, , , , , , , , , ,2,0,0,0,0,0,2,0,0,0,0,1,1,0,0,0,0,0,0,0,1,0,0,0,0,0,0,0,0,0,0,0,0,0,0,4,0,40.0348,-75.174, ,Philadelphia
10523,109260,2018028940,6,67,67301,2017,12,5,1930,19,3,1,0,8,1, , ,N,1,2,0,3,0,1,2,2,N,N,40 01:25.906,75 07:03.493,1948, ,1945,2,1,3,N, ,3,Y, , , , , , , , ,1,0,0,0,0,0,0,1,0,0,0,1,1,0,0,0,0,0,0,0,0,0,0,0,0,0,0,0,0,0,0,0,1,0,0,4,0,40.0239,-75.1176, ,Philadelphia
10524,109267,2017137560,6,67,67301,2017,12,3,2100,21,3,2,1,8,1, , ,N,1,2,0,3,0,1,2,2,N,N,39 57:13.813,75 10:30.271,2120, ,2106,1,1,4,N, ,3,Y, , , , , , , , ,1,1,0,0,0,0,0,0,0,1,0,0,1,0,0,0,0,0,0,0,0,0,0,0,0,0,0,0,0,0,0,0,1,0,1,2,0,39.9538,-75.1751, ,Philadelphia
10525,109289,2017128455,6,67,67301,2017,11,3,29,0,3,1,0,7,7, , ,N,7,0,0,3,0,1,1,1,N,N,40 01:14.607,75 02:34.181,35, ,30,1,1,2, , ,0,N, , , , , , , , ,1,0,0,0,0,0,1,0,0,0,1,0,1,0,0,0,0,0,0,0,0,0,0,0,0,0,0,0,0,0,0,0,0,0,0,3,0,40.0207,-75.0428, ,Philadelphia
10526,109294,2018033422,6,67,67301,2017,7,6,433,4,3,1,0,1,1, , ,N,0,0,0,3,0,0,3,2,N,N,40 00:14.946,75 04:35.877,452, ,433,1,1,1,N, ,0,Y, , , , , , , , ,2,1,0,0,0,0,0,0,0,0,0,0,0,0,1,0,0,0,0,0,0,0,0,1,0,0,0,0,0,0,0,0,0,0,0,9,0,40.0042,-75.0766, ,Philadelphia
10527,109296,2018027519,6,67,67301,2017,12,7,1943,19,3,2,1,4,1, , ,N,2,3,0,3,0,3,5,3,N,N,40 02:19.179,75 02:39.344,1945, ,1944,2,1,2,N, ,3,Y, , , , , , , , ,3,2,0,0,0,0,1,0,0,0,0,3,3,0,0,0,0,1,0,0,0,0,0,0,0,0,0,0,0,0,0,0,0,0,0,4,0,40.0387,-75.0443, ,Philadelphia
10528,109306,2017136659,6,67,67301,2017,12,1,2015,20,3,2,1,7,5, , ,N,3,2,0,3,0,0,1,1,N,N,39 57:26.198,75 11:28.249,2022, ,2020, ,0, ,N, ,3, , , , , , , , , ,1,1,0,0,0,0,0,0,0,0,0,0,0,0,0,0,0,0,0,0,1,0,0,1,0,0,0,0,0,0,0,0,0,0,0,0,0,39.9573,-75.1912, ,Philadelphia
10529,109323,2017093575,6,67,67301,2017,8,4,1923,19,1,1,0,4,1, , ,N,1,2,0,3,0,1,3,2,N,N,40 03:22.903,75 04:30.486,1928, ,1924, ,0, , , ,3, , , , , , , , , ,2,1,0,0,0,0,1,0,0,0,0,1,1,0,0,0,0,0,0,0,0,0,0,0,0,0,0,0,0,0,0,0,0,0,0,4,0,40.0564,-75.0751, ,Philadelphia
10530,109325,2017101870,6,67,67301,2017,9,2,1230,12,1,1,0,4,1, , ,N,0,0,7,3,0,2,2,2,N, ,40 06:54.100,75 01:35.200,1252, ,1244,1,2,6, , ,0,Y, , , , , , , , ,2,2,0,0,0,0,0,0,0,0,0,2,2,0,0,0,0,0,0,0,0,0,1,0,0,0,0,0,0,0,0,0,0,0,0,4,0,40.115,-75.0264, ,Philadelphia
10531,109345,2017120710,6,67,67301,2017,10,4,725,7,1,1,0,4,1, , ,N,1,0,0,3,0,0,2,2,N,N,40 04:48.627,75 12:28.637,800, ,745,3,1,3,N, ,0,N, , , , , , , , ,2,1,0,0,0,0,1,0,0,0,0,0,0,0,0,1,0,0,0,0,1,0,0,0,0,0,0,0,0,0,0,0,0,0,0,0,0,40.0802,-75.208, ,Philadelphia
10532,109352,2017096501,6,67,67301,2017,8,3,2055,20,3,2,1,4,1, , ,N,1,3,0,3,0,1,2,2,N,N,40 01:16.160,75 09:07.032,2123, ,2102,1,2,4,N, ,3,N, , , , , , , , ,1,0,0,0,0,0,1,0,1,0,0,1,1,0,0,0,0,0,0,0,0,0,0,0,0,0,0,0,0,0,0,0,0,0,0,4,0,40.0212,-75.152, ,Philadelphia
10533,109353,2017101735,6,46,46104,2017,9,3,1738,17,1,1,0,1,1, , ,N,0,0,0,3,0,2,5,2,N,N,40 00:25.265,75 12:50.300,1740, ,1738,1,2,2, , ,0,Y, , , , , , , , ,2,2,0,0,0,0,0,0,0,0,0,2,2,0,0,0,0,0,0,0,0,0,0,0,0,0,0,0,0,0,0,0,0,0,0,4,0,40.007,-75.214, ,Montgomery
10534,109366,2017127538,6,67,67301,2017,11,4,1403,14,1,1,0,8,1, , ,N,1,2,0,3,0,1,2,2,N, ,39 59:05.418,75 06:48.150,1542, ,1536, ,0, ,N, ,3, , , , , , , , , ,1,0,0,0,0,0,0,1,0,0,0,1,1,0,0,0,0,0,0,0,0,0,0,0,0,0,0,0,0,0,0,0,1,0,0,4,0,39.9848,-75.1134, ,Philadelphia
10535,109395,2017130687,6,67,67301,2017,11,4,848,8,1,1,0,8,1, , ,N,1,2,0,3,0,1,2,2,N,N,39 57:42.279,75 14:19.648,920, ,901, ,0, ,N, ,3, , , , , , , , , ,1,1,0,0,0,0,0,0,0,0,0,1,1,0,0,0,0,0,0,0,0,0,0,0,0,0,0,0,0,0,0,0,1,0,0,4,0,39.9616,-75.2388, ,Philadelphia
10536,109396,2017135023,6,67,67301,2017,11,6,2110,21,3,1,0,7,4, , ,N,2,3,3,3,0,1,1,1,N, ,40 01:02.847,75 10:19.893,2118, ,2115,2,2,1,N, ,3,Y, , , , , , , , ,1,1,0,0,0,0,0,0,0,1,0,0,1,0,0,0,0,0,0,0,0,0,0,0,0,0,0,0,0,0,0,0,0,0,0,2,0,40.0176,-75.1723, ,Philadelphia
10537,109408,2018027463,6,67,67301,2017,12,2,1630,16,1,1,0,8,1, , ,N,0,0,0,3,0,1,2,2,N, ,39 57:14.209,75 11:19.208,2000, ,1630, ,0, ,N, ,0, , , , , , , , , ,1,1,0,0,0,0,0,0,0,0,0,1,1,0,0,0,0,0,0,0,0,0,0,0,0,0,0,0,0,0,0,0,1,0,0,4,0,39.9539,-75.1887, ,Philadelphia
10538,109421,2017130629,6,67,67301,2017,11,5,1225,12,1,1,0,6,6, , ,N,0,0,0,3,0,1,1,3,N,N,39 55:12.000,75 12:45.800,1235, ,1225, ,0, ,N, ,0, , , , , , , , , ,3,1,0,0,0,0,2,0,0,0,1,0,1,0,0,0,0,0,0,0,0,0,0,0,0,0,0,0,0,0,0,0,0,0,0,3,0,39.92,-75.2127, ,Philadelphia
10539,109436,2017130584,6,67,67301,2017,11,6,1000,10,1,1,0,2,1, , ,N,0,0,0,3,0,1,3,4,N, ,40 01:30.200,75 07:01.500,1018, ,1015, ,0, ,N, ,0, , , , , , , , , ,4,3,0,0,0,0,1,0,0,0,0,0,1,1,0,0,0,0,0,0,0,0,0,2,0,0,0,0,0,0,0,0,0,0,0,8,0,40.0251,-75.1171, ,Philadelphia
10540,109449,2017093489,6,67,67301,2017,8,4,1900,19,1,1,0,4,1, , ,N,1,2,0,3,0,2,5,5,N,N,39 57:35.847,75 14:13.646,1915, ,1915, ,0, ,N, ,3, , , , , , , , , ,5,5,0,0,0,0,0,0,0,0,0,2,2,0,0,0,0,0,0,0,0,0,0,0,0,0,0,0,0,0,0,0,0,0,0,4,0,39.96,-75.2371, ,Philadelphia
10541,112668,2017128024,6,67,67301,2017,11,7,1923,19,3,1,0,8,1, , ,N,1,2,0,3,0,1,2,2,N, ,39 56:22.826,75 13:22.598,1925, ,1923, ,0, , , ,3, , , , , , , , , ,1,0,0,0,1,0,0,0,0,0,0,0,1,1,0,0,0,0,0,0,0,0,0,1,0,0,0,0,0,0,0,0,1,0,0,8,0,39.9397,-75.2229, ,Philadelphia
10542,112683,2017132620,6,67,67301,2017,12,5,2230,22,3,1,1,5,1, , ,N,0,0,0,3,0,1,2,2,N,N,39 57:15.928,75 11:32.898,235, ,233, ,0, ,N, ,0, , , , , , , , , ,1,0,0,0,0,0,1,0,1,1,0,0,1,0,1,0,0,0,0,0,0,0,0,0,0,0,0,0,0,0,0,1,0,0,0,2,0,39.9544,-75.1925, ,Philadelphia
10543,112690,2017133999,6,67,67301,2017,11,4,1600,16,3,1,0,1,1, , ,N,1,2,0,3,0,1,3,3,N, ,40 01:17.446,75 08:23.337,1800, ,1650, ,0, ,N, ,3, , , , , , , , , ,3,1,0,0,0,0,1,1,0,0,0,1,1,0,0,0,0,0,0,0,1,0,0,2,0,0,0,0,0,0,0,0,0,0,0,4,0,40.0215,-75.1398, ,Philadelphia
10544,112691,2017128039,6,67,67301,2017,11,1,111,1,3,2,1,4,1, , ,N,0,0,0,3,0,0,2,2,N,N,40 00:40.474,75 09:50.375,145, ,111, ,0, ,N, ,0, , , , , , , , , ,2,2,0,0,0,0,0,0,0,0,0,0,0,0,0,0,0,0,0,0,1,0,0,0,0,0,0,0,0,0,0,0,0,0,0,0,0,40.0112,-75.164, ,Philadelphia
10545,112697,2018030343,6,67,67301,2017,12,5,1030,10,1,1,0,4,1, , ,N,1,2,0,3,0,0,3,2,N,N,40 02:09.919,75 11:38.322,9999, ,0, ,0, ,N, ,3, , , , , , , , , ,2,2,0,0,0,0,0,0,0,0,0,0,0,0,0,0,0,0,0,0,0,1,0,0,0,0,0,0,0,0,0,0,0,0,0,0,0,40.0361,-75.194, ,Philadelphia
10546,112699,2018029254,6,67,67301,2017,12,7,1551,15,1,4,1,4,1, , ,N,1,2,0,3,0,2,3,3,N,N,40 01:01.180,75 11:17.957,1630, ,1623, ,0, ,N, ,3, , , , , , , , , ,3,3,0,0,0,0,0,0,0,0,0,1,2,1,0,0,0,0,0,0,1,0,0,0,0,0,0,0,0,0,0,0,0,0,0,4,0,40.017,-75.1883, ,Philadelphia
10547,112717,2018028856,6,67,67301,2017,12,2,628,6,5,1,1,5,6, , ,N,0,0,0,3,0,1,2,2,N, ,40 02:19.847,75 11:07.218,700, ,655, ,0, ,N, ,0, , , , , , , , , ,2,2,0,0,0,0,0,0,0,0,0,0,1,1,0,0,0,0,0,0,0,0,0,0,0,0,0,0,0,0,0,0,0,0,0,8,0,40.0388,-75.1853, ,Philadelphia
10548,112719,2018020716,6,67,67301,2017,11,4,1843,18,3,1,0,4,1, , ,N,1,2,0,3,0,2,2,4,N,N,40 05:57.051,74 59:43.619,1849, ,1843,3,1,1,N, ,3,Y, , , , , , , , ,4,2,0,0,0,0,2,0,0,0,0,0,2,2,0,0,0,0,0,0,1,1,0,0,0,0,0,0,0,0,0,0,0,0,0,8,0,40.0992,-74.9954, ,Philadelphia
10549,112730,2017098934,6,67,67301,2017,8,3,808,8,1,1,0,1,1,1,4,Y,0,0,3,3,0,1,6,3,N,N,39 58:44.474,75 06:32.408,830,45,810,1,2,1, , ,0,N,Y,N,N,N,Y,N,N,Y,3,1,0,0,0,0,2,0,0,0,0,0,1,1,0,0,0,0,0,0,1,0,0,0,0,0,0,0,0,0,0,0,0,0,0,8,0,39.979,-75.109, ,Philadelphia