objectid_1,objectid,crn,district,county,municipality,crash_year,crash_month,day_of_week,time_of_day,hour_of_day,illumination,weather,road_condition,collision_type,relation_to_road,work_zone_type,work_zone_loc,work_zone_ind,intersect_type,tcd_type,location_type,urban_rural,fatal_count,injury_count,person_count,total_units,sch_bus_ind,sch_zone_ind,latitude,longitude,arrival_tm,cons_zone_spd_lim,dispatch_tm,est_hrs_closed,lane_closed,ln_close_dir,ntfy_hiwy_maint,spec_juris_cd,tcd_func_cd,tfc_detour_ind,workers_pres,wz_close_detour,wz_flagger,wz_law_offcr_ind,wz_ln_closure,wz_moving,wz_other,wz_shlder_mdn,vehicle_count,automobile_count,motorcycle_count,bus_count,small_truck_count,heavy_truck_count,suv_count,van_count,bicycle_count,maj_inj_count,mod_inj_count,min_inj_count,tot_inj_count,unk_inj_deg_count,unk_inj_per_count,driver_count_16yr,driver_count_17yr,driver_count_18yr,driver_count_19yr,driver_count_20yr,driver_count_50_64yr,driver_count_65_74yr,driver_count_75plus,unbelted_occ_count,unb_death_count,unb_maj_inj_count,belted_death_count,belted_maj_inj_count,mcycle_death_count,mcycle_maj_inj_count,bicycle_death_count,bicycle_maj_inj_count,ped_count,ped_death_count,ped_maj_inj_count,max_severity_level,comm_veh_count,dec_lat,dec_long,rdwy_surf_type_cd,county_name
10678,109854,2017120577,6,67,67301,2017,10,3,2043,20,3,1,0,4,1, , ,N,1,2,0,3,0,0,2,2,N,N,39 57:40.391,75 10:30.537,2045, ,2043, ,0, , , ,3, , , , , , , , , ,2,1,0,0,0,0,1,0,0,0,0,0,0,0,0,0,0,0,0,0,0,0,0,0,0,0,0,0,0,0,0,0,0,0,0,0,0,39.9613,-75.175, ,Philadelphia
10679,109856,2017120654,6,67,67301,2017,10,7,205,2,3,1,0,1,1, , ,N,1,2,0,3,0,0,3,2,N,N,39 57:37.020,75 13:36.682,209, ,206,1,2,4,N, ,3,Y, , , , , , , , ,2,1,0,0,1,0,0,0,0,0,0,0,0,0,0,0,0,0,0,0,0,0,0,0,0,0,0,0,0,0,0,0,0,0,0,0,0,39.9602,-75.2269, ,Philadelphia
10680,109860,2018028943,6,67,67301,2017,12,7,1135,11,1,1,4,8,1, , ,N,1,2,0,3,0,1,2,2,N, ,39 58:13.346,75 08:53.302,1147, ,1141, ,0, ,N, ,3, , , , , , , , , ,1,1,0,0,0,0,0,0,0,0,0,1,1,0,0,0,0,0,0,0,0,0,0,0,0,0,0,0,0,0,0,0,1,0,0,4,0,39.9704,-75.1482, ,Philadelphia
10681,109871,2018027552,6,67,67301,2017,12,3,1700,17,1,1,0,4,1, , ,N,3,0,0,3,0,1,3,2,N,N,40 00:14.608,75 10:49.249,1710, ,1710, ,0, ,N, ,0, , , , , , , , , ,2,1,0,0,0,0,1,0,0,0,0,0,1,1,0,0,0,0,0,0,0,1,0,0,0,0,0,0,0,0,0,0,0,0,0,8,0,40.0041,-75.1804, ,Philadelphia
10682,109877,2017120668,6,67,67301,2017,10,2,724,7,1,1,0,4,1, , ,N,2,0,0,3,0,1,2,2,N, ,39 58:28.325,75 15:36.545,9999, ,742, ,0, , , ,0, , , , , , , , , ,1,0,0,0,0,0,0,1,1,0,0,0,1,1,1,0,0,0,0,0,0,0,0,0,0,0,0,0,0,0,0,0,0,0,0,8,0,39.9745,-75.2602, ,Philadelphia
10683,109887,2017133941,6,67,67301,2017,11,2,2120,21,3,1,0,5,1, , ,N,1,2,0,3,0,1,5,2,N,N,39 58:54.836,75 10:14.109,2130, ,2130, ,0, ,N, ,3, , , , , , , , , ,2,1,0,0,0,0,0,1,0,0,0,0,1,1,0,0,0,0,0,0,0,0,0,1,0,0,0,0,0,0,0,0,0,0,0,8,0,39.9819,-75.1706, ,Philadelphia
10684,109897,2017131037,6,67,67301,2017,10,6,1641,16,1,1,0,1,1, , ,N,0,0,0,3,0,0,2,2,N,N,39 58:02.103,75 07:57.834,1653, ,1644,1,1,1, , ,0,N, , , , , , , , ,2,1,0,0,0,0,1,0,0,0,0,0,0,0,0,0,0,0,0,0,1,0,0,0,0,0,0,0,0,0,0,0,0,0,0,0,0,39.9673,-75.1327, ,Philadelphia
10685,113015,2018026805,6,67,67301,2017,12,5,1045,10,1,1,0,1,1, , ,N,0,0,0,3,0,1,4,4,N,N,40 00:32.606,75 11:20.251,1055, ,1050,1,2,1,N, ,0,N, , , , , , , , ,4,2,0,1,0,0,1,0,0,0,1,0,1,0,0,0,0,0,0,0,0,0,0,2,0,0,0,0,0,0,0,0,0,0,0,3,1,40.0091,-75.189, ,Philadelphia
10686,113022,2017110886,6,67,67301,2017,10,4,652,6,1,1,0,5,1, , ,N,0,0,0,3,0,0,2,2,N,N,39 53:08.279,75 12:31.796,717, ,652,1,2,1, , ,0,N, , , , , , , , ,2,1,0,0,0,1,0,0,0,0,0,0,0,0,0,0,0,0,0,0,0,0,0,0,0,0,0,0,0,0,0,0,0,0,0,0,1,39.8856,-75.2087, ,Philadelphia
10687,113051,2017135226,6,67,67301,2017,12,4,2230,22,3,4,3,1,1, , ,N,0,0,0,3,0,0,3,3,N,N,40 01:44.936,75 01:22.144,2300, ,2235, ,0, ,N, ,0, , , , , , , , , ,3,3,0,0,0,0,0,0,0,0,0,0,0,0,0,0,0,0,1,0,0,0,0,0,0,0,0,0,0,0,0,0,0,0,0,0,0,40.0291,-75.0228, ,Philadelphia
10688,113063,2018026500,6,67,67301,2017,12,4,2320,23,3,1,0,8,1, , ,N,3,0,0,3,0,1,2,2,N,N,39 58:12.928,75 12:49.850,2337, ,2329, ,0, ,N, ,0, , , , , , , , , ,1,0,0,0,0,0,0,0,0,0,0,1,1,0,0,0,0,0,0,0,0,0,0,0,0,0,0,0,0,0,0,0,1,0,0,4,0,39.9703,-75.2139, ,Philadelphia
10689,113064,2017130684,6,67,67301,2017,11,3,1641,16,3,1,0,4,1, , ,N,1,2,0,3,0,1,2,2,N,N,39 56:49.740,75 09:21.892,9999, ,1650, ,0, ,N, ,3, , , , , , , , , ,2,1,0,1,0,0,0,0,0,0,0,1,1,0,0,0,0,0,0,0,1,0,1,0,0,0,0,0,0,0,0,0,0,0,0,4,1,39.9472,-75.1561, ,Philadelphia
10690,113071,2017130626,6,67,67301,2017,11,7,1813,18,3,2,1,6,1, , ,N,1,2,0,3,0,1,3,3,N, ,39 55:06.839,75 13:32.964,1815, ,1813, ,0, ,N, ,3, , , , , , , , , ,3,2,0,0,0,0,1,0,0,0,0,0,1,1,2,0,0,0,0,0,2,0,0,0,0,0,0,0,0,0,0,0,0,0,0,8,0,39.9185,-75.2259, ,Philadelphia
10691,113082,2018026506,6,67,67301,2017,12,7,1810,18,3,4,4,1,1, , ,N,0,0,0,3,0,4,7,3,N,N,40 03:14.091,75 08:29.362,1818, ,1815, ,0, ,N, ,0, , , , , , , , , ,3,2,0,0,0,0,1,0,0,0,0,4,4,0,0,0,0,0,0,0,0,0,1,3,0,0,0,0,0,0,0,0,0,0,0,4,0,40.0539,-75.1415, ,Philadelphia
10692,113086,2017097861,6,67,67301,2017,9,6,1610,16,1,1,0,1,1, , ,N,1,2,0,3,0,1,5,2,N,N,39 57:10.730,75 10:06.316,1625, ,1616, ,0, ,N, ,3, , , , , , , , , ,2,1,0,0,0,0,1,0,0,0,0,1,1,0,0,0,0,0,0,0,1,0,0,0,0,0,0,0,0,0,0,0,0,0,0,4,0,39.953,-75.1685, ,Philadelphia
10693,113088,2017086342,6,67,67301,2017,7,1,220,2,3,1,0,5,6, , ,N,0,0,0,3,0,1,2,3,N, ,40 02:26.607,75 02:41.223,235, ,229, ,0, , , ,0, , , , , , , , , ,2,0,0,0,1,0,0,1,0,0,0,1,1,0,0,0,0,1,0,0,0,0,0,0,0,0,0,0,0,0,0,0,1,0,0,4,0,40.0407,-75.0448, ,Philadelphia
10694,113101,2017127992,6,67,67301,2017,10,1,1750,17,3,2,1,4,1, , ,N,0,0,0,3,0,0,5,2,N,N,40 00:28.525,75 08:26.832,1754, ,1754,2,1,6, , ,0,N, , , , , , , , ,2,1,0,0,0,0,1,0,0,0,0,0,0,0,0,0,0,0,0,0,0,0,0,0,0,0,0,0,0,0,0,0,0,0,0,0,0,40.0079,-75.1408, ,Philadelphia
10695,113120,2018027540,6,67,67301,2017,12,5,2153,21,3,1,0,4,1, , ,N,1,2,0,3,0,1,3,2,N,N,39 59:25.575,75 07:37.375,2203, ,2157, ,0, ,N, ,3, , , , , , , , , ,2,2,0,0,0,0,0,0,0,0,0,0,1,1,0,0,0,0,0,0,0,0,0,1,0,0,0,0,0,0,0,0,0,0,0,8,0,39.9903,-75.127, ,Philadelphia
10696,113127,2017127452,6,67,67301,2017,11,7,7,0,3,1,0,6,1, , ,N,0,0,0,3,0,1,4,3,N,N,40 02:07.447,75 11:19.386,51, ,47,2,2,4,N, ,0,Y, , , , , , , , ,3,2,0,0,0,0,1,0,0,0,0,0,1,1,0,0,0,0,0,0,0,0,0,0,0,0,0,0,0,0,0,0,0,0,0,8,0,40.0354,-75.1887, ,Philadelphia
10697,113132,2017127544,6,67,67301,2017,11,2,540,5,5,6,1,8,1, , ,N,1,2,0,3,0,1,2,2,N, ,40 01:40.344,75 03:36.560,547, ,542,1,1,2, , ,3,Y, , , , , , , , ,1,1,0,0,0,0,0,0,0,0,0,0,1,1,0,0,0,0,0,0,0,0,0,1,0,0,0,0,0,0,0,0,1,0,0,8,0,40.0278,-75.0601, ,Philadelphia
10698,113140,2018027432,6,67,67301,2017,12,7,2240,22,3,1,1,4,1, , ,N,1,2,0,3,0,1,2,2,N,N,40 00:38.955,75 07:35.936,2248, ,2248, ,0, ,N, ,3, , , , , , , , , ,2,2,0,0,0,0,0,0,0,0,0,1,1,0,0,0,0,0,0,0,0,0,0,0,0,0,0,0,0,0,0,0,0,0,0,4,0,40.0108,-75.1266, ,Philadelphia
10699,113141,2018033321,6,67,67301,2017,3,5,1900,19,1,1,0,5,1, , ,N,0,0,0,3,0,1,2,2,N,N,39 58:51.845,75 07:03.591,0, ,0, ,0, ,N, ,0, , , , , , , , , ,2,1,0,0,0,0,1,0,0,0,0,0,1,1,0,0,0,0,0,0,0,0,0,0,0,0,0,0,0,0,0,0,0,0,0,8,0,39.9811,-75.1177, ,Philadelphia
10700,113145,2018031027,6,67,67301,2017,12,2,624,6,1,1,0,4,1, , ,N,0,0,7,3,0,1,2,2,N,N,40 02:09.304,75 13:03.691,630, ,626, ,0, ,N, ,0, , , , , , , , , ,1,0,0,0,1,0,0,0,1,0,0,0,1,1,0,0,0,0,0,0,0,0,0,0,0,0,0,0,0,0,0,0,0,0,0,8,0,40.0359,-75.2177, ,Philadelphia
10701,113162,2017127548,6,67,67301,2017,11,2,1815,18,3,8,1,1,1, , ,N,0,0,3,3,0,1,3,2,N,N,39 57:48.755,75 11:09.790,1829, ,1829, ,0, ,N, ,0, , , , , , , , , ,2,2,0,0,0,0,0,0,0,0,1,0,1,0,0,0,0,0,0,0,0,1,0,0,0,0,0,0,0,0,0,0,0,0,0,3,0,39.9635,-75.1861, ,Philadelphia
10702,113186,2017121228,6,67,67301,2017,11,6,1748,17,3,1,0,1,1, , ,N,0,0,0,3,0,2,4,3,N,N,39 53:26.169,75 14:20.008,1805, ,1753, ,0, , , ,0, , , , , , , , , ,3,2,0,0,0,0,1,0,0,0,2,0,2,0,0,0,0,0,0,0,1,0,0,0,0,0,0,0,0,0,0,0,0,0,0,3,0,39.8906,-75.2389, ,Philadelphia
10703,115209,2017127297,6,67,67301,2017,11,6,1838,18,3,1,0,1,1, , ,N,0,0,3,3,0,0,4,4,N,N,39 56:27.847,75 12:18.519,1938, ,1928, ,0, ,N, ,0, , , , , , , , , ,4,1,0,0,0,0,2,0,0,0,0,0,0,0,1,0,0,0,0,0,0,0,0,0,0,0,0,0,0,0,0,0,0,0,0,9,0,39.9411,-75.2051, ,Philadelphia
10704,115214,2018027388,6,67,67301,2017,12,3,2036,20,3,1,0,5,6, , ,N,0,0,0,3,0,1,1,2,N, ,40 02:21.700,75 04:13.800,2052, ,2040, ,0, ,N, ,0, , , , , , , , , ,2,1,0,0,0,0,0,1,0,0,1,0,1,0,0,0,0,0,0,0,0,0,0,0,0,0,0,0,0,0,0,0,0,0,0,3,0,40.0394,-75.0705, ,Philadelphia
10705,115216,2017128675,6,67,67301,2017,11,1,1552,15,1,1,0,1,1, , ,N,0,0,0,3,0,0,3,2,N,N,39 57:28.104,75 09:40.901,1603, ,1554,1,2,4, , ,0,N, , , , , , , , ,2,1,0,0,0,0,1,0,0,0,0,0,0,0,0,0,0,0,0,1,0,1,0,0,0,0,0,0,0,0,0,0,0,0,0,0,0,39.9578,-75.1614, ,Philadelphia
10706,115226,2018029814,6,67,67301,2017,12,2,1131,11,1,1,0,5,1, , ,N,0,0,0,3,0,1,3,2,N,N,39 57:35.100,75 11:21.600,1228, ,1224, ,0, ,N, ,0, , , , , , , , , ,2,1,0,1,0,0,0,0,0,0,0,1,1,0,0,0,0,0,0,0,0,0,0,0,0,0,0,0,0,0,0,0,0,0,0,4,1,39.9598,-75.1893, ,Philadelphia
10707,115230,2017096575,6,67,67301,2017,9,1,300,3,3,2,1,4,1, , ,N,1,3,0,3,0,1,2,2,N,N,40 04:30.835,74 59:18.380,310, ,300,3,2,5,N, ,3,Y, , , , , , , , ,2,1,1,0,0,0,0,0,0,0,0,1,1,0,0,0,0,0,0,0,0,0,0,0,0,0,0,0,0,0,0,0,0,0,0,4,0,40.0752,-74.9884, ,Philadelphia
10708,115255,2017137544,6,67,67301,2017,12,2,1937,19,3,1,0,8,1, , ,N,1,2,0,3,0,1,2,2,N, ,39 55:01.859,75 14:46.691,1945, ,1940,1,1,2,N, ,3,Y, , , , , , , , ,1,1,0,0,0,0,0,0,0,0,0,0,1,1,0,0,0,0,0,0,1,0,0,1,0,0,0,0,0,0,0,0,1,0,0,8,0,39.9172,-75.2463, ,Philadelphia
10709,115295,2018027533,6,67,67301,2017,12,5,2039,20,3,1,0,4,1, , ,N,1,3,0,3,0,2,5,2,N,N,39 57:09.770,75 14:11.907,2050, ,2043, ,0, ,N, ,3, , , , , , , , , ,2,1,0,0,0,0,1,0,0,0,0,2,2,0,0,0,0,0,0,0,1,0,0,0,0,0,0,0,0,0,0,0,0,0,0,4,0,39.9527,-75.2366, ,Philadelphia
10710,115302,2018029828,6,67,67301,2017,12,1,1932,19,3,3,1,1,1, , ,N,0,0,0,3,0,0,1,3,N,N,40 03:38.377,75 09:02.454,1957, ,1956, ,0, ,N, ,0, , , , , , , , , ,3,3,0,0,0,0,0,0,0,0,0,0,0,0,0,0,0,0,0,0,0,0,0,0,0,0,0,0,0,0,0,0,0,0,0,0,0,40.0607,-75.1507, ,Philadelphia
10711,115310,2018015791,6,67,67301,2017,11,1,700,7,3,1,0,4,1, , ,N,1,3,0,3,0,1,3,3,N, ,40 01:50.040,75 04:57.502,910, ,902, ,0, ,N, ,3, , , , , , , , , ,3,3,0,0,0,0,0,0,0,0,0,1,1,0,1,0,0,0,0,0,0,0,0,0,0,0,0,0,0,0,0,0,0,0,0,4,0,40.0306,-75.0826, ,Philadelphia
10712,115311,2018029754,6,67,67301,2017,12,6,2345,23,3,2,1,1,1, , ,N,1,2,0,3,0,2,4,2,N,N,40 02:44.303,75 07:42.560,2359, ,2350, ,0, ,N, ,3, , , , , , , , , ,2,1,0,0,0,0,1,0,0,0,0,0,2,2,0,0,0,0,0,0,0,0,0,0,0,0,0,0,0,0,0,0,0,0,0,8,0,40.0456,-75.1285, ,Philadelphia
10713,115312,2018005526,6,67,67301,2017,12,6,1925,19,3,1,0,7,5, , ,N,1,3,0,3,0,0,1,1,N,N,40 00:15.915,75 08:18.693,1937, ,1937, ,0, ,N, ,3, , , , , , , , , ,1,0,0,0,0,0,1,0,0,0,0,0,0,0,1,0,0,0,0,0,0,0,0,0,0,0,0,0,0,0,0,0,0,0,0,9,0,40.0044,-75.1385, ,Philadelphia
10714,115350,2018029731,6,67,67301,2017,12,1,1210,12,1,1,0,4,1, , ,N,0,0,7,3,0,1,3,2,N, ,40 03:59.872,75 14:24.207,1220, ,1210, ,0, ,N, ,0, , , , , , , , , ,2,1,0,0,1,0,0,0,0,0,0,1,1,0,0,0,0,0,0,0,0,0,0,3,0,0,0,0,0,0,0,0,0,0,0,4,0,40.0666,-75.2401, ,Philadelphia
10715,115352,2018025211,6,67,67301,2017,12,4,30,0,3,1,0,4,1, , ,N,1,3,0,3,1,2,5,3,N,N,40 01:35.410,75 02:31.777,33, ,30, ,0, ,N,0,3, , , , , , , , , ,3,2,0,0,0,0,0,1,0,0,0,2,2,0,0,0,0,0,0,0,0,0,0,0,0,0,0,0,0,0,0,0,0,0,0,1,0,40.0265,-75.0422,2,Philadelphia
10716,115354,2018027353,6,67,67301,2017,12,7,305,3,3,2,1,7,4, , ,N,0,2,0,3,0,1,1,1,N,N,40 00:39.266,75 09:52.487,9999, ,307,3,1,4,N, ,3,N, , , , , , , , ,1,1,0,0,0,0,0,0,0,0,0,0,1,1,0,0,0,0,0,0,0,0,0,0,0,0,0,0,0,0,0,0,0,0,0,8,0,40.0109,-75.1646, ,Philadelphia
10717,115378,2017127988,6,67,67301,2017,11,7,2255,22,3,2,1,4,1, , ,N,1,2,0,3,0,0,2,2,N,N,39 59:27.713,75 06:05.900,2301, ,2300, ,0, ,N, ,3, , , , , , , , , ,2,2,0,0,0,0,0,0,0,0,0,0,0,0,2,0,0,0,0,0,1,0,0,0,0,0,0,0,0,0,0,0,0,0,0,9,0,39.9909,-75.1016, ,Philadelphia
10718,115380,2017127366,6,67,67301,2017,11,2,1605,16,1,1,0,5,1, , ,N,0,0,0,3,0,1,4,4,N,N,40 01:43.070,75 06:25.781,1610, ,1605,2,2,1,N, ,0,Y, , , , , , , , ,4,1,0,0,0,0,3,0,0,0,0,0,1,1,0,0,0,0,0,0,2,0,0,0,0,0,0,0,0,0,0,0,0,0,0,8,0,40.0286,-75.1072, ,Philadelphia
10719,115399,2018029257,6,67,67301,2017,12,7,1215,12,1,8,1,4,1, , ,N,2,3,0,3,0,1,2,2,N, ,39 55:36.101,75 08:56.950,1227, ,1217, ,0, ,N, ,3, , , , , , , , , ,2,1,0,0,0,0,1,0,0,0,0,1,1,0,0,0,0,0,0,0,0,1,0,0,0,0,0,0,0,0,0,0,0,0,0,4,0,39.9267,-75.1492, ,Philadelphia
10720,115424,2018005563,6,67,67301,2017,12,2,1450,14,1,1,0,1,1, , ,N,1,2,0,3,0,1,2,2,N,N,40 05:12.438,74 58:18.635,1500, ,1451, ,0, ,N, ,3, , , , , , , , , ,2,1,0,0,0,0,1,0,0,0,0,0,1,1,0,0,0,0,0,0,0,0,0,0,0,0,0,0,0,0,0,0,0,0,0,8,0,40.0868,-74.9718, ,Philadelphia
10721,106813,2018027398,6,67,67301,2017,12,1,1034,10,1,4,1,4,1, , ,N,1,2,0,3,0,2,2,2,N,N,40 02:00.165,75 03:59.552,1040, ,1038, ,0, ,N, ,3, , , , , , , , , ,2,1,0,0,0,0,1,0,0,0,0,2,2,0,0,0,0,0,0,0,1,0,0,0,0,0,0,0,0,0,0,0,0,0,0,4,0,40.0334,-75.0665, ,Philadelphia
10722,106823,2017128047,6,67,67301,2017,11,3,1920,19,3,1,0,6,6, , ,N,0,0,0,3,0,0,1,3,N, ,40 02:42.200,75 10:36.400,1925, ,1920,2,2,6, , ,0,Y, , , , , , , , ,3,3,0,0,0,0,0,0,0,0,0,0,0,0,0,0,0,0,0,0,0,0,0,1,0,0,0,0,0,0,0,0,0,0,0,0,0,40.0451,-75.1768, ,Philadelphia
10723,106831,2018027460,6,67,67301,2017,12,7,810,8,1,4,6,7,4, , ,N,11,0,0,3,0,1,1,1,N,N,39 56:49.137,75 11:02.450,850, ,846, ,0, ,N, ,0, , , , , , , , , ,1,0,0,0,0,0,1,0,0,0,0,1,1,0,0,0,0,0,0,0,0,0,0,0,0,0,0,0,0,0,0,0,0,0,0,4,0,39.947,-75.184, ,Philadelphia
10724,106833,2018020729,6,67,67301,2017,11,6,630,6,3,1,0,8,1, , ,N,0,0,0,3,0,1,2,2,N, ,39 59:32.720,75 06:40.968,633, ,632, ,0, ,N, ,0, , , , , , , , , ,1,0,0,0,0,0,0,0,0,0,0,0,1,1,0,0,0,0,0,0,0,0,0,0,0,0,0,0,0,0,0,0,1,0,0,8,0,39.9924,-75.1114, ,Philadelphia
10725,106834,2018025165,6,67,67301,2017,12,6,621,6,5,1,0,8,1, , ,N,1,2,0,3,1,1,5,4,N,N,39 56:23.585,75 10:59.267,623, ,622,3,2,7,N,0,3,Y, , , , , , , , ,3,2,0,0,1,0,0,0,0,0,0,1,1,0,0,0,0,0,0,0,0,0,0,0,0,0,0,0,0,0,0,0,1,1,0,1,0,39.9399,-75.1831,2,Philadelphia
10726,106835,2018027578,6,67,67301,2017,12,7,245,2,3,2,1,7,4, , ,N,0,0,0,3,0,0,1,1,N,N,40 00:24.800,75 12:08.300,300, ,255, ,0, ,N, ,0, , , , , , , , , ,1,1,0,0,0,0,0,0,0,0,0,0,0,0,0,0,0,0,0,1,0,0,0,1,0,0,0,0,0,0,0,0,0,0,0,0,0,40.0069,-75.2023, ,Philadelphia
10727,106836,2018027557,6,67,67301,2017,12,4,215,2,3,1,0,5,6, , ,N,0,0,0,3,0,1,1,6,N,N,40 00:25.904,75 06:02.685,217, ,215, ,0, ,N, ,0, , , , , , , , , ,6,1,0,0,2,0,2,1,0,0,0,1,1,0,0,0,0,0,0,0,0,0,0,1,0,0,0,0,0,0,0,0,0,0,0,4,0,40.0072,-75.1007, ,Philadelphia
10728,106855,2018027420,6,67,67301,2017,12,3,1259,12,1,1,0,1,1, , ,N,0,0,0,3,0,1,5,4,N, ,40 02:40.458,75 04:21.045,1305, ,1300,2,2,5,N, ,0,Y, , , , , , , , ,4,4,0,0,0,0,0,0,0,0,1,0,1,0,0,0,0,0,0,0,0,0,0,1,0,0,0,0,0,0,0,0,0,0,0,3,0,40.0446,-75.0725, ,Philadelphia
10729,106859,2017101824,6,67,67301,2017,9,2,950,9,1,1,1,4,1, , ,N,1,2,0,3,0,2,3,2,N, ,39 54:40.810,75 14:33.592,1241, ,950, ,0, , , ,3, , , , , , , , , ,2,1,0,0,0,0,1,0,0,0,0,0,2,2,1,0,0,0,0,0,0,0,0,2,0,0,0,0,0,0,0,0,0,0,0,8,0,39.9113,-75.2427, ,Philadelphia
10730,106872,2017128093,6,67,67301,2017,11,1,1310,13,1,1,0,7,2, , ,N,0,0,0,3,0,1,1,1,N,N,40 04:29.800,74 58:19.800,1317, ,1312, ,0, ,N, ,0, , , , , , , , , ,1,0,0,0,0,0,0,1,0,0,0,0,1,1,0,0,0,0,0,0,0,0,0,0,0,0,0,0,0,0,0,0,0,0,0,8,0,40.0749,-74.9722, ,Philadelphia
10731,106873,2017134803,6,67,67301,2017,12,4,2120,21,3,1,0,1,1, , ,N,7,0,2,3,0,0,3,3,N,N,40 00:31.943,75 12:18.729,2126, ,2121, ,0, , , ,0, , , , , , , , , ,3,2,0,0,0,0,1,0,0,0,0,0,0,0,0,0,0,0,0,0,1,0,0,0,0,0,0,0,0,0,0,0,0,0,0,0,0,40.0089,-75.2052, ,Philadelphia
10732,106899,2018029818,6,67,67301,2017,12,2,1129,11,1,9,0,4,1, , ,N,1,3,0,3,0,1,2,2,N,N,39 59:20.727,75 09:12.186,2237, ,2236, ,0, ,N, ,3, , , , , , , , , ,1,1,0,0,0,0,0,0,1,0,1,0,1,0,0,0,0,0,0,0,0,0,0,1,0,0,0,0,0,0,0,0,0,0,0,3,0,39.9891,-75.1534, ,Philadelphia
10733,106922,2017114595,6,67,67301,2017,11,5,2058,20,3,1,0,1,1, , ,N,0,0,0,3,0,0,3,2,N,N,39 58:43.553,75 09:30.589,2059, ,2059, ,0, ,N, ,0, , , , , , , , , ,2,2,0,0,0,0,0,0,0,0,0,0,0,0,0,0,0,0,0,0,0,0,0,1,0,0,0,0,0,0,0,0,0,0,0,0,0,39.9788,-75.1585, ,Philadelphia
10734,106923,2017135076,6,67,67301,2017,11,3,1109,11,1,1,0,8,1, , ,N,1,2,0,3,0,1,2,2,N,N,40 00:11.783,75 09:57.234,1109, ,1109, ,0, ,N, ,3, , , , , , , , , ,1,0,0,0,0,0,1,0,0,0,0,0,1,1,0,0,0,0,0,0,1,0,0,0,0,0,0,0,0,0,0,0,1,0,0,8,0,40.0033,-75.1659, ,Philadelphia
10735,106939,2018005527,6,67,67301,2017,12,6,2150,21,2,1,0,5,1, , ,N,0,0,0,3,0,0,3,5,N,N,39 59:06.445,75 08:10.378,2155, ,2153,3,2,2,N, ,0,Y, , , , , , , , ,5,4,0,0,1,0,0,0,0,0,0,0,0,0,0,0,0,0,0,0,0,0,0,0,0,0,0,0,0,0,0,0,0,0,0,0,0,39.9851,-75.1362, ,Philadelphia
10736,106941,2017116189,6,67,67301,2017,10,7,1200,12,1,1,0,7,2, , ,N,0,0,0,3,0,1,1,1,N,N,40 05:47.086,74 58:58.876,1211, ,1207,1,1,4,N, ,0,Y, , , , , , , , ,1,0,0,0,0,0,0,1,0,0,0,1,1,0,0,0,0,0,0,0,0,0,0,0,0,0,0,0,0,0,0,0,0,0,0,4,0,40.0964,-74.983, ,Philadelphia
10737,106953,2017102669,6,67,67301,2017,9,7,217,2,3,1,0,5,1, , ,N,0,0,0,3,0,0,5,2,N,N,39 56:22.568,75 08:37.445,220, ,217,1,1,2, , ,0,N, , , , , , , , ,2,2,0,0,0,0,0,0,0,0,0,0,0,0,0,0,0,0,0,1,0,0,0,0,0,0,0,0,0,0,0,0,0,0,0,0,0,39.9396,-75.1437, ,Philadelphia
10738,106959,2017093641,6,67,67301,2017,8,5,1549,15,1,1,0,4,1, , ,N,1,2,0,3,0,1,4,2,N, ,40 02:42.955,75 07:32.224,1552, ,1550, ,0, , , ,3, , , , , , , , , ,2,2,0,0,0,0,0,0,0,0,0,1,1,0,0,0,0,0,0,0,0,0,0,1,0,0,0,0,0,0,0,0,0,0,0,4,0,40.0453,-75.1256, ,Philadelphia
10739,109938,2018005543,6,67,67301,2017,12,6,2012,20,3,1,0,4,1, , ,N,1,3,0,3,0,0,2,2,N, ,39 58:21.873,75 10:47.705,2020, ,2013, ,0, ,N, ,3, , , , , , , , , ,2,1,0,0,0,0,0,1,0,0,0,0,0,0,0,0,0,0,0,0,0,0,0,0,0,0,0,0,0,0,0,0,0,0,0,0,0,39.9727,-75.1799, ,Philadelphia
10740,109965,2017097837,6,67,67301,2017,9,1,1935,19,3,1,0,7,4, , ,N,1,2,0,3,0,1,1,1,N, ,40 00:27.502,75 07:38.377,1945, ,1937, ,0, , , ,3, , , , , , , , , ,1,1,0,0,0,0,0,0,0,0,0,1,1,0,0,0,0,0,0,0,0,0,0,0,0,0,0,0,0,0,0,0,0,0,0,4,0,40.0076,-75.1273, ,Philadelphia
10741,109982,2017128672,6,67,67301,2017,11,6,1625,16,4,1,0,1,1, , ,N,0,0,0,3,0,0,6,3,N,N,40 01:37.132,75 01:33.564,1700, ,1633,1,2,2, , ,0,N, , , , , , , , ,3,2,0,0,0,0,1,0,0,0,0,0,0,0,0,0,0,1,0,0,0,0,0,0,0,0,0,0,0,0,0,0,0,0,0,0,0,40.027,-75.026, ,Philadelphia
10742,109987,2018029836,6,67,67301,2017,12,1,1305,13,1,1,0,5,1, , ,N,1,0,0,3,0,1,3,3,N,N,39 58:23.685,75 12:43.721,1315, ,1313, ,0, ,N, ,0, , , , , , , , , ,3,1,0,0,0,0,1,0,0,0,0,1,1,0,1,0,0,1,0,0,0,0,0,0,0,0,0,0,0,0,0,0,0,0,0,4,0,39.9732,-75.2121, ,Philadelphia