objectid_1,objectid,crn,district,county,municipality,crash_year,crash_month,day_of_week,time_of_day,hour_of_day,illumination,weather,road_condition,collision_type,relation_to_road,work_zone_type,work_zone_loc,work_zone_ind,intersect_type,tcd_type,location_type,urban_rural,fatal_count,injury_count,person_count,total_units,sch_bus_ind,sch_zone_ind,latitude,longitude,arrival_tm,cons_zone_spd_lim,dispatch_tm,est_hrs_closed,lane_closed,ln_close_dir,ntfy_hiwy_maint,spec_juris_cd,tcd_func_cd,tfc_detour_ind,workers_pres,wz_close_detour,wz_flagger,wz_law_offcr_ind,wz_ln_closure,wz_moving,wz_other,wz_shlder_mdn,vehicle_count,automobile_count,motorcycle_count,bus_count,small_truck_count,heavy_truck_count,suv_count,van_count,bicycle_count,maj_inj_count,mod_inj_count,min_inj_count,tot_inj_count,unk_inj_deg_count,unk_inj_per_count,driver_count_16yr,driver_count_17yr,driver_count_18yr,driver_count_19yr,driver_count_20yr,driver_count_50_64yr,driver_count_65_74yr,driver_count_75plus,unbelted_occ_count,unb_death_count,unb_maj_inj_count,belted_death_count,belted_maj_inj_count,mcycle_death_count,mcycle_maj_inj_count,bicycle_death_count,bicycle_maj_inj_count,ped_count,ped_death_count,ped_maj_inj_count,max_severity_level,comm_veh_count,dec_lat,dec_long,rdwy_surf_type_cd,county_name
10872,107191,2017096579,6,67,67301,2017,8,4,2311,23,3,1,0,5,1, , ,N,0,0,0,3,0,1,3,3,N,N,39 58:24.968,75 12:44.439,2335, ,2311, ,0, ,N, ,0, , , , , , , , , ,3,3,0,0,0,0,0,0,0,0,0,0,1,1,0,0,0,0,0,0,1,1,0,2,0,0,0,0,0,0,0,0,0,0,0,8,0,39.9736,-75.2123, ,Philadelphia
10873,107238,2017093585,6,67,67301,2017,8,1,2011,20,3,1,0,4,1, , ,N,1,2,0,3,0,1,2,2,N,N,39 54:57.588,75 09:52.288,2035, ,2033, ,0, ,N, ,3, , , , , , , , , ,1,0,0,0,0,0,0,0,1,0,0,0,1,1,1,0,0,0,0,0,0,0,0,0,0,0,0,0,0,0,0,0,0,0,0,8,0,39.9159,-75.1645, ,Philadelphia
10874,107239,2017109961,6,67,67301,2017,9,7,905,9,1,1,0,5,6, , ,N,0,0,0,3,0,1,1,3,N,N,39 59:42.443,75 09:30.404,907, ,905,1,1,3,N, ,0,N, , , , , , , , ,3,2,0,0,0,1,0,0,0,0,0,0,1,1,0,0,0,0,0,0,0,0,1,0,0,0,0,0,0,0,0,0,0,0,0,8,1,39.9951,-75.1584, ,Philadelphia
10875,107249,2017133930,6,67,67301,2017,11,4,2150,21,3,1,0,4,1, , ,N,1,2,0,3,0,1,2,2,N,N,40 02:20.972,75 11:30.209,2203, ,2200, ,0, ,N, ,3, , , , , , , , , ,2,2,0,0,0,0,0,0,0,0,1,0,1,0,1,0,0,0,0,0,0,1,0,0,0,0,0,0,0,0,0,0,0,0,0,3,0,40.0392,-75.1917, ,Philadelphia
10876,107280,2018027541,6,67,67301,2017,12,6,13,0,3,1,0,4,1, , ,N,1,2,0,3,0,1,3,2,N,N,40 02:20.299,75 09:00.127,15, ,13,9,2,7,N, ,3,Y, , , , , , , , ,2,2,0,0,0,0,0,0,0,0,1,0,1,0,0,0,0,0,0,0,0,0,0,0,0,0,0,0,0,0,0,0,0,0,0,3,0,40.039,-75.15, ,Philadelphia
10877,107283,2018029748,6,67,67301,2017,12,1,3,0,3,1,0,1,6, , ,N,0,0,0,3,0,0,1,2,N,N,40 00:23.000,75 09:48.900,26, ,21, ,0, ,N, ,0, , , , , , , , , ,2,2,0,0,0,0,0,0,0,0,0,0,0,0,1,0,0,0,0,0,0,0,0,0,0,0,0,0,0,0,0,0,0,0,0,9,0,40.0064,-75.1636, ,Philadelphia
10878,107296,2017099434,6,67,67301,2017,9,3,2023,20,3,1,0,4,1, , ,N,1,2,0,3,0,1,2,2,N,N,39 57:18.553,75 11:53.991,2027, ,2025, ,0, ,N, ,3, , , , , , , , , ,1,1,0,0,0,0,0,0,1,0,0,1,1,0,0,0,0,0,0,0,0,0,0,0,0,0,0,0,0,0,0,0,0,0,0,4,0,39.9552,-75.1983, ,Philadelphia
10879,107310,2018005477,6,67,67301,2017,12,1,935,9,1,1,0,4,1, , ,N,1,3,0,3,0,2,3,2,N,N,40 02:00.034,75 06:16.401,950, ,942,1,2,7,N, ,3,N, , , , , , , , ,2,2,0,0,0,0,0,0,0,0,0,2,2,0,0,0,0,0,0,0,0,0,0,0,0,0,0,0,0,0,0,0,0,0,0,4,0,40.0333,-75.1046, ,Philadelphia
10880,107321,2017120488,6,67,67301,2017,10,3,114,1,3,9,0,5,6, , ,N,0,0,0,3,0,0,1,7,N,N,39 59:53.100,75 08:33.400,130, ,119, ,0, ,N, ,0, , , , , , , , , ,7,4,0,0,0,0,2,1,0,0,0,0,0,0,0,0,0,0,0,0,0,0,0,1,0,0,0,0,0,0,0,0,0,0,0,0,0,39.9981,-75.1426, ,Philadelphia
10881,107335,2018029772,6,67,67301,2017,12,5,650,6,3,1,0,5,6, , ,N,0,0,0,3,0,0,1,2,N,N,39 55:15.700,75 14:01.000,654, ,654, ,0, ,N, ,0, , , , , , , , , ,2,1,0,0,0,0,1,0,0,0,0,0,0,0,0,0,0,0,0,0,0,0,0,0,0,0,0,0,0,0,0,0,0,0,0,0,0,39.921,-75.2336, ,Philadelphia
10882,107359,2017109909,6,67,67301,2017,10,6,1809,18,1,1,0,1,1, , ,N,0,0,0,3,0,0,2,2,N, ,39 56:21.211,75 14:06.963,1833, ,1822, ,0, , , ,0, , , , , , , , , ,2,1,0,0,0,0,1,0,0,0,0,0,0,0,0,0,0,0,0,0,1,0,0,0,0,0,0,0,0,0,0,0,0,0,0,0,0,39.9392,-75.2353, ,Philadelphia
10883,110317,2018005470,6,67,67301,2017,11,1,14,0,3,1,0,1,6, , ,N,0,0,0,3,0,0,1,2,N,N,39 58:37.800,75 08:58.200,20, ,15, ,0, ,N, ,0, , , , , , , , , ,2,1,0,0,0,1,0,0,0,0,0,0,0,0,1,0,0,0,0,0,0,0,0,0,0,0,0,0,0,0,0,0,0,0,0,9,1,39.9772,-75.1495, ,Philadelphia
10884,110322,2018027431,6,67,67301,2017,12,1,418,4,3,1,0,9,1, , ,N,1,2,0,3,0,0,2,2,N,N,40 00:38.955,75 07:35.936,421, ,420, ,0, ,N, ,3, , , , , , , , , ,2,0,0,0,0,0,2,0,0,0,0,0,0,0,1,0,0,0,0,0,0,0,0,0,0,0,0,0,0,0,0,0,0,0,0,9,0,40.0108,-75.1266, ,Philadelphia
10885,110345,2017127312,6,67,67301,2017,11,2,1510,15,1,1,0,8,1, , ,N,1,2,0,3,0,1,2,2,N, ,40 01:54.231,75 10:43.900,1525, ,1516, ,0, , , ,3, , , , , , , , , ,1,1,0,0,0,0,0,0,0,0,0,1,1,0,0,0,0,0,0,0,0,0,0,0,0,0,0,0,0,0,0,0,1,0,0,4,0,40.0317,-75.1789, ,Philadelphia
10886,110361,2017130639,6,67,67301,2017,11,5,18,0,3,1,0,1,6, , ,N,0,0,0,3,0,2,3,2,N, ,39 58:20.011,75 13:01.596,106, ,57, ,0, ,N, ,0, , , , , , , , , ,2,1,0,0,0,0,0,1,0,0,2,0,2,0,0,0,0,0,0,0,1,0,0,0,0,0,0,0,0,0,0,0,0,0,0,3,0,39.9722,-75.2171, ,Philadelphia
10887,110368,2018028850,6,67,67301,2017,12,5,100,1,3,4,3,1,1, , ,N,1,2,0,3,0,1,2,2,N,N,39 59:29.210,75 08:05.506,250, ,245, ,0, ,N, ,3, , , , , , , , , ,2,2,0,0,0,0,0,0,0,0,0,0,1,1,1,0,0,0,0,0,0,0,0,0,0,0,0,0,0,0,0,0,0,0,0,8,0,39.9913,-75.1349, ,Philadelphia
10888,110369,2018001713,6,67,67301,2017,12,2,657,6,5,1,0,4,2, , ,N,0,0,0,3,0,1,2,2,N,N,40 01:07.871,75 02:48.233,711, ,658,1,1,2, , ,0,N, , , , , , , , ,2,1,0,0,0,0,1,0,0,0,0,0,1,1,0,0,0,0,0,0,1,0,0,0,0,0,0,0,0,0,0,0,0,0,0,8,0,40.0189,-75.0467, ,Philadelphia
10889,110371,2017115991,6,67,67301,2017,10,5,833,8,1,2,1,4,1, , ,N,1,2,0,3,0,4,5,3,N,N,40 03:37.882,75 04:56.325,840, ,834, ,0, ,N, ,3, , , , , , , , , ,3,1,0,0,0,0,1,1,0,0,0,4,4,0,0,0,0,0,0,0,0,0,0,0,0,0,0,0,0,0,0,0,0,0,0,4,0,40.0605,-75.0823, ,Philadelphia
10890,110397,2018001694,6,67,67301,2017,12,1,1851,18,3,1,0,9,1, , ,N,0,0,0,3,0,3,4,2,N,N,39 56:57.796,75 11:04.471,1901, ,1852,2,2,3, , ,0,N, , , , , , , , ,2,1,0,0,0,1,0,0,0,3,0,0,3,0,0,0,0,0,0,0,0,0,0,0,0,0,0,3,0,0,0,0,0,0,0,2,1,39.9494,-75.1846, ,Philadelphia
10891,110400,2017112166,6,67,67301,2017,10,1,1709,17,1,1,0,1,1, , ,N,0,8,0,3,0,0,3,3,N,N,39 57:26.617,75 08:49.702,1724, ,1710,2,2,3, , ,3,N, , , , , , , , ,3,2,0,0,0,0,0,1,0,0,0,0,0,0,0,0,1,0,0,0,1,0,0,0,0,0,0,0,0,0,0,0,0,0,0,0,0,39.9574,-75.1471, ,Philadelphia
10892,110404,2017125642,6,67,67301,2017,11,3,901,9,1,1,0,1,1, , ,N,0,0,0,3,0,2,2,2,N,N,40 02:39.874,75 00:08.363,901, ,901,1,2,1, , ,0,N, , , , , , , , ,2,1,0,0,0,0,1,0,0,0,0,0,2,2,0,0,0,0,0,0,0,1,0,0,0,0,0,0,0,0,0,0,0,0,0,8,0,40.0444,-75.0023, ,Philadelphia
10893,110410,2017096561,6,67,67301,2017,8,3,2045,20,3,2,1,2,1, , ,N,5,2,0,3,0,1,2,2,N,N,39 55:50.051,75 08:59.989,2056, ,2055,1,1,1, , ,3,Y, , , , , , , , ,1,0,0,0,0,0,1,0,1,0,0,1,1,0,0,0,0,0,0,0,0,0,0,0,0,0,0,0,0,0,0,0,0,0,0,4,0,39.9306,-75.15, ,Philadelphia
10894,110417,2017119388,6,67,67301,2017,11,5,1810,18,3,1,0,1,1, , ,N,0,0,0,3,0,1,3,2,N,N,39 59:53.183,75 11:45.525,1815, ,1813,1,1,4, , ,0,N, , , , , , , , ,2,2,0,0,0,0,0,0,0,0,1,0,1,0,0,0,0,0,1,0,0,0,0,0,0,0,0,0,0,0,0,0,0,0,0,3,0,39.9981,-75.196, ,Philadelphia
10895,110421,2017127473,6,67,67301,2017,11,2,740,7,1,1,0,1,1, , ,N,0,0,0,3,0,0,5,2,N, ,40 03:33.939,75 14:05.110,747, ,742, ,0, , , ,0, , , , , , , , , ,2,2,0,0,0,0,0,0,0,0,0,0,0,0,0,0,0,0,0,0,0,0,0,0,0,0,0,0,0,0,0,0,0,0,0,0,0,40.0594,-75.2348, ,Philadelphia
10896,110433,2018029939,6,67,67301,2017,12,3,1621,16,1,1,0,8,1, , ,N,1,2,0,3,0,1,2,2,N,N,40 05:41.833,75 00:55.566,1622, ,1622,1,1,2,N, ,3,N, , , , , , , , ,1,1,0,0,0,0,0,0,0,0,0,1,1,0,0,0,0,0,0,0,0,0,0,0,0,0,0,0,0,0,0,0,1,0,0,4,0,40.095,-75.0154, ,Philadelphia
10897,110455,2018029946,6,67,67301,2017,12,5,48,0,3,1,0,7,2, , ,N,7,0,2,3,0,1,1,1,N,N,39 57:46.267,75 10:42.132,57, ,56, ,0, ,N, ,0, , , , , , , , , ,1,1,0,0,0,0,0,0,0,0,0,1,1,0,0,0,0,0,0,0,0,0,0,0,0,0,0,0,0,0,0,0,0,0,0,4,0,39.9629,-75.1784, ,Philadelphia
10898,110469,2018020755,6,67,67301,2017,11,7,9999,99,3,1,0,1,1, , ,N,0,0,0,3,0,6,8,2,N,N,39 57:16.112,75 10:19.552,1915, ,1915, ,0, ,N, ,0, , , , , , , , , ,2,1,0,0,0,0,1,0,0,0,0,6,6,0,0,0,0,0,0,0,1,0,0,5,0,0,0,0,0,0,0,0,0,0,0,4,0,39.9545,-75.1721, ,Philadelphia
10899,110472,2018030150,6,67,67301,2017,12,1,639,6,3,4,5,7,3, , ,N,0,0,0,3,0,1,1,1,N,N,40 02:57.791,75 03:03.706,650, ,639,3,2,1,N, ,0,Y, , , , , , , , ,1,0,0,0,0,0,0,1,0,0,0,1,1,0,0,0,0,0,0,0,1,0,0,0,0,0,0,0,0,0,0,0,0,0,0,4,0,40.0494,-75.051, ,Philadelphia
10900,110484,2017127318,6,67,67301,2017,11,7,1931,19,3,1,0,8,1, , ,N,1,2,0,3,0,1,5,2,N,N,39 58:19.789,75 14:41.971,1935, ,1931, ,0, , , ,3, , , , , , , , , ,1,0,0,0,0,0,1,0,0,0,0,0,1,1,4,0,0,0,0,0,1,0,0,0,0,0,0,0,0,0,0,0,1,0,0,8,0,39.9722,-75.2449, ,Philadelphia
10901,113602,2017086125,6,67,67301,2017,7,3,1110,11,1,1,0,8,1, , ,N,0,0,0,3,0,1,2,2,N,N,39 57:44.528,75 12:03.188,1113, ,1112,2,2,6,N, ,0,Y, , , , , , , , ,1,0,0,0,1,0,0,0,0,0,0,1,1,0,0,0,0,0,0,0,0,0,0,0,0,0,0,0,0,0,0,0,1,0,0,4,0,39.9624,-75.2009, ,Philadelphia
10902,113605,2017101886,6,67,67301,2017,9,1,1717,17,1,1,0,4,1, , ,N,1,2,0,3,0,3,6,3,N,N,39 57:40.438,75 08:47.791,1722, ,1720, ,0, ,N, ,3, , , , , , , , , ,3,2,0,0,0,0,1,0,0,0,0,0,3,3,0,0,0,0,0,0,1,0,0,0,0,0,0,0,0,0,0,0,0,0,0,8,0,39.9612,-75.1466, ,Philadelphia
10903,113624,2017128023,6,67,67301,2017,11,7,1614,16,1,1,0,1,1, , ,N,0,2,0,3,0,2,3,2,N,N,39 55:00.651,75 14:45.596,1624, ,1624, ,0, ,N, ,3, , , , , , , , , ,2,0,0,0,0,0,1,1,0,0,0,2,2,0,0,0,0,0,0,0,0,0,0,1,0,0,0,0,0,0,0,0,0,0,0,4,0,39.9167,-75.2459, ,Philadelphia
10904,113628,2017128015,6,67,67301,2017,11,2,1126,11,1,1,0,4,1, , ,N,0,0,7,3,0,0,2,2,N,N,40 00:24.617,75 07:24.666,1135, ,1130,1,2,5,N, ,0,N, , , , , , , , ,2,2,0,0,0,0,0,0,0,0,0,0,0,0,0,0,0,0,0,0,0,0,0,0,0,0,0,0,0,0,0,0,0,0,0,0,0,40.0068,-75.1235, ,Philadelphia
10905,113644,2018029793,6,67,67301,2017,11,4,1734,17,3,1,0,4,1, , ,N,1,2,0,3,0,0,2,2,N,N,39 56:35.977,75 08:49.865,1745, ,1740, ,0, ,N, ,3, , , , , , , , , ,2,1,0,0,0,1,0,0,0,0,0,0,0,0,0,0,0,0,0,0,0,1,0,0,0,0,0,0,0,0,0,0,0,0,0,0,1,39.9433,-75.1472, ,Philadelphia
10906,113649,2017101899,6,67,67301,2017,9,7,1015,10,1,1,0,1,1, , ,N,1,2,0,3,0,1,2,2,N,N,40 01:59.258,75 04:48.508,1022, ,1016,1,1,3,N, ,3,N, , , , , , , , ,2,2,0,0,0,0,0,0,0,0,0,0,1,1,0,0,0,0,0,0,0,0,0,0,0,0,0,0,0,0,0,0,0,0,0,8,0,40.033,-75.0802, ,Philadelphia
10907,113655,2017086188,6,67,67301,2017,7,6,836,8,1,1,0,6,6, , ,N,0,0,0,3,0,0,1,2,N,N,39 57:23.792,75 14:33.889,845, ,843, ,0, , , ,0, , , , , , , , , ,2,0,0,0,0,0,2,0,0,0,0,0,0,0,0,0,0,0,0,0,1,0,0,0,0,0,0,0,0,0,0,0,0,0,0,0,0,39.9566,-75.2427, ,Philadelphia
10908,113690,2017127480,6,67,67301,2017,11,3,1800,18,3,1,0,8,1, , ,N,1,2,0,3,0,2,3,3,N,N,40 04:02.989,75 10:45.548,2352, ,2352, ,0, ,N, ,3, , , , , , , , , ,1,1,0,0,0,0,0,0,0,0,0,2,2,0,0,0,0,0,0,0,0,0,0,1,0,0,0,0,0,0,0,0,2,0,0,4,0,40.0675,-75.1793, ,Philadelphia
10909,113693,2017137554,6,67,67301,2017,12,6,1622,16,1,1,0,5,1, , ,N,0,0,0,3,0,0,2,2,N,N,39 58:00.100,75 14:24.600,1622, ,1622, ,0, ,N, ,0, , , , , , , , , ,2,1,0,0,0,0,1,0,0,0,0,0,0,0,0,0,0,0,0,0,0,0,0,0,0,0,0,0,0,0,0,0,0,0,0,0,0,39.9667,-75.2402, ,Philadelphia
10910,113696,2018029890,6,67,67301,2017,12,6,2326,23,3,2,1,7,4, , ,N,0,0,0,3,0,1,1,1,N,N,40 05:01.525,74 58:27.166,2329, ,2328, ,0, ,N, ,0, , , , , , , , , ,1,1,0,0,0,0,0,0,0,1,0,0,1,0,0,0,0,0,0,0,0,0,0,0,0,0,0,0,0,0,0,0,0,0,0,2,0,40.0838,-74.9742, ,Philadelphia
10911,113709,2017136273,6,67,67301,2017,12,6,832,8,1,1,0,6,1, , ,N,1,2,0,3,0,1,2,2,N,N,39 54:14.563,75 14:24.409,935, ,925,3,1,1,N, ,3,N, , , , , , , , ,2,0,0,0,0,1,1,0,0,0,0,0,1,1,0,0,0,0,0,0,0,0,0,1,0,0,0,0,0,0,0,0,0,0,0,8,1,39.904,-75.2401, ,Philadelphia
10912,113733,2017130615,6,67,67301,2017,11,1,938,9,1,1,0,4,1, , ,N,1,2,0,3,0,2,2,2,N,N,40 02:25.306,75 07:27.026,943, ,941,1,2,2,N, ,3,N, , , , , , , , ,2,2,0,0,0,0,0,0,0,0,0,2,2,0,0,0,0,0,0,0,0,0,0,0,0,0,0,0,0,0,0,0,0,0,0,4,0,40.0404,-75.1242, ,Philadelphia
10913,113743,2017120486,6,67,67301,2017,10,3,1045,10,1,1,0,1,1, , ,N,0,2,0,3,0,0,5,4,N,N,40 03:45.697,75 10:15.499,1059, ,1059, ,0, ,N, ,3, , , , , , , , , ,4,2,0,0,0,0,0,2,0,0,0,0,0,0,0,0,0,0,0,0,0,0,0,1,0,0,0,0,0,0,0,0,0,0,0,0,0,40.0627,-75.171, ,Philadelphia
10914,113759,2018030148,6,67,67301,2017,12,5,1850,18,1,1,0,5,6, , ,N,0,0,0,3,0,0,1,3,N,N,39 57:22.900,75 09:49.500,1855, ,1858, ,0, ,N, ,0, , , , , , , , , ,3,3,0,0,0,0,0,0,0,0,0,0,0,0,0,0,0,0,0,0,0,0,0,0,0,0,0,0,0,0,0,0,0,0,0,0,0,39.9564,-75.1638, ,Philadelphia
10915,113760,2017135116,6,67,67301,2017,10,2,1121,11,1,2,1,4,1, , ,N,0,0,0,3,0,1,3,3,N,N,40 02:36.388,75 00:11.174,1144, ,1124, ,0, , , ,0, , , , , , , , , ,3,0,0,0,0,1,2,0,0,0,1,0,1,0,0,0,0,0,0,0,0,1,0,0,0,0,0,0,0,0,0,0,0,0,0,3,1,40.0434,-75.0031, ,Philadelphia
10916,113790,2017133997,6,67,67301,2017,11,4,723,7,1,1,0,8,1, , ,N,1,2,0,3,0,1,2,2,N,N,40 01:01.213,75 09:05.545,748, ,743, ,0, ,N, ,3, , , , , , , , , ,1,0,0,0,0,0,0,0,0,0,0,1,1,0,0,0,0,0,0,0,0,0,0,0,0,0,0,0,0,0,0,0,1,0,0,4,0,40.0169,-75.1516, ,Philadelphia
10917,113794,2017128674,6,67,67301,2017,11,1,246,2,3,1,0,4,1, , ,N,0,0,1,3,0,1,3,2,N,N,39 59:34.667,75 12:02.185,250, ,246,1,2,3, , ,0,N, , , , , , , , ,2,1,0,0,0,1,0,0,0,0,0,1,1,0,0,0,0,0,0,0,1,0,0,0,0,0,0,0,0,0,0,0,0,0,0,4,1,39.993,-75.2006, ,Philadelphia
10918,113800,2017127685,6,67,67301,2017,12,1,902,9,1,1,0,7,2, , ,N,0,0,0,3,0,1,1,1,N,N,40 01:28.125,75 01:48.939,907, ,903,1,2,1, , ,0,N, , , , , , , , ,1,0,0,0,0,0,1,0,0,0,1,0,1,0,0,0,0,0,0,0,0,0,0,1,0,0,0,0,0,0,0,0,0,0,0,3,0,40.0245,-75.0303, ,Philadelphia
10919,115431,2017105980,6,67,67301,2017,9,1,534,5,3,1,0,7,4, , ,N,1,2,0,3,0,0,2,1,N,N,40 02:20.942,75 06:36.006,540, ,534, ,0, , , ,3, , , , , , , , , ,1,0,0,0,0,0,1,0,0,0,0,0,0,0,0,0,0,0,0,0,0,0,0,1,0,0,0,0,0,0,0,0,0,0,0,0,0,40.0392,-75.11, ,Philadelphia
10920,115494,2018029944,6,67,67301,2017,12,6,648,6,5,1,0,8,1, , ,N,0,0,0,3,0,1,2,2,N,N,40 04:27.345,75 02:05.555,705, ,659,2,2,1,N, ,0,Y, , , , , , , , ,1,1,0,0,0,0,0,0,0,0,0,0,1,1,0,0,0,0,0,0,0,1,0,0,0,0,0,0,0,0,0,0,1,0,0,8,0,40.0743,-75.0349, ,Philadelphia
10921,115495,2018026813,6,67,67301,2017,12,7,1328,13,1,4,4,1,1, , ,N,0,0,0,3,0,1,4,3,N,N,39 57:31.184,75 09:44.169,1340, ,1328, ,0, ,N, ,0, , , , , , , , , ,3,2,0,0,0,0,1,0,0,0,0,1,1,0,0,0,0,0,0,1,1,0,0,0,0,0,0,0,0,0,0,0,0,0,0,4,0,39.9587,-75.1623, ,Philadelphia
10922,115500,2017137578,6,67,67301,2017,12,3,1715,17,4,2,1,8,1, , ,N,1,2,0,3,0,1,2,2,N,N,39 57:46.128,75 14:48.443,1719, ,1715, ,0, ,N, ,3, , , , , , , , , ,1,1,0,0,0,0,0,0,0,0,0,1,1,0,0,0,0,0,0,0,0,0,0,1,0,0,0,0,0,0,0,0,1,0,0,4,0,39.9626,-75.2468, ,Philadelphia
10923,115516,2017127301,6,67,67301,2017,11,6,959,9,1,1,0,1,1, , ,N,2,0,0,3,0,0,3,3,N, ,40 03:53.815,75 00:34.270,1003, ,1000,1,1,2, , ,0,N, , , , , , , , ,3,2,0,0,0,0,1,0,0,0,0,0,0,0,0,0,0,1,0,0,0,0,0,1,0,0,0,0,0,0,0,0,0,0,0,0,0,40.0649,-75.0094, ,Philadelphia
10924,115525,2018001725,6,67,67301,2017,12,6,947,9,1,1,0,7,2, , ,N,0,0,0,3,0,1,2,1,N,N,40 02:39.268,75 00:09.797,1947, ,1947, ,0, , , ,0, , , , , , , , , ,1,1,0,0,0,0,0,0,0,0,0,0,1,1,0,0,0,0,0,0,1,0,0,0,0,0,0,0,0,0,0,0,0,0,0,8,0,40.0442,-75.0027, ,Philadelphia
10925,115547,2018004141,6,67,67301,2017,11,3,1544,15,1,1,0,1,1, , ,N,0,8,0,3,0,1,3,3,N,N,39 59:13.048,75 05:26.468,1605, ,1548,1,2,1, , ,3,N, , , , , , , , ,3,1,0,0,1,0,1,0,0,0,1,0,1,0,0,0,0,0,0,0,0,0,0,0,0,0,0,0,0,0,0,0,0,0,0,3,0,39.987,-75.0907, ,Philadelphia
10926,115591,2018027465,6,67,67301,2017,12,4,1605,16,1,1,0,4,1, , ,N,1,2,0,3,0,1,2,2,N,N,39 57:04.287,75 13:58.047,1615, ,1611, ,0, ,N, ,3, , , , , , , , , ,2,0,0,0,0,0,1,0,0,0,0,0,1,1,0,0,0,0,0,0,0,0,0,0,0,0,0,0,0,0,0,0,0,0,0,8,0,39.9512,-75.2328, ,Philadelphia
10927,115612,2017127474,6,67,67301,2017,11,6,1300,13,1,1,0,6,1, , ,N,0,0,0,3,0,1,2,2,N,N,40 01:12.000,75 12:55.800,1309, ,1305, ,0, ,N, ,0, , , , , , , , , ,1,0,0,0,0,0,0,0,1,0,1,0,1,0,0,0,0,0,0,0,0,0,0,0,0,0,0,0,0,0,0,0,0,0,0,3,0,40.02,-75.2155, ,Philadelphia
10928,115628,2017115995,6,67,67301,2017,10,3,1515,15,1,1,0,4,1, , ,N,1,2,0,3,0,2,3,2,N,N,40 01:24.018,75 10:44.495,1520, ,1520, ,0, ,N, ,3, , , , , , , , , ,2,1,0,0,0,0,1,0,0,0,0,2,2,0,0,0,0,0,0,0,0,0,0,0,0,0,0,0,0,0,0,0,0,0,0,4,0,40.0233,-75.179, ,Philadelphia
10929,115635,2017097933,6,67,67301,2017,8,5,647,6,1,1,0,4,1, , ,N,5,2,0,3,0,1,2,2,N,N,40 01:54.336,75 06:32.601,725, ,725, ,0, , , ,3, , , , , , , , , ,2,2,0,0,0,0,0,0,0,0,0,1,1,0,0,0,0,0,0,0,0,0,0,0,0,0,0,0,0,0,0,0,0,0,0,4,0,40.0318,-75.1091, ,Philadelphia
10930,115651,2017110377,6,67,67301,2017,10,1,1551,15,1,1,0,1,1, , ,N,0,0,0,3,0,1,4,3,N,N,39 57:29.509,75 09:54.912,1555, ,1554,1,2,3, , ,0,N, , , , , , , , ,3,2,0,0,0,0,1,0,0,0,1,0,1,0,0,0,0,0,0,0,2,0,0,0,0,0,0,0,0,0,0,0,0,0,0,3,0,39.9582,-75.1653, ,Philadelphia
10931,115671,2017127399,6,67,67301,2017,11,5,1348,13,1,1,0,8,1, , ,N,0,0,0,3,0,1,2,2,N, ,39 58:04.500,75 13:00.500,1423, ,1417, ,0, , , ,0, , , , , , , , , ,1,1,0,0,0,0,0,0,0,0,0,1,1,0,0,0,0,0,0,0,0,0,1,0,0,0,0,0,0,0,0,0,1,0,0,4,0,39.9679,-75.2168, ,Philadelphia
10932,115690,2017108054,6,67,67301,2017,9,7,1740,17,1,1,0,8,1, , ,N,1,3,0,3,0,1,2,2,N,N,39 55:59.376,75 10:58.482,1751, ,1742, ,0, ,N, ,3, , , , , , , , , ,1,1,0,0,0,0,0,0,0,0,0,1,1,0,0,0,0,0,0,0,1,0,0,0,0,0,0,0,0,0,0,0,1,0,0,4,0,39.9332,-75.1829, ,Philadelphia
10933,115722,2017132878,6,67,67301,2017,11,4,914,9,1,1,0,1,1, , ,N,0,0,3,3,0,1,2,2,N,N,39 53:30.999,75 11:53.725,1004, ,948, ,0, , , ,0, , , , , , , , , ,2,1,0,0,0,0,1,0,0,0,0,1,1,0,0,0,0,0,0,0,0,0,0,0,0,0,0,0,0,0,0,0,0,0,0,4,0,39.892,-75.1982, ,Philadelphia
10934,115741,2018027496,6,67,67301,2017,12,6,1225,12,1,1,0,1,1, , ,N,0,0,3,3,0,2,3,3,N,N,39 54:15.721,75 11:48.369,1230, ,1229,1,2,3,N, ,0,Y, , , , , , , , ,3,3,0,0,0,0,0,0,0,0,0,2,2,0,0,0,0,0,0,0,0,2,0,0,0,0,0,0,0,0,0,0,0,0,0,4,0,39.9044,-75.1968, ,Philadelphia
10935,115750,2017088110,6,67,67301,2017,8,2,113,1,3,1,0,8,1, , ,N,1,2,0,3,0,1,2,2,N,N,39 57:14.855,75 12:09.299,115, ,113,3,2,1,N, ,3,Y, , , , , , , , ,1,0,0,0,0,0,1,0,0,1,0,0,1,0,0,0,0,0,0,0,0,0,0,1,0,0,0,0,0,0,0,0,1,0,1,2,0,39.9541,-75.2025, ,Philadelphia