objectid_1,objectid,crn,district,county,municipality,crash_year,crash_month,day_of_week,time_of_day,hour_of_day,illumination,weather,road_condition,collision_type,relation_to_road,work_zone_type,work_zone_loc,work_zone_ind,intersect_type,tcd_type,location_type,urban_rural,fatal_count,injury_count,person_count,total_units,sch_bus_ind,sch_zone_ind,latitude,longitude,arrival_tm,cons_zone_spd_lim,dispatch_tm,est_hrs_closed,lane_closed,ln_close_dir,ntfy_hiwy_maint,spec_juris_cd,tcd_func_cd,tfc_detour_ind,workers_pres,wz_close_detour,wz_flagger,wz_law_offcr_ind,wz_ln_closure,wz_moving,wz_other,wz_shlder_mdn,vehicle_count,automobile_count,motorcycle_count,bus_count,small_truck_count,heavy_truck_count,suv_count,van_count,bicycle_count,maj_inj_count,mod_inj_count,min_inj_count,tot_inj_count,unk_inj_deg_count,unk_inj_per_count,driver_count_16yr,driver_count_17yr,driver_count_18yr,driver_count_19yr,driver_count_20yr,driver_count_50_64yr,driver_count_65_74yr,driver_count_75plus,unbelted_occ_count,unb_death_count,unb_maj_inj_count,belted_death_count,belted_maj_inj_count,mcycle_death_count,mcycle_maj_inj_count,bicycle_death_count,bicycle_maj_inj_count,ped_count,ped_death_count,ped_maj_inj_count,max_severity_level,comm_veh_count,dec_lat,dec_long,rdwy_surf_type_cd,county_name
10936,115754,2017111205,6,67,67301,2017,10,7,953,9,1,1,0,1,1, , ,N,0,0,0,3,0,0,3,2,N,N,39 57:25.147,75 09:21.199,1018, ,1006, ,0, , , ,0, , , , , , , , , ,2,0,0,0,0,0,2,0,0,0,0,0,0,0,0,0,0,0,0,0,0,0,0,0,0,0,0,0,0,0,0,0,0,0,0,0,0,39.957,-75.1559, ,Philadelphia
10937,107372,2017102642,6,67,67301,2017,9,3,2346,23,3,1,0,5,1, , ,N,0,0,0,3,0,1,2,2,N,N,39 56:03.318,75 11:59.596,2358, ,2352,2,2,4, , ,0,N, , , , , , , , ,2,1,0,0,0,0,0,1,0,0,0,0,1,1,0,0,0,0,0,0,1,0,0,0,0,0,0,0,0,0,0,0,0,0,0,8,0,39.9343,-75.1999, ,Philadelphia
10938,107400,2017127295,6,67,67301,2017,11,2,1350,13,1,1,0,4,1, , ,N,0,0,7,3,0,0,4,2,N,N,40 02:01.055,75 01:03.255,1355, ,1353,9,2,1, , ,0,N, , , , , , , , ,2,1,0,0,0,0,1,0,0,0,0,0,0,0,0,0,0,0,0,0,1,0,0,0,0,0,0,0,0,0,0,0,0,0,0,0,0,40.0336,-75.0176, ,Philadelphia
10939,107415,2018005552,6,67,67301,2017,12,7,2045,20,3,4,4,7,4, , ,N,0,0,0,3,0,1,2,1,N,N,40 00:32.454,75 03:58.797,2055, ,2050, ,0, ,N, ,0, , , , , , , , , ,1,1,0,0,0,0,0,0,0,0,0,0,1,1,0,0,0,0,0,0,0,0,0,2,0,0,0,0,0,0,0,0,0,0,0,8,0,40.009,-75.0663, ,Philadelphia
10940,107416,2018005185,6,67,67301,2017,12,5,337,3,3,4,4,7,3, , ,N,0,0,0,3,0,2,2,1,N,N,39 53:30.539,75 13:24.954,426, ,413, ,0, , , ,0, , , , , , , , , ,1,0,0,0,0,0,1,0,0,0,2,0,2,0,0,0,0,0,0,0,0,0,0,0,0,0,0,0,0,0,0,0,0,0,0,3,0,39.8918,-75.2236, ,Philadelphia
10941,107423,2017105943,6,67,67301,2017,9,5,2215,22,2,1,0,5,6, , ,N,0,0,0,3,0,0,2,3,N,N,40 03:50.742,75 10:49.256,2221, ,2218,1,2,1,N, ,0,Y, , , , , , , , ,3,3,0,0,0,0,0,0,0,0,0,0,0,0,0,0,0,0,0,0,1,0,0,0,0,0,0,0,0,0,0,0,0,0,0,0,0,40.0641,-75.1803, ,Philadelphia
10942,107433,2017091873,6,67,67301,2017,8,2,2315,23,3,1,0,4,1, , ,N,1,3,0,3,0,2,4,2,N,N,40 01:51.254,75 03:55.815,2323, ,2320,1,1,3,N, ,3,N, , , , , , , , ,2,2,0,0,0,0,0,0,0,0,0,2,2,0,0,0,0,0,0,0,1,0,0,2,0,0,0,0,0,0,0,0,0,0,0,4,0,40.0309,-75.0655, ,Philadelphia
10943,107453,2018029927,6,67,67301,2017,12,1,235,2,3,1,0,5,6, , ,N,0,0,0,3,0,0,1,2,N,N,40 05:58.400,75 00:40.900,245, ,238, ,0, ,N, ,0, , , , , , , , , ,2,0,0,0,1,0,0,1,0,0,0,0,0,0,0,0,0,0,0,0,0,0,0,0,0,0,0,0,0,0,0,0,0,0,0,0,0,40.0996,-75.0114, ,Philadelphia
10944,107455,2018027454,6,67,67301,2017,12,5,946,9,1,1,0,4,1, , ,N,1,2,0,3,0,0,2,2,N, ,40 00:51.663,75 10:41.163,952, ,947,1,1,1,N, ,3,Y, , , , , , , , ,2,2,0,0,0,0,0,0,0,0,0,0,0,0,0,0,0,0,0,0,1,0,1,0,0,0,0,0,0,0,0,0,0,0,0,0,0,40.0144,-75.1781, ,Philadelphia
10945,107470,2017109986,6,67,67301,2017,10,2,1830,18,3,1,0,4,1, , ,N,1,2,0,3,0,1,3,2,N, ,40 01:57.781,75 10:27.850,1858, ,1846, ,0, , , ,3, , , , , , , , , ,2,2,0,0,0,0,0,0,0,0,0,0,1,1,0,0,0,0,0,0,0,0,0,2,0,0,0,0,0,0,0,0,0,0,0,8,0,40.0327,-75.1744, ,Philadelphia
10946,107473,2017093597,6,67,67301,2017,8,7,1900,19,1,1,0,4,1, , ,N,1,2,0,3,0,5,5,3,N,N,39 56:25.922,75 13:08.059,1903, ,1901,3,2,5,N, ,3,Y, , , , , , , , ,3,1,0,0,0,0,2,0,0,0,0,5,5,0,0,0,0,0,0,0,0,0,0,0,0,0,0,0,0,0,0,0,0,0,0,4,0,39.9405,-75.2189, ,Philadelphia
10947,107474,2017101829,6,67,67301,2017,9,4,912,9,1,1,0,4,1, , ,N,1,3,0,3,0,1,2,4,N,N,40 04:47.373,75 10:42.689,918, ,915, ,0, ,N, ,3, , , , , , , , , ,4,2,0,0,0,0,2,0,0,0,0,0,1,1,0,0,0,0,0,0,0,1,0,1,0,0,0,0,0,0,0,0,0,0,0,8,0,40.0798,-75.1785, ,Philadelphia
10948,107507,2017122795,6,67,67301,2017,10,7,1604,16,1,1,0,4,1, , ,N,0,0,7,3,0,1,3,2,N,N,39 55:01.321,75 14:47.973,1705, ,1703, ,0, , , ,0, , , , , , , , , ,2,1,0,0,0,0,1,0,0,0,0,1,1,0,0,0,0,0,0,0,1,0,0,1,0,0,0,0,0,0,0,0,0,0,0,4,0,39.9171,-75.2465, ,Philadelphia
10949,107514,2018005503,6,67,67301,2017,12,1,1656,16,3,1,0,3,1, , ,N,0,0,0,3,0,1,2,2,N,N,39 58:06.300,75 12:02.200,1659, ,1656,2,2,5,N, ,0,Y, , , , , , , , ,2,0,0,0,0,0,2,0,0,0,0,1,1,0,0,0,0,0,0,0,1,0,0,0,0,0,0,0,0,0,0,0,0,0,0,4,0,39.9684,-75.2006, ,Philadelphia
10950,107518,2017101813,6,67,67301,2017,9,1,1630,16,1,1,0,1,1, , ,N,0,0,0,3,0,8,14,5,N,N,39 57:34.187,75 10:29.280,1655, ,1634,3,1,4,N, ,0,N, , , , , , , , ,5,3,0,0,0,1,1,0,0,0,0,8,8,0,0,0,0,0,0,0,1,0,0,0,0,0,0,0,0,0,0,0,0,0,0,4,0,39.9595,-75.1748, ,Philadelphia
10951,107526,2017133992,6,67,67301,2017,11,1,1856,18,3,1,0,4,1, , ,N,0,2,7,3,0,2,3,2,N,N,39 54:13.700,75 14:30.500,1908, ,1859,2,1,2,N, ,3,N, , , , , , , , ,2,2,0,0,0,0,0,0,0,0,0,0,2,2,1,0,0,0,0,0,0,0,0,0,0,0,0,0,0,0,0,0,0,0,0,8,0,39.9038,-75.2418, ,Philadelphia
10952,107535,2017130674,6,67,67301,2017,11,4,1730,17,3,1,0,4,1, , ,N,1,3,0,3,0,0,3,2,N, ,40 02:12.433,75 04:09.245,1822, ,1807, ,0, ,N, ,3, , , , , , , , , ,2,2,0,0,0,0,0,0,0,0,0,0,0,0,0,0,0,0,1,0,0,0,0,0,0,0,0,0,0,0,0,0,0,0,0,0,0,40.0368,-75.0692, ,Philadelphia
10953,107540,2018020685,6,67,67301,2017,12,1,240,2,3,4,4,1,1, , ,N,0,0,0,3,0,2,3,3,N,N,39 58:10.613,75 07:56.368,245, ,241,3,2,3,N, ,0,Y, , , , , , , , ,3,2,0,0,0,0,1,0,0,0,0,2,2,0,0,0,0,0,0,0,0,0,0,0,0,0,0,0,0,0,0,0,0,0,0,4,0,39.9696,-75.1323, ,Philadelphia
10954,107546,2017128016,6,67,67301,2017,11,1,201,2,3,2,1,5,6, , ,N,0,0,0,3,0,0,1,4,N, ,40 00:40.700,75 09:16.300,301, ,246, ,0, , , ,0, , , , , , , , , ,4,2,0,0,0,0,2,0,0,0,0,0,0,0,1,0,0,0,0,0,0,0,0,0,0,0,0,0,0,0,0,0,0,0,0,9,0,40.0113,-75.1545, ,Philadelphia
10955,110489,2017137585,6,67,67301,2017,11,3,1823,18,6,1,0,8,1, , ,N,1,2,0,3,0,1,2,2,N,N,39 57:14.385,75 13:47.978,2040, ,2030, ,0, ,N, ,3, , , , , , , , , ,1,0,0,0,0,0,1,0,0,0,1,0,1,0,0,0,0,0,0,0,1,0,0,0,0,0,0,0,0,0,0,0,1,0,0,3,0,39.954,-75.23, ,Philadelphia
10956,110499,2017127353,6,67,67301,2017,11,4,840,8,1,1,0,4,1, , ,N,1,3,0,3,0,0,5,2,N,N,39 57:22.446,75 12:48.582,850, ,844, ,0, ,N, ,3, , , , , , , , , ,2,2,0,0,0,0,0,0,0,0,0,0,0,0,0,0,0,0,0,0,0,0,0,0,0,0,0,0,0,0,0,0,0,0,0,0,0,39.9562,-75.2135, ,Philadelphia
10957,110502,2017120571,6,67,67301,2017,10,1,1241,12,1,2,1,5,1, , ,N,0,0,0,3,0,1,3,2,N,N,39 59:46.383,75 12:06.251,1319, ,1308, ,0, ,N, ,0, , , , , , , , , ,2,2,0,0,0,0,0,0,0,0,0,1,1,0,0,0,0,1,0,0,0,0,0,1,0,0,0,0,0,0,0,0,0,0,0,4,0,39.9962,-75.2017, ,Philadelphia
10958,110505,2017137583,6,67,67301,2017,11,4,1615,16,1,1,0,1,6, , ,N,0,0,0,3,0,0,3,2,N,N,39 57:31.800,75 13:15.700,1650, ,1644, ,0, ,N, ,0, , , , , , , , , ,2,2,0,0,0,0,0,0,0,0,0,0,0,0,3,0,0,0,0,0,0,0,0,0,0,0,0,0,0,0,0,0,0,0,0,9,0,39.9588,-75.221, ,Philadelphia
10959,110506,2017118118,6,67,67301,2017,11,6,1645,16,4,1,0,4,1, , ,N,1,2,0,3,0,1,2,2,N,N,40 03:16.929,75 07:29.472,1650, ,1647, ,0, ,N, ,3, , , , , , , , , ,2,1,0,0,0,0,1,0,0,0,0,0,1,1,0,0,0,0,0,0,0,0,0,0,0,0,0,0,0,0,0,0,0,0,0,8,0,40.0546,-75.125, ,Philadelphia
10960,110525,2018029255,6,67,67301,2017,12,4,700,7,1,1,0,4,1, , ,N,5,2,0,3,0,1,2,2,N,N,40 00:17.830,75 10:43.883,829, ,828,2,1,6,N, ,3,N, , , , , , , , ,2,1,0,0,0,0,1,0,0,0,0,0,1,1,0,0,0,0,0,0,1,0,0,0,0,0,0,0,0,0,0,0,0,0,0,8,0,40.0049,-75.1787, ,Philadelphia
10961,110526,2018005434,6,67,67301,2017,12,5,214,2,3,1,0,7,4, , ,N,0,0,0,3,0,1,1,1,N,N,40 03:09.901,75 03:03.318,225, ,223, ,0, ,N, ,0, , , , , , , , , ,1,1,0,0,0,0,0,0,0,0,0,0,1,1,0,0,0,0,0,0,0,0,0,0,0,0,0,0,0,0,0,0,0,0,0,8,0,40.0528,-75.0509, ,Philadelphia
10962,110527,2018029248,6,67,67301,2017,12,4,9999,99,3,4,3,5,6, , ,N,0,0,0,3,0,0,1,2,N,N,39 58:18.600,75 12:14.000,2354, ,2354, ,0, ,N, ,0, , , , , , , , , ,2,1,0,0,0,0,1,0,0,0,0,0,0,0,0,0,0,0,0,0,0,0,0,0,0,0,0,0,0,0,0,0,0,0,0,0,0,39.9718,-75.2039, ,Philadelphia
10963,110548,2017105989,6,67,67301,2017,9,4,1610,16,1,3,1,4,1, , ,N,1,2,0,3,0,1,2,2,N, ,40 02:34.113,75 03:47.339,1630, ,1625, ,0, , , ,3, , , , , , , , , ,2,1,0,0,0,0,0,1,0,0,0,1,1,0,0,0,0,0,0,0,1,0,0,0,0,0,0,0,0,0,0,0,0,0,0,4,0,40.0428,-75.0631, ,Philadelphia
10964,110559,2017127311,6,67,67301,2017,11,1,420,4,3,2,1,5,6, , ,N,0,0,0,3,0,0,1,3,N,N,39 59:58.800,75 10:28.000,430, ,425, ,0, ,N, ,0, , , , , , , , , ,3,1,0,0,0,0,0,2,0,0,0,0,0,0,0,0,0,0,0,0,0,0,0,0,0,0,0,0,0,0,0,0,0,0,0,0,0,39.9997,-75.1744, ,Philadelphia
10965,110573,2018029800,6,67,67301,2017,12,5,855,8,1,8,5,1,1, , ,N,0,0,3,3,0,0,3,3,N,N,40 02:38.096,75 13:03.501,901, ,858, ,0, ,N, ,0, , , , , , , , , ,3,3,0,0,0,0,0,0,0,0,0,0,0,0,0,0,0,0,0,0,0,0,0,0,0,0,0,0,0,0,0,0,0,0,0,0,0,40.0439,-75.2176, ,Philadelphia
10966,110574,2018028950,6,67,67301,2017,12,6,1436,14,1,4,3,1,1, , ,N,1,2,0,3,0,0,2,2,N,N,40 04:08.982,75 00:26.173,1452, ,1448,1,1,3,N, ,3,N, , , , , , , , ,2,1,0,0,0,0,1,0,0,0,0,0,0,0,0,0,0,1,0,0,1,0,0,0,0,0,0,0,0,0,0,0,0,0,0,0,0,40.0692,-75.0073, ,Philadelphia
10967,110579,2017109809,6,67,67301,2017,9,3,1530,15,1,1,0,4,1, , ,N,1,2,0,3,0,1,3,2,N,N,39 56:26.512,75 13:26.950,1530, ,1530, ,0, ,N, ,3, , , , , , , , , ,2,1,0,0,0,0,1,0,0,0,0,0,1,1,2,0,0,0,0,0,0,0,0,0,0,0,0,0,0,0,0,0,0,0,0,8,0,39.9407,-75.2242, ,Philadelphia
10968,110581,2017097909,6,67,67301,2017,8,4,800,8,2,1,0,7,5, , ,N,0,0,0,3,0,1,1,1,N, ,40 03:58.000,75 14:23.503,9999, ,9999, ,0, , , ,0, , , , , , , , , ,1,1,0,0,0,0,0,0,0,0,0,0,1,1,0,0,0,0,0,0,0,0,0,0,0,0,0,0,0,0,0,0,0,0,0,8,0,40.0661,-75.2399, ,Philadelphia
10969,110589,2017109806,6,67,67301,2017,9,2,858,8,1,1,0,8,1, , ,N,1,3,0,3,0,1,2,2,N,N,39 58:36.289,75 13:57.972,905, ,859, ,0, ,N, ,3, , , , , , , , , ,1,1,0,0,0,0,0,0,0,0,0,0,1,1,0,0,0,0,0,0,1,0,0,1,0,0,0,0,0,0,0,0,1,0,0,8,0,39.9767,-75.2328, ,Philadelphia
10970,110595,2017106062,6,67,67301,2017,9,7,2003,20,3,2,1,8,1, , ,N,1,2,0,3,0,1,2,2,N,N,39 58:08.111,75 08:10.324,2009, ,2008, ,0, , , ,3, , , , , , , , , ,1,1,0,0,0,0,0,0,0,0,0,0,1,1,0,0,0,0,0,0,0,0,0,1,0,0,0,0,0,0,0,0,1,0,0,8,0,39.9688,-75.1362, ,Philadelphia
10971,110602,2017111045,6,67,67301,2017,10,5,830,8,1,1,0,4,1, , ,N,1,3,0,3,0,1,3,2,N,N,39 58:00.012,75 09:18.143,836, ,834, ,0, ,N, ,3, , , , , , , , , ,1,1,0,0,0,0,0,0,1,0,0,1,1,0,0,0,0,0,0,0,0,0,0,0,0,0,0,0,0,0,0,0,0,0,0,4,0,39.9667,-75.155, ,Philadelphia
10972,110616,2017127477,6,67,67301,2017,11,7,2110,21,3,1,0,4,1, , ,N,2,2,0,3,0,0,2,2,N, ,40 02:32.107,75 13:34.029,2117, ,2113, ,0, , , ,3, , , , , , , , , ,2,2,0,0,0,0,0,0,0,0,0,0,0,0,0,0,0,0,0,0,0,0,0,1,0,0,0,0,0,0,0,0,0,0,0,0,0,40.0423,-75.2261, ,Philadelphia
10973,113816,2018029745,6,67,67301,2017,12,4,620,6,3,1,0,8,1, , ,N,0,0,0,3,0,1,2,2,N,N,40 03:26.400,75 01:44.200,910, ,900, ,0, ,N, ,0, , , , , , , , , ,1,1,0,0,0,0,0,0,0,0,1,0,1,0,0,0,0,0,0,0,0,0,0,0,0,0,0,0,0,0,0,0,1,0,0,3,0,40.0573,-75.0289, ,Philadelphia
10974,113818,2017093543,6,67,67301,2017,8,4,2110,21,3,1,0,1,1, , ,N,1,2,0,3,0,1,2,2,N, ,40 05:12.438,74 58:18.635,2116, ,2114, ,0, , , ,3, , , , , , , , , ,2,1,0,0,0,0,1,0,0,0,0,1,1,0,0,0,0,0,0,0,1,0,1,0,0,0,0,0,0,0,0,0,0,0,0,4,0,40.0868,-74.9718, ,Philadelphia
10975,113826,2017120517,6,67,67301,2017,11,4,1635,16,1,1,0,1,1, , ,N,0,0,0,3,0,0,4,3,N,N,40 02:42.500,75 09:36.100,1718, ,1641, ,0, ,N, ,0, , , , , , , , , ,3,2,0,0,0,0,1,0,0,0,0,0,0,0,0,0,0,0,0,1,1,0,0,0,0,0,0,0,0,0,0,0,0,0,0,0,0,40.0451,-75.16, ,Philadelphia
10976,113836,2017127447,6,67,67301,2017,11,2,1105,11,1,2,1,7,4, , ,N,1,2,0,3,0,0,1,1,N,N,40 01:13.581,75 11:32.810,1109, ,1109, ,0, ,N, ,3, , , , , , , , , ,1,0,0,0,0,0,1,0,0,0,0,0,0,0,0,0,0,0,0,0,1,0,0,0,0,0,0,0,0,0,0,0,0,0,0,0,0,40.0205,-75.1924, ,Philadelphia
10977,113870,2017127406,6,67,67301,2017,11,7,1851,18,2,1,0,4,1, , ,N,2,3,0,3,0,1,2,4,N, ,39 58:53.421,75 11:01.021,1959, ,1851, ,0, , , ,3, , , , , , , , , ,4,2,0,0,1,0,1,0,0,0,0,1,1,0,0,0,0,0,0,0,1,0,0,1,0,0,0,0,0,0,0,0,0,0,0,4,0,39.9815,-75.1836, ,Philadelphia
10978,113878,2018008547,6,67,67301,2017,12,3,1729,17,3,1,0,1,1, , ,N,0,0,0,3,0,1,2,2,N,N,40 00:32.481,75 12:20.752,1736, ,1731, ,0, , , ,0, , , , , , , , , ,2,1,0,0,0,0,1,0,0,0,0,0,1,1,1,0,0,0,0,0,1,0,0,0,0,0,0,0,0,0,0,0,0,0,0,8,0,40.009,-75.2058, ,Philadelphia
10979,113879,2018020731,6,67,67301,2017,11,5,1443,14,1,1,0,1,1, , ,N,2,2,0,3,0,1,3,2,N,N,40 00:00.307,75 10:40.475,1450, ,1443, ,0, ,N, ,3, , , , , , , , , ,2,2,0,0,0,0,0,0,0,0,0,1,1,0,0,0,0,0,0,0,2,0,0,0,0,0,0,0,0,0,0,0,0,0,0,4,0,40.0001,-75.1779, ,Philadelphia
10980,113884,2018034717,6,67,67301,2017,7,6,2130,21,3,1,0,4,1, , ,N,0,0,0,3,0,1,2,2,N,N,39 59:51.157,75 07:18.781,9999, ,9999, ,0, ,N, ,0, , , , , , , , , ,2,1,0,0,0,0,1,0,0,0,1,0,1,0,0,0,0,0,0,0,1,0,0,0,0,0,0,0,0,0,0,0,0,0,0,3,0,39.9975,-75.1219, ,Philadelphia
10981,113895,2017137536,6,67,67301,2017,12,7,35,0,3,1,0,5,6, , ,N,0,0,0,3,0,1,2,2,N, ,40 00:40.743,75 05:18.674,50, ,40, ,0, ,N, ,0, , , , , , , , , ,2,0,0,1,1,0,0,0,0,0,0,1,1,0,0,0,0,0,0,0,1,0,0,0,0,0,0,0,0,0,0,0,0,0,0,4,1,40.0113,-75.0885, ,Philadelphia
10982,113909,2018027439,6,67,67301,2017,12,7,1600,16,1,2,1,8,1, , ,N,1,2,0,3,0,1,2,2,N,N,39 58:58.770,75 06:05.073,1842, ,1820, ,0, ,N, ,3, , , , , , , , , ,1,0,0,0,0,0,0,1,0,0,0,1,1,0,1,0,0,0,0,0,0,0,0,0,0,0,0,0,0,0,0,0,1,0,0,4,0,39.983,-75.1014, ,Philadelphia
10983,113943,2017127500,6,67,67301,2017,11,3,1645,16,4,2,1,8,1, , ,N,0,0,0,3,0,1,2,2,N,N,39 58:49.244,75 10:14.724,1650, ,1648,1,2,6,N, ,0,Y, , , , , , , , ,1,0,0,0,0,0,1,0,0,0,0,0,1,1,0,0,0,0,0,0,0,0,0,1,0,0,0,0,0,0,0,0,1,0,0,8,0,39.9803,-75.1708, ,Philadelphia
10984,113947,2017132191,6,67,67301,2017,12,7,1333,13,1,4,1,7,3, , ,N,0,0,0,3,0,0,1,1,N,N,39 54:01.078,75 09:29.780,1341, ,1340,2,2,2, , ,0,N, , , , , , , , ,1,1,0,0,0,0,0,0,0,0,0,0,0,0,0,0,0,0,0,0,0,0,0,0,0,0,0,0,0,0,0,0,0,0,0,0,0,39.9003,-75.1582, ,Philadelphia
10985,113954,2017130723,6,67,67301,2017,10,4,800,8,1,1,0,4,1, , ,N,0,0,0,3,0,1,2,2,N,N,39 57:05.300,75 12:34.600,1911, ,1909, ,0, ,N, ,0, , , , , , , , , ,1,1,0,0,0,0,0,0,1,0,0,1,1,0,0,0,0,0,0,0,0,0,0,0,0,0,0,0,0,0,0,0,0,0,0,4,0,39.9515,-75.2096, ,Philadelphia
10986,113964,2018029253,6,67,67301,2017,12,4,900,9,1,1,0,1,1, , ,N,1,2,0,3,0,3,3,2,N,N,40 02:22.249,75 09:15.913,930, ,900, ,0, ,N, ,9, , , , , , , , , ,2,1,0,0,0,0,0,1,0,0,0,3,3,0,0,0,0,0,0,1,0,0,0,0,0,0,0,0,0,0,0,0,0,0,0,4,0,40.0395,-75.1544, ,Philadelphia
10987,113971,2017132184,6,67,67301,2017,12,4,1704,17,3,1,0,1,1, , ,N,0,0,3,3,0,2,3,2,N,N,39 59:00.400,75 05:51.673,1740, ,1711, ,0, ,N, ,0, , , , , , , , , ,2,1,0,0,0,0,1,0,0,0,2,0,2,0,0,0,0,0,0,0,1,0,0,0,0,0,0,0,0,0,0,0,0,0,0,3,0,39.9834,-75.0977, ,Philadelphia
10988,113978,2018005459,6,67,67301,2017,12,7,2102,21,3,4,4,7,5, , ,N,0,0,0,3,0,0,2,1,N,N,39 58:10.200,75 13:32.200,2122, ,2122, ,0, ,N, ,0, , , , , , , , , ,1,1,0,0,0,0,0,0,0,0,0,0,0,0,0,0,0,0,0,0,0,0,0,0,0,0,0,0,0,0,0,0,0,0,0,0,0,39.9695,-75.2256, ,Philadelphia
10989,113979,2018033734,6,67,67301,2017,6,3,1500,15,1,1,1,1,1, , ,N,0,0,0,3,0,1,2,2,N,N,40 00:59.844,75 08:58.301,0, ,0, ,0, ,N, ,0, , , , , , , , , ,2,0,0,0,0,0,1,0,0,0,1,0,1,0,0,0,0,0,0,0,0,0,0,0,0,0,0,0,0,0,0,0,0,0,0,3,0,40.0166,-75.1495, ,Philadelphia
10990,113980,2018027345,6,67,67301,2017,12,3,1745,17,1,1,0,5,1, , ,N,5,2,2,3,0,0,2,2,N,N,39 57:26.554,75 09:07.974,1750, ,1747, ,0, ,N, ,3, , , , , , , , , ,2,1,0,0,0,0,1,0,0,0,0,0,0,0,0,0,0,0,0,0,1,0,0,0,0,0,0,0,0,0,0,0,0,0,0,0,0,39.9574,-75.1522, ,Philadelphia
10991,117245,2017130608,6,67,67301,2017,11,4,1130,11,1,1,0,4,1, , ,N,1,3,0,3,0,1,2,2,N,N,39 58:46.587,75 09:54.116,1135, ,1134, ,0, ,N, ,3, , , , , , , , , ,2,1,1,0,0,0,0,0,0,0,1,0,1,0,0,0,1,0,0,0,0,0,0,0,0,0,0,0,0,0,0,0,0,0,0,3,0,39.9796,-75.165, ,Philadelphia
10992,117292,2017135026,6,67,67301,2017,11,2,925,9,1,1,0,4,1, , ,N,1,2,8,3,0,0,2,2,N,N,40 01:13.441,75 09:07.585,941, ,934,2,1,4,Y, ,3,Y, , , , , , , , ,2,0,0,0,1,0,0,1,0,0,0,0,0,0,0,0,0,0,0,0,1,1,0,0,0,0,0,0,0,0,0,0,0,0,0,0,0,40.0204,-75.1521, ,Philadelphia
10993,117293,2017135042,6,67,67301,2017,11,1,2325,23,3,1,0,7,4, , ,N,1,2,0,3,0,1,1,1,N,N,40 02:58.603,75 07:22.040,135, ,123, ,0, ,N, ,3, , , , , , , , , ,1,0,0,0,0,0,1,0,0,0,0,1,1,0,0,0,0,0,0,0,1,0,0,0,0,0,0,0,0,0,0,0,0,0,0,4,0,40.0496,-75.1228, ,Philadelphia
10994,117314,2018029826,6,67,67301,2017,12,5,1430,14,1,1,0,8,1, , ,N,1,2,0,3,0,1,2,2,N,N,40 02:41.931,75 08:58.819,1436, ,1435, ,0, ,N, ,3, , , , , , , , , ,1,0,0,0,0,0,1,0,0,0,1,0,1,0,1,0,0,0,0,0,0,0,0,0,0,0,0,0,0,0,0,0,1,0,0,3,0,40.045,-75.1497, ,Philadelphia
10995,117316,2018005532,6,67,67301,2017,12,1,1900,19,3,1,0,4,1, , ,N,1,2,0,3,0,4,5,2,N,N,39 55:10.448,75 14:24.792,1900, ,1900, ,0, ,N, ,3, , , , , , , , , ,2,2,0,0,0,0,0,0,0,0,0,4,4,0,0,0,0,0,0,0,1,0,0,1,0,0,0,0,0,0,0,0,0,0,0,4,0,39.9196,-75.2402, ,Philadelphia
10996,117317,2018020733,6,67,67301,2017,11,1,1819,18,3,1,0,8,1, , ,N,1,2,0,3,0,1,2,2,N,N,39 56:21.771,75 09:39.664,1820, ,1820, ,0, ,N, ,3, , , , , , , , , ,1,1,0,0,0,0,0,0,0,0,0,1,1,0,0,0,0,0,0,0,1,0,0,0,0,0,0,0,0,0,0,0,1,0,0,4,0,39.9394,-75.161, ,Philadelphia
10997,117320,2018033752,6,67,67301,2017,6,3,1130,11,1,1,0,5,1, , ,N,0,0,0,3,0,1,2,2,N,N,40 06:14.430,75 00:08.825,0, ,0, ,0, ,N, ,0, , , , , , , , , ,2,0,0,0,0,0,2,0,0,0,1,0,1,0,0,0,0,0,1,0,0,0,1,0,0,0,0,0,0,0,0,0,0,0,0,3,0,40.104,-75.0025, ,Philadelphia
10998,117349,2018027537,6,67,67301,2017,12,6,200,2,3,1,0,1,1, , ,N,0,3,0,3,0,0,2,2,N,N,39 58:34.058,75 11:21.364,800, ,0, ,0, ,N, ,2, , , , , , , , , ,2,1,0,0,0,0,0,0,0,0,0,0,0,0,1,0,0,0,0,0,0,0,0,0,0,0,0,0,0,0,0,0,0,0,0,9,0,39.9761,-75.1893, ,Philadelphia
10999,117353,2017107979,6,67,67301,2017,8,6,912,9,1,1,0,1,1, , ,N,0,0,0,3,0,0,2,2,N,N,40 04:41.275,75 12:39.824,934, ,920, ,0, ,N, ,0, , , , , , , , , ,2,0,0,0,0,0,2,0,0,0,0,0,0,0,0,0,0,0,0,0,1,0,0,0,0,0,0,0,0,0,0,0,0,0,0,0,0,40.0781,-75.2111, ,Philadelphia
11000,117361,2017091159,6,67,67301,2017,8,6,1800,18,1,1,0,5,1, , ,N,0,0,0,3,0,2,2,2,N,N,40 00:34.616,75 07:02.756,1806, ,9999, ,0, , , ,0, , , , , , , , , ,2,0,0,0,0,0,2,0,0,0,1,0,2,1,0,0,0,0,0,0,0,0,0,0,0,0,0,0,0,0,0,0,0,0,0,3,0,40.0096,-75.1174, ,Philadelphia