objectid_1,objectid,crn,district,county,municipality,crash_year,crash_month,day_of_week,time_of_day,hour_of_day,illumination,weather,road_condition,collision_type,relation_to_road,work_zone_type,work_zone_loc,work_zone_ind,intersect_type,tcd_type,location_type,urban_rural,fatal_count,injury_count,person_count,total_units,sch_bus_ind,sch_zone_ind,latitude,longitude,arrival_tm,cons_zone_spd_lim,dispatch_tm,est_hrs_closed,lane_closed,ln_close_dir,ntfy_hiwy_maint,spec_juris_cd,tcd_func_cd,tfc_detour_ind,workers_pres,wz_close_detour,wz_flagger,wz_law_offcr_ind,wz_ln_closure,wz_moving,wz_other,wz_shlder_mdn,vehicle_count,automobile_count,motorcycle_count,bus_count,small_truck_count,heavy_truck_count,suv_count,van_count,bicycle_count,maj_inj_count,mod_inj_count,min_inj_count,tot_inj_count,unk_inj_deg_count,unk_inj_per_count,driver_count_16yr,driver_count_17yr,driver_count_18yr,driver_count_19yr,driver_count_20yr,driver_count_50_64yr,driver_count_65_74yr,driver_count_75plus,unbelted_occ_count,unb_death_count,unb_maj_inj_count,belted_death_count,belted_maj_inj_count,mcycle_death_count,mcycle_maj_inj_count,bicycle_death_count,bicycle_maj_inj_count,ped_count,ped_death_count,ped_maj_inj_count,max_severity_level,comm_veh_count,dec_lat,dec_long,rdwy_surf_type_cd,county_name
11397,146902,2016040947,6,67,67301,2016,4,3,1435,14,1,1,0,8,1, , ,N,1,3,0,3,0,1,2,2,N,N,40 01:33.279,75 08:01.827,1452, ,1949, ,0, ,N, ,3, , , , , , , , , ,1,0,0,0,0,0,0,0,0,0,1,0,1,0,0,0,0,0,0,0,0,0,0,0,0,0,0,0,0,0,0,0,1,0,0,3,0,40.0259,-75.1338, , 
11398,146915,2016062529,6,67,67301,2016,6,4,1355,13,1,1,0,4,1, , ,N,2,0,7,3,0,1,3,2,N, ,40 01:56.924,75 03:53.757,1355, ,1355,2,2,5, , ,0,Y, , , , , , , , ,2,0,0,0,0,0,1,1,0,0,0,1,1,0,0,0,0,0,0,1,0,0,0,0,0,0,0,0,0,0,0,0,0,0,0,4,0,40.0325,-75.0649, , 
11399,146916,2016062603,6,67,67301,2016,5,6,9999,99,3,1,0,4,1, , ,N,1,2,0,3,0,5,5,2,N, ,40 03:10.684,75 08:12.112,2039, ,2016,9,1,1, , ,3,N, , , , , , , , ,2,0,0,0,0,0,1,1,0,0,0,5,5,0,0,0,0,0,0,0,0,0,0,0,0,0,0,0,0,0,0,0,0,0,0,4,0,40.053,-75.1367, , 
11400,146930,2016013828,6,67,67301,2016,1,2,1610,16,1,1,0,4,1, , ,N,5,2,2,3,0,2,4,2,N,N,39 57:26.413,75 09:08.132,1625, ,1615,1,1,2,N, ,3,N, , , , , , , , ,2,2,0,0,0,0,0,0,0,0,0,2,2,0,1,0,0,0,0,0,0,0,0,0,0,0,0,0,0,0,0,0,0,0,0,4,0,39.9573,-75.1523, , 
11401,146944,2016028354,6,67,67301,2016,2,7,2247,22,3,1,0,7,4, , ,N,2,0,0,3,0,0,1,2,N,N,40 03:16.099,75 01:07.517,2255, ,2250,3,2,3,N, ,0,Y, , , , , , , , ,2,2,0,0,0,0,0,0,0,0,0,0,0,0,1,0,0,0,0,0,0,0,0,0,0,0,0,0,0,0,0,0,0,0,0,9,0,40.0545,-75.0188, , 
11402,146990,2016025973,6,67,67301,2016,2,5,1910,19,2,1,0,8,1, , ,N,0,0,0,3,0,1,2,2,N, ,40 03:23.764,75 01:05.395,1920, ,1910, ,0, , , ,0, , , , , , , , , ,1,1,0,0,0,0,0,0,0,0,0,1,1,0,0,0,0,0,0,0,0,0,0,0,0,0,0,0,0,0,0,0,1,0,0,4,0,40.0566,-75.0182, , 
11403,146991,2016027530,6,67,67301,2016,2,2,1255,12,1,1,0,8,1, , ,N,1,2,0,3,0,1,2,2,N,N,39 57:10.730,75 10:06.316,1259, ,1257, ,0, , , ,3, , , , , , , , , ,1,0,0,0,0,0,1,0,0,0,1,0,1,0,0,0,0,0,1,0,0,0,0,0,0,0,0,0,0,0,0,0,1,0,0,3,0,39.953,-75.1685, , 
11404,146993,2016029854,6,67,67301,2016,3,3,1210,12,1,1,0,4,1, , ,N,1,2,0,3,0,1,2,2,N,N,39 59:30.475,75 11:10.951,1217, ,1212, ,0, ,N, ,3, , , , , , , , , ,2,1,0,0,0,0,1,0,0,0,0,1,1,0,0,0,0,0,0,0,0,1,0,0,0,0,0,0,0,0,0,0,0,0,0,4,0,39.9918,-75.1864, , 
11405,147003,2016041037,6,67,67301,2016,4,1,1503,15,1,1,0,4,1, , ,N,2,3,0,3,0,1,3,2,N,N,39 58:37.753,75 08:01.871,1538, ,1537, ,0, , , ,3, , , , , , , , , ,2,2,0,0,0,0,0,0,0,0,0,1,1,0,0,0,0,0,0,0,0,0,0,0,0,0,0,0,0,0,0,0,0,0,0,4,0,39.9772,-75.1339, , 
11406,147006,2016043700,6,67,67301,2016,3,4,8,0,3,1,0,8,1, , ,N,5,2,0,3,0,1,2,2,N,N,40 00:36.075,75 05:46.053,15, ,10, ,0, ,N, ,3, , , , , , , , , ,1,1,0,0,0,0,0,0,0,0,0,1,1,0,0,0,0,0,0,0,0,0,0,0,0,0,0,0,0,0,0,0,1,0,0,4,0,40.01,-75.0961, , 
11407,152789,2016052412,6,67,67301,2016,4,7,1200,12,1,1,0,4,1, , ,N,1,2,0,3,0,3,4,2,N,N,40 03:17.359,75 09:09.802,1212, ,1207,3,1,5,N, ,3,N, , , , , , , , ,2,0,0,0,0,0,1,1,0,0,0,3,3,0,0,0,0,0,0,0,1,0,0,0,0,0,0,0,0,0,0,0,0,0,0,4,0,40.0548,-75.1527, , 
11408,152792,2016053827,6,67,67301,2016,5,3,1315,13,1,1,0,5,1, , ,N,0,0,1,3,0,5,5,2,N,N,39 58:40.566,75 13:34.851,1315, ,1315,2,2,2,N, ,0,Y, , , , , , , , ,2,2,0,0,0,0,0,0,0,0,0,5,5,0,0,0,0,0,0,0,0,1,0,0,0,0,0,0,0,0,0,0,0,0,0,4,0,39.9779,-75.2263, , 
11409,152800,2016058535,6,67,67301,2016,5,5,925,9,1,1,0,1,1, , ,N,0,0,0,3,0,1,2,2,N,N,39 59:33.193,75 08:39.205,1215, ,1207, ,0, ,N, ,0, , , , , , , , , ,2,2,0,0,0,0,0,0,0,0,0,0,1,1,0,0,0,0,0,0,1,0,0,1,0,0,0,0,0,0,0,0,0,0,0,8,0,39.9926,-75.1442, , 
11410,152824,2016026068,6,67,67301,2016,2,3,1808,18,3,4,1,4,1, , ,N,1,2,0,3,0,2,4,2,N, ,40 04:51.806,75 01:43.881,1825, ,1819, ,0, , , ,3, , , , , , , , , ,2,2,0,0,0,0,0,0,0,0,0,2,2,0,0,0,0,1,0,0,0,0,0,0,0,0,0,0,0,0,0,0,0,0,0,4,0,40.0809,-75.0288, , 
11411,152834,2016034248,6,67,67301,2016,3,1,1746,17,1,1,0,1,1, , ,N,0,0,0,3,0,4,7,3,N,N,39 56:31.386,75 11:38.140,1754, ,1750,2,2,4, , ,0,N, , , , , , , , ,3,2,0,0,0,0,0,1,0,0,0,0,4,4,0,0,0,0,0,0,1,0,0,0,0,0,0,0,0,0,0,0,0,0,0,8,0,39.9421,-75.1939, , 
11412,152866,2016022049,6,67,67301,2016,2,2,1646,16,3,1,0,4,1, , ,N,1,3,0,3,0,1,3,2,N,N,40 02:58.996,75 10:18.239,1757, ,1748, ,0, ,N, ,3, , , , , , , , , ,2,2,0,0,0,0,0,0,0,0,0,1,1,0,2,0,0,0,0,0,0,0,0,0,0,0,0,0,0,0,0,0,0,0,0,4,0,40.0497,-75.1717, , 
11413,152893,2016056031,6,67,67301,2016,5,6,2115,21,3,1,0,8,6, , ,N,0,0,0,3,0,1,2,2,N, ,40 04:16.866,75 11:09.746,1558, ,1545, ,0, , , ,0, , , , , , , , , ,1,0,0,0,0,0,0,1,0,0,0,1,1,0,1,0,0,0,0,0,0,0,0,0,0,0,0,0,0,0,0,0,1,0,0,4,0,40.0714,-75.186, , 
11414,152924,2016031268,6,67,67301,2016,3,2,2129,21,3,1,0,1,3, , ,N,0,0,0,3,0,0,2,2,N,N,39 56:44.761,75 11:24.265,2237, ,2225,2,1,3, , ,0,N, , , , , , , , ,2,2,0,0,0,0,0,0,0,0,0,0,0,0,0,0,0,0,0,0,0,0,0,0,0,0,0,0,0,0,0,0,0,0,0,0,0,39.9458,-75.1901, , 
11415,152953,2016013107,6,67,67301,2016,1,1,2105,21,3,4,4,1,1, , ,N,0,0,0,3,0,3,9,3,N,N,39 57:20.947,75 10:50.784,2109, ,2106,1,2,3, , ,0,N, , , , , , , , ,3,2,0,0,0,0,1,0,0,0,0,2,3,1,0,0,0,0,0,0,0,0,0,1,0,0,0,0,0,0,0,0,0,0,0,4,0,39.9558,-75.1808, , 
11416,152954,2016013888,6,67,67301,2016,1,2,2002,20,3,1,0,4,1, , ,N,1,2,0,3,0,3,3,2,N,N,39 59:13.322,75 10:27.753,2030, ,2038, ,0, ,N, ,3, , , , , , , , , ,2,2,0,0,0,0,0,0,0,0,3,0,3,0,0,0,0,0,1,0,0,0,0,0,0,0,0,0,0,0,0,0,0,0,0,3,0,39.987,-75.1744, , 
11417,152958,2016023684,6,67,67301,2016,2,1,2345,23,3,1,0,8,1, , ,N,2,0,0,3,0,1,2,2,N,N,39 58:33.956,75 16:14.620,2100, ,2047, ,0, ,N, ,0, , , , , , , , , ,1,1,0,0,0,0,0,0,0,0,0,0,1,1,0,0,0,0,0,0,0,0,0,1,0,0,0,0,0,0,0,0,1,0,0,8,0,39.9761,-75.2707, , 
11418,152968,2016031078,6,67,67301,2016,2,1,1610,16,1,1,0,1,1, , ,N,0,2,0,3,0,0,6,4,N,N,39 58:10.345,75 11:09.541,1620, ,1612,9,1,2,N, ,3,N, , , , , , , , ,4,1,0,0,1,0,2,0,0,0,0,0,0,0,0,0,0,0,0,0,1,0,0,0,0,0,0,0,0,0,0,0,0,0,0,0,0,39.9695,-75.186, , 
11419,152988,2016046134,6,67,67301,2016,4,3,1034,10,1,2,1,4,1, , ,N,1,2,0,3,0,1,3,2,N,N,40 00:06.022,75 09:58.575,1040, ,1036, ,0, ,N, ,3, , , , , , , , , ,2,1,0,0,0,1,0,0,0,0,0,1,1,0,0,0,0,0,0,0,0,1,0,0,0,0,0,0,0,0,0,0,0,0,0,4,0,40.0017,-75.1663, , 
11420,153035,2016050046,6,67,67301,2016,4,7,1900,19,4,1,0,1,1, , ,N,6,4,2,3,0,2,6,2,N,N,40 00:47.499,75 12:23.255,1920, ,1908,2,1,2,N, ,3,N, , , , , , , , ,2,1,0,0,0,0,1,0,0,0,0,2,2,0,0,0,0,0,0,0,0,0,0,0,0,0,0,0,0,0,0,0,0,0,0,4,0,40.0132,-75.2065, , 
11421,153068,2016032086,6,67,67301,2016,3,4,38,0,3,1,0,4,1, , ,N,1,2,0,3,0,1,2,3,N,N,39 57:29.691,75 13:23.712,39, ,39,3,2,3,N, ,3,Y, , , , , , , , ,3,0,0,0,0,0,2,1,0,0,0,0,1,1,1,0,0,0,0,0,1,0,0,1,0,0,0,0,0,0,0,0,0,0,0,8,0,39.9582,-75.2232, , 
11422,153069,2016033830,6,46,46108,2016,3,5,1225,12,1,1,0,4,1, , ,N,1,2,0,3,0,0,2,2,N, ,40 05:34.368,75 13:24.847,1238, ,1230, ,0, , , ,3, , , , , , , , , ,2,1,0,0,1,0,0,0,0,0,0,0,0,0,0,0,0,0,0,0,0,0,0,0,0,0,0,0,0,0,0,0,0,0,0,0,0,40.0929,-75.2236, , 
11423,153074,2016039724,6,67,67301,2016,3,3,1558,15,1,1,0,4,1, , ,N,1,2,0,3,0,1,2,2,N,N,39 59:39.085,75 06:28.154,1606, ,1601, ,0, ,N, ,3, , , , , , , , , ,2,0,0,0,0,0,1,0,0,0,0,1,1,0,0,0,0,0,0,0,0,0,0,1,0,0,0,0,0,0,0,0,0,0,0,4,0,39.9942,-75.1078, , 
11424,153086,2016052406,6,67,67301,2016,4,5,1655,16,1,2,1,4,1, , ,N,2,3,0,3,0,4,5,2,N, ,39 58:58.072,75 12:22.561,1655, ,1643,3,1,4, , ,3,Y, , , , , , , , ,2,2,0,0,0,0,0,0,0,0,4,0,4,0,0,0,0,0,0,0,0,0,0,0,0,0,0,0,0,0,0,0,0,0,0,3,0,39.9828,-75.2063, , 
11425,150141,2016040929,6,67,67301,2016,4,7,1120,11,1,4,1,4,1, , ,N,2,3,0,3,0,1,3,2,N, ,40 05:15.316,75 04:26.446,1125, ,1120, ,0, , , ,3, , , , , , , , , ,2,2,0,0,0,0,0,0,0,0,0,1,1,0,0,0,0,0,0,0,2,0,0,0,0,0,0,0,0,0,0,0,0,0,0,4,0,40.0876,-75.074, , 
11426,150145,2016042485,6,67,67301,2016,4,6,1540,15,1,1,0,1,1, , ,N,0,0,0,3,0,0,4,3,N,N,39 58:36.511,75 06:49.998,1601, ,1543,2,1,2, , ,0,N, , , , , , , , ,3,3,0,0,0,0,0,0,0,0,0,0,0,0,0,0,0,0,0,0,1,0,0,0,0,0,0,0,0,0,0,0,0,0,0,0,0,39.9768,-75.1139, , 
11427,150146,2016044587,6,67,67301,2016,4,6,1210,12,1,2,1,4,1, , ,N,1,2,0,3,0,1,3,2,N,N,40 00:49.975,75 07:33.617,1211, ,1211, ,0, , , ,3, , , , , , , , , ,2,1,0,0,0,1,0,0,0,0,0,1,1,0,0,0,0,0,0,0,0,0,0,0,0,0,0,0,0,0,0,0,0,0,0,4,0,40.0139,-75.126, , 
11428,150158,2016011634,6,67,67301,2016,1,1,1901,19,3,1,1,7,4,1,4,Y,0,0,0,3,0,0,1,1,N,N,40 01:43.578,75 01:22.066,1914,45,1904,2,1,1, , ,0,N,N,N,N,N,Y,N,N,Y,1,1,0,0,0,0,0,0,0,0,0,0,0,0,0,0,0,0,0,1,0,0,0,0,0,0,0,0,0,0,0,0,0,0,0,0,0,40.0288,-75.0228, , 
11429,150169,2016030706,6,67,67301,2016,3,1,753,7,1,1,0,4,1, , ,N,1,3,0,3,0,2,2,2,N, ,40 01:13.458,75 08:24.453,757, ,755, ,0, , , ,3, , , , , , , , , ,2,1,0,0,0,0,1,0,0,0,0,2,2,0,0,0,0,0,0,0,1,0,0,0,0,0,0,0,0,0,0,0,0,0,0,4,0,40.0204,-75.1401, , 
11430,150182,2016054168,6,67,67301,2016,5,1,400,4,3,2,1,2,6, , ,N,0,0,0,3,0,0,1,3,N, ,39 59:04.731,75 05:57.735,405, ,400,9,1,3, , ,0,N, , , , , , , , ,3,1,0,0,1,0,0,1,0,0,0,0,0,0,1,0,0,0,0,0,0,0,0,0,0,0,0,0,0,0,0,0,0,0,0,9,0,39.9846,-75.0994, , 
11431,150184,2016058658,6,67,67301,2016,5,7,2115,21,3,2,1,7,4, , ,N,0,0,0,3,0,1,2,1,N,N,39 58:23.679,75 12:41.918,2118, ,2118, ,0, , , ,0, , , , , , , , , ,1,1,0,0,0,0,0,0,0,0,0,1,1,0,0,0,0,0,0,0,1,0,0,0,0,0,0,0,0,0,0,0,0,0,0,4,0,39.9732,-75.2116, , 
11432,150191,2016068687,6,67,67301,2016,6,7,845,8,1,1,0,4,1, , ,N,1,2,0,3,0,4,4,2,N,N,39 53:50.903,75 15:08.533,905, ,858, ,0, ,N, ,3, , , , , , , , , ,2,2,0,0,0,0,0,0,0,0,4,0,4,0,0,0,0,0,0,0,1,0,0,0,0,0,0,0,0,0,0,0,0,0,0,3,0,39.8974,-75.2522, , 
11433,150201,2016007865,6,67,67301,2016,1,3,2259,22,3,1,0,5,1, , ,N,0,0,0,3,0,2,2,2,N,N,39 57:55.128,75 11:09.305,2310, ,2305,1,2,3, , ,0,N, , , , , , , , ,2,1,0,0,0,0,1,0,0,0,0,0,2,2,0,0,0,0,0,0,0,0,0,0,0,0,0,0,0,0,0,0,0,0,0,8,0,39.9653,-75.1859, , 
11434,150202,2016010961,6,67,67301,2016,1,7,1255,12,1,4,3,9,5, , ,N,0,0,0,3,0,0,4,1,N,N,39 57:26.617,75 08:49.702,1300, ,1255,1,1,3, , ,0,N, , , , , , , , ,1,0,0,0,0,0,1,0,0,0,0,0,0,0,0,0,0,0,0,0,0,0,0,1,0,0,0,0,0,0,0,0,0,0,0,0,0,39.9574,-75.1471, , 
11435,150205,2016014060,6,67,67301,2016,1,5,257,2,3,1,0,5,6, , ,N,0,0,0,3,0,0,1,5,N,N,40 01:22.693,75 12:39.495,259, ,258, ,0, ,N, ,0, , , , , , , , , ,5,1,0,0,2,0,2,0,0,0,0,0,0,0,1,0,0,0,0,0,0,0,0,0,0,0,0,0,0,0,0,0,0,0,0,9,0,40.023,-75.211, , 
11436,150210,2016022048,6,46,46102,2016,2,2,1510,15,1,1,0,4,1, , ,N,1,2,0,3,0,1,2,2,N, ,40 04:30.988,75 09:37.550,1625, ,1513, ,0, , , ,3, , , , , , , , , ,2,1,0,0,0,0,1,0,0,0,0,1,1,0,0,0,0,0,0,0,0,0,0,0,0,0,0,0,0,0,0,0,0,0,0,4,0,40.0753,-75.1604, , 
11437,150215,2016028323,6,67,67301,2016,2,4,837,8,1,1,0,1,1, , ,N,0,0,0,3,0,0,3,3,N,N,40 00:30.450,75 11:27.227,840, ,837,1,1,2,N, ,0,N, , , , , , , , ,3,1,0,0,0,0,2,0,0,0,0,0,0,0,3,0,0,0,0,0,0,0,0,0,0,0,0,0,0,0,0,0,0,0,0,9,0,40.0085,-75.1909, , 
11438,150217,2016029871,6,67,67301,2016,3,3,1650,16,1,1,0,8,1, , ,N,0,0,0,3,0,1,2,2,N,N,40 06:45.196,74 59:13.323,1650, ,1650,1,1,6,N, ,0,N, , , , , , , , ,1,1,0,0,0,0,0,0,0,0,0,0,1,1,0,0,0,0,0,1,0,0,0,0,0,0,0,0,0,0,0,0,1,0,0,8,0,40.1126,-74.987, , 
11439,150274,2016028316,6,67,67301,2016,2,4,1240,12,1,1,0,4,1, , ,N,0,0,7,3,0,2,3,2,N, ,40 04:39.223,75 01:26.653,1256, ,1240, ,0, , , ,0, , , , , , , , , ,2,1,0,0,1,0,0,0,0,0,0,2,2,0,0,0,0,0,0,0,0,1,1,0,0,0,0,0,0,0,0,0,0,0,0,4,0,40.0776,-75.0241, , 
11440,150276,2016032005,6,67,67301,2016,3,7,500,5,5,1,0,7,4, , ,N,0,0,0,3,0,2,2,1,N, ,40 01:01.484,75 08:50.092,840, ,835, ,0, , , ,0, , , , , , , , , ,1,1,0,0,0,0,0,0,0,0,0,2,2,0,0,0,0,0,0,0,0,0,0,0,0,0,0,0,0,0,0,0,0,0,0,4,0,40.0171,-75.1472, , 
11441,150288,2016040988,6,67,67301,2016,3,4,555,5,1,1,0,4,1, , ,N,2,2,0,3,0,1,3,2,N, ,40 03:35.273,75 00:33.035,604, ,601, ,0, , , ,3, , , , , , , , , ,2,1,0,0,0,0,1,0,0,0,0,1,1,0,1,0,0,0,0,0,0,0,0,0,0,0,0,0,0,0,0,0,0,0,0,4,0,40.0598,-75.0092, , 
11442,150290,2016043743,6,67,67301,2016,3,1,412,4,3,1,0,0,1, , ,N,0,0,0,3,0,0,1,1,N,N,39 58:23.146,75 07:15.414,426, ,413,2,2,2, , ,0,N, , , , , , , , ,1,0,0,0,0,0,0,1,0,0,0,0,0,0,0,0,0,0,0,0,0,0,0,0,0,0,0,0,0,0,0,0,0,0,0,0,0,39.9731,-75.1209, , 
11443,150291,2016044576,6,67,67301,2016,4,6,2330,23,2,1,0,1,1, , ,N,6,0,2,3,0,0,2,2,N,N,40 00:35.625,75 11:10.707,36, ,34,2,1,1,N, ,0,N, , , , , , , , ,2,2,0,0,0,0,0,0,0,0,0,0,0,0,0,0,0,0,0,0,0,0,0,0,0,0,0,0,0,0,0,0,0,0,0,0,0,40.0096,-75.1873, , 
11444,144076,2016052236,6,67,67301,2016,2,3,800,8,1,1,0,1,1, , ,N,1,3,0,3,0,3,4,2,N,N,40 01:26.904,75 05:09.545,0, ,0, ,0, ,N, ,3, , , , , , , , , ,2,0,0,0,0,0,0,0,0,0,0,0,3,3,0,0,0,0,0,0,0,0,0,0,0,0,0,0,0,0,0,0,0,0,0,8,0,40.0241,-75.086, , 
11445,144088,2016010959,6,67,67301,2016,1,6,732,7,1,1,0,1,1, , ,N,0,0,0,3,0,0,2,2,N,N,40 01:54.854,75 01:15.831,738, ,735,1,2,1, , ,0,N, , , , , , , , ,2,1,0,0,0,0,0,1,0,0,0,0,0,0,0,0,0,0,1,0,0,0,0,0,0,0,0,0,0,0,0,0,0,0,0,0,0,40.0319,-75.0211, , 
11446,144090,2016011516,6,67,67301,2016,1,7,1235,12,1,1,0,1,1, , ,N,0,0,0,3,0,1,3,2,N,N,40 00:14.171,75 13:14.468,1235, ,1235, ,0, ,N, ,0, , , , , , , , , ,2,2,0,0,0,0,0,0,0,0,0,0,1,1,0,0,0,0,0,0,0,0,0,0,0,0,0,0,0,0,0,0,0,0,0,8,0,40.0039,-75.2207, , 
11447,144095,2016019212,6,67,67301,2016,1,5,1254,12,1,1,0,1,1, , ,N,0,0,0,3,0,2,5,4,N,N,39 59:04.969,75 05:41.972,1310, ,1256,1,1,1, , ,0,N, , , , , , , , ,4,3,0,0,1,0,0,0,0,0,2,0,2,0,0,0,0,0,0,0,1,0,0,0,0,0,0,0,0,0,0,0,0,0,0,3,0,39.9847,-75.095, , 
11448,144105,2016033906,6,67,67301,2016,3,2,1605,16,1,2,1,2,1, , ,N,0,0,0,3,0,0,3,2,N, ,40 03:23.675,75 12:00.752,1635, ,1635,2,2,6, , ,0,Y, , , , , , , , ,2,1,0,0,0,0,1,0,0,0,0,0,0,0,0,0,0,0,0,0,0,1,0,0,0,0,0,0,0,0,0,0,0,0,0,0,0,40.0566,-75.2002, , 
11449,144113,2016046079,6,67,67301,2016,4,3,1546,15,1,1,0,4,1, , ,N,1,2,0,3,0,1,5,2,N,N,40 02:54.566,75 05:37.204,1549, ,1547, ,0, ,N, ,3, , , , , , , , , ,2,2,0,0,0,0,0,0,0,0,0,0,1,1,0,0,0,0,0,0,0,0,0,0,0,0,0,0,0,0,0,0,0,0,0,8,0,40.0485,-75.0937, , 
11450,144114,2016048644,6,67,67301,2016,4,6,854,8,1,1,0,8,1, , ,N,0,0,0,3,0,1,2,2,N,N,40 01:42.027,75 08:41.614,905, ,900,1,2,1,N, ,0,N, , , , , , , , ,1,1,0,0,0,0,0,0,0,0,0,1,1,0,0,0,0,0,0,0,0,0,0,0,0,0,0,0,0,0,0,0,1,0,0,4,0,40.0283,-75.1449, , 
11451,144130,2016007857,6,67,67301,2016,1,2,830,8,1,1,0,1,1, , ,N,0,0,0,3,0,0,3,3,N,N,40 01:53.948,75 01:17.352,830, ,830,2,2,2, , ,0,N, , , , , , , , ,3,2,0,0,0,0,1,0,0,0,0,0,0,0,0,0,0,0,0,0,0,1,0,0,0,0,0,0,0,0,0,0,0,0,0,0,0,40.0317,-75.0215, , 
11452,144141,2016025369,6,67,67301,2016,3,3,941,9,1,1,0,5,1, , ,N,0,0,0,3,0,1,2,2,N,N,40 00:33.369,75 12:17.629,1029, ,952, ,0, , , ,0, , , , , , , , , ,2,1,0,0,0,0,0,0,0,0,0,0,1,1,1,0,0,0,0,0,0,1,0,0,0,0,0,0,0,0,0,0,0,0,0,8,0,40.0093,-75.2049, , 
11453,144144,2016030700,6,67,67301,2016,3,1,215,2,3,1,0,1,6, , ,N,0,0,0,3,0,1,1,2,N,N,40 04:02.122,75 00:43.498,300, ,250, ,0, ,N, ,0, , , , , , , , , ,2,2,0,0,0,0,0,0,0,0,0,1,1,0,0,0,0,0,0,1,0,0,0,0,0,0,0,0,0,0,0,0,0,0,0,4,0,40.0673,-75.0121, , 
11454,144146,2016033504,6,67,67301,2016,3,2,2129,21,3,1,0,1,1, , ,N,0,0,0,3,0,0,4,2,N,N,39 58:07.610,75 11:29.148,2138, ,2130,1,1,4, , ,0,N, , , , , , , , ,2,1,0,0,0,0,1,0,0,0,0,0,0,0,0,0,0,0,0,0,1,0,0,0,0,0,0,0,0,0,0,0,0,0,0,0,0,39.9688,-75.1914, , 
11455,144147,2016033800,6,67,67301,2016,3,3,800,8,1,1,0,8,1, , ,N,0,0,0,3,0,1,2,2,N, ,40 02:10.713,75 04:11.415,810, ,800, ,0, , , ,0, , , , , , , , , ,1,1,0,0,0,0,0,0,0,0,1,0,1,0,0,0,0,0,0,0,0,0,0,0,0,0,0,0,0,0,0,0,1,0,0,3,0,40.0363,-75.0698, , 
11456,144148,2016033929,6,67,67301,2016,3,5,2115,21,3,1,0,6,1, , ,N,0,0,0,3,0,1,5,3,N,N,39 58:33.534,75 10:33.695,2135, ,2134,2,2,7,N, ,0,Y, , , , , , , , ,3,3,0,0,0,0,0,0,0,0,0,1,1,0,2,0,0,0,0,0,0,0,0,0,0,0,0,0,0,0,0,0,0,0,0,4,0,39.976,-75.176, , 
11457,144152,2016035364,6,67,67301,2016,3,7,9999,99,6,1,0,4,1, , ,N,1,3,0,3,0,1,2,2,N,N,39 56:07.202,75 09:54.385,0, ,9999, ,0, ,N, ,3, , , , , , , , , ,1,1,0,0,0,0,0,0,1,0,1,0,1,0,1,0,0,0,0,0,0,0,0,0,0,0,0,0,0,0,0,0,0,0,0,3,0,39.9353,-75.1651, , 
11458,144157,2016041441,6,67,67301,2016,4,3,1315,13,1,1,0,5,1, , ,N,2,2,0,3,0,2,4,2,N,N,40 02:12.019,75 10:25.841,1340, ,1333, ,0, ,N, ,3, , , , , , , , , ,2,1,0,1,0,0,0,0,0,0,0,2,2,0,0,0,0,0,0,0,1,0,0,1,0,0,0,0,0,0,0,0,0,0,0,4,1,40.0367,-75.1738, , 
11459,144178,2016008575,6,67,67301,2016,1,1,110,1,3,1,0,1,1, , ,N,1,0,0,3,0,3,4,4,N,N,40 00:40.035,75 06:17.351,115, ,113,3,2,7,N, ,0,Y, , , , , , , , ,4,1,0,0,1,0,1,1,0,0,0,0,3,3,0,0,1,0,0,0,0,0,0,1,0,0,0,0,0,0,0,0,0,0,0,8,0,40.0111,-75.1048, , 
11460,144186,2016013757,6,67,67301,2016,1,1,1510,15,1,4,1,7,5, , ,N,0,0,0,3,0,0,1,1,N,N,40 06:17.218,75 03:33.548,1520, ,1513, ,0, ,N, ,0, , , , , , , , , ,1,1,0,0,0,0,0,0,0,0,0,0,0,0,0,0,0,0,0,0,0,0,0,0,0,0,0,0,0,0,0,0,0,0,0,0,0,40.1048,-75.0593, , 
11461,144187,2016013780,6,67,67301,2016,1,1,1504,15,1,1,0,4,1, , ,N,1,2,0,3,0,0,3,3,N,N,40 03:28.059,75 00:31.473,1513, ,1507,2,2,5,N, ,3,N, , , , , , , , ,3,3,0,0,0,0,0,0,0,0,0,0,0,0,0,0,0,0,0,0,1,0,0,0,0,0,0,0,0,0,0,0,0,0,0,0,0,40.0578,-75.0087, , 
11462,147011,2016048192,6,67,67301,2016,4,6,600,6,1,1,0,5,1, , ,N,1,0,0,3,0,1,4,3,N, ,39 59:36.071,75 05:49.104,630, ,615, ,0, , , ,0, , , , , , , , , ,3,0,0,0,1,0,2,0,0,0,0,0,1,1,0,0,0,0,0,0,0,0,0,3,0,0,0,0,0,0,0,0,0,0,0,8,0,39.9934,-75.097, , 
11463,147013,2016048654,6,67,67301,2016,4,1,2115,21,3,1,0,1,1, , ,N,1,0,0,3,0,1,3,2,N,N,39 59:09.141,75 07:16.122,2119, ,2115, ,0, , , ,0, , , , , , , , , ,2,1,1,0,0,0,0,0,0,0,0,1,1,0,0,0,0,0,0,0,1,0,0,0,0,0,0,0,0,0,0,0,0,0,0,4,0,39.9858,-75.1212, , 
11464,147024,2016008578,6,67,67301,2016,1,3,30,0,3,1,0,4,1, , ,N,1,2,0,3,0,0,3,2,N, ,40 00:46.713,75 07:09.797,30, ,30,1,1,7, , ,3,N, , , , , , , , ,2,1,0,0,1,0,0,0,0,0,0,0,0,0,0,0,0,0,0,0,0,0,0,0,0,0,0,0,0,0,0,0,0,0,0,0,0,40.013,-75.1194, , 