objectid_1,objectid,crn,district,county,municipality,crash_year,crash_month,day_of_week,time_of_day,hour_of_day,illumination,weather,road_condition,collision_type,relation_to_road,work_zone_type,work_zone_loc,work_zone_ind,intersect_type,tcd_type,location_type,urban_rural,fatal_count,injury_count,person_count,total_units,sch_bus_ind,sch_zone_ind,latitude,longitude,arrival_tm,cons_zone_spd_lim,dispatch_tm,est_hrs_closed,lane_closed,ln_close_dir,ntfy_hiwy_maint,spec_juris_cd,tcd_func_cd,tfc_detour_ind,workers_pres,wz_close_detour,wz_flagger,wz_law_offcr_ind,wz_ln_closure,wz_moving,wz_other,wz_shlder_mdn,vehicle_count,automobile_count,motorcycle_count,bus_count,small_truck_count,heavy_truck_count,suv_count,van_count,bicycle_count,maj_inj_count,mod_inj_count,min_inj_count,tot_inj_count,unk_inj_deg_count,unk_inj_per_count,driver_count_16yr,driver_count_17yr,driver_count_18yr,driver_count_19yr,driver_count_20yr,driver_count_50_64yr,driver_count_65_74yr,driver_count_75plus,unbelted_occ_count,unb_death_count,unb_maj_inj_count,belted_death_count,belted_maj_inj_count,mcycle_death_count,mcycle_maj_inj_count,bicycle_death_count,bicycle_maj_inj_count,ped_count,ped_death_count,ped_maj_inj_count,max_severity_level,comm_veh_count,dec_lat,dec_long,rdwy_surf_type_cd,county_name
11600,144504,2016037367,6,67,67301,2016,3,5,1054,10,1,1,0,4,1, , ,N,1,2,0,3,0,3,3,2,N,N,40 01:40.946,75 06:36.204,1107, ,1055, ,0, ,N, ,3, , , , , , , , , ,2,1,0,0,0,0,1,0,0,0,0,3,3,0,0,0,0,0,0,0,2,0,0,1,0,0,0,0,0,0,0,0,0,0,0,4,0,40.028,-75.1101, , 
11601,144527,2016014447,6,67,67301,2016,1,4,941,9,1,1,0,4,1, , ,N,1,2,0,3,0,1,2,2,N, ,40 00:49.975,75 07:33.617,947, ,943, ,0, , , ,3, , , , , , , , , ,2,0,0,0,0,0,0,2,0,0,0,1,1,0,0,0,0,0,0,0,0,0,0,0,0,0,0,0,0,0,0,0,0,0,0,4,0,40.0139,-75.126, , 
11602,144545,2016033119,6,67,67301,2016,3,2,1218,12,1,1,0,1,1, , ,N,7,0,2,3,0,2,3,2,N,N,40 00:38.272,75 11:04.414,1226, ,1221, ,0, ,N, ,0, , , , , , , , , ,2,1,0,0,0,0,0,1,0,0,1,0,2,1,0,0,0,0,0,0,1,1,0,0,0,0,0,0,0,0,0,0,0,0,0,3,0,40.0106,-75.1846, , 
11603,144567,2016011638,6,67,67301,2016,1,4,1513,15,1,1,0,1,1, , ,N,0,0,0,3,0,0,3,2,N,N,39 58:41.702,75 12:07.551,1601, ,1541, ,0, , , ,0, , , , , , , , , ,2,0,0,0,0,0,2,0,0,0,0,0,0,0,1,0,0,0,0,0,1,0,0,0,0,0,0,0,0,0,0,0,0,0,0,9,0,39.9783,-75.2021, , 
11604,144570,2016013693,6,67,67301,2016,1,2,800,8,1,1,0,8,1, , ,N,5,2,0,3,0,1,2,2,N,N,39 59:52.195,75 06:39.459,945, ,940, ,0, ,N, ,3, , , , , , , , , ,1,1,0,0,0,0,0,0,0,1,0,0,1,0,0,0,0,0,0,0,0,0,0,1,0,0,0,0,0,0,0,0,1,0,1,2,0,39.9978,-75.111, , 
11605,144571,2016013806,6,67,67301,2016,1,2,232,2,3,1,0,7,5, , ,N,0,0,0,3,0,1,1,1,N,N,39 55:05.145,75 14:48.693,345, ,342, ,0, ,N, ,0, , , , , , , , , ,1,1,0,0,0,0,0,0,0,0,1,0,1,0,0,0,0,0,0,0,0,0,0,0,0,0,0,0,0,0,0,0,0,0,0,3,0,39.9181,-75.2469, , 
11606,144572,2016014007,6,67,67301,2016,1,6,745,7,1,1,0,8,1, , ,N,2,3,0,3,0,1,2,2,N,N,39 58:00.978,75 08:03.884,754, ,753,1,1,3,N, ,3,N, , , , , , , , ,1,0,0,0,0,0,1,0,0,0,0,0,1,1,0,0,0,0,0,0,1,0,0,0,0,0,0,0,0,0,0,0,1,0,0,8,0,39.9669,-75.1344, , 
11607,144579,2016026119,6,67,67301,2016,2,4,1445,14,1,1,0,1,1, , ,N,1,2,0,3,0,1,3,2,N,Y,39 58:39.875,75 12:48.192,1930, ,1925, ,0, ,N, ,3, , , , , , , , , ,2,1,0,0,0,0,1,0,0,0,0,0,1,1,1,0,0,0,0,0,0,0,0,0,0,0,0,0,0,0,0,0,0,0,0,8,0,39.9777,-75.2134, , 
11608,147331,2016029593,6,67,67301,2016,3,6,348,3,3,1,0,4,1, , ,N,2,2,0,3,0,1,3,2, , ,39 57:20.290,75 12:08.212,348, ,348, ,0, , , ,3, , , , , , , , , ,1,1,0,0,0,0,0,0,1,0,1,0,1,0,0,0,0,0,0,0,0,0,0,0,0,0,0,0,0,0,0,0,0,0,0,3,0,39.9556,-75.2023, , 
11609,147332,2016030780,6,67,67301,2016,2,2,1936,19,3,1,0,1,1,1,4,Y,0,0,0,3,0,0,2,2,N,N,39 58:49.802,75 06:14.967,1946,45,1938,2,2,1, , ,0,N,N,N,N,N,N,N,N,Y,2,2,0,0,0,0,0,0,0,0,0,0,0,0,0,0,0,0,0,1,0,0,0,0,0,0,0,0,0,0,0,0,0,0,0,0,0,39.9805,-75.1042, , 
11610,147333,2016032049,6,67,67301,2016,3,5,1658,16,1,1,0,4,1, , ,N,1,3,0,3,0,1,2,2,N, ,39 57:27.730,75 13:31.245,1658, ,1658, ,0, , , ,3, , , , , , , , , ,2,0,0,0,0,0,0,0,0,0,0,0,1,1,1,0,0,1,0,0,0,0,0,0,0,0,0,0,0,0,0,0,0,0,0,8,0,39.9577,-75.2253, , 
11611,147334,2016032628,6,46,46102,2016,3,2,730,7,1,2,1,8,1, , ,N,1,2,0,3,0,1,2,2,N,N,40 04:18.194,75 09:14.605,735, ,733, ,0, ,N, ,3, , , , , , , , , ,1,0,0,0,0,0,1,0,0,0,0,0,1,1,0,0,0,0,0,0,0,1,0,0,0,0,0,0,0,0,0,0,1,0,0,8,0,40.0717,-75.1541, , 
11612,147343,2016036433,6,67,67301,2016,3,5,1701,17,1,1,0,4,1, , ,N,2,3,0,3,0,4,4,3,N,N,40 01:17.338,75 10:36.664,1705, ,1702,1,2,5, , ,3,N, , , , , , , , ,3,2,0,0,0,0,1,0,0,0,1,3,4,0,0,0,0,0,0,0,0,0,0,0,0,0,0,0,0,0,0,0,0,0,0,3,0,40.0215,-75.1769, , 
11613,147348,2016040178,6,67,67301,2016,3,7,440,4,3,1,0,7,4, , ,N,0,0,0,3,0,0,1,1,N,N,39 58:35.605,75 11:45.452,440, ,440,1,2,4, , ,0,N, , , , , , , , ,1,1,0,0,0,0,0,0,0,0,0,0,0,0,0,0,0,0,0,0,0,0,0,0,0,0,0,0,0,0,0,0,0,0,0,0,0,39.9766,-75.196, , 
11614,147361,2016014026,6,67,67301,2016,1,5,1305,13,1,1,0,8,1, , ,N,0,0,0,3,0,1,2,2,N,N,39 55:19.765,75 10:21.280,1351, ,1349, ,0, , , ,0, , , , , , , , , ,1,1,0,0,0,0,0,0,0,0,0,1,1,0,0,0,0,0,0,0,0,0,0,1,0,0,0,0,0,0,0,0,1,0,0,4,0,39.9222,-75.1726, , 
11615,147379,2016026126,6,67,67301,2016,2,2,1239,12,1,4,1,4,1, , ,N,2,0,0,3,0,2,2,2,N, ,40 00:30.304,75 04:12.532,1303, ,1246,9,1,4, , ,0,N, , , , , , , , ,2,0,0,0,1,0,1,0,0,0,0,2,2,0,0,0,0,0,0,0,0,0,0,0,0,0,0,0,0,0,0,0,0,0,0,4,1,40.0084,-75.0701, , 
11616,147387,2016032082,6,67,67301,2016,2,2,1405,14,1,1,0,1,1, , ,N,0,0,3,3,0,1,5,4,N, ,39 53:52.055,75 12:41.326,1455, ,1450,1,2,3, , ,0,N, , , , , , , , ,4,3,0,0,0,0,1,0,0,0,0,1,1,0,0,0,0,0,0,0,1,0,0,0,0,0,0,0,0,0,0,0,0,0,0,4,0,39.8978,-75.2115, , 
11617,147392,2016039708,6,67,67301,2016,3,3,1053,10,1,1,0,8,1, , ,N,1,2,0,3,0,1,2,2,N,N,40 02:40.890,75 03:16.537,1056, ,1054,3,2,2,N, ,3,N, , , , , , , , ,1,0,0,0,0,0,1,0,0,1,0,0,1,0,0,0,0,0,0,0,0,0,0,0,0,0,0,0,0,0,0,0,1,0,1,2,0,40.0446,-75.0547, , 
11618,147417,2016019914,6,67,67301,2016,2,7,532,5,3,1,0,4,1, , ,N,1,2,0,3,0,2,2,2,N,N,40 03:24.250,75 02:48.711,609, ,553,1,1,2,N, ,3,N, , , , , , , , ,2,1,0,0,0,0,1,0,0,0,0,2,2,0,0,0,0,0,0,0,0,1,0,0,0,0,0,0,0,0,0,0,0,0,0,4,0,40.0567,-75.0469, , 
11619,147420,2016027569,6,67,67301,2016,2,1,307,3,3,1,0,7,4, , ,N,1,2,0,3,0,1,1,1,N,N,40 00:43.542,75 06:43.855,307, ,307, ,0, ,N, ,3, , , , , , , , , ,1,0,0,0,0,0,1,0,0,0,0,1,1,0,0,0,0,0,0,0,0,0,0,0,0,0,0,0,0,0,0,0,0,0,0,4,0,40.0121,-75.1122, , 
11620,147438,2016053622,6,67,67301,2016,5,6,2313,23,3,1,0,5,6, , ,N,0,0,0,3,0,0,1,2,N,N,40 01:45.544,75 03:13.464,35, ,2313, ,0, , , ,0, , , , , , , , , ,2,1,0,0,0,0,1,0,0,0,0,0,0,0,0,0,0,0,0,0,0,0,0,1,0,0,0,0,0,0,0,0,0,0,0,0,0,40.0293,-75.0537, , 
11621,147452,2016013835,6,67,67301,2016,1,7,2208,22,3,1,1,4,1, , ,N,2,2,0,3,0,2,2,2,N,N,40 01:38.437,75 01:43.908,2217, ,2215,3,2,2,N, ,3,Y, , , , , , , , ,2,0,0,0,1,0,1,0,0,0,0,2,2,0,0,0,0,0,0,0,1,0,0,0,0,0,0,0,0,0,0,0,0,0,0,4,0,40.0273,-75.0288, , 
11622,147478,2016033908,6,67,67301,2016,3,4,1900,19,3,1,0,4,1, , ,N,2,0,0,3,0,1,2,2,N, ,39 59:14.006,75 09:48.347,1925, ,1908, ,0, , , ,0, , , , , , , , , ,1,1,0,0,0,0,0,0,1,0,0,0,1,1,0,0,0,0,0,0,0,0,0,0,0,0,0,0,0,0,0,0,0,0,0,8,0,39.9872,-75.1634, , 
11623,147480,2016036391,6,67,67301,2016,3,2,1806,18,1,1,0,4,1, , ,N,2,2,0,3,0,1,8,2,N,N,40 00:45.170,75 03:29.345,1817, ,1813,2,1,2,N, ,3,N, , , , , , , , ,2,1,0,0,0,0,1,0,0,0,0,1,1,0,0,0,0,0,0,0,1,0,0,0,0,0,0,0,0,0,0,0,0,0,0,4,0,40.0125,-75.0582, , 
11624,147484,2016040918,6,67,67301,2016,3,5,716,7,1,1,0,4,1, , ,N,0,0,7,3,0,7,8,3,N, ,39 54:02.075,75 13:31.140,729, ,725, ,0, ,N, ,0, , , , , , , , , ,3,2,0,0,0,0,0,1,0,0,1,2,7,4,0,0,0,0,0,0,0,0,0,2,0,0,0,0,0,0,0,0,0,0,0,3,0,39.9006,-75.2253, , 
11625,147487,2016043745,6,67,67301,2016,3,6,1405,14,1,1,0,7,4, , ,N,0,0,0,3,0,1,2,2,N,N,39 53:08.909,75 12:45.227,1414, ,1405,3,1,1, , ,0,N, , , , , , , , ,1,0,0,0,0,0,1,0,0,0,1,0,1,0,0,0,0,0,0,0,0,0,0,0,0,0,0,0,0,0,0,0,0,0,0,3,0,39.8858,-75.2126, , 
11626,153516,2016036452,6,67,67301,2016,3,4,2315,23,3,1,0,4,1, , ,N,1,2,0,3,0,4,5,2,N,N,39 58:02.378,75 14:44.992,2320, ,2317, ,0, ,N, ,3, , , , , , , , , ,2,2,0,0,0,0,0,0,0,0,0,0,4,4,0,0,0,0,0,1,1,0,0,1,0,0,0,0,0,0,0,0,0,0,0,8,0,39.9673,-75.2457, , 
11627,153520,2016039664,6,67,67301,2016,3,6,2143,21,3,1,0,4,1, , ,N,1,2,0,3,0,1,2,2,N,N,39 55:10.311,75 14:34.799,7, ,7, ,0, ,N, ,3, , , , , , , , , ,2,2,0,0,0,0,0,0,0,0,0,1,1,0,0,0,0,0,0,0,0,1,0,1,0,0,0,0,0,0,0,0,0,0,0,4,0,39.9195,-75.243, , 
11628,153528,2016007488,6,67,67301,2016,1,1,1728,17,3,1,0,1,6, , ,N,0,0,0,3,0,1,1,4,N,N,40 03:13.780,75 08:37.539,1728, ,1728, ,0, ,N, ,0, , , , , , , , , ,4,2,0,0,0,0,0,2,0,0,0,0,1,1,0,0,0,0,0,0,0,0,0,0,0,0,0,0,0,0,0,0,0,0,0,8,0,40.0538,-75.1438, , 
11629,153553,2016029876,6,67,67301,2016,2,2,1720,17,1,1,0,4,1, , ,N,1,2,0,3,0,1,2,2,N,N,39 55:36.102,75 11:15.812,1735, ,1730,1,1,3,N, ,3,N, , , , , , , , ,2,0,0,1,0,0,1,0,0,0,0,1,1,0,0,0,0,0,0,0,0,1,0,0,0,0,0,0,0,0,0,0,0,0,0,4,1,39.9267,-75.1879, , 
11630,153570,2016048599,6,67,67301,2016,4,3,1135,11,1,1,0,4,1, , ,N,1,3,0,3,0,2,3,2,N,N,39 59:35.462,75 06:24.911,1256, ,1256, ,0, ,N, ,3, , , , , , , , , ,2,1,0,0,0,0,1,0,0,0,0,2,2,0,0,0,0,0,0,0,2,0,0,1,0,0,0,0,0,0,0,0,0,0,0,4,0,39.9932,-75.1069, , 
11631,153573,2016008602,6,67,67301,2016,1,2,857,8,1,1,0,5,1, , ,N,0,0,0,3,0,1,6,2,N,N,39 54:37.710,75 13:58.299,908, ,858, ,0, ,N, ,0, , , , , , , , , ,2,0,0,0,0,0,1,1,0,0,0,0,1,1,0,0,0,0,0,0,1,0,0,0,0,0,0,0,0,0,0,0,0,0,0,8,0,39.9105,-75.2329, , 
11632,153601,2016033114,6,67,67301,2016,3,5,824,8,1,1,0,8,1, , ,N,1,3,0,3,0,1,2,2,N, ,39 56:54.505,75 12:25.468,839, ,826, ,0, , , ,3, , , , , , , , , ,1,1,0,0,0,0,0,0,0,0,0,1,1,0,0,0,0,0,0,0,0,0,0,1,0,0,0,0,0,0,0,0,1,0,0,4,0,39.9485,-75.2071, , 
11633,153602,2016033907,6,67,67301,2016,3,6,1552,15,1,1,0,4,1, , ,N,0,2,7,3,0,1,3,2,N,N,39 54:13.298,75 14:30.656,1554, ,1552,9,1,1, , ,3,N, , , , , , , , ,2,0,0,0,0,0,2,0,0,0,0,1,1,0,0,0,0,0,0,1,0,0,0,0,0,0,0,0,0,0,0,0,0,0,0,4,0,39.9037,-75.2418, , 
11634,153610,2016045739,6,67,67301,2016,4,3,910,9,1,1,0,6,6, , ,N,0,0,0,3,0,0,2,2,N,N,40 02:39.717,75 04:51.109,923, ,921,2,1,1,N, ,0,Y, , , , , , , , ,2,1,0,0,0,0,0,1,0,0,0,0,0,0,2,0,0,0,0,0,0,0,0,0,0,0,0,0,0,0,0,0,0,0,0,9,0,40.0444,-75.0809, , 
11635,153624,2016013782,6,67,67301,2016,1,5,1540,15,1,1,0,8,1, , ,N,0,0,0,3,0,1,2,2,N,Y,40 02:34.374,75 01:26.594,1600, ,1549,9,1,2,N, ,0,N, , , , , , , , ,1,1,0,0,0,0,0,0,0,0,1,0,1,0,0,0,0,0,0,0,0,0,0,0,0,0,0,0,0,0,0,0,1,0,0,3,0,40.0429,-75.0241, , 
11636,153637,2016026156,6,67,67301,2016,2,7,1240,12,1,4,1,5,1, , ,N,6,0,2,3,0,1,4,2,N, ,40 00:34.498,75 11:14.124,1250, ,1243, ,0, , , ,0, , , , , , , , , ,2,1,0,0,0,0,1,0,0,1,0,0,1,0,0,0,0,0,0,0,0,0,0,1,0,0,0,0,0,0,0,0,0,0,0,2,0,40.0096,-75.1873, , 
11637,153639,2016029953,6,67,67301,2016,3,3,1540,15,1,1,0,4,1, , ,N,1,3,0,3,0,0,4,2,N,N,40 00:29.314,75 09:40.503,1552, ,1550, ,0, ,N, ,3, , , , , , , , , ,2,1,0,0,0,0,0,0,0,0,0,0,0,0,1,0,0,0,0,0,0,0,0,0,0,0,0,0,0,0,0,0,0,0,0,9,0,40.0081,-75.1613, , 
11638,153642,2016033810,6,67,67301,2016,3,4,128,1,3,1,0,5,6, , ,N,0,0,0,3,0,0,2,3,N,N,40 01:34.360,75 08:53.002,131, ,129,2,2,5,N, ,0,N, , , , , , , , ,3,2,0,0,0,0,0,1,0,0,0,0,0,0,0,0,0,0,0,0,1,0,0,0,0,0,0,0,0,0,0,0,0,0,0,0,0,40.0262,-75.1481, , 
11639,153644,2016036399,6,67,67301,2016,3,2,1147,11,1,2,1,8,1, , ,N,0,0,0,3,0,1,2,2,N,N,40 02:50.559,75 05:56.230,1202, ,1147, ,0, , , ,0, , , , , , , , , ,1,1,0,0,0,0,0,0,0,0,0,1,1,0,0,0,0,0,0,0,0,0,0,0,0,0,0,0,0,0,0,0,1,0,0,4,0,40.0474,-75.099, , 
11640,153661,2016053783,6,67,67301,2016,5,6,900,9,1,2,1,8,1, , ,N,5,2,0,3,0,1,2,2,N,N,39 56:54.189,75 13:09.223,910, ,900, ,0, , , ,3, , , , , , , , , ,1,0,0,0,0,0,0,1,0,0,0,1,1,0,0,0,0,0,0,0,0,0,0,0,0,0,0,0,0,0,0,0,1,0,0,4,0,39.9484,-75.2193, , 
11641,153668,2016063948,6,67,67301,2016,6,6,10,0,3,1,0,7,5, , ,N,5,2,0,3,0,1,1,1,N,N,40 00:52.185,75 07:52.121,15, ,10, ,0, ,N, ,3, , , , , , , , , ,1,0,1,0,0,0,0,0,0,0,1,0,1,0,0,0,0,0,1,0,0,0,0,0,0,0,0,0,0,0,0,0,0,0,0,3,0,40.0145,-75.1311, , 
11642,153673,2016058664,6,67,67301,2016,5,4,1635,16,3,1,0,4,1, , ,N,2,3,0,3,0,1,2,2,N,N,40 01:54.933,75 07:10.145,1700, ,1642, ,0, ,N, ,3, , , , , , , , , ,2,0,1,0,0,0,1,0,0,0,0,0,1,1,0,0,0,0,1,0,0,0,0,0,0,0,0,0,0,0,0,0,0,0,0,8,0,40.0319,-75.1195, , 
11643,153688,2016072931,6,67,67301,2016,7,3,1809,18,1,1,0,1,1, , ,N,0,0,0,3,0,1,5,3,N,N,39 57:42.144,75 10:57.762,1821, ,1810,1,1,3, , ,0,N, , , , , , , , ,3,2,0,0,0,0,1,0,0,0,0,0,1,1,1,0,0,0,0,0,1,0,0,0,0,0,0,0,0,0,0,0,0,0,0,8,0,39.9617,-75.1827, , 
11644,150703,2016028783,6,67,67301,2016,1,5,1444,14,1,1,0,7,2, , ,N,0,0,0,3,0,0,1,1,N,N,40 02:17.554,75 00:38.959,1514, ,1444, ,0, , , ,0, , , , , , , , , ,1,1,0,0,0,0,0,0,0,0,0,0,0,0,0,0,0,0,0,0,0,0,0,0,0,0,0,0,0,0,0,0,0,0,0,0,0,40.0382,-75.0108, , 
11645,150723,2016060825,6,67,67301,2016,5,6,1500,15,1,1,0,8,1, , ,N,1,3,0,3,0,1,2,2,N, ,40 02:01.351,75 10:31.675,1625, ,1621, ,0, , , ,3, , , , , , , , , ,1,1,0,0,0,0,0,0,0,0,0,0,1,1,0,0,0,0,0,0,0,0,0,0,0,0,0,0,0,0,0,0,1,0,0,8,0,40.0337,-75.1755, , 
11646,150734,2016008644,6,67,67301,2016,1,2,1655,16,3,1,0,8,1, , ,N,1,2,0,3,0,1,2,2,N,N,39 55:07.618,75 11:09.725,1706, ,1658, ,0, , , ,3, , , , , , , , , ,1,1,0,0,0,0,0,0,0,0,0,0,1,1,0,0,0,0,0,0,0,0,0,0,0,0,0,0,0,0,0,0,1,0,0,8,0,39.9188,-75.186, , 
11647,150740,2016013742,6,67,67301,2016,1,4,1745,17,3,1,0,1,1, , ,N,2,0,0,3,0,1,2,2,N,N,40 02:27.416,75 05:54.275,1815, ,1810, ,0, ,N, ,0, , , , , , , , , ,2,2,0,0,0,0,0,0,0,0,0,1,1,0,1,0,0,0,0,0,0,0,0,0,0,0,0,0,0,0,0,0,0,0,0,4,0,40.0409,-75.0984, , 
11648,150741,2016016438,6,67,67301,2016,2,5,848,8,1,1,0,1,1, , ,N,0,2,0,3,0,2,3,2,N,N,39 57:31.410,75 12:22.813,848, ,848, ,0, ,N, ,3, , , , , , , , , ,2,0,0,0,0,0,1,1,0,0,0,0,2,2,0,0,0,0,0,0,0,0,0,0,0,0,0,0,0,0,0,0,0,0,0,8,0,39.9587,-75.2063, , 
11649,150752,2016026105,6,67,67301,2016,2,6,227,2,3,1,6,5,6, , ,N,0,0,0,3,0,0,1,3,N,N,40 05:48.948,75 01:15.578,235, ,227, ,0, ,N, ,0, , , , , , , , , ,3,3,0,0,0,0,0,0,0,0,0,0,0,0,0,0,0,0,0,0,0,0,0,0,0,0,0,0,0,0,0,0,0,0,0,0,0,40.0969,-75.021, , 
11650,150757,2016032009,6,67,67301,2016,3,4,730,7,1,1,0,8,1, , ,N,0,0,0,3,0,1,2,2,N, ,40 00:05.861,75 07:43.460,9999, ,9999, ,0, , , ,0, , , , , , , , , ,1,0,0,0,0,0,1,0,0,0,0,1,1,0,0,0,0,0,0,0,0,0,0,1,0,0,0,0,0,0,0,0,1,0,0,4,0,40.0016,-75.1287, , 
11651,150776,2016048595,6,67,67301,2016,4,5,1601,16,1,2,1,1,1, , ,N,0,0,0,3,0,0,2,2,N, ,40 07:10.201,75 00:30.296,1634, ,1629, ,0, , , ,0, , , , , , , , , ,2,2,0,0,0,0,0,0,0,0,0,0,0,0,0,0,0,0,0,0,1,0,0,0,0,0,0,0,0,0,0,0,0,0,0,0,0,40.1195,-75.0084, , 
11652,150789,2016010949,6,67,67301,2016,1,3,1612,16,1,1,0,7,2,1,8,Y,0,0,0,3,0,1,1,1,N,N,39 58:46.556,75 06:25.136,1620,45,1615, ,0, , , ,0, ,N,N,N,N,N,N,N,Y,1,1,0,0,0,0,0,0,0,0,0,0,1,1,0,0,0,0,0,0,1,0,0,0,0,0,0,0,0,0,0,0,0,0,0,8,0,39.9796,-75.107, , 
11653,150795,2016016990,6,67,67301,2016,1,3,220,2,3,4,1,4,1, , ,N,1,2,0,3,0,2,3,2,N, ,39 59:33.867,75 11:10.148,227, ,227, ,0, , , ,3, , , , , , , , , ,2,2,0,0,0,0,0,0,0,0,1,1,2,0,0,0,0,0,0,0,0,0,0,0,0,0,0,0,0,0,0,0,0,0,0,3,0,39.9927,-75.1862, , 
11654,150796,2016017008,6,67,67301,2016,1,5,1620,16,1,8,0,4,1, , ,N,1,3,0,3,0,1,2,2,N,N,39 58:31.872,75 13:46.466,1654, ,1652, ,0, ,N, ,3, , , , , , , , , ,2,1,0,0,0,0,1,0,0,0,0,0,1,1,0,0,0,0,0,0,0,0,0,0,0,0,0,0,0,0,0,0,0,0,0,8,0,39.9755,-75.2296, , 
11655,150803,2016022608,6,67,67301,2016,2,5,1042,10,1,1,0,1,1, , ,N,5,2,2,3,0,1,2,2,N,N,39 57:26.426,75 09:08.438,1056, ,1042, ,0, , , ,3, , , , , , , , , ,2,0,0,0,0,2,0,0,0,0,0,0,1,1,0,0,0,0,0,0,0,0,0,1,0,0,0,0,0,0,0,0,0,0,0,8,2,39.9573,-75.1523, , 
11656,150811,2016027586,6,67,67301,2016,2,1,1915,19,3,1,0,0,6, , ,N,0,0,0,3,0,1,1,1,N,N,40 06:18.367,75 02:28.618,1928, ,1923, ,0, , , ,0, , , , , , , , , ,1,0,0,0,0,0,1,0,0,0,1,0,1,0,0,0,0,0,0,0,0,0,0,1,0,0,0,0,0,0,0,0,0,0,0,3,0,40.1051,-75.0413, , 
11657,150818,2016033092,6,67,67301,2016,3,7,2016,20,3,1,0,1,1, , ,N,0,2,0,3,0,2,7,3,N,Y,40 06:51.039,75 00:18.493,2023, ,2022,2,1,4,N, ,3,N, , , , , , , , ,3,2,0,0,0,0,1,0,0,0,0,2,2,0,0,0,0,0,0,0,1,0,0,0,0,0,0,0,0,0,0,0,0,0,0,4,0,40.1142,-75.0051, , 
11658,150851,2016029962,6,67,67301,2016,2,2,1551,15,1,1,0,8,1, , ,N,0,0,0,3,0,1,2,2,N,N,40 00:13.898,75 08:03.699,9999, ,1556,2,2,3,N, ,0,N, , , , , , , , ,1,0,0,0,1,0,0,0,0,0,0,1,1,0,1,0,0,0,0,0,0,0,0,0,0,0,0,0,0,0,0,0,1,0,0,4,0,40.0039,-75.1344, , 
11659,150862,2016039691,6,67,67301,2016,3,2,1721,17,4,8,2,0,1, , ,N,3,0,0,3,0,0,1,1,N,N,40 03:15.876,75 05:32.603,1828, ,1812,2,1,3, , ,0,N, , , , , , , , ,1,1,0,0,0,0,0,0,0,0,0,0,0,0,0,0,0,0,0,0,0,0,0,0,0,0,0,0,0,0,0,0,0,0,0,0,0,40.0544,-75.0924, , 
11660,150901,2016029923,6,67,67301,2016,2,1,2100,21,3,1,0,4,1, , ,N,1,2,0,3,0,0,2,2,N,N,39 57:30.637,75 09:56.095,2110, ,2108, ,0, ,N, ,3, , , , , , , , , ,2,1,0,0,0,0,1,0,0,0,0,0,0,0,0,0,0,0,0,0,1,0,0,0,0,0,0,0,0,0,0,0,0,0,0,0,0,39.9585,-75.1656, , 
11661,150940,2016013804,6,67,67301,2016,1,4,150,1,3,1,0,1,6, , ,N,0,0,0,3,0,0,2,2,N, ,40 01:48.784,75 09:52.459,150, ,150, ,0, , , ,0, , , , , , , , , ,2,2,0,0,0,0,0,0,0,0,0,0,0,0,0,0,0,0,0,0,0,0,0,0,0,0,0,0,0,0,0,0,0,0,0,0,0,40.0302,-75.1646, , 
11662,144587,2016032087,6,67,67301,2016,3,4,717,7,1,1,0,8,1, , ,N,2,2,0,3,0,1,2,2,N,N,40 02:37.008,75 01:10.329,721, ,719, ,0, ,N, ,3, , , , , , , , , ,1,1,0,0,0,0,0,0,0,0,0,0,1,1,0,0,0,0,0,0,0,0,0,1,0,0,0,0,0,0,0,0,1,0,0,8,0,40.0436,-75.0195, , 
11663,144602,2016044584,6,67,67301,2016,4,2,2100,21,3,1,0,8,1, , ,N,0,0,0,3,0,1,2,2,N, ,40 01:50.786,75 03:30.884,2110, ,2106, ,0, , , ,0, , , , , , , , , ,1,1,0,0,0,0,0,0,0,1,0,0,1,0,0,0,0,0,0,0,0,0,0,1,0,0,0,0,0,0,0,0,1,0,1,2,0,40.0308,-75.0586, , 
11664,144606,2016046975,6,67,67301,2016,4,4,1700,17,1,1,0,5,1, , ,N,0,0,0,3,0,0,3,2,N,N,39 58:05.533,75 10:42.431,1755, ,1745, ,0, ,N, ,0, , , , , , , , , ,2,2,0,0,0,0,0,0,0,0,0,0,0,0,0,0,0,0,0,0,1,0,0,0,0,0,0,0,0,0,0,0,0,0,0,0,0,39.9682,-75.1785, , 
11665,144616,2016013800,6,67,67301,2016,1,5,956,9,1,1,0,4,1, , ,N,1,3,0,3,0,2,2,2,N,N,40 01:58.504,75 04:33.304,1005, ,1000, ,0, ,N, ,3, , , , , , , , , ,2,0,0,0,0,0,1,1,0,0,1,1,2,0,0,0,0,0,0,0,0,0,0,1,0,0,0,0,0,0,0,0,0,0,0,3,0,40.0329,-75.0759, , 
11666,144647,2016043223,6,67,67301,2016,4,2,152,1,3,2,1,7,3, , ,N,0,0,0,3,0,1,1,1,N,N,39 58:57.309,75 12:27.900,204, ,158,1,1,4, , ,0,N, , , , , , , , ,1,1,0,0,0,0,0,0,0,0,0,0,1,1,0,0,0,0,0,0,0,0,0,0,0,0,0,0,0,0,0,0,0,0,0,8,0,39.9826,-75.2078, , 