objectid_1,objectid,crn,district,county,municipality,crash_year,crash_month,day_of_week,time_of_day,hour_of_day,illumination,weather,road_condition,collision_type,relation_to_road,work_zone_type,work_zone_loc,work_zone_ind,intersect_type,tcd_type,location_type,urban_rural,fatal_count,injury_count,person_count,total_units,sch_bus_ind,sch_zone_ind,latitude,longitude,arrival_tm,cons_zone_spd_lim,dispatch_tm,est_hrs_closed,lane_closed,ln_close_dir,ntfy_hiwy_maint,spec_juris_cd,tcd_func_cd,tfc_detour_ind,workers_pres,wz_close_detour,wz_flagger,wz_law_offcr_ind,wz_ln_closure,wz_moving,wz_other,wz_shlder_mdn,vehicle_count,automobile_count,motorcycle_count,bus_count,small_truck_count,heavy_truck_count,suv_count,van_count,bicycle_count,maj_inj_count,mod_inj_count,min_inj_count,tot_inj_count,unk_inj_deg_count,unk_inj_per_count,driver_count_16yr,driver_count_17yr,driver_count_18yr,driver_count_19yr,driver_count_20yr,driver_count_50_64yr,driver_count_65_74yr,driver_count_75plus,unbelted_occ_count,unb_death_count,unb_maj_inj_count,belted_death_count,belted_maj_inj_count,mcycle_death_count,mcycle_maj_inj_count,bicycle_death_count,bicycle_maj_inj_count,ped_count,ped_death_count,ped_maj_inj_count,max_severity_level,comm_veh_count,dec_lat,dec_long,rdwy_surf_type_cd,county_name
11667,144653,2016053903,6,67,67301,2016,5,3,5,0,3,1,0,7,2, , ,N,0,0,0,3,0,1,1,1,N,N,39 57:25.324,75 09:22.524,6, ,6,2,2,3, , ,0,N, , , , , , , , ,1,0,0,0,0,0,0,1,0,0,0,0,1,1,0,0,0,0,0,0,0,0,0,0,0,0,0,0,0,0,0,0,0,0,0,8,0,39.957,-75.1563, , 
11668,144667,2016013716,6,67,67301,2016,1,6,2005,20,3,2,1,1,1, , ,N,0,0,0,3,0,0,2,2,N,N,40 01:19.198,75 03:03.109,2040, ,2035, ,0, ,N, ,0, , , , , , , , , ,2,1,0,0,0,0,1,0,0,0,0,0,0,0,0,0,0,0,0,0,1,0,0,0,0,0,0,0,0,0,0,0,0,0,0,0,0,40.022,-75.0509, , 
11669,144668,2016013864,6,67,67301,2016,1,2,1255,12,1,1,0,4,1, , ,N,1,2,0,3,0,1,2,2,N,N,39 57:08.527,75 08:48.441,1313, ,1311, ,0, ,N, ,3, , , , , , , , , ,2,1,0,0,0,0,1,0,0,0,0,1,1,0,0,0,0,0,0,0,1,0,0,0,0,0,0,0,0,0,0,0,0,0,0,4,0,39.9524,-75.1468, , 
11670,144676,2016022056,6,67,67301,2016,2,1,1100,11,1,1,0,1,1, , ,N,0,2,0,3,0,3,4,2,N,N,39 58:23.952,75 12:43.198,1106, ,1104, ,0, ,N, ,3, , , , , , , , , ,2,1,0,1,0,0,0,0,0,0,0,0,3,3,0,0,0,0,0,0,2,0,0,0,0,0,0,0,0,0,0,0,0,0,0,8,1,39.9733,-75.212, , 
11671,144677,2016022457,6,67,67301,2016,2,2,1551,15,1,1,0,4,1, , ,N,1,2,0,3,0,1,2,2,N, ,40 01:15.937,75 08:23.758,1755, ,1751,2,1,1, , ,3,N, , , , , , , , ,2,0,0,0,1,0,1,0,0,0,0,0,1,1,0,0,0,0,0,0,0,0,0,0,0,0,0,0,0,0,0,0,0,0,0,8,0,40.0211,-75.1399, , 
11672,144691,2016038287,6,67,67301,2016,4,7,731,7,1,1,0,1,1, , ,N,0,0,0,3,0,1,3,2,N,N,39 57:54.340,75 08:15.750,759, ,741,1,2,2, , ,0,N, , , , , , , , ,2,1,0,0,0,0,1,0,0,0,0,0,1,1,0,0,0,0,0,0,0,0,0,0,0,0,0,0,0,0,0,0,0,0,0,8,0,39.9651,-75.1377, , 
11673,144700,2016050033,6,67,67301,2016,4,5,55,0,3,1,0,7,4, , ,N,1,2,0,3,0,0,1,1,N,N,40 00:36.733,75 05:53.140,120, ,100,2,1,3,N, ,3,N, , , , , , , , ,1,0,0,0,0,0,1,0,0,0,0,0,0,0,0,0,0,0,0,0,0,0,0,0,0,0,0,0,0,0,0,0,0,0,0,0,0,40.0102,-75.0981, , 
11674,144701,2016051529,6,67,67301,2016,4,1,1228,12,1,1,0,1,1, , ,N,0,0,0,3,0,2,6,2,N,N,39 56:52.913,75 11:13.500,1258, ,1238,1,1,3, , ,0,N, , , , , , , , ,2,0,0,0,0,0,2,0,0,0,0,0,2,2,0,0,0,0,0,0,0,1,0,0,0,0,0,0,0,0,0,0,0,0,0,8,0,39.948,-75.1871, , 
11675,144703,2016007572,6,67,67301,2016,1,6,2345,23,3,1,0,2,1, , ,N,1,2,0,3,0,1,2,2,N, ,39 56:53.175,75 09:15.257,1, ,2347, ,0, , , ,3, , , , , , , , , ,2,1,0,0,0,0,1,0,0,0,0,1,1,0,0,0,0,0,0,0,0,0,0,1,0,0,0,0,0,0,0,0,0,0,0,4,0,39.9481,-75.1542, , 
11676,144721,2016026004,6,67,67301,2016,2,5,2100,21,6,9,1,5,6, , ,N,0,0,0,3,0,0,1,2,N,N,39 57:09.451,75 14:08.191,5, ,2005, ,0, ,N, ,0, , , , , , , , , ,2,1,0,0,0,0,0,0,0,0,0,0,0,0,1,0,0,0,0,0,0,0,0,0,0,0,0,0,0,0,0,0,0,0,0,9,0,39.9526,-75.2356, , 
11677,144722,2016029139,6,67,67301,2016,2,7,1720,17,1,1,0,8,1, , ,N,0,0,0,3,0,1,2,2,N, ,40 01:31.353,75 13:17.133,1722, ,1720,1,1,2, , ,0,N, , , , , , , , ,1,0,0,0,0,0,1,0,0,0,0,0,1,1,0,0,0,0,0,0,0,0,0,0,0,0,0,0,0,0,0,0,1,0,0,8,0,40.0254,-75.2214, , 
11678,144726,2016036486,6,67,67301,2016,3,2,1957,19,3,1,1,8,1, , ,N,1,2,0,3,0,1,2,2,N, ,40 01:36.832,75 05:50.065,2005, ,1959, ,0, ,N, ,3, , , , , , , , , ,1,1,0,0,0,0,0,0,0,0,1,0,1,0,0,0,0,0,0,0,0,0,0,1,0,0,0,0,0,0,0,0,1,0,0,3,0,40.0269,-75.0972, , 
11679,144735,2016047016,6,67,67301,2016,4,3,1150,11,1,1,0,8,1, , ,N,5,2,2,3,0,1,3,3,N, ,39 57:27.542,75 09:44.544,1202, ,1201, ,0, , , ,3, , , , , , , , , ,2,1,0,0,0,0,1,0,0,0,0,0,1,1,0,0,0,0,0,0,1,0,0,2,0,0,0,0,0,0,0,0,1,0,0,8,0,39.9577,-75.1624, , 
11680,147500,2016007862,6,67,67301,2016,1,3,751,7,1,1,0,1,1, , ,N,0,0,0,3,0,0,2,2,N,N,39 59:26.018,75 05:12.772,751, ,751, ,0, , , ,0, , , , , , , , , ,2,2,0,0,0,0,0,0,0,0,0,0,0,0,0,0,0,0,0,0,0,0,0,0,0,0,0,0,0,0,0,0,0,0,0,0,0,39.9906,-75.0869, , 
11681,147519,2016029768,6,67,67301,2016,2,3,1203,12,1,2,1,5,1, , ,N,0,0,0,3,0,0,2,2,N, ,40 04:42.510,74 59:55.894,1213, ,1203, ,0, , , ,0, , , , , , , , , ,2,2,0,0,0,0,0,0,0,0,0,0,0,0,1,0,0,0,0,0,0,0,0,0,0,0,0,0,0,0,0,0,0,0,0,9,0,40.0785,-74.9989, , 
11682,147525,2016039675,6,67,67301,2016,3,2,300,3,3,2,1,5,6, , ,N,0,0,0,3,0,0,1,2,N,N,39 58:28.256,75 08:18.527,310, ,304, ,0, ,N, ,0, , , , , , , , , ,2,1,0,0,1,0,0,0,0,0,0,0,0,0,0,0,0,0,0,0,0,0,0,0,0,0,0,0,0,0,0,0,0,0,0,0,0,39.9745,-75.1385, , 
11683,147526,2016039715,6,67,67301,2016,3,5,1445,14,1,1,0,8,1, , ,N,1,2,0,3,0,1,3,2,N,N,39 58:51.174,75 14:47.541,1500, ,1500, ,0, ,N, ,3, , , , , , , , , ,1,1,0,0,0,0,0,0,0,0,1,0,1,0,0,0,0,0,0,0,0,0,0,0,0,0,0,0,0,0,0,0,1,0,0,3,0,39.9809,-75.2465, , 
11684,147534,2016046118,6,67,67301,2016,4,2,756,7,1,1,0,5,6, , ,N,0,0,0,3,0,1,2,2,N,N,39 55:37.146,75 13:56.006,801, ,801, ,0, ,N, ,0, , , , , , , , , ,2,1,0,0,0,0,1,0,0,0,0,1,1,0,0,0,0,0,0,0,1,0,0,0,0,0,0,0,0,0,0,0,0,0,0,4,0,39.927,-75.2322, , 
11685,147539,2016048515,6,67,67301,2016,3,7,1326,13,1,1,0,1,6, , ,N,0,0,0,3,0,2,3,4,N,N,39 59:31.417,75 09:53.002,1330, ,1326, ,0, ,N, ,0, , , , , , , , , ,4,2,0,0,1,0,1,0,0,0,0,0,2,2,0,0,0,0,0,0,0,0,0,1,0,0,0,0,0,0,0,0,0,0,0,8,0,39.9921,-75.1647, , 
11686,147541,2016052215,6,67,67301,2016,2,4,2238,22,3,1,0,1,1, , ,N,0,0,0,3,0,1,2,2,N,N,39 57:28.362,75 09:42.841,0, ,0, ,0, ,N, ,0, , , , , , , , , ,2,0,0,0,0,0,1,0,0,0,0,1,1,0,0,0,0,0,0,0,0,0,0,0,0,0,0,0,0,0,0,0,0,0,0,4,0,39.9579,-75.1619, , 
11687,147553,2016014004,6,67,67301,2016,1,5,945,9,1,1,0,4,1, , ,N,1,2,0,3,0,2,4,2,N,N,39 58:12.871,75 07:49.819,1010, ,1005,2,1,6,N, ,3,N, , , , , , , , ,2,2,0,0,0,0,0,0,0,0,0,1,2,1,0,0,0,0,0,0,1,0,0,1,0,0,0,0,0,0,0,0,0,0,0,4,0,39.9701,-75.1304, , 
11688,147555,2016014418,6,67,67301,2016,1,7,800,8,1,1,0,1,1, , ,N,6,4,2,3,0,1,2,2,N,N,40 00:47.390,75 10:49.073,820, ,818, ,0, ,N, ,3, , , , , , , , , ,2,1,0,0,1,0,0,0,0,0,0,1,1,0,0,0,0,0,0,0,0,0,0,0,0,0,0,0,0,0,0,0,0,0,0,4,0,40.0137,-75.1796, , 
11689,147577,2016028804,6,67,67301,2016,2,5,800,8,1,2,1,1,1, , ,N,0,0,0,3,0,0,4,3,N,N,40 02:57.753,74 59:47.342,820, ,810,1,1,2, , ,0,N, , , , , , , , ,3,1,0,0,0,0,2,0,0,0,0,0,0,0,0,0,0,0,0,1,0,0,0,1,0,0,0,0,0,0,0,0,0,0,0,0,0,40.0494,-74.9965, , 
11690,147578,2016028814,6,67,67301,2016,3,3,942,9,1,1,0,1,1, , ,N,0,0,0,3,0,0,2,2,N,N,40 00:28.484,75 12:08.132,952, ,952, ,0, , , ,0, , , , , , , , , ,2,1,0,0,0,0,1,0,0,0,0,0,0,0,0,0,0,0,0,0,0,0,0,0,0,0,0,0,0,0,0,0,0,0,0,0,0,40.0079,-75.2023, , 
11691,147608,2016025998,6,67,67301,2016,2,5,1815,18,3,1,0,8,1, , ,N,0,0,0,3,0,1,2,2,N,N,40 02:44.827,75 03:24.196,1818, ,1818,2,1,4,N, ,0,N, , , , , , , , ,1,1,0,0,0,0,0,0,0,0,0,0,1,1,0,0,0,0,0,0,0,0,0,1,0,0,0,0,0,0,0,0,1,0,0,8,0,40.0458,-75.0567, , 
11692,147614,2016034982,6,67,67301,2016,2,6,1230,12,1,1,0,8,1, , ,N,1,2,0,3,0,1,2,2,N,N,39 57:10.026,75 10:00.662,1335, ,1325, ,0, , , ,3, , , , , , , , , ,1,1,0,0,0,0,0,0,0,0,0,0,1,1,0,0,0,0,0,0,0,0,0,1,0,0,0,0,0,0,0,0,1,0,0,8,0,39.9528,-75.1669, , 
11693,147627,2016056088,6,67,67301,2016,5,3,221,2,3,1,0,4,1, , ,N,1,3,0,3,0,1,2,2,N, ,39 57:18.779,75 13:33.116,224, ,221,2,2,5, , ,3,Y, , , , , , , , ,1,0,0,0,0,0,0,0,1,0,1,0,1,0,0,0,0,0,0,0,0,0,0,0,0,0,0,0,0,0,0,0,0,0,0,3,0,39.9552,-75.2259, , 
11694,147636,2016068280,6,67,67301,2016,6,3,106,1,3,1,0,8,4, , ,N,0,0,0,3,0,4,6,5,N,N,39 56:29.198,75 08:53.685,111, ,111, ,0, ,N, ,0, , , , , , , , , ,1,1,0,0,0,0,0,0,0,0,2,2,4,0,0,0,0,0,0,0,0,0,0,0,0,0,0,0,0,0,0,0,4,0,0,3,0,39.9414,-75.1482, , 
11695,147651,2016013767,6,67,67301,2016,1,5,1353,13,1,1,0,4,1, , ,N,1,3,0,3,0,1,2,2,N,N,39 59:56.299,75 07:11.942,1402, ,1356, ,0, ,N, ,3, , , , , , , , , ,2,1,0,0,0,0,0,1,0,0,0,1,1,0,0,0,0,0,0,0,0,0,0,0,0,0,0,0,0,0,0,0,0,0,0,4,0,39.999,-75.12, , 
11696,147658,2016020301,6,67,67301,2016,1,7,1304,13,1,1,0,2,1, , ,N,1,2,0,3,0,1,2,2,N,N,40 05:38.461,74 58:46.899,1309, ,1304, ,0, , , ,3, , , , , , , , , ,1,1,0,0,0,0,0,0,1,0,0,0,1,1,0,0,0,0,0,0,0,0,0,0,0,0,0,0,0,0,0,0,0,0,0,8,0,40.0939,-74.9797, , 
11697,147662,2016029927,6,67,67301,2016,3,2,1855,18,3,1,0,8,1, , ,N,1,2,0,3,0,3,4,4,N, ,40 00:04.122,75 07:29.036,1905, ,1859,2,2,7, , ,3,Y, , , , , , , , ,1,0,0,0,0,1,0,0,0,2,1,0,3,0,0,0,0,0,0,0,1,0,0,0,0,0,0,0,0,0,0,0,3,0,2,2,1,40.0011,-75.1247, , 
11698,147671,2016038186,6,67,67301,2016,3,4,1900,19,3,1,0,1,1, , ,N,0,0,0,3,0,1,2,2,N, ,40 02:23.586,75 06:37.726,1910, ,1902, ,0, , , ,0, , , , , , , , , ,2,1,0,0,0,0,1,0,0,0,0,0,1,1,0,0,0,0,0,0,2,0,0,0,0,0,0,0,0,0,0,0,0,0,0,8,0,40.0399,-75.1105, , 
11699,153695,2016080499,6,67,67301,2016,6,6,1605,16,1,1,0,4,1, , ,N,1,3,0,3,0,1,2,2,N,N,39 55:04.454,75 08:57.015,1700, ,1652, ,0, , , ,3, , , , , , , , , ,1,1,0,0,0,0,0,0,1,0,0,0,1,1,0,0,0,0,0,0,0,0,0,0,0,0,0,0,0,0,0,0,0,0,0,8,0,39.9179,-75.1492, , 
11700,153709,2016082309,6,67,67301,2016,7,2,1843,18,1,2,1,1,1, , ,N,2,0,0,3,0,2,3,3,N,N,39 55:14.800,75 14:47.937,1932, ,1923, ,0, ,N, ,0, , , , , , , , , ,3,2,0,0,1,0,0,0,0,0,0,2,2,0,0,0,0,0,0,0,0,0,0,0,0,0,0,0,0,0,0,0,0,0,0,4,0,39.9208,-75.2466, , 
11701,153724,2016008164,6,67,67301,2016,1,6,1555,15,1,1,0,5,1, , ,N,7,0,2,3,0,1,3,2,N,N,40 00:23.964,75 11:36.713,1610, ,1600, ,0, ,N, ,0, , , , , , , , , ,2,2,0,0,0,0,0,0,0,0,1,0,1,0,0,0,0,0,0,0,1,0,1,0,0,0,0,0,0,0,0,0,0,0,0,3,0,40.0067,-75.1935, , 
11702,153725,2016008590,6,67,67301,2016,1,4,1752,17,3,1,0,4,1, , ,N,1,2,0,3,0,1,2,2,N, ,40 05:41.184,75 00:55.174,1757, ,1753,1,1,2, , ,3,N, , , , , , , , ,2,1,0,0,0,0,1,0,0,0,0,0,1,1,0,0,0,0,0,0,1,1,0,0,0,0,0,0,0,0,0,0,0,0,0,8,0,40.0948,-75.0153, , 
11703,153728,2016013963,6,67,67301,2016,1,3,1335,13,1,1,0,4,1, , ,N,1,3,0,3,0,2,2,2,N,N,39 56:56.623,75 09:20.444,1345, ,1340, ,0, ,N, ,3, , , , , , , , , ,2,0,0,0,0,0,2,0,0,0,0,0,2,2,0,0,0,0,0,0,1,0,1,0,0,0,0,0,0,0,0,0,0,0,0,8,0,39.9491,-75.1557, , 
11704,153730,2016019361,6,67,67301,2016,2,7,2127,21,3,1,0,7,2,1,4,Y,0,0,0,3,0,1,1,1,N,N,39 57:43.402,75 08:22.294,2135,45,2132,1,2,1, , ,0,N,N,N,N,N,N,Y,N,Y,1,1,0,0,0,0,0,0,0,0,0,1,1,0,0,0,0,0,0,0,0,0,0,0,0,0,0,0,0,0,0,0,0,0,0,4,0,39.9621,-75.1395, , 
11705,153734,2016024795,6,67,67301,2016,2,3,1251,12,1,1,0,8,1, , ,N,1,2,0,3,0,3,4,4,N,N,39 55:54.237,75 10:04.883,1253, ,1251, ,0, , , ,3, , , , , , , , , ,1,1,0,0,0,0,0,0,0,0,0,0,3,3,0,0,0,0,0,0,0,0,0,1,0,0,0,0,0,0,0,0,3,0,0,8,0,39.9317,-75.168, , 
11706,153740,2016033849,6,67,67301,2016,3,2,2239,22,3,2,1,7,4, , ,N,0,0,0,3,0,1,2,1,N, ,40 01:18.432,75 04:44.722,2240, ,2240, ,0, , , ,0, , , , , , , , , ,1,1,0,0,0,0,0,0,0,0,1,0,1,0,0,0,0,0,0,0,0,0,0,2,0,0,0,0,0,0,0,0,0,0,0,3,0,40.0218,-75.0791, , 
11707,153741,2016034988,6,67,67301,2016,2,2,2050,20,3,1,0,8,4, , ,N,1,3,0,3,0,1,2,2,N, ,40 01:17.359,75 04:29.836,2055, ,2050, ,0, , , ,3, , , , , , , , , ,1,0,0,0,1,0,0,0,0,0,0,0,1,1,1,0,0,0,0,0,1,0,0,0,0,0,0,0,0,0,0,0,1,0,0,8,0,40.0215,-75.075, , 
11708,153752,2016044588,6,67,67301,2016,4,3,823,8,1,2,1,0,5, , ,N,0,0,0,3,0,0,1,1,N,N,39 59:46.368,75 12:06.110,856, ,824,1,2,3,N, ,0,Y, , , , , , , , ,1,1,0,0,0,0,0,0,0,0,0,0,0,0,0,0,0,0,0,0,0,0,0,0,0,0,0,0,0,0,0,0,0,0,0,0,0,39.9962,-75.2017, , 
11709,153754,2016046088,6,67,67301,2016,4,6,1645,16,1,1,0,1,4, , ,N,0,0,0,3,0,1,3,4,N, ,40 00:12.616,75 08:22.957,1655, ,1649, ,0, , , ,0, , , , , , , , , ,3,1,0,0,1,0,0,1,0,0,0,0,1,1,1,0,0,0,0,0,0,0,0,0,0,0,0,0,0,0,0,0,1,0,0,8,0,40.0035,-75.1397, , 
11710,153776,2016014417,6,67,67301,2016,1,7,705,7,1,1,0,7,4, , ,N,0,0,0,3,0,0,2,2,N,N,40 01:12.321,75 09:03.822,718, ,707,2,1,2,N, ,0,N, , , , , , , , ,2,1,0,0,0,0,1,0,0,0,0,0,0,0,0,0,0,0,0,0,0,0,0,0,0,0,0,0,0,0,0,0,0,0,0,0,0,40.0201,-75.1511, , 
11711,153801,2016046136,6,67,67301,2016,4,1,1505,15,1,1,0,4,1, , ,N,2,2,7,3,0,1,6,2,N, ,40 03:46.988,75 05:11.702,1600, ,1555, ,0, , , ,3, , , , , , , , , ,2,2,0,0,0,0,0,0,0,0,0,1,1,0,0,0,0,0,0,0,1,0,0,0,0,0,0,0,0,0,0,0,0,0,0,4,0,40.0631,-75.0866, , 
11712,153805,2016053625,6,67,67301,2016,5,6,929,9,1,2,1,5,6, , ,N,0,0,0,3,0,0,1,3,N,N,39 57:00.795,75 09:57.193,940, ,929,1,2,2,N, ,0,Y, , , , , , , , ,3,0,0,0,0,1,1,1,0,0,0,0,0,0,0,0,0,0,0,0,0,0,0,0,0,0,0,0,0,0,0,0,0,0,0,0,1,39.9502,-75.1659, , 
11713,153813,2016061667,6,67,67301,2016,5,6,29,0,3,1,0,4,1, , ,N,3,2,0,3,0,2,3,2,N, ,39 56:00.698,75 12:55.912,36, ,36, ,0, , , ,3, , , , , , , , , ,2,1,0,0,0,1,0,0,0,0,0,2,2,0,0,0,0,0,0,0,1,0,0,0,0,0,0,0,0,0,0,0,0,0,0,4,1,39.9335,-75.2155, , 
11714,153819,2016014740,6,46,46108,2016,2,7,1145,11,1,1,0,4,1, , ,N,1,2,0,3,0,1,3,2,N,N,40 05:09.819,75 13:49.871,1150, ,1145,1,1,1,N, ,3,N, , , , , , , , ,2,1,0,0,0,0,1,0,0,0,0,1,1,0,0,0,0,0,0,0,0,0,1,0,0,0,0,0,0,0,0,0,0,0,0,4,0,40.0861,-75.2305, , 
11715,153839,2016029790,6,67,67301,2016,2,1,1400,14,1,1,0,1,1, , ,N,3,3,0,3,0,1,3,2,N, ,39 58:35.233,75 11:21.692,1415, ,1402, ,0, , , ,3, , , , , , , , , ,2,2,0,0,0,0,0,0,0,0,0,1,1,0,1,0,0,0,1,0,0,0,0,0,0,0,0,0,0,0,0,0,0,0,0,4,0,39.9765,-75.1894, , 
11716,153841,2016033809,6,67,67301,2016,3,3,531,5,3,1,0,8,1, , ,N,1,2,0,3,0,3,4,4,N, ,40 02:39.900,75 08:36.425,533, ,533,2,1,2, , ,3,N, , , , , , , , ,1,0,0,0,0,0,1,0,0,0,0,3,3,0,0,0,0,0,0,0,1,0,0,0,0,0,0,0,0,0,0,0,3,0,0,4,0,40.0444,-75.1435, , 
11717,150948,2016019742,6,67,67301,2016,2,4,1818,18,3,2,1,8,1, , ,N,1,2,0,3,0,1,2,2,N,N,40 00:02.415,75 05:51.842,1822, ,1822,1,2,4,N, ,3,Y, , , , , , , , ,1,1,0,0,0,0,0,0,0,0,0,1,1,0,0,0,0,0,0,0,0,0,1,0,0,0,0,0,0,0,0,0,1,0,0,4,0,40.0007,-75.0977, , 
11718,150949,2016019809,6,67,67301,2016,2,2,945,9,1,1,0,4,1, , ,N,0,0,7,3,0,3,4,2,N,N,39 58:40.296,75 13:41.314,1001, ,1000, ,0, ,N, ,0, , , , , , , , , ,2,2,0,0,0,0,0,0,0,0,0,3,3,0,0,0,0,0,0,0,1,0,0,0,0,0,0,0,0,0,0,0,0,0,0,4,0,39.9779,-75.2281, , 
11719,150971,2016048416,6,67,67301,2016,5,6,728,7,1,1,0,5,1, , ,N,0,0,0,3,0,0,3,3,N,N,39 57:17.452,75 12:08.503,732, ,728, ,0, ,N, ,0, , , , , , , , , ,3,1,0,0,0,0,1,1,0,0,0,0,0,0,0,0,0,0,0,0,0,1,0,0,0,0,0,0,0,0,0,0,0,0,0,0,0,39.9548,-75.2024, , 
11720,150980,2016008604,6,67,67301,2016,1,1,1427,14,1,1,0,4,1, , ,N,1,2,0,3,0,1,4,2,N, ,39 57:47.872,75 14:18.509,1430, ,1427, ,0, ,N, ,3, , , , , , , , , ,2,2,0,0,0,0,0,0,0,0,0,1,1,0,0,0,0,0,0,0,0,0,0,1,0,0,0,0,0,0,0,0,0,0,0,4,0,39.9633,-75.2385, , 
11721,151014,2016044538,6,67,67301,2016,4,1,419,4,3,1,0,5,6, , ,N,0,0,0,3,0,0,1,3,N, ,40 00:06.994,75 09:10.258,430, ,421, ,0, , , ,0, , , , , , , , , ,3,3,0,0,0,0,0,0,0,0,0,0,0,0,0,0,0,0,0,0,0,0,0,0,0,0,0,0,0,0,0,0,0,0,0,0,0,40.0019,-75.1528, , 
11722,151046,2016027567,6,67,67301,2016,2,6,1125,11,1,1,0,4,1, , ,N,1,2,0,3,0,1,3,2,N,N,39 57:04.665,75 10:25.093,1140, ,1130, ,0, ,N, ,3, , , , , , , , , ,2,1,0,0,0,0,1,0,0,0,0,1,1,0,1,0,0,0,0,0,0,0,0,0,0,0,0,0,0,0,0,0,0,0,0,4,0,39.9513,-75.1736, , 
11723,151047,2016028799,6,67,67301,2016,2,5,1703,17,1,1,0,1,1, , ,N,0,0,0,3,0,1,2,2,N,N,40 00:08.352,75 11:40.140,1710, ,1703,1,2,4, , ,0,N, , , , , , , , ,2,0,0,0,0,1,1,0,0,0,0,0,1,1,0,0,0,0,0,0,0,0,0,0,0,0,0,0,0,0,0,0,0,0,0,8,1,40.0023,-75.1945, , 
11724,151050,2016032097,6,67,67301,2016,3,2,920,9,1,1,0,4,1, , ,N,3,0,0,3,0,1,3,2,N,N,40 00:47.164,75 09:01.448,930, ,926, ,0, ,N, ,0, , , , , , , , , ,2,1,0,0,0,0,0,1,0,0,0,1,1,0,0,0,0,0,0,0,0,0,0,1,0,0,0,0,0,0,0,0,0,0,0,4,0,40.013,-75.1503, , 
11725,151054,2016036490,6,67,67301,2016,3,5,1446,14,1,1,0,4,1, , ,N,1,2,0,3,0,2,3,3,N, ,39 55:14.358,75 10:14.006,1459, ,1454,2,2,2, , ,3,Y, , , , , , , , ,3,1,0,0,0,0,2,0,0,0,0,2,2,0,0,0,0,0,0,0,0,0,0,0,0,0,0,0,0,0,0,0,0,0,0,4,0,39.9206,-75.1704, , 
11726,151061,2016044520,6,67,67301,2016,4,7,223,2,3,1,0,0,1, , ,N,2,2,0,3,1,0,1,1,N,N,40 00:26.600,75 11:33.400,227, ,224,4,2,7,N,0,3,Y, , , , , , , , ,1,1,0,0,0,0,0,0,0,0,0,0,0,0,0,0,0,0,0,0,0,0,0,0,0,0,0,0,0,0,0,0,0,0,0,1,0,40.0062,-75.1912,2, 
11727,151062,2016044606,6,67,67301,2016,4,3,1900,19,1,1,0,8,1, , ,N,0,0,0,3,0,1,2,2,N, ,39 59:16.857,75 06:45.912,1937, ,1936, ,0, , , ,0, , , , , , , , , ,1,1,0,0,0,0,0,0,0,0,1,0,1,0,0,0,0,0,0,0,0,0,0,1,0,0,0,0,0,0,0,0,1,0,0,3,0,39.988,-75.1128, , 
11728,151075,2016017042,6,67,67301,2016,1,3,1555,15,1,1,3,6,1, , ,N,0,0,0,3,0,1,2,2,N,N,39 59:58.073,75 10:00.253,1620, ,1615, ,0, ,N, ,0, , , , , , , , , ,2,1,0,1,0,0,0,0,0,0,0,0,1,1,0,0,0,0,0,0,1,0,0,0,0,0,0,0,0,0,0,0,0,0,0,8,1,39.9995,-75.1667, , 
11729,151077,2016019357,6,67,67301,2016,2,7,1251,12,1,1,0,7,5, , ,N,0,0,0,3,0,0,2,1,N,N,39 59:50.559,75 11:46.221,1322, ,1700, ,0, , , ,0, , , , , , , , , ,1,1,0,0,0,0,0,0,0,0,0,0,0,0,0,0,0,0,0,0,1,0,0,0,0,0,0,0,0,0,0,0,0,0,0,0,0,39.9974,-75.1962, , 
11730,151091,2016040893,6,67,67301,2016,3,3,1209,12,1,1,0,4,1, , ,N,1,2,0,3,0,1,4,3,N,N,40 05:40.718,75 00:54.707,1215, ,1210,2,1,1,N, ,3,N, , , , , , , , ,3,0,0,0,1,0,2,0,0,0,1,0,1,0,0,0,0,0,0,0,1,0,0,0,0,0,0,0,0,0,0,0,0,0,0,3,0,40.0946,-75.0152, , 
11731,151098,2016048642,6,67,67301,2016,4,4,657,6,1,1,0,4,1, , ,N,1,2,0,3,0,4,6,2,N, ,40 00:27.502,75 07:38.377,713, ,713, ,0, , , ,9, , , , , , , , , ,2,2,0,0,0,0,0,0,0,0,0,4,4,0,0,0,0,0,0,0,0,0,0,0,0,0,0,0,0,0,0,0,0,0,0,4,0,40.0076,-75.1273, , 
11732,151099,2016048705,6,67,67301,2016,4,5,1757,17,1,1,0,1,6, , ,N,0,0,0,3,0,1,2,3,N,N,40 03:32.934,75 05:22.947,1805, ,1759, ,0, ,N, ,0, , , , , , , , , ,3,1,0,0,0,0,1,0,0,0,0,0,1,1,0,0,0,0,0,0,0,1,0,0,0,0,0,0,0,0,0,0,0,0,0,8,0,40.0591,-75.0897, , 
11733,151105,2016058527,6,67,67301,2016,5,5,1811,18,1,1,0,7,4, , ,N,1,2,0,3,0,0,1,2,N,N,40 02:46.543,75 10:39.976,1814, ,1811, ,0, ,N, ,3, , , , , , , , , ,1,1,0,0,0,0,0,0,0,0,0,0,0,0,0,0,0,0,0,0,0,0,0,0,0,0,0,0,0,0,0,0,0,0,0,0,0,40.0463,-75.1778, , 
11734,151123,2016013759,6,67,67301,2016,1,5,1441,14,1,1,0,5,6, , ,N,0,0,0,3,0,0,1,2,N,N,40 00:27.500,75 09:01.200,1441, ,1441, ,0, ,N, ,0, , , , , , , , , ,2,0,0,1,0,0,1,0,0,0,0,0,0,0,0,0,0,0,0,0,1,0,0,0,0,0,0,0,0,0,0,0,0,0,0,0,1,40.0076,-75.1503, , 