objectid_1,objectid,crn,district,county,municipality,crash_year,crash_month,day_of_week,time_of_day,hour_of_day,illumination,weather,road_condition,collision_type,relation_to_road,work_zone_type,work_zone_loc,work_zone_ind,intersect_type,tcd_type,location_type,urban_rural,fatal_count,injury_count,person_count,total_units,sch_bus_ind,sch_zone_ind,latitude,longitude,arrival_tm,cons_zone_spd_lim,dispatch_tm,est_hrs_closed,lane_closed,ln_close_dir,ntfy_hiwy_maint,spec_juris_cd,tcd_func_cd,tfc_detour_ind,workers_pres,wz_close_detour,wz_flagger,wz_law_offcr_ind,wz_ln_closure,wz_moving,wz_other,wz_shlder_mdn,vehicle_count,automobile_count,motorcycle_count,bus_count,small_truck_count,heavy_truck_count,suv_count,van_count,bicycle_count,maj_inj_count,mod_inj_count,min_inj_count,tot_inj_count,unk_inj_deg_count,unk_inj_per_count,driver_count_16yr,driver_count_17yr,driver_count_18yr,driver_count_19yr,driver_count_20yr,driver_count_50_64yr,driver_count_65_74yr,driver_count_75plus,unbelted_occ_count,unb_death_count,unb_maj_inj_count,belted_death_count,belted_maj_inj_count,mcycle_death_count,mcycle_maj_inj_count,bicycle_death_count,bicycle_maj_inj_count,ped_count,ped_death_count,ped_maj_inj_count,max_severity_level,comm_veh_count,dec_lat,dec_long,rdwy_surf_type_cd,county_name
11735,144747,2016064039,6,67,67301,2016,6,5,1800,18,1,1,0,1,1, , ,N,2,2,0,3,0,0,2,2,N, ,40 03:10.073,75 13:39.209,1904, ,1859,9,1,1, , ,3,N, , , , , , , , ,2,1,0,1,0,0,0,0,0,0,0,0,0,0,0,0,0,0,0,0,1,0,0,0,0,0,0,0,0,0,0,0,0,0,0,0,1,40.0528,-75.2276, , 
11736,144748,2016064043,6,67,67301,2016,6,4,1729,17,1,1,0,8,1, , ,N,1,3,0,3,0,1,2,2,N, ,39 56:53.041,75 09:48.203,1744, ,1742, ,0, , , ,3, , , , , , , , , ,1,0,0,0,0,0,0,0,0,0,0,0,1,1,0,0,0,0,0,0,0,0,0,0,0,0,0,0,0,0,0,0,1,0,0,8,0,39.9481,-75.1634, , 
11737,144773,2016025965,6,67,67301,2016,2,1,1230,12,1,1,0,4,1, , ,N,5,2,0,3,0,1,2,2,N,N,39 55:32.202,75 10:10.082,1242, ,1232,2,1,2,N, ,3,N, , , , , , , , ,2,1,0,0,0,0,1,0,0,0,0,0,1,1,1,0,0,0,0,0,0,0,0,0,0,0,0,0,0,0,0,0,0,0,0,8,0,39.9256,-75.1693, , 
11738,144775,2016026876,6,67,67301,2016,2,7,9999,99,1,1,0,1,1, , ,N,1,2,0,3,0,2,3,3,N,N,39 57:15.080,75 10:11.059,815, ,808,9,1,4,N, ,3,N, , , , , , , , ,3,3,0,0,0,0,0,0,0,0,0,1,2,1,0,0,0,0,0,0,0,0,0,0,0,0,0,0,0,0,0,0,0,0,0,4,0,39.9542,-75.1698, , 
11739,144780,2016029754,6,67,67301,2016,3,4,1500,15,1,1,0,8,1, , ,N,0,0,0,3,0,1,2,2,N, ,39 59:38.093,75 10:53.443,1645, ,1635, ,0, , , ,0, , , , , , , , , ,1,1,0,0,0,0,0,0,0,0,0,0,1,1,0,0,0,0,0,0,0,0,0,0,0,0,0,0,0,0,0,0,1,0,0,8,0,39.9939,-75.1815, , 
11740,144793,2016046112,6,67,67301,2016,4,3,1015,10,1,2,1,8,1, , ,N,1,2,0,3,0,1,3,2,N,N,39 59:38.150,75 09:16.063,1025, ,1018, ,0, , , ,3, , , , , , , , , ,1,1,0,0,0,0,0,0,0,0,0,0,1,1,0,0,0,0,0,0,0,0,0,0,0,0,0,0,0,0,0,0,1,0,0,8,0,39.9939,-75.1545, , 
11741,144794,2016048670,6,67,67301,2016,4,3,1940,19,4,1,1,4,1, , ,N,1,3,0,3,0,1,3,2,N,N,39 56:23.452,75 09:30.455,1941, ,1940, ,0, ,N, ,3, , , , , , , , , ,2,2,0,0,0,0,0,0,0,0,0,1,1,0,0,0,0,0,0,0,0,0,0,0,0,0,0,0,0,0,0,0,0,0,0,4,0,39.9398,-75.1585, , 
11742,144798,2016053808,6,67,67301,2016,5,1,1815,18,1,1,0,8,1, , ,N,0,0,0,3,0,1,3,2,N, ,40 02:59.068,75 07:24.042,1840, ,1828, ,0, , , ,0, , , , , , , , , ,1,1,0,0,0,0,0,0,0,0,1,0,1,0,0,0,0,0,0,0,0,0,0,0,0,0,0,0,0,0,0,0,1,0,0,3,0,40.0497,-75.1233, , 
11743,144801,2016008219,6,67,67301,2016,1,3,948,9,1,1,0,1,1, , ,N,0,0,0,3,0,0,4,3,N,N,39 56:31.386,75 11:38.140,1006, ,948,2,1,4, , ,0,N, , , , , , , , ,3,3,0,0,0,0,0,0,0,0,0,0,0,0,0,0,0,0,0,0,0,0,0,0,0,0,0,0,0,0,0,0,0,0,0,0,0,39.9421,-75.1939, , 
11744,144809,2016019344,6,67,67301,2016,2,3,2116,21,3,4,1,7,2, , ,N,6,0,2,3,0,0,1,1,N,N,40 00:12.647,75 04:38.645,2132, ,2116,2,1,2, , ,0,N, , , , , , , , ,1,0,0,0,0,0,1,0,0,0,0,0,0,0,0,0,0,0,0,0,0,0,0,0,0,0,0,0,0,0,0,0,0,0,0,0,0,40.0035,-75.0774, , 
11745,144823,2016033786,6,67,67301,2016,3,3,13,0,3,2,1,1,1, , ,N,0,0,0,3,0,1,2,2,N,N,40 02:59.552,74 59:38.658,14, ,13,1,1,2,N, ,0,N, , , , , , , , ,2,1,0,0,1,0,0,0,0,0,0,0,1,1,0,0,0,0,0,0,0,0,0,1,0,0,0,0,0,0,0,0,0,0,0,8,0,40.0499,-74.9941, , 
11746,144824,2016033796,6,67,67301,2016,3,7,455,4,3,1,0,4,1, , ,N,1,2,0,3,0,2,2,2,N, ,39 56:46.761,75 14:38.612,505, ,501,2,2,2, , ,3,Y, , , , , , , , ,2,2,0,0,0,0,0,0,0,0,0,2,2,0,0,0,0,0,1,0,0,0,0,0,0,0,0,0,0,0,0,0,0,0,0,4,0,39.9463,-75.2441, , 
11747,144825,2016033801,6,67,67301,2016,3,7,2140,21,3,1,0,4,1, , ,N,1,2,0,3,0,0,2,2,N,N,40 01:44.574,75 06:01.934,2158, ,2150, ,0, ,N, ,3, , , , , , , , , ,2,1,0,0,0,0,1,0,0,0,0,0,0,0,0,0,1,0,0,0,1,0,0,0,0,0,0,0,0,0,0,0,0,0,0,0,0,40.029,-75.1005, , 
11748,144833,2016044502,6,67,67301,2016,4,4,650,6,1,1,0,4,1, , ,N,1,2,0,3,0,1,2,2,N, ,40 03:17.359,75 09:09.802,9999, ,652, ,0, , , ,3, , , , , , , , , ,2,2,0,0,0,0,0,0,0,0,0,1,1,0,0,0,0,0,0,0,1,0,0,1,0,0,0,0,0,0,0,0,0,0,0,4,0,40.0548,-75.1527, , 
11749,144868,2016022450,6,67,67301,2016,2,6,1359,13,1,1,0,1,1, , ,N,2,2,0,3,0,1,4,2,N,N,39 57:24.430,75 08:18.902,1410, ,1400,3,1,1, , ,3,N, , , , , , , , ,2,2,0,0,0,0,0,0,0,0,0,1,1,0,0,0,0,0,0,0,1,0,0,1,0,0,0,0,0,0,0,0,0,0,0,4,0,39.9568,-75.1386, , 
11750,144876,2016029833,6,67,67301,2016,2,1,2022,20,3,2,1,4,1, , ,N,1,2,0,3,0,0,2,2,N,N,39 56:45.881,75 14:31.459,2025, ,2023,2,2,6,Y, ,2,Y, , , , , , , , ,2,1,0,0,0,0,0,1,0,0,0,0,0,0,0,0,0,0,0,0,0,1,0,0,0,0,0,0,0,0,0,0,0,0,0,0,0,39.9461,-75.2421, , 
11751,144905,2016014421,6,67,67301,2016,1,4,1635,16,1,1,0,4,1, , ,N,1,2,0,3,0,1,2,2,N,N,40 02:16.612,75 07:48.705,1641, ,1640,1,2,5,N, ,3,Y, , , , , , , , ,2,0,0,0,0,0,2,0,0,0,0,1,1,0,0,0,0,0,0,0,0,0,0,0,0,0,0,0,0,0,0,0,0,0,0,4,0,40.0379,-75.1302, , 
11752,144907,2016016617,6,67,67301,2016,1,1,230,2,3,1,8,4,1, , ,N,5,2,0,3,0,1,3,2,N,N,39 55:43.633,75 09:53.787,237, ,234, ,0, , , ,3, , , , , , , , , ,2,2,0,0,0,0,0,0,0,0,0,1,1,0,0,0,0,0,0,0,0,0,0,1,0,0,0,0,0,0,0,0,0,0,0,4,0,39.9288,-75.1649, , 
11753,147678,2016042554,6,67,67301,2016,4,4,1643,16,1,1,0,1,1, , ,N,0,0,0,3,0,1,2,2,N,N,40 01:22.371,75 02:08.626,1700, ,1653,2,1,1, , ,0,N, , , , , , , , ,2,0,0,0,1,0,1,0,0,0,1,0,1,0,0,0,0,0,0,0,1,1,0,0,0,0,0,0,0,0,0,0,0,0,0,3,0,40.0229,-75.0357, , 
11754,147680,2016044509,6,67,67301,2016,4,6,721,7,1,1,0,8,1, , ,N,1,3,0,3,0,1,2,2,N,Y,39 56:23.157,75 09:50.911,807, ,803, ,0, ,N, ,3, , , , , , , , , ,1,0,0,0,0,0,1,0,0,0,0,1,1,0,0,0,0,0,0,0,0,0,0,0,0,0,0,0,0,0,0,0,1,0,0,4,0,39.9398,-75.1641, , 
11755,147684,2016048531,6,67,67301,2016,4,4,1615,16,1,1,0,4,1, , ,N,2,3,0,3,0,1,2,2,N,N,40 01:05.010,75 09:33.605,1711, ,1707, ,0, ,N, ,3, , , , , , , , , ,1,1,0,0,0,0,0,0,1,0,0,1,1,0,0,0,0,0,0,0,0,0,0,1,0,0,0,0,0,0,0,0,0,0,0,4,0,40.0181,-75.1593, , 
11756,147685,2016048605,6,67,67301,2016,4,3,1621,16,1,2,1,4,1, , ,N,2,3,0,3,0,0,2,2,N,N,40 01:45.015,75 13:05.908,1625, ,1621, ,0, ,N, ,3, , , , , , , , , ,2,1,0,0,0,0,1,0,0,0,0,0,0,0,0,0,0,0,0,0,0,0,0,0,0,0,0,0,0,0,0,0,0,0,0,0,0,40.0292,-75.2183, , 
11757,147688,2016051296,6,67,67301,2016,4,3,936,9,1,2,1,1,1, , ,N,0,0,0,3,0,1,3,2,N,N,40 01:44.151,75 06:22.407,955, ,937,1,1,1,N, ,0,N, , , , , , , , ,2,1,0,0,0,1,0,0,0,0,0,0,1,1,1,0,0,0,0,0,0,0,0,0,0,0,0,0,0,0,0,0,0,0,0,8,1,40.0289,-75.1062, , 
11758,147695,2016007675,6,67,67301,2016,1,7,1315,13,1,1,0,1,1, , ,N,1,2,0,3,0,1,5,2,N, ,39 57:18.079,75 10:04.799,1335, ,1326, ,0, , , ,3, , , , , , , , , ,2,0,0,1,0,0,0,1,0,0,0,1,1,0,0,0,0,0,0,0,1,0,0,1,0,0,0,0,0,0,0,0,0,0,0,4,1,39.955,-75.168, , 
11759,147698,2016014666,6,67,67301,2016,1,1,2121,21,3,1,0,5,1, , ,N,0,8,0,3,0,0,3,2,N,N,39 58:39.435,75 12:04.151,2149, ,2139, ,0, , , ,3, , , , , , , , , ,2,1,0,0,0,0,0,0,0,0,0,0,0,0,1,0,0,0,0,0,0,0,0,0,0,0,0,0,0,0,0,0,0,0,0,9,0,39.9776,-75.2012, , 
11760,147700,2016015924,6,67,67301,2016,2,3,747,7,1,1,0,5,1, , ,N,0,0,0,3,0,0,2,2,N,N,39 58:03.343,75 07:55.971,813, ,747, ,0, , , ,0, , , , , , , , , ,2,1,0,0,0,1,0,0,0,0,0,0,0,0,0,0,0,0,0,0,1,0,0,0,0,0,0,0,0,0,0,0,0,0,0,0,1,39.9676,-75.1322, , 
11761,147739,2016058638,6,67,67301,2016,5,7,2100,21,3,2,1,4,1, , ,N,1,3,0,3,0,1,4,2,N,N,39 57:57.787,75 12:20.087,2107, ,2105, ,0, ,N, ,3, , , , , , , , , ,2,1,0,0,0,0,1,0,0,0,0,0,1,1,0,0,0,0,0,1,0,0,0,0,0,0,0,0,0,0,0,0,0,0,0,8,0,39.9661,-75.2056, , 
11762,147758,2016019855,6,67,67301,2016,2,6,1230,12,1,1,0,8,1, , ,N,0,0,0,3,0,1,2,2,N, ,39 59:54.320,75 08:33.368,1950, ,1950, ,0, , , ,0, , , , , , , , , ,1,1,0,0,0,0,0,0,0,1,0,0,1,0,0,0,0,0,0,0,0,0,0,1,0,0,0,0,0,0,0,0,1,0,1,2,0,39.9984,-75.1426, , 
11763,147771,2016035254,6,46,46102,2016,4,3,823,8,1,1,0,1,1, , ,N,0,0,0,3,0,1,11,2,Y,N,40 04:17.475,75 09:13.765,831, ,824,2,2,4,N, ,0,N, , , , , , , , ,2,1,0,1,0,0,0,0,0,0,0,1,1,0,0,0,0,0,0,0,1,0,0,0,0,0,0,0,0,0,0,0,0,0,0,4,1,40.0715,-75.1538, , 
11764,147773,2016036440,6,67,67301,2016,3,5,2145,21,3,1,0,1,1, , ,N,0,0,0,3,0,1,3,3,N,N,39 59:39.776,75 09:28.912,2155, ,2150, ,0, ,N, ,0, , , , , , , , , ,3,3,0,0,0,0,0,0,0,0,0,1,1,0,0,0,0,0,0,0,2,0,0,2,0,0,0,0,0,0,0,0,0,0,0,4,0,39.9944,-75.158, , 
11765,147774,2016037598,6,67,67301,2016,3,4,550,5,3,1,0,4,1, , ,N,0,0,0,3,0,1,3,2,N,N,39 58:33.373,75 11:43.035,558, ,552,1,1,3, , ,0,N, , , , , , , , ,2,1,0,0,1,0,0,0,0,1,0,0,1,0,0,0,0,0,0,0,1,0,0,0,0,0,0,1,0,0,0,0,0,0,0,2,0,39.9759,-75.1953, , 
11766,147777,2016038779,6,67,67301,2016,4,6,839,8,1,1,0,1,1, , ,N,0,0,0,3,0,0,2,2,N,N,39 57:27.496,75 11:52.163,842, ,839, ,0, ,N, ,0, , , , , , , , , ,2,1,0,0,0,0,0,1,0,0,0,0,0,0,0,0,0,0,0,0,0,0,0,0,0,0,0,0,0,0,0,0,0,0,0,0,0,39.9576,-75.1978, , 
11767,147782,2016041515,6,67,67301,2016,4,7,142,1,3,1,0,7,2, , ,N,0,0,0,3,0,3,4,1,N,N,39 57:52.874,75 08:15.096,143, ,143,2,1,2, , ,0,N, , , , , , , , ,1,0,0,0,0,1,0,0,0,1,2,0,3,0,0,0,0,0,0,0,0,0,0,2,0,1,0,0,0,0,0,0,0,0,0,2,0,39.9647,-75.1375, , 
11768,147796,2016008585,6,67,67301,2016,1,4,1847,18,2,1,0,4,1, , ,N,3,0,0,3,0,1,2,2,N,N,40 02:13.960,75 08:11.320,1935, ,1920, ,0, ,N, ,0, , , , , , , , , ,2,2,0,0,0,0,0,0,0,0,0,0,1,1,0,0,0,0,0,0,0,0,1,0,0,0,0,0,0,0,0,0,0,0,0,8,0,40.0372,-75.1365, , 
11769,147805,2016014054,6,67,67301,2016,1,6,1805,18,3,1,0,5,6, , ,N,0,0,0,3,0,1,1,2,N,N,39 59:03.029,75 09:53.527,1815, ,1805, ,0, ,N, ,0, , , , , , , , , ,2,1,0,1,0,0,0,0,0,0,0,1,1,0,0,0,0,0,0,0,0,0,0,0,0,0,0,0,0,0,0,0,0,0,0,4,1,39.9842,-75.1649, , 
11770,147815,2016019869,6,67,67301,2016,2,5,1540,15,1,1,0,7,4, , ,N,0,0,0,3,0,1,1,1,N,N,40 01:36.171,75 03:44.956,1609, ,1608, ,0, ,N, ,0, , , , , , , , , ,1,1,0,0,0,0,0,0,0,0,0,0,1,1,0,0,0,0,0,0,0,0,0,0,0,0,0,0,0,0,0,0,0,0,0,8,0,40.0267,-75.0625, , 
11771,153849,2016043566,6,67,67301,2016,4,6,539,5,3,1,0,7,7, , ,N,0,0,0,3,0,2,4,2,N,N,39 58:38.449,75 12:01.510,546, ,540,3,2,3, , ,0,N, , , , , , , , ,2,0,0,0,0,0,2,0,0,0,2,0,2,0,0,0,0,0,0,2,0,0,0,0,0,0,0,0,0,0,0,0,0,0,0,3,0,39.9773,-75.2004, , 
11772,153858,2016048653,6,67,67301,2016,4,3,1127,11,1,1,0,0,1, , ,N,0,0,0,3,0,1,1,1,N, ,40 00:51.916,75 05:49.955,1150, ,1142, ,0, , , ,0, , , , , , , , , ,1,0,1,0,0,0,0,0,0,0,0,1,1,0,0,0,0,0,0,0,0,0,0,0,0,0,0,0,0,0,0,0,0,0,0,4,0,40.0144,-75.0972, , 
11773,153860,2016052386,6,67,67301,2016,4,2,930,9,1,1,0,4,1, , ,N,1,2,0,3,0,1,2,2,N,N,40 01:51.272,75 05:35.008,955, ,945, ,0, ,N, ,3, , , , , , , , , ,2,1,0,0,1,0,0,0,0,0,0,0,1,1,0,0,0,0,0,0,0,0,0,0,0,0,0,0,0,0,0,0,0,0,0,8,0,40.0309,-75.0931, , 
11774,153861,2016052874,6,67,67301,2016,5,2,1441,14,1,1,0,1,1, , ,N,0,0,0,3,0,2,2,2,N,N,39 59:42.561,75 11:52.890,1459, ,1455,1,1,4, , ,0,Y, , , , , , , , ,2,1,0,0,0,0,1,0,0,0,1,0,2,1,0,0,0,0,0,0,1,0,0,0,0,0,0,0,0,0,0,0,0,0,0,3,0,39.9952,-75.198, , 
11775,153895,2016031077,6,67,67301,2016,2,7,1637,16,1,1,0,4,1, , ,N,0,0,7,3,0,1,2,2,N,N,40 01:38.438,75 11:00.189,1642, ,1637, ,0, ,N, ,0, , , , , , , , , ,2,2,0,0,0,0,0,0,0,0,0,0,1,1,0,0,0,0,0,0,1,0,1,1,0,0,0,0,0,0,0,0,0,0,0,8,0,40.0273,-75.1834, , 
11776,153914,2016008051,6,67,67301,2016,1,6,1448,14,1,1,0,1,1, , ,N,0,0,0,3,0,1,4,3,N,N,39 56:59.115,75 11:02.653,1451, ,1448,1,2,3, , ,0,N, , , , , , , , ,3,1,0,0,0,0,2,0,0,0,0,0,1,1,0,0,0,0,0,1,0,0,0,0,0,0,0,0,0,0,0,0,0,0,0,8,0,39.9498,-75.1841, , 
11777,153917,2016011630,6,67,67301,2016,1,6,1944,19,3,1,0,4,1, , ,N,7,1,2,3,0,0,2,2,N,N,39 57:26.946,75 08:48.339,2035, ,1944, ,0, , , ,3, , , , , , , , , ,2,0,0,0,1,0,1,0,0,0,0,0,0,0,0,0,0,0,0,0,0,2,0,0,0,0,0,0,0,0,0,0,0,0,0,0,0,39.9575,-75.1468, , 
11778,153932,2016029755,6,67,67301,2016,2,5,1242,12,1,1,0,8,1, , ,N,0,0,0,3,0,1,2,2,N, ,39 55:26.457,75 14:01.647,1247, ,1245, ,0, , , ,0, , , , , , , , , ,1,0,0,0,0,0,1,0,0,0,1,0,1,0,0,0,0,0,0,0,0,0,0,0,0,0,0,0,0,0,0,0,1,0,0,3,0,39.924,-75.2338, , 
11779,153943,2016048673,6,67,67301,2016,4,2,1710,17,1,2,1,4,1, , ,N,2,2,0,3,0,1,2,2,N, ,39 56:24.382,75 12:02.446,1715, ,1715,2,1,4, , ,3,N, , , , , , , , ,2,0,0,0,0,0,1,1,0,0,0,1,1,0,0,0,0,0,0,0,1,0,0,1,0,0,0,0,0,0,0,0,0,0,0,4,0,39.9401,-75.2007, , 
11780,153944,2016050150,6,67,67301,2016,5,2,1741,17,1,1,0,1,1, , ,N,0,0,0,3,0,0,3,3,N,N,39 56:36.287,75 08:33.899,1758, ,1751, ,0, , , ,0, , , , , , , , , ,3,3,0,0,0,0,0,0,0,0,0,0,0,0,0,0,0,0,0,0,0,0,0,0,0,0,0,0,0,0,0,0,0,0,0,0,0,39.9434,-75.1427, , 
11781,153948,2016056018,6,67,67301,2016,5,6,1239,12,1,2,1,4,1, , ,N,1,3,0,3,0,2,2,2,N,N,40 02:56.832,75 05:04.214,1245, ,1240, ,0, , , ,3, , , , , , , , , ,2,1,0,0,1,0,0,0,0,0,0,2,2,0,0,0,0,0,0,0,1,1,0,0,0,0,0,0,0,0,0,0,0,0,0,4,0,40.0491,-75.0845, , 
11782,153958,2016070645,6,67,67301,2016,6,5,1425,14,1,1,0,4,1, , ,N,1,2,0,3,0,1,2,2,N, ,40 00:45.131,75 04:23.853,1435, ,1430, ,0, , , ,3, , , , , , , , , ,2,0,0,0,0,0,1,1,0,0,0,1,1,0,0,0,0,0,0,0,1,0,0,0,0,0,0,0,0,0,0,0,0,0,0,4,0,40.0125,-75.0733, , 
11783,153969,2016013989,6,67,67301,2016,1,4,900,9,1,1,0,1,1, , ,N,2,2,0,3,0,1,5,2,N, ,39 59:52.412,75 11:06.085,912, ,909, ,0, , , ,3, , , , , , , , , ,2,2,0,0,0,0,0,0,0,0,0,1,1,0,1,0,0,0,0,0,0,0,0,3,0,0,0,0,0,0,0,0,0,0,0,4,0,39.9979,-75.185, , 
11784,153970,2016014546,6,67,67301,2016,1,5,1600,16,1,1,0,1,1, , ,N,0,0,0,3,0,0,3,3,N,N,40 01:24.049,75 02:04.637,1612, ,1602,1,1,2, , ,0,N, , , , , , , , ,3,2,0,0,0,0,1,0,0,0,0,0,0,0,0,0,0,0,1,1,0,0,0,0,0,0,0,0,0,0,0,0,0,0,0,0,0,40.0233,-75.0346, , 
11785,153974,2016019174,6,67,67301,2016,2,1,2100,21,3,1,0,4,1, , ,N,1,2,0,3,0,1,2,3,N, ,40 00:27.734,75 06:10.133,2205, ,2205,3,1,3, , ,3,N, , , , , , , , ,3,1,0,0,0,0,1,1,0,0,0,0,1,1,0,0,0,0,1,0,0,0,0,0,0,0,0,0,0,0,0,0,0,0,0,8,0,40.0077,-75.1028, , 
11786,153984,2016029862,6,67,67301,2016,2,5,1759,17,3,1,0,4,1, , ,N,1,3,0,3,0,2,6,2,N,N,40 01:22.525,75 09:47.379,1810, ,1800, ,0, ,N, ,3, , , , , , , , , ,2,2,0,0,0,0,0,0,0,0,1,1,2,0,0,0,0,0,0,0,0,0,0,0,0,0,0,0,0,0,0,0,0,0,0,3,0,40.0229,-75.1632, , 
11787,153999,2016045344,6,67,67301,2016,4,5,1444,14,1,1,0,8,1, , ,N,0,0,0,3,0,1,2,2,N, ,40 03:00.925,75 08:58.614,1450, ,1448, ,0, , , ,0, , , , , , , , , ,1,1,0,0,0,0,0,0,0,0,0,0,1,1,0,0,0,0,0,0,0,0,0,1,0,0,0,0,0,0,0,0,1,0,0,8,0,40.0503,-75.1496, , 
11788,154003,2016046995,6,67,67301,2016,4,6,1244,12,1,1,0,5,6, , ,N,0,0,0,3,0,1,2,2,N, ,39 55:36.879,75 14:07.005,1306, ,1301,2,1,4, , ,0,N, , , , , , , , ,2,1,0,0,0,0,0,1,0,0,0,1,1,0,0,0,0,0,0,0,0,1,0,0,0,0,0,0,0,0,0,0,0,0,0,4,0,39.9269,-75.2353, , 
11789,151140,2016041436,6,67,67301,2016,4,3,850,8,1,1,0,0,1, , ,N,1,2,0,3,0,1,3,2,N,N,39 57:01.144,75 09:56.951,858, ,851, ,0, ,N, ,3, , , , , , , , , ,1,0,0,0,0,1,0,0,0,0,0,1,1,0,0,0,0,0,0,0,1,0,0,0,0,0,0,0,0,0,0,0,1,0,0,4,1,39.9503,-75.1658, , 
11790,151142,2016044507,6,67,67301,2016,4,6,1730,17,1,1,0,4,1, , ,N,2,3,0,3,0,1,2,2,N,N,39 57:36.118,75 12:23.345,1730, ,1730,2,2,7,N, ,3,Y, , , , , , , , ,2,2,0,0,0,0,0,0,0,0,0,1,1,0,1,0,0,0,0,0,0,0,0,0,0,0,0,0,0,0,0,0,0,0,0,4,0,39.96,-75.2065, , 
11791,151161,2016065733,6,67,67301,2016,6,6,826,8,1,2,1,8,1, , ,N,1,2,0,3,0,1,2,2,N,N,39 57:36.739,75 14:20.898,832, ,827, ,0, , , ,3, , , , , , , , , ,1,1,0,0,0,0,0,0,0,0,0,1,1,0,0,0,0,0,0,0,1,0,0,0,0,0,0,0,0,0,0,0,1,0,0,4,0,39.9602,-75.2391, , 
11792,151162,2016067495,6,67,67301,2016,6,4,1552,15,1,1,0,1,1,1,4,Y,0,0,0,3,0,0,5,3,N,N,40 01:36.163,75 01:35.332,1556,45,1556,2,2,2, , ,0,N,U,N,N,N,N,N,Y,N,3,1,0,0,0,0,2,0,0,0,0,0,0,0,2,0,0,0,0,0,0,0,0,0,0,0,0,0,0,0,0,0,0,0,0,9,0,40.0267,-75.0265, , 
11793,151167,2016002032,6,67,67301,2016,1,3,327,3,3,1,0,7,2, , ,N,0,0,0,3,0,0,1,1,N,N,39 58:28.789,75 11:39.730,330, ,327, ,0, ,N, ,0, , , , , , , , , ,1,0,0,0,0,0,1,0,0,0,0,0,0,0,0,0,0,0,0,0,0,0,0,0,0,0,0,0,0,0,0,0,0,0,0,0,0,39.9747,-75.1944, , 
11794,151176,2016007593,6,67,67301,2016,1,6,1320,13,1,1,0,4,1, , ,N,1,2,0,3,0,1,2,2,N,N,39 57:42.362,75 09:22.041,1330, ,1329, ,0, ,N, ,3, , , , , , , , , ,1,1,0,0,0,0,0,0,1,0,0,1,1,0,0,0,0,0,0,0,0,0,0,0,0,0,0,0,0,0,0,0,0,0,0,4,0,39.9617,-75.1561, , 
11795,151189,2016016582,6,67,67301,2016,1,1,2230,22,3,1,0,1,1, , ,N,0,0,0,3,0,1,2,2,N,N,39 55:37.773,75 14:36.512,2305, ,2300, ,0, ,N, ,0, , , , , , , , , ,2,2,0,0,0,0,0,0,0,0,0,0,1,1,0,0,0,0,0,0,1,0,0,0,0,0,0,0,0,0,0,0,0,0,0,8,0,39.9272,-75.2435, , 
11796,151206,2016044596,6,67,67301,2016,4,3,1840,18,1,1,0,4,1, , ,N,1,3,0,3,0,2,5,2,N,N,39 57:36.982,75 12:13.409,1845, ,1843, ,0, ,N, ,3, , , , , , , , , ,2,1,0,0,0,0,0,1,0,0,0,0,2,2,0,0,0,0,0,0,0,0,0,0,0,0,0,0,0,0,0,0,0,0,0,8,0,39.9603,-75.2037, , 
11797,151216,2016007839,6,67,67301,2016,1,2,718,7,1,1,0,1,1,1,4,Y,0,0,0,3,0,2,3,3,N,N,40 01:24.422,75 02:00.713,722,45,722, ,0, , , ,0, ,Y,N,N,N,Y,Y,N,Y,3,2,0,0,0,0,1,0,0,0,0,2,2,0,0,0,0,0,0,0,1,0,0,0,0,0,0,0,0,0,0,0,0,0,0,4,0,40.0235,-75.0335, , 
11798,151235,2016019175,6,67,67301,2016,2,4,1545,15,1,2,1,5,1, , ,N,0,0,0,3,0,1,2,2,N,N,40 02:46.544,75 11:44.690,1825, ,1815, ,0, , , ,0, , , , , , , , , ,1,1,0,0,0,0,0,0,1,0,0,0,1,1,0,0,0,0,0,0,0,0,0,1,0,0,0,0,0,0,0,0,0,0,0,8,0,40.0463,-75.1957, , 
11799,151238,2016026019,6,67,67301,2016,2,2,1126,11,1,1,0,1,1, , ,N,2,2,0,3,0,3,3,2,N, ,39 54:32.511,75 14:30.820,1137, ,1132, ,0, ,N, ,3, , , , , , , , , ,2,2,0,0,0,0,0,0,0,0,0,3,3,0,0,0,0,0,0,0,0,0,0,0,0,0,0,0,0,0,0,0,0,0,0,4,0,39.909,-75.2419, , 
11800,151243,2016029822,6,67,67301,2016,2,6,145,1,3,1,0,1,1, , ,N,1,2,0,3,0,1,3,4,N, ,40 03:10.198,75 09:10.288,159, ,157,3,1,3,N, ,3,Y, , , , , , , , ,4,2,0,0,0,0,1,1,0,0,0,1,1,0,0,0,0,0,0,0,1,0,0,0,0,0,0,0,0,0,0,0,0,0,0,4,0,40.0528,-75.1529, , 
11801,151256,2016044571,6,67,67301,2016,4,6,1622,16,1,1,0,4,1, , ,N,1,2,0,3,0,1,4,2,N,N,40 02:50.173,75 10:03.883,1625, ,1623, ,0, ,N, ,3, , , , , , , , , ,2,1,0,0,0,0,1,0,0,0,0,0,1,1,1,0,0,0,0,0,0,0,0,0,0,0,0,0,0,0,0,0,0,0,0,8,0,40.0473,-75.1677, , 