objectid_1,objectid,crn,district,county,municipality,crash_year,crash_month,day_of_week,time_of_day,hour_of_day,illumination,weather,road_condition,collision_type,relation_to_road,work_zone_type,work_zone_loc,work_zone_ind,intersect_type,tcd_type,location_type,urban_rural,fatal_count,injury_count,person_count,total_units,sch_bus_ind,sch_zone_ind,latitude,longitude,arrival_tm,cons_zone_spd_lim,dispatch_tm,est_hrs_closed,lane_closed,ln_close_dir,ntfy_hiwy_maint,spec_juris_cd,tcd_func_cd,tfc_detour_ind,workers_pres,wz_close_detour,wz_flagger,wz_law_offcr_ind,wz_ln_closure,wz_moving,wz_other,wz_shlder_mdn,vehicle_count,automobile_count,motorcycle_count,bus_count,small_truck_count,heavy_truck_count,suv_count,van_count,bicycle_count,maj_inj_count,mod_inj_count,min_inj_count,tot_inj_count,unk_inj_deg_count,unk_inj_per_count,driver_count_16yr,driver_count_17yr,driver_count_18yr,driver_count_19yr,driver_count_20yr,driver_count_50_64yr,driver_count_65_74yr,driver_count_75plus,unbelted_occ_count,unb_death_count,unb_maj_inj_count,belted_death_count,belted_maj_inj_count,mcycle_death_count,mcycle_maj_inj_count,bicycle_death_count,bicycle_maj_inj_count,ped_count,ped_death_count,ped_maj_inj_count,max_severity_level,comm_veh_count,dec_lat,dec_long,rdwy_surf_type_cd,county_name
11937,151626,2016027552,6,67,67301,2016,2,4,1950,19,3,2,1,0,1, , ,N,0,0,0,3,0,0,1,1,N, ,40 04:29.643,75 10:23.984,1956, ,1952,9,2,1, , ,0,Y, , , , , , , , ,1,1,0,0,0,0,0,0,0,0,0,0,0,0,0,0,0,0,0,0,0,1,0,0,0,0,0,0,0,0,0,0,0,0,0,0,0,40.0749,-75.1733, , 
11938,151629,2016030776,6,67,67301,2016,1,1,2034,20,3,1,0,7,4, , ,N,0,0,0,3,0,0,1,1,N,N,39 58:32.573,75 06:57.518,2047, ,2036,1,1,2, , ,0,N, , , , , , , , ,1,1,0,0,0,0,0,0,0,0,0,0,0,0,1,0,0,0,0,0,0,0,0,0,0,0,0,0,0,0,0,0,0,0,0,9,0,39.9757,-75.116, , 
11939,151632,2016033500,6,67,67301,2016,3,2,545,5,3,1,1,5,1, , ,N,0,0,0,3,0,1,3,2,N,N,39 53:55.826,75 10:15.659,601, ,555,2,1,2, , ,0,N, , , , , , , , ,2,1,0,0,0,0,1,0,0,0,1,0,1,0,0,0,0,0,0,0,1,0,0,1,0,0,0,0,0,0,0,0,0,0,0,3,0,39.8988,-75.171, , 
11940,151639,2016041009,6,67,67301,2016,4,3,713,7,1,1,0,8,1, , ,N,1,2,0,3,0,1,2,2,N,N,40 01:48.464,75 02:06.579,723, ,717, ,0, , , ,3, , , , , , , , , ,1,0,0,0,1,0,0,0,0,0,0,1,1,0,0,0,0,0,0,0,0,0,0,0,0,0,0,0,0,0,0,0,1,0,0,4,0,40.0301,-75.0352, , 
11941,151644,2016044535,6,67,67301,2016,4,6,934,9,1,1,0,2,6, , ,N,0,0,0,3,0,0,1,2,N, ,39 59:14.219,75 10:53.187,940, ,934, ,0, , , ,0, , , , , , , , , ,2,2,0,0,0,0,0,0,0,0,0,0,0,0,0,0,0,0,0,0,0,0,0,0,0,0,0,0,0,0,0,0,0,0,0,0,0,39.9873,-75.1814, , 
11942,151654,2016013858,6,67,67301,2016,1,5,1650,16,3,1,0,4,1, , ,N,5,2,0,3,0,1,3,3,N, ,40 02:40.636,75 03:16.819,1910, ,1900,1,1,2, , ,3,N, , , , , , , , ,3,1,0,0,0,0,1,1,0,0,0,0,1,1,0,0,0,0,0,0,0,0,0,0,0,0,0,0,0,0,0,0,0,0,0,8,0,40.0446,-75.0547, , 
11943,151659,2016019814,6,67,67301,2016,2,3,635,6,1,1,0,8,1, , ,N,5,2,0,3,0,1,2,2,N,N,40 00:13.178,75 10:08.095,745, ,740, ,0, ,N, ,3, , , , , , , , , ,1,0,0,0,0,0,0,1,0,0,0,1,1,0,0,0,0,0,0,0,0,0,0,1,0,0,0,0,0,0,0,0,1,0,0,4,0,40.0037,-75.1689, , 
11944,151743,2016058589,6,67,67301,2016,5,6,2240,22,3,1,0,1,1, , ,N,1,2,0,3,0,5,7,2,N,N,40 00:57.144,75 09:13.828,2249, ,2247, ,0, ,N, ,3, , , , , , , , , ,2,2,0,0,0,0,0,0,0,0,0,5,5,0,0,0,0,0,0,0,0,0,1,0,0,0,0,0,0,0,0,0,0,0,0,4,0,40.0159,-75.1538, , 
11945,151750,2016008580,6,67,67301,2016,1,4,640,6,5,1,0,8,1, , ,N,1,0,0,3,1,0,2,2,N,N,40 04:20.890,75 02:53.462,819, ,815, ,0, ,N,0,0, , , , , , , , , ,1,0,0,0,0,0,1,0,0,0,0,0,0,0,0,0,0,0,0,0,1,0,0,0,0,0,0,0,0,0,0,0,1,1,0,1,0,40.0723,-75.0481,2, 
11946,151752,2016013846,6,67,67301,2016,1,5,1935,19,3,1,0,4,1, , ,N,1,2,0,3,0,1,2,3,N,N,40 03:19.504,75 05:33.327,1942, ,1938, ,0, , , ,3, , , , , , , , , ,3,3,0,0,0,0,0,0,0,0,0,0,1,1,0,0,0,0,0,0,1,0,0,1,0,0,0,0,0,0,0,0,0,0,0,8,0,40.0554,-75.0926, , 
11947,151765,2016039686,6,67,67301,2016,3,4,2155,21,3,1,0,8,1, , ,N,1,2,0,3,0,1,2,2,N,N,39 57:14.416,75 10:05.601,2155, ,2155, ,0, ,N, ,3, , , , , , , , , ,1,0,0,0,0,0,1,0,0,0,0,0,1,1,0,0,0,0,0,0,0,0,0,0,0,0,0,0,0,0,0,0,1,0,0,8,0,39.954,-75.1682, , 
11948,151776,2016048607,6,67,67301,2016,4,1,1040,10,1,1,0,4,1, , ,N,1,2,0,3,0,1,2,2,N,N,40 03:52.346,75 14:22.962,1100, ,1051, ,0, ,N, ,3, , , , , , , , , ,2,0,0,0,1,0,1,0,0,0,0,0,1,1,0,0,0,0,0,0,1,0,0,0,0,0,0,0,0,0,0,0,0,0,0,8,0,40.0645,-75.2397, , 
11949,151788,2016062512,6,67,67301,2016,5,7,125,1,3,1,0,5,1, , ,N,0,0,0,3,0,4,10,7,N, ,39 54:17.786,75 13:27.101,142, ,137,4,2,6, , ,0,Y, , , , , , , , ,7,5,0,0,0,0,1,1,0,0,1,3,4,0,0,0,0,0,0,0,0,0,0,5,0,0,0,0,0,0,0,0,0,0,0,3,0,39.9049,-75.2242, , 
11950,151789,2016062675,6,67,67301,2016,6,5,9999,99,1,1,0,4,1, , ,N,1,2,0,3,0,3,4,2,N,N,40 01:47.658,75 08:45.592,1723, ,1709, ,0, , , ,3, , , , , , , , , ,2,2,0,0,0,0,0,0,0,1,0,2,3,0,0,0,0,0,0,0,0,0,0,1,0,0,0,0,0,0,0,0,0,0,0,2,0,40.0299,-75.146, , 
11951,145299,2016021764,6,67,67301,2016,2,2,1908,19,3,1,0,1,1, , ,N,6,3,8,3,0,2,5,2,N,N,39 57:18.600,75 08:52.100,1908, ,1908, ,0, ,N, ,3, , , , , , , , , ,2,1,0,0,0,0,1,0,0,0,0,2,2,0,0,0,0,0,0,0,1,0,0,0,0,0,0,0,0,0,0,0,0,0,0,4,0,39.9552,-75.1478, , 
11952,145301,2016022900,6,67,67301,2016,1,5,1249,12,1,1,0,8,1, , ,N,1,2,0,3,0,1,2,2,N, ,39 56:06.442,75 09:13.950,1255, ,1249,1,1,3, , ,3,N, , , , , , , , ,1,1,0,0,0,0,0,0,0,0,0,1,1,0,0,0,0,0,0,0,0,0,0,0,0,0,0,0,0,0,0,0,1,0,0,4,0,39.9351,-75.1539, , 
11953,145314,2016039672,6,67,67301,2016,3,6,1558,15,1,1,0,5,6, , ,N,0,0,0,3,0,1,1,2,N,N,39 57:28.864,75 13:24.135,1715, ,1715, ,0, ,N, ,0, , , , , , , , , ,2,1,0,0,0,0,1,0,0,0,0,0,1,1,0,0,0,0,0,0,0,0,1,0,0,0,0,0,0,0,0,0,0,0,0,8,0,39.958,-75.2234, , 
11954,145315,2016039720,6,67,67301,2016,3,2,405,4,3,2,1,5,1, , ,N,0,0,0,3,0,3,4,2,N,N,40 00:57.730,75 10:33.408,420, ,412, ,0, ,N, ,0, , , , , , , , , ,2,2,0,0,0,0,0,0,0,0,1,2,3,0,0,0,0,0,0,0,0,0,0,0,0,0,0,0,0,0,0,0,0,0,0,3,0,40.016,-75.1759, , 
11955,145318,2016050031,6,67,67301,2016,4,7,1720,17,1,1,0,7,4, , ,N,0,0,0,3,0,1,1,1,N, ,39 59:16.236,75 08:55.736,1720, ,1720, ,0, , , ,0, , , , , , , , , ,1,1,0,0,0,0,0,0,0,0,1,0,1,0,0,0,0,0,0,0,0,0,0,0,0,0,0,0,0,0,0,0,0,0,0,3,0,39.9878,-75.1488, , 
11956,145355,2016028795,6,67,67301,2016,2,7,1934,19,3,1,0,7,2, , ,N,0,0,0,3,0,0,1,1,N,N,39 57:36.629,75 10:49.162,1938, ,1934,2,2,3, , ,0,Y, , , , , , , , ,1,0,0,0,0,0,1,0,0,0,0,0,0,0,0,0,0,0,0,0,1,0,0,1,0,0,0,0,0,0,0,0,0,0,0,0,0,39.9602,-75.1803, , 
11957,145356,2016029893,6,67,67301,2016,2,1,55,0,3,1,0,1,1, , ,N,0,0,0,3,0,1,2,2,N,N,40 00:10.312,75 09:09.072,115, ,113,1,1,1, , ,0,N, , , , , , , , ,2,1,0,0,0,0,1,0,0,0,1,0,1,0,0,0,0,0,0,0,0,0,0,1,0,0,0,0,0,0,0,0,0,0,0,3,0,40.0029,-75.1525, , 
11958,145365,2016039660,6,67,67301,2016,3,1,745,7,1,2,1,7,4, , ,N,0,0,0,3,0,1,1,1,N,N,40 01:44.836,75 11:24.132,749, ,747,1,2,1,N, ,0,N, , , , , , , , ,1,0,0,0,0,0,1,0,0,0,0,0,1,1,0,0,0,0,0,0,0,0,0,0,0,0,0,0,0,0,0,0,0,0,0,8,0,40.0291,-75.19, , 
11959,145372,2016048692,6,67,67301,2016,4,2,1615,16,1,1,0,6,1, , ,N,1,2,0,3,0,4,4,2,N, ,40 02:15.589,75 02:33.074,1630, ,1625, ,0, , , ,3, , , , , , , , , ,2,2,0,0,0,0,0,0,0,0,1,3,4,0,0,0,0,0,0,0,0,0,0,0,0,0,0,0,0,0,0,0,0,0,0,3,0,40.0377,-75.0425, , 
11960,145410,2016033816,6,67,67301,2016,3,3,30,0,3,2,1,1,1, , ,N,2,2,0,3,0,0,6,4,N,N,39 57:34.816,75 14:50.653,34, ,32, ,0, ,N, ,3, , , , , , , , , ,4,2,0,0,1,0,0,1,0,0,0,0,0,0,0,0,0,0,0,0,1,0,0,3,0,0,0,0,0,0,0,0,0,0,0,0,0,39.9597,-75.2474, , 
11961,145411,2016033851,6,67,67301,2016,3,7,1822,18,3,1,0,7,5, , ,N,1,2,0,3,0,3,3,1,N,N,39 56:51.284,75 10:10.599,1827, ,1826,2,2,4,N, ,3,Y, , , , , , , , ,1,0,0,0,0,0,1,0,0,0,0,3,3,0,0,0,0,0,0,0,0,0,0,0,0,0,0,0,0,0,0,0,0,0,0,4,0,39.9476,-75.1696, , 
11962,145413,2016036425,6,67,67301,2016,3,7,1145,11,1,1,0,4,1, , ,N,1,2,0,3,0,1,2,2,N, ,39 58:53.926,75 10:25.967,1155, ,1152, ,0, , , ,3, , , , , , , , , ,2,2,0,0,0,0,0,0,0,0,0,1,1,0,0,0,0,0,0,0,1,0,0,1,0,0,0,0,0,0,0,0,0,0,0,4,0,39.9816,-75.1739, , 
11963,145431,2016007478,6,67,67301,2016,1,7,1624,16,1,1,0,4,1, , ,N,1,2,0,3,0,1,5,2,N,N,39 59:45.293,75 05:31.432,1627, ,1624,2,2,2, , ,3,Y, , , , , , , , ,2,0,0,0,0,0,2,0,0,0,0,1,1,0,0,0,0,0,0,0,0,0,0,0,0,0,0,0,0,0,0,0,0,0,0,4,0,39.9959,-75.0921, , 
11964,145438,2016017025,6,67,67301,2016,1,4,1932,19,3,1,0,8,1, , ,N,1,2,0,3,0,1,2,2,N,N,40 00:28.314,75 10:20.141,1936, ,1934, ,0, ,N, ,3, , , , , , , , , ,1,0,0,0,0,0,1,0,0,0,0,1,1,0,0,0,0,0,0,0,1,0,0,0,0,0,0,0,0,0,0,0,1,0,0,4,0,40.0079,-75.1723, , 
11965,145439,2016019853,6,67,67301,2016,2,3,1450,14,1,1,0,1,1, , ,N,10,4,0,3,0,2,3,2,N, ,40 03:52.346,75 14:22.962,1455, ,1450, ,0, , , ,3, , , , , , , , , ,2,2,0,0,0,0,0,0,0,0,0,2,2,0,0,0,0,0,0,0,0,0,0,0,0,0,0,0,0,0,0,0,0,0,0,4,0,40.0645,-75.2397, , 
11966,145445,2016026128,6,67,67301,2016,2,5,2120,21,3,1,0,1,1, , ,N,5,2,2,3,0,0,2,2,N, ,39 57:27.542,75 09:44.544,2135, ,2126,2,1,1, , ,3,N, , , , , , , , ,2,0,0,0,1,0,0,1,0,0,0,0,0,0,0,0,0,0,0,1,1,0,0,0,0,0,0,0,0,0,0,0,0,0,0,0,0,39.9577,-75.1624, , 
11967,145450,2016029825,6,67,67301,2016,2,6,1145,11,1,1,0,4,1, , ,N,1,2,0,3,0,0,3,2,N, ,39 57:20.808,75 09:32.558,1206, ,1206, ,0, , , ,3, , , , , , , , , ,2,1,0,0,0,0,1,0,0,0,0,0,0,0,0,0,0,0,0,0,0,1,0,0,0,0,0,0,0,0,0,0,0,0,0,0,0,39.9558,-75.159, , 
11968,145459,2016036369,6,67,67301,2016,3,5,1152,11,1,1,0,8,1, , ,N,0,0,0,3,0,1,2,2,N,N,39 55:36.312,75 10:44.359,1158, ,1156, ,0, ,N, ,0, , , , , , , , , ,1,0,0,1,0,0,0,0,0,0,0,1,1,0,0,0,0,0,0,0,0,0,0,0,0,0,0,0,0,0,0,0,1,0,0,4,1,39.9268,-75.179, , 
11969,148167,2016053676,6,67,67301,2016,5,4,1920,19,4,2,1,4,1, , ,N,1,2,0,3,0,1,2,2,N, ,40 05:41.027,74 58:07.438,1935, ,1925, ,0, , , ,3, , , , , , , , , ,2,2,0,0,0,0,0,0,0,0,0,1,1,0,1,0,0,0,0,0,1,0,0,2,0,0,0,0,0,0,0,0,0,0,0,4,0,40.0947,-74.9687, , 
11970,148188,2016013766,6,67,67301,2016,1,4,1835,18,3,1,0,4,1, , ,N,0,0,7,3,0,1,4,2,N,N,39 55:17.061,75 12:59.155,1848, ,1845,3,1,5,N, ,0,N, , , , , , , , ,2,2,0,0,0,0,0,0,0,0,0,1,1,0,0,0,0,1,0,0,0,0,0,0,0,0,0,0,0,0,0,0,0,0,0,4,0,39.9214,-75.2164, , 
11971,148192,2016016618,6,67,67301,2016,1,3,850,8,1,9,1,4,1, , ,N,0,0,0,3,0,0,2,2,N, ,39 56:22.897,75 11:53.822,857, ,855,9,1,3, , ,0,N, , , , , , , , ,2,2,0,0,0,0,0,0,0,0,0,0,0,0,0,0,0,0,0,0,0,0,0,0,0,0,0,0,0,0,0,0,0,0,0,0,0,39.9397,-75.1983, , 
11972,148202,2016029841,6,67,67301,2016,2,2,1410,14,1,1,1,4,1, , ,N,1,3,0,3,0,2,3,2,N,N,40 03:40.936,75 10:07.181,1523, ,1523,3,2,2, , ,3,Y, , , , , , , , ,2,1,0,0,0,0,1,0,0,0,0,1,2,1,0,0,0,0,0,0,0,1,0,0,0,0,0,0,0,0,0,0,0,0,0,4,0,40.0614,-75.1687, , 
11973,148232,2016013777,6,67,67301,2016,1,3,1443,14,1,1,0,4,1, , ,N,2,2,0,3,0,1,2,2,N, ,39 58:28.920,75 11:58.250,1508, ,1443,2,1,3, , ,3,Y, , , , , , , , ,2,1,0,0,0,1,0,0,0,0,1,0,1,0,0,0,0,0,0,0,1,0,0,0,0,0,0,0,0,0,0,0,0,0,0,3,0,39.9746,-75.1995, , 
11974,148234,2016017056,6,67,67301,2016,1,2,1510,15,1,4,3,2,1, , ,N,0,0,0,3,0,0,1,2,N,N,40 05:00.909,75 13:19.887,1636, ,1623, ,0, ,N, ,0, , , , , , , , , ,2,1,0,0,0,0,1,0,0,0,0,0,0,0,0,0,0,0,0,0,0,0,0,0,0,0,0,0,0,0,0,0,0,0,0,0,0,40.0836,-75.2222, , 
11975,148240,2016022604,6,67,67301,2016,2,6,1248,12,1,1,0,7,2, , ,N,0,0,0,3,0,0,1,1,N,N,39 56:38.481,75 08:34.521,1255, ,1248,2,1,2, , ,0,N, , , , , , , , ,1,1,0,0,0,0,0,0,0,0,0,0,0,0,0,0,0,0,0,0,1,0,0,1,0,0,0,0,0,0,0,0,0,0,0,0,0,39.944,-75.1429, , 
11976,148249,2016032012,6,67,67301,2016,3,5,2008,20,2,1,0,4,1, , ,N,1,2,0,3,0,3,4,2,N, ,39 58:36.400,75 10:35.741,2012, ,2010, ,0, , , ,3, , , , , , , , , ,2,1,0,0,0,0,1,0,0,0,0,1,3,2,0,0,0,0,0,0,0,0,0,4,0,0,0,0,0,0,0,0,0,0,0,4,0,39.9768,-75.1766, , 
11977,148250,2016032108,6,67,67301,2016,3,4,2230,22,3,1,0,8,1, , ,N,1,3,0,3,0,1,2,2,N, ,40 02:31.156,75 10:36.627,1836, ,1836, ,0, , , ,3, , , , , , , , , ,1,1,0,0,0,0,0,0,0,0,1,0,1,0,1,0,0,0,0,0,0,0,0,0,0,0,0,0,0,0,0,0,1,0,0,3,0,40.042,-75.1768, , 
11978,148253,2016033797,6,67,67301,2016,3,6,1310,13,1,1,0,4,1, , ,N,1,2,0,3,0,0,2,2,N, ,39 58:18.181,75 07:33.198,1310, ,1310,1,1,5, , ,3,N, , , , , , , , ,2,0,0,0,0,0,1,1,0,0,0,0,0,0,0,0,0,0,0,0,1,0,0,0,0,0,0,0,0,0,0,0,0,0,0,0,0,39.9717,-75.1259, , 
11979,148260,2016040280,6,67,67301,2016,4,3,2350,23,3,1,0,4,1, , ,N,1,2,0,3,0,1,2,2,N,N,39 57:01.634,75 11:33.356,2356, ,2354, ,0, ,N, ,3, , , , , , , , , ,1,1,0,0,0,0,0,0,1,0,1,0,1,0,1,0,0,0,0,0,0,0,0,0,0,0,0,0,0,0,0,0,0,0,0,3,0,39.9505,-75.1926, , 
11980,148264,2016046100,6,67,67301,2016,4,4,1634,16,1,1,0,1,1, , ,N,1,2,0,3,0,2,5,3,N,N,40 00:15.609,75 07:41.037,1634, ,1634, ,0, ,N, ,3, , , , , , , , , ,3,3,0,0,0,0,0,0,0,0,0,2,2,0,0,0,0,0,0,0,0,0,0,3,0,0,0,0,0,0,0,0,0,0,0,4,0,40.0043,-75.1281, , 
11981,148269,2016051301,6,67,67301,2016,4,6,1740,17,1,1,0,4,1, , ,N,1,3,0,3,0,0,2,2,N, ,39 57:22.503,75 12:48.657,1817, ,1814, ,0, , , ,3, , , , , , , , , ,2,1,0,0,0,0,0,1,0,0,0,0,0,0,0,0,0,0,0,0,0,0,0,0,0,0,0,0,0,0,0,0,0,0,0,0,0,39.9563,-75.2135, , 
11982,148292,2016029795,6,67,67301,2016,2,5,1741,17,3,1,0,4,1, , ,N,5,2,0,3,0,1,4,4,N,N,40 00:31.996,75 04:18.728,1800, ,1741, ,0, ,N, ,3, , , , , , , , , ,4,3,0,0,0,0,1,0,0,0,0,0,1,1,0,0,0,0,0,0,2,0,0,0,0,0,0,0,0,0,0,0,0,0,0,8,0,40.0089,-75.0719, , 
11983,148293,2016033497,6,67,67301,2016,3,4,1330,13,1,1,0,1,1, , ,N,0,0,0,3,0,2,2,2,N,N,39 53:15.155,75 12:56.878,1334, ,1330,2,1,2, , ,0,N, , , , , , , , ,2,1,0,0,0,0,1,0,0,0,0,0,2,2,0,0,0,0,0,0,0,1,0,0,0,0,0,0,0,0,0,0,0,0,0,8,0,39.8875,-75.2158, , 
11984,148331,2016013754,6,67,67301,2016,1,2,1412,14,1,1,0,4,1, , ,N,1,2,0,3,0,1,3,2,N,N,39 58:46.722,75 08:27.679,1440, ,1430, ,0, ,N, ,3, , , , , , , , , ,2,0,0,1,0,0,1,0,0,0,0,1,1,0,0,0,0,0,0,0,1,0,0,1,0,0,0,0,0,0,0,0,0,0,0,4,1,39.9796,-75.141, , 
11985,148348,2016033854,6,67,67301,2016,3,6,2300,23,3,1,0,4,1, , ,N,1,2,0,3,0,1,4,2,N,N,39 56:28.421,75 12:33.849,2333, ,2320, ,0, ,N, ,3, , , , , , , , , ,2,1,0,0,0,0,1,0,0,0,0,1,1,0,0,0,0,0,0,0,1,0,0,1,0,0,0,0,0,0,0,0,0,0,0,4,0,39.9412,-75.2094, , 
11986,148359,2016046108,6,67,67301,2016,4,5,845,8,1,1,0,5,1, , ,N,0,0,0,3,0,1,2,2,N,N,39 57:37.741,75 08:19.831,855, ,850, ,0, ,N, ,0, , , , , , , , , ,1,0,0,0,0,0,0,0,1,0,1,0,1,0,0,0,0,0,0,0,0,0,0,0,0,0,0,0,0,0,0,0,0,0,0,3,0,39.9605,-75.1388, , 
11987,154433,2016053744,6,67,67301,2016,5,3,615,6,1,1,0,4,1, , ,N,1,2,0,3,0,1,2,2,N,N,40 02:16.393,75 08:22.102,1000, ,1000, ,0, ,N, ,3, , , , , , , , , ,2,1,0,0,0,0,1,0,0,0,0,1,1,0,1,0,0,0,0,0,0,1,0,0,0,0,0,0,0,0,0,0,0,0,0,4,0,40.0379,-75.1395, , 
11988,154447,2016014050,6,67,67301,2016,1,1,501,5,3,2,1,1,1, , ,N,0,0,3,3,0,0,3,2,N, ,40 00:58.018,75 10:32.923,515, ,501,9,1,2, , ,0,N, , , , , , , , ,2,1,0,0,0,0,1,0,0,0,0,0,0,0,0,0,0,0,0,0,0,0,0,0,0,0,0,0,0,0,0,0,0,0,0,0,0,40.0161,-75.1758, , 
11989,154454,2016029796,6,67,67301,2016,2,6,50,0,3,1,0,5,6, , ,N,0,0,0,3,0,0,1,2,N,N,40 02:16.863,75 02:31.616,207, ,202, ,0, ,N, ,0, , , , , , , , , ,2,2,0,0,0,0,0,0,0,0,0,0,0,0,0,0,0,0,0,0,0,0,0,0,0,0,0,0,0,0,0,0,0,0,0,0,0,40.038,-75.0421, , 
11990,154482,2016060496,6,67,67301,2016,5,7,1816,18,1,2,7,5,1, , ,N,0,0,0,3,0,0,8,2,N,N,39 53:28.580,75 14:17.842,1850, ,1822, ,0, , , ,0, , , , , , , , , ,2,1,0,0,0,0,1,0,0,0,0,0,0,0,1,0,0,0,0,0,0,0,0,0,0,0,0,0,0,0,0,0,0,0,0,9,0,39.8913,-75.2383, , 
11991,154498,2016013920,6,67,67301,2016,1,1,230,2,3,1,0,7,4, , ,N,0,0,0,3,0,1,1,1,N, ,40 07:00.393,75 01:11.312,234, ,230,3,1,2, , ,0,N, , , , , , , , ,1,0,0,0,0,0,0,1,0,0,0,1,1,0,0,0,0,0,0,0,0,0,0,0,0,0,0,0,0,0,0,0,0,0,0,4,0,40.1168,-75.0198, , 
11992,154518,2016036509,6,67,67301,2016,3,2,47,0,3,2,1,2,6, , ,N,0,0,0,3,0,1,2,3,N, ,40 02:09.881,75 11:10.998,100, ,55, ,0, , , ,0, , , , , , , , , ,3,3,0,0,0,0,0,0,0,0,0,1,1,0,0,0,0,0,0,0,0,0,0,0,0,0,0,0,0,0,0,0,0,0,0,4,0,40.0361,-75.1864, , 
11993,154524,2016040954,6,67,67301,2016,4,7,1900,19,4,1,0,4,1, , ,N,2,2,0,3,0,0,2,2,N,N,39 56:24.737,75 12:02.483,1920, ,1911, ,0, ,N, ,3, , , , , , , , , ,2,2,0,0,0,0,0,0,0,0,0,0,0,0,0,0,0,0,0,0,0,0,0,0,0,0,0,0,0,0,0,0,0,0,0,0,0,39.9401,-75.2007, , 
11994,154530,2016049316,6,67,67301,2016,4,7,1625,16,1,1,0,1,1, , ,N,0,0,0,3,0,0,6,3,N,N,40 00:28.375,75 12:07.819,1633, ,1626,1,1,3, , ,0,N, , , , , , , , ,3,1,0,0,0,0,2,0,0,0,0,0,0,0,0,0,0,0,0,0,1,0,0,0,0,0,0,0,0,0,0,0,0,0,0,0,0,40.0079,-75.2022, , 
11995,154539,2016007495,6,67,67301,2016,1,6,240,2,3,1,0,8,1, , ,N,2,2,0,3,0,2,3,3,N,N,40 00:48.906,75 09:32.155,243, ,242,1,1,4,N, ,3,Y, , , , , , , , ,1,1,0,0,0,0,0,0,0,0,0,2,2,0,0,0,0,0,0,0,0,0,0,0,0,0,0,0,0,0,0,0,2,0,0,4,0,40.0135,-75.1589, , 
11996,154540,2016008623,6,67,67301,2016,1,2,325,3,3,1,0,7,4, , ,N,1,3,99,3,0,0,1,1,N,N,39 55:44.943,75 11:13.894,331, ,327, ,0, ,N, ,3, , , , , , , , , ,1,1,0,0,0,0,0,0,0,0,0,0,0,0,1,0,0,0,0,0,0,0,0,0,0,0,0,0,0,0,0,0,0,0,0,9,0,39.9292,-75.1872, , 
11997,154553,2016019768,6,67,67301,2016,2,2,2059,20,3,1,1,1,1, , ,N,0,0,0,3,0,1,4,2,N,N,39 57:10.825,75 14:55.597,2102, ,2100, ,0, ,N, ,0, , , , , , , , , ,2,1,0,0,0,0,1,0,0,0,0,0,1,1,0,0,0,0,0,0,0,0,0,0,0,0,0,0,0,0,0,0,0,0,0,8,0,39.953,-75.2488, , 
11998,154560,2016025979,6,67,67301,2016,2,1,345,3,3,1,0,5,6, , ,N,0,0,0,3,0,0,1,2,N,N,39 58:44.341,75 13:32.142,347, ,346, ,0, ,N, ,0, , , , , , , , , ,2,2,0,0,0,0,0,0,0,0,0,0,0,0,0,0,0,0,0,0,0,0,0,1,0,0,0,0,0,0,0,0,0,0,0,0,0,39.979,-75.2256, , 
11999,154602,2016026130,6,67,67301,2016,2,5,2003,20,3,1,0,4,1, , ,N,1,2,0,3,0,1,2,2,N,N,39 58:09.508,75 09:21.923,2011, ,2010, ,0, ,N, ,3, , , , , , , , , ,1,1,0,0,0,0,0,0,1,0,0,1,1,0,0,0,0,0,0,0,1,0,0,0,0,0,0,0,0,0,0,0,0,0,0,4,0,39.9693,-75.1561, , 
12000,154604,2016029832,6,67,67301,2016,2,3,2240,22,2,1,1,4,1, , ,N,3,0,0,3,0,0,4,2,N,N,39 56:28.490,75 12:38.577,9999, ,115, ,0, ,N, ,0, , , , , , , , , ,2,1,0,0,0,0,0,1,0,0,0,0,0,0,3,0,0,0,0,0,0,0,0,0,0,0,0,0,0,0,0,0,0,0,0,9,0,39.9412,-75.2108, , 
12001,154609,2016033492,6,67,67301,2016,3,2,1453,14,1,2,1,7,2, , ,N,0,0,0,3,0,0,1,1,N,N,39 57:26.969,75 09:32.369,1510, ,1454,1,1,4, , ,0,N, , , , , , , , ,1,1,0,0,0,0,0,0,0,0,0,0,0,0,0,0,0,0,0,0,0,0,0,0,0,0,0,0,0,0,0,0,0,0,0,0,0,39.9575,-75.159, , 
12002,154619,2016048640,6,67,67301,2016,4,4,725,7,1,1,0,4,1, , ,N,1,3,0,3,0,0,2,2,N,N,40 01:58.832,75 07:41.962,755, ,750, ,0, ,N, ,3, , , , , , , , , ,2,1,0,0,0,0,1,0,0,0,0,0,0,0,0,0,0,0,0,0,1,0,0,0,0,0,0,0,0,0,0,0,0,0,0,0,0,40.033,-75.1283, , 
12003,154625,2016054188,6,67,67301,2016,4,5,1335,13,1,2,1,4,1, , ,N,1,3,0,3,0,3,3,4,N,N,39 57:47.437,75 08:30.893,1340, ,1335, ,0, ,N, ,3, , , , , , , , , ,4,4,0,0,0,0,0,0,0,0,2,1,3,0,0,0,0,0,0,0,0,1,0,0,0,0,0,0,0,0,0,0,0,0,0,3,0,39.9632,-75.1419, , 
12004,154671,2016056049,6,67,67301,2016,5,7,938,9,1,1,0,7,4, , ,N,2,0,0,3,0,1,1,1,N,N,40 00:59.954,75 09:29.663,945, ,940, ,0, ,N, ,0, , , , , , , , , ,1,0,0,0,0,0,1,0,0,0,0,0,1,1,0,0,0,0,0,0,0,0,0,0,0,0,0,0,0,0,0,0,0,0,0,8,0,40.0167,-75.1582, , 