objectid_1,objectid,crn,district,county,municipality,crash_year,crash_month,day_of_week,time_of_day,hour_of_day,illumination,weather,road_condition,collision_type,relation_to_road,work_zone_type,work_zone_loc,work_zone_ind,intersect_type,tcd_type,location_type,urban_rural,fatal_count,injury_count,person_count,total_units,sch_bus_ind,sch_zone_ind,latitude,longitude,arrival_tm,cons_zone_spd_lim,dispatch_tm,est_hrs_closed,lane_closed,ln_close_dir,ntfy_hiwy_maint,spec_juris_cd,tcd_func_cd,tfc_detour_ind,workers_pres,wz_close_detour,wz_flagger,wz_law_offcr_ind,wz_ln_closure,wz_moving,wz_other,wz_shlder_mdn,vehicle_count,automobile_count,motorcycle_count,bus_count,small_truck_count,heavy_truck_count,suv_count,van_count,bicycle_count,maj_inj_count,mod_inj_count,min_inj_count,tot_inj_count,unk_inj_deg_count,unk_inj_per_count,driver_count_16yr,driver_count_17yr,driver_count_18yr,driver_count_19yr,driver_count_20yr,driver_count_50_64yr,driver_count_65_74yr,driver_count_75plus,unbelted_occ_count,unb_death_count,unb_maj_inj_count,belted_death_count,belted_maj_inj_count,mcycle_death_count,mcycle_maj_inj_count,bicycle_death_count,bicycle_maj_inj_count,ped_count,ped_death_count,ped_maj_inj_count,max_severity_level,comm_veh_count,dec_lat,dec_long,rdwy_surf_type_cd,county_name
12072,154838,2016026000,6,67,67301,2016,2,7,1131,11,1,1,0,4,1, , ,N,1,0,0,3,0,1,2,2,N, ,40 01:50.084,75 04:42.776,1142, ,1142, ,0, , , ,0, , , , , , , , , ,2,2,0,0,0,0,0,0,0,0,0,1,1,0,0,0,0,0,0,1,1,0,0,0,0,0,0,0,0,0,0,0,0,0,0,4,0,40.0306,-75.0785, , 
12073,154850,2016048528,6,67,67301,2016,4,2,850,8,1,1,8,0,1,1,4,Y,2,0,0,3,0,0,2,1,N,N,39 59:58.739,75 11:25.757,909,99,854, ,0, ,Y, ,0, ,U, , ,U, , , , ,1,1,0,0,0,0,0,0,0,0,0,0,0,0,0,0,0,0,0,0,1,0,0,1,0,0,0,0,0,0,0,0,0,0,0,0,0,39.9996,-75.1905, , 
12074,154857,2016058570,6,67,67301,2016,5,2,908,9,1,1,0,4,1, , ,N,1,3,0,3,0,0,2,2,N, ,39 56:34.202,75 13:26.903,909, ,909,2,1,1, , ,3,N, , , , , , , , ,2,2,0,0,0,0,0,0,0,0,0,0,0,0,0,0,0,0,0,0,1,0,1,0,0,0,0,0,0,0,0,0,0,0,0,0,0,39.9428,-75.2241, , 
12075,154864,2016063984,6,67,67301,2016,6,3,832,8,1,1,0,4,1, , ,N,1,2,0,3,0,1,3,2,N,N,39 59:21.706,75 09:20.126,836, ,834,1,1,4,N, ,3,Y, , , , , , , , ,2,2,0,0,0,0,0,0,0,0,0,1,1,0,2,0,0,0,0,0,0,0,0,0,0,0,0,0,0,0,0,0,0,0,0,4,0,39.9893,-75.1555, , 
12076,154884,2016013719,6,67,67301,2016,1,7,1033,10,1,1,0,6,6, , ,N,0,0,0,3,0,1,1,3,N,N,40 01:34.338,75 03:51.577,1145, ,1143,1,1,2, , ,0,Y, , , , , , , , ,3,1,0,0,1,0,1,0,0,0,0,0,1,1,0,0,0,0,0,0,0,0,0,0,0,0,0,0,0,0,0,0,0,0,0,8,0,40.0262,-75.0643, , 
12077,154917,2016058536,6,67,67301,2016,5,2,2038,20,4,1,0,4,1, , ,N,3,3,0,3,0,2,3,2,N,N,39 58:38.391,75 13:38.956,2100, ,2038, ,0, ,N, ,3, , , , , , , , , ,2,2,0,0,0,0,0,0,0,0,0,2,2,0,0,0,0,0,0,0,0,0,0,1,0,0,0,0,0,0,0,0,0,0,0,4,0,39.9773,-75.2275, , 
12078,154932,2016013886,6,67,67301,2016,1,6,1755,17,3,1,0,4,1, , ,N,1,3,0,3,0,1,2,2,N, ,39 58:03.856,75 08:58.426,2115, ,2115, ,0, , , ,3, , , , , , , , , ,2,2,0,0,0,0,0,0,0,0,0,1,1,0,0,0,0,0,0,0,0,0,0,0,0,0,0,0,0,0,0,0,0,0,0,4,0,39.9677,-75.1496, , 
12079,151981,2016062790,6,67,67301,2016,6,3,1751,17,1,1,0,5,1, , ,N,0,0,0,3,0,1,2,2,N,N,39 53:48.821,75 11:22.422,1759, ,1752,2,1,2, , ,0,N, , , , , , , , ,2,1,0,0,0,0,0,1,0,0,0,0,1,1,0,0,0,0,0,0,0,1,0,0,0,0,0,0,0,0,0,0,0,0,0,8,0,39.8969,-75.1896, , 
12080,151997,2016019744,6,67,67301,2016,1,7,1050,10,1,1,0,4,1, , ,N,1,2,0,3,0,0,3,2,N,N,40 01:00.965,75 09:05.545,1051, ,1050, ,0, ,N, ,3, , , , , , , , , ,2,0,0,0,0,0,2,0,0,0,0,0,0,0,0,0,0,0,0,0,0,0,0,0,0,0,0,0,0,0,0,0,0,0,0,0,0,40.0169,-75.1516, , 
12081,152007,2016029800,6,67,67301,2016,2,2,1942,19,3,1,0,4,1, , ,N,1,2,0,3,0,1,3,2,N, ,40 03:58.061,75 03:46.964,1959, ,1942, ,0, , , ,3, , , , , , , , , ,2,2,0,0,0,0,0,0,0,0,0,0,1,1,0,0,0,0,0,0,1,0,0,0,0,0,0,0,0,0,0,0,0,0,0,8,0,40.0661,-75.063, , 
12082,152011,2016033815,6,67,67301,2016,3,6,2007,20,3,1,0,5,6, , ,N,0,0,0,3,0,1,1,2,N, ,40 01:08.820,75 05:46.871,2015, ,2009,9,2,5, , ,0,Y, , , , , , , , ,2,1,0,0,0,0,0,1,0,0,1,0,1,0,0,0,0,0,0,0,1,0,0,0,0,0,0,0,0,0,0,0,0,0,0,3,0,40.0191,-75.0964, , 
12083,152013,2016036533,6,67,67301,2016,3,7,1240,12,1,1,0,8,1, , ,N,1,2,0,3,0,1,2,2,N,N,39 55:17.779,75 08:53.544,1255, ,1245, ,0, ,N, ,3, , , , , , , , , ,1,0,0,0,0,0,1,0,0,0,0,0,1,1,0,0,0,0,0,0,0,0,0,1,0,0,0,0,0,0,0,0,1,0,0,8,0,39.9216,-75.1482, , 
12084,152040,2016013729,6,67,67301,2016,1,5,1844,18,3,1,0,6,1, , ,N,0,0,0,3,0,0,2,2,N, ,40 02:36.240,75 01:47.250,1848, ,1846, ,0, , , ,0, , , , , , , , , ,2,1,0,0,1,0,0,0,0,0,0,0,0,0,0,0,0,0,0,0,2,0,0,0,0,0,0,0,0,0,0,0,0,0,0,0,0,40.0434,-75.0298, , 
12085,152047,2016022016,6,67,67301,2016,1,1,1325,13,1,4,1,8,1, , ,N,0,0,0,3,0,1,2,2,N,N,39 58:06.888,75 14:34.335,1332, ,1330, ,0, ,N, ,0, , , , , , , , , ,1,0,0,0,0,0,1,0,0,0,0,0,1,1,0,0,0,0,0,0,0,0,0,0,0,0,0,0,0,0,0,0,1,0,0,8,0,39.9686,-75.2429, , 
12086,152074,2016058731,6,67,67301,2016,5,2,2230,22,3,1,0,1,1, , ,N,0,0,0,3,0,1,2,2,N,N,39 55:56.058,75 11:59.856,2242, ,2241,1,1,4, , ,0,N, , , , , , , , ,2,2,0,0,0,0,0,0,0,0,1,0,1,0,0,0,0,0,0,0,1,0,0,0,0,0,0,0,0,0,0,0,0,0,0,3,0,39.9322,-75.2, , 
12087,152115,2016047769,6,67,67301,2016,4,7,2245,22,3,1,0,5,6, , ,N,0,0,0,3,0,0,1,3,N, ,39 56:40.850,75 10:25.784,23, ,22,2,2,3, , ,0,Y, , , , , , , , ,3,1,0,0,0,0,1,1,0,0,0,0,0,0,0,0,0,0,0,0,0,0,0,0,0,0,0,0,0,0,0,0,0,0,0,0,0,39.9447,-75.1738, , 
12088,152119,2016052844,6,67,67301,2016,5,2,230,2,3,1,0,1,1, , ,N,1,2,0,3,0,4,6,2,N, ,40 03:45.028,75 02:35.024,240, ,230,1,1,2, , ,3,N, , , , , , , , ,2,1,0,0,0,0,1,0,0,0,0,4,4,0,0,0,0,0,0,1,0,0,0,2,0,0,0,0,0,0,0,0,0,0,0,4,0,40.0627,-75.0428, , 
12089,152137,2016016575,6,67,67301,2016,1,4,30,0,3,4,1,1,1, , ,N,0,0,0,3,0,0,2,2,N,N,40 00:58.122,75 03:36.077,35, ,33, ,0, ,N, ,0, , , , , , , , , ,2,2,0,0,0,0,0,0,0,0,0,0,0,0,0,0,0,0,0,1,1,0,0,0,0,0,0,0,0,0,0,0,0,0,0,0,0,40.0161,-75.06, , 
12090,152152,2016033846,6,67,67301,2016,3,2,311,3,3,2,1,5,6, , ,N,0,0,0,3,0,0,1,4,N,N,39 58:23.062,75 12:00.090,314, ,312, ,0, ,N, ,0, , , , , , , , , ,4,3,0,0,0,0,1,0,0,0,0,0,0,0,1,0,0,0,0,0,0,0,0,0,0,0,0,0,0,0,0,0,0,0,0,9,0,39.9731,-75.2, , 
12091,152177,2016052382,6,67,67301,2016,4,7,1735,17,1,1,0,4,1, , ,N,1,3,0,3,0,1,3,2,N,N,40 02:17.526,75 04:43.122,1745, ,1740, ,0, ,N, ,3, , , , , , , , , ,2,2,0,0,0,0,0,0,0,0,0,1,1,0,0,0,0,0,0,0,0,0,0,3,0,0,0,0,0,0,0,0,0,0,0,4,0,40.0382,-75.0786, , 
12092,152189,2016013291,6,67,67301,2016,1,5,1219,12,1,1,0,4,1, , ,N,5,2,0,3,0,1,2,2,N,N,39 54:19.501,75 10:24.816,1221, ,1219, ,0, ,N, ,3, , , , , , , , , ,2,1,0,0,0,0,1,0,0,0,0,0,1,1,0,0,0,0,0,0,1,0,0,0,0,0,0,0,0,0,0,0,0,0,0,8,0,39.9054,-75.1736, , 
12093,152190,2016017053,6,67,67301,2016,1,1,2000,20,3,4,1,1,1, , ,N,2,0,0,3,0,2,3,2,N,N,40 06:01.527,75 02:54.292,2011, ,2004,9,1,2,N, ,0,N, , , , , , , , ,2,1,0,0,0,0,1,0,0,0,0,0,2,2,0,0,0,0,0,0,2,0,0,0,0,0,0,0,0,0,0,0,0,0,0,8,0,40.1004,-75.0484, , 
12094,152200,2016029749,6,67,67301,2016,3,7,1100,11,1,1,0,4,1, , ,N,1,2,2,3,0,4,5,3,N, ,39 54:36.252,75 09:48.020,1115, ,1110,9,2,4, , ,1,Y, , , , , , , , ,3,2,0,0,0,0,0,1,0,0,0,4,4,0,0,0,0,0,0,0,1,0,0,0,0,0,0,0,0,0,0,0,0,0,0,4,0,39.9101,-75.1633, , 
12095,152210,2016043578,6,67,67301,2016,4,2,906,9,1,1,0,1,1, , ,N,0,0,0,3,0,0,2,2,N,N,39 53:24.484,75 12:02.633,1005, ,908,2,2,2, , ,0,Y, , , , , , , , ,2,2,0,0,0,0,0,0,0,0,0,0,0,0,0,0,0,0,0,0,0,0,0,0,0,0,0,0,0,0,0,0,0,0,0,0,0,39.8901,-75.2007, , 
12096,152216,2016053290,6,67,67301,2016,5,1,1228,12,1,2,1,1,1, , ,N,0,0,0,3,0,1,5,3,N,N,39 53:57.541,75 09:54.831,1256, ,1243, ,0, , , ,0, , , , , , , , , ,3,2,0,0,0,0,1,0,0,0,1,0,1,0,0,0,0,0,0,0,0,0,0,0,0,0,0,0,0,0,0,0,0,0,0,3,0,39.8993,-75.1652, , 
12097,152230,2016013973,6,67,67301,2016,1,1,255,2,3,2,1,4,1, , ,N,1,2,0,3,0,1,2,2,N,N,40 01:27.084,75 07:58.797,310, ,258, ,0, ,N, ,3, , , , , , , , , ,2,1,0,0,0,0,0,0,0,0,0,1,1,0,1,0,0,0,0,0,0,0,0,0,0,0,0,0,0,0,0,0,0,0,0,4,0,40.0242,-75.133, , 
12098,145631,2016019770,6,67,67301,2016,2,3,1610,16,1,1,0,8,1, , ,N,0,0,0,3,0,1,2,2,N, ,40 00:41.705,75 10:32.245,1620, ,1615, ,0, ,N, ,0, , , , , , , , , ,1,0,0,0,0,0,0,1,0,0,0,0,1,1,0,0,0,0,0,0,0,0,0,1,0,0,0,0,0,0,0,0,1,0,0,8,0,40.0116,-75.1756, , 
12099,145641,2016026002,6,67,67301,2016,2,1,935,9,1,1,0,4,1, , ,N,1,3,0,3,0,0,2,2,N,N,40 00:33.984,75 06:16.225,942, ,940, ,0, ,N, ,3, , , , , , , , , ,2,2,0,0,0,0,0,0,0,0,0,0,0,0,0,0,0,0,1,0,0,0,0,0,0,0,0,0,0,0,0,0,0,0,0,0,0,40.0094,-75.1045, , 
12100,145645,2016032099,6,67,67301,2016,3,4,1415,14,1,1,0,4,1, , ,N,1,2,0,3,0,1,2,2,N, ,39 56:37.828,75 14:16.183,1425, ,1417, ,0, , , ,3, , , , , , , , , ,1,1,0,0,0,0,0,0,1,0,0,1,1,0,0,0,0,0,0,0,1,0,0,0,0,0,0,0,0,0,0,0,0,0,0,4,0,39.9438,-75.2378, , 
12101,145655,2016048519,6,67,67301,2016,4,3,2002,20,3,1,0,8,1, , ,N,1,2,0,3,0,1,2,2,N,N,39 58:12.616,75 09:34.731,2010, ,2002, ,0, , , ,3, , , , , , , , , ,1,0,0,0,0,0,1,0,0,0,1,0,1,0,0,0,0,0,0,0,0,0,0,1,0,0,0,0,0,0,0,0,1,0,0,3,0,39.9702,-75.1596, , 
12102,145684,2016019762,6,67,67301,2016,2,3,1142,11,1,1,0,1,6, , ,N,0,0,0,3,0,0,1,2,N,N,39 59:04.171,75 08:30.955,1143, ,1142, ,0, ,N, ,0, , , , , , , , , ,2,1,0,0,1,0,0,0,0,0,0,0,0,0,1,0,0,0,0,0,0,0,0,0,0,0,0,0,0,0,0,0,0,0,0,9,0,39.9845,-75.1419, , 
12103,145756,2016052839,6,67,67301,2016,5,3,545,5,5,2,1,2,1, , ,N,1,0,0,3,0,2,2,3,N,N,40 00:45.670,75 04:21.441,550, ,548,3,2,5,N, ,0,Y, , , , , , , , ,3,1,0,0,0,1,0,1,0,0,0,0,2,2,0,0,0,0,0,0,0,0,0,0,0,0,0,0,0,0,0,0,0,0,0,8,1,40.0127,-75.0726, , 
12104,145764,2016007836,6,67,67301,2016,1,7,1528,15,1,1,0,1,1, , ,N,0,0,0,3,0,1,8,2,N,N,39 57:29.382,75 09:53.854,1541, ,1530, ,0, , , ,0, , , , , , , , , ,2,1,0,0,0,0,0,1,0,0,0,1,1,0,0,0,0,0,0,0,0,0,0,0,0,0,0,0,0,0,0,0,0,0,0,4,0,39.9582,-75.165, , 
12105,145777,2016013870,6,67,67301,2016,1,2,2117,21,2,1,0,4,1, , ,N,1,3,0,3,0,0,2,5,N,N,40 03:17.748,75 09:18.547,2205, ,2156, ,0, ,N, ,3, , , , , , , , , ,5,1,0,0,1,0,1,1,0,0,0,0,0,0,1,0,0,0,0,0,1,0,0,1,0,0,0,0,0,0,0,0,0,0,0,9,0,40.0549,-75.1552, , 
12106,145789,2016020255,6,67,67301,2016,2,6,935,9,1,1,0,5,6, , ,N,0,0,0,3,0,0,2,2,N,N,39 57:24.788,75 12:00.365,945, ,939, ,0, ,N, ,0, , , , , , , , , ,2,1,0,0,1,0,0,0,0,0,0,0,0,0,0,0,0,0,0,0,0,0,0,0,0,0,0,0,0,0,0,0,0,0,0,0,0,39.9569,-75.2001, , 
12107,145797,2016036450,6,67,67301,2016,3,1,1411,14,1,1,0,4,1, , ,N,1,3,0,3,0,2,5,2,N,N,39 58:45.897,75 14:33.021,1421, ,1420, ,0, ,N, ,3, , , , , , , , , ,2,2,0,0,0,0,0,0,0,0,0,2,2,0,0,0,0,0,0,0,0,0,0,0,0,0,0,0,0,0,0,0,0,0,0,4,0,39.9794,-75.2425, , 
12108,145823,2016013296,6,67,67301,2016,1,2,1700,17,1,1,0,5,1, , ,N,0,0,0,3,0,1,2,2,N,N,40 00:40.888,75 10:31.399,1830, ,1830, ,0, , , ,0, , , , , , , , , ,1,1,0,0,0,0,0,0,1,0,1,0,1,0,0,0,0,0,0,0,0,0,0,0,0,0,0,0,0,0,0,0,0,0,0,3,0,40.0114,-75.1754, , 
12109,145839,2016028357,6,67,67301,2016,2,6,1830,18,3,1,0,5,1, , ,N,0,0,0,3,0,1,3,2,N,N,40 06:39.844,75 02:57.339,1840, ,1838,1,2,5,N, ,0,Y, , , , , , , , ,2,1,0,0,0,0,1,0,0,0,0,1,1,0,0,0,0,0,0,0,0,0,0,0,0,0,0,0,0,0,0,0,0,0,0,4,0,40.1111,-75.0493, , 
12110,145840,2016028700,6,67,67301,2016,3,6,1748,17,1,1,0,1,1, , ,N,0,0,0,3,0,0,8,5,N,N,40 03:16.490,74 59:07.760,1806, ,1800, ,0, , , ,0, , , , , , , , , ,5,3,0,0,0,0,2,0,0,0,0,0,0,0,0,0,0,0,0,0,0,1,0,0,0,0,0,0,0,0,0,0,0,0,0,0,0,40.0546,-74.9855, , 
12111,145849,2016036482,6,46,46102,2016,3,7,1445,14,1,1,0,4,1, , ,N,3,2,7,3,0,1,3,2,N,N,40 04:22.157,75 09:21.257,1505, ,1456,1,1,4, , ,3,N, , , , , , , , ,2,2,0,0,0,0,0,0,0,0,0,1,1,0,0,0,0,0,0,0,0,1,0,0,0,0,0,0,0,0,0,0,0,0,0,4,0,40.0727,-75.1558, , 
12112,145870,2016017015,6,67,67301,2016,1,3,1211,12,1,4,1,1,1, , ,N,0,0,0,3,0,1,2,2,N,N,40 01:10.696,75 08:53.908,1226, ,1211,3,1,1,N, ,0,N, , , , , , , , ,2,0,0,0,1,0,1,0,0,0,0,0,1,1,0,0,0,0,0,0,0,0,0,0,0,0,0,0,0,0,0,0,0,0,0,8,0,40.0196,-75.1483, , 
12113,145886,2016034030,6,67,67301,2016,3,5,1941,19,3,1,0,4,1, , ,N,1,2,0,3,0,0,2,2,N,N,39 58:15.733,75 09:20.582,1955, ,1950, ,0, ,N, ,3, , , , , , , , , ,2,1,0,0,0,0,1,0,0,0,0,0,0,0,1,0,0,0,0,0,0,0,0,0,0,0,0,0,0,0,0,0,0,0,0,9,0,39.9709,-75.1557, , 
12114,145895,2016046117,6,67,67301,2016,4,2,1158,11,1,1,0,4,1, , ,N,0,0,7,3,0,2,4,2,N,N,39 59:29.656,75 08:11.763,1214, ,1159, ,0, ,N, ,0, , , , , , , , , ,2,2,0,0,0,0,0,0,0,0,0,2,2,0,0,0,0,0,0,0,0,0,0,2,0,0,0,0,0,0,0,0,0,0,0,4,0,39.9916,-75.1366, , 
12115,145929,2016026127,6,67,67301,2016,2,1,700,7,1,1,0,7,4, , ,N,0,0,0,3,0,1,1,1,N, ,40 03:51.198,75 05:00.796,730, ,725, ,0, , , ,0, , , , , , , , , ,1,1,0,0,0,0,0,0,0,0,0,0,1,1,0,0,0,0,0,0,0,0,0,0,0,0,0,0,0,0,0,0,0,0,0,8,0,40.0642,-75.0836, , 
12116,148582,2016032034,6,67,67301,2016,3,3,1145,11,1,1,0,4,1, , ,N,1,3,0,3,0,4,5,2,N,N,40 03:49.132,75 09:14.867,1146, ,1145,9,1,4,N, ,3,N, , , , , , , , ,2,0,0,0,0,0,1,1,0,0,0,1,4,3,0,0,0,0,0,0,2,0,0,0,0,0,0,0,0,0,0,0,0,0,0,4,0,40.0636,-75.1541, , 
12117,148583,2016032047,6,67,67301,2016,3,1,1137,11,1,1,0,4,1, , ,N,0,0,7,3,0,1,3,2,N, ,39 59:30.015,75 06:01.487,1300, ,1246, ,0, , , ,0, , , , , , , , , ,2,1,0,0,0,0,1,0,0,0,1,0,1,0,0,0,0,0,0,0,1,0,0,0,0,0,0,0,0,0,0,0,0,0,0,3,0,39.9917,-75.1004, , 
12118,148588,2016036510,6,67,67301,2016,3,7,1605,16,1,1,0,4,1, , ,N,1,3,0,3,0,2,4,2,N, ,40 03:10.058,75 08:06.953,1610, ,1607, ,0, , , ,3, , , , , , , , , ,2,0,0,0,0,0,2,0,0,0,0,2,2,0,0,0,0,0,0,0,2,0,0,0,0,0,0,0,0,0,0,0,0,0,0,4,0,40.0528,-75.1353, , 
12119,148602,2016053807,6,67,67301,2016,5,3,2319,23,3,1,0,1,1, , ,N,1,2,0,3,0,1,2,2,N, ,39 54:50.431,75 08:59.775,2324, ,2319, ,0, , , ,3, , , , , , , , , ,2,2,0,0,0,0,0,0,0,0,0,1,1,0,0,0,0,0,0,0,1,0,0,0,0,0,0,0,0,0,0,0,0,0,0,4,0,39.914,-75.1499, , 
12120,148612,2016008614,6,67,67301,2016,1,6,255,2,3,1,0,5,6, , ,N,0,0,0,3,0,1,1,3,N,N,39 56:34.543,75 12:55.828,258, ,255, ,0, ,N, ,0, , , , , , , , , ,3,1,0,0,0,0,1,1,0,0,0,0,1,1,0,0,0,0,0,0,0,0,0,0,0,0,0,0,0,0,0,0,0,0,0,8,0,39.9429,-75.2155, , 
12121,148633,2016036475,6,67,67301,2016,3,2,855,8,1,1,0,4,1, , ,N,1,2,0,3,0,2,3,2,N, ,39 59:27.397,75 06:05.681,915, ,910, ,0, , , ,3, , , , , , , , , ,2,0,0,0,1,0,0,1,0,0,2,0,2,0,0,0,0,0,0,0,0,1,0,3,0,0,0,0,0,0,0,0,0,0,0,3,0,39.9909,-75.1016, , 
12122,148634,2016036524,6,67,67301,2016,3,4,1140,11,1,1,0,1,1,2,4,Y,0,0,0,3,0,0,2,2,N,N,40 06:49.482,74 59:16.922,1140,99,1140,3,2,1,N, ,0,Y,Y,U,U,Y,Y,U,U,U,2,0,0,0,0,1,1,0,0,0,0,0,0,0,0,0,0,0,0,0,0,1,0,0,0,0,0,0,0,0,0,0,0,0,0,0,1,40.1137,-74.988, , 
12123,148635,2016037778,6,67,67301,2016,3,6,1511,15,1,1,0,8,1, , ,N,0,0,0,3,0,1,6,3,N,N,39 57:00.324,75 14:31.542,1540, ,1537, ,0, ,N, ,0, , , , , , , , , ,2,1,0,0,0,0,1,0,0,0,0,1,1,0,0,0,0,0,0,0,1,0,0,0,0,0,0,0,0,0,0,0,1,0,0,4,0,39.9501,-75.2421, , 
12124,148637,2016038237,6,67,67301,2016,4,6,116,1,3,1,1,7,4, , ,N,0,0,0,3,0,0,1,1,N,N,39 56:39.241,75 11:30.847,122, ,116,1,1,3, , ,0,N, , , , , , , , ,1,1,0,0,0,0,0,0,0,0,0,0,0,0,0,0,0,0,0,0,0,0,0,0,0,0,0,0,0,0,0,0,0,0,0,0,0,39.9442,-75.1919, , 
12125,148641,2016044057,6,67,67301,2016,4,5,736,7,1,1,0,1,1, , ,N,0,0,0,3,0,0,3,3,N,N,39 57:30.751,75 10:05.321,736, ,736, ,0, , , ,0, , , , , , , , , ,3,1,0,0,1,0,1,0,0,0,0,0,0,0,0,0,0,0,0,0,0,0,0,0,0,0,0,0,0,0,0,0,0,0,0,0,0,39.9585,-75.1681, , 
12126,148643,2016045348,6,67,67301,2016,4,1,2200,22,3,1,0,5,6, , ,N,0,0,0,3,0,1,1,4,N, ,40 05:48.126,74 58:30.692,2212, ,2205, ,0, , , ,0, , , , , , , , , ,4,4,0,0,0,0,0,0,0,0,0,0,1,1,0,0,0,1,0,0,0,0,0,1,0,0,0,0,0,0,0,0,0,0,0,8,0,40.0967,-74.9752, , 
12127,148644,2016046080,6,67,67301,2016,4,3,1047,10,1,2,1,6,1, , ,N,2,0,0,3,0,1,4,3,N,N,40 02:34.327,75 11:36.548,1051, ,1049, ,0, ,N, ,0, , , , , , , , , ,3,2,0,0,0,0,1,0,0,0,0,0,1,1,0,0,0,0,0,0,0,0,0,0,0,0,0,0,0,0,0,0,0,0,0,8,0,40.0429,-75.1935, , 
12128,148645,2016047038,6,67,67301,2016,3,7,1010,10,1,1,0,1,1, , ,N,0,0,0,3,0,0,7,3,N, ,40 02:14.526,75 13:15.238,1025, ,1019, ,0, , , ,0, , , , , , , , , ,3,2,0,0,0,0,1,0,0,0,0,0,0,0,0,0,0,1,0,0,0,1,0,3,0,0,0,0,0,0,0,0,0,0,0,0,0,40.0374,-75.2209, , 
12129,148646,2016048557,6,67,67301,2016,4,1,19,0,3,1,0,1,1, , ,N,0,0,0,3,0,3,5,2,N, ,40 00:36.836,75 03:44.293,21, ,20, ,0, , , ,0, , , , , , , , , ,2,2,0,0,0,0,0,0,0,0,1,2,3,0,1,0,0,0,0,0,0,0,0,1,0,0,0,0,0,0,0,0,0,0,0,3,0,40.0102,-75.0623, , 
12130,148652,2016054159,6,67,67301,2016,5,7,1232,12,1,1,0,4,1, , ,N,2,3,0,3,0,2,4,2,N,N,40 00:32.064,75 10:08.718,1240, ,1235, ,0, ,N, ,3, , , , , , , , , ,2,1,0,0,0,0,1,0,0,0,0,2,2,0,0,0,0,0,0,0,1,0,0,0,0,0,0,0,0,0,0,0,0,0,0,4,0,40.0088,-75.169, , 
12131,148681,2016046094,6,67,67301,2016,4,1,1115,11,1,1,0,1,1, , ,N,0,0,0,3,0,0,2,2,N,N,40 04:57.437,75 01:38.439,1124, ,1120,1,1,2,N, ,0,N, , , , , , , , ,2,1,0,0,0,0,1,0,0,0,0,0,0,0,0,0,0,0,0,0,1,1,0,0,0,0,0,0,0,0,0,0,0,0,0,0,0,40.0826,-75.0273, , 
12132,148683,2016046980,6,67,67301,2016,4,6,1130,11,1,1,0,1,1, , ,N,1,2,0,3,0,1,3,2,N, ,39 57:32.561,75 13:01.166,1130, ,9999, ,0, , , ,3, , , , , , , , , ,2,0,0,0,1,0,0,1,0,0,0,1,1,0,0,0,0,0,0,0,1,0,0,0,0,0,0,0,0,0,0,0,0,0,0,4,0,39.959,-75.217, , 
12133,148684,2016048574,6,67,67301,2016,4,3,1545,15,1,1,0,4,1, , ,N,2,0,0,3,0,3,4,2,N,N,40 00:59.954,75 09:29.663,1600, ,1554, ,0, ,N, ,0, , , , , , , , , ,2,2,0,0,0,0,0,0,0,0,0,3,3,0,0,0,0,0,0,0,0,0,0,0,0,0,0,0,0,0,0,0,0,0,0,4,0,40.0167,-75.1582, , 
12134,154933,2016014014,6,67,67301,2016,1,6,855,8,1,1,0,4,1, , ,N,0,0,0,3,0,2,4,2,N, ,40 02:05.285,75 04:54.589,905, ,900, ,0, , , ,0, , , , , , , , , ,2,2,0,0,0,0,0,0,0,0,0,2,2,0,0,0,0,0,0,0,0,0,0,0,0,0,0,0,0,0,0,0,0,0,0,4,0,40.0348,-75.0818, , 
12135,154938,2016019909,6,67,67301,2016,2,1,1121,11,1,1,0,4,1, , ,N,1,3,0,3,0,0,2,2,N,N,39 58:52.093,75 09:53.035,1129, ,1128,1,1,3,N, ,3,Y, , , , , , , , ,2,2,0,0,0,0,0,0,0,0,0,0,0,0,0,0,0,0,0,0,1,0,0,0,0,0,0,0,0,0,0,0,0,0,0,0,0,39.9811,-75.1647, , 
12136,154944,2016025963,6,67,67301,2016,2,1,840,8,1,1,0,4,1, , ,N,3,2,0,3,0,0,2,2,N,N,40 01:48.002,75 06:15.006,903, ,842,1,1,2,N, ,3,N, , , , , , , , ,2,1,0,0,0,0,1,0,0,0,0,0,0,0,0,0,0,0,0,0,0,0,0,0,0,0,0,0,0,0,0,0,0,0,0,0,0,40.03,-75.1032, , 
12137,154982,2016026071,6,67,67301,2016,2,3,1735,17,3,2,1,4,1, , ,N,1,3,0,3,0,2,3,2,N,N,39 58:33.518,75 12:23.478,1745, ,1738, ,0, ,N, ,3, , , , , , , , , ,2,2,0,0,0,0,0,0,0,0,0,2,2,0,0,0,0,0,0,0,0,0,0,0,0,0,0,0,0,0,0,0,0,0,0,4,0,39.976,-75.2065, , 
12138,154998,2016053723,6,67,67301,2016,5,6,1601,16,1,2,1,8,1, , ,N,2,0,0,3,0,1,2,2,N, ,39 55:48.957,75 13:19.160,1617, ,1617,9,1,2, , ,0,N, , , , , , , , ,1,1,0,0,0,0,0,0,0,0,0,1,1,0,0,0,0,0,0,0,0,0,0,1,0,0,0,0,0,0,0,0,1,0,0,4,0,39.9303,-75.222, , 
12139,155003,2016055602,6,67,67301,2016,5,5,912,9,1,1,0,1,1, , ,N,1,2,0,3,0,0,5,3,N,N,40 01:47.421,75 06:15.635,929, ,913,1,1,2, , ,3,N, , , , , , , , ,3,3,0,0,0,0,0,0,0,0,0,0,0,0,0,0,0,0,0,1,1,0,0,0,0,0,0,0,0,0,0,0,0,0,0,0,0,40.0298,-75.1043, , 