objectid_1,objectid,crn,district,county,municipality,crash_year,crash_month,day_of_week,time_of_day,hour_of_day,illumination,weather,road_condition,collision_type,relation_to_road,work_zone_type,work_zone_loc,work_zone_ind,intersect_type,tcd_type,location_type,urban_rural,fatal_count,injury_count,person_count,total_units,sch_bus_ind,sch_zone_ind,latitude,longitude,arrival_tm,cons_zone_spd_lim,dispatch_tm,est_hrs_closed,lane_closed,ln_close_dir,ntfy_hiwy_maint,spec_juris_cd,tcd_func_cd,tfc_detour_ind,workers_pres,wz_close_detour,wz_flagger,wz_law_offcr_ind,wz_ln_closure,wz_moving,wz_other,wz_shlder_mdn,vehicle_count,automobile_count,motorcycle_count,bus_count,small_truck_count,heavy_truck_count,suv_count,van_count,bicycle_count,maj_inj_count,mod_inj_count,min_inj_count,tot_inj_count,unk_inj_deg_count,unk_inj_per_count,driver_count_16yr,driver_count_17yr,driver_count_18yr,driver_count_19yr,driver_count_20yr,driver_count_50_64yr,driver_count_65_74yr,driver_count_75plus,unbelted_occ_count,unb_death_count,unb_maj_inj_count,belted_death_count,belted_maj_inj_count,mcycle_death_count,mcycle_maj_inj_count,bicycle_death_count,bicycle_maj_inj_count,ped_count,ped_death_count,ped_maj_inj_count,max_severity_level,comm_veh_count,dec_lat,dec_long,rdwy_surf_type_cd,county_name
12207,155188,2016026155,6,67,67301,2016,2,2,1941,19,3,4,6,7,4, , ,N,0,0,0,3,0,4,4,1,N,N,40 02:29.491,75 03:28.772,1949, ,1949,2,1,2,Y, ,0,N, , , , , , , , ,1,1,0,0,0,0,0,0,0,0,0,0,4,4,0,0,0,0,1,0,0,0,0,0,0,0,0,0,0,0,0,0,0,0,0,8,0,40.0415,-75.058, , 
12208,155199,2016036418,6,67,67301,2016,3,5,251,2,3,1,0,6,6, , ,N,0,0,0,3,0,1,1,4,N,N,39 59:42.375,75 06:22.063,255, ,251,1,1,1,N, ,0,N, , , , , , , , ,4,2,0,0,1,0,1,0,0,0,0,1,1,0,0,0,0,0,0,0,0,0,0,0,0,0,0,0,0,0,0,0,0,0,0,4,0,39.9951,-75.1061, , 
12209,155213,2016007575,6,67,67301,2016,1,6,0,0,3,1,0,4,1, , ,N,2,2,0,3,0,3,6,2,N, ,40 00:11.021,75 09:51.354,0, ,0, ,0, , , ,3, , , , , , , , , ,2,2,0,0,0,0,0,0,0,0,0,2,3,1,1,0,0,0,1,0,0,0,0,0,0,0,0,0,0,0,0,0,0,0,0,4,0,40.0031,-75.1643, , 
12210,155218,2016013983,6,67,67301,2016,1,3,1620,16,1,1,0,3,1, , ,N,2,0,0,3,0,0,6,2,Y,N,40 01:40.850,75 09:58.489,1650, ,1645, ,0, ,N, ,0, , , , , , , , , ,2,1,0,1,0,0,0,0,0,0,0,0,0,0,0,0,0,0,0,0,0,0,0,0,0,0,0,0,0,0,0,0,0,0,0,0,1,40.028,-75.1662, , 
12211,155231,2016023949,6,67,67301,2016,2,4,2305,23,3,2,7,4,1, , ,N,0,0,0,3,0,1,2,3,N,N,39 52:48.268,75 14:50.653,2324, ,2307,3,2,1, , ,0,N, , , , , , , , ,3,2,0,0,0,0,0,0,0,0,0,0,1,1,0,0,0,0,0,0,0,0,0,0,0,0,0,0,0,0,0,0,0,0,0,8,0,39.8801,-75.2474, , 
12212,155234,2016026136,6,67,67301,2016,2,4,1925,19,3,1,0,7,5, , ,N,1,3,0,3,0,0,1,2,N,N,40 04:08.738,75 10:03.928,1931, ,1928, ,0, , , ,3, , , , , , , , , ,2,1,0,0,0,0,1,0,0,0,0,0,0,0,0,0,0,0,0,0,1,0,0,0,0,0,0,0,0,0,0,0,0,0,0,0,0,40.0691,-75.1678, , 
12213,155242,2016033088,6,67,67301,2016,3,5,1605,16,1,1,0,4,1, , ,N,1,3,0,3,0,3,4,2,N, ,40 01:27.483,75 09:40.489,1615, ,1606,1,1,2, , ,3,Y, , , , , , , , ,2,0,0,0,1,0,0,1,0,0,1,2,3,0,1,0,0,0,0,0,0,0,0,0,0,0,0,0,0,0,0,0,0,0,0,3,0,40.0243,-75.1612, , 
12214,155251,2016046990,6,67,67301,2016,4,1,719,7,1,1,0,4,1, , ,N,1,2,0,3,0,0,2,2,N,N,39 58:23.685,75 12:43.721,746, ,746, ,0, ,N, ,3, , , , , , , , , ,2,1,0,0,0,0,1,0,0,0,0,0,0,0,0,0,0,0,0,0,0,0,0,0,0,0,0,0,0,0,0,0,0,0,0,0,0,39.9732,-75.2121, , 
12215,155291,2016028828,6,67,67301,2016,3,6,1855,18,3,1,0,1,1,1,4,Y,0,0,0,3,0,2,3,2,N,N,40 01:36.435,75 01:34.836,1932,45,1900,2,2,2, , ,0,N,Y,N,N,N,N,Y,N,Y,2,1,0,0,0,0,0,1,0,0,0,2,2,0,0,0,0,0,0,0,1,0,0,0,0,0,0,0,0,0,0,0,0,0,0,4,0,40.0268,-75.0263, , 
12216,155302,2016039677,6,67,67301,2016,3,5,2155,21,3,1,0,7,4, , ,N,0,0,0,3,0,1,1,1,N,N,39 56:44.225,75 14:23.678,2200, ,2158,2,1,1,N, ,0,Y, , , , , , , , ,1,1,0,0,0,0,0,0,0,0,0,1,1,0,0,0,0,0,0,0,0,0,0,1,0,0,0,0,0,0,0,0,0,0,0,4,0,39.9456,-75.2399, , 
12217,155325,2016029919,6,67,67301,2016,2,2,1250,12,1,1,0,1,1, , ,N,0,0,0,3,0,0,2,2,N,N,40 06:41.680,74 59:28.223,1310, ,1300,2,1,1,N, ,0,N, , , , , , , , ,2,1,0,0,1,0,0,0,0,0,0,0,0,0,0,0,0,0,0,0,1,0,0,0,0,0,0,0,0,0,0,0,0,0,0,0,0,40.1116,-74.9912, , 
12218,155327,2016032928,6,67,67301,2016,3,6,1523,15,1,1,0,1,1, , ,N,0,0,0,3,0,4,4,2,N,N,39 56:31.536,75 11:38.431,1616, ,1538,1,2,3, , ,0,N, , , , , , , , ,2,2,0,0,0,0,0,0,0,0,0,1,4,3,0,0,0,1,0,0,1,0,0,0,0,0,0,0,0,0,0,0,0,0,0,4,0,39.9421,-75.194, , 
12219,155370,2016013823,6,67,67301,2016,1,5,2230,22,3,1,0,4,1, , ,N,1,2,0,3,0,0,3,2,N,N,40 02:41.988,75 07:24.833,2238, ,2233, ,0, ,N, ,3, , , , , , , , , ,2,2,0,0,0,0,0,0,0,0,0,0,0,0,3,0,0,0,0,0,0,0,0,0,0,0,0,0,0,0,0,0,0,0,0,9,0,40.045,-75.1235, , 
12220,155371,2016013845,6,67,67301,2016,1,1,1930,19,3,2,1,7,4, , ,N,0,0,0,3,0,0,2,1,N,N,40 03:20.433,75 04:22.123,1944, ,1944, ,0, ,N, ,0, , , , , , , , , ,1,1,0,0,0,0,0,0,0,0,0,0,0,0,0,0,1,0,0,0,0,0,0,0,0,0,0,0,0,0,0,0,0,0,0,0,0,40.0557,-75.0728, , 
12221,155382,2016021140,6,67,67301,2016,1,6,2343,23,3,1,0,1,1, , ,N,0,0,0,3,0,0,1,3,N,N,39 57:40.104,75 13:17.637,55, ,43, ,0, ,N, ,0, , , , , , , , , ,3,3,0,0,0,0,0,0,0,0,0,0,0,0,1,0,0,0,0,0,0,0,0,0,0,0,0,0,0,0,0,0,0,0,0,9,0,39.9611,-75.2216, , 
12222,155386,2016029267,6,67,67301,2016,3,5,33,0,3,1,0,7,5, , ,N,0,3,0,3,0,0,1,1,N,N,40 05:01.346,75 13:58.307,35, ,33,2,1,4,N, ,3,N, , , , , , , , ,1,1,0,0,0,0,0,0,0,0,0,0,0,0,0,0,0,0,0,1,0,0,0,0,0,0,0,0,0,0,0,0,0,0,0,0,0,40.0837,-75.2329, , 
12223,155388,2016029942,6,67,67301,2016,2,2,1145,11,1,1,0,6,1, , ,N,0,0,0,3,0,0,2,2,N, ,40 07:07.636,74 59:37.690,1150, ,1149, ,0, , , ,0, , , , , , , , , ,2,2,0,0,0,0,0,0,0,0,0,0,0,0,0,0,0,0,0,0,0,0,1,2,0,0,0,0,0,0,0,0,0,0,0,0,0,40.1188,-74.9938, , 
12224,155396,2016041442,6,67,67301,2016,4,6,50,0,3,1,0,1,1, , ,N,5,2,0,3,0,1,2,2,N,N,39 55:49.947,75 08:59.099,135, ,134,1,1,2,N, ,3,N, , , , , , , , ,2,2,0,0,0,0,0,0,0,0,0,0,1,1,0,0,0,0,0,0,0,0,0,1,0,0,0,0,0,0,0,0,0,0,0,8,0,39.9305,-75.1497, , 
12225,155413,2016017059,6,67,67301,2016,1,3,630,6,3,1,1,4,1, , ,N,2,2,0,3,0,0,3,2,N,N,40 02:15.016,75 12:37.445,639, ,633, ,0, ,N, ,3, , , , , , , , , ,2,1,0,0,0,0,1,0,0,0,0,0,0,0,0,0,0,0,0,0,1,0,0,0,0,0,0,0,0,0,0,0,0,0,0,0,0,40.0377,-75.2104, , 
12226,152402,2016052126,6,67,67301,2016,3,5,1515,15,1,1,0,4,1, , ,N,1,2,0,3,0,1,2,2, , ,40 04:26.624,75 11:27.147,0, ,0, ,0, , , ,3, , , , , , , , , ,2,2,0,0,0,0,0,0,0,1,0,0,1,0,0,0,0,0,0,0,0,0,0,0,0,0,0,0,0,0,0,0,0,0,0,2,0,40.0741,-75.1909, , 
12227,152404,2016056435,6,67,67301,2016,5,1,2305,23,3,1,0,1,1, , ,N,0,0,0,3,0,2,4,2,N,N,39 57:13.600,75 08:31.100,2315, ,2310, ,0, ,N, ,0, , , , , , , , , ,2,1,0,0,1,0,0,0,0,0,0,2,2,0,0,0,0,0,0,0,0,0,0,0,0,0,0,0,0,0,0,0,0,0,0,4,0,39.9538,-75.142, , 
12228,152412,2016063489,6,67,67301,2016,6,4,117,1,3,1,0,8,1, , ,N,0,0,0,3,1,0,2,2,N,N,39 58:49.820,75 10:19.119,122, ,121,3,2,6,N,0,0,Y, , , , , , , , ,1,1,0,0,0,0,0,0,0,0,0,0,0,0,0,0,0,0,0,0,0,0,0,0,0,0,0,0,0,0,0,0,1,1,0,1,0,39.9805,-75.172,2, 
12229,152413,2016063882,6,67,67301,2016,6,6,2245,22,3,1,0,4,1, , ,N,1,3,0,3,0,1,4,2,N,N,39 58:25.672,75 09:12.549,2247, ,2247, ,0, ,N, ,3, , , , , , , , , ,2,2,0,0,0,0,0,0,0,0,0,1,1,0,0,0,1,0,0,0,0,0,0,0,0,0,0,0,0,0,0,0,0,0,0,4,0,39.9738,-75.1535, , 
12230,152424,2016013299,6,67,67301,2016,1,5,1745,17,1,1,0,8,1, , ,N,1,2,0,3,0,1,2,2,N,N,40 02:08.965,75 10:29.000,1745, ,1744, ,0, ,N, ,3, , , , , , , , , ,1,0,0,0,0,0,0,1,0,0,0,1,1,0,0,0,0,0,0,0,1,0,0,0,0,0,0,0,0,0,0,0,1,0,0,4,0,40.0358,-75.1747, , 
12231,152429,2016028339,6,67,67301,2016,2,1,1720,17,3,1,0,5,1, , ,N,0,0,0,3,0,0,1,3,N,N,40 00:42.451,75 09:31.939,1728, ,1725,1,2,1, , ,0,Y, , , , , , , , ,3,3,0,0,0,0,0,0,0,0,0,0,0,0,0,0,0,0,0,0,0,0,0,0,0,0,0,0,0,0,0,0,0,0,0,0,0,40.0118,-75.1589, , 
12232,152432,2016030116,6,67,67301,2016,3,5,2100,21,3,1,0,1,1, , ,N,0,0,0,3,0,2,2,2,N,N,39 58:38.172,75 12:00.549,2106, ,2104,1,2,3, , ,0,N, , , , , , , , ,2,1,0,0,0,0,0,1,0,0,0,0,2,2,0,0,0,0,0,0,0,1,0,0,0,0,0,0,0,0,0,0,0,0,0,8,0,39.9773,-75.2002, , 
12233,152443,2016043373,6,67,67301,2016,4,2,837,8,1,1,0,1,1, , ,N,0,0,0,3,0,0,3,3,N, ,39 59:03.573,75 12:11.666,849, ,839,2,1,2,N, ,0,N, , , , , , , , ,3,1,0,0,0,0,2,0,0,0,0,0,0,0,0,0,0,0,0,0,0,0,0,0,0,0,0,0,0,0,0,0,0,0,0,0,0,39.9843,-75.2032, , 
12234,152448,2016048676,6,67,67301,2016,4,3,1250,12,1,1,0,1,1, , ,N,0,0,0,3,0,1,2,2,N,N,39 58:27.557,75 12:10.351,1255, ,1250, ,0, , , ,0, , , , , , , , , ,2,1,0,0,0,0,1,0,0,0,0,1,1,0,1,0,0,0,0,0,0,1,0,0,0,0,0,0,0,0,0,0,0,0,0,4,0,39.9743,-75.2029, , 
12235,152454,2016062237,6,67,67301,2016,6,1,1712,17,1,1,0,6,1, , ,N,0,2,7,3,0,2,4,2,N,N,40 06:06.520,75 00:22.762,1720, ,1714,3,2,2,N, ,3,N, , , , , , , , ,2,2,0,0,0,0,0,0,0,1,1,0,2,0,0,0,0,0,0,0,0,0,2,2,0,1,0,0,0,0,0,0,0,0,0,2,0,40.1018,-75.0063, , 
12236,152494,2016036492,6,67,67301,2016,3,7,1308,13,1,1,0,4,1, , ,N,0,0,7,3,0,0,3,2,N, ,40 02:03.717,75 12:56.833,1311, ,1308, ,0, , , ,0, , , , , , , , , ,2,1,0,0,0,0,1,0,0,0,0,0,0,0,1,0,0,0,0,0,0,0,0,0,0,0,0,0,0,0,0,0,0,0,0,9,0,40.0344,-75.2158, , 
12237,152507,2016048597,6,67,67301,2016,4,1,1000,10,1,1,0,4,1, , ,N,1,3,0,3,0,3,3,3,N,N,39 55:25.806,75 14:22.876,1005, ,1004, ,0, ,N, ,3, , , , , , , , , ,3,3,0,0,0,0,0,0,0,0,0,1,3,2,0,0,0,0,0,0,0,0,0,1,0,0,0,0,0,0,0,0,0,0,0,4,0,39.9238,-75.2397, , 
12238,152510,2016051393,6,67,67301,2016,5,6,536,5,3,2,7,7,2, , ,N,0,0,0,3,0,1,1,1,N,N,40 02:10.501,75 00:55.423,600, ,536,4,2,1, , ,0,N, , , , , , , , ,1,0,0,0,0,1,0,0,0,0,1,0,1,0,0,0,0,0,0,0,0,0,0,0,0,0,0,0,0,0,0,0,0,0,0,3,1,40.0363,-75.0154, , 
12239,152512,2016053237,6,67,67301,2016,5,4,1300,13,1,1,0,4,1, , ,N,1,2,2,3,0,4,5,2,N,N,40 00:33.068,75 04:08.444,1315, ,1300,2,1,4,N, ,3,Y, , , , , , , , ,2,0,0,0,0,1,1,0,0,0,0,0,4,4,0,0,0,0,0,0,2,0,0,1,0,0,0,0,0,0,0,0,0,0,0,8,1,40.0092,-75.069, , 
12240,152536,2016029776,6,67,67301,2016,2,5,1623,16,1,1,0,4,1, , ,N,1,2,0,3,0,1,3,2,N, ,40 01:45.919,75 07:28.901,1630, ,1623, ,0, ,N, ,3, , , , , , , , , ,2,2,0,0,0,0,0,0,0,0,0,1,1,0,0,0,0,0,0,0,1,0,0,0,0,0,0,0,0,0,0,0,0,0,0,4,0,40.0294,-75.1247, , 
12241,152551,2016048710,6,67,67301,2016,4,2,1533,15,1,1,0,8,1, , ,N,0,0,0,3,0,1,2,2,N,N,40 00:27.536,75 05:45.726,1615, ,1603, ,0, ,N, ,0, , , , , , , , , ,1,0,0,0,0,0,1,0,0,0,0,1,1,0,0,0,0,0,0,0,0,0,0,1,0,0,0,0,0,0,0,0,1,0,0,4,0,40.0076,-75.096, , 
12242,152556,2016053341,6,67,67301,2016,4,6,1618,16,1,1,0,1,1, , ,N,0,0,0,3,0,0,3,3,N,N,39 56:01.429,75 08:42.181,1726, ,1624, ,0, , , ,0, , , , , , , , , ,3,2,0,0,0,0,1,0,0,0,0,0,0,0,0,0,0,0,0,0,2,0,0,0,0,0,0,0,0,0,0,0,0,0,0,0,0,39.9337,-75.1451, , 
12243,152558,2016053707,6,67,67301,2016,5,4,230,2,3,1,0,4,1, , ,N,1,2,1,3,0,1,2,2,N,N,40 01:04.383,75 04:57.342,234, ,232,1,1,1,N, ,3,Y, , , , , , , , ,2,1,0,0,0,0,1,0,0,0,0,0,1,1,0,0,0,0,0,0,1,0,0,0,0,0,0,0,0,0,0,0,0,0,0,8,0,40.0179,-75.0826, , 
12244,146134,2016042388,6,67,67301,2016,4,3,1753,17,1,1,0,7,2, , ,N,0,0,0,3,0,0,1,1,N,N,39 57:56.684,75 08:12.913,1800, ,1753, ,0, , , ,0, , , , , , , , , ,1,1,0,0,0,0,0,0,0,0,0,0,0,0,0,0,0,0,0,0,0,0,0,0,0,0,0,0,0,0,0,0,0,0,0,0,0,39.9657,-75.1369, , 
12245,146179,2016035361,6,67,67301,2016,3,3,1449,14,1,1,0,1,1, , ,N,1,2,0,3,0,0,4,2,N,N,40 01:15.937,75 08:23.758,1520, ,1450,2,1,1,N, ,3,N, , , , , , , , ,2,1,0,0,0,0,1,0,0,0,0,0,0,0,0,0,0,0,0,0,1,0,0,0,0,0,0,0,0,0,0,0,0,0,0,0,0,40.0211,-75.1399, , 
12246,146201,2016013692,6,67,67301,2016,1,1,259,2,3,1,0,4,1, , ,N,1,2,0,3,0,0,4,3,N,N,39 59:22.375,75 10:07.877,337, ,332,1,1,2,N, ,3,Y, , , , , , , , ,3,3,0,0,0,0,0,0,0,0,0,0,0,0,2,0,0,0,0,0,0,0,0,0,0,0,0,0,0,0,0,0,0,0,0,9,0,39.9895,-75.1689, , 
12247,146202,2016014445,6,67,67301,2016,1,1,423,4,3,2,1,1,1, , ,N,2,2,0,3,0,3,4,2,N, ,39 57:36.624,75 08:13.909,9999, ,9999, ,0, , , ,3, , , , , , , , , ,2,1,0,0,1,0,0,0,0,0,0,0,3,3,0,0,0,0,1,0,0,0,0,1,0,0,0,0,0,0,0,0,0,0,0,8,0,39.9602,-75.1372, , 
12248,146212,2016031443,6,67,67301,2016,3,1,530,5,3,1,0,5,2, , ,N,0,0,0,3,0,0,2,2,N,N,39 58:04.557,75 11:24.117,535, ,532, ,0, , , ,0, , , , , , , , , ,2,2,0,0,0,0,0,0,0,0,0,0,0,0,0,0,0,0,0,0,0,0,0,0,0,0,0,0,0,0,0,0,0,0,0,0,0,39.9679,-75.19, , 
12249,146218,2016033928,6,67,67301,2016,3,5,1310,13,1,1,0,4,1, , ,N,1,2,0,3,0,1,2,2,N,N,39 58:27.123,75 09:23.824,1315, ,1310, ,0, ,N, ,3, , , , , , , , , ,1,0,0,0,0,0,1,0,1,0,0,1,1,0,0,0,0,0,0,0,0,0,0,1,0,0,0,0,0,0,0,0,0,0,0,4,0,39.9742,-75.1566, , 
12250,146264,2016022200,6,67,67301,2016,2,2,2040,20,3,2,1,7,2, , ,N,7,0,2,3,0,1,2,2,N,N,39 54:35.875,75 09:22.640,2042, ,2040,3,1,4,N, ,0,N, , , , , , , , ,2,1,0,0,0,0,1,0,0,0,0,0,1,1,0,0,0,0,0,0,0,0,0,1,0,0,0,0,0,0,0,0,0,0,0,8,0,39.91,-75.1563, , 
12251,146269,2016028332,6,67,67301,2016,2,7,1658,16,1,1,0,4,1, , ,N,1,2,0,3,0,1,4,3,N,N,39 55:05.839,75 12:32.264,1708, ,1701,9,2,2,N, ,3,Y, , , , , , , , ,3,1,1,0,0,0,0,0,0,1,0,0,1,0,1,0,0,1,0,0,1,0,0,0,0,0,0,0,0,1,0,0,0,0,0,2,0,39.9182,-75.2088, , 
12252,146272,2016029786,6,67,67301,2016,3,7,1400,14,1,1,0,1,1, , ,N,1,2,0,3,0,1,3,3,N, ,40 03:02.097,75 08:31.585,1535, ,1530, ,0, , , ,3, , , , , , , , , ,3,3,0,0,0,0,0,0,0,0,0,1,1,0,0,0,0,0,0,0,0,0,0,2,0,0,0,0,0,0,0,0,0,0,0,4,0,40.0506,-75.1421, , 
12253,146282,2016038181,6,67,67301,2016,3,2,9999,99,1,2,1,1,1, , ,N,0,0,0,3,0,1,4,3,N,N,40 02:09.295,75 04:04.918,437, ,430,1,2,2,N, ,0,Y, , , , , , , , ,3,3,0,0,0,0,0,0,0,0,1,0,1,0,0,0,0,0,0,0,0,0,0,0,0,0,0,0,0,0,0,0,0,0,0,3,0,40.0359,-75.068, , 
12254,146283,2016039647,6,67,67301,2016,3,6,1800,18,1,1,0,1,1, , ,N,0,0,0,3,0,0,2,2,N,N,39 54:34.239,75 11:35.493,1830, ,1820, ,0, ,N, ,0, , , , , , , , , ,2,2,0,0,0,0,0,0,0,0,0,0,0,0,2,0,0,0,0,0,0,0,0,0,0,0,0,0,0,0,0,0,0,0,0,9,0,39.9095,-75.1932, , 
12255,146292,2016050869,6,67,67301,2016,5,4,1223,12,1,2,1,1,1, , ,N,0,0,0,3,0,0,4,3,N, ,40 05:20.081,75 02:02.274,1230, ,1230, ,0, , , ,0, , , , , , , , , ,3,1,0,0,0,0,2,0,0,0,0,0,0,0,0,0,0,0,0,0,0,0,0,1,0,0,0,0,0,0,0,0,0,0,0,0,0,40.0889,-75.034, , 
12256,146314,2016032094,6,67,67301,2016,3,6,805,8,2,4,4,4,1, , ,N,2,3,0,3,0,1,2,2,N,N,40 00:51.724,75 11:12.037,902, ,850, ,0, ,N, ,3, , , , , , , , , ,2,2,0,0,0,0,0,0,0,0,0,1,1,0,1,0,0,0,0,0,0,0,0,0,0,0,0,0,0,0,0,0,0,0,0,4,0,40.0144,-75.1867, , 
12257,146321,2016036374,6,67,67301,2016,3,6,310,3,3,1,0,5,6, , ,N,0,0,0,3,0,0,1,5,N,N,39 58:25.155,75 09:08.284,400, ,400,3,2,4,N, ,0,Y, , , , , , , , ,5,4,0,0,0,0,0,1,0,0,0,0,0,0,0,0,0,0,0,0,0,0,0,1,0,0,0,0,0,0,0,0,0,0,0,0,0,39.9737,-75.1523, , 
12258,146340,2016056044,6,67,67301,2016,5,5,700,7,1,1,0,1,1, , ,N,1,2,0,3,0,1,2,2,N, ,40 01:22.391,75 08:13.477,1310, ,1305, ,0, , , ,3, , , , , , , , , ,2,1,0,0,0,0,1,0,0,0,0,1,1,0,1,0,0,0,0,0,0,0,0,0,0,0,0,0,0,0,0,0,0,0,0,4,0,40.0229,-75.1371, , 
12259,146361,2016028833,6,67,67301,2016,3,7,2210,22,3,1,0,1,1, , ,N,0,0,0,3,0,4,4,2,N,N,39 59:51.335,75 11:46.520,2215, ,2210,2,1,3, , ,0,N, , , , , , , , ,2,2,0,0,0,0,0,0,0,0,0,0,4,4,0,0,0,0,0,0,0,0,0,2,0,0,0,0,0,0,0,0,0,0,0,8,0,39.9976,-75.1963, , 
12260,146378,2016052299,6,67,67301,2016,5,2,2120,21,3,2,1,4,1, , ,N,1,2,0,3,0,2,3,2,N, ,40 00:38.780,75 09:02.882,2130, ,2120, ,0, , , ,3, , , , , , , , , ,2,2,0,0,0,0,0,0,0,0,0,2,2,0,0,0,0,0,0,0,0,0,0,0,0,0,0,0,0,0,0,0,0,0,0,4,0,40.0107,-75.1508, , 
12261,146394,2016007648,6,67,67301,2016,1,7,2016,20,6,1,0,8,1, , ,N,2,2,0,3,0,1,2,2,N,N,39 57:32.475,75 10:32.026,2020, ,2017, ,0, ,N, ,3, , , , , , , , , ,1,0,0,0,0,0,1,0,0,0,0,1,1,0,0,0,0,0,0,0,0,0,0,0,0,0,0,0,0,0,0,0,1,0,0,4,0,39.959,-75.1756, , 
12262,149002,2016016604,6,67,67301,2016,1,7,400,4,3,1,0,7,1, , ,N,0,0,0,3,0,0,1,2,N,N,39 57:16.995,75 14:31.876,401, ,400, ,0, ,N, ,0, , , , , , , , , ,2,1,0,0,0,0,1,0,0,0,0,0,0,0,0,0,0,0,0,0,0,0,0,1,0,0,0,0,0,0,0,0,0,0,0,0,0,39.9547,-75.2422, , 
12263,149012,2016029135,6,67,67301,2016,3,6,746,7,1,1,0,8,1, , ,N,0,0,0,3,0,1,2,2,N,N,40 03:58.595,75 09:32.207,9999, ,816,2,1,3, , ,0,N, , , , , , , , ,1,1,0,0,0,0,0,0,0,0,0,0,1,1,1,0,0,0,0,0,0,0,0,0,0,0,0,0,0,0,0,0,1,0,0,8,0,40.0663,-75.1589, , 
12264,149014,2016029926,6,67,67301,2016,2,1,157,1,3,1,0,5,6, , ,N,0,0,0,3,0,0,1,4,N, ,39 58:39.950,75 09:41.425,202, ,157, ,0, ,N, ,0, , , , , , , , , ,4,3,0,0,0,0,0,1,0,0,0,0,0,0,0,0,0,0,0,0,0,0,0,0,0,0,0,0,0,0,0,0,0,0,0,0,0,39.9778,-75.1615, , 
12265,149015,2016033127,6,67,67301,2016,3,4,1247,12,1,1,0,1,1, , ,N,0,0,0,3,0,1,2,3,N,N,39 55:28.358,75 10:15.441,1256, ,1251,2,2,6,N, ,0,Y, , , , , , , , ,3,0,0,0,1,1,1,0,0,0,0,0,1,1,0,0,0,0,0,0,0,0,0,0,0,0,0,0,0,0,0,0,0,0,0,8,1,39.9245,-75.171, , 
12266,149038,2016058707,6,67,67301,2016,5,3,1126,11,1,1,0,1,1, , ,N,0,0,0,3,0,3,4,2,N,N,39 57:33.512,75 10:27.560,1203, ,1136, ,0, , , ,0, , , , , , , , , ,2,2,0,0,0,0,0,0,0,0,0,0,3,3,0,0,1,0,0,0,0,0,0,0,0,0,0,0,0,0,0,0,0,0,0,8,0,39.9593,-75.1743, , 
12267,149065,2016039681,6,67,67301,2016,3,7,14,0,3,1,0,1,1, , ,N,2,3,0,3,0,6,6,2,N,N,40 01:07.309,75 06:05.983,157, ,156, ,0, ,N, ,3, , , , , , , , , ,2,2,0,0,0,0,0,0,0,0,0,5,6,1,0,0,0,0,0,1,0,0,0,0,0,0,0,0,0,0,0,0,0,0,0,4,0,40.0187,-75.1017, , 
12268,149075,2016052269,6,67,67301,2016,5,1,419,4,3,2,1,1,6, , ,N,0,0,0,3,0,1,1,3,N,N,39 56:46.008,75 14:20.603,448, ,439, ,0, ,N, ,0, , , , , , , , , ,3,2,0,0,0,0,1,0,0,0,0,1,1,0,0,0,0,0,0,0,0,0,0,0,0,0,0,0,0,0,0,0,0,0,0,4,0,39.9461,-75.2391, , 
12269,149076,2016053089,6,67,67301,2016,4,5,1510,15,1,2,1,4,1, , ,N,1,2,0,3,0,1,6,3,N,N,39 54:39.813,75 13:49.242,1522, ,1510, ,0, , , ,3, , , , , , , , , ,3,2,0,0,0,0,1,0,0,0,0,0,1,1,0,0,0,0,0,0,0,0,0,0,0,0,0,0,0,0,0,0,0,0,0,8,0,39.9111,-75.2303, , 
12270,149077,2016053739,6,67,67301,2016,5,1,225,2,3,1,0,4,1, , ,N,1,3,0,3,0,0,4,2,N,N,39 56:27.488,75 10:40.342,253, ,251, ,0, ,N, ,3, , , , , , , , , ,2,0,0,0,0,0,1,1,0,0,0,0,0,0,1,0,0,0,0,0,1,0,1,0,0,0,0,0,0,0,0,0,0,0,0,9,0,39.941,-75.1779, , 
12271,149078,2016053762,6,67,67301,2016,5,6,1518,15,1,2,1,4,1, , ,N,1,3,0,3,0,1,2,2,N,N,39 56:23.816,75 09:33.271,1530, ,1520, ,0, ,N, ,3, , , , , , , , , ,2,2,0,0,0,0,0,0,0,0,0,1,1,0,1,0,0,0,0,0,0,0,0,0,0,0,0,0,0,0,0,0,0,0,0,4,0,39.9399,-75.1592, , 
12272,149093,2016008622,6,67,67301,2016,1,2,1305,13,1,1,0,1,1,8,8,Y,0,0,0,3,0,2,2,2,N,N,39 54:15.691,75 11:36.762,1315,99,1307,1,1,3,N, ,0,Y,U,U,U,U,U,U,U,U,2,0,0,0,0,0,1,1,0,0,0,2,2,0,0,0,0,0,0,0,1,0,0,0,0,0,0,0,0,0,0,0,0,0,0,4,0,39.9044,-75.1935, , 
12273,149115,2016032027,6,67,67301,2016,3,7,1530,15,1,1,0,1,1, , ,N,0,0,0,3,0,1,3,2,N, ,40 01:56.623,75 10:09.542,1841, ,1841, ,0, , , ,0, , , , , , , , , ,2,2,0,0,0,0,0,0,0,0,0,1,1,0,0,0,0,0,0,0,0,1,0,0,0,0,0,0,0,0,0,0,0,0,0,4,0,40.0324,-75.1693, , 
12274,149129,2016047009,6,67,67301,2016,4,3,1412,14,1,1,0,4,1, , ,N,1,2,0,3,0,3,3,2,N, ,40 05:53.765,75 02:49.794,1427, ,1414,1,1,2, , ,3,N, , , , , , , , ,2,1,0,0,0,0,1,0,0,0,3,0,3,0,0,0,0,0,0,0,1,0,0,2,0,0,0,0,0,0,0,0,0,0,0,3,0,40.0984,-75.0471, , 