objectid_1,objectid,crn,district,county,municipality,crash_year,crash_month,day_of_week,time_of_day,hour_of_day,illumination,weather,road_condition,collision_type,relation_to_road,work_zone_type,work_zone_loc,work_zone_ind,intersect_type,tcd_type,location_type,urban_rural,fatal_count,injury_count,person_count,total_units,sch_bus_ind,sch_zone_ind,latitude,longitude,arrival_tm,cons_zone_spd_lim,dispatch_tm,est_hrs_closed,lane_closed,ln_close_dir,ntfy_hiwy_maint,spec_juris_cd,tcd_func_cd,tfc_detour_ind,workers_pres,wz_close_detour,wz_flagger,wz_law_offcr_ind,wz_ln_closure,wz_moving,wz_other,wz_shlder_mdn,vehicle_count,automobile_count,motorcycle_count,bus_count,small_truck_count,heavy_truck_count,suv_count,van_count,bicycle_count,maj_inj_count,mod_inj_count,min_inj_count,tot_inj_count,unk_inj_deg_count,unk_inj_per_count,driver_count_16yr,driver_count_17yr,driver_count_18yr,driver_count_19yr,driver_count_20yr,driver_count_50_64yr,driver_count_65_74yr,driver_count_75plus,unbelted_occ_count,unb_death_count,unb_maj_inj_count,belted_death_count,belted_maj_inj_count,mcycle_death_count,mcycle_maj_inj_count,bicycle_death_count,bicycle_maj_inj_count,ped_count,ped_death_count,ped_maj_inj_count,max_severity_level,comm_veh_count,dec_lat,dec_long,rdwy_surf_type_cd,county_name
12275,149159,2016028699,6,67,67301,2016,3,4,1200,12,1,1,0,1,1, , ,N,0,0,0,3,0,1,2,2,N,N,39 58:47.756,75 06:23.048,1201, ,1201,1,1,2, , ,0,N, , , , , , , , ,2,0,0,0,0,0,1,1,0,0,0,0,1,1,0,0,0,0,0,0,1,0,0,1,0,0,0,0,0,0,0,0,0,0,0,8,0,39.9799,-75.1064, , 
12276,149169,2016041439,6,67,67301,2016,4,6,435,4,3,8,1,7,2, , ,N,0,0,0,3,0,1,1,1,N,N,40 04:02.791,75 11:42.329,9999, ,9999,1,1,6,N, ,0,Y, , , , , , , , ,1,1,0,0,0,0,0,0,0,0,0,1,1,0,0,0,0,0,0,0,0,0,0,1,0,0,0,0,0,0,0,0,0,0,0,4,0,40.0674,-75.1951, , 
12277,149191,2016013960,6,67,67301,2016,1,3,1115,11,1,1,0,4,1, , ,N,1,2,0,3,0,1,2,2,N,N,40 01:30.637,75 07:31.531,1135, ,1130,2,1,2,N, ,3,N, , , , , , , , ,2,2,0,0,0,0,0,0,0,0,0,0,1,1,0,0,0,0,0,0,1,0,0,0,0,0,0,0,0,0,0,0,0,0,0,8,0,40.0252,-75.1254, , 
12278,149192,2016014008,6,67,67301,2016,1,3,819,8,1,1,0,4,1, , ,N,1,2,0,3,0,1,2,2,N,N,39 59:34.547,75 13:03.608,1005, ,1001, ,0, ,N, ,3, , , , , , , , , ,2,2,0,0,0,0,0,0,0,0,0,1,1,0,1,0,0,0,0,0,1,0,0,0,0,0,0,0,0,0,0,0,0,0,0,4,0,39.993,-75.2176, , 
12279,149194,2016019351,6,67,67301,2016,2,6,1021,10,1,1,0,1,1, , ,N,0,0,0,3,0,1,2,2,N,N,39 57:00.807,75 08:30.101,1042, ,1026, ,0, , , ,0, , , , , , , , , ,2,1,0,0,0,0,1,0,0,0,0,1,1,0,0,0,0,0,0,0,0,0,0,0,0,0,0,0,0,0,0,0,0,0,0,4,0,39.9502,-75.1417, , 
12280,155422,2016026030,6,67,67301,2016,2,4,1726,17,4,1,0,1,1, , ,N,1,2,0,3,0,4,4,2,N,N,39 56:28.421,75 12:33.849,1726, ,1726, ,0, ,N, ,3, , , , , , , , , ,2,2,0,0,0,0,0,0,0,0,1,3,4,0,0,0,0,0,0,0,1,0,0,0,0,0,0,0,0,0,0,0,0,0,0,3,0,39.9412,-75.2094, , 
12281,155434,2016036417,6,67,67301,2016,3,5,809,8,1,1,0,4,1, , ,N,1,3,0,3,0,1,4,2,N, ,39 55:09.793,75 10:50.131,809, ,806, ,0, , , ,3, , , , , , , , , ,2,0,0,0,0,0,2,0,0,0,0,0,1,1,0,0,0,0,0,0,1,0,0,0,0,0,0,0,0,0,0,0,0,0,0,8,0,39.9194,-75.1806, , 
12282,155445,2016052332,6,67,67301,2016,4,5,1557,15,1,2,1,4,1, , ,N,2,2,0,3,0,0,3,2,N,N,40 02:12.961,75 08:42.306,1557, ,1557, ,0, ,N, ,3, , , , , , , , , ,2,2,0,0,0,0,0,0,0,0,0,0,0,0,0,0,0,0,0,0,1,0,0,0,0,0,0,0,0,0,0,0,0,0,0,0,0,40.0369,-75.1451, , 
12283,155455,2016007480,6,67,67301,2016,1,7,1523,15,1,1,0,4,1, , ,N,1,2,0,3,0,0,4,2,N,N,39 58:14.012,75 08:59.857,1532, ,1529, ,0, ,N, ,3, , , , , , , , , ,2,1,0,0,1,0,0,0,0,0,0,0,0,0,0,0,0,0,0,0,0,0,0,0,0,0,0,0,0,0,0,0,0,0,0,0,0,39.9704,-75.15, , 
12284,155463,2016013746,6,67,67301,2016,1,6,2000,20,3,1,8,8,1, , ,N,0,0,0,3,0,1,2,2,N,N,40 01:59.147,75 04:19.615,1950, ,1900, ,0, , , ,0, , , , , , , , , ,1,1,0,0,0,0,0,0,0,0,0,0,1,1,1,0,0,0,0,0,0,0,0,0,0,0,0,0,0,0,0,0,1,0,0,8,0,40.0331,-75.0721, , 
12285,155464,2016014062,6,67,67301,2016,1,3,930,9,1,1,0,4,1, , ,N,0,0,7,3,0,2,2,2,N,N,40 01:01.405,75 07:31.400,952, ,948, ,0, ,N, ,0, , , , , , , , , ,2,1,0,0,0,0,0,1,0,0,0,0,2,2,0,0,0,0,1,0,1,0,0,0,0,0,0,0,0,0,0,0,0,0,0,8,0,40.0171,-75.1254, , 
12286,155468,2016020452,6,67,67301,2016,2,7,143,1,3,1,0,7,4, , ,N,0,0,0,3,0,1,1,1,N,N,39 59:02.306,75 09:23.932,143, ,0,9,2,5,N, ,0,Y, , , , , , , , ,1,1,0,0,0,0,0,0,0,0,0,0,1,1,0,0,0,0,0,0,0,0,0,0,0,0,0,0,0,0,0,0,0,0,0,8,0,39.984,-75.1566, , 
12287,155486,2016036398,6,67,67301,2016,3,6,1229,12,1,1,0,4,1, , ,N,0,0,7,3,0,2,5,2,N, ,39 56:15.250,75 09:51.980,1235, ,1232,2,1,3, , ,0,N, , , , , , , , ,2,2,0,0,0,0,0,0,0,0,0,2,2,0,0,0,0,0,0,0,1,0,0,0,0,0,0,0,0,0,0,0,0,0,0,4,0,39.9376,-75.1644, , 
12288,155488,2016039823,6,67,67301,2016,4,6,1632,16,1,1,0,1,1, , ,N,0,0,0,3,0,1,6,4,N,N,39 57:12.279,75 10:53.644,1650, ,1633, ,0, , , ,0, , , , , , , , , ,4,3,0,0,0,0,1,0,0,0,0,0,1,1,0,0,0,0,1,0,0,0,0,1,0,0,0,0,0,0,0,0,0,0,0,8,0,39.9534,-75.1816, , 
12289,155489,2016041005,6,67,67301,2016,4,6,1714,17,1,1,0,8,1, , ,N,1,2,0,3,0,1,2,2,N,N,39 57:59.738,75 09:37.523,1720, ,1714,2,2,1,N, ,3,Y, , , , , , , , ,1,1,0,0,0,0,0,0,0,0,0,1,1,0,0,0,0,0,0,0,0,0,0,0,0,0,0,0,0,0,0,0,1,0,0,4,0,39.9666,-75.1604, , 
12290,155512,2016012016,6,67,67301,2016,1,1,20,0,3,1,0,1,6, , ,N,0,0,0,3,0,0,1,2,N,N,40 00:16.068,75 09:07.821,27, ,20, ,0, ,N, ,0, , , , , , , , , ,2,0,0,0,0,0,2,0,0,0,0,0,0,0,0,0,0,0,0,0,0,0,0,1,0,0,0,0,0,0,0,0,0,0,0,0,0,40.0045,-75.1522, , 
12291,155531,2016036446,6,67,67301,2016,3,2,1640,16,1,1,0,8,1, , ,N,0,0,0,3,0,1,2,3,N,N,40 01:03.052,75 05:01.806,1645, ,1648, ,0, ,N, ,0, , , , , , , , , ,2,1,0,1,0,0,0,0,0,0,0,1,1,0,0,0,0,0,0,0,0,0,0,0,0,0,0,0,0,0,0,0,1,0,0,4,1,40.0175,-75.0838, , 
12292,155537,2016047019,6,67,67301,2016,4,1,2130,21,3,1,0,1,1, , ,N,5,2,0,3,0,1,4,2,N,N,40 01:00.430,75 05:00.995,2130, ,2139, ,0, ,N, ,3, , , , , , , , , ,2,2,0,0,0,0,0,0,0,0,0,1,1,0,0,0,0,0,0,0,0,0,0,0,0,0,0,0,0,0,0,0,0,0,0,4,0,40.0168,-75.0836, , 
12293,155539,2016052350,6,67,67301,2016,5,4,724,7,1,2,1,1,1, , ,N,0,2,0,3,0,3,4,2,N,N,40 02:01.162,75 04:25.451,742, ,740, ,0, ,N, ,3, , , , , , , , , ,2,2,0,0,0,0,0,0,0,0,0,3,3,0,0,0,0,0,0,0,0,0,0,0,0,0,0,0,0,0,0,0,0,0,0,4,0,40.0337,-75.0737, , 
12294,155540,2016056013,6,67,67301,2016,5,6,29,0,3,1,0,7,4, , ,N,0,0,0,3,0,1,2,1,N, ,40 04:20.621,75 02:12.041,40, ,29,1,1,1, , ,0,N, , , , , , , , ,1,1,0,0,0,0,0,0,0,0,0,1,1,0,0,0,0,0,0,0,0,0,0,2,0,0,0,0,0,0,0,0,0,0,0,4,0,40.0724,-75.0367, , 
12295,155551,2016008625,6,67,67301,2016,1,3,1200,12,1,1,0,1,1, , ,N,0,0,0,3,0,1,3,2,N,N,40 02:37.690,75 10:16.996,1213, ,1213, ,0, ,N, ,0, , , , , , , , , ,2,1,0,0,0,0,1,0,0,0,0,1,1,0,0,0,0,0,0,0,1,1,0,0,0,0,0,0,0,0,0,0,0,0,0,4,0,40.0438,-75.1714, , 
12296,155552,2016010352,6,67,67301,2016,1,3,939,9,1,1,4,8,1, , ,N,1,2,0,3,0,1,2,2,N,N,39 57:14.857,75 12:09.311,945, ,941, ,0, ,N, ,3, , , , , , , , , ,1,0,0,0,0,1,0,0,0,0,0,0,1,1,0,0,0,0,0,0,0,0,0,0,0,0,0,0,0,0,0,0,1,0,0,8,1,39.9541,-75.2025, , 
12297,155555,2016013715,6,67,67301,2016,1,6,1500,15,1,1,0,4,1, , ,N,1,2,2,3,0,1,2,2,N,N,40 05:58.224,74 59:10.989,1515, ,1505, ,0, ,N, ,3, , , , , , , , , ,2,2,0,0,0,0,0,0,0,0,0,0,1,1,0,0,0,1,0,0,0,0,0,0,0,0,0,0,0,0,0,0,0,0,0,8,0,40.0995,-74.9864, , 
12298,143159,2016054171,6,67,67301,2016,5,5,2000,20,3,1,0,4,1, , ,N,1,2,0,3,0,1,3,2,N,N,39 59:33.432,75 10:05.681,2033, ,2032, ,0, , , ,3, , , , , , , , , ,2,1,0,0,0,0,0,1,0,0,0,0,1,1,2,0,0,0,0,0,0,1,0,0,0,0,0,0,0,0,0,0,0,0,0,8,0,39.9926,-75.1682, , 
12299,143197,2016057274,6,67,67301,2016,4,5,810,8,1,1,0,1,1, , ,N,1,2,0,3,0,1,2,2,N,N,40 00:15.609,75 07:41.037,816, ,813, ,0, ,N, ,3, , , , , , , , , ,2,0,0,0,1,0,0,1,0,0,0,0,1,1,0,0,0,0,0,0,1,0,0,0,0,0,0,0,0,0,0,0,0,0,0,8,0,40.0043,-75.1281, , 
12300,143199,2016058643,6,67,67301,2016,5,3,1129,11,1,2,1,4,1, , ,N,1,2,0,3,0,1,3,2,N,N,40 04:00.293,75 10:40.850,1159, ,1140, ,0, ,N, ,3, , , , , , , , , ,2,1,0,0,0,0,1,0,0,0,0,0,1,1,0,0,0,0,0,0,0,1,0,0,0,0,0,0,0,0,0,0,0,0,0,8,0,40.0667,-75.178, , 
12301,143202,2016062595,6,67,67301,2016,5,2,2236,22,3,2,1,4,1, , ,N,1,2,0,3,0,4,7,2,N, ,40 02:34.113,75 03:47.339,2248, ,2246,1,1,1, , ,3,Y, , , , , , , , ,2,2,0,0,0,0,0,0,0,0,0,4,4,0,0,0,0,0,0,0,1,0,0,7,0,0,0,0,0,0,0,0,0,0,0,4,0,40.0428,-75.0631, , 
12302,143212,2016010618,6,67,67301,2016,1,6,1525,15,1,1,0,5,1, , ,N,0,0,0,3,0,0,4,3,N,N,39 57:03.889,75 08:27.743,1525, ,1525,1,1,1, , ,0,N, , , , , , , , ,3,0,0,0,0,2,0,1,0,0,0,0,0,0,0,0,0,0,0,1,1,1,0,0,0,0,0,0,0,0,0,0,0,0,0,0,2,39.9511,-75.141, , 
12303,143224,2016025975,6,67,67301,2016,2,4,1045,10,1,1,0,4,1, , ,N,1,2,0,3,0,0,2,2,N, ,40 02:57.481,75 04:04.310,1100, ,1047, ,0, , , ,3, , , , , , , , , ,2,1,0,0,0,0,0,1,0,0,0,0,0,0,0,0,0,0,0,0,0,0,0,1,0,0,0,0,0,0,0,0,0,0,0,0,0,40.0493,-75.0679, , 
12304,143230,2016036448,6,67,67301,2016,3,1,145,1,3,1,0,5,6, , ,N,0,0,0,3,0,0,2,2,N,N,39 58:40.205,75 15:59.344,156, ,151, ,0, , , ,0, , , , , , , , , ,2,2,0,0,0,0,0,0,0,0,0,0,0,0,0,0,0,0,0,0,0,0,0,0,0,0,0,0,0,0,0,0,0,0,0,0,0,39.9778,-75.2665, , 
12305,143240,2016042881,6,67,67301,2016,4,4,940,9,1,1,0,1,1, , ,N,0,0,0,3,0,0,2,2,N,N,40 00:28.821,75 12:09.098,940, ,940, ,0, , , ,0, , , , , , , , , ,2,1,0,0,0,0,1,0,0,0,0,0,0,0,0,0,0,0,0,1,1,0,0,0,0,0,0,0,0,0,0,0,0,0,0,0,0,40.008,-75.2025, , 
12306,143243,2016047052,6,67,67301,2016,3,4,1400,14,1,1,0,8,1, , ,N,1,2,0,3,0,1,2,2,N,N,39 59:10.572,75 09:22.129,1410, ,1405, ,0, , , ,3, , , , , , , , , ,1,0,0,0,0,0,0,0,0,0,0,1,1,0,0,0,0,0,0,0,0,0,0,0,0,0,0,0,0,0,0,0,1,0,0,4,0,39.9863,-75.1561, , 
12307,143297,2016049245,6,67,67301,2016,4,2,2138,21,3,1,0,1,1, , ,N,0,0,0,3,0,0,5,2,N,N,39 57:44.780,75 08:21.480,2150, ,2139,1,1,1, , ,0,N, , , , , , , , ,2,2,0,0,0,0,0,0,0,0,0,0,0,0,0,0,0,1,0,0,1,0,0,0,0,0,0,0,0,0,0,0,0,0,0,0,0,39.9624,-75.1393, , 
12308,143300,2016051733,6,67,67301,2016,5,7,2152,21,2,2,1,4,1, , ,N,1,3,0,3,0,3,4,2,N,N,39 57:24.012,75 11:52.849,2156, ,2154,2,1,1,N, ,3,N, , , , , , , , ,2,1,0,0,0,0,1,0,0,0,3,0,3,0,0,0,0,0,0,0,1,0,0,0,0,0,0,0,0,0,0,0,0,0,0,3,0,39.9566,-75.198, , 
12309,143333,2016029778,6,67,67301,2016,3,7,2206,22,3,1,0,4,1, , ,N,1,2,0,3,0,1,3,2,N, ,39 57:48.075,75 11:15.009,2209, ,2207,1,2,3,N, ,3,Y, , , , , , , , ,2,2,0,0,0,0,0,0,0,0,0,1,1,0,0,0,0,0,0,1,0,0,0,0,0,0,0,0,0,0,0,0,0,0,0,4,0,39.9634,-75.1875, , 
12310,143334,2016029836,6,67,67301,2016,2,1,1319,13,1,1,0,4,1, , ,N,1,2,0,3,0,0,2,2,N, ,40 02:07.796,75 10:43.589,1321, ,1320, ,0, , , ,3, , , , , , , , , ,2,2,0,0,0,0,0,0,0,0,0,0,0,0,0,0,0,0,0,0,1,0,0,0,0,0,0,0,0,0,0,0,0,0,0,0,0,40.0355,-75.1788, , 
12311,143344,2016044541,6,67,67301,2016,4,3,1630,16,1,1,0,1,1, , ,N,0,2,0,3,0,1,2,2,N,N,39 57:23.626,75 09:09.969,1642, ,1642, ,0, ,N, ,3, , , , , , , , , ,2,1,0,0,0,0,1,0,0,0,0,1,1,0,0,0,0,0,0,0,1,0,0,0,0,0,0,0,0,0,0,0,0,0,0,4,0,39.9566,-75.1528, , 
12312,143361,2016013942,6,67,67301,2016,1,2,1645,16,1,1,0,4,1, , ,N,1,2,0,3,0,0,2,2,N, ,39 55:01.859,75 14:46.691,2030, ,2020, ,0, , , ,3, , , , , , , , , ,2,2,0,0,0,0,0,0,0,0,0,0,0,0,0,0,0,0,0,0,1,0,0,0,0,0,0,0,0,0,0,0,0,0,0,0,0,39.9172,-75.2463, , 
12313,143366,2016019341,6,67,67301,2016,2,2,1445,14,1,1,0,1,1, , ,N,6,0,2,3,0,1,3,3,N,N,39 56:44.167,75 11:25.033,1457, ,1445,1,1,3, , ,0,N, , , , , , , , ,3,2,0,0,0,0,1,0,0,0,0,0,1,1,0,0,0,0,0,1,0,1,0,0,0,0,0,0,0,0,0,0,0,0,0,8,0,39.9456,-75.1903, , 
12314,143380,2016029752,6,67,67301,2016,2,1,2140,21,3,1,0,4,1, , ,N,1,2,0,3,0,1,3,2,N, ,39 57:00.500,75 10:14.300,2145, ,2140, ,0, , , ,3, , , , , , , , , ,2,1,1,0,0,0,0,0,0,0,0,0,1,1,0,0,0,0,0,0,0,0,0,1,0,0,0,0,0,0,0,0,0,0,0,8,0,39.9501,-75.1706, , 
12315,143384,2016033817,6,67,67301,2016,3,3,1711,17,1,1,0,8,1, , ,N,1,2,0,3,0,1,2,2,N,N,39 57:09.608,75 14:41.107,1711, ,1711, ,0, , , ,3, , , , , , , , , ,1,0,0,0,0,0,1,0,0,0,0,0,1,1,0,0,0,0,0,0,0,0,0,1,0,0,0,0,0,0,0,0,1,0,0,8,0,39.9527,-75.2448, , 
12316,136522,2016013908,6,67,67301,2016,1,7,545,5,3,2,1,5,6, , ,N,0,0,0,3,0,0,1,5,N, ,40 02:24.418,75 02:48.497,727, ,724, ,0, , , ,0, , , , , , , , , ,5,3,0,0,0,0,2,0,0,0,0,0,0,0,1,0,0,0,0,0,0,0,0,0,0,0,0,0,0,0,0,0,0,0,0,9,0,40.0401,-75.0468, , 
12317,136528,2016019773,6,67,67301,2016,2,3,1359,13,1,1,0,4,1, , ,N,1,2,0,3,0,0,2,2,N,N,40 05:41.192,75 03:02.752,1413, ,1403,1,1,1, , ,3,N, , , , , , , , ,2,1,0,0,0,0,1,0,0,0,0,0,0,0,0,0,0,0,0,0,0,0,0,0,0,0,0,0,0,0,0,0,0,0,0,0,0,40.0948,-75.0508, , 
12318,136542,2016033818,6,67,67301,2016,3,2,1920,19,3,2,1,1,1, , ,N,0,0,3,3,0,2,3,2,N,N,39 55:11.531,75 12:06.708,1927, ,1925,1,2,4,N, ,0,Y, , , , , , , , ,2,1,0,0,1,0,0,0,0,0,2,0,2,0,0,0,0,0,0,0,0,0,0,0,0,0,0,0,0,0,0,0,0,0,0,3,0,39.9199,-75.2019, , 
12319,136565,2016013994,6,67,67301,2016,1,5,1500,15,1,1,0,4,1, , ,N,1,2,0,3,0,1,2,2,N,N,39 54:33.696,75 09:40.053,1555, ,1548, ,0, ,N, ,3, , , , , , , , , ,2,1,0,0,0,0,1,0,0,0,1,0,1,0,0,0,0,0,0,0,0,0,0,0,0,0,0,0,0,0,0,0,0,0,0,3,0,39.9094,-75.1611, , 
12320,136566,2016014500,6,67,67301,2016,1,5,1016,10,1,1,0,1,1, , ,N,0,0,0,3,0,1,3,3,N,N,39 56:28.115,75 11:41.374,1040, ,1019,2,1,4, , ,0,N, , , , , , , , ,3,2,0,0,0,0,1,0,0,0,0,1,1,0,0,0,0,0,0,1,1,0,1,0,0,0,0,0,0,0,0,0,0,0,0,4,0,39.9411,-75.1948, , 
12321,136580,2016019831,6,67,67301,2016,1,5,1140,11,1,4,6,8,4, , ,N,2,0,0,3,0,1,2,2,N, ,40 01:53.392,75 13:38.456,1150, ,1145, ,0, , , ,0, , , , , , , , , ,1,0,0,0,0,0,0,0,0,0,0,1,1,0,0,0,0,0,0,0,0,0,0,0,0,0,0,0,0,0,0,0,1,0,0,4,0,40.0315,-75.2273, , 
12322,136589,2016032038,6,67,67301,2016,2,1,318,3,3,1,0,7,4, , ,N,0,0,3,3,0,1,2,1,N, ,40 00:26.508,75 11:33.494,322, ,319,2,1,2, , ,0,N, , , , , , , , ,1,0,0,0,0,0,1,0,0,0,0,1,1,0,0,0,0,0,0,0,0,0,0,0,0,0,0,0,0,0,0,0,0,0,0,4,0,40.0074,-75.1926, , 
12323,136595,2016034984,6,67,67301,2016,2,1,1640,16,1,1,0,1,1, , ,N,2,2,0,3,0,4,5,3,N, ,39 58:57.511,75 11:18.156,1642, ,1641, ,0, , , ,3, , , , , , , , , ,3,3,0,0,0,0,0,0,0,0,0,4,4,0,0,0,0,0,0,0,1,0,0,0,0,0,0,0,0,0,0,0,0,0,0,4,0,39.9826,-75.1884, , 
12324,136597,2016036442,6,67,67301,2016,3,1,2125,21,3,2,1,8,1, , ,N,1,2,2,3,0,1,2,2,N, ,39 57:33.096,75 10:31.923,2145, ,2138, ,0, , , ,3, , , , , , , , , ,1,0,0,0,0,0,0,0,0,0,0,1,1,0,1,0,0,0,0,0,0,0,0,0,0,0,0,0,0,0,0,0,1,0,0,4,0,39.9592,-75.1755, , 
12325,136616,2016019876,6,67,67301,2016,1,6,700,7,1,1,5,1,1, , ,N,0,0,0,3,0,1,2,2,N,N,40 01:54.666,75 12:28.200,815, ,810,1,1,2,N, ,0,N, , , , , , , , ,2,0,0,0,0,0,2,0,0,0,0,1,1,0,0,0,0,0,0,0,0,1,0,1,0,0,0,0,0,0,0,0,0,0,0,4,0,40.0319,-75.2078, , 
12326,136626,2016031451,6,67,67301,2016,3,1,1625,16,1,2,1,1,1, , ,N,0,0,0,3,0,0,5,2,N,N,39 57:35.911,75 10:42.928,1642, ,1630,1,1,4, , ,0,N, , , , , , , , ,2,1,0,0,0,0,1,0,0,0,0,0,0,0,0,0,0,0,0,0,0,1,0,0,0,0,0,0,0,0,0,0,0,0,0,0,0,39.96,-75.1786, , 
12327,136635,2016044574,6,67,67301,2016,4,1,1453,14,1,1,0,4,1, , ,N,1,2,0,3,0,1,2,2,N,N,39 58:16.448,75 09:26.204,1558, ,1555, ,0, ,N, ,3, , , , , , , , , ,2,2,0,0,0,0,0,0,0,0,0,0,1,1,0,0,0,0,0,0,0,0,0,0,0,0,0,0,0,0,0,0,0,0,0,8,0,39.9711,-75.1573, , 
12328,136642,2016052364,6,67,67301,2016,4,7,9999,99,3,1,0,7,3, , ,N,0,0,0,3,0,1,1,1,N,N,40 00:52.296,75 10:41.127,324, ,321,2,1,1,N, ,0,N, , , , , , , , ,1,0,0,0,0,0,0,1,0,0,0,1,1,0,0,0,0,0,0,0,0,0,0,0,0,0,0,0,0,0,0,0,0,0,0,4,0,40.0145,-75.1781, , 
12329,136648,2016064170,6,67,67301,2016,6,6,325,3,3,1,0,7,4, , ,N,0,0,0,3,0,0,1,1,N,N,39 54:04.184,75 09:09.573,331, ,325, ,0, , , ,0, , , , , , , , , ,1,1,0,0,0,0,0,0,0,0,0,0,0,0,0,0,0,0,0,0,0,0,0,0,0,0,0,0,0,0,0,0,0,0,0,0,0,39.9012,-75.1527, , 
12330,136663,2016014426,6,67,67301,2016,1,4,745,7,1,1,0,4,1, , ,N,1,2,0,3,0,2,2,2,N, ,40 01:10.898,75 11:03.583,9999, ,9999, ,0, , , ,3, , , , , , , , , ,2,2,0,0,0,0,0,0,0,0,0,0,2,2,0,0,0,0,0,0,2,0,0,0,0,0,0,0,0,0,0,0,0,0,0,8,0,40.0197,-75.1843, , 
12331,136687,2016052347,6,67,67301,2016,4,6,1130,11,1,1,0,5,1, , ,N,0,0,0,3,0,1,4,2,N, ,40 01:56.417,75 07:27.367,1135, ,1131, ,0, , , ,0, , , , , , , , , ,2,2,0,0,0,0,0,0,0,0,0,1,1,0,0,0,0,0,0,0,0,0,0,0,0,0,0,0,0,0,0,0,0,0,0,4,0,40.0323,-75.1243, , 
12332,136785,2016043067,6,67,67301,2016,3,3,53,0,3,1,0,7,2, , ,N,0,0,0,3,0,0,1,1,N,N,39 56:09.867,75 08:40.940,59, ,55,1,2,2, , ,0,N, , , , , , , , ,1,1,0,0,0,0,0,0,0,0,0,0,0,0,0,0,0,0,0,0,0,0,0,0,0,0,0,0,0,0,0,0,0,0,0,0,0,39.9361,-75.1447, , 
12333,136794,2016052304,6,67,67301,2016,5,1,100,1,6,2,1,4,1, , ,N,1,3,0,3,0,2,4,2,N,N,39 58:44.868,75 07:32.152,122, ,118, ,0, ,N, ,3, , , , , , , , , ,2,2,0,0,0,0,0,0,0,0,0,2,2,0,0,0,0,0,0,0,0,1,0,0,0,0,0,0,0,0,0,0,0,0,0,4,0,39.9791,-75.1256, , 
12334,139899,2016026059,6,67,67301,2016,2,2,800,8,1,1,0,4,1, , ,N,2,3,0,3,0,4,4,2,N,N,39 56:33.819,75 14:03.562,820, ,816, ,0, ,N, ,3, , , , , , , , , ,2,0,0,0,0,0,1,1,0,0,0,4,4,0,0,0,0,0,0,0,0,0,0,0,0,0,0,0,0,0,0,0,0,0,0,4,0,39.9427,-75.2343, , 
12335,139900,2016026159,6,67,67301,2016,2,3,1518,15,1,4,1,4,1, , ,N,1,3,0,3,0,0,2,2,N, ,39 56:06.716,75 10:44.828,1521, ,1519, ,0, , , ,3, , , , , , , , , ,2,1,0,0,0,0,1,0,0,0,0,0,0,0,0,0,0,0,0,1,0,0,0,0,0,0,0,0,0,0,0,0,0,0,0,0,0,39.9352,-75.1791, , 
12336,139913,2016033889,6,67,67301,2016,3,6,1030,10,1,1,0,5,6, , ,N,0,0,0,3,0,0,1,5,Y, ,39 56:35.523,75 13:57.267,1035, ,1032, ,0, , , ,0, , , , , , , , , ,5,1,0,1,0,0,1,1,0,0,0,0,0,0,0,0,0,0,0,0,0,0,0,0,0,0,0,0,0,0,0,0,0,0,0,0,1,39.9432,-75.2326, , 
12337,139932,2016008167,6,67,67301,2016,1,1,405,4,3,1,0,7,4, , ,N,1,2,0,3,0,1,1,1,N, ,39 57:44.725,75 12:56.902,410, ,405, ,0, , , ,3, , , , , , , , , ,1,1,0,0,0,0,0,0,0,1,0,0,1,0,0,0,0,0,0,0,0,0,0,0,0,0,0,0,0,0,0,0,0,0,0,2,0,39.9624,-75.2158, , 
12338,139937,2016013883,6,67,67301,2016,1,4,1612,16,3,1,6,6,1, , ,N,0,0,0,3,0,3,5,3,N, ,39 59:29.575,75 09:17.954,1630, ,1617, ,0, , , ,0, , , , , , , , , ,3,2,0,0,0,0,1,0,0,0,0,0,3,3,0,0,0,1,0,0,1,1,0,0,0,0,0,0,0,0,0,0,0,0,0,8,0,39.9916,-75.1551, , 
12339,139947,2016020626,6,67,67301,2016,2,5,1805,18,3,1,0,1,1, , ,N,0,0,0,3,0,1,9,4,N,N,40 01:33.217,75 07:10.611,1814, ,1807,3,2,3,N, ,0,Y, , , , , , , , ,4,3,0,0,0,0,1,0,0,0,0,1,1,0,0,0,0,0,0,0,1,0,0,1,0,0,0,0,0,0,0,0,0,0,0,4,0,40.0259,-75.1196, , 
12340,139965,2016033841,6,67,67301,2016,3,3,710,7,1,2,1,4,1, , ,N,1,2,0,3,0,1,3,2,N,N,40 01:29.863,75 04:44.439,725, ,719,2,1,4,N, ,3,N, , , , , , , , ,2,1,0,0,0,0,0,1,0,0,0,0,1,1,1,0,0,0,0,0,0,1,0,0,0,0,0,0,0,0,0,0,0,0,0,8,0,40.025,-75.079, , 
12341,140000,2016026014,6,67,67301,2016,2,2,1810,18,3,4,3,8,6, , ,N,0,0,0,3,0,1,2,2,N,N,39 59:40.797,75 08:51.190,1815, ,1812, ,0, ,N, ,0, , , , , , , , , ,1,1,0,0,0,0,0,0,0,0,0,1,1,0,0,0,0,0,0,0,0,0,0,1,0,0,0,0,0,0,0,0,1,0,0,4,0,39.9947,-75.1476, , 