objectid_1,objectid,crn,district,county,municipality,crash_year,crash_month,day_of_week,time_of_day,hour_of_day,illumination,weather,road_condition,collision_type,relation_to_road,work_zone_type,work_zone_loc,work_zone_ind,intersect_type,tcd_type,location_type,urban_rural,fatal_count,injury_count,person_count,total_units,sch_bus_ind,sch_zone_ind,latitude,longitude,arrival_tm,cons_zone_spd_lim,dispatch_tm,est_hrs_closed,lane_closed,ln_close_dir,ntfy_hiwy_maint,spec_juris_cd,tcd_func_cd,tfc_detour_ind,workers_pres,wz_close_detour,wz_flagger,wz_law_offcr_ind,wz_ln_closure,wz_moving,wz_other,wz_shlder_mdn,vehicle_count,automobile_count,motorcycle_count,bus_count,small_truck_count,heavy_truck_count,suv_count,van_count,bicycle_count,maj_inj_count,mod_inj_count,min_inj_count,tot_inj_count,unk_inj_deg_count,unk_inj_per_count,driver_count_16yr,driver_count_17yr,driver_count_18yr,driver_count_19yr,driver_count_20yr,driver_count_50_64yr,driver_count_65_74yr,driver_count_75plus,unbelted_occ_count,unb_death_count,unb_maj_inj_count,belted_death_count,belted_maj_inj_count,mcycle_death_count,mcycle_maj_inj_count,bicycle_death_count,bicycle_maj_inj_count,ped_count,ped_death_count,ped_maj_inj_count,max_severity_level,comm_veh_count,dec_lat,dec_long,rdwy_surf_type_cd,county_name
12477,137224,2016044532,6,67,67301,2016,4,2,1630,16,1,1,0,7,4, , ,N,0,0,0,3,0,1,2,2,Y,N,39 59:42.892,75 06:52.102,1634, ,1631, ,0, ,N, ,0, , , , , , , , , ,1,0,0,1,0,0,0,0,0,0,0,1,1,0,0,0,0,0,0,0,0,0,0,0,0,0,0,0,0,0,0,0,1,0,0,4,1,39.9952,-75.1145, , 
12478,137242,2016014446,6,67,67301,2016,1,7,950,9,1,1,1,2,1, , ,N,0,0,0,3,0,2,3,2,N,N,40 03:47.197,75 12:01.563,1041, ,1036, ,0, ,N, ,0, , , , , , , , , ,2,2,0,0,0,0,0,0,0,0,0,2,2,0,0,0,0,0,0,1,0,0,0,0,0,0,0,0,0,0,0,0,0,0,0,4,0,40.0631,-75.2004, , 
12479,137248,2016019364,6,67,67301,2016,2,1,1230,12,1,1,0,4,1, , ,N,0,0,0,3,0,0,3,2,N,N,39 57:35.297,75 10:41.691,1238, ,1233,1,1,3, , ,0,N, , , , , , , , ,2,0,0,0,0,0,1,1,0,0,0,0,0,0,0,0,0,0,0,0,0,0,0,0,0,0,0,0,0,0,0,0,0,0,0,0,0,39.9598,-75.1782, , 
12480,137249,2016019748,6,67,67301,2016,1,7,1006,10,1,1,0,8,1, , ,N,2,2,0,3,0,2,3,3,N,N,39 57:40.266,75 14:49.451,1016, ,1011, ,0, ,N, ,3, , , , , , , , , ,1,1,0,0,0,0,0,0,0,0,1,0,2,1,0,0,0,0,1,0,0,0,0,0,0,0,0,0,0,0,0,0,2,0,0,3,0,39.9612,-75.2471, , 
12481,140325,2016014555,6,67,67301,2016,1,5,1120,11,1,1,0,5,1, , ,N,0,0,0,3,0,0,2,2,N,N,39 57:25.764,75 09:23.306,1136, ,1121,1,2,4, , ,0,N, , , , , , , , ,2,0,0,0,1,0,1,0,0,0,0,0,0,0,0,0,0,0,0,0,1,0,0,0,0,0,0,0,0,0,0,0,0,0,0,0,0,39.9572,-75.1565, , 
12482,140339,2016026015,6,67,67301,2016,2,3,600,6,1,2,6,4,1, , ,N,1,2,0,3,0,2,4,3,N,N,40 00:31.034,75 04:07.810,610, ,600,2,2,7, , ,3,Y, , , , , , , , ,3,1,0,0,1,0,0,1,0,0,0,1,2,1,0,0,0,0,0,0,1,0,0,2,0,0,0,0,0,0,0,0,0,0,0,4,0,40.0086,-75.0688, , 
12483,140344,2016028847,6,67,67301,2016,3,3,1602,16,1,1,0,1,1,1,4,Y,0,0,0,3,0,1,3,3,N,N,40 01:23.560,75 02:06.489,1615,45,1605, ,0, , , ,0, ,N,N,N,N,Y,N,Y,Y,3,3,0,0,0,0,0,0,0,0,0,0,1,1,0,0,0,0,0,0,0,0,0,0,0,0,0,0,0,0,0,0,0,0,0,8,0,40.0232,-75.0351, , 
12484,140367,2016007558,6,67,67301,2016,1,7,2054,20,3,1,0,4,1, , ,N,1,2,0,3,0,1,5,3,N, ,40 02:04.567,75 04:16.161,2102, ,2054,2,1,1,N, ,3,N, , , , , , , , ,3,2,0,0,0,0,1,0,0,0,0,1,1,0,0,0,0,0,0,0,1,0,0,1,0,0,0,0,0,0,0,0,0,0,0,4,0,40.0348,-75.0711, , 
12485,140370,2016011631,6,67,67301,2016,1,2,1009,10,1,1,0,7,4, , ,N,0,8,0,3,0,1,1,1,N,N,39 56:32.058,75 08:34.698,1013, ,1010,1,2,1, , ,3,N, , , , , , , , ,1,1,0,0,0,0,0,0,0,0,0,1,1,0,0,0,0,0,0,0,0,0,0,1,0,0,0,0,0,0,0,0,0,0,0,4,0,39.9422,-75.143, , 
12486,140393,2016039689,6,67,67301,2016,3,4,2144,21,3,1,0,4,1, , ,N,1,2,0,3,0,1,2,2,N, ,39 57:40.435,75 08:47.767,2155, ,2145, ,0, , , ,3, , , , , , , , , ,2,1,0,0,0,0,1,0,0,0,0,1,1,0,0,0,0,0,0,0,1,0,0,0,0,0,0,0,0,0,0,0,0,0,0,4,0,39.9612,-75.1466, , 
12487,140400,2016046106,6,67,67301,2016,4,2,435,4,3,1,0,1,1, , ,N,5,2,2,3,0,1,2,2,N,N,39 57:25.688,75 09:03.847,445, ,442, ,0, ,N, ,3, , , , , , , , , ,2,1,0,0,0,0,1,0,0,0,0,0,1,1,0,0,0,1,0,0,0,0,0,0,0,0,0,0,0,0,0,0,0,0,0,8,0,39.9571,-75.1511, , 
12488,140405,2016050560,6,67,67301,2016,4,6,1239,12,1,1,0,1,1,1,4,Y,0,0,0,3,0,0,3,2,N,N,39 58:52.344,75 06:09.325,1313,45,1249, ,0, , , ,0, ,N,N,N,N,N,N,N,Y,2,0,0,0,0,2,0,0,0,0,0,0,0,0,0,0,0,0,0,0,1,0,0,0,0,0,0,0,0,0,0,0,0,0,0,0,2,39.9812,-75.1026, , 
12489,140406,2016050811,6,67,67301,2016,5,5,1120,11,1,1,0,4,1, , ,N,0,0,0,3,0,1,3,2,N,N,39 57:00.338,75 11:29.446,1135, ,1129, ,0, ,N, ,0, , , , , , , , , ,2,2,0,0,0,0,0,0,0,0,0,0,1,1,0,0,0,0,0,0,0,0,0,1,0,0,0,0,0,0,0,0,0,0,0,8,0,39.9501,-75.1915, , 
12490,140417,2016013927,6,67,67301,2016,1,5,1613,16,1,1,0,4,1, , ,N,0,0,7,3,0,1,5,3,N,N,40 04:04.917,75 03:03.931,1625, ,1616, ,0, ,N, ,0, , , , , , , , , ,3,1,0,0,1,0,1,0,0,0,0,1,1,0,0,0,0,0,0,0,0,0,1,0,0,0,0,0,0,0,0,0,0,0,0,4,0,40.068,-75.0511, , 
12491,140429,2016029870,6,67,67301,2016,2,4,2257,22,3,2,1,7,2, , ,N,0,0,0,3,0,1,2,1,N,N,40 06:01.162,74 59:16.533,2306, ,2257,1,1,3,N, ,0,Y, , , , , , , , ,1,1,0,0,0,0,0,0,0,0,0,1,1,0,0,0,0,0,0,0,0,0,0,0,0,0,0,0,0,0,0,0,0,0,0,4,0,40.1003,-74.9879, , 
12492,140437,2016036514,6,67,67301,2016,3,2,1020,10,1,2,1,4,1, , ,N,1,3,0,3,0,0,3,2,N, ,40 03:57.202,75 10:35.464,1120, ,1023, ,0, , , ,3, , , , , , , , , ,2,2,0,0,0,0,0,0,0,0,0,0,0,0,0,0,0,0,0,0,0,0,0,2,0,0,0,0,0,0,0,0,0,0,0,0,0,40.0659,-75.1765, , 
12493,140443,2016045734,6,67,67301,2016,4,2,9999,99,1,1,0,4,1, , ,N,1,2,0,3,0,1,6,2,N,N,40 00:07.931,75 09:27.517,842, ,830, ,0, ,N, ,3, , , , , , , , , ,2,0,0,1,0,0,1,0,0,0,0,1,1,0,0,0,0,0,0,0,0,0,0,0,0,0,0,0,0,0,0,0,0,0,0,4,1,40.0022,-75.1576, , 
12494,140448,2016051289,6,67,67301,2016,4,4,932,9,1,1,0,4,1, , ,N,1,2,0,3,0,1,2,2,N,N,40 00:59.814,75 08:49.815,942, ,932, ,0, , , ,3, , , , , , , , , ,2,2,0,0,0,0,0,0,0,0,0,1,1,0,0,0,0,0,0,0,1,0,0,0,0,0,0,0,0,0,0,0,0,0,0,4,0,40.0166,-75.1472, , 
12495,140449,2016052835,6,67,67301,2016,5,2,1512,15,1,1,0,1,1, , ,N,1,2,0,3,0,0,8,2,Y,N,40 00:07.592,75 07:57.262,1612, ,1559,2,1,2,N, ,3,N, , , , , , , , ,2,1,0,1,0,0,0,0,0,0,0,0,0,0,0,0,0,0,0,0,0,0,0,0,0,0,0,0,0,0,0,0,0,0,0,0,1,40.0021,-75.1326, , 
12496,140458,2016002825,6,67,67301,2016,1,1,1827,18,3,1,0,7,2, , ,N,0,0,0,3,0,0,1,1,N,N,39 54:55.385,75 08:52.487,1838, ,1827,1,1,2,N, ,0,N, , , , , , , , ,1,1,0,0,0,0,0,0,0,0,0,0,0,0,0,0,0,0,0,0,0,0,0,0,0,0,0,0,0,0,0,0,0,0,0,0,0,39.9154,-75.1479, , 
12497,140472,2016019781,6,67,67301,2016,1,5,1900,19,3,1,0,4,1, , ,N,1,2,0,3,0,0,6,4,N,N,39 57:33.040,75 14:36.283,1908, ,1904, ,0, ,N, ,3, , , , , , , , , ,4,1,0,0,0,0,3,0,0,0,0,0,0,0,0,0,0,0,0,0,0,0,0,1,0,0,0,0,0,0,0,0,0,0,0,0,0,39.9592,-75.2434, , 
12498,140474,2016022002,6,67,67301,2016,2,7,2256,22,3,1,0,4,1, , ,N,2,2,2,3,0,2,2,2,N,N,39 52:54.036,75 15:12.278,2330, ,2323,1,1,3,N, ,3,N, , , , , , , , ,2,1,0,0,0,0,1,0,0,0,0,0,2,2,0,0,0,0,0,0,1,0,0,0,0,0,0,0,0,0,0,0,0,0,0,8,0,39.8814,-75.2535, , 
12499,130495,2016020556,6,67,67301,2016,2,6,714,7,1,1,0,5,1, , ,N,0,0,2,3,0,1,2,2,N,N,39 57:19.372,75 08:52.646,716, ,714,2,1,4,N, ,0,N, , , , , , , , ,2,1,0,0,0,0,1,0,0,0,0,1,1,0,0,0,0,0,0,0,1,0,0,0,0,0,0,0,0,0,0,0,0,0,0,4,0,39.9554,-75.148, , 
12500,130509,2016039713,6,67,67301,2016,3,6,2215,22,3,1,0,4,1, , ,N,1,2,0,3,0,1,3,2,N,N,39 56:47.166,75 10:46.214,2232, ,2212, ,0, , , ,3, , , , , , , , , ,2,1,0,0,1,0,0,0,0,0,0,1,1,0,0,0,0,0,0,1,0,0,0,2,0,0,0,0,0,0,0,0,0,0,0,4,0,39.9464,-75.1795, , 
12501,130511,2016044528,6,67,67301,2016,4,7,1955,19,3,1,0,4,1, , ,N,1,2,0,3,0,0,2,2,N,N,40 02:11.789,75 03:52.061,2058, ,1959, ,0, ,N, ,3, , , , , , , , , ,2,2,0,0,0,0,0,0,0,0,0,0,0,0,0,0,0,0,0,0,1,0,0,0,0,0,0,0,0,0,0,0,0,0,0,0,0,40.0366,-75.0645, , 
12502,130543,2016013909,6,67,67301,2016,1,7,300,3,3,2,1,7,4, , ,N,0,0,0,3,0,0,1,1,N,N,40 02:37.751,75 01:08.211,315, ,307, ,0, ,N, ,0, , , , , , , , , ,1,0,0,0,1,0,0,0,0,0,0,0,0,0,1,0,0,0,0,0,0,0,0,0,0,0,0,0,0,0,0,0,0,0,0,9,0,40.0438,-75.0189, , 
12503,130544,2016017012,6,67,67301,2016,1,1,2108,21,3,4,4,7,4, , ,N,0,8,0,3,0,1,3,2,N,N,40 03:54.413,75 02:28.944,2115, ,2110,2,2,1,Y, ,3,N, , , , , , , , ,2,1,0,0,0,0,1,0,0,0,1,0,1,0,0,0,0,0,0,0,1,0,0,0,0,0,0,0,0,0,0,0,0,0,0,3,0,40.0651,-75.0414, , 
12504,130553,2016029140,6,67,67301,2016,3,4,1710,17,3,1,2,4,1, , ,N,1,2,0,3,0,1,2,2,N,N,40 03:40.446,75 05:00.751,2015, ,2010, ,0, ,N, ,3, , , , , , , , , ,2,0,0,0,2,0,0,0,0,0,0,0,1,1,0,0,0,0,0,0,0,0,0,1,0,0,0,0,0,0,0,0,0,0,0,8,0,40.0612,-75.0835, , 
12505,130557,2016033098,6,67,67301,2016,3,5,1747,17,1,1,0,4,1, , ,N,0,0,7,3,0,0,2,2,N, ,40 04:12.773,75 00:20.490,1747, ,1747, ,0, , , ,0, , , , , , , , , ,2,2,0,0,0,0,0,0,0,0,0,0,0,0,0,0,0,0,0,0,0,1,0,0,0,0,0,0,0,0,0,0,0,0,0,0,0,40.0702,-75.0057, , 
12506,130565,2016036493,6,67,67301,2016,3,2,310,3,3,1,1,5,1, , ,N,0,0,0,3,0,2,5,3,N,N,39 54:11.419,75 14:24.051,316, ,314, ,0, ,N, ,0, , , , , , , , , ,3,1,0,0,0,0,2,0,0,0,0,1,2,1,1,0,0,0,1,0,0,0,0,0,0,0,0,0,0,0,0,0,0,0,0,4,0,39.9032,-75.24, , 
12507,130574,2016045781,6,67,67301,2016,4,2,30,0,3,1,0,7,4, , ,N,0,0,0,3,0,0,1,1,N,N,39 58:31.353,75 11:41.027,38, ,31, ,0, , , ,0, , , , , , , , , ,1,1,0,0,0,0,0,0,0,0,0,0,0,0,0,0,0,0,1,0,0,0,0,0,0,0,0,0,0,0,0,0,0,0,0,0,0,39.9754,-75.1947, , 
12508,130591,2016014440,6,67,67301,2016,1,2,1420,14,1,1,0,8,1, , ,N,1,2,0,3,0,1,2,2,N,N,39 56:33.363,75 09:25.365,1427, ,1425, ,0, , , ,3, , , , , , , , , ,1,0,0,0,0,0,1,0,0,0,0,0,1,1,0,0,0,0,0,0,0,0,0,1,0,0,0,0,0,0,0,0,1,0,0,8,0,39.9426,-75.157, , 
12509,130600,2016028314,6,67,67301,2016,2,2,1023,10,1,1,0,7,4, , ,N,0,0,0,3,0,1,1,1,N,N,39 59:47.248,75 07:46.682,1054, ,1047, ,0, ,N, ,0, , , , , , , , , ,1,1,0,0,0,0,0,0,0,0,0,0,1,1,0,0,0,0,0,0,0,0,0,1,0,0,0,0,0,0,0,0,0,0,0,8,0,39.9965,-75.1296, , 
12510,130617,2016052886,6,67,67301,2016,5,5,252,2,2,1,0,5,1, , ,N,0,0,0,3,0,0,3,2,N,N,39 57:41.279,75 10:55.476,302, ,253, ,0, , , ,0, , , , , , , , , ,2,2,0,0,0,0,0,0,0,0,0,0,0,0,0,0,0,0,0,0,1,0,0,0,0,0,0,0,0,0,0,0,0,0,0,0,0,39.9615,-75.1821, , 
12511,130625,2016070240,6,67,67301,2016,6,5,1120,11,1,2,1,5,1, , ,N,1,2,2,3,0,6,7,4,N, ,39 53:32.915,75 13:21.046,1134, ,1131,2,1,3,N, ,3,N, , , , , , , , ,4,3,0,0,0,0,0,1,0,0,5,0,6,1,0,0,0,1,0,0,0,0,0,1,0,0,0,0,0,0,0,0,0,0,0,3,0,39.8925,-75.2225, , 
12512,130633,2016010947,6,67,67301,2016,1,1,435,4,3,2,1,7,2, , ,N,0,0,0,3,0,0,1,1,N,N,39 58:22.841,75 07:15.995,455, ,438,1,2,2, , ,0,N, , , , , , , , ,1,1,0,0,0,0,0,0,0,0,0,0,0,0,0,0,0,0,0,0,0,0,0,0,0,0,0,0,0,0,0,0,0,0,0,0,0,39.973,-75.1211, , 
12513,130645,2016022165,6,67,67301,2016,2,7,407,4,3,1,0,7,1, , ,N,0,0,0,3,0,0,1,1,N,N,39 56:43.203,75 11:53.875,407, ,407,1,2,1, , ,0,N, , , , , , , , ,1,1,0,0,0,0,0,0,0,0,0,0,0,0,0,0,0,0,0,0,0,0,0,0,0,0,0,0,0,0,0,0,0,0,0,0,0,39.9453,-75.1983, , 
12514,130654,2016033869,6,67,67301,2016,3,6,1232,12,1,1,0,8,1, , ,N,2,2,0,3,0,1,2,2,N,N,40 00:14.371,75 12:51.803,1250, ,1244, ,0, ,N, ,3, , , , , , , , , ,1,1,0,0,0,0,0,0,0,0,0,0,1,1,0,0,0,0,0,0,0,0,0,0,0,0,0,0,0,0,0,0,1,0,0,8,0,40.004,-75.2144, , 
12515,130696,2016026075,6,67,67301,2016,2,2,730,7,1,1,0,8,1, , ,N,1,3,0,3,0,1,2,2,N,N,39 56:55.680,75 12:45.291,906, ,904, ,0, , , ,3, , , , , , , , , ,1,0,0,0,0,0,0,0,0,0,0,1,1,0,0,0,0,0,0,0,0,0,0,0,0,0,0,0,0,0,0,0,1,0,0,4,0,39.9488,-75.2126, , 
12516,130705,2016035388,6,67,67301,2016,3,4,1735,17,1,1,0,1,1, , ,N,0,0,0,3,0,0,3,2,N,N,40 00:07.442,75 04:41.881,1740, ,1740, ,0, , , ,0, , , , , , , , , ,2,1,0,0,0,1,0,0,0,0,0,0,0,0,0,0,0,0,0,0,0,0,0,0,0,0,0,0,0,0,0,0,0,0,0,0,1,40.0021,-75.0783, , 
12517,130734,2016062646,6,67,67301,2016,6,4,505,5,5,1,0,5,6, , ,N,0,0,0,3,0,0,1,4,N,N,40 03:12.154,75 08:22.920,515, ,510,1,1,4,N, ,0,N, , , , , , , , ,4,3,0,0,0,0,1,0,0,0,0,0,0,0,0,0,0,0,0,0,0,0,0,0,0,0,0,0,0,0,0,0,0,0,0,0,0,40.0534,-75.1397, , 
12518,133723,2016019861,6,67,67301,2016,2,3,1350,13,1,1,0,5,6, , ,N,0,0,0,3,0,0,1,2,N,N,39 55:19.299,75 10:42.331,1452, ,1452, ,0, ,N, ,0, , , , , , , , , ,2,2,0,0,0,0,0,0,0,0,0,0,0,0,0,0,0,0,0,0,0,0,1,0,0,0,0,0,0,0,0,0,0,0,0,0,0,39.922,-75.1784, , 
12519,133735,2016031065,6,67,67301,2016,2,1,225,2,3,1,0,1,1, , ,N,0,0,0,3,0,3,6,3,N,N,40 01:06.945,75 09:58.061,225, ,225,2,2,1,N, ,0,N, , , , , , , , ,3,3,0,0,0,0,0,0,0,0,1,1,3,1,0,0,0,0,0,0,0,0,0,6,0,0,0,0,0,0,0,0,0,0,0,3,0,40.0186,-75.1661, , 
12520,133751,2016053721,6,67,67301,2016,5,1,2145,21,3,1,0,5,6, , ,N,0,0,0,3,0,1,1,4,N,N,40 01:43.374,75 03:41.687,2155, ,2150, ,0, ,N, ,0, , , , , , , , , ,4,1,0,0,1,0,2,0,0,0,0,1,1,0,0,0,0,0,0,0,1,0,0,0,0,0,0,0,0,0,0,0,0,0,0,4,0,40.0287,-75.0616, , 
12521,133796,2016046123,6,67,67301,2016,4,7,1350,13,1,1,0,4,1, , ,N,2,2,0,3,0,0,6,2,N, ,39 57:12.878,75 08:23.942,1410, ,1356,2,1,2, , ,3,N, , , , , , , , ,2,1,0,0,0,0,1,0,0,0,0,0,0,0,0,0,0,0,0,0,1,0,0,0,0,0,0,0,0,0,0,0,0,0,0,0,0,39.9535,-75.1398, , 
12522,133800,2016048571,6,67,67301,2016,4,2,1540,15,1,1,0,1,1, , ,N,2,0,0,3,0,1,2,2,N, ,40 02:50.849,75 00:50.507,1550, ,1545, ,0, , , ,0, , , , , , , , , ,2,1,0,0,0,0,1,0,0,0,0,1,1,0,0,0,0,0,0,0,0,0,0,0,0,0,0,0,0,0,0,0,0,0,0,4,0,40.0475,-75.014, , 
12523,133820,2016023456,6,67,67301,2016,2,7,1218,12,1,1,0,1,1, , ,N,0,0,0,3,0,1,2,2,N,N,39 56:36.656,75 11:33.399,1228, ,1218,2,1,3, , ,0,N, , , , , , , , ,2,2,0,0,0,0,0,0,0,0,0,0,1,1,0,0,0,0,0,0,1,0,0,0,0,0,0,0,0,0,0,0,0,0,0,8,0,39.9435,-75.1926, , 
12524,133863,2016013921,6,67,67301,2016,1,3,1659,16,3,1,0,8,1, , ,N,1,2,0,3,0,1,3,2,N,N,39 56:54.247,75 09:58.366,1700, ,1659, ,0, , , ,3, , , , , , , , , ,1,0,0,0,0,0,0,1,0,0,0,1,1,0,0,0,0,0,0,0,1,0,0,0,0,0,0,0,0,0,0,0,1,0,0,4,0,39.9484,-75.1662, , 
12525,133881,2016030715,6,67,67301,2016,3,6,2300,23,3,1,0,6,1, , ,N,1,2,0,3,0,1,2,2,N,N,40 00:30.024,75 08:22.358,2312, ,2312, ,0, ,N, ,3, , , , , , , , , ,2,2,0,0,0,0,0,0,0,0,0,1,1,0,0,0,0,0,0,0,1,0,0,0,0,0,0,0,0,0,0,0,0,0,0,4,0,40.0083,-75.1395, , 
12526,133890,2016038199,6,67,67301,2016,3,1,15,0,3,1,0,5,6, , ,N,0,0,0,3,0,0,1,4,N,N,40 05:46.065,75 02:12.319,26, ,23, ,0, ,N, ,0, , , , , , , , , ,4,3,0,0,0,0,0,1,0,0,0,0,0,0,0,0,0,0,0,0,0,0,0,0,0,0,0,0,0,0,0,0,0,0,0,0,0,40.0961,-75.0368, , 
12527,133896,2016048194,6,67,67301,2016,4,5,653,6,1,1,0,4,1, , ,N,2,0,0,3,0,1,2,2,N,N,39 57:47.174,75 09:40.723,722, ,711, ,0, , , ,0, , , , , , , , , ,1,0,0,0,0,0,1,0,1,0,0,1,1,0,0,0,0,0,0,0,1,0,0,0,0,0,0,0,0,0,0,0,0,0,0,4,0,39.9631,-75.1612, , 
12528,133900,2016053268,6,67,67301,2016,5,4,810,8,1,1,0,4,1, , ,N,2,0,0,3,0,0,4,2,N, ,40 01:38.036,75 12:16.249,819, ,819, ,0, , , ,0, , , , , , , , , ,2,1,0,0,0,0,0,1,0,0,0,0,0,0,0,0,0,0,0,0,0,0,0,0,0,0,0,0,0,0,0,0,0,0,0,0,0,40.0272,-75.2045, , 
12529,133913,2016014025,6,67,67301,2016,1,2,1720,17,3,1,0,4,1, , ,N,0,7,0,3,0,0,3,2,N,N,39 54:40.337,75 11:05.304,1723, ,1721,2,2,4,N, ,3,Y, , , , , , , , ,2,2,0,0,0,0,0,0,0,0,0,0,0,0,0,0,0,0,0,0,1,0,0,1,0,0,0,0,0,0,0,0,0,0,0,0,0,39.9112,-75.1848, , 
12530,133939,2016036523,6,67,67301,2016,3,2,1301,13,1,1,0,4,1, , ,N,1,3,0,3,0,1,2,5,N, ,39 59:30.098,75 07:28.307,1302, ,1301, ,0, , , ,3, , , , , , , , , ,5,3,0,0,0,0,2,0,0,0,0,0,1,1,0,0,0,0,0,0,0,0,0,0,0,0,0,0,0,0,0,0,0,0,0,8,0,39.9917,-75.1245, , 
12531,133946,2016040857,6,67,67301,2016,4,1,1501,15,1,1,0,4,1, , ,N,1,2,0,3,0,1,2,2,N,N,40 00:03.985,75 07:29.066,1502, ,1502, ,0, , , ,3, , , , , , , , , ,1,1,0,0,0,0,0,0,1,0,0,1,1,0,0,0,0,0,0,0,0,0,0,0,0,0,0,0,0,0,0,0,0,0,0,4,0,40.0011,-75.1247, , 
12532,133963,2016019829,6,67,67301,2016,2,6,1356,13,1,1,0,8,1, , ,N,3,2,0,3,0,1,2,2,N, ,39 57:52.333,75 08:03.809,1356, ,1353, ,0, , , ,3, , , , , , , , , ,1,1,0,0,0,0,0,0,0,0,0,1,1,0,0,0,0,0,0,0,0,0,0,1,0,0,0,0,0,0,0,0,1,0,0,4,0,39.9644,-75.1343, , 
12533,133964,2016019833,6,67,67301,2016,2,3,1650,16,1,1,0,5,1, , ,N,0,0,0,3,0,2,3,2,N,N,40 03:00.868,75 03:02.744,1655, ,1652,1,1,1,N, ,0,N, , , , , , , , ,2,1,0,0,0,0,1,0,0,0,0,0,2,2,0,0,0,0,0,0,0,1,0,0,0,0,0,0,0,0,0,0,0,0,0,8,0,40.0502,-75.0508, , 
12534,133990,2016043196,6,67,67301,2016,4,2,727,7,1,1,0,1,1, , ,N,0,0,0,3,0,0,4,4,N,N,39 53:55.763,75 10:09.475,737, ,728,1,2,1, , ,0,N, , , , , , , , ,4,3,0,0,0,0,0,1,0,0,0,0,0,0,0,0,0,0,0,0,1,0,0,0,0,0,0,0,0,0,0,0,0,0,0,0,0,39.8988,-75.1693, , 
12535,134004,2016014066,6,67,67301,2016,1,4,1830,18,3,1,0,8,1, , ,N,1,3,0,3,0,1,2,2,N,N,39 56:04.426,75 10:14.908,1907, ,1858, ,0, ,N, ,3, , , , , , , , , ,1,0,0,0,0,0,0,0,0,0,0,1,1,0,0,0,0,0,0,0,0,0,0,0,0,0,0,0,0,0,0,0,1,0,0,4,0,39.9346,-75.1708, , 
12536,134009,2016019347,6,67,67301,2016,2,5,934,9,1,1,1,7,5, , ,N,0,0,0,3,0,2,3,2,N,N,40 02:55.433,74 59:59.268,956, ,936,2,2,1, , ,0,N, , , , , , , , ,2,1,0,0,0,0,1,0,0,2,0,0,2,0,0,0,0,0,0,0,0,1,0,1,0,1,0,1,0,0,0,0,0,0,0,2,0,40.0487,-74.9998, , 
12537,137250,2016020175,6,67,67301,2016,1,7,517,5,3,1,0,7,5, , ,N,0,0,0,3,0,2,3,1,N,N,39 53:22.348,75 12:05.081,531, ,521,2,1,1, , ,0,N, , , , , , , , ,1,1,0,0,0,0,0,0,0,0,0,2,2,0,0,0,0,1,0,0,0,0,0,3,0,0,0,0,0,0,0,0,0,0,0,4,0,39.8895,-75.2014, , 
12538,137255,2016024311,6,67,67301,2016,2,5,1850,18,3,1,0,1,1, , ,N,6,0,2,3,0,0,2,2,N,N,39 53:55.824,75 10:15.766,1856, ,1853, ,0, , , ,0, , , , , , , , , ,2,1,0,0,0,0,1,0,0,0,0,0,0,0,0,0,0,0,0,0,0,0,0,0,0,0,0,0,0,0,0,0,0,0,0,0,0,39.8988,-75.171, , 
12539,137258,2016031712,6,67,67301,2016,3,6,1800,18,4,1,0,8,1, , ,N,1,2,0,3,0,1,3,2,N,N,39 59:38.209,75 09:16.513,1800, ,1800, ,0, ,N, ,3, , , , , , , , , ,1,1,0,0,0,0,0,0,0,0,0,0,1,1,0,0,0,0,0,0,0,0,0,2,0,0,0,0,0,0,0,0,1,0,0,8,0,39.9939,-75.1545, , 
12540,137265,2016035376,6,67,67301,2016,3,7,9999,99,1,9,8,5,6, , ,N,0,0,0,3,0,0,1,2,N, ,39 58:50.080,75 09:38.995,1100, ,1100, ,0, , , ,0, , , , , , , , , ,2,1,0,0,0,0,0,0,0,0,0,0,0,0,1,0,0,0,0,0,0,0,0,0,0,0,0,0,0,0,0,0,0,0,0,9,0,39.9806,-75.1608, , 
12541,137266,2016039670,6,67,67301,2016,3,6,1220,12,1,1,0,4,1, , ,N,1,2,0,3,0,3,3,2,N, ,40 02:25.798,75 03:31.964,1228, ,1225,2,2,3, , ,3,N, , , , , , , , ,2,1,0,0,1,0,0,0,0,0,0,0,3,3,0,0,0,0,0,0,0,0,0,0,0,0,0,0,0,0,0,0,0,0,0,8,0,40.0405,-75.0589, , 
12542,137268,2016040959,6,67,67301,2016,4,3,2037,20,3,1,0,4,1, , ,N,1,3,0,3,0,0,6,2,N, ,40 00:29.743,75 09:23.018,2037, ,2037, ,0, , , ,3, , , , , , , , , ,2,1,0,0,0,0,1,0,0,0,0,0,0,0,0,0,0,0,0,0,1,0,0,0,0,0,0,0,0,0,0,0,0,0,0,0,0,40.0083,-75.1564, , 
12543,137276,2016051274,6,67,67301,2016,4,6,1819,18,1,1,0,7,1,3,8,Y,0,8,0,3,0,1,1,1,N,N,39 56:50.334,75 10:53.180,1825,99,1819,2,2,1,N, ,3,Y,Y,U,U,N,U,U,U,U,1,1,0,0,0,0,0,0,0,0,0,0,1,1,0,0,0,0,0,0,0,1,0,0,0,0,0,0,0,0,0,0,0,0,0,8,0,39.9473,-75.1814, , 
12544,137280,2016054153,6,67,67301,2016,5,7,1723,17,1,8,0,3,1, , ,N,1,0,0,3,0,2,3,2,N,N,40 02:32.636,75 03:37.936,1745, ,1740,2,1,3, , ,0,N, , , , , , , , ,2,0,0,0,0,0,2,0,0,0,0,2,2,0,0,0,0,0,0,0,0,1,0,2,0,0,0,0,0,0,0,0,0,0,0,4,0,40.0424,-75.0605, , 