objectid_1,objectid,crn,district,county,municipality,crash_year,crash_month,day_of_week,time_of_day,hour_of_day,illumination,weather,road_condition,collision_type,relation_to_road,work_zone_type,work_zone_loc,work_zone_ind,intersect_type,tcd_type,location_type,urban_rural,fatal_count,injury_count,person_count,total_units,sch_bus_ind,sch_zone_ind,latitude,longitude,arrival_tm,cons_zone_spd_lim,dispatch_tm,est_hrs_closed,lane_closed,ln_close_dir,ntfy_hiwy_maint,spec_juris_cd,tcd_func_cd,tfc_detour_ind,workers_pres,wz_close_detour,wz_flagger,wz_law_offcr_ind,wz_ln_closure,wz_moving,wz_other,wz_shlder_mdn,vehicle_count,automobile_count,motorcycle_count,bus_count,small_truck_count,heavy_truck_count,suv_count,van_count,bicycle_count,maj_inj_count,mod_inj_count,min_inj_count,tot_inj_count,unk_inj_deg_count,unk_inj_per_count,driver_count_16yr,driver_count_17yr,driver_count_18yr,driver_count_19yr,driver_count_20yr,driver_count_50_64yr,driver_count_65_74yr,driver_count_75plus,unbelted_occ_count,unb_death_count,unb_maj_inj_count,belted_death_count,belted_maj_inj_count,mcycle_death_count,mcycle_maj_inj_count,bicycle_death_count,bicycle_maj_inj_count,ped_count,ped_death_count,ped_maj_inj_count,max_severity_level,comm_veh_count,dec_lat,dec_long,rdwy_surf_type_cd,county_name
12545,137310,2016035359,6,67,67301,2016,3,4,9999,99,5,1,0,4,1, , ,N,2,0,0,3,0,1,2,2,N, ,39 55:29.469,75 10:23.984,0, ,9999,2,2,2, , ,0,Y, , , , , , , , ,1,1,0,0,0,0,0,0,1,0,0,0,1,1,0,0,0,0,0,0,1,0,0,1,0,0,0,0,0,0,0,0,0,0,0,8,0,39.9249,-75.1733, , 
12546,137314,2016041023,6,67,67301,2016,4,7,1736,17,1,1,0,8,1, , ,N,0,0,0,3,0,1,2,2,N,N,39 58:57.210,75 06:39.783,1742, ,1740, ,0, , , ,0, , , , , , , , , ,1,1,0,0,0,0,0,0,0,0,0,1,1,0,0,0,0,0,0,0,1,0,0,1,0,0,0,0,0,0,0,0,1,0,0,4,0,39.9826,-75.1111, , 
12547,137337,2016014565,6,67,67301,2016,2,3,1727,17,3,1,0,1,1, , ,N,0,0,0,3,0,1,2,2,N,N,39 52:46.554,75 14:54.800,1805, ,1750, ,0, , , ,0, , , , , , , , , ,2,0,0,0,0,0,1,1,0,0,1,0,1,0,0,0,0,0,0,0,1,0,0,0,0,0,0,0,0,0,0,0,0,0,0,3,0,39.8796,-75.2486, , 
12548,137360,2016036476,6,67,67301,2016,3,4,1157,11,1,1,0,4,1, , ,N,1,2,0,3,0,1,2,2,N, ,39 56:17.923,75 12:58.510,1225, ,1214, ,0, , , ,3, , , , , , , , , ,1,1,0,0,0,0,0,0,1,0,1,0,1,0,1,0,0,0,0,0,0,0,0,0,0,0,0,0,0,0,0,0,0,0,0,3,0,39.9383,-75.2163, , 
12549,137367,2016045198,6,67,67301,2016,4,1,1507,15,1,1,0,1,1, , ,N,0,0,0,3,0,0,4,3,N,N,39 58:06.285,75 07:43.973,1524, ,1517, ,0, , , ,0, , , , , , , , , ,3,3,0,0,0,0,0,0,0,0,0,0,0,0,0,0,0,0,0,0,0,0,0,0,0,0,0,0,0,0,0,0,0,0,0,0,0,39.9684,-75.1289, , 
12550,137405,2016031705,6,67,67301,2016,3,4,1942,19,3,1,0,8,1, , ,N,0,0,0,3,0,1,4,2,N,N,40 05:18.847,75 02:39.669,1950, ,1942, ,0, , , ,0, , , , , , , , , ,1,1,0,0,0,0,0,0,0,0,0,0,1,1,0,0,0,0,0,0,1,0,0,0,0,0,0,0,0,0,0,0,1,0,0,8,0,40.0886,-75.0444, , 
12551,137423,2016052312,6,67,67301,2016,4,7,1733,17,1,1,0,5,1, , ,N,0,0,0,3,0,1,3,2,N,N,39 58:44.277,75 10:39.949,1739, ,1736,1,2,2,N, ,0,Y, , , , , , , , ,2,2,0,0,0,0,0,0,0,0,0,1,1,0,0,0,0,1,0,0,0,0,0,0,0,0,0,0,0,0,0,0,0,0,0,4,0,39.979,-75.1778, , 
12552,137438,2016017061,6,67,67301,2016,1,5,2100,21,3,1,0,4,1, , ,N,1,3,0,3,0,2,4,2,N,N,39 57:50.673,75 13:56.071,2232, ,2232, ,0, , , ,3, , , , , , , , , ,2,1,0,0,0,0,0,1,0,0,0,2,2,0,0,0,0,0,0,0,0,0,0,2,0,0,0,0,0,0,0,0,0,0,0,4,0,39.9641,-75.2322, , 
12553,137443,2016020299,6,67,67301,2016,1,6,2104,21,3,1,0,5,1, , ,N,0,0,0,3,0,0,2,2,N,N,39 58:43.262,75 14:35.671,2135, ,2134, ,0, ,N, ,0, , , , , , , , , ,2,1,0,0,0,0,0,1,0,0,0,0,0,0,0,0,0,0,0,0,0,0,0,0,0,0,0,0,0,0,0,0,0,0,0,0,0,39.9787,-75.2432, , 
12554,137462,2016040886,6,67,67301,2016,4,3,1529,15,1,1,0,8,1, , ,N,2,2,0,3,0,1,2,2,N, ,39 57:13.830,75 12:01.025,1532, ,1529, ,0, , , ,3, , , , , , , , , ,1,1,0,0,0,0,0,0,0,0,0,1,1,0,0,0,0,0,0,0,1,0,0,1,0,0,0,0,0,0,0,0,1,0,0,4,0,39.9538,-75.2002, , 
12555,140478,2016024787,6,67,67301,2016,1,5,2334,23,3,1,0,1,1, , ,N,0,0,0,3,0,1,2,2,N,N,40 04:15.744,75 03:29.642,2340, ,2334,3,1,2,N, ,0,N, , , , , , , , ,2,2,0,0,0,0,0,0,0,0,0,0,1,1,1,0,0,0,0,0,0,0,0,0,0,0,0,0,0,0,0,0,0,0,0,8,0,40.071,-75.0582, , 
12556,140509,2016008599,6,67,67301,2016,1,7,2039,20,3,1,0,4,1, , ,N,1,3,0,3,0,1,5,2,N, ,39 58:07.917,75 09:48.095,2045, ,2041, ,0, , , ,3, , , , , , , , , ,2,1,0,1,0,0,0,0,0,0,0,0,1,1,0,0,0,0,0,1,0,0,0,0,0,0,0,0,0,0,0,0,0,0,0,8,1,39.9689,-75.1634, , 
12557,140541,2016051273,6,67,67301,2016,4,4,1515,15,1,1,0,1,1, , ,N,0,2,0,3,0,1,3,2,N, ,39 59:36.939,75 05:48.206,1525, ,1518, ,0, , , ,3, , , , , , , , , ,2,2,0,0,0,0,0,0,0,0,0,1,1,0,0,0,0,0,0,0,1,0,0,0,0,0,0,0,0,0,0,0,0,0,0,4,0,39.9936,-75.0967, , 
12558,140547,2016058557,6,67,67301,2016,5,5,1952,19,1,1,0,5,1, , ,N,0,0,0,3,0,3,6,4,N,N,40 00:37.328,75 11:07.102,1959, ,1954,2,1,2,N, ,0,N, , , , , , , , ,4,2,0,1,0,0,1,0,0,0,0,3,3,0,0,0,0,0,0,0,0,0,0,0,0,0,0,0,0,0,0,0,0,0,0,4,1,40.0104,-75.1853, , 
12559,140551,2016062619,6,67,67301,2016,5,2,1635,16,1,1,0,8,1, , ,N,1,3,0,3,0,1,2,2,N,N,40 00:15.714,75 04:48.795,1640, ,1640, ,0, ,N, ,3, , , , , , , , , ,1,0,0,0,0,0,0,1,0,0,0,1,1,0,0,0,0,0,0,0,0,0,0,0,0,0,0,0,0,0,0,0,1,0,0,4,0,40.0044,-75.0802, , 
12560,140559,2016013935,6,67,67301,2016,1,2,250,2,3,1,1,1,1, , ,N,1,2,0,3,0,0,5,2,N, ,40 02:34.004,75 06:48.689,256, ,256, ,0, , , ,3, , , , , , , , , ,2,0,0,0,0,1,0,1,0,0,0,0,0,0,0,0,0,0,0,0,1,0,0,0,0,0,0,0,0,0,0,0,0,0,0,0,1,40.0427,-75.1136, , 
12561,140575,2016033771,6,67,67301,2016,3,4,900,9,1,1,0,8,1, , ,N,1,2,0,3,0,1,2,2,N, ,40 02:48.424,75 04:13.037,908, ,904, ,0, , , ,3, , , , , , , , , ,1,1,0,0,0,0,0,0,0,0,0,0,1,1,0,0,0,0,0,0,0,0,0,0,0,0,0,0,0,0,0,0,1,0,0,8,0,40.0468,-75.0703, , 
12562,140585,2016046135,6,67,67301,2016,4,4,1616,16,1,1,0,1,1, , ,N,0,0,0,3,0,1,3,3,N,N,40 05:15.143,75 01:20.381,1625, ,1617,2,1,2,N, ,0,N, , , , , , , , ,3,2,0,0,0,0,0,1,0,0,0,1,1,0,0,0,0,0,0,0,1,1,1,0,0,0,0,0,0,0,0,0,0,0,0,4,0,40.0875,-75.0223, , 
12563,140596,2016065627,6,67,67301,2016,6,1,121,1,2,1,0,5,6, , ,N,0,0,0,3,0,1,1,3,N,N,39 57:55.717,75 12:09.982,128, ,125, ,0, ,N, ,0, , , , , , , , , ,3,2,0,0,0,0,0,1,0,1,0,0,1,0,0,0,0,0,0,1,0,0,0,1,0,1,0,0,0,0,0,0,0,0,0,2,0,39.9655,-75.2028, , 
12564,140597,2016065650,6,67,67301,2016,6,7,205,2,3,1,0,4,1, , ,N,1,2,0,3,0,1,2,2,N,N,39 59:50.466,75 05:22.299,225, ,210,9,2,7, , ,3,Y, , , , , , , , ,2,1,0,0,0,1,0,0,0,0,1,0,1,0,0,0,0,0,0,0,0,0,0,0,0,0,0,0,0,0,0,0,0,0,0,3,1,39.9973,-75.0894, , 
12565,140600,2016068273,6,67,67301,2016,6,3,1651,16,1,1,0,1,1, , ,N,1,2,0,3,0,2,3,3,N,N,40 04:26.944,75 11:26.887,1735, ,1722, ,0, ,N, ,3, , , , , , , , , ,3,1,0,0,0,1,1,0,0,0,0,0,2,2,0,0,0,0,0,0,2,0,0,0,0,0,0,0,0,0,0,0,0,0,0,8,0,40.0741,-75.1909, , 
12566,140612,2016016615,6,67,67301,2016,1,5,702,7,1,8,6,8,1, , ,N,1,3,0,3,0,1,2,2,N,N,40 01:58.098,75 03:43.448,713, ,705, ,0, ,N, ,3, , , , , , , , , ,1,1,0,0,0,0,0,0,0,0,0,1,1,0,0,0,0,0,0,0,0,0,0,0,0,0,0,0,0,0,0,0,1,0,0,4,0,40.0328,-75.0621, , 
12567,140615,2016019760,6,67,67301,2016,2,4,1500,15,1,2,1,4,1, , ,N,1,2,0,3,0,1,3,2,N,N,40 01:37.983,75 10:15.634,1518, ,1512, ,0, ,N, ,3, , , , , , , , , ,2,1,0,0,0,0,0,1,0,0,0,0,1,1,0,0,0,0,0,0,0,0,0,2,0,0,0,0,0,0,0,0,0,0,0,8,0,40.0272,-75.171, , 
12568,140620,2016026107,6,67,67301,2016,2,2,645,6,5,1,0,5,1, , ,N,0,0,0,3,0,0,2,2,N, ,40 05:06.413,74 58:08.850,700, ,646,1,1,4, , ,0,N, , , , , , , , ,2,2,0,0,0,0,0,0,0,0,0,0,0,0,0,0,0,0,0,0,0,0,0,0,0,0,0,0,0,0,0,0,0,0,0,0,0,40.0851,-74.9691, , 
12569,140632,2016036389,6,67,67301,2016,3,5,2240,22,3,1,0,8,1, , ,N,0,0,0,3,0,1,2,2,N, ,40 00:57.339,75 12:36.961,2305, ,2300, ,0, , , ,0, , , , , , , , , ,1,1,0,0,0,0,0,0,0,0,0,1,1,0,0,0,0,0,0,0,0,0,0,1,0,0,0,0,0,0,0,0,1,0,0,4,0,40.0159,-75.2103, , 
12570,140665,2016026024,6,67,67301,2016,2,2,905,9,1,1,1,5,6, , ,N,0,0,0,3,0,0,1,3,N,N,40 04:07.278,75 11:55.713,909, ,908, ,0, , , ,0, , , , , , , , , ,3,1,0,0,0,0,2,0,0,0,0,0,0,0,0,0,0,0,0,0,0,0,0,1,0,0,0,0,0,0,0,0,0,0,0,0,0,40.0687,-75.1988, , 
12571,140680,2016033106,6,67,67301,2016,3,4,132,1,3,1,0,7,4, , ,N,0,0,0,3,1,0,1,1,N,N,39 58:34.400,75 08:18.500,133, ,132, ,0, ,N,0,0, , , , , , , , , ,1,1,0,0,0,0,0,0,0,0,0,0,0,0,0,0,0,0,0,0,0,0,0,0,0,0,0,0,0,0,0,0,0,0,0,1,0,39.9762,-75.1385,2, 
12572,140681,2016036540,6,67,67301,2016,3,7,2336,23,3,1,0,4,1, , ,N,5,2,3,3,0,1,2,2,N,N,40 03:32.505,75 02:41.288,5, ,0, ,0, ,N, ,3, , , , , , , , , ,2,1,0,0,0,0,1,0,0,0,0,0,1,1,0,0,0,0,0,0,0,0,0,0,0,0,0,0,0,0,0,0,0,0,0,8,0,40.059,-75.0448, , 
12573,130740,2016073480,6,67,67301,2016,7,6,1530,15,1,1,0,5,1,1,2,Y,0,0,0,3,0,1,2,2,N,N,39 58:07.661,75 07:40.188,1548,45,1532,2,2,1, , ,0,N,N,N,N,N,N,N,N,Y,2,0,1,0,0,0,1,0,0,0,0,0,1,1,0,0,0,0,0,0,0,0,0,0,0,0,0,0,0,0,0,0,0,0,0,8,0,39.9688,-75.1278, , 
12574,130744,2016080232,6,67,67301,2016,7,7,2241,22,3,1,0,4,1, , ,N,1,2,0,3,0,2,2,3,N,N,39 58:03.012,75 10:47.758,2327, ,2323, ,0, ,N, ,3, , , , , , , , , ,3,2,1,0,0,0,0,0,0,0,1,1,2,0,0,0,0,0,0,0,0,0,0,0,0,0,0,0,0,0,0,0,0,0,0,3,0,39.9675,-75.1799, , 
12575,130745,2016080396,6,67,67301,2016,6,3,2000,20,4,1,0,4,1, , ,N,1,2,0,3,0,1,3,2,N,N,40 02:41.560,75 05:01.316,2110, ,2105, ,0, ,N, ,3, , , , , , , , , ,2,1,0,0,0,0,1,0,0,0,0,1,1,0,0,0,0,0,1,0,1,0,0,0,0,0,0,0,0,0,0,0,0,0,0,4,0,40.0449,-75.0837, , 
12576,130751,2016093893,6,67,67301,2016,9,7,2338,23,3,1,0,7,7, , ,N,7,0,2,3,0,0,1,1,N,N,39 57:45.053,75 10:59.961,2345, ,2338,1,1,3, , ,0,N, , , , , , , , ,1,0,0,0,0,0,1,0,0,0,0,0,0,0,0,0,0,0,0,0,1,0,0,0,0,0,0,0,0,0,0,0,0,0,0,0,0,39.9625,-75.1833, , 
12577,130752,2016082198,6,67,67301,2016,7,1,430,4,5,1,0,1,1, , ,N,1,2,0,3,0,0,2,2,N,N,39 56:41.532,75 13:26.572,442, ,441, ,0, ,N, ,3, , , , , , , , , ,2,2,0,0,0,0,0,0,0,0,0,0,0,0,0,0,0,0,0,0,1,0,0,0,0,0,0,0,0,0,0,0,0,0,0,0,0,39.9449,-75.224, , 
12578,130758,2016091645,6,67,67301,2016,8,6,2215,22,3,1,0,1,1, , ,N,0,0,1,3,0,2,3,3,N,N,39 59:24.644,75 07:29.690,5, ,5, ,0, ,N, ,0, , , , , , , , , ,3,2,0,0,0,0,1,0,0,0,0,0,2,2,0,0,0,0,0,0,0,0,0,1,0,0,0,0,0,0,0,0,0,0,0,8,0,39.9902,-75.1249, , 
12579,130764,2016097588,6,67,67301,2016,9,7,9999,99,3,1,0,4,1, , ,N,5,2,0,3,0,1,4,2,N,N,40 02:01.294,75 03:49.581,2133, ,2123, ,0, ,N, ,3, , , , , , , , , ,2,1,0,0,0,0,1,0,0,0,0,1,1,0,0,0,0,1,0,0,0,0,0,1,0,0,0,0,0,0,0,0,0,0,0,4,0,40.0336,-75.0636, , 
12580,130765,2016105536,6,67,67301,2016,9,3,800,8,1,1,0,8,1, , ,N,1,2,0,3,0,1,2,2,N,N,40 03:40.446,75 05:00.751,920, ,913, ,0, , , ,3, , , , , , , , , ,1,1,0,0,0,0,0,0,0,0,0,1,1,0,0,0,0,0,1,0,0,0,0,0,0,0,0,0,0,0,0,0,1,0,0,4,0,40.0612,-75.0835, , 
12581,130772,2016112198,6,67,67301,2016,10,1,1033,10,1,2,1,4,1, , ,N,0,0,0,3,0,1,2,2,N, ,40 02:50.298,75 04:11.231,1039, ,1038, ,0, , , ,0, , , , , , , , , ,2,2,0,0,0,0,0,0,0,0,0,0,1,1,0,0,0,0,1,0,0,0,0,1,0,0,0,0,0,0,0,0,0,0,0,8,0,40.0473,-75.0698, , 
12582,130778,2016065502,6,67,67301,2016,6,3,730,7,1,1,0,8,1, , ,N,1,3,0,3,0,1,2,2,N,N,39 57:12.420,75 12:24.004,732, ,732, ,0, ,N, ,3, , , , , , , , , ,1,1,0,0,0,0,0,0,0,0,0,0,1,1,1,0,0,0,0,0,0,0,0,0,0,0,0,0,0,0,0,0,1,0,0,8,0,39.9535,-75.2067, , 
12583,130788,2016080289,6,67,67301,2016,7,4,1445,14,1,1,0,4,1, , ,N,1,2,0,3,0,1,4,2,N,N,40 01:47.862,75 05:14.656,1505, ,1455,1,1,3,N, ,3,N, , , , , , , , ,2,1,0,0,0,0,1,0,0,0,0,1,1,0,0,0,0,0,0,1,0,0,0,0,0,0,0,0,0,0,0,0,0,0,0,4,0,40.03,-75.0874, , 
12584,130797,2016087707,6,67,67301,2016,8,7,9999,99,3,1,0,4,1, , ,N,1,2,0,3,0,1,2,2,N,N,39 59:50.150,75 10:48.932,505, ,505,1,1,4,N, ,3,N, , , , , , , , ,2,1,0,0,0,0,1,0,0,0,0,1,1,0,0,0,0,0,0,0,0,0,0,1,0,0,0,0,0,0,0,0,0,0,0,4,0,39.9973,-75.1803, , 
12585,130816,2016117172,6,67,67301,2016,10,2,2315,23,3,1,0,7,4, , ,N,0,0,0,3,0,0,2,2,N,N,40 04:01.059,75 11:27.895,2321, ,2316,1,2,1, , ,0,Y, , , , , , , , ,2,2,0,0,0,0,0,0,0,0,0,0,0,0,0,0,0,0,0,0,0,0,0,1,0,0,0,0,0,0,0,0,0,0,0,0,0,40.067,-75.1911, , 
12586,130829,2016013702,6,67,67301,2016,1,4,1035,10,1,1,0,1,6, , ,N,0,0,0,3,0,0,1,2,N,N,39 55:57.565,75 13:29.643,1044, ,1041, ,0, ,N, ,0, , , , , , , , , ,2,1,0,0,0,0,1,0,0,0,0,0,0,0,0,0,0,0,0,0,1,0,0,0,0,0,0,0,0,0,0,0,0,0,0,0,0,39.9327,-75.2249, , 
12587,130858,2016041001,6,67,67301,2016,4,1,900,9,1,1,0,4,1, , ,N,1,2,1,3,0,2,5,2,N,N,40 00:25.549,75 05:38.543,913, ,911,3,2,7,N, ,3,Y, , , , , , , , ,2,1,0,0,0,0,1,0,0,0,0,0,2,2,0,0,0,0,0,0,0,0,0,0,0,0,0,0,0,0,0,0,0,0,0,8,0,40.0071,-75.094, , 
12588,130866,2016052921,6,67,67301,2016,4,6,329,3,3,1,0,7,4, , ,N,7,0,2,3,0,0,2,1,N,N,40 00:33.653,75 12:18.287,336, ,332, ,0, , , ,0, , , , , , , , , ,1,1,0,0,0,0,0,0,0,0,0,0,0,0,0,0,0,0,0,0,0,0,0,0,0,0,0,0,0,0,0,0,0,0,0,0,0,40.0093,-75.2051, , 
12589,130876,2016008603,6,67,67301,2016,1,4,905,9,1,1,0,8,1, , ,N,1,2,0,3,0,1,2,2,N,N,40 02:16.393,75 08:22.102,910, ,910, ,0, ,N, ,3, , , , , , , , , ,1,1,0,0,0,0,0,0,0,0,0,1,1,0,0,0,0,0,0,0,0,1,0,0,0,0,0,0,0,0,0,0,1,0,0,4,0,40.0379,-75.1395, , 
12590,130886,2016013784,6,67,67301,2016,1,7,750,7,1,2,1,7,4, , ,N,0,0,0,3,0,0,2,1,N,N,40 01:18.676,75 11:59.146,830, ,821,1,1,1, , ,0,N, , , , , , , , ,1,1,0,0,0,0,0,0,0,0,0,0,0,0,0,0,0,0,0,0,0,0,0,2,0,0,0,0,0,0,0,0,0,0,0,0,0,40.0219,-75.1998, , 
12591,134014,2016022459,6,67,67301,2016,2,3,1750,17,3,4,1,8,1, , ,N,1,2,0,3,0,1,3,2,N, ,39 56:43.886,75 09:11.444,1810, ,1805, ,0, , , ,3, , , , , , , , , ,1,1,0,0,0,0,0,0,0,0,0,0,1,1,0,0,0,0,0,0,1,0,0,0,0,0,0,0,0,0,0,0,1,0,0,8,0,39.9455,-75.1532, , 
12592,134018,2016026311,6,67,67301,2016,3,6,411,4,3,4,1,5,1, , ,N,0,0,3,3,0,0,2,2, , ,39 54:33.468,75 09:07.665,413, ,411, ,0, , , ,0, , , , , , , , , ,2,0,0,0,1,0,1,0,0,0,0,0,0,0,0,0,0,0,0,0,1,0,0,0,0,0,0,0,0,0,0,0,0,0,0,0,0,39.9093,-75.1521, , 
12593,134028,2016034977,6,67,67301,2016,4,2,1640,16,1,2,1,4,1, , ,N,2,0,0,3,0,1,2,2,N,N,40 04:06.330,75 02:23.513,1655, ,1646,1,1,1,N, ,0,N, , , , , , , , ,2,2,0,0,0,0,0,0,0,0,1,0,1,0,0,0,0,0,0,1,0,0,0,0,0,0,0,0,0,0,0,0,0,0,0,3,0,40.0684,-75.0399, , 
12594,134036,2016048525,6,67,67301,2016,4,6,1931,19,3,1,0,5,1, , ,N,0,0,0,3,0,0,5,2,N,N,39 55:07.448,75 10:15.043,2115, ,1933, ,0, ,N, ,0, , , , , , , , , ,2,1,0,0,0,1,0,0,0,0,0,0,0,0,0,0,0,0,0,0,0,0,0,0,0,0,0,0,0,0,0,0,0,0,0,0,1,39.9187,-75.1708, , 
12595,134037,2016048589,6,67,67301,2016,4,4,1415,14,1,1,0,4,1, , ,N,1,3,0,3,0,3,4,2,N, ,40 00:37.740,75 09:38.779,1425, ,1420, ,0, , , ,3, , , , , , , , , ,2,0,0,1,0,0,0,1,0,0,0,3,3,0,0,0,0,0,0,0,2,0,0,1,0,0,0,0,0,0,0,0,0,0,0,4,1,40.0105,-75.1608, , 
12596,134073,2016046145,6,67,67301,2016,4,3,704,7,1,2,1,7,4, , ,N,7,0,2,3,0,1,1,1,N,N,40 00:43.653,75 12:16.715,715, ,704,1,1,1,N, ,0,Y, , , , , , , , ,1,1,0,0,0,0,0,0,0,0,0,1,1,0,0,0,0,0,1,0,0,0,0,0,0,0,0,0,0,0,0,0,0,0,0,4,0,40.014,-75.2046, , 
12597,134081,2016053621,6,67,67301,2016,5,5,1026,10,1,1,0,4,1, , ,N,2,2,0,3,0,2,4,2,N,N,39 59:59.343,75 13:10.070,1030, ,1028, ,0, ,N, ,3, , , , , , , , , ,2,1,0,0,0,1,0,0,0,0,0,0,2,2,0,0,0,0,0,0,0,1,0,0,0,0,0,0,0,0,0,0,0,0,0,8,0,39.9998,-75.2195, , 
12598,134114,2016028788,6,67,67301,2016,2,3,157,1,3,1,0,0,4, , ,N,6,0,2,3,0,0,1,1,N,N,40 02:45.429,75 00:06.477,157, ,157, ,0, , , ,0, , , , , , , , , ,1,0,0,0,0,0,1,0,0,0,0,0,0,0,0,0,0,0,0,0,0,0,0,0,0,0,0,0,0,0,0,0,0,0,0,0,0,40.046,-75.0018, , 
12599,134126,2016040993,6,67,67301,2016,4,2,1540,15,1,1,1,4,1, , ,N,1,2,0,3,0,1,2,2,N,N,40 03:23.098,75 00:46.082,1548, ,1545, ,0, ,N, ,3, , , , , , , , , ,2,1,0,0,0,0,1,0,0,0,0,0,1,1,0,0,0,0,0,0,1,0,1,1,0,0,0,0,0,0,0,0,0,0,0,8,0,40.0564,-75.0128, , 
12600,134132,2016048527,6,67,67301,2016,4,3,730,7,1,1,0,1,1, , ,N,0,2,0,3,0,0,5,4,N,N,40 03:41.453,74 59:19.199,757, ,743, ,0, ,N, ,3, , , , , , , , , ,4,2,0,0,0,0,2,0,0,0,0,0,0,0,0,0,1,0,0,0,0,0,0,0,0,0,0,0,0,0,0,0,0,0,0,0,0,40.0615,-74.9887, , 
12601,134133,2016048611,6,67,67301,2016,4,4,705,7,1,1,0,8,1, , ,N,0,3,0,3,0,1,2,2,Y,N,40 04:10.915,75 09:57.744,1610, ,1600, ,0, ,N, ,3, , , , , , , , , ,1,1,0,0,0,0,0,0,0,0,0,1,1,0,0,0,0,0,0,0,1,0,0,0,0,0,0,0,0,0,0,0,1,0,0,4,0,40.0697,-75.166, , 
12602,134158,2016026166,6,67,67301,2016,2,4,1425,14,1,1,0,8,1, , ,N,1,2,0,3,0,1,2,2,N,N,39 56:54.247,75 09:58.366,0, ,1430, ,0, ,N, ,3, , , , , , , , , ,1,0,0,0,0,0,1,0,0,0,0,1,1,0,0,0,0,0,0,0,0,0,0,0,0,0,0,0,0,0,0,0,1,0,0,4,0,39.9484,-75.1662, , 
12603,134170,2016036455,6,67,67301,2016,3,6,2000,20,3,1,0,8,1, , ,N,2,0,0,3,0,1,2,2,N,N,40 01:54.196,75 02:11.062,2010, ,2002,1,1,4, , ,0,N, , , , , , , , ,1,1,0,0,0,0,0,0,0,0,1,0,1,0,0,0,0,0,0,0,0,0,0,1,0,0,0,0,0,0,0,0,1,0,0,3,0,40.0317,-75.0365, , 
12604,134187,2016048641,6,67,67301,2016,4,4,1830,18,1,1,0,8,1, , ,N,2,0,0,3,0,1,2,2,N, ,40 02:00.614,75 09:02.930,1845, ,1840, ,0, , , ,0, , , , , , , , , ,1,0,0,0,0,0,0,0,0,0,1,0,1,0,0,0,0,0,0,0,0,0,0,0,0,0,0,0,0,0,0,0,1,0,0,3,0,40.0335,-75.1508, , 
12605,134194,2016008617,6,67,67301,2016,1,3,2040,20,3,1,0,4,1, , ,N,1,2,0,3,0,0,3,2,N, ,40 03:39.280,75 09:50.864,2043, ,2043, ,0, , , ,3, , , , , , , , , ,2,1,0,0,1,0,0,0,0,0,0,0,0,0,0,0,0,0,0,0,0,0,0,0,0,0,0,0,0,0,0,0,0,0,0,0,0,40.0609,-75.1641, , 
12606,134204,2016019846,6,67,67301,2016,2,5,1045,10,1,3,1,8,1, , ,N,5,2,0,3,0,1,2,2,N, ,40 00:52.185,75 07:52.121,1100, ,1100, ,0, , , ,3, , , , , , , , , ,1,0,0,0,1,0,0,0,0,0,0,0,1,1,0,0,0,0,0,0,0,0,0,1,0,0,0,0,0,0,0,0,1,0,0,8,0,40.0145,-75.1311, , 
12607,134210,2016027571,6,67,67301,2016,2,3,2120,21,3,1,0,7,4, , ,N,0,0,3,3,0,0,2,1,N,N,39 53:52.091,75 12:41.952,2130, ,2122,1,2,4,N, ,0,Y, , , , , , , , ,1,0,0,0,0,0,1,0,0,0,0,0,0,0,0,0,0,0,0,0,0,0,0,0,0,0,0,0,0,0,0,0,0,0,0,0,0,39.8978,-75.2117, , 
12608,134235,2016050140,6,67,67301,2016,5,7,116,1,3,2,1,1,1, , ,N,0,0,0,3,0,2,3,3,N,N,39 57:35.650,75 10:44.481,117, ,117,1,1,3, , ,0,Y, , , , , , , , ,3,3,0,0,0,0,0,0,0,0,0,0,2,2,0,0,0,0,0,0,0,0,0,0,0,0,0,0,0,0,0,0,0,0,0,8,0,39.9599,-75.179, , 
12609,137491,2016019848,6,67,67301,2016,1,4,1528,15,1,1,1,8,1, , ,N,1,2,0,3,0,1,2,2,N,N,40 02:22.048,75 04:38.765,1532, ,1529,1,2,4, , ,3,Y, , , , , , , , ,1,1,0,0,0,0,0,0,0,0,1,0,1,0,0,0,0,0,0,0,1,0,0,0,0,0,0,0,0,0,0,0,1,0,0,3,0,40.0394,-75.0774, , 
12610,137505,2016036542,6,67,67301,2016,3,2,1820,18,1,1,0,1,1, , ,N,0,0,0,3,0,1,2,2,N, ,39 59:59.946,75 13:17.878,1838, ,1825, ,0, , , ,0, , , , , , , , , ,2,2,0,0,0,0,0,0,0,0,0,0,1,1,0,0,0,0,0,0,0,0,0,0,0,0,0,0,0,0,0,0,0,0,0,8,0,40,-75.2216, , 
12611,137518,2016053855,6,67,67301,2016,4,7,313,3,3,1,0,2,1, , ,N,0,0,0,3,0,2,2,2,N,N,39 58:48.477,75 12:18.235,322, ,315,2,2,4, , ,0,N, , , , , , , , ,2,1,0,0,0,0,1,0,0,1,1,0,2,0,0,0,0,0,0,0,0,0,0,0,0,0,0,1,0,0,0,0,0,0,0,2,0,39.9801,-75.2051, , 