objectid_1,objectid,crn,district,county,municipality,crash_year,crash_month,day_of_week,time_of_day,hour_of_day,illumination,weather,road_condition,collision_type,relation_to_road,work_zone_type,work_zone_loc,work_zone_ind,intersect_type,tcd_type,location_type,urban_rural,fatal_count,injury_count,person_count,total_units,sch_bus_ind,sch_zone_ind,latitude,longitude,arrival_tm,cons_zone_spd_lim,dispatch_tm,est_hrs_closed,lane_closed,ln_close_dir,ntfy_hiwy_maint,spec_juris_cd,tcd_func_cd,tfc_detour_ind,workers_pres,wz_close_detour,wz_flagger,wz_law_offcr_ind,wz_ln_closure,wz_moving,wz_other,wz_shlder_mdn,vehicle_count,automobile_count,motorcycle_count,bus_count,small_truck_count,heavy_truck_count,suv_count,van_count,bicycle_count,maj_inj_count,mod_inj_count,min_inj_count,tot_inj_count,unk_inj_deg_count,unk_inj_per_count,driver_count_16yr,driver_count_17yr,driver_count_18yr,driver_count_19yr,driver_count_20yr,driver_count_50_64yr,driver_count_65_74yr,driver_count_75plus,unbelted_occ_count,unb_death_count,unb_maj_inj_count,belted_death_count,belted_maj_inj_count,mcycle_death_count,mcycle_maj_inj_count,bicycle_death_count,bicycle_maj_inj_count,ped_count,ped_death_count,ped_maj_inj_count,max_severity_level,comm_veh_count,dec_lat,dec_long,rdwy_surf_type_cd,county_name
12612,137536,2016019172,6,67,67301,2016,2,3,1545,15,1,1,0,8,1, , ,N,1,2,0,3,0,1,2,2,N,N,39 57:36.149,75 13:29.566,1546, ,1545, ,0, ,N, ,3, , , , , , , , , ,1,1,0,0,0,0,0,0,0,0,0,0,1,1,0,0,0,0,0,0,1,0,0,0,0,0,0,0,0,0,0,0,1,0,0,8,0,39.9599,-75.2249, , 
12613,137542,2016024731,6,67,67301,2016,2,3,2020,20,3,2,1,8,1, , ,N,1,2,0,3,0,1,2,2,N,N,39 59:49.557,75 14:07.172,2022, ,2022, ,0, ,N, ,3, , , , , , , , , ,1,1,0,0,0,0,0,0,0,0,0,0,1,1,0,0,0,0,0,0,0,1,0,0,0,0,0,0,0,0,0,0,1,0,0,8,0,39.997,-75.2353, , 
12614,137544,2016026040,6,67,67301,2016,2,5,1700,17,3,1,0,1,1, , ,N,2,2,0,3,0,0,4,2,N,N,40 00:00.424,75 10:40.450,1715, ,1707, ,0, ,N, ,3, , , , , , , , , ,2,1,0,0,0,0,1,0,0,0,0,0,0,0,0,0,0,0,0,0,0,0,0,0,0,0,0,0,0,0,0,0,0,0,0,0,0,40.0001,-75.1779, , 
12615,137550,2016033130,6,67,67301,2016,3,3,1245,12,1,1,0,8,1, , ,N,0,0,0,3,0,1,2,2,N,N,39 57:06.950,75 09:37.681,9999, ,1432, ,0, ,N, ,0, , , , , , , , , ,1,0,0,0,0,0,0,1,0,0,0,1,1,0,0,0,0,0,0,0,0,0,0,1,0,0,0,0,0,0,0,0,1,0,0,4,0,39.9519,-75.1605, , 
12616,137552,2016040862,6,67,67301,2016,4,7,1730,17,1,1,0,1,1, , ,N,0,0,0,3,0,3,4,2,N,N,39 58:02.780,75 14:29.666,1802, ,1757,1,1,1,N, ,0,Y, , , , , , , , ,2,2,0,0,0,0,0,0,0,0,0,3,3,0,0,0,0,0,0,1,0,0,0,1,0,0,0,0,0,0,0,0,0,0,0,4,0,39.9674,-75.2416, , 
12617,137568,2016056011,6,67,67301,2016,5,7,2044,20,3,1,0,8,1, , ,N,1,2,0,3,0,1,2,2,N,N,39 56:32.042,75 09:14.075,2055, ,2048, ,0, ,N, ,3, , , , , , , , , ,1,0,0,0,0,0,1,0,0,0,0,0,1,1,0,0,0,0,0,0,0,0,0,1,0,0,0,0,0,0,0,0,1,0,0,8,0,39.9422,-75.1539, , 
12618,137579,2016013946,6,67,67301,2016,1,2,735,7,1,1,0,1,1, , ,N,0,0,0,3,0,1,2,2,N,N,40 01:32.216,75 07:31.767,748, ,738,1,1,2,N, ,0,N, , , , , , , , ,2,1,0,0,0,0,1,0,0,0,0,1,1,0,0,0,0,0,0,0,0,0,0,0,0,0,0,0,0,0,0,0,0,0,0,4,0,40.0256,-75.1255, , 
12619,137580,2016014547,6,67,67301,2016,1,5,1808,18,2,1,0,1,1, , ,N,0,0,0,3,0,0,3,3,N,N,39 58:21.192,75 11:36.813,1827, ,1810, ,0, , , ,0, , , , , , , , , ,3,3,0,0,0,0,0,0,0,0,0,0,0,0,0,0,0,0,0,0,0,0,0,0,0,0,0,0,0,0,0,0,0,0,0,0,0,39.9726,-75.1936, , 
12620,137582,2016017039,6,67,67301,2016,1,4,2020,20,3,1,0,1,5, , ,N,1,0,0,3,0,1,1,2,N,N,39 57:56.929,75 14:45.807,2040, ,2037, ,0, ,N, ,0, , , , , , , , , ,2,1,0,0,0,0,0,1,0,0,0,0,1,1,0,0,0,0,0,0,1,0,0,1,0,0,0,0,0,0,0,0,0,0,0,8,0,39.9658,-75.2461, , 
12621,137599,2016036411,6,67,67301,2016,3,5,806,8,1,1,1,4,1, , ,N,1,2,0,3,0,2,4,2,N, ,40 03:34.378,75 04:49.755,812, ,807,1,1,3, , ,3,N, , , , , , , , ,2,1,0,0,1,0,0,0,0,0,2,0,2,0,0,0,0,0,0,0,1,0,0,0,0,0,0,0,0,0,0,0,0,0,0,3,0,40.0595,-75.0805, , 
12622,137602,2016040586,6,67,67301,2016,4,7,1947,19,3,1,1,7,3, , ,N,0,0,0,3,0,0,1,1,N,N,40 02:30.133,75 00:15.756,2017, ,1953, ,0, , , ,0, , , , , , , , , ,1,1,0,0,0,0,0,0,0,0,0,0,0,0,0,0,0,0,0,0,0,0,0,0,0,0,0,0,0,0,0,0,0,0,0,0,0,40.0417,-75.0044, , 
12623,137606,2016042543,6,67,67301,2016,4,2,2120,21,3,1,0,7,2, , ,N,0,8,0,3,0,1,1,1,N,N,39 57:02.150,75 08:28.046,2157, ,2127,1,2,1, , ,3,N, , , , , , , , ,1,1,0,0,0,0,0,0,0,0,0,1,1,0,0,0,0,0,0,0,0,0,0,0,0,0,0,0,0,0,0,0,0,0,0,4,0,39.9506,-75.1411, , 
12624,137626,2016013740,6,67,67301,2016,1,2,1521,15,1,1,0,4,1, , ,N,1,2,0,3,0,2,3,2,N, ,39 57:45.324,75 12:20.148,1525, ,1522, ,0, , , ,3, , , , , , , , , ,2,2,0,0,0,0,0,0,0,0,0,2,2,0,0,0,0,0,0,0,1,0,0,0,0,0,0,0,0,0,0,0,0,0,0,4,0,39.9626,-75.2054, , 
12625,137627,2016013988,6,67,67301,2016,1,1,1312,13,1,1,0,8,1, , ,N,1,3,0,3,0,1,2,2,N,N,39 59:51.471,75 10:13.583,1317, ,1317,9,1,2,N, ,3,N, , , , , , , , ,1,1,0,0,0,0,0,0,0,0,0,1,1,0,0,0,0,0,0,0,0,0,1,1,0,0,0,0,0,0,0,0,1,0,0,4,0,39.9976,-75.1704, , 
12626,137637,2016019854,6,67,67301,2016,2,4,1400,14,1,2,1,4,1, , ,N,1,3,0,3,0,1,2,3,N,N,40 02:02.731,75 07:26.425,1715, ,1658, ,0, ,N, ,3, , , , , , , , , ,3,1,0,0,0,0,1,1,0,0,0,1,1,0,0,0,0,0,0,0,0,0,0,0,0,0,0,0,0,0,0,0,0,0,0,4,0,40.0341,-75.124, , 
12627,141136,2016008569,6,67,67301,2016,1,3,1800,18,1,1,0,8,1, , ,N,1,2,0,3,0,1,2,2,N,N,40 00:16.318,75 07:55.437,1010, ,1000, ,0, ,N, ,9, , , , , , , , , ,1,1,0,0,0,0,0,0,0,0,0,1,1,0,1,0,0,0,0,0,0,0,0,0,0,0,0,0,0,0,0,0,1,0,0,4,0,40.0045,-75.1321, , 
12628,141143,2016016601,6,67,67301,2016,1,1,1124,11,1,1,0,1,1, , ,N,0,2,0,3,0,1,3,2,N,N,39 57:18.881,75 09:27.306,1128, ,1126, ,0, ,N, ,3, , , , , , , , , ,2,1,0,0,0,0,1,0,0,0,0,0,1,1,0,0,0,0,0,0,1,0,0,3,0,0,0,0,0,0,0,0,0,0,0,8,0,39.9552,-75.1576, , 
12629,141165,2016033805,6,67,67301,2016,3,3,1605,16,1,2,1,3,1, , ,N,2,3,0,3,0,3,5,2,N, ,40 01:55.046,75 10:06.788,1714, ,1709, ,0, ,N, ,3, , , , , , , , , ,2,0,0,1,0,1,0,0,0,0,0,3,3,0,0,0,0,0,0,0,1,0,0,0,0,0,0,0,0,0,0,0,0,0,0,4,2,40.032,-75.1686, , 
12630,141186,2016013889,6,67,67301,2016,1,1,155,1,3,1,0,4,1, , ,N,5,3,0,3,0,0,1,2,N,N,39 56:12.397,75 09:18.302,200, ,200,3,2,4,N, ,3,Y, , , , , , , , ,2,1,0,0,0,0,1,0,0,0,0,0,0,0,0,0,0,0,0,0,0,0,0,0,0,0,0,0,0,0,0,0,0,0,0,0,0,39.9368,-75.1551, , 
12631,141213,2016036401,6,67,67301,2016,3,7,1545,15,1,1,0,8,1, , ,N,0,0,0,3,0,1,5,2,N, ,39 58:05.818,75 13:26.863,1632, ,1629, ,0, , , ,0, , , , , , , , , ,1,0,0,0,1,0,0,0,0,0,0,1,1,0,0,0,0,0,0,0,0,0,0,0,0,0,0,0,0,0,0,0,1,0,0,4,0,39.9683,-75.2241, , 
12632,141218,2016041417,6,67,67301,2016,4,1,730,7,1,1,0,4,1, , ,N,1,2,0,3,0,0,4,3,N, ,40 00:20.692,75 05:56.577,740, ,734, ,0, , , ,3, , , , , , , , , ,3,2,0,0,0,0,0,1,0,0,0,0,0,0,0,0,0,0,0,0,0,0,0,0,0,0,0,0,0,0,0,0,0,0,0,0,0,40.0057,-75.099, , 
12633,141228,2016053633,6,67,67301,2016,5,6,808,8,1,2,1,4,1, , ,N,1,2,0,3,0,0,2,2,N,N,39 57:47.143,75 11:23.844,845, ,815, ,0, ,N, ,3, , , , , , , , , ,2,1,0,0,1,0,0,0,0,0,0,0,0,0,1,0,0,0,0,0,0,0,0,0,0,0,0,0,0,0,0,0,0,0,0,9,0,39.9631,-75.1899, , 
12634,141237,2016013859,6,67,67301,2016,1,1,1932,19,3,1,0,1,1, , ,N,2,2,0,3,0,2,2,2,N,N,40 00:26.118,75 11:31.929,1949, ,1932,2,1,2,N, ,3,N, , , , , , , , ,2,1,0,0,1,0,0,0,0,0,0,2,2,0,0,0,0,0,0,0,1,0,0,0,0,0,0,0,0,0,0,0,0,0,0,4,0,40.0073,-75.1922, , 
12635,141249,2016024793,6,67,67301,2016,2,7,400,4,3,1,0,7,4, , ,N,2,2,2,3,0,2,2,2,N, ,39 56:37.755,75 11:47.216,425, ,419,4,1,1, , ,3,Y, , , , , , , , ,2,1,0,0,1,0,0,0,0,0,1,1,2,0,0,0,0,0,0,0,0,0,0,0,0,0,0,0,0,0,0,0,0,0,0,3,0,39.9441,-75.1967, , 
12636,141254,2016030707,6,67,67301,2016,3,4,1355,13,1,1,0,4,1, , ,N,1,2,0,3,0,2,2,4,N,N,40 02:22.401,75 05:03.893,1410, ,1355,4,2,5,Y, ,3,Y, , , , , , , , ,3,0,0,0,0,0,2,0,0,0,1,1,2,0,0,0,0,0,0,0,0,0,0,0,0,0,0,0,0,0,0,0,1,0,0,3,0,40.0396,-75.0844, , 
12637,141268,2016040872,6,67,67301,2016,4,4,1806,18,1,1,0,4,1, , ,N,1,3,0,3,0,2,5,2,N, ,40 01:25.798,75 02:55.791,1830, ,1824,2,2,7, , ,3,Y, , , , , , , , ,2,1,0,0,1,0,0,0,0,0,1,1,2,0,2,0,0,0,0,0,0,0,0,0,0,0,0,0,0,0,0,0,0,0,0,3,0,40.0238,-75.0488, , 
12638,141285,2016007877,6,67,67301,2016,1,7,620,6,3,2,1,7,4, , ,N,0,0,0,3,0,1,1,1,N,N,39 58:56.881,75 12:27.674,631, ,631,2,2,4, , ,0,N, , , , , , , , ,1,1,0,0,0,0,0,0,0,0,0,0,1,1,0,0,0,0,0,0,0,0,0,0,0,0,0,0,0,0,0,0,0,0,0,8,0,39.9825,-75.2077, , 
12639,141290,2016013707,6,67,67301,2016,1,6,254,2,3,1,0,8,1, , ,N,1,2,0,3,0,1,2,2,N, ,40 00:54.079,75 08:06.611,301, ,255, ,0, , , ,3, , , , , , , , , ,1,0,0,0,0,0,0,0,0,1,0,0,1,0,0,0,0,0,0,0,0,0,0,0,0,0,0,0,0,0,0,0,1,0,1,2,0,40.015,-75.1352, , 
12640,141301,2016026081,6,67,67301,2016,2,5,1045,10,1,1,0,4,1, , ,N,1,2,0,3,0,4,5,2,N, ,39 57:08.987,75 10:37.232,1135, ,1128, ,0, , , ,3, , , , , , , , , ,2,1,0,0,0,0,0,1,0,0,0,2,4,2,0,0,0,0,0,0,0,0,0,0,0,0,0,0,0,0,0,0,0,0,0,4,0,39.9525,-75.177, , 
12641,141310,2016040865,6,67,67301,2016,4,2,2344,23,3,1,0,4,1, , ,N,1,3,0,3,0,0,2,2,N,N,40 03:08.305,75 12:05.257,49, ,42,3,1,7,N, ,3,N, , , , , , , , ,2,2,0,0,0,0,0,0,0,0,0,0,0,0,0,0,0,0,0,0,0,0,1,0,0,0,0,0,0,0,0,0,0,0,0,0,0,40.0523,-75.2015, , 
12642,141314,2016044603,6,67,67301,2016,4,7,1817,18,1,1,0,8,1, , ,N,0,0,0,3,0,1,3,3,N,N,39 53:28.386,75 14:04.172,1835, ,1820, ,0, ,N, ,0, , , , , , , , , ,2,0,0,0,0,0,1,0,0,0,0,0,1,1,0,0,0,0,0,0,0,0,0,0,0,0,0,0,0,0,0,0,1,0,0,8,0,39.8912,-75.2345, , 
12643,141332,2016013592,6,67,67301,2016,2,5,940,9,1,1,0,4,1, , ,N,1,2,0,3,0,1,3,2,N,N,39 59:03.796,75 09:15.868,1000, ,955, ,0, ,N, ,3, , , , , , , , , ,2,2,0,0,0,0,0,0,0,0,0,0,1,1,0,0,0,0,0,0,1,1,0,0,0,0,0,0,0,0,0,0,0,0,0,8,0,39.9844,-75.1544, , 
12644,141343,2016029879,6,67,67301,2016,2,1,640,6,1,1,1,7,4, , ,N,0,0,0,3,0,1,1,1,N,N,40 01:32.059,75 12:06.701,642, ,641, ,0, ,N, ,0, , , , , , , , , ,1,1,0,0,0,0,0,0,0,0,0,1,1,0,0,0,0,0,0,1,0,0,0,1,0,0,0,0,0,0,0,0,0,0,0,4,0,40.0256,-75.2019, , 
12645,130887,2016014028,6,67,67301,2016,1,2,848,8,1,1,0,4,1, , ,N,1,3,0,3,0,2,2,2,N,N,40 03:26.326,75 08:26.228,900, ,857, ,0, ,N, ,3, , , , , , , , , ,2,2,0,0,0,0,0,0,0,1,1,0,2,0,0,0,0,0,0,0,1,0,0,0,0,0,0,0,0,0,0,0,0,0,0,2,0,40.0573,-75.1406, , 
12646,130894,2016029839,6,67,67301,2016,2,7,1731,17,1,1,0,5,6, , ,N,0,0,0,3,0,1,1,3,N,N,40 03:14.134,75 09:38.511,1733, ,1732, ,0, ,N, ,0, , , , , , , , , ,3,1,0,0,0,0,2,0,0,0,0,0,1,1,0,0,0,0,0,0,0,0,0,0,0,0,0,0,0,0,0,0,0,0,0,8,0,40.0539,-75.1607, , 
12647,130906,2016039666,6,67,67301,2016,3,3,1812,18,1,1,0,4,1, , ,N,1,3,0,3,0,0,3,2,N,N,40 01:35.410,75 02:31.777,1814, ,1812, ,0, ,N, ,3, , , , , , , , , ,2,2,0,0,0,0,0,0,0,0,0,0,0,0,0,0,0,0,0,0,0,0,0,0,0,0,0,0,0,0,0,0,0,0,0,0,0,40.0265,-75.0422, , 
12648,130908,2016044569,6,67,67301,2016,4,6,1539,15,1,1,0,4,1, , ,N,1,2,0,3,0,0,5,2,N,N,40 00:56.909,75 11:13.469,1610, ,1609, ,0, ,N, ,3, , , , , , , , , ,2,2,0,0,0,0,0,0,0,0,0,0,0,0,0,0,0,0,0,0,0,0,0,0,0,0,0,0,0,0,0,0,0,0,0,0,0,40.0159,-75.187, , 
12649,130921,2016063976,6,67,67301,2016,6,4,2358,23,3,1,0,4,1, , ,N,1,3,0,3,0,1,2,2,N, ,40 00:47.289,75 09:24.926,20, ,15, ,0, , , ,3, , , , , , , , , ,2,1,0,0,0,0,1,0,0,0,0,0,1,1,0,0,0,0,0,0,0,1,0,1,0,0,0,0,0,0,0,0,0,0,0,8,0,40.0131,-75.1569, , 
12650,130922,2016065731,6,67,67301,2016,6,4,1845,18,1,1,0,1,1, , ,N,0,0,0,3,0,1,5,2,N,N,39 54:10.747,75 09:19.987,2025, ,2015,3,1,4,N, ,0,N, , , , , , , , ,2,0,0,0,1,0,1,0,0,0,0,0,1,1,0,0,0,0,0,0,0,0,0,0,0,0,0,0,0,0,0,0,0,0,0,8,0,39.903,-75.1556, , 
12651,130933,2016080404,6,67,67301,2016,7,6,1520,15,1,1,0,1,1, , ,N,1,2,0,3,0,3,5,3,N, ,40 01:56.091,75 02:12.611,1552, ,1545, ,0, , , ,3, , , , , , , , , ,3,3,0,0,0,0,0,0,0,0,0,2,3,1,0,0,0,0,0,0,0,0,0,2,0,0,0,0,0,0,0,0,0,0,0,4,0,40.0322,-75.0369, , 
12652,130939,2016080529,6,67,67301,2016,7,1,1212,12,1,1,0,1,1, , ,N,2,2,0,3,0,1,3,2,N,N,40 04:12.683,75 01:52.611,9999, ,9999, ,0, ,N, ,3, , , , , , , , , ,2,1,0,0,0,0,1,0,0,0,0,0,1,1,1,0,0,0,0,0,0,0,0,0,0,0,0,0,0,0,0,0,0,0,0,8,0,40.0702,-75.0313, , 
12653,130941,2016091607,6,67,67301,2016,8,7,1930,19,3,1,0,4,1, , ,N,1,3,0,3,0,1,2,2,N,N,39 56:33.039,75 09:48.758,1942, ,1935, ,0, ,N, ,3, , , , , , , , , ,1,0,0,0,0,0,1,0,1,0,0,1,1,0,0,0,0,0,0,0,0,0,0,0,0,0,0,0,0,0,0,0,0,0,0,4,0,39.9425,-75.1635, , 
12654,130943,2016087156,6,67,67301,2016,8,3,1745,17,1,1,0,8,1, , ,N,0,0,0,3,0,1,2,2,N,N,39 59:49.408,75 06:40.788,9999, ,1755, ,0, ,N, ,0, , , , , , , , , ,1,0,0,0,0,0,0,1,0,0,0,1,1,0,0,0,0,0,0,0,0,0,0,1,0,0,0,0,0,0,0,0,1,0,0,4,0,39.9971,-75.1113, , 
12655,130954,2016099621,6,67,67301,2016,9,4,2351,23,3,1,0,4,1, , ,N,1,3,0,3,0,1,2,2,N, ,40 02:33.356,75 04:38.675,1223, ,1222, ,0, , , ,3, , , , , , , , , ,2,2,0,0,0,0,0,0,0,0,0,1,1,0,0,0,0,0,0,0,1,0,0,0,0,0,0,0,0,0,0,0,0,0,0,4,0,40.0426,-75.0774, , 
12656,130969,2016058555,6,67,67301,2016,5,6,2230,22,3,1,0,4,1, , ,N,1,0,0,3,0,1,2,2,N,N,39 57:57.854,75 08:03.859,2230, ,2230, ,0, ,N, ,0, , , , , , , , , ,2,1,1,0,0,0,0,0,0,0,0,1,1,0,0,0,0,0,0,0,0,0,0,0,0,0,0,0,0,0,0,0,0,0,0,4,0,39.9661,-75.1344, , 
12657,130974,2016062665,6,67,67301,2016,5,4,1620,16,1,1,0,8,1, , ,N,1,2,0,3,0,1,2,2,N,N,39 58:17.277,75 13:33.037,1626, ,1624, ,0, ,N, ,3, , , , , , , , , ,1,0,0,0,0,0,1,0,0,0,0,0,1,1,0,0,0,0,0,0,0,0,0,0,0,0,0,0,0,0,0,0,1,0,0,8,0,39.9714,-75.2258, , 
12658,130990,2016080600,6,67,67301,2016,7,6,1900,19,4,9,0,3,1, , ,N,0,3,0,3,0,1,2,2,N,N,40 02:12.145,75 08:40.464,2214, ,2214, ,0, ,N, ,9, , , , , , , , , ,2,1,0,0,0,1,0,0,0,0,0,0,1,1,1,0,0,0,0,0,0,1,0,0,0,0,0,0,0,0,0,0,0,0,0,8,1,40.0367,-75.1446, , 
12659,130991,2016080868,6,67,67301,2016,7,3,10,0,3,1,0,1,1, , ,N,1,2,0,3,0,3,4,2,N,N,40 00:21.036,75 05:47.139,930, ,930, ,0, ,N, ,3, , , , , , , , , ,2,2,0,0,0,0,0,0,0,0,0,0,3,3,0,0,0,0,0,0,0,0,0,0,0,0,0,0,0,0,0,0,0,0,0,8,0,40.0058,-75.0964, , 
12660,131001,2016092177,6,67,67301,2016,8,7,1456,14,1,9,8,8,1, , ,N,1,2,0,3,0,1,2,2,N, ,39 58:11.253,75 08:29.393,1456, ,1456, ,0, , , ,3, , , , , , , , , ,1,0,0,0,1,0,0,0,0,0,0,1,1,0,0,0,0,0,0,0,0,0,0,1,0,0,0,0,0,0,0,0,1,0,0,4,0,39.9697,-75.1416, , 
12661,131002,2016103364,6,67,67301,2016,9,6,1319,13,1,2,1,7,4, , ,N,6,0,2,3,0,0,1,1,N,N,39 55:24.160,75 11:32.076,1340, ,1326,1,2,4, , ,0,N, , , , , , , , ,1,0,0,0,0,0,1,0,0,0,0,0,0,0,0,0,0,0,0,0,0,0,0,0,0,0,0,0,0,0,0,0,0,0,0,0,0,39.9234,-75.1922, , 
12662,131033,2016108605,6,67,67301,2016,10,5,914,9,1,1,0,4,1, , ,N,2,0,0,3,0,1,2,2,N,N,39 57:25.244,75 08:56.346,925, ,918, ,0, , , ,0, , , , , , , , , ,2,2,0,0,0,0,0,0,0,0,0,0,1,1,1,0,0,0,0,0,0,0,0,0,0,0,0,0,0,0,0,0,0,0,0,8,0,39.9571,-75.149, , 
12663,134236,2016051268,6,67,67301,2016,4,7,1959,19,3,1,0,4,1, , ,N,1,2,0,3,0,1,3,2,N,N,39 59:15.993,75 10:03.457,2000, ,2000,1,2,7,N, ,9,N, , , , , , , , ,2,1,0,0,0,0,0,1,0,0,0,1,1,0,0,0,0,0,0,0,0,1,0,0,0,0,0,0,0,0,0,0,0,0,0,4,0,39.9878,-75.1676, , 
12664,134246,2016008641,6,67,67301,2016,1,2,1145,11,1,1,0,4,1, , ,N,1,3,0,3,0,1,2,2,N,N,40 04:29.035,74 59:21.321,1157, ,1156, ,0, ,N, ,3, , , , , , , , , ,2,2,0,0,0,0,0,0,0,0,0,1,1,0,0,0,0,0,0,0,1,1,0,0,0,0,0,0,0,0,0,0,0,0,0,4,0,40.0747,-74.9893, , 
12665,134255,2016019764,6,67,67301,2016,1,6,2343,23,3,2,1,4,1, , ,N,1,2,0,3,0,1,2,2,N,N,39 57:34.356,75 13:15.366,55, ,43,2,1,6,N, ,3,Y, , , , , , , , ,2,2,0,0,0,0,0,0,0,0,0,0,1,1,0,0,0,0,0,0,0,0,0,0,0,0,0,0,0,0,0,0,0,0,0,8,0,39.9594,-75.2209, , 
12666,134264,2016029904,6,67,67301,2016,2,4,1203,12,1,1,0,4,1, , ,N,1,2,1,3,0,0,2,2,N, ,39 57:17.373,75 13:04.418,1207, ,1203,1,1,2, , ,3,Y, , , , , , , , ,2,2,0,0,0,0,0,0,0,0,0,0,0,0,0,0,0,0,0,0,1,0,0,0,0,0,0,0,0,0,0,0,0,0,0,0,0,39.9548,-75.2179, , 
12667,134282,2016048562,6,67,67301,2016,4,4,752,7,1,1,0,4,1, , ,N,5,3,0,3,0,3,5,2,N, ,40 00:19.389,75 08:45.272,800, ,757, ,0, ,N, ,3, , , , , , , , , ,2,2,0,0,0,0,0,0,0,0,0,3,3,0,0,0,0,0,0,0,0,0,0,0,0,0,0,0,0,0,0,0,0,0,0,4,0,40.0054,-75.1459, , 
12668,134293,2016019336,6,67,67301,2016,2,7,1239,12,1,1,0,1,1, , ,N,0,0,0,3,0,1,12,2,N,N,39 57:29.297,75 09:50.156,1248, ,1239,1,1,4, , ,0,N, , , , , , , , ,2,1,0,0,0,0,0,1,0,0,0,0,1,1,0,0,0,0,0,0,1,0,0,0,0,0,0,0,0,0,0,0,0,0,0,8,0,39.9581,-75.1639, , 
12669,134304,2016029844,6,67,67301,2016,3,1,1825,18,1,1,0,4,1, , ,N,1,2,0,3,0,1,3,2,N,N,40 05:09.739,75 12:42.976,1836, ,1835, ,0, ,N, ,3, , , , , , , , , ,2,0,0,0,0,0,2,0,0,0,0,1,1,0,0,0,0,0,0,0,2,0,0,0,0,0,0,0,0,0,0,0,0,0,0,4,0,40.0861,-75.2119, , 
12670,134306,2016033930,6,67,67301,2016,3,3,23,0,3,2,1,5,1, , ,N,0,0,0,3,0,1,2,2,N, ,39 55:47.931,75 09:46.710,45, ,45, ,0, , , ,0, , , , , , , , , ,1,1,0,0,0,0,0,0,1,0,0,1,1,0,0,0,0,0,0,0,0,0,0,0,0,0,0,0,0,0,0,0,0,0,0,4,0,39.93,-75.163, , 
12671,134317,2016047018,6,67,67301,2016,4,6,1800,18,1,1,0,4,1, , ,N,2,0,0,3,0,1,2,2,N, ,39 59:14.866,75 15:20.369,1815, ,1810, ,0, , , ,0, , , , , , , , , ,2,2,0,0,0,0,0,0,0,0,0,1,1,0,0,0,0,0,0,0,0,0,0,0,0,0,0,0,0,0,0,0,0,0,0,4,0,39.9875,-75.2557, , 
12672,134323,2016053659,6,67,67301,2016,5,6,749,7,1,2,1,4,1, , ,N,1,2,0,3,0,4,5,2,N,N,40 03:37.882,75 04:56.325,822, ,815,1,1,3,N, ,3,Y, , , , , , , , ,2,1,0,0,0,0,1,0,0,0,0,4,4,0,0,0,0,0,0,0,1,0,0,0,0,0,0,0,0,0,0,0,0,0,0,4,0,40.0605,-75.0823, , 
12673,134324,2016053748,6,67,67301,2016,5,5,1724,17,1,1,0,8,9, , ,N,1,2,0,3,0,1,2,2,N, ,39 55:32.060,75 14:03.558,1739, ,1730, ,0, , , ,3, , , , , , , , , ,1,1,0,0,0,0,0,0,0,0,0,1,1,0,0,0,0,0,0,0,0,0,0,0,0,0,0,0,0,0,0,0,1,0,0,4,0,39.9256,-75.2343, , 
12674,134338,2016013300,6,67,67301,2016,1,6,152,1,3,1,0,4,1, , ,N,3,3,0,3,0,1,2,2,N,N,39 58:54.066,75 11:03.267,154, ,152, ,0, ,N, ,3, , , , , , , , , ,2,2,0,0,0,0,0,0,0,0,1,0,1,0,0,0,0,0,0,0,0,0,0,1,0,0,0,0,0,0,0,0,0,0,0,3,0,39.9817,-75.1842, , 
12675,134339,2016013855,6,67,67301,2016,1,7,240,2,3,1,0,4,1, , ,N,1,2,0,3,0,2,3,2,N,N,40 01:28.408,75 07:50.218,249, ,248,1,1,2,N, ,3,N, , , , , , , , ,2,0,0,0,0,1,1,0,0,0,0,0,2,2,0,0,0,0,0,0,0,0,0,2,0,0,0,0,0,0,0,0,0,0,0,8,1,40.0246,-75.1306, , 
12676,134346,2016016573,6,67,67301,2016,1,7,2100,21,3,1,0,4,1, , ,N,0,0,7,3,0,1,3,2,N,N,39 54:50.624,75 08:58.379,2210, ,2202, ,0, ,N, ,0, , , , , , , , , ,2,1,0,1,0,0,0,0,0,0,0,0,1,1,0,0,0,1,0,0,1,0,0,1,0,0,0,0,0,0,0,0,0,0,0,8,1,39.9141,-75.1495, , 
12677,134349,2016020139,6,67,67301,2016,1,5,858,8,1,1,0,1,1, , ,N,0,0,0,3,0,1,3,3,N,N,39 57:35.951,75 10:46.737,859, ,859,2,1,4, , ,0,N, , , , , , , , ,3,0,0,0,0,0,1,1,0,0,0,0,1,1,1,0,0,0,0,0,0,0,0,0,0,0,0,0,0,0,0,0,0,0,0,8,0,39.96,-75.1796, , 
12678,134358,2016029431,6,67,67301,2016,2,4,1020,10,1,1,0,1,1, , ,N,0,0,0,3,0,1,2,2,N,N,40 01:50.988,75 05:34.965,1020, ,1020,1,1,4,N, ,0,N, , , , , , , , ,2,2,0,0,0,0,0,0,0,0,0,1,1,0,0,0,0,0,0,0,0,0,0,0,0,0,0,0,0,0,0,0,0,0,0,4,0,40.0308,-75.093, , 
12679,134359,2016029436,6,67,67301,2016,2,3,705,7,3,4,1,7,4, , ,N,0,0,0,3,0,1,1,1,N,N,40 06:51.726,74 59:13.654,9999, ,9999, ,0, ,N, ,0, , , , , , , , , ,1,1,0,0,0,0,0,0,0,0,0,0,1,1,0,0,0,0,0,0,1,0,0,0,0,0,0,0,0,0,0,0,0,0,0,8,0,40.1144,-74.9871, , 