objectid_1,objectid,crn,district,county,municipality,crash_year,crash_month,day_of_week,time_of_day,hour_of_day,illumination,weather,road_condition,collision_type,relation_to_road,work_zone_type,work_zone_loc,work_zone_ind,intersect_type,tcd_type,location_type,urban_rural,fatal_count,injury_count,person_count,total_units,sch_bus_ind,sch_zone_ind,latitude,longitude,arrival_tm,cons_zone_spd_lim,dispatch_tm,est_hrs_closed,lane_closed,ln_close_dir,ntfy_hiwy_maint,spec_juris_cd,tcd_func_cd,tfc_detour_ind,workers_pres,wz_close_detour,wz_flagger,wz_law_offcr_ind,wz_ln_closure,wz_moving,wz_other,wz_shlder_mdn,vehicle_count,automobile_count,motorcycle_count,bus_count,small_truck_count,heavy_truck_count,suv_count,van_count,bicycle_count,maj_inj_count,mod_inj_count,min_inj_count,tot_inj_count,unk_inj_deg_count,unk_inj_per_count,driver_count_16yr,driver_count_17yr,driver_count_18yr,driver_count_19yr,driver_count_20yr,driver_count_50_64yr,driver_count_65_74yr,driver_count_75plus,unbelted_occ_count,unb_death_count,unb_maj_inj_count,belted_death_count,belted_maj_inj_count,mcycle_death_count,mcycle_maj_inj_count,bicycle_death_count,bicycle_maj_inj_count,ped_count,ped_death_count,ped_maj_inj_count,max_severity_level,comm_veh_count,dec_lat,dec_long,rdwy_surf_type_cd,county_name
12680,134363,2016032033,6,67,67301,2016,3,5,1612,16,1,1,0,4,1, , ,N,1,3,0,3,0,1,3,2,N,N,39 59:15.666,75 10:01.099,1626, ,1624, ,0, , , ,3, , , , , , , , , ,2,1,0,0,0,0,1,0,0,0,0,1,1,0,0,0,0,0,0,0,1,0,0,0,0,0,0,0,0,0,0,0,0,0,0,4,0,39.9877,-75.167, , 
12681,137644,2016028342,6,67,67301,2016,2,4,720,7,1,9,0,8,1, , ,N,2,2,0,3,0,1,2,2,N,N,40 00:16.116,75 10:30.869,2220, ,2218, ,0, , , ,3, , , , , , , , , ,1,0,0,0,0,0,0,0,0,0,0,1,1,0,0,0,0,0,0,0,0,0,0,0,0,0,0,0,0,0,0,0,1,0,0,4,0,40.0045,-75.1753, , 
12682,137650,2016033501,6,67,67301,2016,3,2,629,6,1,1,6,7,4, , ,N,0,0,0,3,0,1,1,1,N,N,40 02:51.001,74 59:56.694,722, ,650, ,0, , , ,0, , , , , , , , , ,1,1,0,0,0,0,0,0,0,0,0,0,1,1,0,0,0,0,0,0,0,0,0,0,0,0,0,0,0,0,0,0,0,0,0,8,0,40.0475,-74.9991, , 
12683,137656,2016041226,6,67,67301,2016,3,7,1120,11,1,1,0,7,4, , ,N,7,0,2,3,0,0,1,1,N,N,40 02:42.975,75 00:06.797,1123, ,1123, ,0, , , ,0, , , , , , , , , ,1,0,0,0,0,0,1,0,0,0,0,0,0,0,1,0,0,0,0,0,0,0,0,1,0,0,0,0,0,0,0,0,0,0,0,9,0,40.0453,-75.0019, , 
12684,137685,2016022758,6,67,67301,2016,2,2,903,9,1,1,0,5,1,1,4,Y,0,0,0,3,0,0,2,2,N,N,40 00:10.507,75 04:39.568,908,45,903, ,0, , , ,0, ,Y,N,N,N,Y,N,N,Y,2,1,0,0,0,1,0,0,0,0,0,0,0,0,0,0,0,0,0,0,0,0,0,0,0,0,0,0,0,0,0,0,0,0,0,0,1,40.0029,-75.0777, , 
12685,137688,2016026049,6,67,67301,2016,2,7,242,2,3,1,0,8,1, , ,N,1,0,0,3,0,1,2,2,N, ,40 01:51.805,75 08:59.243,245, ,243, ,0, , , ,0, , , , , , , , , ,1,1,0,0,0,0,0,0,0,0,1,0,1,0,0,0,0,0,0,0,0,0,0,1,0,0,0,0,0,0,0,0,1,0,0,3,0,40.0311,-75.1498, , 
12686,137701,2016041048,6,67,67301,2016,4,3,9999,99,1,1,0,4,1, , ,N,1,2,0,3,0,1,2,2,N, ,39 59:34.547,75 13:03.608,9999, ,9999, ,0, , , ,3, , , , , , , , , ,2,0,0,0,0,0,2,0,0,0,0,0,1,1,0,0,0,0,0,0,1,0,0,0,0,0,0,0,0,0,0,0,0,0,0,8,0,39.993,-75.2176, , 
12687,137708,2016053816,6,67,67301,2016,5,1,1405,14,1,1,0,8,1, , ,N,0,0,0,3,0,1,2,2,N,N,40 07:01.542,75 02:16.029,1422, ,1409, ,0, , , ,0, , , , , , , , , ,1,1,0,0,0,0,0,0,0,0,0,0,1,1,0,0,0,0,0,0,1,0,0,1,0,0,0,0,0,0,0,0,1,0,0,8,0,40.1171,-75.0378, , 
12688,137732,2016026102,6,67,67301,2016,2,5,1130,11,1,1,0,5,6, , ,N,0,0,0,3,0,2,2,2,N,N,39 56:06.310,75 11:50.880,1134, ,1132, ,0, ,N, ,0, , , , , , , , , ,2,2,0,0,0,0,0,0,0,0,0,2,2,0,0,0,0,0,0,0,0,0,0,0,0,0,0,0,0,0,0,0,0,0,0,4,0,39.9351,-75.1975, , 
12689,137734,2016027588,6,67,67301,2016,2,2,2245,22,3,1,0,1,1, , ,N,3,0,2,3,0,0,3,2,N,N,40 01:11.152,75 08:36.668,2252, ,2249, ,0, ,N, ,0, , , , , , , , , ,2,2,0,0,0,0,0,0,0,0,0,0,0,0,0,0,0,0,0,0,0,0,0,0,0,0,0,0,0,0,0,0,0,0,0,0,0,40.0198,-75.1435, , 
12690,137741,2016032109,6,67,67301,2016,3,3,2358,23,3,1,0,4,1, , ,N,10,0,0,3,0,1,4,2,N, ,39 58:00.868,75 13:20.103,1, ,2358, ,0, , , ,0, , , , , , , , , ,1,1,0,0,0,0,0,0,1,0,0,0,1,1,0,0,0,0,0,0,0,0,0,0,0,0,0,0,0,0,0,0,0,0,0,8,0,39.9669,-75.2223, , 
12691,137742,2016032780,6,67,67301,2016,3,1,749,7,1,1,0,7,2, , ,N,0,0,0,3,0,0,1,1,N,N,39 57:45.775,75 11:00.556,803, ,759,2,1,3, , ,0,N, , , , , , , , ,1,1,0,0,0,0,0,0,0,0,0,0,0,0,0,0,0,0,0,0,0,0,0,0,0,0,0,0,0,0,0,0,0,0,0,0,0,39.9627,-75.1835, , 
12692,137743,2016033779,6,67,67301,2016,3,4,2027,20,3,1,0,4,1, , ,N,1,0,0,3,0,1,2,2,N,N,40 01:50.743,75 05:35.516,2035, ,2029, ,0, , , ,0, , , , , , , , , ,2,2,0,0,0,0,0,0,0,0,0,0,1,1,0,0,0,0,0,0,0,0,0,0,0,0,0,0,0,0,0,0,0,0,0,8,0,40.0308,-75.0932, , 
12693,137761,2016053689,6,67,67301,2016,5,1,2009,20,2,1,0,7,2, , ,N,0,0,0,3,0,1,1,1,N,N,40 01:50.500,75 09:30.100,2025, ,2017, ,0, , , ,0, , , , , , , , , ,1,1,0,0,0,0,0,0,0,0,1,0,1,0,0,0,0,0,0,0,1,0,0,0,0,0,0,0,0,0,0,0,0,0,0,3,0,40.0307,-75.1584, , 
12694,137770,2016008595,6,67,67301,2016,1,7,2045,20,3,1,0,7,4, , ,N,0,0,0,3,0,4,4,1,N,N,39 55:16.697,75 11:25.913,2050, ,2046,3,2,1,N, ,0,Y, , , , , , , , ,1,1,0,0,0,0,0,0,0,0,0,0,4,4,0,0,0,0,0,0,0,0,0,0,0,0,0,0,0,0,0,0,0,0,0,8,0,39.9213,-75.1905, , 
12695,137780,2016022014,6,67,67301,2016,1,6,510,5,2,1,0,8,1, , ,N,1,2,0,3,0,1,2,2,N,N,39 57:18.756,75 10:10.405,545, ,522, ,0, ,N, ,3, , , , , , , , , ,1,1,0,0,0,0,0,0,0,0,0,0,1,1,0,0,0,0,0,0,1,0,0,0,0,0,0,0,0,0,0,0,1,0,0,8,0,39.9552,-75.1696, , 
12696,137788,2016029753,6,67,67301,2016,3,4,113,1,3,2,1,7,2, , ,N,0,0,0,3,0,1,1,1,N,N,40 01:16.257,75 08:25.737,120, ,113,1,1,2,N, ,0,N, , , , , , , , ,1,1,0,0,0,0,0,0,0,0,0,1,1,0,0,0,0,0,0,0,1,0,0,1,0,0,0,0,0,0,0,0,0,0,0,4,0,40.0212,-75.1405, , 
12697,137829,2016017062,6,67,67301,2016,1,6,1205,12,1,1,0,8,1, , ,N,0,0,0,3,0,1,2,2,N,Y,39 58:55.337,75 14:21.420,1207, ,1205, ,0, ,N, ,0, , , , , , , , , ,1,1,0,0,0,0,0,0,0,0,1,0,1,0,0,0,0,0,0,0,0,1,0,1,0,0,0,0,0,0,0,0,1,0,0,3,0,39.982,-75.2393, , 
12698,137836,2016026858,6,67,67301,2016,2,5,750,7,1,4,1,8,1, , ,N,0,0,0,3,0,1,2,2,N, ,40 00:38.133,75 09:03.413,916, ,911, ,0, ,N, ,0, , , , , , , , , ,1,0,0,0,0,0,0,0,0,0,0,0,1,1,0,0,0,0,0,0,0,0,0,0,0,0,0,0,0,0,0,0,1,0,0,8,0,40.0106,-75.1509, , 
12699,137841,2016033794,6,67,67301,2016,3,6,2344,23,3,1,0,7,4, , ,N,2,0,0,3,0,1,4,1,N,N,39 59:42.078,75 04:40.635,5, ,2344, ,0, ,N, ,0, , , , , , , , , ,1,1,0,0,0,0,0,0,0,0,1,0,1,0,0,0,0,0,0,0,0,0,0,1,0,0,0,0,0,0,0,0,0,0,0,3,0,39.995,-75.078, , 
12700,142649,2016029848,6,67,67301,2016,2,4,1414,14,1,1,0,4,1, , ,N,1,2,0,3,0,1,3,2,N, ,39 57:17.373,75 13:04.418,1423, ,1418, ,0, , , ,2, , , , , , , , , ,2,1,0,0,0,0,1,0,0,0,0,0,1,1,1,0,0,0,0,0,0,0,0,3,0,0,0,0,0,0,0,0,0,0,0,8,0,39.9548,-75.2179, , 
12701,142669,2016051283,6,67,67301,2016,4,3,1818,18,1,1,0,8,1, , ,N,1,2,0,3,0,1,2,2,N,N,40 01:16.956,75 08:54.571,1825, ,1818, ,0, ,N, ,3, , , , , , , , , ,1,1,0,0,0,0,0,0,0,0,1,0,1,0,0,0,0,0,0,0,0,0,0,1,0,0,0,0,0,0,0,0,1,0,0,3,0,40.0214,-75.1485, , 
12702,142671,2016053760,6,67,67301,2016,5,1,2340,23,3,1,0,7,2, , ,N,0,0,0,3,0,0,1,2,N, ,39 56:00.283,75 10:21.946,2355, ,2350, ,0, , , ,0, , , , , , , , , ,2,1,0,0,0,0,1,0,0,0,0,0,0,0,0,0,0,0,0,0,1,0,0,1,0,0,0,0,0,0,0,0,0,0,0,0,0,39.9334,-75.1728, , 
12703,142700,2016029914,6,67,67301,2016,3,7,216,2,3,1,0,1,2, , ,N,0,0,0,3,0,1,1,2,N,N,39 56:12.771,75 12:45.072,217, ,217,9,1,3,N, ,0,Y, , , , , , , , ,2,1,0,0,0,1,0,0,0,0,0,0,1,1,0,0,0,0,0,0,0,0,0,0,0,0,0,0,0,0,0,0,0,0,0,8,1,39.9369,-75.2125, , 
12704,142707,2016036519,6,67,67301,2016,3,1,1850,18,4,2,1,1,1, , ,N,1,2,0,3,0,3,5,2,N,N,39 57:25.085,75 13:31.946,1916, ,1916, ,0, ,N, ,3, , , , , , , , , ,2,1,0,0,0,0,1,0,0,0,0,3,3,0,0,0,0,0,0,0,1,0,0,0,0,0,0,0,0,0,0,0,0,0,0,4,0,39.957,-75.2255, , 
12705,142708,2016040182,6,67,67301,2016,4,3,1333,13,1,1,0,1,1, , ,N,0,0,0,3,0,0,2,2,N,N,39 57:26.401,75 09:30.569,1336, ,1333, ,0, , , ,0, , , , , , , , , ,2,1,0,0,0,0,1,0,0,0,0,0,0,0,0,0,0,0,0,0,0,1,0,0,0,0,0,0,0,0,0,0,0,0,0,0,0,39.9573,-75.1585, , 
12706,142712,2016046114,6,67,67301,2016,4,7,1455,14,1,1,0,4,1, , ,N,0,0,7,3,0,1,3,2,N,N,40 00:11.928,75 09:58.365,1500, ,1500,9,1,3,N, ,0,N, , , , , , , , ,2,1,0,0,0,0,0,0,0,0,1,0,1,0,0,0,0,0,0,0,0,0,0,0,0,0,0,0,0,0,0,0,0,0,0,3,0,40.0033,-75.1662, , 
12707,142719,2016052342,6,67,67301,2016,5,1,20,0,3,2,1,6,1, , ,N,0,0,0,3,0,1,2,2,N,N,40 03:42.459,75 11:59.901,32, ,22,1,1,1,N, ,0,N, , , , , , , , ,2,1,0,0,0,0,1,0,0,0,0,1,1,0,0,0,0,0,0,0,1,0,0,0,0,0,0,0,0,0,0,0,0,0,0,4,0,40.0618,-75.2, , 
12708,142721,2016053755,6,67,67301,2016,5,3,1547,15,1,1,0,4,1, , ,N,1,2,0,3,0,1,2,2,N,N,39 57:41.633,75 09:06.417,1555, ,1547, ,0, ,N, ,3, , , , , , , , , ,2,1,0,0,0,0,1,0,0,0,0,1,1,0,0,0,0,0,0,0,0,0,0,0,0,0,0,0,0,0,0,0,0,0,0,4,0,39.9615,-75.1517, , 
12709,142740,2016013306,6,67,67301,2016,1,4,1111,11,1,1,0,4,1, , ,N,1,3,0,3,0,1,2,2,N, ,40 03:13.921,75 03:38.401,1121, ,1117,1,1,1, , ,3,Y, , , , , , , , ,2,2,0,0,0,0,0,0,0,0,0,1,1,0,0,0,0,0,0,0,0,1,0,0,0,0,0,0,0,0,0,0,0,0,0,4,0,40.0539,-75.0607, , 
12710,142747,2016019173,6,67,67301,2016,1,7,1215,12,1,1,0,5,1, , ,N,1,2,0,3,0,0,3,4,N,N,39 57:22.004,75 12:21.970,1250, ,1236, ,0, ,N, ,3, , , , , , , , , ,4,2,0,0,0,0,1,1,0,0,0,0,0,0,0,0,0,0,0,0,0,0,0,3,0,0,0,0,0,0,0,0,0,0,0,0,0,39.9561,-75.2061, , 
12711,142782,2016013814,6,67,67301,2016,1,7,1231,12,1,1,0,4,1, , ,N,1,2,0,3,0,1,2,2,N, ,39 59:16.184,75 10:50.095,1300, ,1235, ,0, , , ,3, , , , , , , , , ,2,2,0,0,0,0,0,0,0,0,1,0,1,0,1,0,0,0,0,0,0,0,0,0,0,0,0,0,0,0,0,0,0,0,0,3,0,39.9878,-75.1806, , 
12712,142788,2016019868,6,67,67301,2016,1,1,750,7,1,1,0,5,1, , ,N,1,2,6,3,0,2,3,3,N,N,40 02:24.861,75 03:30.268,758, ,754,2,2,1,N, ,3,Y, , , , , , , , ,3,1,0,0,0,0,2,0,0,0,0,0,2,2,0,0,0,0,0,0,1,0,0,0,0,0,0,0,0,0,0,0,0,0,0,8,0,40.0402,-75.0584, , 
12713,142790,2016022028,6,67,67301,2016,2,6,1030,10,1,2,1,7,4, , ,N,1,2,0,3,0,1,2,1,N,N,40 00:10.925,75 10:38.163,1057, ,1034, ,0, , , ,3, , , , , , , , , ,1,0,0,0,1,0,0,0,0,0,0,1,1,0,1,0,0,0,0,0,0,0,0,0,0,0,0,0,0,0,0,0,0,0,0,4,0,40.0031,-75.1773, , 
12714,142797,2016036436,6,67,67301,2016,3,6,9999,99,1,1,0,4,1, , ,N,2,3,0,3,0,1,2,2,N,N,39 56:28.874,75 12:52.905,1510, ,1502, ,0, ,N, ,3, , , , , , , , , ,1,0,0,0,0,0,1,0,1,0,0,1,1,0,0,0,0,0,0,0,0,0,0,1,0,0,0,0,0,0,0,0,0,0,0,4,0,39.9414,-75.2147, , 
12715,142831,2016016589,6,67,67301,2016,1,4,1631,16,1,1,1,4,1, , ,N,1,2,0,3,0,0,2,2,N,N,39 58:24.348,75 09:38.721,1637, ,1635,9,1,3,N, ,3,N, , , , , , , , ,2,2,0,0,0,0,0,0,0,0,0,0,0,0,0,0,0,0,0,0,1,0,0,0,0,0,0,0,0,0,0,0,0,0,0,0,0,39.9734,-75.1608, , 
12716,142834,2016019343,6,67,67301,2016,2,3,837,8,1,4,1,7,2, , ,N,0,0,0,3,0,1,1,1,N,N,39 53:33.010,75 13:32.020,850, ,839,2,2,1, , ,0,N, , , , , , , , ,1,1,0,0,0,0,0,0,0,0,0,0,1,1,0,0,0,0,0,0,0,0,0,0,0,0,0,0,0,0,0,0,0,0,0,8,0,39.8925,-75.2256, , 
12717,142851,2016033095,6,67,67301,2016,3,3,1850,18,3,1,0,4,1, , ,N,1,2,0,3,0,3,6,3,N,N,40 00:30.704,75 12:38.642,9999, ,9999,3,1,4,N, ,3,N, , , , , , , , ,3,2,0,0,0,0,1,0,0,0,0,0,3,3,0,0,0,0,0,0,0,1,0,0,0,0,0,0,0,0,0,0,0,0,0,8,0,40.0085,-75.2107, , 
12718,131044,2016117756,6,67,67301,2016,10,7,1722,17,1,1,1,7,4, , ,N,1,2,0,3,0,0,1,1,N,N,39 54:53.676,75 14:04.783,9999, ,9999,2,1,1,N, ,3,N, , , , , , , , ,1,0,0,0,0,0,0,1,0,0,0,0,0,0,0,0,0,0,0,0,0,0,1,0,0,0,0,0,0,0,0,0,0,0,0,0,0,39.9149,-75.2347, , 
12719,131069,2016068652,6,67,67301,2016,6,1,0,0,2,1,0,1,1, , ,N,0,0,0,3,0,2,2,2,N,N,40 05:22.091,75 01:14.645,8, ,4, ,0, ,N, ,0, , , , , , , , , ,2,1,0,0,0,1,0,0,0,1,1,0,2,0,0,0,0,0,0,0,1,0,0,0,0,0,0,0,0,0,0,0,0,0,0,2,1,40.0895,-75.0207, , 
12720,131096,2016108599,6,67,67301,2016,10,1,515,5,3,2,1,4,1, , ,N,1,3,0,3,0,2,4,4,N,N,39 55:01.315,75 13:53.882,523, ,516,2,2,5, , ,3,Y, , , , , , , , ,4,3,0,0,0,0,1,0,0,0,0,1,2,1,0,0,0,0,0,0,0,0,0,2,0,0,0,0,0,0,0,0,0,0,0,4,0,39.917,-75.2316, , 
12721,131118,2016070651,6,67,67301,2016,6,4,740,7,1,1,0,1,1, , ,N,0,0,0,3,0,1,6,4,N,N,40 01:32.175,75 07:32.060,805, ,740,2,1,2,N, ,0,N, , , , , , , , ,4,2,0,0,0,0,1,1,0,0,0,0,1,1,0,0,0,0,0,0,2,0,0,0,0,0,0,0,0,0,0,0,0,0,0,8,0,40.0256,-75.1256, , 
12722,131128,2016087651,6,67,67301,2016,8,3,1319,13,1,1,0,4,1, , ,N,2,0,0,3,0,1,4,2,N,N,39 54:14.630,75 13:34.143,1320, ,1320, ,0, ,N, ,0, , , , , , , , , ,2,2,0,0,0,0,0,0,0,0,0,1,1,0,0,0,0,0,0,0,1,0,0,0,0,0,0,0,0,0,0,0,0,0,0,4,0,39.9041,-75.2262, , 
12723,131134,2016097125,6,67,67301,2016,8,4,950,9,1,1,0,1,1, , ,N,1,2,2,3,0,0,2,2,N,N,39 57:13.622,75 08:34.406,1010, ,1000, ,0, , , ,3, , , , , , , , , ,2,1,0,0,0,0,1,0,0,0,0,0,0,0,0,0,0,0,0,0,0,0,0,0,0,0,0,0,0,0,0,0,0,0,0,0,0,39.9538,-75.1429, , 
12724,131136,2016091691,6,67,67301,2016,8,7,402,4,3,1,0,4,1, , ,N,1,2,0,3,0,0,4,2,N,N,39 58:46.036,75 13:31.401,428, ,402,2,1,3, , ,3,Y, , , , , , , , ,2,0,0,0,0,0,2,0,0,0,0,0,0,0,1,0,0,0,0,0,1,0,0,0,0,0,0,0,0,0,0,0,0,0,0,9,0,39.9794,-75.2253, , 
12725,131156,2016112164,6,67,67301,2016,10,1,1745,17,1,1,0,4,1, , ,N,1,2,0,3,0,3,3,2,N,N,39 59:30.475,75 11:10.951,1755, ,1750, ,0, ,N, ,3, , , , , , , , , ,2,1,0,0,0,0,1,0,0,0,0,0,3,3,0,0,0,0,0,0,0,0,0,0,0,0,0,0,0,0,0,0,0,0,0,8,0,39.9918,-75.1864, , 
12726,131163,2016067823,6,67,67301,2016,6,6,625,6,1,2,0,7,4, , ,N,0,0,0,3,0,1,1,1,N,N,40 00:59.645,75 12:09.769,640, ,630,1,1,1,N, ,0,N, , , , , , , , ,1,0,0,0,0,0,1,0,0,0,0,1,1,0,0,0,0,0,0,0,0,0,0,0,0,0,0,0,0,0,0,0,0,0,0,4,0,40.0166,-75.2027, , 
12727,131185,2016087618,6,67,67301,2016,8,6,1620,16,1,2,1,7,5, , ,N,0,0,0,3,0,2,2,1,N,N,40 01:39.610,75 11:27.858,1638, ,1627,1,2,1,N, ,0,N, , , , , , , , ,1,1,0,0,0,0,0,0,0,0,0,1,2,1,0,0,0,0,0,1,0,0,0,0,0,0,0,0,0,0,0,0,0,0,0,4,0,40.0277,-75.1911, , 
12728,131195,2016109056,6,67,67301,2016,10,7,1908,19,3,2,1,8,1, , ,N,0,0,0,3,0,1,4,2,N,N,39 58:08.905,75 13:44.885,1910, ,1908, ,0, ,N, ,0, , , , , , , , , ,1,1,0,0,0,0,0,0,0,0,0,1,1,0,0,0,0,0,0,0,0,0,0,0,0,0,0,0,0,0,0,0,1,0,0,4,0,39.9691,-75.2291, , 
12729,131205,2016053775,6,67,67301,2016,5,5,2300,23,3,1,0,4,1, , ,N,1,2,0,3,0,2,3,2,N, ,40 00:31.197,75 04:08.216,2308, ,2308, ,0, , , ,3, , , , , , , , , ,2,1,0,0,0,0,1,0,0,0,1,1,2,0,0,0,0,0,0,0,0,0,0,1,0,0,0,0,0,0,0,0,0,0,0,3,0,40.0086,-75.0688, , 
12730,131210,2016058626,6,67,67301,2016,5,6,1112,11,1,1,0,4,1, , ,N,1,3,0,3,0,2,2,2,N,N,39 56:00.816,75 11:32.211,1119, ,1115, ,0, ,N, ,3, , , , , , , , , ,2,1,0,0,0,0,1,0,0,0,0,0,2,2,0,0,0,0,0,0,0,0,0,0,0,0,0,0,0,0,0,0,0,0,0,8,0,39.9336,-75.1923, , 
12731,131212,2016062560,6,67,67301,2016,5,7,930,9,1,1,0,4,1, , ,N,1,3,0,3,0,3,3,4,N,N,39 59:12.339,75 06:30.121,938, ,935, ,0, ,N, ,3, , , , , , , , , ,4,2,0,0,0,0,2,0,0,0,2,1,3,0,0,0,0,0,0,0,0,0,0,0,0,0,0,0,0,0,0,0,0,0,0,3,0,39.9868,-75.1084, , 
12732,131214,2016064014,6,67,67301,2016,6,6,1525,15,1,1,0,4,1, , ,N,1,3,0,3,0,2,3,2,N, ,40 00:04.734,75 08:17.437,1555, ,1530, ,0, , , ,3, , , , , , , , , ,2,1,0,0,0,0,1,0,0,0,0,2,2,0,0,0,0,0,0,0,0,1,1,0,0,0,0,0,0,0,0,0,0,0,0,4,0,40.0013,-75.1382, , 
12733,131222,2016068731,6,67,67301,2016,6,4,145,1,3,1,0,7,2, , ,N,0,0,2,3,0,1,1,1,N,N,40 00:20.448,75 11:37.864,150, ,145,3,2,1, , ,0,Y, , , , , , , , ,1,0,1,0,0,0,0,0,0,0,1,0,1,0,0,0,0,0,0,0,0,0,0,0,0,0,0,0,0,0,0,0,0,0,0,3,0,40.0057,-75.1939, , 
12734,131244,2016091674,6,67,67301,2016,8,6,0,0,3,2,1,6,1, , ,N,2,0,0,3,0,1,2,2,N,N,40 00:41.094,75 08:37.089,605, ,0, ,0, ,N, ,0, , , , , , , , , ,2,1,0,0,1,0,0,0,0,0,0,1,1,0,0,0,0,0,0,0,0,0,0,2,0,0,0,0,0,0,0,0,0,0,0,4,0,40.0114,-75.1436, , 
12735,131245,2016097199,6,67,67301,2016,8,1,1535,15,1,1,0,4,1, , ,N,2,2,2,3,0,0,2,2,N,N,39 58:29.370,75 11:54.251,1550, ,1545, ,0, ,N, ,3, , , , , , , , , ,2,1,0,0,0,0,1,0,0,0,0,0,0,0,0,0,0,0,0,0,0,0,0,0,0,0,0,0,0,0,0,0,0,0,0,0,0,39.9747,-75.1984, , 
12736,134365,2016035357,6,67,67301,2016,3,6,1845,18,1,1,0,4,1, , ,N,0,0,7,3,0,0,2,2,N,N,39 57:15.531,75 09:04.423,2359, ,2343, ,0, ,N, ,0, , , , , , , , , ,2,2,0,0,0,0,0,0,0,0,0,0,0,0,0,0,0,0,0,0,0,0,0,0,0,0,0,0,0,0,0,0,0,0,0,0,0,39.9543,-75.1512, , 
12737,134376,2016052163,6,67,67301,2016,3,3,2130,21,3,1,0,1,1, , ,N,0,0,0,3,0,1,2,2, , ,39 56:46.994,75 14:15.542,0, ,0, ,0, , , ,0, , , , , , , , , ,2,2,0,0,0,0,0,0,0,1,0,0,1,0,1,0,0,0,0,0,0,1,0,0,0,0,0,1,0,0,0,0,0,0,0,2,0,39.9464,-75.2377, , 
12738,134378,2016054162,6,67,67301,2016,4,2,1408,14,1,1,0,4,1, , ,N,1,2,0,3,0,2,2,2,N,N,39 57:18.878,75 12:41.782,1415, ,1410, ,0, ,N, ,2, , , , , , , , , ,2,2,0,0,0,0,0,0,0,0,0,0,2,2,0,0,0,0,0,0,1,0,0,0,0,0,0,0,0,0,0,0,0,0,0,8,0,39.9552,-75.2116, , 
12739,134388,2016013745,6,67,67301,2016,1,3,2157,21,3,1,0,4,1, , ,N,1,2,0,3,0,0,2,2,N,N,40 03:15.451,75 04:17.588,2205, ,2158, ,0, , , ,3, , , , , , , , , ,2,1,0,0,0,0,1,0,0,0,0,0,0,0,0,0,0,0,2,0,0,0,0,0,0,0,0,0,0,0,0,0,0,0,0,0,0,40.0543,-75.0716, , 
12740,134392,2016017060,6,67,67301,2016,1,1,2140,21,3,4,4,7,4, , ,N,5,2,0,3,0,1,1,1,N, ,39 59:57.271,75 08:50.495,2149, ,2147,1,1,2, , ,3,N, , , , , , , , ,1,1,0,0,0,0,0,0,0,0,1,0,1,0,0,0,1,0,0,0,0,0,0,0,0,0,0,0,0,0,0,0,0,0,0,3,0,39.9992,-75.1474, , 
12741,134401,2016027589,6,67,67301,2016,2,3,9999,99,2,2,1,8,1, , ,N,1,2,0,3,0,1,2,2,N,N,39 59:58.826,75 12:34.952,1835, ,1823, ,0, ,N, ,3, , , , , , , , , ,1,1,0,0,0,0,0,0,0,0,0,0,1,1,0,0,0,0,0,0,1,0,0,0,0,0,0,0,0,0,0,0,1,0,0,8,0,39.9997,-75.2097, , 
12742,134402,2016028349,6,67,67301,2016,2,7,1220,12,1,1,0,4,1, , ,N,0,0,0,3,0,4,5,2,N,N,39 54:59.411,75 13:04.779,1230, ,1225, ,0, ,N, ,0, , , , , , , , , ,2,1,0,0,0,0,1,0,0,0,0,4,4,0,1,0,0,0,0,0,0,0,0,0,0,0,0,0,0,0,0,0,0,0,0,4,0,39.9165,-75.218, , 
12743,134426,2016053768,6,67,67301,2016,5,7,551,5,1,2,1,2,1, , ,N,0,0,0,3,0,1,2,2,N,N,39 58:21.729,75 13:01.671,605, ,551, ,0, ,N, ,0, , , , , , , , , ,2,1,0,0,0,0,1,0,0,0,0,0,1,1,0,0,0,0,0,1,0,0,0,0,0,0,0,0,0,0,0,0,0,0,0,8,0,39.9727,-75.2171, , 
12744,134428,2016056016,6,67,67301,2016,5,4,2058,20,2,1,0,4,1, , ,N,1,3,0,3,0,1,3,2,N,N,39 56:51.985,75 12:41.108,2100, ,2100,1,1,4,N, ,3,N, , , , , , , , ,2,1,0,0,0,0,1,0,0,0,0,1,1,0,0,0,0,0,0,0,0,1,0,0,0,0,0,0,0,0,0,0,0,0,0,4,0,39.9478,-75.2114, , 
12745,134450,2016036384,6,67,67301,2016,3,5,1136,11,1,1,0,8,1, , ,N,1,3,0,3,0,1,2,2,N,N,39 59:51.432,75 07:46.127,1146, ,1136, ,0, ,N, ,3, , , , , , , , , ,1,0,0,0,0,0,0,0,0,0,0,1,1,0,0,0,0,0,0,0,0,0,0,0,0,0,0,0,0,0,0,0,1,0,0,4,0,39.9976,-75.1295, , 
12746,134462,2016052224,6,67,67301,2016,2,7,2300,23,3,1,0,0,1, , ,N,0,0,0,3,0,1,1,2,N,N,39 54:03.292,75 14:55.340,0, ,0, ,0, ,N, ,0, , , , , , , , , ,1,0,0,0,0,0,1,0,0,0,0,0,1,1,0,0,0,0,0,0,0,0,0,1,0,0,0,0,0,0,0,0,0,0,0,8,0,39.9009,-75.2487, , 