objectid_1,objectid,crn,district,county,municipality,crash_year,crash_month,day_of_week,time_of_day,hour_of_day,illumination,weather,road_condition,collision_type,relation_to_road,work_zone_type,work_zone_loc,work_zone_ind,intersect_type,tcd_type,location_type,urban_rural,fatal_count,injury_count,person_count,total_units,sch_bus_ind,sch_zone_ind,latitude,longitude,arrival_tm,cons_zone_spd_lim,dispatch_tm,est_hrs_closed,lane_closed,ln_close_dir,ntfy_hiwy_maint,spec_juris_cd,tcd_func_cd,tfc_detour_ind,workers_pres,wz_close_detour,wz_flagger,wz_law_offcr_ind,wz_ln_closure,wz_moving,wz_other,wz_shlder_mdn,vehicle_count,automobile_count,motorcycle_count,bus_count,small_truck_count,heavy_truck_count,suv_count,van_count,bicycle_count,maj_inj_count,mod_inj_count,min_inj_count,tot_inj_count,unk_inj_deg_count,unk_inj_per_count,driver_count_16yr,driver_count_17yr,driver_count_18yr,driver_count_19yr,driver_count_20yr,driver_count_50_64yr,driver_count_65_74yr,driver_count_75plus,unbelted_occ_count,unb_death_count,unb_maj_inj_count,belted_death_count,belted_maj_inj_count,mcycle_death_count,mcycle_maj_inj_count,bicycle_death_count,bicycle_maj_inj_count,ped_count,ped_death_count,ped_maj_inj_count,max_severity_level,comm_veh_count,dec_lat,dec_long,rdwy_surf_type_cd,county_name
13017,131991,2016026140,6,67,67301,2016,2,7,419,4,3,1,0,4,1, , ,N,1,2,0,3,0,0,2,2,N,N,40 01:20.289,75 09:43.290,420, ,420, ,0, ,N, ,3, , , , , , , , , ,2,1,0,0,0,0,1,0,0,0,0,0,0,0,0,0,0,0,0,0,1,0,0,0,0,0,0,0,0,0,0,0,0,0,0,0,0,40.0223,-75.162, , 
13018,131996,2016029882,6,67,67301,2016,3,6,850,8,1,4,1,4,1, , ,N,2,0,0,3,0,0,2,2,N, ,39 56:37.828,75 14:16.183,850, ,850, ,0, , , ,0, , , , , , , , , ,2,1,0,0,0,0,0,1,0,0,0,0,0,0,1,0,0,0,0,0,1,0,0,0,0,0,0,0,0,0,0,0,0,0,0,9,0,39.9438,-75.2378, , 
13019,132014,2016048679,6,67,67301,2016,4,2,1710,17,1,1,0,4,1, , ,N,5,2,3,3,0,2,2,2,N,N,40 03:33.132,75 02:38.341,1724, ,1714, ,0, ,N, ,3, , , , , , , , , ,2,2,0,0,0,0,0,0,0,0,0,2,2,0,0,0,0,0,0,0,2,0,0,0,0,0,0,0,0,0,0,0,0,0,0,4,0,40.0592,-75.044, , 
13020,132016,2016051228,6,67,67301,2016,1,6,1455,14,1,1,0,7,1, , ,N,0,0,0,3,0,0,1,1,N,N,39 58:58.413,75 05:56.032,0, ,0, ,0, ,N, ,0, , , , , , , , , ,1,1,0,0,0,0,0,0,0,0,0,0,0,0,0,0,0,0,0,0,1,0,0,1,0,0,0,0,0,0,0,0,0,0,0,0,0,39.9829,-75.0989, , 
13021,132019,2016054236,6,67,67301,2016,5,2,929,9,1,1,0,1,1, , ,N,0,0,0,3,0,1,2,2,N,N,39 58:02.358,75 07:59.303,1006, ,943, ,0, , , ,0, , , , , , , , , ,2,0,0,0,1,0,0,1,0,0,1,0,1,0,0,0,0,0,0,0,0,0,0,0,0,0,0,0,0,0,0,0,0,0,0,3,0,39.9673,-75.1331, , 
13022,132031,2016013860,6,67,67301,2016,1,6,1948,19,3,1,0,7,4, , ,N,0,0,0,3,0,1,1,1,N,N,39 58:11.163,75 11:15.574,1956, ,1948,1,1,5,N, ,0,N, , , , , , , , ,1,1,0,0,0,0,0,0,0,0,0,1,1,0,0,0,0,0,0,0,0,0,0,0,0,0,0,0,0,0,0,0,0,0,0,4,0,39.9698,-75.1877, , 
13023,132032,2016014001,6,67,67301,2016,1,7,452,4,3,2,1,5,6, , ,N,0,0,0,3,0,1,3,2,N,N,39 58:19.690,75 08:58.599,505, ,457, ,0, ,N, ,0, , , , , , , , , ,2,1,0,0,0,0,1,0,0,0,0,0,1,1,0,0,0,0,0,0,0,0,0,0,0,0,0,0,0,0,0,0,0,0,0,8,0,39.9721,-75.1496, , 
13024,132060,2016052281,6,67,67301,2016,4,2,2148,21,3,1,0,5,1, , ,N,1,2,0,3,0,1,2,2,N, ,39 59:38.951,75 09:22.386,2149, ,2149, ,0, , , ,3, , , , , , , , , ,2,1,0,0,0,0,0,1,0,0,0,1,1,0,0,0,0,0,0,0,0,0,0,2,0,0,0,0,0,0,0,0,0,0,0,4,0,39.9941,-75.1562, , 
13025,132095,2016031081,6,67,67301,2016,2,5,1805,18,3,1,0,8,1, , ,N,0,0,0,3,0,1,2,2,N,N,40 03:08.097,75 10:17.900,1810, ,1810,2,2,3,N, ,0,Y, , , , , , , , ,1,1,0,0,0,0,0,0,0,0,1,0,1,0,0,0,0,0,0,0,0,0,0,0,0,0,0,0,0,0,0,0,1,0,0,3,0,40.0522,-75.1716, , 
13026,132108,2016044513,6,67,67301,2016,4,7,1145,11,1,1,1,7,4, , ,N,0,0,1,3,0,0,2,1,N,N,40 00:25.393,75 11:30.743,1154, ,1151,2,2,4,N, ,0,N, , , , , , , , ,1,0,0,0,1,0,0,0,0,0,0,0,0,0,0,0,0,0,0,0,0,0,0,0,0,0,0,0,0,0,0,0,0,0,0,0,0,40.0071,-75.1919, , 
13027,132110,2016045735,6,67,67301,2016,4,2,9999,99,1,8,1,1,6, , ,N,0,0,0,3,0,1,2,4,N,N,39 59:10.947,75 08:29.318,810, ,805,1,1,1,N, ,0,N, , , , , , , , ,4,3,0,0,1,0,0,0,0,0,0,1,1,0,0,0,0,0,0,0,0,0,0,0,0,0,0,0,0,0,0,0,0,0,0,4,0,39.9864,-75.1415, , 
13028,132116,2016058621,6,67,67301,2016,5,7,613,6,5,1,0,7,4, , ,N,0,0,0,3,0,0,1,1,N,N,40 06:53.061,74 59:15.136,635, ,614,2,1,2,Y, ,0,N, , , , , , , , ,1,1,0,0,0,0,0,0,0,0,0,0,0,0,0,0,0,0,0,0,0,0,0,0,0,0,0,0,0,0,0,0,0,0,0,0,0,40.1147,-74.9875, , 
13029,132122,2016013931,6,67,67301,2016,1,1,210,2,3,2,1,5,6, , ,N,0,0,0,3,0,0,1,2,N,N,40 02:35.032,75 08:49.736,224, ,221, ,0, ,N, ,0, , , , , , , , , ,2,0,0,0,0,0,2,0,0,0,0,0,0,0,0,0,0,0,0,0,0,0,0,0,0,0,0,0,0,0,0,0,0,0,0,0,0,40.0431,-75.1471, , 
13030,135239,2016046129,6,67,67301,2016,4,5,1807,18,1,1,0,4,1, , ,N,1,3,0,3,0,1,2,2,N,N,39 56:01.248,75 13:53.583,1820, ,1810, ,0, ,N, ,3, , , , , , , , , ,1,0,0,0,0,0,0,1,1,0,0,1,1,0,0,0,0,0,0,0,0,0,0,1,0,0,0,0,0,0,0,0,0,0,0,4,0,39.9337,-75.2316, , 
13031,135240,2016048555,6,67,67301,2016,4,6,1100,11,1,1,0,5,6, , ,N,0,0,0,3,0,0,1,2,N, ,39 55:38.231,75 11:00.913,1111, ,1107, ,0, , , ,0, , , , , , , , , ,2,1,0,0,0,0,1,0,0,0,0,0,0,0,1,0,0,0,0,0,0,0,0,0,0,0,0,0,0,0,0,0,0,0,0,9,0,39.9273,-75.1836, , 
13032,135259,2016017001,6,67,67301,2016,1,6,630,6,3,1,0,8,1, , ,N,1,3,0,3,0,1,2,2,N, ,40 02:38.533,75 04:31.403,644, ,637,9,1,1, , ,3,N, , , , , , , , ,1,0,0,0,0,0,1,0,0,0,0,0,1,1,0,0,0,0,0,0,0,0,0,1,0,0,0,0,0,0,0,0,1,0,0,8,0,40.044,-75.0754, , 
13033,135266,2016022058,6,67,67301,2016,2,1,836,8,1,1,0,1,1, , ,N,0,0,7,3,0,1,8,3,N,N,39 58:17.994,75 12:58.226,839, ,839,2,1,3, , ,0,N, , , , , , , , ,3,1,0,0,0,0,0,0,0,0,1,0,1,0,2,0,0,0,0,0,0,0,0,0,0,0,0,0,0,0,0,0,0,0,0,3,0,39.9717,-75.2162, , 
13034,135268,2016022607,6,67,67301,2016,2,3,429,4,3,6,1,7,4, , ,N,0,0,0,3,0,0,2,1,N,N,40 02:26.262,75 00:20.194,450, ,433, ,0, , , ,0, , , , , , , , , ,1,1,0,0,0,0,0,0,0,0,0,0,0,0,0,0,0,0,0,0,0,0,0,0,0,0,0,0,0,0,0,0,0,0,0,0,0,40.0406,-75.0056, , 
13035,135273,2016030703,6,67,67301,2016,3,1,1624,16,1,1,0,7,4, , ,N,1,2,0,3,0,1,1,1,N,N,40 03:52.885,74 58:56.121,1638, ,1628, ,0, , , ,3, , , , , , , , , ,1,0,0,0,0,0,0,1,0,0,0,1,1,0,0,0,0,0,0,0,0,1,0,0,0,0,0,0,0,0,0,0,0,0,0,4,0,40.0647,-74.9823, , 
13036,135280,2016039714,6,67,67301,2016,3,2,1301,13,1,1,0,8,1, , ,N,1,2,0,3,0,1,2,2,N,N,39 57:06.275,75 09:29.915,1308, ,1305, ,0, ,N, ,3, , , , , , , , , ,1,1,0,0,0,0,0,0,0,0,0,0,1,1,0,0,0,0,0,0,1,0,0,0,0,0,0,0,0,0,0,0,1,0,0,8,0,39.9517,-75.1582, , 
13037,135320,2016034983,6,67,67301,2016,2,4,1455,14,1,2,1,1,1, , ,N,2,2,0,3,0,1,4,2,N,N,39 53:15.594,75 14:52.813,1509, ,1459,1,2,3,N, ,3,Y, , , , , , , , ,2,0,0,0,1,1,0,0,0,0,0,0,1,1,0,0,0,0,0,0,0,0,0,0,0,0,0,0,0,0,0,0,0,0,0,8,1,39.8876,-75.248, , 
13038,135345,2016058525,6,67,67301,2016,5,6,9999,99,3,1,0,1,1, , ,N,1,2,0,3,0,1,2,2,N,N,40 00:30.707,75 12:38.635,9999, ,9999, ,0, , , ,3, , , , , , , , , ,2,0,1,0,0,0,0,0,0,0,0,1,1,0,0,0,0,0,0,0,0,0,0,0,0,0,0,0,0,0,0,0,0,0,0,4,0,40.0085,-75.2107, , 
13039,135358,2016008096,6,67,67301,2016,1,3,1003,10,1,1,0,8,1, , ,N,1,2,0,3,0,1,2,2,N,N,39 59:05.784,75 09:29.717,1030, ,1003, ,0, ,N, ,3, , , , , , , , , ,1,1,0,0,0,0,0,0,0,0,1,0,1,0,0,0,0,0,0,0,1,0,0,0,0,0,0,0,0,0,0,0,1,0,0,3,0,39.9849,-75.1583, , 
13040,135360,2016010858,6,67,67301,2016,1,7,545,5,2,1,0,1,1, , ,N,0,0,0,3,0,1,3,3,N,N,39 55:27.269,75 11:34.222,559, ,550,1,2,3, , ,0,Y, , , , , , , , ,3,2,0,0,1,0,0,0,0,0,0,0,1,1,0,0,0,0,0,0,1,0,0,0,0,0,0,0,0,0,0,0,0,0,0,8,0,39.9242,-75.1928, , 
13041,135366,2016016993,6,67,67301,2016,1,6,503,5,3,1,0,4,1, , ,N,1,2,0,3,0,1,3,2,N,N,40 02:08.995,75 04:39.601,505, ,503,1,1,1,N, ,3,N, , , , , , , , ,2,2,0,0,0,0,0,0,0,0,1,0,1,0,0,0,0,0,0,0,1,0,0,0,0,0,0,0,0,0,0,0,0,0,0,3,0,40.0358,-75.0777, , 
13042,135386,2016048655,6,67,67301,2016,4,7,315,3,3,2,1,4,1, , ,N,0,0,7,3,0,2,3,2,N,N,39 59:06.849,75 05:10.416,335, ,330, ,0, ,N, ,0, , , , , , , , , ,2,1,0,0,1,0,0,0,0,0,0,2,2,0,0,0,0,0,0,0,0,0,0,2,0,0,0,0,0,0,0,0,0,0,0,4,0,39.9852,-75.0862, , 
13043,135409,2016017027,6,67,67301,2016,1,1,800,8,1,1,0,7,1, , ,N,0,0,1,3,0,4,4,1,N,N,40 01:11.756,75 09:01.998,810, ,803,2,2,1,N, ,0,Y, , , , , , , , ,1,0,0,0,0,0,1,0,0,0,0,3,4,1,0,0,0,0,0,0,0,0,0,0,0,0,0,0,0,0,0,0,0,0,0,4,0,40.0199,-75.1505, , 
13044,135418,2016022057,6,67,67301,2016,2,2,1700,17,1,2,1,4,1, , ,N,1,3,0,3,0,1,4,2,N, ,39 57:52.203,75 11:35.411,1704, ,1703, ,0, , , ,3, , , , , , , , , ,2,1,0,0,0,0,0,1,0,0,0,0,1,1,0,0,0,0,0,0,2,0,0,0,0,0,0,0,0,0,0,0,0,0,0,8,0,39.9645,-75.1932, , 
13045,135430,2016041019,6,67,67301,2016,4,7,336,3,3,1,0,4,1, , ,N,1,2,0,3,0,1,3,2,N,N,40 01:29.049,75 07:49.427,336, ,336, ,0, ,N, ,3, , , , , , , , , ,2,2,0,0,0,0,0,0,0,0,0,1,1,0,0,0,0,0,0,0,1,0,0,0,0,0,0,0,0,0,0,0,0,0,0,4,0,40.0247,-75.1304, , 
13046,135432,2016041418,6,67,67301,2016,4,1,9999,99,1,7,0,1,1, , ,N,1,2,0,3,0,2,6,3,N, ,39 56:46.754,75 14:38.561,0, ,9999, ,0, , , ,3, , , , , , , , , ,3,2,0,0,0,0,0,0,0,0,0,1,2,1,1,0,0,0,0,0,1,0,0,0,0,0,0,0,0,0,0,0,0,0,0,4,0,39.9463,-75.2441, , 
13047,135443,2016046071,6,67,67301,2016,4,1,2215,22,3,1,0,6,1, , ,N,1,2,0,3,0,3,3,2,N, ,40 02:38.401,75 06:09.537,2227, ,2227, ,0, , , ,3, , , , , , , , , ,2,2,0,0,0,0,0,0,0,0,3,0,3,0,0,0,0,0,0,0,1,0,0,3,0,0,0,0,0,0,0,0,0,0,0,3,0,40.044,-75.1026, , 
13048,138686,2016013726,6,67,67301,2016,1,6,950,9,1,1,0,4,1, , ,N,1,2,0,3,0,2,3,3,N,N,40 03:28.059,75 00:31.473,956, ,952,2,2,4,N, ,3,Y, , , , , , , , ,2,0,0,0,0,0,2,0,0,0,0,2,2,0,0,0,0,0,0,0,0,0,0,0,0,0,0,0,0,0,0,0,0,0,0,4,0,40.0578,-75.0087, , 
13049,138700,2016028845,6,67,67301,2016,3,2,1759,17,3,1,0,7,3, , ,N,0,0,0,3,0,2,2,1,N,N,39 57:12.067,75 08:29.544,1805, ,1759,2,1,2, , ,0,N, , , , , , , , ,1,1,0,0,0,0,0,0,0,0,0,0,2,2,0,0,0,0,0,0,0,0,0,0,0,0,0,0,0,0,0,0,0,0,0,8,0,39.9534,-75.1415, , 
13050,138711,2016039707,6,67,67301,2016,3,4,800,8,1,1,0,1,1, , ,N,0,0,0,3,0,2,2,2,N,N,39 57:35.110,75 08:36.762,805, ,802, ,0, ,N, ,0, , , , , , , , , ,2,1,0,0,0,0,0,1,0,0,0,2,2,0,0,0,0,0,0,0,0,1,0,0,0,0,0,0,0,0,0,0,0,0,0,4,0,39.9598,-75.1435, , 
13051,138728,2016008631,6,67,67301,2016,1,4,830,8,1,1,0,7,5, , ,N,0,0,0,3,0,1,2,1,N, ,39 57:04.460,75 09:17.135,848, ,845, ,0, , , ,0, , , , , , , , , ,1,1,0,0,0,0,0,0,0,0,0,1,1,0,0,0,0,0,0,0,0,0,1,0,0,0,0,0,0,0,0,0,0,0,0,4,0,39.9512,-75.1548, , 
13052,138731,2016013898,6,67,67301,2016,1,1,614,6,3,1,0,5,6, , ,N,0,0,0,3,0,1,1,3,N,N,39 55:12.475,75 14:31.027,642, ,615,3,1,3, , ,0,N, , , , , , , , ,3,2,0,0,0,0,1,0,0,0,0,1,1,0,0,0,0,0,1,0,0,0,0,0,0,0,0,0,0,0,0,0,0,0,0,4,0,39.9201,-75.242, , 
13053,138747,2016031385,6,67,67301,2016,3,3,620,6,1,1,0,8,1, , ,N,1,2,0,3,0,1,2,2,N, ,39 57:06.693,75 10:18.893,625, ,622, ,0, , , ,3, , , , , , , , , ,1,0,0,0,1,0,0,0,0,0,0,0,1,1,0,0,0,0,0,0,0,0,0,0,0,0,0,0,0,0,0,0,1,0,0,8,0,39.9518,-75.1718, , 
13054,138748,2016031393,6,67,67301,2016,3,7,1107,11,1,1,0,4,1, , ,N,1,0,0,3,0,0,4,3,N,N,39 57:05.047,75 14:20.162,1120, ,1113, ,0, ,N, ,0, , , , , , , , , ,3,2,0,0,0,0,1,0,0,0,0,0,0,0,0,0,0,0,0,0,0,1,0,0,0,0,0,0,0,0,0,0,0,0,0,0,0,39.9514,-75.2389, , 
13055,138767,2016052821,6,67,67301,2016,5,4,2310,23,3,2,1,1,1, , ,N,0,2,0,3,0,0,3,2,N,N,40 06:16.014,75 00:07.736,2313, ,2313,1,1,2,N, ,3,N, , , , , , , , ,2,2,0,0,0,0,0,0,0,0,0,0,0,0,0,0,0,0,0,0,0,0,0,0,0,0,0,0,0,0,0,0,0,0,0,0,0,40.1044,-75.0021, , 
13056,138787,2016019839,6,67,67301,2016,2,3,935,9,1,1,0,1,6, , ,N,0,0,0,3,0,1,2,2,N,N,39 55:25.039,75 13:17.439,942, ,938, ,0, , , ,0, , , , , , , , , ,2,1,0,0,0,1,0,0,0,0,0,1,1,0,0,0,0,0,0,0,1,0,0,0,0,0,0,0,0,0,0,0,0,0,0,4,1,39.9236,-75.2215, , 
13057,138799,2016033909,6,67,67301,2016,3,2,216,2,3,2,1,1,1, , ,N,1,3,0,3,0,0,2,2,N, ,39 59:21.067,75 09:57.785,239, ,235, ,0, , , ,3, , , , , , , , , ,2,2,0,0,0,0,0,0,0,0,0,0,0,0,0,0,0,0,0,0,0,0,0,1,0,0,0,0,0,0,0,0,0,0,0,0,0,39.9892,-75.1661, , 
13058,138801,2016034393,6,67,67301,2016,4,6,2145,21,3,1,0,4,1, , ,N,1,2,0,3,0,1,4,2,N,N,40 04:26.624,75 11:27.147,2147, ,2145,1,1,1,N, ,3,N, , , , , , , , ,2,2,0,0,0,0,0,0,0,0,0,0,1,1,0,0,0,0,0,0,0,0,0,0,0,0,0,0,0,0,0,0,0,0,0,8,0,40.0741,-75.1909, , 
13059,138803,2016036506,6,67,67301,2016,3,1,1543,15,1,1,0,4,1, , ,N,1,3,1,3,0,0,2,2,N, ,39 57:16.398,75 08:41.020,1559, ,1558, ,0, , , ,3, , , , , , , , , ,2,2,0,0,0,0,0,0,0,0,0,0,0,0,0,0,0,0,0,0,0,0,0,0,0,0,0,0,0,0,0,0,0,0,0,0,0,39.9546,-75.1447, , 
13060,138815,2016046098,6,67,67301,2016,4,1,1400,14,1,1,0,8,1, , ,N,0,0,0,3,0,1,2,2,N,N,40 00:01.742,75 07:32.141,1410, ,1405, ,0, ,N, ,0, , , , , , , , , ,1,1,0,0,0,0,0,0,0,0,1,0,1,0,0,0,0,0,0,0,0,0,0,0,0,0,0,0,0,0,0,0,1,0,0,3,0,40.0005,-75.1256, , 
13061,138821,2016002033,6,67,67301,2016,1,3,1742,17,3,1,0,1,1, , ,N,0,0,0,3,0,0,2,2,N,N,39 54:49.150,75 08:54.136,1850, ,1750, ,0, ,N, ,0, , , , , , , , , ,2,1,0,0,0,0,1,0,0,0,0,0,0,0,0,0,0,0,0,0,0,0,0,0,0,0,0,0,0,0,0,0,0,0,0,0,0,39.9137,-75.1484, , 
13062,138846,2016028855,6,67,67301,2016,3,7,607,6,1,1,0,7,4, , ,N,7,0,2,3,0,0,1,1,N,N,39 57:41.049,75 10:57.066,621, ,609,1,1,4, , ,0,Y, , , , , , , , ,1,1,0,0,0,0,0,0,0,0,0,0,0,0,0,0,0,0,0,0,0,0,0,0,0,0,0,0,0,0,0,0,0,0,0,0,0,39.9614,-75.1825, , 
13063,138877,2016013775,6,67,67301,2016,1,2,1820,18,3,1,0,4,1, , ,N,0,0,0,3,0,1,3,2,N, ,39 56:24.200,75 11:04.400,1821, ,1820, ,0, , , ,0, , , , , , , , , ,2,2,0,0,0,0,0,0,0,0,0,0,1,1,0,0,0,0,0,0,0,0,0,0,0,0,0,0,0,0,0,0,0,0,0,8,0,39.9401,-75.1846, , 
13064,138878,2016014037,6,67,67301,2016,1,4,1732,17,3,1,0,1,1, , ,N,0,0,0,3,0,1,2,2,N,N,40 03:30.500,75 12:00.700,1828, ,1824, ,0, ,N, ,0, , , , , , , , , ,2,1,0,0,0,0,1,0,0,0,0,1,1,0,0,0,0,0,0,0,0,0,0,0,0,0,0,0,0,0,0,0,0,0,0,4,0,40.0585,-75.2002, , 
13065,138883,2016019901,6,67,67301,2016,2,2,1245,12,1,2,1,1,1, , ,N,0,0,0,3,0,1,2,2,N,N,40 00:11.382,75 09:54.135,1250, ,1245, ,0, , , ,0, , , , , , , , , ,2,2,0,0,0,0,0,0,0,0,0,1,1,0,1,0,0,0,0,0,0,0,0,0,0,0,0,0,0,0,0,0,0,0,0,4,0,40.0032,-75.165, , 
13066,138889,2016029131,6,67,67301,2016,2,5,1525,15,1,1,0,1,1, , ,N,1,2,0,3,0,2,6,4,N,N,39 58:37.995,75 13:36.385,1533, ,1530,1,2,2,N, ,3,N, , , , , , , , ,4,3,0,0,0,0,1,0,0,0,0,0,2,2,0,0,0,0,0,0,1,0,0,0,0,0,0,0,0,0,0,0,0,0,0,8,0,39.9772,-75.2268, , 
13067,142235,2016062539,6,67,67301,2016,5,1,2338,23,3,1,1,6,1, , ,N,0,0,1,3,0,1,3,2,N, ,39 55:46.234,75 14:36.179,2340, ,2339, ,0, , , ,0, , , , , , , , , ,2,1,0,0,0,0,0,0,0,0,0,1,1,0,0,0,0,0,0,0,0,0,0,0,0,0,0,0,0,0,0,0,0,0,0,4,0,39.9295,-75.2434, , 
13068,142239,2016063977,6,67,67301,2016,6,4,1547,15,1,1,0,4,1, , ,N,1,0,0,3,0,1,2,2,N,N,40 00:14.344,75 10:37.418,1557, ,1556,9,1,2, , ,0,N, , , , , , , , ,2,2,0,0,0,0,0,0,0,0,1,0,1,0,0,0,0,1,0,0,0,0,0,0,0,0,0,0,0,0,0,0,0,0,0,3,0,40.0041,-75.177, , 
13069,142252,2016014496,6,67,67301,2016,1,4,2047,20,3,1,0,1,1, , ,N,0,0,0,3,0,0,2,2,N,N,39 58:44.770,75 12:12.497,2050, ,2047, ,0, , , ,0, , , , , , , , , ,2,2,0,0,0,0,0,0,0,0,0,0,0,0,0,0,0,0,0,0,0,0,0,0,0,0,0,0,0,0,0,0,0,0,0,0,0,39.9791,-75.2035, , 
13070,142261,2016022046,6,67,67301,2016,2,3,2228,22,3,1,0,7,3, , ,N,0,0,0,3,0,1,2,2,N,N,40 00:57.651,75 10:35.497,2241, ,2228,1,1,2,N, ,0,N, , , , , , , , ,2,2,0,0,0,0,0,0,0,0,0,1,1,0,0,0,0,0,0,0,0,0,0,0,0,0,0,0,0,0,0,0,0,0,0,4,0,40.016,-75.1765, , 
13071,142265,2016026120,6,67,67301,2016,2,4,1940,19,3,1,0,1,1, , ,N,3,2,0,3,0,3,3,2,N,N,39 58:51.495,75 14:10.214,1945, ,1945, ,0, ,N, ,3, , , , , , , , , ,2,2,0,0,0,0,0,0,0,0,1,2,3,0,0,0,0,0,0,0,1,0,0,0,0,0,0,0,0,0,0,0,0,0,0,3,0,39.981,-75.2362, , 
13072,142268,2016033799,6,67,67301,2016,3,3,2331,23,3,1,0,4,1, , ,N,5,2,0,3,0,1,2,2,N,N,39 58:10.092,75 08:22.485,2338, ,2333, ,0, ,N, ,3, , , , , , , , , ,2,2,0,0,0,0,0,0,0,0,0,1,1,0,0,0,0,0,0,0,0,0,0,0,0,0,0,0,0,0,0,0,0,0,0,4,0,39.9695,-75.1395, , 
13073,142277,2016044547,6,67,67301,2016,4,3,2340,23,3,1,0,8,1, , ,N,1,2,0,3,0,1,2,2,N,N,39 56:08.815,75 13:42.823,2350, ,2345,1,1,3, , ,3,N, , , , , , , , ,1,1,0,0,0,0,0,0,0,1,0,0,1,0,1,0,0,0,0,0,0,0,0,0,0,0,0,0,0,0,0,0,1,0,1,2,0,39.9358,-75.2286, , 
13074,142298,2016019877,6,67,67301,2016,2,6,845,8,1,2,1,1,1, , ,N,1,2,0,3,0,3,4,2,N, ,39 58:51.614,75 10:32.213,905, ,903, ,0, , , ,3, , , , , , , , , ,2,0,0,0,1,0,0,1,0,0,0,0,3,3,0,0,0,1,0,0,0,0,0,0,0,0,0,0,0,0,0,0,0,0,0,8,0,39.981,-75.1756, , 
13075,142307,2016029946,6,67,67301,2016,2,1,1930,19,3,1,0,1,1, , ,N,3,0,2,3,0,6,8,2,N,N,40 00:26.006,75 04:24.931,2110, ,2100, ,0, , , ,0, , , , , , , , , ,2,0,0,0,0,0,1,1,0,0,0,6,6,0,0,0,0,0,0,0,1,0,0,2,0,0,0,0,0,0,0,0,0,0,0,4,0,40.0072,-75.0736, , 
13076,142320,2016040957,6,67,67301,2016,3,3,1248,12,1,1,0,4,1, , ,N,1,3,0,3,0,1,2,3,N, ,40 00:50.713,75 08:25.529,1325, ,1307, ,0, , , ,3, , , , , , , , , ,3,2,0,0,0,0,0,1,0,0,0,1,1,0,1,0,1,0,0,0,0,0,0,0,0,0,0,0,0,0,0,0,0,0,0,4,0,40.0141,-75.1404, , 
13077,142351,2016013830,6,67,67301,2016,1,6,945,9,1,1,0,8,1, , ,N,0,0,0,3,0,1,2,2,N,N,39 56:59.611,75 09:31.633,1000, ,957, ,0, ,N, ,0, , , , , , , , , ,1,0,0,0,0,0,0,1,0,0,0,1,1,0,0,0,0,0,0,0,0,0,0,1,0,0,0,0,0,0,0,0,1,0,0,4,0,39.9499,-75.1588, , 
13078,142370,2016033921,6,67,67301,2016,3,5,9999,99,1,1,0,4,1, , ,N,0,0,7,3,0,1,2,2,N, ,39 58:44.630,75 13:00.859,1020, ,1039, ,0, , , ,0, , , , , , , , , ,2,2,0,0,0,0,0,0,0,0,0,0,1,1,0,0,0,0,0,0,0,0,0,1,0,0,0,0,0,0,0,0,0,0,0,8,0,39.9791,-75.2169, , 
13079,142372,2016036487,6,67,67301,2016,3,6,710,7,1,1,0,5,6, , ,N,0,0,0,3,0,1,2,2,N, ,39 58:46.412,75 08:14.308,735, ,731, ,0, , , ,0, , , , , , , , , ,2,0,0,0,0,1,1,0,0,0,0,1,1,0,0,0,0,0,0,0,0,0,0,1,0,0,0,0,0,0,0,0,0,0,0,4,1,39.9796,-75.1373, , 
13080,142377,2016044566,6,67,67301,2016,4,7,2100,21,3,2,1,4,1, , ,N,1,2,3,3,0,2,4,2,N,N,39 57:26.638,75 09:25.497,9999, ,2116, ,0, , , ,3, , , , , , , , , ,2,1,0,0,0,0,1,0,0,0,0,2,2,0,0,0,0,0,1,0,0,0,0,0,0,0,0,0,0,0,0,0,0,0,0,4,0,39.9574,-75.1571, , 
13081,142382,2016046974,6,67,67301,2016,4,3,1550,15,1,1,0,4,1, , ,N,1,2,0,3,0,1,2,2,N,N,39 56:44.732,75 10:00.371,1618, ,1615, ,0, ,N, ,3, , , , , , , , , ,1,1,0,0,0,0,0,0,1,0,0,0,1,1,0,0,0,0,0,0,1,0,0,1,0,0,0,0,0,0,0,0,0,0,0,8,0,39.9458,-75.1668, , 
13082,142398,2016016555,6,67,67301,2016,1,3,2219,22,3,4,1,5,1, , ,N,0,0,0,3,0,0,2,2,N,N,40 00:28.860,75 11:37.243,2231, ,2229, ,0, ,N, ,0, , , , , , , , , ,2,1,0,0,0,0,1,0,0,0,0,0,0,0,1,0,0,0,0,0,0,0,0,0,0,0,0,0,0,0,0,0,0,0,0,9,0,40.008,-75.1937, , 
13083,142412,2016029136,6,67,67301,2016,3,3,9999,99,1,1,0,8,1, , ,N,0,0,0,3,0,1,2,2,N,N,40 02:32.391,75 10:40.447,824, ,817, ,0, ,N, ,0, , , , , , , , , ,1,0,0,0,0,0,1,0,0,0,0,1,1,0,0,0,0,0,0,0,0,0,0,0,0,0,0,0,0,0,0,0,1,0,0,4,0,40.0423,-75.1779, , 
13084,142427,2016053919,6,67,67301,2016,5,5,1650,16,1,1,0,7,4, , ,N,1,2,0,3,0,3,3,1,N,N,39 58:48.767,75 09:26.884,1700, ,1655,1,2,1,N, ,3,Y, , , , , , , , ,1,0,0,0,0,0,1,0,0,0,0,2,3,1,0,0,0,0,0,0,0,0,0,0,0,0,0,0,0,0,0,0,0,0,0,4,0,39.9802,-75.1575, , 