objectid_1,objectid,crn,district,county,municipality,crash_year,crash_month,day_of_week,time_of_day,hour_of_day,illumination,weather,road_condition,collision_type,relation_to_road,work_zone_type,work_zone_loc,work_zone_ind,intersect_type,tcd_type,location_type,urban_rural,fatal_count,injury_count,person_count,total_units,sch_bus_ind,sch_zone_ind,latitude,longitude,arrival_tm,cons_zone_spd_lim,dispatch_tm,est_hrs_closed,lane_closed,ln_close_dir,ntfy_hiwy_maint,spec_juris_cd,tcd_func_cd,tfc_detour_ind,workers_pres,wz_close_detour,wz_flagger,wz_law_offcr_ind,wz_ln_closure,wz_moving,wz_other,wz_shlder_mdn,vehicle_count,automobile_count,motorcycle_count,bus_count,small_truck_count,heavy_truck_count,suv_count,van_count,bicycle_count,maj_inj_count,mod_inj_count,min_inj_count,tot_inj_count,unk_inj_deg_count,unk_inj_per_count,driver_count_16yr,driver_count_17yr,driver_count_18yr,driver_count_19yr,driver_count_20yr,driver_count_50_64yr,driver_count_65_74yr,driver_count_75plus,unbelted_occ_count,unb_death_count,unb_maj_inj_count,belted_death_count,belted_maj_inj_count,mcycle_death_count,mcycle_maj_inj_count,bicycle_death_count,bicycle_maj_inj_count,ped_count,ped_death_count,ped_maj_inj_count,max_severity_level,comm_veh_count,dec_lat,dec_long,rdwy_surf_type_cd,county_name
13220,140909,2016026010,6,67,67301,2016,2,7,830,8,1,1,0,4,1, , ,N,1,2,0,3,0,2,2,2,N,N,40 01:34.998,75 07:01.744,843, ,830,1,1,1,N, ,3,N, , , , , , , , ,2,2,0,0,0,0,0,0,0,0,0,0,2,2,0,0,0,0,0,0,0,1,0,0,0,0,0,0,0,0,0,0,0,0,0,8,0,40.0264,-75.1172, , 
13221,140936,2016048682,6,67,67301,2016,3,3,2100,21,6,9,0,4,1, , ,N,2,0,0,3,0,1,2,2,N,N,39 57:41.555,75 09:04.825,1351, ,1351, ,0, ,N, ,0, , , , , , , , , ,1,0,0,0,0,0,1,0,1,0,1,0,1,0,0,0,0,0,0,0,0,0,0,0,0,0,0,0,0,0,0,0,0,0,0,3,0,39.9615,-75.1513, , 
13222,140994,2016013970,6,67,67301,2016,1,2,2315,23,3,1,0,5,6, , ,N,0,0,0,3,0,0,1,4,N,N,40 00:40.368,75 08:09.621,2325, ,2320,2,2,5,N, ,0,Y, , , , , , , , ,4,4,0,0,0,0,0,0,0,0,0,0,0,0,0,0,0,0,0,0,0,0,0,0,0,0,0,0,0,0,0,0,0,0,0,0,0,40.0112,-75.136, , 
13223,141021,2016040536,6,67,67301,2016,3,3,821,8,1,1,0,8,1, , ,N,1,2,0,3,1,0,2,2,N,N,40 02:10.701,75 03:04.967,824, ,821, ,0, ,N,0,3, , , , , , , , , ,1,1,0,0,0,0,0,0,0,0,0,0,0,0,0,0,0,0,0,0,0,0,1,0,0,0,0,0,0,0,0,0,1,1,0,1,0,40.0363,-75.0514,2, 
13224,141048,2016019370,6,67,67301,2016,2,2,2152,21,3,4,1,9,1, , ,N,0,0,0,3,0,2,4,2,N,N,39 53:29.096,75 14:14.964,2215, ,2201,2,1,1, , ,0,N, , , , , , , , ,2,1,0,0,1,0,0,0,0,0,0,0,2,2,0,0,0,0,0,1,0,0,0,0,0,0,0,0,0,0,0,0,0,0,0,8,0,39.8914,-75.2375, , 
13225,141056,2016029933,6,67,67301,2016,2,4,1641,16,2,2,1,4,1, , ,N,2,3,0,3,0,1,1,3,N,N,39 59:28.107,75 09:04.823,1700, ,1653,2,2,2,N, ,3,Y, , , , , , , , ,3,2,0,0,1,0,0,0,0,0,0,0,1,1,0,0,0,1,0,0,0,0,0,0,0,0,0,0,0,0,0,0,0,0,0,8,0,39.9911,-75.1513, , 
13226,141089,2016003905,6,46,46104,2016,1,2,1654,16,3,1,0,4,1, , ,N,2,0,0,3,0,1,3,2,N,N,39 58:42.603,75 16:22.657,1655, ,1654,1,2,2,N, ,0,Y, , , , , , , , ,2,2,0,0,0,0,0,0,0,0,0,0,1,1,0,0,0,0,0,0,1,0,0,0,0,0,0,0,0,0,0,0,0,0,0,8,0,39.9785,-75.273, , 
13227,141105,2016019890,6,67,67301,2016,2,2,900,9,1,1,0,4,1, , ,N,2,3,0,3,0,0,2,2,N,N,40 02:20.094,75 04:29.135,910, ,905, ,0, ,N, ,3, , , , , , , , , ,2,2,0,0,0,0,0,0,0,0,0,0,0,0,0,0,0,0,0,0,0,0,0,0,0,0,0,0,0,0,0,0,0,0,0,0,0,40.0389,-75.0748, , 
13228,141114,2016028696,6,67,67301,2016,3,7,450,4,3,1,0,5,1,1,4,Y,0,0,0,3,0,3,6,3,N,N,39 58:09.277,75 07:36.840,502,45,455,2,1,1, , ,0,N,N,N,N,N,N,N,Y,N,3,1,0,0,1,1,0,0,0,0,3,0,3,0,0,0,0,0,0,0,1,0,0,0,0,0,0,0,0,0,0,0,0,0,0,3,1,39.9692,-75.1269, , 
13229,141128,2016040972,6,67,67301,2016,3,6,1840,18,1,1,0,5,6, , ,N,0,0,0,3,0,1,2,2,N,N,39 55:42.388,75 09:42.472,1851, ,1847, ,0, ,N, ,0, , , , , , , , , ,2,1,1,0,0,0,0,0,0,0,0,0,1,1,0,0,0,0,0,0,0,0,0,0,0,0,0,0,0,0,0,0,0,0,0,8,0,39.9284,-75.1618, , 
13230,132482,2016028811,6,67,67301,2016,2,1,1708,17,3,1,0,7,2,1,4,Y,0,0,0,3,0,1,2,2,N,N,40 01:22.113,75 02:09.526,1731,45,1711,2,2,1, , ,0,N,N,N,N,N,N,N,N,Y,2,0,1,0,1,0,0,0,0,0,0,0,1,1,0,0,0,0,0,0,1,0,0,0,0,0,0,0,0,0,0,0,0,0,0,8,0,40.0228,-75.036, , 
13231,132493,2016039821,6,67,67301,2016,4,3,853,8,1,1,0,1,1, , ,N,0,0,0,3,0,0,3,3,N,N,40 00:56.884,75 03:08.737,901, ,853,3,2,1, , ,0,N, , , , , , , , ,3,1,0,0,0,0,2,0,0,0,0,0,0,0,0,0,0,0,0,0,1,0,0,0,0,0,0,0,0,0,0,0,0,0,0,0,0,40.0158,-75.0524, , 
13232,132525,2016019747,6,67,67301,2016,1,6,1200,12,1,1,0,8,1, , ,N,0,0,0,3,0,1,2,2,N,N,40 02:07.885,75 04:01.723,1310, ,1254, ,0, ,N, ,0, , , , , , , , , ,1,1,0,0,0,0,0,0,0,0,0,1,1,0,0,0,0,0,0,0,0,0,0,1,0,0,0,0,0,0,0,0,1,0,0,4,0,40.0355,-75.0671, , 
13233,132530,2016027549,6,67,67301,2016,2,5,1520,15,1,1,0,8,1, , ,N,0,0,0,3,0,1,2,2,N,Y,40 02:38.988,75 07:02.621,1530, ,1525, ,0, , , ,0, , , , , , , , , ,1,0,0,0,1,0,0,0,0,0,0,1,1,0,0,0,0,0,0,0,0,1,0,0,0,0,0,0,0,0,0,0,1,0,0,4,0,40.0442,-75.1174, , 
13234,132532,2016029929,6,67,67301,2016,3,3,1530,15,1,1,0,5,1, , ,N,0,0,0,3,0,1,2,2,N, ,40 05:25.342,75 01:59.312,1530, ,1530, ,0, , , ,0, , , , , , , , , ,2,2,0,0,0,0,0,0,0,0,0,1,1,0,0,0,0,0,0,0,1,0,0,0,0,0,0,0,0,0,0,0,0,0,0,4,0,40.0904,-75.0331, , 
13235,132538,2016036529,6,67,67301,2016,3,4,1050,10,1,1,0,5,1, , ,N,0,0,0,3,0,1,2,2,N, ,39 53:39.481,75 14:10.990,1125, ,1117, ,0, , , ,0, , , , , , , , , ,2,1,1,0,0,0,0,0,0,0,0,1,1,0,0,0,0,0,0,0,1,0,0,0,0,0,0,0,0,0,0,0,0,0,0,4,0,39.8943,-75.2364, , 
13236,132541,2016039709,6,67,67301,2016,3,2,635,6,1,2,1,3,1, , ,N,0,0,0,3,0,1,2,2,N,N,40 06:20.494,74 58:47.222,645, ,641, ,0, ,N, ,0, , , , , , , , , ,2,0,0,0,1,1,0,0,0,0,0,1,1,0,0,0,0,0,0,0,0,0,0,1,0,0,0,0,0,0,0,0,0,0,0,4,1,40.1057,-74.9798, , 
13237,132555,2016016986,6,67,67301,2016,1,5,1852,18,3,1,0,4,1, , ,N,3,2,0,3,0,2,5,2,N, ,40 03:08.460,75 09:27.889,1900, ,1855,2,2,5, , ,2,N, , , , , , , , ,2,1,0,1,0,0,0,0,0,0,0,0,2,2,1,0,0,0,0,0,0,0,0,2,0,0,0,0,0,0,0,0,0,0,0,8,1,40.0524,-75.1577, , 
13238,132556,2016019319,6,67,67301,2016,1,7,117,1,3,4,3,1,1, , ,N,0,0,0,3,0,1,2,2,N,N,39 57:24.847,75 09:15.561,132, ,118,1,2,4, , ,0,N, , , , , , , , ,2,1,0,0,1,0,0,0,0,0,1,0,1,0,0,0,0,0,0,0,0,0,0,0,0,0,0,0,0,0,0,0,0,0,0,3,0,39.9569,-75.1543, , 
13239,132558,2016019777,6,46,46102,2016,2,4,2140,21,3,1,1,4,1, , ,N,3,2,0,3,0,2,6,4,N, ,40 04:22.157,75 09:21.257,2142, ,2141,2,1,1, , ,3,Y, , , , , , , , ,4,2,0,0,0,0,2,0,0,0,0,2,2,0,0,0,0,0,0,0,3,0,0,0,0,0,0,0,0,0,0,0,0,0,0,4,0,40.0727,-75.1558, , 
13240,132562,2016026027,6,67,67301,2016,2,5,800,8,1,4,1,4,1, , ,N,1,2,0,3,0,2,2,2,N, ,40 00:56.894,75 08:28.039,905, ,905, ,0, , , ,3, , , , , , , , , ,2,2,0,0,0,0,0,0,0,0,2,0,2,0,0,0,0,0,0,0,0,1,0,0,0,0,0,0,0,0,0,0,0,0,0,3,0,40.0158,-75.1411, , 
13241,132563,2016026042,6,67,67301,2016,2,4,1504,15,1,1,0,8,1, , ,N,1,3,0,3,0,1,2,2,N,Y,39 58:30.604,75 09:11.469,1510, ,1506, ,0, ,N, ,3, , , , , , , , , ,1,1,0,0,0,0,0,0,0,1,0,0,1,0,0,0,0,0,0,0,0,1,0,0,0,0,0,0,0,0,0,0,1,0,1,2,0,39.9752,-75.1532, , 
13242,132577,2016040858,6,67,67301,2016,4,2,9999,99,4,2,1,4,1, , ,N,1,3,0,3,0,1,2,2,N,N,39 56:07.519,75 13:04.141,1836, ,1821, ,0, ,N, ,3, , , , , , , , , ,1,1,0,0,0,0,0,0,1,0,0,1,1,0,1,0,0,0,0,0,0,0,0,0,0,0,0,0,0,0,0,0,0,0,0,4,0,39.9354,-75.2178, , 
13243,132582,2016051117,6,46,46102,2016,5,6,655,6,1,1,0,4,1, , ,N,1,2,0,3,0,0,2,2,N,N,40 04:30.988,75 09:37.550,701, ,657, ,0, ,N, ,3, , , , , , , , , ,2,1,0,0,0,0,1,0,0,0,0,0,0,0,0,0,0,0,0,0,0,0,0,0,0,0,0,0,0,0,0,0,0,0,0,0,0,40.0753,-75.1604, , 
13244,132611,2016016570,6,67,67301,2016,1,4,512,5,3,1,0,4,1, , ,N,1,2,0,3,0,1,3,2,N,N,39 57:16.664,75 10:52.570,524, ,516,9,1,4, , ,3,N, , , , , , , , ,2,1,0,0,0,0,1,0,0,0,1,0,1,0,0,0,0,0,0,0,1,0,0,0,0,0,0,0,0,0,0,0,0,0,0,3,0,39.9546,-75.1813, , 
13245,132621,2016025997,6,67,67301,2016,2,2,2327,23,3,4,1,4,1, , ,N,1,2,0,3,0,2,4,2,N,N,40 00:31.034,75 04:07.810,236, ,2336,9,1,6, , ,3,N, , , , , , , , ,2,1,0,0,0,1,0,0,0,1,0,1,2,0,0,0,0,0,0,0,0,0,0,0,0,0,0,0,0,0,0,0,0,0,0,2,1,40.0086,-75.0688, , 
13246,132623,2016030777,6,67,67301,2016,2,5,719,7,1,1,0,1,1, , ,N,0,0,0,3,0,0,1,2,N,N,39 57:32.622,75 10:16.661,738, ,722,3,2,4, , ,0,N, , , , , , , , ,2,2,0,0,0,0,0,0,0,0,0,0,0,0,0,0,0,0,0,0,0,0,0,0,0,0,0,0,0,0,0,0,0,0,0,0,0,39.9591,-75.1713, , 
13247,132626,2016033089,6,67,67301,2016,3,5,1600,16,1,1,0,5,1, , ,N,0,0,0,3,0,1,5,4,N,N,39 59:14.674,75 06:30.425,1620, ,1610, ,0, ,N, ,0, , , , , , , , , ,4,1,0,0,0,0,2,1,0,0,0,1,1,0,2,0,0,0,0,0,0,0,0,0,0,0,0,0,0,0,0,0,0,0,0,4,0,39.9874,-75.1085, , 
13248,135858,2016032057,6,67,67301,2016,3,3,1940,19,3,1,0,5,1, , ,N,0,0,0,3,0,1,3,2,N, ,39 56:19.501,75 10:29.174,1952, ,1950, ,0, , , ,0, , , , , , , , , ,2,2,0,0,0,0,0,0,0,0,0,1,1,0,0,0,0,0,0,0,0,1,0,3,0,0,0,0,0,0,0,0,0,0,0,4,0,39.9388,-75.1748, , 
13249,135865,2016041052,6,67,67301,2016,4,2,0,0,3,1,0,2,1, , ,N,0,0,0,3,0,0,2,3,N,N,39 53:59.774,75 10:10.766,19, ,14, ,0, , , ,0, , , , , , , , , ,2,1,0,0,0,0,1,0,0,0,0,0,0,0,0,0,0,0,0,0,0,0,0,0,0,0,0,0,0,0,0,0,0,0,0,0,0,39.8999,-75.1697, , 
13250,135878,2016056061,6,67,67301,2016,5,6,1718,17,1,1,0,4,1, , ,N,0,0,7,3,0,1,4,3,N,N,39 59:50.827,75 09:13.773,1735, ,1719, ,0, ,N, ,0, , , , , , , , , ,3,3,0,0,0,0,0,0,0,0,0,0,1,1,0,0,0,0,0,0,0,0,0,0,0,0,0,0,0,0,0,0,0,0,0,8,0,39.9975,-75.1538, , 
13251,135895,2016021846,6,67,67301,2016,2,6,604,6,3,1,0,1,1, , ,N,0,0,0,3,0,1,2,2,N,N,39 55:24.445,75 11:32.265,652, ,632,2,2,3, , ,0,N, , , , , , , , ,2,1,0,0,0,0,0,1,0,0,0,0,1,1,0,0,0,0,0,0,1,0,0,0,0,0,0,0,0,0,0,0,0,0,0,8,0,39.9235,-75.1923, , 
13252,135901,2016027543,6,67,67301,2016,2,6,1510,15,1,1,0,1,1, , ,N,0,2,0,3,0,1,2,2,N,N,40 04:09.459,75 01:50.082,1600, ,1548, ,0, ,N, ,3, , , , , , , , , ,2,1,0,0,0,0,1,0,0,0,0,1,1,0,0,0,0,0,0,0,1,0,0,0,0,0,0,0,0,0,0,0,0,0,0,4,0,40.0693,-75.0306, , 
13253,135905,2016033812,6,67,67301,2016,3,3,600,6,5,2,1,4,1, , ,N,2,0,0,3,0,0,2,2,N, ,40 00:34.739,75 03:50.936,613, ,613, ,0, , , ,0, , , , , , , , , ,2,2,0,0,0,0,0,0,0,0,0,0,0,0,0,0,0,0,0,0,0,0,0,0,0,0,0,0,0,0,0,0,0,0,0,0,0,40.0096,-75.064, , 
13254,135913,2016044599,6,67,67301,2016,4,3,1405,14,1,1,0,5,1, , ,N,0,0,0,3,0,1,2,2,N, ,40 01:56.751,75 10:41.178,1515, ,1410, ,0, , , ,0, , , , , , , , , ,2,2,0,0,0,0,0,0,0,0,0,0,1,1,0,0,0,0,0,0,0,0,0,0,0,0,0,0,0,0,0,0,0,0,0,8,0,40.0324,-75.1781, , 
13255,135952,2016026149,6,67,67301,2016,2,4,6,0,3,1,0,4,1, , ,N,0,0,7,3,0,1,4,5,N,N,40 01:29.521,75 10:50.787,23, ,20,9,1,1,N, ,0,N, , , , , , , , ,5,4,0,0,0,0,0,1,0,0,0,1,1,0,3,0,0,0,0,0,0,0,0,0,0,0,0,0,0,0,0,0,0,0,0,4,0,40.0249,-75.1808, , 
13256,135954,2016027540,6,67,67301,2016,2,4,1200,12,1,2,1,8,1, , ,N,1,2,0,3,0,1,2,2,N, ,40 00:55.051,75 08:13.761,1600, ,1600, ,0, , , ,3, , , , , , , , , ,1,0,0,0,0,0,1,0,0,0,0,0,1,1,0,0,0,0,0,0,0,0,0,0,0,0,0,0,0,0,0,0,1,0,0,8,0,40.0153,-75.1372, , 
13257,135956,2016029817,6,67,67301,2016,2,6,1024,10,1,1,0,4,1, , ,N,0,2,7,3,0,2,2,2,N,N,39 54:29.866,75 13:23.152,1042, ,1034, ,0, ,N, ,3, , , , , , , , , ,2,2,0,0,0,0,0,0,0,0,0,0,2,2,0,0,0,0,0,0,1,0,0,0,0,0,0,0,0,0,0,0,0,0,0,8,0,39.9083,-75.2231, , 
13258,135958,2016033115,6,67,67301,2016,3,5,1119,11,1,1,0,4,1, , ,N,1,2,0,3,0,3,3,3,N,N,40 04:26.944,75 11:26.887,1129, ,1122, ,0, ,N, ,3, , , , , , , , , ,3,1,0,0,0,0,2,0,0,0,1,2,3,0,0,0,0,0,0,1,0,1,1,1,0,0,0,0,0,0,0,0,0,0,0,3,0,40.0741,-75.1909, , 
13259,135964,2016039659,6,67,67301,2016,3,6,2345,23,3,1,0,5,1, , ,N,0,0,0,3,0,1,2,2,N, ,39 57:26.100,75 10:10.400,25, ,18, ,0, , , ,0, , , , , , , , , ,2,1,0,0,0,0,1,0,0,0,0,1,1,0,1,0,0,0,0,0,0,1,0,0,0,0,0,0,0,0,0,0,0,0,0,4,0,39.9573,-75.1696, , 
13260,135977,2016052355,6,67,67301,2016,4,4,2150,21,3,2,1,4,1, , ,N,0,3,7,3,0,1,2,2,N,N,39 55:07.590,75 11:13.205,2200, ,2156, ,0, ,N, ,3, , , , , , , , , ,2,1,0,0,0,0,1,0,0,0,1,0,1,0,0,0,0,0,0,0,0,0,0,0,0,0,0,0,0,0,0,0,0,0,0,3,0,39.9188,-75.187, , 
13261,135984,2016013309,6,67,67301,2016,1,2,720,7,1,1,0,4,1, , ,N,1,0,0,3,0,0,2,2,N, ,40 08:03.616,75 00:33.107,856, ,845, ,0, , , ,0, , , , , , , , , ,2,1,0,0,0,0,1,0,0,0,0,0,0,0,0,0,0,1,0,0,1,0,0,2,0,0,0,0,0,0,0,0,0,0,0,0,0,40.1343,-75.0091, , 
13262,135991,2016026054,6,67,67301,2016,2,6,2025,20,3,4,3,4,1, , ,N,0,0,7,3,0,2,3,2,N,N,39 58:30.552,75 07:07.419,2050, ,2048, ,0, ,N, ,0, , , , , , , , , ,2,1,0,0,0,0,1,0,0,0,0,2,2,0,1,0,0,1,0,0,0,1,0,0,0,0,0,0,0,0,0,0,0,0,0,4,0,39.9752,-75.1187, , 
13263,135997,2016029801,6,67,67301,2016,3,5,1809,18,3,1,0,4,1, , ,N,1,3,0,3,0,1,2,2,N, ,40 01:15.747,75 03:15.058,1825, ,1824, ,0, , , ,3, , , , , , , , , ,1,0,0,0,0,0,0,0,1,0,1,0,1,0,0,0,0,0,0,0,0,0,0,0,0,0,0,0,0,0,0,0,0,0,0,3,0,40.021,-75.0542, , 
13264,136014,2016046085,6,67,67301,2016,4,7,9999,99,3,1,0,4,1, , ,N,1,3,0,3,0,0,2,2,N,N,40 01:23.408,75 08:59.585,2320, ,2315, ,0, ,N, ,3, , , , , , , , , ,2,1,0,0,0,0,0,0,0,0,0,0,0,0,2,0,0,0,0,0,0,0,0,0,0,0,0,0,0,0,0,0,0,0,0,9,0,40.0232,-75.1499, , 
13265,136022,2016050881,6,67,67301,2016,5,6,220,2,3,2,1,1,1, , ,N,5,2,0,3,0,1,6,3,N,N,40 00:44.920,75 04:08.560,225, ,220, ,0, ,N, ,3, , , , , , , , , ,3,2,0,0,0,0,0,1,0,0,1,0,1,0,0,0,0,0,0,0,0,0,0,0,0,0,0,0,0,0,0,0,0,0,0,3,0,40.0124,-75.0691, , 
13266,139246,2016056064,6,67,67301,2016,5,2,9999,99,3,1,0,4,1, , ,N,1,3,0,3,0,1,3,2,N, ,40 02:39.763,75 01:49.950,2215, ,2212, ,0, , , ,3, , , , , , , , , ,2,2,0,0,0,0,0,0,0,0,0,1,1,0,0,0,0,0,0,0,0,0,0,1,0,0,0,0,0,0,0,0,0,0,0,4,0,40.0444,-75.0305, , 
13267,139251,2016065652,6,67,67301,2016,6,6,2244,22,3,1,0,4,1, , ,N,1,3,0,3,0,0,3,2,N,N,39 56:34.904,75 09:07.581,2325, ,2321, ,0, ,N, ,3, , , , , , , , , ,2,1,0,0,0,0,1,0,0,0,0,0,0,0,0,0,0,0,0,0,1,0,0,0,0,0,0,0,0,0,0,0,0,0,0,0,0,39.943,-75.1521, , 
13268,139264,2016013813,6,67,67301,2016,1,6,2226,22,3,2,1,8,1, , ,N,1,2,0,3,0,1,2,2,N,N,39 59:45.716,75 10:14.767,2236, ,2233, ,0, ,N, ,3, , , , , , , , , ,1,1,0,0,0,0,0,0,0,0,0,1,1,0,0,0,0,0,0,0,0,0,0,0,0,0,0,0,0,0,0,0,1,0,0,4,0,39.996,-75.1707, , 
13269,139267,2016019314,6,67,67301,2016,1,3,619,6,3,1,0,1,1, , ,N,0,0,0,3,0,1,2,2,N,N,40 02:13.780,75 00:49.413,642, ,619, ,0, , , ,0, , , , , , , , , ,2,0,0,0,0,0,2,0,0,0,1,0,1,0,0,0,0,0,0,0,0,0,0,0,0,0,0,0,0,0,0,0,0,0,0,3,0,40.0372,-75.0137, , 
13270,139274,2016028807,6,67,67301,2016,2,7,1213,12,1,1,0,5,1, , ,N,0,0,0,3,0,0,3,2,N,N,40 00:32.107,75 12:19.379,1221, ,1215,1,1,3, , ,0,N, , , , , , , , ,2,1,0,0,0,0,1,0,0,0,0,0,0,0,0,0,0,0,0,0,1,0,0,0,0,0,0,0,0,0,0,0,0,0,0,0,0,40.0089,-75.2054, , 
13271,139279,2016033838,6,67,67301,2016,3,6,130,1,3,1,0,1,6, , ,N,0,0,0,3,0,0,1,4,N,N,39 55:52.668,75 10:05.644,150, ,139, ,0, , , ,0, , , , , , , , , ,4,2,0,0,1,0,1,0,0,0,0,0,0,0,0,0,0,0,0,1,0,0,0,0,0,0,0,0,0,0,0,0,0,0,0,0,0,39.9313,-75.1682, , 
13272,139299,2016062620,6,67,67301,2016,5,4,1019,10,1,1,0,7,2, , ,N,0,0,0,3,0,1,1,1,N, ,39 59:00.431,75 12:10.552,1030, ,1021,1,1,2, , ,0,N, , , , , , , , ,1,0,0,0,0,0,1,0,0,0,0,1,1,0,0,0,0,0,0,0,0,0,0,0,0,0,0,0,0,0,0,0,0,0,0,4,0,39.9835,-75.2029, , 
13273,139316,2016029886,6,67,67301,2016,2,4,1600,16,1,2,1,4,1, , ,N,0,0,0,3,0,2,5,2,N, ,40 01:07.247,75 02:45.892,1625, ,1622, ,0, , , ,0, , , , , , , , , ,2,2,0,0,0,0,0,0,0,0,0,2,2,0,3,0,0,0,0,0,1,0,0,0,0,0,0,0,0,0,0,0,0,0,0,4,0,40.0187,-75.0461, , 
13274,139322,2016037059,6,67,67301,2016,4,6,1623,16,1,1,0,1,1, , ,N,0,0,0,3,0,0,4,4,N,N,39 55:50.289,75 08:44.726,1624, ,1624,2,1,1, , ,0,N, , , , , , , , ,4,3,0,0,0,0,1,0,0,0,0,0,0,0,0,0,0,0,0,0,0,0,0,1,0,0,0,0,0,0,0,0,0,0,0,0,0,39.9306,-75.1458, , 
13275,139326,2016040884,6,67,67301,2016,4,6,1553,15,1,1,0,1,1, , ,N,0,2,0,3,0,4,4,3,N,N,39 55:38.950,75 08:43.731,1556, ,1553,1,1,3,N, ,3,N, , , , , , , , ,3,2,0,0,0,0,1,0,0,0,0,4,4,0,0,0,0,0,0,0,1,0,0,1,0,0,0,0,0,0,0,0,0,0,0,4,0,39.9275,-75.1455, , 
13276,139339,2016056072,6,67,67301,2016,5,6,2100,21,3,1,0,4,1, , ,N,1,2,0,3,0,1,2,2,N, ,39 57:33.501,75 09:35.521,2125, ,2120, ,0, , , ,3, , , , , , , , , ,1,0,0,0,0,0,0,1,1,0,0,1,1,0,0,0,0,0,0,0,0,0,0,0,0,0,0,0,0,0,0,0,0,0,0,4,0,39.9593,-75.1599, , 
13277,139360,2016013833,6,67,67301,2016,1,2,1659,16,2,1,0,4,1, , ,N,0,0,0,3,0,1,2,2,N,N,40 01:40.879,75 03:03.621,1711, ,1709, ,0, ,N, ,0, , , , , , , , , ,1,0,0,0,0,0,1,0,1,0,0,1,1,0,0,0,0,0,0,0,0,1,0,0,0,0,0,0,0,0,0,0,0,0,0,4,0,40.028,-75.051, , 
13278,139384,2016039668,6,67,67301,2016,3,5,1953,19,3,1,0,4,1, , ,N,1,2,0,3,0,1,3,3,N,N,40 00:45.131,75 04:23.853,2302, ,2300, ,0, ,N, ,3, , , , , , , , , ,3,3,0,0,0,0,0,0,0,0,0,0,1,1,1,0,0,0,0,0,0,0,0,0,0,0,0,0,0,0,0,0,0,0,0,8,0,40.0125,-75.0733, , 
13279,139403,2016016996,6,67,67301,2016,1,7,115,1,3,1,0,8,1, , ,N,1,2,2,3,0,1,2,2,N, ,39 57:11.151,75 10:54.540,119, ,115, ,0, , , ,3, , , , , , , , , ,1,1,0,0,0,0,0,0,0,0,0,1,1,0,0,0,0,0,0,0,0,1,0,0,0,0,0,0,0,0,0,0,1,0,0,4,0,39.9531,-75.1819, , 
13280,139411,2016031442,6,67,67301,2016,3,6,1228,12,1,1,0,5,1, , ,N,0,0,0,3,0,1,4,3,N,N,40 00:33.903,75 03:59.166,1240, ,1228,2,1,5, , ,0,N, , , , , , , , ,3,0,0,0,1,1,0,1,0,0,0,0,1,1,0,0,0,0,0,0,1,1,0,0,0,0,0,0,0,0,0,0,0,0,0,8,1,40.0094,-75.0664, , 
13281,139421,2016040638,6,67,67301,2016,4,7,305,3,3,1,0,8,1, , ,N,0,0,0,3,0,1,1,2,N,N,39 58:10.246,75 07:35.193,311, ,311, ,0, , , ,0, , , , , , , , , ,1,0,0,0,0,0,0,0,0,0,1,0,1,0,0,0,0,0,0,0,0,0,0,0,0,0,0,0,0,0,0,0,1,0,0,3,0,39.9695,-75.1264, , 
13282,139436,2016053797,6,67,67301,2016,5,2,218,2,3,1,0,7,5, , ,N,1,3,0,3,0,1,1,2,N,N,39 56:01.248,75 13:53.583,225, ,221, ,0, ,N, ,3, , , , , , , , , ,1,1,0,0,0,0,0,0,0,0,1,0,1,0,0,0,0,0,0,1,0,0,0,0,0,0,0,0,0,0,0,0,0,0,0,3,0,39.9337,-75.2316, , 
13283,139463,2016028350,6,67,67301,2016,2,6,2128,21,3,1,1,8,1, , ,N,1,2,0,3,0,1,2,2,N,N,40 01:33.389,75 02:35.691,2130, ,2130, ,0, , , ,3, , , , , , , , , ,1,0,0,0,0,0,0,1,0,0,0,1,1,0,0,0,0,0,0,0,1,0,0,0,0,0,0,0,0,0,0,0,1,0,0,4,0,40.0259,-75.0432, , 
13284,142447,2016019782,6,67,67301,2016,2,3,1633,16,1,1,0,8,6, , ,N,0,0,0,3,0,1,2,2,N,N,39 56:34.515,75 12:55.924,1646, ,1646, ,0, ,N, ,0, , , , , , , , , ,1,1,0,0,0,0,0,0,0,0,0,1,1,0,0,0,0,0,0,0,0,1,0,0,0,0,0,0,0,0,0,0,1,0,0,4,0,39.9429,-75.2155, , 
13285,142448,2016019816,6,67,67301,2016,2,4,1710,17,3,2,1,8,1, , ,N,1,2,0,3,0,1,2,2,N,N,40 01:34.998,75 07:01.744,1720, ,1720,1,1,1,N, ,3,Y, , , , , , , , ,1,1,0,0,0,0,0,0,0,0,0,1,1,0,0,0,0,0,0,0,0,0,0,1,0,0,0,0,0,0,0,0,1,0,0,4,0,40.0264,-75.1172, , 
13286,142459,2016028857,6,67,67301,2016,3,7,2108,21,3,1,0,6,1, , ,N,0,0,0,3,0,2,6,2,N,N,39 57:30.348,75 10:01.945,2134, ,2130, ,0, , , ,0, , , , , , , , , ,2,1,0,0,0,0,1,0,0,0,0,0,2,2,0,0,0,0,0,0,1,0,0,0,0,0,0,0,0,0,0,0,0,0,0,8,0,39.9584,-75.1672, , 