objectid_1,objectid,crn,district,county,municipality,crash_year,crash_month,day_of_week,time_of_day,hour_of_day,illumination,weather,road_condition,collision_type,relation_to_road,work_zone_type,work_zone_loc,work_zone_ind,intersect_type,tcd_type,location_type,urban_rural,fatal_count,injury_count,person_count,total_units,sch_bus_ind,sch_zone_ind,latitude,longitude,arrival_tm,cons_zone_spd_lim,dispatch_tm,est_hrs_closed,lane_closed,ln_close_dir,ntfy_hiwy_maint,spec_juris_cd,tcd_func_cd,tfc_detour_ind,workers_pres,wz_close_detour,wz_flagger,wz_law_offcr_ind,wz_ln_closure,wz_moving,wz_other,wz_shlder_mdn,vehicle_count,automobile_count,motorcycle_count,bus_count,small_truck_count,heavy_truck_count,suv_count,van_count,bicycle_count,maj_inj_count,mod_inj_count,min_inj_count,tot_inj_count,unk_inj_deg_count,unk_inj_per_count,driver_count_16yr,driver_count_17yr,driver_count_18yr,driver_count_19yr,driver_count_20yr,driver_count_50_64yr,driver_count_65_74yr,driver_count_75plus,unbelted_occ_count,unb_death_count,unb_maj_inj_count,belted_death_count,belted_maj_inj_count,mcycle_death_count,mcycle_maj_inj_count,bicycle_death_count,bicycle_maj_inj_count,ped_count,ped_death_count,ped_maj_inj_count,max_severity_level,comm_veh_count,dec_lat,dec_long,rdwy_surf_type_cd,county_name
13287,142477,2016048639,6,67,67301,2016,4,4,44,0,3,1,0,2,6, , ,N,0,0,0,3,0,1,1,3,N,N,40 01:08.776,75 09:36.542,44, ,44, ,0, , , ,0, , , , , , , , , ,3,2,0,0,0,0,1,0,0,0,0,1,1,0,0,0,0,0,0,0,0,0,0,0,0,0,0,0,0,0,0,0,0,0,0,4,0,40.0191,-75.1602, , 
13288,142480,2016052339,6,67,67301,2016,5,1,1452,14,1,2,1,7,2, , ,N,0,0,1,3,0,2,6,1,N,N,39 55:45.997,75 14:36.193,1454, ,1453,1,2,6,N, ,0,Y, , , , , , , , ,1,1,0,0,0,0,0,0,0,0,0,2,2,0,0,0,0,0,0,0,0,0,0,4,0,0,0,0,0,0,0,0,0,0,0,4,0,39.9295,-75.2434, , 
13289,142503,2016025966,6,67,67301,2016,2,4,1050,10,1,1,0,7,4, , ,N,1,0,0,3,0,1,1,1,N,N,40 03:11.312,75 05:12.436,1052, ,1051,1,2,5, , ,0,Y, , , , , , , , ,1,1,0,0,0,0,0,0,0,0,0,1,1,0,0,0,0,0,0,0,0,0,0,0,0,0,0,0,0,0,0,0,0,0,0,4,0,40.0531,-75.0868, , 
13290,142508,2016029941,6,67,67301,2016,2,7,1910,19,3,1,0,4,1, , ,N,1,3,0,3,0,1,2,2,N,N,39 57:05.475,75 13:21.442,1915, ,1912, ,0, , , ,3, , , , , , , , , ,1,0,0,0,0,0,0,1,1,1,0,0,1,0,0,0,0,0,0,0,0,0,0,1,0,0,0,0,0,0,0,1,0,0,0,2,0,39.9515,-75.2226, , 
13291,142522,2016046997,6,67,67301,2016,4,2,1648,16,1,1,0,5,1, , ,N,0,0,0,3,0,0,3,2,N,N,40 00:32.885,75 04:08.769,1656, ,1652, ,0, ,N, ,0, , , , , , , , , ,2,2,0,0,0,0,0,0,0,0,0,0,0,0,0,0,0,0,1,0,1,0,0,0,0,0,0,0,0,0,0,0,0,0,0,0,0,40.0091,-75.0691, , 
13292,142528,2016052288,6,67,67301,2016,5,2,625,6,5,1,0,5,1, , ,N,0,0,0,3,0,2,4,3,N, ,40 03:28.114,75 05:07.970,9999, ,723,3,2,1, , ,0,Y, , , , , , , , ,3,2,0,0,1,0,0,0,0,1,0,1,2,0,0,0,0,0,0,0,1,0,0,1,0,1,0,0,0,0,0,0,0,0,0,2,0,40.0578,-75.0855, , 
13293,142537,2016013977,6,67,67301,2016,1,5,755,7,1,1,0,4,1, , ,N,0,0,0,3,0,1,2,2,N, ,40 00:50.029,75 10:10.219,805, ,755, ,0, , , ,0, , , , , , , , , ,1,1,0,0,0,0,0,0,1,0,0,0,1,1,0,0,0,0,0,0,0,0,0,0,0,0,0,0,0,0,0,0,0,0,0,8,0,40.0139,-75.1695, , 
13294,142541,2016016131,6,67,67301,2016,1,4,1805,18,3,1,0,4,1, , ,N,1,2,0,3,0,2,2,2,N,N,39 59:08.827,75 12:56.555,1820, ,1810, ,0, ,N, ,3, , , , , , , , , ,2,1,0,0,0,0,0,1,0,0,1,1,2,0,0,0,0,0,0,0,1,0,0,0,0,0,0,0,0,0,0,0,0,0,0,3,0,39.9858,-75.2156, , 
13295,142550,2016026129,6,67,67301,2016,2,2,35,0,3,1,0,5,6, , ,N,0,0,0,3,0,0,1,5,N,N,39 56:35.696,75 08:56.000,117, ,106, ,0, ,N, ,0, , , , , , , , , ,5,3,0,0,0,1,1,0,0,0,0,0,0,0,0,0,0,0,0,0,0,0,0,0,0,0,0,0,0,0,0,0,0,0,0,0,1,39.9432,-75.1489, , 
13296,142557,2016028801,6,67,67301,2016,2,4,922,9,1,2,1,1,1, , ,N,0,0,0,3,0,0,2,2,N,N,39 58:01.195,75 11:16.573,955, ,931,1,1,4, , ,0,N, , , , , , , , ,2,1,0,0,0,0,1,0,0,0,0,0,0,0,0,0,0,0,0,0,1,0,0,0,0,0,0,0,0,0,0,0,0,0,0,0,0,39.967,-75.1879, , 
13297,142571,2016039683,6,67,67301,2016,3,7,1708,17,1,1,0,8,1, , ,N,0,0,0,3,0,1,2,2,N,N,40 00:31.467,75 04:59.571,1715, ,1710, ,0, ,N, ,0, , , , , , , , , ,1,0,0,0,1,0,0,0,0,0,1,0,1,0,0,0,0,0,0,0,0,0,0,1,0,0,0,0,0,0,0,0,1,0,0,3,0,40.0087,-75.0832, , 
13298,142587,2016007596,6,67,67301,2016,1,7,1901,19,3,1,0,4,1, , ,N,1,2,0,3,0,3,3,2,N, ,40 02:20.571,75 08:40.639,1901, ,1901,2,2,5, , ,3,Y, , , , , , , , ,2,2,0,0,0,0,0,0,0,0,0,0,3,3,0,0,0,0,0,0,0,0,0,0,0,0,0,0,0,0,0,0,0,0,0,8,0,40.039,-75.1446, , 
13299,142597,2016019771,6,67,67301,2016,2,5,2150,21,3,2,1,4,1, , ,N,2,3,0,3,0,2,6,2,N,N,39 59:40.599,75 09:51.451,2210, ,2158,1,1,2,N, ,3,N, , , , , , , , ,2,1,0,0,1,0,0,0,0,0,0,2,2,0,0,0,0,0,0,0,1,0,0,0,0,0,0,0,0,0,0,0,0,0,0,4,0,39.9946,-75.1643, , 
13300,142603,2016024794,6,67,67301,2016,2,3,145,1,3,1,1,5,6, , ,N,0,0,0,3,0,0,1,3,N,N,39 57:28.199,75 13:57.120,150, ,145, ,0, ,N, ,0, , , , , , , , , ,3,3,0,0,0,0,0,0,0,0,0,0,0,0,0,0,0,0,0,0,0,0,0,0,0,0,0,0,0,0,0,0,0,0,0,0,0,39.9578,-75.2325, , 
13301,142622,2016052834,6,67,67301,2016,4,7,9999,99,3,1,0,7,4, , ,N,1,2,0,3,0,1,1,1,N,N,40 01:41.728,75 06:35.304,9999, ,9999, ,0, ,N, ,3, , , , , , , , , ,1,1,0,0,0,0,0,0,0,0,0,1,1,0,0,0,0,0,0,0,0,0,0,0,0,0,0,0,0,0,0,0,0,0,0,4,0,40.0283,-75.1098, , 
13302,132658,2016013770,6,67,67301,2016,1,3,710,7,5,1,0,8,1, , ,N,1,2,0,3,0,1,2,2,N,N,40 03:08.339,75 00:28.750,710, ,710,1,1,3,N, ,3,N, , , , , , , , ,1,0,0,0,0,0,0,1,0,0,0,1,1,0,0,0,0,0,0,0,0,0,0,0,0,0,0,0,0,0,0,0,1,0,0,4,0,40.0523,-75.008, , 
13303,132664,2016019778,6,67,67301,2016,2,2,347,3,3,1,0,4,1, , ,N,2,2,0,3,0,0,2,2,N,N,40 01:11.456,75 06:37.889,357, ,350, ,0, ,N, ,3, , , , , , , , , ,2,1,0,0,1,0,0,0,0,0,0,0,0,0,0,0,0,0,0,1,0,0,0,0,0,0,0,0,0,0,0,0,0,0,0,0,0,40.0198,-75.1105, , 
13304,132666,2016022053,6,67,67301,2016,2,3,9999,99,1,1,0,5,1, , ,N,2,3,0,3,0,1,2,2,N,N,40 01:56.722,75 06:22.431,830, ,827, ,0, , , ,3, , , , , , , , , ,2,2,0,0,0,0,0,0,0,0,0,1,1,0,0,0,0,0,0,0,0,0,0,0,0,0,0,0,0,0,0,0,0,0,0,4,0,40.0324,-75.1062, , 
13305,132705,2016016598,6,67,67301,2016,1,7,1708,17,3,8,0,1,1, , ,N,1,2,0,3,0,0,3,2,N, ,39 55:26.156,75 13:19.597,1758, ,1758, ,0, , , ,3, , , , , , , , , ,2,1,0,0,0,0,1,0,0,0,0,0,0,0,0,0,0,0,0,0,1,0,0,0,0,0,0,0,0,0,0,0,0,0,0,0,0,39.9239,-75.2221, , 
13306,132712,2016019842,6,67,67301,2016,2,4,1640,16,1,2,1,4,1, , ,N,1,2,0,3,0,1,2,2,N,N,40 02:48.951,74 59:34.049,1651, ,1642, ,0, ,N, ,3, , , , , , , , , ,2,2,0,0,0,0,0,0,0,0,0,0,1,1,0,0,0,0,0,0,1,0,0,0,0,0,0,0,0,0,0,0,0,0,0,8,0,40.0469,-74.9928, , 
13307,132726,2016029867,6,67,67301,2016,3,3,23,0,3,1,0,5,1, , ,N,5,2,0,3,0,1,2,3,N, ,40 00:11.467,75 09:09.273,1223, ,1223, ,0, , , ,3, , , , , , , , , ,2,2,0,0,0,0,0,0,0,0,0,1,1,0,0,0,0,0,1,0,1,0,0,0,0,0,0,0,0,0,0,0,0,0,0,4,0,40.0032,-75.1525, , 
13308,132732,2016033867,6,67,67301,2016,3,2,1055,10,1,2,1,1,1, , ,N,2,2,0,3,0,1,2,2,N,N,40 07:06.945,75 00:25.153,1100, ,1057, ,0, ,N, ,3, , , , , , , , , ,2,1,0,0,0,0,0,1,0,0,0,0,1,1,0,1,0,0,0,0,0,0,0,0,0,0,0,0,0,0,0,0,0,0,0,8,0,40.1186,-75.007, , 
13309,132736,2016036414,6,67,67301,2016,3,4,157,1,3,1,0,7,4, , ,N,0,0,0,3,0,1,1,1,N,N,39 58:23.609,75 12:43.484,205, ,158, ,0, ,N, ,0, , , , , , , , , ,1,1,0,0,0,0,0,0,0,0,0,1,1,0,0,0,0,0,0,0,0,0,0,0,0,0,0,0,0,0,0,0,0,0,0,4,0,39.9732,-75.2121, , 
13310,132753,2016014038,6,67,67301,2016,1,7,2200,22,3,9,8,1,6, , ,N,0,0,0,3,0,0,1,2,N, ,40 01:59.264,75 09:47.412,1024, ,1019, ,0, , , ,0, , , , , , , , , ,2,1,0,0,1,0,0,0,0,0,0,0,0,0,1,0,0,0,0,0,0,0,0,0,0,0,0,0,0,0,0,0,0,0,0,9,0,40.0331,-75.1632, , 
13311,132755,2016016565,6,67,67301,2016,1,5,2011,20,3,1,6,4,1, , ,N,1,0,0,3,0,1,2,2,N, ,39 59:13.808,75 10:31.490,2024, ,2020, ,0, , , ,0, , , , , , , , , ,2,0,1,0,0,0,1,0,0,1,0,0,1,0,0,0,1,0,0,0,1,0,0,0,0,0,0,0,0,1,0,0,0,0,0,2,0,39.9872,-75.1754, , 
13312,132765,2016027538,6,67,67301,2016,2,6,1830,18,3,1,0,4,1, , ,N,1,2,0,3,0,0,3,2,N, ,40 03:17.448,75 10:08.247,1845, ,1837, ,0, , , ,3, , , , , , , , , ,2,1,0,0,0,0,1,0,0,0,0,0,0,0,0,0,0,0,0,0,0,1,0,0,0,0,0,0,0,0,0,0,0,0,0,0,0,40.0548,-75.169, , 
13313,132772,2016036517,6,67,67301,2016,3,1,1615,16,1,2,0,5,1, , ,N,0,0,0,3,0,1,4,2,N, ,40 00:54.082,75 10:39.281,1630, ,1620, ,0, , , ,0, , , , , , , , , ,2,2,0,0,0,0,0,0,0,0,0,0,1,1,0,0,0,0,1,0,0,0,0,1,0,0,0,0,0,0,0,0,0,0,0,8,0,40.015,-75.1776, , 
13314,132775,2016040983,6,67,67301,2016,4,2,817,8,1,1,0,1,1, , ,N,0,0,0,3,0,0,6,2,N, ,39 57:40.572,75 11:27.936,820, ,818,1,1,2, , ,0,N, , , , , , , , ,2,0,0,0,1,0,0,1,0,0,0,0,0,0,0,0,0,0,0,0,1,0,0,0,0,0,0,0,0,0,0,0,0,0,0,0,0,39.9613,-75.1911, , 
13315,132780,2016044523,6,67,67301,2016,4,1,2240,22,3,1,0,1,1, , ,N,1,2,0,3,0,2,3,2,N, ,39 55:16.534,75 11:37.854,2308, ,2308, ,0, , , ,3, , , , , , , , , ,2,1,0,0,0,0,1,0,0,0,0,0,2,2,0,0,0,0,0,0,1,0,0,2,0,0,0,0,0,0,0,0,0,0,0,8,0,39.9211,-75.1938, , 
13316,132794,2016013779,6,67,67301,2016,1,6,931,9,1,1,0,4,1, , ,N,1,2,0,3,0,2,2,2,N,N,40 05:57.017,74 59:13.037,1000, ,955, ,0, ,N, ,3, , , , , , , , , ,2,2,0,0,0,0,0,0,0,0,0,2,2,0,0,0,0,0,1,0,0,0,0,0,0,0,0,0,0,0,0,0,0,0,0,4,0,40.0992,-74.987, , 
13317,132812,2016029877,6,67,67301,2016,2,2,2000,20,3,1,0,1,6, , ,N,0,0,0,3,0,1,1,5,N, ,39 55:14.647,75 10:49.122,2015, ,2000, ,0, , , ,0, , , , , , , , , ,5,2,0,0,0,0,2,1,0,0,0,1,1,0,0,0,0,0,0,0,0,0,0,1,0,0,0,0,0,0,0,0,0,0,0,4,0,39.9207,-75.1803, , 
13318,132828,2016046116,6,67,67301,2016,4,3,1000,10,1,2,1,1,1, , ,N,1,2,0,3,0,1,2,2,N, ,40 01:32.829,75 07:58.227,1804, ,1804, ,0, , , ,3, , , , , , , , , ,2,0,0,0,1,0,1,0,0,0,0,1,1,0,0,0,0,0,0,0,0,0,0,0,0,0,0,0,0,0,0,0,0,0,0,4,0,40.0258,-75.1328, , 
13319,132848,2016013939,6,67,67301,2016,1,1,1325,13,1,2,1,7,4, , ,N,0,0,0,3,0,0,4,2,N,N,40 01:39.250,75 11:32.748,1334, ,1332,2,2,1,N, ,0,Y, , , , , , , , ,2,2,0,0,0,0,0,0,0,0,0,0,0,0,0,0,0,0,0,0,1,0,0,0,0,0,0,0,0,0,0,0,0,0,0,0,0,40.0276,-75.1924, , 
13320,136026,2016051507,6,67,67301,2016,5,6,655,6,1,1,0,1,1, , ,N,0,0,0,3,0,1,2,2,N,N,39 59:32.946,75 05:08.287,703, ,655,1,1,2, , ,0,N, , , , , , , , ,2,2,0,0,0,0,0,0,0,0,0,0,1,1,0,0,0,0,0,0,0,0,0,0,0,0,0,0,0,0,0,0,0,0,0,8,0,39.9925,-75.0856, , 
13321,136041,2016026077,6,67,67301,2016,2,4,1045,10,1,1,1,8,6, , ,N,0,0,0,3,0,1,2,2,N, ,39 54:53.857,75 09:23.354,1100, ,1051, ,0, , , ,0, , , , , , , , , ,1,1,0,0,0,0,0,0,0,0,0,0,1,1,0,0,0,0,0,0,0,0,0,0,0,0,0,0,0,0,0,0,1,0,0,8,0,39.915,-75.1565, , 
13322,136054,2016039667,6,67,67301,2016,3,4,1800,18,1,1,0,4,1,1,4,Y,1,2,0,3,0,4,4,2,N, ,39 55:05.239,75 10:51.193,1817,99,1815,1,1,5, , ,3,N,U, , ,U, , , ,Y,2,1,0,0,0,0,1,0,0,0,0,4,4,0,0,0,0,0,0,0,0,0,0,4,0,0,0,0,0,0,0,0,0,0,0,4,0,39.9181,-75.1809, , 
13323,136056,2016040881,6,67,67301,2016,4,7,1210,12,1,2,1,1,1, , ,N,0,0,0,3,0,0,2,2,N,N,40 06:52.719,74 59:13.261,1215, ,1210, ,0, ,N, ,0, , , , , , , , , ,2,2,0,0,0,0,0,0,0,0,0,0,0,0,0,0,0,0,0,1,0,1,0,0,0,0,0,0,0,0,0,0,0,0,0,0,0,40.1146,-74.987, , 
13324,136058,2016044573,6,67,67301,2016,4,2,547,5,1,1,0,1,6, , ,N,0,0,0,3,0,1,1,2,N,N,40 00:43.439,75 09:01.869,556, ,550, ,0, ,N, ,0, , , , , , , , , ,2,2,0,0,0,0,0,0,0,0,1,0,1,0,0,0,0,0,0,0,1,0,0,0,0,0,0,0,0,0,0,0,0,0,0,3,0,40.0121,-75.1505, , 
13325,136064,2016056089,6,67,67301,2016,5,1,1100,11,1,1,0,8,4, , ,N,2,0,0,3,0,1,2,2,N,N,39 56:36.531,75 09:50.896,1105, ,1103,3,2,2,N, ,0,Y, , , , , , , , ,1,1,0,0,0,0,0,0,0,0,1,0,1,0,1,0,0,0,0,0,0,0,0,0,0,0,0,0,0,0,0,0,1,0,0,3,0,39.9435,-75.1641, , 
13326,136068,2016058828,6,67,67301,2016,6,5,108,1,3,1,0,7,3, , ,N,0,0,0,3,0,0,1,1,N,N,39 57:24.961,75 10:49.602,108, ,108,2,1,3, , ,0,N, , , , , , , , ,1,0,0,0,0,0,1,0,0,0,0,0,0,0,0,0,0,0,0,0,0,0,0,0,0,0,0,0,0,0,0,0,0,0,0,0,0,39.9569,-75.1804, , 
13327,136083,2016021923,6,23,23103,2016,2,7,1640,16,1,1,0,7,5, , ,N,2,0,0,3,0,0,1,1,N,N,39 58:34.844,75 16:39.414,1643, ,1640, ,0, ,N, ,0, , , , , , , , , ,1,0,0,0,0,0,0,1,0,0,0,0,0,0,0,0,0,0,0,0,0,1,0,0,0,0,0,0,0,0,0,0,0,0,0,0,0,39.9763,-75.2776, , 
13328,136107,2016050098,6,67,67301,2016,4,2,800,8,1,1,0,1,1, , ,N,0,0,0,3,0,0,2,2,N,N,39 53:55.411,75 10:13.933,800, ,800,1,1,1, , ,0,N, , , , , , , , ,2,2,0,0,0,0,0,0,0,0,0,0,0,0,0,0,0,0,0,0,0,0,0,1,0,0,0,0,0,0,0,0,0,0,0,0,0,39.8987,-75.1705, , 
13329,136110,2016050866,6,67,67301,2016,4,4,1610,16,1,1,0,4,1, , ,N,1,2,0,3,0,0,3,3,N,N,40 06:51.780,74 59:17.002,1612, ,1611,2,1,2,N, ,3,N, , , , , , , , ,3,1,0,0,1,0,0,1,0,0,0,0,0,0,0,0,0,0,0,0,2,0,0,0,0,0,0,0,0,0,0,0,0,0,0,0,0,40.1144,-74.9881, , 
13330,136111,2016053632,6,67,67301,2016,5,1,530,5,3,2,1,7,3, , ,N,1,4,0,3,0,2,2,1,N,N,39 53:50.506,75 15:07.793,718, ,714, ,0, ,N, ,3, , , , , , , , , ,1,0,0,0,0,0,1,0,0,0,1,1,2,0,0,0,0,0,0,0,0,0,0,0,0,0,0,0,0,0,0,0,0,0,0,3,0,39.8974,-75.2522, , 
13331,136112,2016053663,6,67,67301,2016,5,4,2314,23,3,1,0,4,1, , ,N,0,0,6,3,0,1,3,2,N, ,39 58:06.460,75 10:51.051,2324, ,2323, ,0, , , ,0, , , , , , , , , ,2,1,0,0,0,0,0,1,0,0,0,1,1,0,0,0,0,0,0,0,1,0,0,0,0,0,0,0,0,0,0,0,0,0,0,4,0,39.9685,-75.1808, , 
13332,136116,2016058516,6,67,67301,2016,5,5,2010,20,3,1,0,3,6, , ,N,0,0,0,3,0,1,1,3,N,N,40 02:16.872,75 13:09.062,2015, ,2013, ,0, ,N, ,0, , , , , , , , , ,3,0,0,0,0,0,2,1,0,0,1,0,1,0,0,0,0,0,0,0,1,0,0,0,0,0,0,0,0,0,0,0,0,0,0,3,0,40.038,-75.2192, , 
13333,136121,2016063874,6,67,67301,2016,6,4,705,7,1,1,0,4,1, , ,N,2,3,0,3,0,0,4,2,N,N,39 56:28.557,75 11:09.873,721, ,720,3,2,5,N, ,3,Y, , , , , , , , ,2,2,0,0,0,0,0,0,0,0,0,0,0,0,0,0,0,0,0,0,0,0,0,2,0,0,0,0,0,0,0,0,0,0,0,0,0,39.9413,-75.1861, , 
13334,136139,2016013776,6,67,67301,2016,1,6,615,6,5,1,0,8,1, , ,N,1,2,0,3,0,1,2,2,N,N,39 57:47.719,75 11:18.597,646, ,645, ,0, ,N, ,3, , , , , , , , , ,1,0,0,0,0,0,1,0,0,0,0,1,1,0,0,0,0,0,0,0,1,0,0,0,0,0,0,0,0,0,0,0,1,0,0,4,0,39.9633,-75.1885, , 
13335,136145,2016019825,6,67,67301,2016,1,6,1532,15,1,1,0,4,1, , ,N,0,0,7,3,0,2,2,3,N,N,40 02:39.235,75 06:10.501,1815, ,1748,9,1,4,N, ,0,N, , , , , , , , ,3,2,0,0,0,0,1,0,0,0,0,1,2,1,0,0,0,0,1,0,0,0,0,1,0,0,0,0,0,0,0,0,0,0,0,4,0,40.0442,-75.1029, , 
13336,136151,2016025968,6,67,67301,2016,2,2,340,3,3,1,0,5,6, , ,N,0,0,0,3,0,0,1,2,N, ,40 02:44.678,75 09:40.071,354, ,351,2,2,1, , ,0,Y, , , , , , , , ,2,2,0,0,0,0,0,0,0,0,0,0,0,0,0,0,0,0,0,0,0,0,0,0,0,0,0,0,0,0,0,0,0,0,0,0,0,40.0457,-75.1611, , 
13337,136152,2016026864,6,67,67301,2016,2,5,147,1,3,1,0,7,5, , ,N,0,0,0,3,0,1,1,1,N, ,39 57:55.066,75 08:03.834,150, ,147, ,0, , , ,0, , , , , , , , , ,1,1,0,0,0,0,0,0,0,0,0,0,1,1,0,0,0,0,0,0,0,0,0,0,0,0,0,0,0,0,0,0,0,0,0,8,0,39.9653,-75.1344, , 
13338,136164,2016035697,6,67,67301,2016,4,4,1130,11,1,1,0,4,1, , ,N,0,0,0,3,0,1,2,2,N,N,39 54:29.727,75 09:41.021,1210, ,1136,3,2,5,N, ,0,Y, , , , , , , , ,2,1,0,0,0,1,0,0,0,0,0,0,1,1,0,0,0,0,0,0,1,0,0,0,0,0,0,0,0,0,0,0,0,0,0,8,1,39.9083,-75.1614, , 
13339,139465,2016029901,6,67,67301,2016,2,2,1509,15,1,1,0,8,1, , ,N,1,2,0,3,0,1,2,2,N,N,40 01:18.310,75 07:33.794,1539, ,1937, ,0, ,N, ,3, , , , , , , , , ,1,0,0,0,1,0,0,0,0,0,0,1,1,0,1,0,0,0,0,0,0,0,0,0,0,0,0,0,0,0,0,0,1,0,0,4,0,40.0218,-75.1261, , 
13340,139473,2016037811,6,67,67301,2016,4,6,1621,16,1,1,0,8,1, , ,N,1,2,0,3,0,1,2,2,N,N,39 59:49.557,75 14:07.172,1625, ,1621, ,0, ,N, ,3, , , , , , , , , ,1,1,0,0,0,0,0,0,0,0,0,1,1,0,0,0,0,0,0,0,0,0,0,0,0,0,0,0,0,0,0,0,1,0,0,4,0,39.997,-75.2353, , 
13341,139485,2016053776,6,67,67301,2016,5,1,2014,20,3,1,0,2,1, , ,N,0,0,0,3,0,3,8,2,N,N,40 01:11.964,75 08:03.037,2027, ,2024,3,2,5,N, ,0,Y, , , , , , , , ,2,1,0,0,0,0,0,1,0,0,0,0,3,3,0,0,0,0,0,0,0,0,0,0,0,0,0,0,0,0,0,0,0,0,0,8,0,40.02,-75.1342, , 
13342,139513,2016036483,6,67,67301,2016,3,7,323,3,3,1,0,4,1, , ,N,1,2,0,3,0,1,3,3,N,N,40 04:50.820,75 01:42.117,327, ,323,1,2,1,N, ,3,N, , , , , , , , ,3,2,0,0,0,0,1,0,0,0,0,0,1,1,1,0,0,0,0,0,0,0,0,0,0,0,0,0,0,0,0,0,0,0,0,8,0,40.0808,-75.0284, , 
13343,139520,2016040860,6,67,67301,2016,4,1,500,5,3,2,1,7,5, , ,N,1,2,0,3,0,0,2,1,N, ,40 01:36.847,75 13:37.905,500, ,504, ,0, , , ,3, , , , , , , , , ,1,1,0,0,0,0,0,0,0,0,0,0,0,0,0,0,0,0,0,0,0,0,0,0,0,0,0,0,0,0,0,0,0,0,0,0,0,40.0269,-75.2272, , 
13344,139563,2016019813,6,67,67301,2016,2,3,1645,16,1,1,0,3,6, , ,N,0,0,0,3,0,0,1,3,N,N,40 00:15.202,75 10:14.516,1700, ,1657, ,0, , , ,0, , , , , , , , , ,3,3,0,0,0,0,0,0,0,0,0,0,0,0,0,0,0,0,0,0,0,1,0,0,0,0,0,0,0,0,0,0,0,0,0,0,0,40.0042,-75.1707, , 
13345,139575,2016033899,6,67,67301,2016,3,6,1519,15,1,1,0,7,5, , ,N,1,2,0,3,0,1,1,1,N, ,39 55:57.271,75 13:48.759,1522, ,1521, ,0, , , ,3, , , , , , , , , ,1,0,0,0,0,0,0,1,0,0,0,0,1,1,0,0,0,0,0,0,1,0,0,0,0,0,0,0,0,0,0,0,0,0,0,8,0,39.9325,-75.2303, , 
13346,139577,2016036400,6,67,67301,2016,3,1,1946,19,4,9,1,8,1, , ,N,1,3,0,3,0,1,2,2,N,N,40 02:14.355,75 07:30.255,2050, ,2039, ,0, ,N, ,3, , , , , , , , , ,1,1,0,0,0,0,0,0,0,0,0,0,1,1,0,0,0,0,0,0,1,0,0,0,0,0,0,0,0,0,0,0,1,0,0,8,0,40.0373,-75.1251, , 
13347,139582,2016046486,6,67,67301,2016,5,2,711,7,1,1,0,1,1,1,4,Y,0,0,0,3,0,0,4,4,N,N,40 01:26.532,75 01:54.872,734,45,718,2,1,1, , ,0,N,Y,N,N,N,N,N,N,Y,4,4,0,0,0,0,0,0,0,0,0,0,0,0,0,0,0,0,0,0,0,0,0,0,0,0,0,0,0,0,0,0,0,0,0,0,0,40.024,-75.0319, , 
13348,139583,2016047004,6,67,67301,2016,4,6,1220,12,1,1,0,4,1, , ,N,1,3,0,3,0,0,2,2,N, ,39 59:27.805,75 08:41.413,1240, ,1235,1,2,4, , ,3,Y, , , , , , , , ,2,2,0,0,0,0,0,0,0,0,0,0,0,0,0,0,0,0,0,0,0,0,0,0,0,0,0,0,0,0,0,0,0,0,0,0,0,39.9911,-75.1448, , 
13349,139587,2016048591,6,67,67301,2016,4,1,2023,20,3,1,0,8,1, , ,N,0,0,0,3,0,1,2,2,N,N,39 59:40.123,75 05:42.098,2028, ,2026, ,0, ,N, ,0, , , , , , , , , ,1,0,0,0,0,0,1,0,0,0,1,0,1,0,0,0,0,0,0,0,1,0,0,0,0,0,0,0,0,0,0,0,1,0,0,3,0,39.9945,-75.095, , 
13350,139600,2016016581,6,67,67301,2016,1,7,1950,19,2,1,0,5,6, , ,N,0,0,0,3,0,0,1,2,N,N,39 55:45.543,75 13:15.221,1950, ,1950,3,1,1,N, ,0,N, , , , , , , , ,2,1,0,0,0,0,1,0,0,0,0,0,0,0,0,0,0,0,0,0,0,0,0,1,0,0,0,0,0,0,0,0,0,0,0,0,0,39.9293,-75.2209, , 
13351,139606,2016022787,6,67,67301,2016,2,6,615,6,3,1,0,8,1, , ,N,1,2,0,3,0,1,2,2,N,N,40 01:32.335,75 10:54.005,617, ,617,1,1,3,N, ,3,N, , , , , , , , ,1,1,0,0,0,0,0,0,0,0,0,0,1,1,0,0,0,0,0,0,0,0,0,0,0,0,0,0,0,0,0,0,1,0,0,8,0,40.0256,-75.1817, , 
13352,139608,2016023804,6,67,67301,2016,2,7,300,3,3,1,0,1,6, , ,N,0,0,0,3,0,0,1,2,N,N,40 02:33.500,75 01:32.990,1220, ,1205, ,0, , , ,0, , , , , , , , , ,2,0,0,0,0,0,1,0,0,0,0,0,0,0,1,0,0,0,0,0,0,0,0,0,0,0,0,0,0,0,0,0,0,0,0,9,0,40.0426,-75.0258, , 
13353,139612,2016026036,6,67,67301,2016,2,3,830,8,1,4,1,4,1, , ,N,1,3,0,3,0,1,6,2,Y,N,39 56:55.413,75 13:30.820,840, ,834, ,0, ,N, ,3, , , , , , , , , ,2,1,0,1,0,0,0,0,0,0,0,1,1,0,0,0,0,0,0,0,1,0,0,1,0,0,0,0,0,0,0,0,0,0,0,4,1,39.9487,-75.2252, , 
13354,139616,2016032079,6,67,67301,2016,3,3,958,9,1,1,0,4,1, , ,N,1,2,0,3,0,2,2,2,N,N,39 57:02.548,75 13:43.906,959, ,959,9,2,7,N, ,3,Y, , , , , , , , ,2,1,0,0,0,0,1,0,0,0,1,0,2,1,0,0,0,0,0,0,1,0,0,0,0,0,0,0,0,0,0,0,0,0,0,3,0,39.9507,-75.2289, , 