objectid_1,objectid,crn,district,county,municipality,crash_year,crash_month,day_of_week,time_of_day,hour_of_day,illumination,weather,road_condition,collision_type,relation_to_road,work_zone_type,work_zone_loc,work_zone_ind,intersect_type,tcd_type,location_type,urban_rural,fatal_count,injury_count,person_count,total_units,sch_bus_ind,sch_zone_ind,latitude,longitude,arrival_tm,cons_zone_spd_lim,dispatch_tm,est_hrs_closed,lane_closed,ln_close_dir,ntfy_hiwy_maint,spec_juris_cd,tcd_func_cd,tfc_detour_ind,workers_pres,wz_close_detour,wz_flagger,wz_law_offcr_ind,wz_ln_closure,wz_moving,wz_other,wz_shlder_mdn,vehicle_count,automobile_count,motorcycle_count,bus_count,small_truck_count,heavy_truck_count,suv_count,van_count,bicycle_count,maj_inj_count,mod_inj_count,min_inj_count,tot_inj_count,unk_inj_deg_count,unk_inj_per_count,driver_count_16yr,driver_count_17yr,driver_count_18yr,driver_count_19yr,driver_count_20yr,driver_count_50_64yr,driver_count_65_74yr,driver_count_75plus,unbelted_occ_count,unb_death_count,unb_maj_inj_count,belted_death_count,belted_maj_inj_count,mcycle_death_count,mcycle_maj_inj_count,bicycle_death_count,bicycle_maj_inj_count,ped_count,ped_death_count,ped_maj_inj_count,max_severity_level,comm_veh_count,dec_lat,dec_long,rdwy_surf_type_cd,county_name
13355,139618,2016033864,6,67,67301,2016,3,2,930,9,1,2,1,1,1, , ,N,1,0,0,3,0,2,3,2,N, ,40 01:19.743,75 09:14.003,940, ,939, ,0, , , ,0, , , , , , , , , ,2,2,0,0,0,0,0,0,0,0,0,2,2,0,1,0,0,0,0,0,1,0,0,0,0,0,0,0,0,0,0,0,0,0,0,4,0,40.0222,-75.1539, , 
13356,139621,2016036534,6,67,67301,2016,3,6,815,8,1,1,0,4,1, , ,N,1,2,0,3,0,2,2,2,N, ,39 55:58.508,75 08:55.373,827, ,824, ,0, , , ,3, , , , , , , , , ,2,0,0,0,0,0,2,0,0,0,0,1,2,1,0,0,0,0,0,0,0,1,0,0,0,0,0,0,0,0,0,0,0,0,0,4,0,39.9329,-75.1487, , 
13357,141609,2016041623,6,67,67301,2016,4,5,907,9,1,1,0,5,1, , ,N,0,0,0,3,0,1,2,2,N,N,39 59:30.487,75 12:09.558,927, ,907,1,1,3, , ,0,N, , , , , , , , ,2,2,0,0,0,0,0,0,0,0,0,0,1,1,0,0,0,0,0,0,0,0,0,0,0,0,0,0,0,0,0,0,0,0,0,8,0,39.9918,-75.2027, , 
13358,141649,2016033858,6,67,67301,2016,3,3,1829,18,1,1,0,8,1, , ,N,1,2,0,3,0,1,2,2,N,N,39 54:58.684,75 10:03.536,1840, ,1829, ,0, ,N, ,3, , , , , , , , , ,1,1,0,0,0,0,0,0,0,0,0,1,1,0,0,0,0,0,0,0,1,0,0,1,0,0,0,0,0,0,0,0,1,0,0,4,0,39.9163,-75.1676, , 
13359,141656,2016040896,6,67,67301,2016,4,4,938,9,1,1,0,4,1, , ,N,1,2,0,3,0,0,2,2,N,N,40 02:17.558,75 11:24.246,945, ,939, ,0, ,N, ,3, , , , , , , , , ,2,0,0,0,0,0,1,1,0,0,0,0,0,0,0,0,0,0,0,0,0,1,1,1,0,0,0,0,0,0,0,0,0,0,0,0,0,40.0382,-75.1901, , 
13360,141659,2016048672,6,67,67301,2016,4,7,1405,14,1,1,0,4,1,8,8,Y,5,2,3,3,0,2,2,2,N,N,40 03:33.132,75 02:38.341,1415,99,1405,1,1,1,N, ,3,N,U,U,U,U,U,U,U,U,2,0,0,0,0,0,2,0,0,0,0,1,2,1,0,0,0,0,0,0,0,1,0,0,0,0,0,0,0,0,0,0,0,0,0,4,0,40.0592,-75.044, , 
13361,141689,2016027561,6,67,67301,2016,2,6,2013,20,3,1,0,4,1, , ,N,1,3,0,3,0,0,2,2,N, ,39 55:02.019,75 14:14.620,2025, ,2025, ,0, , , ,3, , , , , , , , , ,2,2,0,0,0,0,0,0,0,0,0,0,0,0,0,0,0,0,0,0,0,0,0,1,0,0,0,0,0,0,0,0,0,0,0,0,0,39.9172,-75.2374, , 
13362,141693,2016032102,6,67,67301,2016,3,5,1455,14,1,1,0,1,1, , ,N,0,0,0,3,0,6,10,2,N,N,39 57:01.666,75 11:33.605,1910, ,1450, ,0, ,N, ,0, , , , , , , , , ,2,0,0,0,0,0,2,0,0,0,0,0,6,6,0,0,0,0,0,0,0,0,0,0,0,0,0,0,0,0,0,0,0,0,0,8,0,39.9505,-75.1927, , 
13363,141729,2016019792,6,67,67301,2016,2,4,1741,17,1,2,1,1,1, , ,N,1,2,0,3,0,1,2,2,N, ,39 56:59.326,75 09:19.840,1820, ,1813, ,0, , , ,3, , , , , , , , , ,2,2,0,0,0,0,0,0,0,0,0,0,1,1,0,0,0,0,0,0,0,0,0,1,0,0,0,0,0,0,0,0,0,0,0,8,0,39.9498,-75.1554, , 
13364,141749,2016040930,6,67,67301,2016,4,7,2213,22,3,1,0,4,1, , ,N,2,0,0,3,0,1,2,2,N,N,40 03:56.397,75 03:05.152,2216, ,2213, ,0, ,N, ,0, , , , , , , , , ,2,2,0,0,0,0,0,0,0,0,0,1,1,0,0,0,0,0,0,0,0,0,0,1,0,0,0,0,0,0,0,0,0,0,0,4,0,40.0656,-75.0514, , 
13365,141755,2016046146,6,67,67301,2016,4,4,800,8,1,1,0,1,1, , ,N,2,0,0,3,0,1,2,2,N, ,40 03:19.929,75 10:05.686,813, ,806, ,0, , , ,0, , , , , , , , , ,2,0,0,0,0,0,2,0,0,0,0,1,1,0,0,0,0,0,0,0,2,0,0,0,0,0,0,0,0,0,0,0,0,0,0,4,0,40.0555,-75.1682, , 
13366,141757,2016052309,6,67,67301,2016,4,5,1715,17,1,2,1,8,1, , ,N,0,0,0,3,0,1,2,2,N,N,40 00:36.401,75 09:03.400,1740, ,1730, ,0, ,N, ,0, , , , , , , , , ,1,1,0,0,0,0,0,0,0,0,0,1,1,0,0,0,0,0,0,0,1,0,0,1,0,0,0,0,0,0,0,0,1,0,0,4,0,40.0101,-75.1509, , 
13367,141758,2016053695,6,67,67301,2016,5,3,445,4,3,2,1,7,3, , ,N,1,2,0,3,0,1,1,2,N,N,40 03:08.339,75 00:28.750,755, ,451, ,0, ,N, ,3, , , , , , , , , ,1,0,0,0,0,0,1,0,0,0,0,1,1,0,0,0,0,0,0,0,0,0,0,0,0,0,0,0,0,0,0,0,0,0,0,4,0,40.0523,-75.008, , 
13368,141789,2016028825,6,67,67301,2016,3,6,1501,15,1,1,0,1,1, , ,N,0,0,0,3,0,0,2,2,N,N,39 58:00.089,75 11:15.583,1514, ,1514, ,0, , , ,0, , , , , , , , , ,2,1,0,0,0,1,0,0,0,0,0,0,0,0,0,0,0,0,0,0,1,0,0,0,0,0,0,0,0,0,0,0,0,0,0,0,1,39.9667,-75.1877, , 
13369,141790,2016029435,6,67,67301,2016,2,1,155,1,3,1,0,1,1, , ,N,0,0,3,3,0,2,6,2,N,N,40 01:10.932,75 08:55.814,223, ,206,3,2,1,N, ,0,Y, , , , , , , , ,2,2,0,0,0,0,0,0,0,0,0,2,2,0,0,0,0,0,0,0,0,0,0,0,0,0,0,0,0,0,0,0,0,0,0,4,0,40.0197,-75.1488, , 
13370,141801,2016040953,6,67,67301,2016,4,7,1211,12,1,2,1,4,1, , ,N,1,3,0,3,0,3,4,2,N,N,40 01:40.843,75 07:56.434,1218, ,1216, ,0, ,N, ,3, , , , , , , , , ,2,1,0,0,0,0,0,1,0,0,0,3,3,0,1,0,0,0,0,0,0,0,0,0,0,0,0,0,0,0,0,0,0,0,0,4,0,40.028,-75.1323, , 
13371,141808,2016002027,6,67,67301,2016,1,7,1511,15,1,1,0,1,1,1,4,Y,6,0,2,3,0,1,4,3,N,N,40 01:14.087,75 02:35.448,1559,50,1515, ,0, ,N, ,0, ,N,N,N,N,Y,N,N,Y,2,0,0,0,0,0,2,0,0,0,0,0,1,1,0,0,0,0,0,1,0,0,0,0,0,0,0,0,0,0,0,0,0,0,0,8,0,40.0207,-75.0428, , 
13372,141819,2016019822,6,67,67301,2016,2,1,1251,12,1,1,0,8,1, , ,N,1,2,0,3,0,1,2,2,N,N,39 58:38.125,75 09:29.199,1257, ,1255, ,0, ,N, ,3, , , , , , , , , ,1,0,0,0,0,0,1,0,0,0,0,1,1,0,0,0,0,0,0,0,0,0,0,1,0,0,0,0,0,0,0,0,1,0,0,4,0,39.9773,-75.1581, , 
13373,141821,2016022451,6,67,67301,2016,2,2,1645,16,1,1,0,1,1, , ,N,0,2,0,3,0,1,3,2,N, ,39 57:33.001,75 08:55.215,1730, ,1710, ,0, , , ,3, , , , , , , , , ,2,2,0,0,0,0,0,0,0,0,0,1,1,0,0,0,0,0,0,0,0,0,0,0,0,0,0,0,0,0,0,0,0,0,0,4,0,39.9592,-75.1487, , 
13374,141835,2016040940,6,67,67301,2016,4,7,2050,20,3,1,0,4,1, , ,N,5,2,0,3,0,1,2,2,N,N,39 55:23.787,75 10:54.219,2130, ,2050, ,0, ,N, ,3, , , , , , , , , ,1,0,0,0,0,0,1,0,1,0,0,0,1,1,0,0,0,0,0,0,1,0,0,0,0,0,0,0,0,0,0,0,0,0,0,8,0,39.9233,-75.1818, , 
13375,132849,2016014046,6,67,67301,2016,1,2,1600,16,1,1,0,4,1, , ,N,1,2,0,3,0,1,3,3,N,N,40 01:04.807,75 08:57.222,1604, ,1604, ,0, ,N, ,3, , , , , , , , , ,3,2,0,0,0,0,1,0,0,0,0,1,1,0,0,0,0,0,0,0,1,0,0,0,0,0,0,0,0,0,0,0,0,0,0,4,0,40.0179,-75.1493, , 
13376,132855,2016019223,6,67,67301,2016,2,6,1851,18,3,4,7,1,1, , ,N,0,0,0,3,0,0,2,2,N,N,39 56:26.022,75 08:35.258,1912, ,1858, ,0, , , ,0, , , , , , , , , ,2,0,0,0,0,0,1,1,0,0,0,0,0,0,0,0,0,0,0,1,0,0,0,0,0,0,0,0,0,0,0,0,0,0,0,0,0,39.9406,-75.1431, , 
13377,132867,2016026859,6,67,67301,2016,2,6,1336,13,1,1,0,1,1, , ,N,0,0,0,3,0,4,6,3,N,N,40 00:58.693,75 03:42.757,1339, ,1337, ,0, ,N, ,0, , , , , , , , , ,3,1,0,1,0,0,1,0,0,0,0,4,4,0,0,0,0,0,0,0,0,0,0,0,0,0,0,0,0,0,0,0,0,0,0,4,1,40.0163,-75.0619, , 
13378,132889,2016008620,6,67,67301,2016,1,6,100,1,3,1,0,4,1, , ,N,1,3,0,3,0,0,2,2,N,N,39 55:20.362,75 10:24.589,115, ,110, ,0, ,N, ,3, , , , , , , , , ,2,2,0,0,0,0,0,0,0,0,0,0,0,0,0,0,0,0,0,0,1,0,0,0,0,0,0,0,0,0,0,0,0,0,0,0,0,39.9223,-75.1735, , 
13379,132895,2016013738,6,67,67301,2016,1,4,1719,17,6,1,0,5,6, , ,N,0,0,0,3,0,0,1,4,N, ,40 03:28.569,75 09:38.648,1943, ,1929, ,0, , , ,0, , , , , , , , , ,4,3,0,0,1,0,0,0,0,0,0,0,0,0,0,0,0,0,0,0,0,0,0,0,0,0,0,0,0,0,0,0,0,0,0,0,0,40.0579,-75.1607, , 
13380,132906,2016022876,6,67,67301,2016,2,3,835,8,1,2,1,1,1, , ,N,0,0,2,3,0,0,2,2,N,N,39 57:19.596,75 08:52.975,837, ,835,1,1,4,N, ,0,N, , , , , , , , ,2,2,0,0,0,0,0,0,0,0,0,0,0,0,0,0,0,0,0,0,0,0,0,0,0,0,0,0,0,0,0,0,0,0,0,0,0,39.9553,-75.1478, , 
13381,132911,2016026047,6,67,67301,2016,2,1,1425,14,1,1,0,4,1, , ,N,1,3,0,3,0,1,2,2,N, ,39 58:56.323,75 09:00.046,1430, ,1425, ,0, , , ,3, , , , , , , , , ,2,2,0,0,0,0,0,0,0,0,0,1,1,0,0,0,0,0,1,0,0,0,0,1,0,0,0,0,0,0,0,0,0,0,0,4,0,39.9823,-75.15, , 
13382,132920,2016033918,6,67,67301,2016,3,1,1300,13,1,1,0,4,1, , ,N,1,3,0,3,0,2,4,3,N,N,40 01:31.746,75 07:20.688,1607, ,1607, ,0, ,N, ,3, , , , , , , , , ,3,1,0,0,1,0,1,0,0,0,0,2,2,0,0,0,0,1,0,0,0,0,1,0,0,0,0,0,0,0,0,0,0,0,0,4,0,40.0256,-75.1223, , 
13383,132922,2016036500,6,67,67301,2016,3,6,2259,22,3,1,0,4,1, , ,N,3,3,0,3,0,2,3,2,N,N,39 58:25.999,75 12:24.461,2305, ,2259, ,0, ,N, ,3, , , , , , , , , ,2,2,0,0,0,0,0,0,0,0,1,0,2,1,0,0,0,0,0,0,0,0,0,0,0,0,0,0,0,0,0,0,0,0,0,3,0,39.9738,-75.2068, , 
13384,132925,2016040916,6,67,67301,2016,3,7,9,0,3,1,0,6,6, , ,N,0,0,0,3,0,0,1,5,N, ,39 55:25.976,75 13:52.188,14, ,11, ,0, , , ,0, , , , , , , , , ,5,2,0,0,0,0,1,1,0,0,0,0,0,0,0,0,0,0,0,0,0,0,0,0,0,0,0,0,0,0,0,0,0,0,0,0,0,39.9239,-75.2312, , 
13385,132938,2016008052,6,67,67301,2016,1,1,737,7,1,2,1,7,2, , ,N,0,0,0,3,0,1,1,1,N,N,39 57:36.040,75 10:47.387,745, ,738,1,1,3, , ,0,N, , , , , , , , ,1,1,0,0,0,0,0,0,0,0,0,1,1,0,0,0,0,0,0,0,0,0,0,0,0,0,0,0,0,0,0,0,0,0,0,4,0,39.96,-75.1798, , 
13386,132962,2016029948,6,67,67301,2016,3,5,855,8,1,1,0,4,1, , ,N,1,2,0,3,0,2,5,3,N,N,39 56:18.900,75 11:54.432,859, ,856,2,2,4,N, ,3,Y, , , , , , , , ,3,2,0,0,0,0,0,1,0,0,1,1,2,0,0,0,0,0,0,0,0,0,0,0,0,0,0,0,0,0,0,0,0,0,0,3,0,39.9386,-75.1985, , 
13387,132965,2016032107,6,67,67301,2016,3,4,1830,18,4,1,0,8,1, , ,N,0,0,0,3,0,1,2,2,N,N,40 02:47.376,75 10:01.839,1910, ,1852, ,0, ,N, ,0, , , , , , , , , ,1,0,0,0,0,0,0,0,0,0,0,1,1,0,0,0,0,0,0,0,0,0,0,0,0,0,0,0,0,0,0,0,1,0,0,4,0,40.0465,-75.1672, , 
13388,132966,2016033813,6,67,67301,2016,3,3,809,8,1,1,1,1,1, , ,N,0,0,0,3,0,1,2,2,N,Y,40 01:42.769,75 02:49.596,834, ,829, ,0, ,N, ,0, , , , , , , , , ,2,1,0,0,0,0,1,0,0,0,0,1,1,0,0,0,0,0,0,0,1,0,0,0,0,0,0,0,0,0,0,0,0,0,0,4,0,40.0285,-75.0471, , 
13389,132990,2016013941,6,67,67301,2016,1,2,748,7,1,1,0,1,1, , ,N,1,2,0,3,0,0,2,2,N,N,40 03:14.351,75 02:56.006,754, ,752,2,1,1,N, ,3,N, , , , , , , , ,2,2,0,0,0,0,0,0,0,0,0,0,0,0,0,0,0,0,0,0,0,1,0,0,0,0,0,0,0,0,0,0,0,0,0,0,0,40.0541,-75.049, , 
13390,133014,2016051271,6,67,67301,2016,4,4,740,7,1,1,0,4,1, , ,N,2,3,0,3,0,0,2,2,N, ,39 58:58.072,75 12:22.561,750, ,745,1,2,5, , ,3,Y, , , , , , , , ,2,1,0,0,0,0,1,0,0,0,0,0,0,0,0,0,0,0,0,1,1,0,0,0,0,0,0,0,0,0,0,0,0,0,0,0,0,39.9828,-75.2063, , 
13391,133022,2016056468,6,67,67301,2016,5,4,1557,15,1,1,0,1,1, , ,N,0,0,0,3,0,1,3,2,N,N,39 58:35.738,75 11:48.584,1812, ,1801,1,1,3, , ,0,N, , , , , , , , ,2,1,0,0,1,0,0,0,0,0,1,0,1,0,0,0,0,0,0,0,0,0,0,0,0,0,0,0,0,0,0,0,0,0,0,3,0,39.9766,-75.1968, , 
13392,133102,2016029803,6,67,67301,2016,3,2,2100,21,3,1,0,5,1, , ,N,1,0,0,3,0,1,2,2,N,N,39 59:15.403,75 09:59.191,2123, ,2104, ,0, ,N, ,0, , , , , , , , , ,2,1,0,0,0,0,0,1,0,0,0,0,1,1,0,0,0,0,0,0,1,0,1,1,0,0,0,0,0,0,0,0,0,0,0,8,0,39.9876,-75.1664, , 
13393,133103,2016029859,6,67,67301,2016,3,6,1700,17,1,1,0,1,1, , ,N,1,3,0,3,0,0,1,2,N,N,40 03:47.592,75 11:01.827,1718, ,1709, ,0, ,N, ,3, , , , , , , , , ,2,2,0,0,0,0,0,0,0,0,0,0,0,0,0,0,0,0,0,0,0,0,0,0,0,0,0,0,0,0,0,0,0,0,0,0,0,40.0632,-75.1838, , 
13394,136209,2016046122,6,67,67301,2016,4,6,2205,22,2,1,0,5,1, , ,N,0,0,0,3,0,1,4,2,N,N,39 56:49.794,75 14:16.447,2220, ,2210, ,0, ,N, ,0, , , , , , , , , ,2,2,0,0,0,0,0,0,0,0,0,0,1,1,1,0,0,0,0,0,0,0,0,2,0,0,0,0,0,0,0,0,0,0,0,8,0,39.9472,-75.2379, , 
13395,136212,2016048659,6,67,67301,2016,4,3,204,2,3,1,0,7,4, , ,N,0,0,0,3,0,0,1,1,N, ,39 54:57.149,75 13:16.823,205, ,204,2,2,4, , ,0,Y, , , , , , , , ,1,1,0,0,0,0,0,0,0,0,0,0,0,0,0,0,0,0,0,0,0,0,0,1,0,0,0,0,0,0,0,0,0,0,0,0,0,39.9159,-75.2213, , 
13396,136218,2016054177,6,67,67301,2016,5,4,1836,18,1,1,0,8,1, , ,N,1,2,0,3,0,1,2,2,N, ,40 02:09.368,75 02:32.560,1848, ,1842, ,0, , , ,3, , , , , , , , , ,1,0,0,0,1,0,0,0,0,0,0,1,1,0,0,0,0,0,0,0,1,0,0,1,0,0,0,0,0,0,0,0,1,0,0,4,0,40.0359,-75.0424, , 
13397,136220,2016002029,6,67,67301,2016,1,2,538,5,3,1,0,5,1,1,4,Y,0,0,0,3,0,1,2,2,N,N,40 01:23.830,75 02:05.476,538,45,538, ,0, ,N, ,0, ,N,N,N,N,N,N,N,Y,2,1,0,0,1,0,0,0,0,0,0,0,1,1,0,0,0,0,0,0,0,0,0,0,0,0,0,0,0,0,0,0,0,0,0,8,0,40.0233,-75.0349, , 
13398,136237,2016019798,6,67,67301,2016,2,4,715,7,1,2,1,7,3, , ,N,0,0,0,3,0,0,1,1,N,N,40 00:57.322,75 12:18.564,718, ,715, ,0, ,N, ,0, , , , , , , , , ,1,1,0,0,0,0,0,0,0,0,0,0,0,0,0,0,0,0,0,0,0,0,0,0,0,0,0,0,0,0,0,0,0,0,0,0,0,40.0159,-75.2052, , 
13399,136246,2016031709,6,67,67301,2016,3,5,2240,22,3,4,1,5,1, , ,N,0,0,0,3,0,3,3,2,N,N,40 01:14.299,75 09:37.824,2320, ,2315, ,0, ,N, ,0, , , , , , , , , ,2,2,0,0,0,0,0,0,0,0,0,2,3,1,0,0,0,0,0,0,0,1,0,0,0,0,0,0,0,0,0,0,0,0,0,4,0,40.0206,-75.1605, , 
13400,136252,2016038232,6,67,67301,2016,3,2,1110,11,1,1,0,1,1, , ,N,0,0,0,3,0,1,3,2,N,N,39 56:42.518,75 11:27.143,1127, ,1115, ,0, , , ,0, , , , , , , , , ,2,2,0,0,0,0,0,0,0,0,0,0,1,1,0,0,0,0,0,0,2,0,0,0,0,0,0,0,0,0,0,0,0,0,0,8,0,39.9451,-75.1909, , 
13401,136258,2016040854,6,67,67301,2016,4,3,844,8,1,1,0,4,1, , ,N,2,0,2,3,0,0,3,2,N, ,39 59:11.983,75 12:29.919,911, ,911, ,0, , , ,0, , , , , , , , , ,2,2,0,0,0,0,0,0,0,0,0,0,0,0,0,0,0,0,0,0,0,0,0,0,0,0,0,0,0,0,0,0,0,0,0,0,0,39.9867,-75.2083, , 
13402,136259,2016041029,6,67,67301,2016,4,2,1839,18,1,2,1,6,1, , ,N,0,0,0,3,0,2,2,2,N,N,39 58:52.137,75 11:59.687,1841, ,1841,2,2,5,N, ,0,Y, , , , , , , , ,2,2,0,0,0,0,0,0,0,0,0,2,2,0,0,0,0,0,0,0,0,0,0,0,0,0,0,0,0,0,0,0,0,0,0,4,0,39.9811,-75.1999, , 
13403,136287,2016023164,6,67,67301,2016,2,7,1243,12,1,1,0,4,1, , ,N,1,3,0,3,0,0,3,2,N,N,39 57:24.825,75 12:22.359,1248, ,1245, ,0, ,N, ,3, , , , , , , , , ,2,1,0,0,0,0,0,1,0,0,0,0,0,0,0,0,0,0,0,0,0,0,0,0,0,0,0,0,0,0,0,0,0,0,0,0,0,39.9569,-75.2062, , 
13404,136300,2016036522,6,67,67301,2016,3,1,1705,17,1,2,1,7,4, , ,N,1,2,1,3,0,2,3,1,N, ,40 00:25.549,75 05:38.543,1705, ,1705, ,0, , , ,3, , , , , , , , , ,1,0,0,0,0,0,0,1,0,0,0,2,2,0,0,0,0,0,0,0,0,0,0,1,0,0,0,0,0,0,0,0,0,0,0,4,0,40.0071,-75.094, , 
13405,136304,2016039705,6,67,67301,2016,3,7,1146,11,1,1,0,4,1, , ,N,1,3,0,3,0,1,2,2,N,N,40 03:16.301,75 05:26.793,1200, ,1150, ,0, , , ,3, , , , , , , , , ,2,1,0,0,0,0,1,0,0,0,0,0,1,1,0,0,0,0,0,0,0,0,0,0,0,0,0,0,0,0,0,0,0,0,0,8,0,40.0545,-75.0908, , 
13406,136326,2016014495,6,67,67301,2016,1,1,1653,16,4,3,5,7,3, , ,N,0,8,0,3,0,1,1,1,N,N,39 56:20.675,75 08:37.857,1653, ,1653,1,1,2, , ,3,N, , , , , , , , ,1,1,0,0,0,0,0,0,0,0,1,0,1,0,0,0,0,0,0,0,0,0,0,0,0,0,0,0,0,0,0,0,0,0,0,3,0,39.9391,-75.1438, , 
13407,136378,2016017019,6,67,67301,2016,1,5,945,9,1,1,5,6,1, , ,N,0,0,0,3,0,2,2,2,N,N,39 59:42.536,75 11:30.841,952, ,946,3,2,5,N, ,0,Y, , , , , , , , ,2,1,0,0,0,0,1,0,0,0,1,1,2,0,0,0,0,0,0,0,0,0,0,0,0,0,0,0,0,0,0,0,0,0,0,3,0,39.9951,-75.1919, , 
13408,136384,2016024854,6,67,67301,2016,2,2,1900,19,3,1,0,1,1, , ,N,7,0,2,3,0,1,4,3,N,N,39 59:21.294,75 12:23.365,1906, ,1900,1,1,3, , ,0,N, , , , , , , , ,3,2,0,0,0,0,1,0,0,0,0,0,1,1,2,0,0,0,0,1,0,0,0,0,0,0,0,0,0,0,0,0,0,0,0,8,0,39.9892,-75.2065, , 
13409,136385,2016026093,6,67,67301,2016,2,5,1107,11,1,1,0,7,4, , ,N,0,0,0,3,0,1,1,1,N,N,40 01:33.313,75 07:58.253,1142, ,1141, ,0, ,N, ,0, , , , , , , , , ,1,1,0,0,0,0,0,0,0,0,0,1,1,0,0,0,0,0,0,0,1,0,0,0,0,0,0,0,0,0,0,0,0,0,0,4,0,40.0259,-75.1328, , 
13410,136389,2016036434,6,67,67301,2016,3,4,152,1,3,1,0,1,6, , ,N,0,0,0,3,0,1,1,3,N,N,39 56:31.668,75 14:00.964,204, ,159, ,0, ,N, ,0, , , , , , , , , ,3,2,0,0,0,0,0,1,0,0,0,1,1,0,0,0,0,0,0,0,0,0,0,1,0,0,0,0,0,0,0,0,0,0,0,4,0,39.9421,-75.2336, , 
13411,136395,2016047804,6,67,67301,2016,4,2,1905,19,1,1,0,4,1, , ,N,1,2,0,3,0,1,2,2,N, ,40 01:43.697,75 05:23.235,1930, ,1915, ,0, , , ,3, , , , , , , , , ,2,2,0,0,0,0,0,0,0,0,0,1,1,0,0,0,0,0,0,0,1,0,0,1,0,0,0,0,0,0,0,0,0,0,0,4,0,40.0288,-75.0898, , 
13412,139628,2016043374,6,67,67301,2016,4,5,1825,18,1,2,1,1,1, , ,N,1,2,0,3,0,3,4,3,N,N,40 01:53.299,75 10:20.452,1840, ,1837, ,0, , , ,3, , , , , , , , , ,3,3,0,0,0,0,0,0,0,0,0,0,3,3,0,0,0,0,0,0,0,0,0,2,0,0,0,0,0,0,0,0,0,0,0,8,0,40.0315,-75.1723, , 
13413,139647,2016014442,6,67,67301,2016,1,4,800,8,1,1,0,5,1, , ,N,0,0,0,3,0,0,18,2,Y,N,39 56:49.178,75 09:55.195,9999, ,9999, ,0, ,N, ,0, , , , , , , , , ,2,0,0,1,0,0,1,0,0,0,0,0,0,0,0,0,0,0,0,0,0,0,0,0,0,0,0,0,0,0,0,0,0,0,0,0,1,39.947,-75.1653, , 
13414,139654,2016017046,6,67,67301,2016,1,1,1430,14,1,1,0,8,1, , ,N,0,0,0,3,0,1,2,2,N,N,39 57:34.830,75 09:45.819,1435, ,1432,1,1,4,N, ,0,N, , , , , , , , ,1,1,0,0,0,0,0,0,0,0,0,1,1,0,0,0,0,0,0,0,0,0,0,0,0,0,0,0,0,0,0,0,1,0,0,4,0,39.9597,-75.1627, , 
13415,139657,2016019819,6,67,67301,2016,2,6,715,7,5,2,1,8,1, , ,N,1,2,0,3,0,1,2,2,N,N,39 59:30.291,75 06:46.001,755, ,750, ,0, ,N, ,3, , , , , , , , , ,1,0,0,0,0,0,1,0,0,0,1,0,1,0,0,0,0,0,0,0,0,0,0,1,0,0,0,0,0,0,0,0,1,0,0,3,0,39.9917,-75.1128, , 
13416,139667,2016033426,6,67,67301,2016,3,4,1205,12,1,1,0,6,1, , ,N,1,2,0,3,0,1,2,2,N,N,39 57:22.453,75 11:38.974,1211, ,1209, ,0, ,N, ,3, , , , , , , , , ,1,0,0,0,1,0,0,0,1,0,0,0,1,1,0,0,0,0,0,0,0,0,0,1,0,0,0,0,0,0,0,0,0,0,0,8,0,39.9562,-75.1941, , 
13417,139669,2016036545,6,67,67301,2016,3,5,2000,20,3,1,0,5,6, , ,N,0,0,0,3,0,1,1,2,N, ,40 00:00.900,75 08:32.593,2120, ,2110, ,0, , , ,0, , , , , , , , , ,2,1,0,0,0,0,0,1,0,0,0,0,1,1,0,0,0,0,0,0,1,0,0,0,0,0,0,0,0,0,0,0,0,0,0,8,0,40.0003,-75.1424, , 
13418,139685,2016048331,6,67,67301,2016,5,6,15,0,3,1,0,5,6, , ,N,0,0,0,3,0,0,1,3,N,Y,39 59:04.830,75 09:15.368,34, ,34,2,1,1,N, ,0,N, , , , , , , , ,2,2,0,0,0,0,0,0,0,0,0,0,0,0,0,0,0,0,0,0,0,0,0,0,0,0,0,0,0,0,0,0,0,0,0,0,0,39.9847,-75.1543, , 
13419,139697,2016014436,6,67,67301,2016,1,5,1030,10,1,1,0,6,1, , ,N,10,0,0,3,0,2,3,2,N, ,40 02:33.558,75 07:48.381,1050, ,1046, ,0, , , ,0, , , , , , , , , ,2,0,0,0,0,1,0,1,0,0,0,2,2,0,0,0,0,0,0,0,0,0,0,0,0,0,0,0,0,0,0,0,0,0,0,4,1,40.0427,-75.1301, , 
13420,139711,2016031079,6,67,67301,2016,2,1,1720,17,1,1,0,1,1, , ,N,6,4,2,3,0,1,5,2,N,N,40 00:34.498,75 11:14.124,1728, ,1724,9,1,1,N, ,3,N, , , , , , , , ,2,1,1,0,0,0,0,0,0,0,0,0,1,1,0,0,0,0,0,0,0,0,0,0,0,0,0,0,0,0,0,0,0,0,0,8,0,40.0096,-75.1873, , 
13421,139729,2016046083,6,67,67301,2016,4,5,540,5,5,1,0,1,1, , ,N,5,2,2,3,0,0,3,3,N, ,39 56:59.678,75 08:37.429,543, ,541, ,0, , , ,3, , , , , , , , , ,3,3,0,0,0,0,0,0,0,0,0,0,0,0,0,0,0,0,0,0,0,0,0,0,0,0,0,0,0,0,0,0,0,0,0,0,0,39.9499,-75.1437, , 