objectid_1,objectid,crn,district,county,municipality,crash_year,crash_month,day_of_week,time_of_day,hour_of_day,illumination,weather,road_condition,collision_type,relation_to_road,work_zone_type,work_zone_loc,work_zone_ind,intersect_type,tcd_type,location_type,urban_rural,fatal_count,injury_count,person_count,total_units,sch_bus_ind,sch_zone_ind,latitude,longitude,arrival_tm,cons_zone_spd_lim,dispatch_tm,est_hrs_closed,lane_closed,ln_close_dir,ntfy_hiwy_maint,spec_juris_cd,tcd_func_cd,tfc_detour_ind,workers_pres,wz_close_detour,wz_flagger,wz_law_offcr_ind,wz_ln_closure,wz_moving,wz_other,wz_shlder_mdn,vehicle_count,automobile_count,motorcycle_count,bus_count,small_truck_count,heavy_truck_count,suv_count,van_count,bicycle_count,maj_inj_count,mod_inj_count,min_inj_count,tot_inj_count,unk_inj_deg_count,unk_inj_per_count,driver_count_16yr,driver_count_17yr,driver_count_18yr,driver_count_19yr,driver_count_20yr,driver_count_50_64yr,driver_count_65_74yr,driver_count_75plus,unbelted_occ_count,unb_death_count,unb_maj_inj_count,belted_death_count,belted_maj_inj_count,mcycle_death_count,mcycle_maj_inj_count,bicycle_death_count,bicycle_maj_inj_count,ped_count,ped_death_count,ped_maj_inj_count,max_severity_level,comm_veh_count,dec_lat,dec_long,rdwy_surf_type_cd,county_name
13422,139732,2016047800,6,67,67301,2016,4,6,2335,23,3,1,0,8,1, , ,N,1,2,0,3,0,1,3,3,N,N,40 04:11.773,75 09:25.779,2357, ,2347, ,0, ,N, ,3, , , , , , , , , ,2,1,0,0,0,0,1,0,0,0,0,1,1,0,1,0,0,0,0,0,0,0,0,0,0,0,0,0,0,0,0,0,1,0,0,4,0,40.0699,-75.1572, , 
13423,139775,2016047801,6,67,67301,2016,4,3,1000,10,1,1,0,8,1, , ,N,0,0,0,3,0,1,2,2,N, ,39 58:56.668,75 14:29.569,1020, ,1010, ,0, , , ,0, , , , , , , , , ,1,1,0,0,0,0,0,0,0,0,0,1,1,0,0,0,0,0,0,0,0,0,0,0,0,0,0,0,0,0,0,0,1,0,0,4,0,39.9824,-75.2415, , 
13424,139807,2016026147,6,67,67301,2016,2,5,805,8,1,1,0,8,1, , ,N,0,0,0,3,0,1,2,2,N,N,40 00:54.429,75 03:40.487,812, ,809, ,0, ,N, ,0, , , , , , , , , ,1,1,0,0,0,0,0,0,0,0,0,0,1,1,0,0,0,0,0,0,0,0,0,0,0,0,0,0,0,0,0,0,1,0,0,8,0,40.0151,-75.0612, , 
13425,139817,2016046148,6,67,67301,2016,4,1,339,3,3,1,0,2,6, , ,N,0,0,0,3,0,0,1,4,N,N,40 00:20.556,75 08:14.023,345, ,339,1,2,1,N, ,0,Y, , , , , , , , ,4,2,0,0,0,0,2,0,0,0,0,0,0,0,0,0,0,0,0,0,0,0,0,1,0,0,0,0,0,0,0,0,0,0,0,0,0,40.0057,-75.1372, , 
13426,139825,2016053704,6,67,67301,2016,5,3,1441,14,1,1,0,5,1, , ,N,0,0,0,3,0,0,2,2,N, ,39 52:56.053,75 15:09.826,1637, ,1628,2,1,4, , ,0,N, , , , , , , , ,2,1,0,0,0,1,0,0,0,0,0,0,0,0,0,0,0,0,0,0,0,0,1,0,0,0,0,0,0,0,0,0,0,0,0,0,1,39.8821,-75.2528, , 
13427,139826,2016053733,6,67,67301,2016,5,4,1429,14,1,1,0,8,1, , ,N,1,2,0,3,0,2,2,2,N,N,39 59:43.731,75 06:32.155,1857, ,1857, ,0, ,N, ,3, , , , , , , , , ,1,0,0,0,0,0,1,0,0,0,1,1,2,0,0,0,0,0,0,1,0,0,0,0,0,0,0,0,0,0,0,0,1,0,0,3,0,39.9955,-75.1089, , 
13428,139845,2016013906,6,67,67301,2016,1,7,1220,12,1,1,0,1,1, , ,N,0,0,0,3,0,2,3,2,N,N,40 00:28.507,75 04:21.754,1233, ,1223, ,0, ,N, ,0, , , , , , , , , ,2,0,0,0,0,0,2,0,0,0,0,2,2,0,0,0,0,0,0,0,0,0,0,0,0,0,0,0,0,0,0,0,0,0,0,4,0,40.0079,-75.0727, , 
13429,139892,2016016553,6,67,67301,2016,1,6,2103,21,3,2,1,8,1, , ,N,1,2,0,3,0,1,2,2,N, ,39 55:41.368,75 09:02.516,2115, ,2103, ,0, , , ,3, , , , , , , , , ,1,0,0,0,0,0,0,1,0,0,0,0,1,1,0,0,0,0,0,0,0,0,0,0,0,0,0,0,0,0,0,0,1,0,0,8,0,39.9282,-75.1507, , 
13430,129881,2016022606,6,67,67301,2016,2,6,800,8,1,1,0,5,1, , ,N,0,0,0,3,0,1,2,2,N,N,40 01:16.334,75 02:27.271,832, ,810, ,0, , , ,0, , , , , , , , , ,2,1,0,0,0,0,0,0,0,0,0,0,1,1,1,0,0,0,0,1,0,0,0,0,0,0,0,0,0,0,0,0,0,0,0,8,0,40.0212,-75.0409, , 
13431,129882,2016023681,6,67,67301,2016,2,3,1840,18,3,4,4,4,1, , ,N,1,2,0,3,0,0,2,2,N, ,40 03:22.881,75 14:09.500,1849, ,1845, ,0, , , ,3, , , , , , , , , ,2,0,0,0,1,0,1,0,0,0,0,0,0,0,0,0,0,0,0,0,0,0,0,0,0,0,0,0,0,0,0,0,0,0,0,0,0,40.0564,-75.236, , 
13432,129917,2016013750,6,67,67301,2016,1,4,1750,17,3,9,1,4,1, , ,N,2,3,0,3,0,1,3,3,N,N,40 02:46.269,75 08:42.903,1800, ,1800, ,0, ,N, ,3, , , , , , , , , ,3,3,0,0,0,0,0,0,0,0,1,0,1,0,0,0,0,0,0,0,1,0,0,0,0,0,0,0,0,0,0,0,0,0,0,3,0,40.0462,-75.1453, , 
13433,129918,2016013995,6,67,67301,2016,1,2,415,4,3,1,0,1,1, , ,N,1,2,0,3,0,1,2,2,N,N,39 58:40.054,75 12:48.645,430, ,423, ,0, ,N, ,3, , , , , , , , , ,2,1,0,0,0,0,1,0,0,0,1,0,1,0,0,0,0,0,0,0,0,0,0,0,0,0,0,0,0,0,0,0,0,0,0,3,0,39.9777,-75.2134, , 
13434,129939,2016041034,6,67,67301,2016,3,3,1700,17,1,1,0,5,6, , ,N,0,0,0,3,0,1,3,4,N, ,39 55:50.680,75 10:13.574,1710, ,1706, ,0, , , ,0, , , , , , , , , ,4,3,0,0,0,0,0,1,0,0,0,1,1,0,0,0,0,0,0,0,1,0,0,0,0,0,0,0,0,0,0,0,0,0,0,4,0,39.9307,-75.1704, , 
13435,129940,2016041045,6,67,67301,2016,3,2,1730,17,1,1,0,8,1, , ,N,1,2,0,3,0,1,2,2,N,N,39 57:23.851,75 09:57.547,1744, ,1734, ,0, , , ,3, , , , , , , , , ,1,0,0,0,1,0,0,0,0,0,0,1,1,0,0,0,0,0,0,0,1,0,0,0,0,0,0,0,0,0,0,0,1,0,0,4,0,39.9566,-75.166, , 
13436,129971,2016014430,6,67,67301,2016,1,5,225,2,3,1,0,4,1, , ,N,1,2,0,3,0,3,3,2,N,N,40 03:06.246,75 07:37.696,2231, ,228, ,0, ,N, ,2, , , , , , , , , ,2,1,0,0,0,0,1,0,0,0,3,0,3,0,0,0,0,0,0,0,0,0,0,0,0,0,0,0,0,0,0,0,0,0,0,3,0,40.0517,-75.1271, , 
13437,129974,2016019362,6,67,67301,2016,2,1,332,3,3,1,0,7,4, , ,N,0,0,0,3,0,0,1,1,N,N,39 54:59.984,75 08:51.762,340, ,335,1,2,1, , ,0,N, , , , , , , , ,1,1,0,0,0,0,0,0,0,0,0,0,0,0,0,0,0,0,0,0,0,0,0,0,0,0,0,0,0,0,0,0,0,0,0,0,0,39.9167,-75.1477, , 
13438,129986,2016033820,6,67,67301,2016,3,3,1605,16,1,2,1,8,1, , ,N,0,0,0,3,0,1,2,2,N,N,40 00:38.991,75 09:53.585,1611, ,1610, ,0, ,N, ,0, , , , , , , , , ,1,0,0,1,0,0,0,0,0,0,0,0,1,1,0,0,0,0,0,0,0,0,0,0,0,0,0,0,0,0,0,0,1,0,0,8,1,40.0108,-75.1649, , 
13439,129989,2016036504,6,67,67301,2016,3,7,1530,15,1,1,0,7,5, , ,N,1,2,2,3,0,0,1,1,N,N,40 01:34.860,75 01:39.976,1532, ,1530, ,0, ,N, ,3, , , , , , , , , ,1,0,0,0,1,0,0,0,0,0,0,0,0,0,0,0,0,0,0,0,0,0,0,1,0,0,0,0,0,0,0,0,0,0,0,0,0,40.0263,-75.0278, , 
13440,130000,2016047024,6,67,67301,2016,4,4,1400,14,1,1,0,8,1, , ,N,2,3,0,3,0,1,2,2,N, ,39 59:52.284,75 07:27.549,1620, ,1600, ,0, , , ,3, , , , , , , , , ,1,1,0,0,0,0,0,0,0,0,1,0,1,0,0,0,0,0,0,0,0,0,0,1,0,0,0,0,0,0,0,0,1,0,0,3,0,39.9979,-75.1244, , 
13441,130017,2016014427,6,67,67301,2016,1,6,2000,20,3,2,1,4,1, , ,N,1,2,0,3,0,1,2,2,N,N,39 55:24.611,75 09:46.436,9999, ,2059, ,0, ,N, ,3, , , , , , , , , ,2,2,0,0,0,0,0,0,0,0,0,1,1,0,0,0,0,0,1,0,0,0,0,0,0,0,0,0,0,0,0,0,0,0,0,4,0,39.9235,-75.1628, , 
13442,130021,2016019787,6,67,67301,2016,1,3,1600,16,1,1,0,8,1, , ,N,1,2,0,3,0,1,2,2,N, ,39 56:55.413,75 13:30.820,1608, ,1600, ,0, , , ,3, , , , , , , , , ,1,0,0,0,0,0,1,0,0,0,0,1,1,0,0,0,0,0,0,0,1,0,0,1,0,0,0,0,0,0,0,0,1,0,0,4,0,39.9487,-75.2252, , 
13443,130039,2016036481,6,67,67301,2016,3,7,1204,12,1,1,0,8,1, , ,N,0,0,0,3,0,1,2,2,N,N,40 02:41.266,75 10:19.774,1235, ,1225, ,0, ,N, ,0, , , , , , , , , ,1,1,0,0,0,0,0,0,0,0,0,1,1,0,1,0,0,0,0,0,0,0,0,0,0,0,0,0,0,0,0,0,1,0,0,4,0,40.0448,-75.1722, , 
13444,130070,2016080422,6,67,67301,2016,7,3,1816,18,1,1,0,1,6, , ,N,0,0,0,3,0,1,2,2,N,N,40 02:31.174,75 02:59.873,1825, ,1816, ,0, ,N, ,0, , , , , , , , , ,2,2,0,0,0,0,0,0,0,0,0,0,1,1,0,0,0,0,0,1,0,0,0,1,0,0,0,0,0,0,0,0,0,0,0,8,0,40.042,-75.05, , 
13445,130077,2016080698,6,67,67301,2016,7,5,202,2,3,1,0,5,6, , ,N,0,0,0,3,0,0,1,3,N,N,39 55:41.212,75 10:50.323,206, ,204, ,0, ,N, ,0, , , , , , , , , ,3,1,0,0,0,0,0,1,0,0,0,0,0,0,0,0,0,0,0,0,0,0,0,0,0,0,0,0,0,0,0,0,0,0,0,0,0,39.9281,-75.1806, , 
13446,130083,2016087629,6,67,67301,2016,8,5,1548,15,1,1,0,5,6, , ,N,0,0,0,3,0,0,3,2,N, ,39 58:15.682,75 09:58.650,1555, ,1550, ,0, , , ,0, , , , , , , , , ,2,0,0,0,0,0,2,0,0,0,0,0,0,0,0,0,0,0,0,0,0,0,0,0,0,0,0,0,0,0,0,0,0,0,0,0,0,39.971,-75.1663, , 
13447,130084,2016087671,6,67,67301,2016,8,6,1230,12,1,1,0,0,1, , ,N,7,0,2,3,0,1,1,1,N,N,40 00:35.589,75 11:12.429,1235, ,1232, ,0, ,N, ,0, , , , , , , , , ,1,0,0,0,1,0,0,0,0,0,0,1,1,0,0,0,0,0,0,0,0,0,0,0,0,0,0,0,0,0,0,0,0,0,0,4,0,40.0106,-75.1846, , 
13448,130086,2016092196,6,67,67301,2016,8,5,1941,19,1,1,0,5,1, , ,N,0,0,0,3,0,1,2,4,N,N,40 01:52.325,75 12:27.038,1952, ,1954, ,0, , , ,0, , , , , , , , , ,4,2,1,0,0,0,1,0,0,0,0,1,1,0,1,0,0,0,0,0,1,0,0,0,0,0,0,0,0,0,0,0,0,0,0,4,0,40.0312,-75.2075, , 
13449,133111,2016036428,6,67,67301,2016,3,5,1756,17,1,1,0,1,1, , ,N,1,2,0,3,0,2,3,3,N, ,39 58:35.560,75 07:11.032,1806, ,1758,1,1,3, , ,3,Y, , , , , , , , ,3,3,0,0,0,0,0,0,0,0,0,0,2,2,0,0,0,0,0,0,0,0,0,1,0,0,0,0,0,0,0,0,0,0,0,8,0,39.9759,-75.12, , 
13450,133113,2016040997,6,67,67301,2016,4,4,13,0,3,1,0,5,6, , ,N,0,0,0,3,0,0,1,4,N, ,40 02:39.891,75 01:04.955,17, ,15, ,0, , , ,0, , , , , , , , , ,4,2,0,0,0,0,2,0,0,0,0,0,0,0,0,0,0,0,0,0,0,0,0,0,0,0,0,0,0,0,0,0,0,0,0,0,0,40.0444,-75.018, , 
13451,133117,2016046132,6,67,67301,2016,4,7,2020,20,1,1,0,8,1, , ,N,0,0,0,3,0,1,2,2,N, ,40 01:47.942,75 06:49.316,9999, ,1200, ,0, , , ,0, , , , , , , , , ,1,0,0,0,0,0,1,0,0,0,0,1,1,0,0,0,0,0,0,0,0,1,0,0,0,0,0,0,0,0,0,0,1,0,0,4,0,40.03,-75.1137, , 
13452,133151,2016036386,6,67,67301,2016,3,3,1629,16,1,1,0,4,1, , ,N,0,0,7,3,0,1,2,2,N,N,39 58:50.154,75 14:05.424,1645, ,1634, ,0, ,N, ,0, , , , , , , , , ,1,0,0,0,0,0,1,0,1,0,0,1,1,0,0,0,0,0,0,0,1,0,0,1,0,0,0,0,0,0,0,0,0,0,0,4,0,39.9806,-75.2348, , 
13453,133171,2016058519,6,67,67301,2016,5,1,427,4,3,1,0,7,1,1,4,Y,1,2,0,3,0,2,2,1,N, ,39 55:11.966,75 13:22.049,443,99,439,9,2,7,N, ,3,N,U, , ,U, , , , ,1,1,0,0,0,0,0,0,0,0,2,0,2,0,0,0,0,0,0,0,0,0,0,0,0,0,0,0,0,0,0,0,0,0,0,3,0,39.9199,-75.2228, , 
13454,133177,2016012172,6,67,67301,2016,1,4,2250,22,3,1,0,7,4, , ,N,0,0,0,3,0,1,1,1,N,N,39 59:21.875,75 05:15.792,2301, ,2252,2,2,1, , ,0,N, , , , , , , , ,1,1,0,0,0,0,0,0,0,0,0,0,1,1,0,0,0,0,0,0,1,0,0,0,0,0,0,0,0,0,0,0,0,0,0,8,0,39.9894,-75.0877, , 
13455,133203,2016054201,6,67,67301,2016,5,6,800,8,1,2,1,8,1, , ,N,1,3,0,3,0,1,2,2,N,N,39 57:08.535,75 09:17.776,810, ,808, ,0, ,N, ,9, , , , , , , , , ,1,0,0,0,1,0,0,0,0,0,0,0,1,1,0,0,0,0,0,0,1,0,0,0,0,0,0,0,0,0,0,0,1,0,0,8,0,39.9524,-75.1549, , 
13456,133213,2016064015,6,67,67301,2016,6,7,1830,18,1,1,0,8,1, , ,N,0,0,0,3,0,1,2,2,N,N,39 59:46.928,75 07:17.666,2005, ,2000, ,0, ,N, ,0, , , , , , , , , ,1,1,0,0,0,0,0,0,0,0,0,1,1,0,0,0,0,0,0,0,0,0,0,0,0,0,0,0,0,0,0,0,1,0,0,4,0,39.9964,-75.1216, , 
13457,133242,2016020142,6,67,67301,2016,2,3,1511,15,1,1,0,5,7, , ,N,0,0,0,3,0,2,3,2,N,N,40 00:15.250,75 11:41.050,1517, ,1511, ,0, , , ,0, , , , , , , , , ,2,0,0,0,0,0,1,1,0,1,0,0,2,1,0,0,0,0,0,0,0,1,0,0,0,0,0,1,0,0,0,0,0,0,0,2,0,40.0042,-75.1947, , 
13458,133252,2016029944,6,67,67301,2016,2,5,900,9,1,2,1,4,1, , ,N,1,2,0,3,0,1,2,2,N,N,39 58:12.616,75 09:34.731,911, ,906, ,0, , , ,3, , , , , , , , , ,1,1,0,0,0,0,0,0,1,0,0,1,1,0,0,0,0,0,0,0,0,0,0,0,0,0,0,0,0,0,0,0,0,0,0,4,0,39.9702,-75.1596, , 
13459,133263,2016043702,6,67,67301,2016,3,5,1930,19,3,1,0,1,1, , ,N,0,2,0,3,0,0,3,3,N,N,40 02:43.781,75 11:33.712,1937, ,1931, ,0, , , ,3, , , , , , , , , ,3,3,0,0,0,0,0,0,0,0,0,0,0,0,0,0,0,0,0,0,2,0,0,0,0,0,0,0,0,0,0,0,0,0,0,0,0,40.0455,-75.1927, , 
13460,133281,2016013930,6,67,67301,2016,1,7,440,4,3,1,1,1,2, , ,N,0,0,0,3,0,1,2,2,N,Y,40 02:13.6,75 08:56.9,450, ,444, ,0, ,N, ,0, , , , , , , , , ,2,0,0,0,0,1,1,0,0,0,1,0,1,0,0,0,0,0,0,0,0,0,0,0,0,0,0,0,0,0,0,0,0,0,0,3,1,40.0371,-75.1491, , 
13461,133308,2016036432,6,67,67301,2016,3,2,1750,17,1,2,1,3,1, , ,N,2,0,0,3,0,1,2,2,N,N,40 01:53.107,75 05:13.150,1807, ,1803, ,0, ,N, ,0, , , , , , , , , ,2,1,0,0,0,0,1,0,0,0,0,0,1,1,0,0,0,0,0,0,0,0,0,0,0,0,0,0,0,0,0,0,0,0,0,8,0,40.0314,-75.087, , 
13462,133323,2016007496,6,67,67301,2016,1,1,251,2,3,1,0,4,1, , ,N,1,3,0,3,0,4,6,2,N, ,39 58:37.426,75 12:19.810,253, ,252, ,0, , , ,3, , , , , , , , , ,2,2,0,0,0,0,0,0,0,0,0,1,4,3,0,0,0,0,0,0,0,0,0,1,0,0,0,0,0,0,0,0,0,0,0,4,0,39.9771,-75.2055, , 
13463,133360,2016053818,6,67,67301,2016,5,3,140,1,3,1,0,5,2, , ,N,0,0,0,3,0,1,3,2,N,N,39 55:30.163,75 10:10.529,145, ,140, ,0, ,N, ,0, , , , , , , , , ,2,0,0,1,0,1,0,0,0,0,0,1,1,0,0,0,0,0,0,0,2,0,0,1,0,0,0,0,0,0,0,0,0,0,0,4,2,39.925,-75.1696, , 
13464,133374,2016014544,6,67,67301,2016,1,5,1225,12,1,1,0,7,3, , ,N,0,0,0,3,0,2,2,1,N,N,40 03:14.068,74 59:08.508,1244, ,1227,1,2,1, , ,0,N, , , , , , , , ,1,1,0,0,0,0,0,0,0,0,0,0,2,2,0,0,0,0,0,0,0,0,0,0,0,0,0,0,0,0,0,0,0,0,0,8,0,40.0539,-74.9857, , 
13465,133388,2016026098,6,67,67301,2016,2,2,754,7,1,1,0,8,1, , ,N,1,3,0,3,0,1,2,2,N,N,39 55:55.923,75 11:29.482,1024, ,1019, ,0, ,N, ,3, , , , , , , , , ,1,0,0,0,0,0,1,0,0,0,0,1,1,0,0,0,0,0,0,0,0,0,0,1,0,0,0,0,0,0,0,0,1,0,0,4,0,39.9322,-75.1915, , 
13466,133390,2016032113,6,67,67301,2016,3,4,658,6,1,1,0,8,1, , ,N,1,3,0,3,0,1,2,2,N,N,39 56:54.369,75 14:07.781,700, ,658, ,0, ,N, ,3, , , , , , , , , ,1,0,0,0,0,0,1,0,0,0,0,1,1,0,0,0,0,0,0,0,0,0,0,0,0,0,0,0,0,0,0,0,1,0,0,4,0,39.9484,-75.2355, , 
13467,136399,2016053782,6,67,67301,2016,5,7,9999,99,1,1,0,1,1, , ,N,0,0,0,3,0,0,3,3,N,N,40 00:31.601,75 05:54.240,1014, ,950, ,0, ,N, ,0, , , , , , , , , ,3,3,0,0,0,0,0,0,0,0,0,0,0,0,0,0,0,0,0,0,0,0,0,1,0,0,0,0,0,0,0,0,0,0,0,0,0,40.0088,-75.0984, , 
13468,136403,2016064141,6,67,67301,2016,6,6,805,8,1,2,1,0,1, , ,N,0,0,0,3,0,0,1,1,N,N,39 54:53.829,75 08:52.894,817, ,806, ,0, , , ,0, , , , , , , , , ,1,1,0,0,0,0,0,0,0,0,0,0,0,0,0,0,0,0,0,0,0,0,0,0,0,0,0,0,0,0,0,0,0,0,0,0,0,39.915,-75.148, , 
13469,136406,2016067843,6,67,67301,2016,6,5,1718,17,1,1,0,4,1, , ,N,0,0,7,3,0,0,2,2,N, ,40 00:01.057,75 09:11.551,1730, ,1720, ,0, , , ,0, , , , , , , , , ,2,2,0,0,0,0,0,0,0,0,0,0,0,0,0,0,0,0,0,0,0,0,0,0,0,0,0,0,0,0,0,0,0,0,0,0,0,40.0003,-75.1532, , 
13470,136419,2016072143,6,67,67301,2016,7,1,1830,18,1,1,0,5,6, , ,N,0,0,0,3,0,1,4,2,N,N,39 57:24.312,75 11:55.365,1835, ,1833, ,0, ,N, ,0, , , , , , , , , ,2,2,0,0,0,0,0,0,0,0,0,1,1,0,1,0,0,0,0,0,0,0,0,0,0,0,0,0,0,0,0,0,0,0,0,4,0,39.9568,-75.1987, , 
13471,136425,2016080290,6,67,67301,2016,6,4,833,8,1,1,0,7,4, , ,N,0,0,0,3,0,0,1,1,N,N,40 04:58.677,74 58:02.853,847, ,838,1,1,3,N, ,0,N, , , , , , , , ,1,1,0,0,0,0,0,0,0,0,0,0,0,0,0,0,0,0,0,0,0,0,0,0,0,0,0,0,0,0,0,0,0,0,0,0,0,40.083,-74.9675, , 
13472,136428,2016089129,6,67,67301,2016,8,7,1728,17,1,1,0,1,1, , ,N,0,0,0,3,0,1,6,3,N,N,39 57:30.775,75 10:05.529,1741, ,1728,1,2,3, , ,0,N, , , , , , , , ,3,3,0,0,0,0,0,0,0,0,1,0,1,0,0,0,0,0,0,0,0,0,0,0,0,0,0,0,0,0,0,0,0,0,0,3,0,39.9585,-75.1682, , 
13473,136434,2016103089,6,67,67301,2016,9,4,1656,16,1,1,0,5,1, , ,N,0,8,0,3,0,0,2,2,N,N,40 00:26.621,75 12:02.833,1706, ,1656, ,0, , , ,3, , , , , , , , , ,2,1,0,0,0,0,0,1,0,0,0,0,0,0,0,0,0,0,0,0,1,1,0,0,0,0,0,0,0,0,0,0,0,0,0,0,0,40.0074,-75.2008, , 
13474,136437,2016090291,6,67,67301,2016,8,7,2238,22,3,1,0,4,1, , ,N,0,0,7,3,0,1,2,2,N,N,39 57:29.891,75 12:50.633,2300, ,2238,4,2,7,N, ,0,N, , , , , , , , ,2,1,1,0,0,0,0,0,0,0,0,0,1,1,0,0,0,0,0,0,0,0,0,0,0,0,0,0,0,0,0,0,0,0,0,8,0,39.9583,-75.2141, , 
13475,136439,2016105158,6,67,67301,2016,10,6,1257,12,1,1,0,1,1, , ,N,0,0,0,3,0,0,2,2,N,N,39 57:27.128,75 09:33.560,1257, ,1257,3,1,4, , ,0,N, , , , , , , , ,2,0,0,0,0,2,0,0,0,0,0,0,0,0,0,0,0,0,0,0,1,0,0,0,0,0,0,0,0,0,0,0,0,0,0,0,2,39.9575,-75.1593, , 
13476,136451,2016099486,6,67,67301,2016,9,1,1655,16,1,1,0,8,1, , ,N,0,0,0,3,0,1,6,2,N, ,39 54:19.747,75 10:24.805,1800, ,1657, ,0, , , ,0, , , , , , , , , ,1,0,0,0,0,0,1,0,0,0,1,0,1,0,0,0,0,0,0,0,0,0,0,0,0,0,0,0,0,0,0,0,1,0,0,3,0,39.9055,-75.1736, , 
13477,136459,2016112136,6,67,67301,2016,10,7,120,1,3,1,0,5,1, , ,N,1,2,0,3,0,0,2,2,N, ,40 00:46.713,75 07:09.797,1201, ,200, ,0, , , ,3, , , , , , , , , ,2,2,0,0,0,0,0,0,0,0,0,0,0,0,0,0,0,0,0,0,1,0,0,2,0,0,0,0,0,0,0,0,0,0,0,0,0,40.013,-75.1194, , 
13478,136471,2016014437,6,67,67301,2016,1,1,2348,23,3,1,0,5,1, , ,N,0,0,0,3,0,2,4,2,N,N,40 01:13.356,75 09:14.356,22, ,15,1,1,1,N, ,0,N, , , , , , , , ,2,1,0,0,0,0,1,0,0,0,0,2,2,0,0,0,0,0,0,0,0,0,0,0,0,0,0,0,0,0,0,0,0,0,0,4,0,40.0204,-75.154, , 
13479,136475,2016016985,6,67,67301,2016,1,2,1200,12,1,4,4,1,1, , ,N,0,0,0,3,0,0,2,2,N,N,39 59:09.220,75 12:49.076,1210, ,1204, ,0, ,N, ,0, , , , , , , , , ,2,1,0,0,0,0,1,0,0,0,0,0,0,0,1,0,0,0,0,0,1,0,0,0,0,0,0,0,0,0,0,0,0,0,0,9,0,39.9859,-75.2136, , 
13480,136483,2016026106,6,67,67301,2016,2,4,635,6,3,4,1,8,1, , ,N,1,2,0,3,0,1,2,2,N,N,40 01:58.442,75 06:24.270,650, ,640, ,0, ,N, ,3, , , , , , , , , ,1,0,0,0,1,0,0,0,0,0,0,1,1,0,0,0,0,0,0,0,0,0,0,0,0,0,0,0,0,0,0,0,1,0,0,4,0,40.0329,-75.1067, , 
13481,136486,2016033105,6,67,67301,2016,2,6,1400,14,1,9,0,4,1, , ,N,2,2,0,3,0,2,3,2,N,N,39 57:22.441,75 14:53.151,324, ,312, ,0, ,N, ,3, , , , , , , , , ,2,2,0,0,0,0,0,0,0,0,0,0,2,2,0,0,0,0,0,1,0,0,0,0,0,0,0,0,0,0,0,0,0,0,0,8,0,39.9562,-75.2481, , 
13482,136497,2016039718,6,67,67301,2016,3,1,2226,22,3,2,1,7,4, , ,N,1,3,0,3,0,1,1,1,N,N,39 55:53.673,75 10:01.628,2330, ,2327, ,0, ,N, ,3, , , , , , , , , ,1,1,0,0,0,0,0,0,0,0,0,1,1,0,0,0,0,0,0,0,0,0,0,0,0,0,0,0,0,0,0,0,0,0,0,4,0,39.9316,-75.1671, , 
13483,136504,2016048610,6,67,67301,2016,4,7,845,8,1,2,1,7,4, , ,N,0,0,0,3,0,1,1,1,N,N,40 05:34.472,75 02:54.877,850, ,848,9,2,7,N, ,0,Y, , , , , , , , ,1,1,0,0,0,0,0,0,0,0,0,1,1,0,0,0,0,0,0,0,0,0,0,1,0,0,0,0,0,0,0,0,0,0,0,4,0,40.0929,-75.0486, , 
13484,136516,2016011097,6,67,67301,2016,1,6,242,2,3,1,0,1,1, , ,N,0,0,0,3,0,0,5,5,N,N,39 56:44.094,75 11:24.352,251, ,243,2,1,3, , ,0,N, , , , , , , , ,5,4,0,0,0,0,1,0,0,0,0,0,0,0,0,0,0,0,0,0,1,0,0,0,0,0,0,0,0,0,0,0,0,0,0,0,0,39.9456,-75.1901, , 
13485,136521,2016013796,6,67,67301,2016,1,6,1742,17,3,1,0,4,1, , ,N,1,2,0,3,0,0,4,2,N,N,40 01:12.279,75 02:35.308,1750, ,1746,3,2,1,N, ,3,Y, , , , , , , , ,2,1,0,0,0,0,1,0,0,0,0,0,0,0,0,0,0,0,0,0,0,0,0,1,0,0,0,0,0,0,0,0,0,0,0,0,0,40.0201,-75.0431, , 
13486,174469,2016031350,6,67,67301,2016,3,4,853,8,1,1,0,8,1, , ,N,0,0,0,3,0,1,2,2,N,N,39 55:46.320,75 10:06.592,900, ,854, ,0, ,N, ,0, , , , , , , , , ,1,1,0,0,0,0,0,0,0,0,0,0,1,1,0,0,0,0,0,0,0,0,0,0,0,0,0,0,0,0,0,0,1,0,0,8,0,39.9295,-75.1685, , 
13487,174489,2016050279,6,67,67301,2016,5,1,936,9,1,2,1,7,1, , ,N,0,0,0,3,0,0,4,1,N,N,39 59:01.728,75 05:48.746,1013, ,946, ,0, , , ,0, , , , , , , , , ,1,0,0,0,0,0,1,0,0,0,0,0,0,0,0,0,0,0,0,0,0,0,0,0,0,0,0,0,0,0,0,0,0,0,0,0,0,39.9838,-75.0969, , 
13488,174490,2016051338,6,67,67301,2016,5,5,2124,21,2,1,0,4,1, , ,N,0,0,0,3,0,0,2,2,N,N,40 00:18.780,75 11:47.258,2202, ,2125,1,1,3, , ,0,N, , , , , , , , ,2,1,0,0,0,1,0,0,0,0,0,0,0,0,0,0,0,0,0,0,0,0,0,0,0,0,0,0,0,0,0,0,0,0,0,0,0,40.0052,-75.1965, , 
13489,174492,2016052944,6,67,67301,2016,5,5,2026,20,3,1,0,1,1,1,2,Y,0,0,0,3,0,1,2,2,N,N,40 01:56.539,75 01:16.226,2112,45,2036, ,0, , , ,0, ,N,N,N,N,N,N,Y,N,2,2,0,0,0,0,0,0,0,0,1,0,1,0,0,0,0,0,0,0,0,0,0,0,0,0,0,0,0,0,0,0,0,0,0,3,0,40.0324,-75.0212, , 