objectid_1,objectid,crn,district,county,municipality,crash_year,crash_month,day_of_week,time_of_day,hour_of_day,illumination,weather,road_condition,collision_type,relation_to_road,work_zone_type,work_zone_loc,work_zone_ind,intersect_type,tcd_type,location_type,urban_rural,fatal_count,injury_count,person_count,total_units,sch_bus_ind,sch_zone_ind,latitude,longitude,arrival_tm,cons_zone_spd_lim,dispatch_tm,est_hrs_closed,lane_closed,ln_close_dir,ntfy_hiwy_maint,spec_juris_cd,tcd_func_cd,tfc_detour_ind,workers_pres,wz_close_detour,wz_flagger,wz_law_offcr_ind,wz_ln_closure,wz_moving,wz_other,wz_shlder_mdn,vehicle_count,automobile_count,motorcycle_count,bus_count,small_truck_count,heavy_truck_count,suv_count,van_count,bicycle_count,maj_inj_count,mod_inj_count,min_inj_count,tot_inj_count,unk_inj_deg_count,unk_inj_per_count,driver_count_16yr,driver_count_17yr,driver_count_18yr,driver_count_19yr,driver_count_20yr,driver_count_50_64yr,driver_count_65_74yr,driver_count_75plus,unbelted_occ_count,unb_death_count,unb_maj_inj_count,belted_death_count,belted_maj_inj_count,mcycle_death_count,mcycle_maj_inj_count,bicycle_death_count,bicycle_maj_inj_count,ped_count,ped_death_count,ped_maj_inj_count,max_severity_level,comm_veh_count,dec_lat,dec_long,rdwy_surf_type_cd,county_name
13625,171933,2016045350,6,67,67301,2016,4,3,1609,16,1,1,0,1,6, , ,N,0,0,0,3,0,2,6,3,Y,N,39 59:10.672,75 10:08.405,1645, ,1630,3,2,1,N, ,0,Y, , , , , , , , ,3,1,0,1,0,0,1,0,0,0,0,2,2,0,0,0,0,0,0,0,0,1,0,0,0,0,0,0,0,0,0,0,0,0,0,4,1,39.9863,-75.169, , 
13626,171955,2016076861,6,67,67301,2016,7,7,2100,21,3,2,1,4,1, , ,N,1,2,0,3,0,3,4,2,N,N,39 57:20.286,75 12:08.187,2105, ,2105, ,0, ,N, ,3, , , , , , , , , ,2,1,0,0,0,0,1,0,0,0,0,0,3,3,0,0,0,0,0,0,0,0,0,1,0,0,0,0,0,0,0,0,0,0,0,8,0,39.9556,-75.2023, , 
13627,171956,2016080125,6,67,67301,2016,6,6,1517,15,1,1,0,1,1, , ,N,0,0,0,3,0,1,4,3,N,N,40 00:59.369,75 03:41.452,1629, ,1624, ,0, ,N, ,0, , , , , , , , , ,3,0,0,0,0,0,2,0,0,0,0,1,1,0,0,0,0,0,0,0,0,0,0,0,0,0,0,0,0,0,0,0,0,0,0,4,0,40.0165,-75.0615, , 
13628,171957,2016080555,6,67,67301,2016,6,5,1740,17,1,1,0,7,5, , ,N,0,0,0,3,0,5,5,1,N, ,39 59:23.985,75 07:32.670,1741, ,1740, ,0, ,N, ,0, , , , , , , , , ,1,0,0,0,0,0,0,1,0,1,4,0,5,0,0,0,0,0,0,0,0,0,0,0,0,0,0,0,0,0,0,0,0,0,0,2,0,39.99,-75.1257, , 
13629,171967,2016080806,6,67,67301,2016,7,5,1030,10,1,1,0,4,1, , ,N,1,2,0,3,0,1,2,2,N,N,39 55:14.358,75 10:14.006,1036, ,1033, ,0, , , ,3, , , , , , , , , ,1,1,0,0,0,0,0,0,1,0,0,1,1,0,0,0,0,0,0,0,0,0,0,0,0,0,0,0,0,0,0,0,0,0,0,4,0,39.9206,-75.1704, , 
13630,171968,2016097303,6,67,67301,2016,9,5,1435,14,1,1,0,1,1, , ,N,0,0,0,3,0,0,3,3,N,N,39 57:30.515,75 10:03.343,1438, ,1438, ,0, , , ,0, , , , , , , , , ,3,1,0,0,1,0,1,0,0,0,0,0,0,0,0,0,0,0,0,0,0,0,0,0,0,0,0,0,0,0,0,0,0,0,0,0,0,39.9585,-75.1676, , 
13631,171974,2016092030,6,67,67301,2016,8,6,1215,12,1,1,0,5,1, , ,N,0,0,0,3,0,1,1,3,N,N,39 59:29.691,75 06:32.753,1233, ,1217, ,0, ,N, ,0, , , , , , , , , ,3,1,0,0,1,0,0,1,0,0,0,0,1,1,0,0,0,0,0,0,0,0,0,0,0,0,0,0,0,0,0,0,0,0,0,8,0,39.9916,-75.1091, , 
13632,177589,2016068682,6,67,67301,2016,6,3,910,9,1,1,0,1,1, , ,N,0,0,0,3,0,1,3,2,N, ,39 58:45.813,75 08:41.517,918, ,912, ,0, , , ,0, , , , , , , , , ,2,0,0,0,0,0,1,1,0,0,0,1,1,0,0,0,0,0,0,0,0,0,0,0,0,0,0,0,0,0,0,0,0,0,0,4,0,39.9794,-75.1449, , 
13633,177590,2016068685,6,67,67301,2016,6,3,455,4,5,1,0,7,5, , ,N,0,0,0,3,0,1,1,1,N,N,39 55:05.164,75 14:48.699,9999, ,501, ,0, ,N, ,0, , , , , , , , , ,1,1,0,0,0,0,0,0,0,1,0,0,1,0,0,0,0,0,0,0,0,0,0,0,0,0,0,0,0,0,0,0,0,0,0,2,0,39.9181,-75.2469, , 
13634,177597,2016080615,6,67,67301,2016,7,4,1827,18,1,9,0,4,1, , ,N,1,2,0,3,0,1,2,2,N, ,40 04:40.774,75 12:38.329,1601, ,1600, ,0, , , ,3, , , , , , , , , ,2,1,0,0,0,0,1,0,0,0,0,1,1,0,1,0,0,0,0,0,0,0,1,0,0,0,0,0,0,0,0,0,0,0,0,4,0,40.078,-75.2106, , 
13635,177598,2016082341,6,67,67301,2016,7,3,1430,14,1,1,0,2,1, , ,N,0,0,0,3,1,1,2,2,N,N,40 03:23.994,75 00:30.452,1452, ,1444, ,0, ,N,0,0, , , , , , , , , ,2,1,0,0,0,0,1,0,0,1,0,0,1,0,0,0,0,0,0,0,0,0,1,0,0,0,0,1,0,0,0,0,0,0,0,1,0,40.0567,-75.0085,2, 
13636,177605,2016096368,6,67,67301,2016,9,6,920,9,1,1,0,7,2, , ,N,0,0,0,3,0,1,1,1,N,N,39 56:35.783,75 08:33.997,930, ,922,1,2,1, , ,0,N, , , , , , , , ,1,0,0,0,0,0,1,0,0,0,1,0,1,0,0,0,0,0,0,0,1,0,0,1,0,0,0,0,0,0,0,0,0,0,0,3,0,39.9433,-75.1428, , 
13637,177620,2016120476,6,67,67301,2016,10,5,2200,22,3,2,1,7,3, , ,N,0,0,0,3,0,0,1,1,N, ,39 54:39.696,75 14:33.842,2240, ,2213,9,2,2, , ,0,Y, , , , , , , , ,1,0,0,0,0,1,0,0,0,0,0,0,0,0,0,0,0,0,0,0,0,0,0,0,0,0,0,0,0,0,0,0,0,0,0,0,1,39.911,-75.2427, , 
13638,177631,2016007847,6,67,67301,2016,1,5,538,5,3,1,0,1,1, , ,N,0,0,0,3,0,1,3,3,N,N,40 01:31.206,75 01:42.482,558, ,538,3,2,1, , ,0,N, , , , , , , , ,3,2,0,0,0,0,0,1,0,0,1,0,1,0,0,0,0,0,0,0,2,0,0,0,0,0,0,0,0,0,0,0,0,0,0,3,0,40.0253,-75.0285, , 
13639,177649,2016027565,6,67,67301,2016,2,2,1600,16,1,4,3,1,1, , ,N,0,0,0,3,0,1,3,3,N,N,40 03:20.615,75 00:30.506,1632, ,1622,1,1,1,N, ,0,N, , , , , , , , ,3,2,0,0,1,0,0,0,0,0,0,1,1,0,0,0,0,0,0,0,1,0,0,0,0,0,0,0,0,0,0,0,0,0,0,4,0,40.0557,-75.0085, , 
13640,177654,2016032714,6,67,67301,2016,3,2,1250,12,1,1,0,5,1, , ,N,0,0,0,3,0,0,2,2,N,N,39 57:04.187,75 11:54.244,1529, ,1529, ,0, ,N, ,0, , , , , , , , , ,2,2,0,0,0,0,0,0,0,0,0,0,0,0,0,0,0,0,0,0,1,0,0,0,0,0,0,0,0,0,0,0,0,0,0,0,0,39.9512,-75.1984, , 
13641,177659,2016036472,6,67,67301,2016,3,5,1445,14,1,1,0,5,6, , ,N,0,0,0,3,0,0,1,4,N,N,40 00:33.417,75 10:05.704,1455, ,1450,9,1,4,N, ,0,N, , , , , , , , ,4,4,0,0,0,0,0,0,0,0,0,0,0,0,0,0,0,0,0,0,1,0,0,0,0,0,0,0,0,0,0,0,0,0,0,0,0,40.0093,-75.1683, , 
13642,177660,2016036532,6,67,67301,2016,3,1,540,5,5,1,0,4,1, , ,N,1,2,0,3,0,1,2,4,N,N,39 54:57.588,75 09:52.288,540, ,543, ,0, , , ,3, , , , , , , , , ,4,3,0,0,0,0,1,0,0,0,0,0,1,1,0,0,0,0,0,0,1,0,0,1,0,0,0,0,0,0,0,0,0,0,0,8,0,39.9159,-75.1645, , 
13643,177679,2016050094,6,67,67301,2016,4,7,330,3,3,1,0,1,1, , ,N,0,0,0,3,0,1,2,2,N,N,39 59:36.808,75 05:04.505,1134, ,1134,1,1,1, , ,0,N, , , , , , , , ,2,1,0,0,1,0,0,0,0,0,1,0,1,0,0,0,0,0,0,0,0,0,0,0,0,0,0,0,0,0,0,0,0,0,0,3,0,39.9936,-75.0846, , 
13644,177701,2016036495,6,67,67301,2016,3,2,830,8,1,1,0,1,1, , ,N,2,0,0,3,0,1,2,2,N, ,40 06:04.244,74 59:02.205,859, ,855, ,0, , , ,0, , , , , , , , , ,2,1,0,0,1,0,0,0,0,0,0,1,1,0,0,0,0,0,0,0,1,0,0,0,0,0,0,0,0,0,0,0,0,0,0,4,0,40.1012,-74.9839, , 
13645,177711,2016044577,6,67,67301,2016,4,6,1745,17,1,1,0,7,4, , ,N,0,0,0,3,0,1,1,1,N,N,40 02:21.205,75 09:08.494,1820, ,1820, ,0, ,N, ,0, , , , , , , , , ,1,0,0,0,0,0,1,0,0,0,0,0,1,1,0,0,0,0,0,0,1,0,0,0,0,0,0,0,0,0,0,0,0,0,0,8,0,40.0392,-75.1524, , 
13646,177720,2016048618,6,67,67301,2016,4,7,1130,11,1,2,1,5,1, , ,N,0,0,0,3,0,1,2,2,N,N,40 03:08.872,74 59:01.320,1150, ,1147, ,0, ,N, ,0, , , , , , , , , ,2,0,0,0,0,0,1,1,0,0,0,1,1,0,0,0,0,0,0,0,1,0,0,0,0,0,0,0,0,0,0,0,0,0,0,4,0,40.0525,-74.9837, , 
13647,177731,2016007874,6,67,67301,2016,1,6,1242,12,1,1,0,1,1, , ,N,0,0,0,3,0,1,3,2,N,N,39 58:22.001,75 11:37.053,1245, ,1242,1,1,4, , ,0,N, , , , , , , , ,2,2,0,0,0,0,0,0,0,0,0,1,1,0,0,0,0,0,0,0,1,0,1,0,0,0,0,0,0,0,0,0,0,0,0,4,0,39.9728,-75.1936, , 
13648,177750,2016022012,6,67,67301,2016,1,4,1204,12,1,1,0,7,4, , ,N,1,2,0,3,0,1,1,1,N,N,39 57:51.613,75 14:03.292,1231, ,1226, ,0, , , ,3, , , , , , , , , ,1,0,0,0,0,0,1,0,0,0,0,0,1,1,0,0,0,0,0,0,0,0,0,0,0,0,0,0,0,0,0,0,0,0,0,8,0,39.9643,-75.2342, , 
13649,177756,2016026018,6,67,67301,2016,2,6,801,8,1,1,0,4,1, , ,N,3,3,0,3,0,1,2,2,N, ,40 03:17.398,75 11:13.070,825, ,821, ,0, , , ,3, , , , , , , , , ,2,1,0,0,0,0,1,0,0,0,0,0,1,1,0,0,0,0,0,0,1,0,0,0,0,0,0,0,0,0,0,0,0,0,0,8,0,40.0548,-75.187, , 
13650,175118,2016112214,6,67,67301,2016,10,2,2015,20,2,1,0,1,1, , ,N,1,2,0,3,0,2,2,2,N, ,40 02:44.278,75 04:17.368,2027, ,2017,2,2,2, , ,3,Y, , , , , , , , ,2,1,0,0,0,0,1,0,0,0,0,2,2,0,0,0,0,0,0,0,0,0,0,0,0,0,0,0,0,0,0,0,0,0,0,4,0,40.0456,-75.0714, , 
13651,175132,2016061228,6,67,67301,2016,5,1,1948,19,4,2,1,5,6, , ,N,0,0,0,3,0,1,1,2,N, ,40 06:38.206,75 01:39.784,2015, ,2012, ,0, , , ,0, , , , , , , , , ,2,2,0,0,0,0,0,0,0,0,0,1,1,0,0,0,0,0,0,0,0,0,0,1,0,0,0,0,0,0,0,0,0,0,0,4,0,40.1106,-75.0277, , 
13652,175145,2016080490,6,67,67301,2016,7,1,1725,17,1,1,0,8,1, , ,N,0,0,0,3,0,1,2,2,N, ,39 58:00.365,75 10:49.835,1742, ,1735, ,0, , , ,0, , , , , , , , , ,1,0,0,0,0,0,0,1,0,0,0,1,1,0,0,0,0,0,0,0,0,0,0,1,0,0,0,0,0,0,0,0,1,0,0,4,0,39.9668,-75.1805, , 
13653,175146,2016080873,6,67,67301,2016,6,4,1655,16,1,1,0,4,1, , ,N,2,3,0,3,0,0,3,2,N,N,39 54:16.002,75 14:18.945,1702, ,1659, ,0, ,N, ,3, , , , , , , , , ,2,2,0,0,0,0,0,0,0,0,0,0,0,0,0,0,0,1,0,0,1,0,0,0,0,0,0,0,0,0,0,0,0,0,0,0,0,39.9044,-75.2386, , 
13654,175147,2016084420,6,67,67301,2016,8,7,2139,21,3,1,0,5,1, , ,N,10,0,0,3,0,2,3,2,N,N,39 55:41.767,75 08:46.657,2151, ,2139,1,1,1, , ,0,N, , , , , , , , ,2,1,0,0,0,0,1,0,0,2,0,0,2,0,0,0,0,0,0,0,1,0,0,0,0,0,0,2,0,0,0,0,0,0,0,2,0,39.9283,-75.1463, , 
13655,175148,2016087695,6,67,67301,2016,7,2,1625,16,1,1,0,4,1, , ,N,0,0,0,3,0,1,2,2,N,N,39 55:41.880,75 14:10.616,1630, ,1628, ,0, ,N, ,0, , , , , , , , , ,1,1,0,0,0,0,0,0,1,0,0,1,1,0,0,0,0,0,0,0,0,0,0,1,0,0,0,0,0,0,0,0,0,0,0,4,0,39.9283,-75.2363, , 
13656,175152,2016096364,6,67,67301,2016,9,5,1646,16,1,1,0,1,1, , ,N,0,0,0,3,0,2,3,3,N,N,39 55:40.947,75 08:47.635,1707, ,1649,1,1,2, , ,0,N, , , , , , , , ,3,0,0,0,0,0,2,1,0,0,0,0,2,2,0,0,0,0,0,0,1,0,0,0,0,0,0,0,0,0,0,0,0,0,0,8,0,39.928,-75.1466, , 
13657,175180,2016013802,6,67,67301,2016,1,5,615,6,5,9,8,5,1, , ,N,0,0,0,3,0,0,1,3,N, ,39 55:18.436,75 09:48.002,805, ,800,3,2,2, , ,0,Y, , , , , , , , ,3,2,0,0,1,0,0,0,0,0,0,0,0,0,0,0,0,0,0,0,0,0,0,1,0,0,0,0,0,0,0,0,0,0,0,0,0,39.9218,-75.1633, , 
13658,175216,2016055611,6,67,67301,2016,5,1,1240,12,1,1,0,4,1, , ,N,1,3,0,3,0,0,2,2,N,N,40 02:49.300,75 04:01.523,9999, ,1306,2,2,6,N, ,3,Y, , , , , , , , ,2,2,0,0,0,0,0,0,0,0,0,0,0,0,0,0,0,0,0,0,0,0,0,0,0,0,0,0,0,0,0,0,0,0,0,0,0,40.047,-75.0671, , 
13659,175225,2016080774,6,67,67301,2016,7,5,1400,14,1,1,0,4,1, , ,N,0,3,7,3,0,1,3,2,N,N,39 53:57.869,75 14:21.645,1640, ,1627, ,0, ,N, ,3, , , , , , , , , ,2,2,0,0,0,0,0,0,0,0,0,1,1,0,0,0,0,0,0,0,0,1,0,1,0,0,0,0,0,0,0,0,0,0,0,4,0,39.8994,-75.2393, , 
13660,175226,2016081430,6,67,67301,2016,6,5,744,7,1,1,0,7,4, , ,N,0,0,0,3,0,0,2,1,N,N,40 01:23.038,75 04:35.922,750, ,746, ,0, ,N, ,0, , , , , , , , , ,1,1,0,0,0,0,0,0,0,0,0,0,0,0,0,0,0,0,0,0,0,0,0,1,0,0,0,0,0,0,0,0,0,0,0,0,0,40.0231,-75.0766, , 
13661,175229,2016087655,6,67,67301,2016,5,2,1230,12,1,1,0,8,1, , ,N,1,2,0,3,0,1,2,2,N,N,39 58:07.829,75 08:10.292,2334, ,2334, ,0, ,N, ,3, , , , , , , , , ,1,0,0,0,1,0,0,0,0,0,1,0,1,0,1,0,0,0,0,0,0,0,0,0,0,0,0,0,0,0,0,0,1,0,0,3,0,39.9688,-75.1362, , 
13662,175237,2016097180,6,67,67301,2016,8,3,745,7,1,1,0,4,1, , ,N,1,2,0,3,0,2,4,2,N,N,40 05:40.347,75 00:54.154,754, ,749,1,1,1,N, ,3,N, , , , , , , , ,2,1,0,0,1,0,0,0,0,0,0,2,2,0,0,0,0,0,0,0,1,0,0,0,0,0,0,0,0,0,0,0,0,0,0,4,0,40.0945,-75.015, , 
13663,175257,2016119157,6,67,67301,2016,10,4,1650,16,1,1,0,1,1, , ,N,1,3,0,3,0,0,3,2,N, ,39 56:33.039,75 09:48.758,1704, ,1702, ,0, , , ,3, , , , , , , , , ,2,1,0,0,0,0,1,0,0,0,0,0,0,0,1,0,0,0,0,0,0,0,0,0,0,0,0,0,0,0,0,0,0,0,0,9,0,39.9425,-75.1635, , 
13664,175261,2016129558,6,67,67301,2016,11,3,825,8,1,1,0,4,1, , ,N,1,3,0,3,0,1,2,2,N,N,40 01:50.743,75 05:35.516,848, ,845, ,0, ,N, ,3, , , , , , , , , ,2,1,0,0,0,0,1,0,0,0,0,0,1,1,0,0,0,0,0,0,0,0,0,0,0,0,0,0,0,0,0,0,0,0,0,8,0,40.0308,-75.0932, , 
13665,175268,2016007875,6,67,67301,2016,1,6,1600,16,1,1,0,1,1, , ,N,0,0,0,3,0,0,4,2,N,N,39 53:18.674,75 13:04.647,1625, ,1601, ,0, , , ,0, , , , , , , , , ,2,1,0,0,0,0,1,0,0,0,0,0,0,0,1,0,0,1,0,0,0,0,0,0,0,0,0,0,0,0,0,0,0,0,0,9,0,39.8885,-75.218, , 
13666,175281,2016029797,6,67,67301,2016,3,7,1430,14,1,1,0,4,1, , ,N,1,3,0,3,0,0,3,2,N,N,39 56:14.888,75 09:17.859,1515, ,1503,2,2,1,N, ,3,N, , , , , , , , ,2,1,0,0,1,0,0,0,0,0,0,0,0,0,0,0,0,1,0,0,0,0,0,0,0,0,0,0,0,0,0,0,0,0,0,0,0,39.9375,-75.155, , 
13667,175292,2016044503,6,67,67301,2016,4,2,900,9,1,2,1,1,1, , ,N,0,0,0,3,0,1,19,2,N,N,39 58:00.145,75 12:29.035,912, ,903, ,0, ,N, ,0, , , , , , , , , ,2,0,0,0,0,0,1,0,0,0,0,1,1,0,0,0,0,0,0,0,0,0,0,0,0,0,0,0,0,0,0,0,0,0,0,4,0,39.9667,-75.2081, , 
13668,169078,2016037372,6,67,67301,2016,3,1,20,0,3,1,0,6,1, , ,N,1,0,0,3,0,3,4,2,N, ,40 01:06.113,75 08:54.943,135, ,135, ,0, , , ,0, , , , , , , , , ,2,1,0,0,0,0,0,0,0,0,0,3,3,0,0,0,0,0,0,0,0,0,0,0,0,0,0,0,0,0,0,0,0,0,0,4,0,40.0184,-75.1484, , 
13669,169083,2016039700,6,67,67301,2016,3,2,9999,99,1,1,0,1,1, , ,N,2,0,0,3,0,2,3,2,N,N,40 01:39.944,75 09:41.212,9999, ,9999, ,0, ,N, ,0, , , , , , , , , ,2,0,0,1,0,0,1,0,0,0,0,0,2,2,0,0,0,0,0,0,1,0,0,0,0,0,0,0,0,0,0,0,0,0,0,8,1,40.0278,-75.1614, , 
13670,169094,2016048565,6,67,67301,2016,4,7,1814,18,1,1,0,4,1, , ,N,1,3,0,3,0,0,8,2,N, ,39 57:45.834,75 12:13.931,1818, ,1814, ,0, , , ,3, , , , , , , , , ,2,1,0,0,0,0,0,1,0,0,0,0,0,0,0,0,0,0,0,0,0,0,0,0,0,0,0,0,0,0,0,0,0,0,0,0,0,39.9627,-75.2039, , 
13671,169095,2016048661,6,67,67301,2016,4,3,1349,13,1,1,0,4,1, , ,N,1,2,0,3,0,1,3,2,N, ,39 56:39.026,75 12:59.538,1410, ,1406, ,0, , , ,3, , , , , , , , , ,2,0,0,0,0,0,1,1,0,0,0,1,1,0,0,0,0,0,0,0,0,0,0,0,0,0,0,0,0,0,0,0,0,0,0,4,0,39.9442,-75.2166, , 
13672,169107,2016011191,6,67,67301,2016,1,6,1930,19,3,2,1,4,1, , ,N,1,3,0,3,0,0,2,2,N,N,39 59:53.100,75 13:59.645,1933, ,1930, ,0, ,N, ,3, , , , , , , , , ,2,2,0,0,0,0,0,0,0,0,0,0,0,0,0,0,0,0,0,0,0,0,0,0,0,0,0,0,0,0,0,0,0,0,0,0,0,39.998,-75.2332, , 
13673,169112,2016013848,6,67,67301,2016,1,7,1817,18,3,1,0,1,1, , ,N,2,0,0,3,0,1,2,2,N,N,39 57:56.944,75 09:38.617,1852, ,1847, ,0, ,N, ,0, , , , , , , , , ,2,2,0,0,0,0,0,0,0,0,0,1,1,0,0,0,0,0,0,0,1,1,0,0,0,0,0,0,0,0,0,0,0,0,0,4,0,39.9657,-75.1606, , 
13674,169135,2016039721,6,67,67301,2016,3,3,55,0,3,1,0,4,1, , ,N,5,2,3,3,0,3,3,2,N,N,40 01:53.078,75 05:05.038,105, ,58, ,0, ,N, ,3, , , , , , , , , ,2,2,0,0,0,0,0,0,0,0,0,3,3,0,0,0,0,1,0,0,0,0,0,0,0,0,0,0,0,0,0,0,0,0,0,4,0,40.0314,-75.0847, , 
13675,169137,2016040112,6,67,67301,2016,3,4,1348,13,1,1,0,7,5, , ,N,0,0,0,3,0,0,1,1,N,N,39 55:39.949,75 08:47.058,1354, ,1348, ,0, , , ,0, , , , , , , , , ,1,1,0,0,0,0,0,0,0,0,0,0,0,0,0,0,0,0,0,0,0,0,0,0,0,0,0,0,0,0,0,0,0,0,0,0,0,39.9278,-75.1464, , 
13676,169138,2016040966,6,67,67301,2016,3,1,115,1,6,9,0,8,1, , ,N,0,0,0,3,0,1,2,2,N, ,39 59:20.115,75 05:22.175,1050, ,1050, ,0, , , ,0, , , , , , , , , ,1,0,0,0,0,0,0,0,0,0,1,0,1,0,0,0,0,0,0,0,0,0,0,0,0,0,0,0,0,0,0,0,1,0,0,3,0,39.9889,-75.0895, , 
13677,169157,2016013865,6,67,67301,2016,1,5,830,8,1,1,0,1,6, , ,N,0,0,0,3,0,0,1,2,N, ,40 03:46.144,75 09:32.968,836, ,836, ,0, , , ,0, , , , , , , , , ,2,2,0,0,0,0,0,0,0,0,0,0,0,0,0,0,0,0,0,0,0,0,0,1,0,0,0,0,0,0,0,0,0,0,0,0,0,40.0628,-75.1592, , 
13678,169181,2016039684,6,67,67301,2016,3,2,640,6,1,2,1,4,1, , ,N,1,3,0,3,0,1,3,2,N,N,40 01:48.277,75 04:39.568,725, ,717, ,0, , , ,3, , , , , , , , , ,2,1,0,0,0,0,1,0,0,0,0,1,1,0,0,0,0,0,0,0,0,0,0,2,0,0,0,0,0,0,0,0,0,0,0,4,0,40.0301,-75.0777, , 
13679,169203,2016063488,6,67,67301,2016,6,7,1035,10,1,1,0,5,6, , ,N,0,0,0,3,0,1,1,3,N, ,39 57:45.175,75 11:16.250,1050, ,1045, ,0, , , ,0, , , , , , , , , ,3,3,0,0,0,0,0,0,0,0,0,1,1,0,0,0,0,1,0,0,0,0,0,0,0,0,0,0,0,0,0,0,0,0,0,4,0,39.9625,-75.1878, , 
13680,169219,2016084641,6,67,67301,2016,8,3,1513,15,1,1,0,1,1, , ,N,5,2,0,3,0,4,5,2,N,N,40 01:53.711,75 03:48.013,1647, ,1646, ,0, ,N, ,3, , , , , , , , , ,2,1,0,0,0,0,1,0,0,0,0,0,4,4,0,0,0,0,0,0,1,0,0,0,0,0,0,0,0,0,0,0,0,0,0,8,0,40.0316,-75.0633, , 
13681,169226,2016092057,6,67,67301,2016,8,2,720,7,1,1,0,4,1, , ,N,1,3,0,3,0,0,4,2,N, ,39 57:13.402,75 13:56.207,723, ,723, ,0, , , ,3, , , , , , , , , ,2,1,0,0,0,0,1,0,0,0,0,0,0,0,0,0,0,0,0,0,1,0,0,4,0,0,0,0,0,0,0,0,0,0,0,0,0,39.9537,-75.2323, , 
13682,169227,2016092114,6,67,67301,2016,8,5,2025,20,3,1,0,7,3, , ,N,2,2,0,3,0,0,2,2,N, ,39 54:04.758,75 14:21.973,2040, ,2033,2,1,1, , ,3,N, , , , , , , , ,1,1,0,0,0,0,0,0,0,0,0,0,0,0,2,0,0,0,0,0,0,0,0,0,0,0,0,0,0,0,0,0,0,0,0,9,0,39.9014,-75.2393, , 
13683,169259,2016016609,6,67,67301,2016,1,4,1315,13,1,1,4,4,1, , ,N,1,3,0,3,0,1,2,2,N,N,39 55:58.900,75 11:17.181,1331, ,1316, ,0, ,N, ,3, , , , , , , , , ,2,1,0,0,0,0,1,0,0,0,0,1,1,0,1,0,0,0,0,0,0,0,0,0,0,0,0,0,0,0,0,0,0,0,0,4,0,39.933,-75.1881, , 
13684,169268,2016025896,6,67,67301,2016,3,2,935,9,1,1,0,4,1, , ,N,2,2,0,3,0,0,2,2,N,N,39 57:17.711,75 11:47.224,945, ,940, ,0, ,N, ,3, , , , , , , , , ,2,1,0,0,0,1,0,0,0,0,0,0,0,0,0,0,0,0,0,0,0,0,0,0,0,0,0,0,0,0,0,0,0,0,0,0,1,39.9549,-75.1964, , 
13685,169277,2016033898,6,67,67301,2016,3,1,329,3,3,1,0,4,1, , ,N,1,2,0,3,0,1,3,2,N,N,40 01:00.708,75 08:58.113,334, ,331,1,1,2,N, ,3,Y, , , , , , , , ,2,2,0,0,0,0,0,0,0,0,0,1,1,0,0,0,0,0,0,0,1,0,0,0,0,0,0,0,0,0,0,0,0,0,0,4,0,40.0169,-75.1495, , 
13686,169280,2016041004,6,67,67301,2016,4,2,1200,12,1,1,0,4,1, , ,N,1,3,0,3,0,0,2,2,N,N,39 57:23.011,75 08:39.598,1204, ,1202, ,0, ,N, ,3, , , , , , , , , ,2,1,0,0,0,0,0,1,0,0,0,0,0,0,1,0,0,0,0,0,0,0,0,0,0,0,0,0,0,0,0,0,0,0,0,9,0,39.9564,-75.1443, , 
13687,171984,2016105884,6,67,67301,2016,9,4,1623,16,1,1,0,4,1, , ,N,1,2,0,3,0,1,3,2,N,N,39 55:38.416,75 08:41.201,1627, ,1625,3,2,1,N, ,3,Y, , , , , , , , ,2,1,0,0,0,0,1,0,0,0,0,1,1,0,0,0,0,0,0,0,0,1,0,0,0,0,0,0,0,0,0,0,0,0,0,4,0,39.9273,-75.1448, , 
13688,172000,2016013874,6,67,67301,2016,1,7,2230,22,3,1,1,4,1, , ,N,1,2,0,3,0,0,2,2,N,N,40 03:57.346,75 09:33.410,2233, ,2230,2,2,5,N, ,3,Y, , , , , , , , ,2,2,0,0,0,0,0,0,0,0,0,0,0,0,0,0,0,0,1,0,0,0,0,0,0,0,0,0,0,0,0,0,0,0,0,0,0,40.0659,-75.1593, , 
13689,172012,2016032010,6,67,67301,2016,3,3,1704,17,1,1,0,8,1, , ,N,1,2,0,3,0,1,2,2,N,N,39 59:59.072,75 08:18.639,1725, ,1704, ,0, ,N, ,3, , , , , , , , , ,1,1,0,0,0,0,0,0,0,0,0,1,1,0,0,0,0,0,0,0,0,0,0,1,0,0,0,0,0,0,0,0,1,0,0,4,0,39.9997,-75.1385, , 
13690,172049,2016019891,6,67,67301,2016,1,6,2242,22,3,1,0,4,1, , ,N,1,2,0,3,0,2,3,3,N, ,40 02:16.088,75 04:28.064,2348, ,2331,2,1,2, , ,3,N, , , , , , , , ,3,3,0,0,0,0,0,0,0,0,0,2,2,0,0,0,0,1,0,0,0,0,0,0,0,0,0,0,0,0,0,0,0,0,0,4,0,40.0378,-75.0745, , 
13691,172055,2016027493,6,67,67301,2016,3,6,1235,12,1,1,0,4,1, , ,N,2,3,0,3,0,1,4,2,N,N,39 57:33.984,75 11:55.262,1300, ,1240, ,0, ,N, ,3, , , , , , , , , ,2,2,0,0,0,0,0,0,0,0,0,0,1,1,0,0,0,0,0,0,1,0,0,1,0,0,0,0,0,0,0,0,0,0,0,8,0,39.9594,-75.1987, , 