objectid_1,objectid,crn,district,county,municipality,crash_year,crash_month,day_of_week,time_of_day,hour_of_day,illumination,weather,road_condition,collision_type,relation_to_road,work_zone_type,work_zone_loc,work_zone_ind,intersect_type,tcd_type,location_type,urban_rural,fatal_count,injury_count,person_count,total_units,sch_bus_ind,sch_zone_ind,latitude,longitude,arrival_tm,cons_zone_spd_lim,dispatch_tm,est_hrs_closed,lane_closed,ln_close_dir,ntfy_hiwy_maint,spec_juris_cd,tcd_func_cd,tfc_detour_ind,workers_pres,wz_close_detour,wz_flagger,wz_law_offcr_ind,wz_ln_closure,wz_moving,wz_other,wz_shlder_mdn,vehicle_count,automobile_count,motorcycle_count,bus_count,small_truck_count,heavy_truck_count,suv_count,van_count,bicycle_count,maj_inj_count,mod_inj_count,min_inj_count,tot_inj_count,unk_inj_deg_count,unk_inj_per_count,driver_count_16yr,driver_count_17yr,driver_count_18yr,driver_count_19yr,driver_count_20yr,driver_count_50_64yr,driver_count_65_74yr,driver_count_75plus,unbelted_occ_count,unb_death_count,unb_maj_inj_count,belted_death_count,belted_maj_inj_count,mcycle_death_count,mcycle_maj_inj_count,bicycle_death_count,bicycle_maj_inj_count,ped_count,ped_death_count,ped_maj_inj_count,max_severity_level,comm_veh_count,dec_lat,dec_long,rdwy_surf_type_cd,county_name
13760,172187,2016013807,6,67,67301,2016,1,3,900,9,1,1,0,4,1, , ,N,0,0,7,3,0,0,3,3,N,N,39 55:05.113,75 12:34.183,937, ,936, ,0, ,N, ,0, , , , , , , , , ,3,1,0,0,1,0,0,1,0,0,0,0,0,0,0,0,0,0,0,0,1,0,0,0,0,0,0,0,0,0,0,0,0,0,0,0,1,39.9181,-75.2095, , 
13761,172188,2016013891,6,67,67301,2016,1,1,430,4,3,1,0,7,4, , ,N,0,0,3,3,0,1,2,1,N,N,39 55:11.166,75 12:06.611,455, ,450, ,0, ,N, ,0, , , , , , , , , ,1,1,0,0,0,0,0,0,0,0,0,0,1,1,0,0,0,0,0,0,0,0,0,0,0,0,0,0,0,0,0,0,0,0,0,8,0,39.9198,-75.2018, , 
13762,172195,2016019887,6,67,67301,2016,2,5,1931,19,3,1,0,4,1, , ,N,1,2,0,3,0,0,5,2,N, ,40 01:13.441,75 09:07.585,1931, ,1931,2,1,2,N, ,3,Y, , , , , , , , ,2,2,0,0,0,0,0,0,0,0,0,0,0,0,0,0,0,0,0,0,0,0,0,0,0,0,0,0,0,0,0,0,0,0,0,0,0,40.0204,-75.1521, , 
13763,172196,2016019897,6,67,67301,2016,2,3,748,7,1,8,0,8,1, , ,N,2,3,0,3,0,1,2,2,N,N,40 03:31.070,75 03:32.430,800, ,756, ,0, ,N, ,3, , , , , , , , , ,1,1,0,0,0,0,0,0,0,0,0,0,1,1,0,0,0,0,0,0,0,0,0,0,0,0,0,0,0,0,0,0,1,0,0,8,0,40.0586,-75.059, , 
13764,172208,2016029951,6,67,67301,2016,3,4,1757,17,1,1,0,4,1, , ,N,1,3,0,3,0,0,4,2,N,N,39 55:56.427,75 11:33.179,1808, ,1806, ,0, , , ,3, , , , , , , , , ,2,2,0,0,0,0,0,0,0,0,0,0,0,0,0,0,0,0,0,0,1,0,0,0,0,0,0,0,0,0,0,0,0,0,0,0,0,39.9323,-75.1925, , 
13765,172215,2016033859,6,67,67301,2016,3,6,816,8,1,1,0,4,1, , ,N,1,3,0,3,0,3,3,2,N,N,40 02:52.901,75 05:34.215,823, ,819,2,1,3,N, ,3,N, , , , , , , , ,2,2,0,0,0,0,0,0,0,0,0,1,3,2,0,0,0,0,0,0,0,0,0,0,0,0,0,0,0,0,0,0,0,0,0,4,0,40.048,-75.0928, , 
13766,172216,2016033912,6,67,67301,2016,3,2,835,8,1,2,1,4,1, , ,N,0,0,7,3,0,0,3,2,N, ,40 03:11.403,75 14:10.288,850, ,845, ,0, , , ,0, , , , , , , , , ,2,2,0,0,0,0,0,0,0,0,0,0,0,0,0,0,0,0,0,0,0,0,0,0,0,0,0,0,0,0,0,0,0,0,0,0,0,40.0532,-75.2362, , 
13767,172221,2016038179,6,67,67301,2016,3,1,1700,17,1,2,1,8,1, , ,N,0,2,0,3,0,1,2,2,N, ,40 02:24.700,75 09:21.016,1836, ,1801, ,0, , , ,3, , , , , , , , , ,1,1,0,0,0,0,0,0,0,0,0,1,1,0,0,0,0,0,0,0,0,0,0,0,0,0,0,0,0,0,0,0,1,0,0,4,0,40.0402,-75.1558, , 
13768,172232,2016013756,6,67,67301,2016,1,5,1803,18,3,1,0,2,1, , ,N,0,0,0,3,0,1,4,2,N,N,40 04:36.864,75 02:10.237,1815, ,1808, ,0, , , ,0, , , , , , , , , ,2,1,0,0,1,0,0,0,0,0,0,0,1,1,0,0,0,0,0,0,1,0,0,0,0,0,0,0,0,0,0,0,0,0,0,8,0,40.0769,-75.0362, , 
13769,172241,2016013954,6,67,67301,2016,1,4,1436,14,1,1,0,1,1, , ,N,0,0,0,3,0,1,4,3,N,N,39 56:10.201,75 13:09.883,1545, ,1537, ,0, ,N, ,0, , , , , , , , , ,3,2,0,0,0,0,1,0,0,0,0,0,1,1,2,0,0,0,0,0,0,2,0,0,0,0,0,0,0,0,0,0,0,0,0,8,0,39.9362,-75.2194, , 
13770,172278,2016002823,6,67,67301,2016,1,6,2030,20,3,1,0,1,1, , ,N,6,0,2,3,0,0,2,2,N,N,39 56:41.825,75 11:28.016,2047, ,2045,1,1,3,N, ,0,N, , , , , , , , ,2,1,0,0,0,0,0,1,0,0,0,0,0,0,0,0,0,0,0,0,0,0,0,0,0,0,0,0,0,0,0,0,0,0,0,0,0,39.9456,-75.1903, , 
13771,172294,2016032111,6,67,67301,2016,3,4,515,5,1,1,0,4,1, , ,N,0,0,7,3,0,0,2,2,N, ,40 05:34.112,74 58:41.640,540, ,535, ,0, , , ,0, , , , , , , , , ,2,2,0,0,0,0,0,0,0,0,0,0,0,0,0,0,0,0,0,0,0,0,0,0,0,0,0,0,0,0,0,0,0,0,0,0,0,40.0928,-74.9782, , 
13772,172302,2016042356,6,67,67301,2016,4,1,1541,15,1,1,0,4,1, , ,N,0,0,0,3,0,1,9,3,N,N,39 57:32.212,75 10:13.351,1602, ,1542,1,2,4, , ,0,N, , , , , , , , ,3,3,0,0,0,0,0,0,0,0,0,1,1,0,0,0,0,0,0,0,1,1,0,0,0,0,0,0,0,0,0,0,0,0,0,4,0,39.9589,-75.1704, , 
13773,172307,2016050042,6,67,67301,2016,4,1,850,8,1,1,0,4,1, , ,N,1,2,0,3,0,2,2,2,N, ,40 01:42.798,75 05:07.223,1036, ,1032, ,0, , , ,2, , , , , , , , , ,2,1,0,0,1,0,0,0,0,0,0,1,2,1,0,0,0,0,0,0,0,0,0,0,0,0,0,0,0,0,0,0,0,0,0,4,0,40.0286,-75.0853, , 
13774,172318,2016064062,6,67,67301,2016,6,4,1612,16,1,1,0,1,1, , ,N,1,2,0,3,0,3,4,3,N, ,40 01:38.028,75 06:51.904,1617, ,1658, ,0, , , ,3, , , , , , , , , ,3,1,0,0,0,0,0,0,0,0,0,3,3,0,0,0,1,0,0,0,0,0,0,0,0,0,0,0,0,0,0,0,0,0,0,4,0,40.0272,-75.1144, , 
13775,172334,2016062558,6,67,67301,2016,5,2,525,5,5,2,1,4,1, , ,N,5,2,0,3,0,1,3,2,N,N,40 00:46.429,75 08:30.310,543, ,540, ,0, , , ,3, , , , , , , , , ,2,2,0,0,0,0,0,0,0,0,0,0,1,1,2,0,0,0,0,0,0,0,0,0,0,0,0,0,0,0,0,0,0,0,0,8,0,40.0129,-75.1418, , 
13776,172351,2016080851,6,67,67301,2016,6,4,2332,23,3,1,0,4,1, , ,N,1,2,0,3,0,2,2,2,N,N,40 01:34.076,75 07:18.694,2339, ,2334,2,2,2,N, ,3,Y, , , , , , , , ,2,0,0,0,0,0,2,0,0,0,0,0,2,2,0,0,0,0,0,0,1,0,0,0,0,0,0,0,0,0,0,0,0,0,0,8,0,40.026,-75.122, , 
13777,177948,2016080165,6,67,67301,2016,7,6,1230,12,1,1,0,1,1, , ,N,0,0,0,3,0,1,2,2,N,N,40 03:45.121,75 10:15.037,1624, ,1336, ,0, ,N, ,0, , , , , , , , , ,2,2,0,0,0,0,0,0,0,0,0,0,1,1,0,0,0,0,0,0,0,0,0,0,0,0,0,0,0,0,0,0,0,0,0,8,0,40.0625,-75.1708, , 
13778,177949,2016080814,6,67,67301,2016,7,7,1700,17,1,1,0,5,6, , ,N,0,0,0,3,0,1,1,3,N,N,39 57:22.799,75 13:17.819,2327, ,2326, ,0, , , ,0, , , , , , , , , ,3,2,0,0,0,0,1,0,0,0,1,0,1,0,0,0,0,0,0,0,1,0,0,0,0,0,0,0,0,0,0,0,0,0,0,3,0,39.9563,-75.2216, , 
13779,177951,2016082397,6,67,67301,2016,7,6,2300,23,3,1,0,4,1, , ,N,1,2,0,3,0,2,4,2,N,N,40 01:21.712,75 08:00.711,2334, ,2334, ,0, ,N, ,3, , , , , , , , , ,2,2,0,0,0,0,0,0,0,0,0,2,2,0,0,0,0,0,0,0,0,0,0,1,0,0,0,0,0,0,0,0,0,0,0,4,0,40.0227,-75.1335, , 
13780,177965,2016080381,6,67,67301,2016,6,1,420,4,3,1,0,7,4, , ,N,0,0,2,3,0,0,1,1,N, ,40 01:13.999,75 09:13.619,425, ,423,2,2,2, , ,0,Y, , , , , , , , ,1,1,0,0,0,0,0,0,0,0,0,0,0,0,0,0,0,0,0,0,0,0,0,1,0,0,0,0,0,0,0,0,0,0,0,0,0,40.0206,-75.1538, , 
13781,177991,2016082319,6,67,67301,2016,7,5,9999,99,3,1,0,1,6, , ,N,0,0,0,3,0,1,1,2,N, ,40 03:33.186,75 14:15.965,1235, ,1231, ,0, , , ,0, , , , , , , , , ,2,1,0,0,0,0,1,0,0,0,0,0,1,1,0,0,0,0,0,0,0,0,0,0,0,0,0,0,0,0,0,0,0,0,0,8,0,40.0592,-75.2378, , 
13782,177993,2016080163,6,67,67301,2016,7,6,1207,12,1,1,0,8,1, , ,N,0,0,0,3,0,2,3,3,N,N,39 59:26.480,75 06:05.202,1250, ,1250, ,0, ,N, ,0, , , , , , , , , ,1,0,0,0,0,0,1,0,0,0,1,1,2,0,0,0,0,0,0,0,0,0,0,1,0,0,0,0,0,0,0,0,2,0,0,3,0,39.9907,-75.1014, , 
13783,178007,2016105725,6,67,67301,2016,9,4,1510,15,1,1,0,4,1, , ,N,5,2,0,3,0,1,2,2,N, ,39 58:10.092,75 08:22.485,1533, ,1530, ,0, , , ,3, , , , , , , , , ,1,0,0,0,1,0,0,0,1,0,0,1,1,0,0,0,0,0,0,0,0,0,0,0,0,0,0,0,0,0,0,0,0,0,0,4,0,39.9695,-75.1395, , 
13784,178028,2016063928,6,67,67301,2016,6,5,35,0,3,1,0,4,1, , ,N,2,0,3,3,0,0,2,2,N,N,39 59:55.791,75 09:32.347,52, ,49, ,0, , , ,0, , , , , , , , , ,2,1,0,0,0,0,1,0,0,0,0,0,0,0,1,0,0,0,0,0,0,0,0,1,0,0,0,0,0,0,0,0,0,0,0,9,0,39.9988,-75.159, , 
13785,178040,2016080797,6,67,67301,2016,6,4,1620,16,1,1,0,8,1, , ,N,1,3,0,3,0,1,2,2,N, ,39 56:29.551,75 09:49.528,2000, ,1957, ,0, ,N, ,3, , , , , , , , , ,1,0,0,0,0,0,0,1,0,0,1,0,1,0,0,0,0,0,0,0,0,0,0,0,0,0,0,0,0,0,0,0,1,0,0,3,0,39.9415,-75.1638, , 
13786,178045,2016087665,6,67,67301,2016,7,6,1003,10,1,1,0,4,1, , ,N,1,2,0,3,0,1,2,2,N,N,39 59:24.079,75 09:37.472,1024, ,1021, ,0, , , ,3, , , , , , , , , ,2,1,0,0,0,0,1,0,0,0,0,1,1,0,1,0,0,0,0,0,0,0,0,0,0,0,0,0,0,0,0,0,0,0,0,4,0,39.99,-75.1604, , 
13787,178062,2016080152,6,67,67301,2016,7,6,900,9,1,1,0,8,1, , ,N,2,3,0,3,0,1,15,2,N,N,39 57:04.500,75 13:36.087,905, ,904,2,2,7,N, ,3,N, , , , , , , , ,1,0,0,0,0,0,0,1,0,0,1,0,1,0,0,0,0,0,0,0,0,0,0,0,0,0,0,0,0,0,0,0,1,0,0,3,0,39.9513,-75.2267, , 
13788,178063,2016080208,6,67,67301,2016,6,2,130,1,3,1,0,7,4, , ,N,0,0,0,3,0,0,1,4,N,N,39 56:54.304,75 09:26.658,136, ,135, ,0, ,N, ,0, , , , , , , , , ,4,2,0,0,0,0,2,0,0,0,0,0,0,0,0,0,0,0,0,0,0,0,0,0,0,0,0,0,0,0,0,0,0,0,0,0,0,39.9484,-75.1574, , 
13789,178064,2016080921,6,67,67301,2016,6,3,900,9,1,1,0,7,4, , ,N,1,2,0,3,0,0,5,1,N,N,39 57:35.260,75 13:22.523,1128, ,1121, ,0, ,N, ,3, , , , , , , , , ,1,1,0,0,0,0,0,0,0,0,0,0,0,0,0,0,0,0,0,0,0,0,0,0,0,0,0,0,0,0,0,0,0,0,0,0,0,39.9597,-75.2229, , 
13790,178076,2016026857,6,67,67301,2016,2,4,1300,13,1,1,0,1,6, , ,N,0,0,0,3,0,2,2,2,N,N,40 02:40.038,75 03:57.459,1325, ,1312,1,1,4,N, ,0,N, , , , , , , , ,2,2,0,0,0,0,0,0,0,0,1,1,2,0,0,0,0,0,0,0,0,0,0,0,0,0,0,0,0,0,0,0,0,0,0,3,0,40.0445,-75.066, , 
13791,178077,2016028326,6,67,67301,2016,2,7,1645,16,1,1,0,8,1, , ,N,1,2,0,3,0,1,2,2,N,N,39 56:50.107,75 13:36.654,1705, ,1657, ,0, , , ,3, , , , , , , , , ,1,0,0,0,0,0,0,0,0,0,0,1,1,0,0,0,0,0,0,0,0,0,0,0,0,0,0,0,0,0,0,0,1,0,0,4,0,39.9473,-75.2269, , 
13792,178082,2016040913,6,67,67301,2016,4,7,9999,99,1,2,1,4,1, , ,N,1,2,0,3,0,0,2,2,N, ,39 57:20.998,75 14:09.675,1134, ,1131, ,0, ,N, ,3, , , , , , , , , ,2,2,0,0,0,0,0,0,0,0,0,0,0,0,0,0,0,0,0,0,0,0,0,0,0,0,0,0,0,0,0,0,0,0,0,0,0,39.9558,-75.236, , 
13793,178091,2016046075,6,67,67301,2016,4,5,1823,18,1,1,0,8,1, , ,N,0,0,0,3,0,1,2,2,N,N,39 58:14.842,75 13:30.231,1828, ,1825, ,0, ,N, ,0, , , , , , , , , ,1,1,0,0,0,0,0,0,0,0,0,1,1,0,0,0,0,0,0,0,0,0,0,1,0,0,0,0,0,0,0,0,1,0,0,4,0,39.9708,-75.2251, , 
13794,178094,2016048572,6,67,67301,2016,4,4,1506,15,1,1,0,1,1, , ,N,2,2,0,3,0,1,2,2,N, ,40 02:20.683,75 03:34.752,1540, ,1531, ,0, , , ,3, , , , , , , , , ,2,1,0,0,0,0,1,0,0,0,0,0,1,1,0,0,1,0,0,0,1,0,0,0,0,0,0,0,0,0,0,0,0,0,0,8,0,40.0391,-75.0597, , 
13795,178101,2016056063,6,67,67301,2016,5,7,1926,19,1,1,0,1,1, , ,N,0,0,0,3,0,1,3,2,N,N,39 56:14.257,75 09:44.390,1939, ,1939, ,0, ,N, ,0, , , , , , , , , ,2,1,0,0,0,0,1,0,0,0,0,1,1,0,0,0,0,0,0,0,0,0,0,1,0,0,0,0,0,0,0,0,0,0,0,4,0,39.9373,-75.1623, , 
13796,175458,2016058641,6,67,67301,2016,5,5,830,8,1,1,0,1,1, , ,N,0,0,0,3,0,1,3,2,Y,N,40 01:12.400,75 06:44.828,840, ,835,2,2,6,N, ,0,Y, , , , , , , , ,2,1,0,1,0,0,0,0,0,0,0,1,1,0,0,0,0,0,0,0,0,0,0,0,0,0,0,0,0,0,0,0,0,0,0,4,1,40.0201,-75.1125, , 
13797,175464,2016061296,6,67,67301,2016,6,6,2327,23,3,1,0,5,1, , ,N,0,0,0,3,0,2,2,2,N,N,39 57:08.945,75 08:27.564,2337, ,2328, ,0, , , ,0, , , , , , , , , ,2,0,0,0,0,0,2,0,0,0,2,0,2,0,0,0,0,0,0,0,1,0,0,0,0,0,0,0,0,0,0,0,0,0,0,3,0,39.9525,-75.141, , 
13798,175469,2016013897,6,67,67301,2016,1,6,1845,18,3,1,0,4,1, , ,N,1,2,0,3,0,0,2,2,N,N,39 55:06.954,75 13:33.265,1905, ,1901, ,0, ,N, ,3, , , , , , , , , ,2,2,0,0,0,0,0,0,0,0,0,0,0,0,0,0,0,0,0,0,0,0,0,0,0,0,0,0,0,0,0,0,0,0,0,0,0,39.9185,-75.2259, , 
13799,175477,2016028338,6,67,67301,2016,2,5,1534,15,1,1,0,5,6, , ,N,0,0,0,3,0,1,1,2,N, ,40 00:26.409,75 11:22.020,1620, ,1011,9,2,7, , ,0,Y, , , , , , , , ,2,1,0,0,0,0,1,0,0,0,0,1,1,0,0,0,0,0,0,0,0,0,0,0,0,0,0,0,0,0,0,0,0,0,0,4,0,40.0073,-75.1895, , 
13800,175488,2016036535,6,67,67301,2016,3,5,2130,21,3,1,0,1,1, , ,N,1,2,0,3,0,2,4,3,N,N,40 03:22.903,75 04:30.486,2205, ,2157,1,2,1,N, ,3,N, , , , , , , , ,3,2,0,0,0,0,0,1,0,0,0,2,2,0,0,0,0,0,0,0,0,0,0,2,0,0,0,0,0,0,0,0,0,0,0,4,0,40.0564,-75.0751, , 
13801,175520,2016022032,6,67,67301,2016,2,3,1330,13,1,4,1,1,1, , ,N,1,2,0,3,0,0,2,2,N, ,40 01:30.637,75 07:31.531,1345, ,1340,1,1,1, , ,3,Y, , , , , , , , ,2,0,0,0,0,0,2,0,0,0,0,0,0,0,0,0,0,0,0,0,0,0,0,0,0,0,0,0,0,0,0,0,0,0,0,0,0,40.0252,-75.1254, , 
13802,175521,2016025980,6,67,67301,2016,2,4,1302,13,1,1,0,4,1, , ,N,0,0,7,3,0,1,2,2,N,N,40 05:37.000,75 01:53.900,1310, ,1305, ,0, , , ,0, , , , , , , , , ,2,1,0,0,0,0,1,0,0,0,0,1,1,0,0,0,0,0,0,0,0,0,0,0,0,0,0,0,0,0,0,0,0,0,0,4,0,40.0936,-75.0316, , 
13803,175528,2016038577,6,67,67301,2016,4,1,23,0,3,1,1,7,2, , ,N,0,0,2,3,0,0,1,1,N,N,40 00:18.706,75 04:32.854,43, ,28,2,1,2, , ,0,Y, , , , , , , , ,1,1,0,0,0,0,0,0,0,0,0,0,0,0,0,0,0,0,0,0,0,0,0,0,0,0,0,0,0,0,0,0,0,0,0,0,0,40.0052,-75.0758, , 
13804,175529,2016039353,6,67,67301,2016,3,6,625,6,1,1,0,1,1, , ,N,0,0,0,3,0,1,2,2,N,N,39 53:51.894,75 11:07.193,720, ,647, ,0, , , ,0, , , , , , , , , ,2,1,0,0,1,0,0,0,0,0,0,1,1,0,0,0,0,0,0,0,0,0,0,0,0,0,0,0,0,0,0,0,0,0,0,4,0,39.8977,-75.1853, , 
13805,175534,2016044578,6,67,67301,2016,4,2,507,5,3,1,0,7,4, , ,N,0,0,6,3,0,0,1,1,N,N,40 01:13.310,75 08:29.186,9999, ,507,1,1,1,Y, ,0,Y, , , , , , , , ,1,0,0,0,0,0,1,0,0,0,0,0,0,0,0,0,0,0,0,0,1,0,0,1,0,0,0,0,0,0,0,0,0,0,0,0,0,40.0204,-75.1414, , 
13806,175547,2016058532,6,67,67301,2016,5,6,1540,15,1,1,0,8,1, , ,N,3,0,0,3,0,1,2,2,N, ,39 58:19.332,75 14:46.861,1635, ,1635, ,0, , , ,0, , , , , , , , , ,1,1,0,0,0,0,0,0,0,0,0,0,1,1,0,0,0,0,0,0,0,0,0,0,0,0,0,0,0,0,0,0,1,0,0,8,0,39.972,-75.2464, , 
13807,175565,2016008637,6,67,67301,2016,1,3,830,8,1,1,0,4,1, , ,N,1,0,0,3,0,0,2,2,N,N,40 00:13.290,75 10:51.870,845, ,843,1,1,4,N, ,0,N, , , , , , , , ,2,1,0,0,0,0,1,0,0,0,0,0,0,0,0,0,0,0,0,0,0,0,0,0,0,0,0,0,0,0,0,0,0,0,0,0,0,40.0037,-75.1811, , 
13808,175575,2016022037,6,67,67301,2016,2,3,155,1,3,4,1,5,6, , ,N,0,0,0,3,0,0,1,3,N,N,39 55:44.832,75 10:42.214,203, ,202,2,2,1,N, ,0,Y, , , , , , , , ,3,3,0,0,0,0,0,0,0,0,0,0,0,0,0,0,0,0,0,0,0,0,0,1,0,0,0,0,0,0,0,0,0,0,0,0,0,39.9291,-75.1784, , 
13809,175580,2016026009,6,67,67301,2016,2,7,1850,18,3,1,0,4,1, , ,N,1,2,0,3,0,3,3,2,N,N,40 06:51.342,74 59:16.507,1900, ,1851,1,2,1, , ,3,Y, , , , , , , , ,2,2,0,0,0,0,0,0,0,0,0,0,3,3,0,0,0,0,0,0,0,0,0,0,0,0,0,0,0,0,0,0,0,0,0,8,0,40.1143,-74.9879, , 
13810,175583,2016028346,6,67,67301,2016,2,7,1445,14,1,1,0,5,1, , ,N,0,0,0,3,0,1,2,2,N,N,39 58:10.234,75 08:21.671,1522, ,1519, ,0, ,N, ,0, , , , , , , , , ,1,1,0,0,0,0,0,0,1,0,0,1,1,0,0,0,0,0,0,0,0,0,0,1,0,0,0,0,0,0,0,0,0,0,0,4,0,39.9695,-75.1394, , 
13811,175585,2016029772,6,67,67301,2016,2,7,1515,15,1,1,0,4,1, , ,N,1,3,0,3,0,0,3,2,N,N,39 57:24.296,75 13:02.938,1520, ,1515, ,0, ,N, ,3, , , , , , , , , ,2,1,0,0,0,0,1,0,0,0,0,0,0,0,0,0,0,0,0,0,1,0,0,0,0,0,0,0,0,0,0,0,0,0,0,0,0,39.9567,-75.2175, , 
13812,175614,2016013956,6,67,67301,2016,1,5,1650,16,1,1,0,7,4, , ,N,0,0,0,3,0,1,4,2,N, ,40 05:07.379,75 01:27.883,1704, ,1652,1,2,2, , ,0,Y, , , , , , , , ,2,2,0,0,0,0,0,0,0,0,0,1,1,0,0,0,0,0,0,1,0,0,0,0,0,0,0,0,0,0,0,0,0,0,0,4,0,40.0854,-75.0244, , 
13813,175635,2016026035,6,67,67301,2016,2,2,2255,22,3,4,1,8,1, , ,N,1,0,0,3,0,2,3,2,N, ,39 57:12.441,75 13:48.482,2259, ,2258, ,0, , , ,0, , , , , , , , , ,1,1,0,0,0,0,0,0,0,0,1,0,2,1,0,0,0,0,0,0,0,0,0,0,0,0,0,0,0,0,0,0,1,0,0,3,0,39.9535,-75.2301, , 
13814,175636,2016026084,6,67,67301,2016,2,3,1428,14,1,4,1,2,1, , ,N,2,0,0,3,0,2,2,2,N,N,40 02:05.924,75 11:18.304,1444, ,1428,1,2,1, , ,0,Y, , , , , , , , ,2,0,0,0,0,0,2,0,0,0,1,1,2,0,0,0,0,0,0,0,2,0,0,0,0,0,0,0,0,0,0,0,0,0,0,3,0,40.035,-75.1884, , 
13815,169503,2016036416,6,67,67301,2016,3,7,242,2,3,1,1,8,1, , ,N,1,2,0,3,0,1,2,2,N,N,40 02:43.800,75 09:53.514,250, ,246, ,0, , , ,3, , , , , , , , , ,1,0,0,0,0,0,0,1,0,0,1,0,1,0,1,0,0,0,0,0,0,0,0,0,0,0,0,0,0,0,0,0,1,0,0,3,0,40.0455,-75.1649, , 
13816,169522,2016053814,6,67,67301,2016,5,2,800,8,1,1,0,8,1, , ,N,1,2,0,3,0,1,2,2,N,N,39 56:05.323,75 09:43.228,815, ,812, ,0, ,N, ,3, , , , , , , , , ,1,1,0,0,0,0,0,0,0,0,0,1,1,0,1,0,0,0,0,0,0,0,0,0,0,0,0,0,0,0,0,0,1,0,0,4,0,39.9348,-75.162, , 
13817,169523,2016054173,6,67,67301,2016,5,4,1100,11,1,1,0,4,1, , ,N,1,2,0,3,0,1,3,2,N,N,40 01:11.208,75 09:02.246,1145, ,1131, ,0, ,N, ,3, , , , , , , , , ,2,1,0,0,0,0,1,0,0,0,0,0,1,1,0,0,0,0,0,0,0,0,0,0,0,0,0,0,0,0,0,0,0,0,0,8,0,40.0198,-75.1506, , 
13818,169525,2016056038,6,67,67301,2016,5,7,600,6,1,1,0,7,5, , ,N,0,0,0,3,0,1,1,3,N,Y,40 01:53.600,75 09:13.500,745, ,739, ,0, ,N, ,0, , , , , , , , , ,3,3,0,0,0,0,0,0,0,0,1,0,1,0,0,0,0,0,0,0,0,0,0,1,0,0,0,0,0,0,0,0,0,0,0,3,0,40.0316,-75.1538, , 
13819,169536,2016020144,6,67,67301,2016,2,1,1557,15,1,1,0,1,1, , ,N,0,0,0,3,0,2,2,2,N,N,40 02:16.040,75 00:43.130,1614, ,1602,3,2,2, , ,0,N, , , , , , , , ,2,0,0,0,0,0,2,0,0,0,2,0,2,0,0,0,0,0,0,0,1,0,0,0,0,0,0,0,0,0,0,0,0,0,0,3,0,40.0378,-75.012, , 
13820,169555,2016046089,6,67,67301,2016,4,1,1555,15,1,1,0,4,1, , ,N,0,0,0,3,0,1,3,2,N, ,39 59:15.266,75 09:39.571,1628, ,1626, ,0, , , ,0, , , , , , , , , ,1,0,0,0,0,0,1,0,1,0,0,0,1,1,0,0,0,0,0,0,0,0,0,0,0,0,0,0,0,0,0,0,0,0,0,8,0,39.9876,-75.161, , 
13821,169575,2016050503,6,67,67301,2016,4,4,1303,13,1,1,0,1,1, , ,N,7,2,2,3,0,1,2,2,N,N,39 57:06.151,75 08:29.297,1314, ,1304, ,0, , , ,3, , , , , , , , , ,2,2,0,0,0,0,0,0,0,0,1,0,1,0,0,0,0,0,0,0,0,0,0,0,0,0,0,0,0,0,0,0,0,0,0,3,0,39.9517,-75.1415, , 
13822,169580,2016053766,6,67,67301,2016,5,3,2129,21,3,1,0,4,1, , ,N,0,0,0,3,0,0,2,2,N, ,39 58:20.327,75 14:56.539,2135, ,2135,2,1,4, , ,0,N, , , , , , , , ,2,2,0,0,0,0,0,0,0,0,0,0,0,0,0,0,0,0,0,0,0,0,0,1,0,0,0,0,0,0,0,0,0,0,0,0,0,39.9723,-75.249, , 
13823,169603,2016028823,6,67,67301,2016,3,6,415,4,3,1,0,7,2, , ,N,0,0,0,3,0,0,2,2,N,N,40 01:38.532,75 01:31.019,439, ,417,1,1,2, , ,0,N, , , , , , , , ,2,0,0,0,0,0,1,1,0,0,0,0,0,0,0,0,0,0,0,0,0,0,0,0,0,0,0,0,0,0,0,0,0,0,0,0,0,40.0274,-75.0253, , 
13824,169623,2016055081,6,67,67301,2016,5,3,803,8,1,1,0,4,1, , ,N,1,3,0,3,0,2,4,2,Y,N,40 03:44.895,75 10:56.542,900, ,840, ,0, ,N, ,3, , , , , , , , , ,2,1,0,1,0,0,0,0,0,0,0,2,2,0,0,0,0,0,0,0,0,0,0,0,0,0,0,0,0,0,0,0,0,0,0,4,1,40.0625,-75.1824, , 
13825,169635,2016013760,6,67,67301,2016,1,7,236,2,3,1,8,5,1, , ,N,0,0,0,3,0,0,5,3,N,N,40 00:43.454,75 10:54.798,240, ,243, ,0, ,N, ,0, , , , , , , , , ,3,2,0,0,0,0,1,0,0,0,0,0,0,0,0,0,0,0,0,0,0,0,0,0,0,0,0,0,0,0,0,0,0,0,0,0,0,40.0121,-75.1819, , 
13826,169639,2016014448,6,67,67301,2016,1,2,1640,16,1,1,0,8,1, , ,N,1,2,0,3,0,1,2,2,N, ,39 58:20.731,75 15:11.873,1650, ,1640, ,0, , , ,3, , , , , , , , , ,1,1,0,0,0,0,0,0,0,0,0,1,1,0,0,0,0,0,0,0,1,0,0,0,0,0,0,0,0,0,0,0,1,0,0,4,0,39.9724,-75.2533, , 