objectid_1,objectid,crn,district,county,municipality,crash_year,crash_month,day_of_week,time_of_day,hour_of_day,illumination,weather,road_condition,collision_type,relation_to_road,work_zone_type,work_zone_loc,work_zone_ind,intersect_type,tcd_type,location_type,urban_rural,fatal_count,injury_count,person_count,total_units,sch_bus_ind,sch_zone_ind,latitude,longitude,arrival_tm,cons_zone_spd_lim,dispatch_tm,est_hrs_closed,lane_closed,ln_close_dir,ntfy_hiwy_maint,spec_juris_cd,tcd_func_cd,tfc_detour_ind,workers_pres,wz_close_detour,wz_flagger,wz_law_offcr_ind,wz_ln_closure,wz_moving,wz_other,wz_shlder_mdn,vehicle_count,automobile_count,motorcycle_count,bus_count,small_truck_count,heavy_truck_count,suv_count,van_count,bicycle_count,maj_inj_count,mod_inj_count,min_inj_count,tot_inj_count,unk_inj_deg_count,unk_inj_per_count,driver_count_16yr,driver_count_17yr,driver_count_18yr,driver_count_19yr,driver_count_20yr,driver_count_50_64yr,driver_count_65_74yr,driver_count_75plus,unbelted_occ_count,unb_death_count,unb_maj_inj_count,belted_death_count,belted_maj_inj_count,mcycle_death_count,mcycle_maj_inj_count,bicycle_death_count,bicycle_maj_inj_count,ped_count,ped_death_count,ped_maj_inj_count,max_severity_level,comm_veh_count,dec_lat,dec_long,rdwy_surf_type_cd,county_name
13827,169649,2016033129,6,67,67301,2016,3,1,1230,12,1,1,0,8,1, , ,N,0,0,0,3,0,1,2,2,N, ,39 59:12.711,75 06:17.787,1250, ,1240, ,0, , , ,0, , , , , , , , , ,1,1,0,0,0,0,0,0,0,0,0,1,1,0,0,0,0,0,0,0,0,0,0,0,0,0,0,0,0,0,0,0,1,0,0,4,0,39.9869,-75.1049, , 
13828,169654,2016040965,6,67,67301,2016,3,4,1435,14,1,1,0,4,1, , ,N,1,3,0,3,0,2,3,2,N, ,39 57:37.009,75 14:23.092,1440, ,1438, ,0, , , ,3, , , , , , , , , ,2,2,0,0,0,0,0,0,0,0,0,0,2,2,0,0,0,0,0,0,0,1,0,0,0,0,0,0,0,0,0,0,0,0,0,8,0,39.9603,-75.2397, , 
13829,169661,2016053809,6,67,67301,2016,5,5,2135,21,3,1,0,8,1, , ,N,1,2,0,3,0,1,2,2,N,N,40 02:20.709,75 08:41.028,2145, ,2139, ,0, , , ,3, , , , , , , , , ,1,0,0,0,0,0,1,0,0,1,0,0,1,0,0,0,0,0,0,0,0,0,0,0,0,0,0,0,0,0,0,0,1,0,1,2,0,40.039,-75.1446, , 
13830,169704,2016036454,6,67,67301,2016,3,2,1834,18,4,1,0,4,1, , ,N,1,2,0,3,0,1,2,2,N,N,40 01:31.355,75 04:23.942,1838, ,1837, ,0, ,N, ,3, , , , , , , , , ,2,1,0,0,0,0,1,0,0,0,1,0,1,0,0,0,0,0,0,0,1,0,0,0,0,0,0,0,0,0,0,0,0,0,0,3,0,40.0254,-75.0733, , 
13831,169709,2016040855,6,67,67301,2016,3,3,155,1,3,1,0,7,3, , ,N,6,4,2,3,0,0,3,2,N,N,40 01:06.762,75 10:01.463,204, ,157,1,1,2,N, ,3,N, , , , , , , , ,1,1,0,0,0,0,0,0,0,0,0,0,0,0,0,0,0,0,0,0,0,0,0,0,0,0,0,0,0,0,0,0,0,0,0,0,0,40.0185,-75.1671, , 
13832,169715,2016052277,6,67,67301,2016,4,4,1240,12,1,1,0,8,1, , ,N,0,0,0,3,0,1,2,2,N,N,40 02:19.978,75 03:57.862,1246, ,1243,1,2,6, , ,0,Y, , , , , , , , ,1,1,0,0,0,0,0,0,0,0,0,1,1,0,0,0,0,0,0,0,0,0,0,0,0,0,0,0,0,0,0,0,1,0,0,4,0,40.0389,-75.0661, , 
13833,172358,2016087135,6,67,67301,2016,8,5,550,5,5,1,0,2,6, , ,N,0,0,0,3,0,1,1,2,N,Y,40 02:57.307,75 09:20.210,601, ,556, ,0, ,N, ,0, , , , , , , , , ,2,1,0,0,0,0,1,0,0,0,0,1,1,0,0,0,0,0,0,0,0,0,0,0,0,0,0,0,0,0,0,0,0,0,0,4,0,40.0493,-75.1556, , 
13834,172383,2016019741,6,67,67301,2016,2,2,2136,21,3,2,1,4,1, , ,N,1,2,0,3,0,1,3,2,N,N,39 58:18.644,75 14:41.701,2138, ,2138, ,0, ,N, ,3, , , , , , , , , ,2,2,0,0,0,0,0,0,0,0,0,1,1,0,0,0,0,0,0,0,0,0,0,0,0,0,0,0,0,0,0,0,0,0,0,4,0,39.9719,-75.2448, , 
13835,172396,2016029333,6,67,67301,2016,3,5,815,8,1,1,0,1,1, , ,N,0,0,0,3,0,3,3,2,N,N,39 55:41.603,75 10:07.610,825, ,820, ,0, ,N, ,0, , , , , , , , , ,2,2,0,0,0,0,0,0,0,0,3,0,3,0,0,0,1,0,0,0,1,0,0,0,0,0,0,0,0,0,0,0,0,0,0,3,0,39.9282,-75.1688, , 
13836,172445,2016028841,6,67,67301,2016,3,2,829,8,1,1,0,1,1, , ,N,0,0,0,3,0,0,4,4,N,N,40 00:54.170,75 03:15.821,829, ,829,1,2,2, , ,0,N, , , , , , , , ,4,2,0,0,0,1,1,0,0,0,0,0,0,0,0,0,0,0,0,0,0,0,0,0,0,0,0,0,0,0,0,0,0,0,0,0,1,40.015,-75.0544, , 
13837,172448,2016031083,6,67,67301,2016,3,5,2010,20,3,1,0,5,6, , ,N,0,0,0,3,0,1,1,2,N,N,40 03:04.449,75 00:31.039,2020, ,2014, ,0, , , ,0, , , , , , , , , ,2,2,0,0,0,0,0,0,0,0,0,1,1,0,0,0,0,0,0,0,0,0,0,0,0,0,0,0,0,0,0,0,0,0,0,4,0,40.0512,-75.0086, , 
13838,172454,2016038448,6,67,67301,2016,4,4,940,9,1,1,0,3,1, , ,N,0,0,0,3,0,1,2,2,N,N,40 00:29.387,75 05:31.528,1015, ,1000,3,2,5,N, ,0,Y, , , , , , , , ,2,1,0,0,0,1,0,0,0,0,0,1,1,0,0,0,0,0,0,0,0,0,0,0,0,0,0,0,0,0,0,0,0,0,0,4,1,40.0082,-75.0921, , 
13839,172459,2016044604,6,67,67301,2016,4,6,1315,13,1,1,0,4,1, , ,N,1,3,0,3,0,1,3,2,N, ,40 01:39.889,75 08:53.131,1327, ,1321, ,0, , , ,3, , , , , , , , , ,2,1,0,0,0,0,1,0,0,0,0,1,1,0,0,0,0,0,0,0,0,1,0,1,0,0,0,0,0,0,0,0,0,0,0,4,0,40.0277,-75.1481, , 
13840,172462,2016048621,6,67,67301,2016,4,3,1855,18,1,1,0,7,4, , ,N,1,3,0,3,0,1,1,1,N,N,39 59:01.330,75 07:34.456,2012, ,1855, ,0, ,N, ,3, , , , , , , , , ,1,0,0,0,0,0,1,0,0,0,0,1,1,0,0,0,0,0,0,0,0,0,0,0,0,0,0,0,0,0,0,0,0,0,0,4,0,39.9837,-75.1262, , 
13841,172465,2016052348,6,67,67301,2016,4,5,754,7,1,1,0,4,1, , ,N,2,3,0,3,0,1,3,2,N,N,39 56:42.381,75 14:46.762,800, ,754, ,0, ,N, ,3, , , , , , , , , ,2,2,0,0,0,0,0,0,0,0,0,1,1,0,1,0,0,0,0,0,0,0,0,0,0,0,0,0,0,0,0,0,0,0,0,4,0,39.9451,-75.2463, , 
13842,172466,2016052409,6,67,67301,2016,5,1,1355,13,1,1,0,1,1, , ,N,2,0,0,3,0,0,2,2,N,N,40 07:08.922,75 00:28.069,1406, ,1400, ,0, , , ,0, , , , , , , , , ,2,1,0,0,0,0,1,0,0,0,0,0,0,0,0,0,0,0,0,0,0,0,0,0,0,0,0,0,0,0,0,0,0,0,0,0,0,40.1191,-75.0078, , 
13843,172479,2016017055,6,67,67301,2016,1,6,1300,13,1,1,0,4,1, , ,N,1,2,0,3,0,1,4,2,N,N,40 02:10.729,75 03:51.497,1310, ,1305, ,0, ,N, ,3, , , , , , , , , ,2,1,0,0,0,0,0,1,0,0,0,1,1,0,0,0,0,0,0,0,0,0,0,0,0,0,0,0,0,0,0,0,0,0,0,4,0,40.0363,-75.0643, , 
13844,172486,2016022029,6,67,67301,2016,2,6,1256,12,1,1,1,1,1, , ,N,1,2,0,3,0,3,6,3,N, ,40 00:11.036,75 09:51.469,1308, ,1301,2,2,6, , ,3,Y, , , , , , , , ,3,2,0,0,0,0,1,0,0,0,0,2,3,1,0,0,0,0,0,0,1,0,0,2,0,0,0,0,0,0,0,0,0,0,0,4,0,40.0031,-75.1643, , 
13845,172488,2016026866,6,67,67301,2016,2,1,300,3,3,1,0,7,4, , ,N,0,0,1,3,0,2,2,1,N,N,40 00:17.123,75 07:26.248,305, ,305,3,2,2,N, ,0,Y, , , , , , , , ,1,0,0,0,0,0,1,0,0,2,0,0,2,0,0,0,0,0,0,0,0,0,0,2,0,2,0,0,0,0,0,0,0,0,0,2,0,40.0048,-75.124, , 
13846,172503,2016040950,6,67,67301,2016,4,1,415,4,3,1,0,4,1, , ,N,1,2,0,3,0,1,3,2,N,N,39 56:36.682,75 08:55.532,428, ,420,3,2,2,N, ,3,Y, , , , , , , , ,2,1,0,0,0,0,1,0,0,0,0,1,1,0,0,0,0,0,0,0,0,0,0,2,0,0,0,0,0,0,0,0,0,0,0,4,0,39.9435,-75.1488, , 
13847,172529,2016013827,6,67,67301,2016,1,1,9999,99,3,2,1,8,1, , ,N,1,2,0,3,0,2,3,3,N, ,39 57:07.661,75 09:41.216,311, ,307, ,0, , , ,3, , , , , , , , , ,1,0,0,0,1,0,0,0,0,0,0,0,2,2,0,0,0,0,0,0,0,0,0,0,0,0,0,0,0,0,0,0,2,0,0,8,0,39.9521,-75.1615, , 
13848,172533,2016022003,6,67,67301,2016,2,7,405,4,3,1,0,5,1, , ,N,1,3,0,3,0,0,3,2,N, ,39 55:24.960,75 10:59.865,415, ,414, ,0, , , ,3, , , , , , , , , ,2,2,0,0,0,0,0,0,0,0,0,0,0,0,0,0,0,0,0,0,0,0,0,0,0,0,0,0,0,0,0,0,0,0,0,0,0,39.9236,-75.1833, , 
13849,172534,2016022452,6,67,67301,2016,2,6,1141,11,1,1,0,8,1, , ,N,1,2,0,3,0,1,2,2,N,N,39 56:39.490,75 09:18.158,1150, ,1143, ,0, ,N, ,3, , , , , , , , , ,1,0,0,0,0,0,1,0,0,0,0,0,1,1,0,0,0,0,0,0,0,0,0,0,0,0,0,0,0,0,0,0,1,0,0,8,0,39.9443,-75.155, , 
13850,172550,2016039320,6,67,67301,2016,4,1,1426,14,1,1,0,8,1, , ,N,1,2,0,3,0,1,2,2,N,N,39 58:48.767,75 09:26.884,1428, ,1427, ,0, ,N, ,3, , , , , , , , , ,1,0,0,0,0,0,1,0,0,0,0,1,1,0,0,0,0,0,0,0,0,0,0,0,0,0,0,0,0,0,0,0,1,0,0,4,0,39.9802,-75.1575, , 
13851,178105,2016064057,6,67,67301,2016,6,3,2030,20,3,1,0,7,4, , ,N,0,0,0,3,0,1,1,2,N, ,39 54:09.827,75 09:17.105,2058, ,2042, ,0, , , ,0, , , , , , , , , ,1,1,0,0,0,0,0,0,0,0,0,1,1,0,0,0,0,0,0,0,0,1,0,0,0,0,0,0,0,0,0,0,0,0,0,4,0,39.9027,-75.1548, , 
13852,178114,2016058193,6,67,67301,2016,5,4,2138,21,3,1,0,1,1, , ,N,7,0,2,3,0,0,2,2,N,N,39 57:24.872,75 09:13.565,2138, ,2138, ,0, , , ,0, , , , , , , , , ,2,1,0,0,1,0,0,0,0,0,0,0,0,0,0,0,0,0,0,0,0,0,0,0,0,0,0,0,0,0,0,0,0,0,0,0,0,39.9569,-75.1538, , 
13853,178119,2016061693,6,67,67301,2016,6,6,230,2,3,1,0,7,4, , ,N,0,0,0,3,0,0,1,1,N,N,39 53:57.009,75 10:40.516,235, ,230,1,1,2, , ,0,N, , , , , , , , ,1,0,0,0,0,0,1,0,0,0,0,0,0,0,0,0,0,0,0,0,0,0,0,0,0,0,0,0,0,0,0,0,0,0,0,0,0,39.8992,-75.1779, , 
13854,178122,2016062604,6,67,67301,2016,5,3,1641,16,1,1,0,4,1, , ,N,1,2,0,3,0,1,4,2,N,N,40 02:06.731,75 08:43.670,1705, ,1700, ,0, ,N, ,3, , , , , , , , , ,2,2,0,0,0,0,0,0,0,0,0,1,1,0,0,0,0,0,0,0,0,0,0,0,0,0,0,0,0,0,0,0,0,0,0,4,0,40.0352,-75.1455, , 
13855,178132,2016080203,6,67,67301,2016,7,3,1935,19,1,1,0,4,1, , ,N,3,2,0,3,0,2,3,2,N,N,39 58:21.476,75 13:03.992,1955, ,1947, ,0, ,N, ,3, , , , , , , , , ,2,1,0,0,0,0,1,0,0,0,0,0,2,2,0,0,0,0,0,0,0,0,0,1,0,0,0,0,0,0,0,0,0,0,0,8,0,39.9726,-75.2178, , 
13856,178137,2016084627,6,67,67301,2016,8,4,1450,14,1,1,0,4,1, , ,N,0,0,0,3,0,1,4,2,N,N,39 57:46.096,75 12:10.780,1503, ,1452, ,0, ,N, ,0, , , , , , , , , ,1,1,0,0,0,0,0,0,1,0,0,0,1,1,0,0,0,0,0,0,0,0,0,0,0,0,0,0,0,0,0,0,0,0,0,8,0,39.9628,-75.203, , 
13857,178151,2016089949,6,67,67301,2016,8,5,2256,22,3,1,0,8,1, , ,N,1,3,0,3,0,1,2,2,N,N,39 58:01.462,75 14:37.589,200, ,142, ,0, ,N, ,3, , , , , , , , , ,1,0,0,0,1,0,0,0,0,0,1,0,1,0,1,0,0,0,0,0,0,0,0,0,0,0,0,0,0,0,0,0,1,0,0,3,0,39.9671,-75.2438, , 
13858,178168,2016058747,6,67,67301,2016,6,4,1012,10,1,1,0,1,1, , ,N,6,0,2,3,0,0,2,2,N,N,39 57:06.151,75 08:29.297,1023, ,1012, ,0, , , ,0, , , , , , , , , ,2,1,0,0,0,0,1,0,0,0,0,0,0,0,0,0,0,0,0,0,0,0,0,0,0,0,0,0,0,0,0,0,0,0,0,0,0,39.9517,-75.1415, , 
13859,178172,2016061247,6,67,67301,2016,5,3,1421,14,1,1,0,4,1, , ,N,1,0,0,3,0,0,3,3,N, ,39 55:12.482,75 14:27.117,1434, ,1422, ,0, , , ,0, , , , , , , , , ,3,3,0,0,0,0,0,0,0,0,0,0,0,0,0,0,0,0,0,0,0,0,0,0,0,0,0,0,0,0,0,0,0,0,0,0,0,39.9201,-75.2409, , 
13860,178177,2016064064,6,67,67301,2016,6,2,1850,18,1,1,0,4,1, , ,N,1,2,0,3,0,1,2,2,N,N,39 57:12.138,75 10:17.638,1910, ,1903, ,0, ,N, ,3, , , , , , , , , ,2,1,0,0,1,0,0,0,0,0,0,1,1,0,0,0,0,0,0,0,0,1,0,0,0,0,0,0,0,0,0,0,0,0,0,4,0,39.9534,-75.1716, , 
13861,178205,2016056030,6,67,67301,2016,5,7,1400,14,1,1,0,1,1, , ,N,0,0,0,3,0,1,1,2,N, ,40 02:30.700,75 03:41.300,1411, ,1404,3,2,4, , ,0,Y, , , , , , , , ,2,1,0,0,1,0,0,0,0,0,0,1,1,0,0,0,0,0,0,0,0,0,0,0,0,0,0,0,0,0,0,0,0,0,0,4,0,40.0419,-75.0615, , 
13862,178226,2016082200,6,67,67301,2016,7,4,845,8,3,1,0,8,1, , ,N,1,2,0,3,0,1,2,2,N,N,39 59:31.730,75 05:57.398,20, ,19, ,0, , , ,3, , , , , , , , , ,1,1,0,0,0,0,0,0,0,0,0,0,1,1,0,0,0,0,0,0,1,0,0,1,0,0,0,0,0,0,0,0,1,0,0,8,0,39.9921,-75.0993, , 
13863,178233,2016096622,6,67,67301,2016,8,2,1503,15,1,1,0,8,1, , ,N,1,2,0,3,0,1,2,2,N,N,40 04:40.774,75 12:38.329,1520, ,1514, ,0, ,N, ,3, , , , , , , , , ,1,1,0,0,0,0,0,0,0,0,0,1,1,0,0,0,0,0,0,0,0,1,0,1,0,0,0,0,0,0,0,0,1,0,0,4,0,40.078,-75.2106, , 
13864,178244,2016105816,6,67,67301,2016,9,5,1543,15,1,1,0,1,1, , ,N,0,0,0,3,0,0,4,3,N,N,40 00:07.131,75 05:46.626,1908, ,1900, ,0, ,N, ,0, , , , , , , , , ,3,1,0,0,0,0,2,0,0,0,0,0,0,0,0,0,0,0,0,0,1,0,0,0,0,0,0,0,0,0,0,0,0,0,0,0,0,40.002,-75.0963, , 
13865,178262,2016062729,6,67,67301,2016,6,2,1756,17,1,1,0,1,1, , ,N,0,0,0,3,0,1,3,2,N,N,39 55:38.059,75 11:43.428,1812, ,1800,1,2,3, , ,0,N, , , , , , , , ,2,2,0,0,0,0,0,0,0,0,0,0,1,1,0,0,0,0,0,0,0,0,0,0,0,0,0,0,0,0,0,0,0,0,0,8,0,39.9272,-75.1954, , 
13866,178264,2016065727,6,67,67301,2016,6,7,56,0,3,1,0,1,1, , ,N,0,0,0,3,0,1,2,2,N, ,40 00:55.607,75 08:59.223,115, ,105,3,1,1, , ,0,Y, , , , , , , , ,2,1,0,0,0,0,1,0,0,0,0,0,1,1,0,0,0,0,0,0,0,0,0,1,0,0,0,0,0,0,0,0,0,0,0,8,0,40.0154,-75.1498, , 
13867,178266,2016068670,6,67,67301,2016,6,7,2025,20,4,1,0,4,1, , ,N,1,2,0,3,0,1,3,2,N, ,39 58:15.733,75 09:20.582,2037, ,2028, ,0, , , ,3, , , , , , , , , ,2,1,0,0,0,0,1,0,0,0,0,0,1,1,0,0,0,0,0,0,0,1,0,0,0,0,0,0,0,0,0,0,0,0,0,8,0,39.9709,-75.1557, , 
13868,178275,2016084765,6,67,67301,2016,8,2,1444,14,1,1,0,1,1, , ,N,0,0,0,3,0,0,2,2,N,N,39 57:33.578,75 08:25.990,1504, ,1447, ,0, , , ,0, , , , , , , , , ,2,1,0,0,0,0,0,1,0,0,0,0,0,0,0,0,0,0,0,0,1,0,0,0,0,0,0,0,0,0,0,0,0,0,0,0,0,39.9593,-75.1406, , 
13869,178285,2016080650,6,67,67301,2016,7,4,2218,22,3,1,0,1,6, , ,N,0,0,0,3,0,0,2,2,N, ,39 57:25.155,75 09:25.774,2218, ,2218, ,0, , , ,0, , , , , , , , , ,2,1,0,0,0,0,1,0,0,0,0,0,0,0,0,0,0,0,0,0,0,0,0,0,0,0,0,0,0,0,0,0,0,0,0,0,0,39.957,-75.1572, , 
13870,175643,2016033793,6,67,67301,2016,3,6,2338,23,3,1,1,5,6, , ,N,0,0,0,3,0,0,1,3,N, ,40 01:37.534,75 06:41.810,10, ,2358,2,1,1, , ,0,N, , , , , , , , ,3,3,0,0,0,0,0,0,0,0,0,0,0,0,0,0,0,0,0,0,0,0,0,1,0,0,0,0,0,0,0,0,0,0,0,0,0,40.0271,-75.1116, , 
13871,175644,2016033847,6,67,67301,2016,3,3,1402,14,1,2,1,4,1, , ,N,1,2,0,3,0,0,3,3,N,N,39 57:42.288,75 09:27.800,1402, ,1402, ,0, , , ,3, , , , , , , , , ,3,2,0,0,0,0,1,0,0,0,0,0,0,0,3,0,0,0,0,0,0,0,0,0,0,0,0,0,0,0,0,0,0,0,0,9,0,39.9617,-75.1577, , 
13872,175660,2016013999,6,67,67301,2016,1,4,2140,21,3,1,0,5,1, , ,N,0,0,0,3,0,0,2,2,N,N,39 57:12.474,75 09:59.983,2150, ,2145, ,0, , , ,0, , , , , , , , , ,2,2,0,0,0,0,0,0,0,0,0,0,0,0,0,0,0,0,0,0,0,0,0,1,0,0,0,0,0,0,0,0,0,0,0,0,0,39.9535,-75.1667, , 
13873,175666,2016019211,6,67,67301,2016,1,6,2118,21,3,1,0,0,1, , ,N,0,0,0,3,0,0,3,2,N,N,40 03:12.113,74 59:12.000,2145, ,2125, ,0, , , ,0, , , , , , , , , ,2,1,0,0,0,1,0,0,0,0,0,0,0,0,0,0,0,0,0,0,0,0,0,0,0,0,0,0,0,0,0,0,0,0,0,0,0,40.0534,-74.9867, , 
13874,175678,2016038283,6,67,67301,2016,4,7,701,7,1,2,1,9,1, , ,N,0,0,0,3,0,0,1,1,N,N,39 58:20.951,75 11:37.343,717, ,701,1,2,3, , ,0,N, , , , , , , , ,1,0,0,0,0,0,1,0,0,0,0,0,0,0,0,0,0,0,0,0,1,0,0,0,0,0,0,0,0,0,0,0,0,0,0,0,0,39.9725,-75.1937, , 
13875,175686,2016050839,6,67,67301,2016,4,3,1730,17,1,1,0,3,1, , ,N,0,0,0,3,0,2,3,2, , ,40 00:13.365,75 09:24.230,0, ,0, ,0, , , ,0, , , , , , , , , ,2,2,0,0,0,0,0,0,0,0,2,0,2,0,1,0,0,0,0,0,1,0,0,0,0,0,0,0,0,0,0,0,0,0,0,3,0,40.0037,-75.1567, , 
13876,175690,2016058591,6,67,67301,2016,5,5,2218,22,3,1,0,7,4, , ,N,1,2,0,3,0,0,2,2,N, ,40 00:37.002,75 09:33.091,1, ,2355, ,0, , , ,3, , , , , , , , , ,1,0,0,0,0,0,1,0,0,0,0,0,0,0,0,0,0,0,1,0,0,0,0,0,0,0,0,0,0,0,0,0,0,0,0,0,0,40.0103,-75.1592, , 
13877,175714,2016072397,6,67,67301,2016,6,4,1701,17,1,1,0,1,1, , ,N,0,0,0,3,0,1,2,2,N,N,39 58:59.947,75 12:29.481,1706, ,1703, ,0, , , ,0, , , , , , , , , ,2,1,0,0,1,0,0,0,0,0,0,1,1,0,0,0,0,0,0,0,2,0,0,0,0,0,0,0,0,0,0,0,0,0,0,4,0,39.9833,-75.2082, , 
13878,175719,2016078048,6,67,67301,2016,8,2,321,3,3,1,0,7,4,1,4,Y,0,0,0,3,0,0,1,1,N,N,39 58:43.772,75 06:34.336,326,45,322,1,2,1, , ,0,N,N,N,N,N,N,N,N,Y,1,1,0,0,0,0,0,0,0,0,0,0,0,0,0,0,0,0,0,0,0,0,0,0,0,0,0,0,0,0,0,0,0,0,0,0,0,39.9788,-75.1095, , 
13879,175733,2016088038,6,46,46102,2016,8,2,1614,16,1,1,0,1,1, , ,N,0,2,0,3,0,0,2,2,N,N,40 04:06.217,75 08:53.733,1618, ,1617,2,1,4,N, ,3,N, , , , , , , , ,2,1,0,0,0,0,0,1,0,0,0,0,0,0,0,0,0,0,0,0,0,0,0,0,0,0,0,0,0,0,0,0,0,0,0,0,0,40.0684,-75.1483, , 
13880,175735,2016082353,6,67,67301,2016,7,1,255,2,3,2,1,5,6, , ,N,0,0,0,3,0,1,2,4,N,N,39 58:07.165,75 09:36.414,300, ,300, ,0, , , ,0, , , , , , , , , ,4,2,0,0,1,0,1,0,0,0,0,0,1,1,0,0,0,0,0,0,0,0,0,0,0,0,0,0,0,0,0,0,0,0,0,8,0,39.9687,-75.1601, , 
13881,175737,2016082371,6,67,67301,2016,7,1,235,2,3,1,1,4,1, , ,N,2,2,2,3,0,1,3,2,N,N,39 58:28.976,75 11:54.231,245, ,241, ,0, ,N, ,3, , , , , , , , , ,2,1,0,0,0,0,1,0,0,0,0,1,1,0,2,0,0,0,0,0,0,0,0,0,0,0,0,0,0,0,0,0,0,0,0,4,0,39.9746,-75.1992, , 
13882,175772,2016033780,6,67,67301,2016,3,2,800,8,1,2,1,4,1, , ,N,2,3,0,3,0,1,3,2,N,N,39 55:16.600,75 09:42.307,1815, ,1810, ,0, ,N, ,3, , , , , , , , , ,1,1,0,0,0,0,0,0,1,0,0,1,1,0,0,0,0,0,0,0,0,0,0,0,0,0,0,0,0,0,0,0,0,0,0,4,0,39.9213,-75.1618, , 
13883,175778,2016040910,6,67,67301,2016,4,2,30,0,3,1,0,7,4, , ,N,0,0,0,3,0,0,1,1,N, ,40 04:00.598,75 10:52.935,45, ,38, ,0, , , ,0, , , , , , , , , ,1,1,0,0,0,0,0,0,0,0,0,0,0,0,1,0,0,0,0,0,0,0,0,0,0,0,0,0,0,0,0,0,0,0,0,9,0,40.0668,-75.1814, , 
13884,175802,2016007508,6,67,67301,2016,1,6,2110,21,3,1,0,4,1, , ,N,2,2,0,3,0,0,4,2,N,N,40 02:21.792,75 10:39.889,2115, ,2112, ,0, ,N, ,3, , , , , , , , , ,2,2,0,0,0,0,0,0,0,0,0,0,0,0,0,0,1,0,0,0,0,0,0,0,0,0,0,0,0,0,0,0,0,0,0,0,0,40.0394,-75.1777, , 
13885,175816,2016026856,6,67,67301,2016,2,2,1009,10,1,1,0,1,6, , ,N,0,0,0,3,0,1,1,2,N,N,40 03:07.681,75 05:44.635,1021, ,1018,1,1,1, , ,0,N, , , , , , , , ,2,0,0,0,1,0,1,0,0,1,0,0,1,0,0,0,0,0,0,0,1,0,0,0,0,0,0,0,0,0,0,0,0,0,0,2,0,40.0521,-75.0957, , 
13886,175829,2016041421,6,67,67301,2016,3,3,1945,19,3,1,0,1,1, , ,N,3,0,2,3,0,1,3,2,N,N,39 53:36.293,75 14:09.945,2017, ,2008,2,1,2,N, ,0,N, , , , , , , , ,2,1,0,0,0,0,1,0,0,0,0,1,1,0,0,0,0,0,0,0,0,0,0,0,0,0,0,0,0,0,0,0,0,0,0,4,0,39.8934,-75.2361, , 
13887,175868,2016080202,6,67,67301,2016,7,6,1755,17,1,1,0,1,1, , ,N,1,2,0,3,0,1,2,2,N,N,39 57:41.520,75 13:28.357,1840, ,1837, ,0, ,N, ,3, , , , , , , , , ,2,1,0,0,1,0,0,0,0,0,0,0,1,1,0,0,0,0,0,0,1,0,0,1,0,0,0,0,0,0,0,0,0,0,0,8,0,39.9615,-75.2245, , 
13888,175881,2016080196,6,67,67301,2016,7,7,1750,17,1,1,1,4,1, , ,N,1,2,0,3,0,1,5,3,N,N,39 59:23.112,75 07:03.787,1751, ,1750, ,0, , , ,3, , , , , , , , , ,3,1,0,0,1,0,0,1,0,0,0,0,1,1,0,0,0,0,0,0,0,0,0,0,0,0,0,0,0,0,0,0,0,0,0,8,0,39.9898,-75.1177, , 
13889,169716,2016052291,6,67,67301,2016,4,7,1345,13,1,1,0,7,4, , ,N,0,0,0,3,0,0,1,1,N, ,39 55:49.951,75 11:56.490,1405, ,1359, ,0, , , ,0, , , , , , , , , ,1,1,0,0,0,0,0,0,0,0,0,0,0,0,0,0,0,0,0,0,0,0,0,1,0,0,0,0,0,0,0,0,0,0,0,0,0,39.9305,-75.199, , 
13890,169731,2016058094,6,67,67301,2016,5,7,1816,18,1,2,1,8,1, , ,N,0,0,0,3,1,0,2,2,N,N,39 58:00.942,75 14:33.020,1830, ,1823, ,0, ,N,0,0, , , , , , , , , ,1,1,0,0,0,0,0,0,0,0,0,0,0,0,0,0,0,0,0,0,0,0,0,0,0,0,0,0,0,0,0,0,1,1,0,1,0,39.9669,-75.2425,2, 
13891,169745,2016067856,6,67,67301,2016,5,1,110,1,3,1,0,5,6, , ,N,0,0,0,3,0,0,1,5,N,N,40 07:00.511,75 02:31.245,124, ,118, ,0, , , ,0, , , , , , , , , ,5,5,0,0,0,0,0,0,0,0,0,0,0,0,0,0,0,0,0,0,0,0,0,0,0,0,0,0,0,0,0,0,0,0,0,0,0,40.1168,-75.042, , 
13892,169753,2016080967,6,67,67301,2016,6,3,340,3,2,2,1,7,4, , ,N,0,0,1,3,0,1,1,1,N, ,39 55:18.136,75 11:25.690,400, ,350,2,2,1, , ,0,Y, , , , , , , , ,1,1,0,0,0,0,0,0,0,0,0,0,1,1,0,0,0,0,0,0,0,0,0,0,0,0,0,0,0,0,0,0,0,0,0,8,0,39.9217,-75.1905, , 
13893,169764,2016083636,6,46,46108,2016,8,2,1700,17,1,1,0,4,1, , ,N,1,2,0,3,0,0,3,2,N,N,40 05:09.951,75 12:42.717,1715, ,1709,1,1,1,N, ,3,N, , , , , , , , ,2,2,0,0,0,0,0,0,0,0,0,0,0,0,0,0,0,0,0,0,2,0,0,0,0,0,0,0,0,0,0,0,0,0,0,0,0,40.0861,-75.2119, , 
13894,169788,2016026851,6,67,67301,2016,2,7,1330,13,1,1,0,8,1, , ,N,1,3,0,3,0,1,2,2,N,N,39 57:42.562,75 13:35.561,1345, ,1340, ,0, ,N, ,3, , , , , , , , , ,1,1,0,0,0,0,0,0,0,0,0,0,1,1,0,0,0,0,0,0,1,0,0,0,0,0,0,0,0,0,0,0,1,0,0,8,0,39.9618,-75.2265, , 