objectid_1,objectid,crn,district,county,municipality,crash_year,crash_month,day_of_week,time_of_day,hour_of_day,illumination,weather,road_condition,collision_type,relation_to_road,work_zone_type,work_zone_loc,work_zone_ind,intersect_type,tcd_type,location_type,urban_rural,fatal_count,injury_count,person_count,total_units,sch_bus_ind,sch_zone_ind,latitude,longitude,arrival_tm,cons_zone_spd_lim,dispatch_tm,est_hrs_closed,lane_closed,ln_close_dir,ntfy_hiwy_maint,spec_juris_cd,tcd_func_cd,tfc_detour_ind,workers_pres,wz_close_detour,wz_flagger,wz_law_offcr_ind,wz_ln_closure,wz_moving,wz_other,wz_shlder_mdn,vehicle_count,automobile_count,motorcycle_count,bus_count,small_truck_count,heavy_truck_count,suv_count,van_count,bicycle_count,maj_inj_count,mod_inj_count,min_inj_count,tot_inj_count,unk_inj_deg_count,unk_inj_per_count,driver_count_16yr,driver_count_17yr,driver_count_18yr,driver_count_19yr,driver_count_20yr,driver_count_50_64yr,driver_count_65_74yr,driver_count_75plus,unbelted_occ_count,unb_death_count,unb_maj_inj_count,belted_death_count,belted_maj_inj_count,mcycle_death_count,mcycle_maj_inj_count,bicycle_death_count,bicycle_maj_inj_count,ped_count,ped_death_count,ped_maj_inj_count,max_severity_level,comm_veh_count,dec_lat,dec_long,rdwy_surf_type_cd,county_name
13895,169793,2016032080,6,67,67301,2016,3,3,2300,23,3,1,0,8,1, , ,N,1,0,0,3,0,1,2,2,N, ,40 00:09.964,75 07:32.368,9999, ,2215, ,0, , , ,0, , , , , , , , , ,1,1,0,0,0,0,0,0,0,0,1,0,1,0,0,0,0,0,0,0,0,0,0,1,0,0,0,0,0,0,0,0,1,0,0,3,0,40.0028,-75.1257, , 
13896,169807,2016044537,6,67,67301,2016,4,6,240,2,3,1,0,7,5, , ,N,2,0,0,3,0,0,1,1,N,N,40 00:02.181,75 09:29.033,350, ,349, ,0, ,N, ,0, , , , , , , , , ,1,1,0,0,0,0,0,0,0,0,0,0,0,0,1,0,0,0,0,0,0,0,0,0,0,0,0,0,0,0,0,0,0,0,0,9,0,40.0006,-75.1581, , 
13897,169815,2016053660,6,67,67301,2016,4,2,2036,20,3,1,0,8,1, , ,N,0,0,0,3,0,1,2,2,N, ,40 02:07.843,75 05:23.438,2045, ,2039, ,0, , , ,0, , , , , , , , , ,1,1,0,0,0,0,0,0,0,0,0,1,1,0,0,0,0,0,0,0,0,0,0,0,0,0,0,0,0,0,0,0,1,0,0,4,0,40.0355,-75.0898, , 
13898,169816,2016053719,6,67,67301,2016,5,1,1205,12,1,1,0,4,1, , ,N,1,2,0,3,0,6,7,3,N, ,40 01:27.922,75 08:48.832,1215, ,1210,2,2,1, , ,3,Y, , , , , , , , ,3,1,0,0,0,0,1,1,0,1,1,4,6,0,0,0,0,0,0,0,1,0,0,1,0,0,0,1,0,0,0,0,0,0,0,2,0,40.0244,-75.1469, , 
13899,169821,2016008021,6,67,67301,2016,1,6,747,7,1,1,0,1,1, , ,N,0,0,0,3,0,1,2,2,N,N,40 01:36.552,75 01:34.622,758, ,749,1,1,2, , ,0,N, , , , , , , , ,2,1,0,0,0,0,1,0,0,0,0,1,1,0,0,0,0,0,0,0,0,0,0,0,0,0,0,0,0,0,0,0,0,0,0,4,0,40.0268,-75.0263, , 
13900,169829,2016019374,6,67,67301,2016,2,3,2,0,3,7,4,7,3, , ,N,0,0,0,3,0,0,1,1,N,N,39 53:20.486,75 13:07.533,2, ,2, ,0, , , ,0, , , , , , , , , ,1,0,0,0,0,0,1,0,0,0,0,0,0,0,0,0,0,0,0,0,0,0,0,0,0,0,0,0,0,0,0,0,0,0,0,0,0,39.889,-75.2188, , 
13901,169836,2016026085,6,67,67301,2016,2,4,815,8,1,1,1,4,1, , ,N,1,2,0,3,0,1,2,2,N, ,40 00:54.831,75 08:59.392,828, ,825,1,1,2, , ,3,N, , , , , , , , ,2,1,0,0,0,0,1,0,0,0,0,1,1,0,0,0,0,0,0,0,0,1,0,0,0,0,0,0,0,0,0,0,0,0,0,4,0,40.0152,-75.1498, , 
13902,169841,2016036431,6,67,67301,2016,3,1,533,5,3,1,0,4,1, , ,N,1,2,0,3,0,1,2,2,N, ,40 01:57.810,75 06:23.231,541, ,539,1,1,1,N, ,3,Y, , , , , , , , ,2,1,0,0,0,0,1,0,0,0,0,0,1,1,1,0,0,0,0,0,1,0,0,0,0,0,0,0,0,0,0,0,0,0,0,8,0,40.0329,-75.1067, , 
13903,169850,2016048630,6,67,67301,2016,4,1,1500,15,1,1,0,5,1, , ,N,2,0,0,3,0,1,3,5,N, ,39 53:05.100,75 13:44.936,1548, ,1514, ,0, , , ,0, , , , , , , , , ,5,5,0,0,0,0,0,0,0,0,0,1,1,0,0,0,0,0,0,0,0,0,0,1,0,0,0,0,0,0,0,0,0,0,0,4,0,39.8848,-75.2291, , 
13904,169853,2016053800,6,67,67301,2016,5,4,1706,17,1,1,0,1,1, , ,N,0,0,0,3,0,1,3,3,N,N,40 01:39.308,75 11:30.930,1715, ,1706,1,1,2,N, ,0,N, , , , , , , , ,3,2,0,0,0,0,1,0,0,0,0,1,1,0,0,0,0,0,0,0,1,0,0,0,0,0,0,0,0,0,0,0,0,0,0,4,0,40.0276,-75.1919, , 
13905,169856,2016056066,6,67,67301,2016,5,2,720,7,1,1,0,4,1, , ,N,1,3,0,3,0,1,3,2,N,N,40 00:16.952,75 04:39.395,725, ,721,2,2,3, , ,3,Y, , , , , , , , ,2,1,0,0,0,0,1,0,0,0,0,0,1,1,0,0,0,0,0,0,0,0,0,0,0,0,0,0,0,0,0,0,0,0,0,8,0,40.0047,-75.0776, , 
13906,169863,2016063911,6,67,67301,2016,6,4,1930,19,1,1,1,4,1, , ,N,1,2,0,3,0,1,2,2,N,N,40 02:35.626,75 10:51.146,1933, ,1933, ,0, ,N, ,3, , , , , , , , , ,1,1,0,0,0,0,0,0,1,0,0,1,1,0,0,0,0,0,1,0,0,0,0,1,0,0,0,0,0,0,0,0,0,0,0,4,0,40.0432,-75.1809, , 
13907,172554,2016041054,6,67,67301,2016,4,6,410,4,3,1,0,4,1, , ,N,5,2,2,3,0,1,2,2,N,N,39 57:27.736,75 09:44.915,413, ,410, ,0, ,N, ,3, , , , , , , , , ,2,1,0,0,0,0,1,0,0,0,1,0,1,0,0,0,0,0,0,0,0,0,0,1,0,0,0,0,0,0,0,0,0,0,0,3,0,39.9577,-75.1624, , 
13908,172564,2016053269,6,67,67301,2016,5,7,2140,21,3,1,0,8,1, , ,N,0,0,1,3,0,1,3,2,N,N,39 59:26.194,75 07:26.859,2150, ,2145,3,2,1,N, ,0,Y, , , , , , , , ,1,1,0,0,0,0,0,0,0,0,0,0,1,1,0,0,0,0,0,0,0,0,0,1,0,0,0,0,0,0,0,0,1,0,0,8,0,39.9906,-75.1241, , 
13909,172589,2016033231,6,67,67301,2016,3,1,1701,17,1,1,0,0,1,1,4,Y,0,0,0,3,0,1,2,1,N,N,40 00:28.291,75 04:17.515,1725,45,1722, ,0, , , ,0, ,N,N,N,N,N,N,Y,Y,1,0,0,0,0,0,1,0,0,0,1,0,1,0,0,0,0,0,0,0,0,0,0,0,0,0,0,0,0,0,0,0,0,0,0,3,0,40.0079,-75.0715, , 
13910,172590,2016037901,6,67,67301,2016,4,6,1936,19,3,2,7,7,2, , ,N,0,0,0,3,0,0,1,1,N,N,39 55:20.782,75 08:51.235,1944, ,1941, ,0, , , ,0, , , , , , , , , ,1,0,0,0,0,0,1,0,0,0,0,0,0,0,0,0,0,0,0,0,0,0,0,0,0,0,0,0,0,0,0,0,0,0,0,0,0,39.9224,-75.1476, , 
13911,172591,2016038189,6,67,67301,2016,3,3,9999,99,1,7,0,4,1, , ,N,2,3,0,3,0,1,2,3,N, ,39 58:45.206,75 08:41.557,0, ,9999, ,0, , , ,3, , , , , , , , , ,3,1,0,0,0,0,1,1,0,0,0,0,1,1,0,0,0,0,0,0,0,0,1,2,0,0,0,0,0,0,0,0,0,0,0,8,0,39.9792,-75.1449, , 
13912,172592,2016039651,6,67,67301,2016,3,4,1945,19,3,1,0,4,1, , ,N,1,3,0,3,0,1,2,2,N, ,40 02:12.848,75 08:02.883,2115, ,2107, ,0, , , ,3, , , , , , , , , ,1,0,0,0,0,0,0,1,1,0,0,1,1,0,0,0,0,0,0,0,0,0,0,1,0,0,0,0,0,0,0,0,0,0,0,4,0,40.0369,-75.1341, , 
13913,172607,2016058686,6,67,67301,2016,5,7,2039,20,3,2,1,5,6, , ,N,0,0,0,3,0,1,1,2,N, ,39 59:52.039,75 07:50.619,2043, ,2040,2,2,1, , ,0,Y, , , , , , , , ,2,1,0,0,0,0,0,1,0,0,0,1,1,0,0,0,0,0,0,0,0,0,0,0,0,0,0,0,0,0,0,0,0,0,0,4,0,39.9978,-75.1307, , 
13914,172608,2016062610,6,67,67301,2016,5,1,1845,18,4,2,1,8,1, , ,N,1,2,0,3,0,1,2,2,N, ,39 56:11.083,75 13:08.439,2040, ,1845, ,0, , , ,3, , , , , , , , , ,1,0,0,0,0,0,1,0,0,0,1,0,1,0,1,0,0,0,0,0,0,0,0,0,0,0,0,0,0,0,0,0,1,0,0,3,0,39.9364,-75.219, , 
13915,172616,2016052270,6,67,67301,2016,4,6,1530,15,1,2,1,4,1, , ,N,1,2,0,3,0,0,3,2,N,N,39 56:43.472,75 10:47.006,1539, ,1531, ,0, , , ,3, , , , , , , , , ,2,0,0,0,0,0,2,0,0,0,0,0,0,0,2,0,0,0,0,0,1,1,0,2,0,0,0,0,0,0,0,0,0,0,0,9,0,39.9454,-75.1797, , 
13916,172633,2016080656,6,67,67301,2016,7,6,1615,16,1,1,0,1,6, , ,N,0,0,0,3,0,1,2,5,N,N,39 58:46.596,75 13:06.166,1622, ,1622,9,1,3,N, ,0,N, , , , , , , , ,5,2,0,0,1,0,2,0,0,0,0,1,1,0,0,0,0,0,0,0,0,0,0,0,0,0,0,0,0,0,0,0,0,0,0,4,0,39.9796,-75.2184, , 
13917,172643,2016092162,6,67,67301,2016,8,6,9999,99,1,1,0,5,1, , ,N,0,0,0,3,0,0,4,4,N, ,40 01:17.349,75 08:23.594,720, ,720,9,1,2, , ,0,N, , , , , , , , ,4,2,0,0,0,1,0,1,0,0,0,0,0,0,0,0,0,0,0,0,3,0,0,0,0,0,0,0,0,0,0,0,0,0,0,0,1,40.0215,-75.1399, , 
13918,172645,2016082362,6,67,67301,2016,7,7,1230,12,1,1,0,8,1, , ,N,1,2,0,3,0,1,2,2,N,N,40 00:14.125,75 13:14.515,1236, ,1235, ,0, , , ,3, , , , , , , , , ,1,0,0,0,0,0,1,0,0,0,0,0,1,1,0,0,0,0,0,0,0,0,0,0,0,0,0,0,0,0,0,0,1,0,0,8,0,40.0039,-75.2207, , 
13919,172673,2016013798,6,67,67301,2016,1,3,1957,19,3,1,1,4,1, , ,N,1,2,0,3,0,0,3,2,N, ,40 02:43.859,75 05:17.937,2000, ,2000, ,0, , , ,3, , , , , , , , , ,2,2,0,0,0,0,0,0,0,0,0,0,0,0,0,0,0,0,0,0,0,0,0,0,0,0,0,0,0,0,0,0,0,0,0,0,0,40.0455,-75.0883, , 
13920,172680,2016022461,6,67,67301,2016,2,1,1500,15,1,1,0,4,1, , ,N,1,2,0,3,0,1,2,2,N,N,39 59:31.996,75 14:44.598,1730, ,1723, ,0, , , ,3, , , , , , , , , ,2,2,0,0,0,0,0,0,0,0,0,0,1,1,0,0,0,0,0,0,2,0,0,0,0,0,0,0,0,0,0,0,0,0,0,8,0,39.9922,-75.2457, , 
13921,172692,2016029826,6,67,67301,2016,2,1,1215,12,1,1,0,4,1, , ,N,1,3,0,3,0,1,5,2,N,N,39 57:50.551,75 14:39.847,1220, ,1219, ,0, ,N, ,3, , , , , , , , , ,2,1,0,0,0,0,1,0,0,0,0,1,1,0,3,0,0,0,0,0,0,0,0,0,0,0,0,0,0,0,0,0,0,0,0,4,0,39.964,-75.2444, , 
13922,172696,2016033491,6,67,67301,2016,3,2,1400,14,1,2,1,5,1, , ,N,0,0,0,3,0,3,4,2,N,N,40 02:30.206,75 00:15.687,1516, ,1432, ,0, , , ,0, , , , , , , , , ,2,0,0,0,0,1,1,0,0,0,0,0,3,3,1,0,0,0,0,0,1,0,0,1,0,0,0,0,0,0,0,0,0,0,0,8,1,40.0417,-75.0044, , 
13923,172726,2016021277,6,67,67301,2016,2,5,1554,15,1,1,0,1,1, , ,N,0,0,0,3,0,1,2,2,N,N,39 59:00.390,75 05:51.695,1610, ,1559, ,0, , , ,0, , , , , , , , , ,2,2,0,0,0,0,0,0,0,0,0,0,1,1,0,0,0,0,0,0,1,0,0,1,0,0,0,0,0,0,0,0,0,0,0,8,0,39.9834,-75.0977, , 
13924,172738,2016033490,6,67,67301,2016,3,2,1132,11,1,2,1,7,2, , ,N,0,0,0,3,0,1,1,1,N,N,40 02:10.324,75 00:55.869,1144, ,1143, ,0, , , ,0, , , , , , , , , ,1,0,0,0,1,0,0,0,0,0,0,0,1,1,0,0,0,0,0,0,1,0,0,0,0,0,0,0,0,0,0,0,0,0,0,8,0,40.0362,-75.0155, , 
13925,178286,2016099659,6,67,67301,2016,9,3,1320,13,1,1,0,1,1, , ,N,2,3,0,3,0,1,6,2,N,N,40 00:02.181,75 09:29.033,1347, ,1325, ,0, ,N, ,3, , , , , , , , , ,2,1,0,0,1,0,0,0,0,0,0,1,1,0,0,0,0,0,0,0,1,0,0,3,0,0,0,0,0,0,0,0,0,0,0,4,0,40.0006,-75.1581, , 
13926,178287,2016097605,6,67,67301,2016,8,2,1129,11,1,1,0,4,1, , ,N,1,3,0,3,0,1,2,2,N,N,39 54:58.554,75 09:23.075,1155, ,1144, ,0, , , ,3, , , , , , , , , ,1,1,0,0,0,0,0,0,1,0,0,1,1,0,1,0,0,0,0,0,0,0,0,0,0,0,0,0,0,0,0,0,0,0,0,4,0,39.9163,-75.1564, , 
13927,178293,2016105921,6,67,67301,2016,9,7,1143,11,1,1,0,3,6, , ,N,0,0,0,3,0,0,1,4,N,N,39 55:42.339,75 14:31.257,1147, ,1144, ,0, , , ,0, , , , , , , , , ,4,3,0,0,0,0,1,0,0,0,0,0,0,0,1,0,0,0,0,0,0,0,0,0,0,0,0,0,0,0,0,0,0,0,0,9,0,39.9284,-75.242, , 
13928,178294,2016116645,6,67,67301,2016,9,6,735,7,1,1,0,2,1, , ,N,1,3,0,3,0,3,4,2,Y,N,40 02:11.698,75 01:48.835,800, ,758, ,0, ,N, ,3, , , , , , , , , ,2,1,0,1,0,0,0,0,0,0,0,1,3,2,0,0,0,0,0,1,1,0,0,0,0,0,0,0,0,0,0,0,0,0,0,4,1,40.0366,-75.0302, , 
13929,178319,2016092063,6,67,67301,2016,8,4,1855,18,1,1,0,4,1, , ,N,1,2,0,3,0,1,2,2,N,N,40 00:16.549,75 10:36.938,1900, ,1900, ,0, ,N, ,3, , , , , , , , , ,2,0,1,0,0,0,1,0,0,0,0,1,1,0,0,0,0,0,0,0,0,0,0,0,0,0,0,0,0,0,0,0,0,0,0,4,0,40.0047,-75.1769, , 
13930,178340,2016108113,6,67,67301,2016,10,2,700,7,1,1,0,8,1, , ,N,1,0,0,3,0,1,2,2,N,N,40 04:21.003,75 11:16.958,950, ,945, ,0, , , ,0, , , , , , , , , ,1,1,0,0,0,0,0,0,0,0,0,0,1,1,1,0,0,0,0,0,0,0,0,0,0,0,0,0,0,0,0,0,1,0,0,8,0,40.0725,-75.188, , 
13931,178351,2016065699,6,67,67301,2016,6,6,1325,13,1,1,0,4,1, , ,N,1,3,0,3,0,1,2,2,N,N,39 55:57.597,75 11:07.029,1338, ,1337, ,0, ,N, ,3, , , , , , , , , ,1,1,0,0,0,0,0,0,1,0,0,0,1,1,0,0,0,0,0,0,1,0,0,1,0,0,0,0,0,0,0,0,0,0,0,8,0,39.9327,-75.1853, , 
13932,178366,2016080305,6,67,67301,2016,6,3,235,2,3,1,0,7,4, , ,N,0,0,0,3,0,0,1,1,N,N,39 58:15.557,75 09:19.192,432, ,430, ,0, ,N, ,0, , , , , , , , , ,1,1,0,0,0,0,0,0,0,0,0,0,0,0,0,0,0,0,0,0,0,0,0,0,0,0,0,0,0,0,0,0,0,0,0,0,0,39.971,-75.1553, , 
13933,178367,2016080318,6,67,67301,2016,7,6,2020,20,4,1,0,7,4, , ,N,0,0,0,3,0,1,1,1,N, ,40 06:34.653,74 58:55.107,2040, ,2030, ,0, , , ,0, , , , , , , , , ,1,1,0,0,0,0,0,0,0,0,1,0,1,0,0,0,0,0,0,0,0,0,0,0,0,0,0,0,0,0,0,0,0,0,0,3,0,40.1096,-74.982, , 
13934,178370,2016084655,6,67,67301,2016,8,7,1940,19,1,1,0,5,1, , ,N,0,0,7,3,0,3,3,2,N, ,39 59:05.424,75 13:26.336,2002, ,1952, ,0, , , ,0, , , , , , , , , ,2,2,0,0,0,0,0,0,0,0,0,0,3,3,0,0,0,0,0,0,2,0,0,0,0,0,0,0,0,0,0,0,0,0,0,8,0,39.9848,-75.224, , 
13935,178400,2016067499,6,67,67301,2016,6,4,1649,16,1,1,0,1,1, , ,N,0,0,0,3,0,2,2,2,N,N,39 57:27.588,75 09:37.023,1659, ,1650,1,1,4, , ,0,N, , , , , , , , ,2,2,0,0,0,0,0,0,0,0,0,0,2,2,0,0,0,0,0,0,0,0,0,0,0,0,0,0,0,0,0,0,0,0,0,8,0,39.9577,-75.1603, , 
13936,178419,2016082265,6,67,67301,2016,7,2,2230,22,3,2,1,4,1, , ,N,2,0,0,3,0,1,2,2,N,N,39 53:10.780,75 14:56.533,2240, ,2235, ,0, ,N, ,0, , , , , , , , , ,2,1,0,0,0,0,1,0,0,0,0,1,1,0,0,0,0,0,0,0,1,0,0,0,0,0,0,0,0,0,0,0,0,0,0,4,0,39.8862,-75.2491, , 
13937,178420,2016082318,6,67,67301,2016,7,2,1845,18,1,2,1,4,1, , ,N,0,0,7,3,0,1,2,2,N, ,40 00:54.463,75 12:27.076,1850, ,1847, ,0, , , ,0, , , , , , , , , ,2,1,0,0,0,0,1,0,0,0,0,0,1,1,0,0,0,1,0,0,1,0,0,0,0,0,0,0,0,0,0,0,0,0,0,8,0,40.0151,-75.2075, , 
13938,178424,2016105809,6,67,67301,2016,9,4,1555,15,1,1,0,5,1, , ,N,2,3,0,3,0,1,2,2,N,N,39 54:14.630,75 13:34.143,1608, ,1601, ,0, ,N, ,3, , , , , , , , , ,2,1,0,0,1,0,0,0,0,0,0,0,1,1,0,0,0,0,0,0,0,0,0,0,0,0,0,0,0,0,0,0,0,0,0,8,0,39.9041,-75.2262, , 
13939,178432,2016097735,6,67,67301,2016,9,7,1235,12,1,1,0,4,1, , ,N,1,2,8,3,0,0,2,2,N,N,40 00:52.738,75 10:42.411,1240, ,1240,1,1,4,N, ,3,N, , , , , , , , ,2,2,0,0,0,0,0,0,0,0,0,0,0,0,0,0,0,0,0,0,0,0,0,0,0,0,0,0,0,0,0,0,0,0,0,0,0,40.0146,-75.1784, , 
13940,178441,2016092002,6,67,67301,2016,9,5,825,8,1,1,0,7,4, , ,N,0,8,3,3,0,3,5,4,N,N,39 54:29.066,75 08:45.906,825, ,825,2,1,4,N, ,3,N, , , , , , , , ,4,2,0,0,0,0,2,0,0,1,0,0,3,2,1,0,0,0,0,0,1,0,0,0,0,0,0,1,0,0,0,0,0,0,0,2,0,39.9081,-75.1461, , 
13941,178462,2016065653,6,67,67301,2016,6,1,156,1,3,1,0,8,1, , ,N,2,0,0,3,0,1,2,2,N,N,39 56:53.970,75 09:38.404,159, ,159,2,2,2, , ,0,Y, , , , , , , , ,1,1,0,0,0,0,0,0,0,0,0,1,1,0,0,0,0,0,0,0,0,0,0,0,0,0,0,0,0,0,0,0,1,0,0,4,0,39.9483,-75.1607, , 
13942,178473,2016083350,6,67,67301,2016,8,2,1015,10,1,9,8,1,1, , ,N,2,2,0,3,0,2,3,2,N,N,40 03:54.789,75 10:05.158,1758, ,1758, ,0, , , ,9, , , , , , , , , ,2,2,0,0,0,0,0,0,0,0,0,2,2,0,1,0,0,0,0,0,0,2,0,0,0,0,0,0,0,0,0,0,0,0,0,4,0,40.0652,-75.1681, , 
13943,175904,2016013709,6,67,67301,2016,1,7,115,1,3,2,1,7,4, , ,N,1,0,0,3,0,1,1,1,N,N,40 01:06.113,75 08:54.943,150, ,145, ,0, ,N, ,0, , , , , , , , , ,1,1,0,0,0,0,0,0,0,0,0,1,1,0,0,0,0,0,0,0,1,0,0,0,0,0,0,0,0,0,0,0,0,0,0,4,0,40.0184,-75.1484, , 
13944,175911,2016025964,6,67,67301,2016,2,4,1533,15,1,2,1,4,1, , ,N,2,2,0,3,0,6,7,2,N, ,39 56:25.699,75 11:14.495,1535, ,1533,2,2,7, , ,3,Y, , , , , , , , ,2,1,0,0,0,0,0,1,0,0,0,6,6,0,0,0,0,0,0,0,0,0,0,2,0,0,0,0,0,0,0,0,0,0,0,4,0,39.9405,-75.1874, , 
13945,175916,2016033489,6,67,67301,2016,3,1,317,3,3,1,0,7,5, , ,N,0,0,0,3,0,1,1,1,N,N,39 54:52.663,75 08:52.364,330, ,317,2,2,1, , ,0,N, , , , , , , , ,1,1,0,0,0,0,0,0,0,0,0,0,1,1,0,0,0,0,0,0,0,0,0,0,0,0,0,0,0,0,0,0,0,0,0,8,0,39.9146,-75.1479, , 
13946,175917,2016036499,6,67,67301,2016,3,1,1900,19,3,2,1,6,1, , ,N,0,0,0,3,0,0,6,4,N,N,39 59:07.148,75 12:43.768,1940, ,1936, ,0, ,N, ,0, , , , , , , , , ,4,2,0,0,1,0,1,0,0,0,0,0,0,0,0,0,0,0,0,0,0,1,0,1,0,0,0,0,0,0,0,0,0,0,0,0,0,39.9853,-75.2122, , 
13947,175920,2016037364,6,67,67301,2016,3,1,2340,23,3,1,0,5,6, , ,N,0,0,0,3,0,0,1,4,N,N,39 57:18.313,75 12:53.207,2349, ,2348, ,0, ,N, ,0, , , , , , , , , ,4,3,0,0,0,0,1,0,0,0,0,0,0,0,1,0,0,0,0,0,0,0,0,0,0,0,0,0,0,0,0,0,0,0,0,9,0,39.9551,-75.2148, , 
13948,175936,2016053644,6,67,67301,2016,5,7,1736,17,4,1,0,8,1, , ,N,2,0,0,3,0,1,2,2,N, ,39 57:30.700,75 14:51.629,1750, ,1737, ,0, , , ,0, , , , , , , , , ,1,1,0,0,0,0,0,0,0,0,0,0,1,1,0,0,0,0,0,0,0,0,0,1,0,0,0,0,0,0,0,0,1,0,0,8,0,39.9585,-75.2476, , 
13949,175954,2016082344,6,67,67301,2016,7,5,2021,20,1,1,0,4,1, , ,N,0,0,0,3,0,1,2,2,N, ,40 02:37.492,75 05:52.965,2023, ,2021, ,0, , , ,0, , , , , , , , , ,1,0,0,0,0,0,1,0,1,0,0,1,1,0,0,0,0,0,0,0,0,0,0,0,0,0,0,0,0,0,0,0,0,0,0,4,0,40.0437,-75.098, , 
13950,175974,2016106332,6,67,67301,2016,9,3,2035,20,3,1,0,4,4, , ,N,0,0,0,3,0,0,1,2,N,N,40 02:44.864,74 59:40.862,2045, ,2036, ,0, , , ,0, , , , , , , , , ,2,1,0,0,0,0,1,0,0,0,0,0,0,0,0,0,0,0,0,0,0,0,0,0,0,0,0,0,0,0,0,0,0,0,0,0,0,40.0458,-74.9947, , 
13951,175982,2016112169,6,67,67301,2016,10,1,1424,14,1,1,0,4,1, , ,N,2,3,0,3,0,1,3,2,N,N,40 01:21.316,75 09:26.420,1425, ,1425,1,1,3,N, ,3,Y, , , , , , , , ,2,1,0,0,0,0,0,1,0,0,0,1,1,0,0,0,0,0,0,0,0,0,0,0,0,0,0,0,0,0,0,0,0,0,0,4,0,40.0226,-75.1573, , 
13952,175984,2016111045,6,67,67301,2016,10,4,544,5,3,1,0,1,1, , ,N,0,0,0,3,0,0,5,5,N,N,39 55:00.491,75 11:24.197,548, ,544,1,1,4,N, ,0,N, , , , , , , , ,5,1,0,0,2,0,2,0,0,0,0,0,0,0,0,0,0,0,0,0,1,0,0,0,0,0,0,0,0,0,0,0,0,0,0,0,0,39.9168,-75.1901, , 
13953,176019,2016097174,6,67,67301,2016,8,4,9999,99,1,1,0,8,6, , ,N,0,0,0,3,0,1,2,2,N, ,40 02:16.959,75 08:37.915,1205, ,1201, ,0, , , ,0, , , , , , , , , ,1,0,0,0,0,0,1,0,0,0,0,1,1,0,0,0,0,0,0,0,0,0,0,0,0,0,0,0,0,0,0,0,1,0,0,4,0,40.038,-75.1439, , 
13954,176023,2016097122,6,67,67301,2016,8,4,750,7,1,1,0,5,6, , ,N,0,0,0,3,0,1,1,2,N,N,39 55:39.727,75 10:14.239,802, ,759, ,0, , , ,0, , , , , , , , , ,2,1,0,0,0,0,1,0,0,0,0,0,1,1,0,0,0,0,0,0,0,1,0,0,0,0,0,0,0,0,0,0,0,0,0,8,0,39.9277,-75.1706, , 
13955,176027,2016091625,6,67,67301,2016,8,4,1209,12,1,1,0,4,1, , ,N,1,2,0,3,0,1,2,2,N, ,40 02:30.166,75 03:40.132,1310, ,1300, ,0, , , ,3, , , , , , , , , ,2,2,0,0,0,0,0,0,0,0,0,1,1,0,0,0,0,0,0,0,1,0,0,0,0,0,0,0,0,0,0,0,0,0,0,4,0,40.0417,-75.0611, , 
13956,176046,2016013761,6,67,67301,2016,1,1,2015,20,3,1,1,2,1, , ,N,1,2,0,3,0,1,2,2,N, ,39 58:35.313,75 14:07.216,2021, ,2019,1,1,1, , ,3,N, , , , , , , , ,2,1,0,0,0,0,1,0,0,0,0,1,1,0,0,0,0,0,1,0,1,0,0,0,0,0,0,0,0,0,0,0,0,0,0,4,0,39.9765,-75.2353, , 
13957,176071,2016041267,6,67,67301,2016,4,2,403,4,3,2,1,7,4, , ,N,0,0,0,3,0,1,1,1,N,N,39 56:44.094,75 11:24.352,410, ,406,1,1,3, , ,0,N, , , , , , , , ,1,1,0,0,0,0,0,0,0,0,1,0,1,0,0,0,0,0,0,0,0,0,0,1,0,0,0,0,0,0,0,0,0,0,0,3,0,39.9456,-75.1901, , 
13958,176075,2016048596,6,67,67301,2016,4,2,1435,14,1,1,0,4,1, , ,N,2,3,0,3,0,1,2,2,N, ,40 01:53.367,75 05:37.564,1449, ,1447,1,2,4, , ,3,Y, , , , , , , , ,2,2,0,0,0,0,0,0,0,0,0,1,1,0,0,0,0,0,1,0,1,0,0,0,0,0,0,0,0,0,0,0,0,0,0,4,0,40.0315,-75.0938, , 
13959,176079,2016052285,6,67,67301,2016,4,7,945,9,1,1,0,4,1, , ,N,1,3,0,3,0,0,2,2,N,N,39 59:22.866,75 09:28.871,954, ,951, ,0, , , ,3, , , , , , , , , ,2,2,0,0,0,0,0,0,0,0,0,0,0,0,0,0,0,0,0,0,0,1,0,0,0,0,0,0,0,0,0,0,0,0,0,0,0,39.9897,-75.158, , 
13960,176093,2016013700,6,67,67301,2016,1,5,1248,12,1,1,0,1,1, , ,N,0,0,0,3,0,1,2,2,N,N,39 59:57.454,75 08:07.119,1255, ,1248, ,0, , , ,0, , , , , , , , , ,2,1,0,0,0,0,1,0,0,0,0,0,1,1,0,0,0,0,0,0,0,0,0,0,0,0,0,0,0,0,0,0,0,0,0,8,0,39.9993,-75.1353, , 
13961,169887,2016041006,6,67,67301,2016,3,4,900,9,1,1,0,1,1, , ,N,0,2,0,3,0,2,3,2,N, ,39 56:28.971,75 13:13.899,905, ,903, ,0, , , ,3, , , , , , , , , ,2,1,0,0,1,0,0,0,0,0,1,0,2,1,1,0,0,0,0,0,2,0,0,3,0,0,0,0,0,0,0,0,0,0,0,3,0,39.9414,-75.2205, , 