objectid_1,objectid,crn,district,county,municipality,crash_year,crash_month,day_of_week,time_of_day,hour_of_day,illumination,weather,road_condition,collision_type,relation_to_road,work_zone_type,work_zone_loc,work_zone_ind,intersect_type,tcd_type,location_type,urban_rural,fatal_count,injury_count,person_count,total_units,sch_bus_ind,sch_zone_ind,latitude,longitude,arrival_tm,cons_zone_spd_lim,dispatch_tm,est_hrs_closed,lane_closed,ln_close_dir,ntfy_hiwy_maint,spec_juris_cd,tcd_func_cd,tfc_detour_ind,workers_pres,wz_close_detour,wz_flagger,wz_law_offcr_ind,wz_ln_closure,wz_moving,wz_other,wz_shlder_mdn,vehicle_count,automobile_count,motorcycle_count,bus_count,small_truck_count,heavy_truck_count,suv_count,van_count,bicycle_count,maj_inj_count,mod_inj_count,min_inj_count,tot_inj_count,unk_inj_deg_count,unk_inj_per_count,driver_count_16yr,driver_count_17yr,driver_count_18yr,driver_count_19yr,driver_count_20yr,driver_count_50_64yr,driver_count_65_74yr,driver_count_75plus,unbelted_occ_count,unb_death_count,unb_maj_inj_count,belted_death_count,belted_maj_inj_count,mcycle_death_count,mcycle_maj_inj_count,bicycle_death_count,bicycle_maj_inj_count,ped_count,ped_death_count,ped_maj_inj_count,max_severity_level,comm_veh_count,dec_lat,dec_long,rdwy_surf_type_cd,county_name
13962,169895,2016053909,6,67,67301,2016,5,5,1624,16,1,1,0,7,2, , ,N,0,0,0,3,0,0,2,2,N,N,39 59:06.231,75 05:40.901,1636, ,1627, ,0, , , ,0, , , , , , , , , ,2,1,0,0,0,0,0,1,0,0,0,0,0,0,0,0,0,0,0,0,0,0,0,0,0,0,0,0,0,0,0,0,0,0,0,0,0,39.9851,-75.0947, , 
13963,169898,2016056054,6,67,67301,2016,5,7,44,0,3,1,0,4,1, , ,N,1,3,0,3,0,1,3,2,N, ,39 58:46.488,75 10:33.466,200, ,44, ,0, , , ,9, , , , , , , , , ,2,1,0,0,0,0,0,1,0,1,0,0,1,0,1,0,0,0,0,0,1,0,0,2,0,1,0,0,0,0,0,0,0,0,0,2,0,39.9796,-75.176, , 
13964,169902,2016057279,6,67,67301,2016,4,6,140,1,3,1,0,7,4, , ,N,0,0,0,3,0,1,1,1,N,N,40 02:28.000,75 11:13.700,155, ,144, ,0, ,N, ,0, , , , , , , , , ,1,0,0,0,0,0,1,0,0,0,0,1,1,0,0,0,0,0,0,0,0,0,0,0,0,0,0,0,0,0,0,0,0,0,0,4,0,40.0411,-75.1871, , 
13965,169922,2016019784,6,67,67301,2016,2,3,1908,19,3,1,4,4,1, , ,N,2,3,0,3,0,1,2,2,N,N,40 01:47.161,75 04:00.307,1912, ,1912, ,0, ,N, ,3, , , , , , , , , ,1,0,0,0,0,0,1,0,1,0,1,0,1,0,0,0,0,0,0,0,0,0,0,1,0,0,0,0,0,0,0,0,0,0,0,3,0,40.0298,-75.0668, , 
13966,169932,2016032072,6,46,46108,2016,3,6,1120,11,1,1,0,4,1, , ,N,1,2,0,3,0,2,3,2,N,N,40 04:26.842,75 11:26.959,1123, ,1120, ,0, ,N, ,3, , , , , , , , , ,2,2,0,0,0,0,0,0,0,0,0,0,2,2,0,0,0,0,0,0,1,0,1,0,0,0,0,0,0,0,0,0,0,0,0,8,0,40.0741,-75.1909, , 
13967,169935,2016038882,6,67,67301,2016,3,5,124,1,3,1,0,7,2, , ,N,0,0,0,3,0,0,1,1,N,N,39 57:35.463,75 10:43.002,139, ,128, ,0, , , ,0, , , , , , , , , ,1,0,0,0,0,0,0,1,0,0,0,0,0,0,0,0,0,0,0,0,1,0,0,0,0,0,0,0,0,0,0,0,0,0,0,0,0,39.9599,-75.1786, , 
13968,169942,2016040906,6,67,67301,2016,4,6,113,1,3,2,1,7,4, , ,N,0,0,0,3,0,1,1,1,N,N,40 01:31.989,75 09:15.673,120, ,117, ,0, , , ,0, , , , , , , , , ,1,1,0,0,0,0,0,0,0,0,0,0,1,1,0,0,0,0,0,0,0,0,0,0,0,0,0,0,0,0,0,0,0,0,0,8,0,40.0256,-75.1544, , 
13969,169950,2016046979,6,67,67301,2016,4,1,2335,23,3,1,0,8,1, , ,N,1,0,0,3,0,1,2,2,N,N,40 02:38.360,75 01:53.896,2346, ,2346, ,0, ,N, ,0, , , , , , , , , ,1,0,0,0,0,0,0,0,0,0,0,1,1,0,1,0,0,0,0,0,0,0,0,0,0,0,0,0,0,0,0,0,1,0,0,4,0,40.044,-75.0316, , 
13970,169966,2016014012,6,67,67301,2016,1,2,0,0,3,1,0,4,1, , ,N,1,2,0,3,0,1,2,2,N,N,40 03:12.464,75 03:17.783,10, ,5, ,0, ,N, ,3, , , , , , , , , ,2,2,0,0,0,0,0,0,0,0,1,0,1,0,0,0,0,0,0,0,0,0,0,0,0,0,0,0,0,0,0,0,0,0,0,3,0,40.0535,-75.0549, , 
13971,169994,2016044560,6,67,67301,2016,4,6,1702,17,1,1,0,4,1, , ,N,1,3,0,3,0,1,2,2,N,N,39 57:32.256,75 14:07.331,1715, ,1702, ,0, , , ,3, , , , , , , , , ,1,1,0,0,0,0,0,0,1,0,0,1,1,0,0,0,0,0,0,0,0,0,1,0,0,0,0,0,0,0,0,0,0,0,0,4,0,39.959,-75.2354, , 
13972,170001,2016053652,6,67,67301,2016,5,1,1518,15,1,2,1,8,1, , ,N,1,2,0,3,0,1,2,2,N,N,39 56:59.100,75 10:03.072,1536, ,1533, ,0, ,N, ,3, , , , , , , , , ,1,1,0,0,0,0,0,0,0,0,1,0,1,0,0,0,0,0,0,0,0,0,0,0,0,0,0,0,0,0,0,0,1,0,0,3,0,39.9497,-75.1674, , 
13973,170025,2016026871,6,67,67301,2016,2,7,1717,17,3,1,0,1,1, , ,N,0,0,0,3,0,3,5,2,N, ,40 03:48.540,75 08:27.840,1820, ,1812,2,2,2, , ,0,Y, , , , , , , , ,2,1,0,0,0,0,1,0,0,0,0,3,3,0,0,0,0,0,0,0,0,0,0,0,0,0,0,0,0,0,0,0,0,0,0,4,0,40.0635,-75.1411, , 
13974,170030,2016033102,6,67,67301,2016,3,5,1713,17,1,7,0,8,1, , ,N,0,0,0,3,0,1,2,2,N, ,40 00:56.218,75 04:16.807,1728, ,1722, ,0, , , ,0, , , , , , , , , ,1,0,0,0,1,0,0,0,0,0,0,1,1,0,0,0,0,0,0,0,0,0,0,1,0,0,0,0,0,0,0,0,1,0,0,4,0,40.0156,-75.0713, , 
13975,170109,2016052385,6,67,67301,2016,4,1,715,7,1,1,0,8,1, , ,N,1,2,0,3,0,1,2,2,N, ,40 02:20.942,75 06:36.006,1342, ,1341, ,0, , , ,3, , , , , , , , , ,1,0,0,0,0,0,1,0,0,0,1,0,1,0,1,0,0,0,0,0,1,0,0,0,0,0,0,0,0,0,0,0,1,0,0,3,0,40.0392,-75.11, , 
13976,170120,2016066369,6,67,67301,2016,6,5,757,7,1,1,0,0,1, , ,N,1,2,0,3,0,0,1,2,N,N,40 00:19.857,75 06:19.237,850, ,835,4,1,4,N, ,3,N, , , , , , , , ,1,0,0,0,0,1,0,0,0,0,0,0,0,0,0,0,0,0,0,0,1,0,0,0,0,0,0,0,0,0,0,0,0,0,0,0,1,40.0055,-75.1053, , 
13977,170132,2016079820,6,67,67301,2016,7,2,1918,19,4,2,1,7,4, , ,N,0,0,0,3,0,3,4,1,N,N,39 53:34.600,75 13:25.000,1918, ,1918,2,1,2, , ,0,N, , , , , , , , ,1,1,0,0,0,0,0,0,0,0,3,0,3,0,0,1,0,0,0,0,0,0,0,2,0,0,0,0,0,0,0,0,0,0,0,3,0,39.8929,-75.2236, , 
13978,170133,2016080501,6,67,67301,2016,7,6,1900,19,1,1,0,4,1, , ,N,3,0,0,3,0,1,3,2,N,N,39 58:30.244,75 10:05.352,1925, ,1900, ,0, , , ,0, , , , , , , , , ,2,1,1,0,0,0,0,0,0,0,1,0,1,0,0,0,0,0,0,1,0,0,0,0,0,0,0,0,0,0,0,0,0,0,0,3,0,39.9751,-75.1682, , 
13979,172751,2016052992,6,67,67301,2016,4,6,1334,13,1,1,0,1,1, , ,N,0,0,0,3,0,3,5,3,N,N,39 57:58.720,75 08:09.637,1416, ,1336, ,0, , , ,0, , , , , , , , , ,3,0,0,0,1,1,0,1,0,0,3,0,3,0,0,0,0,0,0,0,1,0,0,0,0,0,0,0,0,0,0,0,0,0,0,3,2,39.9663,-75.136, , 
13980,172773,2016019763,6,67,67301,2016,1,6,619,6,1,1,1,7,4, , ,N,0,0,0,3,1,0,1,1,N, ,39 59:37.178,75 14:32.817,630, ,619, ,0, , ,0,0, , , , , , , , , ,1,1,0,0,0,0,0,0,0,0,0,0,0,0,0,0,0,0,0,0,1,0,0,0,0,0,0,0,0,0,0,0,0,0,0,1,0,39.9937,-75.2424,2, 
13981,172774,2016019872,6,67,67301,2016,1,6,1320,13,1,1,0,4,1, , ,N,1,3,0,3,0,1,2,2,N, ,40 01:36.217,75 03:22.736,1402, ,1401, ,0, , , ,3, , , , , , , , , ,2,0,0,0,1,0,1,0,0,0,0,0,1,1,0,0,0,0,0,0,1,0,0,0,0,0,0,0,0,0,0,0,0,0,0,8,0,40.0267,-75.0563, , 
13982,172780,2016026164,6,67,67301,2016,2,5,1400,14,1,1,0,5,1, , ,N,0,0,0,3,0,2,3,2,N,N,39 58:12.411,75 09:33.284,1410, ,1403, ,0, , , ,0, , , , , , , , , ,2,1,0,0,0,0,0,1,0,0,0,2,2,0,0,0,0,0,0,0,0,0,0,1,0,0,0,0,0,0,0,0,0,0,0,4,0,39.9701,-75.1592, , 
13983,172783,2016028836,6,67,67301,2016,3,1,1321,13,1,1,0,1,1, , ,N,0,0,0,3,0,0,2,2,N,N,39 58:48.509,75 12:19.045,1332, ,1322,2,1,3, , ,0,N, , , , , , , , ,2,2,0,0,0,0,0,0,0,0,0,0,0,0,0,0,0,0,0,0,2,0,0,0,0,0,0,0,0,0,0,0,0,0,0,0,0,39.9801,-75.2053, , 
13984,172792,2016039687,6,67,67301,2016,3,2,1238,12,1,1,0,5,1, , ,N,1,2,0,3,0,0,3,2,N,N,40 01:38.690,75 07:30.352,1245, ,1239,3,2,2,N, ,3,Y, , , , , , , , ,2,2,0,0,0,0,0,0,0,0,0,0,0,0,0,0,0,0,0,0,1,0,0,3,0,0,0,0,0,0,0,0,0,0,0,0,0,40.0274,-75.1251, , 
13985,172797,2016045345,6,67,67301,2016,4,3,1950,19,3,1,0,5,1, , ,N,0,0,0,3,0,4,5,2,N,N,39 58:46.408,75 13:30.869,2040, ,2005, ,0, ,N, ,0, , , , , , , , , ,2,0,0,1,0,0,0,1,0,0,0,4,4,0,0,0,0,0,0,0,0,0,0,1,0,0,0,0,0,0,0,0,0,0,0,4,1,39.9796,-75.2252, , 
13986,172803,2016053724,6,67,67301,2016,5,3,1848,18,1,1,0,8,1, , ,N,1,2,0,3,0,1,2,2,N,N,40 02:08.965,75 10:29.000,1920, ,1917, ,0, , , ,3, , , , , , , , , ,1,0,0,0,0,0,0,0,0,0,0,0,1,1,0,0,0,0,0,0,0,0,0,0,0,0,0,0,0,0,0,0,1,0,0,8,0,40.0358,-75.1747, , 
13987,172807,2016058567,6,67,67301,2016,5,3,2210,22,3,1,0,4,1, , ,N,1,3,0,3,0,4,6,2,N,N,40 00:42.501,75 06:35.945,43, ,41, ,0, ,N, ,3, , , , , , , , , ,2,1,0,0,1,0,0,0,0,0,2,2,4,0,0,0,0,0,0,0,0,0,0,0,0,0,0,0,0,0,0,0,0,0,0,3,0,40.0118,-75.11, , 
13988,172819,2016013758,6,67,67301,2016,1,3,15,0,3,1,0,2,6, , ,N,0,0,0,3,0,2,2,3,N,N,39 59:16.908,75 14:06.122,23, ,23, ,0, ,N, ,0, , , , , , , , , ,3,3,0,0,0,0,0,0,0,0,1,1,2,0,0,0,0,0,0,0,0,0,0,0,0,0,0,0,0,0,0,0,0,0,0,3,0,39.988,-75.235, , 
13989,172820,2016013790,6,67,67301,2016,1,1,1737,17,3,1,1,4,1, , ,N,1,2,0,3,0,1,2,2,N,N,39 56:24.381,75 11:05.801,1744, ,1739, ,0, ,N, ,3, , , , , , , , , ,2,1,1,0,0,0,0,0,0,0,1,0,1,0,0,0,0,0,0,0,0,0,0,1,0,0,0,0,0,0,0,0,0,0,0,3,0,39.9401,-75.1849, , 
13990,172832,2016030932,6,67,67301,2016,3,2,931,9,1,1,0,1,1, , ,N,0,0,0,3,0,2,3,2,N,N,39 56:54.184,75 08:30.116,931, ,931,1,1,1, , ,0,N, , , , , , , , ,2,2,0,0,0,0,0,0,0,0,0,0,2,2,0,0,0,0,0,0,0,2,0,0,0,0,0,0,0,0,0,0,0,0,0,8,0,39.9484,-75.1417, , 
13991,172837,2016036419,6,67,67301,2016,3,1,1920,19,3,2,1,4,1, , ,N,1,2,0,3,0,3,4,2,N,N,40 00:20.692,75 05:56.577,1930, ,1927, ,0, ,N, ,3, , , , , , , , , ,2,1,0,0,1,0,0,0,0,0,0,0,3,3,0,0,0,0,0,1,1,0,0,1,0,0,0,0,0,0,0,0,0,0,0,8,0,40.0057,-75.099, , 
13992,172844,2016040533,6,67,67301,2016,4,3,550,5,3,1,0,4,1, , ,N,1,2,0,3,0,1,3,3,N,N,40 05:09.951,75 12:42.717,710, ,700,9,1,4,N, ,3,N, , , , , , , , ,3,1,0,0,1,0,1,0,0,0,0,1,1,0,0,0,0,0,0,0,1,0,0,1,0,0,0,0,0,0,0,0,0,0,0,4,0,40.0861,-75.2119, , 
13993,172845,2016040931,6,67,67301,2016,3,4,2104,21,3,1,0,4,1, , ,N,2,3,0,3,0,0,2,2,N, ,39 54:59.607,75 14:44.785,2137, ,2137, ,0, , , ,3, , , , , , , , , ,2,2,0,0,0,0,0,0,0,0,0,0,0,0,0,0,0,0,0,0,0,0,0,2,0,0,0,0,0,0,0,0,0,0,0,0,0,39.9166,-75.2458, , 
13994,172864,2016014502,6,67,67301,2016,1,1,412,4,3,1,0,7,4, , ,N,0,0,0,3,0,1,1,1,N,N,39 55:54.752,75 11:59.242,419, ,413,2,2,3, , ,0,N, , , , , , , , ,1,1,0,0,0,0,0,0,0,0,0,0,1,1,0,0,0,0,0,0,0,0,0,0,0,0,0,0,0,0,0,0,0,0,0,8,0,39.9319,-75.1998, , 
13995,172868,2016019849,6,67,67301,2016,2,5,844,8,1,1,0,4,1, , ,N,0,0,7,3,0,1,2,2,N, ,39 54:08.500,75 14:24.100,910, ,905,1,1,2, , ,0,N, , , , , , , , ,2,1,0,0,0,0,0,1,0,0,0,0,1,1,0,0,0,0,0,1,0,0,0,2,0,0,0,0,0,0,0,0,0,0,0,8,0,39.9024,-75.24, , 
13996,172877,2016029434,6,67,67301,2016,2,1,115,1,3,1,0,1,1, , ,N,2,0,0,3,0,0,1,3,N, ,39 57:56.209,75 08:13.549,145, ,141, ,0, , , ,0, , , , , , , , , ,3,3,0,0,0,0,0,0,0,0,0,0,0,0,1,0,0,0,0,0,0,0,0,0,0,0,0,0,0,0,0,0,0,0,0,9,0,39.9656,-75.1371, , 
13997,178476,2016084662,6,67,67301,2016,8,1,1500,15,1,1,0,6,6, , ,N,0,0,0,3,0,0,1,3,N,N,39 57:51.897,75 12:26.052,1502, ,1500, ,0, ,N, ,0, , , , , , , , , ,3,1,0,0,1,0,0,1,0,0,0,0,0,0,1,0,0,0,0,0,0,0,0,0,0,0,0,0,0,0,0,0,0,0,0,9,0,39.9644,-75.2072, , 
13998,178483,2016092071,6,67,67301,2016,8,2,1921,19,1,1,0,8,6, , ,N,0,0,0,3,0,1,2,2,N,N,39 55:56.949,75 09:04.391,1936, ,1927, ,0, ,N, ,0, , , , , , , , , ,1,0,0,0,0,0,1,0,0,0,0,1,1,0,0,0,0,0,0,0,1,0,0,1,0,0,0,0,0,0,0,0,1,0,0,4,0,39.9325,-75.1512, , 
13999,178502,2016065716,6,67,67301,2016,6,6,1210,12,1,1,2,8,1, , ,N,1,2,0,3,0,1,2,2,N,N,39 57:00.398,75 09:50.914,1225, ,1220,1,1,1,N, ,3,Y, , , , , , , , ,1,0,0,0,1,0,0,0,0,0,1,0,1,0,0,0,0,0,0,0,0,0,0,0,0,0,0,0,0,0,0,0,1,0,0,3,0,39.9501,-75.164, , 
14000,178538,2016106309,6,67,67301,2016,10,1,900,9,1,1,0,5,6, , ,N,0,0,0,3,0,2,3,3,N,N,39 58:02.283,75 10:13.458,925, ,918, ,0, ,N, ,0, , , , , , , , , ,3,2,0,0,0,0,1,0,0,0,0,2,2,0,0,0,0,0,0,0,1,0,0,0,0,0,0,0,0,0,0,0,0,0,0,4,0,39.9673,-75.1704, , 
14001,178540,2016099550,6,67,67301,2016,9,6,400,4,3,1,0,1,1, , ,N,0,0,0,3,0,1,2,2,N,N,39 55:24.508,75 09:45.637,408, ,406, ,0, ,N, ,0, , , , , , , , , ,2,1,0,0,0,0,1,0,0,0,0,1,1,0,0,0,0,0,0,0,0,1,0,1,0,0,0,0,0,0,0,0,0,0,0,4,0,39.9235,-75.1627, , 
14002,178554,2016017020,6,67,67301,2016,1,5,1540,15,1,1,0,8,1, , ,N,1,0,0,3,0,1,2,2,N,Y,40 00:55.443,75 08:16.749,1544, ,1541, ,0, , , ,0, , , , , , , , , ,1,1,0,0,0,0,0,0,0,0,0,1,1,0,0,0,0,0,0,0,0,0,0,1,0,0,0,0,0,0,0,0,1,0,0,4,0,40.0154,-75.138, , 
14003,178571,2016048542,6,67,67301,2016,4,7,420,4,3,2,1,7,4, , ,N,0,0,0,3,0,2,2,1,N, ,39 55:12.424,75 11:18.764,428, ,428, ,0, , , ,0, , , , , , , , , ,1,1,0,0,0,0,0,0,0,0,0,0,2,2,0,0,0,0,0,0,0,0,0,0,0,0,0,0,0,0,0,0,0,0,0,8,0,39.9201,-75.1885, , 
14004,178573,2016050414,6,67,67301,2016,4,6,0,0,3,1,0,4,1, , ,N,2,3,0,3,0,1,2,2,N,N,40 00:49.338,75 06:00.320,0, ,0, ,0, ,N, ,3, , , , , , , , , ,2,1,0,0,0,0,0,0,0,0,1,0,1,0,1,0,0,0,0,0,1,0,0,0,0,0,0,0,0,0,0,0,0,0,0,3,0,40.0137,-75.1001, , 
14005,178576,2016056047,6,67,67301,2016,5,6,1600,16,1,2,1,1,1, , ,N,0,0,7,3,0,1,3,2,N,N,40 05:52.489,75 01:09.146,1625, ,1620, ,0, ,N, ,0, , , , , , , , , ,2,1,0,0,1,0,0,0,0,0,0,1,1,0,0,0,0,0,0,0,0,0,0,0,0,0,0,0,0,0,0,0,0,0,0,4,0,40.0979,-75.0192, , 
14006,178595,2016063121,6,67,67301,2016,6,7,1305,13,1,1,0,1,1, , ,N,0,8,0,3,0,0,3,2,N,N,39 59:02.329,75 05:48.907,1332, ,1315,2,2,2, , ,3,N, , , , , , , , ,2,2,0,0,0,0,0,0,0,0,0,0,0,0,0,0,0,0,0,0,0,0,0,0,0,0,0,0,0,0,0,0,0,0,0,0,0,39.984,-75.0969, , 
14007,178604,2016080712,6,67,67301,2016,6,6,2150,21,3,1,0,0,1, , ,N,5,2,0,3,0,1,1,2,N,N,39 54:19.501,75 10:24.816,2153, ,2152,1,1,4,N, ,3,N, , , , , , , , ,1,0,1,0,0,0,0,0,0,0,0,1,1,0,0,0,0,0,0,0,0,0,0,0,0,0,0,0,0,0,0,0,0,0,0,4,0,39.9054,-75.1736, , 
14008,178606,2016082199,6,67,67301,2016,6,3,1108,11,1,1,0,6,1, , ,N,0,0,0,3,0,4,8,2,N,N,39 59:47.795,75 06:52.605,1108, ,1108, ,0, ,N, ,0, , , , , , , , , ,2,1,0,1,0,0,0,0,0,0,0,4,4,0,0,0,0,0,0,0,0,0,0,1,0,0,0,0,0,0,0,0,0,0,0,4,1,39.9966,-75.1146, , 
14009,178614,2016087177,6,67,67301,2016,8,6,2020,20,1,1,0,5,1, , ,N,0,0,0,3,0,1,2,2,N, ,39 59:39.409,75 07:14.714,2043, ,2040, ,0, , , ,0, , , , , , , , , ,1,0,0,0,0,0,0,0,1,0,0,1,1,0,0,0,0,0,0,0,0,0,0,0,0,0,0,0,0,0,0,0,0,0,0,4,0,39.9943,-75.1208, , 
14010,178645,2016013706,6,67,67301,2016,1,6,1110,11,1,1,0,1,1, , ,N,3,2,0,3,0,1,2,2,N,N,39 57:51.984,75 08:03.331,1117, ,1111, ,0, , , ,3, , , , , , , , , ,2,1,0,0,0,0,0,1,0,0,0,1,1,0,0,0,0,0,0,0,0,0,0,1,0,0,0,0,0,0,0,0,0,0,0,4,0,39.9644,-75.1343, , 
14011,178673,2016041049,6,67,67301,2016,4,4,1556,15,1,1,0,8,1, , ,N,1,2,0,3,0,1,2,2,N,N,40 03:45.318,75 10:14.844,1612, ,1610, ,0, ,N, ,3, , , , , , , , , ,1,0,0,0,0,0,0,1,0,0,0,1,1,0,0,0,0,0,0,0,0,0,1,0,0,0,0,0,0,0,0,0,1,0,0,4,0,40.0626,-75.1708, , 
14012,178679,2016044575,6,67,67301,2016,4,6,2145,21,3,1,0,2,6, , ,N,0,0,0,3,0,1,1,3,N, ,39 58:25.193,75 09:32.499,2145, ,2145, ,0, , , ,0, , , , , , , , , ,3,3,0,0,0,0,0,0,0,0,0,0,1,1,0,0,0,0,0,0,0,0,0,0,0,0,0,0,0,0,0,0,0,0,0,8,0,39.9737,-75.159, , 
14013,178701,2016064519,6,67,67301,2016,6,3,551,5,1,1,0,4,1, , ,N,0,0,0,3,0,0,2,2,N,N,40 02:19.640,75 00:30.741,611, ,551, ,0, , , ,0, , , , , , , , , ,2,2,0,0,0,0,0,0,0,0,0,0,0,0,0,0,0,0,1,0,0,0,0,0,0,0,0,0,0,0,0,0,0,0,0,0,0,40.0388,-75.0085, , 
14014,178702,2016065658,6,67,67301,2016,6,5,446,4,5,1,0,2,6, , ,N,0,0,0,3,0,1,1,2,N, ,39 59:02.438,75 06:08.748,448, ,446, ,0, , , ,0, , , , , , , , , ,2,2,0,0,0,0,0,0,0,0,0,1,1,0,0,0,0,0,0,0,0,0,0,0,0,0,0,0,0,0,0,0,0,0,0,4,0,39.984,-75.1024, , 
14015,178705,2016067831,6,67,67301,2016,3,5,9999,99,1,1,0,8,1, , ,N,1,2,0,3,0,1,2,2,N, ,40 01:00.965,75 09:05.545,1025, ,1020, ,0, , , ,3, , , , , , , , , ,1,1,0,0,0,0,0,0,0,0,0,1,1,0,0,0,0,0,0,0,0,0,0,1,0,0,0,0,0,0,0,0,1,0,0,4,0,40.0169,-75.1516, , 
14016,176111,2016029878,6,67,67301,2016,3,6,2030,20,3,1,0,4,1, , ,N,2,2,0,3,0,1,4,2,N, ,40 03:10.073,75 13:39.209,2045, ,2034,2,1,2, , ,3,N, , , , , , , , ,2,1,0,0,0,0,1,0,0,0,0,0,1,1,0,0,0,0,0,1,0,0,0,0,0,0,0,0,0,0,0,0,0,0,0,8,0,40.0528,-75.2276, , 
14017,176113,2016032023,6,67,67301,2016,3,1,1730,17,1,1,0,8,4, , ,N,1,2,0,3,0,1,3,2,N, ,40 03:41.185,75 05:01.882,1734, ,1734, ,0, , , ,3, , , , , , , , , ,1,1,0,0,0,0,0,0,0,0,1,0,1,0,0,0,0,0,0,0,1,0,0,1,0,0,0,0,0,0,0,0,1,0,0,3,0,40.0614,-75.0839, , 
14018,176127,2016046142,6,67,67301,2016,4,7,2210,22,3,1,0,4,1, , ,N,1,2,0,3,0,0,7,3,N, ,39 57:11.367,75 09:11.303,2225, ,2218, ,0, , , ,3, , , , , , , , , ,3,1,0,0,0,0,2,0,0,0,0,0,0,0,0,0,0,1,0,0,1,0,0,1,0,0,0,0,0,0,0,0,0,0,0,0,0,39.9532,-75.1531, , 
14019,176152,2016080798,6,67,67301,2016,7,5,2232,22,3,1,0,8,1, , ,N,0,0,0,3,0,1,2,2,N,N,40 03:43.131,75 14:06.194,2302, ,2254, ,0, ,N, ,0, , , , , , , , , ,1,1,0,0,0,0,0,0,0,0,0,1,1,0,0,0,0,0,0,0,0,0,0,0,0,0,0,0,0,0,0,0,1,0,0,4,0,40.062,-75.2351, , 
14020,176163,2016082338,6,67,67301,2016,7,1,1640,16,1,1,1,1,1, , ,N,2,2,0,3,0,1,2,2,N, ,39 54:32.812,75 13:58.504,1735, ,1702, ,0, , , ,3, , , , , , , , , ,2,1,0,0,0,0,1,0,0,0,1,0,1,0,0,0,0,0,0,0,1,0,0,2,0,0,0,0,0,0,0,0,0,0,0,3,0,39.9091,-75.2329, , 
14021,176165,2016089909,6,67,67301,2016,8,4,1325,13,1,1,0,4,1, , ,N,0,0,0,3,0,1,3,2,N,N,40 02:33.283,75 07:26.051,1338, ,1337, ,0, , , ,0, , , , , , , , , ,2,0,0,0,0,1,1,0,0,0,0,1,1,0,0,0,0,0,0,0,1,0,0,2,0,0,0,0,0,0,0,0,0,0,0,4,1,40.0426,-75.1239, , 
14022,176178,2016105732,6,67,67301,2016,9,6,9999,99,1,1,0,4,1, , ,N,1,2,0,3,0,0,2,2,N,N,40 01:00.965,75 09:05.545,629, ,626, ,0, ,N, ,3, , , , , , , , , ,2,1,1,0,0,0,0,0,0,0,0,0,0,0,1,0,0,0,0,0,1,0,0,0,0,0,0,0,0,0,0,0,0,0,0,9,0,40.0169,-75.1516, , 
14023,176204,2016024903,6,67,67301,2016,2,1,638,6,1,1,0,7,3, , ,N,0,0,0,3,0,0,1,1,N,N,40 01:58.877,75 01:13.541,648, ,643,2,1,1, , ,0,N, , , , , , , , ,1,0,0,0,0,0,0,1,0,0,0,0,0,0,0,0,0,0,0,0,0,0,0,0,0,0,0,0,0,0,0,0,0,0,0,0,0,40.033,-75.0204, , 
14024,176205,2016026086,6,67,67301,2016,2,3,1200,12,1,4,3,4,1, , ,N,2,0,0,3,0,1,2,2,N,N,39 58:51.718,75 11:13.340,1215, ,1212, ,0, ,N, ,0, , , , , , , , , ,2,1,0,0,0,0,1,0,0,0,0,0,1,1,0,0,0,0,0,0,0,0,0,1,0,0,0,0,0,0,0,0,0,0,0,8,0,39.981,-75.187, , 
14025,176206,2016028820,6,67,67301,2016,3,4,2022,20,3,1,0,1,1, , ,N,6,0,2,3,0,0,2,2,N,N,39 56:31.386,75 11:38.579,2054, ,2022,1,1,4, , ,0,N, , , , , , , , ,2,2,0,0,0,0,0,0,0,0,0,0,0,0,0,0,0,0,1,0,0,0,0,0,0,0,0,0,0,0,0,0,0,0,0,0,0,39.9421,-75.194, , 
14026,176209,2016035360,6,67,67301,2016,2,4,9999,99,3,9,1,4,1, , ,N,0,0,0,3,0,1,4,2,N, ,40 02:31.014,75 08:38.781,1550, ,1548, ,0, , , ,0, , , , , , , , , ,2,1,0,0,0,0,1,0,0,0,0,0,1,1,1,0,0,0,0,0,0,0,0,0,0,0,0,0,0,0,0,0,0,0,0,8,0,40.042,-75.144, , 
14027,176214,2016041084,6,67,67301,2016,4,5,1752,17,1,1,0,1,1, , ,N,0,0,0,3,0,1,4,3,N,N,40 00:32.396,75 04:04.362,1802, ,1752, ,0, , , ,0, , , , , , , , , ,3,1,0,0,0,0,1,1,0,0,0,0,1,1,0,0,0,0,0,0,0,0,0,0,0,0,0,0,0,0,0,0,0,0,0,8,0,40.009,-75.0679, , 
14028,176216,2016043560,6,67,67301,2016,4,4,658,6,1,1,0,1,1, , ,N,0,0,0,3,0,1,2,2,N,N,39 56:59.084,75 08:28.827,714, ,659,2,1,1, , ,0,N, , , , , , , , ,2,2,0,0,0,0,0,0,0,0,1,0,1,0,0,0,0,0,0,0,1,0,0,1,0,0,0,0,0,0,0,0,0,0,0,3,0,39.9497,-75.1413, , 
14029,176220,2016052279,6,67,67301,2016,5,3,832,8,1,1,1,4,1, , ,N,1,2,0,3,0,1,3,2,N,Y,40 02:59.510,75 04:32.444,855, ,833,2,1,2,N, ,3,Y, , , , , , , , ,2,0,0,0,0,0,1,1,0,0,1,0,1,0,0,0,0,0,0,0,0,0,0,0,0,0,0,0,0,0,0,0,0,0,0,3,0,40.0499,-75.0757, , 