objectid_1,objectid,crn,district,county,municipality,crash_year,crash_month,day_of_week,time_of_day,hour_of_day,illumination,weather,road_condition,collision_type,relation_to_road,work_zone_type,work_zone_loc,work_zone_ind,intersect_type,tcd_type,location_type,urban_rural,fatal_count,injury_count,person_count,total_units,sch_bus_ind,sch_zone_ind,latitude,longitude,arrival_tm,cons_zone_spd_lim,dispatch_tm,est_hrs_closed,lane_closed,ln_close_dir,ntfy_hiwy_maint,spec_juris_cd,tcd_func_cd,tfc_detour_ind,workers_pres,wz_close_detour,wz_flagger,wz_law_offcr_ind,wz_ln_closure,wz_moving,wz_other,wz_shlder_mdn,vehicle_count,automobile_count,motorcycle_count,bus_count,small_truck_count,heavy_truck_count,suv_count,van_count,bicycle_count,maj_inj_count,mod_inj_count,min_inj_count,tot_inj_count,unk_inj_deg_count,unk_inj_per_count,driver_count_16yr,driver_count_17yr,driver_count_18yr,driver_count_19yr,driver_count_20yr,driver_count_50_64yr,driver_count_65_74yr,driver_count_75plus,unbelted_occ_count,unb_death_count,unb_maj_inj_count,belted_death_count,belted_maj_inj_count,mcycle_death_count,mcycle_maj_inj_count,bicycle_death_count,bicycle_maj_inj_count,ped_count,ped_death_count,ped_maj_inj_count,max_severity_level,comm_veh_count,dec_lat,dec_long,rdwy_surf_type_cd,county_name
14030,176221,2016052283,6,67,67301,2016,5,2,1319,13,1,1,0,5,6, , ,N,0,0,0,3,0,0,3,2,N,N,39 58:49.876,75 09:56.358,1324, ,1322,1,2,1,N, ,0,Y, , , , , , , , ,2,2,0,0,0,0,0,0,0,0,0,0,0,0,0,0,0,0,0,0,0,0,0,0,0,0,0,0,0,0,0,0,0,0,0,0,0,39.9805,-75.1657, , 
14031,176223,2016052841,6,67,67301,2016,5,4,2045,20,3,2,1,4,1, , ,N,0,0,0,3,0,1,2,2,N,N,40 00:39.770,75 09:51.899,2055, ,2051, ,0, , , ,0, , , , , , , , , ,2,2,0,0,0,0,0,0,0,0,0,1,1,0,0,0,0,0,0,0,1,0,0,0,0,0,0,0,0,0,0,0,0,0,0,4,0,40.011,-75.1644, , 
14032,176265,2016035356,6,67,67301,2016,3,5,1430,14,1,1,0,1,1, , ,N,0,0,0,3,0,0,4,4,N,N,40 00:41.536,75 10:57.703,1440, ,1430,2,2,2,N, ,0,N, , , , , , , , ,4,4,0,0,0,0,0,0,0,0,0,0,0,0,0,0,1,0,0,1,0,0,0,0,0,0,0,0,0,0,0,0,0,0,0,0,0,40.0115,-75.1827, , 
14033,176266,2016036406,6,67,67301,2016,3,4,1329,13,1,1,0,3,1, , ,N,0,0,0,3,0,0,3,2,N, ,39 58:41.227,75 09:14.985,1520, ,1339,2,1,2, , ,0,N, , , , , , , , ,2,0,0,0,0,0,1,1,0,0,0,0,0,0,0,0,0,0,0,0,0,1,0,2,0,0,0,0,0,0,0,0,0,0,0,0,0,39.9781,-75.1542, , 
14034,170134,2016080561,6,67,67301,2016,7,2,758,7,1,1,0,8,1, , ,N,1,2,0,3,0,1,4,2,N,N,39 55:54.223,75 10:05.306,807, ,802, ,0, ,N, ,3, , , , , , , , , ,1,1,0,0,0,0,0,0,0,0,1,0,1,0,0,0,0,0,0,0,0,0,0,1,0,0,0,0,0,0,0,0,1,0,0,3,0,39.9317,-75.168, , 
14035,170136,2016086014,6,67,67301,2016,8,5,548,5,3,1,0,1,3, , ,N,0,0,0,3,0,0,2,2,N,N,40 00:31.633,75 12:17.561,1002, ,549,2,1,3, , ,0,N, , , , , , , , ,2,1,0,0,1,0,0,0,0,0,0,0,0,0,0,0,0,0,1,0,0,0,0,0,0,0,0,0,0,0,0,0,0,0,0,0,0,40.0088,-75.2049, , 
14036,170151,2016092119,6,67,67301,2016,8,4,1907,19,1,1,0,1,1, , ,N,0,0,0,3,0,0,3,3,N, ,39 54:32.129,75 14:30.685,1937, ,1935,2,1,1, , ,0,N, , , , , , , , ,3,2,0,0,0,0,1,0,0,0,0,0,0,0,2,0,0,0,0,0,0,0,0,1,0,0,0,0,0,0,0,0,0,0,0,9,0,39.9089,-75.2419, , 
14037,170169,2016024905,6,67,67301,2016,2,1,2146,21,3,1,0,5,1, , ,N,0,0,0,3,0,0,2,2,N,N,39 58:15.104,75 11:34.926,2201, ,2149,1,1,4, , ,0,N, , , , , , , , ,2,1,0,0,0,0,1,0,0,0,0,0,0,0,0,0,0,0,1,0,0,0,0,0,0,0,0,0,0,0,0,0,0,0,0,0,0,39.9709,-75.193, , 
14038,170185,2016048570,6,67,67301,2016,4,5,1215,12,1,1,0,1,1, , ,N,2,2,0,3,0,1,6,2,N, ,39 57:45.204,75 12:37.981,5, ,5, ,0, , , ,3, , , , , , , , , ,2,2,0,0,0,0,0,0,0,0,1,0,1,0,0,0,0,0,0,0,0,0,0,3,0,0,0,0,0,0,0,0,0,0,0,3,0,39.9625,-75.2103, , 
14039,170190,2016054151,6,67,67301,2016,5,2,2322,23,3,2,1,8,1, , ,N,5,2,1,3,0,1,2,2,N,N,39 59:33.831,75 07:13.101,2327, ,2326, ,0, ,N, ,3, , , , , , , , , ,1,0,0,0,0,0,1,0,0,0,1,0,1,0,0,0,0,0,0,0,0,0,0,0,0,0,0,0,0,0,0,0,1,0,0,3,0,39.9927,-75.1203, , 
14040,170199,2016062535,6,67,67301,2016,5,2,1550,15,1,1,0,4,1, , ,N,3,3,0,3,0,1,2,2,N, ,39 58:13.038,75 12:50.032,1550, ,1550, ,0, , , ,3, , , , , , , , , ,2,1,0,0,1,0,0,0,0,0,0,1,1,0,1,0,0,0,0,0,1,0,0,2,0,0,0,0,0,0,0,0,0,0,0,4,0,39.9703,-75.2139, , 
14041,170200,2016063913,6,67,67301,2016,6,4,1215,12,1,2,1,4,1, , ,N,1,2,0,3,0,0,3,2,N,N,40 03:57.203,75 09:33.548,1222, ,1221,9,1,6,N, ,3,N, , , , , , , , ,2,0,0,0,1,0,1,0,0,0,0,0,0,0,0,0,0,0,0,0,1,0,0,0,0,0,0,0,0,0,0,0,0,0,0,0,0,40.0659,-75.1593, , 
14042,170201,2016063979,6,67,67301,2016,6,2,1610,16,1,1,0,4,1, , ,N,0,0,7,3,0,1,3,2,N,N,40 01:01.210,75 08:59.914,1613, ,1610,3,2,6, , ,0,Y, , , , , , , , ,2,0,0,0,0,0,2,0,0,0,0,1,1,0,0,0,0,0,0,0,0,0,0,0,0,0,0,0,0,0,0,0,0,0,0,4,0,40.017,-75.15, , 
14043,170206,2016058606,6,67,67301,2016,5,4,812,8,1,1,0,8,1, , ,N,2,3,0,3,0,1,2,2,N,Y,40 06:50.346,75 01:28.894,814, ,812, ,0, , , ,3, , , , , , , , , ,1,1,0,0,0,0,0,0,0,0,1,0,1,0,1,0,0,0,0,0,0,0,0,0,0,0,0,0,0,0,0,0,1,0,0,3,0,40.114,-75.0247, , 
14044,170217,2016017040,6,67,67301,2016,1,6,925,9,1,1,0,4,1, , ,N,1,3,0,3,0,1,2,2,N,N,39 59:10.687,75 06:42.883,1430, ,1430, ,0, , , ,3, , , , , , , , , ,2,1,0,0,0,0,1,0,0,0,0,1,1,0,0,0,0,0,0,0,0,0,0,0,0,0,0,0,0,0,0,0,0,0,0,4,0,39.9863,-75.1119, , 
14045,170232,2016029831,6,67,67301,2016,3,1,1640,16,1,1,0,4,1, , ,N,1,2,0,3,0,1,4,2,N,N,40 01:28.770,75 03:16.227,1647, ,1642, ,0, ,N, ,3, , , , , , , , , ,2,0,0,0,0,0,2,0,0,0,1,0,1,0,0,0,0,0,0,0,0,0,0,0,0,0,0,0,0,0,0,0,0,0,0,3,0,40.0247,-75.0545, , 
14046,170235,2016033807,6,67,67301,2016,3,5,1448,14,1,1,0,4,1, , ,N,2,3,0,3,0,1,2,2,N,N,39 57:45.403,75 11:14.261,9999, ,9999, ,0, ,N, ,3, , , , , , , , , ,1,0,0,0,0,0,0,1,1,0,0,1,1,0,1,0,0,0,0,0,0,0,0,0,0,0,0,0,0,0,0,0,0,0,0,4,0,39.9626,-75.1873, , 
14047,170242,2016038184,6,67,67301,2016,3,7,1155,11,1,1,0,4,1, , ,N,1,3,0,3,0,1,3,2,N,N,39 58:34.219,75 09:39.495,1200, ,1157, ,0, ,N, ,3, , , , , , , , , ,2,2,0,0,0,0,0,0,0,0,0,0,1,1,0,0,0,0,0,0,1,0,0,0,0,0,0,0,0,0,0,0,0,0,0,8,0,39.9762,-75.161, , 
14048,170244,2016039725,6,67,67301,2016,3,4,1630,16,1,1,0,1,1, , ,N,0,0,0,3,0,1,5,2,N,N,40 04:03.101,75 10:45.744,1638, ,1633, ,0, , , ,0, , , , , , , , , ,2,1,0,0,0,0,0,1,0,0,0,1,1,0,0,0,0,0,0,0,0,0,0,0,0,0,0,0,0,0,0,0,0,0,0,4,0,40.0675,-75.1794, , 
14049,170248,2016047011,6,67,67301,2016,4,1,1809,18,1,1,0,2,1, , ,N,0,0,0,3,0,1,2,2,N, ,39 59:30.758,75 09:03.300,1809, ,1809, ,0, , , ,0, , , , , , , , , ,1,0,0,0,0,0,0,0,1,0,0,1,1,0,0,0,0,0,0,0,0,0,0,0,0,0,0,0,0,0,0,0,0,0,0,4,0,39.9919,-75.1509, , 
14050,170251,2016063953,6,67,67301,2016,5,3,1320,13,1,1,0,1,1, , ,N,1,2,0,3,0,1,3,3,N,N,40 03:15.517,75 02:58.198,1330, ,1322,2,1,2,N, ,3,N, , , , , , , , ,3,2,0,0,0,0,1,0,0,0,1,0,1,0,0,0,0,0,0,0,0,1,0,0,0,0,0,0,0,0,0,0,0,0,0,3,0,40.0542,-75.0493, , 
14051,170252,2016063966,6,67,67301,2016,6,5,840,8,1,1,0,4,1, , ,N,5,2,0,3,0,1,2,2,N,N,39 58:59.095,75 08:39.082,852, ,842, ,0, ,N, ,3, , , , , , , , , ,2,2,0,0,0,0,0,0,0,0,0,1,1,0,0,0,0,0,0,0,0,0,0,1,0,0,0,0,0,0,0,0,0,0,0,4,0,39.9831,-75.1442, , 
14052,172881,2016039678,6,67,67301,2016,3,7,852,8,1,1,0,4,1, , ,N,1,2,0,3,0,2,3,2,N,N,39 56:43.207,75 13:46.335,920, ,853, ,0, ,N, ,3, , , , , , , , , ,2,2,0,0,0,0,0,0,0,0,0,0,2,2,0,0,0,0,0,0,1,0,0,0,0,0,0,0,0,0,0,0,0,0,0,8,0,39.9453,-75.2295, , 
14053,172886,2016050874,6,67,67301,2016,5,1,1200,12,1,2,1,6,1, , ,N,2,0,0,3,0,1,2,2,N,N,40 03:10.350,75 10:30.712,1215, ,1207, ,0, ,N, ,0, , , , , , , , , ,2,2,0,0,0,0,0,0,0,0,0,1,1,0,0,0,0,0,0,0,0,0,0,1,0,0,0,0,0,0,0,0,0,0,0,4,0,40.0529,-75.1752, , 
14054,172902,2016067816,6,67,67301,2016,6,6,1500,15,1,1,0,8,1, , ,N,0,0,0,3,0,1,2,2,N,Y,40 00:05.426,75 08:06.851,1505, ,1501, ,0, ,N, ,0, , , , , , , , , ,1,0,0,0,0,0,1,0,0,0,0,1,1,0,0,0,0,0,0,0,0,0,0,0,0,0,0,0,0,0,0,0,1,0,0,4,0,40.0015,-75.1352, , 
14055,172931,2016030826,6,67,67301,2016,2,6,618,6,1,1,0,5,1,1,4,Y,0,0,0,3,0,1,2,2,N,N,39 58:57.266,75 05:58.503,636,45,620,1,1,1, , ,0,N,N,N,N,N,N,N,N,Y,2,1,0,0,0,1,0,0,0,0,0,0,1,1,1,0,0,0,0,0,0,0,0,0,0,0,0,0,0,0,0,0,0,0,0,8,1,39.9826,-75.0996, , 
14056,172953,2016053865,6,67,67301,2016,5,2,11,0,3,1,0,7,4, , ,N,0,0,0,3,0,0,1,1,N,N,39 58:46.556,75 06:25.136,22, ,12,2,2,2, , ,0,N, , , , , , , , ,1,1,0,0,0,0,0,0,0,0,0,0,0,0,0,0,0,0,0,0,0,0,0,0,0,0,0,0,0,0,0,0,0,0,0,0,0,39.9796,-75.107, , 
14057,172971,2016021691,6,67,67301,2016,2,2,423,4,3,1,0,1,1, , ,N,0,0,0,3,0,2,2,2,N,N,39 53:37.508,75 11:44.371,430, ,424, ,0, , , ,0, , , , , , , , , ,2,1,0,0,0,0,0,1,0,0,2,0,2,0,0,0,0,0,0,0,0,0,0,0,0,0,0,0,0,0,0,0,0,0,0,3,0,39.8938,-75.1957, , 
14058,172979,2016029910,6,67,67301,2016,3,6,1057,10,1,1,0,4,1, , ,N,1,3,0,3,0,0,2,2,N, ,40 02:13.434,75 04:35.432,1200, ,1151, ,0, , , ,3, , , , , , , , , ,2,1,0,0,0,0,0,1,0,0,0,0,0,0,0,0,0,0,0,0,1,0,0,0,0,0,0,0,0,0,0,0,0,0,0,0,0,40.0371,-75.0765, , 
14059,172996,2016052306,6,67,67301,2016,5,1,300,3,3,1,0,5,6, , ,N,0,0,0,3,0,1,1,2,N,N,40 02:12.733,75 03:57.535,335, ,329, ,0, ,N, ,0, , , , , , , , , ,2,1,0,0,0,0,1,0,0,0,0,1,1,0,0,0,0,0,0,0,0,0,0,0,0,0,0,0,0,0,0,0,0,0,0,4,0,40.0369,-75.066, , 
14060,173015,2016011683,6,67,67301,2016,1,2,30,0,3,1,0,7,4, , ,N,0,0,0,3,0,1,1,1,N,N,39 55:53.491,75 11:58.849,42, ,32, ,0, , , ,0, , , , , , , , , ,1,1,0,0,0,0,0,0,0,0,0,0,1,1,0,0,0,0,0,1,0,0,0,0,0,0,0,0,0,0,0,0,0,0,0,8,0,39.9315,-75.1997, , 
14061,173019,2016016556,6,67,67301,2016,1,5,956,9,1,1,0,1,1, , ,N,0,0,0,3,0,2,3,2,N,N,40 01:32.593,75 07:25.934,1004, ,958,2,2,4,N, ,0,Y, , , , , , , , ,2,0,0,0,0,0,1,1,0,0,0,2,2,0,0,0,0,0,0,0,2,0,0,0,0,0,0,0,0,0,0,0,0,0,0,4,0,40.0257,-75.1239, , 
14062,173031,2016026095,6,67,67301,2016,2,6,1047,10,1,1,0,4,1, , ,N,1,2,0,3,0,0,2,2,N,N,40 03:12.900,75 08:29.229,1055, ,1050, ,0, , , ,3, , , , , , , , , ,2,0,0,0,0,0,2,0,0,0,0,0,0,0,0,0,0,0,0,0,1,0,0,0,0,0,0,0,0,0,0,0,0,0,0,0,0,40.0537,-75.1414, , 
14063,173034,2016029815,6,67,67301,2016,2,1,1810,18,4,1,0,7,4, , ,N,0,3,6,3,0,1,1,1,N,N,39 54:42.067,75 13:20.093,1817, ,1813,3,2,4,N, ,3,Y, , , , , , , , ,1,0,0,0,0,0,1,0,0,0,0,0,1,1,0,0,0,0,0,0,0,1,0,0,0,0,0,0,0,0,0,0,0,0,0,8,0,39.9117,-75.2222, , 
14064,173035,2016030824,6,67,67301,2016,2,3,2042,20,3,1,0,7,4, , ,N,0,0,0,3,0,0,1,1,N,N,39 52:35.774,75 15:24.932,2053, ,2043, ,0, , , ,0, , , , , , , , , ,1,0,0,0,0,0,1,0,0,0,0,0,0,0,0,0,0,0,0,0,0,0,0,0,0,0,0,0,0,0,0,0,0,0,0,0,0,39.8766,-75.2569, , 
14065,173038,2016033765,6,67,67301,2016,3,2,1239,12,1,2,1,4,1, , ,N,1,2,7,3,0,3,7,4,N,N,39 58:38.507,75 13:37.478,1244, ,1242,2,2,6,N, ,3,Y, , , , , , , , ,4,1,0,0,0,0,2,1,0,0,0,0,3,3,1,0,0,0,0,0,1,1,0,0,0,0,0,0,0,0,0,0,0,0,0,8,0,39.9774,-75.2271, , 
14066,173040,2016036503,6,67,67301,2016,3,1,1215,12,1,2,1,4,1, , ,N,0,0,7,3,0,1,3,2,N,N,40 01:52.718,75 05:05.883,1220, ,1215, ,0, ,N, ,0, , , , , , , , , ,2,1,0,0,0,0,0,1,0,0,0,1,1,0,0,0,0,0,0,0,1,1,0,0,0,0,0,0,0,0,0,0,0,0,0,4,0,40.0313,-75.085, , 
14067,173048,2016054183,6,67,67301,2016,5,1,1650,16,1,1,0,4,1, , ,N,1,2,0,3,0,1,2,2,N,N,40 04:51.077,75 01:43.585,1701, ,1657,1,1,1,N, ,3,N, , , , , , , , ,2,1,0,0,0,0,1,0,0,0,0,1,1,0,0,0,0,0,0,0,0,0,0,1,0,0,0,0,0,0,0,0,0,0,0,4,0,40.0809,-75.0288, , 
14068,173063,2016019913,6,67,67301,2016,2,2,2153,21,3,1,0,8,1, , ,N,5,2,0,3,0,1,2,2,N,N,39 58:10.407,75 08:22.684,2343, ,2153, ,0, ,N, ,3, , , , , , , , , ,1,1,0,0,0,0,0,0,0,0,0,1,1,0,0,0,0,0,0,0,0,0,0,0,0,0,0,0,0,0,0,0,1,0,0,4,0,39.9695,-75.1395, , 
14069,173093,2016053712,6,67,67301,2016,5,6,744,7,1,2,1,4,1, , ,N,1,3,0,3,0,1,2,3,N,N,40 00:08.715,75 10:19.491,825, ,820, ,0, ,N, ,3, , , , , , , , , ,3,3,0,0,0,0,0,0,0,0,1,0,1,0,1,0,0,0,0,0,0,0,0,0,0,0,0,0,0,0,0,0,0,0,0,3,0,40.0024,-75.1721, , 
14070,178716,2016080445,6,67,67301,2016,7,3,1905,19,1,1,0,4,1, , ,N,1,3,0,3,0,1,2,2,N,N,39 55:01.524,75 09:45.539,1923, ,1922, ,0, ,N, ,3, , , , , , , , , ,1,1,0,0,0,0,0,0,1,0,0,0,1,1,0,0,0,0,0,0,1,0,0,1,0,0,0,0,0,0,0,0,0,0,0,8,0,39.9171,-75.1626, , 
14071,178721,2016084741,6,67,67301,2016,8,6,1816,18,1,1,0,1,1, , ,N,0,8,0,3,0,0,6,4,N,N,39 58:20.066,75 11:37.079,1821, ,1816,1,2,3, , ,3,N, , , , , , , , ,4,2,0,0,0,0,2,0,0,0,0,0,0,0,0,0,0,0,1,0,0,0,0,0,0,0,0,0,0,0,0,0,0,0,0,0,0,39.9722,-75.1936, , 
14072,178730,2016105818,6,67,67301,2016,9,4,308,3,3,1,0,4,1, , ,N,1,3,0,3,0,0,1,2,N,N,39 56:57.040,75 14:29.126,315, ,312, ,0, ,N, ,3, , , , , , , , , ,2,0,0,0,0,0,2,0,0,0,0,0,0,0,1,0,0,0,0,0,0,0,0,0,0,0,0,0,0,0,0,0,0,0,0,9,0,39.9492,-75.2414, , 
14073,178741,2016080947,6,67,67301,2016,6,5,740,7,1,1,0,4,1, , ,N,2,2,0,3,0,0,2,2,N, ,40 06:27.231,75 03:13.701,813, ,801,1,1,6, , ,3,N, , , , , , , , ,2,0,0,0,0,0,2,0,0,0,0,0,0,0,0,0,0,0,0,0,1,0,0,0,0,0,0,0,0,0,0,0,0,0,0,0,0,40.1076,-75.0537, , 
14074,178749,2016091288,6,67,67301,2016,9,7,2316,23,3,1,0,0,1, , ,N,0,0,0,3,0,1,1,1,N,N,39 53:17.242,75 13:00.431,2324, ,2316,1,1,2, , ,0,N, , , , , , , , ,1,0,1,0,0,0,0,0,0,0,0,0,1,1,0,0,0,0,0,0,0,0,0,0,0,0,0,0,0,0,0,0,0,0,0,8,0,39.8881,-75.2168, , 
14075,178752,2016089936,6,67,67301,2016,8,6,1722,17,1,1,1,4,1, , ,N,1,3,0,3,0,1,2,3,N, ,40 02:01.856,75 03:13.420,1743, ,1742, ,0, , , ,3, , , , , , , , , ,3,3,0,0,0,0,0,0,0,0,0,1,1,0,0,0,0,0,0,0,0,1,1,1,0,0,0,0,0,0,0,0,0,0,0,4,0,40.0338,-75.0537, , 
14076,178776,2016123730,6,67,67301,2016,11,2,1204,12,1,1,0,1,1, , ,N,0,0,0,3,0,1,2,3,N,N,40 02:13.745,75 00:49.510,1220, ,1220, ,0, , , ,0, , , , , , , , , ,3,1,0,0,0,0,1,0,0,0,0,0,1,1,0,0,0,0,0,0,1,0,0,0,0,0,0,0,0,0,0,0,0,0,0,8,0,40.0372,-75.0138, , 
14077,178784,2016008616,6,67,67301,2016,1,2,1801,18,4,1,0,4,1, , ,N,1,2,0,3,0,1,2,2,N,N,39 54:47.100,75 14:35.859,1808, ,1802,2,1,1,N, ,3,N, , , , , , , , ,2,1,0,0,0,0,1,0,0,0,0,1,1,0,0,0,0,0,0,0,0,1,0,0,0,0,0,0,0,0,0,0,0,0,0,4,0,39.9131,-75.2433, , 
14078,178789,2016016552,6,67,67301,2016,1,5,3,0,3,1,0,8,1, , ,N,1,2,0,3,0,1,2,2,N,N,39 57:21.549,75 13:03.370,5, ,5, ,0, , , ,3, , , , , , , , , ,1,1,0,0,0,0,0,0,0,0,0,1,1,0,0,0,0,0,0,0,1,0,0,0,0,0,0,0,0,0,0,0,1,0,0,4,0,39.956,-75.2176, , 
14079,178799,2016029787,6,67,67301,2016,2,5,800,8,1,1,0,4,1, , ,N,1,3,0,3,0,0,2,2,N,Y,40 02:47.950,75 01:34.993,814, ,810, ,0, ,N, ,3, , , , , , , , , ,2,1,0,0,0,0,0,1,0,0,0,0,0,0,0,0,0,0,0,0,1,0,0,1,0,0,0,0,0,0,0,0,0,0,0,0,0,40.0467,-75.0264, , 
14080,178811,2016041424,6,67,67301,2016,3,5,814,8,1,1,0,4,1, , ,N,1,2,0,3,0,1,4,2,N, ,39 53:50.875,75 15:07.486,819, ,815,2,1,1, , ,3,N, , , , , , , , ,2,1,0,0,0,1,0,0,0,0,0,1,1,0,0,0,0,0,0,0,1,0,0,0,0,0,0,0,0,0,0,0,0,0,0,4,1,39.8974,-75.2522, , 
14081,178818,2016052407,6,67,67301,2016,5,1,3,0,3,2,1,4,1, , ,N,1,2,0,3,0,0,2,2,N,N,39 57:31.834,75 12:22.607,15, ,10, ,0, ,N, ,3, , , , , , , , , ,2,1,0,0,0,0,1,0,0,0,0,0,0,0,0,0,0,0,0,0,0,0,0,0,0,0,0,0,0,0,0,0,0,0,0,0,0,39.9588,-75.2063, , 
14082,178824,2016060840,6,67,67301,2016,5,7,2147,21,3,2,1,1,1, , ,N,1,2,0,3,0,1,6,2,N,N,39 57:54.315,75 09:38.699,2322, ,2320, ,0, ,N, ,3, , , , , , , , , ,2,1,0,0,0,0,1,0,0,0,0,1,1,0,0,0,0,0,0,0,0,0,0,0,0,0,0,0,0,0,0,0,0,0,0,4,0,39.9651,-75.1607, , 
14083,178829,2016047053,6,67,67301,2016,4,7,1225,12,1,1,0,4,1, , ,N,2,2,0,3,0,0,6,2,N, ,39 59:08.043,75 15:30.778,1245, ,1230,9,1,1, , ,3,N, , , , , , , , ,2,1,0,0,0,0,1,0,0,0,0,0,0,0,0,0,0,0,0,0,0,0,0,0,0,0,0,0,0,0,0,0,0,0,0,0,0,39.9855,-75.2585, , 
14084,178835,2016053769,6,67,67301,2016,5,6,644,6,1,2,1,6,1, , ,N,0,0,0,3,0,1,2,2,N,N,39 58:59.201,75 12:22.631,726, ,720, ,0, ,N, ,0, , , , , , , , , ,2,2,0,0,0,0,0,0,0,0,0,1,1,0,0,0,0,0,0,0,1,0,0,0,0,0,0,0,0,0,0,0,0,0,0,4,0,39.9831,-75.2063, , 
14085,178836,2016013918,6,67,67301,2016,1,7,620,6,3,1,0,5,6, , ,N,0,0,0,3,0,1,3,2,N, ,40 01:18.364,75 12:58.804,842, ,829, ,0, , , ,0, , , , , , , , , ,2,2,0,0,0,0,0,0,0,0,1,0,1,0,0,0,0,0,0,0,0,0,0,0,0,0,0,0,0,0,0,0,0,0,0,3,0,40.0218,-75.2163, , 
14086,178850,2016027544,6,67,67301,2016,2,4,1705,17,3,1,0,4,1, , ,N,2,0,0,3,0,3,4,2,N, ,40 02:22.738,75 04:57.290,1750, ,1747, ,0, , , ,0, , , , , , , , , ,2,1,0,0,0,0,0,1,0,0,0,3,3,0,1,0,0,0,0,0,0,0,0,1,0,0,0,0,0,0,0,0,0,0,0,4,0,40.0396,-75.0826, , 
14087,178854,2016029849,6,67,67301,2016,2,5,807,8,1,1,0,4,1, , ,N,1,2,1,3,0,1,3,2,N,N,39 57:42.285,75 14:19.698,825, ,817, ,0, ,N, ,3, , , , , , , , , ,2,2,0,0,0,0,0,0,0,0,0,1,1,0,0,0,0,0,0,1,1,0,0,0,0,0,0,0,0,0,0,0,0,0,0,4,0,39.9616,-75.2388, , 
14088,176294,2016067842,6,67,67301,2016,6,6,910,9,1,2,1,4,1, , ,N,2,3,0,3,0,2,3,2,N,N,40 02:49.217,75 08:20.805,911, ,910, ,0, ,N, ,3, , , , , , , , , ,2,1,0,0,0,0,1,0,0,0,0,0,2,2,0,0,0,0,0,0,1,0,0,0,0,0,0,0,0,0,0,0,0,0,0,8,0,40.047,-75.139, , 
14089,176310,2016085939,6,67,67301,2016,8,4,5,0,3,1,0,5,6, , ,N,0,0,0,3,0,0,2,5,N,N,39 59:11.840,75 14:15.904,39, ,36, ,0, ,N, ,0, , , , , , , , , ,5,3,0,0,0,0,2,0,0,0,0,0,0,0,2,0,0,0,0,0,0,0,0,0,0,0,0,0,0,0,0,0,0,0,0,9,0,39.9866,-75.2378, , 
14090,176312,2016093885,6,67,67301,2016,9,5,1449,14,1,8,1,7,4, , ,N,0,0,0,3,0,2,2,2,N,N,40 02:32.737,75 00:13.602,1510, ,1449, ,0, , , ,0, , , , , , , , , ,2,1,0,0,0,0,0,1,0,0,2,0,2,0,0,0,0,0,0,0,2,0,0,0,0,0,0,0,0,0,0,0,0,0,0,3,0,40.0424,-75.0038, , 
14091,176319,2016097076,6,67,67301,2016,8,6,1215,12,1,1,0,4,1, , ,N,1,2,0,3,0,1,2,2,N,N,40 00:31.034,75 04:07.810,1237, ,1228, ,0, ,N, ,3, , , , , , , , , ,2,0,0,0,1,0,0,1,0,0,0,0,1,1,0,0,0,0,0,0,1,0,0,1,0,0,0,0,0,0,0,0,0,0,0,8,0,40.0086,-75.0688, , 
14092,176338,2016013856,6,67,67301,2016,1,3,1221,12,1,1,0,4,1, , ,N,1,2,0,3,0,2,4,3,N, ,40 02:06.421,75 04:15.407,1228, ,1221,1,2,2, , ,3,Y, , , , , , , , ,3,2,0,0,1,0,0,0,0,0,0,2,2,0,0,0,0,0,0,0,0,0,1,0,0,0,0,0,0,0,0,0,0,0,0,4,0,40.0351,-75.0709, , 
14093,176339,2016013871,6,67,67301,2016,1,5,1851,18,3,1,0,6,1, , ,N,0,0,0,3,0,0,2,3,N,N,40 01:51.272,75 10:00.061,1853, ,1852,2,2,5,N, ,0,Y, , , , , , , , ,3,2,0,0,1,0,0,0,0,0,0,0,0,0,0,0,0,0,0,0,1,0,0,0,0,0,0,0,0,0,0,0,0,0,0,0,0,40.0309,-75.1667, , 
14094,176340,2016013890,6,67,67301,2016,1,6,9999,99,1,1,0,4,1, , ,N,1,2,0,3,0,1,2,2,N,N,39 55:21.501,75 11:06.750,1259, ,9999, ,0, ,N, ,3, , , , , , , , , ,1,0,0,0,0,0,1,0,1,0,0,0,1,1,0,0,0,0,0,0,0,1,0,0,0,0,0,0,0,0,0,0,0,0,0,8,0,39.9226,-75.1852, , 
14095,176341,2016013903,6,67,67301,2016,1,5,1950,19,3,1,0,4,1, , ,N,1,3,0,3,0,2,3,2,N,N,39 58:00.026,75 09:18.169,2003, ,1959,3,1,3,N, ,3,Y, , , , , , , , ,2,0,0,0,0,0,2,0,0,0,2,0,2,0,0,0,0,0,0,0,1,0,0,0,0,0,0,0,0,0,0,0,0,0,0,3,0,39.9667,-75.155, , 
14096,176355,2016028819,6,67,67301,2016,3,4,2015,20,3,1,0,2,1, , ,N,0,0,0,3,0,0,2,2,N,N,39 57:44.937,75 08:22.831,2028, ,2018,1,1,2, , ,0,N, , , , , , , , ,2,1,0,0,0,0,1,0,0,0,0,0,0,0,0,0,0,0,0,0,0,0,0,0,0,0,0,0,0,0,0,0,0,0,0,0,0,39.9625,-75.1397, , 