objectid_1,objectid,crn,district,county,municipality,crash_year,crash_month,day_of_week,time_of_day,hour_of_day,illumination,weather,road_condition,collision_type,relation_to_road,work_zone_type,work_zone_loc,work_zone_ind,intersect_type,tcd_type,location_type,urban_rural,fatal_count,injury_count,person_count,total_units,sch_bus_ind,sch_zone_ind,latitude,longitude,arrival_tm,cons_zone_spd_lim,dispatch_tm,est_hrs_closed,lane_closed,ln_close_dir,ntfy_hiwy_maint,spec_juris_cd,tcd_func_cd,tfc_detour_ind,workers_pres,wz_close_detour,wz_flagger,wz_law_offcr_ind,wz_ln_closure,wz_moving,wz_other,wz_shlder_mdn,vehicle_count,automobile_count,motorcycle_count,bus_count,small_truck_count,heavy_truck_count,suv_count,van_count,bicycle_count,maj_inj_count,mod_inj_count,min_inj_count,tot_inj_count,unk_inj_deg_count,unk_inj_per_count,driver_count_16yr,driver_count_17yr,driver_count_18yr,driver_count_19yr,driver_count_20yr,driver_count_50_64yr,driver_count_65_74yr,driver_count_75plus,unbelted_occ_count,unb_death_count,unb_maj_inj_count,belted_death_count,belted_maj_inj_count,mcycle_death_count,mcycle_maj_inj_count,bicycle_death_count,bicycle_maj_inj_count,ped_count,ped_death_count,ped_maj_inj_count,max_severity_level,comm_veh_count,dec_lat,dec_long,rdwy_surf_type_cd,county_name
14097,176391,2016029890,6,67,67301,2016,2,7,2040,20,3,1,0,1,1, , ,N,7,0,2,3,0,2,2,2,N,N,40 02:57.622,75 00:11.422,9999, ,2043, ,0, , , ,0, , , , , , , , , ,2,1,0,0,1,0,0,0,0,0,0,0,2,2,0,0,0,0,0,0,0,0,0,0,0,0,0,0,0,0,0,0,0,0,0,8,0,40.0493,-75.0032, , 
14098,176392,2016031389,6,67,67301,2016,3,5,220,2,3,1,0,8,1, , ,N,1,0,0,3,0,1,2,2,N, ,40 00:17.348,75 11:12.245,226, ,222, ,0, , , ,0, , , , , , , , , ,1,1,0,0,0,0,0,0,0,0,0,1,1,0,1,0,0,0,0,0,0,0,0,0,0,0,0,0,0,0,0,0,1,0,0,4,0,40.0048,-75.1867, , 
14099,176432,2016052361,6,67,67301,2016,4,5,2330,23,3,6,1,4,1, , ,N,1,2,0,3,0,4,4,2,N,N,39 55:15.755,75 13:26.897,8, ,5, ,0, ,N, ,3, , , , , , , , , ,2,2,0,0,0,0,0,0,0,0,1,0,4,3,0,0,0,0,0,0,0,0,0,0,0,0,0,0,0,0,0,0,0,0,0,3,0,39.9211,-75.2242, , 
14100,176433,2016052850,6,67,67301,2016,5,2,1900,19,1,1,0,6,1, , ,N,0,0,0,3,0,1,2,2,N, ,39 59:55.689,75 04:07.131,1925, ,1918, ,0, , , ,0, , , , , , , , , ,1,0,0,0,0,0,0,1,1,0,0,1,1,0,0,0,0,0,0,0,0,0,0,0,0,0,0,0,0,0,0,0,0,0,0,4,0,39.9988,-75.0686, , 
14101,176442,2016062525,6,67,67301,2016,5,1,1412,14,1,1,0,1,6, , ,N,0,0,0,3,0,1,2,3,N,N,39 56:25.391,75 13:34.660,1602, ,1551, ,0, ,N, ,0, , , , , , , , , ,3,3,0,0,0,0,0,0,0,0,0,1,1,0,0,0,0,0,0,0,0,0,0,0,0,0,0,0,0,0,0,0,0,0,0,4,0,39.9404,-75.2263, , 
14102,176445,2016063921,6,67,67301,2016,6,3,2229,22,3,1,0,5,6, , ,N,0,0,0,3,0,1,1,2,N,N,40 02:05.740,75 07:52.467,2245, ,2237,1,1,3,N, ,0,Y, , , , , , , , ,2,0,0,0,0,0,2,0,0,0,0,1,1,0,0,0,0,0,0,0,1,0,0,0,0,0,0,0,0,0,0,0,0,0,0,4,0,40.0349,-75.1312, , 
14103,176451,2016070660,6,67,67301,2016,6,7,2145,21,3,1,0,4,1, , ,N,1,2,0,3,0,1,2,2,N,N,40 00:36.733,75 05:53.140,140, ,140, ,0, ,N, ,3, , , , , , , , , ,2,1,1,0,0,0,0,0,0,0,0,0,1,1,1,0,0,0,0,0,0,0,0,0,0,0,0,0,0,0,0,0,0,0,0,8,0,40.0102,-75.0981, , 
14104,176455,2016080566,6,67,67301,2016,7,5,1544,15,1,1,0,6,1, , ,N,0,0,0,3,0,4,7,3,N,N,40 01:16.896,75 03:48.084,1546, ,1544,1,2,5,N, ,0,Y, , , , , , , , ,3,3,0,0,0,0,0,0,0,0,0,4,4,0,0,0,0,0,0,0,0,0,0,1,0,0,0,0,0,0,0,0,0,0,0,4,0,40.0214,-75.0634, , 
14105,176473,2016051297,6,67,67301,2016,4,7,1757,17,1,1,0,1,1, , ,N,1,2,0,3,0,0,3,2,N,N,40 01:47.921,75 06:15.655,1812, ,1803,1,1,2,N, ,3,N, , , , , , , , ,2,0,0,0,1,0,0,1,0,0,0,0,0,0,0,0,0,1,0,0,0,0,0,0,0,0,0,0,0,0,0,0,0,0,0,0,0,40.03,-75.1043, , 
14106,170254,2016065734,6,67,67301,2016,6,2,1646,16,1,1,0,4,1, , ,N,1,2,0,3,0,0,2,2,N, ,40 02:08.101,75 04:13.712,1652, ,1652, ,0, , , ,3, , , , , , , , , ,2,0,0,0,0,0,0,2,0,0,0,0,0,0,0,0,0,0,0,0,0,0,0,1,0,0,0,0,0,0,0,0,0,0,0,0,0,40.0356,-75.0705, , 
14107,170261,2016070659,6,67,67301,2016,6,1,0,0,3,1,0,1,1, , ,N,1,2,0,3,0,0,6,4,N,N,39 54:20.727,75 11:38.377,40, ,30,2,1,2, , ,3,N, , , , , , , , ,4,1,0,0,0,0,3,0,0,0,0,0,0,0,1,0,0,0,0,0,0,0,0,0,0,0,0,0,0,0,0,0,0,0,0,9,0,39.9057,-75.1938, , 
14108,170295,2016126180,6,67,67301,2016,11,4,35,0,3,1,0,7,5, , ,N,2,2,0,3,0,1,1,1,N,N,39 57:45.204,75 12:37.981,39, ,36, ,0, ,N, ,3, , , , , , , , , ,1,1,0,0,0,0,0,0,0,0,0,0,1,1,0,0,0,0,0,0,0,0,0,0,0,0,0,0,0,0,0,0,0,0,0,8,0,39.9625,-75.2103, , 
14109,170321,2016029900,6,67,67301,2016,2,3,1254,12,1,2,1,5,1, , ,N,0,0,0,3,0,3,4,2,N,N,40 02:19.806,75 03:35.693,9999, ,1254, ,0, ,N, ,0, , , , , , , , , ,2,1,0,1,0,0,0,0,0,0,0,3,3,0,0,0,0,0,1,0,0,0,0,0,0,0,0,0,0,0,0,0,0,0,0,4,1,40.0388,-75.0599, , 
14110,170330,2016044230,6,67,67301,2016,5,1,1710,17,1,2,1,4,1, , ,N,0,0,0,3,0,0,2,5,N,N,39 58:59.892,75 09:30.928,1720, ,1715, ,0, ,N, ,0, , , , , , , , , ,5,3,0,0,0,0,2,0,0,0,0,0,0,0,0,0,0,0,0,0,0,0,0,0,0,0,0,0,0,0,0,0,0,0,0,0,0,39.9833,-75.1586, , 
14111,170335,2016048650,6,67,67301,2016,4,2,1901,19,4,1,0,4,1, , ,N,1,2,0,3,0,3,6,3,N,N,40 03:07.781,75 04:03.513,1912, ,1911, ,0, ,N, ,3, , , , , , , , , ,3,0,0,0,0,0,3,0,0,0,1,2,3,0,0,0,0,0,0,0,1,1,0,1,0,0,0,0,0,0,0,0,0,0,0,3,0,40.0521,-75.0678, , 
14112,170355,2016013990,6,67,67301,2016,1,4,950,9,1,8,2,1,1, , ,N,1,2,0,3,0,2,3,2,N,N,40 01:01.667,75 09:04.024,1002, ,955, ,0, ,N, ,3, , , , , , , , , ,2,2,0,0,0,0,0,0,0,0,0,0,2,2,0,0,0,0,0,0,0,0,0,0,0,0,0,0,0,0,0,0,0,0,0,8,0,40.0171,-75.1512, , 
14113,170376,2016037781,6,67,67301,2016,3,2,825,8,3,2,1,4,1, , ,N,0,0,7,3,0,2,2,2,N,N,40 03:46.810,75 02:32.237,830, ,825, ,0, ,N, ,0, , , , , , , , , ,2,1,0,0,0,0,1,0,0,1,1,0,2,0,0,0,0,0,0,0,0,0,0,0,0,0,0,0,0,0,0,0,0,0,0,2,0,40.063,-75.0423, , 
14114,170400,2016011629,6,67,67301,2016,1,6,330,3,3,1,0,5,5, , ,N,0,0,0,3,0,0,3,2,N,N,39 59:43.217,75 11:51.454,334, ,332,1,2,6, , ,0,N, , , , , , , , ,2,1,0,0,0,0,0,1,0,0,0,0,0,0,0,0,0,0,0,0,0,1,0,0,0,0,0,0,0,0,0,0,0,0,0,0,0,39.9953,-75.1976, , 
14115,170403,2016014419,6,67,67301,2016,1,2,917,9,1,1,0,1,1, , ,N,0,0,0,3,0,0,2,2,N,N,40 01:45.841,75 06:17.203,943, ,924, ,0, ,Y, ,0, , , , , , , , , ,2,1,0,0,0,1,0,0,0,0,0,0,0,0,0,0,0,0,0,0,0,0,0,0,0,0,0,0,0,0,0,0,0,0,0,0,1,40.0294,-75.1048, , 
14116,170419,2016033892,6,67,67301,2016,3,1,9999,99,1,2,1,4,1, , ,N,1,2,0,3,0,1,2,2,N,N,39 58:20.544,75 09:59.380,1845, ,1845, ,0, ,N, ,3, , , , , , , , , ,1,1,0,0,0,0,0,0,1,0,1,0,1,0,0,0,0,0,0,0,0,0,0,1,0,0,0,0,0,0,0,0,0,0,0,3,0,39.9724,-75.1665, , 
14117,170435,2016050865,6,67,67301,2016,4,4,1324,13,1,1,0,8,1, , ,N,1,3,0,3,0,1,2,2,N, ,39 58:48.500,75 13:38.114,1401, ,1400, ,0, , , ,3, , , , , , , , , ,1,1,0,0,0,0,0,0,0,0,1,0,1,0,0,0,0,0,0,0,1,0,0,0,0,0,0,0,0,0,0,0,1,0,0,3,0,39.9801,-75.2273, , 
14118,170437,2016052286,6,67,67301,2016,4,7,2143,21,3,1,0,4,1, , ,N,0,0,0,3,0,1,2,2,N, ,39 59:42.181,75 13:05.700,2220, ,2214, ,0, , , ,0, , , , , , , , , ,2,1,0,0,0,0,0,1,0,0,0,1,1,0,0,0,0,0,0,0,0,0,1,0,0,0,0,0,0,0,0,0,0,0,0,4,0,39.995,-75.2182, , 
14119,170441,2016058127,6,67,67301,2016,5,3,1111,11,1,1,0,7,3, , ,N,0,0,0,3,0,4,4,1,N,N,40 00:26.733,75 12:00.502,1126, ,1126,1,1,4, , ,0,N, , , , , , , , ,1,1,0,0,0,0,0,0,0,0,0,0,4,4,0,0,0,0,0,0,1,0,0,0,0,0,0,0,0,0,0,0,0,0,0,8,0,40.0074,-75.2001, , 
14120,170482,2016046095,6,67,67301,2016,4,6,1000,10,1,1,0,8,1, , ,N,0,0,0,3,0,1,2,2,N, ,40 00:20.476,75 08:04.829,1040, ,1015, ,0, , , ,0, , , , , , , , , ,1,1,0,0,0,0,0,0,0,0,0,0,1,1,0,0,0,0,0,0,1,0,0,1,0,0,0,0,0,0,0,0,1,0,0,8,0,40.0057,-75.1347, , 
14121,170501,2016058593,6,67,67301,2016,5,1,1652,16,1,1,0,4,1, , ,N,1,2,0,3,0,1,2,2,N, ,40 00:34.091,75 09:10.460,1810, ,1750, ,0, , , ,3, , , , , , , , , ,2,1,0,0,0,0,1,0,0,0,0,0,1,1,0,0,0,0,0,0,0,1,0,1,0,0,0,0,0,0,0,0,0,0,0,8,0,40.0095,-75.1528, , 
14122,170502,2016058625,6,67,67301,2016,5,6,655,6,1,1,0,4,1, , ,N,2,0,0,3,0,5,5,2,N,N,39 56:22.149,75 11:49.847,740, ,737, ,0, , , ,0, , , , , , , , , ,2,2,0,0,0,0,0,0,0,0,0,0,5,5,0,0,0,0,0,0,0,0,0,0,0,0,0,0,0,0,0,0,0,0,0,8,0,39.9395,-75.1972, , 
14123,170504,2016067107,6,67,67301,2016,6,7,1557,15,1,1,0,1,1, , ,N,0,0,0,3,0,1,3,2,N,N,39 57:32.594,75 10:20.200,1607, ,1557, ,0, , , ,0, , , , , , , , , ,2,2,0,0,0,0,0,0,0,0,1,0,1,0,0,0,0,0,0,0,0,1,0,0,0,0,0,0,0,0,0,0,0,0,0,3,0,39.9591,-75.1723, , 
14124,173128,2016047032,6,67,67301,2016,4,7,2110,21,3,1,0,8,1, , ,N,0,0,0,3,0,1,2,2,N,N,40 01:53.018,75 03:46.770,2114, ,2114, ,0, ,N, ,0, , , , , , , , , ,1,1,0,0,0,0,0,0,0,0,0,0,1,1,0,0,0,0,0,0,0,0,0,1,0,0,0,0,0,0,0,0,1,0,0,8,0,40.0314,-75.063, , 
14125,173134,2016053737,6,67,67301,2016,5,1,1200,12,1,1,0,4,1, , ,N,1,3,0,3,0,1,3,3,N, ,40 00:23.324,75 06:18.464,1400, ,1350, ,0, , , ,3, , , , , , , , , ,3,2,0,0,0,0,0,1,0,0,0,1,1,0,0,0,1,0,0,0,0,0,0,2,0,0,0,0,0,0,0,0,0,0,0,4,0,40.0065,-75.1051, , 
14126,173140,2016062666,6,67,67301,2016,5,2,1509,15,1,1,0,4,1, , ,N,1,2,0,3,0,0,4,2,N,N,39 58:26.116,75 12:23.386,1520, ,1517, ,0, ,N, ,3, , , , , , , , , ,2,2,0,0,0,0,0,0,0,0,0,0,0,0,0,0,0,0,0,1,0,0,0,0,0,0,0,0,0,0,0,0,0,0,0,0,0,39.9738,-75.2064, , 
14127,173151,2016004285,6,67,67301,2016,1,1,48,0,3,2,1,7,4, , ,N,0,0,0,3,0,2,2,1,N,N,40 02:15.052,75 00:45.872,48, ,48, ,0, ,N, ,0, , , , , , , , , ,1,1,0,0,0,0,0,0,0,0,2,0,2,0,0,0,0,0,0,0,0,0,0,0,0,0,0,0,0,0,0,0,0,0,0,3,0,40.0375,-75.0127, , 
14128,173156,2016053915,6,67,67301,2016,5,1,601,6,3,1,1,7,4, , ,N,0,0,0,3,0,1,1,1,N,N,39 58:52.386,75 12:24.631,609, ,607,1,2,3, , ,0,N, , , , , , , , ,1,1,0,0,0,0,0,0,0,0,1,0,1,0,0,0,0,0,0,0,0,0,0,0,0,0,0,0,0,0,0,0,0,0,0,3,0,39.9812,-75.2068, , 
14129,173176,2016080948,6,67,67301,2016,6,5,1455,14,1,1,0,1,1, , ,N,0,0,0,3,0,1,4,3,N, ,40 05:54.736,75 01:49.041,1524, ,1523, ,0, , , ,0, , , , , , , , , ,3,3,0,0,0,0,0,0,0,0,0,1,1,0,0,0,0,0,0,0,2,0,0,0,0,0,0,0,0,0,0,0,0,0,0,4,0,40.0985,-75.0303, , 
14130,173179,2016084773,6,67,67301,2016,8,3,1906,19,1,1,0,1,1, , ,N,0,0,0,3,0,0,3,2,N,N,39 59:28.606,75 05:11.121,1918, ,1911, ,0, , , ,0, , , , , , , , , ,2,2,0,0,0,0,0,0,0,0,0,0,0,0,0,0,0,0,0,0,0,0,0,0,0,0,0,0,0,0,0,0,0,0,0,0,0,39.9913,-75.0864, , 
14131,173181,2016084616,6,67,67301,2016,8,2,609,6,1,1,0,4,1, , ,N,1,2,0,3,0,2,2,2,N,N,39 58:10.213,75 12:45.380,611, ,610, ,0, ,N, ,3, , , , , , , , , ,2,2,0,0,0,0,0,0,0,0,0,0,2,2,0,0,0,0,0,0,1,0,0,0,0,0,0,0,0,0,0,0,0,0,0,8,0,39.9695,-75.2126, , 
14132,173190,2016091053,6,67,67301,2016,8,6,1724,17,1,1,0,1,1, , ,N,0,2,0,3,0,1,8,3,N,N,40 01:46.993,75 05:17.249,1730, ,1724,1,1,1,N, ,3,N, , , , , , , , ,3,0,0,0,1,0,1,1,0,0,0,1,1,0,1,0,0,0,0,0,1,0,0,0,0,0,0,0,0,0,0,0,0,0,0,4,0,40.0297,-75.0881, , 
14133,173211,2016081589,6,67,67301,2016,8,5,1804,18,1,1,0,1,1, , ,N,0,0,0,3,0,2,3,2,N,N,40 00:34.866,75 03:52.664,1818, ,1807,1,2,1, , ,0,N, , , , , , , , ,2,2,0,0,0,0,0,0,0,0,0,2,2,0,0,0,0,0,0,0,0,1,0,0,0,0,0,0,0,0,0,0,0,0,0,4,0,40.0097,-75.0646, , 
14134,173219,2016082206,6,67,67301,2016,7,7,2332,23,3,2,1,7,4, , ,N,2,0,0,3,0,2,2,1,N,N,39 55:47.510,75 13:17.515,15, ,9,1,1,1,N, ,0,N, , , , , , , , ,1,1,0,0,0,0,0,0,0,0,0,2,2,0,0,0,0,0,0,0,0,0,0,0,0,0,0,0,0,0,0,0,0,0,0,4,0,39.9299,-75.2215, , 
14135,173221,2016080434,6,67,67301,2016,7,5,1925,19,4,1,0,4,1, , ,N,1,2,0,3,0,0,2,2,N, ,40 02:23.726,75 07:13.540,2156, ,2149, ,0, , , ,3, , , , , , , , , ,2,2,0,0,0,0,0,0,0,0,0,0,0,0,0,0,0,0,0,1,0,0,0,0,0,0,0,0,0,0,0,0,0,0,0,0,0,40.0399,-75.1204, , 
14136,173222,2016080765,6,67,67301,2016,7,6,930,9,1,1,0,8,1, , ,N,0,0,0,3,0,1,2,2,N,N,40 00:44.089,75 09:35.208,945, ,938, ,0, , , ,0, , , , , , , , , ,1,1,0,0,0,0,0,0,0,0,0,1,1,0,0,0,0,0,0,0,0,0,0,1,0,0,0,0,0,0,0,0,1,0,0,4,0,40.0122,-75.1598, , 
14137,173232,2016091660,6,67,67301,2016,8,5,845,8,1,1,0,2,1, , ,N,0,0,0,3,0,1,2,2,N, ,39 58:35.994,75 12:17.593,852, ,850, ,0, , , ,0, , , , , , , , , ,1,1,0,0,0,0,0,0,1,0,1,0,1,0,0,0,0,0,0,0,0,0,0,0,0,0,0,0,0,0,0,0,0,0,0,3,0,39.9767,-75.2049, , 
14138,173237,2016088614,6,67,67301,2016,8,4,257,2,3,1,0,1,1, , ,N,1,2,0,3,0,0,2,2,N, ,39 55:07.618,75 11:09.725,257, ,257, ,0, , , ,3, , , , , , , , , ,2,1,0,0,0,0,1,0,0,0,0,0,0,0,0,0,0,0,0,0,1,0,0,0,0,0,0,0,0,0,0,0,0,0,0,0,0,39.9188,-75.186, , 
14139,173254,2016071108,6,67,67301,2016,6,1,2344,23,3,1,0,1,1, , ,N,1,4,0,3,0,1,3,2,N,N,39 53:23.105,75 14:01.659,9, ,7, ,0, ,N, ,3, , , , , , , , , ,2,2,0,0,0,0,0,0,0,0,0,1,1,0,0,0,0,0,0,0,0,0,0,0,0,0,0,0,0,0,0,0,0,0,0,4,0,39.8898,-75.2338, , 
14140,173264,2016080563,6,67,67301,2016,7,7,1658,16,1,2,1,4,1, , ,N,5,2,0,3,0,0,4,2,N,N,40 03:47.184,75 03:06.187,1705, ,1658, ,0, ,N, ,3, , , , , , , , , ,2,1,0,0,1,0,0,0,0,0,0,0,0,0,0,0,0,0,0,0,0,0,0,0,0,0,0,0,0,0,0,0,0,0,0,0,0,40.0631,-75.0516, , 
14141,173266,2016105928,6,67,67301,2016,9,6,758,7,1,1,0,8,1, , ,N,1,2,0,3,0,1,2,2,N, ,40 01:20.289,75 09:43.290,1230, ,1215, ,0, , , ,3, , , , , , , , , ,1,1,0,0,0,0,0,0,0,0,1,0,1,0,1,0,0,0,0,0,0,0,0,0,0,0,0,0,0,0,0,0,1,0,0,3,0,40.0223,-75.162, , 
14142,173293,2016041024,6,67,67301,2016,3,4,2230,22,3,1,0,4,1, , ,N,1,2,0,3,0,1,2,2,N,N,40 00:19.424,75 06:33.741,2322, ,2318, ,0, ,N, ,3, , , , , , , , , ,1,1,0,0,0,0,0,0,1,0,0,1,1,0,0,0,0,0,0,0,0,0,0,1,0,0,0,0,0,0,0,0,0,0,0,4,0,40.0054,-75.1094, , 
14143,178856,2016030709,6,67,67301,2016,3,5,1501,15,1,1,0,4,1, , ,N,0,0,7,3,0,1,2,2,N,N,39 57:44.677,75 14:26.820,1710, ,1706, ,0, , , ,0, , , , , , , , , ,2,1,0,0,0,0,0,0,0,0,0,1,1,0,0,0,0,0,0,0,1,0,0,0,0,0,0,0,0,0,0,0,0,0,0,4,0,39.9624,-75.2408, , 
14144,178857,2016032011,6,67,67301,2016,2,2,1836,18,3,1,0,6,1, , ,N,1,2,0,3,0,1,4,2,N,N,40 00:43.064,75 10:33.675,1839, ,1836,1,1,6,N, ,3,Y, , , , , , , , ,2,1,0,0,0,0,0,1,0,0,0,1,1,0,3,0,0,0,0,0,0,2,0,0,0,0,0,0,0,0,0,0,0,0,0,4,0,40.012,-75.176, , 
14145,178869,2016044508,6,67,67301,2016,4,3,715,7,1,2,1,4,1, , ,N,1,2,0,3,0,1,4,3,N,N,39 58:10.453,75 12:41.538,725, ,720, ,0, ,N, ,2, , , , , , , , , ,3,2,0,0,1,0,0,0,0,0,0,0,1,1,3,0,0,0,0,0,0,0,0,0,0,0,0,0,0,0,0,0,0,0,0,8,0,39.9697,-75.2115, , 
14146,178873,2016050036,6,67,67301,2016,4,6,545,5,1,1,0,5,1, , ,N,0,0,0,3,0,1,3,2,N, ,40 00:20.213,75 06:09.590,548, ,538, ,0, , , ,0, , , , , , , , , ,2,1,0,0,0,1,0,0,0,0,0,1,1,0,0,0,0,0,0,0,1,0,0,0,0,0,0,0,0,0,0,0,0,0,0,4,1,40.0056,-75.1027, , 
14147,178917,2016097697,6,67,67301,2016,9,1,1145,11,1,1,0,4,1, , ,N,2,2,1,3,0,1,2,2,N, ,39 55:19.389,75 11:19.759,1149, ,1146, ,0, , , ,3, , , , , , , , , ,2,1,0,0,0,0,1,0,0,0,0,0,1,1,0,0,0,1,0,0,0,0,0,0,0,0,0,0,0,0,0,0,0,0,0,8,0,39.9219,-75.1888, , 
14148,178919,2016092136,6,67,67301,2016,8,7,1619,16,1,1,0,8,1, , ,N,0,0,0,3,0,1,3,3,N, ,40 05:44.394,74 58:49.458,1655, ,1639, ,0, , , ,0, , , , , , , , , ,2,2,0,0,0,0,0,0,0,0,0,0,1,1,0,0,0,0,0,0,1,0,0,0,0,0,0,0,0,0,0,0,1,0,0,8,0,40.0957,-74.9804, , 
14149,178942,2016019326,6,67,67301,2016,2,2,1112,11,1,1,0,1,1, , ,N,0,0,0,3,0,0,3,2,N,N,40 00:33.637,75 03:57.511,1124, ,1112,2,1,1, , ,0,N, , , , , , , , ,2,1,0,0,0,1,0,0,0,0,0,0,0,0,0,0,0,0,0,0,0,0,0,0,0,0,0,0,0,0,0,0,0,0,0,0,1,40.0093,-75.066, , 
14150,178955,2016031086,6,67,67301,2016,2,6,2015,20,3,1,0,5,1, , ,N,0,0,0,3,0,1,2,2,N,N,40 04:48.378,75 02:31.348,2018, ,2017, ,0, ,N, ,0, , , , , , , , , ,2,2,0,0,0,0,0,0,0,0,0,1,1,0,0,0,0,0,0,0,1,0,0,0,0,0,0,0,0,0,0,0,0,0,0,4,0,40.0801,-75.042, , 
14151,178961,2016039694,6,67,67301,2016,3,5,1545,15,1,1,0,8,1, , ,N,1,2,0,3,0,1,2,2,N,N,39 57:40.557,75 14:05.578,1548, ,1546, ,0, ,N, ,3, , , , , , , , , ,1,0,0,0,1,0,0,0,0,0,0,1,1,0,0,0,0,0,0,0,0,0,0,0,0,0,0,0,0,0,0,0,1,0,0,4,0,39.9612,-75.2349, , 
14152,178972,2016055609,6,67,67301,2016,5,2,300,3,3,1,0,4,1, , ,N,1,3,0,3,0,0,2,3,N,N,39 57:37.263,75 14:25.159,322, ,319, ,0, ,N, ,3, , , , , , , , , ,3,3,0,0,0,0,0,0,0,0,0,0,0,0,1,0,0,0,1,0,0,0,0,0,0,0,0,0,0,0,0,0,0,0,0,9,0,39.9604,-75.2403, , 
14153,179001,2016094636,6,67,67301,2016,9,1,1536,15,1,1,0,1,1, , ,N,10,0,0,3,0,2,3,2,N,N,39 56:24.184,75 11:45.285,1538, ,1536,1,1,4, , ,0,N, , , , , , , , ,2,0,1,0,0,0,1,0,0,0,1,1,2,0,0,0,0,0,0,0,1,1,0,0,0,0,0,0,0,0,0,0,0,0,0,3,0,39.9401,-75.1959, , 
14154,179004,2016091159,6,67,67301,2016,8,5,2105,21,3,8,0,1,1, , ,N,0,0,0,3,0,0,7,2,N,N,39 55:25.464,75 08:51.074,2117, ,2106, ,0, , , ,0, , , , , , , , , ,2,1,0,0,0,0,0,1,0,0,0,0,0,0,0,0,0,0,0,0,0,0,0,0,0,0,0,0,0,0,0,0,0,0,0,0,0,39.9237,-75.1475, , 
14155,179005,2016105010,6,67,67301,2016,8,2,815,8,1,1,0,1,1, , ,N,2,2,0,3,0,2,3,3,Y, ,39 53:40.926,75 13:46.059,900, ,843, ,0, , , ,3, , , , , , , , , ,3,1,0,1,0,0,1,0,0,0,2,0,2,0,0,0,0,0,0,0,1,0,0,1,0,0,0,0,0,0,0,0,0,0,0,3,1,39.8946,-75.2296, , 
14156,179006,2016092109,6,67,67301,2016,8,4,1204,12,1,1,0,4,1, , ,N,1,2,0,3,0,1,2,2,N, ,39 57:50.117,75 10:22.220,1218, ,1210, ,0, , , ,3, , , , , , , , , ,2,2,0,0,0,0,0,0,0,0,1,0,1,0,0,0,0,0,0,0,0,0,0,2,0,0,0,0,0,0,0,0,0,0,0,3,0,39.9638,-75.1729, , 
14157,179008,2016097657,6,67,67301,2016,9,1,330,3,3,1,0,5,1, , ,N,2,2,0,3,0,1,3,2,N,N,39 57:12.696,75 11:07.083,348, ,345, ,0, ,N, ,3, , , , , , , , , ,2,2,0,0,0,0,0,0,0,0,0,0,1,1,0,0,0,0,0,0,0,0,0,2,0,0,0,0,0,0,0,0,0,0,0,8,0,39.9535,-75.1853, , 
14158,179026,2016008574,6,67,67301,2016,1,3,1920,19,3,1,0,4,1, , ,N,1,2,0,3,0,0,2,2,N, ,39 55:28.531,75 10:16.770,1930, ,1923, ,0, , , ,3, , , , , , , , , ,2,1,0,0,0,0,1,0,0,0,0,0,0,0,0,0,0,0,0,0,0,0,0,0,0,0,0,0,0,0,0,0,0,0,0,0,0,39.9246,-75.1712, , 
14159,179030,2016080310,6,67,67301,2016,6,3,100,1,3,1,0,5,6, , ,N,0,0,0,3,0,1,1,3,N, ,39 57:20.804,75 12:57.349,140, ,136, ,0, , , ,0, , , , , , , , , ,3,2,0,0,0,0,1,0,0,0,0,0,1,1,0,0,0,0,0,0,0,0,0,0,0,0,0,0,0,0,0,0,0,0,0,8,0,39.9558,-75.2159, , 
14160,179031,2016080727,6,67,67301,2016,7,4,2014,20,1,1,0,8,1, , ,N,0,0,0,3,0,1,2,2,N,N,39 58:14.417,75 12:30.082,2017, ,2017, ,0, , , ,0, , , , , , , , , ,1,1,0,0,0,0,0,0,0,0,0,1,1,0,0,0,0,0,0,0,0,0,0,0,0,0,0,0,0,0,0,0,1,0,0,4,0,39.9707,-75.2084, , 
14161,176474,2016052297,6,67,67301,2016,4,7,746,7,1,1,0,4,1, , ,N,1,2,0,3,0,3,3,2,N,N,39 57:20.098,75 14:02.378,750, ,748, ,0, ,N, ,3, , , , , , , , , ,2,2,0,0,0,0,0,0,0,2,0,0,3,1,0,0,0,0,0,0,1,0,0,0,0,0,0,0,0,0,0,0,0,0,0,2,0,39.9556,-75.234, , 
14162,176491,2016087206,6,67,67301,2016,8,5,1603,16,1,1,0,8,1, , ,N,1,2,0,3,0,1,4,2,N,N,39 56:50.704,75 14:23.171,1719, ,1717, ,0, ,N, ,3, , , , , , , , , ,1,0,0,0,0,0,0,1,0,0,0,1,1,0,0,0,0,0,0,0,0,0,0,0,0,0,0,0,0,0,0,0,1,0,0,4,0,39.9474,-75.2398, , 
14163,176503,2016105660,6,67,67301,2016,9,5,1848,18,1,1,0,8,1, , ,N,2,0,0,3,0,1,2,2,N,N,39 59:14.294,75 07:28.613,1855, ,1851, ,0, ,N, ,0, , , , , , , , , ,1,1,0,0,0,0,0,0,0,0,0,1,1,0,0,0,0,1,0,0,0,0,0,0,0,0,0,0,0,0,0,0,1,0,0,4,0,39.9873,-75.1246, , 
14164,176529,2016080717,6,67,67301,2016,7,6,1842,18,1,1,0,1,6, , ,N,0,0,0,3,0,0,1,2,N, ,40 04:42.670,75 02:11.924,1846, ,1842,2,1,3, , ,0,N, , , , , , , , ,2,1,0,0,0,0,1,0,0,0,0,0,0,0,0,0,0,0,0,0,0,0,0,1,0,0,0,0,0,0,0,0,0,0,0,0,0,40.0785,-75.0366, , 