objectid_1,objectid,crn,district,county,municipality,crash_year,crash_month,day_of_week,time_of_day,hour_of_day,illumination,weather,road_condition,collision_type,relation_to_road,work_zone_type,work_zone_loc,work_zone_ind,intersect_type,tcd_type,location_type,urban_rural,fatal_count,injury_count,person_count,total_units,sch_bus_ind,sch_zone_ind,latitude,longitude,arrival_tm,cons_zone_spd_lim,dispatch_tm,est_hrs_closed,lane_closed,ln_close_dir,ntfy_hiwy_maint,spec_juris_cd,tcd_func_cd,tfc_detour_ind,workers_pres,wz_close_detour,wz_flagger,wz_law_offcr_ind,wz_ln_closure,wz_moving,wz_other,wz_shlder_mdn,vehicle_count,automobile_count,motorcycle_count,bus_count,small_truck_count,heavy_truck_count,suv_count,van_count,bicycle_count,maj_inj_count,mod_inj_count,min_inj_count,tot_inj_count,unk_inj_deg_count,unk_inj_per_count,driver_count_16yr,driver_count_17yr,driver_count_18yr,driver_count_19yr,driver_count_20yr,driver_count_50_64yr,driver_count_65_74yr,driver_count_75plus,unbelted_occ_count,unb_death_count,unb_maj_inj_count,belted_death_count,belted_maj_inj_count,mcycle_death_count,mcycle_maj_inj_count,bicycle_death_count,bicycle_maj_inj_count,ped_count,ped_death_count,ped_maj_inj_count,max_severity_level,comm_veh_count,dec_lat,dec_long,rdwy_surf_type_cd,county_name
14165,176530,2016080729,6,67,67301,2016,6,5,1248,12,1,1,0,2,6, , ,N,0,0,0,3,0,2,2,4,N,N,39 57:50.445,75 13:15.099,1255, ,1250, ,0, , , ,0, , , , , , , , , ,4,3,0,0,0,0,0,1,0,0,1,1,2,0,0,0,0,0,0,0,0,0,0,1,0,0,0,0,0,0,0,0,0,0,0,3,0,39.964,-75.2209, , 
14166,176550,2016110263,6,67,67301,2016,10,1,1648,16,1,1,0,1,1, , ,N,0,0,0,3,0,0,8,4,N,N,39 59:28.991,75 12:11.430,1659, ,1649,2,1,4, , ,0,N, , , , , , , , ,4,2,0,0,1,0,1,0,0,0,0,0,0,0,0,0,0,1,0,0,0,0,0,0,0,0,0,0,0,0,0,0,0,0,0,0,0,39.9914,-75.2032, , 
14167,176562,2016131059,6,67,67301,2016,10,1,253,2,3,1,0,4,1, , ,N,1,2,0,3,0,2,2,3,N, ,39 56:15.867,75 13:32.487,305, ,302,3,2,7, , ,3,N, , , , , , , , ,3,1,0,0,0,0,2,0,0,0,0,2,2,0,0,0,0,0,0,0,0,0,0,0,0,0,0,0,0,0,0,0,0,0,0,4,0,39.9377,-75.2257, , 
14168,176571,2016011682,6,67,67301,2016,1,6,1456,14,1,1,0,5,1, , ,N,0,0,0,3,0,1,2,2,N,N,39 57:25.952,75 09:06.249,1514, ,1457, ,0, , , ,0, , , , , , , , , ,2,1,0,0,0,0,1,0,0,0,0,0,1,1,0,0,0,1,0,0,0,1,0,0,0,0,0,0,0,0,0,0,0,0,0,8,0,39.9572,-75.1517, , 
14169,176575,2016048539,6,67,67301,2016,4,5,1,0,3,1,0,4,1, , ,N,1,2,0,3,0,2,3,3,N,N,39 57:32.561,75 13:01.166,4, ,2,2,2,6,N, ,3,Y, , , , , , , , ,3,1,0,1,0,0,1,0,0,0,0,2,2,0,0,0,0,0,0,0,0,0,0,0,0,0,0,0,0,0,0,0,0,0,0,4,1,39.959,-75.217, , 
14170,176578,2016051275,6,67,67301,2016,4,4,700,7,1,1,0,4,1, , ,N,2,0,7,3,0,1,2,2,N, ,39 58:32.149,75 07:17.461,720, ,705, ,0, , , ,0, , , , , , , , , ,1,0,0,0,0,0,1,0,1,1,0,0,1,0,0,0,0,0,0,0,1,0,0,1,0,0,0,0,0,0,0,1,0,0,0,2,0,39.9756,-75.1215, , 
14171,176587,2016058125,6,67,67301,2016,5,2,908,9,1,1,0,1,1, , ,N,0,0,0,3,0,0,2,2,N,N,39 59:20.992,75 05:16.581,1013, ,941, ,0, , , ,0, , , , , , , , , ,2,0,0,0,0,1,0,1,0,0,0,0,0,0,0,0,0,0,0,0,0,0,0,0,0,0,0,0,0,0,0,0,0,0,0,0,1,39.9892,-75.0879, , 
14172,176595,2016065713,6,67,67301,2016,6,6,1727,17,1,1,0,8,1, , ,N,0,0,0,3,0,1,2,2,N,N,40 01:42.976,75 03:31.335,1730, ,1727, ,0, ,N, ,0, , , , , , , , , ,1,1,0,0,0,0,0,0,0,0,0,0,1,1,0,0,0,0,0,0,0,0,0,1,0,0,0,0,0,0,0,0,1,0,0,8,0,40.0286,-75.0587, , 
14173,176608,2016080713,6,67,67301,2016,7,4,1411,14,1,1,0,4,1, , ,N,2,2,0,3,0,1,3,2,N, ,39 55:11.208,75 11:17.768,1413, ,1412,1,1,4, , ,3,N, , , , , , , , ,2,2,0,0,0,0,0,0,0,0,1,0,1,0,0,0,0,0,0,0,0,0,1,0,0,0,0,0,0,0,0,0,0,0,0,3,0,39.9198,-75.1883, , 
14174,176612,2016085070,6,67,67301,2016,8,3,1643,16,1,1,0,1,1, , ,N,0,0,0,3,0,1,2,2,N,N,39 58:49.057,75 12:19.888,1652, ,1644,1,1,4, , ,0,N, , , , , , , , ,2,1,0,0,0,0,1,0,0,0,1,0,1,0,0,0,0,0,0,0,1,0,0,0,0,0,0,0,0,0,0,0,0,0,0,3,0,39.9803,-75.2055, , 
14175,176615,2016048625,6,67,67301,2016,4,1,2321,23,3,1,0,4,1, , ,N,2,0,0,3,0,1,2,2,N, ,40 00:20.327,75 06:06.507,10, ,8,2,1,4,N, ,0,Y, , , , , , , , ,2,2,0,0,0,0,0,0,0,0,0,0,1,1,0,0,0,0,0,0,0,0,0,1,0,0,0,0,0,0,0,0,0,0,0,8,0,40.0056,-75.1018, , 
14176,176618,2016051245,6,67,67301,2016,3,2,1700,17,1,2,1,1,1, , ,N,0,0,3,3,0,2,3,2, , ,39 57:37.202,75 10:51.590,0, ,0, ,0, , , ,0, , , , , , , , , ,2,2,0,0,0,0,0,0,0,0,1,0,2,1,0,0,0,0,0,0,0,0,0,0,0,0,0,0,0,0,0,0,0,0,0,3,0,39.9603,-75.181, , 
14177,176619,2016052851,6,67,67301,2016,4,5,1955,19,3,2,1,7,3, , ,N,1,2,0,3,0,1,2,2,N,N,40 02:09.822,75 05:16.321,1955, ,1955, ,0, ,N, ,3, , , , , , , , , ,2,1,0,0,0,0,1,0,0,0,0,1,1,0,0,0,0,0,0,0,0,0,0,0,0,0,0,0,0,0,0,0,0,0,0,4,0,40.0361,-75.0879, , 
14178,176661,2016064040,6,67,67301,2016,6,1,1450,14,1,1,0,6,1, , ,N,0,0,0,3,0,1,2,2,N,N,40 01:01.828,75 12:41.134,1450, ,1450, ,0, ,N, ,0, , , , , , , , , ,2,0,1,0,0,0,0,1,0,0,1,0,1,0,0,0,0,0,0,0,1,0,0,1,0,0,0,0,0,0,0,0,0,0,0,3,0,40.0172,-75.2114, , 
14179,170507,2016068643,6,67,67301,2016,6,4,2005,20,4,1,0,4,1, , ,N,5,2,0,3,0,1,2,2,N,N,40 00:15.188,75 08:55.136,2013, ,2010, ,0, ,N, ,3, , , , , , , , , ,2,0,0,0,0,0,2,0,0,0,0,0,1,1,0,0,0,0,0,0,0,0,0,1,0,0,0,0,0,0,0,0,0,0,0,8,0,40.0042,-75.1486, , 
14180,170528,2016099581,6,67,67301,2016,9,6,1045,10,1,1,0,1,1, , ,N,3,3,0,3,0,0,2,2,N,N,39 58:35.233,75 11:21.692,1112, ,1112, ,0, ,N, ,3, , , , , , , , , ,2,1,0,0,0,0,1,0,0,0,0,0,0,0,0,0,0,0,0,0,0,0,0,0,0,0,0,0,0,0,0,0,0,0,0,0,0,39.9765,-75.1894, , 
14181,170531,2016108616,6,67,67301,2016,9,6,1100,11,1,2,1,1,1, , ,N,0,0,0,3,0,2,3,2,N,N,40 02:28.161,75 04:49.426,1108, ,1101, ,0, ,N, ,0, , , , , , , , , ,2,2,0,0,0,0,0,0,0,0,0,1,2,1,0,0,0,0,0,0,1,0,0,1,0,0,0,0,0,0,0,0,0,0,0,4,0,40.0412,-75.0804, , 
14182,170537,2016105930,6,67,67301,2016,9,2,1205,12,1,2,1,7,4, , ,N,2,0,0,3,0,0,1,1,N,N,40 01:38.920,75 11:33.330,1220, ,1209,1,1,2,N, ,0,N, , , , , , , , ,1,1,0,0,0,0,0,0,0,0,0,0,0,0,0,0,0,0,0,0,0,0,0,0,0,0,0,0,0,0,0,0,0,0,0,0,0,40.0275,-75.1926, , 
14183,170561,2016028341,6,67,67301,2016,2,2,1545,15,1,1,0,5,6, , ,N,0,0,0,3,0,1,4,6,N, ,39 59:21.294,75 06:17.741,1650, ,1644,2,1,1, , ,0,N, , , , , , , , ,6,3,0,0,1,0,1,1,0,0,0,1,1,0,0,0,0,0,0,0,3,0,0,0,0,0,0,0,0,0,0,0,0,0,0,4,0,39.9892,-75.1049, , 
14184,170575,2016048551,6,67,67301,2016,4,7,914,9,1,2,1,1,1, , ,N,1,2,0,3,0,1,2,2,N,N,40 02:40.301,75 11:35.235,1007, ,1001, ,0, ,N, ,3, , , , , , , , , ,2,1,0,0,1,0,0,0,0,0,0,1,1,0,1,0,0,0,0,0,0,0,0,0,0,0,0,0,0,0,0,0,0,0,0,4,0,40.0445,-75.1931, , 
14185,170584,2016058647,6,67,67301,2016,5,3,1735,17,1,9,8,4,1, , ,N,1,2,0,3,0,2,2,2,N,N,40 02:06.731,75 08:43.670,1055, ,1046, ,0, ,N, ,3, , , , , , , , , ,2,0,0,0,0,0,2,0,0,0,1,0,2,1,0,0,0,0,0,0,1,0,0,0,0,0,0,0,0,0,0,0,0,0,0,3,0,40.0352,-75.1455, , 
14186,170604,2016019875,6,67,67301,2016,2,2,630,6,1,1,0,7,5, , ,N,0,0,0,3,0,0,1,1,N,N,39 54:24.322,75 11:31.134,710, ,705, ,0, , , ,0, , , , , , , , , ,1,0,0,0,0,0,1,0,0,0,0,0,0,0,0,0,0,0,0,0,0,0,0,0,0,0,0,0,0,0,0,0,0,0,0,0,0,39.9068,-75.192, , 
14187,170619,2016041022,6,67,67301,2016,3,7,2204,22,3,1,0,8,1, , ,N,0,0,0,3,0,1,2,2,N,N,40 00:00.071,75 05:57.450,2204, ,2204, ,0, , , ,0, , , , , , , , , ,1,0,0,0,0,0,0,1,0,0,0,0,1,1,0,0,0,0,0,0,0,0,0,0,0,0,0,0,0,0,0,0,1,0,0,8,0,40,-75.0993, , 
14188,170626,2016052331,6,67,67301,2016,4,6,605,6,1,1,0,4,1, , ,N,1,0,0,3,0,2,3,2,N,N,40 02:43.414,75 07:35.925,618, ,613, ,0, ,N, ,0, , , , , , , , , ,2,1,0,0,0,0,1,0,0,0,0,1,2,1,1,0,0,0,0,0,0,0,0,0,0,0,0,0,0,0,0,0,0,0,0,4,0,40.0454,-75.1266, , 
14189,170633,2016063878,6,67,67301,2016,6,7,230,2,3,1,0,8,1, , ,N,1,2,0,3,0,1,2,2,N,N,39 59:16.127,75 05:31.456,1130, ,1130, ,0, ,N, ,3, , , , , , , , , ,1,0,0,0,0,0,0,1,0,0,0,0,1,1,0,0,0,0,0,0,0,0,0,0,0,0,0,0,0,0,0,0,1,0,0,8,0,39.9878,-75.0921, , 
14190,170645,2016062521,6,67,67301,2016,5,2,1715,17,1,1,0,4,1, , ,N,2,0,0,3,0,1,2,2,N,N,39 55:38.208,75 14:05.229,1719, ,1719,2,1,3, , ,0,N, , , , , , , , ,1,1,0,0,0,0,0,0,1,0,1,0,1,0,0,0,0,0,0,0,0,0,0,0,0,0,0,0,0,0,0,0,0,0,0,3,0,39.9273,-75.2348, , 
14191,170664,2016089964,6,67,67301,2016,8,7,1250,12,1,1,0,5,6, , ,N,0,0,0,3,0,0,1,2,N, ,39 56:12.386,75 13:09.663,1304, ,1300,1,1,1, , ,0,N, , , , , , , , ,2,1,0,0,0,0,1,0,0,0,0,0,0,0,0,0,0,0,0,0,1,0,0,0,0,0,0,0,0,0,0,0,0,0,0,0,0,39.9368,-75.2194, , 
14192,170680,2016111078,6,67,67301,2016,10,2,1001,10,1,1,0,0,1, , ,N,0,0,0,3,1,0,1,1,N,N,40 02:08.266,75 04:52.045,1009, ,1002, ,0, ,N,0,0, , , , , , , , , ,1,0,1,0,0,0,0,0,0,0,0,0,0,0,0,0,0,0,0,0,0,0,0,0,0,0,0,0,1,0,0,0,0,0,0,1,0,40.0356,-75.0811,2, 
14193,170682,2016108652,6,67,67301,2016,10,3,1219,12,1,1,0,4,1, , ,N,1,2,0,3,0,0,4,2,N,N,40 04:51.077,75 01:43.585,1226, ,1224, ,0, ,N, ,3, , , , , , , , , ,2,2,0,0,0,0,0,0,0,0,0,0,0,0,0,0,0,0,0,0,0,0,1,0,0,0,0,0,0,0,0,0,0,0,0,0,0,40.0808,-75.0286, , 
14194,170706,2016031151,6,67,67301,2016,3,5,1936,19,3,1,0,1,1, , ,N,6,0,2,3,0,1,2,2,N,N,39 56:54.491,75 11:10.619,1947, ,1937, ,0, , , ,0, , , , , , , , , ,2,2,0,0,0,0,0,0,0,0,0,1,1,0,1,0,0,0,0,0,1,0,0,0,0,0,0,0,0,0,0,0,0,0,0,4,0,39.9485,-75.1863, , 
14195,170709,2016032043,6,67,67301,2016,3,5,215,2,3,1,0,0,1, , ,N,0,0,0,3,0,0,1,2,N,N,40 00:58.740,75 08:38.450,223, ,223, ,0, ,N, ,0, , , , , , , , , ,1,0,0,0,0,0,1,0,0,0,0,0,0,0,0,0,0,0,0,0,0,0,0,0,0,0,0,0,0,0,0,0,0,0,0,0,0,40.0163,-75.144, , 
14196,170711,2016038182,6,67,67301,2016,3,6,1303,13,1,1,0,4,1, , ,N,1,2,0,3,0,1,3,2,N,N,39 59:28.136,75 05:42.179,1315, ,1310, ,0, ,N, ,3, , , , , , , , , ,2,0,0,0,0,0,2,0,0,0,0,1,1,0,0,0,0,0,0,0,1,0,0,0,0,0,0,0,0,0,0,0,0,0,0,4,0,39.9911,-75.095, , 
14197,173306,2016064013,6,67,67301,2016,6,4,1750,17,1,1,0,1,1, , ,N,0,0,0,3,0,2,3,2,N, ,39 57:45.378,75 10:36.522,0, ,0, ,0, , , ,0, , , , , , , , , ,2,2,0,0,0,0,0,0,0,0,0,0,2,2,0,0,0,0,0,0,0,0,0,1,0,0,0,0,0,0,0,0,0,0,0,8,0,39.9626,-75.1768, , 
14198,173320,2016080179,6,67,67301,2016,7,7,2031,20,3,1,0,4,1, , ,N,1,2,0,3,0,0,4,2,N, ,40 03:15.962,75 08:52.411,2035, ,2032, ,0, , , ,3, , , , , , , , , ,2,2,0,0,0,0,0,0,0,0,0,0,0,0,0,0,0,0,0,0,0,0,0,2,0,0,0,0,0,0,0,0,0,0,0,0,0,40.0544,-75.1479, , 
14199,173334,2016097757,6,67,67301,2016,8,1,820,8,1,1,0,2,1, , ,N,0,0,0,3,0,1,2,2,N,N,39 58:00.716,75 10:51.344,825, ,823, ,0, ,N, ,0, , , , , , , , , ,2,1,1,0,0,0,0,0,0,0,1,0,1,0,0,0,0,0,0,0,1,0,0,0,0,0,0,0,0,0,0,0,0,0,0,3,0,39.9669,-75.1809, , 
14200,173343,2016061242,6,67,67301,2016,5,1,2230,22,3,1,0,4,1, , ,N,1,2,0,3,0,1,2,2,N,N,39 56:43.252,75 09:05.795,1940, ,1935, ,0, ,N, ,3, , , , , , , , , ,1,1,0,0,0,0,0,0,1,0,0,1,1,0,0,0,0,0,0,0,0,0,0,1,0,0,0,0,0,0,0,0,0,0,0,4,0,39.9453,-75.1516, , 
14201,173344,2016062586,6,67,67301,2016,5,3,1110,11,1,1,0,4,1, , ,N,1,2,0,3,0,2,3,2,N,N,40 02:06.421,75 04:15.407,1120, ,1115,2,1,2, , ,3,Y, , , , , , , , ,2,0,0,0,0,0,0,2,0,0,0,2,2,0,0,0,0,0,0,0,0,1,1,1,0,0,0,0,0,0,0,0,0,0,0,4,0,40.0351,-75.0709, , 
14202,173345,2016062676,6,67,67301,2016,5,4,54,0,3,1,0,7,4, , ,N,0,0,0,3,0,0,1,1,N,N,40 01:02.297,75 12:08.211,112, ,56, ,0, ,N, ,0, , , , , , , , , ,1,1,0,0,0,0,0,0,0,0,0,0,0,0,0,0,0,0,0,0,0,0,0,0,0,0,0,0,0,0,0,0,0,0,0,0,0,40.0173,-75.2023, , 
14203,173348,2016061669,6,67,67301,2016,5,1,731,7,1,1,0,4,1, , ,N,1,2,0,3,0,1,2,2,N, ,39 57:07.402,75 10:24.565,733, ,731, ,0, , , ,3, , , , , , , , , ,2,1,0,0,0,0,1,0,0,0,0,1,1,0,0,0,0,0,0,0,0,0,0,0,0,0,0,0,0,0,0,0,0,0,0,4,0,39.952,-75.1734, , 
14204,173350,2016067496,6,67,67301,2016,6,3,1351,13,1,1,0,1,1, , ,N,0,0,0,3,0,1,5,2,N,N,39 57:35.942,75 10:43.171,1354, ,1351, ,0, , , ,0, , , , , , , , , ,2,2,0,0,0,0,0,0,0,0,0,1,1,0,0,0,0,0,0,1,0,0,0,0,0,0,0,0,0,0,0,0,0,0,0,4,0,39.96,-75.1787, , 
14205,173352,2016068712,6,67,67301,2016,6,7,1610,16,1,1,0,4,1, , ,N,1,3,0,3,0,5,6,2,N,N,39 58:04.699,75 09:01.853,1620, ,1615, ,0, ,N, ,3, , , , , , , , , ,2,1,0,1,0,0,0,0,0,0,0,5,5,0,0,0,0,0,0,0,0,0,0,0,0,0,0,0,0,0,0,0,0,0,0,4,1,39.968,-75.1505, , 
14206,173373,2016082327,6,67,67301,2016,7,2,827,8,1,1,0,4,1, , ,N,2,2,0,3,0,1,2,2,N,N,40 01:45.754,75 06:22.752,835, ,830,1,1,2, , ,3,N, , , , , , , , ,2,0,0,1,0,0,1,0,0,0,0,0,1,1,0,0,0,0,0,0,0,1,0,0,0,0,0,0,0,0,0,0,0,0,0,8,1,40.0294,-75.1063, , 
14207,173395,2016062640,6,67,67301,2016,5,1,1750,17,1,1,0,4,1, , ,N,1,2,0,3,0,1,2,2,N,N,40 00:21.783,75 08:21.022,1805, ,1759, ,0, ,N, ,3, , , , , , , , , ,1,1,0,0,0,0,0,0,1,0,1,0,1,0,0,0,0,0,0,0,0,0,0,1,0,0,0,0,0,0,0,0,0,0,0,3,0,40.0061,-75.1392, , 
14208,173407,2016080143,6,67,67301,2016,7,1,106,1,3,1,0,4,1, , ,N,5,2,0,3,0,1,3,3,N,N,40 01:53.383,75 03:47.425,154, ,152, ,0, , , ,3, , , , , , , , , ,3,2,0,0,1,0,0,0,0,0,0,1,1,0,0,0,0,0,0,0,1,0,0,2,0,0,0,0,0,0,0,0,0,0,0,4,0,40.0316,-75.0633, , 
14209,173408,2016080560,6,67,67301,2016,7,6,840,8,1,1,0,4,1, , ,N,0,0,7,3,0,2,6,3,N,N,39 56:17.886,75 10:13.058,848, ,844, ,0, ,N, ,0, , , , , , , , , ,3,0,0,0,0,0,1,2,0,0,0,1,2,1,0,0,0,0,0,0,2,0,0,1,0,0,0,0,0,0,0,0,0,0,0,4,0,39.9383,-75.1703, , 
14210,173418,2016096635,6,67,67301,2016,8,4,1700,17,1,1,0,4,1, , ,N,2,2,0,3,0,2,3,2,N,N,39 59:07.647,75 15:30.765,1715, ,1707,2,1,1,N, ,3,N, , , , , , , , ,2,1,0,0,0,0,1,0,0,0,0,0,2,2,0,0,0,0,0,0,0,0,0,0,0,0,0,0,0,0,0,0,0,0,0,8,0,39.9855,-75.2585, , 
14211,173422,2016107324,6,67,67301,2016,10,2,1335,13,1,1,0,5,1, , ,N,0,0,0,3,0,0,3,3,N,N,39 53:56.134,75 10:10.370,1355, ,1341, ,0, , , ,0, , , , , , , , , ,3,2,0,0,0,0,1,0,0,0,0,0,0,0,0,0,0,0,0,0,1,0,0,0,0,0,0,0,0,0,0,0,0,0,0,0,0,39.8989,-75.1695, , 
14212,173446,2016019851,6,67,67301,2016,2,2,624,6,1,1,0,8,1, , ,N,2,2,0,3,0,1,2,2,N,N,40 02:13.280,75 06:31.683,645, ,629, ,0, ,N, ,3, , , , , , , , , ,1,0,0,0,0,0,1,0,0,0,0,1,1,0,0,0,0,0,0,0,0,1,0,0,0,0,0,0,0,0,0,0,1,0,0,4,0,40.0372,-75.109, , 
14213,173456,2016029750,6,67,67301,2016,2,2,1720,17,1,1,0,5,1, , ,N,0,0,0,3,0,3,5,2,N,N,40 01:02.812,75 08:57.656,1722, ,1722, ,0, ,N, ,0, , , , , , , , , ,2,0,0,1,0,0,1,0,0,0,0,3,3,0,1,0,0,0,0,0,0,0,0,0,0,0,0,0,0,0,0,0,0,0,0,4,1,40.0174,-75.1493, , 
14214,173460,2016033485,6,67,67301,2016,1,3,550,5,3,1,0,1,1, , ,N,0,0,0,3,0,1,5,5,N,N,40 01:27.916,75 01:50.981,618, ,550,2,1,2, , ,0,N, , , , , , , , ,5,3,0,0,1,0,1,0,0,0,1,0,1,0,0,0,0,0,0,0,2,1,0,0,0,0,0,0,0,0,0,0,0,0,0,3,0,40.0244,-75.0308, , 
14215,179041,2016082380,6,67,67301,2016,7,1,215,2,3,9,1,1,1, , ,N,0,0,0,3,0,1,3,2,N,N,40 00:54.170,75 09:25.160,221, ,218, ,0, ,N, ,0, , , , , , , , , ,2,0,0,0,1,0,1,0,0,0,0,1,1,0,0,0,0,0,0,0,1,0,0,3,0,0,0,0,0,0,0,0,0,0,0,4,0,40.015,-75.157, , 
14216,179044,2016082316,6,67,67301,2016,7,3,1054,10,1,1,0,4,1, , ,N,1,3,0,3,0,0,4,2,N, ,40 04:20.236,75 14:20.957,1059, ,1054, ,0, , , ,3, , , , , , , , , ,2,1,0,0,0,0,1,0,0,0,0,0,0,0,0,0,0,0,0,0,0,0,0,0,0,0,0,0,0,0,0,0,0,0,0,0,0,40.0723,-75.2392, , 
14217,179063,2016110257,6,67,67301,2016,10,7,1932,19,3,1,0,1,1, , ,N,0,0,2,3,0,1,4,2,N,N,39 57:30.232,75 09:52.027,1947, ,1938, ,0, , , ,0, , , , , , , , , ,2,1,0,0,0,0,1,0,0,0,1,0,1,0,0,0,0,1,0,0,0,0,0,0,0,0,0,0,0,0,0,0,0,0,0,3,0,39.9584,-75.1645, , 
14218,179075,2016007474,6,67,67301,2016,1,6,818,8,1,1,0,7,5, , ,N,0,0,0,3,0,0,1,1,N, ,40 00:42.000,75 08:04.000,823, ,820, ,0, , , ,0, , , , , , , , , ,1,1,0,0,0,0,0,0,0,0,0,0,0,0,0,0,0,0,0,0,0,0,0,0,0,0,0,0,0,0,0,0,0,0,0,0,0,40.0117,-75.1344, , 
14219,179088,2016022010,6,67,67301,2016,2,5,1730,17,4,1,0,8,1, , ,N,1,2,0,3,0,1,2,2,N,N,40 01:20.289,75 09:43.290,1740, ,1732, ,0, , , ,3, , , , , , , , , ,1,0,0,0,0,0,0,0,0,0,0,1,1,0,0,0,0,0,0,0,0,0,0,0,0,0,0,0,0,0,0,0,1,0,0,4,0,40.0223,-75.162, , 
14220,179102,2016038188,6,67,67301,2016,3,7,9999,99,1,1,0,4,1, , ,N,1,2,0,3,0,0,2,2,N, ,39 58:11.253,75 08:29.393,0, ,9999,3,1,3, , ,3,N, , , , , , , , ,2,1,0,0,1,0,0,0,0,0,0,0,0,0,0,0,0,0,0,0,0,0,0,1,0,0,0,0,0,0,0,0,0,0,0,0,0,39.9697,-75.1416, , 
14221,179104,2016040974,6,67,67301,2016,4,6,1220,12,1,1,0,4,1, , ,N,2,2,0,3,0,0,2,2,N, ,40 05:06.085,75 13:43.966,1225, ,1220, ,0, ,N, ,3, , , , , , , , , ,2,1,0,0,0,0,1,0,0,0,0,0,0,0,0,1,0,0,0,0,0,0,0,0,0,0,0,0,0,0,0,0,0,0,0,0,0,40.085,-75.2289, , 
14222,179109,2016045353,6,67,67301,2016,4,6,2010,20,1,1,0,8,1, , ,N,0,0,0,3,0,1,2,2,N,N,40 02:44.041,75 10:47.226,2016, ,2012,1,2,6,N, ,0,Y, , , , , , , , ,1,1,0,0,0,0,0,0,0,0,0,1,1,0,0,0,0,0,0,0,0,0,0,0,0,0,0,0,0,0,0,0,1,0,0,4,0,40.0456,-75.1798, , 
14223,179122,2016052410,6,67,67301,2016,4,1,1715,17,1,1,0,4,1, , ,N,1,2,0,3,0,1,2,2,N,N,39 57:20.669,75 12:56.254,1834, ,1832, ,0, ,N, ,3, , , , , , , , , ,2,0,0,0,0,0,1,1,0,0,0,1,1,0,1,0,0,0,0,0,1,0,0,0,0,0,0,0,0,0,0,0,0,0,0,4,0,39.9557,-75.2156, , 
14224,179139,2016016557,6,67,67301,2016,1,1,1900,19,3,1,0,7,4, , ,N,1,2,0,3,0,1,1,1,N,N,40 01:23.199,75 08:12.918,1901, ,1900,2,1,2,N, ,3,N, , , , , , , , ,1,0,0,0,0,0,1,0,0,0,0,0,1,1,0,0,0,0,0,0,0,0,0,0,0,0,0,0,0,0,0,0,0,0,0,8,0,40.0231,-75.1369, , 
14225,179147,2016025999,6,67,67301,2016,2,1,1310,13,1,1,0,4,1, , ,N,1,2,0,3,0,2,3,2,N, ,39 58:46.461,75 10:15.811,1542, ,1537, ,0, , , ,3, , , , , , , , , ,2,1,0,0,0,0,0,1,0,0,2,0,2,0,0,0,0,0,0,0,0,0,0,1,0,0,0,0,0,0,0,0,0,0,0,3,0,39.9796,-75.1711, , 
14226,179154,2016033788,6,67,67301,2016,3,7,1140,11,1,1,0,1,1, , ,N,3,0,2,3,0,2,4,3,N,N,40 02:56.810,75 00:09.765,1200, ,1150,2,1,1,N, ,0,Y, , , , , , , , ,3,2,0,0,0,0,1,0,0,0,1,1,2,0,0,0,0,0,0,0,0,0,0,0,0,0,0,0,0,0,0,0,0,0,0,3,0,40.0488,-75.0016, , 
14227,179189,2016065618,6,67,67301,2016,6,2,1625,16,1,1,0,8,1, , ,N,2,2,0,3,0,1,2,2,N,N,39 57:11.353,75 14:55.491,1756, ,1755, ,0, ,N, ,3, , , , , , , , , ,1,0,0,0,0,0,1,0,0,0,0,1,1,0,0,0,0,0,0,0,0,0,0,0,0,0,0,0,0,0,0,0,1,0,0,4,0,39.9532,-75.2487, , 
14228,179200,2016088454,6,67,67301,2016,8,4,1602,16,1,1,0,7,4, , ,N,0,0,0,3,0,0,1,1,N,N,39 55:54.085,75 08:43.859,1617, ,1612, ,0, , , ,0, , , , , , , , , ,1,1,0,0,0,0,0,0,0,0,0,0,0,0,0,0,0,0,1,0,0,0,0,0,0,0,0,0,0,0,0,0,0,0,0,0,0,39.9317,-75.1455, , 
14229,179202,2016080460,6,67,67301,2016,7,4,1510,15,1,1,0,4,1, , ,N,1,3,0,3,0,2,4,2,N,N,40 00:29.314,75 09:40.503,1510, ,1510, ,0, ,N, ,3, , , , , , , , , ,2,1,0,0,0,0,0,1,0,0,0,0,2,2,0,0,0,0,0,0,0,0,0,0,0,0,0,0,0,0,0,0,0,0,0,8,0,40.0081,-75.1613, , 
14230,179203,2016092068,6,67,67301,2016,8,5,1610,16,1,1,0,4,1, , ,N,1,2,0,3,0,0,2,2,N,N,39 57:12.850,75 10:23.484,1645, ,1637, ,0, ,N, ,3, , , , , , , , , ,2,2,0,0,0,0,0,0,0,0,0,0,0,0,0,0,0,0,0,0,2,0,0,0,0,0,0,0,0,0,0,0,0,0,0,0,0,39.9536,-75.1732, , 
14231,179210,2016087192,6,67,67301,2016,8,7,1820,18,1,1,0,5,1, , ,N,0,0,0,3,0,1,2,2,N, ,39 56:23.694,75 09:53.496,1839, ,1823, ,0, , , ,0, , , , , , , , , ,2,1,0,0,0,0,0,0,0,0,0,1,1,0,0,0,0,0,0,0,0,0,0,0,0,0,0,0,0,0,0,0,0,0,0,4,0,39.9399,-75.1649, , 