objectid_1,objectid,crn,district,county,municipality,crash_year,crash_month,day_of_week,time_of_day,hour_of_day,illumination,weather,road_condition,collision_type,relation_to_road,work_zone_type,work_zone_loc,work_zone_ind,intersect_type,tcd_type,location_type,urban_rural,fatal_count,injury_count,person_count,total_units,sch_bus_ind,sch_zone_ind,latitude,longitude,arrival_tm,cons_zone_spd_lim,dispatch_tm,est_hrs_closed,lane_closed,ln_close_dir,ntfy_hiwy_maint,spec_juris_cd,tcd_func_cd,tfc_detour_ind,workers_pres,wz_close_detour,wz_flagger,wz_law_offcr_ind,wz_ln_closure,wz_moving,wz_other,wz_shlder_mdn,vehicle_count,automobile_count,motorcycle_count,bus_count,small_truck_count,heavy_truck_count,suv_count,van_count,bicycle_count,maj_inj_count,mod_inj_count,min_inj_count,tot_inj_count,unk_inj_deg_count,unk_inj_per_count,driver_count_16yr,driver_count_17yr,driver_count_18yr,driver_count_19yr,driver_count_20yr,driver_count_50_64yr,driver_count_65_74yr,driver_count_75plus,unbelted_occ_count,unb_death_count,unb_maj_inj_count,belted_death_count,belted_maj_inj_count,mcycle_death_count,mcycle_maj_inj_count,bicycle_death_count,bicycle_maj_inj_count,ped_count,ped_death_count,ped_maj_inj_count,max_severity_level,comm_veh_count,dec_lat,dec_long,rdwy_surf_type_cd,county_name
14435,179612,2016014561,6,67,67301,2016,1,7,1905,19,3,1,0,1,1, , ,N,0,0,0,3,0,1,8,2,N,N,40 00:25.134,75 11:58.673,1911, ,1911,1,1,3, , ,0,N, , , , , , , , ,2,1,0,0,0,0,1,0,0,0,0,0,1,1,1,0,0,0,0,0,1,0,0,0,0,0,0,0,0,0,0,0,0,0,0,8,0,40.007,-75.1996, , 
14436,179614,2016015556,6,67,67301,2016,1,2,740,7,1,1,4,7,1, , ,N,0,0,0,3,0,1,1,1,N,N,39 54:58.218,75 11:24.362,750, ,745, ,0, ,N, ,0, , , , , , , , , ,1,1,0,0,0,0,0,0,0,0,1,0,1,0,0,0,0,0,0,0,1,0,0,0,0,0,0,0,0,0,0,0,0,0,0,3,0,39.9162,-75.1901, , 
14437,179619,2016022020,6,67,67301,2016,2,2,606,6,1,1,0,4,1, , ,N,1,2,0,3,0,14,30,2,Y,N,40 02:19.773,75 08:37.097,609, ,608,3,2,6,N, ,3,Y, , , , , , , , ,2,0,0,2,0,0,0,0,0,0,0,14,14,0,0,0,0,0,0,0,0,0,1,0,0,0,0,0,0,0,0,0,0,0,0,4,2,40.0388,-75.1436, , 
14438,179628,2016039688,6,67,67301,2016,3,4,142,1,3,1,0,5,6, , ,N,0,0,0,3,0,0,1,3,N,N,40 01:17.681,75 08:50.654,204, ,158,2,1,3, , ,0,N, , , , , , , , ,3,1,0,0,1,0,1,0,0,0,0,0,0,0,0,0,0,0,0,0,0,0,0,0,0,0,0,0,0,0,0,0,0,0,0,0,0,40.0216,-75.1474, , 
14439,179638,2016049247,6,67,67301,2016,4,4,1622,16,1,1,0,1,1, , ,N,0,0,0,3,0,1,2,2,N,N,39 58:04.387,75 07:50.239,1649, ,1632,2,1,1, , ,0,N, , , , , , , , ,2,2,0,0,0,0,0,0,0,0,0,0,1,1,0,0,0,0,0,0,0,0,0,0,0,0,0,0,0,0,0,0,0,0,0,8,0,39.9679,-75.1306, , 
14440,179652,2016049276,6,67,67301,2016,5,5,31,0,3,1,0,0,1, , ,N,0,0,0,3,0,0,1,1,N,N,39 58:51.349,75 06:11.518,31, ,31,1,2,1, , ,0,N, , , , , , , , ,1,0,0,0,0,0,0,1,0,0,0,0,0,0,0,0,0,0,0,0,1,0,0,0,0,0,0,0,0,0,0,0,0,0,0,0,0,39.9809,-75.1032, , 
14441,179655,2016051295,6,67,67301,2016,3,7,1921,19,1,1,0,1,1, , ,N,0,0,0,3,0,5,6,2,N,N,40 01:03.845,75 10:18.990,1930, ,1921, ,0, ,N, ,0, , , , , , , , , ,2,1,0,0,1,0,0,0,0,0,0,5,5,0,0,0,0,0,0,0,2,0,0,0,0,0,0,0,0,0,0,0,0,0,0,4,0,40.0177,-75.1719, , 
14442,179666,2016068680,6,67,67301,2016,6,7,130,1,3,1,0,1,1, , ,N,1,0,0,3,0,0,2,3,N, ,39 58:20.690,75 14:34.767,132, ,132,3,1,2, , ,0,N, , , , , , , , ,3,1,0,0,0,0,2,0,0,0,0,0,0,0,0,0,0,0,0,0,0,0,0,0,0,0,0,0,0,0,0,0,0,0,0,0,0,39.9724,-75.243, , 
14443,179673,2016080903,6,67,67301,2016,6,7,1746,17,1,1,0,4,1, , ,N,1,2,0,3,0,0,2,3,N,N,40 02:52.988,75 04:08.639,1750, ,1746, ,0, ,N, ,3, , , , , , , , , ,3,3,0,0,0,0,0,0,0,0,0,0,0,0,0,0,0,0,0,0,0,0,0,0,0,0,0,0,0,0,0,0,0,0,0,0,0,40.0481,-75.0691, , 
14444,179679,2016082238,6,67,67301,2016,7,7,300,3,3,1,0,2,1, , ,N,1,2,0,3,0,1,2,2,N,N,39 56:18.900,75 11:54.432,315, ,310, ,0, ,N, ,3, , , , , , , , , ,2,2,0,0,0,0,0,0,0,0,0,1,1,0,0,0,0,0,0,0,0,0,0,1,0,0,0,0,0,0,0,0,0,0,0,4,0,39.9386,-75.1985, , 
14445,179683,2016096624,6,67,67301,2016,8,4,1800,18,1,1,0,4,1, , ,N,1,3,0,3,0,0,2,2,N, ,40 03:57.202,75 10:35.464,1830, ,1818,1,1,5, , ,3,N, , , , , , , , ,2,1,0,0,0,1,0,0,0,0,0,0,0,0,0,0,0,0,0,0,0,0,0,0,0,0,0,0,0,0,0,0,0,0,0,0,1,40.0659,-75.1765, , 
14446,179689,2016105798,6,67,67301,2016,10,4,628,6,1,1,0,5,1, , ,N,0,0,0,3,0,0,3,3,N,N,40 00:28.243,75 04:17.622,650, ,637,2,1,1, , ,0,N, , , , , , , , ,3,2,0,0,1,0,0,0,0,0,0,0,0,0,0,0,0,1,0,0,0,0,0,0,0,0,0,0,0,0,0,0,0,0,0,0,0,40.0078,-75.0716, , 
14447,179701,2016051264,6,67,67301,2016,3,3,1014,10,1,1,0,4,1, , ,N,1,3,0,3,0,2,2,2,N,N,39 59:13.272,75 08:13.617,1014, ,1014, ,0, ,N, ,3, , , , , , , , , ,2,1,0,0,0,0,1,0,0,0,0,2,2,0,0,0,0,0,0,0,1,0,0,1,0,0,0,0,0,0,0,0,0,0,0,4,0,39.987,-75.1371, , 
14448,179704,2016053774,6,67,67301,2016,5,7,149,1,3,2,1,1,1, , ,N,1,2,0,3,0,1,2,2,N,N,40 02:05.031,75 04:16.290,149, ,149,1,1,1, , ,3,N, , , , , , , , ,2,1,0,0,0,0,1,0,0,0,0,0,1,1,0,0,0,0,0,1,0,0,1,1,0,0,0,0,0,0,0,0,0,0,0,8,0,40.0348,-75.0711, , 
14449,179707,2016062515,6,67,67301,2016,5,5,1632,16,1,1,0,5,1, , ,N,0,0,0,3,0,1,3,2,N,N,40 00:40.714,75 10:58.229,1639, ,1634,2,2,1,N, ,0,N, , , , , , , , ,2,1,0,0,0,0,1,0,0,0,0,0,1,1,0,0,0,0,0,0,2,0,0,2,0,0,0,0,0,0,0,0,0,0,0,8,0,40.0113,-75.1828, , 
14450,179712,2016064163,6,67,67301,2016,6,5,822,8,1,2,1,1,1, , ,N,0,0,0,3,0,1,2,2,Y,N,39 56:58.196,75 11:03.105,833, ,822, ,0, , , ,0, , , , , , , , , ,2,1,0,1,0,0,0,0,0,0,0,1,1,0,0,0,0,0,0,0,1,0,0,0,0,0,0,0,0,0,0,0,0,0,0,4,1,39.9495,-75.1842, , 
14451,179725,2016080632,6,67,67301,2016,7,5,9999,99,1,1,0,4,1, , ,N,1,2,0,3,0,2,3,2,N, ,39 56:15.784,75 13:42.272,1922, ,1920,2,1,2, , ,3,Y, , , , , , , , ,2,0,0,0,0,0,2,0,0,0,0,2,2,0,0,0,0,0,0,1,0,0,0,0,0,0,0,0,0,0,0,0,0,0,0,4,0,39.9377,-75.2284, , 
14452,179727,2016082211,6,67,67301,2016,7,3,2350,23,3,1,0,4,1, , ,N,5,2,0,3,0,1,2,2,N,N,39 58:06.410,75 14:07.231,1, ,58, ,0, ,N, ,3, , , , , , , , , ,2,1,0,1,0,0,0,0,0,0,0,0,1,1,0,0,0,0,0,0,1,0,0,0,0,0,0,0,0,0,0,0,0,0,0,8,1,39.9684,-75.2353, , 
14453,177239,2016048600,6,67,67301,2016,4,6,1820,18,1,1,0,1,1, , ,N,0,0,0,3,0,1,2,2,N, ,40 01:35.908,75 08:20.707,1830, ,1827, ,0, , , ,0, , , , , , , , , ,1,1,0,0,0,0,0,0,1,0,0,1,1,0,0,0,0,0,0,0,0,0,0,1,0,0,0,0,0,0,0,0,0,0,0,4,0,40.0266,-75.1391, , 
14454,177248,2016013913,6,67,67301,2016,1,3,2232,22,3,1,0,8,1, , ,N,1,2,0,3,0,1,2,2,N,N,39 58:17.277,75 13:33.037,2300, ,2250, ,0, ,N, ,3, , , , , , , , , ,1,1,0,0,0,0,0,0,0,0,0,0,1,1,0,0,0,0,0,0,0,0,0,1,0,0,0,0,0,0,0,0,1,0,0,8,0,39.9715,-75.2258, , 
14455,177249,2016013928,6,67,67301,2016,1,4,945,9,1,1,0,5,1, , ,N,1,2,0,3,0,1,3,3,N,N,40 06:51.780,74 59:17.002,951, ,946, ,0, ,N, ,3, , , , , , , , , ,3,1,0,0,0,0,1,0,0,0,0,0,1,1,0,0,0,0,0,0,1,1,0,0,0,0,0,0,0,0,0,0,0,0,0,8,0,40.1144,-74.9881, , 
14456,177261,2016029888,6,67,67301,2016,2,6,1850,18,2,1,0,1,1, , ,N,1,2,0,3,0,1,5,2,N, ,40 03:23.817,75 00:47.353,1855, ,1853, ,0, , , ,3, , , , , , , , , ,2,1,0,0,0,0,1,0,0,0,0,1,1,0,0,0,0,0,0,0,2,0,0,0,0,0,0,0,0,0,0,0,0,0,0,4,0,40.0566,-75.0132, , 
14457,177276,2016041028,6,67,67301,2016,4,4,1140,11,1,1,0,5,1, , ,N,0,0,0,3,0,2,2,2,N, ,39 57:37.767,75 09:42.751,1143, ,1142, ,0, , , ,0, , , , , , , , , ,2,1,0,0,1,0,0,0,0,0,0,1,2,1,0,0,0,0,0,0,1,0,0,1,0,0,0,0,0,0,0,0,0,0,0,4,0,39.9605,-75.1619, , 
14458,177280,2016046103,6,67,67301,2016,4,4,1228,12,1,1,0,7,4, , ,N,1,2,0,3,0,0,1,1,N, ,39 54:40.138,75 13:49.680,1250, ,1236, ,0, , , ,3, , , , , , , , , ,1,1,0,0,0,0,0,0,0,0,0,0,0,0,0,0,0,0,0,0,0,0,0,0,0,0,0,0,0,0,0,0,0,0,0,0,0,39.9111,-75.2305, , 
14459,177286,2016053773,6,67,67301,2016,5,7,30,0,3,2,1,4,1, , ,N,0,0,0,3,0,1,2,2,N,N,40 02:01.101,75 03:36.640,55, ,53, ,0, ,N, ,0, , , , , , , , , ,2,2,0,0,0,0,0,0,0,0,1,0,1,0,0,0,0,1,0,0,0,0,0,0,0,0,0,0,0,0,0,0,0,0,0,3,0,40.0336,-75.0602, , 
14460,177298,2016013304,6,67,67301,2016,1,2,1731,17,3,1,0,7,5, , ,N,0,0,0,3,0,1,1,1,N,N,39 55:35.691,75 10:38.805,1735, ,1731, ,0, ,N, ,0, , , , , , , , , ,1,1,0,0,0,0,0,0,0,0,0,1,1,0,0,0,0,0,0,1,0,0,0,0,0,0,0,0,0,0,0,0,0,0,0,4,0,39.9266,-75.1774, , 
14461,177329,2016053706,6,67,67301,2016,5,7,2134,21,3,1,0,4,1, , ,N,1,2,0,3,0,0,3,2,N, ,39 56:29.216,75 14:06.241,2142, ,2137, ,0, , , ,3, , , , , , , , , ,2,2,0,0,0,0,0,0,0,0,0,0,0,0,2,0,0,0,0,0,1,0,0,1,0,0,0,0,0,0,0,0,0,0,0,9,0,39.9415,-75.235, , 
14462,177331,2016056075,6,67,67301,2016,5,7,1645,16,1,1,0,8,1, , ,N,0,2,0,3,0,1,2,2,N,N,40 02:13.556,75 03:46.278,1705, ,1658,1,1,2,N, ,3,N, , , , , , , , ,1,1,0,0,0,0,0,0,0,0,0,0,1,1,0,0,0,0,0,0,0,0,0,0,0,0,0,0,0,0,0,0,1,0,0,8,0,40.0371,-75.0629, , 
14463,177333,2016058675,6,67,67301,2016,5,2,1705,17,1,1,0,8,1, , ,N,1,0,0,3,0,1,3,2,N,N,39 54:50.464,75 09:36.464,1712, ,1708, ,0, ,N, ,0, , , , , , , , , ,1,1,0,0,0,0,0,0,0,0,0,1,1,0,0,0,0,0,0,0,1,0,0,0,0,0,0,0,0,0,0,0,1,0,0,4,0,39.914,-75.1601, , 
14464,177347,2016014503,6,67,67301,2016,1,1,1519,15,1,1,0,1,1, , ,N,0,0,0,3,0,1,2,2,N,N,39 57:30.845,75 10:02.425,1524, ,1520,1,1,3, , ,0,N, , , , , , , , ,2,1,0,0,0,0,1,0,0,0,0,0,1,1,0,0,0,0,0,1,0,1,0,0,0,0,0,0,0,0,0,0,0,0,0,8,0,39.9586,-75.1673, , 
14465,177350,2016017050,6,67,67301,2016,1,6,947,9,1,1,0,4,1, , ,N,1,2,0,3,0,1,3,2,N,N,39 57:40.697,75 10:30.951,950, ,947,9,1,1,N, ,3,N, , , , , , , , ,2,1,0,1,0,0,0,0,0,0,0,0,1,1,0,0,0,0,0,0,1,0,0,0,0,0,0,0,0,0,0,0,0,0,0,8,1,39.9613,-75.175, , 
14466,177365,2016032046,6,67,67301,2016,3,5,921,9,1,1,0,8,1, , ,N,1,2,0,3,0,1,2,2,N,N,39 57:22.453,75 11:38.974,954, ,948, ,0, ,N, ,3, , , , , , , , , ,1,0,0,0,0,1,0,0,0,0,0,1,1,0,0,0,0,0,0,0,1,0,0,1,0,0,0,0,0,0,0,0,1,0,0,4,1,39.9562,-75.1941, , 
14467,177367,2016033118,6,67,67301,2016,3,6,1400,14,1,1,0,4,1, , ,N,0,0,7,3,0,1,2,2,N, ,40 01:55.826,75 10:42.873,1030, ,1030, ,0, ,N, ,0, , , , , , , , , ,2,1,0,0,0,0,0,1,0,0,0,0,1,1,0,0,0,0,0,0,1,0,0,1,0,0,0,0,0,0,0,0,0,0,0,8,0,40.0322,-75.1786, , 
14468,177371,2016036435,6,67,67301,2016,3,4,2248,22,3,1,0,6,6, , ,N,0,0,0,3,0,0,1,6,N,N,39 54:56.055,75 14:00.960,2310, ,2308, ,0, ,N, ,0, , , , , , , , , ,6,4,0,0,0,0,1,1,0,0,0,0,0,0,0,0,0,0,0,0,1,0,0,0,0,0,0,0,0,0,0,0,0,0,0,0,0,39.9156,-75.2336, , 
14469,177393,2016007838,6,67,67301,2016,1,1,2041,20,3,1,0,5,1, , ,N,0,0,0,3,0,1,2,2,N,N,39 57:36.722,75 10:52.219,2131, ,2100, ,0, , , ,0, , , , , , , , , ,2,2,0,0,0,0,0,0,0,0,0,1,1,0,0,0,0,0,0,0,0,0,0,0,0,0,0,0,0,0,0,0,0,0,0,4,0,39.9602,-75.1812, , 
14470,177397,2016013731,6,67,67301,2016,1,7,1155,11,1,1,0,1,1, , ,N,0,0,0,3,0,1,4,2,N, ,39 54:29.982,75 10:24.626,1200, ,1200, ,0, , , ,0, , , , , , , , , ,2,1,0,0,1,0,0,0,0,0,0,1,1,0,0,0,0,0,0,0,0,0,0,0,0,0,0,0,0,0,0,0,0,0,0,4,0,39.9083,-75.1735, , 
14471,171153,2016040853,6,67,67301,2016,3,5,1514,15,1,1,0,7,4, , ,N,0,0,0,3,0,2,2,1,N,N,39 56:45.855,75 13:07.960,1518, ,1514,1,1,5,N, ,0,Y, , , , , , , , ,1,1,0,0,0,0,0,0,0,0,0,0,2,2,0,0,0,0,0,0,0,1,0,2,0,0,0,0,0,0,0,0,0,0,0,8,0,39.9461,-75.2189, , 
14472,171154,2016040999,6,67,67301,2016,4,1,2129,21,2,1,0,4,1, , ,N,1,3,0,3,0,0,4,2,N,N,39 57:05.047,75 14:20.162,2130, ,2130, ,0, ,N, ,3, , , , , , , , , ,2,2,0,0,0,0,0,0,0,0,0,0,0,0,0,0,0,0,0,0,0,0,0,0,0,0,0,0,0,0,0,0,0,0,0,0,0,39.9514,-75.2389, , 
14473,171194,2016044570,6,67,67301,2016,4,4,2135,21,3,1,0,8,1, , ,N,1,2,0,3,0,1,2,2,N,N,39 57:19.798,75 12:49.215,2140, ,2138, ,0, ,N, ,3, , , , , , , , , ,1,1,0,0,0,0,0,0,0,0,0,1,1,0,0,0,0,0,0,0,1,0,0,0,0,0,0,0,0,0,0,0,1,0,0,4,0,39.9555,-75.2136, , 
14474,171198,2016058531,6,67,67301,2016,5,3,2030,20,3,1,0,7,4, , ,N,0,0,0,3,0,1,1,1,N, ,39 59:13.382,75 13:48.991,2040, ,2035,3,2,4, , ,0,Y, , , , , , , , ,1,1,0,0,0,0,0,0,0,0,0,0,1,1,0,0,0,0,0,0,0,0,0,0,0,0,0,0,0,0,0,0,0,0,0,8,0,39.9871,-75.2303, , 
14475,171199,2016058572,6,67,67301,2016,5,6,730,7,1,1,0,1,1, , ,N,1,4,0,3,0,0,3,2,N,N,39 54:14.563,75 14:24.409,730, ,730, ,0, ,N, ,3, , , , , , , , , ,2,1,0,0,0,0,1,0,0,0,0,0,0,0,0,0,0,0,0,0,0,0,0,0,0,0,0,0,0,0,0,0,0,0,0,0,0,39.904,-75.2401, , 
14476,171200,2016062656,6,67,67301,2016,5,7,2300,23,3,1,0,6,6, , ,N,0,0,0,3,0,0,1,2,N, ,39 59:49.200,75 04:23.606,122, ,120, ,0, , , ,0, , , , , , , , , ,2,2,0,0,0,0,0,0,0,0,0,0,0,0,1,0,0,0,1,0,0,0,0,0,0,0,0,0,0,0,0,0,0,0,0,9,0,39.997,-75.0732, , 
14477,171214,2016080177,6,67,67301,2016,6,1,1005,10,1,1,0,4,1, , ,N,1,3,0,3,0,1,2,3,N,N,39 59:50.431,75 06:29.077,1008, ,1007, ,0, ,N, ,3, , , , , , , , , ,3,2,0,0,0,0,0,1,0,0,0,0,1,1,0,0,0,0,0,1,0,0,0,1,0,0,0,0,0,0,0,0,0,0,0,8,0,39.9973,-75.1081, , 
14478,171250,2016052845,6,67,67301,2016,4,5,929,9,1,1,0,4,1, , ,N,1,3,0,3,0,1,2,2,N,N,39 57:37.857,75 11:38.065,929, ,929, ,0, , , ,3, , , , , , , , , ,2,2,0,0,0,0,0,0,0,0,0,1,1,0,0,0,0,0,0,0,0,1,0,0,0,0,0,0,0,0,0,0,0,0,0,4,0,39.9605,-75.1939, , 
14479,171259,2016062775,6,67,67301,2016,5,2,2230,22,3,1,0,7,4, , ,N,0,0,0,3,0,0,1,1,N,N,39 57:23.287,75 08:26.697,2349, ,2300,2,1,1, , ,0,N, , , , , , , , ,1,1,0,0,0,0,0,0,0,0,0,0,0,0,1,0,0,0,0,0,0,0,0,0,0,0,0,0,0,0,0,0,0,0,0,9,0,39.9565,-75.1407, , 
14480,171276,2016019837,6,67,67301,2016,2,1,410,4,3,1,0,5,1, , ,N,0,0,0,3,0,3,3,4,N,N,39 59:53.633,75 07:37.853,410, ,410, ,0, , , ,0, , , , , , , , , ,2,2,0,0,0,0,0,0,0,0,2,1,3,0,0,0,0,0,0,0,0,0,0,1,0,0,0,0,0,0,0,0,2,0,0,3,0,39.9982,-75.1272, , 
14481,171279,2016026087,6,67,67301,2016,2,3,2132,21,3,4,1,0,1, , ,N,0,0,0,3,0,1,1,1,N, ,39 55:01.823,75 12:51.797,2134, ,2132,2,1,3, , ,0,N, , , , , , , , ,1,0,0,0,1,0,0,0,0,0,1,0,1,0,0,0,0,0,0,0,1,0,0,0,0,0,0,0,0,0,0,0,0,0,0,3,0,39.9172,-75.2144, , 
14482,171293,2016040903,6,67,67301,2016,4,3,43,0,3,1,0,5,1, , ,N,0,0,0,3,0,2,5,4,N, ,39 59:23.856,75 10:07.724,50, ,44, ,0, , , ,0, , , , , , , , , ,4,3,0,0,0,0,1,0,0,0,0,2,2,0,1,0,0,0,0,0,0,0,0,0,0,0,0,0,0,0,0,0,0,0,0,4,0,39.99,-75.1688, , 
14483,171296,2016044559,6,67,67301,2016,4,5,1335,13,1,2,1,4,1, , ,N,1,2,0,3,0,1,2,2,N,N,40 01:24.736,75 04:47.909,1340, ,1337, ,0, ,N, ,3, , , , , , , , , ,2,1,0,1,0,0,0,0,0,0,0,0,1,1,0,0,0,0,0,0,0,0,0,1,0,0,0,0,0,0,0,0,0,0,0,8,1,40.0235,-75.08, , 
14484,171324,2016016512,6,67,67301,2016,2,5,1257,12,1,1,0,8,9, , ,N,10,2,99,3,0,1,2,2,N,N,39 57:02.847,75 11:43.137,1258, ,1257, ,0, ,N, ,3, , , , , , , , , ,1,1,0,0,0,0,0,0,0,0,0,0,1,1,0,0,0,0,0,0,0,0,0,0,0,0,0,0,0,0,0,0,1,0,0,8,0,39.9508,-75.1953, , 
14485,171330,2016025991,6,67,67301,2016,2,7,2252,22,3,1,0,4,1, , ,N,1,2,0,3,0,1,3,2,N, ,40 00:20.692,75 05:56.577,2323, ,2315, ,0, , , ,3, , , , , , , , , ,2,2,0,0,0,0,0,0,0,0,0,0,1,1,2,0,0,0,0,0,0,0,0,0,0,0,0,0,0,0,0,0,0,0,0,8,0,40.0057,-75.099, , 
14486,171335,2016033848,6,67,67301,2016,3,2,2325,23,3,2,1,4,1, , ,N,1,2,0,3,0,2,3,3,N,N,39 57:37.620,75 14:28.063,2331, ,2331, ,0, ,N, ,3, , , , , , , , , ,3,2,0,0,1,0,0,0,0,0,0,0,2,2,0,0,0,0,0,0,0,0,0,1,0,0,0,0,0,0,0,0,0,0,0,8,0,39.9604,-75.2411, , 
14487,171339,2016039817,6,67,67301,2016,3,5,745,7,1,1,0,1,1, , ,N,0,0,0,3,0,1,5,5,N,N,39 57:02.473,75 10:59.047,851, ,754,2,2,4, , ,0,N, , , , , , , , ,5,5,0,0,0,0,0,0,0,0,0,0,1,1,0,0,0,0,0,0,2,0,0,0,0,0,0,0,0,0,0,0,0,0,0,8,0,39.9507,-75.1831, , 
14488,171350,2016052402,6,67,67301,2016,5,1,1530,15,1,2,1,7,4, , ,N,1,0,0,3,0,0,1,1,N,N,39 55:01.074,75 09:41.911,1535, ,1532,3,2,4, , ,0,Y, , , , , , , , ,1,1,0,0,0,0,0,0,0,0,0,0,0,0,0,0,0,0,0,0,0,0,0,0,0,0,0,0,0,0,0,0,0,0,0,0,0,39.917,-75.1616, , 
14489,174052,2016036546,6,67,67301,2016,3,4,1643,16,4,1,0,4,1, , ,N,2,0,0,3,0,1,1,2,N,N,39 58:15.078,75 12:21.275,1904, ,1856, ,0, , , ,0, , , , , , , , , ,2,0,0,0,0,0,1,0,0,0,1,0,1,0,0,0,0,0,1,0,0,0,0,0,0,0,0,0,0,0,0,0,0,0,0,3,0,39.9709,-75.2059, , 
14490,174056,2016038940,6,67,67301,2016,4,6,1715,17,1,1,0,4,1, , ,N,1,2,0,3,0,1,4,2,N,N,39 56:59.250,75 12:25.488,1725, ,1719, ,0, ,N, ,3, , , , , , , , , ,1,1,0,0,0,0,0,0,1,1,0,0,1,0,0,0,0,0,0,0,1,0,0,0,0,0,0,0,0,0,0,1,0,0,0,2,0,39.9498,-75.2071, , 
14491,174075,2016019338,6,67,67301,2016,2,7,1709,17,3,1,0,1,1, , ,N,0,0,0,3,0,1,7,3,N,N,39 57:27.837,75 09:41.302,1718, ,1710, ,0, , , ,0, , , , , , , , , ,3,3,0,0,0,0,0,0,0,0,0,1,1,0,0,0,1,0,0,0,0,0,0,0,0,0,0,0,0,0,0,0,0,0,0,4,0,39.9577,-75.1615, , 
14492,174098,2016047013,6,67,67301,2016,4,2,2023,20,3,1,0,8,1, , ,N,0,1,0,3,0,1,2,2,N,N,40 00:38.822,75 10:41.530,2025, ,2025, ,0, ,N, ,3, , , , , , , , , ,1,1,0,0,0,0,0,0,0,0,1,0,1,0,0,0,0,0,0,0,1,0,0,0,0,0,0,0,0,0,0,0,1,0,0,3,0,40.0108,-75.1782, , 
14493,174104,2016053771,6,67,67301,2016,5,5,509,5,1,1,0,7,4, , ,N,0,0,0,3,0,0,1,1,N, ,39 58:24.557,75 11:40.657,600, ,515, ,0, , , ,0, , , , , , , , , ,1,0,0,0,0,0,0,1,0,0,0,0,0,0,0,0,0,0,0,0,0,0,0,0,0,0,0,0,0,0,0,0,0,0,0,0,0,39.9735,-75.1946, , 
14494,174142,2016080523,6,67,67301,2016,7,5,1746,17,1,1,0,1,1, , ,N,0,0,0,3,0,0,3,3,N,N,40 04:54.491,74 57:59.424,1810, ,1805,2,1,3,N, ,0,N, , , , , , , , ,3,3,0,0,0,0,0,0,0,0,0,0,0,0,0,0,0,0,0,0,1,0,0,0,0,0,0,0,0,0,0,0,0,0,0,0,0,40.0818,-74.9665, , 
14495,174143,2016080669,6,67,67301,2016,7,1,1652,16,1,1,0,4,1, , ,N,1,2,0,3,0,0,3,2,N,N,40 00:08.214,75 13:12.869,1715, ,1652, ,0, , , ,3, , , , , , , , , ,2,1,0,0,1,0,0,0,0,0,0,0,0,0,2,0,0,0,0,0,0,1,0,0,0,0,0,0,0,0,0,0,0,0,0,9,0,40.0023,-75.2201, , 
14496,174179,2016027535,6,67,67301,2016,2,5,1800,18,3,1,0,5,1, , ,N,1,3,0,3,0,1,2,2,N,N,39 59:18.052,75 06:09.525,2020, ,2015, ,0, ,N, ,3, , , , , , , , , ,2,2,0,0,0,0,0,0,0,0,0,1,1,0,0,0,0,0,0,0,0,0,0,0,0,0,0,0,0,0,0,0,0,0,0,4,0,39.9883,-75.1026, , 
14497,174185,2016031074,6,67,67301,2016,3,5,1052,10,1,1,0,4,1, , ,N,2,3,0,3,0,0,4,3,N,N,40 01:01.632,75 08:01.528,1230, ,1052, ,0, ,N, ,3, , , , , , , , , ,3,2,0,0,1,0,0,0,0,0,0,0,0,0,0,0,0,0,0,0,0,0,0,0,0,0,0,0,0,0,0,0,0,0,0,0,0,40.0171,-75.1338, , 
14498,174193,2016040868,6,67,67301,2016,4,2,135,1,3,1,0,5,6, , ,N,0,0,0,3,0,0,2,2,N, ,40 03:36.983,75 14:18.770,149, ,145,1,1,2, , ,0,N, , , , , , , , ,2,2,0,0,0,0,0,0,0,0,0,0,0,0,0,0,0,0,0,0,0,0,0,0,0,0,0,0,0,0,0,0,0,0,0,0,0,40.0603,-75.2385, , 
14499,174194,2016041225,6,67,67301,2016,2,7,1301,13,1,1,0,5,1,1,4,Y,0,0,0,3,0,1,4,2,N,N,39 57:34.066,75 10:28.306,1314,45,1304,1,2,4, , ,0,N,N,N,N,N,Y,N,Y,Y,2,0,0,0,0,0,1,1,0,0,0,0,1,1,0,0,0,0,0,0,1,0,0,0,0,0,0,0,0,0,0,0,0,0,0,8,0,39.9595,-75.1745, , 
14500,174231,2016025996,6,67,67301,2016,2,6,1830,18,3,1,0,1,1, , ,N,0,2,0,3,0,1,5,2,N, ,40 01:36.381,75 12:33.614,1905, ,1900, ,0, , , ,3, , , , , , , , , ,2,0,0,0,0,0,2,0,0,0,0,1,1,0,0,0,0,0,0,0,0,1,1,0,0,0,0,0,0,0,0,0,0,0,0,4,0,40.0268,-75.2093, , 
14501,174241,2016039692,6,67,67301,2016,3,2,1200,12,1,1,0,4,1, , ,N,1,2,0,3,0,0,2,2,N, ,39 55:54.223,75 10:05.306,1210, ,1208, ,0, ,N, ,3, , , , , , , , , ,2,2,0,0,0,0,0,0,0,0,0,0,0,0,0,0,0,0,0,0,0,0,0,2,0,0,0,0,0,0,0,0,0,0,0,0,0,39.9317,-75.168, , 