objectid_1,objectid,crn,district,county,municipality,crash_year,crash_month,day_of_week,time_of_day,hour_of_day,illumination,weather,road_condition,collision_type,relation_to_road,work_zone_type,work_zone_loc,work_zone_ind,intersect_type,tcd_type,location_type,urban_rural,fatal_count,injury_count,person_count,total_units,sch_bus_ind,sch_zone_ind,latitude,longitude,arrival_tm,cons_zone_spd_lim,dispatch_tm,est_hrs_closed,lane_closed,ln_close_dir,ntfy_hiwy_maint,spec_juris_cd,tcd_func_cd,tfc_detour_ind,workers_pres,wz_close_detour,wz_flagger,wz_law_offcr_ind,wz_ln_closure,wz_moving,wz_other,wz_shlder_mdn,vehicle_count,automobile_count,motorcycle_count,bus_count,small_truck_count,heavy_truck_count,suv_count,van_count,bicycle_count,maj_inj_count,mod_inj_count,min_inj_count,tot_inj_count,unk_inj_deg_count,unk_inj_per_count,driver_count_16yr,driver_count_17yr,driver_count_18yr,driver_count_19yr,driver_count_20yr,driver_count_50_64yr,driver_count_65_74yr,driver_count_75plus,unbelted_occ_count,unb_death_count,unb_maj_inj_count,belted_death_count,belted_maj_inj_count,mcycle_death_count,mcycle_maj_inj_count,bicycle_death_count,bicycle_maj_inj_count,ped_count,ped_death_count,ped_maj_inj_count,max_severity_level,comm_veh_count,dec_lat,dec_long,rdwy_surf_type_cd,county_name
14569,174373,2016028324,6,67,67301,2016,2,5,9999,99,3,1,0,4,1, , ,N,1,2,0,3,0,2,4,2,N, ,39 58:19.903,75 14:41.959,1036, ,1036,1,1,2, , ,3,N, , , , , , , , ,2,2,0,0,0,0,0,0,0,0,0,2,2,0,0,0,0,0,0,0,0,1,0,0,0,0,0,0,0,0,0,0,0,0,0,4,0,39.9722,-75.2449, , 
14570,174383,2016033487,6,67,67301,2016,3,3,547,5,3,1,0,7,5, , ,N,0,0,0,3,0,1,1,1,N,N,39 53:55.415,75 10:13.797,600, ,548,2,1,1, , ,0,N, , , , , , , , ,1,1,0,0,0,0,0,0,0,0,1,0,1,0,0,0,0,0,0,0,0,0,0,1,0,0,0,0,0,0,0,0,0,0,0,3,0,39.8987,-75.1705, , 
14571,174396,2016053831,6,67,67301,2016,5,7,1617,16,1,1,0,5,6, , ,N,0,0,0,3,0,0,1,4,N,N,39 54:49.734,75 10:42.895,1619, ,1619,1,2,3, , ,0,Y, , , , , , , , ,4,3,0,0,0,0,0,1,0,0,0,0,0,0,0,0,0,0,0,0,1,0,0,0,0,0,0,0,0,0,0,0,0,0,0,0,0,39.9138,-75.1786, , 
14572,174408,2016063885,6,67,67301,2016,6,5,124,1,3,1,0,5,1,8,8,Y,3,2,0,3,0,1,3,2,N,N,39 57:52.333,75 08:03.809,126,99,126,9,2,2,N, ,3,Y,U,U,U,U,U,U,U,U,2,1,0,0,0,0,0,1,0,0,0,0,1,1,0,0,0,0,0,0,0,0,0,3,0,0,0,0,0,0,0,0,0,0,0,8,0,39.9644,-75.1343, , 
14573,174409,2016064028,6,67,67301,2016,6,2,1735,17,1,1,0,4,1, , ,N,0,0,7,3,0,3,4,3,N,N,40 04:12.737,75 14:27.812,1739, ,1737,2,1,1,N, ,0,N, , , , , , , , ,3,2,0,0,0,0,0,1,0,0,0,2,3,1,0,0,0,1,0,0,1,0,0,1,0,0,0,0,0,0,0,0,0,0,0,4,0,40.0702,-75.2411, , 
14574,174410,2016064737,6,67,67301,2016,6,2,816,8,1,1,0,1,1, , ,N,0,0,3,3,0,0,2,2,N,N,39 57:18.166,75 08:47.459,817, ,816, ,0, ,N, ,0, , , , , , , , , ,2,1,0,0,0,0,0,1,0,0,0,0,0,0,1,0,0,0,0,0,0,0,0,0,0,0,0,0,0,0,0,0,0,0,0,9,0,39.955,-75.1465, , 
14575,174419,2016080536,6,67,67301,2016,7,5,805,8,1,1,1,5,6, , ,N,0,0,0,3,0,0,1,3,N,N,40 01:26.421,75 05:26.040,810, ,807, ,0, , , ,0, , , , , , , , , ,3,2,0,0,0,0,1,0,0,0,0,0,0,0,1,0,0,0,0,0,0,0,0,0,0,0,0,0,0,0,0,0,0,0,0,9,0,40.024,-75.0906, , 
14576,174430,2016092185,6,67,67301,2016,8,5,9999,99,1,1,0,4,1, , ,N,1,2,0,3,0,1,3,2,N, ,39 57:45.749,75 09:47.159,1836, ,1833, ,0, , , ,3, , , , , , , , , ,1,1,0,0,0,0,0,0,1,0,0,0,1,1,0,0,0,0,0,0,0,1,0,0,0,0,0,0,0,0,0,0,0,0,0,8,0,39.9626,-75.163, , 
14577,174450,2016080570,6,67,67301,2016,6,2,1235,12,1,1,0,4,1, , ,N,1,2,0,3,0,1,3,2,N,N,40 02:32.725,75 04:57.598,1250, ,1246,1,1,2,N, ,3,N, , , , , , , , ,2,2,0,0,0,0,0,0,0,0,0,1,1,0,0,0,0,0,1,0,1,0,0,0,0,0,0,0,0,0,0,0,0,0,0,4,0,40.0424,-75.0827, , 
14578,174451,2016080950,6,67,67301,2016,7,7,1908,19,1,1,0,4,1, , ,N,3,3,0,3,0,1,2,2,N,N,40 07:36.518,75 00:51.206,1940, ,1937, ,0, ,N, ,3, , , , , , , , , ,1,1,0,0,0,0,0,0,1,0,0,0,1,1,0,0,0,0,0,0,1,0,0,0,0,0,0,0,0,0,0,0,0,0,0,8,0,40.1268,-75.0142, , 
14579,174461,2016019793,6,67,67301,2016,2,2,15,0,3,1,0,4,1, , ,N,1,3,0,3,0,0,4,2,N, ,39 57:53.649,75 09:33.990,19, ,17, ,0, , , ,3, , , , , , , , , ,2,1,0,0,0,0,1,0,0,0,0,0,0,0,3,0,0,0,0,0,0,0,0,0,0,0,0,0,0,0,0,0,0,0,0,9,0,39.9649,-75.1594, , 
14580,179949,2016080788,6,67,67301,2016,6,7,725,7,1,1,0,1,1, , ,N,2,0,0,3,0,0,2,2,N, ,40 02:40.593,75 13:03.759,752, ,748, ,0, , , ,0, , , , , , , , , ,2,1,0,0,0,0,1,0,0,0,0,0,0,0,0,0,1,0,0,0,0,0,0,0,0,0,0,0,0,0,0,0,0,0,0,0,0,40.0446,-75.2177, , 
14581,179958,2016091687,6,67,67301,2016,8,7,955,9,1,1,0,7,4, , ,N,0,0,0,3,0,1,1,1,N,N,39 59:45.938,75 12:07.477,1015, ,1010, ,0, ,N, ,0, , , , , , , , , ,1,1,0,0,0,0,0,0,0,0,0,1,1,0,0,0,0,0,0,0,0,0,1,0,0,0,0,0,0,0,0,0,0,0,0,4,0,39.9961,-75.2021, , 
14582,179960,2016102146,6,67,67301,2016,9,6,1410,14,1,1,1,7,5, , ,N,7,0,2,3,0,1,1,1,N,N,39 57:06.151,75 08:29.297,1425, ,1410,2,1,1, , ,0,N, , , , , , , , ,1,0,0,0,0,1,0,0,0,0,0,0,1,1,0,0,0,0,0,0,0,0,0,1,0,0,0,0,0,0,0,0,0,0,0,8,0,39.9517,-75.1415, , 
14583,179984,2016105690,6,67,67301,2016,9,4,920,9,1,1,0,8,1, , ,N,0,0,0,3,0,1,2,2,N,N,40 01:28.136,75 10:14.785,930, ,925, ,0, ,N, ,0, , , , , , , , , ,1,0,0,0,0,0,0,1,0,0,0,1,1,0,0,0,0,0,0,0,0,0,0,0,0,0,0,0,0,0,0,0,1,0,0,4,0,40.0245,-75.1708, , 
14584,179986,2016120403,6,67,67301,2016,11,5,1103,11,1,1,0,5,1, , ,N,1,2,0,3,0,1,2,2,N,N,39 58:10.092,75 08:22.485,1120, ,1111,3,2,3,N, ,3,Y, , , , , , , , ,2,1,0,0,0,1,0,0,0,0,1,0,1,0,0,0,0,0,0,0,1,0,0,1,0,0,0,0,0,0,0,0,0,0,0,3,1,39.9695,-75.1396, , 
14585,179988,2016060833,6,67,67301,2016,5,2,1740,17,1,1,0,4,1, , ,N,1,2,0,3,0,4,6,2,N,N,39 55:22.123,75 14:08.509,1747, ,1745, ,0, ,N, ,3, , , , , , , , , ,2,2,0,0,0,0,0,0,0,0,0,4,4,0,0,0,0,0,0,0,1,0,0,0,0,0,0,0,0,0,0,0,0,0,0,4,0,39.9228,-75.2357, , 
14586,180000,2016053913,6,67,67301,2016,5,6,1528,15,1,1,0,1,1, , ,N,0,0,0,3,0,1,3,3,N,N,39 57:30.861,75 10:02.547,1539, ,1529,1,1,4, , ,0,N, , , , , , , , ,3,2,0,0,0,0,1,0,0,0,1,0,1,0,0,0,0,0,0,0,1,0,0,1,0,0,0,0,0,0,0,0,0,0,0,3,0,39.9586,-75.1674, , 
14587,180004,2016056087,6,67,67301,2016,5,1,1240,12,1,1,0,4,1, , ,N,0,0,0,3,0,1,2,2,N,N,40 01:30.875,75 07:55.592,1504, ,1501, ,0, ,N, ,0, , , , , , , , , ,1,1,0,0,0,0,0,0,1,0,0,1,1,0,0,0,0,0,0,0,1,0,0,0,0,0,0,0,0,0,0,0,0,0,0,4,0,40.0252,-75.1321, , 
14588,180016,2016073661,6,67,67301,2016,7,5,1843,18,1,1,0,1,1, , ,N,0,0,0,3,0,1,2,2,N,N,39 57:26.515,75 09:31.421,1856, ,1844,1,1,3, , ,0,N, , , , , , , , ,2,1,1,0,0,0,0,0,0,0,0,0,1,1,0,0,0,0,0,0,2,0,0,0,0,0,0,0,0,0,0,0,0,0,0,8,0,39.9574,-75.1587, , 
14589,180046,2016063938,6,67,67301,2016,5,3,613,6,1,1,0,4,1, , ,N,1,3,0,3,0,1,2,2,N,N,39 58:56.686,75 11:12.098,640, ,637,1,1,3,N, ,3,N, , , , , , , , ,2,2,0,0,0,0,0,0,0,0,0,1,1,0,1,0,0,0,0,0,0,0,0,0,0,0,0,0,0,0,0,0,0,0,0,4,0,39.9824,-75.1867, , 
14590,180052,2016071090,6,67,67301,2016,6,2,2005,20,1,1,0,5,6, , ,N,0,0,0,3,0,1,1,4,N,N,40 01:53.178,75 03:22.005,2010, ,2008, ,0, ,N, ,0, , , , , , , , , ,4,1,0,0,0,0,1,2,0,0,1,0,1,0,0,0,0,0,0,0,0,0,0,0,0,0,0,0,0,0,0,0,0,0,0,3,0,40.0314,-75.0561, , 
14591,180079,2016107767,6,67,67301,2016,10,2,42,0,3,1,0,1,1, , ,N,0,0,0,3,0,1,2,2,N,N,39 56:16.658,75 11:53.484,47, ,42,4,2,3, , ,0,Y, , , , , , , , ,2,1,0,0,0,1,0,0,0,0,1,0,1,0,0,0,0,0,0,0,1,0,0,1,0,0,0,0,0,0,0,0,0,0,0,3,1,39.938,-75.1982, , 
14592,180090,2016058633,6,67,67301,2016,5,6,944,9,1,1,0,8,1, , ,N,1,2,0,3,0,1,2,2,N,N,40 00:16.318,75 07:55.437,945, ,944, ,0, ,N, ,3, , , , , , , , , ,1,0,0,0,0,0,1,0,0,0,0,1,1,0,0,0,0,0,0,0,0,0,0,1,0,0,0,0,0,0,0,0,1,0,0,4,0,40.0045,-75.1321, , 
14593,180100,2016063937,6,67,67301,2016,5,3,2220,22,3,1,0,8,1, , ,N,0,0,0,3,0,1,2,2,N, ,39 55:45.217,75 09:47.343,2245, ,2239, ,0, , , ,0, , , , , , , , , ,1,1,0,0,0,0,0,0,0,0,0,0,1,1,0,0,0,0,0,0,0,0,0,0,0,0,0,0,0,0,0,0,1,0,0,8,0,39.9292,-75.1632, , 
14594,180116,2016092176,6,67,67301,2016,8,6,1015,10,1,1,0,8,1, , ,N,0,0,0,3,0,1,2,2,N,N,39 58:06.573,75 08:00.206,1103, ,1059, ,0, ,N, ,0, , , , , , , , , ,1,0,0,0,0,0,1,0,0,0,0,1,1,0,0,0,0,0,0,1,0,0,0,0,0,0,0,0,0,0,0,0,1,0,0,4,0,39.9685,-75.1334, , 
14595,180119,2016084591,6,67,67301,2016,8,4,1700,17,1,1,0,4,1, , ,N,2,3,0,3,0,1,2,2,N,N,40 00:48.243,75 08:50.035,1720, ,1711, ,0, , , ,3, , , , , , , , , ,1,1,0,0,0,0,0,0,1,1,0,0,1,0,0,0,0,0,0,0,0,0,0,1,0,0,0,0,0,0,0,1,0,0,0,2,0,40.0134,-75.1472, , 
14596,180151,2016029874,6,67,67301,2016,2,5,1809,18,3,1,0,4,1, , ,N,5,2,0,3,0,1,2,2,N,N,39 57:49.841,75 13:12.286,1910, ,1856, ,0, ,N, ,3, , , , , , , , , ,1,0,0,0,0,0,0,0,1,0,0,1,1,0,0,0,0,0,0,0,0,0,0,0,0,0,0,0,0,0,0,0,0,0,0,4,0,39.9637,-75.2196, , 
14597,180172,2016053734,6,67,67301,2016,5,1,812,8,1,2,1,4,1, , ,N,1,3,0,3,0,1,2,2,N,N,40 00:48.862,75 04:59.620,818, ,815, ,0, ,N, ,3, , , , , , , , , ,2,1,0,0,0,0,1,0,0,0,0,1,1,0,0,0,0,0,0,0,0,0,0,0,0,0,0,0,0,0,0,0,0,0,0,4,0,40.0136,-75.0832, , 
14598,168496,2016032089,6,67,67301,2016,3,1,249,2,3,1,0,4,1, , ,N,1,2,0,3,0,7,7,2,N,N,40 01:27.922,75 08:48.832,301, ,255, ,0, ,Y, ,3, , , , , , , , , ,2,2,0,0,0,0,0,0,0,1,0,6,7,0,0,0,0,0,0,0,0,0,0,0,0,0,0,0,0,0,0,0,0,0,0,2,0,40.0244,-75.1469, , 
14599,168532,2016019757,6,67,67301,2016,2,2,503,5,2,1,1,8,1, , ,N,1,3,0,3,0,1,2,2,N,N,39 55:25.986,75 09:22.928,511, ,508, ,0, ,N, ,3, , , , , , , , , ,1,1,0,0,0,0,0,0,0,0,0,1,1,0,0,0,1,0,0,0,0,0,0,1,0,0,0,0,0,0,0,0,1,0,0,4,0,39.9239,-75.1564, , 
14600,168542,2016026041,6,67,67301,2016,2,7,1314,13,1,1,0,4,1, , ,N,0,0,7,3,0,2,3,2,N, ,39 58:36.709,75 09:17.660,1315, ,1314, ,0, , , ,0, , , , , , , , , ,2,2,0,0,0,0,0,0,0,0,0,2,2,0,0,0,0,0,0,0,0,0,1,1,0,0,0,0,0,0,0,0,0,0,0,4,0,39.9769,-75.1549, , 
14601,168546,2016028802,6,67,67301,2016,2,4,2305,23,3,2,1,1,1, , ,N,0,0,0,3,0,2,3,3,N,N,39 58:53.095,75 06:07.668,2350, ,2305,2,2,1, , ,0,N, , , , , , , , ,3,2,0,0,0,0,1,0,0,0,0,0,2,2,0,0,0,0,0,0,1,0,0,0,0,0,0,0,0,0,0,0,0,0,0,8,0,39.9814,-75.1021, , 
14602,168547,2016029903,6,67,67301,2016,2,2,1825,18,3,1,0,8,1, , ,N,0,0,0,3,0,1,2,2,N,N,40 00:28.399,75 08:25.851,1922, ,1919, ,0, ,N, ,0, , , , , , , , , ,1,1,0,0,0,0,0,0,0,0,0,1,1,0,0,0,0,0,0,0,0,0,0,0,0,0,0,0,0,0,0,0,1,0,0,4,0,40.0079,-75.1405, , 
14603,168549,2016033124,6,67,67301,2016,3,5,725,7,1,1,0,5,1, , ,N,0,0,0,3,0,1,2,2,N,N,39 57:48.923,75 10:36.975,749, ,741, ,0, ,N, ,0, , , , , , , , , ,2,1,0,0,0,0,0,1,0,0,0,0,1,1,0,0,0,0,0,0,0,0,0,0,0,0,0,0,0,0,0,0,0,0,0,8,0,39.9636,-75.1769, , 
14604,168565,2016045354,6,67,67301,2016,4,7,1655,16,1,1,0,1,1, , ,N,1,2,0,3,0,6,12,6,N,N,40 04:36.380,75 01:58.776,1700, ,1659, ,0, ,N, ,3, , , , , , , , , ,6,4,0,0,0,0,1,1,0,0,1,5,6,0,0,0,0,0,0,0,0,0,1,0,0,0,0,0,0,0,0,0,0,0,0,3,0,40.0768,-75.033, , 
14605,168589,2016020140,6,67,67301,2016,1,4,1810,18,2,1,0,0,1, , ,N,0,0,0,3,0,0,5,4,N,N,39 53:57.338,75 10:00.043,1820, ,1820,2,2,1, , ,0,N, , , , , , , , ,4,3,0,0,0,1,0,0,0,0,0,0,0,0,0,0,0,0,0,0,1,0,0,0,0,0,0,0,0,0,0,0,0,0,0,0,1,39.8993,-75.1667, , 
14606,168609,2016039704,6,67,67301,2016,3,6,2,0,3,1,0,4,1, , ,N,1,2,0,3,0,1,3,2,N, ,40 01:44.844,75 05:23.694,9, ,4,9,1,4, , ,3,N, , , , , , , , ,2,2,0,0,0,0,0,0,0,0,0,0,1,1,0,0,0,0,1,1,0,0,0,0,0,0,0,0,0,0,0,0,0,0,0,8,0,40.0291,-75.0899, , 
14607,168611,2016040919,6,67,67301,2016,4,7,1553,15,1,1,0,4,1, , ,N,2,0,0,3,0,1,3,2,N,N,39 53:36.544,75 13:33.896,1731, ,1719, ,0, ,N, ,0, , , , , , , , , ,2,2,0,0,0,0,0,0,0,0,0,1,1,0,0,0,0,0,0,0,0,0,0,1,0,0,0,0,0,0,0,0,0,0,0,4,0,39.8935,-75.2261, , 
14608,168615,2016053725,6,67,67301,2016,5,1,255,2,6,1,0,7,2, , ,N,0,0,0,3,0,0,1,1,N,N,40 05:14.487,74 58:18.332,305, ,225,2,1,3,N, ,0,N, , , , , , , , ,1,1,0,0,0,0,0,0,0,0,0,0,0,0,0,0,0,0,0,0,0,0,0,0,0,0,0,0,0,0,0,0,0,0,0,0,0,40.0874,-74.9718, , 
14609,168621,2016008621,6,67,67301,2016,1,7,2035,20,3,1,0,8,1, , ,N,1,2,0,3,0,1,2,2,N,N,39 55:30.716,75 10:33.742,2045, ,2039, ,0, ,N, ,3, , , , , , , , , ,1,1,0,0,0,0,0,0,0,0,0,0,1,1,1,0,0,0,0,0,0,0,0,0,0,0,0,0,0,0,0,0,1,0,0,8,0,39.9252,-75.1759, , 
14610,168634,2016019365,6,67,67301,2016,2,1,1353,13,1,1,0,1,1, , ,N,0,0,0,3,0,1,8,3,N,N,39 56:34.137,75 11:35.412,1415, ,1355,1,1,4, , ,0,N, , , , , , , , ,3,2,0,0,0,0,1,0,0,0,0,0,1,1,0,0,0,0,0,1,0,0,0,0,0,0,0,0,0,0,0,0,0,0,0,8,0,39.9428,-75.1932, , 
14611,168638,2016023741,6,67,67301,2016,2,6,1249,12,1,1,0,1,1, , ,N,0,0,0,3,0,0,2,2,N,N,39 57:35.911,75 10:42.928,1258, ,1250,2,1,4, , ,0,N, , , , , , , , ,2,1,0,0,0,0,1,0,0,0,0,0,0,0,0,0,1,0,0,0,1,0,0,0,0,0,0,0,0,0,0,0,0,0,0,0,0,39.96,-75.1786, , 
14612,168649,2016033811,6,67,67301,2016,3,5,1545,15,1,1,0,8,1, , ,N,1,2,0,3,0,1,2,2,N,N,39 57:09.274,75 08:54.407,1651, ,1649, ,0, , , ,3, , , , , , , , , ,1,0,0,1,0,0,0,0,0,0,0,1,1,0,0,0,0,0,0,0,0,0,0,0,0,0,0,0,0,0,0,0,1,0,0,4,1,39.9526,-75.1485, , 
14613,168652,2016037130,6,67,67301,2016,4,1,1848,18,1,1,0,4,1, , ,N,1,2,0,3,0,5,5,3,N,N,39 58:37.164,75 09:21.596,1851, ,1850, ,0, ,N, ,3, , , , , , , , , ,3,3,0,0,0,0,0,0,0,0,2,0,5,3,0,0,0,0,0,0,1,0,0,0,0,0,0,0,0,0,0,0,0,0,0,3,0,39.977,-75.156, , 
14614,168654,2016040977,6,67,67301,2016,3,1,1502,15,1,1,0,1,1, , ,N,2,2,0,3,0,1,12,4,N,N,40 01:38.505,75 05:56.834,1510, ,1505,2,1,1,N, ,3,N, , , , , , , , ,4,2,0,0,0,0,2,0,0,0,0,0,1,1,0,0,0,0,0,0,1,0,0,0,0,0,0,0,0,0,0,0,0,0,0,8,0,40.0274,-75.0991, , 
14615,168661,2016058526,6,67,67301,2016,5,2,1759,17,1,1,0,1,1, , ,N,2,0,0,3,0,1,3,3,N,N,39 58:34.062,75 13:27.977,1806, ,1800, ,0, ,N, ,0, , , , , , , , , ,3,1,0,0,0,0,1,0,0,0,0,1,1,0,0,0,0,0,0,0,0,0,0,0,0,0,0,0,0,0,0,0,0,0,0,4,0,39.9761,-75.2244, , 
14616,162192,2016051293,6,67,67301,2016,4,3,1606,16,1,1,0,4,1, , ,N,1,2,0,3,0,2,3,3,N, ,40 01:53.630,75 12:46.938,1615, ,1606, ,0, , , ,9, , , , , , , , , ,3,2,0,1,0,0,0,0,0,0,0,2,2,0,0,0,0,0,0,0,1,1,1,0,0,0,0,0,0,0,0,0,0,0,0,4,1,40.0316,-75.213, , 
14617,162217,2016026853,6,67,67301,2016,2,2,1835,18,3,1,0,8,1, , ,N,0,0,0,3,0,1,2,2,N,N,40 03:48.917,75 05:14.807,1846, ,1842, ,0, ,N, ,0, , , , , , , , , ,1,1,0,0,0,0,0,0,0,0,0,0,1,1,0,0,0,0,0,0,0,0,0,1,0,0,0,0,0,0,0,0,1,0,0,8,0,40.0636,-75.0874, , 
14618,162218,2016029887,6,67,67301,2016,2,4,1825,18,3,2,1,8,1, , ,N,1,2,0,3,0,1,2,2,N, ,40 02:12.142,75 02:27.052,1830, ,1830, ,0, , , ,3, , , , , , , , , ,1,1,0,0,0,0,0,0,0,0,1,0,1,0,0,0,0,0,0,0,0,0,0,0,0,0,0,0,0,0,0,0,1,0,0,3,0,40.0368,-75.0407, , 
14619,162221,2016032092,6,67,67301,2016,3,2,1431,14,1,1,0,1,1, , ,N,1,2,0,3,0,1,4,3,N, ,40 01:50.743,75 05:35.516,1445, ,1434, ,0, , , ,3, , , , , , , , , ,3,2,0,0,1,0,0,0,0,0,0,0,1,1,0,0,0,0,0,0,0,0,0,4,0,0,0,0,0,0,0,0,0,0,0,8,0,40.0308,-75.0932, , 
14620,162229,2016039655,6,67,67301,2016,3,5,1820,18,1,1,0,4,1, , ,N,0,0,7,3,0,0,2,2,N, ,40 02:33.513,75 13:35.685,1855, ,1850, ,0, , , ,0, , , , , , , , , ,2,1,0,0,0,0,1,0,0,0,0,0,0,0,0,0,0,0,0,0,1,0,0,0,0,0,0,0,0,0,0,0,0,0,0,0,0,40.0426,-75.2266, , 
14621,162240,2016053343,6,67,67301,2016,5,2,1519,15,1,1,0,1,1, , ,N,0,0,0,3,0,0,2,2,N,N,40 01:59.011,75 01:13.439,1538, ,1519,1,1,1, , ,0,N, , , , , , , , ,2,2,0,0,0,0,0,0,0,0,0,0,0,0,0,0,0,0,0,0,0,0,0,0,0,0,0,0,0,0,0,0,0,0,0,0,0,40.0331,-75.0204, , 
14622,162241,2016053680,6,67,67301,2016,5,1,310,3,3,2,1,4,1, , ,N,1,2,0,3,0,0,2,5,N,N,39 58:17.655,75 08:46.741,318, ,316,2,2,3,N, ,3,Y, , , , , , , , ,5,5,0,0,0,0,0,0,0,0,0,0,0,0,0,0,0,0,0,0,1,0,0,0,0,0,0,0,0,0,0,0,0,0,0,0,0,39.9716,-75.1463, , 
14623,162265,2016019904,6,67,67301,2016,2,5,102,1,3,8,1,1,1, , ,N,0,2,0,3,0,0,1,2,N,N,39 55:27.419,75 10:33.648,102, ,102,9,2,3,N, ,3,N, , , , , , , , ,2,2,0,0,0,0,0,0,0,0,0,0,0,0,0,0,0,0,0,0,0,0,0,0,0,0,0,0,0,0,0,0,0,0,0,0,0,39.9243,-75.176, , 
14624,162276,2016036520,6,67,67301,2016,3,3,1329,13,1,1,0,4,1, , ,N,1,2,0,3,0,1,2,2,N,N,39 59:16.564,75 07:24.030,1347, ,1336, ,0, ,N, ,3, , , , , , , , , ,2,2,0,0,0,0,0,0,0,0,0,1,1,0,0,0,0,0,0,0,0,0,0,1,0,0,0,0,0,0,0,0,0,0,0,4,0,39.9879,-75.1235, , 
14625,162279,2016041002,6,67,67301,2016,3,2,1530,15,1,1,0,1,6, , ,N,0,0,0,3,0,1,3,4,N,N,39 59:29.495,75 09:18.421,1542, ,1539,3,1,2,N, ,0,Y, , , , , , , , ,4,3,0,0,0,0,0,1,0,0,1,0,1,0,0,0,0,0,1,0,1,0,0,0,0,0,0,0,0,0,0,0,0,0,0,3,0,39.9915,-75.1551, , 
14626,162308,2016019863,6,67,67301,2016,2,4,2230,22,3,2,1,6,1, , ,N,3,2,0,3,0,1,2,2,N, ,40 07:06.945,75 00:25.153,2318, ,2308, ,0, , , ,3, , , , , , , , , ,2,1,0,0,0,0,1,0,0,0,0,1,1,0,0,0,0,0,0,0,0,0,0,1,0,0,0,0,0,0,0,0,0,0,0,4,0,40.1186,-75.007, , 
14627,162313,2016029889,6,67,67301,2016,2,7,1415,14,1,1,0,4,1, , ,N,2,0,0,3,0,1,4,2,N,N,40 03:30.253,75 02:34.859,1415, ,1415, ,0, ,N, ,0, , , , , , , , , ,2,1,0,0,0,0,1,0,0,0,0,1,1,0,0,0,0,0,0,0,0,0,0,0,0,0,0,0,0,0,0,0,0,0,0,4,0,40.0584,-75.0431, , 
14628,162334,2016048668,6,67,67301,2016,4,3,1903,19,1,2,1,4,1, , ,N,1,2,0,3,0,1,2,2,N,N,40 00:55.959,75 03:48.040,1910, ,1904, ,0, ,N, ,3, , , , , , , , , ,1,0,0,0,1,0,0,0,1,0,0,1,1,0,0,0,0,0,0,0,0,1,0,1,0,0,0,0,0,0,0,0,0,0,0,4,0,40.0155,-75.0633, , 
14629,162338,2016053788,6,67,67301,2016,5,1,1500,15,1,1,0,4,2, , ,N,0,0,7,3,0,1,3,2,N,N,40 07:14.526,75 01:00.655,1643, ,1632, ,0, ,N, ,0, , , , , , , , , ,2,1,0,0,0,0,1,0,0,0,0,0,1,1,0,0,0,0,0,0,0,0,0,0,0,0,0,0,0,0,0,0,0,0,0,8,0,40.1207,-75.0168, , 
14630,162342,2016058824,6,67,67301,2016,6,4,1655,16,1,1,0,1,1, , ,N,7,8,2,3,0,1,3,3,N,N,39 53:04.770,75 14:38.828,1712, ,1655,2,2,2, , ,3,N, , , , , , , , ,3,2,0,0,0,0,1,0,0,0,0,1,1,0,0,0,0,0,0,0,1,0,0,0,0,0,0,0,0,0,0,0,0,0,0,4,0,39.8847,-75.2441, , 
14631,162350,2016007846,6,67,67301,2016,1,4,1540,15,1,1,0,1,1,1,2,Y,0,0,0,3,0,2,5,4,N,N,39 58:57.238,75 06:00.229,1605,45,1553,2,2,2, , ,0,Y,N,N,N,N,Y,N,N,N,4,2,0,0,0,0,2,0,0,0,0,1,2,1,1,0,0,0,0,0,1,0,0,0,0,0,0,0,0,0,0,0,0,0,0,4,0,39.9826,-75.1001, , 
14632,162361,2016016801,6,67,67301,2016,2,5,315,3,3,1,0,1,1, , ,N,0,2,0,3,0,4,5,2,N,N,40 01:54.377,75 05:00.382,324, ,319,3,2,1,N, ,3,Y, , , , , , , , ,2,1,0,0,0,0,1,0,0,0,1,0,4,3,0,0,0,0,0,0,0,0,0,0,0,0,0,0,0,0,0,0,0,0,0,3,0,40.0318,-75.0834, , 
14633,162383,2016050541,6,67,67301,2016,4,1,218,2,3,1,0,7,4, , ,N,6,0,2,3,0,0,1,1,N,N,39 59:50.669,75 04:55.143,232, ,222,2,1,2, , ,0,N, , , , , , , , ,1,1,0,0,0,0,0,0,0,0,0,0,0,0,0,0,0,0,0,0,0,0,0,0,0,0,0,0,0,0,0,0,0,0,0,0,0,39.9974,-75.082, , 
14634,165690,2016022449,6,67,67301,2016,2,2,2205,22,3,4,1,4,1, , ,N,1,0,0,3,0,0,3,2,N,N,39 57:34.725,75 09:17.877,2325, ,2320,2,2,2,N, ,0,Y, , , , , , , , ,2,1,0,0,0,1,0,0,0,0,0,0,0,0,0,0,0,0,0,0,1,0,0,0,0,0,0,0,0,0,0,0,0,0,0,0,1,39.9596,-75.155, , 
14635,165705,2016033544,6,67,67301,2016,3,2,151,1,3,2,1,7,4, , ,N,0,0,2,3,0,0,1,1,N,N,39 57:19.708,75 08:53.127,155, ,151, ,0, ,N, ,0, , , , , , , , , ,1,1,0,0,0,0,0,0,0,0,0,0,0,0,0,0,0,0,0,0,0,0,0,0,0,0,0,0,0,0,0,0,0,0,0,0,0,39.9555,-75.1481, , 
14636,165712,2016040637,6,67,67301,2016,3,4,1620,16,1,1,0,1,1, , ,N,0,0,0,3,0,1,3,3,N,N,39 58:06.276,75 07:44.002,1625, ,1621,1,2,1, , ,0,N, , , , , , , , ,3,2,0,0,0,0,1,0,0,0,0,0,1,1,0,0,0,0,0,0,1,1,0,0,0,0,0,0,0,0,0,0,0,0,0,8,0,39.9684,-75.1289, , 