objectid_1,objectid,crn,district,county,municipality,crash_year,crash_month,day_of_week,time_of_day,hour_of_day,illumination,weather,road_condition,collision_type,relation_to_road,work_zone_type,work_zone_loc,work_zone_ind,intersect_type,tcd_type,location_type,urban_rural,fatal_count,injury_count,person_count,total_units,sch_bus_ind,sch_zone_ind,latitude,longitude,arrival_tm,cons_zone_spd_lim,dispatch_tm,est_hrs_closed,lane_closed,ln_close_dir,ntfy_hiwy_maint,spec_juris_cd,tcd_func_cd,tfc_detour_ind,workers_pres,wz_close_detour,wz_flagger,wz_law_offcr_ind,wz_ln_closure,wz_moving,wz_other,wz_shlder_mdn,vehicle_count,automobile_count,motorcycle_count,bus_count,small_truck_count,heavy_truck_count,suv_count,van_count,bicycle_count,maj_inj_count,mod_inj_count,min_inj_count,tot_inj_count,unk_inj_deg_count,unk_inj_per_count,driver_count_16yr,driver_count_17yr,driver_count_18yr,driver_count_19yr,driver_count_20yr,driver_count_50_64yr,driver_count_65_74yr,driver_count_75plus,unbelted_occ_count,unb_death_count,unb_maj_inj_count,belted_death_count,belted_maj_inj_count,mcycle_death_count,mcycle_maj_inj_count,bicycle_death_count,bicycle_maj_inj_count,ped_count,ped_death_count,ped_maj_inj_count,max_severity_level,comm_veh_count,dec_lat,dec_long,rdwy_surf_type_cd,county_name
14637,165713,2016040927,6,67,67301,2016,4,4,2035,20,3,1,0,1,1, , ,N,0,0,0,3,0,3,4,3,N,N,40 03:55.662,75 03:43.101,2040, ,2038, ,0, , , ,0, , , , , , , , , ,3,1,0,0,2,0,0,0,0,0,0,3,3,0,0,0,0,0,0,0,0,0,0,0,0,0,0,0,0,0,0,0,0,0,0,4,0,40.0655,-75.062, , 
14638,165714,2016041412,6,67,67301,2016,3,5,2015,20,3,1,0,5,6, , ,N,0,0,0,3,0,6,6,4,N,N,40 02:48.076,75 04:11.945,2018, ,2015,2,2,4, , ,0,Y, , , , , , , , ,4,2,0,0,0,0,2,0,0,0,0,5,6,1,0,0,0,0,0,0,1,0,0,1,0,0,0,0,0,0,0,0,0,0,0,4,0,40.0467,-75.07, , 
14639,165717,2016042294,6,67,67301,2016,4,2,1603,16,1,2,1,1,1, , ,N,0,0,0,3,0,4,7,2,N,N,39 58:36.494,75 11:52.399,1612, ,1603, ,0, , , ,0, , , , , , , , , ,2,1,0,0,0,0,1,0,0,0,0,0,4,4,1,0,0,0,0,0,1,0,0,0,0,0,0,0,0,0,0,0,0,0,0,8,0,39.9768,-75.1979, , 
14640,165731,2016062613,6,67,67301,2016,5,2,1246,12,1,1,0,5,1, , ,N,0,0,0,3,0,1,4,2,N,N,40 02:26.326,75 03:55.485,1352, ,1351, ,0, , , ,0, , , , , , , , , ,2,1,0,0,0,0,1,0,0,0,0,0,1,1,1,0,0,0,0,0,0,0,0,0,0,0,0,0,0,0,0,0,0,0,0,8,0,40.0406,-75.0654, , 
14641,165737,2016070668,6,67,67301,2016,6,1,1800,18,1,1,0,4,1, , ,N,3,3,2,3,0,2,6,2,N, ,40 00:53.378,75 12:23.551,1810, ,1806, ,0, , , ,3, , , , , , , , , ,2,1,0,0,0,0,1,0,0,0,0,0,2,2,0,0,0,0,0,0,1,0,0,0,0,0,0,0,0,0,0,0,0,0,0,8,0,40.0149,-75.2067, , 
14642,165744,2016078267,6,67,67301,2016,7,1,330,3,3,1,0,7,2, , ,N,0,0,0,3,0,1,2,1,N,N,39 55:55.051,75 11:59.410,330, ,330, ,0, , , ,0, , , , , , , , , ,1,0,0,0,0,0,1,0,0,0,1,0,1,0,0,0,0,0,0,0,0,0,0,0,0,0,0,0,0,0,0,0,0,0,0,3,0,39.932,-75.1998, , 
14643,165755,2016082299,6,67,67301,2016,7,1,1920,19,1,1,0,5,1, , ,N,0,2,0,3,0,0,3,2,N,N,39 57:13.266,75 09:59.612,1936, ,1931,3,1,1,N, ,3,N, , , , , , , , ,2,1,0,0,0,0,1,0,0,0,0,0,0,0,3,0,0,0,0,0,1,0,0,0,0,0,0,0,0,0,0,0,0,0,0,9,0,39.9537,-75.1666, , 
14644,165762,2016099588,6,67,67301,2016,9,3,1510,15,1,1,0,4,1, , ,N,1,2,0,3,0,1,2,2,N, ,40 03:41.853,74 59:18.132,1710, ,1707, ,0, , , ,3, , , , , , , , , ,2,1,0,0,0,0,1,0,0,0,0,1,1,0,0,0,0,0,0,0,0,0,0,0,0,0,0,0,0,0,0,0,0,0,0,4,0,40.0616,-74.9884, , 
14645,165765,2016101551,6,67,67301,2016,9,4,948,9,1,1,0,4,1, , ,N,1,2,0,3,0,1,2,2,N,N,40 00:31.066,75 12:38.913,950, ,948,1,1,2, , ,3,N, , , , , , , , ,2,2,0,0,0,0,0,0,0,0,0,1,1,0,0,0,0,0,0,0,0,0,0,0,0,0,0,0,0,0,0,0,0,0,0,4,0,40.0084,-75.211, , 
14646,165773,2016117741,6,67,67301,2016,10,6,830,8,1,1,0,1,1, , ,N,1,2,0,3,0,1,2,2,Y, ,39 58:23.478,75 09:32.375,905, ,855, ,0, , , ,3, , , , , , , , , ,2,0,0,1,0,0,1,0,0,0,0,0,1,1,0,0,0,0,0,0,0,0,0,0,0,0,0,0,0,0,0,0,0,0,0,8,1,39.9732,-75.159, , 
14647,165778,2016007854,6,67,67301,2016,1,1,510,5,3,2,7,1,1, , ,N,0,0,0,3,0,0,2,2,N,N,39 58:49.948,75 12:21.260,518, ,513, ,0, , , ,0, , , , , , , , , ,2,2,0,0,0,0,0,0,0,0,0,0,0,0,0,0,0,0,0,0,1,0,0,0,0,0,0,0,0,0,0,0,0,0,0,0,0,39.9805,-75.2059, , 
14648,165800,2016036410,6,67,67301,2016,3,4,838,8,1,1,0,2,1, , ,N,1,2,0,3,0,1,2,3,N, ,40 01:59.417,75 05:00.206,847, ,842,2,1,1, , ,3,Y, , , , , , , , ,2,1,0,0,0,0,1,0,0,0,0,1,1,0,0,0,0,0,0,1,0,0,0,0,0,0,0,0,0,0,0,0,0,0,0,4,0,40.0332,-75.0834, , 
14649,165818,2016064105,6,67,67301,2016,6,7,1403,14,1,1,0,1,1, , ,N,0,0,0,3,0,0,6,4,N,N,39 56:38.291,75 11:31.326,1415, ,1408, ,0, , , ,0, , , , , , , , , ,4,2,0,0,0,0,2,0,0,0,0,0,0,0,0,0,0,0,0,0,1,0,0,0,0,0,0,0,0,0,0,0,0,0,0,0,0,39.944,-75.192, , 
14650,165846,2016028846,6,67,67301,2016,3,3,547,5,3,8,0,7,2, , ,N,0,0,0,3,0,0,1,1,N,N,39 54:07.779,75 09:04.352,600, ,548,2,1,1, , ,0,N, , , , , , , , ,1,0,0,0,0,0,1,0,0,0,0,0,0,0,0,0,0,0,0,0,0,0,0,0,0,0,0,0,0,0,0,0,0,0,0,0,0,39.9022,-75.1512, , 
14651,165848,2016029916,6,67,67301,2016,2,6,2210,22,3,1,0,8,1, , ,N,1,2,0,3,0,1,2,2,N, ,40 01:44.341,75 06:21.815,2330, ,2330, ,0, , , ,3, , , , , , , , , ,1,1,0,0,0,0,0,0,0,0,0,1,1,0,1,0,0,0,0,0,0,0,0,0,0,0,0,0,0,0,0,0,1,0,0,4,0,40.029,-75.1061, , 
14652,155947,2016024786,6,67,67301,2016,2,4,731,7,1,1,0,4,1, , ,N,1,2,5,3,0,1,2,2,N, ,39 58:25.573,75 15:29.593,823, ,822, ,0, , , ,3, , , , , , , , , ,1,0,0,0,0,0,0,0,1,0,0,1,1,0,0,0,0,0,0,0,0,0,0,0,0,0,0,0,0,0,0,0,0,0,0,4,0,39.9738,-75.2582, , 
14653,155954,2016033962,6,67,67301,2016,3,5,2102,21,3,1,0,5,1, , ,N,0,0,0,3,0,1,7,2,N,N,39 58:09.422,75 07:37.774,2107, ,2104,2,1,2, , ,0,N, , , , , , , , ,2,1,0,0,1,0,0,0,0,0,0,0,1,1,0,0,0,0,0,0,0,0,0,0,0,0,0,0,0,0,0,0,0,0,0,8,0,39.9693,-75.1272, , 
14654,155972,2016057069,6,67,67301,2016,6,6,2220,22,3,1,0,7,4, , ,N,0,0,5,3,0,1,2,1,N,N,39 54:35.380,75 09:21.139,2220, ,2220, ,0, ,N, ,0, , , , , , , , , ,1,0,0,0,0,0,0,1,0,0,0,0,1,1,0,0,0,0,0,0,0,0,0,0,0,0,0,0,0,0,0,0,0,0,0,8,0,39.9098,-75.1559, , 
14655,155975,2016060834,6,67,67301,2016,5,7,400,4,3,1,0,6,6, , ,N,0,0,0,3,0,1,1,3,N,N,40 05:04.264,75 01:48.961,400, ,400, ,0, ,N, ,0, , , , , , , , , ,3,2,0,0,0,0,1,0,0,0,1,0,1,0,0,0,0,0,0,0,0,0,0,0,0,0,0,0,0,0,0,0,0,0,0,3,0,40.0845,-75.0303, , 
14656,155980,2016066488,6,67,67301,2016,6,2,1605,16,1,1,0,5,1, , ,N,0,0,0,3,0,2,6,4,N,N,40 01:37.532,75 01:31.036,1633, ,1605,3,1,1, , ,0,N, , , , , , , , ,4,1,0,0,0,2,0,1,0,0,0,0,2,2,0,0,0,0,0,0,1,0,0,1,0,0,0,0,0,0,0,0,0,0,0,8,2,40.0271,-75.0253, , 
14657,155984,2016007843,6,67,67301,2016,1,3,713,7,5,1,0,4,1, , ,N,0,0,0,3,0,0,2,2,N,N,39 57:27.926,75 09:39.564,730, ,719, ,0, , , ,0, , , , , , , , , ,2,2,0,0,0,0,0,0,0,0,0,0,0,0,0,0,0,0,0,0,0,0,0,0,0,0,0,0,0,0,0,0,0,0,0,0,0,39.9578,-75.161, , 
14658,156009,2016036367,6,67,67301,2016,3,7,1804,18,1,1,0,1,1, , ,N,1,2,0,3,0,1,2,2,N, ,40 00:25.981,75 07:24.378,1804, ,1804, ,0, , , ,3, , , , , , , , , ,2,1,0,0,0,0,1,0,0,0,0,1,1,0,1,0,0,0,0,0,0,0,0,0,0,0,0,0,0,0,0,0,0,0,0,4,0,40.0072,-75.1234, , 
14659,156013,2016040900,6,67,67301,2016,4,6,1424,14,1,1,0,4,1, , ,N,0,3,7,3,0,3,3,2,N,N,40 05:05.735,75 01:27.564,1438, ,1426,2,2,1,N, ,3,N, , , , , , , , ,2,1,0,0,0,0,0,1,0,0,0,0,3,3,0,0,0,0,1,0,0,0,1,0,0,0,0,0,0,0,0,0,0,0,0,8,0,40.0849,-75.0243, , 
14660,156014,2016040924,6,67,67301,2016,4,6,1256,12,1,1,0,4,1, , ,N,2,2,0,3,0,2,3,2,N,N,39 56:39.097,75 08:31.893,1310, ,1300, ,0, ,N, ,3, , , , , , , , , ,2,0,0,0,0,0,2,0,0,0,0,0,2,2,0,0,0,0,0,0,2,0,0,1,0,0,0,0,0,0,0,0,0,0,0,8,0,39.9442,-75.142, , 
14661,156033,2016004277,6,67,67301,2016,1,7,1436,14,1,1,0,1,1, , ,N,0,0,0,3,0,1,3,3,N,N,39 57:33.009,75 10:19.779,1457, ,1439,1,2,4,N, ,0,N, , , , , , , , ,3,2,0,0,0,0,1,0,0,0,0,0,1,1,0,0,0,0,0,0,0,0,0,0,0,0,0,0,0,0,0,0,0,0,0,8,0,39.9592,-75.1722, , 
14662,156061,2016037782,6,67,67301,2016,3,2,629,6,1,1,0,5,6, , ,N,0,0,0,3,0,0,1,4,N,N,39 57:23.457,75 13:18.785,633, ,630, ,0, ,N, ,0, , , , , , , , , ,4,3,0,0,0,0,1,0,0,0,0,0,0,0,1,0,0,0,0,0,1,0,0,0,0,0,0,0,0,0,0,0,0,0,0,9,0,39.9565,-75.2219, , 
14663,156071,2016052383,6,67,67301,2016,4,6,812,8,1,1,0,4,1, , ,N,2,3,0,3,0,0,4,4,N,N,40 00:18.428,75 08:54.337,825, ,823, ,0, ,N, ,3, , , , , , , , , ,4,4,0,0,0,0,0,0,0,0,0,0,0,0,0,0,0,0,0,0,0,0,0,0,0,0,0,0,0,0,0,0,0,0,0,0,0,40.0051,-75.1484, , 
14664,156072,2016053815,6,67,67301,2016,5,5,641,6,1,1,0,2,1, , ,N,2,0,0,3,0,2,2,3,N, ,40 04:18.923,75 05:03.942,1846, ,824, ,0, , , ,0, , , , , , , , , ,3,3,0,0,0,0,0,0,0,0,1,1,2,0,0,0,0,0,0,0,1,1,0,0,0,0,0,0,0,0,0,0,0,0,0,3,0,40.0719,-75.0844, , 
14665,156111,2016044583,6,67,67301,2016,4,7,0,0,3,1,0,2,1, , ,N,0,0,0,3,0,0,5,2,N,N,39 58:25.889,75 15:48.749,22, ,12,3,2,5, , ,0,Y, , , , , , , , ,2,2,0,0,0,0,0,0,0,0,0,0,0,0,0,0,0,0,0,1,0,0,0,4,0,0,0,0,0,0,0,0,0,0,0,0,0,39.9739,-75.2635, , 
14666,156116,2016049244,6,67,67301,2016,4,2,1959,19,3,1,0,1,1,1,4,Y,0,0,2,3,0,2,4,2,N,N,39 59:57.822,75 05:03.622,2027,20,2015,1,1,3, , ,0,N,Y,N,N,N,Y,Y,N,Y,2,1,0,0,1,0,0,0,0,0,2,0,2,0,0,0,0,0,0,0,0,0,0,0,0,0,0,0,0,0,0,0,0,0,0,3,0,39.9994,-75.0843, , 
14667,156118,2016049675,6,67,67301,2016,4,5,1930,19,3,1,0,4,1, , ,N,2,0,0,3,0,1,6,2,N,N,40 04:19.442,75 11:14.237,1948, ,1945, ,0, ,N, ,0, , , , , , , , , ,2,1,0,0,0,0,0,1,0,0,0,0,1,1,0,0,1,0,0,0,0,0,0,0,0,0,0,0,0,0,0,0,0,0,0,8,0,40.0721,-75.1873, , 
14668,156119,2016050045,6,67,67301,2016,4,5,728,7,3,2,1,4,1, , ,N,1,2,0,3,0,1,2,2,N, ,40 01:40.752,75 03:26.701,731, ,728, ,0, ,N, ,3, , , , , , , , , ,2,2,0,0,0,0,0,0,0,0,0,1,1,0,1,0,0,0,0,1,0,0,0,0,0,0,0,0,0,0,0,0,0,0,0,4,0,40.028,-75.0574, , 
14669,156121,2016052307,6,67,67301,2016,4,4,1113,11,1,1,0,1,1, , ,N,1,2,0,3,0,1,2,2,N, ,40 01:39.788,75 05:55.565,1120, ,1113,1,1,2, , ,3,N, , , , , , , , ,2,1,0,0,1,0,0,0,0,0,0,1,1,0,0,0,0,0,0,0,0,0,0,1,0,0,0,0,0,0,0,0,0,0,0,4,0,40.0277,-75.0988, , 
14670,159064,2016063962,6,67,67301,2016,6,5,236,2,2,1,0,7,5, , ,N,10,3,0,3,0,0,1,1,N,N,39 55:40.965,75 14:05.733,301, ,301, ,0, ,N, ,3, , , , , , , , , ,1,1,0,0,0,0,0,0,0,0,0,0,0,0,1,0,0,0,0,0,0,0,0,0,0,0,0,0,0,0,0,0,0,0,0,9,0,39.928,-75.2349, , 
14671,159067,2016065682,6,67,67301,2016,6,1,1610,16,1,1,0,4,1, , ,N,1,2,0,3,0,1,3,2,N,N,40 00:54.831,75 08:59.392,1630, ,1620, ,0, ,N, ,3, , , , , , , , , ,2,0,0,0,0,0,1,1,0,0,0,1,1,0,0,0,0,0,0,0,0,0,0,0,0,0,0,0,0,0,0,0,0,0,0,4,0,40.0152,-75.1498, , 
14672,159068,2016066204,6,67,67301,2016,4,3,1800,18,1,1,0,7,2, , ,N,0,0,0,3,0,0,1,1,N,N,40 02:11.519,75 00:55.603,1814, ,1800,1,1,2, , ,0,N, , , , , , , , ,1,1,0,0,0,0,0,0,0,0,0,0,0,0,0,0,0,0,0,0,0,0,0,0,0,0,0,0,0,0,0,0,0,0,0,0,0,40.0365,-75.0154, , 
14673,159105,2016047049,6,67,67301,2016,4,4,744,7,1,1,0,8,1, , ,N,1,2,0,3,0,1,2,2,N,N,40 02:43.041,75 03:38.484,751, ,746, ,0, , , ,3, , , , , , , , , ,1,0,0,0,0,0,1,0,0,0,0,1,1,0,0,0,0,0,0,0,0,0,0,0,0,0,0,0,0,0,0,0,1,0,0,4,0,40.0453,-75.0607, , 
14674,159107,2016053685,6,67,67301,2016,5,3,1040,10,1,2,1,4,1, , ,N,1,2,0,3,0,0,3,2,N,N,40 05:40.718,75 00:54.707,1048, ,1043,1,1,4,N, ,3,N, , , , , , , , ,2,2,0,0,0,0,0,0,0,0,0,0,0,0,0,0,0,0,0,0,0,1,0,0,0,0,0,0,0,0,0,0,0,0,0,0,0,40.0946,-75.0152, , 
14675,159128,2016016998,6,67,67301,2016,1,1,100,1,3,2,1,4,1, , ,N,1,2,0,3,0,2,4,2,N,N,39 56:42.709,75 13:03.813,111, ,107, ,0, ,N, ,3, , , , , , , , , ,2,2,0,0,0,0,0,0,0,0,0,2,2,0,0,0,0,0,1,0,0,0,0,0,0,0,0,0,0,0,0,0,0,0,0,4,0,39.9452,-75.2177, , 
14676,159154,2016048569,6,67,67301,2016,4,5,2255,22,3,1,0,5,1, , ,N,0,0,0,3,0,2,2,2,N,N,39 56:59.906,75 09:47.426,2305, ,2300, ,0, , , ,0, , , , , , , , , ,2,1,0,0,0,0,1,0,0,0,0,0,2,2,0,0,0,0,0,0,1,0,0,0,0,0,0,0,0,0,0,0,0,0,0,8,0,39.95,-75.1632, , 
14677,159163,2016063975,6,67,67301,2016,6,3,1125,11,1,1,0,4,1, , ,N,5,2,0,3,0,0,2,2,N,N,40 00:13.533,75 10:52.162,1200, ,1146,1,1,4,N, ,3,N, , , , , , , , ,2,2,0,0,0,0,0,0,0,0,0,0,0,0,2,0,0,0,0,0,1,0,0,0,0,0,0,0,0,0,0,0,0,0,0,9,0,40.0037,-75.1811, , 
14678,159167,2016002707,6,67,67301,2016,1,5,1455,14,1,1,0,1,1, , ,N,1,2,0,3,0,1,3,3,N,N,40 06:23.913,74 59:56.313,1535, ,1458,2,1,2,N, ,3,N, , , , , , , , ,3,1,0,0,0,1,1,0,0,0,1,0,1,0,0,0,0,0,0,0,2,0,0,0,0,0,0,0,0,0,0,0,0,0,0,3,1,40.1066,-74.999, , 
14679,159198,2016040891,6,67,67301,2016,4,6,1055,10,1,2,1,4,1, , ,N,2,2,0,3,0,1,4,2,N,N,40 01:58.350,75 10:39.881,1130, ,1122, ,0, ,N, ,3, , , , , , , , , ,2,2,0,0,0,0,0,0,0,0,0,1,1,0,0,0,0,0,0,0,0,1,0,0,0,0,0,0,0,0,0,0,0,0,0,4,0,40.0329,-75.1777, , 
14680,159213,2016058656,6,67,67301,2016,5,3,830,8,1,1,0,1,1, , ,N,0,0,0,3,0,3,13,4,N,N,40 00:48.103,75 07:34.159,850, ,847, ,0, ,N, ,0, , , , , , , , , ,4,4,0,0,0,0,0,0,0,0,0,3,3,0,0,0,0,0,0,1,0,0,0,8,0,0,0,0,0,0,0,0,0,0,0,4,0,40.0134,-75.1262, , 
14681,159223,2016016562,6,67,67301,2016,1,7,145,1,3,1,0,4,1, , ,N,1,2,0,3,0,0,3,2,N,N,39 57:45.749,75 09:47.159,147, ,146, ,0, ,N, ,3, , , , , , , , , ,2,0,0,0,0,0,2,0,0,0,0,0,0,0,1,0,0,0,0,0,1,1,0,0,0,0,0,0,0,0,0,0,0,0,0,9,0,39.9626,-75.163, , 
14682,159235,2016037888,6,67,67301,2016,4,3,848,8,1,1,0,4,1, , ,N,0,0,0,3,0,0,1,2,N,N,39 57:26.783,75 09:30.971,924, ,848,2,2,4, , ,0,N, , , , , , , , ,2,0,0,0,1,0,1,0,0,0,0,0,0,0,0,0,0,0,0,0,0,0,0,0,0,0,0,0,0,0,0,0,0,0,0,0,0,39.9574,-75.1586, , 
14683,159238,2016041025,6,67,67301,2016,4,1,35,0,3,1,0,4,1, , ,N,1,2,0,3,0,1,2,2,N, ,39 58:58.770,75 06:05.073,39, ,39, ,0, , , ,3, , , , , , , , , ,2,2,0,0,0,0,0,0,0,0,0,1,1,0,0,0,0,0,0,0,0,0,0,2,0,0,0,0,0,0,0,0,0,0,0,4,0,39.983,-75.1014, , 
14684,159248,2016052115,6,67,67301,2016,5,2,614,6,1,1,0,4,1, , ,N,1,0,0,3,0,1,2,2,N,N,39 57:18.640,75 12:17.812,616, ,615, ,0, ,N, ,0, , , , , , , , , ,2,2,0,0,0,0,0,0,0,0,0,1,1,0,0,0,0,0,0,0,0,0,0,0,0,0,0,0,0,0,0,0,0,0,0,4,0,39.9552,-75.2049, , 
14685,159254,2016058634,6,67,67301,2016,5,1,132,1,3,2,1,4,1, , ,N,1,2,0,3,0,1,3,2,N,N,40 02:44.514,75 01:53.568,136, ,134, ,0, ,N, ,3, , , , , , , , , ,2,2,0,0,0,0,0,0,0,0,0,0,1,1,2,0,0,0,1,0,0,0,0,0,0,0,0,0,0,0,0,0,0,0,0,8,0,40.0457,-75.0315, , 
14686,159255,2016058683,6,67,67301,2016,5,5,1646,16,1,1,0,4,1, , ,N,1,2,0,3,0,1,2,2,N,N,40 06:46.663,75 01:22.836,1705, ,1659, ,0, ,N, ,3, , , , , , , , , ,2,1,0,0,0,0,1,0,0,0,0,0,1,1,0,0,0,0,0,0,0,0,1,0,0,0,0,0,0,0,0,0,0,0,0,8,0,40.113,-75.023, , 
14687,159259,2016064004,6,67,67301,2016,6,1,1730,17,1,9,0,8,1, , ,N,0,0,0,3,0,1,2,2,N, ,39 59:57.793,75 08:36.949,2021, ,2021, ,0, , , ,0, , , , , , , , , ,1,0,0,0,0,0,0,0,0,0,0,1,1,0,1,0,0,0,0,0,0,0,0,0,0,0,0,0,0,0,0,0,1,0,0,4,0,39.9994,-75.1436, , 
14688,162386,2016052831,6,67,67301,2016,5,4,737,7,1,2,1,4,1, , ,N,1,2,0,3,0,0,2,3,N, ,40 03:17.448,75 10:08.247,800, ,737, ,0, , , ,3, , , , , , , , , ,2,1,0,0,0,0,1,0,0,0,0,0,0,0,0,0,0,0,0,0,0,0,0,0,0,0,0,0,0,0,0,0,0,0,0,0,0,40.0548,-75.169, , 
14689,162403,2016013971,6,67,67301,2016,1,7,2120,21,3,1,0,4,1, , ,N,1,2,0,3,0,1,3,2,N, ,40 00:39.311,75 09:03.157,2121, ,2120, ,0, , , ,3, , , , , , , , , ,2,1,0,0,0,0,1,0,0,0,0,0,1,1,2,0,0,1,0,0,0,0,0,0,0,0,0,0,0,0,0,0,0,0,0,8,0,40.0107,-75.1508, , 
14690,162409,2016019222,6,67,67301,2016,2,6,1801,18,3,1,0,4,1, , ,N,2,0,2,3,0,0,2,2,N,N,39 59:11.983,75 12:29.919,1826, ,1826, ,0, , , ,0, , , , , , , , , ,2,0,0,0,2,0,0,0,0,0,0,0,0,0,0,0,0,0,0,0,0,0,0,0,0,0,0,0,0,0,0,0,0,0,0,0,0,39.9867,-75.2083, , 
14691,162437,2016062614,6,67,67301,2016,5,6,1235,12,1,1,0,7,4, , ,N,0,0,0,3,0,1,2,1,N,N,39 57:48.830,75 09:20.901,1250, ,1244, ,0, , , ,0, , , , , , , , , ,1,0,0,0,0,0,1,0,0,0,0,1,1,0,0,0,0,0,0,0,0,0,0,1,0,0,0,0,0,0,0,0,0,0,0,4,0,39.9636,-75.1558, , 
14692,162479,2016043666,6,67,67301,2016,4,4,2048,20,3,1,0,4,1, , ,N,1,2,0,3,0,1,5,2,N,N,40 02:39.450,75 03:14.767,2058, ,2050,1,2,1,N, ,3,Y, , , , , , , , ,2,1,0,0,0,0,1,0,0,0,1,0,1,0,0,0,0,0,0,0,0,0,0,0,0,0,0,0,0,0,0,0,0,0,0,3,0,40.0443,-75.0541, , 
14693,162480,2016044565,6,67,67301,2016,4,3,2000,20,3,1,0,5,1, , ,N,0,0,0,3,0,3,3,2,N,N,39 58:25.055,75 12:33.102,2020, ,2017,2,1,4,N, ,0,N, , , , , , , , ,2,2,0,0,0,0,0,0,0,0,1,1,3,1,0,0,0,0,0,0,0,0,0,0,0,0,0,0,0,0,0,0,0,0,0,3,0,39.9736,-75.2092, , 
14694,162485,2016052264,6,67,67301,2016,5,3,551,5,3,2,1,4,1, , ,N,1,2,0,3,0,1,3,2,N,N,39 57:09.925,75 09:29.181,600, ,555, ,0, ,N, ,3, , , , , , , , , ,2,2,0,0,0,0,0,0,0,0,0,1,1,0,0,0,0,0,0,0,0,1,0,0,0,0,0,0,0,0,0,0,0,0,0,4,0,39.9528,-75.1581, , 
14695,162489,2016064001,6,67,67301,2016,6,3,1150,11,1,1,0,2,1, , ,N,0,0,0,3,0,1,2,2,N,N,40 03:38.056,75 01:10.048,1200, ,1152,1,1,4,N, ,0,N, , , , , , , , ,2,2,0,0,0,0,0,0,0,0,0,1,1,0,0,0,0,0,0,0,0,0,0,0,0,0,0,0,0,0,0,0,0,0,0,4,0,40.0606,-75.0195, , 
14696,162515,2016032053,6,67,67301,2016,3,5,729,7,1,8,5,6,1, , ,N,0,0,0,3,0,0,7,4,N, ,39 59:32.813,75 11:38.859,739, ,729,2,2,5, , ,0,Y, , , , , , , , ,4,1,0,0,0,0,1,1,0,0,0,0,0,0,0,0,0,0,0,0,0,0,0,0,0,0,0,0,0,0,0,0,0,0,0,0,0,39.9924,-75.1941, , 
14697,162521,2016039800,6,67,67301,2016,4,2,829,8,1,1,0,1,1, , ,N,0,0,0,3,0,1,2,2,N,N,39 57:25.762,75 09:25.799,829, ,829, ,0, , , ,0, , , , , , , , , ,2,2,0,0,0,0,0,0,0,0,0,0,1,1,0,0,0,0,0,0,0,0,0,0,0,0,0,0,0,0,0,0,0,0,0,8,0,39.9572,-75.1572, , 
14698,162524,2016040925,6,67,67301,2016,4,1,140,1,3,1,0,3,1, , ,N,0,0,0,3,0,1,4,2,N,N,39 57:11.260,75 10:11.843,254, ,249, ,0, , , ,0, , , , , , , , , ,2,1,0,0,0,0,1,0,0,0,0,1,1,0,3,0,0,0,0,0,0,0,0,0,0,0,0,0,0,0,0,0,0,0,0,4,0,39.9531,-75.17, , 
14699,162525,2016041408,6,67,67301,2016,4,5,1200,12,1,2,1,4,1, , ,N,1,2,0,3,0,1,3,2,N,N,39 56:42.529,75 09:00.115,1250, ,1245,2,1,1,N, ,9,Y, , , , , , , , ,2,0,0,0,0,0,2,0,0,0,0,0,1,1,0,0,0,0,0,0,1,0,0,2,0,0,0,0,0,0,0,0,0,0,0,8,0,39.9451,-75.15, , 
14700,162555,2016017002,6,67,67301,2016,1,6,1415,14,1,1,0,8,1, , ,N,2,2,0,3,0,1,2,2,N, ,39 57:19.007,75 11:13.487,1420, ,1415, ,0, , , ,3, , , , , , , , , ,1,1,0,0,0,0,0,0,0,0,0,1,1,0,0,0,0,0,0,0,0,0,0,1,0,0,0,0,0,0,0,0,1,0,0,4,0,39.9553,-75.1871, , 
14701,162576,2016043706,6,67,67301,2016,3,4,1347,13,1,1,0,7,4, , ,N,0,0,0,3,0,1,3,3,N,N,39 57:45.223,75 12:38.154,1358, ,1353, ,0, ,N, ,0, , , , , , , , , ,3,0,0,0,0,0,1,2,0,0,0,0,1,1,0,0,0,0,0,0,1,0,0,0,0,0,0,0,0,0,0,0,0,0,0,8,0,39.9626,-75.2106, , 
14702,162577,2016048632,6,67,67301,2016,4,4,720,7,1,1,0,4,1, , ,N,0,0,7,3,0,2,2,2,N, ,40 06:11.300,75 01:47.500,755, ,743, ,0, , , ,0, , , , , , , , , ,2,1,0,0,1,0,0,0,0,0,0,2,2,0,0,0,0,0,0,0,1,0,0,0,0,0,0,0,0,0,0,0,0,0,0,4,0,40.1031,-75.0299, , 
14703,162578,2016048651,6,67,67301,2016,4,2,2222,22,3,1,0,1,1, , ,N,0,0,0,3,0,2,5,4,N,N,40 03:46.721,75 05:10.818,2230, ,2228, ,0, ,N, ,0, , , , , , , , , ,4,3,0,0,0,0,1,0,0,0,0,2,2,0,0,0,0,0,0,0,1,0,0,2,0,0,0,0,0,0,0,0,0,0,0,4,0,40.063,-75.0863, , 
14704,162583,2016053713,6,67,67301,2016,5,6,1130,11,1,2,1,1,1, , ,N,0,2,0,3,0,1,3,2,N,N,40 01:52.300,75 11:16.100,1225, ,1216, ,0, ,N, ,3, , , , , , , , , ,2,0,0,0,0,0,2,0,0,0,0,1,1,0,0,0,0,0,0,0,1,0,0,0,0,0,0,0,0,0,0,0,0,0,0,4,0,40.0312,-75.1878, , 