objectid_1,objectid,crn,district,county,municipality,crash_year,crash_month,day_of_week,time_of_day,hour_of_day,illumination,weather,road_condition,collision_type,relation_to_road,work_zone_type,work_zone_loc,work_zone_ind,intersect_type,tcd_type,location_type,urban_rural,fatal_count,injury_count,person_count,total_units,sch_bus_ind,sch_zone_ind,latitude,longitude,arrival_tm,cons_zone_spd_lim,dispatch_tm,est_hrs_closed,lane_closed,ln_close_dir,ntfy_hiwy_maint,spec_juris_cd,tcd_func_cd,tfc_detour_ind,workers_pres,wz_close_detour,wz_flagger,wz_law_offcr_ind,wz_ln_closure,wz_moving,wz_other,wz_shlder_mdn,vehicle_count,automobile_count,motorcycle_count,bus_count,small_truck_count,heavy_truck_count,suv_count,van_count,bicycle_count,maj_inj_count,mod_inj_count,min_inj_count,tot_inj_count,unk_inj_deg_count,unk_inj_per_count,driver_count_16yr,driver_count_17yr,driver_count_18yr,driver_count_19yr,driver_count_20yr,driver_count_50_64yr,driver_count_65_74yr,driver_count_75plus,unbelted_occ_count,unb_death_count,unb_maj_inj_count,belted_death_count,belted_maj_inj_count,mcycle_death_count,mcycle_maj_inj_count,bicycle_death_count,bicycle_maj_inj_count,ped_count,ped_death_count,ped_maj_inj_count,max_severity_level,comm_veh_count,dec_lat,dec_long,rdwy_surf_type_cd,county_name
14840,162946,2016038197,6,67,67301,2016,3,6,2120,21,3,1,0,4,1, , ,N,1,2,0,3,0,0,2,2,N,N,39 59:40.373,75 09:33.635,2123, ,2121, ,0, ,N, ,3, , , , , , , , , ,2,2,0,0,0,0,0,0,0,0,0,0,0,0,0,0,0,0,0,0,0,0,0,0,0,0,0,0,0,0,0,0,0,0,0,0,0,39.9945,-75.1593, , 
14841,162947,2016038281,6,67,67301,2016,3,3,1200,12,1,1,0,1,1, , ,N,7,0,2,3,0,1,2,2,N,N,39 57:06.151,75 08:29.297,1215, ,1205,1,1,1, , ,0,N, , , , , , , , ,2,1,0,0,0,0,0,1,0,0,0,1,1,0,0,0,0,0,0,0,1,0,0,0,0,0,0,0,0,0,0,0,0,0,0,4,0,39.9517,-75.1415, , 
14842,162970,2016002031,6,67,67301,2016,1,2,1550,15,1,1,0,1,1, , ,N,0,0,0,3,0,0,3,3,N,N,40 00:04.057,75 04:44.373,1610, ,1600,1,2,1,N, ,0,N, , , , , , , , ,3,1,0,0,2,0,0,0,0,0,0,0,0,0,0,0,0,0,0,0,1,0,0,0,0,0,0,0,0,0,0,0,0,0,0,0,0,40.0011,-75.079, , 
14843,162981,2016013936,6,67,67301,2016,1,4,1219,12,1,1,0,4,1, , ,N,1,2,0,3,0,3,4,2,N,N,40 02:24.861,75 03:30.268,9999, ,1220,1,1,3,N, ,3,Y, , , , , , , , ,2,1,0,0,1,0,0,0,0,0,0,2,3,1,0,0,0,0,0,0,1,0,0,0,0,0,0,0,0,0,0,0,0,0,0,4,0,40.0403,-75.0585, , 
14844,162982,2016013997,6,67,67301,2016,1,4,1210,12,1,1,0,4,1, , ,N,1,3,0,3,0,4,4,2,N,N,39 57:45.834,75 12:13.931,1216, ,1213, ,0, ,N, ,3, , , , , , , , , ,2,2,0,0,0,0,0,0,0,0,0,4,4,0,0,0,0,0,0,0,2,0,0,0,0,0,0,0,0,0,0,0,0,0,0,4,0,39.9627,-75.2039, , 
14845,162995,2016026008,6,67,67301,2016,1,2,1400,14,1,4,1,1,1, , ,N,1,2,0,3,0,1,2,2,N,N,40 01:18.437,75 08:22.555,1415, ,1401,1,1,2, , ,3,N, , , , , , , , ,2,0,0,0,1,0,1,0,0,0,0,0,1,1,0,0,0,0,0,0,0,0,0,0,0,0,0,0,0,0,0,0,0,0,0,8,0,40.0218,-75.1396, , 
14846,163002,2016036494,6,67,67301,2016,3,7,2045,20,2,1,0,5,6, , ,N,0,0,0,3,0,0,1,2,N,N,40 04:39.280,74 59:21.951,2107, ,2054,1,1,4,N, ,0,N, , , , , , , , ,2,2,0,0,0,0,0,0,0,0,0,0,0,0,0,0,0,0,0,0,0,1,0,0,0,0,0,0,0,0,0,0,0,0,0,0,0,40.0776,-74.9894, , 
14847,163010,2016048537,6,67,67301,2016,4,1,645,6,1,1,0,6,1, , ,N,0,0,0,3,0,2,2,2,N,N,40 01:33.803,75 09:36.279,700, ,655, ,0, ,N, ,0, , , , , , , , , ,2,0,0,0,0,0,2,0,0,0,0,2,2,0,0,0,0,0,0,0,1,0,0,0,0,0,0,0,0,0,0,0,0,0,0,4,0,40.0261,-75.1601, , 
14848,163012,2016050311,6,67,67301,2016,3,4,1257,12,1,1,0,5,1, , ,N,0,0,0,3,0,0,2,2,N,N,39 55:59.723,75 08:42.571,1257, ,1257, ,0, , , ,0, , , , , , , , , ,2,1,0,0,0,1,0,0,0,0,0,0,0,0,0,0,0,0,0,0,1,0,0,0,0,0,0,0,0,0,0,0,0,0,0,0,1,39.9333,-75.1452, , 
14849,163015,2016056092,6,67,67301,2016,5,1,2130,21,3,1,0,5,6, , ,N,0,0,0,3,0,1,1,7,N, ,39 55:45.898,75 09:36.539,2350, ,2345, ,0, , , ,0, , , , , , , , , ,7,7,0,0,0,0,0,0,0,0,0,1,1,0,0,0,0,0,0,0,1,0,0,0,0,0,0,0,0,0,0,0,0,0,0,4,0,39.9294,-75.1601, , 
14850,163028,2016019899,6,67,67301,2016,1,1,1918,19,3,1,0,4,1, , ,N,1,2,0,3,0,0,5,2,N,N,39 57:44.029,75 14:33.957,1919, ,1919, ,0, ,N, ,3, , , , , , , , , ,2,1,0,0,0,0,1,0,0,0,0,0,0,0,0,0,0,0,0,0,0,0,0,0,0,0,0,0,0,0,0,0,0,0,0,0,0,39.9621,-75.2428, , 
14851,166318,2016022006,6,67,67301,2016,2,3,1121,11,1,1,0,7,5, , ,N,0,0,0,3,0,1,1,1,N,N,40 02:12.622,75 13:09.150,1127, ,1122,1,1,2,N, ,0,N, , , , , , , , ,1,0,0,0,0,0,1,0,0,0,0,0,1,1,0,0,0,0,0,0,1,0,0,0,0,0,0,0,0,0,0,0,0,0,0,8,0,40.0368,-75.2192, , 
14852,166325,2016026865,6,67,67301,2016,2,6,1105,11,1,1,0,4,1, , ,N,1,2,0,3,0,1,4,3,N, ,40 03:41.901,75 14:11.684,1119, ,1108, ,0, , , ,3, , , , , , , , , ,3,3,0,0,0,0,0,0,0,0,0,0,1,1,0,0,0,1,0,1,0,1,0,1,0,0,0,0,0,0,0,0,0,0,0,8,0,40.0616,-75.2366, , 
14853,166338,2016046982,6,67,67301,2016,3,2,1221,12,1,1,0,5,1, , ,N,0,0,0,3,0,2,2,2,N,N,40 01:27.132,75 06:36.532,1235, ,1230,2,1,3,N, ,0,N, , , , , , , , ,2,2,0,0,0,0,0,0,0,0,2,0,2,0,0,0,0,0,0,0,0,0,0,0,0,0,0,0,0,0,0,0,0,0,0,3,0,40.0242,-75.1101, , 
14854,166347,2016055604,6,67,67301,2016,5,3,826,8,1,2,1,8,1, , ,N,1,7,0,3,0,1,2,2,N,N,39 57:11.635,75 13:42.034,830, ,826, ,0, ,N, ,3, , , , , , , , , ,1,1,0,0,0,0,0,0,0,0,0,0,1,1,0,0,0,0,0,0,0,0,0,0,0,0,0,0,0,0,0,0,1,0,0,8,0,39.9532,-75.2283, , 
14855,166367,2016019219,6,67,67301,2016,2,4,1709,17,1,1,0,7,2, , ,N,0,0,0,3,0,1,1,1,N,N,40 03:19.475,74 59:04.945,1716, ,1713,1,2,2, , ,0,N, , , , , , , , ,1,1,0,0,0,0,0,0,0,0,0,0,1,1,0,0,0,0,0,0,0,0,0,0,0,0,0,0,0,0,0,0,0,0,0,8,0,40.0554,-74.9847, , 
14856,166368,2016019750,6,67,67301,2016,2,4,1225,12,1,2,1,7,4, , ,N,5,2,0,3,0,1,3,1,N,N,39 57:21.403,75 10:04.765,1250, ,1237,2,1,4,N, ,3,N, , , , , , , , ,1,1,0,0,0,0,0,0,0,0,0,1,1,0,0,0,0,0,0,0,0,0,0,0,0,0,0,0,0,0,0,0,0,0,0,4,0,39.9564,-75.1685, , 
14857,166373,2016028348,6,67,67301,2016,2,1,1808,18,3,1,0,1,1, , ,N,5,2,0,3,0,0,6,2,N,N,39 59:10.777,75 07:54.659,1835, ,1829, ,0, ,N, ,3, , , , , , , , , ,2,1,0,0,0,0,1,0,0,0,0,0,0,0,0,0,0,0,0,0,0,0,0,0,0,0,0,0,0,0,0,0,0,0,0,0,0,39.9863,-75.1318, , 
14858,166374,2016028832,6,67,67301,2016,3,7,1556,15,1,1,0,7,2, , ,N,0,0,0,3,0,2,2,1,N,N,39 57:26.047,75 08:29.001,1608, ,1600,2,2,2, , ,0,N, , , , , , , , ,1,1,0,0,0,0,0,0,0,0,2,0,2,0,0,0,0,0,0,0,0,0,0,0,0,0,0,0,0,0,0,0,0,0,0,3,0,39.9572,-75.1414, , 
14859,166388,2016047763,6,67,67301,2016,4,2,751,7,1,1,0,1,1, , ,N,1,2,0,3,0,0,3,2,N,N,39 56:26.915,75 09:57.820,800, ,752,1,2,1,N, ,3,Y, , , , , , , , ,2,2,0,0,0,0,0,0,0,0,0,0,0,0,1,0,0,0,0,0,0,0,0,0,0,0,0,0,0,0,0,0,0,0,0,9,0,39.9408,-75.1661, , 
14860,166391,2016049322,6,67,67301,2016,5,1,1548,15,1,2,1,7,2, , ,N,0,0,0,3,0,3,3,1,N,N,40 02:30.170,75 00:15.722,1607, ,1548, ,0, , , ,0, , , , , , , , , ,1,1,0,0,0,0,0,0,0,0,0,0,3,3,0,0,0,1,0,0,0,0,0,0,0,0,0,0,0,0,0,0,0,0,0,8,0,40.0417,-75.0044, , 
14861,166394,2016053657,6,67,67301,2016,5,6,1456,14,1,2,1,4,1, , ,N,0,0,7,3,0,2,4,3,N,N,40 04:47.325,75 01:35.906,1616, ,1616, ,0, , , ,0, , , , , , , , , ,3,3,0,0,0,0,0,0,0,0,0,2,2,0,0,0,0,0,0,0,2,0,0,0,0,0,0,0,0,0,0,0,0,0,0,4,0,40.0798,-75.0266, , 
14862,166403,2016012579,6,67,67301,2016,1,4,2046,20,3,1,0,5,1, , ,N,0,0,0,3,0,1,2,2,N,N,39 57:36.722,75 10:52.219,2105, ,2047, ,0, , , ,0, , , , , , , , , ,2,1,0,0,0,0,0,0,0,0,0,1,1,0,1,0,0,0,0,1,0,0,0,0,0,0,0,0,0,0,0,0,0,0,0,4,0,39.9602,-75.1812, , 
14863,166407,2016013808,6,67,67301,2016,1,4,1000,10,1,1,0,7,4, , ,N,10,0,0,3,0,0,1,1,N, ,39 54:59.864,75 13:30.255,1005, ,1000, ,0, , , ,0, , , , , , , , , ,1,0,0,0,0,0,1,0,0,0,0,0,0,0,1,0,0,0,0,0,0,0,0,0,0,0,0,0,0,0,0,0,0,0,0,9,0,39.9166,-75.2251, , 
14864,166408,2016014006,6,67,67301,2016,1,5,2019,20,1,1,0,8,1, , ,N,2,3,0,3,0,1,2,2,N,N,39 58:12.378,75 09:09.626,2035, ,2030, ,0, , , ,3, , , , , , , , , ,1,1,0,0,0,0,0,0,0,0,0,1,1,0,1,0,0,0,0,0,0,0,0,1,0,0,0,0,0,0,0,0,1,0,0,4,0,39.9701,-75.1527, , 
14865,166411,2016022005,6,67,67301,2016,2,3,1142,11,1,1,1,5,1, , ,N,5,2,2,3,0,1,2,2,N,N,39 55:18.082,75 11:24.157,1206, ,1204, ,0, , , ,3, , , , , , , , , ,2,2,0,0,0,0,0,0,0,0,0,1,1,0,0,0,0,0,0,0,0,0,0,0,0,0,0,0,0,0,0,0,0,0,0,4,0,39.9217,-75.19, , 
14866,166438,2016055665,6,67,67301,2016,5,3,1733,17,1,2,1,7,2, , ,N,0,0,0,3,0,2,2,1,N,N,39 54:23.626,75 08:59.477,1749, ,1734,1,1,2, , ,0,N, , , , , , , , ,1,1,0,0,0,0,0,0,0,0,2,0,2,0,0,0,0,0,0,0,0,0,0,0,0,0,0,0,0,0,0,0,0,0,0,3,0,39.9066,-75.1499, , 
14867,166439,2016056073,6,67,67301,2016,5,7,614,6,1,1,0,4,1, , ,N,1,2,0,3,0,2,2,2,N,N,40 02:40.890,75 03:16.537,628, ,617,3,2,7,N, ,3,Y, , , , , , , , ,2,1,0,0,0,0,1,0,0,0,1,1,2,0,0,0,0,0,0,0,0,1,0,0,0,0,0,0,0,0,0,0,0,0,0,3,0,40.0446,-75.0547, , 
14868,166442,2016062562,6,67,67301,2016,6,4,1034,10,1,1,0,1,1, , ,N,1,2,0,3,0,2,2,2,N,N,40 03:44.697,75 09:18.946,1048, ,1048, ,0, ,N, ,3, , , , , , , , , ,2,1,0,0,0,0,1,0,0,0,0,0,2,2,0,0,0,0,0,0,0,0,0,0,0,0,0,0,0,0,0,0,0,0,0,8,0,40.0624,-75.1553, , 
14869,156586,2016043378,6,67,67301,2016,4,2,1700,17,1,1,0,4,1, , ,N,1,3,0,3,0,1,2,2,N,N,40 02:28.777,75 10:32.714,1710, ,1706, ,0, , , ,3, , , , , , , , , ,1,0,0,0,0,0,1,0,1,0,0,0,1,1,0,0,0,0,0,0,1,0,0,0,0,0,0,0,0,0,0,0,0,0,0,8,0,40.0413,-75.1758, , 
14870,156588,2016046078,6,67,67301,2016,4,4,9999,99,1,1,0,1,1, , ,N,0,0,0,3,0,3,4,3,N,N,39 58:43.287,75 10:10.642,1632, ,1632,1,1,3,N, ,0,Y, , , , , , , , ,3,1,0,0,0,0,1,1,0,0,0,3,3,0,0,0,0,0,0,0,0,0,0,1,0,0,0,0,0,0,0,0,0,0,0,4,0,39.9787,-75.1696, , 
14871,156589,2016046153,6,67,67301,2016,4,4,2335,23,3,1,0,7,4, , ,N,0,0,0,3,0,0,1,1,N,N,40 03:47.600,75 12:01.566,2345, ,2337, ,0, ,N, ,0, , , , , , , , , ,1,1,0,0,0,0,0,0,0,0,0,0,0,0,0,0,0,1,0,0,0,0,0,0,0,0,0,0,0,0,0,0,0,0,0,0,0,40.0632,-75.2004, , 
14872,156593,2016052400,6,67,67301,2016,5,1,1800,18,1,1,0,6,1, , ,N,0,0,0,3,0,2,3,2,N, ,40 02:33.789,75 11:36.210,1950, ,1812, ,0, , , ,0, , , , , , , , , ,2,2,0,0,0,0,0,0,0,0,0,0,2,2,0,0,0,0,0,1,0,0,0,0,0,0,0,0,0,0,0,0,0,0,0,8,0,40.0427,-75.1934, , 
14873,156617,2016010957,6,67,67301,2016,1,4,1115,11,1,1,0,7,5, , ,N,0,0,0,3,0,0,2,2,N,N,39 58:18.410,75 07:23.735,1132, ,1116, ,0, , , ,0, , , , , , , , , ,2,1,0,0,0,1,0,0,0,0,0,0,0,0,0,0,0,0,0,0,1,1,0,0,0,0,0,0,0,0,0,0,0,0,0,0,1,39.9718,-75.1233, , 
14874,156621,2016013923,6,67,67301,2016,1,7,100,1,3,1,0,5,1, , ,N,0,0,0,3,0,1,5,3,N,N,40 01:20.560,75 13:06.204,100, ,100,2,2,5,N, ,0,Y, , , , , , , , ,3,2,0,0,0,0,1,0,0,0,0,1,1,0,0,0,0,0,1,0,0,0,0,2,0,0,0,0,0,0,0,0,0,0,0,4,0,40.0224,-75.2184, , 
14875,156622,2016013924,6,67,67301,2016,1,4,320,3,3,1,0,7,4, , ,N,0,0,0,3,0,0,1,1,N,N,40 01:35.780,75 05:37.650,335, ,327, ,0, , , ,0, , , , , , , , , ,1,1,0,0,0,0,0,0,0,0,0,0,0,0,0,0,0,0,0,0,0,0,0,0,0,0,0,0,0,0,0,0,0,0,0,0,0,40.0266,-75.0938, , 
14876,156641,2016033790,6,67,67301,2016,3,7,2300,23,3,1,0,6,1, , ,N,0,0,0,3,0,1,4,3,N,N,39 58:27.061,75 08:01.739,2300, ,2300, ,0, ,N, ,0, , , , , , , , , ,3,2,0,0,0,0,1,0,0,0,0,0,1,1,0,0,0,0,0,0,1,0,0,0,0,0,0,0,0,0,0,0,0,0,0,8,0,39.9742,-75.1338, , 
14877,156666,2016007484,6,67,67301,2016,1,6,1300,13,1,1,0,4,1, , ,N,5,2,0,3,0,0,3,2,N, ,40 01:25.549,75 12:27.886,1310, ,1305, ,0, , , ,3, , , , , , , , , ,2,1,0,0,0,0,1,0,0,0,0,0,0,0,0,0,0,0,0,1,1,0,0,1,0,0,0,0,0,0,0,0,0,0,0,0,0,40.0238,-75.2077, , 
14878,156668,2016008593,6,67,67301,2016,1,2,1912,19,3,1,0,4,1, , ,N,0,0,0,3,0,1,2,2,N, ,40 03:16.176,75 00:30.582,1918, ,1917, ,0, , , ,0, , , , , , , , , ,2,0,0,0,0,0,2,0,0,0,1,0,1,0,0,0,0,0,0,0,0,1,0,1,0,0,0,0,0,0,0,0,0,0,0,3,0,40.0545,-75.0085, , 
14879,156671,2016013762,6,67,67301,2016,1,4,1523,15,1,1,0,5,1, , ,N,0,0,0,3,0,1,4,2,N, ,40 05:29.623,75 00:41.634,1528, ,1523, ,0, ,N, ,0, , , , , , , , , ,2,2,0,0,0,0,0,0,0,0,0,1,1,0,0,0,0,0,1,0,0,0,0,0,0,0,0,0,0,0,0,0,0,0,0,4,0,40.0916,-75.0116, , 
14880,156685,2016029794,6,67,67301,2016,2,6,2200,22,3,1,0,4,1, , ,N,1,3,0,3,0,2,4,2,N, ,39 55:38.697,75 11:00.848,2205, ,2200, ,0, , , ,3, , , , , , , , , ,2,1,0,0,0,0,1,0,0,0,0,2,2,0,0,0,0,0,0,0,0,0,0,0,0,0,0,0,0,0,0,0,0,0,0,4,0,39.9274,-75.1836, , 
14881,156686,2016029952,6,67,67301,2016,3,3,1425,14,1,1,0,4,1, , ,N,2,0,0,3,0,1,4,2,N, ,39 54:53.952,75 09:24.089,1435, ,1433, ,0, , , ,0, , , , , , , , , ,2,2,0,0,0,0,0,0,0,0,0,1,1,0,0,0,0,0,0,0,1,0,0,4,0,0,0,0,0,0,0,0,0,0,0,4,0,39.9149,-75.1566, , 
14882,156689,2016032006,6,67,67301,2016,2,6,1138,11,1,1,0,8,1, , ,N,1,2,0,3,0,1,2,2,N,N,39 57:57.056,75 14:02.155,1147, ,1140, ,0, , , ,3, , , , , , , , , ,1,0,0,1,0,0,0,0,0,0,0,0,1,1,0,0,0,0,0,0,0,0,0,0,0,0,0,0,0,0,0,0,1,0,0,8,1,39.9658,-75.2339, , 
14883,156690,2016033503,6,67,67301,2016,3,2,1856,18,3,1,0,5,1,1,4,Y,0,8,0,3,0,2,3,2,N,N,39 57:59.660,75 08:05.445,1908,45,1859, ,0, , , ,3, ,N,N,N,N,N,N,N,Y,2,1,0,0,1,0,0,0,0,0,0,2,2,0,0,0,0,0,0,0,1,1,0,0,0,0,0,0,0,0,0,0,0,0,0,4,0,39.9666,-75.1348, , 
14884,156713,2016013733,6,67,67301,2016,1,5,1733,17,3,1,0,8,1, , ,N,1,2,0,3,1,0,2,2,N, ,39 55:38.651,75 08:42.007,1738, ,1734,9,2,2, ,0,3,Y, , , , , , , , ,1,0,0,0,0,0,0,1,0,0,0,0,0,0,0,0,0,0,0,0,0,0,1,0,0,0,0,0,0,0,0,0,1,1,0,1,0,39.9273,-75.1448,2, 
14885,156746,2016052935,6,67,67301,2016,5,6,910,9,1,2,1,7,3, , ,N,0,0,0,3,0,0,1,1,N,N,39 53:49.410,75 11:20.151,932, ,911,1,1,2, , ,0,N, , , , , , , , ,1,1,0,0,0,0,0,0,0,0,0,0,0,0,0,0,0,0,0,0,0,0,0,0,0,0,0,0,0,0,0,0,0,0,0,0,0,39.8971,-75.1889, , 
14886,156762,2016013714,6,67,67301,2016,1,1,1627,16,1,2,1,4,1, , ,N,1,2,0,3,0,2,5,2,N,N,40 02:08.080,75 07:25.889,1706, ,1706,3,2,2,N, ,3,N, , , , , , , , ,2,0,0,0,0,0,1,1,0,0,0,2,2,0,0,0,0,0,0,0,0,0,0,0,0,0,0,0,0,0,0,0,0,0,0,4,0,40.0356,-75.1239, , 
14887,159594,2016058559,6,67,67301,2016,5,4,1715,17,1,1,0,8,1, , ,N,0,0,0,3,0,1,2,2,N,N,40 01:38.100,75 08:24.961,1800, ,1754, ,0, ,N, ,0, , , , , , , , , ,1,0,0,0,0,0,1,0,0,0,1,0,1,0,0,0,0,0,0,0,0,0,0,0,0,0,0,0,0,0,0,0,1,0,0,3,0,40.0273,-75.1403, , 
14888,159613,2016019356,6,67,67301,2016,2,7,413,4,3,1,0,7,5, , ,N,0,0,0,3,0,0,1,1,N,N,39 53:55.564,75 10:48.988,425, ,414,1,2,2, , ,0,N, , , , , , , , ,1,1,0,0,0,0,0,0,0,0,0,0,0,0,0,0,0,0,0,0,0,0,0,0,0,0,0,0,0,0,0,0,0,0,0,0,0,39.8988,-75.1803, , 
14889,159666,2016024797,6,67,67301,2016,2,7,1039,10,1,1,0,8,1, , ,N,1,2,0,3,0,1,2,2,N,N,39 58:17.277,75 13:33.037,1105, ,1102, ,0, ,N, ,3, , , , , , , , , ,1,0,0,0,0,0,1,0,0,0,0,1,1,0,0,0,0,0,0,0,1,0,0,0,0,0,0,0,0,0,0,0,1,0,0,4,0,39.9714,-75.2258, , 
14890,159669,2016029784,6,67,67301,2016,2,1,1235,12,1,1,0,4,1, , ,N,1,3,2,3,0,2,5,2,N, ,40 01:12.005,75 09:07.946,1245, ,1242,2,1,1, , ,3,Y, , , , , , , , ,2,0,0,0,0,0,2,0,0,0,0,2,2,0,0,0,0,0,0,0,1,0,0,0,0,0,0,0,0,0,0,0,0,0,0,4,0,40.02,-75.1522, , 
14891,159683,2016048612,6,67,67301,2016,1,7,950,9,1,1,0,4,1, , ,N,1,2,0,3,0,1,2,2,N, ,39 59:35.083,75 08:52.393,1020, ,1018,3,1,2, , ,3,Y, , , , , , , , ,2,2,0,0,0,0,0,0,0,0,0,0,1,1,0,0,0,0,0,0,0,0,0,0,0,0,0,0,0,0,0,0,0,0,0,8,0,39.9931,-75.1479, , 
14892,159684,2016048667,6,67,67301,2016,4,3,1022,10,1,1,0,4,1, , ,N,3,2,0,3,0,0,2,2,N,N,40 00:21.955,75 10:35.772,1037, ,1027, ,0, ,N, ,3, , , , , , , , , ,2,1,0,0,0,0,0,1,0,0,0,0,0,0,1,0,0,0,0,0,0,0,0,2,0,0,0,0,0,0,0,0,0,0,0,9,0,40.006,-75.1766, , 
14893,159700,2016010660,6,67,67301,2016,1,1,2018,20,2,2,1,7,4, , ,N,0,0,0,3,0,1,1,1,N,N,39 57:34.855,75 10:38.188,2032, ,2023,1,1,3, , ,0,N, , , , , , , , ,1,1,0,0,0,0,0,0,0,0,1,0,1,0,0,0,0,1,0,0,0,0,0,1,0,0,0,0,0,0,0,0,0,0,0,3,0,39.9597,-75.1773, , 
14894,159705,2016014067,6,67,67301,2016,1,6,425,4,3,1,0,8,1, , ,N,0,0,0,3,0,1,2,2,N,N,39 56:21.700,75 11:13.800,431, ,429, ,0, , , ,0, , , , , , , , , ,1,1,0,0,0,0,0,0,0,0,0,0,1,1,0,0,0,0,0,0,0,0,0,0,0,0,0,0,0,0,0,0,1,0,0,8,0,39.9394,-75.1872, , 
14895,159709,2016022059,6,67,67301,2016,2,4,1851,18,3,1,0,4,1, , ,N,1,2,0,3,0,1,3,3,N, ,40 01:04.608,75 08:57.650,1900, ,1851,9,1,1, , ,3,N, , , , , , , , ,3,1,0,0,0,0,1,1,0,0,0,1,1,0,0,0,0,0,0,0,0,0,0,2,0,0,0,0,0,0,0,0,0,0,0,4,0,40.0179,-75.1493, , 
14896,159752,2016013922,6,67,67301,2016,1,4,741,7,1,1,0,4,1, , ,N,1,3,0,3,0,2,3,3,N, ,40 02:30.692,75 04:49.843,946, ,944, ,0, , , ,3, , , , , , , , , ,3,3,0,0,0,0,0,0,0,0,2,0,2,0,0,0,0,0,0,0,1,0,0,0,0,0,0,0,0,0,0,0,0,0,0,3,0,40.0419,-75.0805, , 
14897,159755,2016017014,6,67,67301,2016,1,5,1420,14,1,1,0,4,1, , ,N,0,0,7,3,0,1,2,2,N,N,40 03:27.031,75 04:36.928,1430, ,1420,1,1,3, , ,0,N, , , , , , , , ,2,1,0,0,0,0,0,1,0,0,0,1,1,0,0,0,0,0,0,0,0,1,0,0,0,0,0,0,0,0,0,0,0,0,0,4,0,40.0575,-75.0769, , 
14898,159775,2016040951,6,67,67301,2016,4,4,1550,15,1,1,0,8,1, , ,N,1,2,0,3,0,1,2,2,N, ,39 57:01.378,75 08:50.092,1604, ,1601, ,0, , , ,3, , , , , , , , , ,1,1,0,0,0,0,0,0,0,0,0,0,1,1,0,0,0,0,0,0,0,0,0,1,0,0,0,0,0,0,0,0,1,0,0,8,0,39.9503,-75.1473, , 
14899,159791,2016056017,6,67,67301,2016,5,2,2252,22,3,1,0,4,1, , ,N,2,2,7,3,0,1,6,2,N, ,40 05:35.998,74 57:43.476,2259, ,2254,1,2,1, , ,3,N, , , , , , , , ,2,1,0,0,0,0,1,0,0,0,0,1,1,0,0,0,0,0,0,0,1,0,0,6,0,0,0,0,0,0,0,0,0,0,0,4,0,40.0933,-74.9621, , 
14900,159812,2016019789,6,67,67301,2016,1,7,1745,17,3,4,5,8,1, , ,N,1,2,0,3,0,1,3,2,N,N,39 56:50.704,75 14:23.171,2130, ,2122, ,0, ,N, ,3, , , , , , , , , ,1,0,0,0,0,0,1,0,0,0,0,1,1,0,0,0,0,0,0,0,0,0,0,1,0,0,0,0,0,0,0,0,1,0,0,4,0,39.9474,-75.2398, , 
14901,159813,2016019807,6,67,67301,2016,1,4,2330,23,3,1,0,5,1, , ,N,0,0,0,3,0,1,5,2,N, ,40 01:47.638,75 06:14.160,356, ,323, ,0, , , ,0, , , , , , , , , ,2,2,0,0,0,0,0,0,0,0,0,1,1,0,4,0,0,0,0,0,0,0,0,0,0,0,0,0,0,0,0,0,0,0,0,4,0,40.0299,-75.1039, , 
14902,159814,2016020304,6,67,67301,2016,1,3,1050,10,1,1,0,8,2, , ,N,0,0,0,3,0,1,2,2,N,N,40 02:28.983,75 04:32.091,1100, ,1100, ,0, , , ,0, , , , , , , , , ,1,0,0,0,1,0,0,0,0,0,0,1,1,0,0,0,0,0,0,0,1,0,0,0,0,0,0,0,0,0,0,0,1,0,0,4,0,40.0414,-75.0756, , 
14903,159815,2016022004,6,67,67301,2016,2,6,2045,20,3,1,0,5,6, , ,N,0,0,0,3,0,0,1,2,N,N,40 02:55.882,75 05:39.566,2119, ,2117,1,1,4, , ,0,Y, , , , , , , , ,2,1,0,0,0,0,1,0,0,0,0,0,0,0,0,0,0,0,0,0,0,0,0,0,0,0,0,0,0,0,0,0,0,0,0,0,0,40.0489,-75.0943, , 
14904,159820,2016026099,6,67,67301,2016,2,2,28,0,3,1,0,4,1, , ,N,2,3,0,3,0,0,3,2,N, ,39 56:34.526,75 10:44.587,49, ,47, ,0, , , ,3, , , , , , , , , ,2,2,0,0,0,0,0,0,0,0,0,0,0,0,0,0,0,0,0,0,1,0,0,0,0,0,0,0,0,0,0,0,0,0,0,0,0,39.9429,-75.1791, , 
14905,163036,2016033829,6,67,67301,2016,3,3,2205,22,3,1,0,4,1, , ,N,2,2,0,3,0,1,2,2,N, ,40 04:36.609,75 12:28.031,2209, ,2209, ,0, , , ,3, , , , , , , , , ,2,1,0,0,0,0,0,1,0,0,0,1,1,0,0,0,0,0,0,1,0,0,0,0,0,0,0,0,0,0,0,0,0,0,0,4,0,40.0768,-75.2078, , 
14906,163042,2016039710,6,67,67301,2016,3,2,510,5,3,2,1,2,6, , ,N,0,0,0,3,0,0,1,3,N,N,40 02:43.857,75 02:43.086,520, ,515,2,1,3,N, ,0,N, , , , , , , , ,3,0,0,0,0,0,1,2,0,0,0,0,0,0,0,0,0,0,0,0,0,0,0,0,0,0,0,0,0,0,0,0,0,0,0,0,0,40.0455,-75.0453, , 