objectid_1,objectid,crn,district,county,municipality,crash_year,crash_month,day_of_week,time_of_day,hour_of_day,illumination,weather,road_condition,collision_type,relation_to_road,work_zone_type,work_zone_loc,work_zone_ind,intersect_type,tcd_type,location_type,urban_rural,fatal_count,injury_count,person_count,total_units,sch_bus_ind,sch_zone_ind,latitude,longitude,arrival_tm,cons_zone_spd_lim,dispatch_tm,est_hrs_closed,lane_closed,ln_close_dir,ntfy_hiwy_maint,spec_juris_cd,tcd_func_cd,tfc_detour_ind,workers_pres,wz_close_detour,wz_flagger,wz_law_offcr_ind,wz_ln_closure,wz_moving,wz_other,wz_shlder_mdn,vehicle_count,automobile_count,motorcycle_count,bus_count,small_truck_count,heavy_truck_count,suv_count,van_count,bicycle_count,maj_inj_count,mod_inj_count,min_inj_count,tot_inj_count,unk_inj_deg_count,unk_inj_per_count,driver_count_16yr,driver_count_17yr,driver_count_18yr,driver_count_19yr,driver_count_20yr,driver_count_50_64yr,driver_count_65_74yr,driver_count_75plus,unbelted_occ_count,unb_death_count,unb_maj_inj_count,belted_death_count,belted_maj_inj_count,mcycle_death_count,mcycle_maj_inj_count,bicycle_death_count,bicycle_maj_inj_count,ped_count,ped_death_count,ped_maj_inj_count,max_severity_level,comm_veh_count,dec_lat,dec_long,rdwy_surf_type_cd,county_name
14907,163043,2016039847,6,67,67301,2016,4,2,1602,16,1,1,0,1,1, , ,N,0,0,0,3,0,1,6,2,N,N,39 58:52.788,75 09:01.098,1610, ,1605, ,0, ,N, ,0, , , , , , , , , ,2,2,0,0,0,0,0,0,0,0,0,0,1,1,0,0,0,0,0,0,0,0,0,1,0,0,0,0,0,0,0,0,0,0,0,8,0,39.9813,-75.1503, , 
14908,163046,2016040899,6,67,67301,2016,4,1,235,2,3,1,0,5,6, , ,N,0,0,0,3,0,0,1,4,N, ,39 58:21.935,75 08:02.893,240, ,237, ,0, , , ,0, , , , , , , , , ,4,4,0,0,0,0,0,0,0,0,0,0,0,0,0,0,0,0,0,0,0,0,0,0,0,0,0,0,0,0,0,0,0,0,0,0,0,39.9728,-75.1341, , 
14909,163075,2016014049,6,67,67301,2016,1,5,1922,19,3,1,0,7,4, , ,N,2,2,0,3,0,1,1,1,N,N,40 01:28.783,75 07:40.471,1939, ,1929, ,0, , , ,3, , , , , , , , , ,1,1,0,0,0,0,0,0,0,0,0,1,1,0,0,0,0,0,0,0,0,0,0,0,0,0,0,0,0,0,0,0,0,0,0,4,0,40.0247,-75.1279, , 
14910,163092,2016030115,6,67,67301,2016,3,5,1800,18,1,1,0,1,1, , ,N,0,8,0,3,0,1,3,3,N,N,39 58:38.230,75 11:58.822,1816, ,1805,1,2,4, , ,3,N, , , , , , , , ,3,3,0,0,0,0,0,0,0,0,1,0,1,0,0,0,0,0,0,0,1,0,0,0,0,0,0,0,0,0,0,0,0,0,0,3,0,39.9773,-75.1997, , 
14911,163094,2016032018,6,67,67301,2016,2,4,1515,15,1,1,0,5,1, , ,N,0,0,0,3,0,1,4,4,N, ,39 59:49.588,75 07:46.489,1515, ,1515,1,1,1, , ,0,Y, , , , , , , , ,4,0,0,0,2,0,2,0,0,0,0,0,1,1,1,0,0,0,0,0,1,0,0,0,0,0,0,0,0,0,0,0,0,0,0,8,0,39.9971,-75.1296, , 
14912,163098,2016033767,6,67,67301,2016,3,3,725,7,2,1,0,8,1, , ,N,2,2,0,3,0,1,2,2,N,Y,40 00:52.743,75 07:56.330,745, ,740, ,0, ,N, ,3, , , , , , , , , ,1,1,0,0,0,0,0,0,0,0,0,1,1,0,0,0,0,0,0,0,0,0,0,1,0,0,0,0,0,0,0,0,1,0,0,4,0,40.0147,-75.1323, , 
14913,163126,2016014438,6,67,67301,2016,1,4,912,9,1,1,0,1,1, , ,N,0,0,0,3,0,1,2,2,N,N,40 00:42.388,75 10:56.354,924, ,912,2,1,2,N, ,0,N, , , , , , , , ,2,2,0,0,0,0,0,0,0,0,0,1,1,0,0,0,0,0,0,0,0,0,0,0,0,0,0,0,0,0,0,0,0,0,0,4,0,40.0118,-75.1823, , 
14914,163141,2016028843,6,67,67301,2016,3,2,1019,10,1,1,0,1,1, , ,N,0,0,0,3,0,2,4,3,N,N,40 00:26.124,75 12:01.423,1027, ,1019,2,2,3, , ,0,N, , , , , , , , ,3,2,0,0,0,0,1,0,0,0,0,0,2,2,0,0,0,0,0,0,1,0,1,0,0,0,0,0,0,0,0,0,0,0,0,8,0,40.0073,-75.2004, , 
14915,163161,2016060856,6,67,67301,2016,5,3,1732,17,1,1,0,1,1, , ,N,0,0,0,3,0,1,2,2,N,N,40 07:32.979,75 01:08.945,1745, ,1740, ,0, ,N, ,0, , , , , , , , , ,2,0,0,0,0,0,1,1,0,0,0,0,1,1,1,0,0,0,0,0,1,1,0,1,0,0,0,0,0,0,0,0,0,0,0,8,0,40.1258,-75.0192, , 
14916,163194,2016042877,6,67,67301,2016,4,1,2159,21,3,1,0,4,1, , ,N,0,0,0,3,0,0,2,2,N,N,40 00:14.091,75 13:14.544,2206, ,2206, ,0, , , ,0, , , , , , , , , ,2,2,0,0,0,0,0,0,0,0,0,0,0,0,0,0,0,0,0,0,1,0,0,0,0,0,0,0,0,0,0,0,0,0,0,0,0,40.0039,-75.2207, , 
14917,163203,2016053670,6,67,67301,2016,5,6,849,8,1,2,1,8,1, , ,N,0,0,0,3,0,1,2,2,N,N,40 01:19.089,75 03:45.174,900, ,855, ,0, , , ,0, , , , , , , , , ,1,0,0,0,0,0,1,0,0,0,0,1,1,0,0,0,0,0,0,0,0,0,0,1,0,0,0,0,0,0,0,0,1,0,0,4,0,40.022,-75.0625, , 
14918,163218,2016011436,6,67,67301,2016,1,4,1728,17,3,1,0,1,1, , ,N,0,0,0,3,0,0,3,3,N,N,39 57:26.984,75 08:48.609,1752, ,1738,2,2,4, , ,0,N, , , , , , , , ,3,2,0,0,0,0,1,0,0,0,0,0,0,0,0,0,0,0,0,0,2,0,0,0,0,0,0,0,0,0,0,0,0,0,0,0,0,39.9575,-75.1468, , 
14919,163222,2016017000,6,67,67301,2016,1,7,2144,21,3,1,0,8,1, , ,N,0,0,0,3,0,1,2,2,N,N,40 01:45.505,75 07:04.141,2146, ,2144, ,0, ,N, ,0, , , , , , , , , ,1,0,0,0,0,0,1,0,0,0,0,1,1,0,0,0,0,0,0,0,1,0,0,0,0,0,0,0,0,0,0,0,1,0,0,4,0,40.0293,-75.1178, , 
14920,163235,2016031070,6,67,67301,2016,2,2,1750,17,3,1,0,8,1, , ,N,0,0,0,3,0,1,3,2,N,N,39 59:35.257,75 10:23.847,1800, ,1759,2,2,3,N, ,0,Y, , , , , , , , ,1,1,0,0,0,0,0,0,0,0,1,0,1,0,0,0,0,0,0,0,0,0,0,0,0,0,0,0,0,0,0,0,1,0,0,3,0,39.9931,-75.1733, , 
14921,163237,2016032044,6,67,67301,2016,3,3,9999,99,1,1,0,4,1, , ,N,1,3,0,3,0,1,3,2,N, ,39 57:03.751,75 13:07.305,1115, ,1112, ,0, , , ,3, , , , , , , , , ,2,2,0,0,0,0,0,0,0,0,0,0,1,1,1,0,0,0,0,0,2,0,0,2,0,0,0,0,0,0,0,0,0,0,0,8,0,39.951,-75.2187, , 
14922,163274,2016033868,6,67,67301,2016,3,3,1030,10,1,2,1,4,1, , ,N,2,3,0,3,0,2,3,3,N,N,39 58:03.363,75 09:43.282,1058, ,1036, ,0, ,N, ,3, , , , , , , , , ,3,3,0,0,0,0,0,0,0,0,0,2,2,0,0,0,0,0,1,0,1,0,0,0,0,0,0,0,0,0,0,0,0,0,0,4,0,39.9676,-75.162, , 
14923,166850,2016022609,6,67,67301,2016,2,6,225,2,3,1,0,7,4, , ,N,0,0,0,3,0,1,1,1,N,N,39 52:36.683,75 15:19.839,255, ,228, ,0, , , ,0, , , , , , , , , ,1,0,0,0,0,0,0,1,0,0,1,0,1,0,0,0,0,0,1,0,0,0,0,0,0,0,0,0,0,0,0,0,0,0,0,3,0,39.8769,-75.2555, , 
14924,166853,2016026011,6,67,67301,2016,2,2,1735,17,4,4,3,7,4, , ,N,0,0,6,3,0,1,1,1,N,N,40 02:00.162,75 04:37.363,1753, ,1743,2,1,1,N, ,0,N, , , , , , , , ,1,0,0,0,0,0,1,0,0,0,0,0,1,1,0,0,0,0,0,0,0,0,0,0,0,0,0,0,0,0,0,0,0,0,0,8,0,40.0334,-75.077, , 
14925,166855,2016028347,6,67,67301,2016,2,7,1610,16,1,1,0,4,1, , ,N,1,3,0,3,0,3,3,2,N,N,39 59:11.306,75 07:58.551,1710, ,1709, ,0, ,N, ,3, , , , , , , , , ,2,0,0,0,0,0,1,0,0,0,0,3,3,0,0,0,0,0,0,0,0,0,0,0,0,0,0,0,0,0,0,0,0,0,0,4,0,39.9865,-75.1329, , 
14926,166864,2016040870,6,67,67301,2016,4,5,2130,21,3,2,1,4,1, , ,N,0,0,0,3,0,1,2,2,N,N,40 01:32.639,75 02:37.140,2333, ,2333, ,0, ,N, ,0, , , , , , , , , ,1,0,0,0,0,0,0,0,1,0,0,1,1,0,0,0,0,0,0,0,0,0,0,0,0,0,0,0,0,0,0,0,0,0,0,4,0,40.0257,-75.0437, , 
14927,166872,2016047813,6,67,67301,2016,4,3,144,1,3,1,1,5,6, , ,N,0,0,0,3,0,1,1,3,N,N,40 05:57.976,75 02:11.151,147, ,144, ,0, ,N, ,0, , , , , , , , , ,3,1,0,0,0,0,2,0,0,0,0,1,1,0,0,0,0,0,0,1,0,0,0,0,0,0,0,0,0,0,0,0,0,0,0,4,0,40.0994,-75.0364, , 
14928,166873,2016048604,6,67,67301,2016,4,2,1355,13,1,1,0,5,1, , ,N,1,2,0,3,0,1,3,2,N,N,39 57:05.967,75 10:13.092,1420, ,1400, ,0, ,N, ,3, , , , , , , , , ,2,0,0,1,0,1,0,0,0,0,0,1,1,0,0,0,0,0,0,0,0,0,0,1,0,0,0,0,0,0,0,0,0,0,0,4,2,39.9516,-75.1702, , 
14929,166875,2016053709,6,67,67301,2016,5,2,1157,11,1,1,0,1,1, , ,N,0,2,0,3,0,1,2,2,N, ,40 06:45.722,75 01:23.488,1215, ,1206, ,0, , , ,3, , , , , , , , , ,2,1,0,0,0,0,0,1,0,0,0,1,1,0,0,0,0,1,0,0,0,1,0,0,0,0,0,0,0,0,0,0,0,0,0,4,0,40.1127,-75.0232, , 
14930,166890,2016019375,6,67,67301,2016,2,3,100,1,3,4,4,7,5, , ,N,0,0,0,3,0,0,1,1,N,N,39 54:49.387,75 08:53.277,100, ,100, ,0, , , ,0, , , , , , , , , ,1,1,0,0,0,0,0,0,0,0,0,0,0,0,0,0,0,0,0,0,0,0,0,0,0,0,0,0,0,0,0,0,0,0,0,0,0,39.9137,-75.1481, , 
14931,166909,2016040932,6,67,67301,2016,3,5,1331,13,1,1,0,4,1, , ,N,1,2,0,3,0,2,3,2,N,N,39 55:15.755,75 13:26.897,1415, ,1405, ,0, ,N, ,3, , , , , , , , , ,2,1,0,0,1,0,0,0,0,0,0,0,2,2,0,0,0,0,0,0,1,0,0,0,0,0,0,0,0,0,0,0,0,0,0,8,0,39.9211,-75.2242, , 
14932,166920,2016052327,6,67,67301,2016,5,1,2235,22,3,1,0,4,1, , ,N,2,0,0,3,0,0,1,3,N, ,40 01:13.570,75 09:24.724,2250, ,2240, ,0, , , ,0, , , , , , , , , ,3,1,0,0,0,0,2,0,0,0,0,0,0,0,1,0,0,0,0,0,0,0,0,0,0,0,0,0,0,0,0,0,0,0,0,9,0,40.0204,-75.1569, , 
14933,166937,2016013811,6,67,67301,2016,1,1,9999,99,1,1,0,5,6, , ,N,0,0,0,3,0,3,3,3,N, ,39 59:38.896,75 10:45.143,1546, ,1510, ,0, , , ,0, , , , , , , , , ,3,2,0,0,0,0,1,0,0,0,0,0,3,3,0,0,0,0,0,0,0,0,0,0,0,0,0,0,0,0,0,0,0,0,0,8,0,39.9941,-75.1792, , 
14934,166946,2016021276,6,67,67301,2016,2,4,1230,12,1,1,0,1,1,1,8,Y,0,0,0,3,0,2,3,2,N,N,40 01:08.788,75 02:46.382,1239,45,1230,1,1,2, , ,0,N,N,N,N,N,N,N,N,Y,2,0,0,0,1,1,0,0,0,0,1,0,2,1,0,0,0,0,0,0,0,0,0,2,0,0,0,0,0,0,0,0,0,0,0,3,1,40.0191,-75.0462, , 
14935,166956,2016033101,6,67,67301,2016,3,4,940,9,1,1,0,1,1, , ,N,1,2,0,3,0,1,2,2,Y, ,40 03:34.246,75 03:07.165,949, ,949,1,1,2, , ,3,N, , , , , , , , ,2,1,0,1,0,0,0,0,0,0,0,0,1,1,0,0,0,0,0,0,0,0,0,0,0,0,0,0,0,0,0,0,0,0,0,8,1,40.0595,-75.052, , 
14936,166987,2016014510,6,67,67301,2016,2,5,31,0,3,1,1,7,4, , ,N,0,0,0,3,0,0,1,1,N,N,40 02:23.058,75 00:25.265,48, ,32, ,0, , , ,0, , , , , , , , , ,1,1,0,0,0,0,0,0,0,0,0,0,0,0,0,0,0,0,0,0,0,0,0,0,0,0,0,0,0,0,0,0,0,0,0,0,0,40.0397,-75.007, , 
14937,166999,2016022042,6,67,67301,2016,1,6,640,6,1,1,0,7,4, , ,N,0,0,0,3,0,1,1,1,N,N,39 59:55.787,75 11:26.279,719, ,702, ,0, ,N, ,0, , , , , , , , , ,1,1,0,0,0,0,0,0,0,0,0,0,1,1,0,0,0,0,0,0,0,0,0,0,0,0,0,0,0,0,0,0,0,0,0,8,0,39.9988,-75.1906, , 
14938,167003,2016029782,6,67,67301,2016,2,4,1530,15,1,2,1,5,6, , ,N,0,0,0,3,0,1,1,2,N,N,40 06:07.390,75 03:37.432,1544, ,1538, ,0, , , ,0, , , , , , , , , ,2,2,0,0,0,0,0,0,0,0,0,1,1,0,0,0,0,0,0,0,0,0,0,0,0,0,0,0,0,0,0,0,0,0,0,4,0,40.1021,-75.0604, , 
14939,167004,2016029921,6,67,67301,2016,2,2,1600,16,1,1,0,4,1, , ,N,1,3,0,3,0,1,2,2,N,N,39 58:09.631,75 08:35.678,1805, ,1801, ,0, ,N, ,3, , , , , , , , , ,1,0,0,0,0,0,0,0,1,0,0,0,1,1,1,0,0,0,0,0,0,0,0,0,0,0,0,0,0,0,0,0,0,0,0,8,0,39.9693,-75.1432, , 
14940,167006,2016031087,6,67,67301,2016,3,1,1750,17,3,1,0,1,1, , ,N,0,0,0,3,0,0,2,2,N, ,40 05:48.593,75 01:04.091,1810, ,1807, ,0, , , ,0, , , , , , , , , ,2,0,0,0,0,0,2,0,0,0,0,0,0,0,0,0,0,0,0,0,1,0,0,0,0,0,0,0,0,0,0,0,0,0,0,0,0,40.0968,-75.0178, , 
14941,167022,2016051285,6,67,67301,2016,4,5,610,6,1,1,0,4,1, , ,N,1,2,0,3,0,1,3,3,N,N,39 56:12.483,75 13:47.092,725, ,715,9,2,3, , ,3,N, , , , , , , , ,3,2,0,0,0,0,1,0,0,0,1,0,1,0,0,0,0,0,0,0,1,0,0,0,0,0,0,0,0,0,0,0,0,0,0,3,0,39.9368,-75.2297, , 
14942,156763,2016013739,6,67,67301,2016,1,7,9999,99,3,1,0,4,1, , ,N,1,2,0,3,0,0,2,2,N, ,39 58:17.277,75 13:33.037,132, ,130, ,0, , , ,3, , , , , , , , , ,2,2,0,0,0,0,0,0,0,0,0,0,0,0,0,0,0,0,0,0,0,0,0,0,0,0,0,0,0,0,0,0,0,0,0,0,0,39.9714,-75.2258, , 
14943,156800,2016056009,6,67,67301,2016,5,5,717,7,1,1,0,4,1, , ,N,1,2,0,3,0,2,2,2,N,N,40 02:13.172,75 04:47.317,722, ,721,2,1,1,N, ,3,N, , , , , , , , ,2,1,0,0,0,0,1,0,0,0,2,0,2,0,0,0,0,0,0,0,0,0,0,1,0,0,0,0,0,0,0,0,0,0,0,3,0,40.0369,-75.0798, , 
14944,156811,2016019749,6,67,67301,2016,2,4,1509,15,1,2,1,4,1, , ,N,0,0,7,3,0,2,2,3,N,N,40 07:56.070,75 00:34.359,1545, ,1535, ,0, , , ,0, , , , , , , , , ,3,3,0,0,0,0,0,0,0,0,0,0,2,2,0,0,0,0,0,0,0,0,0,0,0,0,0,0,0,0,0,0,0,0,0,8,0,40.1322,-75.0095, , 
14945,156823,2016033839,6,67,67301,2016,3,6,1622,16,1,1,1,4,1, , ,N,0,0,3,3,0,1,2,2,N,N,39 56:33.840,75 11:48.552,1628, ,1626, ,0, ,N, ,0, , , , , , , , , ,1,1,0,0,0,0,0,0,1,0,1,0,1,0,0,0,0,0,0,0,0,0,0,1,0,0,0,0,0,0,0,0,0,0,0,3,0,39.9427,-75.1968, , 
14946,156826,2016036388,6,67,67301,2016,3,6,939,9,1,1,0,4,1, , ,N,1,2,0,3,0,3,5,3,N,N,39 58:12.615,75 14:14.927,942, ,942, ,0, ,N, ,3, , , , , , , , , ,3,2,0,0,0,0,0,0,0,0,0,3,3,0,0,0,0,0,0,0,0,0,0,0,0,0,0,0,0,0,0,0,0,0,0,4,0,39.9702,-75.2375, , 
14947,156840,2016046067,6,67,67301,2016,4,5,919,9,1,1,0,1,1, , ,N,0,0,0,3,0,1,4,2,N,N,40 06:51.268,75 00:18.677,925, ,921,2,2,3,N, ,0,Y, , , , , , , , ,2,0,0,0,0,0,2,0,0,0,0,1,1,0,0,0,0,0,0,1,1,0,0,0,0,0,0,0,0,0,0,0,0,0,0,4,0,40.1142,-75.0052, , 
14948,156858,2016013850,6,67,67301,2016,1,7,2305,23,3,1,0,1,1, , ,N,1,2,0,3,0,1,2,2,N,N,39 59:55.564,75 07:52.533,2306, ,2306, ,0, ,N, ,3, , , , , , , , , ,2,2,0,0,0,0,0,0,0,0,0,0,1,1,0,0,0,0,0,0,0,0,0,0,0,0,0,0,0,0,0,0,0,0,0,8,0,39.9988,-75.1313, , 
14949,156875,2016038176,6,67,67301,2016,3,3,1300,13,1,1,0,4,1, , ,N,1,2,0,3,0,1,2,2,N,N,39 56:15.867,75 13:32.487,1630, ,1619, ,0, ,N, ,3, , , , , , , , , ,1,1,0,0,0,0,0,0,1,0,0,1,1,0,1,0,0,0,0,0,0,0,0,0,0,0,0,0,0,0,0,0,0,0,0,4,0,39.9377,-75.2257, , 
14950,156886,2016050149,6,67,67301,2016,5,2,1427,14,1,1,0,1,1, , ,N,0,0,0,3,0,0,2,2,N,N,40 01:34.013,75 01:37.589,1459, ,1437,2,2,1, , ,0,N, , , , , , , , ,2,1,0,0,1,0,0,0,0,0,0,0,0,0,0,0,0,0,0,0,1,0,0,0,0,0,0,0,0,0,0,0,0,0,0,0,0,40.0261,-75.0271, , 
14951,156904,2016013307,6,67,67301,2016,1,3,935,9,1,1,0,8,1, , ,N,1,2,0,3,0,1,2,2,N,N,39 55:18.762,75 10:12.564,955, ,949, ,0, ,N, ,3, , , , , , , , , ,1,0,0,0,0,0,0,1,0,0,0,1,1,0,0,0,0,0,0,0,0,0,0,0,0,0,0,0,0,0,0,0,1,0,0,4,0,39.9219,-75.1702, , 
14952,156907,2016016613,6,67,67301,2016,1,6,1526,15,1,1,0,1,1, , ,N,2,0,7,3,0,2,2,2,N,N,40 06:57.453,75 01:14.116,1642, ,1638, ,0, ,N, ,0, , , , , , , , , ,2,1,0,0,0,0,1,0,0,0,0,2,2,0,0,0,0,0,0,0,0,1,0,0,0,0,0,0,0,0,0,0,0,0,0,4,0,40.116,-75.0205, , 
14953,156935,2016048530,6,67,67301,2016,4,4,1530,15,1,1,0,1,1, , ,N,0,0,0,3,0,1,5,4,N, ,39 58:14.003,75 07:29.514,1620, ,1543,1,1,1, , ,0,N, , , , , , , , ,4,1,0,0,1,0,2,0,0,0,0,0,1,1,0,0,0,0,0,0,3,0,0,4,0,0,0,0,0,0,0,0,0,0,0,8,0,39.9706,-75.1249, , 
14954,156965,2016026103,6,67,67301,2016,2,3,1300,13,1,2,1,4,1, , ,N,1,2,0,3,0,0,2,2,N,N,39 55:35.481,75 11:10.906,1306, ,1306, ,0, ,N, ,3, , , , , , , , , ,2,1,0,0,0,0,0,1,0,0,0,0,0,0,0,0,0,0,0,0,0,0,0,2,0,0,0,0,0,0,0,0,0,0,0,0,0,39.9265,-75.1863, , 
14955,156970,2016033112,6,67,67301,2016,3,1,1012,10,1,1,0,1,1, , ,N,0,0,0,3,0,1,4,2,N, ,40 02:31.486,75 04:31.114,1018, ,1016, ,0, , , ,0, , , , , , , , , ,2,1,0,0,0,0,1,0,0,0,0,0,1,1,0,0,0,0,0,0,1,1,0,0,0,0,0,0,0,0,0,0,0,0,0,8,0,40.0421,-75.0753, , 
14956,156972,2016036539,6,67,67301,2016,3,4,1420,14,1,1,0,1,1, , ,N,0,0,0,3,0,3,5,2,N,N,40 00:19.603,75 06:26.135,1440, ,1430, ,0, , , ,0, , , , , , , , , ,2,0,0,1,0,0,1,0,0,0,0,0,3,3,0,0,0,0,0,0,0,0,0,1,0,0,0,0,0,0,0,0,0,0,0,8,1,40.0054,-75.1073, , 
14957,156982,2016048732,6,67,67301,2016,4,5,2122,21,3,2,1,1,1, , ,N,0,0,0,3,0,0,4,4,N,N,39 58:41.610,75 06:40.216,2143, ,2123,2,2,2, , ,0,N, , , , , , , , ,4,3,0,0,0,0,1,0,0,0,0,0,0,0,0,0,0,0,0,0,0,0,0,0,0,0,0,0,0,0,0,0,0,0,0,0,0,39.9782,-75.1112, , 
14958,157017,2016037375,6,67,67301,2016,3,6,1658,16,1,1,0,8,1, , ,N,1,3,0,3,1,1,2,4,N,N,39 55:58.990,75 09:32.882,1721, ,1717,3,2,3,N,0,3,Y, , , , , , , , ,3,2,0,0,0,0,1,0,0,0,0,0,1,1,0,0,0,0,0,0,0,0,0,0,0,0,0,0,0,0,0,0,1,1,0,1,0,39.9331,-75.1591,2, 
14959,157022,2016051276,6,67,67301,2016,4,7,2020,20,3,1,0,1,1, , ,N,0,0,0,3,0,2,3,2,N, ,40 01:13.916,75 09:21.007,2040, ,2030,1,1,1, , ,0,N, , , , , , , , ,2,0,0,0,1,0,1,0,0,0,0,2,2,0,0,0,0,0,0,0,1,0,0,1,0,0,0,0,0,0,0,0,0,0,0,4,0,40.0205,-75.1558, , 
14960,159854,2016013881,6,67,67301,2016,1,7,1750,17,3,1,0,4,1, , ,N,1,2,0,3,0,1,2,2,N,N,39 55:28.531,75 10:16.770,1805, ,1800, ,0, ,N, ,3, , , , , , , , , ,2,1,0,0,0,0,0,1,0,0,0,1,1,0,0,0,0,0,0,0,1,0,0,0,0,0,0,0,0,0,0,0,0,0,0,4,0,39.9246,-75.1712, , 
14961,159856,2016019867,6,67,67301,2016,2,6,2003,20,2,1,0,8,1, , ,N,0,0,0,3,0,1,2,2,N,N,40 00:13.719,75 08:57.530,2030, ,2027, ,0, , , ,0, , , , , , , , , ,1,0,0,0,0,0,1,0,0,0,0,1,1,0,0,0,0,0,0,0,0,0,0,0,0,0,0,0,0,0,0,0,1,0,0,4,0,40.0038,-75.1493, , 
14962,159864,2016026012,6,67,67301,2016,2,2,1225,12,1,1,0,4,1, , ,N,1,2,0,3,0,6,6,3,N,N,40 02:40.890,75 03:16.537,1233, ,1230,2,2,6,N, ,3,Y, , , , , , , , ,3,2,0,0,0,0,1,0,0,0,0,0,6,6,0,0,0,0,0,0,0,1,0,0,0,0,0,0,0,0,0,0,0,0,0,8,0,40.0446,-75.0547, , 
14963,159909,2016026124,6,67,67301,2016,2,5,2223,22,3,1,0,1,1, , ,N,0,0,0,3,0,1,2,3,N, ,39 58:59.404,75 13:57.241,2227, ,2225,3,1,4, , ,0,N, , , , , , , , ,3,1,0,0,0,0,2,0,0,0,0,0,1,1,1,0,0,0,0,0,1,0,0,0,0,0,0,0,0,0,0,0,0,0,0,8,0,39.9832,-75.2326, , 
14964,159929,2016047807,6,67,67301,2016,4,5,1050,10,1,1,0,1,1, , ,N,2,2,0,3,0,2,3,3,N,N,39 57:45.204,75 12:37.981,1115, ,1055, ,0, ,N, ,3, , , , , , , , , ,3,1,0,0,0,1,1,0,0,0,0,0,2,2,0,0,0,0,0,0,0,0,0,0,0,0,0,0,0,0,0,0,0,0,0,8,1,39.9625,-75.2103, , 
14965,159930,2016048553,6,67,67301,2016,4,3,915,9,1,1,0,4,1, , ,N,1,2,0,3,0,2,4,2,N,N,40 02:25.164,75 03:30.735,924, ,919,1,1,1,N, ,3,N, , , , , , , , ,2,1,0,0,0,0,0,1,0,0,0,2,2,0,0,0,0,0,0,0,0,0,0,0,0,0,0,0,0,0,0,0,0,0,0,4,0,40.0403,-75.0585, , 
14966,159952,2016022026,6,67,67301,2016,2,2,1800,18,3,2,1,4,1, , ,N,2,3,0,3,0,0,2,2,N, ,39 55:46.067,75 14:35.330,1809, ,1804, ,0, , , ,3, , , , , , , , , ,2,1,0,0,0,0,0,1,0,0,0,0,0,0,0,0,0,0,0,0,1,0,0,0,0,0,0,0,0,0,0,0,0,0,0,0,0,39.9295,-75.2431, , 
14967,159960,2016028319,6,67,67301,2016,2,2,50,0,3,2,1,1,6, , ,N,0,0,0,3,0,0,1,2,N,N,40 00:54.330,75 06:33.507,109, ,101, ,0, ,N, ,0, , , , , , , , , ,2,0,0,0,0,0,0,2,0,0,0,0,0,0,1,0,0,0,0,0,0,0,0,0,0,0,0,0,0,0,0,0,0,0,0,9,0,40.0151,-75.1093, , 
14968,159963,2016029947,6,67,67301,2016,3,7,9999,99,1,1,0,6,6, , ,N,0,0,0,3,0,1,1,2,N,N,40 02:42.327,75 02:59.596,1610, ,1607,2,1,2,N, ,0,N, , , , , , , , ,2,2,0,0,0,0,0,0,0,0,0,0,1,1,0,0,0,0,0,0,0,0,0,1,0,0,0,0,0,0,0,0,0,0,0,8,0,40.0451,-75.0499, , 
14969,159974,2016040970,6,67,67301,2016,3,3,1705,17,1,1,0,4,1, , ,N,1,2,0,3,0,1,3,2,N,N,39 58:17.270,75 09:34.235,1715, ,1705, ,0, ,N, ,3, , , , , , , , , ,2,1,0,1,0,0,0,0,0,0,0,1,1,0,0,0,0,0,0,0,1,0,0,1,0,0,0,0,0,0,0,0,0,0,0,4,1,39.9714,-75.1594, , 
14970,159988,2016008643,6,67,67301,2016,1,5,1715,17,3,1,0,4,1, , ,N,1,2,0,3,0,1,4,2,N,N,39 57:49.280,75 10:15.428,1715, ,1715, ,0, , , ,2, , , , , , , , , ,2,1,0,0,0,0,1,0,0,0,0,0,1,1,0,0,0,0,0,0,1,0,0,0,0,0,0,0,0,0,0,0,0,0,0,8,0,39.9636,-75.171, , 
14971,159996,2016020138,6,67,67301,2016,1,1,1325,13,1,1,0,7,5, , ,N,0,0,0,3,0,1,1,1,N,N,39 59:43.213,75 11:52.289,1328, ,1327,3,1,3, , ,0,N, , , , , , , , ,1,0,0,0,0,0,1,0,0,0,0,0,1,1,0,0,0,0,0,0,0,0,0,1,0,0,0,0,0,0,0,0,0,0,0,8,0,39.9953,-75.1979, , 
14972,160004,2016026028,6,67,67301,2016,2,5,1845,18,4,1,0,1,1, , ,N,2,0,7,3,0,3,3,2,N,N,40 00:51.091,75 07:42.974,1900, ,1858,3,2,6,N, ,0,Y, , , , , , , , ,2,2,0,0,0,0,0,0,0,0,2,1,3,0,0,0,0,0,0,0,0,1,0,1,0,0,0,0,0,0,0,0,0,0,0,3,0,40.0142,-75.1286, , 
14973,160005,2016026110,6,67,67301,2016,2,3,1425,14,1,4,1,8,1, , ,N,5,2,0,3,0,1,2,2,N,N,40 03:24.231,75 01:42.351,1631, ,1627,9,1,4,Y, ,3,N, , , , , , , , ,1,1,0,0,0,0,0,0,0,0,0,0,1,1,0,0,0,0,0,1,0,0,0,1,0,0,0,0,0,0,0,0,1,0,0,8,0,40.0567,-75.0284, , 