objectid_1,objectid,crn,district,county,municipality,crash_year,crash_month,day_of_week,time_of_day,hour_of_day,illumination,weather,road_condition,collision_type,relation_to_road,work_zone_type,work_zone_loc,work_zone_ind,intersect_type,tcd_type,location_type,urban_rural,fatal_count,injury_count,person_count,total_units,sch_bus_ind,sch_zone_ind,latitude,longitude,arrival_tm,cons_zone_spd_lim,dispatch_tm,est_hrs_closed,lane_closed,ln_close_dir,ntfy_hiwy_maint,spec_juris_cd,tcd_func_cd,tfc_detour_ind,workers_pres,wz_close_detour,wz_flagger,wz_law_offcr_ind,wz_ln_closure,wz_moving,wz_other,wz_shlder_mdn,vehicle_count,automobile_count,motorcycle_count,bus_count,small_truck_count,heavy_truck_count,suv_count,van_count,bicycle_count,maj_inj_count,mod_inj_count,min_inj_count,tot_inj_count,unk_inj_deg_count,unk_inj_per_count,driver_count_16yr,driver_count_17yr,driver_count_18yr,driver_count_19yr,driver_count_20yr,driver_count_50_64yr,driver_count_65_74yr,driver_count_75plus,unbelted_occ_count,unb_death_count,unb_maj_inj_count,belted_death_count,belted_maj_inj_count,mcycle_death_count,mcycle_maj_inj_count,bicycle_death_count,bicycle_maj_inj_count,ped_count,ped_death_count,ped_maj_inj_count,max_severity_level,comm_veh_count,dec_lat,dec_long,rdwy_surf_type_cd,county_name
15042,160160,2016045923,6,67,67301,2016,4,7,1408,14,1,1,0,1,1, , ,N,0,0,0,3,0,3,7,2,N,N,40 00:29.040,75 12:09.724,1411, ,1408, ,0, , , ,0, , , , , , , , , ,2,1,0,0,1,0,0,0,0,0,0,0,3,3,0,0,0,2,0,0,0,0,0,0,0,0,0,0,0,0,0,0,0,0,0,8,0,40.0081,-75.2027, , 
15043,160161,2016046152,6,67,67301,2016,4,1,1930,19,1,1,0,7,2, , ,N,0,0,0,3,0,1,1,1,N,N,39 54:08.740,75 09:00.504,1959, ,1955, ,0, ,N, ,0, , , , , , , , , ,1,0,1,0,0,0,0,0,0,0,0,0,1,1,0,0,0,0,0,0,0,0,0,0,0,0,0,0,0,0,0,0,0,0,0,8,0,39.9024,-75.1501, , 
15044,160167,2016052858,6,67,67301,2016,4,5,1915,19,1,1,0,8,1, , ,N,1,2,0,3,0,1,2,2,N,N,39 59:34.615,75 06:37.098,1935, ,1924, ,0, ,N, ,3, , , , , , , , , ,1,1,0,0,0,0,0,0,0,0,0,1,1,0,0,0,0,1,0,0,0,0,0,1,0,0,0,0,0,0,0,0,1,0,0,4,0,39.9929,-75.1103, , 
15045,160192,2016019756,6,67,67301,2016,1,4,1327,13,1,1,0,4,1, , ,N,1,3,0,3,0,0,2,2,N,N,40 02:52.901,75 05:34.215,1338, ,1334,1,1,3,N, ,3,N, , , , , , , , ,2,2,0,0,0,0,0,0,0,0,0,0,0,0,0,0,0,0,0,0,1,0,0,0,0,0,0,0,0,0,0,0,0,0,0,0,0,40.048,-75.0928, , 
15046,160210,2016041047,6,67,67301,2016,3,3,825,8,1,1,0,5,1, , ,N,0,0,0,3,0,1,4,2,N, ,39 59:21.123,75 14:23.492,850, ,832, ,0, , , ,0, , , , , , , , , ,2,1,0,0,0,0,1,0,0,0,0,0,1,1,1,0,0,0,0,0,0,0,0,0,0,0,0,0,0,0,0,0,0,0,0,8,0,39.9892,-75.2399, , 
15047,160217,2016053681,6,67,67301,2016,5,3,931,9,1,1,0,4,1, , ,N,1,3,0,3,0,1,3,2,N,N,39 59:18.578,75 08:12.530,951, ,931, ,0, ,N, ,3, , , , , , , , , ,2,2,0,0,0,0,0,0,0,0,0,0,1,1,0,0,0,0,0,0,0,0,0,0,0,0,0,0,0,0,0,0,0,0,0,8,0,39.9885,-75.1368, , 
15048,160233,2016014009,6,67,67301,2016,1,5,1800,18,3,1,0,1,1, , ,N,0,0,0,3,0,3,6,5,N,N,39 57:24.686,75 11:52.637,2010, ,2005, ,0, , , ,0, , , , , , , , , ,5,4,0,0,0,0,1,0,0,0,0,3,3,0,3,0,0,0,0,0,0,0,0,0,0,0,0,0,0,0,0,0,0,0,0,4,0,39.9569,-75.198, , 
15049,160234,2016014435,6,67,67301,2016,1,4,1956,19,3,1,0,1,1, , ,N,0,0,0,3,0,0,6,2,N,N,40 00:36.722,75 11:07.461,9999, ,1956,2,1,1,N, ,0,N, , , , , , , , ,2,0,0,0,0,0,1,1,0,0,0,0,0,0,0,0,0,0,0,0,0,0,0,0,0,0,0,0,0,0,0,0,0,0,0,0,0,40.0102,-75.1854, , 
15050,160240,2016019746,6,67,67301,2016,1,7,1852,18,3,1,0,5,1, , ,N,1,2,0,3,0,4,4,2,N,N,40 01:39.836,75 06:35.867,1909, ,1855,1,2,1,N, ,3,N, , , , , , , , ,2,1,0,0,0,0,1,0,0,0,4,0,4,0,0,0,0,0,0,1,0,0,0,0,0,0,0,0,0,0,0,0,0,0,0,3,0,40.0277,-75.11, , 
15051,163508,2016007853,6,67,67301,2016,1,1,209,2,3,6,1,7,2, , ,N,0,0,0,3,0,0,1,1,N,N,39 58:05.507,75 11:25.984,225, ,210,1,2,4, , ,0,N, , , , , , , , ,1,1,0,0,0,0,0,0,0,0,0,0,0,0,0,0,0,0,0,0,0,0,0,0,0,0,0,0,0,0,0,0,0,0,0,0,0,39.9682,-75.1906, , 
15052,163516,2016016612,6,67,67301,2016,1,6,1530,15,1,1,0,8,1, , ,N,0,0,0,3,0,1,2,2,N, ,40 07:43.611,75 01:26.590,1540, ,1533, ,0, , , ,0, , , , , , , , , ,1,0,0,0,0,0,0,1,0,0,0,1,1,0,0,0,0,0,0,0,1,0,0,0,0,0,0,0,0,0,0,0,1,0,0,4,0,40.1288,-75.0241, , 
15053,163528,2016026021,6,67,67301,2016,2,6,9999,99,1,1,0,7,4, , ,N,2,3,0,3,0,0,1,1,N, ,40 02:27.792,75 10:44.829,1650, ,1643, ,0, , , ,3, , , , , , , , , ,1,1,0,0,0,0,0,0,0,0,0,0,0,0,0,0,0,0,0,0,0,0,0,1,0,0,0,0,0,0,0,0,0,0,0,0,0,40.0411,-75.1791, , 
15054,163538,2016031088,6,67,67301,2016,3,6,2051,20,3,1,0,7,4, , ,N,3,0,0,3,0,1,1,1,N,N,39 55:37.231,75 14:36.560,2109, ,2107,3,2,7,N, ,0,Y, , , , , , , , ,1,1,0,0,0,0,0,0,0,0,0,0,1,1,0,0,0,0,0,0,0,0,0,0,0,0,0,0,0,0,0,0,0,0,0,8,0,39.927,-75.2435, , 
15055,163542,2016033837,6,67,67301,2016,3,3,1531,15,1,1,0,4,1, , ,N,1,2,0,3,0,1,2,2,N, ,39 56:17.761,75 10:12.111,1651, ,1634, ,0, , , ,3, , , , , , , , , ,1,1,0,0,0,0,0,0,1,0,0,0,1,1,0,0,0,0,0,0,0,0,0,0,0,0,0,0,0,0,0,0,0,0,0,8,0,39.9383,-75.17, , 
15056,163554,2016013979,6,67,67301,2016,1,2,1352,13,1,1,0,4,1, , ,N,1,2,0,3,0,1,4,4,N,N,40 00:54.888,75 10:11.461,1359, ,1356, ,0, ,N, ,3, , , , , , , , , ,4,2,0,0,2,0,0,0,0,0,0,0,1,1,0,0,0,0,0,0,0,1,0,0,0,0,0,0,0,0,0,0,0,0,0,8,0,40.0152,-75.1699, , 
15057,163559,2016022008,6,67,67301,2016,2,1,9999,99,3,1,0,6,1, , ,N,1,2,0,3,0,2,2,2,N, ,40 02:34.433,75 08:37.617,0, ,9999,2,1,1, , ,3,Y, , , , , , , , ,2,1,0,0,0,1,0,0,0,0,0,1,2,1,0,0,0,0,0,0,1,0,0,1,0,0,0,0,0,0,0,0,0,0,0,4,1,40.0429,-75.1438, , 
15058,163564,2016029142,6,67,67301,2016,2,1,2109,21,3,1,0,8,1, , ,N,1,2,0,3,0,1,2,2,N,N,39 57:03.858,75 09:56.243,2115, ,2109,9,1,3,N, ,3,N, , , , , , , , ,1,1,0,0,0,0,0,0,0,0,0,1,1,0,0,0,0,0,0,0,0,0,0,0,0,0,0,0,0,0,0,0,1,0,0,4,0,39.951,-75.1654, , 
15059,163578,2016045653,6,67,67301,2016,5,5,858,8,1,1,0,5,1, , ,N,1,2,0,3,0,1,4,3,N,N,39 58:59.612,75 09:24.961,925, ,925, ,0, ,N, ,3, , , , , , , , , ,3,1,0,0,0,1,1,0,0,0,0,0,1,1,1,0,0,0,0,0,1,0,0,1,0,0,0,0,0,0,0,0,0,0,0,8,1,39.9832,-75.1568, , 
15060,163627,2016041127,6,67,67301,2016,4,7,2112,21,3,1,1,7,3, , ,N,0,0,0,3,0,0,2,1,N,N,40 00:37.227,75 12:25.505,2127, ,2114,1,1,1, , ,0,N, , , , , , , , ,1,1,0,0,0,0,0,0,0,0,0,0,0,0,0,0,0,0,0,1,0,0,0,0,0,0,0,0,0,0,0,0,0,0,0,0,0,40.0103,-75.2071, , 
15061,163629,2016042032,6,67,67301,2016,4,1,1829,18,1,1,0,1,1, , ,N,0,0,2,3,0,2,6,3,N,N,39 57:19.839,75 08:53.305,1832, ,1829, ,0, ,N, ,0, , , , , , , , , ,3,0,0,0,0,0,2,1,0,0,0,2,2,0,0,0,0,0,0,0,2,1,0,3,0,0,0,0,0,0,0,0,0,0,0,4,0,39.9555,-75.1481, , 
15062,163632,2016050032,6,67,67301,2016,4,4,1500,15,1,1,0,8,1, , ,N,1,2,0,3,0,1,2,2,N,N,39 56:58.617,75 09:14.100,1601, ,1600, ,0, ,N, ,3, , , , , , , , , ,1,1,0,0,0,0,0,0,0,0,0,0,1,1,0,0,0,0,0,0,0,0,0,0,0,0,0,0,0,0,0,0,1,0,0,8,0,39.9496,-75.1539, , 
15063,163633,2016050808,6,67,67301,2016,4,5,1600,16,1,1,0,1,1, , ,N,1,2,0,3,0,4,5,2, , ,39 58:20.609,75 13:02.568,0, ,0, ,0, , , ,3, , , , , , , , , ,2,0,0,0,0,0,1,0,0,0,2,1,4,1,0,0,0,0,0,0,0,1,0,0,0,0,0,0,0,0,0,0,0,0,0,3,0,39.9724,-75.2174, , 
15064,163643,2016062769,6,67,67301,2016,5,6,852,8,1,1,0,5,1, , ,N,0,0,0,3,0,0,2,2,N,N,39 58:48.133,75 06:21.750,857, ,856,1,1,2, , ,0,N, , , , , , , , ,2,1,0,0,0,1,0,0,0,0,0,0,0,0,0,0,0,0,0,0,1,1,0,0,0,0,0,0,0,0,0,0,0,0,0,0,1,39.98,-75.106, , 
15065,163675,2016036478,6,67,67301,2016,3,2,430,4,3,2,1,5,6, , ,N,0,0,0,3,0,0,1,3,N, ,40 03:35.141,75 14:17.509,450, ,444, ,0, , , ,0, , , , , , , , , ,3,2,0,0,0,0,1,0,0,0,0,0,0,0,0,0,0,0,0,0,0,0,0,0,0,0,0,0,0,0,0,0,0,0,0,0,0,40.0598,-75.2382, , 
15066,163679,2016040921,6,67,67301,2016,3,5,1505,15,1,1,0,4,1, , ,N,5,2,0,3,0,1,3,2,N, ,40 01:37.193,75 03:55.299,1530, ,1520, ,0, , , ,3, , , , , , , , , ,2,2,0,0,0,0,0,0,0,0,0,0,1,1,0,0,0,0,0,0,1,0,0,1,0,0,0,0,0,0,0,0,0,0,0,8,0,40.027,-75.0651, , 
15067,163697,2016007856,6,67,67301,2016,1,1,1403,14,1,1,0,7,4, , ,N,6,0,2,3,0,1,1,1,N,N,39 55:30.581,75 11:35.978,1417, ,1405,2,1,4, , ,0,N, , , , , , , , ,1,1,0,0,0,0,0,0,0,0,0,1,1,0,0,0,0,0,0,0,1,0,0,0,0,0,0,0,0,0,0,0,0,0,0,4,0,39.9252,-75.1933, , 
15068,163708,2016028359,6,67,67301,2016,2,5,540,5,3,1,0,1,1, , ,N,1,2,0,3,0,2,2,2,N,N,40 02:49.639,75 05:52.794,550, ,540, ,0, ,N, ,3, , , , , , , , , ,2,1,0,0,0,0,1,0,0,0,0,0,2,2,0,0,0,0,0,0,0,0,0,0,0,0,0,0,0,0,0,0,0,0,0,8,0,40.0471,-75.098, , 
15069,167382,2016030991,6,67,67301,2016,3,3,828,8,1,1,0,5,1, , ,N,0,0,0,3,0,0,2,2,N,N,40 01:26.105,75 07:59.347,835, ,833,2,1,4,N, ,0,N, , , , , , , , ,2,1,0,0,0,0,1,0,0,0,0,0,0,0,0,0,0,0,0,0,0,1,0,0,0,0,0,0,0,0,0,0,0,0,0,0,0,40.0239,-75.1332, , 
15070,167384,2016033836,6,67,67301,2016,3,7,1933,19,3,1,0,1,1, , ,N,0,0,0,3,0,0,2,2,N, ,39 53:54.772,75 11:35.754,1940, ,1936,1,1,2, , ,0,N, , , , , , , , ,2,2,0,0,0,0,0,0,0,0,0,0,0,0,0,0,0,0,0,0,0,0,0,1,0,0,0,0,0,0,0,0,0,0,0,0,0,39.8985,-75.1933, , 
15071,167390,2016038175,6,67,67301,2016,3,5,1320,13,1,1,0,1,1, , ,N,1,2,0,3,0,1,2,2,N, ,40 08:03.425,75 00:32.780,1700, ,1650, ,0, , , ,3, , , , , , , , , ,2,1,0,0,0,0,1,0,0,0,1,0,1,0,0,0,0,0,0,0,0,0,0,0,0,0,0,0,0,0,0,0,0,0,0,3,0,40.1343,-75.0091, , 
15072,167424,2016022036,6,67,67301,2016,1,1,9999,99,1,1,0,4,1, , ,N,1,3,0,3,0,0,2,3,N, ,40 02:28.975,75 04:14.213,0, ,9999,1,1,3, , ,3,N, , , , , , , , ,3,1,0,0,1,0,1,0,0,0,0,0,0,0,0,0,0,0,0,1,1,0,0,0,0,0,0,0,0,0,0,0,0,0,0,0,0,40.0414,-75.0706, , 
15073,167426,2016026056,6,67,67301,2016,2,6,1939,19,6,4,1,1,6, , ,N,0,0,0,3,0,0,2,4,N,N,39 58:51.808,75 08:13.207,1945, ,1939, ,0, ,N, ,0, , , , , , , , , ,4,3,0,0,1,0,0,0,0,0,0,0,0,0,2,0,0,0,0,0,1,0,0,0,0,0,0,0,0,0,0,0,0,0,0,9,0,39.9811,-75.137, , 
15074,167428,2016027577,6,67,67301,2016,2,4,958,9,1,2,1,4,1, , ,N,1,2,0,3,0,1,2,2,N,N,40 00:46.713,75 07:09.797,1001, ,1000, ,0, ,N, ,3, , , , , , , , , ,1,0,0,0,0,1,0,0,1,0,0,1,1,0,0,0,0,0,0,0,1,0,0,0,0,0,0,0,0,0,0,0,0,0,0,4,1,40.013,-75.1194, , 
15075,167434,2016033861,6,67,67301,2016,3,3,2226,22,3,1,1,4,1, , ,N,1,3,0,3,0,1,2,2,N,N,40 00:39.628,75 08:25.627,2303, ,2258,2,2,1,N, ,3,Y, , , , , , , , ,2,2,0,0,0,0,0,0,0,0,0,1,1,0,0,0,0,0,0,0,0,0,0,0,0,0,0,0,0,0,0,0,0,0,0,4,0,40.011,-75.1405, , 
15076,167439,2016039701,6,67,67301,2016,2,1,145,1,3,1,0,7,4, , ,N,0,0,0,3,0,7,7,1,N,N,40 01:14.037,75 09:23.459,155, ,145,4,2,1,Y, ,0,Y, , , , , , , , ,1,0,0,0,0,0,1,0,0,3,4,0,7,0,0,0,0,0,0,0,0,0,0,0,0,0,0,0,0,0,0,0,0,0,0,2,0,40.0206,-75.1565, , 
15077,167486,2016036544,6,67,67301,2016,3,4,1746,17,1,1,0,8,1, , ,N,0,0,0,3,0,1,2,2,N, ,39 59:57.643,75 07:21.509,1805, ,1754, ,0, , , ,0, , , , , , , , , ,1,0,0,0,0,0,1,0,0,0,1,0,1,0,0,0,0,0,0,0,0,1,0,1,0,0,0,0,0,0,0,0,1,0,0,3,0,39.9993,-75.1226, , 
15078,167488,2016039824,6,67,67301,2016,4,7,1049,10,1,2,1,7,4, , ,N,0,0,0,3,0,0,1,1,N,N,39 57:35.547,75 10:40.102,1104, ,1059, ,0, , , ,0, , , , , , , , , ,1,0,0,0,0,0,1,0,0,0,0,0,0,0,0,0,0,0,0,0,0,0,0,0,0,0,0,0,0,0,0,0,0,0,0,0,0,39.9599,-75.1778, , 
15079,167489,2016040901,6,67,67301,2016,4,1,2245,22,3,1,0,2,1, , ,N,0,0,0,3,0,0,3,3,N,N,39 59:42.689,75 06:21.486,2315, ,2245,1,2,5,N, ,0,Y, , , , , , , , ,3,3,0,0,0,0,0,0,0,0,0,0,0,0,0,0,0,0,0,0,0,0,0,2,0,0,0,0,0,0,0,0,0,0,0,0,0,39.9952,-75.106, , 
15080,167498,2016052295,6,67,67301,2016,4,3,1715,17,1,1,0,8,1, , ,N,2,0,0,3,0,1,2,2,N,N,39 57:03.902,75 13:54.883,1720, ,1716, ,0, ,N, ,0, , , , , , , , , ,1,0,0,0,0,0,0,1,0,0,1,0,1,0,0,0,0,0,0,0,1,0,0,1,0,0,0,0,0,0,0,0,1,0,0,3,0,39.9511,-75.2319, , 
15081,167506,2016062632,6,67,67301,2016,5,3,815,8,1,1,0,4,1, , ,N,1,2,7,3,0,1,2,2,N,N,39 57:56.904,75 14:46.137,1125, ,1118, ,0, ,N, ,3, , , , , , , , , ,2,1,0,0,0,0,1,0,0,0,0,0,1,1,0,0,0,0,0,0,0,1,0,0,0,0,0,0,0,0,0,0,0,0,0,8,0,39.9658,-75.2461, , 
15082,167507,2016010492,6,67,67301,2016,1,1,1408,14,1,4,1,7,4, , ,N,0,0,0,3,0,0,1,1,N,N,39 57:36.042,75 10:47.400,1408, ,1408,1,1,3, , ,0,N, , , , , , , , ,1,1,0,0,0,0,0,0,0,0,0,0,0,0,0,0,0,0,1,0,0,0,0,0,0,0,0,0,0,0,0,0,0,0,0,0,0,39.96,-75.1798, , 
15083,167521,2016019900,6,67,67301,2016,2,7,250,2,3,8,6,6,6, , ,N,0,0,0,3,0,1,1,2,N,N,40 03:40.323,75 11:23.785,300, ,256, ,0, ,N, ,0, , , , , , , , , ,2,1,0,0,1,0,0,0,0,0,0,1,1,0,0,0,0,0,0,0,0,0,0,1,0,0,0,0,0,0,0,0,0,0,0,4,0,40.0612,-75.1899, , 
15084,167522,2016022043,6,67,67301,2016,1,6,2345,23,3,1,0,1,1, , ,N,0,2,0,3,0,2,6,2,N, ,40 02:54.408,75 00:46.079,2346, ,2346,3,2,2, , ,3,N, , , , , , , , ,2,0,0,0,0,0,2,0,0,0,0,2,2,0,2,0,0,0,0,0,1,0,0,4,0,0,0,0,0,0,0,0,0,0,0,4,0,40.0484,-75.0128, , 
15085,167528,2016025188,6,67,67301,2016,3,6,1641,16,1,1,0,1,1, , ,N,0,0,0,3,0,0,3,2,N,N,40 00:36.221,75 11:10.497,1648, ,1642,1,1,2,N, ,0,N, , , , , , , , ,2,2,0,0,0,0,0,0,0,0,0,0,0,0,0,0,0,0,1,0,0,0,0,0,0,0,0,0,0,0,0,0,0,0,0,0,0,40.0101,-75.1862, , 
15086,167532,2016029806,6,67,67301,2016,3,7,1215,12,1,1,0,8,1, , ,N,1,3,0,3,0,1,2,2,N,N,39 59:46.723,75 08:10.895,1223, ,1220, ,0, ,N, ,3, , , , , , , , , ,1,0,0,0,1,0,0,0,0,0,0,0,1,1,0,0,0,0,0,0,1,0,0,0,0,0,0,0,0,0,0,0,1,0,0,8,0,39.9963,-75.1364, , 
15087,157167,2016054180,6,67,67301,2016,5,3,1355,13,1,1,0,4,1, , ,N,2,3,0,3,0,0,3,2,N, ,39 59:35.462,75 06:24.911,1405, ,1400, ,0, , , ,3, , , , , , , , , ,2,1,0,0,1,0,0,0,0,0,0,0,0,0,0,0,0,0,0,0,1,0,0,0,0,0,0,0,0,0,0,0,0,0,0,0,0,39.9932,-75.1069, , 
15088,157168,2016054234,6,67,67301,2016,5,6,1457,14,1,2,1,1,1, , ,N,0,0,0,3,0,0,2,2,N,N,40 02:30.411,75 00:15.495,1532, ,1507, ,0, , , ,0, , , , , , , , , ,2,1,0,0,0,0,1,0,0,0,0,0,0,0,0,0,0,0,0,2,0,0,0,0,0,0,0,0,0,0,0,0,0,0,0,0,0,40.0418,-75.0043, , 
15089,157170,2016056008,6,67,67301,2016,5,4,1246,12,1,1,0,8,1, , ,N,1,2,0,3,0,1,2,2,N, ,39 56:40.783,75 09:54.813,1340, ,1337, ,0, , , ,3, , , , , , , , , ,1,0,0,0,0,0,0,1,0,0,0,1,1,0,0,0,0,0,0,0,1,0,0,1,0,0,0,0,0,0,0,0,1,0,0,4,0,39.9447,-75.1652, , 
15090,157180,2016067498,6,67,67301,2016,6,3,1651,16,1,1,0,1,1, , ,N,0,0,0,3,0,1,4,2,N,N,39 59:58.643,75 11:42.417,1707, ,1653, ,0, , , ,0, , , , , , , , , ,2,1,0,0,0,0,1,0,0,0,1,0,1,0,0,0,0,0,0,0,0,0,0,1,0,0,0,0,0,0,0,0,0,0,0,3,0,39.9996,-75.1951, , 
15091,157197,2016013876,6,67,67301,2016,1,7,2118,21,3,1,0,1,1, , ,N,0,0,0,3,0,2,3,2,N,N,40 00:11.291,75 09:53.437,2125, ,2118, ,0, , , ,0, , , , , , , , , ,2,2,0,0,0,0,0,0,0,0,0,0,2,2,0,0,0,0,0,0,0,0,0,0,0,0,0,0,0,0,0,0,0,0,0,8,0,40.0031,-75.1648, , 
15092,157208,2016029812,6,67,67301,2016,2,1,235,2,3,1,0,7,5, , ,N,1,2,0,3,0,1,2,1,N, ,40 02:29.338,75 05:16.364,244, ,238, ,0, , , ,3, , , , , , , , , ,1,1,0,0,0,0,0,0,0,0,0,0,1,1,0,0,0,0,0,0,0,0,0,0,0,0,0,0,0,0,0,0,0,0,0,8,0,40.0415,-75.0879, , 
15093,157216,2016033766,6,67,67301,2016,3,2,1730,17,1,2,1,7,4, , ,N,1,2,2,3,0,1,2,1,N,N,39 53:32.915,75 13:21.046,1740, ,1739, ,0, ,N, ,3, , , , , , , , , ,1,0,0,0,0,0,1,0,0,0,0,1,1,0,0,0,0,0,0,0,0,0,0,0,0,0,0,0,0,0,0,0,0,0,0,4,0,39.8925,-75.2225, , 
15094,157220,2016036458,6,67,67301,2016,3,1,1810,18,4,2,1,4,1, , ,N,1,2,0,3,0,1,3,2,N,N,40 02:46.885,75 09:02.527,1825, ,1820, ,0, ,N, ,3, , , , , , , , , ,2,2,0,0,0,0,0,0,0,0,0,0,1,1,0,0,0,0,0,0,0,0,0,2,0,0,0,0,0,0,0,0,0,0,0,8,0,40.0464,-75.1507, , 
15095,157224,2016040973,6,67,67301,2016,4,1,1145,11,1,1,0,4,1, , ,N,1,3,0,3,0,0,3,2,N, ,40 01:23.408,75 08:59.585,1300, ,1250,2,1,1, , ,3,Y, , , , , , , , ,2,1,0,0,0,0,1,0,0,0,0,0,0,0,0,0,0,0,0,0,0,0,0,0,0,0,0,0,0,0,0,0,0,0,0,0,0,40.0232,-75.1499, , 
15096,157231,2016048543,6,67,67301,2016,4,6,1025,10,1,1,0,1,1, , ,N,0,0,0,3,0,1,3,3,N,N,39 55:22.365,75 11:16.080,1035, ,1030,1,1,4, , ,0,N, , , , , , , , ,3,1,0,0,1,0,1,0,0,0,0,1,1,0,0,0,0,0,0,0,1,0,0,0,0,0,0,0,0,0,0,0,0,0,0,4,0,39.9229,-75.1878, , 
15097,157247,2016019767,6,67,67301,2016,1,3,1820,18,3,1,0,8,1, , ,N,1,2,0,3,0,1,5,2,N,N,39 57:03.394,75 14:35.134,1820, ,1820,1,1,5,N, ,3,Y, , , , , , , , ,1,0,0,0,0,0,1,0,0,0,0,0,1,1,0,0,0,0,0,0,0,0,0,0,0,0,0,0,0,0,0,0,1,0,0,8,0,39.9509,-75.2431, , 
15098,157267,2016040961,6,67,67301,2016,3,2,1126,11,1,1,0,4,1, , ,N,1,3,0,3,0,0,2,2,N,N,39 57:41.137,75 14:34.569,1136, ,1126, ,0, ,N, ,3, , , , , , , , , ,2,2,0,0,0,0,0,0,0,0,0,0,0,0,0,0,0,0,0,0,1,0,0,2,0,0,0,0,0,0,0,0,0,0,0,0,0,39.9614,-75.2429, , 
15099,157277,2016052358,6,67,67301,2016,5,3,9999,99,1,2,1,4,1, , ,N,1,2,0,3,0,1,2,2,N,N,39 58:43.042,75 12:49.474,1200, ,1115, ,0, ,N, ,3, , , , , , , , , ,2,1,0,0,0,0,0,1,0,0,0,0,1,1,1,0,0,0,0,0,0,1,0,0,0,0,0,0,0,0,0,0,0,0,0,8,0,39.9786,-75.2136, , 
15100,157282,2016062528,6,67,67301,2016,5,6,837,8,1,1,0,4,1, , ,N,1,2,0,3,0,0,3,3,N,N,39 59:11.018,75 10:10.592,845, ,837, ,0, ,N, ,3, , , , , , , , , ,3,2,0,0,0,0,1,0,0,0,0,0,0,0,0,0,0,0,0,0,0,0,0,0,0,0,0,0,0,0,0,0,0,0,0,0,0,39.9864,-75.1696, , 
15101,157317,2016033174,6,67,67301,2016,3,4,1550,15,1,1,0,1,1, , ,N,0,0,0,3,0,0,3,2,N,N,39 56:47.425,75 11:19.331,1600, ,1554,1,2,4, , ,0,N, , , , , , , , ,2,2,0,0,0,0,0,0,0,0,0,0,0,0,0,0,0,0,0,0,0,1,0,0,0,0,0,0,0,0,0,0,0,0,0,0,0,39.9465,-75.1887, , 
15102,157320,2016036393,6,67,67301,2016,3,7,1519,15,1,1,0,4,5, , ,N,0,0,7,3,0,1,1,2,N, ,40 02:16.913,75 10:20.907,1525, ,1525, ,0, , , ,0, , , , , , , , , ,2,1,0,0,0,0,0,1,0,0,0,1,1,0,0,0,0,0,0,0,0,0,0,0,0,0,0,0,0,0,0,0,0,0,0,4,0,40.038,-75.1725, , 
15103,157356,2016036396,6,67,67301,2016,3,2,1523,15,1,1,0,8,1, , ,N,0,0,0,3,0,1,2,2,N,N,39 57:50.150,75 12:08.773,1636, ,1636, ,0, , , ,0, , , , , , , , , ,1,1,0,0,0,0,0,0,0,0,0,1,1,0,1,0,0,0,0,0,0,0,0,0,0,0,0,0,0,0,0,0,1,0,0,4,0,39.9639,-75.2024, , 
15104,157357,2016036412,6,67,67301,2016,3,5,1657,16,1,1,0,4,1, , ,N,1,2,0,3,0,0,3,3,N, ,40 03:44.969,74 59:13.463,1710, ,1700, ,0, , , ,3, , , , , , , , , ,3,2,0,0,1,0,0,0,0,0,0,0,0,0,0,0,0,0,1,0,0,0,0,1,0,0,0,0,0,0,0,0,0,0,0,0,0,40.0625,-74.987, , 
15105,160244,2016023571,6,67,67301,2016,2,1,912,9,1,1,0,5,1, , ,N,0,0,0,3,0,2,3,2,N,N,39 57:03.285,75 08:27.829,919, ,913,2,2,1, , ,0,N, , , , , , , , ,2,1,0,0,0,0,1,0,0,1,1,0,2,0,0,0,0,1,0,0,0,0,0,0,0,0,0,1,0,0,0,0,0,0,0,2,0,39.9509,-75.1411, , 
15106,160252,2016036511,6,67,67301,2016,3,4,1546,15,1,1,0,7,5, , ,N,0,0,0,3,0,1,1,1,N,N,39 55:37.246,75 13:46.354,1627, ,1627, ,0, ,N, ,0, , , , , , , , , ,1,1,0,0,0,0,0,0,0,1,0,0,1,0,0,0,0,0,0,0,0,1,0,0,0,0,0,0,0,0,0,0,0,0,0,2,0,39.927,-75.2295, , 
15107,160257,2016040992,6,67,67301,2016,4,6,1304,13,1,1,0,4,1, , ,N,1,2,0,3,0,1,2,2,N, ,40 05:37.913,74 58:46.896,1322, ,1318,2,1,1, , ,3,Y, , , , , , , , ,2,0,0,0,0,0,2,0,0,0,0,0,1,1,0,0,0,0,0,0,0,0,0,0,0,0,0,0,0,0,0,0,0,0,0,8,0,40.0939,-74.9797, , 
15108,160258,2016041032,6,67,67301,2016,4,5,738,7,1,1,0,4,1, , ,N,1,2,0,3,0,3,3,2,N, ,40 02:13.966,75 03:10.861,740, ,740,2,1,4, , ,3,N, , , , , , , , ,2,2,0,0,0,0,0,0,0,0,0,0,3,3,0,0,1,0,0,0,0,0,0,0,0,0,0,0,0,0,0,0,0,0,0,8,0,40.0372,-75.053, , 