objectid_1,objectid,crn,district,county,municipality,crash_year,crash_month,day_of_week,time_of_day,hour_of_day,illumination,weather,road_condition,collision_type,relation_to_road,work_zone_type,work_zone_loc,work_zone_ind,intersect_type,tcd_type,location_type,urban_rural,fatal_count,injury_count,person_count,total_units,sch_bus_ind,sch_zone_ind,latitude,longitude,arrival_tm,cons_zone_spd_lim,dispatch_tm,est_hrs_closed,lane_closed,ln_close_dir,ntfy_hiwy_maint,spec_juris_cd,tcd_func_cd,tfc_detour_ind,workers_pres,wz_close_detour,wz_flagger,wz_law_offcr_ind,wz_ln_closure,wz_moving,wz_other,wz_shlder_mdn,vehicle_count,automobile_count,motorcycle_count,bus_count,small_truck_count,heavy_truck_count,suv_count,van_count,bicycle_count,maj_inj_count,mod_inj_count,min_inj_count,tot_inj_count,unk_inj_deg_count,unk_inj_per_count,driver_count_16yr,driver_count_17yr,driver_count_18yr,driver_count_19yr,driver_count_20yr,driver_count_50_64yr,driver_count_65_74yr,driver_count_75plus,unbelted_occ_count,unb_death_count,unb_maj_inj_count,belted_death_count,belted_maj_inj_count,mcycle_death_count,mcycle_maj_inj_count,bicycle_death_count,bicycle_maj_inj_count,ped_count,ped_death_count,ped_maj_inj_count,max_severity_level,comm_veh_count,dec_lat,dec_long,rdwy_surf_type_cd,county_name
15109,160278,2016013292,6,67,67301,2016,1,4,1534,15,1,1,0,4,1, , ,N,1,2,0,3,0,0,2,2,N,N,40 05:58.224,74 59:10.989,1545, ,1537,1,1,2, , ,3,N, , , , , , , , ,2,2,0,0,0,0,0,0,0,0,0,0,0,0,0,0,0,0,0,0,2,0,0,0,0,0,0,0,0,0,0,0,0,0,0,0,0,40.0995,-74.9864, , 
15110,160289,2016022001,6,67,67301,2016,2,7,1216,12,1,1,0,5,1, , ,N,0,0,0,3,0,1,2,2,N,N,40 02:06.997,75 04:05.573,1227, ,1218,1,1,1, , ,0,N, , , , , , , , ,2,2,0,0,0,0,0,0,0,0,0,1,1,0,0,0,0,0,0,0,0,0,0,0,0,0,0,0,0,0,0,0,0,0,0,4,0,40.0353,-75.0682, , 
15111,160296,2016028690,6,67,67301,2016,1,7,1544,15,1,1,0,1,1, , ,N,0,0,0,3,0,1,6,4,N,N,40 01:22.447,75 02:08.361,1628, ,1555,1,1,1, , ,0,N, , , , , , , , ,4,3,0,0,0,0,1,0,0,0,1,0,1,0,2,0,0,0,0,0,0,1,0,0,0,0,0,0,0,0,0,0,0,0,0,3,0,40.0229,-75.0357, , 
15112,160305,2016041036,6,67,67301,2016,4,1,1545,15,1,1,0,8,1, , ,N,0,0,0,3,0,1,2,2,N,N,40 01:43.238,75 08:36.568,1625, ,1619, ,0, , , ,0, , , , , , , , , ,1,1,0,0,0,0,0,0,0,0,1,0,1,0,1,0,0,0,0,0,0,0,0,0,0,0,0,0,0,0,0,0,1,0,0,3,0,40.0287,-75.1435, , 
15113,160340,2016021721,6,46,46102,2016,2,3,1848,18,3,2,1,1,1, , ,N,5,2,0,3,0,0,2,2,N, ,40 04:26.865,75 09:30.131,1858, ,1848, ,0, , , ,3, , , , , , , , , ,2,2,0,0,0,0,0,0,0,0,0,0,0,0,0,0,0,0,0,0,0,0,0,0,0,0,0,0,0,0,0,0,0,0,0,0,0,40.0741,-75.1584, , 
15114,160346,2016028345,6,67,67301,2016,2,4,812,8,1,1,0,4,1, , ,N,1,3,0,3,0,0,3,2,N, ,39 58:49.263,75 08:30.523,823, ,817, ,0, , , ,3, , , , , , , , , ,2,1,0,0,0,0,0,1,0,0,0,0,0,0,1,0,0,0,0,0,0,0,0,0,0,0,0,0,0,0,0,0,0,0,0,9,0,39.9804,-75.1418, , 
15115,160347,2016028838,6,67,67301,2016,3,1,1615,16,1,1,0,1,1, , ,N,0,0,0,3,0,0,5,2,N,N,39 58:07.107,75 07:41.586,1630, ,1615,2,1,1, , ,0,N, , , , , , , , ,2,0,0,0,1,0,1,0,0,0,0,0,0,0,0,0,0,0,0,0,0,0,0,0,0,0,0,0,0,0,0,0,0,0,0,0,0,39.9686,-75.1282, , 
15116,160352,2016036459,6,67,67301,2016,3,2,630,6,1,1,0,4,1, , ,N,1,2,0,3,0,2,2,2,N,N,40 01:37.801,75 09:04.478,837, ,837, ,0, , , ,3, , , , , , , , , ,2,2,0,0,0,0,0,0,0,0,0,2,2,0,0,0,0,0,0,0,0,0,0,0,0,0,0,0,0,0,0,0,0,0,0,4,0,40.0272,-75.1512, , 
15117,160357,2016040889,6,67,67301,2016,4,6,1604,16,1,1,0,4,1, , ,N,1,2,0,3,0,0,3,2,N,N,39 59:33.432,75 10:05.681,1638, ,1634, ,0, , , ,3, , , , , , , , , ,2,1,0,0,0,0,1,0,0,0,0,0,0,0,3,0,0,0,0,0,0,0,0,0,0,0,0,0,0,0,0,0,0,0,0,9,0,39.9926,-75.1682, , 
15118,160363,2016048628,6,67,67301,2016,4,4,812,8,1,1,0,4,1, , ,N,5,2,2,3,0,0,4,2,N, ,39 58:19.726,75 07:29.308,817, ,814, ,0, , , ,3, , , , , , , , , ,2,2,0,0,0,0,0,0,0,0,0,0,0,0,0,0,0,0,0,0,0,0,0,0,0,0,0,0,0,0,0,0,0,0,0,0,0,39.9721,-75.1248, , 
15119,160376,2016009832,6,67,67301,2016,1,5,1641,16,1,1,0,5,1, , ,N,0,8,3,3,0,0,5,3,N,N,39 54:51.781,75 11:20.261,1641, ,1641,2,1,3,N, ,3,N, , , , , , , , ,3,1,0,0,0,0,1,1,0,0,0,0,0,0,0,0,0,0,0,0,1,0,0,0,0,0,0,0,0,0,0,0,0,0,0,0,0,39.9144,-75.189, , 
15120,160378,2016014566,6,67,67301,2016,2,5,423,4,3,2,1,5,1, , ,N,0,0,0,3,0,0,3,2,N,N,39 57:04.238,75 08:27.699,438, ,425, ,0, , , ,0, , , , , , , , , ,2,0,0,0,0,0,2,0,0,0,0,0,0,0,0,0,0,1,0,0,0,0,0,0,0,0,0,0,0,0,0,0,0,0,0,0,0,39.9512,-75.141, , 
15121,160405,2016046999,6,67,67301,2016,4,2,52,0,3,1,0,7,4, , ,N,2,2,0,3,0,1,1,1,N,N,39 57:40.266,75 14:49.451,115, ,110, ,0, ,N, ,3, , , , , , , , , ,1,1,0,0,0,0,0,0,0,0,0,0,1,1,0,0,0,0,0,0,0,0,0,0,0,0,0,0,0,0,0,0,0,0,0,8,0,39.9612,-75.2471, , 
15122,160407,2016048660,6,67,67301,2016,4,3,900,9,1,1,0,4,6, , ,N,0,0,0,3,0,0,1,2,N,N,39 55:32.691,75 13:53.477,1203, ,1202, ,0, ,N, ,0, , , , , , , , , ,2,0,0,0,0,0,1,0,0,0,0,0,0,0,0,0,0,0,0,0,0,0,0,0,0,0,0,0,0,0,0,0,0,0,0,0,0,39.9257,-75.2315, , 
15123,160426,2016013957,6,67,67301,2016,1,5,1511,15,1,1,0,4,1, , ,N,0,0,0,3,0,4,16,3,N,N,40 02:29.754,75 03:25.069,1520, ,1514,3,2,1,N, ,0,Y, , , , , , , , ,3,2,0,1,0,0,0,0,0,0,0,4,4,0,0,1,1,0,0,0,0,0,0,0,0,0,0,0,0,0,0,0,0,0,0,4,1,40.0416,-75.057, , 
15124,163710,2016030711,6,67,67301,2016,3,1,339,3,3,1,0,1,1, , ,N,7,0,2,3,0,2,2,2,N,N,40 05:19.421,74 58:24.384,344, ,339,1,1,4,N, ,0,Y, , , , , , , , ,2,1,0,0,1,0,0,0,0,0,0,0,2,2,0,0,0,0,0,0,1,0,0,0,0,0,0,0,0,0,0,0,0,0,0,8,0,40.0887,-74.9734, , 
15125,163731,2016052846,6,67,67301,2016,4,5,1655,16,1,2,1,4,1, , ,N,1,2,0,3,0,1,2,2,N,N,39 57:44.941,75 12:24.826,1701, ,1700, ,0, ,N, ,3, , , , , , , , , ,2,1,0,0,0,0,1,0,0,0,0,0,1,1,0,0,0,0,0,0,0,0,0,1,0,0,0,0,0,0,0,0,0,0,0,8,0,39.9625,-75.2067, , 
15126,163736,2016057278,6,67,67301,2016,5,2,615,6,1,1,0,4,1, , ,N,1,2,0,3,0,2,3,2,N, ,40 02:01.052,75 02:48.431,624, ,619, ,0, , , ,3, , , , , , , , , ,2,2,0,0,0,0,0,0,0,0,0,2,2,0,1,0,0,0,0,0,0,0,0,0,0,0,0,0,0,0,0,0,0,0,0,4,0,40.0336,-75.0468, , 
15127,163752,2016020302,6,67,67301,2016,1,5,1735,17,3,1,0,4,1, , ,N,1,2,0,3,0,1,3,2,N,N,40 01:39.133,75 03:44.544,1750, ,1745,2,2,7,N, ,3,N, , , , , , , , ,2,2,0,0,0,0,0,0,0,0,0,1,1,0,0,0,0,0,0,0,0,0,0,0,0,0,0,0,0,0,0,0,0,0,0,4,0,40.0275,-75.0624, , 
15128,163763,2016029899,6,67,67301,2016,2,6,1124,11,1,1,0,4,1, , ,N,5,2,2,3,0,1,2,2,N,N,39 57:26.357,75 08:38.887,1130, ,1125, ,0, ,N, ,3, , , , , , , , , ,2,1,0,0,1,0,0,0,0,0,0,1,1,0,0,0,0,0,0,0,0,2,0,0,0,0,0,0,0,0,0,0,0,0,0,4,0,39.9573,-75.1441, , 
15129,163765,2016031089,6,67,67301,2016,3,4,1425,14,1,1,0,1,1, , ,N,0,0,0,3,0,1,4,2,N,N,40 01:40.886,75 01:39.551,1445, ,1431, ,0, ,N, ,0, , , , , , , , , ,2,2,0,0,0,0,0,0,0,0,0,1,1,0,0,0,0,0,0,0,0,0,0,0,0,0,0,0,0,0,0,0,0,0,0,4,0,40.028,-75.0277, , 
15130,163769,2016033855,6,67,67301,2016,3,3,1620,16,1,2,1,8,1, , ,N,1,2,0,3,0,1,2,2,N,N,39 59:36.361,75 05:49.315,1633, ,1623, ,0, ,N, ,3, , , , , , , , , ,1,1,0,0,0,0,0,0,0,0,0,0,1,1,0,0,0,0,0,0,0,1,0,0,0,0,0,0,0,0,0,0,1,0,0,8,0,39.9934,-75.097, , 
15131,163772,2016036461,6,67,67301,2016,3,7,1814,18,1,1,0,5,6, , ,N,0,0,0,3,0,1,1,2,N,N,40 00:12.060,75 08:32.087,1818, ,1816, ,0, , , ,0, , , , , , , , , ,2,1,0,0,0,0,1,0,0,0,0,1,1,0,0,0,0,0,0,0,0,0,0,0,0,0,0,0,0,0,0,0,0,0,0,4,0,40.0034,-75.1422, , 
15132,163776,2016039665,6,67,67301,2016,3,4,1700,17,1,1,0,4,1, , ,N,0,3,7,3,0,0,2,2,N,N,40 03:19.962,74 59:05.851,1730, ,1714,3,2,4,N, ,3,Y, , , , , , , , ,2,2,0,0,0,0,0,0,0,0,0,0,0,0,0,0,0,0,1,0,0,0,0,0,0,0,0,0,0,0,0,0,0,0,0,0,0,40.0555,-74.985, , 
15133,163783,2016048699,6,67,67301,2016,4,2,2200,22,3,1,0,4,1, , ,N,2,2,0,3,0,0,3,2,N,N,39 55:47.706,75 08:39.988,2348, ,2345, ,0, ,N, ,3, , , , , , , , , ,2,1,0,0,0,0,0,1,0,0,0,0,0,0,0,0,0,0,0,0,0,0,0,0,0,0,0,0,0,0,0,0,0,0,0,0,0,39.9298,-75.1442, , 
15134,163788,2016053770,6,67,67301,2016,5,5,145,1,3,1,0,5,1, , ,N,0,0,3,3,0,0,5,2,N, ,39 57:50.125,75 11:05.197,156, ,147, ,0, , , ,0, , , , , , , , , ,2,2,0,0,0,0,0,0,0,0,0,0,0,0,0,0,0,0,0,0,0,0,0,1,0,0,0,0,0,0,0,0,0,0,0,0,0,39.9639,-75.1848, , 
15135,163790,2016056039,6,67,67301,2016,5,3,1920,19,1,1,1,4,1, , ,N,1,2,0,3,0,0,2,2,N,N,39 57:20.839,75 13:32.687,1940, ,1930, ,0, ,N, ,3, , , , , , , , , ,2,1,0,0,0,0,1,0,0,0,0,0,0,0,0,0,0,0,0,0,1,0,0,0,0,0,0,0,0,0,0,0,0,0,0,0,0,39.9558,-75.2257, , 
15136,163799,2016010946,6,67,67301,2016,1,1,210,2,3,2,1,7,2, , ,N,0,0,0,3,0,2,4,1,N,N,39 56:47.523,75 08:32.625,225, ,212,2,2,2, , ,0,Y, , , , , , , , ,1,1,0,0,0,0,0,0,0,1,0,0,2,1,0,0,0,0,0,0,0,0,0,0,0,0,0,1,0,0,0,0,0,0,0,2,0,39.9465,-75.1424, , 
15137,163806,2016019366,6,67,67301,2016,2,2,1223,12,1,4,5,6,1, , ,N,0,0,0,3,0,0,3,2,N,N,40 00:11.341,75 04:38.930,1243, ,1230, ,0, , , ,0, , , , , , , , , ,2,0,0,0,1,0,1,0,0,0,0,0,0,0,0,0,0,0,0,0,1,0,0,0,0,0,0,0,0,0,0,0,0,0,0,0,0,40.0032,-75.0775, , 
15138,163863,2016029758,6,67,67301,2016,3,6,9999,99,1,1,0,8,1, , ,N,5,2,0,3,0,2,3,3,N,N,39 57:49.841,75 13:12.286,1705, ,1700, ,0, ,N, ,3, , , , , , , , , ,1,0,0,0,0,0,1,0,0,0,0,0,2,2,0,0,0,0,0,0,1,0,0,0,0,0,0,0,0,0,0,0,2,0,0,8,0,39.9637,-75.2196, , 
15139,163891,2016008645,6,67,67301,2016,1,1,1355,13,1,1,0,4,1, , ,N,1,2,0,3,0,1,2,2,N,N,40 08:03.425,75 00:32.780,1415, ,1413,2,2,2, , ,3,Y, , , , , , , , ,2,1,0,0,0,0,1,0,0,0,1,0,1,0,0,0,0,0,0,0,0,0,0,0,0,0,0,0,0,0,0,0,0,0,0,3,0,40.1343,-75.0091, , 
15140,163895,2016016850,6,67,67301,2016,1,5,1200,12,1,1,0,1,1, , ,N,0,0,0,3,0,1,3,2,N,N,39 59:17.835,75 12:26.064,1215, ,1206, ,0, , , ,0, , , , , , , , , ,2,2,0,0,0,0,0,0,0,0,0,0,1,1,0,0,0,0,0,0,0,0,0,0,0,0,0,0,0,0,0,0,0,0,0,8,0,39.9883,-75.2072, , 
15141,163902,2016019824,6,67,67301,2016,1,6,816,8,1,1,0,8,1, , ,N,0,0,0,3,0,1,2,2,N,N,40 01:58.352,75 05:28.105,820, ,818, ,0, , , ,0, , , , , , , , , ,1,1,0,0,0,0,0,0,0,0,0,1,1,0,0,0,0,0,0,0,0,0,0,1,0,0,0,0,0,0,0,0,1,0,0,4,0,40.0329,-75.0911, , 
15142,167544,2016038185,6,67,67301,2016,3,7,1718,17,1,1,0,1,1, , ,N,1,2,0,3,0,1,1,2,N,N,40 01:34.401,75 07:02.499,1728, ,1721,9,1,1,N, ,3,N, , , , , , , , ,2,1,0,0,0,0,1,0,0,0,0,0,1,1,0,0,0,0,0,0,0,0,0,0,0,0,0,0,0,0,0,0,0,0,0,8,0,40.0262,-75.1174, , 
15143,167549,2016045740,6,67,67301,2016,4,2,700,7,1,1,0,4,1, , ,N,1,2,0,3,0,1,3,2,N,N,39 59:48.193,75 06:55.752,2320, ,2314, ,0, ,N, ,3, , , , , , , , , ,2,1,0,0,0,0,1,0,0,0,0,1,1,0,0,0,0,0,0,0,0,0,0,1,0,0,0,0,0,0,0,0,0,0,0,4,0,39.9967,-75.1155, , 
15144,167568,2016022045,6,67,67301,2016,1,1,2215,22,3,8,1,7,4, , ,N,0,0,0,3,0,0,1,1,N,N,40 01:46.163,75 06:12.744,2245, ,2215, ,0, ,Y, ,0, , , , , , , , , ,1,1,0,0,0,0,0,0,0,0,0,0,0,0,0,0,0,0,0,0,0,0,0,0,0,0,0,0,0,0,0,0,0,0,0,0,0,40.0295,-75.1035, , 
15145,167576,2016032050,6,67,67301,2016,3,6,1009,10,1,1,0,4,1, , ,N,1,2,0,3,0,0,2,2,N,N,39 56:39.490,75 09:18.158,1020, ,1014, ,0, ,N, ,3, , , , , , , , , ,2,2,0,0,0,0,0,0,0,0,0,0,0,0,0,0,0,0,0,0,0,1,0,0,0,0,0,0,0,0,0,0,0,0,0,0,0,39.9443,-75.155, , 
15146,167577,2016034981,6,67,67301,2016,2,2,1910,19,3,1,0,8,1, , ,N,0,0,7,3,0,1,2,2,N,N,40 03:43.140,75 03:06.274,1913, ,1910, ,0, , , ,0, , , , , , , , , ,1,0,0,0,0,0,1,0,0,0,0,0,1,1,0,0,0,0,0,0,0,0,0,0,0,0,0,0,0,0,0,0,1,0,0,8,0,40.062,-75.0517, , 
15147,167580,2016040866,6,67,67301,2016,4,3,1840,18,1,1,0,2,1, , ,N,0,0,0,3,0,1,2,2,N,N,40 03:17.527,75 09:14.803,1847, ,1845, ,0, ,N, ,0, , , , , , , , , ,2,0,0,0,0,0,2,0,0,0,0,0,1,1,0,0,0,0,0,0,1,0,0,0,0,0,0,0,0,0,0,0,0,0,0,8,0,40.0549,-75.1541, , 
15148,167600,2016065678,6,67,67301,2016,6,5,1010,10,1,1,0,4,1, , ,N,5,2,0,3,0,3,4,2,N,N,40 00:07.666,75 08:38.744,9999, ,9999, ,0, ,N, ,3, , , , , , , , , ,2,0,0,0,0,0,2,0,0,0,0,2,3,1,0,0,0,1,0,0,0,0,0,2,0,0,0,0,0,0,0,0,0,0,0,4,0,40.0021,-75.1442, , 
15149,167615,2016013829,6,67,67301,2016,1,4,2140,21,1,1,0,4,1, , ,N,1,2,0,3,0,1,3,2,N, ,39 57:29.061,75 09:44.627,2146, ,2143, ,0, , , ,3, , , , , , , , , ,2,1,0,0,0,0,1,0,0,0,1,0,1,0,0,0,0,0,0,0,0,0,0,0,0,0,0,0,0,0,0,0,0,0,0,3,0,39.9579,-75.1623, , 
15150,167622,2016026094,6,67,67301,2016,2,5,1857,18,3,1,0,1,1, , ,N,0,0,0,3,0,1,2,2,N,N,40 02:27.707,75 08:39.083,1902, ,1857, ,0, ,N, ,0, , , , , , , , , ,2,1,0,0,0,0,1,0,0,0,0,1,1,0,0,0,0,0,0,0,1,0,1,1,0,0,0,0,0,0,0,0,0,0,0,4,0,40.041,-75.1442, , 
15151,167625,2016029769,6,67,67301,2016,2,2,1010,10,1,1,0,8,1, , ,N,2,3,0,3,0,1,2,2,N, ,40 02:17.715,75 08:41.264,1105, ,1104, ,0, , , ,3, , , , , , , , , ,1,0,0,0,0,0,1,0,0,0,0,1,1,0,1,0,0,0,0,0,0,0,0,0,0,0,0,0,0,0,0,0,1,0,0,4,0,40.0383,-75.1448, , 
15152,167637,2016040979,6,67,67301,2016,3,5,1,0,3,1,0,4,1, , ,N,1,2,0,3,0,0,3,2,N,N,40 02:39.450,75 03:14.767,5, ,1,9,1,4,N, ,3,N, , , , , , , , ,2,2,0,0,0,0,0,0,0,0,0,0,0,0,0,0,0,0,0,0,0,0,0,1,0,0,0,0,0,0,0,0,0,0,0,0,0,40.0443,-75.0541, , 
15153,167638,2016042299,6,67,67301,2016,4,6,708,7,1,1,0,1,1, , ,N,0,0,0,3,0,1,3,3,N,N,39 59:45.019,75 11:50.747,719, ,710, ,0, , , ,0, , , , , , , , , ,3,2,0,0,0,0,1,0,0,0,1,0,1,0,0,0,0,0,0,0,0,0,0,0,0,0,0,0,0,0,0,0,0,0,0,3,0,39.9958,-75.1974, , 
15154,167642,2016047774,6,67,67301,2016,4,4,1502,15,1,1,0,8,1, , ,N,0,0,1,3,0,3,5,4,N,N,39 59:46.067,75 06:50.842,1503, ,1502, ,0, ,N, ,0, , , , , , , , , ,3,2,0,0,0,0,1,0,0,1,0,2,3,0,0,0,0,0,0,0,0,0,0,2,0,0,0,0,0,0,0,0,1,0,1,2,0,39.9961,-75.1141, , 
15155,167643,2016049460,6,67,67301,2016,4,6,1704,17,1,1,0,5,1, , ,N,0,0,0,3,0,0,2,2,N,N,40 02:59.769,74 59:33.110,1722, ,1720,1,1,1, , ,0,N, , , , , , , , ,2,1,0,0,0,1,0,0,0,0,0,0,0,0,0,0,0,0,0,0,0,0,0,0,0,0,0,0,0,0,0,0,0,0,0,0,1,40.0499,-74.9925, , 
15156,167663,2016065707,6,67,67301,2016,6,5,1005,10,1,1,0,4,1, , ,N,1,2,0,3,0,1,2,2,N,N,39 57:48.100,75 11:14.764,1008, ,1008,1,2,1,N, ,3,Y, , , , , , , , ,2,1,0,0,0,0,0,1,0,0,0,0,1,1,0,0,0,0,0,0,1,0,0,1,0,0,0,0,0,0,0,0,0,0,0,8,0,39.9634,-75.1875, , 
15157,167676,2016080304,6,67,67301,2016,6,3,606,6,1,1,0,5,6, , ,N,0,0,0,3,0,1,1,2,N,N,39 59:20.911,75 09:44.150,615, ,613,3,2,1, , ,0,Y, , , , , , , , ,2,1,0,0,0,0,1,0,0,0,0,0,1,1,0,0,0,0,0,0,0,0,0,0,0,0,0,0,0,0,0,0,0,0,0,8,0,39.9891,-75.1623, , 
15158,167687,2016080159,6,67,67301,2016,7,4,1840,18,1,1,0,4,1, , ,N,1,2,0,3,0,2,3,2,N,N,40 00:39.342,75 05:19.369,2035, ,2035, ,0, , , ,3, , , , , , , , , ,2,2,0,0,0,0,0,0,0,0,0,0,2,2,1,0,0,0,0,0,0,0,0,0,0,0,0,0,0,0,0,0,0,0,0,8,0,40.0109,-75.0887, , 
15159,167689,2016082331,6,67,67301,2016,7,5,1852,18,1,1,0,4,1, , ,N,0,0,0,3,0,0,2,2,N, ,39 58:39.143,75 11:57.665,1859, ,1854, ,0, , , ,0, , , , , , , , , ,2,2,0,0,0,0,0,0,0,0,0,0,0,0,0,0,0,0,0,0,0,0,0,0,0,0,0,0,0,0,0,0,0,0,0,0,0,39.9775,-75.1994, , 
15160,167691,2016091638,6,67,67301,2016,8,5,1800,18,1,1,0,4,1, , ,N,1,3,0,3,0,0,3,2,N,N,39 55:40.490,75 11:14.888,1810, ,1805, ,0, ,N, ,3, , , , , , , , , ,2,2,0,0,0,0,0,0,0,0,0,0,0,0,0,0,0,0,0,0,1,0,0,0,0,0,0,0,0,0,0,0,0,0,0,0,0,39.9279,-75.1875, , 
15161,157369,2016048713,6,67,67301,2016,4,6,1539,15,1,1,0,1,1, , ,N,1,2,0,3,0,3,4,2,N, ,40 01:27.922,75 08:48.832,1605, ,1550, ,0, , , ,3, , , , , , , , , ,2,1,0,1,0,0,0,0,0,0,0,0,3,3,0,0,0,0,0,0,1,0,0,0,0,0,0,0,0,0,0,0,0,0,0,8,1,40.0244,-75.1469, , 
15162,157412,2016043037,6,67,67301,2016,3,3,2150,21,2,9,8,0,1, , ,N,0,0,0,3,0,1,1,1,N,N,39 58:48.772,75 11:50.554,2200, ,2155,1,1,1,N, ,0,N, , , , , , , , ,1,0,1,0,0,0,0,0,0,0,1,0,1,0,0,0,0,0,0,0,0,0,0,0,0,0,0,0,0,0,0,0,0,0,0,3,0,39.9802,-75.1974, , 
15163,157417,2016052700,6,67,67301,2016,2,2,830,8,1,1,0,4,1, , ,N,1,3,0,3,0,1,2,2, , ,39 56:11.317,75 11:43.616,0, ,0, ,0, , , ,3, , , , , , , , , ,2,2,0,0,0,0,0,0,0,0,1,0,1,0,1,0,0,0,0,0,1,0,0,0,0,0,0,0,0,0,0,0,0,0,0,3,0,39.9365,-75.1954, , 
15164,157422,2016058571,6,67,67301,2016,5,2,1630,16,1,1,0,8,1, , ,N,1,2,0,3,0,1,3,2,N,N,39 56:52.000,75 13:38.791,1636, ,1632,3,2,6,N, ,3,Y, , , , , , , , ,1,0,0,0,1,0,0,0,0,0,0,1,1,0,0,0,0,0,0,0,1,0,0,0,0,0,0,0,0,0,0,0,1,0,0,4,0,39.9478,-75.2274, , 
15165,157425,2016060593,6,67,67301,2016,6,3,1735,17,1,1,0,7,4, , ,N,7,0,2,3,0,1,1,1,N,N,39 54:45.320,75 10:27.896,1737, ,1737,1,2,2,N, ,0,N, , , , , , , , ,1,1,0,0,0,0,0,0,0,0,1,0,1,0,0,0,0,0,0,0,0,0,0,0,0,0,0,0,0,0,0,0,0,0,0,3,0,39.9126,-75.1744, , 
15166,157427,2016061239,6,67,67301,2016,5,7,1603,16,1,1,0,8,6, , ,N,0,0,0,3,0,1,2,2,N,N,39 58:04.186,75 12:35.202,1610, ,1609, ,0, ,N, ,0, , , , , , , , , ,1,0,0,0,0,0,1,0,0,0,0,1,1,0,0,0,0,0,0,0,0,0,0,0,0,0,0,0,0,0,0,0,1,0,0,4,0,39.9678,-75.2098, , 
15167,157432,2016014433,6,67,67301,2016,1,2,1040,10,1,1,0,4,1, , ,N,1,2,0,3,0,1,5,2,N,N,40 00:21.354,75 06:48.614,1040, ,1040,1,1,6,N, ,3,N, , , , , , , , ,2,2,0,0,0,0,0,0,0,0,0,1,1,0,0,0,0,0,0,0,0,0,0,0,0,0,0,0,0,0,0,0,0,0,0,4,0,40.0059,-75.1135, , 
15168,157436,2016014444,6,67,67301,2016,1,6,1700,17,3,1,0,4,1, , ,N,1,2,0,3,0,1,2,2,N, ,40 01:12.877,75 06:50.707,1710, ,1708, ,0, , , ,3, , , , , , , , , ,2,2,0,0,0,0,0,0,0,0,0,1,1,0,0,0,0,0,0,0,1,0,0,0,0,0,0,0,0,0,0,0,0,0,0,4,0,40.0202,-75.1141, , 
15169,157437,2016014838,6,67,67301,2016,2,7,2310,23,3,1,0,4,1, , ,N,1,3,0,3,0,1,3,2,N,N,39 59:04.959,75 09:41.497,2320, ,9999, ,0, ,N, ,3, , , , , , , , , ,2,1,0,0,0,0,1,0,0,0,1,0,1,0,0,0,0,0,0,0,0,0,0,0,0,0,0,0,0,0,0,0,0,0,0,3,0,39.9847,-75.1615, , 
15170,157441,2016020143,6,67,67301,2016,2,1,23,0,3,1,0,1,1, , ,N,0,0,0,3,0,0,3,2,N,N,39 57:43.759,75 08:23.481,25, ,25,2,1,2, , ,0,N, , , , , , , , ,2,2,0,0,0,0,0,0,0,0,0,0,0,0,0,0,0,0,0,0,1,0,0,0,0,0,0,0,0,0,0,0,0,0,0,0,0,39.9622,-75.1399, , 
15171,157444,2016026078,6,67,67301,2016,2,7,45,0,3,2,1,5,2, , ,N,0,0,0,3,0,0,1,2,N, ,40 05:36.617,74 58:33.832,57, ,55,3,2,5, , ,0,Y, , , , , , , , ,2,0,0,0,2,0,0,0,0,0,0,0,0,0,0,0,0,0,0,0,1,0,0,0,0,0,0,0,0,0,0,0,0,0,0,0,0,40.0935,-74.9761, , 
15172,157447,2016032026,6,67,67301,2016,3,1,59,0,3,1,0,1,1, , ,N,0,0,0,3,0,3,5,3,N,N,39 56:39.447,75 08:36.304,100, ,100, ,0, , , ,0, , , , , , , , , ,3,2,0,0,0,0,1,0,0,0,0,0,3,3,0,0,0,0,0,0,1,0,0,0,0,0,0,0,0,0,0,0,0,0,0,8,0,39.9443,-75.1434, , 
15173,157454,2016044581,6,67,67301,2016,4,1,400,4,3,1,0,6,1, , ,N,0,0,0,3,0,0,2,2,N,N,39 58:06.491,75 10:58.412,406, ,407,9,1,5,N, ,0,N, , , , , , , , ,2,1,0,0,0,0,1,0,0,0,0,0,0,0,0,0,0,0,0,0,0,1,0,0,0,0,0,0,0,0,0,0,0,0,0,0,0,39.9685,-75.1829, , 
15174,157479,2016003877,6,67,67301,2016,1,2,1025,10,1,1,0,8,1, , ,N,1,2,99,3,0,1,2,2,N,N,39 57:10.097,75 11:31.542,1025, ,1025, ,0, ,N, ,3, , , , , , , , , ,1,1,0,0,0,0,0,0,0,0,0,0,1,1,0,0,0,0,0,0,0,0,0,0,0,0,0,0,0,0,0,0,1,0,0,8,0,39.9528,-75.1921, , 
15175,157485,2016016559,6,67,67301,2016,1,1,1802,18,3,1,0,8,1, , ,N,2,2,0,3,0,1,2,2,N,N,39 57:40.266,75 14:49.451,1840, ,1826, ,0, ,N, ,3, , , , , , , , , ,1,1,0,0,0,0,0,0,0,0,0,0,1,1,0,0,0,0,0,0,0,0,0,1,0,0,0,0,0,0,0,0,1,0,0,8,0,39.9612,-75.2471, , 