objectid_1,objectid,crn,district,county,municipality,crash_year,crash_month,day_of_week,time_of_day,hour_of_day,illumination,weather,road_condition,collision_type,relation_to_road,work_zone_type,work_zone_loc,work_zone_ind,intersect_type,tcd_type,location_type,urban_rural,fatal_count,injury_count,person_count,total_units,sch_bus_ind,sch_zone_ind,latitude,longitude,arrival_tm,cons_zone_spd_lim,dispatch_tm,est_hrs_closed,lane_closed,ln_close_dir,ntfy_hiwy_maint,spec_juris_cd,tcd_func_cd,tfc_detour_ind,workers_pres,wz_close_detour,wz_flagger,wz_law_offcr_ind,wz_ln_closure,wz_moving,wz_other,wz_shlder_mdn,vehicle_count,automobile_count,motorcycle_count,bus_count,small_truck_count,heavy_truck_count,suv_count,van_count,bicycle_count,maj_inj_count,mod_inj_count,min_inj_count,tot_inj_count,unk_inj_deg_count,unk_inj_per_count,driver_count_16yr,driver_count_17yr,driver_count_18yr,driver_count_19yr,driver_count_20yr,driver_count_50_64yr,driver_count_65_74yr,driver_count_75plus,unbelted_occ_count,unb_death_count,unb_maj_inj_count,belted_death_count,belted_maj_inj_count,mcycle_death_count,mcycle_maj_inj_count,bicycle_death_count,bicycle_maj_inj_count,ped_count,ped_death_count,ped_maj_inj_count,max_severity_level,comm_veh_count,dec_lat,dec_long,rdwy_surf_type_cd,county_name
15176,157496,2016025985,6,67,67301,2016,2,4,920,9,1,2,1,4,1, , ,N,1,2,0,3,0,0,3,2,N,N,39 56:56.649,75 12:46.586,948, ,943, ,0, ,N, ,3, , , , , , , , , ,2,1,0,0,0,0,0,1,0,0,0,0,0,0,0,0,0,0,0,0,0,0,0,0,0,0,0,0,0,0,0,0,0,0,0,0,0,39.9491,-75.2129, , 
15177,157517,2016055608,6,67,67301,2016,5,7,1035,10,1,1,1,4,1, , ,N,1,3,0,3,0,0,2,3,N, ,40 03:17.100,75 09:04.633,1042, ,1041, ,0, , , ,3, , , , , , , , , ,3,2,0,0,0,0,0,0,0,0,0,0,0,0,0,0,0,0,0,0,1,0,0,2,0,0,0,0,0,0,0,0,0,0,0,0,0,40.0548,-75.1513, , 
15178,157548,2016027580,6,67,67301,2016,2,6,9999,99,1,1,0,4,1, , ,N,1,3,0,3,0,1,2,2,N,N,39 55:19.736,75 10:55.127,1310, ,1300, ,0, ,N, ,3, , , , , , , , , ,2,1,0,0,0,0,1,0,0,0,0,1,1,0,0,0,0,0,0,0,0,0,1,0,0,0,0,0,0,0,0,0,0,0,0,4,0,39.9221,-75.182, , 
15179,160427,2016014063,6,67,67301,2016,1,3,850,8,1,1,0,8,1, , ,N,1,2,0,3,0,1,2,2,N,N,39 57:40.702,75 10:30.178,858, ,854, ,0, ,N, ,3, , , , , , , , , ,1,1,0,0,0,0,0,0,0,0,0,0,1,1,0,0,0,0,0,0,0,0,0,0,0,0,0,0,0,0,0,0,1,0,0,8,0,39.9613,-75.175, , 
15180,160438,2016024128,6,67,67301,2016,2,1,420,4,3,1,0,5,1, , ,N,0,0,0,3,0,3,3,3,N,N,39 58:47.357,75 12:17.270,424, ,421, ,0, , , ,0, , , , , , , , , ,3,3,0,0,0,0,0,0,0,0,0,0,3,3,0,0,0,0,0,0,0,0,1,0,0,0,0,0,0,0,0,0,0,0,0,8,0,39.9798,-75.2048, , 
15181,160440,2016028329,6,67,67301,2016,2,1,5,0,3,1,0,4,1, , ,N,1,2,0,3,0,1,5,2,N,N,39 56:43.627,75 10:18.076,10, ,5, ,0, ,N, ,3, , , , , , , , , ,2,2,0,0,0,0,0,0,0,0,0,0,1,1,4,0,0,0,1,0,0,0,0,0,0,0,0,0,0,0,0,0,0,0,0,8,0,39.9455,-75.1717, , 
15182,160451,2016037783,6,67,67301,2016,3,4,827,8,1,1,0,8,1, , ,N,2,2,0,3,0,1,2,2,N,N,40 03:39.695,75 11:24.461,840, ,831, ,0, ,N, ,3, , , , , , , , , ,1,0,0,0,0,0,1,0,0,0,0,0,1,1,0,0,0,0,0,0,0,1,0,1,0,0,0,0,0,0,0,0,1,0,0,8,0,40.061,-75.1901, , 
15183,160457,2016040177,6,67,67301,2016,3,6,1053,10,1,1,0,5,1, , ,N,0,0,0,3,0,0,4,3,N,N,40 00:23.710,75 11:55.233,1120, ,1057, ,0, , , ,0, , , , , , , , , ,3,1,0,0,1,1,0,0,0,0,0,0,0,0,0,0,1,0,0,0,1,0,0,0,0,0,0,0,0,0,0,0,0,0,0,0,1,40.0066,-75.1987, , 
15184,160459,2016044031,6,67,67301,2016,4,5,647,6,1,1,0,1,1, , ,N,0,0,0,3,0,0,3,3,N,N,39 57:32.582,75 10:16.341,655, ,655,2,1,4, , ,0,N, , , , , , , , ,3,0,0,0,0,0,2,1,0,0,0,0,0,0,0,0,0,0,0,0,0,1,0,0,0,0,0,0,0,0,0,0,0,0,0,0,0,39.9591,-75.1712, , 
15185,160479,2016014508,6,67,67301,2016,2,3,408,4,3,1,0,7,4, , ,N,0,0,0,3,0,0,1,1,N,N,39 58:10.599,75 11:32.832,414, ,409, ,0, , , ,0, , , , , , , , , ,1,1,0,0,0,0,0,0,0,0,0,0,0,0,0,0,0,0,0,0,0,0,0,0,0,0,0,0,0,0,0,0,0,0,0,0,0,39.9696,-75.1925, , 
15186,160480,2016016579,6,67,67301,2016,1,6,1650,16,1,1,1,8,1, , ,N,2,2,0,3,0,1,2,2,N, ,39 57:42.247,75 08:12.115,1705, ,1658,2,1,2, , ,3,N, , , , , , , , ,1,1,0,0,0,0,0,0,0,0,0,1,1,0,0,0,0,0,0,0,1,0,0,0,0,0,0,0,0,0,0,0,1,0,0,4,0,39.9617,-75.1365, , 
15187,160491,2016027578,6,67,67301,2016,2,4,1733,17,3,2,1,4,1, , ,N,1,3,0,3,0,1,3,2,N,N,39 59:39.274,75 07:55.977,1736, ,1733, ,0, ,N, ,3, , , , , , , , , ,2,2,0,0,0,0,0,0,0,0,0,0,1,1,1,0,0,0,0,0,0,0,0,2,0,0,0,0,0,0,0,0,0,0,0,8,0,39.9942,-75.1322, , 
15188,160492,2016028809,6,67,67301,2016,2,1,1345,13,1,1,0,1,1, , ,N,0,0,0,3,0,1,9,5,N,N,39 57:25.286,75 09:10.218,1404, ,1356, ,0, , , ,0, , , , , , , , , ,5,2,0,0,0,0,2,1,0,0,0,1,1,0,3,0,1,0,0,0,0,0,1,0,0,0,0,0,0,0,0,0,0,0,0,4,0,39.957,-75.1528, , 
15189,160499,2016036376,6,67,67301,2016,3,5,1957,19,3,1,0,4,1, , ,N,1,2,0,3,0,1,2,2,N,N,40 00:30.704,75 12:38.642,2145, ,2129, ,0, ,N, ,3, , , , , , , , , ,2,1,0,0,0,0,1,0,0,0,0,0,1,1,0,0,0,0,0,0,0,0,0,0,0,0,0,0,0,0,0,0,0,0,0,8,0,40.0085,-75.2107, , 
15190,160528,2016033915,6,67,67301,2016,3,7,1245,12,1,1,0,4,1, , ,N,1,2,0,3,0,0,4,2,N,N,39 57:48.100,75 11:14.764,1257, ,1253, ,0, ,N, ,3, , , , , , , , , ,2,1,0,0,0,0,1,0,0,0,0,0,0,0,0,0,0,0,0,0,0,0,0,0,0,0,0,0,0,0,0,0,0,0,0,0,0,39.9634,-75.1875, , 
15191,160584,2016033856,6,67,67301,2016,3,4,1445,14,1,1,0,5,6, , ,N,0,0,0,3,0,0,1,3,N,N,40 04:22.360,75 02:23.931,1510, ,1508, ,0, ,N, ,0, , , , , , , , , ,3,1,0,0,1,0,1,0,0,0,0,0,0,0,0,0,0,0,0,0,0,0,0,1,0,0,0,0,0,0,0,0,0,0,0,0,0,40.0729,-75.04, , 
15192,160590,2016040890,6,67,67301,2016,4,6,730,7,1,1,0,4,1, , ,N,2,3,0,3,0,1,2,2,N,N,39 59:34.947,75 10:05.357,938, ,936, ,0, ,N, ,3, , , , , , , , , ,1,0,0,0,0,0,1,0,1,0,0,1,1,0,0,0,0,0,0,1,0,0,0,0,0,0,0,0,0,0,0,0,0,0,0,4,0,39.993,-75.1682, , 
15193,160596,2016047766,6,67,67301,2016,4,7,1600,16,1,1,0,8,1, , ,N,1,2,0,3,0,1,2,2,N,N,40 00:57.199,75 09:13.857,1612, ,610,2,1,1,N, ,3,N, , , , , , , , ,1,0,0,0,0,0,1,0,0,0,0,0,1,1,0,0,0,0,0,0,0,1,0,0,0,0,0,0,0,0,0,0,1,0,0,8,0,40.0159,-75.1538, , 
15194,160603,2016058642,6,67,67301,2016,5,7,1135,11,1,1,1,4,1, , ,N,1,3,0,3,0,0,2,3,N, ,40 00:39.628,75 08:25.627,1153, ,1150, ,0, , , ,3, , , , , , , , , ,3,2,0,0,0,0,0,0,0,0,0,0,0,0,0,0,0,0,0,0,1,0,0,0,0,0,0,0,0,0,0,0,0,0,0,0,0,40.011,-75.1405, , 
15195,160636,2016031384,6,67,67301,2016,3,1,450,4,3,1,0,1,1, , ,N,1,2,0,3,0,3,4,3,N,N,39 57:30.563,75 13:30.647,9999, ,434, ,0, ,N, ,3, , , , , , , , , ,3,1,0,0,0,0,1,1,0,0,0,0,3,3,1,0,0,0,0,0,1,0,0,1,0,0,0,0,0,0,0,0,0,0,0,8,0,39.9585,-75.2252, , 
15196,160646,2016038180,6,67,67301,2016,3,4,725,7,1,1,1,4,1, , ,N,1,2,0,3,0,1,2,2,N, ,39 56:25.327,75 14:11.791,732, ,726, ,0, , , ,3, , , , , , , , , ,2,0,0,0,0,0,2,0,0,0,0,0,1,1,0,0,0,0,0,0,0,0,0,1,0,0,0,0,0,0,0,0,0,0,0,8,0,39.9404,-75.2366, , 
15197,163930,2016047014,6,67,67301,2016,4,6,705,7,1,1,0,8,1, , ,N,1,2,0,3,0,1,2,2,N, ,39 57:18.756,75 10:10.405,709, ,708, ,0, , , ,3, , , , , , , , , ,1,0,0,0,0,0,1,0,0,0,0,1,1,0,0,0,0,0,0,0,0,0,0,0,0,0,0,0,0,0,0,0,1,0,0,4,0,39.9552,-75.1696, , 
15198,163948,2016010954,6,67,67301,2016,1,7,1749,17,3,1,0,1,1, , ,N,0,0,0,3,0,2,3,2,N,N,39 57:34.457,75 10:31.442,1815, ,1801, ,0, , , ,0, , , , , , , , , ,2,2,0,0,0,0,0,0,0,1,0,1,2,0,0,0,0,0,0,0,0,0,0,0,0,0,0,1,0,0,0,0,0,0,0,2,0,39.9596,-75.1754, , 
15199,163964,2016029809,6,67,67301,2016,3,6,46,0,3,7,1,7,2, , ,N,0,0,0,3,0,1,1,1,N,N,39 55:24.583,75 14:44.669,48, ,46,2,1,1,N, ,0,Y, , , , , , , , ,1,0,0,0,0,0,1,0,0,0,0,0,1,1,0,0,0,0,0,0,0,0,0,0,0,0,0,0,0,0,0,0,0,0,0,8,0,39.9235,-75.2457, , 
15200,163979,2016041072,6,67,67301,2016,3,1,2235,22,3,4,1,4,1, , ,N,0,0,0,3,1,4,5,5,N,N,39 53:59.752,75 09:36.828,2300, ,2238,4,2,1, ,0,0,Y, , , , , , , , ,4,4,0,0,0,0,0,0,0,0,0,1,4,3,0,0,0,0,0,0,1,0,0,0,0,0,0,0,0,0,0,0,1,0,0,1,0,39.8999,-75.1602,1, 
15201,163990,2016069376,6,67,67301,2016,6,4,1618,16,1,1,0,4,1, , ,N,2,3,2,3,0,1,2,2,N,N,39 59:11.983,75 12:29.919,1618, ,1618, ,0, , , ,3, , , , , , , , , ,2,2,0,0,0,0,0,0,0,0,0,0,1,1,0,0,0,0,0,0,0,0,0,0,0,0,0,0,0,0,0,0,0,0,0,8,0,39.9867,-75.2083, , 
15202,164000,2016080580,6,67,67301,2016,7,6,1550,15,1,1,0,4,1, , ,N,1,2,0,3,0,0,2,2,N,N,40 00:51.570,75 10:41.163,1558, ,1558,1,1,1,N, ,3,N, , , , , , , , ,2,2,0,0,0,0,0,0,0,0,0,0,0,0,0,0,0,0,0,0,0,2,0,0,0,0,0,0,0,0,0,0,0,0,0,0,0,40.0143,-75.1781, , 
15203,164011,2016084650,6,67,67301,2016,7,7,1239,12,1,1,0,4,1, , ,N,0,0,7,3,0,4,4,2,N, ,40 02:21.396,75 04:47.703,1245, ,1242, ,0, ,N, ,0, , , , , , , , , ,2,2,0,0,0,0,0,0,0,0,0,4,4,0,0,0,0,0,0,0,0,0,0,0,0,0,0,0,0,0,0,0,0,0,0,4,0,40.0393,-75.0799, , 
15204,164017,2016099533,6,67,67301,2016,9,4,1430,14,1,1,0,8,1, , ,N,1,2,0,3,0,1,2,2,N, ,40 01:52.935,75 09:08.539,1730, ,1720, ,0, , , ,3, , , , , , , , , ,1,0,0,0,0,0,0,0,0,0,0,1,1,0,0,0,0,0,0,0,0,0,0,0,0,0,0,0,0,0,0,0,1,0,0,4,0,40.0314,-75.1524, , 
15205,164020,2016097593,6,67,67301,2016,8,7,1930,19,3,1,0,5,6, , ,N,0,0,0,3,0,0,1,3,N, ,39 59:02.199,75 07:35.163,2135, ,2132, ,0, , , ,0, , , , , , , , , ,3,2,0,0,0,0,0,1,0,0,0,0,0,0,1,0,0,0,0,0,1,0,0,0,0,0,0,0,0,0,0,0,0,0,0,9,0,39.9839,-75.1264, , 
15206,164037,2016008166,6,67,67301,2016,1,7,205,2,3,1,0,4,1, , ,N,1,3,0,3,0,1,2,2,N,N,39 57:45.834,75 12:13.931,213, ,211,2,1,1,N, ,3,N, , , , , , , , ,2,1,0,0,0,0,1,0,0,0,0,0,1,1,0,0,0,0,0,0,0,0,0,0,0,0,0,0,0,0,0,0,0,0,0,8,0,39.9627,-75.2039, , 
15207,164046,2016025972,6,67,67301,2016,2,7,2117,21,3,1,0,8,1, , ,N,2,0,0,3,0,1,2,2,N,N,39 59:57.279,75 05:58.713,2120, ,2117, ,0, ,N, ,0, , , , , , , , , ,1,0,0,0,0,0,0,1,0,0,1,0,1,0,0,0,1,0,0,0,0,0,0,0,0,0,0,0,0,0,0,0,1,0,0,3,0,39.9992,-75.0996, , 
15208,164065,2016048592,6,67,67301,2016,4,1,2015,20,3,1,0,8,1, , ,N,0,0,0,3,0,1,2,2,N,N,40 00:35.431,75 09:20.960,2020, ,2016, ,0, ,N, ,0, , , , , , , , , ,1,1,0,0,0,0,0,0,0,0,0,1,1,0,0,0,0,0,0,0,1,0,0,0,0,0,0,0,0,0,0,0,1,0,0,4,0,40.0098,-75.1558, , 
15209,164069,2016053265,6,67,67301,2016,5,3,1220,12,1,1,0,8,1, , ,N,0,0,0,3,0,1,2,2,N, ,40 02:56.707,75 10:29.987,1220, ,1220,1,2,5, , ,0,Y, , , , , , , , ,1,1,0,0,0,0,0,0,0,0,0,1,1,0,0,0,0,0,0,0,0,0,0,0,0,0,0,0,0,0,0,0,1,0,0,4,0,40.0491,-75.175, , 
15210,164070,2016053694,6,67,67301,2016,4,5,1432,14,1,2,1,1,1, , ,N,0,0,0,3,0,1,3,2,N, ,40 05:37.424,74 59:19.366,1440, ,1435,2,2,3, , ,0,Y, , , , , , , , ,2,2,0,0,0,0,0,0,0,0,0,1,1,0,0,0,0,1,0,0,0,0,0,0,0,0,0,0,0,0,0,0,0,0,0,4,0,40.0937,-74.9887, , 
15211,164110,2016046105,6,67,67301,2016,4,2,2120,21,3,1,0,1,1, , ,N,0,0,0,3,0,0,2,2,N,N,40 01:13.933,75 09:21.276,2125, ,2125,1,1,1, , ,0,N, , , , , , , , ,2,1,0,0,0,0,1,0,0,0,0,0,0,0,0,0,0,0,0,0,0,0,0,0,0,0,0,0,0,0,0,0,0,0,0,0,0,40.0205,-75.1559, , 
15212,164121,2016058541,6,67,67301,2016,5,7,336,3,3,1,8,1,1, , ,N,1,2,0,3,0,3,4,2,N,N,39 57:23.640,75 12:35.107,339, ,337, ,0, ,N, ,3, , , , , , , , , ,2,2,0,0,0,0,0,0,0,0,0,2,3,1,0,0,0,0,0,0,1,0,0,0,0,0,0,0,0,0,0,0,0,0,0,4,0,39.9566,-75.2098, , 
15213,164124,2016065676,6,67,67301,2016,6,2,1100,11,1,1,0,4,1, , ,N,1,2,0,3,0,1,2,2,N,N,39 57:28.502,75 08:55.805,1120, ,1113, ,0, ,N, ,3, , , , , , , , , ,2,1,0,0,0,0,0,1,0,0,0,1,1,0,0,0,0,0,0,0,1,0,0,2,0,0,0,0,0,0,0,0,0,0,0,4,0,39.958,-75.1488, , 
15214,164138,2016014002,6,67,67301,2016,1,7,2055,20,2,1,0,1,1, , ,N,0,0,0,3,0,0,1,2,N,N,39 58:31.778,75 08:06.941,2132, ,2100, ,0, ,N, ,0, , , , , , , , , ,2,2,0,0,0,0,0,0,0,0,0,0,0,0,0,0,0,0,0,0,0,0,0,0,0,0,0,0,0,0,0,0,0,0,0,0,0,39.9755,-75.1353, , 
15215,168322,2016053726,6,67,67301,2016,5,2,2220,22,3,1,0,1,1, , ,N,0,0,0,3,0,1,2,2,N, ,40 01:56.370,75 04:53.967,2245, ,2229,1,1,1, , ,0,N, , , , , , , , ,2,2,0,0,0,0,0,0,0,0,0,1,1,0,0,0,0,0,0,0,2,0,0,0,0,0,0,0,0,0,0,0,0,0,0,4,0,40.0323,-75.0817, , 
15216,168346,2016063880,6,67,67301,2016,6,4,1129,11,1,1,0,8,1, , ,N,1,2,0,3,0,1,2,2,N,N,39 57:11.367,75 09:11.303,1130, ,1130, ,0, , , ,3, , , , , , , , , ,1,0,0,0,0,0,1,0,0,0,0,0,1,1,0,0,0,0,0,0,0,1,0,1,0,0,0,0,0,0,0,0,1,0,0,8,0,39.9532,-75.1531, , 
15217,168347,2016063983,6,67,67301,2016,6,7,1328,13,1,1,0,6,1, , ,N,0,0,0,3,0,1,2,2,N,N,40 00:46.619,75 12:04.472,1334, ,1334,2,1,6, , ,0,Y, , , , , , , , ,1,1,0,0,0,0,0,0,1,1,0,0,1,0,0,0,0,0,0,0,1,0,0,0,0,0,0,0,0,0,0,1,0,0,0,2,0,40.0129,-75.2012, , 
15218,168353,2016070669,6,67,67301,2016,6,6,27,0,3,1,0,8,1, , ,N,0,0,0,3,0,1,2,2,N,Y,40 01:42.705,75 12:37.014,2338, ,2331, ,0, ,N, ,0, , , , , , , , , ,1,1,0,0,0,0,0,0,0,0,0,1,1,0,0,0,0,0,0,0,0,0,0,0,0,0,0,0,0,0,0,0,1,0,0,4,0,40.0285,-75.2103, , 
15219,168364,2016080326,6,67,67301,2016,6,5,419,4,3,1,0,4,1, , ,N,1,2,0,3,0,1,2,2,N,N,39 59:22.684,75 06:26.572,9999, ,457,2,1,1, , ,3,N, , , , , , , , ,2,1,0,0,0,0,0,1,0,0,0,1,1,0,0,0,0,0,0,0,1,0,0,1,0,0,0,0,0,0,0,0,0,0,0,4,0,39.9896,-75.1074, , 
15220,168367,2016083807,6,67,67301,2016,7,5,721,7,1,1,0,5,1, , ,N,0,0,0,3,0,0,2,2,N,N,39 53:57.532,75 09:54.908,721, ,721, ,0, , , ,0, , , , , , , , , ,2,2,0,0,0,0,0,0,0,0,0,0,0,0,0,0,0,0,0,0,0,0,0,0,0,0,0,0,0,0,0,0,0,0,0,0,0,39.8993,-75.1653, , 
15221,168390,2016024788,6,67,67301,2016,2,4,1825,18,2,2,1,5,1, , ,N,0,0,0,3,0,1,2,2,N,N,39 57:17.109,75 10:58.362,1902, ,1900, ,0, ,N, ,0, , , , , , , , , ,1,1,0,0,0,0,0,0,1,0,0,1,1,0,0,0,0,0,0,0,1,0,0,0,0,0,0,0,0,0,0,0,0,0,0,4,0,39.9548,-75.1829, , 
15222,168401,2016039669,6,67,67301,2016,3,2,900,9,1,2,1,2,1, , ,N,2,0,0,3,0,1,3,3,N,N,39 58:18.345,75 08:03.848,910, ,903, ,0, ,N, ,0, , , , , , , , , ,3,2,0,0,1,0,0,0,0,0,0,0,1,1,0,0,0,0,0,0,0,1,0,0,0,0,0,0,0,0,0,0,0,0,0,8,0,39.9718,-75.1344, , 
15223,168422,2016062541,6,67,67301,2016,5,7,1809,18,1,2,1,8,1, , ,N,1,2,0,3,0,1,2,2,N,N,39 56:16.512,75 13:52.078,1817, ,1814, ,0, ,N, ,3, , , , , , , , , ,1,1,0,0,0,0,0,0,0,0,1,0,1,0,0,0,0,0,0,0,0,0,0,1,0,0,0,0,0,0,0,0,1,0,0,3,0,39.9379,-75.2311, , 
15224,168429,2016013794,6,67,67301,2016,1,2,1610,16,4,1,0,8,1, , ,N,1,2,0,3,0,2,3,3,N,N,40 00:37.875,75 06:00.082,1615, ,1610, ,0, , , ,3, , , , , , , , , ,1,0,0,0,0,0,1,0,0,0,0,0,2,2,0,0,0,0,0,0,0,0,0,0,0,0,0,0,0,0,0,0,2,0,0,8,0,40.0105,-75.1, , 
15225,168444,2016027528,6,67,67301,2016,2,4,1550,15,1,1,0,8,1, , ,N,1,2,0,3,0,1,2,2,N, ,39 59:49.987,75 07:09.686,1600, ,1559, ,0, , , ,3, , , , , , , , , ,1,1,0,0,0,0,0,0,0,0,0,0,1,1,0,0,0,0,0,0,1,0,0,0,0,0,0,0,0,0,0,0,1,0,0,8,0,39.9972,-75.1194, , 
15226,168449,2016029856,6,67,67301,2016,3,6,1450,14,1,1,0,5,1, , ,N,0,0,0,3,0,1,2,2,N,N,39 54:28.941,75 09:16.984,1745, ,1739, ,0, ,N, ,0, , , , , , , , , ,2,2,0,0,0,0,0,0,0,0,0,0,1,1,1,0,0,0,0,0,1,0,0,0,0,0,0,0,0,0,0,0,0,0,0,8,0,39.908,-75.1547, , 
15227,168455,2016033905,6,67,67301,2016,3,6,1242,12,1,1,0,4,1, , ,N,1,3,0,3,0,0,4,4,N,N,39 55:46.124,75 10:12.997,1338, ,336,2,2,3, , ,3,N, , , , , , , , ,4,3,0,0,0,0,1,0,0,0,0,0,0,0,0,0,0,0,0,0,0,0,0,0,0,0,0,0,0,0,0,0,0,0,0,0,0,39.9295,-75.1703, , 
15228,168462,2016039650,6,67,67301,2016,3,2,1008,10,1,8,1,4,1, , ,N,1,2,0,3,0,2,4,3,N,N,39 55:35.245,75 13:49.904,1015, ,1015, ,0, ,N, ,3, , , , , , , , , ,3,1,0,0,0,0,1,1,0,0,1,1,2,0,0,0,0,0,0,0,1,1,0,2,0,0,0,0,0,0,0,0,0,0,0,3,0,39.9265,-75.2305, , 
15229,168465,2016044529,6,67,67301,2016,4,5,1344,13,1,2,1,7,4, , ,N,0,0,0,3,0,1,2,2,N,N,40 01:16.869,75 08:24.537,1350, ,1344,1,1,2,N, ,0,N, , , , , , , , ,2,2,0,0,0,0,0,0,0,0,0,0,1,1,0,0,0,0,0,0,1,0,0,0,0,0,0,0,0,0,0,0,0,0,0,8,0,40.0214,-75.1401, , 
15230,168470,2016048685,6,67,67301,2016,4,5,1028,10,1,1,0,7,4, , ,N,0,0,0,3,0,1,1,1,N,N,39 59:39.357,75 10:58.923,1034, ,1029, ,0, ,N, ,0, , , , , , , , , ,1,1,0,0,0,0,0,0,0,0,0,0,1,1,0,0,0,0,0,0,0,0,0,0,0,0,0,0,0,0,0,0,0,0,0,8,0,39.9943,-75.183, , 
15231,168475,2016013869,6,67,67301,2016,1,4,1430,14,1,1,0,4,1, , ,N,2,0,0,3,0,1,2,2,N,N,40 01:12.594,75 07:35.673,1631, ,1630, ,0, ,N, ,0, , , , , , , , , ,1,1,0,0,0,0,0,0,1,0,0,1,1,0,0,0,0,0,0,0,0,0,0,0,0,0,0,0,0,0,0,0,0,0,0,4,0,40.0202,-75.1266, , 
15232,168483,2016019761,6,67,67301,2016,2,4,1802,18,3,2,1,4,1, , ,N,0,0,7,3,0,1,2,2,N,N,40 05:40.590,75 01:44.746,1807, ,1802, ,0, ,N, ,0, , , , , , , , , ,2,1,0,0,0,0,1,0,0,0,1,0,1,0,0,0,0,0,0,0,1,0,0,0,0,0,0,0,0,0,0,0,0,0,0,3,0,40.0946,-75.0291, , 
15233,157552,2016033087,6,67,67301,2016,3,6,1255,12,1,1,0,4,1, , ,N,1,2,0,3,0,1,2,2,N,N,39 59:31.149,75 14:15.021,1305, ,1300, ,0, ,N, ,3, , , , , , , , , ,2,1,0,0,0,0,1,0,0,0,0,0,1,1,0,0,0,0,0,1,1,0,0,1,0,0,0,0,0,0,0,0,0,0,0,8,0,39.992,-75.2375, , 
15234,157568,2016052204,6,67,67301,2016,2,3,1945,19,1,1,0,1,1, , ,N,1,2,0,3,0,1,2,2, , ,39 58:06.410,75 14:07.231,0, ,0, ,0, , , ,3, , , , , , , , , ,2,2,0,0,0,0,0,0,0,0,0,0,1,1,1,0,0,0,0,0,1,0,0,0,0,0,0,0,0,0,0,0,0,0,0,8,0,39.9684,-75.2353, , 
15235,157596,2016026162,6,67,67301,2016,2,5,810,8,1,1,0,4,1, , ,N,1,3,0,3,0,1,2,2,N, ,40 03:54.691,75 03:19.475,812, ,810, ,0, , , ,3, , , , , , , , , ,2,1,0,0,0,0,1,0,0,0,0,1,1,0,0,0,0,0,0,0,0,0,0,1,0,0,0,0,0,0,0,0,0,0,0,4,0,40.0652,-75.0554, , 
15236,157599,2016027587,6,67,67301,2016,2,6,2146,21,3,1,0,4,1, , ,N,1,2,0,3,0,7,7,3,N,N,40 01:40.095,75 05:55.134,2157, ,2151,2,2,6,N, ,3,Y, , , , , , , , ,3,1,0,0,0,0,2,0,0,0,0,5,7,2,0,0,0,0,0,0,1,0,0,0,0,0,0,0,0,0,0,0,0,0,0,4,0,40.0277,-75.0988, , 
15237,157607,2016036403,6,67,67301,2016,3,1,200,2,3,1,0,7,4, , ,N,0,0,0,3,0,1,1,1,N,N,40 04:01.894,75 13:49.155,225, ,214,3,2,4,N, ,0,Y, , , , , , , , ,1,1,0,0,0,0,0,0,0,0,1,0,1,0,0,0,0,0,0,0,0,0,0,0,0,0,0,0,0,0,0,0,0,0,0,3,0,40.0672,-75.2303, , 
15238,157616,2016047005,6,67,67301,2016,4,7,2146,21,3,1,0,4,1, , ,N,1,2,0,3,0,4,5,2,N, ,39 59:34.615,75 06:37.098,2155, ,2155, ,0, , , ,3, , , , , , , , , ,2,2,0,0,0,0,0,0,0,0,0,4,4,0,0,0,0,0,0,0,0,0,0,1,0,0,0,0,0,0,0,0,0,0,0,4,0,39.9929,-75.1103, , 
15239,157661,2016052408,6,67,67301,2016,5,1,549,5,3,2,1,7,4, , ,N,0,0,0,3,0,2,2,2,N,N,39 58:25.721,75 12:23.873,553, ,552,2,1,3,Y, ,0,Y, , , , , , , , ,2,2,0,0,0,0,0,0,0,0,0,0,2,2,0,0,0,0,0,0,0,0,0,0,0,0,0,0,0,0,0,0,0,0,0,8,0,39.9738,-75.2066, , 
15240,157665,2016056023,6,67,67301,2016,5,1,1754,17,1,1,0,6,1, , ,N,2,0,0,3,0,0,1,2,N, ,40 02:33.126,75 05:47.626,1802, ,1756, ,0, , , ,0, , , , , , , , , ,2,0,0,0,0,0,1,1,0,0,0,0,0,0,0,0,0,0,0,0,0,0,0,0,0,0,0,0,0,0,0,0,0,0,0,0,0,40.0425,-75.0966, , 
15241,157669,2016058789,6,67,67301,2016,5,4,1109,11,1,1,0,4,1, , ,N,0,0,0,3,0,0,2,2,N,N,39 57:48.270,75 08:19.107,1126, ,1118, ,0, , , ,0, , , , , , , , , ,2,1,0,0,0,0,1,0,0,0,0,0,0,0,0,0,0,0,0,0,1,0,0,0,0,0,0,0,0,0,0,0,0,0,0,0,0,39.9634,-75.1386, , 
15242,157674,2016013965,6,67,67301,2016,1,3,1009,10,1,1,0,4,1, , ,N,1,2,0,3,0,1,2,2,N,N,39 57:41.996,75 09:22.102,1613, ,1010,1,1,1,N, ,3,Y, , , , , , , , ,2,0,0,0,0,0,1,1,0,0,0,0,1,1,0,0,0,0,0,0,0,0,0,1,0,0,0,0,0,0,0,0,0,0,0,8,0,39.9617,-75.1561, , 
15243,157702,2016033927,6,67,67301,2016,3,2,1756,17,4,2,1,4,1, , ,N,2,3,0,3,0,3,3,2,N,N,40 03:29.509,75 08:39.033,1824, ,1821,2,1,4,N, ,3,N, , , , , , , , ,2,0,0,0,0,0,2,0,0,0,0,3,3,0,0,0,0,0,0,0,1,0,0,0,0,0,0,0,0,0,0,0,0,0,0,4,0,40.0582,-75.1442, , 