objectid_1,objectid,crn,district,county,municipality,crash_year,crash_month,day_of_week,time_of_day,hour_of_day,illumination,weather,road_condition,collision_type,relation_to_road,work_zone_type,work_zone_loc,work_zone_ind,intersect_type,tcd_type,location_type,urban_rural,fatal_count,injury_count,person_count,total_units,sch_bus_ind,sch_zone_ind,latitude,longitude,arrival_tm,cons_zone_spd_lim,dispatch_tm,est_hrs_closed,lane_closed,ln_close_dir,ntfy_hiwy_maint,spec_juris_cd,tcd_func_cd,tfc_detour_ind,workers_pres,wz_close_detour,wz_flagger,wz_law_offcr_ind,wz_ln_closure,wz_moving,wz_other,wz_shlder_mdn,vehicle_count,automobile_count,motorcycle_count,bus_count,small_truck_count,heavy_truck_count,suv_count,van_count,bicycle_count,maj_inj_count,mod_inj_count,min_inj_count,tot_inj_count,unk_inj_deg_count,unk_inj_per_count,driver_count_16yr,driver_count_17yr,driver_count_18yr,driver_count_19yr,driver_count_20yr,driver_count_50_64yr,driver_count_65_74yr,driver_count_75plus,unbelted_occ_count,unb_death_count,unb_maj_inj_count,belted_death_count,belted_maj_inj_count,mcycle_death_count,mcycle_maj_inj_count,bicycle_death_count,bicycle_maj_inj_count,ped_count,ped_death_count,ped_maj_inj_count,max_severity_level,comm_veh_count,dec_lat,dec_long,rdwy_surf_type_cd,county_name
15312,157836,2016026065,6,67,67301,2016,2,5,900,9,1,1,0,7,4, , ,N,1,2,0,3,0,0,1,1,N, ,40 04:09.505,75 00:26.083,912, ,904,1,1,2, , ,3,N, , , , , , , , ,1,0,0,0,0,0,1,0,0,0,0,0,0,0,0,0,0,0,0,0,0,0,0,0,0,0,0,0,0,0,0,0,0,0,0,0,0,40.0692,-75.0073, , 
15313,157848,2016036438,6,67,67301,2016,3,7,1610,16,1,1,0,8,1, , ,N,0,0,0,3,0,1,2,2,N,N,40 01:48.738,75 04:43.690,1635, ,1633, ,0, , , ,0, , , , , , , , , ,1,1,0,0,0,0,0,0,0,0,0,1,1,0,0,0,0,0,0,0,0,0,0,1,0,0,0,0,0,0,0,0,1,0,0,4,0,40.0302,-75.0788, , 
15314,157857,2016045726,6,67,67301,2016,4,4,915,9,1,1,0,4,1, , ,N,1,0,0,3,0,1,2,2,N, ,40 01:06.321,75 11:10.226,925, ,920, ,0, , , ,0, , , , , , , , , ,2,1,0,0,0,0,0,0,0,0,1,0,1,0,0,0,0,0,0,1,0,0,0,0,0,0,0,0,0,0,0,0,0,0,0,3,0,40.0184,-75.1862, , 
15315,157869,2016008598,6,67,67301,2016,1,2,1550,15,1,1,0,4,1, , ,N,1,2,0,3,0,1,2,2,N, ,39 55:01.871,75 10:28.591,1555, ,1553, ,0, , , ,3, , , , , , , , , ,2,2,0,0,0,0,0,0,0,0,0,1,1,0,0,0,0,0,0,1,0,0,1,1,0,0,0,0,0,0,0,0,0,0,0,4,0,39.9172,-75.1746, , 
15316,157875,2016016569,6,67,67301,2016,1,6,2242,22,3,4,3,1,1, , ,N,1,2,0,3,0,0,2,2,N, ,39 56:19.856,75 10:29.074,2255, ,2245, ,0, , , ,3, , , , , , , , , ,2,1,0,0,0,0,1,0,0,0,0,0,0,0,0,0,0,0,0,0,1,0,0,0,0,0,0,0,0,0,0,0,0,0,0,0,0,39.9388,-75.1747, , 
15317,157878,2016019179,6,67,67301,2016,1,6,1740,17,3,1,0,8,1, , ,N,0,0,0,3,0,2,2,2,N,N,40 01:32.806,75 12:31.686,1753, ,1747,2,1,2,N, ,0,Y, , , , , , , , ,1,0,0,0,0,0,1,0,0,0,0,0,2,2,0,0,0,0,0,0,0,0,0,0,0,0,0,0,0,0,0,0,1,0,0,8,0,40.0258,-75.2088, , 
15318,157881,2016026045,6,67,67301,2016,2,4,1235,12,1,4,1,1,1, , ,N,2,2,0,3,0,1,2,2,N, ,39 55:19.581,75 11:18.672,1235, ,1235, ,0, , , ,3, , , , , , , , , ,2,1,0,0,0,0,0,0,0,0,0,0,1,1,0,0,0,0,0,0,0,0,0,1,0,0,0,0,0,0,0,0,0,0,0,8,0,39.9219,-75.1888, , 
15319,157891,2016036543,6,67,67301,2016,3,1,449,4,3,1,0,4,1, , ,N,5,2,1,3,0,0,2,2,N,N,39 59:38.223,75 07:04.994,449, ,449,2,2,2,N, ,3,Y, , , , , , , , ,2,2,0,0,0,0,0,0,0,0,0,0,0,0,0,0,0,0,0,0,0,0,0,0,0,0,0,0,0,0,0,0,0,0,0,0,0,39.994,-75.1181, , 
15320,157906,2016056006,6,67,67301,2016,5,6,825,8,1,2,1,1,1, , ,N,0,0,0,3,0,1,3,3,N,N,40 02:27.595,75 00:50.807,848, ,835,2,1,1,N, ,0,N, , , , , , , , ,3,1,0,0,1,0,1,0,0,0,1,0,1,0,0,0,0,0,0,0,0,0,0,0,0,0,0,0,0,0,0,0,0,0,0,3,0,40.041,-75.0141, , 
15321,157932,2016028321,6,67,67301,2016,2,1,409,4,3,1,0,5,6, , ,N,0,0,0,3,0,0,1,3,N,N,40 01:05.389,75 12:40.775,451, ,449, ,0, ,N, ,0, , , , , , , , , ,3,1,0,0,0,0,2,0,0,0,0,0,0,0,0,0,0,0,0,0,0,0,0,0,0,0,0,0,0,0,0,0,0,0,0,0,0,40.0182,-75.2113, , 
15322,157939,2016033831,6,67,67301,2016,3,3,1832,18,4,1,0,4,1, , ,N,1,2,0,3,0,1,2,2,N,N,40 00:11.036,75 09:51.469,1835, ,1832,1,1,2,N, ,3,N, , , , , , , , ,2,2,0,0,0,0,0,0,0,0,0,0,1,1,0,0,0,0,0,0,0,0,0,0,0,0,0,0,0,0,0,0,0,0,0,8,0,40.0031,-75.1643, , 
15323,157941,2016036489,6,67,67301,2016,3,4,800,8,1,1,0,4,1, , ,N,1,0,0,3,0,1,3,2,N,N,39 57:35.877,75 09:29.177,807, ,803, ,0, ,N, ,0, , , , , , , , , ,2,1,0,0,0,0,1,0,0,0,0,1,1,0,0,0,0,0,0,0,0,0,0,0,0,0,0,0,0,0,0,0,0,0,0,4,0,39.96,-75.1581, , 
15324,160799,2016053752,6,67,67301,2016,5,6,138,1,3,1,0,4,1, , ,N,2,3,3,3,0,0,2,2,N,N,40 01:11.208,75 09:02.246,157, ,138,9,1,4, , ,3,N, , , , , , , , ,2,1,0,0,0,0,1,0,0,0,0,0,0,0,0,0,0,0,0,0,0,0,0,1,0,0,0,0,0,0,0,0,0,0,0,0,0,40.0198,-75.1506, , 
15325,160821,2016029956,6,67,67301,2016,3,5,1741,17,4,1,0,1,1,1,3,Y,0,0,0,3,0,2,6,3,N,N,40 03:22.490,75 02:47.898,1748,35,1742,2,1,1,N, ,0,N,N,U,U,N,Y,U,U,U,3,1,0,0,0,0,2,0,0,0,0,2,2,0,0,0,0,0,0,0,1,0,0,0,0,0,0,0,0,0,0,0,0,0,0,4,0,40.0562,-75.0466, , 
15326,160826,2016033901,6,67,67301,2016,3,6,1415,14,1,1,0,1,1, , ,N,0,0,0,3,0,2,4,4,N,N,40 00:43.434,75 10:54.827,1425, ,1425,3,1,2, , ,0,N, , , , , , , , ,4,1,0,0,1,0,1,1,0,0,0,0,2,2,0,0,0,0,0,0,1,0,0,1,0,0,0,0,0,0,0,0,0,0,0,8,0,40.0121,-75.1819, , 
15327,160832,2016040576,6,67,67301,2016,3,5,819,8,1,1,0,1,1,1,4,Y,0,8,0,3,0,1,3,3,N,N,40 01:48.609,75 01:19.641,845,45,819, ,0, , , ,3, ,Y,N,N,N,N,N,N,Y,3,3,0,0,0,0,0,0,0,0,0,1,1,0,1,0,0,0,0,0,0,0,0,0,0,0,0,0,0,0,0,0,0,0,0,4,0,40.0302,-75.0221, , 
15328,160847,2016058580,6,67,67301,2016,5,1,1707,17,1,1,0,7,4, , ,N,0,0,0,3,0,3,3,1,N,N,40 01:23.233,75 08:11.455,1714, ,1707,1,1,2,N, ,0,N, , , , , , , , ,1,1,0,0,0,0,0,0,0,0,0,1,3,2,0,0,0,0,0,0,0,0,0,0,0,0,0,0,0,0,0,0,0,0,0,4,0,40.0231,-75.1365, , 
15329,160857,2016013838,6,67,67301,2016,1,5,1600,16,1,1,0,2,1, , ,N,0,0,0,3,0,4,6,4,N,N,40 00:36.206,75 11:10.544,1616, ,1601,3,2,2,N, ,0,Y, , , , , , , , ,4,3,0,0,1,0,0,0,0,2,0,0,4,2,0,0,0,0,0,0,1,1,0,2,0,1,0,0,0,0,0,0,0,0,0,2,0,40.0101,-75.1863, , 
15330,160858,2016014032,6,67,67301,2016,1,3,1450,14,1,1,0,1,1, , ,N,0,0,0,3,0,1,3,4,N,Y,40 01:50.022,75 02:03.562,1513, ,1505,2,2,5,N, ,0,Y, , , , , , , , ,4,2,0,0,1,0,1,0,0,0,0,0,1,1,0,0,0,0,0,0,0,0,0,0,0,0,0,0,0,0,0,0,0,0,0,8,0,40.0306,-75.0343, , 
15331,160868,2016026089,6,67,67301,2016,1,3,1050,10,1,1,0,4,1, , ,N,1,3,0,3,0,0,3,2,N, ,40 02:12.577,75 04:09.489,1116, ,1058, ,0, , , ,3, , , , , , , , , ,2,2,0,0,0,0,0,0,0,0,0,0,0,0,0,0,0,0,0,0,0,0,0,0,0,0,0,0,0,0,0,0,0,0,0,0,0,40.0368,-75.0692, , 
15332,160878,2016041419,6,67,67301,2016,3,2,729,7,1,2,1,7,4, , ,N,0,0,0,3,0,1,1,1,N,N,39 59:50.256,75 10:49.735,834, ,730, ,0, , , ,0, , , , , , , , , ,1,1,0,0,0,0,0,0,0,0,0,1,1,0,0,0,0,0,0,0,0,0,0,0,0,0,0,0,0,0,0,0,0,0,0,4,0,39.9973,-75.1805, , 
15333,160885,2016048665,6,67,67301,2016,4,5,1252,12,1,1,0,1,1, , ,N,1,2,0,3,0,1,2,2,N, ,39 53:40.603,75 14:12.181,1257, ,1255, ,0, , , ,2, , , , , , , , , ,2,0,0,0,0,1,1,0,0,0,0,1,1,0,0,0,0,0,0,0,2,0,0,1,0,0,0,0,0,0,0,0,0,0,0,4,1,39.8946,-75.2367, , 
15334,160886,2016048678,6,67,67301,2016,4,2,1150,11,1,1,0,4,1, , ,N,1,2,0,3,0,1,3,2,N,N,40 02:06.421,75 04:15.407,1155, ,1152,2,1,2,N, ,3,N, , , , , , , , ,2,2,0,0,0,0,0,0,0,0,0,0,1,1,0,0,0,0,1,0,0,0,0,0,0,0,0,0,0,0,0,0,0,0,0,8,0,40.0351,-75.0709, , 
15335,160909,2016067113,6,67,67301,2016,6,3,1803,18,1,1,0,1,1, , ,N,0,0,0,3,0,1,3,3,N,N,39 56:51.569,75 08:30.748,1830, ,1808,2,2,1, , ,0,N, , , , , , , , ,3,2,0,0,0,0,1,0,0,0,1,0,1,0,0,0,0,0,0,0,0,0,0,0,0,0,0,0,0,0,0,0,0,0,0,3,0,39.9477,-75.1419, , 
15336,160921,2016080912,6,67,67301,2016,6,5,1807,18,1,1,0,8,1, , ,N,0,0,0,3,0,1,3,2,N,N,40 04:23.107,75 03:13.641,1812, ,1808,1,1,2,N, ,0,N, , , , , , , , ,1,0,0,0,0,0,1,0,0,0,0,0,1,1,0,0,0,1,0,0,0,0,0,0,0,0,0,0,0,0,0,0,1,0,0,8,0,40.0731,-75.0538, , 
15337,160930,2016087200,6,67,67301,2016,8,6,259,2,3,1,0,4,1, , ,N,2,2,2,3,0,0,2,2,N,N,39 54:43.462,75 09:01.641,259, ,259, ,0, ,N, ,3, , , , , , , , , ,2,1,0,0,0,0,1,0,0,0,0,0,0,0,0,0,0,0,0,0,0,0,0,0,0,0,0,0,0,0,0,0,0,0,0,0,0,39.9121,-75.1505, , 
15338,160935,2016087714,6,67,67301,2016,7,2,1130,11,1,1,0,4,1, , ,N,1,2,0,3,0,1,6,3,N,N,40 01:24.369,75 08:21.713,1209, ,1209, ,0, ,Y, ,3, , , , , , , , , ,3,1,0,0,0,0,1,0,0,0,0,0,1,1,5,0,0,0,0,0,3,0,0,1,0,0,0,0,0,0,0,0,0,0,0,8,0,40.0234,-75.1394, , 
15339,160949,2016007849,6,67,67301,2016,1,5,1055,10,1,1,0,7,4, , ,N,2,0,0,3,0,0,1,1,N,N,40 01:54.969,75 01:40.713,1055, ,1055, ,0, , , ,0, , , , , , , , , ,1,1,0,0,0,0,0,0,0,0,0,0,0,0,0,0,0,0,0,0,0,0,0,0,0,0,0,0,0,0,0,0,0,0,0,0,0,40.0319,-75.028, , 
15340,160959,2016016551,6,67,67301,2016,1,5,1915,19,3,1,0,4,1, , ,N,1,3,0,3,0,0,2,2,N, ,39 56:42.144,75 12:55.104,1918, ,1918, ,0, , , ,3, , , , , , , , , ,2,1,0,0,0,0,1,0,0,0,0,0,0,0,0,0,0,0,0,0,1,0,0,0,0,0,0,0,0,0,0,0,0,0,0,0,0,39.945,-75.2153, , 
15341,160969,2016026875,6,67,67301,2016,2,1,252,2,3,1,0,5,6, , ,N,0,0,0,3,0,0,1,3,N, ,40 00:54.992,75 08:13.178,255, ,252, ,0, , , ,0, , , , , , , , , ,3,2,0,0,0,0,1,0,0,0,0,0,0,0,1,0,0,0,0,0,0,0,0,0,0,0,0,0,0,0,0,0,0,0,0,9,0,40.0153,-75.137, , 
15342,164398,2016040968,6,67,67301,2016,4,2,1031,10,1,1,0,4,1, , ,N,0,0,7,3,0,1,2,2,Y,N,39 55:39.950,75 13:48.348,1039, ,1031,2,2,1,N, ,0,Y, , , , , , , , ,2,1,0,1,0,0,0,0,0,0,0,0,1,1,0,0,0,0,0,0,0,1,0,0,0,0,0,0,0,0,0,0,0,0,0,8,1,39.9278,-75.2301, , 
15343,164409,2016063484,6,67,67301,2016,5,2,1555,15,1,1,0,8,1, , ,N,0,0,0,3,0,1,2,2,N,N,39 56:59.686,75 14:29.958,1617, ,1616, ,0, ,N, ,0, , , , , , , , , ,1,1,0,0,0,0,0,0,0,0,0,1,1,0,0,0,0,0,0,0,0,0,0,0,0,0,0,0,0,0,0,0,1,0,0,4,0,39.9499,-75.2417, , 
15344,164410,2016063964,6,67,67301,2016,6,6,1747,17,1,1,0,6,1, , ,N,0,0,0,3,0,1,2,2,N, ,39 55:18.625,75 14:13.583,1750, ,1750,2,1,2, , ,0,Y, , , , , , , , ,2,1,1,0,0,0,0,0,0,0,0,1,1,0,0,0,0,0,0,0,0,0,0,0,0,0,0,0,0,0,0,0,0,0,0,4,0,39.9218,-75.2371, , 
15345,164428,2016016133,6,67,67301,2016,1,5,1129,11,1,4,6,8,1, , ,N,0,0,0,3,0,1,2,2,N,N,40 02:48.040,75 10:05.527,1130, ,1129, ,0, , , ,0, , , , , , , , , ,1,1,0,0,0,0,0,0,0,0,0,0,1,1,1,0,0,0,0,0,1,0,0,0,0,0,0,0,0,0,0,0,1,0,0,8,0,40.0467,-75.1682, , 
15346,164437,2016028785,6,67,67301,2016,2,2,550,5,3,1,0,7,2, , ,N,0,0,0,3,0,0,1,1,N,N,39 58:31.421,75 11:41.081,558, ,550,3,1,3, , ,0,N, , , , , , , , ,1,1,0,0,0,0,0,0,0,0,0,0,0,0,0,0,0,0,0,0,0,0,0,0,0,0,0,0,0,0,0,0,0,0,0,0,0,39.9754,-75.1947, , 
15347,164438,2016033886,6,67,67301,2016,3,6,1349,13,1,1,0,4,1, , ,N,1,2,0,3,0,2,3,2,N, ,40 02:57.481,75 04:04.310,1358, ,1351, ,0, , , ,3, , , , , , , , , ,2,2,0,0,0,0,0,0,0,0,0,2,2,0,0,0,0,0,0,0,0,1,0,0,0,0,0,0,0,0,0,0,0,0,0,4,0,40.0493,-75.0679, , 
15348,164462,2016068733,6,67,67301,2016,6,5,1705,17,1,1,0,1,1, , ,N,0,0,0,3,0,2,3,2,N, ,39 57:21.811,75 13:40.247,1710, ,1708, ,0, , , ,0, , , , , , , , , ,2,2,0,0,0,0,0,0,0,0,1,1,2,0,0,0,0,0,0,0,1,0,0,0,0,0,0,0,0,0,0,0,0,0,0,3,0,39.9561,-75.2278, , 
15349,164472,2016013748,6,67,67301,2016,1,5,820,8,1,1,0,4,1, , ,N,1,2,0,3,0,0,2,2,N,N,40 01:55.668,75 08:46.500,834, ,834, ,0, , , ,3, , , , , , , , , ,2,2,0,0,0,0,0,0,0,0,0,0,0,0,0,0,0,0,0,1,0,0,0,0,0,0,0,0,0,0,0,0,0,0,0,0,0,40.0321,-75.1461, , 
15350,164505,2016047308,6,67,67301,2016,5,1,1235,12,1,2,1,1,1, , ,N,0,0,0,3,0,0,4,2,N,N,39 57:31.120,75 10:08.391,1254, ,1245, ,0, , , ,0, , , , , , , , , ,2,0,0,0,0,1,1,0,0,0,0,0,0,0,0,0,0,0,0,0,0,0,0,0,0,0,0,0,0,0,0,0,0,0,0,0,1,39.9586,-75.169, , 
15351,164508,2016048711,6,67,67301,2016,4,2,935,9,1,1,0,1,1, , ,N,0,0,0,3,0,0,3,3,N,N,40 00:20.376,75 06:05.158,954, ,950,2,1,4,N, ,0,N, , , , , , , , ,3,3,0,0,0,0,0,0,0,0,0,0,0,0,2,0,0,0,0,0,1,0,0,0,0,0,0,0,0,0,0,0,0,0,0,9,0,40.0057,-75.1014, , 
15352,164519,2016013735,6,67,67301,2016,1,3,1330,13,1,1,0,4,1, , ,N,1,2,0,3,0,2,2,2,N,N,40 00:31.034,75 04:07.810,1338, ,1331, ,0, ,N, ,3, , , , , , , , , ,2,1,0,0,0,0,0,1,0,0,0,2,2,0,0,0,0,0,0,0,1,0,0,0,0,0,0,0,0,0,0,0,0,0,0,4,0,40.0086,-75.0688, , 
15353,164533,2016031710,6,67,67301,2016,2,5,145,1,3,2,1,1,6, , ,N,0,0,0,3,0,0,2,2,N,N,39 59:13.712,75 05:36.190,158, ,147, ,0, ,N, ,0, , , , , , , , , ,2,1,0,0,0,0,0,1,0,0,0,0,0,0,0,0,0,0,0,0,0,0,0,0,0,0,0,0,0,0,0,0,0,0,0,0,0,39.9871,-75.0934, , 
15354,164538,2016036430,6,67,67301,2016,3,6,1200,12,1,1,0,8,1, , ,N,1,2,0,3,0,1,2,2,N,N,39 59:31.689,75 08:24.712,1216, ,1214, ,0, ,N, ,3, , , , , , , , , ,1,0,0,0,0,0,0,0,0,0,0,1,1,0,1,0,0,0,0,0,0,0,0,0,0,0,0,0,0,0,0,0,1,0,0,4,0,39.992,-75.1402, , 
15355,164572,2016014051,6,67,67301,2016,1,7,1000,10,1,1,0,4,1, , ,N,1,2,0,3,0,1,3,3,N,N,39 57:31.834,75 12:22.607,1011, ,1004, ,0, ,N, ,3, , , , , , , , , ,3,1,0,0,0,0,2,0,0,0,0,1,1,0,0,0,0,1,0,0,0,0,1,0,0,0,0,0,0,0,0,0,0,0,0,4,0,39.9588,-75.2063, , 
15356,164575,2016019823,6,67,67301,2016,1,4,844,8,1,1,1,8,1, , ,N,1,2,0,3,0,2,3,3,N, ,40 02:52.988,75 04:08.639,902, ,844, ,0, , , ,3, , , , , , , , , ,1,1,0,0,0,0,0,0,0,0,0,2,2,0,0,0,0,0,0,0,0,0,0,1,0,0,0,0,0,0,0,0,2,0,0,4,0,40.0481,-75.0691, , 
15357,164582,2016024127,6,67,67301,2016,2,5,1458,14,1,1,0,7,2, , ,N,0,0,0,3,0,0,1,1,N,N,40 02:22.536,75 00:26.236,1537, ,1506, ,0, , , ,0, , , , , , , , , ,1,1,0,0,0,0,0,0,0,0,0,0,0,0,0,0,0,0,0,0,0,0,0,0,0,0,0,0,0,0,0,0,0,0,0,0,0,40.0396,-75.0073, , 
15358,164605,2016054235,6,67,67301,2016,5,7,847,8,1,1,0,5,1, , ,N,0,0,0,3,0,1,2,2,N,N,39 54:22.289,75 08:59.741,855, ,847,1,1,2, , ,0,N, , , , , , , , ,2,1,0,0,0,0,1,0,0,0,0,0,1,1,0,0,0,0,0,0,0,1,0,0,0,0,0,0,0,0,0,0,0,0,0,8,0,39.9062,-75.1499, , 
15359,164606,2016058573,6,67,67301,2016,5,6,1848,18,1,1,0,6,1, , ,N,0,0,0,3,0,0,4,3,N, ,39 53:39.571,75 13:45.535,1909, ,1907,3,1,3, , ,0,N, , , , , , , , ,2,2,0,0,0,0,0,0,0,0,0,0,0,0,0,0,0,0,0,0,0,0,0,0,0,0,0,0,0,0,0,0,0,0,0,0,0,39.8943,-75.2293, , 
15360,164612,2016006513,6,46,46102,2016,1,7,1841,18,3,1,0,5,1, , ,N,0,0,0,3,0,0,2,2,N,N,40 04:38.662,75 09:51.395,1851, ,1847,3,2,4,N, ,0,N, , , , , , , , ,2,2,0,0,0,0,0,0,0,0,0,0,0,0,0,0,0,0,1,0,0,0,0,0,0,0,0,0,0,0,0,0,0,0,0,0,0,40.0774,-75.1643, , 
15361,167698,2016115081,6,67,67301,2016,11,6,903,9,1,1,0,8,1, , ,N,0,0,0,3,0,1,2,2,N,N,39 57:15.933,75 11:30.385,903, ,903,1,1,2,N, ,0,N, , , , , , , , ,1,1,0,0,0,0,0,0,0,0,0,0,1,1,0,0,0,0,0,0,0,0,0,0,0,0,0,0,0,0,0,0,1,0,0,8,0,39.9544,-75.1918, , 
15362,167709,2016014556,6,67,67301,2016,1,5,1122,11,1,1,0,5,1, , ,N,0,0,0,3,0,1,3,2,N,N,39 58:24.631,75 11:38.456,1143, ,1132, ,0, , , ,0, , , , , , , , , ,2,1,0,0,0,1,0,0,0,0,0,1,1,0,0,0,0,0,0,0,1,0,0,0,0,0,0,0,0,0,0,0,0,0,0,4,1,39.9735,-75.194, , 
15363,167730,2016033282,6,67,67301,2016,3,3,2117,21,3,1,0,7,4, , ,N,7,0,2,3,0,1,2,1,N,N,39 54:45.413,75 10:27.805,2119, ,2117,3,2,2,N, ,0,Y, , , , , , , , ,1,1,0,0,0,0,0,0,0,0,0,0,1,1,0,0,0,0,0,0,0,0,0,0,0,0,0,0,0,0,0,0,0,0,0,8,0,39.9126,-75.1744, , 
15364,167731,2016033880,6,67,67301,2016,3,7,2250,22,3,1,0,1,1, , ,N,0,0,0,3,0,0,3,2,N, ,40 04:28.469,74 58:47.691,2328, ,2325, ,0, , , ,0, , , , , , , , , ,2,1,0,0,0,0,0,1,0,0,0,0,0,0,0,0,1,0,0,0,0,0,0,0,0,0,0,0,0,0,0,0,0,0,0,0,0,40.0746,-74.9799, , 
15365,167736,2016043741,6,67,67301,2016,2,7,1538,15,1,1,0,5,2, , ,N,0,0,0,3,0,0,2,2,N,N,39 53:09.758,75 14:35.825,1637, ,1607, ,0, , , ,0, , , , , , , , , ,2,1,0,0,0,0,1,0,0,0,0,0,0,0,0,0,0,0,0,0,0,0,0,1,0,0,0,0,0,0,0,0,0,0,0,0,0,39.886,-75.2433, , 
15366,167743,2016050878,6,67,67301,2016,5,6,1040,10,1,8,1,8,1, , ,N,1,2,0,3,0,1,2,2,N,N,40 02:17.558,75 11:24.246,1046, ,1041, ,0, ,N, ,3, , , , , , , , , ,1,1,0,0,0,0,0,0,0,0,0,0,1,1,0,0,0,0,0,0,0,0,0,0,0,0,0,0,0,0,0,0,1,0,0,8,0,40.0382,-75.1901, , 
15367,167745,2016052388,6,67,67301,2016,5,4,1950,19,2,2,1,7,4, , ,N,0,0,0,3,0,1,1,1,N,N,39 59:46.225,75 12:06.696,1951, ,1947,1,2,3,Y, ,0,Y, , , , , , , , ,1,0,0,0,0,0,0,1,0,0,1,0,1,0,0,0,0,0,0,0,0,0,0,0,0,0,0,0,0,0,0,0,0,0,0,3,0,39.9962,-75.2019, , 
15368,167784,2016040874,6,67,67301,2016,4,5,1045,10,1,2,1,4,1, , ,N,1,2,0,3,0,1,3,3,N, ,39 59:57.210,75 04:30.773,1052, ,1049, ,0, , , ,3, , , , , , , , , ,3,2,0,0,0,0,0,1,0,0,0,0,1,1,0,0,0,0,0,0,1,0,1,2,0,0,0,0,0,0,0,0,0,0,0,8,0,39.9992,-75.0752, , 
15369,167807,2016012463,6,67,67301,2016,1,3,1710,17,2,1,0,1,1, , ,N,0,0,0,3,0,0,6,5,N,N,40 04:36.645,75 01:16.646,1719, ,1713,3,2,4,N, ,0,N, , , , , , , , ,5,3,0,0,0,0,2,0,0,0,0,0,0,0,0,0,0,0,0,0,0,1,0,0,0,0,0,0,0,0,0,0,0,0,0,0,0,40.0768,-75.0213, , 
15370,167816,2016022458,6,67,67301,2016,2,1,50,0,3,1,0,5,6, , ,N,0,0,0,3,0,0,1,3,N,N,39 56:41.998,75 09:00.167,58, ,54, ,0, ,N, ,0, , , , , , , , , ,3,2,0,0,0,0,1,0,0,0,0,0,0,0,0,0,0,0,0,0,0,0,0,0,0,0,0,0,0,0,0,0,0,0,0,0,0,39.945,-75.15, , 
15371,167828,2016041407,6,67,67301,2016,4,7,2240,22,3,1,0,4,1, , ,N,1,2,0,3,0,2,2,2,N,N,39 54:19.871,75 10:26.843,2305, ,2245, ,0, ,N, ,3, , , , , , , , , ,2,2,0,0,0,0,0,0,0,0,0,2,2,0,0,0,0,0,0,0,0,0,0,0,0,0,0,0,0,0,0,0,0,0,0,4,0,39.9055,-75.1741, , 
15372,167831,2016044549,6,67,67301,2016,4,7,9999,99,1,4,1,4,1, , ,N,2,3,0,3,0,2,6,2,N, ,39 55:58.300,75 13:47.298,9999, ,1634, ,0, , , ,3, , , , , , , , , ,2,1,0,0,0,0,1,0,0,0,0,0,2,2,0,0,0,0,0,0,1,0,0,0,0,0,0,0,0,0,0,0,0,0,0,8,0,39.9329,-75.2298, , 
15373,167838,2016053784,6,67,67301,2016,5,5,1025,10,1,1,0,1,1, , ,N,1,2,0,3,0,1,3,3,N, ,40 01:43.697,75 05:23.235,1030, ,1025,1,1,1,N, ,3,N, , , , , , , , ,3,2,0,0,0,0,1,0,0,0,0,1,1,0,0,0,0,0,0,0,0,0,0,0,0,0,0,0,0,0,0,0,0,0,0,4,0,40.0288,-75.0898, , 
15374,167856,2016013705,6,67,67301,2016,1,6,1700,17,3,1,0,4,1, , ,N,0,0,7,3,0,5,6,2,N,N,40 00:28.202,75 10:21.726,1722, ,1710, ,0, , , ,0, , , , , , , , , ,2,1,0,0,0,0,0,1,0,0,0,5,5,0,0,0,0,0,0,0,0,0,0,0,0,0,0,0,0,0,0,0,0,0,0,4,0,40.0078,-75.1727, , 
15375,167873,2016029866,6,67,67301,2016,2,2,720,7,1,1,0,4,1, , ,N,0,0,7,3,0,0,3,2,N,N,40 01:36.656,75 10:49.767,740, ,730,2,2,6,N, ,0,N, , , , , , , , ,2,2,0,0,0,0,0,0,0,0,0,0,0,0,0,0,0,1,0,0,0,0,0,0,0,0,0,0,0,0,0,0,0,0,0,0,0,40.0268,-75.1805, , 
15376,167879,2016036421,6,67,67301,2016,3,7,309,3,3,1,0,5,6, , ,N,0,0,0,3,0,0,1,2,N,N,39 58:36.024,75 08:37.004,335, ,331, ,0, ,N, ,0, , , , , , , , , ,2,1,0,0,0,0,1,0,0,0,0,0,0,0,0,0,0,0,0,0,1,0,0,0,0,0,0,0,0,0,0,0,0,0,0,0,0,39.9767,-75.1436, , 
15377,167887,2016042339,6,67,67301,2016,4,2,1650,16,1,1,0,1,1, , ,N,1,2,0,3,0,0,3,3,N,N,40 00:33.277,75 09:04.079,1700, ,1654, ,0, ,N, ,3, , , , , , , , , ,3,3,0,0,0,0,0,0,0,0,0,0,0,0,0,0,0,0,1,0,1,0,0,1,0,0,0,0,0,0,0,0,0,0,0,0,0,40.0092,-75.1511, , 
15378,167888,2016043704,6,67,67301,2016,3,4,1934,19,3,1,0,4,1, , ,N,1,2,0,3,0,1,2,2,N, ,40 01:28.408,75 07:50.218,1940, ,1934, ,0, , , ,3, , , , , , , , , ,1,0,0,0,0,0,1,0,1,0,0,1,1,0,0,0,0,0,0,0,0,1,0,0,0,0,0,0,0,0,0,0,0,0,0,4,0,40.0246,-75.1306, , 