objectid_1,objectid,crn,district,county,municipality,crash_year,crash_month,day_of_week,time_of_day,hour_of_day,illumination,weather,road_condition,collision_type,relation_to_road,work_zone_type,work_zone_loc,work_zone_ind,intersect_type,tcd_type,location_type,urban_rural,fatal_count,injury_count,person_count,total_units,sch_bus_ind,sch_zone_ind,latitude,longitude,arrival_tm,cons_zone_spd_lim,dispatch_tm,est_hrs_closed,lane_closed,ln_close_dir,ntfy_hiwy_maint,spec_juris_cd,tcd_func_cd,tfc_detour_ind,workers_pres,wz_close_detour,wz_flagger,wz_law_offcr_ind,wz_ln_closure,wz_moving,wz_other,wz_shlder_mdn,vehicle_count,automobile_count,motorcycle_count,bus_count,small_truck_count,heavy_truck_count,suv_count,van_count,bicycle_count,maj_inj_count,mod_inj_count,min_inj_count,tot_inj_count,unk_inj_deg_count,unk_inj_per_count,driver_count_16yr,driver_count_17yr,driver_count_18yr,driver_count_19yr,driver_count_20yr,driver_count_50_64yr,driver_count_65_74yr,driver_count_75plus,unbelted_occ_count,unb_death_count,unb_maj_inj_count,belted_death_count,belted_maj_inj_count,mcycle_death_count,mcycle_maj_inj_count,bicycle_death_count,bicycle_maj_inj_count,ped_count,ped_death_count,ped_maj_inj_count,max_severity_level,comm_veh_count,dec_lat,dec_long,rdwy_surf_type_cd,county_name
15379,157951,2016056068,6,67,67301,2016,5,7,1805,18,1,2,1,1,1, , ,N,2,2,0,3,0,1,2,2,N, ,40 02:21.794,75 03:37.017,1821, ,1813, ,0, , , ,3, , , , , , , , , ,2,1,0,0,1,0,0,0,0,0,0,1,1,0,0,0,0,0,0,0,1,0,0,0,0,0,0,0,0,0,0,0,0,0,0,4,0,40.0394,-75.0603, , 
15380,157957,2016065633,6,67,67301,2016,6,1,1609,16,1,1,0,7,4, , ,N,1,2,0,3,0,1,1,1,N, ,40 00:24.065,75 07:09.565,1621, ,1611, ,0, , , ,3, , , , , , , , , ,1,1,0,0,0,0,0,0,0,1,0,0,1,0,0,0,0,0,0,0,0,0,0,0,0,0,0,0,0,0,0,0,0,0,0,2,0,40.0067,-75.1193, , 
15381,157958,2016065767,6,67,67301,2016,6,4,703,7,1,1,0,7,7,1,4,Y,0,0,0,3,0,0,1,1,N,N,39 58:02.529,75 07:56.449,703,45,703,3,2,1, , ,0,Y,N,N,N,N,Y,N,N,N,1,0,0,0,0,1,0,0,0,0,0,0,0,0,0,0,0,0,0,0,0,0,0,0,0,0,0,0,0,0,0,0,0,0,0,0,1,39.9674,-75.1323, , 
15382,157970,2016019337,6,67,67301,2016,2,7,1625,16,1,1,0,1,1, , ,N,0,0,0,3,0,1,3,2,N,N,39 53:44.779,75 11:33.779,1633, ,1630, ,0, , , ,0, , , , , , , , , ,2,1,0,0,0,0,1,0,0,0,0,1,1,0,0,0,1,0,0,0,0,1,0,0,0,0,0,0,0,0,0,0,0,0,0,4,0,39.8958,-75.1927, , 
15383,157980,2016031441,6,67,67301,2016,3,7,117,1,3,1,0,1,1, , ,N,0,0,0,3,0,3,5,3,N,N,40 03:10.414,74 59:13.948,123, ,118,3,1,5, , ,0,N, , , , , , , , ,3,0,0,0,0,1,2,0,0,1,0,0,3,2,0,0,0,0,0,0,0,0,0,0,0,0,0,1,0,0,0,0,0,0,0,2,1,40.0529,-74.9872, , 
15384,157983,2016033843,6,67,67301,2016,3,4,1500,15,1,1,0,8,1, , ,N,0,0,0,3,0,1,2,2,N, ,39 59:43.764,75 08:29.644,1524, ,1517,2,2,2, , ,0,Y, , , , , , , , ,1,1,0,0,0,0,0,0,0,0,0,1,1,0,0,0,0,0,0,0,0,0,0,0,0,0,0,0,0,0,0,0,1,0,0,4,0,39.9955,-75.1416, , 
15385,157999,2016050336,6,67,67301,2016,4,7,1403,14,1,4,1,7,4, , ,N,0,0,0,3,0,0,1,1,N,N,39 53:12.522,75 12:20.333,1440, ,1426,2,1,2, , ,0,N, , , , , , , , ,1,1,0,0,0,0,0,0,0,0,0,0,0,0,0,0,0,0,0,0,1,0,0,0,0,0,0,0,0,0,0,0,0,0,0,0,0,39.8868,-75.2056, , 
15386,158006,2016065655,6,67,67301,2016,6,2,1529,15,1,1,0,4,1, , ,N,1,2,0,3,0,1,2,2,N,N,39 57:16.485,75 13:33.593,1545, ,1540,1,1,4,N, ,3,N, , , , , , , , ,1,0,0,0,0,0,1,0,1,0,0,1,1,0,0,0,0,0,0,0,1,0,0,0,0,0,0,0,0,0,0,0,0,0,0,4,0,39.9546,-75.226, , 
15387,158023,2016013842,6,67,67301,2016,1,5,1140,11,1,1,0,4,1, , ,N,1,2,0,3,0,3,4,2,N,N,40 02:13.851,75 07:25.305,1246, ,1245, ,0, ,N, ,3, , , , , , , , , ,2,2,0,0,0,0,0,0,0,0,0,3,3,0,0,0,0,0,0,0,0,0,1,0,0,0,0,0,0,0,0,0,0,0,0,4,0,40.0372,-75.1237, , 
15388,158037,2016029855,6,67,67301,2016,3,3,308,3,3,1,0,9,1, , ,N,0,0,7,3,0,0,1,1,N, ,39 54:21.460,75 10:39.210,310, ,310,9,1,3, , ,0,N, , , , , , , , ,1,1,0,0,0,0,0,0,0,0,0,0,0,0,0,0,0,0,0,0,1,0,0,0,0,0,0,0,0,0,0,0,0,0,0,0,0,39.906,-75.1776, , 
15389,158044,2016033963,6,67,67301,2016,3,2,229,2,3,2,1,1,1, , ,N,0,0,0,3,0,0,2,2,N,N,39 57:36.781,75 10:50.191,229, ,229,1,2,4, , ,0,N, , , , , , , , ,2,2,0,0,0,0,0,0,0,0,0,0,0,0,0,0,0,0,0,0,0,1,0,0,0,0,0,0,0,0,0,0,0,0,0,0,0,39.9602,-75.1806, , 
15390,158065,2016014501,6,67,67301,2016,1,5,1751,17,2,1,0,5,1, , ,N,6,0,0,3,0,0,2,2,N,N,39 57:24.872,75 09:13.565,1827, ,1754, ,0, , , ,0, , , , , , , , , ,2,1,0,0,0,0,0,0,0,0,0,0,0,0,1,0,0,0,0,0,0,0,0,0,0,0,0,0,0,0,0,0,0,0,0,9,0,39.9569,-75.1538, , 
15391,158076,2016030058,6,67,67301,2016,3,6,2330,23,3,1,0,4,1, , ,N,1,2,0,3,0,1,3,3,N,N,39 57:18.608,75 11:54.435,2334, ,2334, ,0, ,N, ,3, , , , , , , , , ,3,2,0,0,0,0,1,0,0,0,0,1,1,0,0,0,0,0,0,0,0,0,0,0,0,0,0,0,0,0,0,0,0,0,0,4,0,39.9552,-75.1983, , 
15392,158094,2016048554,6,67,67301,2016,4,2,1332,13,1,1,0,8,1, , ,N,1,3,0,3,0,1,2,2,N, ,40 02:35.934,75 08:49.534,1333, ,1332, ,0, ,N, ,3, , , , , , , , , ,1,1,0,0,0,0,0,0,0,0,1,0,1,0,0,0,0,0,0,0,0,0,0,1,0,0,0,0,0,0,0,0,1,0,0,3,0,40.0433,-75.1471, , 
15393,158095,2016053745,6,67,67301,2016,5,2,743,7,1,1,0,8,1, , ,N,1,3,0,3,0,1,2,2,N,N,40 01:33.686,75 08:05.272,748, ,743, ,0, ,N, ,3, , , , , , , , , ,1,1,0,0,0,0,0,0,0,0,0,0,1,1,0,0,0,0,0,0,1,0,0,0,0,0,0,0,0,0,0,0,1,0,0,8,0,40.026,-75.1348, , 
15394,158119,2016061750,6,67,67301,2016,6,5,1417,14,1,1,0,4,1,1,4,Y,0,0,0,3,0,2,3,2,N,N,40 01:31.439,75 01:42.546,1443,45,1427,2,1,1, , ,0,N,Y,N,N,N,N,N,N,Y,2,2,0,0,0,0,0,0,0,0,0,0,2,2,0,0,0,0,0,0,0,0,0,2,0,0,0,0,0,0,0,0,0,0,0,8,0,40.0254,-75.0285, , 
15395,158122,2016063943,6,67,67301,2016,6,3,9999,99,1,1,0,4,1, , ,N,0,0,7,3,0,1,5,2,N, ,39 54:20.194,75 10:31.085,638, ,630, ,0, , , ,0, , , , , , , , , ,2,2,0,0,0,0,0,0,0,0,0,0,1,1,0,0,0,0,0,0,0,0,0,0,0,0,0,0,0,0,0,0,0,0,0,8,0,39.9056,-75.1753, , 
15396,158131,2016070635,6,67,67301,2016,6,2,230,2,3,1,0,5,6, , ,N,0,0,0,3,0,1,1,3,N,N,39 55:00.896,75 10:17.825,9999, ,9999, ,0, ,N, ,0, , , , , , , , , ,3,0,0,0,0,0,2,1,0,0,0,0,1,1,0,0,0,0,0,0,0,0,0,0,0,0,0,0,0,0,0,0,0,0,0,8,0,39.9169,-75.1716, , 
15397,160982,2016040532,6,67,67301,2016,4,6,1223,12,1,1,0,8,1, , ,N,1,2,0,3,0,1,2,2,N,N,40 02:08.965,75 10:29.000,1228, ,1225, ,0, ,N, ,3, , , , , , , , , ,1,0,0,0,0,0,1,0,0,0,0,0,1,1,0,0,0,0,0,0,1,0,0,0,0,0,0,0,0,0,0,0,1,0,0,8,0,40.0358,-75.1747, , 
15398,160995,2016007506,6,67,67301,2016,1,6,2048,20,3,1,0,4,1, , ,N,1,3,0,3,0,1,3,2,N,N,40 03:54.470,75 11:08.773,2055, ,2051,9,1,4,N, ,3,N, , , , , , , , ,2,0,0,0,0,0,2,0,0,0,0,0,1,1,2,0,0,0,0,0,0,1,0,0,0,0,0,0,0,0,0,0,0,0,0,8,0,40.0651,-75.1858, , 
15399,160996,2016008632,6,67,67301,2016,1,5,1540,15,1,1,0,6,6, , ,N,0,0,0,3,0,0,1,3,N,N,40 02:31.913,75 10:35.935,1734, ,1544, ,0, ,N, ,0, , , , , , , , , ,3,2,0,0,0,0,1,0,0,0,0,0,0,0,0,0,0,0,0,0,0,0,0,1,0,0,0,0,0,0,0,0,0,0,0,0,0,40.0422,-75.1766, , 
15400,161009,2016019843,6,67,67301,2016,2,5,2335,23,2,2,1,5,1, , ,N,0,0,0,3,0,0,2,2,N, ,39 58:50.862,75 12:26.990,2350, ,2341, ,0, , , ,0, , , , , , , , , ,2,1,0,0,0,0,1,0,0,0,0,0,0,0,1,0,0,0,0,0,0,0,0,0,0,0,0,0,0,0,0,0,0,0,0,9,0,39.9808,-75.2075, , 
15401,161023,2016033832,6,67,67301,2016,3,3,356,3,3,2,1,7,4, , ,N,1,2,0,3,0,0,1,1,N, ,39 58:08.111,75 08:10.324,400, ,356,2,1,3, , ,3,N, , , , , , , , ,1,1,0,0,0,0,0,0,0,0,0,0,0,0,0,0,0,0,0,0,0,0,0,0,0,0,0,0,0,0,0,0,0,0,0,0,0,39.9688,-75.1362, , 
15402,161024,2016033917,6,67,67301,2016,3,7,1355,13,1,1,0,1,1, , ,N,0,2,0,3,0,1,3,2,N, ,39 57:36.744,75 11:26.181,9999, ,9999, ,0, , , ,3, , , , , , , , , ,2,1,0,0,0,0,1,0,0,0,0,1,1,0,1,0,0,0,0,0,0,0,0,0,0,0,0,0,0,0,0,0,0,0,0,4,0,39.9602,-75.1906, , 
15403,161027,2016036485,6,67,67301,2016,3,7,2258,22,3,1,0,1,1, , ,N,0,0,0,3,0,1,2,2,N,N,40 02:59.401,75 03:03.585,2337, ,2258, ,0, ,N, ,0, , , , , , , , , ,2,2,0,0,0,0,0,0,0,0,0,0,1,1,0,0,0,0,0,0,0,1,0,0,0,0,0,0,0,0,0,0,0,0,0,8,0,40.0498,-75.051, , 
15404,161033,2016041426,6,67,67301,2016,3,7,840,8,1,1,0,4,1, , ,N,0,0,7,3,0,1,2,2,N, ,40 02:39.044,75 13:44.824,850, ,844,2,2,5, , ,0,Y, , , , , , , , ,2,1,0,0,0,0,1,0,0,0,0,0,1,1,0,0,0,0,0,0,0,1,0,2,0,0,0,0,0,0,0,0,0,0,0,8,0,40.0442,-75.2291, , 
15405,161036,2016042484,6,67,67301,2016,4,5,2250,22,3,1,0,1,1, , ,N,0,0,2,3,0,0,2,2,N,N,40 00:06.752,75 04:44.232,2302, ,2252, ,0, , , ,0, , , , , , , , , ,2,1,0,0,0,0,0,1,0,0,0,0,0,0,0,0,0,0,0,0,1,0,0,0,0,0,0,0,0,0,0,0,0,0,0,0,0,40.0019,-75.079, , 
15406,161039,2016047808,6,67,67301,2016,4,1,1633,16,1,1,0,8,1, , ,N,0,0,0,3,0,1,2,2,N,N,40 02:08.354,75 10:28.256,1715, ,1700, ,0, ,N, ,0, , , , , , , , , ,1,0,0,0,0,1,0,0,0,0,0,1,1,0,1,0,0,0,0,0,0,0,0,0,0,0,0,0,0,0,0,0,1,0,0,4,1,40.0357,-75.1745, , 
15407,161054,2016016135,6,67,67301,2016,1,4,2026,20,2,1,6,6,1, , ,N,0,0,0,3,0,2,5,4,N,N,39 59:09.376,75 12:36.883,2040, ,2026,3,2,6, , ,0,Y, , , , , , , , ,4,2,0,0,0,0,2,0,0,0,2,0,2,0,0,0,0,0,0,0,1,1,0,0,0,0,0,0,0,0,0,0,0,0,0,3,0,39.9859,-75.2102, , 
15408,161060,2016021273,6,67,67301,2016,2,4,720,7,1,1,0,1,1, , ,N,0,0,0,3,0,1,3,3,N,N,39 58:07.019,75 07:43.649,732, ,723,2,1,1, , ,0,N, , , , , , , , ,3,1,0,0,0,0,2,0,0,0,1,0,1,0,0,0,0,0,0,0,0,0,0,0,0,0,0,0,0,0,0,0,0,0,0,3,0,39.9686,-75.1288, , 
15409,161115,2016019910,6,67,67301,2016,1,7,1111,11,1,8,8,4,1, , ,N,1,2,0,3,0,4,4,2,N,N,39 59:25.969,75 10:07.229,1123, ,1111, ,0, , , ,2, , , , , , , , , ,2,2,0,0,0,0,0,0,0,0,0,0,4,4,0,0,0,0,0,0,0,0,0,0,0,0,0,0,0,0,0,0,0,0,0,8,0,39.9905,-75.1687, , 
15410,161116,2016019912,6,67,67301,2016,2,7,1226,12,1,1,0,4,1, , ,N,2,3,0,3,0,0,4,2,N,N,40 03:25.660,75 04:17.727,1240, ,1229,1,2,1,N, ,3,Y, , , , , , , , ,2,1,0,0,1,0,0,0,0,0,0,0,0,0,0,0,0,0,0,1,0,0,0,2,0,0,0,0,0,0,0,0,0,0,0,0,0,40.0571,-75.0716, , 
15411,161130,2016036468,6,46,46104,2016,3,6,330,3,3,1,0,1,1, , ,N,2,2,0,3,0,0,3,3,N,N,39 59:22.038,75 15:05.086,339, ,334, ,0, ,N, ,3, , , , , , , , , ,3,3,0,0,0,0,0,0,0,0,0,0,0,0,0,0,0,0,0,1,0,0,0,0,0,0,0,0,0,0,0,0,0,0,0,0,0,39.9895,-75.2514, , 
15412,161135,2016039141,6,67,67301,2016,4,7,1619,16,1,1,0,1,1, , ,N,0,0,0,3,0,0,7,3,N,N,40 05:03.620,75 12:31.326,1629, ,1623,1,1,1,N, ,0,N, , , , , , , , ,3,2,0,0,0,0,1,0,0,0,0,0,0,0,0,0,0,0,0,1,0,0,0,0,0,0,0,0,0,0,0,0,0,0,0,0,0,40.0843,-75.2087, , 
15413,161138,2016044526,6,67,67301,2016,4,7,10,0,3,1,0,4,1, , ,N,1,2,0,3,0,3,5,2,N,N,40 02:35.289,75 10:02.002,30, ,26, ,0, , , ,3, , , , , , , , , ,2,2,0,0,0,0,0,0,0,0,0,3,3,0,0,0,0,0,0,0,0,0,0,0,0,0,0,0,0,0,0,0,0,0,0,4,0,40.0431,-75.1672, , 
15414,161141,2016053949,6,67,67301,2016,5,5,1911,19,1,1,0,5,1, , ,N,0,0,0,3,0,1,2,2,N,N,39 57:01.527,75 11:32.197,2004, ,2003, ,0, ,N, ,0, , , , , , , , , ,1,0,0,0,0,0,0,0,1,0,0,1,1,0,1,0,0,0,0,0,0,0,0,0,0,0,0,0,0,0,0,0,0,0,0,4,0,39.9504,-75.1923, , 
15415,164626,2016019893,6,67,67301,2016,2,4,925,9,1,2,1,4,1, , ,N,1,3,0,3,0,1,3,2,N,N,39 58:36.451,75 09:16.019,928, ,927,1,1,4,N, ,3,N, , , , , , , , ,2,2,0,0,0,0,0,0,0,0,0,1,1,0,0,0,0,1,0,0,0,0,0,0,0,0,0,0,0,0,0,0,0,0,0,4,0,39.9768,-75.1544, , 
15416,164635,2016025987,6,67,67301,2016,2,4,1815,18,3,2,1,6,1, , ,N,0,0,0,3,0,1,2,3,N,N,39 57:17.327,75 13:11.616,1820, ,1817, ,0, ,N, ,0, , , , , , , , , ,2,0,0,0,0,0,1,0,0,0,0,0,1,1,0,0,0,0,0,0,0,0,0,0,0,0,0,0,0,0,0,0,1,0,0,8,0,39.9548,-75.2199, , 
15417,164637,2016028835,6,67,67301,2016,3,1,100,1,3,1,0,7,3, , ,N,0,0,0,3,0,0,4,2,N,N,39 58:57.716,75 12:28.672,100, ,100,1,2,3, , ,0,N, , , , , , , , ,1,0,0,0,0,0,1,0,0,0,0,0,0,0,0,0,0,0,0,0,0,0,0,2,0,0,0,0,0,0,0,0,0,0,0,0,0,39.9827,-75.208, , 
15418,164643,2016033857,6,67,67301,2016,3,3,1722,17,1,1,0,8,1, , ,N,1,0,0,3,0,1,2,2,N,N,39 57:05.212,75 14:05.600,1724, ,1722, ,0, ,N, ,0, , , , , , , , , ,1,1,0,0,0,0,0,0,0,0,0,1,1,0,0,0,0,0,0,0,0,0,0,1,0,0,0,0,0,0,0,0,1,0,0,4,0,39.9514,-75.2349, , 
15419,164657,2016048533,6,67,67301,2016,4,5,806,8,1,1,0,2,1, , ,N,3,3,0,3,0,2,3,2,N,N,39 59:54.842,75 11:37.054,810, ,808,3,2,1,N, ,3,Y, , , , , , , , ,2,1,0,0,0,0,0,1,0,0,0,2,2,0,0,0,0,0,0,0,1,0,0,0,0,0,0,0,0,0,0,0,0,0,0,4,0,39.9986,-75.1936, , 
15420,164672,2016013837,6,67,67301,2016,1,5,1325,13,1,1,0,1,6, , ,N,0,0,0,3,0,1,1,3,N,N,39 59:35.880,75 05:11.454,1703, ,1703, ,0, ,N, ,0, , , , , , , , , ,3,3,0,0,0,0,0,0,0,0,0,1,1,0,0,0,0,0,0,0,0,1,0,0,0,0,0,0,0,0,0,0,0,0,0,4,0,39.9933,-75.0865, , 
15421,164681,2016029004,6,67,67301,2016,3,7,1500,15,1,1,0,8,1, , ,N,0,0,0,3,0,1,2,2,N,N,39 59:01.988,75 09:50.900,1845, ,1840, ,0, , , ,0, , , , , , , , , ,1,0,0,0,0,0,0,0,0,0,0,0,1,1,1,0,0,0,0,0,0,0,0,0,0,0,0,0,0,0,0,0,1,0,0,8,0,39.9839,-75.1641, , 
15422,164703,2016048520,6,67,67301,2016,4,2,1425,14,1,1,0,1,1, , ,N,1,2,0,3,0,4,5,3,N,N,40 01:49.177,75 07:54.609,1440, ,1440,3,2,5, , ,3,Y, , , , , , , , ,3,2,0,0,0,0,1,0,0,0,0,0,4,4,0,0,0,0,0,0,0,0,0,0,0,0,0,0,0,0,0,0,0,0,0,8,0,40.0303,-75.1318, , 
15423,164717,2016016583,6,67,67301,2016,2,2,830,8,1,1,1,8,1, , ,N,0,0,0,3,0,1,2,2,N,N,39 59:52.170,75 06:59.590,1026, ,1026, ,0, ,N, ,0, , , , , , , , , ,1,0,0,0,0,0,0,1,0,0,0,1,1,0,0,0,0,0,0,0,0,0,0,1,0,0,0,0,0,0,0,0,1,0,0,4,0,39.9978,-75.1166, , 
15424,164742,2016041020,6,67,67301,2016,4,1,250,2,3,1,0,5,6, , ,N,0,0,0,3,0,1,1,3,N, ,40 01:06.919,75 07:34.399,320, ,317, ,0, , , ,0, , , , , , , , , ,3,1,0,0,0,1,1,0,0,0,0,1,1,0,0,0,0,0,0,0,0,0,0,0,0,0,0,0,0,0,0,0,0,0,0,4,1,40.0186,-75.1262, , 
15425,164750,2016048588,6,67,67301,2016,4,7,1642,16,1,1,0,4,1, , ,N,1,2,0,3,0,1,3,2,N,N,39 59:29.209,75 08:05.493,1655, ,1642, ,0, ,N, ,3, , , , , , , , , ,2,1,0,0,0,0,0,1,0,0,0,1,1,0,0,0,0,0,0,1,0,0,0,0,0,0,0,0,0,0,0,0,0,0,0,4,0,39.9913,-75.1349, , 
15426,164751,2016052195,6,67,67301,2016,2,1,830,8,1,1,0,4,1, , ,N,1,3,0,3,0,1,2,2, , ,39 56:10.582,75 11:37.939,0, ,0, ,0, , , ,3, , , , , , , , , ,2,2,0,0,0,0,0,0,0,0,1,0,1,0,1,0,0,0,0,0,1,0,0,1,0,0,0,0,0,0,0,0,0,0,0,3,0,39.9363,-75.1939, , 
15427,164752,2016052343,6,67,67301,2016,5,3,1245,12,1,2,1,8,1, , ,N,2,0,0,3,0,1,2,2,N,N,40 03:48.186,75 09:09.266,1310, ,1302, ,0, ,N, ,0, , , , , , , , , ,1,1,0,0,0,0,0,0,0,0,0,1,1,0,0,0,0,0,0,0,0,0,0,1,0,0,0,0,0,0,0,0,1,0,0,4,0,40.0634,-75.1526, , 
15428,164754,2016056078,6,67,67301,2016,5,1,1100,11,1,1,0,4,1, , ,N,1,2,0,3,0,1,2,2,N,N,40 00:03.507,75 08:53.118,1116, ,1110, ,0, , , ,3, , , , , , , , , ,2,1,0,0,0,0,1,0,0,0,0,0,1,1,0,0,0,0,1,0,0,0,0,1,0,0,0,0,0,0,0,0,0,0,0,8,0,40.001,-75.1481, , 
15429,164771,2016017049,6,67,67301,2016,1,5,525,5,5,1,0,4,1, , ,N,2,2,0,3,0,1,2,2,N,N,40 06:08.902,74 58:55.293,537, ,530, ,0, , , ,3, , , , , , , , , ,2,0,0,0,2,0,0,0,0,0,0,0,1,1,0,0,0,0,0,0,1,0,0,0,0,0,0,0,0,0,0,0,0,0,0,8,0,40.1025,-74.982, , 
15430,164785,2016032032,6,67,67301,2016,3,3,1110,11,1,1,0,7,4, , ,N,0,0,0,3,0,0,2,1,N,N,39 59:31.678,75 06:21.920,1110, ,1110, ,0, ,N, ,0, , , , , , , , , ,1,1,0,0,0,0,0,0,0,0,0,0,0,0,0,0,0,0,0,0,0,0,0,2,0,0,0,0,0,0,0,0,0,0,0,0,0,39.9921,-75.1061, , 
15431,164787,2016034142,6,67,67301,2016,4,6,742,7,1,8,1,6,1, , ,N,0,0,0,3,0,3,4,4,N,N,39 59:29.873,75 11:44.671,745, ,742,2,1,5,N, ,0,N, , , , , , , , ,4,2,0,0,0,0,2,0,0,0,2,0,3,1,0,0,0,0,0,0,1,1,0,0,0,0,0,0,0,0,0,0,0,0,0,3,0,39.9916,-75.1957, , 
15432,164800,2016053266,6,67,67301,2016,5,3,1840,18,1,1,0,8,1, , ,N,2,3,0,3,0,1,2,2,N,N,39 58:39.900,75 13:35.268,1850, ,1846, ,0, ,N, ,3, , , , , , , , , ,1,1,0,0,0,0,0,0,0,0,0,0,1,1,1,0,0,0,0,0,0,0,0,0,0,0,0,0,0,0,0,0,1,0,0,8,0,39.9777,-75.2264, , 
15433,167038,2016016578,6,67,67301,2016,1,1,1510,15,1,1,0,1,1, , ,N,1,2,0,3,0,1,7,2,N,N,39 54:42.724,75 10:21.917,1525, ,1516, ,0, ,N, ,3, , , , , , , , , ,2,2,0,0,0,0,0,0,0,0,0,1,1,0,0,0,0,0,0,0,1,0,0,0,0,0,0,0,0,0,0,0,0,0,0,4,0,39.9119,-75.1728, , 
15434,167049,2016031067,6,67,67301,2016,3,4,1545,15,1,1,0,7,4, , ,N,0,0,0,3,0,1,2,2,N,N,40 04:32.965,75 10:36.951,1618, ,1614, ,0, ,N, ,0, , , , , , , , , ,2,2,0,0,0,0,0,0,0,0,0,0,1,1,0,0,0,0,0,0,2,0,0,0,0,0,0,0,0,0,0,0,0,0,0,8,0,40.0758,-75.1769, , 
15435,167066,2016046991,6,67,67301,2016,4,6,714,7,1,1,0,8,1, , ,N,1,2,0,3,0,1,2,2,N, ,40 02:43.041,75 03:38.484,731, ,727, ,0, , , ,3, , , , , , , , , ,1,0,0,0,0,0,1,0,0,0,1,0,1,0,0,0,0,0,0,0,0,1,0,0,0,0,0,0,0,0,0,0,1,0,0,3,0,40.0453,-75.0607, , 
15436,167070,2016054161,6,67,67301,2016,5,4,1735,17,1,1,0,1,1, , ,N,0,0,0,3,0,1,2,2,N,N,40 04:10.801,75 03:34.005,1740, ,1735,1,1,1, , ,0,N, , , , , , , , ,2,1,0,0,0,0,1,0,0,0,0,0,1,1,0,0,0,0,0,0,0,1,0,0,0,0,0,0,0,0,0,0,0,0,0,8,0,40.0697,-75.0594, , 
15437,167097,2016085988,6,67,67301,2016,8,5,1105,11,1,1,0,4,1, , ,N,0,0,0,3,0,0,3,3,N,N,39 53:34.860,75 13:41.800,1114, ,1105, ,0, , , ,0, , , , , , , , , ,3,3,0,0,0,0,0,0,0,0,0,0,0,0,0,0,0,0,0,0,1,0,0,0,0,0,0,0,0,0,0,0,0,0,0,0,0,39.893,-75.2283, , 
15438,167104,2016082260,6,67,67301,2016,7,7,1225,12,1,1,0,4,1, , ,N,1,2,0,3,0,0,3,2,N, ,39 56:51.180,75 09:33.213,1225, ,1225,2,1,1, , ,3,N, , , , , , , , ,2,1,0,0,0,0,1,0,0,0,0,0,0,0,0,0,0,0,0,0,1,0,0,0,0,0,0,0,0,0,0,0,0,0,0,0,0,39.9476,-75.1592, , 
15439,167112,2016097055,6,67,67301,2016,8,1,2200,22,3,1,0,4,1, , ,N,1,3,0,3,0,1,2,2,N,N,39 57:32.256,75 14:07.331,2205, ,2202, ,0, ,N, ,3, , , , , , , , , ,2,1,0,0,0,0,1,0,0,0,0,0,1,1,1,0,0,0,0,0,0,0,0,0,0,0,0,0,0,0,0,0,0,0,0,8,0,39.959,-75.2354, , 
15440,167119,2016107252,6,67,67301,2016,10,5,1625,16,1,1,0,1,1, , ,N,0,0,0,3,0,0,3,3,N,N,39 55:47.585,75 08:45.343,1654, ,1648, ,0, , , ,0, , , , , , , , , ,3,3,0,0,0,0,0,0,0,0,0,0,0,0,0,0,0,0,0,0,0,0,0,0,0,0,0,0,0,0,0,0,0,0,0,0,0,39.9299,-75.1459, , 
15441,167124,2016007876,6,67,67301,2016,1,7,353,3,3,2,1,7,2, , ,N,0,0,0,3,0,2,2,1,N,N,39 57:38.792,75 10:54.163,355, ,353,1,2,4, , ,0,Y, , , , , , , , ,1,1,0,0,0,0,0,0,0,0,0,2,2,0,0,0,0,0,0,0,0,0,0,0,0,0,0,0,0,0,0,0,0,0,0,4,0,39.9608,-75.1817, , 
15442,167145,2016040887,6,67,67301,2016,4,1,1329,13,1,1,0,7,5, , ,N,0,0,0,3,0,1,1,1,N,N,39 59:51.135,75 13:08.165,1336, ,1335, ,0, ,N, ,0, , , , , , , , , ,1,1,0,0,0,0,0,0,0,0,0,0,1,1,0,0,0,0,0,0,0,1,0,0,0,0,0,0,0,0,0,0,0,0,0,8,0,39.9975,-75.2189, , 
15443,167146,2016040915,6,67,67301,2016,3,5,759,7,1,1,0,4,1, , ,N,1,2,0,3,0,1,2,2,N,N,40 00:43.064,75 10:33.675,819, ,818, ,0, ,N, ,3, , , , , , , , , ,2,1,0,0,0,0,0,1,0,0,0,1,1,0,0,0,0,0,0,0,0,0,0,0,0,0,0,0,0,0,0,0,0,0,0,4,0,40.012,-75.176, , 
15444,167147,2016040982,6,67,67301,2016,4,7,2144,21,3,2,1,4,1, , ,N,1,3,0,3,0,1,4,2,N,N,40 01:52.664,75 03:58.343,2244, ,2244,3,1,3,N, ,3,N, , , , , , , , ,2,1,0,0,0,0,1,0,0,0,0,1,1,0,0,0,0,0,0,0,0,0,0,0,0,0,0,0,0,0,0,0,0,0,0,4,0,40.0313,-75.0662, , 
15445,167148,2016040986,6,67,67301,2016,3,4,735,7,1,1,0,4,1, , ,N,3,3,0,3,0,0,4,2,N,N,40 02:11.440,75 03:55.636,800, ,740, ,0, ,N, ,3, , , , , , , , , ,2,1,0,0,0,0,1,0,0,0,0,0,0,0,0,0,0,0,0,0,1,0,0,0,0,0,0,0,0,0,0,0,0,0,0,0,0,40.0365,-75.0655, , 