objectid_1,objectid,crn,district,county,municipality,crash_year,crash_month,day_of_week,time_of_day,hour_of_day,illumination,weather,road_condition,collision_type,relation_to_road,work_zone_type,work_zone_loc,work_zone_ind,intersect_type,tcd_type,location_type,urban_rural,fatal_count,injury_count,person_count,total_units,sch_bus_ind,sch_zone_ind,latitude,longitude,arrival_tm,cons_zone_spd_lim,dispatch_tm,est_hrs_closed,lane_closed,ln_close_dir,ntfy_hiwy_maint,spec_juris_cd,tcd_func_cd,tfc_detour_ind,workers_pres,wz_close_detour,wz_flagger,wz_law_offcr_ind,wz_ln_closure,wz_moving,wz_other,wz_shlder_mdn,vehicle_count,automobile_count,motorcycle_count,bus_count,small_truck_count,heavy_truck_count,suv_count,van_count,bicycle_count,maj_inj_count,mod_inj_count,min_inj_count,tot_inj_count,unk_inj_deg_count,unk_inj_per_count,driver_count_16yr,driver_count_17yr,driver_count_18yr,driver_count_19yr,driver_count_20yr,driver_count_50_64yr,driver_count_65_74yr,driver_count_75plus,unbelted_occ_count,unb_death_count,unb_maj_inj_count,belted_death_count,belted_maj_inj_count,mcycle_death_count,mcycle_maj_inj_count,bicycle_death_count,bicycle_maj_inj_count,ped_count,ped_death_count,ped_maj_inj_count,max_severity_level,comm_veh_count,dec_lat,dec_long,rdwy_surf_type_cd,county_name
15514,166754,2016031627,6,67,67301,2016,3,4,1239,12,1,1,0,4,1, , ,N,1,2,0,3,0,0,4,2,N,N,40 01:46.767,75 06:18.056,1254, ,1247,2,1,4,N, ,3,N, , , , , , , , ,2,1,0,0,0,0,1,0,0,0,0,0,0,0,0,0,0,0,0,0,0,0,0,0,0,0,0,0,0,0,0,0,0,0,0,0,0,40.0297,-75.105, , 
15515,166756,2016033781,6,67,67301,2016,3,4,9999,99,1,1,0,8,1, , ,N,0,0,0,3,0,1,2,2,N, ,39 57:27.360,75 11:38.137,808, ,808,1,1,2, , ,0,N, , , , , , , , ,1,1,0,0,0,0,0,0,0,0,0,1,1,0,0,0,0,0,1,0,0,0,0,0,0,0,0,0,0,0,0,0,1,0,0,4,0,39.9576,-75.1939, , 
15516,166764,2016040938,6,67,67301,2016,4,7,5,0,3,1,0,4,1, , ,N,3,2,0,3,0,1,2,2,N,N,39 53:40.926,75 13:46.059,12, ,5,2,1,2,N, ,3,N, , , , , , , , ,2,0,0,0,0,0,2,0,0,0,0,0,1,1,0,0,0,0,0,0,1,0,0,1,0,0,0,0,0,0,0,0,0,0,0,8,0,39.8946,-75.2296, , 
15517,166783,2016008584,6,67,67301,2016,1,1,1526,15,1,1,0,4,1, , ,N,2,2,0,3,0,1,3,2,N,N,39 55:26.513,75 08:35.896,1545, ,1540, ,0, ,N, ,3, , , , , , , , , ,2,1,0,0,0,0,0,1,0,0,0,0,1,1,0,0,0,0,0,0,1,0,0,1,0,0,0,0,0,0,0,0,0,0,0,8,0,39.924,-75.1433, , 
15518,166826,2016052346,6,67,67301,2016,4,5,452,4,3,1,0,4,1, , ,N,0,0,7,3,0,2,2,2,N,N,40 01:16.260,75 02:20.158,455, ,453,9,1,1,N, ,0,N, , , , , , , , ,2,0,0,0,1,0,1,0,0,0,0,2,2,0,0,0,0,0,0,0,0,0,0,1,0,0,0,0,0,0,0,0,0,0,0,4,0,40.0212,-75.0389, , 
15519,166831,2016042326,6,67,67301,2016,4,2,1843,18,1,2,1,1,1, , ,N,0,0,0,3,0,1,3,2,N,N,39 57:30.189,75 10:48.967,1856, ,1846,2,2,4, , ,0,Y, , , , , , , , ,2,0,0,0,1,0,1,0,0,0,0,0,1,1,0,0,0,0,0,0,0,0,0,1,0,0,0,0,0,0,0,0,0,0,0,8,0,39.9584,-75.1803, , 
15520,166832,2016043370,6,67,67301,2016,4,1,730,7,1,1,0,6,6, , ,N,0,0,0,3,0,0,1,4,N,N,39 58:14.908,75 13:51.366,750, ,740, ,0, ,N, ,0, , , , , , , , , ,4,2,0,0,0,0,2,0,0,0,0,0,0,0,0,0,0,0,0,0,0,0,0,0,0,0,0,0,0,0,0,0,0,0,0,0,0,39.9708,-75.2309, , 
15521,166838,2016010619,6,67,67301,2016,1,7,1106,11,1,4,3,7,2, , ,N,6,0,2,3,0,0,1,1,N,N,39 57:06.151,75 08:29.297,1124, ,1108,1,1,1, , ,0,N, , , , , , , , ,1,1,0,0,0,0,0,0,0,0,0,0,0,0,0,0,0,0,0,0,0,0,0,0,0,0,0,0,0,0,0,0,0,0,0,0,0,39.9517,-75.1415, , 
15522,166842,2016014070,6,67,67301,2016,1,7,1010,10,1,1,0,4,1, , ,N,2,2,0,3,0,1,3,2,N,N,39 56:24.382,75 12:02.446,1022, ,1015, ,0, , , ,3, , , , , , , , , ,2,0,0,0,0,0,2,0,0,0,0,0,1,1,0,0,0,0,0,0,1,0,0,0,0,0,0,0,0,0,0,0,0,0,0,8,0,39.9401,-75.2007, , 
15523,158402,2016016091,6,67,67301,2016,2,4,1300,13,1,1,0,5,1, , ,N,1,3,0,3,0,1,2,2,N,N,40 01:40.919,75 02:00.658,1324, ,1301,3,2,7,N, ,3,Y, , , , , , , , ,2,1,0,0,0,1,0,0,0,0,1,0,1,0,0,0,0,0,0,0,0,0,0,0,0,0,0,0,0,0,0,0,0,0,0,3,1,40.028,-75.0335, , 
15524,158405,2016019797,6,67,67301,2016,2,2,2348,23,3,1,1,2,6, , ,N,0,0,0,3,0,2,2,3,N,N,40 01:05.698,75 03:50.179,2352, ,2350,3,2,1,N, ,0,Y, , , , , , , , ,3,2,0,0,0,0,0,1,0,0,0,2,2,0,0,0,0,0,0,0,0,0,0,2,0,0,0,0,0,0,0,0,0,0,0,4,0,40.0182,-75.0639, , 
15525,158408,2016027558,6,67,67301,2016,2,3,1433,14,1,2,1,1,1, , ,N,0,0,0,3,0,2,4,2,N,N,39 58:12.265,75 08:29.599,1435, ,1434, ,0, ,N, ,0, , , , , , , , , ,2,2,0,0,0,0,0,0,0,0,0,2,2,0,0,0,0,0,0,0,1,0,0,0,0,0,0,0,0,0,0,0,0,0,0,4,0,39.9701,-75.1416, , 
15526,158415,2016033910,6,67,67301,2016,3,5,1040,10,1,1,0,8,1, , ,N,1,3,0,3,0,1,2,2,N, ,40 03:09.025,75 08:42.327,1630, ,1630, ,0, , , ,3, , , , , , , , , ,1,1,0,0,0,0,0,0,0,0,0,1,1,0,0,0,0,0,0,0,0,0,0,1,0,0,0,0,0,0,0,0,1,0,0,4,0,40.0525,-75.1451, , 
15527,158421,2016040895,6,67,67301,2016,4,1,1819,18,3,1,0,4,1, , ,N,5,2,0,3,0,3,4,2,N,N,40 00:31.996,75 04:18.728,6, ,2358, ,0, , , ,3, , , , , , , , , ,2,0,0,0,1,0,0,1,0,3,0,0,3,0,1,0,0,0,0,0,1,0,0,0,0,0,0,0,0,0,0,0,0,0,0,2,0,40.0089,-75.0719, , 
15528,158429,2016048187,6,67,67301,2016,5,5,1550,15,1,1,0,4,1, , ,N,1,3,0,3,0,1,3,2,N,N,39 58:28.588,75 09:35.171,1602, ,1600, ,0, ,N, ,3, , , , , , , , , ,2,2,0,0,0,0,0,0,0,0,0,0,1,1,0,0,0,0,0,0,1,0,0,0,0,0,0,0,0,0,0,0,0,0,0,8,0,39.9746,-75.1598, , 
15529,158432,2016051265,6,67,67301,2016,4,4,315,3,3,1,0,2,1, , ,N,0,0,0,3,0,0,5,3,N, ,39 58:08.267,75 09:42.228,323, ,322, ,0, , , ,0, , , , , , , , , ,3,1,0,0,0,0,1,1,0,0,0,0,0,0,1,0,0,0,0,0,0,0,0,1,0,0,0,0,0,0,0,0,0,0,0,9,0,39.969,-75.1617, , 
15530,158433,2016053711,6,67,67301,2016,5,5,2230,22,3,1,0,5,1, , ,N,0,0,0,3,0,1,2,2,N,N,40 00:41.300,75 09:29.100,2324, ,2317, ,0, ,N, ,0, , , , , , , , , ,2,2,0,0,0,0,0,0,0,0,0,1,1,0,0,0,0,0,0,0,0,0,0,0,0,0,0,0,0,0,0,0,0,0,0,4,0,40.0115,-75.1581, , 
15531,158441,2016062658,6,67,67301,2016,5,3,1038,10,1,1,0,7,4, , ,N,0,0,0,3,0,1,2,1,N,N,40 03:34.265,74 59:33.687,1054, ,1052, ,0, ,N, ,0, , , , , , , , , ,1,0,0,0,0,0,0,1,0,0,0,1,1,0,0,0,0,0,0,0,0,0,0,0,0,0,0,0,0,0,0,0,0,0,0,4,0,40.0595,-74.9927, , 
15532,158458,2016019835,6,67,67301,2016,2,4,1346,13,1,2,1,4,1, , ,N,1,0,0,3,0,2,6,2,N,N,39 59:57.041,75 08:03.904,1349, ,1346,1,1,4,N, ,0,Y, , , , , , , , ,2,1,0,0,0,0,1,0,0,0,0,1,2,1,0,0,0,0,0,0,0,0,0,0,0,0,0,0,0,0,0,0,0,0,0,4,0,39.9992,-75.1344, , 
15533,158465,2016033959,6,67,67301,2016,3,6,2230,22,3,1,0,1,1,1,2,Y,0,0,0,3,0,2,3,2,N,N,40 01:04.734,75 02:52.951,2252,45,2233,1,1,1, , ,0,N,Y,N,N,N,Y,N,N,N,2,2,0,0,0,0,0,0,0,0,2,0,2,0,0,0,0,0,0,0,0,0,0,0,0,0,0,0,0,0,0,0,0,0,0,3,0,40.018,-75.048, , 
15534,158478,2016047051,6,67,67301,2016,4,4,1518,15,1,1,0,1,1, , ,N,2,3,0,3,0,2,3,2,N, ,40 04:37.700,75 02:35.145,1530, ,1526,2,2,2, , ,3,N, , , , , , , , ,2,2,0,0,0,0,0,0,0,0,0,1,2,1,0,0,0,0,0,0,1,0,1,2,0,0,0,0,0,0,0,0,0,0,0,4,0,40.0771,-75.0431, , 
15535,158482,2016048513,6,67,67301,2016,4,5,950,9,1,1,0,8,4, , ,N,0,0,0,3,0,1,2,2,N,N,39 57:00.435,75 09:12.443,950, ,950, ,0, ,N, ,0, , , , , , , , , ,1,0,0,0,1,0,0,0,0,0,1,0,1,0,0,0,0,0,0,0,1,0,0,1,0,0,0,0,0,0,0,0,1,0,0,3,0,39.9501,-75.1535, , 
15536,158483,2016048594,6,67,67301,2016,4,6,955,9,1,1,0,4,1, , ,N,1,2,0,3,0,2,2,2,N,N,40 03:21.873,75 03:50.497,1003, ,958, ,0, ,N, ,3, , , , , , , , , ,2,0,0,0,0,0,1,1,0,0,0,2,2,0,0,0,0,0,0,0,0,0,0,0,0,0,0,0,0,0,0,0,0,0,0,4,0,40.0561,-75.064, , 
15537,158515,2016027537,6,67,67301,2016,2,6,1120,11,1,1,0,5,1, , ,N,0,0,6,3,0,3,3,4,N,N,39 55:41.925,75 11:45.165,1210, ,1208, ,0, ,N, ,0, , , , , , , , , ,4,3,0,0,1,0,0,0,0,0,1,1,3,1,0,0,0,0,0,0,0,0,0,0,0,0,0,0,0,0,0,0,0,0,0,3,0,39.9283,-75.1959, , 
15538,158518,2016029863,6,67,67301,2016,2,4,819,8,1,2,1,1,1, , ,N,2,2,0,3,0,1,3,2,N,N,40 01:08.561,75 09:20.405,820, ,819,1,1,2,N, ,3,N, , , , , , , , ,2,1,0,0,0,0,1,0,0,0,0,1,1,0,0,0,0,0,0,0,0,0,0,3,0,0,0,0,0,0,0,0,0,0,0,4,0,40.019,-75.1557, , 
15539,158519,2016029964,6,67,67301,2016,2,2,740,7,1,1,0,7,4, , ,N,1,2,0,3,0,0,1,1,N,N,39 59:41.064,75 10:09.951,1015, ,1003, ,0, ,N, ,3, , , , , , , , , ,1,1,0,0,0,0,0,0,0,0,0,0,0,0,1,0,0,0,0,0,0,0,0,0,0,0,0,0,0,0,0,0,0,0,0,9,0,39.9947,-75.1694, , 
15540,158527,2016041007,6,67,67301,2016,3,5,1557,15,1,1,0,4,1, , ,N,1,2,0,3,0,0,3,3,N, ,39 58:06.999,75 13:14.343,1602, ,1600, ,0, , , ,3, , , , , , , , , ,3,3,0,0,0,0,0,0,0,0,0,0,0,0,2,0,0,0,0,1,1,0,0,0,0,0,0,0,0,0,0,0,0,0,0,9,0,39.9686,-75.2207, , 
15541,161409,2016036488,6,67,67301,2016,3,7,220,2,3,1,0,7,4, , ,N,0,0,0,3,0,0,1,1,N,N,39 59:18.393,75 08:05.856,230, ,225,1,1,1,N, ,0,Y, , , , , , , , ,1,1,0,0,0,0,0,0,0,0,0,0,0,0,1,0,0,0,0,0,0,0,0,0,0,0,0,0,0,0,0,0,0,0,0,9,0,39.9884,-75.135, , 
15542,161414,2016039648,6,67,67301,2016,3,2,1820,18,1,1,0,4,1, , ,N,1,2,0,3,0,1,4,2,N,N,39 55:35.296,75 11:09.463,1840, ,1836, ,0, ,N, ,3, , , , , , , , , ,1,1,0,0,0,0,0,0,1,0,0,1,1,0,0,0,0,0,0,0,0,0,0,2,0,0,0,0,0,0,0,0,0,0,0,4,0,39.9265,-75.186, , 
15543,161417,2016044580,6,67,67301,2016,4,3,145,1,3,1,0,5,1, , ,N,0,2,0,3,0,0,4,2,N,N,40 01:21.504,75 08:12.580,150, ,150,9,1,1,N, ,3,N, , , , , , , , ,2,1,0,0,0,0,0,1,0,0,0,0,0,0,0,0,0,0,0,0,0,0,0,0,0,0,0,0,0,0,0,0,0,0,0,0,0,40.0226,-75.1368, , 
15544,161420,2016047775,6,67,67301,2016,4,4,1655,16,1,1,0,4,1, , ,N,1,2,0,3,0,1,2,2,N,N,40 02:38.401,75 06:09.537,1655, ,1655, ,0, ,N, ,3, , , , , , , , , ,2,2,0,0,0,0,0,0,0,0,0,0,1,1,0,0,0,0,0,0,1,0,0,0,0,0,0,0,0,0,0,0,0,0,0,8,0,40.044,-75.1026, , 
15545,161423,2016049263,6,67,67301,2016,5,2,1155,11,1,1,0,6,1, , ,N,0,0,0,3,0,0,2,2,N,N,39 59:07.159,75 12:44.859,1155, ,1155,1,2,5, , ,0,N, , , , , , , , ,2,2,0,0,0,0,0,0,0,0,0,0,0,0,0,0,0,0,0,0,1,0,0,0,0,0,0,0,0,0,0,0,0,0,0,0,0,39.9853,-75.2125, , 
15546,161429,2016002801,6,67,67301,2016,1,3,1530,15,1,1,0,7,3, , ,N,0,0,0,3,0,0,3,3,N,N,39 58:22.712,75 07:16.241,1648, ,1500,2,1,2,N, ,0,N, , , , , , , , ,3,3,0,0,0,0,0,0,0,0,0,0,0,0,0,0,0,0,0,0,0,0,0,1,0,0,0,0,0,0,0,0,0,0,0,0,0,39.973,-75.1212, , 
15547,161457,2016040535,6,67,67301,2016,3,3,55,0,3,1,0,5,6, , ,N,0,0,0,3,0,0,1,3,N,N,40 01:15.867,75 05:19.478,59, ,57, ,0, ,N, ,0, , , , , , , , , ,3,2,0,0,0,0,1,0,0,0,0,0,0,0,0,0,0,0,0,0,0,0,0,0,0,0,0,0,0,0,0,0,0,0,0,0,0,40.0211,-75.0887, , 
15548,161475,2016062673,6,67,67301,2016,5,7,1958,19,1,1,0,4,1, , ,N,1,2,0,3,0,1,4,2,N, ,39 58:27.041,75 10:49.571,2008, ,2001,1,1,6, , ,3,N, , , , , , , , ,2,1,0,0,0,0,1,0,0,0,0,1,1,0,0,0,0,0,0,0,0,0,0,0,0,0,0,0,0,0,0,0,0,0,0,4,0,39.9742,-75.1804, , 
15549,161494,2016019908,6,67,67301,2016,2,3,1843,18,3,1,0,1,1, , ,N,1,2,0,3,0,3,5,3,N, ,40 02:49.411,75 05:27.941,1854, ,1853, ,0, , , ,3, , , , , , , , , ,3,1,0,0,0,0,2,0,0,0,0,0,3,3,0,0,0,0,0,0,1,0,0,0,0,0,0,0,0,0,0,0,0,0,0,8,0,40.0471,-75.0911, , 
15550,161504,2016032085,6,67,67301,2016,3,7,2335,23,3,1,0,4,1, , ,N,1,2,0,3,0,2,2,6,N, ,39 56:49.135,75 12:54.644,2343, ,2340,2,2,6, , ,3,Y, , , , , , , , ,6,4,0,0,0,0,2,0,0,0,0,2,2,0,0,0,0,0,0,0,0,0,0,0,0,0,0,0,0,0,0,0,0,0,0,4,0,39.947,-75.2152, , 
15551,161507,2016036469,6,67,67301,2016,3,6,100,1,3,1,0,1,6, , ,N,0,0,0,3,0,0,1,2,N,N,40 01:24.900,75 09:53.300,130, ,128,2,2,6,N, ,0,Y, , , , , , , , ,2,2,0,0,0,0,0,0,0,0,0,0,0,0,1,0,0,0,0,0,0,0,0,0,0,0,0,0,0,0,0,0,0,0,0,9,0,40.0236,-75.1648, , 
15552,161517,2016046963,6,46,46102,2016,5,2,1328,13,1,1,0,4,1, , ,N,1,2,0,3,0,0,3,3,N,N,40 04:18.194,75 09:14.605,1335, ,1328,1,1,2,N, ,3,N, , , , , , , , ,3,0,0,0,0,0,3,0,0,0,0,0,0,0,0,0,0,0,0,0,0,0,0,0,0,0,0,0,0,0,0,0,0,0,0,0,0,40.0717,-75.1541, , 
15553,161519,2016048127,6,67,67301,2016,4,4,1949,19,4,1,0,4,1, , ,N,1,2,0,3,0,1,3,2,N,N,39 59:17.883,75 15:14.303,1949, ,1949,2,1,2,N, ,3,Y, , , , , , , , ,2,1,0,0,0,0,0,1,0,0,0,1,1,0,0,0,0,0,0,0,1,0,0,0,0,0,0,0,0,0,0,0,0,0,0,4,0,39.9883,-75.254, , 
15554,161520,2016048704,6,67,67301,2016,4,7,2300,23,3,1,0,5,1, , ,N,2,0,0,3,0,0,2,2,N,N,40 01:10.491,75 06:29.973,2340, ,2335, ,0, ,N, ,0, , , , , , , , , ,2,1,0,0,0,0,1,0,0,0,0,0,0,0,0,0,0,0,1,0,0,1,0,0,0,0,0,0,0,0,0,0,0,0,0,0,0,40.0196,-75.1083, , 
15555,161530,2016013961,6,67,67301,2016,1,6,1557,15,1,1,0,1,1, , ,N,0,0,0,3,0,1,6,4,N,N,39 56:23.742,75 14:09.959,1601, ,1601, ,0, ,N, ,0, , , , , , , , , ,4,2,0,0,0,0,0,0,0,0,0,0,1,1,0,0,0,0,0,1,0,0,0,0,0,0,0,0,0,0,0,0,0,0,0,8,0,39.9399,-75.2361, , 
15556,161535,2016013698,6,67,67301,2016,1,3,2040,20,3,4,1,4,1, , ,N,1,2,0,3,0,3,5,2,N,N,40 03:12.900,75 08:29.229,2050, ,2044, ,0, ,N, ,3, , , , , , , , , ,2,1,0,1,0,0,0,0,0,0,0,0,3,3,0,0,0,0,0,0,2,0,0,1,0,0,0,0,0,0,0,0,0,0,0,8,1,40.0537,-75.1414, , 
15557,161539,2016019177,6,67,67301,2016,1,1,300,3,3,1,0,1,6, , ,N,0,0,0,3,0,1,1,4,N,N,39 57:06.311,75 11:00.887,312, ,304, ,0, ,N, ,0, , , , , , , , , ,4,3,0,0,0,0,1,0,0,0,0,1,1,0,0,0,0,0,0,0,0,0,0,0,0,0,0,0,0,0,0,0,0,0,0,4,0,39.9518,-75.1836, , 
15558,161550,2016036424,6,67,67301,2016,3,5,310,3,3,1,0,8,1, , ,N,1,2,0,3,0,1,2,2,N,N,39 59:33.432,75 10:05.681,318, ,315, ,0, ,N, ,3, , , , , , , , , ,1,1,0,0,0,0,0,0,0,0,0,1,1,0,1,0,0,0,0,0,0,0,0,0,0,0,0,0,0,0,0,0,1,0,0,4,0,39.9926,-75.1682, , 
15559,165019,2016030869,6,67,67301,2016,3,2,2154,21,3,1,0,5,1, , ,N,0,0,2,3,0,0,2,2,N,N,39 57:19.774,75 08:53.216,2154, ,2154, ,0, ,N, ,0, , , , , , , , , ,2,1,0,0,0,0,1,0,0,0,0,0,0,0,0,0,0,0,0,0,1,0,0,0,0,0,0,0,0,0,0,0,0,0,0,0,0,39.9555,-75.1481, , 
15560,165022,2016033776,6,67,67301,2016,3,5,2010,20,3,1,0,4,1, , ,N,1,2,0,3,0,3,9,2,N,N,40 01:03.525,75 03:33.421,2125, ,2125, ,0, , , ,3, , , , , , , , , ,2,1,0,0,0,0,1,0,0,0,0,0,3,3,0,0,0,0,0,0,0,0,0,0,0,0,0,0,0,0,0,0,0,0,0,8,0,40.0176,-75.0593, , 
15561,165065,2016026161,6,67,67301,2016,2,2,1619,16,1,4,3,7,4, , ,N,0,0,2,3,0,0,1,1,N, ,39 54:39.084,75 11:04.642,1626, ,1622, ,0, , , ,0, , , , , , , , , ,1,0,0,0,0,0,1,0,0,0,0,0,0,0,0,0,0,0,0,0,0,0,0,0,0,0,0,0,0,0,0,0,0,0,0,0,0,39.9109,-75.1846, , 
15562,165073,2016033870,6,67,67301,2016,3,2,1733,17,1,2,1,3,1, , ,N,1,3,0,3,0,3,4,2,N, ,39 59:01.744,75 10:24.139,1738, ,1733, ,0, , , ,3, , , , , , , , , ,2,1,0,0,1,0,0,0,0,0,1,1,3,1,0,0,0,0,0,0,1,0,0,0,0,0,0,0,0,0,0,0,0,0,0,3,0,39.9838,-75.1734, , 
15563,165102,2016014047,6,67,67301,2016,1,2,9999,99,3,1,0,5,6, , ,N,0,0,0,3,0,0,1,3,N, ,40 00:29.075,75 07:22.463,403, ,403, ,0, , , ,0, , , , , , , , , ,3,1,0,0,0,0,2,0,0,0,0,0,0,0,0,0,0,0,0,0,0,0,0,0,0,0,0,0,0,0,0,0,0,0,0,0,0,40.0081,-75.1229, , 
15564,165103,2016014429,6,67,67301,2016,1,3,1424,14,1,1,0,4,1, , ,N,0,0,0,3,0,1,6,2,N,N,39 56:36.965,75 13:13.755,1521, ,1516, ,0, , , ,0, , , , , , , , , ,2,2,0,0,0,0,0,0,0,0,0,0,1,1,0,0,0,0,0,0,0,0,0,0,0,0,0,0,0,0,0,0,0,0,0,8,0,39.9436,-75.2205, , 
15565,165126,2016046988,6,67,67301,2016,4,1,725,7,1,1,0,4,1, , ,N,1,3,0,3,0,0,2,2,N,N,39 58:59.005,75 10:03.752,953, ,951, ,0, ,N, ,3, , , , , , , , , ,2,2,0,0,0,0,0,0,0,0,0,0,0,0,1,0,0,0,0,0,1,0,0,0,0,0,0,0,0,0,0,0,0,0,0,9,0,39.9831,-75.1677, , 
15566,165129,2016053746,6,67,67301,2016,5,4,1713,17,1,1,0,8,1, , ,N,1,0,0,3,0,1,2,2,N,N,39 55:33.679,75 10:21.611,1728, ,1420, ,0, ,N, ,0, , , , , , , , , ,1,0,0,0,0,0,0,1,0,0,0,0,1,1,0,0,0,0,0,0,0,0,0,0,0,0,0,0,0,0,0,0,1,0,0,8,0,39.926,-75.1727, , 
15567,165132,2016058598,6,67,67301,2016,5,5,844,8,1,1,0,4,1, , ,N,0,0,0,3,0,0,2,2,N, ,39 55:34.557,75 13:50.109,845, ,845, ,0, , , ,0, , , , , , , , , ,2,2,0,0,0,0,0,0,0,0,0,0,0,0,0,0,0,0,0,0,1,0,0,1,0,0,0,0,0,0,0,0,0,0,0,0,0,39.9263,-75.2306, , 
15568,165140,2016068281,6,67,67301,2016,6,1,211,2,3,1,0,1,1, , ,N,0,0,3,3,0,0,4,3,N, ,39 57:52.049,75 10:58.381,227, ,224, ,0, , , ,0, , , , , , , , , ,3,2,0,0,0,0,0,1,0,0,0,0,0,0,2,0,0,0,0,0,0,0,0,0,0,0,0,0,0,0,0,0,0,0,0,9,0,39.9645,-75.1829, , 
15569,165143,2016041021,6,67,67301,2016,4,7,2100,21,3,1,0,1,1, , ,N,2,2,0,3,0,1,2,2,N,N,40 01:11.588,75 10:29.885,2125, ,2123, ,0, ,N, ,3, , , , , , , , , ,2,1,0,0,0,0,1,0,0,0,0,0,1,1,0,0,0,0,0,0,0,0,0,1,0,0,0,0,0,0,0,0,0,0,0,8,0,40.0199,-75.175, , 
15570,165156,2016016590,6,67,67301,2016,1,5,1330,13,1,1,0,1,1, , ,N,0,0,7,3,0,1,2,2,N, ,39 59:05.070,75 09:24.809,1055, ,1044, ,0, , , ,0, , , , , , , , , ,2,1,0,0,0,0,1,0,0,0,1,0,1,0,1,0,0,0,0,0,1,1,0,0,0,0,0,0,0,0,0,0,0,0,0,3,0,39.9847,-75.1569, , 
15571,165177,2016038198,6,67,67301,2016,3,7,1800,18,1,1,0,6,1, , ,N,0,0,0,3,0,1,2,2,N, ,39 59:57.941,75 08:10.669,1815, ,1801, ,0, , , ,0, , , , , , , , , ,2,1,1,0,0,0,0,0,0,0,1,0,1,0,0,0,0,0,0,0,0,0,0,1,0,0,0,0,0,0,0,0,0,0,0,3,0,39.9994,-75.1363, , 
15572,165184,2016042296,6,67,67301,2016,4,7,2130,21,3,1,1,7,2, , ,N,0,0,2,3,0,0,1,1,N,N,40 00:28.635,75 04:20.678,2152, ,2137,3,1,2, , ,0,N, , , , , , , , ,1,1,0,0,0,0,0,0,0,0,0,0,0,0,0,0,0,0,0,0,0,0,0,0,0,0,0,0,0,0,0,0,0,0,0,0,0,40.008,-75.0724, , 
15573,165188,2016044510,6,67,67301,2016,4,3,1154,11,1,2,1,4,1, , ,N,1,2,0,3,0,1,2,2,N,N,40 01:04.609,75 05:02.155,1155, ,1154, ,0, , , ,3, , , , , , , , , ,2,1,0,0,0,1,0,0,0,0,0,1,1,0,0,0,0,0,0,0,0,0,0,1,0,0,0,0,0,0,0,0,0,0,0,4,0,40.0179,-75.0839, , 
15574,165204,2016019324,6,67,67301,2016,1,1,957,9,1,1,0,7,4,1,4,Y,0,0,0,3,0,0,1,1,N,N,40 01:46.522,75 01:19.660,959,45,957,1,1,1, , ,0,N,N,N,N,N,N,N,N,Y,1,1,0,0,0,0,0,0,0,0,0,0,0,0,0,0,0,0,0,0,0,0,0,0,0,0,0,0,0,0,0,0,0,0,0,0,0,40.0296,-75.0221, , 
15575,165210,2016022022,6,67,67301,2016,2,6,1750,17,3,1,0,4,1, , ,N,2,2,0,3,0,0,4,3,N,N,39 59:07.638,75 15:30.761,1815, ,1755,9,1,1,N, ,3,N, , , , , , , , ,3,1,0,0,0,0,1,1,0,0,0,0,0,0,0,0,0,0,0,0,0,0,0,0,0,0,0,0,0,0,0,0,0,0,0,0,0,39.9855,-75.2585, , 
15576,165217,2016029133,6,67,67301,2016,3,4,1033,10,1,1,0,4,1, , ,N,1,2,0,3,0,2,6,3,N,Y,40 03:12.823,75 10:40.715,1041, ,1035,3,1,3,N, ,3,N, , , , , , , , ,3,1,0,0,1,0,1,0,0,0,0,0,2,2,0,0,0,0,0,0,1,0,0,0,0,0,0,0,0,0,0,0,0,0,0,8,0,40.0536,-75.178, , 
15577,167901,2016013987,6,67,67301,2016,1,1,9999,99,1,2,1,4,1, , ,N,1,2,0,3,0,0,5,2,N,N,40 00:51.570,75 10:41.163,1207, ,1153,9,1,5,N, ,3,N, , , , , , , , ,2,2,0,0,0,0,0,0,0,0,0,0,0,0,0,0,0,0,0,0,0,1,0,0,0,0,0,0,0,0,0,0,0,0,0,0,0,40.0143,-75.1781, , 
15578,167931,2016040877,6,67,67301,2016,4,2,1833,18,1,2,1,1,1, , ,N,0,0,0,3,0,1,3,4,N, ,39 59:15.544,75 07:47.964,1833, ,1833, ,0, ,N, ,0, , , , , , , , , ,4,3,0,0,0,0,1,0,0,0,0,1,1,0,1,0,0,0,0,0,0,0,0,0,0,0,0,0,0,0,0,0,0,0,0,4,0,39.9877,-75.13, , 
15579,167956,2016013805,6,67,67301,2016,1,4,1700,17,1,1,0,5,1, , ,N,0,0,0,3,0,0,3,2,N,N,39 55:01.119,75 14:46.307,1712, ,1706, ,0, ,N, ,0, , , , , , , , , ,2,0,0,0,0,1,1,0,0,0,0,0,0,0,0,0,0,0,0,0,0,0,0,0,0,0,0,0,0,0,0,0,0,0,0,0,1,39.917,-75.2462, , 
15580,167966,2016026079,6,67,67301,2016,2,4,1306,13,1,1,0,8,1, , ,N,1,2,0,3,0,1,2,2,N, ,39 57:05.578,75 09:24.232,1310, ,1308, ,0, , , ,3, , , , , , , , , ,1,1,0,0,0,0,0,0,0,0,0,0,1,1,0,0,0,0,0,0,0,0,0,1,0,0,0,0,0,0,0,0,1,0,0,8,0,39.9515,-75.1567, , 