objectid_1,objectid,crn,district,county,municipality,crash_year,crash_month,day_of_week,time_of_day,hour_of_day,illumination,weather,road_condition,collision_type,relation_to_road,work_zone_type,work_zone_loc,work_zone_ind,intersect_type,tcd_type,location_type,urban_rural,fatal_count,injury_count,person_count,total_units,sch_bus_ind,sch_zone_ind,latitude,longitude,arrival_tm,cons_zone_spd_lim,dispatch_tm,est_hrs_closed,lane_closed,ln_close_dir,ntfy_hiwy_maint,spec_juris_cd,tcd_func_cd,tfc_detour_ind,workers_pres,wz_close_detour,wz_flagger,wz_law_offcr_ind,wz_ln_closure,wz_moving,wz_other,wz_shlder_mdn,vehicle_count,automobile_count,motorcycle_count,bus_count,small_truck_count,heavy_truck_count,suv_count,van_count,bicycle_count,maj_inj_count,mod_inj_count,min_inj_count,tot_inj_count,unk_inj_deg_count,unk_inj_per_count,driver_count_16yr,driver_count_17yr,driver_count_18yr,driver_count_19yr,driver_count_20yr,driver_count_50_64yr,driver_count_65_74yr,driver_count_75plus,unbelted_occ_count,unb_death_count,unb_maj_inj_count,belted_death_count,belted_maj_inj_count,mcycle_death_count,mcycle_maj_inj_count,bicycle_death_count,bicycle_maj_inj_count,ped_count,ped_death_count,ped_maj_inj_count,max_severity_level,comm_veh_count,dec_lat,dec_long,rdwy_surf_type_cd,county_name
15649,165461,2016033926,6,67,67301,2016,3,6,1659,16,1,1,0,5,1, , ,N,0,0,0,3,0,0,3,2,N,N,40 04:38.135,74 59:59.575,1705, ,1701,9,1,2,N, ,0,N, , , , , , , , ,2,1,0,0,0,0,0,1,0,0,0,0,0,0,0,0,0,0,0,0,0,0,0,0,0,0,0,0,0,0,0,0,0,0,0,0,0,40.0773,-74.9999, , 
15650,167238,2016027572,6,67,67301,2016,2,4,743,7,1,2,1,4,1, , ,N,2,3,0,3,0,1,2,2,N,N,40 03:29.509,75 08:39.033,800, ,755, ,0, ,N, ,3, , , , , , , , , ,2,2,0,0,0,0,0,0,0,0,0,1,1,0,0,0,0,0,0,0,0,0,0,0,0,0,0,0,0,0,0,0,0,0,0,4,0,40.0582,-75.1442, , 
15651,167278,2016013904,6,67,67301,2016,1,6,153,1,3,1,0,8,1, , ,N,0,0,0,3,0,1,2,2,N,N,40 01:18.956,75 03:03.578,156, ,153, ,0, ,N, ,0, , , , , , , , , ,1,1,0,0,0,0,0,0,0,0,0,1,1,0,0,0,0,0,0,0,0,0,0,0,0,0,0,0,0,0,0,0,1,0,0,4,0,40.0219,-75.051, , 
15652,167282,2016016607,6,67,67301,2016,1,6,1545,15,1,1,0,1,1, , ,N,0,0,0,3,0,1,2,2,N, ,39 57:06.189,75 09:45.713,1635, ,1625, ,0, , , ,0, , , , , , , , , ,2,2,0,0,0,0,0,0,0,0,0,1,1,0,0,0,0,0,0,0,0,1,0,0,0,0,0,0,0,0,0,0,0,0,0,4,0,39.9517,-75.1627, , 
15653,167290,2016026154,6,67,67301,2016,2,4,2248,22,3,1,0,4,1, , ,N,1,2,1,3,0,4,5,2,N,N,39 57:31.207,75 12:50.450,2250, ,2250,2,1,4,N, ,3,N, , , , , , , , ,2,2,0,0,0,0,0,0,0,0,0,0,4,4,0,0,0,0,1,0,1,0,0,0,0,0,0,0,0,0,0,0,0,0,0,8,0,39.9586,-75.214, , 
15654,167295,2016029939,6,67,67301,2016,2,7,948,9,1,1,0,4,1, , ,N,1,2,0,3,0,1,4,2,N,N,40 03:21.873,75 03:50.497,950, ,948, ,0, ,N, ,3, , , , , , , , , ,2,2,0,0,0,0,0,0,0,0,0,1,1,0,0,0,1,0,0,0,0,0,0,0,0,0,0,0,0,0,0,0,0,0,0,4,0,40.0561,-75.064, , 
15655,167297,2016030713,6,67,67301,2016,3,6,1110,11,1,1,0,4,1, , ,N,1,3,1,3,0,1,2,2,N,N,39 55:36.102,75 11:15.812,1116, ,1115, ,0, ,N, ,3, , , , , , , , , ,2,1,0,0,0,1,0,0,0,0,1,0,1,0,0,0,0,0,0,0,1,0,0,0,0,0,0,0,0,0,0,0,0,0,0,3,1,39.9267,-75.1879, , 
15656,167310,2016041043,6,67,67301,2016,3,4,740,7,1,1,0,1,1, , ,N,0,0,0,3,0,3,4,3,N,N,40 01:23.760,75 08:15.375,820, ,816,1,1,3, , ,0,N, , , , , , , , ,3,1,0,0,1,0,1,0,0,0,0,2,3,1,0,0,0,0,0,0,0,0,0,0,0,0,0,0,0,0,0,0,0,0,0,4,0,40.0233,-75.1376, , 
15657,167312,2016047042,6,67,67301,2016,4,3,1710,17,1,1,0,8,1, , ,N,1,2,0,3,0,1,2,2,N,N,39 56:44.595,75 09:17.139,1717, ,1712, ,0, , , ,3, , , , , , , , , ,1,1,0,0,0,0,0,0,0,0,0,0,1,1,0,0,0,0,0,0,0,0,0,0,0,0,0,0,0,0,0,0,1,0,0,8,0,39.9457,-75.1548, , 
15658,167317,2016009768,6,67,67301,2016,1,6,1945,19,3,4,3,4,1, , ,N,1,2,0,3,0,3,6,3,N,N,40 06:24.441,74 59:56.742,2000, ,1948,1,1,2,N, ,3,N, , , , , , , , ,3,1,0,0,1,0,0,1,0,0,3,0,3,0,0,0,0,0,0,0,0,0,0,0,0,0,0,0,0,0,0,0,0,0,0,3,0,40.1068,-74.9991, , 
15659,167320,2016007845,6,67,67301,2016,1,4,807,8,1,1,0,0,1, , ,N,0,8,0,3,0,0,1,1,N,N,39 55:44.476,75 08:46.850,820, ,807,2,2,2, , ,3,N, , , , , , , , ,1,1,0,0,0,0,0,0,0,0,0,0,0,0,0,0,0,0,0,0,0,0,0,0,0,0,0,0,0,0,0,0,0,0,0,0,0,39.929,-75.1463, , 
15660,167325,2016013732,6,67,67301,2016,1,7,754,7,1,2,1,7,2, , ,N,0,0,0,3,0,1,1,1,N,N,40 03:25.031,75 13:58.809,802, ,800, ,0, ,N, ,0, , , , , , , , , ,1,1,0,0,0,0,0,0,0,0,1,0,1,0,0,0,0,0,0,0,0,0,0,0,0,0,0,0,0,0,0,0,0,0,0,3,0,40.057,-75.233, , 
15661,167331,2016019752,6,67,67301,2016,1,6,1830,18,3,1,0,4,1, , ,N,2,2,7,3,0,1,2,2,N,N,40 03:47.137,75 05:11.534,1900, ,1857, ,0, ,N, ,3, , , , , , , , , ,2,1,0,0,1,0,0,0,0,0,0,0,1,1,0,0,0,0,0,0,1,0,0,0,0,0,0,0,0,0,0,0,0,0,0,8,0,40.0631,-75.0866, , 
15662,167341,2016030718,6,67,67301,2016,3,7,1626,16,1,1,0,8,1, , ,N,1,2,0,3,0,1,2,2,N, ,40 01:55.501,75 04:03.429,1630, ,1627, ,0, , , ,3, , , , , , , , , ,1,0,0,0,0,0,1,0,0,0,1,0,1,0,0,0,0,0,0,0,1,0,0,1,0,0,0,0,0,0,0,0,1,0,0,3,0,40.0321,-75.0676, , 
15663,167359,2016046077,6,67,67301,2016,4,5,1536,15,1,1,0,2,1, , ,N,0,0,0,3,0,1,2,2,N, ,40 00:51.206,75 04:45.012,1739, ,1737,1,1,4, , ,0,N, , , , , , , , ,2,0,0,0,1,0,1,0,0,0,0,1,1,0,0,0,0,0,0,0,0,0,0,1,0,0,0,0,0,0,0,0,0,0,0,4,0,40.0142,-75.0792, , 
15664,167360,2016046138,6,67,67301,2016,4,4,1810,18,1,1,0,7,4, , ,N,2,3,0,3,0,0,1,2,N,N,40 05:08.045,75 02:21.757,1817, ,1815, ,0, , , ,3, , , , , , , , , ,1,1,0,0,0,0,0,0,0,0,0,0,0,0,0,0,0,0,0,0,0,0,0,0,0,0,0,0,0,0,0,0,0,0,0,0,0,40.0856,-75.0394, , 
15665,167364,2016008615,6,67,67301,2016,1,7,2049,20,3,1,0,6,1, , ,N,0,0,0,3,0,1,3,2,N, ,39 55:46.234,75 14:36.179,2103, ,2101, ,0, , , ,0, , , , , , , , , ,2,1,0,0,0,0,0,1,0,0,0,1,1,0,0,0,0,0,0,0,1,1,0,0,0,0,0,0,0,0,0,0,0,0,0,4,0,39.9295,-75.2434, , 
15666,167373,2016019866,6,67,67301,2016,2,3,730,7,1,1,0,4,1, , ,N,0,0,0,3,0,2,2,2,N,N,40 00:56.126,75 07:32.094,1445, ,1445, ,0, ,N, ,0, , , , , , , , , ,2,1,0,0,0,0,1,0,0,0,0,1,2,1,0,0,0,0,0,0,0,1,0,1,0,0,0,0,0,0,0,0,0,0,0,4,0,40.0156,-75.1256, , 
15667,167381,2016029751,6,67,67301,2016,3,3,1900,19,1,1,0,1,1, , ,N,1,2,0,3,0,10,12,2,N,N,39 59:59.072,75 08:18.639,1910, ,1900, ,0, ,N, ,3, , , , , , , , , ,2,1,0,1,0,0,0,0,0,0,0,0,10,10,0,0,0,0,0,0,0,0,0,0,0,0,0,0,0,0,0,0,0,0,0,8,1,39.9997,-75.1385, , 
15668,158688,2016001460,6,46,46102,2016,1,3,1620,16,1,1,0,5,1, , ,N,0,0,0,3,0,0,2,2,N,N,40 03:48.760,75 08:23.416,1635, ,1630,1,1,3,N, ,0,Y, , , , , , , , ,2,0,0,0,0,0,1,1,0,0,0,0,0,0,0,0,0,0,0,0,1,0,0,0,0,0,0,0,0,0,0,0,0,0,0,0,0,40.0635,-75.1398, , 
15669,158696,2016014664,6,67,67301,2016,1,3,414,4,3,1,0,7,4, , ,N,0,0,2,3,0,0,1,1,N,N,39 53:28.707,75 13:17.097,439, ,415,1,1,2, , ,0,N, , , , , , , , ,1,1,0,0,0,0,0,0,0,0,0,0,0,0,1,0,0,0,0,0,0,0,0,0,0,0,0,0,0,0,0,0,0,0,0,9,0,39.8913,-75.2214, , 
15670,158720,2016032017,6,67,67301,2016,3,3,1625,16,1,1,0,8,1, , ,N,0,0,0,3,0,1,3,2,N,N,39 59:11.140,75 10:12.885,1633, ,1631, ,0, , , ,0, , , , , , , , , ,1,1,0,0,0,0,0,0,0,0,0,0,1,1,0,0,0,0,0,0,0,0,0,0,0,0,0,0,0,0,0,0,1,0,0,8,0,39.9864,-75.1702, , 
15671,158741,2016016999,6,67,67301,2016,1,2,1325,13,1,1,0,8,1, , ,N,0,0,0,3,0,1,3,2,N,N,39 57:26.488,75 13:23.991,1540, ,1535, ,0, ,N, ,0, , , , , , , , , ,1,0,0,0,0,0,1,0,0,0,0,1,1,0,0,0,0,0,0,0,0,0,0,0,0,0,0,0,0,0,0,0,1,0,0,4,0,39.9574,-75.2233, , 
15672,158744,2016022038,6,67,67301,2016,2,2,3,0,3,1,0,5,6, , ,N,0,0,0,3,0,0,1,5,N,N,39 59:19.849,75 08:07.227,13, ,10, ,0, ,N, ,0, , , , , , , , , ,5,4,0,0,0,0,1,0,0,0,0,0,0,0,0,0,0,0,0,0,0,0,0,1,0,0,0,0,0,0,0,0,0,0,0,0,0,39.9888,-75.1353, , 
15673,158748,2016025982,6,67,67301,2016,2,5,1023,10,1,4,6,1,1, , ,N,2,2,0,3,0,2,3,2,N, ,40 05:36.346,75 01:52.568,1030, ,1023, ,0, , , ,3, , , , , , , , , ,2,1,0,0,0,0,1,0,0,0,0,2,2,0,0,0,0,0,0,0,0,0,0,3,0,0,0,0,0,0,0,0,0,0,0,4,0,40.0934,-75.0313, , 
15674,158751,2016029785,6,67,67301,2016,3,5,2245,22,3,1,0,2,6, , ,N,0,0,0,3,0,1,2,3,N,N,40 01:32.120,75 05:00.135,2319, ,2317,2,2,6,N, ,0,N, , , , , , , , ,3,3,0,0,0,0,0,0,0,0,1,0,1,0,0,0,0,0,0,0,0,0,0,1,0,0,0,0,0,0,0,0,0,0,0,3,0,40.0256,-75.0834, , 
15675,158759,2016034987,6,67,67301,2016,2,4,1614,16,1,2,1,7,4, , ,N,0,0,0,3,0,1,2,1,N,N,40 00:31.084,75 04:07.422,1624, ,1623, ,0, ,N, ,0, , , , , , , , , ,1,1,0,0,0,0,0,0,0,0,1,0,1,0,0,0,0,0,0,0,0,0,0,0,0,0,0,0,0,0,0,0,0,0,0,3,0,40.0086,-75.0687, , 
15676,158763,2016036379,6,67,67301,2016,3,5,1920,19,1,1,0,8,1, , ,N,0,0,0,3,0,1,2,2,N,N,39 59:54.495,75 10:28.678,1925, ,1921, ,0, ,N, ,0, , , , , , , , , ,1,1,0,0,0,0,0,0,0,0,1,0,1,0,0,0,0,0,0,0,0,0,0,0,0,0,0,0,0,0,0,0,1,0,0,3,0,39.9985,-75.1746, , 
15677,158773,2016047046,6,67,67301,2016,4,1,9999,99,1,1,0,4,1, , ,N,5,3,0,3,0,0,2,2,N,N,39 58:35.875,75 08:30.026,125, ,121, ,0, , , ,3, , , , , , , , , ,2,1,1,0,0,0,0,0,0,0,0,0,0,0,0,0,0,0,0,0,0,0,0,1,0,0,0,0,0,0,0,0,0,0,0,0,0,39.9766,-75.1417, , 
15678,158775,2016047767,6,67,67301,2016,4,2,730,7,1,1,0,5,6, , ,N,0,0,0,3,0,1,1,3,N,N,39 54:47.275,75 14:19.100,9999, ,737, ,0, ,N, ,0, , , , , , , , , ,3,1,0,0,0,0,2,0,0,0,0,0,1,1,0,0,0,0,0,0,0,0,0,0,0,0,0,0,0,0,0,0,0,0,0,8,0,39.9131,-75.2386, , 
15679,158776,2016048587,6,67,67301,2016,4,2,9999,99,1,1,0,7,5, , ,N,0,0,0,3,0,0,1,1,N, ,39 58:58.430,75 14:30.498,1900, ,1850, ,0, , , ,0, , , , , , , , , ,1,0,0,0,0,0,0,1,0,0,0,0,0,0,0,0,0,0,0,0,0,0,0,1,0,0,0,0,0,0,0,0,0,0,0,0,0,39.9829,-75.2418, , 
15680,158785,2016013824,6,67,67301,2016,1,1,1426,14,1,1,0,4,1, , ,N,1,2,0,3,0,2,4,2,N,N,40 01:43.550,75 07:55.833,1432, ,1431,2,1,4,N, ,3,N, , , , , , , , ,2,1,0,0,0,0,1,0,0,0,1,1,2,0,0,0,0,0,0,0,0,0,0,4,0,0,0,0,0,0,0,0,0,0,0,3,0,40.0288,-75.1322, , 
15681,158786,2016014545,6,67,67301,2016,1,5,1225,12,1,1,0,1,1, , ,N,0,0,0,3,0,1,2,2,N,N,40 03:14.068,74 59:08.508,1244, ,1227,1,2,1, , ,0,N, , , , , , , , ,2,1,0,0,0,0,1,0,0,0,0,0,1,1,0,0,0,0,0,1,0,0,0,0,0,0,0,0,0,0,0,0,0,0,0,8,0,40.0539,-74.9857, , 
15682,158802,2016040578,6,67,67301,2016,4,3,1026,10,1,1,0,1,1, , ,N,0,0,0,3,0,1,5,3,N,N,39 57:25.307,75 09:19.876,1036, ,1026, ,0, , , ,0, , , , , , , , , ,3,1,0,0,0,0,1,1,0,0,0,0,1,1,0,0,0,0,0,0,0,0,0,0,0,0,0,0,0,0,0,0,0,0,0,8,0,39.957,-75.1555, , 
15683,158814,2016047814,6,67,67301,2016,4,6,1020,10,1,1,0,4,1, , ,N,1,3,0,3,0,0,4,3,N, ,40 03:18.444,75 10:35.869,1217, ,1158, ,0, , , ,3, , , , , , , , , ,3,1,0,0,0,0,2,0,0,0,0,0,0,0,2,0,0,0,0,0,0,0,0,0,0,0,0,0,0,0,0,0,0,0,0,9,0,40.0551,-75.1766, , 
15684,158815,2016052334,6,67,67301,2016,5,1,1439,14,1,2,1,4,1, , ,N,1,2,0,3,0,7,7,2,N,N,40 01:24.369,75 08:21.713,1200, ,1200, ,0, ,N, ,3, , , , , , , , , ,2,1,0,0,0,0,1,0,0,0,0,0,7,7,0,0,0,0,1,0,0,0,0,0,0,0,0,0,0,0,0,0,0,0,0,8,0,40.0234,-75.1394, , 
15685,158817,2016053700,6,67,67301,2016,5,1,1935,19,4,1,0,1,1, , ,N,1,2,0,3,0,3,5,2,N, ,40 04:27.147,75 02:05.032,1941, ,1941, ,0, , , ,3, , , , , , , , , ,2,1,0,0,0,0,1,0,0,0,2,1,3,0,0,0,0,0,0,0,1,0,0,0,0,0,0,0,0,0,0,0,0,0,0,3,0,40.0743,-75.0348, , 
15686,158851,2016029958,6,67,67301,2016,2,1,1355,13,1,1,0,2,1, , ,N,0,0,0,3,0,1,2,2,N,N,39 58:12.149,75 12:28.790,1355, ,1355, ,0, ,N, ,0, , , , , , , , , ,2,1,1,0,0,0,0,0,0,0,0,0,1,1,0,0,0,0,0,1,0,0,0,0,0,0,0,0,0,0,0,0,0,0,0,8,0,39.97,-75.208, , 
15687,161742,2016025316,6,67,67301,2016,3,6,2233,22,3,1,0,4,1, , ,N,1,2,0,3,0,0,3,3,N,N,40 00:22.203,75 09:06.487,2233, ,2233, ,0, ,N, ,3, , , , , , , , , ,3,1,0,0,0,0,2,0,0,0,0,0,0,0,0,0,0,0,0,0,0,0,0,0,0,0,0,0,0,0,0,0,0,0,0,0,0,40.0062,-75.1518, , 
15688,161757,2016033925,6,67,67301,2016,3,1,1100,11,1,1,0,4,1, , ,N,1,3,0,3,0,2,2,2,N, ,39 57:43.350,75 11:58.011,1118, ,1115, ,0, , , ,3, , , , , , , , , ,2,1,0,0,0,0,1,0,0,0,0,2,2,0,0,0,0,0,0,0,0,0,0,1,0,0,0,0,0,0,0,0,0,0,0,4,0,39.962,-75.1994, , 
15689,161777,2016016271,6,67,67301,2016,2,4,2020,20,3,1,0,8,1, , ,N,1,2,0,3,0,1,2,2,N,N,39 59:04.850,75 09:23.377,2021, ,2020, ,0, ,N, ,3, , , , , , , , , ,1,0,0,0,0,0,1,0,0,0,0,1,1,0,0,0,0,0,0,0,1,0,0,0,0,0,0,0,0,0,0,0,1,0,0,4,0,39.9847,-75.1565, , 
15690,161794,2016047039,6,67,67301,2016,4,4,602,6,5,1,0,4,1, , ,N,1,2,2,3,0,1,2,2,N,N,40 05:58.224,74 59:10.989,607, ,603, ,0, , , ,3, , , , , , , , , ,1,0,0,0,0,0,1,0,1,0,0,1,1,0,0,0,0,0,0,0,0,0,0,0,0,0,0,0,0,0,0,0,0,0,0,4,0,40.0995,-74.9864, , 
15691,161798,2016052357,6,67,67301,2016,5,5,1034,10,1,1,0,4,1, , ,N,1,3,0,3,0,1,2,2,N,N,40 03:13.028,75 11:48.692,1041, ,1034, ,0, ,N, ,3, , , , , , , , , ,2,2,0,0,0,0,0,0,0,0,0,0,1,1,0,0,0,0,0,0,1,0,0,0,0,0,0,0,0,0,0,0,0,0,0,8,0,40.0536,-75.1969, , 
15692,161850,2016041425,6,67,67301,2016,3,5,9999,99,3,1,0,8,1, , ,N,1,3,0,3,0,1,2,2,N, ,39 57:18.196,75 12:36.257,1010, ,954, ,0, , , ,3, , , , , , , , , ,1,1,0,0,0,0,0,0,0,0,0,0,1,1,0,0,0,0,0,0,0,0,0,1,0,0,0,0,0,0,0,0,1,0,0,8,0,39.955,-75.21, , 
15693,161851,2016041438,6,67,67301,2016,4,7,710,7,1,2,1,4,1, , ,N,2,3,0,3,0,1,3,2,N, ,40 02:54.344,75 10:31.953,724, ,719,1,1,3, , ,3,N, , , , , , , , ,2,2,0,0,0,0,0,0,0,0,0,1,1,0,0,0,0,0,0,0,1,0,0,0,0,0,0,0,0,0,0,0,0,0,0,4,0,40.0484,-75.1755, , 
15694,161855,2016046149,6,67,67301,2016,4,6,440,4,3,1,0,4,1, , ,N,1,2,0,3,0,1,2,2,N,N,40 00:52.185,75 07:52.121,459, ,441,3,1,2,N, ,1,N, , , , , , , , ,2,1,0,0,0,0,0,1,0,0,0,1,1,0,1,0,0,0,0,0,0,0,0,0,0,0,0,0,0,0,0,0,0,0,0,4,0,40.0145,-75.1311, , 
15695,161873,2016013857,6,67,67301,2016,1,1,2132,21,3,2,1,1,1, , ,N,0,2,0,3,0,0,2,2,N, ,40 01:46.315,75 06:15.383,2135, ,2132,1,1,1, , ,3,N, , , , , , , , ,2,2,0,0,0,0,0,0,0,0,0,0,0,0,0,0,0,0,0,0,1,0,0,0,0,0,0,0,0,0,0,0,0,0,0,0,0,40.0295,-75.1043, , 
15696,161895,2016027585,6,67,67301,2016,2,3,1408,14,1,1,0,4,1, , ,N,1,2,0,3,0,2,2,5,N,N,40 02:41.686,75 04:49.238,1640, ,1627, ,0, ,N, ,3, , , , , , , , , ,5,3,0,0,0,0,2,0,0,0,0,2,2,0,0,0,0,0,0,0,0,0,0,0,0,0,0,0,0,0,0,0,0,0,0,4,0,40.0449,-75.0803, , 
15697,161897,2016029909,6,67,67301,2016,2,3,2120,21,3,2,1,4,1, , ,N,3,3,0,3,0,1,3,2,N, ,40 02:28.235,75 05:17.545,2134, ,2123,1,2,1, , ,3,N, , , , , , , , ,2,1,0,0,0,0,1,0,0,0,0,0,1,1,2,0,0,0,0,0,0,0,0,0,0,0,0,0,0,0,0,0,0,0,0,8,0,40.0412,-75.0882, , 
15698,161907,2016038286,6,67,67301,2016,4,7,337,3,3,1,0,7,3, , ,N,7,0,2,3,0,0,1,1,N,N,40 01:40.821,75 01:27.042,340, ,338, ,0, , , ,0, , , , , , , , , ,1,1,0,0,0,0,0,0,0,0,0,0,0,0,0,0,0,0,0,0,0,0,0,0,0,0,0,0,0,0,0,0,0,0,0,0,0,40.028,-75.0242, , 
15699,161909,2016044501,6,67,67301,2016,4,6,2155,21,3,1,0,4,1, , ,N,2,2,0,3,0,0,6,2,N,N,39 55:11.208,75 11:17.768,2159, ,2158, ,0, ,N, ,3, , , , , , , , , ,2,1,0,0,0,0,0,1,0,0,0,0,0,0,0,0,0,0,0,0,1,0,0,0,0,0,0,0,0,0,0,0,0,0,0,0,0,39.9198,-75.1883, , 
15700,161926,2016013803,6,67,67301,2016,1,4,0,0,3,1,0,4,1, , ,N,1,3,0,3,0,1,3,2,N,N,40 01:23.210,75 07:26.428,5, ,3, ,0, , , ,3, , , , , , , , , ,2,1,0,0,0,0,1,0,0,0,0,0,1,1,1,0,0,0,0,0,0,0,0,0,0,0,0,0,0,0,0,0,0,0,0,8,0,40.0231,-75.124, , 
15701,161944,2016029762,6,67,67301,2016,2,1,1905,19,3,1,0,4,1, , ,N,1,2,0,3,0,1,4,2,N,N,40 02:25.164,75 03:30.735,1920, ,1913, ,0, , , ,3, , , , , , , , , ,2,1,0,0,0,0,1,0,0,0,0,0,1,1,0,0,0,0,0,0,0,0,0,0,0,0,0,0,0,0,0,0,0,0,0,8,0,40.0403,-75.0585, , 
15702,161945,2016031073,6,67,67301,2016,2,6,1800,18,3,1,0,4,1, , ,N,2,2,7,3,0,1,3,2,N,N,39 54:52.301,75 09:11.322,1808, ,1800, ,0, ,N, ,3, , , , , , , , , ,2,1,0,0,0,0,0,1,0,0,0,0,1,1,0,0,0,0,0,0,1,0,0,0,0,0,0,0,0,0,0,0,0,0,0,8,0,39.9144,-75.1531, , 
15703,161957,2016044592,6,67,67301,2016,4,6,1730,17,1,1,0,4,1, , ,N,1,2,0,3,0,0,3,2,N,N,40 03:41.982,74 59:18.334,1905, ,1751, ,0, ,N, ,3, , , , , , , , , ,2,2,0,0,0,0,0,0,0,0,0,0,0,0,0,0,0,0,0,0,1,0,0,0,0,0,0,0,0,0,0,0,0,0,0,0,0,40.0616,-74.9884, , 
15704,161958,2016044727,6,67,67301,2016,5,2,1727,17,1,1,0,4,1, , ,N,1,3,0,3,0,0,2,2,N,N,39 58:40.814,75 09:49.600,1737, ,1732,2,1,4,N, ,3,Y, , , , , , , , ,2,2,0,0,0,0,0,0,0,0,0,0,0,0,0,0,0,0,0,0,0,0,0,0,0,0,0,0,0,0,0,0,0,0,0,0,0,39.978,-75.1638, , 
15705,165464,2016038194,6,67,67301,2016,3,4,2243,22,3,1,0,5,1, , ,N,0,0,0,3,0,0,4,2,N,N,39 55:26.769,75 10:03.167,2310, ,2305,2,1,4,N, ,0,N, , , , , , , , ,2,0,0,0,0,0,2,0,0,0,0,0,0,0,0,0,0,0,0,0,0,0,0,0,0,0,0,0,0,0,0,0,0,0,0,0,0,39.9241,-75.1675, , 
15706,165470,2016048690,6,67,67301,2016,4,5,838,8,1,1,0,6,1, , ,N,0,0,0,3,0,1,2,2,N,N,40 04:17.939,75 04:46.965,915, ,905,1,2,2,N, ,0,Y, , , , , , , , ,2,0,0,0,0,1,0,1,0,0,0,0,1,1,0,0,0,0,0,0,1,0,0,0,0,0,0,0,0,0,0,0,0,0,0,8,1,40.0716,-75.0797, , 
15707,165473,2016050851,6,67,67301,2016,1,6,1715,17,3,1,0,1,1, , ,N,0,2,0,3,0,2,3,2,N,N,40 00:50.903,75 10:40.511,0, ,0, ,0, ,N, ,3, , , , , , , , , ,2,0,0,0,0,0,1,0,0,0,0,0,2,2,0,0,0,0,0,0,0,1,0,1,0,0,0,0,0,0,0,0,0,0,0,8,0,40.0141,-75.1779, , 
15708,165483,2016058629,6,67,67301,2016,5,2,223,2,3,1,0,5,6, , ,N,0,0,0,3,0,0,1,4,N,N,39 58:13.836,75 14:02.555,230, ,228,1,1,4,N, ,0,N, , , , , , , , ,4,2,0,0,1,0,1,0,0,0,0,0,0,0,0,0,0,0,0,0,0,0,0,1,0,0,0,0,0,0,0,0,0,0,0,0,0,39.9705,-75.234, , 
15709,165499,2016022650,6,67,67301,2016,2,5,1811,18,3,1,0,1,1, , ,N,0,0,0,3,0,2,3,3,N,N,39 58:30.548,75 11:39.718,1820, ,1813,2,2,5,N, ,0,Y, , , , , , , , ,3,2,0,0,0,0,1,0,0,0,0,0,2,2,0,0,0,0,0,0,2,0,0,0,0,0,0,0,0,0,0,0,0,0,0,8,0,39.9752,-75.1944, , 
15710,165501,2016026165,6,67,67301,2016,2,3,609,6,1,8,5,7,4, , ,N,0,0,0,3,0,2,2,1,N,N,39 59:21.875,75 13:19.083,620, ,610, ,0, ,N, ,0, , , , , , , , , ,1,1,0,0,0,0,0,0,0,0,1,1,2,0,0,0,0,0,0,0,0,0,0,0,0,0,0,0,0,0,0,0,0,0,0,3,0,39.9894,-75.222, , 
15711,165503,2016028854,6,67,67301,2016,3,7,217,2,3,1,0,7,4, , ,N,0,0,0,3,0,1,1,1,N,N,39 55:48.251,75 11:53.202,220, ,218,1,2,4, , ,0,N, , , , , , , , ,1,1,0,0,0,0,0,0,0,0,0,0,1,1,0,0,0,0,0,0,0,0,0,0,0,0,0,0,0,0,0,0,0,0,0,8,0,39.9301,-75.1981, , 
15712,165521,2016048627,6,67,67301,2016,4,3,1618,16,1,2,1,4,1, , ,N,1,2,0,3,0,1,2,2,N,N,40 00:09.455,75 07:27.886,1635, ,1623, ,0, ,N, ,3, , , , , , , , , ,2,1,0,0,0,0,1,0,0,0,0,0,1,1,0,0,0,0,0,0,0,0,0,2,0,0,0,0,0,0,0,0,0,0,0,8,0,40.0026,-75.1244, , 
15713,165524,2016054157,6,67,67301,2016,5,5,2043,20,3,1,0,5,6, , ,N,0,0,0,3,0,1,6,2,N,N,40 02:45.530,75 09:01.547,2122, ,2119, ,0, ,N, ,0, , , , , , , , , ,2,1,0,0,0,0,1,0,0,0,0,1,1,0,0,0,0,0,0,0,0,0,0,0,0,0,0,0,0,0,0,0,0,0,0,4,0,40.046,-75.1504, , 
15714,165546,2016013752,6,67,67301,2016,1,4,649,6,1,1,0,5,1, , ,N,2,0,0,3,0,0,1,2,N, ,40 02:07.220,75 11:35.115,655, ,652, ,0, ,N, ,0, , , , , , , , , ,2,2,0,0,0,0,0,0,0,0,0,0,0,0,0,0,0,0,0,0,0,0,0,1,0,0,0,0,0,0,0,0,0,0,0,0,0,40.0353,-75.1931, , 
15715,165555,2016026066,6,67,67301,2016,2,6,131,1,3,2,1,1,1, , ,N,0,0,7,3,0,0,3,2,N,N,40 03:02.960,75 00:35.559,135, ,131, ,0, ,N, ,0, , , , , , , , , ,2,1,0,0,1,0,0,0,0,0,0,0,0,0,0,0,0,0,0,0,0,0,0,0,0,0,0,0,0,0,0,0,0,0,0,0,0,40.0508,-75.0099, , 