objectid_1,objectid,crn,district,county,municipality,crash_year,crash_month,day_of_week,time_of_day,hour_of_day,illumination,weather,road_condition,collision_type,relation_to_road,work_zone_type,work_zone_loc,work_zone_ind,intersect_type,tcd_type,location_type,urban_rural,fatal_count,injury_count,person_count,total_units,sch_bus_ind,sch_zone_ind,latitude,longitude,arrival_tm,cons_zone_spd_lim,dispatch_tm,est_hrs_closed,lane_closed,ln_close_dir,ntfy_hiwy_maint,spec_juris_cd,tcd_func_cd,tfc_detour_ind,workers_pres,wz_close_detour,wz_flagger,wz_law_offcr_ind,wz_ln_closure,wz_moving,wz_other,wz_shlder_mdn,vehicle_count,automobile_count,motorcycle_count,bus_count,small_truck_count,heavy_truck_count,suv_count,van_count,bicycle_count,maj_inj_count,mod_inj_count,min_inj_count,tot_inj_count,unk_inj_deg_count,unk_inj_per_count,driver_count_16yr,driver_count_17yr,driver_count_18yr,driver_count_19yr,driver_count_20yr,driver_count_50_64yr,driver_count_65_74yr,driver_count_75plus,unbelted_occ_count,unb_death_count,unb_maj_inj_count,belted_death_count,belted_maj_inj_count,mcycle_death_count,mcycle_maj_inj_count,bicycle_death_count,bicycle_maj_inj_count,ped_count,ped_death_count,ped_maj_inj_count,max_severity_level,comm_veh_count,dec_lat,dec_long,rdwy_surf_type_cd,county_name
15716,165562,2016039771,6,67,67301,2016,4,6,1448,14,1,1,0,1,1, , ,N,7,3,2,3,0,1,2,2,N,N,40 00:31.674,75 12:17.709,1502, ,1452, ,0, , , ,3, , , , , , , , , ,2,2,0,0,0,0,0,0,0,0,0,0,1,1,0,0,0,0,0,0,0,0,0,0,0,0,0,0,0,0,0,0,0,0,0,8,0,40.0088,-75.2049, , 
15717,165571,2016047770,6,67,67301,2016,4,4,2100,21,3,1,0,4,1, , ,N,1,3,0,3,0,1,2,2,N, ,40 00:22.489,75 08:27.049,2110, ,2102, ,0, , , ,3, , , , , , , , , ,2,1,1,0,0,0,0,0,0,0,0,1,1,0,0,0,0,0,0,0,0,0,0,1,0,0,0,0,0,0,0,0,0,0,0,4,0,40.0062,-75.1408, , 
15718,165599,2016029895,6,67,67301,2016,3,3,1750,17,1,1,0,4,1, , ,N,1,2,0,3,0,1,3,3,N, ,40 00:49.975,75 07:33.617,1801, ,1800,1,1,7, , ,3,Y, , , , , , , , ,3,2,0,0,0,0,0,1,0,0,0,1,1,0,0,0,0,0,0,0,1,0,0,0,0,0,0,0,0,0,0,0,0,0,0,4,0,40.0139,-75.126, , 
15719,165621,2016052854,6,67,67301,2016,5,1,2220,22,3,2,1,2,6, , ,N,0,0,0,3,0,1,1,4,N, ,40 01:52.856,75 06:37.193,2330, ,2316,3,1,2, , ,0,Y, , , , , , , , ,4,2,0,0,0,0,1,1,0,0,0,1,1,0,0,0,0,0,0,0,0,0,0,0,0,0,0,0,0,0,0,0,0,0,0,4,0,40.0313,-75.1103, , 
15720,165624,2016054197,6,67,67301,2016,5,4,41,0,3,1,0,5,1, , ,N,0,0,0,3,0,0,2,2,N, ,40 01:02.932,75 10:21.965,49, ,45, ,0, , , ,0, , , , , , , , , ,2,2,0,0,0,0,0,0,0,0,0,0,0,0,0,0,0,0,0,0,0,0,0,1,0,0,0,0,0,0,0,0,0,0,0,0,0,40.0175,-75.1728, , 
15721,165662,2016058609,6,67,67301,2016,5,4,635,6,1,1,0,4,1, , ,N,0,0,0,3,0,2,3,3,N,N,40 01:05.904,75 08:54.807,650, ,640,2,1,4,N, ,0,Y, , , , , , , , ,3,1,0,0,1,0,1,0,0,0,0,1,2,1,0,0,0,0,0,0,1,0,0,2,0,0,0,0,0,0,0,0,0,0,0,4,0,40.0183,-75.1486, , 
15722,165688,2016019840,6,67,67301,2016,2,3,1241,12,1,1,0,8,1, , ,N,1,2,0,3,0,1,2,2,N, ,39 55:29.143,75 14:08.116,1250, ,1247, ,0, , , ,3, , , , , , , , , ,1,0,0,0,0,0,0,1,0,0,0,1,1,0,0,0,0,0,0,0,0,0,0,0,0,0,0,0,0,0,0,0,1,0,0,4,0,39.9248,-75.2356, , 
15723,155757,2016029771,6,67,67301,2016,2,5,2100,21,3,1,0,4,1, , ,N,1,3,0,3,0,2,3,2,N,N,40 02:12.962,75 11:41.904,2114, ,2112, ,0, ,N, ,3, , , , , , , , , ,2,1,0,0,0,0,1,0,0,0,0,2,2,0,0,0,0,0,0,0,0,0,0,0,0,0,0,0,0,0,0,0,0,0,0,4,0,40.0369,-75.195, , 
15724,155759,2016033494,6,67,67301,2016,3,3,1,0,3,1,1,7,4, , ,N,0,0,0,3,0,2,3,1,N,N,40 02:34.100,75 00:12.600,14, ,2,1,1,2, , ,0,N, , , , , , , , ,1,1,0,0,0,0,0,0,0,0,2,0,2,0,0,0,0,0,1,0,0,0,0,0,0,0,0,0,0,0,0,0,0,0,0,3,0,40.0428,-75.0035, , 
15725,155760,2016033769,6,67,67301,2016,3,3,1040,10,1,1,0,4,1, , ,N,1,2,0,3,0,2,3,2,N, ,40 02:35.284,75 04:25.695,1048, ,1044, ,0, , , ,3, , , , , , , , , ,2,1,0,0,0,0,0,1,0,0,2,0,2,0,0,0,0,1,0,0,1,0,0,1,0,0,0,0,0,0,0,0,0,0,0,3,0,40.0431,-75.0738, , 
15726,155761,2016033798,6,67,67301,2016,3,1,1521,15,1,1,0,4,1, , ,N,1,2,0,3,0,1,2,2,N,N,39 58:46.512,75 07:46.051,1527, ,1526, ,0, , , ,3, , , , , , , , , ,2,1,1,0,0,0,0,0,0,0,0,0,1,1,0,0,0,0,0,0,1,0,0,0,0,0,0,0,0,0,0,0,0,0,0,8,0,39.9796,-75.1295, , 
15727,155776,2016051284,6,67,67301,2016,4,2,50,0,3,1,0,7,2, , ,N,0,0,0,3,0,0,1,1,N,N,39 58:51.900,75 13:47.100,50, ,50, ,0, ,N, ,0, , , , , , , , , ,1,1,0,0,0,0,0,0,0,0,0,0,0,0,0,0,0,0,0,0,0,0,0,0,0,0,0,0,0,0,0,0,0,0,0,0,0,39.9811,-75.2298, , 
15728,155777,2016052842,6,67,67301,2016,5,1,10,0,3,1,0,1,1, , ,N,0,0,0,3,0,2,6,2,N,N,40 02:07.983,75 08:43.809,205, ,10, ,0, ,N, ,0, , , , , , , , , ,2,2,0,0,0,0,0,0,0,0,0,2,2,0,0,0,0,0,0,0,1,0,0,0,0,0,0,0,0,0,0,0,0,0,0,4,0,40.0356,-75.1455, , 
15729,155778,2016053673,6,67,67301,2016,5,3,1614,16,1,1,0,8,1, , ,N,1,2,0,3,0,1,2,2,N, ,39 57:39.360,75 14:42.201,1623, ,1621, ,0, , , ,3, , , , , , , , , ,1,0,0,0,1,0,0,0,0,0,1,0,1,0,0,0,0,0,0,0,0,0,0,1,0,0,0,0,0,0,0,0,1,0,0,3,0,39.9609,-75.245, , 
15730,155784,2016058529,6,67,67301,2016,5,7,1000,10,1,2,1,4,1, , ,N,1,0,0,3,0,1,2,2,N,N,39 57:51.440,75 14:47.280,1005, ,1005, ,0, ,N, ,0, , , , , , , , , ,2,2,0,0,0,0,0,0,0,0,0,0,1,1,0,0,0,0,0,0,0,0,0,1,0,0,0,0,0,0,0,0,0,0,0,8,0,39.9643,-75.2464, , 
15731,155786,2016062653,6,67,67301,2016,5,5,1434,14,1,1,0,4,1, , ,N,1,2,0,3,0,1,2,2,N,N,40 00:51.570,75 10:41.163,1450, ,1442, ,0, , , ,3, , , , , , , , , ,2,1,0,0,0,0,1,0,0,0,0,1,1,0,0,0,0,0,0,0,0,1,0,1,0,0,0,0,0,0,0,0,0,0,0,4,0,40.0143,-75.1781, , 
15732,155821,2016033126,6,67,67301,2016,3,3,1600,16,1,1,0,5,1, , ,N,0,0,0,3,0,1,2,2,N, ,39 55:58.895,75 10:39.517,1602, ,1602, ,0, , , ,0, , , , , , , , , ,1,1,0,0,0,0,0,0,1,0,0,1,1,0,0,0,0,0,0,0,0,0,0,1,0,0,0,0,0,0,0,0,0,0,0,4,0,39.933,-75.1776, , 
15733,155823,2016033914,6,67,67301,2016,3,1,1035,10,1,1,0,4,1, , ,N,2,2,0,3,0,0,2,2,N,N,39 57:19.815,75 11:17.772,1036, ,1035,1,1,4,N, ,3,Y, , , , , , , , ,2,2,0,0,0,0,0,0,0,0,0,0,0,0,0,0,0,0,0,0,0,0,0,0,0,0,0,0,0,0,0,0,0,0,0,0,0,39.9554,-75.1882, , 
15734,155830,2016040902,6,67,67301,2016,4,2,1938,19,3,2,1,4,1, , ,N,0,0,7,3,0,1,5,2,N,N,40 00:21.733,75 05:28.948,1940, ,1938,1,1,1,N, ,0,N, , , , , , , , ,2,2,0,0,0,0,0,0,0,0,0,1,1,0,0,0,0,0,0,1,0,0,0,1,0,0,0,0,0,0,0,0,0,0,0,4,0,40.006,-75.0914, , 
15735,155831,2016041008,6,67,67301,2016,3,5,1817,18,1,1,0,1,1, , ,N,0,0,0,3,0,1,2,2,N, ,39 57:53.243,75 10:40.983,1819, ,1817, ,0, , , ,0, , , , , , , , , ,2,1,0,0,0,0,0,1,0,0,0,0,1,1,0,0,0,0,0,0,0,0,0,1,0,0,0,0,0,0,0,0,0,0,0,8,0,39.9648,-75.1781, , 
15736,155841,2016008023,6,67,67301,2016,1,7,542,5,3,2,1,7,4, , ,N,0,0,0,3,0,0,1,1,N,N,39 58:59.020,75 12:28.619,542, ,542,1,1,4, , ,0,N, , , , , , , , ,1,1,0,0,0,0,0,0,0,0,0,0,0,0,0,0,0,0,0,0,0,0,0,0,0,0,0,0,0,0,0,0,0,0,0,0,0,39.9831,-75.2079, , 
15737,155866,2016033852,6,67,67301,2016,3,4,1500,15,1,1,0,8,1, , ,N,1,3,0,3,0,1,2,2,N,N,40 01:30.262,75 07:02.589,1552, ,1550, ,0, ,N, ,3, , , , , , , , , ,1,0,0,0,0,0,1,0,0,0,0,1,1,0,0,0,0,0,0,0,0,0,0,0,0,0,0,0,0,0,0,0,1,0,0,4,0,40.0251,-75.1174, , 
15738,155916,2016036474,6,67,67301,2016,3,4,613,6,5,1,0,1,1, , ,N,0,0,3,3,0,0,2,2,N,N,39 53:52.171,75 12:41.774,616, ,613,2,2,4,N, ,0,N, , , , , , , , ,2,1,0,0,1,0,0,0,0,0,0,0,0,0,0,0,0,0,0,0,0,0,0,0,0,0,0,0,0,0,0,0,0,0,0,0,0,39.8978,-75.2116, , 
15739,155925,2016044545,6,67,67301,2016,4,3,1256,12,1,1,0,1,1, , ,N,1,2,0,3,0,0,3,2,N,N,39 55:06.690,75 14:30.530,1256, ,1256, ,0, ,N, ,3, , , , , , , , , ,2,1,0,0,0,0,0,1,0,0,0,0,0,0,1,0,0,0,0,0,0,0,0,2,0,0,0,0,0,0,0,0,0,0,0,9,0,39.9185,-75.2418, , 
15740,155928,2016048686,6,67,67301,2016,4,6,301,3,3,1,0,7,4, , ,N,0,0,0,3,0,0,1,1,N,N,40 01:26.394,75 11:04.202,320, ,314, ,0, , , ,0, , , , , , , , , ,1,1,0,0,0,0,0,0,0,0,0,0,0,0,1,0,0,0,0,0,0,0,0,0,0,0,0,0,0,0,0,0,0,0,0,9,0,40.024,-75.1845, , 
15741,155930,2016049440,6,46,46102,2016,5,2,515,5,5,1,0,8,1, , ,N,1,2,0,3,0,1,2,2,N,N,40 04:18.194,75 09:14.605,522, ,518, ,0, ,N, ,3, , , , , , , , , ,1,1,0,0,0,0,0,0,0,0,0,0,1,1,0,0,0,0,0,0,0,1,0,0,0,0,0,0,0,0,0,0,1,0,0,8,0,40.0717,-75.1541, , 
15742,158863,2016043296,6,67,67301,2016,4,4,1806,18,1,1,0,8,1, , ,N,1,2,0,3,0,1,3,2,N,N,39 59:49.557,75 14:07.172,1810, ,1806, ,0, ,N, ,3, , , , , , , , , ,1,1,0,0,0,0,0,0,0,0,0,1,1,0,0,0,0,0,0,0,0,0,0,0,0,0,0,0,0,0,0,0,1,0,0,4,0,39.997,-75.2353, , 
15743,158875,2016062621,6,67,67301,2016,5,5,1700,17,1,1,0,1,1, , ,N,0,2,0,3,0,1,3,2,N,N,39 57:14.942,75 10:09.930,1720, ,1715, ,0, ,N, ,3, , , , , , , , , ,2,2,0,0,0,0,0,0,0,0,0,1,1,0,0,0,0,0,0,0,0,0,0,1,0,0,0,0,0,0,0,0,0,0,0,4,0,39.9542,-75.1694, , 
15744,158908,2016046971,6,67,67301,2016,4,6,1501,15,1,1,0,8,1, , ,N,2,3,0,3,0,1,2,2,N,N,39 56:55.611,75 09:14.749,1501, ,1501, ,0, ,N, ,3, , , , , , , , , ,1,0,0,0,1,0,0,0,0,0,1,0,1,0,0,0,0,0,0,0,0,0,0,0,0,0,0,0,0,0,0,0,1,0,0,3,0,39.9488,-75.1541, , 
15745,158914,2016052278,6,67,67301,2016,4,5,9999,99,3,2,1,4,1, , ,N,0,0,7,3,0,1,6,2,N, ,40 01:51.588,75 06:16.541,806, ,800, ,0, , , ,0, , , , , , , , , ,2,0,0,0,0,0,2,0,0,0,0,1,1,0,0,0,0,0,0,0,0,0,0,2,0,0,0,0,0,0,0,0,0,0,0,4,0,40.031,-75.1046, , 
15746,158915,2016052284,6,67,67301,2016,5,4,1800,18,1,9,0,8,1, , ,N,1,0,0,3,0,1,2,2,N,N,40 01:49.610,75 10:35.990,2040, ,2030, ,0, , , ,0, , , , , , , , , ,1,1,0,0,0,0,0,0,0,1,0,0,1,0,0,0,0,0,0,0,0,0,0,0,0,0,0,0,0,0,0,0,1,0,1,2,0,40.0304,-75.1767, , 
15747,158925,2016065698,6,67,67301,2016,6,7,1900,19,1,1,0,4,1, , ,N,2,3,0,3,0,1,7,2,N,N,39 57:22.441,75 14:53.151,1926, ,1913, ,0, , , ,3, , , , , , , , , ,2,1,0,0,0,0,1,0,0,0,0,1,1,0,6,0,0,0,0,0,0,1,0,1,0,0,0,0,0,0,0,0,0,0,0,4,0,39.9562,-75.2481, , 
15748,158940,2016028315,6,67,67301,2016,2,5,9999,99,1,4,5,4,1, , ,N,1,2,0,3,0,1,2,2,N, ,40 05:24.064,74 59:03.324,940, ,940, ,0, , , ,3, , , , , , , , , ,2,2,0,0,0,0,0,0,0,0,0,1,1,0,0,0,0,0,0,0,1,0,0,0,0,0,0,0,0,0,0,0,0,0,0,4,0,40.0899,-74.9842, , 
15749,158941,2016029834,6,67,67301,2016,3,7,1246,12,1,1,0,4,1, , ,N,1,3,0,3,0,0,2,2,N,N,39 56:56.623,75 09:20.444,1253, ,1247, ,0, ,N, ,3, , , , , , , , , ,2,0,0,0,0,0,2,0,0,0,0,0,0,0,0,0,0,0,0,0,1,0,0,2,0,0,0,0,0,0,0,0,0,0,0,0,0,39.9491,-75.1557, , 
15750,158942,2016033893,6,67,67301,2016,3,6,1800,18,4,1,0,5,1, , ,N,0,0,0,3,0,2,2,2,N,N,39 59:16.811,75 10:53.852,1852, ,1800, ,0, ,N, ,0, , , , , , , , , ,2,1,0,0,0,0,1,0,0,0,0,1,2,1,0,0,0,0,0,0,0,0,0,0,0,0,0,0,0,0,0,0,0,0,0,4,0,39.988,-75.1816, , 
15751,158949,2016048518,6,67,67301,2016,4,7,2003,20,3,1,0,6,6, , ,N,0,0,0,3,0,0,1,2,N,N,40 04:20.380,75 11:02.432,2120, ,2116, ,0, ,N, ,0, , , , , , , , , ,2,1,0,0,0,0,1,0,0,0,0,0,0,0,0,0,0,0,0,0,1,0,0,0,0,0,0,0,0,0,0,0,0,0,0,0,0,40.0723,-75.184, , 
15752,158950,2016048637,6,67,67301,2016,4,4,2110,21,3,1,0,1,1, , ,N,1,2,0,3,0,2,5,2,N,N,40 01:00.965,75 09:05.545,2116, ,2116, ,0, ,N, ,3, , , , , , , , , ,2,1,0,0,0,0,0,1,0,0,0,0,2,2,0,0,0,0,0,0,2,0,0,0,0,0,0,0,0,0,0,0,0,0,0,8,0,40.0169,-75.1516, , 
15753,158960,2016060853,6,67,67301,2016,5,7,9999,99,1,2,1,5,1, , ,N,0,0,0,3,0,0,1,2,N,N,39 59:07.526,75 06:00.496,9999, ,9999, ,0, ,N, ,0, , , , , , , , , ,2,2,0,0,0,0,0,0,0,0,0,0,0,0,0,0,0,0,0,0,0,0,0,0,0,0,0,0,0,0,0,0,0,0,0,0,0,39.9854,-75.1001, , 
15754,158963,2016064021,6,67,67301,2016,5,2,1030,10,1,1,0,8,1, , ,N,2,3,0,3,0,1,2,2,N, ,39 54:55.634,75 09:37.149,1147, ,1138, ,0, , , ,3, , , , , , , , , ,1,0,0,0,0,0,1,0,0,0,0,0,1,1,1,0,0,0,0,0,0,0,0,1,0,0,0,0,0,0,0,0,1,0,0,8,0,39.9154,-75.1603, , 
15755,158991,2016027555,6,67,67301,2016,2,6,738,7,1,1,0,1,1, , ,N,0,0,0,3,0,0,2,2,N,N,40 01:00.090,75 11:16.679,831, ,739, ,0, , , ,0, , , , , , , , , ,2,0,0,0,0,0,1,0,0,0,0,0,0,0,1,0,0,0,0,0,0,0,0,0,0,0,0,0,0,0,0,0,0,0,0,9,0,40.0167,-75.188, , 
15756,159013,2016043376,6,67,67301,2016,4,4,840,8,1,1,0,1,1, , ,N,0,0,0,3,0,1,4,3,N,Y,39 56:46.917,75 14:39.883,845, ,842, ,0, ,N, ,0, , , , , , , , , ,3,3,0,0,0,0,0,0,0,0,0,0,1,1,0,0,0,0,0,0,0,0,0,3,0,0,0,0,0,0,0,0,0,0,0,8,0,39.9464,-75.2444, , 
15757,159027,2016013819,6,67,67301,2016,1,4,1728,17,3,1,0,4,1, , ,N,1,2,0,3,0,0,2,2,N, ,39 58:35.560,75 07:11.032,1728, ,1728,2,1,1, , ,3,N, , , , , , , , ,2,2,0,0,0,0,0,0,0,0,0,0,0,0,0,0,0,0,0,0,1,0,0,0,0,0,0,0,0,0,0,0,0,0,0,0,0,39.9765,-75.1197, , 
15758,159062,2016062641,6,67,67301,2016,5,6,2100,21,3,1,0,8,1, , ,N,1,2,0,3,0,1,2,2,N, ,40 03:04.368,75 03:57.572,2100, ,2100, ,0, , , ,3, , , , , , , , , ,1,1,0,0,0,0,0,0,0,0,0,0,1,1,0,0,0,0,0,0,0,0,0,0,0,0,0,0,0,0,0,0,1,0,0,8,0,40.0512,-75.0661, , 
15759,159063,2016062661,6,67,67301,2016,5,5,700,7,1,1,0,4,1, , ,N,1,2,0,3,0,1,2,2,N,N,40 05:56.940,74 59:44.015,835, ,830, ,0, , , ,3, , , , , , , , , ,2,0,0,0,0,0,2,0,0,0,0,1,1,0,0,0,0,0,0,0,1,0,0,1,0,0,0,0,0,0,0,0,0,0,0,4,0,40.0992,-74.9956, , 
15760,161969,2016013816,6,67,67301,2016,1,4,1130,11,1,1,0,4,1, , ,N,1,3,0,3,0,3,3,2,N, ,39 58:14.108,75 09:03.120,1140, ,1134, ,0, , , ,3, , , , , , , , , ,2,1,0,0,0,0,1,0,0,0,0,3,3,0,0,0,0,0,0,1,0,0,0,0,0,0,0,0,0,0,0,0,0,0,0,4,0,39.9705,-75.151, , 
15761,161971,2016017045,6,67,67301,2016,1,5,1641,16,3,1,0,5,1, , ,N,0,0,0,3,0,0,2,2,N, ,39 57:12.185,75 09:53.399,1645, ,1642, ,0, , , ,0, , , , , , , , , ,2,1,0,0,0,1,0,0,0,0,0,0,0,0,0,0,0,0,0,0,0,0,0,0,0,0,0,0,0,0,0,0,0,0,0,0,1,39.9534,-75.1648, , 
15762,161975,2016019810,6,67,67301,2016,2,4,1326,13,1,2,1,4,1, , ,N,1,0,0,3,0,2,4,2,N, ,40 00:15.152,75 08:02.475,1326, ,1326, ,0, , , ,0, , , , , , , , , ,2,2,0,0,0,0,0,0,0,0,0,2,2,0,0,0,0,0,0,0,0,0,0,4,0,0,0,0,0,0,0,0,0,0,0,4,0,40.0042,-75.134, , 
15763,161992,2016040943,6,67,67301,2016,3,4,9999,99,1,1,0,8,1, , ,N,0,0,0,3,0,1,2,2,N, ,39 57:12.701,75 10:05.914,1845, ,1838, ,0, , , ,0, , , , , , , , , ,1,0,0,0,0,0,1,0,0,0,0,1,1,0,0,0,0,0,0,0,0,0,0,0,0,0,0,0,0,0,0,0,1,0,0,4,0,39.9535,-75.1683, , 
15764,161998,2016046119,6,67,67301,2016,4,4,1540,15,1,1,0,4,1, , ,N,1,2,0,3,0,1,2,2,N,N,39 55:20.731,75 13:23.335,1601, ,1556,2,2,4,N, ,3,Y, , , , , , , , ,2,2,0,0,0,0,0,0,0,0,0,1,1,0,0,0,0,0,0,0,0,0,0,1,0,0,0,0,0,0,0,0,0,0,0,4,0,39.9224,-75.2232, , 
15765,162017,2016013843,6,67,67301,2016,1,1,250,2,3,1,0,4,1, , ,N,1,2,0,3,0,0,2,2,N, ,39 57:04.568,75 10:01.915,305, ,255, ,0, , , ,3, , , , , , , , , ,2,2,0,0,0,0,0,0,0,0,0,0,0,0,0,0,0,0,0,0,0,0,0,0,0,0,0,0,0,0,0,0,0,0,0,0,0,39.9512,-75.167, , 
15766,162036,2016033111,6,67,67301,2016,3,2,1728,17,1,1,0,4,1, , ,N,2,2,0,3,0,0,4,2,N, ,40 02:12.961,75 08:42.306,1749, ,747, ,0, , , ,3, , , , , , , , , ,2,1,0,0,0,0,1,0,0,0,0,0,0,0,0,0,0,0,0,0,0,1,0,0,0,0,0,0,0,0,0,0,0,0,0,0,0,40.0369,-75.1451, , 
15767,162044,2016041423,6,67,67301,2016,3,4,733,7,1,1,0,4,1, , ,N,0,0,7,3,1,4,6,5,N,N,39 56:12.678,75 12:45.203,744, ,736, ,0, ,N,0,0, , , , , , , , , ,5,3,0,0,0,1,1,0,0,0,0,0,4,4,0,0,0,0,0,0,1,0,0,0,0,0,0,0,0,0,0,0,0,0,0,1,1,39.9369,-75.2126,2, 
15768,162059,2016013723,6,67,67301,2016,1,7,150,1,3,2,1,4,1, , ,N,1,2,0,3,0,2,2,2,N,N,39 57:24.012,75 11:52.849,154, ,150, ,0, ,N, ,3, , , , , , , , , ,2,1,0,0,0,0,0,1,0,0,0,2,2,0,0,0,0,0,0,0,1,0,0,0,0,0,0,0,0,0,0,0,0,0,0,4,0,39.9566,-75.198, , 
15769,162065,2016019815,6,67,67301,2016,2,5,930,9,1,1,0,4,1, , ,N,1,2,0,3,0,2,3,2,N,N,40 01:04.608,75 08:57.650,940, ,936, ,0, ,N, ,3, , , , , , , , , ,2,2,0,0,0,0,0,0,0,0,0,1,2,1,0,0,0,0,0,0,0,0,0,0,0,0,0,0,0,0,0,0,0,0,0,4,0,40.0179,-75.1493, , 
15770,162091,2016049318,6,67,67301,2016,5,1,1021,10,1,2,7,7,3,1,4,Y,0,0,0,3,0,0,1,1,N,N,40 01:02.552,75 02:57.329,1058,45,1037,3,2,1, , ,0,N,N,N,N,N,N,Y,N,Y,1,1,0,0,0,0,0,0,0,0,0,0,0,0,0,0,0,0,0,0,0,0,0,0,0,0,0,0,0,0,0,0,0,0,0,0,0,40.0174,-75.0493, , 
15771,162095,2016053720,6,67,67301,2016,5,1,1415,14,1,1,0,4,1, , ,N,1,2,0,3,0,1,2,2,N, ,40 01:04.383,75 04:57.342,1720, ,1715, ,0, , , ,3, , , , , , , , , ,2,1,0,0,0,0,1,0,0,0,0,1,1,0,0,0,0,0,0,0,0,0,0,1,0,0,0,0,0,0,0,0,0,0,0,4,0,40.0179,-75.0826, , 
15772,162127,2016029763,6,67,67301,2016,3,6,735,7,1,4,4,1,1, , ,N,0,0,3,3,0,0,2,2,N,N,39 57:19.693,75 10:47.147,750, ,742, ,0, ,N, ,0, , , , , , , , , ,2,2,0,0,0,0,0,0,0,0,0,0,0,0,0,0,0,0,0,0,0,0,0,0,0,0,0,0,0,0,0,0,0,0,0,0,0,39.9555,-75.1798, , 
15773,162131,2016035355,6,67,67301,2016,3,7,9999,99,1,1,0,4,1, , ,N,0,0,7,3,0,1,5,2,N,N,40 05:30.501,74 58:34.006,1000, ,9999, ,0, ,N, ,0, , , , , , , , , ,2,1,0,0,0,0,1,0,0,0,0,1,1,0,0,0,0,0,0,0,0,0,0,0,0,0,0,0,0,0,0,0,0,0,0,4,0,40.0918,-74.9761, , 
15774,162150,2016051330,6,67,67301,2016,5,1,1045,10,1,2,1,7,1, , ,N,0,0,0,3,0,0,1,1,N,N,39 59:01.728,75 05:48.746,1045, ,1045,3,1,1, , ,0,N, , , , , , , , ,1,0,0,0,0,1,0,0,0,0,0,0,0,0,0,0,0,0,0,0,1,0,0,0,0,0,0,0,0,0,0,0,0,0,0,0,1,39.9838,-75.0969, , 
15775,162158,2016013887,6,67,67301,2016,1,2,1047,10,1,1,0,4,1, , ,N,1,2,0,3,0,0,2,2,N, ,39 59:09.524,75 09:58.003,1145, ,1141, ,0, , , ,3, , , , , , , , , ,2,0,0,0,0,0,0,2,0,0,0,0,0,0,0,0,0,0,0,0,2,0,0,0,0,0,0,0,0,0,0,0,0,0,0,0,0,39.986,-75.1661, , 
15776,162170,2016033961,6,67,67301,2016,3,5,1618,16,1,1,0,2,1, , ,N,2,0,2,3,0,1,2,2,N,N,40 00:24.934,75 04:06.372,1641, ,1618,1,2,6, , ,0,N, , , , , , , , ,2,0,1,0,0,0,1,0,0,0,0,0,1,1,0,0,0,0,0,0,1,0,0,0,0,0,0,0,0,0,0,0,0,0,0,8,0,40.0066,-75.0682, , 
15777,162188,2016048696,6,67,67301,2016,4,1,1755,17,1,1,0,1,1, , ,N,2,3,0,3,0,1,2,2,N,N,40 07:11.834,74 59:43.018,1805, ,1758, ,0, ,N, ,3, , , , , , , , , ,2,1,0,0,0,1,0,0,0,0,0,0,1,1,0,0,0,0,0,0,1,0,0,0,0,0,0,0,0,0,0,0,0,0,0,8,1,40.12,-74.9953, , 
15778,197191,2016117744,6,67,67301,2016,10,4,1248,12,1,1,0,4,1, , ,N,2,3,0,3,0,1,2,2,N,N,40 07:04.443,75 00:24.231,1305, ,1300, ,0, , , ,3, , , , , , , , , ,2,0,0,0,0,0,1,1,0,0,0,1,1,0,0,0,0,0,0,0,0,2,0,0,0,0,0,0,0,0,0,0,0,0,0,4,0,40.1179,-75.0067, , 
15779,197203,2016045725,6,67,67301,2016,4,4,1340,13,1,8,0,4,1, , ,N,1,2,0,3,0,1,4,3,N,N,39 56:12.288,75 10:00.987,1450, ,1642, ,0, ,N, ,9, , , , , , , , , ,3,1,0,0,2,0,0,0,0,0,0,1,1,0,0,0,0,0,0,0,1,0,0,0,0,0,0,0,0,0,0,0,0,0,0,4,0,39.9367,-75.1669, , 
15780,197208,2016048564,6,67,67301,2016,4,5,1621,16,1,1,0,4,1, , ,N,0,0,7,3,0,2,10,2,N,N,39 58:20.181,75 13:01.858,1626, ,1623, ,0, ,N, ,0, , , , , , , , , ,2,0,0,0,0,1,0,0,0,2,0,0,2,0,0,0,0,0,0,0,1,0,0,0,0,0,0,0,0,0,0,0,0,0,0,2,1,39.9723,-75.2172, , 
15781,197214,2016051156,6,67,67301,2016,1,2,2024,20,3,1,0,1,1, , ,N,1,2,2,3,0,2,2,2,N,N,40 00:28.561,75 11:29.319,0, ,0, ,0, ,N, ,3, , , , , , , , , ,2,1,0,0,0,0,0,0,0,0,0,0,2,2,0,0,0,0,0,0,0,0,0,0,0,0,0,0,0,0,0,0,0,0,0,8,0,40.0079,-75.1915, , 
15782,197227,2016065679,6,67,67301,2016,6,6,1717,17,1,1,0,7,4, , ,N,0,0,0,3,0,0,1,1,N,N,40 00:42.647,75 10:56.392,1723, ,1720, ,0, ,N, ,0, , , , , , , , , ,1,1,0,0,0,0,0,0,0,0,0,0,0,0,0,0,0,0,0,0,0,0,0,0,0,0,0,0,0,0,0,0,0,0,0,0,0,40.0118,-75.1823, , 
15783,197236,2016080772,6,67,67301,2016,6,1,1000,10,1,1,0,4,1, , ,N,2,3,7,3,0,7,8,2,N,N,39 54:26.334,75 13:41.041,1031, ,1031, ,0, ,N, ,3, , , , , , , , , ,2,1,0,0,0,0,0,1,0,0,0,7,7,0,0,0,0,0,0,0,1,0,0,0,0,0,0,0,0,0,0,0,0,0,0,4,0,39.9073,-75.2281, , 