objectid_1,objectid,crn,district,county,municipality,crash_year,crash_month,day_of_week,time_of_day,hour_of_day,illumination,weather,road_condition,collision_type,relation_to_road,work_zone_type,work_zone_loc,work_zone_ind,intersect_type,tcd_type,location_type,urban_rural,fatal_count,injury_count,person_count,total_units,sch_bus_ind,sch_zone_ind,latitude,longitude,arrival_tm,cons_zone_spd_lim,dispatch_tm,est_hrs_closed,lane_closed,ln_close_dir,ntfy_hiwy_maint,spec_juris_cd,tcd_func_cd,tfc_detour_ind,workers_pres,wz_close_detour,wz_flagger,wz_law_offcr_ind,wz_ln_closure,wz_moving,wz_other,wz_shlder_mdn,vehicle_count,automobile_count,motorcycle_count,bus_count,small_truck_count,heavy_truck_count,suv_count,van_count,bicycle_count,maj_inj_count,mod_inj_count,min_inj_count,tot_inj_count,unk_inj_deg_count,unk_inj_per_count,driver_count_16yr,driver_count_17yr,driver_count_18yr,driver_count_19yr,driver_count_20yr,driver_count_50_64yr,driver_count_65_74yr,driver_count_75plus,unbelted_occ_count,unb_death_count,unb_maj_inj_count,belted_death_count,belted_maj_inj_count,mcycle_death_count,mcycle_maj_inj_count,bicycle_death_count,bicycle_maj_inj_count,ped_count,ped_death_count,ped_maj_inj_count,max_severity_level,comm_veh_count,dec_lat,dec_long,rdwy_surf_type_cd,county_name
15784,197249,2016068676,6,67,67301,2016,6,2,118,1,3,1,0,1,1, , ,N,0,0,2,3,0,1,2,2,N,N,40 00:18.269,75 11:39.296,145, ,139,3,1,1,N, ,0,Y, , , , , , , , ,2,1,0,0,0,0,0,0,0,0,0,1,1,0,0,0,0,0,0,0,0,0,0,0,0,0,0,0,0,0,0,0,0,0,0,4,0,40.0051,-75.1942, , 
15785,197251,2016087666,6,67,67301,2016,8,2,1126,11,1,1,0,4,1, , ,N,1,2,0,3,0,2,2,2,N,N,39 58:54.847,75 10:14.127,1128, ,1127, ,0, ,N, ,3, , , , , , , , , ,2,1,0,0,0,0,0,1,0,0,0,2,2,0,0,0,0,0,0,0,0,0,0,0,0,0,0,0,0,0,0,0,0,0,0,4,0,39.9819,-75.1706, , 
15786,197256,2016082287,6,67,67301,2016,7,6,2000,20,1,1,0,8,1, , ,N,0,0,0,3,0,1,2,2,N, ,40 01:15.646,75 07:57.378,2013, ,2004, ,0, , , ,0, , , , , , , , , ,1,1,0,0,0,0,0,0,0,0,1,0,1,0,0,0,0,0,0,1,0,0,0,0,0,0,0,0,0,0,0,0,1,0,0,3,0,40.021,-75.1326, , 
15787,197284,2016129698,6,67,67301,2016,12,2,2144,21,3,1,0,5,1, , ,N,0,0,0,3,0,2,8,4,N,N,39 59:59.651,75 11:42.062,2150, ,2144,2,1,3, , ,0,N, , , , , , , , ,4,3,0,0,0,0,0,0,0,0,2,0,2,0,1,0,0,0,0,0,1,0,0,1,0,0,0,0,0,0,0,0,0,0,0,3,0,39.9999,-75.195, , 
15788,197301,2016080267,6,67,67301,2016,6,5,1329,13,1,1,0,4,1, , ,N,1,3,0,3,0,2,2,2,N,N,40 03:56.148,75 03:43.883,1353, ,1348, ,0, , , ,3, , , , , , , , , ,2,2,0,0,0,0,0,0,0,0,0,2,2,0,0,0,0,0,0,0,0,1,0,0,0,0,0,0,0,0,0,0,0,0,0,4,0,40.0656,-75.0622, , 
15789,197302,2016080804,6,67,67301,2016,7,6,30,0,3,1,0,4,1, , ,N,1,3,0,3,0,1,2,2,N, ,39 56:22.758,75 08:52.735,45, ,34, ,0, , , ,3, , , , , , , , , ,1,0,0,0,0,0,0,0,1,0,0,1,1,0,1,0,0,0,0,0,0,0,0,0,0,0,0,0,0,0,0,0,0,0,0,4,0,39.9397,-75.148, , 
15790,197308,2016090283,6,67,67301,2016,8,7,445,4,3,1,0,5,1, , ,N,0,0,0,3,0,0,1,3,N,N,39 59:01.114,75 11:05.377,453, ,450,3,2,6,N, ,0,Y, , , , , , , , ,3,3,0,0,0,0,0,0,0,0,0,0,0,0,1,0,0,0,0,0,0,0,0,0,0,0,0,0,0,0,0,0,0,0,0,9,0,39.9836,-75.1848, , 
15791,197313,2016080923,6,67,67301,2016,7,7,1147,11,1,1,0,4,1, , ,N,1,2,0,3,0,2,2,2,N,N,40 02:02.615,75 10:58.439,1215, ,1212, ,0, ,N, ,3, , , , , , , , , ,2,2,0,0,0,0,0,0,0,0,0,0,2,2,0,0,0,0,0,0,1,0,0,0,0,0,0,0,0,0,0,0,0,0,0,8,0,40.0341,-75.1829, , 
15792,197314,2016082302,6,67,67301,2016,7,6,50,0,3,1,0,7,4, , ,N,0,0,1,3,0,2,2,1,N, ,39 58:40.460,75 13:34.550,132, ,126, ,0, , , ,0, , , , , , , , , ,1,1,0,0,0,0,0,0,0,0,0,1,2,1,0,0,0,0,0,0,0,0,0,0,0,0,0,0,0,0,0,0,0,0,0,4,0,39.9779,-75.2263, , 
15793,197320,2016102109,6,67,67301,2016,9,6,1554,15,1,1,1,1,1, , ,N,0,0,3,3,0,1,2,2,N,N,39 53:23.709,75 12:03.696,1556, ,1554,2,1,2, , ,0,N, , , , , , , , ,2,1,0,0,0,0,0,0,0,0,0,0,1,1,1,0,0,0,0,0,0,0,0,0,0,0,0,0,0,0,0,0,0,0,0,8,0,39.8899,-75.201, , 
15794,197330,2016105730,6,67,67301,2016,9,5,2005,20,3,1,0,8,1, , ,N,2,2,0,3,0,1,2,2,N,N,40 00:49.044,75 09:31.340,2030, ,2012, ,0, ,N, ,3, , , , , , , , , ,1,1,0,0,0,0,0,0,0,0,0,1,1,0,0,0,0,0,0,0,0,0,0,0,0,0,0,0,0,0,0,0,1,0,0,4,0,40.0136,-75.1587, , 
15795,197340,2016061347,6,67,67301,2016,5,2,429,4,3,2,7,7,3, , ,N,0,0,0,3,0,0,1,1,N,N,39 52:41.515,75 15:01.932,435, ,431,1,1,1, , ,0,N, , , , , , , , ,1,0,0,0,0,0,1,0,0,0,0,0,0,0,0,0,0,0,0,0,0,0,0,0,0,0,0,0,0,0,0,0,0,0,0,0,0,39.8782,-75.2505, , 
15796,197345,2016063963,6,67,67301,2016,6,6,1031,10,1,2,1,1,1, , ,N,0,0,3,3,0,1,2,2,N,N,39 55:11.348,75 12:07.702,1242, ,1239, ,0, ,N, ,0, , , , , , , , , ,2,0,0,0,0,0,2,0,0,0,0,1,1,0,1,0,0,1,0,0,0,0,0,1,0,0,0,0,0,0,0,0,0,0,0,4,0,39.9198,-75.2021, , 
15797,197346,2016052349,6,67,67301,2016,4,7,9999,99,3,1,0,6,6, , ,N,0,0,0,3,0,0,1,4,N, ,39 58:57.834,75 13:53.129,9999, ,9999,3,1,4, , ,0,N, , , , , , , , ,4,3,0,0,0,0,1,0,0,0,0,0,0,0,0,0,0,0,0,0,0,0,0,1,0,0,0,0,0,0,0,0,0,0,0,0,0,39.9827,-75.2314, , 
15798,197354,2016058615,6,67,67301,2016,5,6,1650,16,1,2,1,4,1, , ,N,0,0,0,3,0,0,2,2,N,N,39 58:19.461,75 11:09.553,1805, ,1755, ,0, ,N, ,0, , , , , , , , , ,2,1,0,0,0,0,1,0,0,0,0,0,0,0,0,0,0,0,0,0,1,0,0,0,0,0,0,0,0,0,0,0,0,0,0,0,0,39.9721,-75.186, , 
15799,197356,2016060511,6,67,67301,2016,5,6,2343,23,3,1,0,5,1, , ,N,0,0,0,3,0,1,2,2,N,N,39 57:54.000,75 11:07.972,2357, ,2347,1,2,3, , ,0,Y, , , , , , , , ,2,1,0,0,0,0,1,0,0,0,0,0,1,1,0,0,0,0,0,0,0,0,0,0,0,0,0,0,0,0,0,0,0,0,0,8,0,39.965,-75.1855, , 
15800,197379,2016097126,6,67,67301,2016,8,4,2115,21,2,2,1,4,1, , ,N,1,3,0,3,0,2,4,2,N,N,39 58:17.961,75 11:08.293,2135, ,2129,1,2,5,N, ,3,Y, , , , , , , , ,2,1,0,0,0,0,1,0,0,0,0,2,2,0,0,0,0,0,0,0,1,0,0,0,0,0,0,0,0,0,0,0,0,0,0,4,0,39.9717,-75.1856, , 
15801,197380,2016106393,6,67,67301,2016,10,7,1711,17,1,2,1,5,1, , ,N,0,0,0,3,0,0,5,3,N,N,39 56:41.946,75 11:27.863,1727, ,1711,1,1,3, , ,0,N, , , , , , , , ,3,2,0,0,0,0,1,0,0,0,0,0,0,0,0,0,0,0,0,0,0,0,0,0,0,0,0,0,0,0,0,0,0,0,0,0,0,39.945,-75.1911, , 
15802,197397,2016080222,6,67,67301,2016,7,7,233,2,3,1,0,6,6, , ,N,0,0,0,3,0,2,2,4,N, ,39 58:03.626,75 13:57.369,234, ,233,3,2,7, , ,0,Y, , , , , , , , ,4,3,0,0,0,0,1,0,0,0,0,1,2,1,0,0,0,0,0,0,0,0,0,0,0,0,0,0,0,0,0,0,0,0,0,4,0,39.9677,-75.2326, , 
15803,197398,2016080512,6,67,67301,2016,6,3,1317,13,1,1,0,4,6, , ,N,0,0,0,3,0,1,2,2,N,N,39 58:27.433,75 13:07.590,1328, ,1319, ,0, , , ,0, , , , , , , , , ,2,0,0,0,0,1,0,1,0,0,0,1,1,0,0,0,0,0,0,0,0,0,0,0,0,0,0,0,0,0,0,0,0,0,0,4,1,39.9743,-75.2188, , 
15804,197399,2016080586,6,67,67301,2016,6,5,1905,19,1,1,0,5,1, , ,N,0,0,0,3,0,0,3,4,N,N,39 53:40.396,75 13:46.707,1910, ,1905,1,1,3,N, ,0,N, , , , , , , , ,3,2,0,0,0,1,0,0,0,0,0,0,0,0,0,0,0,0,0,0,0,0,0,0,0,0,0,0,0,0,0,0,0,0,0,0,0,39.8946,-75.2296, , 
15805,197409,2016100208,6,67,67301,2016,9,3,827,8,1,1,0,1,1, , ,N,0,0,0,3,0,0,3,3,N,N,40 02:21.127,75 00:29.229,849, ,839, ,0, , , ,0, , , , , , , , , ,3,1,0,0,1,1,0,0,0,0,0,0,0,0,0,0,0,0,0,0,0,0,0,0,0,0,0,0,0,0,0,0,0,0,0,0,1,40.0392,-75.0081, , 
15806,197427,2016119661,6,67,67301,2016,10,3,500,5,3,1,0,1,1, , ,N,0,0,0,3,0,1,2,2,N,N,40 00:49.863,75 12:18.008,530, ,515, ,0, ,N, ,0, , , , , , , , , ,2,1,0,0,0,0,1,0,0,0,0,1,1,0,0,0,0,0,0,0,1,0,0,0,0,0,0,0,0,0,0,0,0,0,0,4,0,40.0139,-75.205, , 
15807,197454,2016073932,6,67,67301,2016,7,6,619,6,1,1,0,5,1, , ,N,0,0,0,3,0,2,3,3,N,N,40 05:13.555,74 58:17.087,635, ,619,3,1,3,Y, ,0,N, , , , , , , , ,3,2,0,0,0,1,0,0,0,0,0,2,2,0,0,0,0,0,0,0,1,0,0,0,0,0,0,0,0,0,0,0,0,0,0,4,1,40.0871,-74.9714, , 
15808,197460,2016087191,6,67,67301,2016,8,6,2250,22,3,1,0,5,1, , ,N,0,0,0,3,0,2,3,3,N, ,39 58:14.959,75 08:41.816,25, ,24, ,0, , , ,0, , , , , , , , , ,1,0,0,0,0,0,0,0,2,0,0,0,2,2,1,0,0,0,0,0,0,0,0,0,0,0,0,0,0,0,0,0,0,0,0,8,0,39.9708,-75.1449, , 
15809,197461,2016097073,6,67,67301,2016,8,1,1948,19,1,1,0,8,1, , ,N,0,0,0,3,0,1,2,2,N,N,40 00:48.256,75 04:13.820,2110, ,2102, ,0, ,N, ,0, , , , , , , , , ,1,0,0,0,0,0,1,0,0,0,0,1,1,0,0,0,0,0,0,0,0,0,0,0,0,0,0,0,0,0,0,0,1,0,0,4,0,40.0134,-75.0705, , 
15810,197490,2016080598,6,67,67301,2016,6,3,1245,12,1,9,8,8,1, , ,N,0,0,0,3,0,1,2,2,N,N,40 02:05.964,75 07:46.934,9999, ,9999, ,0, , , ,0, , , , , , , , , ,1,0,0,0,0,0,1,0,0,0,0,0,1,1,0,0,0,0,0,0,0,0,0,1,0,0,0,0,0,0,0,0,1,0,0,8,0,40.035,-75.1297, , 
15811,197499,2016103111,6,67,67301,2016,10,3,1547,15,1,1,0,1,1, , ,N,0,0,0,3,0,2,5,3,N,N,39 59:00.955,75 12:29.175,1601, ,1558,1,1,4, , ,0,N, , , , , , , , ,3,1,0,0,0,0,2,0,0,0,1,1,2,0,2,0,0,0,0,0,2,0,0,0,0,0,0,0,0,0,0,0,0,0,0,3,0,39.9836,-75.2081, , 
15812,197501,2016089911,6,67,67301,2016,8,3,900,9,1,1,0,7,4, , ,N,0,0,0,3,0,2,2,1,N, ,40 00:03.906,75 12:55.663,908, ,903,2,2,5, , ,0,Y, , , , , , , , ,1,0,0,0,0,0,1,0,0,0,0,1,2,1,0,0,0,0,0,0,0,0,0,1,0,0,0,0,0,0,0,0,0,0,0,4,0,40.0011,-75.2155, , 
15813,197534,2016064038,6,67,67301,2016,6,4,1210,12,1,2,1,6,1, , ,N,0,0,0,3,0,0,4,2,N, ,40 02:57.170,75 14:45.142,1211, ,1210, ,0, , , ,0, , , , , , , , , ,2,1,0,0,1,0,0,0,0,0,0,0,0,0,1,0,0,0,0,0,1,0,0,0,0,0,0,0,0,0,0,0,0,0,0,9,0,40.0492,-75.2459, , 
15814,192196,2016070242,6,67,67301,2016,6,5,1005,10,8,2,1,5,1, , ,N,0,0,0,3,0,0,2,3,N,N,40 00:15.761,75 10:20.112,1225, ,1220, ,0, ,N, ,0, , , , , , , , , ,3,1,0,0,0,1,1,0,0,0,0,0,0,0,0,0,0,0,0,0,1,0,0,0,0,0,0,0,0,0,0,0,0,0,0,0,1,40.0044,-75.1723, , 
15815,192204,2016084419,6,67,67301,2016,8,7,416,4,3,1,0,7,2, , ,N,0,0,0,3,0,1,1,1,N,N,39 57:52.406,75 08:15.557,426, ,416,1,1,1, , ,0,N, , , , , , , , ,1,1,0,0,0,0,0,0,0,0,1,0,1,0,0,0,0,0,0,0,0,0,0,0,0,0,0,0,0,0,0,0,0,0,0,3,0,39.9646,-75.1377, , 
15816,192214,2016087141,6,67,67301,2016,8,1,941,9,1,1,0,6,1, , ,N,2,0,0,3,0,0,2,2,N,N,40 03:04.395,75 11:26.851,952, ,945, ,0, ,N, ,0, , , , , , , , , ,2,1,0,0,0,0,0,1,0,0,0,0,0,0,0,0,0,0,0,0,1,0,1,0,0,0,0,0,0,0,0,0,0,0,0,0,0,40.0512,-75.1908, , 
15817,192217,2016090279,6,67,67301,2016,8,2,1640,16,1,1,0,4,1, , ,N,1,2,0,3,0,1,2,2,N,N,40 04:46.540,75 02:32.251,1650, ,1648,1,1,4,N, ,3,Y, , , , , , , , ,2,2,0,0,0,0,0,0,0,0,0,0,1,1,0,0,0,0,0,0,1,0,1,0,0,0,0,0,0,0,0,0,0,0,0,8,0,40.0795,-75.0422, , 
15818,192219,2016092131,6,67,67301,2016,8,3,1400,14,1,1,0,4,1, , ,N,0,0,0,3,0,1,2,2,N,N,39 58:06.071,75 12:40.683,1410, ,1406, ,0, ,N, ,0, , , , , , , , , ,1,1,0,0,0,0,0,0,1,0,1,0,1,0,0,0,0,0,0,0,0,0,0,0,0,0,0,0,0,0,0,0,0,0,0,3,0,39.9684,-75.2113, , 
15819,192220,2016088459,6,67,67301,2016,8,6,1728,17,1,1,0,1,1, , ,N,0,0,0,3,0,1,5,3,N,N,40 01:35.994,75 01:35.640,1741, ,1729, ,0, , , ,0, , , , , , , , , ,3,2,0,0,0,0,0,1,0,0,0,0,1,1,0,0,0,0,0,1,0,0,0,1,0,0,0,0,0,0,0,0,0,0,0,8,0,40.0267,-75.0266, , 
15820,192223,2016097142,6,67,67301,2016,9,1,1030,10,1,1,0,4,1, , ,N,2,0,0,3,0,0,2,2,N,N,40 05:54.319,74 58:40.025,1039, ,1036, ,0, ,N, ,0, , , , , , , , , ,2,1,1,0,0,0,0,0,0,0,0,0,0,0,0,0,0,1,0,0,0,0,0,0,0,0,0,0,0,0,0,0,0,0,0,0,0,40.0984,-74.9778, , 
15821,192224,2016119662,6,67,67301,2016,10,3,1125,11,1,1,0,5,1, , ,N,1,2,0,3,0,1,2,2,N, ,39 57:16.399,75 10:52.674,1146, ,1131,2,1,3, , ,3,N, , , , , , , , ,2,1,0,0,0,1,0,0,0,0,0,1,1,0,0,0,0,0,0,0,0,0,0,1,0,0,0,0,0,0,0,0,0,0,0,4,1,39.9546,-75.1813, , 
15822,192237,2016083799,6,67,67301,2016,7,4,946,9,1,1,0,5,1,1,8,Y,0,0,0,3,0,1,2,2,Y,N,39 59:11.605,75 05:29.241,1000,45,956,1,1,1, , ,0,N,N,N,N,N,N,N,N,Y,2,1,0,1,0,0,0,0,0,0,0,0,1,1,0,0,0,0,0,0,0,0,0,0,0,0,0,0,0,0,0,0,0,0,0,8,1,39.9866,-75.0915, , 
15823,192243,2016082312,6,67,67301,2016,7,2,1705,17,1,1,0,4,1, , ,N,2,0,0,3,0,0,3,2,N,N,39 53:10.780,75 14:56.533,1708, ,1705,2,1,3,N, ,0,N, , , , , , , , ,2,1,0,0,0,0,1,0,0,0,0,0,0,0,0,0,0,0,0,0,1,0,0,0,0,0,0,0,0,0,0,0,0,0,0,0,0,39.8862,-75.2491, , 
15824,192250,2016097084,6,67,67301,2016,8,5,1405,14,1,1,0,4,1, , ,N,2,3,0,3,0,1,2,2,N,N,40 01:57.792,75 02:14.393,1416, ,1414, ,0, ,N, ,3, , , , , , , , , ,2,1,1,0,0,0,0,0,0,0,1,0,1,0,0,0,0,0,0,0,0,0,1,0,0,0,0,0,0,0,0,0,0,0,0,3,0,40.0327,-75.0373, , 
15825,192281,2016068642,6,67,67301,2016,6,3,1519,15,1,1,0,5,1, , ,N,0,0,0,3,0,2,2,2,N,Y,39 56:47.362,75 14:43.503,1737, ,1736,3,1,3,N, ,0,N, , , , , , , , ,2,0,0,0,1,0,1,0,0,1,1,0,2,0,0,0,0,0,0,0,1,0,0,0,0,0,0,1,0,0,0,0,0,0,0,2,0,39.9465,-75.2454, , 
15826,192286,2016070667,6,67,67301,2016,6,7,2300,23,3,1,0,4,6, , ,N,0,0,0,3,0,0,1,3,N,N,39 58:05.181,75 14:52.224,2349, ,2349,3,1,1,N, ,0,N, , , , , , , , ,3,2,0,0,0,0,1,0,0,0,0,0,0,0,0,0,0,0,0,0,0,0,0,0,0,0,0,0,0,0,0,0,0,0,0,0,0,39.9681,-75.2478, , 
15827,192300,2016080894,6,67,67301,2016,7,1,20,0,3,1,0,7,4, , ,N,5,2,0,3,0,1,2,1,N,N,39 58:07.468,75 12:40.860,27, ,23, ,0, ,N, ,3, , , , , , , , , ,1,1,0,0,0,0,0,0,0,0,1,0,1,0,0,0,0,0,0,0,0,0,0,1,0,0,0,0,0,0,0,0,0,0,0,3,0,39.9687,-75.2113, , 
15828,192312,2016108540,6,67,67301,2016,10,3,712,7,1,1,0,4,1, , ,N,1,3,0,3,0,1,2,2,N,N,40 00:32.493,75 06:03.887,719, ,716, ,0, ,N, ,3, , , , , , , , , ,2,1,0,0,0,0,1,0,0,0,0,1,1,0,0,0,0,0,0,0,0,0,0,0,0,0,0,0,0,0,0,0,0,0,0,4,0,40.009,-75.1011, , 
15829,192316,2016112261,6,67,67301,2016,10,7,1400,14,1,2,1,7,4, , ,N,0,0,0,3,0,0,1,1,N, ,40 05:19.532,75 02:42.337,1604, ,1604, ,0, , , ,0, , , , , , , , , ,1,1,0,0,0,0,0,0,0,0,0,0,0,0,0,0,0,0,0,0,0,0,0,1,0,0,0,0,0,0,0,0,0,0,0,0,0,40.0888,-75.0451, , 
15830,192320,2016130133,6,67,67301,2016,12,5,946,9,1,1,0,1,1, , ,N,7,0,2,3,0,1,2,2,N,N,40 00:26.077,75 12:01.290,1002, ,946,1,1,1, , ,0,N, , , , , , , , ,2,2,0,0,0,0,0,0,0,0,0,1,1,0,0,0,0,0,0,0,0,0,0,0,0,0,0,0,0,0,0,0,0,0,0,4,0,40.0072,-75.2004, , 
15831,192322,2016053822,6,67,67301,2016,5,6,705,7,1,1,1,1,1, , ,N,0,0,0,3,0,2,3,2,N,N,40 01:55.042,75 02:35.420,720, ,714, ,0, , , ,0, , , , , , , , , ,2,0,0,0,0,0,1,1,0,0,0,2,2,0,0,0,0,0,0,0,0,0,0,1,0,0,0,0,0,0,0,0,0,0,0,4,0,40.032,-75.0432, , 
15832,192336,2016015925,6,67,67301,2016,2,3,1241,12,1,1,0,1,1, , ,N,0,0,0,3,0,0,2,2,N,N,40 02:21.728,75 00:26.021,1258, ,1250, ,0, , , ,0, , , , , , , , , ,2,0,0,0,0,2,0,0,0,0,0,0,0,0,0,0,0,0,0,0,1,0,0,0,0,0,0,0,0,0,0,0,0,0,0,0,2,40.0394,-75.0072, , 
15833,194481,2016097069,6,67,67301,2016,9,1,910,9,1,1,0,4,1, , ,N,1,2,0,3,0,1,2,2,N, ,40 02:20.571,75 08:40.639,915, ,915, ,0, ,N, ,3, , , , , , , , , ,2,2,0,0,0,0,0,0,0,0,0,1,1,0,0,0,0,0,0,0,1,0,0,0,0,0,0,0,0,0,0,0,0,0,0,4,0,40.039,-75.1446, , 
15834,194483,2016096623,6,67,67301,2016,8,4,745,7,1,1,0,7,4, , ,N,0,0,0,3,0,0,1,1,N,N,39 55:31.353,75 11:35.222,745, ,745, ,0, ,N, ,0, , , , , , , , , ,1,1,0,0,0,0,0,0,0,0,0,0,0,0,0,0,0,0,0,0,0,0,0,1,0,0,0,0,0,0,0,0,0,0,0,0,0,39.9254,-75.1931, , 
15835,194499,2016063191,6,67,67301,2016,6,1,1033,10,1,1,0,1,1, , ,N,0,0,0,3,0,1,4,4,N,N,39 58:15.104,75 11:34.926,1039, ,1039, ,0, , , ,0, , , , , , , , , ,4,1,0,0,0,0,2,1,0,0,0,0,1,1,0,0,0,0,0,1,1,0,0,0,0,0,0,0,0,0,0,0,0,0,0,8,0,39.9709,-75.193, , 
15836,194516,2016080676,6,67,67301,2016,7,7,240,2,3,2,1,6,1, , ,N,0,0,0,3,0,0,4,2,N,N,39 59:52.656,75 07:30.442,250, ,240,2,1,4,N, ,0,N, , , , , , , , ,2,1,0,0,0,1,0,0,0,0,0,0,0,0,0,0,0,0,0,0,0,0,0,3,0,0,0,0,0,0,0,0,0,0,0,0,0,39.998,-75.1251, , 
15837,194524,2016087219,6,67,67301,2016,8,5,1500,15,1,1,0,4,1, , ,N,2,2,0,3,0,1,3,2,N,N,40 05:53.193,75 01:49.243,1515, ,1515, ,0, ,N, ,3, , , , , , , , , ,2,1,0,0,0,0,0,1,0,0,0,0,1,1,0,0,0,0,0,0,1,1,0,0,0,0,0,0,0,0,0,0,0,0,0,8,0,40.0981,-75.0303, , 
15838,194526,2016082398,6,67,67301,2016,7,7,1314,13,1,1,0,1,1, , ,N,0,0,0,3,0,2,4,3,N, ,40 01:20.423,75 04:41.343,1317, ,1315, ,0, , , ,0, , , , , , , , , ,3,2,0,0,0,0,1,0,0,0,0,0,2,2,0,0,0,0,0,0,1,0,0,0,0,0,0,0,0,0,0,0,0,0,0,8,0,40.0223,-75.0782, , 
15839,194536,2016062585,6,67,67301,2016,5,1,630,6,1,2,1,7,4, , ,N,0,0,0,3,0,1,1,1,N,N,39 58:33.748,75 11:21.351,648, ,642,1,2,5,N, ,0,Y, , , , , , , , ,1,1,0,0,0,0,0,0,0,0,0,1,1,0,0,0,0,0,0,1,0,0,0,0,0,0,0,0,0,0,0,0,0,0,0,4,0,39.976,-75.1893, , 
15840,194538,2016064065,6,67,67301,2016,6,5,1332,13,1,1,0,4,1, , ,N,0,0,7,3,0,0,2,2,N, ,40 05:35.284,75 01:53.161,1335, ,1335, ,0, ,N, ,0, , , , , , , , , ,2,0,0,0,0,0,2,0,0,0,0,0,0,0,0,0,0,0,0,0,1,0,1,0,0,0,0,0,0,0,0,0,0,0,0,0,0,40.0931,-75.0314, , 
15841,194551,2016081582,6,67,67301,2016,8,2,1534,15,1,1,0,1,1, , ,N,0,0,0,3,0,0,3,3,N,N,39 53:31.857,75 14:10.883,1538, ,1538,1,1,2, , ,0,N, , , , , , , , ,3,3,0,0,0,0,0,0,0,0,0,0,0,0,0,0,0,0,0,0,1,0,0,0,0,0,0,0,0,0,0,0,0,0,0,0,0,39.8922,-75.2364, , 
15842,194554,2016080668,6,67,67301,2016,7,3,1430,14,1,1,0,8,1, , ,N,0,0,0,3,0,1,2,2,N, ,40 07:47.933,75 00:35.651,1130, ,1116, ,0, , , ,0, , , , , , , , , ,1,1,0,0,0,0,0,0,0,0,0,1,1,0,0,0,0,0,0,0,1,0,0,0,0,0,0,0,0,0,0,0,1,0,0,4,0,40.13,-75.0099, , 
15843,194563,2016092040,6,67,67301,2016,8,5,356,3,3,1,1,8,1, , ,N,0,0,0,3,0,2,2,4,N,N,39 56:37.208,75 14:15.100,359, ,357, ,0, ,N, ,0, , , , , , , , , ,3,1,0,0,1,0,1,0,0,0,0,2,2,0,0,0,0,0,0,0,1,0,0,0,0,0,0,0,0,0,0,0,1,0,0,4,0,39.9437,-75.2375, , 
15844,194565,2016089950,6,67,67301,2016,8,4,1122,11,1,1,0,1,1, , ,N,3,0,0,3,0,0,2,2,N, ,40 04:13.704,75 09:18.759,1125, ,1122, ,0, , , ,0, , , , , , , , , ,2,1,0,0,0,0,1,0,0,0,0,0,0,0,0,0,0,0,0,0,0,0,0,0,0,0,0,0,0,0,0,0,0,0,0,0,0,40.0705,-75.1552, , 
15845,194567,2016097114,6,67,67301,2016,8,3,1715,17,1,1,0,8,1, , ,N,1,2,0,3,0,1,2,2,N,N,39 57:03.938,75 10:19.451,1952, ,1945, ,0, ,N, ,3, , , , , , , , , ,1,1,0,0,0,0,0,0,0,0,1,0,1,0,1,0,0,0,0,0,0,0,0,0,0,0,0,0,0,0,0,0,1,0,0,3,0,39.9511,-75.1721, , 
15846,194578,2016105706,6,67,67301,2016,9,3,1220,12,1,1,0,8,1, , ,N,0,0,0,3,0,1,2,2,N, ,39 59:31.171,75 07:24.617,1243, ,1235, ,0, , , ,0, , , , , , , , , ,1,0,0,0,1,0,0,0,0,0,0,0,1,1,0,0,0,0,0,0,0,1,0,1,0,0,0,0,0,0,0,0,1,0,0,8,0,39.992,-75.1235, , 
15847,194581,2016105606,6,67,67301,2016,9,1,1117,11,1,1,0,4,1, , ,N,0,0,7,3,0,2,2,2,N,N,40 02:10.197,75 02:24.469,1118, ,1117, ,0, , , ,0, , , , , , , , , ,2,1,0,0,0,0,1,0,0,0,1,1,2,0,0,0,0,0,0,0,1,0,0,0,0,0,0,0,0,0,0,0,0,0,0,3,0,40.0362,-75.0401, , 
15848,194596,2016065701,6,67,67301,2016,6,7,1630,16,1,1,0,4,1, , ,N,0,0,0,3,0,1,2,2,N,N,40 03:34.909,75 10:41.768,2055, ,2050, ,0, ,N, ,0, , , , , , , , , ,1,1,0,0,0,0,0,0,1,0,1,0,1,0,1,0,0,0,0,0,0,0,0,0,0,0,0,0,0,0,0,0,0,0,0,3,0,40.0597,-75.1783, , 
15849,194634,2016058660,6,67,67301,2016,5,2,250,2,3,1,0,4,1, , ,N,1,2,0,3,0,0,2,2,N,N,40 01:47.862,75 05:14.656,254, ,252, ,0, ,N, ,3, , , , , , , , , ,2,2,0,0,0,0,0,0,0,0,0,0,0,0,0,0,0,0,0,0,0,0,0,1,0,0,0,0,0,0,0,0,0,0,0,0,0,40.03,-75.0874, , 
15850,194648,2016058673,6,67,67301,2016,5,3,1958,19,3,9,1,4,1, , ,N,1,2,0,3,0,1,5,2,N,N,39 57:36.900,75 11:48.684,2050, ,2045, ,0, ,N, ,3, , , , , , , , , ,2,1,0,0,0,0,1,0,0,0,0,1,1,0,4,0,0,0,0,0,1,0,0,0,0,0,0,0,0,0,0,0,0,0,0,4,0,39.9603,-75.1969, , 