objectid_1,objectid,crn,district,county,municipality,crash_year,crash_month,day_of_week,time_of_day,hour_of_day,illumination,weather,road_condition,collision_type,relation_to_road,work_zone_type,work_zone_loc,work_zone_ind,intersect_type,tcd_type,location_type,urban_rural,fatal_count,injury_count,person_count,total_units,sch_bus_ind,sch_zone_ind,latitude,longitude,arrival_tm,cons_zone_spd_lim,dispatch_tm,est_hrs_closed,lane_closed,ln_close_dir,ntfy_hiwy_maint,spec_juris_cd,tcd_func_cd,tfc_detour_ind,workers_pres,wz_close_detour,wz_flagger,wz_law_offcr_ind,wz_ln_closure,wz_moving,wz_other,wz_shlder_mdn,vehicle_count,automobile_count,motorcycle_count,bus_count,small_truck_count,heavy_truck_count,suv_count,van_count,bicycle_count,maj_inj_count,mod_inj_count,min_inj_count,tot_inj_count,unk_inj_deg_count,unk_inj_per_count,driver_count_16yr,driver_count_17yr,driver_count_18yr,driver_count_19yr,driver_count_20yr,driver_count_50_64yr,driver_count_65_74yr,driver_count_75plus,unbelted_occ_count,unb_death_count,unb_maj_inj_count,belted_death_count,belted_maj_inj_count,mcycle_death_count,mcycle_maj_inj_count,bicycle_death_count,bicycle_maj_inj_count,ped_count,ped_death_count,ped_maj_inj_count,max_severity_level,comm_veh_count,dec_lat,dec_long,rdwy_surf_type_cd,county_name
15919,194788,2016019852,6,67,67301,2016,2,6,1715,17,1,1,0,1,1, , ,N,1,2,2,3,0,1,2,2,N,N,39 53:32.915,75 13:21.046,1730, ,1729, ,0, ,N, ,3, , , , , , , , , ,2,1,0,0,0,0,1,0,0,0,0,1,1,0,0,0,0,0,0,1,1,0,0,0,0,0,0,0,0,0,0,0,0,0,0,4,0,39.8925,-75.2226, , 
15920,194800,2016028320,6,67,67301,2016,2,7,2310,23,3,1,0,6,1, , ,N,0,0,0,3,0,0,2,2,N,N,40 00:42.652,75 12:03.586,2344, ,2334,2,1,1,N, ,0,N, , , , , , , , ,2,1,0,0,0,0,0,0,0,0,0,0,0,0,0,0,0,0,0,0,1,0,0,0,0,0,0,0,0,0,0,0,0,0,0,0,0,40.0118,-75.201, , 
15921,194803,2016029881,6,67,67301,2016,2,3,1259,12,1,1,1,4,1, , ,N,5,2,0,3,0,0,1,3,N, ,39 56:40.549,75 14:01.478,1319, ,1305,3,2,2, , ,3,Y, , , , , , , , ,3,0,0,0,0,0,2,1,0,0,0,0,0,0,0,0,0,0,0,0,0,0,0,1,0,0,0,0,0,0,0,0,0,0,0,0,0,39.9446,-75.2337, , 
15922,194810,2016033923,6,67,67301,2016,3,7,1824,18,1,1,0,4,1, , ,N,1,2,0,3,0,1,2,2,N, ,39 56:40.971,75 14:36.309,2015, ,2010, ,0, , , ,3, , , , , , , , , ,2,1,1,0,0,0,0,0,0,0,0,0,1,1,0,0,0,0,0,0,0,0,0,1,0,0,0,0,0,0,0,0,0,0,0,8,0,39.9447,-75.2434, , 
15923,194824,2016050867,6,67,67301,2016,4,1,448,4,3,1,0,5,6, , ,N,0,0,0,3,0,1,2,4,N,N,39 56:47.331,75 14:23.869,450, ,448, ,0, ,N, ,0, , , , , , , , , ,4,2,0,0,0,0,1,1,0,0,0,1,1,0,0,0,0,0,0,0,1,0,0,1,0,0,0,0,0,0,0,0,0,0,0,4,0,39.9465,-75.24, , 
15924,200036,2016063974,6,67,67301,2016,6,7,1600,16,1,1,0,8,1, , ,N,0,0,0,3,0,1,2,2,N, ,40 01:29.942,75 10:27.152,1815, ,1806, ,0, , , ,0, , , , , , , , , ,1,0,0,0,0,0,1,0,0,0,0,1,1,0,0,0,0,0,0,0,0,0,0,0,0,0,0,0,0,0,0,0,1,0,0,4,0,40.025,-75.1742, , 
15925,200037,2016068698,6,67,67301,2016,6,5,900,9,1,2,1,4,1, , ,N,1,3,0,3,0,3,6,2,N,N,39 57:50.770,75 12:59.018,913, ,903, ,0, , , ,3, , , , , , , , , ,2,1,0,0,0,0,1,0,0,0,0,3,3,0,0,0,0,0,0,0,0,0,0,0,0,0,0,0,0,0,0,0,0,0,0,4,0,39.9641,-75.2164, , 
15926,200050,2016138261,6,67,67301,2016,12,3,1700,17,3,9,0,8,1, , ,N,1,2,0,3,0,1,2,2,N, ,40 00:08.166,75 13:12.482,2245, ,2240, ,0, , , ,3, , , , , , , , , ,1,1,0,0,0,0,0,0,0,1,0,0,1,0,1,0,0,0,0,0,1,0,0,0,0,0,0,0,0,0,0,0,1,0,1,2,0,40.0023,-75.2201, , 
15927,200061,2016091623,6,67,67301,2016,8,2,1720,17,1,1,0,4,1, , ,N,1,2,0,3,0,1,2,2,N,N,39 57:20.167,75 10:21.953,1735, ,1726, ,0, ,N, ,3, , , , , , , , , ,1,0,0,1,0,0,0,0,1,0,0,1,1,0,0,0,0,0,0,0,1,0,0,0,0,0,0,0,0,0,0,0,0,0,0,4,1,39.9556,-75.1728, , 
15928,200072,2016120559,6,67,67301,2016,10,1,130,1,3,1,0,4,1, , ,N,1,3,0,3,0,0,2,2,N,N,39 55:04.454,75 10:08.234,137, ,137, ,0, ,N, ,3, , , , , , , , , ,2,1,0,0,0,0,1,0,0,0,0,0,0,0,0,0,0,0,0,0,0,0,0,0,0,0,0,0,0,0,0,0,0,0,0,0,0,39.9179,-75.169, , 
15929,200081,2016123754,6,67,67301,2016,11,6,653,6,1,1,0,7,2, , ,N,0,0,0,3,0,0,2,1,N,N,40 02:34.282,75 00:11.452,707, ,653,1,1,1, , ,0,N, , , , , , , , ,1,1,0,0,0,0,0,0,0,0,0,0,0,0,0,0,0,0,0,0,0,0,0,0,0,0,0,0,0,0,0,0,0,0,0,0,0,40.0429,-75.0032, , 
15930,200090,2016054195,6,67,67301,2016,5,5,2050,20,3,1,0,4,1, , ,N,5,2,0,3,0,0,3,2,N,N,39 59:33.831,75 07:13.101,2100, ,2056,1,1,1,N, ,3,Y, , , , , , , , ,2,2,0,0,0,0,0,0,0,0,0,0,0,0,0,0,0,0,0,0,0,0,0,0,0,0,0,0,0,0,0,0,0,0,0,0,0,39.9927,-75.1203, , 
15931,200100,2016065717,6,67,67301,2016,6,1,910,9,1,1,0,5,1, , ,N,0,0,0,3,0,1,3,2,N,N,40 00:35.599,75 11:47.360,940, ,931, ,0, ,N, ,0, , , , , , , , , ,1,0,0,0,0,0,0,1,1,0,0,0,1,1,0,0,0,0,0,0,0,0,0,0,0,0,0,0,0,0,0,0,0,0,0,8,0,40.0099,-75.1965, , 
15932,200115,2016080093,6,67,67301,2016,7,6,1520,15,1,1,0,4,1, , ,N,1,3,0,3,0,2,4,2,N,N,39 57:34.066,75 13:37.293,1700, ,1651, ,0, ,N, ,3, , , , , , , , , ,2,2,0,0,0,0,0,0,0,0,0,2,2,0,0,0,0,0,0,0,0,0,0,0,0,0,0,0,0,0,0,0,0,0,0,4,0,39.9595,-75.227, , 
15933,200140,2016070640,6,67,67301,2016,6,2,1618,16,1,1,0,1,1, , ,N,1,3,0,3,0,1,2,2,N, ,40 01:15.638,75 03:04.756,1630, ,1621, ,0, , , ,3, , , , , , , , , ,2,1,0,0,0,0,1,0,0,0,0,1,1,0,0,0,0,0,0,0,1,0,0,0,0,0,0,0,0,0,0,0,0,0,0,4,0,40.021,-75.0513, , 
15934,200141,2016070666,6,67,67301,2016,6,6,103,1,3,1,0,4,1, , ,N,1,2,0,3,0,4,4,2,N, ,40 00:15.609,75 07:41.037,103, ,103,9,2,1, , ,3,Y, , , , , , , , ,2,1,0,0,0,0,1,0,0,0,0,0,4,4,0,0,0,0,0,0,0,0,0,1,0,0,0,0,0,0,0,0,0,0,0,8,0,40.0043,-75.1281, , 
15935,200146,2016080085,6,67,67301,2016,6,2,110,1,3,1,0,5,1, , ,N,1,2,0,3,0,1,4,2,N, ,39 59:06.953,75 10:43.660,130, ,130, ,0, , , ,3, , , , , , , , , ,2,1,0,0,1,0,0,0,0,0,0,1,1,0,0,0,0,0,0,0,1,0,0,1,0,0,0,0,0,0,0,0,0,0,0,4,0,39.9853,-75.1788, , 
15936,200154,2016082259,6,67,67301,2016,7,1,240,2,3,1,0,1,1, , ,N,1,2,0,3,0,0,2,2,N,N,39 59:00.690,75 07:08.664,242, ,241, ,0, , , ,3, , , , , , , , , ,2,1,0,0,0,0,1,0,0,0,0,0,0,0,0,0,0,0,0,0,1,0,0,2,0,0,0,0,0,0,0,0,0,0,0,0,0,39.9834,-75.1191, , 
15937,200160,2016090280,6,67,67301,2016,8,2,1448,14,1,1,0,1,1, , ,N,0,0,0,3,0,0,2,2,N,N,40 00:21.268,75 09:06.690,1448, ,1448, ,0, ,N, ,0, , , , , , , , , ,2,2,0,0,0,0,0,0,0,0,0,0,0,0,0,0,0,0,1,0,0,0,0,0,0,0,0,0,0,0,0,0,0,0,0,0,0,40.0059,-75.1519, , 
15938,200169,2016108620,6,67,67301,2016,9,5,9999,99,1,2,1,4,1, , ,N,1,2,0,3,0,1,2,2,Y,N,40 02:06.826,75 08:44.062,1239, ,1236, ,0, , , ,3, , , , , , , , , ,2,0,0,0,0,0,1,1,0,0,0,1,1,0,1,0,0,0,0,0,0,0,0,0,0,0,0,0,0,0,0,0,0,0,0,4,0,40.0352,-75.1455, , 
15939,200174,2016096381,6,67,67301,2016,9,7,2346,23,3,1,0,1,1, , ,N,0,0,0,3,0,0,5,2,N,N,39 56:40.319,75 11:29.724,9, ,2358,2,1,3, , ,0,N, , , , , , , , ,2,2,0,0,0,0,0,0,0,0,0,0,0,0,0,0,0,0,0,0,1,0,0,0,0,0,0,0,0,0,0,0,0,0,0,0,0,39.9445,-75.1916, , 
15940,200175,2016105731,6,67,67301,2016,9,5,2255,22,3,1,0,4,1, , ,N,1,2,0,3,0,1,4,2,N,N,40 00:35.496,75 10:00.822,2258, ,2258, ,0, ,N, ,3, , , , , , , , , ,2,2,0,0,0,0,0,0,0,0,0,1,1,0,0,0,0,0,1,0,0,0,0,1,0,0,0,0,0,0,0,0,0,0,0,4,0,40.0098,-75.1669, , 
15941,200176,2016095351,6,67,67301,2016,9,1,200,2,3,1,0,5,6, , ,N,0,0,0,3,0,2,3,2,N,N,39 58:21.406,75 09:24.735,216, ,215, ,0, ,N, ,0, , , , , , , , , ,2,2,0,0,0,0,0,0,0,0,0,2,2,0,0,0,0,0,1,0,0,0,0,0,0,0,0,0,0,0,0,0,0,0,0,4,0,39.9726,-75.1569, , 
15942,197703,2016080502,6,67,67301,2016,7,1,2041,20,3,1,0,8,1, , ,N,0,0,0,3,0,1,3,2,N,N,39 59:03.437,75 09:24.124,2041, ,2041,3,2,2,N, ,0,Y, , , , , , , , ,1,1,0,0,0,0,0,0,0,1,0,0,1,0,0,0,0,0,0,0,0,0,1,0,0,0,0,0,0,0,0,0,1,0,1,2,0,39.9843,-75.1567, , 
15943,197707,2016110247,6,67,67301,2016,10,6,1919,19,3,1,0,1,1,1,4,Y,0,0,0,3,0,0,3,3,N,N,40 01:23.040,75 02:08.390,1931,45,1919,1,1,2, , ,0,N,Y,N,N,N,N,N,N,Y,3,3,0,0,0,0,0,0,0,0,0,0,0,0,0,0,0,0,0,0,0,0,0,0,0,0,0,0,0,0,0,0,0,0,0,0,0,40.0231,-75.0357, , 
15944,197719,2016105918,6,67,67301,2016,9,2,1540,15,1,2,1,5,1, , ,N,3,2,0,3,0,0,2,2,N,N,40 01:33.252,75 12:11.489,1606, ,1604, ,0, , , ,3, , , , , , , , , ,2,1,0,0,0,0,1,0,0,0,0,0,0,0,0,0,0,0,0,0,0,0,0,0,0,0,0,0,0,0,0,0,0,0,0,0,0,40.0259,-75.2032, , 
15945,197722,2016062569,6,67,67301,2016,6,4,1615,16,1,1,0,8,1, , ,N,0,0,0,3,0,1,4,2,N, ,40 02:24.860,75 02:36.477,1621, ,1618, ,0, , , ,0, , , , , , , , , ,1,0,0,0,0,1,0,0,0,0,0,1,1,0,0,0,0,0,0,0,0,0,0,3,0,0,0,0,0,0,0,0,1,0,0,4,1,40.0402,-75.0435, , 
15946,197725,2016067824,6,67,67301,2016,5,1,915,9,1,1,0,4,1, , ,N,0,0,7,3,0,1,2,2,N,N,40 02:42.778,75 05:15.985,926, ,925, ,0, ,N, ,0, , , , , , , , , ,2,1,0,0,0,0,1,0,0,0,0,1,1,0,0,0,0,0,0,0,1,0,0,2,0,0,0,0,0,0,0,0,0,0,0,4,0,40.0452,-75.0878, , 
15947,197731,2016068727,6,67,67301,2016,6,3,651,6,1,1,0,4,1, , ,N,1,3,0,3,0,2,3,2,N, ,39 58:22.195,75 13:39.140,733, ,722, ,0, , , ,3, , , , , , , , , ,2,2,0,0,0,0,0,0,0,0,0,2,2,0,0,0,0,0,0,0,0,0,0,1,0,0,0,0,0,0,0,0,0,0,0,4,0,39.9728,-75.2275, , 
15948,197738,2016075637,6,67,67301,2016,7,4,1332,13,1,6,1,1,1, , ,N,1,2,0,3,0,1,3,2,N,N,39 59:49.541,75 14:07.166,1338, ,1332, ,0, , , ,3, , , , , , , , , ,2,1,0,1,0,0,0,0,0,0,1,0,1,0,0,0,0,0,0,0,0,0,0,0,0,0,0,0,0,0,0,0,0,0,0,3,1,39.997,-75.2353, , 
15949,197742,2016080413,6,67,67301,2016,7,1,1515,15,1,1,0,1,1, , ,N,0,2,0,3,0,1,2,2,N,N,39 54:21.668,75 11:38.217,1525, ,1522, ,0, , , ,3, , , , , , , , , ,2,0,0,0,0,0,2,0,0,0,0,1,1,0,0,0,0,0,0,0,0,0,0,0,0,0,0,0,0,0,0,0,0,0,0,4,0,39.906,-75.1939, , 
15950,197743,2016080898,6,67,67301,2016,7,5,2219,22,3,1,0,4,1, , ,N,1,2,0,3,0,5,5,2,N, ,39 55:38.874,75 13:54.199,2219, ,2219,1,1,6, , ,3,Y, , , , , , , , ,2,0,0,0,0,0,2,0,0,0,0,4,5,1,0,0,1,0,0,0,0,0,0,0,0,0,0,0,0,0,0,0,0,0,0,4,0,39.9275,-75.2317, , 
15951,197773,2016052154,6,67,67301,2016,3,2,829,8,1,8,1,1,1, , ,N,0,0,0,3,0,1,2,2, , ,39 57:56.331,75 08:13.394,0, ,0, ,0, , , ,0, , , , , , , , , ,2,1,0,0,0,0,1,0,0,0,0,0,1,1,1,0,0,0,0,0,1,0,0,0,0,0,0,0,0,0,0,0,0,0,0,8,0,39.9656,-75.1371, , 
15952,197774,2016053902,6,67,67301,2016,5,2,1557,15,1,1,0,1,1, , ,N,0,0,0,3,0,0,2,2,N,N,39 59:10.554,75 05:31.259,1614, ,1607,1,1,1, , ,0,N, , , , , , , , ,2,1,0,0,1,0,0,0,0,0,0,0,0,0,0,0,0,0,0,0,0,0,0,0,0,0,0,0,0,0,0,0,0,0,0,0,0,39.9863,-75.092, , 
15953,197782,2016068594,6,46,46104,2016,5,3,1812,18,1,1,0,4,1, , ,N,2,3,0,3,0,1,2,2,N,N,39 58:37.863,75 16:34.001,1815, ,1812, ,0, , , ,3, , , , , , , , , ,2,2,0,0,0,0,0,0,0,0,0,1,1,0,0,0,0,1,0,0,0,0,0,0,0,0,0,0,0,0,0,0,0,0,0,4,0,39.9771,-75.276, , 
15954,197786,2016080087,6,67,67301,2016,6,5,1015,10,1,2,1,4,1, , ,N,1,3,0,3,0,1,2,2,N,N,39 57:26.863,75 13:24.193,1035, ,1015, ,0, ,N, ,3, , , , , , , , , ,2,1,0,0,0,0,1,0,0,0,0,0,1,1,0,0,0,0,0,0,0,0,0,0,0,0,0,0,0,0,0,0,0,0,0,8,0,39.9575,-75.2234, , 
15955,197787,2016080114,6,67,67301,2016,7,7,1930,19,1,1,0,4,1, , ,N,1,2,0,3,0,3,7,2,N,N,40 02:57.663,75 04:04.482,1937, ,1934,1,1,5,N, ,3,Y, , , , , , , , ,2,0,0,0,0,0,1,1,0,0,0,2,3,1,0,0,0,0,0,0,0,0,0,0,0,0,0,0,0,0,0,0,0,0,0,4,0,40.0493,-75.0679, , 
15956,197788,2016080123,6,67,67301,2016,6,2,337,3,3,1,0,4,5, , ,N,0,0,0,3,0,1,2,4,N,N,39 55:13.663,75 12:50.738,438, ,408, ,0, ,N, ,0, , , , , , , , , ,3,1,0,0,0,0,0,2,0,1,0,0,1,0,0,0,0,0,0,0,0,0,0,0,0,0,0,0,0,0,0,0,1,0,1,2,0,39.9205,-75.2141, , 
15957,197798,2016087146,6,67,67301,2016,8,6,2134,21,3,1,0,6,3, , ,N,0,0,0,3,0,1,3,2,N, ,39 54:59.747,75 10:11.885,2140, ,2136,2,2,6, , ,0,Y, , , , , , , , ,2,0,0,0,0,0,2,0,0,0,0,1,1,0,0,0,0,0,0,0,1,0,0,1,0,0,0,0,0,0,0,0,0,0,0,4,0,39.9166,-75.17, , 
15958,197816,2016105604,6,67,67301,2016,9,4,1530,15,1,1,0,4,1, , ,N,2,2,0,3,0,1,2,2,N,N,40 00:34.641,75 03:50.429,1810, ,1807, ,0, , , ,3, , , , , , , , , ,2,0,0,0,0,0,2,0,0,0,0,0,1,1,0,0,0,0,0,0,1,1,0,0,0,0,0,0,0,0,0,0,0,0,0,8,0,40.0096,-75.064, , 
15959,197821,2016047041,6,67,67301,2016,4,1,2216,22,3,1,0,4,1, , ,N,1,2,0,3,0,3,6,3,N,N,40 00:37.460,75 04:45.357,2251, ,2241,1,1,1,N, ,3,N, , , , , , , , ,3,3,0,0,0,0,0,0,0,0,0,3,3,0,0,0,0,0,0,0,0,0,0,0,0,0,0,0,0,0,0,0,0,0,0,4,0,40.0104,-75.0793, , 
15960,192548,2016117139,6,67,67301,2016,10,6,825,8,1,1,0,4,1, , ,N,1,2,0,3,0,0,3,2,N,N,39 58:50.286,75 09:38.890,835, ,830, ,0, ,N, ,3, , , , , , , , , ,2,2,0,0,0,0,0,0,0,0,0,0,0,0,0,0,0,0,0,0,0,0,0,0,0,0,0,0,0,0,0,0,0,0,0,0,0,39.9806,-75.1608, , 
15961,192549,2016112217,6,67,67301,2016,10,6,2105,21,3,1,0,5,6, , ,N,0,0,0,3,0,0,4,6,N, ,40 03:32.260,75 03:08.364,2116, ,2110,2,1,2, , ,0,N, , , , , , , , ,6,2,0,0,1,0,2,1,0,0,0,0,0,0,0,0,0,0,0,0,0,0,0,0,0,0,0,0,0,0,0,0,0,0,0,0,0,40.059,-75.0523, , 
15962,192566,2016052287,6,67,67301,2016,4,7,1830,18,1,1,0,8,1, , ,N,5,2,1,3,0,1,2,2,N,N,39 58:59.552,75 07:57.021,1832, ,1831, ,0, ,N, ,3, , , , , , , , , ,1,0,0,0,0,0,1,0,0,0,0,1,1,0,0,0,0,0,0,0,0,0,0,0,0,0,0,0,0,0,0,0,1,0,0,4,0,39.9832,-75.1325, , 
15963,192582,2016070688,6,67,67301,2016,5,4,1359,13,1,1,0,7,4, , ,N,0,0,0,3,0,1,1,1,N, ,40 03:20.563,75 05:22.228,1555, ,1555, ,0, , , ,0, , , , , , , , , ,1,1,0,0,0,0,0,0,0,0,1,0,1,0,0,0,0,0,0,0,1,0,0,0,0,0,0,0,0,0,0,0,0,0,0,3,0,40.0557,-75.0895, , 
15964,192591,2016080287,6,67,67301,2016,6,4,2350,23,3,1,0,5,1, , ,N,0,0,0,3,0,0,3,3,N,N,40 01:13.919,75 09:21.045,25, ,21, ,0, ,N, ,0, , , , , , , , , ,3,2,0,0,0,0,1,0,0,0,0,0,0,0,0,0,0,0,0,0,0,1,0,0,0,0,0,0,0,0,0,0,0,0,0,0,0,40.0205,-75.1558, , 
15965,192592,2016080316,6,67,67301,2016,6,2,1505,15,1,1,0,7,4, , ,N,1,2,0,3,0,2,2,2,N, ,40 02:44.514,75 01:53.568,1552, ,1516, ,0, , , ,3, , , , , , , , , ,2,1,0,0,0,0,1,0,0,0,0,1,2,1,0,0,0,0,0,0,1,0,0,0,0,0,0,0,0,0,0,0,0,0,0,4,0,40.0457,-75.0315, , 
15966,192601,2016082350,6,67,67301,2016,7,2,1430,14,1,1,0,1,6, , ,N,0,0,0,3,0,0,1,2,N,N,39 58:28.182,75 13:28.268,1430, ,1430, ,0, ,N, ,0, , , , , , , , , ,2,0,0,0,0,1,1,0,0,0,0,0,0,0,0,0,0,0,0,0,0,0,0,1,0,0,0,0,0,0,0,0,0,0,0,0,1,39.9745,-75.2245, , 
15967,192606,2016082231,6,67,67301,2016,7,4,3,0,3,1,0,2,6, , ,N,0,0,0,3,0,2,2,3,N, ,40 02:32.899,75 06:12.074,10, ,6, ,0, ,N, ,0, , , , , , , , , ,3,2,0,0,0,0,1,0,0,0,1,1,2,0,0,0,0,0,0,0,0,0,0,1,0,0,0,0,0,0,0,0,0,0,0,3,0,40.0425,-75.1034, , 
15968,192611,2016061231,6,67,67301,2016,5,5,1215,12,1,1,0,8,1, , ,N,1,2,0,3,0,1,2,2,N,N,39 58:35.560,75 07:11.032,1224, ,1220, ,0, ,N, ,3, , , , , , , , , ,1,1,0,0,0,0,0,0,0,0,0,1,1,0,0,0,0,0,0,0,0,0,0,1,0,0,0,0,0,0,0,0,1,0,0,4,0,39.9763,-75.1197, , 
15969,192612,2016063471,6,67,67301,2016,6,4,1042,10,1,1,0,7,3,1,4,Y,0,0,3,3,0,1,2,2,N,N,39 55:11.150,75 12:06.698,1105,30,1042,5,2,6,Y, ,0,Y,Y, , ,N,Y, , , ,2,0,0,0,0,2,0,0,0,0,0,1,1,0,0,0,0,0,0,0,2,0,0,0,0,0,0,0,0,0,0,0,0,0,0,4,2,39.9198,-75.2019, , 
15970,192619,2016053742,6,67,67301,2016,5,6,1725,17,1,2,1,8,1, , ,N,1,2,0,3,0,2,3,3,N,N,39 59:52.789,75 07:31.478,1945, ,1940, ,0, , , ,3, , , , , , , , , ,1,1,0,0,0,0,0,0,0,0,2,0,2,0,0,0,0,0,0,0,0,0,0,0,0,0,0,0,0,0,0,0,2,0,0,3,0,39.998,-75.1254, , 
15971,192634,2016070663,6,67,67301,2016,6,5,1230,12,1,2,1,8,1, , ,N,1,2,0,3,0,1,2,2,N, ,39 56:22.862,75 10:53.371,1237, ,1230, ,0, , , ,3, , , , , , , , , ,1,0,0,0,0,0,1,0,0,0,0,0,1,1,0,0,0,0,0,0,0,0,0,0,0,0,0,0,0,0,0,0,1,0,0,8,0,39.9397,-75.1815, , 
15972,192638,2016080819,6,67,67301,2016,7,6,1030,10,1,1,0,4,1, , ,N,1,2,0,3,0,0,3,2,N,N,39 54:42.724,75 10:21.917,1033, ,1031, ,0, ,N, ,3, , , , , , , , , ,2,0,0,0,1,0,1,0,0,0,0,0,0,0,3,0,0,0,0,0,0,0,1,0,0,0,0,0,0,0,0,0,0,0,0,9,0,39.9119,-75.1728, , 
15973,192646,2016084121,6,67,67301,2016,7,5,910,9,1,1,0,4,1, , ,N,0,0,0,3,0,1,3,2,N, ,39 56:21.088,75 11:54.151,930, ,925, ,0, , , ,0, , , , , , , , , ,2,1,0,0,0,0,1,0,0,0,0,1,1,0,0,0,0,0,0,0,2,0,0,3,0,0,0,0,0,0,0,0,0,0,0,4,0,39.9392,-75.1984, , 
15974,192649,2016095543,6,67,67301,2016,9,7,437,4,3,1,0,1,1, , ,N,0,2,2,3,0,1,2,2,N,N,40 04:16.622,75 02:17.817,510, ,500,3,2,2,N, ,3,Y, , , , , , , , ,2,0,0,0,1,1,0,0,0,0,0,0,1,1,0,0,0,0,0,0,0,0,0,0,0,0,0,0,0,0,0,0,0,0,0,8,2,40.0713,-75.0383, , 
15975,192651,2016082248,6,67,67301,2016,7,1,221,2,3,2,1,1,1, , ,N,0,0,0,3,0,2,3,3,N, ,40 00:53.687,75 10:39.866,230, ,221,2,1,2, , ,0,N, , , , , , , , ,3,2,0,0,0,0,1,0,0,0,0,0,2,2,0,0,0,0,0,0,0,0,0,1,0,0,0,0,0,0,0,0,0,0,0,8,0,40.0149,-75.1777, , 
15976,192657,2016092160,6,67,67301,2016,8,3,1500,15,1,1,0,1,1, , ,N,0,0,0,3,0,1,6,3,N,N,40 02:12.188,75 03:50.308,1545, ,1533,1,1,2,N, ,0,N, , , , , , , , ,3,1,0,0,0,0,1,1,0,0,0,1,1,0,0,0,0,0,0,0,2,0,0,0,0,0,0,0,0,0,0,0,0,0,0,4,0,40.0367,-75.064, , 
15977,192660,2016056052,6,67,67301,2016,5,7,705,7,1,1,0,4,1, , ,N,1,2,0,3,0,1,3,4,N,N,40 01:50.138,75 04:57.471,712, ,711, ,0, ,N, ,3, , , , , , , , , ,4,3,0,0,0,0,1,0,0,0,0,1,1,0,0,0,0,0,0,0,1,0,0,2,0,0,0,0,0,0,0,0,0,0,0,4,0,40.0306,-75.0826, , 
15978,194828,2016061339,6,67,67301,2016,5,5,1255,12,1,1,0,1,1,1,8,Y,0,0,0,3,0,1,3,3,N,N,39 58:02.358,75 07:59.303,1257,45,1256,1,2,2, , ,0,N,N,N,N,N,N,N,N,Y,3,2,0,0,0,0,0,1,0,0,1,0,1,0,0,0,0,0,0,0,1,1,0,0,0,0,0,0,0,0,0,0,0,0,0,3,0,39.9673,-75.1331, , 
15979,194832,2016065646,6,67,67301,2016,6,6,830,8,1,1,0,1,1, , ,N,1,0,0,3,0,1,3,2,N,N,39 57:21.639,75 09:20.689,840, ,838, ,0, ,N, ,0, , , , , , , , , ,2,2,0,0,0,0,0,0,0,0,0,0,1,1,1,0,0,0,0,0,0,0,0,0,0,0,0,0,0,0,0,0,0,0,0,8,0,39.956,-75.1557, , 
15980,194856,2016081811,6,67,67301,2016,8,5,700,7,1,1,0,1,1, , ,N,0,0,0,3,0,0,1,2,N,N,39 59:17.498,75 09:07.401,812, ,811, ,0, ,N, ,0, , , , , , , , , ,2,2,0,0,0,0,0,0,0,0,0,0,0,0,1,0,0,0,0,0,0,0,0,0,0,0,0,0,0,0,0,0,0,0,0,9,0,39.9882,-75.1521, , 
15981,194858,2016083880,6,67,67301,2016,8,3,1835,18,1,1,0,5,1, , ,N,0,0,0,3,0,2,6,2,N,N,39 57:18.685,75 11:55.069,1840, ,1837, ,0, ,N, ,0, , , , , , , , , ,2,2,0,0,0,0,0,0,0,0,0,2,2,0,0,0,0,0,1,0,0,0,0,0,0,0,0,0,0,0,0,0,0,0,0,4,0,39.9552,-75.1986, , 
15982,194859,2016087159,6,67,67301,2016,8,7,105,1,3,1,0,1,1, , ,N,0,2,0,3,0,1,2,2,N,N,39 55:51.018,75 10:05.578,142, ,135, ,0, ,N, ,3, , , , , , , , , ,2,2,0,0,0,0,0,0,0,0,0,0,1,1,0,0,0,0,0,0,0,0,0,0,0,0,0,0,0,0,0,0,0,0,0,8,0,39.9308,-75.1682, , 
15983,194874,2016119655,6,67,67301,2016,10,7,215,2,3,2,1,7,4, , ,N,0,0,0,3,0,0,1,1,N, ,39 58:19.629,75 07:29.417,225, ,237,1,1,3, , ,0,N, , , , , , , , ,1,1,0,0,0,0,0,0,0,0,0,0,0,0,0,0,0,0,0,0,0,0,0,0,0,0,0,0,0,0,0,0,0,0,0,0,0,39.9721,-75.1248, , 
15984,194884,2016065732,6,67,67301,2016,6,4,1733,17,1,1,0,4,1, , ,N,2,0,7,3,0,1,2,2,N,N,39 55:42.820,75 08:40.147,1742, ,1739,1,1,2,N, ,0,N, , , , , , , , ,2,1,1,0,0,0,0,0,0,0,0,0,1,1,0,0,0,0,0,0,0,0,0,0,0,0,0,0,0,0,0,0,0,0,0,8,0,39.9286,-75.1445, , 
15985,194889,2016067822,6,67,67301,2016,6,5,1740,17,1,1,0,4,1, , ,N,1,2,0,3,0,1,6,2,N,N,40 02:29.198,75 07:12.381,1747, ,1747, ,0, ,N, ,3, , , , , , , , , ,2,2,0,0,0,0,0,0,0,0,0,1,1,0,0,0,0,0,0,0,0,0,0,0,0,0,0,0,0,0,0,0,0,0,0,4,0,40.0414,-75.1201, , 