objectid_1,objectid,crn,district,county,municipality,crash_year,crash_month,day_of_week,time_of_day,hour_of_day,illumination,weather,road_condition,collision_type,relation_to_road,work_zone_type,work_zone_loc,work_zone_ind,intersect_type,tcd_type,location_type,urban_rural,fatal_count,injury_count,person_count,total_units,sch_bus_ind,sch_zone_ind,latitude,longitude,arrival_tm,cons_zone_spd_lim,dispatch_tm,est_hrs_closed,lane_closed,ln_close_dir,ntfy_hiwy_maint,spec_juris_cd,tcd_func_cd,tfc_detour_ind,workers_pres,wz_close_detour,wz_flagger,wz_law_offcr_ind,wz_ln_closure,wz_moving,wz_other,wz_shlder_mdn,vehicle_count,automobile_count,motorcycle_count,bus_count,small_truck_count,heavy_truck_count,suv_count,van_count,bicycle_count,maj_inj_count,mod_inj_count,min_inj_count,tot_inj_count,unk_inj_deg_count,unk_inj_per_count,driver_count_16yr,driver_count_17yr,driver_count_18yr,driver_count_19yr,driver_count_20yr,driver_count_50_64yr,driver_count_65_74yr,driver_count_75plus,unbelted_occ_count,unb_death_count,unb_maj_inj_count,belted_death_count,belted_maj_inj_count,mcycle_death_count,mcycle_maj_inj_count,bicycle_death_count,bicycle_maj_inj_count,ped_count,ped_death_count,ped_maj_inj_count,max_severity_level,comm_veh_count,dec_lat,dec_long,rdwy_surf_type_cd,county_name
16256,193095,2016052300,6,67,67301,2016,5,2,1200,12,1,2,1,5,1, , ,N,0,0,0,3,0,1,1,4,N, ,40 00:06.500,75 06:13.400,1202, ,1202, ,0, , , ,0, , , , , , , , , ,4,4,0,0,0,0,0,0,0,0,0,0,1,1,0,0,0,0,0,0,0,0,0,1,0,0,0,0,0,0,0,0,0,0,0,8,0,40.0018,-75.1037, , 
16257,193106,2016080962,6,67,67301,2016,6,7,135,1,3,1,0,5,6, , ,N,0,0,0,3,0,4,5,2,N, ,40 00:10.954,75 09:27.352,145, ,140, ,0, , , ,0, , , , , , , , , ,2,1,0,1,0,0,0,0,0,0,0,1,4,3,0,0,0,0,0,0,0,0,0,0,0,0,0,0,0,0,0,0,0,0,0,4,1,40.003,-75.1576, , 
16258,193110,2016087131,6,67,67301,2016,8,7,2141,21,3,1,0,4,1, , ,N,1,2,0,3,0,2,3,2,N,N,39 59:40.673,75 05:40.311,2203, ,2202, ,0, ,N, ,3, , , , , , , , , ,2,1,0,0,0,0,1,0,0,0,0,2,2,0,1,0,0,0,0,0,1,0,0,0,0,0,0,0,0,0,0,0,0,0,0,4,0,39.9946,-75.0945, , 
16259,193115,2016097186,6,67,67301,2016,8,6,1056,10,1,1,0,7,5, , ,N,1,0,0,3,0,1,1,1,N,N,39 59:35.462,75 06:24.911,1115, ,1056, ,0, ,N, ,0, , , , , , , , , ,1,0,0,0,1,0,0,0,0,0,0,0,1,1,0,0,0,0,0,0,1,0,0,0,0,0,0,0,0,0,0,0,0,0,0,8,0,39.9932,-75.1069, , 
16260,193118,2016107290,6,67,67301,2016,9,2,917,9,1,2,1,1,1, , ,N,0,0,0,3,0,1,2,2,N,N,39 58:55.704,75 06:03.632,926, ,917,1,1,2, , ,0,N, , , , , , , , ,2,2,0,0,0,0,0,0,0,0,0,0,1,1,0,0,0,0,0,0,0,0,0,0,0,0,0,0,0,0,0,0,0,0,0,8,0,39.9821,-75.101, , 
16261,193125,2016105893,6,67,67301,2016,9,2,2125,21,3,1,0,4,1, , ,N,1,3,0,3,0,0,2,2,N, ,39 56:18.225,75 13:07.971,2340, ,2335, ,0, , , ,3, , , , , , , , , ,2,1,0,0,0,0,1,0,0,0,0,0,0,0,0,0,0,0,0,0,0,0,0,2,0,0,0,0,0,0,0,0,0,0,0,0,0,39.9384,-75.2189, , 
16262,193127,2016108111,6,67,67301,2016,9,6,802,8,1,2,1,1,1, , ,N,1,2,0,3,0,1,5,3,N, ,39 56:22.120,75 10:47.362,820, ,818, ,0, , , ,3, , , , , , , , , ,3,3,0,0,0,0,0,0,0,0,0,0,1,1,0,0,0,0,0,0,0,0,0,0,0,0,0,0,0,0,0,0,0,0,0,8,0,39.9395,-75.1798, , 
16263,193134,2016099575,6,67,67301,2016,9,7,9999,99,1,1,0,4,1, , ,N,1,2,0,3,0,1,2,2,N,N,39 58:00.135,75 10:44.570,1440, ,1430, ,0, ,N, ,3, , , , , , , , , ,1,1,0,0,0,0,0,0,1,0,0,1,1,0,0,0,0,0,0,0,0,0,1,0,0,0,0,0,0,0,0,0,0,0,0,4,0,39.9667,-75.179, , 
16264,193146,2016052398,6,67,67301,2016,4,4,1820,18,1,1,1,5,1, , ,N,0,0,0,3,0,1,2,2,N,N,39 56:31.909,75 09:15.595,1830, ,1830, ,0, ,N, ,0, , , , , , , , , ,1,1,0,0,0,0,0,0,1,0,0,1,1,0,0,0,0,0,0,0,0,0,0,1,0,0,0,0,0,0,0,0,0,0,0,4,0,39.9422,-75.1543, , 
16265,193150,2016062561,6,67,67301,2016,5,2,1101,11,1,1,0,7,4, , ,N,1,3,0,3,0,1,1,1,N,N,40 02:41.384,75 10:54.117,1104, ,1102, ,0, ,N, ,3, , , , , , , , , ,1,1,0,0,0,0,0,0,0,0,0,0,1,1,0,0,0,0,0,0,0,0,0,0,0,0,0,0,0,0,0,0,0,0,0,8,0,40.0448,-75.1817, , 
16266,193161,2016077649,6,67,67301,2016,7,7,2050,20,2,2,1,1,1, , ,N,0,0,0,3,0,1,3,2,N,N,39 56:41.103,75 11:28.862,2100, ,2055, ,0, , , ,0, , , , , , , , , ,2,0,0,0,0,0,2,0,0,0,0,0,1,1,0,0,0,1,0,0,0,0,0,0,0,0,0,0,0,0,0,0,0,0,0,8,0,39.9448,-75.1914, , 
16267,193164,2016080694,6,67,67301,2016,6,3,1050,10,1,1,0,5,1, , ,N,0,0,0,3,0,1,3,2,N, ,40 02:04.716,75 06:59.136,1210, ,1200, ,0, , , ,0, , , , , , , , , ,2,2,0,0,0,0,0,0,0,0,0,0,1,1,0,0,0,0,0,0,0,0,1,1,0,0,0,0,0,0,0,0,0,0,0,8,0,40.0346,-75.1164, , 
16268,195523,2016080133,6,67,67301,2016,7,1,1221,12,1,1,0,4,1, , ,N,2,3,0,3,0,0,3,2,N, ,40 00:49.874,75 11:05.159,1311, ,1251,1,1,5, , ,3,Y, , , , , , , , ,2,2,0,0,0,0,0,0,0,0,0,0,0,0,3,0,0,1,0,0,0,0,0,0,0,0,0,0,0,0,0,0,0,0,0,9,0,40.0139,-75.1848, , 
16269,195542,2016105540,6,67,67301,2016,9,3,652,6,1,8,1,4,1, , ,N,1,2,0,3,0,1,2,2,N, ,39 57:30.652,75 09:56.236,708, ,706,2,1,1, , ,3,Y, , , , , , , , ,2,1,0,0,1,0,0,0,0,0,0,1,1,0,0,0,0,0,0,0,0,0,0,1,0,0,0,0,0,0,0,0,0,0,0,4,0,39.9585,-75.1656, , 
16270,195561,2016070689,6,67,67301,2016,6,5,950,9,1,1,0,1,1, , ,N,0,0,0,3,0,1,2,2,N,N,40 02:19.937,75 03:23.092,1001, ,956,1,1,1,N, ,0,N, , , , , , , , ,2,1,0,0,0,0,1,0,0,0,0,1,1,0,0,0,0,0,0,0,1,0,0,1,0,0,0,0,0,0,0,0,0,0,0,4,0,40.0389,-75.0564, , 
16271,195566,2016080495,6,67,67301,2016,7,6,1640,16,1,2,1,4,1, , ,N,1,2,0,3,0,1,2,2,N,N,40 02:46.150,75 04:44.993,1650, ,1642, ,0, , , ,3, , , , , , , , , ,2,1,0,0,1,0,0,0,0,0,1,0,1,0,1,0,0,0,0,0,0,0,0,0,0,0,0,0,0,0,0,0,0,0,0,3,0,40.0462,-75.0792, , 
16272,195567,2016082503,6,67,67301,2016,7,7,1226,12,1,1,0,1,1, , ,N,0,0,0,3,0,0,4,2,N,N,40 00:00.071,75 11:42.787,1226, ,1226, ,0, , , ,0, , , , , , , , , ,2,2,0,0,0,0,0,0,0,0,0,0,0,0,0,0,0,0,0,0,1,0,0,0,0,0,0,0,0,0,0,0,0,0,0,0,0,40,-75.1952, , 
16273,195569,2016088601,6,67,67301,2016,8,3,1745,17,1,1,0,4,1, , ,N,2,0,7,3,0,1,3,2,N,N,39 55:59.851,75 08:41.348,1752, ,1750,1,1,3,N, ,0,N, , , , , , , , ,2,2,0,0,0,0,0,0,0,0,0,1,1,0,0,0,0,0,1,0,0,0,0,0,0,0,0,0,0,0,0,0,0,0,0,4,0,39.9333,-75.1448, , 
16274,195571,2016083820,6,67,67301,2016,8,3,1629,16,1,1,0,1,1, , ,N,0,0,0,3,0,0,6,3,N,N,40 01:23.320,75 02:07.376,1706, ,1629,2,1,2, , ,0,N, , , , , , , , ,3,2,0,0,0,0,1,0,0,0,0,0,0,0,0,0,0,0,0,0,0,1,0,0,0,0,0,0,0,0,0,0,0,0,0,0,0,40.0231,-75.0354, , 
16275,195575,2016092134,6,67,67301,2016,8,4,1643,16,1,1,0,4,1, , ,N,0,0,0,3,0,2,2,2,N, ,40 00:57.297,75 10:13.268,1659, ,1657, ,0, , , ,0, , , , , , , , , ,2,2,0,0,0,0,0,0,0,0,0,1,2,1,0,0,0,0,0,0,1,0,0,0,0,0,0,0,0,0,0,0,0,0,0,4,0,40.0159,-75.1704, , 
16276,195585,2016100602,6,67,67301,2016,9,3,43,0,3,1,0,5,1, , ,N,0,0,0,3,0,0,3,2,N,N,39 52:37.290,75 15:17.211,100, ,45, ,0, , , ,0, , , , , , , , , ,2,2,0,0,0,0,0,0,0,0,0,0,0,0,1,0,0,0,0,0,0,0,0,0,0,0,0,0,0,0,0,0,0,0,0,9,0,39.877,-75.2548, , 
16277,195591,2016105568,6,67,67301,2016,10,1,605,6,3,2,1,6,6, , ,N,0,0,0,3,0,0,1,3,N,N,40 04:02.643,75 02:03.732,617, ,610, ,0, ,N, ,0, , , , , , , , , ,3,1,0,0,0,0,1,1,0,0,0,0,0,0,1,0,0,0,0,0,0,0,0,0,0,0,0,0,0,0,0,0,0,0,0,9,0,40.0674,-75.0344, , 
16278,195616,2016063954,6,67,67301,2016,6,2,655,6,1,1,0,1,1, , ,N,0,2,0,3,0,1,2,2,N,N,40 04:50.103,75 01:43.566,725, ,700,2,1,1,N, ,3,N, , , , , , , , ,2,2,0,0,0,0,0,0,0,0,0,0,1,1,0,0,0,0,0,0,0,0,0,0,0,0,0,0,0,0,0,0,0,0,0,8,0,40.0806,-75.0288, , 
16279,195637,2016092112,6,67,67301,2016,8,5,750,7,1,1,0,5,6, , ,N,0,0,0,3,0,1,2,3,N,N,39 55:32.831,75 10:39.174,755, ,755,1,2,2,N, ,0,N, , , , , , , , ,3,3,0,0,0,0,0,0,0,0,0,1,1,0,0,0,0,0,0,0,0,0,0,1,0,0,0,0,0,0,0,0,0,0,0,4,0,39.9258,-75.1775, , 
16280,195659,2016065341,6,67,67301,2016,6,2,240,2,3,1,0,7,2, , ,N,0,0,0,3,0,2,2,1,N,N,39 58:14.200,75 11:34.524,246, ,241,2,1,4, , ,0,Y, , , , , , , , ,1,0,0,0,0,0,1,0,0,0,0,0,2,2,0,0,0,0,0,0,0,0,0,0,0,0,0,0,0,0,0,0,0,0,0,8,0,39.9706,-75.1929, , 
16281,195665,2016068266,6,67,67301,2016,5,6,1430,14,1,1,0,8,1, , ,N,0,0,0,3,0,1,2,2,N,N,39 57:01.086,75 09:42.612,1037, ,1037, ,0, ,N, ,0, , , , , , , , , ,1,1,0,0,0,0,0,0,0,0,1,0,1,0,0,0,0,0,0,0,1,0,0,0,0,0,0,0,0,0,0,0,1,0,0,3,0,39.9503,-75.1618, , 
16282,195676,2016081409,6,67,67301,2016,6,2,1637,16,1,1,0,4,1, , ,N,2,3,0,3,0,1,4,2,N,N,39 59:47.640,75 10:43.234,1639, ,1639,2,1,2, , ,3,N, , , , , , , , ,2,1,0,0,0,0,1,0,0,0,0,0,1,1,0,0,1,0,0,0,1,0,0,2,0,0,0,0,0,0,0,0,0,0,0,8,0,39.9966,-75.1787, , 
16283,195684,2016082214,6,67,67301,2016,7,4,1240,12,1,1,0,8,1, , ,N,1,2,0,3,0,1,2,2,N,N,39 55:01.859,75 14:46.691,1301, ,1250, ,0, ,N, ,3, , , , , , , , , ,1,1,0,0,0,0,0,0,0,0,0,1,1,0,0,0,0,0,0,0,1,0,0,1,0,0,0,0,0,0,0,0,1,0,0,4,0,39.9172,-75.2463, , 
16284,195687,2016084646,6,67,67301,2016,8,3,1955,19,1,1,0,4,1, , ,N,1,2,0,3,0,4,4,3,N,N,40 03:47.229,75 01:19.196,2008, ,1958, ,0, ,N, ,3, , , , , , , , , ,2,2,0,0,0,0,0,0,0,0,0,0,4,4,0,0,0,0,0,0,0,1,0,0,0,0,0,0,0,0,0,0,1,0,0,8,0,40.0631,-75.022, , 
16285,195700,2016041617,6,67,67301,2016,4,3,812,8,1,1,0,0,1, , ,N,6,0,2,3,0,1,3,1,N,N,39 55:24.160,75 11:32.076,824, ,817,1,1,4, , ,0,N, , , , , , , , ,1,1,0,0,0,0,0,0,0,0,0,0,1,1,1,0,0,0,0,0,0,0,0,0,0,0,0,0,0,0,0,0,0,0,0,8,0,39.9234,-75.1922, , 
16286,200878,2016126614,6,67,67301,2016,11,2,1225,12,1,1,0,4,1, , ,N,1,2,0,3,0,4,4,2,N, ,40 02:17.754,75 06:05.767,1234, ,1227, ,0, , , ,3, , , , , , , , , ,2,2,0,0,0,0,0,0,0,0,0,4,4,0,0,0,0,0,0,0,0,0,0,0,0,0,0,0,0,0,0,0,0,0,0,4,0,40.0383,-75.1016, , 
16287,200881,2016129443,6,67,67301,2016,11,2,1340,13,1,1,0,5,1, , ,N,0,0,0,3,0,1,3,2,N,N,39 59:11.429,75 07:53.704,1350, ,1346, ,0, , , ,0, , , , , , , , , ,1,0,0,0,0,0,0,1,1,0,0,1,1,0,0,0,0,0,0,0,0,0,0,1,0,0,0,0,0,0,0,0,0,0,0,4,0,39.9865,-75.1316, , 
16288,200884,2016135665,6,67,67301,2016,12,6,9999,99,1,1,0,4,1, , ,N,1,3,0,3,0,1,2,5,N, ,39 57:58.759,75 14:16.205,900, ,855, ,0, , , ,3, , , , , , , , , ,5,5,0,0,0,0,0,0,0,0,0,1,1,0,0,0,0,0,0,0,0,0,1,1,0,0,0,0,0,0,0,0,0,0,0,4,0,39.9663,-75.2378, , 
16289,200908,2016063927,6,67,67301,2016,6,2,1017,10,1,1,0,4,1, , ,N,1,2,0,3,0,0,3,2,N,N,40 03:52.346,75 14:22.962,1024, ,1018, ,0, ,N, ,3, , , , , , , , , ,2,2,0,0,0,0,0,0,0,0,0,0,0,0,0,0,0,0,0,0,0,0,0,3,0,0,0,0,0,0,0,0,0,0,0,0,0,40.0645,-75.2397, , 
16290,200910,2016053662,6,67,67301,2016,5,2,1220,12,1,1,0,1,1, , ,N,5,2,0,3,0,0,3,2,N,N,40 02:30.909,75 04:29.910,1220, ,1220, ,0, , , ,3, , , , , , , , , ,2,2,0,0,0,0,0,0,0,0,0,0,0,0,0,0,0,0,0,0,1,0,0,0,0,0,0,0,0,0,0,0,0,0,0,0,0,40.0419,-75.075, , 
16291,200918,2016062685,6,67,67301,2016,5,1,2115,21,3,1,1,2,1, , ,N,0,0,0,3,0,2,4,2,N,N,40 03:06.759,75 00:30.735,2117, ,2116,9,1,1,N, ,0,N, , , , , , , , ,2,1,0,0,0,0,0,1,0,1,0,1,2,0,0,0,0,0,0,1,1,0,0,0,0,0,0,0,0,0,0,0,0,0,0,2,0,40.0519,-75.0085, , 
16292,200931,2016070648,6,67,67301,2016,6,4,1025,10,1,1,0,4,1, , ,N,1,2,0,3,0,1,2,2,N, ,40 02:10.346,75 03:51.114,1045, ,1032,1,2,1, , ,3,Y, , , , , , , , ,2,2,0,0,0,0,0,0,0,0,0,1,1,0,0,0,0,0,0,0,1,0,1,0,0,0,0,0,0,0,0,0,0,0,0,4,0,40.0362,-75.0642, , 
16293,200939,2016080303,6,67,67301,2016,7,1,900,9,1,1,0,8,1, , ,N,0,0,0,3,0,1,2,2,N, ,40 00:31.741,75 08:31.322,20, ,18, ,0, , , ,0, , , , , , , , , ,1,1,0,0,0,0,0,0,0,0,0,1,1,0,0,0,0,0,0,1,0,0,0,0,0,0,0,0,0,0,0,0,1,0,0,4,0,40.0088,-75.142, , 
16294,200940,2016080415,6,67,67301,2016,7,4,1255,12,1,1,0,4,1, , ,N,1,2,0,3,0,2,3,2,N,N,39 54:42.724,75 10:21.917,1301, ,1257, ,0, ,N, ,3, , , , , , , , , ,2,0,0,0,0,0,2,0,0,0,0,0,2,2,0,0,0,0,0,0,1,0,0,0,0,0,0,0,0,0,0,0,0,0,0,8,0,39.9119,-75.1728, , 
16295,200941,2016080629,6,67,67301,2016,7,5,545,5,1,9,1,1,1, , ,N,1,2,0,3,0,1,2,2,N, ,39 53:50.506,75 15:07.793,9999, ,9999, ,0, , , ,3, , , , , , , , , ,2,1,0,0,0,0,0,1,0,0,1,0,1,0,1,0,0,0,0,0,0,0,0,1,0,0,0,0,0,0,0,0,0,0,0,3,0,39.8974,-75.2522, , 
16296,200942,2016080737,6,67,67301,2016,6,1,1130,11,1,1,0,4,1, , ,N,1,2,0,3,0,3,4,2,N,N,39 55:51.967,75 10:23.350,1135, ,1133,2,2,7,N, ,3,Y, , , , , , , , ,2,2,0,0,0,0,0,0,0,0,0,3,3,0,0,0,0,0,0,0,0,0,0,1,0,0,0,0,0,0,0,0,0,0,0,4,0,39.9311,-75.1732, , 
16297,200953,2016080849,6,67,67301,2016,6,3,2316,23,3,1,0,7,4, , ,N,0,0,0,3,0,1,1,1,N,N,40 01:17.436,75 12:00.314,2322, ,2316,2,2,1,Y, ,0,N, , , , , , , , ,1,1,0,0,0,0,0,0,0,0,0,1,1,0,0,0,0,0,1,0,0,0,0,0,0,0,0,0,0,0,0,0,0,0,0,4,0,40.0215,-75.2001, , 
16298,200954,2016080974,6,67,67301,2016,6,4,1501,15,1,1,0,3,1, , ,N,1,3,0,3,0,2,3,2,N,N,39 58:36.548,75 15:08.294,1556, ,1550, ,0, ,N, ,3, , , , , , , , , ,2,2,0,0,0,0,0,0,0,0,0,2,2,0,0,0,0,0,0,0,0,0,1,0,0,0,0,0,0,0,0,0,0,0,0,4,0,39.9768,-75.2523, , 
16299,200956,2016080549,6,67,67301,2016,7,2,815,8,1,1,0,8,1, , ,N,0,0,0,3,0,1,2,2,N,N,39 58:56.048,75 09:52.302,950, ,943, ,0, ,N, ,0, , , , , , , , , ,1,1,0,0,0,0,0,0,0,0,0,0,1,1,0,0,0,0,0,0,0,0,0,1,0,0,0,0,0,0,0,0,1,0,0,8,0,39.9822,-75.1645, , 
16300,200958,2016058709,6,67,67301,2016,5,1,1130,11,1,1,0,1,1, , ,N,0,8,0,3,0,0,8,2,N,N,39 57:32.641,75 10:16.814,1150, ,1137,2,2,4, , ,3,N, , , , , , , , ,2,1,0,0,0,0,1,0,0,0,0,0,0,0,0,0,0,0,0,0,0,0,0,0,0,0,0,0,0,0,0,0,0,0,0,0,0,39.9591,-75.1713, , 
16301,200962,2016063925,6,67,67301,2016,6,2,1029,10,1,1,0,4,1, , ,N,1,3,0,3,0,2,3,2,N,N,39 58:45.019,75 14:56.536,1034, ,1032, ,0, ,N, ,3, , , , , , , , , ,2,2,0,0,0,0,0,0,0,0,0,1,2,1,0,0,0,0,0,0,0,1,0,0,0,0,0,0,0,0,0,0,0,0,0,4,0,39.9792,-75.249, , 
16302,200977,2016080592,6,67,67301,2016,7,3,230,2,3,2,1,4,1, , ,N,1,2,0,3,0,2,2,3,N, ,39 59:01.093,75 09:36.529,241, ,241, ,0, , , ,3, , , , , , , , , ,3,1,0,0,0,0,1,1,0,0,1,1,2,0,0,0,0,0,0,0,0,0,0,0,0,0,0,0,0,0,0,0,0,0,0,3,0,39.9836,-75.1601, , 
16303,200979,2016084614,6,67,67301,2016,8,5,1830,18,1,1,0,8,1, , ,N,1,2,0,3,0,1,2,2,N,N,39 57:13.496,75 09:28.376,2005, ,1955, ,0, ,N, ,3, , , , , , , , , ,1,0,0,0,1,0,0,0,0,0,0,0,1,1,0,0,0,0,0,0,1,0,0,0,0,0,0,0,0,0,0,0,1,0,0,8,0,39.9537,-75.1579, , 
16304,198513,2016124412,6,67,67301,2016,10,5,1700,17,3,2,1,1,1, , ,N,0,0,0,3,0,1,4,3,N,N,40 02:33.780,75 04:59.485,1723, ,1713,1,2,4, , ,0,Y, , , , , , , , ,3,2,0,0,0,0,1,0,0,0,0,1,1,0,0,0,0,0,0,0,0,1,0,0,0,0,0,0,0,0,0,0,0,0,0,4,0,40.0427,-75.0832, , 
16305,198515,2016117770,6,67,67301,2016,10,7,145,1,3,2,1,7,5, , ,N,1,2,0,3,0,0,1,1,N,N,39 57:16.399,75 10:52.674,203, ,157, ,0, ,N, ,3, , , , , , , , , ,1,0,0,0,0,0,1,0,0,0,0,0,0,0,0,0,0,0,0,0,0,0,0,0,0,0,0,0,0,0,0,0,0,0,0,0,0,39.9546,-75.1813, , 
16306,198519,2016129480,6,67,67301,2016,11,5,1450,14,1,1,0,5,1, , ,N,2,0,0,3,0,1,2,2,N,N,39 56:16.011,75 10:35.774,1525, ,1525, ,0, ,N, ,0, , , , , , , , , ,1,0,0,0,0,0,0,1,1,0,0,0,1,1,0,0,0,0,0,0,1,0,0,0,0,0,0,0,0,0,0,0,0,0,0,8,0,39.9378,-75.1766, , 
16307,198520,2016129300,6,67,67301,2016,11,7,502,5,3,1,0,5,6, , ,N,0,0,0,3,0,0,1,2,N, ,40 03:41.364,75 11:31.365,507, ,502, ,0, , , ,0, , , , , , , , , ,2,1,0,0,0,0,1,0,0,0,0,0,0,0,1,0,0,0,0,0,0,0,0,0,0,0,0,0,0,0,0,0,0,0,0,9,0,40.0615,-75.192, , 
16308,198541,2016129481,6,67,67301,2016,11,5,1930,19,3,1,0,4,1, , ,N,1,3,0,3,0,1,2,2,N,N,39 55:46.592,75 10:16.651,2022, ,2015, ,0, ,N, ,3, , , , , , , , , ,2,2,0,0,0,0,0,0,0,0,0,1,1,0,0,0,0,0,0,0,0,0,0,1,0,0,0,0,0,0,0,0,0,0,0,4,0,39.9296,-75.1713, , 
16309,198544,2016127790,6,67,67301,2016,11,3,1908,19,3,1,0,4,1, , ,N,3,0,0,3,0,1,2,2,N,N,39 58:20.556,75 08:03.667,1911, ,1910, ,0, ,N, ,0, , , , , , , , , ,1,0,0,0,0,0,0,0,1,0,0,1,1,0,1,0,0,0,0,0,0,0,0,0,0,0,0,0,0,0,0,0,0,0,0,4,0,39.9724,-75.1344, , 
16310,198547,2016129266,6,67,67301,2016,11,1,910,9,1,1,0,4,1, , ,N,1,3,0,3,0,2,3,2,N, ,39 59:02.047,75 08:16.069,920, ,914, ,0, , , ,3, , , , , , , , , ,2,0,0,0,0,0,1,1,0,0,0,0,2,2,0,0,0,0,0,0,1,0,0,0,0,0,0,0,0,0,0,0,0,0,0,8,0,39.9839,-75.1378, , 
16311,198553,2016019176,6,67,67301,2016,1,3,340,3,3,1,0,5,6, , ,N,0,0,0,3,0,0,1,4,N,N,39 56:59.726,75 12:56.095,350, ,345, ,0, ,N, ,0, , , , , , , , , ,4,2,0,0,0,0,2,0,0,0,0,0,0,0,0,0,0,0,0,0,0,0,0,0,0,0,0,0,0,0,0,0,0,0,0,0,0,39.9499,-75.2156, , 
16312,198581,2016048643,6,67,67301,2016,4,6,1814,18,1,1,0,8,1, , ,N,0,0,0,3,0,1,2,2,N,N,39 55:15.711,75 10:22.162,1820, ,1817, ,0, , , ,0, , , , , , , , , ,1,0,0,0,0,0,0,1,0,0,0,1,1,0,0,0,0,0,0,0,0,0,0,0,0,0,0,0,0,0,0,0,1,0,0,4,0,39.921,-75.1728, , 
16313,198585,2016054140,6,67,67301,2016,5,6,1618,16,1,1,0,1,1, , ,N,0,2,0,3,0,1,2,2,N,N,39 57:18.595,75 11:54.333,1626, ,1621, ,0, ,N, ,3, , , , , , , , , ,2,0,0,0,0,0,2,0,0,0,1,0,1,0,0,0,0,0,0,0,1,0,0,0,0,0,0,0,0,0,0,0,0,0,0,3,0,39.9552,-75.1984, , 
16314,198597,2016053736,6,67,67301,2016,5,6,1600,16,1,2,1,8,1, , ,N,2,0,0,3,0,1,2,2,N, ,40 00:03.267,75 08:51.198,1820, ,1800, ,0, , , ,0, , , , , , , , , ,1,0,0,0,0,0,0,0,0,0,1,0,1,0,0,0,0,0,0,0,0,0,0,0,0,0,0,0,0,0,0,0,1,0,0,3,0,40.0009,-75.1475, , 
16315,198638,2016061234,6,67,67301,2016,5,3,2100,21,3,1,0,8,1, , ,N,1,2,0,3,0,1,2,2,N, ,39 58:15.733,75 09:20.582,1615, ,1615, ,0, , , ,3, , , , , , , , , ,1,1,0,0,0,0,0,0,0,0,0,0,1,1,0,0,0,0,0,0,1,0,0,0,0,0,0,0,0,0,0,0,1,0,0,8,0,39.9709,-75.1557, , 
16316,198661,2016088617,6,67,67301,2016,7,2,1800,18,1,1,0,4,1, , ,N,1,2,0,3,0,1,3,2,N, ,39 57:25.696,75 12:51.617,1815, ,1809, ,0, , , ,3, , , , , , , , , ,2,1,0,0,1,0,0,0,0,0,0,1,1,0,0,0,0,0,0,0,0,0,0,0,0,0,0,0,0,0,0,0,0,0,0,4,0,39.9571,-75.2143, , 
16317,198667,2016087185,6,67,67301,2016,8,5,9999,99,1,2,7,7,4, , ,N,0,0,0,3,0,1,1,1,N,N,39 56:33.117,75 14:20.963,9999, ,9999, ,0, ,N, ,0, , , , , , , , , ,1,1,0,0,0,0,0,0,0,0,0,1,1,0,0,0,0,0,0,0,0,0,0,0,0,0,0,0,0,0,0,0,0,0,0,4,0,39.9425,-75.2392, , 
16318,198668,2016082842,6,67,67301,2016,8,7,1950,19,4,1,0,8,1, , ,N,1,2,0,3,0,1,2,2,N,N,40 00:22.203,75 09:06.487,1955, ,1952, ,0, ,N, ,3, , , , , , , , , ,1,0,0,0,0,0,1,0,0,0,0,0,1,1,1,0,0,0,0,0,0,0,0,0,0,0,0,0,0,0,0,0,1,0,0,8,0,40.0062,-75.1518, , 
16319,198694,2016053772,6,67,67301,2016,5,6,1041,10,1,2,1,4,1, , ,N,5,2,0,3,0,4,4,2,N,N,40 00:32.156,75 04:19.191,1047, ,1043,3,1,6,N, ,3,Y, , , , , , , , ,2,1,0,0,0,0,1,0,0,0,4,0,4,0,0,0,0,0,0,0,1,0,0,0,0,0,0,0,0,0,0,0,0,0,0,3,0,40.0089,-75.0719, , 
16320,198695,2016054175,6,67,67301,2016,5,2,830,8,1,1,0,4,1, , ,N,1,2,0,3,0,0,5,3,N,N,40 01:12.586,75 09:01.958,857, ,845,2,1,4, , ,3,N, , , , , , , , ,3,1,0,0,0,1,1,0,0,0,0,0,0,0,0,0,0,0,0,0,0,0,1,0,0,0,0,0,0,0,0,0,0,0,0,0,1,40.0202,-75.1505, , 
16321,198711,2016080224,6,67,67301,2016,7,7,30,0,3,1,0,4,1, , ,N,1,2,0,3,0,2,3,2,N,N,39 58:57.266,75 13:50.685,40, ,37, ,0, ,N, ,3, , , , , , , , , ,2,2,0,0,0,0,0,0,0,0,0,0,2,2,0,0,0,0,0,0,1,0,0,0,0,0,0,0,0,0,0,0,0,0,0,8,0,39.9826,-75.2307, , 
16322,193165,2016080972,6,67,67301,2016,6,5,1900,19,4,2,1,7,4, , ,N,0,0,1,3,0,1,1,1,N,N,39 55:17.437,75 11:26.119,1908, ,1903, ,0, ,N, ,0, , , , , , , , , ,1,1,0,0,0,0,0,0,0,0,0,0,1,1,0,0,0,0,0,0,0,0,0,0,0,0,0,0,0,0,0,0,0,0,0,8,0,39.9215,-75.1906, , 
16323,193177,2016092165,6,67,67301,2016,8,1,9999,99,1,1,0,2,1, , ,N,0,0,0,3,0,2,3,2,N,N,39 59:09.697,75 12:54.743,9999, ,9999, ,0, ,N, ,0, , , , , , , , , ,2,2,0,0,0,0,0,0,0,0,0,0,2,2,0,0,0,0,0,0,1,0,0,0,0,0,0,0,0,0,0,0,0,0,0,8,0,39.986,-75.2152, , 