objectid_1,objectid,crn,district,county,municipality,crash_year,crash_month,day_of_week,time_of_day,hour_of_day,illumination,weather,road_condition,collision_type,relation_to_road,work_zone_type,work_zone_loc,work_zone_ind,intersect_type,tcd_type,location_type,urban_rural,fatal_count,injury_count,person_count,total_units,sch_bus_ind,sch_zone_ind,latitude,longitude,arrival_tm,cons_zone_spd_lim,dispatch_tm,est_hrs_closed,lane_closed,ln_close_dir,ntfy_hiwy_maint,spec_juris_cd,tcd_func_cd,tfc_detour_ind,workers_pres,wz_close_detour,wz_flagger,wz_law_offcr_ind,wz_ln_closure,wz_moving,wz_other,wz_shlder_mdn,vehicle_count,automobile_count,motorcycle_count,bus_count,small_truck_count,heavy_truck_count,suv_count,van_count,bicycle_count,maj_inj_count,mod_inj_count,min_inj_count,tot_inj_count,unk_inj_deg_count,unk_inj_per_count,driver_count_16yr,driver_count_17yr,driver_count_18yr,driver_count_19yr,driver_count_20yr,driver_count_50_64yr,driver_count_65_74yr,driver_count_75plus,unbelted_occ_count,unb_death_count,unb_maj_inj_count,belted_death_count,belted_maj_inj_count,mcycle_death_count,mcycle_maj_inj_count,bicycle_death_count,bicycle_maj_inj_count,ped_count,ped_death_count,ped_maj_inj_count,max_severity_level,comm_veh_count,dec_lat,dec_long,rdwy_surf_type_cd,county_name
16324,193209,2016078565,6,67,67301,2016,8,5,1601,16,1,1,0,4,1, , ,N,1,2,0,3,0,5,6,2,N,N,40 01:47.231,75 05:16.817,1610, ,1401,1,1,1,N, ,3,N, , , , , , , , ,2,1,0,0,0,0,1,0,0,0,0,0,5,5,0,0,0,1,0,0,1,0,0,0,0,0,0,0,0,0,0,0,0,0,0,8,0,40.0298,-75.088, , 
16325,193213,2016081432,6,67,67301,2016,7,7,900,9,1,1,0,7,5, , ,N,0,0,0,3,0,0,1,1,N,N,39 55:08.290,75 12:24.152,920, ,900, ,0, , , ,0, , , , , , , , , ,1,1,0,0,0,0,0,0,0,0,0,0,0,0,0,0,0,0,0,0,1,0,0,0,0,0,0,0,0,0,0,0,0,0,0,0,0,39.919,-75.2067, , 
16326,193223,2016107291,6,67,67301,2016,9,5,659,6,1,1,0,1,1, , ,N,0,0,0,3,0,2,2,2,N,N,39 59:40.338,75 11:54.224,708, ,659,1,1,4, , ,0,N, , , , , , , , ,2,0,0,0,0,0,2,0,0,0,0,0,2,2,0,0,0,0,0,0,0,1,0,0,0,0,0,0,0,0,0,0,0,0,0,8,0,39.9945,-75.1984, , 
16327,193225,2016087692,6,67,67301,2016,8,3,900,9,1,1,0,7,4, , ,N,0,0,0,3,0,1,1,3,N, ,39 55:13.663,75 12:50.738,939, ,937, ,0, ,N, ,0, , , , , , , , , ,3,2,0,0,0,0,1,0,0,0,1,0,1,0,0,0,0,0,0,0,0,0,0,0,0,0,0,0,0,0,0,0,0,0,0,3,0,39.9205,-75.2141, , 
16328,193239,2016060509,6,67,67301,2016,5,5,2231,22,3,1,0,5,1, , ,N,0,0,0,3,0,1,2,2,N,N,39 53:20.783,75 12:07.199,2239, ,2238, ,0, , , ,0, , , , , , , , , ,2,1,0,0,0,1,0,0,0,0,0,1,1,0,0,0,0,0,0,1,0,0,0,0,0,0,0,0,0,0,0,0,0,0,0,4,1,39.8891,-75.202, , 
16329,193241,2016065695,6,67,67301,2016,6,6,1800,18,1,1,0,5,1, , ,N,3,0,0,3,0,0,2,2,N, ,39 58:30.244,75 10:05.352,1817, ,1815, ,0, , , ,0, , , , , , , , , ,2,1,0,1,0,0,0,0,0,0,0,0,0,0,0,0,0,0,0,0,1,0,0,1,0,0,0,0,0,0,0,0,0,0,0,0,1,39.9751,-75.1682, , 
16330,193254,2016063947,6,67,67301,2016,6,7,2300,23,3,1,0,5,1, , ,N,0,0,7,3,0,0,5,2,N, ,40 00:03.931,75 09:10.460,2326, ,2324, ,0, , , ,0, , , , , , , , , ,2,0,0,0,1,0,1,0,0,0,0,0,0,0,0,0,0,0,0,0,0,0,0,0,0,0,0,0,0,0,0,0,0,0,0,0,0,40.0011,-75.1529, , 
16331,193258,2016068703,6,67,67301,2016,6,4,1210,12,1,1,0,4,1, , ,N,1,3,0,3,0,1,2,3,N,N,39 59:18.434,75 11:07.439,9999, ,9999, ,0, ,N, ,3, , , , , , , , , ,3,1,0,0,0,0,1,1,0,0,0,0,1,1,0,0,0,0,0,0,0,0,0,0,0,0,0,0,0,0,0,0,0,0,0,8,0,39.9885,-75.1854, , 
16332,193266,2016080677,6,67,67301,2016,7,5,2150,21,3,1,0,8,1, , ,N,0,0,0,3,0,1,2,2,N, ,40 00:22.586,75 08:59.910,9999, ,1044, ,0, , , ,0, , , , , , , , , ,1,0,0,0,0,0,1,0,0,0,1,0,1,0,0,0,0,0,0,0,1,0,0,1,0,0,0,0,0,0,0,0,1,0,0,3,0,40.0063,-75.15, , 
16333,193267,2016081455,6,67,67301,2016,6,6,2208,22,3,1,0,4,1, , ,N,0,2,7,3,0,1,5,2,N,N,40 06:16.014,75 00:07.736,2218, ,2211, ,0, ,N, ,3, , , , , , , , , ,2,1,0,0,0,0,0,1,0,0,0,1,1,0,0,0,0,0,0,0,0,0,0,0,0,0,0,0,0,0,0,0,0,0,0,4,0,40.1044,-75.0021, , 
16334,193307,2016025033,6,67,67301,2016,2,7,1447,14,1,1,0,1,1, , ,N,0,0,0,3,0,2,4,2,N,N,39 56:01.213,75 11:59.843,1507, ,1455,1,1,4, , ,0,N, , , , , , , , ,2,1,0,0,0,0,1,0,0,0,0,2,2,0,0,0,0,0,0,0,0,0,0,0,0,0,0,0,0,0,0,0,0,0,0,4,0,39.9337,-75.2, , 
16335,193320,2016037371,6,67,67301,2016,3,5,9999,99,3,1,0,5,6, , ,N,0,0,0,3,0,1,1,2,N, ,40 02:53.103,75 13:05.688,9999, ,9999, ,0, , , ,0, , , , , , , , , ,2,2,0,0,0,0,0,0,0,0,0,0,1,1,0,0,0,0,0,0,1,0,0,1,0,0,0,0,0,0,0,0,0,0,0,8,0,40.0481,-75.2182, , 
16336,193323,2016046127,6,67,67301,2016,4,3,1210,12,1,2,1,4,1, , ,N,5,2,0,3,0,2,3,2,N, ,40 02:30.909,75 04:29.910,1215, ,1210,1,1,2, , ,3,N, , , , , , , , ,2,2,0,0,0,0,0,0,0,0,0,1,2,1,1,0,0,0,0,0,0,0,0,0,0,0,0,0,0,0,0,0,0,0,0,4,0,40.0419,-75.075, , 
16337,193326,2016048545,6,67,67301,2016,4,2,1030,10,1,1,0,5,1, , ,N,1,0,0,3,0,1,3,2,N, ,39 57:14.684,75 09:10.598,1036, ,1034, ,0, , , ,0, , , , , , , , , ,2,0,0,0,0,0,2,0,0,0,0,0,1,1,0,0,0,0,0,0,0,1,0,2,0,0,0,0,0,0,0,0,0,0,0,8,0,39.9541,-75.1529, , 
16338,193341,2016065715,6,67,67301,2016,6,5,855,8,1,1,0,4,1, , ,N,1,3,0,3,0,3,4,2,N,N,40 00:01.684,75 07:10.714,1005, ,957, ,0, , , ,3, , , , , , , , , ,2,2,0,0,0,0,0,0,0,0,0,3,3,0,0,0,0,0,0,0,0,0,0,1,0,0,0,0,0,0,0,0,0,0,0,4,0,40.0005,-75.1196, , 
16339,193347,2016062567,6,67,67301,2016,5,7,410,4,3,1,0,5,6, , ,N,0,0,0,3,0,1,1,2,N,N,40 03:55.791,75 10:04.133,422, ,417, ,0, , , ,0, , , , , , , , , ,2,1,0,0,0,0,1,0,0,0,0,1,1,0,0,0,0,0,0,0,0,0,0,0,0,0,0,0,0,0,0,0,0,0,0,4,0,40.0655,-75.1678, , 
16340,195706,2016064022,6,67,67301,2016,6,7,2300,23,3,9,8,8,1, , ,N,2,0,0,3,0,1,2,2,N,N,40 03:18.500,75 08:27.970,9999, ,9999, ,0, ,N, ,0, , , , , , , , , ,1,1,0,0,0,0,0,0,0,0,0,0,1,1,0,0,0,0,0,0,0,0,0,1,0,0,0,0,0,0,0,0,1,0,0,8,0,40.0551,-75.1411, , 
16341,195717,2016080721,6,67,67301,2016,6,2,1730,17,1,1,0,1,1, , ,N,1,2,0,3,0,2,3,3,N,N,40 04:09.505,75 00:26.083,1738, ,1737, ,0, ,N, ,3, , , , , , , , , ,3,3,0,0,0,0,0,0,0,0,0,2,2,0,1,0,0,0,0,0,0,0,0,0,0,0,0,0,0,0,0,0,0,0,0,4,0,40.0692,-75.0073, , 
16342,195718,2016080792,6,67,67301,2016,7,6,2240,22,3,1,0,1,1, , ,N,1,2,0,3,0,1,3,2,N,N,40 01:08.216,75 08:49.391,2303, ,2303, ,0, ,N, ,3, , , , , , , , , ,2,2,0,0,0,0,0,0,0,0,0,1,1,0,0,0,0,0,0,1,0,0,0,3,0,0,0,0,0,0,0,0,0,0,0,4,0,40.0189,-75.1471, , 
16343,195719,2016080872,6,67,67301,2016,6,2,2015,20,3,2,1,1,1, , ,N,0,0,0,3,0,3,3,2,N, ,39 54:08.779,75 14:49.808,2024, ,2018,2,1,4, , ,0,N, , , , , , , , ,2,2,0,0,0,0,0,0,0,0,0,2,3,1,0,0,0,0,0,0,0,0,1,2,0,0,0,0,0,0,0,0,0,0,0,4,0,39.9024,-75.2472, , 
16344,195720,2016080917,6,67,67301,2016,7,4,1321,13,1,1,0,4,1, , ,N,1,2,0,3,0,1,3,2,N,N,39 57:25.085,75 13:31.946,1657, ,1643, ,0, ,N, ,3, , , , , , , , , ,1,1,0,0,0,0,0,0,1,0,0,1,1,0,0,0,0,0,0,0,0,0,0,0,0,0,0,0,0,0,0,0,0,0,0,4,0,39.957,-75.2255, , 
16345,195721,2016081407,6,67,67301,2016,6,4,2040,20,4,1,0,4,1, , ,N,1,3,0,3,0,1,2,2,N,N,39 57:43.826,75 13:45.983,2120, ,2115, ,0, , , ,3, , , , , , , , , ,1,1,0,0,0,0,0,0,1,0,0,1,1,0,0,0,0,0,0,1,0,0,0,0,0,0,0,0,0,0,0,0,0,0,0,4,0,39.9622,-75.2294, , 
16346,195725,2016094278,6,67,67301,2016,9,3,1512,15,1,1,0,7,5,1,4,Y,0,0,0,3,0,1,1,1,N,N,40 01:44.535,75 01:21.184,1548,45,1522,1,1,1, , ,0,N,N,N,N,N,N,N,Y,N,1,1,0,0,0,0,0,0,0,0,0,0,1,1,0,0,0,1,0,0,0,0,0,0,0,0,0,0,0,0,0,0,0,0,0,8,0,40.029,-75.0226, , 
16347,195729,2016082219,6,67,67301,2016,7,3,0,0,3,1,0,4,1, , ,N,2,3,0,3,0,2,2,3,N,N,39 57:51.361,75 13:40.292,39, ,34,2,2,2,N, ,3,Y, , , , , , , , ,3,0,0,0,0,0,2,0,0,0,0,2,2,0,0,0,0,0,0,0,0,0,0,0,0,0,0,0,0,0,0,0,0,0,0,4,0,39.9643,-75.2279, , 
16348,195741,2016091658,6,67,67301,2016,8,2,1145,11,1,1,0,8,1, , ,N,1,3,0,3,0,2,3,3,N, ,39 55:14.282,75 09:36.943,1158, ,1150, ,0, ,N, ,3, , , , , , , , , ,1,0,0,0,0,0,0,1,0,0,0,2,2,0,0,0,0,0,0,0,0,0,0,0,0,0,0,0,0,0,0,0,2,0,0,4,0,39.9206,-75.1603, , 
16349,195755,2016067853,6,67,67301,2016,6,4,500,5,3,1,0,7,4, , ,N,0,0,0,3,0,0,1,1,N,N,40 03:00.026,75 10:26.083,501, ,500,1,2,6,N, ,0,Y, , , , , , , , ,1,1,0,0,0,0,0,0,0,0,0,0,0,0,0,0,0,0,0,0,0,0,0,0,0,0,0,0,0,0,0,0,0,0,0,0,0,40.05,-75.1739, , 
16350,195768,2016090192,6,67,67301,2016,9,6,735,7,1,1,0,5,1, , ,N,0,0,0,3,0,1,2,2,N,N,39 53:57.049,75 10:31.871,745, ,737,3,2,2,N, ,0,N, , , , , , , , ,2,1,0,0,0,1,0,0,0,0,0,0,1,1,0,0,0,0,0,0,1,0,0,0,0,0,0,0,0,0,0,0,0,0,0,8,1,39.8992,-75.1755, , 
16351,195771,2016082285,6,67,67301,2016,7,3,1600,16,1,1,0,4,1, , ,N,1,2,0,3,0,1,2,2,N,N,39 56:42.324,75 09:40.921,2056, ,2046, ,0, , , ,3, , , , , , , , , ,1,1,0,0,0,0,0,0,1,0,0,1,1,0,1,0,0,0,0,0,0,0,0,0,0,0,0,0,0,0,0,0,0,0,0,4,0,39.9451,-75.1614, , 
16352,195783,2016109092,6,67,67301,2016,7,3,524,5,3,2,1,7,5, , ,N,0,0,3,3,0,1,1,1,N,N,39 53:13.184,75 12:18.861,536, ,525,2,1,2, , ,0,N, , , , , , , , ,1,1,0,0,0,0,0,0,0,0,1,0,1,0,0,0,0,0,0,0,0,0,0,0,0,0,0,0,0,0,0,0,0,0,0,3,0,39.887,-75.2052, , 
16353,195818,2016080391,6,67,67301,2016,6,1,215,2,3,1,0,1,1, , ,N,1,2,0,3,0,1,6,2,N,N,40 02:58.714,75 07:22.097,250, ,221, ,0, ,N, ,3, , , , , , , , , ,2,1,0,0,0,0,1,0,0,0,0,1,1,0,0,0,0,0,0,0,0,0,0,0,0,0,0,0,0,0,0,0,0,0,0,4,0,40.0496,-75.1228, , 
16354,195821,2016084219,6,67,67301,2016,8,2,2202,22,3,1,0,1,1, , ,N,0,0,0,3,0,0,2,2,N,N,39 58:09.422,75 07:37.774,2228, ,2204, ,0, , , ,0, , , , , , , , , ,2,1,0,0,0,0,0,1,0,0,0,0,0,0,0,0,0,0,0,0,0,0,0,0,0,0,0,0,0,0,0,0,0,0,0,0,0,39.9693,-75.1272, , 
16355,195839,2016105643,6,67,67301,2016,9,2,1340,13,1,1,0,7,4, , ,N,2,3,0,3,0,2,2,1,N,N,40 06:26.154,75 03:18.107,1348, ,1341, ,0, , , ,3, , , , , , , , , ,1,1,0,0,0,0,0,0,0,0,1,0,2,1,0,0,0,0,0,0,0,0,1,1,0,0,0,0,0,0,0,0,0,0,0,3,0,40.1073,-75.055, , 
16356,195847,2016050043,6,67,67301,2016,4,5,1609,16,1,1,0,8,1, , ,N,0,0,0,3,0,1,3,2,N, ,39 59:59.798,75 05:03.699,1620, ,1615, ,0, , , ,0, , , , , , , , , ,1,0,0,0,0,0,1,0,0,0,0,1,1,0,0,0,0,0,0,0,0,0,0,0,0,0,0,0,0,0,0,0,1,0,0,4,0,39.9999,-75.0844, , 
16357,195857,2016087147,6,67,67301,2016,8,5,719,7,1,1,0,7,4, , ,N,1,2,0,3,0,1,1,1,N,N,40 04:27.147,75 02:05.032,730, ,720, ,0, ,N, ,3, , , , , , , , , ,1,1,0,0,0,0,0,0,0,0,0,0,1,1,0,0,0,0,0,0,0,0,0,0,0,0,0,0,0,0,0,0,0,0,0,8,0,40.0742,-75.0347, , 
16358,200987,2016091659,6,67,67301,2016,8,5,2205,22,3,1,0,5,6, , ,N,0,0,0,3,0,0,1,3,N,N,39 56:57.334,75 12:39.968,2214, ,2213, ,0, , , ,0, , , , , , , , , ,3,2,0,0,1,0,0,0,0,0,0,0,0,0,1,0,0,0,0,0,0,0,0,0,0,0,0,0,0,0,0,0,0,0,0,9,0,39.9493,-75.2111, , 
16359,200996,2016105503,6,67,67301,2016,9,1,2218,22,3,1,0,5,1, , ,N,0,0,0,3,0,1,2,2,N,N,39 58:30.485,75 11:16.631,2225, ,2218, ,0, , , ,0, , , , , , , , , ,2,0,0,0,0,0,1,0,0,0,0,0,1,1,0,0,0,0,0,0,0,0,0,0,0,0,0,0,0,0,0,0,0,0,0,8,0,39.9751,-75.188, , 
16360,201018,2016124415,6,67,67301,2016,10,6,155,1,3,2,1,7,4, , ,N,0,0,0,3,0,1,1,1,N,N,39 58:17.059,75 15:39.937,159, ,158, ,0, ,N, ,0, , , , , , , , , ,1,1,0,0,0,0,0,0,0,0,0,1,1,0,0,0,0,0,0,0,0,0,0,0,0,0,0,0,0,0,0,0,0,0,0,4,0,39.9714,-75.2611, , 
16361,201024,2016135671,6,67,67301,2016,11,3,1115,11,1,1,0,4,1, , ,N,1,2,0,3,0,3,3,2,N,N,39 57:16.485,75 13:33.593,1122, ,1119, ,0, ,N, ,3, , , , , , , , , ,2,2,0,0,0,0,0,0,0,0,0,0,3,3,0,0,0,0,0,0,0,1,0,0,0,0,0,0,0,0,0,0,0,0,0,8,0,39.9546,-75.226, , 
16362,201032,2017004188,6,67,67301,2016,12,6,1228,12,1,1,0,4,1, , ,N,1,2,0,3,0,1,2,2,N, ,40 02:51.581,75 03:35.828,1305, ,1302, ,0, , , ,3, , , , , , , , , ,2,1,0,0,0,0,0,0,0,0,0,1,1,0,0,0,0,0,0,0,0,0,0,0,0,0,0,0,0,0,0,0,0,0,0,4,0,40.0477,-75.06, , 
16363,201036,2016062510,6,67,67301,2016,5,1,1450,14,1,1,0,4,1, , ,N,1,2,0,3,0,1,4,2,N,N,39 59:38.137,75 08:30.674,1510, ,1450, ,0, ,N, ,3, , , , , , , , , ,2,1,0,0,0,0,1,0,0,0,0,1,1,0,0,0,0,0,0,0,0,0,0,0,0,0,0,0,0,0,0,0,0,0,0,4,0,39.9939,-75.1419, , 
16364,201049,2016080131,6,67,67301,2016,7,7,324,3,3,1,0,4,1, , ,N,5,2,0,3,0,2,3,2,N,N,39 58:59.131,75 08:39.062,338, ,330,3,2,2,N, ,3,Y, , , , , , , , ,2,2,0,0,0,0,0,0,0,0,2,0,2,0,1,0,0,0,0,0,0,0,0,0,0,0,0,0,0,0,0,0,0,0,0,3,0,39.9831,-75.1442, , 
16365,201064,2016028800,6,67,67301,2016,2,4,39,0,3,2,1,7,4, , ,N,0,0,0,3,0,0,1,1,N,N,40 02:25.276,75 00:21.580,109, ,44, ,0, , , ,0, , , , , , , , , ,1,1,0,0,0,0,0,0,0,0,0,0,0,0,0,0,0,0,0,1,0,0,0,0,0,0,0,0,0,0,0,0,0,0,0,0,0,40.0404,-75.006, , 
16366,201065,2016029745,6,67,67301,2016,2,7,28,0,3,1,0,4,1, , ,N,1,2,0,3,0,0,2,2,N,N,39 57:27.432,75 08:44.473,103, ,55,9,2,4,N, ,3,N, , , , , , , , ,2,1,0,0,1,0,0,0,0,0,0,0,0,0,0,0,0,0,0,0,0,0,0,0,0,0,0,0,0,0,0,0,0,0,0,0,0,39.9576,-75.1457, , 
16367,201066,2016030273,6,67,67301,2016,2,2,1837,18,3,1,0,1,1, , ,N,0,0,0,3,0,0,3,2,N,N,39 58:22.511,75 11:37.204,1843, ,1837, ,0, , , ,0, , , , , , , , , ,2,1,0,0,0,0,0,1,0,0,0,0,0,0,0,0,0,0,0,0,0,0,0,0,0,0,0,0,0,0,0,0,0,0,0,0,0,39.9729,-75.1937, , 
16368,201074,2016040580,6,67,67301,2016,4,4,649,6,1,1,0,5,1, , ,N,0,0,0,3,0,1,2,2,N,N,39 57:57.562,75 11:11.538,721, ,659, ,0, , , ,0, , , , , , , , , ,2,1,0,0,1,0,0,0,0,0,1,0,1,0,0,0,0,0,0,0,0,0,0,0,0,0,0,0,0,0,0,0,0,0,0,3,0,39.966,-75.1865, , 
16369,201080,2016044590,6,67,67301,2016,4,5,9999,99,1,1,0,4,1, , ,N,0,0,7,3,0,0,2,2,N,N,39 58:28.812,75 11:55.738,1321, ,1314, ,0, , , ,0, , , , , , , , , ,2,1,0,0,0,0,0,1,0,0,0,0,0,0,0,0,0,0,0,0,1,0,0,0,0,0,0,0,0,0,0,0,0,0,0,0,0,39.9747,-75.1988, , 
16370,201092,2016057239,6,67,67301,2016,6,2,1402,14,1,1,0,7,4, , ,N,0,0,0,3,0,1,1,1,N,N,40 00:51.612,75 10:42.929,1422, ,1404,2,1,2,N, ,0,N, , , , , , , , ,1,1,0,0,0,0,0,0,0,0,0,0,1,1,0,0,0,0,0,1,0,0,0,0,0,0,0,0,0,0,0,0,0,0,0,8,0,40.0143,-75.1786, , 
16371,201096,2016065675,6,67,67301,2016,6,5,1730,17,1,1,0,5,1, , ,N,0,0,0,3,0,1,2,2,N, ,40 01:55.418,75 07:53.447,1930, ,1900, ,0, , , ,0, , , , , , , , , ,2,1,0,0,0,0,1,0,0,0,0,1,1,0,0,0,0,0,0,0,0,0,0,0,0,0,0,0,0,0,0,0,0,0,0,4,0,40.0321,-75.1315, , 
16372,201104,2016067840,6,67,67301,2016,5,7,750,7,1,1,0,4,6, , ,N,0,0,7,3,0,1,2,2,N, ,40 04:02.175,75 00:31.918,9999, ,9999, ,0, , , ,0, , , , , , , , , ,2,2,0,0,0,0,0,0,0,0,0,0,1,1,0,0,0,0,0,0,1,0,0,1,0,0,0,0,0,0,0,0,0,0,0,8,0,40.0673,-75.0089, , 
16373,201105,2016067846,6,67,67301,2016,6,1,130,1,3,1,0,7,4, , ,N,0,0,0,3,0,1,1,1,N, ,39 57:43.809,75 12:24.626,214, ,200, ,0, , , ,0, , , , , , , , , ,1,0,0,0,0,0,1,0,0,0,1,0,1,0,0,0,0,0,0,0,0,0,0,0,0,0,0,0,0,0,0,0,0,0,0,3,0,39.9622,-75.2068, , 
16374,201169,2016032058,6,67,67301,2016,3,5,1006,10,1,7,0,5,1, , ,N,1,2,0,3,0,1,3,2,N,N,39 58:18.181,75 07:33.198,1007, ,6,2,1,1, , ,3,N, , , , , , , , ,2,0,0,0,0,0,2,0,0,0,0,1,1,0,0,0,0,0,0,0,1,0,0,0,0,0,0,0,0,0,0,0,0,0,0,4,0,39.9717,-75.1259, , 
16375,201175,2016041728,6,67,67301,2016,4,7,1515,15,1,1,0,8,1, , ,N,1,2,0,3,0,1,3,2,N,N,39 59:04.898,75 09:23.804,1521, ,1520, ,0, ,N, ,3, , , , , , , , , ,1,1,0,0,0,0,0,0,0,0,1,0,1,0,0,0,0,0,0,0,0,0,0,1,0,0,0,0,0,0,0,0,1,0,0,3,0,39.9847,-75.1565, , 
16376,201180,2016045737,6,67,67301,2016,4,7,1349,13,1,4,1,5,1, , ,N,2,3,0,3,0,0,4,2,N,N,39 54:16.002,75 14:18.945,1418, ,1416,1,1,4,N, ,3,N, , , , , , , , ,2,1,0,0,0,0,1,0,0,0,0,0,0,0,0,1,0,0,0,0,1,0,0,0,0,0,0,0,0,0,0,0,0,0,0,0,0,39.9044,-75.2386, , 
16377,198725,2016082343,6,67,67301,2016,8,2,2217,22,3,1,0,4,1, , ,N,1,2,0,3,0,3,3,2,N,N,40 05:49.711,75 01:05.375,2219, ,2215, ,0, ,N, ,3, , , , , , , , , ,2,1,0,0,0,0,1,0,0,0,0,3,3,0,0,0,0,0,0,0,0,0,0,1,0,0,0,0,0,0,0,0,0,0,0,4,0,40.0971,-75.0182, , 
16378,198726,2016082311,6,67,67301,2016,7,1,9999,99,1,1,0,1,1, , ,N,0,0,0,3,0,1,6,2,N, ,39 56:22.582,75 12:51.895,9999, ,1727, ,0, , , ,0, , , , , , , , , ,2,2,0,0,0,0,0,0,0,0,0,0,1,1,0,0,0,0,0,0,0,0,0,1,0,0,0,0,0,0,0,0,0,0,0,8,0,39.9396,-75.2144, , 
16379,198731,2016092028,6,67,67301,2016,8,1,1453,14,1,1,0,5,1, , ,N,0,0,0,3,0,1,2,2,N,N,40 00:26.900,75 08:14.264,1544, ,1537, ,0, ,N, ,0, , , , , , , , , ,1,1,0,0,0,0,0,0,1,0,0,0,1,1,0,0,0,0,0,0,0,0,0,1,0,0,0,0,0,0,0,0,0,0,0,8,0,40.0075,-75.1373, , 
16380,198735,2016052318,6,67,67301,2016,5,4,1145,11,1,1,0,4,1, , ,N,2,3,0,3,0,2,4,2,N,N,39 59:27.123,75 06:53.478,1201, ,1201, ,0, ,N, ,3, , , , , , , , , ,2,2,0,0,0,0,0,0,0,0,2,0,2,0,2,0,0,0,0,0,0,0,0,0,0,0,0,0,0,0,0,0,0,0,0,3,0,39.9909,-75.1149, , 
16381,198736,2016053751,6,67,67301,2016,5,6,745,7,1,2,1,1,6, , ,N,0,0,0,3,0,3,5,3,N,N,40 04:17.355,75 10:31.437,757, ,748, ,0, ,N, ,0, , , , , , , , , ,3,0,0,0,0,0,3,0,0,0,0,0,3,3,0,0,0,0,0,0,1,0,0,0,0,0,0,0,0,0,0,0,0,0,0,8,0,40.0715,-75.1754, , 
16382,198741,2016056080,6,67,67301,2016,5,7,425,4,3,1,0,2,1, , ,N,0,0,0,3,0,1,2,2,N,N,40 04:00.945,75 09:47.675,435, ,425, ,0, ,N, ,0, , , , , , , , , ,2,1,0,0,0,0,0,1,0,0,1,0,1,0,0,0,0,0,0,0,0,0,0,0,0,0,0,0,0,0,0,0,0,0,0,3,0,40.0669,-75.1632, , 
16383,198742,2016068700,6,67,67301,2016,6,4,927,9,1,1,0,1,6, , ,N,0,0,0,3,0,1,2,4,N, ,40 00:41.866,75 09:02.211,940, ,939, ,0, , , ,0, , , , , , , , , ,4,3,0,0,1,0,0,0,0,0,0,1,1,0,0,0,0,0,0,0,0,0,0,1,0,0,0,0,0,0,0,0,0,0,0,4,0,40.0116,-75.1506, , 
16384,198773,2016089916,6,67,67301,2016,8,7,140,1,3,1,0,1,6, , ,N,0,0,0,3,0,0,2,2,N,N,39 57:36.993,75 14:28.291,146, ,144, ,0, ,N, ,0, , , , , , , , , ,2,2,0,0,0,0,0,0,0,0,0,0,0,0,0,0,0,0,0,0,0,0,0,0,0,0,0,0,0,0,0,0,0,0,0,0,0,39.9603,-75.2412, , 
16385,198780,2016117175,6,67,67301,2016,10,2,215,2,3,1,0,7,4, , ,N,3,0,0,3,0,1,2,1,N, ,39 56:19.874,75 12:37.107,300, ,245, ,0, , , ,0, , , , , , , , , ,1,1,0,0,0,0,0,0,0,0,1,0,1,0,0,0,0,0,0,0,0,0,0,0,0,0,0,0,0,0,0,0,0,0,0,3,0,39.9388,-75.2103, , 
16386,198781,2016055603,6,67,67301,2016,5,4,1315,13,1,1,0,5,6, , ,N,0,0,0,3,0,0,3,2,N,N,40 00:22.014,75 08:03.400,1326, ,1318, ,0, ,N, ,0, , , , , , , , , ,2,0,0,0,0,0,2,0,0,0,0,0,0,0,2,0,0,0,0,0,0,0,0,0,0,0,0,0,0,0,0,0,0,0,0,9,0,40.0061,-75.1343, , 
16387,198791,2016080825,6,67,67301,2016,7,1,2330,23,3,1,0,8,1, , ,N,0,0,0,3,0,1,2,3,N, ,39 59:10.729,75 10:28.273,2350, ,2339,3,2,5, , ,0,Y, , , , , , , , ,2,2,0,0,0,0,0,0,0,0,0,0,1,1,1,0,0,0,0,0,0,0,0,0,0,0,0,0,0,0,0,0,1,0,0,8,0,39.9863,-75.1745, , 
16388,198820,2016112060,6,67,67301,2016,10,6,2240,22,3,1,0,8,1, , ,N,1,2,0,3,0,1,3,2,N, ,40 00:27.502,75 07:38.377,2240, ,2240,9,2,7, , ,3,Y, , , , , , , , ,1,1,0,0,0,0,0,0,0,0,1,0,1,0,0,0,0,0,0,0,0,0,0,0,0,0,0,0,0,0,0,0,1,0,0,3,0,40.0076,-75.1273, , 
16389,198834,2016067857,6,67,67301,2016,5,1,1942,19,1,2,1,2,6, , ,N,0,0,0,3,0,1,1,2,N, ,40 02:33.192,75 05:11.314,1957, ,1957, ,0, , , ,0, , , , , , , , , ,2,0,0,0,0,0,1,1,0,0,0,1,1,0,0,0,0,0,0,1,0,0,0,0,0,0,0,0,0,0,0,0,0,0,0,4,0,40.0426,-75.0865, , 
16390,198850,2016087155,6,67,67301,2016,7,3,2335,23,3,1,0,6,1, , ,N,0,0,0,3,0,0,4,3,N,N,39 56:54.186,75 13:09.248,4, ,4, ,0, , , ,0, , , , , , , , , ,3,3,0,0,0,0,0,0,0,0,0,0,0,0,0,0,0,0,0,0,3,0,0,0,0,0,0,0,0,0,0,0,0,0,0,0,0,39.9484,-75.2192, , 