objectid_1,objectid,crn,district,county,municipality,crash_year,crash_month,day_of_week,time_of_day,hour_of_day,illumination,weather,road_condition,collision_type,relation_to_road,work_zone_type,work_zone_loc,work_zone_ind,intersect_type,tcd_type,location_type,urban_rural,fatal_count,injury_count,person_count,total_units,sch_bus_ind,sch_zone_ind,latitude,longitude,arrival_tm,cons_zone_spd_lim,dispatch_tm,est_hrs_closed,lane_closed,ln_close_dir,ntfy_hiwy_maint,spec_juris_cd,tcd_func_cd,tfc_detour_ind,workers_pres,wz_close_detour,wz_flagger,wz_law_offcr_ind,wz_ln_closure,wz_moving,wz_other,wz_shlder_mdn,vehicle_count,automobile_count,motorcycle_count,bus_count,small_truck_count,heavy_truck_count,suv_count,van_count,bicycle_count,maj_inj_count,mod_inj_count,min_inj_count,tot_inj_count,unk_inj_deg_count,unk_inj_per_count,driver_count_16yr,driver_count_17yr,driver_count_18yr,driver_count_19yr,driver_count_20yr,driver_count_50_64yr,driver_count_65_74yr,driver_count_75plus,unbelted_occ_count,unb_death_count,unb_maj_inj_count,belted_death_count,belted_maj_inj_count,mcycle_death_count,mcycle_maj_inj_count,bicycle_death_count,bicycle_maj_inj_count,ped_count,ped_death_count,ped_maj_inj_count,max_severity_level,comm_veh_count,dec_lat,dec_long,rdwy_surf_type_cd,county_name
16661,201824,2016053804,6,67,67301,2016,5,7,1340,13,1,1,0,4,1, , ,N,1,2,0,3,0,1,2,2,N, ,39 57:49.280,75 10:15.428,1350, ,1345, ,0, , , ,3, , , , , , , , , ,1,1,0,0,0,0,0,0,1,0,0,1,1,0,1,0,0,0,0,0,0,0,0,0,0,0,0,0,0,0,0,0,0,0,0,4,0,39.9636,-75.171, , 
16662,201837,2016070646,6,67,67301,2016,6,6,1505,15,1,1,0,4,1, , ,N,1,2,0,3,0,3,4,2,N,N,40 04:50.820,75 01:42.117,1520, ,1507,1,2,1,N, ,3,N, , , , , , , , ,2,1,0,0,0,0,1,0,0,0,3,0,3,0,0,0,0,0,0,0,1,0,0,1,0,0,0,0,0,0,0,0,0,0,0,3,0,40.0808,-75.0284, , 
16663,201843,2016080337,6,67,67301,2016,6,5,1115,11,1,1,0,4,1, , ,N,1,2,0,3,1,0,3,3,N, ,40 06:51.342,74 59:16.507,1129, ,1119,3,2,2, ,0,3,Y, , , , , , , , ,2,1,0,0,1,0,0,0,0,0,0,0,0,0,0,0,0,0,0,0,1,0,0,0,0,0,0,0,0,0,0,0,1,1,0,1,0,40.1143,-74.9879,2, 
16664,201849,2016084654,6,67,67301,2016,8,4,1140,11,1,1,0,4,1, , ,N,1,3,1,3,0,1,2,2,N, ,39 58:14.108,75 09:03.120,1150, ,1146,9,2,1, , ,3,Y, , , , , , , , ,2,1,0,0,0,0,1,0,0,0,0,1,1,0,0,0,0,0,0,0,1,1,0,0,0,0,0,0,0,0,0,0,0,0,0,4,0,39.9705,-75.151, , 
16665,201858,2016091650,6,67,67301,2016,8,4,400,4,3,1,1,5,1, , ,N,0,0,0,3,0,1,2,2,N,N,39 58:09.600,75 07:37.438,410, ,404,2,2,2,N, ,0,N, , , , , , , , ,2,0,0,0,0,0,1,1,0,0,0,1,1,0,0,0,0,0,0,0,1,0,0,0,0,0,0,0,0,0,0,0,0,0,0,4,0,39.9693,-75.1271, , 
16666,201860,2016097599,6,67,67301,2016,8,2,1750,17,1,1,0,8,1, , ,N,0,0,0,3,0,1,2,2,N,N,39 59:22.783,75 06:19.116,1915, ,1913, ,0, ,N, ,0, , , , , , , , , ,1,1,0,0,0,0,0,0,0,0,0,1,1,0,0,0,0,0,0,0,0,1,0,0,0,0,0,0,0,0,0,0,1,0,0,4,0,39.9897,-75.1053, , 
16667,201877,2016080096,6,67,67301,2016,7,1,1838,18,1,1,0,4,1, , ,N,1,2,0,3,0,1,2,2,N,N,39 56:59.870,75 14:06.658,1845, ,1840, ,0, , , ,3, , , , , , , , , ,1,1,0,0,0,0,0,0,1,0,0,1,1,0,0,0,0,0,0,0,0,0,0,0,0,0,0,0,0,0,0,0,0,0,0,4,0,39.95,-75.2352, , 
16668,201878,2016080525,6,67,67301,2016,7,6,2345,23,3,1,0,1,1, , ,N,0,0,0,3,0,1,2,2,N, ,40 03:23.447,75 01:49.063,2358, ,2353, ,0, , , ,0, , , , , , , , , ,2,1,0,0,0,0,1,0,0,0,0,1,1,0,0,0,0,0,0,0,0,0,0,0,0,0,0,0,0,0,0,0,0,0,0,4,0,40.0565,-75.0303, , 
16669,199531,2016080854,6,67,67301,2016,7,4,448,4,3,1,0,7,4, , ,N,2,2,0,3,0,1,3,1,N,N,40 06:43.320,74 59:25.838,510, ,448,2,1,1,Y, ,3,Y, , , , , , , , ,1,1,0,0,0,0,0,0,0,0,0,1,1,0,0,0,1,0,0,0,0,0,0,0,0,0,0,0,0,0,0,0,0,0,0,4,0,40.112,-74.9905, , 
16670,199533,2016085068,6,67,67301,2016,8,2,1832,18,1,1,0,5,1, , ,N,7,0,2,3,0,0,3,2,N,N,39 55:29.773,75 11:36.074,1852, ,1843,1,1,3, , ,0,N, , , , , , , , ,2,1,0,0,0,0,1,0,0,0,0,0,0,0,0,0,0,0,0,0,0,0,0,0,0,0,0,0,0,0,0,0,0,0,0,0,0,39.9234,-75.1922, , 
16671,199537,2016091059,6,67,67301,2016,8,5,1415,14,1,1,0,4,1, , ,N,5,2,0,3,0,3,6,2,N,N,39 57:16.308,75 08:58.375,1421, ,1418, ,0, , , ,3, , , , , , , , , ,2,2,0,0,0,0,0,0,0,0,0,3,3,0,1,0,0,0,1,0,0,0,0,2,0,0,0,0,0,0,0,0,0,0,0,4,0,39.9547,-75.1495, , 
16672,199539,2016092077,6,67,67301,2016,8,7,400,4,3,1,0,1,1, , ,N,1,2,0,3,0,2,3,2,N,N,40 00:56.894,75 08:28.039,435, ,435, ,0, ,N, ,3, , , , , , , , , ,2,1,0,0,0,1,0,0,0,0,0,2,2,0,0,0,0,0,0,0,0,0,0,0,0,0,0,0,0,0,0,0,0,0,0,4,1,40.0158,-75.1411, , 
16673,199555,2016014542,6,67,67301,2016,1,7,412,4,3,2,1,1,1, , ,N,0,0,0,3,0,0,3,3,N,N,39 57:34.028,75 10:27.999,412, ,412,2,1,4, , ,0,N, , , , , , , , ,3,1,0,0,0,0,1,0,0,0,0,0,0,0,1,0,0,0,0,0,0,1,0,0,0,0,0,0,0,0,0,0,0,0,0,9,0,39.9595,-75.1744, , 
16674,199571,2016070658,6,67,67301,2016,6,5,1810,18,1,1,0,5,1, , ,N,1,2,0,3,0,1,5,2,N,N,39 58:16.003,75 13:43.507,1820, ,1816, ,0, ,N, ,3, , , , , , , , , ,2,0,0,0,0,1,1,0,0,0,0,0,1,1,0,0,0,0,0,0,1,0,0,0,0,0,0,0,0,0,0,0,0,0,0,8,1,39.9711,-75.2288, , 
16675,199577,2016080250,6,67,67301,2016,6,4,1450,14,1,1,0,1,1, , ,N,1,2,0,3,0,1,2,2,N,N,39 58:25.571,75 15:29.588,1740, ,1730, ,0, ,N, ,3, , , , , , , , , ,2,1,0,0,0,0,0,1,0,0,0,1,1,0,0,0,0,0,0,0,1,0,0,1,0,0,0,0,0,0,0,0,0,0,0,4,0,39.9738,-75.2582, , 
16676,199578,2016080784,6,67,67301,2016,7,6,1350,13,1,1,0,4,1, , ,N,1,3,0,3,0,1,2,2,N,N,40 03:31.163,75 11:10.557,1420, ,1400, ,0, ,N, ,3, , , , , , , , , ,2,1,0,0,0,0,1,0,0,0,0,1,1,0,0,0,0,0,0,0,0,0,0,1,0,0,0,0,0,0,0,0,0,0,0,4,0,40.0587,-75.1863, , 
16677,199590,2016088390,6,67,67301,2016,8,1,1841,18,1,1,0,1,1, , ,N,0,0,3,3,0,1,12,3,N,N,39 54:25.171,75 08:22.963,1842, ,1841,2,2,3,N, ,0,N, , , , , , , , ,3,0,0,0,0,0,3,0,0,0,1,0,1,0,0,0,0,0,0,0,1,0,0,0,0,0,0,0,0,0,0,0,0,0,0,3,0,39.907,-75.1397, , 
16678,199595,2016094035,6,67,67301,2016,9,5,2330,23,3,1,0,5,1, , ,N,0,0,0,3,0,2,3,2,N,N,39 52:50.569,75 14:48.002,5, ,2348, ,0, , , ,0, , , , , , , , , ,2,1,1,0,0,0,0,0,0,0,0,0,2,2,0,0,0,0,0,0,1,0,0,0,0,0,0,0,0,0,0,0,0,0,0,8,0,39.8807,-75.2467, , 
16679,199616,2016080942,6,67,67301,2016,7,3,535,5,5,2,1,1,1, , ,N,1,2,0,3,0,1,2,2,N,N,40 04:05.300,75 03:39.909,545, ,538, ,0, ,N, ,3, , , , , , , , , ,2,1,0,0,0,0,1,0,0,0,0,0,1,1,1,0,0,0,0,0,1,0,0,1,0,0,0,0,0,0,0,0,0,0,0,8,0,40.0681,-75.0611, , 
16680,199617,2016081435,6,67,67301,2016,7,5,1630,16,1,1,0,4,1,8,8,Y,1,2,0,3,0,2,3,2,N,Y,40 00:05.705,75 09:10.074,1705,99,1700, ,0, ,N, ,3, ,U,U,U,U,U,U,U,U,2,1,0,0,0,0,1,0,0,0,0,1,2,1,0,0,0,0,0,0,0,0,0,3,0,0,0,0,0,0,0,0,0,0,0,4,0,40.0016,-75.1528, , 
16681,199624,2016086755,6,67,67301,2016,7,3,2320,23,3,1,0,1,1, , ,N,0,0,0,3,0,2,2,2,N,N,39 57:28.946,75 13:17.727,2330, ,2324,2,1,3,N, ,0,N, , , , , , , , ,2,2,0,0,0,0,0,0,0,0,0,0,2,2,0,0,0,0,0,0,1,0,0,0,0,0,0,0,0,0,0,0,0,0,0,8,0,39.958,-75.2216, , 
16682,199625,2016080620,6,67,67301,2016,7,5,9999,99,1,1,0,4,1, , ,N,1,0,1,3,0,1,2,2,N, ,39 58:14.108,75 09:03.120,1550, ,1549, ,0, , , ,0, , , , , , , , , ,2,1,0,0,0,0,0,1,0,0,0,1,1,0,0,0,0,0,0,0,0,0,1,1,0,0,0,0,0,0,0,0,0,0,0,4,0,39.9705,-75.151, , 
16683,199626,2016080148,6,67,67301,2016,7,3,335,3,3,1,0,4,1, , ,N,1,2,0,3,0,2,3,2,N,N,39 56:34.767,75 09:36.842,350, ,340,1,1,1,N, ,3,N, , , , , , , , ,2,1,0,0,0,0,1,0,0,0,0,0,2,2,0,0,0,0,0,0,0,0,0,1,0,0,0,0,0,0,0,0,0,0,0,8,0,39.943,-75.1602, , 
16684,199638,2016092199,6,67,67301,2016,8,6,1325,13,1,1,0,2,1, , ,N,0,0,0,3,0,5,5,2,N,N,39 58:43.537,75 16:04.805,1335, ,1325,3,1,3, , ,0,N, , , , , , , , ,2,1,0,0,1,0,0,0,0,0,0,0,5,5,0,0,0,0,0,0,0,1,0,0,0,0,0,0,0,0,0,0,0,0,0,8,0,39.9788,-75.268, , 
16685,199659,2016068656,6,67,67301,2016,6,1,2347,23,3,1,0,4,1, , ,N,1,3,0,3,0,4,4,2,N,N,39 57:49.622,75 14:32.686,15, ,10, ,0, ,N, ,3, , , , , , , , , ,2,1,0,0,0,0,1,0,0,0,0,4,4,0,0,0,0,0,0,0,0,0,0,0,0,0,0,0,0,0,0,0,0,0,0,4,0,39.9638,-75.2424, , 
16686,199667,2016083863,6,67,67301,2016,8,3,605,6,1,1,0,1,1, , ,N,0,0,0,3,0,0,3,3,N,N,39 57:57.408,75 08:11.862,615, ,605,2,1,2, , ,0,N, , , , , , , , ,3,2,0,0,0,0,1,0,0,0,0,0,0,0,0,0,0,0,0,0,0,0,0,0,0,0,0,0,0,0,0,0,0,0,0,0,0,39.9659,-75.1366, , 
16687,193995,2016091626,6,67,67301,2016,8,6,1214,12,1,1,0,3,1, , ,N,0,0,0,3,0,0,3,2,N,N,40 02:21.562,75 06:12.549,1243, ,1243, ,0, , , ,0, , , , , , , , , ,2,1,0,0,0,0,0,1,0,0,0,0,0,0,0,0,0,0,0,1,0,0,1,0,0,0,0,0,0,0,0,0,0,0,0,0,0,40.0393,-75.1035, , 
16688,194011,2016048635,6,67,67301,2016,4,5,1215,12,1,1,0,4,1, , ,N,2,2,0,3,0,1,1,3,N,N,40 00:11.119,75 11:14.292,1240, ,1235, ,0, , , ,3, , , , , , , , , ,3,1,0,0,1,0,1,0,0,0,0,0,1,1,0,0,0,0,0,0,0,0,0,0,0,0,0,0,0,0,0,0,0,0,0,8,0,40.0031,-75.1873, , 
16689,194013,2016052310,6,67,67301,2016,5,1,1214,12,1,2,1,3,6, , ,N,0,0,0,3,0,1,1,3,N, ,39 59:57.465,75 07:14.991,1216, ,1214, ,0, , , ,0, , , , , , , , , ,3,2,0,0,0,0,0,1,0,0,0,1,1,0,0,0,0,0,0,0,0,0,0,0,0,0,0,0,0,0,0,0,0,0,0,4,0,39.9993,-75.1208, , 
16690,194024,2016080293,6,67,67301,2016,7,6,2157,21,3,1,0,4,1, , ,N,0,0,0,3,0,0,2,2,N,N,39 54:15.334,75 09:53.954,2207, ,2201, ,0, ,N, ,0, , , , , , , , , ,2,1,0,0,1,0,0,0,0,0,0,0,0,0,0,0,0,0,0,0,0,0,0,0,0,0,0,0,0,0,0,0,0,0,0,0,0,39.9043,-75.165, , 
16691,194025,2016080418,6,67,67301,2016,6,5,2224,22,3,1,0,8,1, , ,N,1,3,0,3,0,1,2,2,N,N,40 04:26.054,75 10:05.462,13, ,13, ,0, ,N, ,3, , , , , , , , , ,1,1,0,0,0,0,0,0,0,0,0,1,1,0,0,0,0,0,0,0,0,0,0,1,0,0,0,0,0,0,0,0,1,0,0,4,0,40.0739,-75.1682, , 
16692,194026,2016080452,6,67,67301,2016,6,7,1035,10,1,1,0,4,1, , ,N,1,2,3,3,0,1,3,2,N, ,39 57:25.881,75 09:31.332,1045, ,1037, ,0, , , ,3, , , , , , , , , ,2,1,0,0,0,0,1,0,0,0,0,1,1,0,0,0,0,0,0,0,0,1,0,0,0,0,0,0,0,0,0,0,0,0,0,4,0,39.9572,-75.1587, , 
16693,194027,2016080653,6,67,67301,2016,7,7,1736,17,1,1,0,7,4, , ,N,3,2,0,3,0,1,1,2,N,N,39 58:21.476,75 13:03.992,1800, ,1740, ,0, , , ,3, , , , , , , , , ,1,1,0,0,0,0,0,0,0,0,0,0,1,1,0,0,0,0,0,0,0,0,0,1,0,0,0,0,0,0,0,0,0,0,0,8,0,39.9726,-75.2178, , 
16694,194028,2016080703,6,67,67301,2016,7,7,1950,19,1,1,0,5,6, , ,N,0,0,0,3,0,0,3,4,N, ,40 03:01.010,75 09:42.760,1954, ,1952,2,2,6, , ,0,Y, , , , , , , , ,4,3,0,0,1,0,0,0,0,0,0,0,0,0,0,0,0,0,0,0,0,0,0,0,0,0,0,0,0,0,0,0,0,0,0,0,0,40.0503,-75.1619, , 
16695,194051,2016099632,6,67,67301,2016,9,1,640,6,1,1,0,8,1, , ,N,2,3,0,3,0,1,2,2,N,N,40 02:39.393,75 10:28.120,720, ,719, ,0, ,N, ,3, , , , , , , , , ,1,1,0,0,0,0,0,0,0,0,0,1,1,0,0,0,0,0,0,0,0,0,0,0,0,0,0,0,0,0,0,0,1,0,0,4,0,40.0443,-75.1745, , 
16696,194059,2016066532,6,67,67301,2016,6,3,617,6,1,1,0,5,1, , ,N,0,0,0,3,0,0,9,4,N,N,39 58:42.403,75 12:09.658,623, ,619,3,1,3, , ,0,N, , , , , , , , ,4,0,0,1,1,1,1,0,0,0,0,0,0,0,0,0,0,0,0,0,2,0,0,0,0,0,0,0,0,0,0,0,0,0,0,0,2,39.9784,-75.2027, , 
16697,194061,2016068268,6,67,67301,2016,6,5,409,4,3,1,0,7,4, , ,N,0,0,0,3,0,1,1,1,N,N,39 55:31.144,75 14:41.195,414, ,414, ,0, ,N, ,0, , , , , , , , , ,1,0,0,0,0,0,1,0,0,0,0,0,1,1,0,0,0,0,0,0,0,0,0,0,0,0,0,0,0,0,0,0,0,0,0,8,0,39.9253,-75.2448, , 
16698,194064,2016067032,6,67,67301,2016,7,7,829,8,1,1,0,1,1, , ,N,1,2,0,3,0,0,6,3,N,N,39 59:06.525,75 09:35.319,832, ,830, ,0, ,N, ,3, , , , , , , , , ,3,2,0,0,0,0,1,0,0,0,0,0,0,0,0,0,0,0,0,0,0,0,0,0,0,0,0,0,0,0,0,0,0,0,0,0,0,39.9851,-75.1598, , 
16699,194075,2016080577,6,67,67301,2016,7,7,652,6,1,1,0,1,1, , ,N,0,2,0,3,0,1,2,2,N,N,40 01:43.962,75 06:22.999,705, ,654,1,1,1,N, ,3,N, , , , , , , , ,2,1,0,0,0,0,0,1,0,0,0,1,1,0,1,0,0,0,0,0,1,0,0,0,0,0,0,0,0,0,0,0,0,0,0,4,0,40.0289,-75.1064, , 
16700,194076,2016080606,6,67,67301,2016,7,2,1955,19,1,1,0,6,1, , ,N,0,0,0,3,0,1,3,3,N,N,40 01:39.041,75 08:30.408,2006, ,2003,2,2,5,N, ,0,N, , , , , , , , ,3,1,0,0,0,1,1,0,0,0,0,0,1,1,0,0,0,0,0,0,1,0,0,0,0,0,0,0,0,0,0,0,0,0,0,8,1,40.0275,-75.1418, , 
16701,194077,2016081443,6,67,67301,2016,7,5,1055,10,1,1,0,4,1, , ,N,2,2,0,3,0,1,3,2,N, ,40 04:10.185,74 58:53.111,1120, ,1115, ,0, , , ,3, , , , , , , , , ,2,1,0,0,0,0,1,0,0,0,0,0,1,1,1,0,0,0,0,0,1,0,0,0,0,0,0,0,0,0,0,0,0,0,0,8,0,40.0695,-74.9814, , 
16702,194087,2016081438,6,67,67301,2016,7,2,635,6,1,1,0,4,1, , ,N,1,2,0,3,0,1,2,2,N, ,39 59:23.334,75 08:06.773,801, ,635,3,1,2, , ,3,N, , , , , , , , ,2,0,0,0,1,0,1,0,0,0,0,1,1,0,0,0,0,0,0,0,1,0,0,0,0,0,0,0,0,0,0,0,0,0,0,4,0,39.9898,-75.1352, , 
16703,194095,2016105958,6,67,67301,2016,9,5,1753,17,1,1,0,1,1, , ,N,2,0,0,3,0,1,3,2,N,N,39 57:30.700,75 14:51.629,1810, ,1754, ,0, , , ,0, , , , , , , , , ,2,1,0,0,0,1,0,0,0,0,0,0,1,1,0,0,0,0,0,0,0,1,0,0,0,0,0,0,0,0,0,0,0,0,0,8,1,39.9585,-75.2476, , 
16704,194106,2016052416,6,67,67301,2016,5,1,35,0,3,1,0,7,4, , ,N,5,2,0,3,0,0,1,1,N,N,40 02:03.563,75 04:29.838,38, ,38, ,0, ,N, ,3, , , , , , , , , ,1,0,0,0,0,0,1,0,0,0,0,0,0,0,0,0,0,0,0,0,0,0,0,0,0,0,0,0,0,0,0,0,0,0,0,0,0,40.0344,-75.0748, , 
16705,196688,2016082246,6,67,67301,2016,7,7,1236,12,1,1,0,1,1, , ,N,0,0,0,3,0,1,6,3,N,N,39 58:01.479,75 13:29.824,1257, ,1256,1,1,1,N, ,0,Y, , , , , , , , ,3,2,0,0,0,0,1,0,0,0,0,1,1,0,2,0,0,0,0,0,1,0,0,1,0,0,0,0,0,0,0,0,0,0,0,4,0,39.9671,-75.225, , 
16706,196715,2016058587,6,67,67301,2016,5,3,1020,10,1,1,0,5,1, , ,N,0,0,0,3,0,1,2,2,N,N,39 56:10.240,75 11:02.138,1130, ,1115, ,0, ,N, ,0, , , , , , , , , ,1,1,0,0,0,0,0,0,1,0,0,1,1,0,0,0,0,0,0,0,0,0,0,0,0,0,0,0,0,0,0,0,0,0,0,4,0,39.9362,-75.1839, , 
16707,196731,2016081419,6,67,67301,2016,6,7,1420,14,1,1,0,8,6, , ,N,0,0,0,3,0,1,2,2,N,N,40 00:34.480,75 09:13.504,1530, ,1500, ,0, , , ,0, , , , , , , , , ,1,1,0,0,0,0,0,0,0,0,0,0,1,1,1,0,0,0,0,0,0,0,0,0,0,0,0,0,0,0,0,0,1,0,0,8,0,40.0096,-75.1538, , 
16708,196736,2016087668,6,67,67301,2016,8,2,2324,23,3,1,0,4,1, , ,N,1,2,0,3,0,1,3,2,N,N,40 01:56.357,75 01:51.292,11, ,6,2,1,2,N, ,3,Y, , , , , , , , ,2,2,0,0,0,0,0,0,0,0,0,1,1,0,0,0,0,0,0,0,0,0,0,2,0,0,0,0,0,0,0,0,0,0,0,4,0,40.0323,-75.0309, , 
16709,196741,2016103150,6,67,67301,2016,10,4,1113,11,1,1,0,0,1, , ,N,0,8,2,3,0,1,2,1,N,N,39 57:20.211,75 08:53.651,1114, ,1114,3,1,4,N, ,3,Y, , , , , , , , ,1,0,0,0,0,1,0,0,0,1,0,0,1,0,0,0,0,0,0,0,0,0,0,1,0,0,0,1,0,0,0,0,0,0,0,2,1,39.9556,-75.1482, , 
16710,196744,2016105091,6,67,67301,2016,9,6,1136,11,1,1,0,6,1, , ,N,0,0,0,3,0,1,3,4,N,N,39 55:32.370,75 11:38.252,1150, ,1136,2,2,3, , ,0,Y, , , , , , , , ,4,2,0,0,1,1,0,0,0,1,0,0,1,0,0,0,0,0,0,0,0,0,0,0,0,0,0,1,0,0,0,0,0,0,0,2,1,39.9257,-75.194, , 
16711,196756,2016105738,6,67,67301,2016,9,3,435,4,3,2,1,4,1, , ,N,1,2,0,3,0,1,3,3,N,N,40 02:02.361,75 04:27.863,455, ,444,2,1,1,N, ,3,N, , , , , , , , ,3,1,0,0,0,0,1,1,0,0,0,1,1,0,0,0,0,0,0,0,1,0,0,0,0,0,0,0,0,0,0,0,0,0,0,4,0,40.034,-75.0744, , 
16712,196767,2016010950,6,67,67301,2016,1,4,1916,19,2,1,0,1,1, , ,N,0,0,0,3,0,0,6,2,N,N,40 01:23.607,75 02:03.962,1928, ,1920,1,1,2, , ,0,N, , , , , , , , ,2,0,0,0,1,0,1,0,0,0,0,0,0,0,0,0,0,0,0,0,1,0,0,0,0,0,0,0,0,0,0,0,0,0,0,0,0,40.0232,-75.0344, , 
16713,196772,2016084606,6,67,67301,2016,6,4,1445,14,1,1,0,1,1, , ,N,1,2,0,3,0,1,2,2,N, ,40 01:39.188,75 08:49.702,1955, ,1955, ,0, , , ,3, , , , , , , , , ,2,1,0,1,0,0,0,0,0,0,0,0,1,1,1,0,0,0,0,0,0,0,0,0,0,0,0,0,0,0,0,0,0,0,0,8,1,40.0276,-75.1471, , 
16714,196783,2016084565,6,67,67301,2016,8,3,1430,14,1,1,0,4,1, , ,N,0,0,7,3,0,1,2,2,N,N,40 00:22.599,75 06:03.370,1845, ,9999, ,0, ,N, ,0, , , , , , , , , ,2,0,0,0,0,0,1,1,0,0,0,1,1,0,0,0,0,0,0,0,0,0,0,0,0,0,0,0,0,0,0,0,0,0,0,4,0,40.0063,-75.1009, , 
16715,196785,2016100567,6,67,67301,2016,9,1,2014,20,3,1,0,1,1, , ,N,0,0,0,3,0,0,2,2,N,N,39 59:48.925,75 11:47.195,2037, ,2014,1,1,4, , ,0,N, , , , , , , , ,2,1,0,0,0,0,1,0,0,0,0,0,0,0,0,0,0,0,0,0,0,0,0,0,0,0,0,0,0,0,0,0,0,0,0,0,0,39.998,-75.1958, , 
16716,196798,2016112111,6,67,67301,2016,7,2,1430,14,1,1,0,8,1, , ,N,2,3,0,3,0,1,2,2,N,N,39 55:27.195,75 08:57.904,1413, ,1412, ,0, ,N, ,3, , , , , , , , , ,1,0,0,0,0,0,0,0,0,0,0,1,1,0,0,0,0,0,0,0,0,0,0,0,0,0,0,0,0,0,0,0,1,0,0,4,0,39.9242,-75.1494, , 
16717,196809,2016048546,6,67,67301,2016,4,1,1705,17,1,1,0,1,1, , ,N,1,2,0,3,0,0,3,3,N,N,40 01:35.316,75 05:50.739,1725, ,1719,1,1,1,N, ,3,N, , , , , , , , ,3,2,0,0,0,0,0,1,0,0,0,0,0,0,0,0,0,0,0,0,0,0,0,0,0,0,0,0,0,0,0,0,0,0,0,0,0,40.0265,-75.0974, , 
16718,196814,2016052338,6,67,67301,2016,5,4,800,8,1,1,0,8,1, , ,N,2,7,0,3,0,1,2,2,N,Y,40 01:15.348,75 07:08.774,9999, ,9999, ,0, ,N, ,3, , , , , , , , , ,1,1,0,0,0,0,0,0,0,0,0,1,1,0,0,0,0,0,0,0,0,0,0,1,0,0,0,0,0,0,0,0,1,0,0,4,0,40.0209,-75.1191, , 
16719,196815,2016053732,6,67,67301,2016,5,2,901,9,1,1,0,8,4, , ,N,0,0,7,3,0,1,2,2,N,N,40 03:26.634,75 08:17.117,908, ,903, ,0, ,N, ,0, , , , , , , , , ,1,0,0,0,0,0,1,0,0,0,0,1,1,0,0,0,0,0,0,0,0,1,0,0,0,0,0,0,0,0,0,0,1,0,0,4,0,40.0574,-75.1381, , 
16720,196820,2016082361,6,67,67301,2016,7,5,1834,18,1,1,1,4,1, , ,N,2,0,0,3,0,1,2,2,N,N,40 00:57.551,75 05:03.642,1851, ,1844, ,0, ,N, ,0, , , , , , , , , ,1,1,0,0,0,0,0,0,1,0,0,1,1,0,0,0,0,0,0,0,0,0,0,1,0,0,0,0,0,0,0,0,0,0,0,4,0,40.016,-75.0843, , 
16721,196834,2016090275,6,67,67301,2016,8,1,54,0,3,1,0,4,1, , ,N,0,0,0,3,0,0,3,2,N, ,39 57:12.978,75 13:05.631,150, ,141, ,0, , , ,0, , , , , , , , , ,2,2,0,0,0,0,0,0,0,0,0,0,0,0,0,0,0,0,0,0,0,0,0,0,0,0,0,0,0,0,0,0,0,0,0,0,0,39.9536,-75.2182, , 
16722,196836,2016087691,6,67,67301,2016,8,3,1945,19,4,1,0,1,6, , ,N,0,0,0,3,0,2,2,3,N,N,39 55:14.007,75 13:20.521,1945, ,1945, ,0, ,N, ,0, , , , , , , , , ,3,1,0,0,1,0,1,0,0,0,1,0,2,1,0,0,0,0,0,0,0,0,0,1,0,0,0,0,0,0,0,0,0,0,0,3,0,39.9206,-75.2224, , 
16723,201879,2016080848,6,67,67301,2016,7,5,140,1,3,1,0,4,1, , ,N,2,0,0,3,0,1,2,2,N, ,39 59:08.856,75 07:16.415,203, ,157, ,0, , , ,0, , , , , , , , , ,2,0,1,0,0,0,1,0,0,0,1,0,1,0,0,0,0,0,0,0,0,0,0,0,0,0,0,0,0,0,0,0,0,0,0,3,0,39.9858,-75.1212, , 
16724,201884,2016088439,6,67,67301,2016,6,4,547,5,1,1,0,1,1, , ,N,0,0,0,3,0,0,4,4,N,N,39 59:02.329,75 05:48.907,547, ,547, ,0, , , ,0, , , , , , , , , ,4,3,0,0,0,0,1,0,0,0,0,0,0,0,0,0,0,0,0,0,1,0,0,0,0,0,0,0,0,0,0,0,0,0,0,0,0,39.984,-75.0969, , 
16725,201886,2016094282,6,67,67301,2016,9,4,1604,16,1,1,0,1,1, , ,N,0,0,0,3,0,0,7,3,N,N,39 55:54.897,75 08:43.673,1617, ,1606,2,1,1, , ,0,N, , , , , , , , ,3,2,0,0,1,0,0,0,0,0,0,0,0,0,0,0,0,0,0,0,0,0,0,0,0,0,0,0,0,0,0,0,0,0,0,0,0,39.9319,-75.1455, , 
16726,201887,2016091622,6,67,67301,2016,8,7,1500,15,1,1,0,4,1, , ,N,1,2,0,3,0,1,2,2,N, ,39 56:46.158,75 10:11.672,1950, ,1945, ,0, , , ,3, , , , , , , , , ,1,1,0,0,0,0,0,0,1,0,1,0,1,0,0,0,0,0,0,0,1,0,0,0,0,0,0,0,0,0,0,0,0,0,0,3,0,39.9462,-75.1699, , 
16727,201895,2016090276,6,67,67301,2016,8,7,542,5,5,1,0,7,4, , ,N,5,2,0,3,0,0,1,1,N,N,39 58:59.951,75 10:53.622,548, ,542, ,0, ,N, ,3, , , , , , , , , ,1,1,0,0,0,0,0,0,0,0,0,0,0,0,0,0,0,0,0,0,0,0,0,1,0,0,0,0,0,0,0,0,0,0,0,0,0,39.9835,-75.1815, , 