objectid_1,objectid,crn,district,county,municipality,crash_year,crash_month,day_of_week,time_of_day,hour_of_day,illumination,weather,road_condition,collision_type,relation_to_road,work_zone_type,work_zone_loc,work_zone_ind,intersect_type,tcd_type,location_type,urban_rural,fatal_count,injury_count,person_count,total_units,sch_bus_ind,sch_zone_ind,latitude,longitude,arrival_tm,cons_zone_spd_lim,dispatch_tm,est_hrs_closed,lane_closed,ln_close_dir,ntfy_hiwy_maint,spec_juris_cd,tcd_func_cd,tfc_detour_ind,workers_pres,wz_close_detour,wz_flagger,wz_law_offcr_ind,wz_ln_closure,wz_moving,wz_other,wz_shlder_mdn,vehicle_count,automobile_count,motorcycle_count,bus_count,small_truck_count,heavy_truck_count,suv_count,van_count,bicycle_count,maj_inj_count,mod_inj_count,min_inj_count,tot_inj_count,unk_inj_deg_count,unk_inj_per_count,driver_count_16yr,driver_count_17yr,driver_count_18yr,driver_count_19yr,driver_count_20yr,driver_count_50_64yr,driver_count_65_74yr,driver_count_75plus,unbelted_occ_count,unb_death_count,unb_maj_inj_count,belted_death_count,belted_maj_inj_count,mcycle_death_count,mcycle_maj_inj_count,bicycle_death_count,bicycle_maj_inj_count,ped_count,ped_death_count,ped_maj_inj_count,max_severity_level,comm_veh_count,dec_lat,dec_long,rdwy_surf_type_cd,county_name
16796,202047,2016105887,6,67,67301,2016,9,5,2055,20,3,1,0,4,1, , ,N,1,3,0,3,0,1,2,2,N,N,39 56:53.332,75 14:44.566,2058, ,2056, ,0, ,N, ,3, , , , , , , , , ,2,1,0,0,0,0,1,0,0,0,0,1,1,0,0,0,0,0,0,0,1,0,0,0,0,0,0,0,0,0,0,0,0,0,0,4,0,39.9481,-75.2457, , 
16797,202057,2016099518,6,67,67301,2016,9,7,1011,10,1,1,0,1,1, , ,N,0,2,0,3,0,1,3,2,N, ,40 04:02.067,75 03:03.717,1020, ,1014, ,0, , , ,3, , , , , , , , , ,2,0,0,0,0,0,2,0,0,0,0,0,1,1,1,0,0,0,0,0,0,0,0,0,0,0,0,0,0,0,0,0,0,0,0,8,0,40.0672,-75.051, , 
16798,202064,2016080841,6,67,67301,2016,7,1,1849,18,1,1,0,1,1, , ,N,0,0,0,3,0,1,3,2,N,N,39 57:32.694,75 13:30.195,1916, ,1907, ,0, ,N, ,0, , , , , , , , , ,2,1,0,0,0,0,1,0,0,0,0,0,1,1,0,0,0,0,0,0,0,0,0,3,0,0,0,0,0,0,0,0,0,0,0,8,0,39.9591,-75.2251, , 
16799,202070,2016080283,6,67,67301,2016,6,2,2301,23,3,1,1,4,1, , ,N,1,2,0,3,0,1,3,2,N, ,40 02:32.500,75 04:57.930,2345, ,2340, ,0, , , ,3, , , , , , , , , ,2,2,0,0,0,0,0,0,0,0,0,1,1,0,0,0,0,0,0,0,0,0,0,0,0,0,0,0,0,0,0,0,0,0,0,4,0,40.0424,-75.0827, , 
16800,202071,2016080636,6,67,67301,2016,7,2,1706,17,1,1,0,8,1, , ,N,0,0,0,3,0,1,2,2,N, ,39 56:31.844,75 12:56.023,1711, ,1706, ,0, , , ,0, , , , , , , , , ,1,1,0,0,0,0,0,0,0,0,1,0,1,0,0,0,0,0,0,0,0,0,0,0,0,0,0,0,0,0,0,0,1,0,0,3,0,39.9422,-75.2156, , 
16801,202083,2016099508,6,67,67301,2016,9,1,1150,11,1,1,0,5,1, , ,N,3,2,0,3,0,1,2,3,N,N,40 00:26.055,75 10:28.017,1214, ,1201, ,0, ,N, ,3, , , , , , , , , ,3,1,0,0,1,0,0,1,0,0,0,1,1,0,0,0,0,0,1,0,0,0,0,0,0,0,0,0,0,0,0,0,0,0,0,4,0,40.0072,-75.1745, , 
16802,202096,2016105736,6,67,67301,2016,9,3,240,2,3,2,1,7,4, , ,N,0,0,0,3,0,0,1,1,N,N,40 04:57.451,75 02:59.813,250, ,244, ,0, ,N, ,0, , , , , , , , , ,1,1,0,0,0,0,0,0,0,0,0,0,0,0,0,0,0,0,0,1,0,0,0,1,0,0,0,0,0,0,0,0,0,0,0,0,0,40.0826,-75.0499, , 
16803,202115,2016103093,6,67,67301,2016,9,5,456,4,3,2,1,7,2, , ,N,0,0,3,3,0,0,1,1,N,N,39 53:26.681,75 11:59.621,458, ,456, ,0, , , ,0, , , , , , , , , ,1,1,0,0,0,0,0,0,0,0,0,0,0,0,0,0,0,0,0,0,0,0,0,0,0,0,0,0,0,0,0,0,0,0,0,0,0,39.8907,-75.1999, , 
16804,202117,2016091644,6,67,67301,2016,8,7,9999,99,1,1,0,4,1, , ,N,1,2,0,3,0,1,3,3,N,N,40 03:15.962,75 08:52.411,1250, ,1240, ,0, ,N, ,3, , , , , , , , , ,3,2,0,0,0,0,0,0,0,0,0,0,1,1,1,0,0,0,0,0,1,0,0,1,0,0,0,0,0,0,0,0,0,0,0,8,0,40.0544,-75.1479, , 
16805,202122,2016087163,6,67,67301,2016,8,6,855,8,1,1,0,5,6, , ,N,0,0,0,3,0,0,1,2,N,N,40 02:59.290,75 05:52.242,915, ,907, ,0, ,N, ,0, , , , , , , , , ,2,2,0,0,0,0,0,0,0,0,0,0,0,0,0,0,0,0,0,0,0,0,0,0,0,0,0,0,0,0,0,0,0,0,0,0,0,40.0498,-75.0978, , 
16806,202132,2016129682,6,67,67301,2016,12,1,1120,11,1,1,0,7,3, , ,N,0,0,0,3,0,1,1,1,N,N,40 02:16.756,75 00:38.711,1131, ,1120, ,0, , , ,0, , , , , , , , , ,1,1,0,0,0,0,0,0,0,0,0,0,1,1,0,0,0,0,0,0,0,0,0,0,0,0,0,0,0,0,0,0,0,0,0,8,0,40.038,-75.0108, , 
16807,202139,2016112056,6,67,67301,2016,10,7,0,0,3,1,0,6,1, , ,N,0,0,0,3,0,0,5,3,N, ,40 02:58.952,75 14:08.869,8, ,5,2,1,5, , ,0,N, , , , , , , , ,3,2,0,0,0,0,1,0,0,0,0,0,0,0,5,0,0,0,0,0,0,2,0,0,0,0,0,0,0,0,0,0,0,0,0,9,0,40.0497,-75.2358, , 
16808,202141,2016129238,6,67,67301,2016,11,1,633,6,1,1,0,5,6, , ,N,0,0,0,3,0,0,1,2,N, ,39 54:32.205,75 10:58.724,633, ,633, ,0, , , ,0, , , , , , , , , ,2,0,0,0,1,0,1,0,0,0,0,0,0,0,1,0,0,0,0,0,0,0,0,0,0,0,0,0,0,0,0,0,0,0,0,9,0,39.9089,-75.183, , 
16809,202146,2016120605,6,67,67301,2016,10,7,1637,16,1,1,0,4,1, , ,N,1,2,0,3,0,1,2,2,N, ,40 01:30.637,75 07:31.531,1655, ,1650, ,0, , , ,3, , , , , , , , , ,2,0,0,0,1,0,0,1,0,0,0,1,1,0,0,0,0,0,0,0,0,0,0,1,0,0,0,0,0,0,0,0,0,0,0,4,0,40.0252,-75.1254, , 
16810,202159,2016080359,6,67,67301,2016,6,5,914,9,1,2,1,4,1, , ,N,1,2,0,3,0,3,4,2,N,N,40 01:11.208,75 09:02.246,936, ,932, ,0, ,N, ,3, , , , , , , , , ,2,1,0,0,0,1,0,0,0,0,0,2,3,1,0,0,0,0,0,1,1,0,0,0,0,0,0,0,0,0,0,0,0,0,0,4,1,40.0198,-75.1506, , 
16811,202171,2016088659,6,67,67301,2016,7,3,532,5,3,1,0,7,2, , ,N,7,0,0,3,0,1,1,1,N,N,39 57:27.342,75 10:48.754,538, ,532, ,0, , , ,0, , , , , , , , , ,1,0,0,0,0,0,1,0,0,0,0,0,1,1,0,0,0,0,0,0,0,0,0,0,0,0,0,0,0,0,0,0,0,0,0,8,0,39.9576,-75.1802, , 
16812,202178,2016089913,6,67,67301,2016,8,2,915,9,1,1,0,1,1, , ,N,0,2,7,3,0,0,3,3,N,N,40 04:59.699,75 01:33.428,920, ,916,1,1,1,N, ,3,N, , , , , , , , ,3,2,0,0,0,0,1,0,0,0,0,0,0,0,0,0,0,0,0,0,1,0,0,1,0,0,0,0,0,0,0,0,0,0,0,0,0,40.0832,-75.026, , 
16813,199866,2016091268,6,67,67301,2016,9,6,1722,17,1,1,0,1,1, , ,N,0,0,0,3,0,1,3,3,N,N,39 59:09.569,75 05:33.149,1745, ,1722,2,1,1, , ,0,N, , , , , , , , ,3,2,0,0,0,0,1,0,0,0,0,0,1,1,0,0,0,0,0,0,0,0,0,0,0,0,0,0,0,0,0,0,0,0,0,8,0,39.986,-75.0925, , 
16814,199881,2016091662,6,67,67301,2016,8,7,1139,11,1,1,0,1,1, , ,N,1,3,0,3,0,2,3,2,N,N,40 00:14.292,75 08:04.876,1150, ,1147, ,0, , , ,3, , , , , , , , , ,2,2,0,0,0,0,0,0,0,0,0,2,2,0,0,0,0,0,0,0,0,0,0,1,0,0,0,0,0,0,0,0,0,0,0,4,0,40.004,-75.1347, , 
16815,199889,2016068714,6,67,67301,2016,6,3,9999,99,1,1,0,8,1, , ,N,2,0,0,3,0,1,2,2,N, ,39 58:32.797,75 13:35.926,1234, ,1234,2,2,6, , ,0,Y, , , , , , , , ,1,0,0,0,0,0,0,1,1,0,1,0,1,0,0,0,0,0,0,0,0,0,0,1,0,0,0,0,0,0,0,0,0,0,0,3,0,39.9758,-75.2266, , 
16816,199894,2016071082,6,67,67301,2016,6,5,1637,16,1,1,0,6,1, , ,N,0,0,0,3,0,3,6,4,N,N,40 03:27.676,75 04:38.055,1649, ,1645,2,2,6,N, ,0,Y, , , , , , , , ,4,2,0,0,0,0,2,0,0,0,0,3,3,0,0,0,0,0,0,0,1,0,0,0,0,0,0,0,0,0,0,0,0,0,0,4,0,40.0577,-75.0772, , 
16817,199895,2016071094,6,67,67301,2016,6,6,1734,17,1,1,0,7,4, , ,N,1,2,0,3,0,1,1,1,N,N,40 04:18.292,75 09:14.575,1753, ,1753,2,1,6, , ,3,N, , , , , , , , ,1,0,0,0,0,0,1,0,0,0,0,0,1,1,0,0,0,0,0,0,0,0,0,0,0,0,0,0,0,0,0,0,0,0,0,8,0,40.0717,-75.1541, , 
16818,199900,2016070639,6,67,67301,2016,6,1,1615,16,1,1,0,4,1, , ,N,0,0,7,3,0,2,4,2,N,N,40 06:00.008,75 00:36.860,1622, ,1618, ,0, ,N, ,0, , , , , , , , , ,2,1,0,0,0,0,1,0,0,0,0,0,2,2,0,0,0,0,0,0,0,0,0,0,0,0,0,0,0,0,0,0,0,0,0,8,0,40.1,-75.0102, , 
16819,199909,2016086397,6,67,67301,2016,7,1,315,3,3,1,0,1,1, , ,N,0,0,0,3,0,3,5,2,N,N,39 58:01.517,75 11:18.141,315, ,315,1,1,3, , ,0,N, , , , , , , , ,2,0,0,0,0,0,1,0,0,0,3,0,3,0,0,0,0,0,0,0,0,0,0,0,0,0,0,0,0,0,0,0,0,0,0,3,0,39.9671,-75.1884, , 
16820,199912,2016091667,6,67,67301,2016,8,6,1553,15,1,1,0,1,1, , ,N,0,0,0,3,0,1,2,2,N, ,40 02:22.304,75 11:19.111,1635, ,1624, ,0, , , ,0, , , , , , , , , ,2,1,0,0,0,0,1,0,0,0,0,0,1,1,1,0,0,0,0,0,0,0,0,0,0,0,0,0,0,0,0,0,0,0,0,8,0,40.0395,-75.1886, , 
16821,199914,2016080403,6,67,67301,2016,7,1,2300,23,3,1,0,8,1, , ,N,0,0,0,3,0,1,2,3,N, ,40 01:18.974,75 03:47.789,2315, ,2306, ,0, , , ,0, , , , , , , , , ,1,1,0,0,0,0,0,0,0,0,1,0,1,0,0,0,0,0,0,0,0,0,0,0,0,0,0,0,0,0,0,0,1,0,0,3,0,40.0219,-75.0633, , 
16822,199925,2016105691,6,67,67301,2016,9,1,1502,15,1,1,0,4,1, , ,N,1,2,0,3,0,2,3,2,N,N,39 59:34.678,75 13:03.326,1535, ,1532, ,0, ,N, ,3, , , , , , , , , ,2,2,0,0,0,0,0,0,0,0,0,0,2,2,0,0,0,0,0,0,0,1,0,0,0,0,0,0,0,0,0,0,0,0,0,8,0,39.993,-75.2176, , 
16823,199943,2016067841,6,67,67301,2016,5,7,1340,13,1,1,0,4,1, , ,N,1,2,0,3,0,1,2,2,N,N,39 59:14.726,75 13:56.711,1400, ,1350, ,0, ,N, ,3, , , , , , , , , ,2,1,0,0,0,0,1,0,0,0,0,1,1,0,0,0,0,0,0,0,0,0,0,0,0,0,0,0,0,0,0,0,0,0,0,4,0,39.9874,-75.2324, , 
16824,199956,2016080261,6,67,67301,2016,7,6,1910,19,1,1,0,4,1, , ,N,1,2,0,3,0,1,2,2,N,N,39 57:17.161,75 14:10.471,1925, ,1922, ,0, ,N, ,3, , , , , , , , , ,2,0,0,0,1,0,1,0,0,0,0,1,1,0,0,0,0,0,0,0,0,0,0,0,0,0,0,0,0,0,0,0,0,0,0,4,0,39.9548,-75.2362, , 
16825,199958,2016080663,6,67,67301,2016,7,7,650,6,1,1,0,1,1, , ,N,1,2,0,3,0,0,2,2,N,N,39 54:20.727,75 11:38.377,741, ,741, ,0, ,N, ,3, , , , , , , , , ,2,0,0,0,0,0,2,0,0,0,0,0,0,0,0,0,0,0,0,0,0,0,0,0,0,0,0,0,0,0,0,0,0,0,0,0,0,39.9057,-75.1938, , 
16826,199964,2016089952,6,67,67301,2016,8,2,1915,19,1,1,0,4,1, , ,N,1,2,0,3,1,2,4,3,N,N,39 59:12.710,75 08:09.023,1930, ,1928, ,0, ,N,0,3, , , , , , , , , ,3,3,0,0,0,0,0,0,0,0,0,1,2,1,0,0,1,0,0,0,0,0,0,0,0,0,0,0,0,0,0,0,0,0,0,1,0,39.9869,-75.1358,2, 
16827,199999,2016078792,6,67,67301,2016,8,4,647,6,1,1,0,1,1, , ,N,0,0,0,3,0,2,3,2,N,N,39 55:30.124,75 11:36.367,647, ,647,2,1,3, , ,0,N, , , , , , , , ,2,1,0,0,0,1,0,0,0,0,2,0,2,0,0,0,0,0,0,0,0,0,0,0,0,0,0,0,0,0,0,0,0,0,0,3,1,39.925,-75.1934, , 
16828,200007,2016082377,6,67,67301,2016,7,3,1345,13,1,1,0,4,1, , ,N,1,0,0,3,0,1,3,2,N,N,39 56:45.250,75 11:01.265,1359, ,1353, ,0, ,N, ,0, , , , , , , , , ,1,1,0,0,0,0,0,0,1,0,0,1,1,0,1,0,0,0,0,0,0,0,0,2,0,0,0,0,0,0,0,0,0,0,0,4,0,39.9459,-75.1837, , 
16829,200010,2016097695,6,67,67301,2016,9,6,2041,20,3,1,0,4,1, , ,N,1,2,0,3,0,0,2,2,N, ,39 57:26.251,75 14:52.347,2050, ,2042,2,2,5, , ,3,Y, , , , , , , , ,2,1,0,0,0,0,1,0,0,0,0,0,0,0,0,0,0,0,0,1,0,0,0,2,0,0,0,0,0,0,0,0,0,0,0,0,0,39.9573,-75.2479, , 
16830,200014,2016100574,6,67,67301,2016,9,5,505,5,3,2,1,7,4, , ,N,0,0,3,3,0,1,1,1,N,N,39 53:13.716,75 12:17.805,505, ,505,1,1,2, , ,0,N, , , , , , , , ,1,0,0,0,1,0,0,0,0,0,0,0,1,1,0,0,0,0,0,0,1,0,0,0,0,0,0,0,0,0,0,0,0,0,0,8,0,39.8871,-75.2049, , 
16831,194305,2016056065,6,67,67301,2016,2,7,235,2,3,1,0,8,1, , ,N,1,2,0,3,0,1,2,2,N,N,40 01:13.249,75 08:02.518,238, ,237,1,1,2,N, ,3,N, , , , , , , , ,1,1,0,0,0,0,0,0,0,0,0,0,1,1,0,0,0,0,0,0,0,0,0,0,0,0,0,0,0,0,0,0,1,0,0,8,0,40.0203,-75.134, , 
16832,194328,2016080628,6,67,67301,2016,7,7,630,6,1,1,0,4,1, , ,N,0,0,7,3,0,2,2,2,N,N,39 54:15.633,75 14:20.069,712, ,708,9,1,4,N, ,0,Y, , , , , , , , ,2,2,0,0,0,0,0,0,0,0,0,2,2,0,0,0,0,0,0,1,0,0,0,0,0,0,0,0,0,0,0,0,0,0,0,4,0,39.9043,-75.2389, , 
16833,194341,2016091673,6,67,67301,2016,8,1,1240,12,1,1,0,4,1, , ,N,1,2,0,3,0,3,3,2,N,N,39 55:02.019,75 14:14.620,1248, ,1246, ,0, , , ,3, , , , , , , , , ,2,2,0,0,0,0,0,0,0,0,0,3,3,0,0,0,0,0,0,0,0,0,0,1,0,0,0,0,0,0,0,0,0,0,0,4,0,39.9172,-75.2374, , 
16834,194344,2016065693,6,67,67301,2016,6,7,1533,15,1,1,0,4,1, , ,N,0,0,0,3,0,2,4,2,N, ,39 58:21.235,75 09:59.869,1610, ,1603,2,1,3, , ,0,Y, , , , , , , , ,2,1,0,0,0,0,1,0,0,0,0,0,2,2,0,0,0,0,0,0,0,0,0,0,0,0,0,0,0,0,0,0,0,0,0,8,0,39.9726,-75.1666, , 
16835,194348,2016070677,6,67,67301,2016,6,4,9999,99,1,1,0,4,1, , ,N,0,0,7,3,0,2,3,2,N,N,40 00:21.720,75 05:29.100,1236, ,1229, ,0, , , ,0, , , , , , , , , ,2,1,0,0,0,0,1,0,0,0,0,0,2,2,0,0,0,0,1,0,0,0,0,0,0,0,0,0,0,0,0,0,0,0,0,8,0,40.006,-75.0914, , 
16836,194368,2016117691,6,67,67301,2016,10,2,2300,23,3,1,0,4,1, , ,N,0,0,7,3,0,1,4,2,N,N,40 00:20.186,75 06:10.335,1205, ,1205, ,0, ,N, ,0, , , , , , , , , ,2,2,0,0,0,0,0,0,0,0,0,0,1,1,2,0,0,1,0,0,1,0,0,0,0,0,0,0,0,0,0,0,0,0,0,8,0,40.0056,-75.1029, , 
16837,194371,2016126164,6,67,67301,2016,11,6,950,9,1,1,0,4,1, , ,N,1,3,0,3,0,1,3,2,N,N,39 58:47.978,75 14:52.101,9999, ,955, ,0, ,N, ,3, , , , , , , , , ,2,2,0,0,0,0,0,0,0,0,0,1,1,0,0,0,0,0,0,0,0,1,0,0,0,0,0,0,0,0,0,0,0,0,0,4,0,39.98,-75.2478, , 
16838,194395,2016068681,6,67,67301,2016,6,6,856,8,1,1,0,1,1, , ,N,0,2,0,3,0,0,4,4,N,N,40 01:51.806,75 12:26.184,900, ,857,1,1,1,N, ,3,N, , , , , , , , ,4,4,0,0,0,0,0,0,0,0,0,0,0,0,0,0,0,0,0,0,0,0,0,4,0,0,0,0,0,0,0,0,0,0,0,0,0,40.0311,-75.2073, , 
16839,194407,2016068710,6,67,67301,2016,6,4,2015,20,4,1,0,4,1, , ,N,0,0,7,3,0,2,2,2,N,N,40 04:29.703,75 02:07.193,2027, ,2026, ,0, , , ,0, , , , , , , , , ,2,1,0,0,0,0,1,0,0,0,0,2,2,0,0,0,0,0,0,0,0,0,0,0,0,0,0,0,0,0,0,0,0,0,0,4,0,40.0749,-75.0353, , 
16840,194413,2016086462,6,67,67301,2016,8,1,1956,19,3,1,1,7,5, , ,N,0,0,0,3,0,0,1,1,N,N,40 02:20.349,75 00:31.253,2018, ,1959, ,0, , , ,0, , , , , , , , , ,1,1,0,0,0,0,0,0,0,0,0,0,0,0,0,0,0,0,0,0,0,0,0,0,0,0,0,0,0,0,0,0,0,0,0,0,0,40.039,-75.0087, , 
16841,194428,2016097709,6,67,67301,2016,9,7,2335,23,3,1,0,5,6, , ,N,0,0,0,3,0,1,1,2,N, ,40 02:46.965,75 03:37.078,2340, ,2336, ,0, , , ,0, , , , , , , , , ,2,0,0,0,2,0,0,0,0,0,0,0,1,1,0,0,0,0,0,0,0,0,0,0,0,0,0,0,0,0,0,0,0,0,0,8,0,40.0464,-75.0603, , 
16842,194434,2016099513,6,67,67301,2016,9,3,1747,17,1,1,0,4,1, , ,N,0,0,7,3,0,1,2,2,N, ,39 55:28.626,75 10:27.027,1750, ,1748,2,2,6, , ,0,Y, , , , , , , , ,2,1,1,0,0,0,0,0,0,1,0,0,1,0,1,0,0,0,0,0,0,0,0,0,0,0,0,0,0,1,0,0,0,0,0,2,0,39.9246,-75.1742, , 
16843,194439,2016111083,6,67,67301,2016,10,6,1920,19,3,1,0,1,1, , ,N,0,0,0,3,0,0,11,5,N, ,40 05:34.571,75 01:53.572,1924, ,1920,2,2,1, , ,0,Y, , , , , , , , ,5,3,0,0,0,0,2,0,0,0,0,0,0,0,0,0,0,0,0,0,1,0,0,0,0,0,0,0,0,0,0,0,0,0,0,0,0,40.0929,-75.0315, , 
16844,194440,2016062630,6,67,67301,2016,4,6,2059,20,3,2,1,8,1, , ,N,0,0,0,3,0,1,2,2,N, ,40 01:53.375,75 09:16.287,1430, ,1425, ,0, , , ,0, , , , , , , , , ,1,1,0,0,0,0,0,0,0,0,0,0,1,1,1,0,0,0,0,0,0,0,0,0,0,0,0,0,0,0,0,0,1,0,0,8,0,40.0315,-75.1545, , 
16845,194442,2016070624,6,67,67301,2016,6,4,1050,10,1,1,0,8,1, , ,N,1,2,0,3,0,1,2,2,N, ,39 57:04.568,75 10:01.915,1105, ,1005, ,0, , , ,3, , , , , , , , , ,1,1,0,0,0,0,0,0,0,0,0,1,1,0,0,0,0,0,0,0,0,0,0,1,0,0,0,0,0,0,0,0,1,0,0,4,0,39.9512,-75.167, , 
16846,194450,2016055610,6,67,67301,2016,5,4,1318,13,1,2,1,8,1, , ,N,1,2,0,3,0,1,2,2,N,N,40 02:07.762,75 13:02.189,1319, ,1319, ,0, ,N, ,3, , , , , , , , , ,1,1,0,0,0,0,0,0,0,0,1,0,1,0,0,0,0,0,0,0,0,0,0,0,0,0,0,0,0,0,0,0,1,0,0,3,0,40.0355,-75.2173, , 
16847,194455,2016064032,6,67,67301,2016,6,4,2100,21,3,1,0,8,1, , ,N,0,0,0,3,0,1,2,2,N, ,39 59:23.931,75 07:32.614,2109, ,2107, ,0, , , ,0, , , , , , , , , ,1,1,0,0,0,0,0,0,0,0,0,0,1,1,0,0,0,0,0,0,0,0,0,1,0,0,0,0,0,0,0,0,1,0,0,8,0,39.99,-75.1257, , 
16848,194478,2016084626,6,67,67301,2016,8,2,54,0,3,1,0,7,4, , ,N,1,2,0,3,0,1,1,1,N, ,39 59:10.631,75 09:22.550,210, ,209, ,0, , , ,3, , , , , , , , , ,1,1,0,0,0,0,0,0,0,0,0,1,1,0,0,0,0,0,0,0,1,0,0,0,0,0,0,0,0,0,0,0,0,0,0,4,0,39.9863,-75.1561, , 
16849,196954,2016048601,6,67,67301,2016,4,2,724,7,1,1,0,4,1, , ,N,1,2,0,3,0,3,9,4,N,N,40 00:19.857,75 06:19.237,724, ,724, ,0, ,N, ,3, , , , , , , , , ,4,1,0,0,1,0,2,0,0,0,0,0,3,3,0,0,0,0,0,0,1,0,0,2,0,0,0,0,0,0,0,0,0,0,0,8,0,40.0055,-75.1053, , 
16850,196961,2016052293,6,67,67301,2016,5,1,2013,20,3,1,0,8,1, , ,N,0,0,0,3,0,1,2,2,N,N,40 00:13.111,75 13:16.331,2014, ,2015, ,0, , , ,0, , , , , , , , , ,1,0,0,0,0,0,1,0,0,0,0,0,1,1,0,0,0,0,0,0,0,0,0,0,0,0,0,0,0,0,0,0,1,0,0,8,0,40.0036,-75.2212, , 
16851,196981,2016129463,6,67,67301,2016,11,6,1900,19,3,1,0,4,1, , ,N,0,0,0,3,0,1,2,2,N,N,39 59:55.544,75 06:38.721,2139, ,2136, ,0, ,N, ,0, , , , , , , , , ,1,0,0,0,0,0,1,0,1,0,0,1,1,0,0,0,0,0,0,0,0,0,0,1,0,0,0,0,0,0,0,0,0,0,0,4,0,39.9988,-75.1108, , 
16852,196982,2016129781,6,67,67301,2016,12,5,2336,23,3,1,0,1,1, , ,N,0,0,0,3,0,2,3,2,N,N,39 59:03.486,75 09:23.675,2337, ,2337,1,1,1,N, ,0,Y, , , , , , , , ,2,2,0,0,0,0,0,0,0,0,0,2,2,0,0,0,0,0,0,0,1,0,0,0,0,0,0,0,0,0,0,0,0,0,0,4,0,39.9843,-75.1566, , 
16853,196991,2016108543,6,67,67301,2016,9,6,1942,19,3,2,1,4,1, , ,N,1,3,0,3,0,2,4,2,N,N,40 03:16.301,75 05:26.793,1942, ,1942,2,1,3, , ,3,N, , , , , , , , ,2,2,0,0,0,0,0,0,0,0,0,2,2,0,0,0,0,0,0,0,1,0,0,0,0,0,0,0,0,0,0,0,0,0,0,4,0,40.0545,-75.0908, , 
16854,196996,2016126953,6,67,67301,2016,10,6,708,7,1,1,0,7,2, , ,N,0,0,0,3,0,0,1,1,N,N,39 58:35.042,75 06:51.487,732, ,708, ,0, , , ,0, , , , , , , , , ,1,1,0,0,0,0,0,0,0,0,0,0,0,0,0,0,0,0,0,0,0,0,0,0,0,0,0,0,0,0,0,0,0,0,0,0,0,39.9764,-75.1143, , 
16855,197015,2016080276,6,67,67301,2016,7,4,945,9,1,1,0,4,1, , ,N,0,0,7,3,0,0,3,2,N, ,40 03:39.378,75 11:32.011,1000, ,952, ,0, , , ,0, , , , , , , , , ,2,1,0,0,0,0,1,0,0,0,0,0,0,0,0,0,0,0,0,0,0,0,0,3,0,0,0,0,0,0,0,0,0,0,0,0,0,40.0609,-75.1922, , 
16856,197016,2016084752,6,67,67301,2016,8,7,2056,20,3,1,0,1,1, , ,N,0,0,0,3,0,1,2,2,N,N,39 56:37.792,75 11:31.822,2113, ,2056,2,1,4, , ,0,N, , , , , , , , ,2,0,0,0,0,0,2,0,0,0,0,0,1,1,0,0,0,0,0,0,0,0,0,0,0,0,0,0,0,0,0,0,0,0,0,8,0,39.9438,-75.1922, , 
16857,197035,2016102118,6,67,67301,2016,10,2,639,6,3,5,1,1,1, , ,N,0,0,0,3,0,0,2,2,N,N,39 57:25.304,75 10:49.515,706, ,652, ,0, , , ,0, , , , , , , , , ,2,1,0,0,1,0,0,0,0,0,0,0,0,0,0,0,0,0,0,1,1,0,0,0,0,0,0,0,0,0,0,0,0,0,0,0,0,39.957,-75.1804, , 
16858,197039,2016108109,6,67,67301,2016,10,2,1235,12,1,1,0,8,1, , ,N,0,0,0,3,0,1,2,2,N,N,39 59:38.680,75 07:29.355,1258, ,1248, ,0, ,N, ,0, , , , , , , , , ,1,0,0,0,0,0,0,1,0,0,0,0,1,1,0,0,0,0,0,0,0,0,0,1,0,0,0,0,0,0,0,0,1,0,0,8,0,39.9941,-75.1248, , 
16859,197056,2016014962,6,67,67301,2016,2,6,747,7,1,1,1,1,1, , ,N,0,0,0,3,0,1,2,2,N,N,39 57:36.202,75 10:45.438,811, ,752,1,1,4, , ,0,N, , , , , , , , ,2,2,0,0,0,0,0,0,0,0,1,0,1,0,0,0,0,0,0,0,0,0,0,0,0,0,0,0,0,0,0,0,0,0,0,3,0,39.9601,-75.1793, , 
16860,197061,2016065730,6,67,67301,2016,6,5,242,2,3,1,0,8,1, , ,N,0,0,0,3,0,1,2,2,N,N,39 56:01.783,75 11:07.935,242, ,242, ,0, , , ,0, , , , , , , , , ,1,1,0,0,0,0,0,0,0,0,0,1,1,0,0,0,0,0,0,0,0,0,0,0,0,0,0,0,0,0,0,0,1,0,0,4,0,39.9338,-75.1855, , 
16861,197064,2016070858,6,67,67301,2016,7,2,2004,20,1,1,0,5,1, , ,N,0,0,3,3,0,1,2,2,N,N,39 54:51.679,75 11:18.596,2004, ,2004,1,1,3,N, ,0,N, , , , , , , , ,2,2,0,0,0,0,0,0,0,0,0,1,1,0,0,0,0,0,0,0,0,0,0,0,0,0,0,0,0,0,0,0,0,0,0,4,0,39.9144,-75.1885, , 
16862,197071,2016084633,6,67,67301,2016,7,1,144,1,3,1,0,8,1, , ,N,0,0,0,3,0,5,5,5,N,N,40 00:37.188,75 11:07.517,154, ,144,3,2,2,N, ,0,Y, , , , , , , , ,2,2,0,0,0,0,0,0,0,0,3,1,5,1,0,0,0,0,0,0,0,0,0,0,0,0,0,0,0,0,0,0,3,0,0,3,0,40.0103,-75.1854, , 