objectid_1,objectid,crn,district,county,municipality,crash_year,crash_month,day_of_week,time_of_day,hour_of_day,illumination,weather,road_condition,collision_type,relation_to_road,work_zone_type,work_zone_loc,work_zone_ind,intersect_type,tcd_type,location_type,urban_rural,fatal_count,injury_count,person_count,total_units,sch_bus_ind,sch_zone_ind,latitude,longitude,arrival_tm,cons_zone_spd_lim,dispatch_tm,est_hrs_closed,lane_closed,ln_close_dir,ntfy_hiwy_maint,spec_juris_cd,tcd_func_cd,tfc_detour_ind,workers_pres,wz_close_detour,wz_flagger,wz_law_offcr_ind,wz_ln_closure,wz_moving,wz_other,wz_shlder_mdn,vehicle_count,automobile_count,motorcycle_count,bus_count,small_truck_count,heavy_truck_count,suv_count,van_count,bicycle_count,maj_inj_count,mod_inj_count,min_inj_count,tot_inj_count,unk_inj_deg_count,unk_inj_per_count,driver_count_16yr,driver_count_17yr,driver_count_18yr,driver_count_19yr,driver_count_20yr,driver_count_50_64yr,driver_count_65_74yr,driver_count_75plus,unbelted_occ_count,unb_death_count,unb_maj_inj_count,belted_death_count,belted_maj_inj_count,mcycle_death_count,mcycle_maj_inj_count,bicycle_death_count,bicycle_maj_inj_count,ped_count,ped_death_count,ped_maj_inj_count,max_severity_level,comm_veh_count,dec_lat,dec_long,rdwy_surf_type_cd,county_name
16931,189422,2016097168,6,67,67301,2016,8,4,1000,10,1,1,0,4,1, , ,N,1,3,0,3,0,2,3,2,N,N,40 00:43.344,75 08:11.385,1019, ,1003, ,0, ,N, ,3, , , , , , , , , ,2,2,0,0,0,0,0,0,0,0,0,2,2,0,0,0,0,0,0,0,1,0,0,2,0,0,0,0,0,0,0,0,0,0,0,4,0,40.012,-75.1365, , 
16932,189443,2016052365,6,67,67301,2016,5,1,1624,16,1,2,1,4,1, , ,N,1,3,0,3,0,2,3,2,N, ,40 01:43.906,75 05:09.211,1626, ,1626, ,0, , , ,3, , , , , , , , , ,2,0,0,0,0,0,1,1,0,0,0,2,2,0,0,0,0,0,0,0,1,0,0,0,0,0,0,0,0,0,0,0,0,0,0,4,0,40.0289,-75.0859, , 
16933,189444,2016052849,6,67,67301,2016,5,5,1710,17,1,1,0,1,1, , ,N,0,0,0,3,0,2,4,2,N,N,39 56:49.681,75 08:29.807,1722, ,1717,1,1,2,N, ,0,N, , , , , , , , ,2,1,0,0,0,0,1,0,0,0,1,1,2,0,0,0,0,0,0,0,1,0,0,0,0,0,0,0,0,0,0,0,0,0,0,3,0,39.9471,-75.1416, , 
16934,189456,2016062776,6,67,67301,2016,6,4,1619,16,1,1,0,1,1, , ,N,0,0,0,3,0,2,3,2,N,N,39 57:07.015,75 10:56.948,1719, ,1622, ,0, , , ,0, , , , , , , , , ,2,1,0,0,0,1,0,0,0,0,2,0,2,0,0,0,0,0,0,0,0,0,0,0,0,0,0,0,0,0,0,0,0,0,0,3,1,39.9519,-75.1825, , 
16935,189458,2016065265,6,67,67301,2016,6,4,1615,16,1,1,0,1,1, , ,N,0,0,0,3,0,1,2,2,N,N,39 53:57.599,75 09:54.362,1620, ,1616,1,1,1, , ,0,N, , , , , , , , ,2,1,0,0,0,0,0,1,0,0,0,0,1,1,0,0,0,0,0,0,1,0,0,0,0,0,0,0,0,0,0,0,0,0,0,8,0,39.8993,-75.1651, , 
16936,189474,2016080597,6,67,67301,2016,7,7,1130,11,1,1,0,8,1, , ,N,1,3,0,3,0,1,2,2,N,N,39 58:55.250,75 10:17.061,120, ,120, ,0, ,N, ,3, , , , , , , , , ,1,1,0,0,0,0,0,0,0,1,0,0,1,0,0,0,0,0,0,0,0,0,0,1,0,0,0,0,0,0,0,0,1,0,1,2,0,39.982,-75.1714, , 
16937,189480,2016091489,6,67,67301,2016,9,4,729,7,1,1,0,8,1, , ,N,1,2,0,3,0,1,9,2,Y,N,39 55:33.806,75 10:57.867,750, ,740,2,2,1,N, ,3,Y, , , , , , , , ,1,0,0,1,0,0,0,0,0,0,0,0,1,1,0,0,0,0,0,0,1,0,0,0,0,0,0,0,0,0,0,0,1,0,0,8,1,39.9261,-75.1827, , 
16938,189484,2016062516,6,67,67301,2016,5,2,2040,20,3,1,0,4,1, , ,N,1,2,0,3,0,2,5,2,N,N,40 00:19.033,75 09:25.376,2045, ,2043, ,0, ,N, ,3, , , , , , , , , ,2,2,0,0,0,0,0,0,0,0,0,0,2,2,3,0,0,0,0,0,0,0,0,0,0,0,0,0,0,0,0,0,0,0,0,8,0,40.0053,-75.157, , 
16939,180502,2016080924,6,67,67301,2016,6,7,1628,16,1,1,0,2,1, , ,N,0,0,0,3,0,4,5,3,N,N,40 02:49.316,74 59:45.966,1632, ,1629,9,2,3,N, ,0,Y, , , , , , , , ,3,2,0,0,0,0,1,0,0,0,0,1,4,3,0,0,0,0,0,0,0,0,0,0,0,0,0,0,0,0,0,0,0,0,0,4,0,40.047,-74.9961, , 
16940,180525,2016071102,6,67,67301,2016,6,5,1215,12,1,2,1,4,1, , ,N,1,2,0,3,0,4,4,2,N, ,39 55:10.650,75 14:24.889,1220, ,1215, ,0, , , ,3, , , , , , , , , ,2,1,0,0,0,0,1,0,0,0,2,0,4,2,0,0,0,0,0,0,0,0,0,0,0,0,0,0,0,0,0,0,0,0,0,3,0,39.9196,-75.2402, , 
16941,180549,2016040914,6,67,67301,2016,4,1,810,8,1,1,0,4,1, , ,N,1,3,0,3,0,0,3,2,N,N,40 02:26.901,75 04:22.717,828, ,828, ,0, ,N, ,3, , , , , , , , , ,2,1,0,0,0,0,1,0,0,0,0,0,0,0,0,0,0,0,0,0,0,0,0,0,0,0,0,0,0,0,0,0,0,0,0,0,0,40.0408,-75.073, , 
16942,180560,2016052317,6,67,67301,2016,5,2,9999,99,1,1,0,4,1, , ,N,0,0,0,3,0,2,2,3,N,N,40 00:38.809,75 06:07.338,810, ,810, ,0, ,N, ,0, , , , , , , , , ,3,2,0,0,0,0,0,1,0,0,1,1,2,0,0,0,0,1,0,0,0,0,0,0,0,0,0,0,0,0,0,0,0,0,0,3,0,40.0108,-75.102, , 
16943,180566,2016058545,6,67,67301,2016,5,5,930,9,1,1,0,8,1, , ,N,2,3,0,3,0,1,2,2,N, ,39 58:07.644,75 09:32.972,1220, ,1210, ,0, , , ,3, , , , , , , , , ,1,1,0,0,0,0,0,0,1,0,0,0,1,1,1,0,0,0,0,0,0,0,0,0,0,0,0,0,0,0,0,0,0,0,0,8,0,39.9688,-75.1592, , 
16944,180594,2016027553,6,67,67301,2016,2,7,9999,99,3,1,0,1,1, , ,N,2,2,0,3,0,0,5,2,N, ,40 02:12.212,75 11:15.028,2100, ,2050, ,0, , , ,3, , , , , , , , , ,2,1,0,0,0,0,1,0,0,0,0,0,0,0,2,0,0,0,0,0,0,0,0,0,0,0,0,0,0,0,0,0,0,0,0,9,0,40.0367,-75.1875, , 
16945,180614,2016051127,6,67,67301,2016,3,4,1930,19,3,1,0,1,1, , ,N,1,3,0,3,0,1,2,2, , ,40 02:50.204,75 09:13.082,0, ,0, ,0, , , ,3, , , , , , , , , ,2,2,0,0,0,0,0,0,0,0,0,0,1,1,0,0,0,0,0,0,0,0,0,0,0,0,0,0,0,0,0,0,0,0,0,8,0,40.0473,-75.1536, , 
16946,180631,2016062590,6,67,67301,2016,5,3,1904,19,4,1,0,7,4, , ,N,1,0,0,3,0,0,2,1,N,N,40 02:26.574,75 01:47.778,2334, ,2332, ,0, ,N, ,0, , , , , , , , , ,1,1,0,0,0,0,0,0,0,0,0,0,0,0,2,0,0,0,0,0,0,0,0,0,0,0,0,0,0,0,0,0,0,0,0,9,0,40.0407,-75.0299, , 
16947,180632,2016062592,6,67,67301,2016,5,7,1150,11,1,1,0,4,1, , ,N,1,3,0,3,0,2,3,2,N,N,39 56:50.607,75 14:45.099,1220, ,1212, ,0, , , ,3, , , , , , , , , ,2,2,0,0,0,0,0,0,0,0,0,0,2,2,0,0,0,0,0,0,0,0,0,0,0,0,0,0,0,0,0,0,0,0,0,8,0,39.9474,-75.2459, , 
16948,180645,2016075924,6,67,67301,2016,7,4,2200,22,3,1,0,1,1, , ,N,0,2,3,3,0,1,2,2,N,N,40 03:53.710,74 58:52.011,2204, ,2200,2,2,1,N, ,3,Y, , , , , , , , ,2,1,0,0,1,0,0,0,0,0,0,0,1,1,0,0,0,0,0,0,1,0,0,0,0,0,0,0,0,0,0,0,0,0,0,8,0,40.0649,-74.9811, , 
16949,180663,2016082192,6,67,67301,2016,7,7,1745,17,1,2,1,7,5, , ,N,2,2,0,3,0,1,1,1,N,N,39 58:56.703,75 05:01.832,1756, ,1751,2,1,1, , ,3,N, , , , , , , , ,1,1,0,0,0,0,0,0,0,0,0,0,1,1,0,0,0,0,0,0,0,0,0,0,0,0,0,0,0,0,0,0,0,0,0,8,0,39.9824,-75.0838, , 
16950,180677,2016016554,6,67,67301,2016,1,2,1130,11,1,4,1,8,1, , ,N,1,3,0,3,0,1,2,2,N, ,39 55:38.780,75 10:26.227,1152, ,1148, ,0, , , ,3, , , , , , , , , ,1,1,0,0,0,0,0,0,0,0,0,1,1,0,1,0,0,0,0,0,0,1,0,0,0,0,0,0,0,0,0,0,1,0,0,4,0,39.9274,-75.174, , 
16951,180678,2016017041,6,67,67301,2016,1,7,1543,15,1,4,1,8,1, , ,N,1,2,0,3,0,1,2,2,N,N,39 57:19.425,75 09:21.185,1555, ,1550, ,0, , , ,3, , , , , , , , , ,1,0,0,0,0,0,0,1,0,0,0,0,1,1,0,0,0,0,0,0,0,0,0,1,0,0,0,0,0,0,0,0,1,0,0,8,0,39.9554,-75.1559, , 
16952,180686,2016029810,6,67,67301,2016,3,7,1626,16,1,1,0,4,1, , ,N,1,3,0,3,0,0,4,2,N, ,39 56:29.598,75 13:58.569,1710, ,1706, ,0, , , ,3, , , , , , , , , ,2,1,0,0,0,0,1,0,0,0,0,0,0,0,0,0,0,0,0,0,0,1,0,1,0,0,0,0,0,0,0,0,0,0,0,0,0,39.9416,-75.2329, , 
16953,180696,2016040990,6,67,67301,2016,4,1,706,7,1,1,0,4,1, , ,N,2,4,0,3,0,0,2,2,N,N,40 01:34.328,75 05:39.761,719, ,711,1,1,1,Y, ,3,N, , , , , , , , ,2,2,0,0,0,0,0,0,0,0,0,0,0,0,0,0,0,0,0,0,1,0,0,1,0,0,0,0,0,0,0,0,0,0,0,0,0,40.0262,-75.0944, , 
16954,180698,2016044597,6,67,67301,2016,4,7,2030,20,3,1,0,4,1, , ,N,1,2,0,3,0,2,2,2,N,N,39 56:28.692,75 12:33.670,2040, ,2035, ,0, ,N, ,3, , , , , , , , , ,2,1,0,0,0,0,1,0,0,0,0,0,2,2,0,0,0,0,0,0,0,0,0,0,0,0,0,0,0,0,0,0,0,0,0,8,0,39.9412,-75.2094, , 
16955,180704,2016052420,6,67,67301,2016,4,6,1150,11,1,1,0,4,1, , ,N,1,3,0,3,0,3,6,2,N,N,39 58:01.905,75 14:41.117,1155, ,1155, ,0, ,N, ,3, , , , , , , , , ,2,1,0,0,0,0,0,1,0,0,0,3,3,0,0,0,0,0,0,0,0,0,0,0,0,0,0,0,0,0,0,0,0,0,0,4,0,39.9672,-75.2448, , 
16956,180712,2016061229,6,67,67301,2016,5,6,1840,18,1,1,0,4,1, , ,N,1,2,0,3,0,3,5,3,N,N,39 57:09.608,75 14:41.107,1846, ,1842, ,0, ,N, ,3, , , , , , , , , ,3,2,0,0,0,0,1,0,0,0,2,1,3,0,0,0,0,0,0,0,1,0,0,0,0,0,0,0,0,0,0,0,0,0,0,3,0,39.9527,-75.2448, , 
16957,183311,2016080756,6,67,67301,2016,7,3,1619,16,1,1,0,4,1, , ,N,1,2,0,3,0,1,3,2,N,N,39 55:06.715,75 13:33.263,1736, ,1735,9,1,4,N, ,3,N, , , , , , , , ,2,2,0,0,0,0,0,0,0,0,0,1,1,0,0,0,0,0,0,0,0,0,0,0,0,0,0,0,0,0,0,0,0,0,0,4,0,39.9185,-75.2259, , 
16958,183313,2016082288,6,67,67301,2016,7,7,1620,16,1,1,0,1,1, , ,N,1,2,0,3,0,4,7,3,N, ,40 01:28.513,75 07:23.473,1642, ,1637, ,0, , , ,3, , , , , , , , , ,3,1,0,0,0,0,2,0,0,0,0,4,4,0,0,0,0,0,0,0,1,0,0,3,0,0,0,0,0,0,0,0,0,0,0,4,0,40.0246,-75.1232, , 
16959,183323,2016013841,6,67,67301,2016,1,4,1208,12,1,1,0,4,1, , ,N,1,2,0,3,0,1,2,2,N, ,40 02:06.826,75 08:44.062,1208, ,1208,1,1,2, , ,3,N, , , , , , , , ,2,1,0,0,0,1,0,0,0,0,0,0,1,1,0,0,0,0,0,0,2,0,0,0,0,0,0,0,0,0,0,0,0,0,0,8,1,40.0352,-75.1455, , 
16960,183330,2016022024,6,67,67301,2016,2,5,1226,12,1,1,0,1,1, , ,N,1,2,0,3,0,2,3,3,N, ,40 05:49.711,75 01:05.375,1235, ,1226,2,1,4, , ,3,N, , , , , , , , ,3,1,0,0,0,0,2,0,0,0,0,2,2,0,0,0,0,0,0,0,1,0,0,0,0,0,0,0,0,0,0,0,0,0,0,4,0,40.0971,-75.0182, , 
16961,183339,2016031066,6,67,67301,2016,2,7,1850,18,3,1,0,7,3, , ,N,0,0,0,3,0,1,1,1,N,N,40 02:18.110,75 03:40.200,1900, ,1855, ,0, ,N, ,0, , , , , , , , , ,1,1,0,0,0,0,0,0,0,0,0,0,1,1,0,0,0,0,0,0,0,0,1,0,0,0,0,0,0,0,0,0,0,0,0,8,0,40.0384,-75.0612, , 
16962,183341,2016033865,6,67,67301,2016,3,4,1440,14,1,1,0,1,1, , ,N,0,0,0,3,0,1,4,4,N,N,40 01:51.517,75 05:09.437,1530, ,1440, ,0, ,N, ,0, , , , , , , , , ,4,2,0,0,0,0,1,0,0,0,0,1,1,0,0,0,0,0,0,0,0,0,0,0,0,0,0,0,0,0,0,0,0,0,0,4,0,40.031,-75.086, , 
16963,183343,2016035335,6,67,67301,2016,4,3,1257,12,1,1,0,1,1, , ,N,2,0,0,3,0,2,6,4,N,N,40 03:31.759,75 07:53.913,1304, ,1258,2,2,4,N, ,0,N, , , , , , , , ,4,4,0,0,0,0,0,0,0,0,0,2,2,0,0,0,0,0,0,0,0,2,0,0,0,0,0,0,0,0,0,0,0,0,0,4,0,40.0587,-75.1317, , 
16964,183367,2016007842,6,67,67301,2016,1,2,835,8,1,1,0,7,2, , ,N,0,0,0,3,0,0,1,1,N,N,39 53:10.126,75 12:43.881,848, ,839,1,2,2, , ,0,Y, , , , , , , , ,1,1,0,0,0,0,0,0,0,0,0,0,0,0,0,0,0,0,0,0,0,0,0,0,0,0,0,0,0,0,0,0,0,0,0,0,0,39.8861,-75.2122, , 
16965,183371,2016060877,6,67,67301,2016,5,1,359,3,3,1,0,7,4, , ,N,3,0,2,3,0,3,3,3,N,N,39 57:31.638,75 10:49.001,415, ,408,2,2,4, , ,0,Y, , , , , , , , ,3,2,0,0,0,0,1,0,0,0,0,0,3,3,0,0,0,0,0,0,1,0,0,0,0,0,0,0,0,0,0,0,0,0,0,8,0,39.9588,-75.1803, , 
16966,183389,2016080129,6,67,67301,2016,6,6,115,1,3,1,0,4,1, , ,N,1,2,0,3,0,1,3,2,N, ,39 56:57.663,75 09:51.544,245, ,223,3,2,4,N, ,9,Y, , , , , , , , ,2,1,0,0,0,1,0,0,0,0,0,1,1,0,0,0,0,0,0,0,0,0,0,0,0,0,0,0,0,0,0,0,0,0,0,4,1,39.9493,-75.1642, , 
16967,183390,2016080207,6,67,67301,2016,7,1,2245,22,3,1,1,4,1, , ,N,1,2,0,3,0,0,2,2,N,N,39 58:25.571,75 15:29.588,2322, ,2317, ,0, , , ,3, , , , , , , , , ,2,2,0,0,0,0,0,0,0,0,0,0,0,0,0,0,0,0,0,0,1,1,0,0,0,0,0,0,0,0,0,0,0,0,0,0,0,39.9738,-75.2582, , 
16968,183391,2016080859,6,67,67301,2016,7,7,1630,16,1,2,1,4,1, , ,N,1,2,0,3,0,2,4,2,N,Y,39 57:12.616,75 13:34.398,1640, ,1635,1,1,2, , ,3,N, , , , , , , , ,2,2,0,0,0,0,0,0,0,0,1,0,2,1,1,0,0,0,0,0,2,0,0,1,0,0,0,0,0,0,0,0,0,0,0,3,0,39.9535,-75.2262, , 
16969,183435,2016026573,6,67,67301,2016,3,3,930,9,1,1,2,8,1, , ,N,2,2,3,3,0,1,3,3,N,N,39 57:16.822,75 11:40.080,1608, ,1607, ,0, , , ,3, , , , , , , , , ,1,1,0,0,0,0,0,0,0,0,0,0,1,1,2,0,0,0,0,0,0,0,0,0,0,0,0,0,0,0,0,0,2,0,0,8,0,39.9547,-75.1945, , 
16970,183437,2016028352,6,67,67301,2016,2,3,1435,14,1,2,1,4,1, , ,N,0,0,0,3,0,2,3,2,N, ,39 54:23.816,75 10:58.028,1440, ,1435, ,0, , , ,0, , , , , , , , , ,2,1,0,0,0,0,1,0,0,0,0,1,2,1,0,0,0,0,0,0,0,2,0,0,0,0,0,0,0,0,0,0,0,0,0,4,0,39.9066,-75.1828, , 
16971,183439,2016031382,6,67,67301,2016,3,3,1300,13,1,1,0,8,1, , ,N,1,2,0,3,0,1,2,2,N,N,39 58:37.995,75 13:36.385,1310, ,1310, ,0, ,N, ,3, , , , , , , , , ,1,1,0,0,0,0,0,0,0,0,0,1,1,0,0,0,0,0,0,0,0,0,0,0,0,0,0,0,0,0,0,0,1,0,0,4,0,39.9772,-75.2268, , 
16972,183441,2016036413,6,67,67301,2016,3,5,1346,13,1,1,0,4,1, , ,N,2,2,7,3,0,1,3,3,N, ,40 04:44.486,75 01:30.863,1355, ,1352,9,1,1, , ,3,N, , , , , , , , ,3,1,0,0,0,0,2,0,0,1,0,0,1,0,0,0,0,0,0,0,1,1,0,0,0,0,0,0,0,0,0,0,0,0,0,2,0,40.0789,-75.0253, , 
16973,183442,2016036497,6,67,67301,2016,3,6,1836,18,3,1,0,5,1, , ,N,0,0,0,3,0,1,2,2,N, ,39 59:42.579,75 05:41.995,2040, ,2036, ,0, , , ,0, , , , , , , , , ,2,1,0,0,0,1,0,0,0,0,0,0,1,1,0,0,0,0,0,0,0,0,0,2,0,0,0,0,0,0,0,0,0,0,0,8,1,39.9952,-75.095, , 
16974,183446,2016040174,6,67,67301,2016,2,1,1708,17,1,1,0,1,1,1,4,Y,0,0,0,3,0,0,12,4,N,N,40 01:24.209,75 02:01.549,1729,45,1712,1,1,1, , ,0,N,N,N,N,N,Y,N,N,Y,4,2,0,0,0,0,1,1,0,0,0,0,0,0,1,0,0,0,0,0,1,0,0,1,0,0,0,0,0,0,0,0,0,0,0,9,0,40.0234,-75.0338, , 
16975,186507,2016080262,6,67,67301,2016,6,7,2215,22,3,1,0,1,1, , ,N,1,2,0,3,0,2,3,2,N,N,39 57:23.324,75 13:17.716,2223, ,2218, ,0, ,N, ,3, , , , , , , , , ,2,2,0,0,0,0,0,0,0,0,0,0,2,2,0,0,0,0,0,0,1,0,0,1,0,0,0,0,0,0,0,0,0,0,0,8,0,39.9565,-75.2215, , 
16976,186537,2016099638,6,67,67301,2016,9,7,9999,99,5,1,0,8,1, , ,N,0,0,0,3,0,1,2,2,N,N,40 00:26.666,75 07:29.664,0, ,9999, ,0, ,N, ,0, , , , , , , , , ,1,1,0,0,0,0,0,0,0,0,1,0,1,0,0,0,0,0,0,0,0,0,0,1,0,0,0,0,0,0,0,0,1,0,0,3,0,40.0074,-75.1249, , 
16977,186547,2016065672,6,67,67301,2016,6,2,635,6,1,1,0,8,1, , ,N,0,0,0,3,0,1,2,2,N,N,39 58:43.406,75 09:29.455,640, ,640, ,0, , , ,0, , , , , , , , , ,1,1,0,0,0,0,0,0,0,0,0,1,1,0,0,0,0,0,0,0,0,0,0,0,0,0,0,0,0,0,0,0,1,0,0,4,0,39.9787,-75.1582, , 
16978,186556,2016076547,6,67,67301,2016,7,3,1245,12,1,1,0,1,1, , ,N,0,0,0,3,0,1,2,2,N,N,39 57:35.457,75 10:39.401,1256, ,1250, ,0, , , ,0, , , , , , , , , ,2,2,0,0,0,0,0,0,0,0,0,0,1,1,0,0,0,0,0,0,0,0,0,0,0,0,0,0,0,0,0,0,0,0,0,8,0,39.9598,-75.1776, , 
16979,186569,2016087213,6,67,67301,2016,7,7,2110,21,3,1,0,4,1, , ,N,1,3,0,3,0,1,5,2,N, ,39 57:16.988,75 14:24.950,2115, ,2115, ,0, , , ,3, , , , , , , , , ,2,2,0,0,0,0,0,0,0,0,0,0,1,1,3,0,0,0,0,0,0,0,0,0,0,0,0,0,0,0,0,0,0,0,0,8,0,39.9547,-75.2403, , 
16980,186574,2016092108,6,67,67301,2016,8,3,1717,17,1,1,0,4,1, , ,N,1,3,0,3,0,1,4,3,N,N,39 58:21.907,75 10:47.704,1722, ,1720,2,2,6,N, ,3,Y, , , , , , , , ,3,2,0,0,1,0,0,0,0,0,0,1,1,0,1,0,0,0,0,0,0,0,1,1,0,0,0,0,0,0,0,0,0,0,0,4,0,39.9728,-75.1799, , 
16981,186575,2016092073,6,67,67301,2016,8,2,1743,17,1,1,0,8,1, , ,N,1,2,0,3,0,1,2,2,N,N,40 05:49.711,75 01:05.375,1750, ,1745, ,0, , , ,3, , , , , , , , , ,1,1,0,0,0,0,0,0,0,0,0,1,1,0,0,0,0,0,0,0,1,0,0,1,0,0,0,0,0,0,0,0,1,0,0,4,0,40.0971,-75.0182, , 
16982,186591,2016062651,6,67,67301,2016,6,4,1800,18,4,1,0,8,1, , ,N,1,2,0,3,0,1,2,2,N,N,40 03:17.448,75 10:08.247,1820, ,1800, ,0, ,N, ,3, , , , , , , , , ,1,1,0,0,0,0,0,0,0,0,0,1,1,0,0,0,0,0,0,0,0,0,0,0,0,0,0,0,0,0,0,0,1,0,0,4,0,40.0548,-75.169, , 
16983,186616,2016080339,6,67,67301,2016,7,5,1720,17,1,1,0,4,1, , ,N,1,2,0,3,0,1,4,2,N,N,39 57:22.420,75 09:45.641,1738, ,1729, ,0, ,N, ,3, , , , , , , , , ,2,2,0,0,0,0,0,0,0,0,0,1,1,0,0,0,0,0,0,0,0,1,0,0,0,0,0,0,0,0,0,0,0,0,0,4,0,39.9562,-75.1627, , 
16984,186617,2016080543,6,67,67301,2016,6,6,900,9,1,1,0,8,1, , ,N,1,2,0,3,0,1,2,2,N, ,39 57:18.196,75 12:36.257,918, ,915, ,0, , , ,3, , , , , , , , , ,1,1,0,0,0,0,0,0,0,0,0,1,1,0,0,0,0,0,0,0,0,0,0,0,0,0,0,0,0,0,0,0,1,0,0,4,0,39.955,-75.21, , 
16985,186618,2016080823,6,67,67301,2016,6,3,1153,11,1,1,0,4,1, , ,N,1,3,0,3,0,0,2,3,N,N,39 57:53.470,75 09:31.186,1155, ,1153, ,0, ,N, ,3, , , , , , , , , ,3,1,0,0,0,0,2,0,0,0,0,0,0,0,0,0,0,0,0,0,1,0,0,0,0,0,0,0,0,0,0,0,0,0,0,0,0,39.9649,-75.1587, , 
16986,186629,2016082237,6,67,67301,2016,7,7,310,3,3,1,0,6,6, , ,N,0,0,0,3,0,0,1,2,N,N,39 56:02.169,75 11:42.019,320, ,317, ,0, ,N, ,0, , , , , , , , , ,2,0,0,0,0,0,0,2,0,0,0,0,0,0,0,0,0,0,0,0,0,0,0,0,0,0,0,0,0,0,0,0,0,0,0,0,0,39.9339,-75.195, , 
16987,186640,2016062594,6,67,67301,2016,5,7,2146,21,3,2,1,4,1, , ,N,1,2,0,3,0,1,6,2,N,N,40 02:35.284,75 04:25.695,2205, ,2155, ,0, ,N, ,3, , , , , , , , , ,2,2,0,0,0,0,0,0,0,0,0,1,1,0,0,0,0,0,0,0,0,0,0,0,0,0,0,0,0,0,0,0,0,0,0,4,0,40.0431,-75.0738, , 
16988,186644,2016014553,6,67,67301,2016,1,4,1440,14,1,1,1,1,1, , ,N,0,0,0,3,0,0,3,3,N,N,39 56:44.578,75 11:23.618,1455, ,1441, ,0, , , ,0, , , , , , , , , ,3,1,0,0,0,2,0,0,0,0,0,0,0,0,0,0,0,0,0,0,1,0,0,0,0,0,0,0,0,0,0,0,0,0,0,0,2,39.9457,-75.1899, , 
16989,186664,2016028829,6,67,67301,2016,3,7,411,4,3,1,0,7,1, , ,N,0,0,0,3,0,1,4,1,N,N,39 57:35.640,75 10:44.403,421, ,413,2,1,3, , ,0,N, , , , , , , , ,1,1,0,0,0,0,0,0,0,0,1,0,1,0,0,0,0,0,0,1,0,0,0,0,0,0,0,0,0,0,0,0,0,0,0,3,0,39.9599,-75.179, , 
16990,186668,2016033099,6,67,67301,2016,3,4,1846,18,3,1,0,1,1, , ,N,0,2,0,3,0,1,7,3,N,N,40 04:17.979,75 02:15.591,1856, ,1850,1,1,2,N, ,3,N, , , , , , , , ,3,0,0,0,1,0,1,1,0,0,0,1,1,0,0,0,0,0,0,0,1,0,0,0,0,0,0,0,0,0,0,0,0,0,0,4,0,40.0717,-75.0377, , 
16991,186669,2016036471,6,67,67301,2016,3,5,225,2,3,1,0,8,6, , ,N,0,0,0,3,0,1,2,2,N,N,40 01:53.222,75 10:42.173,415, ,358, ,0, ,N, ,0, , , , , , , , , ,1,0,0,0,0,0,1,0,0,0,0,1,1,0,0,0,0,0,0,0,0,0,0,0,0,0,0,0,0,0,0,0,1,0,0,4,0,40.0315,-75.1784, , 
16992,186670,2016037914,6,67,67301,2016,4,2,429,4,3,2,1,7,5, , ,N,0,0,0,3,0,0,1,1,N,N,39 57:36.220,75 10:48.725,436, ,430,1,2,3, , ,0,N, , , , , , , , ,1,1,0,0,0,0,0,0,0,0,0,0,0,0,0,0,0,0,0,0,0,0,0,0,0,0,0,0,0,0,0,0,0,0,0,0,0,39.9601,-75.1802, , 
16993,189485,2016063486,6,67,67301,2016,6,5,1531,15,1,1,0,5,1, , ,N,0,0,0,3,0,1,2,2,N,N,40 01:00.551,75 05:49.292,1639, ,1631, ,0, ,N, ,0, , , , , , , , , ,2,1,0,0,0,0,0,1,0,0,0,1,1,0,0,0,0,0,0,0,1,0,0,1,0,0,0,0,0,0,0,0,0,0,0,4,0,40.0168,-75.097, , 
16994,189495,2016077380,6,67,67301,2016,7,6,1258,12,1,1,0,1,1, , ,N,0,0,0,3,0,2,4,2,N,N,39 57:28.983,75 09:50.504,1259, ,1258,1,1,3, , ,0,N, , , , , , , , ,2,2,0,0,0,0,0,0,0,0,0,0,2,2,0,0,0,0,0,0,1,0,0,0,0,0,0,0,0,0,0,0,0,0,0,8,0,39.9581,-75.164, , 
16995,189497,2016081445,6,67,67301,2016,6,7,1035,10,1,1,0,4,1, , ,N,1,2,0,3,0,1,7,2,N,N,39 58:32.718,75 14:30.598,1045, ,1045, ,0, ,N, ,3, , , , , , , , , ,2,0,0,0,0,0,2,0,0,0,0,0,1,1,0,0,0,0,0,0,1,0,0,1,0,0,0,0,0,0,0,0,0,0,0,8,0,39.9758,-75.2418, , 
16996,189529,2016047033,6,67,67301,2016,4,2,9999,99,3,1,0,1,1, , ,N,1,2,0,3,0,2,3,2,N,N,39 57:32.806,75 09:29.825,2115, ,2111,2,2,2,N, ,3,N, , , , , , , , ,2,1,0,1,0,0,0,0,0,0,2,0,2,0,0,0,0,0,0,0,0,0,0,0,0,0,0,0,0,0,0,0,0,0,0,3,1,39.9591,-75.1583, , 
16997,189535,2016054239,6,67,67301,2016,5,2,1752,17,2,1,0,1,1, , ,N,0,0,0,3,0,2,3,3,N,N,39 57:26.617,75 08:49.702,1803, ,1753, ,0, , , ,0, , , , , , , , , ,3,3,0,0,0,0,0,0,0,0,1,1,2,0,0,0,0,0,0,0,0,0,0,0,0,0,0,0,0,0,0,0,0,0,0,3,0,39.9574,-75.1471, , 