objectid_1,objectid,crn,district,county,municipality,crash_year,crash_month,day_of_week,time_of_day,hour_of_day,illumination,weather,road_condition,collision_type,relation_to_road,work_zone_type,work_zone_loc,work_zone_ind,intersect_type,tcd_type,location_type,urban_rural,fatal_count,injury_count,person_count,total_units,sch_bus_ind,sch_zone_ind,latitude,longitude,arrival_tm,cons_zone_spd_lim,dispatch_tm,est_hrs_closed,lane_closed,ln_close_dir,ntfy_hiwy_maint,spec_juris_cd,tcd_func_cd,tfc_detour_ind,workers_pres,wz_close_detour,wz_flagger,wz_law_offcr_ind,wz_ln_closure,wz_moving,wz_other,wz_shlder_mdn,vehicle_count,automobile_count,motorcycle_count,bus_count,small_truck_count,heavy_truck_count,suv_count,van_count,bicycle_count,maj_inj_count,mod_inj_count,min_inj_count,tot_inj_count,unk_inj_deg_count,unk_inj_per_count,driver_count_16yr,driver_count_17yr,driver_count_18yr,driver_count_19yr,driver_count_20yr,driver_count_50_64yr,driver_count_65_74yr,driver_count_75plus,unbelted_occ_count,unb_death_count,unb_maj_inj_count,belted_death_count,belted_maj_inj_count,mcycle_death_count,mcycle_maj_inj_count,bicycle_death_count,bicycle_maj_inj_count,ped_count,ped_death_count,ped_maj_inj_count,max_severity_level,comm_veh_count,dec_lat,dec_long,rdwy_surf_type_cd,county_name
17268,187425,2016068648,6,67,67301,2016,6,7,2308,23,2,1,0,6,1, , ,N,0,0,0,3,0,2,4,2,N, ,40 03:30.692,75 04:43.320,2335, ,2330, ,0, , , ,0, , , , , , , , , ,2,2,0,0,0,0,0,0,0,0,0,0,2,2,0,0,0,0,0,1,0,0,0,2,0,0,0,0,0,0,0,0,0,0,0,8,0,40.0585,-75.0787, , 
17269,187448,2016103370,6,67,67301,2016,10,5,1005,10,1,1,0,5,1, , ,N,0,0,0,3,0,0,4,2,N,N,39 56:10.944,75 11:57.920,1040, ,1006, ,0, , , ,0, , , , , , , , , ,2,1,0,0,0,0,1,0,0,0,0,0,0,0,1,0,0,0,0,0,0,0,0,0,0,0,0,0,0,0,0,0,0,0,0,9,0,39.9364,-75.1994, , 
17270,187449,2016091624,6,67,67301,2016,8,6,2345,23,3,1,0,1,1, , ,N,1,2,0,3,0,4,6,4,N, ,40 03:35.455,75 07:59.822,15, ,9,3,1,3, , ,3,Y, , , , , , , , ,4,3,0,0,0,0,1,0,0,0,0,4,4,0,0,0,0,0,0,0,1,1,0,0,0,0,0,0,0,0,0,0,0,0,0,4,0,40.0598,-75.1334, , 
17271,187457,2016053666,6,67,67301,2016,5,1,1100,11,1,1,0,1,1, , ,N,0,0,0,3,0,0,3,2,N,N,40 02:06.105,75 02:56.738,1115, ,1110, ,0, ,N, ,0, , , , , , , , , ,2,2,0,0,0,0,0,0,0,0,0,0,0,0,0,0,0,0,0,0,2,0,0,0,0,0,0,0,0,0,0,0,0,0,0,0,0,40.035,-75.0491, , 
17272,187462,2016058599,6,67,67301,2016,5,1,1700,17,1,1,0,4,1, , ,N,1,3,0,3,0,1,3,2,N,N,39 55:44.014,75 08:48.098,1710, ,1704, ,0, ,N, ,3, , , , , , , , , ,2,2,0,0,0,0,0,0,0,0,0,0,1,1,0,0,0,0,0,0,0,0,0,0,0,0,0,0,0,0,0,0,0,0,0,8,0,39.9289,-75.1467, , 
17273,187475,2016070664,6,67,67301,2016,6,2,1250,12,1,1,0,4,1, , ,N,2,2,0,3,0,0,2,2,N,N,40 05:04.541,75 01:29.594,1310, ,1250, ,0, ,N, ,3, , , , , , , , , ,2,1,0,0,0,0,1,0,0,0,0,0,0,0,0,0,0,0,0,0,1,0,0,0,0,0,0,0,0,0,0,0,0,0,0,0,0,40.0846,-75.0249, , 
17274,187496,2016097094,6,67,67301,2016,9,6,2323,23,3,1,0,1,1, , ,N,1,2,0,3,0,0,3,4,N,N,40 01:21.712,75 08:00.711,2325, ,2323, ,0, ,N, ,3, , , , , , , , , ,4,1,0,0,1,0,1,1,0,0,0,0,0,0,0,0,0,0,0,0,0,0,0,0,0,0,0,0,0,0,0,0,0,0,0,0,0,40.0227,-75.1335, , 
17275,187508,2016076363,6,67,67301,2016,7,5,1546,15,1,1,0,7,4, , ,N,0,0,2,3,0,0,1,1,N,N,40 00:28.668,75 04:11.277,1617, ,1556,1,1,1, , ,0,Y, , , , , , , , ,1,0,0,0,0,1,0,0,0,0,0,0,0,0,0,0,0,0,0,0,0,0,0,0,0,0,0,0,0,0,0,0,0,0,0,0,1,40.008,-75.0698, , 
17276,187518,2016080817,6,67,67301,2016,7,3,641,6,1,1,0,4,1, , ,N,1,1,0,3,0,3,3,2,N,N,39 57:20.839,75 13:32.687,801, ,758, ,0, ,N, ,2, , , , , , , , , ,2,2,0,0,0,0,0,0,0,0,0,0,3,3,0,0,0,0,0,0,0,0,1,0,0,0,0,0,0,0,0,0,0,0,0,8,0,39.9558,-75.2257, , 
17277,187520,2016084203,6,67,67301,2016,8,2,2010,20,3,1,0,5,1, , ,N,0,0,0,3,0,1,2,2,N,N,39 55:51.735,75 11:57.190,2017, ,2010,2,2,3, , ,0,N, , , , , , , , ,2,1,0,0,0,0,0,0,0,0,0,0,1,1,0,0,0,0,0,0,0,0,0,0,0,0,0,0,0,0,0,0,0,0,0,8,0,39.931,-75.1992, , 
17278,187524,2016084584,6,67,67301,2016,8,5,1300,13,1,1,0,8,1, , ,N,0,0,0,3,0,1,2,2,N,N,39 57:11.306,75 09:44.591,1800, ,1757, ,0, ,N, ,0, , , , , , , , , ,1,0,0,0,0,0,1,0,0,0,0,0,1,1,1,0,0,0,0,0,0,0,0,0,0,0,0,0,0,0,0,0,1,0,0,8,0,39.9531,-75.1624, , 
17279,187539,2016097740,6,67,67301,2016,9,5,917,9,1,2,1,4,1, , ,N,3,3,3,3,0,0,2,2,N,N,39 59:40.327,75 11:30.908,919, ,917, ,0, ,N, ,3, , , , , , , , , ,2,1,0,0,0,0,1,0,0,0,0,0,0,0,1,0,0,0,0,0,0,0,0,0,0,0,0,0,0,0,0,0,0,0,0,9,0,39.9945,-75.1919, , 
17280,187547,2016105673,6,67,67301,2016,9,2,1230,12,1,1,0,8,1, , ,N,3,0,2,3,0,1,2,2,N, ,39 57:46.468,75 10:42.900,1245, ,1244, ,0, , , ,0, , , , , , , , , ,1,1,0,0,0,0,0,0,0,0,0,1,1,0,0,0,0,0,0,0,0,1,0,1,0,0,0,0,0,0,0,0,1,0,0,4,0,39.9629,-75.1784, , 
17281,187549,2016105584,6,67,67301,2016,9,6,555,5,1,2,1,8,1, , ,N,0,0,0,3,0,1,2,2,N,N,40 03:46.351,75 03:06.266,635, ,618, ,0, ,N, ,0, , , , , , , , , ,1,1,0,0,0,0,0,0,0,0,1,0,1,0,0,0,0,0,0,0,0,1,0,0,0,0,0,0,0,0,0,0,1,0,0,3,0,40.0629,-75.0517, , 
17282,187554,2016049419,6,67,67301,2016,5,1,2307,23,3,1,0,4,1, , ,N,1,2,0,3,0,1,2,2,N,N,39 57:05.180,75 12:33.602,2307, ,2307, ,0, ,N, ,3, , , , , , , , , ,2,1,0,0,0,0,1,0,0,0,1,0,1,0,0,0,0,0,0,0,0,0,0,0,0,0,0,0,0,0,0,0,0,0,0,3,0,39.9514,-75.2093, , 
17283,187559,2016052356,6,67,67301,2016,5,5,1223,12,1,1,0,4,1, , ,N,1,3,0,3,0,1,4,3,N,N,40 00:28.101,75 06:12.751,1232, ,1229, ,0, ,N, ,3, , , , , , , , , ,3,2,0,0,0,0,1,0,0,0,0,1,1,0,0,0,0,0,0,0,1,0,0,0,0,0,0,0,0,0,0,0,0,0,0,4,0,40.0078,-75.1035, , 
17284,187561,2016063217,6,67,67301,2016,6,6,1536,15,1,1,0,1,1, , ,N,0,0,0,3,0,1,4,2,N,N,39 54:00.080,75 09:34.164,1549, ,1538, ,0, , , ,0, , , , , , , , , ,2,1,0,0,0,0,1,0,0,0,0,0,1,1,0,0,0,1,0,0,1,0,0,0,0,0,0,0,0,0,0,0,0,0,0,8,0,39.9,-75.1595, , 
17285,191757,2016019220,6,67,67301,2016,2,5,945,9,1,1,0,1,1, , ,N,0,0,0,3,0,0,2,2,N,N,40 01:58.536,75 01:13.795,950, ,948,2,2,1, , ,0,N, , , , , , , , ,2,0,0,0,0,0,2,0,0,0,0,0,0,0,0,0,0,0,0,0,2,0,0,0,0,0,0,0,0,0,0,0,0,0,0,0,0,40.0329,-75.0205, , 
17286,191759,2016026069,6,67,67301,2016,2,4,9999,99,1,2,1,2,1, , ,N,0,0,0,3,0,2,3,4,N,N,40 03:55.762,75 00:33.817,9999, ,9999,2,1,2,N, ,0,N, , , , , , , , ,4,1,0,0,0,0,2,1,0,0,0,0,2,2,0,0,0,0,0,0,1,1,0,1,0,0,0,0,0,0,0,0,0,0,0,8,0,40.0655,-75.0094, , 
17287,191761,2016029777,6,67,67301,2016,2,6,1339,13,1,1,0,5,1, , ,N,0,0,0,3,0,1,2,3,N,Y,40 02:37.359,75 09:04.456,1340, ,1340, ,0, , , ,0, , , , , , , , , ,2,1,0,0,0,0,1,0,0,0,1,0,1,0,0,0,0,0,0,0,0,0,0,0,0,0,0,0,0,0,0,0,1,0,0,3,0,40.0437,-75.1512, , 
17288,191763,2016033842,6,67,67301,2016,3,3,1452,14,1,2,1,4,1, , ,N,0,0,7,3,0,1,2,3,N, ,40 00:52.678,75 07:33.232,1455, ,1453, ,0, , , ,0, , , , , , , , , ,3,2,0,0,0,0,1,0,0,0,0,1,1,0,0,0,0,0,0,0,1,0,0,0,0,0,0,0,0,0,0,0,0,0,0,4,0,40.0146,-75.1259, , 
17289,191798,2016007834,6,67,67301,2016,1,6,323,3,3,1,0,7,5, , ,N,0,0,0,3,0,0,2,1,N,N,39 59:08.160,75 12:29.836,326, ,325,1,1,3, , ,0,N, , , , , , , , ,1,0,0,0,0,0,0,1,0,0,0,0,0,0,0,0,0,0,0,0,0,0,0,0,0,0,0,0,0,0,0,0,0,0,0,0,0,39.9856,-75.2083, , 
17290,191801,2016065659,6,67,67301,2016,6,6,1640,16,1,1,0,8,1, , ,N,0,0,0,3,0,1,2,2,N,N,40 02:29.371,75 07:16.575,1656, ,1654, ,0, ,N, ,0, , , , , , , , , ,1,1,0,0,0,0,0,0,0,0,1,0,1,0,0,0,0,0,0,0,0,0,0,0,0,0,0,0,0,0,0,0,1,0,0,3,0,40.0415,-75.1213, , 
17291,191818,2016089903,6,67,67301,2016,8,4,2117,21,3,1,0,8,1, , ,N,1,3,0,3,0,1,2,2,N,N,40 03:23.540,75 10:44.216,2120, ,2120, ,0, ,N, ,3, , , , , , , , , ,1,1,0,0,0,0,0,0,0,0,0,1,1,0,1,0,0,0,0,0,0,0,0,0,0,0,0,0,0,0,0,0,1,0,0,4,0,40.0565,-75.1789, , 
17292,191844,2016052367,6,67,67301,2016,4,1,752,7,1,1,0,4,1, , ,N,1,2,0,3,0,0,2,2,N,N,40 02:40.890,75 03:16.537,756, ,754,2,2,2,N, ,3,N, , , , , , , , ,2,2,0,0,0,0,0,0,0,0,0,0,0,0,0,0,0,0,0,0,1,0,0,0,0,0,0,0,0,0,0,0,0,0,0,0,0,40.0446,-75.0547, , 
17293,191846,2016056021,6,67,67301,2016,5,5,1125,11,1,1,0,4,1, , ,N,1,2,0,3,0,0,2,2,N,N,40 01:29.049,75 07:49.427,1140, ,1130, ,0, ,N, ,3, , , , , , , , , ,2,0,0,0,0,0,1,1,0,0,0,0,0,0,0,0,0,0,0,0,2,0,0,2,0,0,0,0,0,0,0,0,0,0,0,0,0,40.0247,-75.1304, , 
17294,191872,2016094653,6,67,67301,2016,9,3,1827,18,1,1,0,1,1, , ,N,0,0,0,3,0,1,6,3,N,N,40 02:40.530,75 00:09.184,1850, ,1827, ,0, , , ,0, , , , , , , , , ,3,1,0,0,0,0,2,0,0,0,0,0,1,1,0,0,0,1,0,0,0,0,0,0,0,0,0,0,0,0,0,0,0,0,0,8,0,40.0446,-75.0026, , 
17295,191884,2016089906,6,67,67301,2016,8,3,1604,16,1,1,0,4,1, , ,N,3,3,0,3,0,1,2,2,N,N,39 56:51.981,75 13:33.808,1615, ,1604, ,0, ,N, ,3, , , , , , , , , ,1,1,0,0,0,0,0,0,1,0,0,1,1,0,0,0,0,0,0,0,0,0,1,1,0,0,0,0,0,0,0,0,0,0,0,4,0,39.9478,-75.2261, , 
17296,191898,2016081049,6,67,67301,2016,7,4,1355,13,1,1,0,4,1, , ,N,1,3,0,3,0,1,2,2,N, ,39 57:46.688,75 09:26.881,1405, ,1400, ,0, , , ,3, , , , , , , , , ,2,1,0,0,0,0,1,0,0,0,0,1,1,0,0,0,0,0,0,0,0,0,0,0,0,0,0,0,0,0,0,0,0,0,0,4,0,39.963,-75.1575, , 
17297,191903,2016091194,6,67,67301,2016,8,2,1809,18,1,1,0,1,1, , ,N,0,0,0,3,0,0,2,2,N,N,39 58:22.317,75 11:37.751,1833, ,1814, ,0, , , ,0, , , , , , , , , ,2,1,0,0,0,0,1,0,0,0,0,0,0,0,0,0,0,0,0,0,1,0,0,0,0,0,0,0,0,0,0,0,0,0,0,0,0,39.9729,-75.1938, , 
17298,191904,2016080714,6,67,67301,2016,7,2,9999,99,1,1,1,1,1, , ,N,1,2,0,3,0,3,5,4,N, ,39 55:47.159,75 08:39.047,948, ,944, ,0, , , ,3, , , , , , , , , ,4,1,0,0,1,0,2,0,0,0,1,1,3,1,0,0,0,0,0,0,1,0,0,2,0,0,0,0,0,0,0,0,0,0,0,3,0,39.9298,-75.1442, , 
17299,191906,2016080475,6,67,67301,2016,7,7,1840,18,1,1,0,8,1, , ,N,0,0,0,3,0,1,2,2,N,N,39 57:52.733,75 11:48.958,825, ,820, ,0, ,N, ,0, , , , , , , , , ,1,0,0,0,0,0,1,0,0,0,0,1,1,0,0,0,0,0,0,0,0,0,0,0,0,0,0,0,0,0,0,0,1,0,0,4,0,39.9646,-75.1969, , 
17300,191917,2016090284,6,67,67301,2016,8,2,1230,12,1,1,0,6,1, , ,N,1,3,0,3,0,1,2,2,N,N,39 59:54.668,75 09:55.007,1730, ,1313, ,0, ,N, ,3, , , , , , , , , ,1,1,0,0,0,0,0,0,1,0,0,0,1,1,1,0,0,0,0,0,0,0,0,0,0,0,0,0,0,0,0,0,0,0,0,8,0,39.9985,-75.1653, , 
17301,191927,2016120465,6,67,67301,2016,10,5,730,7,1,1,0,8,1, , ,N,0,0,0,3,0,1,2,2,N, ,40 03:25.062,75 04:33.543,739, ,736, ,0, , , ,0, , , , , , , , , ,1,0,0,0,0,0,0,1,0,0,0,0,1,1,0,0,0,0,0,0,0,0,0,0,0,0,0,0,0,0,0,0,1,0,0,8,0,40.057,-75.076, , 
17302,191950,2016015217,6,46,46102,2016,2,2,1626,16,1,1,0,1,1, , ,N,2,0,0,3,0,1,2,2,N,N,40 04:33.941,75 09:42.795,1629, ,1626, ,0, ,N, ,0, , , , , , , , , ,2,2,0,0,0,0,0,0,0,0,0,0,1,1,0,0,0,0,0,0,0,0,0,0,0,0,0,0,0,0,0,0,0,0,0,8,0,40.0761,-75.1619, , 
17303,181399,2016080877,6,67,67301,2016,6,1,1810,18,1,1,0,5,6, , ,N,0,0,0,3,0,1,1,4,N,N,40 00:32.269,75 08:56.171,1828, ,1811, ,0, ,N, ,0, , , , , , , , , ,4,4,0,0,0,0,0,0,0,0,0,1,1,0,0,0,0,0,0,0,0,0,0,0,0,0,0,0,0,0,0,0,0,0,0,4,0,40.009,-75.1489, , 
17304,181401,2016082332,6,67,67301,2016,7,4,1011,10,1,1,0,2,6, , ,N,0,0,0,3,1,0,1,5,N,N,40 00:20.500,75 06:33.500,1218, ,1216, ,0, ,N,0,0, , , , , , , , , ,5,1,0,0,1,0,0,0,0,0,0,0,0,0,0,0,0,0,0,0,0,0,0,0,0,0,0,0,0,0,0,0,0,0,0,1,0,40.0057,-75.1093,2, 
17305,181408,2016082306,6,67,67301,2016,7,4,1800,18,1,1,0,1,1, , ,N,1,2,0,3,0,0,2,2,N,N,40 01:53.934,75 12:27.524,1820, ,1815, ,0, ,N, ,3, , , , , , , , , ,2,0,0,0,1,0,1,0,0,0,0,0,0,0,0,0,0,0,0,0,1,0,0,0,0,0,0,0,0,0,0,0,0,0,0,0,0,40.0316,-75.2076, , 
17306,181432,2016117672,6,67,67301,2016,10,7,51,0,3,1,0,5,6, , ,N,0,0,0,3,0,1,1,2,N,N,39 55:09.300,75 09:36.205,146, ,51, ,0, ,N, ,0, , , , , , , , , ,2,0,1,0,1,0,0,0,0,0,0,1,1,0,0,0,0,0,0,0,0,0,0,0,0,0,0,0,0,0,0,0,0,0,0,4,0,39.9193,-75.1601, , 
17307,181450,2016022453,6,67,67301,2016,2,3,1053,10,1,1,0,8,1, , ,N,0,0,0,3,0,1,2,2,N,N,40 01:47.484,75 02:08.458,1100, ,1054, ,0, ,N, ,0, , , , , , , , , ,1,0,0,0,0,0,0,1,0,0,0,0,1,1,0,0,0,0,0,0,1,0,0,0,0,0,0,0,0,0,0,0,1,0,0,8,0,40.0299,-75.0357, , 
17308,181465,2016047765,6,67,67301,2016,4,6,919,9,1,1,0,4,1, , ,N,1,2,0,3,0,1,3,2,N, ,39 58:11.966,75 08:35.145,922, ,919,1,2,2, , ,3,Y, , , , , , , , ,2,2,0,0,0,0,0,0,0,0,0,1,1,0,0,0,0,0,0,0,0,0,0,0,0,0,0,0,0,0,0,0,0,0,0,4,0,39.9699,-75.1431, , 
17309,181466,2016048540,6,67,67301,2016,4,7,2045,20,3,1,0,7,4, , ,N,0,0,0,3,0,1,1,1,N,N,39 58:01.904,75 11:31.974,2048, ,2046, ,0, , , ,0, , , , , , , , , ,1,0,0,0,0,0,1,0,0,0,0,0,1,1,0,0,0,0,0,0,1,0,0,0,0,0,0,0,0,0,0,0,0,0,0,8,0,39.9672,-75.1922, , 
17310,181485,2016053639,6,67,67301,2016,4,6,1658,16,1,1,0,1,1, , ,N,1,0,0,3,0,2,5,2,N,N,40 03:16.301,75 05:26.793,1708, ,1703,2,1,2, , ,0,N, , , , , , , , ,2,2,0,0,0,0,0,0,0,0,0,2,2,0,0,0,0,0,0,0,0,1,0,0,0,0,0,0,0,0,0,0,0,0,0,4,0,40.0545,-75.0908, , 
17311,181496,2016073660,6,67,67301,2016,7,4,1714,17,3,1,0,1,1, , ,N,0,0,4,3,0,0,2,2,N,N,39 56:36.277,75 08:33.901,1718, ,1718, ,0, , , ,0, , , , , , , , , ,2,1,0,0,0,1,0,0,0,0,0,0,0,0,0,0,0,0,0,0,1,0,0,0,0,0,0,0,0,0,0,0,0,0,0,0,1,39.9434,-75.1428, , 
17312,181512,2016084563,6,67,67301,2016,8,2,1020,10,1,1,0,1,1, , ,N,5,2,1,3,0,1,2,2,N,N,39 59:42.637,75 06:56.944,1038, ,1036, ,0, ,N, ,3, , , , , , , , , ,2,0,0,0,0,0,1,1,0,0,1,0,1,0,0,0,0,0,0,0,1,0,0,0,0,0,0,0,0,0,0,0,0,0,0,3,0,39.9952,-75.1158, , 
17313,181522,2016092514,6,67,67301,2016,9,6,1145,11,1,1,0,8,1, , ,N,1,3,0,3,0,1,2,2,N,N,39 58:46.297,75 09:08.071,1206, ,1204, ,0, ,N, ,3, , , , , , , , , ,1,0,0,0,0,0,1,0,0,0,0,0,1,1,0,0,0,0,0,0,1,0,0,1,0,0,0,0,0,0,0,0,1,0,0,8,0,39.9795,-75.1522, , 
17314,181528,2016119141,6,67,67301,2016,10,4,1434,14,1,1,0,4,1, , ,N,1,3,0,3,0,1,3,4,N, ,40 01:41.931,75 04:28.236,1506, ,1502,2,1,1, , ,3,N, , , , , , , , ,4,3,0,0,0,0,0,0,0,0,0,1,1,0,0,0,0,0,0,0,2,0,0,1,0,0,0,0,0,0,0,0,0,0,0,4,0,40.0283,-75.0744, , 
17315,181529,2016117737,6,67,67301,2016,10,6,1437,14,1,1,0,4,1, , ,N,0,0,0,3,0,0,2,2,N,N,40 00:45.991,75 11:32.857,1445, ,1427, ,0, , , ,0, , , , , , , , , ,2,1,0,0,0,0,1,0,0,0,0,0,0,0,0,0,0,0,0,0,0,0,0,0,0,0,0,0,0,0,0,0,0,0,0,0,0,40.0128,-75.1925, , 
17316,181531,2016060881,6,67,67301,2016,5,3,1109,11,1,1,0,5,1, , ,N,0,0,0,3,0,1,3,3,N,N,39 58:27.523,75 11:39.342,1116, ,1112,2,1,3, , ,0,N, , , , , , , , ,3,1,0,0,0,1,1,0,0,0,1,0,1,0,0,0,0,0,0,0,0,0,0,0,0,0,0,0,0,0,0,0,0,0,0,3,1,39.9743,-75.1943, , 
17317,181536,2016064152,6,67,67301,2016,6,3,617,6,1,1,0,1,1, , ,N,0,0,0,3,0,2,5,5,N,N,39 58:49.241,75 12:20.172,624, ,622,2,2,3, , ,0,N, , , , , , , , ,5,2,0,0,0,0,3,0,0,0,2,0,2,0,0,0,0,0,0,0,2,0,0,0,0,0,0,0,0,0,0,0,0,0,0,3,0,39.9803,-75.2056, , 
17318,181542,2016017034,6,67,67301,2016,1,3,1840,18,3,1,0,8,1, , ,N,1,2,0,3,0,1,2,2,N, ,40 03:37.862,75 03:26.035,1840, ,1840, ,0, , , ,3, , , , , , , , , ,1,1,0,0,0,0,0,0,0,0,0,1,1,0,1,0,0,0,0,0,0,0,0,0,0,0,0,0,0,0,0,0,1,0,0,4,0,40.0605,-75.0572, , 
17319,181559,2016032025,6,67,67301,2016,3,4,1631,16,1,1,0,8,1, , ,N,3,0,0,3,0,1,2,2,N,N,39 56:51.981,75 13:33.808,1638, ,1634, ,0, , , ,0, , , , , , , , , ,1,1,0,0,0,0,0,0,0,0,0,1,1,0,0,0,0,0,0,0,0,1,0,0,0,0,0,0,0,0,0,0,1,0,0,4,0,39.9478,-75.2261, , 
17320,181564,2016040939,6,67,67301,2016,4,1,350,3,3,1,0,1,6, , ,N,0,0,0,3,0,4,4,2,N,N,39 56:42.473,75 13:15.181,430, ,424,2,1,3,N, ,0,N, , , , , , , , ,2,1,0,0,0,0,0,1,0,0,0,4,4,0,0,0,0,0,0,0,0,0,0,0,0,0,0,0,0,0,0,0,0,0,0,4,0,39.9451,-75.2209, , 
17321,184189,2016080145,6,67,67301,2016,7,2,141,1,3,1,0,8,1, , ,N,1,0,0,3,0,1,2,2,N, ,40 01:38.150,75 07:57.039,154, ,151,3,1,1, , ,0,N, , , , , , , , ,1,1,0,0,0,0,0,0,0,1,0,0,1,0,0,0,0,0,0,0,1,0,0,0,0,0,0,0,0,0,0,0,1,0,1,2,0,40.0273,-75.1325, , 
17322,184197,2016084186,6,67,67301,2016,7,6,838,8,1,2,1,6,1, , ,N,0,0,0,3,0,1,2,2,N,N,39 56:36.550,75 08:34.909,858, ,838, ,0, , , ,0, , , , , , , , , ,2,2,0,0,0,0,0,0,0,0,0,0,1,1,0,0,0,0,0,0,0,1,0,0,0,0,0,0,0,0,0,0,0,0,0,8,0,39.9435,-75.143, , 
17323,184198,2016092562,6,67,67301,2016,8,3,1817,18,1,1,0,8,1, , ,N,0,0,0,3,0,1,2,2,N,N,39 57:43.787,75 13:13.423,1820, ,1817, ,0, ,N, ,0, , , , , , , , , ,1,1,0,0,0,0,0,0,0,0,0,1,1,0,0,0,0,0,0,0,0,0,0,0,0,0,0,0,0,0,0,0,1,0,0,4,0,39.9622,-75.2204, , 
17324,184199,2016092120,6,67,67301,2016,8,5,58,0,3,1,0,5,6, , ,N,0,0,0,3,0,2,3,4,N,N,40 01:20.397,75 13:06.792,58, ,58, ,0, ,N, ,0, , , , , , , , , ,3,1,0,0,0,0,1,0,0,1,0,1,2,0,0,0,0,0,0,0,0,0,0,0,0,0,0,0,0,0,0,0,1,0,1,2,0,40.0223,-75.2186, , 
17325,184211,2016108559,6,67,67301,2016,10,2,908,9,1,1,0,4,1, , ,N,1,0,0,3,0,1,2,2,N,N,40 01:13.458,75 08:24.453,914, ,912, ,0, ,N, ,0, , , , , , , , , ,2,0,0,0,0,1,0,1,0,0,0,1,1,0,0,0,0,0,0,0,0,0,0,0,0,0,0,0,0,0,0,0,0,0,0,4,1,40.0204,-75.1401, , 
17326,184215,2016105912,6,67,67301,2016,9,7,822,8,1,1,0,4,1, , ,N,2,2,7,3,0,1,3,2,N,N,40 02:37.146,75 01:18.710,833, ,832, ,0, ,N, ,3, , , , , , , , , ,2,0,0,0,0,0,2,0,0,0,0,1,1,0,0,0,0,0,0,0,1,0,0,2,0,0,0,0,0,0,0,0,0,0,0,4,0,40.0437,-75.0219, , 
17327,184217,2016105647,6,67,67301,2016,9,2,930,9,1,1,0,4,1, , ,N,5,2,2,3,0,1,2,2,N,N,39 57:27.542,75 09:44.544,1100, ,1054, ,0, ,N, ,3, , , , , , , , , ,1,1,0,0,0,0,0,0,1,0,0,0,1,1,0,0,0,0,0,0,1,0,0,0,0,0,0,0,0,0,0,0,0,0,0,8,0,39.9577,-75.1624, , 
17328,184226,2016097660,6,67,67301,2016,9,3,210,2,6,1,1,4,1, , ,N,1,2,0,3,0,1,2,2,N, ,40 01:28.408,75 07:50.218,220, ,210,2,1,2, , ,3,N, , , , , , , , ,2,2,0,0,0,0,0,0,0,0,0,1,1,0,0,0,0,0,0,1,0,0,0,0,0,0,0,0,0,0,0,0,0,0,0,4,0,40.0246,-75.1306, , 
17329,184238,2016081048,6,67,67301,2016,6,4,915,9,1,1,0,4,1, , ,N,0,0,7,3,0,1,2,2,N,N,39 57:03.547,75 09:18.875,925, ,915,1,1,1,N, ,0,N, , , , , , , , ,2,1,0,0,0,0,1,0,0,0,0,1,1,0,0,0,0,0,0,0,1,0,0,0,0,0,0,0,0,0,0,0,0,0,0,4,0,39.951,-75.1552, , 
17330,184245,2016086454,6,67,67301,2016,8,7,1824,18,1,2,7,1,1, , ,N,0,0,0,3,0,1,4,2,N,N,40 02:26.199,75 00:20.282,1844, ,1830, ,0, , , ,0, , , , , , , , , ,2,2,0,0,0,0,0,0,0,0,1,0,1,0,0,0,0,0,0,0,0,1,0,0,0,0,0,0,0,0,0,0,0,0,0,3,0,40.0406,-75.0056, , 
17331,184249,2016096287,6,67,67301,2016,9,7,1415,14,1,1,0,7,2, , ,N,0,0,0,3,0,1,1,1,N,N,39 59:58.643,75 04:49.238,1455, ,1427,1,1,2, , ,0,N, , , , , , , , ,1,0,0,0,1,0,0,0,0,0,0,0,1,1,0,0,0,0,0,0,0,0,0,0,0,0,0,0,0,0,0,0,0,0,0,8,0,39.9996,-75.0803, , 
17332,184258,2016099175,6,67,67301,2016,9,6,1415,14,1,1,0,1,1,1,4,Y,0,0,0,3,0,0,6,4,N,N,39 57:33.075,75 10:20.316,1508,50,1435,2,2,4, , ,0,N,N,N,N,N,N,N,N,Y,4,1,0,0,0,1,1,1,0,0,0,0,0,0,1,0,0,0,0,0,0,1,0,0,0,0,0,0,0,0,0,0,0,0,0,9,1,39.9592,-75.1723, , 
17333,184264,2016102559,6,67,67301,2016,10,1,1844,18,3,1,0,1,1, , ,N,0,0,0,3,0,1,4,2,N,N,39 57:28.151,75 09:41.257,1914, ,1849, ,0, , , ,0, , , , , , , , , ,2,0,0,0,0,0,2,0,0,0,1,0,1,0,0,0,0,0,0,0,2,0,0,0,0,0,0,0,0,0,0,0,0,0,0,3,0,39.9578,-75.1615, , 
17334,184267,2016105679,6,67,67301,2016,9,6,1533,15,1,1,0,4,1, , ,N,0,0,0,3,0,1,3,2,N, ,40 01:28.697,75 04:36.308,1550, ,1538,2,1,1, , ,0,N, , , , , , , , ,2,0,0,0,0,0,2,0,0,0,1,0,1,0,2,0,0,0,0,0,0,0,0,0,0,0,0,0,0,0,0,0,0,0,0,3,0,40.0246,-75.0768, , 