objectid_1,objectid,crn,district,county,municipality,crash_year,crash_month,day_of_week,time_of_day,hour_of_day,illumination,weather,road_condition,collision_type,relation_to_road,work_zone_type,work_zone_loc,work_zone_ind,intersect_type,tcd_type,location_type,urban_rural,fatal_count,injury_count,person_count,total_units,sch_bus_ind,sch_zone_ind,latitude,longitude,arrival_tm,cons_zone_spd_lim,dispatch_tm,est_hrs_closed,lane_closed,ln_close_dir,ntfy_hiwy_maint,spec_juris_cd,tcd_func_cd,tfc_detour_ind,workers_pres,wz_close_detour,wz_flagger,wz_law_offcr_ind,wz_ln_closure,wz_moving,wz_other,wz_shlder_mdn,vehicle_count,automobile_count,motorcycle_count,bus_count,small_truck_count,heavy_truck_count,suv_count,van_count,bicycle_count,maj_inj_count,mod_inj_count,min_inj_count,tot_inj_count,unk_inj_deg_count,unk_inj_per_count,driver_count_16yr,driver_count_17yr,driver_count_18yr,driver_count_19yr,driver_count_20yr,driver_count_50_64yr,driver_count_65_74yr,driver_count_75plus,unbelted_occ_count,unb_death_count,unb_maj_inj_count,belted_death_count,belted_maj_inj_count,mcycle_death_count,mcycle_maj_inj_count,bicycle_death_count,bicycle_maj_inj_count,ped_count,ped_death_count,ped_maj_inj_count,max_severity_level,comm_veh_count,dec_lat,dec_long,rdwy_surf_type_cd,county_name
17673,182312,2016013976,6,67,67301,2016,1,3,645,6,3,1,0,4,1, , ,N,2,2,0,3,0,0,3,3,N,N,40 01:32.799,75 07:24.507,700, ,645, ,0, ,N, ,3, , , , , , , , , ,3,3,0,0,0,0,0,0,0,0,0,0,0,0,1,0,0,0,0,0,1,0,0,0,0,0,0,0,0,0,0,0,0,0,0,9,0,40.0258,-75.1235, , 
17674,182358,2016070656,6,67,67301,2016,6,2,9999,99,1,1,0,4,1, , ,N,1,2,0,3,0,2,3,3,N,N,40 01:35.354,75 06:28.851,1740, ,1733,3,2,5,N, ,3,Y, , , , , , , , ,3,2,0,0,0,0,1,0,0,0,2,0,2,0,1,0,0,0,0,0,0,0,0,0,0,0,0,0,0,0,0,0,0,0,0,3,0,40.0264,-75.1079, , 
17675,182370,2016080901,6,67,67301,2016,7,6,500,5,1,1,0,8,1, , ,N,2,0,0,3,0,1,2,2,N, ,39 59:03.710,75 06:46.713,600, ,555, ,0, , , ,0, , , , , , , , , ,1,1,0,0,0,0,0,0,0,0,0,1,1,0,0,0,0,0,0,0,0,0,0,0,0,0,0,0,0,0,0,0,1,0,0,4,0,39.9844,-75.113, , 
17676,182399,2016063175,6,67,67301,2016,6,3,1754,17,1,1,0,1,1, , ,N,0,0,0,3,0,0,4,4,N,N,40 00:31.733,75 12:17.925,1805, ,1804, ,0, , , ,0, , , , , , , , , ,4,1,0,0,0,0,3,0,0,0,0,0,0,0,0,0,0,0,0,1,0,0,0,0,0,0,0,0,0,0,0,0,0,0,0,0,0,40.0088,-75.205, , 
17677,182404,2016068690,6,67,67301,2016,6,3,1530,15,1,1,0,4,1, , ,N,5,2,0,3,0,1,2,2,N,N,39 54:47.100,75 14:35.859,1539, ,1531, ,0, ,N, ,3, , , , , , , , , ,2,1,0,0,0,0,1,0,0,0,0,0,1,1,0,0,0,0,0,0,1,0,0,0,0,0,0,0,0,0,0,0,0,0,0,8,0,39.9131,-75.2433, , 
17678,182413,2016080478,6,67,67301,2016,6,5,1222,12,1,1,0,8,1, , ,N,0,0,0,3,0,1,2,2,N,N,39 57:03.576,75 09:09.845,1229, ,1224, ,0, ,N, ,0, , , , , , , , , ,1,0,0,0,0,0,1,0,0,0,0,0,1,1,0,0,0,0,0,0,0,0,0,0,0,0,0,0,0,0,0,0,1,0,0,8,0,39.951,-75.1527, , 
17679,182415,2016087204,6,67,67301,2016,8,6,1215,12,1,1,0,8,6, , ,N,0,0,0,3,0,1,3,2,N,N,39 57:06.862,75 09:36.956,1225, ,1220, ,0, ,N, ,0, , , , , , , , , ,1,1,0,0,0,0,0,0,0,0,0,1,1,0,0,0,0,0,0,0,1,0,0,0,0,0,0,0,0,0,0,0,1,0,0,4,0,39.9519,-75.1603, , 
17680,182416,2016087153,6,67,67301,2016,8,4,1704,17,1,1,0,1,1, , ,N,3,0,2,3,0,1,2,2,N,N,40 00:25.328,75 04:26.360,1750, ,1742,2,1,2,Y, ,0,N, , , , , , , , ,2,0,0,0,0,0,2,0,0,0,0,1,1,0,0,0,0,0,0,0,1,0,0,0,0,0,0,0,0,0,0,0,0,0,0,4,0,40.007,-75.074, , 
17681,182417,2016084617,6,67,67301,2016,8,7,203,2,3,1,0,5,6, , ,N,0,0,0,3,0,0,1,3,N,N,39 58:10.776,75 13:28.095,354, ,237, ,0, ,N, ,0, , , , , , , , , ,3,2,0,0,1,0,0,0,0,0,0,0,0,0,1,0,0,0,0,0,0,0,0,0,0,0,0,0,0,0,0,0,0,0,0,9,0,39.9697,-75.2245, , 
17682,182432,2016089917,6,67,67301,2016,8,5,2320,23,3,1,0,4,1, , ,N,1,2,0,3,0,1,2,2,N, ,39 57:13.719,75 09:59.863,2323, ,2323, ,0, , , ,3, , , , , , , , , ,1,0,0,0,1,0,0,0,1,0,0,1,1,0,0,0,0,0,0,0,0,0,0,0,0,0,0,0,0,0,0,0,0,0,0,4,0,39.9538,-75.1666, , 
17683,182453,2016072924,6,67,67301,2016,7,3,604,6,5,2,1,7,3, , ,N,0,0,2,3,0,0,1,1,N,N,39 57:40.613,75 10:57.306,701, ,643, ,0, , , ,0, , , , , , , , , ,1,0,0,0,0,0,1,0,0,0,0,0,0,0,0,0,0,0,0,0,1,0,0,0,0,0,0,0,0,0,0,0,0,0,0,0,0,39.9613,-75.1826, , 
17684,182459,2016080777,6,67,67301,2016,7,7,850,8,3,1,0,6,1, , ,N,2,0,0,3,0,0,1,2,N,N,40 01:15.729,75 04:32.087,2110, ,2100, ,0, ,N, ,0, , , , , , , , , ,2,0,0,0,0,0,0,2,0,0,0,0,0,0,0,0,0,0,0,0,0,0,0,1,0,0,0,0,0,0,0,0,0,0,0,0,0,40.021,-75.0756, , 
17685,182460,2016082226,6,67,67301,2016,7,2,1735,17,1,1,1,1,1, , ,N,0,0,0,3,0,0,2,2,N, ,40 05:08.429,74 58:11.505,1735, ,1735,9,1,3, , ,0,N, , , , , , , , ,2,1,0,0,0,1,0,0,0,0,0,0,0,0,0,0,0,0,0,0,1,0,0,0,0,0,0,0,0,0,0,0,0,0,0,0,1,40.0857,-74.9699, , 
17686,185246,2016062536,6,67,67301,2016,5,3,825,8,1,1,0,4,1, , ,N,1,2,0,3,0,1,4,2,N,N,39 58:10.453,75 12:41.538,833, ,830, ,0, ,N, ,3, , , , , , , , , ,2,1,0,0,0,0,0,1,0,0,0,0,1,1,0,0,0,0,0,0,0,0,0,0,0,0,0,0,0,0,0,0,0,0,0,8,0,39.9697,-75.2115, , 
17687,185254,2016068627,6,67,67301,2016,7,5,1240,12,1,1,0,7,4, , ,N,2,3,0,3,0,1,1,4,N,N,39 57:14.436,75 11:44.702,1348, ,1345,1,1,2,N, ,3,N, , , , , , , , ,4,3,0,0,0,0,1,0,0,1,0,0,1,0,0,0,0,0,0,0,0,0,0,1,0,1,0,0,0,0,0,0,0,0,0,2,0,39.954,-75.1958, , 
17688,185273,2016087125,6,67,67301,2016,8,7,730,7,1,1,0,4,1, , ,N,1,2,0,3,0,2,3,2,N,N,39 59:48.498,75 06:12.070,910, ,906, ,0, , , ,3, , , , , , , , , ,2,2,0,0,0,0,0,0,0,0,0,2,2,0,0,0,0,0,0,0,2,0,0,0,0,0,0,0,0,0,0,0,0,0,0,4,0,39.9968,-75.1034, , 
17689,185278,2016080528,6,67,67301,2016,7,7,1752,17,4,1,0,1,1, , ,N,2,2,0,3,0,0,5,2,N, ,40 04:32.781,74 58:45.641,1758, ,1757, ,0, , , ,3, , , , , , , , , ,2,2,0,0,0,0,0,0,0,0,0,0,0,0,0,0,0,0,0,0,0,1,0,0,0,0,0,0,0,0,0,0,0,0,0,0,0,40.0758,-74.9792, , 
17690,185308,2016080180,6,67,67301,2016,6,5,910,9,1,2,1,4,1, , ,N,0,0,0,3,0,0,3,2,N, ,40 01:41.813,75 05:44.074,920, ,912, ,0, , , ,0, , , , , , , , , ,2,1,0,0,0,0,0,1,0,0,0,0,0,0,0,0,0,0,0,0,0,1,0,0,0,0,0,0,0,0,0,0,0,0,0,0,0,40.0283,-75.0956, , 
17691,185309,2016080256,6,67,67301,2016,6,1,330,3,3,1,0,5,6, , ,N,0,0,0,3,0,0,1,3,N,N,40 03:18.216,75 09:24.174,345, ,339, ,0, ,N, ,0, , , , , , , , , ,3,1,0,0,0,0,1,1,0,0,0,0,0,0,0,0,0,0,0,0,0,0,0,1,0,0,0,0,0,0,0,0,0,0,0,0,0,40.0551,-75.1567, , 
17692,185313,2016080611,6,67,67301,2016,7,1,1255,12,1,1,0,4,1, , ,N,1,3,0,3,0,1,3,2,N,N,40 02:08.311,75 10:12.701,9999, ,9999, ,0, , , ,3, , , , , , , , , ,2,0,0,0,0,0,0,2,0,0,0,0,1,1,2,0,0,0,0,0,1,0,0,0,0,0,0,0,0,0,0,0,0,0,0,8,0,40.0356,-75.1702, , 
17693,185314,2016082189,6,67,67301,2016,7,4,1652,16,1,1,0,8,1, , ,N,1,2,0,3,0,1,2,2,N, ,39 57:01.915,75 08:56.073,1654, ,1652, ,0, , , ,3, , , , , , , , , ,1,0,0,0,0,0,1,0,0,0,1,0,1,0,0,0,0,0,0,0,1,0,0,0,0,0,0,0,0,0,0,0,1,0,0,3,0,39.9505,-75.1489, , 
17694,185318,2016082215,6,67,67301,2016,7,3,9999,99,3,9,8,8,1, , ,N,2,0,0,3,0,1,2,2,N, ,39 55:23.847,75 13:27.433,9999, ,9999, ,0, , , ,0, , , , , , , , , ,1,0,0,0,0,0,0,0,0,0,0,1,1,0,0,0,0,0,0,0,0,0,0,0,0,0,0,0,0,0,0,0,1,0,0,4,0,39.9233,-75.2243, , 
17695,185321,2016097171,6,67,67301,2016,8,1,730,7,1,1,0,5,6, , ,N,0,0,0,3,0,3,3,2,N,N,39 57:21.504,75 10:59.518,803, ,800,2,2,4,N, ,0,Y, , , , , , , , ,2,1,0,1,0,0,0,0,0,0,0,0,3,3,0,0,0,0,0,0,0,0,0,1,0,0,0,0,0,0,0,0,0,0,0,8,1,39.956,-75.1832, , 
17696,185327,2016097661,6,67,67301,2016,8,6,2,0,3,1,0,7,4, , ,N,7,0,8,3,0,1,2,2,N,N,40 00:42.920,75 12:17.697,10, ,2,9,1,1,N, ,0,N, , , , , , , , ,1,1,0,0,0,0,0,0,0,1,0,0,1,0,0,0,0,0,0,0,0,0,0,0,0,0,0,0,0,0,0,0,0,0,0,2,0,40.014,-75.2046, , 
17697,185359,2016080336,6,67,67301,2016,6,4,750,7,1,1,0,1,1, , ,N,0,0,0,3,0,2,4,4,N,N,40 01:21.781,75 08:14.708,805, ,758,2,1,2,N, ,0,N, , , , , , , , ,4,0,0,0,1,0,2,1,0,0,0,0,2,2,0,0,0,0,0,0,1,0,0,1,0,0,0,0,0,0,0,0,0,0,0,8,0,40.0227,-75.1374, , 
17698,185369,2016080322,6,67,67301,2016,7,2,1400,14,1,1,0,8,1, , ,N,0,0,0,3,0,1,2,2,N, ,40 02:24.416,75 00:54.715,1415, ,1415, ,0, , , ,0, , , , , , , , , ,1,1,0,0,0,0,0,0,0,0,0,0,1,1,0,0,0,0,0,0,0,0,0,0,0,0,0,0,0,0,0,0,1,0,0,8,0,40.0401,-75.0152, , 
17699,185378,2016087716,6,67,67301,2016,8,4,1050,10,1,1,0,5,1, , ,N,0,0,0,3,0,1,2,2,N,N,39 55:35.980,75 09:26.446,1056, ,1052,1,2,1,N, ,0,Y, , , , , , , , ,1,1,0,0,0,0,0,0,1,0,0,1,1,0,0,0,0,0,0,0,0,1,0,0,0,0,0,0,0,0,0,0,0,0,0,4,0,39.9267,-75.1573, , 
17700,185386,2016062720,6,67,67301,2016,5,1,322,3,3,2,1,7,2, , ,N,0,0,0,3,0,0,1,1,N,N,39 58:49.853,75 12:21.113,327, ,322, ,0, , , ,0, , , , , , , , , ,1,1,0,0,0,0,0,0,0,0,0,0,0,0,0,0,0,0,0,0,0,0,0,0,0,0,0,0,0,0,0,0,0,0,0,0,0,39.9805,-75.2059, , 
17701,185398,2016062680,6,67,67301,2016,5,4,159,1,3,1,0,7,4, , ,N,1,2,0,3,0,3,3,1,N,N,39 57:32.561,75 13:01.166,203, ,200, ,0, , , ,3, , , , , , , , , ,1,1,0,0,0,0,0,0,0,1,0,0,3,2,0,0,0,0,0,0,0,0,0,0,0,0,0,0,0,0,0,0,0,0,0,2,0,39.959,-75.217, , 
17702,185401,2016065691,6,67,67301,2016,6,4,2008,20,4,1,0,8,1, , ,N,0,0,0,3,0,1,2,2,N,N,39 55:47.464,75 11:09.090,2032, ,2026, ,0, , , ,0, , , , , , , , , ,1,1,0,0,0,0,0,0,0,0,0,1,1,0,0,0,0,0,0,0,0,0,0,0,0,0,0,0,0,0,0,0,1,0,0,4,0,39.9299,-75.1859, , 
17703,185409,2016080582,6,67,67301,2016,7,6,1230,12,1,1,0,1,1, , ,N,0,0,0,3,0,1,2,2,N,N,40 02:15.860,75 13:25.525,1310, ,1300, ,0, ,N, ,0, , , , , , , , , ,2,1,0,0,0,0,0,1,0,0,0,0,1,1,0,0,0,0,0,0,1,0,0,0,0,0,0,0,0,0,0,0,0,0,0,8,0,40.0377,-75.2238, , 
17704,188415,2016094321,6,67,67301,2016,9,4,1705,17,1,1,0,8,6, , ,N,0,0,0,3,0,1,2,2,N,N,39 57:12.326,75 11:49.042,1707, ,1706, ,0, ,N, ,0, , , , , , , , , ,1,1,0,0,0,0,0,0,0,0,0,1,1,0,0,0,0,0,0,0,1,0,0,0,0,0,0,0,0,0,0,0,1,0,0,4,0,39.9534,-75.197, , 
17705,188419,2016105759,6,67,67301,2016,9,6,9999,99,1,1,0,1,1, , ,N,0,0,0,3,0,1,7,3,N, ,40 05:32.214,75 01:54.931,1403, ,1402,1,1,1, , ,0,N, , , , , , , , ,3,2,0,0,0,0,1,0,0,0,0,0,1,1,0,0,0,0,0,0,0,0,1,0,0,0,0,0,0,0,0,0,0,0,0,8,0,40.0923,-75.0319, , 
17706,188422,2016061277,6,67,67301,2016,5,3,949,9,1,1,0,5,1, , ,N,0,0,0,3,0,0,3,3,N,N,39 56:36.802,75 08:34.858,1010, ,949, ,0, , , ,0, , , , , , , , , ,3,1,0,0,0,0,1,1,0,0,0,0,0,0,0,0,0,0,0,0,1,0,0,0,0,0,0,0,0,0,0,0,0,0,0,0,0,39.9436,-75.143, , 
17707,188427,2016062571,6,67,67301,2016,5,4,1550,15,1,1,0,4,1, , ,N,2,0,7,3,0,0,2,2,N,N,39 57:31.708,75 14:43.846,1620, ,1620, ,0, ,N, ,0, , , , , , , , , ,2,1,0,0,0,0,1,0,0,0,0,0,0,0,0,0,0,0,0,0,1,0,0,0,0,0,0,0,0,0,0,0,0,0,0,0,0,39.9588,-75.2455, , 
17708,188443,2016077400,6,67,67301,2016,7,3,844,8,1,1,0,1,1,1,4,Y,0,0,0,3,0,1,3,2,N,N,40 01:22.881,75 02:08.953,911,45,844, ,0, , , ,0, ,N,N,N,N,N,N,N,Y,2,1,0,0,1,0,0,0,0,0,0,0,1,1,0,0,0,0,0,1,0,0,0,0,0,0,0,0,0,0,0,0,0,0,0,8,0,40.023,-75.0358, , 
17709,188446,2016080219,6,67,67301,2016,7,6,900,9,1,1,0,8,1, , ,N,2,3,0,3,0,1,2,2,N, ,39 59:52.512,75 08:13.336,930, ,204, ,0, , , ,3, , , , , , , , , ,1,1,0,0,0,0,0,0,0,0,0,1,1,0,0,0,0,0,0,0,1,0,0,0,0,0,0,0,0,0,0,0,1,0,0,4,0,39.9979,-75.137, , 
17710,188447,2016080379,6,67,67301,2016,7,2,1031,10,1,1,0,5,1, , ,N,0,0,0,3,0,0,3,2,N,N,39 57:12.169,75 09:17.736,1040, ,1034, ,0, ,N, ,0, , , , , , , , , ,2,1,0,0,0,0,1,0,0,0,0,0,0,0,0,0,0,0,0,0,0,0,0,0,0,0,0,0,0,0,0,0,0,0,0,0,0,39.9534,-75.1549, , 
17711,188452,2016089923,6,67,67301,2016,8,1,1600,16,1,1,0,1,1, , ,N,0,0,0,3,0,0,3,2,N, ,40 02:47.743,75 04:13.692,1605, ,1605,1,1,1, , ,0,N, , , , , , , , ,2,0,0,0,0,0,2,0,0,0,0,0,0,0,1,0,0,0,0,0,0,0,0,1,0,0,0,0,0,0,0,0,0,0,0,9,0,40.0466,-75.0705, , 
17712,188454,2016084426,6,67,67301,2016,8,3,1603,16,1,1,0,1,1, , ,N,0,0,0,3,0,0,4,4,N,N,39 59:27.549,75 12:14.370,1608, ,1604, ,0, , , ,0, , , , , , , , , ,4,0,0,0,0,0,1,3,0,0,0,0,0,0,0,0,0,0,0,0,2,0,0,0,0,0,0,0,0,0,0,0,0,0,0,0,0,39.991,-75.204, , 
17713,188465,2016083631,6,67,67301,2016,8,2,1430,14,1,1,0,7,3, , ,N,0,0,0,3,0,0,1,1,N,N,39 58:50.033,75 09:27.056,1445, ,1435, ,0, ,N, ,0, , , , , , , , , ,1,0,0,0,1,0,0,0,0,0,0,0,0,0,0,0,0,0,0,0,1,0,0,0,0,0,0,0,0,0,0,0,0,0,0,0,0,39.9806,-75.1575, , 
17714,188467,2016105837,6,67,67301,2016,9,1,1300,13,1,1,0,4,1, , ,N,1,2,1,3,0,1,5,2,N,N,40 01:08.973,75 04:53.510,1313, ,1313,2,2,2,N, ,3,Y, , , , , , , , ,2,0,0,0,0,0,1,1,0,0,0,1,1,0,0,1,0,0,0,0,0,1,0,0,0,0,0,0,0,0,0,0,0,0,0,4,0,40.0191,-75.0815, , 
17715,188493,2016079830,6,67,67301,2016,8,2,1015,10,1,1,0,5,1, , ,N,0,0,0,3,0,1,2,2,N,N,39 58:06.070,75 07:46.758,1043, ,1018, ,0, , , ,0, , , , , , , , , ,2,2,0,0,0,0,0,0,0,0,1,0,1,0,0,0,0,0,0,0,0,0,0,0,0,0,0,0,0,0,0,0,0,0,0,3,0,39.9684,-75.1297, , 
17716,188494,2016080353,6,67,67301,2016,6,3,849,8,1,1,0,4,1, , ,N,0,0,7,3,0,2,3,2,N,N,40 01:10.915,75 09:47.429,906, ,857,1,1,3, , ,0,N, , , , , , , , ,2,1,0,0,1,0,0,0,0,0,0,2,2,0,0,0,0,0,0,0,1,0,0,0,0,0,0,0,0,0,0,0,0,0,0,4,0,40.0197,-75.1632, , 
17717,188495,2016080790,6,67,67301,2016,6,5,9999,99,3,1,0,4,1, , ,N,1,2,0,3,0,2,3,2,N,N,40 03:51.056,75 14:22.493,2115, ,2107,1,1,4,N, ,3,Y, , , , , , , , ,2,2,0,0,0,0,0,0,0,0,0,2,2,0,0,0,0,0,0,0,1,1,0,3,0,0,0,0,0,0,0,0,0,0,0,4,0,40.0645,-75.2397, , 
17718,188513,2016104752,6,67,67301,2016,10,3,2010,20,3,1,0,8,1, , ,N,1,2,0,3,0,1,2,2,N,N,39 58:44.768,75 09:40.008,2042, ,2041, ,0, ,N, ,3, , , , , , , , , ,1,1,0,0,0,0,0,0,0,0,1,0,1,0,0,0,0,0,0,0,0,0,0,1,0,0,0,0,0,0,0,0,1,0,0,3,0,39.9791,-75.161, , 
17719,188546,2016089112,6,67,67301,2016,8,5,941,9,1,1,1,7,4,1,4,Y,7,0,2,3,0,0,1,1,N,N,40 01:30.017,75 01:45.153,1005,45,941, ,0, , , ,0, ,Y,N,N,N,Y,N,N,Y,1,1,0,0,0,0,0,0,0,0,0,0,0,0,0,0,0,0,0,0,0,0,0,0,0,0,0,0,0,0,0,0,0,0,0,0,0,40.025,-75.0292, , 
17720,188552,2016092173,6,67,67301,2016,8,6,1830,18,1,1,0,8,1, , ,N,1,2,0,3,0,1,2,2,N,N,40 03:04.368,75 03:57.572,1919, ,1908, ,0, , , ,3, , , , , , , , , ,1,1,0,0,0,0,0,0,0,0,0,1,1,0,0,0,0,0,0,0,0,0,0,0,0,0,0,0,0,0,0,0,1,0,0,4,0,40.0512,-75.0661, , 
17721,188561,2016097749,6,67,67301,2016,8,7,1414,14,1,1,0,1,1, , ,N,0,2,0,3,0,3,6,3,N,N,40 04:26.605,75 02:06.268,1431, ,1415, ,0, ,N, ,3, , , , , , , , , ,3,2,0,0,0,0,1,0,0,0,0,3,3,0,0,0,0,1,0,0,1,0,0,1,0,0,0,0,0,0,0,0,0,0,0,4,0,40.0741,-75.0351, , 
17722,190648,2016062601,6,67,67301,2016,5,5,1755,17,1,1,0,4,1, , ,N,0,0,0,3,0,3,5,2,N,N,40 00:45.788,75 07:03.799,1822, ,1819, ,0, ,N, ,0, , , , , , , , , ,2,1,0,0,0,0,1,0,0,0,0,0,3,3,0,0,0,0,1,0,0,0,0,0,0,0,0,0,0,0,0,0,0,0,0,8,0,40.0127,-75.1177, , 
17723,190660,2016080963,6,67,67301,2016,6,3,9999,99,1,2,0,1,1, , ,N,1,2,0,3,0,1,4,3,N,N,39 58:16.003,75 13:43.507,1219, ,1214, ,0, ,N, ,3, , , , , , , , , ,3,2,0,0,0,0,0,1,0,0,0,0,1,1,0,0,0,0,0,0,0,0,0,2,0,0,0,0,0,0,0,0,0,0,0,8,0,39.9711,-75.2288, , 
17724,190670,2016087648,6,67,67301,2016,8,3,2245,22,3,1,0,8,1, , ,N,1,3,0,3,0,1,2,2,N,N,40 01:45.825,75 08:13.473,2259, ,2259, ,0, ,N, ,3, , , , , , , , , ,1,1,0,0,0,0,0,0,0,0,0,0,1,1,1,0,0,0,0,0,0,0,0,0,0,0,0,0,0,0,0,0,1,0,0,8,0,40.0294,-75.1371, , 
17725,190671,2016091057,6,67,67301,2016,8,6,1515,15,1,1,0,1,1, , ,N,0,0,0,3,0,0,6,4,N, ,39 54:43.495,75 11:33.486,1535, ,1528, ,0, , , ,0, , , , , , , , , ,4,0,0,0,0,0,4,0,0,0,0,0,0,0,0,0,0,0,0,0,1,0,0,1,0,0,0,0,0,0,0,0,0,0,0,0,0,39.9121,-75.1926, , 
17726,190674,2016097680,6,67,67301,2016,8,4,1735,17,1,1,0,1,1, , ,N,0,0,0,3,0,2,3,3,N,N,40 02:53.453,75 00:47.264,9999, ,1859, ,0, ,N, ,0, , , , , , , , , ,3,3,0,0,0,0,0,0,0,0,0,2,2,0,0,0,0,0,0,0,2,0,0,1,0,0,0,0,0,0,0,0,0,0,0,4,0,40.0482,-75.0131, , 
17727,190676,2016097683,6,67,67301,2016,9,6,1800,18,1,1,0,8,1, , ,N,0,0,0,3,0,1,3,2,N,N,39 58:05.951,75 09:49.808,1825, ,1821, ,0, ,N, ,0, , , , , , , , , ,1,0,0,0,0,0,1,0,0,0,0,1,1,0,0,0,0,0,0,0,0,0,0,0,0,0,0,0,0,0,0,0,1,0,0,4,0,39.9683,-75.1638, , 
17728,190692,2016058806,6,67,67301,2016,5,1,1614,16,1,1,0,1,1, , ,N,0,0,0,3,0,1,3,2,N,N,39 59:26.211,75 12:17.615,1624, ,1616, ,0, , , ,0, , , , , , , , , ,2,2,0,0,0,0,0,0,0,0,0,0,1,1,0,0,0,0,0,0,0,0,0,0,0,0,0,0,0,0,0,0,0,0,0,8,0,39.9906,-75.2049, , 
17729,190711,2016080156,6,67,67301,2016,6,4,835,8,1,1,0,8,1, , ,N,1,2,0,3,0,1,2,2,N,N,40 00:32.006,75 11:38.251,855, ,835, ,0, ,N, ,3, , , , , , , , , ,1,0,0,0,0,0,1,0,0,0,0,1,1,0,1,0,0,0,0,0,0,0,0,0,0,0,0,0,0,0,0,0,1,0,0,4,0,40.0089,-75.194, , 
17730,190724,2016097103,6,67,67301,2016,8,7,1230,12,1,1,0,8,1, , ,N,0,0,0,3,0,1,2,2,N,N,39 59:30.050,75 07:08.237,1255, ,9999, ,0, ,N, ,0, , , , , , , , , ,1,1,0,0,0,0,0,0,0,0,0,1,1,0,0,0,0,0,0,0,0,0,0,0,0,0,0,0,0,0,0,0,1,0,0,4,0,39.9917,-75.119, , 
17731,190744,2016053642,6,67,67301,2016,5,1,1709,17,1,1,0,4,1, , ,N,0,0,0,3,0,1,5,2,N, ,40 02:40.137,75 03:41.750,1710, ,1709,1,1,2, , ,0,N, , , , , , , , ,2,1,0,0,0,0,1,0,0,0,0,1,1,0,0,0,0,0,0,0,0,0,0,0,0,0,0,0,0,0,0,0,0,0,0,4,0,40.0445,-75.0616, , 
17732,190754,2016069890,6,67,67301,2016,7,6,807,8,1,1,0,7,1,1,4,Y,0,0,8,3,0,0,1,1,N,N,39 59:53.426,75 04:51.729,842,35,817, ,0, , , ,0, ,N, , ,N, , , ,Y,1,1,0,0,0,0,0,0,0,0,0,0,0,0,0,0,0,0,0,0,0,0,0,0,0,0,0,0,0,0,0,0,0,0,0,0,0,39.9982,-75.081, , 
17733,190767,2016092067,6,67,67301,2016,8,4,1553,15,1,1,0,1,1, , ,N,2,0,0,3,0,1,5,2,N, ,40 02:56.958,75 10:56.970,1625, ,1623,1,1,4, , ,0,N, , , , , , , , ,2,0,0,0,0,0,2,0,0,0,0,1,1,0,0,0,0,0,0,0,0,0,0,0,0,0,0,0,0,0,0,0,0,0,0,4,0,40.0492,-75.1825, , 
17734,190789,2016064190,6,67,67301,2016,6,4,754,7,1,1,0,1,1, , ,N,0,8,0,3,0,3,5,4,N,N,40 00:34.183,75 03:57.803,810, ,754,2,2,2, , ,3,N, , , , , , , , ,4,2,0,0,1,0,1,0,0,0,1,2,3,0,0,0,0,0,0,0,1,0,0,0,0,0,0,0,0,0,0,0,0,0,0,3,0,40.0095,-75.0661, , 
17735,190792,2016080192,6,67,67301,2016,7,6,1158,11,1,1,0,4,1, , ,N,1,2,0,3,0,1,6,2,N,N,39 57:13.582,75 13:41.663,1215, ,1158, ,0, , , ,3, , , , , , , , , ,2,0,0,0,0,0,2,0,0,0,0,1,1,0,1,0,0,0,0,0,0,0,0,0,0,0,0,0,0,0,0,0,0,0,0,4,0,39.9538,-75.2282, , 
17736,190793,2016080882,6,46,46104,2016,6,6,9999,99,1,1,0,7,4, , ,N,0,0,0,3,0,1,1,1,N,N,39 58:40.839,75 16:26.520,1120, ,1050, ,0, ,Y, ,0, , , , , , , , , ,1,0,0,0,0,0,1,0,0,0,0,1,1,0,0,0,0,0,0,0,0,0,0,0,0,0,0,0,0,0,0,0,0,0,0,4,0,39.978,-75.274, , 
17737,190804,2016082328,6,67,67301,2016,7,7,1235,12,1,1,0,4,1,8,8,Y,1,2,0,3,0,3,3,2,N,N,39 58:15.733,75 09:20.582,1240,99,1238, ,0, ,N, ,3, ,U,U,U,U,U,U,U,U,2,1,0,0,0,0,1,0,0,0,1,2,3,0,0,0,0,0,0,0,1,0,0,0,0,0,0,0,0,0,0,0,0,0,0,3,0,39.9709,-75.1557, , 
17738,190807,2016088620,6,67,67301,2016,8,7,315,3,3,1,0,4,1, , ,N,1,2,0,3,0,1,2,2,N,N,39 56:28.421,75 12:33.849,515, ,315, ,0, ,N, ,3, , , , , , , , , ,2,1,0,0,0,0,1,0,0,0,0,0,1,1,0,0,0,0,0,0,0,1,0,0,0,0,0,0,0,0,0,0,0,0,0,8,0,39.9412,-75.2094, , 
17739,190809,2016091067,6,67,67301,2016,8,6,1614,16,1,1,0,4,1, , ,N,1,2,0,3,0,0,3,2,N,N,39 57:25.376,75 14:45.124,1800, ,1743, ,0, ,N, ,3, , , , , , , , , ,2,2,0,0,0,0,0,0,0,0,0,0,0,0,0,0,0,0,0,0,1,0,0,1,0,0,0,0,0,0,0,0,0,0,0,0,0,39.957,-75.2459, , 