objectid_1,objectid,crn,district,county,municipality,crash_year,crash_month,day_of_week,time_of_day,hour_of_day,illumination,weather,road_condition,collision_type,relation_to_road,work_zone_type,work_zone_loc,work_zone_ind,intersect_type,tcd_type,location_type,urban_rural,fatal_count,injury_count,person_count,total_units,sch_bus_ind,sch_zone_ind,latitude,longitude,arrival_tm,cons_zone_spd_lim,dispatch_tm,est_hrs_closed,lane_closed,ln_close_dir,ntfy_hiwy_maint,spec_juris_cd,tcd_func_cd,tfc_detour_ind,workers_pres,wz_close_detour,wz_flagger,wz_law_offcr_ind,wz_ln_closure,wz_moving,wz_other,wz_shlder_mdn,vehicle_count,automobile_count,motorcycle_count,bus_count,small_truck_count,heavy_truck_count,suv_count,van_count,bicycle_count,maj_inj_count,mod_inj_count,min_inj_count,tot_inj_count,unk_inj_deg_count,unk_inj_per_count,driver_count_16yr,driver_count_17yr,driver_count_18yr,driver_count_19yr,driver_count_20yr,driver_count_50_64yr,driver_count_65_74yr,driver_count_75plus,unbelted_occ_count,unb_death_count,unb_maj_inj_count,belted_death_count,belted_maj_inj_count,mcycle_death_count,mcycle_maj_inj_count,bicycle_death_count,bicycle_maj_inj_count,ped_count,ped_death_count,ped_maj_inj_count,max_severity_level,comm_veh_count,dec_lat,dec_long,rdwy_surf_type_cd,county_name
17740,182469,2016087704,6,67,67301,2016,8,7,1902,19,1,1,0,4,1, , ,N,1,3,0,3,0,0,1,2,N,N,39 55:54.500,75 11:53.100,1902, ,1902, ,0, ,N, ,3, , , , , , , , , ,2,1,0,0,0,0,0,1,0,0,0,0,0,0,0,1,0,0,0,0,0,0,0,0,0,0,0,0,0,0,0,0,0,0,0,0,0,39.9318,-75.1981, , 
17741,182477,2016097725,6,67,67301,2016,9,7,145,1,3,1,0,5,6, , ,N,0,0,0,3,0,0,1,3,N,N,39 58:23.077,75 11:59.956,245, ,237, ,0, ,N, ,0, , , , , , , , , ,3,0,0,0,0,0,3,0,0,0,0,0,0,0,1,0,0,0,0,0,0,0,0,0,0,0,0,0,0,0,0,0,0,0,0,9,0,39.9731,-75.2, , 
17742,182484,2016106330,6,67,67301,2016,9,1,525,5,3,1,0,1,1, , ,N,1,2,0,3,0,2,3,2,N,N,39 55:26.880,75 14:43.716,535, ,532, ,0, ,N, ,3, , , , , , , , , ,2,2,0,0,0,0,0,0,0,0,0,2,2,0,0,0,0,0,0,0,1,0,0,0,0,0,0,0,0,0,0,0,0,0,0,4,0,39.9241,-75.2455, , 
17743,182489,2016105889,6,67,67301,2016,9,4,1905,19,4,1,0,8,1, , ,N,0,0,0,3,0,1,2,2,N, ,39 57:54.586,75 09:58.822,1911, ,1906, ,0, , , ,0, , , , , , , , , ,1,1,0,0,0,0,0,0,0,0,0,1,1,0,0,0,0,0,0,0,0,0,0,0,0,0,0,0,0,0,0,0,1,0,0,4,0,39.9652,-75.1663, , 
17744,182507,2016080641,6,67,67301,2016,7,6,1245,12,1,1,0,4,1, , ,N,0,0,7,3,0,2,2,3,N,N,39 54:52.818,75 13:16.558,1256, ,1249,3,2,6,N, ,0,Y, , , , , , , , ,3,3,0,0,0,0,0,0,0,0,0,0,2,2,0,0,0,0,0,0,0,0,0,0,0,0,0,0,0,0,0,0,0,0,0,8,0,39.9147,-75.2213, , 
17745,182508,2016080675,6,67,67301,2016,7,7,225,2,3,2,1,5,6, , ,N,0,0,0,3,0,1,1,3,N,N,40 01:15.300,75 06:58.200,230, ,226, ,0, ,N, ,0, , , , , , , , , ,3,3,0,0,0,0,0,0,0,0,0,0,1,1,0,0,0,0,0,0,0,0,0,0,0,0,0,0,0,0,0,0,0,0,0,8,0,40.0209,-75.1162, , 
17746,182509,2016080733,6,67,67301,2016,6,5,922,9,1,1,0,4,1, , ,N,2,0,0,3,0,0,2,2,N, ,40 01:55.629,75 12:27.966,925, ,923, ,0, , , ,0, , , , , , , , , ,2,1,0,0,0,1,0,0,0,0,0,0,0,0,0,0,0,0,0,0,0,0,0,0,0,0,0,0,0,0,0,0,0,0,0,0,1,40.0321,-75.2078, , 
17747,182521,2016099530,6,67,67301,2016,9,3,1645,16,1,1,0,1,1, , ,N,1,2,0,3,0,1,3,2,N,N,40 00:25.933,75 07:24.010,1703, ,1700, ,0, ,N, ,3, , , , , , , , , ,2,0,0,0,1,0,1,0,0,0,0,1,1,0,0,0,0,0,0,0,0,0,0,0,0,0,0,0,0,0,0,0,0,0,0,4,0,40.0072,-75.1234, , 
17748,182527,2016092051,6,67,67301,2016,8,7,300,3,3,1,0,4,1, , ,N,2,2,0,3,0,0,1,2,N,N,39 57:12.504,75 08:23.145,318, ,312, ,0, ,N, ,3, , , , , , , , , ,2,2,0,0,0,0,0,0,0,0,0,0,0,0,0,0,0,0,0,0,0,0,0,0,0,0,0,0,0,0,0,0,0,0,0,0,0,39.9535,-75.1398, , 
17749,182530,2016105920,6,67,67301,2016,9,1,1200,12,1,1,0,1,1, , ,N,1,2,0,3,0,1,3,3,N, ,39 54:20.210,75 11:38.294,1730, ,1730, ,0, , , ,3, , , , , , , , , ,3,0,0,0,0,0,0,0,0,0,0,0,1,1,0,0,0,0,0,0,0,0,0,0,0,0,0,0,0,0,0,0,0,0,0,8,0,39.9055,-75.1941, , 
17750,182538,2016105609,6,67,67301,2016,9,5,1105,11,1,1,0,1,1, , ,N,1,2,0,3,0,1,3,2,N, ,40 03:24.827,75 11:17.044,1120, ,1115, ,0, , , ,3, , , , , , , , , ,2,2,0,0,0,0,0,0,0,0,0,0,1,1,0,0,0,0,0,0,1,0,0,0,0,0,0,0,0,0,0,0,0,0,0,8,0,40.0569,-75.1881, , 
17751,182574,2016097628,6,67,67301,2016,8,5,25,0,3,1,0,4,1, , ,N,0,0,0,3,0,0,3,2,N, ,39 56:41.085,75 13:01.932,100, ,50, ,0, , , ,0, , , , , , , , , ,2,2,0,0,0,0,0,0,0,0,0,0,0,0,0,0,0,0,0,0,0,0,0,2,0,0,0,0,0,0,0,0,0,0,0,0,0,39.9447,-75.2172, , 
17752,182579,2016112106,6,67,67301,2016,10,5,833,8,1,1,0,8,1, , ,N,1,0,0,3,0,1,2,2,N,N,39 57:38.492,75 14:35.151,840, ,833, ,0, ,N, ,0, , , , , , , , , ,1,0,0,0,0,0,1,0,0,0,0,1,1,0,0,0,0,0,0,0,0,1,0,0,0,0,0,0,0,0,0,0,1,0,0,4,0,39.9607,-75.243, , 
17753,182605,2016080745,6,67,67301,2016,6,6,2310,23,3,1,0,4,1, , ,N,1,2,1,3,0,2,3,2,N,N,39 59:23.298,75 07:31.934,2320, ,2315, ,0, ,N, ,3, , , , , , , , , ,2,1,0,0,0,0,1,0,0,0,2,0,2,0,0,0,0,0,1,0,0,0,0,0,0,0,0,0,0,0,0,0,0,0,0,3,0,39.9898,-75.1255, , 
17754,182611,2016097720,6,67,67301,2016,8,2,655,6,1,1,0,7,4, , ,N,0,0,0,3,0,0,1,1,N,N,40 06:42.990,74 59:26.317,720, ,655,2,1,1,Y, ,0,N, , , , , , , , ,1,1,0,0,0,0,0,0,0,0,0,0,0,0,0,0,0,0,0,0,0,0,0,0,0,0,0,0,0,0,0,0,0,0,0,0,0,40.1119,-74.9906, , 
17755,182613,2016097202,6,67,67301,2016,8,1,220,2,3,1,0,5,6, , ,N,0,0,0,3,0,0,1,2,N,N,39 55:23.700,75 09:05.003,230, ,229, ,0, ,N, ,0, , , , , , , , , ,2,1,0,0,0,0,1,0,0,0,0,0,0,0,0,0,0,0,0,0,0,0,0,0,0,0,0,0,0,0,0,0,0,0,0,0,0,39.9233,-75.1514, , 
17756,182633,2016125510,6,67,67301,2016,11,6,432,4,3,1,0,1,1, , ,N,0,0,0,3,0,0,2,2,N,N,40 00:01.653,75 11:41.409,454, ,435, ,0, , , ,0, , , , , , , , , ,2,1,0,0,0,0,1,0,0,0,0,0,0,0,0,0,0,0,0,0,0,0,0,0,0,0,0,0,0,0,0,0,0,0,0,0,0,40.0005,-75.1948, , 
17757,182651,2016080408,6,67,67301,2016,6,3,1444,14,1,1,0,4,1, , ,N,1,2,0,3,0,1,2,3,N, ,40 01:14.970,75 07:05.771,1511, ,1457, ,0, , , ,3, , , , , , , , , ,3,1,0,0,0,0,0,2,0,0,0,1,1,0,0,0,0,0,0,1,1,0,0,1,0,0,0,0,0,0,0,0,0,0,0,4,0,40.0208,-75.1183, , 
17758,182654,2016088829,6,67,67301,2016,8,7,2157,21,3,1,0,1,1, , ,N,0,0,0,3,0,0,2,2,N,N,39 56:45.259,75 11:23.623,2213, ,2208, ,0, , , ,0, , , , , , , , , ,2,1,0,0,0,0,0,1,0,0,0,0,0,0,0,0,0,0,0,0,1,0,0,0,0,0,0,0,0,0,0,0,0,0,0,0,0,39.9459,-75.1899, , 
17759,185420,2016094128,6,67,67301,2016,8,7,1800,18,1,1,0,6,6, , ,N,0,0,0,3,0,1,2,4,N,N,39 59:47.356,75 06:07.948,1805, ,1800, ,0, ,N, ,0, , , , , , , , , ,3,1,0,0,0,0,1,1,0,0,0,0,1,1,0,0,0,0,1,0,0,0,0,0,0,0,0,0,0,0,0,0,1,0,0,8,0,39.9965,-75.1022, , 
17760,185428,2016097184,6,67,67301,2016,8,3,1725,17,1,1,0,1,1, , ,N,0,0,0,3,0,6,10,4,N, ,40 01:43.456,75 06:00.236,1732, ,1730,2,2,2, , ,0,N, , , , , , , , ,4,3,0,0,0,0,1,0,0,0,0,5,6,1,0,0,0,0,1,0,0,0,0,4,0,0,0,0,0,0,0,0,0,0,0,4,0,40.0287,-75.1001, , 
17761,185432,2016053679,6,67,67301,2016,5,7,1637,16,1,1,0,8,1, , ,N,0,0,0,3,0,1,2,2,N,N,39 59:07.800,75 07:55.400,1700, ,1650, ,0, ,N, ,0, , , , , , , , , ,1,0,0,0,0,0,1,0,0,0,0,1,1,0,0,0,0,0,0,0,1,0,0,0,0,0,0,0,0,0,0,0,1,0,0,4,0,39.9855,-75.1321, , 
17762,185435,2016060498,6,67,67301,2016,5,1,240,2,2,2,1,5,1, , ,N,0,0,0,3,0,0,3,3,N,N,40 02:34.525,75 00:11.298,240, ,240, ,0, , , ,0, , , , , , , , , ,3,2,0,0,0,0,0,0,0,0,0,0,0,0,0,0,0,0,1,0,1,0,0,0,0,0,0,0,0,0,0,0,0,0,0,0,0,40.0429,-75.0031, , 
17763,185442,2016052128,6,67,67301,2016,3,4,1045,10,1,9,0,1,1, , ,N,1,2,0,3,0,1,2,2, , ,39 59:44.213,75 10:03.144,0, ,0, ,0, , , ,3, , , , , , , , , ,2,2,0,0,0,0,0,0,0,0,0,0,1,1,1,0,0,0,0,0,0,1,0,0,0,0,0,0,0,0,0,0,0,0,0,8,0,39.9956,-75.1675, , 
17764,185450,2016062598,6,67,67301,2016,5,1,825,8,1,1,0,4,1, , ,N,1,2,0,3,0,2,3,2,N,N,40 01:47.231,75 05:16.817,854, ,828,1,1,1,N, ,3,N, , , , , , , , ,2,0,0,0,0,0,2,0,0,0,0,2,2,0,0,0,0,0,0,0,0,0,0,3,0,0,0,0,0,0,0,0,0,0,0,4,0,40.0298,-75.088, , 
17765,185451,2016062659,6,67,67301,2016,5,1,1002,10,1,1,0,2,1, , ,N,0,0,0,3,0,1,2,2,N,N,40 04:12.792,75 00:53.409,1005, ,1003, ,0, ,N, ,0, , , , , , , , , ,2,1,0,0,1,0,0,0,0,0,0,1,1,0,0,0,0,0,0,0,1,0,0,0,0,0,0,0,0,0,0,0,0,0,0,4,0,40.0702,-75.0148, , 
17766,185456,2016066213,6,67,67301,2016,5,7,1848,18,1,1,0,7,4, , ,N,0,0,2,3,0,0,1,1,N,N,39 57:34.865,75 10:52.417,1901, ,1848,1,1,3, , ,0,Y, , , , , , , , ,1,0,0,0,0,0,0,1,0,0,0,0,0,0,0,0,0,0,0,0,0,0,0,0,0,0,0,0,0,0,0,0,0,0,0,0,0,39.9597,-75.1812, , 
17767,185471,2016080194,6,67,67301,2016,6,5,1100,11,1,1,0,4,1, , ,N,1,2,2,3,1,2,4,2,N, ,40 05:15.124,74 58:16.775,1105, ,1105, ,0, , ,0,3, , , , , , , , , ,2,1,0,0,1,0,0,0,0,0,0,2,2,0,0,0,0,0,0,0,0,1,0,0,0,0,1,0,0,0,0,0,0,0,0,1,0,40.0875,-74.9711,1, 
17768,185472,2016080432,6,67,67301,2016,7,2,2118,21,3,2,1,4,1, , ,N,1,3,0,3,0,2,3,2,N,N,40 02:21.415,75 07:40.691,2143, ,2140, ,0, ,N, ,3, , , , , , , , , ,2,2,0,0,0,0,0,0,0,0,0,0,2,2,0,0,0,0,0,0,0,0,0,0,0,0,0,0,0,0,0,0,0,0,0,8,0,40.0393,-75.128, , 
17769,185483,2016058594,6,67,67301,2016,5,2,757,7,1,1,0,4,1, , ,N,1,3,0,3,0,1,2,2,N,N,40 01:42.866,75 04:44.633,828, ,827, ,0, ,N, ,3, , , , , , , , , ,2,1,0,0,0,0,1,0,0,0,0,1,1,0,0,0,0,0,0,0,0,1,0,0,0,0,0,0,0,0,0,0,0,0,0,4,0,40.0286,-75.0791, , 
17770,185484,2016058608,6,67,67301,2016,5,2,1645,16,1,1,0,5,6, , ,N,0,0,0,3,0,0,1,3,N, ,39 59:21.759,75 05:48.521,1650, ,1648, ,0, , , ,0, , , , , , , , , ,3,2,0,0,0,0,1,0,0,0,0,0,0,0,0,0,0,0,0,0,0,0,0,1,0,0,0,0,0,0,0,0,0,0,0,0,0,39.9894,-75.0968, , 
17771,185488,2016073682,6,67,67301,2016,7,3,1722,17,1,1,0,5,1, , ,N,0,0,0,3,0,1,3,2,N,N,39 57:22.328,75 08:26.691,1736, ,1728, ,0, , , ,0, , , , , , , , , ,2,1,0,0,0,1,0,0,0,0,0,1,1,0,0,0,0,0,0,0,1,0,0,0,0,0,0,0,0,0,0,0,0,0,0,4,1,39.9562,-75.1407, , 
17772,185493,2016080084,6,67,67301,2016,6,2,105,1,3,1,0,1,1, , ,N,0,2,0,3,0,0,2,2,N, ,39 58:44.144,75 09:28.345,109, ,107,9,1,2, , ,3,Y, , , , , , , , ,2,1,0,0,0,0,1,0,0,0,0,0,0,0,0,0,0,0,0,0,0,0,0,0,0,0,0,0,0,0,0,0,0,0,0,0,0,39.9789,-75.1579, , 
17773,185494,2016080162,6,67,67301,2016,7,2,2056,20,2,2,1,1,1, , ,N,1,2,0,3,0,2,3,2,N,N,40 03:38.529,75 03:14.962,2130, ,2120, ,0, , , ,3, , , , , , , , , ,2,1,0,0,0,0,1,0,0,0,0,2,2,0,0,0,0,0,0,0,0,0,0,0,0,0,0,0,0,0,0,0,0,0,0,4,0,40.0607,-75.0542, , 
17774,185495,2016080355,6,67,67301,2016,7,4,1016,10,1,1,0,1,1, , ,N,2,0,0,3,0,0,3,3,N,N,40 00:48.175,75 11:02.809,9999, ,1018,1,1,1,N, ,0,Y, , , , , , , , ,3,1,0,0,0,0,2,0,0,0,0,0,0,0,0,0,0,0,0,0,1,0,0,1,0,0,0,0,0,0,0,0,0,0,0,0,0,40.0134,-75.1841, , 
17775,185519,2016120472,6,67,67301,2016,10,2,1620,16,1,1,0,4,1, , ,N,1,2,0,3,0,1,8,2,N,N,40 02:35.999,75 09:40.854,1600, ,1600, ,0, ,N, ,3, , , , , , , , , ,2,1,0,0,0,0,0,1,0,0,0,1,1,0,0,0,0,0,0,0,0,0,0,1,0,0,0,0,0,0,0,0,0,0,0,4,0,40.0433,-75.1613, , 
17776,185520,2016097685,6,67,67301,2016,9,5,1829,18,1,1,0,1,1, , ,N,1,2,3,3,0,1,2,2,N, ,39 57:24.393,75 09:19.952,1910, ,1858, ,0, , , ,3, , , , , , , , , ,1,1,0,0,0,0,0,0,1,0,0,1,1,0,0,0,0,0,0,0,1,0,0,0,0,0,0,0,0,0,0,0,0,0,0,4,0,39.9568,-75.1555, , 
17777,188587,2016029134,6,67,67301,2016,2,7,1700,17,1,1,0,4,1, , ,N,1,3,0,3,0,1,2,4,N,N,40 03:29.610,75 09:47.390,1945, ,1937, ,0, ,N, ,3, , , , , , , , , ,4,3,0,0,0,0,1,0,0,0,0,1,1,0,1,0,0,0,0,0,0,1,1,0,0,0,0,0,0,0,0,0,0,0,0,4,0,40.0582,-75.1632, , 
17778,188591,2016033103,6,67,67301,2016,3,4,1800,18,3,1,0,4,1, , ,N,1,3,0,3,0,1,2,2,N, ,39 59:53.019,75 04:27.001,2200, ,2153, ,0, , , ,3, , , , , , , , , ,2,1,0,0,0,0,1,0,0,0,1,0,1,0,0,0,0,0,0,0,1,0,0,1,0,0,0,0,0,0,0,0,0,0,0,3,0,39.9981,-75.0742, , 
17779,188595,2016040864,6,67,67301,2016,4,1,1145,11,1,1,0,4,1, , ,N,1,2,0,3,0,1,5,2,N,N,39 55:27.728,75 10:10.600,1155, ,1152, ,0, ,N, ,2, , , , , , , , , ,2,2,0,0,0,0,0,0,0,0,0,0,1,1,0,0,0,0,0,0,1,0,0,0,0,0,0,0,0,0,0,0,0,0,0,8,0,39.9244,-75.1696, , 
17780,188619,2016080960,6,67,67301,2016,7,7,1630,16,1,1,0,4,1, , ,N,1,3,0,3,0,1,2,2,N,N,40 02:17.472,75 04:42.853,1646, ,1643, ,0, ,N, ,3, , , , , , , , , ,2,2,0,0,0,0,0,0,0,0,0,1,1,0,0,0,0,0,0,0,1,0,0,0,0,0,0,0,0,0,0,0,0,0,0,4,0,40.0382,-75.0786, , 
17781,188623,2016065677,6,67,67301,2016,6,1,1825,18,1,1,0,4,1, , ,N,1,2,0,3,0,0,3,2,N,N,39 57:29.061,75 09:44.627,1830, ,1825, ,0, ,N, ,3, , , , , , , , , ,2,2,0,0,0,0,0,0,0,0,0,0,0,0,0,0,0,0,0,0,0,0,0,0,0,0,0,0,0,0,0,0,0,0,0,0,0,39.9579,-75.1623, , 
17782,188626,2016070672,6,67,67301,2016,6,7,9999,99,3,1,0,4,1, , ,N,2,3,0,3,0,0,1,3,N, ,40 02:40.938,75 13:13.911,9999, ,9999, ,0, , , ,3, , , , , , , , , ,3,3,0,0,0,0,0,0,0,0,0,0,0,0,0,0,0,0,0,0,0,0,0,1,0,0,0,0,0,0,0,0,0,0,0,0,0,40.0447,-75.2205, , 
17783,188703,2016051279,6,67,67301,2016,4,4,900,9,1,1,0,8,1, , ,N,2,0,0,3,0,1,2,2,N, ,40 01:51.009,75 09:10.227,934, ,931, ,0, , , ,0, , , , , , , , , ,1,0,0,0,0,0,1,0,0,0,0,1,1,0,1,0,0,0,0,0,0,0,0,0,0,0,0,0,0,0,0,0,1,0,0,4,0,40.0308,-75.1528, , 
17784,188706,2016053897,6,67,67301,2016,5,7,1717,17,1,1,0,1,1, , ,N,0,0,0,3,0,2,4,3,N,N,39 57:28.926,75 09:47.221,1736, ,1727,1,1,4, , ,0,N, , , , , , , , ,3,0,0,0,0,0,2,1,0,0,0,0,2,2,0,0,0,0,0,0,0,1,0,0,0,0,0,0,0,0,0,0,0,0,0,8,0,39.958,-75.1631, , 
17785,188714,2016061240,6,67,67301,2016,5,5,1356,13,1,1,0,5,1, , ,N,0,0,0,3,0,0,4,3,N,N,40 04:22.301,75 11:19.535,1358, ,1358, ,0, ,N, ,0, , , , , , , , , ,3,2,0,0,1,0,0,0,0,0,0,0,0,0,0,0,0,0,0,0,0,0,2,0,0,0,0,0,0,0,0,0,0,0,0,0,0,40.0729,-75.1888, , 
17786,188715,2016061246,6,67,67301,2016,5,3,252,2,3,9,1,4,1, , ,N,0,0,0,3,0,1,2,2,N, ,39 53:39.898,75 14:46.900,255, ,253, ,0, , , ,0, , , , , , , , , ,2,1,0,0,0,0,1,0,0,0,1,0,1,0,0,0,0,0,0,0,0,0,0,1,0,0,0,0,0,0,0,0,0,0,0,3,0,39.8944,-75.2464, , 
17787,188718,2016067835,6,67,67301,2016,6,1,156,1,3,1,0,4,1, , ,N,1,2,0,3,0,0,3,4,N, ,40 01:17.655,75 07:27.663,158, ,156,3,1,3, , ,3,N, , , , , , , , ,4,2,0,0,0,0,1,1,0,0,0,0,0,0,0,0,0,0,0,0,0,0,0,0,0,0,0,0,0,0,0,0,0,0,0,0,0,40.0216,-75.1244, , 
17788,188728,2016080204,6,67,67301,2016,5,4,2347,23,3,1,0,4,1, , ,N,1,2,0,3,0,3,3,2,N,N,39 57:12.030,75 11:01.741,2353, ,2349,2,2,7,N, ,3,Y, , , , , , , , ,2,2,0,0,0,0,0,0,0,0,0,1,3,2,0,0,0,0,0,0,0,0,0,0,0,0,0,0,0,0,0,0,0,0,0,4,0,39.9533,-75.1838, , 
17789,188734,2016090321,6,67,67301,2016,8,2,308,3,3,1,0,7,4, , ,N,0,0,0,3,0,2,2,1,N,N,39 57:29.834,75 09:54.414,319, ,311,1,2,4, , ,0,N, , , , , , , , ,1,1,0,0,0,0,0,0,0,0,0,0,2,2,0,0,0,0,0,0,0,0,0,2,0,0,0,0,0,0,0,0,0,0,0,8,0,39.9583,-75.1651, , 
17790,188741,2016096627,6,67,67301,2016,8,2,820,8,1,1,0,8,1, , ,N,1,2,0,3,0,1,2,2,N,N,39 54:51.468,75 10:18.968,855, ,850,1,2,7,N, ,3,Y, , , , , , , , ,1,0,0,0,0,0,1,0,0,0,0,1,1,0,0,0,0,0,0,0,0,0,0,1,0,0,0,0,0,0,0,0,1,0,0,4,0,39.9142,-75.1718, , 
17791,188747,2016089960,6,67,67301,2016,8,3,1515,15,1,1,0,6,6, , ,N,0,0,0,3,0,0,2,2,N, ,40 03:27.491,75 03:10.251,1535, ,1530, ,0, , , ,0, , , , , , , , , ,2,2,0,0,0,0,0,0,0,0,0,0,0,0,0,0,0,0,0,0,0,0,0,1,0,0,0,0,0,0,0,0,0,0,0,0,0,40.0576,-75.0528, , 
17792,188761,2016060850,6,67,67301,2016,5,7,1610,16,1,2,1,4,1, , ,N,1,3,0,3,0,1,6,3,N,N,39 57:54.968,75 09:13.420,1610, ,1610, ,0, , , ,3, , , , , , , , , ,3,2,0,0,0,0,0,1,0,0,0,1,1,0,0,0,0,0,0,0,0,0,0,0,0,0,0,0,0,0,0,0,0,0,0,4,0,39.9653,-75.1537, , 
17793,188765,2016064100,6,67,67301,2016,6,4,7,0,3,1,0,7,2, , ,N,0,0,0,3,0,0,1,1,N,N,39 54:05.345,75 09:07.398,27, ,16, ,0, , , ,0, , , , , , , , , ,1,1,0,0,0,0,0,0,0,0,0,0,0,0,0,0,0,0,0,0,0,0,0,0,0,0,0,0,0,0,0,0,0,0,0,0,0,39.9015,-75.1521, , 
17794,188768,2016068271,6,67,67301,2016,6,4,1751,17,1,1,0,4,1, , ,N,1,3,0,3,0,1,2,2,N, ,39 59:20.788,75 09:12.225,1805, ,1758, ,0, , , ,3, , , , , , , , , ,1,0,0,0,0,0,0,1,1,0,0,1,1,0,0,0,0,0,0,0,0,1,0,0,0,0,0,0,0,0,0,0,0,0,0,4,0,39.9891,-75.1534, , 
17795,188769,2016068713,6,67,67301,2016,6,5,834,8,1,2,1,2,1, , ,N,0,0,0,3,0,1,2,2,N, ,40 04:14.839,75 11:30.115,920, ,913, ,0, , , ,0, , , , , , , , , ,2,2,0,0,0,0,0,0,0,0,0,0,1,1,0,0,0,0,0,0,0,1,0,0,0,0,0,0,0,0,0,0,0,0,0,8,0,40.0708,-75.1917, , 
17796,190279,2016097682,6,67,67301,2016,8,2,1140,11,1,1,0,1,1, , ,N,2,2,0,3,0,2,4,3,N,N,40 01:40.435,75 06:23.319,1151, ,1151, ,0, ,N, ,3, , , , , , , , , ,3,1,0,0,0,0,2,0,0,0,0,2,2,0,2,0,0,0,0,0,2,0,0,0,0,0,0,0,0,0,0,0,0,0,0,4,0,40.0279,-75.1065, , 
17797,190284,2016105755,6,67,67301,2016,9,2,1445,14,1,2,1,4,1, , ,N,2,3,0,3,0,1,2,2,N,N,39 58:18.814,75 13:25.291,1455, ,1445, ,0, ,N, ,3, , , , , , , , , ,2,2,0,0,0,0,0,0,0,0,0,1,1,0,0,0,0,0,0,0,0,1,0,1,0,0,0,0,0,0,0,0,0,0,0,4,0,39.9719,-75.2237, , 
17798,190297,2016112119,6,67,67301,2016,10,3,2045,20,3,1,0,1,1, , ,N,1,2,0,3,0,1,4,3,N,N,40 00:30.707,75 12:38.635,2051, ,2045, ,0, , , ,3, , , , , , , , , ,3,0,0,0,1,0,0,1,0,0,0,0,1,1,0,0,0,0,0,0,1,0,0,0,0,0,0,0,0,0,0,0,0,0,0,8,0,40.0085,-75.2107, , 
17799,190308,2016061237,6,67,67301,2016,5,2,1752,17,1,1,0,7,4, , ,N,0,0,0,3,0,1,1,2,N,N,40 01:36.628,75 05:35.047,1800, ,1754,1,1,1,N, ,0,N, , , , , , , , ,1,0,1,0,0,0,0,0,0,0,1,0,1,0,0,0,0,0,0,0,0,0,0,0,0,0,0,0,0,0,0,0,0,0,0,3,0,40.0268,-75.0931, , 
17800,190320,2016084770,6,67,67301,2016,8,3,1720,17,1,1,0,1,1, , ,N,0,8,0,3,0,1,2,2,N,N,39 53:57.396,75 09:59.574,1739, ,1720, ,0, , , ,3, , , , , , , , , ,2,0,0,0,0,0,2,0,0,0,0,1,1,0,0,0,0,0,0,0,0,0,0,0,0,0,0,0,0,0,0,0,0,0,0,4,0,39.8993,-75.1665, , 
17801,190322,2016080590,6,67,67301,2016,7,7,1630,16,1,1,0,8,1, , ,N,0,0,0,3,0,1,2,2,N,N,39 59:13.598,75 11:00.352,1635, ,1630, ,0, , , ,0, , , , , , , , , ,1,1,0,0,0,0,0,0,0,0,0,1,1,0,0,0,0,0,0,0,0,0,0,1,0,0,0,0,0,0,0,0,1,0,0,4,0,39.9871,-75.1834, , 
17802,190337,2016112109,6,67,67301,2016,10,1,1150,11,1,1,0,5,7, , ,N,7,0,2,3,0,1,2,2,N,N,40 00:38.272,75 11:04.414,1205, ,1156,9,1,2,N, ,0,N, , , , , , , , ,2,1,0,0,0,0,1,0,0,0,1,0,1,0,1,0,0,0,0,0,0,0,0,1,0,0,0,0,0,0,0,0,0,0,0,3,0,40.0106,-75.1846, , 
17803,190338,2016119306,6,67,67301,2016,11,3,1633,16,1,1,0,5,1, , ,N,0,0,0,3,0,1,3,2,N,N,39 57:27.471,75 08:54.619,1650, ,1635,1,1,3, , ,0,N, , , , , , , , ,2,2,0,0,0,0,0,0,0,0,0,0,1,1,0,0,0,0,0,0,2,0,0,1,0,0,0,0,0,0,0,0,0,0,0,8,0,39.9576,-75.1485, , 
17804,190341,2016109061,6,67,67301,2016,9,5,805,8,1,2,1,4,1, , ,N,0,0,7,3,0,2,5,3,N, ,40 01:43.858,75 12:20.890,818, ,809, ,0, , , ,0, , , , , , , , , ,3,1,0,0,0,0,1,1,0,0,0,0,2,2,0,0,0,0,0,0,1,0,0,0,0,0,0,0,0,0,0,0,0,0,0,8,0,40.0288,-75.2058, , 
17805,190349,2016044548,6,67,67301,2016,4,4,1541,15,1,1,0,4,1, , ,N,0,0,0,3,0,1,2,2,N,N,39 55:24.787,75 14:24.475,1541, ,1541, ,0, ,N, ,0, , , , , , , , , ,2,1,0,0,0,0,1,0,0,0,0,0,1,1,0,0,0,0,0,0,0,0,0,0,0,0,0,0,0,0,0,0,0,0,0,8,0,39.9236,-75.2401, , 
17806,190350,2016044585,6,67,67301,2016,4,2,9999,99,1,1,0,1,1, , ,N,0,2,0,3,0,2,3,2,N, ,39 59:59.252,75 09:11.477,1720, ,1706, ,0, , , ,3, , , , , , , , , ,2,2,0,0,0,0,0,0,0,0,0,2,2,0,0,0,0,0,0,0,1,0,0,0,0,0,0,0,0,0,0,0,0,0,0,4,0,39.9998,-75.1532, , 
17807,190354,2016051220,6,67,67301,2016,1,5,9999,99,1,1,0,1,1, , ,N,0,0,0,3,0,1,2,2,N,N,39 56:52.237,75 09:44.658,0, ,0, ,0, ,N, ,0, , , , , , , , , ,2,0,0,0,0,0,1,1,0,0,0,0,1,1,0,0,0,0,0,0,1,0,0,2,0,0,0,0,0,0,0,0,0,0,0,8,0,39.9478,-75.1624, , 