objectid_1,objectid,crn,district,county,municipality,crash_year,crash_month,day_of_week,time_of_day,hour_of_day,illumination,weather,road_condition,collision_type,relation_to_road,work_zone_type,work_zone_loc,work_zone_ind,intersect_type,tcd_type,location_type,urban_rural,fatal_count,injury_count,person_count,total_units,sch_bus_ind,sch_zone_ind,latitude,longitude,arrival_tm,cons_zone_spd_lim,dispatch_tm,est_hrs_closed,lane_closed,ln_close_dir,ntfy_hiwy_maint,spec_juris_cd,tcd_func_cd,tfc_detour_ind,workers_pres,wz_close_detour,wz_flagger,wz_law_offcr_ind,wz_ln_closure,wz_moving,wz_other,wz_shlder_mdn,vehicle_count,automobile_count,motorcycle_count,bus_count,small_truck_count,heavy_truck_count,suv_count,van_count,bicycle_count,maj_inj_count,mod_inj_count,min_inj_count,tot_inj_count,unk_inj_deg_count,unk_inj_per_count,driver_count_16yr,driver_count_17yr,driver_count_18yr,driver_count_19yr,driver_count_20yr,driver_count_50_64yr,driver_count_65_74yr,driver_count_75plus,unbelted_occ_count,unb_death_count,unb_maj_inj_count,belted_death_count,belted_maj_inj_count,mcycle_death_count,mcycle_maj_inj_count,bicycle_death_count,bicycle_maj_inj_count,ped_count,ped_death_count,ped_maj_inj_count,max_severity_level,comm_veh_count,dec_lat,dec_long,rdwy_surf_type_cd,county_name
17942,189153,2016064024,6,67,67301,2016,6,2,1059,10,1,1,0,4,1, , ,N,2,0,0,3,0,1,4,2,N, ,39 56:24.882,75 09:41.903,1125, ,1119,1,2,4, , ,0,Y, , , , , , , , ,2,2,0,0,0,0,0,0,0,0,0,1,1,0,0,0,0,0,0,0,0,0,0,0,0,0,0,0,0,0,0,0,0,0,0,4,0,39.9402,-75.1616, , 
17943,190827,2016105952,6,67,67301,2016,9,1,338,3,3,1,0,1,1, , ,N,0,0,0,3,1,0,2,2,N,N,40 00:24.247,75 07:10.973,406, ,400, ,0, ,N,0,0, , , , , , , , , ,2,2,0,0,0,0,0,0,0,0,0,0,0,0,0,0,0,0,0,0,0,0,0,1,1,0,0,0,0,0,0,0,0,0,0,1,0,40.0067,-75.1197,2, 
17944,190828,2016112257,6,67,67301,2016,10,5,224,2,3,1,0,5,6, , ,N,0,0,0,3,0,1,1,3,N,N,39 58:02.053,75 08:44.912,318, ,314, ,0, ,N, ,0, , , , , , , , , ,3,2,0,0,0,0,1,0,0,0,0,0,1,1,0,0,0,0,0,0,0,0,0,1,0,0,0,0,0,0,0,0,0,0,0,8,0,39.9672,-75.1458, , 
17945,190830,2016108541,6,67,67301,2016,9,6,1349,13,1,2,1,7,4, , ,N,0,0,0,3,0,0,1,1,N, ,40 01:14.658,75 08:30.168,1415, ,1400,1,1,2, , ,0,N, , , , , , , , ,1,1,0,0,0,0,0,0,0,0,0,0,0,0,0,0,0,0,0,0,0,0,0,0,0,0,0,0,0,0,0,0,0,0,0,0,0,40.0207,-75.1417, , 
17946,190846,2016080444,6,67,67301,2016,7,4,1743,17,1,1,0,4,1, , ,N,0,0,0,3,0,1,2,2,N,N,40 01:33.091,75 03:20.004,1812, ,1810, ,0, ,N, ,0, , , , , , , , , ,1,0,0,0,0,0,1,0,1,0,1,0,1,0,0,0,0,0,0,0,1,0,0,0,0,0,0,0,0,0,0,0,0,0,0,3,0,40.0259,-75.0556, , 
17947,190852,2016087676,6,67,67301,2016,7,6,9999,99,1,1,0,4,1, , ,N,1,2,0,3,0,0,2,2,N,N,40 05:40.347,75 00:54.154,1354, ,1353, ,0, ,N, ,3, , , , , , , , , ,2,2,0,0,0,0,0,0,0,0,0,0,0,0,0,0,0,0,0,0,1,0,0,0,0,0,0,0,0,0,0,0,0,0,0,0,0,40.0946,-75.0152, , 
17948,190856,2016091613,6,67,67301,2016,8,3,1200,12,1,1,0,4,1, , ,N,1,2,0,3,0,0,2,2,N,N,39 57:29.061,75 09:44.627,1215, ,1211, ,0, ,N, ,3, , , , , , , , , ,2,1,0,0,0,0,1,0,0,0,0,0,0,0,0,0,0,0,0,0,1,0,0,0,0,0,0,0,0,0,0,0,0,0,0,0,0,39.9579,-75.1623, , 
17949,190877,2016119658,6,67,67301,2016,10,1,827,8,1,1,0,7,4, , ,N,0,0,0,3,0,1,2,2,N,N,39 55:14.281,75 11:26.450,841, ,831,1,2,1, , ,0,N, , , , , , , , ,2,1,0,0,0,0,1,0,0,0,1,0,1,0,0,0,0,0,0,0,0,0,0,1,0,0,0,0,0,0,0,0,0,0,0,3,0,39.9206,-75.1907, , 
17950,190905,2016097165,6,67,67301,2016,8,6,1923,19,1,1,0,5,1, , ,N,1,2,0,3,0,1,6,2,N,N,40 02:24.861,75 03:30.268,1940, ,1931, ,0, ,N, ,3, , , , , , , , , ,2,1,0,0,0,0,1,0,0,0,0,0,1,1,0,0,0,0,0,0,0,0,0,0,0,0,0,0,0,0,0,0,0,0,0,8,0,40.0402,-75.0584, , 
17951,190924,2016114682,6,67,67301,2016,10,6,1406,14,1,1,0,1,1, , ,N,1,2,0,3,0,2,4,2,N,N,40 00:31.066,75 12:38.913,1410, ,1406,1,1,2, , ,3,N, , , , , , , , ,2,2,0,0,0,0,0,0,0,0,0,2,2,0,0,0,0,0,0,0,1,0,0,0,0,0,0,0,0,0,0,0,0,0,0,4,0,40.0085,-75.2107, , 
17952,190931,2016071095,6,67,67301,2016,6,7,2320,23,3,1,0,4,1, , ,N,1,2,0,3,0,1,2,2,N,N,39 58:08.526,75 09:36.120,2325, ,2323, ,0, ,N, ,3, , , , , , , , , ,2,0,1,0,1,0,0,0,0,0,1,0,1,0,0,0,0,0,0,0,1,0,0,1,0,0,0,0,0,0,0,0,0,0,0,3,0,39.9689,-75.1599, , 
17953,190948,2016080092,6,67,67301,2016,6,5,2048,20,3,1,0,4,1, , ,N,1,3,0,3,0,0,6,2,N, ,39 57:09.525,75 13:53.709,2054, ,2048, ,0, , , ,3, , , , , , , , , ,2,2,0,0,0,0,0,0,0,0,0,0,0,0,0,0,0,0,0,0,0,0,0,2,0,0,0,0,0,0,0,0,0,0,0,0,0,39.9526,-75.2316, , 
17954,190958,2016080687,6,67,67301,2016,7,4,1621,16,1,1,0,4,1, , ,N,2,3,0,3,0,1,2,2,N,N,39 58:46.461,75 10:15.811,1924, ,1920, ,0, ,N, ,3, , , , , , , , , ,1,0,0,0,0,0,1,0,1,0,0,0,1,1,0,0,0,0,0,0,0,0,0,1,0,0,0,0,0,0,0,0,0,0,0,8,0,39.9796,-75.1711, , 
17955,190965,2016091684,6,67,67301,2016,8,7,1,0,3,1,0,5,6, , ,N,0,0,0,3,0,0,2,2,N,N,39 55:25.723,75 09:20.315,14, ,14, ,0, ,N, ,0, , , , , , , , , ,2,2,0,0,0,0,0,0,0,0,0,0,0,0,0,0,0,0,0,0,0,0,0,1,0,0,0,0,0,0,0,0,0,0,0,0,0,39.9238,-75.1556, , 
17956,190976,2016048689,6,67,67301,2016,4,2,1408,14,1,1,0,4,1, , ,N,1,2,0,3,0,1,3,2,N,N,40 03:34.205,75 04:49.964,1433, ,1428,2,2,3,N, ,3,Y, , , , , , , , ,2,2,0,0,0,0,0,0,0,0,0,1,1,0,0,0,0,0,0,0,0,1,0,0,0,0,0,0,0,0,0,0,0,0,0,4,0,40.0595,-75.0805, , 
17957,190984,2016068653,6,67,67301,2016,6,4,315,3,3,1,0,7,4, , ,N,0,0,7,3,0,0,1,1,N,N,39 59:30.799,75 04:07.555,325, ,325, ,0, ,N, ,0, , , , , , , , , ,1,0,0,0,0,0,1,0,0,0,0,0,0,0,0,0,0,0,0,0,0,0,0,0,0,0,0,0,0,0,0,0,0,0,0,0,0,39.9919,-75.0688, , 
17958,190997,2016080831,6,67,67301,2016,7,3,1705,17,1,1,0,4,1, , ,N,2,3,0,3,0,1,2,2,N,N,39 58:49.450,75 08:49.394,1713, ,1713, ,0, ,N, ,3, , , , , , , , , ,1,1,0,0,0,0,0,0,1,0,0,1,1,0,1,0,0,0,0,0,0,0,0,0,0,0,0,0,0,0,0,0,0,0,0,4,0,39.9804,-75.1471, , 
17959,191005,2016082376,6,67,67301,2016,7,1,221,2,3,1,0,1,1, , ,N,5,2,0,3,0,1,2,2,N,N,39 59:55.130,75 10:41.603,221, ,223,3,2,5,N, ,3,Y, , , , , , , , ,2,1,0,0,0,0,1,0,0,0,0,1,1,0,0,0,0,0,0,0,0,0,0,0,0,0,0,0,0,0,0,0,0,0,0,4,0,39.9987,-75.1782, , 
17960,191011,2016097109,6,67,67301,2016,8,1,1820,18,1,1,0,5,6, , ,N,0,0,0,3,0,0,1,9,N,N,40 06:49.892,75 01:34.816,9999, ,1823, ,0, ,N, ,0, , , , , , , , , ,9,1,0,0,0,0,1,0,0,0,0,0,0,0,0,0,0,0,0,0,1,0,0,0,0,0,0,0,0,0,0,0,0,0,0,0,0,40.1139,-75.0263, , 
17961,191016,2016099643,6,67,67301,2016,9,3,1800,18,1,1,0,4,1, , ,N,1,3,0,3,0,1,2,2,N,N,39 55:41.394,75 09:36.802,1925, ,1920, ,0, ,N, ,3, , , , , , , , , ,1,0,0,0,0,0,1,0,1,0,0,1,1,0,0,0,0,0,0,0,0,0,0,1,0,0,0,0,0,0,0,0,0,0,0,4,0,39.9282,-75.1602, , 
17962,182983,2016056433,6,67,67301,2016,5,6,1910,19,4,1,0,4,1, , ,N,5,2,2,3,0,1,4,2,N,N,39 57:16.308,75 08:58.375,9999, ,9999, ,0, ,N, ,3, , , , , , , , , ,2,1,0,0,0,0,0,1,0,0,0,1,1,0,0,0,0,0,0,0,0,0,0,0,0,0,0,0,0,0,0,0,0,0,0,4,0,39.9547,-75.1495, , 
17963,182987,2016062846,6,67,67301,2016,6,2,1720,17,1,1,0,4,1, , ,N,1,2,0,3,0,0,2,2,N,N,40 00:22.203,75 09:06.487,1720, ,1720, ,0, ,N, ,3, , , , , , , , , ,2,1,0,0,0,0,1,0,0,0,0,0,0,0,0,0,0,0,0,0,0,0,0,2,0,0,0,0,0,0,0,0,0,0,0,0,0,40.0062,-75.1518, , 
17964,183006,2016096630,6,67,67301,2016,8,2,2030,20,3,1,0,2,1, , ,N,0,0,0,3,0,7,9,2,N,N,40 01:03.407,75 09:17.178,2055, ,2030, ,0, ,N, ,0, , , , , , , , , ,2,1,0,1,0,0,0,0,0,0,0,6,7,1,0,0,0,0,0,0,0,0,0,0,0,0,0,0,0,0,0,0,0,0,0,4,1,40.0176,-75.1548, , 
17965,183021,2016099568,6,67,67301,2016,9,3,801,8,1,1,0,1,1, , ,N,1,0,0,3,0,3,6,3,Y, ,39 57:31.770,75 09:35.913,815, ,801,2,2,1, , ,0,Y, , , , , , , , ,3,1,0,1,0,0,1,0,0,0,0,0,3,3,0,0,0,0,0,0,0,2,0,0,0,0,0,0,0,0,0,0,0,0,0,8,1,39.9588,-75.16, , 
17966,183037,2016070654,6,67,67301,2016,6,5,310,3,3,1,0,6,6, , ,N,0,0,0,3,0,1,1,3,N, ,40 01:12.545,75 09:23.685,315, ,312, ,0, ,N, ,0, , , , , , , , , ,3,2,0,0,0,0,0,0,0,0,0,1,1,0,0,0,0,0,0,0,0,0,0,0,0,0,0,0,0,0,0,0,0,0,0,4,0,40.0202,-75.1566, , 
17967,183040,2016080500,6,67,67301,2016,6,2,1110,11,1,1,0,4,1, , ,N,1,3,0,3,0,1,2,2,N,N,39 58:21.090,75 09:13.553,1120, ,1115, ,0, ,N, ,3, , , , , , , , , ,1,0,0,0,1,0,0,0,1,0,0,0,1,1,0,0,0,0,0,0,1,0,0,1,0,0,0,0,0,0,0,0,0,0,0,8,0,39.9725,-75.1538, , 
17968,183050,2016091736,6,67,67301,2016,8,4,1258,12,1,1,0,1,1, , ,N,0,0,0,3,0,1,2,2,N,N,39 57:32.733,75 10:17.556,1349, ,1309, ,0, , , ,0, , , , , , , , , ,2,1,0,0,0,0,0,1,0,0,0,0,1,1,0,0,0,0,0,0,2,0,0,0,0,0,0,0,0,0,0,0,0,0,0,8,0,39.9591,-75.1715, , 
17969,183056,2016097600,6,67,67301,2016,9,2,1450,14,1,1,0,4,1, , ,N,2,2,0,3,0,2,3,2,N,N,40 06:43.320,74 59:25.838,1540, ,1532, ,0, , , ,3, , , , , , , , , ,2,2,0,0,0,0,0,0,0,0,0,1,2,1,0,0,0,0,0,0,0,0,0,0,0,0,0,0,0,0,0,0,0,0,0,4,0,40.112,-74.9905, , 
17970,183069,2016105579,6,67,67301,2016,9,4,1039,10,1,1,0,4,1, , ,N,1,2,0,3,0,1,2,3,N,N,39 59:03.987,75 08:30.724,1041, ,1040, ,0, , , ,3, , , , , , , , , ,3,2,0,0,0,0,0,1,0,0,0,1,1,0,0,0,0,0,0,0,0,0,0,0,0,0,0,0,0,0,0,0,0,0,0,4,0,39.9844,-75.1419, , 
17971,183073,2016062679,6,67,67301,2016,5,5,208,2,3,1,0,5,6, , ,N,0,0,0,3,0,0,1,3,N,N,39 58:45.782,75 10:21.960,211, ,209,9,2,4,N, ,0,Y, , , , , , , , ,3,1,0,0,1,0,0,1,0,0,0,0,0,0,1,0,0,0,0,0,0,0,0,0,0,0,0,0,0,0,0,0,0,0,0,9,0,39.9794,-75.1728, , 
17972,183076,2016063912,6,67,67301,2016,6,7,1800,18,1,1,0,4,1, , ,N,1,2,0,3,0,0,7,3,N,N,40 00:38.808,75 07:35.921,1810, ,1808,2,2,7,N, ,3,Y, , , , , , , , ,3,2,0,0,0,0,1,0,0,0,0,0,0,0,0,0,1,0,0,0,0,0,0,1,0,0,0,0,0,0,0,0,0,0,0,0,0,40.0108,-75.1266, , 
17973,183077,2016064044,6,67,67301,2016,5,2,600,6,5,1,1,4,1, , ,N,1,2,0,3,0,1,5,2,N,N,39 57:14.230,75 09:34.171,715, ,705, ,0, ,N, ,3, , , , , , , , , ,2,1,0,0,0,1,0,0,0,0,0,1,1,0,0,0,0,0,0,0,0,0,0,0,0,0,0,0,0,0,0,0,0,0,0,4,0,39.9539,-75.1595, , 
17974,183090,2016022055,6,67,67301,2016,1,2,13,0,3,1,0,5,6, , ,N,0,0,0,3,0,0,1,3,N,N,40 05:37.759,75 01:43.320,15, ,13, ,0, ,N, ,0, , , , , , , , , ,3,3,0,0,0,0,0,0,0,0,0,0,0,0,0,0,0,0,0,0,0,0,0,0,0,0,0,0,0,0,0,0,0,0,0,0,0,40.0938,-75.0287, , 
17975,183095,2016027529,6,67,67301,2016,2,1,940,9,1,1,0,4,1, , ,N,1,3,0,3,0,1,2,2,N,N,39 56:48.919,75 11:00.412,1001, ,940, ,0, , , ,3, , , , , , , , , ,1,0,0,0,0,0,1,0,1,0,0,0,1,1,0,0,0,0,0,0,0,0,0,1,0,0,0,0,0,0,0,0,0,0,0,8,0,39.9469,-75.1834, , 
17976,183102,2016036423,6,67,67301,2016,3,7,215,2,3,1,0,7,4, , ,N,0,0,0,3,0,1,2,1,N,N,39 59:01.514,75 11:04.039,239, ,236, ,0, , , ,0, , , , , , , , , ,1,0,0,0,0,0,1,0,0,0,0,0,1,1,0,0,0,0,0,0,0,0,0,0,0,0,0,0,0,0,0,0,0,0,0,8,0,39.9838,-75.1845, , 
17977,183107,2016042504,6,67,67301,2016,4,6,1641,16,1,1,0,1,1, , ,N,0,0,0,3,0,0,4,3,N,N,39 58:52.341,75 12:24.581,1709, ,1651,1,2,3, , ,0,N, , , , , , , , ,3,3,0,0,0,0,0,0,0,0,0,0,0,0,0,0,0,0,0,0,0,0,0,0,0,0,0,0,0,0,0,0,0,0,0,0,0,39.9812,-75.2068, , 
17978,183111,2016045730,6,67,67301,2016,4,1,1430,14,1,1,0,1,1, , ,N,0,0,0,3,0,1,8,3,N,N,39 58:28.976,75 12:45.182,9999, ,9999, ,0, ,N, ,0, , , , , , , , , ,3,2,0,0,0,0,0,1,0,0,0,1,1,0,0,0,0,0,0,0,2,1,0,0,0,0,0,0,0,0,0,0,0,0,0,4,0,39.9747,-75.2126, , 
17979,183180,2016065628,6,67,67301,2016,6,7,1510,15,1,1,0,7,4, , ,N,0,0,0,3,0,1,1,1,N,N,40 00:45.527,75 07:10.649,1603, ,1600, ,0, ,N, ,0, , , , , , , , , ,1,1,0,0,0,0,0,0,0,0,0,1,1,0,0,0,0,0,0,0,0,0,0,0,0,0,0,0,0,0,0,0,0,0,0,4,0,40.0126,-75.1196, , 
17980,185969,2016080938,6,67,67301,2016,6,3,1441,14,1,1,0,1,1, , ,N,0,0,0,3,0,1,4,3,N, ,40 05:07.147,75 02:13.185,1510, ,1500, ,0, , , ,0, , , , , , , , , ,3,1,0,0,1,0,1,0,0,0,0,0,1,1,0,0,0,0,0,0,3,0,0,0,0,0,0,0,0,0,0,0,0,0,0,8,0,40.0853,-75.037, , 
17981,185973,2016084195,6,67,67301,2016,7,1,350,3,2,1,1,7,4, , ,N,7,0,0,3,0,0,1,1,N,N,39 56:26.540,75 08:36.700,350, ,350, ,0, , , ,0, , , , , , , , , ,1,0,0,0,1,0,0,0,0,0,0,0,0,0,0,0,0,0,0,0,0,0,0,0,0,0,0,0,0,0,0,0,0,0,0,0,0,39.9407,-75.1435, , 
17982,185986,2016093238,6,67,67301,2016,9,3,1001,10,1,1,0,1,1, , ,N,0,0,0,3,0,1,2,2,N,N,39 57:36.602,75 10:48.939,1003, ,1001,1,2,4, , ,0,N, , , , , , , , ,2,1,0,0,0,0,0,1,0,0,0,0,1,1,0,0,0,0,0,0,1,1,0,0,0,0,0,0,0,0,0,0,0,0,0,8,0,39.9602,-75.1803, , 
17983,185989,2016096613,6,67,67301,2016,8,4,130,1,3,1,0,7,2, , ,N,0,0,2,3,0,0,1,1,N,N,39 52:55.619,75 14:45.957,145, ,132, ,0, ,N, ,0, , , , , , , , , ,1,0,0,0,0,0,1,0,0,0,0,0,0,0,0,0,0,0,0,0,0,0,0,1,0,0,0,0,0,0,0,0,0,0,0,0,0,39.8821,-75.2461, , 
17984,185994,2016089961,6,67,67301,2016,8,6,1250,12,1,1,0,4,1, , ,N,1,2,0,3,0,1,5,3,N,N,39 57:57.056,75 14:02.155,1257, ,1250, ,0, ,N, ,3, , , , , , , , , ,3,1,0,0,0,0,2,0,0,0,0,0,1,1,0,0,0,0,0,0,1,0,0,0,0,0,0,0,0,0,0,0,0,0,0,8,0,39.9658,-75.2339, , 
17985,186010,2016065712,6,67,67301,2016,6,7,2102,21,3,1,0,4,1, , ,N,1,3,0,3,0,1,2,2,N,N,39 55:31.162,75 09:27.611,2108, ,2105, ,0, ,N, ,3, , , , , , , , , ,2,1,0,0,0,0,1,0,0,0,0,1,1,0,0,0,0,0,0,0,0,1,0,0,0,0,0,0,0,0,0,0,0,0,0,4,0,39.9253,-75.1577, , 
17986,186016,2016080514,6,67,67301,2016,6,7,811,8,1,1,0,1,1, , ,N,5,2,2,3,0,1,2,2,N, ,39 55:17.968,75 11:24.723,822, ,822,1,1,3, , ,3,N, , , , , , , , ,2,1,0,0,1,0,0,0,0,0,0,1,1,0,0,0,0,0,0,0,1,0,0,1,0,0,0,0,0,0,0,0,0,0,0,4,0,39.9217,-75.1902, , 
17987,186046,2016099515,6,67,67301,2016,9,5,9999,99,1,1,0,6,6, , ,N,0,0,0,3,0,1,1,4,N,N,39 59:04.743,75 13:44.356,9999, ,9999, ,0, ,N, ,0, , , , , , , , , ,4,1,0,0,0,0,3,0,0,0,1,0,1,0,0,0,0,0,0,0,0,0,0,0,0,0,0,0,0,0,0,0,0,0,0,3,0,39.9847,-75.229, , 
17988,186058,2016060055,6,67,67301,2016,5,7,2320,23,3,1,0,5,1, , ,N,0,0,0,3,0,1,3,2,N,N,39 57:58.277,75 11:13.081,2324, ,2321,2,1,3, , ,0,N, , , , , , , , ,2,2,0,0,0,0,0,0,0,0,1,0,1,0,0,0,0,0,0,0,0,0,0,2,0,0,0,0,0,0,0,0,0,0,0,3,0,39.9662,-75.187, , 
17989,186060,2016060847,6,67,67301,2016,5,7,810,8,1,1,0,1,1, , ,N,0,0,0,3,0,1,2,2,N,N,40 00:46.516,75 07:07.939,820, ,812, ,0, ,N, ,0, , , , , , , , , ,2,1,0,0,0,0,0,1,0,0,0,1,1,0,1,0,0,0,0,0,0,0,0,0,0,0,0,0,0,0,0,0,0,0,0,4,0,40.0129,-75.1189, , 
17990,186090,2016080690,6,67,67301,2016,7,2,1645,16,1,1,1,8,1, , ,N,5,2,0,3,0,1,2,2,N, ,39 57:17.234,75 09:58.979,1659, ,1655, ,0, , , ,3, , , , , , , , , ,1,0,0,0,0,0,0,1,0,0,0,1,1,0,0,0,0,0,0,0,0,0,0,1,0,0,0,0,0,0,0,0,1,0,0,4,0,39.9548,-75.1664, , 
17991,186095,2016092184,6,67,67301,2016,8,4,1515,15,1,1,0,8,1, , ,N,0,0,1,3,0,1,3,2,N,N,40 00:24.600,75 05:40.600,1515, ,1515, ,0, ,N, ,0, , , , , , , , , ,1,1,0,0,0,0,0,0,0,0,1,0,1,0,0,0,0,0,0,0,0,0,0,2,0,0,0,0,0,0,0,0,1,0,0,3,0,40.0068,-75.0946, , 
17992,186123,2016064103,6,67,67301,2016,6,5,2044,20,3,1,0,7,7, , ,N,7,0,2,3,0,1,1,1,N,N,40 00:40.818,75 03:41.172,2113, ,2054,2,2,2, , ,0,N, , , , , , , , ,1,1,0,0,0,0,0,0,0,0,0,0,1,1,0,0,0,0,0,0,0,0,1,0,0,0,0,0,0,0,0,0,0,0,0,8,0,40.0101,-75.0641, , 
17993,186131,2016080122,6,67,67301,2016,7,4,2325,23,3,1,0,4,1, , ,N,1,2,0,3,0,3,4,2,N,N,39 59:09.028,75 12:56.230,2340, ,2335,2,1,7,N, ,3,N, , , , , , , , ,2,2,0,0,0,0,0,0,0,0,0,3,3,0,0,0,0,0,0,0,1,0,0,0,0,0,0,0,0,0,0,0,0,0,0,4,0,39.9858,-75.2156, , 
17994,186132,2016080779,6,67,67301,2016,6,6,1045,10,1,1,0,2,6, , ,N,0,0,0,3,0,1,1,4,N, ,40 02:59.773,75 05:20.712,1108, ,1108, ,0, , , ,0, , , , , , , , , ,4,2,0,0,1,0,1,0,0,0,0,0,1,1,0,0,0,0,0,0,1,0,0,0,0,0,0,0,0,0,0,0,0,0,0,8,0,40.0499,-75.0891, , 
17995,186156,2016060501,6,67,67301,2016,5,1,1512,15,1,1,0,1,1, , ,N,0,0,0,3,0,1,4,2,N,N,39 57:27.748,75 09:00.295,1519, ,1512, ,0, , , ,0, , , , , , , , , ,2,0,0,0,0,0,2,0,0,0,1,0,1,0,0,0,0,0,0,0,0,1,0,0,0,0,0,0,0,0,0,0,0,0,0,3,0,39.9577,-75.1501, , 
17996,186159,2016062634,6,67,67301,2016,5,3,1200,12,1,2,1,4,1, , ,N,1,2,0,3,0,1,3,2,N,N,39 59:22.684,75 06:26.572,1212, ,1205, ,0, ,N, ,3, , , , , , , , , ,2,0,0,1,0,0,1,0,0,0,1,0,1,0,0,0,0,0,0,0,0,0,0,1,0,0,0,0,0,0,0,0,0,0,0,3,1,39.9896,-75.1074, , 
17997,186165,2016067821,6,67,67301,2016,5,7,9999,99,1,1,0,4,1, , ,N,1,2,0,3,0,2,3,2,N,N,39 59:56.112,75 10:06.733,0, ,9999, ,0, ,N, ,3, , , , , , , , , ,2,0,0,0,1,0,1,0,0,0,2,0,2,0,0,0,0,0,0,0,1,0,0,0,0,0,0,0,0,0,0,0,0,0,0,3,0,39.9989,-75.1685, , 
17998,189167,2016080652,6,67,67301,2016,7,5,1500,15,1,1,0,4,1, , ,N,1,2,0,3,0,0,2,2,N,N,39 58:02.640,75 12:11.012,1615, ,1615, ,0, ,N, ,3, , , , , , , , , ,2,2,0,0,0,0,0,0,0,0,0,0,0,0,0,0,0,0,0,0,1,0,0,0,0,0,0,0,0,0,0,0,0,0,0,0,0,39.9674,-75.2031, , 
17999,189181,2016105826,6,67,67301,2016,9,5,625,6,6,1,0,8,1, , ,N,1,3,0,3,0,1,2,2,N,Y,39 57:10.789,75 14:04.394,650, ,640, ,0, ,N, ,3, , , , , , , , , ,1,1,0,0,0,0,0,0,0,0,1,0,1,0,0,0,0,0,0,0,0,0,1,0,0,0,0,0,0,0,0,0,1,0,0,3,0,39.953,-75.2346, , 
18000,189184,2016115141,6,67,67301,2016,9,5,207,2,3,2,1,4,1, , ,N,2,2,0,3,0,2,2,2,N,N,39 57:00.419,75 14:57.778,208, ,207, ,0, ,N, ,3, , , , , , , , , ,2,0,0,0,0,0,2,0,0,0,1,0,2,1,0,0,0,0,0,0,0,0,0,0,0,0,0,0,0,0,0,0,0,0,0,3,0,39.9501,-75.2494, , 
18001,189201,2016060505,6,67,67301,2016,5,3,204,2,3,2,7,7,5,1,4,Y,0,0,0,3,0,0,1,1,N,N,39 58:29.812,75 07:02.808,224,45,206,1,2,1, , ,0,N,N,N,N,N,N,N,Y,N,1,1,0,0,0,0,0,0,0,0,0,0,0,0,0,0,0,0,0,0,0,0,0,0,0,0,0,0,0,0,0,0,0,0,0,0,0,39.9749,-75.1174, , 
18002,189204,2016061235,6,67,67301,2016,5,1,2103,21,3,2,1,4,1, , ,N,0,0,0,3,0,1,2,2,N,N,39 59:50.906,75 05:20.709,2133, ,2130, ,0, ,N, ,0, , , , , , , , , ,2,1,1,0,0,0,0,0,0,0,1,0,1,0,0,0,0,0,0,0,0,1,0,1,0,0,0,0,0,0,0,0,0,0,0,3,0,39.9975,-75.0891, , 
18003,189209,2016069563,6,67,67301,2016,7,1,1534,15,1,1,0,1,1, , ,N,0,0,0,3,0,1,3,2,N,N,39 57:27.113,75 09:35.896,1541, ,1534, ,0, , , ,0, , , , , , , , , ,2,1,0,0,0,0,1,0,0,0,0,0,1,1,0,0,0,0,0,0,1,0,0,0,0,0,0,0,0,0,0,0,0,0,0,8,0,39.9575,-75.16, , 
18004,189213,2016072930,6,67,67301,2016,7,3,1759,17,1,1,0,1,1,1,4,Y,0,0,0,3,0,1,2,2,N,N,39 58:02.930,75 07:55.127,1807,45,1759,1,1,1, , ,0,N,N,N,N,N,N,N,N,Y,2,1,0,0,0,0,1,0,0,0,1,0,1,0,0,0,0,0,0,0,1,0,0,0,0,0,0,0,0,0,0,0,0,0,0,3,0,39.9675,-75.132, , 
18005,189217,2016080149,6,67,67301,2016,7,3,1445,14,1,1,0,4,1, , ,N,1,3,0,3,0,1,2,2,N, ,39 55:27.516,75 09:00.352,1645, ,1600, ,0, , , ,3, , , , , , , , , ,1,1,0,0,0,0,0,0,1,0,0,1,1,0,0,0,0,0,0,0,1,0,0,1,0,0,0,0,0,0,0,0,0,0,0,4,0,39.9243,-75.1501, , 
18006,189221,2016087693,6,67,67301,2016,7,4,1228,12,1,2,1,4,1, , ,N,1,3,0,3,0,2,2,2,N,N,40 03:57.202,75 10:35.464,1240, ,1234, ,0, , , ,3, , , , , , , , , ,2,1,0,0,0,0,1,0,0,0,0,2,2,0,0,0,0,0,0,0,0,0,0,0,0,0,0,0,0,0,0,0,0,0,0,4,0,40.0659,-75.1765, , 
18007,189241,2016040898,6,67,67301,2016,4,7,1030,10,1,2,1,4,1, , ,N,1,2,0,3,0,3,5,2,N,N,39 58:38.895,75 08:54.409,1040, ,1038, ,0, , , ,3, , , , , , , , , ,2,2,0,0,0,0,0,0,0,0,0,3,3,0,0,0,0,0,0,0,0,0,0,0,0,0,0,0,0,0,0,0,0,0,0,4,0,39.9775,-75.1484, , 
18008,189246,2016048548,6,67,67301,2016,4,4,2342,23,3,1,0,7,5, , ,N,0,0,0,3,0,0,1,2,N,N,40 01:09.961,75 09:32.664,21, ,19,3,2,4,N, ,0,N, , , , , , , , ,2,1,0,0,0,0,1,0,0,0,0,0,0,0,1,0,0,0,0,0,0,0,0,0,0,0,0,0,0,0,0,0,0,0,0,9,0,40.0194,-75.1591, , 
18009,189253,2016063999,6,67,67301,2016,6,7,2200,22,3,1,0,3,6, , ,N,0,0,0,3,0,1,2,2,N,N,40 03:41.212,75 01:19.279,2303, ,2247, ,0, ,N, ,0, , , , , , , , , ,2,1,0,0,0,0,0,1,0,0,0,1,1,0,1,0,0,0,0,0,0,0,0,0,0,0,0,0,0,0,0,0,0,0,0,4,0,40.0614,-75.022, , 