objectid_1,objectid,crn,district,county,municipality,crash_year,crash_month,day_of_week,time_of_day,hour_of_day,illumination,weather,road_condition,collision_type,relation_to_road,work_zone_type,work_zone_loc,work_zone_ind,intersect_type,tcd_type,location_type,urban_rural,fatal_count,injury_count,person_count,total_units,sch_bus_ind,sch_zone_ind,latitude,longitude,arrival_tm,cons_zone_spd_lim,dispatch_tm,est_hrs_closed,lane_closed,ln_close_dir,ntfy_hiwy_maint,spec_juris_cd,tcd_func_cd,tfc_detour_ind,workers_pres,wz_close_detour,wz_flagger,wz_law_offcr_ind,wz_ln_closure,wz_moving,wz_other,wz_shlder_mdn,vehicle_count,automobile_count,motorcycle_count,bus_count,small_truck_count,heavy_truck_count,suv_count,van_count,bicycle_count,maj_inj_count,mod_inj_count,min_inj_count,tot_inj_count,unk_inj_deg_count,unk_inj_per_count,driver_count_16yr,driver_count_17yr,driver_count_18yr,driver_count_19yr,driver_count_20yr,driver_count_50_64yr,driver_count_65_74yr,driver_count_75plus,unbelted_occ_count,unb_death_count,unb_maj_inj_count,belted_death_count,belted_maj_inj_count,mcycle_death_count,mcycle_maj_inj_count,bicycle_death_count,bicycle_maj_inj_count,ped_count,ped_death_count,ped_maj_inj_count,max_severity_level,comm_veh_count,dec_lat,dec_long,rdwy_surf_type_cd,county_name
18010,189265,2016083342,6,67,67301,2016,7,6,1122,11,1,1,0,8,1, , ,N,1,2,0,3,0,1,2,2,N,N,39 57:09.713,75 08:59.754,1126, ,1122, ,0, ,N, ,3, , , , , , , , , ,1,0,0,1,0,0,0,0,0,0,0,1,1,0,0,0,0,0,0,0,1,0,0,0,0,0,0,0,0,0,0,0,1,0,0,4,1,39.9528,-75.1499, , 
18011,189270,2016089489,6,67,67301,2016,8,1,1138,11,1,1,0,1,1, , ,N,0,0,0,3,0,0,7,4,N,N,39 58:42.385,75 12:09.628,1142, ,1138,1,2,3, , ,0,N, , , , , , , , ,4,1,0,0,0,0,2,0,0,0,0,0,0,0,1,0,0,0,0,0,1,0,0,0,0,0,0,0,0,0,0,0,0,0,0,9,0,39.9784,-75.2027, , 
18012,189282,2016087181,6,67,67301,2016,8,7,1033,10,1,1,0,4,1, , ,N,0,0,0,3,0,0,3,2,N, ,40 03:39.269,75 03:06.939,1045, ,1033, ,0, , , ,0, , , , , , , , , ,2,1,0,0,1,0,0,0,0,0,0,0,0,0,0,0,0,0,0,0,1,0,0,0,0,0,0,0,0,0,0,0,0,0,0,0,0,40.0609,-75.0519, , 
18013,189326,2016099574,6,67,67301,2016,9,1,119,1,3,1,0,1,6, , ,N,0,0,0,3,0,0,1,2,N,N,40 00:57.691,75 09:12.642,135, ,133, ,0, ,N, ,0, , , , , , , , , ,2,2,0,0,0,0,0,0,0,0,0,0,0,0,1,0,0,0,0,0,1,0,0,1,0,0,0,0,0,0,0,0,0,0,0,9,0,40.016,-75.1535, , 
18014,189327,2016105723,6,67,67301,2016,9,3,2200,22,3,9,8,4,1, , ,N,2,2,7,3,0,1,2,2,N,N,40 05:47.042,74 58:32.747,2215, ,2205, ,0, ,N, ,3, , , , , , , , , ,2,1,0,0,0,0,1,0,0,0,0,0,1,1,1,0,1,0,0,0,0,0,0,0,0,0,0,0,0,0,0,0,0,0,0,8,0,40.0964,-74.9758, , 
18015,189363,2016080534,6,67,67301,2016,7,6,1115,11,1,1,0,4,1, , ,N,0,0,7,3,0,1,2,3,N,N,39 59:36.096,75 06:12.992,1140, ,1140, ,0, ,N, ,0, , , , , , , , , ,3,0,0,0,0,0,2,0,0,0,0,1,1,0,0,0,0,0,0,0,1,0,0,0,0,0,0,0,0,0,0,0,0,0,0,4,0,39.9934,-75.1036, , 
18016,180374,2016105497,6,67,67301,2016,9,1,201,2,3,1,0,5,1, , ,N,0,0,0,3,0,0,2,4,N,N,40 00:41.680,75 06:28.516,209, ,201, ,0, ,N, ,0, , , , , , , , , ,4,3,0,0,0,0,0,1,0,0,0,0,0,0,0,0,0,0,0,0,0,0,0,0,0,0,0,0,0,0,0,0,0,0,0,0,0,40.0116,-75.1079, , 
18017,180378,2016043701,6,67,67301,2016,3,1,444,4,3,1,0,6,1, , ,N,0,0,0,3,0,0,2,2,N,N,40 03:23.398,75 09:26.238,457, ,450, ,0, ,N, ,0, , , , , , , , , ,2,1,0,0,0,0,1,0,0,0,0,0,0,0,0,0,0,0,0,0,0,0,0,0,0,0,0,0,0,0,0,0,0,0,0,0,0,40.0565,-75.1573, , 
18018,180380,2016044758,6,67,67301,2016,5,3,15,0,3,2,1,4,1, , ,N,1,3,0,3,0,3,5,2,N,N,39 58:39.345,75 09:38.332,17, ,15, ,0, ,N, ,3, , , , , , , , , ,2,2,0,0,0,0,0,0,0,0,0,0,3,3,0,0,0,1,0,0,0,0,0,0,0,0,0,0,0,0,0,0,0,0,0,8,0,39.9776,-75.1606, , 
18019,180389,2016080323,6,67,67301,2016,7,7,9999,99,3,1,0,4,1, , ,N,1,2,0,3,0,3,5,2,N, ,40 05:12.438,74 58:18.635,9999, ,9999, ,0, , , ,3, , , , , , , , , ,2,1,0,0,0,0,0,1,0,0,1,2,3,0,0,0,0,0,0,0,0,0,0,0,0,0,0,0,0,0,0,0,0,0,0,3,0,40.0868,-74.9718, , 
18020,180394,2016089901,6,67,67301,2016,8,1,1916,19,1,1,0,8,6, , ,N,0,0,0,3,0,1,4,4,N,N,40 01:03.361,75 05:01.933,1921, ,1920, ,0, ,N, ,0, , , , , , , , , ,1,0,0,0,0,0,0,1,0,0,0,1,1,0,0,0,0,0,0,0,0,0,0,1,0,0,0,0,0,0,0,0,3,0,0,4,0,40.0176,-75.0839, , 
18021,180399,2016097648,6,67,67301,2016,8,2,1745,17,1,1,0,8,1, , ,N,1,2,0,3,0,1,2,2,N, ,39 56:49.768,75 09:21.862,1811, ,1758, ,0, , , ,3, , , , , , , , , ,1,0,0,0,0,0,1,0,0,0,0,1,1,0,0,0,0,0,0,0,0,0,0,1,0,0,0,0,0,0,0,0,1,0,0,4,0,39.9472,-75.1561, , 
18022,180414,2016112104,6,67,67301,2016,10,3,2315,23,3,1,0,4,1, , ,N,1,2,0,3,0,5,7,4,N,N,39 58:58.242,75 08:31.963,40, ,33, ,0, ,N, ,3, , , , , , , , , ,4,2,0,0,0,0,2,0,0,0,1,4,5,0,0,0,0,0,0,0,0,0,0,0,0,0,0,0,0,0,0,0,0,0,0,3,0,39.9828,-75.1422, , 
18023,180415,2016112183,6,67,67301,2016,10,4,1830,18,3,1,0,4,1, , ,N,1,3,0,3,0,1,3,2,N,N,39 56:33.900,75 09:42.753,1910, ,1901, ,0, ,N, ,3, , , , , , , , , ,2,1,0,0,0,0,1,0,0,0,0,1,1,0,0,0,0,0,1,0,1,0,0,3,0,0,0,0,0,0,0,0,0,0,0,4,0,39.9428,-75.1619, , 
18024,180426,2016071079,6,67,67301,2016,6,6,1415,14,1,1,0,1,6, , ,N,0,0,0,3,0,1,2,2,N,N,39 54:56.818,75 14:33.921,1445, ,1438, ,0, , , ,0, , , , , , , , , ,2,1,0,0,0,0,0,1,0,0,0,1,1,0,0,0,0,0,0,0,0,0,0,0,0,0,0,0,0,0,0,0,0,0,0,4,0,39.9158,-75.2428, , 
18025,180440,2016032045,6,67,67301,2016,3,1,1628,16,1,1,0,4,6, , ,N,0,0,7,3,0,1,2,2,N,N,39 56:53.083,75 09:49.050,1637, ,1636,1,1,3,N, ,0,Y, , , , , , , , ,2,2,0,0,0,0,0,0,0,0,0,1,1,0,0,0,0,0,0,0,0,1,0,0,0,0,0,0,0,0,0,0,0,0,0,4,0,39.9481,-75.1636, , 
18026,180444,2016036380,6,67,67301,2016,3,2,2020,20,3,1,0,4,1, , ,N,0,0,7,3,0,1,3,2,N,N,40 02:35.308,75 05:45.446,2030, ,2024, ,0, ,N, ,0, , , , , , , , , ,2,2,0,0,0,0,0,0,0,0,0,1,1,0,0,0,0,0,0,0,1,0,0,1,0,0,0,0,0,0,0,0,0,0,0,4,0,40.0431,-75.096, , 
18027,180445,2016036470,6,67,67301,2016,3,1,1700,17,1,2,1,4,1, , ,N,2,3,0,3,0,0,3,3,N,N,40 00:32.432,75 09:22.384,1830, ,1822, ,0, ,N, ,3, , , , , , , , , ,3,3,0,0,0,0,0,0,0,0,0,0,0,0,0,0,0,0,0,0,0,0,0,0,0,0,0,0,0,0,0,0,0,0,0,0,0,40.009,-75.1562, , 
18028,180466,2016052330,6,67,67301,2016,5,3,645,6,5,2,1,5,6, , ,N,0,0,0,3,0,0,1,2,N,N,40 00:04.312,75 09:23.671,849, ,847, ,0, ,N, ,0, , , , , , , , , ,2,1,0,0,0,0,0,1,0,0,0,0,0,0,1,0,0,0,0,0,0,0,0,0,0,0,0,0,0,0,0,0,0,0,0,9,0,40.0012,-75.1566, , 
18029,180473,2016052820,6,67,67301,2016,4,5,1450,14,1,2,1,1,1, , ,N,1,2,0,3,0,1,2,2,N,N,40 02:02.361,75 04:27.863,1458, ,1438,2,1,1,N, ,3,N, , , , , , , , ,2,1,0,0,0,0,1,0,0,0,0,0,1,1,0,0,0,0,0,0,0,0,0,0,0,0,0,0,0,0,0,0,0,0,0,8,0,40.034,-75.0744, , 
18030,180475,2016054198,6,67,67301,2016,5,6,111,1,3,2,1,7,2, , ,N,0,0,0,3,0,1,1,1,N,N,39 57:00.394,75 08:56.380,113, ,111, ,0, ,N, ,0, , , , , , , , , ,1,1,0,0,0,0,0,0,0,0,1,0,1,0,0,0,0,0,0,0,0,0,0,0,0,0,0,0,0,0,0,0,0,0,0,3,0,39.9501,-75.149, , 
18031,180481,2016058667,6,67,67301,2016,5,3,1950,19,3,2,1,4,1, , ,N,2,3,0,3,0,0,3,2,N,N,40 03:50.374,75 14:57.076,2043, ,2031, ,0, ,N, ,3, , , , , , , , , ,2,2,0,0,0,0,0,0,0,0,0,0,0,0,0,0,0,0,0,1,0,0,0,3,0,0,0,0,0,0,0,0,0,0,0,0,0,40.064,-75.2492, , 
18032,180483,2016060516,6,67,67301,2016,5,3,1634,16,1,1,0,1,1, , ,N,0,0,0,3,0,0,3,3,N,N,39 57:57.882,75 11:12.606,1636, ,1636,1,1,3, , ,0,N, , , , , , , , ,3,3,0,0,0,0,0,0,0,0,0,0,0,0,0,0,0,0,0,0,2,0,0,0,0,0,0,0,0,0,0,0,0,0,0,0,0,39.9661,-75.1868, , 
18033,180501,2016080393,6,67,67301,2016,6,5,1600,16,1,1,0,4,1, , ,N,0,0,0,3,0,1,2,2,N,N,39 57:33.825,75 10:01.434,1608, ,1607, ,0, ,N, ,0, , , , , , , , , ,2,1,1,0,0,0,0,0,0,0,0,0,1,1,0,0,0,0,0,0,1,0,0,0,0,0,0,0,0,0,0,0,0,0,0,8,0,39.9594,-75.1671, , 
18034,183181,2016068657,6,67,67301,2016,6,3,1951,19,1,1,0,4,1, , ,N,0,0,7,3,0,1,3,2,N,N,40 02:08.948,75 03:50.712,1955, ,1952,1,1,2,N, ,0,N, , , , , , , , ,2,2,0,0,0,0,0,0,0,0,0,1,1,0,0,0,0,0,0,0,1,0,0,0,0,0,0,0,0,0,0,0,0,0,0,4,0,40.0358,-75.0642, , 
18035,183192,2016080255,6,67,67301,2016,6,4,200,2,2,2,1,5,6, , ,N,0,0,0,3,0,0,1,4,N, ,40 02:11.687,75 10:49.727,205, ,202, ,0, , , ,0, , , , , , , , , ,4,3,0,0,0,0,1,0,0,0,0,0,0,0,0,0,0,0,0,0,0,0,0,0,0,0,0,0,0,0,0,0,0,0,0,0,0,40.0366,-75.1805, , 
18036,183193,2016080467,6,67,67301,2016,6,7,2145,21,3,1,0,1,1, , ,N,1,2,0,3,0,4,6,3,N,N,40 01:26.350,75 09:34.481,9999, ,9999, ,0, , , ,3, , , , , , , , , ,3,1,0,0,1,0,1,0,0,0,0,1,4,3,0,0,0,0,0,0,1,0,0,2,0,0,0,0,0,0,0,0,0,0,0,4,0,40.024,-75.1596, , 
18037,183206,2016097664,6,67,67301,2016,8,1,2300,23,3,1,0,5,1, , ,N,1,2,0,3,0,1,3,2,N,N,39 57:01.913,75 10:25.643,2311, ,2300, ,0, ,N, ,3, , , , , , , , , ,2,2,0,0,0,0,0,0,0,0,0,0,1,1,2,0,0,0,0,0,1,0,0,0,0,0,0,0,0,0,0,0,0,0,0,8,0,39.9505,-75.1738, , 
18038,183218,2016052362,6,67,67301,2016,4,5,1925,19,1,2,1,4,1, , ,N,1,3,0,3,0,0,3,2,N,N,40 00:13.629,75 09:26.557,1933, ,1933, ,0, ,N, ,3, , , , , , , , , ,2,2,0,0,0,0,0,0,0,0,0,0,0,0,1,0,0,0,0,0,0,1,0,0,0,0,0,0,0,0,0,0,0,0,0,9,0,40.0038,-75.1574, , 
18039,183221,2016053686,6,67,67301,2016,5,2,1520,15,1,1,0,1,1, , ,N,0,0,0,3,0,0,3,2,N,N,40 05:18.835,75 01:15.805,1530, ,1524,2,1,1,N, ,0,N, , , , , , , , ,2,2,0,0,0,0,0,0,0,0,0,0,0,0,0,0,0,0,0,0,0,0,0,0,0,0,0,0,0,0,0,0,0,0,0,0,0,40.0886,-75.0211, , 
18040,183222,2016053810,6,67,67301,2016,5,3,1408,14,1,1,0,4,1, , ,N,3,4,0,3,0,1,3,2,N,N,40 01:34.328,75 05:39.761,1419, ,1413,2,1,1,N, ,3,N, , , , , , , , ,2,1,0,0,0,0,1,0,0,0,0,1,1,0,0,0,0,0,0,0,2,0,0,0,0,0,0,0,0,0,0,0,0,0,0,4,0,40.0262,-75.0944, , 
18041,183226,2016064056,6,67,67301,2016,6,1,1105,11,1,1,0,5,6, , ,N,0,0,0,3,0,1,1,2,N, ,39 55:00.109,75 09:28.411,1110, ,1108, ,0, , , ,0, , , , , , , , , ,2,0,0,0,0,0,1,1,0,0,0,1,1,0,0,0,0,0,0,0,1,0,0,0,0,0,0,0,0,0,0,0,0,0,0,4,0,39.9167,-75.1579, , 
18042,183228,2016065626,6,67,67301,2016,6,7,1817,18,1,1,0,4,1, , ,N,1,2,0,3,0,1,2,2,N, ,40 00:50.017,75 05:10.972,1830, ,1820, ,0, , , ,3, , , , , , , , , ,2,1,0,0,0,0,0,0,0,0,0,1,1,0,0,0,0,0,0,0,1,0,1,0,0,0,0,0,0,0,0,0,0,0,0,4,0,40.0139,-75.0863, , 
18043,183229,2016065697,6,67,67301,2016,6,1,2303,23,3,1,0,4,1, , ,N,1,2,0,3,0,1,5,2,N,N,39 58:10.746,75 12:41.274,2320, ,2312, ,0, ,N, ,3, , , , , , , , , ,2,2,0,0,0,0,0,0,0,0,0,0,1,1,1,0,0,0,0,0,0,0,0,0,0,0,0,0,0,0,0,0,0,0,0,8,0,39.9697,-75.2115, , 
18044,183240,2016080956,6,67,67301,2016,6,6,9999,99,1,1,0,1,1, , ,N,0,0,0,3,0,1,4,2,N, ,40 00:29.082,75 10:18.469,1945, ,1925, ,0, ,N, ,0, , , , , , , , , ,2,1,0,1,0,0,0,0,0,0,0,1,1,0,0,0,0,0,0,0,0,0,0,0,0,0,0,0,0,0,0,0,0,0,0,4,1,40.0081,-75.1718, , 
18045,183244,2016087195,6,67,67301,2016,7,4,1018,10,1,1,0,1,1, , ,N,1,2,0,3,0,1,3,2,N, ,39 57:27.036,75 13:02.383,1033, ,1030, ,0, , , ,3, , , , , , , , , ,2,2,0,0,0,0,0,0,0,0,0,1,1,0,0,0,0,0,0,0,0,0,0,0,0,0,0,0,0,0,0,0,0,0,0,4,0,39.9575,-75.2173, , 
18046,183248,2016084601,6,67,67301,2016,8,5,1327,13,1,1,0,2,1, , ,N,0,0,0,3,0,1,2,2,N,N,39 58:10.743,75 13:24.189,1330, ,1327, ,0, , , ,0, , , , , , , , , ,2,2,0,0,0,0,0,0,0,0,0,0,1,1,1,0,0,0,0,0,0,0,0,0,0,0,0,0,0,0,0,0,0,0,0,8,0,39.9697,-75.2234, , 
18047,183250,2016097141,6,67,67301,2016,9,5,1724,17,1,1,0,4,1, , ,N,1,2,0,3,0,1,2,2,N, ,40 05:29.578,74 57:56.181,1728, ,1724,1,1,1, , ,3,N, , , , , , , , ,2,0,0,0,1,0,1,0,0,0,0,0,1,1,0,0,0,0,0,0,0,0,0,1,0,0,0,0,0,0,0,0,0,0,0,8,0,40.0915,-74.9656, , 
18048,183258,2016097721,6,67,67301,2016,8,1,2000,20,4,1,0,8,1, , ,N,0,0,0,3,0,1,2,2,N, ,40 04:04.105,75 10:12.680,2100, ,2044, ,0, , , ,0, , , , , , , , , ,1,1,0,0,0,0,0,0,0,0,1,0,1,0,0,0,0,0,0,0,0,0,0,1,0,0,0,0,0,0,0,0,1,0,0,3,0,40.0678,-75.1702, , 
18049,183264,2016105856,6,67,67301,2016,9,4,1654,16,1,1,0,4,1, , ,N,2,3,0,3,0,1,5,3,N,N,39 56:31.430,75 09:35.744,1735, ,1735,3,2,3,N, ,3,Y, , , , , , , , ,3,1,1,0,0,0,1,0,0,0,0,1,1,0,0,0,0,1,0,0,1,0,0,0,0,0,0,0,0,0,0,0,0,0,0,4,0,39.9421,-75.1599, , 
18050,183300,2016080748,6,67,67301,2016,7,4,1812,18,1,1,1,5,1, , ,N,0,0,0,3,0,1,2,2,N,N,39 55:23.015,75 09:34.069,1825, ,1823, ,0, ,N, ,0, , , , , , , , , ,1,0,0,0,0,0,1,0,1,0,0,0,1,1,0,0,0,0,0,0,0,0,0,1,0,0,0,0,0,0,0,0,0,0,0,8,0,39.9231,-75.1595, , 
18051,183301,2016080863,6,67,67301,2016,6,1,1702,17,1,1,0,8,1, , ,N,0,0,0,3,0,1,2,2,N, ,39 59:43.422,75 07:03.097,1704, ,704,9,2,3,N, ,0,Y, , , , , , , , ,1,1,0,0,0,0,0,0,0,0,1,0,1,0,0,0,0,0,0,0,1,0,0,0,0,0,0,0,0,0,0,0,1,0,0,3,0,39.9954,-75.1175, , 
18052,186166,2016068663,6,67,67301,2016,6,4,1657,16,1,1,0,1,1, , ,N,1,2,0,3,0,0,3,2,N,N,40 00:52.752,75 09:24.063,1701, ,1701, ,0, , , ,3, , , , , , , , , ,2,2,0,0,0,0,0,0,0,0,0,0,0,0,0,0,0,0,0,0,0,0,0,0,0,0,0,0,0,0,0,0,0,0,0,0,0,40.0146,-75.1567, , 
18053,186184,2016092161,6,67,67301,2016,8,3,1046,10,1,1,0,7,3, , ,N,0,0,0,3,0,6,6,1,N,N,40 01:39.441,75 05:54.151,1053, ,1047,2,1,2, , ,0,Y, , , , , , , , ,1,0,0,0,0,0,1,0,0,0,0,6,6,0,0,0,0,0,0,0,1,0,0,0,0,0,0,0,0,0,0,0,0,0,0,4,0,40.0275,-75.0985, , 
18054,186193,2016097662,6,67,67301,2016,8,7,311,3,3,1,0,4,1, , ,N,4,2,3,3,0,2,3,3,N,N,40 01:55.785,75 05:03.553,315, ,312,9,1,2,N, ,3,N, , , , , , , , ,3,2,0,0,0,0,1,0,0,0,0,0,2,2,0,0,0,0,0,0,0,0,0,0,0,0,0,0,0,0,0,0,0,0,0,8,0,40.0322,-75.0841, , 
18055,186207,2016048707,6,67,67301,2016,4,6,1122,11,1,1,0,5,6, , ,N,0,0,0,3,0,1,3,4,N, ,39 55:52.514,75 09:11.221,1127, ,1126,1,2,1, , ,0,Y, , , , , , , , ,4,3,0,0,0,0,1,0,0,0,0,0,1,1,0,0,0,0,0,0,0,0,0,0,0,0,0,0,0,0,0,0,0,0,0,8,0,39.9313,-75.1531, , 
18056,186220,2016091143,6,67,67301,2016,7,2,806,8,1,1,0,1,1, , ,N,0,0,0,3,0,0,7,7,N,N,40 01:31.870,75 01:41.756,810, ,808,2,2,1, , ,0,N, , , , , , , , ,7,4,0,0,0,0,3,0,0,0,0,0,0,0,0,0,0,0,0,0,0,0,0,0,0,0,0,0,0,0,0,0,0,0,0,0,0,40.0255,-75.0283, , 
18057,186221,2016080242,6,67,67301,2016,7,6,1348,13,1,1,0,1,1, , ,N,2,3,0,3,0,1,1,2,N, ,40 03:45.997,75 08:22.401,1356, ,1351, ,0, , , ,3, , , , , , , , , ,2,2,0,0,0,0,0,0,0,0,0,1,1,0,0,0,0,0,0,1,0,0,0,0,0,0,0,0,0,0,0,0,0,0,0,4,0,40.0628,-75.1396, , 
18058,186239,2016097722,6,67,67301,2016,9,3,1600,16,1,1,0,4,1, , ,N,1,2,0,3,0,3,3,2,N, ,39 58:52.935,75 08:33.241,1610, ,1602, ,0, , , ,3, , , , , , , , , ,2,2,0,0,0,0,0,0,0,0,1,2,3,0,0,0,0,0,1,0,0,0,0,1,0,0,0,0,0,0,0,0,0,0,0,3,0,39.9814,-75.1426, , 
18059,186269,2016072440,6,67,67301,2016,6,4,355,3,3,1,0,7,2, , ,N,0,0,0,3,0,1,1,1,N,N,39 58:04.142,75 11:23.183,404, ,401,2,1,4, , ,0,N, , , , , , , , ,1,0,0,0,1,0,0,0,0,1,0,0,1,0,0,0,0,0,0,0,0,0,0,0,0,0,0,1,0,0,0,0,0,0,0,2,0,39.9678,-75.1898, , 
18060,186292,2016092044,6,67,67301,2016,8,3,1105,11,1,1,0,7,5, , ,N,2,3,0,3,0,1,1,1,N,N,39 57:22.176,75 09:43.732,1106, ,1105, ,0, ,N, ,3, , , , , , , , , ,1,0,0,0,0,0,1,0,0,0,0,0,1,1,0,0,0,0,0,0,0,0,0,0,0,0,0,0,0,0,0,0,0,0,0,8,0,39.9562,-75.1621, , 
18061,186309,2016063894,6,67,67301,2016,6,6,615,6,5,2,1,4,1, , ,N,1,2,0,3,0,0,3,2,N, ,39 56:51.180,75 09:33.213,715, ,9999, ,0, , , ,3, , , , , , , , , ,2,1,0,0,0,0,1,0,0,0,0,0,0,0,0,0,0,0,0,0,0,0,0,0,0,0,0,0,0,0,0,0,0,0,0,0,0,39.9476,-75.1592, , 
18062,186314,2016072858,6,67,67301,2016,7,4,1933,19,1,1,0,5,1, , ,N,0,0,0,3,0,1,2,2,N,N,39 59:08.064,75 05:36.037,1945, ,1934,1,1,1, , ,0,N, , , , , , , , ,2,2,0,0,0,0,0,0,0,0,0,0,1,1,0,0,0,0,0,0,0,0,0,0,0,0,0,0,0,0,0,0,0,0,0,8,0,39.9856,-75.0933, , 
18063,186329,2016080945,6,67,67301,2016,7,3,1830,18,1,1,0,2,1, , ,N,0,0,3,3,0,1,2,2,N,N,40 04:33.970,75 03:17.521,2023, ,2010, ,0, ,N, ,0, , , , , , , , , ,1,1,0,0,0,0,0,0,1,0,0,1,1,0,0,0,0,0,0,0,0,0,0,1,0,0,0,0,0,0,0,0,0,0,0,4,0,40.0761,-75.0549, , 
18064,186332,2016084567,6,67,67301,2016,7,6,1445,14,1,1,0,8,1, , ,N,1,2,0,3,0,1,2,2,N,N,39 57:06.275,75 09:29.915,1450, ,1450,1,1,6,N, ,3,N, , , , , , , , ,1,1,0,0,0,0,0,0,0,0,0,0,1,1,0,0,0,0,0,0,0,0,0,1,0,0,0,0,0,0,0,0,1,0,0,8,0,39.9517,-75.1582, , 
18065,186334,2016091735,6,67,67301,2016,8,3,1441,14,1,1,0,1,1, , ,N,0,0,4,3,0,0,3,3,N,N,39 57:03.703,75 10:58.794,1505, ,1447,1,2,3, , ,0,N, , , , , , , , ,3,0,0,0,0,0,3,0,0,0,0,0,0,0,0,0,0,0,0,0,1,1,0,0,0,0,0,0,0,0,0,0,0,0,0,0,0,39.951,-75.183, , 
18066,186358,2016073675,6,67,67301,2016,7,2,1816,18,1,1,0,1,1, , ,N,0,0,0,3,0,0,2,2,N,N,40 00:32.066,75 12:19.216,1833, ,1816, ,0, , , ,0, , , , , , , , , ,2,1,0,0,0,0,1,0,0,0,0,0,0,0,0,0,0,0,1,0,1,0,0,0,0,0,0,0,0,0,0,0,0,0,0,0,0,40.0089,-75.2053, , 
18067,186363,2016080127,6,67,67301,2016,7,6,1750,17,1,2,1,4,1, , ,N,1,2,1,3,0,2,3,2,N,N,40 01:08.973,75 04:53.510,1926, ,1920,3,1,2,N, ,3,Y, , , , , , , , ,2,1,0,0,0,0,1,0,0,1,0,1,2,0,0,0,0,0,0,0,1,0,0,0,0,0,0,1,0,0,0,0,0,0,0,2,0,40.0191,-75.0815, , 
18068,186378,2016097645,6,67,67301,2016,9,7,2140,21,3,1,0,4,1, , ,N,0,0,0,3,0,2,2,2,N,N,39 57:22.262,75 14:20.128,2156, ,2150,1,2,6,N, ,0,N, , , , , , , , ,2,1,0,0,0,0,1,0,0,0,0,0,2,2,0,0,0,0,0,0,1,0,0,0,0,0,0,0,0,0,0,0,0,0,0,8,0,39.9562,-75.2389, , 
18069,186385,2016099522,6,67,67301,2016,9,2,1745,17,1,1,0,4,1, , ,N,1,2,0,3,0,1,2,2,N,N,40 00:31.034,75 04:07.810,1820, ,1817,2,1,1,N, ,3,N, , , , , , , , ,2,1,0,0,0,0,1,0,0,0,0,1,1,0,0,0,0,0,0,0,1,0,0,0,0,0,0,0,0,0,0,0,0,0,0,4,0,40.0086,-75.0688, , 
18070,220774,2017004190,6,67,67301,2016,12,6,1736,17,3,1,0,5,6, , ,N,0,0,0,3,0,2,2,5,N,N,39 59:41.889,75 07:33.358,1740, ,1738, ,0, , , ,0, , , , , , , , , ,5,2,0,0,1,0,0,2,0,2,0,0,2,0,0,0,0,0,0,0,0,0,0,0,0,0,0,0,0,0,0,0,0,0,0,2,0,39.995,-75.1259, , 
18071,220778,2017007920,6,67,67301,2016,12,4,2200,22,3,1,0,4,1, , ,N,1,2,0,3,0,0,3,2,N, ,40 00:30.707,75 12:38.635,2220, ,2206,1,1,2, , ,3,N, , , , , , , , ,2,1,0,0,0,0,1,0,0,0,0,0,0,0,0,0,0,0,0,0,1,0,0,0,0,0,0,0,0,0,0,0,0,0,0,0,0,40.0085,-75.2107, , 
18072,220787,2016085111,6,67,67301,2016,8,5,1603,16,1,1,0,1,1, , ,N,0,0,0,3,0,1,3,2,N,N,39 58:39.435,75 12:04.151,1608, ,1608, ,0, , , ,0, , , , , , , , , ,2,0,0,0,1,0,1,0,0,0,1,0,1,0,0,0,0,0,0,0,0,1,0,0,0,0,0,0,0,0,0,0,0,0,0,3,0,39.9776,-75.2012, , 
18073,220812,2016105549,6,67,67301,2016,9,4,1630,16,1,2,1,4,1, , ,N,5,2,1,3,0,0,6,2,N,N,39 59:42.635,75 06:56.954,1730, ,1730, ,0, ,N, ,3, , , , , , , , , ,2,0,0,0,0,0,1,1,0,0,0,0,0,0,0,0,0,0,0,0,0,0,0,0,0,0,0,0,0,0,0,0,0,0,0,0,0,39.9952,-75.1158, , 
18074,220831,2016120519,6,67,67301,2016,10,5,1515,15,1,2,1,1,1, , ,N,0,0,0,3,0,3,5,3,N, ,39 53:30.990,75 14:30.862,1545, ,1534, ,0, , , ,0, , , , , , , , , ,3,1,0,0,0,0,0,1,0,0,0,3,3,0,1,0,0,0,0,0,1,0,0,3,0,0,0,0,0,0,0,0,0,0,0,4,0,39.8919,-75.2419, , 
18075,220832,2016119652,6,67,67301,2016,10,6,755,7,1,1,0,8,1, , ,N,0,0,0,3,0,1,2,2,N,N,39 58:31.843,75 14:38.681,1530, ,1520, ,0, ,N, ,0, , , , , , , , , ,1,0,0,0,1,0,0,0,0,0,0,1,1,0,1,0,0,0,0,0,0,0,0,0,0,0,0,0,0,0,0,0,1,0,0,4,0,39.9755,-75.2441, , 
18076,220836,2016119144,6,67,67301,2016,10,7,1255,12,1,2,1,4,1, , ,N,1,3,0,3,0,4,6,2,N,N,40 01:31.670,75 05:04.955,1306, ,1259, ,0, ,N, ,3, , , , , , , , , ,2,1,0,0,0,0,1,0,0,0,0,4,4,0,0,0,0,0,1,0,0,0,0,0,0,0,0,0,0,0,0,0,0,0,0,4,0,40.0255,-75.0847, , 