objectid_1,objectid,crn,district,county,municipality,crash_year,crash_month,day_of_week,time_of_day,hour_of_day,illumination,weather,road_condition,collision_type,relation_to_road,work_zone_type,work_zone_loc,work_zone_ind,intersect_type,tcd_type,location_type,urban_rural,fatal_count,injury_count,person_count,total_units,sch_bus_ind,sch_zone_ind,latitude,longitude,arrival_tm,cons_zone_spd_lim,dispatch_tm,est_hrs_closed,lane_closed,ln_close_dir,ntfy_hiwy_maint,spec_juris_cd,tcd_func_cd,tfc_detour_ind,workers_pres,wz_close_detour,wz_flagger,wz_law_offcr_ind,wz_ln_closure,wz_moving,wz_other,wz_shlder_mdn,vehicle_count,automobile_count,motorcycle_count,bus_count,small_truck_count,heavy_truck_count,suv_count,van_count,bicycle_count,maj_inj_count,mod_inj_count,min_inj_count,tot_inj_count,unk_inj_deg_count,unk_inj_per_count,driver_count_16yr,driver_count_17yr,driver_count_18yr,driver_count_19yr,driver_count_20yr,driver_count_50_64yr,driver_count_65_74yr,driver_count_75plus,unbelted_occ_count,unb_death_count,unb_maj_inj_count,belted_death_count,belted_maj_inj_count,mcycle_death_count,mcycle_maj_inj_count,bicycle_death_count,bicycle_maj_inj_count,ped_count,ped_death_count,ped_maj_inj_count,max_severity_level,comm_veh_count,dec_lat,dec_long,rdwy_surf_type_cd,county_name
18077,220837,2016112058,6,67,67301,2016,10,7,2335,23,3,2,1,4,4, , ,N,2,3,0,3,0,0,1,2,N,N,39 56:24.360,75 08:39.253,2342, ,2342, ,0, ,Y, ,3, , , , , , , , , ,2,2,0,0,0,0,0,0,0,0,0,0,0,0,0,0,0,0,0,0,0,0,0,0,0,0,0,0,0,0,0,0,0,0,0,0,0,39.9401,-75.1442, , 
18078,220850,2016138281,6,67,67301,2016,12,7,1251,12,1,1,0,4,1, , ,N,2,3,0,3,0,1,2,3,N,N,40 03:29.109,75 09:09.298,1302, ,1301,1,2,1,N, ,3,N, , , , , , , , ,3,2,0,0,0,0,1,0,0,0,0,0,1,1,1,0,0,0,0,0,1,0,0,0,0,0,0,0,0,0,0,0,0,0,0,8,0,40.0581,-75.1526, , 
18079,220851,2017005247,6,67,67301,2016,12,4,706,7,1,1,0,8,1, , ,N,1,2,0,3,0,1,2,2,N,N,39 53:59.888,75 15:00.262,823, ,820, ,0, , , ,3, , , , , , , , , ,1,1,0,0,0,0,0,0,0,0,0,1,1,0,0,0,0,0,0,0,0,0,0,1,0,0,0,0,0,0,0,0,1,0,0,4,0,39.9,-75.2501, , 
18080,220859,2016058563,6,67,67301,2016,5,5,1440,14,1,1,0,4,1, , ,N,1,3,0,3,0,1,2,3,N,N,39 59:10.636,75 10:07.651,1440, ,1440, ,0, , , ,3, , , , , , , , , ,3,1,1,0,0,1,0,0,0,0,0,1,1,0,0,0,0,0,0,0,0,0,0,1,0,0,0,0,0,0,0,0,0,0,0,4,1,39.9863,-75.1688, , 
18081,220862,2016064008,6,67,67301,2016,6,5,1954,19,1,1,0,5,1, , ,N,0,0,0,3,0,1,3,2,N,N,39 57:15.863,75 13:33.723,2000, ,1950, ,0, ,N, ,0, , , , , , , , , ,1,0,0,0,0,0,1,0,1,0,0,1,1,0,0,0,0,0,0,0,0,0,0,0,0,0,0,0,0,0,0,0,0,0,0,4,0,39.9544,-75.226, , 
18082,220878,2016107353,6,67,67301,2016,10,6,2012,20,2,1,0,5,1, , ,N,0,0,0,3,0,2,3,2,N,N,40 03:20.486,74 59:03.975,2046, ,2025,2,2,2, , ,0,N, , , , , , , , ,2,0,0,0,1,1,0,0,0,0,2,0,2,0,0,0,0,0,0,0,1,0,0,0,0,0,0,0,0,0,0,0,0,0,0,3,1,40.0557,-74.9844, , 
18083,220881,2016097635,6,67,67301,2016,8,4,1919,19,3,2,1,4,1, , ,N,1,3,0,3,0,1,2,2,N,N,39 59:45.384,75 05:57.443,2020, ,2005, ,0, ,N, ,3, , , , , , , , , ,1,1,0,0,0,0,0,0,1,0,0,0,1,1,0,0,0,0,0,0,0,0,0,1,0,0,0,0,0,0,0,0,0,0,0,8,0,39.9959,-75.0993, , 
18084,220903,2016113767,6,67,67301,2016,11,3,1356,13,1,1,0,4,1, , ,N,1,2,0,3,0,2,3,2,N,N,40 02:05.146,75 04:15.791,1402, ,1402,2,1,1,N, ,3,N, , , , , , , , ,2,1,0,0,0,0,1,0,0,0,2,0,2,0,0,0,0,0,0,0,1,0,0,0,0,0,0,0,0,0,0,0,0,0,0,3,0,40.0348,-75.0711, , 
18085,220919,2016068721,6,67,67301,2016,6,2,1500,15,1,1,0,5,1, , ,N,0,0,0,3,0,2,4,2,N,N,39 58:49.095,75 14:01.481,1505, ,1505, ,0, ,N, ,0, , , , , , , , , ,2,2,0,0,0,0,0,0,0,0,0,0,2,2,0,0,0,0,0,0,1,0,0,2,0,0,0,0,0,0,0,0,0,0,0,8,0,39.9803,-75.2337, , 
18086,220920,2016068726,6,67,67301,2016,6,4,1915,19,1,1,0,4,1, , ,N,1,2,0,3,0,1,2,2,N,N,40 02:00.165,75 03:59.552,1922, ,1919, ,0, ,N, ,3, , , , , , , , , ,2,1,0,0,1,0,0,0,0,0,0,1,1,0,0,0,0,0,0,0,0,0,0,1,0,0,0,0,0,0,0,0,0,0,0,4,0,40.0334,-75.0665, , 
18087,220937,2016107301,6,67,67301,2016,10,7,140,1,3,1,0,7,5, , ,N,0,0,3,3,0,1,1,1,N,N,40 01:33.443,75 01:40.296,143, ,140,1,1,2, , ,0,N, , , , , , , , ,1,1,0,0,0,0,0,0,0,0,1,0,1,0,0,0,0,0,0,0,1,0,0,1,0,0,0,0,0,0,0,0,0,0,0,3,0,40.026,-75.0279, , 
18088,220944,2016092127,6,67,67301,2016,8,5,2345,23,3,1,0,4,1, , ,N,1,0,0,3,0,1,3,2,N, ,39 55:43.603,75 14:27.592,2355, ,2353, ,0, , , ,0, , , , , , , , , ,2,1,0,0,0,0,0,1,0,0,0,1,1,0,0,0,0,0,0,0,0,0,0,0,0,0,0,0,0,0,0,0,0,0,0,4,0,39.9288,-75.241, , 
18089,220954,2016105508,6,67,67301,2016,9,3,320,3,2,1,0,8,1,2,4,Y,0,0,0,3,0,1,2,2,N,N,40 02:38.273,75 11:27.616,350,25,340, ,0, ,N, ,0, ,Y, , ,N, , , ,Y,1,0,0,0,1,0,0,0,0,0,0,0,1,1,0,0,0,0,0,0,0,0,0,0,0,0,0,0,0,0,0,0,1,0,0,8,0,40.044,-75.191, , 
18090,220957,2016129287,6,67,67301,2016,11,5,650,6,1,1,0,2,1, , ,N,1,3,0,3,0,1,1,3,N,N,39 59:09.639,75 05:49.923,656, ,654, ,0, ,N, ,3, , , , , , , , , ,3,1,0,0,0,0,2,0,0,0,0,0,1,1,0,0,0,0,0,0,0,0,0,1,0,0,0,0,0,0,0,0,0,0,0,8,0,39.986,-75.0972, , 
18091,220971,2016050871,6,67,67301,2016,5,1,1347,13,1,2,1,4,1, , ,N,1,2,0,3,0,2,3,4,N, ,39 56:56.413,75 13:37.770,1400, ,1351, ,0, , , ,3, , , , , , , , , ,4,1,0,0,0,0,3,0,0,0,0,1,2,1,0,0,0,0,0,0,0,0,0,1,0,0,0,0,0,0,0,0,0,0,0,4,0,39.949,-75.2272, , 
18092,220976,2016056095,6,67,67301,2016,5,6,1809,18,1,1,0,4,1, , ,N,2,0,0,3,0,2,2,2,N, ,40 00:16.492,75 13:09.094,1814, ,1812,2,2,7, , ,0,Y, , , , , , , , ,2,2,0,0,0,0,0,0,0,0,0,0,2,2,0,0,0,0,0,0,0,0,0,0,0,0,0,0,0,0,0,0,0,0,0,8,0,40.0046,-75.2192, , 
18093,220981,2016060829,6,67,67301,2016,5,5,2200,22,3,1,0,8,1, , ,N,0,0,0,3,1,0,2,3,N,N,39 58:54.225,75 07:58.217,2205, ,2205,3,2,5,N,0,0,Y, , , , , , , , ,2,1,0,0,0,0,0,1,0,0,0,0,0,0,0,0,0,0,0,0,0,0,0,1,0,0,0,0,0,0,0,0,1,1,0,1,0,39.9817,-75.1328,2, 
18094,220982,2016062611,6,67,67301,2016,5,5,1055,10,1,1,0,4,1, , ,N,3,3,0,3,0,2,4,2,N,N,40 02:30.052,75 05:17.960,1110, ,1057,1,1,1,N, ,3,N, , , , , , , , ,2,1,0,0,0,0,1,0,0,0,0,2,2,0,0,0,1,0,0,1,0,0,0,0,0,0,0,0,0,0,0,0,0,0,0,4,0,40.0417,-75.0883, , 
18095,221002,2016091738,6,67,67301,2016,8,4,1710,17,1,1,0,1,1, , ,N,0,0,0,3,0,0,2,2,N,N,39 57:35.497,75 10:39.707,1710, ,1710,1,1,4, , ,0,N, , , , , , , , ,2,0,0,0,1,0,1,0,0,0,0,0,0,0,0,0,0,0,0,0,0,0,0,0,0,0,0,0,0,0,0,0,0,0,0,0,0,39.9599,-75.1777, , 
18096,221008,2016083339,6,67,67301,2016,7,5,1000,10,1,1,0,8,1, , ,N,1,2,0,3,0,1,2,2,N,N,39 55:40.109,75 14:13.130,2225, ,2200, ,0, ,N, ,3, , , , , , , , , ,1,1,0,0,0,0,0,0,0,0,1,0,1,0,0,0,0,0,0,0,0,0,0,1,0,0,0,0,0,0,0,0,1,0,0,3,0,39.9278,-75.237, , 
18097,221010,2016097107,6,67,67301,2016,8,7,2215,22,3,1,0,5,1, , ,N,0,0,0,3,0,1,2,2,N, ,39 57:13.950,75 14:33.122,2217, ,2217, ,0, , , ,0, , , , , , , , , ,1,0,0,1,0,0,0,0,1,0,1,0,1,0,0,0,0,0,0,0,1,0,0,0,0,0,0,0,0,0,0,0,0,0,0,3,1,39.9539,-75.2425, , 
18098,221017,2016105538,6,67,67301,2016,9,5,1230,12,1,2,1,4,1, , ,N,0,0,7,3,0,0,2,2,N,N,39 57:34.086,75 11:54.448,1242, ,1242, ,0, ,N, ,0, , , , , , , , , ,2,0,0,0,0,0,2,0,0,0,0,0,0,0,0,0,0,0,0,0,0,1,0,0,0,0,0,0,0,0,0,0,0,0,0,0,0,39.9595,-75.1985, , 
18099,221024,2016114271,6,67,67301,2016,10,6,1955,19,1,1,0,8,1, , ,N,0,0,0,3,0,1,3,3,N,N,40 01:01.606,75 04:59.909,1955, ,1955,1,1,1,N, ,0,N, , , , , , , , ,2,0,0,0,0,0,2,0,0,0,0,1,1,0,0,0,0,0,0,0,0,0,0,1,0,0,0,0,0,0,0,0,1,0,0,4,0,40.0171,-75.0833, , 
18100,221036,2016129410,6,67,67301,2016,11,3,2230,22,3,1,0,8,1, , ,N,0,0,0,3,0,1,2,2,N,N,40 00:30.297,75 08:34.108,932, ,930, ,0, ,N, ,0, , , , , , , , , ,1,0,0,0,0,0,0,0,0,0,1,0,1,0,1,0,0,0,0,0,0,0,0,0,0,0,0,0,0,0,0,0,1,0,0,3,0,40.0084,-75.1428, , 
18101,221043,2017021119,6,67,67301,2016,8,5,9999,99,1,1,0,4,1, , ,N,1,2,0,3,0,3,4,2,N,N,40 02:05.031,75 04:16.290,0, ,0, ,0, ,N, ,3, , , , , , , , , ,2,2,0,0,0,0,0,0,0,0,0,0,3,3,0,0,0,0,0,0,1,1,0,2,0,0,0,0,0,0,0,0,0,0,0,8,0,40.0348,-75.0711, , 
18102,221045,2017017429,6,67,67301,2016,4,5,1400,14,1,2,1,4,1, , ,N,2,3,7,3,0,0,2,2,N,N,39 55:59.851,75 08:41.348,0, ,0, ,0, ,N, ,3, , , , , , , , , ,2,0,0,0,0,0,2,0,0,0,0,0,0,0,2,0,0,0,0,0,0,1,0,0,0,0,0,0,0,0,0,0,0,0,0,9,0,39.9333,-75.1448, , 
18103,221048,2016053819,6,67,67301,2016,5,3,1915,19,1,1,0,7,5, , ,N,1,2,0,3,0,1,1,1,N,N,39 59:15.183,75 08:28.377,1915, ,1915,9,1,1,N, ,3,N, , , , , , , , ,1,1,0,0,0,0,0,0,0,0,0,0,1,1,0,0,0,0,0,0,0,0,0,0,0,0,0,0,0,0,0,0,0,0,0,8,0,39.9876,-75.1412, , 
18104,221051,2016056045,6,67,67301,2016,5,5,700,7,3,1,0,4,1, , ,N,2,0,0,3,0,1,2,2,N, ,40 05:12.631,75 02:48.667,1338, ,1325, ,0, , , ,0, , , , , , , , , ,1,0,0,0,0,0,1,0,1,0,0,1,1,0,0,0,0,0,0,0,0,0,0,0,0,0,0,0,0,0,0,0,0,0,0,4,0,40.0868,-75.0469, , 
18105,221052,2016056076,6,67,67301,2016,5,7,1727,17,1,2,1,5,1, , ,N,0,0,7,3,0,1,2,3,N,N,40 02:22.628,75 01:10.606,1744, ,1739, ,0, , , ,0, , , , , , , , , ,3,2,0,0,0,0,1,0,0,0,0,1,1,0,1,0,0,0,0,0,0,0,0,0,0,0,0,0,0,0,0,0,0,0,0,4,0,40.0396,-75.0196, , 
18106,215098,2016097586,6,67,67301,2016,9,1,550,5,5,1,0,7,4, , ,N,0,0,0,3,0,0,1,1,N,N,40 01:53.094,75 12:27.590,605, ,556,2,1,2,N, ,0,N, , , , , , , , ,1,1,0,0,0,0,0,0,0,0,0,0,0,0,0,0,0,0,0,0,0,0,0,0,0,0,0,0,0,0,0,0,0,0,0,0,0,40.0314,-75.2077, , 
18107,215100,2016087640,6,67,67301,2016,8,4,1700,17,1,1,0,5,1, , ,N,1,2,0,3,0,1,2,2,N,N,40 00:30.146,75 08:39.534,1725, ,1717, ,0, ,N, ,3, , , , , , , , , ,1,0,0,0,1,0,0,0,1,0,1,0,1,0,0,0,0,0,0,0,0,0,0,1,0,0,0,0,0,0,0,0,0,0,0,3,0,40.0084,-75.1443, , 
18108,215131,2016138211,6,67,67301,2016,12,7,2250,22,3,1,0,1,1, , ,N,1,2,0,3,0,1,3,2,N,N,39 57:12.949,75 09:54.175,9999, ,2340, ,0, ,N, ,3, , , , , , , , , ,2,2,0,0,0,0,0,0,0,0,0,0,1,1,1,0,0,0,0,0,0,0,0,0,0,0,0,0,0,0,0,0,0,0,0,8,0,39.9536,-75.165, , 
18109,215146,2016070685,6,67,67301,2016,6,5,918,9,1,2,1,4,1, , ,N,1,2,0,3,0,0,2,3,N,N,39 59:21.390,75 08:34.267,920, ,918, ,0, ,N, ,3, , , , , , , , , ,3,2,0,0,0,0,1,0,0,0,0,0,0,0,0,0,0,0,0,0,1,0,0,1,0,0,0,0,0,0,0,0,0,0,0,0,0,39.9893,-75.1429, , 
18110,215155,2016080594,6,67,67301,2016,7,7,1445,14,1,1,0,4,1, , ,N,1,2,0,3,0,0,3,2,N, ,39 59:13.322,75 10:27.753,1502, ,1459, ,0, , , ,3, , , , , , , , , ,2,2,0,0,0,0,0,0,0,0,0,0,0,0,0,0,0,0,0,0,0,0,0,0,0,0,0,0,0,0,0,0,0,0,0,0,0,39.987,-75.1744, , 
18111,215156,2016080865,6,67,67301,2016,7,1,1605,16,1,1,0,4,1, , ,N,1,3,0,3,0,1,3,2,N,N,39 57:15.426,75 09:16.196,1620, ,1610, ,0, ,N, ,3, , , , , , , , , ,2,1,0,0,0,0,0,1,0,0,0,0,1,1,0,0,0,0,0,0,0,0,0,2,0,0,0,0,0,0,0,0,0,0,0,8,0,39.9543,-75.1545, , 
18112,215167,2016098767,6,67,67301,2016,9,3,611,6,3,1,0,5,1, , ,N,0,0,0,3,0,0,4,4,N,N,39 55:32.222,75 11:38.125,625, ,622,2,1,3, , ,0,N, , , , , , , , ,4,4,0,0,0,0,0,0,0,0,0,0,0,0,1,0,0,0,0,0,0,0,0,0,0,0,0,0,0,0,0,0,0,0,0,9,0,39.9256,-75.1939, , 
18113,215186,2016080583,6,67,67301,2016,7,3,544,5,1,1,1,6,1, , ,N,2,0,0,3,0,1,2,2,N,N,40 01:33.778,75 11:58.184,554, ,544, ,0, ,N, ,0, , , , , , , , , ,2,1,0,0,1,0,0,0,0,1,0,0,1,0,0,0,0,0,0,0,0,0,0,0,0,0,0,0,0,0,0,0,0,0,0,2,0,40.026,-75.1995, , 
18114,215188,2016086414,6,67,67301,2016,8,5,1402,14,1,1,0,5,1, , ,N,0,0,0,3,0,0,3,2,N,N,40 00:32.195,75 04:07.849,1410, ,1402,3,2,2, , ,0,N, , , , , , , , ,2,1,0,0,0,0,1,0,0,0,0,0,0,0,0,0,0,0,0,0,1,0,0,2,0,0,0,0,0,0,0,0,0,0,0,0,0,40.0089,-75.0688, , 
18115,215200,2016087615,6,67,67301,2016,8,2,2026,20,4,1,0,8,1, , ,N,0,0,0,3,0,1,2,2,N,N,40 02:23.071,75 04:23.311,2033, ,2029,1,2,1,N, ,0,N, , , , , , , , ,1,1,0,0,0,0,0,0,0,0,0,1,1,0,0,0,0,0,0,0,0,0,0,1,0,0,0,0,0,0,0,0,1,0,0,4,0,40.0397,-75.0731, , 
18116,215209,2016105678,6,67,67301,2016,9,6,1557,15,1,1,0,1,1, , ,N,0,0,0,3,0,0,4,2,N,N,39 55:34.030,75 09:49.421,1736, ,1735,2,2,3,N, ,0,Y, , , , , , , , ,2,1,0,0,0,0,1,0,0,0,0,0,0,0,0,0,0,0,0,0,0,0,0,0,0,0,0,0,0,0,0,0,0,0,0,0,0,39.9261,-75.1637, , 
18117,215221,2016097099,6,67,67301,2016,9,2,2048,20,3,1,0,1,1, , ,N,0,0,0,3,0,1,2,2,N,N,40 00:48.059,75 08:07.937,2054, ,2050, ,0, ,N, ,0, , , , , , , , , ,2,1,1,0,0,0,0,0,0,0,0,0,1,1,0,0,0,0,0,0,0,0,0,1,0,0,0,0,0,0,0,0,0,0,0,8,0,40.0133,-75.1355, , 
18118,215224,2016105701,6,67,67301,2016,9,4,1615,16,1,1,0,2,1, , ,N,0,0,0,3,0,1,2,2,N,N,40 00:21.740,75 05:28.872,1730, ,1730, ,0, , , ,0, , , , , , , , , ,2,1,0,0,0,0,1,0,0,0,0,1,1,0,0,0,0,0,0,0,0,0,0,1,0,0,0,0,0,0,0,0,0,0,0,4,0,40.006,-75.0914, , 
18119,215239,2016127813,6,67,67301,2016,11,2,630,6,1,1,0,4,1, , ,N,1,2,0,3,0,2,3,3,N, ,40 02:40.636,75 03:16.819,640, ,630,1,1,3, , ,3,Y, , , , , , , , ,3,2,0,0,0,0,0,1,0,0,0,2,2,0,0,0,0,0,0,0,0,0,0,0,0,0,0,0,0,0,0,0,0,0,0,4,0,40.0446,-75.0547, , 
18120,215245,2016129498,6,67,67301,2016,11,3,1820,18,3,1,0,1,1, , ,N,1,2,0,3,0,1,2,2,N, ,39 57:02.479,75 09:01.362,9999, ,1820, ,0, , , ,3, , , , , , , , , ,2,2,0,0,0,0,0,0,0,0,0,1,1,0,0,0,0,0,0,0,2,0,0,0,0,0,0,0,0,0,0,0,0,0,0,4,0,39.9507,-75.1504, , 
18121,215246,2016135697,6,67,67301,2016,11,3,1938,19,3,1,0,4,1, , ,N,1,3,0,3,0,1,2,2,N,N,39 57:16.045,75 12:53.647,1942, ,1941, ,0, ,N, ,3, , , , , , , , , ,2,1,0,0,0,0,1,0,0,0,0,1,1,0,1,0,0,0,0,0,0,0,0,0,0,0,0,0,0,0,0,0,0,0,0,4,0,39.9545,-75.2149, , 
18122,215263,2017003707,6,67,67301,2016,12,4,1948,19,3,1,0,4,1, , ,N,5,2,0,3,0,3,3,2,N,N,39 57:49.841,75 13:12.286,1959, ,1957, ,0, ,N, ,3, , , , , , , , , ,2,1,0,0,0,0,1,0,0,0,0,3,3,0,0,0,0,0,0,0,0,0,0,0,0,0,0,0,0,0,0,0,0,0,0,4,0,39.9637,-75.2196, , 
18123,215265,2017023828,6,67,67301,2016,12,6,1330,13,1,1,0,1,1, , ,N,0,2,0,3,0,1,2,2,N,N,39 53:39.748,75 14:11.153,0, ,0, ,0, ,N, ,3, , , , , , , , , ,2,2,0,0,0,0,0,0,0,0,0,0,1,1,0,0,0,0,0,0,1,0,0,1,0,0,0,0,0,0,0,0,0,0,0,8,0,39.8944,-75.2364, , 
18124,217824,2016105925,6,67,67301,2016,9,3,1947,19,1,1,0,1,1, , ,N,2,2,0,3,0,6,11,2,N, ,40 01:50.174,75 09:14.065,1954, ,1947, ,0, , , ,3, , , , , , , , , ,2,0,0,0,0,0,1,1,0,0,1,0,6,5,0,0,0,0,0,0,0,0,0,11,0,0,0,0,0,0,0,0,0,0,0,3,0,40.0306,-75.1539, , 
18125,217831,2016063910,6,67,67301,2016,6,4,2113,21,3,1,0,8,1, , ,N,0,0,0,3,1,0,2,3,N,N,40 00:49.006,75 08:50.037,2114, ,2114,9,2,5,N,0,0,Y, , , , , , , , ,2,1,0,0,0,0,0,1,0,0,0,0,0,0,0,0,0,0,0,0,0,0,0,0,0,0,0,0,0,0,0,0,1,1,0,1,0,40.0136,-75.1472,2, 
18126,217836,2016068675,6,67,67301,2016,6,1,2330,23,3,1,0,8,1, , ,N,1,2,0,3,0,1,2,2,N, ,39 57:53.269,75 14:17.390,2338, ,2336,2,2,7, , ,3,Y, , , , , , , , ,1,1,0,0,0,0,0,0,0,1,0,0,1,0,0,0,0,0,0,0,0,0,0,0,0,0,0,0,0,0,0,0,1,0,1,2,0,39.9648,-75.2382, , 
18127,217842,2016080450,6,67,67301,2016,6,3,1130,11,1,1,0,4,1, , ,N,1,2,0,3,0,0,4,2,N,N,39 57:29.289,75 09:01.655,1140, ,1137,1,1,1,N, ,3,Y, , , , , , , , ,2,0,0,0,1,0,1,0,0,0,0,0,0,0,0,0,0,0,0,0,0,0,1,0,0,0,0,0,0,0,0,0,0,0,0,0,0,39.9581,-75.1505, , 
18128,217845,2016089557,6,67,67301,2016,8,4,521,5,1,1,0,5,1, , ,N,0,0,0,3,0,1,2,2,N,N,39 55:51.370,75 11:56.842,614, ,605, ,0, , , ,0, , , , , , , , , ,2,0,0,0,0,1,1,0,0,0,1,0,1,0,0,0,0,0,0,0,1,0,0,0,0,0,0,0,0,0,0,0,0,0,0,3,1,39.9309,-75.1991, , 
18129,217852,2016097120,6,67,67301,2016,8,7,1415,14,1,1,0,4,1, , ,N,1,2,0,3,0,3,5,2,N,N,39 58:30.545,75 11:17.083,1430, ,1417, ,0, ,N, ,3, , , , , , , , , ,2,0,0,1,0,0,1,0,0,0,0,1,3,2,0,0,0,0,0,0,2,0,0,1,0,0,0,0,0,0,0,0,0,0,0,4,1,39.9752,-75.1882, , 
18130,217887,2016058734,6,67,67301,2016,5,3,1941,19,1,1,0,7,5, , ,N,0,0,0,3,0,0,1,1,N,N,39 55:30.791,75 11:36.172,1955, ,1951,1,1,4, , ,0,N, , , , , , , , ,1,1,0,0,0,0,0,0,0,0,0,0,0,0,0,0,0,0,1,0,0,0,0,0,0,0,0,0,0,0,0,0,0,0,0,0,0,39.9252,-75.1934, , 
18131,217900,2016080038,6,67,67301,2016,8,5,2239,22,3,1,0,7,4, , ,N,0,0,0,3,0,0,1,1,N,N,39 54:02.543,75 09:17.978,2304, ,2251,1,1,2, , ,0,N, , , , , , , , ,1,0,0,0,0,0,1,0,0,0,0,0,0,0,0,0,0,0,0,0,0,0,0,0,0,0,0,0,0,0,0,0,0,0,0,0,0,39.9007,-75.155, , 
18132,217903,2016086423,6,67,67301,2016,8,2,1113,11,1,1,0,7,3, , ,N,0,0,0,3,0,1,2,1,N,N,39 57:07.455,75 08:27.589,1123, ,1113,2,2,1, , ,0,N, , , , , , , , ,1,0,0,0,0,0,1,0,0,0,0,0,1,1,0,0,0,0,0,0,0,0,0,0,0,0,0,0,0,0,0,0,0,0,0,8,0,39.9521,-75.141, , 
18133,217907,2016082359,6,67,67301,2016,7,6,2150,21,3,1,0,1,1, , ,N,1,2,0,3,0,0,4,4,N,N,39 58:18.644,75 14:41.701,2154, ,2154,1,1,1,N, ,3,N, , , , , , , , ,4,1,0,0,0,0,2,0,0,0,0,0,0,0,0,0,0,0,0,0,0,0,0,0,0,0,0,0,0,0,0,0,0,0,0,0,0,39.9719,-75.2448, , 
18134,217932,2016135734,6,67,67301,2016,12,1,2143,21,3,1,0,1,1, , ,N,2,2,0,3,0,2,2,2,N,N,40 03:06.858,75 01:37.732,2148, ,2145, ,0, ,N, ,3, , , , , , , , , ,2,0,0,0,1,0,1,0,0,0,0,2,2,0,0,0,0,0,0,0,1,0,0,0,0,0,0,0,0,0,0,0,0,0,0,4,0,40.0519,-75.0271, , 
18135,217936,2016138204,6,67,67301,2016,12,1,1720,17,3,1,0,4,1, , ,N,1,2,0,3,0,0,3,2,N, ,40 04:25.900,75 10:23.300,1735, ,1725, ,0, , , ,3, , , , , , , , , ,2,1,0,0,0,0,1,0,0,0,0,0,0,0,0,0,0,0,0,0,0,0,1,0,0,0,0,0,0,0,0,0,0,0,0,0,0,40.0739,-75.1731, , 
18136,217937,2016058569,6,67,67301,2016,5,1,1315,13,1,1,0,1,1, , ,N,0,0,0,3,0,1,2,2,N, ,39 56:48.825,75 13:38.339,1325, ,1320, ,0, , , ,0, , , , , , , , , ,2,1,0,0,0,0,0,1,0,0,0,1,1,0,0,0,0,0,0,0,0,0,0,0,0,0,0,0,0,0,0,0,0,0,0,4,0,39.9469,-75.2273, , 
18137,217984,2016080630,6,67,67301,2016,7,5,1105,11,1,1,0,4,1, , ,N,1,2,0,3,0,1,3,3,N,N,39 54:57.913,75 14:09.812,1206, ,1202, ,0, , , ,3, , , , , , , , , ,3,2,0,0,0,0,0,1,0,0,0,1,1,0,0,0,0,0,0,0,2,0,0,0,0,0,0,0,0,0,0,0,0,0,0,4,0,39.9161,-75.2361, , 
18138,217997,2016080764,6,67,67301,2016,7,5,543,5,5,1,0,7,4, , ,N,2,3,0,3,0,0,2,1,N,N,40 01:40.753,75 10:03.165,822, ,817,3,2,6,N, ,3,Y, , , , , , , , ,1,1,0,0,0,0,0,0,0,0,0,0,0,0,2,0,0,0,0,0,0,0,0,0,0,0,0,0,0,0,0,0,0,0,0,9,0,40.028,-75.1675, , 
18139,218002,2016090272,6,67,67301,2016,8,1,630,6,1,1,0,4,1, , ,N,3,3,0,3,0,5,5,2,N,N,39 59:20.108,75 10:32.055,645, ,639, ,0, ,N, ,3, , , , , , , , , ,2,0,0,0,0,0,2,0,0,0,0,0,5,5,0,0,0,0,0,0,0,0,0,0,0,0,0,0,0,0,0,0,0,0,0,8,0,39.9889,-75.1756, , 
18140,218014,2016105671,6,67,67301,2016,9,1,8,0,3,1,0,5,1, , ,N,0,0,0,3,0,1,5,2,N, ,40 01:10.927,75 08:53.375,10, ,8,1,1,2, , ,0,N, , , , , , , , ,2,0,0,0,0,0,2,0,0,0,0,1,1,0,0,0,0,0,1,0,0,0,0,0,0,0,0,0,0,0,0,0,0,0,0,4,0,40.0197,-75.1482, , 
18141,218024,2016105908,6,67,67301,2016,9,3,2020,20,3,1,0,1,1, , ,N,0,0,0,3,0,1,3,2,N,N,39 56:18.699,75 11:54.501,2030, ,2021, ,0, ,N, ,0, , , , , , , , , ,2,2,0,0,0,0,0,0,0,0,0,1,1,0,2,0,0,0,0,0,0,0,0,0,0,0,0,0,0,0,0,0,0,0,0,4,0,39.9385,-75.1985, , 
18142,221075,2016108614,6,67,67301,2016,10,1,422,4,3,2,1,7,4, , ,N,0,0,0,3,0,1,1,1,N,N,40 00:59.257,75 12:43.471,422, ,422, ,0, ,N, ,0, , , , , , , , , ,1,0,0,0,1,0,0,0,0,0,0,0,1,1,0,0,0,0,0,0,0,0,0,0,0,0,0,0,0,0,0,0,0,0,0,8,0,40.0165,-75.2121, , 
18143,221078,2016105859,6,67,67301,2016,9,2,1751,17,1,1,0,8,1, , ,N,1,2,0,3,0,1,2,2,N, ,40 03:34.246,75 03:07.165,1755, ,1751, ,0, , , ,3, , , , , , , , , ,1,0,0,0,0,0,1,0,0,0,0,0,1,1,0,0,0,0,0,0,0,0,0,0,0,0,0,0,0,0,0,0,1,0,0,8,0,40.0595,-75.052, , 
18144,221089,2016048663,6,67,67301,2016,4,2,1745,17,1,1,0,5,1, , ,N,0,0,0,3,0,1,2,2,N,N,39 56:22.510,75 13:22.091,1839, ,1837, ,0, , , ,0, , , , , , , , , ,1,0,0,0,0,0,0,0,1,0,0,1,1,0,0,0,0,0,0,0,0,0,0,0,0,0,0,0,0,0,0,0,0,0,0,4,0,39.9396,-75.2228, , 