objectid_1,objectid,crn,district,county,municipality,crash_year,crash_month,day_of_week,time_of_day,hour_of_day,illumination,weather,road_condition,collision_type,relation_to_road,work_zone_type,work_zone_loc,work_zone_ind,intersect_type,tcd_type,location_type,urban_rural,fatal_count,injury_count,person_count,total_units,sch_bus_ind,sch_zone_ind,latitude,longitude,arrival_tm,cons_zone_spd_lim,dispatch_tm,est_hrs_closed,lane_closed,ln_close_dir,ntfy_hiwy_maint,spec_juris_cd,tcd_func_cd,tfc_detour_ind,workers_pres,wz_close_detour,wz_flagger,wz_law_offcr_ind,wz_ln_closure,wz_moving,wz_other,wz_shlder_mdn,vehicle_count,automobile_count,motorcycle_count,bus_count,small_truck_count,heavy_truck_count,suv_count,van_count,bicycle_count,maj_inj_count,mod_inj_count,min_inj_count,tot_inj_count,unk_inj_deg_count,unk_inj_per_count,driver_count_16yr,driver_count_17yr,driver_count_18yr,driver_count_19yr,driver_count_20yr,driver_count_50_64yr,driver_count_65_74yr,driver_count_75plus,unbelted_occ_count,unb_death_count,unb_maj_inj_count,belted_death_count,belted_maj_inj_count,mcycle_death_count,mcycle_maj_inj_count,bicycle_death_count,bicycle_maj_inj_count,ped_count,ped_death_count,ped_maj_inj_count,max_severity_level,comm_veh_count,dec_lat,dec_long,rdwy_surf_type_cd,county_name
18145,221096,2016058543,6,67,67301,2016,5,5,2150,21,3,1,0,4,1, , ,N,0,0,0,3,0,2,3,2,N,N,40 00:06.166,75 07:01.016,2235, ,2150, ,0, ,N, ,0, , , , , , , , , ,2,1,0,0,0,0,1,0,0,0,1,1,2,0,0,0,0,0,0,0,0,0,0,0,0,0,0,0,0,0,0,0,0,0,0,3,0,40.0017,-75.1169, , 
18146,221100,2016064041,6,67,67301,2016,6,3,800,8,1,1,0,4,1, , ,N,2,3,0,3,0,2,2,2,N,N,40 01:38.036,75 12:16.249,815, ,809, ,0, ,N, ,3, , , , , , , , , ,2,2,0,0,0,0,0,0,0,0,0,0,2,2,0,0,0,0,0,0,1,0,0,0,0,0,0,0,0,0,0,0,0,0,0,8,0,40.0272,-75.2045, , 
18147,221101,2016064172,6,67,67301,2016,6,6,1617,16,1,1,0,1,1, , ,N,0,0,0,3,0,0,6,5,N,N,39 58:07.385,75 11:29.607,1625, ,1617,1,1,3, , ,0,N, , , , , , , , ,5,3,0,0,0,0,1,0,0,0,0,0,0,0,0,0,0,0,0,0,2,0,0,0,0,0,0,0,0,0,0,0,0,0,0,0,0,39.9687,-75.1916, , 
18148,221108,2016080535,6,67,67301,2016,6,5,1730,17,1,1,0,4,1, , ,N,2,0,0,3,0,2,3,2,N,N,39 56:20.018,75 12:06.181,1743, ,1738, ,0, ,N, ,0, , , , , , , , , ,2,0,1,0,0,0,0,1,0,0,1,1,2,0,0,0,0,0,0,0,0,0,0,0,0,0,0,0,0,0,0,0,0,0,0,3,0,39.9389,-75.2017, , 
18149,221121,2016099639,6,67,67301,2016,9,2,20,0,3,1,0,1,1, , ,N,1,2,0,3,0,0,6,2,N,N,39 57:13.845,75 13:12.349,29, ,25,1,1,4,N, ,3,N, , , , , , , , ,2,0,0,1,0,0,0,1,0,0,0,0,0,0,0,0,0,0,0,0,0,0,0,0,0,0,0,0,0,0,0,0,0,0,0,0,1,39.9538,-75.2201, , 
18150,221140,2016117176,6,67,67301,2016,10,6,822,8,1,1,0,8,1, , ,N,1,2,0,3,0,1,2,2,N, ,39 56:45.089,75 14:25.018,828, ,822,1,2,6, , ,3,Y, , , , , , , , ,1,0,0,0,0,0,0,0,0,0,0,1,1,0,0,0,0,0,0,0,0,0,0,0,0,0,0,0,0,0,0,0,1,0,0,4,0,39.9459,-75.2403, , 
18151,221161,2016070675,6,67,67301,2016,6,3,520,5,5,1,0,7,4, , ,N,0,0,0,3,0,1,1,1,N,N,39 56:44.503,75 14:24.006,521, ,520, ,0, , , ,0, , , , , , , , , ,1,0,0,0,0,0,1,0,0,0,0,1,1,0,0,0,0,0,0,0,1,0,0,0,0,0,0,0,0,0,0,0,0,0,0,4,0,39.9457,-75.24, , 
18152,221164,2016080230,6,67,67301,2016,6,3,914,9,1,1,0,1,1, , ,N,1,2,0,3,0,2,3,2,N,N,40 02:32.500,75 04:57.930,917, ,915, ,0, ,N, ,3, , , , , , , , , ,2,1,0,0,0,0,1,0,0,0,0,2,2,0,0,0,0,0,0,0,2,0,0,0,0,0,0,0,0,0,0,0,0,0,0,4,0,40.0424,-75.0827, , 
18153,221169,2016084643,6,67,67301,2016,8,1,130,1,3,1,0,5,6, , ,N,0,0,0,3,0,0,1,2,N,N,39 58:17.750,75 13:30.008,135, ,130, ,0, , , ,0, , , , , , , , , ,2,2,0,0,0,0,0,0,0,0,0,0,0,0,0,0,0,0,0,0,1,0,0,0,0,0,0,0,0,0,0,0,0,0,0,0,0,39.9716,-75.225, , 
18154,221173,2016082301,6,67,67301,2016,7,7,1535,15,1,1,0,3,4, , ,N,0,0,7,3,0,1,1,3,N,N,40 00:41.075,75 11:34.638,1705, ,1659, ,0, ,N, ,0, , , , , , , , , ,3,2,0,0,0,0,1,0,0,0,0,1,1,0,0,0,0,0,0,0,0,0,1,0,0,0,0,0,0,0,0,0,0,0,0,4,0,40.0114,-75.193, , 
18155,221196,2016053636,6,67,67301,2016,5,7,2315,23,3,1,0,4,1, , ,N,1,3,0,3,0,5,5,2,N,N,39 56:14.564,75 13:03.428,2324, ,2320,1,1,4,N, ,3,N, , , , , , , , ,2,2,0,0,0,0,0,0,0,1,0,4,5,0,0,0,0,0,0,0,1,0,0,0,0,0,0,0,0,0,0,0,0,0,0,2,0,39.9374,-75.2176, , 
18156,221198,2016056083,6,67,67301,2016,5,6,14,0,3,1,0,5,1, , ,N,0,0,0,3,0,1,2,2,N,N,40 01:13.913,75 09:20.955,20, ,16,9,1,1,N, ,0,N, , , , , , , , ,2,2,0,0,0,0,0,0,0,0,0,0,1,1,0,0,0,0,0,0,1,0,0,0,0,0,0,0,0,0,0,0,0,0,0,8,0,40.0205,-75.1558, , 
18157,221210,2016092159,6,67,67301,2016,8,3,649,6,1,1,0,4,1, , ,N,1,2,0,3,0,2,2,2,N,N,40 03:26.473,75 04:36.598,716, ,716, ,0, ,N, ,3, , , , , , , , , ,2,1,0,0,0,0,1,0,0,0,0,2,2,0,0,0,0,0,0,0,1,0,0,0,0,0,0,0,0,0,0,0,0,0,0,4,0,40.0574,-75.0768, , 
18158,221225,2016120589,6,67,67301,2016,11,3,9,0,3,1,0,4,1, , ,N,0,0,0,3,0,1,2,2,N, ,40 02:26.891,75 03:54.558,16, ,2013, ,0, , , ,0, , , , , , , , , ,2,1,0,0,0,0,1,0,0,0,0,1,1,0,0,0,0,0,0,0,1,0,0,0,0,0,0,0,0,0,0,0,0,0,0,4,0,40.0408,-75.0652, , 
18159,221227,2016128443,6,67,67301,2016,12,2,405,4,3,2,1,7,3, , ,N,0,0,0,3,0,1,1,1,N,N,39 53:15.973,75 12:58.296,419, ,407, ,0, , , ,0, , , , , , , , , ,1,0,0,0,1,0,0,0,0,0,1,0,1,0,0,0,0,0,0,0,0,0,0,0,0,0,0,0,0,0,0,0,0,0,0,3,0,39.8878,-75.2162, , 
18160,221228,2016110734,6,67,67301,2016,10,6,307,3,3,1,0,7,4, , ,N,0,0,0,3,0,1,2,1,N,N,39 57:35.762,75 10:45.361,310, ,310, ,0, , , ,0, , , , , , , , , ,1,1,0,0,0,0,0,0,0,0,1,0,1,0,0,0,0,0,0,0,0,0,0,0,0,0,0,0,0,0,0,0,0,0,0,3,0,39.9599,-75.1793, , 
18161,226709,2016112224,6,67,67301,2016,10,1,306,3,3,2,1,4,1, , ,N,1,2,0,3,0,3,4,2,N,N,39 59:28.770,75 10:14.944,308, ,306, ,0, ,N, ,3, , , , , , , , , ,2,1,0,0,0,0,1,0,0,0,0,1,3,2,0,0,0,0,0,0,0,0,0,0,0,0,0,0,0,0,0,0,0,0,0,4,0,39.9913,-75.1708, , 
18162,226712,2016126612,6,67,67301,2016,11,2,939,9,1,1,0,4,1, , ,N,2,3,0,3,0,1,3,3,N,N,39 57:05.288,75 14:27.445,1015, ,1011, ,0, , , ,3, , , , , , , , , ,3,2,0,0,0,0,1,0,0,0,1,0,1,0,0,0,0,0,0,0,0,0,0,0,0,0,0,0,0,0,0,0,0,0,0,3,0,39.9515,-75.241, , 
18163,226722,2016132178,6,67,67301,2016,11,2,1409,14,1,1,0,1,1, , ,N,2,2,0,3,0,2,4,3,N,N,40 03:27.901,75 02:30.078,1423, ,1419,2,1,4,N, ,3,N, , , , , , , , ,3,0,0,0,1,0,2,0,0,0,0,0,2,2,0,0,0,0,0,1,1,0,0,2,0,0,0,0,0,0,0,0,0,0,0,8,0,40.0578,-75.0417, , 
18164,226736,2017003595,6,67,67301,2016,12,7,517,5,3,4,4,4,1, , ,N,2,3,0,3,0,1,3,2,N,N,40 04:59.013,75 12:22.898,528, ,519,1,1,2,N, ,3,Y, , , , , , , , ,2,2,0,0,0,0,0,0,0,0,0,1,1,0,0,0,0,1,0,0,1,0,0,0,0,0,0,0,0,0,0,0,0,0,0,4,0,40.0829,-75.2063, , 
18165,226739,2016120617,6,67,67301,2016,10,2,1800,18,3,1,0,4,1, , ,N,1,3,0,3,0,1,2,3,N, ,39 56:10.082,75 13:40.983,1826, ,1826, ,0, , , ,3, , , , , , , , , ,3,3,0,0,0,0,0,0,0,0,0,0,1,1,0,0,0,0,0,0,0,0,0,1,0,0,0,0,0,0,0,0,0,0,0,8,0,39.9361,-75.2281, , 
18166,226754,2016105712,6,67,67301,2016,9,3,740,7,1,1,0,4,1, , ,N,2,3,0,3,0,1,3,2,N,N,39 58:40.436,75 12:21.801,915, ,915, ,0, , , ,3, , , , , , , , , ,2,1,0,0,0,0,1,0,0,0,0,0,1,1,2,0,0,0,0,0,1,0,0,0,0,0,0,0,0,0,0,0,0,0,0,8,0,39.9779,-75.2061, , 
18167,226756,2016108561,6,67,67301,2016,10,2,549,5,3,1,0,1,1, , ,N,0,0,0,3,0,1,4,2,N, ,40 01:54.498,75 04:59.839,719, ,650,3,1,1, , ,0,N, , , , , , , , ,2,2,0,0,0,0,0,0,0,0,0,0,1,1,0,0,0,0,0,0,2,0,0,2,0,0,0,0,0,0,0,0,0,0,0,8,0,40.0318,-75.0833, , 
18168,226760,2016108622,6,67,67301,2016,10,7,1008,10,1,1,0,4,1, , ,N,2,3,7,3,0,1,2,2,N,N,40 02:04.815,75 07:44.378,1015, ,1010, ,0, ,N, ,3, , , , , , , , , ,2,2,0,0,0,0,0,0,0,0,0,0,1,1,0,0,0,0,0,0,0,0,0,1,0,0,0,0,0,0,0,0,0,0,0,8,0,40.0347,-75.129, , 
18169,226765,2016127832,6,67,67301,2016,11,3,1020,10,1,2,1,8,1, , ,N,1,2,0,3,0,1,2,2,N,N,40 06:18.581,75 01:58.245,1025, ,1025,3,2,3,N, ,3,Y, , , , , , , , ,1,1,0,0,0,0,0,0,0,0,0,0,1,1,0,0,0,0,0,0,0,1,0,1,0,0,0,0,0,0,0,0,1,0,0,8,0,40.1052,-75.0328, , 
18170,226785,2017003648,6,67,67301,2016,12,4,2031,20,3,1,0,4,1, , ,N,2,2,7,3,0,0,2,2,N,N,40 04:53.139,74 58:34.664,2036, ,2032, ,0, ,N, ,3, , , , , , , , , ,2,2,0,0,0,0,0,0,0,0,0,0,0,0,0,0,0,1,0,0,0,0,0,0,0,0,0,0,0,0,0,0,0,0,0,0,0,40.0814,-74.9762, , 
18171,226787,2017005205,6,67,67301,2016,12,7,350,3,3,1,0,4,1, , ,N,0,0,0,3,0,2,3,2,N,N,39 55:02.823,75 10:31.299,406, ,406, ,0, ,N, ,0, , , , , , , , , ,2,1,0,0,0,0,1,0,0,0,0,2,2,0,0,0,0,0,0,0,0,0,0,1,0,0,0,0,0,0,0,0,0,0,0,4,0,39.9175,-75.1754, , 
18172,226790,2017001266,6,67,67301,2016,10,2,545,5,3,1,0,4,1, , ,N,0,0,0,3,0,1,3,3,Y,N,39 54:01.689,75 09:21.057,556, ,547,4,1,1, , ,0,N, , , , , , , , ,3,1,0,1,1,0,0,0,0,1,0,0,1,0,0,0,0,0,0,0,1,0,0,0,0,0,0,0,0,0,0,0,0,0,0,2,1,39.9005,-75.1558, , 
18173,226797,2016099516,6,67,67301,2016,9,7,1530,15,1,1,0,1,1, , ,N,2,2,2,3,0,4,5,3,N, ,39 56:29.692,75 08:31.694,1650, ,1647,3,2,1, , ,3,N, , , , , , , , ,3,2,0,0,0,0,1,0,0,0,0,4,4,0,0,0,0,0,0,0,1,0,0,0,0,0,0,0,0,0,0,0,0,0,0,4,0,39.9416,-75.1421, , 
18174,226799,2016120577,6,67,67301,2016,11,4,9999,99,1,1,0,4,1, , ,N,1,2,0,3,0,2,3,2,N, ,40 00:30.707,75 12:38.635,1625, ,1608,1,1,1, , ,3,N, , , , , , , , ,2,0,0,0,0,0,2,0,0,0,0,0,2,2,1,0,0,0,0,0,0,1,0,0,0,0,0,0,0,0,0,0,0,0,0,8,0,40.0085,-75.2107, , 
18175,226802,2016119176,6,67,67301,2016,10,4,740,7,1,1,0,4,1, , ,N,1,3,0,3,0,2,3,2,N,N,40 04:42.132,74 59:51.752,750, ,748, ,0, ,N, ,3, , , , , , , , , ,2,1,0,0,0,0,1,0,0,0,0,0,2,2,0,0,0,0,0,0,0,0,0,0,0,0,0,0,0,0,0,0,0,0,0,8,0,40.0784,-74.9977, , 
18176,226830,2017019071,6,67,67301,2016,12,4,1410,14,1,1,0,5,1, , ,N,0,0,0,3,0,1,4,2,N,N,39 57:11.689,75 09:28.522,1420, ,1415,1,1,1,N, ,0,N, , , , , , , , ,2,2,0,0,0,0,0,0,0,0,0,1,1,0,0,0,0,0,0,0,1,0,0,0,0,0,0,0,0,0,0,0,0,0,0,4,0,39.9532,-75.1579, , 
18177,226836,2016106303,6,67,67301,2016,9,3,1650,16,1,1,0,4,1, , ,N,1,2,0,3,0,1,2,2,N,N,39 57:28.799,75 13:16.548,1700, ,1700, ,0, ,N, ,3, , , , , , , , , ,2,2,0,0,0,0,0,0,0,0,0,0,1,1,0,0,0,0,0,0,1,0,0,2,0,0,0,0,0,0,0,0,0,0,0,8,0,39.958,-75.2212, , 
18178,226838,2016130005,6,67,67301,2016,11,4,1741,17,3,1,0,8,1, , ,N,0,0,0,3,0,1,2,2,N, ,39 58:18.952,75 13:33.345,1744, ,1741, ,0, , , ,0, , , , , , , , , ,1,0,0,1,0,0,0,0,0,0,1,0,1,0,0,0,0,0,0,0,1,0,0,0,0,0,0,0,0,0,0,0,1,0,0,3,1,39.9719,-75.2259, , 
18179,215283,2016093918,6,67,67301,2016,9,2,922,9,1,1,0,1,1, , ,N,0,0,0,3,0,3,4,3,N,N,40 00:33.916,75 12:25.235,935, ,932,1,1,3, , ,0,N, , , , , , , , ,3,1,0,0,0,0,1,1,0,0,3,0,3,0,0,0,0,0,0,0,1,0,0,0,0,0,0,0,0,0,0,0,0,0,0,3,0,40.0094,-75.207, , 
18180,215317,2016080182,6,67,67301,2016,6,4,725,7,1,1,0,8,1, , ,N,0,0,0,3,0,1,2,2,N, ,40 00:51.817,75 10:17.395,732, ,729, ,0, , , ,0, , , , , , , , , ,1,1,0,0,0,0,0,0,0,0,0,1,1,0,0,0,0,0,0,0,0,0,1,1,0,0,0,0,0,0,0,0,1,0,0,4,0,40.0144,-75.1715, , 
18181,215319,2016083789,6,67,67301,2016,6,7,203,2,3,1,0,1,1, , ,N,0,0,0,3,0,2,3,3,N,N,39 52:50.759,75 14:49.345,218, ,205,2,1,2, , ,0,N, , , , , , , , ,3,2,0,0,0,0,0,1,0,0,0,1,2,1,0,0,0,0,0,0,0,0,0,1,0,0,0,0,0,0,0,0,0,0,0,4,0,39.8808,-75.247, , 
18182,215325,2016108608,6,67,67301,2016,10,1,1855,18,3,1,0,4,1, , ,N,1,3,0,3,0,0,3,3,N, ,39 55:58.900,75 11:17.181,1905, ,1900, ,0, , , ,3, , , , , , , , , ,3,2,0,0,0,0,1,0,0,0,0,0,0,0,0,0,0,0,0,0,0,0,0,0,0,0,0,0,0,0,0,0,0,0,0,0,0,39.933,-75.1881, , 
18183,215332,2016083308,6,67,67301,2016,8,4,1221,12,1,1,0,1,1,2,2,Y,0,8,3,3,0,1,3,3,N,N,39 57:16.937,75 08:40.404,1221,35,1221,1,1,3,N, ,3,Y,Y, , ,N,Y, , , ,3,1,0,0,0,0,2,0,0,0,0,0,1,1,0,0,1,0,0,0,2,0,0,0,0,0,0,0,0,0,0,0,0,0,0,8,0,39.9547,-75.1446, , 
18184,215336,2016096348,6,67,67301,2016,9,6,1142,11,1,1,0,1,1, , ,N,0,0,0,3,0,0,2,2,N,N,39 59:36.009,75 11:59.270,1158, ,1145, ,0, , , ,0, , , , , , , , , ,2,1,0,0,0,0,0,1,0,0,0,0,0,0,0,0,0,0,0,0,0,1,0,0,0,0,0,0,0,0,0,0,0,0,0,0,0,39.9933,-75.1998, , 
18185,215345,2016105545,6,67,67301,2016,9,5,1930,19,3,2,1,8,1, , ,N,10,3,0,3,0,1,2,2,N,N,40 02:04.560,75 03:55.169,2050, ,9999, ,0, , , ,3, , , , , , , , , ,1,0,0,0,0,0,1,0,0,0,0,0,1,1,0,0,0,0,0,0,1,0,0,0,0,0,0,0,0,0,0,0,1,0,0,8,0,40.0346,-75.0653, , 
18186,215349,2016117673,6,67,67301,2016,10,1,1209,12,1,1,0,4,1, , ,N,1,2,0,3,0,0,3,2,N,N,40 02:46.150,75 04:44.993,1223, ,1218, ,0, ,N, ,3, , , , , , , , , ,2,0,0,0,0,0,2,0,0,0,0,0,0,0,0,0,0,0,0,0,0,0,0,0,0,0,0,0,0,0,0,0,0,0,0,0,0,40.0462,-75.0792, , 
18187,215350,2016119651,6,67,67301,2016,10,1,1130,11,1,1,0,4,1, , ,N,1,2,0,3,0,2,2,2,N,N,40 01:32.390,75 07:30.507,1151, ,1150, ,0, ,N, ,3, , , , , , , , , ,2,1,0,0,0,0,1,0,0,0,0,2,2,0,0,0,0,0,0,0,1,0,0,0,0,0,0,0,0,0,0,0,0,0,0,4,0,40.0257,-75.1251, , 
18188,215353,2016112139,6,67,67301,2016,10,4,10,0,3,1,0,4,1, , ,N,1,2,0,3,0,3,3,2,N, ,39 56:53.175,75 09:15.257,14, ,12,1,1,2, , ,3,Y, , , , , , , , ,2,1,0,0,0,0,1,0,0,0,0,2,3,1,0,0,0,0,0,0,1,0,0,0,0,0,0,0,0,0,0,0,0,0,0,4,0,39.9481,-75.1542, , 
18189,215370,2016097630,6,67,67301,2016,9,3,1131,11,1,1,0,1,1, , ,N,0,0,0,3,0,1,2,2,N, ,40 07:07.022,75 01:05.644,1158, ,1150, ,0, , , ,0, , , , , , , , , ,2,2,0,0,0,0,0,0,0,0,0,1,1,0,0,0,0,0,0,0,2,0,0,2,0,0,0,0,0,0,0,0,0,0,0,4,0,40.1186,-75.0182, , 
18190,215371,2016112239,6,67,67301,2016,10,1,35,0,3,2,1,7,1, , ,N,0,0,0,3,0,1,2,1,N, ,39 55:08.636,75 14:05.225,43, ,38, ,0, , , ,0, , , , , , , , , ,1,0,0,0,0,0,1,0,0,0,1,0,1,0,0,0,0,0,0,0,0,0,0,0,0,0,0,0,0,0,0,0,0,0,0,3,0,39.9191,-75.2348, , 
18191,215385,2016112246,6,67,67301,2016,10,2,517,5,3,1,0,8,1, , ,N,1,2,0,3,0,1,2,2,N, ,39 57:03.483,75 09:07.159,520, ,518, ,0, , , ,3, , , , , , , , , ,1,1,0,0,0,0,0,0,0,0,0,1,1,0,0,0,0,0,0,0,0,0,0,1,0,0,0,0,0,0,0,0,1,0,0,4,0,39.9509,-75.152, , 
18192,215401,2016120542,6,67,67301,2016,10,5,2059,20,3,2,1,4,1, , ,N,1,2,0,3,0,0,2,2,N,N,40 07:44.528,75 01:30.881,2107, ,2101, ,0, ,N, ,3, , , , , , , , , ,2,1,0,0,0,0,1,0,0,0,0,0,0,0,0,0,0,0,0,0,0,0,0,0,0,0,0,0,0,0,0,0,0,0,0,0,0,40.129,-75.0252, , 
18193,215406,2016126050,6,67,67301,2016,11,2,1255,12,1,1,0,4,1, , ,N,0,0,0,3,0,2,4,2,N,N,40 02:41.627,75 06:04.642,1256, ,1255, ,0, , , ,0, , , , , , , , , ,2,1,0,0,0,0,1,0,0,0,0,2,2,0,0,0,0,0,0,0,0,1,0,1,0,0,0,0,0,0,0,0,0,0,0,4,0,40.0449,-75.1013, , 
18194,215414,2016132184,6,67,67301,2016,11,1,1816,18,2,1,0,8,1, , ,N,2,2,0,3,0,1,2,2,N,N,40 00:48.906,75 09:32.155,1820, ,1818,2,1,4, , ,3,N, , , , , , , , ,1,0,0,0,0,0,1,0,0,0,0,1,1,0,0,0,0,0,0,0,0,0,0,0,0,0,0,0,0,0,0,0,1,0,0,4,0,40.0135,-75.1589, , 
18195,215441,2016105901,6,67,67301,2016,9,7,14,0,3,1,0,4,1, , ,N,1,2,0,3,0,2,2,2,N,N,39 54:57.913,75 14:09.812,213, ,159,2,1,1,N, ,3,N, , , , , , , , ,2,1,0,0,0,0,1,0,0,0,0,2,2,0,0,0,0,0,0,0,0,0,0,0,0,0,0,0,0,0,0,0,0,0,0,4,0,39.9161,-75.2361, , 
18196,215444,2016105922,6,67,67301,2016,9,1,2128,21,3,1,0,4,1, , ,N,1,2,0,3,0,2,2,2,N, ,40 02:49.618,75 13:04.153,2131, ,2130,9,2,2, , ,3,Y, , , , , , , , ,2,2,0,0,0,0,0,0,0,2,0,0,2,0,0,0,0,0,0,0,0,0,0,0,0,0,0,1,0,0,0,0,0,0,0,2,0,40.0474,-75.2178, , 
18197,218073,2016080416,6,67,67301,2016,6,4,146,1,3,1,0,5,6, , ,N,0,0,0,3,0,0,1,4,N,N,40 04:07.611,75 09:41.534,150, ,148, ,0, ,N, ,0, , , , , , , , , ,4,2,0,0,1,0,1,0,0,0,0,0,0,0,0,0,0,0,0,0,0,0,0,0,0,0,0,0,0,0,0,0,0,0,0,0,0,40.0688,-75.1615, , 
18198,218074,2016080485,6,67,67301,2016,7,6,804,8,1,1,0,1,1, , ,N,0,0,0,3,0,0,1,3,N,N,39 57:55.998,75 09:38.821,810, ,805,2,1,2, , ,0,N, , , , , , , , ,3,1,0,0,1,0,0,1,0,0,0,0,0,0,1,0,0,0,0,0,0,0,0,0,0,0,0,0,0,0,0,0,0,0,0,9,0,39.9656,-75.1608, , 
18199,218075,2016080838,6,67,67301,2016,7,4,1020,10,1,1,0,4,1, , ,N,1,2,0,3,0,0,2,2,N,N,40 02:25.164,75 03:30.735,1027, ,1027,1,1,1,N, ,3,N, , , , , , , , ,2,1,0,0,0,0,0,1,0,0,0,0,0,0,0,0,0,0,0,0,0,0,0,0,0,0,0,0,0,0,0,0,0,0,0,0,0,40.0403,-75.0585, , 
18200,218149,2016053677,6,67,67301,2016,5,4,1120,11,1,1,0,4,1, , ,N,1,2,0,3,0,2,2,2,N,N,39 56:49.898,75 10:41.282,1125, ,1120, ,0, ,N, ,3, , , , , , , , , ,1,1,0,0,0,0,0,0,1,0,0,0,2,2,0,0,0,0,0,0,0,0,0,0,0,0,0,0,0,0,0,0,0,0,0,8,0,39.9472,-75.1781, , 
18201,218151,2016056067,6,67,67301,2016,5,2,754,7,1,1,0,4,1, , ,N,1,3,0,3,0,1,2,2,N,N,40 01:25.078,75 07:18.911,800, ,758, ,0, ,N, ,3, , , , , , , , , ,2,2,0,0,0,0,0,0,0,0,0,1,1,0,0,0,0,0,0,0,0,0,0,0,0,0,0,0,0,0,0,0,0,0,0,4,0,40.0236,-75.1219, , 
18202,218161,2016062681,6,67,67301,2016,5,7,1315,13,1,1,0,8,1, , ,N,0,0,0,3,0,1,4,2,N,N,40 02:03.519,75 07:34.362,1403, ,1403, ,0, ,N, ,0, , , , , , , , , ,1,1,0,0,0,0,0,0,0,0,1,0,1,0,0,0,0,0,0,0,0,0,0,0,0,0,0,0,0,0,0,0,1,0,0,3,0,40.0343,-75.1262, , 
18203,218165,2016096352,6,67,67301,2016,9,2,816,8,1,1,0,7,4, , ,N,6,4,2,3,0,1,2,2,N,N,39 54:31.321,75 08:57.939,851, ,819,2,1,2, , ,1,N, , , , , , , , ,2,1,0,0,0,0,1,0,0,0,0,0,1,1,0,0,0,0,0,0,0,0,0,0,0,0,0,0,0,0,0,0,0,0,0,8,0,39.9087,-75.1494, , 
18204,218167,2016094644,6,67,67301,2016,9,6,1527,15,1,1,0,5,1, , ,N,0,0,0,3,0,1,3,2,N,N,39 59:47.727,75 11:47.952,1527, ,1527, ,0, , , ,0, , , , , , , , , ,2,1,0,0,0,0,1,0,0,0,1,0,1,0,0,0,0,0,0,0,0,0,0,0,0,0,0,0,0,0,0,0,0,0,0,3,0,39.9966,-75.1967, , 
18205,218173,2016102452,6,67,67301,2016,9,6,2348,23,3,2,7,7,4, , ,N,0,0,0,3,0,0,1,1,N,N,39 58:51.684,75 12:23.773,2354, ,2348, ,0, , , ,0, , , , , , , , , ,1,1,0,0,0,0,0,0,0,0,0,0,0,0,0,0,0,0,0,1,0,0,0,0,0,0,0,0,0,0,0,0,0,0,0,0,0,39.981,-75.2066, , 
18206,218185,2016108542,6,67,67301,2016,9,1,438,4,3,1,0,4,1, , ,N,3,0,0,3,0,1,2,2,N,N,39 56:28.490,75 12:38.577,444, ,440, ,0, ,N, ,0, , , , , , , , , ,2,1,0,0,1,0,0,0,0,0,0,0,1,1,1,0,0,0,0,0,0,0,0,0,0,0,0,0,0,0,0,0,0,0,0,8,0,39.9412,-75.2107, , 
18207,218190,2016119177,6,67,67301,2016,10,4,1430,14,1,1,0,4,1, , ,N,1,2,0,3,0,5,6,2,N,Y,39 59:23.298,75 07:31.934,1430, ,1430,2,1,4,N, ,3,N, , , , , , , , ,2,2,0,0,0,0,0,0,0,0,0,2,5,3,0,0,0,0,0,0,1,0,0,0,0,0,0,0,0,0,0,0,0,0,0,4,0,39.9898,-75.1255, , 
18208,218192,2016112101,6,67,67301,2016,10,4,1745,17,1,1,0,4,1, , ,N,1,3,0,3,0,1,2,2,N,N,40 04:06.283,75 09:42.667,1755, ,1751, ,0, , , ,3, , , , , , , , , ,2,0,0,0,0,0,2,0,0,0,0,1,1,0,0,0,0,0,0,0,1,0,0,1,0,0,0,0,0,0,0,0,0,0,0,4,0,40.0684,-75.1619, , 
18209,218194,2016126051,6,67,67301,2016,11,6,2300,23,3,1,0,1,1, , ,N,0,0,0,3,0,3,5,3,N, ,40 00:45.778,75 09:01.360,2300, ,2300, ,0, , , ,0, , , , , , , , , ,3,2,0,0,0,0,0,0,0,0,0,3,3,0,0,0,0,0,0,0,0,1,0,1,0,0,0,0,0,0,0,0,0,0,0,4,0,40.0127,-75.1504, , 
18210,218201,2016064055,6,67,67301,2016,6,3,1905,19,1,1,0,6,1, , ,N,1,0,0,3,0,0,2,2,N,N,40 01:39.871,75 10:13.983,1911, ,1909,1,1,6,N, ,0,Y, , , , , , , , ,2,1,0,0,0,0,1,0,0,0,0,0,0,0,1,0,0,0,0,0,0,0,0,0,0,0,0,0,0,0,0,0,0,0,0,9,0,40.0277,-75.1706, , 
18211,218202,2016065214,6,46,46108,2016,6,1,1506,15,1,1,0,1,1, , ,N,0,2,0,3,0,1,5,3,N,N,40 05:33.774,75 13:23.816,1508, ,1506,1,1,1,N, ,3,N, , , , , , , , ,3,3,0,0,0,0,0,0,0,0,0,0,1,1,0,0,0,0,0,0,1,0,0,0,0,0,0,0,0,0,0,0,0,0,0,8,0,40.0927,-75.2233, , 