objectid_1,objectid,crn,district,county,municipality,crash_year,crash_month,day_of_week,time_of_day,hour_of_day,illumination,weather,road_condition,collision_type,relation_to_road,work_zone_type,work_zone_loc,work_zone_ind,intersect_type,tcd_type,location_type,urban_rural,fatal_count,injury_count,person_count,total_units,sch_bus_ind,sch_zone_ind,latitude,longitude,arrival_tm,cons_zone_spd_lim,dispatch_tm,est_hrs_closed,lane_closed,ln_close_dir,ntfy_hiwy_maint,spec_juris_cd,tcd_func_cd,tfc_detour_ind,workers_pres,wz_close_detour,wz_flagger,wz_law_offcr_ind,wz_ln_closure,wz_moving,wz_other,wz_shlder_mdn,vehicle_count,automobile_count,motorcycle_count,bus_count,small_truck_count,heavy_truck_count,suv_count,van_count,bicycle_count,maj_inj_count,mod_inj_count,min_inj_count,tot_inj_count,unk_inj_deg_count,unk_inj_per_count,driver_count_16yr,driver_count_17yr,driver_count_18yr,driver_count_19yr,driver_count_20yr,driver_count_50_64yr,driver_count_65_74yr,driver_count_75plus,unbelted_occ_count,unb_death_count,unb_maj_inj_count,belted_death_count,belted_maj_inj_count,mcycle_death_count,mcycle_maj_inj_count,bicycle_death_count,bicycle_maj_inj_count,ped_count,ped_death_count,ped_maj_inj_count,max_severity_level,comm_veh_count,dec_lat,dec_long,rdwy_surf_type_cd,county_name
18212,218204,2016065708,6,67,67301,2016,6,7,9999,99,1,1,0,4,1, , ,N,1,3,0,3,0,1,2,2,N,N,39 59:17.246,75 08:02.522,1829, ,1829, ,0, ,N, ,3, , , , , , , , , ,2,1,1,0,0,0,0,0,0,1,0,0,1,0,0,0,0,0,0,0,0,0,0,0,0,0,0,0,0,1,0,0,0,0,0,2,0,39.9881,-75.134, , 
18213,218209,2016067819,6,67,67301,2016,6,3,9999,99,1,1,0,5,1, , ,N,0,0,0,3,0,0,3,3,N,N,40 06:52.820,74 59:15.488,9999, ,9999,1,1,2,N, ,0,N, , , , , , , , ,3,1,0,0,1,0,0,1,0,0,0,0,0,0,0,0,0,0,0,0,1,0,0,0,0,0,0,0,0,0,0,0,0,0,0,0,0,40.1147,-74.9876, , 
18214,218216,2017005190,6,67,67301,2016,12,4,845,8,1,1,0,8,1, , ,N,1,2,0,3,0,1,2,2,N,N,40 02:03.472,75 02:19.006,853, ,849, ,0, ,N, ,3, , , , , , , , , ,1,1,0,0,0,0,0,0,0,0,1,0,1,0,0,0,0,0,0,0,1,0,0,0,0,0,0,0,0,0,0,0,1,0,0,3,0,40.0343,-75.0386, , 
18215,223840,2016119140,6,67,67301,2016,10,1,2221,22,3,1,0,1,1, , ,N,0,0,0,3,0,0,2,2,N,N,39 59:53.706,75 07:38.407,9999, ,9999, ,0, ,N, ,0, , , , , , , , , ,2,2,0,0,0,0,0,0,0,0,0,0,0,0,0,0,0,0,0,0,0,0,0,0,0,0,0,0,0,0,0,0,0,0,0,0,0,39.9983,-75.1273, , 
18216,223843,2016112200,6,67,67301,2016,10,7,1829,18,3,2,1,4,1, , ,N,1,2,0,3,0,1,2,2,N,N,39 59:38.951,75 09:22.386,1914, ,1913, ,0, ,N, ,3, , , , , , , , , ,2,1,0,0,0,0,1,0,0,0,0,0,1,1,0,0,0,0,0,0,0,0,0,2,0,0,0,0,0,0,0,0,0,0,0,8,0,39.9941,-75.1562, , 
18217,223849,2016138192,6,67,67301,2016,11,2,2205,22,3,1,0,4,1, , ,N,1,2,2,3,0,0,2,2,N,N,40 05:15.133,74 58:16.083,2216, ,2212, ,0, ,N, ,3, , , , , , , , , ,2,0,0,0,0,0,2,0,0,0,0,0,0,0,0,0,0,0,0,0,0,0,0,0,0,0,0,0,0,0,0,0,0,0,0,0,0,40.0875,-74.9711, , 
18218,223873,2016120600,6,67,67301,2016,10,3,1005,10,1,1,0,4,1, , ,N,1,2,0,3,0,1,3,2,N,N,39 58:30.545,75 11:17.083,1040, ,1025, ,0, ,N, ,3, , , , , , , , , ,2,0,0,0,0,0,0,1,0,0,0,0,1,1,0,0,0,0,0,0,0,0,0,1,0,0,0,0,0,0,0,0,0,0,0,8,0,39.9752,-75.1882, , 
18219,223918,2016135285,6,67,67301,2016,12,7,2332,23,3,2,1,7,4, , ,N,0,0,0,3,0,1,1,1,N,N,39 55:30.581,75 11:35.978,0, ,2342, ,0, , , ,0, , , , , , , , , ,1,0,0,0,0,0,1,0,0,0,1,0,1,0,0,0,0,0,0,0,0,0,0,0,0,0,0,0,0,0,0,0,0,0,0,3,0,39.9252,-75.1933, , 
18220,223928,2016126034,6,67,67301,2016,11,5,1432,14,1,1,0,8,1, , ,N,0,0,0,3,0,1,2,2,N, ,39 58:51.804,75 10:33.200,1440, ,1432, ,0, ,N, ,0, , , , , , , , , ,1,1,0,0,0,0,0,0,0,0,0,0,1,1,0,0,0,0,0,0,0,0,0,0,0,0,0,0,0,0,0,0,1,0,0,8,0,39.9811,-75.1759, , 
18221,223966,2016082247,6,67,67301,2016,7,2,1604,16,1,1,0,8,1, , ,N,1,2,0,3,0,4,4,4,N,N,40 02:25.628,75 10:43.047,1606, ,1604,9,2,7,N, ,3,Y, , , , , , , , ,1,1,0,0,0,0,0,0,0,0,0,4,4,0,0,0,0,0,0,0,0,0,0,0,0,0,0,0,0,0,0,0,3,0,0,4,0,40.0405,-75.1786, , 
18222,223985,2016114330,6,67,67301,2016,10,6,100,1,3,1,1,7,5, , ,N,0,0,0,3,0,1,1,1,N,N,40 02:22.873,75 00:25.609,106, ,102, ,0, , , ,0, , , , , , , , , ,1,0,0,0,1,0,0,0,0,0,1,0,1,0,0,0,0,1,0,0,0,0,0,0,0,0,0,0,0,0,0,0,0,0,0,3,0,40.0397,-75.0071, , 
18223,223991,2016110076,6,67,67301,2016,9,7,1505,15,1,1,0,4,1, , ,N,1,2,2,3,0,2,4,2,N,N,39 59:12.208,75 12:27.247,9999, ,1505, ,0, ,N, ,3, , , , , , , , , ,2,1,0,0,0,0,1,0,0,0,0,0,2,2,2,0,0,0,0,0,0,1,0,0,0,0,0,0,0,0,0,0,0,0,0,8,0,39.9867,-75.2076, , 
18224,223998,2016062575,6,67,67301,2016,5,4,1925,19,1,1,0,2,4, , ,N,0,0,0,3,0,0,1,4,N,N,40 01:15.583,75 06:48.002,1930, ,1925,3,1,5,N, ,0,N, , , , , , , , ,3,1,0,0,0,0,1,0,0,0,0,0,0,0,0,0,0,0,0,0,0,0,0,1,0,0,0,0,0,0,0,0,0,0,0,0,0,40.021,-75.1133, , 
18225,224011,2016106447,6,67,67301,2016,10,4,644,6,1,1,0,1,1,1,4,Y,0,0,0,3,0,1,2,2,N,N,39 59:26.465,75 05:12.487,700,45,644,1,1,2, , ,0,N,Y,N,N,N,N,N,N,Y,2,1,0,0,1,0,0,0,0,0,0,0,1,1,0,0,0,0,0,0,0,0,0,0,0,0,0,0,0,0,0,0,0,0,0,8,0,39.9907,-75.0868, , 
18226,224014,2016099938,6,67,67301,2016,9,5,644,6,1,2,1,4,1, , ,N,0,0,0,3,0,1,2,2,N,N,39 59:38.860,75 11:32.750,701, ,653,1,1,5,N, ,0,N, , , , , , , , ,2,1,0,0,0,0,1,0,0,0,0,0,1,1,0,0,0,0,0,0,1,0,0,0,0,0,0,0,0,0,0,0,0,0,0,8,0,39.9941,-75.1924, , 
18227,224026,2016065725,6,67,67301,2016,6,7,2315,23,3,1,0,1,1, , ,N,0,0,0,3,0,1,2,2,N,N,39 59:09.701,75 05:12.949,9999, ,204, ,0, ,N, ,0, , , , , , , , , ,2,2,0,0,0,0,0,0,0,0,0,0,1,1,0,0,0,0,0,0,1,0,0,0,0,0,0,0,0,0,0,0,0,0,0,8,0,39.986,-75.0869, , 
18228,224030,2016070690,6,67,67301,2016,6,6,1148,11,1,1,0,4,1, , ,N,2,2,0,3,0,2,3,2,N, ,40 03:23.726,75 01:52.348,1200, ,1151,1,1,3, , ,3,N, , , , , , , , ,2,1,0,0,0,0,1,0,0,0,1,1,2,0,0,0,0,0,0,0,0,0,0,3,0,0,0,0,0,0,0,0,0,0,0,3,0,40.0566,-75.0312, , 
18229,224036,2016077622,6,67,67301,2016,7,4,2309,23,3,1,0,1,1, , ,N,0,0,0,3,0,0,2,2,N,N,39 56:53.350,75 11:10.383,2331, ,2316,1,1,4, , ,0,N, , , , , , , , ,2,1,0,0,0,0,1,0,0,0,0,0,0,0,0,0,0,0,0,0,1,0,0,0,0,0,0,0,0,0,0,0,0,0,0,0,0,39.9482,-75.1862, , 
18230,224039,2016080351,6,67,67301,2016,7,1,653,6,1,1,0,1,1, , ,N,0,0,0,3,0,1,2,2,N,N,40 00:53.784,75 10:39.722,724, ,713,2,1,2, , ,0,Y, , , , , , , , ,2,1,0,0,0,0,1,0,0,0,0,1,1,0,1,0,0,0,0,1,0,0,0,0,0,0,0,0,0,0,0,0,0,0,0,4,0,40.0149,-75.1777, , 
18231,224040,2016081404,6,67,67301,2016,7,2,1107,11,1,1,0,1,6, , ,N,0,0,0,3,0,1,1,2,N,N,40 00:19.902,75 06:18.017,1110, ,1107, ,0, ,N, ,0, , , , , , , , , ,2,1,0,0,0,0,0,1,0,0,0,0,1,1,0,0,0,0,0,0,0,0,0,0,0,0,0,0,0,0,0,0,0,0,0,8,0,40.0055,-75.105, , 
18232,224042,2016082348,6,67,67301,2016,7,1,1311,13,1,1,1,1,1, , ,N,0,0,0,3,0,1,2,2,N, ,40 06:30.708,75 01:34.263,1317, ,1313, ,0, , , ,0, , , , , , , , , ,2,1,0,0,0,0,1,0,0,0,0,0,1,1,0,0,0,0,0,0,0,1,0,0,0,0,0,0,0,0,0,0,0,0,0,8,0,40.1085,-75.0262, , 
18233,221229,2016120596,6,67,67301,2016,11,3,1740,17,1,1,0,4,1, , ,N,1,3,0,3,0,0,2,2,N,N,39 58:01.905,75 14:41.117,1753, ,1747, ,0, ,N, ,3, , , , , , , , , ,2,2,0,0,0,0,0,0,0,0,0,0,0,0,1,0,0,0,0,0,0,0,0,0,0,0,0,0,0,0,0,0,0,0,0,9,0,39.9672,-75.2448, , 
18234,221238,2016105819,6,67,67301,2016,9,5,1655,16,1,1,0,4,1, , ,N,1,2,0,3,0,1,3,2,N,N,39 56:51.042,75 08:58.320,1720, ,1705, ,0, ,N, ,3, , , , , , , , , ,1,0,0,0,0,0,0,1,1,0,0,1,1,0,0,0,0,0,0,0,0,0,0,0,0,0,0,0,0,0,0,0,0,0,0,4,0,39.9475,-75.1495, , 
18235,221252,2016080344,6,67,67301,2016,6,2,1931,19,4,2,1,8,1, , ,N,1,2,0,3,0,1,2,2,N,N,39 59:04.683,75 10:40.546,1934, ,1933,1,1,4,N, ,3,N, , , , , , , , ,1,1,0,0,0,0,0,0,0,0,1,0,1,0,0,0,0,0,0,0,1,0,0,1,0,0,0,0,0,0,0,0,1,0,0,3,0,39.9846,-75.1779, , 
18236,221253,2016080581,6,67,67301,2016,6,5,740,7,1,1,0,1,1, , ,N,1,2,0,3,0,0,2,2,N,N,40 03:51.056,75 14:22.493,746, ,743, ,0, , , ,3, , , , , , , , , ,2,0,0,0,0,0,2,0,0,0,0,0,0,0,0,0,0,0,0,0,0,0,0,0,0,0,0,0,0,0,0,0,0,0,0,0,0,40.0645,-75.2397, , 
18237,221254,2016080781,6,67,67301,2016,6,4,1410,14,1,1,0,6,6, , ,N,0,0,0,3,0,0,1,2,N,N,39 59:43.498,75 04:37.858,1417, ,1415, ,0, ,N, ,0, , , , , , , , , ,2,1,0,0,0,0,0,1,0,0,0,0,0,0,0,0,0,0,0,0,0,0,0,1,0,0,0,0,0,0,0,0,0,0,0,0,0,39.9954,-75.0772, , 
18238,221267,2016105855,6,67,67301,2016,9,5,1630,16,1,1,0,5,6, , ,N,0,0,0,3,0,1,3,4,N, ,39 54:49.469,75 10:04.177,1653, ,1649, ,0, , , ,0, , , , , , , , , ,4,2,0,0,0,0,0,2,0,0,0,1,1,0,0,0,0,0,0,0,0,0,0,0,0,0,0,0,0,0,0,0,0,0,0,4,0,39.9137,-75.1678, , 
18239,221272,2016098622,6,67,67301,2016,9,2,1347,13,1,1,0,4,1, , ,N,1,2,0,3,0,0,4,2,N,N,39 58:34.579,75 09:42.289,1350, ,1348,2,2,7,N, ,3,Y, , , , , , , , ,2,2,0,0,0,0,0,0,0,0,0,0,0,0,0,0,0,0,0,0,0,0,0,0,0,0,0,0,0,0,0,0,0,0,0,0,0,39.9763,-75.1617, , 
18240,221277,2016097059,6,67,67301,2016,8,1,1652,16,1,1,0,4,1, , ,N,1,3,0,3,0,1,2,2,N,N,39 58:09.192,75 13:42.211,1900, ,1856, ,0, , , ,3, , , , , , , , , ,1,1,0,0,0,0,0,0,1,0,1,0,1,0,0,0,0,0,0,0,0,0,0,1,0,0,0,0,0,0,0,0,0,0,0,3,0,39.9692,-75.2284, , 
18241,221282,2016050823,6,67,67301,2016,4,2,1500,15,1,1,0,1,1, , ,N,1,2,0,3,0,1,2,2, , ,39 54:45.975,75 09:37.454,0, ,0, ,0, , , ,3, , , , , , , , , ,2,2,0,0,0,0,0,0,0,0,0,0,1,1,1,0,0,0,0,0,0,0,0,0,0,0,0,0,0,0,0,0,0,0,0,8,0,39.9128,-75.1604, , 
18242,221302,2016097057,6,67,67301,2016,9,5,117,1,3,1,0,1,6, , ,N,0,0,0,3,0,0,1,2,N,N,40 01:13.483,75 09:49.370,118, ,118, ,0, ,N, ,0, , , , , , , , , ,2,1,0,0,0,0,1,0,0,0,0,0,0,0,0,0,0,0,0,0,0,0,0,0,0,0,0,0,0,0,0,0,0,0,0,0,0,40.0204,-75.1637, , 
18243,221335,2016120584,6,67,67301,2016,10,2,1425,14,1,1,0,3,1, , ,N,2,3,0,3,0,1,3,2,N, ,40 02:36.805,75 07:44.183,1535, ,1535, ,0, , , ,3, , , , , , , , , ,2,1,0,0,0,0,0,1,0,0,0,1,1,0,0,0,0,0,0,0,1,0,0,0,0,0,0,0,0,0,0,0,0,0,0,4,0,40.0436,-75.1289, , 
18244,221339,2016120553,6,67,67301,2016,10,6,630,6,5,1,0,8,1, , ,N,5,2,0,3,0,1,3,2,N,N,40 00:13.178,75 10:08.095,9999, ,700, ,0, ,N, ,3, , , , , , , , , ,1,0,0,0,0,0,0,1,0,0,0,0,1,1,0,0,0,0,0,0,1,0,0,0,0,0,0,0,0,0,0,0,1,0,0,8,0,40.0037,-75.1689, , 
18245,221355,2016126052,6,67,67301,2016,11,4,1905,19,3,2,1,6,1, , ,N,0,0,0,3,0,1,2,4,N, ,39 57:15.132,75 13:22.870,1915, ,1911,3,2,6, , ,0,Y, , , , , , , , ,4,1,0,0,0,0,3,0,0,0,0,1,1,0,0,0,0,0,0,0,0,0,0,1,0,0,0,0,0,0,0,0,0,0,0,4,0,39.9542,-75.223, , 
18246,221390,2016135717,6,67,67301,2016,12,6,2000,20,3,1,0,5,1, , ,N,0,0,0,3,0,1,8,2,N,N,39 59:40.674,75 09:15.515,2000, ,2000,2,1,1,N, ,0,Y, , , , , , , , ,2,0,0,0,0,0,1,1,0,0,0,1,1,0,0,0,0,0,0,0,0,0,1,0,0,0,0,0,0,0,0,0,0,0,0,4,0,39.9946,-75.1543, , 
18247,221392,2016138205,6,67,67301,2016,12,2,1130,11,1,1,1,4,1, , ,N,1,3,0,3,0,1,2,4,N,N,40 02:37.039,75 10:24.124,1220, ,1215, ,0, ,N, ,3, , , , , , , , , ,4,3,0,0,0,0,1,0,0,0,0,0,1,1,0,0,0,0,0,0,0,1,0,2,0,0,0,0,0,0,0,0,0,0,0,8,0,40.0436,-75.1734, , 
18248,221419,2016096362,6,67,67301,2016,9,5,1033,10,1,1,0,1,1, , ,N,0,0,0,3,0,1,5,3,N,N,39 59:01.456,75 05:50.845,1052, ,1036,1,1,2, , ,0,N, , , , , , , , ,3,2,0,0,0,0,1,0,0,0,0,0,1,1,0,0,0,0,0,0,0,0,0,0,0,0,0,0,0,0,0,0,0,0,0,8,0,39.9837,-75.0975, , 
18249,221420,2016087661,6,67,67301,2016,8,7,2330,23,6,1,0,1,6, , ,N,0,0,0,3,0,0,1,2,N, ,40 01:39.846,75 06:53.546,1120, ,1120, ,0, , , ,0, , , , , , , , , ,2,1,0,0,0,0,0,0,0,0,0,0,0,0,0,0,0,0,0,0,0,0,0,0,0,0,0,0,0,0,0,0,0,0,0,0,0,40.0277,-75.1149, , 
18250,221432,2016091668,6,67,67301,2016,8,4,1925,19,1,1,0,4,1, , ,N,1,2,0,3,0,1,4,2,N, ,39 58:20.976,75 10:02.753,1930, ,1928, ,0, , , ,3, , , , , , , , , ,2,2,0,0,0,0,0,0,0,0,0,1,1,0,0,0,0,0,0,0,0,0,0,0,0,0,0,0,0,0,0,0,0,0,0,4,0,39.9725,-75.1674, , 
18251,215446,2016096374,6,67,67301,2016,9,7,424,4,3,1,0,7,7,1,2,Y,6,0,8,3,0,0,1,1,N,N,39 59:43.077,75 04:47.639,450,45,424,1,1,2, , ,0,N,N,N,N,N,N,N,Y,N,1,1,0,0,0,0,0,0,0,0,0,0,0,0,0,0,0,0,0,0,0,0,0,0,0,0,0,0,0,0,0,0,0,0,0,0,0,39.9953,-75.0799, , 
18252,215455,2016132149,6,67,67301,2016,11,3,730,7,1,1,0,4,1, , ,N,1,2,0,3,0,0,3,2,N, ,39 59:39.085,75 06:28.154,815, ,810, ,0, , , ,3, , , , , , , , , ,2,2,0,0,0,0,0,0,0,0,0,0,0,0,0,0,0,0,0,0,0,0,0,0,0,0,0,0,0,0,0,0,0,0,0,0,0,39.9942,-75.1078, , 
18253,215466,2016097092,6,67,67301,2016,8,4,2056,20,2,2,1,5,6, , ,N,0,0,0,3,0,1,1,4,N,N,40 02:28.798,75 07:59.703,2108, ,2105, ,0, ,N, ,0, , , , , , , , , ,4,2,0,0,0,0,1,1,0,0,0,1,1,0,0,0,0,0,0,0,0,0,0,0,0,0,0,0,0,0,0,0,0,0,0,4,0,40.0413,-75.1333, , 
18254,215472,2016099630,6,67,67301,2016,9,2,820,8,1,1,0,8,1, , ,N,5,2,0,3,0,2,3,3,N, ,40 01:47.791,75 09:11.771,1200, ,1200, ,0, , , ,3, , , , , , , , , ,1,1,0,0,0,0,0,0,0,0,0,0,2,2,1,0,0,0,0,0,1,0,0,0,0,0,0,0,0,0,0,0,2,0,0,8,0,40.0299,-75.1533, , 
18255,215476,2016105551,6,67,67301,2016,9,5,800,8,1,2,1,1,1, , ,N,0,0,0,3,0,1,4,3,N,N,40 00:20.681,75 05:56.898,800, ,800, ,0, ,N, ,0, , , , , , , , , ,3,2,0,0,0,0,1,0,0,0,0,1,1,0,0,0,0,0,0,0,1,0,0,0,0,0,0,0,0,0,0,0,0,0,0,4,0,40.0057,-75.0991, , 
18256,215503,2016080504,6,67,67301,2016,7,7,2050,20,3,1,0,5,1, , ,N,0,0,0,3,0,1,4,2,N,N,39 58:26.110,75 12:23.436,2128, ,2125, ,0, , , ,0, , , , , , , , , ,2,2,0,0,0,0,0,0,0,0,0,1,1,0,0,0,0,0,0,0,0,0,0,0,0,0,0,0,0,0,0,0,0,0,0,4,0,39.9739,-75.2065, , 
18257,215538,2016080755,6,67,67301,2016,6,5,2040,20,3,7,0,8,1, , ,N,0,0,0,3,0,1,2,2,N, ,39 55:04.909,75 13:54.800,2108, ,2054,2,2,1, , ,0,Y, , , , , , , , ,1,1,0,0,0,0,0,0,0,0,1,0,1,0,0,0,0,0,0,0,0,0,0,1,0,0,0,0,0,0,0,0,1,0,0,3,0,39.918,-75.2319, , 
18258,215543,2016097208,6,67,67301,2016,8,4,1033,10,1,1,0,5,1, , ,N,0,0,0,3,0,0,1,2,N,N,40 04:14.863,75 02:19.489,1036, ,1034,3,2,2,N, ,0,N, , , , , , , , ,2,1,0,1,0,0,0,0,0,0,0,0,0,0,0,0,0,0,0,0,0,0,0,0,0,0,0,0,0,0,0,0,0,0,0,0,1,40.0708,-75.0387, , 
18259,215549,2016092192,6,67,67301,2016,8,3,32,0,3,1,0,4,1, , ,N,1,2,0,3,0,2,2,2,N,N,40 02:05.146,75 04:15.791,36, ,32, ,0, ,N, ,3, , , , , , , , , ,2,1,0,0,0,0,1,0,0,0,0,2,2,0,0,0,0,0,0,0,0,0,0,0,0,0,0,0,0,0,0,0,0,0,0,4,0,40.0348,-75.0711, , 
18260,215553,2016129385,6,67,67301,2016,11,5,930,9,1,1,0,1,1, , ,N,2,2,0,3,0,0,2,2,N,N,39 53:39.858,75 14:47.934,1010, ,1000, ,0, ,N, ,3, , , , , , , , , ,2,0,0,0,1,0,0,1,0,0,0,0,0,0,0,0,0,0,0,0,0,0,0,2,0,0,0,0,0,0,0,0,0,0,0,0,0,39.8944,-75.2466, , 
18261,215558,2016138237,6,67,67301,2016,12,4,2328,23,3,1,0,7,4, , ,N,0,0,0,3,0,1,1,1,N,N,40 02:14.473,75 10:02.980,2354, ,2351, ,0, , , ,0, , , , , , , , , ,1,0,0,0,0,0,0,1,0,0,0,1,1,0,0,0,0,0,0,0,0,0,0,0,0,0,0,0,0,0,0,0,0,0,0,4,0,40.0374,-75.1675, , 
18262,215562,2016091685,6,67,67301,2016,8,7,139,1,3,1,0,8,1, , ,N,1,2,0,3,1,1,3,3,N,N,39 59:27.918,75 07:58.290,139, ,139,3,2,6,N,0,3,Y, , , , , , , , ,1,0,0,0,1,0,0,0,0,0,0,1,1,0,0,0,0,0,0,0,0,0,0,0,0,0,0,0,0,0,0,0,2,1,0,1,0,39.9911,-75.1329,2, 
18263,215574,2016097050,6,67,67301,2016,8,4,800,8,1,1,0,1,1, , ,N,1,3,0,3,0,1,2,2,N, ,39 58:37.516,75 08:43.033,815, ,813, ,0, , , ,3, , , , , , , , , ,2,1,0,0,0,0,1,0,0,0,0,0,1,1,0,0,0,0,0,0,1,0,0,0,0,0,0,0,0,0,0,0,0,0,0,8,0,39.9771,-75.1453, , 
18264,215582,2016062674,6,67,67301,2016,5,7,1730,17,1,1,0,4,1, , ,N,0,0,0,3,0,1,3,2,N,N,39 58:29.247,75 11:41.630,1815, ,1815, ,0, ,N, ,0, , , , , , , , , ,2,2,0,0,0,0,0,0,0,0,0,0,1,1,0,0,0,0,0,0,0,0,0,0,0,0,0,0,0,0,0,0,0,0,0,8,0,39.9748,-75.1949, , 
18265,215592,2016094716,6,67,67301,2016,9,4,1106,11,1,1,0,5,1, , ,N,0,0,0,3,0,1,2,2,N,N,39 57:29.176,75 09:52.124,1154, ,1115, ,0, , , ,0, , , , , , , , , ,2,2,0,0,0,0,0,0,0,0,0,1,1,0,1,0,0,0,0,0,0,0,0,0,0,0,0,0,0,0,0,0,0,0,0,4,0,39.9581,-75.1645, , 
18266,215595,2016092183,6,67,67301,2016,8,4,2030,20,3,1,0,5,1, , ,N,0,0,0,3,0,1,2,2,N,N,39 57:14.620,75 09:22.193,2034, ,2034,1,1,2, , ,0,N, , , , , , , , ,1,1,0,0,0,0,0,0,1,0,0,1,1,0,0,0,0,0,0,0,0,0,0,0,0,0,0,0,0,0,0,0,0,0,0,4,0,39.9541,-75.1562, , 
18267,215600,2016092137,6,67,67301,2016,8,6,2345,23,3,1,0,4,1, , ,N,3,3,0,3,0,1,2,2,N,N,39 55:24.182,75 08:35.464,2345, ,2347,9,1,2,N, ,3,N, , , , , , , , ,2,1,1,0,0,0,0,0,0,0,1,0,1,0,0,0,0,0,0,0,1,0,0,0,0,0,0,0,0,0,0,0,0,0,0,3,0,39.9234,-75.1432, , 
18268,215603,2016105620,6,67,67301,2016,9,1,911,9,1,1,0,1,1, , ,N,2,2,0,3,0,1,3,3,N,N,39 59:50.872,75 10:54.403,923, ,923, ,0, ,N, ,3, , , , , , , , , ,3,1,0,0,0,0,2,0,0,0,0,0,1,1,0,0,0,0,0,0,1,0,0,0,0,0,0,0,0,0,0,0,0,0,0,8,0,39.9975,-75.1818, , 
18269,218223,2016061681,6,67,67301,2016,5,1,821,8,1,2,1,7,4, , ,N,0,0,0,3,0,1,1,1,N,N,39 57:20.292,75 10:50.333,831, ,825, ,0, , , ,0, , , , , , , , , ,1,0,0,0,0,0,1,0,0,0,0,0,1,1,0,0,0,0,0,0,0,0,0,0,0,0,0,0,0,0,0,0,0,0,0,8,0,39.9556,-75.1806, , 
18270,218225,2016065692,6,67,67301,2016,6,6,1300,13,1,1,0,8,1, , ,N,1,3,0,3,0,1,2,2,N,N,39 55:43.384,75 11:01.928,1352, ,1352, ,0, , , ,3, , , , , , , , , ,1,1,0,0,0,0,0,0,0,0,0,0,1,1,0,0,0,0,0,0,0,0,0,1,0,0,0,0,0,0,0,0,1,0,0,8,0,39.9287,-75.1839, , 
18271,218240,2016082366,6,67,67301,2016,7,1,2100,21,3,1,0,4,1, , ,N,1,3,0,3,0,1,2,2,N, ,40 01:09.102,75 05:18.740,2157, ,2153, ,0, , , ,3, , , , , , , , , ,1,1,0,0,0,0,0,0,1,0,0,1,1,0,0,0,0,0,0,0,0,0,0,1,0,0,0,0,0,0,0,0,0,0,0,4,0,40.0192,-75.0885, , 
18272,218256,2016108533,6,67,67301,2016,10,7,2140,21,3,8,1,1,1, , ,N,1,2,0,3,0,1,2,2,N, ,39 54:46.990,75 14:25.321,2144, ,2140, ,0, , , ,3, , , , , , , , , ,2,0,0,0,1,0,1,0,0,0,0,0,1,1,0,0,0,0,0,0,1,0,0,0,0,0,0,0,0,0,0,0,0,0,0,8,0,39.9131,-75.2404, , 
18273,218262,2016105562,6,67,67301,2016,10,7,1440,14,1,2,1,4,1, , ,N,1,0,0,3,0,2,4,2,N,N,40 02:30.030,75 10:07.388,1500, ,1500,2,1,4,N, ,0,N, , , , , , , , ,2,1,0,0,0,0,1,0,0,0,0,1,2,1,0,0,0,0,0,0,2,0,0,0,0,0,0,0,0,0,0,0,0,0,0,4,0,40.0417,-75.1687, , 
18274,218280,2016129484,6,67,67301,2016,11,4,1220,12,1,1,0,5,1, , ,N,0,0,0,3,0,2,4,2,N, ,39 57:01.031,75 09:25.217,1245, ,1240,1,1,2, , ,0,N, , , , , , , , ,2,0,0,0,0,0,1,1,0,0,0,0,2,2,0,0,0,0,0,0,0,1,0,3,0,0,0,0,0,0,0,0,0,0,0,8,0,39.9503,-75.157, , 
18275,218310,2016120651,6,67,67301,2016,11,4,1401,14,1,1,0,4,1, , ,N,1,2,0,3,0,2,3,2,N, ,39 56:33.464,75 13:17.018,1410, ,1403, ,0, , , ,3, , , , , , , , , ,2,1,0,0,0,0,1,0,0,0,0,2,2,0,0,0,0,0,0,0,1,1,0,0,0,0,0,0,0,0,0,0,0,0,0,4,0,39.9426,-75.2214, , 
18276,218321,2016087136,6,67,67301,2016,7,3,9999,99,1,1,0,4,1, , ,N,1,2,0,3,0,2,4,3,N,N,40 02:40.890,75 03:16.537,9999, ,9999,1,2,5,N, ,3,N, , , , , , , , ,3,2,0,0,0,0,1,0,0,0,0,0,2,2,2,0,0,0,0,0,1,0,0,0,0,0,0,0,0,0,0,0,0,0,0,8,0,40.0446,-75.0547, , 
18277,218324,2016080539,6,67,67301,2016,7,6,2036,20,4,1,0,4,1, , ,N,2,3,0,3,0,1,2,2,N,N,39 59:36.836,75 07:37.339,50, ,42, ,0, ,N, ,3, , , , , , , , , ,1,1,0,0,0,0,0,0,1,0,0,0,1,1,0,0,0,0,0,0,0,0,0,0,0,0,0,0,0,0,0,0,0,0,0,8,0,39.9936,-75.127, , 
18278,218326,2016080762,6,67,67301,2016,7,1,511,5,3,1,0,4,1, , ,N,1,2,0,3,0,0,3,2,N,N,39 55:26.156,75 13:19.597,512, ,511,1,1,2,N, ,3,N, , , , , , , , ,2,2,0,0,0,0,0,0,0,0,0,0,0,0,0,0,0,0,0,0,0,0,0,0,0,0,0,0,0,0,0,0,0,0,0,0,0,39.9239,-75.2221, , 