objectid_1,objectid,crn,district,county,municipality,crash_year,crash_month,day_of_week,time_of_day,hour_of_day,illumination,weather,road_condition,collision_type,relation_to_road,work_zone_type,work_zone_loc,work_zone_ind,intersect_type,tcd_type,location_type,urban_rural,fatal_count,injury_count,person_count,total_units,sch_bus_ind,sch_zone_ind,latitude,longitude,arrival_tm,cons_zone_spd_lim,dispatch_tm,est_hrs_closed,lane_closed,ln_close_dir,ntfy_hiwy_maint,spec_juris_cd,tcd_func_cd,tfc_detour_ind,workers_pres,wz_close_detour,wz_flagger,wz_law_offcr_ind,wz_ln_closure,wz_moving,wz_other,wz_shlder_mdn,vehicle_count,automobile_count,motorcycle_count,bus_count,small_truck_count,heavy_truck_count,suv_count,van_count,bicycle_count,maj_inj_count,mod_inj_count,min_inj_count,tot_inj_count,unk_inj_deg_count,unk_inj_per_count,driver_count_16yr,driver_count_17yr,driver_count_18yr,driver_count_19yr,driver_count_20yr,driver_count_50_64yr,driver_count_65_74yr,driver_count_75plus,unbelted_occ_count,unb_death_count,unb_maj_inj_count,belted_death_count,belted_maj_inj_count,mcycle_death_count,mcycle_maj_inj_count,bicycle_death_count,bicycle_maj_inj_count,ped_count,ped_death_count,ped_maj_inj_count,max_severity_level,comm_veh_count,dec_lat,dec_long,rdwy_surf_type_cd,county_name
18414,218589,2016091663,6,67,67301,2016,8,3,920,9,1,1,0,8,1, , ,N,2,3,0,3,0,1,2,2,N,N,39 56:55.440,75 10:21.306,922, ,220, ,0, ,N, ,3, , , , , , , , , ,1,0,0,0,0,1,0,0,0,0,0,1,1,0,0,0,0,0,0,0,0,0,0,0,0,0,0,0,0,0,0,0,1,0,0,4,1,39.9487,-75.1726, , 
18415,218594,2016099537,6,67,67301,2016,9,4,1820,18,4,1,0,4,1, , ,N,1,2,0,3,0,1,2,2,N,N,39 58:30.584,75 11:17.385,1830, ,1821, ,0, ,N, ,3, , , , , , , , , ,1,1,0,0,0,0,0,0,1,0,0,0,1,1,0,0,0,0,0,0,0,0,0,0,0,0,0,0,0,0,0,0,0,0,0,8,0,39.9752,-75.1882, , 
18416,218613,2016126137,6,67,67301,2016,11,5,1153,11,1,1,0,4,1, , ,N,0,0,7,3,0,1,2,2,N,N,40 00:31.756,75 04:58.886,1210, ,1206, ,0, , , ,0, , , , , , , , , ,2,1,1,0,0,0,0,0,0,0,0,1,1,0,0,0,0,0,0,0,1,0,0,0,0,0,0,0,0,0,0,0,0,0,0,4,0,40.0088,-75.083, , 
18417,218650,2016110198,6,67,67301,2016,9,5,1531,15,1,1,0,4,1, , ,N,0,0,0,3,0,5,7,3,N,N,39 54:11.654,75 09:01.621,1549, ,1531, ,0, , , ,0, , , , , , , , , ,3,1,0,0,1,0,1,0,0,0,5,0,5,0,0,0,0,0,0,0,0,0,0,0,0,0,0,0,0,0,0,0,0,0,0,3,0,39.9032,-75.1505, , 
18418,218657,2016097157,6,67,67301,2016,8,4,1948,19,3,2,1,5,6, , ,N,0,0,0,3,0,1,1,2,N,N,40 00:45.685,75 09:07.894,2033, ,1949, ,0, ,N, ,0, , , , , , , , , ,2,1,1,0,0,0,0,0,0,0,0,0,1,1,0,0,0,0,0,0,0,0,0,0,0,0,0,0,0,0,0,0,0,0,0,8,0,40.0127,-75.1522, , 
18419,218659,2016090058,6,67,67301,2016,9,5,252,2,3,2,1,1,2, , ,N,0,0,2,3,0,1,2,2,N,N,39 54:39.955,75 11:03.309,255, ,252, ,0, ,N, ,0, , , , , , , , , ,2,0,0,0,0,0,2,0,0,0,1,0,1,0,0,0,0,0,0,0,0,0,0,0,0,0,0,0,0,0,0,0,0,0,0,3,0,39.9111,-75.1843, , 
18420,218669,2016119130,6,67,67301,2016,10,7,815,8,1,2,1,1,6, , ,N,0,0,0,3,0,0,1,3,N,N,39 58:18.919,75 14:05.416,830, ,825, ,0, ,N, ,0, , , , , , , , , ,3,2,0,0,1,0,0,0,0,0,0,0,0,0,0,0,0,0,0,0,0,0,0,0,0,0,0,0,0,0,0,0,0,0,0,0,0,39.9719,-75.2348, , 
18421,218670,2016120574,6,67,67301,2016,10,6,334,3,3,1,0,7,4, , ,N,1,2,0,3,0,0,1,1,N,N,39 54:29.105,75 10:24.817,343, ,338, ,0, ,Y, ,3, , , , , , , , , ,1,1,0,0,0,0,0,0,0,0,0,0,0,0,0,0,0,0,0,0,0,0,0,1,0,0,0,0,0,0,0,0,0,0,0,0,0,39.9081,-75.1736, , 
18422,218679,2016134662,6,67,67301,2016,12,6,620,6,3,1,0,1,1, , ,N,0,0,0,3,0,0,2,2,N,N,39 59:13.383,75 12:28.410,626, ,620,1,2,3, , ,0,N, , , , , , , , ,2,2,0,0,0,0,0,0,0,0,0,0,0,0,0,0,0,0,0,0,0,0,0,0,0,0,0,0,0,0,0,0,0,0,0,0,0,39.9871,-75.2079, , 
18423,218692,2016056034,6,67,67301,2016,5,6,1648,16,1,8,1,4,1, , ,N,2,3,0,3,0,0,2,3,N,N,40 05:44.041,74 58:43.957,1659, ,1657, ,0, ,N, ,3, , , , , , , , , ,3,2,0,0,0,0,1,0,0,0,0,0,0,0,0,0,0,0,0,0,0,0,0,0,0,0,0,0,0,0,0,0,0,0,0,0,0,40.0956,-74.9789, , 
18424,218703,2017015649,6,67,67301,2016,12,7,1654,16,3,1,1,8,1, , ,N,0,0,0,3,0,2,3,3,N, ,40 03:18.010,75 03:15.460,1714, ,1700, ,0, , , ,0, , , , , , , , , ,1,1,0,0,0,0,0,0,0,0,2,0,2,0,0,0,0,0,0,0,0,0,0,0,0,0,0,0,0,0,0,0,2,0,0,3,0,40.055,-75.0543, , 
18425,218708,2016048524,6,67,67301,2016,4,3,4,0,3,1,0,8,1, , ,N,5,2,0,3,0,1,2,2,N, ,39 57:56.235,75 13:54.861,9, ,4, ,0, , , ,3, , , , , , , , , ,1,1,0,0,0,0,0,0,0,1,0,0,1,0,0,0,0,0,0,0,0,0,0,1,0,0,0,0,0,0,0,0,1,0,1,2,0,39.9656,-75.2319, , 
18426,218720,2016058507,6,67,67301,2016,5,6,9999,99,3,1,0,4,1, , ,N,2,3,0,3,0,4,4,2,N,N,39 58:34.062,75 13:27.977,1055, ,1044, ,0, ,N, ,3, , , , , , , , , ,2,1,0,0,0,0,1,0,0,0,0,0,4,4,0,0,0,1,0,0,0,0,0,0,0,0,0,0,0,0,0,0,0,0,0,8,0,39.9761,-75.2244, , 
18427,218732,2016074020,6,67,67301,2016,7,2,1722,17,1,1,0,1,1, , ,N,0,0,0,3,0,1,2,2,N,N,39 55:32.453,75 11:37.693,1727, ,1722,2,2,4, , ,0,N, , , , , , , , ,2,0,1,0,1,0,0,0,0,0,1,0,1,0,0,0,0,0,0,0,0,0,0,0,0,0,0,0,0,0,0,0,0,0,0,3,0,39.9257,-75.1938, , 
18428,218736,2016080429,6,67,67301,2016,6,3,2238,22,3,1,0,4,1, , ,N,2,3,0,3,0,1,1,4,N,N,40 01:44.731,75 07:36.569,2246, ,2243, ,0, ,N, ,3, , , , , , , , , ,4,1,0,0,0,0,3,0,0,0,0,1,1,0,0,0,0,0,0,0,0,0,0,0,0,0,0,0,0,0,0,0,0,0,0,4,0,40.0291,-75.1268, , 
18429,218759,2016084644,6,67,67301,2016,8,2,940,9,1,1,0,1,1, , ,N,1,2,0,3,0,2,2,2,N, ,39 59:59.997,75 08:25.787,1030, ,1020, ,0, , , ,3, , , , , , , , , ,2,1,0,0,0,0,1,0,0,0,0,1,2,1,0,0,0,0,0,0,0,0,0,0,0,0,0,0,0,0,0,0,0,0,0,4,0,40,-75.1405, , 
18430,218764,2016111639,6,67,67301,2016,10,3,814,8,1,1,0,1,1, , ,N,0,8,0,3,0,1,3,3,N,N,39 57:36.382,75 10:47.033,833, ,824,1,1,4, , ,3,N, , , , , , , , ,3,1,0,0,0,0,2,0,0,0,0,0,1,1,0,0,0,0,0,0,0,0,0,0,0,0,0,0,0,0,0,0,0,0,0,8,0,39.9601,-75.1797, , 
18431,218765,2016091648,6,67,67301,2016,8,1,1515,15,1,2,1,1,1, , ,N,0,0,0,3,0,1,3,2,N,N,39 59:21.736,75 05:23.603,1620, ,1615, ,0, ,N, ,0, , , , , , , , , ,2,2,0,0,0,0,0,0,0,0,0,1,1,0,1,0,0,0,0,0,0,0,0,0,0,0,0,0,0,0,0,0,0,0,0,4,0,39.9894,-75.0899, , 
18432,224411,2016091666,6,67,67301,2016,8,1,420,4,3,1,0,4,1, , ,N,1,2,0,3,0,0,3,2,N,N,40 00:28.314,75 10:20.141,430, ,426, ,0, ,N, ,3, , , , , , , , , ,2,1,0,0,0,0,1,0,0,0,0,0,0,0,1,0,0,0,0,0,0,0,0,1,0,0,0,0,0,0,0,0,0,0,0,9,0,40.0079,-75.1723, , 
18433,224441,2016097206,6,67,67301,2016,9,5,1910,19,4,1,0,6,1, , ,N,1,2,0,3,0,1,2,2,N,N,40 01:32.261,75 10:53.920,2023, ,2014, ,0, ,N, ,3, , , , , , , , , ,2,0,0,0,2,0,0,0,0,0,0,1,1,0,1,0,0,0,0,0,0,0,0,0,0,0,0,0,0,0,0,0,0,0,0,4,0,40.0256,-75.1817, , 
18434,224463,2016109567,6,67,67301,2016,10,1,212,2,3,1,0,4,1, , ,N,1,3,0,3,0,1,3,2,N,N,39 58:40.076,75 09:44.002,215, ,215,2,1,7,N, ,3,N, , , , , , , , ,2,2,0,0,0,0,0,0,0,0,1,0,1,0,0,0,0,0,0,0,0,0,0,3,0,0,0,0,0,0,0,0,0,0,0,3,0,39.9778,-75.1622, , 
18435,224485,2016138141,6,67,67301,2016,12,2,2353,23,3,1,0,5,1, , ,N,0,0,0,3,0,3,4,2,N, ,40 03:41.439,75 09:24.015,2359, ,2355, ,0, , , ,0, , , , , , , , , ,2,1,0,0,0,0,1,0,0,0,3,0,3,0,1,0,0,0,0,0,0,0,0,0,0,0,0,0,0,0,0,0,0,0,0,3,0,40.0615,-75.1567, , 
18436,224493,2016120027,6,67,67301,2016,10,2,1136,11,1,1,0,5,1, , ,N,0,0,0,3,0,1,7,4,N,N,40 01:48.787,75 09:55.584,1136, ,1136,3,2,5,N, ,0,Y, , , , , , , , ,4,3,0,0,0,0,0,1,0,0,0,1,1,0,0,0,0,0,0,0,0,1,0,0,0,0,0,0,0,0,0,0,0,0,0,4,0,40.0302,-75.1654, , 
18437,224497,2016117745,6,67,67301,2016,10,1,950,9,1,1,0,4,1, , ,N,1,2,0,3,0,0,2,2,N,N,39 56:25.580,75 10:10.347,1020, ,1018, ,0, ,N, ,3, , , , , , , , , ,2,1,0,0,0,0,1,0,0,0,0,0,0,0,0,0,0,0,0,0,1,0,0,0,0,0,0,0,0,0,0,0,0,0,0,0,0,39.9404,-75.1695, , 
18438,224513,2017005199,6,67,67301,2016,12,7,129,1,3,1,0,4,1, , ,N,1,2,0,3,0,1,2,2,N,N,40 01:08.216,75 08:49.391,202, ,151, ,0, ,N, ,3, , , , , , , , , ,2,1,0,0,0,0,1,0,0,0,0,1,1,0,0,0,0,0,0,0,0,0,0,1,0,0,0,0,0,0,0,0,0,0,0,4,0,40.0189,-75.1471, , 
18439,224516,2017007914,6,67,67301,2016,12,1,2138,21,3,1,0,4,1, , ,N,1,2,0,3,0,1,2,3,N,N,39 57:03.319,75 13:50.365,2145, ,2143,1,1,1, , ,3,N, , , , , , , , ,3,1,0,0,0,0,1,1,0,0,0,1,1,0,0,0,0,0,0,0,0,2,0,0,0,0,0,0,0,0,0,0,0,0,0,4,0,39.9509,-75.2307, , 
18440,224524,2016112096,6,67,67301,2016,10,5,1336,13,1,1,0,8,1, , ,N,1,2,0,3,0,1,2,2,N, ,40 02:23.373,75 08:40.028,1342, ,1340, ,0, , , ,3, , , , , , , , , ,1,1,0,0,0,0,0,0,0,0,0,1,1,0,0,0,0,0,0,0,0,0,0,1,0,0,0,0,0,0,0,0,1,0,0,4,0,40.0398,-75.1445, , 
18441,224525,2016117188,6,67,67301,2016,10,5,845,8,6,1,0,4,1, , ,N,1,0,0,3,0,1,2,2,N,N,39 58:25.784,75 08:23.827,812, ,810, ,0, ,N, ,0, , , , , , , , , ,1,0,0,0,1,0,0,0,1,0,1,0,1,0,1,0,0,0,0,0,0,0,0,0,0,0,0,0,0,0,0,0,0,0,0,3,0,39.9738,-75.14, , 
18442,224527,2016129322,6,67,67301,2016,11,4,2120,21,2,1,0,4,1, , ,N,5,3,0,3,0,1,2,2,N,N,40 03:11.455,75 09:24.155,9999, ,9999, ,0, ,N, ,3, , , , , , , , , ,2,2,0,0,0,0,0,0,0,0,1,0,1,0,1,0,0,0,0,0,0,0,0,0,0,0,0,0,0,0,0,0,0,0,0,3,0,40.0532,-75.1567, , 
18443,224531,2016129406,6,67,67301,2016,11,7,235,2,3,1,0,8,1, , ,N,1,2,0,3,0,1,2,2,N, ,39 59:48.618,75 09:13.788,252, ,240, ,0, , , ,3, , , , , , , , , ,1,1,0,0,0,0,0,0,0,0,0,1,1,0,0,0,0,0,0,0,0,0,0,1,0,0,0,0,0,0,0,0,1,0,0,4,0,39.9968,-75.1538, , 
18444,224532,2016117718,6,67,67301,2016,10,2,105,1,3,1,0,4,1, , ,N,1,2,0,3,0,2,2,3,N,N,39 57:29.691,75 13:23.712,108, ,105,1,1,3,N, ,3,Y, , , , , , , , ,3,1,0,0,0,0,1,1,0,0,0,2,2,0,0,0,0,0,0,0,1,0,0,0,0,0,0,0,0,0,0,0,0,0,0,4,0,39.9582,-75.2232, , 
18445,224545,2017005251,6,67,67301,2016,12,1,1810,18,3,1,0,4,1, , ,N,1,3,0,3,0,1,3,2,N, ,39 58:12.558,75 12:25.829,9999, ,9999, ,0, , , ,3, , , , , , , , , ,2,1,0,0,0,0,1,0,0,0,0,0,1,1,0,0,0,0,0,0,1,0,0,0,0,0,0,0,0,0,0,0,0,0,0,8,0,39.9702,-75.2072, , 
18446,224546,2017007893,6,67,67301,2016,12,6,1100,11,1,1,0,4,1, , ,N,0,0,0,3,0,0,2,2,N,N,39 58:16.271,75 07:38.680,1123, ,1120,3,1,3,N, ,0,N, , , , , , , , ,2,0,0,0,0,0,2,0,0,0,0,0,0,0,0,0,0,0,0,0,1,0,0,0,0,0,0,0,0,0,0,0,0,0,0,0,0,39.9712,-75.1274, , 
18447,224556,2016134673,6,67,67301,2016,12,7,355,3,3,6,1,2,1, , ,N,0,0,0,3,0,0,2,2,N,N,39 58:58.974,75 12:28.603,355, ,355, ,0, , , ,0, , , , , , , , , ,2,1,0,0,0,0,1,0,0,0,0,0,0,0,0,0,0,0,0,0,1,0,0,0,0,0,0,0,0,0,0,0,0,0,0,0,0,39.983,-75.2079, , 
18448,224557,2016129987,6,67,67301,2016,11,6,930,9,1,1,0,1,1, , ,N,0,0,0,3,0,0,4,3,N,N,39 57:36.626,75 08:15.761,945, ,933, ,0, , , ,0, , , , , , , , , ,3,1,0,0,1,1,0,0,0,0,0,0,0,0,4,0,0,0,0,0,1,0,0,0,0,0,0,0,0,0,0,0,0,0,0,9,1,39.9602,-75.1377, , 
18449,224590,2016105574,6,67,67301,2016,9,4,1600,16,1,1,0,4,1, , ,N,0,0,7,3,0,1,3,2,N, ,40 04:46.249,75 01:34.991,1603, ,1601, ,0, , , ,0, , , , , , , , , ,2,1,1,0,0,0,0,0,0,0,1,0,1,0,0,0,0,0,0,0,0,0,0,0,0,0,0,0,0,0,0,0,0,0,0,3,0,40.0795,-75.0264, , 
18450,221776,2016133808,6,67,67301,2016,12,7,1915,19,3,6,6,7,2, , ,N,0,0,8,3,0,0,4,1,N,N,39 59:49.749,75 04:52.734,1920, ,1916, ,0, ,N, ,0, , , , , , , , , ,1,1,0,0,0,0,0,0,0,0,0,0,0,0,0,0,1,0,0,0,0,0,0,0,0,0,0,0,0,0,0,0,0,0,0,0,0,39.9972,-75.0813, , 
18451,221789,2016071105,6,67,67301,2016,6,2,1712,17,1,1,0,4,1, , ,N,1,3,0,3,0,0,2,3,N, ,39 56:11.432,75 13:17.864,1822, ,1822, ,0, , , ,3, , , , , , , , , ,3,2,0,0,0,0,1,0,0,0,0,0,0,0,2,0,0,0,0,0,0,0,0,0,0,0,0,0,0,0,0,0,0,0,0,9,0,39.9365,-75.2216, , 
18452,221796,2016077554,6,67,67301,2016,7,6,2132,21,1,1,0,0,1, , ,N,0,8,5,3,0,0,1,1,N,N,39 54:35.640,75 09:21.271,2134, ,2132,4,2,4,N, ,3,N, , , , , , , , ,1,1,0,0,0,0,0,0,0,0,0,0,0,0,0,0,0,0,0,0,0,0,0,0,0,0,0,0,0,0,0,0,0,0,0,0,0,39.9099,-75.1559, , 
18453,221806,2016085947,6,67,67301,2016,8,4,2140,21,3,1,0,1,6, , ,N,0,0,0,3,0,1,2,4,N,N,40 05:23.715,74 59:03.121,2158, ,2151,2,1,3,N, ,0,N, , , , , , , , ,4,2,0,0,0,0,2,0,0,0,0,1,1,0,0,0,0,0,0,0,0,0,0,0,0,0,0,0,0,0,0,0,0,0,0,4,0,40.0899,-74.9842, , 
18454,221818,2016106334,6,67,67301,2016,9,2,554,5,3,1,0,1,1, , ,N,0,2,0,3,0,0,2,2,N,N,40 05:20.714,75 01:14.952,625, ,605,2,1,2,N, ,3,N, , , , , , , , ,2,1,0,0,1,0,0,0,0,0,0,0,0,0,0,0,0,0,0,0,0,0,0,1,0,0,0,0,0,0,0,0,0,0,0,0,0,40.0891,-75.0208, , 
18455,221819,2016112184,6,67,67301,2016,10,2,1917,19,3,1,0,8,1, , ,N,2,0,0,3,0,1,2,2,N,N,39 54:54.596,75 09:31.444,1948, ,1946, ,0, ,N, ,0, , , , , , , , , ,1,1,0,0,0,0,0,0,0,0,0,0,1,1,1,0,0,0,0,0,0,0,0,0,0,0,0,0,0,0,0,0,1,0,0,8,0,39.9152,-75.1587, , 
18456,221824,2016130130,6,67,67301,2016,12,4,2039,20,3,1,0,7,3,1,4,Y,0,0,0,3,0,0,3,1,N,N,40 01:26.133,75 01:56.306,2039,45,2039,2,2,2, , ,0,N,Y,N,N,N,Y,N,N,Y,1,0,0,0,0,0,1,0,0,0,0,0,0,0,0,0,0,0,0,0,0,0,0,3,0,0,0,0,0,0,0,0,0,0,0,0,0,40.0239,-75.0323, , 
18457,221836,2016112102,6,67,67301,2016,10,3,1435,14,1,1,0,4,1, , ,N,1,2,0,3,0,1,2,2,N,Y,40 02:59.510,75 04:32.444,1438, ,1435,1,1,1,N, ,3,Y, , , , , , , , ,2,1,0,0,0,0,1,0,0,0,0,0,1,1,0,0,0,0,0,0,0,0,0,1,0,0,0,0,0,0,0,0,0,0,0,8,0,40.0499,-75.0757, , 
18458,221839,2016129973,6,67,67301,2016,10,4,9999,99,1,1,0,4,1, , ,N,1,2,0,3,0,2,3,2,N,N,39 59:11.018,75 10:10.592,1606, ,1601, ,0, ,N, ,3, , , , , , , , , ,2,2,0,0,0,0,0,0,0,0,0,1,2,1,0,0,0,0,0,0,1,0,0,0,0,0,0,0,0,0,0,0,0,0,0,4,0,39.9864,-75.1696, , 
18459,221840,2016127805,6,67,67301,2016,11,6,1857,18,3,1,0,7,5, , ,N,0,0,0,3,0,1,1,1,N, ,40 00:28.144,75 08:54.981,2115, ,2102, ,0, , , ,0, , , , , , , , , ,1,0,0,0,0,0,0,0,0,0,0,0,1,1,0,0,0,0,0,0,0,0,0,0,0,0,0,0,0,0,0,0,0,0,0,8,0,40.0078,-75.1486, , 
18460,221843,2016129398,6,67,67301,2016,11,2,930,9,1,1,0,4,1, , ,N,1,2,0,3,0,0,2,2,N,N,40 00:20.425,75 06:03.822,1420, ,1420, ,0, ,N, ,3, , , , , , , , , ,2,1,0,0,0,1,0,0,0,0,0,0,0,0,0,0,0,0,0,0,0,1,0,0,0,0,0,0,0,0,0,0,0,0,0,0,1,40.0057,-75.1011, , 
18461,221850,2016129450,6,67,67301,2016,11,3,1915,19,3,1,0,4,1, , ,N,5,2,0,3,0,1,2,2,N, ,39 54:40.810,75 14:33.592,2000, ,1952, ,0, , , ,3, , , , , , , , , ,2,2,0,0,0,0,0,0,0,0,1,0,1,0,0,0,0,0,0,0,0,0,0,0,0,0,0,0,0,0,0,0,0,0,0,3,0,39.9113,-75.2427, , 
18462,221859,2016135824,6,67,67301,2016,11,4,1025,10,1,2,1,8,1, , ,N,2,7,0,3,0,1,2,2,N, ,39 56:45.926,75 11:54.625,1039, ,1039, ,0, , , ,3, , , , , , , , , ,1,0,0,0,1,0,0,0,0,0,0,0,1,1,0,0,0,0,0,0,0,0,1,0,0,0,0,0,0,0,0,0,1,0,0,8,0,39.9461,-75.1985, , 
18463,221876,2016068688,6,67,67301,2016,6,1,1930,19,1,1,0,5,1, , ,N,0,0,0,3,0,0,6,2,N,N,39 53:40.094,75 13:45.089,1939, ,1936, ,0, ,N, ,0, , , , , , , , , ,2,1,0,0,0,0,1,0,0,0,0,0,0,0,0,0,0,0,0,0,0,0,0,0,0,0,0,0,0,0,0,0,0,0,0,0,0,39.8945,-75.2292, , 
18464,221901,2016099541,6,67,67301,2016,9,5,906,9,1,1,0,4,1, , ,N,1,3,0,3,0,1,3,2,N,N,39 58:33.559,75 12:23.561,1800, ,1758, ,0, ,N, ,3, , , , , , , , , ,2,1,0,0,0,0,0,1,0,0,0,0,1,1,2,0,0,0,0,0,1,0,0,0,0,0,0,0,0,0,0,0,0,0,0,8,0,39.976,-75.2065, , 
18465,221906,2016112179,6,67,67301,2016,10,1,838,8,1,1,0,5,1, , ,N,0,0,0,3,0,1,3,4,N,N,39 59:39.962,75 08:29.907,900, ,848,2,2,3, , ,0,Y, , , , , , , , ,4,2,0,0,0,0,2,0,0,0,0,0,1,1,0,0,0,0,0,1,0,0,0,2,0,0,0,0,0,0,0,0,0,0,0,8,0,39.9944,-75.1416, , 
18466,221907,2016111086,6,67,67301,2016,10,4,1712,17,1,1,0,4,1, , ,N,1,2,0,3,0,2,4,3,N,N,40 01:46.123,75 08:48.184,1723, ,1721,2,2,2,N, ,3,Y, , , , , , , , ,3,3,0,0,0,0,0,0,0,0,0,2,2,0,0,0,0,0,0,0,0,0,0,2,0,0,0,0,0,0,0,0,0,0,0,4,0,40.0295,-75.1467, , 
18467,221915,2016081415,6,67,67301,2016,7,6,905,9,1,1,0,4,1, , ,N,0,2,7,3,0,2,2,2,N,N,40 05:19.875,74 58:09.971,910, ,905, ,0, , , ,3, , , , , , , , , ,2,2,0,0,0,0,0,0,0,0,0,1,2,1,0,0,0,0,0,0,0,1,1,0,0,0,0,0,0,0,0,0,0,0,0,4,0,40.0889,-74.9694, , 
18468,216011,2016061326,6,67,67301,2016,5,5,1828,18,1,1,0,1,1, , ,N,0,0,0,3,0,1,2,2,N,N,39 57:30.371,75 10:49.464,1843, ,1831, ,0, , , ,0, , , , , , , , , ,2,1,0,0,0,0,0,1,0,0,0,0,1,1,0,0,0,0,0,0,0,0,0,0,0,0,0,0,0,0,0,0,0,0,0,8,0,39.9584,-75.1804, , 
18469,216018,2016069043,6,67,67301,2016,6,1,2000,20,2,1,0,4,1, , ,N,1,2,0,3,0,1,2,2,N,N,40 01:34.401,75 07:02.499,2010, ,2001,2,1,1,N, ,3,Y, , , , , , , , ,2,0,0,0,0,0,1,1,0,0,0,1,1,0,0,0,0,0,0,0,0,0,0,0,0,0,0,0,0,0,0,0,0,0,0,4,0,40.0262,-75.1174, , 
18470,216019,2016072929,6,67,67301,2016,7,3,1730,17,1,1,0,1,1,1,4,Y,0,8,0,3,0,0,2,2,N,N,40 01:52.953,75 01:17.760,1730,45,1730, ,0, , , ,3, ,Y,N,N,N,N,N,N,Y,2,2,0,0,0,0,0,0,0,0,0,0,0,0,0,0,0,0,0,1,1,0,0,0,0,0,0,0,0,0,0,0,0,0,0,0,0,40.0314,-75.0216, , 
18471,216023,2016080332,6,67,67301,2016,7,3,1545,15,1,1,0,4,1, , ,N,1,2,0,3,0,3,5,2,N,N,40 01:59.118,75 10:52.400,1632, ,1622, ,0, ,N, ,3, , , , , , , , , ,2,2,0,0,0,0,0,0,0,0,0,3,3,0,0,0,0,2,0,0,0,0,0,5,0,0,0,0,0,0,0,0,0,0,0,4,0,40.0331,-75.1812, , 
18472,216024,2016080363,6,67,67301,2016,7,5,25,0,3,1,0,4,1, , ,N,2,2,0,3,0,1,3,2,N,N,40 00:30.111,75 10:13.459,37, ,37, ,0, , , ,3, , , , , , , , , ,1,1,0,0,0,0,0,0,1,0,0,1,1,0,0,0,0,0,0,0,0,0,0,0,0,0,0,0,0,0,0,0,0,0,0,4,0,40.0084,-75.1704, , 
18473,216044,2016087158,6,67,67301,2016,8,6,45,0,3,1,0,5,6, , ,N,0,0,0,3,0,0,1,3,N,N,40 06:38.069,75 01:48.282,1255, ,1250,3,1,1,N, ,0,N, , , , , , , , ,3,3,0,0,0,0,0,0,0,0,0,0,0,0,0,0,0,0,0,0,0,0,0,0,0,0,0,0,0,0,0,0,0,0,0,0,0,40.1106,-75.0301, , 
18474,216048,2016087214,6,67,67301,2016,8,7,506,5,3,9,0,7,4, , ,N,2,2,0,3,0,2,2,1,N,N,39 54:26.956,75 09:04.460,823, ,821, ,0, ,N, ,3, , , , , , , , , ,1,0,0,0,0,0,1,0,0,0,2,0,2,0,0,0,0,0,0,0,0,0,0,0,0,0,0,0,0,0,0,0,0,0,0,3,0,39.9075,-75.1512, , 
18475,216065,2016120620,6,67,67301,2016,11,4,1026,10,1,1,0,4,1, , ,N,1,2,0,3,0,1,4,2,N,N,39 57:07.894,75 14:26.897,1036, ,1033, ,0, ,N, ,3, , , , , , , , , ,2,1,0,0,0,0,0,1,0,0,0,1,1,0,0,0,0,0,0,0,0,0,0,0,0,0,0,0,0,0,0,0,0,0,0,4,0,39.9522,-75.2408, , 
18476,216068,2016120530,6,67,67301,2016,10,1,230,2,3,1,1,7,4, , ,N,0,0,0,3,0,0,1,1,N, ,40 01:32.062,75 12:43.621,235, ,230, ,0, , , ,0, , , , , , , , , ,1,1,0,0,0,0,0,0,0,0,0,0,0,0,0,0,0,0,0,0,0,0,0,0,0,0,0,0,0,0,0,0,0,0,0,0,0,40.0256,-75.2121, , 
18477,216117,2016062584,6,67,67301,2016,5,7,2058,20,3,1,0,4,1, , ,N,1,3,0,3,0,1,2,2,N,N,40 01:42.826,75 03:22.492,2159, ,2058, ,0, ,N, ,3, , , , , , , , , ,2,2,0,0,0,0,0,0,0,0,0,1,1,0,0,0,0,0,0,0,0,0,0,1,0,0,0,0,0,0,0,0,0,0,0,4,0,40.0286,-75.0562, , 
18478,216118,2016063479,6,67,67301,2016,6,1,1715,17,1,1,0,4,1, , ,N,2,0,0,3,0,1,3,2,N,N,39 55:12.561,75 09:23.680,1725, ,1720, ,0, , , ,0, , , , , , , , , ,1,1,0,0,0,0,0,0,1,0,1,0,1,0,0,0,0,0,0,0,0,0,0,0,0,0,0,0,0,0,0,0,0,0,0,3,0,39.9202,-75.1566, , 
18479,216139,2016097742,6,67,67301,2016,9,6,2045,20,2,1,0,4,1, , ,N,0,0,0,3,0,1,2,2,N,N,39 56:52.201,75 08:29.279,2055, ,2050, ,0, ,N, ,0, , , , , , , , , ,1,1,0,0,0,0,0,0,1,1,0,0,1,0,0,0,0,0,0,0,1,0,0,0,0,0,0,0,0,0,0,1,0,0,0,2,0,39.9478,-75.1415, , 
18480,216145,2016120650,6,67,67301,2016,10,1,2202,22,3,2,1,7,4, , ,N,0,0,0,3,0,0,1,1,N, ,40 01:38.284,75 11:34.235,2225, ,2215,2,2,2, , ,0,N, , , , , , , , ,1,1,0,0,0,0,0,0,0,0,0,0,0,0,0,0,0,0,0,0,0,0,0,0,0,0,0,0,0,0,0,0,0,0,0,0,0,40.0273,-75.1928, , 
18481,216162,2017018458,6,67,67301,2016,5,3,1530,15,1,1,0,4,1, , ,N,1,2,0,3,0,1,2,2,N,N,40 03:02.196,75 10:38.823,0, ,0, ,0, ,N, ,3, , , , , , , , , ,2,0,0,0,0,0,2,0,0,0,1,0,1,0,0,0,0,0,0,0,0,0,1,0,0,0,0,0,0,0,0,0,0,0,0,3,0,40.0506,-75.1775, , 