objectid_1,objectid,crn,district,county,municipality,crash_year,crash_month,day_of_week,time_of_day,hour_of_day,illumination,weather,road_condition,collision_type,relation_to_road,work_zone_type,work_zone_loc,work_zone_ind,intersect_type,tcd_type,location_type,urban_rural,fatal_count,injury_count,person_count,total_units,sch_bus_ind,sch_zone_ind,latitude,longitude,arrival_tm,cons_zone_spd_lim,dispatch_tm,est_hrs_closed,lane_closed,ln_close_dir,ntfy_hiwy_maint,spec_juris_cd,tcd_func_cd,tfc_detour_ind,workers_pres,wz_close_detour,wz_flagger,wz_law_offcr_ind,wz_ln_closure,wz_moving,wz_other,wz_shlder_mdn,vehicle_count,automobile_count,motorcycle_count,bus_count,small_truck_count,heavy_truck_count,suv_count,van_count,bicycle_count,maj_inj_count,mod_inj_count,min_inj_count,tot_inj_count,unk_inj_deg_count,unk_inj_per_count,driver_count_16yr,driver_count_17yr,driver_count_18yr,driver_count_19yr,driver_count_20yr,driver_count_50_64yr,driver_count_65_74yr,driver_count_75plus,unbelted_occ_count,unb_death_count,unb_maj_inj_count,belted_death_count,belted_maj_inj_count,mcycle_death_count,mcycle_maj_inj_count,bicycle_death_count,bicycle_maj_inj_count,ped_count,ped_death_count,ped_maj_inj_count,max_severity_level,comm_veh_count,dec_lat,dec_long,rdwy_surf_type_cd,county_name
18683,222444,2017018509,6,67,67301,2016,6,4,825,8,1,1,0,1,1, , ,N,0,0,0,3,0,2,2,2,N,N,39 58:20.555,75 15:10.805,0, ,0, ,0, ,N, ,0, , , , , , , , , ,2,1,0,0,0,0,0,0,0,0,0,0,2,2,0,0,0,0,0,0,1,0,0,0,0,0,0,0,0,0,0,0,0,0,0,8,0,39.9724,-75.253, , 
18684,222450,2016071099,6,67,67301,2016,6,3,2133,21,3,1,0,4,1, , ,N,2,0,0,3,0,1,2,2,N,N,39 59:33.692,75 08:40.155,2150, ,2138, ,0, ,N, ,0, , , , , , , , , ,1,1,0,0,0,0,0,0,1,0,0,0,1,1,1,0,0,0,0,0,0,0,0,0,0,0,0,0,0,0,0,0,0,0,0,8,0,39.9926,-75.1445, , 
18685,222461,2016129995,6,67,67301,2016,11,2,845,8,1,1,0,4,1, , ,N,0,0,7,3,0,1,3,2,N,N,40 04:58.799,75 02:57.076,855, ,848,1,1,2,N, ,0,N, , , , , , , , ,2,2,0,0,0,0,0,0,0,0,0,0,1,1,0,0,0,0,0,0,0,0,0,0,0,0,0,0,0,0,0,0,0,0,0,8,0,40.083,-75.0492, , 
18686,222488,2016077650,6,67,67301,2016,7,1,130,1,3,1,1,7,5, , ,N,0,0,0,3,0,0,1,1,N,N,39 55:21.385,75 08:51.987,136, ,331,2,2,2, , ,0,N, , , , , , , , ,1,1,0,0,0,0,0,0,0,0,0,0,0,0,0,0,0,0,0,0,0,0,0,0,0,0,0,0,0,0,0,0,0,0,0,0,0,39.9226,-75.1478, , 
18687,222490,2016080715,6,67,67301,2016,6,5,1455,14,1,1,0,1,1, , ,N,0,0,0,3,0,1,2,2,N, ,40 05:32.078,75 01:55.461,1501, ,1500,1,1,2, , ,0,N, , , , , , , , ,2,1,0,0,1,0,0,0,0,0,0,0,1,1,1,0,0,0,0,0,0,0,0,0,0,0,0,0,0,0,0,0,0,0,0,8,0,40.0922,-75.0321, , 
18688,222499,2016087174,6,67,67301,2016,7,2,906,9,1,1,0,4,1, , ,N,1,2,0,3,0,1,2,3,N, ,39 57:17.373,75 13:04.418,911, ,909, ,0, , , ,3, , , , , , , , , ,3,2,0,0,0,0,0,1,0,0,1,0,1,0,1,0,0,0,0,0,1,0,0,0,0,0,0,0,0,0,0,0,0,0,0,3,0,39.9548,-75.2179, , 
18689,216486,2016119139,6,67,67301,2016,10,1,900,9,1,1,0,8,6, , ,N,0,0,0,3,0,1,2,2,N, ,39 59:08.953,75 06:41.386,1759, ,1630, ,0, , , ,0, , , , , , , , , ,1,1,0,0,0,0,0,0,0,0,0,1,1,0,1,0,0,0,0,0,0,0,0,0,0,0,0,0,0,0,0,0,1,0,0,4,0,39.9858,-75.1115, , 
18690,216495,2016117778,6,67,67301,2016,10,3,810,8,1,1,0,4,1, , ,N,1,3,0,3,0,4,5,2,N,N,40 00:53.564,75 04:48.655,1000, ,959, ,0, ,N, ,3, , , , , , , , , ,2,1,0,0,0,0,1,0,0,0,4,0,4,0,0,0,0,0,0,0,0,0,0,1,0,0,0,0,0,0,0,0,0,0,0,3,0,40.0149,-75.0802, , 
18691,216506,2016126197,6,67,67301,2016,11,6,1715,17,3,1,0,4,1, , ,N,1,3,0,3,0,0,2,2,N,N,40 03:59.328,75 11:19.985,1723, ,1718, ,0, ,N, ,3, , , , , , , , , ,2,2,0,0,0,0,0,0,0,0,0,0,0,0,1,0,0,0,0,0,1,0,0,0,0,0,0,0,0,0,0,0,0,0,0,9,0,40.0665,-75.1889, , 
18692,216533,2016084189,6,67,67301,2016,7,6,1657,16,1,1,0,1,1, , ,N,0,0,0,3,0,0,5,3,N,N,39 58:37.144,75 11:55.931,1707, ,1657, ,0, , , ,0, , , , , , , , , ,3,1,0,0,0,0,1,1,0,0,0,0,0,0,0,0,0,0,0,0,1,0,0,0,0,0,0,0,0,0,0,0,0,0,0,0,0,39.977,-75.1989, , 
18693,216535,2016088495,6,67,67301,2016,5,4,1750,17,1,1,0,1,1, , ,N,2,0,0,3,0,0,2,2,N,N,40 03:17.081,75 14:09.331,1805, ,1759, ,0, ,N, ,0, , , , , , , , , ,2,1,0,0,0,0,1,0,0,0,0,0,0,0,0,0,0,0,0,0,0,0,0,0,0,0,0,0,0,0,0,0,0,0,0,0,0,40.0547,-75.2359, , 
18694,216543,2016082391,6,67,67301,2016,7,7,1215,12,1,1,0,4,1, , ,N,1,2,0,3,0,2,2,2,N, ,39 58:01.549,75 09:43.675,1225, ,1217, ,0, , , ,3, , , , , , , , , ,2,1,0,0,0,0,0,1,0,0,2,0,2,0,0,0,0,0,0,0,0,0,0,0,0,0,0,0,0,0,0,0,0,0,0,3,0,39.9671,-75.1621, , 
18695,216554,2016089927,6,67,67301,2016,8,1,1307,13,1,1,0,4,1, , ,N,1,2,0,3,0,1,2,2,N, ,39 56:42.255,75 10:06.725,1317, ,1307, ,0, , , ,3, , , , , , , , , ,2,1,0,0,0,0,1,0,0,0,0,1,1,0,0,0,0,0,0,0,1,0,0,0,0,0,0,0,0,0,0,0,0,0,0,4,0,39.9451,-75.1685, , 
18696,216562,2016117694,6,67,67301,2016,10,2,1245,12,1,1,0,5,1, , ,N,0,0,0,3,0,3,5,2,N, ,39 58:29.702,75 11:51.306,1255, ,1245, ,0, , , ,0, , , , , , , , , ,2,1,0,0,0,0,0,0,0,0,0,3,3,0,2,0,0,0,0,0,0,0,0,0,0,0,0,0,0,0,0,0,0,0,0,4,0,39.9749,-75.1976, , 
18697,216563,2016111698,6,67,67301,2016,10,6,1846,18,3,1,0,1,1, , ,N,0,0,0,3,0,1,4,3,N,N,40 02:24.449,75 00:22.869,1910, ,1846, ,0, , , ,0, , , , , , , , , ,3,2,0,0,0,0,1,0,0,0,1,0,1,0,0,0,0,0,0,0,0,0,0,0,0,0,0,0,0,0,0,0,0,0,0,3,0,40.0401,-75.0064, , 
18698,216571,2016070630,6,67,67301,2016,6,1,1500,15,1,1,0,5,1, , ,N,0,0,0,3,0,1,2,2,N,N,40 06:36.045,75 01:50.133,1505, ,1504, ,0, ,N, ,0, , , , , , , , , ,2,1,1,0,0,0,0,0,0,0,0,0,1,1,0,0,0,0,0,0,1,0,0,1,0,0,0,0,0,0,0,0,0,0,0,8,0,40.11,-75.0306, , 
18699,216580,2016138148,6,67,67301,2016,12,2,500,5,5,1,0,7,4, , ,N,0,0,0,3,0,1,1,1,N,Y,39 56:46.188,75 11:51.240,513, ,510, ,0, , , ,0, , , , , , , , , ,1,1,0,0,0,0,0,0,0,0,0,1,1,0,0,0,0,0,0,0,0,0,0,0,0,0,0,0,0,0,0,0,0,0,0,4,0,39.9462,-75.1976, , 
18700,216592,2017003643,6,67,67301,2016,12,2,1605,16,4,1,0,8,1, , ,N,1,3,0,3,0,1,2,2,N,N,39 56:20.022,75 13:47.207,1647, ,1644, ,0, ,N, ,3, , , , , , , , , ,1,1,0,0,0,0,0,0,0,0,0,1,1,0,0,0,0,0,0,0,1,0,0,0,0,0,0,0,0,0,0,0,1,0,0,4,0,39.9389,-75.2298, , 
18701,216597,2016108612,6,67,67301,2016,9,5,1456,14,1,2,1,6,1, , ,N,0,0,0,3,0,0,2,2,N, ,40 01:33.824,75 11:57.867,1520, ,1509, ,0, , , ,0, , , , , , , , , ,2,2,0,0,0,0,0,0,0,0,0,0,0,0,0,0,0,0,0,0,0,0,0,0,0,0,0,0,0,0,0,0,0,0,0,0,0,40.0261,-75.1994, , 
18702,216615,2016137838,6,67,67301,2016,12,6,2003,20,3,1,0,1,1, , ,N,0,0,0,3,0,0,3,3,N,N,39 57:36.011,75 10:43.741,2013, ,2006, ,0, , , ,0, , , , , , , , , ,3,1,0,0,1,0,1,0,0,0,0,0,0,0,0,0,0,0,0,0,0,0,0,0,0,0,0,0,0,0,0,0,0,0,0,0,0,39.96,-75.1788, , 
18703,216619,2016124429,6,67,67301,2016,10,7,147,1,3,1,0,4,1, , ,N,1,2,0,3,0,2,4,2,N,N,39 55:58.618,75 10:04.353,153, ,149, ,0, , , ,3, , , , , , , , , ,2,2,0,0,0,0,0,0,0,0,0,2,2,0,0,0,0,0,0,0,0,0,0,0,0,0,0,0,0,0,0,0,0,0,0,4,0,39.933,-75.1678, , 
18704,216626,2016081399,6,67,67301,2016,7,4,645,6,1,1,0,7,4, , ,N,0,0,0,3,0,1,1,1,N, ,39 59:53.379,75 08:20.155,815, ,812, ,0, , , ,0, , , , , , , , , ,1,1,0,0,0,0,0,0,0,1,0,0,1,0,0,0,0,0,0,0,0,0,0,0,0,0,0,0,0,0,0,0,0,0,0,2,0,39.9982,-75.1389, , 
18705,216631,2016091640,6,67,67301,2016,8,1,1950,19,1,2,1,7,4, , ,N,2,2,0,3,0,2,3,1,N, ,39 54:26.956,75 09:04.460,1957, ,1954, ,0, , , ,3, , , , , , , , , ,1,1,0,0,0,0,0,0,0,0,0,1,2,1,0,0,0,0,1,0,0,0,0,0,0,0,0,0,0,0,0,0,0,0,0,4,0,39.9075,-75.1512, , 
18706,216634,2016097632,6,67,67301,2016,8,2,1549,15,1,1,0,4,1, , ,N,1,2,0,3,0,1,3,2,N,N,39 58:14.012,75 08:59.857,1633, ,1629, ,0, ,N, ,3, , , , , , , , , ,2,1,0,0,0,0,0,1,0,0,0,0,1,1,0,0,0,0,0,0,1,0,0,2,0,0,0,0,0,0,0,0,0,0,0,8,0,39.9704,-75.15, , 
18707,219356,2016087164,6,67,67301,2016,8,6,1658,16,1,1,0,4,1, , ,N,1,2,0,3,0,1,6,4,N,N,39 56:50.431,75 14:01.113,1729, ,1700, ,0, ,N, ,3, , , , , , , , , ,4,0,0,0,1,0,0,1,0,0,0,0,1,1,0,0,0,0,0,0,3,0,0,0,0,0,0,0,0,0,0,0,0,0,0,8,0,39.9473,-75.2336, , 
18708,219382,2016081424,6,67,67301,2016,7,2,1250,12,1,1,0,8,1, , ,N,1,2,0,3,0,1,2,2,N, ,39 56:08.545,75 10:02.200,1255, ,1255, ,0, , , ,3, , , , , , , , , ,1,1,0,0,0,0,0,0,0,0,0,1,1,0,0,0,0,0,0,0,0,0,0,0,0,0,0,0,0,0,0,0,1,0,0,4,0,39.9357,-75.1672, , 
18709,219390,2016092053,6,67,67301,2016,8,1,2030,20,3,1,0,5,1, , ,N,0,0,0,3,0,1,2,2,N,N,39 57:04.196,75 11:54.613,2105, ,2010, ,0, ,N, ,0, , , , , , , , , ,1,0,0,1,0,0,0,0,1,0,0,1,1,0,0,0,0,0,0,0,0,1,0,0,0,0,0,0,0,0,0,0,0,0,0,4,1,39.9512,-75.1985, , 
18710,219398,2016105550,6,67,67301,2016,10,7,1935,19,3,2,1,4,1, , ,N,1,2,0,3,0,2,4,2,N, ,39 59:52.878,75 07:31.459,1935, ,1935, ,0, , , ,3, , , , , , , , , ,2,2,0,0,0,0,0,0,0,0,0,2,2,0,0,0,0,0,0,0,0,0,0,0,0,0,0,0,0,0,0,0,0,0,0,4,0,39.998,-75.1254, , 
18711,219447,2016080327,6,67,67301,2016,7,2,1235,12,1,1,0,1,1, , ,N,10,0,0,3,0,2,3,3,N,N,39 58:43.342,75 05:51.613,1530, ,1515, ,0, ,N, ,0, , , , , , , , , ,3,2,0,0,0,0,0,1,0,0,0,0,2,2,0,0,0,0,0,0,0,0,0,0,0,0,0,0,0,0,0,0,0,0,0,8,0,39.9787,-75.0977, , 
18712,219491,2016062520,6,67,67301,2016,5,1,1652,16,1,1,0,8,1, , ,N,0,0,0,3,0,1,2,2,N,N,39 58:38.103,75 09:53.452,1705, ,1658,1,2,1,N, ,0,N, , , , , , , , ,1,1,0,0,0,0,0,0,0,0,1,0,1,0,1,0,0,0,0,0,0,0,0,0,0,0,0,0,0,0,0,0,1,0,0,3,0,39.9773,-75.1648, , 
18713,219503,2016087700,6,67,67301,2016,7,6,9999,99,1,1,0,5,1, , ,N,0,0,0,3,0,1,2,2,N,N,40 01:22.768,75 07:23.069,430, ,430, ,0, ,N, ,0, , , , , , , , , ,1,0,0,0,0,0,1,0,1,0,0,1,1,0,0,0,0,0,0,0,0,0,0,1,0,0,0,0,0,0,0,0,0,0,0,4,0,40.023,-75.1231, , 
18714,219539,2016132237,6,67,67301,2016,11,2,859,8,1,1,0,8,1, , ,N,0,0,0,3,0,1,2,2,N,N,39 55:21.882,75 14:14.514,907, ,902, ,0, ,N, ,0, , , , , , , , , ,1,1,0,0,0,0,0,0,0,0,0,1,1,0,0,0,0,0,0,0,0,0,0,1,0,0,0,0,0,0,0,0,1,0,0,4,0,39.9227,-75.2374, , 
18715,219540,2016129302,6,67,67301,2016,11,1,2315,23,3,1,0,4,1, , ,N,1,2,0,3,0,0,4,2,N,N,39 58:16.688,75 07:37.492,2333, ,2320, ,0, ,N, ,3, , , , , , , , , ,2,1,0,0,1,0,0,0,0,0,0,0,0,0,0,0,0,0,0,0,0,0,0,0,0,0,0,0,0,0,0,0,0,0,0,0,0,39.9713,-75.1271, , 
18716,219544,2016138222,6,67,67301,2016,12,5,1558,15,1,1,0,4,1, , ,N,1,2,0,3,0,1,3,2,N,N,39 56:25.815,75 13:08.211,1600, ,1600,2,1,5, , ,3,Y, , , , , , , , ,2,2,0,0,0,0,0,0,0,0,0,1,1,0,1,0,0,0,0,1,1,0,0,0,0,0,0,0,0,0,0,0,0,0,0,4,0,39.9405,-75.2189, , 
18717,219555,2016075754,6,67,67301,2016,7,6,2147,21,3,1,0,1,1, , ,N,0,0,0,3,0,2,4,3,N,N,39 58:36.494,75 11:52.399,2150, ,2147,2,1,3, , ,0,N, , , , , , , , ,3,1,0,0,1,0,1,0,0,0,0,0,2,2,0,0,0,0,0,0,0,0,0,1,0,0,0,0,0,0,0,0,0,0,0,8,0,39.9768,-75.1979, , 
18718,219558,2016080174,6,67,67301,2016,7,7,1030,10,1,1,0,4,6, , ,N,0,0,0,3,0,0,1,3,N,N,40 03:07.180,75 09:03.779,9999, ,1030, ,0, ,N, ,0, , , , , , , , , ,3,2,0,0,0,0,1,0,0,0,0,0,0,0,1,0,0,0,0,0,0,0,0,0,0,0,0,0,0,0,0,0,0,0,0,9,0,40.052,-75.151, , 
18719,219559,2016080380,6,67,67301,2016,7,6,1500,15,1,1,0,7,5, , ,N,0,0,0,3,0,1,1,1,N, ,40 00:19.528,75 10:43.997,1510, ,1502, ,0, , , ,0, , , , , , , , , ,1,1,0,0,0,0,0,0,0,0,0,0,1,1,0,0,0,0,0,0,1,0,0,1,0,0,0,0,0,0,0,0,0,0,0,8,0,40.0054,-75.1789, , 
18720,219560,2016080928,6,67,67301,2016,7,2,2146,21,3,2,1,1,6, , ,N,0,0,0,3,0,0,2,2,N,N,39 56:27.910,75 08:38.479,2151, ,2146, ,0, ,N, ,0, , , , , , , , , ,2,1,0,0,0,0,0,1,0,0,0,0,0,0,0,0,0,0,0,0,0,0,0,0,0,0,0,0,0,0,0,0,0,0,0,0,0,39.9411,-75.144, , 
18721,219561,2016080953,6,67,67301,2016,7,2,2246,22,2,2,1,7,4, , ,N,0,0,0,3,0,1,1,1,N, ,40 06:01.158,75 01:19.226,2254, ,2248, ,0, , , ,0, , , , , , , , , ,1,0,0,0,1,0,0,0,0,0,0,1,1,0,0,0,0,0,1,0,0,0,0,0,0,0,0,0,0,0,0,0,0,0,0,4,0,40.1003,-75.022, , 
18722,219567,2016116102,6,67,67301,2016,11,2,821,8,1,1,0,5,1, , ,N,0,8,3,3,0,3,5,3,N,N,39 54:31.732,75 09:01.147,821, ,821,2,1,3,N, ,3,N, , , , , , , , ,3,1,0,0,0,1,0,1,0,0,0,0,3,3,0,0,0,0,0,0,0,0,0,0,0,0,0,0,0,0,0,0,0,0,0,8,1,39.9088,-75.1503, , 
18723,219570,2016109052,6,67,67301,2016,10,2,1440,14,1,1,0,1,1, , ,N,1,2,0,3,0,3,5,3,N,N,40 02:15.774,75 02:32.795,1440, ,1440, ,0, ,N, ,3, , , , , , , , , ,3,1,0,0,0,0,1,1,0,0,0,2,3,1,0,0,0,1,0,0,0,0,0,0,0,0,0,0,0,0,0,0,0,0,0,4,0,40.0377,-75.0425, , 
18724,219583,2016117738,6,67,67301,2016,10,7,1900,19,3,1,0,8,1, , ,N,1,3,0,3,0,1,2,2,N,N,40 00:41.173,75 09:20.476,9999, ,1930, ,0, ,N, ,3, , , , , , , , , ,1,1,0,0,0,0,0,0,0,0,0,0,1,1,0,0,0,0,0,0,0,1,0,1,0,0,0,0,0,0,0,0,1,0,0,8,0,40.0114,-75.1557, , 
18725,225302,2016097667,6,67,67301,2016,9,4,2110,21,3,1,0,8,1, , ,N,1,0,0,3,0,1,2,2,N,N,39 55:35.824,75 10:38.499,2120, ,2117, ,0, , , ,0, , , , , , , , , ,1,1,0,0,0,0,0,0,0,0,0,0,1,1,0,0,0,0,0,0,1,0,0,1,0,0,0,0,0,0,0,0,1,0,0,8,0,39.9266,-75.1774, , 
18726,225306,2016121115,6,67,67301,2016,11,5,1020,10,1,1,0,4,1, , ,N,1,2,0,3,0,1,2,2,N,N,39 59:09.982,75 12:29.490,1034, ,1034,1,1,4, , ,3,N, , , , , , , , ,2,2,0,0,0,0,0,0,0,0,0,0,1,1,0,0,0,0,0,0,0,1,0,0,0,0,0,0,0,0,0,0,0,0,0,8,0,39.9861,-75.2082, , 
18727,225312,2016131054,6,67,67301,2016,11,6,2010,20,3,1,0,1,1, , ,N,0,0,0,3,0,1,2,2,N,N,40 02:14.176,75 03:10.662,2018, ,2015,1,2,5,N, ,0,Y, , , , , , , , ,1,1,0,0,0,0,0,0,1,0,0,1,1,0,0,0,0,0,0,0,0,0,0,0,0,0,0,0,0,0,0,0,0,0,0,4,0,40.0373,-75.053, , 
18728,225313,2016117690,6,67,67301,2016,10,6,1249,12,1,1,0,4,1, , ,N,1,3,0,3,0,3,3,2,N, ,40 02:10.662,75 04:18.319,1339, ,1337, ,0, , , ,3, , , , , , , , , ,2,0,0,0,0,0,2,0,0,0,0,0,3,3,0,0,0,0,0,0,1,0,0,0,0,0,0,0,0,0,0,0,0,0,0,8,0,40.0363,-75.0718, , 
18729,225318,2016117166,6,67,67301,2016,10,6,1548,15,1,1,0,8,1, , ,N,0,0,0,3,0,1,3,2,N,N,40 02:11.993,75 02:26.796,1552, ,1550,2,2,3,N, ,0,Y, , , , , , , , ,1,1,0,0,0,0,0,0,0,1,0,0,1,0,0,0,0,0,0,0,0,0,0,1,0,0,0,0,0,0,0,0,1,0,1,2,0,40.0367,-75.0408, , 
18730,225321,2016112143,6,67,67301,2016,10,5,1825,18,4,1,0,8,1, , ,N,0,0,0,3,0,1,2,2,N,N,40 02:51.574,75 10:43.496,1837, ,1826, ,0, ,N, ,0, , , , , , , , , ,1,1,0,0,0,0,0,0,0,0,0,0,1,1,0,0,0,0,0,0,0,0,0,0,0,0,0,0,0,0,0,0,1,0,0,8,0,40.0477,-75.1787, , 
18731,225327,2016135728,6,67,67301,2016,12,1,45,0,3,1,0,4,1, , ,N,1,3,0,3,0,0,2,2,N,N,39 58:38.020,75 07:26.140,9999, ,9999, ,0, ,N, ,3, , , , , , , , , ,2,1,0,0,0,0,1,0,0,0,0,0,0,0,0,0,0,0,0,0,1,0,0,0,0,0,0,0,0,0,0,0,0,0,0,0,0,39.9772,-75.1239, , 
18732,225358,2016072936,6,67,67301,2016,7,4,310,3,3,1,0,7,2, , ,N,6,0,2,3,0,1,1,1,N,N,39 55:34.761,75 08:49.009,335, ,319, ,0, , , ,0, , , , , , , , , ,1,1,0,0,0,0,0,0,0,0,0,0,1,1,0,0,0,0,0,0,0,0,0,0,0,0,0,0,0,0,0,0,0,0,0,8,0,39.9263,-75.1469, , 
18733,225378,2016087644,6,67,67301,2016,8,4,920,9,1,1,0,4,1, , ,N,1,2,0,3,0,1,2,2,N,N,40 01:42.172,75 05:16.879,930, ,926, ,0, ,N, ,3, , , , , , , , , ,2,2,0,0,0,0,0,0,0,0,0,1,1,0,0,0,0,0,0,0,0,1,0,1,0,0,0,0,0,0,0,0,0,0,0,4,0,40.0284,-75.088, , 
18734,225394,2016114275,6,67,67301,2016,10,4,740,7,1,1,0,8,1, , ,N,0,8,0,3,0,1,2,2,N, ,39 57:53.035,75 14:39.562,1423, ,1415, ,0, , , ,3, , , , , , , , , ,1,1,0,0,0,0,0,0,0,0,0,1,1,0,0,0,0,0,0,0,1,0,0,0,0,0,0,0,0,0,0,0,1,0,0,4,0,39.9647,-75.2443, , 
18735,225411,2016117727,6,67,67301,2016,10,4,954,9,1,1,0,4,1, , ,N,5,2,2,3,0,0,2,2,N,N,39 57:25.688,75 09:03.847,954, ,955,1,1,4,N, ,3,Y, , , , , , , , ,2,0,0,0,0,0,2,0,0,0,0,0,0,0,0,0,0,0,0,0,1,0,0,0,0,0,0,0,0,0,0,0,0,0,0,0,0,39.9571,-75.1511, , 
18736,225436,2016113999,6,67,67301,2016,11,3,2125,21,3,1,0,4,1, , ,N,1,2,0,3,0,0,2,2,N,N,39 57:46.530,75 11:29.044,2136, ,2130,1,1,3,N, ,3,Y, , , , , , , , ,2,1,0,0,0,0,1,0,0,0,0,0,0,0,2,0,0,0,0,0,0,0,0,0,0,0,0,0,0,0,0,0,0,0,0,9,0,39.9629,-75.1913, , 
18737,225442,2016117715,6,67,67301,2016,10,3,1540,15,1,1,0,8,1, , ,N,1,2,0,3,0,1,2,2,N,N,39 58:44.958,75 08:14.888,1550, ,1548,1,1,2,N, ,3,Y, , , , , , , , ,1,0,0,0,1,0,0,0,0,0,0,1,1,0,0,0,0,0,0,0,1,0,0,0,0,0,0,0,0,0,0,0,1,0,0,4,0,39.9792,-75.1375, , 
18738,225445,2016129434,6,67,67301,2016,11,6,1544,15,1,1,0,8,1, , ,N,1,2,0,3,0,1,3,2,N,N,40 02:51.581,75 03:35.828,1606, ,1600, ,0, ,N, ,3, , , , , , , , , ,1,1,0,0,0,0,0,0,0,0,0,1,1,0,0,0,0,0,0,0,0,0,0,0,0,0,0,0,0,0,0,0,1,0,0,4,0,40.0477,-75.06, , 
18739,225446,2016135643,6,67,67301,2016,11,1,2244,22,3,1,0,1,1, , ,N,1,2,0,3,0,0,2,2,N,N,39 56:55.004,75 13:01.629,2245, ,2245, ,0, ,N, ,3, , , , , , , , , ,2,2,0,0,0,0,0,0,0,0,0,0,0,0,0,0,0,0,0,0,0,0,0,1,0,0,0,0,0,0,0,0,0,0,0,0,0,39.9486,-75.2171, , 
18740,225463,2016129391,6,67,67301,2016,11,2,1300,13,1,1,0,4,1, , ,N,1,2,0,3,0,1,2,2,N,N,39 57:56.235,75 13:54.861,1532, ,1530, ,0, ,N, ,3, , , , , , , , , ,1,0,0,0,0,0,0,1,1,0,0,0,1,1,1,0,0,0,0,0,0,0,0,0,0,0,0,0,0,0,0,0,0,0,0,8,0,39.9656,-75.2319, , 
18741,225490,2016130007,6,67,67301,2016,11,3,2045,20,3,1,0,1,1, , ,N,0,0,0,3,0,0,2,2,N, ,40 05:06.496,75 01:28.719,2051, ,2050,2,2,2, , ,0,N, , , , , , , , ,2,1,0,0,0,0,1,0,0,0,0,0,0,0,0,0,0,0,0,0,1,0,0,1,0,0,0,0,0,0,0,0,0,0,0,0,0,40.0851,-75.0246, , 
18742,225500,2016067860,6,67,67301,2016,5,4,1623,16,1,1,0,4,1, , ,N,0,0,7,3,0,1,2,2,N,N,40 07:59.862,75 00:37.502,1635, ,1629,1,2,2,N, ,0,N, , , , , , , , ,2,1,0,0,0,0,0,1,0,0,0,0,1,1,0,0,0,0,0,0,0,1,0,0,0,0,0,0,0,0,0,0,0,0,0,8,0,40.1333,-75.0104, , 
18743,222506,2016092059,6,67,67301,2016,8,3,1105,11,1,1,0,8,1, , ,N,2,2,0,3,0,1,2,2,N,N,39 56:39.097,75 08:31.893,1120, ,1115, ,0, ,N, ,3, , , , , , , , , ,1,0,0,0,0,1,0,0,0,0,0,0,1,1,0,0,0,0,0,0,0,0,0,0,0,0,0,0,0,0,0,0,1,0,0,8,1,39.9442,-75.142, , 
18744,222514,2016132156,6,67,67301,2016,11,4,835,8,1,1,0,4,1, , ,N,1,3,0,3,0,1,3,2,N,N,40 05:27.380,75 01:29.960,843, ,839,1,1,2,N, ,3,Y, , , , , , , , ,2,1,0,0,0,1,0,0,0,0,0,1,1,0,0,0,0,0,0,0,0,1,0,1,0,0,0,0,0,0,0,0,0,0,0,4,1,40.0909,-75.025, , 
18745,222523,2016053750,6,67,67301,2016,5,6,2018,20,3,2,1,4,1, , ,N,2,0,0,3,0,3,3,3,N, ,39 55:37.231,75 14:36.560,2024, ,2021, ,0, , , ,0, , , , , , , , , ,3,3,0,0,0,0,0,0,0,0,3,0,3,0,0,0,0,0,0,0,0,0,0,0,0,0,0,0,0,0,0,0,0,0,0,3,0,39.927,-75.2435, , 
18746,222534,2016062663,6,67,67301,2016,5,6,9999,99,3,1,0,4,1, , ,N,2,0,0,3,0,2,4,2,N,N,40 02:20.379,75 08:54.812,2116, ,2116,1,1,4,N, ,0,N, , , , , , , , ,2,2,0,0,0,0,0,0,0,0,0,2,2,0,0,0,0,0,0,0,0,1,0,0,0,0,0,0,0,0,0,0,0,0,0,4,0,40.039,-75.1486, , 
18747,222535,2016063891,6,67,67301,2016,6,7,2234,22,3,1,0,5,1, , ,N,3,0,0,3,0,1,4,2,N,N,40 01:37.188,75 07:16.095,2251, ,2250, ,0, , , ,0, , , , , , , , , ,2,1,0,0,0,0,1,0,0,0,0,0,1,1,0,0,0,0,0,0,0,0,0,0,0,0,0,0,0,0,0,0,0,0,0,8,0,40.027,-75.1211, , 
18748,222541,2016071107,6,67,67301,2016,6,1,1550,15,1,1,0,4,1, , ,N,1,3,0,3,0,1,4,2,N,N,39 56:16.447,75 11:48.310,1615, ,612, ,0, ,N, ,3, , , , , , , , , ,2,2,0,0,0,0,0,0,0,0,0,1,1,0,0,0,1,0,0,0,0,0,0,2,0,0,0,0,0,0,0,0,0,0,0,4,0,39.9379,-75.1968, , 
18749,222544,2016080458,6,67,67301,2016,7,5,142,1,3,1,0,8,1, , ,N,0,0,0,3,1,1,2,2,N,N,40 00:57.149,75 10:12.759,146, ,143, ,0, ,N,0,0, , , , , , , , , ,1,1,0,0,0,0,0,0,0,0,0,1,1,0,0,0,0,0,0,0,1,0,0,0,0,0,0,0,0,0,0,0,1,1,0,1,0,40.0159,-75.1702,2, 
18750,222565,2016080799,6,67,67301,2016,7,6,536,5,3,1,0,7,4, , ,N,0,0,0,3,0,0,1,1,N,N,40 03:57.482,75 14:23.449,544, ,537, ,0, , , ,0, , , , , , , , , ,1,0,0,0,0,0,1,0,0,0,0,0,0,0,1,0,0,0,0,0,0,0,0,0,0,0,0,0,0,0,0,0,0,0,0,9,0,40.066,-75.2398, , 