objectid_1,objectid,crn,district,county,municipality,crash_year,crash_month,day_of_week,time_of_day,hour_of_day,illumination,weather,road_condition,collision_type,relation_to_road,work_zone_type,work_zone_loc,work_zone_ind,intersect_type,tcd_type,location_type,urban_rural,fatal_count,injury_count,person_count,total_units,sch_bus_ind,sch_zone_ind,latitude,longitude,arrival_tm,cons_zone_spd_lim,dispatch_tm,est_hrs_closed,lane_closed,ln_close_dir,ntfy_hiwy_maint,spec_juris_cd,tcd_func_cd,tfc_detour_ind,workers_pres,wz_close_detour,wz_flagger,wz_law_offcr_ind,wz_ln_closure,wz_moving,wz_other,wz_shlder_mdn,vehicle_count,automobile_count,motorcycle_count,bus_count,small_truck_count,heavy_truck_count,suv_count,van_count,bicycle_count,maj_inj_count,mod_inj_count,min_inj_count,tot_inj_count,unk_inj_deg_count,unk_inj_per_count,driver_count_16yr,driver_count_17yr,driver_count_18yr,driver_count_19yr,driver_count_20yr,driver_count_50_64yr,driver_count_65_74yr,driver_count_75plus,unbelted_occ_count,unb_death_count,unb_maj_inj_count,belted_death_count,belted_maj_inj_count,mcycle_death_count,mcycle_maj_inj_count,bicycle_death_count,bicycle_maj_inj_count,ped_count,ped_death_count,ped_maj_inj_count,max_severity_level,comm_veh_count,dec_lat,dec_long,rdwy_surf_type_cd,county_name
18751,222571,2016092140,6,67,67301,2016,6,4,2331,23,3,1,0,1,1, , ,N,1,2,0,3,0,2,2,2,N,N,40 01:39.788,75 05:55.565,2336, ,2331,9,1,2,N, ,3,N, , , , , , , , ,2,2,0,0,0,0,0,0,0,0,0,2,2,0,0,0,0,0,0,0,0,0,0,0,0,0,0,0,0,0,0,0,0,0,0,4,0,40.0277,-75.0988, , 
18752,222575,2016096351,6,67,67301,2016,9,1,844,8,1,1,0,7,4, , ,N,0,0,0,3,0,2,2,1,N,N,40 00:15.351,75 11:41.107,849, ,844, ,0, , , ,0, , , , , , , , , ,1,0,0,0,0,0,1,0,0,1,0,1,2,0,0,0,0,0,0,0,0,0,0,0,0,0,0,1,0,0,0,0,0,0,0,2,0,40.0043,-75.1948, , 
18753,222582,2016092075,6,67,67301,2016,8,1,1630,16,1,1,0,4,1, , ,N,1,2,0,3,0,1,2,2,N, ,39 56:42.255,75 10:06.725,1638, ,1638, ,0, , , ,3, , , , , , , , , ,1,1,0,0,0,0,0,0,1,0,0,0,1,1,0,0,0,0,0,0,0,0,0,1,0,0,0,0,0,0,0,0,0,0,0,8,0,39.9451,-75.1685, , 
18754,222584,2016105171,6,67,67301,2016,10,1,1301,13,1,1,1,7,4,1,4,Y,0,0,0,3,0,0,1,1,N,N,39 58:21.386,75 07:18.760,1308,45,1303,1,1,2, , ,0,N,N,N,N,N,N,N,N,Y,1,1,0,0,0,0,0,0,0,0,0,0,0,0,0,0,0,0,0,0,0,0,0,0,0,0,0,0,0,0,0,0,0,0,0,0,0,39.9726,-75.1219, , 
18755,222628,2016112069,6,67,67301,2016,10,7,1514,15,1,1,1,4,1, , ,N,1,3,0,3,0,1,2,2,N, ,39 59:55.618,75 08:37.705,1800, ,1750, ,0, , , ,3, , , , , , , , , ,2,0,1,0,0,0,1,0,0,0,1,0,1,0,0,0,0,0,0,0,0,0,0,1,0,0,0,0,0,0,0,0,0,0,0,3,0,39.9988,-75.1438, , 
18756,222635,2016127826,6,67,67301,2016,11,4,906,9,1,1,1,8,1, , ,N,1,2,0,3,0,1,2,2,N, ,40 00:09.630,75 08:55.719,929, ,915, ,0, , , ,3, , , , , , , , , ,1,0,0,0,0,0,0,1,0,0,0,0,1,1,0,0,0,0,0,0,1,0,0,0,0,0,0,0,0,0,0,0,1,0,0,8,0,40.0027,-75.1488, , 
18757,222637,2016126159,6,67,67301,2016,11,6,1352,13,1,1,0,4,1, , ,N,1,2,0,3,0,4,4,2,N, ,39 56:23.042,75 13:31.760,1358, ,1352, ,0, , , ,3, , , , , , , , , ,2,1,0,0,0,0,1,0,0,0,2,0,4,2,0,0,0,0,0,0,1,0,0,0,0,0,0,0,0,0,0,0,0,0,0,3,0,39.9397,-75.2255, , 
18758,222639,2016126167,6,67,67301,2016,11,1,1615,16,1,8,0,8,1, , ,N,0,0,0,3,0,1,2,2,N,N,40 07:49.036,75 00:21.546,1625, ,1622, ,0, ,N, ,0, , , , , , , , , ,1,0,0,0,0,0,1,0,0,0,0,0,1,1,0,0,0,0,0,0,0,1,0,0,0,0,0,0,0,0,0,0,1,0,0,8,0,40.1303,-75.006, , 
18759,222644,2016135840,6,67,67301,2016,12,5,510,5,3,1,0,4,1, , ,N,1,2,0,3,0,2,3,2,N,N,40 01:34.840,75 05:50.934,539, ,539,9,1,1,N, ,3,N, , , , , , , , ,2,2,0,0,0,0,0,0,0,0,0,2,2,0,0,0,0,0,0,1,0,0,0,0,0,0,0,0,0,0,0,0,0,0,0,4,0,40.0263,-75.0975, , 
18760,222659,2016135646,6,67,67301,2016,12,3,1554,15,1,2,1,8,1, , ,N,2,2,0,3,0,1,2,2,N,N,40 00:45.170,75 03:29.345,1628, ,1627, ,0, , , ,3, , , , , , , , , ,1,0,0,0,0,0,1,0,0,0,0,1,1,0,0,0,0,0,0,0,0,1,0,0,0,0,0,0,0,0,0,0,1,0,0,4,0,40.0125,-75.0582, , 
18761,216637,2016105836,6,67,67301,2016,9,3,1400,14,1,1,0,8,1, , ,N,3,0,0,3,0,1,2,2,N,N,40 03:11.734,75 11:10.045,1625, ,1407, ,0, ,N, ,0, , , , , , , , , ,1,1,0,0,0,0,0,0,0,0,0,0,1,1,1,0,0,0,0,0,0,0,0,0,0,0,0,0,0,0,0,0,1,0,0,8,0,40.0533,-75.1861, , 
18762,216667,2016081457,6,67,67301,2016,6,6,1837,18,1,1,0,5,1, , ,N,0,0,0,3,0,2,3,2,N, ,40 07:01.601,75 01:09.744,1845, ,1839, ,0, , , ,0, , , , , , , , , ,2,0,0,0,0,0,2,0,0,0,0,0,2,2,0,0,0,0,0,0,1,0,0,1,0,0,0,0,0,0,0,0,0,0,0,8,0,40.1171,-75.0194, , 
18763,216676,2016110206,6,67,67301,2016,10,6,2357,23,3,1,0,1,2, , ,N,0,0,3,3,0,1,2,3,N,N,39 53:47.830,75 11:26.680,8, ,2358,1,2,2, , ,0,N, , , , , , , , ,2,2,0,0,0,0,0,0,0,0,1,0,1,0,0,0,0,0,0,0,1,0,0,0,0,0,0,0,0,0,0,0,1,0,0,3,0,39.8966,-75.1907, , 
18764,216685,2016120590,6,67,67301,2016,10,2,1740,17,1,1,0,5,1, , ,N,0,0,0,3,0,1,2,2,N,N,40 01:01.405,75 07:31.400,1835, ,1740, ,0, ,N, ,0, , , , , , , , , ,2,1,0,1,0,0,0,0,0,0,0,0,1,1,0,0,0,0,0,0,1,0,0,0,0,0,0,0,0,0,0,0,0,0,0,8,1,40.0171,-75.1254, , 
18765,216692,2016108666,6,67,67301,2016,10,5,1810,18,1,1,0,1,1, , ,N,1,2,0,3,0,1,2,2,N,N,40 01:57.154,75 07:27.076,1820, ,1815, ,0, ,N, ,3, , , , , , , , , ,2,1,0,0,1,0,0,0,0,0,0,0,1,1,0,0,0,0,0,0,1,0,0,1,0,0,0,0,0,0,0,0,0,0,0,8,0,40.0325,-75.1242, , 
18766,216693,2016109063,6,67,67301,2016,9,6,1830,18,4,2,1,8,1, , ,N,0,0,0,3,0,1,6,2,N,N,40 00:38.993,75 09:53.076,1833, ,1832,2,2,6,N, ,0,Y, , , , , , , , ,1,1,0,0,0,0,0,0,0,1,0,0,1,0,0,0,0,0,0,0,0,0,0,0,0,0,0,0,0,0,0,0,1,0,1,2,0,40.0108,-75.1647, , 
18767,216700,2016120607,6,67,67301,2016,11,5,1037,10,1,1,0,4,1, , ,N,1,2,0,3,0,1,3,2,N,N,40 03:49.709,75 10:22.442,1115, ,1106, ,0, ,N, ,3, , , , , , , , , ,2,1,0,0,0,0,1,0,0,0,0,0,1,1,0,0,0,0,0,0,1,0,0,0,0,0,0,0,0,0,0,0,0,0,0,8,0,40.0638,-75.1729, , 
18768,216706,2016129309,6,67,67301,2016,11,1,345,3,3,1,0,7,4, , ,N,3,2,0,3,0,1,1,1,N,N,40 00:21.969,75 11:16.284,354, ,352,2,2,1, , ,3,Y, , , , , , , , ,1,1,0,0,0,0,0,0,0,0,1,0,1,0,0,0,0,0,0,0,0,0,0,0,0,0,0,0,0,0,0,0,0,0,0,3,0,40.0061,-75.1879, , 
18769,216725,2016099594,6,67,67301,2016,9,1,505,5,1,1,0,5,1, , ,N,0,0,0,3,0,1,2,2,N,N,40 00:00.897,75 07:43.981,640, ,637, ,0, ,N, ,0, , , , , , , , , ,1,1,0,0,0,0,0,0,1,0,1,0,1,0,0,0,0,0,0,0,0,0,0,1,0,0,0,0,0,0,0,0,0,0,0,3,0,40.0002,-75.1289, , 
18770,216729,2016099662,6,67,67301,2016,9,3,0,0,3,1,0,7,4, , ,N,0,0,0,3,0,0,1,1,N,N,39 58:49.405,75 10:15.960,4, ,4, ,0, , , ,0, , , , , , , , , ,1,1,0,0,0,0,0,0,0,0,0,0,0,0,0,0,0,0,0,0,0,0,0,1,0,0,0,0,0,0,0,0,0,0,0,0,0,39.9804,-75.1711, , 
18771,216743,2016112070,6,67,67301,2016,10,1,300,3,3,2,1,7,4, , ,N,0,2,0,3,0,0,1,1,N,N,39 57:48.310,75 10:47.894,310, ,308, ,0, ,N, ,3, , , , , , , , , ,1,1,0,0,0,0,0,0,0,0,0,0,0,0,1,0,0,0,0,0,0,0,0,0,0,0,0,0,0,0,0,0,0,0,0,9,0,39.9634,-75.18, , 
18772,216759,2016129571,6,67,67301,2016,11,3,1000,10,1,2,1,4,1, , ,N,1,2,0,3,0,1,3,2,N,N,40 00:04.325,75 13:34.990,1010, ,1000, ,0, , , ,3, , , , , , , , , ,2,2,0,0,0,0,0,0,0,0,0,1,1,0,0,0,0,0,0,0,1,0,0,0,0,0,0,0,0,0,0,0,0,0,0,4,0,40.0012,-75.2264, , 
18773,216774,2016080939,6,67,67301,2016,7,6,1645,16,1,1,0,1,1, , ,N,0,0,0,3,0,2,4,2,N,N,40 05:31.907,75 01:55.108,1658, ,1652, ,0, ,N, ,0, , , , , , , , , ,2,1,0,0,0,0,1,0,0,0,0,0,2,2,0,0,0,0,0,0,0,0,0,2,0,0,0,0,0,0,0,0,0,0,0,8,0,40.0922,-75.032, , 
18774,216781,2016084122,6,67,67301,2016,7,3,127,1,3,1,0,5,6, , ,N,0,0,0,3,0,0,2,7,N, ,39 56:44.867,75 13:00.641,127, ,127, ,0, , , ,0, , , , , , , , , ,7,5,0,0,0,0,0,1,0,0,0,0,0,0,0,0,0,0,0,0,0,0,0,1,0,0,0,0,0,0,0,0,0,0,0,0,0,39.9458,-75.2168, , 
18775,216784,2016092056,6,67,67301,2016,8,3,659,6,1,1,0,4,1, , ,N,0,0,7,3,0,0,2,2,N, ,39 56:40.166,75 11:52.081,720, ,713, ,0, , , ,0, , , , , , , , , ,2,0,0,1,0,1,0,0,0,0,0,0,0,0,0,0,0,0,0,0,0,0,0,0,0,0,0,0,0,0,0,0,0,0,0,0,2,39.9445,-75.1978, , 
18776,216791,2016105946,6,67,67301,2016,9,4,1140,11,1,1,0,1,1, , ,N,0,0,0,3,0,1,2,2,N,N,39 57:31.666,75 13:30.413,1236, ,1225, ,0, ,N, ,0, , , , , , , , , ,2,0,0,1,1,0,0,0,0,0,0,1,1,0,0,0,0,0,0,0,0,0,0,1,0,0,0,0,0,0,0,0,0,0,0,4,1,39.9588,-75.2251, , 
18777,216802,2016106431,6,67,67301,2016,10,1,629,6,3,1,1,7,4, , ,N,0,0,2,3,0,0,1,1,N,N,40 00:45.229,75 12:16.432,633, ,629,1,2,1, , ,0,N, , , , , , , , ,1,1,0,0,0,0,0,0,0,0,0,0,0,0,0,0,0,0,0,0,0,0,0,0,0,0,0,0,0,0,0,0,0,0,0,0,0,40.0126,-75.2046, , 
18778,216804,2016120719,6,67,67301,2016,10,1,1941,19,3,1,1,7,4,1,4,Y,0,0,0,3,0,0,1,1,N,N,39 58:42.132,75 06:37.856,2016,45,2004,2,2,1, , ,0,Y,N,N,N,N,N,N,N,Y,1,0,0,0,1,0,0,0,0,0,0,0,0,0,0,0,0,0,0,0,0,0,0,0,0,0,0,0,0,0,0,0,0,0,0,0,0,39.9784,-75.1105, , 
18779,216810,2016061320,6,67,67301,2016,4,6,1927,19,1,1,0,7,4,1,4,Y,0,8,0,3,0,1,1,1,N,N,40 00:57.095,75 03:08.312,1941,45,1937, ,0, , , ,3, ,N,N,N,N,N,N,N,Y,1,1,0,0,0,0,0,0,0,0,0,0,1,1,0,0,0,0,0,0,0,0,0,0,0,0,0,0,0,0,0,0,0,0,0,8,0,40.0159,-75.0523, , 
18780,219594,2016138180,6,67,67301,2016,12,7,951,9,1,1,0,4,1, , ,N,2,2,0,3,0,1,4,3,N,N,40 05:44.901,74 59:28.492,1000, ,952, ,0, ,N, ,3, , , , , , , , , ,3,1,0,0,0,0,1,1,0,0,0,1,1,0,3,0,0,0,0,0,2,0,0,0,0,0,0,0,0,0,0,0,0,0,0,4,0,40.0958,-74.9912, , 
18781,219608,2016068263,6,67,67301,2016,6,2,445,4,5,1,0,5,6, , ,N,0,0,0,3,0,0,1,4,N,N,39 55:39.838,75 13:53.035,500, ,452, ,0, , , ,0, , , , , , , , , ,4,2,0,0,0,0,2,0,0,0,0,0,0,0,0,0,0,0,0,0,0,0,0,1,0,0,0,0,0,0,0,0,0,0,0,0,0,39.9277,-75.2314, , 
18782,219620,2016124485,6,67,67301,2016,10,2,1554,15,1,1,0,1,1, , ,N,0,0,0,3,0,0,3,2,N,N,39 55:37.341,75 11:42.758,1604, ,1554,2,1,3, , ,0,N, , , , , , , , ,2,0,0,0,0,0,1,1,0,0,0,0,0,0,0,0,0,1,0,0,1,0,0,0,0,0,0,0,0,0,0,0,0,0,0,0,0,39.927,-75.1952, , 
18783,219624,2016127798,6,67,67301,2016,11,4,924,9,1,1,0,8,1, , ,N,0,0,0,3,0,1,2,2,N, ,40 01:26.754,75 04:36.618,934, ,933,3,2,7, , ,0,Y, , , , , , , , ,1,0,0,0,0,0,0,1,0,1,0,0,1,0,0,0,0,0,0,0,0,0,0,0,0,0,0,0,0,0,0,0,1,0,1,2,0,40.0241,-75.0768, , 
18784,219626,2016119645,6,67,67301,2016,10,7,240,2,3,2,1,7,4, , ,N,0,0,0,3,0,0,1,1,N,N,39 57:22.145,75 09:04.966,240, ,240, ,0, ,N, ,0, , , , , , , , , ,1,1,0,0,0,0,0,0,0,0,0,0,0,0,0,0,0,0,0,0,0,0,0,0,0,0,0,0,0,0,0,0,0,0,0,0,0,39.9562,-75.1514, , 
18785,219630,2016126018,6,67,67301,2016,11,5,1720,17,3,1,0,4,1, , ,N,1,3,0,3,0,1,2,2,N, ,39 55:37.030,75 09:37.792,1755, ,1745, ,0, , , ,3, , , , , , , , , ,1,0,0,0,0,0,0,0,1,0,0,1,1,0,0,0,0,0,0,0,0,0,0,0,0,0,0,0,0,0,0,0,0,0,0,4,0,39.927,-75.1605, , 
18786,219631,2016132151,6,67,67301,2016,11,6,1119,11,1,1,0,4,1, , ,N,1,2,0,3,0,2,3,2,N,N,40 06:46.663,75 01:22.836,1123, ,1121,1,1,2,N, ,3,N, , , , , , , , ,2,1,0,0,0,0,1,0,0,0,0,1,2,1,0,0,0,0,0,0,0,1,0,0,0,0,0,0,0,0,0,0,0,0,0,4,0,40.113,-75.023, , 
18787,219651,2017005411,6,67,67301,2016,12,7,449,4,3,4,3,7,4, , ,N,0,0,0,3,0,1,1,1,N,N,39 53:52.834,75 11:01.632,502, ,449, ,0, , , ,0, , , , , , , , , ,1,1,0,0,0,0,0,0,0,0,1,0,1,0,0,0,0,0,0,0,0,0,0,0,0,0,0,0,0,0,0,0,0,0,0,3,0,39.898,-75.1838, , 
18788,219652,2017007860,6,67,67301,2016,12,4,1856,18,3,1,0,8,1, , ,N,1,3,0,3,0,1,2,2,N,N,39 55:24.960,75 10:59.865,1858, ,1856, ,0, ,N, ,3, , , , , , , , , ,1,1,0,0,0,0,0,0,0,0,0,1,1,0,0,0,0,0,0,0,0,0,0,0,0,0,0,0,0,0,0,0,1,0,0,4,0,39.9236,-75.1833, , 
18789,219682,2016080914,6,67,67301,2016,6,4,1440,14,1,1,0,4,1, , ,N,1,3,0,3,0,3,4,2,N,N,39 58:38.164,75 08:48.739,1500, ,1450, ,0, ,N, ,3, , , , , , , , , ,2,2,0,0,0,0,0,0,0,0,1,1,3,1,1,0,0,0,0,0,0,0,0,0,0,0,0,0,0,0,0,0,0,0,0,3,0,39.9773,-75.1469, , 
18790,219689,2016087478,6,67,67301,2016,8,4,1006,10,1,1,0,1,1, , ,N,0,0,0,3,0,2,5,2,N,N,39 57:27.931,75 09:39.600,1024, ,1008, ,0, , , ,0, , , , , , , , , ,2,0,0,0,0,0,2,0,0,0,0,0,2,2,0,0,0,0,0,0,0,0,0,0,0,0,0,0,0,0,0,0,0,0,0,8,0,39.9578,-75.161, , 
18791,219707,2016079824,6,67,67301,2016,7,4,1608,16,1,1,0,7,2, , ,N,0,0,0,3,0,1,1,1,N,N,40 02:15.216,75 00:45.415,1620, ,1610, ,0, , , ,0, , , , , , , , , ,1,0,0,0,0,0,0,1,0,0,0,0,1,1,0,0,0,0,0,0,0,0,0,0,0,0,0,0,0,0,0,0,0,0,0,8,0,40.0376,-75.0126, , 
18792,219708,2016080215,6,67,67301,2016,7,2,1024,10,1,1,0,5,1, , ,N,0,0,0,3,0,1,6,2,N, ,39 55:12.044,75 12:46.122,1046, ,1030, ,0, , , ,0, , , , , , , , , ,2,1,0,0,0,0,0,1,0,0,1,0,1,0,0,0,0,0,0,0,0,0,1,0,0,0,0,0,0,0,0,0,0,0,0,3,0,39.92,-75.2128, , 
18793,219709,2016080492,6,67,67301,2016,6,2,1056,10,1,1,0,4,1, , ,N,1,3,0,3,0,0,2,2,N,N,40 02:47.054,75 04:34.337,1308, ,1306, ,0, ,N, ,3, , , , , , , , , ,2,0,0,0,1,0,0,1,0,0,0,0,0,0,0,0,0,0,0,0,1,0,0,0,0,0,0,0,0,0,0,0,0,0,0,0,0,40.0464,-75.0762, , 
18794,219712,2016080537,6,67,67301,2016,6,2,157,1,3,1,0,1,1, , ,N,1,2,0,3,0,0,4,3,N,N,40 02:58.479,75 05:44.227,216, ,215,1,2,6,N, ,3,N, , , , , , , , ,3,2,0,0,0,0,1,0,0,0,0,0,0,0,0,0,0,0,0,0,1,0,0,0,0,0,0,0,0,0,0,0,0,0,0,0,0,40.0496,-75.0956, , 
18795,219721,2016084630,6,67,67301,2016,7,1,2245,22,3,1,0,4,1, , ,N,1,2,0,3,0,3,4,2,N,N,40 00:30.707,75 12:38.635,108, ,57, ,0, ,N, ,3, , , , , , , , , ,2,1,0,0,0,0,0,1,0,0,0,1,3,2,0,0,0,0,0,0,0,0,0,1,0,0,0,0,0,0,0,0,0,0,0,4,0,40.0085,-75.2107, , 
18796,219722,2016080822,6,67,67301,2016,7,2,9999,99,1,2,1,4,1, , ,N,0,0,7,3,0,3,4,2,N,N,39 56:43.991,75 14:23.401,1656, ,1633, ,0, ,N, ,0, , , , , , , , , ,2,1,0,0,0,0,0,1,0,0,0,3,3,0,0,0,0,0,0,0,1,0,0,0,0,0,0,0,0,0,0,0,0,0,0,4,0,39.9456,-75.2398, , 
18797,219775,2016138208,6,67,67301,2016,12,1,118,1,3,1,0,4,1, , ,N,1,2,0,3,0,1,2,2,N,N,40 01:34.998,75 07:01.744,125, ,118,2,1,1,N, ,3,N, , , , , , , , ,2,2,0,0,0,0,0,0,0,0,0,1,1,0,0,0,0,0,0,0,0,0,0,0,0,0,0,0,0,0,0,0,0,0,0,4,0,40.0264,-75.1172, , 
18798,225508,2016080447,6,67,67301,2016,7,3,1603,16,1,1,0,4,1, , ,N,0,0,7,3,0,1,2,2,N,N,39 54:54.259,75 08:30.674,1730, ,1730, ,0, ,N, ,0, , , , , , , , , ,2,0,1,0,0,1,0,0,0,0,0,0,1,1,0,0,0,0,0,0,0,0,0,0,0,0,0,0,0,0,0,0,0,0,0,8,1,39.9151,-75.1419, , 
18799,225509,2016080516,6,67,67301,2016,7,6,2035,20,3,1,0,7,4, , ,N,0,0,0,3,0,1,1,1,N, ,40 02:01.245,75 01:26.779,2043, ,2037,9,2,6, , ,0,Y, , , , , , , , ,1,0,0,0,1,0,0,0,0,0,0,1,1,0,0,0,0,0,0,0,0,0,0,1,0,0,0,0,0,0,0,0,0,0,0,4,0,40.0337,-75.0241, , 
18800,225516,2016087160,6,67,67301,2016,7,1,145,1,3,1,0,4,1, , ,N,1,2,0,3,0,0,2,2,N, ,39 59:17.890,75 15:14.288,150, ,150, ,0, , , ,3, , , , , , , , , ,2,2,0,0,0,0,0,0,0,0,0,0,0,0,1,0,0,0,1,0,0,0,0,0,0,0,0,0,0,0,0,0,0,0,0,9,0,39.9883,-75.254, , 
18801,225565,2016129326,6,67,67301,2016,11,7,1750,17,4,1,0,8,1, , ,N,2,3,0,3,0,1,2,2,N, ,39 56:54.603,75 10:01.185,1810, ,1752, ,0, , , ,3, , , , , , , , , ,1,1,0,0,0,0,0,0,0,0,0,1,1,0,0,0,0,0,0,0,0,0,0,0,0,0,0,0,0,0,0,0,1,0,0,4,0,39.9485,-75.167, , 
18802,225568,2017003710,6,67,67301,2016,12,6,1700,17,4,1,0,1,1, , ,N,1,2,0,3,0,1,4,2,N, ,40 01:28.513,75 07:23.473,1740, ,1730, ,0, , , ,3, , , , , , , , , ,2,2,0,0,0,0,0,0,0,0,0,1,1,0,0,0,1,0,0,0,0,0,0,0,0,0,0,0,0,0,0,0,0,0,0,4,0,40.0246,-75.1232, , 
18803,225572,2017000003,6,23,23111,2016,12,7,2300,23,3,1,0,7,3, , ,N,0,0,0,3,0,1,1,1,N,N,39 57:45.816,75 14:51.227,2323, ,2323,1,1,3,Y, ,0,Y, , , , , , , , ,1,1,0,0,0,0,0,0,0,0,1,0,1,0,0,1,0,0,0,0,0,0,0,0,0,0,0,0,0,0,0,0,0,0,0,3,0,39.9627,-75.2476, , 
18804,225588,2016136308,6,67,67301,2016,12,3,2150,21,3,1,0,2,6, , ,N,0,0,0,3,0,0,2,3,N,N,40 00:16.567,75 09:04.655,2155, ,2150, ,0, ,N, ,0, , , , , , , , , ,3,2,0,0,0,0,1,0,0,0,0,0,0,0,0,0,0,0,0,1,0,0,0,0,0,0,0,0,0,0,0,0,0,0,0,0,0,40.0046,-75.1513, , 
18805,225609,2016106312,6,67,67301,2016,9,7,810,8,3,1,0,2,1, , ,N,1,0,0,3,0,1,2,2,N,N,40 00:44.384,75 08:19.139,817, ,916, ,0, ,N, ,0, , , , , , , , , ,1,1,0,0,0,0,0,0,1,0,0,1,1,0,0,0,0,0,0,0,1,0,0,0,0,0,0,0,0,0,0,0,0,0,0,4,0,40.0123,-75.1386, , 
18806,225653,2016092105,6,67,67301,2016,8,1,1900,19,1,1,0,0,1, , ,N,2,0,0,3,0,1,1,1,N, ,39 59:57.577,75 09:07.531,1900, ,1900, ,0, , , ,0, , , , , , , , , ,1,0,1,0,0,0,0,0,0,0,1,0,1,0,0,0,0,0,0,0,1,0,0,0,0,0,0,0,0,0,0,0,0,0,0,3,0,39.9993,-75.1521, , 
18807,225660,2016097620,6,67,67301,2016,9,4,2130,21,3,1,0,4,1, , ,N,1,2,0,3,0,0,2,2,N,N,40 04:50.725,75 01:42.964,2145, ,2135,2,2,1,N, ,3,Y, , , , , , , , ,2,2,0,0,0,0,0,0,0,0,0,0,0,0,0,0,0,0,0,0,1,0,0,0,0,0,0,0,0,0,0,0,0,0,0,0,0,40.0808,-75.0286, , 
18808,225666,2016115147,6,67,67301,2016,10,7,1913,19,3,2,1,1,1, , ,N,0,2,0,3,0,1,5,3,N,N,40 05:37.563,75 01:52.350,1950, ,1942,1,1,2,N, ,3,N, , , , , , , , ,3,1,0,0,0,0,1,1,0,0,0,0,1,1,0,0,0,0,0,0,0,0,1,1,0,0,0,0,0,0,0,0,0,0,0,8,0,40.0938,-75.0312, , 
18809,225677,2016125109,6,67,67301,2016,11,7,1631,16,4,1,0,1,1, , ,N,0,8,0,3,0,1,5,2,N,N,39 56:42.282,75 11:26.895,1631, ,1631,1,1,4, , ,3,N, , , , , , , , ,2,2,0,0,0,0,0,0,0,0,0,0,1,1,0,0,0,0,0,1,0,0,0,0,0,0,0,0,0,0,0,0,0,0,0,8,0,39.9451,-75.1908, , 
18810,225686,2016105663,6,67,67301,2016,9,4,1550,15,1,1,0,4,1, , ,N,0,0,0,3,0,2,4,2,N,N,40 00:29.677,75 04:16.767,1605, ,1557, ,0, ,N, ,0, , , , , , , , , ,2,2,0,0,0,0,0,0,0,0,0,0,2,2,2,0,0,0,0,0,0,0,0,1,0,0,0,0,0,0,0,0,0,0,0,8,0,40.0082,-75.0713, , 
18811,225723,2016117709,6,67,67301,2016,10,7,245,2,3,2,1,4,1, , ,N,2,2,0,3,0,2,3,2,N,N,39 53:30.990,75 14:30.862,250, ,247,3,1,3,N, ,3,Y, , , , , , , , ,2,0,0,1,0,0,1,0,0,0,0,1,2,1,0,0,0,0,0,0,1,0,0,0,0,0,0,0,0,0,0,0,0,0,0,4,1,39.8919,-75.2419, , 
18812,225729,2016112116,6,67,67301,2016,10,7,1550,15,8,2,1,4,1, , ,N,1,3,0,3,0,1,4,2,N,N,40 01:43.906,75 05:09.211,1605, ,1558, ,0, ,N, ,3, , , , , , , , , ,2,2,0,0,0,0,0,0,0,0,0,1,1,0,0,0,0,0,0,0,0,0,0,0,0,0,0,0,0,0,0,0,0,0,0,4,0,40.0289,-75.0859, , 
18813,225734,2016118285,6,67,67301,2016,11,7,45,0,3,1,0,4,1, , ,N,1,3,0,3,0,0,2,2,N,N,39 58:51.430,75 09:47.354,100, ,100, ,0, ,N, ,3, , , , , , , , , ,2,2,0,0,0,0,0,0,0,0,0,0,0,0,0,0,0,0,0,1,0,0,0,0,0,0,0,0,0,0,0,0,0,0,0,0,0,39.981,-75.1632, , 
18814,225750,2016087669,6,67,67301,2016,8,3,1045,10,1,1,0,1,1, , ,N,2,0,0,3,0,1,2,2,N,N,39 55:20.002,75 09:10.808,1100, ,1050, ,0, ,N, ,0, , , , , , , , , ,2,1,0,0,1,0,0,0,0,0,0,1,1,0,0,0,0,0,0,0,1,0,0,0,0,0,0,0,0,0,0,0,0,0,0,4,0,39.9222,-75.153, , 
18815,225793,2016138191,6,67,67301,2016,12,5,2118,21,3,1,0,4,1, , ,N,2,0,7,3,0,0,2,2,N,N,40 02:30.661,75 12:02.881,2130, ,2118, ,0, , , ,0, , , , , , , , , ,2,1,0,0,0,0,1,0,0,0,0,0,0,0,0,0,0,0,0,0,1,0,0,0,0,0,0,0,0,0,0,0,0,0,0,0,0,40.0419,-75.2008, , 
18816,222685,2017007918,6,67,67301,2016,12,5,37,0,3,4,1,4,1, , ,N,1,2,0,3,0,0,2,2,N,N,39 57:33.197,75 13:52.115,108, ,100, ,0, , , ,3, , , , , , , , , ,2,2,0,0,0,0,0,0,0,0,0,0,0,0,0,0,0,0,0,0,0,0,0,0,0,0,0,0,0,0,0,0,0,0,0,0,0,39.9592,-75.2311, , 
18817,222689,2016092172,6,67,67301,2016,8,5,100,1,3,1,0,6,6, , ,N,0,0,0,3,0,0,1,5,N,N,39 59:42.100,75 06:43.709,110, ,108, ,0, ,N, ,0, , , , , , , , , ,5,3,0,0,0,0,2,0,0,0,0,0,0,0,0,0,0,0,0,0,0,0,0,0,0,0,0,0,0,0,0,0,0,0,0,0,0,39.995,-75.1121, , 