objectid_1,objectid,crn,district,county,municipality,crash_year,crash_month,day_of_week,time_of_day,hour_of_day,illumination,weather,road_condition,collision_type,relation_to_road,work_zone_type,work_zone_loc,work_zone_ind,intersect_type,tcd_type,location_type,urban_rural,fatal_count,injury_count,person_count,total_units,sch_bus_ind,sch_zone_ind,latitude,longitude,arrival_tm,cons_zone_spd_lim,dispatch_tm,est_hrs_closed,lane_closed,ln_close_dir,ntfy_hiwy_maint,spec_juris_cd,tcd_func_cd,tfc_detour_ind,workers_pres,wz_close_detour,wz_flagger,wz_law_offcr_ind,wz_ln_closure,wz_moving,wz_other,wz_shlder_mdn,vehicle_count,automobile_count,motorcycle_count,bus_count,small_truck_count,heavy_truck_count,suv_count,van_count,bicycle_count,maj_inj_count,mod_inj_count,min_inj_count,tot_inj_count,unk_inj_deg_count,unk_inj_per_count,driver_count_16yr,driver_count_17yr,driver_count_18yr,driver_count_19yr,driver_count_20yr,driver_count_50_64yr,driver_count_65_74yr,driver_count_75plus,unbelted_occ_count,unb_death_count,unb_maj_inj_count,belted_death_count,belted_maj_inj_count,mcycle_death_count,mcycle_maj_inj_count,bicycle_death_count,bicycle_maj_inj_count,ped_count,ped_death_count,ped_maj_inj_count,max_severity_level,comm_veh_count,dec_lat,dec_long,rdwy_surf_type_cd,county_name
18818,222698,2016058627,6,67,67301,2016,5,7,820,8,1,1,0,5,1, , ,N,2,0,0,3,0,0,2,3,N,N,39 55:52.460,75 10:27.148,840, ,838, ,0, , , ,0, , , , , , , , , ,3,3,0,0,0,0,0,0,0,0,0,0,0,0,0,0,0,0,1,0,0,0,0,0,0,0,0,0,0,0,0,0,0,0,0,0,0,39.9312,-75.1742, , 
18819,222721,2016081411,6,67,67301,2016,7,1,2240,22,3,1,0,1,1, , ,N,1,2,0,3,0,2,6,2,N,N,39 55:23.878,75 09:40.753,2255, ,2250, ,0, ,N, ,3, , , , , , , , , ,2,1,0,0,0,0,1,0,0,0,0,0,2,2,0,0,0,0,0,0,1,0,0,0,0,0,0,0,0,0,0,0,0,0,0,8,0,39.9233,-75.1612, , 
18820,222734,2016065940,6,67,67301,2016,6,1,1845,18,1,1,0,1,1, , ,N,0,0,3,3,0,1,9,4,N,N,39 57:16.693,75 08:38.179,1850, ,1845,3,1,4,N, ,0,N, , , , , , , , ,4,1,0,0,0,0,1,2,0,0,0,1,1,0,0,0,0,0,0,0,1,0,0,0,0,0,0,0,0,0,0,0,0,0,0,4,0,39.9546,-75.1439, , 
18821,222740,2016080387,6,67,67301,2016,7,6,850,8,1,1,0,4,1, , ,N,2,2,0,3,0,1,4,2,N,N,39 56:24.382,75 12:02.446,858, ,855, ,0, ,N, ,3, , , , , , , , , ,2,1,1,0,0,0,0,0,0,0,0,1,1,0,3,0,0,0,0,0,0,0,0,0,0,0,0,0,0,0,0,0,0,0,0,4,0,39.9401,-75.2007, , 
18822,222741,2016080407,6,67,67301,2016,7,5,2116,21,3,1,0,4,1, , ,N,1,3,0,3,0,2,4,2,N, ,39 59:31.513,75 10:35.482,2116, ,2116, ,0, , , ,3, , , , , , , , , ,1,0,0,0,0,0,0,1,1,0,0,0,2,2,0,0,0,0,0,0,0,0,0,0,0,0,0,0,0,0,0,0,0,0,0,8,0,39.9921,-75.1765, , 
18823,222749,2016135801,6,67,67301,2016,11,3,1700,17,3,2,1,1,1, , ,N,1,2,0,3,0,1,2,2,N, ,40 01:23.655,75 08:11.842,1714, ,1711,1,1,2, , ,3,N, , , , , , , , ,2,2,0,0,0,0,0,0,0,0,0,0,1,1,0,0,0,0,0,0,1,0,0,2,0,0,0,0,0,0,0,0,0,0,0,8,0,40.0232,-75.1366, , 
18824,222750,2016129529,6,67,67301,2016,11,1,1418,14,1,1,0,4,1, , ,N,1,3,0,3,0,1,3,2,N,N,40 02:27.956,75 08:31.268,1430, ,1422, ,0, ,N, ,3, , , , , , , , , ,2,2,0,0,0,0,0,0,0,0,0,1,1,0,0,0,0,0,0,0,0,1,1,2,0,0,0,0,0,0,0,0,0,0,0,4,0,40.0411,-75.142, , 
18825,222765,2017007849,6,67,67301,2016,12,7,1104,11,1,1,0,8,1, , ,N,0,3,0,3,0,1,2,2,N,N,39 58:47.750,75 10:47.660,1112, ,1111, ,0, ,N, ,3, , , , , , , , , ,1,0,0,0,1,0,0,0,0,0,0,0,1,1,0,0,0,0,0,0,1,0,0,0,0,0,0,0,0,0,0,0,1,0,0,8,0,39.9799,-75.1799, , 
18826,222768,2016097767,6,67,67301,2016,9,6,1412,14,1,1,0,1,1, , ,N,0,0,0,3,0,1,3,3,N,N,39 58:38.359,75 11:54.740,1430, ,1424,2,1,5,N, ,0,N, , , , , , , , ,3,3,0,0,0,0,0,0,0,0,0,0,1,1,0,0,0,0,0,0,0,1,0,0,0,0,0,0,0,0,0,0,0,0,0,8,0,39.9773,-75.1985, , 
18827,222772,2016112079,6,67,67301,2016,10,6,752,7,1,1,0,4,1, , ,N,2,2,7,3,0,2,3,2,N,N,40 00:14.371,75 12:51.803,810, ,808,3,1,1,N, ,3,N, , , , , , , , ,2,1,0,0,0,0,1,0,0,0,0,0,2,2,0,0,0,0,0,0,0,0,0,0,0,0,0,0,0,0,0,0,0,0,0,8,0,40.004,-75.2144, , 
18828,222776,2016117150,6,67,67301,2016,10,1,930,9,1,1,0,4,1, , ,N,1,3,0,3,0,0,3,2,N,N,39 55:44.346,75 09:13.013,935, ,933, ,0, ,N, ,3, , , , , , , , , ,2,2,0,0,0,0,0,0,0,0,0,0,0,0,0,0,0,0,0,0,1,0,0,0,0,0,0,0,0,0,0,0,0,0,0,0,0,39.929,-75.1536, , 
18829,222781,2016126194,6,67,67301,2016,11,1,1105,11,1,1,0,4,1, , ,N,1,2,0,3,0,1,2,2,N,N,39 54:07.750,75 14:49.138,1148, ,1126,2,1,5,N, ,3,N, , , , , , , , ,2,1,0,0,0,0,1,0,0,0,0,0,1,1,1,0,0,0,0,0,0,0,0,0,0,0,0,0,0,0,0,0,0,0,0,8,0,39.9022,-75.247, , 
18830,222784,2016132203,6,67,67301,2016,11,7,2300,23,3,1,0,4,1, , ,N,1,3,0,3,0,1,3,2,N, ,39 59:11.933,75 08:47.141,1416, ,1233, ,0, , , ,3, , , , , , , , , ,2,2,0,0,0,0,0,0,0,0,0,1,1,0,0,0,0,0,0,0,1,0,0,1,0,0,0,0,0,0,0,0,0,0,0,4,0,39.9866,-75.1464, , 
18831,222798,2016080484,6,67,67301,2016,6,5,1352,13,1,1,0,8,1, , ,N,1,2,0,3,0,1,2,2,N,N,39 56:50.600,75 10:04.875,1405, ,1353, ,0, ,N, ,3, , , , , , , , , ,1,1,0,0,0,0,0,0,0,0,0,0,1,1,0,0,0,0,0,0,0,0,0,1,0,0,0,0,0,0,0,0,1,0,0,8,0,39.9474,-75.168, , 
18832,222802,2016082280,6,67,67301,2016,7,2,1045,10,1,2,7,1,6, , ,N,0,0,0,3,0,0,3,3,N,N,39 59:07.440,75 12:21.207,1055, ,1050, ,0, , , ,0, , , , , , , , , ,3,1,0,0,0,0,1,1,0,0,0,0,0,0,0,0,0,0,0,0,0,0,0,0,0,0,0,0,0,0,0,0,0,0,0,0,0,39.9854,-75.2059, , 
18833,222826,2016054164,6,67,67301,2016,5,7,1658,16,1,1,0,4,1, , ,N,1,2,0,3,0,2,3,2,N,N,40 01:31.774,75 07:31.582,1710, ,1657,9,1,2,N, ,3,N, , , , , , , , ,2,1,0,0,1,0,0,0,0,0,0,0,2,2,1,0,0,0,0,0,1,0,0,0,0,0,0,0,0,0,0,0,0,0,0,8,0,40.0255,-75.1254, , 
18834,216811,2016061748,6,67,67301,2016,6,5,408,4,3,1,0,7,4, , ,N,0,0,0,3,0,2,2,1,N,N,40 00:43.603,75 03:34.656,427, ,418, ,0, , , ,0, , , , , , , , , ,1,0,0,0,0,0,1,0,0,0,0,0,2,2,0,0,0,0,0,0,0,0,0,0,0,0,0,0,0,0,0,0,0,0,0,8,0,40.0121,-75.0596, , 
18835,216829,2016087169,6,67,67301,2016,8,5,2046,20,3,1,0,8,1, , ,N,2,0,0,3,0,3,4,4,N, ,40 02:35.911,75 06:13.350,2050, ,2046,3,2,1, , ,0,Y, , , , , , , , ,1,1,0,0,0,0,0,0,0,0,0,1,3,2,1,0,0,0,0,0,0,0,0,0,0,0,0,0,0,0,0,0,3,0,0,4,0,40.0433,-75.1037, , 
18836,216836,2016097713,6,67,67301,2016,8,6,2230,22,3,1,0,6,6, , ,N,0,0,0,3,0,0,2,3,N,N,39 57:06.829,75 13:14.059,2329, ,2230, ,0, ,N, ,0, , , , , , , , , ,3,1,0,0,1,0,0,1,0,0,0,0,0,0,1,0,0,0,0,0,1,0,0,2,0,0,0,0,0,0,0,0,0,0,0,9,0,39.9519,-75.2206, , 
18837,216837,2016092129,6,67,67301,2016,8,6,644,6,1,1,0,7,1, , ,N,0,0,0,3,0,0,1,1,N, ,39 58:29.803,75 12:45.787,650, ,645, ,0, , , ,0, , , , , , , , , ,1,1,0,0,0,0,0,0,0,0,0,0,0,0,0,0,0,0,0,0,0,0,0,1,0,0,0,0,0,0,0,0,0,0,0,0,0,39.9749,-75.2127, , 
18838,216840,2016091631,6,67,67301,2016,8,6,737,7,1,1,0,8,1, , ,N,1,2,0,3,0,1,2,2,N, ,40 00:09.705,75 10:27.076,750, ,745, ,0, , , ,3, , , , , , , , , ,1,1,0,0,0,0,0,0,0,0,0,1,1,0,0,0,0,0,0,0,0,0,0,0,0,0,0,0,0,0,0,0,1,0,0,4,0,40.0027,-75.1742, , 
18839,216883,2016129320,6,67,67301,2016,11,6,2055,20,3,1,0,1,1, , ,N,1,2,0,3,0,1,2,2,N, ,39 55:15.688,75 13:44.130,2105, ,2055, ,0, , , ,3, , , , , , , , , ,2,2,0,0,0,0,0,0,0,0,0,1,1,0,0,0,0,0,0,0,0,0,0,0,0,0,0,0,0,0,0,0,0,0,0,4,0,39.921,-75.2289, , 
18840,216892,2017003608,6,67,67301,2016,12,1,935,9,1,1,0,5,1, , ,N,5,2,0,3,0,0,4,3,N,N,40 02:03.671,75 04:29.368,940, ,936, ,0, ,N, ,3, , , , , , , , , ,3,2,0,0,1,0,0,0,0,0,0,0,0,0,0,0,0,0,0,0,2,0,0,0,0,0,0,0,0,0,0,0,0,0,0,0,0,40.0344,-75.0748, , 
18841,216893,2016112182,6,67,67301,2016,10,7,1602,16,1,1,0,1,1, , ,N,0,0,0,3,0,0,2,2,N,N,40 00:43.149,75 06:40.401,1612, ,1611, ,0, ,N, ,0, , , , , , , , , ,2,1,0,0,0,0,1,0,0,0,0,0,0,0,0,0,0,0,0,0,0,0,0,0,0,0,0,0,0,0,0,0,0,0,0,0,0,40.012,-75.1112, , 
18842,216906,2016138179,6,67,67301,2016,12,2,751,7,1,2,1,4,1, , ,N,2,3,0,3,0,2,2,2,N,N,40 04:03.741,75 09:55.126,800, ,753,9,1,3,N, ,3,N, , , , , , , , ,2,2,0,0,0,0,0,0,0,0,0,0,2,2,0,0,0,1,0,0,0,1,0,0,0,0,0,0,0,0,0,0,0,0,0,8,0,40.0677,-75.1653, , 
18843,216923,2016120641,6,67,67301,2016,11,4,1905,19,4,1,0,5,1, , ,N,0,2,0,3,0,1,2,2,N,N,39 55:17.500,75 11:23.700,1915, ,1910,2,1,4,N, ,3,N, , , , , , , , ,2,0,1,0,0,0,1,0,0,0,1,0,1,0,0,0,0,0,1,0,0,1,0,1,0,0,0,0,0,0,0,0,0,0,0,3,0,39.9215,-75.1899, , 
18844,216926,2016117792,6,67,67301,2016,10,3,1755,17,1,1,0,4,1, , ,N,1,3,0,3,0,1,2,4,N,N,40 00:42.501,75 06:35.945,1802, ,1802, ,0, ,N, ,3, , , , , , , , , ,4,2,0,0,1,0,0,1,0,0,0,1,1,0,0,0,0,0,0,0,0,0,0,0,0,0,0,0,0,0,0,0,0,0,0,4,0,40.0118,-75.11, , 
18845,216950,2016135738,6,67,67301,2016,12,7,745,7,3,1,0,4,1, , ,N,1,3,0,3,0,0,2,2,N,N,39 58:56.193,75 07:23.584,751, ,745, ,0, ,N, ,3, , , , , , , , , ,2,2,0,0,0,0,0,0,0,0,0,0,0,0,0,0,0,0,1,0,1,0,0,0,0,0,0,0,0,0,0,0,0,0,0,0,0,39.9823,-75.1232, , 
18846,216960,2016125048,6,67,67301,2016,11,1,1053,10,1,1,0,1,1, , ,N,0,0,0,3,0,0,5,3,N,N,39 53:55.896,75 10:08.285,1059, ,1053, ,0, , , ,0, , , , , , , , , ,3,2,0,0,0,0,1,0,0,0,0,0,0,0,1,0,0,0,0,0,2,0,0,0,0,0,0,0,0,0,0,0,0,0,0,9,0,39.8989,-75.169, , 
18847,216965,2017003690,6,67,67301,2016,12,2,735,7,1,1,0,4,1, , ,N,1,2,0,3,0,1,2,2,N,N,40 03:13.667,75 13:52.026,753, ,746, ,0, ,N, ,3, , , , , , , , , ,2,0,0,0,0,0,2,0,0,0,0,0,1,1,0,0,0,0,0,0,0,1,0,1,0,0,0,0,0,0,0,0,0,0,0,8,0,40.0541,-75.2315, , 
18848,216968,2017002171,6,67,67301,2016,12,6,1612,16,1,2,1,7,2, , ,N,0,0,0,3,0,0,1,1,N,N,40 02:24.409,75 00:22.933,1535, ,1521, ,0, , , ,0, , , , , , , , , ,1,1,0,0,0,0,0,0,0,0,0,0,0,0,0,0,0,0,0,0,0,0,0,0,0,0,0,0,0,0,0,0,0,0,0,0,0,40.0401,-75.0064, , 
18849,216995,2017016421,6,67,67301,2016,3,7,2100,21,1,1,0,1,1, , ,N,5,2,0,3,0,2,3,2,N,N,40 01:21.651,75 08:53.543,0, ,0, ,0, ,N, ,3, , , , , , , , , ,2,1,0,0,0,0,0,0,0,0,0,0,2,2,0,0,0,0,0,0,0,0,0,0,0,0,0,0,0,0,0,0,0,0,0,8,0,40.0227,-75.1482, , 
18850,216997,2017023126,6,67,67301,2016,11,2,1350,13,1,1,0,1,1, , ,N,3,2,2,3,0,2,3,3,N,N,39 52:53.175,75 15:12.424,0, ,0, ,0, ,N, ,3, , , , , , , , , ,3,2,0,0,1,0,0,0,0,0,0,0,2,2,0,0,0,0,0,0,1,0,0,1,0,0,0,0,0,0,0,0,0,0,0,8,0,39.8814,-75.2535, , 
18851,217007,2016097192,6,67,67301,2016,8,2,1725,17,1,1,0,4,1, , ,N,1,3,0,3,0,0,2,2,N,N,40 03:57.816,75 03:37.447,1735, ,1728, ,0, , , ,3, , , , , , , , , ,2,2,0,0,0,0,0,0,0,0,0,0,0,0,0,0,0,0,0,0,1,0,0,0,0,0,0,0,0,0,0,0,0,0,0,0,0,40.0661,-75.0604, , 
18852,219789,2016070652,6,67,67301,2016,6,7,1202,12,1,1,0,4,1, , ,N,5,2,2,3,0,0,2,2,N, ,39 57:27.542,75 09:44.544,1206, ,1204, ,0, , , ,3, , , , , , , , , ,2,1,0,0,0,0,1,0,0,0,0,0,0,0,0,0,0,0,0,0,0,0,0,0,0,0,0,0,0,0,0,0,0,0,0,0,0,39.9577,-75.1624, , 
18853,219815,2016129477,6,67,67301,2016,11,5,1145,11,1,1,0,4,1, , ,N,1,2,0,3,0,0,2,2,N,N,40 02:25.798,75 03:31.964,1150, ,1150,1,1,3,N, ,3,N, , , , , , , , ,2,2,0,0,0,0,0,0,0,0,0,0,0,0,0,0,0,0,0,0,0,0,0,0,0,0,0,0,0,0,0,0,0,0,0,0,0,40.0405,-75.0589, , 
18854,219821,2016132182,6,67,67301,2016,11,7,1650,16,3,1,0,1,1, , ,N,0,0,0,3,0,2,4,2,N,N,40 06:29.878,75 02:27.811,1710, ,1654,2,1,3, , ,0,N, , , , , , , , ,2,2,0,0,0,0,0,0,0,0,0,0,2,2,0,0,0,0,0,0,0,0,0,0,0,0,0,0,0,0,0,0,0,0,0,8,0,40.1083,-75.0411, , 
18855,219852,2016117171,6,67,67301,2016,10,7,1242,12,1,1,0,1,1, , ,N,2,2,0,3,0,2,7,2,N,N,40 01:38.505,75 05:56.834,1247, ,1243, ,0, ,N, ,3, , , , , , , , , ,2,1,0,0,0,0,1,0,0,0,2,0,2,0,3,0,0,0,0,0,1,0,0,1,0,0,0,0,0,0,0,0,0,0,0,3,0,40.0274,-75.0991, , 
18856,219854,2016117200,6,67,67301,2016,10,6,827,8,1,1,0,4,1, , ,N,2,3,0,3,0,0,3,3,N, ,39 57:33.984,75 11:55.262,835, ,829, ,0, , , ,3, , , , , , , , , ,3,0,0,0,0,0,3,0,0,0,0,0,0,0,0,0,0,0,0,0,2,0,0,0,0,0,0,0,0,0,0,0,0,0,0,0,0,39.9594,-75.1987, , 
18857,219872,2016080334,6,67,67301,2016,7,4,2229,22,3,1,0,5,6, , ,N,0,0,0,3,0,0,1,4,N, ,39 55:32.976,75 14:38.555,2232, ,2229, ,0, , , ,0, , , , , , , , , ,4,3,0,0,0,0,1,0,0,0,0,0,0,0,1,0,0,0,0,0,0,0,0,0,0,0,0,0,0,0,0,0,0,0,0,9,0,39.9258,-75.244, , 
18858,219873,2016080350,6,67,67301,2016,6,5,1900,19,1,1,0,4,1, , ,N,5,2,0,3,0,1,2,2,N, ,40 02:17.631,75 03:53.830,1910, ,1908, ,0, , , ,3, , , , , , , , , ,1,1,0,0,0,0,0,0,1,0,0,0,1,1,0,0,0,0,0,0,0,0,0,0,0,0,0,0,0,0,0,0,0,0,0,8,0,40.0382,-75.065, , 
18859,219874,2016080800,6,67,67301,2016,7,5,632,6,1,1,0,4,1, , ,N,2,3,7,3,0,1,2,2,N, ,40 02:05.704,75 14:05.819,637, ,632, ,0, , , ,3, , , , , , , , , ,2,2,0,0,0,0,0,0,0,0,0,1,1,0,0,0,0,0,0,0,1,0,0,0,0,0,0,0,0,0,0,0,0,0,0,4,0,40.0349,-75.2349, , 
18860,219895,2016105632,6,67,67301,2016,9,3,2300,23,3,1,0,2,6, , ,N,0,0,0,3,0,1,1,2,N,N,40 02:20.473,75 04:28.753,59, ,47, ,0, ,N, ,0, , , , , , , , , ,2,1,0,0,1,0,0,0,0,0,0,1,1,0,0,0,0,0,0,0,0,0,0,0,0,0,0,0,0,0,0,0,0,0,0,4,0,40.039,-75.0747, , 
18861,219904,2016052345,6,67,67301,2016,4,7,2324,23,3,1,0,4,1, , ,N,1,2,0,3,0,3,5,2,N,N,40 02:25.628,75 10:43.047,2324, ,2324,1,2,7,N, ,3,Y, , , , , , , , ,2,2,0,0,0,0,0,0,0,0,0,0,3,3,0,0,0,0,1,0,0,0,0,1,0,0,0,0,0,0,0,0,0,0,0,8,0,40.0406,-75.1787, , 
18862,219920,2016080613,6,67,67301,2016,6,4,1345,13,1,1,0,4,1, , ,N,1,3,0,3,0,0,3,2,N,N,40 03:49.744,75 08:50.931,1355, ,1350, ,0, ,N, ,3, , , , , , , , , ,2,2,0,0,0,0,0,0,0,0,0,0,0,0,0,0,0,0,0,0,0,1,0,0,0,0,0,0,0,0,0,0,0,0,0,0,0,40.0638,-75.1475, , 
18863,219921,2016081425,6,67,67301,2016,6,6,1330,13,1,9,8,4,1, , ,N,2,3,0,3,0,1,2,2,N, ,39 57:16.837,75 09:27.687,1603, ,1630, ,0, , , ,3, , , , , , , , , ,1,0,0,0,0,0,0,0,1,0,1,0,1,0,0,0,0,0,0,0,0,0,0,0,0,0,0,0,0,0,0,0,0,0,0,3,0,39.9547,-75.1577, , 
18864,219926,2016089945,6,67,67301,2016,3,6,1735,17,1,1,0,4,1, , ,N,0,0,0,3,0,1,2,2,N, ,39 56:20.185,75 12:55.582,1750, ,1749, ,0, , , ,0, , , , , , , , , ,1,1,0,0,0,0,0,0,1,0,0,0,1,1,0,0,0,0,0,0,0,0,0,1,0,0,0,0,0,0,0,0,0,0,0,8,0,39.9389,-75.2154, , 
18865,219940,2016060828,6,67,67301,2016,5,5,28,0,3,1,0,5,1, , ,N,0,0,0,3,0,0,2,2,N, ,40 00:31.460,75 04:06.304,28, ,28, ,0, , , ,0, , , , , , , , , ,2,1,0,0,0,1,0,0,0,0,0,0,0,0,0,0,0,0,0,0,1,0,0,0,0,0,0,0,0,0,0,0,0,0,0,0,1,40.0087,-75.0684, , 
18866,219948,2016069736,6,67,67301,2016,7,3,649,6,1,1,1,1,1, , ,N,0,0,0,3,0,1,8,2,N,N,39 59:38.236,75 05:04.473,714, ,649, ,0, , , ,0, , , , , , , , , ,2,0,0,0,1,0,1,0,0,0,1,0,1,0,0,0,0,0,0,0,1,0,0,0,0,0,0,0,0,0,0,0,0,0,0,3,0,39.994,-75.0846, , 
18867,219978,2017007754,6,67,67301,2016,12,7,1215,12,1,1,0,8,1, , ,N,0,0,0,3,0,1,1,2,N,N,40 02:19.250,75 01:58.510,1220, ,1220,1,1,3,N, ,0,Y, , , , , , , , ,1,0,0,0,0,0,0,1,0,0,0,1,1,0,0,0,0,0,0,0,0,0,0,0,0,0,0,0,0,0,0,0,1,0,0,4,0,40.0387,-75.0329, , 
18868,219985,2016071092,6,67,67301,2016,6,4,830,8,1,1,0,4,1, , ,N,1,3,0,3,0,3,4,2,N,N,39 55:22.612,75 10:41.645,839, ,834, ,0, ,N, ,3, , , , , , , , , ,2,1,0,0,0,0,1,0,0,0,0,3,3,0,0,0,0,0,0,0,1,0,0,4,0,0,0,0,0,0,0,0,0,0,0,4,0,39.9229,-75.1782, , 
18869,219996,2016080081,6,67,67301,2016,6,5,2135,21,3,2,1,4,1, , ,N,1,2,0,3,0,2,2,2,N,N,39 55:27.728,75 10:10.600,2155, ,2148,2,2,7,N, ,3,Y, , , , , , , , ,2,1,0,0,0,0,1,0,0,0,2,0,2,0,0,0,0,0,0,0,0,0,0,0,0,0,0,0,0,0,0,0,0,0,0,3,0,39.9244,-75.1696, , 
18870,225814,2016138314,6,46,46104,2016,12,7,1436,14,1,1,1,4,1, , ,N,2,0,0,3,0,1,5,4,N,N,39 58:45.241,75 16:16.616,1439, ,1436,1,1,2, , ,0,N, , , , , , , , ,3,2,0,0,1,0,0,0,0,0,0,1,1,0,0,0,0,0,0,0,0,1,0,0,0,0,0,0,0,0,0,0,0,0,0,4,0,39.9792,-75.2713, , 
18871,225821,2017016396,6,67,67301,2016,3,4,1200,12,1,1,0,4,1, , ,N,1,2,0,3,0,1,2,2,N,N,39 59:25.940,75 07:06.347,0, ,0, ,0, ,N, ,3, , , , , , , , , ,2,1,0,0,1,0,0,0,0,0,1,0,1,0,0,0,0,0,0,0,0,0,0,0,0,0,0,0,0,0,0,0,0,0,0,3,0,39.9905,-75.1184, , 
18872,225831,2017003559,6,67,67301,2016,12,4,1648,16,4,1,0,0,1, , ,N,0,0,0,3,0,3,4,1,N,N,39 58:56.880,75 11:37.398,1651, ,1651,3,2,6,N, ,0,Y, , , , , , , , ,1,0,0,0,0,0,1,0,0,0,0,1,3,2,0,0,0,0,0,0,0,0,0,2,0,0,0,0,0,0,0,0,0,0,0,4,0,39.9825,-75.1937, , 
18873,225833,2016129290,6,67,67301,2016,1,6,1649,16,1,1,0,1,1, , ,N,1,2,0,3,0,0,2,2,N, ,40 03:30.195,75 14:02.108,1219, ,1700, ,0, , , ,3, , , , , , , , , ,2,1,0,0,0,0,1,0,0,0,0,0,0,0,0,0,0,0,0,0,1,0,0,0,0,0,0,0,0,0,0,0,0,0,0,0,0,40.0584,-75.2339, , 
18874,225845,2016138254,6,67,67301,2016,12,1,645,6,5,1,0,7,4, , ,N,0,0,0,3,0,0,1,1,N, ,40 03:27.256,75 13:59.760,646, ,645, ,0, , , ,0, , , , , , , , , ,1,1,0,0,0,0,0,0,0,0,0,0,0,0,1,0,0,0,0,0,0,0,0,0,0,0,0,0,0,0,0,0,0,0,0,9,0,40.0576,-75.2333, , 
18875,225861,2016138209,6,67,67301,2016,12,5,1631,16,1,1,0,1,1, , ,N,0,0,0,3,0,2,3,2,N,N,40 01:32.616,75 07:25.770,1652, ,1632,1,1,2,N, ,0,N, , , , , , , , ,2,2,0,0,0,0,0,0,0,0,0,2,2,0,0,0,0,0,0,1,0,0,0,0,0,0,0,0,0,0,0,0,0,0,0,4,0,40.0257,-75.1238, , 
18876,225864,2017007937,6,67,67301,2016,12,3,710,7,1,1,0,5,6, , ,N,0,0,0,3,0,0,1,4,N,N,39 57:36.243,75 14:16.866,722, ,719, ,0, ,N, ,0, , , , , , , , , ,4,3,0,0,0,0,1,0,0,0,0,0,0,0,0,0,0,0,0,0,1,0,0,0,0,0,0,0,0,0,0,0,0,0,0,0,0,39.9601,-75.238, , 
18877,225865,2017018048,6,67,67301,2016,5,6,800,8,1,1,0,1,1, , ,N,0,2,0,3,0,2,4,2,N,N,39 56:59.668,75 08:37.603,0, ,0, ,0, ,N, ,3, , , , , , , , , ,2,2,0,0,0,0,0,0,0,0,0,0,2,2,0,0,0,0,0,0,1,0,0,0,0,0,0,0,0,0,0,0,0,0,0,8,0,39.9499,-75.1438, , 
18878,225868,2016120609,6,67,67301,2016,11,3,1104,11,1,1,0,8,1, , ,N,5,2,0,3,0,2,3,3,N, ,39 58:10.092,75 08:22.485,1106, ,1105, ,0, , , ,3, , , , , , , , , ,1,1,0,0,0,0,0,0,0,0,0,2,2,0,0,0,0,0,0,0,0,0,0,1,0,0,0,0,0,0,0,0,2,0,0,4,0,39.9695,-75.1395, , 
18879,225887,2017022753,6,67,67301,2016,10,2,740,7,1,1,0,1,1, , ,N,0,2,0,3,0,1,2,2,N,N,39 57:10.688,75 14:55.625,0, ,0, ,0, ,N, ,3, , , , , , , , , ,2,1,0,0,0,0,1,0,0,0,0,0,1,1,0,0,0,0,0,0,2,0,0,1,0,0,0,0,0,0,0,0,0,0,0,8,0,39.953,-75.2488, , 
18880,225895,2016128890,6,67,67301,2016,12,6,2139,21,3,1,0,7,2, , ,N,0,0,0,3,0,0,1,1,N,N,39 58:36.354,75 11:48.194,2151, ,2139, ,0, , , ,0, , , , , , , , , ,1,1,0,0,0,0,0,0,0,0,0,0,0,0,0,0,0,1,0,0,0,0,0,1,0,0,0,0,0,0,0,0,0,0,0,0,0,39.9768,-75.1967, , 
18881,225901,2016126027,6,67,67301,2016,11,4,1400,14,1,2,1,1,1, , ,N,0,0,0,3,0,3,4,3,N, ,40 01:32.844,75 07:24.191,1410, ,1400,2,1,2, , ,0,N, , , , , , , , ,3,2,0,0,0,0,0,1,0,0,1,2,3,0,0,0,0,0,0,0,0,0,0,4,0,0,0,0,0,0,0,0,0,0,0,3,0,40.0258,-75.1234, , 
18882,225910,2016131819,6,67,67301,2016,12,4,27,0,3,1,0,5,6, , ,N,0,0,0,3,0,0,1,3,N,N,39 57:31.834,75 11:33.122,30, ,28,2,1,1,N, ,0,Y, , , , , , , , ,3,1,0,0,0,0,2,0,0,0,0,0,0,0,0,0,0,0,0,0,0,0,0,0,0,0,0,0,0,0,0,0,0,0,0,0,0,39.9588,-75.1925, , 
18883,225924,2016129252,6,67,67301,2016,11,7,106,1,3,1,0,5,6, , ,N,0,0,0,3,0,1,1,2,N,N,39 57:46.414,75 11:30.106,111, ,106, ,0, ,N, ,0, , , , , , , , , ,2,2,0,0,0,0,0,0,0,0,0,0,1,1,0,0,0,0,0,0,0,0,0,1,0,0,0,0,0,0,0,0,0,0,0,8,0,39.9629,-75.1917, , 
18884,225930,2016087653,6,67,67301,2016,8,2,426,4,3,1,0,7,4, , ,N,1,2,0,3,0,0,1,1,N, ,39 58:07.419,75 08:03.924,435, ,426,4,2,3, , ,3,Y, , , , , , , , ,1,0,0,0,0,1,0,0,0,0,0,0,0,0,0,0,0,0,0,0,0,0,0,0,0,0,0,0,0,0,0,0,0,0,0,0,1,39.9689,-75.1344, , 
18885,225935,2016082400,6,67,67301,2016,7,4,1540,15,1,1,0,4,1, , ,N,1,2,0,3,0,2,3,2,N,N,40 02:34.113,75 03:47.339,1610, ,1600,3,1,1, , ,3,Y, , , , , , , , ,2,1,0,0,0,0,1,0,0,0,1,1,2,0,1,0,0,0,0,0,0,0,0,0,0,0,0,0,0,0,0,0,0,0,0,3,0,40.0428,-75.0631, , 