objectid_1,objectid,crn,district,county,municipality,crash_year,crash_month,day_of_week,time_of_day,hour_of_day,illumination,weather,road_condition,collision_type,relation_to_road,work_zone_type,work_zone_loc,work_zone_ind,intersect_type,tcd_type,location_type,urban_rural,fatal_count,injury_count,person_count,total_units,sch_bus_ind,sch_zone_ind,latitude,longitude,arrival_tm,cons_zone_spd_lim,dispatch_tm,est_hrs_closed,lane_closed,ln_close_dir,ntfy_hiwy_maint,spec_juris_cd,tcd_func_cd,tfc_detour_ind,workers_pres,wz_close_detour,wz_flagger,wz_law_offcr_ind,wz_ln_closure,wz_moving,wz_other,wz_shlder_mdn,vehicle_count,automobile_count,motorcycle_count,bus_count,small_truck_count,heavy_truck_count,suv_count,van_count,bicycle_count,maj_inj_count,mod_inj_count,min_inj_count,tot_inj_count,unk_inj_deg_count,unk_inj_per_count,driver_count_16yr,driver_count_17yr,driver_count_18yr,driver_count_19yr,driver_count_20yr,driver_count_50_64yr,driver_count_65_74yr,driver_count_75plus,unbelted_occ_count,unb_death_count,unb_maj_inj_count,belted_death_count,belted_maj_inj_count,mcycle_death_count,mcycle_maj_inj_count,bicycle_death_count,bicycle_maj_inj_count,ped_count,ped_death_count,ped_maj_inj_count,max_severity_level,comm_veh_count,dec_lat,dec_long,rdwy_surf_type_cd,county_name
19088,220551,2016087180,6,67,67301,2016,8,6,800,8,1,1,0,4,1, , ,N,1,2,0,3,0,2,2,2,N,N,40 07:24.747,75 00:55.270,805, ,800, ,0, , , ,3, , , , , , , , , ,2,2,0,0,0,0,0,0,0,0,0,2,2,0,0,0,0,0,0,0,1,0,0,0,0,0,0,0,0,0,0,0,0,0,0,4,0,40.1235,-75.0154, , 
19089,220554,2016105916,6,67,67301,2016,9,6,907,9,1,1,0,5,1, , ,N,2,0,0,3,0,0,1,2,N,N,39 59:18.177,75 09:35.494,915, ,915, ,0, ,N, ,0, , , , , , , , , ,2,1,0,0,0,0,1,0,0,0,0,0,0,0,1,0,0,0,0,0,0,0,0,0,0,0,0,0,0,0,0,0,0,0,0,9,0,39.9884,-75.1599, , 
19090,220569,2016119159,6,67,67301,2016,10,5,1300,13,1,1,0,4,1, , ,N,1,2,0,3,0,2,3,2,N,N,39 58:14.012,75 08:59.857,1315, ,1304,9,1,3,N, ,3,N, , , , , , , , ,2,0,0,0,0,0,1,1,0,0,0,2,2,0,0,0,0,0,0,0,0,0,0,1,0,0,0,0,0,0,0,0,0,0,0,4,0,39.9704,-75.15, , 
19091,220591,2016108566,6,67,67301,2016,9,6,300,3,3,2,1,7,4, , ,N,1,2,7,3,0,0,1,2,N, ,39 57:19.798,75 12:49.215,305, ,300, ,0, , , ,3, , , , , , , , , ,2,2,0,0,0,0,0,0,0,0,0,0,0,0,0,0,0,0,0,0,0,0,0,0,0,0,0,0,0,0,0,0,0,0,0,0,0,39.9555,-75.2136, , 
19092,226355,2016119644,6,67,67301,2016,10,3,657,6,1,1,0,4,1, , ,N,1,2,0,3,0,2,4,3,N,N,39 55:26.156,75 13:19.597,716, ,659,9,1,3,N, ,3,N, , , , , , , , ,3,2,0,0,0,0,1,0,0,0,0,0,2,2,2,0,0,0,0,1,0,0,0,1,0,0,0,0,0,0,0,0,0,0,0,8,0,39.9239,-75.2221, , 
19093,226360,2016120541,6,67,67301,2016,10,5,1841,18,3,2,1,1,1, , ,N,1,2,0,3,0,1,2,2,N,N,40 07:24.747,75 00:55.270,1907, ,1904,1,2,3,N, ,3,N, , , , , , , , ,2,2,0,0,0,0,0,0,0,0,0,0,1,1,0,0,0,0,0,0,0,0,0,0,0,0,0,0,0,0,0,0,0,0,0,8,0,40.1235,-75.0154, , 
19094,226364,2017004195,6,67,67301,2016,12,2,1400,14,1,1,0,1,1, , ,N,0,0,0,3,0,0,2,3,N, ,39 58:01.772,75 09:44.467,1430, ,1420, ,0, , , ,0, , , , , , , , , ,3,3,0,0,0,0,0,0,0,0,0,0,0,0,0,0,0,0,0,0,0,0,0,0,0,0,0,0,0,0,0,0,0,0,0,0,0,39.9672,-75.1624, , 
19095,226365,2017002077,6,67,67301,2016,12,2,1815,18,3,1,0,4,1, , ,N,1,2,0,3,0,1,2,2,N,N,39 57:07.498,75 12:20.102,1820, ,1817, ,0, ,N, ,3, , , , , , , , , ,1,0,0,0,0,0,1,0,1,0,0,1,1,0,0,0,0,0,0,0,0,0,0,0,0,0,0,0,0,0,0,0,0,0,0,4,0,39.9521,-75.2056, , 
19096,226371,2016132192,6,67,67301,2016,11,3,1650,16,1,1,0,4,1, , ,N,0,0,7,3,0,0,2,2,N,N,40 07:55.869,75 00:42.138,1714, ,1710, ,0, ,N, ,0, , , , , , , , , ,2,0,0,0,0,0,1,1,0,0,0,0,0,0,0,0,0,0,0,0,1,0,0,0,0,0,0,0,0,0,0,0,0,0,0,0,0,40.1322,-75.0117, , 
19097,226373,2016135727,6,67,67301,2016,12,7,1439,14,1,1,0,4,1, , ,N,0,0,7,3,0,1,2,2,N,N,39 58:32.693,75 07:13.487,1746, ,1742, ,0, ,N, ,0, , , , , , , , , ,1,0,0,0,0,0,1,0,1,0,0,1,1,0,0,0,0,0,0,0,0,0,0,0,0,0,0,0,0,0,0,0,0,0,0,4,0,39.9757,-75.1204, , 
19098,226379,2016129499,6,67,67301,2016,11,3,9999,99,1,1,0,5,6, , ,N,0,0,0,3,0,2,3,5,N, ,39 58:52.244,75 09:01.216,1130, ,1123, ,0, , , ,0, , , , , , , , , ,5,2,0,0,1,0,1,1,0,0,1,0,2,1,1,0,0,0,0,0,0,0,0,0,0,0,0,0,0,0,0,0,0,0,0,3,0,39.9812,-75.1503, , 
19099,226394,2017004184,6,67,67301,2016,12,6,2147,21,3,1,0,4,1, , ,N,1,2,0,3,0,2,3,4,N,N,39 59:23.112,75 07:03.787,2148, ,2148, ,0, , , ,3, , , , , , , , , ,4,2,0,0,1,0,1,0,0,0,0,2,2,0,0,0,0,0,0,0,1,0,0,3,0,0,0,0,0,0,0,0,0,0,0,4,0,39.9898,-75.1177, , 
19100,226396,2016129360,6,67,67301,2016,11,2,714,7,1,1,0,8,1, , ,N,5,2,0,3,0,1,2,2,N,N,40 04:04.647,75 04:51.335,749, ,733, ,0, ,N, ,3, , , , , , , , , ,1,0,0,0,0,0,0,1,0,0,0,0,1,1,0,0,0,0,0,0,0,0,0,0,0,0,0,0,0,0,0,0,1,0,0,8,0,40.068,-75.0809, , 
19101,226405,2016135771,6,67,67301,2016,12,3,2055,20,3,2,1,4,1, , ,N,5,2,2,3,0,1,3,2,N,N,39 57:25.688,75 09:03.847,2132, ,2124, ,0, ,N, ,3, , , , , , , , , ,2,2,0,0,0,0,0,0,0,0,0,0,1,1,0,0,0,0,0,0,1,0,0,2,0,0,0,0,0,0,0,0,0,0,0,8,0,39.9571,-75.1511, , 
19102,226410,2017001634,6,67,67301,2016,12,1,2325,23,3,1,0,5,1, , ,N,0,0,0,3,0,0,3,3,N,N,39 57:27.324,75 09:45.005,2329, ,2327, ,0, ,N, ,0, , , , , , , , , ,3,3,0,0,0,0,0,0,0,0,0,0,0,0,0,0,0,0,0,0,0,0,0,1,0,0,0,0,0,0,0,0,0,0,0,0,0,39.9576,-75.1625, , 
19103,226412,2016123165,6,67,67301,2016,11,7,1951,19,3,1,0,1,1, , ,N,0,0,0,3,0,1,5,2,N,N,40 01:36.791,75 01:34.186,2002, ,1953, ,0, , , ,0, , , , , , , , , ,2,2,0,0,0,0,0,0,0,0,0,0,1,1,0,0,0,0,0,1,0,0,0,0,0,0,0,0,0,0,0,0,0,0,0,8,0,40.0269,-75.0262, , 
19104,226419,2016135739,6,67,67301,2016,12,4,1500,15,1,1,1,4,1, , ,N,1,2,0,3,0,2,3,2,N, ,39 57:04.640,75 11:57.352,1507, ,1505, ,0, , , ,3, , , , , , , , , ,2,1,0,0,0,0,0,1,0,0,0,2,2,0,0,0,0,0,0,0,0,0,0,1,0,0,0,0,0,0,0,0,0,0,0,4,0,39.9513,-75.1991, , 
19105,226443,2016113894,6,67,67301,2016,10,3,1537,15,1,1,0,7,4, , ,N,0,0,0,3,0,1,1,1,N,N,39 59:36.950,75 12:52.540,1537, ,1537, ,0, , , ,0, , , , , , , , , ,1,0,1,0,0,0,0,0,0,0,0,0,1,1,0,0,0,0,0,0,0,0,0,0,0,0,0,0,0,0,0,0,0,0,0,8,0,39.9936,-75.2146, , 
19106,226462,2016128787,6,67,67301,2016,11,2,1403,14,1,1,0,1,1, , ,N,0,0,0,3,0,2,4,2,N,N,39 58:06.936,75 07:42.046,1427, ,1403,2,2,1, , ,0,N, , , , , , , , ,2,1,0,0,0,0,1,0,0,0,2,0,2,0,0,0,0,0,0,0,0,0,0,0,0,0,0,0,0,0,0,0,0,0,0,3,0,39.9686,-75.1283, , 
19107,226470,2016129270,6,67,67301,2016,11,6,1740,17,4,1,0,8,6, , ,N,0,0,0,3,0,1,3,2,N,N,39 55:30.306,75 10:10.002,1746, ,1743, ,0, , , ,0, , , , , , , , , ,1,0,0,0,0,0,1,0,0,0,0,1,1,0,0,0,0,0,0,0,0,0,0,1,0,0,0,0,0,0,0,0,1,0,0,4,0,39.9251,-75.1694, , 
19108,226472,2016133273,6,67,67301,2016,11,4,1439,14,1,1,0,1,1, , ,N,0,0,0,3,0,0,2,2,N,N,39 57:26.417,75 08:26.727,1554, ,1444, ,0, , , ,0, , , , , , , , , ,2,1,0,0,0,1,0,0,0,0,0,0,0,0,0,0,0,0,0,0,0,0,0,0,0,0,0,0,0,0,0,0,0,0,0,0,1,39.9573,-75.1408, , 
19109,226483,2017001644,6,67,67301,2016,12,3,1550,15,1,1,0,1,1, , ,N,0,0,0,3,0,3,4,4,N,N,40 04:03.414,75 00:31.429,1600, ,1556,2,1,1,N, ,0,N, , , , , , , , ,4,1,0,0,2,0,1,0,0,0,2,1,3,0,1,0,0,0,0,0,3,1,0,0,0,0,0,0,0,0,0,0,0,0,0,3,0,40.0676,-75.0087, , 
19110,223656,2016113416,6,67,67301,2016,10,1,753,7,1,1,1,5,1, , ,N,0,0,0,3,0,0,2,2,N,N,39 57:36.475,75 10:50.359,810, ,753,1,1,3, , ,0,N, , , , , , , , ,2,1,0,0,0,0,0,1,0,0,0,0,0,0,0,0,0,0,0,0,1,0,0,0,0,0,0,0,0,0,0,0,0,0,0,0,0,39.9601,-75.1807, , 
19111,223675,2016065700,6,67,67301,2016,6,6,815,8,1,1,0,4,1, , ,N,1,3,0,3,0,0,3,3,Y,N,40 03:22.662,75 09:03.855,900, ,815, ,0, ,N, ,3, , , , , , , , , ,3,1,0,1,0,0,1,0,0,0,0,0,0,0,0,0,0,0,0,0,0,0,0,0,0,0,0,0,0,0,0,0,0,0,0,0,1,40.0563,-75.1511, , 
19112,223683,2016080248,6,67,67301,2016,7,1,154,1,3,1,0,1,1, , ,N,1,2,0,3,0,0,2,2,N,N,39 58:35.313,75 14:07.216,259, ,253, ,0, ,N, ,3, , , , , , , , , ,2,1,0,1,0,0,0,0,0,0,0,0,0,0,0,0,0,0,0,0,0,0,0,0,0,0,0,0,0,0,0,0,0,0,0,0,1,39.9765,-75.2353, , 
19113,223687,2016080231,6,67,67301,2016,7,1,9999,99,1,1,0,7,1, , ,N,0,0,0,3,0,0,1,1,N, ,40 01:00.023,75 12:09.450,623, ,613, ,0, , , ,0, , , , , , , , , ,1,0,0,0,0,0,1,0,0,0,0,0,0,0,0,0,0,0,0,0,0,0,0,0,0,0,0,0,0,0,0,0,0,0,0,0,0,40.0167,-75.2026, , 
19114,223708,2016108633,6,67,67301,2016,10,5,1533,15,1,1,0,4,1, , ,N,0,2,7,3,0,0,2,2,N,N,40 05:29.942,75 01:56.684,1534, ,1533, ,0, ,N, ,3, , , , , , , , , ,2,2,0,0,0,0,0,0,0,0,0,0,0,0,0,0,0,0,0,0,1,0,1,0,0,0,0,0,0,0,0,0,0,0,0,0,0,40.0917,-75.0324, , 
19115,223714,2017002079,6,67,67301,2016,12,4,848,8,1,1,0,8,1, , ,N,1,2,0,3,0,1,3,2,N, ,40 01:32.829,75 07:58.227,854, ,852, ,0, , , ,3, , , , , , , , , ,1,0,0,0,0,1,0,0,0,0,0,1,1,0,0,0,0,0,0,0,0,0,0,1,0,0,0,0,0,0,0,0,1,0,0,4,1,40.0258,-75.1328, , 
19116,223730,2016135762,6,67,67301,2016,12,5,1240,12,1,1,0,4,1, , ,N,2,2,7,3,0,0,2,2,N, ,40 06:28.612,75 01:35.459,1250, ,1243,2,1,1, , ,3,Y, , , , , , , , ,2,0,0,0,0,0,1,1,0,0,0,0,0,0,1,0,0,0,0,0,0,1,0,0,0,0,0,0,0,0,0,0,0,0,0,9,0,40.1079,-75.0264, , 
19117,223744,2017004284,6,67,67301,2016,12,5,2211,22,3,1,0,6,1, , ,N,0,0,0,3,0,1,2,2,N,N,40 00:26.541,75 12:02.607,2216, ,2213,1,1,3, , ,0,N, , , , , , , , ,2,2,0,0,0,0,0,0,0,0,0,0,1,1,0,0,0,0,0,0,1,0,0,0,0,0,0,0,0,0,0,0,0,0,0,8,0,40.0074,-75.2007, , 
19118,223753,2016105945,6,67,67301,2016,9,7,1650,16,1,1,0,4,1, , ,N,1,2,0,3,0,1,3,2,N,N,40 06:50.926,74 59:15.880,1659, ,1655,2,1,7,N, ,3,N, , , , , , , , ,2,2,0,0,0,0,0,0,0,0,0,0,1,1,0,0,0,0,0,0,0,0,0,0,0,0,0,0,0,0,0,0,0,0,0,8,0,40.1143,-74.9879, , 
19119,223757,2016108637,6,67,67301,2016,10,2,2337,23,3,1,0,1,1, , ,N,1,2,0,3,0,1,3,2,N,N,40 03:37.434,74 59:25.565,119, ,117, ,0, ,N, ,3, , , , , , , , , ,2,1,0,0,0,0,1,0,0,0,0,1,1,0,0,0,0,0,0,0,1,0,0,0,0,0,0,0,0,0,0,0,0,0,0,4,0,40.0604,-74.9904, , 
19120,223766,2016132714,6,67,67301,2016,12,5,952,9,1,1,0,4,1, , ,N,1,2,8,3,0,0,4,2,N,N,39 56:50.808,75 11:15.478,955, ,952, ,0, ,N, ,3, , , , , , , , , ,2,1,0,0,0,0,1,0,0,0,0,0,0,0,0,0,0,0,0,0,1,1,0,0,0,0,0,0,0,0,0,0,0,0,0,0,0,39.9474,-75.1876, , 
19121,223776,2017007782,6,67,67301,2016,12,3,1714,17,3,1,1,4,1, , ,N,1,3,0,3,0,3,4,3,N, ,39 59:53.365,75 08:00.340,1716, ,1714, ,0, , , ,3, , , , , , , , , ,3,1,0,0,0,0,1,0,0,0,0,0,3,3,1,0,0,0,0,0,0,0,0,4,0,0,0,0,0,0,0,0,0,0,0,8,0,39.9982,-75.1334, , 
19122,223779,2017023081,6,67,67301,2016,11,4,1730,17,1,1,0,1,1, , ,N,0,2,0,3,0,2,2,2,N,N,40 06:50.000,75 00:18.000,0, ,0, ,0, ,N, ,3, , , , , , , , , ,2,1,0,0,0,0,1,0,0,0,0,0,2,2,0,0,0,0,0,0,0,0,0,0,0,0,0,0,0,0,0,0,0,0,0,8,0,40.1139,-75.005, , 
19123,223790,2016129431,6,67,67301,2016,11,6,2315,23,3,1,0,8,1, , ,N,5,2,0,3,0,1,2,2,N,N,39 56:54.189,75 13:09.223,238, ,236, ,0, ,N, ,3, , , , , , , , , ,1,0,0,0,0,0,0,0,1,0,0,1,1,0,0,0,0,0,0,0,0,0,0,0,0,0,0,0,0,0,0,0,0,0,0,4,0,39.9484,-75.2193, , 
19124,223795,2016132124,6,67,67301,2016,11,6,10,0,3,1,0,6,1, , ,N,2,2,0,3,0,2,2,2,N,N,39 56:21.084,75 11:29.990,25, ,19,3,2,4,N, ,3,Y, , , , , , , , ,2,1,0,0,1,0,0,0,0,1,0,0,2,1,0,0,0,0,0,0,0,0,0,2,0,1,0,0,0,0,0,0,0,0,0,2,0,39.9392,-75.1917, , 
19125,223805,2017018070,6,67,67301,2016,5,4,1600,16,1,1,0,1,1, , ,N,1,2,0,3,0,2,3,2,N,N,40 01:30.578,75 03:45.748,0, ,0, ,0, ,N, ,3, , , , , , , , , ,2,0,0,0,0,0,0,0,0,0,2,0,2,0,0,0,0,0,0,0,0,0,0,0,0,0,0,0,0,0,0,0,0,0,0,3,0,40.0252,-75.0627, , 
19126,223810,2016087623,6,67,67301,2016,8,4,2155,21,3,1,0,4,1, , ,N,1,2,0,3,0,1,3,2,N, ,40 02:45.148,75 10:55.939,2155, ,2155,1,1,7, , ,3,Y, , , , , , , , ,2,2,0,0,0,0,0,0,0,0,0,0,1,1,1,0,0,0,0,0,0,1,0,0,0,0,0,0,0,0,0,0,0,0,0,8,0,40.0459,-75.1822, , 
19127,223838,2016128121,6,67,67301,2016,11,2,957,9,1,1,0,7,4,1,4,Y,0,0,0,3,0,1,3,2,N,N,40 01:14.284,75 02:34.978,957,45,957,2,1,2, , ,0,N,Y,N,N,N,N,N,N,Y,2,0,0,0,0,1,0,1,0,0,0,0,1,1,0,0,0,0,0,0,1,0,0,0,0,0,0,0,0,0,0,0,0,0,0,8,1,40.0206,-75.043, , 
19128,217655,2016064003,6,67,67301,2016,5,3,1655,16,1,1,0,5,6, , ,N,0,0,0,3,0,1,5,2,N, ,39 55:11.287,75 12:44.935,1658, ,1658, ,0, , , ,0, , , , , , , , , ,2,1,0,0,0,0,1,0,0,0,0,1,1,0,0,0,0,0,0,0,0,0,0,0,0,0,0,0,0,0,0,0,0,0,0,4,0,39.9198,-75.2125, , 
19129,217656,2016065670,6,67,67301,2016,6,3,9999,99,1,1,0,1,1, , ,N,0,0,0,3,0,1,3,2,N, ,40 03:04.283,75 05:10.142,9999, ,1811, ,0, , , ,0, , , , , , , , , ,2,0,0,1,0,0,1,0,0,0,0,1,1,0,0,0,0,0,0,0,2,0,0,0,0,0,0,0,0,0,0,0,0,0,0,4,1,40.0512,-75.0862, , 
19130,217664,2016080264,6,67,67301,2016,6,1,9999,99,1,1,0,4,1, , ,N,1,2,0,3,0,2,2,2,N,N,40 03:15.344,75 03:47.239,9999, ,9999,9,1,1, , ,3,N, , , , , , , , ,2,1,0,0,0,0,1,0,0,0,0,2,2,0,0,0,0,0,0,0,0,1,0,0,0,0,0,0,0,0,0,0,0,0,0,4,0,40.0543,-75.0631, , 
19131,217665,2016080468,6,67,67301,2016,6,3,1625,16,1,1,0,1,1, , ,N,0,0,0,3,0,1,2,2,N,N,40 00:34.404,75 11:14.425,1627, ,1625,9,1,1,N, ,0,N, , , , , , , , ,2,2,0,0,0,0,0,0,0,0,0,1,1,0,0,0,0,0,0,0,1,0,0,0,0,0,0,0,0,0,0,0,0,0,0,4,0,40.0096,-75.1873, , 
19132,217675,2016092895,6,67,67301,2016,9,7,624,6,1,1,0,7,4,1,4,Y,0,0,0,3,0,1,1,1,N,N,40 00:54.216,75 03:14.104,643,45,636,2,2,1, , ,0,N,N,N,N,N,N,N,Y,N,1,1,0,0,0,0,0,0,0,0,1,0,1,0,0,0,0,0,0,0,0,0,0,0,0,0,0,0,0,0,0,0,0,0,0,3,0,40.0151,-75.0539, , 
19133,217683,2016099503,6,67,67301,2016,9,3,945,9,1,1,0,4,1, , ,N,0,0,0,3,0,2,2,2,N,N,39 57:08.821,75 08:25.198,1000, ,957, ,0, , , ,0, , , , , , , , , ,2,1,0,0,0,0,1,0,0,0,2,0,2,0,0,0,0,0,1,0,0,0,0,0,0,0,0,0,0,0,0,0,0,0,0,3,0,39.9525,-75.1403, , 
19134,217687,2016106450,6,67,67301,2016,10,4,2357,23,3,1,0,1,1, , ,N,0,0,0,3,0,1,4,2,N,N,39 59:12.566,75 05:27.391,14, ,2357,1,1,1, , ,0,N, , , , , , , , ,2,2,0,0,0,0,0,0,0,0,0,0,1,1,1,0,0,0,0,1,0,0,0,0,0,0,0,0,0,0,0,0,0,0,0,8,0,39.9868,-75.0909, , 
19135,217716,2016102307,6,67,67301,2016,10,4,751,7,1,1,0,4,1, , ,N,1,2,2,3,0,0,2,2,N,N,39 53:57.866,75 10:29.202,752, ,751,3,1,1,N, ,3,N, , , , , , , , ,2,1,0,0,0,0,1,0,0,0,0,0,0,0,0,0,0,0,0,0,1,1,0,0,0,0,0,0,0,0,0,0,0,0,0,0,0,39.8994,-75.1748, , 
19136,217723,2016105876,6,67,67301,2016,9,5,1121,11,1,1,0,8,1, , ,N,1,2,0,3,1,0,2,2,N, ,39 59:56.501,75 07:59.705,1127, ,1126,9,2,6, ,0,3,N, , , , , , , , ,1,1,0,0,0,0,0,0,0,0,0,0,0,0,0,0,0,0,0,0,0,0,0,0,0,0,0,0,0,0,0,0,1,1,0,1,0,39.999,-75.1332,2, 
19137,217727,2016112249,6,67,67301,2016,10,6,1125,11,1,1,0,8,1, , ,N,0,0,0,3,0,1,3,2,N,N,39 58:13.363,75 08:46.500,1136, ,1131, ,0, ,N, ,0, , , , , , , , , ,1,1,0,0,0,0,0,0,0,0,0,1,1,0,0,0,0,0,0,0,0,0,0,1,0,0,0,0,0,0,0,0,1,0,0,4,0,39.9704,-75.1463, , 
19138,217749,2016080213,6,67,67301,2016,7,7,9999,99,1,1,0,8,1, , ,N,2,0,0,3,0,1,2,2,N,N,39 57:43.056,75 13:39.640,1903, ,1859, ,0, ,N, ,0, , , , , , , , , ,1,1,0,0,0,0,0,0,0,0,0,1,1,0,0,0,0,0,0,0,0,0,0,1,0,0,0,0,0,0,0,0,1,0,0,4,0,39.962,-75.2277, , 
19139,217768,2016105934,6,67,67301,2016,9,6,2045,20,3,1,0,7,4, , ,N,0,0,0,3,0,0,1,1,N,N,40 02:06.512,75 01:30.316,2055, ,2050, ,0, , , ,0, , , , , , , , , ,1,0,0,0,0,0,1,0,0,0,0,0,0,0,0,0,0,0,0,0,0,0,0,0,0,0,0,0,0,0,0,0,0,0,0,0,0,40.0351,-75.0251, , 
19140,217800,2016073663,6,67,67301,2016,7,6,1528,15,1,1,0,1,1, , ,N,0,0,0,3,0,0,4,3,N,N,39 54:01.441,75 09:23.079,1617, ,1617, ,0, , , ,0, , , , , , , , , ,3,2,0,0,0,0,1,0,0,0,0,0,0,0,0,0,0,0,0,1,0,1,0,0,0,0,0,0,0,0,0,0,0,0,0,0,0,39.9004,-75.1564, , 
19141,217802,2016080446,6,67,67301,2016,7,3,1738,17,1,1,0,1,1, , ,N,0,2,0,3,0,1,9,3,N,N,39 55:20.237,75 09:12.635,1756, ,1739, ,0, ,N, ,3, , , , , , , , , ,3,2,0,0,0,0,0,1,0,0,0,1,1,0,0,0,0,0,0,0,0,0,0,0,0,0,0,0,0,0,0,0,0,0,0,4,0,39.9223,-75.1535, , 
19142,217805,2016087093,6,67,67301,2016,8,5,1110,11,1,1,0,1,1, , ,N,0,0,0,3,0,1,2,4,N,N,40 03:56.196,75 09:20.343,1145, ,1116,3,1,2,N, ,0,N, , , , , , , , ,4,2,0,0,1,0,1,0,0,0,0,0,1,1,0,0,0,0,0,0,0,0,0,0,0,0,0,0,0,0,0,0,0,0,0,8,1,40.0656,-75.1557, , 
19143,217808,2016082336,6,67,67301,2016,7,1,730,7,1,1,0,4,1, , ,N,5,2,0,3,0,1,5,2,N, ,39 57:27.542,75 09:44.544,733, ,730, ,0, , , ,3, , , , , , , , , ,2,0,0,0,1,0,0,1,0,0,0,0,1,1,0,0,0,0,0,0,1,0,0,0,0,0,0,0,0,0,0,0,0,0,0,8,0,39.9577,-75.1624, , 
19144,217817,2016099590,6,67,67301,2016,9,7,1420,14,1,1,0,4,1, , ,N,1,3,0,3,0,0,2,2,N,N,39 58:18.127,75 10:54.134,1500, ,1430,1,2,4, , ,3,Y, , , , , , , , ,2,2,0,0,0,0,0,0,0,0,0,0,0,0,0,0,0,0,0,0,0,0,0,2,0,0,0,0,0,0,0,0,0,0,0,0,0,39.9717,-75.1817, , 
19145,217819,2016112232,6,67,67301,2016,10,6,730,7,1,1,0,4,1, , ,N,0,0,0,3,0,6,7,2,N,N,39 55:18.912,75 14:22.969,737, ,735,2,2,6,N, ,0,Y, , , , , , , , ,2,0,0,0,0,0,1,0,0,0,0,6,6,0,0,0,0,0,0,0,0,0,0,1,0,0,0,0,0,0,0,0,0,0,0,4,0,39.9219,-75.2397, , 
19146,220598,2016112254,6,67,67301,2016,10,1,1835,18,3,1,0,8,1, , ,N,1,2,0,3,0,1,2,2,N,N,39 59:25.210,75 07:37.294,1842, ,1840,9,2,7, , ,3,Y, , , , , , , , ,1,1,0,0,0,0,0,0,0,0,0,1,1,0,1,0,0,0,0,0,0,0,0,0,0,0,0,0,0,0,0,0,1,0,0,4,0,39.9903,-75.127, , 
19147,220604,2016129482,6,67,67301,2016,11,4,1705,17,4,1,0,8,1, , ,N,5,2,8,3,0,1,2,2,N, ,39 57:28.586,75 09:50.892,1715, ,1714, ,0, , , ,3, , , , , , , , , ,1,0,0,0,0,0,1,0,0,0,0,1,1,0,0,0,0,0,0,0,1,0,0,0,0,0,0,0,0,0,0,0,1,0,0,4,0,39.9579,-75.1641, , 
19148,220622,2016071110,6,67,67301,2016,6,6,1835,18,1,1,0,4,1, , ,N,1,2,0,3,0,1,2,2,N,N,39 55:10.650,75 14:24.889,1843, ,1842, ,0, ,N, ,3, , , , , , , , , ,2,1,0,0,0,0,1,0,0,0,0,1,1,0,0,0,0,0,0,0,0,0,0,0,0,0,0,0,0,0,0,0,0,0,0,4,0,39.9196,-75.2402, , 
19149,220625,2016065780,6,67,67301,2016,6,5,2051,20,2,2,1,1,1, , ,N,0,0,0,3,0,1,5,3,N,N,39 57:35.844,75 10:45.960,2057, ,2052,1,1,4, , ,0,N, , , , , , , , ,3,2,0,0,0,0,1,0,0,0,1,0,1,0,0,0,0,0,0,0,0,0,0,0,0,0,0,0,0,0,0,0,0,0,0,3,0,39.96,-75.1794, , 
19150,220629,2016068693,6,67,67301,2016,6,3,2030,20,1,1,0,4,1, , ,N,1,2,0,3,0,1,3,3,N,N,40 01:32.390,75 07:30.507,2040, ,2035, ,0, ,N, ,3, , , , , , , , , ,3,2,0,0,0,0,0,1,0,0,0,0,1,1,0,0,0,0,0,0,0,0,0,0,0,0,0,0,0,0,0,0,0,0,0,8,0,40.0257,-75.1251, , 
19151,220631,2016069040,6,67,67301,2016,6,2,2100,21,2,1,0,4,1, , ,N,0,0,7,3,1,0,2,2,N,Y,40 06:25.238,75 01:36.899,2106, ,2104,3,2,5,N,0,0,Y, , , , , , , , ,2,0,1,0,0,0,1,0,0,0,0,0,0,0,0,0,0,0,0,0,0,0,0,0,0,0,0,0,1,0,0,0,0,0,0,1,0,40.107,-75.0269,2, 
19152,220660,2016105578,6,67,67301,2016,9,4,1730,17,3,2,1,5,6, , ,N,0,0,0,3,0,0,1,3,N,N,39 58:07.922,75 13:04.945,1758, ,1755, ,0, ,N, ,0, , , , , , , , , ,3,2,0,0,0,0,1,0,0,0,0,0,0,0,0,0,0,0,0,0,0,0,0,1,0,0,0,0,0,0,0,0,0,0,0,0,0,39.9689,-75.218, , 
19153,220676,2016105734,6,67,67301,2016,9,1,1745,17,1,1,0,5,1, , ,N,3,0,0,3,0,1,4,2,N,N,40 01:54.772,75 11:15.813,1812, ,1801,2,1,4,N, ,0,N, , , , , , , , ,2,2,0,0,0,0,0,0,0,0,0,0,1,1,0,0,0,0,0,0,0,0,0,0,0,0,0,0,0,0,0,0,0,0,0,8,0,40.0319,-75.1877, , 
19154,220686,2016110559,6,67,67301,2016,10,3,1326,13,1,1,0,5,1, , ,N,1,0,0,3,0,1,2,2,N,N,39 57:10.097,75 11:31.542,1327, ,1326, ,0, ,N, ,0, , , , , , , , , ,2,1,0,0,0,0,0,1,0,0,0,1,1,0,0,0,0,0,0,0,0,0,1,1,0,0,0,0,0,0,0,0,0,0,0,4,0,39.9528,-75.1921, , 