objectid_1,objectid,crn,district,county,municipality,crash_year,crash_month,day_of_week,time_of_day,hour_of_day,illumination,weather,road_condition,collision_type,relation_to_road,work_zone_type,work_zone_loc,work_zone_ind,intersect_type,tcd_type,location_type,urban_rural,fatal_count,injury_count,person_count,total_units,sch_bus_ind,sch_zone_ind,latitude,longitude,arrival_tm,cons_zone_spd_lim,dispatch_tm,est_hrs_closed,lane_closed,ln_close_dir,ntfy_hiwy_maint,spec_juris_cd,tcd_func_cd,tfc_detour_ind,workers_pres,wz_close_detour,wz_flagger,wz_law_offcr_ind,wz_ln_closure,wz_moving,wz_other,wz_shlder_mdn,vehicle_count,automobile_count,motorcycle_count,bus_count,small_truck_count,heavy_truck_count,suv_count,van_count,bicycle_count,maj_inj_count,mod_inj_count,min_inj_count,tot_inj_count,unk_inj_deg_count,unk_inj_per_count,driver_count_16yr,driver_count_17yr,driver_count_18yr,driver_count_19yr,driver_count_20yr,driver_count_50_64yr,driver_count_65_74yr,driver_count_75plus,unbelted_occ_count,unb_death_count,unb_maj_inj_count,belted_death_count,belted_maj_inj_count,mcycle_death_count,mcycle_maj_inj_count,bicycle_death_count,bicycle_maj_inj_count,ped_count,ped_death_count,ped_maj_inj_count,max_severity_level,comm_veh_count,dec_lat,dec_long,rdwy_surf_type_cd,county_name
19358,209796,2016080569,6,67,67301,2016,7,7,1622,16,1,1,0,5,1, , ,N,0,0,6,3,0,1,3,2,N,N,40 03:02.218,75 03:03.371,1630, ,1622,1,1,1,N, ,0,N, , , , , , , , ,2,1,0,0,0,0,1,0,0,0,1,0,1,0,0,0,0,0,0,0,0,1,0,0,0,0,0,0,0,0,0,0,0,0,0,3,0,40.0506,-75.0509, , 
19359,209815,2016117682,6,67,67301,2016,10,2,1340,13,1,1,0,5,1, , ,N,2,2,0,3,0,1,2,2,N,N,39 57:40.266,75 14:49.451,1346, ,1342, ,0, ,N, ,3, , , , , , , , , ,2,1,0,0,0,1,0,0,0,0,0,1,1,0,0,0,0,0,0,0,0,0,0,0,0,0,0,0,0,0,0,0,0,0,0,4,1,39.9612,-75.2471, , 
19360,209816,2016105547,6,67,67301,2016,9,5,1605,16,1,1,0,1,1, , ,N,2,0,0,3,0,1,2,2,N, ,39 58:51.223,75 05:58.785,1640, ,1626, ,0, , , ,0, , , , , , , , , ,2,0,0,0,0,0,2,0,0,0,0,1,1,0,0,0,0,0,0,0,1,0,0,1,0,0,0,0,0,0,0,0,0,0,0,4,0,39.9809,-75.0997, , 
19361,209819,2017017981,6,67,67301,2016,5,1,1809,18,1,1,0,4,1, , ,N,1,2,2,3,0,2,3,2,N,N,39 58:28.927,75 11:58.186,0, ,0, ,0, ,N, ,3, , , , , , , , , ,2,0,0,0,0,1,1,0,0,0,2,0,2,0,0,0,0,0,0,0,0,0,0,0,0,0,0,0,0,0,0,0,0,0,0,3,1,39.9746,-75.1995, , 
19362,209820,2017000628,6,67,67301,2016,12,6,1700,17,3,1,0,4,1, , ,N,1,3,0,3,0,0,5,3,N, ,40 04:22.861,75 10:18.245,1800, ,1746,9,1,6, , ,3,N, , , , , , , , ,3,1,0,0,0,0,1,1,0,0,0,0,0,0,0,0,0,0,0,0,0,0,0,1,0,0,0,0,0,0,0,0,0,0,0,0,0,40.073,-75.1717, , 
19363,209827,2016058577,6,67,67301,2016,5,6,1415,14,1,1,0,4,1, , ,N,1,2,0,3,0,0,2,4,N, ,39 55:11.072,75 13:29.970,1420, ,1420, ,0, , , ,3, , , , , , , , , ,4,3,0,0,0,0,1,0,0,0,0,0,0,0,0,0,0,0,0,0,0,0,0,1,0,0,0,0,0,0,0,0,0,0,0,0,0,39.9197,-75.225, , 
19364,209841,2016080750,6,67,67301,2016,6,3,1129,11,1,1,0,8,1, , ,N,2,0,0,3,0,1,3,2,N, ,39 56:24.781,75 13:24.841,1144, ,1144, ,0, , , ,0, , , , , , , , , ,1,1,0,0,0,0,0,0,0,0,0,0,1,1,0,0,0,0,0,0,0,1,0,0,0,0,0,0,0,0,0,0,1,0,0,8,0,39.9402,-75.2236, , 
19365,209854,2016105675,6,67,67301,2016,9,7,324,3,3,1,0,1,1, , ,N,0,0,0,3,0,3,4,2,N,N,39 57:54.309,75 09:39.194,326, ,324, ,0, ,N, ,0, , , , , , , , , ,2,2,0,0,0,0,0,0,0,0,0,3,3,0,0,0,0,0,0,0,0,0,0,0,0,0,0,0,0,0,0,0,0,0,0,4,0,39.9651,-75.1609, , 
19366,212549,2017015714,6,67,67301,2016,10,1,849,8,1,1,0,7,2, , ,N,0,0,8,3,0,0,3,1,N,N,39 54:18.447,75 08:58.911,1006, ,849, ,0, , , ,0, , , , , , , , , ,1,1,0,0,0,0,0,0,0,0,0,0,0,0,1,0,0,0,0,0,0,0,0,0,0,0,0,0,0,0,0,0,0,0,0,9,0,39.9051,-75.1497, , 
19367,212552,2016064816,6,67,67301,2016,6,1,145,1,3,1,0,2,1, , ,N,1,0,0,3,0,0,2,2,N,N,39 58:48.767,75 09:26.884,145, ,145, ,0, ,N, ,0, , , , , , , , , ,2,1,0,0,0,0,0,0,0,0,0,0,0,0,0,0,0,0,0,1,0,0,0,0,0,0,0,0,0,0,0,0,0,0,0,0,0,39.9802,-75.1575, , 
19368,212555,2016071087,6,67,67301,2016,6,5,2004,20,1,1,0,8,1, , ,N,0,0,0,3,0,1,2,2,N, ,40 03:47.908,75 04:57.691,2016, ,2011,3,2,6, , ,0,Y, , , , , , , , ,1,1,0,0,0,0,0,0,0,0,0,0,1,1,0,0,0,0,0,0,0,0,0,0,0,0,0,0,0,0,0,0,1,0,0,8,0,40.0633,-75.0827, , 
19369,212563,2016080541,6,67,67301,2016,6,4,727,7,1,1,0,1,1, , ,N,1,2,1,3,0,1,3,2,N,N,40 00:44.798,75 05:15.761,800, ,745, ,0, ,N, ,3, , , , , , , , , ,2,0,0,1,0,0,1,0,0,0,0,0,1,1,0,0,0,0,0,0,0,1,0,1,0,0,0,0,0,0,0,0,0,0,0,8,1,40.0125,-75.0875, , 
19370,212564,2016080879,6,67,67301,2016,6,4,1421,14,1,1,0,5,1, , ,N,0,0,0,3,0,1,4,2,N, ,39 55:57.878,75 10:34.522,1618, ,1618, ,0, , , ,0, , , , , , , , , ,2,1,0,0,0,0,0,0,0,0,0,0,1,1,0,0,0,0,0,0,0,0,0,2,0,0,0,0,0,0,0,0,0,0,0,8,0,39.9327,-75.1763, , 
19371,212580,2016097093,6,67,67301,2016,9,7,30,0,3,1,0,5,6, , ,N,0,0,0,3,0,1,1,4,N, ,40 00:29.376,75 08:15.450,57, ,57, ,0, , , ,0, , , , , , , , , ,4,0,0,0,1,0,3,0,0,0,0,1,1,0,0,0,0,0,0,0,0,0,0,1,0,0,0,0,0,0,0,0,0,0,0,4,0,40.0082,-75.1376, , 
19372,212583,2016105950,6,67,67301,2016,8,4,1950,19,1,9,8,4,1, , ,N,1,3,0,3,0,1,2,2,N,N,39 59:45.384,75 05:57.443,2111, ,2111, ,0, ,N, ,3, , , , , , , , , ,1,1,0,0,0,0,0,0,1,0,0,0,1,1,0,0,0,0,0,0,0,0,0,1,0,0,0,0,0,0,0,0,0,0,0,8,0,39.9959,-75.0993, , 
19373,212601,2016129471,6,67,67301,2016,11,1,2300,23,3,1,0,5,1, , ,N,0,0,0,3,0,1,2,2,N,N,40 01:35.667,75 05:45.555,2315, ,2310, ,0, ,N, ,0, , , , , , , , , ,2,1,0,0,0,0,1,0,0,0,0,0,1,1,0,0,0,0,0,0,0,0,0,0,0,0,0,0,0,0,0,0,0,0,0,8,0,40.0266,-75.096, , 
19374,212620,2016080550,6,67,67301,2016,7,6,1629,16,1,1,0,4,1, , ,N,1,3,0,3,0,1,2,2,N,N,40 01:12.208,75 03:22.150,1632, ,1632, ,0, ,N, ,3, , , , , , , , , ,2,2,0,0,0,0,0,0,0,0,0,1,1,0,0,0,0,0,0,0,0,0,1,0,0,0,0,0,0,0,0,0,0,0,0,4,0,40.0201,-75.0562, , 
19375,212641,2016093895,6,67,67301,2016,9,1,109,1,3,1,0,7,4, , ,N,6,0,2,3,0,1,1,1,N,N,39 54:39.103,75 08:56.529,112, ,109, ,0, , , ,0, , , , , , , , , ,1,1,0,0,0,0,0,0,0,0,0,0,1,1,0,0,0,0,0,0,0,0,0,1,0,0,0,0,0,0,0,0,0,0,0,8,0,39.9109,-75.149, , 
19376,212648,2016087699,6,67,67301,2016,8,3,1430,14,1,1,0,5,6, , ,N,0,0,0,3,0,1,1,2,N, ,39 59:18.396,75 13:40.958,1500, ,1455, ,0, , , ,0, , , , , , , , , ,2,2,0,0,0,0,0,0,0,0,0,0,1,1,0,0,0,0,0,0,0,0,0,0,0,0,0,0,0,0,0,0,0,0,0,8,0,39.9884,-75.228, , 
19377,212659,2016124408,6,67,67301,2016,10,5,1310,13,1,2,1,4,1, , ,N,1,2,0,3,0,1,3,2,N,N,40 04:51.448,75 01:44.242,1330, ,1319, ,0, ,N, ,3, , , , , , , , , ,2,1,0,0,0,0,1,0,0,0,0,1,1,0,0,0,0,0,0,0,1,0,1,0,0,0,0,0,0,0,0,0,0,0,0,4,0,40.0809,-75.0288, , 
19378,212660,2016119660,6,67,67301,2016,10,1,628,6,3,1,0,4,1, , ,N,1,2,0,3,0,1,2,2,N,N,39 57:31.442,75 13:37.864,632, ,628,3,2,5,N, ,3,Y, , , , , , , , ,2,1,0,0,0,0,1,0,0,0,1,0,1,0,0,0,0,0,0,0,0,0,0,0,0,0,0,0,0,0,0,0,0,0,0,3,0,39.9587,-75.2272, , 
19379,212669,2016080091,6,67,67301,2016,6,5,1703,17,1,1,0,5,1, , ,N,0,0,0,3,0,1,2,2,Y, ,39 57:22.340,75 12:24.671,1719, ,1714, ,0, , , ,0, , , , , , , , , ,2,0,0,1,0,0,1,0,0,0,0,0,1,1,0,0,0,0,0,0,1,0,0,1,0,0,0,0,0,0,0,0,0,0,0,8,1,39.9562,-75.2069, , 
19380,212670,2016080366,6,67,67301,2016,6,7,1933,19,1,1,0,6,1, , ,N,0,0,0,3,0,1,2,2,N, ,40 01:05.814,75 08:51.899,1951, ,1933, ,0, , , ,0, , , , , , , , , ,2,2,0,0,0,0,0,0,0,0,0,1,1,0,0,0,0,0,0,0,0,0,0,0,0,0,0,0,0,0,0,0,0,0,0,4,0,40.0183,-75.1477, , 
19381,212672,2016105573,6,67,67301,2016,9,5,1013,10,1,1,0,1,1, , ,N,0,2,0,3,0,1,6,3,N,N,39 57:13.655,75 08:23.672,1020, ,1013, ,0, , , ,3, , , , , , , , , ,3,1,0,0,0,0,1,1,0,0,0,1,1,0,0,0,0,0,0,0,0,0,0,0,0,0,0,0,0,0,0,0,0,0,0,4,0,39.9538,-75.1399, , 
19382,212705,2017007910,6,67,67301,2016,12,3,1644,16,1,1,0,8,1, , ,N,0,0,0,3,0,1,2,2,N,N,39 59:48.557,75 04:27.963,1655, ,1651, ,0, , , ,0, , , , , , , , , ,1,1,0,0,0,0,0,0,0,0,0,1,1,0,0,0,0,0,0,0,0,0,0,1,0,0,0,0,0,0,0,0,1,0,0,4,0,39.9968,-75.0744, , 
19383,212706,2017008744,6,67,67301,2016,12,7,1450,14,1,1,0,4,1, , ,N,1,2,0,3,0,1,2,2,N,N,39 57:30.637,75 09:56.095,1505, ,1500, ,0, ,N, ,3, , , , , , , , , ,2,2,0,0,0,0,0,0,0,0,0,0,1,1,0,0,0,0,0,0,0,0,0,1,0,0,0,0,0,0,0,0,0,0,0,8,0,39.9585,-75.1656, , 
19384,203097,2016099205,6,67,67301,2016,9,2,633,6,1,1,0,1,1, , ,N,0,0,0,3,0,1,2,2,N,N,40 00:35.563,75 03:50.569,650, ,633,2,2,1, , ,0,Y, , , , , , , , ,2,2,0,0,0,0,0,0,0,0,1,0,1,0,0,0,0,0,0,0,0,0,0,0,0,0,0,0,0,0,0,0,0,0,0,3,0,40.0099,-75.064, , 
19385,203112,2016108570,6,67,67301,2016,9,5,748,7,1,2,1,8,1, , ,N,0,0,0,3,0,1,2,2,N, ,39 57:17.583,75 13:33.365,751, ,748,2,2,5, , ,0,Y, , , , , , , , ,1,0,0,0,0,1,0,0,0,0,0,1,1,0,0,0,0,0,0,0,0,0,0,0,0,0,0,0,0,0,0,0,1,0,0,4,1,39.9549,-75.2259, , 
19386,203122,2016062606,6,67,67301,2016,5,3,30,0,3,1,0,5,6, , ,N,0,0,0,3,0,1,1,2,N,N,40 04:14.116,75 00:52.808,37, ,34, ,0, , , ,0, , , , , , , , , ,2,1,0,0,0,0,1,0,0,0,0,0,1,1,0,0,0,0,0,0,0,0,0,0,0,0,0,0,0,0,0,0,0,0,0,8,0,40.0706,-75.0147, , 
19387,203136,2016126123,6,67,67301,2016,11,5,2335,23,3,1,0,5,6, , ,N,0,0,0,3,0,0,1,4,N, ,39 58:04.079,75 08:36.660,100, ,46, ,0, , , ,0, , , , , , , , , ,4,3,0,0,0,0,1,0,0,0,0,0,0,0,0,0,0,0,0,0,0,0,0,1,0,0,0,0,0,0,0,0,0,0,0,0,0,39.9678,-75.1435, , 
19388,203140,2016053629,6,67,67301,2016,5,1,1642,16,1,2,1,7,4, , ,N,0,0,0,3,0,2,3,1,N, ,39 55:05.855,75 13:33.864,1722, ,1719, ,0, , , ,0, , , , , , , , , ,1,1,0,0,0,0,0,0,0,0,0,2,2,0,0,0,0,0,0,0,0,0,0,2,0,0,0,0,0,0,0,0,0,0,0,4,0,39.9183,-75.2261, , 
19389,203149,2016062597,6,67,67301,2016,5,6,2111,21,3,1,0,4,1, , ,N,1,2,0,3,0,2,3,2,N,N,39 58:14.012,75 08:59.857,2114, ,2111, ,0, ,N, ,3, , , , , , , , , ,2,2,0,0,0,0,0,0,0,0,0,1,2,1,0,0,0,0,0,0,0,0,0,0,0,0,0,0,0,0,0,0,0,0,0,4,0,39.9704,-75.15, , 
19390,203150,2016062648,6,67,67301,2016,5,6,1000,10,1,1,0,1,1, , ,N,2,2,1,3,0,1,2,2,N,N,39 55:19.017,75 11:19.719,1201, ,1152, ,0, ,N, ,3, , , , , , , , , ,2,2,0,0,0,0,0,0,0,0,0,1,1,0,1,0,0,0,0,0,0,0,0,0,0,0,0,0,0,0,0,0,0,0,0,4,0,39.9219,-75.1888, , 
19391,203160,2016079852,6,67,67301,2016,8,6,2124,21,3,1,0,1,1, , ,N,0,0,0,3,0,1,2,2,N,N,39 58:04.313,75 11:23.570,2239, ,2219, ,0, , , ,0, , , , , , , , , ,2,1,0,0,0,0,1,0,0,0,0,0,1,1,0,0,0,1,0,0,0,0,0,0,0,0,0,0,0,0,0,0,0,0,0,8,0,39.9679,-75.1899, , 
19392,203169,2016088600,6,67,67301,2016,8,7,2200,22,3,1,0,4,1, , ,N,2,3,0,3,0,0,5,2,N, ,39 57:36.781,75 13:59.005,14, ,2200, ,0, , , ,3, , , , , , , , , ,2,1,0,0,0,0,1,0,0,0,0,0,0,0,2,0,0,0,0,0,0,0,0,1,0,0,0,0,0,0,0,0,0,0,0,9,0,39.9602,-75.2331, , 
19393,203176,2016019353,6,67,67301,2016,2,6,2215,22,3,1,0,7,4,1,4,Y,0,0,0,3,0,0,4,2,N,N,39 58:11.173,75 07:33.777,2227,45,2220,2,2,1, , ,0,N,N,N,N,N,N,N,Y,N,2,1,0,0,0,0,1,0,0,0,0,0,0,0,0,0,0,0,0,0,0,0,0,0,0,0,0,0,0,0,0,0,0,0,0,0,0,39.9698,-75.126, , 
19394,203180,2016026091,6,67,67301,2016,2,2,1335,13,1,4,1,1,6, , ,N,0,0,0,3,0,1,1,2,N,N,40 02:18.824,75 03:53.770,1650, ,1630, ,0, ,N, ,0, , , , , , , , , ,2,2,0,0,0,0,0,0,0,0,0,0,1,1,0,0,0,0,0,0,1,0,0,0,0,0,0,0,0,0,0,0,0,0,0,8,0,40.0386,-75.0649, , 
19395,203189,2016037779,6,67,67301,2016,3,7,1729,17,1,1,0,5,1, , ,N,1,2,0,3,0,1,2,2,N,N,39 57:33.040,75 14:36.283,1734, ,1732, ,0, ,N, ,3, , , , , , , , , ,1,1,0,0,0,0,0,0,1,0,1,0,1,0,1,0,0,0,0,0,0,0,0,0,0,0,0,0,0,0,0,0,0,0,0,3,0,39.9592,-75.2434, , 
19396,203193,2016039680,6,67,67301,2016,3,2,936,9,1,1,0,5,1, , ,N,0,0,0,3,0,0,3,2,N,N,39 57:53.491,75 11:04.803,940, ,937,1,1,2, , ,0,N, , , , , , , , ,2,2,0,0,0,0,0,0,0,0,0,0,0,0,0,0,0,0,0,0,1,0,0,0,0,0,0,0,0,0,0,0,0,0,0,0,0,39.9649,-75.1847, , 
19397,203195,2016040995,6,67,67301,2016,4,7,300,3,3,1,0,4,4, , ,N,1,2,0,3,0,0,1,3,N,N,39 59:07.606,75 05:48.056,1211, ,300, ,0, ,N, ,3, , , , , , , , , ,3,2,0,0,0,0,1,0,0,0,0,0,0,0,0,0,0,0,0,0,0,0,0,0,0,0,0,0,0,0,0,0,0,0,0,0,0,39.9854,-75.0967, , 
19398,203208,2016053785,6,67,67301,2016,5,4,615,6,5,9,0,4,1, , ,N,2,0,7,3,0,2,3,2,N,N,39 57:31.708,75 14:43.846,1420, ,1415, ,0, ,N, ,0, , , , , , , , , ,2,1,0,0,0,0,0,1,0,0,0,0,2,2,1,0,0,0,0,0,0,0,0,1,0,0,0,0,0,0,0,0,0,0,0,8,0,39.9588,-75.2455, , 
19399,203212,2016060820,6,67,67301,2016,5,7,1130,11,1,1,0,4,1, , ,N,1,2,0,3,0,1,6,3,N, ,40 05:04.850,75 01:30.277,1136, ,1133,1,2,2, , ,3,N, , , , , , , , ,3,1,0,0,0,0,2,0,0,0,0,1,1,0,0,0,0,0,0,0,0,0,1,0,0,0,0,0,0,0,0,0,0,0,0,4,0,40.0847,-75.0251, , 
19400,203222,2016065714,6,67,67301,2016,6,1,1919,19,1,1,0,8,1, , ,N,1,3,0,3,0,2,3,3,N,N,40 00:22.489,75 08:27.049,0, ,2356, ,0, ,N, ,3, , , , , , , , , ,1,1,0,0,0,0,0,0,0,0,2,0,2,0,0,0,0,0,0,0,0,0,0,0,0,0,0,0,0,0,0,0,2,0,0,3,0,40.0062,-75.1408, , 
19401,203230,2016080726,6,67,67301,2016,7,3,1831,18,1,1,0,8,1, , ,N,2,0,0,3,0,1,2,2,N,N,39 57:59.928,75 13:13.417,1843, ,1840, ,0, ,N, ,0, , , , , , , , , ,1,1,0,0,0,0,0,0,0,0,0,1,1,0,0,0,0,0,0,0,0,0,0,0,0,0,0,0,0,0,0,0,1,0,0,4,0,39.9666,-75.2204, , 
19402,203242,2016109101,6,67,67301,2016,10,7,531,5,3,1,0,7,5, , ,N,0,0,0,3,0,1,1,1,N,N,39 58:37.176,75 11:53.126,534, ,532,2,1,4, , ,0,N, , , , , , , , ,1,1,0,0,0,0,0,0,0,0,1,0,1,0,0,0,0,0,0,0,0,0,0,1,0,0,0,0,0,0,0,0,0,0,0,3,0,39.977,-75.1981, , 
19403,206363,2016090270,6,67,67301,2016,8,3,1600,16,1,1,0,5,1, , ,N,0,0,0,3,0,1,3,2,N, ,39 55:35.659,75 13:30.990,1612, ,1609, ,0, , , ,0, , , , , , , , , ,2,1,0,0,0,0,0,1,0,0,0,1,1,0,0,0,0,0,0,0,0,0,0,0,0,0,0,0,0,0,0,0,0,0,0,4,0,39.9266,-75.2253, , 
19404,206434,2016099504,6,67,67301,2016,9,1,318,3,3,1,0,4,1, , ,N,5,2,2,3,0,0,5,2,N,N,39 57:27.542,75 09:44.544,323, ,321, ,0, ,N, ,3, , , , , , , , , ,2,2,0,0,0,0,0,0,0,0,0,0,0,0,0,0,0,0,0,0,0,0,0,0,0,0,0,0,0,0,0,0,0,0,0,0,0,39.9577,-75.1624, , 
19405,206447,2016062589,6,67,67301,2016,5,3,9999,99,1,1,0,4,6, , ,N,0,0,7,3,0,1,1,3,N,N,39 59:27.124,75 07:52.137,1219, ,1153, ,0, , , ,0, , , , , , , , , ,3,1,0,0,0,0,1,1,0,0,0,1,1,0,0,0,0,0,0,0,0,0,0,0,0,0,0,0,0,0,0,0,0,0,0,4,0,39.9909,-75.1311, , 
19406,206466,2016080732,6,67,67301,2016,7,3,2125,21,3,1,0,1,1, , ,N,2,2,0,3,0,1,5,5,N, ,39 59:23.096,75 15:02.818,2207, ,2203,2,1,1, , ,3,N, , , , , , , , ,5,4,0,0,0,0,1,0,0,0,0,1,1,0,0,0,0,0,0,0,0,0,0,4,0,0,0,0,0,0,0,0,0,0,0,4,0,39.9897,-75.2508, , 
19407,206468,2016082257,6,67,67301,2016,7,7,9999,99,3,1,0,4,1, , ,N,1,2,0,3,0,2,2,2,N, ,39 59:20.627,75 05:22.626,413, ,411, ,0, , , ,3, , , , , , , , , ,2,1,0,1,0,0,0,0,0,0,0,1,2,1,0,0,0,0,0,0,1,0,0,1,0,0,0,0,0,0,0,0,0,0,0,4,1,39.9891,-75.0896, , 
19408,206475,2016093902,6,67,67301,2016,9,4,1709,17,1,1,0,5,1, , ,N,7,3,0,3,0,0,2,2,N,N,39 55:15.640,75 11:21.963,1753, ,1718,2,1,3, , ,3,N, , , , , , , , ,2,0,0,0,0,0,2,0,0,0,0,0,0,0,1,0,0,0,0,0,0,0,0,0,0,0,0,0,0,0,0,0,0,0,0,9,0,39.921,-75.1894, , 
19409,206481,2016091654,6,67,67301,2016,8,4,1405,14,1,1,0,4,1, , ,N,1,2,0,3,0,5,6,4,N, ,39 59:39.085,75 06:28.154,1410, ,1405,2,2,5, , ,3,Y, , , , , , , , ,4,3,0,0,0,1,0,0,0,0,0,5,5,0,0,0,0,0,0,0,0,0,0,1,0,0,0,0,0,0,0,0,0,0,0,4,1,39.9942,-75.1078, , 
19410,206503,2016087167,6,67,67301,2016,8,2,1600,16,1,1,0,4,1, , ,N,2,3,0,3,0,2,4,2,N,N,40 07:34.842,75 01:12.201,1623, ,1620, ,0, ,N, ,3, , , , , , , , , ,2,1,0,0,1,0,0,0,0,0,0,1,2,1,0,0,0,1,0,0,1,0,0,0,0,0,0,0,0,0,0,0,0,0,0,4,0,40.1263,-75.0201, , 
19411,206511,2016097641,6,67,67301,2016,8,2,1021,10,1,1,0,5,6, , ,N,0,0,0,3,0,0,1,2,N,N,40 00:17.515,75 08:12.851,1040, ,1035, ,0, ,N, ,0, , , , , , , , , ,2,1,0,0,1,0,0,0,0,0,0,0,0,0,0,0,0,0,0,0,0,0,0,0,0,0,0,0,0,0,0,0,0,0,0,0,0,40.0049,-75.1369, , 
19412,206541,2016058533,6,67,67301,2016,5,7,2338,23,3,2,1,7,5, , ,N,0,0,0,3,0,0,3,1,N,N,40 00:22.752,75 12:36.318,2350, ,2340, ,0, ,N, ,0, , , , , , , , , ,1,1,0,0,0,0,0,0,0,0,0,0,0,0,0,0,0,0,0,0,0,0,0,0,0,0,0,0,0,0,0,0,0,0,0,0,0,40.0063,-75.2101, , 
19413,206580,2016129547,6,67,67301,2016,11,4,1918,19,3,1,0,1,1, , ,N,0,0,0,3,0,1,3,2,N, ,40 04:11.918,75 02:20.428,1925, ,1925,1,1,1, , ,0,N, , , , , , , , ,2,1,0,0,0,0,1,0,0,0,0,1,1,0,0,0,0,0,0,0,1,0,0,0,0,0,0,0,0,0,0,0,0,0,0,4,0,40.07,-75.039, , 
19414,206610,2016083795,6,67,67301,2016,7,3,644,6,1,2,1,1,1, , ,N,0,0,0,3,0,1,3,3,N,N,39 56:47.258,75 08:32.680,719, ,644,2,1,2, , ,0,N, , , , , , , , ,3,1,0,0,0,1,1,0,0,0,0,0,1,1,0,0,0,0,0,0,2,0,0,0,0,0,0,0,0,0,0,0,0,0,0,8,1,39.9465,-75.1424, , 
19415,206614,2016086754,6,67,67301,2016,7,3,902,9,1,1,0,1,1, , ,N,7,0,2,3,0,0,3,3,N,N,39 56:40.392,75 11:52.814,922, ,917, ,0, ,N, ,0, , , , , , , , , ,3,3,0,0,0,0,0,0,0,0,0,0,0,0,0,0,0,0,0,0,0,0,0,0,0,0,0,0,0,0,0,0,0,0,0,0,0,39.9446,-75.198, , 
19416,206633,2016123748,6,67,67301,2016,11,4,1554,15,1,1,0,1,1, , ,N,0,0,0,3,0,1,2,2,N,N,39 56:44.798,75 11:24.217,1558, ,1554,1,1,3, , ,0,N, , , , , , , , ,2,1,0,0,1,0,0,0,0,0,0,0,1,1,0,0,0,0,0,0,0,0,0,0,0,0,0,0,0,0,0,0,0,0,0,8,0,39.9458,-75.1901, , 
19417,206643,2016132224,6,67,67301,2016,11,5,1045,10,1,1,0,4,1, , ,N,1,2,0,3,0,1,2,2,N,N,39 56:06.468,75 09:13.917,1054, ,1051, ,0, , , ,3, , , , , , , , , ,2,1,0,0,0,0,1,0,0,0,0,1,1,0,0,0,0,0,0,0,0,0,0,0,0,0,0,0,0,0,0,0,0,0,0,4,0,39.9351,-75.1539, , 
19418,206652,2016080451,6,67,67301,2016,6,5,705,7,1,8,0,0,1, , ,N,0,0,0,3,0,1,1,1,N,N,39 56:45.682,75 09:34.102,715, ,706, ,0, ,N, ,0, , , , , , , , , ,1,0,1,0,0,0,0,0,0,0,0,0,1,1,0,0,0,0,0,0,0,0,0,0,0,0,0,0,0,0,0,0,0,0,0,8,0,39.946,-75.1595, , 
19419,206653,2016080494,6,67,67301,2016,6,1,2032,20,3,1,0,4,1, , ,N,0,0,0,3,0,2,4,4,N,N,40 02:57.600,75 04:04.196,2037, ,2034, ,0, , , ,0, , , , , , , , , ,4,0,0,0,0,1,2,1,0,0,1,1,2,0,0,0,1,0,0,0,0,0,0,1,0,0,0,0,0,0,0,0,0,0,0,3,1,40.0493,-75.0678, , 
19420,206655,2016082321,6,67,67301,2016,7,5,1229,12,1,1,0,6,1, , ,N,0,0,0,3,0,1,2,2,N,N,40 03:19.053,75 03:43.746,1252, ,1250, ,0, ,N, ,0, , , , , , , , , ,2,1,0,0,0,1,0,0,0,0,0,1,1,0,0,0,0,0,0,0,1,0,0,0,0,0,0,0,0,0,0,0,0,0,0,4,1,40.0553,-75.0622, , 
19421,209857,2016097629,6,67,67301,2016,9,3,845,8,1,1,0,4,1, , ,N,1,3,0,3,0,1,2,2,N, ,39 57:22.741,75 10:15.056,855, ,846, ,0, , , ,3, , , , , , , , , ,1,0,0,0,0,0,1,0,1,0,0,1,1,0,0,0,0,0,0,0,0,0,0,0,0,0,0,0,0,0,0,0,0,0,0,4,0,39.9563,-75.1708, , 
19422,209860,2016105822,6,67,67301,2016,9,2,1045,10,1,2,1,7,5, , ,N,0,0,0,3,0,1,3,1,N,N,39 58:10.298,75 09:25.111,1102, ,1100, ,0, ,N, ,0, , , , , , , , , ,1,0,0,0,0,0,1,0,0,0,0,1,1,0,0,0,0,0,0,0,0,0,0,0,0,0,0,0,0,0,0,0,0,0,0,4,0,39.9695,-75.157, , 
19423,209864,2016119121,6,67,67301,2016,10,5,632,6,5,1,0,4,1, , ,N,5,2,0,3,0,1,2,2,N, ,39 57:51.728,75 10:34.926,639, ,637, ,0, , , ,3, , , , , , , , , ,1,0,0,0,0,0,1,0,1,0,0,1,1,0,0,0,0,0,0,0,1,0,0,1,0,0,0,0,0,0,0,0,0,0,0,4,0,39.9644,-75.1764, , 
19424,209866,2016129269,6,67,67301,2016,11,5,1730,17,4,1,0,4,1, , ,N,2,2,2,3,0,1,2,2,N,N,39 56:18.521,75 08:32.410,1811, ,1808,9,1,2, , ,3,N, , , , , , , , ,2,1,0,0,0,1,0,0,0,0,1,0,1,0,0,0,0,0,0,0,0,0,0,0,0,0,0,0,0,0,0,0,0,0,0,3,1,39.9385,-75.1421, , 