objectid_1,objectid,crn,district,county,municipality,crash_year,crash_month,day_of_week,time_of_day,hour_of_day,illumination,weather,road_condition,collision_type,relation_to_road,work_zone_type,work_zone_loc,work_zone_ind,intersect_type,tcd_type,location_type,urban_rural,fatal_count,injury_count,person_count,total_units,sch_bus_ind,sch_zone_ind,latitude,longitude,arrival_tm,cons_zone_spd_lim,dispatch_tm,est_hrs_closed,lane_closed,ln_close_dir,ntfy_hiwy_maint,spec_juris_cd,tcd_func_cd,tfc_detour_ind,workers_pres,wz_close_detour,wz_flagger,wz_law_offcr_ind,wz_ln_closure,wz_moving,wz_other,wz_shlder_mdn,vehicle_count,automobile_count,motorcycle_count,bus_count,small_truck_count,heavy_truck_count,suv_count,van_count,bicycle_count,maj_inj_count,mod_inj_count,min_inj_count,tot_inj_count,unk_inj_deg_count,unk_inj_per_count,driver_count_16yr,driver_count_17yr,driver_count_18yr,driver_count_19yr,driver_count_20yr,driver_count_50_64yr,driver_count_65_74yr,driver_count_75plus,unbelted_occ_count,unb_death_count,unb_maj_inj_count,belted_death_count,belted_maj_inj_count,mcycle_death_count,mcycle_maj_inj_count,bicycle_death_count,bicycle_maj_inj_count,ped_count,ped_death_count,ped_maj_inj_count,max_severity_level,comm_veh_count,dec_lat,dec_long,rdwy_surf_type_cd,county_name
19425,209888,2016117152,6,67,67301,2016,10,7,1800,18,1,1,0,8,1, , ,N,0,0,0,3,0,1,3,2,N,N,40 06:19.768,75 01:55.788,1806, ,1804, ,0, ,N, ,0, , , , , , , , , ,1,1,0,0,0,0,0,0,0,0,0,1,1,0,0,0,0,0,0,1,0,0,0,2,0,0,0,0,0,0,0,0,1,0,0,4,0,40.1055,-75.0322, , 
19426,209891,2016112090,6,67,67301,2016,10,1,1319,13,1,1,1,4,1, , ,N,1,2,0,3,0,5,5,3,N, ,40 02:24.861,75 03:30.268,1334, ,1320, ,0, , , ,3, , , , , , , , , ,2,1,0,0,0,0,1,0,1,1,0,4,5,0,0,0,0,0,0,0,1,0,1,0,0,0,0,0,0,0,0,1,0,0,0,2,0,40.0402,-75.0584, , 
19427,209893,2016103121,6,67,67301,2016,10,4,1717,17,1,1,0,1,1, , ,N,0,0,0,3,0,1,3,2,N,N,40 03:16.474,74 59:07.775,1726, ,1717,1,1,2, , ,0,N, , , , , , , , ,2,0,0,0,1,0,1,0,0,0,1,0,1,0,0,0,0,0,0,0,1,0,0,0,0,0,0,0,0,0,0,0,0,0,0,3,0,40.0546,-74.9855, , 
19428,209906,2016063961,6,67,67301,2016,6,5,1740,17,1,1,0,4,1, , ,N,1,2,0,3,0,4,5,2,N,N,39 55:06.900,75 13:33.657,1748, ,1744, ,0, ,N, ,3, , , , , , , , , ,2,0,0,0,0,0,2,0,0,0,0,0,4,4,0,0,0,0,0,0,0,0,0,0,0,0,0,0,0,0,0,0,0,0,0,8,0,39.9185,-75.2259, , 
19429,209908,2016065656,6,67,67301,2016,6,4,855,8,1,1,0,3,1, , ,N,1,2,0,3,0,1,3,2,N,N,39 56:50.704,75 14:23.171,930, ,928, ,0, ,N, ,3, , , , , , , , , ,2,1,0,0,1,0,0,0,0,0,0,1,1,0,0,0,0,0,0,0,0,0,0,2,0,0,0,0,0,0,0,0,0,0,0,4,0,39.9474,-75.2398, , 
19430,209914,2016080584,6,67,67301,2016,6,7,1513,15,1,1,0,4,1, , ,N,2,0,0,3,0,1,2,2,N,N,40 01:53.447,75 10:03.977,1520, ,1515,2,2,7,N, ,0,Y, , , , , , , , ,2,0,1,0,1,0,0,0,0,1,0,0,1,0,0,0,0,0,0,0,0,1,0,0,0,0,0,0,0,1,0,0,0,0,0,2,0,40.0315,-75.1678, , 
19431,209935,2016080693,6,67,67301,2016,7,1,311,3,3,1,0,4,1, , ,N,1,2,0,3,0,4,4,2,N,N,39 57:40.697,75 10:30.951,318, ,312,2,1,1,N, ,3,N, , , , , , , , ,2,1,0,0,0,0,1,0,0,0,2,2,4,0,0,0,0,0,0,0,0,0,0,0,0,0,0,0,0,0,0,0,0,0,0,3,0,39.9613,-75.175, , 
19432,209951,2016087614,6,67,67301,2016,8,4,1214,12,1,1,1,8,1, , ,N,0,0,0,3,0,1,2,2,N, ,39 57:33.638,75 14:28.831,1217, ,1216, ,0, , , ,0, , , , , , , , , ,1,1,0,0,0,0,0,0,0,0,1,0,1,0,0,0,0,0,0,0,0,0,0,1,0,0,0,0,0,0,0,0,1,0,0,3,0,39.9593,-75.2413, , 
19433,209954,2016111637,6,67,67301,2016,10,2,1950,19,3,1,0,7,5, , ,N,0,0,0,3,0,1,1,1,N,N,39 58:46.534,75 12:16.000,1953, ,1950, ,0, , , ,0, , , , , , , , , ,1,1,0,0,0,0,0,0,0,0,0,0,1,1,0,0,0,0,0,0,0,0,0,0,0,0,0,0,0,0,0,0,0,0,0,8,0,39.9796,-75.2044, , 
19434,209963,2016129785,6,67,67301,2016,12,6,155,1,3,1,0,1,1, , ,N,1,2,0,3,0,0,2,2,N,N,40 00:16.847,75 09:07.652,204, ,201, ,0, ,N, ,3, , , , , , , , , ,2,1,0,0,0,0,1,0,0,0,0,0,0,0,0,0,0,0,0,0,0,1,0,0,0,0,0,0,0,0,0,0,0,0,0,0,0,40.0047,-75.1521, , 
19435,209969,2017004008,6,67,67301,2016,11,4,2050,20,3,1,0,7,4, , ,N,0,0,0,3,0,1,1,1,N,N,39 59:23.090,75 12:20.816,2054, ,2050,2,1,4, , ,0,N, , , , , , , , ,1,1,0,0,0,0,0,0,0,0,0,0,1,1,0,0,0,0,0,0,0,0,0,0,0,0,0,0,0,0,0,0,0,0,0,8,0,39.9897,-75.2058, , 
19436,209975,2017018949,6,67,67301,2016,6,4,2148,21,3,1,0,4,1, , ,N,2,3,0,3,0,1,2,2,N,N,40 00:51.091,75 07:42.974,0, ,0, ,0, ,N, ,3, , , , , , , , , ,2,2,0,0,0,0,0,0,0,0,0,0,1,1,0,0,0,0,0,0,0,0,0,0,0,0,0,0,0,0,0,0,0,0,0,8,0,40.0142,-75.1286, , 
19437,209985,2016067648,6,67,67301,2016,6,5,740,7,1,1,0,5,1, , ,N,0,0,0,3,0,3,4,2,N,N,40 03:11.159,74 59:11.426,755, ,750,2,1,1, , ,0,N, , , , , , , , ,2,2,0,0,0,0,0,0,0,0,0,0,3,3,0,0,0,0,0,0,1,0,0,0,0,0,0,0,0,0,0,0,0,0,0,8,0,40.0531,-74.9865, , 
19438,209998,2016084625,6,67,67301,2016,8,4,1225,12,1,1,0,3,1, , ,N,2,0,0,3,0,1,3,2,N, ,39 59:08.721,75 09:34.891,1245, ,1230, ,0, , , ,0, , , , , , , , , ,2,1,0,0,0,0,1,0,0,0,0,1,1,0,0,0,0,0,0,0,0,0,0,2,0,0,0,0,0,0,0,0,0,0,0,4,0,39.9858,-75.1597, , 
19439,212716,2016080373,6,67,67301,2016,6,6,822,8,1,1,0,4,1, , ,N,0,0,7,3,0,1,2,2,N,N,39 56:58.383,75 09:26.089,826, ,826, ,0, , , ,0, , , , , , , , , ,1,1,0,0,0,0,0,0,1,0,0,0,1,1,0,0,0,0,0,0,0,1,0,0,0,0,0,0,0,0,0,0,0,0,0,8,0,39.9496,-75.1572, , 
19440,212725,2016084123,6,67,67301,2016,8,2,930,9,1,9,0,8,1, , ,N,2,0,0,3,0,1,2,2,N, ,40 04:35.073,75 12:25.468,1601, ,1600, ,0, , , ,0, , , , , , , , , ,1,1,0,0,0,0,0,0,0,0,0,1,1,0,1,0,0,0,0,0,1,0,0,0,0,0,0,0,0,0,0,0,1,0,0,4,0,40.0764,-75.2071, , 
19441,212736,2016090285,6,67,67301,2016,8,7,1512,15,1,1,1,1,1, , ,N,1,2,0,3,0,1,2,2,N,N,40 00:27.560,75 09:05.322,1518, ,1512,3,1,1,N, ,2,N, , , , , , , , ,2,2,0,0,0,0,0,0,0,0,1,0,1,0,0,0,0,0,0,0,0,0,0,1,0,0,0,0,0,0,0,0,0,0,0,3,0,40.0077,-75.1515, , 
19442,212742,2016106335,6,67,67301,2016,9,2,809,8,1,1,0,1,1, , ,N,0,0,0,3,0,0,6,4,N, ,40 01:07.157,75 09:58.887,835, ,810,2,2,2, , ,0,N, , , , , , , , ,4,4,0,0,0,0,0,0,0,0,0,0,0,0,0,0,0,0,0,0,0,0,0,0,0,0,0,0,0,0,0,0,0,0,0,0,0,40.0187,-75.1664, , 
19443,212744,2016119146,6,67,67301,2016,10,4,710,7,3,1,0,4,1, , ,N,1,3,0,3,0,3,3,2,N,N,39 59:42.730,75 07:40.893,725, ,713, ,0, ,N, ,3, , , , , , , , , ,2,1,1,0,0,0,0,0,0,0,0,0,3,3,0,0,0,0,0,0,0,0,0,0,0,0,0,0,0,0,0,0,0,0,0,8,0,39.9952,-75.128, , 
19444,212749,2016119145,6,67,67301,2016,10,4,1850,18,3,1,0,8,1, , ,N,0,0,0,3,0,1,2,2,N, ,39 59:48.321,75 06:23.839,2000, ,1741, ,0, , , ,0, , , , , , , , , ,1,0,0,0,0,0,1,0,0,0,0,0,1,1,0,0,0,0,0,0,0,0,0,0,0,0,0,0,0,0,0,0,1,0,0,8,0,39.9968,-75.1066, , 
19445,212750,2016120525,6,67,67301,2016,10,4,1655,16,1,1,0,4,1, , ,N,0,0,7,3,0,1,4,2,N, ,40 04:16.078,75 00:14.902,1703, ,1655, ,0, , , ,0, , , , , , , , , ,2,2,0,0,0,0,0,0,0,0,0,1,1,0,0,0,0,0,0,0,1,0,0,0,0,0,0,0,0,0,0,0,0,0,0,4,0,40.0711,-75.0041, , 
19446,212752,2016112133,6,67,67301,2016,10,5,1015,10,1,1,0,4,1, , ,N,1,2,0,3,0,1,2,2,N,N,39 55:40.948,75 13:09.423,1036, ,1031, ,0, ,N, ,3, , , , , , , , , ,2,1,0,0,0,1,0,0,0,0,0,0,1,1,0,0,0,0,0,0,1,0,0,1,0,0,0,0,0,0,0,0,0,0,0,8,0,39.928,-75.2193, , 
19447,212773,2016089928,6,67,67301,2016,8,3,1200,12,1,1,0,4,1, , ,N,0,3,7,3,0,2,2,2,N,N,40 04:45.408,75 12:50.237,1216, ,1206, ,0, ,N, ,3, , , , , , , , , ,2,1,0,0,0,0,1,0,0,0,1,0,2,1,0,0,0,1,0,0,0,0,0,0,0,0,0,0,0,0,0,0,0,0,0,3,0,40.0793,-75.214, , 
19448,212783,2016097163,6,67,67301,2016,8,2,1910,19,1,1,0,4,1, , ,N,1,2,7,3,0,0,2,2,N, ,39 55:18.249,75 13:29.902,1915, ,1915, ,0, , , ,3, , , , , , , , , ,2,1,0,0,0,0,1,0,0,0,0,0,0,0,1,0,0,0,0,0,0,0,0,0,0,0,0,0,0,0,0,0,0,0,0,9,0,39.9217,-75.225, , 
19449,212785,2016090271,6,67,67301,2016,8,1,1303,13,1,1,0,1,1, , ,N,0,0,0,3,0,1,4,3,N,N,40 02:48.470,75 05:26.246,1315, ,1310,1,2,3,N, ,0,N, , , , , , , , ,3,2,0,0,0,0,1,0,0,0,0,1,1,0,0,0,0,0,0,0,1,0,0,1,0,0,0,0,0,0,0,0,0,0,0,4,0,40.0468,-75.0906, , 
19450,212791,2016105873,6,67,67301,2016,9,3,735,7,1,1,0,4,1, , ,N,1,2,0,3,0,0,2,2,N,N,39 57:24.362,75 12:40.902,812, ,812, ,0, ,N, ,3, , , , , , , , , ,2,2,0,0,0,0,0,0,0,0,0,0,0,0,0,0,0,0,0,0,0,1,0,0,0,0,0,0,0,0,0,0,0,0,0,0,0,39.9568,-75.2114, , 
19451,212794,2016108593,6,67,67301,2016,9,4,1205,12,1,2,1,4,1, , ,N,3,0,2,3,0,2,3,2,N,N,39 54:29.188,75 09:21.587,1215, ,1207,2,1,3,N, ,0,N, , , , , , , , ,2,1,0,0,0,0,1,0,0,0,0,2,2,0,1,0,0,0,0,0,1,0,0,0,0,0,0,0,0,0,0,0,0,0,0,4,0,39.9081,-75.156, , 
19452,212800,2016068272,6,67,67301,2016,5,1,500,5,5,1,0,5,6, , ,N,0,0,0,3,0,0,1,6,N,N,39 56:58.380,75 13:56.737,516, ,514,9,1,6,N, ,0,N, , , , , , , , ,6,3,0,0,0,0,3,0,0,0,0,0,0,0,1,0,0,0,0,0,0,0,0,0,0,0,0,0,0,0,0,0,0,0,0,9,0,39.9496,-75.2324, , 
19453,212803,2016073656,6,67,67301,2016,7,2,2229,22,3,1,0,0,1, , ,N,0,0,0,3,0,1,1,1,N,N,39 55:54.186,75 11:58.846,2245, ,2229,3,1,4, , ,0,N, , , , , , , , ,1,0,0,0,0,1,0,0,0,0,1,0,1,0,0,0,0,0,0,0,0,0,0,0,0,0,0,0,0,0,0,0,0,0,0,3,1,39.9317,-75.1997, , 
19454,212830,2016103120,6,67,67301,2016,10,4,1717,17,1,1,0,1,1, , ,N,0,0,0,3,0,1,4,4,N,N,40 03:15.658,74 59:06.990,1726, ,1717,1,1,2, , ,0,N, , , , , , , , ,4,2,0,0,1,0,0,1,0,0,1,0,1,0,0,0,0,0,0,0,2,0,0,0,0,0,0,0,0,0,0,0,0,0,0,3,0,40.0543,-74.9853, , 
19455,212854,2016116571,6,67,67301,2016,11,3,813,8,1,1,0,2,1, , ,N,1,2,0,3,0,1,2,2, , ,39 57:13.102,75 11:55.145,820, ,818, ,0, , , ,3, , , , , , , , , ,1,0,0,0,0,0,1,0,1,0,1,0,1,0,0,0,0,0,0,0,0,0,0,0,0,0,0,0,0,0,0,0,0,0,0,3,0,39.9536,-75.1986, , 
19456,212883,2016081422,6,67,67301,2016,7,1,1951,19,1,1,0,1,1, , ,N,0,0,0,3,0,2,9,3,N,N,40 01:47.733,75 05:14.890,1956, ,1953,1,1,6,N, ,0,N, , , , , , , , ,3,2,0,0,1,0,0,0,0,0,0,2,2,0,1,0,0,1,0,0,1,0,0,0,0,0,0,0,0,0,0,0,0,0,0,4,0,40.0299,-75.0875, , 
19457,203245,2016111215,6,67,67301,2016,10,6,1009,10,1,1,0,1,1,1,4,Y,0,0,0,3,0,0,2,2,N,N,40 01:41.790,75 01:24.075,1017,45,1009, ,0, , , ,0, ,Y,N,N,N,N,N,N,Y,2,2,0,0,0,0,0,0,0,0,0,0,0,0,0,0,0,0,0,0,0,0,0,0,0,0,0,0,0,0,0,0,0,0,0,0,0,40.0283,-75.0234, , 
19458,203253,2016096764,6,67,67301,2016,9,5,2136,21,6,1,0,1,1,1,4,Y,0,0,0,3,0,1,2,2,N,N,40 01:40.644,75 01:25.630,2141,50,2137,3,1,1, , ,0,N,N,N,N,N,Y,N,N,Y,2,1,1,0,0,0,0,0,0,0,0,0,1,1,0,0,0,0,0,0,1,0,0,0,0,0,0,0,0,0,0,0,0,0,0,8,0,40.028,-75.0238, , 
19459,203256,2016122106,6,67,67301,2016,11,3,1903,19,3,1,0,1,1, , ,N,6,0,2,3,0,1,2,2,N,N,39 57:26.946,75 08:48.339,1924, ,1903, ,0, , , ,0, , , , , , , , , ,2,2,0,0,0,0,0,0,0,0,0,1,1,0,0,0,0,0,0,0,0,0,0,0,0,0,0,0,0,0,0,0,0,0,0,4,0,39.9575,-75.1468, , 
19460,203270,2016066482,6,67,67301,2016,6,5,1224,12,1,2,1,1,1, , ,N,0,0,0,3,0,4,8,4,N,N,40 00:26.733,75 12:00.502,1228, ,1224, ,0, , , ,0, , , , , , , , , ,4,0,0,0,1,0,2,1,0,0,0,4,4,0,0,0,0,0,0,0,1,0,0,0,0,0,0,0,0,0,0,0,0,0,0,4,0,40.0074,-75.2001, , 
19461,203274,2016087176,6,67,67301,2016,8,2,53,0,3,1,0,5,1, , ,N,1,2,0,3,0,1,2,2,N,N,39 59:07.606,75 05:48.056,9999, ,58, ,0, ,N, ,3, , , , , , , , , ,1,0,0,0,0,0,0,0,1,0,0,1,1,0,0,0,0,0,0,0,0,0,0,0,0,0,0,0,0,0,0,0,0,0,0,4,0,39.9854,-75.0967, , 
19462,203292,2016087205,6,67,67301,2016,8,6,1417,14,1,1,0,4,1, , ,N,1,2,0,3,0,2,3,3,N,N,40 05:41.833,75 00:55.566,1445, ,1438,3,2,3,N, ,3,Y, , , , , , , , ,3,0,0,0,1,1,0,1,0,0,0,1,2,1,0,0,0,1,0,0,1,0,0,0,0,0,0,0,0,0,0,0,0,0,0,4,1,40.095,-75.0154, , 
19463,203303,2016112203,6,67,67301,2016,10,3,943,9,1,1,0,4,1, , ,N,1,3,0,3,0,1,2,2,N,N,40 02:57.112,75 11:47.381,947, ,944, ,0, ,N, ,3, , , , , , , , , ,2,1,0,0,0,0,1,0,0,0,0,1,1,0,0,0,0,0,0,0,0,1,0,2,0,0,0,0,0,0,0,0,0,0,0,4,0,40.0492,-75.1965, , 
19464,203313,2016048664,6,67,67301,2016,4,1,2256,22,3,1,0,4,1, , ,N,1,2,0,3,0,2,2,2,N,N,39 56:45.165,75 14:24.752,2325, ,2316, ,0, ,N, ,3, , , , , , , , , ,2,2,0,0,0,0,0,0,0,0,2,0,2,0,0,0,0,0,0,1,0,0,0,0,0,0,0,0,0,0,0,0,0,0,0,3,0,39.9459,-75.2403, , 
19465,203322,2016063490,6,67,67301,2016,5,7,38,0,3,1,0,0,1, , ,N,1,2,0,3,1,0,2,2,N,N,40 01:34.430,75 07:01.760,44, ,39,3,2,6,N,0,3,Y, , , , , , , , ,2,1,1,0,0,0,0,0,0,0,0,0,0,0,0,0,0,0,0,0,0,0,0,0,0,0,0,0,1,0,0,0,0,0,0,1,0,40.0262,-75.1174,2, 
19466,203350,2016106301,6,67,67301,2016,9,4,1715,17,1,1,0,8,1, , ,N,0,0,0,3,0,1,2,2,N,N,39 57:19.067,75 09:52.892,1725, ,1721, ,0, ,N, ,0, , , , , , , , , ,1,1,0,0,0,0,0,0,0,0,0,1,1,0,0,0,0,0,0,0,1,0,0,1,0,0,0,0,0,0,0,0,1,0,0,4,0,39.9553,-75.1647, , 
19467,203352,2016103103,6,67,67301,2016,10,1,154,1,3,2,1,7,2, , ,N,0,0,0,3,0,1,3,1,N,N,39 57:43.737,75 10:57.516,205, ,154,2,2,4, , ,0,N, , , , , , , , ,1,0,0,0,0,0,1,0,0,0,1,0,1,0,0,0,0,0,0,0,0,0,0,0,0,0,0,0,0,0,0,0,0,0,0,3,0,39.9621,-75.1826, , 
19468,203359,2016120598,6,67,67301,2016,10,5,609,6,1,1,0,4,1, , ,N,1,2,0,3,0,1,2,2,N, ,40 02:10.346,75 03:51.114,617, ,616, ,0, , , ,3, , , , , , , , , ,2,1,0,0,1,0,0,0,0,0,0,1,1,0,0,0,0,0,0,0,2,0,0,2,0,0,0,0,0,0,0,0,0,0,0,4,0,40.0363,-75.0643, , 
19469,203361,2016062587,6,67,67301,2016,5,6,1020,10,1,1,0,1,1, , ,N,0,0,0,3,0,3,4,3,N,N,40 00:26.327,75 07:27.053,1031, ,1031, ,0, , , ,0, , , , , , , , , ,3,1,0,0,0,0,2,0,0,1,0,0,3,2,0,0,0,0,0,0,0,0,0,0,0,0,0,0,0,0,0,0,0,0,0,2,0,40.0073,-75.1242, , 
19470,203363,2016063991,6,67,67301,2016,6,3,1740,17,1,1,0,1,1, , ,N,1,0,0,3,0,1,2,2,N,N,39 57:55.731,75 10:39.744,1800, ,1755, ,0, ,N, ,0, , , , , , , , , ,2,1,1,0,0,0,0,0,0,0,0,1,1,0,0,0,0,0,0,0,0,0,0,0,0,0,0,0,0,0,0,0,0,0,0,4,0,39.9655,-75.1777, , 
19471,203364,2016064031,6,67,67301,2016,6,3,1620,16,1,2,1,8,1, , ,N,0,0,0,3,0,2,3,3,N, ,39 58:36.049,75 07:54.740,1624, ,1622, ,0, , , ,0, , , , , , , , , ,1,0,0,0,0,0,1,0,0,0,0,2,2,0,0,0,0,0,0,0,0,0,0,0,0,0,0,0,0,0,0,0,2,0,0,4,0,39.9767,-75.1319, , 
19472,203368,2016070636,6,67,67301,2016,6,4,1640,16,1,1,0,4,1, , ,N,1,2,0,3,0,1,2,2,N, ,40 01:55.826,75 05:30.584,1728, ,1719, ,0, , , ,3, , , , , , , , , ,1,1,0,0,0,0,0,0,1,0,0,1,1,0,0,0,0,0,0,0,1,0,0,1,0,0,0,0,0,0,0,0,0,0,0,4,0,40.0322,-75.0918, , 
19473,203425,2016080135,6,67,67301,2016,6,2,25,0,3,1,0,1,1, , ,N,1,3,0,3,0,2,3,2,N,N,39 58:49.566,75 07:36.357,34, ,31, ,0, , , ,3, , , , , , , , , ,2,2,0,0,0,0,0,0,0,0,0,2,2,0,0,0,0,0,0,0,0,0,0,3,0,0,0,0,0,0,0,0,0,0,0,4,0,39.9804,-75.1268, , 
19474,203482,2016087708,6,67,67301,2016,8,7,1027,10,1,1,0,4,1, , ,N,1,2,0,3,0,0,3,2,N,N,40 01:24.018,75 10:44.495,1036, ,1029, ,0, ,N, ,3, , , , , , , , , ,2,2,0,0,0,0,0,0,0,0,0,0,0,0,0,0,0,0,0,0,0,1,0,0,0,0,0,0,0,0,0,0,0,0,0,0,0,40.0233,-75.179, , 
19475,206659,2016082325,6,67,67301,2016,7,1,115,1,3,9,0,4,1, , ,N,2,0,0,3,0,2,5,2,N,N,39 58:30.244,75 10:05.352,1145, ,1145, ,0, , , ,0, , , , , , , , , ,2,2,0,0,0,0,0,0,0,0,0,2,2,0,1,0,0,0,0,0,0,0,0,0,0,0,0,0,0,0,0,0,0,0,0,4,0,39.9751,-75.1682, , 
19476,206680,2016105502,6,67,67301,2016,9,3,836,8,1,1,0,4,1, , ,N,1,3,0,3,0,1,2,3,N, ,39 56:54.280,75 12:32.597,903, ,903, ,0, , , ,3, , , , , , , , , ,3,1,0,1,0,0,1,0,0,0,0,1,1,0,0,0,0,0,0,0,1,0,0,0,0,0,0,0,0,0,0,0,0,0,0,4,1,39.9484,-75.2091, , 
19477,206682,2016106300,6,67,67301,2016,9,4,1538,15,1,1,1,7,3, , ,N,0,0,0,3,0,1,1,1,N,N,40 00:58.182,75 12:14.056,1545, ,1541,2,1,1, , ,0,N, , , , , , , , ,1,0,0,0,0,0,1,0,0,0,0,0,1,1,0,0,0,0,0,0,0,0,0,0,0,0,0,0,0,0,0,0,0,0,0,8,0,40.0162,-75.2039, , 
19478,206690,2016060844,6,67,67301,2016,5,1,9999,99,1,9,0,4,1, , ,N,1,2,0,3,0,1,4,3,N,N,40 00:11.788,75 09:57.272,1800, ,1726, ,0, ,N, ,3, , , , , , , , , ,3,3,0,0,0,0,0,0,0,0,0,0,1,1,3,0,0,0,0,0,0,0,0,0,0,0,0,0,0,0,0,0,0,0,0,8,0,40.0033,-75.1659, , 
19479,206696,2016080088,6,67,67301,2016,7,7,1900,19,4,1,0,4,1, , ,N,1,2,0,3,0,1,2,2,N,N,39 56:16.313,75 10:00.515,2343, ,2341, ,0, ,N, ,3, , , , , , , , , ,1,0,0,0,0,0,1,0,1,0,0,0,1,1,0,0,0,0,0,0,0,0,0,1,0,0,0,0,0,0,0,0,0,0,0,8,0,39.9379,-75.1667, , 
19480,206697,2016080937,6,67,67301,2016,6,7,1603,16,1,1,0,1,1, , ,N,0,0,7,3,0,0,3,2,N,N,40 05:53.123,75 01:50.722,1620, ,1612, ,0, ,N, ,0, , , , , , , , , ,2,0,0,0,0,0,2,0,0,0,0,0,0,0,0,0,0,1,0,0,0,0,0,0,0,0,0,0,0,0,0,0,0,0,0,0,0,40.0981,-75.0308, , 
19481,206706,2016097591,6,67,67301,2016,9,4,1540,15,1,1,0,8,1, , ,N,3,3,0,3,0,1,2,2,N,N,39 55:02.324,75 10:16.649,1605, ,1603, ,0, ,N, ,3, , , , , , , , , ,1,1,0,0,0,0,0,0,0,0,1,0,1,0,1,0,0,0,0,0,0,0,0,0,0,0,0,0,0,0,0,0,1,0,0,3,0,39.9174,-75.1711, , 
19482,206724,2016105929,6,67,67301,2016,9,1,500,5,5,1,0,5,6, , ,N,0,0,0,3,0,0,3,2,N, ,40 00:33.487,75 09:05.729,844, ,844, ,0, , , ,0, , , , , , , , , ,2,0,0,0,0,0,1,1,0,0,0,0,0,0,3,1,0,0,0,0,0,0,0,0,0,0,0,0,0,0,0,0,0,0,0,9,0,40.0093,-75.1516, , 
19483,206726,2016111080,6,67,67301,2016,10,6,1315,13,1,1,0,8,1, , ,N,2,0,0,3,0,1,2,2,N,N,40 05:06.925,75 04:28.221,1329, ,1322, ,0, ,N, ,0, , , , , , , , , ,1,1,0,0,0,0,0,0,0,0,0,0,1,1,0,0,0,0,0,0,0,1,0,0,0,0,0,0,0,0,0,0,1,0,0,8,0,40.0853,-75.0745, , 
19484,206751,2016089558,6,67,67301,2016,8,4,1520,15,1,1,0,1,1, , ,N,3,0,0,3,0,0,3,3,N,N,39 55:56.854,75 12:00.596,1548, ,1535,2,2,3, , ,0,N, , , , , , , , ,3,1,0,0,1,1,0,0,0,0,0,0,0,0,1,0,0,0,0,0,1,0,0,0,0,0,0,0,0,0,0,0,0,0,0,9,1,39.9325,-75.2002, , 
19485,206755,2016083311,6,67,67301,2016,8,2,1020,10,1,1,0,7,2, , ,N,0,0,0,3,0,0,2,1,N,N,40 04:37.480,75 11:46.011,1030, ,1026,1,1,1,N, ,0,N, , , , , , , , ,1,1,0,0,0,0,0,0,0,0,0,0,0,0,0,0,0,1,0,0,0,0,0,0,0,0,0,0,0,0,0,0,0,0,0,0,0,40.0771,-75.1961, , 
19486,206759,2016105015,6,67,67301,2016,8,1,37,0,3,1,0,4,1, , ,N,0,0,0,3,0,0,2,3,N,N,39 56:46.187,75 14:33.949,108, ,108, ,0, ,N, ,0, , , , , , , , , ,3,2,0,0,0,0,1,0,0,0,0,0,0,0,0,0,0,0,0,0,1,0,0,1,0,0,0,0,0,0,0,0,0,0,0,0,0,39.9462,-75.2428, , 
19487,206762,2016097610,6,67,67301,2016,8,4,430,4,3,1,0,1,1, , ,N,1,2,0,3,0,0,2,2,N,N,39 57:03.048,75 09:49.788,435, ,430, ,0, ,N, ,3, , , , , , , , , ,2,1,0,0,1,0,0,0,0,0,0,0,0,0,0,0,0,0,0,0,0,0,0,0,0,0,0,0,0,0,0,0,0,0,0,0,0,39.9508,-75.1638, , 
19488,206767,2016105739,6,67,67301,2016,9,3,1640,16,1,1,0,4,1, , ,N,1,2,0,3,0,2,2,2,N,N,40 01:36.505,75 05:50.523,1900, ,1817,1,1,2,N, ,3,N, , , , , , , , ,2,2,0,0,0,0,0,0,0,0,0,0,2,2,0,0,0,0,0,0,0,0,0,0,0,0,0,0,0,0,0,0,0,0,0,8,0,40.0268,-75.0974, , 
19489,206774,2016105645,6,67,67301,2016,9,5,1850,18,3,1,0,1,1, , ,N,0,2,0,3,0,0,2,2,N,N,40 05:57.132,75 00:44.154,1905, ,1902, ,0, ,N, ,3, , , , , , , , , ,2,2,0,0,0,0,0,0,0,0,0,0,0,0,0,0,0,0,0,0,0,0,1,0,0,0,0,0,0,0,0,0,0,0,0,0,0,40.0992,-75.0123, , 
19490,206782,2016126721,6,67,67301,2016,11,6,1437,14,1,1,0,5,1, , ,N,0,0,0,3,0,2,3,2,N,N,40 02:55.811,74 59:50.397,1454, ,1437,2,1,1, , ,0,N, , , , , , , , ,2,1,0,0,0,0,0,0,0,0,0,0,2,2,1,0,0,1,0,0,0,0,0,0,0,0,0,0,0,0,0,0,0,0,0,8,0,40.0488,-74.9973, , 
19491,206796,2016105525,6,67,67301,2016,9,7,1300,13,1,1,0,8,1, , ,N,0,0,0,3,0,1,2,2,N,Y,39 59:33.165,75 08:21.181,1320, ,1315, ,0, ,N, ,0, , , , , , , , , ,1,1,0,0,0,0,0,0,0,0,0,0,1,1,0,0,0,0,0,0,0,0,0,1,0,0,0,0,0,0,0,0,1,0,0,8,0,39.9925,-75.1392, , 