objectid_1,objectid,crn,district,county,municipality,crash_year,crash_month,day_of_week,time_of_day,hour_of_day,illumination,weather,road_condition,collision_type,relation_to_road,work_zone_type,work_zone_loc,work_zone_ind,intersect_type,tcd_type,location_type,urban_rural,fatal_count,injury_count,person_count,total_units,sch_bus_ind,sch_zone_ind,latitude,longitude,arrival_tm,cons_zone_spd_lim,dispatch_tm,est_hrs_closed,lane_closed,ln_close_dir,ntfy_hiwy_maint,spec_juris_cd,tcd_func_cd,tfc_detour_ind,workers_pres,wz_close_detour,wz_flagger,wz_law_offcr_ind,wz_ln_closure,wz_moving,wz_other,wz_shlder_mdn,vehicle_count,automobile_count,motorcycle_count,bus_count,small_truck_count,heavy_truck_count,suv_count,van_count,bicycle_count,maj_inj_count,mod_inj_count,min_inj_count,tot_inj_count,unk_inj_deg_count,unk_inj_per_count,driver_count_16yr,driver_count_17yr,driver_count_18yr,driver_count_19yr,driver_count_20yr,driver_count_50_64yr,driver_count_65_74yr,driver_count_75plus,unbelted_occ_count,unb_death_count,unb_maj_inj_count,belted_death_count,belted_maj_inj_count,mcycle_death_count,mcycle_maj_inj_count,bicycle_death_count,bicycle_maj_inj_count,ped_count,ped_death_count,ped_maj_inj_count,max_severity_level,comm_veh_count,dec_lat,dec_long,rdwy_surf_type_cd,county_name
19492,206805,2016120492,6,67,67301,2016,10,5,1530,15,1,2,1,7,3, , ,N,0,0,0,3,0,0,1,1,N, ,39 55:01.320,75 11:29.247,1536, ,1532,1,1,1,N, ,0,Y, , , , , , , , ,1,0,0,0,0,0,0,1,0,0,0,0,0,0,0,0,0,0,0,0,0,0,0,0,0,0,0,0,0,0,0,0,0,0,0,0,0,39.917,-75.1915, , 
19493,206820,2016058682,6,67,67301,2016,5,5,2130,21,3,1,0,4,1, , ,N,1,2,0,3,0,1,2,2,N,N,40 07:24.747,75 00:55.270,2145, ,2142, ,0, ,N, ,3, , , , , , , , , ,2,1,0,0,0,0,1,0,0,0,0,0,1,1,0,0,0,0,1,0,0,0,0,0,0,0,0,0,0,0,0,0,0,0,0,8,0,40.1235,-75.0154, , 
19494,210014,2016108393,6,67,67301,2016,10,4,1135,11,1,1,0,1,1, , ,N,0,0,3,3,0,1,3,3,N,N,40 01:13.677,75 09:32.703,1150, ,1138,1,2,1,N, ,0,N, , , , , , , , ,3,1,0,0,0,1,1,0,0,0,1,0,1,0,0,0,0,0,0,0,1,0,0,0,0,0,0,0,0,0,0,0,0,0,0,3,1,40.0205,-75.1591, , 
19495,210040,2016125476,6,67,67301,2016,9,5,15,0,3,2,1,7,7, , ,N,7,0,2,3,0,0,1,1,N,N,39 56:54.491,75 11:10.619,23, ,16,2,1,3, , ,0,N, , , , , , , , ,1,1,0,0,0,0,0,0,0,0,0,0,0,0,1,0,0,0,0,0,0,0,0,0,0,0,0,0,0,0,0,0,0,0,0,9,0,39.9485,-75.1863, , 
19496,210057,2016082233,6,67,67301,2016,7,4,1200,12,1,1,0,1,1, , ,N,2,2,0,3,0,0,3,2,N,N,40 03:19.919,75 07:34.663,1238, ,1237,2,1,3, , ,3,N, , , , , , , , ,2,0,0,0,0,0,2,0,0,0,0,0,0,0,0,0,0,0,0,0,0,0,0,0,0,0,0,0,0,0,0,0,0,0,0,0,0,40.0554,-75.1263, , 
19497,210068,2016132223,6,67,67301,2016,11,2,1445,14,1,1,0,8,1, , ,N,2,2,0,3,0,1,2,2,N,N,40 01:20.163,75 08:14.178,1715, ,1502, ,0, , , ,3, , , , , , , , , ,1,0,0,0,0,0,0,0,0,0,0,1,1,0,0,0,0,0,0,0,0,0,0,0,0,0,0,0,0,0,0,0,1,0,0,4,0,40.0223,-75.1373, , 
19498,210069,2016135769,6,67,67301,2016,12,3,1414,14,1,2,1,4,1, , ,N,1,2,3,3,0,1,36,2,N,N,39 57:25.886,75 09:31.375,1415, ,1415,2,2,3,N, ,3,Y, , , , , , , , ,2,0,0,1,0,0,1,0,0,0,0,1,1,0,0,0,0,0,0,0,1,0,0,0,0,0,0,0,0,0,0,0,0,0,0,4,1,39.9572,-75.1587, , 
19499,210089,2016068696,6,67,67301,2016,6,7,2245,22,3,1,0,0,1, , ,N,1,2,0,3,0,1,1,1,N, ,40 00:13.994,75 10:14.420,2252, ,2245, ,0, , , ,3, , , , , , , , , ,1,0,1,0,0,0,0,0,0,0,1,0,1,0,0,0,0,0,0,0,0,0,0,0,0,0,0,0,0,0,0,0,0,0,0,3,0,40.0039,-75.1707, , 
19500,210095,2016075524,6,67,67301,2016,7,2,856,8,1,1,0,1,1, , ,N,0,0,0,3,0,0,2,2,N,N,39 59:43.193,75 11:51.476,859, ,857, ,0, , , ,0, , , , , , , , , ,2,0,0,0,0,0,0,1,0,0,0,0,0,0,1,0,0,0,0,0,0,0,0,0,0,0,0,0,0,0,0,0,0,0,0,9,0,39.9953,-75.1976, , 
19501,210125,2016124424,6,67,67301,2016,10,6,905,9,1,1,0,4,1, , ,N,1,3,0,3,0,0,2,2,N,N,39 57:38.977,75 09:22.766,920, ,911, ,0, ,N, ,3, , , , , , , , , ,2,2,0,0,0,0,0,0,0,0,0,0,0,0,1,0,0,0,0,0,0,0,0,0,0,0,0,0,0,0,0,0,0,0,0,9,0,39.9608,-75.1563, , 
19502,210134,2016129429,6,67,67301,2016,11,6,750,7,1,1,0,4,1, , ,N,1,3,0,3,0,1,3,2,N,Y,39 58:02.200,75 13:07.143,809, ,808, ,0, ,N, ,3, , , , , , , , , ,2,1,0,0,0,0,1,0,0,0,0,0,1,1,0,0,0,0,0,0,1,0,0,0,0,0,0,0,0,0,0,0,0,0,0,8,0,39.9673,-75.2187, , 
19503,210140,2016068665,6,67,67301,2016,6,6,2140,21,3,1,1,1,1, , ,N,2,2,0,3,0,1,2,2,N,N,40 00:28.561,75 11:29.319,2148, ,2142, ,0, ,N, ,3, , , , , , , , , ,2,1,0,0,0,0,1,0,0,0,1,0,1,0,0,0,0,0,0,1,0,0,0,0,0,0,0,0,0,0,0,0,0,0,0,3,0,40.0079,-75.1915, , 
19504,210146,2016072238,6,67,67301,2016,6,4,1606,16,1,1,0,1,1, , ,N,0,0,3,3,0,0,2,2,N,N,39 53:56.582,75 10:06.185,1606, ,1606,1,1,2, , ,0,N, , , , , , , , ,2,2,0,0,0,0,0,0,0,0,0,0,0,0,0,0,0,0,0,0,0,0,0,0,0,0,0,0,0,0,0,0,0,0,0,0,0,39.8991,-75.1684, , 
19505,210147,2016072742,6,67,67301,2016,6,3,44,0,3,2,1,1,1, , ,N,2,2,0,3,0,1,2,2,N,N,39 59:08.056,75 15:30.794,47, ,44,1,1,2, , ,3,Y, , , , , , , , ,2,1,0,0,1,0,0,0,0,0,0,0,1,1,0,0,0,0,0,0,0,0,0,0,0,0,0,0,0,0,0,0,0,0,0,8,0,39.9855,-75.2585, , 
19506,210151,2016080716,6,67,67301,2016,6,4,2121,21,3,1,0,1,6, , ,N,0,0,0,3,0,0,1,3,N,N,40 05:48.881,75 01:17.862,2148, ,2145,1,1,2, , ,0,N, , , , , , , , ,3,1,0,0,0,0,1,1,0,0,0,0,0,0,0,0,0,0,0,0,1,0,0,0,0,0,0,0,0,0,0,0,0,0,0,0,0,40.0969,-75.0216, , 
19507,210153,2016083793,6,67,67301,2016,6,5,1814,18,1,1,0,1,1,1,4,Y,0,0,0,3,0,2,4,4,N,N,40 01:29.940,75 01:46.703,1814,45,1814,3,2,5, , ,0,N,Y,N,N,N,N,N,N,Y,4,1,0,0,0,0,3,0,0,0,0,0,2,2,0,0,0,0,0,0,1,0,0,0,0,0,0,0,0,0,0,0,0,0,0,8,0,40.025,-75.0296, , 
19508,210160,2016084580,6,67,67301,2016,8,3,2300,23,3,1,0,4,1, , ,N,1,2,0,3,0,0,2,2,N,N,40 02:39.682,75 04:21.458,2332, ,2330, ,0, , , ,3, , , , , , , , , ,2,1,0,0,0,0,1,0,0,0,0,0,0,0,0,0,0,0,0,0,0,0,0,0,0,0,0,0,0,0,0,0,0,0,0,0,0,40.0444,-75.0726, , 
19509,210164,2016082346,6,67,67301,2016,7,5,710,7,1,1,0,1,1, , ,N,0,0,0,3,0,1,3,2,N,N,39 57:33.057,75 10:15.935,1915, ,1910, ,0, ,N, ,0, , , , , , , , , ,2,2,0,0,0,0,0,0,0,0,0,1,1,0,0,0,0,0,0,0,0,1,0,0,0,0,0,0,0,0,0,0,0,0,0,4,0,39.9592,-75.1711, , 
19510,210172,2016126058,6,67,67301,2016,11,6,920,9,1,1,0,8,1, , ,N,0,0,0,3,0,1,2,2,N,N,39 57:41.284,75 08:36.867,1350, ,1350, ,0, ,N, ,0, , , , , , , , , ,1,1,0,0,0,0,0,0,0,0,1,0,1,0,0,0,0,0,0,0,0,0,0,0,0,0,0,0,0,0,0,0,1,0,0,3,0,39.9615,-75.1436, , 
19511,210179,2016126021,6,67,67301,2016,11,6,2100,21,3,1,0,4,1, , ,N,0,0,0,3,0,3,3,3,N,N,40 02:29.925,75 03:51.526,2200, ,2155,9,2,1,N, ,0,Y, , , , , , , , ,3,2,0,0,0,0,1,0,0,0,2,1,3,0,0,0,0,0,0,0,1,0,0,3,0,0,0,0,0,0,0,0,0,0,0,3,0,40.0416,-75.0643, , 
19512,213263,2016112085,6,67,67301,2016,10,1,805,8,5,2,1,4,1, , ,N,2,0,0,3,0,1,2,2,N, ,39 58:32.622,75 13:24.894,825, ,810, ,0, , , ,0, , , , , , , , , ,2,2,0,0,0,0,0,0,0,0,0,0,1,1,0,0,0,0,0,0,1,0,0,2,0,0,0,0,0,0,0,0,0,0,0,8,0,39.9757,-75.2236, , 
19513,213267,2016130820,6,67,67301,2016,10,1,210,2,3,2,1,7,7, , ,N,7,0,2,3,0,0,1,1,N,N,39 57:34.049,75 10:28.169,210, ,210,1,2,4, , ,0,N, , , , , , , , ,1,1,0,0,0,0,0,0,0,0,0,0,0,0,0,0,0,0,0,0,0,0,0,0,0,0,0,0,0,0,0,0,0,0,0,0,0,39.9595,-75.1745, , 
19514,213274,2016061243,6,67,67301,2016,5,2,1243,12,1,1,0,7,5, , ,N,0,0,0,3,0,1,1,1,N,N,39 57:55.918,75 13:51.376,1250, ,1244, ,0, ,N, ,0, , , , , , , , , ,1,0,0,0,0,0,1,0,0,0,0,0,1,1,0,0,0,0,0,0,1,0,0,0,0,0,0,0,0,0,0,0,0,0,0,8,0,39.9655,-75.2309, , 
19515,213276,2016062628,6,67,67301,2016,5,6,1708,17,1,1,0,4,1, , ,N,5,2,0,3,0,0,3,2,N, ,39 55:32.257,75 10:09.555,1717, ,1710, ,0, , , ,3, , , , , , , , , ,2,1,0,0,0,0,1,0,0,0,0,0,0,0,0,0,0,0,0,0,0,0,0,2,0,0,0,0,0,0,0,0,0,0,0,0,0,39.9256,-75.1693, , 
19516,213280,2016063957,6,67,67301,2016,6,2,2013,20,1,1,0,8,1, , ,N,2,0,0,3,0,1,2,2,N,N,39 59:14.802,75 10:21.399,2015, ,2015, ,0, , , ,0, , , , , , , , , ,1,0,0,0,0,0,1,0,0,0,1,0,1,0,0,0,0,0,0,0,0,0,0,0,0,0,0,0,0,0,0,0,1,0,0,3,0,39.9874,-75.1726, , 
19517,213292,2016080875,6,67,67301,2016,6,6,1020,10,1,1,0,7,4, , ,N,1,3,0,3,0,0,1,1,N,N,39 56:53.264,75 10:04.303,1030, ,1022,1,1,1, , ,3,N, , , , , , , , ,1,1,0,0,0,0,0,0,0,0,0,0,0,0,0,0,0,0,0,0,0,1,0,0,0,0,0,0,0,0,0,0,0,0,0,0,0,39.9481,-75.1679, , 
19518,213301,2016138217,6,67,67301,2016,12,5,834,8,1,1,0,4,1, , ,N,1,3,0,3,0,3,4,2,N,N,39 58:48.129,75 07:26.075,838, ,834, ,0, ,N, ,3, , , , , , , , , ,2,2,0,0,0,0,0,0,0,0,0,0,3,3,1,0,0,0,0,0,0,0,0,0,0,0,0,0,0,0,0,0,0,0,0,8,0,39.98,-75.1239, , 
19519,213326,2016099614,6,67,67301,2016,9,7,16,0,3,1,0,1,1, , ,N,1,0,0,3,0,2,4,2,N,N,40 01:56.643,75 05:29.941,45, ,39, ,0, , , ,0, , , , , , , , , ,2,1,0,0,0,0,1,0,0,0,0,2,2,0,0,0,0,0,0,0,1,0,0,1,0,0,0,0,0,0,0,0,0,0,0,4,0,40.0324,-75.0917, , 
19520,213353,2016065899,6,67,67301,2016,6,3,1830,18,1,1,0,4,1, , ,N,1,2,0,3,0,3,3,2,N,N,40 00:27.560,75 09:05.322,1831, ,1830,3,2,4,N, ,3,Y, , , , , , , , ,2,2,0,0,0,0,0,0,0,1,0,1,3,1,0,0,0,0,0,0,0,1,0,2,0,1,0,0,0,0,0,0,0,0,0,2,0,40.0077,-75.1515, , 
19521,213362,2016080260,6,67,67301,2016,6,7,1837,18,1,1,0,7,5, , ,N,0,0,0,3,0,1,1,1,N,N,39 57:02.225,75 13:36.560,1845, ,1843,1,2,5,N, ,0,Y, , , , , , , , ,1,0,0,0,0,0,1,0,0,0,1,0,1,0,0,0,0,0,0,0,0,1,0,0,0,0,0,0,0,0,0,0,0,0,0,3,0,39.9506,-75.2268, , 
19522,213367,2016082323,6,67,67301,2016,7,5,2130,21,3,1,0,4,1, , ,N,1,2,0,3,0,1,3,3,N, ,40 00:20.691,75 05:56.615,1, ,2357,2,1,1, , ,3,N, , , , , , , , ,3,0,0,0,0,0,2,1,0,0,1,0,1,0,0,0,0,0,0,0,0,0,0,0,0,0,0,0,0,0,0,0,0,0,0,3,0,40.0057,-75.099, , 
19523,213377,2016089609,6,67,67301,2016,8,4,1820,18,1,1,0,8,1, , ,N,1,3,0,3,0,1,2,2,N,N,39 58:47.812,75 09:19.414,1833, ,1825, ,0, ,N, ,3, , , , , , , , , ,1,1,0,0,0,0,0,0,0,0,0,1,1,0,0,0,0,0,0,0,1,0,0,0,0,0,0,0,0,0,0,0,1,0,0,4,0,39.9799,-75.1554, , 
19524,213388,2016126118,6,67,67301,2016,11,7,1905,19,3,1,0,4,1, , ,N,1,2,0,3,0,3,4,2,N, ,40 01:18.141,75 07:32.411,1917, ,1915, ,0, , , ,3, , , , , , , , , ,2,2,0,0,0,0,0,0,0,0,0,3,3,0,0,0,0,0,1,0,0,0,0,3,0,0,0,0,0,0,0,0,0,0,0,4,0,40.0217,-75.1257, , 
19525,213394,2016064164,6,67,67301,2016,6,5,1020,10,1,1,0,1,1, , ,N,0,0,0,3,0,3,4,3,N,N,39 58:42.783,75 12:10.249,1029, ,1024, ,0, , , ,0, , , , , , , , , ,3,3,0,0,0,0,0,0,0,0,0,3,3,0,0,0,0,0,1,0,2,0,0,0,0,0,0,0,0,0,0,0,0,0,0,4,0,39.9786,-75.2028, , 
19526,213400,2016081420,6,67,67301,2016,7,7,500,5,3,1,0,4,1, , ,N,1,2,0,3,0,1,2,2,N,N,40 03:34.246,75 03:07.165,828, ,824, ,0, ,N, ,3, , , , , , , , , ,1,0,0,0,0,0,1,0,1,0,1,0,1,0,0,0,0,0,0,0,0,0,0,1,0,0,0,0,0,0,0,0,0,0,0,3,0,40.0595,-75.052, , 
19527,213403,2016085116,6,67,67301,2016,8,5,1944,19,3,1,0,7,4, , ,N,0,0,0,3,0,2,2,1,N,N,39 55:57.650,75 12:00.133,1957, ,1944, ,0, , , ,0, , , , , , , , , ,1,1,0,0,0,0,0,0,0,0,0,0,2,2,0,0,0,0,0,0,0,0,0,0,0,0,0,0,0,0,0,0,0,0,0,8,0,39.9327,-75.2, , 
19528,213409,2016082367,6,67,67301,2016,7,2,1420,14,1,1,0,4,1, , ,N,1,2,0,3,0,1,3,2,N, ,39 59:47.209,75 06:35.265,1430, ,1430, ,0, , , ,3, , , , , , , , , ,2,1,0,0,0,0,0,1,0,0,0,0,1,1,1,0,0,0,0,0,0,0,0,1,0,0,0,0,0,0,0,0,0,0,0,8,0,39.9964,-75.1098, , 
19529,213424,2016108669,6,67,67301,2016,10,4,2021,20,3,1,0,8,1, , ,N,0,2,7,3,0,1,2,2,N,N,40 00:38.930,75 10:41.331,2032, ,2026, ,0, ,N, ,3, , , , , , , , , ,1,0,1,0,0,0,0,0,0,1,0,0,1,0,1,0,0,0,0,0,0,0,0,0,0,0,0,0,0,0,0,0,1,0,1,2,0,40.0108,-75.1781, , 
19530,203498,2016108110,6,67,67301,2016,10,3,1625,16,1,1,0,1,1, , ,N,0,0,0,3,0,2,5,3,N,N,40 02:50.316,75 07:43.852,1630, ,1630, ,0, ,N, ,0, , , , , , , , , ,3,1,0,0,0,0,2,0,0,0,0,2,2,0,0,0,0,0,0,0,2,0,1,0,0,0,0,0,0,0,0,0,0,0,0,4,0,40.0473,-75.1288, , 
19531,203503,2016112599,6,67,67301,2016,10,7,1122,11,1,1,0,4,1, , ,N,1,2,0,3,0,1,3,2,N,N,39 57:48.100,75 11:14.764,1128, ,1125,1,2,6,N, ,3,Y, , , , , , , , ,2,2,0,0,0,0,0,0,0,0,1,0,1,0,0,0,0,0,0,0,0,0,0,1,0,0,0,0,0,0,0,0,0,0,0,3,0,39.9634,-75.1875, , 
19532,203515,2016080604,6,67,67301,2016,7,1,1335,13,1,1,0,4,1, , ,N,1,2,0,3,0,5,5,2,N,N,40 01:24.369,75 08:21.713,1645, ,1636, ,0, , , ,3, , , , , , , , , ,2,2,0,0,0,0,0,0,0,0,0,5,5,0,0,0,0,0,0,0,0,0,0,0,0,0,0,0,0,0,0,0,0,0,0,4,0,40.0234,-75.1394, , 
19533,203520,2016082330,6,67,67301,2016,7,4,2129,21,3,1,0,4,1, , ,N,1,3,0,3,0,2,4,3,N, ,39 57:57.225,75 12:26.989,2142, ,2135, ,0, , , ,3, , , , , , , , , ,3,3,0,0,0,0,0,0,0,0,0,0,2,2,0,0,0,0,0,0,2,0,0,0,0,0,0,0,0,0,0,0,0,0,0,8,0,39.9659,-75.2075, , 
19534,203528,2016105754,6,67,67301,2016,9,1,1830,18,1,1,0,7,4, , ,N,0,0,0,3,0,1,1,1,N,N,39 59:20.648,75 14:25.598,1910, ,1900, ,0, , , ,0, , , , , , , , , ,1,1,0,0,0,0,0,0,0,0,0,0,1,1,0,0,0,0,0,0,0,0,0,0,0,0,0,0,0,0,0,0,0,0,0,8,0,39.9891,-75.2404, , 
19535,203531,2016116814,6,67,67301,2016,11,1,412,4,3,1,0,7,4, , ,N,0,0,0,3,0,0,1,1,N,N,39 55:57.784,75 12:00.134,422, ,413,1,2,4, , ,0,N, , , , , , , , ,1,1,0,0,0,0,0,0,0,0,0,0,0,0,0,0,0,0,0,0,0,0,0,0,0,0,0,0,0,0,0,0,0,0,0,0,0,39.9327,-75.2, , 
19536,203556,2016052321,6,67,67301,2016,5,2,7,0,3,2,1,1,6, , ,N,0,0,0,3,0,3,3,2,N,N,40 01:14.054,75 03:48.099,11, ,9, ,0, ,N, ,0, , , , , , , , , ,2,1,0,0,0,0,1,0,0,0,0,0,3,3,0,0,0,0,0,0,0,0,0,3,0,0,0,0,0,0,0,0,0,0,0,8,0,40.0206,-75.0634, , 
19537,203567,2016093098,6,67,67301,2016,8,3,1449,14,1,1,0,1,1, , ,N,0,0,0,3,0,0,5,3,N,N,39 58:42.391,75 12:09.638,1455, ,1452, ,0, , , ,0, , , , , , , , , ,3,2,0,0,0,0,1,0,0,0,0,0,0,0,0,0,0,0,0,0,1,0,0,0,0,0,0,0,0,0,0,0,0,0,0,0,0,39.9784,-75.2027, , 
19538,203580,2016105653,6,67,67301,2016,9,7,1508,15,1,1,0,8,1, , ,N,1,2,0,3,0,1,2,2,N,N,40 03:00.190,75 09:01.655,1516, ,1513, ,0, , , ,3, , , , , , , , , ,1,1,0,0,0,0,0,0,0,0,0,1,1,0,0,0,0,0,0,0,1,0,0,0,0,0,0,0,0,0,0,0,1,0,0,4,0,40.0501,-75.1505, , 
19539,203598,2016129519,6,67,67301,2016,11,6,1230,12,1,1,0,8,1, , ,N,0,0,0,3,0,1,2,2,N, ,39 59:11.104,75 07:18.398,9999, ,9999, ,0, , , ,0, , , , , , , , , ,1,1,0,0,0,0,0,0,0,0,0,1,1,0,0,0,0,0,0,0,0,0,0,0,0,0,0,0,0,0,0,0,1,0,0,4,0,39.9864,-75.1218, , 
19540,203617,2016079283,6,67,67301,2016,8,7,2025,20,3,1,0,7,4, , ,N,0,0,3,3,0,0,1,1,N,N,39 57:32.428,75 09:28.440,2055, ,2034,3,2,4,N, ,0,Y, , , , , , , , ,1,0,0,0,0,1,0,0,0,0,0,0,0,0,0,0,0,0,0,0,0,0,0,0,0,0,0,0,0,0,0,0,0,0,0,0,1,39.959,-75.1579, , 
19541,203618,2016080308,6,67,67301,2016,6,6,2008,20,4,1,0,5,1, , ,N,1,2,0,3,0,1,2,2,N, ,40 02:12.109,75 09:30.211,900, ,855, ,0, , , ,3, , , , , , , , , ,2,0,0,0,0,0,2,0,0,0,0,1,1,0,0,0,0,1,0,0,0,0,0,0,0,0,0,0,0,0,0,0,0,0,0,4,0,40.0367,-75.1584, , 
19542,203632,2016108576,6,67,67301,2016,9,6,1640,16,1,2,1,4,1, , ,N,1,3,0,3,0,3,6,2,N, ,39 59:51.332,75 07:20.146,1700, ,1647, ,0, ,N, ,3, , , , , , , , , ,2,1,0,0,0,0,0,1,0,0,2,0,3,1,0,0,0,0,0,0,0,0,0,1,0,0,0,0,0,0,0,0,0,0,0,3,0,39.9976,-75.1223, , 
19543,203656,2016105664,6,67,67301,2016,9,4,104,1,3,1,0,4,1, , ,N,1,2,0,3,0,1,2,2,N,N,39 58:10.251,75 13:31.337,109, ,109, ,0, ,N, ,3, , , , , , , , , ,1,1,0,0,0,0,0,0,1,0,1,0,1,0,0,0,0,0,0,0,0,0,0,0,0,0,0,0,0,0,0,0,0,0,0,3,0,39.9695,-75.2254, , 
19544,203662,2016087175,6,67,67301,2016,8,7,159,1,3,1,0,4,1, , ,N,1,2,0,3,0,4,4,2,N, ,39 56:31.419,75 12:42.235,230, ,226, ,0, , , ,3, , , , , , , , , ,2,0,0,0,0,0,2,0,0,1,3,0,4,0,0,0,0,1,0,0,1,0,0,0,0,0,0,0,0,0,0,0,0,0,0,2,0,39.9421,-75.2117, , 
19545,203664,2016093864,6,67,67301,2016,8,2,1349,13,1,1,0,1,1, , ,N,0,0,0,3,0,0,2,2,Y,N,39 57:42.448,75 10:57.982,1443, ,1359, ,0, , , ,0, , , , , , , , , ,2,1,0,0,0,0,0,0,0,0,0,0,0,0,1,0,0,0,0,0,0,0,0,0,0,0,0,0,0,0,0,0,0,0,0,9,0,39.9618,-75.1828, , 
19546,203666,2016082317,6,67,67301,2016,7,7,1550,15,1,1,0,1,1, , ,N,0,0,7,3,0,0,2,2,N,N,40 00:54.463,75 12:27.076,1605, ,1557, ,0, ,N, ,0, , , , , , , , , ,2,1,0,0,0,0,1,0,0,0,0,0,0,0,0,0,0,0,0,0,0,0,0,2,0,0,0,0,0,0,0,0,0,0,0,0,0,40.0151,-75.2075, , 
19547,203667,2016082267,6,67,67301,2016,7,4,1415,14,1,1,0,4,1, , ,N,1,3,0,3,0,1,2,2,N,N,40 03:41.788,75 09:56.959,1505, ,1449, ,0, ,N, ,3, , , , , , , , , ,2,0,0,0,0,0,2,0,0,0,0,0,1,1,0,0,0,0,0,0,2,0,0,0,0,0,0,0,0,0,0,0,0,0,0,8,0,40.0616,-75.1658, , 
19548,206844,2016080301,6,67,67301,2016,6,5,1220,12,1,1,0,4,1, , ,N,1,3,0,3,0,1,2,2,N,N,40 00:15.087,75 05:48.465,1250, ,1248, ,0, ,N, ,3, , , , , , , , , ,2,2,0,0,0,0,0,0,0,0,0,0,1,1,0,0,0,0,0,0,0,0,0,0,0,0,0,0,0,0,0,0,0,0,0,8,0,40.0042,-75.0968, , 
19549,206860,2016098775,6,67,67301,2016,9,5,834,8,1,1,0,1,1, , ,N,0,0,2,3,0,0,3,3,N,N,40 00:23.248,75 04:31.287,911, ,844, ,0, , , ,0, , , , , , , , , ,3,1,0,0,0,0,2,0,0,0,0,0,0,0,0,0,0,0,0,0,0,0,0,0,0,0,0,0,0,0,0,0,0,0,0,0,0,40.0065,-75.0754, , 
19550,206864,2016117885,6,67,67301,2016,11,6,2255,22,3,1,0,1,1, , ,N,0,0,0,3,0,0,3,3,N,N,39 57:36.408,75 10:47.264,2302, ,2302, ,0, , , ,0, , , , , , , , , ,3,2,0,0,0,0,0,0,0,0,0,0,0,0,1,0,0,0,0,0,0,0,0,0,0,0,0,0,0,0,0,0,0,0,0,9,0,39.9601,-75.1798, , 
19551,206895,2016080210,6,67,67301,2016,7,1,630,6,1,1,0,5,6, , ,N,0,0,0,3,0,1,1,3,N, ,40 00:02.433,75 08:23.614,720, ,630, ,0, , , ,0, , , , , , , , , ,3,3,0,0,0,0,0,0,0,0,1,0,1,0,0,0,0,0,0,0,0,0,0,0,0,0,0,0,0,0,0,0,0,0,0,3,0,40.0007,-75.1399, , 
19552,206900,2016087126,6,67,67301,2016,8,7,657,6,1,1,0,1,6, , ,N,0,0,0,3,0,1,1,2,N,N,39 59:08.672,75 05:12.035,858, ,853, ,0, ,N, ,0, , , , , , , , , ,2,2,0,0,0,0,0,0,0,0,0,1,1,0,0,0,0,0,0,0,1,0,0,0,0,0,0,0,0,0,0,0,0,0,0,4,0,39.9857,-75.0867, , 
19553,206906,2016100080,6,67,67301,2016,9,7,659,6,1,1,0,5,6, , ,N,0,0,0,3,0,0,1,2,N,N,40 02:34.889,75 01:25.168,737, ,729, ,0, ,N, ,0, , , , , , , , , ,2,1,0,0,0,0,1,0,0,0,0,0,0,0,0,0,0,0,0,0,0,0,0,0,0,0,0,0,0,0,0,0,0,0,0,0,0,40.043,-75.0237, , 
19554,206911,2016103311,6,67,67301,2016,9,4,749,7,1,1,0,1,1, , ,N,0,0,0,3,0,1,4,3,N,N,39 57:34.972,75 10:35.550,810, ,749, ,0, , , ,0, , , , , , , , , ,3,3,0,0,0,0,0,0,0,0,0,0,1,1,0,0,0,1,0,0,2,0,0,1,0,0,0,0,0,0,0,0,0,0,0,8,0,39.9597,-75.1765, , 
19555,206927,2016062612,6,67,67301,2016,5,2,1206,12,1,1,0,4,1, , ,N,1,2,0,3,0,2,3,2,N,N,40 02:39.682,75 04:21.458,1215, ,1209,1,1,1,N, ,3,N, , , , , , , , ,2,2,0,0,0,0,0,0,0,0,0,2,2,0,0,0,0,0,0,0,0,0,0,0,0,0,0,0,0,0,0,0,0,0,0,4,0,40.0444,-75.0726, , 
19556,206942,2016105915,6,67,67301,2016,9,5,1533,15,1,1,0,1,1, , ,N,0,2,0,3,0,1,4,3,N, ,40 04:08.338,75 03:37.245,1604, ,1549,2,1,2, , ,3,N, , , , , , , , ,3,2,0,0,0,0,1,0,0,0,0,0,1,1,0,0,0,0,0,0,1,0,0,0,0,0,0,0,0,0,0,0,0,0,0,8,0,40.069,-75.0603, , 
19557,206944,2016117758,6,67,67301,2016,10,1,151,1,3,1,0,2,4, , ,N,1,0,0,3,0,1,1,2,N, ,39 59:25.969,75 10:07.229,200, ,151, ,0, , , ,0, , , , , , , , , ,2,2,0,0,0,0,0,0,0,0,0,0,1,1,0,0,0,0,0,0,0,0,0,0,0,0,0,0,0,0,0,0,0,0,0,8,0,39.9905,-75.1687, , 
19558,206951,2016112097,6,67,67301,2016,10,5,1905,19,3,1,0,1,1, , ,N,0,0,0,3,0,1,2,2,N,N,40 01:39.697,75 03:25.779,1911, ,1909,3,2,4,N, ,0,Y, , , , , , , , ,2,1,0,0,1,0,0,0,0,1,0,0,1,0,0,0,0,0,0,0,0,0,0,0,0,0,0,0,0,0,0,0,0,0,0,2,0,40.0277,-75.0572, , 
19559,206952,2016112105,6,67,67301,2016,10,7,2220,22,3,1,0,1,1, , ,N,0,0,0,3,0,0,2,2,N,N,40 00:44.108,75 06:47.263,2251, ,2251, ,0, ,N, ,0, , , , , , , , , ,2,2,0,0,0,0,0,0,0,0,0,0,0,0,1,0,0,1,0,0,0,0,0,0,0,0,0,0,0,0,0,0,0,0,0,9,0,40.0123,-75.1131, , 