objectid_1,objectid,crn,district,county,municipality,crash_year,crash_month,day_of_week,time_of_day,hour_of_day,illumination,weather,road_condition,collision_type,relation_to_road,work_zone_type,work_zone_loc,work_zone_ind,intersect_type,tcd_type,location_type,urban_rural,fatal_count,injury_count,person_count,total_units,sch_bus_ind,sch_zone_ind,latitude,longitude,arrival_tm,cons_zone_spd_lim,dispatch_tm,est_hrs_closed,lane_closed,ln_close_dir,ntfy_hiwy_maint,spec_juris_cd,tcd_func_cd,tfc_detour_ind,workers_pres,wz_close_detour,wz_flagger,wz_law_offcr_ind,wz_ln_closure,wz_moving,wz_other,wz_shlder_mdn,vehicle_count,automobile_count,motorcycle_count,bus_count,small_truck_count,heavy_truck_count,suv_count,van_count,bicycle_count,maj_inj_count,mod_inj_count,min_inj_count,tot_inj_count,unk_inj_deg_count,unk_inj_per_count,driver_count_16yr,driver_count_17yr,driver_count_18yr,driver_count_19yr,driver_count_20yr,driver_count_50_64yr,driver_count_65_74yr,driver_count_75plus,unbelted_occ_count,unb_death_count,unb_maj_inj_count,belted_death_count,belted_maj_inj_count,mcycle_death_count,mcycle_maj_inj_count,bicycle_death_count,bicycle_maj_inj_count,ped_count,ped_death_count,ped_maj_inj_count,max_severity_level,comm_veh_count,dec_lat,dec_long,rdwy_surf_type_cd,county_name
19762,204240,2016080226,6,67,67301,2016,6,1,230,2,3,1,0,7,4, , ,N,0,0,0,3,0,1,1,1,N,N,39 59:06.583,75 09:03.600,305, ,255,3,2,1,N, ,0,Y, , , , , , , , ,1,1,0,0,0,0,0,0,0,0,0,0,1,1,0,0,0,0,0,0,0,0,0,0,0,0,0,0,0,0,0,0,0,0,0,8,0,39.9852,-75.151, , 
19763,204241,2016080335,6,67,67301,2016,6,6,2357,23,3,1,0,7,4, , ,N,0,0,0,3,0,1,1,1,N,N,40 00:24.014,75 11:30.144,19, ,2359, ,0, ,N, ,0, , , , , , , , , ,1,0,1,0,0,0,0,0,0,0,1,0,1,0,0,0,0,0,0,0,0,0,0,0,0,0,0,0,0,0,0,0,0,0,0,3,0,40.0067,-75.1917, , 
19764,204242,2016080697,6,67,67301,2016,6,5,1225,12,1,1,0,8,1, , ,N,1,2,0,3,0,1,2,2,N,N,40 01:39.104,75 08:47.126,1245, ,1242, ,0, ,N, ,3, , , , , , , , , ,1,1,0,0,0,0,0,0,1,0,0,1,1,0,0,0,0,0,0,0,0,0,0,1,0,0,0,0,0,0,0,0,0,0,0,4,0,40.0275,-75.1464, , 
19765,204243,2016080908,6,67,67301,2016,7,1,126,1,3,1,0,7,4, , ,N,0,0,0,3,0,0,1,1,N,N,40 06:08.595,75 03:00.367,130, ,127, ,0, ,N, ,0, , , , , , , , , ,1,1,0,0,0,0,0,0,0,0,0,0,0,0,0,0,0,0,0,0,0,0,0,1,0,0,0,0,0,0,0,0,0,0,0,0,0,40.1024,-75.0501, , 
19766,207527,2016105720,6,67,67301,2016,9,1,1758,17,1,8,0,8,1, , ,N,5,2,0,3,0,1,2,2,N,N,40 01:10.721,75 12:38.417,1803, ,1800, ,0, ,N, ,3, , , , , , , , , ,1,1,0,0,0,0,0,0,0,0,0,0,1,1,0,0,0,0,0,0,0,0,0,0,0,0,0,0,0,0,0,0,1,0,0,8,0,40.0196,-75.2107, , 
19767,207537,2016129311,6,67,67301,2016,11,4,727,7,1,8,0,1,1, , ,N,2,2,0,3,0,1,2,2,N,N,40 02:56.727,75 13:11.195,756, ,753, ,0, , , ,3, , , , , , , , , ,2,0,0,0,0,0,2,0,0,0,0,1,1,0,0,0,0,0,0,0,1,1,0,0,0,0,0,0,0,0,0,0,0,0,0,4,0,40.0494,-75.2201, , 
19768,207546,2017005260,6,67,67301,2016,12,6,27,0,3,1,0,8,1, , ,N,1,2,0,3,0,1,3,2,N,N,40 02:20.571,75 08:40.639,131, ,129, ,0, ,N, ,3, , , , , , , , , ,1,1,0,0,0,0,0,0,0,0,0,0,1,1,0,0,0,0,0,0,0,0,0,0,0,0,0,0,0,0,0,0,1,0,0,8,0,40.039,-75.1446, , 
19769,207583,2016097132,6,67,67301,2016,8,7,416,4,3,1,0,7,4, , ,N,1,0,0,3,0,1,1,2,N, ,39 57:48.780,75 14:25.609,425, ,416, ,0, , , ,0, , , , , , , , , ,2,2,0,0,0,0,0,0,0,0,0,0,1,1,0,0,0,0,0,0,0,1,0,0,0,0,0,0,0,0,0,0,0,0,0,8,0,39.9636,-75.2404, , 
19770,207584,2016091686,6,67,67301,2016,8,6,1337,13,1,1,0,1,1, , ,N,0,2,0,3,0,1,3,3,N,N,39 56:00.241,75 08:38.970,1525, ,1516, ,0, ,N, ,3, , , , , , , , , ,3,3,0,0,0,0,0,0,0,0,0,1,1,0,0,0,0,0,0,0,0,0,0,2,0,0,0,0,0,0,0,0,0,0,0,4,0,39.9334,-75.1442, , 
19771,207599,2016058661,6,67,67301,2016,5,7,217,2,3,1,0,1,1, , ,N,1,2,0,3,0,0,3,3,N,N,40 01:39.456,75 05:57.322,225, ,218,1,2,1,N, ,3,Y, , , , , , , , ,3,2,0,0,0,0,1,0,0,0,0,0,0,0,0,0,0,0,0,0,0,0,0,2,0,0,0,0,0,0,0,0,0,0,0,0,0,40.0276,-75.0993, , 
19772,207602,2016062599,6,67,67301,2016,5,4,1919,19,1,1,0,4,1, , ,N,1,2,0,3,0,1,3,2,N,N,40 03:23.636,75 02:47.581,1931, ,1920,1,1,1,N, ,3,N, , , , , , , , ,2,1,0,0,0,0,1,0,0,0,0,0,1,1,0,0,0,0,0,1,0,0,0,0,0,0,0,0,0,0,0,0,0,0,0,8,0,40.0566,-75.0466, , 
19773,207608,2016067844,6,67,67301,2016,5,7,1806,18,1,1,0,4,1, , ,N,0,0,0,3,0,1,2,2,N, ,40 02:20.488,75 08:50.992,1812, ,1809, ,0, , , ,0, , , , , , , , , ,1,1,0,0,0,0,0,0,1,0,1,0,1,0,0,0,0,0,0,0,1,0,0,0,0,0,0,0,0,0,0,0,0,0,0,3,0,40.039,-75.1475, , 
19774,207630,2016108544,6,67,67301,2016,9,5,9999,99,1,2,1,4,1, , ,N,1,3,0,3,0,2,2,2,N,N,39 56:26.314,75 13:17.605,1815, ,1809,3,1,1,Y, ,3,N, , , , , , , , ,2,2,0,0,0,0,0,0,0,0,0,2,2,0,0,0,0,0,0,0,0,0,0,0,0,0,0,0,0,0,0,0,0,0,0,4,0,39.9406,-75.2216, , 
19775,207646,2016105697,6,67,67301,2016,9,2,215,2,3,1,0,4,1, , ,N,1,2,0,3,0,3,4,2,N,N,39 58:14.458,75 13:57.305,220, ,218,9,1,2,N, ,3,N, , , , , , , , ,2,0,0,0,0,1,0,1,0,0,0,3,3,0,0,0,0,0,0,0,0,0,0,0,0,0,0,0,0,0,0,0,0,0,0,4,1,39.9707,-75.2326, , 
19776,207658,2016067818,6,67,67301,2016,5,1,2315,23,3,2,1,4,1, , ,N,1,3,0,3,0,0,6,2,N,N,39 57:43.642,75 08:31.667,25, ,23, ,0, ,N, ,3, , , , , , , , , ,2,1,0,0,0,0,1,0,0,0,0,0,0,0,3,0,0,0,0,0,0,0,0,0,0,0,0,0,0,0,0,0,0,0,0,9,0,39.9621,-75.1421, , 
19777,207710,2016056555,6,46,46102,2016,6,6,2023,20,3,1,0,4,1, , ,N,0,0,0,3,0,2,3,3,N,N,40 03:48.039,75 08:22.188,2026, ,2024,2,2,3,N, ,0,Y, , , , , , , , ,3,2,0,0,0,0,1,0,0,0,0,0,2,2,0,0,0,0,0,0,0,0,0,0,0,0,0,0,0,0,0,0,0,0,0,8,0,40.0633,-75.1395, , 
19778,207716,2016063955,6,67,67301,2016,6,5,814,8,1,1,0,1,1, , ,N,0,0,0,3,0,1,5,3,N, ,40 02:08.791,75 04:07.112,827, ,817,2,1,2, , ,0,N, , , , , , , , ,3,2,0,0,0,0,1,0,0,0,0,1,1,0,0,0,0,0,0,0,0,0,0,0,0,0,0,0,0,0,0,0,0,0,0,4,0,40.0358,-75.0686, , 
19779,207717,2016064002,6,67,67301,2016,6,3,1100,11,1,1,0,4,1, , ,N,1,2,1,3,0,2,3,2,N, ,39 59:47.157,75 06:48.512,1103, ,1103, ,0, , , ,3, , , , , , , , , ,2,0,2,0,0,0,0,0,0,0,0,2,2,0,1,0,0,0,0,0,0,0,0,0,0,0,0,0,0,0,0,0,0,0,0,4,0,39.9964,-75.1135, , 
19780,207725,2016070905,6,67,67301,2016,6,5,1234,12,1,1,0,1,1, , ,N,0,0,0,3,0,0,3,3,N,N,39 59:03.017,75 12:29.997,1234, ,1234, ,0, , , ,0, , , , , , , , , ,3,1,0,0,0,0,2,0,0,0,0,0,0,0,0,0,0,0,0,0,1,1,0,0,0,0,0,0,0,0,0,0,0,0,0,0,0,39.9842,-75.2083, , 
19781,207733,2016080141,6,67,67301,2016,7,4,1242,12,1,2,1,5,1, , ,N,0,0,0,3,0,1,2,3,N,N,39 53:15.230,75 14:53.142,1313, ,1311, ,0, , , ,0, , , , , , , , , ,2,1,0,0,0,1,0,0,0,0,0,1,1,0,0,0,0,0,0,0,0,0,0,0,0,0,0,0,0,0,0,0,0,0,0,4,1,39.8876,-75.2481, , 
19782,207737,2016082217,6,67,67301,2016,7,3,2110,21,3,1,0,4,1, , ,N,2,3,6,3,0,1,2,2,N,N,40 01:38.526,75 03:46.663,2111, ,2110, ,0, ,N, ,3, , , , , , , , , ,1,1,0,0,0,0,0,0,1,0,0,1,1,0,0,0,0,0,0,0,1,0,0,1,0,0,0,0,0,0,0,0,0,0,0,4,0,40.0274,-75.063, , 
19783,207745,2016058588,6,67,67301,2016,5,4,1250,12,1,1,0,4,1, , ,N,2,3,0,3,0,2,2,2,N,N,40 01:13.039,75 09:46.119,1342, ,1330,2,2,6,N, ,3,Y, , , , , , , , ,2,1,0,0,0,0,0,1,0,0,0,2,2,0,0,0,0,0,0,0,1,0,0,0,0,0,0,0,0,0,0,0,0,0,0,4,0,40.0203,-75.1628, , 
19784,210622,2016080411,6,67,67301,2016,7,3,1110,11,1,1,0,5,6, , ,N,0,0,0,3,0,0,3,6,N,N,39 57:42.056,75 14:17.827,1117, ,1115,3,2,4, , ,0,Y, , , , , , , , ,6,2,0,0,1,0,2,0,0,0,0,0,0,0,0,0,0,0,0,0,0,0,0,1,0,0,0,0,0,0,0,0,0,0,0,0,0,39.9617,-75.2383, , 
19785,210623,2016081014,6,67,67301,2016,8,3,1143,11,1,1,0,1,1, , ,N,1,2,0,3,0,2,2,2,N,N,40 01:46.545,75 06:13.959,1220, ,1145, ,0, ,N, ,3, , , , , , , , , ,2,1,0,0,0,1,0,0,0,0,0,0,2,2,0,0,0,0,0,0,0,0,0,0,0,0,0,0,0,0,0,0,0,0,0,8,1,40.0296,-75.1039, , 
19786,210642,2016099493,6,67,67301,2016,9,6,1928,19,3,1,0,4,1, , ,N,2,3,0,3,0,0,5,3,N,N,40 01:57.792,75 02:14.393,1935, ,1933,9,1,1,N, ,3,N, , , , , , , , ,3,1,0,0,0,0,1,1,0,0,0,0,0,0,0,0,0,1,1,0,0,0,0,2,0,0,0,0,0,0,0,0,0,0,0,0,0,40.0327,-75.0373, , 
19787,210667,2016080118,6,67,67301,2016,7,2,1655,16,1,9,0,1,1, , ,N,1,2,0,3,0,1,2,2,N, ,40 02:12.310,75 02:26.659,2340, ,2340, ,0, , , ,3, , , , , , , , , ,2,2,0,0,0,0,0,0,0,0,0,0,1,1,0,0,0,0,0,0,0,0,0,0,0,0,0,0,0,0,0,0,0,0,0,8,0,40.0368,-75.0407, , 
19788,210681,2016090277,6,67,67301,2016,8,4,450,4,3,1,0,5,6, , ,N,0,0,0,3,0,0,1,3,N,N,40 00:43.423,75 08:11.865,506, ,451, ,0, ,N, ,0, , , , , , , , , ,3,3,0,0,0,0,0,0,0,0,0,0,0,0,0,0,0,0,0,0,1,0,0,1,0,0,0,0,0,0,0,0,0,0,0,0,0,40.0121,-75.1366, , 
19789,210691,2016080433,6,67,67301,2016,7,1,200,2,3,1,0,4,1, , ,N,1,2,0,3,0,4,4,3,N,N,40 01:50.025,75 08:47.329,211, ,208,3,2,2,N, ,3,N, , , , , , , , ,3,0,0,0,0,0,3,0,0,1,1,1,4,1,0,0,0,0,0,0,0,0,0,0,0,0,0,0,0,0,0,0,0,0,0,2,0,40.0306,-75.1465, , 
19790,210695,2016087963,6,67,67301,2016,8,3,1306,13,1,1,0,7,4, , ,N,0,0,0,3,0,1,1,1,N,N,39 53:35.239,75 13:38.347,1310, ,1306, ,0, , , ,0, , , , , , , , , ,1,1,0,0,0,0,0,0,0,0,1,0,1,0,0,0,0,0,0,0,0,0,0,0,0,0,0,0,0,0,0,0,0,0,0,3,0,39.8931,-75.2273, , 
19791,210696,2017023515,6,67,67301,2016,12,7,2200,22,3,1,0,1,1, , ,N,1,2,0,3,0,1,3,2,N,N,40 00:07.236,75 09:22.067,0, ,0, ,0, ,N, ,3, , , , , , , , , ,2,2,0,0,0,0,0,0,0,0,0,0,1,1,0,0,0,0,0,0,0,0,0,1,0,0,0,0,0,0,0,0,0,0,0,8,0,40.002,-75.1561, , 
19792,210698,2016120588,6,67,67301,2016,10,2,1348,13,1,1,0,8,1, , ,N,0,0,0,3,0,1,2,2,N, ,40 01:40.695,75 07:07.093,1350, ,1348,1,2,6, , ,0,N, , , , , , , , ,1,1,0,0,0,0,0,0,0,0,0,1,1,0,0,0,0,0,0,0,0,0,0,0,0,0,0,0,0,0,0,0,1,0,0,4,0,40.028,-75.1186, , 
19793,210708,2016117124,6,67,67301,2016,10,2,2025,20,3,1,0,6,6, , ,N,0,0,0,3,0,1,1,2,N,N,40 01:31.580,75 03:28.885,2034, ,2029, ,0, ,N, ,0, , , , , , , , , ,2,1,0,0,0,0,1,0,0,0,0,0,1,1,0,0,0,0,0,0,1,0,0,0,0,0,0,0,0,0,0,0,0,0,0,8,0,40.0254,-75.058, , 
19794,210715,2016135569,6,67,67301,2016,12,4,800,8,1,1,0,5,1, , ,N,0,2,0,3,0,1,4,2,N,N,40 00:53.010,75 03:14.695,915, ,900,3,1,1,N, ,3,N, , , , , , , , ,2,1,0,0,0,1,0,0,0,0,0,0,1,1,0,0,0,0,0,1,0,0,0,0,0,0,0,0,0,0,0,0,0,0,0,8,1,40.0147,-75.0541, , 
19795,210731,2017022766,6,67,67301,2016,3,3,1000,10,1,1,0,1,1, , ,N,5,2,0,3,0,2,3,2,N,N,39 57:49.671,75 09:31.990,0, ,0, ,0, ,N, ,3, , , , , , , , , ,2,0,0,0,0,0,1,1,0,0,2,0,2,0,0,0,0,0,0,0,1,0,0,1,0,0,0,0,0,0,0,0,0,0,0,3,0,39.9637,-75.1588, , 
19796,210747,2016129231,6,67,67301,2016,11,5,2335,23,3,1,0,7,4, , ,N,0,0,0,3,0,1,1,1,N, ,40 03:30.351,75 02:42.259,2345, ,2335, ,0, , , ,0, , , , , , , , , ,1,1,0,0,0,0,0,0,0,0,0,0,1,1,0,0,0,0,1,0,0,0,0,0,0,0,0,0,0,0,0,0,0,0,0,8,0,40.0584,-75.0451, , 
19797,210748,2016126161,6,67,67301,2016,11,6,1135,11,1,1,0,4,1, , ,N,1,3,0,3,0,1,3,2,N,N,39 58:17.961,75 11:08.293,1152, ,1144,9,1,1,N, ,3,N, , , , , , , , ,1,1,0,0,0,0,0,0,1,0,0,1,1,0,0,0,0,0,0,0,0,0,0,0,0,0,0,0,0,0,0,0,0,0,0,4,0,39.9717,-75.1856, , 
19798,210758,2016129506,6,67,67301,2016,11,3,725,7,1,1,0,8,1, , ,N,1,3,0,3,0,1,2,2,N, ,39 58:24.304,75 08:12.706,855, ,848, ,0, , , ,3, , , , , , , , , ,1,1,0,0,0,0,0,0,0,0,0,1,1,0,1,0,0,0,0,0,0,0,0,0,0,0,0,0,0,0,0,0,1,0,0,4,0,39.9734,-75.1369, , 
19799,210780,2016108550,6,67,67301,2016,9,6,1555,15,1,2,1,8,1, , ,N,2,0,0,3,0,1,2,2,N, ,39 59:32.449,75 09:17.320,1605, ,1601, ,0, , , ,0, , , , , , , , , ,1,0,0,0,0,0,1,0,0,0,0,1,1,0,0,0,0,0,0,0,0,1,0,0,0,0,0,0,0,0,0,0,1,0,0,4,0,39.9923,-75.1548, , 
19800,210802,2016081418,6,67,67301,2016,7,5,1950,19,4,1,0,4,1, , ,N,0,0,0,3,0,1,3,4,N, ,40 01:06.808,75 08:56.787,2010, ,2004,3,1,2, , ,0,Y, , , , , , , , ,4,4,0,0,0,0,0,0,0,0,0,1,1,0,0,0,0,0,0,0,0,0,0,0,0,0,0,0,0,0,0,0,0,0,0,4,0,40.0186,-75.1491, , 
19801,210814,2016092125,6,67,67301,2016,8,2,717,7,1,8,0,8,1, , ,N,1,2,0,3,0,1,2,2,N,N,39 58:46.036,75 13:31.401,730, ,719,1,1,2,N, ,3,N, , , , , , , , ,1,1,0,0,0,0,0,0,0,0,0,1,1,0,0,0,0,0,0,0,1,0,0,0,0,0,0,0,0,0,0,0,1,0,0,4,0,39.9794,-75.2253, , 
19802,214780,2016119164,6,67,67301,2016,10,4,1303,13,1,1,0,4,1, , ,N,1,3,0,3,0,0,13,2,Y, ,39 59:23.884,75 08:11.425,1304, ,1303,2,1,2, , ,3,N, , , , , , , , ,2,0,0,1,0,0,1,0,0,0,0,0,0,0,0,0,0,0,0,0,1,0,0,0,0,0,0,0,0,0,0,0,0,0,0,0,1,39.99,-75.1365, , 
19803,214784,2016108536,6,67,67301,2016,10,1,9999,99,3,1,0,4,1, , ,N,1,2,0,3,0,0,3,2,N,N,40 03:08.049,75 10:32.957,2352, ,2337, ,0, ,Y, ,3, , , , , , , , , ,2,1,0,0,0,0,1,0,0,0,0,0,0,0,1,0,0,0,1,0,0,0,0,0,0,0,0,0,0,0,0,0,0,0,0,9,0,40.0522,-75.1758, , 
19804,214823,2016127788,6,67,67301,2016,11,7,620,6,1,1,0,4,1, , ,N,2,3,0,3,0,1,2,2,N, ,40 01:12.762,75 04:25.893,628, ,624, ,0, , , ,3, , , , , , , , , ,1,1,0,0,0,0,0,0,1,0,0,1,1,0,0,0,0,0,0,0,1,0,0,0,0,0,0,0,0,0,0,0,0,0,0,4,0,40.0202,-75.0739, , 
19805,214833,2016097716,6,67,67301,2016,9,4,9999,99,1,1,0,7,4, , ,N,0,2,0,3,0,1,1,1,N,N,39 59:41.875,75 09:45.115,1705, ,1650,3,1,4, , ,3,N, , , , , , , , ,1,0,0,0,1,0,0,0,0,0,0,0,1,1,0,0,0,0,0,0,0,0,0,1,0,0,0,0,0,0,0,0,0,0,0,8,0,39.995,-75.1625, , 
19806,214834,2016120934,6,46,46102,2016,11,6,928,9,1,1,0,4,1, , ,N,1,2,0,3,0,0,2,2,N,N,40 03:16.716,75 07:29.987,931, ,928,1,2,4,N, ,3,Y, , , , , , , , ,2,1,0,0,0,0,1,0,0,0,0,0,0,0,0,0,0,0,0,0,0,0,0,0,0,0,0,0,0,0,0,0,0,0,0,0,0,40.0546,-75.125, , 
19807,214835,2016135753,6,67,67301,2016,12,2,1648,16,4,1,0,4,1, , ,N,2,3,0,3,0,1,2,2,N,N,39 57:49.006,75 13:19.556,1648, ,1648, ,0, ,N, ,3, , , , , , , , , ,2,2,0,0,0,0,0,0,0,0,1,0,1,0,0,0,0,0,0,0,1,0,0,0,0,0,0,0,0,0,0,0,0,0,0,3,0,39.9636,-75.2221, , 
19808,214841,2016129986,6,67,67301,2016,10,2,1805,18,3,1,0,1,1, , ,N,0,0,0,3,0,1,6,4,N, ,40 01:32.777,75 04:17.670,9999, ,9999,1,1,1, , ,0,Y, , , , , , , , ,4,2,0,0,1,0,1,0,0,0,0,0,1,1,1,0,0,0,0,0,0,0,0,0,0,0,0,0,0,0,0,0,0,0,0,8,0,40.0258,-75.0716, , 
19809,214843,2016117748,6,67,67301,2016,10,6,1236,12,1,1,0,4,1, , ,N,1,0,0,3,0,0,2,2,N,N,39 57:06.746,75 10:41.980,1250, ,1245, ,0, ,N, ,0, , , , , , , , , ,2,2,0,0,0,0,0,0,0,0,0,0,0,0,0,0,0,0,0,1,0,0,0,0,0,0,0,0,0,0,0,0,0,0,0,0,0,39.9519,-75.1783, , 
19810,214846,2016108564,6,67,67301,2016,10,5,2050,20,3,1,0,4,1, , ,N,1,2,0,3,0,1,5,2,N,N,40 04:33.431,75 10:36.656,2054, ,2050, ,0, ,N, ,3, , , , , , , , , ,2,2,0,0,0,0,0,0,0,0,0,0,1,1,1,0,1,0,0,0,0,1,0,0,0,0,0,0,0,0,0,0,0,0,0,8,0,40.076,-75.1768, , 
19811,214855,2016105654,6,67,67301,2016,9,2,2130,21,3,1,0,1,1, , ,N,1,2,0,3,0,0,2,2,N, ,40 02:19.838,75 10:17.839,2146, ,2146, ,0, , , ,3, , , , , , , , , ,2,1,0,0,0,0,1,0,0,0,0,0,0,0,0,0,0,0,0,0,1,0,0,2,0,0,0,0,0,0,0,0,0,0,0,0,0,40.0388,-75.1716, , 
19812,214859,2016087133,6,67,67301,2016,8,2,2147,21,3,1,0,8,1, , ,N,0,0,0,3,0,1,5,2,N,N,39 58:56.313,75 11:07.941,2156, ,2153, ,0, ,N, ,0, , , , , , , , , ,1,0,0,0,0,0,1,0,0,0,0,0,1,1,0,0,0,0,0,0,0,0,0,0,0,0,0,0,0,0,0,0,1,0,0,8,0,39.9823,-75.1855, , 
19813,214860,2016110744,6,67,67301,2016,10,7,423,4,3,2,1,7,4, , ,N,0,0,0,3,0,0,1,1,N,N,39 54:54.839,75 08:52.620,430, ,425,1,2,2, , ,0,N, , , , , , , , ,1,1,0,0,0,0,0,0,0,0,0,0,0,0,0,0,0,0,0,0,0,0,0,0,0,0,0,0,0,0,0,0,0,0,0,0,0,39.9152,-75.148, , 
19814,214864,2016106316,6,67,67301,2016,9,4,2139,21,3,1,0,4,1, , ,N,1,2,0,3,0,2,2,4,N,N,40 01:13.222,75 06:50.843,2141, ,2139, ,0, ,N, ,3, , , , , , , , , ,4,2,0,0,1,0,1,0,0,0,0,0,2,2,0,0,0,0,0,0,0,0,0,0,0,0,0,0,0,0,0,0,0,0,0,8,0,40.0202,-75.1141, , 
19815,214873,2016120543,6,67,67301,2016,10,5,1946,19,3,2,1,4,1, , ,N,2,2,0,3,0,1,3,2,N, ,40 07:06.945,75 00:25.153,1955, ,1950,1,1,4, , ,3,N, , , , , , , , ,2,1,0,0,0,0,0,1,0,0,0,0,1,1,0,0,0,0,0,0,0,0,0,0,0,0,0,0,0,0,0,0,0,0,0,8,0,40.1186,-75.007, , 
19816,214874,2016117851,6,67,67301,2016,10,2,1446,14,1,1,0,1,1,1,4,Y,0,0,0,3,0,4,6,3,N,N,40 01:06.458,75 02:49.491,1453,50,1446, ,0, , , ,0, ,Y,N,N,N,N,N,N,Y,3,1,0,0,2,0,0,0,0,0,0,0,4,4,0,0,0,0,0,0,2,0,0,0,0,0,0,0,0,0,0,0,0,0,0,8,0,40.0185,-75.0471, , 
19817,214884,2016126171,6,67,67301,2016,11,3,1710,17,4,1,0,8,1, , ,N,0,0,0,3,0,1,2,2,N,N,40 00:37.693,75 09:38.421,1755, ,1753, ,0, ,N, ,0, , , , , , , , , ,1,1,0,0,0,0,0,0,0,0,1,0,1,0,0,0,0,0,0,0,0,0,0,0,0,0,0,0,0,0,0,0,1,0,0,3,0,40.0105,-75.1607, , 
19818,214905,2016082399,6,67,67301,2016,7,5,1703,17,1,2,1,4,1, , ,N,1,3,0,3,0,2,2,2,N, ,39 58:59.466,75 06:54.921,1710, ,1706,2,2,6, , ,3,N, , , , , , , , ,2,2,0,0,0,0,0,0,0,0,0,2,2,0,0,0,0,0,0,0,0,0,0,0,0,0,0,0,0,0,0,0,0,0,0,4,0,39.9832,-75.1153, , 
19819,214907,2016092079,6,67,67301,2016,8,6,850,8,1,1,0,4,1, , ,N,1,3,0,3,0,3,5,2,N, ,39 55:35.068,75 10:32.933,855, ,853,1,2,4, , ,3,Y, , , , , , , , ,2,2,0,0,0,0,0,0,0,0,0,3,3,0,0,0,0,0,0,0,0,0,1,2,0,0,0,0,0,0,0,0,0,0,0,4,0,39.9264,-75.1758, , 
19820,204251,2016091291,6,67,67301,2016,9,1,229,2,3,1,0,7,3, , ,N,0,0,0,3,0,0,1,1,N,N,39 58:08.541,75 11:30.944,242, ,232,2,1,3, , ,0,N, , , , , , , , ,1,1,0,0,0,0,0,0,0,0,0,0,0,0,0,0,0,0,0,0,0,0,0,0,0,0,0,0,0,0,0,0,0,0,0,0,0,39.969,-75.1919, , 
19821,204262,2016092135,6,67,67301,2016,8,7,1152,11,1,1,0,4,1, , ,N,2,0,2,3,0,1,2,2,N, ,40 05:23.592,74 58:32.232,1200, ,1154, ,0, ,N, ,0, , , , , , , , , ,2,1,0,0,0,0,0,1,0,0,0,1,1,0,0,0,0,1,0,0,0,0,0,1,0,0,0,0,0,0,0,0,0,0,0,4,0,40.0906,-74.9765, , 
19822,204291,2016080578,6,67,67301,2016,7,1,1400,14,1,1,0,4,1, , ,N,2,3,2,3,0,0,3,2,N,N,39 59:11.983,75 12:29.919,9999, ,1400, ,0, ,N, ,3, , , , , , , , , ,2,2,0,0,0,0,0,0,0,0,0,0,0,0,0,0,0,0,0,0,1,0,0,0,0,0,0,0,0,0,0,0,0,0,0,0,0,39.9867,-75.2083, , 
19823,204324,2016105913,6,67,67301,2016,9,7,19,0,3,1,0,4,1, , ,N,1,2,2,3,0,1,3,3,N,N,40 00:28.839,75 11:30.581,142, ,136,3,1,2,N, ,3,N, , , , , , , , ,3,3,0,0,0,0,0,0,0,0,0,0,1,1,1,0,0,0,0,0,2,0,0,0,0,0,0,0,0,0,0,0,0,0,0,8,0,40.008,-75.1916, , 
19824,204335,2016016600,6,67,67301,2016,1,4,15,0,3,4,4,5,6, , ,N,0,0,0,3,0,0,1,2,N, ,39 57:45.012,75 12:58.913,1150, ,1141, ,0, , , ,0, , , , , , , , , ,2,0,0,0,0,0,1,1,0,0,0,0,0,0,1,0,0,0,0,0,0,0,0,0,0,0,0,0,0,0,0,0,0,0,0,9,0,39.9625,-75.2164, , 
19825,204348,2016040875,6,67,67301,2016,4,7,215,2,3,1,0,4,1, , ,N,5,2,0,3,0,2,3,2,N,N,40 01:47.791,75 09:11.771,230, ,222, ,0, ,N, ,3, , , , , , , , , ,2,2,0,0,0,0,0,0,0,0,0,0,2,2,1,0,0,0,0,1,0,0,0,0,0,0,0,0,0,0,0,0,0,0,0,8,0,40.0299,-75.1533, , 
19826,204366,2016060836,6,67,67301,2016,5,6,712,7,1,1,0,4,1, , ,N,1,2,0,3,0,2,2,2,N, ,39 58:34.718,75 10:59.115,730, ,712,1,1,1, , ,3,N, , , , , , , , ,2,2,0,0,0,0,0,0,0,0,0,1,2,1,0,0,0,0,0,0,0,0,0,2,0,0,0,0,0,0,0,0,0,0,0,4,0,39.9763,-75.1831, , 
19827,204375,2016129245,6,67,67301,2016,11,5,1710,17,1,1,0,4,1, , ,N,1,3,0,3,0,0,4,2,N,N,39 57:25.981,75 13:17.079,9999, ,9999, ,0, , , ,3, , , , , , , , , ,2,2,0,0,0,0,0,0,0,0,0,0,0,0,0,0,0,0,0,0,0,0,0,4,0,0,0,0,0,0,0,0,0,0,0,0,0,39.9572,-75.2214, , 
19828,204396,2016029896,6,67,67301,2016,3,1,146,1,3,1,0,2,6, , ,N,0,0,0,3,0,0,1,2,N, ,40 00:52.599,75 08:28.658,148, ,146,1,1,1, , ,0,N, , , , , , , , ,2,2,0,0,0,0,0,0,0,0,0,0,0,0,1,0,0,0,0,0,0,0,0,0,0,0,0,0,0,0,0,0,0,0,0,9,0,40.0146,-75.1413, , 
19829,204397,2016032096,6,67,67301,2016,3,7,15,0,3,1,0,4,1, , ,N,1,2,0,3,0,2,3,2,N,N,39 59:40.590,75 09:35.349,18, ,16,2,1,6,N, ,3,N, , , , , , , , ,2,2,0,0,0,0,0,0,0,0,0,2,2,0,0,0,0,0,0,0,0,0,0,1,0,0,0,0,0,0,0,0,0,0,0,4,0,39.9946,-75.1598, , 