objectid_1,objectid,crn,district,county,municipality,crash_year,crash_month,day_of_week,time_of_day,hour_of_day,illumination,weather,road_condition,collision_type,relation_to_road,work_zone_type,work_zone_loc,work_zone_ind,intersect_type,tcd_type,location_type,urban_rural,fatal_count,injury_count,person_count,total_units,sch_bus_ind,sch_zone_ind,latitude,longitude,arrival_tm,cons_zone_spd_lim,dispatch_tm,est_hrs_closed,lane_closed,ln_close_dir,ntfy_hiwy_maint,spec_juris_cd,tcd_func_cd,tfc_detour_ind,workers_pres,wz_close_detour,wz_flagger,wz_law_offcr_ind,wz_ln_closure,wz_moving,wz_other,wz_shlder_mdn,vehicle_count,automobile_count,motorcycle_count,bus_count,small_truck_count,heavy_truck_count,suv_count,van_count,bicycle_count,maj_inj_count,mod_inj_count,min_inj_count,tot_inj_count,unk_inj_deg_count,unk_inj_per_count,driver_count_16yr,driver_count_17yr,driver_count_18yr,driver_count_19yr,driver_count_20yr,driver_count_50_64yr,driver_count_65_74yr,driver_count_75plus,unbelted_occ_count,unb_death_count,unb_maj_inj_count,belted_death_count,belted_maj_inj_count,mcycle_death_count,mcycle_maj_inj_count,bicycle_death_count,bicycle_maj_inj_count,ped_count,ped_death_count,ped_maj_inj_count,max_severity_level,comm_veh_count,dec_lat,dec_long,rdwy_surf_type_cd,county_name
19830,204415,2016048623,6,67,67301,2016,4,5,1645,16,1,1,0,4,1, , ,N,5,2,0,3,0,2,3,2,N,N,40 00:28.388,75 08:25.762,1649, ,1645, ,0, , , ,3, , , , , , , , , ,2,2,0,0,0,0,0,0,0,0,0,0,2,2,1,0,0,0,0,0,0,0,0,0,0,0,0,0,0,0,0,0,0,0,0,8,0,40.0079,-75.1404, , 
19831,204430,2016028331,6,67,67301,2016,2,1,314,3,3,1,0,4,1, , ,N,1,2,0,3,0,0,3,3,N,N,39 56:37.906,75 10:01.891,320, ,316, ,0, ,N, ,3, , , , , , , , , ,3,2,0,0,0,0,1,0,0,0,0,0,0,0,0,0,0,0,0,0,0,0,0,0,0,0,0,0,0,0,0,0,0,0,0,0,0,39.9439,-75.1672, , 
19832,204434,2016125603,6,67,67301,2016,11,7,2318,23,3,1,0,7,4, , ,N,0,0,0,3,0,0,2,1,N,N,39 55:56.561,75 12:00.000,2347, ,2319,1,1,4, , ,0,Y, , , , , , , , ,1,1,0,0,0,0,0,0,0,0,0,0,0,0,0,0,0,0,0,1,0,0,0,0,0,0,0,0,0,0,0,0,0,0,0,0,0,39.9324,-75.2, , 
19833,204447,2016135802,6,67,67301,2016,12,6,1559,15,1,1,0,1,1, , ,N,1,2,0,3,0,1,2,2,N,N,40 04:28.594,75 02:06.267,1614, ,1604,1,1,3,N, ,3,N, , , , , , , , ,2,2,0,0,0,0,0,0,0,0,0,1,1,0,0,0,0,0,0,0,0,1,0,0,0,0,0,0,0,0,0,0,0,0,0,4,0,40.0746,-75.0351, , 
19834,204454,2016052868,6,67,67301,2016,4,3,1800,18,1,1,0,1,1, , ,N,0,0,0,3,0,0,3,2,N,N,39 57:28.131,75 09:43.500,1835, ,1814, ,0, , , ,0, , , , , , , , , ,2,2,0,0,0,0,0,0,0,0,0,0,0,0,0,0,0,0,0,0,0,0,0,0,0,0,0,0,0,0,0,0,0,0,0,0,0,39.9578,-75.1621, , 
19835,204460,2016058511,6,67,67301,2016,5,2,835,8,1,1,0,4,1, , ,N,1,3,0,3,0,1,3,2,N,N,39 55:56.100,75 10:20.380,839, ,835, ,0, , , ,3, , , , , , , , , ,2,2,0,0,0,0,0,0,0,0,0,1,1,0,0,0,0,0,0,0,1,0,0,0,0,0,0,0,0,0,0,0,0,0,0,4,0,39.9323,-75.1723, , 
19836,204465,2016068664,6,67,67301,2016,6,3,645,6,1,1,0,4,1, , ,N,2,2,0,3,0,1,2,2,N,N,39 57:42.244,75 08:11.376,750, ,740, ,0, ,N, ,3, , , , , , , , , ,1,0,0,0,0,0,1,0,1,0,0,1,1,0,0,0,0,0,0,0,0,0,0,0,0,0,0,0,0,0,0,0,0,0,0,4,0,39.9617,-75.1365, , 
19837,204473,2016081410,6,67,67301,2016,6,6,530,5,3,1,0,5,1, , ,N,0,0,0,3,0,1,2,2,N,N,39 56:55.656,75 09:51.467,600, ,550, ,0, ,N, ,0, , , , , , , , , ,1,1,0,0,0,0,0,0,1,0,1,0,1,0,0,0,0,0,0,0,0,0,0,1,0,0,0,0,0,0,0,0,0,0,0,3,0,39.9488,-75.1643, , 
19838,204474,2016082999,6,67,67301,2016,8,1,328,3,3,1,0,7,5, , ,N,1,2,0,3,0,1,1,1,N,N,39 58:59.480,75 09:24.548,330, ,328,2,2,5,N, ,3,Y, , , , , , , , ,1,1,0,0,0,0,0,0,0,1,0,0,1,0,0,0,0,0,0,0,0,0,0,1,0,1,0,0,0,0,0,0,0,0,0,2,0,39.9832,-75.1568, , 
19839,207751,2016064478,6,67,67301,2016,6,2,2118,21,3,1,0,7,2, , ,N,0,0,0,3,0,2,4,1,N,N,39 56:09.076,75 11:59.127,2140, ,2121,1,1,3, , ,0,N, , , , , , , , ,1,1,0,0,0,0,0,0,0,0,1,0,2,1,0,0,0,0,0,0,0,0,0,1,0,0,0,0,0,0,0,0,0,0,0,3,0,39.9359,-75.1998, , 
19840,207789,2016067820,6,67,67301,2016,5,3,2148,21,3,1,0,5,6, , ,N,0,0,0,3,0,1,1,2,N,N,40 02:45.302,75 11:23.351,2205, ,2202,2,1,7,N, ,0,N, , , , , , , , ,2,2,0,0,0,0,0,0,0,0,0,0,1,1,0,0,0,0,0,0,1,0,0,0,0,0,0,0,0,0,0,0,0,0,0,8,0,40.0459,-75.1898, , 
19841,207790,2016070628,6,67,67301,2016,6,7,1102,11,1,1,0,4,1, , ,N,1,3,0,3,0,1,2,2,N, ,40 03:13.258,75 02:41.679,1107, ,1102,9,1,1, , ,3,N, , , , , , , , ,2,1,0,0,0,0,1,0,0,0,0,1,1,0,0,0,0,0,0,0,0,0,0,0,0,0,0,0,0,0,0,0,0,0,0,4,0,40.0537,-75.0449, , 
19842,207794,2016075822,6,67,67301,2016,7,7,1706,17,1,2,1,4,1, , ,N,0,0,0,3,0,0,4,2,N,N,40 00:25.745,75 11:34.470,1726, ,1721, ,0, , , ,0, , , , , , , , , ,2,1,0,0,0,0,0,1,0,0,0,0,0,0,0,0,0,0,0,0,0,0,0,0,0,0,0,0,0,0,0,0,0,0,0,0,0,40.0072,-75.1929, , 
19843,207814,2016080496,6,67,67301,2016,7,6,1713,17,1,1,0,4,1, , ,N,1,3,0,3,0,1,2,2,N,N,40 03:16.301,75 05:26.793,1721, ,1714,2,2,5,N, ,3,Y, , , , , , , , ,2,1,0,0,0,0,1,0,0,0,0,0,1,1,0,0,0,0,0,0,0,0,0,0,0,0,0,0,0,0,0,0,0,0,0,8,0,40.0545,-75.0908, , 
19844,207831,2016089946,6,67,67301,2016,8,4,1740,17,1,1,0,4,1, , ,N,1,2,0,3,0,3,5,2,N, ,39 58:36.786,75 09:59.317,1810, ,9999,2,1,3, , ,3,Y, , , , , , , , ,2,1,0,0,0,0,1,0,0,0,0,3,3,0,0,0,0,0,0,0,0,0,0,1,0,0,0,0,0,0,0,0,0,0,0,4,0,39.9769,-75.1665, , 
19845,207832,2016105164,6,67,67301,2016,10,7,2024,20,3,2,1,5,1, , ,N,0,0,0,3,0,0,4,2,N,N,39 58:12.902,75 11:34.397,2029, ,2024,1,2,3, , ,0,N, , , , , , , , ,2,2,0,0,0,0,0,0,0,0,0,0,0,0,0,0,0,0,0,0,0,0,0,0,0,0,0,0,0,0,0,0,0,0,0,0,0,39.9703,-75.1929, , 
19846,207839,2016115138,6,67,67301,2016,10,5,540,5,3,1,0,4,1, , ,N,1,2,0,3,0,0,4,3,N,N,40 00:31.034,75 04:07.810,540, ,540, ,0, ,N, ,3, , , , , , , , , ,3,1,0,0,0,0,2,0,0,0,0,0,0,0,0,0,0,0,0,0,0,0,0,0,0,0,0,0,0,0,0,0,0,0,0,0,0,40.0086,-75.0688, , 
19847,207879,2016105708,6,67,67301,2016,9,2,1550,15,1,1,0,5,1, , ,N,0,0,0,3,0,1,2,2,N,N,39 57:15.278,75 09:42.444,1600, ,1555, ,0, ,N, ,0, , , , , , , , , ,2,2,0,0,0,0,0,0,0,0,0,0,1,1,0,0,0,0,0,0,1,0,0,1,0,0,0,0,0,0,0,0,0,0,0,8,0,39.9542,-75.1618, , 
19848,207891,2016080864,6,67,67301,2016,7,1,910,9,1,1,0,8,1, , ,N,1,3,0,3,0,1,2,2,N, ,39 57:51.382,75 09:20.051,920, ,915, ,0, , , ,3, , , , , , , , , ,1,1,0,0,0,0,0,0,0,0,0,0,1,1,0,0,0,0,0,0,0,0,0,1,0,0,0,0,0,0,0,0,1,0,0,8,0,39.9643,-75.1556, , 
19849,207907,2016080837,6,67,67301,2016,7,3,1506,15,1,1,0,4,1, , ,N,1,2,0,3,0,0,2,2,N,N,40 01:32.799,75 07:24.507,1514, ,1507,1,1,2,N, ,3,N, , , , , , , , ,2,2,0,0,0,0,0,0,0,0,0,0,0,0,0,0,0,0,0,0,0,1,0,0,0,0,0,0,0,0,0,0,0,0,0,0,0,40.0258,-75.1235, , 
19850,207918,2016097115,6,67,67301,2016,8,3,1330,13,1,1,0,5,1, , ,N,0,0,0,3,0,1,2,2,N, ,39 57:06.002,75 10:13.375,1334, ,1330, ,0, , , ,0, , , , , , , , , ,1,0,0,0,0,0,1,0,1,0,0,1,1,0,0,0,0,0,0,0,0,0,0,1,0,0,0,0,0,0,0,0,0,0,0,4,0,39.9517,-75.1704, , 
19851,207924,2016096639,6,67,67301,2016,8,3,2000,20,3,1,0,5,1, , ,N,0,0,0,3,0,1,3,3,N,N,39 59:28.364,75 10:47.441,9999, ,9999, ,0, ,N, ,0, , , , , , , , , ,3,0,1,0,1,0,1,0,0,0,0,0,1,1,0,0,0,0,0,0,1,0,0,0,0,0,0,0,0,0,0,0,0,0,0,8,0,39.9912,-75.1798, , 
19852,207932,2016120117,6,67,67301,2016,11,3,2101,21,3,1,0,1,4, , ,N,10,0,0,3,0,0,2,2,N,N,39 57:06.151,75 08:29.297,2106, ,2101,1,2,2, , ,0,N, , , , , , , , ,2,2,0,0,0,0,0,0,0,0,0,0,0,0,0,0,0,0,0,0,0,0,0,0,0,0,0,0,0,0,0,0,0,0,0,0,0,39.9517,-75.1415, , 
19853,207943,2016080090,6,67,67301,2016,6,3,1017,10,1,2,1,7,2, , ,N,0,0,0,3,0,0,4,1,N,N,39 56:50.698,75 14:57.666,1023, ,1021, ,0, ,N, ,0, , , , , , , , , ,1,1,0,0,0,0,0,0,0,0,0,0,0,0,4,0,0,0,0,0,0,0,0,0,0,0,0,0,0,0,0,0,0,0,0,9,0,39.9474,-75.2494, , 
19854,207955,2016080319,6,67,67301,2016,7,7,1218,12,1,1,0,4,1, , ,N,0,0,0,3,0,1,2,2,N, ,40 03:16.889,75 00:17.082,1225, ,1220, ,0, , , ,0, , , , , , , , , ,1,1,0,0,0,0,0,0,1,0,0,1,1,0,0,0,0,0,0,0,0,1,0,0,0,0,0,0,0,0,0,0,0,0,0,4,0,40.0547,-75.0047, , 
19855,207960,2016087685,6,67,67301,2016,8,2,1640,16,1,1,0,1,1, , ,N,0,0,0,3,0,2,3,2,N,N,39 54:58.694,75 14:44.356,1809, ,1809, ,0, ,N, ,0, , , , , , , , , ,2,1,0,0,0,0,0,1,0,0,0,2,2,0,1,0,0,0,0,0,1,1,0,0,0,0,0,0,0,0,0,0,0,0,0,4,0,39.9163,-75.2457, , 
19856,208004,2016097345,6,67,67301,2016,9,4,912,9,1,1,0,1,1, , ,N,0,0,0,3,0,0,4,3,N,N,39 59:41.038,75 05:02.397,912, ,912,1,1,2, , ,0,N, , , , , , , , ,3,1,0,0,0,0,0,2,0,0,0,0,0,0,0,0,0,0,0,0,0,0,0,0,0,0,0,0,0,0,0,0,0,0,0,0,0,39.9947,-75.084, , 
19857,208022,2016105696,6,67,67301,2016,9,7,130,1,3,1,0,7,4, , ,N,4,0,0,3,0,1,1,1,N,N,39 58:56.069,75 13:09.603,150, ,143, ,0, ,N, ,0, , , , , , , , , ,1,1,0,0,0,0,0,0,0,0,0,0,1,1,0,0,0,0,0,0,0,0,0,0,0,0,0,0,0,0,0,0,0,0,0,8,0,39.9822,-75.2193, , 
19858,210824,2016099569,6,67,67301,2016,9,6,1727,17,1,1,0,4,1, , ,N,1,2,0,3,0,1,2,2,N, ,39 56:39.490,75 09:18.158,1740, ,1727, ,0, , , ,3, , , , , , , , , ,1,1,0,0,0,0,0,0,1,0,0,1,1,0,0,0,0,0,0,0,0,0,0,0,0,0,0,0,0,0,0,0,0,0,0,4,0,39.9443,-75.155, , 
19859,210826,2016117159,6,67,67301,2016,10,7,9999,99,1,1,0,1,1, , ,N,0,2,0,3,0,1,2,2,N,N,39 59:19.355,75 05:25.122,1146, ,1120, ,0, ,N, ,3, , , , , , , , , ,2,1,0,0,0,0,1,0,0,0,0,0,1,1,0,0,0,0,0,0,0,1,0,1,0,0,0,0,0,0,0,0,0,0,0,8,0,39.9887,-75.0903, , 
19860,210830,2016119302,6,67,67301,2016,11,3,838,8,1,1,0,1,1, , ,N,0,0,0,3,0,1,5,4,N,N,40 02:00.517,75 01:12.249,857, ,840,2,1,2, , ,0,N, , , , , , , , ,4,2,0,0,0,0,2,0,0,0,0,1,1,0,0,0,0,0,0,0,0,0,0,0,0,0,0,0,0,0,0,0,0,0,0,4,0,40.0335,-75.0201, , 
19861,210837,2016125497,6,67,67301,2016,11,4,848,8,1,1,0,4,1, , ,N,0,0,0,3,0,0,5,5,N,N,39 57:25.779,75 10:48.962,851, ,848, ,0, , , ,0, , , , , , , , , ,5,4,0,0,0,0,1,0,0,0,0,0,0,0,0,0,0,0,0,0,0,0,0,0,0,0,0,0,0,0,0,0,0,0,0,0,0,39.9572,-75.1803, , 
19862,210850,2016080288,6,67,67301,2016,6,5,815,8,1,1,0,4,1, , ,N,1,2,0,3,0,1,5,2,N, ,40 04:50.725,75 01:42.964,823, ,823,9,2,3, , ,3,Y, , , , , , , , ,2,1,0,0,0,0,1,0,0,0,0,1,1,0,0,0,0,0,0,0,1,0,0,0,0,0,0,0,0,0,0,0,0,0,0,4,0,40.0809,-75.0288, , 
19863,210851,2016080551,6,67,67301,2016,7,5,805,8,1,1,0,8,1, , ,N,1,3,0,3,0,1,2,2,N, ,40 01:18.818,75 04:08.687,838, ,816, ,0, , , ,3, , , , , , , , , ,1,0,0,0,0,0,1,0,0,0,0,0,1,1,0,0,0,0,0,0,0,0,0,0,0,0,0,0,0,0,0,0,1,0,0,8,0,40.0219,-75.0691, , 
19864,210876,2016066022,6,46,46102,2016,6,4,736,7,1,1,0,1,1, , ,N,0,0,0,3,0,0,2,2,N,N,40 04:00.107,75 05:34.146,743, ,736, ,0, ,N, ,0, , , , , , , , , ,2,0,0,0,1,0,1,0,0,0,0,0,0,0,0,0,0,0,0,0,1,0,0,0,0,0,0,0,0,0,0,0,0,0,0,0,0,40.0667,-75.0928, , 
19865,210879,2016068261,6,67,67301,2016,6,4,1340,13,1,1,0,4,1, , ,N,2,3,0,3,0,1,2,2,N,N,39 56:55.129,75 14:29.533,1346, ,1346, ,0, ,N, ,3, , , , , , , , , ,1,1,0,0,0,0,0,0,1,0,0,1,1,0,0,0,0,0,0,0,0,0,0,0,0,0,0,0,0,0,0,0,0,0,0,4,0,39.9486,-75.2415, , 
19866,210881,2016069724,6,67,67301,2016,6,7,1903,19,1,1,0,5,1, , ,N,0,0,0,3,0,2,12,2,N,N,40 01:59.075,75 01:13.390,1919, ,1903,2,2,2, , ,0,N, , , , , , , , ,2,0,0,0,0,0,1,1,0,0,2,0,2,0,0,0,0,0,0,0,0,0,0,0,0,0,0,0,0,0,0,0,0,0,0,3,0,40.0331,-75.0204, , 
19867,210893,2016062565,6,67,67301,2016,5,3,245,2,3,1,0,5,6, , ,N,0,0,0,3,0,1,4,2,N,N,39 56:33.900,75 09:28.108,249, ,245, ,0, ,N, ,0, , , , , , , , , ,2,2,0,0,0,0,0,0,0,0,0,1,1,0,0,0,0,0,0,0,0,0,0,0,0,0,0,0,0,0,0,0,0,0,0,4,0,39.9428,-75.1578, , 
19868,210916,2016080441,6,67,67301,2016,7,2,1244,12,1,1,0,4,1, , ,N,1,3,0,3,0,2,2,2,N,N,40 03:15.670,75 09:18.658,1247, ,1246,2,2,5, , ,3,Y, , , , , , , , ,2,1,0,0,0,0,1,0,0,0,0,2,2,0,0,0,0,0,0,0,1,0,0,0,0,0,0,0,0,0,0,0,0,0,0,4,0,40.0544,-75.1552, , 
19869,210926,2016087670,6,67,67301,2016,8,2,620,6,1,1,0,5,1, , ,N,0,0,0,3,0,5,5,2,N,N,40 00:53.369,75 12:23.158,650, ,630,2,1,3, , ,0,N, , , , , , , , ,2,1,0,0,0,0,1,0,0,0,0,2,5,3,0,0,0,0,0,0,1,0,0,1,0,0,0,0,0,0,0,0,0,0,0,4,0,40.0148,-75.2064, , 
19870,210933,2016065729,6,67,67301,2016,6,5,1619,16,1,1,0,1,1, , ,N,0,0,0,3,0,1,3,2,N, ,40 06:20.593,75 00:01.136,1702, ,1652, ,0, ,N, ,0, , , , , , , , , ,2,0,0,0,0,0,2,0,0,0,0,0,1,1,0,0,0,0,0,1,0,0,0,0,0,0,0,0,0,0,0,0,0,0,0,8,0,40.1057,-75.0003, , 
19871,210972,2016129246,6,67,67301,2016,11,1,1600,16,1,1,0,1,1, , ,N,5,2,0,3,0,3,3,2,N,N,40 03:47.120,75 03:05.897,1609, ,1604, ,0, ,N, ,3, , , , , , , , , ,2,1,0,0,1,0,0,0,0,0,1,1,3,1,0,0,0,0,0,0,0,0,0,0,0,0,0,0,0,0,0,0,0,0,0,3,0,40.0631,-75.0516, , 
19872,210974,2016138342,6,67,67301,2016,12,4,1712,17,3,1,0,1,1, , ,N,7,0,0,3,0,1,2,2,N,N,39 56:31.386,75 11:38.579,1725, ,1718,2,1,3, , ,0,N, , , , , , , , ,2,2,0,0,0,0,0,0,0,0,1,0,1,0,0,0,0,0,0,0,0,0,0,0,0,0,0,0,0,0,0,0,0,0,0,3,0,39.9421,-75.194, , 
19873,210976,2016127815,6,67,67301,2016,11,5,1327,13,1,1,0,4,1, , ,N,1,2,0,3,0,3,4,3,N,N,40 01:48.790,75 05:17.559,1334, ,1330, ,0, ,N, ,3, , , , , , , , , ,3,1,0,0,0,0,2,0,0,0,1,2,3,0,0,0,0,0,0,0,0,1,0,0,0,0,0,0,0,0,0,0,0,0,0,3,0,40.0301,-75.0882, , 
19874,210977,2016120568,6,67,67301,2016,10,7,2129,21,3,1,0,1,1, , ,N,1,2,0,3,0,1,6,3,N, ,39 55:05.239,75 10:51.193,2134, ,2130, ,0, , , ,3, , , , , , , , , ,3,1,0,0,0,0,1,1,0,0,0,1,1,0,0,0,0,0,0,0,1,0,0,0,0,0,0,0,0,0,0,0,0,0,0,4,0,39.9181,-75.1809, , 
19875,210980,2016132181,6,67,67301,2016,11,3,923,9,1,2,1,7,4, , ,N,1,2,0,3,0,1,1,1,N,N,39 56:50.359,75 10:45.526,930, ,930,1,2,2,N, ,3,Y, , , , , , , , ,1,1,0,0,0,0,0,0,0,0,0,1,1,0,0,0,0,0,0,0,0,1,0,0,0,0,0,0,0,0,0,0,0,0,0,4,0,39.9473,-75.1793, , 
19876,212886,2016084594,6,67,67301,2016,8,2,758,7,1,1,0,4,1, , ,N,1,2,0,3,0,0,3,2,N,N,40 01:27.102,75 05:43.897,815, ,807, ,0, ,N, ,3, , , , , , , , , ,2,1,0,0,0,0,0,1,0,0,0,0,0,0,0,0,0,1,0,0,0,0,0,0,0,0,0,0,0,0,0,0,0,0,0,0,0,40.0242,-75.0955, , 
19877,212902,2016089925,6,67,67301,2016,8,3,1910,19,1,1,0,4,1, , ,N,0,0,7,3,0,0,3,2,N,N,40 04:52.397,75 01:45.917,1925, ,1915, ,0, ,N, ,0, , , , , , , , , ,2,1,0,0,0,0,1,0,0,0,0,0,0,0,0,0,0,0,0,0,0,0,0,0,0,0,0,0,0,0,0,0,0,0,0,0,0,40.0812,-75.0294, , 
19878,212915,2016120643,6,67,67301,2016,10,3,2200,22,3,1,0,4,1, , ,N,1,2,0,3,0,0,2,2,N,N,39 57:16.502,75 10:22.764,2200, ,2200,1,2,4,N, ,3,Y, , , , , , , , ,2,1,0,0,0,0,1,0,0,0,0,0,0,0,0,0,0,0,0,0,1,0,0,2,0,0,0,0,0,0,0,0,0,0,0,0,0,39.9546,-75.173, , 
19879,212927,2016061285,6,67,67301,2016,6,4,27,0,3,1,0,7,7, , ,N,7,0,2,3,0,0,1,1,N,N,39 58:38.784,75 12:02.538,44, ,28,1,1,3, , ,0,N, , , , , , , , ,1,1,0,0,0,0,0,0,0,0,0,0,0,0,0,0,0,0,0,0,0,0,0,0,0,0,0,0,0,0,0,0,0,0,0,0,0,39.9774,-75.2007, , 
19880,212936,2016080761,6,67,67301,2016,7,1,2100,21,3,1,0,4,1, , ,N,5,2,0,3,0,2,3,2,N,N,39 54:40.772,75 14:34.179,2111, ,2108,1,1,2, , ,3,N, , , , , , , , ,2,2,0,0,0,0,0,0,0,0,0,2,2,0,0,0,0,0,0,1,0,0,0,0,0,0,0,0,0,0,0,0,0,0,0,4,0,39.9113,-75.2427, , 
19881,212938,2016081212,6,46,46108,2016,8,3,1908,19,1,1,0,4,1, , ,N,1,2,0,3,0,0,6,2,N,N,40 05:09.951,75 12:42.717,1910, ,1908,1,1,1,N, ,3,N, , , , , , , , ,2,1,0,0,0,0,0,1,0,0,0,0,0,0,0,0,0,0,0,0,0,0,1,0,0,0,0,0,0,0,0,0,0,0,0,0,0,40.0861,-75.2119, , 
19882,212939,2016082450,6,67,67301,2016,7,2,2001,20,4,2,1,7,2, , ,N,0,0,0,3,0,0,1,1,N,N,39 53:55.682,75 10:10.293,2003, ,2001,1,2,1, , ,0,N, , , , , , , , ,1,1,0,0,0,0,0,0,0,0,0,0,0,0,0,0,0,0,0,0,0,0,0,1,0,0,0,0,0,0,0,0,0,0,0,0,0,39.8988,-75.1695, , 
19883,212956,2016087680,6,67,67301,2016,8,1,1327,13,1,1,0,8,1, , ,N,2,2,0,3,0,1,2,2,N,N,39 58:22.798,75 07:10.881,1327, ,1325, ,0, ,N, ,3, , , , , , , , , ,1,1,0,0,0,0,0,0,0,0,0,0,1,1,1,0,0,0,0,0,0,0,0,0,0,0,0,0,0,0,0,0,1,0,0,8,0,39.9729,-75.1196, , 
19884,212957,2016086747,6,67,67301,2016,8,5,817,8,1,2,1,8,1, , ,N,1,2,0,3,0,1,2,2,N,N,40 03:48.698,75 10:11.388,830, ,826, ,0, ,N, ,3, , , , , , , , , ,1,1,0,0,0,0,0,0,0,0,0,1,1,0,0,0,0,0,0,0,0,1,0,0,0,0,0,0,0,0,0,0,1,0,0,4,0,40.0635,-75.1698, , 
19885,212962,2016108611,6,67,67301,2016,10,4,1633,16,1,1,0,4,1, , ,N,1,3,0,3,0,2,2,2,N, ,39 59:11.923,75 05:39.698,1655, ,1641, ,0, , , ,3, , , , , , , , , ,2,2,0,0,0,0,0,0,0,0,1,1,2,0,0,0,0,0,0,0,0,1,0,0,0,0,0,0,0,0,0,0,0,0,0,3,0,39.9866,-75.0944, , 
19886,212983,2016129457,6,67,67301,2016,11,1,105,1,3,2,1,5,6, , ,N,0,0,0,3,0,0,1,2,N,N,39 56:19.014,75 10:06.211,107, ,107,1,2,2,N, ,0,Y, , , , , , , , ,2,1,0,0,0,0,1,0,0,0,0,0,0,0,0,0,0,0,0,0,0,0,0,0,0,0,0,0,0,0,0,0,0,0,0,0,0,39.9386,-75.1684, , 
19887,212986,2016129362,6,67,67301,2016,11,3,220,2,3,1,0,1,6, , ,N,0,0,0,3,0,0,1,2,N,N,40 01:11.509,75 04:51.170,225, ,220,1,1,2, , ,0,Y, , , , , , , , ,2,1,0,0,0,0,1,0,0,0,0,0,0,0,0,0,0,0,0,0,0,1,0,1,0,0,0,0,0,0,0,0,0,0,0,0,0,40.0199,-75.0809, , 
19888,212992,2016058605,6,67,67301,2016,5,1,241,2,3,2,1,4,5, , ,N,2,3,0,3,0,4,4,3,N, ,40 01:31.735,75 09:33.681,335, ,325, ,0, , , ,3, , , , , , , , , ,2,1,0,0,0,0,0,0,0,0,0,4,4,0,0,0,0,0,0,0,0,0,0,0,0,0,0,0,0,0,0,0,0,0,0,4,0,40.0255,-75.1594, , 
19889,213000,2016080306,6,67,67301,2016,6,2,1530,15,1,1,0,8,1, , ,N,1,0,0,3,0,1,2,2,N, ,40 02:15.856,75 07:41.923,200, ,200, ,0, , , ,0, , , , , , , , , ,1,1,0,0,0,0,0,0,0,0,0,1,1,0,1,0,0,0,0,0,0,0,0,0,0,0,0,0,0,0,0,0,1,0,0,4,0,40.0377,-75.1283, , 
19890,213030,2016071076,6,67,67301,2016,6,7,1809,18,1,1,0,4,1, , ,N,1,2,0,3,0,1,3,2,N,N,39 54:42.148,75 10:20.534,1815, ,1810, ,0, , , ,3, , , , , , , , , ,1,0,0,0,0,0,0,1,1,0,0,1,1,0,0,0,0,0,0,0,0,0,0,1,0,0,0,0,0,0,0,0,0,0,0,4,0,39.9117,-75.1724, , 
19891,213037,2016080929,6,67,67301,2016,7,7,1450,14,1,1,0,4,1, , ,N,1,2,0,3,0,1,2,2,N, ,40 03:23.307,75 03:12.244,1659, ,1656, ,0, , , ,3, , , , , , , , , ,2,0,0,0,1,0,0,1,0,0,0,0,1,1,0,0,0,0,0,0,0,0,0,0,0,0,0,0,0,0,0,0,0,0,0,8,0,40.0564,-75.0533, , 
19892,213047,2016091230,6,67,67301,2016,8,2,1559,15,1,1,0,1,1, , ,N,0,0,0,3,0,1,2,2,N,N,39 58:36.167,75 11:50.680,1606, ,1604, ,0, , , ,0, , , , , , , , , ,2,2,0,0,0,0,0,0,0,0,0,0,1,1,0,0,0,0,0,0,0,0,1,0,0,0,0,0,0,0,0,0,0,0,0,8,0,39.9767,-75.1974, , 
19893,213048,2016082234,6,67,67301,2016,7,6,1910,19,3,1,0,5,1, , ,N,0,0,7,3,0,1,2,2,N,N,40 03:03.024,75 07:46.005,1930, ,1921,2,2,1,N, ,0,Y, , , , , , , , ,2,0,1,0,0,0,1,0,0,0,0,0,1,1,0,0,0,0,0,0,1,0,0,0,0,0,0,0,0,0,0,0,0,0,0,8,0,40.0508,-75.1294, , 
19894,213056,2016090288,6,67,67301,2016,8,3,2140,21,3,1,0,5,6, , ,N,0,0,0,3,0,0,1,3,N,N,40 01:07.561,75 12:40.045,2252, ,2240, ,0, ,N, ,0, , , , , , , , , ,3,2,0,0,0,0,1,0,0,0,0,0,0,0,0,0,0,0,0,0,0,0,0,0,0,0,0,0,0,0,0,0,0,0,0,0,0,40.0188,-75.2111, , 
19895,204475,2016088826,6,67,67301,2016,8,7,2345,23,2,1,0,5,1, , ,N,0,0,0,3,0,3,5,2,N,N,39 58:38.092,75 12:00.246,2345, ,2345,2,2,3, , ,0,N, , , , , , , , ,2,2,0,0,0,0,0,0,0,0,0,0,3,3,0,0,0,0,0,1,0,0,0,2,0,0,0,0,0,0,0,0,0,0,0,8,0,39.9772,-75.2001, , 
19896,204476,2016089127,6,67,67301,2016,8,7,139,1,3,1,0,1,1, , ,N,0,0,0,3,0,1,3,2,N,N,39 57:35.281,75 10:41.560,139, ,139,1,1,3, , ,0,N, , , , , , , , ,2,1,0,0,0,0,1,0,0,0,1,0,1,0,1,0,0,0,0,0,0,0,0,0,0,0,0,0,0,0,0,0,0,0,0,3,0,39.9598,-75.1782, , 