objectid_1,objectid,crn,district,county,municipality,crash_year,crash_month,day_of_week,time_of_day,hour_of_day,illumination,weather,road_condition,collision_type,relation_to_road,work_zone_type,work_zone_loc,work_zone_ind,intersect_type,tcd_type,location_type,urban_rural,fatal_count,injury_count,person_count,total_units,sch_bus_ind,sch_zone_ind,latitude,longitude,arrival_tm,cons_zone_spd_lim,dispatch_tm,est_hrs_closed,lane_closed,ln_close_dir,ntfy_hiwy_maint,spec_juris_cd,tcd_func_cd,tfc_detour_ind,workers_pres,wz_close_detour,wz_flagger,wz_law_offcr_ind,wz_ln_closure,wz_moving,wz_other,wz_shlder_mdn,vehicle_count,automobile_count,motorcycle_count,bus_count,small_truck_count,heavy_truck_count,suv_count,van_count,bicycle_count,maj_inj_count,mod_inj_count,min_inj_count,tot_inj_count,unk_inj_deg_count,unk_inj_per_count,driver_count_16yr,driver_count_17yr,driver_count_18yr,driver_count_19yr,driver_count_20yr,driver_count_50_64yr,driver_count_65_74yr,driver_count_75plus,unbelted_occ_count,unb_death_count,unb_maj_inj_count,belted_death_count,belted_maj_inj_count,mcycle_death_count,mcycle_maj_inj_count,bicycle_death_count,bicycle_maj_inj_count,ped_count,ped_death_count,ped_maj_inj_count,max_severity_level,comm_veh_count,dec_lat,dec_long,rdwy_surf_type_cd,county_name
19897,204494,2016080787,6,67,67301,2016,6,6,1052,10,1,1,0,5,6, , ,N,0,0,0,3,0,0,1,3,N,N,40 01:47.402,75 12:17.596,1100, ,1054,2,1,4,N, ,0,N, , , , , , , , ,3,2,0,0,0,0,1,0,0,0,0,0,0,0,0,0,0,0,0,0,0,1,0,0,0,0,0,0,0,0,0,0,0,0,0,0,0,40.0298,-75.2049, , 
19898,204495,2016080802,6,67,67301,2016,7,6,230,2,3,1,0,5,6, , ,N,0,0,0,3,0,0,1,2,N,N,40 02:49.416,75 14:03.236,238, ,230, ,0, ,N, ,0, , , , , , , , , ,2,1,0,0,0,0,1,0,0,0,0,0,0,0,0,0,0,0,0,0,0,0,0,1,0,0,0,0,0,0,0,0,0,0,0,0,0,40.0471,-75.2342, , 
19899,204504,2016087138,6,67,67301,2016,8,1,2118,21,3,1,0,6,6, , ,N,0,0,0,3,0,1,3,3,N,N,40 00:15.249,75 05:48.584,2210, ,2118, ,0, ,N, ,0, , , , , , , , , ,3,2,0,0,0,0,0,0,0,0,0,1,1,0,0,0,0,0,0,0,0,0,0,0,0,0,0,0,0,0,0,0,0,0,0,4,0,40.0042,-75.0968, , 
19900,204527,2016063933,6,67,67301,2016,6,5,2200,22,3,1,0,8,1, , ,N,1,2,0,3,0,1,2,2,N,N,40 01:04.383,75 04:57.342,2340, ,2335, ,0, ,N, ,3, , , , , , , , , ,1,0,0,0,0,0,0,0,0,0,0,1,1,0,0,0,0,0,0,0,0,0,0,0,0,0,0,0,0,0,0,0,1,0,0,4,0,40.0179,-75.0826, , 
19901,204552,2016084631,6,67,67301,2016,7,1,2300,23,3,1,0,7,4, , ,N,0,0,0,3,0,1,1,1,N, ,39 59:57.087,75 11:26.303,2320, ,2306, ,0, ,N, ,0, , , , , , , , , ,1,0,1,0,0,0,0,0,0,0,1,0,1,0,0,0,0,0,0,0,0,0,0,0,0,0,0,0,0,0,0,0,0,0,0,3,0,39.9992,-75.1906, , 
19902,204557,2016106441,6,67,67301,2016,10,1,1224,12,1,1,1,7,2, , ,N,0,0,0,3,0,1,1,1,N,N,40 01:43.847,75 01:23.177,1226, ,1224,1,1,2, , ,0,N, , , , , , , , ,1,1,0,0,0,0,0,0,0,0,1,0,1,0,0,0,0,0,0,0,0,1,0,0,0,0,0,0,0,0,0,0,0,0,0,3,0,40.0288,-75.0231, , 
19903,204586,2017003563,6,67,67301,2016,12,2,530,5,3,2,1,8,1, , ,N,1,2,0,3,0,1,2,2,N,N,40 01:45.310,75 05:23.878,850, ,844, ,0, ,N, ,3, , , , , , , , , ,1,0,0,0,0,0,1,0,0,0,0,1,1,0,0,0,0,0,0,0,0,0,0,0,0,0,0,0,0,0,0,0,1,0,0,4,0,40.0293,-75.09, , 
19904,204587,2017007946,6,67,67301,2016,12,4,115,1,3,1,0,7,1,1,4,Y,0,0,0,3,0,1,1,1,N,N,39 57:30.922,75 09:50.495,118,99,116, ,0, ,N, ,0, ,U, , ,U,Y, , , ,1,0,0,0,0,0,1,0,0,0,0,1,1,0,0,0,0,0,0,0,0,0,0,0,0,0,0,0,0,0,0,0,0,0,0,4,0,39.9586,-75.164, , 
19905,204607,2016082369,6,67,67301,2016,7,5,1845,18,1,1,0,4,1, , ,N,1,2,0,3,0,1,2,2,N, ,39 58:19.594,75 14:49.011,1850, ,1845, ,0, , , ,3, , , , , , , , , ,2,1,0,0,0,0,1,0,0,0,0,1,1,0,0,0,0,0,0,0,0,1,0,2,0,0,0,0,0,0,0,0,0,0,0,4,0,39.9721,-75.2469, , 
19906,204611,2016092096,6,67,67301,2016,8,5,1031,10,1,1,0,4,1, , ,N,1,2,0,3,0,2,3,2,N,N,40 00:19.424,75 06:33.741,1037, ,1031, ,0, ,N, ,3, , , , , , , , , ,2,0,0,0,0,0,1,1,0,0,0,2,2,0,0,0,0,0,0,0,0,0,0,1,0,0,0,0,0,0,0,0,0,0,0,4,0,40.0054,-75.1094, , 
19907,204622,2016099619,6,67,67301,2016,9,4,1022,10,1,1,0,4,1, , ,N,3,2,0,3,0,0,2,2,N, ,40 05:07.207,75 12:37.474,1045, ,1038, ,0, , , ,3, , , , , , , , , ,2,1,0,0,0,0,1,0,0,0,0,0,0,0,0,0,0,0,0,0,1,0,0,0,0,0,0,0,0,0,0,0,0,0,0,0,0,40.0853,-75.2104, , 
19908,204630,2016080354,6,67,67301,2016,7,7,1811,18,1,1,0,8,1, , ,N,0,0,0,3,0,1,2,2,N,N,40 00:16.253,75 10:16.073,1845, ,1840, ,0, ,N, ,0, , , , , , , , , ,1,1,0,0,0,0,0,0,0,0,0,1,1,0,0,0,0,0,0,0,0,0,0,0,0,0,0,0,0,0,0,0,1,0,0,4,0,40.0045,-75.1711, , 
19909,204637,2016107342,6,67,67301,2016,10,5,1402,14,1,2,1,1,1, , ,N,7,0,2,3,0,0,3,2,N,N,39 57:24.497,75 09:12.843,1420, ,1402, ,0, , , ,0, , , , , , , , , ,2,1,0,0,0,0,1,0,0,0,0,0,0,0,0,0,0,0,0,0,1,0,0,1,0,0,0,0,0,0,0,0,0,0,0,0,0,39.9568,-75.1536, , 
19910,204639,2016091617,6,67,67301,2016,8,6,641,6,1,1,0,1,1, , ,N,0,0,0,3,0,1,5,4,N, ,39 57:02.558,75 14:57.325,652, ,652, ,0, ,N, ,0, , , , , , , , , ,4,3,0,0,0,0,1,0,0,0,0,0,1,1,0,0,0,0,0,0,1,2,0,4,0,0,0,0,0,0,0,0,0,0,0,8,0,39.9507,-75.2493, , 
19911,204649,2016105548,6,67,67301,2016,9,6,38,0,3,2,1,5,6, , ,N,0,0,0,3,0,0,1,4,N,N,39 59:22.875,75 07:04.404,43, ,42, ,0, ,N, ,0, , , , , , , , , ,4,2,0,0,1,0,1,0,0,0,0,0,0,0,0,0,0,0,0,0,0,0,0,0,0,0,0,0,0,0,0,0,0,0,0,0,0,39.9897,-75.1179, , 
19912,204651,2016108663,6,67,67301,2016,10,2,1948,19,3,1,0,4,1, , ,N,2,0,6,3,0,2,4,2,N, ,40 03:02.218,75 03:03.371,1955, ,1949,1,1,1, , ,0,N, , , , , , , , ,2,1,0,0,0,0,0,1,0,0,0,1,2,1,0,0,0,0,0,0,0,0,0,0,0,0,0,0,0,0,0,0,0,0,0,4,0,40.0506,-75.0509, , 
19913,204660,2016105704,6,67,67301,2016,9,1,38,0,3,1,0,5,6, , ,N,0,0,0,3,0,0,2,3,N, ,40 01:37.596,75 06:22.230,105, ,58,2,2,4, , ,0,Y, , , , , , , , ,3,2,0,0,0,0,1,0,0,0,0,0,0,0,2,0,0,0,0,0,0,0,0,0,0,0,0,0,0,0,0,0,0,0,0,9,0,40.0271,-75.1062, , 
19914,208024,2016105957,6,67,67301,2016,9,6,840,8,1,1,0,4,1, , ,N,1,3,0,3,0,1,5,2,Y,N,39 59:21.076,75 08:31.981,910, ,856, ,0, ,N, ,3, , , , , , , , , ,2,0,0,1,0,0,1,0,0,0,0,0,1,1,1,0,0,0,0,0,1,0,0,0,0,0,0,0,0,0,0,0,0,0,0,8,1,39.9892,-75.1422, , 
19915,208056,2016092089,6,67,67301,2016,8,6,1250,12,1,1,0,5,6, , ,N,0,1,0,3,0,2,3,3,N,N,39 59:52.401,75 07:28.458,1300, ,1255,3,1,4,N, ,3,N, , , , , , , , ,3,2,0,0,0,0,1,0,0,0,0,2,2,0,1,0,0,0,0,0,0,0,0,0,0,0,0,0,0,0,0,0,0,0,0,4,0,39.9979,-75.1246, , 
19916,208060,2016099496,6,67,67301,2016,9,6,820,8,1,1,0,4,1, , ,N,0,0,0,3,0,3,3,2,N,N,39 58:14.637,75 13:32.416,827, ,825, ,0, ,N, ,0, , , , , , , , , ,2,1,0,0,0,0,1,0,0,0,0,2,3,1,0,0,0,0,0,0,0,0,0,0,0,0,0,0,0,0,0,0,0,0,0,4,0,39.9707,-75.2257, , 
19917,208063,2016105880,6,67,67301,2016,9,7,1620,16,1,1,0,2,6, , ,N,0,0,0,3,0,0,1,2,N,N,39 57:21.054,75 14:53.444,1705, ,1703, ,0, ,N, ,0, , , , , , , , , ,2,2,0,0,0,0,0,0,0,0,0,0,0,0,0,0,0,0,0,0,0,0,0,0,0,0,0,0,0,0,0,0,0,0,0,0,0,39.9558,-75.2482, , 
19918,208089,2016080188,6,67,67301,2016,7,3,1339,13,1,1,0,1,1, , ,N,0,0,0,3,0,0,2,2,N, ,39 56:11.554,75 09:31.924,1352, ,1348,1,1,4, , ,0,N, , , , , , , , ,2,1,0,0,0,0,1,0,0,0,0,0,0,0,0,0,0,0,0,0,0,1,0,0,0,0,0,0,0,0,0,0,0,0,0,0,0,39.9365,-75.1589, , 
19919,208092,2016081436,6,67,67301,2016,6,1,350,3,3,1,0,4,1, , ,N,1,2,0,3,0,1,3,2,N,N,39 57:03.858,75 09:56.243,401, ,354, ,0, ,N, ,3, , , , , , , , , ,2,2,0,0,0,0,0,0,0,0,0,0,1,1,1,0,0,0,0,0,0,0,0,0,0,0,0,0,0,0,0,0,0,0,0,8,0,39.951,-75.1654, , 
19920,208096,2016089550,6,67,67301,2016,8,7,1218,12,1,1,0,1,1, , ,N,0,0,0,3,0,0,4,3,N,N,40 00:36.155,75 12:23.453,1225, ,1218, ,0, , , ,0, , , , , , , , , ,3,3,0,0,0,0,0,0,0,0,0,0,0,0,0,0,0,1,0,0,0,0,0,0,0,0,0,0,0,0,0,0,0,0,0,0,0,40.01,-75.2065, , 
19921,208098,2016080199,6,67,67301,2016,7,6,1320,13,1,1,0,4,1, , ,N,0,0,0,3,0,1,2,2,N,N,39 57:55.080,75 12:20.858,1339, ,1336, ,0, ,N, ,0, , , , , , , , , ,2,1,0,0,0,0,1,0,0,0,0,0,1,1,0,0,0,0,0,0,1,0,0,0,0,0,0,0,0,0,0,0,0,0,0,8,0,39.9653,-75.2058, , 
19922,208120,2016117670,6,67,67301,2016,10,2,1600,16,1,1,0,8,1, , ,N,0,0,7,3,0,1,2,2,N,N,40 02:50.674,75 08:32.085,1830, ,1830, ,0, ,N, ,0, , , , , , , , , ,1,0,0,0,0,0,1,0,0,0,0,1,1,0,0,0,0,0,0,0,0,1,0,1,0,0,0,0,0,0,0,0,1,0,0,4,0,40.0474,-75.1422, , 
19923,208126,2016112068,6,67,67301,2016,10,4,1400,14,1,1,0,4,1, , ,N,1,2,0,3,0,1,2,2,N,N,39 59:30.040,75 10:24.142,1402, ,1400, ,0, ,N, ,3, , , , , , , , , ,2,0,0,0,1,0,1,0,0,0,1,0,1,0,0,0,0,0,0,0,1,0,0,0,0,0,0,0,0,0,0,0,0,0,0,3,0,39.9917,-75.1734, , 
19924,208148,2016138250,6,67,67301,2016,12,4,2224,22,3,1,0,4,1, , ,N,2,0,2,3,0,5,7,2,N,N,40 00:23.754,75 04:05.666,2355, ,2348,9,1,3,N, ,0,N, , , , , , , , ,2,0,0,0,0,0,2,0,0,0,0,0,5,5,2,0,0,0,0,0,1,0,0,2,0,0,0,0,0,0,0,0,0,0,0,8,0,40.0066,-75.0682, , 
19925,208158,2016057284,6,67,67301,2016,5,2,750,7,1,1,0,8,1, , ,N,0,0,0,3,0,1,2,2,N, ,40 01:34.600,75 09:02.200,1802, ,1752, ,0, , , ,0, , , , , , , , , ,1,0,0,0,0,0,1,0,0,0,0,1,1,0,0,0,0,0,0,0,0,0,0,1,0,0,0,0,0,0,0,0,1,0,0,4,0,40.0263,-75.1506, , 
19926,208163,2016064150,6,67,67301,2016,6,1,2121,21,3,1,0,7,2, , ,N,0,0,0,3,0,5,5,1,N,N,39 55:30.581,75 11:35.978,2127, ,2121,1,2,4, , ,0,N, , , , , , , , ,1,0,0,0,0,0,1,0,0,0,0,0,5,5,0,0,0,0,0,0,0,0,0,0,0,0,0,0,0,0,0,0,0,0,0,8,0,39.9252,-75.1933, , 
19927,208170,2016080491,6,67,67301,2016,7,6,1145,11,1,1,0,8,1, , ,N,1,2,0,3,0,1,2,2,N,N,39 57:15.789,75 10:16.899,1200, ,1157, ,0, ,N, ,3, , , , , , , , , ,1,0,0,0,0,0,0,1,0,0,0,0,1,1,0,0,0,0,0,0,0,0,0,1,0,0,0,0,0,0,0,0,1,0,0,8,0,39.9544,-75.1714, , 
19928,208173,2016083804,6,67,67301,2016,7,1,1914,19,1,1,0,1,1, , ,N,10,0,0,3,0,1,3,3,N,N,39 56:43.059,75 11:25.839,1914, ,1914,1,2,4, , ,0,N, , , , , , , , ,3,3,0,0,0,0,0,0,0,0,1,0,1,0,1,0,0,0,0,0,0,0,0,0,0,0,0,0,0,0,0,0,0,0,0,3,0,39.9453,-75.1905, , 
19929,208210,2016087170,6,67,67301,2016,8,5,130,1,3,1,0,5,6, , ,N,0,0,0,3,0,0,1,2,N, ,40 01:29.830,75 09:19.476,320, ,313,9,1,4, , ,0,N, , , , , , , , ,2,2,0,0,0,0,0,0,0,0,0,0,0,0,1,0,0,0,0,0,0,0,0,0,0,0,0,0,0,0,0,0,0,0,0,9,0,40.025,-75.1554, , 
19930,208213,2016087479,6,67,67301,2016,8,4,1005,10,1,1,0,1,1, , ,N,0,0,0,3,0,0,3,3,N,N,39 57:27.707,75 09:37.919,1016, ,1011,1,2,4, , ,0,N, , , , , , , , ,3,2,0,0,0,0,1,0,0,0,0,0,0,0,0,0,0,0,0,0,0,0,0,0,0,0,0,0,0,0,0,0,0,0,0,0,0,39.9577,-75.1605, , 
19931,208222,2016097090,6,67,67301,2016,8,6,1400,14,1,1,0,4,1, , ,N,1,2,0,3,0,2,2,3,N,N,40 00:05.796,75 07:42.898,1603, ,1600, ,0, , , ,3, , , , , , , , , ,3,1,0,0,0,0,1,0,0,0,0,0,2,2,0,0,0,0,0,0,0,0,0,1,0,0,0,0,0,0,0,0,0,0,0,8,0,40.0016,-75.1286, , 
19932,210981,2016129433,6,67,67301,2016,11,7,1300,13,1,1,0,1,1, , ,N,0,0,0,3,0,2,4,3,N, ,40 02:33.525,75 08:37.815,1305, ,1304,1,2,1, , ,0,Y, , , , , , , , ,3,2,0,0,0,0,1,0,0,0,0,0,2,2,0,0,0,0,0,0,1,0,0,0,0,0,0,0,0,0,0,0,0,0,0,8,0,40.0426,-75.1438, , 
19933,210998,2016092169,6,67,67301,2016,8,2,2250,22,3,1,0,5,1, , ,N,0,0,0,3,0,1,3,2,N,N,40 04:41.547,75 01:51.089,2258, ,2250,2,1,1,N, ,0,N, , , , , , , , ,2,1,0,0,1,0,0,0,0,0,0,0,1,1,0,0,0,0,1,0,0,0,0,0,0,0,0,0,0,0,0,0,0,0,0,8,0,40.0782,-75.0309, , 
19934,211002,2016099641,6,67,67301,2016,8,4,2015,20,3,2,1,8,1, , ,N,0,0,0,3,0,1,2,2,N, ,39 57:34.708,75 14:04.389,2025, ,2025, ,0, , , ,0, , , , , , , , , ,1,0,0,0,0,0,0,1,0,0,1,0,1,0,0,0,0,0,0,0,1,0,0,0,0,0,0,0,0,0,0,0,1,0,0,3,0,39.9596,-75.2346, , 
19935,211006,2016105890,6,67,67301,2016,9,4,417,4,3,1,0,5,6, , ,N,0,0,0,3,0,0,1,6,N,N,40 01:49.306,75 06:34.675,425, ,417, ,0, , , ,0, , , , , , , , , ,6,4,0,0,0,0,1,1,0,0,0,0,0,0,1,0,0,0,0,0,0,0,0,0,0,0,0,0,0,0,0,0,0,0,0,9,0,40.0304,-75.1096, , 
19936,211011,2016108623,6,67,67301,2016,10,7,400,4,3,1,0,1,6, , ,N,0,0,0,3,0,1,2,3,N,N,40 02:11.169,75 08:14.902,425, ,405,1,1,6,N, ,0,N, , , , , , , , ,3,2,0,0,1,0,0,0,0,0,0,1,1,0,0,0,0,0,0,0,0,0,0,0,0,0,0,0,0,0,0,0,0,0,0,4,0,40.0364,-75.1375, , 
19937,211040,2016082370,6,67,67301,2016,7,7,218,2,3,1,0,1,1, , ,N,0,0,0,3,0,4,4,2,N, ,40 00:19.498,75 13:02.679,229, ,218,2,1,6, , ,0,Y, , , , , , , , ,2,2,0,0,0,0,0,0,0,0,2,2,4,0,0,0,0,0,0,0,0,0,0,0,0,0,0,0,0,0,0,0,0,0,0,3,0,40.0054,-75.2174, , 
19938,211043,2016097198,6,67,67301,2016,8,6,1215,12,1,1,0,5,6, , ,N,0,0,0,3,0,0,1,2,N,N,39 58:10.840,75 13:23.250,1645, ,1620, ,0, ,N, ,0, , , , , , , , , ,2,2,0,0,0,0,0,0,0,0,0,0,0,0,0,0,0,0,0,0,0,0,0,1,0,0,0,0,0,0,0,0,0,0,0,0,0,39.9697,-75.2231, , 
19939,211066,2016108525,6,67,67301,2016,10,2,700,7,1,9,8,4,1, , ,N,1,2,0,3,0,1,3,2,N, ,40 00:31.034,75 04:07.810,720, ,712, ,0, , , ,3, , , , , , , , , ,2,1,0,0,0,0,1,0,0,0,0,0,1,1,1,0,0,0,0,0,0,0,0,0,0,0,0,0,0,0,0,0,0,0,0,8,0,40.0086,-75.0688, , 
19940,211072,2016080209,6,67,67301,2016,6,5,2155,21,3,1,0,8,1, , ,N,2,0,0,3,0,1,2,2,N,N,40 04:40.758,75 05:10.164,2213, ,2157, ,0, , , ,0, , , , , , , , , ,1,0,0,0,1,0,0,0,0,0,0,1,1,0,0,0,0,0,0,0,0,1,0,0,0,0,0,0,0,0,0,0,1,0,0,4,0,40.078,-75.0862, , 
19941,211075,2016087641,6,67,67301,2016,6,3,23,0,3,1,0,1,1, , ,N,1,2,0,3,0,2,4,3,N, ,39 57:27.036,75 13:02.383,40, ,36, ,0, , , ,3, , , , , , , , , ,3,2,0,0,0,0,0,0,0,0,0,2,2,0,0,0,0,0,0,0,0,0,0,0,0,0,0,0,0,0,0,0,0,0,0,4,0,39.9575,-75.2173, , 
19942,211077,2016087140,6,67,67301,2016,8,1,900,9,1,1,0,7,4, , ,N,0,0,0,3,0,0,1,1,N, ,40 03:32.407,75 12:01.810,920, ,900, ,0, , , ,0, , , , , , , , , ,1,1,0,0,0,0,0,0,0,0,0,0,0,0,0,0,0,0,1,0,0,0,0,0,0,0,0,0,0,0,0,0,0,0,0,0,0,40.059,-75.2005, , 
19943,211092,2016080317,6,67,67301,2016,7,6,1505,15,1,9,1,7,4, , ,N,0,0,0,3,0,1,1,2,N, ,40 03:52.043,74 58:58.892,1557, ,1547,2,1,1, , ,0,Y, , , , , , , , ,1,1,0,0,0,0,0,0,0,0,1,0,1,0,0,0,0,0,0,0,0,0,0,0,0,0,0,0,0,0,0,0,0,0,0,3,0,40.0645,-74.983, , 
19944,211093,2016080473,6,67,67301,2016,7,7,9999,99,1,1,0,8,1, , ,N,1,3,0,3,0,1,2,2,N, ,39 57:08.535,75 09:17.776,9999, ,9999, ,0, , , ,3, , , , , , , , , ,1,0,0,0,0,0,1,0,0,0,0,1,1,0,0,0,0,0,0,0,0,0,0,1,0,0,0,0,0,0,0,0,1,0,0,4,0,39.9524,-75.1549, , 
19945,211100,2016087143,6,67,67301,2016,8,7,1855,18,1,1,0,1,1, , ,N,0,0,0,3,0,1,2,2,N,N,40 00:59.680,75 08:35.675,1859, ,1858, ,0, ,N, ,0, , , , , , , , , ,2,0,1,0,0,1,0,0,0,0,0,1,1,0,0,0,0,0,0,0,1,0,0,1,0,0,0,0,0,0,0,0,0,0,0,4,0,40.0166,-75.1432, , 
19946,211102,2016095707,6,67,67301,2016,9,2,849,8,1,1,0,5,1, , ,N,0,0,0,3,0,1,2,2,N,N,39 57:26.617,75 08:49.702,906, ,854, ,0, , , ,0, , , , , , , , , ,2,1,0,0,0,0,1,0,0,0,1,0,1,0,0,0,0,0,0,0,0,0,0,0,0,0,0,0,0,0,0,0,0,0,0,3,0,39.9574,-75.1471, , 
19947,211103,2016082241,6,67,67301,2016,7,7,255,2,3,1,0,7,5, , ,N,2,2,0,3,0,1,1,1,N,N,39 56:25.699,75 11:14.495,255, ,255, ,0, ,N, ,3, , , , , , , , , ,1,1,0,0,0,0,0,0,0,0,0,0,1,1,0,0,0,0,0,0,0,0,0,1,0,0,0,0,0,0,0,0,0,0,0,8,0,39.9405,-75.1874, , 
19948,211113,2016089957,6,67,67301,2016,8,7,35,0,3,1,0,1,6, , ,N,0,0,0,3,0,1,1,3,N, ,40 01:15.286,75 07:05.562,117, ,36, ,0, , , ,0, , , , , , , , , ,3,1,0,0,0,0,0,2,0,0,0,1,1,0,0,0,0,0,0,0,1,0,0,1,0,0,0,0,0,0,0,0,0,0,0,4,0,40.0209,-75.1182, , 
19949,211122,2016060827,6,67,67301,2016,5,2,1006,10,1,1,0,5,2, , ,N,0,0,0,3,0,1,1,2,N,N,39 55:31.602,75 13:15.775,1010, ,1006, ,0, ,N, ,0, , , , , , , , , ,2,0,0,0,0,1,1,0,0,0,0,1,1,0,0,0,0,0,0,0,1,0,0,0,0,0,0,0,0,0,0,0,0,0,0,4,1,39.9254,-75.221, , 
19950,211151,2016126081,6,67,67301,2016,11,5,1640,16,1,1,0,5,6, , ,N,0,0,0,3,0,1,2,2,N,N,39 58:31.741,75 10:06.199,1655, ,1654, ,0, ,N, ,0, , , , , , , , , ,2,2,0,0,0,0,0,0,0,0,0,0,1,1,0,0,0,0,0,0,1,0,0,0,0,0,0,0,0,0,0,0,0,0,0,8,0,39.9755,-75.1684, , 
19951,214167,2016097189,6,67,67301,2016,8,1,317,3,3,1,0,1,1, , ,N,0,0,0,3,0,1,3,2,N,N,39 57:06.515,75 12:12.722,326, ,317, ,0, , , ,0, , , , , , , , , ,2,1,0,0,0,1,0,0,0,0,0,1,1,0,0,0,0,0,0,1,0,0,0,0,0,0,0,0,0,0,0,0,0,0,0,4,0,39.9518,-75.2035, , 
19952,214174,2016106302,6,67,67301,2016,4,6,532,5,3,1,0,8,1, , ,N,1,2,0,3,0,1,2,2,N,N,40 07:53.956,75 00:43.926,538, ,533,1,1,2,N, ,3,Y, , , , , , , , ,1,0,0,0,1,0,0,0,0,0,0,1,1,0,0,0,0,0,0,0,0,0,0,0,0,0,0,0,0,0,0,0,1,0,0,4,0,40.1317,-75.0122, , 
19953,214179,2016083234,6,67,67301,2016,8,2,1100,11,1,1,0,1,1, , ,N,2,3,0,3,0,1,2,2,N,N,39 54:09.142,75 13:29.144,1115, ,1110, ,0, ,N, ,3, , , , , , , , , ,2,0,0,0,1,0,1,0,0,0,0,0,1,1,0,0,0,0,0,0,0,0,0,0,0,0,0,0,0,0,0,0,0,0,0,8,0,39.9025,-75.2248, , 
19954,214184,2016105700,6,67,67301,2016,9,5,1248,12,1,1,0,4,1, , ,N,1,2,0,3,0,4,4,2,N, ,40 01:31.355,75 04:23.942,1248, ,1248,3,2,7, , ,3,Y, , , , , , , , ,2,0,0,0,0,0,2,0,0,0,0,0,4,4,0,0,0,0,0,0,1,0,0,0,0,0,0,0,0,0,0,0,0,0,0,8,0,40.0254,-75.0733, , 
19955,214205,2016064166,6,67,67301,2016,6,5,1334,13,1,2,1,1,1, , ,N,0,0,0,3,0,2,4,2,N,N,39 57:29.626,75 09:55.893,1445, ,1438, ,0, , , ,0, , , , , , , , , ,2,0,0,0,0,0,1,1,0,0,2,0,2,0,0,0,0,0,0,0,1,0,0,0,0,0,0,0,0,0,0,0,0,0,0,3,0,39.9582,-75.1655, , 
19956,214212,2016080933,6,67,67301,2016,7,4,1430,14,1,1,0,7,4, , ,N,1,2,0,3,0,0,1,1,N,N,39 59:36.071,75 05:49.104,1515, ,1500, ,0, , , ,3, , , , , , , , , ,1,1,0,0,0,0,0,0,0,0,0,0,0,0,1,0,0,0,0,0,0,0,0,0,0,0,0,0,0,0,0,0,0,0,0,9,0,39.9934,-75.097, , 
19957,214218,2016082230,6,67,67301,2016,7,4,1211,12,1,1,0,4,1, , ,N,1,2,0,3,0,2,4,2,N, ,39 58:15.733,75 09:20.582,1240, ,1234, ,0, , , ,3, , , , , , , , , ,2,2,0,0,0,0,0,0,0,0,0,2,2,0,2,0,0,0,0,0,0,0,0,0,0,0,0,0,0,0,0,0,0,0,0,4,0,39.9709,-75.1557, , 
19958,214243,2016126105,6,67,67301,2016,11,5,1515,15,1,1,0,5,1, , ,N,0,0,0,3,0,1,2,2,N,N,39 59:30.511,75 08:05.393,1602, ,1535, ,0, ,N, ,0, , , , , , , , , ,2,1,0,0,0,1,0,0,0,0,0,1,1,0,0,0,0,0,0,0,0,0,0,1,0,0,0,0,0,0,0,0,0,0,0,4,1,39.9918,-75.1348, , 
19959,214247,2016134687,6,67,67301,2016,12,7,934,9,1,4,3,7,3, , ,N,0,0,0,3,0,0,1,1,N,N,39 53:22.434,75 14:24.915,1036, ,1036, ,0, , , ,0, , , , , , , , , ,1,0,0,0,0,0,1,0,0,0,0,0,0,0,0,0,0,0,0,0,1,0,0,0,0,0,0,0,0,0,0,0,0,0,0,0,0,39.8896,-75.2403, , 
19960,214257,2016129333,6,67,67301,2016,11,1,1540,15,1,1,0,1,1, , ,N,0,0,0,3,0,4,4,3,N, ,40 03:40.973,74 59:19.547,1545, ,1544,1,2,1, , ,0,Y, , , , , , , , ,3,2,0,0,0,0,1,0,0,0,0,0,4,4,0,0,0,0,0,0,0,1,0,0,0,0,0,0,0,0,0,0,0,0,0,8,0,40.0614,-74.9888, , 
19961,214267,2016096795,6,67,67301,2016,9,3,818,8,1,1,0,1,1, , ,N,0,0,0,3,0,0,3,2,N,N,39 53:22.069,75 13:10.053,840, ,823, ,0, , , ,0, , , , , , , , , ,2,2,0,0,0,0,0,0,0,0,0,0,0,0,0,0,0,0,0,0,0,0,0,0,0,0,0,0,0,0,0,0,0,0,0,0,0,39.8895,-75.2195, , 
19962,214297,2016108585,6,67,67301,2016,10,7,1802,18,3,2,1,1,1, , ,N,1,2,0,3,0,1,3,2,N,N,40 00:40.651,75 06:21.920,1905, ,1905, ,0, ,N, ,3, , , , , , , , , ,2,1,0,0,1,0,0,0,0,0,0,0,1,1,0,0,0,0,0,0,0,0,0,2,0,0,0,0,0,0,0,0,0,0,0,8,0,40.0113,-75.1061, , 
19963,214312,2016082240,6,67,67301,2016,7,3,1920,19,4,1,0,4,1, , ,N,2,2,0,3,0,1,2,2,N,N,39 56:24.382,75 12:02.446,1940, ,1938, ,0, , , ,3, , , , , , , , , ,2,0,0,0,0,0,2,0,0,0,1,0,1,0,0,0,0,0,0,0,0,1,0,0,0,0,0,0,0,0,0,0,0,0,0,3,0,39.9401,-75.2007, , 