objectid_1,objectid,crn,district,county,municipality,crash_year,crash_month,day_of_week,time_of_day,hour_of_day,illumination,weather,road_condition,collision_type,relation_to_road,work_zone_type,work_zone_loc,work_zone_ind,intersect_type,tcd_type,location_type,urban_rural,fatal_count,injury_count,person_count,total_units,sch_bus_ind,sch_zone_ind,latitude,longitude,arrival_tm,cons_zone_spd_lim,dispatch_tm,est_hrs_closed,lane_closed,ln_close_dir,ntfy_hiwy_maint,spec_juris_cd,tcd_func_cd,tfc_detour_ind,workers_pres,wz_close_detour,wz_flagger,wz_law_offcr_ind,wz_ln_closure,wz_moving,wz_other,wz_shlder_mdn,vehicle_count,automobile_count,motorcycle_count,bus_count,small_truck_count,heavy_truck_count,suv_count,van_count,bicycle_count,maj_inj_count,mod_inj_count,min_inj_count,tot_inj_count,unk_inj_deg_count,unk_inj_per_count,driver_count_16yr,driver_count_17yr,driver_count_18yr,driver_count_19yr,driver_count_20yr,driver_count_50_64yr,driver_count_65_74yr,driver_count_75plus,unbelted_occ_count,unb_death_count,unb_maj_inj_count,belted_death_count,belted_maj_inj_count,mcycle_death_count,mcycle_maj_inj_count,bicycle_death_count,bicycle_maj_inj_count,ped_count,ped_death_count,ped_maj_inj_count,max_severity_level,comm_veh_count,dec_lat,dec_long,rdwy_surf_type_cd,county_name
19964,214327,2016132220,6,67,67301,2016,11,2,1705,17,3,1,0,8,1, , ,N,1,2,0,3,1,0,2,2,N,N,39 57:09.508,75 10:41.402,1720, ,1705, ,0, ,N,0,3, , , , , , , , , ,1,0,0,1,0,0,0,0,0,0,0,0,0,0,0,0,0,0,0,0,0,0,0,0,0,0,0,0,0,0,0,0,1,1,0,1,1,39.9526,-75.1781,2, 
19965,214345,2016080462,6,67,67301,2016,6,7,9999,99,1,1,0,8,1, , ,N,0,2,0,3,0,1,3,2,N, ,40 00:25.219,75 09:23.963,1900, ,1856, ,0, , , ,3, , , , , , , , , ,1,1,0,0,0,0,0,0,0,0,0,1,1,0,0,0,0,0,0,0,0,0,1,0,0,0,0,0,0,0,0,0,1,0,0,4,0,40.007,-75.1567, , 
19966,214350,2016080121,6,67,67301,2016,7,1,1958,19,3,1,1,4,1, , ,N,1,2,0,3,0,1,2,2,N,N,40 05:09.739,75 12:42.976,2039, ,2033, ,0, , , ,3, , , , , , , , , ,2,1,0,0,0,0,1,0,0,0,0,1,1,0,0,0,0,0,0,0,0,0,0,0,0,0,0,0,0,0,0,0,0,0,0,4,0,40.0861,-75.2119, , 
19967,214358,2016086463,6,67,67301,2016,8,2,628,6,1,1,0,1,1, , ,N,0,0,0,3,0,1,3,3,N,N,39 57:36.380,75 10:47.017,639, ,637,2,1,4, , ,0,N, , , , , , , , ,3,2,0,0,1,0,0,0,0,0,1,0,1,0,0,0,0,0,0,0,0,0,0,0,0,0,0,0,0,0,0,0,0,0,0,3,0,39.9601,-75.1797, , 
19968,214381,2016120520,6,67,67301,2016,11,3,1140,11,1,1,0,1,6, , ,N,0,0,0,3,0,1,1,2,N, ,39 56:25.982,75 14:12.577,1306, ,1145, ,0, , , ,0, , , , , , , , , ,2,1,0,0,1,0,0,0,0,0,1,0,1,0,0,0,0,0,0,0,0,1,0,0,0,0,0,0,0,0,0,0,0,0,0,3,0,39.9406,-75.2368, , 
19969,204666,2016052827,6,67,67301,2016,4,3,1835,18,1,1,0,4,1, , ,N,1,3,0,3,0,0,6,2,N,N,39 57:11.858,75 13:56.517,1840, ,1837, ,0, ,N, ,2, , , , , , , , , ,2,2,0,0,0,0,0,0,0,0,0,0,0,0,0,0,0,0,0,0,0,0,0,0,0,0,0,0,0,0,0,0,0,0,0,0,0,39.9533,-75.2324, , 
19970,204682,2016120163,6,67,67301,2016,11,3,2155,21,2,1,0,7,4, , ,N,0,0,0,3,0,1,2,1,N,N,39 59:55.978,75 11:43.450,2210, ,2210,1,2,4, , ,0,N, , , , , , , , ,1,1,0,0,0,0,0,0,0,0,0,0,1,1,0,0,1,0,0,0,0,0,0,0,0,0,0,0,0,0,0,0,0,0,0,8,0,39.9989,-75.1954, , 
19971,204683,2016099542,6,67,67301,2016,9,1,2326,23,3,1,0,1,1, , ,N,2,2,7,3,0,0,6,2,N, ,39 59:23.348,75 15:03.040,0, ,2356,2,1,1, , ,3,Y, , , , , , , , ,2,1,0,0,0,0,1,0,0,0,0,0,0,0,0,0,0,0,0,0,1,0,0,0,0,0,0,0,0,0,0,0,0,0,0,0,0,39.9897,-75.2508, , 
19972,204702,2016019352,6,67,67301,2016,2,6,1940,19,3,4,3,7,3, , ,N,0,0,0,3,0,0,1,1,N,N,39 53:55.275,75 10:50.656,1950, ,1942,2,1,2, , ,0,N, , , , , , , , ,1,0,0,0,0,0,1,0,0,0,0,0,0,0,0,0,0,0,0,0,0,0,0,0,0,0,0,0,0,0,0,0,0,0,0,0,0,39.8987,-75.1807, , 
19973,204704,2016019906,6,67,67301,2016,2,6,2327,23,3,1,0,7,4,1,4,Y,1,2,0,3,0,1,2,1,N, ,39 59:59.072,75 08:18.639,2327,99,2327,9,1,1, , ,3,N,U, , ,U,Y, , , ,1,1,0,0,0,0,0,0,0,0,0,0,1,1,0,0,0,0,0,0,0,0,0,1,0,0,0,0,0,0,0,0,0,0,0,8,0,39.9997,-75.1385, , 
19974,204707,2016026104,6,67,67301,2016,2,4,830,8,1,1,3,4,1, , ,N,1,0,0,3,0,3,3,2,N,N,40 02:58.278,75 08:47.343,1011, ,1010, ,0, ,N, ,0, , , , , , , , , ,2,1,0,0,0,0,1,0,0,1,2,0,3,0,0,0,0,0,0,0,1,0,0,0,0,0,0,0,0,0,0,0,0,0,0,2,0,40.0495,-75.1465, , 
19975,204737,2016097136,6,67,67301,2016,9,5,1056,10,1,1,0,4,1, , ,N,1,2,0,3,0,1,3,2,N, ,40 03:17.072,75 00:17.300,1056, ,1056, ,0, , , ,3, , , , , , , , , ,2,1,0,0,0,0,1,0,0,0,0,0,1,1,0,0,0,0,0,0,1,0,0,1,0,0,0,0,0,0,0,0,0,0,0,8,0,40.0547,-75.0048, , 
19976,204759,2016050037,6,67,67301,2016,4,2,9999,99,1,1,0,8,1, , ,N,0,0,0,3,0,1,3,2,N,N,39 59:26.356,75 09:19.108,910, ,900,2,1,2,N, ,0,N, , , , , , , , ,1,1,0,0,0,0,0,0,0,0,0,1,1,0,0,0,0,0,0,0,0,0,0,0,0,0,0,0,0,0,0,0,1,0,0,4,0,39.9907,-75.1553, , 
19977,204767,2016060503,6,67,67301,2016,5,2,800,8,1,1,0,1,1, , ,N,0,0,0,3,0,0,2,2,N,N,39 59:43.160,75 11:51.505,824, ,809,1,1,4, , ,0,N, , , , , , , , ,2,1,0,0,0,0,1,0,0,0,0,0,0,0,0,0,0,0,0,0,0,0,0,0,0,0,0,0,0,0,0,0,0,0,0,0,0,39.9953,-75.1976, , 
19978,204772,2016080481,6,67,67301,2016,6,4,1722,17,1,1,0,1,1, , ,N,1,2,0,3,0,1,3,3,N,N,40 00:27.502,75 07:38.377,1736, ,1736, ,0, , , ,3, , , , , , , , , ,3,2,0,0,1,0,0,0,0,0,0,0,1,1,2,0,0,0,0,0,0,0,0,3,0,0,0,0,0,0,0,0,0,0,0,8,0,40.0076,-75.1273, , 
19979,204781,2016094283,6,67,67301,2016,9,5,1053,10,1,1,0,1,1, , ,N,10,0,0,3,0,5,5,2,N,N,40 00:33.381,75 12:17.656,1053, ,1053, ,0, , , ,0, , , , , , , , , ,2,2,0,0,0,0,0,0,0,0,1,0,5,4,0,0,0,0,0,0,1,1,0,0,0,0,0,0,0,0,0,0,0,0,0,3,0,40.0093,-75.2049, , 
19980,204802,2016117133,6,67,67301,2016,10,2,2130,21,1,1,0,4,1, , ,N,1,2,0,3,0,1,2,2,N,N,40 01:32.257,75 09:15.145,2140, ,2130, ,0, , , ,3, , , , , , , , , ,2,0,1,0,0,0,1,0,0,0,0,0,1,1,1,0,0,0,0,0,1,0,0,0,0,0,0,0,0,0,0,0,0,0,0,8,0,40.0256,-75.1542, , 
19981,204803,2016125082,6,67,67301,2016,11,3,530,5,3,1,0,7,2, , ,N,0,0,0,3,0,0,5,1,N,N,39 56:53.321,75 08:31.609,537, ,530, ,0, , , ,0, , , , , , , , , ,1,0,0,0,0,0,1,0,0,0,0,0,0,0,0,0,0,0,0,0,0,0,0,0,0,0,0,0,0,0,0,0,0,0,0,0,0,39.9481,-75.1421, , 
19982,204808,2016053683,6,67,67301,2016,5,1,107,1,3,1,0,7,7, , ,N,7,4,2,3,0,1,1,1,N,N,39 58:19.618,75 07:24.750,120, ,107, ,0, ,Y, ,9, , , , , , , , , ,1,0,0,0,0,0,1,0,0,0,0,1,1,0,0,0,0,0,0,0,1,0,0,0,0,0,0,0,0,0,0,0,0,0,0,4,0,39.9721,-75.1235, , 
19983,204810,2016056012,6,67,67301,2016,5,2,2258,22,3,1,0,7,4, , ,N,0,0,0,3,0,1,1,1,N,N,40 06:18.054,75 00:02.656,2308, ,2305,1,1,1,N, ,0,N, , , , , , , , ,1,0,0,0,0,0,1,0,0,0,0,1,1,0,0,0,0,0,0,0,0,0,0,0,0,0,0,0,0,0,0,0,0,0,0,4,0,40.105,-75.0007, , 
19984,204841,2016083803,6,67,67301,2016,7,6,2228,22,3,1,0,7,2, , ,N,0,0,0,3,0,1,1,1,N,N,39 56:26.780,75 08:35.204,2309, ,2308,2,1,1, , ,0,N, , , , , , , , ,1,1,0,0,0,0,0,0,0,0,0,0,1,1,0,0,0,0,0,0,0,0,0,0,0,0,0,0,0,0,0,0,0,0,0,8,0,39.9408,-75.1431, , 
19985,204855,2016080243,6,67,67301,2016,6,1,1522,15,1,1,0,5,1, , ,N,0,0,0,3,0,5,6,3,N, ,40 03:12.018,75 04:11.584,1527, ,1523,2,2,3, , ,0,Y, , , , , , , , ,3,1,0,0,0,0,2,0,0,0,4,1,5,0,0,0,0,0,0,0,1,0,0,1,0,0,0,0,0,0,0,0,0,0,0,3,0,40.0533,-75.0699, , 
19986,204870,2016080861,6,67,67301,2016,7,5,9999,99,1,1,0,8,1, , ,N,3,3,0,3,1,0,2,2,N,N,39 59:36.053,75 11:11.148,1400, ,1352, ,0, ,N,0,3, , , , , , , , , ,1,0,0,0,0,0,0,0,0,0,0,0,0,0,0,0,0,0,0,0,0,0,0,0,0,0,0,0,0,0,0,0,1,1,0,1,0,39.9933,-75.1864,2, 
19987,208249,2016080682,6,67,67301,2016,7,7,1330,13,1,1,0,1,1, , ,N,1,2,0,3,0,1,3,3,N,N,40 01:36.580,75 05:52.985,2020, ,2015, ,0, , , ,3, , , , , , , , , ,3,2,0,0,0,0,1,0,0,0,0,1,1,0,2,0,0,0,0,0,1,0,0,0,0,0,0,0,0,0,0,0,0,0,0,4,0,40.0268,-75.0981, , 
19988,208250,2016080969,6,67,67301,2016,6,4,1350,13,1,1,0,1,1, , ,N,1,2,0,3,0,1,2,2,N,N,39 57:34.089,75 09:43.114,1405, ,1400, ,0, , , ,3, , , , , , , , , ,2,2,0,0,0,0,0,0,0,0,0,1,1,0,0,0,0,0,0,0,0,0,0,0,0,0,0,0,0,0,0,0,0,0,0,4,0,39.9595,-75.162, , 
19989,208279,2016058665,6,67,67301,2016,5,6,1530,15,1,2,1,4,1, , ,N,2,2,0,3,0,1,2,2,N,N,39 58:21.061,75 10:41.105,1540, ,1539,3,2,3, , ,3,N, , , , , , , , ,2,1,0,0,0,0,1,0,0,0,1,0,1,0,0,0,0,0,0,0,0,0,0,0,0,0,0,0,0,0,0,0,0,0,0,3,0,39.9725,-75.1781, , 
19990,208284,2016065721,6,67,67301,2016,6,2,1236,12,1,1,0,4,1, , ,N,1,3,0,3,0,2,3,2,N,N,40 00:42.501,75 06:35.945,1236, ,1236, ,0, ,N, ,3, , , , , , , , , ,2,1,0,0,0,0,1,0,0,0,0,2,2,0,1,0,0,0,0,0,1,0,0,0,0,0,0,0,0,0,0,0,0,0,0,4,0,40.0118,-75.11, , 
19991,208291,2016070632,6,67,67301,2016,6,6,1903,19,1,1,0,8,1, , ,N,0,0,0,3,0,1,3,2,N, ,40 01:40.422,75 03:17.242,1924, ,1914, ,0, , , ,0, , , , , , , , , ,1,1,0,0,0,0,0,0,0,0,1,0,1,0,0,0,0,0,0,0,1,0,0,0,0,0,0,0,0,0,0,0,1,0,0,3,0,40.0279,-75.0548, , 
19992,208312,2016089899,6,67,67301,2016,8,7,2202,22,3,1,0,4,1, , ,N,1,3,0,3,0,0,3,2,N, ,39 57:16.398,75 08:41.020,2233, ,2229, ,0, , , ,3, , , , , , , , , ,2,2,0,0,0,0,0,0,0,0,0,0,0,0,0,0,0,0,0,0,0,1,0,0,0,0,0,0,0,0,0,0,0,0,0,0,0,39.9546,-75.1447, , 
19993,208318,2016105714,6,67,67301,2016,9,2,1135,11,1,1,0,4,1, , ,N,2,0,7,3,0,1,2,2,N, ,39 54:44.981,75 14:34.897,1149, ,1149, ,0, , , ,0, , , , , , , , , ,2,1,0,0,0,0,1,0,0,0,0,1,1,0,1,0,0,0,0,0,0,1,0,0,0,0,0,0,0,0,0,0,0,0,0,4,0,39.9125,-75.243, , 
19994,208334,2016079823,6,67,67301,2016,7,3,2120,21,3,1,0,0,1, , ,N,0,0,0,3,0,1,2,2,N,N,39 57:59.894,75 08:07.082,2152, ,2131, ,0, , , ,0, , , , , , , , , ,2,1,0,0,1,0,0,0,0,0,1,0,1,0,0,0,0,0,0,0,1,0,0,0,0,0,0,0,0,0,0,0,0,0,0,3,0,39.9666,-75.1353, , 
19995,208335,2016080205,6,67,67301,2016,7,3,2250,22,3,1,0,1,1, , ,N,2,2,0,3,0,1,5,3,N,N,39 57:18.598,75 11:08.021,2255, ,2253,1,1,4,N, ,3,N, , , , , , , , ,3,0,0,0,0,0,3,0,0,0,1,0,1,0,0,0,0,0,0,1,1,0,0,0,0,0,0,0,0,0,0,0,0,0,0,3,0,39.9551,-75.1856, , 
19996,208336,2016084756,6,67,67301,2016,8,1,338,3,3,1,0,1,1, , ,N,0,0,0,3,0,0,2,2,N,N,39 58:37.558,75 11:55.563,341, ,340,2,1,3, , ,0,N, , , , , , , , ,2,2,0,0,0,0,0,0,0,0,0,0,0,0,0,0,0,0,0,0,1,0,0,0,0,0,0,0,0,0,0,0,0,0,0,0,0,39.9771,-75.1988, , 
19997,208351,2016099505,6,67,67301,2016,9,4,2320,23,3,1,0,8,1, , ,N,0,0,0,3,0,1,2,2,N,N,40 03:11.006,75 03:39.329,554, ,553, ,0, ,N, ,0, , , , , , , , , ,1,1,0,0,0,0,0,0,0,0,0,0,1,1,0,0,0,0,0,0,0,0,0,0,0,0,0,0,0,0,0,0,1,0,0,8,0,40.0531,-75.0609, , 
19998,208360,2016067854,6,67,67301,2016,6,1,540,5,5,1,0,7,4, , ,N,5,2,0,3,0,0,1,1,N,N,39 55:37.088,75 10:01.048,546, ,546, ,0, ,N, ,3, , , , , , , , , ,1,1,0,0,0,0,0,0,0,0,0,0,0,0,0,0,0,0,0,0,0,0,0,0,0,0,0,0,0,0,0,0,0,0,0,0,0,39.927,-75.167, , 
19999,208366,2016080944,6,67,67301,2016,6,3,1521,15,1,1,0,1,1, , ,N,0,0,0,3,0,0,4,2,N,N,40 05:57.101,75 01:13.831,1530, ,1523,1,2,4, , ,0,N, , , , , , , , ,2,1,0,0,0,0,1,0,0,0,0,0,0,0,1,0,0,0,0,0,0,1,0,0,0,0,0,0,0,0,0,0,0,0,0,9,0,40.0992,-75.0205, , 
20000,208383,2016080844,6,67,67301,2016,7,6,1214,12,1,1,0,8,1, , ,N,0,2,0,3,0,1,2,2,N,N,39 58:53.137,75 07:02.237,1220, ,1216,1,1,4,N, ,3,N, , , , , , , , ,1,1,0,0,0,0,0,0,0,0,0,1,1,0,0,0,0,0,0,0,0,0,0,0,0,0,0,0,0,0,0,0,1,0,0,4,0,39.9814,-75.1173, , 
20001,208390,2016097128,6,67,67301,2016,8,5,709,7,1,1,0,5,1, , ,N,0,0,0,3,0,0,3,2,N,N,40 00:53.538,75 10:40.086,720, ,709,1,1,2, , ,0,N, , , , , , , , ,2,1,0,0,0,0,0,1,0,0,0,0,0,0,0,0,0,0,0,0,0,0,0,0,0,0,0,0,0,0,0,0,0,0,0,0,0,40.0149,-75.1778, , 
20002,208405,2016105524,6,67,67301,2016,9,7,411,4,3,1,0,5,6, , ,N,0,0,0,3,0,0,1,3,N,N,40 00:52.074,75 08:25.287,416, ,412,3,2,2,N, ,0,Y, , , , , , , , ,3,2,0,0,1,0,0,0,0,0,0,0,0,0,0,0,0,0,0,1,0,0,0,0,0,0,0,0,0,0,0,0,0,0,0,0,0,40.0145,-75.1404, , 
20003,208410,2016105743,6,67,67301,2016,9,4,620,6,5,1,0,4,1, , ,N,5,2,1,3,0,1,2,2,N,N,39 59:47.157,75 06:48.512,620, ,620, ,0, ,N, ,3, , , , , , , , , ,1,0,0,0,0,0,1,0,1,0,0,0,1,1,0,0,0,0,0,0,0,0,1,1,0,0,0,0,0,0,0,0,0,0,0,8,0,39.9964,-75.1135, , 
20004,208417,2016117158,6,67,67301,2016,10,3,1127,11,1,1,0,8,4, , ,N,1,2,0,3,0,1,2,2,N,N,39 59:56.501,75 07:59.705,1129, ,1127, ,0, , , ,3, , , , , , , , , ,1,1,0,0,0,0,0,0,0,0,1,0,1,0,0,0,0,0,0,0,0,0,0,0,0,0,0,0,0,0,0,0,1,0,0,3,0,39.999,-75.1332, , 
20005,211169,2016104684,6,67,67301,2016,10,6,45,0,3,1,0,7,2, , ,N,6,0,2,3,0,0,1,1,N,N,39 57:06.151,75 08:29.297,100, ,48, ,0, , , ,0, , , , , , , , , ,1,1,0,0,0,0,0,0,0,0,0,0,0,0,1,0,0,0,0,0,0,0,0,0,0,0,0,0,0,0,0,0,0,0,0,9,0,39.9517,-75.1415, , 
20006,211173,2016105613,6,67,67301,2016,9,2,1703,17,1,1,0,4,1, , ,N,1,3,0,3,0,1,2,3,N,N,39 55:18.854,75 10:48.248,1712, ,1710, ,0, ,N, ,3, , , , , , , , , ,3,2,0,0,0,0,1,0,0,0,1,0,1,0,0,0,0,0,0,0,0,0,1,1,0,0,0,0,0,0,0,0,0,0,0,3,0,39.9219,-75.1801, , 
20007,211190,2016082293,6,67,67301,2016,7,4,1512,15,1,1,0,6,1, , ,N,1,3,0,3,0,0,2,2,N,N,40 00:16.686,75 08:14.798,1559, ,1554, ,0, , , ,3, , , , , , , , , ,2,1,0,0,1,0,0,0,0,0,0,0,0,0,0,0,0,0,0,0,0,0,0,0,0,0,0,0,0,0,0,0,0,0,0,0,0,40.0046,-75.1374, , 
20008,211191,2016092145,6,67,67301,2016,8,6,1920,19,3,1,0,4,1, , ,N,1,2,0,3,0,2,6,3,N,N,39 56:43.175,75 14:30.351,1925, ,1920, ,0, ,N, ,3, , , , , , , , , ,3,3,0,0,0,0,0,0,0,0,0,0,2,2,0,0,0,0,0,0,2,0,0,2,0,0,0,0,0,0,0,0,0,0,0,8,0,39.9453,-75.2418, , 
20009,211194,2016106306,6,67,67301,2016,9,5,641,6,1,1,0,1,1, , ,N,0,2,0,3,0,1,2,2,N,N,40 01:11.115,75 08:54.843,700, ,644,1,1,2,N, ,3,N, , , , , , , , ,2,1,0,0,0,0,1,0,0,0,0,1,1,0,0,0,0,0,0,0,0,0,0,0,0,0,0,0,0,0,0,0,0,0,0,4,0,40.0198,-75.1486, , 
20010,211216,2016066349,6,67,67301,2016,6,5,651,6,1,1,0,6,1, , ,N,0,0,0,3,0,0,2,2,N,N,40 06:46.569,74 58:14.120,702, ,651,3,1,1,N, ,0,N, , , , , , , , ,2,1,0,0,0,1,0,0,0,0,0,0,0,0,0,0,0,0,0,0,0,0,0,0,0,0,0,0,0,0,0,0,0,0,0,0,1,40.1129,-74.9706, , 
20011,211228,2016070671,6,67,67301,2016,6,5,1713,17,1,1,0,1,1, , ,N,0,2,0,3,0,2,3,3,N,N,40 02:19.904,75 03:35.587,1715, ,1713,2,2,1,N, ,3,Y, , , , , , , , ,3,1,0,0,1,0,1,0,0,0,1,1,2,0,0,0,0,0,0,0,1,1,0,0,0,0,0,0,0,0,0,0,0,0,0,3,0,40.0389,-75.0599, , 
20012,211245,2016080161,6,67,67301,2016,7,4,5,0,3,1,0,6,1, , ,N,0,0,0,3,0,1,2,2,N, ,39 58:48.901,75 05:22.711,106, ,5, ,0, , , ,0, , , , , , , , , ,2,1,0,0,0,0,1,0,0,0,0,1,1,0,0,0,0,0,0,0,0,0,0,1,0,0,0,0,0,0,0,0,0,0,0,4,0,39.9803,-75.0896, , 
20013,211254,2016064104,6,67,67301,2016,6,6,1427,14,1,1,0,1,1, , ,N,0,0,0,3,0,0,4,4,N,N,40 01:32.030,75 01:42.880,1444, ,1432,3,1,2, , ,0,N, , , , , , , , ,4,0,0,0,1,0,3,0,0,0,0,0,0,0,0,0,0,0,0,1,2,0,0,0,0,0,0,0,0,0,0,0,0,0,0,0,0,40.0256,-75.0286, , 
20014,211258,2016069608,6,67,67301,2016,6,3,1119,11,1,1,0,5,1, , ,N,0,0,3,3,0,2,2,2,N,N,39 53:33.205,75 11:50.252,1120, ,1120,3,2,1, , ,0,N, , , , , , , , ,2,1,0,0,0,1,0,0,0,1,1,0,2,0,0,0,0,0,0,0,0,0,0,1,0,1,0,0,0,0,0,0,0,0,0,2,1,39.8926,-75.1973, , 
20015,211269,2016080244,6,67,67301,2016,6,6,1931,19,1,1,0,5,1, , ,N,0,0,0,3,0,1,2,2,N,N,40 00:49.054,75 04:14.120,1932, ,1932, ,0, ,N, ,0, , , , , , , , , ,1,1,0,0,0,0,0,0,1,0,0,1,1,0,0,0,0,0,0,0,0,0,0,1,0,0,0,0,0,0,0,0,0,0,0,4,0,40.0136,-75.0706, , 
20016,211270,2016080378,6,67,67301,2016,7,5,1530,15,1,1,0,8,1, , ,N,1,2,0,3,0,1,2,2,N, ,40 01:46.123,75 08:48.184,1930, ,9999, ,0, , , ,3, , , , , , , , , ,1,1,0,0,0,0,0,0,0,0,1,0,1,0,1,0,0,0,0,0,0,0,0,0,0,0,0,0,0,0,0,0,1,0,0,3,0,40.0295,-75.1467, , 
20017,211282,2016112166,6,67,67301,2016,10,2,1015,10,1,1,0,6,1, , ,N,0,0,0,3,0,0,2,2,N,N,40 00:27.034,75 11:55.016,1024, ,1020, ,0, ,N, ,0, , , , , , , , , ,2,1,0,0,0,0,1,0,0,0,0,0,0,0,0,0,0,0,0,0,0,0,1,0,0,0,0,0,0,0,0,0,0,0,0,0,0,40.0075,-75.1986, , 
20018,211291,2016120538,6,67,67301,2016,10,7,1150,11,1,1,0,4,1, , ,N,0,0,7,3,0,1,2,2,N,N,40 07:29.300,75 00:53.800,1200, ,1150, ,0, ,N, ,0, , , , , , , , , ,2,1,0,0,0,0,1,0,0,0,0,1,1,0,0,0,0,0,0,0,0,1,0,0,0,0,0,0,0,0,0,0,0,0,0,4,0,40.1247,-75.015, , 
20019,211316,2016063978,6,67,67301,2016,6,7,1910,19,1,1,0,5,6, , ,N,0,0,0,3,0,1,1,3,N,N,40 00:51.259,75 09:26.553,1920, ,1920, ,0, ,N, ,0, , , , , , , , , ,3,3,0,0,0,0,0,0,0,0,0,0,1,1,0,0,0,0,0,0,0,0,0,0,0,0,0,0,0,0,0,0,0,0,0,8,0,40.0142,-75.1574, , 
20020,211323,2016063988,6,67,67301,2016,6,5,955,9,1,1,0,8,1, , ,N,1,2,0,3,0,1,2,2,N, ,39 57:20.167,75 10:21.953,1000, ,959, ,0, , , ,3, , , , , , , , , ,1,0,0,0,0,0,1,0,0,0,0,1,1,0,0,0,0,0,0,0,0,0,0,1,0,0,0,0,0,0,0,0,1,0,0,4,0,39.9556,-75.1728, , 
20021,211333,2016080375,6,67,67301,2016,7,2,1745,17,1,1,0,1,1, , ,N,0,2,0,3,0,1,3,2,N,N,39 57:40.395,75 08:47.394,1756, ,1751, ,0, , , ,3, , , , , , , , , ,2,0,0,0,1,0,1,0,0,0,0,0,1,1,0,0,0,0,0,0,0,0,0,0,0,0,0,0,0,0,0,0,0,0,0,8,0,39.9612,-75.1465, , 
20022,211334,2016080736,6,67,67301,2016,6,2,1800,18,1,1,0,1,6, , ,N,0,0,0,3,0,0,1,2,N,N,39 59:45.971,75 10:16.734,1811, ,1800, ,0, ,N, ,0, , , , , , , , , ,2,0,0,0,2,0,0,0,0,0,0,0,0,0,1,0,0,0,0,0,0,0,0,0,0,0,0,0,0,0,0,0,0,0,0,9,0,39.9961,-75.1713, , 
20023,213447,2016097668,6,67,67301,2016,9,6,9999,99,3,1,0,1,6, , ,N,0,0,0,3,0,1,1,2,N,N,40 02:01.636,75 10:18.218,6, ,4, ,0, ,N, ,0, , , , , , , , , ,2,2,0,0,0,0,0,0,0,0,0,1,1,0,0,0,0,0,0,0,0,0,0,1,0,0,0,0,0,0,0,0,0,0,0,4,0,40.0338,-75.1717, , 
20024,213449,2016105729,6,67,67301,2016,9,5,1545,15,1,1,0,6,1, , ,N,0,0,0,3,0,1,2,2,N,N,40 00:25.132,75 10:29.338,1552, ,1550, ,0, ,N, ,0, , , , , , , , , ,2,0,0,0,1,0,0,1,0,0,1,0,1,0,0,0,0,0,0,0,1,0,0,0,0,0,0,0,0,0,0,0,0,0,0,3,0,40.007,-75.1748, , 
20025,213455,2016105539,6,67,67301,2016,9,5,750,7,1,2,1,4,1, , ,N,1,3,0,3,0,2,5,2,N,N,40 00:45.361,75 08:26.675,825, ,820, ,0, ,N, ,3, , , , , , , , , ,2,2,0,0,0,0,0,0,0,0,0,2,2,0,0,0,0,0,0,0,0,0,0,0,0,0,0,0,0,0,0,0,0,0,0,4,0,40.0126,-75.1407, , 
20026,213456,2016119173,6,67,67301,2016,10,3,1720,17,1,1,0,4,1, , ,N,3,3,0,3,0,1,2,2,Y,N,39 58:35.233,75 11:21.692,1814, ,1732, ,0, ,N, ,3, , , , , , , , , ,2,1,0,1,0,0,0,0,0,0,0,1,1,0,0,0,0,0,0,0,2,0,0,0,0,0,0,0,0,0,0,0,0,0,0,4,1,39.9765,-75.1894, , 
20027,213475,2016112129,6,67,67301,2016,10,3,750,7,1,1,0,4,1, , ,N,1,3,0,3,0,0,4,2,N, ,40 02:17.472,75 04:42.853,755, ,751,3,1,1, , ,3,N, , , , , , , , ,2,2,0,0,0,0,0,0,0,0,0,0,0,0,0,0,0,0,0,0,0,0,0,0,0,0,0,0,0,0,0,0,0,0,0,0,0,40.0382,-75.0786, , 
20028,213480,2016132240,6,67,67301,2016,11,4,2345,23,3,1,0,6,6, , ,N,0,0,0,3,0,0,1,4,N,N,39 55:29.182,75 13:33.254,1202, ,1200, ,0, ,N, ,0, , , , , , , , , ,4,4,0,0,0,0,0,0,0,0,0,0,0,0,1,0,0,0,0,0,0,0,0,0,0,0,0,0,0,0,0,0,0,0,0,9,0,39.9248,-75.2259, , 
20029,213484,2016138285,6,67,67301,2016,12,1,9999,99,3,1,0,4,1, , ,N,1,2,0,3,0,4,4,2,N,N,39 58:10.453,75 12:41.538,2111, ,2009, ,0, ,N, ,3, , , , , , , , , ,2,2,0,0,0,0,0,0,0,0,0,4,4,0,0,0,0,0,0,1,0,0,0,0,0,0,0,0,0,0,0,0,0,0,0,4,0,39.9697,-75.2115, , 
20030,213496,2016087626,6,67,67301,2016,8,5,9999,99,1,1,0,8,1, , ,N,0,0,0,3,0,1,2,2,N, ,39 59:42.185,75 11:18.803,1911, ,1911, ,0, , , ,0, , , , , , , , , ,1,1,0,0,0,0,0,0,0,0,0,1,1,0,0,0,0,0,0,0,0,0,0,1,0,0,0,0,0,0,0,0,1,0,0,4,0,39.9951,-75.1886, , 
20031,213499,2016094124,6,67,67301,2016,8,2,813,8,1,1,0,5,6, , ,N,0,0,0,3,0,0,1,3,N,N,40 03:43.196,75 08:52.225,820, ,813, ,0, ,N, ,0, , , , , , , , , ,3,2,0,0,1,0,0,0,0,0,0,0,0,0,0,0,0,0,0,0,0,1,0,0,0,0,0,0,0,0,0,0,0,0,0,0,0,40.062,-75.1478, , 