objectid_1,objectid,crn,district,county,municipality,crash_year,crash_month,day_of_week,time_of_day,hour_of_day,illumination,weather,road_condition,collision_type,relation_to_road,work_zone_type,work_zone_loc,work_zone_ind,intersect_type,tcd_type,location_type,urban_rural,fatal_count,injury_count,person_count,total_units,sch_bus_ind,sch_zone_ind,latitude,longitude,arrival_tm,cons_zone_spd_lim,dispatch_tm,est_hrs_closed,lane_closed,ln_close_dir,ntfy_hiwy_maint,spec_juris_cd,tcd_func_cd,tfc_detour_ind,workers_pres,wz_close_detour,wz_flagger,wz_law_offcr_ind,wz_ln_closure,wz_moving,wz_other,wz_shlder_mdn,vehicle_count,automobile_count,motorcycle_count,bus_count,small_truck_count,heavy_truck_count,suv_count,van_count,bicycle_count,maj_inj_count,mod_inj_count,min_inj_count,tot_inj_count,unk_inj_deg_count,unk_inj_per_count,driver_count_16yr,driver_count_17yr,driver_count_18yr,driver_count_19yr,driver_count_20yr,driver_count_50_64yr,driver_count_65_74yr,driver_count_75plus,unbelted_occ_count,unb_death_count,unb_maj_inj_count,belted_death_count,belted_maj_inj_count,mcycle_death_count,mcycle_maj_inj_count,bicycle_death_count,bicycle_maj_inj_count,ped_count,ped_death_count,ped_maj_inj_count,max_severity_level,comm_veh_count,dec_lat,dec_long,rdwy_surf_type_cd,county_name
20234,211839,2016105955,6,67,67301,2016,9,1,1350,13,1,1,0,4,1, , ,N,1,2,0,3,0,2,6,2,N, ,40 02:25.817,75 03:32.713,1414, ,1413, ,0, , , ,3, , , , , , , , , ,2,0,0,0,0,0,1,1,0,0,0,2,2,0,1,0,0,0,0,0,0,0,0,0,0,0,0,0,0,0,0,0,0,0,0,4,0,40.0405,-75.0591, , 
20235,211849,2016112425,6,67,67301,2016,10,6,1940,19,3,1,0,1,1, , ,N,0,2,0,3,0,1,2,2,N,N,40 00:17.234,75 09:10.679,1950, ,1945, ,0, ,N, ,3, , , , , , , , , ,2,0,0,0,0,1,1,0,0,0,1,0,1,0,0,0,0,0,0,0,1,0,0,1,0,0,0,0,0,0,0,0,0,0,0,3,0,40.0048,-75.153, , 
20236,211858,2016084421,6,67,67301,2016,8,1,1603,16,1,1,0,1,1, , ,N,0,0,0,3,0,2,6,3,N,N,39 57:28.098,75 09:43.256,1616, ,1603,2,1,3, , ,0,N, , , , , , , , ,3,1,0,0,0,0,2,0,0,0,0,0,2,2,0,0,0,0,1,0,0,0,0,0,0,0,0,0,0,0,0,0,0,0,0,8,0,39.9578,-75.162, , 
20237,211873,2016091051,6,67,67301,2016,8,5,1605,16,1,1,0,4,1, , ,N,1,2,0,3,0,1,3,3,N, ,40 05:56.940,74 59:44.015,1606, ,1605, ,0, , , ,3, , , , , , , , , ,3,2,0,0,0,1,0,0,0,0,0,1,1,0,0,0,0,0,1,0,0,0,0,0,0,0,0,0,0,0,0,0,0,0,0,4,1,40.0992,-74.9956, , 
20238,211900,2016077599,6,67,67301,2016,7,6,2314,23,3,1,0,1,1, , ,N,0,0,0,3,0,2,3,2,N,N,40 03:09.242,74 59:13.705,2336, ,2322,2,1,2, , ,0,N, , , , , , , , ,2,2,0,0,0,0,0,0,0,0,0,0,2,2,0,0,0,0,0,0,0,1,0,0,0,0,0,0,0,0,0,0,0,0,0,8,0,40.0526,-74.9871, , 
20239,211908,2016089930,6,67,67301,2016,7,6,930,9,1,9,8,8,1, , ,N,1,2,0,3,0,1,2,2,N,N,40 01:55.630,75 08:46.102,1215, ,1215, ,0, , , ,3, , , , , , , , , ,1,0,0,0,0,0,0,0,0,0,0,0,1,1,1,0,0,0,0,0,0,0,0,0,0,0,0,0,0,0,0,0,1,0,0,8,0,40.0321,-75.1461, , 
20240,211914,2016102075,6,67,67301,2016,9,1,1958,19,3,1,0,4,7, , ,N,0,0,0,3,0,4,9,2,N,N,39 52:50.491,75 14:49.639,2032, ,1959, ,0, , , ,0, , , , , , , , , ,2,0,0,0,0,0,1,1,0,0,0,0,4,4,0,0,0,1,0,0,0,0,0,0,0,0,0,0,0,0,0,0,0,0,0,8,0,39.8807,-75.2471, , 
20241,211919,2016097736,6,67,67301,2016,9,3,1534,15,1,1,0,4,1, , ,N,2,0,0,3,0,0,3,2,N,N,39 55:43.052,75 08:41.020,1552, ,1542,2,1,2,N, ,0,N, , , , , , , , ,2,1,0,0,0,0,1,0,0,0,0,0,0,0,0,0,0,0,0,0,0,2,0,0,0,0,0,0,0,0,0,0,0,0,0,0,0,39.9286,-75.1445, , 
20242,213613,2016105602,6,67,67301,2016,9,3,816,8,1,1,0,8,1, , ,N,1,2,0,3,0,1,3,2,N,Y,40 02:25.098,75 02:36.070,821, ,816, ,0, ,N, ,3, , , , , , , , , ,1,0,0,0,0,0,1,0,0,0,0,1,1,0,0,0,0,0,0,0,0,0,0,0,0,0,0,0,0,0,0,0,1,0,0,4,0,40.0403,-75.0434, , 
20243,213616,2016092130,6,67,67301,2016,8,7,100,1,3,1,0,5,1, , ,N,0,0,0,3,0,1,2,2,N, ,39 59:38.310,75 11:50.371,106, ,101, ,0, , , ,0, , , , , , , , , ,2,0,1,0,0,0,1,0,0,0,1,0,1,0,0,0,0,0,0,0,1,0,0,1,0,0,0,0,0,0,0,0,0,0,0,3,0,39.994,-75.1973, , 
20244,213635,2016129504,6,67,67301,2016,11,6,930,9,1,1,0,8,1, , ,N,0,0,0,3,0,1,2,2,N,N,39 58:15.532,75 08:59.463,946, ,946, ,0, ,N, ,0, , , , , , , , , ,1,0,0,0,0,0,1,0,0,0,0,0,1,1,0,0,0,0,0,0,1,0,0,0,0,0,0,0,0,0,0,0,1,0,0,8,0,39.971,-75.1499, , 
20245,213647,2016099498,6,67,67301,2016,9,2,1140,11,1,1,0,8,1, , ,N,1,0,0,3,0,1,2,2,N, ,40 01:47.384,75 08:25.573,1800, ,1800, ,0, , , ,0, , , , , , , , , ,1,0,0,0,0,0,0,0,0,0,0,1,1,0,0,0,0,0,0,0,0,0,0,0,0,0,0,0,0,0,0,0,1,0,0,4,0,40.0298,-75.1404, , 
20246,213658,2016112094,6,67,67301,2016,10,4,1920,19,3,1,0,8,1, , ,N,0,0,0,3,0,1,2,2,N, ,40 02:24.510,75 09:30.616,9999, ,1930, ,0, , , ,0, , , , , , , , , ,1,0,0,0,0,0,0,0,0,0,0,1,1,0,0,0,0,0,0,0,0,0,0,0,0,0,0,0,0,0,0,0,1,0,0,4,0,40.0401,-75.1585, , 
20247,213679,2016058097,6,67,67301,2016,5,1,1553,15,1,2,1,2,1, , ,N,0,0,0,3,3,6,9,2,N,N,40 01:33.489,75 11:53.447,1600, ,1557,4,2,5,N,0,0,Y, , , , , , , , ,2,2,0,0,0,0,0,0,0,3,0,0,6,3,0,0,0,0,0,0,0,0,0,0,0,0,0,0,0,0,0,0,0,0,0,1,0,40.026,-75.1982,2, 
20248,213685,2016099610,6,67,67301,2016,9,5,2345,23,3,1,0,5,6, , ,N,0,0,0,3,0,1,1,2,N,N,40 01:21.479,75 03:47.042,2, ,0, ,0, ,N, ,0, , , , , , , , , ,2,2,0,0,0,0,0,0,0,0,0,1,1,0,0,0,0,0,0,0,0,0,0,0,0,0,0,0,0,0,0,0,0,0,0,4,0,40.0226,-75.0631, , 
20249,213689,2016094144,6,67,67301,2016,9,2,824,8,1,1,0,4,1, , ,N,1,2,0,3,1,0,2,2,Y,N,40 03:25.695,75 07:44.358,828, ,824,4,2,4,N,0,3,Y, , , , , , , , ,2,1,0,1,0,0,0,0,0,0,0,0,0,0,0,0,0,0,0,0,1,0,0,0,0,0,1,0,0,0,0,0,0,0,0,1,1,40.0571,-75.1291,2, 
20250,213690,2016099431,6,46,46104,2016,9,1,301,3,3,1,0,1,1, , ,N,2,2,0,3,0,1,2,2,N,N,39 58:43.988,75 16:20.174,301, ,301, ,0, , , ,3, , , , , , , , , ,2,1,1,0,0,0,0,0,0,0,0,1,1,0,0,0,0,0,0,0,1,0,0,0,0,0,0,0,0,0,0,0,0,0,0,4,0,39.9788,-75.2722, , 
20251,213702,2016133327,6,67,67301,2016,12,5,838,8,1,1,0,5,1, , ,N,0,0,0,3,0,0,2,2,N,N,40 00:11.477,75 04:38.826,859, ,838,1,1,1, , ,0,N, , , , , , , , ,2,2,0,0,0,0,0,0,0,0,0,0,0,0,0,0,0,0,0,0,0,0,0,0,0,0,0,0,0,0,0,0,0,0,0,0,0,40.0032,-75.0775, , 
20252,213736,2016058524,6,67,67301,2016,5,1,330,3,3,1,0,2,6, , ,N,0,0,0,3,0,2,2,3,N, ,39 58:47.789,75 13:57.981,525, ,509,9,1,3, , ,0,N, , , , , , , , ,3,1,0,0,1,0,0,0,0,0,0,0,2,2,0,0,0,0,0,0,0,0,0,0,0,0,0,0,0,0,0,0,0,0,0,8,0,39.9799,-75.2328, , 
20253,213737,2016058652,6,67,67301,2016,5,4,1830,18,1,1,0,4,1, , ,N,1,3,0,3,0,1,2,2,N,N,39 58:00.970,75 12:30.366,1851, ,1848, ,0, , , ,3, , , , , , , , , ,2,1,0,0,0,0,1,0,0,0,0,1,1,0,1,0,0,0,0,0,0,0,0,0,0,0,0,0,0,0,0,0,0,0,0,4,0,39.9669,-75.2084, , 
20254,213755,2016070631,6,67,67301,2016,6,6,1737,17,1,1,0,4,1, , ,N,1,2,0,3,0,1,6,2,N, ,40 03:26.473,75 04:36.598,1739, ,1737, ,0, , , ,3, , , , , , , , , ,2,0,0,1,0,0,0,1,0,0,0,0,1,1,0,0,0,0,0,0,1,0,0,0,0,0,0,0,0,0,0,0,0,0,0,8,1,40.0574,-75.0768, , 
20255,213764,2016080605,6,67,67301,2016,7,7,953,9,1,1,0,7,5, , ,N,0,0,0,3,0,0,2,1,N, ,40 03:09.973,75 07:17.464,954, ,954,4,2,3, , ,0,Y, , , , , , , , ,1,0,0,0,0,0,0,1,0,0,0,0,0,0,1,0,0,0,0,0,0,0,0,0,0,0,0,0,0,0,0,0,0,0,0,9,0,40.0528,-75.1215, , 
20256,213765,2016080832,6,67,67301,2016,7,4,9999,99,1,1,0,6,1, , ,N,0,0,1,3,0,1,2,2,N, ,39 59:22.876,75 07:33.241,1235, ,1232, ,0, , , ,0, , , , , , , , , ,2,2,0,0,0,0,0,0,0,0,0,1,1,0,0,0,0,0,0,0,0,0,0,0,0,0,0,0,0,0,0,0,0,0,0,4,0,39.9897,-75.1259, , 
20257,213793,2016058547,6,67,67301,2016,5,5,1800,18,1,1,0,0,1, , ,N,0,0,0,3,0,1,1,1,N,N,39 58:06.740,75 07:31.974,1850, ,1840, ,0, ,N, ,0, , , , , , , , , ,1,0,1,0,0,0,0,0,0,0,0,1,1,0,0,0,0,0,0,0,0,0,0,0,0,0,0,0,0,0,0,0,0,0,0,4,0,39.9685,-75.1255, , 
20258,213821,2016096615,6,67,67301,2016,8,1,1110,11,1,1,0,4,1, , ,N,2,0,0,3,1,2,4,2,N, ,40 01:33.200,75 06:30.900,1120, ,1115, ,0, , ,0,0, , , , , , , , , ,2,0,1,0,0,0,1,0,0,0,0,0,2,2,0,0,0,0,0,0,0,0,0,0,0,0,0,0,1,0,0,0,0,0,0,1,0,40.0259,-75.1085,2, 
20259,213826,2016099652,6,67,67301,2016,9,4,1620,16,1,1,0,1,1, , ,N,0,0,0,3,0,0,2,2,N,N,40 01:52.625,75 12:45.825,1620, ,1620, ,0, ,N, ,0, , , , , , , , , ,2,1,0,0,0,0,1,0,0,0,0,0,0,0,0,0,0,0,0,0,1,0,0,0,0,0,0,0,0,0,0,0,0,0,0,0,0,40.0313,-75.2127, , 
20260,205488,2016109066,6,67,67301,2016,10,2,1723,17,1,1,0,7,3, , ,N,0,0,0,3,0,1,1,1,N,N,39 59:41.824,75 09:15.728,1741, ,1731,2,1,2,N, ,0,N, , , , , , , , ,1,1,0,0,0,0,0,0,0,0,0,0,1,1,0,0,0,0,0,0,1,0,0,0,0,0,0,0,0,0,0,0,0,0,0,8,0,39.995,-75.1544, , 
20261,205498,2016080364,6,67,67301,2016,6,4,1400,14,1,1,0,4,1, , ,N,1,2,0,3,0,1,6,2,N, ,40 00:49.975,75 07:33.617,1410, ,1400, ,0, , , ,3, , , , , , , , , ,2,1,0,0,0,0,1,0,0,0,0,1,1,0,0,0,0,0,0,0,0,0,0,0,0,0,0,0,0,0,0,0,0,0,0,4,0,40.0139,-75.126, , 
20262,205514,2016102920,6,67,67301,2016,10,3,1936,19,3,1,0,1,1, , ,N,6,0,2,3,0,3,4,2,N,N,39 56:44.167,75 11:25.033,1945, ,1936,1,1,3, , ,0,N, , , , , , , , ,2,0,0,0,0,0,2,0,0,0,3,0,3,0,0,0,0,0,0,0,0,0,0,0,0,0,0,0,0,0,0,0,0,0,0,3,0,39.9456,-75.1903, , 
20263,205543,2016120526,6,67,67301,2016,10,1,1820,18,3,2,1,1,1, , ,N,0,0,0,3,0,0,2,2,N,N,39 58:34.536,75 15:50.058,1920, ,1913,2,1,2,N, ,0,N, , , , , , , , ,2,0,0,0,0,0,2,0,0,0,0,0,0,0,0,0,0,0,0,0,0,0,0,0,0,0,0,0,0,0,0,0,0,0,0,0,0,39.9763,-75.2639, , 
20264,205549,2016130002,6,67,67301,2016,11,1,731,7,1,1,0,7,4, , ,N,0,0,0,3,0,1,1,1,N,N,40 04:46.200,75 10:54.000,744, ,741,1,1,3, , ,0,N, , , , , , , , ,1,1,0,0,0,0,0,0,0,0,0,0,1,1,0,0,0,0,0,0,0,0,0,0,0,0,0,0,0,0,0,0,0,0,0,8,0,40.0795,-75.1817, , 
20265,205578,2016072853,6,67,67301,2016,6,3,1334,13,1,1,0,1,1, , ,N,0,0,0,3,0,2,4,4,N,N,39 56:41.840,75 11:27.460,1404, ,1344, ,0, , , ,0, , , , , , , , , ,4,2,0,0,1,0,1,0,0,0,1,1,2,0,0,0,0,0,0,0,1,1,0,0,0,0,0,0,0,0,0,0,0,0,0,3,0,39.945,-75.191, , 
20266,205589,2016080771,6,67,67301,2016,7,3,2205,22,3,1,0,4,1, , ,N,1,2,0,3,0,0,4,3,N,N,40 02:06.425,75 04:10.216,9999, ,9999,1,1,1,N, ,3,N, , , , , , , , ,3,3,0,0,0,0,0,0,0,0,0,0,0,0,0,0,0,0,0,0,1,1,0,0,0,0,0,0,0,0,0,0,0,0,0,0,0,40.0351,-75.0695, , 
20267,205601,2016092095,6,67,67301,2016,8,7,722,7,1,1,0,8,1, , ,N,5,2,1,3,0,1,2,2,N,N,39 59:47.157,75 06:48.512,731, ,730, ,0, , , ,3, , , , , , , , , ,1,0,0,0,0,0,0,1,0,0,0,1,1,0,0,0,0,0,0,0,0,0,0,0,0,0,0,0,0,0,0,0,1,0,0,4,0,39.9964,-75.1135, , 
20268,205602,2016105103,6,67,67301,2016,9,7,1305,13,1,1,0,1,1, , ,N,7,0,2,3,0,2,2,2,N,N,40 00:36.229,75 03:50.590,1309, ,1307,2,2,2, , ,0,Y, , , , , , , , ,2,0,2,0,0,0,0,0,0,0,0,0,2,2,0,0,0,0,0,0,0,0,0,0,0,0,0,0,0,0,0,0,0,0,0,8,0,40.0101,-75.0641, , 
20269,205611,2016099647,6,67,67301,2016,9,5,1956,19,3,1,0,4,1, , ,N,1,2,0,3,0,1,2,2,N, ,39 58:02.632,75 10:43.087,1959, ,1956, ,0, , , ,3, , , , , , , , , ,1,0,0,0,0,0,1,0,1,0,0,1,1,0,0,0,0,0,0,0,0,0,0,1,0,0,0,0,0,0,0,0,0,0,0,4,0,39.9674,-75.1786, , 
20270,205648,2016084597,6,67,67301,2016,7,6,1700,17,1,1,0,5,1, , ,N,0,0,0,3,0,1,3,2,N,N,39 59:47.215,75 10:26.352,2005, ,2000, ,0, ,N, ,0, , , , , , , , , ,2,2,0,0,0,0,0,0,0,0,0,1,1,0,1,0,0,0,0,0,1,0,0,0,0,0,0,0,0,0,0,0,0,0,0,4,0,39.9964,-75.174, , 
20271,205652,2016097581,6,67,67301,2016,8,4,1754,17,1,1,0,8,1, , ,N,1,2,0,3,0,1,2,2,N,N,40 00:10.368,75 09:01.335,1815, ,1758, ,0, ,N, ,3, , , , , , , , , ,1,1,0,0,0,0,0,0,0,0,0,0,1,1,0,0,0,0,0,0,0,0,0,1,0,0,0,0,0,0,0,0,1,0,0,8,0,40.0029,-75.1504, , 
20272,205691,2016108610,6,67,67301,2016,10,6,1147,11,1,1,0,4,1, , ,N,2,2,0,3,0,6,6,2,N,N,40 02:37.008,75 01:10.329,1152, ,1150,2,1,1,N, ,3,N, , , , , , , , ,2,0,0,1,0,1,0,0,0,0,0,2,6,4,0,0,0,0,0,0,1,0,0,0,0,0,0,0,0,0,0,0,0,0,0,4,2,40.0436,-75.0195, , 
20273,205694,2016080083,6,67,67301,2016,7,1,9999,99,3,1,0,4,1, , ,N,1,2,0,3,0,0,6,3,N, ,39 56:33.464,75 13:17.018,2300, ,2300, ,0, , , ,3, , , , , , , , , ,3,3,0,0,0,0,0,0,0,0,0,0,0,0,3,0,0,0,0,0,0,0,0,0,0,0,0,0,0,0,0,0,0,0,0,9,0,39.9426,-75.2214, , 
20274,205700,2016099510,6,67,67301,2016,9,1,2020,20,3,1,0,5,6, , ,N,0,0,0,3,0,2,2,2,N, ,40 02:44.493,75 06:45.765,2058, ,2054, ,0, , , ,0, , , , , , , , , ,2,1,1,0,0,0,0,0,0,0,0,2,2,0,0,0,0,0,0,0,0,0,0,0,0,0,0,0,0,0,0,0,0,0,0,4,0,40.0457,-75.1127, , 
20275,205710,2016110244,6,67,67301,2016,10,6,1331,13,1,1,0,1,1, , ,N,0,0,0,3,0,0,3,3,N,N,39 59:13.481,75 05:25.641,1345, ,1331,2,1,1, , ,0,N, , , , , , , , ,3,1,0,0,0,0,1,1,0,0,0,0,0,0,0,0,0,0,0,0,1,0,0,0,0,0,0,0,0,0,0,0,0,0,0,0,0,39.9871,-75.0905, , 
20276,205717,2016129215,6,67,67301,2016,11,4,1209,12,1,1,0,5,1, , ,N,0,0,0,3,0,2,3,2,N, ,40 02:08.106,75 02:22.770,1212, ,1210, ,0, , , ,0, , , , , , , , , ,2,1,0,0,0,0,1,0,0,0,0,2,2,0,0,0,0,0,0,0,0,0,0,1,0,0,0,0,0,0,0,0,0,0,0,4,0,40.0356,-75.0397, , 
20277,205719,2016119283,6,67,67301,2016,11,6,617,6,5,1,0,1,1,1,4,Y,0,0,0,3,0,0,3,3,N,N,40 00:50.269,75 03:23.647,711,45,702, ,0, , , ,0, ,Y,N,N,N,Y,N,N,N,3,0,0,0,2,0,0,0,0,0,0,0,0,0,1,0,0,0,0,0,0,0,0,0,0,0,0,0,0,0,0,0,0,0,0,9,0,40.014,-75.0566, , 
20278,208879,2016080916,6,67,67301,2016,7,4,2315,23,3,1,0,6,6, , ,N,0,0,0,3,0,1,3,3,N,N,39 57:37.792,75 12:48.528,2333, ,2331, ,0, ,N, ,0, , , , , , , , , ,3,2,0,0,0,0,1,0,0,0,0,0,1,1,0,0,0,0,0,0,0,0,0,0,0,0,0,0,0,0,0,0,0,0,0,8,0,39.9605,-75.2135, , 
20279,208889,2016080410,6,67,67301,2016,7,4,712,7,1,1,0,4,1, , ,N,2,0,0,3,0,1,2,2,N, ,39 59:53.130,75 07:34.048,813, ,809,3,2,3, , ,0,N, , , , , , , , ,2,0,0,0,1,1,0,0,0,0,0,1,1,0,0,0,0,0,0,0,0,0,0,0,0,0,0,0,0,0,0,0,0,0,0,4,1,39.9981,-75.1261, , 
20280,208894,2016089940,6,67,67301,2016,8,7,2230,22,3,1,0,4,1, , ,N,1,2,0,3,0,2,3,2,N,N,39 57:13.845,75 13:12.349,9999, ,9999, ,0, ,N, ,3, , , , , , , , , ,2,0,0,0,0,0,2,0,0,0,0,1,2,1,0,0,0,0,0,0,0,0,0,0,0,0,0,0,0,0,0,0,0,0,0,4,0,39.9538,-75.2201, , 
20281,208896,2016099481,6,67,67301,2016,9,1,1600,16,1,1,0,4,1, , ,N,1,3,0,3,0,4,7,5,N,N,40 01:15.747,75 03:15.058,1625, ,1620,1,1,3,N, ,3,Y, , , , , , , , ,5,4,0,0,0,0,1,0,0,0,3,1,4,0,0,0,0,0,0,0,0,0,0,0,0,0,0,0,0,0,0,0,0,0,0,3,0,40.021,-75.0542, , 
20282,208905,2016068328,6,67,67301,2016,6,4,637,6,1,1,0,5,1,1,8,Y,0,0,0,3,0,1,4,2,N,N,39 58:39.257,75 06:44.713,656,45,642, ,0, , , ,0, ,N,N,N,N,N,N,N,Y,2,1,0,0,0,0,0,1,0,0,0,0,1,1,0,0,0,0,0,0,0,0,0,0,0,0,0,0,0,0,0,0,0,0,0,8,0,39.9776,-75.1124, , 
20283,208917,2016138171,6,67,67301,2016,12,3,620,6,3,1,0,8,1, , ,N,1,2,0,3,0,1,2,2,N,N,40 04:35.542,75 04:56.744,635, ,631, ,0, ,N, ,3, , , , , , , , , ,1,1,0,0,0,0,0,0,0,0,0,0,1,1,0,0,0,0,0,0,1,0,0,0,0,0,0,0,0,0,0,0,1,0,0,8,0,40.0765,-75.0824, , 
20284,208929,2017003567,6,67,67301,2016,12,2,842,8,1,1,5,1,1, , ,N,1,3,0,3,0,2,4,2,N,N,39 55:26.704,75 14:42.300,844, ,843, ,0, ,N, ,3, , , , , , , , , ,2,1,0,0,0,0,1,0,0,0,0,0,2,2,0,0,0,0,0,0,0,0,0,0,0,0,0,0,0,0,0,0,0,0,0,8,0,39.9241,-75.2451, , 
20285,208939,2016053821,6,67,67301,2016,5,3,1403,14,1,2,1,4,1, , ,N,0,0,0,3,0,1,3,2,N, ,39 58:25.737,75 11:40.935,1408, ,1403, ,0, , , ,0, , , , , , , , , ,2,0,0,0,1,0,0,1,0,0,0,1,1,0,0,0,0,0,0,0,2,0,0,0,0,0,0,0,0,0,0,0,0,0,0,4,0,39.9738,-75.1947, , 
20286,208949,2016063868,6,67,67301,2016,6,5,640,6,1,1,0,8,1, , ,N,1,2,0,3,0,1,2,2,N,N,39 57:39.809,75 08:41.875,645, ,642,1,2,3,N, ,3,N, , , , , , , , ,1,1,0,0,0,0,0,0,0,0,1,0,1,0,0,0,0,0,0,0,0,0,0,0,0,0,0,0,0,0,0,0,1,0,0,3,0,39.9609,-75.145, , 
20287,208950,2016063950,6,67,67301,2016,6,7,1121,11,1,1,0,4,1, , ,N,1,2,0,3,0,3,5,2,N,N,40 05:20.314,75 01:15.336,1122, ,1122,1,2,6,N, ,3,N, , , , , , , , ,2,1,0,0,0,0,1,0,0,0,0,3,3,0,0,0,0,0,1,0,0,0,0,0,0,0,0,0,0,0,0,0,0,0,0,4,0,40.089,-75.0209, , 
20288,208971,2016128500,6,67,67301,2016,10,1,2302,23,3,1,0,7,2,1,4,Y,0,0,3,3,0,1,1,1,N,N,40 01:49.325,75 01:19.304,2331,45,2314, ,0, , , ,0, ,N,N,N,N,N,N,N,Y,1,1,0,0,0,0,0,0,0,0,1,0,1,0,0,0,0,0,0,0,0,0,0,0,0,0,0,0,0,0,0,0,0,0,0,3,0,40.0304,-75.022, , 
20289,208999,2016062788,6,67,67301,2016,6,2,1756,17,1,1,0,1,1, , ,N,0,0,0,3,0,0,2,2,N,N,39 55:38.059,75 11:43.428,1812, ,1800,1,2,3, , ,0,N, , , , , , , , ,2,2,0,0,0,0,0,0,0,0,0,0,0,0,0,0,0,0,0,0,0,0,0,0,0,0,0,0,0,0,0,0,0,0,0,0,0,39.9272,-75.1954, , 
20290,209007,2016099763,6,67,67301,2016,9,1,419,4,3,1,0,7,5,1,4,Y,6,0,2,3,0,0,1,1,N,N,39 59:50.669,75 04:55.143,439,45,426,2,1,2, , ,0,N,N,N,N,N,N,N,N,Y,1,1,0,0,0,0,0,0,0,0,0,0,0,0,0,0,0,0,0,0,0,0,0,0,0,0,0,0,0,0,0,0,0,0,0,0,0,39.9974,-75.082, , 
20291,209038,2016116798,6,67,67301,2016,11,7,1011,10,1,1,0,1,1, , ,N,0,0,0,3,0,0,3,2,N,N,39 57:12.279,75 10:53.644,1026, ,1016,1,1,4, , ,0,N, , , , , , , , ,2,1,0,0,1,0,0,0,0,0,0,0,0,0,0,0,0,0,0,0,1,0,0,0,0,0,0,0,0,0,0,0,0,0,0,0,1,39.9534,-75.1816, , 
20292,209056,2016119326,6,67,67301,2016,11,5,2333,23,3,1,0,1,1,2,4,Y,0,1,0,3,0,1,8,3,N,N,39 59:00.747,75 05:52.419,2343,45,2333, ,0, , , ,3, ,Y,N,N,N,Y,N,N,N,3,2,0,0,0,0,1,0,0,0,1,0,1,0,0,0,1,1,0,0,0,0,0,0,0,0,0,0,0,0,0,0,0,0,0,3,0,39.9835,-75.0979, , 
20293,209062,2016111783,6,67,67301,2016,10,6,104,1,3,2,1,8,1, , ,N,1,2,0,3,0,1,2,2,N,N,39 57:06.318,75 12:11.069,108, ,106, ,0, ,N, ,3, , , , , , , , , ,1,1,0,0,0,0,0,0,0,0,0,0,1,1,0,0,0,0,0,0,0,0,0,1,0,0,0,0,0,0,0,0,1,0,0,8,0,39.9518,-75.2031, , 
20294,209074,2016129297,6,67,67301,2016,11,2,1405,14,1,1,0,6,1,8,8,Y,0,0,0,3,0,2,2,3,N,N,39 59:47.304,75 10:02.596,1420,99,1416, ,0, ,N, ,0, ,U,U,U,U,U,U,U,U,3,2,0,0,0,0,0,1,0,0,0,2,2,0,0,0,0,0,0,0,1,0,0,0,0,0,0,0,0,0,0,0,0,0,0,4,0,39.9965,-75.1674, , 
20295,209076,2016129310,6,67,67301,2016,11,1,2020,20,3,1,0,4,1, , ,N,1,2,0,3,0,3,4,2,N,N,40 00:51.570,75 10:41.163,2030, ,2027, ,0, ,N, ,3, , , , , , , , , ,2,0,0,0,0,0,2,0,0,0,0,0,3,3,0,0,0,0,0,0,2,0,0,0,0,0,0,0,0,0,0,0,0,0,0,8,0,40.0143,-75.1781, , 
20296,211925,2016112175,6,67,67301,2016,10,5,657,6,1,5,0,4,1, , ,N,1,2,0,3,0,1,2,2,N, ,40 03:08.339,75 00:28.750,703, ,701, ,0, , , ,3, , , , , , , , , ,2,1,0,0,1,0,0,0,0,0,0,1,1,0,0,0,0,0,0,0,0,0,0,0,0,0,0,0,0,0,0,0,0,0,0,4,0,40.0523,-75.008, , 
20297,211929,2016119119,6,67,67301,2016,10,6,1730,17,1,1,0,6,1, , ,N,0,0,0,3,0,1,2,2,N,N,39 59:52.365,75 07:28.180,1745, ,1742,1,1,4, , ,0,Y, , , , , , , , ,2,0,1,0,1,0,0,0,0,0,0,1,1,0,0,0,0,0,0,0,0,0,0,0,0,0,0,0,0,0,0,0,0,0,0,4,0,39.9979,-75.1245, , 
20298,211937,2016129295,6,67,67301,2016,11,1,2030,20,3,1,0,4,1, , ,N,1,2,0,3,0,0,2,2,N,N,40 00:38.569,75 09:04.826,2037, ,2034,2,2,7, , ,3,Y, , , , , , , , ,2,2,0,0,0,0,0,0,0,0,0,0,0,0,0,0,0,0,0,0,1,0,0,0,0,0,0,0,0,0,0,0,0,0,0,0,0,40.0107,-75.1513, , 
20299,211941,2016129363,6,67,67301,2016,11,6,1437,14,1,1,0,8,1, , ,N,1,2,0,3,0,1,2,2,N, ,40 02:07.762,75 13:02.189,1505, ,1501, ,0, , , ,3, , , , , , , , , ,1,0,0,0,1,0,0,0,0,0,0,0,1,1,0,0,0,0,0,0,0,0,0,0,0,0,0,0,0,0,0,0,1,0,0,8,0,40.0355,-75.2173, , 
20300,211948,2016097622,6,67,67301,2016,9,3,1935,19,4,1,0,4,1, , ,N,2,0,0,3,0,1,2,2,N,N,40 01:13.039,75 09:46.119,2008, ,1959,3,1,2,N, ,0,Y, , , , , , , , ,2,0,1,0,0,0,1,0,0,0,0,0,1,1,0,0,0,0,0,0,0,0,0,0,0,0,0,0,0,0,0,0,0,0,0,8,0,40.0203,-75.1628, , 