objectid_1,objectid,crn,district,county,municipality,crash_year,crash_month,day_of_week,time_of_day,hour_of_day,illumination,weather,road_condition,collision_type,relation_to_road,work_zone_type,work_zone_loc,work_zone_ind,intersect_type,tcd_type,location_type,urban_rural,fatal_count,injury_count,person_count,total_units,sch_bus_ind,sch_zone_ind,latitude,longitude,arrival_tm,cons_zone_spd_lim,dispatch_tm,est_hrs_closed,lane_closed,ln_close_dir,ntfy_hiwy_maint,spec_juris_cd,tcd_func_cd,tfc_detour_ind,workers_pres,wz_close_detour,wz_flagger,wz_law_offcr_ind,wz_ln_closure,wz_moving,wz_other,wz_shlder_mdn,vehicle_count,automobile_count,motorcycle_count,bus_count,small_truck_count,heavy_truck_count,suv_count,van_count,bicycle_count,maj_inj_count,mod_inj_count,min_inj_count,tot_inj_count,unk_inj_deg_count,unk_inj_per_count,driver_count_16yr,driver_count_17yr,driver_count_18yr,driver_count_19yr,driver_count_20yr,driver_count_50_64yr,driver_count_65_74yr,driver_count_75plus,unbelted_occ_count,unb_death_count,unb_maj_inj_count,belted_death_count,belted_maj_inj_count,mcycle_death_count,mcycle_maj_inj_count,bicycle_death_count,bicycle_maj_inj_count,ped_count,ped_death_count,ped_maj_inj_count,max_severity_level,comm_veh_count,dec_lat,dec_long,rdwy_surf_type_cd,county_name
20638,240511,2016087710,6,67,67301,2016,8,6,2059,20,3,1,0,6,6, , ,N,0,0,0,3,0,1,1,3,N, ,39 59:43.962,75 09:26.443,2117, ,2110, ,0, , , ,0, , , , , , , , , ,3,2,0,0,0,0,1,0,0,0,0,0,1,1,0,0,0,0,0,0,0,0,0,0,0,0,0,0,0,0,0,0,0,0,0,8,0,39.9955,-75.1573, , 
20639,240515,2016097609,6,67,67301,2016,8,4,1515,15,1,1,8,5,6, , ,N,0,0,0,3,0,0,3,5,N,N,39 59:48.385,75 07:41.698,1540, ,1525,2,2,3,N, ,0,Y, , , , , , , , ,5,3,1,0,0,0,1,0,0,0,0,0,0,0,0,0,0,0,0,0,0,0,0,1,0,0,0,0,0,0,0,0,0,0,0,0,0,39.9968,-75.1282, , 
20640,240520,2016099544,6,67,67301,2016,9,1,2020,20,3,1,0,1,1, , ,N,3,2,0,3,0,1,2,2,N, ,40 02:39.405,75 05:20.426,2030, ,2025, ,0, , , ,3, , , , , , , , , ,2,0,0,0,0,0,2,0,0,0,0,1,1,0,0,0,0,0,0,0,2,0,0,0,0,0,0,0,0,0,0,0,0,0,0,4,0,40.0443,-75.089, , 
20641,240543,2017001635,6,67,67301,2016,12,7,1400,14,1,9,8,8,1, , ,N,0,0,0,3,0,1,2,2,N, ,39 59:53.127,75 08:42.212,1247, ,1237, ,0, , , ,0, , , , , , , , , ,1,0,0,0,0,0,1,0,0,1,0,0,1,0,0,0,0,0,0,0,1,0,0,1,0,0,0,0,0,0,0,0,1,0,1,2,0,39.9981,-75.1451, , 
20642,243287,2016097078,6,67,67301,2016,8,3,150,1,3,1,0,0,1, , ,N,0,0,0,3,0,0,1,1,N,N,39 58:14.707,75 09:12.509,242, ,239, ,0, ,N, ,0, , , , , , , , , ,1,1,0,0,0,0,0,0,0,0,0,0,0,0,1,0,0,0,0,0,0,0,0,0,0,0,0,0,0,0,0,0,0,0,0,9,0,39.9708,-75.1535, , 
20643,243288,2016097596,6,67,67301,2016,8,2,1245,12,1,1,0,1,1, , ,N,0,0,0,3,0,1,3,2,N, ,39 59:52.653,75 07:30.416,1315, ,1300, ,0, , , ,0, , , , , , , , , ,2,2,0,0,0,0,0,0,0,0,0,0,1,1,0,0,0,0,0,0,0,1,0,2,0,0,0,0,0,0,0,0,0,0,0,8,0,39.998,-75.1251, , 
20644,243317,2016122838,6,67,67301,2016,11,3,1810,18,4,1,0,1,1, , ,N,1,2,0,3,0,2,6,5,N,N,40 01:15.937,75 08:23.758,1830, ,1813,2,2,1,N, ,3,N, , , , , , , , ,5,4,0,0,0,0,0,1,0,0,2,0,2,0,0,0,0,0,0,0,1,0,0,0,0,0,0,0,0,0,0,0,0,0,0,3,0,40.0211,-75.1399, , 
20645,243323,2016138234,6,67,67301,2016,12,7,1128,11,1,1,0,4,1, , ,N,1,2,0,3,0,3,4,2,N,N,39 59:25.569,75 09:48.661,1134, ,1130, ,0, , , ,3, , , , , , , , , ,2,1,0,0,0,0,1,0,0,0,0,3,3,0,0,0,0,0,0,0,0,0,0,0,0,0,0,0,0,0,0,0,0,0,0,4,0,39.9904,-75.1635, , 
20646,243326,2017007934,6,67,67301,2016,12,2,1629,16,3,1,1,4,1, , ,N,5,2,2,3,0,2,3,2,N, ,39 57:11.151,75 10:54.540,1809, ,1804, ,0, , , ,3, , , , , , , , , ,2,1,0,0,0,0,1,0,0,0,0,2,2,0,0,0,0,0,0,0,0,0,0,3,0,0,0,0,0,0,0,0,0,0,0,4,0,39.9531,-75.1819, , 
20647,243327,2017007814,6,67,67301,2016,12,4,1623,16,1,1,0,4,1, , ,N,1,2,0,3,0,2,2,2,N, ,39 57:27.908,75 13:09.383,1640, ,1631, ,0, , , ,3, , , , , , , , , ,2,1,0,0,0,0,1,0,0,0,0,2,2,0,0,0,0,0,0,0,2,0,0,0,0,0,0,0,0,0,0,0,0,0,0,4,0,39.9578,-75.2193, , 
20648,243329,2016129474,6,67,67301,2016,11,6,2041,20,3,1,0,6,1, , ,N,0,0,0,3,0,3,4,2,N, ,39 56:54.611,75 13:05.292,2044, ,2043,2,2,4, , ,0,Y, , , , , , , , ,2,1,0,0,0,0,1,0,0,0,0,3,3,0,0,0,0,0,0,0,1,0,0,0,0,0,0,0,0,0,0,0,0,0,0,4,0,39.9485,-75.2181, , 
20649,243337,2016138236,6,67,67301,2016,12,4,450,4,3,2,1,1,1, , ,N,0,0,0,3,0,0,3,2,N,N,40 01:36.516,75 05:38.825,459, ,451, ,0, ,N, ,0, , , , , , , , , ,2,1,0,0,0,0,1,0,0,0,0,0,0,0,0,0,0,0,0,0,0,0,0,0,0,0,0,0,0,0,0,0,0,0,0,0,0,40.0268,-75.0941, , 
20650,243339,2017017511,6,67,67301,2016,5,2,1930,19,1,1,0,4,1, , ,N,2,3,0,3,0,1,2,2,N,N,40 04:29.152,75 10:39.398,0, ,0, ,0, ,N, ,3, , , , , , , , , ,2,0,0,0,0,0,1,0,0,0,0,0,1,1,0,0,0,0,0,1,1,0,0,0,0,0,0,0,0,0,0,0,0,0,0,8,0,40.0748,-75.1776, , 
20651,243349,2016120025,6,67,67301,2016,10,6,2256,22,3,1,0,2,1, , ,N,0,0,0,3,0,3,3,2,N, ,39 57:02.750,75 13:07.183,2256, ,2256,3,2,5, , ,0,Y, , , , , , , , ,2,1,0,0,0,0,1,0,0,0,0,0,3,3,0,0,0,0,0,0,0,0,0,0,0,0,0,0,0,0,0,0,0,0,0,8,0,39.9508,-75.2187, , 
20652,243351,2016129447,6,67,67301,2016,11,7,1555,15,1,1,0,1,1, , ,N,2,0,0,3,0,1,2,2,N, ,40 01:32.141,75 12:08.737,1609, ,1555, ,0, , , ,0, , , , , , , , , ,2,2,0,0,0,0,0,0,0,0,0,0,1,1,0,0,0,0,0,0,0,0,0,0,0,0,0,0,0,0,0,0,0,0,0,8,0,40.0257,-75.2025, , 
20653,243399,2016112199,6,67,67301,2016,10,1,1233,12,1,1,1,2,1, , ,N,1,0,0,3,0,0,2,2,N,N,40 04:19.941,75 05:06.057,1250, ,1243, ,0, , , ,0, , , , , , , , , ,2,2,0,0,0,0,0,0,0,0,0,0,0,0,1,0,0,0,0,0,0,0,0,0,0,0,0,0,0,0,0,0,0,0,0,9,0,40.0722,-75.085, , 
20654,243401,2016135747,6,67,67301,2016,11,4,2022,20,3,2,1,8,1, , ,N,1,2,0,3,0,1,2,2,N,N,39 57:24.202,75 11:53.285,2025, ,2023, ,0, ,N, ,3, , , , , , , , , ,1,0,0,0,0,0,1,0,0,0,0,0,1,1,0,0,0,0,0,0,1,0,0,0,0,0,0,0,0,0,0,0,1,0,0,8,0,39.9566,-75.198, , 
20655,243437,2016105580,6,67,67301,2016,9,1,950,9,1,1,0,8,1, , ,N,2,2,0,3,0,1,2,2,N,N,39 56:05.393,75 08:33.250,1004, ,1000, ,0, ,N, ,3, , , , , , , , , ,1,1,0,0,0,0,0,0,0,0,0,0,1,1,0,0,0,0,0,0,0,0,0,0,0,0,0,0,0,0,0,0,1,0,0,8,0,39.9348,-75.1426, , 
20656,243455,2016126106,6,67,67301,2016,11,4,222,2,3,1,0,7,4, , ,N,5,2,0,3,0,0,1,1,N,N,39 59:57.271,75 08:50.495,225, ,224, ,0, ,N, ,3, , , , , , , , , ,1,1,0,0,0,0,0,0,0,0,0,0,0,0,1,0,0,0,0,0,0,0,0,0,0,0,0,0,0,0,0,0,0,0,0,9,0,39.9992,-75.1474, , 
20657,243458,2016120631,6,67,67301,2016,11,5,1543,15,1,1,0,4,1, , ,N,1,2,0,3,0,1,2,2,N, ,39 59:53.948,75 08:59.503,1555, ,1543, ,0, , , ,3, , , , , , , , , ,2,0,1,0,0,0,1,0,0,0,0,0,1,1,0,0,0,0,0,0,0,1,0,1,0,0,0,0,0,0,0,0,0,0,0,8,0,39.9983,-75.1499, , 
20658,243460,2016120510,6,67,67301,2016,10,1,1612,16,1,1,0,8,1, , ,N,0,0,0,3,0,1,2,2,N,N,40 01:38.027,75 02:01.377,1615, ,1614,2,2,2,N, ,0,Y, , , , , , , , ,1,0,0,0,0,0,1,0,0,0,0,0,1,1,0,0,0,0,0,0,1,0,0,0,0,0,0,0,0,0,0,0,1,0,0,8,0,40.0272,-75.0337, , 
20659,243479,2016088613,6,67,67301,2016,8,6,1705,17,1,2,1,4,1, , ,N,1,2,0,3,0,1,2,2,N,N,40 01:13.809,75 11:32.576,1731, ,1714,2,1,1, , ,3,N, , , , , , , , ,2,1,0,0,0,0,1,0,0,0,0,1,1,0,0,0,0,0,0,0,0,0,0,0,0,0,0,0,0,0,0,0,0,0,0,4,0,40.0205,-75.1924, , 
20660,249446,2016120521,6,67,67301,2016,10,4,1919,19,3,1,0,4,1, , ,N,1,2,0,3,0,0,3,2,N,N,39 55:16.123,75 11:37.638,2021, ,2019,1,1,3,N, ,3,Y, , , , , , , , ,2,1,0,0,0,0,1,0,0,0,0,0,0,0,0,0,0,0,0,0,0,0,0,0,0,0,0,0,0,0,0,0,0,0,0,0,0,39.9211,-75.1938, , 
20661,249449,2016117149,6,67,67301,2016,10,7,1909,19,3,1,0,4,1, , ,N,1,2,3,3,0,2,2,2,N,N,39 57:29.693,75 10:01.822,1928, ,925,1,1,3,N, ,3,N, , , , , , , , ,2,1,0,0,0,0,1,0,0,0,0,2,2,0,0,0,0,0,0,0,1,0,0,0,0,0,0,0,0,0,0,0,0,0,0,4,0,39.9583,-75.1673, , 
20662,249461,2016129325,6,67,67301,2016,11,6,1912,19,3,2,1,4,1, , ,N,1,2,0,3,0,1,7,2,N, ,39 57:23.851,75 09:57.547,1921, ,1918, ,0, , , ,3, , , , , , , , , ,2,2,0,0,0,0,0,0,0,0,0,1,1,0,0,0,0,0,0,0,1,0,0,0,0,0,0,0,0,0,0,0,0,0,0,4,0,39.9566,-75.166, , 
20663,249471,2017005766,6,67,67301,2016,12,6,2000,20,3,9,0,5,6, , ,N,0,0,0,3,0,0,1,2,N, ,40 01:26.605,75 07:08.997,9999, ,9999, ,0, , , ,0, , , , , , , , , ,2,1,0,0,0,0,0,0,0,0,0,0,0,0,0,0,0,0,0,0,0,0,0,0,0,0,0,0,0,0,0,0,0,0,0,0,0,40.0241,-75.1192, , 
20664,249477,2016092076,6,67,67301,2016,8,3,1850,18,1,1,0,8,1, , ,N,1,2,0,3,0,1,2,2,N, ,39 55:05.344,75 10:15.986,1858, ,1856, ,0, , , ,3, , , , , , , , , ,1,1,0,0,0,0,0,0,0,0,0,1,1,0,0,0,0,0,0,0,1,0,0,0,0,0,0,0,0,0,0,0,1,0,0,4,0,39.9181,-75.171, , 
20665,249492,2016105897,6,67,67301,2016,9,5,820,8,1,1,0,1,1, , ,N,0,0,0,3,0,1,3,2,N,N,39 57:58.966,75 14:17.704,830, ,820, ,0, , , ,0, , , , , , , , , ,2,1,0,0,0,0,1,0,0,0,0,0,1,1,1,0,0,0,0,0,0,0,0,2,0,0,0,0,0,0,0,0,0,0,0,8,0,39.9664,-75.2383, , 
20666,249524,2016138165,6,67,67301,2016,12,4,2210,22,3,1,0,7,4, , ,N,0,0,0,3,0,0,1,1,N, ,40 03:57.922,74 58:56.447,2215, ,2212,1,1,2, , ,0,Y, , , , , , , , ,1,1,0,0,0,0,0,0,0,0,0,0,0,0,0,0,0,0,0,1,0,0,0,0,0,0,0,0,0,0,0,0,0,0,0,0,0,40.0661,-74.9823, , 
20667,249529,2017005225,6,67,67301,2016,12,4,1930,19,3,1,0,8,1, , ,N,5,3,0,3,0,1,2,2,N,N,39 56:14.190,75 10:36.127,1945, ,1943, ,0, ,N, ,2, , , , , , , , , ,1,1,0,0,0,0,0,0,0,0,0,1,1,0,0,0,0,0,0,0,0,0,0,0,0,0,0,0,0,0,0,0,1,0,0,4,0,39.9373,-75.1767, , 
20668,249542,2016129299,6,67,67301,2016,11,3,1530,15,1,1,0,4,1, , ,N,5,2,0,3,0,0,2,2,N,N,40 03:30.268,75 08:57.263,1540, ,1530, ,0, , , ,3, , , , , , , , , ,2,2,0,0,0,0,0,0,0,0,0,0,0,0,2,0,0,0,0,0,1,0,0,1,0,0,0,0,0,0,0,0,0,0,0,9,0,40.0584,-75.1492, , 
20669,249558,2016114806,6,67,67301,2016,11,4,1716,17,1,1,0,1,1, , ,N,0,0,0,3,0,1,4,2,N,N,40 00:32.622,75 04:03.089,1734, ,1724, ,0, , , ,0, , , , , , , , , ,2,0,0,0,1,0,1,0,0,0,1,0,1,0,1,0,0,0,0,0,1,0,0,0,0,0,0,0,0,0,0,0,0,0,0,3,0,40.0091,-75.0675, , 
20670,249575,2016120576,6,67,67301,2016,10,2,550,5,3,1,0,4,1, , ,N,2,2,2,3,0,0,2,2,N, ,39 54:43.500,75 09:01.900,605, ,554,1,2,2, , ,3,N, , , , , , , , ,2,1,0,0,0,0,1,0,0,0,0,0,0,0,0,0,0,0,0,0,1,0,0,0,0,0,0,0,0,0,0,0,0,0,0,0,0,39.9121,-75.1505, , 
20671,249576,2016129430,6,67,67301,2016,11,3,125,1,3,1,0,1,1, , ,N,1,2,0,3,0,2,2,2,N,N,39 56:54.150,75 08:38.536,132, ,129,1,2,3,N, ,3,Y, , , , , , , , ,2,2,0,0,0,0,0,0,0,0,0,0,2,2,0,0,0,0,0,0,0,0,0,0,0,0,0,0,0,0,0,0,0,0,0,8,0,39.9484,-75.1441, , 
20672,249581,2016135676,6,67,67301,2016,12,2,1800,18,3,1,0,4,1, , ,N,1,2,0,3,0,0,3,2,N, ,40 02:17.896,75 04:31.313,1810, ,1804, ,0, , , ,3, , , , , , , , , ,2,1,0,0,0,0,0,1,0,0,0,0,0,0,0,0,0,0,0,0,0,0,0,0,0,0,0,0,0,0,0,0,0,0,0,0,0,40.0383,-75.0754, , 
20673,249605,2016134187,6,67,67301,2016,12,1,2056,20,3,1,0,1,1, , ,N,1,2,0,3,2,0,3,2,Y,N,40 04:15.522,75 02:16.209,2100, ,2057,3,2,1,N,0,3,Y, , , , , , , , ,2,1,0,1,0,0,0,0,0,0,0,0,0,0,0,0,0,0,0,0,0,0,0,2,2,0,0,0,0,0,0,0,0,0,0,1,1,40.071,-75.0378,2, 
20674,249610,2016132154,6,67,67301,2016,11,4,1525,15,1,2,1,4,1, , ,N,1,2,0,3,0,1,2,2,N,N,39 58:02.632,75 10:43.087,1532, ,1528, ,0, , , ,3, , , , , , , , , ,2,2,0,0,0,0,0,0,0,0,0,0,1,1,0,0,0,0,0,0,0,0,0,0,0,0,0,0,0,0,0,0,0,0,0,8,0,39.9674,-75.1786, , 
20675,249631,2016122182,6,67,67301,2016,11,6,1152,11,1,1,0,1,1, , ,N,0,0,0,3,0,0,3,3,N,N,39 52:35.966,75 15:23.655,1202, ,1152,2,2,2, , ,0,N, , , , , , , , ,3,0,0,0,0,0,3,0,0,0,0,0,0,0,0,0,0,0,0,0,0,1,0,0,0,0,0,0,0,0,0,0,0,0,0,0,0,39.8767,-75.2566, , 
20676,249647,2017020687,6,67,67301,2016,7,3,1700,17,1,1,0,4,1, , ,N,0,0,7,3,0,1,2,3,N,N,40 04:15.744,75 09:42.046,0, ,0, ,0, ,N, ,0, , , , , , , , , ,3,1,0,0,0,0,1,0,0,0,0,0,1,1,0,0,0,0,0,0,1,0,1,1,0,0,0,0,0,0,0,0,0,0,0,8,0,40.071,-75.1617, , 
20677,249651,2016099591,6,67,67301,2016,9,7,1730,17,1,1,0,0,1, , ,N,0,0,0,3,0,1,1,1,N,N,40 02:59.018,75 03:03.614,1115, ,1108, ,0, ,N, ,0, , , , , , , , , ,1,0,1,0,0,0,0,0,0,0,0,0,1,1,0,0,0,0,0,0,0,0,0,0,0,0,0,0,0,0,0,0,0,0,0,8,0,40.0497,-75.051, , 
20678,246640,2016119167,6,67,67301,2016,10,4,1509,15,1,1,0,5,1, , ,N,0,0,0,3,0,1,2,3,N, ,40 01:42.446,75 09:13.288,1612, ,1603, ,0, , , ,0, , , , , , , , , ,3,2,0,0,0,1,0,0,0,0,0,1,1,0,0,0,0,0,0,0,1,0,0,1,0,0,0,0,0,0,0,0,0,0,0,4,1,40.0285,-75.1537, , 
20679,246653,2016132879,6,67,67301,2016,12,5,1227,12,1,1,0,5,1, , ,N,0,0,0,3,0,0,4,2,N,N,39 59:48.177,75 04:57.050,1240, ,1240, ,0, , , ,0, , , , , , , , , ,2,1,0,0,0,1,0,0,0,0,0,0,0,0,0,0,0,0,0,0,1,0,0,0,0,0,0,0,0,0,0,0,0,0,0,0,1,39.9967,-75.0825, , 
20680,246663,2016135751,6,67,67301,2016,12,3,1600,16,4,2,1,8,1, , ,N,1,2,0,3,0,1,2,2,N,N,40 02:34.692,75 08:39.933,1635, ,1623, ,0, ,N, ,3, , , , , , , , , ,1,1,0,0,0,0,0,0,0,0,0,1,1,0,0,0,0,0,0,0,0,1,0,0,0,0,0,0,0,0,0,0,1,0,0,4,0,40.043,-75.1444, , 
20681,246674,2017021957,6,67,67301,2016,9,4,2054,20,3,1,0,1,6, , ,N,0,0,0,3,0,1,2,2,N,Y,40 01:07.382,75 09:03.965,0, ,0, ,0, ,N, ,0, , , , , , , , , ,2,1,0,0,0,0,0,0,0,0,0,0,1,1,0,0,0,0,0,0,0,0,0,0,0,0,0,0,0,0,0,0,0,0,0,8,0,40.0187,-75.1511, , 
20682,246676,2017023436,6,67,67301,2016,11,6,2045,20,3,1,0,4,1, , ,N,1,2,0,3,0,1,2,2,N,N,40 02:02.615,75 10:58.439,0, ,0, ,0, ,N, ,3, , , , , , , , , ,2,2,0,0,0,0,0,0,0,0,1,0,1,0,0,0,0,0,0,0,1,0,0,0,0,0,0,0,0,0,0,0,0,0,0,3,0,40.0341,-75.1829, , 
20683,246679,2017003654,6,67,67301,2016,12,2,9999,99,3,1,0,6,6, , ,N,0,0,0,3,0,1,1,5,N, ,40 01:34.436,75 10:09.151,9999, ,9999,2,2,5, , ,0,Y, , , , , , , , ,5,2,0,0,0,0,3,0,0,0,0,0,1,1,0,0,0,0,0,0,1,0,0,0,0,0,0,0,0,0,0,0,0,0,0,8,0,40.0262,-75.1692, , 
20684,246680,2017003603,6,67,67301,2016,12,6,155,1,3,1,0,4,1, , ,N,1,2,0,3,0,1,3,2,N,N,39 55:27.728,75 10:10.600,200, ,156,3,2,7,N, ,3,Y, , , , , , , , ,2,2,0,0,0,0,0,0,0,0,0,1,1,0,1,0,0,0,0,0,0,0,0,2,0,0,0,0,0,0,0,0,0,0,0,4,0,39.9244,-75.1696, , 
20685,246683,2016105118,6,67,67301,2016,9,6,18,0,3,2,1,1,1, , ,N,0,0,0,3,0,0,2,2,N,N,39 57:25.304,75 10:49.515,34, ,34,2,1,3, , ,0,N, , , , , , , , ,2,1,0,0,0,1,0,0,0,0,0,0,0,0,0,0,0,0,0,0,1,0,0,0,0,0,0,0,0,0,0,0,0,0,0,0,1,39.957,-75.1804, , 
20686,246724,2016126100,6,67,67301,2016,11,5,2134,21,3,1,0,1,1, , ,N,1,2,0,3,0,1,6,3,N, ,39 57:41.520,75 13:28.357,2136, ,2136, ,0, , , ,3, , , , , , , , , ,3,1,0,0,0,0,1,1,0,1,0,0,1,0,2,0,0,0,0,1,0,0,0,0,0,0,0,0,0,0,0,0,0,0,0,2,0,39.9615,-75.2245, , 
20687,246755,2016068275,6,67,67301,2016,6,6,1205,12,1,1,0,4,1, , ,N,1,2,0,3,0,3,3,3,N, ,39 55:18.066,75 14:33.727,1217, ,1211, ,0, , , ,3, , , , , , , , , ,3,2,0,0,0,0,1,0,0,0,0,3,3,0,0,0,0,0,0,0,0,0,0,0,0,0,0,0,0,0,0,0,0,0,0,4,0,39.9217,-75.2427, , 
20688,246780,2017005883,6,67,67301,2016,12,2,822,8,1,2,1,1,1, , ,N,0,0,0,3,0,0,3,3,N,N,39 59:41.555,75 11:52.985,828, ,824, ,0, , , ,0, , , , , , , , , ,3,2,0,0,0,0,1,0,0,0,0,0,0,0,0,0,0,0,0,0,0,0,0,0,0,0,0,0,0,0,0,0,0,0,0,0,0,39.9949,-75.1981, , 
20689,246783,2016132158,6,67,67301,2016,11,4,830,8,1,1,0,1,1, , ,N,1,2,0,3,0,1,2,2,N,N,40 04:27.147,75 02:05.032,855, ,847,3,1,1, , ,3,Y, , , , , , , , ,2,1,0,0,0,0,1,0,0,0,0,0,1,1,0,0,0,0,0,0,0,0,0,0,0,0,0,0,0,0,0,0,0,0,0,8,0,40.0743,-75.0348, , 
20690,246792,2016135830,6,67,67301,2016,12,2,1033,10,1,1,1,1,1, , ,N,0,0,0,3,0,1,2,2,N, ,39 57:05.918,75 14:12.861,1044, ,1033, ,0, , , ,0, , , , , , , , , ,2,1,0,0,0,0,1,0,0,0,0,0,1,1,0,0,0,0,0,0,0,0,0,0,0,0,0,0,0,0,0,0,0,0,0,8,0,39.9516,-75.2369, , 
20691,246798,2016061332,6,67,67301,2016,5,2,2142,21,3,1,0,4,1, , ,N,5,2,0,3,0,2,6,5,N,N,40 01:18.102,75 08:23.227,2158, ,2144,3,2,7, , ,3,Y, , , , , , , , ,5,5,0,0,0,0,0,0,0,1,1,0,2,0,0,0,0,1,0,0,1,0,0,2,0,1,0,0,0,0,0,0,0,0,0,2,0,40.0217,-75.1398, , 
20692,246804,2016072856,6,67,67301,2016,7,3,306,3,3,2,1,7,3,1,4,Y,0,0,0,3,0,4,4,1,N,N,39 58:55.211,75 06:03.022,320,45,306,1,1,1, , ,0,N,N,N,N,N,N,N,N,Y,1,1,0,0,0,0,0,0,0,0,4,0,4,0,0,0,0,0,0,0,0,0,0,0,0,0,0,0,0,0,0,0,0,0,0,3,0,39.982,-75.1008, , 
20693,246805,2016072901,6,67,67301,2016,6,3,13,0,3,2,1,7,5,1,4,Y,0,0,0,3,0,1,1,1,N,N,40 01:39.827,75 05:55.623,17,30,14, ,0, , , ,0, ,Y,N,N,Y,Y,N,N,N,1,0,0,0,0,0,0,1,0,0,0,1,1,0,0,0,0,0,0,0,0,0,0,0,0,0,0,0,0,0,0,0,0,0,0,4,0,40.0277,-75.0988, , 
20694,246809,2016132116,6,67,67301,2016,11,3,1910,19,2,2,1,4,1, , ,N,2,0,0,3,0,0,2,2,N,N,39 53:36.121,75 13:33.938,1925, ,1921,9,1,4, , ,0,N, , , , , , , , ,2,1,0,0,1,0,0,0,0,0,0,0,0,0,0,0,0,0,0,0,1,0,0,0,0,0,0,0,0,0,0,0,0,0,0,0,0,39.8934,-75.2261, , 
20695,246812,2016129966,6,67,67301,2016,11,5,1545,15,1,1,0,4,1, , ,N,2,3,0,3,0,1,2,2,N, ,40 01:07.309,75 06:05.983,1640, ,1626,3,1,1, , ,3,N, , , , , , , , ,2,1,0,0,1,0,0,0,0,0,0,1,1,0,0,0,0,0,0,0,0,0,0,0,0,0,0,0,0,0,0,0,0,0,0,4,0,40.0187,-75.1017, , 
20696,240545,2017005221,6,67,67301,2016,12,6,1715,17,3,1,0,4,1, , ,N,0,0,7,3,0,1,3,2,N,N,39 56:13.120,75 09:37.663,1729, ,1721, ,0, ,N, ,0, , , , , , , , , ,2,2,0,0,0,0,0,0,0,0,0,0,1,1,0,0,0,0,0,1,0,0,0,0,0,0,0,0,0,0,0,0,0,0,0,8,0,39.937,-75.1605, , 
20697,240552,2016120759,6,67,67301,2016,11,5,1735,17,4,1,0,4,1, , ,N,1,3,0,3,0,1,2,2,N,N,39 57:24.976,75 11:38.428,1737, ,1737,2,1,1,N, ,3,N, , , , , , , , ,2,0,0,0,0,0,2,0,0,0,0,1,1,0,0,0,0,0,0,0,2,0,0,0,0,0,0,0,0,0,0,0,0,0,0,4,0,39.9569,-75.194, , 
20698,240566,2016126373,6,67,67301,2016,12,5,1845,18,3,1,0,8,1, , ,N,1,0,0,3,0,1,2,2,N,N,39 59:04.959,75 09:41.497,2107, ,2106, ,0, ,N, ,0, , , , , , , , , ,1,1,0,0,0,0,0,0,0,0,0,0,1,1,1,0,0,0,0,0,0,0,0,0,0,0,0,0,0,0,0,0,1,0,0,8,0,39.9847,-75.1615, , 
20699,240570,2016135731,6,67,67301,2016,12,5,2315,23,3,1,0,5,6, , ,N,0,0,0,3,0,0,1,4,N,N,39 55:52.918,75 10:47.893,2357, ,2355,2,2,2,N, ,0,Y, , , , , , , , ,4,3,0,0,0,0,1,0,0,0,0,0,0,0,0,0,0,0,0,0,0,0,0,1,0,0,0,0,0,0,0,0,0,0,0,0,0,39.9314,-75.18, , 
20700,240580,2016129213,6,67,67301,2016,11,1,826,8,1,1,0,4,1, , ,N,1,2,0,3,0,1,2,2,N,N,40 02:13.966,75 03:10.861,828, ,828, ,0, ,N, ,3, , , , , , , , , ,2,1,0,0,0,0,1,0,0,0,0,1,1,0,0,0,0,0,0,0,0,1,0,1,0,0,0,0,0,0,0,0,0,0,0,4,0,40.0372,-75.053, , 
20701,240587,2016097614,6,67,67301,2016,8,2,900,9,1,1,0,4,1, , ,N,0,0,0,3,0,0,2,2,N,N,39 57:08.591,75 08:24.418,935, ,927, ,0, ,N, ,0, , , , , , , , , ,2,2,0,0,0,0,0,0,0,0,0,0,0,0,0,0,0,0,0,0,1,0,0,0,0,0,0,0,0,0,0,0,0,0,0,0,0,39.9524,-75.1401, , 
20702,240598,2016120523,6,67,67301,2016,10,4,200,2,3,1,0,5,6, , ,N,0,0,0,3,0,0,1,3,N,N,39 56:42.483,75 14:32.220,9999, ,201,3,2,6,N, ,0,Y, , , , , , , , ,3,2,0,0,0,0,1,0,0,0,0,0,0,0,0,0,0,0,0,0,0,0,0,0,0,0,0,0,0,0,0,0,0,0,0,0,0,39.9451,-75.2423, , 
20703,240612,2016129394,6,67,67301,2016,11,1,920,9,1,1,0,4,1, , ,N,1,3,0,3,0,1,3,2,N,N,39 59:27.189,75 07:19.509,928, ,927, ,0, ,N, ,3, , , , , , , , , ,2,1,0,0,0,0,0,1,0,0,0,1,1,0,0,0,0,0,0,0,0,0,0,0,0,0,0,0,0,0,0,0,0,0,0,4,0,39.9909,-75.1221, , 
20704,240641,2016106296,6,67,67301,2016,9,5,1925,19,3,1,0,1,1, , ,N,0,0,0,3,0,0,2,2,N,N,39 54:17.130,75 11:45.103,1935, ,1928, ,0, ,N, ,0, , , , , , , , , ,2,2,0,0,0,0,0,0,0,0,0,0,0,0,0,0,0,0,0,0,0,0,0,0,0,0,0,0,0,0,0,0,0,0,0,0,0,39.9048,-75.1958, , 