objectid_1,objectid,crn,district,county,municipality,crash_year,crash_month,day_of_week,time_of_day,hour_of_day,illumination,weather,road_condition,collision_type,relation_to_road,work_zone_type,work_zone_loc,work_zone_ind,intersect_type,tcd_type,location_type,urban_rural,fatal_count,injury_count,person_count,total_units,sch_bus_ind,sch_zone_ind,latitude,longitude,arrival_tm,cons_zone_spd_lim,dispatch_tm,est_hrs_closed,lane_closed,ln_close_dir,ntfy_hiwy_maint,spec_juris_cd,tcd_func_cd,tfc_detour_ind,workers_pres,wz_close_detour,wz_flagger,wz_law_offcr_ind,wz_ln_closure,wz_moving,wz_other,wz_shlder_mdn,vehicle_count,automobile_count,motorcycle_count,bus_count,small_truck_count,heavy_truck_count,suv_count,van_count,bicycle_count,maj_inj_count,mod_inj_count,min_inj_count,tot_inj_count,unk_inj_deg_count,unk_inj_per_count,driver_count_16yr,driver_count_17yr,driver_count_18yr,driver_count_19yr,driver_count_20yr,driver_count_50_64yr,driver_count_65_74yr,driver_count_75plus,unbelted_occ_count,unb_death_count,unb_maj_inj_count,belted_death_count,belted_maj_inj_count,mcycle_death_count,mcycle_maj_inj_count,bicycle_death_count,bicycle_maj_inj_count,ped_count,ped_death_count,ped_maj_inj_count,max_severity_level,comm_veh_count,dec_lat,dec_long,rdwy_surf_type_cd,county_name
20705,240652,2016129280,6,67,67301,2016,11,7,359,3,3,1,0,5,6, , ,N,0,0,0,3,0,1,1,4,N,N,39 55:59.804,75 10:04.096,405, ,400, ,0, ,N, ,0, , , , , , , , , ,4,3,0,0,0,0,1,0,0,0,1,0,1,0,0,0,0,0,0,0,1,0,0,0,0,0,0,0,0,0,0,0,0,0,0,3,0,39.9333,-75.1678, , 
20706,240692,2016132822,6,67,67301,2016,12,5,1900,19,3,1,0,5,1,1,4,Y,0,0,0,3,0,0,2,2,N,N,40 01:37.674,75 01:30.781,1914,45,1903, ,0, , , ,0, ,Y,N,N,N,N,N,N,Y,2,2,0,0,0,0,0,0,0,0,0,0,0,0,0,0,0,0,0,1,0,0,0,0,0,0,0,0,0,0,0,0,0,0,0,0,0,40.0271,-75.0252, , 
20707,240713,2016111223,6,67,67301,2016,10,1,2345,23,2,1,0,1,1, , ,N,0,0,0,3,0,0,3,3,N,N,39 58:57.386,75 12:27.938,6, ,2359,2,2,4, , ,0,N, , , , , , , , ,3,3,0,0,0,0,0,0,0,0,0,0,0,0,0,0,0,1,0,0,0,0,0,0,0,0,0,0,0,0,0,0,0,0,0,0,0,39.9826,-75.2078, , 
20708,240733,2016138278,6,67,67301,2016,11,3,1245,12,1,2,1,5,1, , ,N,0,0,0,3,0,1,2,2,N,N,39 59:42.419,75 08:22.477,1305, ,1251, ,0, ,N, ,0, , , , , , , , , ,2,1,0,1,0,0,0,0,0,0,0,0,1,1,0,0,0,0,0,0,0,0,0,1,0,0,0,0,0,0,0,0,0,0,0,8,1,39.9951,-75.1396, , 
20709,240742,2016138146,6,67,67301,2016,12,7,859,8,1,1,0,1,1, , ,N,1,2,0,3,0,1,2,2,N,N,39 56:43.472,75 10:47.006,9999, ,9999, ,0, ,N, ,3, , , , , , , , , ,2,1,0,0,0,0,1,0,0,0,0,1,1,0,1,0,0,0,0,0,0,0,0,0,0,0,0,0,0,0,0,0,0,0,0,4,0,39.9454,-75.1797, , 
20710,240748,2017017497,6,67,67301,2016,5,1,1810,18,1,1,0,1,1, , ,N,0,2,0,3,0,1,2,2,N,N,40 06:44.900,74 59:27.065,0, ,0, ,0, ,N, ,3, , , , , , , , , ,2,0,0,0,0,0,2,0,0,0,0,0,1,1,0,0,0,0,0,0,0,0,0,0,0,0,0,0,0,0,0,0,0,0,0,8,0,40.1125,-74.9909, , 
20711,240756,2016130006,6,67,67301,2016,11,6,507,5,3,1,0,4,1, , ,N,1,2,0,3,0,1,2,5,N, ,39 59:49.084,75 07:02.675,507, ,507,3,2,7, , ,3,Y, , , , , , , , ,5,3,0,0,1,0,1,0,0,0,0,1,1,0,0,0,0,0,0,0,0,0,0,2,0,0,0,0,0,0,0,0,0,0,0,4,0,39.997,-75.1174, , 
20712,240758,2016120498,6,67,67301,2016,10,2,1555,15,1,1,0,4,1, , ,N,1,2,0,3,0,1,2,2,N,N,40 04:48.600,75 04:06.600,1604, ,1539, ,0, ,N, ,3, , , , , , , , , ,2,1,0,0,1,0,0,0,0,0,0,1,1,0,0,0,0,0,0,1,0,0,0,1,0,0,0,0,0,0,0,0,0,0,0,4,0,40.0913,-75.0548, , 
20713,240759,2016115752,6,67,67301,2016,11,1,1104,11,1,1,0,5,1, , ,N,0,0,3,3,0,1,6,2,N,N,39 54:20.457,75 07:51.869,1104, ,1104,1,1,3,N, ,0,N, , , , , , , , ,2,0,0,0,1,0,0,1,0,0,1,0,1,0,0,0,0,0,0,0,0,0,0,0,0,0,0,0,0,0,0,0,0,0,0,3,0,39.9057,-75.1311, , 
20714,240766,2016126075,6,67,67301,2016,11,1,2300,23,3,1,0,7,4, , ,N,0,0,0,3,0,1,1,1,N,N,40 01:36.380,75 05:52.683,2318, ,2308, ,0, ,N, ,0, , , , , , , , , ,1,1,0,0,0,0,0,0,0,0,0,1,1,0,0,0,0,0,0,0,0,0,0,0,0,0,0,0,0,0,0,0,0,0,0,4,0,40.0268,-75.098, , 
20715,243483,2016097048,6,67,67301,2016,8,7,1715,17,1,1,0,6,1, , ,N,0,0,0,3,0,1,2,2,N,N,40 01:10.300,75 04:30.101,1715, ,1713, ,0, , , ,0, , , , , , , , , ,2,0,1,0,0,0,1,0,0,0,1,0,1,0,0,0,0,0,0,0,1,0,0,1,0,0,0,0,0,0,0,0,0,0,0,3,0,40.0195,-75.075, , 
20716,243489,2016105520,6,67,67301,2016,9,4,824,8,1,1,0,4,1, , ,N,2,0,0,3,0,4,15,2,Y, ,39 59:04.426,75 05:57.454,829, ,826, ,0, ,N, ,0, , , , , , , , , ,2,1,0,1,0,0,0,0,0,0,0,4,4,0,0,0,0,0,0,0,0,0,0,0,0,0,0,0,0,0,0,0,0,0,0,4,1,39.9846,-75.0993, , 
20717,243498,2016129479,6,67,67301,2016,11,7,1415,14,1,1,0,3,1, , ,N,0,0,7,3,0,1,2,2,N,N,39 56:11.987,75 09:58.889,1427, ,1425, ,0, ,N, ,0, , , , , , , , , ,2,1,0,0,0,0,1,0,0,0,0,1,1,0,0,0,0,0,0,0,1,0,0,0,0,0,0,0,0,0,0,0,0,0,0,4,0,39.9367,-75.1664, , 
20718,243515,2016126041,6,67,67301,2016,11,7,30,0,3,1,0,5,6, , ,N,0,0,0,3,0,0,2,2,N, ,39 57:08.419,75 11:17.556,120, ,116, ,0, , , ,0, , , , , , , , , ,2,2,0,0,0,0,0,0,0,0,0,0,0,0,0,0,0,0,0,0,0,0,0,0,0,0,0,0,0,0,0,0,0,0,0,0,0,39.9523,-75.1882, , 
20719,243519,2016135721,6,67,67301,2016,11,7,245,2,3,1,0,1,6, , ,N,0,0,0,3,0,0,1,4,N,N,39 57:10.225,75 13:34.896,255, ,253, ,0, , , ,0, , , , , , , , , ,4,2,0,0,0,0,2,0,0,0,0,0,0,0,0,0,0,0,0,0,0,0,0,0,0,0,0,0,0,0,0,0,0,0,0,0,0,39.9528,-75.2264, , 
20720,243530,2016132233,6,67,67301,2016,11,3,443,4,3,1,0,7,4, , ,N,0,0,0,3,0,1,1,1,N,N,40 05:29.814,75 04:01.311,452, ,444, ,0, ,N, ,0, , , , , , , , , ,1,0,0,0,1,0,0,0,0,0,1,0,1,0,0,0,0,0,0,0,0,0,0,1,0,0,0,0,0,0,0,0,0,0,0,3,0,40.0916,-75.067, , 
20721,243569,2016129240,6,67,67301,2016,11,6,859,8,1,1,0,5,6, , ,N,0,0,0,3,0,1,2,2,N,N,40 00:41.475,75 05:27.114,911, ,900, ,0, ,N, ,0, , , , , , , , , ,2,2,0,0,0,0,0,0,0,0,0,1,1,0,0,0,0,0,0,0,0,0,0,1,0,0,0,0,0,0,0,0,0,0,0,4,0,40.0115,-75.0909, , 
20722,243575,2016134692,6,67,67301,2016,12,7,954,9,1,2,4,7,4, , ,N,7,0,2,3,0,0,1,1,N,N,39 53:09.576,75 12:40.033,1005, ,955,2,2,2, , ,0,Y, , , , , , , , ,1,1,0,0,0,0,0,0,0,0,0,0,0,0,0,0,0,0,0,0,0,0,0,0,0,0,0,0,0,0,0,0,0,0,0,0,0,39.886,-75.2111, , 
20723,243585,2017003588,6,67,67301,2016,12,2,1906,19,3,1,0,4,1, , ,N,1,2,0,3,0,3,4,2,N, ,40 01:54.735,75 07:53.327,1907, ,1906,3,2,5, , ,3,Y, , , , , , , , ,2,0,0,0,1,0,1,0,0,0,0,3,3,0,0,0,0,0,0,0,0,0,0,0,0,0,0,0,0,0,0,0,0,0,0,4,0,40.0319,-75.1315, , 
20724,243587,2017003682,6,67,67301,2016,12,5,916,9,1,1,0,4,1, , ,N,1,3,0,3,0,0,2,2,N, ,40 00:29.401,75 09:20.113,932, ,916, ,0, , , ,3, , , , , , , , , ,2,2,0,0,0,0,0,0,0,0,0,0,0,0,0,0,0,0,0,0,0,0,0,0,0,0,0,0,0,0,0,0,0,0,0,0,0,40.0082,-75.1556, , 
20725,243596,2016126031,6,67,67301,2016,11,7,1630,16,3,1,0,4,1, , ,N,0,0,0,3,0,0,2,2,N, ,40 03:46.166,75 14:01.108,1705, ,1700, ,0, , , ,0, , , , , , , , , ,2,1,0,0,0,0,1,0,0,0,0,0,0,0,0,0,0,0,0,0,0,0,0,0,0,0,0,0,0,0,0,0,0,0,0,0,0,40.0628,-75.2336, , 
20726,243629,2017003718,6,67,67301,2016,12,7,825,8,1,2,6,5,1, , ,N,0,0,0,3,0,1,3,2,N,N,40 01:29.488,75 12:29.896,842, ,842, ,0, ,N, ,0, , , , , , , , , ,2,2,0,0,0,0,0,0,0,0,0,1,1,0,0,0,0,0,0,0,0,0,0,0,0,0,0,0,0,0,0,0,0,0,0,4,0,40.0249,-75.2083, , 
20727,243630,2016132137,6,67,67301,2016,9,7,2000,20,3,9,0,5,1, , ,N,0,0,0,3,0,1,2,2,N,N,39 59:17.921,75 13:57.897,9999, ,2000, ,0, ,N, ,0, , , , , , , , , ,1,0,0,0,0,0,0,0,1,0,0,0,1,1,0,0,0,0,0,0,0,0,0,0,0,0,0,0,0,0,0,0,0,0,0,8,0,39.9883,-75.2327, , 
20728,243654,2016126156,6,67,67301,2016,11,5,1640,16,1,1,0,8,1, , ,N,1,3,0,3,0,1,2,2,N,N,39 58:53.587,75 07:15.484,1720, ,1715, ,0, ,N, ,3, , , , , , , , , ,1,1,0,0,0,0,0,0,0,0,0,1,1,0,0,0,0,0,0,0,0,0,0,1,0,0,0,0,0,0,0,0,1,0,0,4,0,39.9816,-75.121, , 
20729,243662,2016135810,6,67,67301,2016,12,3,1300,13,1,2,1,1,1, , ,N,0,2,7,3,0,1,6,5,N,N,40 05:19.875,74 58:09.971,1300, ,1300, ,0, ,N, ,3, , , , , , , , , ,5,2,0,0,0,0,3,0,0,0,0,1,1,0,0,0,0,0,0,1,0,2,2,1,0,0,0,0,0,0,0,0,0,0,0,4,0,40.0889,-74.9696, , 
20730,243685,2016138220,6,67,67301,2016,12,2,20,0,3,1,0,8,1, , ,N,1,2,0,3,0,1,2,2,N,N,39 59:29.209,75 08:05.493,45, ,35, ,0, ,N, ,3, , , , , , , , , ,1,0,0,0,0,0,1,0,0,0,1,0,1,0,0,0,0,0,0,0,0,0,0,1,0,0,0,0,0,0,0,0,1,0,0,3,0,39.9913,-75.1349, , 
20731,243717,2016120516,6,67,67301,2016,10,7,1250,12,1,1,0,8,1, , ,N,1,2,0,3,0,1,3,2,N, ,40 02:01.460,75 02:48.262,1253, ,1253, ,0, , , ,3, , , , , , , , , ,1,0,0,0,0,0,1,0,0,0,0,1,1,0,0,0,0,0,0,0,0,0,0,2,0,0,0,0,0,0,0,0,1,0,0,4,0,40.0336,-75.0468, , 
20732,243749,2016108013,6,67,67301,2016,10,7,1201,12,1,1,0,5,1, , ,N,6,3,8,3,0,1,6,2,N,N,39 57:18.269,75 08:52.456,1201, ,1201,1,2,3,N, ,3,N, , , , , , , , ,2,1,0,0,0,0,1,0,0,0,0,1,1,0,0,0,0,0,0,0,1,1,0,0,0,0,0,0,0,0,0,0,0,0,0,4,0,39.9551,-75.1479, , 
20733,243762,2016129422,6,67,67301,2016,11,3,1000,10,1,1,0,1,1, , ,N,0,0,0,3,0,1,4,2,N, ,39 57:33.954,75 10:27.402,1120, ,1108, ,0, , , ,0, , , , , , , , , ,2,2,0,0,0,0,0,0,0,0,0,1,1,0,1,0,0,0,0,0,0,0,0,1,0,0,0,0,0,0,0,0,0,0,0,4,0,39.9594,-75.1743, , 
20734,249659,2016120551,6,67,67301,2016,10,1,2355,23,3,1,8,8,1, , ,N,1,0,0,3,0,1,2,2,N, ,39 57:52.869,75 09:45.554,9999, ,9999, ,0, , , ,0, , , , , , , , , ,1,1,0,0,0,0,0,0,0,0,0,1,1,0,1,0,0,0,0,0,0,0,0,0,0,0,0,0,0,0,0,0,1,0,0,4,0,39.9647,-75.1627, , 
20735,249681,2016129502,6,67,67301,2016,11,7,2230,22,3,2,1,4,1, , ,N,1,2,0,3,0,0,3,3,N,N,39 58:34.248,75 08:17.221,2345, ,2341, ,0, ,N, ,3, , , , , , , , , ,3,3,0,0,0,0,0,0,0,0,0,0,0,0,1,0,0,0,0,0,0,0,0,0,0,0,0,0,0,0,0,0,0,0,0,9,0,39.9762,-75.1381, , 
20736,249688,2017003587,6,67,67301,2016,12,7,2257,22,3,1,0,5,1, , ,N,0,0,0,3,0,1,2,2,N,N,40 05:06.014,75 01:29.175,2311, ,2257,1,1,2,N, ,0,N, , , , , , , , ,2,2,0,0,0,0,0,0,0,0,0,0,1,1,0,0,0,0,0,1,0,0,0,0,0,0,0,0,0,0,0,0,0,0,0,8,0,40.085,-75.0248, , 
20737,249707,2016129268,6,67,67301,2016,11,7,1441,14,1,1,0,2,1, , ,N,0,0,0,3,0,2,2,2,N,N,40 00:09.305,75 07:25.009,1503, ,1502,9,1,3,N, ,0,N, , , , , , , , ,2,1,0,0,0,0,0,1,0,0,0,0,2,2,0,0,0,0,0,0,1,0,0,0,0,0,0,0,0,0,0,0,0,0,0,8,0,40.0026,-75.1236, , 
20738,249721,2017019522,6,67,67301,2016,6,4,640,6,5,1,0,4,1, , ,N,2,2,0,3,0,0,2,2,N,N,40 04:57.003,75 02:25.844,0, ,0, ,0, ,N, ,3, , , , , , , , , ,2,2,0,0,0,0,0,0,0,0,0,0,0,0,0,0,0,0,0,0,0,0,0,0,0,0,0,0,0,0,0,0,0,0,0,0,0,40.0825,-75.0405, , 
20739,249730,2016080328,6,67,67301,2016,7,1,225,2,3,1,0,4,1, , ,N,2,2,2,3,0,1,2,2,N,N,39 58:29.424,75 11:53.775,255, ,245, ,0, ,N, ,3, , , , , , , , , ,2,1,1,0,0,0,0,0,0,0,1,0,1,0,0,0,0,0,0,0,0,0,0,1,0,0,0,0,0,0,0,0,0,0,0,3,0,39.9747,-75.1983, , 
20740,249731,2016082378,6,67,67301,2016,7,2,2130,21,3,2,1,4,1, , ,N,1,1,0,3,0,1,6,2,N,N,40 02:20.475,75 03:22.611,2136, ,2136, ,0, ,N, ,1, , , , , , , , , ,2,1,0,0,0,0,1,0,0,0,0,0,1,1,0,0,0,0,0,0,0,0,0,0,0,0,0,0,0,0,0,0,0,0,0,8,0,40.039,-75.0563, , 
20741,249747,2016112250,6,67,67301,2016,10,1,213,2,3,2,1,4,1, , ,N,1,3,0,3,0,0,2,2,N,N,39 58:53.972,75 07:27.983,9999, ,214, ,0, , , ,3, , , , , , , , , ,2,1,0,0,0,0,1,0,0,0,0,0,0,0,2,0,0,0,0,1,0,0,0,0,0,0,0,0,0,0,0,0,0,0,0,9,0,39.9817,-75.1244, , 
20742,249750,2016117724,6,67,67301,2016,10,6,930,9,1,1,0,4,1, , ,N,1,2,0,3,0,1,4,2,N,N,39 57:18.907,75 14:24.568,950, ,947, ,0, , , ,3, , , , , , , , , ,2,0,0,0,0,0,1,1,0,0,0,1,1,0,0,0,0,0,0,0,0,0,0,0,0,0,0,0,0,0,0,0,0,0,0,4,0,39.9553,-75.2402, , 
20743,249751,2016126317,6,67,67301,2016,11,4,1552,15,1,2,1,1,1, , ,N,0,0,0,3,0,1,2,2,N,N,39 56:59.084,75 11:02.689,1600, ,1555, ,0, , , ,0, , , , , , , , , ,2,2,0,0,0,0,0,0,0,0,1,0,1,0,0,0,0,0,0,0,1,0,0,0,0,0,0,0,0,0,0,0,0,0,0,3,0,39.9497,-75.1841, , 
20744,249758,2016126143,6,67,67301,2016,11,7,2219,22,3,1,0,4,1, , ,N,1,2,0,3,0,2,3,2,N,N,40 01:31.355,75 04:23.942,200, ,151, ,0, ,N, ,3, , , , , , , , , ,2,1,0,0,1,0,0,0,0,0,0,0,2,2,0,0,0,1,0,0,0,0,0,0,0,0,0,0,0,0,0,0,0,0,0,8,0,40.0254,-75.0733, , 
20745,249759,2016126037,6,67,67301,2016,11,2,800,8,1,1,0,4,1, , ,N,1,2,0,3,0,0,2,4,N, ,40 02:17.896,75 04:31.313,810, ,805, ,0, , , ,3, , , , , , , , , ,4,2,0,0,0,0,2,0,0,0,0,0,0,0,0,0,0,0,0,0,2,0,0,0,0,0,0,0,0,0,0,0,0,0,0,0,0,40.0383,-75.0754, , 
20746,249761,2016127830,6,67,67301,2016,11,7,1923,19,3,1,0,1,1, , ,N,1,2,0,3,0,1,3,4,N,N,40 04:28.071,75 02:05.821,1930, ,1927, ,0, , , ,3, , , , , , , , , ,3,2,0,0,0,0,1,0,0,0,0,1,1,0,0,0,0,0,0,0,1,0,0,2,0,0,0,0,0,0,0,0,0,0,0,4,0,40.0745,-75.035, , 
20747,249773,2017023516,6,67,67301,2016,12,5,9999,99,1,2,1,4,1, , ,N,1,3,0,3,0,1,2,2,N,N,39 59:35.052,75 09:37.198,0, ,0, ,0, ,N, ,3, , , , , , , , , ,2,1,0,0,0,0,0,1,0,0,0,0,1,1,0,0,0,0,0,0,1,0,0,2,0,0,0,0,0,0,0,0,0,0,0,8,0,39.9931,-75.1603, , 
20748,249783,2016132165,6,67,67301,2016,11,5,2010,20,3,1,0,4,1, , ,N,1,2,0,3,0,2,4,2,N,N,39 57:01.433,75 09:36.847,2023, ,2016,2,1,3,N, ,3,N, , , , , , , , ,2,2,0,0,0,0,0,0,0,0,0,1,2,1,0,0,0,0,0,0,0,0,0,0,0,0,0,0,0,0,0,0,0,0,0,4,0,39.9504,-75.1601, , 
20749,249829,2016135688,6,67,67301,2016,12,5,9999,99,1,1,1,4,1, , ,N,2,2,0,3,0,1,2,2,N, ,40 02:12.019,75 10:25.841,901, ,859, ,0, , , ,3, , , , , , , , , ,1,0,0,0,0,0,1,0,1,0,0,0,1,1,0,0,0,0,1,0,0,0,0,0,0,0,0,0,0,0,0,0,0,0,0,8,0,40.0367,-75.1738, , 
20750,249836,2017001124,6,67,67301,2016,12,7,734,7,1,6,1,7,2, , ,N,0,0,0,3,0,0,1,1,N,N,39 57:36.222,75 10:48.741,754, ,734,2,2,3, , ,0,N, , , , , , , , ,1,1,0,0,0,0,0,0,0,0,0,0,0,0,0,0,0,0,0,0,0,0,0,0,0,0,0,0,0,0,0,0,0,0,0,0,0,39.9601,-75.1802, , 
20751,249847,2016126114,6,67,67301,2016,11,3,1342,13,1,1,0,1,1, , ,N,1,2,0,3,0,1,3,2,N,N,40 02:35.649,75 03:08.136,1348, ,1343, ,0, ,N, ,3, , , , , , , , , ,2,1,0,0,0,0,1,0,0,0,0,1,1,0,0,0,0,0,1,0,0,0,0,0,0,0,0,0,0,0,0,0,0,0,0,4,0,40.0432,-75.0523, , 
20752,246830,2016105553,6,67,67301,2016,10,1,2229,22,3,1,0,7,5, , ,N,2,2,0,3,0,1,1,1,N,N,39 59:11.558,75 12:18.363,25, ,2229, ,0, ,N, ,3, , , , , , , , , ,1,1,0,0,0,0,0,0,0,0,0,0,1,1,0,0,0,0,0,0,0,0,0,0,0,0,0,0,0,0,0,0,0,0,0,8,0,39.9865,-75.2051, , 
20753,246834,2016105717,6,67,67301,2016,9,5,1400,14,1,1,0,1,1, , ,N,1,2,0,3,0,2,9,2,N, ,39 54:14.619,75 14:25.049,1407, ,1404,9,1,2, , ,3,N, , , , , , , , ,2,0,0,0,1,0,0,1,0,0,0,2,2,0,0,0,0,0,0,0,0,1,0,8,0,0,0,0,0,0,0,0,0,0,0,4,0,39.904,-75.2401, , 
20754,246842,2016117696,6,67,67301,2016,10,6,1635,16,1,1,0,4,1, , ,N,2,0,0,3,0,1,2,2,N,N,39 59:45.390,75 11:15.366,1120, ,1120, ,0, ,N, ,0, , , , , , , , , ,2,1,0,0,0,0,1,0,0,0,0,1,1,0,0,0,0,0,0,0,0,0,0,0,0,0,0,0,0,0,0,0,0,0,0,4,0,39.9959,-75.1875, , 
20755,246847,2016138259,6,67,67301,2016,11,5,9999,99,3,1,0,1,1, , ,N,2,2,0,3,0,1,4,2,N,N,40 00:00.644,75 13:43.565,2350, ,2346,2,1,1,N, ,3,N, , , , , , , , ,2,2,0,0,0,0,0,0,0,0,0,0,1,1,0,0,0,0,0,0,0,1,0,0,0,0,0,0,0,0,0,0,0,0,0,8,0,40.0001,-75.2287, , 
20756,246850,2016129497,6,67,67301,2016,11,6,1400,14,1,1,0,8,1, , ,N,1,2,0,3,0,1,2,2,N, ,39 57:02.130,75 08:56.030,1410, ,1405, ,0, , , ,3, , , , , , , , , ,1,0,0,0,0,0,0,1,0,0,0,1,1,0,0,0,0,0,0,0,1,0,0,0,0,0,0,0,0,0,0,0,1,0,0,4,0,39.9505,-75.1489, , 
20757,246860,2016116784,6,67,67301,2016,11,6,913,9,1,1,0,1,1, , ,N,0,0,0,3,0,1,3,3,N,N,40 00:24.858,75 11:57.939,924, ,918,2,1,4, , ,0,N, , , , , , , , ,3,1,0,0,0,0,2,0,0,0,1,0,1,0,0,0,0,0,0,0,0,0,1,0,0,0,0,0,0,0,0,0,0,0,0,3,0,40.0069,-75.1994, , 
20758,246873,2016107256,6,67,67301,2016,10,6,2012,20,2,1,0,1,1, , ,N,0,0,0,3,0,2,4,2,N,N,40 03:20.486,74 59:03.975,2046, ,2025,2,2,2, , ,0,N, , , , , , , , ,2,1,0,0,0,0,1,0,0,0,2,0,2,0,0,0,0,0,0,1,0,0,0,0,0,0,0,0,0,0,0,0,0,0,0,3,0,40.0557,-74.9844, , 
20759,246882,2016135723,6,67,67301,2016,12,7,2142,21,3,1,0,4,1, , ,N,1,2,0,3,0,2,3,3,N, ,39 59:17.962,75 08:07.915,2150, ,2144,1,2,3, , ,3,Y, , , , , , , , ,3,1,0,0,0,0,1,1,0,0,0,2,2,0,1,0,0,0,0,0,0,0,0,2,0,0,0,0,0,0,0,0,0,0,0,4,0,39.9883,-75.1355, , 
20760,246900,2016124434,6,67,67301,2016,11,4,1450,14,1,1,0,4,1, , ,N,1,2,0,3,0,1,2,2,N,N,40 03:08.339,75 00:28.750,1505, ,1500,1,1,1,N, ,3,N, , , , , , , , ,2,2,0,0,0,0,0,0,0,0,0,0,1,1,0,0,0,0,0,0,1,0,0,2,0,0,0,0,0,0,0,0,0,0,0,8,0,40.0523,-75.008, , 
20761,246904,2016135708,6,67,67301,2016,12,6,2115,21,3,1,0,5,6, , ,N,0,0,0,3,0,0,1,3,N,N,40 01:37.534,75 06:41.810,2117, ,2124, ,0, ,N, ,0, , , , , , , , , ,3,3,0,0,0,0,0,0,0,0,0,0,0,0,0,0,0,0,0,0,0,0,0,0,0,0,0,0,0,0,0,0,0,0,0,0,0,40.0271,-75.1116, , 
20762,246910,2017007870,6,67,67301,2016,12,2,2245,22,3,1,0,8,1, , ,N,0,0,0,3,0,1,2,2,N,N,40 01:40.575,75 02:19.267,2301, ,2255, ,0, ,N, ,0, , , , , , , , , ,1,0,0,1,0,0,0,0,0,0,0,1,1,0,0,0,0,0,0,0,0,0,0,0,0,0,0,0,0,0,0,0,1,0,0,4,1,40.0279,-75.0387, , 
20763,246931,2017005193,6,67,67301,2016,12,1,600,6,1,7,1,7,4, , ,N,0,0,0,3,0,1,2,1,N,N,40 02:24.398,75 08:22.279,825, ,819, ,0, ,N, ,0, , , , , , , , , ,1,1,0,0,0,0,0,0,0,0,0,0,1,1,0,0,0,0,0,0,0,0,0,0,0,0,0,0,0,0,0,0,0,0,0,8,0,40.0401,-75.1395, , 
20764,246979,2016138291,6,67,67301,2016,12,5,1314,13,1,1,0,4,1, , ,N,2,3,0,3,0,0,2,2,N, ,40 03:23.650,75 01:32.886,1327, ,1323, ,0, , , ,3, , , , , , , , , ,2,0,0,0,0,0,2,0,0,0,0,0,0,0,0,0,0,0,0,0,0,0,0,0,0,0,0,0,0,0,0,0,0,0,0,0,0,40.0564,-75.0258, , 
20765,246987,2017000632,6,67,67301,2016,12,2,1525,15,1,1,0,8,1, , ,N,0,0,0,3,0,1,2,2,N,N,39 57:56.254,75 09:52.597,1545, ,1538, ,0, ,N, ,0, , , , , , , , , ,1,1,0,0,0,0,0,0,0,0,0,1,1,0,0,0,0,0,0,0,0,0,0,0,0,0,0,0,0,0,0,0,1,0,0,4,0,39.9656,-75.1646, , 
20766,246988,2017004711,6,67,67301,2016,12,1,9999,99,3,1,0,5,1, , ,N,0,0,0,3,0,0,1,4,N,N,40 02:41.383,75 08:41.020,140, ,139, ,0, ,N, ,0, , , , , , , , , ,4,2,0,0,0,0,2,0,0,0,0,0,0,0,0,0,0,0,0,0,1,0,0,0,0,0,0,0,0,0,0,0,0,0,0,0,0,40.0448,-75.1447, , 
20767,246992,2016122188,6,67,67301,2016,11,6,1515,15,1,1,0,1,1,1,4,Y,0,0,0,3,0,0,4,2,N,N,40 01:34.225,75 01:37.191,1519,45,1515, ,0, , , ,0, ,N,N,N,N,N,N,Y,N,2,1,0,0,0,0,1,0,0,0,0,0,0,0,0,0,0,0,0,0,0,0,0,0,0,0,0,0,0,0,0,0,0,0,0,0,0,40.0262,-75.027, , 
20768,246999,2016126102,6,67,67301,2016,11,5,2216,22,3,1,0,5,1, , ,N,1,2,0,3,0,0,2,2,N,N,39 57:45.324,75 12:20.148,2218, ,2218, ,0, ,N, ,3, , , , , , , , , ,2,1,0,0,0,0,0,1,0,0,0,0,0,0,1,0,0,0,0,0,0,0,0,0,0,0,0,0,0,0,0,0,0,0,0,9,0,39.9626,-75.2054, , 
20769,247013,2017018000,6,67,67301,2016,5,5,100,1,3,1,0,7,3, , ,N,0,0,0,3,0,1,1,2,N,N,40 01:00.217,75 08:58.220,0, ,0, ,0, ,N, ,0, , , , , , , , , ,1,0,0,0,0,0,1,0,0,0,0,0,1,1,0,0,0,0,0,0,1,0,0,0,0,0,0,0,0,0,0,0,0,0,0,8,0,40.0167,-75.1495, , 
20770,247018,2016117184,6,67,67301,2016,10,2,1422,14,1,1,0,4,1, , ,N,1,2,0,3,0,1,7,5,N,N,40 01:32.331,75 07:20.187,1450, ,1430,2,2,3,N, ,3,N, , , , , , , , ,5,4,0,0,0,0,1,0,0,0,0,1,1,0,0,0,0,0,1,0,2,0,0,0,0,0,0,0,0,0,0,0,0,0,0,4,0,40.0256,-75.1223, , 
20771,240779,2016105014,6,67,67301,2016,8,5,1525,15,1,1,0,4,1, , ,N,1,2,0,3,0,2,4,2,N,N,40 04:51.077,75 01:43.585,1538, ,1531,2,1,1,N, ,3,N, , , , , , , , ,2,2,0,0,0,0,0,0,0,0,1,1,2,0,0,0,0,0,0,0,0,1,1,0,0,0,0,0,0,0,0,0,0,0,0,3,0,40.0809,-75.0288, , 
20772,240786,2016108549,6,67,67301,2016,10,1,2255,22,3,1,0,5,6, , ,N,0,0,0,3,0,0,1,5,N,N,40 02:30.533,75 02:03.393,2320, ,2302, ,0, ,N, ,0, , , , , , , , , ,5,3,0,0,0,0,1,1,0,0,0,0,0,0,0,0,0,0,0,0,0,0,0,0,0,0,0,0,0,0,0,0,0,0,0,0,0,40.0418,-75.0343, , 