objectid_1,objectid,crn,district,county,municipality,crash_year,crash_month,day_of_week,time_of_day,hour_of_day,illumination,weather,road_condition,collision_type,relation_to_road,work_zone_type,work_zone_loc,work_zone_ind,intersect_type,tcd_type,location_type,urban_rural,fatal_count,injury_count,person_count,total_units,sch_bus_ind,sch_zone_ind,latitude,longitude,arrival_tm,cons_zone_spd_lim,dispatch_tm,est_hrs_closed,lane_closed,ln_close_dir,ntfy_hiwy_maint,spec_juris_cd,tcd_func_cd,tfc_detour_ind,workers_pres,wz_close_detour,wz_flagger,wz_law_offcr_ind,wz_ln_closure,wz_moving,wz_other,wz_shlder_mdn,vehicle_count,automobile_count,motorcycle_count,bus_count,small_truck_count,heavy_truck_count,suv_count,van_count,bicycle_count,maj_inj_count,mod_inj_count,min_inj_count,tot_inj_count,unk_inj_deg_count,unk_inj_per_count,driver_count_16yr,driver_count_17yr,driver_count_18yr,driver_count_19yr,driver_count_20yr,driver_count_50_64yr,driver_count_65_74yr,driver_count_75plus,unbelted_occ_count,unb_death_count,unb_maj_inj_count,belted_death_count,belted_maj_inj_count,mcycle_death_count,mcycle_maj_inj_count,bicycle_death_count,bicycle_maj_inj_count,ped_count,ped_death_count,ped_maj_inj_count,max_severity_level,comm_veh_count,dec_lat,dec_long,rdwy_surf_type_cd,county_name
20773,240802,2016129377,6,67,67301,2016,11,5,1836,18,3,1,0,8,1, , ,N,0,0,0,3,0,1,2,2,N,N,40 02:53.021,75 10:59.897,2130, ,1836, ,0, ,N, ,0, , , , , , , , , ,1,1,0,0,0,0,0,0,0,1,0,0,1,0,0,0,0,0,0,0,1,0,0,1,0,0,0,0,0,0,0,0,1,0,1,2,0,40.0481,-75.1833, , 
20774,240808,2016135673,6,67,67301,2016,12,1,1350,13,1,1,0,4,1, , ,N,1,3,0,3,0,1,6,2,N,N,39 58:50.505,75 07:28.210,1610, ,1606, ,0, ,N, ,3, , , , , , , , , ,2,1,0,0,0,0,1,0,0,0,0,0,1,1,0,0,0,0,0,0,0,0,0,0,0,0,0,0,0,0,0,0,0,0,0,8,0,39.9807,-75.1245, , 
20775,240824,2016126082,6,67,67301,2016,11,6,1235,12,1,1,0,4,1, , ,N,1,2,0,3,0,3,4,2,N,N,39 59:05.665,75 10:11.758,9999, ,1530, ,0, ,N, ,3, , , , , , , , , ,2,2,0,0,0,0,0,0,0,0,0,0,3,3,0,0,0,0,0,0,1,0,0,0,0,0,0,0,0,0,0,0,0,0,0,8,0,39.9849,-75.1699, , 
20776,240826,2016120563,6,67,67301,2016,10,1,650,6,5,1,0,7,4, , ,N,0,0,0,3,0,2,2,1,N, ,40 03:17.518,75 00:30.559,711, ,711,9,2,7, , ,0,Y, , , , , , , , ,1,0,0,0,0,0,1,0,0,0,2,0,2,0,0,0,0,0,0,0,0,0,0,0,0,0,0,0,0,0,0,0,0,0,0,3,0,40.0549,-75.0085, , 
20777,240840,2016105681,6,67,67301,2016,9,5,1545,15,1,1,0,5,1, , ,N,0,0,6,3,0,0,2,2,N,N,39 57:45.781,75 10:39.438,1603, ,1550, ,0, ,N, ,0, , , , , , , , , ,2,0,0,0,1,0,1,0,0,0,0,0,0,0,0,0,0,0,0,0,0,0,0,0,0,0,0,0,0,0,0,0,0,0,0,0,0,39.9627,-75.1777, , 
20778,240852,2016126187,6,67,67301,2016,11,1,9999,99,1,1,0,3,1, , ,N,0,0,0,3,0,1,3,2,N, ,40 00:31.046,75 09:34.455,1355, ,1350, ,0, , , ,0, , , , , , , , , ,2,1,0,0,1,0,0,0,0,0,0,0,1,1,0,0,0,0,0,0,1,0,0,0,0,0,0,0,0,0,0,0,0,0,0,8,0,40.0086,-75.1596, , 
20779,240861,2016138231,6,67,67301,2016,12,7,1520,15,1,1,0,1,1, , ,N,3,2,0,3,0,1,3,2,N,N,40 05:13.701,75 02:26.839,1540, ,1532,1,2,4,N, ,3,N, , , , , , , , ,2,2,0,0,0,0,0,0,0,0,0,1,1,0,0,0,0,0,0,0,0,1,0,0,0,0,0,0,0,0,0,0,0,0,0,4,0,40.0871,-75.0408, , 
20780,240870,2017013644,6,67,67301,2016,12,6,1757,17,3,1,0,1,1, , ,N,0,0,0,3,0,0,4,3,N,N,40 00:26.988,75 12:01.218,1811, ,1801,1,2,4, , ,0,N, , , , , , , , ,3,2,0,0,0,0,1,0,0,0,0,0,0,0,0,0,0,0,0,0,2,0,0,0,0,0,0,0,0,0,0,0,0,0,0,0,0,40.0075,-75.2003, , 
20781,240871,2017005211,6,67,67301,2016,12,7,1300,13,1,1,1,4,1, , ,N,1,2,0,3,0,4,7,2,N,N,40 01:20.492,75 07:04.616,1516, ,1512, ,0, ,N, ,3, , , , , , , , , ,2,1,0,0,0,0,1,0,0,0,0,4,4,0,0,0,0,0,0,0,0,0,0,0,0,0,0,0,0,0,0,0,0,0,0,4,0,40.0224,-75.1179, , 
20782,240874,2017021381,6,67,67301,2016,8,5,1500,15,1,1,0,1,1, , ,N,0,0,0,3,0,1,2,2,N,N,40 00:55.209,75 05:06.202,0, ,0, ,0, ,N, ,0, , , , , , , , , ,2,2,0,0,0,0,0,0,0,0,1,0,1,0,0,0,0,0,0,0,1,0,0,1,0,0,0,0,0,0,0,0,0,0,0,3,0,40.0153,-75.0851, , 
20783,240881,2017002602,6,67,67301,2016,12,7,1935,19,3,1,0,1,1, , ,N,0,0,0,3,0,1,2,2,N,N,39 57:25.907,75 09:24.383,2012, ,2009,1,1,4, , ,0,N, , , , , , , , ,2,0,0,0,0,0,2,0,0,0,1,0,1,0,0,0,0,0,0,0,0,0,0,0,0,0,0,0,0,0,0,0,0,0,0,3,0,39.9572,-75.1568, , 
20784,240900,2017005208,6,67,67301,2016,12,1,1850,18,3,1,0,8,1, , ,N,1,2,0,3,0,1,2,2,N,N,39 55:45.425,75 10:06.785,1920, ,1915, ,0, ,N, ,3, , , , , , , , , ,1,0,0,0,0,0,0,0,0,0,0,1,1,0,1,0,0,0,0,0,0,0,0,0,0,0,0,0,0,0,0,0,1,0,0,4,0,39.9293,-75.1686, , 
20785,240908,2016120612,6,67,67301,2016,10,6,1103,11,1,1,0,1,1, , ,N,1,2,0,3,0,0,3,3,N,N,40 01:48.002,75 06:15.006,1129, ,1129,2,1,2,N, ,3,N, , , , , , , , ,3,1,0,0,0,0,1,1,0,0,0,0,0,0,0,0,0,0,0,0,1,0,0,0,0,0,0,0,0,0,0,0,0,0,0,0,0,40.0296,-75.1039, , 
20786,240919,2016135185,6,67,67301,2016,11,4,1423,14,1,1,0,1,1, , ,N,0,0,0,3,0,1,3,3,N,N,39 56:22.837,75 11:46.635,1435, ,1424,2,2,4, , ,0,N, , , , , , , , ,3,3,0,0,0,0,0,0,0,0,1,0,1,0,0,0,0,0,0,0,2,0,0,0,0,0,0,0,0,0,0,0,0,0,0,3,0,39.9397,-75.1963, , 
20787,240923,2016120649,6,67,67301,2016,11,5,1525,15,1,1,0,5,4, , ,N,0,0,0,3,0,0,3,2,N, ,40 03:14.264,75 00:20.970,1537, ,1535,1,2,5, , ,0,Y, , , , , , , , ,2,1,0,0,0,0,1,0,0,0,0,0,0,0,1,0,0,0,0,0,0,0,0,1,0,0,0,0,0,0,0,0,0,0,0,9,0,40.054,-75.0058, , 
20788,240950,2016135826,6,67,67301,2016,12,6,1742,17,3,1,0,4,1, , ,N,1,2,0,3,0,1,2,2,N, ,40 03:17.448,75 10:08.247,1953, ,1953,1,2,6, , ,3,Y, , , , , , , , ,2,1,0,0,0,0,1,0,0,0,0,1,1,0,1,0,0,0,0,0,0,0,0,0,0,0,0,0,0,0,0,0,0,0,0,4,0,40.0548,-75.169, , 
20789,243766,2016129216,6,67,67301,2016,11,7,1354,13,1,1,0,4,1, , ,N,1,3,0,3,0,2,3,2,N,N,40 01:38.118,75 04:58.832,1522, ,1519, ,0, ,N, ,3, , , , , , , , , ,2,1,0,0,0,0,0,1,0,0,0,1,2,1,0,0,0,0,0,0,0,0,0,2,0,0,0,0,0,0,0,0,0,0,0,4,0,40.0273,-75.083, , 
20790,243775,2016135842,6,67,67301,2016,11,4,450,4,3,1,0,7,5, , ,N,0,0,0,3,0,0,1,1,N, ,40 03:51.458,75 09:13.140,504, ,458, ,0, , , ,0, , , , , , , , , ,1,1,0,0,0,0,0,0,0,0,0,0,0,0,0,0,0,0,0,0,0,0,0,0,0,0,0,0,0,0,0,0,0,0,0,0,0,40.0643,-75.1537, , 
20791,243799,2016135661,6,67,67301,2016,12,2,1,0,3,2,1,1,1, , ,N,1,2,0,3,0,4,6,2,N, ,39 58:16.005,75 09:26.149,135, ,118, ,0, , , ,3, , , , , , , , , ,2,1,0,0,0,0,1,0,0,0,0,4,4,0,1,0,0,0,1,0,0,0,0,1,0,0,0,0,0,0,0,0,0,0,0,4,0,39.9711,-75.1573, , 
20792,243833,2016127824,6,67,67301,2016,11,4,2135,21,3,2,1,5,6, , ,N,0,0,0,3,0,0,1,3,N,N,40 03:28.526,75 10:44.587,2137, ,2136, ,0, ,N, ,0, , , , , , , , , ,3,3,0,0,0,0,0,0,0,0,0,0,0,0,1,0,0,0,0,0,1,0,0,0,0,0,0,0,0,0,0,0,0,0,0,9,0,40.0579,-75.1791, , 
20793,243836,2016129397,6,67,67301,2016,11,1,2129,21,3,1,0,5,1, , ,N,0,0,0,3,0,2,3,3,N,N,40 01:04.351,75 04:57.372,2129, ,2129, ,0, ,N, ,0, , , , , , , , , ,3,1,0,0,1,0,1,0,0,0,1,1,2,0,0,0,0,0,0,0,0,0,0,0,0,0,0,0,0,0,0,0,0,0,0,3,0,40.0179,-75.0826, , 
20794,243851,2016108562,6,67,67301,2016,10,4,910,9,1,1,0,4,1, , ,N,1,2,0,3,0,1,2,3,N,N,40 01:43.284,75 07:03.795,920, ,916, ,0, ,N, ,3, , , , , , , , , ,3,1,0,0,0,0,1,1,0,0,0,0,1,1,0,0,0,0,0,0,0,0,0,0,0,0,0,0,0,0,0,0,0,0,0,8,0,40.0287,-75.1177, , 
20795,243852,2016110689,6,67,67301,2016,9,7,1326,13,1,1,0,0,1, , ,N,7,0,2,3,0,0,1,1,N,N,40 00:25.261,75 04:06.523,1340, ,1326,2,1,2, , ,0,N, , , , , , , , ,1,0,0,0,0,1,0,0,0,0,0,0,0,0,0,0,0,0,0,0,1,0,0,0,0,0,0,0,0,0,0,0,0,0,0,0,1,40.007,-75.0685, , 
20796,243853,2016105529,6,67,67301,2016,9,1,200,2,3,1,0,5,6, , ,N,0,0,0,3,0,0,1,3,N,N,40 02:55.685,75 10:30.573,225, ,219, ,0, , , ,0, , , , , , , , , ,3,3,0,0,0,0,0,0,0,0,0,0,0,0,0,0,0,0,0,0,0,1,0,0,0,0,0,0,0,0,0,0,0,0,0,0,0,40.0488,-75.1752, , 
20797,243854,2016105857,6,67,67301,2016,9,6,727,7,1,1,0,4,1, , ,N,2,3,0,3,0,2,4,2,N, ,39 55:06.855,75 11:03.803,731, ,731,9,1,4, , ,3,N, , , , , , , , ,2,1,0,0,0,0,0,1,0,0,0,2,2,0,0,0,0,0,0,0,1,0,0,1,0,0,0,0,0,0,0,0,0,0,0,4,0,39.9186,-75.1844, , 
20798,243856,2016117186,6,67,67301,2016,10,5,1215,12,1,1,0,4,1, , ,N,1,2,0,3,0,2,3,2,N,N,40 01:48.790,75 05:17.559,1250, ,1248,1,1,2,N, ,3,N, , , , , , , , ,2,0,0,0,0,0,1,1,0,0,0,1,2,1,0,0,0,0,0,0,0,0,0,0,0,0,0,0,0,0,0,0,0,0,0,4,0,40.0301,-75.0882, , 
20799,243857,2016120604,6,67,67301,2016,11,4,904,9,1,1,0,5,1, , ,N,2,0,0,3,0,1,2,2,N,N,39 57:56.508,75 09:38.224,923, ,904, ,0, , , ,0, , , , , , , , , ,2,2,0,0,0,0,0,0,0,0,0,0,1,1,0,0,0,0,0,0,0,0,0,1,0,0,0,0,0,0,0,0,0,0,0,8,0,39.9657,-75.1606, , 
20800,243868,2016111085,6,67,67301,2016,10,6,1450,14,1,1,0,8,1, , ,N,1,3,0,3,0,1,2,2,N, ,40 02:40.383,75 04:09.980,1705, ,1700, ,0, ,N, ,3, , , , , , , , , ,1,1,0,0,0,0,0,0,0,0,0,1,1,0,0,0,0,0,0,0,0,0,0,0,0,0,0,0,0,0,0,0,1,0,0,4,0,40.0446,-75.0694, , 
20801,243916,2016117539,6,67,67301,2016,11,5,750,7,1,1,0,4,1, , ,N,0,0,7,3,0,0,2,2,N,N,39 59:05.537,75 09:35.602,802, ,800, ,0, ,N, ,0, , , , , , , , , ,2,2,0,0,0,0,0,0,0,0,0,0,0,0,0,0,0,0,0,0,1,0,0,0,0,0,0,0,0,0,0,0,0,0,0,0,0,39.9849,-75.1599, , 
20802,243924,2016126074,6,67,67301,2016,11,1,1350,13,1,1,0,6,1, , ,N,0,0,0,3,0,4,4,2,N, ,40 02:07.335,75 06:17.208,1405, ,1402, ,0, , , ,0, , , , , , , , , ,2,2,0,0,0,0,0,0,0,0,0,3,4,1,0,0,0,0,0,0,0,0,0,0,0,0,0,0,0,0,0,0,0,0,0,4,0,40.0354,-75.1048, , 
20803,243940,2016129467,6,67,67301,2016,11,6,1255,12,1,1,0,1,1, , ,N,0,0,0,3,0,1,2,2,N,N,40 00:59.964,75 12:44.361,1304, ,1300, ,0, ,N, ,0, , , , , , , , , ,1,0,0,0,0,0,0,0,1,0,0,1,1,0,0,0,0,0,0,0,0,0,0,0,0,0,0,0,0,0,0,0,0,0,0,4,0,40.0167,-75.2123, , 
20804,243960,2016099650,6,67,67301,2016,9,2,625,6,5,1,0,4,1, , ,N,1,2,0,3,0,3,4,2,N,N,39 59:01.460,75 08:11.468,636, ,633,3,2,2,N, ,3,Y, , , , , , , , ,2,1,0,0,0,0,1,0,0,0,3,0,3,0,1,0,0,0,0,0,0,0,0,4,0,0,0,0,0,0,0,0,0,0,0,3,0,39.9837,-75.1365, , 
20805,243963,2016116748,6,67,67301,2016,10,1,1933,19,3,2,1,7,3, , ,N,0,0,0,3,0,1,2,2,N,N,39 53:14.607,75 12:16.257,1938, ,1933, ,0, , , ,0, , , , , , , , , ,2,2,0,0,0,0,0,0,0,0,0,0,1,1,0,0,0,0,0,0,0,0,0,0,0,0,0,0,0,0,0,0,0,0,0,8,0,39.8874,-75.2045, , 
20806,243976,2016129283,6,67,67301,2016,11,2,845,8,1,1,0,1,1, , ,N,0,0,0,3,0,1,2,2,N,N,40 03:31.413,74 59:44.719,850, ,845, ,0, ,N, ,0, , , , , , , , , ,2,1,0,0,0,0,1,0,0,0,0,1,1,0,0,0,0,0,0,0,0,0,0,1,0,0,0,0,0,0,0,0,0,0,0,4,0,40.0587,-74.9958, , 
20807,249850,2016127836,6,67,67301,2016,11,1,315,3,3,1,0,5,6, , ,N,0,0,0,3,0,0,1,2,N, ,40 07:16.278,75 01:52.950,335, ,325, ,0, , , ,0, , , , , , , , , ,2,1,0,0,0,0,1,0,0,0,0,0,0,0,0,0,0,0,0,0,0,0,0,1,0,0,0,0,0,0,0,0,0,0,0,0,0,40.1212,-75.0314, , 
20808,249877,2016117195,6,67,67301,2016,10,2,53,0,3,1,0,4,1, , ,N,2,2,0,3,0,1,2,2,N,N,39 59:47.690,75 11:15.203,57, ,55,3,2,5,N, ,3,Y, , , , , , , , ,2,0,1,0,0,0,1,0,0,0,1,0,1,0,0,0,0,0,0,1,0,0,0,0,0,0,0,0,0,0,0,0,0,0,0,3,0,39.9966,-75.1876, , 
20809,249879,2016112153,6,67,67301,2016,10,6,1805,18,1,1,0,8,1, , ,N,2,2,0,3,0,1,2,2,N,N,40 01:58.068,75 12:51.988,1820, ,1812, ,0, , , ,3, , , , , , , , , ,1,0,0,0,0,0,1,0,0,0,0,0,1,1,0,0,0,0,0,0,0,0,0,0,0,0,0,0,0,0,0,0,1,0,0,8,0,40.0328,-75.2144, , 
20810,249884,2016132174,6,67,67301,2016,11,2,1900,19,3,1,0,8,1, , ,N,1,3,0,3,0,1,2,2,N, ,39 56:05.150,75 10:20.539,1920, ,1909, ,0, , , ,3, , , , , , , , , ,1,1,0,0,0,0,0,0,0,0,0,1,1,0,0,0,0,0,0,0,0,0,0,1,0,0,0,0,0,0,0,0,1,0,0,4,0,39.9348,-75.1724, , 
20811,249892,2016099634,6,67,67301,2016,9,5,1855,18,4,1,0,7,4, , ,N,0,0,0,3,0,0,1,1,N,N,40 01:35.755,75 05:46.457,1910, ,1859, ,0, ,N, ,0, , , , , , , , , ,1,1,0,0,0,0,0,0,0,0,0,0,0,0,0,0,0,0,0,0,0,0,0,0,0,0,0,0,0,0,0,0,0,0,0,0,0,40.0266,-75.0962, , 
20812,249895,2016117136,6,67,67301,2016,10,2,1457,14,1,1,0,4,1, , ,N,1,2,0,3,0,2,3,2,N,N,39 58:36.732,75 08:36.697,1647, ,1645, ,0, ,N, ,3, , , , , , , , , ,2,1,0,0,0,0,1,0,0,0,0,2,2,0,0,0,0,0,0,0,0,1,0,0,0,0,0,0,0,0,0,0,0,0,0,4,0,39.9769,-75.1435, , 
20813,249896,2016117733,6,67,67301,2016,10,1,30,0,2,1,0,8,1, , ,N,1,2,0,3,0,1,2,2,N, ,39 57:17.840,75 11:01.951,35, ,32,3,2,7, , ,1,Y, , , , , , , , ,1,0,0,0,0,0,1,0,0,0,1,0,1,0,0,0,0,0,0,0,0,0,0,0,0,0,0,0,0,0,0,0,1,0,0,3,0,39.955,-75.1838, , 
20814,249900,2016130827,6,67,67301,2016,11,1,153,1,3,1,0,1,1, , ,N,0,8,0,3,0,2,2,2,N,N,40 01:20.776,75 02:13.766,202, ,153,2,2,1, , ,3,Y, , , , , , , , ,2,0,0,0,0,0,2,0,0,0,0,0,2,2,0,0,0,0,0,0,1,0,0,0,0,0,0,0,0,0,0,0,0,0,0,8,0,40.0224,-75.0372, , 
20815,249908,2016132145,6,67,67301,2016,11,3,1015,10,1,2,1,7,4, , ,N,0,0,0,3,0,1,1,1,N,N,40 04:50.560,75 13:21.012,1032, ,1029, ,0, ,N, ,0, , , , , , , , , ,1,0,0,0,0,0,1,0,0,0,0,1,1,0,0,0,0,0,0,0,1,0,0,0,0,0,0,0,0,0,0,0,0,0,0,4,0,40.0807,-75.2225, , 
20816,249911,2016126025,6,67,67301,2016,11,7,627,6,1,1,0,7,4, , ,N,0,0,0,3,0,1,1,1,N,N,40 00:51.035,75 10:40.918,631, ,628, ,0, ,N, ,0, , , , , , , , , ,1,1,0,0,0,0,0,0,0,0,0,1,1,0,0,0,0,0,0,0,0,0,0,0,0,0,0,0,0,0,0,0,0,0,0,4,0,40.0142,-75.178, , 
20817,249924,2017003652,6,67,67301,2016,12,2,1250,12,1,9,8,8,1, , ,N,1,2,0,3,0,1,2,2,N,N,40 00:38.569,75 09:04.826,9999, ,1630, ,0, ,N, ,3, , , , , , , , , ,1,1,0,0,0,0,0,0,0,0,0,0,1,1,0,0,0,0,0,0,0,0,0,1,0,0,0,0,0,0,0,0,1,0,0,8,0,40.0107,-75.1513, , 
20818,249925,2017007211,6,67,67301,2016,12,1,135,1,3,1,0,4,1, , ,N,1,2,0,3,1,1,2,2,N,N,39 56:16.313,75 10:00.515,138, ,137, ,0, ,N,0,3, , , , , , , , , ,2,2,0,0,0,0,0,0,0,0,1,0,1,0,0,0,0,0,0,0,0,0,0,0,0,0,0,0,0,0,0,0,0,0,0,1,0,39.9379,-75.1667,2, 
20819,249946,2016066209,6,67,67301,2016,5,6,256,2,3,1,0,7,4, , ,N,0,0,2,3,0,1,1,1,N,N,40 02:45.241,75 00:01.990,306, ,256, ,0, , , ,0, , , , , , , , , ,1,0,0,0,0,0,1,0,0,0,1,0,1,0,0,0,0,0,0,0,0,0,0,0,0,0,0,0,0,0,0,0,0,0,0,3,0,40.0459,-75.0006, , 
20820,249974,2016106397,6,67,67301,2016,10,3,937,9,1,1,0,1,1, , ,N,0,0,0,3,0,2,3,3,N,N,40 00:05.092,75 11:41.875,944, ,937,1,1,3, , ,0,N, , , , , , , , ,3,0,0,0,1,0,2,0,0,0,0,0,2,2,0,0,0,0,0,0,0,0,0,0,0,0,0,0,0,0,0,0,0,0,0,8,0,40.0014,-75.195, , 
20821,249989,2016120550,6,67,67301,2016,10,5,1925,19,3,2,1,4,1, , ,N,1,3,0,3,0,0,2,3,N,N,39 58:12.028,75 09:47.185,1930, ,1925,1,2,1,N, ,3,Y, , , , , , , , ,3,3,0,0,0,0,0,0,0,0,0,0,0,0,0,0,0,0,0,0,0,0,0,2,0,0,0,0,0,0,0,0,0,0,0,0,0,39.97,-75.1631, , 
20822,249995,2016127837,6,67,67301,2016,11,1,1410,14,1,1,0,1,1, , ,N,0,0,0,3,0,0,3,3,N,N,40 00:59.218,75 10:30.052,1424, ,1410,1,2,1,N, ,0,Y, , , , , , , , ,3,0,0,0,0,0,3,0,0,0,0,0,0,0,0,0,0,0,0,1,0,0,0,0,0,0,0,0,0,0,0,0,0,0,0,0,0,40.0164,-75.175, , 
20823,249997,2016126125,6,67,67301,2016,11,2,2213,22,3,2,1,4,1, , ,N,3,2,0,3,0,2,4,2,N,N,40 02:08.293,75 08:17.987,2309, ,2308, ,0, ,N, ,3, , , , , , , , , ,2,2,0,0,0,0,0,0,0,0,0,2,2,0,0,0,0,0,0,0,1,0,0,4,0,0,0,0,0,0,0,0,0,0,0,4,0,40.0356,-75.1383, , 
20824,249998,2016126157,6,67,67301,2016,11,1,2346,23,3,1,0,4,1, , ,N,1,2,0,3,0,0,1,5,N,N,39 59:13.650,75 09:45.421,2347, ,2346,2,2,1,N, ,3,Y, , , , , , , , ,5,4,0,0,1,0,0,0,0,0,0,0,0,0,1,0,0,0,0,0,0,0,0,0,0,0,0,0,0,0,0,0,0,0,0,9,0,39.9871,-75.1626, , 
20825,247046,2016129505,6,67,67301,2016,11,1,1945,19,3,9,0,8,1, , ,N,1,0,0,3,0,1,2,2,N, ,39 58:10.883,75 08:26.410,1309, ,1304, ,0, , , ,0, , , , , , , , , ,1,1,0,0,0,0,0,0,0,0,0,1,1,0,0,0,0,0,0,0,0,0,0,1,0,0,0,0,0,0,0,0,1,0,0,4,0,39.9696,-75.1407, , 
20826,247069,2016129249,6,67,67301,2016,11,3,1646,16,1,1,0,5,1, , ,N,0,0,0,3,0,1,2,2,N,N,40 01:38.650,75 06:37.975,1656, ,1648, ,0, ,N, ,0, , , , , , , , , ,2,2,0,0,0,0,0,0,0,0,1,0,1,0,1,0,0,0,1,0,0,0,0,0,0,0,0,0,0,0,0,0,0,0,0,3,0,40.0274,-75.1105, , 
20827,247090,2017005202,6,67,67301,2016,12,7,1424,14,1,1,0,4,1, , ,N,2,3,0,3,0,2,2,2,N,N,39 58:39.691,75 13:35.033,1434, ,1432, ,0, ,N, ,3, , , , , , , , , ,2,1,0,0,0,0,1,0,0,0,2,0,2,0,0,0,0,0,0,0,0,0,0,1,0,0,0,0,0,0,0,0,0,0,0,3,0,39.9777,-75.2264, , 
20828,247094,2016126145,6,67,67301,2016,11,7,40,0,3,1,0,4,1, , ,N,1,2,0,3,0,2,2,2,N,N,39 59:23.560,75 08:50.719,102, ,100, ,0, , , ,3, , , , , , , , , ,2,1,0,0,0,0,1,0,0,0,2,0,2,0,0,0,0,0,0,0,0,0,0,0,0,0,0,0,0,0,0,0,0,0,0,3,0,39.9899,-75.1474, , 
20829,247098,2016135803,6,67,67301,2016,12,2,740,7,1,2,1,7,4, , ,N,0,0,0,3,0,1,1,1,N, ,39 53:34.940,75 13:27.850,745, ,740, ,0, , , ,0, , , , , , , , , ,1,1,0,0,0,0,0,0,0,0,0,1,1,0,0,0,0,0,0,0,0,0,0,0,0,0,0,0,0,0,0,0,0,0,0,4,0,39.893,-75.2244, , 
20830,247105,2016135759,6,67,67301,2016,12,6,1320,13,1,1,0,8,1,1,4,Y,0,0,0,3,0,1,2,2,N,N,39 57:23.216,75 08:40.999,1335,99,1330, ,0, , , ,0, ,U, , ,U, , , ,Y,1,0,0,0,0,0,1,0,0,0,0,1,1,0,1,0,0,0,0,0,0,0,0,0,0,0,0,0,0,0,0,0,1,0,0,4,0,39.9564,-75.1447, , 
20831,247109,2017007871,6,67,67301,2016,12,4,1258,12,1,1,0,4,1, , ,N,2,3,0,3,0,0,3,2,N,N,40 02:22.063,75 13:47.243,1259, ,1258,1,1,3,N, ,3,Y, , , , , , , , ,2,0,0,0,1,0,1,0,0,0,0,0,0,0,0,0,0,0,0,0,0,0,0,0,0,0,0,0,0,0,0,0,0,0,0,0,0,40.0395,-75.2298, , 
20832,247113,2016112252,6,67,67301,2016,10,5,1930,19,6,1,0,8,1, , ,N,3,2,0,3,0,1,2,2,N,N,40 02:16.795,75 05:19.253,2310, ,2255, ,0, ,N, ,3, , , , , , , , , ,1,1,0,0,0,0,0,0,0,0,0,1,1,0,0,0,0,0,0,0,0,0,0,1,0,0,0,0,0,0,0,0,1,0,0,4,0,40.038,-75.0887, , 
20833,247118,2016126680,6,67,67301,2016,11,3,1833,18,3,1,0,1,1, , ,N,0,0,3,3,0,3,4,2,N,N,40 02:34.637,75 00:12.223,1845, ,1833, ,0, , , ,0, , , , , , , , , ,2,1,0,0,0,0,1,0,0,0,0,0,3,3,0,0,0,0,0,0,0,0,0,0,0,0,0,0,0,0,0,0,0,0,0,8,0,40.043,-75.0034, , 
20834,247119,2016112063,6,67,67301,2016,10,1,425,4,3,1,0,7,2, , ,N,0,0,3,3,0,0,1,1,N, ,40 05:57.892,74 59:11.781,432, ,430, ,0, , , ,0, , , , , , , , , ,1,1,0,0,0,0,0,0,0,0,0,0,0,0,0,0,0,0,0,0,0,0,0,1,0,0,0,0,0,0,0,0,0,0,0,0,0,40.0994,-74.9866, , 
20835,247131,2016138239,6,67,67301,2016,12,6,1253,12,1,1,0,4,1, , ,N,1,3,0,3,0,1,3,2,N,N,40 03:56.012,75 10:45.123,1255, ,1253, ,0, ,N, ,3, , , , , , , , , ,2,1,0,0,0,0,1,0,0,0,0,1,1,0,0,0,0,0,0,0,0,1,0,1,0,0,0,0,0,0,0,0,0,0,0,4,0,40.0656,-75.1792, , 
20836,247138,2016119648,6,67,67301,2016,10,5,2210,22,3,1,0,8,1, , ,N,4,2,0,3,0,1,2,2,N, ,39 57:07.268,75 09:45.490,2215, ,2215, ,0, , , ,3, , , , , , , , , ,1,1,0,0,0,0,0,0,0,0,0,0,1,1,0,0,0,0,0,0,0,0,0,1,0,0,0,0,0,0,0,0,1,0,0,8,0,39.952,-75.1626, , 
20837,247150,2016120491,6,67,67301,2016,10,6,2315,23,3,1,0,5,1, , ,N,0,0,0,3,0,0,2,2,N,N,40 01:33.704,75 05:46.834,2320, ,2315,9,1,1,N, ,0,N, , , , , , , , ,2,1,0,0,0,0,0,1,0,0,0,0,0,0,0,0,0,0,0,0,1,0,0,0,0,0,0,0,0,0,0,0,0,0,0,0,0,40.026,-75.0963, , 
20838,247151,2016120536,6,67,67301,2016,10,5,2226,22,3,2,1,4,1, , ,N,1,0,0,3,0,1,2,3,N,N,39 58:26.450,75 09:44.053,2254, ,2247, ,0, ,N, ,0, , , , , , , , , ,3,2,0,0,0,0,0,0,0,0,1,0,1,0,0,0,0,0,0,1,0,0,0,0,0,0,0,0,0,0,0,0,0,0,0,3,0,39.974,-75.1622, , 
20839,247197,2016129462,6,67,67301,2016,11,5,1627,16,1,1,0,8,1, , ,N,0,0,0,3,0,1,3,2,N,N,39 59:19.694,75 07:12.415,1710, ,1702, ,0, ,N, ,0, , , , , , , , , ,1,0,0,0,0,0,1,0,0,0,0,0,1,1,0,0,0,0,0,0,0,0,0,0,0,0,0,0,0,0,0,0,1,0,0,8,0,39.9888,-75.1201, , 