objectid_1,objectid,crn,district,county,municipality,crash_year,crash_month,day_of_week,time_of_day,hour_of_day,illumination,weather,road_condition,collision_type,relation_to_road,work_zone_type,work_zone_loc,work_zone_ind,intersect_type,tcd_type,location_type,urban_rural,fatal_count,injury_count,person_count,total_units,sch_bus_ind,sch_zone_ind,latitude,longitude,arrival_tm,cons_zone_spd_lim,dispatch_tm,est_hrs_closed,lane_closed,ln_close_dir,ntfy_hiwy_maint,spec_juris_cd,tcd_func_cd,tfc_detour_ind,workers_pres,wz_close_detour,wz_flagger,wz_law_offcr_ind,wz_ln_closure,wz_moving,wz_other,wz_shlder_mdn,vehicle_count,automobile_count,motorcycle_count,bus_count,small_truck_count,heavy_truck_count,suv_count,van_count,bicycle_count,maj_inj_count,mod_inj_count,min_inj_count,tot_inj_count,unk_inj_deg_count,unk_inj_per_count,driver_count_16yr,driver_count_17yr,driver_count_18yr,driver_count_19yr,driver_count_20yr,driver_count_50_64yr,driver_count_65_74yr,driver_count_75plus,unbelted_occ_count,unb_death_count,unb_maj_inj_count,belted_death_count,belted_maj_inj_count,mcycle_death_count,mcycle_maj_inj_count,bicycle_death_count,bicycle_maj_inj_count,ped_count,ped_death_count,ped_maj_inj_count,max_severity_level,comm_veh_count,dec_lat,dec_long,rdwy_surf_type_cd,county_name
20840,247210,2016138249,6,67,67301,2016,12,4,901,9,1,1,1,4,1, , ,N,1,3,0,3,0,2,2,2,N, ,40 00:50.922,75 04:40.900,940, ,901,1,1,4, , ,3,N, , , , , , , , ,2,0,0,0,0,0,1,1,0,0,0,2,2,0,0,0,0,0,0,0,0,0,0,0,0,0,0,0,0,0,0,0,0,0,0,4,0,40.0141,-75.078, , 
20841,247216,2017007912,6,67,67301,2016,12,6,2310,23,3,1,0,4,1, , ,N,1,3,0,3,0,1,2,2,N, ,39 57:25.138,75 13:09.994,2326, ,2320,9,1,3, , ,3,N, , , , , , , , ,2,1,0,0,0,0,0,1,0,0,0,1,1,0,0,0,0,0,0,0,0,0,0,1,0,0,0,0,0,0,0,0,0,0,0,4,0,39.957,-75.2194, , 
20842,247224,2016135669,6,67,67301,2016,11,1,9999,99,1,1,0,4,1, , ,N,1,2,0,3,0,3,4,2,N,N,39 56:17.059,75 10:06.455,1551, ,1542,3,1,4,N, ,3,N, , , , , , , , ,2,2,0,0,0,0,0,0,0,0,0,2,3,1,0,0,0,0,0,0,1,1,0,1,0,0,0,0,0,0,0,0,0,0,0,4,0,39.9381,-75.1685, , 
20843,240972,2016106694,6,67,67301,2016,10,6,1600,16,1,1,0,5,2, , ,N,0,0,3,3,0,1,3,2,N,N,39 53:33.557,75 11:49.770,1606, ,1600, ,0, , , ,0, , , , , , , , , ,2,2,0,0,0,0,0,0,0,0,1,0,1,0,0,0,0,0,0,0,0,0,0,0,0,0,0,0,0,0,0,0,0,0,0,3,0,39.8927,-75.1972, , 
20844,240974,2016129500,6,67,67301,2016,11,4,9999,99,3,2,1,4,1, , ,N,1,2,0,3,0,1,3,2,N,N,39 58:13.818,75 08:53.306,1915, ,1905, ,0, ,N, ,3, , , , , , , , , ,2,1,0,0,0,0,0,1,0,0,1,0,1,0,0,0,0,0,0,0,1,0,0,0,0,0,0,0,0,0,0,0,0,0,0,3,0,39.9704,-75.1483, , 
20845,240976,2016134618,6,67,67301,2016,12,5,1211,12,1,1,0,7,1,1,4,Y,0,8,0,3,0,0,4,2,N,N,39 58:43.081,75 06:35.966,1233,45,1213, ,0, , , ,3, ,Y,N,N,N,N,N,N,Y,2,2,0,0,0,0,0,0,0,0,0,0,0,0,0,0,0,0,0,0,0,1,0,0,0,0,0,0,0,0,0,0,0,0,0,0,0,39.9786,-75.11, , 
20846,240981,2017005239,6,67,67301,2016,12,2,1755,17,3,1,0,8,1, , ,N,1,2,0,3,0,1,2,2,N,N,40 06:46.663,75 01:22.836,1810, ,1759, ,0, ,N, ,3, , , , , , , , , ,1,0,0,0,0,0,1,0,0,0,0,0,1,1,0,0,0,0,0,0,0,0,0,0,0,0,0,0,0,0,0,0,1,0,0,8,0,40.113,-75.023, , 
20847,241013,2016138268,6,67,67301,2016,12,1,1745,17,3,1,0,4,1, , ,N,2,0,0,3,0,1,2,2,N, ,39 58:06.370,75 10:48.128,1755, ,1755, ,0, ,N, ,0, , , , , , , , , ,1,1,0,0,0,0,0,0,1,0,0,1,1,0,0,0,0,0,0,0,0,0,0,1,0,0,0,0,0,0,0,0,0,0,0,4,0,39.9685,-75.18, , 
20848,241020,2017021398,6,67,67301,2016,8,5,2030,20,3,1,0,1,1, , ,N,0,0,0,3,0,1,2,2,N,N,39 57:00.373,75 09:28.319,0, ,0, ,0, ,N, ,0, , , , , , , , , ,2,2,0,0,0,0,0,0,0,0,1,0,1,0,0,0,0,0,0,0,0,0,0,1,0,0,0,0,0,0,0,0,0,0,0,3,0,39.9501,-75.1579, , 
20849,241022,2016117677,6,67,67301,2016,10,5,1930,19,3,1,0,7,4, , ,N,0,0,0,3,0,1,2,1,N,N,40 07:38.096,75 00:14.284,1940, ,1931, ,0, ,N, ,0, , , , , , , , , ,1,0,0,0,0,0,1,0,0,0,0,1,1,0,0,0,0,0,0,0,0,0,0,0,0,0,0,0,0,0,0,0,0,0,0,4,0,40.1272,-75.004, , 
20850,241034,2016128691,6,67,67301,2016,12,6,1638,16,4,1,0,1,1, , ,N,0,0,0,3,0,0,2,2,N,N,39 54:02.047,75 09:21.939,1650, ,1644, ,0, , , ,0, , , , , , , , , ,2,1,0,0,1,0,0,0,0,0,0,0,0,0,0,0,0,0,0,0,1,0,0,0,0,0,0,0,0,0,0,0,0,0,0,0,0,39.9006,-75.1561, , 
20851,241043,2016132121,6,67,67301,2016,11,3,1744,17,1,2,1,4,1, , ,N,1,3,0,3,0,1,2,2,N,N,40 04:27.566,75 09:57.844,1745, ,1745, ,0, ,N, ,3, , , , , , , , , ,2,0,0,0,0,0,2,0,0,0,0,0,1,1,0,0,0,0,0,0,0,0,0,0,0,0,0,0,0,0,0,0,0,0,0,8,0,40.0743,-75.1661, , 
20852,241054,2016132146,6,67,67301,2016,11,3,1600,16,1,2,1,8,1, , ,N,5,2,0,3,0,1,2,2,N, ,40 03:51.426,75 09:12.794,1857, ,1826, ,0, , , ,3, , , , , , , , , ,1,0,0,0,0,0,1,0,0,0,0,1,1,0,0,0,0,0,0,0,1,0,0,0,0,0,0,0,0,0,0,0,1,0,0,4,0,40.0643,-75.1536, , 
20853,241094,2016120545,6,67,67301,2016,10,2,1510,15,1,1,0,4,1, , ,N,1,2,0,3,0,1,2,2,N,N,39 59:20.627,75 05:22.626,1520, ,1515, ,0, ,N, ,3, , , , , , , , , ,2,1,0,0,0,1,0,0,0,0,0,0,1,1,0,0,0,0,0,0,1,0,0,0,0,0,0,0,0,0,0,0,0,0,0,8,1,39.9891,-75.0896, , 
20854,241096,2016112178,6,67,67301,2016,10,6,1119,11,1,1,0,8,4, , ,N,0,0,7,3,0,1,2,2,N,N,39 57:36.701,75 13:29.348,1120, ,1120, ,0, ,N, ,0, , , , , , , , , ,1,1,0,0,0,0,0,0,0,0,0,1,1,0,0,0,0,0,0,0,1,0,0,0,0,0,0,0,0,0,0,0,1,0,0,4,0,39.9602,-75.2248, , 
20855,241114,2016119184,6,67,67301,2016,10,4,1055,10,1,1,0,8,1, , ,N,1,3,0,3,0,1,2,2,N,N,40 01:36.282,75 08:25.094,1153, ,1143, ,0, ,N, ,3, , , , , , , , , ,1,0,0,1,0,0,0,0,0,0,1,0,1,0,0,0,0,0,0,0,0,0,0,0,0,0,0,0,0,0,0,0,1,0,0,3,1,40.0267,-75.1403, , 
20856,241133,2016099654,6,67,67301,2016,9,2,1845,18,1,1,0,4,1, , ,N,5,2,0,3,0,1,2,2,N, ,40 00:17.776,75 10:43.375,1855, ,1853,2,1,6, , ,3,Y, , , , , , , , ,2,2,0,0,0,0,0,0,0,0,0,1,1,0,0,0,0,0,0,0,0,0,0,0,0,0,0,0,0,0,0,0,0,0,0,4,0,40.0049,-75.1787, , 
20857,241136,2016105848,6,67,67301,2016,9,3,835,8,1,1,0,5,1, , ,N,0,0,0,3,0,2,4,2,N, ,40 02:27.452,75 03:36.057,845, ,837, ,0, , , ,0, , , , , , , , , ,2,1,0,0,0,0,1,0,0,0,0,1,2,1,0,0,0,0,0,0,1,0,0,0,0,0,0,0,0,0,0,0,0,0,0,4,0,40.041,-75.06, , 
20858,241162,2016138194,6,67,67301,2016,12,6,2034,20,3,1,0,4,1, , ,N,1,2,0,3,0,1,4,2,N, ,40 02:43.859,75 05:17.937,2039, ,2036, ,0, , , ,3, , , , , , , , , ,2,1,0,0,1,0,0,0,0,0,0,1,1,0,0,0,0,0,0,0,0,0,0,0,0,0,0,0,0,0,0,0,0,0,0,4,0,40.0455,-75.0883, , 
20859,241167,2016084636,6,67,67301,2016,8,2,1112,11,1,1,0,5,1, , ,N,1,2,3,3,0,1,2,2,N,N,39 57:30.449,75 10:07.568,1125, ,1112, ,0, ,N, ,3, , , , , , , , , ,1,1,0,0,0,0,0,0,1,0,0,1,1,0,0,0,0,0,0,0,0,0,0,0,0,0,0,0,0,0,0,0,0,0,0,4,0,39.9585,-75.1688, , 
20860,241171,2016089956,6,67,67301,2016,8,2,1215,12,1,1,0,4,1, , ,N,1,3,0,3,0,0,2,2,N,N,40 00:29.401,75 09:20.113,1322, ,1314, ,0, , , ,3, , , , , , , , , ,2,2,0,0,0,0,0,0,0,0,0,0,0,0,0,0,0,0,0,0,1,0,0,0,0,0,0,0,0,0,0,0,0,0,0,0,0,40.0082,-75.1556, , 
20861,243977,2016126179,6,67,67301,2016,11,7,133,1,3,1,0,7,4, , ,N,0,0,0,3,0,0,1,1,N,N,39 55:28.600,75 10:17.294,138, ,135, ,0, ,N, ,0, , , , , , , , , ,1,0,0,0,0,0,1,0,0,0,0,0,0,0,1,0,0,0,0,0,0,0,0,1,0,0,0,0,0,0,0,0,0,0,0,9,0,39.9246,-75.1715, , 
20862,243992,2017000998,6,67,67301,2016,12,6,1655,16,3,1,0,7,4, , ,N,0,0,0,3,0,0,1,1,N,N,39 53:18.896,75 13:05.001,1701, ,1701, ,0, , , ,0, , , , , , , , , ,1,1,0,0,0,0,0,0,0,0,0,0,0,0,0,0,0,0,0,0,0,0,0,0,0,0,0,0,0,0,0,0,0,0,0,0,0,39.8886,-75.2181, , 
20863,243994,2016097690,6,67,67301,2016,9,5,2045,20,3,1,0,4,1, , ,N,1,2,0,3,0,0,5,2,N, ,40 05:40.718,75 00:54.707,2050, ,2045,9,1,4, , ,3,N, , , , , , , , ,2,1,0,0,0,0,1,0,0,0,0,0,0,0,0,0,0,0,0,0,2,0,0,0,0,0,0,0,0,0,0,0,0,0,0,0,0,40.0946,-75.0152, , 
20864,244005,2017012369,6,67,67301,2016,12,7,915,9,1,4,4,7,4, , ,N,7,0,0,3,0,1,1,1,N,N,39 53:35.807,75 13:53.874,942, ,915,1,1,2, , ,0,N, , , , , , , , ,1,1,0,0,0,0,0,0,0,0,0,0,1,1,0,0,0,0,0,0,0,0,0,0,0,0,0,0,0,0,0,0,0,0,0,8,0,39.8933,-75.2316, , 
20865,244014,2016136081,6,67,67301,2016,11,6,1418,14,1,1,0,1,1, , ,N,0,0,0,3,0,2,4,2,N,N,39 56:15.991,75 11:53.700,1434, ,1418,2,1,4, , ,0,N, , , , , , , , ,2,1,0,0,0,1,0,0,0,0,2,0,2,0,0,0,0,0,0,0,0,0,0,1,0,0,0,0,0,0,0,0,0,0,0,3,1,39.9378,-75.1983, , 
20866,244029,2017016399,6,67,67301,2016,3,6,1330,13,1,1,0,1,1, , ,N,1,2,0,3,0,1,3,3,N,N,39 55:20.731,75 13:23.335,0, ,0, ,0, ,N, ,3, , , , , , , , , ,3,0,0,0,0,0,0,0,0,0,0,0,1,1,2,0,0,0,0,0,0,0,0,0,0,0,0,0,0,0,0,0,0,0,0,8,0,39.9224,-75.2232, , 
20867,244031,2017001769,6,67,67301,2016,12,2,831,8,1,2,1,1,1,1,4,Y,0,0,0,3,0,1,3,3,N,N,39 58:02.966,75 07:57.247,903,45,849, ,0, , , ,0, ,N,N,N,N,N,N,N,Y,3,2,0,0,0,0,1,0,0,0,1,0,1,0,1,0,0,0,0,0,2,0,0,0,0,0,0,0,0,0,0,0,0,0,0,3,0,39.9675,-75.1326, , 
20868,244033,2017005772,6,67,67301,2016,12,3,730,7,3,1,0,5,6, , ,N,0,0,0,3,0,0,1,2,N,N,40 01:49.144,75 08:27.852,730, ,730, ,0, , , ,0, , , , , , , , , ,2,0,0,0,0,0,1,1,0,0,0,0,0,0,0,0,0,0,0,0,0,0,0,0,0,0,0,0,0,0,0,0,0,0,0,0,0,40.0303,-75.1411, , 
20869,244035,2017019528,6,67,67301,2016,6,3,825,8,1,1,0,4,1, , ,N,1,2,0,3,0,1,2,2,N,N,39 59:31.730,75 05:57.398,0, ,0, ,0, ,N, ,3, , , , , , , , , ,2,1,0,0,0,0,0,0,0,0,1,0,1,0,0,0,1,0,0,0,0,0,0,0,0,0,0,0,0,0,0,0,0,0,0,3,0,39.9921,-75.0993, , 
20870,244038,2016124427,6,67,67301,2016,10,4,1047,10,1,1,0,1,1, , ,N,0,0,0,3,0,0,4,3,N,N,40 03:27.436,75 13:59.901,1050, ,1047, ,0, ,N, ,0, , , , , , , , , ,3,1,0,0,0,0,2,0,0,0,0,0,0,0,3,0,0,0,0,0,0,2,0,0,0,0,0,0,0,0,0,0,0,0,0,9,0,40.0576,-75.2333, , 
20871,244042,2016138168,6,67,67301,2016,11,3,1355,13,8,2,1,8,1, , ,N,0,0,0,3,0,1,2,2,N, ,39 59:47.839,75 08:21.220,1515, ,1458, ,0, , , ,0, , , , , , , , , ,1,1,0,0,0,0,0,0,0,0,1,0,1,0,1,0,0,0,0,0,0,0,0,0,0,0,0,0,0,0,0,0,1,0,0,3,0,39.9966,-75.1392, , 
20872,244048,2016126073,6,67,67301,2016,11,3,657,6,1,1,0,4,1, , ,N,2,3,0,3,0,2,3,2,N,N,40 03:25.660,75 04:17.727,705, ,657,1,2,5,N, ,3,Y, , , , , , , , ,2,1,0,0,0,0,1,0,0,0,0,2,2,0,0,0,0,0,0,0,0,0,0,0,0,0,0,0,0,0,0,0,0,0,0,4,0,40.0571,-75.0716, , 
20873,244055,2017005750,6,67,67301,2016,12,2,857,8,1,1,0,5,1, , ,N,0,0,0,3,0,1,2,2,N,N,39 56:10.651,75 09:29.681,930, ,921, ,0, ,N, ,0, , , , , , , , , ,1,0,0,1,0,0,0,0,1,0,1,0,1,0,0,0,0,0,0,0,1,0,0,0,0,0,0,0,0,0,0,0,0,0,0,3,1,39.9363,-75.1582, , 
20874,244119,2017007938,6,67,67301,2016,12,4,1755,17,3,1,0,4,1, , ,N,1,0,0,3,0,1,3,2,N,N,39 57:01.659,75 14:20.864,1806, ,1802,1,1,1,N, ,0,N, , , , , , , , ,2,2,0,0,0,0,0,0,0,0,0,1,1,0,0,0,0,0,0,0,0,0,0,0,0,0,0,0,0,0,0,0,0,0,0,4,0,39.9505,-75.2391, , 
20875,244121,2017021946,6,67,67301,2016,9,5,200,2,3,1,0,4,1, , ,N,3,3,0,3,0,2,3,2,N,N,39 58:25.000,75 11:13.000,0, ,0, ,0, ,N, ,3, , , , , , , , , ,2,1,0,0,0,0,0,0,0,0,0,0,2,2,0,0,0,0,0,0,0,0,0,0,0,0,0,0,0,0,0,0,0,0,0,8,0,39.9736,-75.1869, , 
20876,244136,2016124416,6,67,67301,2016,10,1,2315,23,3,1,0,8,1, , ,N,0,0,0,3,0,1,2,2,N,N,39 56:54.470,75 09:43.830,2330, ,2327, ,0, ,N, ,0, , , , , , , , , ,1,1,0,0,0,0,0,0,0,0,0,1,1,0,0,0,0,0,0,0,1,0,0,0,0,0,0,0,0,0,0,0,1,0,0,4,0,39.9485,-75.1622, , 
20877,244138,2016129976,6,67,67301,2016,1,2,1355,13,1,1,0,5,1, , ,N,0,0,0,3,0,1,2,2,N,N,40 03:31.057,75 02:39.475,1500, ,1450,1,1,1,N, ,0,N, , , , , , , , ,2,2,0,0,0,0,0,0,0,0,1,0,1,0,0,0,0,0,0,0,0,1,0,1,0,0,0,0,0,0,0,0,0,0,0,3,0,40.0586,-75.0443, , 
20878,244140,2016126195,6,67,67301,2016,11,6,2055,20,3,1,0,8,1, , ,N,1,3,0,3,0,1,2,2,N,N,39 58:43.978,75 14:26.933,2100, ,2058, ,0, , , ,3, , , , , , , , , ,1,1,0,0,0,0,0,0,0,0,1,0,1,0,0,0,0,0,0,0,0,1,0,1,0,0,0,0,0,0,0,0,1,0,0,3,0,39.9789,-75.2408, , 
20879,244145,2016129292,6,67,67301,2016,11,5,920,9,1,1,0,5,1, , ,N,0,0,0,3,0,2,5,2,N, ,40 03:46.156,75 02:33.867,924, ,924,1,1,2, , ,0,N, , , , , , , , ,2,1,0,0,1,0,0,0,0,0,0,1,2,1,0,0,1,0,0,0,1,0,0,0,0,0,0,0,0,0,0,0,0,0,0,4,0,40.0628,-75.0427, , 
20880,250024,2016113670,6,67,67301,2016,11,3,740,7,1,1,0,8,1, , ,N,2,2,0,3,0,1,2,2,N,N,39 56:51.950,75 11:38.020,740, ,740, ,0, ,N, ,3, , , , , , , , , ,1,1,0,0,0,0,0,0,0,0,0,0,1,1,0,0,0,0,0,0,0,0,0,0,0,0,0,0,0,0,0,0,1,0,0,8,0,39.9478,-75.1939, , 
20881,250042,2016112110,6,67,67301,2016,10,4,1953,19,3,1,0,4,1, , ,N,1,2,0,3,0,0,2,2,N, ,39 58:52.612,75 11:19.251,2002, ,1959,1,2,7, , ,3,N, , , , , , , , ,2,1,0,0,0,0,0,1,0,0,0,0,0,0,0,0,0,0,0,0,0,0,1,1,0,0,0,0,0,0,0,0,0,0,0,0,0,39.9814,-75.1887, , 
20882,250047,2016126109,6,67,67301,2016,11,4,1203,12,1,2,1,8,1, , ,N,1,2,0,3,0,1,2,2,N,N,39 56:54.247,75 09:58.366,1206, ,1203, ,0, ,N, ,3, , , , , , , , , ,1,1,0,0,0,0,0,0,0,0,1,0,1,0,0,0,0,0,0,0,1,0,0,0,0,0,0,0,0,0,0,0,1,0,0,3,0,39.9484,-75.1662, , 
20883,250090,2016117777,6,67,67301,2016,10,7,1115,11,1,2,1,6,6, , ,N,0,0,0,3,0,0,1,2,N,N,40 00:42.597,75 05:51.897,1118, ,1116,3,2,5, , ,0,Y, , , , , , , , ,2,0,0,0,0,0,1,1,0,0,0,0,0,0,1,0,0,0,0,0,0,0,0,0,0,0,0,0,0,0,0,0,0,0,0,9,0,40.0118,-75.0977, , 
20884,250092,2016129511,6,67,67301,2016,11,5,1221,12,1,1,0,4,1, , ,N,5,3,0,3,0,2,2,2,N,N,40 00:19.389,75 08:45.272,1307, ,1236,2,1,4, , ,3,N, , , , , , , , ,2,0,0,0,0,0,2,0,0,0,1,1,2,0,0,0,0,0,0,0,0,0,0,0,0,0,0,0,0,0,0,0,0,0,0,3,0,40.0054,-75.1459, , 
20885,250103,2016135712,6,67,67301,2016,12,3,914,9,1,1,0,8,1, , ,N,2,0,0,3,0,1,2,2,N,N,40 02:12.345,75 10:32.216,930, ,922, ,0, ,N, ,0, , , , , , , , , ,1,0,0,0,1,0,0,0,0,0,0,0,1,1,1,0,0,0,0,0,0,0,0,0,0,0,0,0,0,0,0,0,1,0,0,8,0,40.0368,-75.1756, , 
20886,250105,2017005185,6,67,67301,2016,12,7,700,7,1,1,0,6,1, , ,N,0,0,0,3,0,1,2,3,N,N,39 59:48.678,75 06:11.797,826, ,821, ,0, ,N, ,0, , , , , , , , , ,3,0,0,0,0,1,2,0,0,0,0,1,1,0,0,0,0,0,0,0,0,0,0,0,0,0,0,0,0,0,0,0,0,0,0,4,1,39.9969,-75.1033, , 
20887,250111,2016126078,6,67,67301,2016,11,4,850,8,1,2,1,1,1, , ,N,0,0,0,3,0,1,3,2,N,N,40 01:31.575,75 07:25.180,858, ,855,1,1,1,N, ,0,N, , , , , , , , ,2,1,0,0,0,0,1,0,0,0,0,0,1,1,0,0,0,0,0,0,0,1,0,0,0,0,0,0,0,0,0,0,0,0,0,8,0,40.0254,-75.1237, , 
20888,250120,2017007948,6,67,67301,2016,12,3,1800,18,3,1,0,4,1, , ,N,1,2,0,3,0,1,2,2,N, ,39 59:17.890,75 15:14.288,1840, ,1835, ,0, ,N, ,3, , , , , , , , , ,2,1,0,0,0,0,1,0,0,0,0,0,1,1,0,0,0,0,0,0,2,0,0,0,0,0,0,0,0,0,0,0,0,0,0,8,0,39.9883,-75.254, , 
20889,250121,2017016488,6,67,67301,2016,4,7,1745,17,1,1,0,1,1, , ,N,1,2,0,3,0,1,3,3,N,N,39 58:57.266,75 13:50.685,0, ,0, ,0, ,N, ,3, , , , , , , , , ,3,0,0,0,0,0,1,0,0,0,1,0,1,0,0,0,0,0,0,0,0,0,0,0,0,0,0,0,0,0,0,0,0,0,0,3,0,39.9826,-75.2307, , 
20890,250124,2016062635,6,67,67301,2016,5,5,716,7,1,1,0,6,1, , ,N,0,0,0,3,0,0,2,3,N,N,40 02:07.419,75 07:20.630,835, ,828, ,0, ,N, ,0, , , , , , , , , ,3,1,0,0,0,0,2,0,0,0,0,0,0,0,0,0,0,0,0,0,0,0,0,0,0,0,0,0,0,0,0,0,0,0,0,0,0,40.0354,-75.1224, , 
20891,250132,2016132138,6,67,67301,2016,11,2,810,8,1,1,0,4,1, , ,N,1,2,0,3,0,0,2,2,N,N,39 56:18.900,75 11:54.432,940, ,904, ,0, ,N, ,3, , , , , , , , , ,2,2,0,0,0,0,0,0,0,0,0,0,0,0,1,0,0,0,0,0,0,0,0,0,0,0,0,0,0,0,0,0,0,0,0,9,0,39.9386,-75.1985, , 
20892,250143,2016137928,6,67,67301,2016,12,4,44,0,3,1,0,4,6, , ,N,0,0,0,3,0,1,1,3,N,N,39 57:15.576,75 12:15.116,45, ,44,1,2,4,N, ,0,N, , , , , , , , ,3,3,0,0,0,0,0,0,0,0,0,0,1,1,0,0,0,0,0,0,1,0,0,1,0,0,0,0,0,0,0,0,0,0,0,8,0,39.9543,-75.2042, , 
20893,250172,2016097638,6,67,67301,2016,8,7,1512,15,1,1,0,1,1, , ,N,1,2,0,3,0,2,4,2,N,N,40 01:41.801,75 07:12.241,1623, ,1610, ,0, ,N, ,3, , , , , , , , , ,2,1,0,0,0,0,1,0,0,0,0,2,2,0,0,0,0,0,0,0,1,0,0,3,0,0,0,0,0,0,0,0,0,0,0,4,0,40.0283,-75.1201, , 
20894,250174,2016097178,6,67,67301,2016,8,6,1720,17,1,1,0,1,1, , ,N,0,2,0,3,0,1,3,3,N,N,40 03:02.459,74 59:11.886,1753, ,1743,1,1,2,N, ,3,N, , , , , , , , ,3,2,0,0,0,0,1,0,0,0,0,1,1,0,0,0,0,1,0,0,0,0,0,0,0,0,0,0,0,0,0,0,0,0,0,4,0,40.0507,-74.9866, , 
20895,250211,2016132213,6,67,67301,2016,11,4,1245,12,1,1,0,8,1, , ,N,0,0,0,3,0,1,3,2,N, ,39 59:07.898,75 09:45.717,1355, ,1355, ,0, , , ,0, , , , , , , , , ,1,0,0,0,0,0,1,0,0,0,0,1,1,0,0,0,0,0,0,0,0,0,0,0,0,0,0,0,0,0,0,0,1,0,0,4,0,39.9855,-75.1627, , 
20896,250222,2016135687,6,67,67301,2016,12,4,720,7,1,8,1,8,1, , ,N,0,0,0,3,0,1,2,2,N,N,40 01:53.914,75 07:48.482,940, ,933, ,0, , , ,0, , , , , , , , , ,1,1,0,0,0,0,0,0,0,0,1,0,1,0,1,0,0,0,0,0,0,0,0,0,0,0,0,0,0,0,0,0,1,0,0,3,0,40.0316,-75.1301, , 
20897,250243,2017003655,6,67,67301,2016,12,6,1218,12,1,1,0,5,1, , ,N,0,0,0,3,0,0,2,2,N,N,39 59:55.932,75 10:00.361,1225, ,1220, ,0, ,N, ,0, , , , , , , , , ,2,1,0,0,0,0,1,0,0,0,0,0,0,0,0,0,0,0,0,0,1,0,0,0,0,0,0,0,0,0,0,0,0,0,0,0,0,39.9989,-75.1668, , 
20898,247260,2016117148,6,67,67301,2016,10,7,1700,17,1,1,0,5,6, , ,N,0,0,0,3,0,1,1,3,N,N,39 58:11.326,75 10:04.533,1725, ,1718, ,0, ,N, ,0, , , , , , , , , ,3,1,0,0,0,1,1,0,0,0,1,0,1,0,0,0,0,0,0,0,0,0,0,0,0,0,0,0,0,0,0,0,0,0,0,3,1,39.9698,-75.1679, , 
20899,247267,2016133060,6,67,67301,2016,12,5,1323,13,1,1,0,4,1, , ,N,1,2,0,3,0,1,3,3,N,N,40 01:43.905,75 06:21.601,1332, ,1325,2,1,1,N, ,3,N, , , , , , , , ,3,1,0,0,0,1,1,0,0,0,1,0,1,0,0,0,0,0,0,0,0,0,0,0,0,0,0,0,0,0,0,0,0,0,0,3,1,40.0289,-75.106, , 
20900,247271,2016135804,6,67,67301,2016,11,3,1907,19,3,2,1,4,1, , ,N,1,3,0,3,0,1,2,2,N,N,40 02:05.654,75 03:44.679,2003, ,2003, ,0, ,N, ,3, , , , , , , , , ,2,1,0,0,0,0,1,0,0,0,0,0,1,1,0,0,0,0,0,0,0,0,0,0,0,0,0,0,0,0,0,0,0,0,0,8,0,40.0349,-75.0624, , 
20901,247272,2016129273,6,67,67301,2016,11,4,1508,15,1,1,0,7,4, , ,N,0,0,0,3,0,1,1,1,N, ,39 53:03.293,75 13:20.343,1605, ,1558, ,0, , , ,0, , , , , , , , , ,1,1,0,0,0,0,0,0,0,0,0,0,1,1,0,0,0,0,0,0,0,0,0,0,0,0,0,0,0,0,0,0,0,0,0,8,0,39.8842,-75.2223, , 
20902,247275,2016129432,6,67,67301,2016,11,1,0,0,3,1,0,4,1, , ,N,1,3,0,3,0,0,5,5,N,N,39 57:03.654,75 13:29.060,40, ,20, ,0, ,N, ,3, , , , , , , , , ,5,4,0,0,0,0,1,0,0,0,0,0,0,0,1,0,0,0,0,0,0,0,0,1,0,0,0,0,0,0,0,0,0,0,0,9,0,39.951,-75.2247, , 
20903,247282,2017001636,6,67,67301,2016,12,7,1112,11,1,4,4,8,1, , ,N,0,0,0,3,0,1,2,2,N,N,40 03:06.827,75 10:46.408,1118, ,1113, ,0, ,N, ,0, , , , , , , , , ,1,0,0,0,0,0,1,0,0,0,0,0,1,1,0,0,0,0,0,0,0,0,0,0,0,0,0,0,0,0,0,0,1,0,0,8,0,40.0519,-75.1796, , 
20904,247284,2017003701,6,67,67301,2016,12,4,655,6,5,1,0,4,1, , ,N,1,2,0,3,0,2,5,2,N, ,40 03:34.205,75 04:49.964,715, ,703, ,0, , , ,3, , , , , , , , , ,2,1,0,1,0,0,0,0,0,0,0,0,2,2,0,0,0,0,0,0,0,0,0,0,0,0,0,0,0,0,0,0,0,0,0,8,1,40.0595,-75.0805, , 
20905,247286,2017007846,6,67,67301,2016,12,5,1705,17,3,1,0,1,1, , ,N,1,2,0,3,0,1,2,2,N,N,39 57:08.787,75 14:34.029,1740, ,1735, ,0, ,N, ,3, , , , , , , , , ,2,0,0,0,0,0,1,1,0,0,0,0,1,1,0,0,0,0,0,0,0,0,0,1,0,0,0,0,0,0,0,0,0,0,0,8,0,39.9524,-75.2428, , 
20906,247288,2016120571,6,67,67301,2016,10,5,843,8,1,2,1,4,1, , ,N,1,2,0,3,0,2,2,2,N,N,40 01:50.524,75 03:42.293,900, ,854, ,0, ,N, ,3, , , , , , , , , ,2,2,0,0,0,0,0,0,0,0,1,0,2,1,0,0,0,0,0,0,0,0,0,0,0,0,0,0,0,0,0,0,0,0,0,3,0,40.0307,-75.0617, , 