objectid_1,objectid,crn,district,county,municipality,crash_year,crash_month,day_of_week,time_of_day,hour_of_day,illumination,weather,road_condition,collision_type,relation_to_road,work_zone_type,work_zone_loc,work_zone_ind,intersect_type,tcd_type,location_type,urban_rural,fatal_count,injury_count,person_count,total_units,sch_bus_ind,sch_zone_ind,latitude,longitude,arrival_tm,cons_zone_spd_lim,dispatch_tm,est_hrs_closed,lane_closed,ln_close_dir,ntfy_hiwy_maint,spec_juris_cd,tcd_func_cd,tfc_detour_ind,workers_pres,wz_close_detour,wz_flagger,wz_law_offcr_ind,wz_ln_closure,wz_moving,wz_other,wz_shlder_mdn,vehicle_count,automobile_count,motorcycle_count,bus_count,small_truck_count,heavy_truck_count,suv_count,van_count,bicycle_count,maj_inj_count,mod_inj_count,min_inj_count,tot_inj_count,unk_inj_deg_count,unk_inj_per_count,driver_count_16yr,driver_count_17yr,driver_count_18yr,driver_count_19yr,driver_count_20yr,driver_count_50_64yr,driver_count_65_74yr,driver_count_75plus,unbelted_occ_count,unb_death_count,unb_maj_inj_count,belted_death_count,belted_maj_inj_count,mcycle_death_count,mcycle_maj_inj_count,bicycle_death_count,bicycle_maj_inj_count,ped_count,ped_death_count,ped_maj_inj_count,max_severity_level,comm_veh_count,dec_lat,dec_long,rdwy_surf_type_cd,county_name
20907,247309,2016129559,6,67,67301,2016,11,2,730,7,1,1,0,4,1, , ,N,2,3,0,3,0,1,2,3,N, ,40 02:29.954,75 07:35.057,830, ,823,3,2,7,N, ,3,Y, , , , , , , , ,3,2,0,0,0,0,0,1,0,0,0,0,1,1,0,0,0,0,0,0,0,0,0,0,0,0,0,0,0,0,0,0,0,0,0,8,0,40.0417,-75.1264, , 
20908,247358,2016129492,6,67,67301,2016,11,5,915,9,1,1,0,8,1, , ,N,1,2,0,3,0,1,2,2,N, ,39 57:20.808,75 09:32.558,924, ,919, ,0, , , ,3, , , , , , , , , ,1,1,0,0,0,0,0,0,0,0,0,0,1,1,0,0,0,0,0,0,0,0,0,0,0,0,0,0,0,0,0,0,1,0,0,8,0,39.9558,-75.159, , 
20909,247373,2016105601,6,67,67301,2016,9,6,111,1,3,1,0,1,1, , ,N,0,0,0,3,0,1,2,2,N,N,40 01:10.763,75 08:52.091,121, ,116,1,1,2,N, ,0,N, , , , , , , , ,2,2,0,0,0,0,0,0,0,0,1,0,1,0,0,0,0,0,0,0,0,0,0,0,0,0,0,0,0,0,0,0,0,0,0,3,0,40.0197,-75.1478, , 
20910,247400,2016129314,6,67,67301,2016,11,5,2136,21,3,1,0,4,1, , ,N,1,2,0,3,0,1,3,2,N,N,39 59:39.070,75 06:41.033,2138, ,2136, ,0, ,N, ,3, , , , , , , , , ,2,2,0,0,0,0,0,0,0,0,0,0,1,1,0,0,0,0,0,1,0,0,0,0,0,0,0,0,0,0,0,0,0,0,0,8,0,39.9942,-75.1114, , 
20911,247419,2017003623,6,67,67301,2016,12,3,635,6,1,1,0,4,1, , ,N,0,0,7,3,0,1,2,2,N, ,39 56:21.434,75 11:53.564,642, ,637, ,0, , , ,0, , , , , , , , , ,2,1,0,0,1,0,0,0,0,0,1,0,1,0,0,0,0,0,0,0,0,0,0,0,0,0,0,0,0,0,0,0,0,0,0,3,0,39.9393,-75.1982, , 
20912,247421,2017005217,6,67,67301,2016,12,6,1003,10,1,1,0,4,1, , ,N,1,2,0,3,0,1,2,2,N,N,40 05:41.833,75 00:55.566,1007, ,1004,1,1,2,N, ,3,N, , , , , , , , ,2,1,0,0,0,0,1,0,0,0,1,0,1,0,0,0,0,0,0,1,0,0,0,0,0,0,0,0,0,0,0,0,0,0,0,3,0,40.095,-75.0154, , 
20913,247435,2016126136,6,67,67301,2016,11,5,811,8,1,1,0,4,1, , ,N,1,3,0,3,0,2,4,2,N,N,40 00:59.839,75 05:10.881,822, ,820, ,0, ,N, ,3, , , , , , , , , ,2,2,0,0,0,0,0,0,0,0,0,2,2,0,1,0,0,0,0,0,1,0,0,0,0,0,0,0,0,0,0,0,0,0,0,4,0,40.0166,-75.0864, , 
20914,247466,2017002076,6,67,67301,2016,12,6,845,8,1,1,0,4,1, , ,N,1,3,0,3,0,1,2,2,N,N,39 55:58.990,75 09:32.882,852, ,850, ,0, ,N, ,3, , , , , , , , , ,1,0,0,0,0,0,1,0,1,0,0,1,1,0,0,0,0,0,0,0,0,0,0,0,0,0,0,0,0,0,0,0,0,0,0,4,0,39.9331,-75.1591, , 
20915,247489,2016129437,6,67,67301,2016,11,3,2115,21,3,1,0,1,1, , ,N,0,0,0,3,0,0,3,2,N,N,40 03:47.809,75 02:32.444,2128, ,2121,3,2,1,N, ,0,N, , , , , , , , ,2,2,0,0,0,0,0,0,0,0,0,0,0,0,0,0,0,0,0,0,0,0,0,0,0,0,0,0,0,0,0,0,0,0,0,0,0,40.0633,-75.0423, , 
20916,241192,2016129542,6,67,67301,2016,11,1,1105,11,1,1,0,8,6, , ,N,0,0,0,3,0,1,2,2,N, ,40 02:41.218,75 05:19.280,9999, ,1215, ,0, , , ,0, , , , , , , , , ,1,1,0,0,0,0,0,0,0,0,0,1,1,0,0,0,0,0,0,0,0,0,0,1,0,0,0,0,0,0,0,0,1,0,0,4,0,40.0448,-75.0887, , 
20917,241196,2016135847,6,67,67301,2016,11,3,625,6,5,2,1,4,1, , ,N,3,3,0,3,0,0,2,2,N, ,40 01:56.755,75 11:15.640,9999, ,9999, ,0, , , ,3, , , , , , , , , ,2,2,0,0,0,0,0,0,0,0,0,0,0,0,1,0,0,0,0,0,0,0,0,0,0,0,0,0,0,0,0,0,0,0,0,9,0,40.0324,-75.1877, , 
20918,241211,2016120603,6,67,67301,2016,10,5,9999,99,2,2,1,6,1, , ,N,0,0,0,3,0,0,2,2,N,N,39 58:52.590,75 12:30.281,1827, ,1807, ,0, ,N, ,0, , , , , , , , , ,2,1,0,0,0,0,1,0,0,0,0,0,0,0,0,0,0,0,0,0,1,0,0,0,0,0,0,0,0,0,0,0,0,0,0,0,0,39.9813,-75.2084, , 
20919,241214,2017002081,6,67,67301,2016,12,3,1653,16,3,1,0,4,1, , ,N,1,2,0,3,0,2,6,2,N,N,39 57:12.138,75 10:17.638,1700, ,1655,9,1,2,N, ,3,N, , , , , , , , ,2,0,0,1,0,0,1,0,0,0,2,0,2,0,0,0,0,0,0,0,0,0,0,0,0,0,0,0,0,0,0,0,0,0,0,3,1,39.9534,-75.1716, , 
20920,241215,2017000623,6,67,67301,2016,12,6,1655,16,3,1,0,4,1, , ,N,2,2,0,3,0,0,2,2,N,N,40 06:15.684,75 03:06.570,1700, ,1655, ,0, , , ,3, , , , , , , , , ,2,2,0,0,0,0,0,0,0,0,0,0,0,0,0,0,0,0,0,0,0,1,0,1,0,0,0,0,0,0,0,0,0,0,0,0,0,40.1044,-75.0518, , 
20921,241225,2016105599,6,67,67301,2016,9,5,1340,13,1,1,0,1,1, , ,N,0,0,0,3,2,1,3,2,N, ,40 02:35.967,75 06:47.581,1357, ,1352,9,2,5, ,0,0,Y, , , , , , , , ,2,0,0,0,0,0,2,0,0,0,0,0,1,1,0,0,1,0,0,0,0,0,0,0,0,0,0,0,0,0,0,0,0,0,0,1,0,40.0433,-75.1132,2, 
20922,241246,2016136054,6,67,67301,2016,10,4,917,9,1,1,0,0,1, , ,N,0,0,0,3,0,1,1,1,N,N,39 55:47.065,75 08:45.462,928, ,919, ,0, , , ,0, , , , , , , , , ,1,0,1,0,0,0,0,0,0,0,1,0,1,0,0,0,0,0,0,0,0,0,0,0,0,0,0,0,0,0,0,0,0,0,0,3,0,39.9297,-75.146, , 
20923,241251,2016135666,6,67,67301,2016,12,2,700,7,5,2,1,4,1, , ,N,2,3,0,3,0,1,2,2,N,N,39 59:35.577,75 05:35.812,721, ,718, ,0, ,N, ,3, , , , , , , , , ,2,2,0,0,0,0,0,0,0,0,0,1,1,0,0,0,0,0,0,0,0,0,0,0,0,0,0,0,0,0,0,0,0,0,0,4,0,39.9932,-75.0933, , 
20924,241262,2016114268,6,67,67301,2016,10,5,2119,21,3,1,0,8,1, , ,N,0,0,0,3,0,1,2,2,N,N,40 04:27.758,75 04:27.745,2124, ,2119, ,0, ,N, ,0, , , , , , , , , ,1,1,0,0,0,0,0,0,0,0,0,0,1,1,0,0,0,0,0,0,0,0,0,1,0,0,0,0,0,0,0,0,1,0,0,8,0,40.0744,-75.0744, , 
20925,241271,2016092171,6,67,67301,2016,8,5,9999,99,1,1,0,4,1, , ,N,1,2,0,3,0,1,3,2,N,N,40 01:12.877,75 06:50.707,1919, ,1918, ,0, ,N, ,3, , , , , , , , , ,2,1,0,0,0,0,1,0,0,0,0,1,1,0,1,0,0,0,0,1,0,0,0,0,0,0,0,0,0,0,0,0,0,0,0,4,0,40.0202,-75.1141, , 
20926,241272,2016126115,6,67,67301,2016,11,1,1149,11,1,1,0,1,1, , ,N,1,2,0,3,0,4,8,3,N, ,40 00:30.567,75 05:29.407,1155, ,1155, ,0, , , ,3, , , , , , , , , ,3,2,0,0,0,0,1,0,0,0,0,0,4,4,0,0,0,0,0,0,1,0,0,0,0,0,0,0,0,0,0,0,0,0,0,8,0,40.0085,-75.0915, , 
20927,241307,2016119152,6,67,67301,2016,10,5,1750,17,1,1,0,8,1, , ,N,2,0,0,3,0,1,2,2,N,N,40 02:26.426,75 02:32.809,1901, ,1852, ,0, ,N, ,0, , , , , , , , , ,1,0,0,0,0,0,1,0,0,0,0,1,1,0,0,0,0,0,0,0,0,1,0,1,0,0,0,0,0,0,0,0,1,0,0,4,0,40.0407,-75.0424, , 
20928,241327,2016099189,6,67,67301,2016,9,5,1430,14,1,1,0,1,1, , ,N,0,0,0,3,0,3,5,2,N,N,40 00:21.344,75 04:29.868,1508, ,1430, ,0, , , ,0, , , , , , , , , ,2,1,0,0,0,0,1,0,0,0,3,0,3,0,0,0,0,0,0,0,0,0,0,0,0,0,0,0,0,0,0,0,0,0,0,3,0,40.0059,-75.075, , 
20929,241337,2016117702,6,67,67301,2016,10,6,1620,16,1,1,0,4,1, , ,N,0,0,7,3,0,0,2,2,N,N,39 57:09.753,75 09:23.245,1630, ,1620, ,0, ,N, ,0, , , , , , , , , ,2,1,0,1,0,0,0,0,0,0,0,0,0,0,0,0,0,0,0,0,1,0,0,1,0,0,0,0,0,0,0,0,0,0,0,0,1,39.9527,-75.1565, , 
20930,241353,2016124082,6,67,67301,2016,11,7,2110,21,3,1,0,1,1, , ,N,0,0,0,3,0,3,5,2,N,N,40 03:49.468,75 02:32.397,2120, ,2114,1,2,2,N, ,0,N, , , , , , , , ,2,0,0,0,0,0,2,0,0,0,3,0,3,0,0,0,0,0,0,0,0,0,0,0,0,0,0,0,0,0,0,0,0,0,0,3,0,40.0637,-75.0423, , 
20931,241356,2016135767,6,67,67301,2016,11,4,1430,14,1,2,1,1,1, , ,N,1,2,0,3,0,0,3,3,N,N,40 00:20.692,75 05:56.577,1430, ,1430, ,0, ,N, ,3, , , , , , , , , ,3,2,0,0,0,0,1,0,0,0,0,0,0,0,0,0,0,0,0,0,0,0,0,0,0,0,0,0,0,0,0,0,0,0,0,0,0,40.0057,-75.099, , 
20932,241386,2016096642,6,67,67301,2016,8,3,755,7,1,7,0,1,1, , ,N,1,2,3,3,0,1,2,2,Y,N,40 01:11.208,75 09:02.246,820, ,759, ,0, ,N, ,3, , , , , , , , , ,2,1,0,1,0,0,0,0,0,0,0,1,1,0,0,0,0,0,0,0,2,0,0,0,0,0,0,0,0,0,0,0,0,0,0,4,1,40.0198,-75.1506, , 
20933,241398,2016112155,6,67,67301,2016,10,6,2200,22,3,1,0,5,6, , ,N,0,0,0,3,0,0,4,3,N,N,40 03:00.601,75 09:01.678,2305, ,2255, ,0, ,N, ,0, , , , , , , , , ,3,1,0,0,0,0,1,1,0,0,0,0,0,0,4,0,0,0,0,0,0,0,0,0,0,0,0,0,0,0,0,0,0,0,0,9,0,40.0502,-75.1505, , 
20934,244147,2016126127,6,67,67301,2016,11,2,1040,10,1,1,0,1,1, , ,N,1,2,0,3,0,0,2,2,N, ,40 01:49.610,75 10:35.990,1050, ,1045,1,1,1, , ,3,Y, , , , , , , , ,2,1,0,0,0,0,1,0,0,0,0,0,0,0,1,0,0,0,0,0,0,0,2,0,0,0,0,0,0,0,0,0,0,0,0,9,0,40.0304,-75.1767, , 
20935,244165,2017020764,6,67,67301,2016,7,3,1740,17,1,1,0,1,1, , ,N,2,2,0,3,0,2,4,3,N,N,39 53:40.400,75 13:46.386,0, ,0, ,0, ,N, ,3, , , , , , , , , ,3,2,0,0,0,0,0,0,0,0,1,0,2,1,0,0,0,0,0,0,0,0,0,1,0,0,0,0,0,0,0,0,0,0,0,3,0,39.8946,-75.2296, , 
20936,244175,2016129258,6,67,67301,2016,11,6,1834,18,3,1,0,4,1, , ,N,1,3,0,3,0,1,2,2,N,N,39 57:20.455,75 13:46.801,2013, ,2010, ,0, ,N, ,3, , , , , , , , , ,2,2,0,0,0,0,0,0,0,0,0,1,1,0,0,0,0,0,1,0,0,0,0,0,0,0,0,0,0,0,0,0,0,0,0,4,0,39.9557,-75.2297, , 
20937,244189,2016106325,6,67,67301,2016,9,2,815,8,1,2,1,5,6, , ,N,0,0,0,3,0,0,1,2,N,N,40 00:26.953,75 08:46.363,900, ,820,4,2,1,N, ,0,Y, , , , , , , , ,2,1,0,0,0,0,1,0,0,0,0,0,0,0,0,0,0,0,0,0,0,0,0,1,0,0,0,0,0,0,0,0,0,0,0,0,0,40.0075,-75.1462, , 
20938,244191,2016106314,6,67,67301,2016,9,2,1158,11,1,2,8,7,4, , ,N,0,0,0,3,0,0,1,1,N,N,40 04:53.555,75 13:14.163,1205, ,1205,3,2,6,N, ,0,Y, , , , , , , , ,1,1,0,0,0,0,0,0,0,0,0,0,0,0,0,0,0,0,0,0,0,0,0,0,0,0,0,0,0,0,0,0,0,0,0,0,0,40.0815,-75.2206, , 
20939,244200,2017001450,6,67,67301,2016,12,5,728,7,5,2,1,7,1, , ,N,7,0,3,3,0,0,2,2,N,N,40 02:55.073,74 59:54.825,737, ,728, ,0, , , ,0, , , , , , , , , ,2,0,0,0,0,0,1,0,0,0,0,0,0,0,1,0,0,0,0,0,1,0,0,0,0,0,0,0,0,0,0,0,0,0,0,9,0,40.0486,-74.9986, , 
20940,244202,2016105519,6,67,67301,2016,9,2,1037,10,1,1,0,8,1, , ,N,1,3,0,3,0,1,2,2,N, ,39 55:26.745,75 09:28.537,1130, ,1127, ,0, , , ,3, , , , , , , , , ,1,1,0,0,0,0,0,0,0,0,0,1,1,0,0,0,0,0,0,0,0,0,1,0,0,0,0,0,0,0,0,0,1,0,0,4,0,39.9241,-75.1579, , 
20941,244215,2016125136,6,67,67301,2016,11,3,1728,17,3,2,1,8,7, , ,N,1,3,0,3,0,1,2,2,N,N,39 58:47.812,75 09:19.414,1731, ,1730, ,0, ,N, ,3, , , , , , , , , ,1,1,0,0,0,0,0,0,0,0,0,1,1,0,0,0,0,0,0,0,0,0,0,1,0,0,0,0,0,0,0,0,1,0,0,4,0,39.9799,-75.1554, , 
20942,244216,2016129419,6,67,67301,2016,11,1,1342,13,1,1,0,4,1, , ,N,0,0,0,3,0,0,3,2,N, ,39 58:43.448,75 12:35.012,1455, ,1453, ,0, , , ,0, , , , , , , , , ,2,1,0,0,0,0,0,1,0,0,0,0,0,0,0,0,0,0,0,0,0,0,0,0,0,0,0,0,0,0,0,0,0,0,0,0,0,39.9787,-75.2097, , 
20943,244230,2016132226,6,67,67301,2016,11,2,945,9,1,1,0,8,1, , ,N,1,2,0,3,0,1,2,2,N,N,39 57:25.867,75 12:07.023,1002, ,953, ,0, , , ,3, , , , , , , , , ,1,1,0,0,0,0,0,0,0,0,1,0,1,0,0,0,0,0,0,0,1,0,0,1,0,0,0,0,0,0,0,0,1,0,0,3,0,39.9571,-75.2019, , 
20944,244235,2016120583,6,67,67301,2016,10,1,307,3,3,1,0,4,1, , ,N,1,2,0,3,0,4,4,2,N,N,40 03:24.532,75 02:49.228,317, ,307,1,2,2,N, ,3,Y, , , , , , , , ,2,2,0,0,0,0,0,0,0,0,0,0,4,4,0,0,0,1,0,0,0,0,0,1,0,0,0,0,0,0,0,0,0,0,0,8,0,40.0568,-75.047, , 
20945,244242,2017005767,6,67,67301,2016,12,2,1431,14,1,1,0,7,4, , ,N,0,0,0,3,0,0,1,1,N,N,39 59:41.504,75 05:38.703,1442, ,1438,1,2,1, , ,0,N, , , , , , , , ,1,1,0,0,0,0,0,0,0,0,0,0,0,0,0,0,0,0,0,0,0,0,0,0,0,0,0,0,0,0,0,0,0,0,0,0,0,39.9949,-75.0941, , 
20946,244243,2017007772,6,67,67301,2016,12,7,1705,17,2,1,2,1,1, , ,N,1,2,0,3,0,0,3,3,N,N,39 56:45.089,75 14:25.018,1713, ,1712, ,0, ,N, ,3, , , , , , , , , ,3,2,0,0,0,0,1,0,0,0,0,0,0,0,0,0,0,0,0,0,2,0,0,0,0,0,0,0,0,0,0,0,0,0,0,0,0,39.9459,-75.2403, , 
20947,244287,2016126185,6,67,67301,2016,10,2,1508,15,1,1,0,4,1, , ,N,1,2,0,3,0,1,5,2,N, ,40 00:19.858,75 06:19.198,1510, ,1510, ,0, , , ,3, , , , , , , , , ,2,0,0,0,0,0,0,1,0,0,0,1,1,0,0,0,0,0,0,0,0,0,0,0,0,0,0,0,0,0,0,0,0,0,0,4,0,40.0055,-75.1053, , 
20948,244288,2016129315,6,67,67301,2016,11,6,1720,17,4,9,0,4,1, , ,N,1,2,0,3,0,1,2,2,N, ,39 59:27.061,75 09:18.508,1850, ,1120, ,0, , , ,3, , , , , , , , , ,2,2,0,0,0,0,0,0,0,0,0,1,1,0,1,0,0,0,0,0,0,0,0,0,0,0,0,0,0,0,0,0,0,0,0,4,0,39.9909,-75.1551, , 
20949,244290,2016132243,6,67,67301,2016,11,3,2040,20,3,2,1,4,1, , ,N,1,2,0,3,0,1,2,2,N, ,39 55:38.874,75 13:54.199,2051, ,2048, ,0, ,N, ,3, , , , , , , , , ,1,1,0,0,0,0,0,0,1,0,0,0,1,1,0,0,0,0,0,0,0,1,0,1,0,0,0,0,0,0,0,0,0,0,0,8,0,39.9275,-75.2317, , 
20950,244291,2016132135,6,67,67301,2016,11,3,1730,17,3,2,1,4,1, , ,N,1,3,0,3,0,1,3,2,N,N,39 55:35.547,75 09:26.589,1744, ,1743, ,0, ,N, ,3, , , , , , , , , ,1,0,0,0,0,0,0,1,1,0,0,1,1,0,0,0,0,0,0,0,1,0,0,0,0,0,0,0,0,0,0,0,0,0,0,4,0,39.9265,-75.1574, , 
20951,244301,2016129975,6,67,67301,2016,11,2,755,7,1,1,0,1,6, , ,N,0,0,0,3,0,1,1,2,N,N,39 57:56.037,75 13:34.369,855, ,850, ,0, ,N, ,0, , , , , , , , , ,2,1,0,0,1,0,0,0,0,0,0,0,1,1,0,0,0,0,0,0,0,0,0,1,0,0,0,0,0,0,0,0,0,0,0,8,0,39.9656,-75.2262, , 
20952,250244,2017003663,6,67,67301,2016,12,7,1434,14,1,8,4,8,1, , ,N,1,2,0,3,0,1,2,2,N,N,39 56:52.000,75 13:38.688,1434, ,1434, ,0, ,N, ,3, , , , , , , , , ,1,1,0,0,0,0,0,0,0,0,0,0,1,1,0,0,0,0,0,0,0,0,0,1,0,0,0,0,0,0,0,0,1,0,0,8,0,39.9478,-75.2274, , 
20953,250256,2016129381,6,67,67301,2016,11,1,245,2,3,1,1,4,1, , ,N,1,2,0,3,0,3,4,2,N,N,40 00:52.752,75 09:24.063,252, ,246,2,1,2,N, ,3,Y, , , , , , , , ,2,1,0,0,0,0,1,0,0,0,0,3,3,0,1,0,0,1,0,0,0,0,0,2,0,0,0,0,0,0,0,0,0,0,0,4,0,40.0146,-75.1567, , 
20954,250265,2016120495,6,67,67301,2016,10,1,1713,17,1,1,0,4,1, , ,N,2,3,0,3,0,1,2,3,N,N,39 58:20.294,75 12:40.528,1713, ,1713, ,0, , , ,3, , , , , , , , , ,3,2,0,0,0,0,1,0,0,0,1,0,1,0,0,0,0,0,0,0,1,0,0,0,0,0,0,0,0,0,0,0,0,0,0,3,0,39.9723,-75.2113, , 
20955,250269,2016136793,6,67,67301,2016,12,6,1130,11,1,1,2,1,1, , ,N,0,0,0,3,0,0,2,2,N,N,39 57:29.892,75 09:58.126,1130, ,1130, ,0, , , ,0, , , , , , , , , ,2,0,0,0,0,0,2,0,0,0,0,0,0,0,0,0,0,0,0,1,1,0,0,0,0,0,0,0,0,0,0,0,0,0,0,0,0,39.9583,-75.1661, , 
20956,250287,2016126151,6,67,67301,2016,11,4,746,7,1,2,1,4,1, , ,N,2,0,0,3,0,1,2,2,N, ,39 56:21.829,75 13:33.481,811, ,804, ,0, , , ,0, , , , , , , , , ,2,2,0,0,0,0,0,0,0,0,0,1,1,0,0,0,0,0,0,0,0,0,0,0,0,0,0,0,0,0,0,0,0,0,0,4,0,39.9394,-75.226, , 
20957,250297,2017005746,6,67,67301,2016,12,6,1516,15,1,1,0,4,1, , ,N,1,3,0,3,0,1,2,2,N,N,40 03:35.662,75 03:28.106,1525, ,1519, ,0, , , ,3, , , , , , , , , ,2,1,0,0,0,0,1,0,0,0,0,1,1,0,0,0,1,0,0,0,0,1,0,0,0,0,0,0,0,0,0,0,0,0,0,4,0,40.0599,-75.0578, , 
20958,250299,2017007952,6,67,67301,2016,12,7,9999,99,3,1,0,5,1, , ,N,0,0,0,3,0,1,3,3,N,N,39 58:00.760,75 08:24.540,2140, ,2136,9,1,2,N, ,0,N, , , , , , , , ,3,3,0,0,0,0,0,0,0,0,0,1,1,0,0,0,0,0,0,0,0,0,0,0,0,0,0,0,0,0,0,0,0,0,0,4,0,39.9669,-75.1402, , 
20959,250329,2016134726,6,67,67301,2016,12,1,1412,14,1,2,1,7,2, , ,N,0,0,0,3,0,1,1,1,N,N,39 56:35.783,75 08:33.997,1421, ,1412, ,0, , , ,0, , , , , , , , , ,1,0,0,0,1,0,0,0,0,0,0,1,1,0,0,0,0,0,0,0,0,0,0,0,0,0,0,0,0,0,0,0,0,0,0,4,0,39.9433,-75.1428, , 
20960,250332,2016138216,6,67,67301,2016,12,6,1130,11,1,1,0,1,1, , ,N,1,2,0,3,0,1,3,3,N,N,40 04:51.445,75 01:43.230,1155, ,1152, ,0, ,N, ,3, , , , , , , , , ,3,1,0,0,1,0,1,0,0,0,0,1,1,0,0,0,0,0,0,1,1,0,0,0,0,0,0,0,0,0,0,0,0,0,0,4,0,40.0809,-75.0288, , 
20961,250342,2016108590,6,67,67301,2016,10,5,1530,15,1,1,0,4,1, , ,N,1,0,0,3,0,2,4,2,N,N,39 57:52.225,75 09:39.635,1555, ,1549, ,0, ,N, ,0, , , , , , , , , ,1,0,0,0,0,0,0,1,1,0,0,1,2,1,0,0,0,0,0,0,0,0,0,0,0,0,0,0,0,0,0,0,0,0,0,4,0,39.9644,-75.1609, , 
20962,250381,2017007795,6,67,67301,2016,12,6,154,1,3,1,0,7,5, , ,N,0,0,0,3,0,4,4,1,N,N,40 01:31.280,75 04:24.247,206, ,204,2,2,5,N, ,0,Y, , , , , , , , ,1,1,0,0,0,0,0,0,0,0,4,0,4,0,0,0,0,0,0,0,0,0,0,4,0,0,0,0,0,0,0,0,0,0,0,3,0,40.0254,-75.0734, , 
20963,250382,2017005232,6,67,67301,2016,12,5,2205,22,3,1,0,1,1, , ,N,0,2,0,3,0,4,5,3,N,N,40 01:43.156,75 05:24.218,2229, ,2217, ,0, ,N, ,3, , , , , , , , , ,3,1,0,0,0,0,2,0,0,0,1,3,4,0,0,0,0,0,0,0,1,0,0,3,0,0,0,0,0,0,0,0,0,0,0,3,0,40.0287,-75.0901, , 
20964,250385,2016092080,6,67,67301,2016,8,7,2305,23,3,1,0,4,1, , ,N,1,2,0,3,0,0,4,2,N,N,39 55:30.716,75 10:33.742,2333, ,2333, ,0, ,N, ,3, , , , , , , , , ,2,1,0,0,0,0,1,0,0,0,0,0,0,0,0,0,1,0,0,0,1,0,0,0,0,0,0,0,0,0,0,0,0,0,0,0,0,39.9252,-75.1759, , 
20965,250398,2016129465,6,67,67301,2016,11,1,1401,14,1,1,0,4,1, , ,N,1,2,0,3,0,1,2,2,N,N,39 58:07.803,75 14:43.549,1436, ,1432,2,1,2,N, ,3,N, , , , , , , , ,2,2,0,0,0,0,0,0,0,0,1,0,1,0,0,0,0,0,0,0,0,0,0,1,0,0,0,0,0,0,0,0,0,0,0,3,0,39.9688,-75.2454, , 
20966,250455,2016132205,6,67,67301,2016,11,4,830,8,1,2,1,4,1, , ,N,1,3,0,3,0,0,2,2,N, ,40 00:12.358,75 09:04.348,840, ,833, ,0, , , ,3, , , , , , , , , ,2,2,0,0,0,0,0,0,0,0,0,0,0,0,0,0,0,0,0,0,1,0,0,0,0,0,0,0,0,0,0,0,0,0,0,0,0,40.0034,-75.1512, , 
20967,250460,2017017540,6,67,67301,2016,5,7,1930,19,1,1,0,1,1, , ,N,0,0,0,3,0,1,2,2,N,N,40 03:07.200,75 09:00.400,0, ,0, ,0, ,N, ,0, , , , , , , , , ,2,0,0,0,0,0,1,0,0,0,0,0,1,1,0,0,0,0,0,0,0,1,0,0,0,0,0,0,0,0,0,0,0,0,0,8,0,40.052,-75.1501, , 
20968,250462,2017023155,6,67,67301,2016,11,2,1550,15,1,1,0,4,1, , ,N,1,3,0,3,0,1,6,2,N,N,40 00:49.006,75 08:12.569,0, ,0, ,0, ,N, ,3, , , , , , , , , ,2,2,0,0,0,0,0,0,0,0,1,0,1,0,0,0,0,0,0,0,0,0,0,1,0,0,0,0,0,0,0,0,0,0,0,3,0,40.0136,-75.1368, , 
20969,250477,2016099549,6,67,67301,2016,9,6,730,7,1,1,0,8,1, , ,N,0,0,7,3,0,1,2,2,N, ,39 55:22.287,75 11:06.818,730, ,730, ,0, , , ,0, , , , , , , , , ,1,1,0,0,0,0,0,0,0,0,0,1,1,0,0,0,0,0,0,0,0,0,0,0,0,0,0,0,0,0,0,0,1,0,0,4,0,39.9229,-75.1852, , 
20970,247494,2016136191,6,67,67301,2016,12,6,337,3,3,1,0,7,4, , ,N,7,0,2,3,0,3,3,2,N,N,39 58:38.515,75 12:01.729,346, ,339,2,2,3, , ,0,Y, , , , , , , , ,1,1,0,0,0,0,0,0,0,0,3,0,3,0,0,0,0,0,0,0,0,0,0,1,0,0,0,0,0,0,0,0,0,0,0,3,0,39.9774,-75.2005, , 
20971,247504,2017008027,6,67,67301,2016,11,7,102,1,3,1,0,5,1, , ,N,0,0,0,3,0,0,4,3,N,N,39 55:47.819,75 11:53.420,110, ,102,2,1,3, , ,0,N, , , , , , , , ,3,2,0,0,0,0,1,0,0,0,0,0,0,0,0,0,0,1,0,0,1,0,0,0,0,0,0,0,0,0,0,0,0,0,0,0,0,39.9299,-75.1982, , 
20972,247540,2016120528,6,67,67301,2016,10,2,303,3,3,1,0,7,4, , ,N,1,2,0,3,0,1,1,1,N,N,40 01:34.840,75 05:50.934,310, ,305,9,1,1,N, ,3,N, , , , , , , , ,1,1,0,0,0,0,0,0,0,0,0,1,1,0,0,0,0,0,0,0,0,0,0,0,0,0,0,0,0,0,0,0,0,0,0,4,0,40.0263,-75.0975, , 
20973,247561,2017005769,6,67,67301,2016,11,4,850,8,1,1,0,8,1, , ,N,1,2,0,3,0,1,2,2,N,N,40 01:39.836,75 06:35.867,1055, ,1050, ,0, ,N, ,3, , , , , , , , , ,1,0,0,0,0,0,1,0,0,0,0,0,1,1,0,0,0,0,0,0,0,0,0,1,0,0,0,0,0,0,0,0,1,0,0,8,0,40.0277,-75.11, , 
20974,247565,2016132194,6,67,67301,2016,11,3,645,6,1,2,1,1,1, , ,N,2,2,0,3,0,0,2,2,N,N,40 07:06.945,75 00:25.153,703, ,651, ,0, ,N, ,3, , , , , , , , , ,2,1,0,0,0,0,1,0,0,0,0,0,0,0,0,0,0,0,0,0,1,0,0,0,0,0,0,0,0,0,0,0,0,0,0,0,0,40.1186,-75.007, , 