objectid_1,objectid,crn,district,county,municipality,crash_year,crash_month,day_of_week,time_of_day,hour_of_day,illumination,weather,road_condition,collision_type,relation_to_road,work_zone_type,work_zone_loc,work_zone_ind,intersect_type,tcd_type,location_type,urban_rural,fatal_count,injury_count,person_count,total_units,sch_bus_ind,sch_zone_ind,latitude,longitude,arrival_tm,cons_zone_spd_lim,dispatch_tm,est_hrs_closed,lane_closed,ln_close_dir,ntfy_hiwy_maint,spec_juris_cd,tcd_func_cd,tfc_detour_ind,workers_pres,wz_close_detour,wz_flagger,wz_law_offcr_ind,wz_ln_closure,wz_moving,wz_other,wz_shlder_mdn,vehicle_count,automobile_count,motorcycle_count,bus_count,small_truck_count,heavy_truck_count,suv_count,van_count,bicycle_count,maj_inj_count,mod_inj_count,min_inj_count,tot_inj_count,unk_inj_deg_count,unk_inj_per_count,driver_count_16yr,driver_count_17yr,driver_count_18yr,driver_count_19yr,driver_count_20yr,driver_count_50_64yr,driver_count_65_74yr,driver_count_75plus,unbelted_occ_count,unb_death_count,unb_maj_inj_count,belted_death_count,belted_maj_inj_count,mcycle_death_count,mcycle_maj_inj_count,bicycle_death_count,bicycle_maj_inj_count,ped_count,ped_death_count,ped_maj_inj_count,max_severity_level,comm_veh_count,dec_lat,dec_long,rdwy_surf_type_cd,county_name
20975,247570,2016126122,6,67,67301,2016,11,7,852,8,1,1,0,4,1, , ,N,1,2,0,3,0,3,4,2,N,N,40 05:41.184,75 00:55.174,907, ,857,2,1,2,N, ,3,N, , , , , , , , ,2,2,0,0,0,0,0,0,0,0,3,0,3,0,0,0,0,0,0,0,0,0,0,0,0,0,0,0,0,0,0,0,0,0,0,3,0,40.0948,-75.0153, , 
20976,247577,2016135793,6,67,67301,2016,12,3,1654,16,3,2,1,1,1, , ,N,0,0,0,3,0,1,2,2,N,N,40 00:45.226,75 08:27.621,1655, ,1654, ,0, ,N, ,0, , , , , , , , , ,2,2,0,0,0,0,0,0,0,0,0,1,1,0,0,0,0,0,0,0,1,0,0,0,0,0,0,0,0,0,0,0,0,0,0,4,0,40.0126,-75.141, , 
20977,247590,2017005264,6,67,67301,2016,12,7,1256,12,1,2,1,4,1, , ,N,2,3,0,3,0,0,3,3,N,N,40 01:47.599,75 12:23.218,1305, ,1258,2,1,2,N, ,3,N, , , , , , , , ,3,2,0,0,0,0,1,0,0,0,0,0,0,0,0,0,0,0,0,0,1,0,0,0,0,0,0,0,0,0,0,0,0,0,0,0,0,40.0299,-75.2064, , 
20978,247593,2016126170,6,67,67301,2016,11,3,920,9,1,1,0,4,1, , ,N,1,3,0,3,0,1,4,2,N,N,40 00:29.401,75 09:20.113,924, ,921,2,2,7,N, ,3,Y, , , , , , , , ,2,1,0,0,0,0,1,0,0,0,0,1,1,0,0,0,0,0,0,0,1,0,0,0,0,0,0,0,0,0,0,0,0,0,0,4,0,40.0082,-75.1556, , 
20979,247594,2016126200,6,67,67301,2016,11,7,1113,11,1,1,0,9,1, , ,N,0,0,0,3,0,0,1,1,N,N,40 05:34.552,75 02:49.988,1118, ,1115, ,0, , , ,0, , , , , , , , , ,1,0,0,0,0,0,1,0,0,0,0,0,0,0,0,0,0,0,0,0,0,0,0,0,0,0,0,0,0,0,0,0,0,0,0,0,0,40.0929,-75.0472, , 
20980,247616,2016096648,6,67,67301,2016,8,1,2001,20,2,1,0,4,1, , ,N,0,0,7,3,0,1,3,2,N,N,39 55:08.807,75 14:48.614,2003, ,2002,3,2,6,N, ,0,Y, , , , , , , , ,2,0,1,0,0,0,1,0,0,1,0,0,1,0,0,0,0,0,0,1,0,0,0,0,0,0,0,0,0,1,0,0,0,0,0,2,0,39.9191,-75.2468, , 
20981,247637,2016117674,6,67,67301,2016,10,6,1022,10,1,1,0,4,1, , ,N,1,2,0,3,0,1,2,2,N,N,39 58:30.316,75 11:41.875,1030, ,1022, ,0, , , ,3, , , , , , , , , ,1,0,0,0,0,0,1,0,1,0,0,1,1,0,0,0,0,0,0,0,0,0,1,0,0,0,0,0,0,0,0,0,0,0,0,4,0,39.9751,-75.195, , 
20982,247651,2016138158,6,67,67301,2016,12,1,1315,13,1,1,0,1,1, , ,N,1,2,0,3,0,3,5,3,N,N,40 01:17.486,75 08:23.326,1322, ,1318,1,1,2,N, ,3,N, , , , , , , , ,3,3,0,0,0,0,0,0,0,0,0,3,3,0,1,0,0,0,0,0,1,0,0,0,0,0,0,0,0,0,0,0,0,0,0,4,0,40.0215,-75.1398, , 
20983,247657,2017003564,6,67,67301,2016,12,7,2047,20,3,1,0,8,1, , ,N,0,0,0,3,0,1,2,2,N,N,40 00:49.053,75 04:06.112,2053, ,2050, ,0, ,N, ,0, , , , , , , , , ,1,0,0,0,1,0,0,0,0,0,0,1,1,0,0,0,0,0,0,0,0,0,0,0,0,0,0,0,0,0,0,0,1,0,0,4,0,40.0136,-75.0684, , 
20984,247674,2016106345,6,67,67301,2016,9,4,900,9,1,1,0,8,1, , ,N,1,3,0,3,0,1,2,2,N,N,40 01:16.838,75 07:20.708,1652, ,1650, ,0, , , ,3, , , , , , , , , ,1,0,0,0,0,0,0,1,0,0,0,1,1,0,0,0,0,0,0,0,0,0,0,0,0,0,0,0,0,0,0,0,1,0,0,4,0,40.0213,-75.1224, , 
20985,247677,2017004186,6,67,67301,2016,12,3,1330,13,1,1,0,7,4, , ,N,0,0,0,3,0,0,2,1,N,N,40 05:33.222,75 02:54.550,1335, ,1332,3,1,4,N, ,0,Y, , , , , , , , ,1,1,0,0,0,0,0,0,0,0,0,0,0,0,0,0,0,0,0,0,0,1,0,0,0,0,0,0,0,0,0,0,0,0,0,0,0,40.0926,-75.0485, , 
20986,247678,2017005237,6,67,67301,2016,12,1,1704,17,4,1,0,4,1, , ,N,1,3,0,3,0,1,2,2,N,N,40 02:32.132,75 10:16.291,1707, ,1705, ,0, ,N, ,3, , , , , , , , , ,2,1,0,0,0,0,0,1,0,0,0,1,1,0,0,0,0,0,0,0,1,0,0,0,0,0,0,0,0,0,0,0,0,0,0,4,0,40.0423,-75.1712, , 
20987,247707,2017003658,6,67,67301,2016,12,1,1345,13,1,1,0,1,1, , ,N,0,0,0,3,0,1,7,3,N,N,40 02:31.313,75 06:45.561,1348, ,1348, ,0, , , ,0, , , , , , , , , ,3,1,0,0,0,0,1,1,0,0,0,1,1,0,0,0,0,0,0,0,0,0,0,1,0,0,0,0,0,0,0,0,0,0,0,4,0,40.042,-75.1127, , 
20988,241402,2016132231,6,67,67301,2016,11,6,2025,20,3,1,0,1,1, , ,N,1,2,0,3,0,0,2,2,N,N,39 58:25.604,75 14:43.036,2025, ,2025, ,0, ,N, ,3, , , , , , , , , ,2,1,0,0,0,0,1,0,0,0,0,0,0,0,0,0,0,0,0,0,0,0,0,0,0,0,0,0,0,0,0,0,0,0,0,0,0,39.9738,-75.2452, , 
20989,241412,2017005758,6,67,67301,2016,12,4,1506,15,1,1,0,4,1, , ,N,1,3,0,3,0,1,2,2,N,N,39 55:58.569,75 10:39.525,1651, ,1649, ,0, ,N, ,3, , , , , , , , , ,2,2,0,0,0,0,0,0,0,0,0,0,1,1,0,0,0,0,0,0,2,0,0,0,0,0,0,0,0,0,0,0,0,0,0,8,0,39.9329,-75.1776, , 
20990,241434,2017017996,6,67,67301,2016,5,2,1004,10,1,1,0,1,1, , ,N,5,2,0,3,0,1,2,2,N,N,40 01:47.791,75 09:11.771,0, ,0, ,0, ,N, ,3, , , , , , , , , ,2,1,0,0,0,0,1,0,0,0,1,0,1,0,0,0,0,0,0,0,0,0,0,0,0,0,0,0,0,0,0,0,0,0,0,3,0,40.0299,-75.1533, , 
20991,241435,2017019584,6,67,67301,2016,7,1,9999,99,1,1,0,4,1, , ,N,2,3,0,3,0,1,2,2,N,N,40 00:02.181,75 09:29.033,0, ,0, ,0, ,N, ,3, , , , , , , , , ,2,2,0,0,0,0,0,0,0,0,0,0,1,1,0,0,0,0,0,0,1,0,1,0,0,0,0,0,0,0,0,0,0,0,0,8,0,40.0006,-75.1581, , 
20992,241437,2016119151,6,67,67301,2016,10,6,2157,21,3,2,1,8,1, , ,N,0,0,0,3,0,1,2,2,N,N,39 58:02.079,75 08:03.890,2157, ,2156, ,0, ,N, ,0, , , , , , , , , ,1,1,0,0,0,0,0,0,0,0,0,1,1,0,0,0,0,0,0,0,0,0,0,0,0,0,0,0,0,0,0,0,1,0,0,4,0,39.9672,-75.1344, , 
20993,241443,2016126190,6,67,67301,2016,11,7,950,9,1,1,0,4,1, , ,N,1,3,0,3,0,0,2,2,N, ,39 59:30.359,75 08:14.406,954, ,953, ,0, , , ,3, , , , , , , , , ,2,2,0,0,0,0,0,0,0,0,0,0,0,0,0,0,0,0,0,0,0,0,0,2,0,0,0,0,0,0,0,0,0,0,0,0,0,39.9917,-75.1373, , 
20994,241464,2016135706,6,67,67301,2016,12,5,100,1,3,2,1,7,2, , ,N,0,0,1,3,0,0,1,1,N, ,39 55:17.777,75 11:25.705,127, ,123,2,2,4, , ,0,Y, , , , , , , , ,1,1,0,0,0,0,0,0,0,0,0,0,0,0,0,0,0,0,0,0,0,0,0,0,0,0,0,0,0,0,0,0,0,0,0,0,0,39.9216,-75.1905, , 
20995,241475,2017007939,6,67,67301,2016,12,5,920,9,1,1,0,8,1, , ,N,1,2,0,3,0,1,4,2,N,N,39 56:38.959,75 12:59.633,933, ,926, ,0, , , ,3, , , , , , , , , ,1,0,0,0,0,0,1,0,0,0,0,1,1,0,0,0,0,0,0,0,0,1,0,0,0,0,0,0,0,0,0,0,1,0,0,4,0,39.9442,-75.2166, , 
20996,241478,2017002603,6,67,67301,2016,12,7,2051,20,3,1,0,1,1, , ,N,6,0,0,3,0,1,3,2,N,N,39 58:56.987,75 12:28.299,2059, ,2053, ,0, , , ,0, , , , , , , , , ,2,2,0,0,0,0,0,0,0,0,0,1,1,0,0,0,0,0,0,0,0,0,0,0,0,0,0,0,0,0,0,0,0,0,0,4,0,39.9825,-75.2079, , 
20997,241479,2017003672,6,67,67301,2016,12,4,750,7,3,1,0,4,1, , ,N,1,3,0,3,0,1,2,2,N,N,39 57:59.526,75 09:29.818,2010, ,1953, ,0, ,N, ,3, , , , , , , , , ,1,0,0,0,0,0,1,0,1,0,0,1,1,0,0,0,0,0,0,0,0,0,0,1,0,0,0,0,0,0,0,0,0,0,0,4,0,39.9665,-75.1583, , 
20998,241498,2016126133,6,67,67301,2016,11,7,225,2,3,1,0,4,1, , ,N,1,2,0,3,0,2,3,2,N,N,40 01:47.421,75 06:15.635,225, ,225,9,1,3,N, ,3,N, , , , , , , , ,2,1,0,0,0,0,0,1,0,0,0,2,2,0,0,0,0,0,0,0,0,0,0,0,0,0,0,0,0,0,0,0,0,0,0,4,0,40.0298,-75.1043, , 
20999,241507,2016120459,6,67,67301,2016,10,6,1535,15,1,1,0,6,1, , ,N,0,0,0,3,0,3,4,3,N,N,39 58:25.887,75 11:26.665,1547, ,1537,3,2,5,N, ,0,Y, , , , , , , , ,3,1,0,0,1,0,1,0,0,1,0,2,3,0,0,0,0,0,0,0,0,0,0,1,0,0,0,0,0,0,0,0,0,0,0,2,0,39.9739,-75.1907, , 
21000,241508,2016120614,6,67,67301,2016,10,1,840,8,1,1,0,4,1, , ,N,1,2,0,3,0,1,2,2,N,N,39 57:20.808,75 09:32.558,901, ,845, ,0, ,N, ,3, , , , , , , , , ,2,1,0,0,0,0,1,0,0,0,0,0,1,1,0,0,0,0,0,0,0,0,0,1,0,0,0,0,0,0,0,0,0,0,0,8,0,39.9558,-75.159, , 
21001,241546,2016117692,6,67,67301,2016,10,3,1229,12,1,1,0,7,5, , ,N,1,0,0,3,0,1,1,1,N, ,39 58:28.135,75 14:20.889,1236, ,1229, ,0, , , ,0, , , , , , , , , ,1,0,0,0,0,0,1,0,0,0,0,0,1,1,0,0,0,0,0,0,0,0,1,1,0,0,0,0,0,0,0,0,0,0,0,8,0,39.9745,-75.2391, , 
21002,241553,2016081421,6,67,67301,2016,6,2,2041,20,3,9,8,1,1, , ,N,0,0,0,3,0,1,2,2,N, ,40 01:44.949,75 06:05.705,930, ,9999, ,0, , , ,0, , , , , , , , , ,2,2,0,0,0,0,0,0,0,0,0,0,1,1,0,0,0,0,0,0,0,0,0,0,0,0,0,0,0,0,0,0,0,0,0,8,0,40.0292,-75.1016, , 
21003,241560,2016092662,6,67,67301,2016,9,4,741,7,1,1,0,1,1, , ,N,6,4,2,3,0,0,2,2,N,N,39 56:55.117,75 11:09.395,819, ,743, ,0, , , ,3, , , , , , , , , ,2,1,0,0,0,0,1,0,0,0,0,0,0,0,1,0,0,0,0,0,0,0,0,0,0,0,0,0,0,0,0,0,0,0,0,9,0,39.9486,-75.1859, , 
21004,241563,2016082305,6,67,67301,2016,7,7,1150,11,1,1,0,4,1, , ,N,1,3,2,3,0,1,2,2,N,N,40 00:53.565,75 12:23.985,1159, ,1150, ,0, ,N, ,3, , , , , , , , , ,2,2,0,0,0,0,0,0,0,0,0,0,1,1,0,0,0,0,0,1,0,1,0,0,0,0,0,0,0,0,0,0,0,0,0,8,0,40.0149,-75.2066, , 
21005,241564,2016096770,6,67,67301,2016,9,6,1755,17,1,1,0,1,1, , ,N,0,0,0,3,0,1,5,2,N,N,39 54:17.215,75 09:00.061,1813, ,1759,1,1,1, , ,0,N, , , , , , , , ,2,1,0,0,0,0,1,0,0,0,1,0,1,0,0,0,0,0,0,0,0,0,1,0,0,0,0,0,0,0,0,0,0,0,0,3,0,39.9048,-75.15, , 
21006,244310,2016138160,6,67,67301,2016,12,3,1740,17,3,2,1,8,1, , ,N,1,2,0,3,0,1,2,2,N,N,40 01:42.775,75 03:28.507,1745, ,1742, ,0, ,N, ,3, , , , , , , , , ,1,1,0,0,0,0,0,0,0,0,0,0,1,1,0,0,0,0,0,0,0,0,0,1,0,0,0,0,0,0,0,0,1,0,0,8,0,40.0285,-75.0579, , 
21007,244313,2017017534,6,67,67301,2016,5,7,0,0,3,1,0,4,1, , ,N,1,2,0,3,0,1,2,2,N,N,40 02:53.203,75 09:03.247,0, ,0, ,0, ,N, ,3, , , , , , , , , ,2,1,0,0,0,0,0,0,0,0,0,0,1,1,0,0,0,0,0,0,0,0,0,0,0,0,0,0,0,0,0,0,0,0,0,8,0,40.0481,-75.1509, , 
21008,244321,2016096643,6,67,67301,2016,8,6,315,3,3,1,0,5,6, , ,N,0,0,0,3,0,1,2,2,N,N,40 00:31.964,75 04:42.362,342, ,342, ,0, , , ,0, , , , , , , , , ,2,2,0,0,0,0,0,0,0,0,0,0,1,1,0,0,0,0,0,0,0,0,0,1,0,0,0,0,0,0,0,0,0,0,0,8,0,40.0089,-75.0784, , 
21009,244344,2017000629,6,67,67301,2016,12,5,357,3,3,1,0,3,6, , ,N,0,0,0,3,0,1,1,4,N,N,39 59:58.270,75 07:05.040,9999, ,357, ,0, ,N, ,0, , , , , , , , , ,4,2,0,0,0,0,2,0,0,0,0,1,1,0,0,0,0,0,0,0,0,0,0,0,0,0,0,0,0,0,0,0,0,0,0,4,0,39.9995,-75.1181, , 
21010,244359,2016124428,6,67,67301,2016,11,3,138,1,3,1,0,4,1, , ,N,2,0,0,3,0,2,3,2,N, ,39 59:25.238,75 09:25.401,150, ,149,3,2,2, , ,0,Y, , , , , , , , ,2,2,0,0,0,0,0,0,0,0,1,1,2,0,0,0,0,0,0,0,0,0,0,1,0,0,0,0,0,0,0,0,0,0,0,3,0,39.9903,-75.1571, , 
21011,244361,2016126199,6,67,67301,2016,11,6,1235,12,1,1,0,8,1, , ,N,0,0,0,3,0,1,2,2,N,N,39 57:41.544,75 10:23.872,1238, ,1237, ,0, ,N, ,0, , , , , , , , , ,1,0,0,0,0,0,1,0,0,0,0,0,1,1,0,0,0,0,0,0,0,0,0,0,0,0,0,0,0,0,0,0,1,0,0,8,0,39.9615,-75.1733, , 
21012,244382,2017005269,6,67,67301,2016,12,4,1700,17,1,1,0,5,1, , ,N,0,0,3,3,0,0,2,2,N,N,39 54:05.560,75 12:11.110,1718, ,1700,1,2,4,N, ,0,N, , , , , , , , ,2,1,0,0,0,1,0,0,0,0,0,0,0,0,0,0,0,0,0,0,0,0,0,0,0,0,0,0,0,0,0,0,0,0,0,0,1,39.9015,-75.2031, , 
21013,244386,2016105498,6,67,67301,2016,9,6,1735,17,1,2,1,4,1, , ,N,5,2,0,3,0,2,3,2,N, ,39 57:31.066,75 11:37.545,1741, ,1737,2,2,6, , ,3,Y, , , , , , , , ,2,1,0,0,0,0,1,0,0,0,0,0,2,2,0,0,0,0,0,0,0,0,0,0,0,0,0,0,0,0,0,0,0,0,0,8,0,39.9586,-75.1936, , 
21014,244392,2016117168,6,67,67301,2016,10,1,2004,20,3,1,0,7,3, , ,N,1,2,0,3,0,0,1,1,N, ,39 57:34.444,75 11:49.297,2010, ,2004, ,0, , , ,3, , , , , , , , , ,1,1,0,0,0,0,0,0,0,0,0,0,0,0,0,0,0,0,0,0,0,1,0,0,0,0,0,0,0,0,0,0,0,0,0,0,0,39.9596,-75.197, , 
21015,244411,2016120477,6,67,67301,2016,10,1,415,4,3,1,0,7,4, , ,N,0,0,0,3,0,0,1,1,N,N,40 02:50.807,75 03:33.846,841, ,840, ,0, ,N, ,0, , , , , , , , , ,1,1,0,0,0,0,0,0,0,0,0,0,0,0,0,0,0,0,0,0,0,0,0,0,0,0,0,0,0,0,0,0,0,0,0,0,0,40.0474,-75.0594, , 
21016,244461,2016097646,6,67,67301,2016,8,6,1708,17,1,1,0,4,1, , ,N,5,2,2,3,0,1,2,2,N,N,39 57:25.688,75 09:03.847,1715, ,1711, ,0, ,N, ,3, , , , , , , , , ,1,1,0,0,0,0,0,0,1,0,1,0,1,0,0,0,0,0,0,0,0,0,0,1,0,0,0,0,0,0,0,0,0,0,0,3,0,39.9571,-75.1511, , 
21017,244475,2016129411,6,67,67301,2016,11,6,2059,20,3,1,0,4,1, , ,N,1,2,0,3,0,1,5,2,N,N,40 04:27.539,75 02:05.367,2111, ,2102,2,2,6,N, ,3,Y, , , , , , , , ,2,2,0,0,0,0,0,0,0,0,0,1,1,0,1,0,0,0,0,0,1,0,0,1,0,0,0,0,0,0,0,0,0,0,0,4,0,40.0743,-75.0348, , 
21018,244501,2016092133,6,67,67301,2016,8,6,1700,17,1,1,0,4,1, , ,N,1,2,0,3,0,0,3,3,N, ,40 01:03.702,75 11:21.201,1750, ,1734, ,0, , , ,3, , , , , , , , , ,3,2,0,0,0,0,1,0,0,0,0,0,0,0,0,0,0,0,0,0,1,1,0,3,0,0,0,0,0,0,0,0,0,0,0,0,0,40.0177,-75.1892, , 
21019,244506,2016112251,6,67,67301,2016,10,4,902,9,1,1,0,1,1, , ,N,0,2,0,3,0,1,2,2,N, ,40 01:39.192,75 05:53.778,930, ,923, ,0, , , ,3, , , , , , , , , ,2,0,0,0,0,0,1,1,0,0,0,1,1,0,0,0,0,0,0,0,0,0,0,0,0,0,0,0,0,0,0,0,0,0,0,4,0,40.0276,-75.0983, , 
21020,244537,2016136716,6,67,67301,2016,12,6,601,6,3,1,0,1,1, , ,N,0,0,0,3,0,2,2,2,N,N,40 01:43.877,75 01:21.777,634, ,623,2,2,1, , ,0,N, , , , , , , , ,2,2,0,0,0,0,0,0,0,0,2,0,2,0,0,0,0,0,0,1,1,0,0,0,0,0,0,0,0,0,0,0,0,0,0,3,0,40.0289,-75.0227, , 
21021,244543,2016120508,6,67,67301,2016,10,6,1852,18,4,1,0,4,1, , ,N,2,3,0,3,0,1,2,2,N,N,40 00:28.443,75 05:06.740,1858, ,1854, ,0, ,N, ,3, , , , , , , , , ,2,1,1,0,0,0,0,0,0,0,0,0,1,1,0,0,0,0,0,0,0,0,0,0,0,0,0,0,0,0,0,0,0,0,0,8,0,40.0079,-75.0852, , 
21022,244553,2017004187,6,67,67301,2016,12,1,1919,19,3,1,0,8,1, , ,N,2,0,0,3,0,1,2,2,N,N,39 55:42.820,75 08:40.147,1921, ,1919,2,1,1, , ,0,N, , , , , , , , ,1,0,0,0,0,0,1,0,0,0,0,0,1,1,0,0,0,0,0,0,1,0,0,0,0,0,0,0,0,0,0,0,1,0,0,8,0,39.9286,-75.1445, , 
21023,244586,2016138187,6,67,67301,2016,11,4,1525,15,1,1,0,4,1, , ,N,1,2,0,3,0,1,3,2,N,N,40 00:31.034,75 04:07.810,1543, ,1534,1,1,3,N, ,3,N, , , , , , , , ,2,0,0,0,1,0,1,0,0,0,0,1,1,0,0,0,0,0,0,0,1,0,0,0,0,0,0,0,0,0,0,0,0,0,0,4,0,40.0086,-75.0688, , 
21024,250485,2016128859,6,67,67301,2016,11,3,1005,10,1,2,1,7,2, , ,N,0,0,0,3,0,1,1,1,N,N,40 02:10.693,75 00:54.928,1035, ,1022, ,0, , , ,0, , , , , , , , , ,1,0,0,0,0,0,0,1,0,0,1,0,1,0,0,0,0,0,0,0,0,0,0,0,0,0,0,0,0,0,0,0,0,0,0,3,0,40.0363,-75.0153, , 
21025,250490,2016135667,6,67,67301,2016,12,2,1110,11,1,1,0,4,1, , ,N,1,2,0,3,0,0,2,2,N,N,40 02:39.088,75 09:45.868,1123, ,1115, ,0, ,N, ,3, , , , , , , , , ,2,2,0,0,0,0,0,0,0,0,0,0,0,0,2,0,0,0,0,0,0,2,0,0,0,0,0,0,0,0,0,0,0,0,0,9,0,40.0442,-75.1627, , 
21026,250494,2016080273,6,67,67301,2016,6,5,9999,99,1,1,0,4,1, , ,N,1,3,0,3,0,1,2,2,N,N,40 03:16.301,75 05:26.793,930, ,928, ,0, ,N, ,3, , , , , , , , , ,2,1,0,0,1,0,0,0,0,0,0,1,1,0,0,0,0,0,0,0,1,0,0,0,0,0,0,0,0,0,0,0,0,0,0,4,0,40.0545,-75.0908, , 
21027,250503,2017022760,6,67,67301,2016,8,1,1015,10,1,1,0,4,1, , ,N,1,2,0,3,0,1,2,2,N,N,39 58:23.685,75 12:43.721,0, ,0, ,0, ,N, ,3, , , , , , , , , ,2,0,0,0,0,0,0,0,0,0,0,0,1,1,0,0,0,0,0,0,0,0,0,0,0,0,0,0,0,0,0,0,0,0,0,8,0,39.9732,-75.2121, , 
21028,250513,2016086416,6,67,67301,2016,8,6,1200,12,1,1,0,5,1, , ,N,0,0,0,3,0,2,5,2,N,N,39 59:56.514,75 11:44.001,1205, ,1200, ,0, , , ,0, , , , , , , , , ,2,1,0,0,0,0,1,0,0,0,2,0,2,0,0,0,0,0,0,0,0,1,0,0,0,0,0,0,0,0,0,0,0,0,0,3,0,39.999,-75.1956, , 
21029,250566,2016130998,6,67,67301,2016,12,1,1947,19,3,1,0,1,1, , ,N,1,0,0,3,0,1,2,2,N,N,40 00:05.127,75 09:05.620,1950, ,1948,1,1,1,N, ,0,N, , , , , , , , ,2,1,0,0,0,0,1,0,0,0,0,1,1,0,0,0,0,0,0,0,1,0,0,2,0,0,0,0,0,0,0,0,0,0,0,4,0,40.0014,-75.1516, , 
21030,250589,2016129221,6,67,67301,2016,11,2,1400,14,1,1,0,8,1, , ,N,0,2,0,3,0,1,3,3,N,N,39 59:45.694,75 05:31.754,9999, ,9999,3,1,3,N, ,3,N, , , , , , , , ,1,0,0,0,0,0,1,0,0,0,0,1,1,0,0,0,0,0,0,0,0,0,0,1,0,0,0,0,0,0,0,0,2,0,0,4,0,39.996,-75.0922, , 
21031,250600,2016138214,6,67,67301,2016,12,2,110,1,3,2,1,5,1, , ,N,0,0,0,3,0,1,2,2,N,N,39 56:52.198,75 12:21.592,127, ,125, ,0, ,N, ,0, , , , , , , , , ,1,0,0,0,0,0,0,1,1,0,0,1,1,0,1,0,0,0,0,0,0,0,0,0,0,0,0,0,0,0,0,0,0,0,0,4,0,39.9478,-75.206, , 
21032,250602,2017004013,6,67,67301,2016,12,3,824,8,1,1,0,1,1, , ,N,0,0,0,3,0,1,2,2,N,N,39 59:48.151,75 04:57.070,859, ,826, ,0, , , ,0, , , , , , , , , ,2,1,0,0,0,0,1,0,0,0,0,1,1,0,1,0,0,0,0,0,0,0,0,0,0,0,0,0,0,0,0,0,0,0,0,4,0,39.9967,-75.0825, , 
21033,250627,2016126054,6,67,67301,2016,11,1,2042,20,3,1,0,1,1, , ,N,1,2,0,3,0,1,2,2,N,N,39 55:24.611,75 09:46.436,2117, ,2117, ,0, ,N, ,3, , , , , , , , , ,2,1,0,0,0,0,0,1,0,0,0,1,1,0,1,0,0,0,0,0,0,0,0,0,0,0,0,0,0,0,0,0,0,0,0,4,0,39.9235,-75.1628, , 
21034,250633,2017003697,6,67,67301,2016,12,3,1746,17,3,1,0,1,1, , ,N,0,2,0,3,0,1,2,2,N, ,40 01:53.042,75 09:17.721,1810, ,1758, ,0, , , ,3, , , , , , , , , ,2,1,0,0,0,0,1,0,0,0,0,1,1,0,0,0,0,0,0,0,1,0,0,1,0,0,0,0,0,0,0,0,0,0,0,4,0,40.0314,-75.1549, , 
21035,250634,2017023478,6,67,67301,2016,11,5,2215,22,3,1,0,4,1, , ,N,3,3,0,3,0,1,3,2,N,N,39 56:52.270,75 14:58.699,0, ,0, ,0, ,N, ,3, , , , , , , , , ,2,1,0,0,0,0,1,0,0,0,0,1,1,0,0,0,0,0,0,0,0,1,0,1,0,0,0,0,0,0,0,0,0,0,0,4,0,39.9479,-75.2496, , 
21036,250664,2016129425,6,67,67301,2016,11,5,1255,12,1,1,0,4,1, , ,N,1,2,0,3,0,1,2,2,N,N,40 01:04.383,75 04:57.342,1307, ,1300, ,0, ,N, ,3, , , , , , , , , ,2,0,0,0,0,0,0,0,0,0,0,0,1,1,0,0,0,0,0,0,0,0,0,0,0,0,0,0,0,0,0,0,0,0,0,8,0,40.0179,-75.0826, , 
21037,250687,2016112737,6,67,67301,2016,10,7,2155,21,3,1,0,4,1, , ,N,1,2,0,3,0,1,2,2,N,N,39 58:50.962,75 09:01.180,2200, ,2157, ,0, ,N, ,3, , , , , , , , , ,2,1,0,0,0,0,1,0,0,0,0,1,1,0,0,0,0,0,0,0,0,0,0,1,0,0,0,0,0,0,0,0,0,0,0,4,0,39.9808,-75.1503, , 
21038,250696,2016135756,6,67,67301,2016,12,3,1715,17,4,2,1,4,1, , ,N,5,2,0,3,0,0,3,3,N,N,39 57:16.781,75 08:58.276,1915, ,1908, ,0, ,N, ,3, , , , , , , , , ,3,1,0,0,1,0,1,0,0,0,0,0,0,0,0,0,0,1,0,0,0,0,0,0,0,0,0,0,0,0,0,0,0,0,0,0,0,39.9547,-75.1495, , 
21039,250697,2016126609,6,67,67301,2016,11,2,2353,23,3,1,0,4,1, , ,N,0,0,0,3,0,2,3,2,N, ,40 03:00.102,75 03:50.100,2355, ,2355, ,0, , , ,0, , , , , , , , , ,1,1,0,0,0,0,0,0,1,0,0,0,2,2,0,0,0,0,0,0,0,0,0,0,0,0,0,0,0,0,0,0,0,0,0,8,0,40.05,-75.0639, , 
21040,250728,2016099616,6,67,67301,2016,9,1,1915,19,1,1,0,4,1, , ,N,0,0,0,3,0,1,2,2,N,N,39 59:43.028,75 07:00.029,1923, ,1920, ,0, , , ,0, , , , , , , , , ,1,0,0,0,0,0,1,0,1,0,0,0,1,1,0,0,0,0,0,0,0,0,0,1,0,0,0,0,0,0,0,0,0,0,0,8,0,39.9953,-75.1167, , 
21041,250758,2016129509,6,67,67301,2016,11,1,1430,14,1,1,0,4,1, , ,N,1,3,0,3,0,3,4,2,N, ,40 00:59.704,75 08:48.264,1632, ,1630, ,0, , , ,3, , , , , , , , , ,2,1,0,0,0,0,1,0,0,0,0,1,3,2,1,0,0,0,0,0,0,1,0,0,0,0,0,0,0,0,0,0,0,0,0,4,0,40.0166,-75.1467, , 