objectid_1,objectid,crn,district,county,municipality,crash_year,crash_month,day_of_week,time_of_day,hour_of_day,illumination,weather,road_condition,collision_type,relation_to_road,work_zone_type,work_zone_loc,work_zone_ind,intersect_type,tcd_type,location_type,urban_rural,fatal_count,injury_count,person_count,total_units,sch_bus_ind,sch_zone_ind,latitude,longitude,arrival_tm,cons_zone_spd_lim,dispatch_tm,est_hrs_closed,lane_closed,ln_close_dir,ntfy_hiwy_maint,spec_juris_cd,tcd_func_cd,tfc_detour_ind,workers_pres,wz_close_detour,wz_flagger,wz_law_offcr_ind,wz_ln_closure,wz_moving,wz_other,wz_shlder_mdn,vehicle_count,automobile_count,motorcycle_count,bus_count,small_truck_count,heavy_truck_count,suv_count,van_count,bicycle_count,maj_inj_count,mod_inj_count,min_inj_count,tot_inj_count,unk_inj_deg_count,unk_inj_per_count,driver_count_16yr,driver_count_17yr,driver_count_18yr,driver_count_19yr,driver_count_20yr,driver_count_50_64yr,driver_count_65_74yr,driver_count_75plus,unbelted_occ_count,unb_death_count,unb_maj_inj_count,belted_death_count,belted_maj_inj_count,mcycle_death_count,mcycle_maj_inj_count,bicycle_death_count,bicycle_maj_inj_count,ped_count,ped_death_count,ped_maj_inj_count,max_severity_level,comm_veh_count,dec_lat,dec_long,rdwy_surf_type_cd,county_name
21311,245298,2016106343,6,67,67301,2016,9,4,1737,17,1,1,0,1,1, , ,N,1,2,0,3,0,1,2,2,N, ,40 01:39.836,75 06:35.867,9999, ,1739,9,1,1, , ,3,N, , , , , , , , ,2,0,0,0,0,1,0,1,0,0,0,0,1,1,0,0,0,0,0,0,1,0,0,1,0,0,0,0,0,0,0,0,0,0,0,8,1,40.0277,-75.11, , 
21312,245341,2016129972,6,67,67301,2016,11,6,9999,99,5,1,0,4,1, , ,N,1,3,0,3,0,1,2,3,N, ,40 00:54.597,75 04:21.716,2015, ,2011, ,0, , , ,3, , , , , , , , , ,3,2,0,0,0,0,0,1,0,0,0,0,1,1,1,0,0,0,0,0,0,1,0,1,0,0,0,0,0,0,0,0,0,0,0,8,0,40.0152,-75.0727, , 
21313,245346,2016105906,6,67,67301,2016,9,4,9999,99,1,1,0,4,1, , ,N,2,3,0,3,0,1,3,2,N,N,39 56:25.771,75 10:52.730,1045, ,1001, ,0, , , ,3, , , , , , , , , ,2,2,0,0,0,0,0,0,0,0,0,1,1,0,0,0,0,0,0,0,0,0,0,2,0,0,0,0,0,0,0,0,0,0,0,4,0,39.9405,-75.1813, , 
21314,245354,2016135761,6,67,67301,2016,11,4,1645,16,3,2,1,6,1, , ,N,0,3,0,3,0,0,6,3,N, ,40 05:26.764,75 03:51.071,1648, ,1647, ,0, , , ,3, , , , , , , , , ,3,0,0,0,2,0,1,0,0,0,0,0,0,0,0,0,0,0,0,0,0,0,0,0,0,0,0,0,0,0,0,0,0,0,0,0,0,40.0908,-75.0642, , 
21315,251330,2016111081,6,67,67301,2016,10,6,1530,15,1,1,0,4,1, , ,N,0,0,7,3,0,2,5,3,N,N,40 04:20.062,75 09:30.647,1610, ,1549, ,0, ,N, ,0, , , , , , , , , ,3,1,0,0,0,0,0,2,0,0,0,2,2,0,1,0,0,0,0,0,0,0,1,0,0,0,0,0,0,0,0,0,0,0,0,4,0,40.0722,-75.1585, , 
21316,251357,2017007788,6,67,67301,2016,12,6,533,5,2,1,0,1,1, , ,N,0,0,0,3,0,1,1,2,N,N,39 56:24.033,75 11:05.833,533, ,533,9,1,5,N, ,0,N, , , , , , , , ,2,1,0,0,1,0,0,0,0,0,0,1,1,0,0,0,0,0,0,0,0,0,0,0,0,0,0,0,0,0,0,0,0,0,0,4,0,39.94,-75.185, , 
21317,251358,2017003585,6,67,67301,2016,12,1,1205,12,1,1,0,2,1, , ,N,0,0,0,3,0,2,3,2,N,N,40 00:54.365,75 11:54.734,1214, ,1208, ,0, ,N, ,0, , , , , , , , , ,2,2,0,0,0,0,0,0,0,0,0,2,2,0,0,0,0,0,0,0,0,1,0,0,0,0,0,0,0,0,0,0,0,0,0,4,0,40.0151,-75.1985, , 
21318,251360,2017003673,6,67,67301,2016,12,4,2000,20,3,1,0,8,1, , ,N,0,0,0,3,0,1,2,2,N,N,39 57:00.834,75 08:44.409,2045, ,2035, ,0, ,N, ,0, , , , , , , , , ,1,1,0,0,0,0,0,0,0,0,0,1,1,0,0,0,0,0,0,0,1,0,0,0,0,0,0,0,0,0,0,0,1,0,0,4,0,39.9502,-75.1457, , 
21319,251366,2016128671,6,67,67301,2016,12,5,200,2,3,6,1,1,1, , ,N,0,0,0,3,0,1,3,2,N,N,39 56:53.367,75 11:12.752,201, ,200,3,2,3, , ,0,Y, , , , , , , , ,2,1,0,0,0,0,1,0,0,0,0,0,1,1,0,0,0,0,0,0,1,0,0,0,0,0,0,0,0,0,0,0,0,0,0,8,0,39.9482,-75.1869, , 
21320,251371,2017005252,6,67,67301,2016,12,7,30,0,3,1,0,5,6, , ,N,0,0,0,3,0,1,1,2,N,N,39 59:38.956,75 09:22.424,42, ,40, ,0, ,N, ,0, , , , , , , , , ,2,1,0,0,0,0,1,0,0,0,0,1,1,0,0,0,0,0,0,0,0,0,0,0,0,0,0,0,0,0,0,0,0,0,0,4,0,39.9942,-75.1562, , 
21321,251372,2017003594,6,67,67301,2016,12,5,1255,12,1,1,1,8,1, , ,N,2,3,0,3,0,1,2,2,N,N,40 03:37.519,75 09:48.628,1307, ,1307, ,0, ,N, ,3, , , , , , , , , ,1,1,0,0,0,0,0,0,0,0,0,0,1,1,0,0,0,0,0,0,1,0,0,0,0,0,0,0,0,0,0,0,1,0,0,8,0,40.0604,-75.1635, , 
21322,251373,2017019578,6,67,67301,2016,6,3,1600,16,1,1,0,1,1, , ,N,3,3,2,3,0,1,2,2,N,N,40 00:39.685,75 12:22.055,0, ,0, ,0, ,N, ,3, , , , , , , , , ,2,1,0,0,1,0,0,0,0,0,0,0,1,1,0,0,0,0,0,0,0,0,0,1,0,0,0,0,0,0,0,0,0,0,0,8,0,40.011,-75.2061, , 
21323,251384,2017019608,6,67,67301,2016,7,3,1050,10,1,1,0,4,1, , ,N,1,2,0,3,0,1,2,2,N,N,40 02:02.039,75 04:27.141,0, ,0, ,0, ,N, ,3, , , , , , , , , ,2,1,0,0,0,0,0,0,0,0,1,0,1,0,0,0,0,0,0,0,0,1,0,0,0,0,0,0,0,0,0,0,0,0,0,3,0,40.034,-75.0744, , 
21324,251386,2017003670,6,67,67301,2016,12,4,915,9,1,1,0,7,4, , ,N,0,0,0,3,0,1,1,1,N,N,39 57:04.064,75 09:13.866,930, ,918, ,0, ,N, ,0, , , , , , , , , ,1,1,0,0,0,0,0,0,0,0,0,1,1,0,0,0,0,0,0,0,0,1,0,0,0,0,0,0,0,0,0,0,0,0,0,4,0,39.9511,-75.1539, , 
21325,251396,2016126131,6,67,67301,2016,11,7,2200,22,3,1,0,1,1, , ,N,1,0,0,3,0,0,2,2,N,N,40 00:54.612,75 06:41.439,2257, ,2257, ,0, ,N, ,0, , , , , , , , , ,2,1,0,0,0,0,1,0,0,0,0,0,0,0,0,0,0,0,0,0,0,0,0,0,0,0,0,0,0,0,0,0,0,0,0,0,0,40.0152,-75.1115, , 
21326,251410,2017005748,6,67,67301,2016,12,7,900,9,1,2,4,7,4, , ,N,0,0,0,3,0,1,1,1,N, ,40 06:06.947,75 02:58.233,909, ,906, ,0, , , ,0, , , , , , , , , ,1,1,0,0,0,0,0,0,0,0,0,0,1,1,0,0,0,0,0,0,0,0,0,0,0,0,0,0,0,0,0,0,0,0,0,8,0,40.1019,-75.0495, , 
21327,251414,2017000619,6,67,67301,2016,12,4,1937,19,3,1,0,4,1, , ,N,5,2,8,3,0,0,2,2,N,N,39 57:28.586,75 09:50.892,2018, ,1937, ,0, , , ,3, , , , , , , , , ,2,2,0,0,0,0,0,0,0,0,0,0,0,0,0,0,0,0,0,0,0,0,0,0,0,0,0,0,0,0,0,0,0,0,0,0,0,39.9579,-75.1641, , 
21328,251419,2016105832,6,67,67301,2016,9,5,2310,23,3,1,0,4,1, , ,N,2,3,0,3,0,1,3,2,N, ,40 03:22.348,75 11:11.579,2320, ,2320, ,0, , , ,3, , , , , , , , , ,2,2,0,0,0,0,0,0,0,0,0,1,1,0,0,0,0,0,0,0,0,0,0,0,0,0,0,0,0,0,0,0,0,0,0,4,0,40.0562,-75.1865, , 
21329,251420,2016129610,6,67,67301,2016,11,4,735,7,1,1,0,1,1, , ,N,0,0,0,3,0,0,2,2,N,N,39 59:34.267,75 05:07.350,750, ,739, ,0, , , ,0, , , , , , , , , ,2,1,0,0,0,0,1,0,0,0,0,0,0,0,0,0,0,0,0,0,0,0,0,1,0,0,0,0,0,0,0,0,0,0,0,0,0,39.9929,-75.0854, , 
21330,251428,2016125423,6,67,67301,2016,10,7,1943,19,3,1,0,8,1, , ,N,0,0,0,3,1,0,5,2,N,N,40 03:00.075,75 03:04.755,1949, ,1945,9,2,2,N,0,0,Y, , , , , , , , ,1,1,0,0,0,0,0,0,0,0,0,0,0,0,0,0,0,0,0,0,0,0,0,0,0,0,0,0,0,0,0,0,1,1,0,1,0,40.05,-75.0513,2, 
21331,251442,2016124419,6,67,67301,2016,10,5,900,9,1,1,0,6,1, , ,N,0,0,0,3,0,0,3,2,N,N,40 00:10.868,75 06:51.098,954, ,952,1,2,2,N, ,0,N, , , , , , , , ,2,1,0,0,0,0,0,1,0,0,0,0,0,0,0,0,0,0,0,0,0,0,0,0,0,0,0,0,0,0,0,0,0,0,0,0,0,40.003,-75.1142, , 
21332,251447,2016129331,6,67,67301,2016,11,1,1042,10,1,1,0,7,4, , ,N,0,0,7,3,0,0,2,1,N,N,40 05:39.138,75 00:58.175,1050, ,1045, ,0, ,N, ,0, , , , , , , , , ,1,1,0,0,0,0,0,0,0,0,0,0,0,0,0,0,0,0,0,0,0,0,0,0,0,0,0,0,0,0,0,0,0,0,0,0,0,40.0942,-75.0162, , 
21333,251459,2017005265,6,67,67301,2016,12,3,1804,18,3,1,0,8,1, , ,N,1,2,0,3,0,1,2,2,N,N,39 59:34.615,75 06:37.098,1804, ,1804, ,0, ,N, ,3, , , , , , , , , ,1,0,0,0,0,0,1,0,0,0,0,0,1,1,0,0,0,0,0,0,1,0,0,1,0,0,0,0,0,0,0,0,1,0,0,8,0,39.9929,-75.1103, , 
21334,248630,2016120461,6,67,67301,2016,10,1,1941,19,3,2,1,8,1, , ,N,1,2,0,3,0,1,3,3,N, ,40 02:07.432,75 02:59.146,2000, ,1942, ,0, , , ,3, , , , , , , , , ,1,0,0,0,0,0,1,0,0,0,0,1,1,0,0,0,0,0,0,0,0,0,0,0,0,0,0,0,0,0,0,0,2,0,0,4,0,40.0354,-75.0498, , 
21335,248631,2016124430,6,67,67301,2016,11,5,125,1,3,1,0,7,4, , ,N,0,0,0,3,0,0,1,1,N,N,40 06:03.288,74 59:03.429,135, ,130, ,0, ,N, ,0, , , , , , , , , ,1,0,0,0,0,0,1,0,0,0,0,0,0,0,1,0,0,0,0,0,0,0,0,0,0,0,0,0,0,0,0,0,0,0,0,9,0,40.1009,-74.9843, , 
21336,248653,2016120654,6,67,67301,2016,10,5,1039,10,1,1,1,1,1, , ,N,1,2,0,3,0,4,5,2,N,N,40 04:26.624,75 11:27.147,1045, ,1039, ,0, ,N, ,3, , , , , , , , , ,2,2,0,0,0,0,0,0,0,0,0,0,4,4,0,0,0,0,0,0,1,0,0,0,0,0,0,0,0,0,0,0,0,0,0,8,0,40.0741,-75.1909, , 
21337,248669,2016129495,6,67,67301,2016,11,6,1410,14,1,1,0,8,1, , ,N,1,2,0,3,0,1,2,2,N, ,39 57:17.491,75 09:04.108,1428, ,1424, ,0, , , ,3, , , , , , , , , ,1,1,0,0,0,0,0,0,0,0,0,1,1,0,0,0,0,0,0,0,0,0,0,1,0,0,0,0,0,0,0,0,1,0,0,4,0,39.9549,-75.1511, , 
21338,248673,2016126130,6,67,67301,2016,11,1,1630,16,4,1,0,5,6, , ,N,0,0,0,3,0,0,1,5,N,N,39 56:08.815,75 10:50.397,1633, ,1632, ,0, ,N, ,0, , , , , , , , , ,5,3,0,0,0,0,1,1,0,0,0,0,0,0,0,0,0,0,0,0,0,1,0,0,0,0,0,0,0,0,0,0,0,0,0,0,0,39.9358,-75.1807, , 
21339,248674,2016129454,6,67,67301,2016,11,2,1825,18,3,1,0,8,1, , ,N,1,2,0,3,0,1,2,2,N,N,40 03:02.401,75 10:23.780,1830, ,1830,1,2,1,N, ,3,Y, , , , , , , , ,1,0,0,0,0,0,1,0,0,0,0,1,1,0,0,0,0,0,0,0,1,0,0,1,0,0,0,0,0,0,0,0,1,0,0,4,0,40.0507,-75.1733, , 
21340,248679,2017005216,6,67,67301,2016,12,4,2330,23,3,1,0,4,1, , ,N,2,2,0,3,0,3,3,2,N,N,39 58:27.676,75 12:06.216,2339, ,2338,3,1,3,N, ,3,Y, , , , , , , , ,2,2,0,0,0,0,0,0,0,0,0,1,3,2,0,0,0,0,0,0,0,0,0,0,0,0,0,0,0,0,0,0,0,0,0,4,0,39.9744,-75.2017, , 
21341,248690,2016132157,6,67,67301,2016,11,4,146,1,3,2,1,7,5, , ,N,0,0,0,3,0,1,1,1,N, ,40 00:47.908,75 07:16.762,204, ,159, ,0, , , ,0, , , , , , , , , ,1,1,0,0,0,0,0,0,0,0,0,0,1,1,0,0,0,0,0,0,0,0,0,0,0,0,0,0,0,0,0,0,0,0,0,8,0,40.0133,-75.1213, , 
21342,248703,2016105635,6,67,67301,2016,9,4,1654,16,1,1,0,4,1, , ,N,1,3,0,3,0,1,2,2,N,N,40 02:31.891,75 04:43.971,1657, ,1656,3,1,1,N, ,3,Y, , , , , , , , ,2,1,0,0,0,0,1,0,0,0,0,0,1,1,0,0,0,0,0,0,0,0,0,0,0,0,0,0,0,0,0,0,0,0,0,8,0,40.0422,-75.0789, , 
21343,248709,2016117711,6,67,67301,2016,10,4,48,0,3,1,0,4,1, , ,N,1,3,0,3,0,1,2,2,N, ,39 55:43.384,75 11:01.928,48, ,48, ,0, , , ,3, , , , , , , , , ,1,1,0,0,0,0,0,0,1,0,1,0,1,0,0,0,0,0,0,0,0,0,0,1,0,0,0,0,0,0,0,0,0,0,0,3,0,39.9287,-75.1839, , 
21344,248713,2016112226,6,67,67301,2016,10,3,1159,11,1,1,0,8,1, , ,N,1,2,0,3,0,1,3,2,N,N,39 57:09.508,75 10:41.402,1215, ,1203, ,0, ,N, ,3, , , , , , , , , ,1,1,0,0,0,0,0,0,0,0,0,1,1,0,0,0,0,0,0,0,0,0,0,0,0,0,0,0,0,0,0,0,1,0,0,4,0,39.9526,-75.1781, , 
21345,248714,2016135237,6,67,67301,2016,12,1,17,0,3,1,0,1,1, , ,N,0,0,0,3,0,2,4,2,N,N,40 00:20.914,75 04:30.385,40, ,19, ,0, , , ,0, , , , , , , , , ,2,2,0,0,0,0,0,0,0,0,0,0,2,2,0,0,0,0,0,0,0,0,0,0,0,0,0,0,0,0,0,0,0,0,0,8,0,40.0058,-75.0751, , 
21346,248721,2016138257,6,67,67301,2016,12,2,1845,18,3,1,0,4,1, , ,N,0,0,0,3,0,1,4,2,N, ,40 01:53.878,75 12:26.715,1900, ,1900, ,0, , , ,0, , , , , , , , , ,2,1,0,0,0,0,1,0,0,0,0,1,1,0,0,0,0,0,1,0,0,0,0,0,0,0,0,0,0,0,0,0,0,0,0,4,0,40.0316,-75.2074, , 
21347,248728,2017003583,6,67,67301,2016,12,7,232,2,3,4,1,4,1, , ,N,1,2,0,3,0,0,2,2,N,N,40 07:07.975,75 01:04.685,246, ,237, ,0, , , ,3, , , , , , , , , ,2,2,0,0,0,0,0,0,0,0,0,0,0,0,0,0,0,0,0,0,0,0,0,0,0,0,0,0,0,0,0,0,0,0,0,0,0,40.1189,-75.018, , 
21348,248735,2017023507,6,67,67301,2016,11,4,9999,99,1,1,0,1,1, , ,N,1,2,0,3,0,1,3,3,N,N,39 59:03.987,75 08:30.724,0, ,0, ,0, ,N, ,3, , , , , , , , , ,3,2,0,0,0,0,1,0,0,0,0,0,1,1,0,0,0,0,0,0,0,1,0,2,0,0,0,0,0,0,0,0,0,0,0,8,0,39.9844,-75.1419, , 
21349,248741,2016120478,6,67,67301,2016,10,7,1700,17,1,1,0,5,1, , ,N,0,0,0,3,0,1,2,2,N, ,39 56:12.404,75 09:06.851,1708, ,1704, ,0, , , ,0, , , , , , , , , ,1,0,0,0,0,0,0,1,1,0,0,1,1,0,0,0,0,0,0,0,1,0,0,1,0,0,0,0,0,0,0,0,0,0,0,4,0,39.9368,-75.1519, , 
21350,248742,2016129965,6,67,67301,2016,11,3,836,8,1,1,0,4,1, , ,N,1,3,0,3,0,3,9,2,Y,N,40 01:01.866,75 04:52.773,842, ,842,3,2,3,N, ,3,Y, , , , , , , , ,2,1,0,1,0,0,0,0,0,0,1,2,3,0,0,0,0,0,0,0,0,0,0,3,0,0,0,0,0,0,0,0,0,0,0,3,1,40.0172,-75.0813, , 
21351,248756,2016132188,6,67,67301,2016,11,4,1129,11,1,2,1,8,1, , ,N,1,2,0,3,0,1,2,2,N,N,39 57:09.921,75 08:59.708,1150, ,1129, ,0, ,N, ,3, , , , , , , , , ,1,0,0,0,0,0,1,0,0,0,0,0,1,1,1,0,0,0,0,0,0,0,0,0,0,0,0,0,0,0,0,0,1,0,0,8,0,39.9528,-75.1499, , 
21352,242314,2016138202,6,67,67301,2016,12,7,545,5,3,1,0,4,1, , ,N,2,3,0,3,0,1,3,2,N, ,40 01:19.290,75 07:41.854,548, ,546, ,0, , , ,3, , , , , , , , , ,2,1,0,0,1,0,0,0,0,0,0,1,1,0,0,0,0,0,0,0,0,0,0,0,0,0,0,0,0,0,0,0,0,0,0,4,0,40.022,-75.1283, , 
21353,242335,2017003640,6,67,67301,2016,12,2,1317,13,1,1,0,1,6, , ,N,0,0,0,3,0,2,2,2,N, ,39 56:18.942,75 12:57.065,1321, ,1320, ,0, , , ,0, , , , , , , , , ,2,1,0,0,0,0,1,0,0,0,0,0,2,2,0,0,0,0,0,0,1,0,0,1,0,0,0,0,0,0,0,0,0,0,0,8,0,39.9386,-75.2159, , 
21354,242341,2017001631,6,67,67301,2016,12,6,2342,23,3,1,0,1,1, , ,N,0,0,0,3,0,1,8,3,N, ,40 01:10.028,75 02:59.876,5, ,3,3,1,4, , ,0,Y, , , , , , , , ,3,2,0,0,0,0,1,0,0,0,0,0,1,1,0,0,0,0,0,0,2,0,0,0,0,0,0,0,0,0,0,0,0,0,0,8,0,40.0195,-75.05, , 
21355,242352,2016135760,6,67,67301,2016,11,3,1051,10,1,2,1,4,1, , ,N,1,2,0,3,0,2,4,3,N,N,40 00:02.469,75 08:52.972,1156, ,1051, ,0, ,N, ,3, , , , , , , , , ,3,2,0,0,0,0,1,0,0,0,0,2,2,0,2,0,0,0,0,0,0,0,0,0,0,0,0,0,0,0,0,0,0,0,0,4,0,40.0007,-75.148, , 
21356,242353,2016132225,6,67,67301,2016,11,3,1235,12,1,1,0,5,1, , ,N,0,0,0,3,0,0,2,2,N,N,40 04:48.413,75 01:44.455,1249, ,1245,1,1,1,N, ,0,N, , , , , , , , ,2,1,0,0,0,1,0,0,0,0,0,0,0,0,0,0,0,0,0,0,0,0,0,0,0,0,0,0,0,0,0,0,0,0,0,0,1,40.0801,-75.029, , 
21357,242361,2017007931,6,67,67301,2016,12,1,1135,11,1,1,0,2,1, , ,N,5,3,0,3,0,2,3,2,N, ,39 56:52.017,75 13:52.855,1140, ,1140, ,0, , , ,3, , , , , , , , , ,2,1,0,0,0,0,1,0,0,0,2,0,2,0,1,0,0,0,0,0,0,0,0,0,0,0,0,0,0,0,0,0,0,0,0,3,0,39.9478,-75.2313, , 
21358,242364,2017003692,6,67,67301,2016,12,6,2130,21,3,1,0,5,6, , ,N,0,0,0,3,0,0,1,3,N,N,39 58:12.650,75 14:50.323,2147, ,2141,9,1,2,N, ,0,N, , , , , , , , ,3,3,0,0,0,0,0,0,0,0,0,0,0,0,0,0,0,0,0,0,1,0,0,0,0,0,0,0,0,0,0,0,0,0,0,0,0,39.9702,-75.2473, , 
21359,242383,2016135806,6,67,67301,2016,11,6,1515,15,1,1,0,8,1, , ,N,1,2,0,3,1,0,2,2,N,N,39 58:31.121,75 14:44.055,1530, ,1515, ,0, ,N,0,3, , , , , , , , , ,1,1,0,0,0,0,0,0,0,0,0,0,0,0,0,0,0,0,0,0,0,0,0,0,0,0,0,0,0,0,0,0,1,1,0,1,0,39.9753,-75.2455,2, 
21360,242401,2016135800,6,67,67301,2016,12,2,935,9,1,2,1,6,1, , ,N,0,0,0,3,0,1,3,3,N,N,40 01:37.796,75 11:34.219,940, ,935,1,2,5,N, ,0,N, , , , , , , , ,3,3,0,0,0,0,0,0,0,1,0,0,1,0,0,0,0,0,0,0,0,0,0,0,0,0,0,1,0,0,0,0,0,0,0,2,0,40.0272,-75.1928, , 
21361,242404,2016138153,6,67,67301,2016,12,2,110,1,3,2,1,1,6, , ,N,0,0,0,3,0,1,2,5,N,N,39 59:25.803,75 05:39.843,119, ,116, ,0, ,N, ,0, , , , , , , , , ,5,2,0,0,0,0,3,0,0,0,0,1,1,0,0,0,0,0,0,1,0,0,0,0,0,0,0,0,0,0,0,0,0,0,0,4,0,39.9905,-75.0944, , 
21362,242411,2017003668,6,67,67301,2016,12,1,611,6,3,6,1,4,1, , ,N,1,2,0,3,0,1,3,2,N, ,39 59:23.298,75 07:31.934,614, ,611, ,0, , , ,3, , , , , , , , , ,2,2,0,0,0,0,0,0,0,0,0,0,1,1,0,0,0,0,0,0,0,0,0,0,0,0,0,0,0,0,0,0,0,0,0,8,0,39.9898,-75.1255, , 
21363,242414,2016105603,6,67,67301,2016,9,1,900,9,1,1,0,4,1, , ,N,2,0,0,3,0,2,2,2,N,N,39 54:57.347,75 14:42.963,908, ,906,3,1,1, , ,0,N, , , , , , , , ,2,1,0,0,1,0,0,0,0,0,0,0,2,2,0,0,0,0,0,0,1,1,0,2,0,0,0,0,0,0,0,0,0,0,0,8,0,39.9159,-75.2453, , 
21364,242437,2017003586,6,67,67301,2016,12,1,1127,11,1,2,1,7,4, , ,N,1,2,0,3,0,0,1,1,N,N,39 53:40.603,75 14:12.181,1133, ,1130, ,0, ,N, ,3, , , , , , , , , ,1,1,0,0,0,0,0,0,0,0,0,0,0,0,0,0,0,0,0,0,0,0,0,1,0,0,0,0,0,0,0,0,0,0,0,0,0,39.8946,-75.2367, , 
21365,242438,2017007922,6,67,67301,2016,12,6,1500,15,1,1,0,4,1, , ,N,2,2,0,3,0,0,2,2,N,N,39 56:51.748,75 11:55.037,1655, ,1646, ,0, ,N, ,3, , , , , , , , , ,2,0,0,0,0,1,1,0,0,0,0,0,0,0,0,0,0,0,0,0,0,0,0,2,0,0,0,0,0,0,0,0,0,0,0,0,1,39.9477,-75.1986, , 
21366,242440,2016110136,6,67,67301,2016,9,5,1025,10,1,2,1,1,1, , ,N,0,0,0,3,0,0,5,4,N,N,39 56:39.167,75 11:30.923,1037, ,1025,2,1,3, , ,0,N, , , , , , , , ,4,2,0,0,0,0,2,0,0,0,0,0,0,0,0,0,0,0,0,0,1,0,1,0,0,0,0,0,0,0,0,0,0,0,0,0,0,39.9442,-75.1919, , 
21367,242446,2016117194,6,67,67301,2016,10,7,1040,10,1,1,0,4,1, , ,N,1,3,0,3,0,1,4,2,N,N,39 58:39.345,75 09:38.332,1046, ,1044, ,0, ,N, ,3, , , , , , , , , ,2,1,0,0,1,0,0,0,0,0,0,1,1,0,0,0,0,0,0,0,0,0,0,0,0,0,0,0,0,0,0,0,0,0,0,4,0,39.9776,-75.1606, , 
21368,242448,2016119131,6,67,67301,2016,10,3,732,7,1,1,0,1,1, , ,N,0,0,0,3,0,0,4,2,N,N,39 54:47.295,75 11:32.662,752, ,742, ,0, , , ,0, , , , , , , , , ,2,2,0,0,0,0,0,0,0,0,0,0,0,0,0,0,0,0,0,0,0,0,1,0,0,0,0,0,0,0,0,0,0,0,0,0,0,39.9131,-75.1924, , 
21369,242454,2016129540,6,67,67301,2016,11,4,2355,23,3,1,1,7,4, , ,N,0,0,0,3,0,1,1,1,N,N,40 05:25.987,75 04:08.364,2, ,1, ,0, ,N, ,0, , , , , , , , , ,1,0,0,0,0,0,1,0,0,0,0,1,1,0,0,0,0,0,0,0,0,0,0,0,0,0,0,0,0,0,0,0,0,0,0,4,0,40.0906,-75.069, , 
21370,245367,2016135798,6,67,67301,2016,12,5,9999,99,1,1,0,1,1, , ,N,1,2,0,3,0,2,2,2,N,N,40 02:15.589,75 02:33.074,817, ,814, ,0, , , ,3, , , , , , , , , ,2,1,0,1,0,0,0,0,0,0,0,1,2,1,0,0,0,0,0,0,1,0,0,0,0,0,0,0,0,0,0,0,0,0,0,4,1,40.0377,-75.0425, , 
21371,245383,2017000624,6,67,67301,2016,12,4,1912,19,3,1,0,1,1, , ,N,1,3,0,3,0,2,5,2,N,N,39 56:28.212,75 13:56.931,1919, ,1916, ,0, ,N, ,3, , , , , , , , , ,2,2,0,0,0,0,0,0,0,0,0,0,2,2,0,0,0,0,0,0,1,0,0,0,0,0,0,0,0,0,0,0,0,0,0,8,0,39.9412,-75.2325, , 
21372,245384,2016097693,6,67,67301,2016,9,6,1325,13,1,1,0,4,1, , ,N,1,3,0,3,0,1,2,2,N,N,40 04:24.736,75 10:37.721,1615, ,1605, ,0, ,N, ,3, , , , , , , , , ,2,1,0,0,0,0,1,0,0,0,0,0,1,1,0,0,0,0,0,0,0,1,0,0,0,0,0,0,0,0,0,0,0,0,0,8,0,40.0735,-75.1771, , 
21373,245403,2016117153,6,67,67301,2016,10,7,1513,15,1,1,0,4,1, , ,N,1,2,0,3,0,2,3,2,N,N,40 02:25.164,75 03:30.735,1519, ,1515,1,1,1,N, ,3,N, , , , , , , , ,2,1,0,0,0,0,1,0,0,0,0,0,2,2,0,0,0,2,0,0,0,0,0,1,0,0,0,0,0,0,0,0,0,0,0,8,0,40.0403,-75.0585, , 
21374,245410,2016138372,6,67,67301,2016,12,1,1741,17,3,1,0,7,5, , ,N,6,0,2,3,0,0,1,1,N,N,40 00:24.934,75 04:06.372,1759, ,1750,2,1,2, , ,0,N, , , , , , , , ,1,1,0,0,0,0,0,0,0,0,0,0,0,0,0,0,0,0,0,0,1,0,0,0,0,0,0,0,0,0,0,0,0,0,0,0,0,40.0066,-75.0682, , 
21375,245412,2016119647,6,67,67301,2016,10,5,730,7,1,9,8,8,1, , ,N,1,2,0,3,0,1,2,2,N,N,39 59:32.607,75 08:31.827,331, ,330, ,0, ,N, ,3, , , , , , , , , ,1,1,0,0,0,0,0,0,0,0,0,0,1,1,0,0,0,0,0,0,0,0,0,1,0,0,0,0,0,0,0,0,1,0,0,8,0,39.9923,-75.1422, , 
21376,245420,2016129256,6,67,67301,2016,11,4,2246,22,3,1,0,5,1, , ,N,0,0,0,3,0,1,2,2,N,N,40 01:39.236,75 06:37.737,2301, ,2250, ,0, ,N, ,0, , , , , , , , , ,2,1,0,0,0,0,0,1,0,0,1,0,1,0,0,0,0,0,0,0,0,0,0,1,0,0,0,0,0,0,0,0,0,0,0,3,0,40.0276,-75.1105, , 
21377,245422,2016135732,6,67,67301,2016,11,3,2204,22,2,2,1,8,1, , ,N,2,3,0,3,0,1,2,2,N, ,40 02:13.596,75 02:23.226,2204, ,2204, ,0, , , ,3, , , , , , , , , ,1,1,0,0,0,0,0,0,0,0,0,1,1,0,0,0,0,0,0,0,1,0,0,0,0,0,0,0,0,0,0,0,1,0,0,4,0,40.0371,-75.0398, , 
21378,245490,2017003665,6,67,67301,2016,12,1,400,4,3,8,1,1,1, , ,N,0,0,0,3,0,2,3,2,N,N,40 01:42.543,75 06:25.846,409, ,405, ,0, ,N, ,0, , , , , , , , , ,2,2,0,0,0,0,0,0,0,0,2,0,2,0,0,0,0,0,0,0,0,0,0,1,0,0,0,0,0,0,0,0,0,0,0,3,0,40.0285,-75.1072, , 