objectid_1,objectid,crn,district,county,municipality,crash_year,crash_month,day_of_week,time_of_day,hour_of_day,illumination,weather,road_condition,collision_type,relation_to_road,work_zone_type,work_zone_loc,work_zone_ind,intersect_type,tcd_type,location_type,urban_rural,fatal_count,injury_count,person_count,total_units,sch_bus_ind,sch_zone_ind,latitude,longitude,arrival_tm,cons_zone_spd_lim,dispatch_tm,est_hrs_closed,lane_closed,ln_close_dir,ntfy_hiwy_maint,spec_juris_cd,tcd_func_cd,tfc_detour_ind,workers_pres,wz_close_detour,wz_flagger,wz_law_offcr_ind,wz_ln_closure,wz_moving,wz_other,wz_shlder_mdn,vehicle_count,automobile_count,motorcycle_count,bus_count,small_truck_count,heavy_truck_count,suv_count,van_count,bicycle_count,maj_inj_count,mod_inj_count,min_inj_count,tot_inj_count,unk_inj_deg_count,unk_inj_per_count,driver_count_16yr,driver_count_17yr,driver_count_18yr,driver_count_19yr,driver_count_20yr,driver_count_50_64yr,driver_count_65_74yr,driver_count_75plus,unbelted_occ_count,unb_death_count,unb_maj_inj_count,belted_death_count,belted_maj_inj_count,mcycle_death_count,mcycle_maj_inj_count,bicycle_death_count,bicycle_maj_inj_count,ped_count,ped_death_count,ped_maj_inj_count,max_severity_level,comm_veh_count,dec_lat,dec_long,rdwy_surf_type_cd,county_name
21446,245622,2016126154,6,67,67301,2016,11,5,1703,17,4,1,0,4,1, , ,N,1,2,0,3,0,1,2,2,N, ,39 57:39.360,75 14:42.201,1705, ,1705, ,0, , , ,3, , , , , , , , , ,2,2,0,0,0,0,0,0,0,0,0,1,1,0,0,0,0,0,0,0,2,0,0,0,0,0,0,0,0,0,0,0,0,0,0,4,0,39.9609,-75.245, , 
21447,245627,2016138164,6,67,67301,2016,12,6,1820,18,3,1,0,4,1, , ,N,1,2,0,3,0,2,2,2,N,N,39 59:20.173,75 13:58.609,1945, ,1940,2,1,2,N, ,3,N, , , , , , , , ,2,2,0,0,0,0,0,0,0,0,0,2,2,0,0,0,0,0,0,0,0,0,0,0,0,0,0,0,0,0,0,0,0,0,0,4,0,39.9889,-75.2329, , 
21448,245634,2017023522,6,67,67301,2016,12,4,9999,99,1,1,0,1,1, , ,N,0,0,0,3,0,1,3,2,N,N,40 02:38.662,75 04:22.441,0, ,0, ,0, ,N, ,0, , , , , , , , , ,2,1,0,0,0,0,0,0,0,0,1,0,1,0,0,0,0,0,0,0,1,0,0,0,0,0,0,0,0,0,0,0,0,0,0,3,0,40.0441,-75.0729, , 
21449,245635,2017023440,6,67,67301,2016,11,6,850,8,1,1,0,5,1, , ,N,3,0,0,3,0,1,2,2,N,N,39 55:25.034,75 14:44.477,0, ,0, ,0, ,N, ,0, , , , , , , , , ,2,1,0,0,0,0,0,0,0,0,0,0,1,1,0,0,0,0,0,0,0,0,0,0,0,0,0,0,0,0,0,0,0,0,0,8,0,39.9236,-75.2457, , 
21450,245636,2017007928,6,67,67301,2016,12,4,645,6,1,1,0,1,1, , ,N,1,2,0,3,0,1,2,2,N,N,40 00:04.702,75 09:02.340,705, ,650, ,0, ,N, ,3, , , , , , , , , ,2,1,0,1,0,0,0,0,0,0,0,0,1,1,1,0,0,0,0,0,1,0,0,0,0,0,0,0,0,0,0,0,0,0,0,8,1,40.0013,-75.1507, , 
21451,245648,2016138253,6,67,67301,2016,12,1,1445,14,1,1,0,4,1, , ,N,1,3,0,3,0,1,2,2,N,N,40 02:39.300,75 07:17.576,1640, ,1635, ,0, ,N, ,3, , , , , , , , , ,2,2,0,0,0,0,0,0,0,0,0,1,1,0,0,0,0,0,0,0,1,0,0,1,0,0,0,0,0,0,0,0,0,0,0,4,0,40.0443,-75.1215, , 
21452,245659,2017003635,6,67,67301,2016,12,5,1442,14,1,1,0,7,4, , ,N,0,0,0,3,0,1,1,1,N, ,40 01:26.863,75 07:52.134,1446, ,1442,2,2,1, , ,0,Y, , , , , , , , ,1,1,0,0,0,0,0,0,0,1,0,0,1,0,0,0,0,0,0,1,0,0,0,0,0,0,0,0,0,0,0,0,0,0,0,2,0,40.0241,-75.1311, , 
21453,245669,2016119181,6,67,67301,2016,10,6,1757,17,3,1,0,4,1, , ,N,1,2,0,3,0,1,2,2,N,N,39 57:37.886,75 10:24.974,1835, ,1821, ,0, , , ,3, , , , , , , , , ,1,1,0,0,0,0,0,0,1,0,0,1,1,0,0,0,0,0,0,0,0,0,1,1,0,0,0,0,0,0,0,0,0,0,0,4,0,39.9605,-75.1736, , 
21454,245670,2016126674,6,67,67301,2016,10,3,1429,14,1,1,0,1,1, , ,N,0,0,0,3,0,1,3,3,N,N,40 01:55.945,75 01:15.336,1446, ,1429,1,1,1, , ,0,N, , , , , , , , ,3,2,0,0,0,1,0,0,0,0,0,1,1,0,0,0,0,0,0,0,1,0,0,0,0,0,0,0,0,0,0,0,0,0,0,4,0,40.0322,-75.0209, , 
21455,245676,2016138371,6,67,67301,2016,12,1,1503,15,1,1,0,5,1, , ,N,0,0,0,3,0,1,3,2,N,N,39 54:40.379,75 08:56.291,1515, ,1503, ,0, , , ,0, , , , , , , , , ,2,0,0,0,0,1,1,0,0,0,0,1,1,0,0,0,0,0,0,0,0,0,0,0,0,0,0,0,0,0,0,0,0,0,0,4,0,39.9112,-75.149, , 
21456,245678,2016132113,6,67,67301,2016,11,3,1700,17,2,1,0,4,1, , ,N,2,2,0,3,0,1,2,2,N, ,40 01:54.004,75 02:42.197,1710, ,1700,2,1,4, , ,3,N, , , , , , , , ,1,0,0,0,0,0,1,0,1,0,0,1,1,0,0,0,0,0,0,0,0,0,0,0,0,0,0,0,0,0,0,0,0,0,0,4,0,40.0317,-75.0451, , 
21457,245688,2017007929,6,67,67301,2016,12,4,730,7,1,1,0,1,6, , ,N,0,0,0,3,0,0,1,2,N,N,40 03:48.600,75 03:25.300,745, ,735,1,1,2,N, ,0,N, , , , , , , , ,2,2,0,0,0,0,0,0,0,0,0,0,0,0,0,0,0,0,0,0,0,0,0,0,0,0,0,0,0,0,0,0,0,0,0,0,0,40.0635,-75.057, , 
21458,245689,2017005228,6,67,67301,2016,12,4,1145,11,1,1,0,4,1, , ,N,1,3,0,3,0,1,2,2,N,N,40 01:15.528,75 03:21.182,1206, ,1158, ,0, ,N, ,3, , , , , , , , , ,2,2,0,0,0,0,0,0,0,0,0,0,1,1,0,0,0,0,0,0,2,0,0,0,0,0,0,0,0,0,0,0,0,0,0,8,0,40.021,-75.0559, , 
21459,245690,2017000967,6,67,67301,2016,12,5,1144,11,1,2,1,1,1, , ,N,6,4,2,3,0,1,2,2,N,N,39 57:26.946,75 08:48.339,1156, ,1146, ,0, , , ,3, , , , , , , , , ,2,1,0,0,0,1,0,0,0,0,0,1,1,0,0,0,0,0,0,0,0,1,0,0,0,0,0,0,0,0,0,0,0,0,0,4,1,39.9575,-75.1468, , 
21460,251674,2016084422,6,67,67301,2016,8,2,856,8,1,1,0,1,1, , ,N,0,0,0,3,0,3,10,5,N,N,39 57:36.434,75 10:47.494,901, ,856, ,0, , , ,0, , , , , , , , , ,5,2,0,0,0,0,1,2,0,0,0,0,3,3,0,0,0,0,0,0,1,0,1,0,0,0,0,0,0,0,0,0,0,0,0,8,0,39.9601,-75.1799, , 
21461,251690,2017005245,6,67,67301,2016,12,3,1512,15,1,1,0,4,1, , ,N,1,2,0,3,0,2,2,2,N, ,39 55:05.527,75 13:58.911,1534, ,1531, ,0, , , ,3, , , , , , , , , ,2,0,0,0,0,0,2,0,0,0,1,1,2,0,0,0,0,0,0,0,2,0,0,0,0,0,0,0,0,0,0,0,0,0,0,3,0,39.9182,-75.233, , 
21462,251692,2017023676,6,67,67301,2016,11,1,9999,99,1,1,0,5,1, , ,N,0,0,0,3,0,1,2,2,N,N,39 52:52.302,75 15:13.209,0, ,0, ,0, ,N, ,0, , , , , , , , , ,2,1,0,0,0,0,1,0,0,0,0,0,1,1,0,0,0,0,0,0,0,0,0,1,0,0,0,0,0,0,0,0,0,0,0,8,0,39.8812,-75.2537, , 
21463,251713,2016129392,6,67,67301,2016,11,2,919,9,1,1,0,4,1, , ,N,1,3,0,3,0,3,5,2,N,N,39 58:44.180,75 13:56.038,925, ,920, ,0, ,N, ,3, , , , , , , , , ,2,0,0,0,0,0,1,1,0,0,0,0,3,3,0,0,0,0,0,0,0,0,0,0,0,0,0,0,0,0,0,0,0,0,0,8,0,39.9789,-75.2322, , 
21464,251716,2016129264,6,67,67301,2016,11,6,1802,18,1,1,0,4,1, , ,N,5,2,0,3,0,0,4,2,N,N,39 59:13.382,75 07:20.404,1802, ,1802, ,0, ,N, ,3, , , , , , , , , ,2,0,0,0,0,0,1,1,0,0,0,0,0,0,0,0,0,0,0,0,0,0,0,0,0,0,0,0,0,0,0,0,0,0,0,0,0,39.9871,-75.1223, , 
21465,251719,2016132133,6,67,67301,2016,11,3,9999,99,1,2,1,7,4, , ,N,0,0,0,3,0,0,1,1,N,N,39 59:07.047,75 12:43.722,9999, ,148,9,1,6,N, ,0,N, , , , , , , , ,1,0,0,0,0,0,1,0,0,0,0,0,0,0,0,0,0,0,0,0,0,0,0,0,0,0,0,0,0,0,0,0,0,0,0,0,0,39.9853,-75.2121, , 
21466,251756,2016061230,6,67,67301,2016,5,3,1010,10,1,1,0,1,1,2,4,Y,0,0,0,3,0,2,3,2,N,N,40 04:58.561,74 58:02.750,1025,99,1018,2,2,3,N, ,0,Y,Y, , ,N,Y, , , ,2,0,0,0,0,0,1,1,0,0,0,2,2,0,0,0,1,0,0,0,0,0,0,0,0,0,0,0,0,0,0,0,0,0,0,4,0,40.0829,-74.9674, , 
21467,251784,2016126360,6,67,67301,2016,12,5,1840,18,3,1,0,5,1, , ,N,0,0,0,3,0,2,4,2,N,N,39 56:56.448,75 11:34.950,1929, ,1929, ,0, ,N, ,0, , , , , , , , , ,1,1,0,0,0,0,0,0,1,0,1,0,2,1,0,0,0,0,0,0,0,0,0,0,0,0,0,0,0,0,0,0,0,0,0,3,0,39.949,-75.193, , 
21468,251809,2016135737,6,67,67301,2016,12,1,9999,99,3,1,0,4,1, , ,N,1,2,0,3,0,1,3,2,N,N,40 02:16.088,75 04:28.064,1702, ,1659, ,0, ,N, ,3, , , , , , , , , ,2,1,0,0,0,0,1,0,0,0,0,0,1,1,0,0,0,0,0,0,0,0,0,0,0,0,0,0,0,0,0,0,0,0,0,8,0,40.0378,-75.0745, , 
21469,251856,2016129408,6,67,67301,2016,11,3,754,7,1,1,0,1,1, , ,N,2,0,0,3,0,0,3,3,N,N,40 04:16.503,75 11:09.112,828, ,824, ,0, , , ,0, , , , , , , , , ,3,3,0,0,0,0,0,0,0,0,0,0,0,0,0,0,0,0,0,0,1,1,0,0,0,0,0,0,0,0,0,0,0,0,0,0,0,40.0713,-75.1859, , 
21470,251869,2016132136,6,67,67301,2016,11,5,2210,22,3,1,0,4,1, , ,N,0,0,7,3,0,1,2,2,N,N,39 55:25.174,75 09:50.799,2219, ,2217, ,0, ,N, ,0, , , , , , , , , ,1,1,0,0,0,0,0,0,1,0,0,1,1,0,0,0,0,0,0,0,1,0,0,0,0,0,0,0,0,0,0,0,0,0,0,4,0,39.9237,-75.1641, , 
21471,251872,2016124252,6,67,67301,2016,11,1,1739,17,3,1,0,5,1, , ,N,0,8,3,3,0,11,11,3,N,N,39 59:12.100,75 04:13.800,1745, ,1742, ,0, ,N, ,3, , , , , , , , , ,3,1,0,0,0,0,1,1,0,0,10,1,11,0,0,0,0,0,0,0,0,0,0,0,0,0,0,0,0,0,0,0,0,0,0,3,0,39.9867,-75.0705, , 
21472,251882,2016126677,6,67,67301,2016,10,7,2034,20,3,1,0,1,1, , ,N,0,0,0,3,0,0,7,4,N,N,39 57:26.475,75 09:28.656,2048, ,2034,2,2,4, , ,0,Y, , , , , , , , ,4,3,0,0,0,0,1,0,0,0,0,0,0,0,2,0,0,0,0,0,0,1,0,0,0,0,0,0,0,0,0,0,0,0,0,9,0,39.9574,-75.158, , 
21473,251900,2016138230,6,67,67301,2016,12,4,1339,13,1,1,0,8,1, , ,N,1,3,0,3,0,1,2,2,N, ,40 01:40.105,75 10:33.790,1350, ,1341, ,0, , , ,3, , , , , , , , , ,1,0,0,0,1,0,0,0,0,0,0,1,1,0,0,0,0,0,0,0,1,0,0,0,0,0,0,0,0,0,0,0,1,0,0,4,0,40.0278,-75.1761, , 
21474,251905,2016135774,6,67,67301,2016,12,2,1725,17,1,1,0,1,1, , ,N,0,0,0,3,0,0,3,2,N,N,40 00:03.270,75 04:57.768,1730, ,1726, ,0, , , ,0, , , , , , , , , ,2,0,0,0,0,1,1,0,0,0,0,0,0,0,0,0,0,0,0,0,0,0,0,0,0,0,0,0,0,0,0,0,0,0,0,0,1,40.0009,-75.0827, , 
21475,251914,2016105617,6,67,67301,2016,9,5,1710,17,1,1,0,1,1, , ,N,0,0,0,3,0,2,3,3,N, ,39 56:39.402,75 09:17.133,1824, ,1816, ,0, , , ,0, , , , , , , , , ,3,2,0,0,0,0,1,0,0,0,0,1,2,1,0,0,0,0,0,0,1,0,0,0,0,0,0,0,0,0,0,0,0,0,0,4,0,39.9443,-75.1548, , 
21476,251923,2016105933,6,67,67301,2016,9,6,1245,12,1,1,0,4,1, , ,N,1,2,2,3,0,1,2,2,N, ,39 53:33.035,75 13:21.198,1500, ,1500, ,0, , , ,3, , , , , , , , , ,2,1,0,0,0,0,1,0,0,0,0,0,1,1,1,0,0,0,0,0,0,0,0,0,0,0,0,0,0,0,0,0,0,0,0,8,0,39.8925,-75.2226, , 
21477,251927,2016112173,6,67,67301,2016,10,5,1700,17,1,1,1,4,1, , ,N,2,2,7,3,0,0,2,2,N,N,40 05:40.605,74 57:31.493,1715, ,1711, ,0, ,N, ,3, , , , , , , , , ,2,1,0,0,0,0,1,0,0,0,0,0,0,0,0,0,0,0,0,0,0,0,0,2,0,0,0,0,0,0,0,0,0,0,0,0,0,40.0946,-74.9587, , 
21478,239572,2017021118,6,67,67301,2016,8,4,1300,13,1,1,0,4,1, , ,N,2,3,0,3,0,1,2,2,N,N,40 03:03.759,75 10:50.003,0, ,0, ,0, ,N, ,3, , , , , , , , , ,2,2,0,0,0,0,0,0,0,0,1,0,1,0,0,0,0,0,0,0,0,0,1,1,0,0,0,0,0,0,0,0,0,0,0,3,0,40.051,-75.1806, , 
21479,239579,2016097673,6,67,67301,2016,8,6,105,1,3,1,0,5,6, , ,N,0,0,0,3,0,0,1,4,N, ,39 58:08.908,75 07:59.657,118, ,116, ,0, , , ,0, , , , , , , , , ,4,3,0,0,0,0,0,1,0,0,0,0,0,0,1,0,0,0,0,0,0,0,0,0,0,0,0,0,0,0,0,0,0,0,0,9,0,39.9691,-75.1332, , 
21480,239582,2016092082,6,67,67301,2016,8,4,930,9,1,1,0,7,4, , ,N,0,0,0,3,0,1,1,1,N,N,40 04:58.385,75 12:32.772,941, ,941, ,0, ,N, ,0, , , , , , , , , ,1,0,0,0,0,0,1,0,0,0,1,0,1,0,0,0,0,0,0,0,0,0,1,0,0,0,0,0,0,0,0,0,0,0,0,3,0,40.0829,-75.2091, , 
21481,239584,2016099582,6,67,67301,2016,9,1,1055,10,1,1,1,4,1, , ,N,0,0,7,3,0,1,2,4,N,N,39 58:22.295,75 10:18.475,1225, ,1217, ,0, ,N, ,0, , , , , , , , , ,4,3,0,0,0,0,1,0,0,0,0,1,1,0,0,0,0,0,0,0,1,0,1,1,0,0,0,0,0,0,0,0,0,0,0,4,0,39.9729,-75.1718, , 
21482,239598,2016119156,6,67,67301,2016,10,3,1540,15,1,1,0,8,1, , ,N,1,2,0,3,0,1,2,2,N,N,39 55:17.779,75 08:53.544,1540, ,1534, ,0, , , ,3, , , , , , , , , ,1,0,0,0,0,1,0,0,0,0,0,1,1,0,0,0,0,0,0,0,0,1,0,1,0,0,0,0,0,0,0,0,1,0,0,4,1,39.9216,-75.1482, , 
21483,239607,2016129468,6,67,67301,2016,11,7,1405,14,1,1,0,1,1, , ,N,0,0,0,3,0,0,4,2,N, ,40 03:21.255,75 13:57.449,1508, ,1503,3,1,2, , ,0,N, , , , , , , , ,2,0,0,0,0,0,2,0,0,0,0,0,0,0,2,0,0,0,0,0,0,0,0,2,0,0,0,0,0,0,0,0,0,0,0,9,0,40.0559,-75.2326, , 
21484,239608,2016126168,6,67,67301,2016,11,4,1750,17,3,2,1,5,1, , ,N,0,0,0,3,0,0,2,2,N,N,39 56:04.512,75 08:33.735,1820, ,1801,9,1,1,N, ,0,N, , , , , , , , ,2,1,0,0,1,0,0,0,0,0,0,0,0,0,0,0,0,0,0,0,1,0,0,0,0,0,0,0,0,0,0,0,0,0,0,0,0,39.9346,-75.1427, , 
21485,239681,2016129461,6,67,67301,2016,11,4,900,9,1,1,0,4,1, , ,N,2,3,0,3,0,0,2,3,N,N,40 00:49.284,75 06:42.613,1305, ,1300, ,0, ,N, ,3, , , , , , , , , ,3,1,0,0,0,0,2,0,0,0,0,0,0,0,0,0,0,0,0,1,0,0,0,1,0,0,0,0,0,0,0,0,0,0,0,0,0,40.0137,-75.1118, , 
21486,239690,2016117710,6,67,67301,2016,10,1,1858,18,4,1,0,8,1, , ,N,1,2,0,3,0,1,2,2,N, ,39 55:11.587,75 13:39.266,1953, ,1952, ,0, , , ,3, , , , , , , , , ,1,0,0,0,0,0,0,0,0,0,0,1,1,0,1,0,0,0,0,0,0,0,0,0,0,0,0,0,0,0,0,0,1,0,0,4,0,39.9198,-75.2275, , 
21487,239700,2016122201,6,67,67301,2016,11,6,2111,21,3,1,0,1,1, , ,N,0,0,0,3,0,1,2,2,N,N,39 57:35.903,75 10:42.866,2121, ,2111,2,2,4, , ,0,N, , , , , , , , ,2,0,0,0,0,0,2,0,0,0,0,0,1,1,0,0,0,0,0,0,0,0,0,0,0,0,0,0,0,0,0,0,0,0,0,8,0,39.96,-75.1786, , 
21488,239705,2016132195,6,67,67301,2016,11,7,539,5,3,1,0,5,6, , ,N,0,0,0,3,0,0,1,3,N,N,40 03:18.234,75 09:34.326,552, ,545, ,0, ,N, ,0, , , , , , , , , ,3,1,0,0,0,0,2,0,0,0,0,0,0,0,1,0,0,0,0,0,0,0,0,0,0,0,0,0,0,0,0,0,0,0,0,9,0,40.0551,-75.1595, , 
21489,239706,2016129440,6,67,67301,2016,11,4,951,9,1,1,0,5,1, , ,N,0,0,0,3,0,2,4,2,N,N,39 59:32.932,75 08:37.175,1000, ,957, ,0, ,N, ,0, , , , , , , , , ,2,1,0,0,0,0,1,0,0,0,0,2,2,0,0,0,0,0,0,0,1,0,0,0,0,0,0,0,0,0,0,0,0,0,0,4,0,39.9925,-75.1437, , 
21490,239718,2017007881,6,67,67301,2016,12,1,1528,15,1,1,0,4,1, , ,N,1,2,0,3,0,1,2,2,N,N,40 01:42.499,75 03:40.120,1530, ,1530, ,0, , , ,3, , , , , , , , , ,2,1,1,0,0,0,0,0,0,0,0,0,1,1,0,0,0,0,0,0,0,0,0,0,0,0,0,0,0,0,0,0,0,0,0,8,0,40.0285,-75.0611, , 
21491,239719,2017005209,6,67,67301,2016,12,7,1825,18,2,2,1,8,1, , ,N,1,0,0,3,0,2,3,3,N, ,40 00:42.501,75 06:35.945,1833, ,1830, ,0, , , ,0, , , , , , , , , ,1,1,0,0,0,0,0,0,0,0,0,2,2,0,0,0,0,0,0,0,0,0,0,0,0,0,0,0,0,0,0,0,2,0,0,4,0,40.0118,-75.11, , 
21492,239723,2016129285,6,67,67301,2016,11,4,1435,14,1,1,0,4,1, , ,N,5,2,0,3,0,1,3,2,N, ,40 00:48.913,75 04:06.725,1445, ,1442, ,0, , , ,3, , , , , , , , , ,2,1,0,0,0,0,1,0,0,0,0,1,1,0,0,0,0,0,0,0,0,0,0,0,0,0,0,0,0,0,0,0,0,0,0,4,0,40.0136,-75.0685, , 
21493,239745,2016138224,6,67,67301,2016,12,6,740,7,1,1,0,4,1, , ,N,1,2,0,3,0,2,4,2,N,N,39 55:33.889,75 13:29.313,816, ,755, ,0, ,N, ,3, , , , , , , , , ,2,2,0,0,0,0,0,0,0,0,0,0,2,2,0,0,0,0,0,0,0,0,0,2,0,0,0,0,0,0,0,0,0,0,0,8,0,39.9261,-75.2248, , 
21494,239749,2017007863,6,67,67301,2016,12,5,2155,21,3,1,0,7,4, , ,N,0,0,3,3,0,1,1,1,N,N,39 58:30.473,75 11:40.417,2247, ,2156, ,0, , , ,0, , , , , , , , , ,1,0,0,0,0,0,1,0,0,0,0,1,1,0,0,0,0,0,0,0,0,0,0,0,0,0,0,0,0,0,0,0,0,0,0,4,0,39.9751,-75.1946, , 
21495,239752,2017007892,6,67,67301,2016,12,5,1225,12,1,2,1,1,6, , ,N,0,0,0,3,0,0,1,3,N,N,39 58:49.644,75 07:42.947,1235, ,1230, ,0, ,N, ,0, , , , , , , , , ,3,1,0,0,0,0,1,1,0,0,0,0,0,0,0,0,0,0,0,0,0,0,0,0,0,0,0,0,0,0,0,0,0,0,0,0,0,39.9805,-75.1286, , 
21496,233404,2016129985,6,67,67301,2016,10,1,1318,13,1,1,0,5,4, , ,N,0,0,0,3,0,0,1,3,N,N,39 55:43.005,75 13:12.015,1510, ,1509, ,0, ,N, ,0, , , , , , , , , ,3,2,0,0,0,0,1,0,0,0,0,0,0,0,0,0,0,0,0,0,0,1,0,0,0,0,0,0,0,0,0,0,0,0,0,0,0,39.9286,-75.22, , 
21497,233435,2016064027,6,67,67301,2016,6,5,1659,16,1,1,0,4,1, , ,N,1,2,0,3,0,2,5,2,N,N,40 05:41.833,75 00:55.566,1705, ,1700,1,2,2, , ,3,Y, , , , , , , , ,2,2,0,0,0,0,0,0,0,0,1,1,2,0,1,0,0,0,1,0,1,0,0,2,0,0,0,0,0,0,0,0,0,0,0,3,0,40.095,-75.0154, , 
21498,233484,2016111087,6,67,67301,2016,10,4,1610,16,1,1,1,8,1, , ,N,1,2,0,3,0,1,2,2,N,N,40 01:39.188,75 08:49.702,1920, ,1916, ,0, , , ,3, , , , , , , , , ,1,0,0,0,0,0,0,1,0,0,0,1,1,0,0,0,0,0,0,0,0,0,1,0,0,0,0,0,0,0,0,0,1,0,0,4,0,40.0276,-75.1471, , 
21499,233485,2016119169,6,67,67301,2016,10,3,1750,17,4,1,0,8,6, , ,N,0,0,0,3,0,1,2,2,N,N,40 00:57.681,75 09:12.664,1802, ,1757, ,0, ,N, ,0, , , , , , , , , ,1,0,0,0,0,0,1,0,0,0,0,0,1,1,0,0,0,0,0,0,0,0,0,1,0,0,0,0,0,0,0,0,1,0,0,8,0,40.016,-75.1535, , 
21500,233490,2016062657,6,67,67301,2016,5,7,2233,22,3,2,1,4,1, , ,N,1,3,0,3,0,0,2,2,N, ,39 55:20.172,75 09:47.408,2245, ,2242, ,0, , , ,3, , , , , , , , , ,2,0,0,0,0,0,2,0,0,0,0,0,0,0,1,0,0,0,0,0,0,0,0,1,0,0,0,0,0,0,0,0,0,0,0,9,0,39.9223,-75.1632, , 
21501,233492,2016065621,6,67,67301,2016,6,3,1658,16,1,1,0,1,1, , ,N,3,3,0,3,0,0,2,2,N,N,40 01:34.328,75 05:39.761,1706, ,1700, ,0, ,N, ,3, , , , , , , , , ,2,0,0,0,0,0,2,0,0,0,0,0,0,0,0,0,0,0,0,0,0,0,0,0,0,0,0,0,0,0,0,0,0,0,0,0,0,40.0262,-75.0944, , 
21502,233494,2016066475,6,67,67301,2016,5,6,1220,12,1,2,1,1,1, , ,N,0,0,0,3,0,1,3,3,N,N,39 54:47.373,75 08:54.580,1223, ,1222,1,1,2, , ,0,N, , , , , , , , ,3,1,0,0,0,2,0,0,0,0,1,0,1,0,1,0,0,0,0,0,1,0,0,0,0,0,0,0,0,0,0,0,0,0,0,3,0,39.9132,-75.1485, , 
21503,233499,2016087224,6,67,67301,2016,7,5,1332,13,1,1,0,4,1, , ,N,1,2,0,3,0,1,3,2,N,N,39 57:19.191,75 13:55.012,1346, ,1332, ,0, , , ,3, , , , , , , , , ,2,1,0,0,0,0,0,1,0,0,0,1,1,0,0,0,0,0,0,0,1,0,0,1,0,0,0,0,0,0,0,0,0,0,0,4,0,39.9553,-75.2319, , 
21504,233509,2016109112,6,67,67301,2016,10,5,901,9,1,1,0,1,1,1,2,Y,0,0,0,3,0,2,3,3,N,N,40 02:07.054,75 01:05.290,913,45,902, ,0, , , ,0, ,Y,N,N,N,N,N,N,Y,3,1,0,0,0,0,0,2,0,0,0,0,2,2,0,0,0,0,0,0,1,0,0,0,0,0,0,0,0,0,0,0,0,0,0,8,0,40.0353,-75.0181, , 
21505,233528,2016135705,6,67,67301,2016,12,6,2100,21,3,1,0,7,5, , ,N,0,0,0,3,0,3,4,1,N,Y,39 57:44.704,75 12:54.246,2105, ,2101, ,0, ,N, ,0, , , , , , , , , ,1,0,0,0,0,0,1,0,0,0,0,0,3,3,0,0,0,0,0,0,0,0,0,0,0,0,0,0,0,0,0,0,0,0,0,8,0,39.9624,-75.2151, , 
21506,233529,2016135655,6,67,67301,2016,12,5,800,8,3,1,0,1,1, , ,N,0,0,0,3,0,2,3,2,N,N,40 04:45.471,74 59:29.572,149, ,143, ,0, ,N, ,0, , , , , , , , , ,2,0,0,0,0,0,2,0,0,0,0,2,2,0,0,0,0,0,0,0,1,0,0,1,0,0,0,0,0,0,0,0,0,0,0,4,0,40.0793,-74.9915, , 
21507,233541,2017018973,6,67,67301,2016,6,2,2345,23,3,1,0,4,1, , ,N,1,2,0,3,0,1,2,2,N,N,39 58:26.830,75 12:15.528,0, ,0, ,0, ,N, ,3, , , , , , , , , ,2,1,0,0,0,0,1,0,0,0,1,0,1,0,0,0,0,0,0,0,2,0,0,0,0,0,0,0,0,0,0,0,0,0,0,3,0,39.9741,-75.2043, , 
21508,233544,2016117221,6,67,67301,2016,11,4,1535,15,1,2,1,5,1, , ,N,0,0,0,3,0,2,4,4,N,N,40 05:39.773,75 00:56.559,1545, ,1539,2,2,1,N, ,0,N, , , , , , , , ,4,1,0,0,0,0,2,1,0,0,2,0,2,0,0,0,0,0,0,0,1,1,0,1,0,0,0,0,0,0,0,0,0,0,0,3,0,40.0944,-75.0157, , 
21509,233556,2016091178,6,67,67301,2016,8,6,1019,10,1,1,0,1,1,1,4,Y,0,0,0,3,0,1,3,3,N,N,40 01:14.794,75 02:33.714,1051,45,1020,1,2,2, , ,0,N,Y,N,N,N,N,N,N,Y,3,1,0,0,0,0,1,1,0,0,0,1,1,0,0,0,0,0,0,0,0,1,0,0,0,0,0,0,0,0,0,0,0,0,0,4,0,40.0208,-75.0427, , 
21510,233566,2016105692,6,67,67301,2016,9,4,820,8,1,1,0,1,1, , ,N,0,0,0,3,0,1,2,2,N, ,39 58:45.140,75 07:06.622,835, ,825, ,0, , , ,0, , , , , , , , , ,2,1,0,0,1,0,0,0,0,0,0,1,1,0,0,0,0,0,0,0,1,0,0,0,0,0,0,0,0,0,0,0,0,0,0,4,0,39.9792,-75.1185, , 
21511,233594,2016090223,6,46,46102,2016,9,6,1120,11,1,1,0,1,1, , ,N,0,0,0,3,0,2,4,3,N,N,40 03:58.886,75 05:32.025,1122, ,1121,1,2,3,N, ,0,Y, , , , , , , , ,3,2,0,0,0,0,1,0,0,0,0,0,2,2,0,0,0,0,0,0,0,0,0,0,0,0,0,0,0,0,0,0,0,0,0,8,0,40.0664,-75.0922, , 
21512,233599,2016133616,6,67,67301,2016,12,7,900,9,1,2,4,7,2, , ,N,0,8,3,3,0,0,2,1,N,N,39 55:13.500,75 11:23.800,909, ,909, ,0, ,N, ,3, , , , , , , , , ,1,1,0,0,0,0,0,0,0,0,0,0,0,0,0,0,0,0,0,0,1,0,0,0,0,0,0,0,0,0,0,0,0,0,0,0,0,39.9204,-75.1899, , 