objectid_1,objectid,crn,district,county,municipality,crash_year,crash_month,day_of_week,time_of_day,hour_of_day,illumination,weather,road_condition,collision_type,relation_to_road,work_zone_type,work_zone_loc,work_zone_ind,intersect_type,tcd_type,location_type,urban_rural,fatal_count,injury_count,person_count,total_units,sch_bus_ind,sch_zone_ind,latitude,longitude,arrival_tm,cons_zone_spd_lim,dispatch_tm,est_hrs_closed,lane_closed,ln_close_dir,ntfy_hiwy_maint,spec_juris_cd,tcd_func_cd,tfc_detour_ind,workers_pres,wz_close_detour,wz_flagger,wz_law_offcr_ind,wz_ln_closure,wz_moving,wz_other,wz_shlder_mdn,vehicle_count,automobile_count,motorcycle_count,bus_count,small_truck_count,heavy_truck_count,suv_count,van_count,bicycle_count,maj_inj_count,mod_inj_count,min_inj_count,tot_inj_count,unk_inj_deg_count,unk_inj_per_count,driver_count_16yr,driver_count_17yr,driver_count_18yr,driver_count_19yr,driver_count_20yr,driver_count_50_64yr,driver_count_65_74yr,driver_count_75plus,unbelted_occ_count,unb_death_count,unb_maj_inj_count,belted_death_count,belted_maj_inj_count,mcycle_death_count,mcycle_maj_inj_count,bicycle_death_count,bicycle_maj_inj_count,ped_count,ped_death_count,ped_maj_inj_count,max_severity_level,comm_veh_count,dec_lat,dec_long,rdwy_surf_type_cd,county_name
22254,238878,2016105917,6,67,67301,2016,9,2,835,8,1,2,1,8,1, , ,N,1,2,0,3,0,1,2,2,N, ,39 56:18.962,75 13:17.948,841, ,839, ,0, , , ,3, , , , , , , , , ,1,0,0,0,0,0,0,1,0,0,0,0,1,1,0,0,0,0,0,1,0,0,0,0,0,0,0,0,0,0,0,0,1,0,0,8,0,39.9386,-75.2217, , 
22255,238892,2016117205,6,67,67301,2016,10,1,1911,19,3,1,0,8,1, , ,N,1,3,0,3,0,1,2,2,N,N,40 01:21.712,75 08:00.711,1525, ,1525, ,0, ,N, ,3, , , , , , , , , ,1,0,0,0,0,0,1,0,0,0,1,0,1,0,0,0,0,0,0,0,0,0,0,1,0,0,0,0,0,0,0,0,1,0,0,3,0,40.0227,-75.1335, , 
22256,238893,2016117198,6,67,67301,2016,10,3,850,8,1,1,0,4,1, , ,N,2,3,0,3,0,1,2,2,N, ,39 56:15.471,75 11:40.750,909, ,909, ,0, , , ,3, , , , , , , , , ,2,1,0,0,0,0,1,0,0,0,0,0,1,1,0,0,0,0,0,0,0,0,0,0,0,0,0,0,0,0,0,0,0,0,0,8,0,39.9376,-75.1947, , 
22257,238958,2016099497,6,67,67301,2016,9,5,740,7,1,1,0,8,1, , ,N,0,0,0,3,0,1,3,3,N, ,40 01:16.176,75 07:15.101,830, ,808, ,0, , , ,0, , , , , , , , , ,1,0,0,0,0,0,1,0,0,0,0,1,1,0,0,0,0,0,0,1,0,0,0,0,0,0,0,0,0,0,0,0,2,0,0,4,0,40.0212,-75.1209, , 
22258,238964,2016092094,6,67,67301,2016,8,3,1702,17,1,1,0,4,1, , ,N,2,0,0,3,0,0,2,2,N,N,39 58:05.640,75 09:36.743,1730, ,1723, ,0, ,N, ,0, , , , , , , , , ,2,2,0,0,0,0,0,0,0,0,0,0,0,0,0,0,0,0,0,0,0,1,0,0,0,0,0,0,0,0,0,0,0,0,0,0,0,39.9681,-75.1601, , 
22259,238971,2016119278,6,67,67301,2016,11,5,538,5,3,1,0,4,1,1,4,Y,0,0,0,3,0,1,3,3,N,N,40 01:36.069,75 01:33.725,554,45,538,2,2,1, , ,0,N,N,N,N,N,N,N,N,Y,3,2,0,0,1,0,0,0,0,0,0,0,1,1,0,0,0,0,0,0,0,0,0,0,0,0,0,0,0,0,0,0,0,0,0,8,0,40.0267,-75.026, , 
22260,238977,2016112118,6,67,67301,2016,10,3,1644,16,1,1,0,4,1, , ,N,0,0,0,3,0,2,2,2,N,N,39 58:57.652,75 12:53.486,1700, ,1644, ,0, , , ,0, , , , , , , , , ,2,0,0,0,0,0,2,0,0,0,0,0,2,2,0,0,0,0,0,0,0,0,0,1,0,0,0,0,0,0,0,0,0,0,0,8,0,39.9827,-75.2149, , 
22261,238986,2016063483,6,67,67301,2016,6,3,1651,16,1,1,0,4,1, , ,N,1,2,0,3,0,1,2,2,N, ,40 02:07.796,75 10:43.589,1659, ,1659, ,0, , , ,3, , , , , , , , , ,1,0,0,1,0,0,0,0,1,0,0,0,1,1,0,0,0,0,0,0,1,0,0,0,0,0,0,0,0,0,0,0,0,0,0,8,1,40.0355,-75.1788, , 
22262,238989,2016064007,6,67,67301,2016,5,7,1430,14,1,1,0,1,1, , ,N,0,0,0,3,0,1,2,2,N, ,39 57:39.152,75 14:49.574,1457, ,1431, ,0, , , ,0, , , , , , , , , ,2,1,0,0,0,0,0,0,0,0,0,1,1,0,0,0,0,0,0,0,0,0,0,0,0,0,0,0,0,0,0,0,0,0,0,4,0,39.9609,-75.2471, , 
22263,239003,2017003649,6,67,67301,2016,12,6,720,7,1,1,0,4,1, , ,N,0,0,7,3,0,0,2,2,N, ,40 03:37.481,75 14:08.413,730, ,723,2,1,2, , ,0,N, , , , , , , , ,2,1,0,0,0,0,1,0,0,0,0,0,0,0,0,0,0,0,0,0,0,0,0,2,0,0,0,0,0,0,0,0,0,0,0,0,0,40.0604,-75.2357, , 
22264,229029,2016105501,6,67,67301,2016,9,6,2211,22,3,1,0,4,1, , ,N,1,3,0,3,0,2,2,2,N, ,40 00:47.721,75 05:50.811,2316, ,2311, ,0, , , ,3, , , , , , , , , ,2,0,0,0,0,0,2,0,0,0,0,2,2,0,0,0,0,0,0,0,0,0,0,0,0,0,0,0,0,0,0,0,0,0,0,4,0,40.0133,-75.0974, , 
22265,229072,2016119150,6,67,67301,2016,10,5,816,8,1,1,0,4,1, , ,N,1,2,0,3,0,1,2,2,N, ,39 58:14.012,75 08:59.857,825, ,818,1,1,3, , ,3,N, , , , , , , , ,2,1,0,0,0,0,1,0,0,0,0,1,1,0,0,0,0,0,0,0,0,0,0,0,0,0,0,0,0,0,0,0,0,0,0,4,0,39.9704,-75.15, , 
22266,229077,2016124523,6,67,67301,2016,11,6,737,7,1,1,0,1,1, , ,N,6,0,0,3,0,0,2,2,N,N,39 57:06.151,75 08:29.297,742, ,737, ,0, , , ,0, , , , , , , , , ,2,1,0,0,0,0,1,0,0,0,0,0,0,0,0,0,0,0,0,0,0,1,0,0,0,0,0,0,0,0,0,0,0,0,0,0,0,39.9517,-75.1415, , 
22267,229078,2016117720,6,67,67301,2016,10,2,714,7,1,1,0,4,1, , ,N,1,2,0,3,0,2,2,2,N,N,39 57:22.442,75 13:10.587,730, ,723, ,0, ,N, ,3, , , , , , , , , ,2,1,0,0,0,0,1,0,0,0,0,2,2,0,0,0,0,0,0,0,1,0,0,0,0,0,0,0,0,0,0,0,0,0,0,4,0,39.9562,-75.2196, , 
22268,229080,2016127799,6,67,67301,2016,11,2,1520,15,1,1,1,8,1, , ,N,1,1,0,3,0,1,2,2,N,N,40 03:34.337,75 09:55.640,1530, ,1527, ,0, ,N, ,3, , , , , , , , , ,1,1,0,0,0,0,0,0,0,0,0,0,1,1,0,0,0,0,0,0,0,1,0,0,0,0,0,0,0,0,0,0,1,0,0,8,0,40.0595,-75.1655, , 
22269,229100,2016138270,6,67,67301,2016,12,3,2330,23,3,2,1,5,1, , ,N,0,0,0,3,0,1,2,2,N, ,39 59:56.506,75 07:59.743,1, ,0, ,0, , , ,0, , , , , , , , , ,2,1,0,0,0,0,0,1,0,0,0,0,1,1,0,0,0,0,0,0,0,0,0,1,0,0,0,0,0,0,0,0,0,0,0,8,0,39.999,-75.1333, , 
22270,229111,2016099539,6,67,67301,2016,9,4,1548,15,1,1,0,4,1, , ,N,1,2,0,3,0,0,2,2,N, ,39 59:20.627,75 05:22.626,1602, ,1559, ,0, , , ,3, , , , , , , , , ,2,0,0,0,1,0,1,0,0,0,0,0,0,0,0,0,0,0,0,0,0,0,0,0,0,0,0,0,0,0,0,0,0,0,0,0,0,39.9891,-75.0896, , 
22271,229150,2016107712,6,67,67301,2016,10,3,838,8,1,1,0,7,7, , ,N,7,0,2,3,0,0,1,1,N,N,39 58:34.046,75 11:43.985,838, ,838,1,2,4, , ,0,N, , , , , , , , ,1,1,0,0,0,0,0,0,0,0,0,0,0,0,0,0,0,0,0,0,0,0,0,1,0,0,0,0,0,0,0,0,0,0,0,0,0,39.9761,-75.1956, , 
22272,229157,2017007872,6,67,67301,2016,12,7,1215,12,1,1,0,4,1, , ,N,0,0,0,3,0,0,6,2,N,N,40 01:48.122,75 12:23.599,1258, ,1251, ,0, ,N, ,0, , , , , , , , , ,2,1,0,0,1,0,0,0,0,0,0,0,0,0,5,0,0,0,0,0,0,0,0,0,0,0,0,0,0,0,0,0,0,0,0,9,0,40.03,-75.2066, , 
22273,229164,2017007755,6,67,67301,2016,12,7,352,3,3,1,0,7,5, , ,N,1,2,0,3,0,1,1,1,N,N,39 59:18.584,75 06:22.955,431, ,431, ,0, ,N, ,3, , , , , , , , , ,1,1,0,0,0,0,0,0,0,0,0,1,1,0,0,0,0,0,0,0,0,0,0,0,0,0,0,0,0,0,0,0,0,0,0,4,0,39.9885,-75.1064, , 
22274,229176,2016129276,6,67,67301,2016,11,2,1600,16,1,1,0,4,1, , ,N,2,2,0,3,0,1,2,2,N,N,39 57:36.624,75 08:13.909,1635, ,1639, ,0, , , ,3, , , , , , , , , ,1,1,0,0,0,0,0,0,1,0,0,1,1,0,1,0,0,0,0,0,0,0,0,0,0,0,0,0,0,0,0,0,0,0,0,4,0,39.9602,-75.1372, , 
22275,229183,2016129464,6,67,67301,2016,11,7,900,9,1,1,0,8,1, , ,N,1,2,0,3,0,1,2,2,N,N,39 59:20.627,75 05:22.626,915, ,906, ,0, ,N, ,3, , , , , , , , , ,1,0,0,0,1,0,0,0,0,0,0,0,1,1,1,0,0,0,0,0,0,0,0,0,0,0,0,0,0,0,0,0,1,0,0,8,0,39.9891,-75.0896, , 
22276,229191,2017000631,6,67,67301,2016,12,4,1530,15,1,1,0,6,1, , ,N,0,0,0,3,0,0,2,2,N,N,39 58:13.335,75 11:23.528,1530, ,1525, ,0, ,N, ,0, , , , , , , , , ,2,2,0,0,0,0,0,0,0,0,0,0,0,0,0,0,0,0,0,0,2,0,0,0,0,0,0,0,0,0,0,0,0,0,0,0,0,39.9704,-75.1899, , 
22277,229192,2017018494,6,67,67301,2016,6,1,1430,14,1,1,0,5,1, , ,N,0,0,0,3,0,1,2,2,N,N,39 57:05.400,75 09:55.900,0, ,0, ,0, ,N, ,0, , , , , , , , , ,2,1,0,0,0,0,0,0,0,0,0,0,1,1,0,0,0,0,0,0,1,0,0,0,0,0,0,0,0,0,0,0,0,0,0,8,0,39.9515,-75.1655, , 
22278,229212,2016092107,6,67,67301,2016,8,7,150,1,3,1,0,1,1, , ,N,6,4,2,3,0,4,4,2,N,N,40 00:49.241,75 10:46.383,155, ,152,3,2,2,N, ,3,Y, , , , , , , , ,2,1,0,0,0,0,1,0,0,0,0,2,4,2,0,0,0,0,0,0,2,0,0,0,0,0,0,0,0,0,0,0,0,0,0,4,0,40.0137,-75.1796, , 
22279,229237,2016114684,6,67,67301,2016,10,7,1825,18,4,1,0,5,1, , ,N,1,2,0,3,0,1,2,2,N,N,39 59:17.890,75 15:14.288,1830, ,1826, ,0, , , ,3, , , , , , , , , ,2,1,0,0,0,0,0,1,0,0,0,1,1,0,0,0,0,0,0,0,0,0,1,0,0,0,0,0,0,0,0,0,0,0,0,4,0,39.9883,-75.254, , 
22280,229248,2016138156,6,67,67301,2016,12,3,1545,15,1,2,1,1,1, , ,N,0,0,0,3,0,1,2,2,N, ,39 58:08.447,75 08:13.614,1608, ,1548,1,1,3, , ,0,N, , , , , , , , ,2,1,0,0,0,0,1,0,0,0,0,1,1,0,0,0,0,0,0,0,0,0,0,0,0,0,0,0,0,0,0,0,0,0,0,4,0,39.969,-75.1371, , 
22281,229254,2017016423,6,67,67301,2016,3,3,1345,13,1,1,0,4,1, , ,N,1,2,0,3,0,2,3,2,N,N,39 56:25.327,75 14:11.791,0, ,0, ,0, ,N, ,3, , , , , , , , , ,2,1,0,0,0,0,0,0,0,0,2,0,2,0,0,0,0,0,0,0,1,0,0,0,0,0,0,0,0,0,0,0,0,0,0,3,0,39.9404,-75.2366, , 
22282,232343,2016053701,6,67,67301,2016,5,6,1404,14,8,2,1,1,1, , ,N,0,0,7,3,0,1,3,2,N,N,39 59:35.550,75 05:50.871,1406, ,1404, ,9, ,N, ,0, , , , , , , , , ,2,1,0,0,0,0,1,0,0,0,1,0,1,0,0,0,0,0,0,0,1,0,0,0,0,0,0,0,0,0,0,0,0,0,0,3,0,39.9932,-75.0975, , 
22283,232358,2016080624,6,67,67301,2016,7,1,1202,12,1,1,0,8,1, , ,N,5,2,0,3,0,1,2,2,N,N,40 03:30.268,75 08:57.263,1227, ,1225, ,0, ,N, ,3, , , , , , , , , ,1,0,0,0,1,0,0,0,0,0,0,1,1,0,0,0,0,0,0,0,0,0,0,0,0,0,0,0,0,0,0,0,1,0,0,4,0,40.0584,-75.1492, , 
22284,232367,2016084639,6,67,67301,2016,8,4,800,8,1,1,0,1,1, , ,N,6,4,2,3,0,0,4,4,N, ,40 00:45.633,75 12:21.550,945, ,930,1,1,2, , ,3,Y, , , , , , , , ,4,1,0,0,0,0,3,0,0,0,0,0,0,0,0,0,0,0,0,0,0,0,0,0,0,0,0,0,0,0,0,0,0,0,0,0,0,40.0132,-75.2065, , 
22285,232376,2016106383,6,67,67301,2016,10,5,1741,17,1,1,0,1,1, , ,N,0,0,0,3,0,1,2,2,N,N,39 56:45.825,75 08:32.013,1754, ,1741,2,2,1, , ,0,N, , , , , , , , ,2,1,0,0,0,1,0,0,0,0,0,0,1,1,0,0,0,0,0,0,1,0,0,1,0,0,0,0,0,0,0,0,0,0,0,8,1,39.9461,-75.1422, , 
22286,232383,2016108580,6,67,67301,2016,10,3,940,9,1,1,0,1,6, , ,N,0,0,0,3,0,1,1,2,N,N,39 59:45.438,75 09:39.510,1000, ,949, ,0, ,N, ,0, , , , , , , , , ,2,1,0,0,0,1,0,0,0,0,1,0,1,0,0,0,0,0,0,0,0,1,0,0,0,0,0,0,0,0,0,0,0,0,0,3,1,39.996,-75.161, , 
22287,232390,2016138215,6,67,67301,2016,12,1,1120,11,1,1,0,4,1, , ,N,1,2,0,3,0,1,3,2,N,N,40 01:20.289,75 09:43.290,1127, ,1124, ,0, , , ,3, , , , , , , , , ,2,1,0,0,0,0,1,0,0,0,0,1,1,0,0,0,0,0,1,0,0,0,0,0,0,0,0,0,0,0,0,0,0,0,0,4,0,40.0223,-75.162, , 
22288,232392,2016109096,6,67,67301,2016,9,4,641,6,1,1,0,1,1, , ,N,0,0,0,3,0,1,2,2,N,N,39 59:42.234,75 11:53.200,708, ,706, ,0, , , ,0, , , , , , , , , ,2,2,0,0,0,0,0,0,0,0,0,1,1,0,0,0,0,0,0,0,1,0,0,0,0,0,0,0,0,0,0,0,0,0,0,4,0,39.9951,-75.1981, , 
22289,232394,2016097147,6,67,67301,2016,8,4,1430,14,1,1,0,4,1, , ,N,2,3,0,3,0,1,2,2,N, ,39 55:03.846,75 13:50.347,1510, ,1507, ,0, , , ,3, , , , , , , , , ,1,1,0,0,0,0,0,0,1,0,0,1,1,0,0,0,0,0,0,0,0,0,0,1,0,0,0,0,0,0,0,0,0,0,0,4,0,39.9177,-75.2307, , 
22290,232398,2016092193,6,67,67301,2016,8,4,1508,15,1,1,0,6,1, , ,N,0,0,0,3,0,1,2,2,N, ,40 01:48.837,75 12:24.119,1608, ,1604, ,0, , , ,0, , , , , , , , , ,2,0,0,0,0,1,1,0,0,0,0,1,1,0,0,0,0,0,0,0,2,0,0,0,0,0,0,0,0,0,0,0,0,0,0,4,1,40.0302,-75.2067, , 
22291,232407,2016108583,6,67,67301,2016,10,2,1250,12,1,1,0,1,1, , ,N,0,0,0,3,0,0,2,3,N, ,40 01:34.358,75 06:29.356,1340, ,1329, ,0, , , ,0, , , , , , , , , ,3,1,0,0,0,0,0,1,0,0,0,0,0,0,0,0,0,0,0,0,0,0,0,0,0,0,0,0,0,0,0,0,0,0,0,0,0,40.0262,-75.1082, , 
22292,232412,2016122791,6,67,67301,2016,11,1,751,7,1,1,0,7,3, , ,N,0,0,0,3,0,0,1,1,N,N,39 59:00.727,75 05:52.463,756, ,754,2,1,2, , ,0,N, , , , , , , , ,1,1,0,0,0,0,0,0,0,0,0,0,0,0,0,0,0,0,0,0,1,0,0,0,0,0,0,0,0,0,0,0,0,0,0,0,0,39.9835,-75.0979, , 
22293,232413,2016129248,6,67,67301,2016,11,3,2110,21,3,1,0,5,6, , ,N,0,0,0,3,0,0,1,3,N,N,39 56:58.203,75 12:25.657,2115, ,2110, ,0, , , ,0, , , , , , , , , ,3,3,0,0,0,0,0,0,0,0,0,0,0,0,0,0,0,0,0,0,1,0,0,1,0,0,0,0,0,0,0,0,0,0,0,0,0,39.9495,-75.2071, , 
22294,232424,2016134668,6,67,67301,2016,12,6,1453,14,1,1,0,1,1, , ,N,0,0,0,3,0,1,6,3,N,N,40 00:33.333,75 03:59.110,1604, ,1536,1,1,1, , ,0,N, , , , , , , , ,3,2,0,0,0,0,1,0,0,0,0,0,1,1,0,0,0,0,0,0,2,0,0,0,0,0,0,0,0,0,0,0,0,0,0,8,0,40.0093,-75.0664, , 
22295,232429,2017007903,6,67,67301,2016,12,1,2120,21,3,1,0,4,1, , ,N,1,2,0,3,0,1,3,2,N,N,40 01:48.464,75 02:06.579,2125, ,2121,2,1,7, , ,3,Y, , , , , , , , ,2,2,0,0,0,0,0,0,0,0,1,0,1,0,0,0,0,0,0,0,0,0,0,0,0,0,0,0,0,0,0,0,0,0,0,3,0,40.0301,-75.0352, , 
22296,232432,2017001007,6,67,67301,2016,12,7,1641,16,3,1,0,1,1, , ,N,0,0,0,3,0,0,4,4,N,N,39 57:28.481,75 09:43.737,1656, ,1645, ,0, , , ,0, , , , , , , , , ,4,3,0,0,0,0,1,0,0,0,0,0,0,0,0,0,0,0,0,0,1,0,0,0,0,0,0,0,0,0,0,0,0,0,0,0,0,39.9579,-75.1621, , 
22297,232434,2016129337,6,67,67301,2016,11,7,1249,12,1,1,0,4,1, , ,N,1,3,0,3,0,1,3,2,N,N,39 55:40.663,75 09:31.183,1259, ,1257, ,0, ,N, ,3, , , , , , , , , ,1,1,0,0,0,0,0,0,1,0,0,0,1,1,0,0,0,0,0,0,0,1,0,0,0,0,0,0,0,0,0,0,0,0,0,8,0,39.928,-75.1587, , 
22298,232442,2017003613,6,67,67301,2016,12,7,1122,11,1,5,1,4,1, , ,N,2,0,0,3,0,5,6,2,N,N,40 01:19.016,75 07:39.345,1146, ,1144, ,0, ,N, ,0, , , , , , , , , ,2,1,0,0,1,0,0,0,0,0,0,5,5,0,1,0,0,0,0,0,0,0,0,0,0,0,0,0,0,0,0,0,0,0,0,4,0,40.0219,-75.1276, , 
22299,232444,2017007943,6,67,67301,2016,12,5,1240,12,1,2,1,8,1, , ,N,1,2,0,3,0,1,2,2,N,N,39 59:38.209,75 09:16.513,1252, ,1245, ,0, , , ,3, , , , , , , , , ,1,1,0,0,0,0,0,0,0,0,1,0,1,0,0,0,0,0,0,0,1,0,0,0,0,0,0,0,0,0,0,0,1,0,0,3,0,39.9939,-75.1545, , 
22300,235658,2016097187,6,67,67301,2016,8,6,2315,23,2,1,0,7,4, , ,N,0,0,0,3,0,2,2,1,N,N,39 57:55.100,75 12:55.500,2327, ,2320, ,0, ,N, ,0, , , , , , , , , ,1,1,0,0,0,0,0,0,0,0,0,0,2,2,0,0,0,0,0,0,0,0,0,0,0,0,0,0,0,0,0,0,0,0,0,8,0,39.9653,-75.2154, , 
22301,235681,2016100660,6,67,67301,2016,9,6,1921,19,3,2,1,8,1, , ,N,0,0,0,3,0,1,2,2,N,N,39 57:23.608,75 11:48.428,1923, ,1921, ,0, ,N, ,0, , , , , , , , , ,1,0,0,0,0,0,0,1,0,0,0,0,1,1,0,0,0,0,0,0,1,0,0,0,0,0,0,0,0,0,0,0,1,0,0,8,0,39.9566,-75.1968, , 
22302,235684,2016099529,6,67,67301,2016,9,7,15,0,3,1,0,4,1, , ,N,1,2,0,3,0,1,2,2,N,N,40 00:35.053,75 08:32.809,36, ,23, ,0, ,N, ,3, , , , , , , , , ,2,1,1,0,0,0,0,0,0,0,0,0,1,1,0,0,1,0,0,0,0,0,0,1,0,0,0,0,0,0,0,0,0,0,0,8,0,40.0097,-75.1424, , 
22303,235685,2016112215,6,67,67301,2016,10,5,1305,13,1,1,0,4,1, , ,N,0,0,7,3,0,4,4,2,N,N,40 06:27.664,75 01:39.327,1313, ,1308,3,2,2,N, ,0,Y, , , , , , , , ,2,2,0,0,0,0,0,0,0,0,1,3,4,0,0,0,0,0,0,0,0,0,1,0,0,0,0,0,0,0,0,0,0,0,0,3,0,40.1077,-75.0276, , 
22304,235687,2016112181,6,67,67301,2016,10,5,230,2,3,1,0,4,1, , ,N,1,2,0,3,0,0,2,2,N,N,39 55:17.779,75 08:53.544,240, ,240, ,0, ,N, ,3, , , , , , , , , ,2,1,0,0,0,0,1,0,0,0,0,0,0,0,0,0,0,0,0,0,0,0,0,0,0,0,0,0,0,0,0,0,0,0,0,0,0,39.9216,-75.1482, , 
22305,235703,2016070634,6,67,67301,2016,6,1,1628,16,1,1,0,7,4, , ,N,0,0,0,3,0,0,1,1,N,N,40 06:20.682,74 59:08.235,1650, ,1646,3,2,6,N, ,0,Y, , , , , , , , ,1,1,0,0,0,0,0,0,0,0,0,0,0,0,0,0,1,0,0,0,0,0,0,0,0,0,0,0,0,0,0,0,0,0,0,0,0,40.1057,-74.9856, , 
22306,235709,2016080471,6,67,67301,2016,7,2,1612,16,1,1,0,1,1, , ,N,0,0,0,3,0,1,3,2,N,N,40 01:07.242,75 08:56.692,1652, ,1648, ,0, , , ,0, , , , , , , , , ,2,0,0,0,0,0,0,2,0,0,0,0,1,1,0,0,0,0,0,0,0,0,0,0,0,0,0,0,0,0,0,0,0,0,0,8,0,40.0187,-75.1491, , 
22307,235710,2016080820,6,67,67301,2016,7,5,1230,12,1,1,0,4,1, , ,N,0,0,7,3,0,1,2,2,N,N,39 59:39.442,75 05:39.224,1234, ,1234, ,0, ,N, ,0, , , , , , , , , ,2,0,1,0,0,0,1,0,0,0,0,0,1,1,0,0,0,0,0,0,0,0,0,1,0,0,0,0,0,0,0,0,0,0,0,8,0,39.9943,-75.0942, , 
22308,235714,2016087186,6,67,67301,2016,8,5,1840,18,1,1,0,4,1, , ,N,1,0,0,3,0,0,2,2,N,N,39 57:31.392,75 09:44.125,1900, ,1842, ,0, ,N, ,0, , , , , , , , , ,2,2,0,0,0,0,0,0,0,0,0,0,0,0,0,0,0,0,0,0,0,0,0,0,0,0,0,0,0,0,0,0,0,0,0,0,0,39.9587,-75.1621, , 
22309,235715,2016088609,6,67,67301,2016,8,6,920,9,1,1,0,5,1, , ,N,0,0,0,3,0,1,4,2,N,N,39 57:25.049,75 11:52.997,1000, ,945, ,0, ,N, ,0, , , , , , , , , ,2,1,0,1,0,0,0,0,0,0,0,0,1,1,0,0,0,0,0,0,1,0,0,0,0,0,0,0,0,0,0,0,0,0,0,8,1,39.957,-75.1981, , 
22310,235725,2016092121,6,67,67301,2016,8,3,941,9,1,1,0,4,1, , ,N,2,0,0,3,0,0,3,4,N,N,40 03:01.074,75 09:52.310,945, ,941,3,2,7,N, ,0,Y, , , , , , , , ,4,1,0,0,1,0,1,1,0,0,0,0,0,0,0,0,0,0,0,0,1,0,0,0,0,0,0,0,0,0,0,0,0,0,0,0,0,40.0503,-75.1645, , 
22311,235727,2016097098,6,67,67301,2016,8,3,530,5,5,1,0,4,1, , ,N,1,3,0,3,0,2,2,2,N, ,40 00:54.471,75 08:09.164,600, ,551, ,0, , , ,3, , , , , , , , , ,2,1,0,0,0,0,1,0,0,0,1,1,2,0,0,0,0,0,1,0,0,0,0,0,0,0,0,0,0,0,0,0,0,0,0,3,0,40.0151,-75.1359, , 
22312,235730,2016099501,6,67,67301,2016,9,6,2200,22,3,1,0,1,1, , ,N,0,0,0,3,0,1,4,3,N,N,40 01:12.421,75 08:29.612,9999, ,9999, ,0, ,N, ,0, , , , , , , , , ,3,0,1,0,0,0,1,0,0,0,0,1,1,0,0,0,0,0,0,0,1,0,0,1,0,0,0,0,0,0,0,0,0,0,0,4,0,40.0201,-75.1416, , 
22313,235731,2016099567,6,67,67301,2016,9,1,1636,16,1,1,0,8,1, , ,N,1,2,0,3,0,1,2,2,N,N,39 57:03.940,75 09:12.848,1646, ,1636, ,0, , , ,3, , , , , , , , , ,1,1,0,0,0,0,0,0,0,0,0,0,1,1,0,0,0,0,0,0,0,0,0,0,0,0,0,0,0,0,0,0,1,0,0,8,0,39.9511,-75.1536, , 
22314,235740,2016126745,6,67,67301,2016,12,5,101,1,3,6,1,5,1, , ,N,0,0,0,3,0,1,3,3,N,N,39 56:51.704,75 11:12.841,114, ,102,3,2,3, , ,0,Y, , , , , , , , ,3,1,0,0,0,2,0,0,0,0,0,0,1,1,0,0,0,0,0,0,1,0,0,0,0,0,0,0,0,0,0,0,0,0,0,8,2,39.9477,-75.1869, , 
22315,235758,2016080246,6,67,67301,2016,6,6,435,4,3,1,0,1,1, , ,N,0,0,0,3,0,1,4,2,N,N,39 58:17.097,75 14:08.998,445, ,442,2,1,1,N, ,0,N, , , , , , , , ,2,1,0,0,0,0,1,0,0,0,0,1,1,0,0,0,0,0,0,0,0,0,0,0,0,0,0,0,0,0,0,0,0,0,0,4,0,39.9714,-75.2358, , 
22316,235775,2016135794,6,67,67301,2016,12,3,1735,17,3,2,1,4,1, , ,N,3,0,0,3,0,1,5,2,N,N,40 00:48.312,75 07:20.668,1747, ,1747, ,0, ,N, ,0, , , , , , , , , ,2,1,0,0,0,0,1,0,0,0,0,0,1,1,1,0,0,1,0,0,0,0,0,0,0,0,0,0,0,0,0,0,0,0,0,8,0,40.0134,-75.1224, , 
22317,235792,2016058622,6,67,67301,2016,5,1,630,6,1,2,1,8,1, , ,N,0,0,0,3,0,1,2,2,N,N,40 01:11.487,75 04:29.846,1145, ,1145, ,0, , , ,0, , , , , , , , , ,1,1,0,0,0,0,0,0,0,0,0,1,1,0,1,0,0,0,0,0,0,0,0,0,0,0,0,0,0,0,0,0,1,0,0,4,0,40.0199,-75.075, , 
22318,238049,2017005191,6,67,67301,2016,12,1,9999,99,3,1,0,5,6, , ,N,0,0,0,3,0,0,1,2,N,N,39 58:49.635,75 14:50.072,549, ,540, ,0, ,N, ,0, , , , , , , , , ,2,0,0,0,0,0,2,0,0,0,0,0,0,0,0,0,0,0,0,0,0,0,0,0,0,0,0,0,0,0,0,0,0,0,0,0,0,39.9805,-75.2472, , 
22319,238050,2016070674,6,67,67301,2016,6,4,147,1,3,1,0,1,1, , ,N,3,2,7,3,0,1,3,3,N,N,39 57:51.984,75 08:03.331,148, ,147,9,2,1,N, ,3,N, , , , , , , , ,3,3,0,0,0,0,0,0,0,0,0,1,1,0,0,0,0,0,0,0,2,0,0,0,0,0,0,0,0,0,0,0,0,0,0,4,0,39.9644,-75.1343, , 
22320,238060,2016082360,6,67,67301,2016,7,2,1548,15,1,1,0,1,1, , ,N,0,0,0,3,0,1,3,3,N,N,40 01:41.585,75 06:30.409,1915, ,1857, ,0, ,N, ,0, , , , , , , , , ,3,0,0,0,1,1,1,0,0,1,0,0,1,0,0,0,0,0,0,0,1,0,0,2,0,0,0,0,0,0,0,0,0,0,0,2,1,40.0282,-75.1084, , 
22321,238062,2016084843,6,46,46108,2016,8,6,1931,19,1,1,0,4,1, , ,N,1,2,0,3,0,1,2,2,N,N,40 04:26.842,75 11:26.959,1934, ,1931,2,1,1,N, ,3,N, , , , , , , , ,2,1,0,0,0,0,1,0,0,0,1,0,1,0,0,0,0,0,0,0,2,0,0,0,0,0,0,0,0,0,0,0,0,0,0,3,0,40.0741,-75.1909, , 