objectid_1,objectid,crn,district,county,municipality,crash_year,crash_month,day_of_week,time_of_day,hour_of_day,illumination,weather,road_condition,collision_type,relation_to_road,work_zone_type,work_zone_loc,work_zone_ind,intersect_type,tcd_type,location_type,urban_rural,fatal_count,injury_count,person_count,total_units,sch_bus_ind,sch_zone_ind,latitude,longitude,arrival_tm,cons_zone_spd_lim,dispatch_tm,est_hrs_closed,lane_closed,ln_close_dir,ntfy_hiwy_maint,spec_juris_cd,tcd_func_cd,tfc_detour_ind,workers_pres,wz_close_detour,wz_flagger,wz_law_offcr_ind,wz_ln_closure,wz_moving,wz_other,wz_shlder_mdn,vehicle_count,automobile_count,motorcycle_count,bus_count,small_truck_count,heavy_truck_count,suv_count,van_count,bicycle_count,maj_inj_count,mod_inj_count,min_inj_count,tot_inj_count,unk_inj_deg_count,unk_inj_per_count,driver_count_16yr,driver_count_17yr,driver_count_18yr,driver_count_19yr,driver_count_20yr,driver_count_50_64yr,driver_count_65_74yr,driver_count_75plus,unbelted_occ_count,unb_death_count,unb_maj_inj_count,belted_death_count,belted_maj_inj_count,mcycle_death_count,mcycle_maj_inj_count,bicycle_death_count,bicycle_maj_inj_count,ped_count,ped_death_count,ped_maj_inj_count,max_severity_level,comm_veh_count,dec_lat,dec_long,rdwy_surf_type_cd,county_name
22658,233344,2017018530,6,67,67301,2016,6,2,1320,13,1,1,0,1,1, , ,N,1,2,0,3,0,1,2,2,N,N,40 01:00.965,75 09:05.545,0, ,0, ,0, ,N, ,3, , , , , , , , , ,2,1,0,0,0,0,0,1,0,0,0,0,1,1,0,0,0,0,0,0,1,0,0,1,0,0,0,0,0,0,0,0,0,0,0,8,0,40.0169,-75.1516, , 
22659,233359,2017005280,6,67,67301,2016,12,5,214,2,3,1,0,5,1, , ,N,0,0,0,3,0,0,2,5,N,N,40 00:00.000,75 12:40.100,230, ,217, ,0, ,N, ,0, , , , , , , , , ,5,4,0,0,0,0,1,0,0,0,0,0,0,0,2,0,0,0,0,0,0,0,0,0,0,0,0,0,0,0,0,0,0,0,0,9,0,40,-75.2111, , 
22660,233364,2017007839,6,67,67301,2016,12,6,1925,19,3,9,1,4,1, , ,N,1,2,0,3,0,0,5,2,N,N,39 56:14.629,75 09:46.969,1933, ,1929, ,0, ,N, ,3, , , , , , , , , ,2,1,0,0,0,0,1,0,0,0,0,0,0,0,0,0,0,0,0,1,0,0,0,0,0,0,0,0,0,0,0,0,0,0,0,0,0,39.9374,-75.163, , 
22661,274853,2015028828,6,67,67301,2015,2,1,1743,17,4,8,1,4,1, , ,N,3,3,0,3,0,4,4,2,N,N,39 58:35.233,75 11:21.692,1747, ,1744,1,1,1, , ,3,N, , , , , , , , ,2,2,0,0,0,0,0,0,0,0,0,3,4,1,0,0,0,0,0,0,0,0,0,0,0,0,0,0,0,0,0,0,0,0,0,4,0,39.9765,-75.1894, , 
22662,274856,2015030569,6,67,67301,2015,2,4,710,7,1,1,0,1,6, , ,N,0,0,0,3,0,1,4,3,N,N,40 02:13.711,75 09:56.350,802, ,800, ,0, ,N, ,0, , , , , , , , , ,3,2,0,0,0,0,0,1,0,0,0,1,1,0,0,0,0,0,0,0,0,0,0,0,0,0,0,0,0,0,0,0,0,0,0,4,0,40.0371,-75.1657, , 
22663,274862,2015038631,6,67,67301,2015,3,5,1351,13,1,1,0,4,1, , ,N,1,3,0,3,0,1,3,2,N,N,40 01:39.108,75 04:48.179,1615, ,1604, ,0, ,N, ,3, , , , , , , , , ,2,2,0,0,0,0,0,0,0,0,0,1,1,0,0,0,0,0,0,1,0,0,0,0,0,0,0,0,0,0,0,0,0,0,0,4,0,40.0275,-75.08, , 
22664,274891,2015025058,6,67,67301,2015,2,3,1315,13,1,1,0,1,1, , ,N,1,3,0,3,0,1,3,2,N, ,39 55:25.806,75 14:22.876,1325, ,1325, ,0, , , ,3, , , , , , , , , ,2,1,0,0,0,0,1,0,0,0,0,1,1,0,0,0,0,0,0,0,0,0,0,0,0,0,0,0,0,0,0,0,0,0,0,4,0,39.9238,-75.2397, , 
22665,274898,2015033754,6,67,67301,2015,2,7,235,2,3,1,0,5,6, , ,N,0,0,0,3,0,1,2,3,N,N,40 04:18.663,75 01:46.642,245, ,242, ,0, ,N, ,0, , , , , , , , , ,3,1,0,0,0,0,1,0,0,0,0,0,1,1,0,0,0,0,0,0,0,0,0,0,0,0,0,0,0,0,0,0,0,0,0,8,0,40.0719,-75.0296, , 
22666,274922,2015066250,6,67,67301,2015,6,3,711,7,1,1,0,1,6, , ,N,0,0,0,3,0,0,1,3,N, ,40 00:55.160,75 11:16.458,718, ,713, ,0, , , ,0, , , , , , , , , ,3,2,0,0,0,0,1,0,0,0,0,0,0,0,0,0,0,0,0,0,1,0,0,0,0,0,0,0,0,0,0,0,0,0,0,0,0,40.0153,-75.1879, , 
22667,274956,2015040859,6,67,67301,2015,3,7,1206,12,1,1,0,4,1, , ,N,5,2,2,3,0,1,3,2,N,N,39 57:26.413,75 09:08.132,1250, ,1211, ,0, ,N, ,3, , , , , , , , , ,2,1,0,0,0,0,1,0,0,0,0,0,1,1,0,0,0,0,0,0,1,0,0,0,0,0,0,0,0,0,0,0,0,0,0,8,0,39.9573,-75.1523, , 
22668,274981,2015006060,6,67,67301,2015,1,1,152,1,3,1,1,4,1, , ,N,6,4,2,3,0,0,2,2,N, ,39 54:29.184,75 09:21.510,205, ,154,2,1,4, , ,3,N, , , , , , , , ,2,2,0,0,0,0,0,0,0,0,0,0,0,0,0,0,0,0,0,0,0,0,0,0,0,0,0,0,0,0,0,0,0,0,0,0,0,39.9081,-75.156, , 
22669,275003,2015033121,6,67,67301,2015,3,4,1430,14,1,2,1,1,1, , ,N,0,0,0,3,0,2,3,2,N,N,39 57:27.134,75 09:33.609,1450, ,1430, ,0, ,N, ,0, , , , , , , , , ,2,2,0,0,0,0,0,0,0,0,0,2,2,0,0,0,0,0,0,0,0,0,0,1,0,0,0,0,0,0,0,0,0,0,0,4,0,39.9575,-75.1593, , 
22670,275009,2015040574,6,67,67301,2015,2,2,1534,15,1,2,1,4,1, , ,N,1,2,0,3,0,1,4,2,N, ,40 01:50.155,75 06:14.136,1550, ,1544, ,0, , , ,3, , , , , , , , , ,2,2,0,0,0,0,0,0,0,0,0,0,1,1,0,0,0,0,0,0,1,0,0,0,0,0,0,0,0,0,0,0,0,0,0,8,0,40.0306,-75.1039, , 
22671,275016,2015047523,6,67,67301,2015,4,4,1338,13,1,1,0,4,1, , ,N,1,2,0,3,0,1,4,2,N,N,39 57:36.149,75 13:29.566,1358, ,1338,9,1,4,N, ,3,N, , , , , , , , ,2,1,0,1,0,0,0,0,0,0,0,0,1,1,1,0,0,0,0,1,1,0,0,0,0,0,0,0,0,0,0,0,0,0,0,8,1,39.9599,-75.2249, , 
22672,275017,2015047565,6,67,67301,2015,4,7,1450,14,1,1,0,4,1, , ,N,1,2,0,3,0,7,9,3,N,N,39 57:33.040,75 14:36.283,1755, ,1745, ,0, ,N, ,3, , , , , , , , , ,3,2,0,0,1,0,0,0,0,0,1,0,7,6,0,0,0,0,0,0,2,0,1,1,0,0,0,0,0,0,0,0,0,0,0,3,0,39.9592,-75.2434, , 
22673,275026,2015012331,6,67,67301,2015,1,7,1839,18,3,1,0,1,1, , ,N,0,0,0,3,0,2,6,4,N,N,39 59:52.798,75 07:31.541,1859, ,1859, ,0, ,N, ,0, , , , , , , , , ,4,3,0,0,0,0,1,0,0,0,0,0,2,2,0,0,0,0,0,0,0,0,0,0,0,0,0,0,0,0,0,0,0,0,0,8,0,39.998,-75.1254, , 
22674,275044,2015038621,6,67,67301,2015,3,6,837,8,1,1,0,8,1, , ,N,1,2,0,3,0,1,2,2,N,N,39 57:12.030,75 11:01.741,849, ,844, ,0, ,N, ,3, , , , , , , , , ,1,1,0,0,0,0,0,0,0,0,0,0,1,1,0,0,0,0,0,0,0,0,0,0,0,0,0,0,0,0,0,0,1,0,0,8,0,39.9533,-75.1838, , 
22675,275052,2015047575,6,67,67301,2015,4,5,317,3,3,1,0,7,5, , ,N,0,2,0,3,0,0,1,1,N,N,40 00:20.994,75 05:48.308,324, ,319, ,0, , , ,3, , , , , , , , , ,1,1,0,0,0,0,0,0,0,0,0,0,0,0,0,0,0,0,0,0,0,0,0,0,0,0,0,0,0,0,0,0,0,0,0,0,0,40.0058,-75.0968, , 
22676,275066,2015060727,6,67,67301,2015,6,5,315,3,3,1,0,7,5, , ,N,6,0,0,3,0,1,1,1,N,N,40 00:23.138,75 11:35.350,328, ,318,2,2,3,N, ,0,N, , , , , , , , ,1,1,0,0,0,0,0,0,0,0,0,1,1,0,0,0,0,0,0,1,0,0,0,0,0,0,0,0,0,0,0,0,0,0,0,4,0,40.0064,-75.1932, , 
22677,275080,2015012717,6,67,67301,2015,1,2,348,3,3,8,5,7,3, , ,N,0,0,0,3,0,0,1,1,N,N,39 54:32.025,75 08:18.801,352, ,351,2,1,4, , ,0,Y, , , , , , , , ,1,0,0,0,0,0,1,0,0,0,0,0,0,0,0,0,0,0,0,0,0,0,0,0,0,0,0,0,0,0,0,0,0,0,0,0,0,39.9089,-75.1386, , 
22678,275099,2015042834,6,67,67301,2015,4,5,1218,12,1,1,0,5,6, , ,N,0,0,0,3,0,1,1,4,N,N,39 58:18.530,75 07:58.713,1220, ,1219, ,0, , , ,0, , , , , , , , , ,4,3,0,0,0,0,1,0,0,0,0,0,1,1,0,0,0,0,0,0,0,0,0,0,0,0,0,0,0,0,0,0,0,0,0,8,0,39.9718,-75.133, , 
22679,275104,2015051627,6,67,67301,2015,4,2,1408,14,1,1,0,7,3, , ,N,0,0,0,3,0,2,4,4,N,N,39 58:06.445,75 07:45.481,1438, ,1418,2,1,2,Y, ,0,N, , , , , , , , ,4,2,0,0,1,1,0,0,0,0,0,0,2,2,0,0,0,0,0,0,0,0,0,0,0,0,0,0,0,0,0,0,0,0,0,8,1,39.9685,-75.1293, , 
22680,275108,2015056443,6,67,67301,2015,5,2,608,6,1,1,0,8,1, , ,N,0,0,0,3,0,1,2,2,N,N,39 57:24.633,75 13:28.294,652, ,635, ,0, ,N, ,0, , , , , , , , , ,1,1,0,0,0,0,0,0,0,0,0,0,1,1,0,0,0,0,0,0,0,0,0,0,0,0,0,0,0,0,0,0,1,0,0,8,0,39.9568,-75.2245, , 
22681,275113,2015069691,6,67,67301,2015,6,7,248,2,3,1,0,5,6, , ,N,0,0,0,3,0,0,1,3,N,N,39 59:15.777,75 08:27.870,350, ,348,2,1,1,N, ,0,Y, , , , , , , , ,3,2,0,0,0,0,1,0,0,0,0,0,0,0,0,0,0,0,0,0,0,0,0,0,0,0,0,0,0,0,0,0,0,0,0,0,0,39.9877,-75.1411, , 
22682,275114,2015074957,6,67,67301,2015,6,7,1830,18,1,1,0,7,4, , ,N,0,0,0,3,0,1,1,1,N,N,39 53:26.585,75 14:21.033,1847, ,1840,2,1,2,N, ,0,N, , , , , , , , ,1,0,0,0,0,0,1,0,0,0,0,1,1,0,0,0,0,0,0,0,1,0,0,0,0,0,0,0,0,0,0,0,0,0,0,4,0,39.8907,-75.2392, , 
22683,275136,2015034245,6,67,67301,2015,2,3,1520,15,1,1,6,7,2, , ,N,0,0,0,3,0,0,1,1,N,N,40 01:24.598,75 02:05.967,1645, ,1545, ,0, ,N, ,0, , , , , , , , , ,1,0,0,0,0,0,1,0,0,0,0,0,0,0,0,0,0,0,0,0,0,0,0,0,0,0,0,0,0,0,0,0,0,0,0,0,0,40.0235,-75.035, , 
22684,275140,2015042755,6,67,67301,2015,4,4,1150,11,1,1,0,8,1, , ,N,0,0,0,3,0,1,4,2,N,N,39 56:31.671,75 09:56.789,1206, ,1206, ,0, ,N, ,0, , , , , , , , , ,1,1,0,0,0,0,0,0,0,0,0,1,1,0,0,0,0,0,0,0,0,0,0,3,0,0,0,0,0,0,0,0,1,0,0,4,0,39.9421,-75.1658, , 
22685,275153,2015056450,6,67,67301,2015,5,3,2030,20,2,1,0,0,1, , ,N,0,0,0,3,0,1,1,1,N,N,39 53:53.278,75 14:20.009,2042, ,2037,1,1,2, , ,0,N, , , , , , , , ,1,0,1,0,0,0,0,0,0,0,0,0,1,1,0,0,0,0,0,0,0,0,0,0,0,0,0,0,0,0,0,0,0,0,0,8,0,39.8981,-75.2389, , 
22686,275158,2015061913,6,67,67301,2015,5,2,1545,15,1,8,0,4,1, , ,N,1,2,0,3,0,4,6,2,N, ,40 01:06.336,75 08:56.889,1551, ,1549,1,1,1, , ,3,N, , , , , , , , ,2,2,0,0,0,0,0,0,0,0,1,3,4,0,0,0,0,0,0,0,0,0,0,0,0,0,0,0,0,0,0,0,0,0,0,3,0,40.0184,-75.1491, , 
22687,275172,2015009597,6,67,67301,2015,1,2,1425,14,1,1,0,6,1, , ,N,0,0,0,3,0,1,2,2,N,N,39 59:29.408,75 11:45.361,1435, ,1430,1,2,5,N, ,0,N, , , , , , , , ,2,1,0,0,0,0,1,0,0,0,1,0,1,0,0,0,0,0,0,0,1,1,0,0,0,0,0,0,0,0,0,0,0,0,0,3,0,39.9915,-75.1959, , 
22688,275175,2015012702,6,67,67301,2015,1,2,215,2,3,1,0,5,1, , ,N,3,0,2,3,0,0,2,2,N, ,40 01:00.785,75 10:03.386,329, ,329, ,0, , , ,0, , , , , , , , , ,2,2,0,0,0,0,0,0,0,0,0,0,0,0,1,0,0,0,0,0,0,0,0,0,0,0,0,0,0,0,0,0,0,0,0,9,0,40.0169,-75.1676, , 
22689,275181,2015020888,6,67,67301,2015,1,6,21,0,2,1,0,5,1, , ,N,0,0,0,3,0,1,2,2,N,N,39 57:18.017,75 11:49.681,24, ,21,1,2,3,N, ,0,Y, , , , , , , , ,2,2,0,0,0,0,0,0,0,0,0,1,1,0,0,0,0,0,0,0,1,0,0,2,0,0,0,0,0,0,0,0,0,0,0,4,0,39.955,-75.1971, , 
22690,275198,2015042817,6,67,67301,2015,4,7,1920,19,1,1,0,8,1, , ,N,1,0,0,3,0,1,2,2,N,N,40 01:57.389,75 03:54.589,1935, ,1930, ,0, , , ,0, , , , , , , , , ,1,1,0,0,0,0,0,0,0,0,0,0,1,1,0,0,0,0,0,0,0,0,0,0,0,0,0,0,0,0,0,0,1,0,0,8,0,40.0326,-75.0652, , 
22691,275199,2015042892,6,67,67301,2015,4,5,920,9,1,1,0,4,1, , ,N,1,2,0,3,0,1,2,2,N,N,40 05:37.913,74 58:46.896,926, ,922,2,1,2,N, ,3,N, , , , , , , , ,2,0,0,0,1,0,1,0,0,0,0,1,1,0,0,0,0,0,0,0,1,0,0,0,0,0,0,0,0,0,0,0,0,0,0,4,0,40.0939,-74.9797, , 
22692,275206,2015045459,6,67,67301,2015,4,7,2015,20,3,1,0,4,1, , ,N,5,2,0,3,0,3,6,2,N, ,40 02:25.631,75 03:56.177,2015, ,2017, ,0, , , ,3, , , , , , , , , ,2,0,0,0,0,0,2,0,0,0,1,2,3,0,0,0,0,0,0,0,0,0,0,0,0,0,0,0,0,0,0,0,0,0,0,3,0,40.0404,-75.0655, , 
22693,275234,2015028826,6,67,67301,2015,2,6,224,2,3,1,0,5,6, , ,N,0,0,0,3,0,0,1,2,N,N,39 56:34.530,75 12:54.626,235, ,225, ,0, ,N, ,0, , , , , , , , , ,2,2,0,0,0,0,0,0,0,0,0,0,0,0,1,0,0,0,0,0,0,0,0,0,0,0,0,0,0,0,0,0,0,0,0,9,0,39.9429,-75.2152, , 
22694,275247,2015042722,6,67,67301,2015,3,4,12,0,2,1,0,6,6, , ,N,0,0,0,3,0,0,1,4,N, ,40 03:01.803,75 10:52.006,18, ,12, ,0, ,N, ,0, , , , , , , , , ,4,2,0,0,0,1,1,0,0,0,0,0,0,0,0,0,0,0,0,0,0,0,0,0,0,0,0,0,0,0,0,0,0,0,0,0,0,40.0505,-75.1811, , 
22695,275277,2015020676,6,67,67301,2015,1,6,1429,14,1,7,0,8,1, , ,N,0,0,0,3,0,1,2,2,N,N,40 02:43.384,75 03:38.689,1439, ,1432, ,0, ,N, ,0, , , , , , , , , ,1,1,0,0,0,0,0,0,0,0,0,0,1,1,0,0,0,0,0,0,0,0,0,0,0,0,0,0,0,0,0,0,1,0,0,8,0,40.0454,-75.0607, , 
22696,275278,2015020696,6,67,67301,2015,1,5,1940,19,3,1,0,8,1, , ,N,1,2,0,3,0,1,2,2,N, ,39 58:18.644,75 14:41.701,1952, ,1945, ,0, , , ,3, , , , , , , , , ,1,0,0,0,1,0,0,0,0,0,0,1,1,0,0,0,0,0,0,0,1,0,0,0,0,0,0,0,0,0,0,0,1,0,0,4,0,39.9719,-75.2448, , 
22697,275295,2015049175,6,67,67301,2015,4,3,821,8,1,8,1,4,1, , ,N,1,3,0,3,0,0,3,2,N, ,39 58:29.586,75 10:00.922,832, ,823, ,0, , , ,3, , , , , , , , , ,2,1,0,0,0,0,1,0,0,0,0,0,0,0,0,1,0,0,0,0,1,0,0,0,0,0,0,0,0,0,0,0,0,0,0,0,0,39.9749,-75.1669, , 
22698,267386,2015050719,6,46,46104,2015,4,4,1327,13,1,1,0,1,1, , ,N,2,2,0,3,0,2,3,2,N,N,40 00:00.415,75 13:43.355,1331, ,1328, ,0, ,N, ,3, , , , , , , , , ,2,0,0,0,1,0,0,1,0,0,0,2,2,0,0,0,0,0,0,0,1,0,1,0,0,0,0,0,0,0,0,0,0,0,0,4,0,40.0001,-75.2287, , 
22699,267395,2015056675,6,67,67301,2015,5,5,1059,10,1,1,0,1,1, , ,N,0,0,0,3,0,1,2,2,N,N,39 58:28.385,75 11:39.606,1132, ,1119, ,0, ,N, ,0, , , , , , , , , ,2,1,0,0,0,1,0,0,0,0,0,0,1,1,0,0,0,0,1,0,0,0,0,0,0,0,0,0,0,0,0,0,0,0,0,8,1,39.9746,-75.1943, , 
22700,267439,2015056537,6,67,67301,2015,5,5,1607,16,1,1,0,1,1, , ,N,0,2,0,3,0,1,3,2,N, ,39 58:27.180,75 12:44.686,1828, ,1818, ,0, ,N, ,3, , , , , , , , , ,2,2,0,0,0,0,0,0,0,0,0,1,1,0,0,0,0,0,0,0,1,0,0,0,0,0,0,0,0,0,0,0,0,0,0,4,0,39.9742,-75.2124, , 
22701,267485,2015051988,6,67,67301,2015,5,6,1743,17,1,1,0,8,1, , ,N,1,3,0,3,0,1,2,2,N,N,39 56:30.976,75 12:49.989,1830, ,1828, ,0, , , ,3, , , , , , , , , ,1,0,0,0,0,0,1,0,0,0,1,0,1,0,1,0,0,0,0,0,0,0,0,0,0,0,0,0,0,0,0,0,1,0,0,3,0,39.9419,-75.2139, , 
22702,267510,2015015045,6,67,67301,2015,1,2,1618,16,1,1,0,5,1, , ,N,0,0,2,3,0,0,2,2,N,N,39 57:18.820,75 08:53.120,1618, ,1618, ,0, ,N, ,0, , , , , , , , , ,2,0,0,0,0,1,1,0,0,0,0,0,0,0,0,0,0,0,0,0,0,0,0,0,0,0,0,0,0,0,0,0,0,0,0,0,1,39.9552,-75.1481, , 
22703,267517,2015021993,6,67,67301,2015,2,2,855,8,1,2,1,1,1, , ,N,0,0,0,3,0,1,3,3,Y,N,40 00:15.368,75 04:38.963,910, ,902, ,0, , , ,0, , , , , , , , , ,3,2,0,1,0,0,0,0,0,0,0,1,1,0,0,0,0,0,0,0,1,0,0,0,0,0,0,0,0,0,0,0,0,0,0,4,1,40.0043,-75.0775, , 
22704,267538,2015048351,6,67,67301,2015,4,7,2214,22,3,1,0,4,1, , ,N,1,2,0,3,0,2,4,2,N,N,39 57:02.548,75 14:27.995,2220, ,2215, ,0, ,N, ,3, , , , , , , , , ,2,2,0,0,0,0,0,0,0,0,0,2,2,0,0,0,0,0,0,0,0,0,0,2,0,0,0,0,0,0,0,0,0,0,0,4,0,39.9507,-75.2411, , 
22705,267542,2015051989,6,67,67301,2015,4,1,2330,23,3,1,0,4,1, , ,N,1,3,0,3,0,3,3,2,N,N,39 56:14.564,75 13:03.428,2338, ,2336, ,0, ,N, ,3, , , , , , , , , ,2,1,0,0,0,0,1,0,0,0,0,3,3,0,0,0,0,0,0,0,0,0,0,0,0,0,0,0,0,0,0,0,0,0,0,4,0,39.9374,-75.2176, , 
22706,267559,2015011937,6,67,67301,2015,1,7,344,3,3,4,4,7,4, , ,N,0,0,0,3,0,0,1,1,N,N,39 59:08.064,75 05:36.037,356, ,348, ,0, ,Y, ,0, , , , , , , , , ,1,0,0,0,0,0,1,0,0,0,0,0,0,0,0,0,0,0,0,0,0,0,0,0,0,0,0,0,0,0,0,0,0,0,0,0,0,39.9856,-75.0933, , 
22707,267560,2015012326,6,67,67301,2015,1,5,1005,10,1,1,0,7,4, , ,N,0,0,0,3,0,0,1,1,N,N,39 53:57.400,75 14:19.152,1008, ,1008,2,1,2,N, ,0,N, , , , , , , , ,1,1,0,0,0,0,0,0,0,0,0,0,0,0,1,0,0,0,0,0,0,0,0,0,0,0,0,0,0,0,0,0,0,0,0,9,0,39.8993,-75.2387, , 
22708,267562,2015015612,6,67,67301,2015,1,6,1441,14,1,1,0,4,1, , ,N,1,3,0,3,0,1,2,2,N,N,40 03:44.816,75 02:49.588,1504, ,1459, ,0, ,N, ,3, , , , , , , , , ,2,1,0,0,0,0,0,1,0,0,0,1,1,0,0,0,0,0,0,0,1,0,0,0,0,0,0,0,0,0,0,0,0,0,0,4,0,40.0624,-75.0471, , 
22709,267586,2015031190,6,67,67301,2015,2,2,1528,15,1,1,0,1,1, , ,N,0,0,0,3,0,3,7,2,N,N,40 02:08.167,75 01:00.944,1528, ,1528, ,0, ,N, ,0, , , , , , , , , ,2,1,0,0,0,0,1,0,0,0,0,3,3,0,0,0,0,0,0,0,0,0,0,1,0,0,0,0,0,0,0,0,0,0,0,4,0,40.0356,-75.0169, , 
22710,267605,2015021890,6,67,67301,2015,2,1,236,2,3,1,0,7,3, , ,N,0,0,0,3,0,1,2,1,N,N,39 54:24.798,75 11:37.539,255, ,246,1,1,2,N, ,0,N, , , , , , , , ,1,1,0,0,0,0,0,0,0,0,0,1,1,0,0,0,0,0,0,0,0,0,0,0,0,0,0,0,0,0,0,0,0,0,0,4,0,39.9069,-75.1938, , 
22711,267621,2015033324,6,67,67301,2015,1,7,248,2,2,1,0,7,2, , ,N,0,0,0,3,0,0,1,1,N,N,39 58:35.976,75 06:49.693,300, ,254,1,1,2,N, ,0,N, , , , , , , , ,1,1,0,0,0,0,0,0,0,0,0,0,0,0,0,0,0,0,0,0,0,0,0,0,0,0,0,0,0,0,0,0,0,0,0,0,0,39.9767,-75.1138, , 
22712,267652,2015025067,6,67,67301,2015,2,1,1605,16,1,1,0,5,1, , ,N,0,0,0,3,0,5,12,4,N,N,40 01:41.522,75 06:29.029,1614, ,1610,2,2,4,N, ,0,Y, , , , , , , , ,4,2,0,0,0,0,2,0,0,0,0,1,5,4,1,0,0,0,0,0,1,0,0,0,0,0,0,0,0,0,0,0,0,0,0,4,0,40.0282,-75.1081, , 
22713,267656,2015031013,6,67,67301,2015,2,4,128,1,3,1,1,7,4, , ,N,0,0,0,3,0,2,5,1,N,N,40 02:30.101,75 00:07.183,140, ,131, ,0, ,N, ,0, , , , , , , , , ,1,1,0,0,0,0,0,0,0,0,0,2,2,0,0,0,0,0,1,0,0,0,0,0,0,0,0,0,0,0,0,0,0,0,0,4,0,40.0417,-75.002, , 
22714,267660,2015036669,6,67,67301,2015,3,7,1930,19,3,2,1,4,1, , ,N,1,3,0,3,0,3,8,3,N, ,40 03:57.202,75 10:35.464,1945, ,1937, ,0, , , ,3, , , , , , , , , ,3,2,0,0,0,0,0,1,0,0,0,0,3,3,1,0,0,1,0,0,0,0,0,0,0,0,0,0,0,0,0,0,0,0,0,8,0,40.0659,-75.1765, , 
22715,267676,2015054390,6,67,67301,2015,4,5,1800,18,1,1,0,8,1, , ,N,0,0,0,3,0,1,2,2,N, ,39 57:45.513,75 09:41.081,1815, ,1815, ,0, ,N, ,0, , , , , , , , , ,1,0,0,0,0,0,1,0,0,0,0,0,1,1,0,0,0,1,0,0,0,0,0,0,0,0,0,0,0,0,0,0,1,0,0,8,0,39.9626,-75.1614, , 
22716,271435,2015049085,6,67,67301,2015,4,7,640,6,1,1,0,7,2, , ,N,0,0,0,3,0,0,1,2,N,N,40 01:02.853,75 10:22.185,645, ,645, ,0, ,N, ,0, , , , , , , , , ,1,1,0,0,0,0,0,0,0,0,0,0,0,0,0,0,0,0,0,0,0,0,0,0,0,0,0,0,0,0,0,0,0,0,0,0,0,40.0175,-75.1728, , 
22717,271439,2015052348,6,67,67301,2015,4,6,505,5,5,2,1,7,7, , ,N,0,0,0,3,0,0,1,1,N,N,39 53:27.135,75 14:20.189,526, ,515, ,0, ,Y, ,0, , , , , , , , , ,1,1,0,0,0,0,0,0,0,0,0,0,0,0,0,0,0,0,0,0,0,0,0,0,0,0,0,0,0,0,0,0,0,0,0,0,0,39.8909,-75.2389, , 
22718,271448,2015063932,6,67,67301,2015,5,5,1009,10,1,1,0,4,1, , ,N,1,2,0,3,0,1,2,2,N, ,40 02:40.890,75 03:16.537,1014, ,1009,1,1,2, , ,3,N, , , , , , , , ,2,1,0,0,0,0,1,0,0,0,0,1,1,0,0,0,0,0,0,0,0,0,0,0,0,0,0,0,0,0,0,0,0,0,0,4,0,40.0446,-75.0547, , 
22719,271474,2015031016,6,67,67301,2015,2,5,1845,18,3,1,0,8,1, , ,N,5,2,0,3,0,1,2,2,N,N,40 03:24.231,75 01:42.351,855, ,847, ,0, ,N, ,3, , , , , , , , , ,1,1,0,0,0,0,0,0,0,0,0,0,1,1,0,0,0,0,0,0,0,0,0,0,0,0,0,0,0,0,0,0,1,0,0,8,0,40.0567,-75.0284, , 
22720,271482,2015036609,6,67,67301,2015,3,1,50,0,3,1,0,5,6, , ,N,0,0,0,3,0,1,1,3,N,N,39 59:59.852,75 10:17.638,157, ,50,2,2,1,N, ,0,Y, , , , , , , , ,3,3,0,0,0,0,0,0,0,0,0,1,1,0,0,0,0,0,0,0,0,0,0,0,0,0,0,0,0,0,0,0,0,0,0,4,0,40,-75.1716, , 
22721,271486,2015038607,6,67,67301,2015,3,3,156,1,3,1,0,7,4, , ,N,0,0,0,3,0,1,1,1,N,N,39 58:59.031,75 12:22.592,159, ,156, ,0, ,N, ,0, , , , , , , , , ,1,1,0,0,0,0,0,0,0,0,0,0,1,1,0,0,0,0,0,0,0,0,0,0,0,0,0,0,0,0,0,0,0,0,0,8,0,39.9831,-75.2063, , 
22722,271494,2015043251,6,67,67301,2015,3,7,1510,15,1,1,0,7,4, , ,N,0,0,0,3,0,1,2,1,N,N,39 56:13.300,75 11:22.725,1517, ,1516, ,0, ,N, ,0, , , , , , , , , ,1,1,0,0,0,0,0,0,0,0,0,1,1,0,1,0,0,0,0,0,0,0,0,0,0,0,0,0,0,0,0,0,0,0,0,4,0,39.937,-75.1896, , 
22723,271512,2015012141,6,67,67301,2015,1,2,253,2,3,8,6,7,5, , ,N,7,0,0,3,0,0,1,1,N,N,39 57:41.763,75 10:57.486,302, ,255,1,2,3,N, ,0,N, , , , , , , , ,1,1,0,0,0,0,0,0,0,0,0,0,0,0,0,0,0,0,0,0,0,0,0,1,0,0,0,0,0,0,0,0,0,0,0,0,0,39.9614,-75.1825, , 
22724,271521,2015020758,6,67,67301,2015,1,6,643,6,5,1,0,4,1, , ,N,1,2,0,3,0,3,3,3,N,N,40 03:19.147,75 04:24.059,650, ,643,9,2,1, , ,3,Y, , , , , , , , ,3,1,0,0,0,0,2,0,0,0,1,2,3,0,0,0,0,0,0,0,0,2,0,1,0,0,0,0,0,0,0,0,0,0,0,3,0,40.0553,-75.0733, , 
22725,271531,2015038653,6,67,67301,2015,3,4,9999,99,1,1,0,8,1, , ,N,0,0,0,3,0,1,2,2,N,N,39 55:20.161,75 10:26.230,1758, ,1756, ,0, , , ,0, , , , , , , , , ,1,1,0,0,0,0,0,0,0,1,0,0,1,0,0,0,0,0,0,0,1,0,0,0,0,0,0,0,0,0,0,0,1,0,1,2,0,39.9223,-75.174, , 