objectid_1,objectid,crn,district,county,municipality,crash_year,crash_month,day_of_week,time_of_day,hour_of_day,illumination,weather,road_condition,collision_type,relation_to_road,work_zone_type,work_zone_loc,work_zone_ind,intersect_type,tcd_type,location_type,urban_rural,fatal_count,injury_count,person_count,total_units,sch_bus_ind,sch_zone_ind,latitude,longitude,arrival_tm,cons_zone_spd_lim,dispatch_tm,est_hrs_closed,lane_closed,ln_close_dir,ntfy_hiwy_maint,spec_juris_cd,tcd_func_cd,tfc_detour_ind,workers_pres,wz_close_detour,wz_flagger,wz_law_offcr_ind,wz_ln_closure,wz_moving,wz_other,wz_shlder_mdn,vehicle_count,automobile_count,motorcycle_count,bus_count,small_truck_count,heavy_truck_count,suv_count,van_count,bicycle_count,maj_inj_count,mod_inj_count,min_inj_count,tot_inj_count,unk_inj_deg_count,unk_inj_per_count,driver_count_16yr,driver_count_17yr,driver_count_18yr,driver_count_19yr,driver_count_20yr,driver_count_50_64yr,driver_count_65_74yr,driver_count_75plus,unbelted_occ_count,unb_death_count,unb_maj_inj_count,belted_death_count,belted_maj_inj_count,mcycle_death_count,mcycle_maj_inj_count,bicycle_death_count,bicycle_maj_inj_count,ped_count,ped_death_count,ped_maj_inj_count,max_severity_level,comm_veh_count,dec_lat,dec_long,rdwy_surf_type_cd,county_name
22861,268165,2015040912,6,67,67301,2015,3,1,1705,17,1,1,0,4,1, , ,N,1,2,0,3,0,1,2,2,N, ,40 01:28.740,75 07:25.247,1730, ,1725, ,0, , , ,3, , , , , , , , , ,2,1,0,0,0,0,1,0,0,0,0,1,1,0,0,0,0,0,0,1,0,0,0,0,0,0,0,0,0,0,0,0,0,0,0,4,0,40.0247,-75.1237, , 
22862,268181,2015009582,6,67,67301,2015,1,7,1748,17,3,2,1,8,1, , ,N,1,2,0,3,0,1,2,2,N,N,40 00:08.156,75 13:12.479,1758, ,1755, ,0, ,N, ,3, , , , , , , , , ,1,0,0,0,0,0,0,0,0,0,0,0,1,1,0,0,0,0,0,0,0,0,1,0,0,0,0,0,0,0,0,0,1,0,0,8,0,40.0023,-75.2201, , 
22863,271835,2015049156,6,67,67301,2015,4,2,20,0,3,2,1,1,1, , ,N,0,0,0,3,0,0,2,2,N, ,39 55:03.339,75 12:45.460,30, ,20, ,0, , , ,0, , , , , , , , , ,2,1,0,0,1,0,0,0,0,0,0,0,0,0,0,0,0,0,0,0,0,0,0,0,0,0,0,0,0,0,0,0,0,0,0,0,0,39.9176,-75.2126, , 
22864,271855,2015012365,6,67,67301,2015,1,7,950,9,1,1,0,1,1, , ,N,1,2,0,3,0,1,2,2,N,N,39 59:42.186,75 09:47.474,1054, ,1052,1,1,4, , ,3,N, , , , , , , , ,2,0,0,0,0,0,2,0,0,0,0,1,1,0,0,0,0,0,0,0,1,0,0,0,0,0,0,0,0,0,0,0,0,0,0,4,0,39.9951,-75.1632, , 
22865,271856,2015012380,6,67,67301,2015,1,7,310,3,3,1,0,5,6, , ,N,0,0,0,3,0,0,1,4,N,N,39 55:29.024,75 10:57.320,318, ,315, ,0, ,N, ,0, , , , , , , , , ,4,3,0,0,0,0,1,0,0,0,0,0,0,0,0,0,0,0,0,0,0,0,0,0,0,0,0,0,0,0,0,0,0,0,0,0,0,39.9247,-75.1826, , 
22866,271872,2015035129,6,67,67301,2015,3,4,1538,15,1,2,1,4,1, , ,N,1,2,0,3,0,1,2,2,N,N,39 57:24.012,75 11:52.849,1543, ,1538, ,0, ,N, ,3, , , , , , , , , ,2,2,0,0,0,0,0,0,0,0,0,0,1,1,0,0,0,0,0,1,0,0,0,0,0,0,0,0,0,0,0,0,0,0,0,8,0,39.9566,-75.198, , 
22867,271873,2015038983,6,67,67301,2015,3,2,1015,10,1,1,0,2,1, , ,N,0,0,0,3,0,1,2,2,N, ,40 00:57.456,75 07:48.579,1044, ,1044, ,0, , , ,0, , , , , , , , , ,2,0,0,0,1,0,1,0,0,0,0,1,1,0,0,0,0,0,0,0,1,0,0,0,0,0,0,0,0,0,0,0,0,0,0,4,0,40.016,-75.1302, , 
22868,271878,2015043336,6,67,67301,2015,3,3,534,5,3,1,0,1,1, , ,N,0,0,0,3,0,1,3,3,N,N,39 57:41.483,75 10:57.321,543, ,535,3,2,3,N, ,0,Y, , , , , , , , ,3,1,0,0,0,1,1,0,0,0,0,1,1,0,0,0,0,0,0,0,2,0,0,0,0,0,0,0,0,0,0,0,0,0,0,4,1,39.9615,-75.1826, , 
22869,271881,2015047570,6,67,67301,2015,4,2,1856,18,1,1,0,1,1, , ,N,0,0,0,3,0,1,2,2,N, ,40 06:13.587,75 00:10.042,1859, ,1858,2,2,1, , ,0,N, , , , , , , , ,2,0,1,0,0,0,1,0,0,0,0,0,1,1,0,0,0,1,0,0,0,0,0,0,0,0,0,0,0,0,0,0,0,0,0,8,0,40.1038,-75.0028, , 
22870,271885,2015049123,6,67,67301,2015,4,5,2201,22,3,1,0,6,1, , ,N,1,2,0,3,0,0,4,2,N,N,40 05:07.675,75 02:14.870,2206, ,2203,1,1,4,N, ,3,N, , , , , , , , ,2,1,0,0,0,0,1,0,0,0,0,0,0,0,0,0,0,0,0,0,0,0,1,0,0,0,0,0,0,0,0,0,0,0,0,0,0,40.0854,-75.0374, , 
22871,271901,2015009610,6,67,67301,2015,1,7,1322,13,1,2,1,4,1, , ,N,2,0,0,3,0,0,2,2,N,N,39 56:47.436,75 08:53.235,1348, ,1347,1,1,2,N, ,0,N, , , , , , , , ,2,2,0,0,0,0,0,0,0,0,0,0,0,0,0,0,0,0,0,0,0,0,0,0,0,0,0,0,0,0,0,0,0,0,0,0,0,39.9465,-75.1481, , 
22872,271915,2015018988,6,67,67301,2015,2,1,2228,22,3,1,0,1,1, , ,N,2,2,0,3,0,0,2,2,N,N,40 06:00.676,75 01:18.249,2233, ,2231, ,0, ,N, ,3, , , , , , , , , ,2,0,0,0,0,0,2,0,0,0,0,0,0,0,0,0,0,0,0,0,0,0,0,0,0,0,0,0,0,0,0,0,0,0,0,0,0,40.1002,-75.0217, , 
22873,271938,2015036585,6,67,67301,2015,3,7,1010,10,1,2,1,4,1, , ,N,1,2,0,3,0,0,2,2,N, ,39 58:54.073,75 06:31.852,1025, ,1022,1,1,1, , ,3,Y, , , , , , , , ,2,1,0,0,0,0,1,0,0,0,0,0,0,0,0,0,0,0,0,0,0,0,0,0,0,0,0,0,0,0,0,0,0,0,0,0,0,39.9817,-75.1088, , 
22874,271960,2015015633,6,67,67301,2015,1,3,2330,23,3,1,0,1,1, , ,N,1,2,0,3,0,0,4,4,N,N,40 01:15.937,75 08:23.758,2340, ,2337,2,1,1,N, ,3,Y, , , , , , , , ,4,4,0,0,0,0,0,0,0,0,0,0,0,0,0,0,0,0,0,0,2,0,0,0,0,0,0,0,0,0,0,0,0,0,0,0,0,40.0211,-75.1399, , 
22875,271979,2015040239,6,67,67301,2015,3,2,345,3,3,1,0,7,4, , ,N,0,0,0,3,0,0,1,1,N,N,40 00:28.405,75 12:05.157,355, ,350,2,2,3,N, ,0,Y, , , , , , , , ,1,1,0,0,0,0,0,0,0,0,0,0,0,0,1,0,0,0,0,0,0,0,0,0,0,0,0,0,0,0,0,0,0,0,0,9,0,40.0079,-75.2014, , 
22876,272000,2015012362,6,67,67301,2015,1,3,1807,18,3,1,0,4,1, , ,N,0,0,0,3,0,0,3,2,N, ,39 59:38.196,75 11:50.727,1808, ,1807,1,1,5, , ,0,N, , , , , , , , ,2,0,0,0,0,0,2,0,0,0,0,0,0,0,0,0,0,0,0,0,0,0,0,0,0,0,0,0,0,0,0,0,0,0,0,0,0,39.9939,-75.1974, , 
22877,272006,2015020663,6,67,67301,2015,2,2,838,8,1,2,4,1,1, , ,N,1,2,0,3,0,1,2,2,N, ,40 02:11.683,75 13:06.904,843, ,840, ,0, , , ,3, , , , , , , , , ,2,2,0,0,0,0,0,0,0,0,0,1,1,0,0,0,0,0,0,0,1,0,0,0,0,0,0,0,0,0,0,0,0,0,0,4,0,40.0366,-75.2186, , 
22878,272007,2015020787,6,67,67301,2015,1,5,249,2,3,1,0,4,1, , ,N,2,2,0,3,0,0,3,2,N,N,39 57:20.669,75 12:56.254,256, ,250, ,0, ,N, ,3, , , , , , , , , ,2,1,0,0,0,0,1,0,0,0,0,0,0,0,1,0,0,0,0,0,1,0,0,0,0,0,0,0,0,0,0,0,0,0,0,9,0,39.9557,-75.2156, , 
22879,272020,2015040864,6,67,67301,2015,3,2,1929,19,3,1,0,4,1, , ,N,1,2,0,3,0,2,2,2,N, ,39 55:58.508,75 08:55.373,1930, ,1929, ,0, ,N, ,3, , , , , , , , , ,2,1,0,0,0,0,1,0,0,0,0,0,2,2,0,0,0,0,0,0,0,0,0,0,0,0,0,0,0,0,0,0,0,0,0,8,0,39.9329,-75.1487, , 
22880,272023,2015047542,6,67,67301,2015,4,4,2006,20,3,1,0,8,1, , ,N,1,2,0,3,0,1,2,2,N,N,40 07:54.116,75 00:44.359,2011, ,2007, ,0, ,N, ,3, , , , , , , , , ,1,0,0,0,0,0,1,0,0,0,0,1,1,0,0,0,0,0,0,0,0,0,0,0,0,0,0,0,0,0,0,0,1,0,0,4,0,40.1317,-75.0122, , 
22881,272047,2015015987,6,67,67301,2015,2,2,2040,20,3,1,0,1,1, , ,N,0,0,0,3,0,0,2,2,N,N,39 56:36.889,75 08:34.841,2051, ,2041, ,0, ,N, ,0, , , , , , , , , ,2,1,0,0,0,0,1,0,0,0,0,0,0,0,0,0,0,0,0,0,0,0,0,0,0,0,0,0,0,0,0,0,0,0,0,0,0,39.9436,-75.143, , 
22882,278906,2015028761,6,67,67301,2015,2,7,620,6,1,4,3,5,6, , ,N,0,0,0,3,0,0,1,3,N, ,40 01:35.369,75 07:07.356,723, ,625,1,1,2, , ,0,N, , , , , , , , ,3,1,0,0,0,0,1,1,0,0,0,0,0,0,1,0,0,0,0,0,0,0,0,0,0,0,0,0,0,0,0,0,0,0,0,9,0,40.0265,-75.1187, , 
22883,278916,2015036590,6,67,67301,2015,3,3,1952,19,3,2,1,4,1, , ,N,1,3,0,3,0,1,10,2,N,N,39 56:50.773,75 13:13.519,2005, ,1956, ,0, ,N, ,3, , , , , , , , , ,2,1,0,1,0,0,0,0,0,0,1,0,1,0,3,0,0,0,0,0,1,0,0,4,0,0,0,0,0,0,0,0,0,0,0,3,1,39.9474,-75.2204, , 
22884,278926,2015049093,6,67,67301,2015,4,4,1837,18,1,2,1,4,1, , ,N,1,2,0,3,0,1,3,2,N,N,40 01:10.215,75 03:20.471,2145, ,2145, ,0, , , ,3, , , , , , , , , ,2,2,0,0,0,0,0,0,0,0,0,0,1,1,1,0,0,0,0,1,1,0,0,0,0,0,0,0,0,0,0,0,0,0,0,8,0,40.0195,-75.0557, , 
22885,278938,2015012153,6,67,67301,2015,1,2,15,0,3,4,1,5,1, , ,N,6,0,0,3,0,1,2,2,N,N,39 57:06.152,75 08:29.297,18, ,18,1,2,3,N, ,0,Y, , , , , , , , ,2,2,0,0,0,0,0,0,0,0,0,0,1,1,0,0,0,0,0,0,0,0,0,0,0,0,0,0,0,0,0,0,0,0,0,8,0,39.9517,-75.1415, , 
22886,278956,2015036656,6,67,67301,2015,3,1,357,3,3,1,0,4,1, , ,N,1,3,0,3,0,1,6,2,N,N,39 57:16.538,75 12:23.154,359, ,359,1,1,4,N, ,3,N, , , , , , , , ,2,2,0,0,0,0,0,0,0,0,0,1,1,0,0,0,0,0,0,0,0,0,0,0,0,0,0,0,0,0,0,0,0,0,0,4,0,39.9546,-75.2064, , 
22887,278960,2015042736,6,67,67301,2015,4,2,1335,13,1,1,0,4,1, , ,N,2,3,0,3,0,2,3,4,N,N,40 01:34.615,75 04:40.079,1342, ,1339,2,1,2,N, ,3,N, , , , , , , , ,4,1,0,0,0,0,1,1,0,0,0,0,2,2,0,0,0,0,0,0,1,0,0,0,0,0,0,0,0,0,0,0,0,0,0,8,0,40.0263,-75.0778, , 
22888,278961,2015042791,6,67,67301,2015,4,4,515,5,3,1,0,7,3, , ,N,0,0,3,3,0,0,1,1,N, ,39 55:12.536,75 11:59.237,533, ,529, ,0, , , ,0, , , , , , , , , ,1,1,0,0,0,0,0,0,0,0,0,0,0,0,0,0,0,0,0,0,0,0,0,0,0,0,0,0,0,0,0,0,0,0,0,0,0,39.9201,-75.1998, , 
22889,278969,2015049099,6,67,67301,2015,4,5,1513,15,1,1,0,4,1, , ,N,2,0,0,3,0,1,2,2,N,N,40 01:30.086,75 01:59.010,1530, ,1513, ,0, , , ,0, , , , , , , , , ,2,1,0,0,0,0,1,0,0,0,0,1,1,0,0,0,0,0,0,0,1,1,0,0,0,0,0,0,0,0,0,0,0,0,0,4,0,40.025,-75.0331, , 
22890,278975,2015063516,6,67,67301,2015,6,3,1430,14,1,2,1,5,6, , ,N,0,0,0,3,0,4,4,4,N, ,39 59:23.086,75 14:16.214,1500, ,1455, ,0, , , ,0, , , , , , , , , ,4,1,0,0,0,1,1,1,0,1,0,0,4,3,0,0,0,0,1,0,0,0,1,0,0,0,0,0,0,0,0,0,0,0,0,2,1,39.9897,-75.2378, , 
22891,279016,2015038672,6,67,67301,2015,3,5,5,0,3,1,0,8,1, , ,N,1,2,0,3,0,1,2,2,N,N,39 57:02.085,75 09:42.069,12, ,11, ,0, ,N, ,3, , , , , , , , , ,1,1,0,0,0,0,0,0,0,0,0,1,1,0,0,0,0,0,0,0,0,0,0,0,0,0,0,0,0,0,0,0,1,0,0,4,0,39.9506,-75.1617, , 
22892,279020,2015041809,6,67,67301,2015,4,5,2145,21,3,1,0,1,1, , ,N,0,2,2,3,0,2,2,2,N,N,39 57:19.690,75 08:53.102,2146, ,2146,2,2,4,N, ,3,N, , , , , , , , ,2,0,0,0,0,0,1,1,0,0,0,1,2,1,0,0,0,0,0,0,1,0,0,1,0,0,0,0,0,0,0,0,0,0,0,4,0,39.9555,-75.1481, , 
22893,279023,2015044027,6,67,67301,2015,4,4,10,0,2,1,1,1,6, , ,N,0,0,0,3,0,1,1,6,N,N,40 03:26.902,75 09:29.512,29, ,220, ,0, ,N, ,0, , , , , , , , , ,6,5,0,0,1,0,0,0,0,0,0,0,1,1,0,0,0,0,0,0,0,0,0,0,0,0,0,0,0,0,0,0,0,0,0,8,0,40.0575,-75.1582, , 
22894,279067,2015045366,6,67,67301,2015,4,5,1455,14,1,1,0,8,1, , ,N,1,2,0,3,0,1,2,2,N,N,40 01:29.049,75 07:49.427,1650, ,1650, ,0, ,N, ,3, , , , , , , , , ,1,1,0,0,0,0,0,0,0,0,1,0,1,0,0,0,0,0,0,0,0,0,0,0,0,0,0,0,0,0,0,0,1,0,0,3,0,40.0247,-75.1304, , 
22895,279079,2015009601,6,67,67301,2015,1,4,1550,15,1,8,1,8,1, , ,N,1,3,0,3,0,2,3,3,N,N,40 02:31.909,75 08:18.693,1622, ,1619, ,0, ,N, ,3, , , , , , , , , ,1,1,0,0,0,0,0,0,0,0,0,2,2,0,0,0,0,0,0,0,0,0,0,1,0,0,0,0,0,0,0,0,2,0,0,4,0,40.0422,-75.1385, , 
22896,279081,2015010697,6,67,67301,2015,1,3,1415,14,1,4,5,5,6, , ,N,0,0,0,3,0,5,6,2,N,N,40 00:38.456,75 05:25.178,1428, ,1426, ,0, , , ,0, , , , , , , , , ,2,1,0,0,0,0,1,0,0,0,0,0,5,5,0,0,0,0,0,0,0,0,0,0,0,0,0,0,0,0,0,0,0,0,0,8,0,40.0107,-75.0903, , 
22897,279103,2015036612,6,67,67301,2015,3,5,851,8,1,1,0,7,4, , ,N,0,0,0,3,0,1,1,1,N,N,40 04:12.331,75 11:53.620,855, ,853, ,0, ,N, ,0, , , , , , , , , ,1,1,0,0,0,0,0,0,0,0,1,0,1,0,0,0,0,0,0,0,0,0,1,0,0,0,0,0,0,0,0,0,0,0,0,3,0,40.0701,-75.1982, , 
22898,279128,2015012309,6,67,67301,2015,1,7,1600,16,1,1,0,4,1, , ,N,1,2,0,3,0,3,7,2,N,N,39 59:27.061,75 09:18.508,1659, ,1654, ,0, ,N, ,3, , , , , , , , , ,2,1,0,0,0,0,1,0,0,0,0,0,3,3,0,0,0,0,0,0,0,1,0,0,0,0,0,0,0,0,0,0,0,0,0,8,0,39.9909,-75.1551, , 
22899,279134,2015025244,6,67,67301,2015,2,2,828,8,1,1,0,1,1, , ,N,0,0,0,3,0,0,3,2,N,N,39 58:20.230,75 11:37.128,852, ,831, ,0, ,N, ,0, , , , , , , , , ,2,1,0,0,1,0,0,0,0,0,0,0,0,0,1,0,0,0,0,0,0,0,0,0,0,0,0,0,0,0,0,0,0,0,0,9,0,39.9723,-75.1936, , 
22900,275818,2015025060,6,67,67301,2015,2,5,1400,14,1,1,0,4,1, , ,N,2,3,0,3,0,0,2,2,N,N,39 57:30.795,75 12:46.947,1417, ,1417,1,1,3,N, ,3,Y, , , , , , , , ,2,2,0,0,0,0,0,0,0,0,0,0,0,0,0,0,0,0,1,0,1,0,0,0,0,0,0,0,0,0,0,0,0,0,0,0,0,39.9585,-75.213, , 
22901,275828,2015036578,6,67,67301,2015,3,3,1535,15,1,2,1,4,1, , ,N,1,3,0,3,0,1,4,2,N, ,39 55:39.066,75 11:38.967,1615, ,1611, ,0, , , ,3, , , , , , , , , ,2,1,0,0,0,0,1,0,0,0,0,0,1,1,0,0,0,0,0,0,1,0,0,0,0,0,0,0,0,0,0,0,0,0,0,8,0,39.9275,-75.1942, , 
22902,275841,2015051458,6,67,67301,2015,4,1,1400,14,1,1,0,1,1, , ,N,0,0,0,3,0,1,2,2,N,N,40 00:55.783,75 09:13.103,1415, ,1405, ,0, ,N, ,0, , , , , , , , , ,2,2,0,0,0,0,0,0,0,0,0,0,1,1,1,0,0,0,0,0,2,0,0,0,0,0,0,0,0,0,0,0,0,0,0,8,0,40.0155,-75.1536, , 
22903,275845,2015009592,6,67,67301,2015,1,5,125,1,3,1,0,4,1, , ,N,0,0,0,3,0,1,2,2,N, ,40 02:26.640,75 05:55.340,140, ,138, ,0, , , ,0, , , , , , , , , ,2,2,0,0,0,0,0,0,0,0,0,1,1,0,0,0,0,0,0,0,0,0,0,0,0,0,0,0,0,0,0,0,0,0,0,4,0,40.0407,-75.0987, , 
22904,275872,2015042773,6,67,67301,2015,3,1,117,1,3,1,0,6,1, , ,N,2,2,0,3,0,3,5,2,N,N,40 02:52.443,75 01:53.885,133, ,128, ,0, , , ,3, , , , , , , , , ,2,1,0,0,0,0,1,0,0,0,0,0,3,3,1,0,0,0,0,0,1,0,0,0,0,0,0,0,0,0,0,0,0,0,0,8,0,40.0479,-75.0316, , 
22905,275910,2015063025,6,67,67301,2015,6,2,857,8,1,1,0,1,1,2,2,Y,0,0,0,3,0,0,4,2,N,N,40 01:22.293,75 02:08.897,910,45,858, ,0, ,N, ,0, ,Y,N,N,N,N,N,N,Y,2,1,0,0,1,0,0,0,0,0,0,0,0,0,0,0,0,0,0,0,0,0,0,0,0,0,0,0,0,0,0,0,0,0,0,0,0,40.0229,-75.0358, , 
22906,275913,2015064007,6,67,67301,2015,5,3,1300,13,1,1,0,5,1, , ,N,0,0,1,3,0,1,2,3,N,N,39 59:18.442,75 07:41.013,1315, ,1315, ,0, , , ,0, , , , , , , , , ,3,0,0,0,0,0,2,0,0,0,1,0,1,0,0,0,0,0,1,0,0,0,0,0,0,0,0,0,0,0,0,0,0,0,0,3,0,39.9885,-75.1281, , 
22907,275929,2015078261,6,67,67301,2015,6,2,410,4,3,2,1,7,4, , ,N,0,0,0,3,0,0,1,2,N,N,40 01:26.904,75 02:53.242,412, ,458, ,0, ,N, ,0, , , , , , , , , ,2,1,0,0,0,0,1,0,0,0,0,0,0,0,1,0,0,0,0,0,0,0,0,0,0,0,0,0,0,0,0,0,0,0,0,9,0,40.0241,-75.0481, , 
22908,275964,2015038612,6,67,67301,2015,3,3,1420,14,1,1,0,8,1, , ,N,0,0,0,3,0,1,2,2,N,N,39 58:20.570,75 10:37.346,1440, ,1435, ,0, ,N, ,0, , , , , , , , , ,1,1,0,0,0,0,0,0,0,0,0,1,1,0,0,0,0,0,0,0,0,0,0,1,0,0,0,0,0,0,0,0,1,0,0,4,0,39.9724,-75.1772, , 
22909,275992,2015006039,6,67,67301,2015,1,6,929,9,1,1,0,4,1, , ,N,10,2,0,3,0,1,2,2,N,N,39 57:17.622,75 12:31.637,931, ,930, ,0, ,N, ,3, , , , , , , , , ,2,2,0,0,0,0,0,0,0,0,0,1,1,0,0,0,0,0,0,0,0,0,0,0,0,0,0,0,0,0,0,0,0,0,0,4,0,39.9549,-75.2087, , 
22910,276004,2015015798,6,67,67301,2015,1,7,518,5,3,1,0,1,1, , ,N,0,0,0,3,0,0,3,2,N,N,40 03:17.830,74 59:04.917,528, ,518,2,2,1,N, ,0,N, , , , , , , , ,2,0,0,0,1,0,1,0,0,0,0,0,0,0,0,0,0,0,0,0,1,0,0,0,0,0,0,0,0,0,0,0,0,0,0,0,0,40.055,-74.9847, , 
22911,276011,2015020745,6,67,67301,2015,1,1,415,4,3,1,0,4,1, , ,N,1,2,0,3,0,5,9,2,N,N,40 02:06.975,75 07:17.098,430, ,425,3,1,4,N, ,3,N, , , , , , , , ,2,1,0,1,0,0,0,0,0,0,0,5,5,0,0,0,0,0,0,0,0,0,0,0,0,0,0,0,0,0,0,0,0,0,0,4,1,40.0353,-75.1214, , 
22912,276033,2015050004,6,67,67301,2015,5,7,435,4,3,1,0,5,6, , ,N,0,0,0,3,0,0,1,2,N,N,39 58:56.639,75 09:37.518,450, ,445, ,0, ,N, ,0, , , , , , , , , ,2,2,0,0,0,0,0,0,0,0,0,0,0,0,0,0,0,1,0,0,0,0,0,0,0,0,0,0,0,0,0,0,0,0,0,0,0,39.9824,-75.1604, , 
22913,276047,2015015649,6,67,67301,2015,1,7,9999,99,3,4,3,8,1, , ,N,0,0,0,3,0,1,2,2,N, ,39 58:02.175,75 13:29.948,9999, ,9999, ,0, , , ,0, , , , , , , , , ,1,0,0,0,0,0,0,0,0,0,0,0,1,1,0,0,0,0,0,0,0,0,0,0,0,0,0,0,0,0,0,0,1,0,0,8,0,39.9673,-75.225, , 
22914,276077,2015049104,6,67,67301,2015,4,4,9999,99,1,2,1,7,4, , ,N,3,0,0,3,0,2,4,1,N,N,39 55:37.231,75 14:36.560,355, ,351, ,0, , , ,0, , , , , , , , , ,1,1,0,0,0,0,0,0,0,0,0,0,2,2,0,0,0,0,0,0,0,0,0,0,0,0,0,0,0,0,0,0,0,0,0,8,0,39.927,-75.2435, , 
22915,276095,2015021908,6,67,67301,2015,2,1,1719,17,1,1,0,4,1, , ,N,1,2,0,3,0,1,2,2,N, ,39 56:30.883,75 14:00.088,1825, ,1822, ,0, , , ,3, , , , , , , , , ,2,1,0,0,0,0,1,0,0,0,0,0,1,1,0,0,0,0,0,0,1,0,0,0,0,0,0,0,0,0,0,0,0,0,0,8,0,39.9419,-75.2334, , 
22916,276098,2015024254,6,67,67301,2015,2,1,2306,23,3,1,0,7,4, , ,N,7,0,0,3,0,1,1,1,N,N,39 58:15.132,75 11:34.938,2319, ,2307,2,2,4,N, ,0,N, , , , , , , , ,1,1,0,0,0,0,0,0,0,0,0,0,1,1,0,0,0,0,0,0,0,0,0,0,0,0,0,0,0,0,0,0,0,0,0,8,0,39.9732,-75.1937, , 
22917,276150,2015025144,6,67,67301,2015,2,3,505,5,3,1,1,1,1, , ,N,0,0,0,3,0,1,3,3,N,N,39 56:58.476,75 12:01.009,520, ,518, ,0, ,N, ,0, , , , , , , , , ,3,2,0,0,0,0,0,1,0,0,0,0,1,1,0,0,0,0,0,0,1,0,0,0,0,0,0,0,0,0,0,0,0,0,0,8,0,39.9496,-75.2003, , 
22918,268212,2015048163,6,67,67301,2015,5,1,205,2,3,1,0,7,3, , ,N,0,0,3,3,0,3,4,2,N,N,39 54:22.972,75 08:10.933,205, ,205, ,0, ,N, ,0, , , , , , , , , ,2,1,0,0,0,1,0,0,0,0,3,0,3,0,0,0,0,0,0,0,0,0,0,1,0,0,0,0,0,0,0,0,0,0,0,3,1,39.9064,-75.1364, , 
22919,268213,2015049010,6,67,67301,2015,4,1,1524,15,1,1,0,8,1, , ,N,0,0,0,3,0,1,2,2,N,N,40 02:05.330,75 04:38.535,1532, ,1528, ,0, ,N, ,0, , , , , , , , , ,1,1,0,0,0,0,0,0,0,0,0,0,1,1,0,0,0,0,0,0,0,0,0,0,0,0,0,0,0,0,0,0,1,0,0,8,0,40.0348,-75.0774, , 
22920,268239,2015025091,6,67,67301,2015,2,4,1800,18,3,1,0,4,1, , ,N,1,0,0,3,0,1,2,3,N, ,40 01:01.999,75 06:39.869,1810, ,1805, ,0, , , ,0, , , , , , , , , ,3,1,1,0,0,0,1,0,0,0,0,1,1,0,0,0,0,0,0,1,0,0,0,0,0,0,0,0,0,0,0,0,0,0,0,4,0,40.0172,-75.1111, , 
22921,268255,2015053919,6,67,67301,2015,5,4,847,8,1,1,0,4,1, , ,N,1,2,0,3,0,1,2,2,N,Y,39 55:27.728,75 10:10.600,847, ,847,1,1,1, , ,3,Y, , , , , , , , ,1,0,0,0,0,0,1,0,1,0,0,0,1,1,0,0,0,0,0,0,1,0,0,0,0,0,0,0,0,0,0,0,0,0,0,8,0,39.9244,-75.1696, , 
22922,268274,2015063837,6,67,67301,2015,6,3,1040,10,1,2,1,1,1, , ,N,1,2,0,3,0,1,2,2,N,N,39 56:45.165,75 14:24.752,1115, ,1059, ,0, ,N, ,3, , , , , , , , , ,2,2,0,0,0,0,0,0,0,0,0,0,1,1,0,0,0,0,0,0,0,0,0,0,0,0,0,0,0,0,0,0,0,0,0,8,0,39.9459,-75.2403, , 
22923,268275,2015063884,6,67,67301,2015,6,5,2130,21,3,1,0,8,1, , ,N,3,2,0,3,0,1,2,2,N,N,39 57:52.333,75 08:03.809,2133, ,2133,2,1,2,N, ,3,N, , , , , , , , ,1,1,0,0,0,0,0,0,0,0,0,0,1,1,0,0,0,0,0,0,0,0,0,0,0,0,0,0,0,0,0,0,1,0,0,8,0,39.9644,-75.1343, , 
22924,268323,2015008690,6,67,67301,2015,1,6,605,6,3,1,0,7,2, , ,N,0,0,0,3,0,0,1,1,N,N,39 57:35.648,75 10:44.468,613, ,608, ,0, ,N, ,0, , , , , , , , , ,1,1,0,0,0,0,0,0,0,0,0,0,0,0,0,0,0,0,0,0,0,0,0,0,0,0,0,0,0,0,0,0,0,0,0,0,0,39.9599,-75.179, , 
22925,268383,2015020810,6,67,67301,2015,2,2,753,7,5,4,4,7,4, , ,N,0,0,0,3,0,0,1,1,N,N,40 06:43.020,75 02:49.673,812, ,810, ,0, , , ,0, , , , , , , , , ,1,1,0,0,0,0,0,0,0,0,0,0,0,0,0,0,0,0,0,1,0,0,0,0,0,0,0,0,0,0,0,0,0,0,0,0,0,40.112,-75.0471, , 
22926,268397,2015035163,6,67,67301,2015,3,4,2238,22,3,2,1,4,1, , ,N,1,3,0,3,0,2,2,2,N,N,39 58:10.873,75 08:26.334,2241, ,2239,2,1,4,N, ,3,Y, , , , , , , , ,2,2,0,0,0,0,0,0,0,0,0,1,2,1,0,0,0,0,0,0,1,0,0,0,0,0,0,0,0,0,0,0,0,0,0,4,0,39.9696,-75.1407, , 
22927,268430,2015015619,6,67,67301,2015,1,5,815,8,1,8,5,4,1, , ,N,1,3,0,3,0,0,2,2,N, ,39 58:28.228,75 08:53.098,820, ,820, ,0, , , ,3, , , , , , , , , ,2,1,0,0,0,0,0,1,0,0,0,0,0,0,0,0,0,0,0,0,0,1,0,0,0,0,0,0,0,0,0,0,0,0,0,0,0,39.9745,-75.1481, , 
22928,268454,2015047556,6,67,67301,2015,4,4,830,8,1,1,0,8,1, , ,N,1,2,0,3,0,1,2,2,N,Y,39 59:16.184,75 10:50.095,915, ,830, ,0, ,N, ,3, , , , , , , , , ,1,0,0,0,0,0,0,0,0,0,0,0,1,1,1,0,0,0,0,0,0,0,0,0,0,0,0,0,0,0,0,0,1,0,0,8,0,39.9878,-75.1806, , 