objectid_1,objectid,crn,district,county,municipality,crash_year,crash_month,day_of_week,time_of_day,hour_of_day,illumination,weather,road_condition,collision_type,relation_to_road,work_zone_type,work_zone_loc,work_zone_ind,intersect_type,tcd_type,location_type,urban_rural,fatal_count,injury_count,person_count,total_units,sch_bus_ind,sch_zone_ind,latitude,longitude,arrival_tm,cons_zone_spd_lim,dispatch_tm,est_hrs_closed,lane_closed,ln_close_dir,ntfy_hiwy_maint,spec_juris_cd,tcd_func_cd,tfc_detour_ind,workers_pres,wz_close_detour,wz_flagger,wz_law_offcr_ind,wz_ln_closure,wz_moving,wz_other,wz_shlder_mdn,vehicle_count,automobile_count,motorcycle_count,bus_count,small_truck_count,heavy_truck_count,suv_count,van_count,bicycle_count,maj_inj_count,mod_inj_count,min_inj_count,tot_inj_count,unk_inj_deg_count,unk_inj_per_count,driver_count_16yr,driver_count_17yr,driver_count_18yr,driver_count_19yr,driver_count_20yr,driver_count_50_64yr,driver_count_65_74yr,driver_count_75plus,unbelted_occ_count,unb_death_count,unb_maj_inj_count,belted_death_count,belted_maj_inj_count,mcycle_death_count,mcycle_maj_inj_count,bicycle_death_count,bicycle_maj_inj_count,ped_count,ped_death_count,ped_maj_inj_count,max_severity_level,comm_veh_count,dec_lat,dec_long,rdwy_surf_type_cd,county_name
22996,268599,2015077846,6,67,67301,2015,7,4,847,8,1,1,0,3,4, , ,N,0,0,0,3,0,1,2,2,N,N,39 57:06.909,75 10:12.997,850, ,849, ,0, ,N, ,0, , , , , , , , , ,2,0,0,0,1,1,0,0,0,0,0,1,1,0,0,0,0,0,0,0,0,0,0,0,0,0,0,0,0,0,0,0,0,0,0,4,1,39.9519,-75.1703, , 
22997,268617,2015018948,6,67,67301,2015,1,7,640,6,5,1,0,7,5, , ,N,0,0,0,3,0,0,1,1,N,N,40 00:12.272,75 10:43.856,650, ,647, ,0, ,N, ,0, , , , , , , , , ,1,1,0,0,0,0,0,0,0,0,0,0,0,0,0,0,0,0,0,0,1,0,0,0,0,0,0,0,0,0,0,0,0,0,0,0,0,40.0034,-75.1788, , 
22998,268628,2015031015,6,67,67301,2015,2,7,2230,22,3,4,3,1,1, , ,N,0,0,0,3,0,0,3,2,N, ,40 05:29.197,74 57:57.576,15, ,9, ,0, , , ,0, , , , , , , , , ,2,2,0,0,0,0,0,0,0,0,0,0,0,0,2,0,0,0,0,0,1,0,0,0,0,0,0,0,0,0,0,0,0,0,0,9,0,40.0914,-74.966, , 
22999,268643,2015052370,6,67,67301,2015,4,2,1135,11,1,1,0,7,3, , ,N,6,0,2,3,0,0,1,1,N,N,39 54:39.103,75 08:56.529,1159, ,1147, ,0, ,N, ,0, , , , , , , , , ,1,1,0,0,0,0,0,0,0,0,0,0,0,0,0,0,0,0,0,0,0,0,0,0,0,0,0,0,0,0,0,0,0,0,0,0,0,39.9109,-75.149, , 
23000,268652,2015063834,6,67,67301,2015,6,2,1100,11,1,1,0,5,6, , ,N,0,0,0,3,0,0,2,3,N, ,40 03:27.445,75 14:11.651,1107, ,1104, ,0, , , ,0, , , , , , , , , ,3,2,0,0,1,0,0,0,0,0,0,0,0,0,0,0,0,0,0,0,0,0,0,0,0,0,0,0,0,0,0,0,0,0,0,0,0,40.0576,-75.2366, , 
23001,268675,2015043220,6,67,67301,2015,3,2,831,8,1,1,0,8,1, , ,N,1,3,0,3,0,1,2,2,N,N,40 01:41.282,75 08:20.914,836, ,836, ,0, ,N, ,3, , , , , , , , , ,1,0,0,0,0,0,1,0,0,0,0,1,1,0,0,0,0,0,0,0,0,0,0,0,0,0,0,0,0,0,0,0,1,0,0,4,0,40.0281,-75.1391, , 
23002,268680,2015051427,6,67,67301,2015,4,4,1500,15,1,2,1,1,1, , ,N,1,2,0,3,0,1,2,2,N, ,39 58:19.633,75 15:05.158,1527, ,1517,1,1,4, , ,3,Y, , , , , , , , ,2,1,0,1,0,0,0,0,0,0,0,1,1,0,0,0,0,0,0,0,2,0,0,0,0,0,0,0,0,0,0,0,0,0,0,4,1,39.9721,-75.2514, , 
23003,268683,2015056429,6,67,67301,2015,5,1,2150,21,3,1,0,5,6, , ,N,0,0,0,3,0,1,1,2,N, ,40 03:03.613,75 14:10.555,2202, ,2157, ,0, , , ,0, , , , , , , , , ,2,1,0,0,1,0,0,0,0,0,0,0,1,1,0,0,0,0,0,0,0,0,0,0,0,0,0,0,0,0,0,0,0,0,0,8,0,40.051,-75.2363, , 
23004,268684,2015056528,6,67,67301,2015,5,3,121,1,3,1,0,4,1, , ,N,1,2,1,3,0,1,2,2,N,N,39 55:44.943,75 11:13.894,124, ,123,1,1,2,N, ,3,N, , , , , , , , ,2,2,0,0,0,0,0,0,0,0,0,0,1,1,1,0,0,0,0,0,0,0,0,0,0,0,0,0,0,0,0,0,0,0,0,8,0,39.9292,-75.1872, , 
23005,268692,2015066188,6,67,67301,2015,6,5,1900,19,1,1,0,4,1, , ,N,1,2,0,3,0,1,2,3,N,N,40 02:18.188,75 10:36.876,1903, ,1901, ,0, ,N, ,3, , , , , , , , , ,3,2,0,0,0,0,1,0,0,0,0,1,1,0,0,0,0,0,0,0,0,1,0,0,0,0,0,0,0,0,0,0,0,0,0,4,0,40.0384,-75.1769, , 
23006,268699,2015070276,6,67,67301,2015,6,7,2019,20,3,2,7,7,3, , ,N,0,0,0,3,0,0,1,1,N,N,39 55:29.494,75 08:50.179,2049, ,2040,2,2,2,N, ,0,N, , , , , , , , ,1,1,0,0,0,0,0,0,0,0,0,0,0,0,0,0,0,0,0,1,0,0,0,0,0,0,0,0,0,0,0,0,0,0,0,0,0,39.9249,-75.1473, , 
23007,268734,2015042810,6,67,67301,2015,3,4,1151,11,1,2,1,4,1, , ,N,1,2,0,3,0,2,4,2,N, ,39 59:02.306,75 11:10.881,1215, ,1150,2,1,2, , ,3,Y, , , , , , , , ,2,2,0,0,0,0,0,0,0,0,0,0,2,2,2,0,0,0,0,0,1,0,0,0,0,0,0,0,0,0,0,0,0,0,0,8,0,39.984,-75.1864, , 
23008,268735,2015042828,6,67,67301,2015,4,6,1255,12,1,2,1,4,1, , ,N,1,3,0,3,0,3,3,2,N,N,39 59:46.259,75 11:45.169,1310, ,1259, ,0, ,N, ,3, , , , , , , , , ,2,1,0,0,0,0,1,0,0,0,0,3,3,0,0,0,0,0,0,0,0,0,0,0,0,0,0,0,0,0,0,0,0,0,0,4,0,39.9962,-75.1959, , 
23009,272239,2015020668,6,67,67301,2015,1,5,935,9,1,4,1,4,6, , ,N,1,2,0,3,0,0,1,2,N,N,39 59:15.068,75 09:56.753,950, ,947, ,0, ,N, ,3, , , , , , , , , ,2,2,0,0,0,0,0,0,0,0,0,0,0,0,1,0,0,0,0,0,0,0,0,0,0,0,0,0,0,0,0,0,0,0,0,9,0,39.9875,-75.1658, , 
23010,272288,2015012817,6,67,67301,2015,1,3,756,7,1,4,4,7,2, , ,N,0,0,0,3,0,0,2,1,N,N,39 54:02.053,75 09:21.892,803, ,756,1,1,2,N, ,0,N, , , , , , , , ,1,1,0,0,0,0,0,0,0,0,0,0,0,0,0,0,0,0,0,0,0,0,0,0,0,0,0,0,0,0,0,0,0,0,0,0,0,39.9006,-75.1561, , 
23011,272297,2015020744,6,67,67301,2015,1,2,156,1,3,8,5,7,4, , ,N,3,2,0,3,0,1,2,1,N,N,40 02:50.984,75 06:44.541,156, ,156,3,1,1,N, ,3,Y, , , , , , , , ,1,1,0,0,0,0,0,0,0,0,0,1,1,0,0,0,0,0,0,0,0,0,0,1,0,0,0,0,0,0,0,0,0,0,0,4,0,40.0475,-75.1124, , 
23012,272308,2015036611,6,67,67301,2015,3,4,1845,18,4,1,0,8,1, , ,N,1,2,0,3,0,1,2,2,N,N,40 03:44.697,75 09:18.946,9999, ,1849, ,0, ,N, ,3, , , , , , , , , ,1,0,0,0,0,0,0,1,0,0,1,0,1,0,0,0,0,0,0,0,0,0,0,0,0,0,0,0,0,0,0,0,1,0,0,3,0,40.0624,-75.1553, , 
23013,272318,2015042824,6,67,67301,2015,4,5,2125,21,3,1,0,4,1, , ,N,5,2,0,3,0,2,3,2,N,N,40 00:18.026,75 10:42.917,2129, ,2127, ,0, , , ,3, , , , , , , , , ,2,2,0,0,0,0,0,0,0,0,0,2,2,0,0,0,0,0,0,0,0,0,0,0,0,0,0,0,0,0,0,0,0,0,0,4,0,40.005,-75.1786, , 
23014,272320,2015045448,6,67,67301,2015,4,1,1217,12,1,1,0,4,1, , ,N,1,2,0,3,0,1,3,2,N, ,40 01:00.965,75 09:05.545,1225, ,1220, ,0, , , ,3, , , , , , , , , ,2,2,0,0,0,0,0,0,0,0,1,0,1,0,1,0,0,0,0,0,0,0,0,0,0,0,0,0,0,0,0,0,0,0,0,3,0,40.0169,-75.1516, , 
23015,272360,2015042737,6,67,67301,2015,4,3,733,7,1,1,1,7,1, , ,N,1,2,0,3,0,1,1,1,N,N,39 55:22.764,75 11:18.725,736, ,734, ,0, ,N, ,3, , , , , , , , , ,1,1,0,0,0,0,0,0,0,0,0,1,1,0,0,0,0,0,0,0,0,0,0,0,0,0,0,0,0,0,0,0,0,0,0,4,0,39.923,-75.1885, , 
23016,272361,2015042793,6,67,67301,2015,4,7,1842,18,1,1,0,4,1, , ,N,5,2,0,3,0,0,2,2,N,N,39 58:37.995,75 13:36.385,1844, ,1842, ,0, , , ,3, , , , , , , , , ,2,2,0,0,0,0,0,0,0,0,0,0,0,0,0,0,0,0,0,0,2,0,0,0,0,0,0,0,0,0,0,0,0,0,0,0,0,39.9772,-75.2268, , 
23017,272362,2015042872,6,67,67301,2015,3,3,1320,13,1,1,0,4,1, , ,N,1,2,0,3,0,1,3,2,N, ,39 57:07.822,75 08:42.804,1328, ,1326, ,0, , , ,3, , , , , , , , , ,1,0,0,0,0,1,0,0,1,0,0,0,1,1,0,0,0,0,0,0,0,0,0,2,0,0,0,0,0,0,0,0,0,0,0,8,1,39.9522,-75.1452, , 
23018,272363,2015043216,6,67,67301,2015,3,3,401,4,3,1,0,4,1, , ,N,1,3,0,3,0,0,3,2,N,N,40 01:57.288,75 05:29.158,402, ,401, ,0, ,N, ,3, , , , , , , , , ,2,1,0,0,0,1,0,0,0,0,0,0,0,0,0,0,0,0,0,0,0,0,0,0,0,0,0,0,0,0,0,0,0,0,0,0,1,40.0326,-75.0914, , 
23019,272365,2015045398,6,67,67301,2015,4,7,900,9,1,1,0,4,1, , ,N,2,3,0,3,0,3,5,3,N,N,40 02:48.407,75 03:30.389,925, ,920,9,1,1,N, ,3,N, , , , , , , , ,3,1,0,0,0,0,1,1,0,0,0,2,3,1,0,0,0,0,0,0,0,1,0,0,0,0,0,0,0,0,0,0,0,0,0,4,0,40.0468,-75.0584, , 
23020,272377,2015006083,6,67,67301,2015,1,1,856,8,1,2,1,7,4, , ,N,2,3,0,3,0,1,1,1,N, ,39 58:30.893,75 10:05.720,858, ,857, ,0, , , ,3, , , , , , , , , ,1,1,0,0,0,0,0,0,0,0,0,1,1,0,0,0,0,0,0,0,0,0,1,1,0,0,0,0,0,0,0,0,0,0,0,4,0,39.9753,-75.1683, , 
23021,272378,2015006142,6,67,67301,2015,1,3,1250,12,1,4,3,1,6, , ,N,2,0,0,3,0,0,3,2,N, ,40 05:57.246,75 02:19.543,1300, ,1257, ,0, , , ,0, , , , , , , , , ,2,0,0,0,0,1,0,1,0,0,0,0,0,0,0,0,0,0,0,0,1,0,0,0,0,0,0,0,0,0,0,0,0,0,0,0,1,40.0992,-75.0388, , 
23022,272389,2015017934,6,67,67301,2015,1,5,904,9,1,2,1,8,1, , ,N,0,0,0,3,0,1,2,2,N,N,39 58:26.416,75 12:17.727,927, ,924, ,0, ,N, ,0, , , , , , , , , ,1,0,0,0,0,0,0,0,0,0,0,0,1,1,0,0,0,0,0,0,0,0,0,0,0,0,0,0,0,0,0,0,1,0,0,8,0,39.974,-75.2049, , 
23023,272397,2015029998,6,67,67301,2015,2,5,840,8,1,1,5,8,1, , ,N,1,3,0,3,0,1,2,2,N,Y,39 57:47.350,75 09:32.587,930, ,920, ,0, , , ,3, , , , , , , , , ,1,0,0,0,0,0,1,0,0,0,0,1,1,0,1,0,0,0,0,0,0,0,0,0,0,0,0,0,0,0,0,0,1,0,0,4,0,39.9632,-75.1591, , 
23024,272411,2015047531,6,67,67301,2015,4,7,1149,11,1,1,0,8,1, , ,N,0,0,0,3,0,1,2,2,N,N,39 55:07.492,75 09:26.650,1152, ,1149, ,0, ,N, ,0, , , , , , , , , ,1,1,0,0,0,0,0,0,0,0,0,1,1,0,0,0,0,0,0,0,0,0,0,0,0,0,0,0,0,0,0,0,1,0,0,4,0,39.9187,-75.1574, , 
23025,272441,2015018972,6,67,67301,2015,1,4,2000,20,3,1,0,4,1, , ,N,1,2,0,3,0,1,2,3,N, ,39 57:05.212,75 14:05.600,2005, ,2004, ,0, , , ,3, , , , , , , , , ,3,2,0,0,0,0,0,1,0,0,0,0,1,1,0,0,0,0,0,0,0,0,0,0,0,0,0,0,0,0,0,0,0,0,0,8,0,39.9514,-75.2349, , 
23026,272445,2015021941,6,67,67301,2015,2,3,1304,13,1,1,0,4,1, , ,N,2,2,0,3,0,3,3,2,N,N,40 05:59.946,75 00:29.876,1306, ,1304, ,0, ,N, ,3, , , , , , , , , ,2,1,0,0,0,0,1,0,0,0,0,3,3,0,0,0,0,0,0,0,0,2,0,0,0,0,0,0,0,0,0,0,0,0,0,4,0,40.1,-75.0083, , 
23027,279336,2015025152,6,67,67301,2015,2,3,1530,15,1,1,3,4,1, , ,N,0,0,7,3,0,1,6,2,N,N,40 02:30.973,75 07:45.753,1545, ,1535, ,0, ,N, ,0, , , , , , , , , ,2,1,0,0,0,0,1,0,0,0,0,1,1,0,0,0,0,0,0,0,1,0,0,5,0,0,0,0,0,0,0,0,0,0,0,4,0,40.0419,-75.1294, , 
23028,279352,2015040922,6,67,67301,2015,3,2,1745,17,1,1,0,4,1, , ,N,2,3,0,3,0,1,2,2,N, ,39 59:29.485,75 08:07.633,1745, ,1745, ,0, , , ,3, , , , , , , , , ,2,1,0,0,0,0,0,1,0,0,0,0,1,1,0,0,0,0,0,0,1,0,0,2,0,0,0,0,0,0,0,0,0,0,0,8,0,39.9914,-75.1354, , 
23029,279361,2015051952,6,67,67301,2015,5,7,1622,16,1,1,0,1,1, , ,N,1,2,0,3,0,0,6,3,N,N,40 01:47.679,75 06:11.073,1628, ,1622,2,1,2,N, ,3,N, , , , , , , , ,3,1,0,0,0,0,1,1,0,0,0,0,0,0,0,0,0,0,0,0,1,0,0,0,0,0,0,0,0,0,0,0,0,0,0,0,0,40.0299,-75.1031, , 
23030,279389,2015034404,6,67,67301,2015,3,1,1634,16,1,4,6,7,2, , ,N,0,0,0,3,0,0,1,1,N,N,40 00:39.915,75 03:42.775,1646, ,1636, ,0, ,N, ,0, , , , , , , , , ,1,0,0,0,0,0,1,0,0,0,0,0,0,0,0,0,0,0,1,0,0,0,0,0,0,0,0,0,0,0,0,0,0,0,0,0,0,40.0111,-75.0619, , 
23031,279402,2015050053,6,67,67301,2015,4,5,1714,17,1,1,0,7,3, , ,N,0,0,0,3,0,0,1,1,N,N,40 01:42.319,75 01:24.924,1734, ,1723,1,2,2,Y, ,0,N, , , , , , , , ,1,1,0,0,0,0,0,0,0,0,0,0,0,0,0,0,0,0,0,0,0,0,0,0,0,0,0,0,0,0,0,0,0,0,0,0,0,40.0284,-75.0236, , 
23032,279423,2015021927,6,67,67301,2015,2,1,1850,18,3,1,0,8,1, , ,N,1,2,0,3,0,1,2,2,N,N,40 03:37.434,74 59:25.565,1903, ,1858, ,0, ,N, ,3, , , , , , , , , ,1,1,0,0,0,0,0,0,0,0,0,1,1,0,0,0,0,0,0,0,0,1,0,1,0,0,0,0,0,0,0,0,1,0,0,4,0,40.0604,-74.9904, , 
23033,279430,2015028816,6,67,67301,2015,2,6,1540,15,1,1,0,8,1, , ,N,2,2,0,3,0,1,2,2,N, ,40 00:59.828,75 08:05.348,1549, ,1543, ,0, , , ,3, , , , , , , , , ,1,0,0,0,0,0,0,1,0,0,0,1,1,0,0,0,0,0,0,0,1,0,0,0,0,0,0,0,0,0,0,0,1,0,0,4,0,40.0166,-75.1348, , 
23034,279434,2015030570,6,67,67301,2015,1,5,1510,15,1,1,0,4,1, , ,N,1,2,0,3,0,1,5,3,N,N,40 04:50.725,75 01:42.964,1540, ,1522,1,1,1,N, ,3,N, , , , , , , , ,2,1,0,0,0,0,1,0,0,0,1,0,1,0,0,0,0,0,0,1,0,0,0,0,0,0,0,0,0,0,0,0,1,0,0,3,0,40.0808,-75.0286, , 
23035,279435,2015030571,6,67,67301,2015,2,2,1830,18,3,1,0,4,1, , ,N,1,2,0,3,0,2,3,2,N, ,39 59:16.564,75 07:24.030,1850, ,1849, ,0, , , ,3, , , , , , , , , ,2,1,0,0,0,0,1,0,0,0,0,2,2,0,0,0,0,0,0,0,1,0,0,0,0,0,0,0,0,0,0,0,0,0,0,4,0,39.9879,-75.1235, , 
23036,279472,2015025081,6,67,67301,2015,2,4,1323,13,1,1,1,4,1, , ,N,1,2,0,3,0,0,2,2,N, ,40 03:49.505,75 05:00.516,1333, ,1333, ,0, , , ,3, , , , , , , , , ,2,2,0,0,0,0,0,0,0,0,0,0,0,0,0,0,0,0,0,0,0,0,0,0,0,0,0,0,0,0,0,0,0,0,0,0,0,40.0638,-75.0835, , 
23037,279493,2015042890,6,67,67301,2015,3,3,1100,11,1,1,0,4,1, , ,N,1,2,0,3,0,3,3,3,N,N,39 57:26.638,75 09:25.497,1101, ,1100,3,1,4,N, ,3,N, , , , , , , , ,3,2,0,0,0,0,1,0,0,0,0,2,3,1,0,0,0,0,0,0,1,0,0,0,0,0,0,0,0,0,0,0,0,0,0,4,0,39.9574,-75.1571, , 
23038,279498,2015047624,6,67,67301,2015,4,5,1445,14,1,1,0,1,1, , ,N,6,3,8,3,0,2,2,2,N,N,40 00:39.639,75 12:22.116,1510, ,1500, ,0, ,N, ,3, , , , , , , , , ,2,1,0,0,0,0,1,0,0,0,0,0,2,2,0,0,0,0,0,0,0,0,0,0,0,0,0,0,0,0,0,0,0,0,0,8,0,40.011,-75.2061, , 
23039,279505,2015052288,6,67,67301,2015,4,5,1200,12,1,1,0,5,1, , ,N,0,0,0,3,0,0,3,3,N,Y,39 59:47.882,75 07:17.534,1412, ,1400, ,0, ,N, ,0, , , , , , , , , ,3,2,0,0,0,0,0,1,0,0,0,0,0,0,0,0,0,0,0,0,0,0,0,3,0,0,0,0,0,0,0,0,0,0,0,0,0,39.9966,-75.1215, , 
23040,279539,2015040940,6,67,67301,2015,3,3,635,6,1,1,0,4,1, , ,N,1,2,0,3,0,1,2,2,N,N,40 02:40.087,75 07:09.991,9999, ,637, ,0, , , ,3, , , , , , , , , ,2,1,0,0,0,0,0,1,0,0,0,0,1,1,0,0,0,0,0,0,0,1,0,0,0,0,0,0,0,0,0,0,0,0,0,8,0,40.0445,-75.1194, , 
23041,279589,2015047567,6,67,67301,2015,4,6,9999,99,3,9,0,4,1, , ,N,1,2,0,3,0,5,5,2,N,N,39 58:04.346,75 12:40.460,9999, ,2005, ,0, , , ,3, , , , , , , , , ,2,1,0,0,0,0,1,0,0,0,0,0,5,5,0,0,0,0,0,0,1,0,0,0,0,0,0,0,0,0,0,0,0,0,0,8,0,39.9679,-75.2112, , 
23042,279643,2015049079,6,67,67301,2015,4,3,1600,16,1,1,0,5,1, , ,N,0,0,0,3,0,1,2,2,N,N,39 56:52.655,75 08:39.043,1613, ,1609, ,0, , , ,0, , , , , , , , , ,1,1,0,0,0,0,0,0,1,0,0,1,1,0,0,0,0,0,0,0,0,0,0,0,0,0,0,0,0,0,0,0,0,0,0,4,0,39.948,-75.1442, , 
23043,279663,2015012816,6,67,67301,2015,1,4,849,8,1,1,0,1,1, , ,N,0,0,0,3,0,2,3,3,N,N,39 57:28.476,75 09:46.258,902, ,849,2,1,3,N, ,0,Y, , , , , , , , ,3,3,0,0,0,0,0,0,0,0,0,2,2,0,0,0,0,0,0,0,0,0,0,0,0,0,0,0,0,0,0,0,0,0,0,4,0,39.9579,-75.1628, , 
23044,279667,2015020733,6,67,67301,2015,1,6,1510,15,1,1,0,5,1, , ,N,0,0,0,3,0,1,2,2,N,N,39 59:13.851,75 10:10.070,1531, ,1527, ,0, ,N, ,0, , , , , , , , , ,2,0,0,1,0,0,0,1,0,0,0,0,1,1,0,0,0,0,0,0,1,0,0,0,0,0,0,0,0,0,0,0,0,0,0,8,1,39.9872,-75.1695, , 
23045,276330,2015010689,6,67,67301,2015,1,6,1200,12,1,1,0,1,1, , ,N,1,2,0,3,0,1,4,4,N,N,39 59:00.370,75 07:08.921,1207, ,1204,1,1,6,N, ,3,N, , , , , , , , ,4,3,0,0,1,0,0,0,0,0,0,1,1,0,1,0,0,0,0,0,0,1,0,0,0,0,0,0,0,0,0,0,0,0,0,4,0,39.9834,-75.1191, , 
23046,276333,2015012142,6,67,67301,2015,1,2,1402,14,1,1,0,7,4, , ,N,0,0,0,3,0,1,1,2,N,N,39 56:26.470,75 08:36.712,1449, ,1430,1,1,2,N, ,0,N, , , , , , , , ,1,1,0,0,0,0,0,0,0,0,0,1,1,0,0,0,0,0,0,0,0,0,0,0,0,0,0,0,0,0,0,0,0,0,0,4,0,39.9407,-75.1435, , 
23047,276334,2015012386,6,67,67301,2015,1,6,1827,18,3,1,0,4,1, , ,N,2,2,0,3,0,3,3,2,N,N,40 05:10.083,75 01:26.271,1835, ,1827,1,1,2,N, ,3,Y, , , , , , , , ,2,1,0,0,0,0,0,1,0,0,3,0,3,0,0,0,0,0,0,0,1,0,0,0,0,0,0,0,0,0,0,0,0,0,0,3,0,40.0861,-75.024, , 
23048,276336,2015012708,6,67,67301,2015,1,2,1100,11,1,6,1,4,1, , ,N,1,3,0,3,0,0,2,2,N,N,39 55:05.264,75 09:38.912,1115, ,1110, ,0, ,N, ,3, , , , , , , , , ,2,1,0,0,0,0,0,1,0,0,0,0,0,0,0,0,0,0,0,0,0,1,0,0,0,0,0,0,0,0,0,0,0,0,0,0,0,39.9181,-75.1608, , 
23049,276356,2015035123,6,67,67301,2015,2,6,1845,18,3,1,0,4,1, , ,N,3,2,2,3,0,0,2,2,N,N,39 52:54.036,75 15:12.278,1945, ,1938,2,1,3, , ,3,N, , , , , , , , ,2,0,0,0,0,0,1,1,0,0,0,0,0,0,0,0,0,0,0,0,1,0,0,0,0,0,0,0,0,0,0,0,0,0,0,0,0,39.8814,-75.2535, , 
23050,276358,2015036552,6,67,67301,2015,3,6,900,9,1,1,0,5,1, , ,N,0,0,0,3,0,0,2,2,N, ,39 57:48.012,75 08:47.999,905, ,900, ,0, , , ,0, , , , , , , , , ,2,1,0,0,0,0,0,1,0,0,0,0,0,0,0,0,0,0,0,0,1,0,0,0,0,0,0,0,0,0,0,0,0,0,0,0,0,39.9633,-75.1467, , 
23051,276369,2015051533,6,67,67301,2015,4,3,2018,20,3,1,0,4,1, , ,N,1,3,0,3,0,3,5,2,N,N,39 57:49.636,75 11:59.103,2021, ,2021, ,0, , , ,3, , , , , , , , , ,2,1,0,0,0,0,1,0,0,0,0,1,3,2,0,0,0,0,0,0,0,0,0,5,0,0,0,0,0,0,0,0,0,0,0,4,0,39.9638,-75.1998, , 
23052,276390,2015028780,6,67,67301,2015,2,1,610,6,5,7,4,5,6, , ,N,0,0,0,3,0,0,1,2,N,N,40 01:47.287,75 07:41.905,622, ,614, ,0, ,N, ,0, , , , , , , , , ,2,2,0,0,0,0,0,0,0,0,0,0,0,0,0,0,0,0,0,0,0,0,0,0,0,0,0,0,0,0,0,0,0,0,0,0,0,40.0298,-75.1283, , 
23053,276394,2015033151,6,67,67301,2015,3,5,1850,18,4,1,0,7,5,1,4,Y,7,0,2,3,0,0,1,1,N,N,39 58:09.893,75 07:33.422,1906,05,1855, ,0, ,Y, ,0, ,N,N,N,N,N,Y,N,Y,1,1,0,0,0,0,0,0,0,0,0,0,0,0,0,0,0,0,0,0,0,0,0,1,0,0,0,0,0,0,0,0,0,0,0,0,0,39.9684,-75.1274, , 
23054,276402,2015038390,6,67,67301,2015,3,6,820,8,1,2,1,4,1, , ,N,0,0,0,3,0,0,4,3,N,N,39 55:42.865,75 11:47.283,832, ,820,2,2,4,N, ,0,N, , , , , , , , ,3,2,0,0,0,0,1,0,0,0,0,0,0,0,0,0,0,0,0,0,2,0,0,0,0,0,0,0,0,0,0,0,0,0,0,0,0,39.9286,-75.1965, , 
23055,276408,2015042896,6,67,67301,2015,3,3,1830,18,4,2,1,8,1, , ,N,0,0,0,3,0,1,2,2,N,N,40 01:35.634,75 07:50.930,1850, ,1845, ,0, ,N, ,0, , , , , , , , , ,1,1,0,0,0,0,0,0,0,0,0,1,1,0,0,0,0,0,0,0,0,0,0,0,0,0,0,0,0,0,0,0,1,0,0,4,0,40.0266,-75.1308, , 
23056,276457,2015033736,6,67,67301,2015,3,7,1156,11,1,1,4,1,1, , ,N,1,2,0,3,0,1,3,2,N, ,40 01:59.118,75 10:52.400,1209, ,1204, ,0, , , ,3, , , , , , , , , ,2,1,0,0,0,0,1,0,0,0,0,1,1,0,0,0,0,0,0,0,0,0,0,0,0,0,0,0,0,0,0,0,0,0,0,4,0,40.0331,-75.1812, , 
23057,276496,2015038667,6,67,67301,2015,3,7,1630,16,3,1,0,4,1, , ,N,1,2,0,3,0,3,4,2,N, ,40 01:01.667,75 09:04.024,1635, ,1632, ,0, , , ,3, , , , , , , , , ,2,1,0,0,0,0,1,0,0,2,1,0,3,0,1,0,0,0,0,0,1,0,0,0,0,0,0,0,0,0,0,0,0,0,0,2,0,40.0171,-75.1512, , 
23058,276501,2015042801,6,67,67301,2015,3,4,1559,15,1,1,0,1,1, , ,N,2,2,0,3,0,1,3,3,N, ,40 00:00.415,75 13:43.355,1634, ,1559, ,0, , , ,3, , , , , , , , , ,3,1,0,0,0,0,1,0,0,0,0,0,1,1,0,0,0,0,0,0,1,0,0,0,0,0,0,0,0,0,0,0,0,0,0,8,0,40.0001,-75.2287, , 
23059,276508,2015052408,6,67,67301,2015,5,4,708,7,1,1,0,1,1, , ,N,0,0,0,3,0,1,2,2,N,N,39 58:36.181,75 06:49.299,708, ,708, ,0, ,N, ,0, , , , , , , , , ,2,2,0,0,0,0,0,0,0,0,0,0,1,1,0,0,0,0,0,0,0,0,1,0,0,0,0,0,0,0,0,0,0,0,0,8,0,39.9767,-75.1137, , 
23060,276509,2015056425,6,67,67301,2015,5,2,1201,12,1,1,0,5,6, , ,N,0,0,0,3,0,0,1,2,N,N,40 03:24.000,75 00:40.803,1225, ,1217,1,1,3,N, ,0,N, , , , , , , , ,2,1,0,0,1,0,0,0,0,0,0,0,0,0,0,0,0,0,0,0,0,0,0,0,0,0,0,0,0,0,0,0,0,0,0,0,0,40.0567,-75.0113, , 
23061,276535,2015033751,6,67,67301,2015,3,1,1110,11,1,4,1,8,1, , ,N,0,0,0,3,0,1,2,2,N, ,40 01:30.772,75 09:03.729,1125, ,1120, ,0, , , ,0, , , , , , , , , ,1,1,0,0,0,0,0,0,0,0,0,1,1,0,0,0,0,0,0,0,0,0,0,0,0,0,0,0,0,0,0,0,1,0,0,4,0,40.0252,-75.151, , 
23062,276549,2015049086,6,67,67301,2015,4,4,1040,10,1,1,0,4,1, , ,N,1,3,0,3,0,1,2,2,N, ,40 04:25.309,75 12:00.169,1055, ,1046, ,0, , , ,3, , , , , , , , , ,2,1,0,0,0,0,1,0,0,0,0,1,1,0,0,0,0,0,0,1,0,0,0,1,0,0,0,0,0,0,0,0,0,0,0,4,0,40.0737,-75.2, , 
23063,268740,2015047632,6,67,67301,2015,2,7,803,8,3,1,0,7,2, , ,N,0,0,0,3,0,1,2,2,N,N,40 01:03.094,75 10:21.499,810, ,803, ,0, ,N, ,0, , , , , , , , , ,2,1,0,0,0,0,1,0,0,0,0,0,1,1,0,0,0,0,0,0,0,0,0,0,0,0,0,0,0,0,0,0,0,0,0,8,0,40.0175,-75.1726, , 