objectid_1,objectid,crn,district,county,municipality,crash_year,crash_month,day_of_week,time_of_day,hour_of_day,illumination,weather,road_condition,collision_type,relation_to_road,work_zone_type,work_zone_loc,work_zone_ind,intersect_type,tcd_type,location_type,urban_rural,fatal_count,injury_count,person_count,total_units,sch_bus_ind,sch_zone_ind,latitude,longitude,arrival_tm,cons_zone_spd_lim,dispatch_tm,est_hrs_closed,lane_closed,ln_close_dir,ntfy_hiwy_maint,spec_juris_cd,tcd_func_cd,tfc_detour_ind,workers_pres,wz_close_detour,wz_flagger,wz_law_offcr_ind,wz_ln_closure,wz_moving,wz_other,wz_shlder_mdn,vehicle_count,automobile_count,motorcycle_count,bus_count,small_truck_count,heavy_truck_count,suv_count,van_count,bicycle_count,maj_inj_count,mod_inj_count,min_inj_count,tot_inj_count,unk_inj_deg_count,unk_inj_per_count,driver_count_16yr,driver_count_17yr,driver_count_18yr,driver_count_19yr,driver_count_20yr,driver_count_50_64yr,driver_count_65_74yr,driver_count_75plus,unbelted_occ_count,unb_death_count,unb_maj_inj_count,belted_death_count,belted_maj_inj_count,mcycle_death_count,mcycle_maj_inj_count,bicycle_death_count,bicycle_maj_inj_count,ped_count,ped_death_count,ped_maj_inj_count,max_severity_level,comm_veh_count,dec_lat,dec_long,rdwy_surf_type_cd,county_name
23131,276716,2015018997,6,67,67301,2015,1,6,100,1,3,1,0,5,6, , ,N,0,0,0,3,0,1,1,2,N,N,39 58:10.693,75 13:24.661,115, ,110, ,0, ,N, ,0, , , , , , , , , ,2,1,0,0,0,0,1,0,0,0,0,1,1,0,0,0,0,0,0,0,0,0,0,0,0,0,0,0,0,0,0,0,0,0,0,4,0,39.9696,-75.2235, , 
23132,276719,2015022402,6,67,67301,2015,2,6,1240,12,1,1,0,1,1, , ,N,5,2,0,3,0,1,2,2,N,N,40 02:01.294,75 03:49.581,1250, ,1244, ,0, ,N, ,3, , , , , , , , , ,2,2,0,0,0,0,0,0,0,0,0,0,1,1,0,0,0,0,0,0,0,0,0,0,0,0,0,0,0,0,0,0,0,0,0,8,0,40.0336,-75.0636, , 
23133,276720,2015025159,6,67,67301,2015,2,2,1841,18,3,1,0,7,4, , ,N,0,0,0,3,0,2,2,1,N,N,39 56:12.120,75 11:49.566,1842, ,1841, ,0, ,N, ,0, , , , , , , , , ,1,1,0,0,0,0,0,0,0,1,0,0,2,1,0,0,0,0,0,0,0,0,0,0,0,0,0,0,0,0,0,0,0,0,0,2,0,39.9367,-75.1971, , 
23134,276735,2015040563,6,67,67301,2015,1,7,1135,11,1,2,1,8,1, , ,N,0,0,0,3,0,1,2,2,N,N,39 57:32.824,75 13:30.167,1146, ,1137, ,0, ,N, ,0, , , , , , , , , ,1,0,0,0,0,0,1,0,0,0,0,0,1,1,0,0,0,0,0,0,0,0,0,0,0,0,0,0,0,0,0,0,1,0,0,8,0,39.9591,-75.225, , 
23135,276736,2015040863,6,67,67301,2015,3,3,1122,11,1,1,0,3,1, , ,N,1,3,0,3,0,1,5,2,N, ,40 00:20.487,75 09:36.611,1126, ,1124, ,0, , , ,3, , , , , , , , , ,2,1,0,0,0,1,0,0,0,0,0,1,1,0,0,0,0,0,0,0,1,0,0,5,0,0,0,0,0,0,0,0,0,0,0,4,1,40.0057,-75.1602, , 
23136,276752,2015074572,6,67,67301,2015,6,5,1725,17,1,1,0,4,1, , ,N,0,0,0,3,0,1,2,2,N, ,39 57:11.604,75 08:42.002,1734, ,1730, ,0, , , ,0, , , , , , , , , ,1,1,0,0,0,0,0,0,1,0,0,0,1,1,0,0,0,0,0,0,0,0,0,1,0,0,0,0,0,0,0,0,0,0,0,8,0,39.9532,-75.145, , 
23137,269002,2015022408,6,67,67301,2015,2,7,1430,14,1,1,0,1,1, , ,N,0,0,7,3,0,0,6,3,N,N,40 05:18.469,75 02:04.161,1433, ,1431,1,1,1,N, ,0,Y, , , , , , , , ,3,3,0,0,0,0,0,0,0,0,0,0,0,0,1,0,0,0,1,0,0,1,0,0,0,0,0,0,0,0,0,0,0,0,0,9,0,40.0885,-75.0345, , 
23138,269025,2015044660,6,46,46102,2015,4,4,1309,13,1,1,0,1,1, , ,N,1,7,0,3,0,2,5,3,N,N,40 03:01.144,75 07:01.549,1311, ,1309,1,1,4,N, ,3,N, , , , , , , , ,3,1,0,0,0,0,2,0,0,0,0,0,2,2,1,0,0,0,0,0,1,0,0,0,0,0,0,0,0,0,0,0,0,0,0,8,0,40.0503,-75.1171, , 
23139,269026,2015045567,6,67,67301,2015,4,5,1029,10,1,1,0,1,1, , ,N,6,4,0,3,0,0,3,2,N,N,39 56:57.647,75 11:03.883,1041, ,1032,1,1,4,N, ,2,N, , , , , , , , ,2,0,0,0,0,0,1,1,0,0,0,0,0,0,1,0,0,0,0,0,1,0,0,0,0,0,0,0,0,0,0,0,0,0,0,9,0,39.9487,-75.1855, , 
23140,269036,2015056638,6,67,67301,2015,5,2,1216,12,1,1,0,1,1, , ,N,0,0,0,3,0,5,8,5,N,N,39 58:45.133,75 12:13.833,1222, ,1218,2,1,3,N, ,0,N, , , , , , , , ,5,4,0,0,0,0,0,1,0,0,1,3,5,1,0,0,0,0,0,0,0,1,0,0,0,0,0,0,0,0,0,0,0,0,0,3,0,39.9792,-75.2038, , 
23141,269066,2015033140,6,67,67301,2015,3,7,950,9,1,1,0,5,1, , ,N,0,0,0,3,0,1,4,2,N,N,39 58:41.765,75 12:08.663,1000, ,951, ,0, ,N, ,0, , , , , , , , , ,2,1,0,0,0,0,0,0,0,0,0,1,1,0,1,0,0,0,0,0,0,0,0,0,0,0,0,0,0,0,0,0,0,0,0,4,0,39.9783,-75.2024, , 
23142,269070,2015036711,6,67,67301,2015,3,2,1556,15,1,1,0,4,1, , ,N,1,2,0,3,0,1,4,3,N, ,39 57:54.252,75 13:39.784,1619, ,1614, ,0, ,N, ,3, , , , , , , , , ,3,1,0,0,0,0,2,0,0,0,0,0,1,1,1,0,0,0,0,0,2,0,1,0,0,0,0,0,0,0,0,0,0,0,0,8,0,39.9651,-75.2277, , 
23143,269099,2015024990,6,67,67301,2015,2,3,935,9,1,4,3,1,1, , ,N,1,2,0,3,0,1,2,2,N, ,39 57:06.693,75 10:18.893,945, ,935, ,0, , , ,3, , , , , , , , , ,2,1,0,0,0,0,1,0,0,0,0,1,1,0,0,0,0,0,0,0,0,0,0,0,0,0,0,0,0,0,0,0,0,0,0,4,0,39.9518,-75.1718, , 
23144,269119,2015036568,6,67,67301,2015,3,1,1927,19,3,1,0,8,1, , ,N,1,2,0,3,0,1,2,2,N, ,39 56:59.449,75 09:43.045,1940, ,1927, ,0, , , ,3, , , , , , , , , ,1,1,0,0,0,0,0,0,0,0,0,1,1,0,0,0,0,0,0,0,0,0,0,0,0,0,0,0,0,0,0,0,1,0,0,4,0,39.9498,-75.162, , 
23145,269130,2015049091,6,67,67301,2015,4,5,837,8,1,1,0,1,1, , ,N,0,0,0,3,0,1,2,2,N,N,39 55:11.627,75 13:50.246,910, ,859,1,1,3,N, ,0,N, , , , , , , , ,2,1,0,0,0,0,0,1,0,0,0,1,1,0,0,0,0,0,0,0,0,1,0,0,0,0,0,0,0,0,0,0,0,0,0,4,0,39.9199,-75.2306, , 
23146,269144,2015014111,6,67,67301,2015,1,6,2316,23,3,1,0,7,5, , ,N,6,0,2,3,0,0,1,1,N,N,39 59:50.669,75 04:55.143,2331, ,2319, ,0, ,N, ,0, , , , , , , , , ,1,1,0,0,0,0,0,0,0,0,0,0,0,0,0,0,0,0,0,0,0,0,0,1,0,0,0,0,0,0,0,0,0,0,0,0,0,39.9974,-75.082, , 
23147,269145,2015015629,6,67,67301,2015,1,4,1156,11,1,1,0,7,4, , ,N,0,0,0,3,0,1,1,1,N, ,39 59:27.103,75 07:25.685,1214, ,1211, ,0, ,N, ,0, , , , , , , , , ,1,0,0,0,1,0,0,0,0,0,0,0,1,1,0,0,0,0,0,0,0,0,0,1,0,0,0,0,0,0,0,0,0,0,0,8,0,39.9909,-75.1238, , 
23148,269165,2015033738,6,67,67301,2015,2,7,208,2,3,1,0,7,3, , ,N,0,0,0,3,0,0,2,1,N, ,39 58:30.056,75 11:48.156,209, ,209,9,1,4, , ,0,N, , , , , , , , ,1,0,0,0,0,0,0,1,0,0,0,0,0,0,0,0,0,0,0,0,0,0,0,0,0,0,0,0,0,0,0,0,0,0,0,0,0,39.975,-75.1967, , 
23149,269169,2015036679,6,67,67301,2015,3,7,130,1,3,2,1,8,1, , ,N,0,0,0,3,0,1,2,2,N, ,39 55:30.201,75 09:15.940,205, ,200, ,0, , , ,0, , , , , , , , , ,1,1,0,0,0,0,0,0,0,0,0,1,1,0,0,0,0,0,0,0,0,0,0,0,0,0,0,0,0,0,0,0,1,0,0,4,0,39.9251,-75.1544, , 
23150,269190,2015012399,6,67,67301,2015,1,2,1025,10,1,1,1,4,1, , ,N,1,3,1,3,0,1,2,2,N, ,39 58:14.108,75 09:03.120,1031, ,1028,2,1,2, , ,3,N, , , , , , , , ,2,1,0,0,0,0,0,1,0,0,0,1,1,0,0,0,0,1,0,0,0,0,0,0,0,0,0,0,0,0,0,0,0,0,0,4,0,39.9705,-75.151, , 
23151,269200,2015021953,6,67,67301,2015,2,5,9999,99,3,1,0,7,2, , ,N,0,0,0,3,0,3,3,1,N,N,40 01:48.919,75 05:16.290,2058, ,2046,2,2,2,N, ,0,Y, , , , , , , , ,1,1,0,0,0,0,0,0,0,0,0,3,3,0,0,0,0,0,0,1,0,0,0,0,0,0,0,0,0,0,0,0,0,0,0,4,0,40.0303,-75.0879, , 
23152,269203,2015025118,6,67,67301,2015,2,1,1430,14,1,1,6,4,1, , ,N,1,2,0,3,0,0,2,2,N,N,39 55:47.265,75 09:47.181,1521, ,1520, ,0, ,N, ,3, , , , , , , , , ,2,2,0,0,0,0,0,0,0,0,0,0,0,0,0,0,0,0,0,0,0,0,0,0,0,0,0,0,0,0,0,0,0,0,0,0,0,39.9298,-75.1631, , 
23153,269262,2015035174,6,67,67301,2015,3,7,2133,21,3,1,0,4,1, , ,N,3,2,0,3,0,2,2,2,N,N,39 58:21.476,75 13:03.992,2146, ,2142, ,0, ,N, ,3, , , , , , , , , ,2,0,0,0,0,0,2,0,0,0,2,0,2,0,0,0,0,0,0,0,0,0,0,0,0,0,0,0,0,0,0,0,0,0,0,3,0,39.9726,-75.2178, , 
23154,269273,2015042733,6,67,67301,2015,3,1,800,8,3,1,0,8,1, , ,N,1,2,0,3,0,1,2,2,N,N,40 02:25.414,75 07:27.069,1637, ,1311, ,0, ,N, ,3, , , , , , , , , ,1,0,0,0,0,0,0,0,0,1,0,0,1,0,1,0,0,0,0,0,0,0,0,0,0,0,0,0,0,0,0,0,1,0,1,2,0,40.0404,-75.1242, , 
23155,272654,2015045570,6,67,67301,2015,4,6,743,7,5,1,1,1,1, , ,N,0,0,0,3,0,0,2,2,N,N,40 02:24.723,75 00:20.966,757, ,743, ,0, ,N, ,0, , , , , , , , , ,2,1,0,0,0,0,1,0,0,0,0,0,0,0,1,0,0,0,0,0,0,0,0,0,0,0,0,0,0,0,0,0,0,0,0,9,0,40.0402,-75.0058, , 
23156,272656,2015047551,6,67,67301,2015,4,7,1129,11,1,2,0,7,4, , ,N,0,0,0,3,0,0,2,1,N,N,39 59:08.203,75 10:15.060,1130, ,1120, ,0, , , ,0, , , , , , , , , ,1,1,0,0,0,0,0,0,0,0,0,0,0,0,0,0,0,0,0,0,0,0,0,0,0,0,0,0,0,0,0,0,0,0,0,0,0,39.9856,-75.1709, , 
23157,272662,2015001673,6,67,67301,2015,1,1,223,2,3,2,1,1,1, , ,N,0,0,0,3,0,4,4,2,N,N,39 58:49.413,75 12:20.437,228, ,227,1,2,3,N, ,0,N, , , , , , , , ,2,1,0,0,0,0,1,0,0,0,0,4,4,0,0,0,0,1,0,0,0,0,0,0,0,0,0,0,0,0,0,0,0,0,0,4,0,39.9804,-75.2057, , 
23158,272678,2015020700,6,67,67301,2015,1,4,958,9,1,1,0,8,1, , ,N,2,2,0,3,0,1,2,2,N,N,39 57:40.266,75 14:49.451,1009, ,1000, ,0, , , ,3, , , , , , , , , ,1,0,0,0,0,0,1,0,0,0,0,0,1,1,0,0,0,0,0,0,0,0,0,0,0,0,0,0,0,0,0,0,1,0,0,8,0,39.9612,-75.2471, , 
23159,272694,2015040854,6,67,67301,2015,3,4,1855,18,2,2,1,4,1, , ,N,1,1,0,3,0,1,3,2,N,N,39 59:55.564,75 07:52.533,1900, ,1855, ,0, ,N, ,3, , , , , , , , , ,2,2,0,0,0,0,0,0,0,0,0,0,1,1,0,0,0,0,0,0,0,0,0,0,0,0,0,0,0,0,0,0,0,0,0,8,0,39.9988,-75.1313, , 
23160,272704,2015051537,6,67,67301,2015,5,1,1555,15,1,1,0,1,1, , ,N,1,2,0,3,0,1,3,2,N, ,39 59:23.971,75 13:09.663,1624, ,1622, ,0, , , ,3, , , , , , , , , ,2,1,0,0,0,0,0,1,0,0,0,1,1,0,0,0,0,0,0,0,2,0,0,0,0,0,0,0,0,0,0,0,0,0,0,4,0,39.99,-75.2194, , 
23161,272722,2015009607,6,67,67301,2015,1,3,730,7,1,4,3,8,1, , ,N,5,2,0,3,0,1,2,2,N,N,39 58:50.031,75 10:20.683,739, ,738, ,0, ,N, ,2, , , , , , , , , ,1,0,0,0,0,0,1,0,0,0,0,1,1,0,0,0,0,0,0,0,0,0,0,0,0,0,0,0,0,0,0,0,1,0,0,4,0,39.9806,-75.1724, , 
23162,272726,2015015552,6,67,67301,2015,1,6,1952,19,3,1,0,8,1, , ,N,0,0,0,3,0,1,2,2,N, ,39 56:32.240,75 13:15.211,2004, ,2000, ,0, , , ,0, , , , , , , , , ,1,0,0,0,0,0,1,0,0,0,0,1,1,0,0,0,0,0,0,0,1,0,0,0,0,0,0,0,0,0,0,0,1,0,0,4,0,39.9423,-75.2209, , 
23163,272731,2015021898,6,67,67301,2015,2,7,1335,13,1,1,0,1,1, , ,N,0,0,0,3,0,1,2,2,N, ,39 55:03.143,75 12:46.502,1525, ,1520, ,0, , , ,0, , , , , , , , , ,2,0,0,0,1,0,1,0,0,0,0,0,1,1,0,0,0,0,0,0,0,0,0,0,0,0,0,0,0,0,0,0,0,0,0,8,0,39.9175,-75.2129, , 
23164,272732,2015021972,6,67,67301,2015,2,7,1415,14,1,1,0,4,1, , ,N,1,2,0,3,0,1,2,2,N,N,40 02:13.851,75 07:25.305,1440, ,230, ,0, ,N, ,3, , , , , , , , , ,2,2,0,0,0,0,0,0,0,0,0,1,1,0,0,0,0,0,0,0,0,0,0,0,0,0,0,0,0,0,0,0,0,0,0,4,0,40.0372,-75.1237, , 
23165,272753,2015042711,6,67,67301,2015,4,5,9999,99,3,1,0,1,6, , ,N,0,0,0,3,0,0,1,2,N, ,40 03:30.434,75 09:02.707,615, ,603, ,0, , , ,0, , , , , , , , , ,2,1,0,0,1,0,0,0,0,0,0,0,0,0,0,0,0,0,0,0,0,0,0,0,0,0,0,0,0,0,0,0,0,0,0,0,0,40.0585,-75.1508, , 
23166,272760,2015008696,6,67,67301,2015,1,1,954,9,1,8,5,1,1, , ,N,0,0,2,3,0,0,3,3,N,N,40 02:51.306,74 59:57.109,1029, ,1011,1,1,1,N, ,0,N, , , , , , , , ,3,1,0,0,0,0,2,0,0,0,0,0,0,0,0,0,0,1,0,0,0,0,0,0,0,0,0,0,0,0,0,0,0,0,0,0,0,40.0476,-74.9992, , 
23167,272786,2015042783,6,67,67301,2015,3,3,2249,22,3,1,0,7,4, , ,N,0,0,0,3,0,2,2,1,N,N,40 03:13.576,75 04:14.306,18, ,16,9,1,6,N, ,0,N, , , , , , , , ,1,1,0,0,0,0,0,0,0,1,1,0,2,0,0,0,1,0,0,0,0,0,0,0,0,0,0,1,0,0,0,0,0,0,0,2,0,40.0538,-75.0706, , 
23168,272804,2015063990,6,67,67301,2015,6,2,825,8,1,2,1,4,1, , ,N,0,0,7,3,0,0,2,2,N,N,39 53:09.198,75 13:54.636,847, ,835, ,0, ,N, ,0, , , , , , , , , ,2,2,0,0,0,0,0,0,0,0,0,0,0,0,0,0,0,0,0,0,0,0,0,0,0,0,0,0,0,0,0,0,0,0,0,0,0,39.8859,-75.2318, , 
23169,272815,2015012416,6,67,67301,2015,1,4,1855,18,3,1,0,8,1, , ,N,1,2,0,3,0,1,2,2,N,N,39 55:49.693,75 10:06.289,1905, ,1858, ,0, ,N, ,3, , , , , , , , , ,1,0,0,0,0,0,1,0,0,0,0,1,1,0,0,0,0,0,0,0,1,0,0,0,0,0,0,0,0,0,0,0,1,0,0,4,0,39.9305,-75.1683, , 
23170,272834,2015028787,6,67,67301,2015,2,5,1828,18,3,1,0,4,1, , ,N,1,2,0,3,0,0,3,2,N, ,39 55:21.975,75 14:18.329,1838, ,1834, ,0, , , ,3, , , , , , , , , ,2,1,0,0,1,0,0,0,0,0,0,0,0,0,0,0,0,0,0,0,1,0,0,0,0,0,0,0,0,0,0,0,0,0,0,0,0,39.9228,-75.2384, , 
23171,272842,2015040909,6,67,67301,2015,3,1,540,5,3,1,0,2,1, , ,N,0,0,0,3,0,1,2,2,N, ,39 57:47.909,75 08:08.041,635, ,632,2,1,1, , ,0,N, , , , , , , , ,2,2,0,0,0,0,0,0,0,0,1,0,1,0,0,0,0,0,0,0,0,1,0,0,0,0,0,0,0,0,0,0,0,0,0,3,0,39.9633,-75.1356, , 
23172,272866,2015018983,6,67,67301,2015,1,6,1530,15,1,1,0,4,1, , ,N,1,2,0,3,0,0,2,2,N,N,39 56:37.392,75 09:01.267,1536, ,1534, ,0, ,N, ,3, , , , , , , , , ,2,1,0,0,0,0,1,0,0,0,0,0,0,0,0,0,0,0,0,0,0,1,0,0,0,0,0,0,0,0,0,0,0,0,0,0,0,39.9437,-75.1504, , 
23173,272884,2015045351,6,67,67301,2015,4,4,1840,18,2,2,1,8,1, , ,N,1,2,0,3,0,1,2,2,N,N,39 56:30.552,75 09:02.721,1851, ,1849, ,0, ,N, ,3, , , , , , , , , ,1,1,0,0,0,0,0,0,0,0,0,1,1,0,0,0,0,0,0,0,1,0,0,1,0,0,0,0,0,0,0,0,1,0,0,4,0,39.9418,-75.1508, , 
23174,279967,2015033757,6,67,67301,2015,3,2,1730,17,3,3,1,4,1, , ,N,1,2,0,3,0,1,2,2,N,N,39 58:52.935,75 08:33.241,1750, ,1743, ,0, ,N, ,3, , , , , , , , , ,2,1,0,0,0,0,1,0,0,0,0,1,1,0,0,0,0,0,0,0,0,1,0,0,0,0,0,0,0,0,0,0,0,0,0,4,0,39.9814,-75.1426, , 
23175,279988,2015066318,6,67,67301,2015,6,6,1630,16,1,1,0,4,1, , ,N,1,3,0,3,0,1,2,2,N, ,40 00:03.081,75 07:21.262,1630, ,1630, ,0, , , ,3, , , , , , , , , ,1,1,0,0,0,0,0,0,1,0,0,1,1,0,0,0,0,0,0,0,0,0,0,1,0,0,0,0,0,0,0,0,0,0,0,4,0,40.0009,-75.1226, , 
23176,280053,2015020803,6,67,67301,2015,2,1,330,3,3,1,0,1,1, , ,N,1,2,0,3,0,1,2,2,N,N,40 06:51.342,74 59:16.507,340, ,335,2,1,2,N, ,3,N, , , , , , , , ,2,2,0,0,0,0,0,0,0,0,0,0,1,1,0,0,0,1,0,0,0,0,0,0,0,0,0,0,0,0,0,0,0,0,0,8,0,40.1143,-74.9879, , 
23177,280065,2015036693,6,67,67301,2015,3,3,1618,16,1,2,1,1,1, , ,N,1,2,0,3,0,1,2,2,N,N,40 02:46.546,75 05:34.893,1720, ,1711, ,0, ,N, ,3, , , , , , , , , ,2,1,0,0,0,0,1,0,0,0,0,1,1,0,0,0,0,0,0,0,1,0,0,0,0,0,0,0,0,0,0,0,0,0,0,4,0,40.0463,-75.093, , 
23178,280067,2015038645,6,67,67301,2015,3,7,1821,18,4,2,1,4,1, , ,N,0,0,7,3,0,0,2,2,N,N,39 56:20.846,75 11:54.236,1832, ,1827, ,0, ,N, ,0, , , , , , , , , ,2,1,0,0,0,0,1,0,0,0,0,0,0,0,0,0,0,0,0,0,0,0,0,0,0,0,0,0,0,0,0,0,0,0,0,0,0,39.9391,-75.1984, , 
23179,280131,2015049050,6,67,67301,2015,4,6,1835,18,1,1,0,8,1, , ,N,0,0,0,3,0,3,3,2,N,N,40 02:19.744,75 03:57.434,1847, ,1843, ,0, ,N, ,0, , , , , , , , , ,1,0,1,0,0,0,0,0,0,0,2,1,3,0,0,0,0,0,0,0,0,0,0,0,0,0,0,0,0,0,0,0,1,0,0,3,0,40.0388,-75.066, , 
23180,280140,2015009620,6,67,67301,2015,1,4,735,7,1,1,5,1,1, , ,N,2,2,0,3,0,1,3,3,N,N,40 02:58.809,74 59:17.431,750, ,742,2,1,1,N, ,3,N, , , , , , , , ,3,1,0,1,0,0,1,0,0,0,0,1,1,0,0,0,0,0,0,0,1,0,0,0,0,0,0,0,0,0,0,0,0,0,0,4,1,40.0497,-74.9882, , 
23181,280151,2015024141,6,46,46102,2015,2,6,1750,17,1,1,0,4,1, , ,N,3,2,7,3,0,2,3,3,N,N,40 04:22.157,75 09:21.257,1826, ,1824,2,1,3,N, ,3,Y, , , , , , , , ,3,2,0,0,0,0,1,0,0,0,0,2,2,0,0,0,0,0,0,0,1,2,0,0,0,0,0,0,0,0,0,0,0,0,0,4,0,40.0727,-75.1558, , 
23182,280163,2015038637,6,67,67301,2015,3,4,1044,10,1,1,0,4,1, , ,N,1,2,0,3,0,0,2,2,N,N,40 03:08.049,75 10:32.957,1051, ,1051, ,0, ,N, ,3, , , , , , , , , ,2,1,0,0,0,0,1,0,0,0,0,0,0,0,1,0,0,0,0,0,1,1,0,0,0,0,0,0,0,0,0,0,0,0,0,9,0,40.0522,-75.1758, , 
23183,280164,2015038646,6,67,67301,2015,3,7,9999,99,3,2,1,4,1, , ,N,1,3,0,3,0,0,2,2,N, ,39 56:32.020,75 10:39.356,2030, ,2024, ,0, , , ,3, , , , , , , , , ,2,2,0,0,0,0,0,0,0,0,0,0,0,0,0,0,0,0,0,0,1,0,0,2,0,0,0,0,0,0,0,0,0,0,0,0,0,39.9422,-75.1776, , 
23184,280166,2015040961,6,67,67301,2015,3,3,1443,14,1,1,0,8,1, , ,N,0,0,0,3,0,1,2,2,N,Y,40 02:06.301,75 01:30.174,1534, ,1533, ,0, ,N, ,0, , , , , , , , , ,1,0,0,0,0,0,1,0,0,0,0,0,1,1,0,0,0,0,0,0,0,0,0,0,0,0,0,0,0,0,0,0,1,0,0,8,0,40.0351,-75.025, , 
23185,280180,2015056509,6,67,67301,2015,5,1,211,2,3,1,0,5,6, , ,N,0,0,0,3,0,0,1,2,N,N,40 01:00.551,75 03:59.358,244, ,224, ,0, ,N, ,0, , , , , , , , , ,2,1,0,0,0,0,0,1,0,0,0,0,0,0,0,0,0,0,0,0,0,0,0,0,0,0,0,0,0,0,0,0,0,0,0,0,0,40.0168,-75.0665, , 
23186,280195,2015018213,6,67,67301,2015,2,4,627,6,1,1,0,1,1, , ,N,1,2,0,3,0,1,2,2,N,N,39 58:37.164,75 09:21.596,635, ,631, ,0, ,N, ,3, , , , , , , , , ,2,2,0,0,0,0,0,0,0,0,0,0,1,1,0,0,0,0,0,0,0,0,0,0,0,0,0,0,0,0,0,0,0,0,0,8,0,39.977,-75.156, , 
23187,280201,2015021937,6,67,67301,2015,2,1,1842,18,3,1,0,8,1, , ,N,2,2,0,3,0,1,2,2,N,N,40 04:12.678,75 01:52.619,1854, ,1845, ,0, ,N, ,3, , , , , , , , , ,1,1,0,0,0,0,0,0,0,0,1,0,1,0,0,0,0,0,0,0,0,0,0,0,0,0,0,0,0,0,0,0,1,0,0,3,0,40.0702,-75.0313, , 
23188,280207,2015025052,6,67,67301,2015,2,7,832,8,1,1,0,4,1, , ,N,1,2,0,3,0,0,3,3,N,N,40 01:20.289,75 09:43.290,845, ,835, ,0, , , ,3, , , , , , , , , ,3,1,0,0,0,0,2,0,0,0,0,0,0,0,0,0,0,0,0,0,0,0,0,0,0,0,0,0,0,0,0,0,0,0,0,0,0,40.0223,-75.162, , 
23189,280211,2015028832,6,67,67301,2015,2,7,1445,14,1,4,1,8,1, , ,N,1,2,0,3,0,1,2,2,N, ,39 57:22.420,75 09:45.641,0, ,0, ,0, , , ,3, , , , , , , , , ,1,0,0,0,0,0,1,0,0,0,0,1,1,0,0,0,0,0,0,0,1,0,0,1,0,0,0,0,0,0,0,0,1,0,0,4,0,39.9562,-75.1627, , 
23190,280248,2015025121,6,67,67301,2015,2,4,710,7,1,1,0,7,4, , ,N,0,0,0,3,0,1,1,1,N, ,40 01:39.094,75 11:32.736,716, ,710,2,2,1, , ,0,Y, , , , , , , , ,1,0,0,0,0,0,1,0,0,0,0,1,1,0,0,0,0,0,0,1,0,0,0,0,0,0,0,0,0,0,0,0,0,0,0,4,0,40.0275,-75.1924, , 
23191,280256,2015042052,6,67,67301,2015,3,5,0,0,3,1,0,4,6, , ,N,0,0,0,3,0,0,1,2,N,N,40 03:38.426,75 08:53.192,113, ,107, ,0, ,N, ,0, , , , , , , , , ,2,1,0,0,0,0,0,1,0,0,0,0,0,0,0,0,0,0,0,0,0,0,0,0,0,0,0,0,0,0,0,0,0,0,0,0,0,40.0607,-75.1481, , 
23192,276763,2015018974,6,67,67301,2015,1,6,1705,17,3,1,0,1,1, , ,N,0,0,0,3,0,1,3,3,N, ,40 01:28.140,75 07:59.321,1715, ,1705,1,1,3,N, ,0,Y, , , , , , , , ,3,2,0,0,0,0,0,1,0,0,0,0,1,1,0,0,0,0,0,0,1,0,0,3,0,0,0,0,0,0,0,0,0,0,0,8,0,40.0245,-75.1331, , 
23193,276766,2015022392,6,67,67301,2015,1,5,650,6,1,1,0,4,1, , ,N,1,2,0,3,0,0,2,2,N,N,40 05:09.951,75 12:42.717,745, ,730, ,0, ,N, ,3, , , , , , , , , ,2,1,0,0,0,0,1,0,0,0,0,0,0,0,0,0,0,0,0,0,1,1,0,0,0,0,0,0,0,0,0,0,0,0,0,0,0,40.0861,-75.2119, , 
23194,276767,2015025044,6,67,67301,2015,2,1,245,2,3,4,4,1,1, , ,N,2,2,0,3,0,0,3,2,N,N,39 56:47.520,75 08:30.260,256, ,252, ,0, ,N, ,3, , , , , , , , , ,2,1,0,0,0,0,0,0,0,0,0,0,0,0,1,0,0,0,0,0,0,0,0,0,0,0,0,0,0,0,0,0,0,0,0,9,0,39.9466,-75.1415, , 
23195,276775,2015033733,6,67,67301,2015,2,7,254,2,3,1,0,8,1, , ,N,1,2,0,3,0,1,4,3,N,N,39 57:37.353,75 11:22.005,256, ,256,3,2,7, , ,3,Y, , , , , , , , ,2,2,0,0,0,0,0,0,0,1,0,0,1,0,1,0,0,0,0,0,0,0,0,1,0,0,0,0,0,0,0,0,1,0,1,2,0,39.9604,-75.1894, , 
23196,276777,2015034148,6,67,67301,2015,2,7,47,0,3,2,0,1,1, , ,N,5,2,0,3,0,1,4,3,N,N,39 59:42.186,75 09:47.474,102, ,48,3,2,6, , ,3,Y, , , , , , , , ,3,3,0,0,0,0,0,0,0,0,0,1,1,0,0,0,0,0,0,0,0,0,0,0,0,0,0,0,0,0,0,0,0,0,0,4,0,39.9951,-75.1632, , 
23197,276778,2015034247,6,67,67301,2015,3,1,558,5,3,1,0,7,5, , ,N,0,0,0,3,0,0,1,1,N,N,39 56:34.099,75 11:35.449,610, ,559,2,1,4,N, ,0,N, , , , , , , , ,1,1,0,0,0,0,0,0,0,0,0,0,0,0,0,0,0,0,0,0,0,0,0,0,0,0,0,0,0,0,0,0,0,0,0,0,0,39.9428,-75.1932, , 
23198,276801,2015061836,6,67,67301,2015,5,4,602,6,1,1,0,8,1, , ,N,1,2,0,3,0,1,2,2,N, ,39 57:04.747,75 11:57.329,604, ,603, ,0, , , ,3, , , , , , , , , ,1,0,0,0,0,0,1,0,0,0,0,1,1,0,0,0,0,0,0,0,0,0,0,0,0,0,0,0,0,0,0,0,1,0,0,4,0,39.9513,-75.1991, , 