objectid_1,objectid,crn,district,county,municipality,crash_year,crash_month,day_of_week,time_of_day,hour_of_day,illumination,weather,road_condition,collision_type,relation_to_road,work_zone_type,work_zone_loc,work_zone_ind,intersect_type,tcd_type,location_type,urban_rural,fatal_count,injury_count,person_count,total_units,sch_bus_ind,sch_zone_ind,latitude,longitude,arrival_tm,cons_zone_spd_lim,dispatch_tm,est_hrs_closed,lane_closed,ln_close_dir,ntfy_hiwy_maint,spec_juris_cd,tcd_func_cd,tfc_detour_ind,workers_pres,wz_close_detour,wz_flagger,wz_law_offcr_ind,wz_ln_closure,wz_moving,wz_other,wz_shlder_mdn,vehicle_count,automobile_count,motorcycle_count,bus_count,small_truck_count,heavy_truck_count,suv_count,van_count,bicycle_count,maj_inj_count,mod_inj_count,min_inj_count,tot_inj_count,unk_inj_deg_count,unk_inj_per_count,driver_count_16yr,driver_count_17yr,driver_count_18yr,driver_count_19yr,driver_count_20yr,driver_count_50_64yr,driver_count_65_74yr,driver_count_75plus,unbelted_occ_count,unb_death_count,unb_maj_inj_count,belted_death_count,belted_maj_inj_count,mcycle_death_count,mcycle_maj_inj_count,bicycle_death_count,bicycle_maj_inj_count,ped_count,ped_death_count,ped_maj_inj_count,max_severity_level,comm_veh_count,dec_lat,dec_long,rdwy_surf_type_cd,county_name
23199,276827,2015031265,6,67,67301,2015,3,1,159,1,3,1,0,7,4, , ,N,0,8,2,3,0,1,1,1,N,N,39 57:19.858,75 08:53.330,159, ,159,2,2,4,N, ,3,Y, , , , , , , , ,1,1,0,0,0,0,0,0,0,0,0,1,1,0,0,0,0,0,0,0,0,0,0,0,0,0,0,0,0,0,0,0,0,0,0,4,0,39.9555,-75.1481, , 
23200,276849,2015051425,6,67,67301,2015,4,4,704,7,1,1,0,4,1, , ,N,1,2,0,3,0,0,2,2,N,N,40 01:54.231,75 10:43.900,714, ,712, ,0, ,N, ,3, , , , , , , , , ,2,1,0,0,0,1,0,0,0,0,0,0,0,0,0,0,0,0,0,0,1,0,0,0,0,0,0,0,0,0,0,0,0,0,0,0,1,40.0317,-75.1789, , 
23201,276875,2015036575,6,67,67301,2015,3,4,1540,15,1,1,0,4,1, , ,N,1,2,0,3,0,2,2,2,N, ,40 01:11.208,75 09:02.246,1555, ,1553, ,0, , , ,3, , , , , , , , , ,2,0,0,0,0,1,1,0,0,0,0,2,2,0,0,0,0,0,0,0,0,0,0,0,0,0,0,0,0,0,0,0,0,0,0,4,1,40.0198,-75.1506, , 
23202,276914,2015021964,6,67,67301,2015,1,6,2303,23,3,1,0,6,1, , ,N,2,2,0,3,0,2,3,3,N,N,40 00:34.852,75 11:45.449,9999, ,1107,2,2,5, , ,3,Y, , , , , , , , ,3,1,0,0,0,0,2,0,0,0,0,0,2,2,0,0,0,0,0,0,2,0,0,0,0,0,0,0,0,0,0,0,0,0,0,8,0,40.0097,-75.196, , 
23203,276919,2015025041,6,67,67301,2015,2,6,1510,15,1,1,0,8,1, , ,N,1,2,0,3,0,1,2,2,N,N,39 55:17.374,75 10:36.926,1645, ,1631, ,0, ,N, ,3, , , , , , , , , ,1,1,0,0,0,0,0,0,0,0,0,1,1,0,0,0,0,0,0,0,0,1,0,0,0,0,0,0,0,0,0,0,1,0,0,4,0,39.9215,-75.1769, , 
23204,276935,2015036616,6,67,67301,2015,3,3,1440,14,1,2,1,4,1, , ,N,1,3,0,3,0,2,11,2,Y, ,39 59:28.712,75 08:01.644,1454, ,1450, ,0, , , ,3, , , , , , , , , ,2,1,0,1,0,0,0,0,0,0,0,2,2,0,0,0,0,0,0,0,0,0,0,0,0,0,0,0,0,0,0,0,0,0,0,4,1,39.9912,-75.1338, , 
23205,276941,2015040932,6,67,67301,2015,3,4,1345,13,1,2,1,4,1, , ,N,0,0,7,3,0,0,2,2,N,N,40 04:32.208,75 05:05.964,1350, ,1347,2,2,1, , ,0,N, , , , , , , , ,2,0,0,0,1,0,1,0,0,0,0,0,0,0,0,0,0,0,0,0,1,0,0,0,0,0,0,0,0,0,0,0,0,0,0,0,0,40.0756,-75.085, , 
23206,276942,2015042744,6,67,67301,2015,3,3,1302,13,1,1,0,4,1, , ,N,5,2,1,3,0,1,2,2,N, ,40 00:10.274,75 06:06.094,1310, ,1305, ,0, , , ,3, , , , , , , , , ,2,1,0,0,1,0,0,0,0,0,0,0,1,1,0,0,0,0,0,0,1,0,0,0,0,0,0,0,0,0,0,0,0,0,0,8,0,40.0029,-75.1017, , 
23207,276957,2015012356,6,67,67301,2015,1,3,2115,21,3,1,0,5,1, , ,N,0,0,0,3,0,0,2,2,N,N,39 57:46.767,75 11:14.658,2132, ,2122,1,2,1,N, ,0,N, , , , , , , , ,2,1,0,0,0,0,1,0,0,0,0,0,0,0,0,0,0,0,0,1,0,0,0,0,0,0,0,0,0,0,0,0,0,0,0,0,0,39.963,-75.1874, , 
23208,276979,2015038578,6,67,67301,2015,3,1,2255,22,3,1,0,4,1, , ,N,1,2,0,3,0,4,6,2,N,N,39 56:02.374,75 08:53.339,2303, ,2300, ,0, ,N, ,3, , , , , , , , , ,2,2,0,0,0,0,0,0,0,0,0,0,4,4,0,0,0,0,0,0,0,0,0,0,0,0,0,0,0,0,0,0,0,0,0,8,0,39.934,-75.1481, , 
23209,276980,2015038629,6,67,67301,2015,3,7,23,0,3,4,1,5,6, , ,N,0,0,0,3,0,0,1,3,N,N,40 01:49.623,75 07:59.923,330, ,310, ,0, ,N, ,0, , , , , , , , , ,3,3,0,0,0,0,0,0,0,0,0,0,0,0,0,0,0,0,0,0,0,0,0,0,0,0,0,0,0,0,0,0,0,0,0,0,0,40.0305,-75.1333, , 
23210,269275,2015049005,6,67,67301,2015,4,7,432,4,3,1,0,4,1, , ,N,0,0,7,3,0,2,3,5,N, ,40 02:41.052,75 08:36.174,437, ,432,3,2,1, , ,0,N, , , , , , , , ,4,2,0,0,1,0,1,0,0,1,1,0,2,0,1,0,0,0,0,0,1,0,0,0,0,0,0,0,0,0,0,0,1,0,1,2,0,40.0447,-75.1434, , 
23211,269342,2015015589,6,67,67301,2015,1,7,1415,14,1,1,0,4,1, , ,N,5,2,0,3,0,1,2,2,N,N,40 04:07.262,75 09:24.365,1512, ,1502, ,0, ,N, ,3, , , , , , , , , ,2,0,0,0,0,0,2,0,0,0,0,1,1,0,0,0,0,0,0,0,2,0,0,0,0,0,0,0,0,0,0,0,0,0,0,4,0,40.0687,-75.1568, , 
23212,269349,2015020752,6,67,67301,2015,2,2,1140,11,1,2,1,3,1, , ,N,1,2,0,3,0,1,3,2,N,N,39 55:40.948,75 13:09.423,1145, ,1143, ,0, ,N, ,3, , , , , , , , , ,2,0,0,0,1,0,1,0,0,0,0,0,1,1,0,0,0,0,0,0,1,0,0,0,0,0,0,0,0,0,0,0,0,0,0,8,0,39.928,-75.2193, , 
23213,269350,2015020804,6,67,67301,2015,1,5,1934,19,3,1,0,1,1, , ,N,0,0,0,3,0,1,3,2,N, ,40 04:12.792,75 00:53.409,2011, ,2005, ,0, , , ,0, , , , , , , , , ,2,1,0,0,1,0,0,0,0,0,0,0,1,1,0,0,0,0,0,0,0,0,0,0,0,0,0,0,0,0,0,0,0,0,0,8,0,40.0702,-75.0148, , 
23214,269356,2015029988,6,67,67301,2015,2,6,1502,15,1,1,0,5,6, , ,N,0,0,0,3,0,1,1,2,N,N,40 00:52.669,75 07:55.690,1511, ,1507, ,0, , , ,0, , , , , , , , , ,2,1,0,0,0,0,1,0,0,0,0,1,1,0,0,0,1,0,0,0,0,0,0,0,0,0,0,0,0,0,0,0,0,0,0,4,0,40.0146,-75.1321, , 
23215,269367,2015045396,6,67,67301,2015,4,6,1245,12,1,2,1,7,2, , ,N,0,0,0,3,0,0,1,1,N,N,39 59:19.451,75 11:54.374,1249, ,1246,2,1,1,N, ,0,N, , , , , , , , ,1,1,0,0,0,0,0,0,0,0,0,0,0,0,0,0,0,0,0,0,0,0,0,0,0,0,0,0,0,0,0,0,0,0,0,0,0,39.9887,-75.1984, , 
23216,269371,2015051461,6,67,67301,2015,4,6,1600,16,1,1,0,7,4, , ,N,1,2,0,3,0,0,1,2,N,N,40 04:15.148,75 14:28.555,1630, ,1611, ,0, ,N, ,3, , , , , , , , , ,1,1,0,0,0,0,0,0,0,0,0,0,0,0,0,0,0,0,0,0,0,0,0,0,0,0,0,0,0,0,0,0,0,0,0,0,0,40.0709,-75.2413, , 
23217,269372,2015051979,6,67,67301,2015,4,3,2312,23,3,1,0,1,1, , ,N,1,2,0,3,0,0,2,2,N,N,39 59:22.684,75 06:26.572,2312, ,2312, ,0, ,N, ,3, , , , , , , , , ,2,1,0,0,0,0,0,1,0,0,0,0,0,0,0,0,0,0,0,0,0,0,0,0,0,0,0,0,0,0,0,0,0,0,0,0,0,39.9896,-75.1074, , 
23218,269389,2015015572,6,67,67301,2015,1,3,1607,16,1,4,6,7,4, , ,N,0,0,0,3,0,0,3,3,N, ,40 06:24.382,75 02:13.768,1608, ,1607, ,0, , , ,0, , , , , , , , , ,3,2,0,0,0,0,0,1,0,0,0,0,0,0,0,0,0,0,0,0,1,0,0,0,0,0,0,0,0,0,0,0,0,0,0,0,0,40.1068,-75.0372, , 
23219,269393,2015022633,6,67,67301,2015,2,3,1512,15,1,1,0,1,1, , ,N,0,0,0,3,0,0,2,2,N,N,39 57:54.208,75 11:08.215,1515, ,1515, ,0, ,N, ,0, , , , , , , , , ,2,2,0,0,0,0,0,0,0,0,0,0,0,0,0,0,0,0,0,0,0,0,0,0,0,0,0,0,0,0,0,0,0,0,0,0,0,39.9651,-75.1856, , 
23220,269400,2015026779,6,67,67301,2015,2,6,2212,22,3,1,0,7,3, , ,N,6,0,2,3,0,0,1,1,N,N,39 57:41.763,75 10:57.486,2219, ,2215, ,0, ,N, ,0, , , , , , , , , ,1,1,0,0,0,0,0,0,0,0,0,0,0,0,0,0,0,0,0,0,0,0,0,1,0,0,0,0,0,0,0,0,0,0,0,0,0,39.9614,-75.1825, , 
23221,269407,2015040565,6,67,67301,2015,3,7,2311,23,3,1,0,5,6, , ,N,0,0,0,3,0,1,1,3,N, ,40 02:45.358,75 04:30.968,2341, ,2313,3,2,4, , ,0,Y, , , , , , , , ,3,1,0,0,0,0,1,1,0,0,0,0,1,1,0,0,0,0,0,0,0,0,0,0,0,0,0,0,0,0,0,0,0,0,0,8,0,40.0459,-75.0753, , 
23222,269408,2015040933,6,67,67301,2015,3,5,608,6,5,2,1,4,1, , ,N,1,2,0,3,0,0,2,2,N, ,39 59:19.087,75 11:13.430,612, ,610, ,0, , , ,3, , , , , , , , , ,2,1,0,0,0,0,1,0,0,0,0,0,0,0,0,0,0,0,0,0,1,0,0,0,0,0,0,0,0,0,0,0,0,0,0,0,0,39.9888,-75.187, , 
23223,269414,2015052356,6,67,67301,2015,4,3,1652,16,1,1,0,1,1, , ,N,7,0,2,3,0,2,4,3,N,N,39 58:06.099,75 07:44.559,1731, ,1716,2,2,1,N, ,0,N, , , , , , , , ,3,2,0,0,0,0,1,0,0,0,0,0,2,2,0,0,0,0,0,0,0,0,0,0,0,0,0,0,0,0,0,0,0,0,0,8,0,39.9684,-75.129, , 
23224,269430,2015012714,6,67,67301,2015,1,1,1355,13,1,1,0,4,1, , ,N,1,2,0,3,0,1,2,2,N,N,39 59:06.525,75 09:35.319,1410, ,1400, ,0, ,N, ,3, , , , , , , , , ,2,2,0,0,0,0,0,0,0,0,0,0,1,1,0,0,0,0,0,0,0,0,1,1,0,0,0,0,0,0,0,0,0,0,0,8,0,39.9851,-75.1598, , 
23225,269493,2015020313,6,67,67301,2015,2,2,1625,16,1,1,0,4,1, , ,N,0,0,7,3,0,1,2,4,N,N,40 00:18.655,75 09:13.460,1635, ,1630, ,0, ,N, ,0, , , , , , , , , ,4,4,0,0,0,0,0,0,0,0,0,1,1,0,0,0,0,0,0,0,1,0,0,1,0,0,0,0,0,0,0,0,0,0,0,4,0,40.0052,-75.1537, , 
23226,269497,2015025033,6,67,67301,2015,2,6,835,8,1,1,0,1,1, , ,N,0,0,0,3,0,0,3,3,N,N,40 06:56.896,74 59:07.161,845, ,840,1,1,1, , ,0,N, , , , , , , , ,3,0,0,0,1,0,0,1,0,0,0,0,0,0,0,0,0,0,0,0,1,0,0,0,0,0,0,0,0,0,0,0,0,0,0,0,0,40.1158,-74.9853, , 
23227,269526,2015006050,6,67,67301,2015,1,3,1920,19,3,4,3,4,1, , ,N,1,2,0,3,0,2,2,2,N, ,40 05:18.096,75 02:38.680,1923, ,1924, ,0, , , ,3, , , , , , , , , ,2,2,0,0,0,0,0,0,0,0,0,0,2,2,0,0,0,0,0,0,0,0,1,0,0,0,0,0,0,0,0,0,0,0,0,8,0,40.0884,-75.044, , 
23228,269538,2015020782,6,67,67301,2015,1,3,1700,17,1,1,0,1,1, , ,N,1,2,0,3,0,5,13,2,N,N,39 55:38.874,75 13:54.199,1706, ,1706,1,2,4,N, ,3,Y, , , , , , , , ,2,1,0,0,0,0,0,0,0,0,1,4,5,0,6,0,0,0,0,0,2,0,0,0,0,0,0,0,0,0,0,0,0,0,0,3,0,39.9275,-75.2317, , 
23229,272885,2015045471,6,67,67301,2015,4,7,1753,17,1,1,0,1,1, , ,N,1,2,0,3,0,1,5,2,N,N,39 58:31.238,75 12:24.725,1803, ,1755, ,0, ,N, ,3, , , , , , , , , ,2,1,0,0,0,0,1,0,0,0,0,0,1,1,0,0,0,0,0,0,1,0,0,0,0,0,0,0,0,0,0,0,0,0,0,8,0,39.9753,-75.2069, , 
23230,272893,2015061809,6,67,67301,2015,5,1,1300,13,1,1,0,8,1, , ,N,0,0,0,3,0,1,2,2,N,N,39 58:31.407,75 10:21.626,1100, ,1054, ,0, , , ,0, , , , , , , , , ,1,0,0,0,0,0,1,0,0,0,1,0,1,0,0,0,0,0,0,0,0,0,0,0,0,0,0,0,0,0,0,0,1,0,0,3,0,39.9754,-75.1727, , 
23231,272895,2015064005,6,67,67301,2015,5,4,1645,16,1,1,0,2,1, , ,N,0,2,0,3,0,1,2,2,N,N,39 56:31.026,75 12:42.566,1800, ,1755, ,0, ,N, ,3, , , , , , , , , ,2,1,0,0,1,0,0,0,0,0,0,0,1,1,0,0,0,0,0,0,1,1,0,0,0,0,0,0,0,0,0,0,0,0,0,8,0,39.942,-75.2118, , 
23232,272896,2015066185,6,67,67301,2015,6,3,2130,21,3,1,0,4,1, , ,N,1,2,0,3,0,2,4,2,N, ,40 00:30.704,75 12:38.642,2143, ,2137, ,0, , , ,3, , , , , , , , , ,2,1,0,0,0,0,1,0,0,0,0,2,2,0,2,0,0,0,0,0,1,0,0,0,0,0,0,0,0,0,0,0,0,0,0,4,0,40.0085,-75.2107, , 
23233,272902,2015006138,6,67,67301,2015,1,7,351,3,3,1,0,5,6, , ,N,0,0,0,3,0,0,1,3,N,N,39 59:21.112,75 07:51.304,450, ,444,2,2,4,N, ,0,Y, , , , , , , , ,3,1,0,0,1,0,0,1,0,0,0,0,0,0,1,0,0,0,0,0,0,0,0,0,0,0,0,0,0,0,0,0,0,0,0,9,0,39.9892,-75.1309, , 
23234,272914,2015021512,6,67,67301,2015,2,6,2057,20,2,1,0,1,1, , ,N,0,0,0,3,0,1,2,2,N,N,39 58:38.172,75 12:00.549,2110, ,2101,2,1,3,N, ,0,N, , , , , , , , ,2,2,0,0,0,0,0,0,0,0,0,1,1,0,1,0,0,0,0,0,1,0,0,0,0,0,0,0,0,0,0,0,0,0,0,4,0,39.9773,-75.2002, , 
23235,272924,2015031058,6,67,67301,2015,2,6,9999,99,3,9,8,7,4, , ,N,0,0,0,3,0,1,1,1,N,N,40 05:39.028,75 00:52.695,2048, ,2048,2,1,3,N, ,0,N, , , , , , , , ,1,1,0,0,0,0,0,0,0,0,1,0,1,0,0,0,0,0,0,0,0,0,0,0,0,0,0,0,0,0,0,0,0,0,0,3,0,40.0942,-75.0146, , 
23236,272958,2015012306,6,67,67301,2015,1,3,808,8,1,1,0,5,1, , ,N,0,0,0,3,0,1,2,2,N,N,39 57:44.259,75 08:47.756,1220, ,808, ,0, ,N, ,0, , , , , , , , , ,2,1,0,0,0,0,0,0,0,0,0,1,1,0,0,0,0,0,0,0,0,0,0,1,0,0,0,0,0,0,0,0,0,0,0,4,0,39.9623,-75.1466, , 
23237,272965,2015015580,6,67,67301,2015,1,4,1420,14,1,1,1,8,1, , ,N,1,0,0,3,0,2,4,3,N,N,40 02:25.974,75 08:39.880,1424, ,1423,1,1,1,N, ,0,N, , , , , , , , ,1,1,0,0,0,0,0,0,0,0,0,0,2,2,0,0,0,0,1,0,0,0,0,0,0,0,0,0,0,0,0,0,2,0,0,8,0,40.0405,-75.1443, , 
23238,272983,2015036668,6,67,67301,2015,3,1,1320,13,1,3,4,6,1, , ,N,0,0,0,3,0,2,7,3,N, ,40 03:47.433,75 12:01.649,1335, ,1328, ,0, ,N, ,0, , , , , , , , , ,3,2,0,0,1,0,0,0,0,0,0,0,2,2,0,0,0,0,0,0,0,0,0,0,0,0,0,0,0,0,0,0,0,0,0,8,0,40.0632,-75.2005, , 
23239,273004,2015012346,6,67,67301,2015,1,1,1652,16,4,1,0,7,4, , ,N,1,2,0,3,0,1,1,1,N,N,40 05:53.765,75 02:49.794,1653, ,1652, ,0, ,N, ,3, , , , , , , , , ,1,0,0,0,0,0,1,0,0,0,0,0,1,1,0,0,0,0,0,0,0,1,0,0,0,0,0,0,0,0,0,0,0,0,0,8,0,40.0984,-75.0471, , 
23240,273015,2015022395,6,67,67301,2015,2,3,1729,17,2,1,0,1,1, , ,N,0,0,0,3,0,3,5,2,N,N,39 55:18.363,75 13:51.403,1733, ,1733,1,1,6,N, ,0,N, , , , , , , , ,2,1,0,0,0,0,1,0,0,0,0,2,3,1,0,0,0,0,0,0,1,0,0,0,0,0,0,0,0,0,0,0,0,0,0,4,0,39.9218,-75.2309, , 
23241,273027,2015040580,6,67,67301,2015,2,4,1329,13,1,1,0,4,1, , ,N,0,0,7,3,0,1,4,3,N,N,40 02:47.078,74 59:37.769,1338, ,1334,9,1,5,N, ,0,N, , , , , , , , ,3,2,0,0,0,0,1,0,0,0,0,0,1,1,0,0,0,0,0,0,1,0,2,0,0,0,0,0,0,0,0,0,0,0,0,8,0,40.0464,-74.9938, , 
23242,273035,2015047237,6,67,67301,2015,4,3,9999,99,3,2,1,4,1, , ,N,1,2,0,3,0,0,2,3,N,N,40 02:21.129,75 04:00.301,2035, ,2029,1,1,4,N, ,3,N, , , , , , , , ,3,2,0,0,0,0,1,0,0,0,0,0,0,0,0,0,0,0,0,0,1,0,0,0,0,0,0,0,0,0,0,0,0,0,0,0,0,40.0392,-75.0668, , 
23243,273059,2015015585,6,67,67301,2015,1,7,1215,12,1,4,1,4,1, , ,N,1,2,0,3,0,0,2,2,N, ,40 02:40.636,75 03:16.819,1230, ,1225, ,0, , , ,3, , , , , , , , , ,2,2,0,0,0,0,0,0,0,0,0,0,0,0,1,0,0,0,0,0,1,0,0,0,0,0,0,0,0,0,0,0,0,0,0,9,0,40.0446,-75.0547, , 
23244,273061,2015017554,6,67,67301,2015,2,1,2255,22,3,1,0,1,1, , ,N,0,0,0,3,0,3,4,2,N,N,39 57:46.374,75 08:20.466,2311, ,2258, ,0, ,N, ,0, , , , , , , , , ,2,0,0,0,0,0,2,0,0,0,0,3,3,0,0,0,0,0,0,0,0,0,0,0,0,0,0,0,0,0,0,0,0,0,0,4,0,39.9629,-75.139, , 
23245,273065,2015020798,6,67,67301,2015,1,7,1030,10,1,1,0,5,1, , ,N,0,0,0,3,0,0,3,3,N,N,40 01:49.283,75 05:15.629,1040, ,1032,2,1,2,N, ,0,N, , , , , , , , ,3,1,0,0,1,0,1,0,0,0,0,0,0,0,0,0,0,0,1,0,0,1,1,1,0,0,0,0,0,0,0,0,0,0,0,0,0,40.0304,-75.0877, , 
23246,273081,2015038616,6,67,67301,2015,3,6,810,8,1,4,1,4,1, , ,N,1,3,0,3,0,0,2,2,N, ,40 04:07.759,75 10:40.807,850, ,848, ,0, , , ,3, , , , , , , , , ,2,1,0,0,1,0,0,0,0,0,0,0,0,0,0,0,0,0,0,0,0,0,0,0,0,0,0,0,0,0,0,0,0,0,0,0,0,40.0688,-75.178, , 
23247,280261,2015047579,6,67,67301,2015,4,5,1300,13,1,1,0,1,1, , ,N,0,0,7,3,0,1,2,2,N,N,39 58:15.152,75 08:59.660,1635, ,1635, ,0, ,N, ,0, , , , , , , , , ,2,2,0,0,0,0,0,0,0,0,0,0,1,1,1,0,0,0,0,0,1,0,0,0,0,0,0,0,0,0,0,0,0,0,0,8,0,39.9709,-75.1499, , 
23248,280270,2015056627,6,67,67301,2015,5,1,126,1,3,1,0,7,4, , ,N,0,0,0,3,0,1,1,1,N,N,39 58:22.047,75 07:17.504,137, ,128,1,1,2,N, ,0,N, , , , , , , , ,1,1,0,0,0,0,0,0,0,0,0,1,1,0,0,0,0,0,0,0,0,0,0,0,0,0,0,0,0,0,0,0,0,0,0,4,0,39.9728,-75.1215, , 
23249,280286,2015015568,6,67,67301,2015,1,1,1321,13,1,1,0,4,1, , ,N,1,2,0,3,0,2,4,3,N,N,40 02:00.165,75 03:59.552,1328, ,1321,2,1,4,N, ,3,N, , , , , , , , ,3,1,0,0,1,0,1,0,0,0,0,0,2,2,0,0,0,0,0,0,0,0,0,0,0,0,0,0,0,0,0,0,0,0,0,8,0,40.0334,-75.0665, , 
23250,280292,2015026464,6,67,67301,2015,2,6,1615,16,1,1,0,5,1, , ,N,0,0,0,3,0,0,2,2,N,N,39 59:37.956,75 11:56.852,1630, ,1615,1,1,4,N, ,0,N, , , , , , , , ,2,2,0,0,0,0,0,0,0,0,0,0,0,0,1,0,0,0,0,0,0,0,0,0,0,0,0,0,0,0,0,0,0,0,0,9,0,39.9939,-75.1991, , 
23251,280312,2015045337,6,67,67301,2015,4,6,1747,17,1,1,1,5,6, , ,N,0,0,0,3,0,0,3,2,N, ,39 57:11.287,75 09:40.700,1747, ,1747, ,0, ,N, ,0, , , , , , , , , ,2,1,0,0,0,0,1,0,0,0,0,0,0,0,0,0,0,0,0,0,0,0,0,0,0,0,0,0,0,0,0,0,0,0,0,0,0,39.9531,-75.1613, , 
23252,280315,2015049120,6,67,67301,2015,4,5,1450,14,1,1,0,8,1, , ,N,5,2,0,3,0,1,2,2,N,N,39 58:10.213,75 12:45.380,1608, ,1606, ,0, , , ,3, , , , , , , , , ,1,1,0,0,0,0,0,0,0,0,0,1,1,0,1,0,0,0,0,0,0,0,0,0,0,0,0,0,0,0,0,0,1,0,0,4,0,39.9695,-75.2126, , 
23253,280318,2015051498,6,67,67301,2015,5,7,720,7,1,1,0,7,4, , ,N,0,0,0,3,0,1,1,1,N,N,40 03:53.917,75 04:37.646,800, ,750, ,0, ,N, ,0, , , , , , , , , ,1,1,0,0,0,0,0,0,0,0,0,0,1,1,0,0,0,0,0,0,0,0,0,0,0,0,0,0,0,0,0,0,0,0,0,8,0,40.065,-75.0771, , 
23254,280341,2015023652,6,67,67301,2015,2,2,1625,16,1,3,1,8,1, , ,N,0,0,0,3,0,1,2,2,N,N,39 57:48.966,75 10:15.907,1633, ,1630, ,0, , , ,0, , , , , , , , , ,1,0,0,0,1,0,0,0,0,0,0,0,1,1,0,0,0,0,0,0,0,1,0,0,0,0,0,0,0,0,0,0,1,0,0,8,0,39.9636,-75.1711, , 
23255,280358,2015040897,6,67,67301,2015,3,6,1945,19,3,1,0,8,1, , ,N,1,2,0,3,0,1,2,2,N,N,39 57:16.503,75 10:22.776,2010, ,2000, ,0, ,N, ,3, , , , , , , , , ,1,1,0,0,0,0,0,0,0,0,0,1,1,0,0,0,0,0,0,0,1,0,0,0,0,0,0,0,0,0,0,0,1,0,0,4,0,39.9546,-75.173, , 
23256,280439,2015021385,6,67,67301,2015,1,7,1120,11,1,1,0,7,4, , ,N,1,2,0,3,0,1,2,1,N,N,39 59:23.971,75 13:09.663,1134, ,1122, ,0, , , ,3, , , , , , , , , ,1,0,0,0,0,0,1,0,0,0,0,0,1,1,0,0,0,0,0,0,0,1,0,0,0,0,0,0,0,0,0,0,0,0,0,8,0,39.99,-75.2194, , 
23257,280449,2015028819,6,67,67301,2015,2,1,220,2,3,2,4,7,4, , ,N,0,0,0,3,0,0,1,1,N,N,40 01:47.505,75 06:09.683,240, ,235, ,0, ,N, ,0, , , , , , , , , ,1,0,0,0,0,0,1,0,0,0,0,0,0,0,0,0,0,0,0,0,0,0,0,0,0,0,0,0,0,0,0,0,0,0,0,0,0,40.0299,-75.1027, , 
23258,280462,2015042867,6,67,67301,2015,4,6,45,0,3,1,0,7,4, , ,N,0,0,0,3,0,1,1,1,N,N,40 02:37.135,75 01:17.346,50, ,45,9,2,2, , ,0,Y, , , , , , , , ,1,0,0,0,0,0,0,1,0,0,0,1,1,0,0,0,0,0,0,0,0,0,0,0,0,0,0,0,0,0,0,0,0,0,0,4,0,40.0436,-75.0215, , 
23259,280478,2015012322,6,67,67301,2015,1,5,1042,10,1,1,0,1,1, , ,N,1,2,0,3,0,0,3,3,N,N,40 00:27.502,75 07:38.377,1115, ,1102, ,0, ,N, ,3, , , , , , , , , ,3,2,0,0,1,0,0,0,0,0,0,0,0,0,0,0,0,0,0,0,1,0,0,0,0,0,0,0,0,0,0,0,0,0,0,0,0,40.0076,-75.1273, , 
23260,280505,2015045417,6,67,67301,2015,4,5,739,7,1,2,1,7,4, , ,N,0,0,0,3,0,2,2,2,N, ,40 01:46.201,75 03:21.429,800, ,754,3,1,1, , ,0,N, , , , , , , , ,1,1,0,0,0,0,0,0,0,0,0,0,2,2,0,0,0,0,0,0,0,0,0,0,0,0,0,0,0,0,0,0,0,0,0,8,0,40.0295,-75.056, , 
23261,280509,2015049151,6,67,67301,2015,4,5,1650,16,1,1,0,4,1, , ,N,1,3,0,3,0,3,4,2,N, ,40 01:33.686,75 08:05.272,1655, ,1650, ,0, , , ,3, , , , , , , , , ,2,1,0,0,0,0,1,0,0,0,2,1,3,0,0,0,0,0,0,0,1,0,0,3,0,0,0,0,0,0,0,0,0,0,0,3,0,40.026,-75.1348, , 
23262,280562,2015042898,6,67,67301,2015,3,3,1900,19,1,1,0,8,1, , ,N,1,3,0,3,0,1,2,2,N,N,40 01:42.866,75 04:44.633,1825, ,1816, ,0, ,N, ,3, , , , , , , , , ,1,0,0,0,0,0,0,0,0,0,0,0,1,1,0,0,0,0,0,0,0,0,0,0,0,0,0,0,0,0,0,0,1,0,0,8,0,40.0286,-75.0791, , 
23263,280563,2015043245,6,67,67301,2015,4,2,1521,15,1,1,0,7,4, , ,N,0,0,2,3,0,1,1,1,N,N,40 00:46.953,75 12:20.830,1525, ,1522,9,2,1,N, ,0,Y, , , , , , , , ,1,0,0,0,0,1,0,0,0,0,0,0,1,1,0,0,0,0,0,0,1,0,0,1,0,0,0,0,0,0,0,0,0,0,0,8,1,40.013,-75.2058, , 
23264,280574,2015009574,6,67,67301,2015,1,5,1150,11,1,1,0,4,1, , ,N,1,2,0,3,0,1,3,2,N,N,40 02:37.429,75 05:06.333,1207, ,1200, ,0, ,N, ,3, , , , , , , , , ,2,1,0,0,0,1,0,0,0,0,0,0,1,1,0,0,0,0,0,0,0,0,0,0,0,0,0,0,0,0,0,0,0,0,0,8,1,40.0437,-75.0851, , 
23265,280577,2015012408,6,67,67301,2015,1,2,524,5,3,3,1,1,1, , ,N,0,0,0,3,0,1,2,2,N,N,40 00:34.072,75 11:52.107,530, ,524,9,2,2,N, ,0,N, , , , , , , , ,2,1,0,0,1,0,0,0,0,0,0,1,1,0,0,0,0,0,0,0,2,0,0,0,0,0,0,0,0,0,0,0,0,0,0,4,0,40.0095,-75.1978, , 