objectid_1,objectid,crn,district,county,municipality,crash_year,crash_month,day_of_week,time_of_day,hour_of_day,illumination,weather,road_condition,collision_type,relation_to_road,work_zone_type,work_zone_loc,work_zone_ind,intersect_type,tcd_type,location_type,urban_rural,fatal_count,injury_count,person_count,total_units,sch_bus_ind,sch_zone_ind,latitude,longitude,arrival_tm,cons_zone_spd_lim,dispatch_tm,est_hrs_closed,lane_closed,ln_close_dir,ntfy_hiwy_maint,spec_juris_cd,tcd_func_cd,tfc_detour_ind,workers_pres,wz_close_detour,wz_flagger,wz_law_offcr_ind,wz_ln_closure,wz_moving,wz_other,wz_shlder_mdn,vehicle_count,automobile_count,motorcycle_count,bus_count,small_truck_count,heavy_truck_count,suv_count,van_count,bicycle_count,maj_inj_count,mod_inj_count,min_inj_count,tot_inj_count,unk_inj_deg_count,unk_inj_per_count,driver_count_16yr,driver_count_17yr,driver_count_18yr,driver_count_19yr,driver_count_20yr,driver_count_50_64yr,driver_count_65_74yr,driver_count_75plus,unbelted_occ_count,unb_death_count,unb_maj_inj_count,belted_death_count,belted_maj_inj_count,mcycle_death_count,mcycle_maj_inj_count,bicycle_death_count,bicycle_maj_inj_count,ped_count,ped_death_count,ped_maj_inj_count,max_severity_level,comm_veh_count,dec_lat,dec_long,rdwy_surf_type_cd,county_name
23334,280758,2015056432,6,67,67301,2015,5,5,1800,18,1,1,0,8,1, , ,N,1,2,0,3,0,1,2,2,N, ,39 57:15.869,75 09:47.496,1825, ,1813, ,0, , , ,3, , , , , , , , , ,1,1,0,0,0,0,0,0,0,0,0,1,1,0,0,0,0,0,0,0,1,0,0,0,0,0,0,0,0,0,0,0,1,0,0,4,0,39.9544,-75.1631, , 
23335,280775,2015015646,6,67,67301,2015,1,5,715,7,1,1,0,5,1, , ,N,1,2,0,3,0,5,6,3,N,N,39 54:14.619,75 14:25.049,743, ,741,9,1,2,N, ,3,N, , , , , , , , ,3,2,0,0,0,1,0,0,0,0,0,0,5,5,0,0,0,0,0,0,1,0,0,0,0,0,0,0,0,0,0,0,0,0,0,8,1,39.904,-75.2401, , 
23336,280801,2015038395,6,67,67301,2015,3,7,2230,22,3,1,0,1,1, , ,N,0,0,0,3,0,1,3,3,N,N,39 58:08.002,75 11:29.633,2241, ,2236,2,2,4,N, ,0,N, , , , , , , , ,3,2,0,0,0,0,0,0,0,0,0,1,1,0,0,0,0,0,0,0,0,0,0,0,0,0,0,0,0,0,0,0,0,0,0,4,0,39.9689,-75.1916, , 
23337,280805,2015043344,6,67,67301,2015,4,4,2300,23,3,2,1,0,1, , ,N,0,0,3,3,0,0,1,1,N,N,39 53:53.622,75 10:57.198,2319, ,2303, ,0, ,N, ,0, , , , , , , , , ,1,0,0,0,0,1,0,0,0,0,0,0,0,0,0,0,0,0,0,0,1,0,0,0,0,0,0,0,0,0,0,0,0,0,0,0,1,39.8982,-75.1826, , 
23338,280820,2015025102,6,67,67301,2015,2,4,320,3,3,1,0,5,6, , ,N,0,0,0,3,0,0,1,4,N,N,39 56:49.389,75 13:15.655,340, ,330, ,0, ,N, ,0, , , , , , , , , ,4,3,0,0,0,0,1,0,0,0,0,0,0,0,0,0,0,0,0,0,0,0,0,0,0,0,0,0,0,0,0,0,0,0,0,0,0,39.9471,-75.221, , 
23339,277232,2015052395,6,67,67301,2015,5,2,1542,15,1,1,0,1,1, , ,N,0,0,0,3,0,1,2,2,N,N,39 55:36.663,75 11:42.125,1557, ,1544,2,2,3,N, ,0,N, , , , , , , , ,2,2,0,0,0,0,0,0,0,0,0,0,1,1,0,0,0,0,0,0,0,0,0,0,0,0,0,0,0,0,0,0,0,0,0,8,0,39.9269,-75.195, , 
23340,277254,2015019967,6,67,67301,2015,2,3,848,8,1,1,6,1,1, , ,N,6,0,0,3,0,1,2,2,N,N,39 57:26.940,75 08:48.293,859, ,851, ,0, ,N, ,0, , , , , , , , , ,2,2,0,0,0,0,0,0,0,0,0,1,1,0,0,0,0,0,0,0,0,0,0,0,0,0,0,0,0,0,0,0,0,0,0,4,0,39.9575,-75.1467, , 
23341,277260,2015028781,6,67,67301,2015,2,5,1015,10,1,1,0,5,1, , ,N,0,0,0,3,0,1,2,2,N,N,39 59:07.228,75 05:37.640,1025, ,1018,2,1,1,N, ,0,N, , , , , , , , ,2,1,0,0,0,0,0,0,0,0,0,1,1,0,0,0,0,0,0,0,0,0,0,0,0,0,0,0,0,0,0,0,0,0,0,4,0,39.9853,-75.0938, , 
23342,277289,2015006104,6,67,67301,2015,1,4,2330,23,3,8,5,7,2, , ,N,6,0,2,3,0,2,2,1,N,N,40 01:13.786,75 09:15.325,2350, ,2336, ,0, ,Y, ,0, , , , , , , , , ,1,0,0,0,0,0,1,0,0,0,0,2,2,0,0,0,0,0,0,0,0,0,0,0,0,0,0,0,0,0,0,0,0,0,0,4,0,40.0205,-75.1543, , 
23343,277297,2015020820,6,67,67301,2015,1,7,1400,14,1,1,0,8,1, , ,N,1,2,0,3,0,1,2,2,N, ,39 57:09.612,75 12:38.023,1405, ,1400, ,0, , , ,3, , , , , , , , , ,1,0,0,0,0,0,0,1,0,0,0,0,1,1,0,0,0,0,0,0,0,0,0,1,0,0,0,0,0,0,0,0,1,0,0,8,0,39.9527,-75.2106, , 
23344,277298,2015020860,6,67,67301,2015,2,4,1530,15,1,1,0,8,1, , ,N,0,0,0,3,0,1,2,2,N, ,39 57:44.610,75 09:23.980,1543, ,1536, ,0, , , ,0, , , , , , , , , ,1,0,0,0,0,0,1,0,0,0,0,0,1,1,0,0,0,0,0,0,0,0,0,0,0,0,0,0,0,0,0,0,1,0,0,8,0,39.9624,-75.1567, , 
23345,277318,2015045374,6,67,67301,2015,4,6,800,8,1,2,1,4,1, , ,N,1,2,0,3,0,0,2,2,N,N,39 58:20.731,75 15:11.873,830, ,830,1,1,1,N, ,3,Y, , , , , , , , ,2,2,0,0,0,0,0,0,0,0,0,0,0,0,0,0,0,0,0,0,0,0,0,0,0,0,0,0,0,0,0,0,0,0,0,0,0,39.9724,-75.2533, , 
23346,277327,2015051432,6,67,67301,2015,4,4,1742,17,1,1,0,8,1, , ,N,1,3,0,3,0,1,2,2,N,N,40 00:07.491,75 10:10.041,1750, ,1746, ,0, ,N, ,3, , , , , , , , , ,1,1,0,0,0,0,0,0,0,0,0,1,1,0,0,0,0,0,0,0,1,0,0,0,0,0,0,0,0,0,0,0,1,0,0,4,0,40.0021,-75.1695, , 
23347,277331,2015059097,6,67,67301,2015,5,7,1945,19,3,2,1,4,1, , ,N,5,2,0,3,0,0,2,2,N,N,39 54:49.147,75 14:22.192,9999, ,1957, ,0, ,N, ,3, , , , , , , , , ,2,2,0,0,0,0,0,0,0,0,0,0,0,0,0,0,0,0,0,0,0,0,0,0,0,0,0,0,0,0,0,0,0,0,0,0,0,39.9137,-75.2395, , 
23348,277336,2015006362,6,67,67301,2015,1,4,2352,23,3,1,0,4,1, , ,N,1,0,0,3,0,1,8,2,N,N,39 58:40.076,75 09:44.002,2358, ,2352,2,1,4,N, ,0,Y, , , , , , , , ,2,2,0,0,0,0,0,0,0,0,0,0,1,1,0,0,0,0,0,1,0,0,0,2,0,0,0,0,0,0,0,0,0,0,0,8,0,39.9778,-75.1622, , 
23349,277354,2015020660,6,67,67301,2015,2,4,906,9,1,1,0,1,1, , ,N,0,0,0,3,0,1,3,2,N,N,39 57:53.368,75 09:25.496,1200, ,1200, ,0, ,N, ,0, , , , , , , , , ,2,2,0,0,0,0,0,0,0,0,0,1,1,0,0,0,0,0,0,0,0,0,0,0,0,0,0,0,0,0,0,0,0,0,0,4,0,39.9648,-75.1571, , 
23350,277377,2015049180,6,67,67301,2015,4,7,1355,13,1,1,0,4,1, , ,N,1,2,0,3,0,1,3,2,N,N,40 04:50.725,75 01:42.964,1405, ,1400,1,1,5,N, ,3,N, , , , , , , , ,2,1,0,0,1,0,0,0,0,0,0,1,1,0,0,0,0,0,0,0,0,0,0,0,0,0,0,0,0,0,0,0,0,0,0,4,0,40.0808,-75.0286, , 
23351,277395,2015025131,6,67,67301,2015,2,7,630,6,5,4,3,5,6, , ,N,0,0,0,3,0,0,1,3,N, ,39 59:17.758,75 13:42.171,655, ,637,1,1,6, , ,0,N, , , , , , , , ,3,1,0,0,0,0,2,0,0,0,0,0,0,0,0,0,0,0,0,0,0,0,0,0,0,0,0,0,0,0,0,0,0,0,0,0,0,39.9883,-75.2284, , 
23352,277409,2015043235,6,67,67301,2015,3,6,2300,23,3,1,0,4,1, , ,N,1,3,0,3,0,0,5,2,N,N,40 01:24.139,75 09:05.306,2308, ,2305,9,1,4,N, ,3,Y, , , , , , , , ,2,1,0,0,0,0,1,0,0,0,0,0,0,0,0,0,0,0,0,0,0,0,0,0,0,0,0,0,0,0,0,0,0,0,0,0,0,40.0234,-75.1515, , 
23353,277411,2015044029,6,67,67301,2015,4,7,1530,15,1,1,0,4,1, , ,N,2,2,0,3,0,1,3,2,N,N,40 05:19.875,74 58:09.971,1540, ,1535,1,1,1, , ,3,N, , , , , , , , ,2,2,0,0,0,0,0,0,0,0,0,1,1,0,0,0,0,0,0,0,1,1,0,0,0,0,0,0,0,0,0,0,0,0,0,4,0,40.0889,-74.9694, , 
23354,277421,2015061833,6,67,67301,2015,5,6,2345,23,3,1,0,5,1, , ,N,0,0,0,3,0,1,4,2,N, ,39 55:16.627,75 11:36.749,5, ,1, ,0, , , ,0, , , , , , , , , ,2,2,0,0,0,0,0,0,0,0,0,1,1,0,0,0,0,0,0,0,0,0,0,0,0,0,0,0,0,0,0,0,0,0,0,4,0,39.9213,-75.1935, , 
23355,277438,2015009605,6,67,67301,2015,1,1,1603,16,1,1,0,4,1, , ,N,1,0,0,3,0,0,5,2,N, ,40 00:06.022,75 09:58.575,1607, ,1605, ,0, , , ,0, , , , , , , , , ,2,0,0,0,0,0,2,0,0,0,0,0,0,0,2,0,0,0,0,0,1,0,0,0,0,0,0,0,0,0,0,0,0,0,0,9,0,40.0017,-75.1663, , 
23356,277456,2015028765,6,67,67301,2015,2,7,1215,12,1,4,1,4,1, , ,N,2,3,0,3,0,3,22,2,N,N,39 55:08.097,75 14:37.957,1221, ,1219,3,2,6,N, ,3,Y, , , , , , , , ,2,1,0,0,0,0,0,0,0,0,1,2,3,0,0,0,0,0,0,0,0,0,0,0,0,0,0,0,0,0,0,0,0,0,0,3,0,39.9189,-75.2439, , 
23357,277487,2015015150,6,67,67301,2015,2,1,38,0,3,1,0,1,1, , ,N,0,0,0,3,0,2,2,2,N,N,39 54:05.345,75 09:07.398,48, ,39,2,2,1,N, ,0,N, , , , , , , , ,2,2,0,0,0,0,0,0,0,0,1,1,2,0,0,0,0,0,0,0,0,0,0,0,0,0,0,0,0,0,0,0,0,0,0,3,0,39.9015,-75.1521, , 
23358,269803,2015051934,6,67,67301,2015,5,7,39,0,3,1,0,4,1, , ,N,1,2,0,3,0,0,4,3,N, ,40 02:34.612,75 07:11.211,100, ,54,1,1,2, , ,3,N, , , , , , , , ,3,3,0,0,0,0,0,0,0,0,0,0,0,0,0,0,0,0,0,0,0,0,0,0,0,0,0,0,0,0,0,0,0,0,0,0,0,40.0429,-75.1198, , 
23359,269804,2015052379,6,67,67301,2015,4,5,242,2,3,1,0,7,2, , ,N,0,0,0,3,0,0,1,1,N,N,40 00:05.200,75 04:43.531,246, ,243,2,2,1,N, ,0,Y, , , , , , , , ,1,1,0,0,0,0,0,0,0,0,0,0,0,0,0,0,0,0,0,0,0,0,0,0,0,0,0,0,0,0,0,0,0,0,0,0,0,40.0014,-75.0788, , 
23360,269834,2015020671,6,67,67301,2015,1,5,930,9,1,1,0,4,1, , ,N,1,2,0,3,0,1,3,2,N, ,39 58:49.315,75 10:15.272,942, ,939, ,0, , , ,3, , , , , , , , , ,2,0,0,0,1,0,0,1,0,0,1,0,1,0,0,0,0,0,0,0,0,0,0,3,0,0,0,0,0,0,0,0,0,0,0,3,0,39.9804,-75.1709, , 
23361,269844,2015040882,6,67,67301,2015,3,5,1622,16,1,1,0,4,1, , ,N,1,3,0,3,0,1,4,2,N,N,39 55:04.029,75 10:04.526,1625, ,1622, ,0, ,N, ,3, , , , , , , , , ,2,1,0,0,0,0,1,0,0,0,0,1,1,0,2,0,0,0,0,0,0,0,0,0,0,0,0,0,0,0,0,0,0,0,0,4,0,39.9178,-75.1679, , 
23362,269857,2015051921,6,67,67301,2015,4,5,730,7,3,1,0,1,1, , ,N,1,2,0,3,0,2,2,2,N,N,39 59:33.987,75 08:42.421,815, ,807, ,0, ,N, ,3, , , , , , , , , ,2,1,0,0,0,0,1,0,0,0,1,1,2,0,0,0,0,0,0,0,0,0,0,0,0,0,0,0,0,0,0,0,0,0,0,3,0,39.9927,-75.1451, , 
23363,269875,2015015558,6,67,67301,2015,1,2,1505,15,8,4,1,4,1, , ,N,2,0,0,3,0,1,2,2,N,N,40 02:00.390,75 01:25.990,1532, ,1518, ,0, , , ,0, , , , , , , , , ,2,1,0,0,1,0,0,0,0,0,0,1,1,0,0,0,0,0,0,0,1,0,0,0,0,0,0,0,0,0,0,0,0,0,0,4,0,40.0334,-75.0239, , 
23364,269881,2015021924,6,67,67301,2015,1,4,1823,18,3,1,0,7,4, , ,N,0,0,0,3,0,1,1,1,N,N,40 06:03.521,74 59:18.453,1830, ,1825,2,1,4,N, ,0,N, , , , , , , , ,1,0,0,0,1,0,0,0,0,0,0,0,1,1,0,0,0,0,0,0,0,0,0,1,0,0,0,0,0,0,0,0,0,0,0,8,0,40.101,-74.9885, , 
23365,269882,2015022403,6,67,67301,2015,2,1,805,8,1,1,0,5,6, , ,N,0,0,0,3,0,0,1,2,N,N,40 00:27.835,75 04:32.208,815, ,809,2,2,5, , ,0,Y, , , , , , , , ,2,2,0,0,0,0,0,0,0,0,0,0,0,0,0,0,0,0,0,0,0,0,0,0,0,0,0,0,0,0,0,0,0,0,0,0,0,40.0077,-75.0756, , 
23366,269893,2015036580,6,67,67301,2015,3,4,1230,12,1,1,0,8,1, , ,N,0,0,0,3,0,1,2,2,N,N,40 07:19.128,75 00:46.134,1237, ,1232, ,0, ,N, ,0, , , , , , , , , ,1,0,0,0,0,0,0,0,0,0,0,0,1,1,0,0,0,0,0,0,0,0,0,0,0,0,0,0,0,0,0,0,1,0,0,8,0,40.122,-75.0128, , 
23367,269903,2015051963,6,67,67301,2015,5,1,2340,23,3,1,0,4,1, , ,N,1,2,0,3,0,1,2,2,N,N,40 03:23.345,75 02:47.046,2350, ,2345,1,1,1,N, ,3,N, , , , , , , , ,2,1,0,0,0,0,1,0,0,0,0,1,1,0,0,0,0,0,0,0,0,0,0,0,0,0,0,0,0,0,0,0,0,0,0,4,0,40.0565,-75.0464, , 
23368,269932,2015028884,6,67,67301,2015,2,3,1545,15,1,1,0,4,1, , ,N,2,2,0,3,0,1,3,3,N,N,40 00:45.170,75 03:29.345,1712, ,1710,1,1,4,N, ,3,N, , , , , , , , ,3,1,0,0,0,0,1,1,0,0,0,0,1,1,0,0,0,0,0,0,1,0,0,0,0,0,0,0,0,0,0,0,0,0,0,8,0,40.0125,-75.0582, , 
23369,269952,2015047532,6,67,67301,2015,4,2,415,4,3,1,0,4,1, , ,N,1,2,0,3,0,0,2,2,N, ,39 57:13.102,75 11:55.145,417, ,415,2,2,7, , ,3,N, , , , , , , , ,2,2,0,0,0,0,0,0,0,0,0,0,0,0,0,0,0,0,0,0,1,0,0,0,0,0,0,0,0,0,0,0,0,0,0,0,0,39.9536,-75.1986, , 
23370,269985,2015034155,6,67,67301,2015,3,7,2243,22,3,1,0,8,1, , ,N,1,2,0,3,0,1,2,2,N,N,39 55:05.239,75 10:51.193,2329, ,2323, ,0, ,N, ,3, , , , , , , , , ,1,1,0,0,0,0,0,0,0,0,0,0,1,1,0,0,0,0,0,0,0,0,0,0,0,0,0,0,0,0,0,0,1,0,0,8,0,39.9181,-75.1809, , 
23371,270003,2015056270,6,67,67301,2015,5,2,1433,14,1,1,0,1,1, , ,N,0,0,0,3,0,1,4,2,N,N,39 56:30.179,75 11:39.332,1505, ,1443,2,2,4,N, ,0,N, , , , , , , , ,2,1,0,0,0,0,1,0,0,0,0,0,1,1,0,0,0,0,0,0,0,0,0,0,0,0,0,0,0,0,0,0,0,0,0,8,0,39.9417,-75.1943, , 
23372,270022,2015012370,6,67,67301,2015,1,2,951,9,1,2,1,4,1, , ,N,0,0,0,3,0,2,2,2,N,N,40 00:52.678,75 07:33.232,953, ,953, ,0, ,N, ,0, , , , , , , , , ,2,2,0,0,0,0,0,0,0,0,0,2,2,0,0,0,0,0,0,0,0,1,0,0,0,0,0,0,0,0,0,0,0,0,0,4,0,40.0146,-75.1259, , 
23373,270034,2015028800,6,67,67301,2015,2,1,1924,19,3,3,5,4,1, , ,N,1,2,0,3,0,3,8,2,N, ,39 59:09.671,75 08:29.563,1924, ,1924, ,0, , , ,3, , , , , , , , , ,2,2,0,0,0,0,0,0,0,0,0,0,3,3,0,0,0,0,0,0,0,0,0,0,0,0,0,0,0,0,0,0,0,0,0,8,0,39.986,-75.1415, , 
23374,270048,2015040958,6,67,67301,2015,3,1,1330,13,1,1,0,4,1, , ,N,2,2,0,3,0,3,11,4,N, ,40 03:46.988,75 05:11.702,1347, ,1340, ,0, , , ,3, , , , , , , , , ,4,2,0,0,1,0,1,0,0,0,0,3,3,0,0,0,0,0,0,0,0,0,0,0,0,0,0,0,0,0,0,0,0,0,0,4,0,40.0631,-75.0866, , 
23375,270055,2015047584,6,67,67301,2015,4,6,2300,23,3,1,0,4,1, , ,N,1,2,0,3,0,1,2,2,N,N,39 57:59.526,75 09:29.818,519, ,519, ,0, ,N, ,3, , , , , , , , , ,2,2,0,0,0,0,0,0,0,0,0,0,1,1,0,0,0,0,0,0,0,0,0,0,0,0,0,0,0,0,0,0,0,0,0,8,0,39.9665,-75.1583, , 
23376,273338,2015009618,6,67,67301,2015,1,1,1658,16,3,1,1,1,1, , ,N,1,3,0,3,0,2,3,2,N,N,39 58:00.577,75 14:30.400,1725, ,1714, ,0, ,N, ,3, , , , , , , , , ,2,1,0,0,0,0,1,0,0,0,0,0,2,2,0,0,0,0,0,0,1,0,0,0,0,0,0,0,0,0,0,0,0,0,0,8,0,39.9668,-75.2418, , 
23377,273347,2015020816,6,67,67301,2015,2,4,1806,18,3,1,0,4,1, , ,N,2,0,0,3,0,1,2,2,N,N,39 59:33.692,75 08:40.155,1818, ,1806, ,0, ,N, ,0, , , , , , , , , ,2,0,1,0,0,0,0,1,0,0,0,0,1,1,0,0,0,0,0,0,0,0,0,0,0,0,0,0,0,0,0,0,0,0,0,8,0,39.9926,-75.1445, , 
23378,273356,2015033725,6,67,67301,2015,2,5,853,8,1,1,6,7,5, , ,N,1,2,0,3,0,1,1,1,N, ,39 56:04.959,75 09:08.434,857, ,854, ,0, , , ,3, , , , , , , , , ,1,1,0,0,0,0,0,0,0,0,1,0,1,0,0,0,0,0,0,0,0,0,0,0,0,0,0,0,0,0,0,0,0,0,0,3,0,39.9347,-75.1523, , 
23379,273363,2015042899,6,67,67301,2015,3,3,820,8,1,1,0,1,1, , ,N,0,0,0,3,0,1,2,2,N, ,40 06:04.606,75 02:27.540,823, ,821,1,1,1, , ,0,N, , , , , , , , ,2,1,0,0,0,0,1,0,0,0,0,1,1,0,1,0,0,0,0,0,1,0,0,0,0,0,0,0,0,0,0,0,0,0,0,4,0,40.1013,-75.041, , 
23380,273371,2015051481,6,67,67301,2015,5,2,1600,16,1,1,0,8,1, , ,N,1,3,0,3,0,1,2,2,N,N,40 02:52.594,75 08:47.025,1610, ,1610, ,0, ,N, ,3, , , , , , , , , ,1,1,0,0,0,0,0,0,0,0,1,0,1,0,0,0,0,0,0,0,0,0,0,0,0,0,0,0,0,0,0,0,1,0,0,3,0,40.0479,-75.1464, , 
23381,273372,2015052290,6,67,67301,2015,4,5,820,8,1,1,0,5,1, , ,N,1,3,0,3,0,1,2,2,N, ,39 56:20.835,75 11:06.525,833, ,830,1,1,2, , ,3,N, , , , , , , , ,2,2,0,0,0,0,0,0,0,0,0,1,1,0,0,0,0,0,0,0,0,0,0,0,0,0,0,0,0,0,0,0,0,0,0,4,0,39.9391,-75.1851, , 
23382,273378,2015054462,6,67,67301,2015,4,6,115,1,3,1,0,7,2, , ,N,0,0,0,3,0,0,4,3,N,N,39 54:05.345,75 09:07.398,125, ,116,1,2,1,N, ,0,N, , , , , , , , ,3,3,0,0,0,0,0,0,0,0,0,0,0,0,0,0,0,0,0,0,1,0,0,0,0,0,0,0,0,0,0,0,0,0,0,0,0,39.9015,-75.1521, , 
23383,273398,2015026221,6,67,67301,2015,2,1,1745,17,1,1,0,7,4, , ,N,7,0,2,3,0,0,1,1,N,N,39 53:35.717,75 13:42.269,1745, ,1745, ,0, ,N, ,0, , , , , , , , , ,1,1,0,0,0,0,0,0,0,0,0,0,0,0,0,0,0,0,0,0,1,0,0,1,0,0,0,0,0,0,0,0,0,0,0,0,0,39.8933,-75.2284, , 
23384,273434,2015015151,6,67,67301,2015,2,1,944,9,1,1,0,7,3, , ,N,0,0,0,3,0,1,1,1,N,N,39 58:05.857,75 07:47.482,1006, ,945,1,1,2,N, ,0,N, , , , , , , , ,1,1,0,0,0,0,0,0,0,0,0,1,1,0,0,0,0,0,0,0,1,0,0,1,0,0,0,0,0,0,0,0,0,0,0,4,0,39.9683,-75.1299, , 
23385,273435,2015015548,6,67,67301,2015,1,5,2217,22,3,1,0,5,6, , ,N,0,0,0,3,0,0,1,2,N, ,40 02:31.954,75 09:52.884,35, ,28, ,0, , , ,0, , , , , , , , , ,2,1,0,0,0,0,1,0,0,0,0,0,0,0,0,0,1,0,0,0,0,0,0,0,0,0,0,0,0,0,0,0,0,0,0,0,0,40.0422,-75.1647, , 
23386,273439,2015022573,6,67,67301,2015,2,7,2029,20,2,1,0,5,1, , ,N,0,0,0,3,0,0,7,4,N,N,39 57:35.160,75 10:40.601,2037, ,2031,2,1,4,N, ,0,N, , , , , , , , ,4,3,0,0,0,0,1,0,0,0,0,0,0,0,2,0,0,0,0,0,2,0,0,0,0,0,0,0,0,0,0,0,0,0,0,9,0,39.9598,-75.1779, , 
23387,273454,2015034159,6,67,67301,2015,2,6,945,9,1,1,0,4,1, , ,N,2,3,0,3,0,1,3,2,N,N,40 00:24.409,75 07:55.714,951, ,947, ,0, ,N, ,3, , , , , , , , , ,2,1,0,0,0,0,1,0,0,0,0,1,1,0,0,0,0,0,1,0,0,0,0,0,0,0,0,0,0,0,0,0,0,0,0,4,0,40.0068,-75.1321, , 
23388,273459,2015038237,6,67,67301,2015,3,4,900,9,1,1,0,4,1, , ,N,0,0,0,3,0,0,2,2,Y,N,39 57:40.599,75 10:56.774,911, ,900, ,0, ,N, ,0, , , , , , , , , ,2,0,0,1,0,0,1,0,0,0,0,0,0,0,0,0,0,0,0,0,0,1,0,0,0,0,0,0,0,0,0,0,0,0,0,0,1,39.9613,-75.1824, , 
23389,273497,2015026473,6,67,67301,2015,2,1,2010,20,2,1,0,0,1, , ,N,0,0,0,3,0,0,2,1,N,N,40 00:31.246,75 04:11.252,2015, ,2015,2,2,2,N, ,0,N, , , , , , , , ,1,0,0,0,0,0,1,0,0,0,0,0,0,0,0,0,0,0,0,0,0,0,0,0,0,0,0,0,0,0,0,0,0,0,0,0,0,40.0087,-75.0698, , 
23390,273514,2015042332,6,67,67301,2015,4,4,907,9,1,1,0,4,1, , ,N,1,2,0,3,0,0,2,2,N,N,39 59:25.796,75 14:57.065,910, ,907, ,0, ,N, ,3, , , , , , , , , ,2,2,0,0,0,0,0,0,0,0,0,0,0,0,0,0,0,0,0,0,0,1,0,0,0,0,0,0,0,0,0,0,0,0,0,0,0,39.9905,-75.2492, , 
23391,273516,2015042807,6,67,67301,2015,3,3,1520,15,1,2,1,4,1, , ,N,1,2,0,3,0,2,3,2,N,N,40 01:50.025,75 08:47.329,9999, ,1520, ,0, ,N, ,3, , , , , , , , , ,2,1,0,0,0,0,0,1,0,0,0,2,2,0,0,0,0,0,0,0,0,0,0,0,0,0,0,0,0,0,0,0,0,0,0,4,0,40.0306,-75.1465, , 
23392,273517,2015042818,6,67,67301,2015,4,4,915,9,1,1,0,4,1, , ,N,1,2,0,3,0,2,3,2,N,N,40 02:16.393,75 08:22.102,945, ,945, ,0, ,N, ,3, , , , , , , , , ,2,1,0,0,0,0,1,0,0,0,0,2,2,0,0,0,0,0,0,0,1,0,0,0,0,0,0,0,0,0,0,0,0,0,0,4,0,40.0379,-75.1395, , 
23393,273522,2015048185,6,67,67301,2015,5,1,1445,14,1,1,0,5,1, , ,N,0,0,0,3,0,1,2,2,N,N,40 00:06.496,75 09:10.368,1455, ,1450,1,1,2,N, ,0,N, , , , , , , , ,1,0,0,0,0,0,0,1,1,0,1,0,1,0,0,0,0,0,0,0,0,0,0,0,0,0,0,0,0,0,0,0,0,0,0,3,0,40.0018,-75.1529, , 
23394,273523,2015049032,6,67,67301,2015,4,7,1550,15,1,1,0,8,1, , ,N,0,0,0,3,0,1,2,2,N,N,39 56:59.834,75 10:08.959,1554, ,1552,1,1,4,N, ,0,N, , , , , , , , ,1,1,0,0,0,0,0,0,0,0,0,1,1,0,0,0,0,0,0,0,0,0,0,0,0,0,0,0,0,0,0,0,1,0,0,4,0,39.95,-75.1692, , 
23395,280831,2015039532,6,67,67301,2015,3,6,1615,16,1,4,3,1,1, , ,N,0,0,0,3,0,1,4,2,N,N,40 02:37.302,75 08:59.517,1930, ,1930, ,0, ,N, ,0, , , , , , , , , ,2,1,0,0,0,0,1,0,0,0,0,1,1,0,0,0,0,0,0,1,0,0,0,0,0,0,0,0,0,0,0,0,0,0,0,4,0,40.0437,-75.1499, , 
23396,280837,2015042053,6,67,67301,2015,3,4,1215,12,1,1,0,1,1, , ,N,2,2,0,3,0,2,4,3,N,N,40 02:54.213,74 59:25.604,1235, ,1230, ,0, ,N, ,3, , , , , , , , , ,3,1,0,0,0,0,2,0,0,0,0,0,2,2,0,0,0,0,0,0,2,0,1,0,0,0,0,0,0,0,0,0,0,0,0,8,0,40.0483,-74.9904, , 
23397,280838,2015042730,6,67,67301,2015,4,4,1420,14,1,1,0,4,1, , ,N,0,0,7,3,0,1,4,2,N,N,39 55:19.742,75 11:15.740,1426, ,1420, ,0, ,N, ,0, , , , , , , , , ,2,2,0,0,0,0,0,0,0,0,0,1,1,0,0,0,0,0,0,0,1,0,0,0,0,0,0,0,0,0,0,0,0,0,0,4,0,39.9222,-75.1877, , 
23398,280845,2015051628,6,67,67301,2015,4,3,850,8,1,1,0,1,1, , ,N,0,0,0,3,0,1,3,3,N,N,39 56:41.838,75 11:27.462,857, ,852, ,0, ,N, ,0, , , , , , , , , ,3,2,0,0,0,1,0,0,0,0,0,0,1,1,0,0,0,0,0,0,1,0,0,0,0,0,0,0,0,0,0,0,0,0,0,8,0,39.945,-75.191, , 
23399,280847,2015051995,6,67,67301,2015,4,1,2022,20,3,1,0,7,4, , ,N,0,0,0,3,0,1,1,1,N,N,39 58:37.999,75 11:53.818,2026, ,2024,3,2,5,N, ,0,Y, , , , , , , , ,1,0,0,0,1,0,0,0,0,1,0,0,1,0,0,0,0,0,0,0,0,0,0,0,0,0,0,0,0,0,0,0,0,0,0,2,0,39.9772,-75.1983, , 
23400,280864,2015021892,6,67,67301,2015,2,4,1911,19,3,1,0,1,1, , ,N,1,2,0,3,0,1,3,3,N,N,40 05:20.314,75 01:15.336,1922, ,1912,2,1,2,N, ,3,N, , , , , , , , ,3,2,0,0,1,0,0,0,0,0,0,1,1,0,0,0,0,0,0,0,0,0,0,0,0,0,0,0,0,0,0,0,0,0,0,4,0,40.089,-75.0209, , 