objectid_1,objectid,crn,district,county,municipality,crash_year,crash_month,day_of_week,time_of_day,hour_of_day,illumination,weather,road_condition,collision_type,relation_to_road,work_zone_type,work_zone_loc,work_zone_ind,intersect_type,tcd_type,location_type,urban_rural,fatal_count,injury_count,person_count,total_units,sch_bus_ind,sch_zone_ind,latitude,longitude,arrival_tm,cons_zone_spd_lim,dispatch_tm,est_hrs_closed,lane_closed,ln_close_dir,ntfy_hiwy_maint,spec_juris_cd,tcd_func_cd,tfc_detour_ind,workers_pres,wz_close_detour,wz_flagger,wz_law_offcr_ind,wz_ln_closure,wz_moving,wz_other,wz_shlder_mdn,vehicle_count,automobile_count,motorcycle_count,bus_count,small_truck_count,heavy_truck_count,suv_count,van_count,bicycle_count,maj_inj_count,mod_inj_count,min_inj_count,tot_inj_count,unk_inj_deg_count,unk_inj_per_count,driver_count_16yr,driver_count_17yr,driver_count_18yr,driver_count_19yr,driver_count_20yr,driver_count_50_64yr,driver_count_65_74yr,driver_count_75plus,unbelted_occ_count,unb_death_count,unb_maj_inj_count,belted_death_count,belted_maj_inj_count,mcycle_death_count,mcycle_maj_inj_count,bicycle_death_count,bicycle_maj_inj_count,ped_count,ped_death_count,ped_maj_inj_count,max_severity_level,comm_veh_count,dec_lat,dec_long,rdwy_surf_type_cd,county_name
23401,280883,2015036619,6,67,67301,2015,3,4,810,8,1,1,1,4,1, , ,N,1,2,0,3,0,4,4,2,N,N,40 02:37.429,75 05:06.333,814, ,811,1,1,7,N, ,3,N, , , , , , , , ,2,1,0,0,0,0,1,0,0,0,0,0,4,4,0,0,0,0,0,0,0,0,0,0,0,0,0,0,0,0,0,0,0,0,0,8,0,40.0437,-75.0851, , 
23402,280888,2015042724,6,67,67301,2015,3,3,1656,16,3,2,1,4,1, , ,N,1,2,0,3,0,1,4,2,N, ,39 58:12.826,75 08:42.073,2005, ,1955, ,0, , , ,3, , , , , , , , , ,2,2,0,0,0,0,0,0,0,0,0,0,1,1,0,0,0,0,0,0,1,0,0,0,0,0,0,0,0,0,0,0,0,0,0,8,0,39.9702,-75.1451, , 
23403,280896,2015052349,6,67,67301,2015,4,7,111,1,3,1,0,1,1, , ,N,0,0,0,3,0,4,5,2,N,N,39 53:09.400,75 14:34.846,130, ,125, ,0, ,N, ,0, , , , , , , , , ,2,1,0,0,0,0,1,0,0,0,0,4,4,0,0,0,0,0,0,0,1,0,0,0,0,0,0,0,0,0,0,0,0,0,0,4,0,39.8859,-75.243, , 
23404,280943,2015040564,6,67,67301,2015,3,1,1924,19,3,1,0,5,6, , ,N,0,0,0,3,0,1,1,4,N,N,40 01:19.876,75 02:35.156,1929, ,1926, ,0, ,N, ,0, , , , , , , , , ,4,3,0,0,1,0,0,0,0,0,0,0,1,1,0,0,0,0,0,0,0,0,0,1,0,0,0,0,0,0,0,0,0,0,0,8,0,40.0222,-75.0431, , 
23405,280944,2015040860,6,67,67301,2015,3,6,1718,17,1,1,0,1,1, , ,N,2,0,0,3,0,0,2,2,N, ,40 07:10.776,75 00:31.301,1718, ,1718, ,0, , , ,0, , , , , , , , , ,2,1,0,0,0,0,1,0,0,0,0,0,0,0,0,0,0,0,0,0,0,0,0,0,0,0,0,0,0,0,0,0,0,0,0,0,0,40.1197,-75.0087, , 
23406,280945,2015042735,6,67,67301,2015,3,7,1229,12,1,1,0,8,1, , ,N,0,0,0,3,0,1,2,2,N,N,40 03:49.567,75 08:50.154,1229, ,1229, ,0, ,N, ,0, , , , , , , , , ,1,1,0,0,0,0,0,0,0,0,1,0,1,0,0,0,0,0,0,0,0,0,0,0,0,0,0,0,0,0,0,0,1,0,0,3,0,40.0638,-75.1473, , 
23407,280963,2015009596,6,67,67301,2015,1,3,755,7,1,4,3,8,1, , ,N,0,0,0,3,0,1,3,2,N,N,39 55:02.802,75 10:11.884,825, ,814, ,0, ,N, ,0, , , , , , , , , ,1,0,0,0,0,0,0,1,0,0,0,0,1,1,0,0,0,0,0,0,0,0,0,0,0,0,0,0,0,0,0,0,1,0,0,8,0,39.9174,-75.17, , 
23408,280990,2015038663,6,67,67301,2015,3,1,45,0,3,1,0,0,1, , ,N,0,0,0,3,1,0,2,1,N, ,40 01:01.426,75 12:38.607,115, ,100,3,2,5, ,0,0,Y, , , , , , , , ,1,0,0,0,0,1,0,0,0,0,0,0,0,0,0,0,0,0,0,0,0,0,0,2,1,0,0,0,0,0,0,0,0,0,0,1,1,40.0171,-75.2107,2, 
23409,281004,2015006100,6,67,67301,2015,1,5,1553,15,1,1,0,7,4, , ,N,0,0,0,3,0,1,1,1,N,N,40 00:22.391,75 07:39.389,1603, ,1601, ,0, ,N, ,0, , , , , , , , , ,1,1,0,0,0,0,0,0,0,0,0,1,1,0,0,0,0,0,0,0,0,0,0,0,0,0,0,0,0,0,0,0,0,0,0,4,0,40.0062,-75.1276, , 
23410,281011,2015015557,6,67,67301,2015,1,4,1020,10,1,1,0,1,6, , ,N,0,0,0,3,0,1,1,4,N, ,39 55:39.453,75 10:33.135,1037, ,1035,2,2,3, , ,0,Y, , , , , , , , ,4,2,0,0,0,0,1,1,0,0,0,0,1,1,0,0,0,0,0,0,0,0,0,0,0,0,0,0,0,0,0,0,0,0,0,8,0,39.9276,-75.1759, , 
23411,281029,2015036647,6,67,67301,2015,3,5,900,9,1,1,0,5,1, , ,N,0,0,0,3,0,1,2,2,N,N,39 55:32.995,75 10:21.554,1745, ,900, ,0, ,N, ,0, , , , , , , , , ,1,0,0,0,0,0,1,0,1,0,0,1,1,0,0,0,0,0,0,0,0,0,0,0,0,0,0,0,0,0,0,0,0,0,0,4,0,39.9258,-75.1727, , 
23412,281037,2015044696,6,67,67301,2015,3,2,1318,13,1,1,0,2,1, , ,N,2,0,0,3,1,2,3,2,N,N,40 02:26.959,75 02:58.653,1323, ,1321,3,2,5,N,0,0,Y, , , , , , , , ,2,0,0,0,0,0,1,0,0,0,1,0,2,1,0,0,0,0,1,0,0,0,0,0,0,0,0,0,0,0,0,0,0,0,0,1,0,40.0408,-75.0496,2, 
23413,277491,2015023653,6,67,67301,2015,2,6,2010,20,3,1,0,7,5, , ,N,0,0,0,3,0,0,1,1,N,N,40 01:52.370,75 07:34.586,2016, ,2014, ,0, ,N, ,0, , , , , , , , , ,1,1,0,0,0,0,0,0,0,0,0,0,0,0,0,0,0,0,0,0,0,0,0,0,0,0,0,0,0,0,0,0,0,0,0,0,0,40.0312,-75.1263, , 
23414,277492,2015023655,6,67,67301,2015,2,7,327,3,3,1,0,6,1, , ,N,0,0,0,3,0,0,2,2,N,N,39 58:51.528,75 12:18.706,340, ,335, ,0, ,N, ,0, , , , , , , , , ,2,1,0,0,0,0,1,0,0,0,0,0,0,0,1,0,0,0,0,0,0,0,0,0,0,0,0,0,0,0,0,0,0,0,0,9,0,39.981,-75.2052, , 
23415,277494,2015025062,6,67,67301,2015,2,3,1650,16,4,1,0,4,1, , ,N,1,2,0,3,0,1,2,2,N,N,39 55:25.798,75 14:12.901,1730, ,1720, ,0, ,N, ,3, , , , , , , , , ,2,1,0,0,0,0,0,1,0,0,0,1,1,0,0,0,0,0,0,0,0,0,0,0,0,0,0,0,0,0,0,0,0,0,0,4,0,39.9238,-75.2369, , 
23416,277498,2015028879,6,67,67301,2015,2,4,1225,12,1,1,0,4,1, , ,N,0,0,0,3,0,1,2,2,N,N,39 58:31.593,75 13:22.694,1255, ,1238, ,0, ,N, ,0, , , , , , , , , ,2,1,0,0,0,0,0,0,0,0,0,1,1,0,0,0,0,0,0,0,0,0,0,0,0,0,0,0,0,0,0,0,0,0,0,4,0,39.9754,-75.223, , 
23417,277510,2015038690,6,67,67301,2015,3,7,1350,13,1,2,1,5,1, , ,N,6,4,2,3,0,1,4,2,N,N,40 06:17.782,74 59:35.978,1355, ,1352,1,2,3,N, ,3,N, , , , , , , , ,2,1,0,0,1,0,0,0,0,0,0,1,1,0,0,0,0,0,0,0,0,0,0,0,0,0,0,0,0,0,0,0,0,0,0,4,0,40.1063,-74.995, , 
23418,277540,2015015595,6,67,67301,2015,1,1,1838,18,3,2,1,4,1, , ,N,1,2,0,3,0,3,4,2,N,N,40 02:25.164,75 03:30.735,1840, ,1838,1,1,1,N, ,3,N, , , , , , , , ,2,2,0,0,0,0,0,0,0,0,0,3,3,0,0,0,0,0,0,0,0,0,0,0,0,0,0,0,0,0,0,0,0,0,0,4,0,40.0402,-75.0584, , 
23419,277572,2015061919,6,67,67301,2015,5,6,1545,15,1,1,0,1,1, , ,N,1,3,0,3,0,2,2,2,N,N,39 59:27.276,75 06:17.600,1615, ,1603, ,0, ,N, ,3, , , , , , , , , ,2,2,0,0,0,0,0,0,0,0,0,0,2,2,0,0,0,0,0,0,0,0,0,0,0,0,0,0,0,0,0,0,0,0,0,8,0,39.9909,-75.1049, , 
23420,277607,2015035191,6,67,67301,2015,3,2,1128,11,1,1,0,4,1, , ,N,1,3,0,3,0,1,2,2,N,N,39 57:38.541,75 14:13.174,1132, ,1129, ,0, ,N, ,3, , , , , , , , , ,2,2,0,0,0,0,0,0,0,0,0,1,1,0,0,0,0,0,0,0,0,0,0,0,0,0,0,0,0,0,0,0,0,0,0,4,0,39.9607,-75.237, , 
23421,277611,2015038696,6,67,67301,2015,3,3,2245,22,3,2,1,4,1, , ,N,1,2,0,3,0,1,2,2,N,N,39 57:51.613,75 14:03.292,15, ,11, ,0, ,N, ,2, , , , , , , , , ,2,2,0,0,0,0,0,0,0,0,0,0,1,1,0,0,0,0,0,0,0,0,0,0,0,0,0,0,0,0,0,0,0,0,0,8,0,39.9643,-75.2342, , 
23422,277621,2015049063,6,67,67301,2015,4,2,1615,16,1,1,0,8,1, , ,N,2,0,0,3,0,1,2,2,N, ,40 00:59.152,75 12:38.052,1635, ,1628, ,0, , , ,0, , , , , , , , , ,1,0,0,0,1,0,0,0,0,0,0,0,1,1,0,0,0,0,0,0,0,0,0,0,0,0,0,0,0,0,0,0,1,0,0,8,0,40.0164,-75.2106, , 
23423,277623,2015051489,6,67,67301,2015,4,4,1532,15,1,1,0,4,1, , ,N,1,2,0,3,0,1,2,2,N,N,39 58:50.960,75 14:47.799,1545, ,1536, ,0, ,N, ,3, , , , , , , , , ,2,1,0,0,1,0,0,0,0,0,1,0,1,0,0,0,0,0,0,0,0,0,0,2,0,0,0,0,0,0,0,0,0,0,0,3,0,39.9809,-75.2465, , 
23424,277632,2015006090,6,67,67301,2015,1,1,26,0,3,2,1,4,1, , ,N,1,3,0,3,0,0,2,3,N,N,40 00:10.512,75 07:37.113,32, ,28, ,0, ,N, ,3, , , , , , , , , ,3,2,0,0,0,0,0,1,0,0,0,0,0,0,0,0,0,0,0,0,1,0,0,0,0,0,0,0,0,0,0,0,0,0,0,0,0,40.0029,-75.127, , 
23425,277637,2015012350,6,67,67301,2015,1,2,1924,19,3,2,1,8,1, , ,N,1,3,0,3,0,1,2,2,N,N,39 59:06.277,75 08:48.472,1928, ,1924, ,0, ,N, ,3, , , , , , , , , ,1,1,0,0,0,0,0,0,0,0,0,1,1,0,0,0,0,0,0,0,0,0,0,0,0,0,0,0,0,0,0,0,1,0,0,4,0,39.9851,-75.1468, , 
23426,277655,2015034169,6,67,67301,2015,3,6,1652,16,1,1,1,1,1, , ,N,1,2,0,3,0,2,2,2,N,N,40 04:49.700,74 58:38.137,1658, ,1655, ,0, ,N, ,3, , , , , , , , , ,2,1,0,0,0,0,1,0,0,0,0,2,2,0,0,0,0,0,0,0,0,0,0,0,0,0,0,0,0,0,0,0,0,0,0,4,0,40.0804,-74.9771, , 
23427,277661,2015038635,6,67,67301,2015,3,7,2145,21,3,1,0,4,1, , ,N,2,0,0,3,0,0,3,2,N,N,39 57:25.244,75 08:56.346,2153, ,2150, ,0, ,N, ,0, , , , , , , , , ,2,1,0,0,0,0,1,0,0,0,0,0,0,0,0,0,0,0,0,0,0,0,0,0,0,0,0,0,0,0,0,0,0,0,0,0,0,39.9571,-75.149, , 
23428,277712,2015051483,6,67,67301,2015,5,7,1035,10,1,1,0,4,1, , ,N,1,3,0,3,0,2,4,3,N,N,39 58:40.076,75 09:44.002,1042, ,1037, ,0, ,N, ,3, , , , , , , , , ,3,3,0,0,0,0,0,0,0,0,0,0,2,2,2,0,0,0,0,0,0,0,0,0,0,0,0,0,0,0,0,0,0,0,0,8,0,39.9778,-75.1622, , 
23429,277718,2015054004,6,67,67301,2015,5,2,1515,15,1,1,0,5,1, , ,N,0,0,0,3,0,1,2,2,N, ,39 56:49.178,75 09:55.195,1520, ,1515, ,0, , , ,0, , , , , , , , , ,1,0,0,0,0,0,1,0,1,0,0,0,1,1,0,0,0,0,0,0,0,1,0,0,0,0,0,0,0,0,0,0,0,0,0,8,0,39.947,-75.1653, , 
23430,277719,2015054815,6,67,67301,2015,5,2,1510,15,1,1,0,7,4, , ,N,0,0,0,3,0,2,2,1,N,N,39 58:34.174,75 11:42.800,1527, ,1513, ,0, ,N, ,0, , , , , , , , , ,1,1,0,0,0,0,0,0,0,0,0,0,2,2,0,0,0,0,1,0,0,0,0,0,0,0,0,0,0,0,0,0,0,0,0,8,0,39.9762,-75.1952, , 
23431,277729,2015061737,6,67,67301,2015,5,1,541,5,5,1,0,1,6, , ,N,0,0,0,3,0,2,2,3,N, ,39 59:42.756,75 06:57.639,541, ,541,2,2,6, , ,0,Y, , , , , , , , ,3,1,0,0,1,0,1,0,0,0,1,1,2,0,0,0,0,0,0,0,0,0,0,0,0,0,0,0,0,0,0,0,0,0,0,3,0,39.9952,-75.116, , 
23432,270074,2015018980,6,67,67301,2015,1,4,1545,15,1,4,1,1,1, , ,N,0,0,0,3,0,2,3,3,N,N,40 00:55.900,75 12:32.454,1600, ,1550, ,0, ,N, ,0, , , , , , , , , ,3,2,0,0,0,0,1,0,0,0,0,2,2,0,0,0,0,0,0,0,0,0,0,0,0,0,0,0,0,0,0,0,0,0,0,4,0,40.0155,-75.209, , 
23433,270101,2015052401,6,67,67301,2015,5,4,748,7,1,1,0,1,1, , ,N,0,0,0,3,0,0,2,2,N,N,39 57:35.952,75 10:43.251,820, ,800, ,0, ,N, ,0, , , , , , , , , ,2,2,0,0,0,0,0,0,0,0,0,0,0,0,0,0,0,0,0,0,0,0,0,0,0,0,0,0,0,0,0,0,0,0,0,0,0,39.96,-75.1787, , 
23434,270110,2015009631,6,67,67301,2015,1,1,43,0,3,1,0,1,1, , ,N,0,0,0,3,0,0,2,2,N,N,40 00:51.171,75 10:42.771,49, ,45, ,0, ,N, ,0, , , , , , , , , ,2,0,0,0,1,0,1,0,0,0,0,0,0,0,0,0,0,0,0,0,1,0,0,0,0,0,0,0,0,0,0,0,0,0,0,0,0,40.0142,-75.1785, , 
23435,270136,2015043237,6,67,67301,2015,3,6,1552,15,1,1,0,4,1, , ,N,1,2,0,3,0,3,3,2,N,N,40 03:17.618,75 09:16.149,1620, ,1610, ,0, ,N, ,3, , , , , , , , , ,2,2,0,0,0,0,0,0,0,0,1,2,3,0,0,0,0,0,0,0,0,0,0,0,0,0,0,0,0,0,0,0,0,0,0,3,0,40.0549,-75.1545, , 
23436,270145,2015051946,6,67,67301,2015,4,4,2007,20,3,1,0,1,1, , ,N,1,2,0,3,0,1,4,2,N,N,39 59:12.447,75 10:50.908,2041, ,2007, ,0, ,N, ,3, , , , , , , , , ,2,1,0,0,0,0,1,0,0,0,0,0,1,1,0,0,0,0,0,0,1,0,0,0,0,0,0,0,0,0,0,0,0,0,0,8,0,39.9868,-75.1808, , 
23437,270158,2015012340,6,67,67301,2015,1,5,1450,14,1,1,8,1,1, , ,N,0,0,0,3,0,2,2,5,N,N,40 00:32.442,75 11:39.291,1520, ,1500,3,2,1,N, ,0,Y, , , , , , , , ,5,5,0,0,0,0,0,0,0,0,0,0,2,2,0,0,0,1,0,0,0,0,0,1,0,0,0,0,0,0,0,0,0,0,0,8,0,40.009,-75.1942, , 
23438,270188,2015036637,6,67,67301,2015,3,1,1518,15,1,1,0,4,1, , ,N,0,0,7,3,0,1,6,2,N,N,39 56:07.571,75 09:16.690,1524, ,1520, ,0, ,N, ,0, , , , , , , , , ,2,0,0,0,0,0,1,1,0,0,0,0,1,1,0,0,0,0,0,0,0,1,0,5,0,0,0,0,0,0,0,0,0,0,0,8,0,39.9354,-75.1546, , 
23439,270238,2015045473,6,67,67301,2015,4,7,2110,21,3,1,0,5,1, , ,N,0,0,6,3,0,1,3,2,N,N,40 01:59.781,75 04:36.925,2110, ,2110,2,1,1,N, ,0,N, , , , , , , , ,2,1,1,0,0,0,0,0,0,1,0,0,1,0,0,0,0,0,0,0,0,0,0,0,0,0,0,0,0,1,0,0,0,0,0,2,0,40.0333,-75.0769, , 
23440,270247,2015056527,6,67,67301,2015,5,7,108,1,3,1,0,4,1, , ,N,1,2,0,3,0,2,2,2,N,N,40 00:46.713,75 07:09.797,108, ,108, ,0, ,N, ,3, , , , , , , , , ,2,1,0,0,0,0,1,0,0,0,1,1,2,0,0,0,0,0,0,0,0,0,0,1,0,0,0,0,0,0,0,0,0,0,0,3,0,40.013,-75.1194, , 
23441,270256,2015012145,6,67,67301,2015,1,5,1440,14,1,1,0,1,1,1,4,Y,0,0,0,3,0,1,5,5,N,N,39 58:00.930,75 08:04.076,1505,45,1440, ,0, ,N, ,0, ,N,N,N,N,N,N,N,Y,5,3,0,0,0,0,2,0,0,0,0,1,1,0,1,0,0,0,0,1,0,0,0,0,0,0,0,0,0,0,0,0,0,0,0,4,0,39.9669,-75.1345, , 
23442,270278,2015047633,6,67,67301,2015,4,3,9999,99,1,1,0,4,1, , ,N,1,0,0,3,0,1,1,4,N,N,40 02:52.270,75 05:08.379,1152, ,1144, ,0, ,N, ,0, , , , , , , , , ,4,1,0,0,0,0,3,0,0,0,0,1,1,0,0,0,0,0,0,0,0,0,0,0,0,0,0,0,0,0,0,0,0,0,0,4,0,40.0479,-75.0857, , 
23443,270284,2015050635,6,46,46102,2015,5,2,701,7,1,1,0,5,1, , ,N,1,2,0,3,0,1,2,2,N,N,40 04:26.865,75 09:30.131,710, ,701,1,1,1,N, ,3,N, , , , , , , , ,2,2,0,0,0,0,0,0,0,0,0,0,1,1,0,0,0,0,0,0,1,0,0,0,0,0,0,0,0,0,0,0,0,0,0,8,0,40.0741,-75.1584, , 
23444,270285,2015051457,6,67,67301,2015,5,6,923,9,1,1,0,4,1, , ,N,2,3,0,3,0,1,2,2,N, ,40 01:17.338,75 10:36.664,935, ,930, ,0, , , ,3, , , , , , , , , ,2,0,0,0,1,1,0,0,0,0,0,1,1,0,0,0,0,0,0,0,0,0,0,0,0,0,0,0,0,0,0,0,0,0,0,4,1,40.0215,-75.1769, , 
23445,270287,2015054800,6,67,67301,2015,5,6,1242,12,1,1,0,1,1, , ,N,0,0,0,3,0,1,2,2,N,N,40 00:59.280,75 03:05.548,1337, ,1312, ,0, ,N, ,0, , , , , , , , , ,2,2,0,0,0,0,0,0,0,0,0,1,1,0,0,0,0,0,0,0,0,0,0,1,0,0,0,0,0,0,0,0,0,0,0,4,0,40.0165,-75.0515, , 
23446,270334,2015049102,6,67,67301,2015,4,3,1146,11,1,1,0,4,1, , ,N,5,2,3,3,0,4,5,2,N,N,40 01:53.078,75 05:05.038,1200, ,1156,9,1,1,N, ,3,N, , , , , , , , ,2,1,0,0,1,0,0,0,0,0,0,4,4,0,0,0,0,0,0,0,0,0,0,0,0,0,0,0,0,0,0,0,0,0,0,4,0,40.0314,-75.0847, , 
23447,270366,2015034249,6,67,67301,2015,3,3,813,8,1,1,0,1,1, , ,N,0,0,2,3,0,1,3,3,N,N,39 57:19.370,75 08:28.207,846, ,825,2,2,1,N, ,0,Y, , , , , , , , ,3,3,0,0,0,0,0,0,0,0,0,1,1,0,0,0,0,0,0,0,1,0,0,0,0,0,0,0,0,0,0,0,0,0,0,4,0,39.9554,-75.1412, , 
23448,270414,2015029921,6,67,67301,2015,3,2,842,8,1,1,0,5,1, , ,N,0,2,0,3,0,0,1,6,N,N,39 58:54.393,75 09:37.720,848, ,845, ,0, ,N, ,3, , , , , , , , , ,6,4,0,0,0,0,2,0,0,0,0,0,0,0,0,0,0,0,0,0,0,1,0,0,0,0,0,0,0,0,0,0,0,0,0,0,0,39.9818,-75.1605, , 
23449,270416,2015035164,6,67,67301,2015,3,1,400,4,3,1,6,1,1, , ,N,1,3,0,3,0,3,6,2,N,N,40 01:00.858,75 04:38.107,425, ,419,3,2,1,N, ,3,Y, , , , , , , , ,2,2,0,0,0,0,0,0,0,0,0,3,3,0,0,0,0,0,0,0,0,0,0,0,0,0,0,0,0,0,0,0,0,0,0,4,0,40.0169,-75.0773, , 
23450,273530,2015006056,6,67,67301,2015,1,7,235,2,3,1,0,7,4, , ,N,0,0,0,3,0,1,3,1,N, ,39 56:00.799,75 08:40.541,244, ,238, ,0, ,N, ,0, , , , , , , , , ,1,0,0,0,0,0,1,0,0,0,0,1,1,0,0,0,0,0,0,0,0,0,0,0,0,0,0,0,0,0,0,0,0,0,0,4,0,39.9336,-75.1446, , 
23451,273532,2015012715,6,67,67301,2015,1,3,710,7,1,1,0,3,1, , ,N,0,0,7,3,0,1,3,2,N,N,40 05:10.608,75 02:30.937,718, ,715, ,0, , , ,0, , , , , , , , , ,2,1,0,0,0,0,1,0,0,0,0,1,1,0,0,0,0,0,0,0,1,0,0,0,0,0,0,0,0,0,0,0,0,0,0,4,0,40.0863,-75.0419, , 
23452,273539,2015020864,6,67,67301,2015,2,2,705,7,1,2,1,4,1, , ,N,0,0,0,3,0,2,2,3,N,N,39 54:11.354,75 08:22.833,712, ,708, ,0, ,N, ,0, , , , , , , , , ,3,2,0,0,0,0,1,0,0,0,0,2,2,0,0,0,0,0,0,0,1,0,0,0,0,0,0,0,0,0,0,0,0,0,0,4,0,39.9032,-75.1397, , 
23453,273554,2015048998,6,67,67301,2015,4,5,1700,17,1,9,8,1,1, , ,N,2,2,0,3,0,1,2,2,N, ,40 02:53.993,74 59:25.348,1110, ,1110, ,0, , , ,3, , , , , , , , , ,2,1,0,0,0,0,1,0,0,0,0,1,1,0,1,0,0,0,0,0,1,0,0,0,0,0,0,0,0,0,0,0,0,0,0,4,0,40.0483,-74.9904, , 
23454,273559,2015050054,6,67,67301,2015,4,6,1355,13,1,1,0,1,1, , ,N,0,0,0,3,0,0,2,2,N,N,39 58:38.210,75 06:46.740,1542, ,1449,9,9, ,N, ,0,U, , , , , , , , ,2,1,0,0,0,0,1,0,0,0,0,0,0,0,0,0,0,0,0,0,0,0,0,0,0,0,0,0,0,0,0,0,0,0,0,0,0,39.9773,-75.113, , 
23455,273572,2015067943,6,67,67301,2015,6,1,1034,10,1,1,0,4,1, , ,N,1,2,0,3,0,1,2,2,N, ,39 57:39.481,75 10:30.590,1046, ,1041, ,0, , , ,3, , , , , , , , , ,1,0,0,0,0,0,1,0,1,0,0,1,1,0,0,0,0,0,0,0,0,0,0,0,0,0,0,0,0,0,0,0,0,0,0,4,0,39.961,-75.1752, , 
23456,273580,2015008688,6,67,67301,2015,1,5,1607,16,1,1,0,1,1, , ,N,0,0,0,3,0,0,3,2,N,N,39 59:22.193,75 05:15.520,1612, ,1608, ,0, ,N, ,0, , , , , , , , , ,2,1,0,0,0,0,1,0,0,0,0,0,0,0,0,0,0,0,0,0,0,0,0,0,0,0,0,0,0,0,0,0,0,0,0,0,0,39.9895,-75.0876, , 
23457,273605,2015042856,6,67,67301,2015,3,6,1505,15,1,1,0,1,1, , ,N,1,2,0,3,0,1,2,2,N, ,39 59:35.701,75 08:57.301,9999, ,9999, ,0, , , ,3, , , , , , , , , ,2,1,0,0,0,0,0,1,0,0,0,1,1,0,0,0,0,0,0,0,1,0,0,0,0,0,0,0,0,0,0,0,0,0,0,4,0,39.9932,-75.1492, , 
23458,273615,2015049154,6,67,67301,2015,4,1,453,4,3,1,0,6,6, , ,N,0,0,0,3,0,1,1,3,N, ,40 00:42.498,75 08:30.858,456, ,454,3,1,1, , ,0,N, , , , , , , , ,3,1,0,0,0,0,2,0,0,0,0,1,1,0,0,0,0,0,0,0,0,0,0,0,0,0,0,0,0,0,0,0,0,0,0,4,0,40.0118,-75.1419, , 
23459,273653,2015028842,6,67,67301,2015,2,6,2243,22,3,1,0,1,1, , ,N,1,2,0,3,0,0,2,2,N, ,40 02:00.178,75 07:52.165,2324, ,2317,2,1,1, , ,3,N, , , , , , , , ,2,1,0,0,0,0,1,0,0,0,0,0,0,0,0,0,0,0,0,0,0,0,0,0,0,0,0,0,0,0,0,0,0,0,0,0,0,40.0334,-75.1312, , 
23460,273661,2015036366,6,67,67301,2015,3,1,2139,21,2,1,0,5,4, , ,N,0,0,0,3,0,2,2,2,N,N,39 59:03.806,75 12:29.521,2145, ,2140,2,2,4,N, ,0,N, , , , , , , , ,2,1,0,0,0,0,1,0,0,0,0,0,2,2,0,0,0,0,0,0,0,0,0,0,0,0,0,0,0,0,0,0,0,0,0,8,0,39.9844,-75.2082, , 
23461,273669,2015044450,6,67,67301,2015,3,3,540,5,3,1,0,1,1, , ,N,0,0,0,3,0,0,4,2,N,N,39 57:41.483,75 10:57.321,545, ,545,3,1,3,N, ,0,Y, , , , , , , , ,2,1,0,0,0,0,0,1,0,0,0,0,0,0,0,0,0,0,0,0,0,0,0,0,0,0,0,0,0,0,0,0,0,0,0,0,0,39.9615,-75.1826, , 
23462,273685,2015025068,6,67,67301,2015,2,3,1452,14,1,1,0,1,1, , ,N,0,0,3,3,0,3,3,3,N,N,40 00:25.610,75 11:34.640,1520, ,1504,1,1,2,N, ,0,N, , , , , , , , ,3,3,0,0,0,0,0,0,0,0,0,3,3,0,0,0,0,0,0,0,0,0,0,0,0,0,0,0,0,0,0,0,0,0,0,4,0,40.0071,-75.193, , 
23463,273690,2015033741,6,67,67301,2015,3,1,1505,15,1,4,1,8,1, , ,N,1,3,0,3,0,1,2,2,N,N,39 55:13.533,75 09:31.424,1722, ,1718, ,0, ,N, ,3, , , , , , , , , ,1,0,0,0,0,0,1,0,0,0,1,0,1,0,0,0,0,0,0,0,0,0,0,0,0,0,0,0,0,0,0,0,1,0,0,3,0,39.9204,-75.1587, , 
23464,273694,2015036613,6,67,67301,2015,3,6,1625,16,1,1,0,4,1, , ,N,1,3,0,3,0,1,6,2,N,N,40 02:28.777,75 10:32.714,1625, ,1625, ,0, ,N, ,3, , , , , , , , , ,2,1,0,0,0,0,1,0,0,0,1,0,1,0,0,0,0,0,0,0,0,0,0,0,0,0,0,0,0,0,0,0,0,0,0,3,0,40.0413,-75.1758, , 
23465,273718,2015061792,6,67,67301,2015,5,3,1630,16,1,1,0,5,1, , ,N,0,0,0,3,0,1,2,2,N,N,39 56:45.662,75 11:04.267,1739, ,1739, ,0, ,N, ,0, , , , , , , , , ,1,1,0,0,0,0,0,0,1,0,0,0,1,1,0,0,0,0,0,0,0,0,0,0,0,0,0,0,0,0,0,0,0,0,0,8,0,39.946,-75.1845, , 
23466,273743,2015043207,6,67,67301,2015,4,7,2357,23,3,1,0,4,1, , ,N,1,2,0,3,0,1,2,2,N,N,39 57:46.033,75 14:04.433,0, ,9999,2,1,5,N, ,3,Y, , , , , , , , ,2,0,0,0,0,0,2,0,0,0,0,1,1,0,0,0,0,0,0,0,0,0,0,0,0,0,0,0,0,0,0,0,0,0,0,4,0,39.9628,-75.2346, , 
23467,273752,2015047608,6,67,67301,2015,4,2,1756,17,1,1,0,8,1, , ,N,0,0,0,3,0,1,2,2,N,N,39 56:03.393,75 11:29.526,1838, ,1836, ,0, ,N, ,0, , , , , , , , , ,1,1,0,0,0,0,0,0,0,1,0,0,1,0,0,0,0,0,0,0,0,0,0,0,0,0,0,0,0,0,0,0,1,0,1,2,0,39.9343,-75.1915, , 
23468,281092,2015049001,6,67,67301,2015,4,4,833,8,1,1,0,8,1, , ,N,0,0,0,3,0,1,2,2,N,Y,40 01:38.496,75 03:53.517,845, ,841,3,1,2,N, ,0,N, , , , , , , , ,1,0,0,1,0,0,0,0,0,0,0,0,1,1,0,0,0,0,0,0,0,0,0,0,0,0,0,0,0,0,0,0,1,0,0,8,1,40.0274,-75.0649, , 