objectid_1,objectid,crn,district,county,municipality,crash_year,crash_month,day_of_week,time_of_day,hour_of_day,illumination,weather,road_condition,collision_type,relation_to_road,work_zone_type,work_zone_loc,work_zone_ind,intersect_type,tcd_type,location_type,urban_rural,fatal_count,injury_count,person_count,total_units,sch_bus_ind,sch_zone_ind,latitude,longitude,arrival_tm,cons_zone_spd_lim,dispatch_tm,est_hrs_closed,lane_closed,ln_close_dir,ntfy_hiwy_maint,spec_juris_cd,tcd_func_cd,tfc_detour_ind,workers_pres,wz_close_detour,wz_flagger,wz_law_offcr_ind,wz_ln_closure,wz_moving,wz_other,wz_shlder_mdn,vehicle_count,automobile_count,motorcycle_count,bus_count,small_truck_count,heavy_truck_count,suv_count,van_count,bicycle_count,maj_inj_count,mod_inj_count,min_inj_count,tot_inj_count,unk_inj_deg_count,unk_inj_per_count,driver_count_16yr,driver_count_17yr,driver_count_18yr,driver_count_19yr,driver_count_20yr,driver_count_50_64yr,driver_count_65_74yr,driver_count_75plus,unbelted_occ_count,unb_death_count,unb_maj_inj_count,belted_death_count,belted_maj_inj_count,mcycle_death_count,mcycle_maj_inj_count,bicycle_death_count,bicycle_maj_inj_count,ped_count,ped_death_count,ped_maj_inj_count,max_severity_level,comm_veh_count,dec_lat,dec_long,rdwy_surf_type_cd,county_name
23739,271377,2015029989,6,67,67301,2015,2,3,1505,15,1,4,1,8,1, , ,N,0,0,0,3,0,1,2,2,N,N,40 01:29.740,75 02:50.096,1530, ,1515, ,0, ,N, ,0, , , , , , , , , ,1,1,0,0,0,0,0,0,0,0,1,0,1,0,1,0,0,0,1,0,0,0,0,0,0,0,0,0,0,0,0,0,1,0,0,3,0,40.0249,-75.0472, , 
23740,271385,2015038569,6,67,67301,2015,3,3,708,7,1,1,0,6,6, , ,N,0,0,0,3,0,1,1,2,N,N,40 00:29.993,75 05:03.066,713, ,708,9,1,1, , ,0,N, , , , , , , , ,2,1,0,0,0,1,0,0,0,0,0,1,1,0,0,0,0,0,0,0,0,0,0,1,0,0,0,0,0,0,0,0,0,0,0,4,1,40.0083,-75.0842, , 
23741,271396,2015051514,6,67,67301,2015,5,2,9999,99,1,1,0,4,1, , ,N,1,3,0,3,0,3,4,2,N,N,39 59:35.462,75 06:24.911,1505, ,1320, ,0, ,N, ,3, , , , , , , , , ,2,2,0,0,0,0,0,0,0,0,0,0,3,3,0,0,0,0,0,0,0,0,0,0,0,0,0,0,0,0,0,0,0,0,0,8,0,39.9932,-75.1069, , 
23742,271401,2015054802,6,67,67301,2015,5,6,1809,18,4,1,0,1,1, , ,N,0,0,0,3,0,0,2,2,N,N,39 57:26.375,75 09:30.379,1848, ,1817, ,0, ,N, ,0, , , , , , , , , ,2,2,0,0,0,0,0,0,0,0,0,0,0,0,0,0,0,0,0,0,0,0,0,0,0,0,0,0,0,0,0,0,0,0,0,0,0,39.9573,-75.1584, , 
23743,274632,2015061781,6,67,67301,2015,5,6,1204,12,1,1,0,1,1, , ,N,1,2,0,3,0,1,4,4,N,N,39 59:27.116,75 09:18.941,1207, ,1206, ,0, ,N, ,3, , , , , , , , , ,4,4,0,0,0,0,0,0,0,0,0,1,1,0,2,0,0,0,0,0,1,0,0,0,0,0,0,0,0,0,0,0,0,0,0,4,0,39.9909,-75.1551, , 
23744,274635,2015066221,6,67,67301,2015,6,3,1133,11,1,1,0,4,1, , ,N,1,2,0,3,0,0,4,2,N,N,40 03:24.532,75 02:49.228,1156, ,1140,1,1,2,N, ,3,N, , , , , , , , ,2,2,0,0,0,0,0,0,0,0,0,0,0,0,0,0,1,0,0,0,0,0,0,0,0,0,0,0,0,0,0,0,0,0,0,0,0,40.0568,-75.047, , 
23745,274648,2015020770,6,67,67301,2015,2,3,1118,11,1,1,0,5,6, , ,N,0,0,0,3,0,0,1,2,N, ,39 59:44.062,75 07:06.744,1128, ,1118, ,0, , , ,0, , , , , , , , , ,2,0,0,0,0,0,2,0,0,0,0,0,0,0,1,0,0,0,0,0,0,0,0,0,0,0,0,0,0,0,0,0,0,0,0,9,0,39.9956,-75.1185, , 
23746,274669,2015038638,6,67,67301,2015,3,6,9999,99,1,4,4,8,1, , ,N,1,2,0,3,0,1,2,2,N,N,40 02:06.009,75 10:25.403,1642, ,1638, ,0, ,N, ,3, , , , , , , , , ,1,1,0,0,0,0,0,0,0,0,0,1,1,0,1,0,0,0,0,0,0,0,0,0,0,0,0,0,0,0,0,0,1,0,0,4,0,40.035,-75.1737, , 
23747,274677,2015047603,6,67,67301,2015,4,7,1600,16,1,1,0,4,1, , ,N,0,0,7,3,0,1,2,2,N,N,40 04:58.886,74 58:19.704,1605, ,1600, ,0, ,N, ,0, , , , , , , , , ,1,1,0,0,0,0,0,0,1,0,0,1,1,0,0,0,0,0,0,0,0,0,0,0,0,0,0,0,0,0,0,0,0,0,0,4,0,40.083,-74.9721, , 
23748,274678,2015051613,6,67,67301,2015,4,3,2350,23,3,1,0,4,1,1,5,Y,0,3,0,3,0,0,2,2,N,N,40 01:33.922,75 01:39.419,7,45,2355, ,0, ,N, ,3, ,Y,N,N,N,Y,N,N,N,2,1,0,0,0,1,0,0,0,0,0,0,0,0,0,0,0,0,0,0,0,0,0,0,0,0,0,0,0,0,0,0,0,0,0,0,1,40.0261,-75.0276, , 
23749,274679,2015051936,6,67,67301,2015,4,1,2052,20,3,1,0,4,1, , ,N,1,2,0,3,0,1,2,2,N,N,40 00:52.752,75 09:24.063,2058, ,2056,3,2,4,N, ,3,N, , , , , , , , ,2,2,0,0,0,0,0,0,0,0,0,0,1,1,0,0,0,0,0,0,1,1,0,0,0,0,0,0,0,0,0,0,0,0,0,8,0,40.0146,-75.1567, , 
23750,274694,2015011935,6,67,67301,2015,1,1,915,9,5,7,5,7,3, , ,N,0,0,0,3,0,0,1,1,N,N,39 59:55.315,75 04:51.730,915, ,915, ,0, ,N, ,0, , , , , , , , , ,1,1,0,0,0,0,0,0,0,0,0,0,0,0,0,0,0,0,0,0,0,0,0,0,0,0,0,0,0,0,0,0,0,0,0,0,0,39.9987,-75.081, , 
23751,274695,2015012384,6,67,67301,2015,1,4,1945,19,3,4,4,7,4, , ,N,0,0,0,3,0,1,1,1,N,N,40 02:22.386,75 04:14.529,1951, ,1949, ,0, ,N, ,0, , , , , , , , , ,1,1,0,0,0,0,0,0,0,0,0,0,1,1,0,0,0,0,0,0,0,0,0,0,0,0,0,0,0,0,0,0,0,0,0,8,0,40.0396,-75.0707, , 
23752,274730,2015051450,6,67,67301,2015,4,4,1741,17,1,1,0,1,1, , ,N,1,3,0,3,0,1,2,2,N,N,40 01:35.554,75 02:26.224,1900, ,1816, ,0, ,N, ,3, , , , , , , , , ,2,1,0,0,0,0,1,0,0,0,0,1,1,0,0,0,0,0,0,0,0,0,0,0,0,0,0,0,0,0,0,0,0,0,0,4,0,40.0265,-75.0406, , 
23753,274767,2015038622,6,67,67301,2015,3,6,2233,22,3,1,0,8,1, , ,N,1,2,0,3,0,1,2,2,N,N,39 57:47.719,75 11:18.597,2237, ,2237, ,0, ,N, ,3, , , , , , , , , ,1,1,0,0,0,0,0,0,0,0,0,0,1,1,0,0,0,0,0,0,0,0,0,0,0,0,0,0,0,0,0,0,1,0,0,8,0,39.9633,-75.1885, , 
23754,274777,2015049042,6,67,67301,2015,4,5,1715,17,1,1,0,4,1, , ,N,0,3,7,3,0,2,4,2,N, ,40 02:50.648,75 03:33.571,1740, ,1732, ,0, , , ,3, , , , , , , , , ,2,1,0,0,1,0,0,0,0,0,0,0,2,2,2,0,0,0,0,0,0,0,0,0,0,0,0,0,0,0,0,0,0,0,0,8,0,40.0474,-75.0593, , 
23755,274778,2015049586,6,67,67301,2015,4,2,1511,15,1,1,0,2,1, , ,N,0,2,0,3,0,5,5,2,N,N,40 02:36.667,75 01:13.083,1519, ,1511, ,0, ,N, ,3, , , , , , , , , ,2,1,0,0,0,0,0,1,0,0,0,5,5,0,0,0,0,0,0,0,0,0,0,0,0,0,0,0,0,0,0,0,0,0,0,4,0,40.0435,-75.0203, , 
23756,274801,2015025039,6,67,67301,2015,2,2,1355,13,1,1,0,1,1, , ,N,1,2,0,3,0,1,2,2,N,N,40 02:07.087,75 06:30.627,1404, ,1359, ,0, , , ,3, , , , , , , , , ,2,1,0,0,0,0,1,0,0,0,0,0,1,1,0,0,0,0,0,0,1,0,0,0,0,0,0,0,0,0,0,0,0,0,0,8,0,40.0353,-75.1085, , 
23757,274817,2015038671,6,67,67301,2015,3,4,1555,15,1,1,0,4,1, , ,N,1,2,0,3,0,1,2,2,N,N,39 57:29.061,75 09:44.627,1604, ,1600, ,0, ,N, ,3, , , , , , , , , ,2,1,0,0,0,0,1,0,0,0,0,1,1,0,0,0,0,0,0,0,0,0,0,0,0,0,0,0,0,0,0,0,0,0,0,4,0,39.9579,-75.1623, , 
23758,274832,2015006139,6,67,67301,2015,1,2,630,6,5,1,0,4,1, , ,N,1,2,0,3,0,0,2,2,N,N,39 58:52.935,75 08:33.241,645, ,641, ,0, ,N, ,3, , , , , , , , , ,2,1,0,0,1,0,0,0,0,0,0,0,0,0,2,0,0,0,0,0,1,0,0,2,0,0,0,0,0,0,0,0,0,0,0,9,0,39.9814,-75.1426, , 
23759,274838,2015012383,6,67,67301,2015,1,4,940,9,1,1,0,4,1, , ,N,1,3,0,3,0,1,4,3,N,N,39 56:02.828,75 08:57.152,944, ,942,2,1,1,N, ,3,N, , , , , , , , ,3,3,0,0,0,0,0,0,0,0,0,0,1,1,0,0,0,0,0,0,0,0,0,0,0,0,0,0,0,0,0,0,0,0,0,8,0,39.9341,-75.1492, , 
23760,274843,2015021451,6,67,67301,2015,2,4,213,2,3,1,0,7,7, , ,N,0,0,0,3,0,1,1,1,N,N,39 57:35.309,75 10:51.370,225, ,215,2,1,4,N, ,0,N, , , , , , , , ,1,1,0,0,0,0,0,0,0,0,0,1,1,0,0,0,0,0,0,0,0,0,0,0,0,0,0,0,0,0,0,0,0,0,0,4,0,39.9598,-75.1809, , 
23761,282012,2015051516,6,67,67301,2015,5,7,415,4,3,1,0,6,6, , ,N,0,0,0,3,0,0,1,4,N,N,39 55:38.671,75 14:36.477,418, ,416, ,0, ,N, ,0, , , , , , , , , ,4,4,0,0,0,0,0,0,0,0,0,0,0,0,0,0,0,0,0,0,0,0,0,0,0,0,0,0,0,0,0,0,0,0,0,0,0,39.9274,-75.2435, , 
23762,282013,2015051975,6,67,67301,2015,4,1,9999,99,1,1,0,4,1, , ,N,2,3,0,3,0,1,2,2,N, ,39 54:57.708,75 14:43.562,1653, ,1644, ,0, , , ,3, , , , , , , , , ,1,0,0,0,0,0,1,0,1,0,0,1,1,0,0,0,0,0,0,0,0,0,0,0,0,0,0,0,0,0,0,0,0,0,0,4,0,39.9159,-75.2453, , 
23763,282019,2015006240,6,67,67301,2015,1,5,300,3,3,1,0,7,2, , ,N,6,0,2,3,0,0,1,1,N,N,39 57:36.094,75 10:47.782,309, ,301,1,2,3,N, ,0,N, , , , , , , , ,1,0,0,0,0,0,1,0,0,0,0,0,0,0,0,0,0,0,0,0,0,0,0,0,0,0,0,0,0,0,0,0,0,0,0,0,0,39.96,-75.1799, , 
23764,282035,2015021938,6,67,67301,2015,2,4,1445,14,1,1,0,4,1, , ,N,1,2,0,3,0,0,2,2,N,N,40 03:16.326,75 01:40.889,1545, ,1535, ,0, ,N, ,3, , , , , , , , , ,2,1,0,0,0,0,1,0,0,0,0,0,0,0,0,0,0,0,0,1,1,0,0,0,0,0,0,0,0,0,0,0,0,0,0,0,0,40.0545,-75.028, , 
23765,282038,2015025066,6,67,67301,2015,2,6,1800,18,3,1,0,1,1, , ,N,3,2,0,3,0,3,3,3,N, ,40 03:47.826,75 08:21.544,1600, ,1600, ,0, , , ,3, , , , , , , , , ,3,3,0,0,0,0,0,0,0,0,0,1,3,2,0,1,0,0,0,0,0,0,0,0,0,0,0,0,0,0,0,0,0,0,0,4,0,40.0633,-75.1393, , 
23766,282079,2015020742,6,67,67301,2015,1,5,150,1,3,1,0,7,4, , ,N,0,0,0,3,0,0,1,1,N,N,40 01:27.223,75 09:33.802,210, ,200,9,1,1,N, ,0,N, , , , , , , , ,1,1,0,0,0,0,0,0,0,0,0,0,0,0,0,0,0,0,0,0,0,0,0,0,0,0,0,0,0,0,0,0,0,0,0,0,0,40.0242,-75.1594, , 
23767,282094,2015038241,6,67,67301,2015,3,5,1315,13,1,1,0,1,1, , ,N,7,0,2,3,0,4,5,2,N,N,39 54:26.891,75 08:58.831,1323, ,1316,1,2,1,N, ,0,N, , , , , , , , ,2,0,0,0,0,1,1,0,0,0,0,0,4,4,0,0,0,0,0,0,1,0,0,0,0,0,0,0,0,0,0,0,0,0,0,8,1,39.9087,-75.1494, , 
23768,282101,2015042893,6,67,67301,2015,3,1,1800,18,1,1,0,4,1, , ,N,1,0,0,3,0,1,2,2,N, ,40 04:15.769,74 59:26.048,1800, ,1900, ,0, , , ,0, , , , , , , , , ,2,0,1,0,1,0,0,0,0,0,0,1,1,0,0,0,0,0,0,0,1,0,0,0,0,0,0,0,0,0,0,0,0,0,0,4,0,40.071,-74.9906, , 
23769,282103,2015045440,6,67,67301,2015,4,7,505,5,1,1,0,4,1, , ,N,1,3,0,3,0,0,5,2,N,N,39 55:46.430,75 11:25.720,1708, ,1705, ,0, ,N, ,3, , , , , , , , , ,2,2,0,0,0,0,0,0,0,0,0,0,0,0,2,0,0,0,0,0,0,0,0,0,0,0,0,0,0,0,0,0,0,0,0,9,0,39.9296,-75.1905, , 
23770,282104,2015045457,6,67,67301,2015,4,7,1215,12,1,1,0,1,1, , ,N,0,0,0,3,0,2,3,2,N,N,39 57:43.037,75 09:33.817,1225, ,1218, ,0, , , ,0, , , , , , , , , ,2,2,0,0,0,0,0,0,0,0,0,2,2,0,0,0,0,0,0,0,0,0,0,0,0,0,0,0,0,0,0,0,0,0,0,4,0,39.962,-75.1594, , 
23771,282112,2015059191,6,67,67301,2015,5,1,1658,16,1,1,0,1,1, , ,N,6,3,2,3,0,1,2,2,N,N,40 00:39.639,75 12:22.116,1729, ,1705, ,0, ,N, ,3, , , , , , , , , ,2,2,0,0,0,0,0,0,0,0,0,1,1,0,0,0,0,0,0,0,0,0,2,0,0,0,0,0,0,0,0,0,0,0,0,4,0,40.011,-75.2061, , 
23772,282126,2015020880,6,67,67301,2015,1,7,1430,14,1,1,0,8,1, , ,N,1,2,0,3,0,1,2,2,N,N,39 56:29.972,75 10:45.670,1443, ,1438, ,0, ,N, ,3, , , , , , , , , ,1,1,0,0,0,0,0,0,0,0,0,1,1,0,0,0,0,0,0,0,1,0,0,0,0,0,0,0,0,0,0,0,1,0,0,4,0,39.9417,-75.1794, , 
23773,282129,2015022644,6,67,67301,2015,2,3,1127,11,1,1,1,1,1, , ,N,0,0,0,3,0,0,3,2,N,N,39 57:36.283,75 10:46.150,1136, ,1129,1,2,4,N, ,0,N, , , , , , , , ,2,0,0,0,0,0,1,1,0,0,0,0,0,0,0,0,0,0,0,0,0,0,0,0,0,0,0,0,0,0,0,0,0,0,0,0,0,39.9601,-75.1795, , 
23774,282137,2015031012,6,67,67301,2015,2,5,1814,18,4,1,0,4,1, , ,N,2,2,0,3,0,1,2,2,N, ,39 55:19.017,75 11:19.719,1840, ,1836, ,0, , , ,3, , , , , , , , , ,2,1,0,0,0,0,1,0,0,0,0,0,1,1,0,0,0,1,0,0,1,0,0,0,0,0,0,0,0,0,0,0,0,0,0,8,0,39.9219,-75.1888, , 
23775,282143,2015040908,6,67,67301,2015,3,7,1015,10,1,1,0,1,1, , ,N,0,0,0,3,0,1,5,3,N,N,39 59:28.615,75 08:00.897,1153, ,1147, ,0, ,N, ,0, , , , , , , , , ,3,2,0,0,0,0,0,1,0,0,0,1,1,0,0,0,0,0,0,0,0,1,0,0,0,0,0,0,0,0,0,0,0,0,0,4,0,39.9913,-75.1336, , 
23776,282145,2015042051,6,67,67301,2015,3,5,2354,23,2,2,1,8,1, , ,N,0,0,0,3,0,1,2,2,N,N,39 59:24.644,75 07:29.690,135, ,123, ,0, ,N, ,0, , , , , , , , , ,1,0,0,1,0,0,0,0,0,0,1,0,1,0,0,0,0,0,0,0,0,0,0,0,0,0,0,0,0,0,0,0,1,0,0,3,1,39.9902,-75.1249, , 
23777,282152,2015051612,6,67,67301,2015,4,3,956,9,1,1,0,1,1, , ,N,3,4,2,3,0,2,2,2,N,N,40 02:43.812,75 00:08.113,1013, ,957,1,1,2,N, ,3,N, , , , , , , , ,2,1,0,0,1,0,0,0,0,0,0,2,2,0,0,0,0,0,0,0,1,0,0,0,0,0,0,0,0,0,0,0,0,0,0,4,0,40.0455,-75.0023, , 
23778,282164,2015006082,6,67,67301,2015,1,7,1818,18,3,1,0,8,1, , ,N,1,2,0,3,1,0,2,2,N, ,39 57:39.360,75 14:42.201,1832, ,1828, ,0, , ,0,3, , , , , , , , , ,1,1,0,0,0,0,0,0,0,0,0,0,0,0,0,0,0,0,0,0,0,0,0,1,0,0,0,0,0,0,0,0,1,1,0,1,0,39.9609,-75.245,2, 
23779,267089,2015024106,6,67,67301,2015,2,6,1753,17,3,1,0,1,1, , ,N,0,0,0,3,0,2,5,4,N,N,40 00:08.812,75 13:26.211,1800, ,1753,1,2,2,N, ,0,N, , , , , , , , ,4,2,0,0,0,0,2,0,0,0,0,2,2,0,0,0,0,0,0,0,1,0,0,0,0,0,0,0,0,0,0,0,0,0,0,4,0,40.0024,-75.2239, , 
23780,267091,2015024979,6,67,67301,2015,2,7,611,6,1,1,0,5,6, , ,N,0,0,0,3,0,0,1,4,N, ,40 03:30.849,75 11:41.137,615, ,611, ,0, , , ,0, , , , , , , , , ,4,3,0,0,0,0,1,0,0,0,0,0,0,0,1,0,0,0,0,0,0,0,0,0,0,0,0,0,0,0,0,0,0,0,0,9,0,40.0586,-75.1948, , 
23781,267097,2015031586,6,67,67301,2015,3,2,644,6,1,1,1,9,1,1,5,Y,0,0,0,3,0,1,3,2,N,N,40 01:25.904,75 01:54.958,658,45,644,1,1,1,N, ,0,N,N,N,N,N,N,N,N,Y,2,1,0,0,0,1,0,0,0,0,1,0,1,0,0,0,0,0,0,0,0,0,0,0,0,0,0,0,0,0,0,0,0,0,0,3,1,40.0239,-75.0319, , 
23782,267104,2015036615,6,67,67301,2015,3,2,1605,16,1,1,0,4,1, , ,N,0,0,7,3,0,0,3,2,N,N,40 01:16.369,75 08:54.699,1630, ,1624, ,0, ,N, ,0, , , , , , , , , ,2,2,0,0,0,0,0,0,0,0,0,0,0,0,2,0,0,0,0,0,0,0,0,0,0,0,0,0,0,0,0,0,0,0,0,9,0,40.0212,-75.1485, , 
23783,267124,2015010695,6,67,67301,2015,1,5,830,8,1,1,0,1,1, , ,N,0,0,0,3,0,3,4,2,N, ,40 01:02.886,75 10:22.092,840, ,830,1,1,1, , ,0,Y, , , , , , , , ,2,1,0,0,0,0,1,0,0,0,0,3,3,0,0,0,0,0,0,0,1,0,0,1,0,0,0,0,0,0,0,0,0,0,0,4,0,40.0175,-75.1728, , 
23784,267156,2015053962,6,67,67301,2015,5,6,1951,19,3,1,0,8,1, , ,N,0,0,0,3,0,1,2,2,N,N,40 02:33.259,75 08:46.053,2028, ,1951, ,0, ,N, ,0, , , , , , , , , ,1,0,0,0,1,0,0,0,0,0,0,1,1,0,0,0,0,0,0,0,1,0,0,0,0,0,0,0,0,0,0,0,1,0,0,4,0,40.0426,-75.1461, , 
23785,267193,2015038695,6,67,67301,2015,2,7,420,4,3,1,6,0,1, , ,N,0,0,0,3,0,1,1,1,N,N,40 01:02.857,75 10:22.174,520, ,425,9,1,3,N, ,0,Y, , , , , , , , ,1,1,0,0,0,0,0,0,0,0,0,1,1,0,0,0,0,0,0,0,0,0,0,0,0,0,0,0,0,0,0,0,0,0,0,4,0,40.0175,-75.1728, , 
23786,267200,2015042830,6,67,67301,2015,3,2,715,7,1,1,0,4,1, , ,N,1,2,0,3,0,0,2,2,N, ,40 07:07.975,75 01:04.685,730, ,719, ,0, , , ,3, , , , , , , , , ,2,1,0,0,0,1,0,0,0,0,0,0,0,0,0,0,0,0,0,0,1,0,0,0,0,0,0,0,0,0,0,0,0,0,0,0,1,40.1189,-75.018, , 
23787,267220,2015020694,6,67,67301,2015,2,1,234,2,3,1,0,1,1, , ,N,0,0,0,3,0,0,1,5,N,N,40 02:40.825,75 07:15.753,302, ,300,3,1,3,N, ,0,N, , , , , , , , ,5,3,0,0,0,0,1,1,0,0,0,0,0,0,1,0,0,0,0,0,0,0,0,0,0,0,0,0,0,0,0,0,0,0,0,9,0,40.0447,-75.121, , 
23788,267221,2015020822,6,67,67301,2015,1,7,1642,16,1,1,0,4,1, , ,N,0,0,0,3,0,1,2,2,N,N,40 02:46.171,75 08:07.195,1655, ,1651, ,0, ,N, ,0, , , , , , , , , ,2,2,0,0,0,0,0,0,0,0,1,0,1,0,0,0,0,0,0,0,1,0,0,0,0,0,0,0,0,0,0,0,0,0,0,3,0,40.0462,-75.1353, , 
23789,267241,2015056473,6,67,67301,2015,5,3,1715,17,1,1,0,1,6, , ,N,0,0,0,3,0,1,1,2,N,N,40 01:24.259,75 09:50.547,1745, ,1740, ,0, ,N, ,0, , , , , , , , , ,2,0,0,0,0,0,1,1,0,0,0,0,1,1,0,0,0,0,0,0,1,0,0,0,0,0,0,0,0,0,0,0,0,0,0,8,0,40.0234,-75.164, , 
23790,267258,2015006038,6,67,67301,2015,1,1,35,0,3,2,1,4,1, , ,N,1,2,0,3,0,0,5,2,N,N,39 59:34.672,75 13:03.324,40, ,38,3,2,5,N, ,3,Y, , , , , , , , ,2,1,0,0,0,0,1,0,0,0,0,0,0,0,1,0,0,0,0,0,0,0,0,0,0,0,0,0,0,0,0,0,0,0,0,9,0,39.993,-75.2176, , 
23791,267278,2015028795,6,67,67301,2015,2,1,9999,99,3,1,0,5,1, , ,N,0,0,0,3,0,2,2,2,N, ,40 02:33.437,75 08:37.834,1930, ,1921,1,1,1, , ,0,Y, , , , , , , , ,2,0,0,0,0,0,2,0,0,0,0,2,2,0,0,0,0,0,0,0,1,0,0,0,0,0,0,0,0,0,0,0,0,0,0,4,0,40.0426,-75.1438, , 
23792,267295,2015047600,6,67,67301,2015,4,3,2140,21,3,2,1,4,1, , ,N,1,3,0,3,0,0,10,2,N, ,39 58:18.717,75 08:55.168,2155, ,2144, ,0, , , ,3, , , , , , , , , ,2,1,0,0,0,0,0,1,0,0,0,0,0,0,10,0,0,0,0,0,0,0,0,0,0,0,0,0,0,0,0,0,0,0,0,9,0,39.9719,-75.1487, , 
23793,267317,2015021916,6,67,67301,2015,1,3,857,8,1,1,0,7,4, , ,N,0,0,0,3,0,1,1,1,N, ,39 58:29.677,75 10:16.677,900, ,858, ,0, , , ,0, , , , , , , , , ,1,0,0,0,0,1,0,0,0,0,0,0,1,1,0,0,0,0,0,0,0,0,0,0,0,0,0,0,0,0,0,0,0,0,0,8,1,39.9749,-75.1713, , 
23794,267320,2015025061,6,67,67301,2015,2,1,327,3,3,4,5,7,4, , ,N,0,4,6,3,0,1,1,1,N,N,39 54:09.801,75 14:44.120,340, ,334, ,0, ,N, ,3, , , , , , , , , ,1,1,0,0,0,0,0,0,0,0,0,1,1,0,0,0,0,0,0,0,0,0,0,0,0,0,0,0,0,0,0,0,0,0,0,4,0,39.9027,-75.2456, , 
23795,267325,2015033337,6,67,67301,2015,3,2,948,9,1,1,1,4,1, , ,N,0,0,0,3,0,0,2,2,N,N,39 52:38.390,75 15:13.165,955, ,949,2,1,2,N, ,0,Y, , , , , , , , ,2,1,0,0,0,1,0,0,0,0,0,0,0,0,0,0,0,0,0,0,0,0,0,1,0,0,0,0,0,0,0,0,0,0,0,0,0,39.8773,-75.2537, , 
23796,267349,2015063913,6,67,67301,2015,6,7,25,0,3,2,0,5,1, , ,N,0,0,0,3,0,1,2,2,N, ,39 57:41.451,75 09:02.476,840, ,832, ,0, , , ,0, , , , , , , , , ,1,0,0,0,1,0,0,0,1,0,0,0,1,1,0,0,0,0,0,0,0,0,0,0,0,0,0,0,0,0,0,0,0,0,0,8,0,39.9615,-75.1507, , 
23797,267384,2015047454,6,67,67301,2015,5,6,1035,10,1,1,0,1,1, , ,N,0,0,0,3,0,1,4,3,N,N,40 00:12.893,75 09:08.959,1040, ,1035, ,0, ,N, ,0, , , , , , , , , ,3,3,0,0,0,0,0,0,0,0,0,0,1,1,1,0,0,0,0,0,1,0,0,0,0,0,0,0,0,0,0,0,0,0,0,8,0,40.0036,-75.1525, , 
23798,259384,2015034186,6,67,67301,2015,3,5,1736,17,4,4,3,4,1, , ,N,1,3,0,3,0,0,2,2,N,N,40 01:25.197,75 03:43.714,1751, ,1744, ,0, ,N, ,3, , , , , , , , , ,2,0,0,0,0,0,2,0,0,0,0,0,0,0,0,0,0,0,0,0,0,0,0,0,0,0,0,0,0,0,0,0,0,0,0,0,0,40.0237,-75.0621, , 
23799,259392,2015042902,6,67,67301,2015,4,1,1348,13,1,1,0,4,1, , ,N,1,2,0,3,0,0,3,2,N, ,40 00:54.079,75 08:06.611,1358, ,1353, ,0, , , ,3, , , , , , , , , ,2,0,0,0,0,0,2,0,0,0,0,0,0,0,1,0,0,0,0,0,1,0,0,0,0,0,0,0,0,0,0,0,0,0,0,9,0,40.015,-75.1352, , 
23800,259416,2015020797,6,67,67301,2015,1,4,1500,15,1,1,0,8,1, , ,N,0,0,0,3,0,1,2,2,N,Y,40 05:28.397,75 03:17.427,1539, ,1534, ,0, ,N, ,0, , , , , , , , , ,1,1,0,0,0,0,0,0,0,0,0,0,1,1,0,0,0,0,0,0,0,0,0,0,0,0,0,0,0,0,0,0,1,0,0,8,0,40.0912,-75.0548, , 
23801,259435,2015038559,6,67,67301,2015,3,6,9999,99,3,2,1,8,1, , ,N,1,2,0,3,0,1,2,2,N, ,39 58:37.995,75 13:36.385,2312, ,2312,9,1,4,N, ,3,N, , , , , , , , ,1,1,0,0,0,0,0,0,0,0,0,1,1,0,0,0,0,0,0,0,0,0,0,0,0,0,0,0,0,0,0,0,1,0,0,4,0,39.9772,-75.2268, , 
23802,259475,2015029980,6,67,67301,2015,2,4,800,8,1,1,0,1,1, , ,N,1,2,0,3,0,1,3,3,N,N,39 55:00.583,75 10:16.768,820, ,810,3,1,4,N, ,3,N, , , , , , , , ,3,1,0,0,0,0,2,0,0,0,0,1,1,0,0,0,0,1,0,0,1,0,0,0,0,0,0,0,0,0,0,0,0,0,0,4,0,39.9168,-75.1713, , 
23803,259494,2015052351,6,67,67301,2015,4,1,240,2,3,1,0,7,3,1,4,Y,0,0,0,3,0,0,3,1,N,N,40 01:34.310,75 01:37.031,250,45,243,1,1,1,N, ,0,N,N,N,N,N,N,N,N,Y,1,1,0,0,0,0,0,0,0,0,0,0,0,0,0,0,0,0,0,1,0,0,0,0,0,0,0,0,0,0,0,0,0,0,0,0,0,40.0262,-75.027, , 
23804,259523,2015035156,6,67,67301,2015,3,1,1457,14,1,3,1,8,1, , ,N,1,2,0,3,0,1,2,2,N, ,39 59:32.825,75 10:46.468,1547, ,1545, ,0, , , ,3, , , , , , , , , ,1,0,0,0,0,0,1,0,0,0,0,1,1,0,0,0,0,0,0,0,0,0,0,0,0,0,0,0,0,0,0,0,1,0,0,4,0,39.9925,-75.1796, , 
23805,259526,2015038658,6,67,67301,2015,1,7,135,1,3,1,0,4,1, , ,N,1,2,0,3,0,3,5,2,N,N,40 06:51.780,74 59:17.002,139, ,135,1,1,3, , ,3,N, , , , , , , , ,2,1,0,0,0,0,1,0,0,1,2,0,3,0,0,0,0,0,0,1,0,0,0,0,0,0,0,0,0,0,0,0,0,0,0,2,0,40.1143,-74.9879, , 