objectid_1,objectid,crn,district,county,municipality,crash_year,crash_month,day_of_week,time_of_day,hour_of_day,illumination,weather,road_condition,collision_type,relation_to_road,work_zone_type,work_zone_loc,work_zone_ind,intersect_type,tcd_type,location_type,urban_rural,fatal_count,injury_count,person_count,total_units,sch_bus_ind,sch_zone_ind,latitude,longitude,arrival_tm,cons_zone_spd_lim,dispatch_tm,est_hrs_closed,lane_closed,ln_close_dir,ntfy_hiwy_maint,spec_juris_cd,tcd_func_cd,tfc_detour_ind,workers_pres,wz_close_detour,wz_flagger,wz_law_offcr_ind,wz_ln_closure,wz_moving,wz_other,wz_shlder_mdn,vehicle_count,automobile_count,motorcycle_count,bus_count,small_truck_count,heavy_truck_count,suv_count,van_count,bicycle_count,maj_inj_count,mod_inj_count,min_inj_count,tot_inj_count,unk_inj_deg_count,unk_inj_per_count,driver_count_16yr,driver_count_17yr,driver_count_18yr,driver_count_19yr,driver_count_20yr,driver_count_50_64yr,driver_count_65_74yr,driver_count_75plus,unbelted_occ_count,unb_death_count,unb_maj_inj_count,belted_death_count,belted_maj_inj_count,mcycle_death_count,mcycle_maj_inj_count,bicycle_death_count,bicycle_maj_inj_count,ped_count,ped_death_count,ped_maj_inj_count,max_severity_level,comm_veh_count,dec_lat,dec_long,rdwy_surf_type_cd,county_name
23874,259638,2015063892,6,67,67301,2015,6,2,1732,17,1,2,0,4,1, , ,N,1,2,0,3,0,1,2,2,N,N,40 01:40.344,75 03:36.560,1735, ,1733, ,0, ,N, ,3, , , , , , , , , ,2,1,1,0,0,0,0,0,0,0,1,0,1,0,0,0,0,0,0,1,0,0,0,0,0,0,0,0,0,0,0,0,0,0,0,3,0,40.0278,-75.0601, , 
23875,259660,2015021906,6,67,67301,2015,2,2,2115,21,3,7,5,1,1, , ,N,0,0,0,3,0,1,3,3,N,N,39 56:12.725,75 13:57.890,2210, ,2207, ,0, ,N, ,0, , , , , , , , , ,3,2,0,0,0,0,1,0,0,0,0,1,1,0,0,0,0,0,0,0,1,0,0,0,0,0,0,0,0,0,0,0,0,0,0,4,0,39.9369,-75.2327, , 
23876,259663,2015025107,6,67,67301,2015,1,6,2338,23,3,1,0,5,6, , ,N,0,0,0,3,0,0,1,4,N,N,39 58:02.509,75 12:35.031,2338, ,2338, ,0, , , ,0, , , , , , , , , ,4,3,0,0,0,0,0,1,0,0,0,0,0,0,0,0,0,0,0,0,0,0,0,1,0,0,0,0,0,0,0,0,0,0,0,0,0,39.9674,-75.2097, , 
23877,259672,2015036631,6,67,67301,2015,3,7,1615,16,4,2,1,4,1, , ,N,1,3,0,3,0,1,10,4,N,N,40 02:09.373,75 02:08.044,1621, ,1617,2,2,1,N, ,3,Y, , , , , , , , ,4,4,0,0,0,0,0,0,0,0,0,0,1,1,0,0,0,0,1,0,0,0,0,0,0,0,0,0,0,0,0,0,0,0,0,8,0,40.0359,-75.0356, , 
23878,259678,2015042725,6,67,67301,2015,4,4,1520,15,1,1,0,4,1, , ,N,0,0,7,3,0,1,2,2,N,N,40 02:39.893,75 13:09.555,1612, ,1520, ,0, , , ,0, , , , , , , , , ,2,0,0,0,0,0,0,1,0,0,0,1,1,0,0,0,0,0,0,0,1,0,0,0,0,0,0,0,0,0,0,0,0,0,0,4,0,40.0444,-75.2193, , 
23879,259679,2015042842,6,67,67301,2015,4,5,1147,11,1,1,0,8,1, , ,N,0,0,0,3,0,1,2,2,N,N,39 58:50.336,75 09:59.562,1154, ,1151, ,0, , , ,0, , , , , , , , , ,1,0,0,0,0,0,0,1,0,0,0,1,1,0,0,0,0,0,0,0,1,0,0,0,0,0,0,0,0,0,0,0,1,0,0,4,0,39.9806,-75.1665, , 
23880,259685,2015049048,6,67,67301,2015,4,4,1900,19,1,1,0,1,1, , ,N,0,0,0,3,0,2,3,2,N,N,40 02:22.594,75 03:58.834,1935, ,1930,1,1,1,N, ,0,N, , , , , , , , ,2,1,0,0,0,0,0,1,0,0,0,2,2,0,0,0,0,1,0,0,0,0,0,0,0,0,0,0,0,0,0,0,0,0,0,4,0,40.0396,-75.0663, , 
23881,259718,2015028871,6,67,67301,2015,2,4,1330,13,1,1,0,7,4, , ,N,0,0,0,3,0,1,1,1,N,N,39 59:08.540,75 13:43.311,1331, ,1328, ,0, ,N, ,0, , , , , , , , , ,1,0,0,0,0,0,0,1,0,0,0,0,1,1,0,0,0,0,0,0,0,0,0,1,0,0,0,0,0,0,0,0,0,0,0,8,0,39.9857,-75.2287, , 
23882,259724,2015035146,6,67,67301,2015,2,6,1640,16,1,1,1,1,1, , ,N,0,0,0,3,0,2,4,2,N,N,40 03:23.282,75 08:58.149,1710, ,1658, ,0, ,N, ,0, , , , , , , , , ,2,1,0,0,0,0,1,0,0,1,0,1,2,0,0,0,0,0,0,0,0,0,0,0,0,0,0,1,0,0,0,0,0,0,0,2,0,40.0565,-75.1495, , 
23883,259751,2015015549,6,67,67301,2015,1,4,1530,15,1,4,1,4,1, , ,N,0,0,7,3,0,0,2,2,N,N,39 59:59.785,75 12:38.958,1550, ,1539, ,0, ,N, ,0, , , , , , , , , ,2,2,0,0,0,0,0,0,0,0,0,0,0,0,0,0,0,0,0,0,1,0,0,0,0,0,0,0,0,0,0,0,0,0,0,0,0,39.9999,-75.2108, , 
23884,259776,2015042765,6,67,67301,2015,4,3,749,7,1,1,0,4,1, , ,N,1,3,0,3,0,1,2,2,N, ,39 58:01.668,75 08:49.739,811, ,802, ,0, , , ,3, , , , , , , , , ,1,1,0,0,0,0,0,0,1,0,0,0,1,1,0,0,1,0,0,0,0,0,0,0,0,0,0,0,0,0,0,0,0,0,0,8,0,39.9671,-75.1471, , 
23885,259801,2015021446,6,67,67301,2015,2,6,616,6,5,1,0,7,2, , ,N,0,0,0,3,0,0,1,1,N,N,39 58:25.393,75 07:11.125,640, ,617,1,1,2,N, ,0,N, , , , , , , , ,1,0,0,0,1,0,0,0,0,0,0,0,0,0,0,0,0,0,0,0,0,0,0,0,0,0,0,0,0,0,0,0,0,0,0,0,0,39.9737,-75.1198, , 
23886,259840,2015016740,6,67,67301,2015,1,4,1250,12,1,1,0,5,1, , ,N,0,0,0,3,0,0,2,2,N,N,40 02:21.596,75 00:28.169,1305, ,1250, ,0, ,N, ,0, , , , , , , , , ,2,1,0,0,0,1,0,0,0,0,0,0,0,0,0,0,0,0,0,0,1,0,0,0,0,0,0,0,0,0,0,0,0,0,0,0,0,40.0393,-75.0078, , 
23887,259877,2015050056,6,67,67301,2015,4,1,345,3,3,1,0,7,2, , ,N,0,0,0,3,0,0,2,1,N,N,39 53:21.977,75 14:26.806,441, ,351, ,0, ,Y, ,0, , , , , , , , , ,1,1,0,0,0,0,0,0,0,0,0,0,0,0,0,0,0,0,0,0,1,0,0,0,0,0,0,0,0,0,0,0,0,0,0,0,0,39.8894,-75.2408, , 
23888,259898,2015020842,6,67,67301,2015,1,6,1300,13,1,1,0,4,1, , ,N,1,3,0,3,0,1,2,2,N,N,39 55:48.010,75 09:52.822,1432, ,1358, ,0, ,N, ,3, , , , , , , , , ,1,0,0,0,0,0,1,0,1,0,0,0,1,1,0,0,0,0,0,0,0,0,0,1,0,0,0,0,0,0,0,0,0,0,0,8,0,39.93,-75.1647, , 
23889,259903,2015025113,6,67,67301,2015,2,5,1305,13,1,1,0,1,1, , ,N,0,0,0,3,0,1,4,3,N,N,40 03:46.561,75 05:10.966,1309, ,1306, ,0, ,N, ,0, , , , , , , , , ,3,1,0,0,1,0,1,0,0,0,0,0,1,1,0,0,0,0,0,0,2,1,0,0,0,0,0,0,0,0,0,0,0,0,0,8,0,40.0629,-75.0864, , 
23890,263316,2015025050,6,67,67301,2015,2,6,1700,17,3,1,0,1,1, , ,N,0,0,0,3,0,0,3,2,N,N,40 05:16.788,74 58:21.507,1707, ,1703,1,1,3,Y, ,0,N, , , , , , , , ,2,1,0,0,0,0,1,0,0,0,0,0,0,0,0,0,0,0,0,0,1,0,0,0,0,0,0,0,0,0,0,0,0,0,0,0,0,40.088,-74.9726, , 
23891,263345,2015056468,6,67,67301,2015,4,3,1600,16,1,1,1,8,1, , ,N,0,0,0,3,0,1,2,2,N,N,39 57:20.470,75 12:09.658,546, ,546, ,0, ,N, ,0, , , , , , , , , ,1,0,0,0,0,0,0,1,0,0,0,0,1,1,0,0,0,0,0,0,1,0,0,0,0,0,0,0,0,0,0,0,1,0,0,8,0,39.9557,-75.2027, , 
23892,263353,2015009602,6,67,67301,2015,1,4,1425,14,1,1,1,1,1, , ,N,0,0,7,3,0,1,2,2,N,N,40 03:28.338,74 59:40.808,1500, ,1454, ,0, ,N, ,0, , , , , , , , , ,2,0,0,0,0,0,1,1,0,0,0,1,1,0,0,0,0,0,0,0,1,0,0,0,0,0,0,0,0,0,0,0,0,0,0,4,0,40.0579,-74.9947, , 
23893,263355,2015011925,6,67,67301,2015,1,3,2053,20,3,1,1,7,4, , ,N,0,0,0,3,0,1,1,1,N,N,39 53:35.553,75 13:40.647,2054, ,2054,1,1,2,Y, ,0,N, , , , , , , , ,1,0,0,0,0,0,1,0,0,0,0,1,1,0,0,0,0,0,0,0,0,0,0,0,0,0,0,0,0,0,0,0,0,0,0,4,0,39.8932,-75.228, , 
23894,263431,2015038643,6,67,67301,2015,3,5,1430,14,1,1,0,4,1, , ,N,1,3,0,3,0,2,3,2,N,N,39 56:10.989,75 11:05.899,1708, ,1701, ,0, ,N, ,3, , , , , , , , , ,2,0,0,0,0,0,2,0,0,0,0,2,2,0,0,0,0,0,0,0,1,0,0,0,0,0,0,0,0,0,0,0,0,0,0,4,0,39.9364,-75.185, , 
23895,263439,2015049064,6,67,67301,2015,4,3,1138,11,1,1,0,4,1, , ,N,1,3,0,3,0,1,2,2,N,N,40 02:11.605,75 08:13.937,1140, ,1140, ,0, ,N, ,3, , , , , , , , , ,2,1,0,0,0,0,0,0,0,0,0,1,1,0,0,0,0,0,0,0,1,0,1,0,0,0,0,0,0,0,0,0,0,0,0,4,0,40.0366,-75.1372, , 
23896,263453,2015009634,6,67,67301,2015,1,2,1803,18,3,1,0,8,1, , ,N,0,0,0,3,0,1,2,2,N,N,40 03:25.057,75 03:11.529,1807, ,1804,2,2,2, , ,0,Y, , , , , , , , ,1,1,0,0,0,0,0,0,0,0,0,0,1,1,0,0,0,0,0,0,1,0,0,0,0,0,0,0,0,0,0,0,1,0,0,8,0,40.057,-75.0532, , 
23897,263460,2015018992,6,67,67301,2015,1,1,630,6,3,3,5,4,1, , ,N,0,0,0,3,0,1,6,5,N, ,40 03:05.091,75 13:28.310,705, ,657,3,2,5, , ,0,Y, , , , , , , , ,5,4,0,0,0,0,0,1,0,0,0,0,1,1,0,0,0,0,0,0,1,0,0,0,0,0,0,0,0,0,0,0,0,0,0,8,0,40.0514,-75.2245, , 
23898,263474,2015028849,6,67,67301,2015,2,6,350,3,3,1,0,3,1, , ,N,1,3,0,3,0,1,2,2,N,N,40 01:31.983,75 07:51.283,357, ,354,2,1,6,N, ,3,Y, , , , , , , , ,2,1,0,0,0,1,0,0,0,0,0,1,1,0,0,0,0,0,0,0,0,0,0,0,0,0,0,0,0,0,0,0,0,0,0,4,1,40.0256,-75.1309, , 
23899,263480,2015036749,6,67,67301,2015,3,5,1146,11,1,1,0,7,1,1,4,Y,0,0,0,3,0,1,1,1,N,N,40 01:01.316,75 03:01.453,1158,45,1148,1,1,2,Y, ,0,N,Y,N,N,N,N,N,N,Y,1,1,0,0,0,0,0,0,0,0,0,0,1,1,0,0,0,0,0,0,1,0,0,0,0,0,0,0,0,0,0,0,0,0,0,8,0,40.017,-75.0504, , 
23900,263510,2015021880,6,67,67301,2015,1,7,450,4,3,1,6,4,1, , ,N,2,3,0,3,0,1,2,2,N, ,40 01:55.203,75 06:30.250,459, ,455,3,1,4, , ,3,Y, , , , , , , , ,2,2,0,0,0,0,0,0,0,0,0,1,1,0,0,0,0,0,0,0,1,0,0,0,0,0,0,0,0,0,0,0,0,0,0,4,0,40.032,-75.1084, , 
23901,263524,2015040874,6,67,67301,2015,3,4,653,6,1,1,0,1,1, , ,N,0,0,0,3,0,0,2,2,N,N,39 55:44.547,75 14:36.278,653, ,653, ,0, ,N, ,0, , , , , , , , , ,2,1,0,0,0,0,1,0,0,0,0,0,0,0,0,0,0,0,0,0,0,0,0,0,0,0,0,0,0,0,0,0,0,0,0,0,0,39.929,-75.2434, , 
23902,263527,2015043339,6,67,67301,2015,4,4,2018,20,3,1,0,5,1, , ,N,0,8,0,3,0,0,2,2,N,N,40 00:03.236,75 11:42.107,2018, ,2018,2,2,2,N, ,3,N, , , , , , , , ,2,2,0,0,0,0,0,0,0,0,0,0,0,0,1,0,0,0,0,0,0,0,0,0,0,0,0,0,0,0,0,0,0,0,0,9,0,40.0009,-75.195, , 
23903,263532,2015054807,6,67,67301,2015,5,7,1947,19,3,1,0,1,1, , ,N,0,0,0,3,0,1,2,2,N,N,39 53:23.047,75 14:25.629,2035, ,2003,2,1,2,N, ,0,N, , , , , , , , ,2,1,1,0,0,0,0,0,0,0,0,1,1,0,0,0,0,0,0,0,1,0,0,0,0,0,0,0,0,0,0,0,0,0,0,4,0,39.8897,-75.2405, , 
23904,263541,2015061926,6,67,67301,2015,5,3,758,7,1,1,0,1,1, , ,N,0,2,0,3,0,1,3,3,N, ,40 06:46.140,74 59:21.758,808, ,759,1,1,1, , ,3,N, , , , , , , , ,3,1,0,0,1,0,0,0,0,0,0,1,1,0,0,0,0,0,0,1,0,0,0,0,0,0,0,0,0,0,0,0,0,0,0,4,0,40.1128,-74.9894, , 
23905,263547,2015003236,6,67,67301,2015,1,5,1120,11,1,1,0,1,1, , ,N,0,0,3,3,0,1,2,2,N,N,39 53:43.406,75 13:01.393,1150, ,1132,3,2,3,N, ,0,N, , , , , , , , ,2,0,0,0,0,1,0,1,0,0,1,0,1,0,0,0,0,0,0,0,0,0,0,0,0,0,0,0,0,0,0,0,0,0,0,3,1,39.8954,-75.2171, , 
23906,263585,2015038626,6,67,67301,2015,3,1,1726,17,1,1,0,4,1, , ,N,0,0,0,3,0,0,4,2,N,N,40 01:31.487,75 01:55.953,1752, ,1747, ,0, ,N, ,0, , , , , , , , , ,2,1,0,0,0,0,1,0,0,0,0,0,0,0,0,0,0,0,0,0,1,0,0,0,0,0,0,0,0,0,0,0,0,0,0,0,0,40.0254,-75.0322, , 
23907,263602,2015025122,6,67,67301,2015,2,4,1838,18,3,1,0,4,1, , ,N,2,2,2,3,0,2,5,2,N,N,39 58:29.424,75 11:53.775,1920, ,1916, ,0, ,N, ,3, , , , , , , , , ,2,2,0,0,0,0,0,0,0,0,0,0,2,2,0,0,0,0,1,0,0,0,0,0,0,0,0,0,0,0,0,0,0,0,0,8,0,39.9747,-75.1983, , 
23908,252499,2016120554,6,67,67301,2016,10,5,710,7,5,2,1,4,1, , ,N,1,2,0,3,0,0,2,2,N,N,40 05:18.096,75 02:38.680,711, ,711,1,1,4, , ,3,N, , , , , , , , ,2,1,0,0,0,0,1,0,0,0,0,0,0,0,0,0,0,0,0,0,0,1,0,1,0,0,0,0,0,0,0,0,0,0,0,0,0,40.0884,-75.044, , 
23909,252511,2016129230,6,67,67301,2016,11,7,1832,18,3,1,0,4,1, , ,N,5,2,0,3,0,0,4,2,N,N,40 03:30.949,75 09:09.932,1844, ,1837,1,1,1,N, ,3,N, , , , , , , , ,2,0,0,0,1,0,1,0,0,0,0,0,0,0,0,0,0,0,0,0,0,0,1,0,0,0,0,0,0,0,0,0,0,0,0,0,0,40.0586,-75.1528, , 
23910,252515,2016129544,6,67,67301,2016,11,6,1700,17,4,1,0,1,1, , ,N,1,2,0,3,0,1,4,2,N,N,39 57:23.851,75 09:57.547,1710, ,1705, ,0, ,N, ,3, , , , , , , , , ,2,0,0,1,0,0,1,0,0,0,0,1,1,0,0,0,0,0,0,0,1,0,0,0,0,0,0,0,0,0,0,0,0,0,0,4,1,39.9566,-75.166, , 
23911,252516,2016129236,6,67,67301,2016,11,3,1000,10,1,1,0,4,1, , ,N,1,2,0,3,0,3,3,2,N,N,40 08:03.444,75 00:32.761,1010, ,1004, ,0, ,N, ,3, , , , , , , , , ,2,0,0,0,1,0,1,0,0,0,0,1,3,2,0,0,0,0,0,0,1,1,0,0,0,0,0,0,0,0,0,0,0,0,0,4,0,40.1343,-75.0091, , 
23912,252522,2016138283,6,67,67301,2016,12,3,2348,23,3,2,1,4,1, , ,N,1,2,0,3,0,0,3,2,N,N,39 59:51.784,75 07:23.658,2348, ,2348,1,2,7,N, ,3,N, , , , , , , , ,2,1,0,0,0,0,1,0,0,0,0,0,0,0,3,0,0,0,0,0,1,0,0,0,0,0,0,0,0,0,0,0,0,0,0,9,0,39.9977,-75.1232, , 
23913,252525,2017020753,6,67,67301,2016,7,4,1730,17,1,1,0,4,1, , ,N,1,2,0,3,0,1,2,2,N,N,39 55:51.967,75 10:23.350,0, ,0, ,0, ,N, ,3, , , , , , , , , ,2,0,0,0,0,0,1,1,0,0,0,0,1,1,0,0,0,0,0,0,0,0,0,0,0,0,0,0,0,0,0,0,0,0,0,8,0,39.9311,-75.1732, , 
23914,252542,2016135722,6,67,67301,2016,12,7,941,9,1,1,0,5,1, , ,N,0,0,1,3,0,0,2,2,N,N,39 55:46.422,75 14:36.171,941, ,954, ,0, ,N, ,0, , , , , , , , , ,2,1,0,0,0,0,1,0,0,0,0,0,0,0,0,0,0,0,0,0,0,0,1,1,0,0,0,0,0,0,0,0,0,0,0,0,0,39.9295,-75.2434, , 
23915,252552,2016058681,6,67,67301,2016,5,7,2240,22,3,2,1,8,1, , ,N,1,2,0,3,0,1,2,2,N, ,40 07:53.956,75 00:43.926,26, ,2355, ,0, , , ,3, , , , , , , , , ,1,1,0,0,0,0,0,0,0,0,1,0,1,0,0,0,0,0,0,0,1,0,0,0,0,0,0,0,0,0,0,0,1,0,0,3,0,40.1317,-75.0122, , 
23916,252556,2016063985,6,67,67301,2016,6,6,1300,13,1,1,0,4,1, , ,N,2,2,7,3,0,0,2,2,N,N,39 54:23.986,75 11:00.103,1315, ,1306, ,0, ,N, ,3, , , , , , , , , ,2,2,0,0,0,0,0,0,0,0,0,0,0,0,0,0,0,0,0,0,0,1,0,0,0,0,0,0,0,0,0,0,0,0,0,0,0,39.9067,-75.1834, , 
23917,252560,2016068651,6,67,67301,2016,6,1,9999,99,1,1,0,4,1, , ,N,1,2,0,3,0,2,3,2,N, ,39 58:24.024,75 14:05.125,1435, ,1430, ,0, , , ,3, , , , , , , , , ,2,1,0,0,0,0,1,0,0,0,0,0,2,2,0,0,0,0,0,1,1,0,0,1,0,0,0,0,0,0,0,0,0,0,0,8,0,39.9733,-75.2348, , 
23918,252578,2016097194,6,67,67301,2016,8,6,1718,17,1,1,0,1,1, , ,N,1,2,0,3,0,1,4,4,N,N,39 54:57.913,75 14:09.812,1756, ,1753, ,0, ,N, ,3, , , , , , , , , ,4,2,0,0,0,0,0,2,0,0,0,1,1,0,0,0,0,0,0,0,1,0,0,1,0,0,0,0,0,0,0,0,0,0,0,4,0,39.9161,-75.2361, , 
23919,252586,2016132162,6,67,67301,2016,11,3,810,8,1,1,0,1,1, , ,N,1,2,0,3,0,1,2,2,N,N,40 02:49.750,75 04:51.470,825, ,817, ,0, ,N, ,3, , , , , , , , , ,2,1,0,0,0,0,1,0,0,0,1,0,1,0,0,0,0,1,0,0,0,0,0,0,0,0,0,0,0,0,0,0,0,0,0,3,0,40.0472,-75.081, , 
23920,252602,2017003632,6,67,67301,2016,12,4,1745,17,3,1,0,1,1, , ,N,3,2,0,3,0,1,2,2,N, ,40 02:26.804,75 09:25.235,1823, ,1812,2,1,4, , ,3,N, , , , , , , , ,2,0,0,0,0,0,2,0,0,0,0,1,1,0,1,0,0,0,0,0,2,0,0,0,0,0,0,0,0,0,0,0,0,0,0,4,0,40.0408,-75.157, , 
23921,252606,2016132159,6,67,67301,2016,11,7,1105,11,1,1,0,6,1, , ,N,0,0,0,3,0,2,3,2,N,N,40 02:57.863,75 00:41.769,1111, ,1109,3,2,5, , ,0,Y, , , , , , , , ,2,2,0,0,0,0,0,0,0,0,0,0,2,2,0,0,0,0,0,0,0,1,0,0,0,0,0,0,0,0,0,0,0,0,0,8,0,40.0494,-75.0116, , 
23922,252614,2016135764,6,67,67301,2016,12,1,2340,23,3,1,0,7,4, , ,N,0,0,0,3,0,1,1,1,N,N,40 06:26.151,75 03:13.147,2345, ,2343, ,0, ,N, ,0, , , , , , , , , ,1,0,0,0,0,0,1,0,0,0,0,1,1,0,0,0,0,0,0,0,0,0,0,0,0,0,0,0,0,0,0,0,0,0,0,4,0,40.1073,-75.0537, , 
23923,252628,2017003617,6,67,67301,2016,12,4,630,6,5,1,0,4,1, , ,N,1,3,0,3,0,0,3,2,N,N,40 02:22.927,75 02:18.128,635, ,6, ,0, ,N, ,3, , , , , , , , , ,2,2,0,0,0,0,0,0,0,0,0,0,0,0,0,0,0,0,0,0,0,0,0,0,0,0,0,0,0,0,0,0,0,0,0,0,0,40.0397,-75.0384, , 
23924,252632,2016099586,6,67,67301,2016,9,6,2045,20,3,1,0,1,1, , ,N,1,2,0,3,0,1,4,3,N,N,39 55:14.610,75 08:29.029,2115, ,2108, ,0, ,N, ,3, , , , , , , , , ,3,2,0,0,0,0,0,0,0,0,0,0,1,1,0,0,0,0,0,0,0,0,0,0,0,0,0,0,0,0,0,0,0,0,0,8,0,39.9207,-75.1411, , 
23925,252652,2016132141,6,67,67301,2016,11,1,1620,16,1,1,0,1,1, , ,N,0,0,0,3,0,1,6,2,N,N,40 04:59.199,75 03:51.452,1625, ,1623,1,1,1, , ,0,N, , , , , , , , ,2,1,0,1,0,0,0,0,0,0,1,0,1,0,0,0,0,0,0,0,0,0,0,1,0,0,0,0,0,0,0,0,0,0,0,3,1,40.0831,-75.0643, , 
23926,255624,2016105688,6,67,67301,2016,9,1,223,2,3,1,0,1,1, , ,N,1,2,0,3,0,1,2,2,N,N,39 55:23.401,75 10:12.020,225, ,223, ,0, ,N, ,3, , , , , , , , , ,2,2,0,0,0,0,0,0,0,0,0,0,1,1,0,0,0,0,0,0,1,0,0,1,0,0,0,0,0,0,0,0,0,0,0,8,0,39.9231,-75.1699, , 
23927,255640,2016129512,6,67,67301,2016,11,2,21,0,3,1,0,4,1, , ,N,1,2,0,3,0,1,3,2,N, ,39 55:05.239,75 10:51.193,2139, ,2130, ,0, , , ,3, , , , , , , , , ,2,2,0,0,0,0,0,0,0,0,0,1,1,0,0,0,0,0,0,0,0,0,0,0,0,0,0,0,0,0,0,0,0,0,0,4,0,39.9181,-75.1809, , 
23928,255647,2016138198,6,67,67301,2016,12,7,1149,11,1,1,0,1,1, , ,N,1,2,0,3,0,1,3,5,N, ,39 57:17.442,75 13:40.835,9999, ,2229,1,1,4, , ,3,N, , , , , , , , ,5,4,0,0,0,0,0,1,0,0,1,0,1,0,0,0,0,0,0,0,1,0,0,2,0,0,0,0,0,0,0,0,0,0,0,3,0,39.9548,-75.228, , 
23929,255652,2016135681,6,67,67301,2016,12,4,2247,22,3,1,0,7,4, , ,N,0,0,1,3,0,0,1,1,N, ,39 59:45.124,75 06:52.912,2253, ,2253,2,2,5, , ,0,Y, , , , , , , , ,1,0,0,0,1,0,0,0,0,0,0,0,0,0,0,0,0,0,0,0,0,0,0,0,0,0,0,0,0,0,0,0,0,0,0,0,0,39.9959,-75.1147, , 
23930,255659,2016065690,6,67,67301,2016,6,5,630,6,1,1,0,4,1, , ,N,1,2,0,3,0,1,2,2,N,N,40 00:49.975,75 07:33.617,706, ,659, ,0, , , ,3, , , , , , , , , ,2,1,0,0,0,0,1,0,0,0,0,1,1,0,0,0,0,0,0,0,0,0,0,0,0,0,0,0,0,0,0,0,0,0,0,4,0,40.0139,-75.126, , 
23931,255676,2016082381,6,67,67301,2016,7,6,9999,99,3,1,0,4,1, , ,N,1,3,0,3,0,1,2,2,N, ,40 03:08.005,75 03:21.585,1728, ,1708, ,0, , , ,3, , , , , , , , , ,2,1,0,0,1,0,0,0,0,0,0,0,1,1,1,0,0,0,0,0,0,0,0,1,0,0,0,0,0,0,0,0,0,0,0,8,0,40.0522,-75.056, , 
23932,255689,2016097718,6,67,67301,2016,8,3,915,9,1,1,0,4,1, , ,N,1,3,0,3,0,1,2,2,N,N,39 58:18.717,75 08:55.168,940, ,915, ,0, , , ,3, , , , , , , , , ,2,1,0,0,0,0,1,0,0,0,0,1,1,0,0,0,0,0,0,0,0,0,0,1,0,0,0,0,0,0,0,0,0,0,0,4,0,39.9719,-75.1487, , 
23933,255719,2016080108,6,67,67301,2016,7,1,1210,12,1,1,0,8,1, , ,N,0,0,0,3,0,1,2,2,N,N,39 56:49.975,75 10:05.049,1220, ,1214, ,0, , , ,0, , , , , , , , , ,1,0,0,0,0,0,1,0,0,0,0,1,1,0,0,0,0,0,0,0,0,0,0,1,0,0,0,0,0,0,0,0,1,0,0,4,0,39.9472,-75.1681, , 
23934,255751,2016072922,6,67,67301,2016,7,2,2246,22,3,2,1,1,1, , ,N,0,0,0,3,0,2,5,3,N,N,39 57:11.548,75 10:53.983,2253, ,2248,2,1,4, , ,0,N, , , , , , , , ,3,1,0,0,0,0,2,0,0,0,0,0,2,2,0,0,0,0,0,0,0,0,0,0,0,0,0,0,0,0,0,0,0,0,0,8,0,39.9532,-75.1817, , 
23935,255764,2016097677,6,67,67301,2016,9,6,1220,12,1,1,0,4,1, , ,N,1,2,0,3,0,0,2,2,N,N,40 03:28.431,75 14:01.168,1254, ,1254, ,0, ,N, ,3, , , , , , , , , ,2,0,0,0,0,0,1,1,0,0,0,0,0,0,0,0,0,0,0,0,1,0,0,2,0,0,0,0,0,0,0,0,0,0,0,0,0,40.0584,-75.2339, , 
23936,255772,2016091680,6,67,67301,2016,8,6,1335,13,1,1,0,4,1, , ,N,1,3,0,3,0,1,5,2,N, ,40 03:57.202,75 10:35.464,1350, ,1344, ,0, , , ,3, , , , , , , , , ,2,1,0,0,0,0,0,1,0,0,0,0,1,1,4,0,0,0,0,0,0,1,0,2,0,0,0,0,0,0,0,0,0,0,0,8,0,40.0659,-75.1765, , 
23937,255778,2016113462,6,67,67301,2016,10,6,1124,11,1,1,0,0,1, , ,N,6,0,2,3,0,1,1,1,N,N,39 54:39.103,75 08:56.529,1129, ,1124,4,2,1, , ,0,Y, , , , , , , , ,1,0,0,0,0,1,0,0,0,0,1,0,1,0,0,0,0,0,0,0,0,0,0,0,0,0,0,0,0,0,0,0,0,0,0,3,1,39.9109,-75.149, , 
23938,255794,2016126607,6,67,67301,2016,11,4,615,6,3,2,1,8,6, , ,N,0,0,0,3,0,1,2,2,N,N,39 57:40.450,75 13:28.577,13, ,4, ,0, ,N, ,0, , , , , , , , , ,1,1,0,0,0,0,0,0,0,0,0,0,1,1,1,0,0,0,0,0,1,0,0,0,0,0,0,0,0,0,0,0,1,0,0,8,0,39.9612,-75.2246, , 
23939,255799,2016138201,6,67,67301,2016,11,1,2020,20,3,1,0,2,1, , ,N,0,0,0,3,0,2,3,3,N,N,40 03:16.285,75 03:15.097,2030, ,2025,1,2,5, , ,0,Y, , , , , , , , ,3,1,0,0,0,0,2,0,0,0,0,0,2,2,0,0,0,0,0,0,0,1,0,0,0,0,0,0,0,0,0,0,0,0,0,8,0,40.0545,-75.0542, , 
23940,255813,2017003964,6,67,67301,2016,12,4,2216,22,3,1,0,9,1,1,4,Y,0,0,0,3,0,1,2,2,N,N,39 57:32.240,75 10:13.581,2235,50,2229, ,0, , , ,0, ,N,N,N,N,N,N,Y,N,2,1,0,0,0,0,0,1,0,0,1,0,1,0,0,0,0,0,0,0,1,0,1,0,0,0,0,0,0,0,0,0,0,0,0,3,0,39.959,-75.1704, , 