objectid_1,objectid,crn,district,county,municipality,crash_year,crash_month,day_of_week,time_of_day,hour_of_day,illumination,weather,road_condition,collision_type,relation_to_road,work_zone_type,work_zone_loc,work_zone_ind,intersect_type,tcd_type,location_type,urban_rural,fatal_count,injury_count,person_count,total_units,sch_bus_ind,sch_zone_ind,latitude,longitude,arrival_tm,cons_zone_spd_lim,dispatch_tm,est_hrs_closed,lane_closed,ln_close_dir,ntfy_hiwy_maint,spec_juris_cd,tcd_func_cd,tfc_detour_ind,workers_pres,wz_close_detour,wz_flagger,wz_law_offcr_ind,wz_ln_closure,wz_moving,wz_other,wz_shlder_mdn,vehicle_count,automobile_count,motorcycle_count,bus_count,small_truck_count,heavy_truck_count,suv_count,van_count,bicycle_count,maj_inj_count,mod_inj_count,min_inj_count,tot_inj_count,unk_inj_deg_count,unk_inj_per_count,driver_count_16yr,driver_count_17yr,driver_count_18yr,driver_count_19yr,driver_count_20yr,driver_count_50_64yr,driver_count_65_74yr,driver_count_75plus,unbelted_occ_count,unb_death_count,unb_maj_inj_count,belted_death_count,belted_maj_inj_count,mcycle_death_count,mcycle_maj_inj_count,bicycle_death_count,bicycle_maj_inj_count,ped_count,ped_death_count,ped_maj_inj_count,max_severity_level,comm_veh_count,dec_lat,dec_long,rdwy_surf_type_cd,county_name
23941,255821,2016105948,6,67,67301,2016,9,4,1303,13,1,1,0,1,1, , ,N,0,0,0,3,0,2,4,2,N,N,39 58:59.709,75 12:09.888,1320, ,1303, ,0, ,N, ,0, , , , , , , , , ,2,1,0,0,0,0,0,0,0,0,0,2,2,0,0,0,0,0,0,0,0,0,0,0,0,0,0,0,0,0,0,0,0,0,0,4,0,39.9833,-75.2027, , 
23942,255855,2016056085,6,67,67301,2016,5,1,1710,17,1,1,0,4,1, , ,N,0,0,7,3,0,2,3,2,N,N,40 01:35.427,75 07:50.817,1735, ,1730, ,0, ,N, ,0, , , , , , , , , ,2,1,0,0,0,0,0,1,0,0,0,0,2,2,0,0,0,0,0,0,0,0,0,0,0,0,0,0,0,0,0,0,0,0,0,8,0,40.0265,-75.1308, , 
23943,255907,2016135796,6,67,67301,2016,11,6,1050,10,1,1,0,5,1, , ,N,0,0,0,3,0,2,4,2,N, ,39 59:46.259,75 06:47.436,1100, ,1055, ,0, , , ,0, , , , , , , , , ,2,0,0,1,1,0,0,0,0,0,0,2,2,0,0,0,0,0,0,0,1,0,0,1,0,0,0,0,0,0,0,0,0,0,0,4,1,39.9962,-75.1132, , 
23944,259906,2015031072,6,67,67301,2015,2,1,642,6,1,2,7,7,3, , ,N,0,0,0,3,0,1,1,1,N,N,40 05:07.990,75 01:26.252,650, ,648,1,1,1,N, ,0,N, , , , , , , , ,1,0,0,0,0,0,1,0,0,0,0,1,1,0,0,0,0,0,0,0,0,0,0,0,0,0,0,0,0,0,0,0,0,0,0,4,0,40.0856,-75.024, , 
23945,259914,2015050247,6,67,67301,2015,5,7,2125,21,3,1,0,1,1, , ,N,0,2,0,3,0,0,4,3,N,N,39 55:41.652,75 10:07.599,2130, ,2128, ,0, ,N, ,3, , , , , , , , , ,3,3,0,0,0,0,0,0,0,0,0,0,0,0,0,0,0,0,0,0,0,0,0,0,0,0,0,0,0,0,0,0,0,0,0,0,0,39.9282,-75.1688, , 
23946,259920,2015053946,6,67,67301,2015,5,7,2110,21,3,1,0,4,1, , ,N,1,2,0,3,0,2,4,2,N,N,40 01:40.946,75 06:36.204,2115, ,2111,9,1,4,N, ,3,N, , , , , , , , ,2,2,0,0,0,0,0,0,0,0,0,2,2,0,0,0,0,0,0,0,2,0,0,0,0,0,0,0,0,0,0,0,0,0,0,4,0,40.028,-75.1101, , 
23947,259933,2015005185,6,67,67301,2015,1,2,1423,14,1,1,0,7,3, , ,N,0,0,0,3,0,2,2,1,N,N,39 58:42.410,75 12:09.668,1425, ,1424,1,1,3,N, ,0,N, , , , , , , , ,1,1,0,0,0,0,0,0,0,0,0,0,2,2,0,0,0,0,0,0,0,0,0,1,0,0,0,0,0,0,0,0,0,0,0,8,0,39.9784,-75.2027, , 
23948,259950,2015020703,6,67,67301,2015,2,2,652,6,3,3,1,8,1, , ,N,1,0,0,3,0,1,2,2,N, ,39 57:18.295,75 11:29.875,657, ,653, ,0, , , ,0, , , , , , , , , ,1,0,0,0,0,0,1,0,0,0,0,1,1,0,0,0,0,0,0,0,0,1,0,0,0,0,0,0,0,0,0,0,1,0,0,4,0,39.9551,-75.1916, , 
23949,259961,2015034405,6,67,67301,2015,3,7,1749,17,4,1,0,4,1, , ,N,0,0,0,3,0,1,2,2,N,N,39 53:21.977,75 14:26.806,1800, ,1752, ,0, ,N, ,0, , , , , , , , , ,2,1,0,0,0,0,1,0,0,0,0,1,1,0,1,0,0,0,0,0,0,0,0,0,0,0,0,0,0,0,0,0,0,0,0,4,0,39.8894,-75.2408, , 
23950,259968,2015042751,6,67,67301,2015,4,4,1950,19,3,1,0,8,1, , ,N,0,0,0,3,0,1,2,2,N,N,39 57:42.394,75 10:33.243,2005, ,2000, ,0, ,N, ,0, , , , , , , , , ,1,1,0,0,0,0,0,0,0,0,0,1,1,0,0,0,0,0,0,0,1,0,0,1,0,0,0,0,0,0,0,0,1,0,0,4,0,39.9618,-75.1759, , 
23951,259984,2015013006,6,67,67301,2015,1,1,240,2,3,1,0,7,5, , ,N,0,0,0,3,0,0,1,1,N,N,39 55:48.110,75 11:53.712,240, ,240,2,2,3,N, ,0,N, , , , , , , , ,1,0,0,0,0,0,1,0,0,0,0,0,0,0,0,0,0,0,0,0,0,0,0,0,0,0,0,0,0,0,0,0,0,0,0,0,0,39.93,-75.1983, , 
23952,259987,2015015650,6,67,67301,2015,1,5,1640,16,4,1,0,5,1, , ,N,0,0,0,3,0,1,2,2,N, ,39 54:06.397,75 13:44.065,1758, ,1756, ,0, , , ,0, , , , , , , , , ,2,2,0,0,0,0,0,0,0,0,0,0,1,1,0,0,0,0,1,0,0,0,0,0,0,0,0,0,0,0,0,0,0,0,0,8,0,39.9018,-75.2289, , 
23953,260018,2015051918,6,67,67301,2015,5,7,1011,10,1,1,0,5,1, , ,N,3,2,0,3,0,2,3,2,N, ,39 55:54.338,75 13:00.262,1020, ,1020, ,0, , , ,3, , , , , , , , , ,2,1,0,0,0,0,1,0,0,0,2,0,2,0,0,0,0,0,0,0,1,0,0,0,0,0,0,0,0,0,0,0,0,0,0,3,0,39.9318,-75.2167, , 
23954,260034,2015012703,6,67,67301,2015,1,2,540,5,3,1,0,4,1, , ,N,5,2,0,3,0,0,3,3,N, ,40 02:01.136,75 03:49.097,547, ,545, ,0, , , ,3, , , , , , , , , ,3,3,0,0,0,0,0,0,0,0,0,0,0,0,0,0,0,0,0,0,0,0,0,0,0,0,0,0,0,0,0,0,0,0,0,0,0,40.0336,-75.0636, , 
23955,260048,2015035138,6,67,67301,2015,3,6,840,8,1,8,5,1,1, , ,N,0,0,0,3,0,1,3,2,N,N,40 01:52.322,75 06:16.972,851, ,846,2,1,6,N, ,0,N, , , , , , , , ,2,1,0,0,0,0,1,0,0,0,0,1,1,0,0,0,0,0,0,0,0,0,0,0,0,0,0,0,0,0,0,0,0,0,0,4,0,40.0312,-75.1047, , 
23956,260069,2015056648,6,67,67301,2015,5,5,2355,23,3,1,0,1,1,1,4,Y,0,0,0,3,0,2,4,4,N,N,40 01:15.666,75 02:29.265,0,45,2355,2,2,1,Y, ,0,N,N,N,N,N,N,N,Y,Y,4,3,0,0,0,0,1,0,0,0,2,0,2,0,0,0,0,0,0,0,1,0,0,0,0,0,0,0,0,0,0,0,0,0,0,3,0,40.021,-75.0415, , 
23957,260098,2015028764,6,67,67301,2015,2,6,1304,13,1,1,0,4,1, , ,N,1,2,0,3,0,1,5,2,N, ,39 55:22.123,75 14:08.509,1309, ,1308,1,1,1, , ,3,Y, , , , , , , , ,2,1,0,0,0,0,0,1,0,0,0,1,1,0,0,0,0,0,0,0,1,0,0,0,0,0,0,0,0,0,0,0,0,0,0,4,0,39.9228,-75.2357, , 
23958,260109,2015042833,6,67,67301,2015,4,4,1115,11,1,1,0,1,1, , ,N,1,2,0,3,0,1,2,2,N,N,39 59:25.814,75 08:25.976,1218, ,1115, ,0, , , ,3, , , , , , , , , ,2,1,0,0,0,0,1,0,0,0,0,1,1,0,1,0,0,0,0,0,1,0,0,0,0,0,0,0,0,0,0,0,0,0,0,4,0,39.9905,-75.1405, , 
23959,260138,2015024972,6,67,67301,2015,2,6,2331,23,3,1,0,8,1, , ,N,0,0,0,3,0,1,2,2,N,N,39 56:46.496,75 14:23.683,2334, ,2331, ,0, ,N, ,0, , , , , , , , , ,1,1,0,0,0,0,0,0,0,0,0,1,1,0,0,0,0,0,0,0,0,0,0,0,0,0,0,0,0,0,0,0,1,0,0,4,0,39.9462,-75.2399, , 
23960,260156,2015049082,6,67,67301,2015,4,5,1325,13,1,1,0,8,1, , ,N,0,0,0,3,0,1,2,2,N,N,39 56:52.364,75 09:44.629,1355, ,1344, ,0, ,N, ,0, , , , , , , , , ,1,0,0,0,0,0,0,1,0,0,0,0,1,1,0,0,0,0,0,0,1,0,0,0,0,0,0,0,0,0,0,0,1,0,0,8,0,39.9479,-75.1624, , 
23961,260160,2015051486,6,67,67301,2015,5,7,155,1,3,1,0,4,1, , ,N,1,2,0,3,0,0,4,3,N, ,40 01:05.185,75 08:04.246,157, ,159, ,0, , , ,3, , , , , , , , , ,3,2,0,0,0,0,1,0,0,0,0,0,0,0,0,0,0,0,0,0,0,0,0,0,0,0,0,0,0,0,0,0,0,0,0,0,0,40.0181,-75.1345, , 
23962,263613,2015038229,6,67,67301,2015,3,6,1549,15,1,4,1,4,1, , ,N,0,0,0,3,0,0,2,2,N,N,39 59:28.925,75 12:11.568,1608, ,1550, ,0, ,N, ,0, , , , , , , , , ,2,1,0,0,0,0,1,0,0,0,0,0,0,0,0,0,0,0,0,0,1,0,0,0,0,0,0,0,0,0,0,0,0,0,0,0,0,39.9914,-75.2032, , 
23963,263614,2015038582,6,67,67301,2015,3,2,1800,18,1,1,0,5,1, , ,N,0,0,0,3,0,1,3,2,N,N,39 58:52.010,75 07:47.370,1904, ,1858, ,0, , , ,0, , , , , , , , , ,2,1,0,0,0,0,1,0,0,0,1,0,1,0,0,0,0,0,0,0,1,0,0,0,0,0,0,0,0,0,0,0,0,0,0,3,0,39.9811,-75.1298, , 
23964,263619,2015042843,6,67,67301,2015,4,6,1405,14,1,1,0,6,1, , ,N,0,0,0,3,0,0,2,2,N,N,39 58:17.677,75 09:37.354,1430, ,1425,2,1,6,N, ,0,Y, , , , , , , , ,2,2,0,0,0,0,0,0,0,0,0,0,0,0,0,0,0,0,0,0,0,1,0,0,0,0,0,0,0,0,0,0,0,0,0,0,0,39.9716,-75.1604, , 
23965,263628,2015054012,6,67,67301,2015,5,7,1500,15,1,1,0,4,1, , ,N,2,0,0,3,0,2,3,2,N,N,40 01:10.491,75 06:29.973,1525, ,1520,2,1,2,N, ,0,N, , , , , , , , ,2,1,1,0,0,0,0,0,0,0,0,2,2,0,0,0,0,0,0,0,0,0,0,0,0,0,0,0,0,0,0,0,0,0,0,4,0,40.0196,-75.1083, , 
23966,263633,2015056440,6,67,67301,2015,5,5,2030,20,3,1,0,4,1, , ,N,2,0,0,3,0,0,3,2,N,N,40 02:19.751,75 04:40.978,2109, ,2125, ,0, ,N, ,0, , , , , , , , , ,2,2,0,0,0,0,0,0,0,0,0,0,0,0,2,0,0,0,0,0,1,0,0,0,0,0,0,0,0,0,0,0,0,0,0,9,0,40.0388,-75.078, , 
23967,263636,2015059115,6,67,67301,2015,5,6,2236,22,6,1,0,5,6, , ,N,0,0,0,3,0,0,1,3,N,N,40 04:27.147,75 12:03.413,2242, ,2237, ,0, ,N, ,0, , , , , , , , , ,3,2,0,0,0,0,1,0,0,0,0,0,0,0,0,0,0,0,0,0,0,0,0,0,0,0,0,0,0,0,0,0,0,0,0,0,0,40.0742,-75.2009, , 
23968,263652,2015017930,6,67,67301,2015,1,6,1550,15,1,1,0,8,1, , ,N,1,2,0,3,0,1,2,2,N,N,39 57:57.056,75 14:02.155,1835, ,1830, ,0, ,N, ,3, , , , , , , , , ,1,1,0,0,0,0,0,0,0,0,0,1,1,0,0,0,0,0,0,0,0,0,0,0,0,0,0,0,0,0,0,0,1,0,0,4,0,39.9658,-75.2339, , 
23969,263670,2015038652,6,67,67301,2015,3,2,2026,20,3,1,0,7,4, , ,N,1,0,0,3,0,0,1,1,N, ,39 59:39.930,75 08:01.237,2030, ,2027, ,0, , , ,0, , , , , , , , , ,1,1,0,0,0,0,0,0,0,0,0,0,0,0,0,0,0,0,0,0,0,0,0,0,0,0,0,0,0,0,0,0,0,0,0,0,0,39.9944,-75.1337, , 
23970,263680,2015053928,6,67,67301,2015,4,3,840,8,1,1,0,4,1, , ,N,1,2,0,3,0,2,3,3,N, ,40 01:33.550,75 07:19.144,840, ,831, ,0, , , ,3, , , , , , , , , ,3,1,0,0,1,0,0,1,0,0,1,1,2,0,0,0,0,0,0,0,1,0,0,0,0,0,0,0,0,0,0,0,0,0,0,3,0,40.026,-75.122, , 
23971,263712,2015035120,6,67,67301,2015,3,2,1910,19,3,1,0,4,1, , ,N,1,2,0,3,0,0,3,2,N, ,40 07:44.528,75 01:30.881,1950, ,1946,2,1,1, , ,3,Y, , , , , , , , ,2,0,0,0,1,0,0,1,0,0,0,0,0,0,0,0,0,0,0,0,0,0,0,0,0,0,0,0,0,0,0,0,0,0,0,0,0,40.129,-75.0252, , 
23972,263714,2015038606,6,67,67301,2015,3,4,932,9,1,1,0,5,6, , ,N,0,0,0,3,0,1,1,2,N,N,40 07:29.647,75 01:27.044,945, ,943, ,0, ,N, ,0, , , , , , , , , ,2,1,0,0,0,1,0,0,0,0,0,1,1,0,0,0,0,0,0,0,0,0,0,0,0,0,0,0,0,0,0,0,0,0,0,4,1,40.1249,-75.0242, , 
23973,263720,2015045409,6,67,67301,2015,4,3,1530,15,1,1,0,4,1, , ,N,2,3,0,3,0,2,4,2,N,N,40 02:40.953,75 03:40.501,1535, ,1535,1,1,1,N, ,3,N, , , , , , , , ,2,1,0,0,0,0,1,0,0,0,2,0,2,0,0,0,0,0,0,0,0,0,0,0,0,0,0,0,0,0,0,0,0,0,0,3,0,40.0447,-75.0613, , 
23974,263721,2015047591,6,67,67301,2015,4,2,1900,19,1,1,0,8,1, , ,N,0,0,0,3,0,2,3,3,N,N,39 59:29.446,75 07:58.177,1904, ,1902,3,2,2, , ,0,Y, , , , , , , , ,1,1,0,0,0,0,0,0,0,0,1,0,2,1,0,0,0,0,0,0,0,0,0,0,0,0,0,0,0,0,0,0,2,0,0,3,0,39.9915,-75.1328, , 
23975,263722,2015049580,6,67,67301,2015,4,6,752,7,1,2,1,1,1, , ,N,3,3,0,3,0,2,4,2,N,N,39 55:37.231,75 14:36.560,756, ,753, ,0, , , ,3, , , , , , , , , ,2,0,0,0,0,0,2,0,0,0,0,2,2,0,0,0,0,0,0,0,1,0,0,0,0,0,0,0,0,0,0,0,0,0,0,4,0,39.927,-75.2435, , 
23976,263727,2015054003,6,67,67301,2015,5,4,1430,14,1,4,0,8,1, , ,N,0,0,0,3,0,1,2,2,N, ,39 55:04.308,75 10:43.786,1550, ,1543, ,0, , , ,0, , , , , , , , , ,1,0,0,0,0,0,1,0,0,0,0,1,1,0,0,0,0,0,0,0,1,0,0,0,0,0,0,0,0,0,0,0,1,0,0,4,0,39.9179,-75.1788, , 
23977,263735,2015061864,6,67,67301,2015,5,1,700,7,1,1,0,1,1, , ,N,2,2,0,3,0,0,2,2,N,N,40 05:10.582,75 02:45.913,710, ,706, ,0, ,N, ,3, , , , , , , , , ,2,1,0,0,0,0,1,0,0,0,0,0,0,0,0,0,0,0,0,0,0,0,0,0,0,0,0,0,0,0,0,0,0,0,0,0,0,40.0863,-75.0461, , 
23978,263781,2015051417,6,67,67301,2015,4,5,745,7,1,1,0,7,4, , ,N,0,0,7,3,0,1,1,1,N,Y,40 06:44.877,75 00:15.438,752, ,747, ,0, ,N, ,0, , , , , , , , , ,1,1,0,0,0,0,0,0,0,0,0,0,1,1,0,0,0,0,0,0,1,0,0,0,0,0,0,0,0,0,0,0,0,0,0,8,0,40.1125,-75.0043, , 
23979,263782,2015051442,6,67,67301,2015,5,6,2106,21,3,1,0,4,1, , ,N,1,2,0,3,0,3,6,2,N, ,40 03:58.061,75 03:46.964,2138, ,2135, ,0, , , ,3, , , , , , , , , ,2,1,0,0,0,0,1,0,0,0,0,3,3,0,0,0,0,0,0,0,0,0,0,0,0,0,0,0,0,0,0,0,0,0,0,4,0,40.0661,-75.063, , 
23980,252657,2016129257,6,67,67301,2016,11,1,1429,14,1,1,0,1,1, , ,N,0,0,0,3,0,1,7,3,N, ,39 54:48.499,75 08:16.919,1445, ,1432, ,0, , , ,0, , , , , , , , , ,3,1,0,0,0,0,2,0,0,0,0,0,1,1,0,0,0,0,0,0,1,0,0,0,0,0,0,0,0,0,0,0,0,0,0,8,0,39.9135,-75.138, , 
23981,252687,2016138155,6,67,67301,2016,12,5,2305,23,3,1,0,5,1, , ,N,0,0,0,3,0,1,3,3,N,N,39 57:18.238,75 09:58.761,2324, ,2320, ,0, ,N, ,0, , , , , , , , , ,3,2,0,0,0,0,1,0,0,0,0,1,1,0,0,0,0,0,0,0,1,0,0,1,0,0,0,0,0,0,0,0,0,0,0,4,0,39.9551,-75.1663, , 
23982,252696,2017005273,6,67,67301,2016,12,1,1139,11,1,1,0,4,1, , ,N,1,3,0,3,0,1,3,2,N,N,39 58:33.539,75 12:23.558,1144, ,1143, ,0, ,N, ,3, , , , , , , , , ,2,2,0,0,0,0,0,0,0,0,0,1,1,0,0,0,0,0,0,0,1,0,0,0,0,0,0,0,0,0,0,0,0,0,0,4,0,39.976,-75.2065, , 
23983,252712,2016080883,6,67,67301,2016,6,4,1647,16,1,1,0,5,1, , ,N,0,0,0,3,0,4,5,3,N,N,40 00:19.988,75 06:15.679,1655, ,1652,2,2,6,N, ,0,Y, , , , , , , , ,3,3,0,0,0,0,0,0,0,0,3,1,4,0,0,0,0,0,0,0,1,1,0,0,0,0,0,0,0,0,0,0,0,0,0,3,0,40.0056,-75.1044, , 
23984,252716,2016090274,6,67,67301,2016,8,5,525,5,1,1,0,4,1, , ,N,1,2,0,3,0,1,2,3,N,N,40 00:33.277,75 09:04.079,602, ,530, ,0, ,N, ,3, , , , , , , , , ,3,0,0,1,1,0,1,0,0,0,0,0,1,1,0,0,0,0,0,0,0,0,0,0,0,0,0,0,0,0,0,0,0,0,0,8,1,40.0092,-75.1511, , 
23985,252718,2016087190,6,67,67301,2016,8,1,220,2,2,1,0,4,1, , ,N,1,3,0,3,0,0,2,2,N,N,39 58:07.917,75 09:48.095,9999, ,339, ,0, ,N, ,3, , , , , , , , , ,2,2,0,0,0,0,0,0,0,0,0,0,0,0,0,0,0,0,0,0,0,0,0,2,0,0,0,0,0,0,0,0,0,0,0,0,0,39.9689,-75.1634, , 
23986,252729,2016106333,6,67,67301,2016,9,2,954,9,1,1,1,6,1, , ,N,0,0,0,3,0,1,2,2,N,N,40 01:31.719,75 12:14.615,1013, ,1008, ,0, ,N, ,0, , , , , , , , , ,2,2,0,0,0,0,0,0,0,0,0,1,1,0,0,0,0,0,0,0,0,0,0,2,0,0,0,0,0,0,0,0,0,0,0,4,0,40.0255,-75.2041, , 
23987,252756,2017005266,6,67,67301,2016,12,3,650,6,3,2,1,8,1, , ,N,0,0,7,3,0,1,2,2,N,N,40 04:42.016,75 12:41.366,810, ,752, ,0, ,N, ,0, , , , , , , , , ,1,0,0,0,0,0,1,0,0,0,0,1,1,0,0,0,0,0,0,0,1,0,0,1,0,0,0,0,0,0,0,0,1,0,0,4,0,40.0783,-75.2115, , 
23988,252757,2017007919,6,67,67301,2016,12,3,1456,14,1,1,0,4,1, , ,N,2,2,0,3,0,1,3,2,N,N,40 04:10.185,74 58:53.111,1456, ,1456,9,1,1,N, ,3,N, , , , , , , , ,2,1,0,0,1,0,0,0,0,0,0,0,1,1,0,0,0,0,0,0,0,0,0,0,0,0,0,0,0,0,0,0,0,0,0,8,0,40.0695,-74.9814, , 
23989,252762,2016115145,6,67,67301,2016,9,7,2238,22,3,1,0,1,1, , ,N,1,2,0,3,0,0,11,2,N,N,39 59:11.018,75 10:10.592,2238, ,2238, ,0, ,N, ,3, , , , , , , , , ,2,1,0,0,0,0,1,0,0,0,0,0,0,0,0,1,0,0,0,0,0,0,0,8,0,0,0,0,0,0,0,0,0,0,0,0,0,39.9864,-75.1696, , 
23990,252772,2016119125,6,67,67301,2016,10,5,1908,19,3,1,0,1,1, , ,N,1,2,0,3,0,1,2,2,N,N,40 00:25.981,75 07:24.378,1924, ,1916, ,0, , , ,3, , , , , , , , , ,2,2,0,0,0,0,0,0,0,0,0,1,1,0,0,0,0,0,0,0,0,0,0,1,0,0,0,0,0,0,0,0,0,0,0,4,0,40.0072,-75.1234, , 
23991,252783,2016127796,6,67,67301,2016,11,7,1900,19,3,1,0,4,1, , ,N,1,3,0,3,0,2,3,2,N,N,40 00:15.058,75 09:37.789,2036, ,2031, ,0, , , ,3, , , , , , , , , ,2,2,0,0,0,0,0,0,0,0,0,2,2,0,0,0,0,0,0,0,1,0,0,0,0,0,0,0,0,0,0,0,0,0,0,4,0,40.0042,-75.1605, , 
23992,252801,2016138166,6,67,67301,2016,12,5,1736,17,3,1,0,4,1, , ,N,1,2,1,3,0,1,5,2,N,N,40 01:08.973,75 04:53.510,1750, ,1741, ,0, ,N, ,3, , , , , , , , , ,2,2,0,0,0,0,0,0,0,0,0,1,1,0,0,0,0,1,0,0,0,0,0,0,0,0,0,0,0,0,0,0,0,0,0,4,0,40.0191,-75.0815, , 
23993,252812,2016129242,6,67,67301,2016,11,6,1030,10,1,1,0,4,1, , ,N,1,2,0,3,0,1,2,2,N, ,40 02:56.546,75 10:29.688,1035, ,1033,2,2,7, , ,3,Y, , , , , , , , ,2,1,0,0,1,0,0,0,0,0,0,1,1,0,0,0,0,0,0,0,0,0,0,0,0,0,0,0,0,0,0,0,0,0,0,4,0,40.049,-75.1749, , 
23994,252819,2016127801,6,67,67301,2016,11,2,1825,18,3,1,0,2,1, , ,N,1,2,0,3,0,2,3,2,N,N,39 59:17.890,75 15:14.288,1925, ,1915, ,0, ,N, ,3, , , , , , , , , ,2,1,0,0,0,0,1,0,0,0,0,2,2,0,0,0,0,0,0,0,0,0,0,0,0,0,0,0,0,0,0,0,0,0,0,4,0,39.9883,-75.254, , 
23995,252830,2017007916,6,67,67301,2016,12,7,2142,21,3,1,0,4,1, , ,N,1,2,0,3,0,1,2,2,N, ,39 57:26.750,75 13:45.402,2147, ,2146, ,0, , , ,3, , , , , , , , , ,2,1,0,0,0,0,0,0,0,0,1,0,1,0,0,0,0,0,0,0,0,0,0,0,0,0,0,0,0,0,0,0,0,0,0,3,0,39.9574,-75.2293, , 
23996,252863,2016126166,6,67,67301,2016,11,6,1531,15,1,1,0,1,1, , ,N,0,0,0,3,0,1,2,2,N, ,40 05:30.913,75 01:55.681,1534, ,1534, ,0, , , ,0, , , , , , , , , ,2,1,0,0,0,0,1,0,0,0,1,0,1,0,0,0,0,0,0,0,0,1,0,0,0,0,0,0,0,0,0,0,0,0,0,3,0,40.0919,-75.0321, , 
23997,252868,2016138267,6,67,67301,2016,12,7,1916,19,3,1,0,8,1, , ,N,1,2,0,3,0,1,2,2,N,N,39 57:09.004,75 10:37.057,1920, ,1915,1,1,1,N, ,3,Y, , , , , , , , ,1,1,0,0,0,0,0,0,0,0,1,0,1,0,0,0,0,0,0,0,0,0,0,1,0,0,0,0,0,0,0,0,1,0,0,3,0,39.9525,-75.177, , 
23998,255919,2016135768,6,67,67301,2016,12,2,1300,13,1,1,0,8,1, , ,N,1,2,0,3,0,1,2,2,N, ,39 59:48.427,75 06:12.178,1320, ,1317, ,0, , , ,3, , , , , , , , , ,1,0,0,0,1,0,0,0,0,0,0,1,1,0,0,0,0,0,0,0,0,0,0,0,0,0,0,0,0,0,0,0,1,0,0,4,0,39.9968,-75.1034, , 
23999,255924,2017017991,6,67,67301,2016,5,1,2045,20,3,8,1,1,1, , ,N,1,0,0,3,0,1,2,3,N,N,39 57:14.446,75 14:18.200,0, ,0, ,0, ,N, ,0, , , , , , , , , ,3,1,0,0,0,0,0,0,0,0,1,0,1,0,0,0,0,0,0,0,0,0,0,0,0,0,0,0,0,0,0,0,0,0,0,3,0,39.954,-75.2384, , 
24000,255950,2016080835,6,67,67301,2016,7,3,2227,22,3,1,0,4,1, , ,N,1,2,0,3,0,1,4,5,N, ,39 59:01.460,75 08:11.468,2229, ,2227,2,2,2, , ,3,Y, , , , , , , , ,5,2,0,0,0,0,1,2,0,0,0,0,1,1,1,0,0,0,0,0,0,2,0,2,0,0,0,0,0,0,0,0,0,0,0,8,0,39.9837,-75.1365, , 
24001,255958,2016091228,6,67,67301,2016,8,2,1202,12,1,1,0,5,1, , ,N,0,0,0,3,0,2,5,2,N,N,40 01:22.053,75 02:11.745,1223, ,1203,2,1,2, , ,0,N, , , , , , , , ,2,1,0,0,1,0,0,0,0,0,2,0,2,0,0,0,0,0,0,0,0,0,0,0,0,0,0,0,0,0,0,0,0,0,0,3,0,40.0228,-75.0366, , 
24002,255970,2016089931,6,67,67301,2016,8,1,1730,17,1,1,0,8,1, , ,N,0,0,0,3,0,1,2,2,N,N,40 02:04.967,75 08:41.618,1305, ,1305, ,0, ,N, ,0, , , , , , , , , ,1,0,0,0,0,0,1,0,0,0,0,0,1,1,0,0,0,0,0,0,1,0,0,0,0,0,0,0,0,0,0,0,1,0,0,8,0,40.0347,-75.1449, , 
24003,255976,2016099595,6,67,67301,2016,9,2,2245,22,3,1,0,6,1, , ,N,0,0,0,3,0,1,2,3,N,N,39 59:50.867,75 07:16.533,2250, ,2248,1,2,6,N, ,0,Y, , , , , , , , ,3,2,0,0,0,0,1,0,0,0,0,1,1,0,0,0,0,0,0,0,0,0,0,1,0,0,0,0,0,0,0,0,0,0,0,4,0,39.9975,-75.1213, , 
24004,255988,2016120622,6,67,67301,2016,11,4,1645,16,1,1,0,7,5, , ,N,2,3,0,3,0,0,1,1,N, ,39 59:33.770,75 05:39.278,1702, ,1649, ,0, , , ,3, , , , , , , , , ,1,1,0,0,0,0,0,0,0,0,0,0,0,0,0,0,0,0,0,0,0,0,0,0,0,0,0,0,0,0,0,0,0,0,0,0,0,39.9927,-75.0942, , 
24005,255990,2016117197,6,67,67301,2016,10,2,1030,10,1,1,0,5,1, , ,N,0,0,0,3,0,1,2,2,N,N,39 56:17.343,75 10:10.599,1141, ,1140, ,0, ,N, ,0, , , , , , , , , ,1,0,0,0,0,1,0,0,1,0,0,0,1,1,0,0,0,0,0,0,0,0,0,0,0,0,0,0,0,0,0,0,0,0,0,8,0,39.9382,-75.1696, , 
24006,256006,2016107127,6,67,67301,2016,10,7,1518,15,1,1,0,4,1, , ,N,1,2,0,3,0,1,4,3,N,N,40 06:50.926,74 59:15.880,1535, ,1520,1,2,1,N, ,3,N, , , , , , , , ,3,2,0,0,0,0,1,0,0,0,1,0,1,0,0,0,0,0,0,0,3,0,0,0,0,0,0,0,0,0,0,0,0,0,0,3,0,40.1141,-74.9877, , 
24007,256019,2016126165,6,67,67301,2016,11,3,1610,16,4,1,0,4,1, , ,N,3,3,0,3,0,1,2,2,N,N,40 00:51.902,75 09:00.029,1715, ,1713, ,0, , , ,3, , , , , , , , , ,2,0,0,0,0,0,1,0,0,0,0,1,1,0,0,0,0,0,0,0,0,0,0,0,0,0,0,0,0,0,0,0,0,0,0,4,0,40.0144,-75.15, , 