objectid_1,objectid,crn,district,county,municipality,crash_year,crash_month,day_of_week,time_of_day,hour_of_day,illumination,weather,road_condition,collision_type,relation_to_road,work_zone_type,work_zone_loc,work_zone_ind,intersect_type,tcd_type,location_type,urban_rural,fatal_count,injury_count,person_count,total_units,sch_bus_ind,sch_zone_ind,latitude,longitude,arrival_tm,cons_zone_spd_lim,dispatch_tm,est_hrs_closed,lane_closed,ln_close_dir,ntfy_hiwy_maint,spec_juris_cd,tcd_func_cd,tfc_detour_ind,workers_pres,wz_close_detour,wz_flagger,wz_law_offcr_ind,wz_ln_closure,wz_moving,wz_other,wz_shlder_mdn,vehicle_count,automobile_count,motorcycle_count,bus_count,small_truck_count,heavy_truck_count,suv_count,van_count,bicycle_count,maj_inj_count,mod_inj_count,min_inj_count,tot_inj_count,unk_inj_deg_count,unk_inj_per_count,driver_count_16yr,driver_count_17yr,driver_count_18yr,driver_count_19yr,driver_count_20yr,driver_count_50_64yr,driver_count_65_74yr,driver_count_75plus,unbelted_occ_count,unb_death_count,unb_maj_inj_count,belted_death_count,belted_maj_inj_count,mcycle_death_count,mcycle_maj_inj_count,bicycle_death_count,bicycle_maj_inj_count,ped_count,ped_death_count,ped_maj_inj_count,max_severity_level,comm_veh_count,dec_lat,dec_long,rdwy_surf_type_cd,county_name
24076,256222,2017003696,6,67,67301,2016,12,2,1830,18,3,1,0,8,1, , ,N,1,3,0,3,0,1,2,2,N,N,39 59:58.390,75 10:23.833,200, ,156, ,0, ,N, ,3, , , , , , , , , ,1,1,0,0,0,0,0,0,0,0,1,0,1,0,0,0,0,0,0,0,0,0,0,1,0,0,0,0,0,0,0,0,1,0,0,3,0,39.9996,-75.1733, , 
24077,256224,2017002082,6,67,67301,2016,12,4,9999,99,5,1,0,8,1, , ,N,1,2,0,3,0,1,2,2,N,N,39 57:01.144,75 09:56.951,1800, ,1809, ,0, ,N, ,3, , , , , , , , , ,1,0,0,0,0,0,1,0,0,0,0,0,1,1,0,0,0,0,0,0,1,0,0,1,0,0,0,0,0,0,0,0,1,0,0,8,0,39.9503,-75.1658, , 
24078,256229,2016053690,6,67,67301,2016,5,4,1903,19,1,1,0,8,1, , ,N,1,2,0,3,0,1,2,2,N, ,40 02:42.273,75 09:29.620,1921, ,1919, ,0, , , ,3, , , , , , , , , ,1,1,0,0,0,0,0,0,0,0,0,0,1,1,1,0,0,0,0,0,0,0,0,0,0,0,0,0,0,0,0,0,1,0,0,8,0,40.0451,-75.1582, , 
24079,256238,2016062514,6,67,67301,2016,5,3,1407,14,1,1,0,8,1, , ,N,2,0,0,3,0,1,2,2,N,N,40 06:23.326,75 01:48.353,1413, ,1412, ,0, ,N, ,0, , , , , , , , , ,1,0,0,0,0,0,1,0,0,0,0,1,1,0,0,0,0,0,0,0,0,0,0,0,0,0,0,0,0,0,0,0,1,0,0,4,0,40.1065,-75.0301, , 
24080,256241,2016065669,6,67,67301,2016,6,7,1153,11,1,1,0,4,1, , ,N,0,0,6,3,0,1,4,2,N, ,40 03:19.380,75 02:54.353,9999, ,1153, ,0, , , ,0, , , , , , , , , ,2,1,0,0,0,0,1,0,0,0,0,0,1,1,0,0,0,0,0,0,0,0,0,0,0,0,0,0,0,0,0,0,0,0,0,8,0,40.0554,-75.0484, , 
24081,256243,2016070653,6,67,67301,2016,6,6,1332,13,1,1,0,4,1, , ,N,2,3,0,3,0,0,2,2,N, ,40 00:18.687,75 09:22.478,1340, ,1334,1,1,2, , ,3,N, , , , , , , , ,2,2,0,0,0,0,0,0,0,0,0,0,0,0,0,0,0,0,0,0,0,0,0,2,0,0,0,0,0,0,0,0,0,0,0,0,0,40.0052,-75.1562, , 
24082,256255,2016080554,6,67,67301,2016,7,2,1025,10,1,1,0,5,6, , ,N,0,0,0,3,0,1,2,3,N,N,39 59:38.292,75 07:41.401,1039, ,1039, ,0, ,N, ,0, , , , , , , , , ,3,2,0,0,0,0,1,0,0,0,0,0,1,1,0,0,0,0,0,0,0,0,0,0,0,0,0,0,0,0,0,0,0,0,0,8,0,39.994,-75.1282, , 
24083,256258,2016082229,6,67,67301,2016,7,2,2050,20,3,1,0,1,1, , ,N,1,3,0,3,0,1,3,3,N,N,40 03:08.005,75 03:21.585,2058, ,2055, ,0, ,N, ,3, , , , , , , , , ,3,3,0,0,0,0,0,0,0,0,0,0,1,1,0,0,0,0,0,0,0,0,0,0,0,0,0,0,0,0,0,0,0,0,0,8,0,40.0522,-75.056, , 
24084,256259,2016084562,6,67,67301,2016,8,3,9999,99,4,1,0,8,1, , ,N,2,0,0,3,0,1,2,2,N,N,39 55:30.943,75 11:12.024,2120, ,2148, ,0, ,N, ,0, , , , , , , , , ,1,1,0,0,0,0,0,0,0,0,0,0,1,1,0,0,0,0,0,0,0,0,0,1,0,0,0,0,0,0,0,0,1,0,0,8,0,39.9253,-75.1867, , 
24085,256263,2016097621,6,67,67301,2016,8,6,1400,14,1,1,0,4,1, , ,N,1,0,0,3,0,0,1,2,N, ,39 56:44.905,75 10:42.419,1425, ,1418,1,2,4, , ,0,Y, , , , , , , , ,2,2,0,0,0,0,0,0,0,0,0,0,0,0,0,0,0,0,0,0,0,0,0,1,0,0,0,0,0,0,0,0,0,0,0,0,0,39.9458,-75.1784, , 
24086,256289,2016080348,6,67,67301,2016,7,6,1900,19,3,1,0,4,1, , ,N,0,0,0,3,0,1,2,2,N,N,40 02:51.698,75 06:17.366,1913, ,1909, ,0, ,N, ,0, , , , , , , , , ,1,0,0,0,1,0,0,0,1,0,0,1,1,0,0,0,0,0,0,0,0,0,0,0,0,0,0,0,0,0,0,0,0,0,0,4,0,40.0477,-75.1048, , 
24087,256290,2016080558,6,67,67301,2016,7,1,1509,15,1,1,0,8,1, , ,N,0,0,0,3,0,1,2,2,N,N,39 56:14.013,75 11:28.536,1521, ,1519, ,0, ,N, ,0, , , , , , , , , ,1,1,0,0,0,0,0,0,0,0,0,1,1,0,0,0,0,0,0,0,0,0,0,0,0,0,0,0,0,0,0,0,1,0,0,4,0,39.9372,-75.1913, , 
24088,256291,2016080936,6,67,67301,2016,7,6,1545,15,1,1,0,1,1, , ,N,2,2,0,3,0,1,2,2,N,N,40 06:39.135,75 00:12.689,9999, ,9999, ,0, ,N, ,3, , , , , , , , , ,2,1,0,0,0,0,1,0,0,0,1,0,1,0,1,0,0,0,1,0,0,0,0,0,0,0,0,0,0,0,0,0,0,0,0,3,0,40.1109,-75.0035, , 
24089,260404,2015070614,6,67,67301,2015,6,4,1215,12,1,1,0,4,1, , ,N,1,2,0,3,0,1,2,2,N, ,39 58:17.779,75 14:34.145,1345, ,1345, ,0, , , ,3, , , , , , , , , ,1,1,0,0,0,0,0,0,1,0,0,1,1,0,0,0,0,0,0,0,1,0,0,0,0,0,0,0,0,0,0,0,0,0,0,4,0,39.9716,-75.2428, , 
24090,260406,2015071468,6,67,67301,2015,6,6,1916,19,1,1,0,1,1, , ,N,0,0,0,3,0,5,8,3,N,N,39 58:45.291,75 12:14.078,1917, ,1916,1,1,3,N, ,0,N, , , , , , , , ,3,0,0,0,0,0,3,0,0,0,0,0,5,5,0,0,0,1,0,0,0,1,0,0,0,0,0,0,0,0,0,0,0,0,0,8,0,39.9792,-75.2039, , 
24091,260427,2015028875,6,67,67301,2015,2,5,1051,10,1,1,0,4,1, , ,N,1,2,0,3,0,1,2,2,N, ,39 57:07.822,75 08:42.804,1053, ,1051, ,0, , , ,2, , , , , , , , , ,2,2,0,0,0,0,0,0,0,0,0,0,1,1,0,0,0,0,0,0,0,0,0,0,0,0,0,0,0,0,0,0,0,0,0,8,0,39.9522,-75.1452, , 
24092,260453,2015056563,6,67,67301,2015,5,5,1321,13,1,1,0,5,1, , ,N,0,0,0,3,0,1,2,2,N,N,40 01:47.730,75 11:16.593,1334, ,1321,2,2,1,N, ,0,Y, , , , , , , , ,2,2,0,0,0,0,0,0,0,0,0,1,1,0,0,0,0,0,0,0,0,1,0,0,0,0,0,0,0,0,0,0,0,0,0,4,0,40.0299,-75.1879, , 
24093,260483,2015036551,6,67,67301,2015,3,5,2330,23,3,1,0,4,6, , ,N,1,3,0,3,0,0,1,4,N,N,39 57:47.635,75 09:15.040,2348, ,2334,3,2,2,N, ,3,Y, , , , , , , , ,4,3,0,0,0,0,1,0,0,0,0,0,0,0,0,0,0,0,0,0,1,0,0,0,0,0,0,0,0,0,0,0,0,0,0,0,0,39.9632,-75.1542, , 
24094,260484,2015036747,6,67,67301,2015,3,3,1123,11,1,1,0,1,1, , ,N,0,0,0,3,0,0,2,2,N,N,39 57:33.653,75 10:28.676,1123, ,1123,1,1,3,N, ,0,N, , , , , , , , ,2,0,0,0,0,1,0,1,0,0,0,0,0,0,0,0,0,0,0,0,1,0,0,0,0,0,0,0,0,0,0,0,0,0,0,0,1,39.9593,-75.1746, , 
24095,260488,2015040937,6,67,67301,2015,3,5,1050,10,1,9,1,7,2, , ,N,0,0,2,3,0,1,1,1,N,N,40 00:19.715,75 11:38.409,1051, ,1051,2,2,1,Y, ,0,Y, , , , , , , , ,1,1,0,0,0,0,0,0,0,0,0,1,1,0,0,0,0,0,0,0,0,0,0,1,0,0,0,0,0,0,0,0,0,0,0,4,0,40.0055,-75.194, , 
24096,260492,2015043341,6,67,67301,2015,4,3,214,2,3,1,0,5,2, , ,N,0,0,0,3,0,0,3,3,N,N,39 57:27.073,75 08:52.023,223, ,216, ,0, ,N, ,0, , , , , , , , , ,3,1,0,0,1,0,1,0,0,0,0,0,0,0,0,0,0,0,0,0,0,0,0,0,0,0,0,0,0,0,0,0,0,0,0,0,0,39.9575,-75.1478, , 
24097,260495,2015045407,6,67,67301,2015,4,6,1945,19,3,1,0,8,1, , ,N,0,0,0,3,0,1,2,2,N,N,40 02:00.207,75 04:08.760,1955, ,1949,3,2,6, , ,0,Y, , , , , , , , ,1,0,0,0,0,0,1,0,0,0,0,1,1,0,0,0,0,0,0,0,0,0,0,0,0,0,0,0,0,0,0,0,1,0,0,4,0,40.0334,-75.0691, , 
24098,260551,2015062748,6,67,67301,2015,5,7,416,4,3,1,0,2,1, , ,N,0,0,0,3,0,1,2,3,N,N,39 57:08.460,75 10:09.807,420, ,416, ,0, ,N, ,0, , , , , , , , , ,3,3,0,0,0,0,0,0,0,1,0,0,1,0,0,0,0,0,0,0,0,0,0,0,0,0,0,0,0,0,0,0,0,0,0,2,0,39.9524,-75.1694, , 
24099,260569,2015031018,6,67,67301,2015,2,3,1605,16,1,1,0,4,1, , ,N,1,2,0,3,0,3,3,2,N, ,40 05:24.064,74 59:03.324,1611, ,1608, ,0, , , ,3, , , , , , , , , ,2,2,0,0,0,0,0,0,0,0,0,0,3,3,0,0,0,1,0,0,0,0,0,0,0,0,0,0,0,0,0,0,0,0,0,8,0,40.0899,-74.9842, , 
24100,260574,2015038225,6,67,67301,2015,3,6,247,2,3,1,0,7,2, , ,N,0,0,0,3,0,1,2,1,N,N,39 58:24.187,75 07:13.436,247, ,247,1,2,2,N, ,0,N, , , , , , , , ,1,1,0,0,0,0,0,0,0,0,0,1,1,0,0,0,0,0,0,0,0,0,0,1,0,0,0,0,0,0,0,0,0,0,0,4,0,39.9734,-75.1204, , 
24101,260584,2015042885,6,67,67301,2015,4,6,1035,10,1,2,1,4,1, , ,N,3,0,2,3,0,0,2,2,N,N,39 54:29.188,75 09:21.587,1100, ,1056,2,2,4,N, ,0,N, , , , , , , , ,2,0,0,0,1,0,1,0,0,0,0,0,0,0,0,0,0,0,0,0,0,0,0,0,0,0,0,0,0,0,0,0,0,0,0,0,0,39.9081,-75.156, , 
24102,260587,2015047552,6,67,67301,2015,4,6,315,3,3,1,0,1,1, , ,N,1,2,0,3,0,0,4,2,N,N,40 03:02.097,75 08:31.585,317, ,317,2,1,1,N, ,3,N, , , , , , , , ,2,0,0,0,0,0,2,0,0,0,0,0,0,0,1,0,0,0,0,0,1,0,0,0,0,0,0,0,0,0,0,0,0,0,0,9,0,40.0506,-75.1421, , 
24103,260616,2015018949,6,67,67301,2015,1,6,1831,18,3,1,0,8,1, , ,N,1,2,0,3,0,2,3,3,N,N,39 57:04.915,75 11:56.807,1840, ,1834, ,0, , , ,3, , , , , , , , , ,1,1,0,0,0,0,0,0,0,0,0,0,2,2,0,0,0,0,0,0,0,0,0,0,0,0,0,0,0,0,0,0,2,0,0,8,0,39.9513,-75.1991, , 
24104,260621,2015026465,6,67,67301,2015,2,7,1605,16,1,4,3,7,5, , ,N,0,0,0,3,0,0,2,1,N,N,39 53:55.896,75 10:08.285,1626, ,1611,2,1,1,N, ,0,N, , , , , , , , ,1,0,0,0,0,0,1,0,0,0,0,0,0,0,0,0,0,0,0,0,0,0,0,0,0,0,0,0,0,0,0,0,0,0,0,0,0,39.8989,-75.169, , 
24105,260633,2015049130,6,67,67301,2015,4,6,1050,10,1,1,0,8,1, , ,N,1,2,0,3,0,1,2,2,N,N,40 07:24.747,75 00:55.270,1105, ,1100, ,0, , , ,3, , , , , , , , , ,1,1,0,0,0,0,0,0,0,0,0,1,1,0,1,0,0,0,0,0,0,0,0,0,0,0,0,0,0,0,0,0,1,0,0,4,0,40.1235,-75.0154, , 
24106,260634,2015049149,6,67,67301,2015,4,5,1710,17,1,1,0,8,1, , ,N,0,0,0,3,0,1,2,2,N,N,40 03:46.024,75 09:27.755,1720, ,1715,1,1,2, , ,0,Y, , , , , , , , ,1,1,0,0,0,0,0,0,0,0,1,0,1,0,0,0,0,0,0,0,0,0,0,0,0,0,0,0,0,0,0,0,1,0,0,3,0,40.0628,-75.1577, , 
24107,260640,2015054391,6,67,67301,2015,5,6,1325,13,1,1,0,4,1, , ,N,2,3,0,3,0,0,3,2,N,N,40 06:24.778,75 01:17.277,1345, ,1339, ,0, ,N, ,3, , , , , , , , , ,2,2,0,0,0,0,0,0,0,0,0,0,0,0,0,0,0,0,0,0,1,0,0,0,0,0,0,0,0,0,0,0,0,0,0,0,0,40.1069,-75.0215, , 
24108,264652,2015006147,6,67,67301,2015,1,6,1513,15,1,1,0,7,4, , ,N,2,3,0,3,0,1,1,1,N,N,40 05:26.613,75 03:20.265,1519, ,1813,3,1,5,N, ,3,Y, , , , , , , , ,1,0,0,0,1,0,0,0,0,0,1,0,1,0,0,0,0,0,0,0,1,0,0,0,0,0,0,0,0,0,0,0,0,0,0,3,0,40.0907,-75.0556, , 
24109,264658,2015012820,6,67,67301,2015,1,4,1559,15,1,1,0,1,1, , ,N,0,0,0,3,0,0,2,2,N,N,39 57:25.953,75 09:24.733,1616, ,1607, ,0, ,N, ,0, , , , , , , , , ,2,0,0,0,0,1,1,0,0,0,0,0,0,0,0,0,0,0,0,0,0,0,0,0,0,0,0,0,0,0,0,0,0,0,0,0,1,39.9572,-75.1569, , 
24110,264683,2015033127,6,67,67301,2015,3,5,1442,14,1,4,3,4,1, , ,N,0,0,0,3,0,0,3,2,N,N,39 55:56.208,75 12:00.440,1503, ,1442, ,0, ,N, ,0, , , , , , , , , ,2,2,0,0,0,0,0,0,0,0,0,0,0,0,0,0,0,0,1,0,0,0,0,0,0,0,0,0,0,0,0,0,0,0,0,0,0,39.9323,-75.2001, , 
24111,264693,2015042741,6,67,67301,2015,4,7,1632,16,1,1,0,4,1, , ,N,0,0,0,3,0,1,2,2,N,N,40 00:35.191,75 08:50.770,1632, ,1632,2,2,1, , ,0,Y, , , , , , , , ,1,0,0,0,0,0,1,0,1,0,0,1,1,0,0,0,0,0,0,0,0,1,0,0,0,0,0,0,0,0,0,0,0,0,0,4,0,40.0098,-75.1474, , 
24112,264694,2015043333,6,67,67301,2015,3,7,1635,16,1,1,0,1,1, , ,N,0,0,0,3,0,0,2,2,N,N,40 00:32.937,75 04:04.217,1656, ,1636, ,0, ,N, ,0, , , , , , , , , ,2,1,0,0,0,0,1,0,0,0,0,0,0,0,0,0,0,1,0,0,0,0,0,0,0,0,0,0,0,0,0,0,0,0,0,0,0,40.0091,-75.0678, , 
24113,264702,2015006238,6,67,67301,2015,1,2,1906,19,3,1,0,1,1, , ,N,0,0,0,3,0,1,6,4,N,N,39 54:00.157,75 09:37.234,1917, ,1907, ,0, ,N, ,0, , , , , , , , , ,4,2,0,0,0,0,1,0,0,0,0,1,1,0,1,0,0,0,0,0,0,1,0,0,0,0,0,0,0,0,0,0,0,0,0,4,0,39.9,-75.1603, , 
24114,264710,2015020756,6,67,67301,2015,1,4,1354,13,1,1,4,4,1, , ,N,1,2,0,3,0,1,3,2,N,N,40 01:44.597,75 08:48.518,1356, ,1355, ,0, ,N, ,3, , , , , , , , , ,2,1,0,0,0,1,0,0,0,0,0,1,1,0,0,0,0,0,0,0,0,1,0,0,0,0,0,0,0,0,0,0,0,0,0,4,1,40.0291,-75.1468, , 
24115,264733,2015045342,6,67,67301,2015,4,4,1615,16,1,2,1,8,1, , ,N,1,0,0,3,0,1,2,2,N,N,39 58:08.209,75 09:16.358,1640, ,1615, ,0, ,N, ,0, , , , , , , , , ,1,1,0,0,0,0,0,0,0,0,0,1,1,0,0,0,0,0,0,0,0,0,0,0,0,0,0,0,0,0,0,0,1,0,0,4,0,39.9689,-75.1545, , 
24116,264738,2015051937,6,67,67301,2015,4,2,1415,14,1,1,0,5,1, , ,N,0,0,0,3,0,1,3,2,N,N,40 01:11.281,75 08:56.132,1425, ,1419, ,0, , , ,0, , , , , , , , , ,2,2,0,0,0,0,0,0,0,0,0,0,1,1,0,0,0,0,0,0,0,0,0,0,0,0,0,0,0,0,0,0,0,0,0,8,0,40.0198,-75.1489, , 
24117,264751,2015009056,6,67,67301,2015,1,1,1400,14,1,1,2,5,1, , ,N,0,0,0,3,0,0,2,2,N,N,39 55:51.007,75 11:55.862,1410, ,1404, ,0, ,Y, ,0, , , , , , , , , ,2,2,0,0,0,0,0,0,0,0,0,0,0,0,0,0,0,0,0,0,0,0,0,0,0,0,0,0,0,0,0,0,0,0,0,0,0,39.9308,-75.1989, , 
24118,264761,2015025034,6,67,67301,2015,2,5,116,1,3,1,0,4,1, , ,N,1,3,0,3,0,1,2,2,N,N,39 56:10.042,75 09:47.955,302, ,116,9,1,2,N, ,3,N, , , , , , , , ,2,1,0,0,0,0,0,1,0,0,0,1,1,0,0,0,0,0,0,0,0,0,0,0,0,0,0,0,0,0,0,0,0,0,0,4,0,39.9361,-75.1633, , 
24119,264787,2015049105,6,67,67301,2015,4,2,1350,13,1,1,0,8,1, , ,N,0,0,0,3,0,1,2,2,N,N,40 00:31.848,75 09:28.286,1358, ,1355, ,0, ,N, ,0, , , , , , , , , ,1,0,0,0,0,0,0,0,0,0,0,1,1,0,0,0,0,0,0,0,0,0,0,0,0,0,0,0,0,0,0,0,1,0,0,4,0,40.0088,-75.1579, , 
24120,264829,2015051629,6,67,67301,2015,4,3,900,9,1,1,0,4,1, , ,N,0,0,0,3,0,1,2,2,N,N,40 02:02.594,75 01:10.171,925, ,908,2,2,1,N, ,0,N, , , , , , , , ,2,2,0,0,0,0,0,0,0,0,0,0,1,1,0,0,0,0,0,0,0,0,0,1,0,0,0,0,0,0,0,0,0,0,0,8,0,40.0341,-75.0195, , 
24121,264834,2015056663,6,67,67301,2015,5,1,1600,16,1,1,0,1,1, , ,N,0,0,0,3,0,0,7,4,N,N,39 59:47.613,75 11:48.788,1605, ,1603,1,2,3,N, ,0,N, , , , , , , , ,4,3,0,0,0,0,1,0,0,0,0,0,0,0,0,0,0,0,0,0,0,0,1,0,0,0,0,0,0,0,0,0,0,0,0,0,0,39.9966,-75.1969, , 
24122,264845,2015008687,6,67,67301,2015,1,5,1542,15,1,1,0,1,1,1,4,Y,0,0,0,3,0,0,2,2,N,N,40 01:21.487,75 02:11.567,1622,45,1543,1,1,1,N, ,0,N,N,N,N,N,N,N,Y,N,2,2,0,0,0,0,0,0,0,0,0,0,0,0,0,0,0,0,0,0,0,0,0,0,0,0,0,0,0,0,0,0,0,0,0,0,0,40.0226,-75.0365, , 
24123,264879,2015040911,6,67,67301,2015,3,1,1545,15,1,1,0,4,1, , ,N,1,2,0,3,0,2,4,2,N,N,40 01:28.740,75 07:25.247,1627, ,1620, ,0, ,N, ,2, , , , , , , , , ,2,2,0,0,0,0,0,0,0,0,0,2,2,0,0,0,0,0,0,0,0,0,0,0,0,0,0,0,0,0,0,0,0,0,0,4,0,40.0247,-75.1237, , 
24124,264907,2015028762,6,67,67301,2015,2,7,620,6,1,1,6,4,1, , ,N,1,2,0,3,0,0,2,2,N, ,40 03:05.090,75 09:48.178,630, ,623,9,2,4, , ,3,Y, , , , , , , , ,2,2,0,0,0,0,0,0,0,0,0,0,0,0,0,0,0,0,0,0,1,0,0,0,0,0,0,0,0,0,0,0,0,0,0,0,0,40.0514,-75.1634, , 
24125,264935,2015056925,6,67,67301,2015,5,6,1258,12,1,1,0,4,1, , ,N,1,2,0,3,0,1,3,2,N,N,40 04:14.728,75 14:28.850,1320, ,1315,1,1,1,N, ,3,Y, , , , , , , , ,2,1,0,0,0,0,1,0,0,0,0,0,1,1,0,0,0,0,0,0,1,0,0,0,0,0,0,0,0,0,0,0,0,0,0,8,0,40.0709,-75.2413, , 
24126,264936,2015056949,6,67,67301,2015,5,4,952,9,1,1,1,8,1, , ,N,0,0,0,3,0,1,2,2,N,N,39 57:00.878,75 08:48.018,957, ,954,1,1,3,N, ,0,Y, , , , , , , , ,1,0,0,0,1,0,0,0,0,0,0,1,1,0,0,0,0,0,0,0,0,0,0,0,0,0,0,0,0,0,0,0,1,0,0,4,0,39.9502,-75.1467, , 
24127,253061,2017019587,6,67,67301,2016,7,2,1000,10,1,1,0,4,1, , ,N,1,3,0,3,0,1,2,2,N,N,40 02:24.799,75 07:22.061,0, ,0, ,0, ,N, ,3, , , , , , , , , ,2,1,0,0,0,0,0,0,0,0,0,0,1,1,0,0,0,0,0,0,1,0,0,0,0,0,0,0,0,0,0,0,0,0,0,8,0,40.0402,-75.1228, , 
24128,253068,2016108529,6,67,67301,2016,10,3,1211,12,1,1,0,4,1, , ,N,1,2,0,3,0,0,3,2,N,N,39 56:55.507,75 10:44.381,1216, ,1216, ,0, ,N, ,3, , , , , , , , , ,2,1,0,0,0,0,1,0,0,0,0,0,0,0,3,0,0,0,0,0,0,0,0,1,0,0,0,0,0,0,0,0,0,0,0,9,0,39.9488,-75.179, , 
24129,253100,2016084663,6,67,67301,2016,8,2,2104,21,2,1,0,4,1, , ,N,1,2,0,3,0,2,3,2,N, ,39 58:20.364,75 14:55.913,9999, ,2201, ,0, , , ,3, , , , , , , , , ,2,1,0,0,0,0,1,0,0,0,0,0,2,2,0,0,0,0,0,0,0,0,0,1,0,0,0,0,0,0,0,0,0,0,0,8,0,39.9723,-75.2488, , 
24130,253103,2016087628,6,67,67301,2016,8,4,930,9,1,1,0,4,6, , ,N,0,0,0,3,0,0,1,2,N,N,39 58:51.693,75 11:16.206,1110, ,1100,9,1,3,N, ,0,N, , , , , , , , ,2,2,0,0,0,0,0,0,0,0,0,0,0,0,0,0,0,0,0,0,0,0,0,0,0,0,0,0,0,0,0,0,0,0,0,0,0,39.981,-75.1878, , 
24131,253107,2016097585,6,67,67301,2016,9,5,930,9,1,2,1,8,1, , ,N,0,0,7,3,0,1,2,2,N, ,39 57:15.441,75 09:43.728,945, ,938, ,0, , , ,0, , , , , , , , , ,1,1,0,0,0,0,0,0,0,0,0,0,1,1,0,0,0,0,0,0,0,0,0,0,0,0,0,0,0,0,0,0,1,0,0,8,0,39.9543,-75.1621, , 
24132,253113,2016105670,6,67,67301,2016,9,1,2230,22,6,9,0,1,1, , ,N,1,2,0,3,0,1,6,2,N,N,40 01:30.022,75 07:32.536,0, ,9999, ,0, ,N, ,3, , , , , , , , , ,2,0,0,0,0,0,2,0,0,0,1,0,1,0,1,0,0,0,0,0,1,0,0,0,0,0,0,0,0,0,0,0,0,0,0,3,0,40.0252,-75.1254, , 
24133,253121,2016105546,6,67,67301,2016,9,4,1313,13,1,1,0,5,1, , ,N,0,0,0,3,0,1,3,2,N, ,40 01:36.085,75 03:22.621,1320, ,1313,3,2,6, , ,0,N, , , , , , , , ,2,1,0,0,0,0,0,1,0,0,0,1,1,0,0,0,0,0,0,0,0,0,0,2,0,0,0,0,0,0,0,0,0,0,0,4,0,40.0267,-75.0563, , 
24134,253140,2016129251,6,67,67301,2016,11,1,2155,21,3,1,0,4,1, , ,N,1,3,0,3,0,1,2,2,N, ,40 01:33.441,75 04:50.476,2205, ,2200, ,0, , , ,3, , , , , , , , , ,2,2,0,0,0,0,0,0,0,0,0,0,1,1,0,0,0,0,0,0,0,0,0,1,0,0,0,0,0,0,0,0,0,0,0,8,0,40.026,-75.0807, , 
24135,253151,2017001355,6,67,67301,2016,12,5,1007,10,1,1,0,1,1, , ,N,0,0,0,3,0,3,5,4,N,N,39 55:22.205,75 08:51.804,1015, ,1007,3,2,2, , ,0,N, , , , , , , , ,4,2,0,0,0,0,2,0,0,0,0,0,3,3,0,0,0,0,0,0,0,1,1,1,0,0,0,0,0,0,0,0,0,0,0,8,0,39.9228,-75.1477, , 
24136,253177,2016138169,6,67,67301,2016,12,3,1740,17,3,2,1,4,1, , ,N,1,2,0,3,0,0,2,2,N, ,40 03:33.971,75 05:09.267,1748, ,1746, ,0, , , ,3, , , , , , , , , ,2,2,0,0,0,0,0,0,0,0,0,0,0,0,0,0,0,0,1,1,0,0,0,0,0,0,0,0,0,0,0,0,0,0,0,0,0,40.0594,-75.0859, , 
24137,253206,2016106322,6,67,67301,2016,9,5,810,8,1,1,0,8,1, , ,N,1,2,0,3,0,1,2,2,N,N,39 57:11.413,75 10:11.807,1310, ,1300, ,0, ,N, ,3, , , , , , , , , ,1,0,0,0,0,0,1,0,0,0,0,1,1,0,0,0,0,0,0,0,0,0,0,1,0,0,0,0,0,0,0,0,1,0,0,4,0,39.9532,-75.17, , 
24138,253207,2016107222,6,67,67301,2016,9,2,925,9,1,2,1,6,1, , ,N,0,0,0,3,0,2,2,2,N, ,39 54:17.303,75 13:26.756,953, ,952, ,0, , , ,0, , , , , , , , , ,2,2,0,0,0,0,0,0,0,0,1,1,2,0,0,0,0,0,0,0,0,0,0,0,0,0,0,0,0,0,0,0,0,0,0,3,0,39.9048,-75.2241, , 
24139,253214,2016114026,6,67,67301,2016,11,3,645,6,5,1,0,4,1, , ,N,1,2,0,3,0,2,3,2,N,N,39 58:44.043,75 09:34.387,653, ,650,2,2,6,N, ,3,Y, , , , , , , , ,2,2,0,0,0,0,0,0,0,0,0,0,2,2,0,0,0,0,0,0,1,0,0,0,0,0,0,0,0,0,0,0,0,0,0,8,0,39.9789,-75.1594, , 
24140,253230,2016105883,6,67,67301,2016,9,7,2038,20,3,1,0,6,1, , ,N,0,0,0,3,0,7,7,2,N, ,40 01:05.624,75 12:06.829,2041, ,2038, ,0, , , ,0, , , , , , , , , ,2,1,0,0,0,0,1,0,0,0,4,2,7,1,0,0,0,0,0,0,1,0,0,0,0,0,0,0,0,0,0,0,0,0,0,3,0,40.0182,-75.2019, , 
24141,253237,2016125643,6,67,67301,2016,11,3,645,6,2,2,1,1,1, , ,N,0,0,0,3,0,1,2,2,N,N,40 00:48.979,75 03:26.241,721, ,645, ,0, , , ,0, , , , , , , , , ,2,0,0,0,0,0,2,0,0,0,1,0,1,0,0,0,0,0,0,0,1,0,0,0,0,0,0,0,0,0,0,0,0,0,0,3,0,40.0136,-75.0573, , 
24142,253250,2016126059,6,67,67301,2016,11,5,726,7,1,1,0,4,1, , ,N,1,2,0,3,0,1,3,2,N, ,40 07:43.924,75 00:49.810,757, ,726, ,0, , , ,3, , , , , , , , , ,2,2,0,0,0,0,0,0,0,0,0,1,1,0,0,0,1,0,0,0,0,0,0,0,0,0,0,0,0,0,0,0,0,0,0,4,0,40.1288,-75.0137, , 