objectid_1,objectid,crn,district,county,municipality,crash_year,crash_month,day_of_week,time_of_day,hour_of_day,illumination,weather,road_condition,collision_type,relation_to_road,work_zone_type,work_zone_loc,work_zone_ind,intersect_type,tcd_type,location_type,urban_rural,fatal_count,injury_count,person_count,total_units,sch_bus_ind,sch_zone_ind,latitude,longitude,arrival_tm,cons_zone_spd_lim,dispatch_tm,est_hrs_closed,lane_closed,ln_close_dir,ntfy_hiwy_maint,spec_juris_cd,tcd_func_cd,tfc_detour_ind,workers_pres,wz_close_detour,wz_flagger,wz_law_offcr_ind,wz_ln_closure,wz_moving,wz_other,wz_shlder_mdn,vehicle_count,automobile_count,motorcycle_count,bus_count,small_truck_count,heavy_truck_count,suv_count,van_count,bicycle_count,maj_inj_count,mod_inj_count,min_inj_count,tot_inj_count,unk_inj_deg_count,unk_inj_per_count,driver_count_16yr,driver_count_17yr,driver_count_18yr,driver_count_19yr,driver_count_20yr,driver_count_50_64yr,driver_count_65_74yr,driver_count_75plus,unbelted_occ_count,unb_death_count,unb_maj_inj_count,belted_death_count,belted_maj_inj_count,mcycle_death_count,mcycle_maj_inj_count,bicycle_death_count,bicycle_maj_inj_count,ped_count,ped_death_count,ped_maj_inj_count,max_severity_level,comm_veh_count,dec_lat,dec_long,rdwy_surf_type_cd,county_name
24750,258275,2015040853,6,67,67301,2015,3,7,1048,10,1,1,0,4,1, , ,N,1,2,0,3,0,1,3,3,N, ,40 01:40.095,75 05:55.134,1054, ,1048,1,2,3, , ,3,N, , , , , , , , ,3,1,0,0,0,0,1,1,0,0,0,0,1,1,0,0,0,0,0,0,1,0,0,0,0,0,0,0,0,0,0,0,0,0,0,8,0,40.0277,-75.0988, , 
24751,258306,2015012387,6,67,67301,2015,1,2,710,7,3,2,1,7,4, , ,N,3,3,0,3,0,0,1,2,N,N,40 01:25.255,75 08:07.141,720, ,715, ,0, ,N, ,3, , , , , , , , , ,1,1,0,0,0,0,0,0,0,0,0,0,0,0,0,0,0,0,0,0,0,0,0,0,0,0,0,0,0,0,0,0,0,0,0,0,0,40.0237,-75.1351, , 
24752,262510,2015033722,6,67,67301,2015,2,7,40,0,3,1,0,1,1, , ,N,1,2,0,3,0,1,4,2,N,N,39 59:32.825,75 10:46.468,118, ,111, ,0, ,N, ,3, , , , , , , , , ,2,2,0,0,0,0,0,0,0,0,0,1,1,0,2,0,0,0,0,0,1,0,0,2,0,0,0,0,0,0,0,0,0,0,0,4,0,39.9925,-75.1796, , 
24753,262516,2015040576,6,67,67301,2015,1,7,1215,12,1,1,0,4,1, , ,N,1,2,0,3,0,1,3,2,N, ,40 00:13.581,75 05:39.507,1240, ,1238, ,0, , , ,3, , , , , , , , , ,2,1,0,0,0,0,1,0,0,0,0,1,1,0,0,0,0,0,0,0,0,0,0,0,0,0,0,0,0,0,0,0,0,0,0,4,0,40.0038,-75.0943, , 
24754,262517,2015040866,6,67,67301,2015,3,4,1808,18,1,2,1,1,1, , ,N,1,2,0,3,0,0,7,3,N, ,40 05:29.578,74 57:56.181,1823, ,1808,1,1,1, , ,3,N, , , , , , , , ,3,2,0,0,0,0,1,0,0,0,0,0,0,0,0,0,0,0,0,0,1,0,0,0,0,0,0,0,0,0,0,0,0,0,0,0,0,40.0915,-74.9656, , 
24755,262541,2015021883,6,67,67301,2015,2,5,2145,21,3,1,0,8,1, , ,N,1,2,0,3,0,1,2,2,N,N,39 58:39.126,75 10:17.443,2200, ,2157, ,0, ,N, ,3, , , , , , , , , ,1,1,0,0,0,0,0,0,0,0,0,0,1,1,0,0,0,0,0,0,0,0,0,0,0,0,0,0,0,0,0,0,1,0,0,8,0,39.9775,-75.1715, , 
24756,262554,2015038623,6,67,67301,2015,3,3,1730,17,1,1,0,4,1, , ,N,2,3,0,3,0,2,2,2,N,N,40 02:15.473,75 01:56.347,1738, ,1732,1,1,6,N, ,3,N, , , , , , , , ,2,1,0,0,0,0,0,1,0,0,0,2,2,0,0,0,0,0,0,0,0,1,0,2,0,0,0,0,0,0,0,0,0,0,0,4,0,40.0376,-75.0323, , 
24757,262555,2015038665,6,67,67301,2015,3,3,648,6,1,1,0,4,1, , ,N,1,3,0,3,0,2,3,3,N, ,40 02:09.349,75 07:35.780,700, ,653, ,0, , , ,3, , , , , , , , , ,3,1,0,1,1,0,0,0,0,0,0,1,2,1,0,0,0,0,0,0,0,0,0,0,0,0,0,0,0,0,0,0,0,0,0,4,1,40.0359,-75.1266, , 
24758,262558,2015040959,6,67,67301,2015,3,7,2154,21,3,1,0,4,1, , ,N,1,2,0,3,0,1,2,2,N, ,40 03:40.446,75 05:00.751,2200, ,2157,2,1,4, , ,3,N, , , , , , , , ,2,1,0,0,0,0,1,0,0,0,0,1,1,0,0,0,0,0,0,1,0,0,0,0,0,0,0,0,0,0,0,0,0,0,0,4,0,40.0612,-75.0835, , 
24759,262561,2015042839,6,67,67301,2015,3,1,1500,15,1,9,7,8,1, , ,N,1,3,0,3,0,1,2,2,N,N,40 00:16.686,75 08:14.798,958, ,958, ,0, ,N, ,3, , , , , , , , , ,1,0,0,0,0,0,0,0,0,0,0,0,1,1,0,0,0,0,0,0,0,0,0,0,0,0,0,0,0,0,0,0,1,0,0,8,0,40.0046,-75.1374, , 
24760,262573,2015053908,6,67,67301,2015,5,3,1520,15,1,1,0,4,6, , ,N,1,2,0,3,0,1,1,2,N, ,39 57:12.069,75 09:16.935,1526, ,1524, ,0, , , ,3, , , , , , , , , ,2,1,1,0,0,0,0,0,0,0,0,1,1,0,0,0,0,0,0,0,0,0,0,0,0,0,0,0,0,0,0,0,0,0,0,4,0,39.9534,-75.1547, , 
24761,262589,2015028802,6,67,67301,2015,2,6,646,6,1,1,0,7,4, , ,N,1,2,0,3,0,0,1,2,N, ,40 02:27.721,75 05:17.442,845, ,829, ,0, , , ,3, , , , , , , , , ,1,0,0,0,0,0,1,0,0,0,0,0,0,0,0,0,0,0,0,0,0,0,0,0,0,0,0,0,0,0,0,0,0,0,0,0,0,40.041,-75.0882, , 
24762,262594,2015035140,6,67,67301,2015,3,4,1850,18,3,6,1,4,1, , ,N,1,2,0,3,0,1,3,2,N,N,39 56:23.042,75 13:31.760,1904, ,1858,1,1,3,N, ,3,N, , , , , , , , ,2,1,0,0,0,0,1,0,0,0,0,0,1,1,0,0,0,0,0,0,0,0,0,0,0,0,0,0,0,0,0,0,0,0,0,8,0,39.9397,-75.2255, , 
24763,262604,2015042754,6,46,46102,2015,4,1,1310,13,1,1,0,4,1, , ,N,2,3,0,3,0,1,3,2,N,N,40 04:32.687,75 09:40.548,1342, ,1337, ,0, ,N, ,3, , , , , , , , , ,2,2,0,0,0,0,0,0,0,0,0,1,1,0,0,0,0,0,0,0,0,0,1,0,0,0,0,0,0,0,0,0,0,0,0,4,0,40.0757,-75.1613, , 
24764,262611,2015051468,6,67,67301,2015,3,2,1115,11,1,1,0,2,1,8,8,Y,1,2,0,3,0,1,2,2,N, ,40 01:50.746,75 11:15.959,1125,99,1120, ,0, , , ,3, ,U,U,U,U,U,U,U,U,2,2,0,0,0,0,0,0,0,0,0,0,1,1,0,0,0,0,0,0,0,1,1,0,0,0,0,0,0,0,0,0,0,0,0,8,0,40.0308,-75.1878, , 
24765,262622,2015061766,6,67,67301,2015,5,3,1520,15,1,1,0,8,1, , ,N,1,3,0,3,0,1,2,2,N,N,39 57:38.167,75 10:11.971,1545, ,1545, ,0, ,N, ,3, , , , , , , , , ,1,1,0,0,0,0,0,0,0,0,1,0,1,0,0,0,0,0,0,0,0,0,0,0,0,0,0,0,0,0,0,0,1,0,0,3,0,39.9606,-75.17, , 
24766,262644,2015070182,6,67,67301,2015,6,5,853,8,1,2,1,6,1, , ,N,0,0,0,3,0,1,6,2,N,N,40 00:47.314,75 12:06.155,1910, ,854, ,0, ,N, ,0, , , , , , , , , ,2,1,0,1,0,0,0,0,0,0,0,0,1,1,0,0,0,0,0,0,1,0,0,1,0,0,0,0,0,0,0,0,0,0,0,8,1,40.0131,-75.2017, , 
24767,262695,2015033419,6,67,67301,2015,3,4,2316,23,3,1,0,1,1, , ,N,1,2,0,3,0,0,2,2,N,N,39 59:31.996,75 14:44.598,2316, ,2316,2,1,2,N, ,3,N, , , , , , , , ,2,2,0,0,0,0,0,0,0,0,0,0,0,0,0,0,0,0,0,0,1,0,0,0,0,0,0,0,0,0,0,0,0,0,0,0,0,39.9922,-75.2457, , 
24768,262707,2015043342,6,67,67301,2015,4,3,1854,18,4,2,1,5,1, , ,N,0,0,0,3,0,1,2,2,N,N,40 00:26.950,75 12:03.767,1907, ,1856, ,0, ,N, ,0, , , , , , , , , ,2,1,0,0,0,0,0,0,0,0,0,1,1,0,1,0,0,0,0,0,0,0,0,0,0,0,0,0,0,0,0,0,0,0,0,4,0,40.0075,-75.201, , 
24769,262710,2015047577,6,67,67301,2015,4,6,657,6,1,2,1,2,1, , ,N,0,0,0,3,0,1,2,2,N,N,40 03:48.469,75 12:01.494,710, ,659, ,0, ,N, ,0, , , , , , , , , ,2,2,0,0,0,0,0,0,0,0,0,0,1,1,0,0,0,0,0,0,2,0,0,0,0,0,0,0,0,0,0,0,0,0,0,8,0,40.0635,-75.2004, , 
24770,266433,2015046302,6,67,67301,2015,3,1,424,4,3,1,0,5,1, , ,N,0,0,0,3,0,1,3,2,N,N,40 00:00.610,75 11:41.725,424, ,424, ,0, ,N, ,0, , , , , , , , , ,2,1,0,0,0,0,1,0,0,0,0,0,1,1,0,0,0,0,0,0,0,0,0,0,0,0,0,0,0,0,0,0,0,0,0,8,0,40.0002,-75.1949, , 
24771,266437,2015049057,6,67,67301,2015,4,7,140,1,3,1,0,5,6, , ,N,0,0,0,3,0,1,1,2,N, ,39 58:33.952,75 13:40.530,150, ,145, ,0, , , ,0, , , , , , , , , ,2,2,0,0,0,0,0,0,0,0,0,0,1,1,0,0,0,0,0,0,0,0,0,0,0,0,0,0,0,0,0,0,0,0,0,8,0,39.9761,-75.2279, , 
24772,266438,2015049140,6,67,67301,2015,4,2,2032,20,3,1,0,4,1, , ,N,1,3,0,3,0,1,2,2,N, ,39 57:48.790,75 13:40.864,2038, ,2034, ,0, , , ,3, , , , , , , , , ,1,1,0,0,0,0,0,0,1,0,0,1,1,0,0,0,0,0,0,0,1,0,0,0,0,0,0,0,0,0,0,0,0,0,0,4,0,39.9636,-75.228, , 
24773,266443,2015049172,6,67,67301,2015,4,3,42,0,3,2,1,4,1, , ,N,0,0,7,3,0,1,1,3,N, ,39 55:53.547,75 09:40.701,44, ,44, ,0, , , ,0, , , , , , , , , ,3,0,0,0,1,0,2,0,0,0,0,1,1,0,0,0,0,0,0,0,0,0,0,0,0,0,0,0,0,0,0,0,0,0,0,4,0,39.9315,-75.1613, , 
24774,266447,2015052376,6,67,67301,2015,4,3,1459,14,1,1,0,1,1, , ,N,0,0,0,3,0,2,5,4,N,N,39 57:30.047,75 09:56.098,1539, ,1505, ,0, ,N, ,0, , , , , , , , , ,4,1,0,0,1,0,2,0,0,0,0,2,2,0,0,0,0,0,0,0,0,0,0,0,0,0,0,0,0,0,0,0,0,0,0,4,0,39.9583,-75.1656, , 
24775,266448,2015054812,6,67,67301,2015,5,2,734,7,1,1,0,5,3, , ,N,0,0,0,3,0,2,4,3,N,N,39 59:52.489,75 11:45.131,744, ,738,1,2,4,N, ,0,N, , , , , , , , ,3,2,0,0,0,0,1,0,0,0,0,2,2,0,0,0,0,0,0,1,0,0,0,0,0,0,0,0,0,0,0,0,0,0,0,4,0,39.9979,-75.1959, , 
24776,266473,2015084044,6,67,67301,2015,8,7,50,0,3,1,0,1,1,1,4,Y,0,0,0,3,0,2,4,2,N,N,39 59:51.786,75 04:53.470,56,45,52,1,1,1,N, ,0,N,Y,N,N,N,N,N,N,Y,2,0,0,0,0,0,2,0,0,0,0,2,2,0,0,0,0,0,0,0,1,0,0,0,0,0,0,0,0,0,0,0,0,0,0,4,0,39.9977,-75.0815, , 
24777,266480,2015092556,6,67,67301,2015,8,3,359,3,3,2,1,7,3, , ,N,0,0,0,3,0,1,1,1,N,N,39 56:24.828,75 11:44.641,411, ,400,3,2,4,Y, ,0,Y, , , , , , , , ,1,0,0,0,0,1,0,0,0,0,0,0,1,1,0,0,0,0,0,0,1,0,0,0,0,0,0,0,0,0,0,0,0,0,0,8,1,39.9402,-75.1957, , 
24778,266481,2015092967,6,67,67301,2015,8,3,1250,12,1,1,0,4,1, , ,N,2,3,0,3,0,1,2,2,N,N,40 00:33.863,75 11:42.920,1320, ,1310, ,0, , , ,3, , , , , , , , , ,1,0,0,0,0,0,1,0,1,0,0,1,1,0,0,0,0,0,0,0,1,0,0,0,0,0,0,0,0,0,0,0,0,0,0,4,0,40.0094,-75.1953, , 
24779,266501,2015017938,6,67,67301,2015,1,5,1010,10,1,1,0,1,1, , ,N,0,0,0,3,0,1,3,3,N,N,40 00:50.457,75 10:44.614,1025, ,1015, ,0, ,N, ,0, , , , , , , , , ,3,2,0,0,0,0,1,0,0,0,0,1,1,0,0,0,0,0,0,0,1,0,0,0,0,0,0,0,0,0,0,0,0,0,0,4,0,40.014,-75.1791, , 
24780,266518,2015036692,6,67,67301,2015,3,6,155,1,3,1,0,1,1, , ,N,1,2,0,3,0,3,4,2,N,N,40 01:37.983,75 10:15.634,158, ,157, ,0, ,N, ,3, , , , , , , , , ,2,1,0,0,0,0,1,0,0,0,0,0,3,3,0,0,0,0,0,0,1,0,0,1,0,0,0,0,0,0,0,0,0,0,0,8,0,40.0272,-75.171, , 
24781,266544,2015009590,6,67,67301,2015,1,1,900,9,1,4,5,5,1, , ,N,0,0,0,3,0,1,3,3,N, ,40 01:09.215,75 04:00.034,915, ,900, ,0, , , ,0, , , , , , , , , ,3,2,0,0,0,0,1,0,0,0,0,1,1,0,0,0,0,0,0,0,0,0,0,1,0,0,0,0,0,0,0,0,0,0,0,4,0,40.0192,-75.0667, , 
24782,266546,2015012709,6,67,67301,2015,1,1,323,3,3,1,0,8,1, , ,N,0,0,0,3,0,1,4,2,N, ,39 54:45.623,75 14:35.732,323, ,323,3,1,2, , ,0,N, , , , , , , , ,1,1,0,0,0,0,0,0,0,0,1,0,1,0,0,0,0,0,0,0,0,0,0,0,0,0,0,0,0,0,0,0,1,0,0,3,0,39.9127,-75.2433, , 
24783,266552,2015015630,6,67,67301,2015,1,1,1740,17,3,4,1,4,1, , ,N,2,0,0,3,0,1,4,2,N, ,40 00:18.770,75 05:33.796,1805, ,1800, ,0, , , ,0, , , , , , , , , ,2,1,0,0,1,0,0,0,0,0,0,0,1,1,0,0,0,0,0,0,0,0,1,0,0,0,0,0,0,0,0,0,0,0,0,8,0,40.0052,-75.0927, , 
24784,266558,2015022396,6,67,67301,2015,2,1,2023,20,3,1,0,4,1, , ,N,1,2,0,3,0,2,3,2,N, ,39 56:37.717,75 14:16.351,2034, ,2028, ,0, , , ,3, , , , , , , , , ,2,1,0,0,0,0,0,0,0,0,0,0,2,2,0,0,0,0,0,0,0,0,0,0,0,0,0,0,0,0,0,0,0,0,0,8,0,39.9438,-75.2379, , 
24785,266575,2015044456,6,67,67301,2015,4,1,138,1,3,1,0,7,7, , ,N,6,0,2,3,0,5,5,1,N,N,39 57:36.094,75 10:47.782,140, ,138,2,2,3,Y, ,0,Y, , , , , , , , ,1,1,0,0,0,0,0,0,0,0,0,0,5,5,0,0,0,0,0,0,0,0,0,0,0,0,0,0,0,0,0,0,0,0,0,8,0,39.96,-75.1799, , 
24786,266579,2015049109,6,67,67301,2015,4,2,2010,20,3,1,0,5,6, , ,N,0,2,0,3,0,0,2,2,N,N,39 57:58.114,75 14:10.189,2031, ,2030, ,0, ,N, ,3, , , , , , , , , ,2,1,0,0,0,0,0,0,0,0,0,0,0,0,0,0,0,0,0,0,0,0,0,0,0,0,0,0,0,0,0,0,0,0,0,0,0,39.9661,-75.2362, , 
24787,266592,2015028774,6,67,67301,2015,2,1,1243,12,1,1,4,8,1, , ,N,1,2,0,3,0,1,2,2,N, ,39 56:04.178,75 13:18.249,1247, ,1245,1,1,4, , ,3,Y, , , , , , , , ,1,0,0,0,1,0,0,0,0,0,0,0,1,1,0,0,0,0,0,0,1,0,0,0,0,0,0,0,0,0,0,0,1,0,0,8,0,39.9345,-75.2217, , 
24788,254864,2016052320,6,67,67301,2016,5,1,1442,14,1,2,1,1,1, , ,N,2,2,0,3,0,5,7,2,N, ,39 53:39.858,75 14:47.934,1517, ,1458,9,1,3, , ,3,N, , , , , , , , ,2,0,0,0,0,0,2,0,0,0,0,0,5,5,0,0,0,0,0,0,0,0,0,2,0,0,0,0,0,0,0,0,0,0,0,8,0,39.8944,-75.2466, , 
24789,254872,2016062527,6,67,67301,2016,5,6,1635,16,1,1,0,2,1, , ,N,3,2,0,3,0,1,2,2,N,N,40 05:30.700,75 02:50.637,1647, ,1644,1,1,4,N, ,3,Y, , , , , , , , ,2,2,0,0,0,0,0,0,0,0,0,0,1,1,0,0,0,0,0,0,1,0,0,0,0,0,0,0,0,0,0,0,0,0,0,8,0,40.0919,-75.0474, , 
24790,254880,2016068641,6,67,67301,2016,6,3,1535,15,1,1,0,8,1, , ,N,1,3,0,3,0,1,3,2,N,N,39 57:12.592,75 14:18.596,1540, ,1539, ,0, ,N, ,3, , , , , , , , , ,1,1,0,0,0,0,0,0,0,0,0,1,1,0,0,0,0,0,0,0,0,0,0,0,0,0,0,0,0,0,0,0,1,0,0,4,0,39.9535,-75.2385, , 
24791,254887,2017018501,6,67,67301,2016,6,2,1100,11,1,1,0,4,1, , ,N,1,2,0,3,0,1,2,2,N,N,39 59:40.673,75 05:40.311,0, ,0, ,0, ,N, ,3, , , , , , , , , ,2,1,0,0,1,0,0,0,0,0,0,0,1,1,0,0,0,0,0,0,1,0,0,0,0,0,0,0,0,0,0,0,0,0,0,8,0,39.9946,-75.0945, , 
24792,254921,2016105844,6,67,67301,2016,9,1,1930,19,3,1,0,4,1, , ,N,1,2,0,3,0,0,2,2,N,N,39 57:42.114,75 09:16.198,1950, ,1941, ,0, ,N, ,3, , , , , , , , , ,2,2,0,0,0,0,0,0,0,0,0,0,0,0,0,0,0,0,0,0,0,0,0,0,0,0,0,0,0,0,0,0,0,0,0,0,0,39.9616,-75.1545, , 
24793,254939,2016105875,6,67,67301,2016,9,2,2035,20,3,1,0,4,1, , ,N,5,2,0,3,0,2,4,2,N,N,40 02:30.909,75 04:29.910,2045, ,2038, ,0, ,N, ,3, , , , , , , , , ,2,2,0,0,0,0,0,0,0,0,0,0,2,2,0,0,0,2,0,0,0,0,0,0,0,0,0,0,0,0,0,0,0,0,0,8,0,40.0419,-75.075, , 
24794,254950,2016127822,6,67,67301,2016,11,3,2050,20,3,1,0,7,1, , ,N,0,0,2,3,0,0,2,1,N,N,40 00:32.265,75 11:19.982,2105, ,2053,2,1,3, , ,0,Y, , , , , , , , ,1,1,0,0,0,0,0,0,0,0,0,0,0,0,2,0,0,0,0,0,0,0,0,0,0,0,0,0,0,0,0,0,0,0,0,9,0,40.009,-75.1889, , 
24795,254952,2016123881,6,67,67301,2016,11,7,1315,13,1,1,0,4,1, , ,N,1,2,0,3,0,0,3,2,N,N,39 58:59.553,75 09:24.974,1315, ,0,1,1,2,N, ,3,N, , , , , , , , ,2,1,0,0,0,0,1,0,0,0,0,0,0,0,0,0,0,0,0,0,1,0,0,0,0,0,0,0,0,0,0,0,0,0,0,0,0,39.9832,-75.1568, , 
24796,254961,2016135831,6,67,67301,2016,12,7,1610,16,2,1,0,5,1, , ,N,0,0,0,3,0,0,2,2,N,N,40 07:27.807,75 00:59.760,1625, ,1621, ,0, , , ,0, , , , , , , , , ,2,1,0,0,1,0,0,0,0,0,0,0,0,0,0,0,0,0,0,0,1,0,0,0,0,0,0,0,0,0,0,0,0,0,0,0,0,40.1244,-75.0166, , 
24797,254975,2017017470,6,67,67301,2016,4,4,9999,99,1,1,0,4,1, , ,N,2,3,1,3,0,2,3,2,N,N,39 59:25.838,75 07:27.472,0, ,0, ,0, ,N, ,3, , , , , , , , , ,2,0,0,0,0,0,0,0,0,0,0,0,2,2,0,0,0,0,0,0,0,0,0,0,0,0,0,0,0,0,0,0,0,0,0,8,0,39.9905,-75.1243, , 
24798,254991,2016082263,6,67,67301,2016,7,7,2002,20,3,2,1,2,1, , ,N,0,0,0,3,0,3,3,2,N,N,40 00:16.164,75 04:37.173,2020, ,2014, ,0, , , ,0, , , , , , , , , ,2,0,0,0,1,0,1,0,0,0,2,1,3,0,0,0,0,0,0,0,0,0,0,0,0,0,0,0,0,0,0,0,0,0,0,3,0,40.0045,-75.077, , 
24799,254993,2016105619,6,67,67301,2016,9,7,535,5,5,1,0,6,6, , ,N,0,0,0,3,0,1,1,2,N, ,39 58:18.213,75 15:04.824,553, ,548, ,0, , , ,0, , , , , , , , , ,2,1,0,0,0,1,0,0,0,0,0,0,1,1,0,0,0,0,0,0,1,0,0,0,0,0,0,0,0,0,0,0,0,0,0,8,1,39.9717,-75.2513, , 
24800,254999,2016124557,6,67,67301,2016,11,5,2046,20,3,1,0,5,1, , ,N,0,0,0,3,0,0,6,3,N,N,39 57:32.124,75 10:12.648,2105, ,2049,2,1,4, , ,0,N, , , , , , , , ,3,2,0,0,1,0,0,0,0,0,0,0,0,0,0,0,0,0,0,0,2,0,0,0,0,0,0,0,0,0,0,0,0,0,0,0,0,39.9589,-75.1702, , 
24801,255000,2016129329,6,67,67301,2016,11,6,1047,10,1,1,0,8,1, , ,N,1,2,0,3,0,1,2,2,N,N,40 00:00.687,75 09:59.702,1055, ,1052, ,0, ,N, ,3, , , , , , , , , ,1,0,0,0,0,0,1,0,0,0,0,0,1,1,1,0,0,0,0,0,0,0,0,0,0,0,0,0,0,0,0,0,1,0,0,8,0,40.0002,-75.1666, , 
24802,255053,2016114266,6,67,67301,2016,10,6,2240,22,3,1,0,4,1, , ,N,1,2,0,3,0,1,2,2,N,N,39 56:34.034,75 09:56.277,2243, ,2242, ,0, ,N, ,3, , , , , , , , , ,1,1,0,0,0,0,0,0,1,0,1,0,1,0,0,0,0,0,0,0,0,0,0,1,0,0,0,0,0,0,0,0,0,0,0,3,0,39.9428,-75.1656, , 
24803,255057,2016119162,6,67,67301,2016,10,3,645,6,1,1,0,4,1, , ,N,0,0,0,3,0,1,2,2,N, ,39 59:48.476,75 05:21.159,745, ,730, ,0, , , ,0, , , , , , , , , ,2,0,0,0,0,0,1,0,0,0,0,0,1,1,0,0,0,0,0,0,2,0,0,0,0,0,0,0,0,0,0,0,0,0,0,8,0,39.9968,-75.0892, , 
24804,255063,2016112103,6,67,67301,2016,10,2,1340,13,1,1,0,4,1, , ,N,1,2,0,3,0,4,5,4,N,N,40 00:02.271,75 07:58.407,1350, ,1343, ,0, ,N, ,3, , , , , , , , , ,4,3,0,0,0,0,0,1,0,0,0,1,4,3,0,0,0,0,0,0,1,0,0,1,0,0,0,0,0,0,0,0,0,0,0,4,0,40.0006,-75.1329, , 
24805,255090,2016112146,6,67,67301,2016,10,2,1830,18,3,1,0,4,1, , ,N,1,2,0,3,0,2,3,2,N,N,39 57:02.548,75 14:27.995,1850, ,1843, ,0, ,N, ,3, , , , , , , , , ,2,2,0,0,0,0,0,0,0,0,0,2,2,0,0,0,0,0,0,0,1,0,0,0,0,0,0,0,0,0,0,0,0,0,0,4,0,39.9507,-75.2411, , 
24806,258336,2015047596,6,67,67301,2015,4,3,654,6,1,1,1,1,1, , ,N,0,0,0,3,0,1,2,2,N, ,40 03:25.175,75 04:18.080,700, ,654,1,1,1, , ,0,N, , , , , , , , ,2,1,0,0,0,0,1,0,0,0,0,1,1,0,0,0,0,0,0,0,0,0,0,0,0,0,0,0,0,0,0,0,0,0,0,4,0,40.057,-75.0717, , 
24807,258342,2015056423,6,67,67301,2015,5,4,800,8,1,1,0,4,1, , ,N,1,2,0,3,0,1,2,5,N,N,40 00:36.435,75 07:17.178,855, ,845, ,0, ,N, ,3, , , , , , , , , ,5,1,0,0,1,0,2,0,0,0,0,1,1,0,0,0,0,0,0,0,0,1,0,0,0,0,0,0,0,0,0,0,0,0,0,4,0,40.0101,-75.1214, , 
24808,258364,2015028796,6,67,67301,2015,2,2,1040,10,1,8,6,8,1, , ,N,1,2,0,3,0,1,2,2,N,N,40 03:15.962,75 08:52.411,1600, ,1600, ,0, ,N, ,3, , , , , , , , , ,1,1,0,0,0,0,0,0,0,0,0,0,1,1,0,0,0,0,0,0,0,0,0,0,0,0,0,0,0,0,0,0,1,0,0,8,0,40.0544,-75.1479, , 
24809,258371,2015035166,6,67,67301,2015,3,2,1540,15,1,9,8,8,1, , ,N,1,3,0,3,0,1,2,2,N,Y,39 56:03.246,75 11:51.158,2125, ,2120, ,0, ,N, ,3, , , , , , , , , ,1,0,0,0,0,0,1,0,0,0,0,0,1,1,0,0,0,0,0,0,0,0,0,0,0,0,0,0,0,0,0,0,1,0,0,8,0,39.9342,-75.1975, , 
24810,258382,2015045437,6,67,67301,2015,4,3,2210,22,3,2,1,7,4, , ,N,0,0,0,3,0,1,2,1,N, ,40 00:03.821,75 11:10.320,2215, ,2214, ,0, , , ,0, , , , , , , , , ,1,1,0,0,0,0,0,0,0,0,0,1,1,0,0,0,0,0,0,0,0,0,0,0,0,0,0,0,0,0,0,0,0,0,0,4,0,40.0011,-75.1862, , 
24811,258425,2015034162,6,67,67301,2015,3,6,1200,12,1,1,4,7,4, , ,N,2,0,0,3,0,2,2,1,N,N,40 00:04.157,75 05:49.913,1215, ,1200, ,0, ,N, ,0, , , , , , , , , ,1,0,0,0,0,0,1,0,0,0,0,2,2,0,0,0,0,0,0,0,1,0,0,0,0,0,0,0,0,0,0,0,0,0,0,4,0,40.0012,-75.0972, , 
24812,258518,2015033141,6,67,67301,2015,3,7,1407,14,1,1,0,1,1, , ,N,0,0,0,3,0,2,6,3,N,N,39 53:49.544,75 11:19.616,1437, ,1407,2,1,1,N, ,0,N, , , , , , , , ,3,2,0,0,0,0,1,0,0,0,0,2,2,0,0,0,0,0,0,0,0,0,0,0,0,0,0,0,0,0,0,0,0,0,0,4,0,39.8971,-75.1888, , 
24813,258551,2015025128,6,67,67301,2015,2,3,745,7,1,8,5,7,4, , ,N,10,0,0,3,0,0,1,1,N,N,40 04:19.963,75 12:40.733,926, ,926,1,2,4,N, ,0,Y, , , , , , , , ,1,1,0,0,0,0,0,0,0,0,0,0,0,0,0,0,1,0,0,0,0,0,0,0,0,0,0,0,0,0,0,0,0,0,0,0,0,40.0722,-75.2113, , 
24814,258577,2015053893,6,67,67301,2015,5,1,2030,20,3,1,0,4,1, , ,N,1,3,0,3,0,1,2,2,N,N,40 00:34.790,75 08:30.836,2038, ,2034, ,0, ,N, ,3, , , , , , , , , ,1,1,0,0,0,0,0,0,1,0,0,1,1,0,0,0,0,0,0,0,0,0,0,0,0,0,0,0,0,0,0,0,0,0,0,4,0,40.0097,-75.1419, , 
24815,258583,2015063910,6,67,67301,2015,5,5,1338,13,1,1,0,4,1, , ,N,1,2,0,3,0,0,2,2,N,N,40 03:40.446,75 05:00.751,1424, ,1422, ,0, ,N, ,3, , , , , , , , , ,2,2,0,0,0,0,0,0,0,0,0,0,0,0,0,0,0,0,0,0,1,0,0,1,0,0,0,0,0,0,0,0,0,0,0,0,0,40.0612,-75.0835, , 
24816,258615,2015047635,6,67,67301,2015,4,7,210,2,3,1,0,5,6, , ,N,0,0,0,3,0,0,1,4,N,N,39 58:07.986,75 13:50.664,225, ,220, ,0, ,N, ,0, , , , , , , , , ,4,3,0,0,0,0,1,0,0,0,0,0,0,0,1,0,0,0,0,0,0,0,0,0,0,0,0,0,0,0,0,0,0,0,0,9,0,39.9689,-75.2307, , 
24817,258619,2015051482,6,67,67301,2015,5,2,1230,12,1,1,0,8,1, , ,N,3,2,0,3,0,1,2,2,N,N,40 02:59.838,75 08:50.129,1720, ,1720, ,0, ,N, ,3, , , , , , , , , ,1,1,0,0,0,0,0,0,0,0,0,1,1,0,0,0,0,0,0,0,0,0,0,1,0,0,0,0,0,0,0,0,1,0,0,4,0,40.0499,-75.1472, , 