objectid_1,objectid,crn,district,county,municipality,crash_year,crash_month,day_of_week,time_of_day,hour_of_day,illumination,weather,road_condition,collision_type,relation_to_road,work_zone_type,work_zone_loc,work_zone_ind,intersect_type,tcd_type,location_type,urban_rural,fatal_count,injury_count,person_count,total_units,sch_bus_ind,sch_zone_ind,latitude,longitude,arrival_tm,cons_zone_spd_lim,dispatch_tm,est_hrs_closed,lane_closed,ln_close_dir,ntfy_hiwy_maint,spec_juris_cd,tcd_func_cd,tfc_detour_ind,workers_pres,wz_close_detour,wz_flagger,wz_law_offcr_ind,wz_ln_closure,wz_moving,wz_other,wz_shlder_mdn,vehicle_count,automobile_count,motorcycle_count,bus_count,small_truck_count,heavy_truck_count,suv_count,van_count,bicycle_count,maj_inj_count,mod_inj_count,min_inj_count,tot_inj_count,unk_inj_deg_count,unk_inj_per_count,driver_count_16yr,driver_count_17yr,driver_count_18yr,driver_count_19yr,driver_count_20yr,driver_count_50_64yr,driver_count_65_74yr,driver_count_75plus,unbelted_occ_count,unb_death_count,unb_maj_inj_count,belted_death_count,belted_maj_inj_count,mcycle_death_count,mcycle_maj_inj_count,bicycle_death_count,bicycle_maj_inj_count,ped_count,ped_death_count,ped_maj_inj_count,max_severity_level,comm_veh_count,dec_lat,dec_long,rdwy_surf_type_cd,county_name
24885,258800,2015035828,6,67,67301,2015,3,5,740,7,1,1,0,4,1, , ,N,1,2,0,3,0,0,2,2, , ,40 00:14.047,75 08:57.044,740, ,730, ,0, , , ,3, , , , , , , , , ,2,1,0,0,1,0,0,0,0,0,0,0,0,0,0,0,0,0,0,0,0,0,0,0,0,0,0,0,0,0,0,0,0,0,0,0,0,40.0039,-75.1492, , 
24886,258862,2015052360,6,67,67301,2015,4,5,809,8,1,1,0,1,1, , ,N,0,0,0,3,0,2,3,2,N,N,39 55:33.992,75 08:48.359,822, ,811, ,0, ,N, ,0, , , , , , , , , ,2,2,0,0,0,0,0,0,0,0,0,0,2,2,0,0,0,0,0,0,1,0,0,0,0,0,0,0,0,0,0,0,0,0,0,8,0,39.9261,-75.1468, , 
24887,258868,2015056424,6,67,67301,2015,5,4,1325,13,1,1,0,8,1, , ,N,0,0,0,3,0,1,2,2,N, ,40 01:17.752,75 07:30.644,1355, ,1325, ,0, , , ,0, , , , , , , , , ,1,1,0,0,0,0,0,0,0,0,0,1,1,0,0,0,0,0,0,0,0,0,0,0,0,0,0,0,0,0,0,0,1,0,0,4,0,40.0216,-75.1252, , 
24888,258869,2015056641,6,67,67301,2015,5,3,1221,12,1,1,0,1,1, , ,N,5,2,2,3,0,3,4,2,N,N,39 57:25.881,75 08:31.297,1221, ,1221, ,0, ,N, ,3, , , , , , , , , ,2,0,0,0,0,0,1,1,0,0,0,0,3,3,0,0,0,0,0,0,1,0,1,0,0,0,0,0,0,0,0,0,0,0,0,8,0,39.9567,-75.1423, , 
24889,258892,2015022406,6,67,67301,2015,2,7,730,7,1,1,0,4,1, , ,N,1,2,0,3,0,0,2,2,N,N,40 03:44.577,75 02:33.887,739, ,732,1,1,2,N, ,3,N, , , , , , , , ,2,1,0,0,0,0,1,0,0,0,0,0,0,0,0,0,0,0,0,0,0,0,0,0,0,0,0,0,0,0,0,0,0,0,0,0,0,40.0624,-75.0429, , 
24890,258893,2015022413,6,67,67301,2015,2,2,1545,15,1,8,1,4,1, , ,N,1,2,0,3,0,1,3,2,N,N,39 59:45.293,75 05:31.432,1559, ,1554,1,1,1, , ,3,N, , , , , , , , ,2,2,0,0,0,0,0,0,0,0,0,0,1,1,0,0,0,0,0,0,0,0,0,0,0,0,0,0,0,0,0,0,0,0,0,8,0,39.9959,-75.0921, , 
24891,258904,2015033329,6,67,67301,2015,2,1,1356,13,1,1,0,1,1, , ,N,0,0,0,3,0,1,4,2,N,N,39 56:50.121,75 08:31.085,1412, ,1401, ,0, ,N, ,0, , , , , , , , , ,2,1,0,0,1,0,0,0,0,0,0,0,1,1,0,0,0,0,0,0,1,0,0,0,0,0,0,0,0,0,0,0,0,0,0,8,0,39.9473,-75.142, , 
24892,258905,2015033342,6,67,67301,2015,3,7,933,9,1,2,1,1,1, , ,N,0,0,2,3,0,0,2,2,N,N,39 56:45.055,75 11:23.426,945, ,937,1,2,3,N, ,0,N, , , , , , , , ,2,2,0,0,0,0,0,0,0,0,0,0,0,0,0,0,0,0,0,0,0,0,0,0,0,0,0,0,0,0,0,0,0,0,0,0,0,39.9458,-75.1898, , 
24893,258918,2015043254,6,67,67301,2015,2,7,1045,10,1,1,0,4,1, , ,N,2,3,0,3,0,1,3,3,N,N,40 00:24.409,75 07:55.714,1857, ,1045,1,1,1,N, ,3,Y, , , , , , , , ,3,2,0,0,0,0,1,0,0,0,1,0,1,0,0,0,0,0,0,0,1,0,0,0,0,0,0,0,0,0,0,0,0,0,0,3,0,40.0068,-75.1321, , 
24894,258923,2015006149,6,67,67301,2015,1,1,1310,13,1,1,1,4,1, , ,N,2,0,0,3,0,0,3,2,N,N,40 07:22.609,75 00:51.321,1318, ,1314,1,1,4,N, ,0,N, , , , , , , , ,2,2,0,0,0,0,0,0,0,0,0,0,0,0,0,0,0,0,0,0,0,0,0,0,0,0,0,0,0,0,0,0,0,0,0,0,0,40.1229,-75.0143, , 
24895,258944,2015025047,6,67,67301,2015,2,5,1640,16,4,1,0,4,1, , ,N,0,0,7,3,0,0,2,2,N,N,39 57:09.953,75 11:15.768,1646, ,1641,3,1,2,N, ,0,N, , , , , , , , ,2,0,0,0,1,0,1,0,0,0,0,0,0,0,0,0,0,0,0,0,0,0,0,0,0,0,0,0,0,0,0,0,0,0,0,0,0,39.9528,-75.1877, , 
24896,258953,2015033724,6,67,67301,2015,2,6,1405,14,1,1,0,5,6, , ,N,0,0,0,3,0,0,2,4,N,N,39 56:09.092,75 09:01.382,1413, ,1410, ,0, ,N, ,0, , , , , , , , , ,4,2,0,0,0,0,2,0,0,0,0,0,0,0,0,0,0,0,0,0,0,0,0,1,0,0,0,0,0,0,0,0,0,0,0,0,0,39.9359,-75.1504, , 
24897,258973,2015006137,6,67,67301,2015,1,5,205,2,3,1,0,5,1, , ,N,0,0,1,3,0,0,7,5,N,N,39 58:46.042,75 08:00.203,211, ,211,3,2,5,N, ,0,Y, , , , , , , , ,5,4,0,0,0,0,1,0,0,0,0,0,0,0,0,0,0,0,0,0,0,0,0,0,0,0,0,0,0,0,0,0,0,0,0,0,0,39.9795,-75.1334, , 
24898,258983,2015015578,6,67,67301,2015,1,3,739,7,1,1,0,8,1, , ,N,0,0,0,3,0,1,2,2,N, ,39 57:39.341,75 14:35.032,847, ,841, ,0, , , ,0, , , , , , , , , ,1,0,0,0,0,0,1,0,0,0,0,1,1,0,0,0,0,0,0,0,0,0,0,0,0,0,0,0,0,0,0,0,1,0,0,4,0,39.9609,-75.2431, , 
24899,262861,2015049144,6,67,67301,2015,4,7,2322,23,3,1,0,4,1, , ,N,2,2,0,3,0,0,2,2,N,N,40 02:06.022,75 04:09.823,2331, ,2322,1,1,1,N, ,3,N, , , , , , , , ,2,2,0,0,0,0,0,0,0,0,0,0,0,0,1,0,0,0,0,0,0,0,0,0,0,0,0,0,0,0,0,0,0,0,0,9,0,40.0351,-75.0695, , 
24900,262888,2015034183,6,67,67301,2015,2,6,1346,13,1,1,0,4,1, , ,N,2,3,0,3,0,0,2,3,N,N,39 59:51.280,75 07:02.132,1350, ,1347, ,0, ,N, ,3, , , , , , , , , ,3,2,0,0,0,0,0,1,0,0,0,0,0,0,0,0,0,0,0,0,0,0,0,0,0,0,0,0,0,0,0,0,0,0,0,0,0,39.9976,-75.1173, , 
24901,262949,2015051508,6,67,67301,2015,5,6,2012,20,2,1,0,1,1, , ,N,0,0,0,3,0,3,4,3,N,N,39 57:22.833,75 11:42.084,2016, ,2014, ,0, ,N, ,0, , , , , , , , , ,3,0,0,0,0,0,2,1,0,0,0,1,3,2,1,0,0,0,0,0,2,0,0,0,0,0,0,0,0,0,0,0,0,0,0,4,0,39.9563,-75.195, , 
24902,262950,2015051520,6,67,67301,2015,4,4,2030,20,3,1,0,4,1, , ,N,1,2,0,3,0,1,3,2,N, ,40 03:01.444,74 59:59.580,2100, ,2057,1,1,2, , ,3,N, , , , , , , , ,2,2,0,0,0,0,0,0,0,0,0,0,1,1,2,0,0,0,1,0,0,0,0,2,0,0,0,0,0,0,0,0,0,0,0,8,0,40.0504,-74.9999, , 
24903,262957,2015062728,6,67,67301,2015,5,5,2,0,3,1,0,1,1, , ,N,1,2,1,3,0,1,2,2,N,N,39 57:32.561,75 13:01.166,10, ,2, ,0, , , ,3, , , , , , , , , ,2,2,0,0,0,0,0,0,0,0,0,1,1,0,0,0,0,0,0,0,0,0,0,0,0,0,0,0,0,0,0,0,0,0,0,4,0,39.959,-75.217, , 
24904,262994,2015042732,6,67,67301,2015,4,1,2105,21,3,1,0,8,1, , ,N,1,3,0,3,0,1,2,2,N,N,39 58:00.026,75 09:18.169,2132, ,2130, ,0, ,N, ,3, , , , , , , , , ,1,0,0,0,0,0,1,0,0,0,0,1,1,0,0,0,0,0,0,0,1,0,0,0,0,0,0,0,0,0,0,0,1,0,0,4,0,39.9667,-75.155, , 
24905,262995,2015042883,6,67,67301,2015,3,7,1628,16,1,2,1,8,1, , ,N,1,2,0,3,0,1,3,2,N,N,39 57:37.886,75 10:24.974,1639, ,1628, ,0, ,N, ,3, , , , , , , , , ,1,0,0,0,1,0,0,0,0,0,0,0,1,1,0,0,0,0,0,0,0,1,0,0,0,0,0,0,0,0,0,0,1,0,0,8,0,39.9605,-75.1736, , 
24906,263026,2015020869,6,67,67301,2015,2,3,600,6,1,1,0,5,6, , ,N,0,0,0,3,0,0,1,2,N,N,39 59:22.091,75 08:39.089,610, ,605,3,2,3,N, ,0,Y, , , , , , , , ,2,1,0,0,0,0,1,0,0,0,0,0,0,0,1,0,0,0,0,0,0,0,0,0,0,0,0,0,0,0,0,0,0,0,0,9,0,39.9895,-75.1442, , 
24907,263041,2015042836,6,67,67301,2015,4,5,2340,23,3,1,0,8,1, , ,N,1,2,0,3,0,1,2,2,N,N,39 58:08.111,75 08:10.324,8, ,5, ,0, ,N, ,3, , , , , , , , , ,1,0,0,0,1,0,0,0,0,0,0,1,1,0,0,0,0,0,0,0,0,0,0,0,0,0,0,0,0,0,0,0,1,0,0,4,0,39.9688,-75.1362, , 
24908,263051,2015056428,6,67,67301,2015,5,4,1230,12,1,1,0,4,1, , ,N,1,2,0,3,0,1,2,2,N, ,39 57:37.003,75 10:25.149,1230, ,1220, ,0, , , ,3, , , , , , , , , ,2,1,0,0,0,0,1,0,0,0,0,1,1,0,0,0,0,0,0,0,0,0,0,1,0,0,0,0,0,0,0,0,0,0,0,4,0,39.9603,-75.1737, , 
24909,263081,2015038692,6,67,67301,2015,2,4,1805,18,3,1,0,5,1, , ,N,1,2,0,3,0,0,2,2,N, ,40 01:12.877,75 06:50.707,1901, ,1858, ,0, , , ,3, , , , , , , , , ,2,1,0,0,0,0,1,0,0,0,0,0,0,0,0,0,0,0,0,0,0,0,0,0,0,0,0,0,0,0,0,0,0,0,0,0,0,40.0202,-75.1141, , 
24910,263093,2015051522,6,67,67301,2015,5,7,2233,22,3,1,0,8,1, , ,N,0,0,0,3,0,1,2,2,N,N,40 03:32.799,75 08:58.311,2327, ,2307, ,0, ,N, ,0, , , , , , , , , ,1,1,0,0,0,0,0,0,0,0,0,0,1,1,0,0,0,0,0,0,0,0,1,0,0,0,0,0,0,0,0,0,1,0,0,8,0,40.0591,-75.1495, , 
24911,263096,2015056507,6,67,67301,2015,5,6,1649,16,1,1,0,4,1, , ,N,0,3,6,3,0,1,2,2,N,N,39 54:46.796,75 13:18.301,1800, ,1726, ,0, ,N, ,3, , , , , , , , , ,2,2,0,0,0,0,0,0,0,0,0,0,1,1,1,0,0,0,0,0,1,0,0,0,0,0,0,0,0,0,0,0,0,0,0,8,0,39.913,-75.2218, , 
24912,263117,2015020788,6,67,67301,2015,1,7,606,6,3,4,3,5,6, , ,N,0,0,0,3,0,0,1,3,N,N,40 02:23.061,75 13:46.047,612, ,608, ,0, ,N, ,0, , , , , , , , , ,3,3,0,0,0,0,0,0,0,0,0,0,0,0,0,0,0,0,0,0,0,0,0,0,0,0,0,0,0,0,0,0,0,0,0,0,0,40.0397,-75.2295, , 
24913,263134,2015042821,6,67,67301,2015,3,6,54,0,3,2,1,7,2, , ,N,0,0,0,3,0,1,1,1,N,N,39 58:49.700,75 10:44.600,200, ,54, ,0, ,N, ,0, , , , , , , , , ,1,1,0,0,0,0,0,0,0,0,0,1,1,0,0,0,0,0,0,0,0,0,0,1,0,0,0,0,0,0,0,0,0,0,0,4,0,39.9805,-75.1791, , 
24914,263138,2015049006,6,67,67301,2015,4,6,2125,21,3,1,0,4,1, , ,N,1,2,0,3,0,0,3,2,N,N,40 00:31.996,75 04:18.728,2135, ,2128, ,0, , , ,3, , , , , , , , , ,2,1,0,0,0,0,1,0,0,0,0,0,0,0,0,0,0,0,0,0,1,0,0,0,0,0,0,0,0,0,0,0,0,0,0,0,0,40.0089,-75.0719, , 
24915,263141,2015053724,6,67,67301,2015,4,6,2018,20,3,1,0,7,2, , ,N,0,8,0,3,0,0,1,1,N,N,39 54:05.837,75 09:07.569,2030, ,2022,2,1,2,N, ,3,N, , , , , , , , ,1,1,0,0,0,0,0,0,0,0,0,0,0,0,1,0,0,0,0,0,0,0,0,0,0,0,0,0,0,0,0,0,0,0,0,9,0,39.9016,-75.1521, , 
24916,263147,2015059187,6,67,67301,2015,5,2,2230,22,3,1,0,1,1, , ,N,0,0,0,3,0,0,2,3,N,N,39 56:15.223,75 11:54.483,2250, ,2230,1,2,4,N, ,0,N, , , , , , , , ,3,0,0,0,0,0,3,0,0,0,0,0,0,0,0,0,0,0,0,1,1,0,0,0,0,0,0,0,0,0,0,0,0,0,0,0,0,39.9376,-75.1985, , 
24917,252149,2017004181,6,67,67301,2016,12,3,845,8,1,1,0,8,1, , ,N,1,2,0,3,0,1,2,2,N,N,40 02:12.310,75 02:26.659,858, ,854, ,0, , , ,3, , , , , , , , , ,1,0,0,0,0,0,0,1,0,0,0,0,1,1,0,0,0,0,0,0,0,0,0,1,0,0,0,0,0,0,0,0,1,0,0,8,0,40.0368,-75.0407, , 
24918,252162,2017003600,6,67,67301,2016,12,5,9999,99,3,1,0,8,1, , ,N,2,2,7,3,0,1,2,2,N,N,40 05:36.005,74 57:43.465,1825, ,1825, ,0, ,N, ,3, , , , , , , , , ,1,0,0,0,1,0,0,0,0,0,0,1,1,0,0,0,0,0,0,0,0,1,0,0,0,0,0,0,0,0,0,0,1,0,0,4,0,40.0933,-74.9621, , 
24919,252170,2016125647,6,67,67301,2016,11,3,1017,10,1,2,1,1,1,1,4,Y,0,0,0,3,0,0,2,2,N,N,39 57:29.503,75 09:51.792,1043,45,1026, ,0, , , ,0, ,Y,N,N,N,N,N,N,Y,2,2,0,0,0,0,0,0,0,0,0,0,0,0,0,0,0,0,0,0,0,0,0,0,0,0,0,0,0,0,0,0,0,0,0,0,0,39.9582,-75.1644, , 
24920,252181,2017021458,6,67,67301,2016,8,1,640,6,1,1,0,1,1, , ,N,0,0,0,3,0,1,2,2,N,N,39 59:58.381,75 08:13.774,0, ,0, ,0, ,N, ,0, , , , , , , , , ,2,1,0,0,0,0,0,0,0,0,0,0,1,1,0,0,0,0,0,0,0,0,0,0,0,0,0,0,0,0,0,0,0,0,0,8,0,39.9996,-75.1372, , 
24921,252189,2017003571,6,67,67301,2016,12,4,1605,16,4,1,0,4,1, , ,N,2,3,0,3,0,1,3,2,N,N,39 56:13.887,75 10:43.240,1630, ,1125, ,0, , , ,3, , , , , , , , , ,2,1,0,0,0,0,1,0,0,0,0,0,1,1,0,0,0,0,0,0,0,1,1,3,0,0,0,0,0,0,0,0,0,0,0,8,0,39.9372,-75.1787, , 
24922,252191,2016112256,6,67,67301,2016,10,1,1106,11,1,2,1,8,1, , ,N,0,0,0,3,0,1,2,2,N,N,39 57:25.735,75 12:05.933,1110, ,1106, ,0, , , ,0, , , , , , , , , ,1,1,0,0,0,0,0,0,0,0,0,1,1,0,0,0,0,0,0,0,0,1,0,0,0,0,0,0,0,0,0,0,1,0,0,4,0,39.9571,-75.2016, , 
24923,252206,2016135699,6,67,67301,2016,12,6,1830,18,3,1,0,4,1, , ,N,1,3,0,3,0,0,5,4,N,N,39 58:47.413,75 10:27.321,1849, ,1848,2,2,2,N, ,3,Y, , , , , , , , ,4,2,0,0,2,0,0,0,0,0,0,0,0,0,0,0,0,0,0,0,1,0,1,0,0,0,0,0,0,0,0,0,0,0,0,0,0,39.9798,-75.1743, , 
24924,252209,2016138246,6,67,67301,2016,12,3,1900,19,3,2,1,8,1, , ,N,0,0,0,3,0,1,2,2,N,N,39 59:47.789,75 10:30.794,1940, ,1940, ,0, ,N, ,0, , , , , , , , , ,1,0,0,0,0,0,1,0,0,0,0,0,1,1,0,0,0,0,0,0,0,1,0,0,0,0,0,0,0,0,0,0,1,0,0,8,0,39.9966,-75.1752, , 
24925,252223,2017003693,6,67,67301,2016,12,2,1930,19,3,1,0,4,1, , ,N,2,3,0,3,0,2,4,2,N,N,39 58:46.759,75 14:46.711,9999, ,1930, ,0, ,N, ,3, , , , , , , , , ,2,1,0,0,0,0,1,0,0,0,0,2,2,0,0,0,0,0,1,0,0,0,0,2,0,0,0,0,0,0,0,0,0,0,0,4,0,39.9797,-75.2463, , 
24926,252229,2017020771,6,67,67301,2016,7,6,1930,19,3,1,0,4,1, , ,N,2,2,0,3,0,1,2,2,N,N,39 54:49.096,75 13:17.644,0, ,0, ,0, ,N, ,2, , , , , , , , , ,2,2,0,0,0,0,0,0,0,0,0,0,1,1,0,0,0,0,0,0,0,1,0,1,0,0,0,0,0,0,0,0,0,0,0,8,0,39.9136,-75.2216, , 
24927,252238,2017005398,6,67,67301,2016,12,7,1417,14,1,1,0,1,1, , ,N,0,0,0,3,0,1,7,3,N,N,39 57:55.518,75 11:09.767,1417, ,1417, ,0, , , ,0, , , , , , , , , ,3,1,0,0,0,0,2,0,0,0,0,1,1,0,0,0,0,0,0,0,0,0,1,0,0,0,0,0,0,0,0,0,0,0,0,4,0,39.9654,-75.186, , 
24928,252250,2017003689,6,67,67301,2016,12,1,2100,21,3,1,0,5,6, , ,N,0,0,0,3,0,0,1,3,N, ,40 02:41.856,75 13:16.482,2110, ,2104, ,0, , , ,0, , , , , , , , , ,3,2,0,0,0,0,1,0,0,0,0,0,0,0,1,0,0,0,0,0,0,0,0,0,0,0,0,0,0,0,0,0,0,0,0,9,0,40.045,-75.2212, , 
24929,252259,2016105640,6,67,67301,2016,9,6,1605,16,1,1,0,4,1, , ,N,1,3,0,3,0,1,3,2,N, ,39 59:43.404,75 09:10.605,1613, ,1610,1,1,7, , ,3,Y, , , , , , , , ,2,1,0,0,0,0,1,0,0,0,0,1,1,0,0,0,0,0,0,0,0,1,0,0,0,0,0,0,0,0,0,0,0,0,0,4,0,39.9954,-75.1529, , 
24930,252262,2016131013,6,46,46108,2016,11,5,1332,13,1,1,0,4,1, , ,N,1,2,0,3,0,0,2,2,N,N,40 05:15.217,75 12:51.464,1335, ,1332,1,1,2,N, ,3,N, , , , , , , , ,2,2,0,0,0,0,0,0,0,0,0,0,0,0,0,0,0,0,0,0,0,0,1,0,0,0,0,0,0,0,0,0,0,0,0,0,0,40.0876,-75.2143, , 
24931,252267,2016135835,6,67,67301,2016,11,4,1918,19,3,2,1,4,1, , ,N,1,2,0,3,1,2,4,4,N,N,39 57:20.946,75 13:32.664,1923, ,1922, ,0, ,N,0,3, , , , , , , , , ,4,1,0,0,0,0,3,0,0,0,0,1,2,1,0,0,0,0,0,0,1,0,0,2,0,0,0,0,0,0,0,0,0,0,0,1,0,39.9558,-75.2257,2, 
24932,252281,2017008740,6,67,67301,2016,12,6,2304,23,3,1,0,8,1, , ,N,0,0,0,3,0,1,2,2,N, ,40 05:05.068,74 58:24.416,2306, ,2305, ,0, , , ,0, , , , , , , , , ,1,1,0,0,0,0,0,0,0,1,0,0,1,0,0,0,0,0,0,0,0,0,0,0,0,0,0,0,0,0,0,0,1,0,1,2,0,40.0847,-74.9734, , 
24933,252283,2016052272,6,67,67301,2016,5,2,723,7,1,6,1,6,1, , ,N,0,0,0,3,0,2,2,2,N,N,39 58:56.779,75 12:24.759,735, ,731, ,0, ,N, ,0, , , , , , , , , ,2,2,0,0,0,0,0,0,0,0,0,2,2,0,0,0,0,0,0,0,0,0,0,0,0,0,0,0,0,0,0,0,0,0,0,4,0,39.9824,-75.2069, , 
24934,252286,2016053792,6,67,67301,2016,4,2,1615,16,1,1,0,4,1, , ,N,1,2,0,3,0,1,3,2,N,N,40 02:32.725,75 04:57.598,1630, ,1624, ,0, ,N, ,3, , , , , , , , , ,2,1,0,0,0,0,1,0,0,0,0,1,1,0,0,0,0,0,0,0,0,0,0,2,0,0,0,0,0,0,0,0,0,0,0,4,0,40.0424,-75.0827, , 
24935,255261,2016129386,6,67,67301,2016,11,2,705,7,1,1,0,4,1, , ,N,1,3,0,3,0,1,3,2,N, ,39 54:38.448,75 14:28.503,709, ,706,9,2,3, , ,3,N, , , , , , , , ,2,2,0,0,0,0,0,0,0,0,0,0,1,1,2,0,0,0,1,0,0,0,0,2,0,0,0,0,0,0,0,0,0,0,0,8,0,39.9107,-75.2413, , 
24936,255264,2016137734,6,67,67301,2016,12,6,1127,11,1,1,0,1,1, , ,N,0,0,0,3,0,0,6,4,N,N,39 58:41.704,75 12:08.568,1133, ,1130, ,0, , , ,0, , , , , , , , , ,4,1,0,0,0,0,3,0,0,0,0,0,0,0,0,0,0,0,0,0,1,0,0,0,0,0,0,0,0,0,0,0,0,0,0,0,0,39.9783,-75.2024, , 
24937,255269,2016135788,6,67,67301,2016,12,3,1845,18,3,2,1,8,1, , ,N,1,2,0,3,0,1,2,2,N,N,40 00:15.609,75 07:41.037,2305, ,2249, ,0, ,N, ,3, , , , , , , , , ,1,0,0,0,1,0,0,0,0,0,1,0,1,0,0,0,0,0,0,0,0,0,0,1,0,0,0,0,0,0,0,0,1,0,0,3,0,40.0043,-75.1281, , 
24938,255318,2016120592,6,67,67301,2016,11,4,1000,10,1,1,0,4,1, , ,N,1,3,0,3,0,0,5,5,N, ,40 02:06.568,75 08:41.251,1058, ,1051, ,0, ,N, ,3, , , , , , , , , ,5,3,0,0,1,0,1,0,0,0,0,0,0,0,0,0,0,0,0,0,1,1,1,0,0,0,0,0,0,0,0,0,0,0,0,0,0,40.0352,-75.1448, , 
24939,255321,2016117759,6,67,67301,2016,10,3,1645,16,1,1,0,4,1, , ,N,1,3,0,3,0,2,4,2,N,N,39 58:09.584,75 09:48.450,1655, ,1645,1,2,1,N, ,3,Y, , , , , , , , ,2,1,0,0,0,0,0,1,0,0,0,0,2,2,0,0,0,0,0,0,0,0,0,2,0,0,0,0,0,0,0,0,0,0,0,8,0,39.9693,-75.1635, , 
24940,255326,2016112033,6,67,67301,2016,10,5,2315,23,3,2,1,7,3, , ,N,0,0,0,3,0,0,3,1,N,N,39 56:58.752,75 12:01.827,2322, ,2322,2,2,1,N, ,0,N, , , , , , , , ,1,1,0,0,0,0,0,0,0,0,0,0,0,0,0,0,0,0,0,1,0,0,0,0,0,0,0,0,0,0,0,0,0,0,0,0,0,39.9497,-75.2005, , 
24941,255336,2016129409,6,67,67301,2016,11,4,1556,15,1,1,0,4,1, , ,N,1,2,0,3,0,1,2,2,N,N,40 02:13.610,75 08:22.736,1700, ,1700, ,0, ,N, ,3, , , , , , , , , ,1,0,0,0,0,0,1,0,1,0,0,0,1,1,0,0,0,0,0,0,1,0,0,1,0,0,0,0,0,0,0,0,0,0,0,8,0,40.0371,-75.1396, , 
24942,255355,2017023497,6,67,67301,2016,11,4,1425,14,1,2,1,1,1, , ,N,0,0,0,3,0,1,2,2,N,N,40 00:33.321,75 11:19.879,0, ,0, ,0, ,N, ,0, , , , , , , , , ,2,2,0,0,0,0,0,0,0,0,0,0,1,1,0,0,0,0,0,0,0,0,0,1,0,0,0,0,0,0,0,0,0,0,0,8,0,40.0093,-75.1889, , 
24943,255372,2016126126,6,67,67301,2016,11,7,1835,18,3,1,0,1,6, , ,N,0,0,0,3,0,0,1,4,N,N,40 00:26.934,75 04:39.051,1850, ,1840, ,0, ,N, ,0, , , , , , , , , ,4,3,0,0,1,0,0,0,0,0,0,0,0,0,0,0,0,0,0,0,1,0,0,1,0,0,0,0,0,0,0,0,0,0,0,0,0,40.0075,-75.0775, , 
24944,255377,2016135663,6,67,67301,2016,12,1,1902,19,3,1,0,8,1, , ,N,1,2,0,3,0,1,2,2,N, ,39 56:59.250,75 12:25.488,1909, ,1905, ,0, , , ,3, , , , , , , , , ,1,1,0,0,0,0,0,0,0,0,0,0,1,1,0,0,0,0,0,0,0,0,0,1,0,0,0,0,0,0,0,0,1,0,0,8,0,39.9498,-75.2071, , 
24945,255380,2016108601,6,67,67301,2016,10,7,1850,18,3,2,1,8,6, , ,N,0,0,0,3,0,1,2,2,N,N,39 59:41.250,75 08:50.902,1915, ,1908, ,0, ,N, ,0, , , , , , , , , ,1,0,0,0,0,0,1,0,0,0,0,1,1,0,0,0,0,0,0,0,1,0,0,0,0,0,0,0,0,0,0,0,1,0,0,4,0,39.9948,-75.1475, , 
24946,255385,2016119679,6,67,67301,2016,11,3,1602,16,1,1,0,4,1, , ,N,1,3,0,3,0,1,2,2,N,N,39 59:53.113,75 13:59.662,1602, ,1602, ,0, , , ,3, , , , , , , , , ,2,2,0,0,0,0,0,0,0,0,0,1,1,0,0,0,0,0,0,0,1,1,0,0,0,0,0,0,0,0,0,0,0,0,0,4,0,39.998,-75.2332, , 
24947,255398,2016135660,6,67,67301,2016,12,3,1456,14,1,2,1,1,1, , ,N,1,2,0,3,0,2,5,2,N, ,39 58:30.510,75 11:16.819,9999, ,1605, ,0, , , ,3, , , , , , , , , ,2,1,0,0,0,1,0,0,0,0,0,0,2,2,0,0,0,0,0,0,0,0,0,2,0,0,0,0,0,0,0,0,0,0,0,8,1,39.9751,-75.188, , 
24948,255400,2016130003,6,67,67301,2016,11,7,2120,21,2,1,0,5,6, , ,N,0,0,0,3,0,0,2,2,N,N,40 04:22.985,75 12:56.151,1238, ,1233, ,0, ,N, ,0, , , , , , , , , ,2,2,0,0,0,0,0,0,0,0,0,0,0,0,0,0,0,0,0,0,1,0,0,0,0,0,0,0,0,0,0,0,0,0,0,0,0,40.0731,-75.2156, , 
24949,255403,2016126182,6,67,67301,2016,11,7,1537,15,1,1,0,4,1, , ,N,5,2,0,3,0,0,5,2,N,N,40 00:05.418,75 06:14.947,1556, ,1553,1,1,4,N, ,3,N, , , , , , , , ,2,2,0,0,0,0,0,0,0,0,0,0,0,0,1,0,0,0,0,0,1,0,0,0,0,0,0,0,0,0,0,0,0,0,0,9,0,40.0015,-75.1042, , 
24950,255407,2016126095,6,67,67301,2016,11,3,450,4,3,1,0,8,1, , ,N,1,2,0,3,0,1,2,2,N, ,39 58:12.716,75 09:35.217,505, ,500, ,0, , , ,3, , , , , , , , , ,1,0,0,0,0,0,1,0,0,0,0,1,1,0,0,0,0,0,0,0,0,0,0,1,0,0,0,0,0,0,0,0,1,0,0,4,0,39.9702,-75.1596, , 
24951,255430,2016129742,6,67,67301,2016,12,5,1935,19,3,1,0,4,1, , ,N,1,3,0,3,0,0,2,2,N,N,39 58:35.738,75 09:10.357,1941, ,1941,2,1,4,N, ,3,N, , , , , , , , ,2,2,0,0,0,0,0,0,0,0,0,0,0,0,0,1,0,0,0,0,0,0,0,1,0,0,0,0,0,0,0,0,0,0,0,0,0,39.9766,-75.1529, , 