objectid_1,objectid,crn,district,county,municipality,crash_year,crash_month,day_of_week,time_of_day,hour_of_day,illumination,weather,road_condition,collision_type,relation_to_road,work_zone_type,work_zone_loc,work_zone_ind,intersect_type,tcd_type,location_type,urban_rural,fatal_count,injury_count,person_count,total_units,sch_bus_ind,sch_zone_ind,latitude,longitude,arrival_tm,cons_zone_spd_lim,dispatch_tm,est_hrs_closed,lane_closed,ln_close_dir,ntfy_hiwy_maint,spec_juris_cd,tcd_func_cd,tfc_detour_ind,workers_pres,wz_close_detour,wz_flagger,wz_law_offcr_ind,wz_ln_closure,wz_moving,wz_other,wz_shlder_mdn,vehicle_count,automobile_count,motorcycle_count,bus_count,small_truck_count,heavy_truck_count,suv_count,van_count,bicycle_count,maj_inj_count,mod_inj_count,min_inj_count,tot_inj_count,unk_inj_deg_count,unk_inj_per_count,driver_count_16yr,driver_count_17yr,driver_count_18yr,driver_count_19yr,driver_count_20yr,driver_count_50_64yr,driver_count_65_74yr,driver_count_75plus,unbelted_occ_count,unb_death_count,unb_maj_inj_count,belted_death_count,belted_maj_inj_count,mcycle_death_count,mcycle_maj_inj_count,bicycle_death_count,bicycle_maj_inj_count,ped_count,ped_death_count,ped_maj_inj_count,max_severity_level,comm_veh_count,dec_lat,dec_long,rdwy_surf_type_cd,county_name
25087,299038,2015049090,6,67,67301,2015,4,7,2150,21,3,1,0,8,1, , ,N,0,0,0,3,0,1,2,2,N,N,40 02:38.398,75 01:07.049,2310, ,2259, ,0, ,N, ,0, , , , , , , , , ,1,0,0,0,0,0,1,0,0,0,0,1,1,0,0,0,0,0,0,0,0,0,0,0,0,0,0,0,0,0,0,0,1,0,0,4,0,40.044,-75.0186, , 
25088,299043,2015056524,6,67,67301,2015,5,4,745,7,1,1,0,8,1, , ,N,2,3,0,3,0,1,2,2,N, ,39 56:37.571,75 09:18.661,750, ,748, ,0, , , ,3, , , , , , , , , ,1,0,0,0,0,0,1,0,0,0,0,0,1,1,0,0,0,0,0,0,0,0,0,0,0,0,0,0,0,0,0,0,1,0,0,8,0,39.9438,-75.1552, , 
25089,299048,2015012410,6,67,67301,2015,1,5,1517,15,1,1,0,1,1, , ,N,0,0,0,3,0,3,3,2,N, ,39 56:58.534,75 14:58.177,1535, ,1535, ,0, , , ,0, , , , , , , , , ,2,0,0,0,0,0,2,0,0,0,0,3,3,0,0,0,0,0,0,0,1,0,0,0,0,0,0,0,0,0,0,0,0,0,0,4,0,39.9496,-75.2495, , 
25090,299054,2015025056,6,67,67301,2015,2,5,9999,99,1,1,0,4,1, , ,N,2,3,0,3,0,1,2,2,N, ,39 54:26.334,75 13:41.041,9999, ,139, ,0, , , ,3, , , , , , , , , ,2,1,0,0,0,0,1,0,0,0,0,1,1,0,0,0,0,0,0,0,0,0,0,0,0,0,0,0,0,0,0,0,0,0,0,4,0,39.9073,-75.2281, , 
25091,299061,2015034161,6,67,67301,2015,3,1,330,3,3,1,0,4,1, , ,N,1,2,0,3,0,1,2,2,N,N,40 02:08.080,75 07:25.889,345, ,338, ,0, ,N, ,3, , , , , , , , , ,2,1,0,0,0,0,0,1,0,0,0,1,1,0,0,0,0,0,0,0,0,0,0,0,0,0,0,0,0,0,0,0,0,0,0,4,0,40.0356,-75.1239, , 
25092,299069,2015045356,6,67,67301,2015,4,5,2230,22,3,2,1,4,1, , ,N,1,2,0,3,0,1,3,2,N,N,40 01:57.099,75 11:23.212,2255, ,2250, ,0, ,N, ,3, , , , , , , , , ,2,2,0,0,0,0,0,0,0,0,0,0,1,1,1,0,0,0,1,0,0,0,0,0,0,0,0,0,0,0,0,0,0,0,0,8,0,40.0325,-75.1898, , 
25093,299081,2015056639,6,67,67301,2015,5,2,1620,16,1,1,0,1,1,1,4,Y,0,8,0,3,0,0,3,2,N,N,39 57:59.483,75 08:05.860,1635,45,1632,1,2,1,N, ,3,N,Y,N,N,N,N,N,N,Y,2,1,0,0,0,1,0,0,0,0,0,0,0,0,0,0,0,0,0,0,2,0,0,0,0,0,0,0,0,0,0,0,0,0,0,0,1,39.9665,-75.135, , 
25094,299085,2015058732,6,67,67301,2015,5,1,2138,21,3,1,0,8,1, , ,N,1,3,0,3,0,1,1,2,N,N,40 04:03.349,75 09:09.446,2148, ,2144, ,0, ,N, ,3, , , , , , , , , ,1,1,0,0,0,0,0,0,0,0,0,0,1,1,0,0,0,0,0,0,0,0,0,0,0,0,0,0,0,0,0,0,1,0,0,8,0,40.0676,-75.1526, , 
25095,299103,2015021905,6,67,67301,2015,2,2,1730,17,1,7,5,4,1, , ,N,2,3,0,3,0,0,2,2,N, ,39 54:26.334,75 13:41.041,1749, ,1748, ,0, , , ,3, , , , , , , , , ,2,2,0,0,0,0,0,0,0,0,0,0,0,0,0,0,0,0,0,0,0,0,1,0,0,0,0,0,0,0,0,0,0,0,0,0,0,39.9073,-75.2281, , 
25096,299124,2015038641,6,67,67301,2015,3,3,845,8,1,1,0,4,1, , ,N,2,0,2,3,0,1,3,2,N,N,39 58:29.060,75 11:57.003,853, ,848, ,0, ,N, ,0, , , , , , , , , ,2,0,0,1,0,0,1,0,0,0,0,1,1,0,0,0,0,0,0,0,0,0,0,0,0,0,0,0,0,0,0,0,0,0,0,4,1,39.9746,-75.1992, , 
25097,299171,2015049078,6,67,67301,2015,4,1,9999,99,3,1,0,4,1, , ,N,1,2,0,3,0,5,6,2,N, ,39 57:14.472,75 08:41.402,1930, ,1940, ,0, , , ,3, , , , , , , , , ,2,1,0,0,1,0,0,0,0,0,2,0,5,3,0,0,0,0,0,0,1,0,0,0,0,0,0,0,0,0,0,0,0,0,0,3,0,39.954,-75.1448, , 
25098,299213,2015031024,6,67,67301,2015,2,4,1315,13,1,1,0,4,1, , ,N,2,2,7,3,0,2,4,4,N,N,40 05:36.346,75 01:52.568,1335, ,1320, ,0, , , ,3, , , , , , , , , ,4,2,0,0,0,0,2,0,0,0,0,0,2,2,0,0,0,0,0,1,2,0,1,0,0,0,0,0,0,0,0,0,0,0,0,8,0,40.0934,-75.0313, , 
25099,299228,2015047599,6,67,67301,2015,4,6,608,6,1,2,1,6,6, , ,N,2,0,0,3,0,1,1,3,N,N,39 55:08.738,75 08:53.915,628, ,618,2,2,6,N, ,0,Y, , , , , , , , ,3,2,0,0,0,0,1,0,0,0,0,0,1,1,0,0,0,0,0,0,0,0,0,0,0,0,0,0,0,0,0,0,0,0,0,8,0,39.9191,-75.1483, , 
25100,302491,2015051919,6,67,67301,2015,5,7,2008,20,4,1,0,4,1, , ,N,1,2,0,3,0,0,2,2,N,N,39 55:15.755,75 13:26.897,2018, ,2018,3,2,3, , ,3,N, , , , , , , , ,2,1,0,0,0,0,1,0,0,0,0,0,0,0,0,0,0,0,0,0,0,1,0,0,0,0,0,0,0,0,0,0,0,0,0,0,0,39.9211,-75.2242, , 
25101,302499,2015066305,6,67,67301,2015,6,1,500,5,1,1,0,6,6, , ,N,0,0,0,3,0,0,1,5,N,N,40 01:39.476,75 10:18.363,9999, ,9999, ,0, ,N, ,0, , , , , , , , , ,5,3,0,0,0,0,2,0,0,0,0,0,0,0,0,0,0,0,0,0,0,0,0,0,0,0,0,0,0,0,0,0,0,0,0,0,0,40.0276,-75.1718, , 
25102,302528,2015069730,6,67,67301,2015,6,6,130,1,3,1,0,7,4, , ,N,0,0,0,3,0,0,1,2,N,N,39 56:57.375,75 10:09.279,140, ,135, ,0, , , ,0, , , , , , , , , ,1,0,0,0,0,0,1,0,0,0,0,0,0,0,0,0,0,0,0,0,0,0,0,0,0,0,0,0,0,0,0,0,0,0,0,0,0,39.9493,-75.1692, , 
25103,302529,2015070123,6,67,67301,2015,6,6,626,6,1,1,0,4,1, , ,N,2,2,0,3,0,2,2,2,N,N,40 00:26.314,75 11:31.785,641, ,631,2,2,7,N, ,3,Y, , , , , , , , ,2,1,0,0,0,0,1,0,0,0,0,2,2,0,0,0,0,0,0,0,1,0,0,0,0,0,0,0,0,0,0,0,0,0,0,4,0,40.0073,-75.1922, , 
25104,302535,2015075283,6,67,67301,2015,7,2,1600,16,1,1,1,8,1, , ,N,0,0,0,3,0,1,2,2,N,N,39 58:22.028,75 12:58.925,1655, ,1651, ,0, ,N, ,0, , , , , , , , , ,1,1,0,0,0,0,0,0,0,0,0,0,1,1,1,0,0,0,0,0,0,0,0,0,0,0,0,0,0,0,0,0,1,0,0,8,0,39.9728,-75.2164, , 
25105,302547,2015084009,6,67,67301,2015,8,6,529,5,3,1,0,5,1, , ,N,0,0,0,3,0,0,2,2,N,N,39 58:10.332,75 11:31.995,540, ,530,1,1,4,N, ,0,N, , , , , , , , ,2,1,0,0,0,1,0,0,0,0,0,0,0,0,1,0,0,0,0,0,0,0,0,0,0,0,0,0,0,0,0,0,0,0,0,9,1,39.9695,-75.1922, , 
25106,302549,2015086272,6,67,67301,2015,8,1,1500,15,1,1,0,1,1, , ,N,1,2,0,3,0,1,3,2,N,N,39 54:12.402,75 09:30.391,1648, ,1631, ,0, , , ,3, , , , , , , , , ,2,0,0,0,0,0,0,2,0,0,0,0,1,1,0,0,0,0,0,0,1,0,0,0,0,0,0,0,0,0,0,0,0,0,0,8,0,39.9034,-75.1584, , 
25107,302553,2015092929,6,67,67301,2015,8,5,1620,16,1,1,0,8,1, , ,N,1,3,0,3,0,1,2,2,N,N,40 01:46.318,75 09:00.475,1910, ,1910, ,0, ,N, ,3, , , , , , , , , ,1,1,0,0,0,0,0,0,0,0,0,1,1,0,0,0,0,0,0,0,0,0,0,0,0,0,0,0,0,0,0,0,1,0,0,4,0,40.0295,-75.1501, , 
25108,302563,2015061709,6,67,67301,2015,5,4,1300,13,1,1,0,5,1, , ,N,0,0,0,3,0,1,3,2,N,N,40 01:42.326,75 06:31.901,1310, ,1305,1,1,2,N, ,0,N, , , , , , , , ,2,1,0,0,0,0,1,0,0,0,0,0,1,1,0,0,0,0,0,0,0,0,0,0,0,0,0,0,0,0,0,0,0,0,0,8,0,40.0284,-75.1089, , 
25109,302574,2015015565,6,67,67301,2015,1,1,2225,22,3,2,1,7,4, , ,N,0,0,0,3,0,1,1,1,N,N,40 01:15.178,75 06:02.469,2235, ,2231, ,0, ,N, ,0, , , , , , , , , ,1,1,0,0,0,0,0,0,0,0,0,0,1,1,0,0,0,0,0,0,0,0,0,0,0,0,0,0,0,0,0,0,0,0,0,8,0,40.0209,-75.1007, , 
25110,302580,2015020731,6,67,67301,2015,2,2,30,0,3,4,3,5,6, , ,N,0,0,0,3,0,1,2,3,N,N,40 02:11.008,75 02:55.862,40, ,34, ,0, ,N, ,0, , , , , , , , , ,3,2,0,0,1,0,0,0,0,0,0,1,1,0,0,0,0,0,0,0,0,0,0,0,0,0,0,0,0,0,0,0,0,0,0,4,0,40.0364,-75.0489, , 
25111,302583,2015021902,6,67,67301,2015,2,6,1145,11,1,1,0,8,1, , ,N,1,3,0,3,0,1,2,2,N,N,39 55:12.212,75 11:08.786,1157, ,1152, ,0, ,N, ,3, , , , , , , , , ,1,0,0,0,0,0,1,0,0,0,0,1,1,0,0,0,0,0,0,0,1,0,0,0,0,0,0,0,0,0,0,0,1,0,0,4,0,39.9201,-75.1858, , 
25112,302590,2015026462,6,67,67301,2015,2,5,1510,15,1,1,0,7,3,1,8,Y,0,0,0,3,0,1,1,1,N,N,39 58:22.712,75 07:16.241,1525,45,1515,2,1,2,N, ,0,N,N,N,N,N,N,N,N,Y,1,1,0,0,0,0,0,0,0,0,0,0,1,1,0,0,0,0,0,0,0,0,0,0,0,0,0,0,0,0,0,0,0,0,0,8,0,39.973,-75.1212, , 
25113,302610,2015013009,6,67,67301,2015,1,4,1835,18,3,1,0,1,1, , ,N,0,0,0,3,0,1,2,2,N,N,39 59:41.764,75 05:00.831,1835, ,1835, ,0, ,N, ,0, , , , , , , , , ,2,1,0,0,0,0,0,1,0,0,0,1,1,0,0,0,0,0,0,0,0,0,0,0,0,0,0,0,0,0,0,0,0,0,0,4,0,39.9949,-75.0836, , 
25114,302619,2015018966,6,67,67301,2015,2,4,1955,19,3,1,0,8,1, , ,N,0,0,0,3,1,0,2,2,N,N,39 55:07.799,75 11:11.141,2000, ,1956, ,0, , ,0,0, , , , , , , , , ,1,0,0,0,0,0,1,0,0,0,0,0,0,0,0,0,0,0,0,0,0,0,0,0,0,0,0,0,0,0,0,0,1,1,0,1,0,39.9188,-75.1864,2, 
25115,302644,2015040949,6,67,67301,2015,3,1,1719,17,3,1,0,4,1, , ,N,1,2,0,3,0,0,4,2,N,N,39 57:18.079,75 10:04.799,1949, ,1941,9,1,1,N, ,3,N, , , , , , , , ,2,2,0,0,0,0,0,0,0,0,0,0,0,0,0,0,0,0,0,0,0,0,0,0,0,0,0,0,0,0,0,0,0,0,0,0,0,39.955,-75.168, , 
25116,302664,2015015632,6,67,67301,2015,1,6,1830,18,3,1,0,5,1, , ,N,0,0,0,3,0,0,2,3,N,N,40 02:01.191,75 02:25.582,1850, ,847, ,0, ,N, ,0, , , , , , , , , ,3,1,0,0,0,0,1,1,0,0,0,0,0,0,0,0,0,0,0,0,0,0,0,0,0,0,0,0,0,0,0,0,0,0,0,0,0,40.0337,-75.0404, , 
25117,302670,2015026085,6,67,67301,2015,3,1,1419,14,1,3,3,7,2, , ,N,0,3,7,3,0,2,4,2,N,N,40 03:05.244,75 07:09.153,1422, ,1419, ,0, ,N, ,3, , , , , , , , , ,2,1,0,0,0,0,1,0,0,0,0,0,2,2,0,0,1,0,0,0,0,0,0,0,0,0,0,0,0,0,0,0,0,0,0,8,0,40.0515,-75.1192, , 
25118,302679,2015031027,6,67,67301,2015,2,3,1127,11,1,1,0,4,1, , ,N,1,3,0,3,0,0,2,2,N, ,40 01:22.525,75 09:47.379,1146, ,1138, ,0, , , ,3, , , , , , , , , ,2,0,0,0,0,0,1,0,0,0,0,0,0,0,0,0,0,0,0,0,1,0,0,0,0,0,0,0,0,0,0,0,0,0,0,0,0,40.0229,-75.1632, , 
25119,308574,2015081039,6,67,67301,2015,7,7,1655,16,1,1,0,5,1, , ,N,0,0,0,3,0,2,2,2,N,N,40 01:07.478,75 08:56.641,1700, ,1657, ,0, ,N, ,0, , , , , , , , , ,2,1,0,0,0,0,1,0,0,0,0,2,2,0,0,0,0,0,0,0,0,1,0,0,0,0,0,0,0,0,0,0,0,0,0,4,0,40.0187,-75.1491, , 
25120,308584,2015049126,6,67,67301,2015,4,7,1800,18,1,1,0,4,1, , ,N,1,2,0,3,0,0,2,2,N,N,39 56:54.283,75 10:34.471,1900, ,1823, ,0, , , ,3, , , , , , , , , ,2,2,0,0,0,0,0,0,0,0,0,0,0,0,0,0,0,0,0,0,0,0,0,0,0,0,0,0,0,0,0,0,0,0,0,0,0,39.9484,-75.1762, , 
25121,308587,2015056414,6,67,67301,2015,5,5,1502,15,1,1,0,1,1, , ,N,2,2,0,3,0,1,2,2,N, ,39 55:23.732,75 13:14.087,1525, ,1502, ,0, , , ,3, , , , , , , , , ,2,2,0,0,0,0,0,0,0,0,1,0,1,0,0,0,0,0,0,0,1,0,0,1,0,0,0,0,0,0,0,0,0,0,0,3,0,39.9233,-75.2206, , 
25122,308599,2015071471,6,67,67301,2015,6,1,50,0,3,2,1,1,1,1,4,Y,0,0,0,3,0,0,5,2,N,N,39 58:56.048,75 06:01.172,105,45,57,2,1,1,N, ,0,N,N,N,N,N,N,N,N,Y,2,2,0,0,0,0,0,0,0,0,0,0,0,0,0,0,0,0,0,0,0,0,0,0,0,0,0,0,0,0,0,0,0,0,0,0,0,39.9822,-75.1003, , 
25123,308613,2015086230,6,67,67301,2015,8,6,2049,20,3,1,0,4,1, , ,N,1,2,0,3,0,1,4,4,N,N,39 57:36.745,75 11:27.211,2055, ,2051,2,2,6,N, ,3,Y, , , , , , , , ,4,3,0,0,0,0,1,0,0,0,0,1,1,0,0,0,0,0,0,0,1,0,0,0,0,0,0,0,0,0,0,0,0,0,0,4,0,39.9602,-75.1909, , 
25124,308644,2015075673,6,67,67301,2015,7,1,1316,13,1,1,0,4,1, , ,N,1,2,0,3,0,3,3,3,N,N,39 59:43.691,75 10:44.096,1335, ,1330,3,2,5, , ,3,Y, , , , , , , , ,3,1,0,0,2,0,0,0,0,0,0,0,3,3,0,0,0,0,0,0,1,1,0,3,0,0,0,0,0,0,0,0,0,0,0,8,0,39.9955,-75.1789, , 
25125,308656,2015092465,6,67,67301,2015,8,7,1815,18,1,1,0,1,1, , ,N,1,3,0,3,0,1,2,2,N,N,39 55:45.040,75 09:30.207,1820, ,1820, ,0, ,N, ,3, , , , , , , , , ,1,1,0,0,0,0,0,0,1,0,0,1,1,0,0,0,0,0,0,0,0,0,0,1,0,0,0,0,0,0,0,0,0,0,0,4,0,39.9292,-75.1584, , 
25126,308659,2015093549,6,67,67301,2015,8,5,2312,23,3,1,0,7,7, , ,N,10,0,0,3,0,2,2,2,N,N,39 58:06.099,75 07:44.559,2319, ,2313,2,2,1,Y, ,0,Y, , , , , , , , ,2,1,0,0,0,0,1,0,0,0,0,0,2,2,0,0,0,0,0,0,0,0,0,0,0,0,0,0,0,0,0,0,0,0,0,8,0,39.9684,-75.129, , 
25127,308668,2015102059,6,67,67301,2015,9,4,2155,21,1,1,0,1,1, , ,N,6,0,2,3,0,0,2,2,N,N,39 56:55.146,75 11:07.694,2204, ,2156, ,0, ,N, ,0, , , , , , , , , ,2,1,0,0,0,0,1,0,0,0,0,0,0,0,0,0,0,0,0,0,0,0,0,0,0,0,0,0,0,0,0,0,0,0,0,0,0,39.9487,-75.1855, , 
25128,308671,2015103325,6,67,67301,2015,9,4,1916,19,3,1,0,8,1, , ,N,0,0,0,3,0,1,2,2,N,Y,40 06:06.199,74 58:21.442,1920, ,1917, ,0, ,N, ,0, , , , , , , , , ,1,1,0,0,0,0,0,0,1,0,0,0,1,1,0,0,0,0,0,0,1,0,0,0,0,0,0,0,0,0,0,0,0,0,0,8,0,40.1017,-74.9726, , 
25129,308701,2015074577,6,67,67301,2015,6,4,719,7,1,1,0,1,1, , ,N,0,0,0,3,0,1,3,3,N,N,39 53:33.372,75 13:23.169,734, ,720,3,2,3,N, ,0,Y, , , , , , , , ,3,1,0,0,0,1,1,0,0,1,0,0,1,0,0,0,0,0,0,0,1,0,0,0,0,0,0,1,0,0,0,0,0,0,0,2,1,39.8926,-75.2231, , 
25130,308708,2015083352,6,67,67301,2015,7,3,1934,19,1,1,0,8,1, , ,N,1,2,0,3,0,1,2,2,N, ,39 57:24.200,75 13:24.793,1935, ,1935, ,0, , , ,3, , , , , , , , , ,1,0,0,0,0,0,1,0,0,0,0,1,1,0,0,0,0,0,0,0,0,0,0,0,0,0,0,0,0,0,0,0,1,0,0,4,0,39.9567,-75.2235, , 
25131,308712,2015089610,6,67,67301,2015,8,3,535,5,5,2,1,4,1, , ,N,1,2,0,3,0,1,3,2,N,N,40 03:06.246,75 07:37.696,547, ,540, ,0, ,N, ,3, , , , , , , , , ,2,1,0,0,0,0,1,0,0,0,0,1,1,0,0,0,0,0,1,0,0,0,0,0,0,0,0,0,0,0,0,0,0,0,0,4,0,40.0517,-75.1271, , 
25132,308717,2015092449,6,67,67301,2015,8,4,1840,18,1,1,0,4,1, , ,N,1,2,0,3,0,1,2,2,N,N,39 58:58.770,75 06:05.073,1850, ,1847, ,0, ,N, ,3, , , , , , , , , ,1,0,0,0,0,0,0,1,1,0,0,0,1,1,0,0,0,0,0,0,0,0,0,0,0,0,0,0,0,0,0,0,0,0,0,8,0,39.983,-75.1014, , 
25133,308720,2015095224,6,67,67301,2015,9,2,1600,16,1,1,0,1,1, , ,N,1,2,0,3,0,2,3,2,N,N,40 01:06.336,75 08:56.889,9999, ,1600, ,0, ,N, ,3, , , , , , , , , ,2,0,0,0,0,0,1,0,0,0,0,0,2,2,0,0,0,0,0,0,0,1,1,0,0,0,0,0,0,0,0,0,0,0,0,8,0,40.0184,-75.1491, , 
25134,308749,2015038982,6,67,67301,2015,3,1,1133,11,1,1,0,4,1, , ,N,1,3,0,3,0,0,3,3,N,N,39 56:27.488,75 10:40.342,1136, ,1135, ,0, ,N, ,3, , , , , , , , , ,3,3,0,0,0,0,0,0,0,0,0,0,0,0,0,0,0,0,0,0,0,0,0,0,0,0,0,0,0,0,0,0,0,0,0,0,0,39.941,-75.1779, , 
25135,308754,2015042803,6,67,67301,2015,4,1,2230,22,3,1,0,5,1, , ,N,0,0,0,3,0,0,7,3,N,N,40 01:55.808,75 11:15.613,2245, ,2239,3,2,6,N, ,0,Y, , , , , , , , ,3,3,0,0,0,0,0,0,0,0,0,0,0,0,1,0,0,0,0,0,0,0,0,0,0,0,0,0,0,0,0,0,0,0,0,9,0,40.0322,-75.1877, , 
25136,308755,2015043269,6,67,67301,2015,3,1,1344,13,1,1,0,5,1, , ,N,0,0,0,3,0,2,6,4,N, ,40 01:45.789,75 06:21.088,1350, ,1344,2,1,2, , ,0,Y, , , , , , , , ,3,3,0,0,0,0,0,0,0,0,1,1,2,0,0,0,0,0,0,0,1,0,0,0,0,0,0,0,0,0,0,0,1,0,0,3,0,40.0294,-75.1059, , 
25137,305979,2015095677,6,67,67301,2015,9,1,2058,20,3,1,0,1,1, , ,N,1,2,0,3,0,1,2,2,N,N,39 56:35.610,75 09:13.269,2105, ,2058, ,0, ,N, ,3, , , , , , , , , ,1,1,0,0,0,0,0,0,1,0,1,0,1,0,0,0,0,0,0,0,0,0,0,0,0,0,0,0,0,0,0,0,0,0,0,3,0,39.9432,-75.1537, , 
25138,305985,2015063523,6,67,67301,2015,5,2,1723,17,1,1,0,8,1, , ,N,1,2,0,3,0,1,2,2,N,N,40 01:59.289,75 10:14.197,1735, ,1730, ,0, ,N, ,3, , , , , , , , , ,1,1,0,0,0,0,0,0,0,0,0,1,1,0,0,0,0,0,0,0,1,0,0,1,0,0,0,0,0,0,0,0,1,0,0,4,0,40.0331,-75.1706, , 
25139,306012,2015040888,6,67,67301,2015,3,7,2300,23,3,1,0,4,1, , ,N,1,2,0,3,0,1,3,3,N,N,40 01:40.946,75 06:36.204,2308, ,2304,2,1,2,N, ,3,Y, , , , , , , , ,3,1,0,0,0,0,2,0,0,0,0,1,1,0,0,0,0,0,0,0,2,0,0,0,0,0,0,0,0,0,0,0,0,0,0,4,0,40.028,-75.1101, , 
25140,306046,2015031074,6,67,67301,2015,3,1,1410,14,1,3,4,7,4, , ,N,1,2,0,3,0,0,1,1,N,N,40 03:05.090,75 09:48.178,1636, ,1410, ,0, ,N, ,3, , , , , , , , , ,1,1,0,0,0,0,0,0,0,0,0,0,0,0,0,0,0,0,0,0,0,0,0,0,0,0,0,0,0,0,0,0,0,0,0,0,0,40.0514,-75.1634, , 
25141,306075,2015072966,6,67,67301,2015,7,2,745,7,1,1,0,7,4, , ,N,0,0,0,3,0,0,1,1,N,N,39 53:55.682,75 10:22.322,807, ,750, ,0, ,N, ,0, , , , , , , , , ,1,1,0,0,0,0,0,0,0,0,0,0,0,0,0,0,0,0,0,1,0,0,0,0,0,0,0,0,0,0,0,0,0,0,0,0,0,39.8988,-75.1729, , 
25142,306117,2015053896,6,67,67301,2015,5,2,1925,19,1,1,0,4,1, , ,N,1,2,0,3,0,2,2,3,N,N,39 58:58.242,75 08:31.963,1932, ,1930, ,0, ,N, ,3, , , , , , , , , ,3,1,0,0,0,0,2,0,0,0,0,0,2,2,0,0,0,0,0,0,0,0,0,0,0,0,0,0,0,0,0,0,0,0,0,8,0,39.9828,-75.1422, , 
25143,306118,2015054408,6,67,67301,2015,5,3,1458,14,1,1,0,1,1, , ,N,0,0,0,3,0,1,2,2,N,N,39 57:36.802,75 13:34.900,1508, ,1508, ,0, ,N, ,0, , , , , , , , , ,2,1,0,0,0,0,0,1,0,0,0,0,1,1,0,0,0,0,0,0,2,0,0,0,0,0,0,0,0,0,0,0,0,0,0,8,0,39.9602,-75.2264, , 
25144,306121,2015056470,6,67,67301,2015,5,6,640,6,1,1,0,1,1, , ,N,0,0,0,3,0,6,9,4,N,N,40 00:37.153,75 11:07.619,650, ,645, ,0, ,N, ,0, , , , , , , , , ,4,2,0,0,0,1,1,0,0,0,0,6,6,0,0,0,0,0,0,0,2,0,0,0,0,0,0,0,0,0,0,0,0,0,0,4,1,40.0103,-75.1854, , 
25145,306130,2015047571,6,67,67301,2015,4,4,1840,18,1,1,0,4,1, , ,N,1,2,0,3,0,1,4,2,N, ,40 03:51.370,75 03:13.310,1848, ,1846, ,0, , , ,3, , , , , , , , , ,2,0,0,0,1,0,1,0,0,0,0,1,1,0,0,0,0,0,0,0,0,0,0,0,0,0,0,0,0,0,0,0,0,0,0,4,0,40.0643,-75.0537, , 
25146,306132,2015049020,6,67,67301,2015,4,7,1400,14,1,1,0,0,1, , ,N,0,0,0,3,0,1,1,1,N,N,39 58:51.657,75 13:46.016,1402, ,1400, ,0, , , ,0, , , , , , , , , ,1,0,1,0,0,0,0,0,0,0,1,0,1,0,0,0,0,0,0,0,0,0,0,0,0,0,0,0,0,0,0,0,0,0,0,3,0,39.981,-75.2294, , 
25147,306135,2015022400,6,67,67301,2015,1,5,805,8,1,1,0,6,1, , ,N,1,2,0,3,0,2,2,2,N, ,39 58:20.544,75 09:59.380,825, ,815,2,2,5, , ,3,Y, , , , , , , , ,2,0,0,0,0,1,1,0,0,0,0,2,2,0,0,0,0,0,0,0,0,0,1,0,0,0,0,0,0,0,0,0,0,0,0,4,1,39.9724,-75.1665, , 
25148,306163,2015056522,6,67,67301,2015,5,5,1909,19,1,1,0,1,6, , ,N,0,0,0,3,0,1,1,3,N,N,39 59:42.759,75 07:54.829,1909, ,1909,9,2,2,N, ,0,Y, , , , , , , , ,3,2,0,0,0,0,0,0,0,0,0,0,1,1,0,0,0,0,0,0,0,0,0,1,0,0,0,0,0,0,0,0,0,0,0,8,0,39.9952,-75.1319, , 
25149,306164,2015056546,6,67,67301,2015,5,2,2014,20,1,2,1,4,1, , ,N,1,2,0,3,0,2,2,2,N,N,40 00:49.835,75 03:21.481,2020, ,2017,9,2,2, , ,3,Y, , , , , , , , ,2,1,0,0,0,0,1,0,0,0,2,0,2,0,0,0,0,0,0,0,0,0,0,0,0,0,0,0,0,0,0,0,0,0,0,3,0,40.0138,-75.056, , 
25150,306228,2015073506,6,67,67301,2015,6,3,1344,13,1,1,0,5,1, , ,N,0,0,0,3,0,1,3,3,N,N,39 56:58.816,75 08:28.902,1355, ,1345,2,1,1,Y, ,0,N, , , , , , , , ,3,1,0,0,1,0,0,1,0,0,0,0,1,1,1,0,0,0,0,0,1,0,0,0,0,0,0,0,0,0,0,0,0,0,0,8,0,39.9497,-75.1414, , 
25151,306233,2015061740,6,67,67301,2015,5,1,1705,17,1,1,0,4,1, , ,N,1,2,0,3,0,4,5,2,N, ,39 59:27.769,75 10:06.848,1715, ,1705, ,0, , , ,3, , , , , , , , , ,2,2,0,0,0,0,0,0,0,0,4,0,4,0,0,0,0,0,0,0,1,0,0,1,0,0,0,0,0,0,0,0,0,0,0,3,0,39.991,-75.1686, , 
25152,306239,2015067935,6,67,67301,2015,6,2,620,6,1,1,0,6,1, , ,N,0,0,0,3,0,2,2,2,N,N,40 04:49.993,75 13:23.668,630, ,621,3,2,6, , ,0,N, , , , , , , , ,2,1,0,0,0,0,1,0,0,0,1,0,2,1,0,0,0,0,0,0,1,0,0,0,0,0,0,0,0,0,0,0,0,0,0,3,0,40.0806,-75.2232, , 
25153,306244,2015069676,6,67,67301,2015,6,5,2150,21,3,1,0,1,1, , ,N,1,2,0,3,0,2,2,2,N, ,39 54:48.261,75 13:37.916,2215, ,2200, ,0, , , ,3, , , , , , , , , ,2,2,0,0,0,0,0,0,0,0,1,1,2,0,0,0,0,0,0,0,0,0,0,0,0,0,0,0,0,0,0,0,0,0,0,3,0,39.9134,-75.2272, , 