objectid_1,objectid,crn,district,county,municipality,crash_year,crash_month,day_of_week,time_of_day,hour_of_day,illumination,weather,road_condition,collision_type,relation_to_road,work_zone_type,work_zone_loc,work_zone_ind,intersect_type,tcd_type,location_type,urban_rural,fatal_count,injury_count,person_count,total_units,sch_bus_ind,sch_zone_ind,latitude,longitude,arrival_tm,cons_zone_spd_lim,dispatch_tm,est_hrs_closed,lane_closed,ln_close_dir,ntfy_hiwy_maint,spec_juris_cd,tcd_func_cd,tfc_detour_ind,workers_pres,wz_close_detour,wz_flagger,wz_law_offcr_ind,wz_ln_closure,wz_moving,wz_other,wz_shlder_mdn,vehicle_count,automobile_count,motorcycle_count,bus_count,small_truck_count,heavy_truck_count,suv_count,van_count,bicycle_count,maj_inj_count,mod_inj_count,min_inj_count,tot_inj_count,unk_inj_deg_count,unk_inj_per_count,driver_count_16yr,driver_count_17yr,driver_count_18yr,driver_count_19yr,driver_count_20yr,driver_count_50_64yr,driver_count_65_74yr,driver_count_75plus,unbelted_occ_count,unb_death_count,unb_maj_inj_count,belted_death_count,belted_maj_inj_count,mcycle_death_count,mcycle_maj_inj_count,bicycle_death_count,bicycle_maj_inj_count,ped_count,ped_death_count,ped_maj_inj_count,max_severity_level,comm_veh_count,dec_lat,dec_long,rdwy_surf_type_cd,county_name
25154,306257,2015083432,6,67,67301,2015,8,7,1350,13,1,1,0,4,1, , ,N,1,3,0,3,0,0,3,2,N,N,39 57:24.976,75 11:38.428,1430, ,1424, ,0, , , ,3, , , , , , , , , ,2,1,0,0,0,0,1,0,0,0,0,0,0,0,0,0,0,0,0,0,0,0,0,0,0,0,0,0,0,0,0,0,0,0,0,0,0,39.9569,-75.194, , 
25155,299275,2015051451,6,67,67301,2015,5,7,1917,19,1,1,0,8,1, , ,N,0,0,0,3,0,1,2,2,N,N,39 56:38.456,75 13:53.094,1920, ,1919, ,0, ,N, ,0, , , , , , , , , ,1,1,0,0,0,0,0,0,0,0,0,1,1,0,0,0,0,0,0,0,0,0,0,0,0,0,0,0,0,0,0,0,1,0,0,4,0,39.944,-75.2314, , 
25156,299277,2015052405,6,67,67301,2015,5,1,130,1,3,1,0,7,4, , ,N,0,0,0,3,0,1,2,1,N,N,39 59:46.560,75 11:48.784,130, ,130,2,2,4,N, ,0,N, , , , , , , , ,1,0,0,0,0,0,1,0,0,0,0,1,1,0,0,0,0,0,0,0,0,0,0,1,0,0,0,0,0,0,0,0,0,0,0,4,0,39.9963,-75.1969, , 
25157,299318,2015047540,6,67,67301,2015,4,2,650,6,1,1,0,4,1, , ,N,1,2,0,3,0,0,2,2,N,N,40 08:03.425,75 00:32.780,730, ,712,1,1,1,N, ,3,N, , , , , , , , ,2,1,0,0,1,0,0,0,0,0,0,0,0,0,0,0,0,0,0,0,0,1,0,0,0,0,0,0,0,0,0,0,0,0,0,0,0,40.1343,-75.0091, , 
25158,299334,2015009170,6,67,67301,2015,1,1,838,8,1,2,5,7,3, , ,N,0,0,0,3,0,1,1,1,N,N,40 00:07.958,75 04:42.338,838, ,838,3,2,1,N, ,0,N, , , , , , , , ,1,0,0,0,0,0,1,0,0,0,0,0,1,1,0,0,0,1,0,0,0,0,0,0,0,0,0,0,0,0,0,0,0,0,0,8,0,40.0022,-75.0784, , 
25159,299338,2015012097,6,67,67301,2015,1,2,1440,14,1,1,0,1,1, , ,N,0,0,0,3,0,1,3,3,N,N,39 57:28.588,75 09:44.546,1440, ,1440, ,0, ,N, ,0, , , , , , , , , ,3,2,0,0,1,0,0,0,0,0,0,1,1,0,0,0,0,0,0,0,0,0,0,0,0,0,0,0,0,0,0,0,0,0,0,4,0,39.9579,-75.1624, , 
25160,299348,2015021928,6,67,67301,2015,2,3,1623,16,1,1,0,4,1, , ,N,2,3,2,3,0,0,8,2,N, ,40 02:58.344,75 00:04.251,1628, ,1628, ,0, , , ,3, , , , , , , , , ,2,1,0,0,0,0,0,1,0,0,0,0,0,0,0,0,0,0,0,1,0,0,0,0,0,0,0,0,0,0,0,0,0,0,0,0,0,40.0495,-75.0012, , 
25161,299349,2015021966,6,67,67301,2015,2,1,9999,99,3,1,0,4,1, , ,N,1,2,0,3,0,1,3,2,N, ,40 00:35.396,75 10:00.737,1813, ,1808, ,0, , , ,3, , , , , , , , , ,2,1,0,0,0,0,0,1,0,0,0,0,1,1,0,0,0,0,0,0,1,0,0,0,0,0,0,0,0,0,0,0,0,0,0,8,0,40.0098,-75.1669, , 
25162,299355,2015025073,6,67,67301,2015,2,4,1757,17,4,1,0,4,1, , ,N,1,2,0,3,0,1,2,2,N, ,39 58:52.935,75 08:33.241,1800, ,1757, ,0, , , ,3, , , , , , , , , ,2,2,0,0,0,0,0,0,0,0,0,0,1,1,0,0,0,0,0,0,0,0,0,0,0,0,0,0,0,0,0,0,0,0,0,8,0,39.9814,-75.1426, , 
25163,299405,2015038655,6,67,67301,2015,3,3,1015,10,1,1,0,4,1, , ,N,1,2,0,3,0,1,3,3,N,N,39 58:25.587,75 13:10.766,1327, ,1317, ,0, , , ,3, , , , , , , , , ,3,2,0,0,1,0,0,0,0,0,0,1,1,0,0,0,0,0,0,0,0,0,0,0,0,0,0,0,0,0,0,0,0,0,0,4,0,39.9737,-75.2195, , 
25164,299410,2015043223,6,67,67301,2015,4,5,1730,17,1,1,0,4,1, , ,N,1,2,0,3,0,0,2,2,N,N,39 58:22.710,75 14:16.803,1750, ,1745, ,0, ,N, ,3, , , , , , , , , ,2,2,0,0,0,0,0,0,0,0,0,0,0,0,0,0,0,0,0,0,1,0,0,0,0,0,0,0,0,0,0,0,0,0,0,0,0,39.973,-75.238, , 
25165,299443,2015025092,6,67,67301,2015,2,5,1200,12,1,1,0,5,6, , ,N,0,0,0,3,0,1,1,2,N, ,40 00:18.423,75 08:42.150,1300, ,1200, ,0, , , ,0, , , , , , , , , ,2,1,0,0,0,0,1,0,0,0,1,0,1,0,0,0,0,0,0,0,0,0,0,0,0,0,0,0,0,0,0,0,0,0,0,3,0,40.0051,-75.145, , 
25166,299505,2015033723,6,67,67301,2015,3,6,1207,12,1,1,1,8,1, , ,N,1,2,0,3,0,1,2,2,N,N,39 57:01.379,75 08:50.098,1211, ,1208, ,0, ,N, ,3, , , , , , , , , ,1,1,0,0,0,0,0,0,0,0,0,1,1,0,0,0,0,0,0,0,0,0,0,0,0,0,0,0,0,0,0,0,1,0,0,4,0,39.9503,-75.1468, , 
25167,299521,2015051521,6,67,67301,2015,5,6,1457,14,1,1,0,8,1, , ,N,2,3,0,3,0,1,3,3,N, ,40 02:14.305,75 09:38.793,1500, ,1457, ,0, , , ,3, , , , , , , , , ,2,1,0,0,0,0,0,1,0,0,0,1,1,0,0,0,0,0,0,0,0,0,0,0,0,0,0,0,0,0,0,0,1,0,0,4,0,40.0373,-75.1608, , 
25168,299542,2015031063,6,67,67301,2015,2,6,2234,22,3,1,0,7,3, , ,N,0,0,6,3,0,1,1,1,N,N,40 04:11.405,75 00:30.971,2239, ,2236,9,2,4,N, ,0,Y, , , , , , , , ,1,1,0,0,0,0,0,0,0,0,0,0,1,1,0,0,0,0,0,0,1,0,0,0,0,0,0,0,0,0,0,0,0,0,0,8,0,40.0698,-75.0086, , 
25169,299544,2015036593,6,67,67301,2015,3,7,1610,16,1,8,1,8,1, , ,N,1,2,0,3,0,1,2,2,N,N,40 01:16.921,75 08:54.965,1617, ,1612, ,0, ,N, ,3, , , , , , , , , ,1,1,0,0,0,0,0,0,0,0,0,0,1,1,0,0,0,0,0,0,0,0,0,1,0,0,0,0,0,0,0,0,1,0,0,8,0,40.0214,-75.1485, , 
25170,299555,2015053961,6,67,67301,2015,5,1,1805,18,4,1,0,8,1, , ,N,0,0,0,3,0,1,2,2,N, ,40 03:20.538,75 07:47.366,2000, ,2000, ,0, , , ,0, , , , , , , , , ,1,0,0,0,0,0,1,0,0,0,0,1,1,0,0,0,0,0,0,0,1,0,0,0,0,0,0,0,0,0,0,0,1,0,0,4,0,40.0557,-75.1298, , 
25171,299592,2015025023,6,67,67301,2015,2,1,1345,13,1,1,0,8,1, , ,N,2,0,0,3,0,1,2,2,N, ,40 02:27.721,75 05:17.442,1351, ,1347, ,0, , , ,0, , , , , , , , , ,1,1,0,0,0,0,0,0,0,0,0,0,1,1,0,0,0,0,0,0,0,0,0,0,0,0,0,0,0,0,0,0,1,0,0,8,0,40.041,-75.0882, , 
25172,299595,2015028878,6,67,67301,2015,2,7,115,1,3,1,0,1,1, , ,N,0,0,0,3,0,0,2,2,N,N,40 00:13.277,75 08:23.927,120, ,118, ,0, , , ,0, , , , , , , , , ,2,1,0,0,0,0,1,0,0,0,0,0,0,0,0,0,0,0,0,0,0,0,0,0,0,0,0,0,0,0,0,0,0,0,0,0,0,40.0037,-75.14, , 
25173,299598,2015035175,6,67,67301,2015,3,2,20,0,3,1,0,4,5, , ,N,1,0,0,3,0,0,1,3,N,N,40 07:53.956,75 00:43.926,32, ,24, ,0, ,N, ,0, , , , , , , , , ,3,2,0,0,0,0,1,0,0,0,0,0,0,0,0,0,0,0,0,0,0,0,0,0,0,0,0,0,0,0,0,0,0,0,0,0,0,40.1317,-75.0122, , 
25174,302693,2015049194,6,67,67301,2015,4,5,1050,10,1,1,0,4,1, , ,N,1,2,0,3,0,1,2,2,N,N,39 56:09.409,75 09:24.814,1200, ,1051, ,0, ,N, ,3, , , , , , , , , ,1,0,0,0,0,1,0,0,1,0,0,1,1,0,0,0,0,0,0,0,0,0,0,0,0,0,0,0,0,0,0,0,0,0,0,4,1,39.9359,-75.1569, , 
25175,302716,2015073246,6,67,67301,2015,7,5,1004,10,1,1,0,8,6, , ,N,0,0,0,3,0,1,2,2,N,N,39 57:27.909,75 12:23.771,1027, ,1006, ,0, ,N, ,0, , , , , , , , , ,1,0,0,0,0,0,0,1,0,0,0,0,1,1,0,0,0,0,0,0,1,0,0,0,0,0,0,0,0,0,0,0,1,0,0,8,0,39.9578,-75.2066, , 
25176,302732,2015084392,6,67,67301,2015,7,6,1344,13,1,1,0,4,1, , ,N,1,2,0,3,0,1,2,2,N,N,40 05:12.685,74 58:19.097,1356, ,1344, ,0, , , ,3, , , , , , , , , ,2,1,0,0,0,0,0,1,0,0,0,1,1,0,1,0,0,0,0,0,1,0,0,0,0,0,0,0,0,0,0,0,0,0,0,4,0,40.0868,-74.9718, , 
25177,302741,2015095740,6,67,67301,2015,9,4,1720,17,4,1,0,4,1, , ,N,2,2,0,3,0,1,2,2,N, ,40 02:13.022,75 08:42.708,2020, ,2015, ,0, , , ,3, , , , , , , , , ,2,2,0,0,0,0,0,0,0,0,0,0,1,1,0,0,0,0,0,0,0,0,0,0,0,0,0,0,0,0,0,0,0,0,0,8,0,40.0369,-75.1451, , 
25178,302746,2015098984,6,67,67301,2015,9,7,1800,18,4,1,0,6,6, , ,N,0,0,0,3,0,0,1,3,N,N,40 06:15.217,75 02:05.322,1815, ,1806, ,0, ,N, ,0, , , , , , , , , ,3,3,0,0,0,0,0,0,0,0,0,0,0,0,1,0,0,0,0,0,0,0,0,0,0,0,0,0,0,0,0,0,0,0,0,9,0,40.1042,-75.0348, , 
25179,302753,2015054014,6,67,67301,2015,5,4,1600,16,1,1,0,4,1, , ,N,3,0,0,3,0,1,3,3,N, ,39 59:38.948,75 13:04.814,1612, ,1607,1,1,2, , ,0,Y, , , , , , , , ,3,1,0,0,0,0,0,1,0,0,0,1,1,0,0,0,0,0,0,0,0,0,0,1,0,0,0,0,0,0,0,0,0,0,0,4,0,39.9942,-75.2179, , 
25180,302758,2015012375,6,67,67301,2015,1,2,1745,17,3,2,1,4,1, , ,N,1,2,0,3,0,1,2,2,N, ,39 59:27.769,75 10:06.848,1755, ,1750, ,0, ,N, ,3, , , , , , , , , ,2,1,0,0,0,0,1,0,0,0,0,0,1,1,0,0,0,0,0,0,1,0,0,0,0,0,0,0,0,0,0,0,0,0,0,8,0,39.991,-75.1686, , 
25181,302765,2015019971,6,67,67301,2015,2,6,2324,23,3,1,0,7,5, , ,N,0,0,0,3,0,0,1,1,N,N,39 59:47.596,75 11:48.801,2335, ,2330,2,2,3,N, ,0,N, , , , , , , , ,1,1,0,0,0,0,0,0,0,0,0,0,0,0,0,0,0,0,0,0,0,0,0,0,0,0,0,0,0,0,0,0,0,0,0,0,0,39.9966,-75.1969, , 
25182,302860,2015067416,6,67,67301,2015,5,7,735,7,1,1,0,4,1, , ,N,0,0,7,3,0,1,2,2,N, ,40 00:34.922,75 11:45.629,742, ,740, ,0, , , ,0, , , , , , , , , ,2,1,0,0,0,0,1,0,0,0,0,0,1,1,0,0,0,0,0,0,0,0,0,0,0,0,0,0,0,0,0,0,0,0,0,8,0,40.0097,-75.196, , 
25183,302877,2015080658,6,67,67301,2015,6,2,1700,17,1,1,0,4,5, , ,N,1,2,0,3,0,1,1,2,N, ,39 56:54.996,75 10:40.173,1710, ,1700, ,0, , , ,3, , , , , , , , , ,2,1,1,0,0,0,0,0,0,1,0,0,1,0,0,0,0,0,0,0,1,0,0,0,0,0,0,0,0,0,0,0,0,0,0,2,0,39.9486,-75.1778, , 
25184,302904,2015067413,6,67,67301,2015,4,4,1840,18,1,1,0,4,1, , ,N,1,0,0,3,0,1,2,2,N, ,39 55:31.357,75 13:37.372,1850, ,1846, ,0, , , ,0, , , , , , , , , ,1,1,0,0,0,0,0,0,1,0,1,0,1,0,0,0,0,0,0,0,0,0,0,0,0,0,0,0,0,0,0,0,0,0,0,3,0,39.9254,-75.227, , 
25185,302927,2015092911,6,67,67301,2015,8,4,1007,10,1,1,0,4,1, , ,N,1,3,0,3,0,0,2,2,N,N,40 01:34.125,75 13:10.977,1026, ,1007, ,0, ,N, ,3, , , , , , , , , ,2,2,0,0,0,0,0,0,0,0,0,0,0,0,0,0,0,0,0,0,0,0,0,2,0,0,0,0,0,0,0,0,0,0,0,0,0,40.0261,-75.2197, , 
25186,302932,2015096339,6,67,67301,2015,9,5,756,7,1,2,1,5,1, , ,N,3,0,0,3,0,0,3,2,N,N,39 57:53.288,75 11:06.505,822, ,800, ,0, ,N, ,0, , , , , , , , , ,2,1,0,0,0,1,0,0,0,0,0,0,0,0,0,0,0,0,0,0,0,0,0,0,0,0,0,0,0,0,0,0,0,0,0,0,1,39.9659,-75.1864, , 
25187,302956,2015021509,6,67,67301,2015,1,7,2358,23,3,1,0,4,1, , ,N,7,0,2,3,0,0,5,2,N,N,39 58:06.137,75 07:46.529,10, ,1, ,0, ,N, ,0, , , , , , , , , ,2,2,0,0,0,0,0,0,0,0,0,0,0,0,0,0,0,0,0,0,0,0,0,0,0,0,0,0,0,0,0,0,0,0,0,0,0,39.9684,-75.1296, , 
25188,302957,2015021919,6,67,67301,2015,2,2,1449,14,1,8,6,1,6, , ,N,0,0,0,3,0,0,2,2,N,N,40 06:59.803,75 00:41.688,1530, ,1522, ,0, ,N, ,0, , , , , , , , , ,2,2,0,0,0,0,0,0,0,0,0,0,0,0,0,0,0,0,0,0,0,0,0,0,0,0,0,0,0,0,0,0,0,0,0,0,0,40.1166,-75.0116, , 
25189,302959,2015023657,6,67,67301,2015,2,7,1215,12,1,1,0,4,1, , ,N,1,2,0,3,0,0,2,2,N, ,40 02:44.703,75 04:05.879,1216, ,1216, ,0, , , ,3, , , , , , , , , ,2,1,0,0,0,0,1,0,0,0,0,0,0,0,0,0,0,0,0,0,1,0,0,0,0,0,0,0,0,0,0,0,0,0,0,0,0,40.0458,-75.0683, , 
25190,302963,2015025021,6,67,67301,2015,2,4,545,5,5,1,0,8,1, , ,N,2,2,0,3,0,1,2,2,N,N,39 54:14.223,75 09:44.157,630, ,550, ,0, ,N, ,3, , , , , , , , , ,1,1,0,0,0,0,0,0,0,0,0,1,1,0,1,0,0,0,0,0,0,0,0,0,0,0,0,0,0,0,0,0,1,0,0,4,0,39.904,-75.1623, , 
25191,302970,2015029990,6,67,67301,2015,2,6,1730,17,3,1,1,4,1, , ,N,1,3,0,3,0,0,4,2,N,N,40 03:57.202,75 10:35.464,1745, ,1730, ,0, ,N, ,3, , , , , , , , , ,2,1,0,0,0,0,1,0,0,0,0,0,0,0,0,0,0,0,0,0,0,0,0,0,0,0,0,0,0,0,0,0,0,0,0,0,0,40.0659,-75.1765, , 
25192,302977,2015036663,6,67,67301,2015,3,3,1930,19,4,1,0,8,1, , ,N,1,2,0,3,0,1,2,2,N,N,40 02:35.289,75 10:02.002,1548, ,1543, ,0, ,N, ,3, , , , , , , , , ,1,0,0,0,0,0,1,0,0,0,0,1,1,0,1,0,0,0,0,0,0,0,0,0,0,0,0,0,0,0,0,0,1,0,0,4,0,40.0431,-75.1672, , 
25193,308759,2015047557,6,67,67301,2015,4,6,850,8,1,2,1,4,1, , ,N,1,2,0,3,0,3,3,2,N,N,39 58:49.315,75 10:15.272,904, ,856, ,0, ,N, ,3, , , , , , , , , ,2,1,0,0,0,0,1,0,0,0,0,0,3,3,0,0,0,0,0,0,0,0,0,0,0,0,0,0,0,0,0,0,0,0,0,8,0,39.9804,-75.1709, , 
25194,308772,2015068025,6,67,67301,2015,6,2,1130,11,1,1,0,1,1, , ,N,7,4,2,3,0,1,2,2,N,N,40 00:12.647,75 04:38.645,1215, ,1210, ,0, ,N, ,3, , , , , , , , , ,2,2,0,0,0,0,0,0,0,0,0,1,1,0,0,0,0,0,0,0,0,0,0,0,0,0,0,0,0,0,0,0,0,0,0,4,0,40.0035,-75.0774, , 
25195,308792,2015025162,6,67,67301,2015,2,4,259,2,3,1,0,4,1, , ,N,1,2,0,3,0,1,2,2,N,N,40 02:07.511,75 04:10.636,304, ,300,2,1,2,N, ,3,Y, , , , , , , , ,2,1,0,0,0,0,1,0,0,0,0,1,1,0,0,0,0,0,0,0,0,0,0,0,0,0,0,0,0,0,0,0,0,0,0,4,0,40.0354,-75.0696, , 
25196,308808,2015049054,6,67,67301,2015,4,4,1121,11,1,1,0,7,3, , ,N,0,0,0,3,0,1,1,1,N,N,40 04:44.256,74 57:54.527,1130, ,1122, ,0, ,N, ,0, , , , , , , , , ,1,0,0,0,0,0,1,0,0,0,0,1,1,0,0,0,0,0,0,0,0,0,0,1,0,0,0,0,0,0,0,0,0,0,0,4,0,40.079,-74.9651, , 
25197,308809,2015049065,6,67,67301,2015,4,6,2100,21,3,1,1,8,1, , ,N,0,0,0,3,0,1,2,2,N,N,40 01:01.341,75 05:00.551,2109, ,2105, ,0, ,N, ,0, , , , , , , , , ,1,0,0,0,0,0,1,0,0,0,1,0,1,0,0,0,0,0,0,0,0,0,0,0,0,0,0,0,0,0,0,0,1,0,0,3,0,40.017,-75.0835, , 
25198,308813,2015053972,6,67,67301,2015,5,6,405,4,3,1,0,4,1, , ,N,1,2,0,3,0,1,2,2,N,N,39 57:38.428,75 08:28.873,410, ,408,2,2,2,N, ,3,Y, , , , , , , , ,2,1,1,0,0,0,0,0,0,0,1,0,1,0,0,0,0,0,0,0,0,0,0,1,0,0,0,0,0,0,0,0,0,0,0,3,0,39.9606,-75.1414, , 
25199,308814,2015053977,6,67,67301,2015,5,6,2155,21,4,1,0,1,1, , ,N,1,2,0,3,0,4,5,2,N, ,39 58:42.846,75 12:49.036,2230, ,2159, ,0, , , ,3, , , , , , , , , ,2,0,0,0,0,0,1,1,0,0,1,3,4,0,1,0,0,0,0,0,0,0,0,0,0,0,0,0,0,0,0,0,0,0,0,3,0,39.9786,-75.2136, , 
25200,308834,2015056642,6,67,67301,2015,5,3,1626,16,1,1,0,7,7, , ,N,7,0,2,3,0,1,1,1,N,N,39 54:39.103,75 08:56.529,1646, ,1631, ,0, ,N, ,0, , , , , , , , , ,1,1,0,0,0,0,0,0,0,0,1,0,1,0,0,0,0,0,0,0,0,0,1,0,0,0,0,0,0,0,0,0,0,0,0,3,0,39.9109,-75.149, , 
25201,308835,2015056966,6,67,67301,2015,5,3,920,9,1,1,0,4,1, , ,N,1,3,0,3,0,1,2,2,N,N,39 55:51.355,75 09:43.750,932, ,924, ,0, ,N, ,3, , , , , , , , , ,1,1,0,0,0,0,0,0,1,0,0,1,1,0,0,0,0,0,0,0,0,0,0,0,0,0,0,0,0,0,0,0,0,0,0,4,0,39.9309,-75.1622, , 
25202,308854,2015073228,6,67,67301,2015,6,3,1236,12,1,1,0,4,1, , ,N,1,2,0,3,0,1,2,2,N,N,39 56:03.465,75 09:02.912,1240, ,1239, ,0, ,N, ,3, , , , , , , , , ,2,1,0,0,0,0,1,0,0,0,0,1,1,0,0,0,0,0,0,0,1,0,0,0,0,0,0,0,0,0,0,0,0,0,0,4,0,39.9343,-75.1508, , 
25203,308855,2015073742,6,67,67301,2015,6,5,1405,14,1,1,0,1,1, , ,N,2,2,0,3,0,1,4,2,N,N,39 54:09.565,75 09:08.096,1450, ,1443, ,0, ,N, ,3, , , , , , , , , ,2,0,0,0,0,0,1,1,0,0,0,1,1,0,0,0,0,0,0,0,1,0,1,0,0,0,0,0,0,0,0,0,0,0,0,4,0,39.9027,-75.1522, , 
25204,308859,2015075767,6,67,67301,2015,7,6,1659,16,1,1,0,8,1, , ,N,0,0,0,3,0,1,2,2,N, ,39 59:10.243,75 10:38.437,1703, ,1650, ,0, , , ,0, , , , , , , , , ,1,1,0,0,0,0,0,0,0,0,1,0,1,0,0,0,0,0,0,0,0,0,0,0,0,0,0,0,0,0,0,0,1,0,0,3,0,39.9862,-75.1773, , 
25205,308895,2015020809,6,67,67301,2015,2,2,2,0,3,4,3,4,6, , ,N,0,0,7,3,0,0,2,2,N,N,40 01:44.472,75 06:56.104,9999, ,17, ,0, ,N, ,0, , , , , , , , , ,2,1,0,0,0,0,1,0,0,0,0,0,0,0,0,0,0,0,0,0,0,0,0,2,0,0,0,0,0,0,0,0,0,0,0,0,0,40.029,-75.1156, , 
25206,308964,2015085252,6,67,67301,2015,8,7,340,3,3,1,0,5,6, , ,N,0,0,0,3,0,0,1,3,N,N,39 59:16.738,75 08:28.230,413, ,410,1,1,1,N, ,0,N, , , , , , , , ,3,1,0,0,0,0,2,0,0,0,0,0,0,0,1,0,0,0,0,0,0,0,0,0,0,0,0,0,0,0,0,0,0,0,0,9,0,39.988,-75.1412, , 
25207,309005,2015049087,6,67,67301,2015,4,3,2002,20,3,1,0,4,1, , ,N,1,3,0,3,0,1,2,2,N,N,40 02:11.605,75 08:13.937,2002, ,2002, ,0, ,N, ,3, , , , , , , , , ,2,2,0,0,0,0,0,0,0,0,0,1,1,0,0,0,0,0,0,0,0,0,0,0,0,0,0,0,0,0,0,0,0,0,0,4,0,40.0366,-75.1372, , 
25208,309006,2015049148,6,67,67301,2015,4,6,1525,15,1,1,0,4,1, , ,N,2,0,7,3,0,0,2,2,N, ,40 03:21.143,75 02:42.980,1645, ,1630, ,0, , , ,0, , , , , , , , , ,2,0,0,0,1,0,1,0,0,0,0,0,0,0,1,0,0,0,0,0,0,0,0,0,0,0,0,0,0,0,0,0,0,0,0,9,0,40.0559,-75.0453, , 
25209,309011,2015056452,6,67,67301,2015,5,2,915,9,1,1,0,1,1, , ,N,1,2,0,3,0,1,3,2,N,N,40 05:07.692,75 02:14.246,920, ,918, ,0, ,N, ,3, , , , , , , , , ,2,1,0,1,0,0,0,0,0,0,0,0,1,1,0,0,0,0,0,0,1,0,0,0,0,0,0,0,0,0,0,0,0,0,0,8,1,40.0854,-75.0374, , 
25210,309016,2015070140,6,67,67301,2015,6,1,46,0,3,1,0,5,6, , ,N,0,0,0,3,0,0,1,5,N, ,39 59:49.480,75 10:00.120,301, ,259, ,0, , , ,0, , , , , , , , , ,5,1,0,0,0,0,4,0,0,0,0,0,0,0,0,0,0,0,0,0,0,0,0,0,0,0,0,0,0,0,0,0,0,0,0,0,0,39.9971,-75.1667, , 
25211,306258,2015084430,6,67,67301,2015,7,6,9999,99,1,1,0,4,1, , ,N,0,0,0,3,0,1,2,2,N,N,39 58:11.822,75 08:36.200,1530, ,1527, ,0, , , ,0, , , , , , , , , ,1,1,0,0,0,0,0,0,1,0,0,1,1,0,0,0,0,0,0,0,0,0,0,0,0,0,0,0,0,0,0,0,0,0,0,4,0,39.97,-75.1434, , 
25212,306260,2015085256,6,67,67301,2015,7,5,800,8,1,1,0,8,1, , ,N,1,2,0,3,0,1,2,2,N, ,39 59:43.404,75 09:10.605,1840, ,1822, ,0, , , ,3, , , , , , , , , ,1,0,0,0,0,1,0,0,0,0,1,0,1,0,0,0,0,0,0,0,0,0,0,0,0,0,0,0,0,0,0,0,1,0,0,3,0,39.9954,-75.1529, , 
25213,306264,2015089600,6,67,67301,2015,8,2,1400,14,1,1,0,8,1, , ,N,1,2,0,3,0,1,2,2,N,N,39 58:49.587,75 09:33.224,1408, ,1403, ,0, ,N, ,2, , , , , , , , , ,1,0,0,0,0,0,1,0,0,0,0,1,1,0,1,0,0,0,0,0,1,0,0,0,0,0,0,0,0,0,0,0,1,0,0,4,0,39.9804,-75.1592, , 
25214,306277,2015053923,6,67,67301,2015,5,2,909,9,1,1,0,4,1, , ,N,0,0,7,3,0,2,3,2,N, ,40 05:48.123,75 01:04.263,920, ,915, ,0, ,N, ,0, , , , , , , , , ,2,2,0,0,0,0,0,0,0,0,2,0,2,0,0,0,0,0,0,0,0,0,0,1,0,0,0,0,0,0,0,0,0,0,0,3,0,40.0967,-75.0179, , 
25215,306314,2015042809,6,67,67301,2015,4,5,1400,14,1,1,0,4,1, , ,N,0,0,0,3,0,2,2,2,N,N,39 52:52.454,75 15:13.072,1632, ,1625, ,0, ,N, ,0, , , , , , , , , ,2,2,0,0,0,0,0,0,0,0,0,0,2,2,0,0,0,0,0,0,1,0,0,0,0,0,0,0,0,0,0,0,0,0,0,8,0,39.8812,-75.2536, , 
25216,306315,2015042844,6,67,67301,2015,4,4,825,8,1,1,0,4,1, , ,N,1,2,0,3,0,1,3,2,N,N,39 58:36.786,75 09:59.317,833, ,832, ,0, ,N, ,3, , , , , , , , , ,2,2,0,0,0,0,0,0,0,0,0,0,1,1,1,0,0,0,0,0,1,0,0,0,0,0,0,0,0,0,0,0,0,0,0,8,0,39.9769,-75.1665, , 
25217,306317,2015047568,6,67,67301,2015,4,5,1523,15,1,1,0,4,1, , ,N,1,3,0,3,0,1,2,2,N,N,39 57:46.318,75 11:50.257,1545, ,1523, ,0, ,N, ,3, , , , , , , , , ,2,1,0,0,0,0,1,0,0,0,0,1,1,0,0,0,0,0,0,0,1,0,0,0,0,0,0,0,0,0,0,0,0,0,0,4,0,39.9629,-75.1973, , 
25218,306342,2015030108,6,67,67301,2015,2,4,1603,16,1,1,0,5,1, , ,N,0,0,0,3,0,1,2,2,N,N,39 57:41.996,75 08:23.064,1622, ,1611,2,1,1,N, ,0,N, , , , , , , , ,2,1,0,0,0,1,0,0,0,0,0,0,1,1,0,0,0,0,0,0,0,0,0,0,0,0,0,0,0,0,0,0,0,0,0,8,1,39.9617,-75.1397, , 
25219,306349,2015035150,6,67,67301,2015,3,2,1030,10,1,1,1,8,1, , ,N,1,2,0,3,0,1,2,2,N,N,39 57:10.728,75 10:06.304,1036, ,1035, ,0, ,N, ,3, , , , , , , , , ,1,1,0,0,0,0,0,0,0,0,0,0,1,1,0,0,0,0,0,0,1,0,0,1,0,0,0,0,0,0,0,0,1,0,0,8,0,39.953,-75.1685, , 
25220,306368,2015049111,6,67,67301,2015,4,3,1245,12,1,1,0,4,1, , ,N,1,3,0,3,0,1,3,2,N,N,39 58:57.885,75 06:40.168,1430, ,1428, ,0, ,N, ,3, , , , , , , , , ,2,2,0,0,0,0,0,0,0,0,0,1,1,0,0,0,0,0,0,1,0,0,0,0,0,0,0,0,0,0,0,0,0,0,0,4,0,39.9827,-75.1112, , 
25221,306413,2015061764,6,67,67301,2015,5,1,1515,15,1,1,0,4,1, , ,N,1,2,0,3,0,4,4,2,N, ,39 59:16.184,75 10:50.095,1626, ,1531, ,0, , , ,3, , , , , , , , , ,2,0,0,0,0,0,2,0,0,0,0,0,4,4,0,0,0,0,0,1,1,0,0,0,0,0,0,0,0,0,0,0,0,0,0,8,0,39.9878,-75.1806, , 