objectid_1,objectid,crn,district,county,municipality,crash_year,crash_month,day_of_week,time_of_day,hour_of_day,illumination,weather,road_condition,collision_type,relation_to_road,work_zone_type,work_zone_loc,work_zone_ind,intersect_type,tcd_type,location_type,urban_rural,fatal_count,injury_count,person_count,total_units,sch_bus_ind,sch_zone_ind,latitude,longitude,arrival_tm,cons_zone_spd_lim,dispatch_tm,est_hrs_closed,lane_closed,ln_close_dir,ntfy_hiwy_maint,spec_juris_cd,tcd_func_cd,tfc_detour_ind,workers_pres,wz_close_detour,wz_flagger,wz_law_offcr_ind,wz_ln_closure,wz_moving,wz_other,wz_shlder_mdn,vehicle_count,automobile_count,motorcycle_count,bus_count,small_truck_count,heavy_truck_count,suv_count,van_count,bicycle_count,maj_inj_count,mod_inj_count,min_inj_count,tot_inj_count,unk_inj_deg_count,unk_inj_per_count,driver_count_16yr,driver_count_17yr,driver_count_18yr,driver_count_19yr,driver_count_20yr,driver_count_50_64yr,driver_count_65_74yr,driver_count_75plus,unbelted_occ_count,unb_death_count,unb_maj_inj_count,belted_death_count,belted_maj_inj_count,mcycle_death_count,mcycle_maj_inj_count,bicycle_death_count,bicycle_maj_inj_count,ped_count,ped_death_count,ped_maj_inj_count,max_severity_level,comm_veh_count,dec_lat,dec_long,rdwy_surf_type_cd,county_name
25424,309510,2015078299,6,67,67301,2015,7,6,1825,18,1,1,0,8,1, , ,N,1,2,0,3,0,1,2,2,N,N,39 57:34.106,75 13:59.495,9999, ,1826, ,0, ,N, ,3, , , , , , , , , ,1,1,0,0,0,0,0,0,0,0,0,1,1,0,1,0,0,0,0,0,0,0,0,0,0,0,0,0,0,0,0,0,1,0,0,4,0,39.9595,-75.2332, , 
25425,309512,2015081058,6,67,67301,2015,7,4,310,3,3,1,0,1,1, , ,N,0,2,0,3,0,0,2,2,N,N,40 03:00.617,75 09:01.604,318, ,315, ,0, ,N, ,3, , , , , , , , , ,2,1,0,0,1,0,0,0,0,0,0,0,0,0,1,0,0,0,0,0,1,0,0,0,0,0,0,0,0,0,0,0,0,0,0,9,0,40.0502,-75.1504, , 
25426,309515,2015083607,6,67,67301,2015,7,2,1911,19,1,1,0,5,1, , ,N,0,0,0,3,0,0,2,2,N,N,40 01:52.597,75 01:16.768,1921, ,1913,2,1,1,N, ,0,N, , , , , , , , ,2,1,0,0,0,1,0,0,0,0,0,0,0,0,0,0,0,0,0,0,0,0,0,0,0,0,0,0,0,0,0,0,0,0,0,0,1,40.0313,-75.0213, , 
25427,309517,2015085297,6,67,67301,2015,8,5,340,3,3,1,0,1,6, , ,N,0,0,0,3,0,0,1,3,N,N,40 00:24.658,75 07:57.562,355, ,343, ,0, , , ,0, , , , , , , , , ,3,2,0,0,1,0,0,0,0,0,0,0,0,0,0,0,0,0,0,0,0,0,0,0,0,0,0,0,0,0,0,0,0,0,0,0,0,40.0068,-75.1327, , 
25428,309520,2015095200,6,67,67301,2015,8,2,1819,18,1,1,0,4,1, , ,N,0,0,0,3,0,1,4,2,N,N,39 57:29.714,75 14:41.902,1830, ,1822, ,0, ,N, ,0, , , , , , , , , ,1,1,0,0,0,0,0,0,1,0,0,1,1,0,0,0,0,0,0,0,0,0,0,0,0,0,0,0,0,0,0,0,0,0,0,4,0,39.9583,-75.245, , 
25429,309530,2015103411,6,67,67301,2015,9,6,1500,15,1,1,0,8,1, , ,N,0,0,0,3,0,1,2,2,N, ,40 00:22.502,75 05:44.343,1650, ,1645, ,0, , , ,0, , , , , , , , , ,1,1,0,0,0,0,0,0,0,0,1,0,1,0,0,0,0,0,0,0,0,0,0,0,0,0,0,0,0,0,0,0,1,0,0,3,0,40.0063,-75.0957, , 
25430,309536,2015115016,6,67,67301,2015,10,4,913,9,1,1,0,1,1, , ,N,1,2,0,3,0,1,2,2,N,N,40 02:06.975,75 07:17.098,923, ,923, ,0, ,N, ,3, , , , , , , , , ,2,1,0,1,0,0,0,0,0,0,0,1,1,0,0,0,0,0,0,0,1,0,0,1,0,0,0,0,0,0,0,0,0,0,0,4,1,40.0353,-75.1214, , 
25431,309547,2015110855,6,67,67301,2015,10,6,1653,16,1,1,0,1,1, , ,N,0,0,0,3,0,2,3,2,N,N,40 02:17.462,75 00:39.214,1715, ,1704, ,0, ,N, ,0, , , , , , , , , ,2,0,0,0,0,0,2,0,0,0,0,2,2,0,0,0,0,0,0,0,0,0,0,0,0,0,0,0,0,0,0,0,0,0,0,4,0,40.0382,-75.0109, , 
25432,306835,2015038633,6,67,67301,2015,3,3,1336,13,1,1,0,1,1, , ,N,5,2,0,3,0,2,3,2,N,N,40 03:18.419,75 09:27.809,1342, ,1338,2,1,5,N, ,3,Y, , , , , , , , ,2,1,0,0,0,0,0,1,0,0,1,1,2,0,0,0,0,0,0,0,0,0,1,0,0,0,0,0,0,0,0,0,0,0,0,3,0,40.0551,-75.1577, , 
25433,306842,2015047614,6,67,67301,2015,4,1,1620,16,1,1,0,4,1, , ,N,1,2,0,3,0,2,2,2,N,N,40 01:48.874,75 08:45.412,1620, ,1620, ,0, ,N, ,3, , , , , , , , , ,2,2,0,0,0,0,0,0,0,0,0,1,2,1,0,0,0,0,0,0,1,0,0,0,0,0,0,0,0,0,0,0,0,0,0,4,0,40.0302,-75.1459, , 
25434,306856,2015075770,6,67,67301,2015,7,4,1810,18,1,1,0,4,1, , ,N,1,2,0,3,0,2,5,2,N,N,40 02:44.278,75 04:17.368,1815, ,1815,2,1,6,N, ,3,Y, , , , , , , , ,2,1,0,0,0,0,0,1,0,0,0,0,2,2,1,0,0,0,0,0,0,0,0,0,0,0,0,0,0,0,0,0,0,0,0,8,0,40.0456,-75.0714, , 
25435,306894,2015111718,6,67,67301,2015,10,5,956,9,1,1,0,1,1, , ,N,3,3,0,3,0,1,2,2,N,N,39 57:20.861,75 09:05.310,1003, ,959,1,1,1, , ,2,N, , , , , , , , ,2,0,0,0,1,0,0,1,0,0,0,1,1,0,0,0,0,0,0,0,1,0,0,0,0,0,0,0,0,0,0,0,0,0,0,4,0,39.9558,-75.1515, , 
25436,306895,2015112189,6,67,67301,2015,10,2,530,5,3,1,0,7,4, , ,N,1,2,1,3,0,0,1,1,N,N,39 58:07.829,75 08:10.292,555, ,555,1,1,3,N, ,3,N, , , , , , , , ,1,1,0,0,0,0,0,0,0,0,0,0,0,0,0,0,0,0,0,0,0,0,0,0,0,0,0,0,0,0,0,0,0,0,0,0,0,39.9688,-75.1362, , 
25437,306922,2015085337,6,67,67301,2015,8,1,1730,17,1,1,0,4,6, , ,N,0,0,0,3,0,2,6,4,N, ,39 58:01.959,75 07:42.225,1849, ,1848, ,0, , , ,0, , , , , , , , , ,2,1,0,0,0,0,0,0,0,0,0,1,2,1,0,0,0,0,0,0,0,0,0,0,0,0,0,0,0,0,0,0,2,0,0,4,0,39.9672,-75.1284, , 
25438,306933,2015099046,6,67,67301,2015,9,6,1310,13,1,1,0,4,1, , ,N,5,2,0,3,0,1,2,2,N, ,39 54:40.810,75 14:33.592,1323, ,1317, ,0, , , ,3, , , , , , , , , ,1,0,0,0,1,0,0,0,1,0,0,0,1,1,0,0,0,0,0,1,0,0,0,0,0,0,0,0,0,0,0,0,0,0,0,8,0,39.9113,-75.2427, , 
25439,306938,2015103377,6,67,67301,2015,9,1,1555,15,1,1,0,5,6, , ,N,0,0,0,3,0,2,2,3,N,Y,40 02:41.147,75 07:09.885,1558, ,1557, ,0, ,N, ,0, , , , , , , , , ,3,2,0,0,0,0,1,0,0,0,2,0,2,0,0,0,0,0,0,0,0,0,0,0,0,0,0,0,0,0,0,0,0,0,0,3,0,40.0448,-75.1194, , 
25440,306939,2015103448,6,67,67301,2015,9,3,327,3,3,1,0,7,4, , ,N,1,2,0,3,0,1,1,1,N,N,39 58:26.859,75 12:15.536,342, ,340, ,0, ,N, ,3, , , , , , , , , ,1,1,0,0,0,0,0,0,0,0,0,1,1,0,0,0,0,0,0,0,1,0,0,0,0,0,0,0,0,0,0,0,0,0,0,4,0,39.9741,-75.2043, , 
25441,306954,2015061808,6,67,67301,2015,5,1,1048,10,1,1,0,8,4, , ,N,0,0,0,3,0,1,2,2,N, ,40 00:04.168,75 06:47.530,1058, ,1052,2,1,3, , ,0,N, , , , , , , , ,1,1,0,0,0,0,0,0,0,0,1,0,1,0,0,0,0,0,0,0,0,0,0,1,0,0,0,0,0,0,0,0,1,0,0,3,0,40.0012,-75.1132, , 
25442,306978,2015083438,6,67,67301,2015,7,4,850,8,1,1,0,5,6, , ,N,0,0,0,3,0,2,3,3,N, ,40 00:47.050,75 09:36.166,910, ,858, ,0, , , ,0, , , , , , , , , ,3,0,0,0,1,0,1,1,0,0,0,0,2,2,0,0,0,0,0,0,0,0,0,0,0,0,0,0,0,0,0,0,0,0,0,8,0,40.0131,-75.16, , 
25443,306979,2015084016,6,67,67301,2015,8,7,305,3,3,1,0,1,1, , ,N,0,0,0,3,0,4,5,2,N,N,39 54:37.654,75 08:56.779,313, ,308, ,0, ,N, ,0, , , , , , , , , ,2,2,0,0,0,0,0,0,0,0,0,4,4,0,0,0,0,0,0,0,1,0,0,1,0,0,0,0,0,0,0,0,0,0,0,4,0,39.9105,-75.1491, , 
25444,306995,2015056462,6,67,67301,2015,5,6,1900,19,4,1,0,5,1, , ,N,0,0,0,3,0,1,2,2,N,N,39 58:46.597,75 12:50.066,2354, ,1900, ,0, ,N, ,0, , , , , , , , , ,1,1,0,0,0,0,0,0,1,0,1,0,1,0,0,0,0,0,0,0,0,0,0,0,0,0,0,0,0,0,0,0,0,0,0,3,0,39.9796,-75.2139, , 
25445,307016,2015034126,6,67,67301,2015,3,4,1908,19,3,2,0,8,1, , ,N,1,3,0,3,0,1,2,2,N,N,39 54:48.175,75 14:26.825,1913, ,1911, ,0, ,N, ,3, , , , , , , , , ,1,0,0,0,0,0,0,1,0,0,0,0,1,1,0,0,0,0,0,0,0,0,0,0,0,0,0,0,0,0,0,0,1,0,0,8,0,39.9134,-75.2408, , 
25446,307027,2015045381,6,67,67301,2015,4,5,1505,15,1,1,0,1,1, , ,N,0,0,0,3,0,1,3,2,N,N,40 01:46.995,75 02:09.397,1545, ,1534, ,0, ,N, ,0, , , , , , , , , ,2,1,0,0,0,0,1,0,0,0,0,1,1,0,0,0,0,0,0,0,0,0,0,1,0,0,0,0,0,0,0,0,0,0,0,4,0,40.0297,-75.0359, , 
25447,307028,2015045395,6,67,67301,2015,4,4,808,8,1,2,1,1,1, , ,N,0,0,0,3,0,0,11,3,Y,N,40 02:39.433,75 06:07.958,830, ,822, ,0, , , ,0, , , , , , , , , ,3,1,0,1,0,0,0,1,0,0,0,0,0,0,0,0,0,0,0,0,2,0,0,0,0,0,0,0,0,0,0,0,0,0,0,0,1,40.0443,-75.1022, , 
25448,307033,2015047528,6,67,67301,2015,4,6,1000,10,1,2,1,4,1, , ,N,1,3,0,3,0,1,2,2,N, ,39 57:46.836,75 09:30.286,1025, ,1015,9,1,1, , ,3,N, , , , , , , , ,2,2,0,0,0,0,0,0,0,0,0,1,1,0,0,0,0,0,0,0,0,0,0,0,0,0,0,0,0,0,0,0,0,0,0,4,0,39.963,-75.1584, , 
25449,307050,2015012332,6,67,67301,2015,1,3,1400,14,1,1,1,6,1, , ,N,0,0,0,3,0,4,8,2,N,N,39 58:23.601,75 12:44.495,1616, ,1610, ,0, ,N, ,0, , , , , , , , , ,2,1,0,0,0,0,0,1,0,0,0,4,4,0,0,0,0,0,0,0,0,0,0,0,0,0,0,0,0,0,0,0,0,0,0,4,0,39.9732,-75.2124, , 
25450,300275,2015038659,6,67,67301,2015,3,6,1316,13,1,4,1,8,1, , ,N,1,2,0,3,0,1,3,2,N,N,39 56:57.318,75 09:25.995,1359, ,1355, ,0, ,N, ,3, , , , , , , , , ,1,0,0,0,0,0,1,0,0,0,0,1,1,0,0,0,0,0,0,0,0,0,0,0,0,0,0,0,0,0,0,0,1,0,0,4,0,39.9493,-75.1572, , 
25451,300287,2015048350,6,67,67301,2015,4,7,1415,14,1,1,0,8,1, , ,N,0,0,0,3,0,1,2,2,N,N,39 57:45.900,75 14:36.002,1435, ,1435, ,0, ,N, ,0, , , , , , , , , ,1,1,0,0,0,0,0,0,0,0,1,0,1,0,0,0,0,0,0,0,0,0,0,0,0,0,0,0,0,0,0,0,1,0,0,3,0,39.9628,-75.2433, , 
25452,300295,2015006067,6,67,67301,2015,1,1,45,0,3,2,1,5,1, , ,N,0,0,0,3,0,1,2,2,N,N,40 02:24.151,75 02:48.031,55, ,45,1,2,3,N, ,0,N, , , , , , , , ,2,1,0,0,0,0,1,0,0,0,0,1,1,0,0,0,0,0,0,0,0,0,0,0,0,0,0,0,0,0,0,0,0,0,0,4,0,40.04,-75.0467, , 
25453,300299,2015009168,6,67,67301,2015,1,1,333,3,3,1,0,7,4, , ,N,0,0,0,3,0,0,1,1,N,N,39 55:53.745,75 11:59.066,345, ,335,1,1,4,Y, ,0,N, , , , , , , , ,1,1,0,0,0,0,0,0,0,0,0,0,0,0,0,0,0,0,0,0,1,0,0,0,0,0,0,0,0,0,0,0,0,0,0,0,0,39.9316,-75.1997, , 
25454,300308,2015015624,6,67,67301,2015,1,4,939,9,1,1,0,1,1, , ,N,1,2,0,3,0,1,4,2,N,N,39 57:48.112,75 11:14.766,953, ,939, ,0, , , ,3, , , , , , , , , ,2,1,0,0,0,0,0,1,0,0,0,0,1,1,0,0,0,0,0,0,1,0,0,0,0,0,0,0,0,0,0,0,0,0,0,8,0,39.9634,-75.1875, , 
25455,300329,2015049124,6,67,67301,2015,4,1,6,0,3,1,0,1,1, , ,N,0,0,0,3,0,0,7,3,N,N,39 58:47.609,75 11:20.308,45, ,38, ,0, ,N, ,0, , , , , , , , , ,3,2,0,0,0,0,1,0,0,0,0,0,0,0,4,0,0,0,0,0,0,0,0,0,0,0,0,0,0,0,0,0,0,0,0,9,0,39.9799,-75.189, , 
25456,300336,2015066285,6,67,67301,2015,6,2,1530,15,1,1,0,8,1, , ,N,1,3,0,3,0,1,2,2,N,N,39 58:47.107,75 07:28.052,1625, ,1620, ,0, , , ,3, , , , , , , , , ,1,0,0,0,1,0,0,0,0,0,0,0,1,1,1,0,0,0,0,0,0,0,0,0,0,0,0,0,0,0,0,0,1,0,0,8,0,39.9798,-75.1245, , 
25457,300347,2015006127,6,67,67301,2015,1,3,1532,15,1,4,5,1,1, , ,N,1,3,0,3,0,1,6,2,N, ,40 01:48.277,75 04:39.568,1540, ,1536, ,0, , , ,3, , , , , , , , , ,2,0,0,0,0,0,2,0,0,0,0,1,1,0,0,0,0,0,0,0,0,0,0,6,0,0,0,0,0,0,0,0,0,0,0,4,0,40.0301,-75.0777, , 
25458,300349,2015009594,6,67,67301,2015,1,5,1011,10,1,1,1,5,6, , ,N,0,0,0,3,0,1,2,4,N, ,40 01:40.852,75 06:22.905,1029, ,1019,3,1,1, , ,0,N, , , , , , , , ,4,2,0,0,1,0,1,0,0,0,1,0,1,0,0,0,0,0,0,0,0,0,0,0,0,0,0,0,0,0,0,0,0,0,0,3,0,40.028,-75.1064, , 
25459,300354,2015017929,6,67,67301,2015,1,2,1823,18,1,1,0,4,1, , ,N,1,3,0,3,0,2,2,2,N, ,39 57:23.850,75 13:39.467,1823, ,1820, ,0, , , ,3, , , , , , , , , ,2,1,0,0,0,0,0,1,0,0,0,2,2,0,0,0,0,0,0,0,0,0,0,0,0,0,0,0,0,0,0,0,0,0,0,4,0,39.9566,-75.2276, , 
25460,300372,2015038562,6,67,67301,2015,3,4,2050,20,2,1,0,1,1, , ,N,1,2,0,3,0,1,7,2,N,N,40 01:44.597,75 08:48.518,45, ,44, ,0, ,N, ,3, , , , , , , , , ,2,2,0,0,0,0,0,0,0,0,0,1,1,0,6,0,0,0,0,0,1,0,0,0,0,0,0,0,0,0,0,0,0,0,0,4,0,40.0291,-75.1468, , 
25461,300376,2015042851,6,67,67301,2015,3,3,1415,14,1,1,0,4,1, , ,N,1,3,0,3,0,0,2,2,N, ,39 55:39.845,75 11:09.536,1655, ,1650, ,0, , , ,3, , , , , , , , , ,2,1,0,0,1,0,0,0,0,0,0,0,0,0,0,0,0,0,0,0,1,0,1,0,0,0,0,0,0,0,0,0,0,0,0,0,0,39.9277,-75.186, , 
25462,300377,2015043272,6,67,67301,2015,4,6,1054,10,1,2,1,5,6, , ,N,0,0,0,3,0,0,2,2,N, ,39 56:55.056,75 09:32.342,1135, ,1129, ,0, , , ,0, , , , , , , , , ,2,1,0,0,0,1,0,0,0,0,0,0,0,0,0,0,0,0,0,0,1,0,0,0,0,0,0,0,0,0,0,0,0,0,0,0,1,39.9486,-75.159, , 
25463,300418,2015035230,6,67,67301,2015,3,3,945,9,1,1,0,1,1, , ,N,0,0,0,3,0,1,3,2,N,N,40 00:25.340,75 12:49.963,1000, ,945, ,0, ,N, ,0, , , , , , , , , ,2,1,0,0,0,0,0,1,0,0,0,0,1,1,0,0,0,0,0,0,2,0,0,0,0,0,0,0,0,0,0,0,0,0,0,8,0,40.007,-75.2139, , 
25464,300444,2015009654,6,67,67301,2015,1,5,420,4,3,1,0,2,1, , ,N,0,0,0,3,0,2,3,2,N, ,40 02:23.103,75 06:37.351,425, ,420, ,0, , , ,0, , , , , , , , , ,2,2,0,0,0,0,0,0,0,0,0,2,2,0,0,0,0,0,0,0,1,0,0,0,0,0,0,0,0,0,0,0,0,0,0,4,0,40.0398,-75.1104, , 
25465,300467,2015043266,6,67,67301,2015,4,4,1823,18,1,1,0,8,1, , ,N,0,0,0,3,0,1,2,2,N,N,39 56:55.521,75 13:33.877,1830, ,1824, ,0, ,N, ,0, , , , , , , , , ,1,1,0,0,0,0,0,0,0,0,0,0,1,1,0,0,0,0,0,0,0,0,0,1,0,0,0,0,0,0,0,0,1,0,0,8,0,39.9488,-75.2261, , 
25466,300470,2015045227,6,67,67301,2015,4,5,2155,21,2,2,1,5,1, , ,N,0,0,0,3,0,0,3,3,N,N,39 52:47.416,75 14:51.770,2205, ,2158, ,0, ,N, ,0, , , , , , , , , ,3,1,0,0,0,1,1,0,0,0,0,0,0,0,0,0,0,0,0,0,1,0,0,0,0,0,0,0,0,0,0,0,0,0,0,0,1,39.8798,-75.2477, , 
25467,300471,2015045347,6,67,67301,2015,4,5,1510,15,1,1,0,4,1, , ,N,0,3,7,3,0,1,2,2,N, ,40 01:57.182,75 06:07.008,1532, ,1525, ,0, , , ,3, , , , , , , , , ,2,2,0,0,0,0,0,0,0,0,0,0,1,1,0,0,0,0,0,0,0,0,0,0,0,0,0,0,0,0,0,0,0,0,0,8,0,40.0326,-75.1019, , 
25468,303669,2015056553,6,67,67301,2015,5,7,1436,14,1,1,0,4,1, , ,N,1,2,0,3,0,1,2,2,N, ,40 02:50.173,75 10:03.883,1440, ,1436,1,1,1, , ,3,Y, , , , , , , , ,2,1,0,0,0,0,0,1,0,0,0,0,1,1,0,1,0,0,0,0,0,1,0,0,0,0,0,0,0,0,0,0,0,0,0,8,0,40.0473,-75.1677, , 
25469,303689,2015075729,6,67,67301,2015,7,7,2213,22,3,1,0,4,1, , ,N,1,3,0,3,0,1,4,2,N,N,39 58:47.265,75 07:34.219,2216, ,2216, ,0, ,N, ,3, , , , , , , , , ,2,2,0,0,0,0,0,0,0,0,0,1,1,0,0,0,0,0,0,0,0,0,0,4,0,0,0,0,0,0,0,0,0,0,0,4,0,39.9798,-75.1262, , 
25470,303696,2015081033,6,67,67301,2015,7,4,1245,12,1,1,0,1,1, , ,N,1,2,0,3,0,1,3,2,N,N,39 55:23.323,75 10:12.037,1258, ,1250, ,0, ,N, ,3, , , , , , , , , ,2,1,0,0,0,0,0,1,0,0,0,0,1,1,0,0,0,0,0,0,2,0,0,0,0,0,0,0,0,0,0,0,0,0,0,8,0,39.9231,-75.1699, , 
25471,303699,2015084424,6,67,67301,2015,7,3,45,0,3,1,0,4,1, , ,N,1,2,0,3,0,2,3,2,N,N,39 59:42.186,75 09:47.473,45, ,54, ,0, ,N, ,3, , , , , , , , , ,2,2,0,0,0,0,0,0,0,0,0,0,2,2,1,0,0,0,1,0,0,0,0,0,0,0,0,0,0,0,0,0,0,0,0,8,0,39.9951,-75.1632, , 
25472,303719,2015061750,6,67,67301,2015,2,3,243,2,3,1,0,5,6, , ,N,0,0,0,3,0,0,1,4,N,N,39 57:27.124,75 13:48.433,245, ,245, ,0, ,N, ,0, , , , , , , , , ,4,2,0,0,0,0,2,0,0,0,0,0,0,0,0,0,0,0,0,0,0,0,0,0,0,0,0,0,0,0,0,0,0,0,0,0,0,39.9575,-75.2301, , 
25473,303720,2015061876,6,67,67301,2015,5,7,24,0,3,1,0,5,1, , ,N,0,0,0,3,0,1,2,2,N, ,39 58:47.346,75 09:45.505,36, ,36, ,0, , , ,0, , , , , , , , , ,2,1,0,0,0,0,0,0,0,0,0,1,1,0,0,0,0,0,0,0,0,0,0,0,0,0,0,0,0,0,0,0,0,0,0,4,0,39.9798,-75.1626, , 
25474,303728,2015012414,6,67,67301,2015,1,2,1504,15,1,2,1,5,6, , ,N,0,0,0,3,0,1,1,4,N,N,39 55:48.749,75 11:53.697,1504, ,1503, ,0, ,N, ,0, , , , , , , , , ,4,1,0,0,0,0,0,0,0,0,1,0,1,0,0,0,0,0,0,0,1,0,0,0,0,0,0,0,0,0,0,0,0,0,0,3,0,39.9302,-75.1982, , 
25475,303738,2015021896,6,46,46102,2015,1,6,2335,23,3,1,0,1,1, , ,N,1,2,0,3,0,1,5,3,N, ,40 03:55.027,75 05:25.289,14, ,8, ,0, , , ,3, , , , , , , , , ,3,3,0,0,0,0,0,0,0,0,0,0,1,1,1,0,0,0,0,0,1,0,0,0,0,0,0,0,0,0,0,0,0,0,0,8,0,40.0653,-75.0904, , 
25476,303739,2015021992,6,67,67301,2015,2,6,1149,11,1,1,0,4,1, , ,N,1,3,0,3,0,3,3,5,N,N,40 01:18.044,75 05:27.175,1151, ,1149,4,2,7, , ,3,Y, , , , , , , , ,5,3,0,0,0,0,2,0,0,0,1,2,3,0,0,0,0,0,0,0,0,0,0,0,0,0,0,0,0,0,0,0,0,0,0,3,0,40.0217,-75.0909, , 
25477,303740,2015021995,6,67,67301,2015,2,4,1545,15,1,1,0,4,1, , ,N,1,3,0,3,0,2,3,2,N, ,39 59:11.950,75 05:51.943,1630, ,1615, ,0, , , ,3, , , , , , , , , ,2,1,0,0,0,0,1,0,0,0,0,0,2,2,0,0,0,0,0,0,1,0,0,0,0,0,0,0,0,0,0,0,0,0,0,8,0,39.9867,-75.0978, , 
25478,303765,2015062733,6,67,67301,2015,5,7,600,6,1,1,0,4,1, , ,N,1,2,0,3,0,1,3,2,N,N,39 58:12.569,75 08:42.214,630, ,620, ,0, , , ,3, , , , , , , , , ,2,1,0,0,0,0,0,1,0,0,0,0,1,1,0,0,0,0,0,0,1,0,0,0,0,0,0,0,0,0,0,0,0,0,0,8,0,39.9702,-75.1451, , 
25479,303766,2015063862,6,67,67301,2015,6,4,59,0,3,2,1,4,1, , ,N,5,2,2,3,0,1,3,2,N,N,39 57:25.688,75 09:03.847,105, ,59,9,1,1, , ,3,N, , , , , , , , ,2,0,0,0,0,0,0,2,0,0,0,1,1,0,0,0,0,0,0,0,1,0,0,1,0,0,0,0,0,0,0,0,0,0,0,4,0,39.9571,-75.1511, , 
25480,303781,2015021891,6,67,67301,2015,2,7,2119,21,3,1,0,8,1, , ,N,0,0,0,3,0,1,2,2,N, ,39 58:18.683,75 07:31.752,2126, ,2124, ,0, , , ,0, , , , , , , , , ,1,1,0,0,0,0,0,0,0,0,1,0,1,0,0,0,0,0,0,0,0,1,0,0,0,0,0,0,0,0,0,0,1,0,0,3,0,39.9719,-75.1255, , 
25481,303785,2015025114,6,67,67301,2015,2,2,1600,16,1,2,6,4,1, , ,N,2,2,0,3,0,1,2,3,N,N,39 54:52.060,75 09:09.458,1716, ,1645, ,0, ,N, ,3, , , , , , , , , ,3,3,0,0,0,0,0,0,0,0,0,0,1,1,0,0,0,0,0,0,0,0,0,0,0,0,0,0,0,0,0,0,0,0,0,8,0,39.9144,-75.1525, , 
25482,303786,2015025250,6,67,67301,2015,2,5,1508,15,1,1,0,1,1, , ,N,0,0,0,3,0,2,4,4,N,N,39 57:29.370,75 09:50.738,1518, ,1508,2,1,4,N, ,0,N, , , , , , , , ,4,2,0,0,0,0,1,1,0,0,0,2,2,0,0,0,0,0,1,0,0,0,0,0,0,0,0,0,0,0,0,0,0,0,0,4,0,39.9582,-75.1641, , 
25483,303793,2015033341,6,67,67301,2015,3,7,729,7,1,2,1,7,2, , ,N,0,0,0,3,0,0,4,1,N,N,39 58:57.309,75 12:27.900,736, ,729,1,1,4,N, ,0,N, , , , , , , , ,1,1,0,0,0,0,0,0,0,0,0,0,0,0,0,0,0,0,0,0,0,0,0,0,0,0,0,0,0,0,0,0,0,0,0,0,0,39.9826,-75.2078, , 
25484,303794,2015035161,6,67,67301,2015,3,7,1540,15,1,1,0,1,1, , ,N,1,2,0,3,0,1,5,2,N,N,40 04:08.982,75 00:26.173,1550, ,1542, ,0, , , ,3, , , , , , , , , ,2,2,0,0,0,0,0,0,0,0,0,1,1,0,0,0,0,0,0,0,0,0,1,0,0,0,0,0,0,0,0,0,0,0,0,4,0,40.0692,-75.0073, , 
25485,303795,2015036592,6,67,67301,2015,3,4,1245,12,1,1,0,4,1, , ,N,2,0,0,3,0,5,7,3,N, ,39 54:54.671,75 14:41.119,1355, ,1351, ,0, , , ,0, , , , , , , , , ,3,1,0,0,0,0,1,1,0,0,0,5,5,0,0,0,1,0,0,0,1,1,0,0,0,0,0,0,0,0,0,0,0,0,0,4,0,39.9151,-75.2446, , 
25486,309551,2015114111,6,67,67301,2015,9,2,1638,16,1,1,0,1,1, , ,N,0,0,3,3,0,2,2,2,N,N,39 55:11.600,75 12:06.335,1705, ,1705,1,1,4, , ,0,N, , , , , , , , ,2,2,0,0,0,0,0,0,0,0,0,2,2,0,0,0,0,0,0,0,0,0,0,0,0,0,0,0,0,0,0,0,0,0,0,4,0,39.9199,-75.2018, , 
25487,309558,2015017931,6,67,67301,2015,1,6,1215,12,1,1,0,6,1, , ,N,1,2,0,3,0,0,2,2,N,N,40 01:45.210,75 10:28.410,1255, ,1255, ,0, ,N, ,3, , , , , , , , , ,2,0,0,0,0,0,2,0,0,0,0,0,0,0,0,0,0,0,0,1,0,0,0,0,0,0,0,0,0,0,0,0,0,0,0,0,0,40.0292,-75.1746, , 
25488,309566,2015031014,6,67,67301,2015,2,7,2238,22,3,4,3,4,1, , ,N,1,3,0,3,0,0,2,4,N, ,40 02:33.280,75 00:52.534,2302, ,2250, ,0, ,N, ,3, , , , , , , , , ,4,2,0,0,0,0,2,0,0,0,0,0,0,0,0,0,0,0,0,0,0,0,0,0,0,0,0,0,0,0,0,0,0,0,0,0,0,40.0426,-75.0146, , 
25489,309584,2015045047,6,67,67301,2015,4,6,1025,10,1,2,1,4,1, , ,N,1,2,0,3,0,1,3,2,N,N,39 56:09.117,75 09:42.404,1035, ,1032, ,0, ,N, ,3, , , , , , , , , ,1,0,0,0,0,0,1,0,1,0,0,1,1,0,0,0,0,0,0,0,0,0,0,0,0,0,0,0,0,0,0,0,0,0,0,4,0,39.9359,-75.1618, , 
25490,309604,2015061780,6,67,67301,2015,5,2,1938,19,1,1,0,4,1, , ,N,1,3,0,3,0,3,7,5,N,N,40 00:29.692,75 06:24.299,2135, ,1955,1,1,3,N, ,3,Y, , , , , , , , ,5,1,0,0,0,0,3,1,0,0,0,3,3,0,3,0,0,0,0,0,0,0,0,0,0,0,0,0,0,0,0,0,0,0,0,4,0,40.0082,-75.1067, , 
25491,309616,2015073224,6,67,67301,2015,6,5,1155,11,1,1,0,1,1, , ,N,3,2,0,3,0,1,2,2,N,N,40 04:57.151,75 02:15.941,1215, ,1208, ,0, ,N, ,3, , , , , , , , , ,2,1,0,0,0,0,1,0,0,0,0,1,1,0,0,0,0,0,0,0,0,0,1,0,0,0,0,0,0,0,0,0,0,0,0,4,0,40.0825,-75.0378, , 