objectid_1,objectid,crn,district,county,municipality,crash_year,crash_month,day_of_week,time_of_day,hour_of_day,illumination,weather,road_condition,collision_type,relation_to_road,work_zone_type,work_zone_loc,work_zone_ind,intersect_type,tcd_type,location_type,urban_rural,fatal_count,injury_count,person_count,total_units,sch_bus_ind,sch_zone_ind,latitude,longitude,arrival_tm,cons_zone_spd_lim,dispatch_tm,est_hrs_closed,lane_closed,ln_close_dir,ntfy_hiwy_maint,spec_juris_cd,tcd_func_cd,tfc_detour_ind,workers_pres,wz_close_detour,wz_flagger,wz_law_offcr_ind,wz_ln_closure,wz_moving,wz_other,wz_shlder_mdn,vehicle_count,automobile_count,motorcycle_count,bus_count,small_truck_count,heavy_truck_count,suv_count,van_count,bicycle_count,maj_inj_count,mod_inj_count,min_inj_count,tot_inj_count,unk_inj_deg_count,unk_inj_per_count,driver_count_16yr,driver_count_17yr,driver_count_18yr,driver_count_19yr,driver_count_20yr,driver_count_50_64yr,driver_count_65_74yr,driver_count_75plus,unbelted_occ_count,unb_death_count,unb_maj_inj_count,belted_death_count,belted_maj_inj_count,mcycle_death_count,mcycle_maj_inj_count,bicycle_death_count,bicycle_maj_inj_count,ped_count,ped_death_count,ped_maj_inj_count,max_severity_level,comm_veh_count,dec_lat,dec_long,rdwy_surf_type_cd,county_name
25559,309704,2015070254,6,67,67301,2015,6,6,1904,19,1,1,0,1,1, , ,N,0,0,0,3,0,0,4,3,N,N,39 54:04.995,75 09:09.062,1942, ,1928, ,0, ,N, ,0, , , , , , , , , ,3,0,0,0,0,0,3,0,0,0,0,0,0,0,1,0,0,0,0,0,2,0,0,0,0,0,0,0,0,0,0,0,0,0,0,9,0,39.9014,-75.1525, , 
25560,309708,2015073690,6,67,67301,2015,7,5,1303,13,1,1,0,4,1, , ,N,1,2,0,3,0,1,6,2,N,N,40 06:50.926,74 59:15.880,1310, ,1304, ,0, ,N, ,3, , , , , , , , , ,2,2,0,0,0,0,0,0,0,0,0,0,1,1,0,0,0,0,0,1,0,0,0,1,0,0,0,0,0,0,0,0,0,0,0,8,0,40.1141,-74.9877, , 
25561,309714,2015078231,6,67,67301,2015,7,4,1220,12,1,1,0,4,1, , ,N,0,0,7,3,0,1,2,2,N,N,39 59:26.885,75 07:47.503,1230, ,1225, ,0, ,N, ,0, , , , , , , , , ,2,1,0,0,1,0,0,0,0,0,0,0,1,1,0,0,0,0,0,1,0,0,0,0,0,0,0,0,0,0,0,0,0,0,0,8,0,39.9908,-75.1299, , 
25562,309720,2015085242,6,67,67301,2015,8,1,212,2,3,1,0,8,1, , ,N,0,0,0,3,0,1,2,2,N,N,39 57:37.626,75 08:21.410,214, ,212, ,0, ,N, ,0, , , , , , , , , ,1,1,0,0,0,0,0,0,0,0,1,0,1,0,0,0,0,0,0,0,0,0,0,0,0,0,0,0,0,0,0,0,1,0,0,3,0,39.9605,-75.1393, , 
25563,309739,2015047629,6,67,67301,2015,4,2,1700,17,1,1,0,4,1, , ,N,1,2,0,3,0,1,2,2,N,N,40 01:08.216,75 08:49.391,1758, ,1755, ,0, ,N, ,3, , , , , , , , , ,2,1,0,0,0,0,1,0,0,0,0,1,1,0,0,0,0,0,0,1,0,0,0,0,0,0,0,0,0,0,0,0,0,0,0,4,0,40.0189,-75.1471, , 
25564,309760,2015021946,6,67,67301,2015,2,3,1838,18,3,1,0,1,1, , ,N,0,0,0,3,0,0,3,2,N,N,40 01:37.881,75 13:36.640,1843, ,1840, ,0, ,N, ,0, , , , , , , , , ,2,0,0,0,0,0,2,0,0,0,0,0,0,0,0,0,0,0,0,0,0,0,0,0,0,0,0,0,0,0,0,0,0,0,0,0,0,40.0272,-75.2268, , 
25565,309776,2015036643,6,67,67301,2015,3,3,830,8,1,1,5,7,4, , ,N,0,0,0,3,0,1,1,1,N,N,40 05:08.890,75 12:53.913,837, ,832, ,0, ,N, ,0, , , , , , , , , ,1,0,0,0,0,0,1,0,0,0,0,0,1,1,0,0,0,0,0,0,0,0,0,0,0,0,0,0,0,0,0,0,0,0,0,8,0,40.0858,-75.215, , 
25566,309778,2015040870,6,67,67301,2015,3,4,1327,13,1,1,0,7,4, , ,N,2,0,0,3,0,1,2,1,N,N,40 01:33.583,75 07:08.108,1339, ,1335, ,0, ,N, ,0, , , , , , , , , ,1,1,0,0,0,0,0,0,0,0,1,0,1,0,0,0,0,0,0,0,0,0,0,0,0,0,0,0,0,0,0,0,0,0,0,3,0,40.026,-75.1189, , 
25567,309784,2015045582,6,67,67301,2015,4,3,1244,12,1,1,0,7,4, , ,N,3,0,0,3,0,0,2,1,N,N,39 55:40.052,75 11:44.667,1258, ,1245, ,0, ,N, ,0, , , , , , , , , ,1,1,0,0,0,0,0,0,0,0,0,0,0,0,0,0,0,0,0,0,1,0,0,0,0,0,0,0,0,0,0,0,0,0,0,0,0,39.9278,-75.1957, , 
25568,309787,2015054405,6,67,67301,2015,4,5,740,7,1,1,0,7,1, , ,N,3,3,0,3,0,1,1,1,N,N,40 02:00.045,75 04:35.781,750, ,745, ,0, ,N, ,3, , , , , , , , , ,1,0,0,0,0,0,1,0,0,0,0,0,1,1,0,0,0,0,0,0,0,0,0,0,0,0,0,0,0,0,0,0,0,0,0,8,0,40.0333,-75.0766, , 
25569,309789,2015054824,6,67,67301,2015,5,4,1555,15,1,1,0,1,1,1,4,Y,0,0,0,3,0,0,4,3,N,N,40 01:36.177,75 01:35.305,1557,45,1557, ,0, ,N, ,0, ,N,N,N,N,N,N,N,Y,3,1,0,0,0,0,2,0,0,0,0,0,0,0,0,0,0,0,0,0,1,0,0,0,0,0,0,0,0,0,0,0,0,0,0,0,0,40.0267,-75.0265, , 
25570,309808,2015095754,6,67,67301,2015,9,3,1153,11,1,1,0,8,1, , ,N,1,2,0,3,0,1,2,2,N,N,39 54:57.588,75 09:52.288,1154, ,1153, ,0, ,N, ,3, , , , , , , , , ,1,1,0,0,0,0,0,0,0,0,1,0,1,0,0,0,0,0,0,0,0,0,0,0,0,0,0,0,0,0,0,0,1,0,0,3,0,39.9159,-75.1645, , 
25571,309811,2015099111,6,67,67301,2015,9,7,1821,18,1,1,0,4,1, , ,N,1,2,0,3,0,1,2,2,N,N,40 03:37.862,75 03:26.035,1821, ,1048,9,1,1,N, ,3,N, , , , , , , , ,2,0,0,0,0,0,1,1,0,0,0,0,1,1,0,0,0,0,0,0,0,1,0,0,0,0,0,0,0,0,0,0,0,0,0,8,0,40.0605,-75.0572, , 
25572,309851,2015073252,6,67,67301,2015,6,7,425,4,3,1,0,4,1, , ,N,1,0,0,3,0,0,2,4,N,N,40 01:54.228,75 08:32.996,433, ,429,3,1,2,N, ,0,Y, , , , , , , , ,4,0,0,0,0,0,2,2,0,0,0,0,0,0,2,0,0,0,0,0,0,0,0,0,0,0,0,0,0,0,0,0,0,0,0,9,0,40.0317,-75.1425, , 
25573,309853,2015078629,6,67,67301,2015,7,2,927,9,1,1,0,1,1, , ,N,0,0,0,3,0,1,3,2,N,N,39 58:15.836,75 07:41.216,935, ,927, ,0, ,N, ,0, , , , , , , , , ,2,1,0,0,1,0,0,0,0,0,1,0,1,0,0,0,0,0,0,0,2,0,0,1,0,0,0,0,0,0,0,0,0,0,0,3,0,39.9711,-75.1281, , 
25574,309855,2015081021,6,67,67301,2015,7,1,2200,22,3,1,0,5,6, , ,N,0,0,0,3,0,0,1,3,N,N,39 56:33.086,75 10:26.436,2207, ,2204, ,0, , , ,0, , , , , , , , , ,3,3,0,0,0,0,0,0,0,0,0,0,0,0,0,0,0,0,0,1,0,0,0,1,0,0,0,0,0,0,0,0,0,0,0,0,0,39.9425,-75.174, , 
25575,309870,2015095733,6,67,67301,2015,9,6,1313,13,1,1,0,6,1, , ,N,1,0,0,3,0,1,2,2,N, ,40 00:04.687,75 06:08.891,1343, ,1313,2,1,4, , ,0,N, , , , , , , , ,1,1,0,0,0,0,0,0,1,0,0,0,1,1,0,0,0,0,0,0,0,0,0,0,0,0,0,0,0,0,0,0,0,0,0,8,0,40.0013,-75.1025, , 
25576,309871,2015095805,6,67,67301,2015,8,7,9999,99,3,1,0,4,1, , ,N,1,2,0,3,0,2,2,2,N,N,40 01:49.440,75 10:49.133,2114, ,2111, ,0, , , ,3, , , , , , , , , ,2,0,0,0,0,0,2,0,0,0,0,2,2,0,0,0,0,0,0,0,0,0,0,0,0,0,0,0,0,0,0,0,0,0,0,4,0,40.0304,-75.1803, , 
25577,309881,2015108088,6,67,67301,2015,10,5,624,6,1,1,0,5,1, , ,N,0,0,0,3,0,0,4,4,N,N,40 03:17.830,74 59:04.917,702, ,631,2,2,1,N, ,0,N, , , , , , , , ,4,0,0,0,1,3,0,0,0,0,0,0,0,0,0,0,0,0,0,0,1,1,0,0,0,0,0,0,0,0,0,0,0,0,0,0,3,40.055,-74.9847, , 
25578,307242,2015075758,6,67,67301,2015,7,1,1940,19,3,1,0,4,1, , ,N,1,2,0,3,0,2,3,2,N,N,39 56:54.247,75 09:58.366,1955, ,1947, ,0, ,N, ,3, , , , , , , , , ,2,1,0,0,0,0,0,0,0,0,0,2,2,0,0,0,0,0,0,0,0,0,0,0,0,0,0,0,0,0,0,0,0,0,0,4,0,39.9484,-75.1662, , 
25579,307249,2015079287,6,67,67301,2015,7,1,922,9,1,1,0,7,2, , ,N,0,0,0,3,0,0,1,1,N,N,39 53:52.798,75 11:01.844,932, ,924, ,0, ,N, ,0, , , , , , , , , ,1,1,0,0,0,0,0,0,0,0,0,0,0,0,0,0,0,0,0,0,0,0,0,0,0,0,0,0,0,0,0,0,0,0,0,0,0,39.898,-75.1838, , 
25580,307262,2015088032,6,67,67301,2015,6,2,1330,13,1,1,0,1,1, , ,N,1,4,0,3,0,2,3,2,N,N,40 00:25.981,75 07:24.378,0, ,0, ,0, ,N, ,3, , , , , , , , , ,2,0,0,0,0,0,1,1,0,0,0,0,2,2,0,0,0,0,0,0,1,0,0,0,0,0,0,0,0,0,0,0,0,0,0,8,0,40.0072,-75.1234, , 
25581,307279,2015110347,6,67,67301,2015,10,7,2225,22,3,1,0,4,1, , ,N,1,2,0,3,0,0,5,2,N,N,39 59:12.926,75 09:39.761,2230, ,2225, ,0, ,N, ,3, , , , , , , , , ,2,1,0,0,0,0,1,0,0,0,0,0,0,0,3,0,0,0,0,0,0,0,0,0,0,0,0,0,0,0,0,0,0,0,0,9,0,39.9869,-75.161, , 
25582,307280,2015112255,6,67,67301,2015,10,4,1617,16,1,1,0,1,1, , ,N,0,0,0,3,0,1,2,2,N,N,39 58:58.828,75 05:56.650,1630, ,1619, ,0, ,N, ,0, , , , , , , , , ,2,2,0,0,0,0,0,0,0,0,0,0,1,1,0,0,0,0,0,0,0,0,0,0,0,0,0,0,0,0,0,0,0,0,0,8,0,39.983,-75.0991, , 
25583,307287,2015009166,6,67,67301,2015,1,6,1257,12,1,1,0,1,1, , ,N,0,0,0,3,0,1,2,2,N,N,39 59:05.526,75 05:42.253,1307, ,1257, ,0, ,N, ,0, , , , , , , , , ,2,2,0,0,0,0,0,0,0,0,0,0,1,1,0,0,0,0,0,0,1,0,0,0,0,0,0,0,0,0,0,0,0,0,0,8,0,39.9849,-75.0951, , 
25584,307296,2015056935,6,67,67301,2015,5,7,100,1,3,1,0,1,1, , ,N,0,0,0,3,0,1,3,2,N,N,40 01:30.541,75 07:32.163,109, ,103, ,0, ,N, ,0, , , , , , , , , ,2,1,0,0,0,0,1,0,0,0,0,0,1,1,0,0,0,0,0,0,0,0,0,0,0,0,0,0,0,0,0,0,0,0,0,8,0,40.0252,-75.1256, , 
25585,307297,2015061254,6,67,67301,2015,6,3,318,3,3,1,1,7,3,1,4,Y,0,0,0,3,0,1,1,1,N,N,39 58:11.250,75 07:33.661,331,45,323,1,1,1,N, ,0,N,N,N,N,N,N,N,N,Y,1,1,0,0,0,0,0,0,0,1,0,0,1,0,0,0,0,0,0,0,0,0,0,0,0,0,0,1,0,0,0,0,0,0,0,2,0,39.9698,-75.126, , 
25586,307308,2015078648,6,67,67301,2015,7,4,1050,10,1,1,1,4,1, , ,N,1,3,0,3,0,1,3,2,N,N,40 04:09.219,75 04:46.666,1149, ,1142, ,0, , , ,3, , , , , , , , , ,2,1,0,0,0,1,0,0,0,0,0,1,1,0,0,0,0,0,0,0,0,0,0,1,0,0,0,0,0,0,0,0,0,0,0,4,1,40.0692,-75.0796, , 
25587,307317,2015088797,6,67,67301,2015,8,3,1010,10,1,2,1,7,1,8,8,Y,0,0,0,3,0,1,1,2,N,N,40 06:01.200,75 00:32.700,1045,99,1031, ,0, , , ,0, ,U,U,U,U,U,U,U,U,2,1,0,0,0,0,0,0,0,0,0,1,1,0,0,0,0,0,0,0,0,0,1,0,0,0,0,0,0,0,0,0,0,0,0,4,0,40.1003,-75.0091, , 
25588,307319,2015092966,6,67,67301,2015,8,1,149,1,3,1,0,4,1, , ,N,1,2,0,3,0,0,2,2,N,N,39 57:41.416,75 14:12.594,149, ,149, ,0, ,N, ,3, , , , , , , , , ,2,2,0,0,0,0,0,0,0,0,0,0,0,0,0,0,0,0,0,0,0,0,0,0,0,0,0,0,0,0,0,0,0,0,0,0,0,39.9614,-75.2369, , 
25589,307333,2015045475,6,67,67301,2015,4,7,1754,17,1,1,0,1,1, , ,N,2,3,0,3,0,1,3,2,N,N,40 01:07.309,75 06:05.983,2019, ,1805, ,0, ,N, ,3, , , , , , , , , ,2,2,0,0,0,0,0,0,0,0,0,0,1,1,0,0,0,0,0,0,0,1,0,1,0,0,0,0,0,0,0,0,0,0,0,8,0,40.0187,-75.1017, , 
25590,307334,2015045574,6,67,67301,2015,4,1,2200,22,3,1,0,7,5, , ,N,0,0,0,3,0,1,1,1,N,N,39 57:29.370,75 09:50.738,2225, ,2211,9,9, ,N, ,0,U, , , , , , , , ,1,1,0,0,0,0,0,0,0,0,0,1,1,0,0,0,0,0,0,0,0,0,0,0,0,0,0,0,0,0,0,0,0,0,0,4,0,39.9582,-75.1641, , 
25591,307357,2015040234,6,67,67301,2015,3,6,2123,21,3,1,0,1,1, , ,N,0,0,0,3,0,0,4,4,N,N,39 56:55.190,75 11:07.628,2138, ,2133,2,2,4,N, ,0,N, , , , , , , , ,4,3,0,0,0,0,1,0,0,0,0,0,0,0,0,0,1,0,0,1,0,0,0,0,0,0,0,0,0,0,0,0,0,0,0,0,0,39.9487,-75.1855, , 
25592,307375,2015060719,6,67,67301,2015,5,4,2133,21,3,1,1,5,1, , ,N,0,0,0,3,0,0,2,2,N,N,39 53:55.858,75 10:14.342,2145, ,2133,2,1,2,N, ,0,N, , , , , , , , ,2,2,0,0,0,0,0,0,0,0,0,0,0,0,0,0,0,0,0,0,0,0,0,0,0,0,0,0,0,0,0,0,0,0,0,0,0,39.8988,-75.1707, , 
25593,307400,2015083975,6,67,67301,2015,7,5,2155,21,3,1,0,7,4, , ,N,0,0,0,3,0,1,1,1,N,N,39 59:53.150,75 12:59.180,2155, ,2155, ,0, ,N, ,0, , , , , , , , , ,1,1,0,0,0,0,0,0,0,0,1,0,1,0,0,0,0,0,0,0,0,0,0,0,0,0,0,0,0,0,0,0,0,0,0,3,0,39.9981,-75.2164, , 
25594,307430,2015040850,6,67,67301,2015,3,6,240,2,3,2,1,7,4, , ,N,0,2,0,3,0,1,1,1,N,N,40 00:13.854,75 12:51.950,248, ,246,2,2,6,N, ,3,Y, , , , , , , , ,1,0,0,0,0,0,1,0,0,0,0,0,1,1,0,0,0,0,0,0,0,0,0,0,0,0,0,0,0,0,0,0,0,0,0,8,0,40.0038,-75.2144, , 
25595,307440,2015021982,6,67,67301,2015,1,7,1540,15,1,1,0,6,1, , ,N,0,0,0,3,0,2,3,2,N,N,40 02:15.134,75 11:27.833,1555, ,1549, ,0, ,N, ,0, , , , , , , , , ,2,1,0,0,0,0,1,0,0,0,0,2,2,0,0,0,0,0,0,0,1,0,0,0,0,0,0,0,0,0,0,0,0,0,0,4,0,40.0375,-75.1911, , 
25596,307448,2015028769,6,67,67301,2015,2,4,653,6,1,1,0,8,1, , ,N,1,2,0,3,0,1,2,2,Y,Y,39 57:45.749,75 09:47.159,706, ,655, ,0, ,N, ,3, , , , , , , , , ,1,0,0,0,0,0,1,0,0,0,0,0,1,1,0,0,0,0,0,0,0,0,0,0,0,0,0,0,0,0,0,0,1,0,0,8,0,39.9626,-75.163, , 
25597,300713,2015051940,6,67,67301,2015,5,1,1515,15,1,1,0,3,1, , ,N,0,0,0,3,0,0,3,2,N,N,40 01:58.813,75 12:52.831,1523, ,1518, ,0, ,N, ,0, , , , , , , , , ,2,1,0,0,0,1,0,0,0,0,0,0,0,0,0,0,0,0,0,0,1,1,0,2,0,0,0,0,0,0,0,0,0,0,0,0,1,40.033,-75.2147, , 
25598,300723,2015061844,6,67,67301,2015,5,4,1629,16,1,1,0,4,1, , ,N,1,2,0,3,0,1,2,2,N,N,40 00:02.415,75 05:51.842,1633, ,1631, ,0, ,N, ,3, , , , , , , , , ,2,1,0,0,1,0,0,0,0,0,0,0,1,1,0,0,0,0,0,0,0,0,0,0,0,0,0,0,0,0,0,0,0,0,0,8,0,40.0007,-75.0977, , 
25599,300772,2015061383,6,67,67301,2015,5,7,758,7,1,1,0,4,1, , ,N,1,2,0,3,0,1,4,3,N,N,40 05:07.675,75 02:14.870,803, ,759,1,2,7,N, ,3,Y, , , , , , , , ,3,1,0,0,0,0,2,0,0,0,0,0,1,1,0,0,0,0,0,0,0,1,1,0,0,0,0,0,0,0,0,0,0,0,0,8,0,40.0854,-75.0374, , 
25600,300782,2015012371,6,67,67301,2015,1,2,1522,15,1,2,1,8,1, , ,N,0,0,0,3,0,1,2,2,N, ,39 55:27.240,75 13:38.764,1530, ,1525, ,0, , , ,0, , , , , , , , , ,1,1,0,0,0,0,0,0,0,0,0,1,1,0,0,0,0,0,0,0,0,0,0,0,0,0,0,0,0,0,0,0,1,0,0,4,0,39.9242,-75.2274, , 
25601,300783,2015012411,6,67,67301,2015,1,2,2010,20,3,1,0,8,1, , ,N,1,2,0,3,0,1,2,2,N,N,39 57:24.576,75 11:58.649,2025, ,2021, ,0, ,N, ,3, , , , , , , , , ,1,0,0,0,0,0,0,0,0,0,0,0,1,1,1,0,0,0,0,0,0,0,0,0,0,0,0,0,0,0,0,0,1,0,0,8,0,39.9568,-75.1995, , 
25602,300787,2015020749,6,67,67301,2015,2,2,50,0,3,4,3,7,4, , ,N,1,0,0,3,0,0,1,1,N,N,40 01:28.770,75 03:16.227,55, ,51, ,0, , , ,0, , , , , , , , , ,1,1,0,0,0,0,0,0,0,0,0,0,0,0,1,0,0,0,0,0,0,0,0,0,0,0,0,0,0,0,0,0,0,0,0,9,0,40.0247,-75.0545, , 
25603,300799,2015036591,6,67,67301,2015,3,7,1910,19,3,6,1,1,1, , ,N,1,2,0,3,0,6,7,2,N,N,39 55:18.066,75 14:33.727,1920, ,1918, ,0, ,N, ,3, , , , , , , , , ,2,2,0,0,0,0,0,0,0,0,0,0,6,6,1,0,0,0,0,0,1,0,0,0,0,0,0,0,0,0,0,0,0,0,0,8,0,39.9217,-75.2427, , 
25604,300809,2015049033,6,67,67301,2015,4,2,755,7,1,2,1,1,1, , ,N,0,0,0,3,0,4,6,3,N, ,40 00:31.460,75 04:06.304,800, ,755, ,0, , , ,0, , , , , , , , , ,3,1,0,0,1,0,0,0,0,0,0,0,4,4,0,0,0,0,0,0,0,0,0,0,0,0,0,0,0,0,0,0,0,0,0,8,0,40.0087,-75.0684, , 
25605,300827,2015009315,6,67,67301,2015,1,4,1359,13,1,4,1,4,1, , ,N,1,2,0,3,0,2,3,3,N,N,40 01:24.687,75 08:00.078,1406, ,1400,2,1,1,N, ,3,N, , , , , , , , ,1,1,0,0,0,0,0,0,2,0,0,2,2,0,0,0,0,0,0,0,1,0,0,0,0,0,0,0,0,0,0,0,0,0,0,4,0,40.0235,-75.1334, , 
25606,300832,2015009656,6,67,67301,2015,1,6,1814,18,3,1,0,8,1, , ,N,1,3,0,3,0,1,2,2,N,N,40 02:25.699,75 02:50.737,1820, ,1815, ,0, ,N, ,3, , , , , , , , , ,1,1,0,0,0,0,0,0,0,0,0,0,1,1,0,0,0,0,0,0,0,0,0,0,0,0,0,0,0,0,0,0,1,0,0,8,0,40.0405,-75.0474, , 
25607,300854,2015036601,6,67,67301,2015,3,7,1945,19,3,2,1,1,1, , ,N,0,0,0,3,0,1,5,3,N,N,40 06:01.525,75 01:21.946,1954, ,1952, ,0, ,N, ,0, , , , , , , , , ,3,1,0,0,0,0,1,0,0,0,0,1,1,0,0,0,0,0,0,0,0,0,0,0,0,0,0,0,0,0,0,0,0,0,0,4,0,40.1004,-75.0228, , 
25608,300880,2015051428,6,67,67301,2015,4,4,1903,19,1,1,0,4,1, , ,N,2,3,0,3,0,1,2,2,N,N,39 59:04.290,75 09:19.234,1904, ,1903,3,2,7,N, ,3,Y, , , , , , , , ,1,1,0,0,0,0,0,0,1,1,0,0,1,0,0,0,0,0,0,0,0,0,0,0,0,0,0,0,0,0,0,1,0,0,0,2,0,39.9845,-75.1553, , 
25609,300889,2015056946,6,67,67301,2015,5,3,700,7,1,1,0,4,1, , ,N,1,3,0,3,0,1,2,2,N,Y,40 02:27.956,75 08:31.268,710, ,710, ,0, , , ,3, , , , , , , , , ,2,1,0,0,0,0,1,0,0,0,1,0,1,0,1,0,0,0,0,0,0,1,0,0,0,0,0,0,0,0,0,0,0,0,0,3,0,40.0411,-75.142, , 
25610,300911,2015084472,6,67,67301,2015,7,3,940,9,1,1,0,4,1, , ,N,1,2,0,3,0,0,2,2,N,N,39 55:54.237,75 10:04.883,954, ,944, ,0, ,N, ,3, , , , , , , , , ,2,2,0,0,0,0,0,0,0,0,0,0,0,0,0,0,0,0,0,0,1,0,0,0,0,0,0,0,0,0,0,0,0,0,0,0,0,39.9317,-75.168, , 
25611,300938,2015025239,6,67,67301,2015,2,7,2053,20,3,4,3,7,2, , ,N,0,0,0,3,0,1,1,1,N,N,39 55:28.957,75 08:50.298,2102, ,2053,1,1,2,N, ,0,N, , , , , , , , ,1,1,0,0,0,0,0,0,0,0,0,1,1,0,0,0,0,0,0,0,0,0,0,0,0,0,0,0,0,0,0,0,0,0,0,4,0,39.9247,-75.1473, , 
25612,300952,2015035157,6,67,67301,2015,3,1,10,0,3,1,0,1,1, , ,N,1,2,0,3,0,0,4,2,N, ,39 58:57.511,75 11:18.156,45, ,36,9,1,1, , ,3,N, , , , , , , , ,2,2,0,0,0,0,0,0,0,0,0,0,0,0,0,0,0,0,0,0,0,0,0,1,0,0,0,0,0,0,0,0,0,0,0,0,0,39.9828,-75.1883, , 
25613,300958,2015047615,6,67,67301,2015,4,2,1256,12,1,1,0,4,1, , ,N,1,2,0,3,0,1,3,2,N,N,40 02:40.890,75 03:16.537,1310, ,1305,2,1,2,N, ,3,N, , , , , , , , ,2,1,0,0,0,0,1,0,0,0,0,1,1,0,0,0,0,1,0,0,1,0,0,0,0,0,0,0,0,0,0,0,0,0,0,4,0,40.0446,-75.0547, , 
25614,300970,2015004985,6,67,67301,2015,1,2,1008,10,1,2,1,4,1, , ,N,1,2,0,3,0,2,3,2,N,N,39 59:27.441,75 10:47.643,1020, ,1013,3,2,7,N, ,3,Y, , , , , , , , ,2,1,0,0,0,1,0,0,0,0,0,0,2,2,0,0,0,0,0,0,0,0,0,0,0,0,0,0,0,0,0,0,0,0,0,8,1,39.991,-75.1799, , 
25615,304057,2015051914,6,67,67301,2015,4,4,1817,18,1,1,0,4,1, , ,N,1,3,0,3,0,0,3,2,N,N,39 54:52.106,75 10:24.815,1830, ,1821, ,0, ,N, ,3, , , , , , , , , ,2,1,0,0,0,0,1,0,0,0,0,0,0,0,0,0,0,0,0,0,0,0,0,0,0,0,0,0,0,0,0,0,0,0,0,0,0,39.9145,-75.1736, , 
25616,304058,2015063003,6,67,67301,2015,6,3,310,3,3,2,1,7,2,1,4,Y,0,0,0,3,0,0,1,1,N,N,40 01:15.097,75 02:30.864,324,45,312,1,2,1,Y, ,0,Y,N,N,N,N,Y,N,N,Y,1,1,0,0,0,0,0,0,0,0,0,0,0,0,0,0,0,0,0,0,0,0,0,0,0,0,0,0,0,0,0,0,0,0,0,0,0,40.0209,-75.0419, , 
25617,304062,2015070619,6,67,67301,2015,6,7,915,9,1,1,0,7,4, , ,N,0,0,0,3,0,0,1,1,N,N,40 02:06.168,75 14:05.209,920, ,915, ,0, ,N, ,0, , , , , , , , , ,1,0,0,0,0,1,0,0,0,0,0,0,0,0,0,0,0,0,0,0,0,0,0,0,0,0,0,0,0,0,0,0,0,0,0,0,1,40.035,-75.2348, , 
25618,304073,2015077824,6,67,67301,2015,7,4,1135,11,1,1,0,4,1, , ,N,3,3,0,3,0,1,2,2,N,N,39 55:33.279,75 10:05.293,1139, ,1138, ,0, ,N, ,3, , , , , , , , , ,1,0,0,0,0,0,1,0,1,0,0,1,1,0,0,0,0,0,0,0,0,0,0,0,0,0,0,0,0,0,0,0,0,0,0,4,0,39.9259,-75.1681, , 
25619,304082,2015090447,6,67,67301,2015,8,3,1028,10,1,1,0,7,3, , ,N,0,0,0,3,0,0,1,1,N,N,39 54:08.581,75 09:04.371,1033, ,1033,1,1,2,N, ,0,N, , , , , , , , ,1,0,0,0,0,0,1,0,0,0,0,0,0,0,0,0,0,0,0,0,0,0,0,0,0,0,0,0,0,0,0,0,0,0,0,0,0,39.9024,-75.1512, , 
25620,304094,2015103418,6,67,67301,2015,9,7,1900,19,3,8,0,4,1, , ,N,1,2,0,3,0,1,2,2,N,N,40 00:27.560,75 09:05.322,2013, ,2011, ,0, ,N, ,3, , , , , , , , , ,1,1,0,0,0,0,0,0,1,0,0,0,1,1,1,0,0,0,0,0,0,0,0,0,0,0,0,0,0,0,0,0,0,0,0,8,0,40.0077,-75.1515, , 
25621,304107,2015015599,6,67,67301,2015,1,5,1835,18,3,1,0,4,1, , ,N,1,2,0,3,0,1,2,2,N, ,39 57:22.453,75 11:38.974,1845, ,1845, ,0, , , ,3, , , , , , , , , ,1,0,0,0,1,0,0,0,1,0,0,1,1,0,0,0,0,0,0,0,0,0,0,0,0,0,0,0,0,0,0,0,0,0,0,4,0,39.9562,-75.1941, , 
25622,304108,2015017951,6,67,67301,2015,2,3,1610,16,1,1,0,4,1, , ,N,1,2,0,3,0,0,2,2,N,N,39 58:50.962,75 09:01.180,1615, ,1615, ,0, ,N, ,3, , , , , , , , , ,2,1,0,0,0,0,1,0,0,0,0,0,0,0,0,0,0,0,0,0,0,0,0,0,0,0,0,0,0,0,0,0,0,0,0,0,0,39.9808,-75.1503, , 
25623,304120,2015028760,6,67,67301,2015,2,7,1353,13,1,4,3,7,4, , ,N,0,0,0,3,0,2,3,1,N,N,39 58:43.542,75 12:24.202,1410, ,1402, ,0, ,N, ,0, , , , , , , , , ,1,1,0,0,0,0,0,0,0,0,0,0,2,2,0,0,0,0,0,0,1,0,0,0,0,0,0,0,0,0,0,0,0,0,0,8,0,39.9788,-75.2067, , 
25624,304123,2015031180,6,67,67301,2015,2,3,2310,23,3,1,0,5,1, , ,N,0,0,0,3,0,0,2,2,N,N,39 58:02.360,75 07:56.999,2326, ,2312,2,2,1,N, ,0,N, , , , , , , , ,2,0,0,0,0,0,1,1,0,0,0,0,0,0,0,0,0,0,0,0,0,0,0,0,0,0,0,0,0,0,0,0,0,0,0,0,0,39.9673,-75.1325, , 
25625,304143,2015051497,6,67,67301,2015,5,1,1517,15,1,1,0,1,1, , ,N,0,0,3,3,0,1,5,2,N,N,40 00:42.287,75 12:18.563,1517, ,1517, ,0, ,N, ,0, , , , , , , , , ,2,1,0,0,0,0,1,0,0,0,0,0,1,1,0,0,0,0,1,0,0,0,0,0,0,0,0,0,0,0,0,0,0,0,0,8,0,40.0117,-75.2052, , 
25626,304156,2015063927,6,67,67301,2015,6,1,215,2,3,1,0,5,6, , ,N,0,0,0,3,0,0,1,5,N,N,40 01:15.092,75 07:34.714,217, ,216, ,0, , , ,0, , , , , , , , , ,5,5,0,0,0,0,0,0,0,0,0,0,0,0,1,0,0,0,0,0,0,0,0,0,0,0,0,0,0,0,0,0,0,0,0,9,0,40.0209,-75.1263, , 