objectid_1,objectid,crn,district,county,municipality,crash_year,crash_month,day_of_week,time_of_day,hour_of_day,illumination,weather,road_condition,collision_type,relation_to_road,work_zone_type,work_zone_loc,work_zone_ind,intersect_type,tcd_type,location_type,urban_rural,fatal_count,injury_count,person_count,total_units,sch_bus_ind,sch_zone_ind,latitude,longitude,arrival_tm,cons_zone_spd_lim,dispatch_tm,est_hrs_closed,lane_closed,ln_close_dir,ntfy_hiwy_maint,spec_juris_cd,tcd_func_cd,tfc_detour_ind,workers_pres,wz_close_detour,wz_flagger,wz_law_offcr_ind,wz_ln_closure,wz_moving,wz_other,wz_shlder_mdn,vehicle_count,automobile_count,motorcycle_count,bus_count,small_truck_count,heavy_truck_count,suv_count,van_count,bicycle_count,maj_inj_count,mod_inj_count,min_inj_count,tot_inj_count,unk_inj_deg_count,unk_inj_per_count,driver_count_16yr,driver_count_17yr,driver_count_18yr,driver_count_19yr,driver_count_20yr,driver_count_50_64yr,driver_count_65_74yr,driver_count_75plus,unbelted_occ_count,unb_death_count,unb_maj_inj_count,belted_death_count,belted_maj_inj_count,mcycle_death_count,mcycle_maj_inj_count,bicycle_death_count,bicycle_maj_inj_count,ped_count,ped_death_count,ped_maj_inj_count,max_severity_level,comm_veh_count,dec_lat,dec_long,rdwy_surf_type_cd,county_name
25694,304240,2015070623,6,67,67301,2015,6,7,2300,23,3,2,1,1,1, , ,N,1,2,0,3,0,1,8,4,N,N,39 57:06.984,75 09:35.699,2321, ,2317,2,2,3,N, ,2,Y, , , , , , , , ,4,3,0,0,1,0,0,0,0,0,1,0,1,0,0,0,0,0,0,0,0,1,0,0,0,0,0,0,0,0,0,0,0,0,0,3,0,39.9519,-75.1598, , 
25695,304244,2015078237,6,67,67301,2015,7,7,1621,16,1,1,0,4,1, , ,N,1,2,0,3,0,1,2,2,N,N,40 01:01.444,75 05:04.984,1734, ,1724, ,0, ,N, ,3, , , , , , , , , ,1,1,0,0,0,0,0,0,1,0,0,1,1,0,1,0,0,0,0,0,0,0,0,0,0,0,0,0,0,0,0,0,0,0,0,4,0,40.0171,-75.0847, , 
25696,304249,2015053956,6,67,67301,2015,4,4,2325,23,3,1,0,4,1, , ,N,1,2,0,3,0,0,4,2,N, ,39 57:24.462,75 14:38.029,2333, ,2330,9,1,4, , ,3,N, , , , , , , , ,2,2,0,0,0,0,0,0,0,0,0,0,0,0,1,0,0,0,0,0,0,0,0,0,0,0,0,0,0,0,0,0,0,0,0,9,0,39.9568,-75.2439, , 
25697,304251,2015058165,6,67,67301,2015,5,1,250,2,3,1,0,1,1, , ,N,0,0,1,3,0,1,5,2,N,N,39 57:28.998,75 09:50.636,302, ,254, ,0, ,N, ,0, , , , , , , , , ,2,2,0,0,0,0,0,0,0,0,0,1,1,0,1,0,0,0,0,0,0,0,0,0,0,0,0,0,0,0,0,0,0,0,0,4,0,39.9581,-75.1641, , 
25698,304260,2015063917,6,67,67301,2015,6,3,1000,10,1,2,1,4,1, , ,N,1,2,0,3,0,1,3,3,N, ,39 59:57.469,75 06:38.357,1015, ,1013, ,0, , , ,2, , , , , , , , , ,3,0,0,0,1,0,0,2,0,0,0,1,1,0,0,0,0,0,0,0,0,0,0,0,0,0,0,0,0,0,0,0,0,0,0,4,0,39.9993,-75.1107, , 
25699,304261,2015063975,6,67,67301,2015,5,5,2036,20,1,1,0,4,1, , ,N,0,0,7,3,0,0,2,2,N,N,39 57:45.534,75 09:41.077,2036, ,2036, ,0, ,N, ,0, , , , , , , , , ,2,2,0,0,0,0,0,0,0,0,0,0,0,0,0,0,0,0,0,0,0,0,0,0,0,0,0,0,0,0,0,0,0,0,0,0,0,39.9626,-75.1614, , 
25700,304266,2015073082,6,67,67301,2015,6,3,803,8,1,1,0,1,1,1,4,Y,0,0,0,3,0,1,2,2,N,N,40 01:16.604,75 02:28.718,831,45,803, ,0, ,N, ,0, ,Y,N,N,N,N,N,Y,N,2,2,0,0,0,0,0,0,0,0,0,0,1,1,0,0,0,0,0,0,0,0,0,0,0,0,0,0,0,0,0,0,0,0,0,8,0,40.0213,-75.0413, , 
25701,304273,2015078214,6,67,67301,2015,7,2,1714,17,1,1,0,8,1, , ,N,5,2,0,3,0,1,2,2,N,N,39 57:17.234,75 09:58.979,1716, ,1715, ,0, ,N, ,3, , , , , , , , , ,1,1,0,0,0,0,0,0,0,0,0,1,1,0,0,0,0,0,0,0,0,0,0,0,0,0,0,0,0,0,0,0,1,0,0,4,0,39.9548,-75.1664, , 
25702,304274,2015078275,6,67,67301,2015,7,3,1325,13,1,1,0,4,1, , ,N,1,2,0,3,0,0,2,2,N,N,39 56:41.578,75 10:01.077,1355, ,1345, ,0, ,N, ,3, , , , , , , , , ,2,1,0,0,0,0,1,0,0,0,0,0,0,0,0,0,0,0,0,0,0,0,0,0,0,0,0,0,0,0,0,0,0,0,0,0,0,39.9449,-75.167, , 
25703,304284,2015088700,6,67,67301,2015,8,4,1058,10,1,1,0,4,1, , ,N,1,3,0,3,0,0,2,2,N,N,40 02:48.494,75 05:38.374,1110, ,1104,1,1,2,N, ,3,N, , , , , , , , ,2,1,0,0,1,0,0,0,0,0,0,0,0,0,0,0,0,0,0,0,1,0,0,0,0,0,0,0,0,0,0,0,0,0,0,0,0,40.0468,-75.094, , 
25704,304288,2015091134,6,67,67301,2015,8,5,916,9,1,1,0,8,1, , ,N,0,0,0,3,0,1,2,2,N,N,39 57:21.565,75 11:34.156,916, ,916, ,0, ,N, ,0, , , , , , , , , ,1,1,0,0,0,0,0,0,0,0,0,0,1,1,0,0,0,0,0,0,0,0,0,0,0,0,0,0,0,0,0,0,1,0,0,8,0,39.956,-75.1928, , 
25705,304327,2015038675,6,67,67301,2015,3,4,2300,23,3,1,0,1,1, , ,N,0,0,0,3,0,1,5,3,N,N,39 56:46.848,75 14:39.324,2310, ,2301, ,0, ,N, ,0, , , , , , , , , ,3,1,0,0,0,0,2,0,0,0,0,0,1,1,0,0,0,0,0,0,1,0,0,0,0,0,0,0,0,0,0,0,0,0,0,8,0,39.9463,-75.2443, , 
25706,304333,2015049152,6,67,67301,2015,4,4,2130,21,3,1,0,5,6, , ,N,0,0,0,3,0,0,1,3,N, ,40 00:03.895,75 06:14.083,2145, ,2145, ,0, , , ,0, , , , , , , , , ,3,2,0,0,0,0,1,0,0,0,0,0,0,0,0,0,0,0,0,0,0,0,0,0,0,0,0,0,0,0,0,0,0,0,0,0,0,40.0011,-75.1039, , 
25707,304335,2015051439,6,67,67301,2015,4,3,1100,11,1,1,0,4,1, , ,N,2,3,0,3,0,1,2,2,N,N,40 01:32.502,75 12:09.049,1105, ,1102,9,2,1,N, ,3,Y, , , , , , , , ,2,0,0,0,0,0,2,0,0,1,0,0,1,0,1,0,0,0,0,0,0,1,1,0,0,0,0,1,0,0,0,0,0,0,0,2,0,40.0257,-75.2025, , 
25708,304348,2015059185,6,67,67301,2015,5,6,1,0,3,1,0,4,1, , ,N,0,0,0,3,0,8,9,3,N,N,39 59:57.223,75 11:43.743,9, ,2,2,2,3,N, ,0,N, , , , , , , , ,3,2,0,0,0,0,1,0,0,0,1,7,8,0,0,0,0,0,0,0,0,0,0,7,0,0,0,0,0,0,0,0,0,0,0,3,0,39.9992,-75.1955, , 
25709,310102,2015091163,6,67,67301,2015,8,3,50,0,3,2,1,1,1, , ,N,0,0,0,3,0,0,2,2,N, ,40 01:00.487,75 12:09.039,1300, ,55,1,2,1,N, ,0,Y, , , , , , , , ,2,2,0,0,0,0,0,0,0,0,0,0,0,0,0,0,0,0,0,0,0,1,0,0,0,0,0,0,0,0,0,0,0,0,0,0,0,40.0168,-75.2025, , 
25710,310134,2015015594,6,67,67301,2015,1,7,1405,14,1,1,0,4,1, , ,N,1,3,0,3,0,1,3,2,N,N,39 59:51.507,75 04:41.897,1426, ,1414,2,1,1,N, ,3,N, , , , , , , , ,2,2,0,0,0,0,0,0,0,0,0,1,1,0,0,0,0,0,0,0,0,0,0,0,0,0,0,0,0,0,0,0,0,0,0,4,0,39.9976,-75.0783, , 
25711,310138,2015018960,6,67,67301,2015,1,7,210,2,3,8,4,4,1, , ,N,2,2,2,3,0,0,2,2,N,N,39 54:43.185,75 09:01.851,224, ,217, ,0, , , ,3, , , , , , , , , ,2,1,0,0,0,1,0,0,0,0,0,0,0,0,0,0,0,0,0,0,1,0,0,0,0,0,0,0,0,0,0,0,0,0,0,0,1,39.912,-75.1505, , 
25712,310140,2015021391,6,67,67301,2015,1,2,1540,15,1,2,1,4,1, , ,N,1,0,0,3,0,0,2,2,N, ,39 57:39.603,75 09:28.396,1550, ,1543, ,0, , , ,0, , , , , , , , , ,2,1,0,0,1,0,0,0,0,0,0,0,0,0,2,0,0,0,0,0,0,0,0,0,0,0,0,0,0,0,0,0,0,0,0,9,0,39.961,-75.1579, , 
25713,310155,2015038985,6,67,67301,2015,3,7,205,2,3,2,1,4,1, , ,N,2,3,0,3,0,4,7,2,N,N,39 56:48.894,75 13:11.204,210, ,206, ,0, , , ,3, , , , , , , , , ,2,1,0,0,0,0,1,0,0,0,0,0,4,4,0,0,0,0,0,0,0,0,0,0,0,0,0,0,0,0,0,0,0,0,0,8,0,39.9469,-75.2198, , 
25714,310158,2015043238,6,67,67301,2015,3,3,1320,13,1,1,0,4,1, , ,N,1,2,0,3,0,2,2,3,N,N,39 58:29.823,75 07:22.249,1326, ,1325, ,0, , , ,3, , , , , , , , , ,3,2,0,0,1,0,0,0,0,0,1,1,2,0,0,0,0,0,0,0,0,0,0,0,0,0,0,0,0,0,0,0,0,0,0,3,0,39.975,-75.1228, , 
25715,310171,2015056945,6,67,67301,2015,5,3,1632,16,1,1,0,8,1, , ,N,1,2,0,3,0,1,2,2,N,N,40 02:12.848,75 08:02.883,1632, ,1632, ,0, ,N, ,3, , , , , , , , , ,1,1,0,0,0,0,0,0,0,0,0,0,1,1,0,0,0,0,0,0,0,0,0,0,0,0,0,0,0,0,0,0,1,0,0,8,0,40.0369,-75.1341, , 
25716,310178,2015061783,6,67,67301,2015,5,6,2348,23,3,1,0,7,2, , ,N,0,0,0,3,0,0,2,1,N, ,40 00:26.624,75 12:19.654,26, ,11, ,0, , , ,0, , , , , , , , , ,1,0,0,0,0,0,1,0,0,0,0,0,0,0,0,0,0,0,0,0,0,0,0,0,0,0,0,0,0,0,0,0,0,0,0,0,0,40.0074,-75.2055, , 
25717,310193,2015073251,6,67,67301,2015,7,5,520,5,1,1,0,7,2, , ,N,0,0,0,3,0,1,1,1,N,N,40 04:35.774,75 02:56.731,534, ,524,1,1,3,N, ,0,Y, , , , , , , , ,1,1,0,0,0,0,0,0,0,0,1,0,1,0,0,0,0,0,0,0,1,0,0,0,0,0,0,0,0,0,0,0,0,0,0,3,0,40.0766,-75.0491, , 
25718,310202,2015078279,6,67,67301,2015,7,3,1319,13,1,1,0,4,1, , ,N,1,2,0,3,0,1,7,2,N,N,40 01:12.877,75 06:50.707,1325, ,1319,1,1,2,N, ,3,N, , , , , , , , ,2,0,0,0,0,1,1,0,0,0,0,1,1,0,0,0,0,0,0,0,1,0,0,0,0,0,0,0,0,0,0,0,0,0,0,4,0,40.0202,-75.1141, , 
25719,310210,2015088798,6,67,67301,2015,8,6,1059,10,1,1,0,1,1, , ,N,0,0,0,3,0,1,3,2,N,N,40 02:54.221,75 03:05.925,1106, ,1100,1,1,2,N, ,0,N, , , , , , , , ,2,2,0,0,0,0,0,0,0,0,0,1,1,0,0,0,0,0,0,0,0,0,1,0,0,0,0,0,0,0,0,0,0,0,0,4,0,40.0484,-75.0516, , 
25720,310218,2015100516,6,46,46108,2015,9,4,2237,22,3,1,0,4,1, , ,N,1,2,0,3,0,1,6,2,N,N,40 05:34.487,75 13:25.053,2240, ,2237,2,1,2,N, ,3,N, , , , , , , , ,2,2,0,0,0,0,0,0,0,0,0,0,1,1,0,0,0,0,0,1,0,0,0,5,0,0,0,0,0,0,0,0,0,0,0,8,0,40.0929,-75.2236, , 
25721,310234,2015069749,6,67,67301,2015,6,1,2300,23,3,2,1,1,1, , ,N,3,0,2,3,0,1,2,2,N,N,39 58:19.726,75 07:29.308,2318, ,2315, ,0, ,N, ,0, , , , , , , , , ,2,2,0,0,0,0,0,0,0,0,0,1,1,0,0,0,0,0,0,0,0,0,0,0,0,0,0,0,0,0,0,0,0,0,0,4,0,39.9725,-75.1235, , 
25722,310241,2015073724,6,67,67301,2015,6,3,0,0,3,1,0,4,1, , ,N,1,0,0,3,0,0,1,3,N,N,39 57:29.433,75 13:44.921,20, ,15, ,0, ,N, ,0, , , , , , , , , ,3,1,0,0,2,0,0,0,0,0,0,0,0,0,1,0,0,0,0,0,0,0,0,0,0,0,0,0,0,0,0,0,0,0,0,9,0,39.9582,-75.2291, , 
25723,310249,2015078690,6,67,67301,2015,7,7,1128,11,1,1,0,4,1, , ,N,0,0,0,3,0,1,2,2,N,N,39 57:44.288,75 14:48.829,1130, ,1128, ,0, ,N, ,0, , , , , , , , , ,1,0,0,0,0,0,1,0,1,0,0,0,1,1,0,0,0,0,0,0,0,1,0,0,0,0,0,0,0,0,0,0,0,0,0,8,0,39.9623,-75.2469, , 
25724,310256,2015084412,6,67,67301,2015,8,7,905,9,1,1,0,4,1, , ,N,1,2,0,3,0,0,2,2,N,N,40 01:17.486,75 08:23.326,920, ,910, ,0, ,N, ,3, , , , , , , , , ,2,0,0,0,0,0,2,0,0,0,0,0,0,0,0,0,0,0,0,0,0,0,0,0,0,0,0,0,0,0,0,0,0,0,0,0,0,40.0215,-75.1398, , 
25725,310268,2015042050,6,67,67301,2015,3,7,720,7,1,1,0,7,4, , ,N,0,0,0,3,0,1,1,2,N,N,39 54:11.371,75 14:24.036,732, ,732, ,0, ,N, ,0, , , , , , , , , ,1,0,0,0,0,1,0,0,0,0,0,1,1,0,0,0,0,0,0,0,0,0,0,0,0,0,0,0,0,0,0,0,0,0,0,4,1,39.9032,-75.24, , 
25726,310291,2015081031,6,67,67301,2015,7,4,9999,99,1,1,0,5,1, , ,N,0,0,0,3,0,0,2,2,N,N,39 57:58.934,75 10:42.123,1920, ,1906, ,0, ,N, ,0, , , , , , , , , ,2,0,0,0,0,0,2,0,0,0,0,0,0,0,0,0,0,0,0,0,0,0,0,0,0,0,0,0,0,0,0,0,0,0,0,0,0,39.9664,-75.1784, , 
25727,310312,2015107473,6,67,67301,2015,10,5,1545,15,1,2,1,4,1, , ,N,1,3,0,3,0,0,3,2,N,N,39 59:03.318,75 08:25.749,1632, ,1622, ,0, ,N, ,3, , , , , , , , , ,2,2,0,0,0,0,0,0,0,0,0,0,0,0,0,0,0,0,0,0,0,0,0,0,0,0,0,0,0,0,0,0,0,0,0,0,0,39.9843,-75.1405, , 
25728,307639,2015063919,6,67,67301,2015,6,4,2230,22,3,1,0,4,1, , ,N,1,3,0,3,0,0,2,2,N, ,40 01:34.816,75 04:52.910,2259, ,2259, ,0, , , ,3, , , , , , , , , ,2,0,0,0,1,0,1,0,0,0,0,0,0,0,0,0,0,1,0,0,0,0,0,0,0,0,0,0,0,0,0,0,0,0,0,0,0,40.0263,-75.0814, , 
25729,307682,2015066211,6,67,67301,2015,6,3,250,2,3,8,1,7,2, , ,N,0,0,2,3,0,0,1,1,N, ,39 53:28.181,75 13:46.096,305, ,303, ,0, , , ,0, , , , , , , , , ,1,1,0,0,0,0,0,0,0,0,0,0,0,0,0,0,0,0,0,0,0,0,0,0,0,0,0,0,0,0,0,0,0,0,0,0,0,39.8912,-75.2295, , 
25730,307686,2015070656,6,67,67301,2015,6,6,300,3,3,2,1,1,1, , ,N,1,2,0,3,0,0,2,2,N,N,40 02:38.691,75 07:43.766,315, ,305, ,0, , , ,3, , , , , , , , , ,2,1,0,0,0,0,1,0,0,0,0,0,0,0,0,0,0,0,0,0,0,0,0,0,0,0,0,0,0,0,0,0,0,0,0,0,0,40.0441,-75.1288, , 
25731,307692,2015072877,6,67,67301,2015,6,5,1551,15,1,1,0,4,1, , ,N,1,2,0,3,0,5,6,5,N,N,40 01:28.740,75 07:25.247,1558, ,1557, ,0, ,N, ,3, , , , , , , , , ,5,2,0,0,0,0,3,0,0,2,1,2,5,0,0,0,0,0,0,0,3,0,0,2,0,1,0,1,0,0,0,0,0,0,0,2,0,40.0247,-75.1237, , 
25732,307709,2015092467,6,67,67301,2015,8,7,1720,17,1,1,0,4,1, , ,N,1,2,0,3,0,4,4,2,N,N,39 59:15.993,75 10:03.457,1720, ,1720,1,1,1,N, ,3,N, , , , , , , , ,2,2,0,0,0,0,0,0,0,0,0,4,4,0,0,0,0,0,0,0,0,0,0,0,0,0,0,0,0,0,0,0,0,0,0,4,0,39.9878,-75.1676, , 
25733,307711,2015098514,6,67,67301,2015,9,6,1247,12,1,1,0,1,1, , ,N,0,2,0,3,0,1,5,3,N,N,39 59:23.250,75 15:02.489,1249, ,1247, ,0, ,N, ,3, , , , , , , , , ,3,2,0,0,1,0,0,0,0,0,0,1,1,0,0,0,0,0,0,0,3,0,0,0,0,0,0,0,0,0,0,0,0,0,0,4,0,39.9898,-75.2507, , 
25734,307726,2015081099,6,67,67301,2015,7,1,0,0,3,1,0,4,1, , ,N,0,0,7,3,0,2,3,2,N, ,40 02:49.254,75 04:12.237,14, ,13, ,0, , , ,0, , , , , , , , , ,2,1,0,0,0,0,1,0,0,0,0,2,2,0,0,0,0,0,0,0,0,0,0,0,0,0,0,0,0,0,0,0,0,0,0,4,0,40.047,-75.0701, , 
25735,307755,2015112131,6,67,67301,2015,10,7,1153,11,1,1,0,8,1, , ,N,0,0,0,3,0,1,2,2,N,N,39 55:37.218,75 08:56.799,1210, ,1201, ,0, ,N, ,0, , , , , , , , , ,1,0,0,0,0,0,1,0,0,0,1,0,1,0,0,0,0,0,0,0,0,0,0,0,0,0,0,0,0,0,0,0,1,0,0,3,0,39.927,-75.1491, , 
25736,307759,2015120523,6,67,67301,2015,11,3,2142,21,3,1,0,7,4, , ,N,1,2,0,3,0,0,1,1,N, ,39 57:28.502,75 08:55.805,2150, ,2147, ,0, , , ,3, , , , , , , , , ,1,1,0,0,0,0,0,0,0,0,0,0,0,0,0,0,0,0,0,0,1,0,0,0,0,0,0,0,0,0,0,0,0,0,0,0,0,39.958,-75.1488, , 
25737,307760,2015121084,6,67,67301,2015,11,1,1820,18,3,1,0,8,1, , ,N,1,2,0,3,0,1,2,2,N,N,39 59:11.857,75 10:16.377,1830, ,1825,3,1,3, , ,3,N, , , , , , , , ,1,0,0,0,1,0,0,0,0,0,0,1,1,0,0,0,0,0,0,0,0,0,1,1,0,0,0,0,0,0,0,0,1,0,0,4,0,39.9866,-75.1712, , 
25738,307768,2015073641,6,67,67301,2015,7,7,2354,23,3,1,0,4,1, , ,N,1,2,0,3,0,0,2,2,N,N,40 00:07.962,75 09:27.759,2, ,2,3,1,2,N, ,3,N, , , , , , , , ,2,2,0,0,0,0,0,0,0,0,0,0,0,0,1,0,0,0,0,0,0,0,0,0,0,0,0,0,0,0,0,0,0,0,0,9,0,40.0022,-75.1577, , 
25739,307773,2015058841,6,67,67301,2015,5,3,1104,11,1,1,0,1,1, , ,N,0,0,0,3,0,1,2,2,N,N,39 58:20.629,75 11:36.646,1104, ,1104,1,1,4,N, ,0,N, , , , , , , , ,2,1,0,0,1,0,0,0,0,0,1,0,1,0,0,0,0,0,0,0,1,0,1,0,0,0,0,0,0,0,0,0,0,0,0,3,0,39.9724,-75.1935, , 
25740,307776,2015061770,6,67,67301,2015,5,5,1450,14,1,1,0,4,1, , ,N,0,0,7,3,0,1,2,2,N,Y,40 01:03.382,75 08:04.583,1452, ,1502, ,0, ,N, ,0, , , , , , , , , ,2,0,1,0,1,0,0,0,0,0,0,0,1,1,0,0,0,0,0,0,1,0,0,0,0,0,0,0,0,0,0,0,0,0,0,8,0,40.0176,-75.1346, , 
25741,307784,2015073240,6,67,67301,2015,6,3,7,0,3,2,0,5,6, , ,N,0,0,0,3,0,0,1,3,N,N,39 54:56.361,75 09:45.298,8, ,8, ,0, ,N, ,0, , , , , , , , , ,3,1,0,0,0,0,1,0,0,0,0,0,0,0,0,0,0,0,0,0,0,0,0,0,0,0,0,0,0,0,0,0,0,0,0,0,0,39.9157,-75.1626, , 
25742,307788,2015080673,6,67,67301,2015,7,6,717,7,1,1,0,4,1, , ,N,1,2,0,3,0,1,3,2,N,N,40 06:50.926,74 59:15.880,727, ,718,1,2,2,N, ,3,Y, , , , , , , , ,2,0,1,0,0,0,1,0,0,0,1,0,1,0,0,0,0,0,0,0,0,0,0,0,0,0,0,0,0,0,0,0,0,0,0,3,0,40.1143,-74.9879, , 
25743,307793,2015084429,6,67,67301,2015,7,5,1917,19,1,2,1,4,1, , ,N,0,0,7,3,0,2,2,2,N, ,39 58:40.022,75 08:01.496,2113, ,1917, ,0, , , ,0, , , , , , , , , ,2,2,0,0,0,0,0,0,0,0,0,2,2,0,0,0,0,0,0,0,1,0,0,0,0,0,0,0,0,0,0,0,0,0,0,4,0,39.9778,-75.1337, , 
25744,307794,2015084464,6,67,67301,2015,7,5,1000,10,1,1,0,1,1, , ,N,2,2,0,3,0,1,2,3,N,N,40 05:38.626,74 59:20.907,1015, ,1011,3,2,4,N, ,3,Y, , , , , , , , ,3,2,0,0,0,1,0,0,0,1,0,0,1,0,0,0,0,0,0,0,0,0,0,1,0,1,0,0,0,0,0,0,0,0,0,2,1,40.0941,-74.9891, , 
25745,307797,2015087884,6,67,67301,2015,6,5,1600,16,1,1,0,4,1, , ,N,0,0,7,3,0,1,2,2,N,N,40 00:27.595,75 12:36.043,0, ,0, ,0, ,N, ,0, , , , , , , , , ,2,1,0,0,0,0,1,0,0,0,0,0,1,1,0,0,0,0,0,0,0,0,0,0,0,0,0,0,0,0,0,0,0,0,0,8,0,40.0077,-75.21, , 
25746,301196,2015038681,6,67,67301,2015,3,1,1345,13,1,1,0,1,1, , ,N,1,2,0,3,0,1,3,2,N,N,39 57:21.002,75 10:28.581,1400, ,1400,1,1,4,N, ,3,Y, , , , , , , , ,2,1,0,0,0,0,1,0,0,0,0,0,1,1,0,0,0,0,0,0,1,0,0,0,0,0,0,0,0,0,0,0,0,0,0,8,0,39.9558,-75.1746, , 
25747,301209,2015059101,6,67,67301,2015,5,4,1830,18,1,1,0,4,1, , ,N,1,2,0,3,0,1,2,2,N, ,39 57:34.444,75 11:49.297,1834, ,1833, ,0, , , ,3, , , , , , , , , ,1,1,0,0,0,0,0,0,1,0,0,0,1,1,0,0,0,0,0,0,0,0,0,0,0,0,0,0,0,0,0,0,0,0,0,8,0,39.9596,-75.197, , 
25748,301219,2015012385,6,67,67301,2015,1,6,2215,22,3,1,0,7,2, , ,N,0,0,3,3,0,1,1,1,N, ,39 59:56.558,75 09:31.000,2223, ,2220,9,2,5, , ,0,N, , , , , , , , ,1,1,0,0,0,0,0,0,0,0,0,0,1,1,0,0,0,0,0,0,0,0,0,1,0,0,0,0,0,0,0,0,0,0,0,8,0,39.999,-75.1586, , 
25749,301251,2015045348,6,67,67301,2015,4,4,223,2,3,2,1,1,1, , ,N,1,2,0,3,0,1,4,2,N,N,39 55:16.534,75 11:37.854,228, ,226, ,0, ,N, ,3, , , , , , , , , ,2,1,0,0,1,0,0,0,0,0,0,1,1,0,0,0,0,0,0,0,0,0,0,0,0,0,0,0,0,0,0,0,0,0,0,4,0,39.9211,-75.1938, , 
25750,301272,2015055631,6,67,67301,2015,5,2,2155,21,3,1,0,4,1, , ,N,1,2,0,3,0,0,8,2,N,N,39 59:49.557,75 14:07.172,2157, ,2155, ,0, ,N, ,3, , , , , , , , , ,2,1,0,0,0,0,1,0,0,0,0,0,0,0,0,0,0,1,0,0,1,0,0,0,0,0,0,0,0,0,0,0,0,0,0,0,0,39.997,-75.2353, , 
25751,301286,2015070599,6,67,67301,2015,6,1,1310,13,1,1,0,1,1, , ,N,1,2,0,3,0,2,4,2,N,N,40 01:33.550,75 07:19.144,1320, ,1310, ,0, , , ,3, , , , , , , , , ,2,0,0,0,1,0,0,1,0,0,0,2,2,0,0,0,0,0,0,0,1,0,0,4,0,0,0,0,0,0,0,0,0,0,0,4,0,40.026,-75.122, , 
25752,301289,2015075834,6,67,67301,2015,7,2,2043,20,4,1,0,5,6, , ,N,0,0,0,3,0,0,1,4,N,N,39 59:59.280,75 07:59.361,2053, ,2053, ,0, ,N, ,0, , , , , , , , , ,4,1,0,0,1,0,1,1,0,0,0,0,0,0,0,0,0,0,0,0,0,0,0,1,0,0,0,0,0,0,0,0,0,0,0,0,0,39.9998,-75.1332, , 
25753,301295,2015083963,6,67,67301,2015,7,7,1635,16,1,1,0,7,1,1,4,Y,0,0,0,3,0,1,1,1,N,N,39 59:32.886,75 05:07.326,1643,45,1638, ,0, ,Y, ,0, ,N,N,N,N,N,N,N,Y,1,1,0,0,0,0,0,0,0,0,0,1,1,0,0,0,0,0,0,0,0,0,0,0,0,0,0,0,0,0,0,0,0,0,0,4,0,39.9925,-75.0854, , 
25754,301296,2015084404,6,67,67301,2015,8,1,1635,16,1,1,0,4,1, , ,N,0,0,0,3,0,1,2,2,N,N,40 01:01.682,75 05:23.571,1650, ,1644, ,0, ,N, ,0, , , , , , , , , ,1,0,0,0,0,0,1,0,1,0,0,1,1,0,0,0,0,0,0,0,0,0,0,0,0,0,0,0,0,0,0,0,0,0,0,4,0,40.0171,-75.0899, , 
25755,301298,2015086256,6,67,67301,2015,8,2,650,6,1,1,0,4,1, , ,N,0,0,0,3,0,1,2,2,N,N,40 03:38.900,75 09:40.700,1845, ,1845, ,0, ,N, ,0, , , , , , , , , ,2,1,0,0,1,0,0,0,0,0,0,1,1,0,0,0,0,0,0,0,0,0,0,0,0,0,0,0,0,0,0,0,0,0,0,4,0,40.0608,-75.1613, , 
25756,301301,2015089184,6,67,67301,2015,8,1,815,8,1,1,0,4,1, , ,N,0,0,7,3,0,1,2,2,N,N,40 03:01.048,75 07:01.532,818, ,815,1,2,4,N, ,0,N, , , , , , , , ,2,0,1,0,0,0,0,1,0,0,1,0,1,0,0,0,0,0,0,0,0,0,1,0,0,0,0,0,0,0,0,0,0,0,0,3,0,40.0503,-75.1171, , 
25757,301318,2015020844,6,67,67301,2015,1,2,2130,21,3,8,1,4,1, , ,N,1,3,0,3,0,1,3,2,N,N,39 56:45.772,75 12:59.363,2359, ,2350, ,0, ,N, ,3, , , , , , , , , ,2,1,0,0,0,0,0,1,0,0,1,0,1,0,0,0,0,0,0,0,0,0,0,0,0,0,0,0,0,0,0,0,0,0,0,3,0,39.946,-75.2165, , 
25758,301332,2015038567,6,67,67301,2015,3,7,1854,18,4,2,1,4,1, , ,N,1,3,0,3,0,0,2,2,N,N,39 57:21.985,75 13:25.273,1905, ,1902, ,0, ,N, ,3, , , , , , , , , ,2,2,0,0,0,0,0,0,0,0,0,0,0,0,0,0,0,0,0,0,0,0,0,0,0,0,0,0,0,0,0,0,0,0,0,0,0,39.9561,-75.2237, , 
25759,301362,2015053930,6,67,67301,2015,5,2,1430,14,1,1,0,8,1, , ,N,0,0,0,3,0,1,2,2,N, ,39 56:22.457,75 10:41.558,1640, ,1631, ,0, , , ,0, , , , , , , , , ,1,0,0,0,1,0,0,0,0,0,0,0,1,1,0,0,0,0,0,0,0,0,0,0,0,0,0,0,0,0,0,0,1,0,0,8,0,39.9396,-75.1782, , 
25760,301371,2015064509,6,67,67301,2015,6,6,1241,12,1,1,0,5,1, , ,N,0,8,3,3,0,0,3,2,N,N,39 54:47.835,75 10:45.445,1316, ,1313, ,0, ,N, ,3, , , , , , , , , ,2,1,0,0,0,1,0,0,0,0,0,0,0,0,0,0,0,0,0,0,1,0,0,0,0,0,0,0,0,0,0,0,0,0,0,0,1,39.9133,-75.1793, , 
25761,301375,2015066218,6,67,67301,2015,6,3,1620,16,1,1,0,1,1, , ,N,2,0,0,3,0,0,2,3,N, ,40 06:26.640,75 01:41.417,1635, ,1630,1,1,2, , ,0,N, , , , , , , , ,3,2,0,0,0,0,1,0,0,0,0,0,0,0,0,0,0,0,0,0,0,0,0,1,0,0,0,0,0,0,0,0,0,0,0,0,0,40.1074,-75.0282, , 