objectid_1,objectid,crn,district,county,municipality,crash_year,crash_month,day_of_week,time_of_day,hour_of_day,illumination,weather,road_condition,collision_type,relation_to_road,work_zone_type,work_zone_loc,work_zone_ind,intersect_type,tcd_type,location_type,urban_rural,fatal_count,injury_count,person_count,total_units,sch_bus_ind,sch_zone_ind,latitude,longitude,arrival_tm,cons_zone_spd_lim,dispatch_tm,est_hrs_closed,lane_closed,ln_close_dir,ntfy_hiwy_maint,spec_juris_cd,tcd_func_cd,tfc_detour_ind,workers_pres,wz_close_detour,wz_flagger,wz_law_offcr_ind,wz_ln_closure,wz_moving,wz_other,wz_shlder_mdn,vehicle_count,automobile_count,motorcycle_count,bus_count,small_truck_count,heavy_truck_count,suv_count,van_count,bicycle_count,maj_inj_count,mod_inj_count,min_inj_count,tot_inj_count,unk_inj_deg_count,unk_inj_per_count,driver_count_16yr,driver_count_17yr,driver_count_18yr,driver_count_19yr,driver_count_20yr,driver_count_50_64yr,driver_count_65_74yr,driver_count_75plus,unbelted_occ_count,unb_death_count,unb_maj_inj_count,belted_death_count,belted_maj_inj_count,mcycle_death_count,mcycle_maj_inj_count,bicycle_death_count,bicycle_maj_inj_count,ped_count,ped_death_count,ped_maj_inj_count,max_severity_level,comm_veh_count,dec_lat,dec_long,rdwy_surf_type_cd,county_name
25830,301538,2015083421,6,67,67301,2015,7,1,1900,19,1,1,0,8,1, , ,N,1,0,0,3,0,1,2,2,N,N,40 02:32.007,75 03:49.444,1907, ,1903, ,0, , , ,0, , , , , , , , , ,1,1,0,0,0,0,0,0,0,0,0,1,1,0,0,0,0,0,0,0,0,0,0,0,0,0,0,0,0,0,0,0,1,0,0,4,0,40.0422,-75.0637, , 
25831,301552,2015051978,6,67,67301,2015,5,7,9999,99,1,1,0,4,1, , ,N,1,2,0,3,0,1,4,2,N,N,40 00:26.697,75 08:12.693,1359, ,1359, ,0, ,N, ,3, , , , , , , , , ,2,1,0,0,0,1,0,0,0,0,0,0,1,1,0,0,0,0,0,0,1,0,0,0,0,0,0,0,0,0,0,0,0,0,0,8,1,40.0074,-75.1368, , 
25832,301569,2015071480,6,67,67301,2015,6,4,1348,13,1,1,0,1,1, , ,N,0,0,0,3,0,1,3,2,N,N,40 00:33.639,75 12:24.503,1410, ,1352, ,0, ,N, ,0, , , , , , , , , ,2,1,0,0,0,0,1,0,0,0,0,1,1,0,0,0,0,0,0,0,0,0,0,0,0,0,0,0,0,0,0,0,0,0,0,4,0,40.0093,-75.2068, , 
25833,301577,2015079288,6,67,67301,2015,7,3,1155,11,1,1,0,1,1, , ,N,0,0,0,3,0,1,6,4,N,N,39 57:36.586,75 10:48.806,1159, ,1158,2,2,4,N, ,0,N, , , , , , , , ,4,3,0,0,0,0,1,0,0,0,0,0,1,1,0,0,0,0,0,0,0,0,0,0,0,0,0,0,0,0,0,0,0,0,0,8,0,39.9602,-75.1802, , 
25834,301581,2015084040,6,67,67301,2015,8,5,1643,16,1,1,0,1,1, , ,N,6,0,2,3,0,1,2,2,N,N,39 58:27.765,75 07:06.664,1730, ,1704, ,0, ,N, ,0, , , , , , , , , ,2,1,0,0,0,1,0,0,0,0,0,1,1,0,0,0,0,0,0,0,0,0,0,0,0,0,0,0,0,0,0,0,0,0,0,4,1,39.9781,-75.1114, , 
25835,301601,2015057160,6,67,67301,2015,4,7,707,7,1,1,0,0,4, , ,N,0,0,2,3,1,0,1,1,N,N,40 00:18.765,75 11:39.039,712, ,707,3,2,1,N,0,0,N, , , , , , , , ,1,0,1,0,0,0,0,0,0,0,0,0,0,0,0,0,0,0,0,0,0,0,0,0,0,0,0,0,1,0,0,0,0,0,0,1,0,40.0052,-75.1942,2, 
25836,301610,2015066294,6,67,67301,2015,6,4,710,7,1,1,0,1,1, , ,N,0,2,0,3,0,1,3,2,N,N,40 03:38.381,74 59:24.227,735, ,730, ,0, ,N, ,3, , , , , , , , , ,2,0,0,0,0,0,2,0,0,0,0,1,1,0,0,0,0,0,1,0,0,0,0,0,0,0,0,0,0,0,0,0,0,0,0,4,0,40.0607,-74.9901, , 
25837,304553,2015063982,6,67,67301,2015,6,3,342,3,3,2,1,7,4, , ,N,1,2,0,3,0,0,1,1,N,N,40 01:50.847,75 06:43.088,350, ,342, ,0, ,N, ,3, , , , , , , , , ,1,1,0,0,0,0,0,0,0,0,0,0,0,0,1,0,0,0,0,0,0,0,0,0,0,0,0,0,0,0,0,0,0,0,0,9,0,40.0308,-75.112, , 
25838,304569,2015078262,6,67,67301,2015,7,6,1042,10,1,1,0,4,1, , ,N,1,2,0,3,0,1,4,4,N,N,40 01:50.138,75 04:57.471,1043, ,1042, ,0, ,N, ,3, , , , , , , , , ,4,3,0,0,1,0,0,0,0,0,1,0,1,0,0,0,0,0,0,0,1,0,0,0,0,0,0,0,0,0,0,0,0,0,0,3,0,40.0306,-75.0826, , 
25839,304576,2015085217,6,67,67301,2015,8,7,10,0,3,1,0,4,1, , ,N,1,3,0,3,0,1,3,2,N, ,39 57:21.794,75 08:45.632,35, ,32,2,2,2, , ,3,Y, , , , , , , , ,2,2,0,0,0,0,0,0,0,0,0,1,1,0,0,0,0,0,0,0,0,0,0,0,0,0,0,0,0,0,0,0,0,0,0,4,0,39.9561,-75.146, , 
25840,304577,2015085338,6,67,67301,2015,8,4,1432,14,1,1,0,4,1, , ,N,1,2,0,3,0,0,2,2,N, ,39 58:11.253,75 08:29.393,1530, ,1528, ,0, , , ,3, , , , , , , , , ,2,2,0,0,0,0,0,0,0,0,0,0,0,0,0,0,0,0,0,0,0,0,0,0,0,0,0,0,0,0,0,0,0,0,0,0,0,39.9697,-75.1416, , 
25841,304580,2015086228,6,67,67301,2015,8,3,1900,19,1,1,0,0,1, , ,N,0,0,0,3,0,0,0,1,N,N,40 00:54.506,75 11:54.515,1920, ,1915,2,2,6,N, ,0,N, , , , , , , , ,1,0,0,0,0,0,1,0,0,0,0,0,0,0,0,0,0,0,0,0,0,0,0,0,0,0,0,0,0,0,0,0,0,0,0,9,0,40.0151,-75.1985, , 
25842,304588,2015014613,6,67,67301,2015,1,7,325,3,3,1,0,7,2, , ,N,0,0,0,3,0,1,1,1,N,N,39 58:52.348,75 12:24.589,332, ,326,2,2,3,N, ,0,N, , , , , , , , ,1,1,0,0,0,0,0,0,0,0,0,1,1,0,0,0,0,0,0,0,0,0,0,0,0,0,0,0,0,0,0,0,0,0,0,4,0,39.9812,-75.2068, , 
25843,304617,2015047550,6,67,67301,2015,4,1,22,0,3,1,0,4,1, , ,N,5,2,2,3,0,0,5,2,N,N,39 57:27.542,75 09:44.544,29, ,26,1,1,3, , ,3,N, , , , , , , , ,2,2,0,0,0,0,0,0,0,0,0,0,0,0,0,0,0,0,1,0,0,0,0,0,0,0,0,0,0,0,0,0,0,0,0,0,0,39.9577,-75.1624, , 
25844,304623,2015051438,6,67,67301,2015,4,1,2200,22,3,1,0,4,1, , ,N,0,0,0,3,0,1,2,2,N, ,39 59:13.730,75 09:21.440,2233, ,2233, ,0, , , ,0, , , , , , , , , ,2,1,1,0,0,0,0,0,0,0,0,1,1,0,0,0,0,0,0,0,0,0,0,0,0,0,0,0,0,0,0,0,0,0,0,4,0,39.9871,-75.156, , 
25845,304626,2015054365,6,67,67301,2015,5,4,627,6,1,1,0,8,1, , ,N,1,2,0,3,0,1,2,2,N,N,40 03:40.446,75 05:00.751,635, ,627, ,0, ,N, ,3, , , , , , , , , ,1,1,0,0,0,0,0,0,0,0,0,0,1,1,0,0,0,0,0,0,0,0,0,0,0,0,0,0,0,0,0,0,1,0,0,8,0,40.0612,-75.0835, , 
25846,304639,2015069752,6,67,67301,2015,6,2,2205,22,3,1,0,5,1, , ,N,0,0,0,3,0,0,1,2,N,N,40 06:54.838,75 01:47.460,2215, ,2211, ,0, ,N, ,0, , , , , , , , , ,2,1,0,0,0,0,1,0,0,0,0,0,0,0,1,0,0,0,0,0,0,0,0,0,0,0,0,0,0,0,0,0,0,0,0,9,0,40.1152,-75.0299, , 
25847,304647,2015077827,6,67,67301,2015,7,5,1730,17,1,1,0,1,1, , ,N,0,2,0,3,0,1,3,3,N,N,40 06:31.309,75 01:33.847,1731, ,1730,9,1,2,N, ,3,N, , , , , , , , ,3,2,0,0,0,0,1,0,0,0,0,0,1,1,1,0,0,0,0,0,0,1,0,0,0,0,0,0,0,0,0,0,0,0,0,8,0,40.1087,-75.0261, , 
25848,304648,2015078269,6,67,67301,2015,7,4,1330,13,1,2,1,6,6, , ,N,0,0,0,3,0,0,1,4,N,N,39 57:42.404,75 11:39.292,1337, ,1335, ,0, ,N, ,0, , , , , , , , , ,4,3,0,0,0,0,1,0,0,0,0,0,0,0,0,0,0,0,0,0,1,0,0,0,0,0,0,0,0,0,0,0,0,0,0,0,0,39.9618,-75.1942, , 
25849,304651,2015080279,6,67,67301,2015,7,7,1755,17,1,1,0,4,1, , ,N,1,2,0,3,0,2,3,2,N,N,39 59:40.216,75 13:05.162,1917, ,909, ,0, ,N, ,3, , , , , , , , , ,2,1,0,0,0,0,1,0,0,0,2,0,2,0,0,0,0,0,0,0,0,1,0,0,0,0,0,0,0,0,0,0,0,0,0,3,0,39.9945,-75.2181, , 
25850,304663,2015091037,6,67,67301,2015,8,7,1244,12,1,1,0,4,1, , ,N,2,2,0,3,0,1,4,2,N,N,39 58:40.830,75 16:00.367,1244, ,1241,2,2,6,N, ,3,Y, , , , , , , , ,2,0,1,0,0,0,1,0,0,0,0,0,1,1,3,0,0,0,0,0,0,0,0,0,0,0,0,0,0,0,0,0,0,0,0,8,0,39.978,-75.2668, , 
25851,304665,2015093536,6,67,67301,2015,8,4,844,8,1,1,0,1,1, , ,N,0,0,0,3,0,0,2,2,N,N,39 58:47.480,75 06:21.832,902, ,856,1,1,2,N, ,0,N, , , , , , , , ,2,1,0,0,0,1,0,0,0,0,0,0,0,0,0,0,0,0,1,0,0,0,0,0,0,0,0,0,0,0,0,0,0,0,0,0,1,39.9799,-75.1061, , 
25852,304666,2015093553,6,67,67301,2015,8,7,1200,12,1,1,0,1,1, , ,N,0,0,0,3,0,0,2,2,N,N,39 58:06.070,75 07:46.758,1221, ,1207, ,0, ,N, ,0, , , , , , , , , ,2,2,0,0,0,0,0,0,0,0,0,0,0,0,0,0,0,0,0,0,1,0,0,0,0,0,0,0,0,0,0,0,0,0,0,0,0,39.9684,-75.1297, , 
25853,304719,2015053984,6,67,67301,2015,4,5,2141,21,3,1,0,4,1, , ,N,1,0,0,3,0,1,2,2,N,N,39 57:13.102,75 11:55.145,2145, ,2141, ,0, ,N, ,0, , , , , , , , , ,1,0,0,0,0,0,1,0,1,0,1,0,1,0,0,0,0,0,0,0,1,0,0,0,0,0,0,0,0,0,0,0,0,0,0,3,0,39.9536,-75.1986, , 
25854,304730,2015056957,6,67,67301,2015,5,1,2230,22,3,1,0,4,1, , ,N,1,2,0,3,0,0,2,2,N,N,40 02:34.004,75 06:48.689,357, ,346, ,0, ,N, ,3, , , , , , , , , ,2,1,0,0,0,0,0,1,0,0,0,0,0,0,2,0,0,0,0,0,1,0,0,0,0,0,0,0,0,0,0,0,0,0,0,9,0,40.0427,-75.1136, , 
25855,310478,2015069735,6,67,67301,2015,6,1,730,7,1,1,0,4,1, , ,N,1,2,0,3,0,3,4,2,N,N,39 59:39.070,75 06:41.033,733, ,730, ,0, ,N, ,3, , , , , , , , , ,2,0,0,0,0,0,1,1,0,0,0,0,3,3,0,0,0,0,1,0,0,0,0,1,0,0,0,0,0,0,0,0,0,0,0,8,0,39.9942,-75.1114, , 
25856,310493,2015081110,6,67,67301,2015,7,3,2326,23,3,1,0,7,5, , ,N,2,3,0,3,0,0,1,1,N,N,39 59:35.488,75 04:53.544,2340, ,2333,2,1,5,N, ,3,Y, , , , , , , , ,1,1,0,0,0,0,0,0,0,0,0,0,0,0,1,0,0,0,0,0,0,0,0,0,0,0,0,0,0,0,0,0,0,0,0,9,0,39.9932,-75.0815, , 
25857,310495,2015082828,6,67,67301,2015,7,2,2037,20,3,1,0,7,2,1,4,Y,0,8,0,3,0,0,1,1,N,N,40 01:21.487,75 02:11.567,2045,45,2037,2,2,1,N, ,3,N,U,N,N,N,N,N,N,Y,1,1,0,0,0,0,0,0,0,0,0,0,0,0,0,0,0,0,0,0,0,0,0,0,0,0,0,0,0,0,0,0,0,0,0,0,0,40.0226,-75.0365, , 
25858,310503,2015088340,6,67,67301,2015,8,3,945,9,1,9,8,8,1, , ,N,2,0,0,3,1,0,2,2,N,N,39 57:17.713,75 09:05.995,950, ,947, ,0, , ,0,0, , , , , , , , , ,1,0,0,1,0,0,0,0,0,0,0,0,0,0,0,0,0,0,0,0,0,0,0,0,0,0,0,0,0,0,0,0,1,1,0,1,1,39.9549,-75.1517,2, 
25859,310513,2015051990,6,67,67301,2015,5,7,1511,15,1,1,0,5,1, , ,N,0,0,0,3,0,1,2,2,N,N,40 00:53.389,75 06:31.871,1522, ,1518, ,0, ,N, ,0, , , , , , , , , ,2,1,0,0,0,0,1,0,0,0,1,0,1,0,0,0,0,0,0,0,0,0,0,0,0,0,0,0,0,0,0,0,0,0,0,3,0,40.0148,-75.1089, , 
25860,310518,2015081046,6,67,67301,2015,7,4,2000,20,3,1,0,4,1, , ,N,1,2,0,3,0,2,4,3,N,N,40 01:00.965,75 09:05.545,2008, ,2006, ,0, , , ,3, , , , , , , , , ,3,2,0,0,0,0,1,0,0,0,0,2,2,0,0,0,0,0,0,0,3,0,0,0,0,0,0,0,0,0,0,0,0,0,0,4,0,40.0169,-75.1516, , 
25861,310519,2015081132,6,67,67301,2015,7,7,1726,17,1,1,0,4,1, , ,N,1,3,0,3,0,2,3,2,N, ,40 04:11.348,75 10:14.411,1728, ,1727, ,0, , , ,3, , , , , , , , , ,2,2,0,0,0,0,0,0,0,0,0,2,2,0,0,0,0,0,0,0,0,1,0,0,0,0,0,0,0,0,0,0,0,0,0,4,0,40.0698,-75.1707, , 
25862,310573,2015061713,6,67,67301,2015,5,7,2000,20,4,1,0,4,1, , ,N,1,2,0,3,0,1,2,2,N, ,39 57:19.443,75 10:16.111,2015, ,2005, ,0, , , ,3, , , , , , , , , ,2,2,0,0,0,0,0,0,0,0,1,0,1,0,0,0,0,0,0,0,0,0,0,0,0,0,0,0,0,0,0,0,0,0,0,3,0,39.9554,-75.1711, , 
25863,310593,2015086204,6,67,67301,2015,8,2,635,6,1,1,0,8,1, , ,N,0,0,0,3,0,1,2,2,N,N,39 53:28.198,75 14:35.273,715, ,709, ,0, , , ,0, , , , , , , , , ,1,0,0,0,0,0,0,0,0,0,0,0,1,1,0,0,0,0,0,0,0,0,0,0,0,0,0,0,0,0,0,0,1,0,0,8,0,39.8912,-75.2431, , 
25864,310597,2015092913,6,67,67301,2015,8,5,901,9,1,1,0,4,1, , ,N,2,0,0,3,0,2,2,2,N, ,40 04:16.503,75 11:09.112,911, ,908,1,1,1, , ,0,N, , , , , , , , ,2,2,0,0,0,0,0,0,0,0,0,2,2,0,0,0,1,0,0,0,0,0,0,0,0,0,0,0,0,0,0,0,0,0,0,4,0,40.0713,-75.1859, , 
25865,310606,2015042738,6,67,67301,2015,4,2,1932,19,3,1,0,1,1, , ,N,1,2,0,3,0,1,2,2,N,N,40 00:05.796,75 07:42.898,2058, ,2056, ,0, ,N, ,3, , , , , , , , , ,2,2,0,0,0,0,0,0,0,0,0,1,1,0,0,0,0,0,1,0,1,0,0,0,0,0,0,0,0,0,0,0,0,0,0,4,0,40.0016,-75.1286, , 
25866,310607,2015045566,6,67,67301,2015,4,5,124,1,3,6,1,7,2, , ,N,0,0,0,3,0,0,1,1,N,N,39 57:35.773,75 10:45.437,124, ,124, ,0, ,N, ,0, , , , , , , , , ,1,1,0,0,0,0,0,0,0,0,0,0,0,0,0,0,0,0,0,0,0,0,0,0,0,0,0,0,0,0,0,0,0,0,0,0,0,39.9599,-75.1793, , 
25867,310610,2015054792,6,67,67301,2015,5,6,1200,12,1,1,0,1,1, , ,N,0,0,0,3,0,1,3,2,N,N,39 59:38.522,75 11:57.104,1208, ,1200, ,0, ,N, ,0, , , , , , , , , ,2,1,0,0,0,0,1,0,0,0,0,0,1,1,0,0,0,0,0,0,1,0,0,0,0,0,0,0,0,0,0,0,0,0,0,8,0,39.994,-75.1992, , 
25868,310639,2015088777,6,67,67301,2015,8,3,1311,13,1,1,0,4,1, , ,N,2,2,2,3,0,1,2,2,N,N,39 58:29.022,75 11:53.809,1328, ,1322, ,0, , , ,3, , , , , , , , , ,2,2,0,0,0,0,0,0,0,0,0,1,1,0,0,0,0,0,0,0,0,1,0,2,0,0,0,0,0,0,0,0,0,0,0,4,0,39.9747,-75.1983, , 
25869,310646,2015095323,6,67,67301,2015,8,4,1105,11,1,1,0,1,1, , ,N,7,0,2,3,0,1,5,3,N,N,39 59:04.486,75 05:44.336,1113, ,1105, ,0, ,N, ,0, , , , , , , , , ,3,2,0,0,0,0,1,0,0,0,0,0,1,1,1,0,0,0,0,0,1,0,0,0,0,0,0,0,0,0,0,0,0,0,0,8,0,39.9832,-75.0987, , 
25870,310679,2015083433,6,67,67301,2015,7,3,1630,16,1,1,0,1,1, , ,N,1,2,0,3,0,1,5,2,N,N,40 04:27.539,75 02:05.367,1635, ,1632,1,1,1, , ,3,N, , , , , , , , ,2,1,0,0,0,0,0,1,0,0,0,1,1,0,0,0,0,0,0,0,0,0,0,2,0,0,0,0,0,0,0,0,0,0,0,4,0,40.0743,-75.0348, , 
25871,310684,2015085332,6,67,67301,2015,8,4,230,2,3,1,0,1,1, , ,N,1,2,0,3,0,1,2,2,N,N,40 01:05.185,75 08:04.246,242, ,237,9,2,7, , ,3,Y, , , , , , , , ,2,2,0,0,0,0,0,0,0,0,0,0,1,1,0,0,0,0,0,0,1,0,0,1,0,0,0,0,0,0,0,0,0,0,0,8,0,40.0181,-75.1345, , 
25872,310695,2015093012,6,67,67301,2015,8,2,2035,20,3,1,0,8,1, , ,N,0,0,0,3,0,1,2,2,N,N,40 03:55.327,75 10:32.195,2040, ,2040, ,0, ,N, ,0, , , , , , , , , ,1,1,0,0,0,0,0,0,0,0,0,0,1,1,0,0,0,0,0,0,0,0,1,0,0,0,0,0,0,0,0,0,1,0,0,8,0,40.0654,-75.1756, , 
25873,307995,2015103321,6,67,67301,2015,9,7,1619,16,1,1,0,4,1, , ,N,1,2,0,3,0,2,4,2,N,N,40 02:22.401,75 05:03.893,1630, ,1621,2,2,2,N, ,3,Y, , , , , , , , ,2,1,0,0,0,0,0,1,0,0,0,0,2,2,0,0,0,0,0,0,0,0,0,0,0,0,0,0,0,0,0,0,0,0,0,8,0,40.0396,-75.0844, , 
25874,308018,2015015984,6,67,67301,2015,1,5,2055,20,2,1,0,7,4, , ,N,0,0,0,3,0,1,1,1,N,N,39 55:20.820,75 08:52.114,2105, ,2055,1,1,2,N, ,0,N, , , , , , , , ,1,1,0,0,0,0,0,0,0,0,1,0,1,0,0,0,0,0,0,1,0,0,0,0,0,0,0,0,0,0,0,0,0,0,0,3,0,39.9225,-75.1478, , 
25875,308034,2015034176,6,67,67301,2015,2,6,1236,12,1,1,0,1,1, , ,N,0,2,0,3,0,0,3,3,N,N,40 01:55.091,75 03:48.291,1239, ,1236,2,2,2,N, ,3,Y, , , , , , , , ,3,2,0,0,0,0,0,1,0,0,0,0,0,0,1,0,0,0,0,0,2,0,0,0,0,0,0,0,0,0,0,0,0,0,0,9,0,40.032,-75.0634, , 
25876,308042,2015042753,6,67,67301,2015,4,6,2057,20,3,1,1,4,1, , ,N,2,3,0,3,0,1,2,2,N, ,40 02:05.820,75 09:41.093,2110, ,2100, ,0, , , ,3, , , , , , , , , ,1,1,0,0,0,0,0,0,1,0,0,1,1,0,0,0,0,0,0,0,0,0,0,1,0,0,0,0,0,0,0,0,0,0,0,4,0,40.035,-75.1614, , 
25877,308045,2015045464,6,67,67301,2015,4,7,325,3,3,1,0,4,1, , ,N,5,2,0,3,0,1,2,2,N,N,39 58:10.092,75 08:22.485,333, ,327, ,0, ,N, ,3, , , , , , , , , ,2,1,0,0,0,0,1,0,0,0,0,1,1,0,0,0,0,0,0,0,2,0,0,0,0,0,0,0,0,0,0,0,0,0,0,4,0,39.9695,-75.1395, , 
25878,308065,2015075681,6,67,67301,2015,7,6,1902,19,1,1,0,4,1, , ,N,2,2,7,3,0,1,4,2,N, ,39 58:47.791,75 08:36.423,1939, ,1939,1,1,4, , ,3,N, , , , , , , , ,2,0,0,0,0,0,1,1,0,0,0,0,1,1,0,0,0,0,0,0,0,1,0,0,0,0,0,0,0,0,0,0,0,0,0,8,0,39.9799,-75.1435, , 
25879,308081,2015087382,6,67,67301,2015,4,7,915,9,1,1,0,1,1, , ,N,1,2,0,3,0,1,2,2,N,N,40 03:11.142,75 08:15.907,0, ,0, ,0, ,N, ,3, , , , , , , , , ,2,1,0,0,0,0,1,0,0,0,0,0,1,1,0,0,0,0,0,0,0,0,0,0,0,0,0,0,0,0,0,0,0,0,0,8,0,40.0531,-75.1378, , 
25880,308084,2015089605,6,67,67301,2015,8,2,955,9,1,1,0,6,1, , ,N,0,0,0,3,0,0,3,3,N,N,40 01:35.849,75 11:36.278,1001, ,956,2,1,2,N, ,0,N, , , , , , , , ,3,1,0,0,0,0,2,0,0,0,0,0,0,0,0,0,0,0,0,0,1,0,0,0,0,0,0,0,0,0,0,0,0,0,0,0,0,40.0266,-75.1934, , 
25881,308088,2015091082,6,67,67301,2015,8,6,1510,15,1,1,0,5,1, , ,N,0,0,0,3,0,1,2,2,N,N,39 57:41.768,75 09:17.070,1520, ,1517, ,0, ,N, ,0, , , , , , , , , ,1,0,0,0,0,0,0,1,1,0,0,1,1,0,0,0,0,0,0,0,0,0,0,0,0,0,0,0,0,0,0,0,0,0,0,4,0,39.9616,-75.1547, , 
25882,308098,2015098168,6,67,67301,2015,9,2,1208,12,1,1,0,7,5, , ,N,0,0,0,3,0,1,1,1,N,N,40 01:40.608,75 01:27.369,1212, ,1209,1,1,2,Y, ,0,N, , , , , , , , ,1,0,0,0,0,0,1,0,0,0,0,0,1,1,0,0,0,0,0,0,0,0,0,1,0,0,0,0,0,0,0,0,0,0,0,8,0,40.0279,-75.0243, , 
25883,308103,2015056667,6,67,67301,2015,5,3,753,7,1,1,0,1,1,1,8,Y,0,0,0,3,0,3,6,3,N,N,40 01:14.163,75 02:33.328,807,55,755, ,0, ,N, ,0, ,Y,N,N,N,N,N,N,Y,3,1,0,0,1,0,1,0,0,0,0,0,3,3,0,0,0,0,0,0,1,0,0,1,0,0,0,0,0,0,0,0,0,0,0,8,0,40.0206,-75.0426, , 
25884,308119,2015075713,6,67,67301,2015,7,6,1915,19,4,1,0,4,1, , ,N,1,3,0,3,0,1,3,2,N,N,40 03:50.306,75 03:34.568,2022, ,2022, ,0, ,N, ,3, , , , , , , , , ,2,1,0,0,0,0,1,0,0,0,1,0,1,0,0,0,0,0,0,0,1,0,0,0,0,0,0,0,0,0,0,0,0,0,0,3,0,40.064,-75.0596, , 
25885,308127,2015083405,6,67,67301,2015,7,6,840,8,1,1,0,5,1, , ,N,0,0,0,3,0,1,3,2,N,N,39 56:17.026,75 10:08.104,848, ,845,1,1,3,N, ,0,N, , , , , , , , ,2,2,0,0,0,0,0,0,0,0,0,1,1,0,0,0,0,0,0,0,1,0,0,0,0,0,0,0,0,0,0,0,0,0,0,4,0,39.9381,-75.1689, , 
25886,308131,2015087082,6,67,67301,2015,8,1,330,3,3,1,0,8,4, , ,N,0,0,0,3,1,0,3,3,N,N,40 02:38.433,75 13:03.976,340, ,335, ,0, ,N,0,0, , , , , , , , , ,1,0,0,0,0,0,1,0,0,0,0,0,0,0,0,0,0,0,1,0,0,0,0,0,0,0,0,0,0,0,0,0,1,1,0,1,0,40.044,-75.2178,2, 
25887,308133,2015091065,6,67,67301,2015,8,3,1555,15,1,1,0,8,1, , ,N,0,0,0,3,0,1,3,2,N,N,40 04:19.484,75 09:36.129,1604, ,1559, ,0, , , ,0, , , , , , , , , ,1,1,0,0,0,0,0,0,0,0,0,1,1,0,0,0,0,0,0,0,0,0,0,0,0,0,0,0,0,0,0,0,1,0,0,4,0,40.0721,-75.16, , 
25888,308139,2015099024,6,67,67301,2015,9,1,1218,12,1,1,0,4,1, , ,N,1,2,0,3,0,1,2,2,N,N,40 03:55.668,75 03:09.739,1219, ,1219, ,0, ,N, ,3, , , , , , , , , ,2,1,0,0,1,0,0,0,0,0,1,0,1,0,0,0,0,0,0,1,0,0,0,0,0,0,0,0,0,0,0,0,0,0,0,3,0,40.0655,-75.0525, , 
25889,308146,2015106454,6,67,67301,2015,9,4,1500,15,1,1,0,4,1, , ,N,1,2,1,3,0,1,3,2,N, ,39 55:22.764,75 11:18.725,1508, ,1505, ,0, , , ,3, , , , , , , , , ,2,2,0,0,0,0,0,0,0,0,0,1,1,0,0,0,0,0,0,0,1,0,0,0,0,0,0,0,0,0,0,0,0,0,0,4,0,39.923,-75.1885, , 
25890,308157,2015053931,6,67,67301,2015,5,7,700,7,1,5,0,4,1, , ,N,1,2,0,3,0,0,2,2,N,N,39 56:53.175,75 09:15.257,722, ,722, ,0, , , ,3, , , , , , , , , ,2,0,0,0,1,0,1,0,0,0,0,0,0,0,0,0,0,0,0,0,1,0,0,0,0,0,0,0,0,0,0,0,0,0,0,0,0,39.9481,-75.1542, , 
25891,301617,2015073686,6,67,67301,2015,6,1,1155,11,1,1,0,1,1, , ,N,1,2,0,3,0,1,2,2,N, ,39 57:59.706,75 12:48.689,1213, ,1200,1,2,6, , ,3,Y, , , , , , , , ,2,1,0,0,0,0,1,0,0,0,0,1,1,0,1,0,0,0,0,0,0,0,0,0,0,0,0,0,0,0,0,0,0,0,0,4,0,39.9666,-75.2135, , 
25892,301632,2015085289,6,67,67301,2015,7,6,1545,15,1,1,0,4,1, , ,N,1,2,1,3,0,1,2,3,N,N,39 57:42.285,75 14:19.698,1747, ,1745, ,0, ,N, ,3, , , , , , , , , ,3,1,0,0,0,0,1,1,0,0,0,1,1,0,1,0,0,0,0,0,0,0,0,0,0,0,0,0,0,0,0,0,0,0,0,4,0,39.9616,-75.2388, , 
25893,301650,2015012348,6,67,67301,2015,1,3,1225,12,1,4,3,4,6, , ,N,1,3,0,3,0,0,2,2,N, ,39 58:24.916,75 14:49.984,1245, ,1237, ,0, , , ,3, , , , , , , , , ,2,1,0,0,0,0,1,0,0,0,0,0,0,0,0,0,0,0,0,0,1,0,0,0,0,0,0,0,0,0,0,0,0,0,0,0,0,39.9736,-75.2472, , 
25894,301660,2015018467,6,67,67301,2015,2,3,636,6,1,1,6,5,1,1,4,Y,0,0,0,3,0,0,2,2,N,N,39 58:36.716,75 06:49.608,640,45,640,1,1,1,N, ,0,N,N,N,N,N,N,N,Y,N,2,1,0,0,0,1,0,0,0,0,0,0,0,0,0,0,0,0,0,0,0,0,0,0,0,0,0,0,0,0,0,0,0,0,0,0,1,39.9769,-75.1138, , 
25895,301672,2015029987,6,67,67301,2015,2,3,400,4,3,4,3,5,1, , ,N,0,0,0,3,0,1,3,3,N, ,40 00:43.938,75 10:54.094,417, ,409, ,0, , , ,0, , , , , , , , , ,3,2,0,0,0,0,1,0,0,0,1,0,1,0,0,0,0,0,0,0,2,0,0,0,0,0,0,0,0,0,0,0,0,0,0,3,0,40.0122,-75.1817, , 
25896,301673,2015031589,6,67,67301,2015,3,4,627,6,1,2,1,1,1, , ,N,0,0,0,3,0,0,5,2,N,N,39 58:56.829,75 06:01.145,702, ,630, ,0, ,N, ,0, , , , , , , , , ,2,2,0,0,0,0,0,0,0,0,0,0,0,0,0,0,0,0,0,0,0,0,0,0,0,0,0,0,0,0,0,0,0,0,0,0,0,39.9825,-75.1003, , 