objectid_1,objectid,crn,district,county,municipality,crash_year,crash_month,day_of_week,time_of_day,hour_of_day,illumination,weather,road_condition,collision_type,relation_to_road,work_zone_type,work_zone_loc,work_zone_ind,intersect_type,tcd_type,location_type,urban_rural,fatal_count,injury_count,person_count,total_units,sch_bus_ind,sch_zone_ind,latitude,longitude,arrival_tm,cons_zone_spd_lim,dispatch_tm,est_hrs_closed,lane_closed,ln_close_dir,ntfy_hiwy_maint,spec_juris_cd,tcd_func_cd,tfc_detour_ind,workers_pres,wz_close_detour,wz_flagger,wz_law_offcr_ind,wz_ln_closure,wz_moving,wz_other,wz_shlder_mdn,vehicle_count,automobile_count,motorcycle_count,bus_count,small_truck_count,heavy_truck_count,suv_count,van_count,bicycle_count,maj_inj_count,mod_inj_count,min_inj_count,tot_inj_count,unk_inj_deg_count,unk_inj_per_count,driver_count_16yr,driver_count_17yr,driver_count_18yr,driver_count_19yr,driver_count_20yr,driver_count_50_64yr,driver_count_65_74yr,driver_count_75plus,unbelted_occ_count,unb_death_count,unb_maj_inj_count,belted_death_count,belted_maj_inj_count,mcycle_death_count,mcycle_maj_inj_count,bicycle_death_count,bicycle_maj_inj_count,ped_count,ped_death_count,ped_maj_inj_count,max_severity_level,comm_veh_count,dec_lat,dec_long,rdwy_surf_type_cd,county_name
25965,301876,2015047576,6,67,67301,2015,4,4,1730,17,1,1,0,4,1, , ,N,1,3,0,3,0,1,3,2,N,N,40 03:21.830,75 10:41.433,1750, ,1745, ,0, ,N, ,3, , , , , , , , , ,2,1,0,0,0,0,1,0,0,0,0,0,1,1,0,0,0,0,0,0,1,0,0,0,0,0,0,0,0,0,0,0,0,0,0,8,0,40.0561,-75.1782, , 
25966,301881,2015054005,6,67,67301,2015,5,7,1600,16,1,1,0,4,1, , ,N,0,0,7,3,0,1,8,3,N, ,39 55:01.102,75 14:46.293,1632, ,1632, ,0, , , ,0, , , , , , , , , ,3,0,0,0,1,0,2,0,0,0,0,0,1,1,1,0,0,0,0,0,1,0,0,0,0,0,0,0,0,0,0,0,0,0,0,8,0,39.917,-75.2462, , 
25967,301900,2015025127,6,67,67301,2015,2,2,1318,13,1,2,1,4,1, , ,N,1,2,0,3,0,1,2,2,N, ,40 03:37.862,75 03:26.035,1324, ,1320,1,1,1, , ,3,N, , , , , , , , ,2,1,0,0,0,0,0,1,0,0,0,1,1,0,0,0,0,0,1,0,0,0,0,0,0,0,0,0,0,0,0,0,0,0,0,4,0,40.0605,-75.0572, , 
25968,301914,2015038609,6,67,67301,2015,3,5,832,8,1,1,0,1,1, , ,N,0,0,0,3,0,1,2,2,N,N,40 03:25.081,75 02:48.678,838, ,834, ,0, ,N, ,0, , , , , , , , , ,2,1,0,0,1,0,0,0,0,0,0,1,1,0,0,0,0,0,0,0,0,0,0,0,0,0,0,0,0,0,0,0,0,0,0,4,0,40.057,-75.0469, , 
25969,301919,2015045406,6,67,67301,2015,4,4,2200,22,3,2,1,4,1, , ,N,2,2,0,3,0,1,2,2,N,N,40 07:06.945,75 00:25.153,2214, ,2206, ,0, ,N, ,3, , , , , , , , , ,2,2,0,0,0,0,0,0,0,0,0,0,1,1,0,0,0,0,0,0,0,0,0,0,0,0,0,0,0,0,0,0,0,0,0,8,0,40.1186,-75.007, , 
25970,301932,2015056487,6,67,67301,2015,5,3,1200,12,1,1,0,5,1, , ,N,1,2,0,3,0,2,3,2,N,N,39 57:46.449,75 09:52.757,1259, ,1253, ,0, ,N, ,3, , , , , , , , , ,2,1,0,0,0,0,1,0,0,0,0,0,2,2,0,0,0,0,0,0,1,0,0,0,0,0,0,0,0,0,0,0,0,0,0,8,0,39.9628,-75.1646, , 
25971,301949,2015083980,6,67,67301,2015,7,6,1621,16,1,1,0,1,1, , ,N,0,0,0,3,0,0,3,3,N,N,39 54:01.346,75 09:23.855,1633, ,1621,1,1,1,N, ,0,N, , , , , , , , ,3,1,0,0,1,0,1,0,0,0,0,0,0,0,1,0,0,0,0,0,0,1,0,0,0,0,0,0,0,0,0,0,0,0,0,9,0,39.9004,-75.1566, , 
25972,301951,2015085345,6,67,67301,2015,8,6,1500,15,1,1,0,7,4, , ,N,2,3,7,3,0,0,1,1,N, ,40 01:50.199,75 11:01.453,1528, ,1525,3,2,7, , ,3,Y, , , , , , , , ,1,0,0,0,0,0,1,0,0,0,0,0,0,0,0,0,0,0,0,0,0,0,0,0,0,0,0,0,0,0,0,0,0,0,0,0,0,40.0306,-75.1837, , 
25973,301982,2015070270,6,67,67301,2015,6,6,1823,18,1,1,0,1,1, , ,N,0,0,0,3,0,1,2,2,N,N,39 57:34.009,75 10:31.492,1843, ,1828, ,0, ,N, ,0, , , , , , , , , ,2,1,0,0,0,1,0,0,0,0,0,1,1,0,0,0,0,0,0,0,0,0,0,0,0,0,0,0,0,0,0,0,0,0,0,4,0,39.9594,-75.1754, , 
25974,302046,2015021985,6,67,67301,2015,2,6,1530,15,1,1,0,4,1, , ,N,1,3,0,3,0,1,2,2,N, ,39 59:37.419,75 06:31.297,1916, ,1905, ,0, , , ,3, , , , , , , , , ,2,2,0,0,0,0,0,0,0,0,0,0,1,1,0,0,0,0,0,0,0,0,0,0,0,0,0,0,0,0,0,0,0,0,0,8,0,39.9937,-75.1087, , 
25975,302063,2015038590,6,67,67301,2015,3,2,1758,17,1,1,0,4,1, , ,N,1,2,0,3,0,0,2,2,N,N,39 57:37.816,75 13:43.179,1801, ,1801, ,0, ,N, ,3, , , , , , , , , ,2,2,0,0,0,0,0,0,0,0,0,0,0,0,1,0,0,0,0,0,0,0,0,0,0,0,0,0,0,0,0,0,0,0,0,9,0,39.9604,-75.2287, , 
25976,302068,2015043257,6,67,67301,2015,4,3,1840,18,1,2,1,5,1, , ,N,0,0,0,3,0,0,3,2,N,N,39 59:57.226,75 13:50.134,1850, ,1845, ,0, ,N, ,0, , , , , , , , , ,2,1,0,0,0,0,1,0,0,0,0,0,0,0,0,0,0,0,0,0,0,0,0,0,0,0,0,0,0,0,0,0,0,0,0,0,0,39.9992,-75.2306, , 
25977,302088,2015021929,6,67,67301,2015,2,6,1448,14,1,1,0,4,1, , ,N,0,0,7,3,0,2,2,2,N,N,40 02:20.148,75 04:01.307,1640, ,1632,3,1,1,N, ,0,N, , , , , , , , ,2,1,0,0,0,0,1,0,0,0,0,2,2,0,0,0,0,0,0,0,2,0,0,0,0,0,0,0,0,0,0,0,0,0,0,4,0,40.0389,-75.067, , 
25978,302090,2015024976,6,67,67301,2015,2,1,230,2,3,4,3,6,6, , ,N,0,0,0,3,0,0,1,4,N, ,40 03:36.561,75 09:17.406,258, ,254,3,2,1, , ,0,Y, , , , , , , , ,4,3,0,0,0,0,1,0,0,0,0,0,0,0,0,0,0,0,0,0,0,0,0,0,0,0,0,0,0,0,0,0,0,0,0,0,0,40.0602,-75.1548, , 
25979,302113,2015051913,6,67,67301,2015,4,4,751,7,1,1,0,3,1, , ,N,2,3,0,3,0,6,21,2,Y,N,39 57:53.460,75 12:22.993,820, ,812,3,2,7,N, ,3,Y, , , , , , , , ,2,0,0,2,0,0,0,0,0,0,0,0,6,6,0,0,0,0,0,0,0,0,0,0,0,0,0,0,0,0,0,0,0,0,0,8,2,39.9649,-75.2064, , 
25980,302135,2015010694,6,67,67301,2015,1,4,1405,14,1,1,0,1,1, , ,N,0,0,0,3,0,1,4,2,N,N,40 01:28.420,75 07:44.542,1440, ,1413,1,1,1,N, ,0,N, , , , , , , , ,2,2,0,0,0,0,0,0,0,0,0,1,1,0,0,0,0,0,0,0,1,0,0,0,0,0,0,0,0,0,0,0,0,0,0,4,0,40.0246,-75.129, , 
25981,302145,2015022394,6,67,67301,2015,2,3,750,7,1,1,0,1,1, , ,N,0,0,0,3,0,1,3,2,N, ,39 55:30.716,75 14:05.139,828, ,823, ,0, , , ,0, , , , , , , , , ,2,1,0,0,0,0,1,0,0,0,0,0,1,1,0,0,0,0,0,0,0,0,0,0,0,0,0,0,0,0,0,0,0,0,0,8,0,39.9252,-75.2348, , 
25982,304880,2015018976,6,67,67301,2015,1,7,330,3,3,1,0,4,1, , ,N,1,2,2,3,0,0,3,2,N, ,39 58:28.539,75 11:58.256,9999, ,414, ,0, , , ,3, , , , , , , , , ,2,1,0,0,0,0,1,0,0,0,0,0,0,0,2,0,0,0,0,0,0,0,0,0,0,0,0,0,0,0,0,0,0,0,0,9,0,39.9746,-75.1995, , 
25983,304891,2015031052,6,67,67301,2015,2,3,824,8,1,1,6,8,1, , ,N,0,0,0,3,0,1,2,2,N, ,39 59:13.376,75 06:38.293,833, ,827, ,0, , , ,0, , , , , , , , , ,1,0,0,0,1,0,0,0,0,0,0,1,1,0,0,0,0,0,0,0,0,0,0,0,0,0,0,0,0,0,0,0,1,0,0,4,0,39.987,-75.1106, , 
25984,304893,2015032558,6,46,46108,2015,3,6,1020,10,1,1,0,1,1, , ,N,0,2,0,3,0,0,2,2,N,N,40 05:34.219,75 13:24.590,1027, ,1024, ,0, ,N, ,3, , , , , , , , , ,2,0,0,0,0,0,2,0,0,0,0,0,0,0,0,0,0,0,0,0,1,0,0,0,0,0,0,0,0,0,0,0,0,0,0,0,0,40.0928,-75.2235, , 
25985,304911,2015051426,6,67,67301,2015,4,5,929,9,1,1,0,5,6, , ,N,0,0,0,3,0,1,1,4,N,N,40 02:01.222,75 03:37.292,1030, ,1018, ,0, ,N, ,0, , , , , , , , , ,4,0,0,0,0,0,3,1,0,0,0,0,1,1,0,0,0,0,0,0,1,0,0,0,0,0,0,0,0,0,0,0,0,0,0,8,0,40.0337,-75.0604, , 
25986,304912,2015053947,6,67,67301,2015,5,7,515,5,5,1,0,7,4, , ,N,0,0,0,3,0,0,1,1,N,N,40 01:46.953,75 11:17.166,603, ,556,1,2,1,N, ,0,N, , , , , , , , ,1,1,0,0,0,0,0,0,0,0,0,0,0,0,0,0,0,0,0,0,0,0,0,0,0,0,0,0,0,0,0,0,0,0,0,0,0,40.0297,-75.1881, , 
25987,304921,2015012704,6,67,67301,2015,1,3,600,6,1,1,0,4,1, , ,N,1,2,0,3,0,1,2,2,N, ,40 01:43.107,75 12:20.348,605, ,600,9,2,1, , ,3,Y, , , , , , , , ,2,2,0,0,0,0,0,0,0,0,0,0,1,1,0,0,0,0,0,0,0,0,1,0,0,0,0,0,0,0,0,0,0,0,0,8,0,40.0287,-75.2055, , 
25988,304928,2015009664,6,67,67301,2015,1,6,2138,21,3,1,0,4,1, , ,N,1,3,0,3,0,1,3,2,N, ,39 58:13.918,75 08:12.469,2158, ,2154,1,2,1, , ,3,Y, , , , , , , , ,2,2,0,0,0,0,0,0,0,0,0,1,1,0,0,0,0,0,0,0,1,0,0,0,0,0,0,0,0,0,0,0,0,0,0,4,0,39.9705,-75.1368, , 
25989,304938,2015020760,6,67,67301,2015,1,6,1623,16,1,1,0,1,1, , ,N,0,2,0,3,0,0,7,3,N, ,40 05:05.698,75 02:16.744,1628, ,1626, ,0, , , ,3, , , , , , , , , ,3,2,0,0,0,0,1,0,0,0,0,0,0,0,0,0,0,0,0,0,0,0,0,0,0,0,0,0,0,0,0,0,0,0,0,0,0,40.0849,-75.038, , 
25990,304948,2015028848,6,67,67301,2015,2,6,2246,22,3,1,0,3,6, , ,N,0,0,0,3,0,1,4,2,N,N,40 00:56.666,75 09:14.866,35, ,21, ,0, ,N, ,0, , , , , , , , , ,2,1,0,0,0,0,0,1,0,0,0,1,1,0,0,0,0,0,0,0,0,0,0,0,0,0,0,0,0,0,0,0,0,0,0,4,0,40.0157,-75.1541, , 
25991,304991,2015073732,6,67,67301,2015,6,7,1400,14,1,2,1,4,1, , ,N,1,3,0,3,0,1,2,2,N, ,40 02:23.665,75 03:46.259,1440, ,1431,1,1,5, , ,3,Y, , , , , , , , ,2,1,0,0,0,1,0,0,0,0,0,1,1,0,0,0,0,1,0,0,0,0,0,0,0,0,0,0,0,0,0,0,0,0,0,4,1,40.0399,-75.0628, , 
25992,305000,2015081076,6,67,67301,2015,7,6,1650,16,1,1,0,1,1, , ,N,0,0,0,3,0,1,5,3,N,N,40 05:19.501,74 58:11.302,1732, ,1713,2,1,2,N, ,0,N, , , , , , , , ,3,2,0,0,0,0,1,0,0,0,0,1,1,0,0,0,0,0,1,0,1,0,0,0,0,0,0,0,0,0,0,0,0,0,0,4,0,40.0888,-74.9698, , 
25993,305008,2015084205,6,67,67301,2015,7,2,409,4,3,2,1,7,5, , ,N,0,0,0,3,0,2,2,1,N,N,39 57:24.516,75 10:49.726,416, ,410, ,0, ,N, ,0, , , , , , , , , ,1,1,0,0,0,0,0,0,0,0,0,2,2,0,0,0,0,0,0,1,0,0,0,0,0,0,0,0,0,0,0,0,0,0,0,4,0,39.9568,-75.1805, , 
25994,305009,2015084434,6,67,67301,2015,8,7,2340,23,3,1,0,4,1, , ,N,1,2,0,3,0,1,2,2,N,N,39 59:12.228,75 09:34.174,22, ,20, ,0, ,N, ,3, , , , , , , , , ,1,1,0,0,0,0,0,0,1,0,0,1,1,0,0,0,0,0,0,0,0,0,0,0,0,0,0,0,0,0,0,0,0,0,0,4,0,39.9867,-75.1595, , 
25995,305026,2015072909,6,67,67301,2015,7,2,1948,19,4,1,0,1,1, , ,N,0,0,0,3,0,5,9,3,N,N,39 57:25.584,75 09:24.465,1950, ,1948,2,2,3,N, ,0,N, , , , , , , , ,3,2,0,0,0,0,1,0,0,0,0,1,5,4,0,0,0,0,0,1,1,0,0,0,0,0,0,0,0,0,0,0,0,0,0,4,0,39.9571,-75.1568, , 
25996,305028,2015075737,6,67,67301,2015,7,2,1454,14,1,1,0,4,1, , ,N,1,2,2,3,0,0,2,2,N, ,39 59:12.112,75 12:27.590,1530, ,1513, ,0, , , ,3, , , , , , , , , ,2,2,0,0,0,0,0,0,0,0,0,0,0,0,0,0,0,0,0,0,1,1,0,0,0,0,0,0,0,0,0,0,0,0,0,0,0,39.9867,-75.2077, , 
25997,305040,2015088687,6,67,67301,2015,8,6,54,0,3,1,0,8,1, , ,N,2,0,0,3,0,1,2,2,N,N,39 55:55.974,75 13:47.240,100, ,57, ,0, ,N, ,0, , , , , , , , , ,1,1,0,0,0,0,0,0,0,0,0,1,1,0,0,0,0,0,0,0,1,0,0,0,0,0,0,0,0,0,0,0,1,0,0,4,0,39.9322,-75.2298, , 
25998,305044,2015098995,6,67,67301,2015,9,1,1435,14,1,1,0,8,1, , ,N,2,0,0,3,0,1,2,2,N,N,40 01:41.160,75 08:41.517,1450, ,1445, ,0, ,N, ,0, , , , , , , , , ,1,0,0,0,1,0,0,0,0,0,0,0,1,1,0,0,0,0,0,0,0,0,0,0,0,0,0,0,0,0,0,0,1,0,0,8,0,40.0281,-75.1449, , 
25999,305049,2015101984,6,67,67301,2015,9,6,310,3,3,1,0,7,4, , ,N,0,0,0,3,0,0,1,1,N,N,39 57:12.441,75 10:23.541,325, ,320, ,0, ,N, ,0, , , , , , , , , ,1,1,0,0,0,0,0,0,0,0,0,0,0,0,0,0,0,0,0,0,0,0,0,0,0,0,0,0,0,0,0,0,0,0,0,0,0,39.9535,-75.1732, , 
26000,305053,2015109336,6,67,67301,2015,10,6,1530,15,1,2,1,8,1, , ,N,1,2,0,3,0,1,2,2,N,N,39 55:40.271,75 14:13.322,1738, ,1733, ,0, ,N, ,3, , , , , , , , , ,1,0,0,0,0,0,0,1,0,0,0,1,1,0,0,0,0,0,0,0,0,1,0,0,0,0,0,0,0,0,0,0,1,0,0,4,0,39.9278,-75.237, , 
26001,310884,2015091079,6,67,67301,2015,8,6,1712,17,1,1,0,7,4, , ,N,0,0,0,3,0,0,1,1,N,N,40 03:12.476,75 00:23.313,1724, ,1714, ,0, ,N, ,0, , , , , , , , , ,1,1,0,0,0,0,0,0,0,0,0,0,0,0,1,0,0,0,0,0,0,0,0,0,0,0,0,0,0,0,0,0,0,0,0,9,0,40.0535,-75.0065, , 
26002,310901,2015077839,6,67,67301,2015,7,1,745,7,1,1,0,5,6, , ,N,0,0,0,3,0,1,1,2,N,Y,40 00:43.931,75 04:29.232,834, ,814,2,2,5,N, ,0,Y, , , , , , , , ,2,1,0,0,0,1,0,0,0,0,0,1,1,0,0,0,0,0,0,0,1,0,0,0,0,0,0,0,0,0,0,0,0,0,0,4,1,40.0122,-75.0748, , 
26003,310903,2015078304,6,67,67301,2015,7,7,934,9,1,1,0,4,1, , ,N,1,2,0,3,0,0,3,2,N,N,39 57:48.112,75 11:14.766,940, ,937, ,0, , , ,3, , , , , , , , , ,2,2,0,0,0,0,0,0,0,0,0,0,0,0,0,0,0,0,0,0,0,0,0,0,0,0,0,0,0,0,0,0,0,0,0,0,0,39.9634,-75.1875, , 
26004,310933,2015106236,6,67,67301,2015,10,4,1827,18,3,1,0,0,1, , ,N,0,0,0,3,0,1,1,1,N,N,39 57:39.042,75 10:55.725,1855, ,1831, ,0, ,N, ,0, , , , , , , , , ,1,0,1,0,0,0,0,0,0,0,0,0,1,1,0,0,0,0,0,0,0,0,0,0,0,0,0,0,0,0,0,0,0,0,0,8,0,39.9608,-75.1821, , 
26005,310935,2015109292,6,67,67301,2015,10,6,610,6,3,2,1,1,6, , ,N,0,0,0,3,0,1,1,3,N,N,40 01:31.759,75 03:29.041,9999, ,9999,9,1,3, , ,0,N, , , , , , , , ,3,3,0,0,0,0,0,0,0,0,0,1,1,0,0,0,0,0,0,0,1,0,0,0,0,0,0,0,0,0,0,0,0,0,0,4,0,40.0255,-75.0581, , 
26006,310953,2015066296,6,67,67301,2015,6,6,10,0,3,1,0,4,1, , ,N,1,2,0,3,0,1,4,2,N,N,40 03:45.043,75 00:33.961,21, ,17, ,0, ,N, ,3, , , , , , , , , ,2,2,0,0,0,0,0,0,0,0,0,1,1,0,0,0,0,0,0,1,0,0,1,0,0,0,0,0,0,0,0,0,0,0,0,4,0,40.0625,-75.0094, , 
26007,310954,2015067268,6,67,67301,2015,6,2,1844,18,1,1,0,5,1,1,4,Y,0,0,0,3,0,1,3,2,N,N,39 58:01.332,75 08:02.745,1907,45,1850,2,2,2,N, ,0,N,N,N,N,N,Y,N,Y,N,2,1,0,0,1,0,0,0,0,0,0,0,1,1,0,0,0,0,0,0,0,0,0,0,0,0,0,0,0,0,0,0,0,0,0,8,0,39.967,-75.1341, , 
26008,310972,2015086249,6,67,67301,2015,8,4,2015,20,4,1,0,1,1, , ,N,1,2,0,3,0,1,3,2,N, ,39 55:18.066,75 14:33.727,1200, ,1200, ,0, , , ,9, , , , , , , , , ,2,2,0,0,0,0,0,0,0,0,0,0,1,1,0,0,0,0,0,1,0,0,0,0,0,0,0,0,0,0,0,0,0,0,0,8,0,39.9217,-75.2427, , 
26009,310978,2015088339,6,67,67301,2015,7,4,2334,23,3,1,0,7,5, , ,N,0,0,0,3,3,2,5,1,N,N,40 06:43.800,75 01:57.400,2348, ,2344,4,2,7,N,0,0,N, , , , , , , , ,1,1,0,0,0,0,0,0,0,1,0,0,2,1,0,0,0,0,0,0,0,0,0,0,0,0,0,0,0,0,0,0,0,0,0,1,0,40.1122,-75.0326,2, 
26010,310980,2015091164,6,67,67301,2015,8,5,2214,22,3,2,1,4,1, , ,N,1,2,0,3,0,2,3,2,N, ,39 56:23.586,75 10:59.271,2214, ,2214,1,1,3, , ,3,N, , , , , , , , ,2,2,0,0,0,0,0,0,0,0,0,1,2,1,0,0,0,0,0,0,1,0,0,0,0,0,0,0,0,0,0,0,0,0,0,4,0,39.9399,-75.1831, , 
26011,310982,2015093517,6,67,67301,2015,8,5,1312,13,1,1,0,1,1, , ,N,0,0,0,3,0,1,3,2,N,N,39 56:58.097,75 11:03.245,1323, ,1314, ,0, ,N, ,0, , , , , , , , , ,2,1,0,0,0,0,0,1,0,0,0,0,1,1,0,0,0,0,0,0,1,0,0,0,0,0,0,0,0,0,0,0,0,0,0,8,0,39.9495,-75.1842, , 
26012,310986,2015096326,6,67,67301,2015,8,2,1940,19,3,1,0,1,1, , ,N,0,0,0,3,0,2,15,2,N,N,39 53:44.601,75 11:33.513,2034, ,2004, ,0, ,N, ,0, , , , , , , , , ,2,1,0,1,0,0,0,0,0,0,0,2,2,0,0,0,0,0,0,0,1,0,0,0,0,0,0,0,0,0,0,0,0,0,0,4,1,39.8957,-75.1926, , 
26013,310997,2015049043,6,67,67301,2015,4,6,1620,16,1,1,0,4,1, , ,N,1,2,0,3,0,1,3,3,N, ,40 03:03.078,75 04:38.830,1700, ,1655, ,0, , , ,2, , , , , , , , , ,3,1,0,0,0,1,1,0,0,0,0,0,1,1,0,0,0,0,0,0,2,1,0,0,0,0,0,0,0,0,0,0,0,0,0,8,1,40.0509,-75.0775, , 
26014,310998,2015049198,6,67,67301,2015,4,2,648,6,3,2,1,4,1, , ,N,0,0,0,3,0,2,3,2,N, ,40 01:10.503,75 06:52.699,1650, ,1648,3,1,5, , ,0,N, , , , , , , , ,2,2,0,0,0,0,0,0,0,0,0,0,2,2,1,0,0,0,0,0,0,0,0,0,0,0,0,0,0,0,0,0,0,0,0,8,0,40.0196,-75.1146, , 
26015,311007,2015059889,6,46,46102,2015,6,2,1648,16,1,2,1,1,1, , ,N,2,0,0,3,0,1,4,2,N,N,40 04:33.941,75 09:42.795,1658, ,1650,2,2,4,N, ,0,N, , , , , , , , ,2,1,0,0,0,1,0,0,0,0,0,0,1,1,0,0,0,0,0,0,0,0,0,4,0,0,0,0,0,0,0,0,0,0,0,8,0,40.0761,-75.1619, , 
26016,311022,2015073692,6,67,67301,2015,6,2,2355,23,3,1,0,7,5, , ,N,0,0,0,3,0,1,1,1,N,N,40 05:01.206,75 13:20.981,5, ,2359, ,0, ,N, ,0, , , , , , , , , ,1,0,0,0,0,0,1,0,0,0,0,1,1,0,0,0,0,0,0,0,0,0,0,0,0,0,0,0,0,0,0,0,0,0,0,4,0,40.0837,-75.2225, , 
26017,311044,2015092048,6,67,67301,2015,8,7,9999,99,1,1,0,7,4, , ,N,0,0,0,3,0,1,1,1,N,N,39 58:36.554,75 13:11.727,9999, ,9999, ,0, , , ,0, , , , , , , , , ,1,0,0,0,0,0,0,1,0,0,1,0,1,0,0,0,0,0,0,0,0,0,0,0,0,0,0,0,0,0,0,0,0,0,0,3,0,39.9768,-75.2199, , 
26018,311058,2015128649,6,67,67301,2015,11,3,1715,17,3,1,0,4,1, , ,N,1,2,0,3,0,2,3,2,N, ,40 01:02.392,75 06:58.530,1735, ,1730, ,0, , , ,3, , , , , , , , , ,2,0,0,0,1,0,1,0,0,0,0,0,2,2,0,0,0,0,0,0,1,0,0,1,0,0,0,0,0,0,0,0,0,0,0,8,0,40.0173,-75.1163, , 
26019,308409,2015073718,6,67,67301,2015,7,6,1552,15,1,1,0,5,1, , ,N,0,0,0,3,0,2,2,3,N,N,39 58:18.548,75 09:20.286,1841, ,1759, ,0, , , ,0, , , , , , , , , ,3,0,2,0,0,0,1,0,0,0,1,0,2,1,0,0,0,0,0,0,0,0,0,0,0,0,0,0,0,0,0,0,0,0,0,3,0,39.9718,-75.1556, , 
26020,308412,2015075722,6,67,67301,2015,7,6,1316,13,1,1,0,5,1, , ,N,1,2,0,3,0,1,3,2,N, ,40 03:23.345,75 02:47.046,1356, ,1352, ,0, , , ,3, , , , , , , , , ,2,1,0,0,0,1,0,0,0,0,0,0,1,1,0,0,0,0,0,0,1,0,0,0,0,0,0,0,0,0,0,0,0,0,0,8,1,40.0566,-75.0466, , 
26021,308414,2015077040,6,67,67301,2015,7,7,1215,12,1,1,0,4,1, , ,N,1,2,0,3,0,1,7,2,N,N,40 02:06.421,75 04:15.407,1235, ,1224, ,0, ,N, ,3, , , , , , , , , ,2,1,0,1,0,0,0,0,0,0,0,1,1,0,0,0,0,0,0,0,0,0,0,0,0,0,0,0,0,0,0,0,0,0,0,4,1,40.0351,-75.0709, , 
26022,308428,2015086275,6,67,67301,2015,8,4,1108,11,1,1,0,1,1, , ,N,0,0,0,3,0,2,2,2,N,N,40 05:15.993,74 58:19.574,1130, ,1125,1,1,4,N, ,0,N, , , , , , , , ,2,0,0,0,1,0,1,0,0,0,0,0,2,2,0,0,0,0,0,0,1,0,0,0,0,0,0,0,0,0,0,0,0,0,0,8,0,40.0878,-74.9721, , 
26023,308434,2015091106,6,67,67301,2015,8,6,25,0,3,2,1,1,1, , ,N,1,2,0,3,0,1,3,2,N, ,40 03:14.351,75 02:56.006,35, ,30, ,0, , , ,3, , , , , , , , , ,2,1,0,0,0,0,1,0,0,0,0,0,1,1,0,0,0,0,0,0,1,0,0,0,0,0,0,0,0,0,0,0,0,0,0,8,0,40.0541,-75.049, , 
26024,308445,2015061725,6,67,67301,2015,5,2,1500,15,1,1,0,4,1, , ,N,1,2,0,3,0,1,2,2,N,N,39 59:50.490,75 04:24.183,1542, ,1537, ,0, ,N, ,3, , , , , , , , , ,2,0,1,0,0,0,1,0,0,0,0,0,1,1,0,0,0,0,0,0,0,0,0,0,0,0,0,0,0,0,0,0,0,0,0,8,0,39.9974,-75.0734, , 
26025,308450,2015069711,6,67,67301,2015,6,5,1556,15,1,1,0,8,1, , ,N,1,2,0,3,0,1,2,2,N,N,39 56:23.042,75 13:31.760,1607, ,1601, ,0, ,N, ,3, , , , , , , , , ,1,1,0,0,0,0,0,0,0,0,0,1,1,0,0,0,0,0,0,0,1,0,0,0,0,0,0,0,0,0,0,0,1,0,0,4,0,39.9397,-75.2255, , 
26026,308492,2015061759,6,67,67301,2015,5,2,1745,17,1,1,0,4,1, , ,N,0,0,0,3,0,1,2,2,N, ,40 03:24.095,75 00:40.479,1756, ,1751, ,0, , , ,0, , , , , , , , , ,1,1,0,0,0,0,0,0,1,0,0,1,1,0,0,0,0,0,0,1,0,0,0,1,0,0,0,0,0,0,0,0,0,0,0,4,0,40.0567,-75.0112, , 
26027,308493,2015061860,6,67,67301,2015,5,1,1512,15,1,1,0,4,1, , ,N,1,2,0,3,0,1,3,2,N,N,40 02:34.004,75 06:48.689,1558, ,1554, ,0, ,N, ,3, , , , , , , , , ,2,2,0,0,0,0,0,0,0,0,0,0,1,1,0,0,0,0,0,0,1,0,0,1,0,0,0,0,0,0,0,0,0,0,0,8,0,40.0427,-75.1136, , 
26028,308508,2015073238,6,67,67301,2015,6,7,2017,20,3,2,1,4,1, , ,N,1,2,0,3,0,1,3,2,N,N,39 58:23.685,75 12:43.721,2025, ,2017, ,0, ,N, ,3, , , , , , , , , ,2,1,0,0,0,0,0,1,0,0,0,0,1,1,2,0,0,0,0,0,0,0,0,0,0,0,0,0,0,0,0,0,0,0,0,8,0,39.9732,-75.2121, , 
26029,308518,2015083340,6,67,67301,2015,7,5,1409,14,1,1,0,1,1, , ,N,2,2,0,3,0,0,4,3,N,N,39 58:49.154,75 12:51.152,1409, ,1409, ,0, ,N, ,3, , , , , , , , , ,3,3,0,0,0,0,0,0,0,0,0,0,0,0,0,0,0,0,0,0,0,0,0,0,0,0,0,0,0,0,0,0,0,0,0,0,0,39.9803,-75.2141, , 
26030,308524,2015085288,6,67,67301,2015,8,1,2320,23,3,1,0,7,3, , ,N,0,0,0,3,0,2,2,1,N,N,39 57:23.477,75 08:20.250,2328, ,2325,2,2,2,N, ,0,Y, , , , , , , , ,1,1,0,0,0,0,0,0,0,0,0,2,2,0,0,0,0,0,0,0,0,0,0,0,0,0,0,0,0,0,0,0,0,0,0,4,0,39.9565,-75.139, , 
26031,308531,2015091072,6,67,67301,2015,8,4,1350,13,1,1,0,1,1, , ,N,0,0,0,3,0,1,4,2,N,N,39 58:42.211,75 09:28.768,1434, ,1434, ,0, ,N, ,0, , , , , , , , , ,2,2,0,0,0,0,0,0,0,0,0,0,1,1,0,0,0,0,0,0,1,0,0,0,0,0,0,0,0,0,0,0,0,0,0,8,0,39.9784,-75.158, , 