objectid_1,objectid,crn,district,county,municipality,crash_year,crash_month,day_of_week,time_of_day,hour_of_day,illumination,weather,road_condition,collision_type,relation_to_road,work_zone_type,work_zone_loc,work_zone_ind,intersect_type,tcd_type,location_type,urban_rural,fatal_count,injury_count,person_count,total_units,sch_bus_ind,sch_zone_ind,latitude,longitude,arrival_tm,cons_zone_spd_lim,dispatch_tm,est_hrs_closed,lane_closed,ln_close_dir,ntfy_hiwy_maint,spec_juris_cd,tcd_func_cd,tfc_detour_ind,workers_pres,wz_close_detour,wz_flagger,wz_law_offcr_ind,wz_ln_closure,wz_moving,wz_other,wz_shlder_mdn,vehicle_count,automobile_count,motorcycle_count,bus_count,small_truck_count,heavy_truck_count,suv_count,van_count,bicycle_count,maj_inj_count,mod_inj_count,min_inj_count,tot_inj_count,unk_inj_deg_count,unk_inj_per_count,driver_count_16yr,driver_count_17yr,driver_count_18yr,driver_count_19yr,driver_count_20yr,driver_count_50_64yr,driver_count_65_74yr,driver_count_75plus,unbelted_occ_count,unb_death_count,unb_maj_inj_count,belted_death_count,belted_maj_inj_count,mcycle_death_count,mcycle_maj_inj_count,bicycle_death_count,bicycle_maj_inj_count,ped_count,ped_death_count,ped_maj_inj_count,max_severity_level,comm_veh_count,dec_lat,dec_long,rdwy_surf_type_cd,county_name
26099,298523,2015070117,6,67,67301,2015,6,7,350,3,3,1,1,4,1, , ,N,1,3,0,3,0,1,2,5,N,N,40 02:20.979,75 07:37.181,356, ,352, ,0, ,N, ,3, , , , , , , , , ,5,2,0,0,0,0,0,0,0,0,0,1,1,0,0,0,0,0,0,0,0,0,0,0,0,0,0,0,0,0,0,0,0,0,0,4,0,40.0392,-75.127, , 
26100,298525,2015070668,6,67,67301,2015,6,3,1050,10,1,1,0,5,1, , ,N,0,0,0,3,0,1,2,2,N,N,39 59:54.815,75 08:19.584,1123, ,1030, ,0, ,N, ,0, , , , , , , , , ,2,1,0,0,1,0,0,0,0,0,0,1,1,0,0,0,0,0,0,0,0,0,0,0,0,0,0,0,0,0,0,0,0,0,0,4,0,39.9986,-75.1388, , 
26101,298541,2015081095,6,67,67301,2015,7,4,1230,12,1,1,0,4,1, , ,N,3,0,0,3,0,1,2,2,N, ,40 01:31.467,75 08:59.971,1245, ,1240, ,0, , , ,0, , , , , , , , , ,2,1,1,0,0,0,0,0,0,0,1,0,1,0,0,0,0,0,0,0,0,0,0,1,0,0,0,0,0,0,0,0,0,0,0,3,0,40.0254,-75.15, , 
26102,298577,2015027346,6,67,67301,2015,3,1,1610,16,1,3,4,2,1, , ,N,6,0,2,3,0,0,2,2,N,N,39 54:39.103,75 08:56.529,1639, ,1636, ,0, ,N, ,0, , , , , , , , , ,2,1,0,0,0,0,1,0,0,0,0,0,0,0,0,0,0,0,0,0,1,0,0,0,0,0,0,0,0,0,0,0,0,0,0,0,0,39.9109,-75.149, , 
26103,298600,2015042718,6,67,67301,2015,3,7,2120,21,3,1,0,5,6, , ,N,0,0,0,3,0,0,3,3,N,N,40 00:50.074,75 09:29.632,2150, ,2144, ,0, ,N, ,0, , , , , , , , , ,3,2,0,0,0,0,1,0,0,0,0,0,0,0,0,0,0,0,0,0,0,0,0,0,0,0,0,0,0,0,0,0,0,0,0,0,0,40.0139,-75.1582, , 
26104,298621,2015020806,6,67,67301,2015,2,3,1553,15,1,1,0,8,1, , ,N,1,2,0,3,0,1,7,2,N,N,39 55:17.779,75 08:53.544,1555, ,1554,2,2,2,N, ,3,Y, , , , , , , , ,1,1,0,0,0,0,0,0,0,0,0,1,1,0,0,0,0,0,0,0,0,0,0,0,0,0,0,0,0,0,0,0,1,0,0,4,0,39.9216,-75.1482, , 
26105,298665,2015020875,6,67,67301,2015,1,7,639,6,1,1,0,4,1, , ,N,5,2,0,3,0,9,9,2,N, ,40 01:39.219,75 06:36.203,649, ,639,1,2,1, , ,3,N, , , , , , , , ,2,1,0,0,0,0,1,0,0,0,0,9,9,0,0,0,0,0,0,0,0,0,0,2,0,0,0,0,0,0,0,0,0,0,0,4,0,40.0276,-75.1101, , 
26106,298694,2015051490,6,67,67301,2015,4,1,1910,19,4,1,0,7,4, , ,N,1,2,0,3,0,1,2,1,N,N,40 05:57.235,74 59:43.576,1945, ,1938, ,0, ,N, ,3, , , , , , , , , ,1,0,0,0,0,0,0,1,0,0,1,0,1,0,0,0,0,0,0,0,0,0,0,0,0,0,0,0,0,0,0,0,0,0,0,3,0,40.0992,-74.9954, , 
26107,298728,2015042745,6,67,67301,2015,4,2,655,6,1,1,0,4,1, , ,N,1,2,0,3,0,0,2,2,N, ,39 56:29.130,75 08:51.356,720, ,655, ,0, , , ,3, , , , , , , , , ,2,1,0,0,1,0,0,0,0,0,0,0,0,0,0,0,0,0,0,0,0,1,0,2,0,0,0,0,0,0,0,0,0,0,0,0,0,39.9414,-75.1476, , 
26108,298735,2015049028,6,67,67301,2015,4,7,600,6,1,1,0,4,1, , ,N,1,2,0,3,0,1,2,2,N,N,40 05:07.675,75 02:14.870,610, ,604, ,0, ,N, ,3, , , , , , , , , ,2,0,0,0,2,0,0,0,0,0,0,1,1,0,0,0,0,0,0,0,0,0,0,0,0,0,0,0,0,0,0,0,0,0,0,4,0,40.0854,-75.0374, , 
26109,290767,2015033731,6,67,67301,2015,2,7,1933,19,3,1,1,4,1, , ,N,0,0,0,3,0,1,2,2,N,N,39 59:12.901,75 07:50.188,1937, ,1933, ,0, ,N, ,0, , , , , , , , , ,2,2,0,0,0,0,0,0,0,0,0,1,1,0,0,0,0,0,0,0,1,0,0,0,0,0,0,0,0,0,0,0,0,0,0,4,0,39.9869,-75.1306, , 
26110,290771,2015036562,6,67,67301,2015,3,3,1000,10,1,1,0,4,1, , ,N,1,2,0,3,0,0,2,2,N,N,39 59:16.184,75 10:50.095,1011, ,1005,2,2,2,N, ,3,Y, , , , , , , , ,2,1,0,0,0,0,0,1,0,0,0,0,0,0,0,0,0,0,0,1,0,0,0,0,0,0,0,0,0,0,0,0,0,0,0,0,0,39.9878,-75.1806, , 
26111,290797,2015020861,6,67,67301,2015,1,5,900,9,1,1,0,4,1, , ,N,1,2,0,3,0,1,3,3,N,N,39 57:44.547,75 09:41.289,915, ,908, ,0, ,N, ,3, , , , , , , , , ,3,2,0,0,1,0,0,0,0,0,0,1,1,0,0,0,0,0,0,0,2,0,0,0,0,0,0,0,0,0,0,0,0,0,0,4,0,39.9621,-75.1614, , 
26112,290799,2015021926,6,67,67301,2015,1,2,1145,11,1,9,0,4,1, , ,N,2,0,2,3,0,2,4,2,N, ,40 05:23.592,74 58:32.232,9999, ,1107, ,0, , , ,0, , , , , , , , , ,2,1,0,0,0,0,0,0,0,0,0,0,2,2,0,0,0,0,0,0,1,0,0,0,0,0,0,0,0,0,0,0,0,0,0,8,0,40.0906,-74.9765, , 
26113,290823,2015056417,6,67,67301,2015,5,7,310,3,3,1,0,4,1, , ,N,1,3,0,3,0,2,4,2,N,N,40 07:09.523,75 01:28.228,313, ,310, ,0, ,N, ,3, , , , , , , , , ,2,2,0,0,0,0,0,0,0,0,0,0,2,2,2,0,0,0,0,0,0,0,0,0,0,0,0,0,0,0,0,0,0,0,0,8,0,40.1193,-75.0245, , 
26114,290826,2015061738,6,67,67301,2015,5,1,1208,12,1,1,0,4,1, , ,N,5,2,2,3,0,0,2,2,N,N,39 57:27.736,75 09:44.915,1210, ,1208, ,0, ,N, ,3, , , , , , , , , ,2,1,0,1,0,0,0,0,0,0,0,0,0,0,0,0,0,0,0,0,0,0,0,0,0,0,0,0,0,0,0,0,0,0,0,0,1,39.9577,-75.1624, , 
26115,290836,2015070167,6,67,67301,2015,6,1,2348,23,3,1,0,8,1, , ,N,1,2,0,3,0,1,2,2,N,N,40 02:11.152,75 07:49.835,2351, ,2351, ,0, ,N, ,3, , , , , , , , , ,1,1,0,0,0,0,0,0,0,0,0,1,1,0,0,0,0,0,0,0,0,0,0,0,0,0,0,0,0,0,0,0,1,0,0,4,0,40.0364,-75.1305, , 
26116,290847,2015066308,6,67,67301,2015,6,6,1504,15,1,1,0,4,1, , ,N,1,2,0,3,0,1,2,2,N,N,39 59:51.790,75 07:23.708,1605, ,1605, ,0, ,N, ,3, , , , , , , , , ,2,2,0,0,0,0,0,0,0,0,0,1,1,0,0,0,0,0,0,0,0,0,0,0,0,0,0,0,0,0,0,0,0,0,0,4,0,39.9977,-75.1232, , 
26117,290859,2015075835,6,67,67301,2015,6,6,1722,17,1,1,0,4,1, , ,N,0,0,7,3,0,3,3,2,N,N,40 00:43.105,75 09:01.942,1733, ,1723,1,1,2,N, ,0,N, , , , , , , , ,2,0,0,0,0,0,2,0,0,0,0,0,3,3,0,0,0,0,0,0,2,0,0,0,0,0,0,0,0,0,0,0,0,0,0,8,0,40.012,-75.1505, , 
26118,290863,2015078243,6,67,67301,2015,7,1,121,1,3,1,0,4,1, , ,N,2,2,0,3,0,2,2,2,N, ,40 00:45.170,75 03:29.345,125, ,121, ,0, , , ,3, , , , , , , , , ,2,2,0,0,0,0,0,0,0,1,0,0,2,1,0,0,0,0,0,0,1,0,0,0,0,0,0,0,0,0,0,0,0,0,0,2,0,40.0125,-75.0582, , 
26119,290864,2015078649,6,67,67301,2015,7,2,1220,12,1,1,0,1,6, , ,N,0,0,0,3,0,1,3,2,N,N,39 59:46.505,75 09:56.919,1226, ,1225,2,2,2,N, ,0,Y, , , , , , , , ,2,1,0,0,0,0,0,1,0,0,0,1,1,0,2,0,0,0,0,0,0,0,0,0,0,0,0,0,0,0,0,0,0,0,0,4,0,39.9963,-75.1658, , 
26120,290876,2015092959,6,67,67301,2015,8,5,1720,17,1,1,0,1,1, , ,N,1,4,0,3,0,0,2,2,N, ,39 53:23.105,75 14:01.659,1725, ,1725, ,0, , , ,3, , , , , , , , , ,2,1,0,0,1,0,0,0,0,0,0,0,0,0,0,0,0,0,0,0,1,0,0,0,0,0,0,0,0,0,0,0,0,0,0,0,0,39.8898,-75.2338, , 
26121,290888,2015070127,6,67,67301,2015,6,7,1635,16,1,1,0,4,1, , ,N,1,2,0,3,0,1,4,4,N, ,40 02:44.703,75 04:05.879,1639, ,1638,1,1,1, , ,3,Y, , , , , , , , ,4,3,0,0,0,0,1,0,0,0,0,1,1,0,1,0,0,0,0,0,0,0,0,0,0,0,0,0,0,0,0,0,0,0,0,4,0,40.0458,-75.0683, , 
26122,290896,2015020852,6,67,67301,2015,1,5,248,2,3,1,0,7,4, , ,N,0,0,0,3,0,1,1,1,N,N,39 54:10.994,75 14:23.315,355, ,353, ,0, ,N, ,0, , , , , , , , , ,1,1,0,0,0,0,0,0,0,0,0,0,1,1,0,0,0,0,0,0,0,0,0,0,0,0,0,0,0,0,0,0,0,0,0,8,0,39.9031,-75.2398, , 
26123,290897,2015021390,6,67,67301,2015,2,1,2135,21,3,1,0,4,1, , ,N,1,2,0,3,0,0,4,2,N,N,39 59:44.224,75 10:03.233,2144, ,2139, ,0, , , ,3, , , , , , , , , ,2,1,0,0,1,0,0,0,0,0,0,0,0,0,1,0,0,0,0,0,1,0,0,0,0,0,0,0,0,0,0,0,0,0,0,9,0,39.9956,-75.1675, , 
26124,290934,2015007019,6,67,67301,2015,1,6,850,8,1,1,0,4,1, , ,N,1,2,0,3,0,3,3,3,Y,N,39 55:33.920,75 14:32.499,950, ,930,3,1,1,N, ,2,Y, , , , , , , , ,3,0,0,1,0,0,1,1,0,0,0,3,3,0,0,0,0,0,0,0,0,0,0,0,0,0,0,0,0,0,0,0,0,0,0,4,1,39.9261,-75.2424, , 
26125,290965,2015043329,6,67,67301,2015,3,7,1230,12,1,1,0,1,1, , ,N,0,0,0,3,0,0,2,2,N,N,40 00:33.443,75 03:58.491,1230, ,1230,2,1,1,N, ,0,N, , , , , , , , ,2,1,0,0,0,0,1,0,0,0,0,0,0,0,0,0,0,1,0,0,1,0,0,1,0,0,0,0,0,0,0,0,0,0,0,0,0,40.0093,-75.0662, , 
26126,290991,2015009633,6,67,67301,2015,1,6,2025,20,3,1,1,5,1, , ,N,0,0,0,3,0,1,3,2,N, ,39 56:54.618,75 09:43.786,2035, ,2030, ,0, , , ,0, , , , , , , , , ,1,0,0,0,0,0,1,0,1,0,0,1,1,0,0,0,0,0,0,0,0,0,0,2,0,0,0,0,0,0,0,0,0,0,0,4,0,39.9485,-75.1622, , 
26127,294787,2015036550,6,67,67301,2015,3,5,1353,13,1,1,0,8,1, , ,N,1,2,0,3,0,1,2,2,N,N,39 56:53.175,75 09:15.257,1358, ,1354,2,1,2,N, ,3,N, , , , , , , , ,1,0,0,0,0,0,1,0,0,0,0,1,1,0,0,0,0,0,0,0,1,0,0,0,0,0,0,0,0,0,0,0,1,0,0,4,0,39.9481,-75.1542, , 
26128,294788,2015036709,6,67,67301,2015,3,7,1610,16,1,2,1,4,1, , ,N,1,3,0,3,0,1,2,2,N,N,40 01:07.726,75 10:16.256,1618, ,1611, ,0, ,N, ,3, , , , , , , , , ,2,2,0,0,0,0,0,0,0,0,0,1,1,0,0,0,1,0,0,0,0,0,0,0,0,0,0,0,0,0,0,0,0,0,0,4,0,40.0188,-75.1712, , 
26129,294821,2015033236,6,67,67301,2015,3,3,637,6,1,1,0,8,1, , ,N,1,2,0,3,0,1,2,2,N,N,40 00:16.936,75 09:08.069,638, ,637, ,0, ,N, ,3, , , , , , , , , ,1,0,0,0,0,0,1,0,0,0,0,1,1,0,0,0,0,0,0,0,0,0,0,0,0,0,0,0,0,0,0,0,1,0,0,4,0,40.0047,-75.1521, , 
26130,294828,2015040899,6,67,67301,2015,3,7,230,2,3,1,0,7,4, , ,N,2,3,0,3,0,0,1,1,N,N,39 56:42.961,75 08:35.170,353, ,350, ,0, ,N, ,3, , , , , , , , , ,1,1,0,0,0,0,0,0,0,0,0,0,0,0,0,0,0,0,1,0,0,0,0,0,0,0,0,0,0,0,0,0,0,0,0,0,0,39.9453,-75.1431, , 
26131,294845,2015056533,6,67,67301,2015,5,3,800,8,1,1,0,4,1, , ,N,1,3,0,3,0,0,2,2,N,N,40 05:53.196,75 02:09.041,830, ,830, ,0, ,N, ,3, , , , , , , , , ,2,1,0,0,0,0,1,0,0,0,0,0,0,0,0,0,0,0,0,0,1,0,0,0,0,0,0,0,0,0,0,0,0,0,0,0,0,40.0981,-75.0358, , 
26132,294853,2015009062,6,67,67301,2015,1,7,2330,23,3,2,1,7,2, , ,N,3,0,2,3,0,0,1,1,N,N,39 58:15.714,75 07:24.648,1, ,9999,2,1,1,N, ,0,Y, , , , , , , , ,1,1,0,0,0,0,0,0,0,0,0,0,0,0,0,0,0,0,0,0,1,0,0,0,0,0,0,0,0,0,0,0,0,0,0,0,0,39.971,-75.1235, , 
26133,294854,2015009254,6,67,67301,2015,1,4,1624,16,1,4,1,4,1, , ,N,0,0,0,3,0,2,4,2,N,N,39 55:27.329,75 10:10.687,1626, ,1625,2,1,1,N, ,0,N, , , , , , , , ,2,2,0,0,0,0,0,0,0,0,0,0,2,2,0,0,0,0,0,0,1,0,0,0,0,0,0,0,0,0,0,0,0,0,0,8,0,39.9243,-75.1696, , 
26134,294863,2015020811,6,67,67301,2015,1,6,720,7,1,1,0,1,1, , ,N,1,2,0,3,0,0,2,2,N,N,40 07:44.528,75 01:30.881,720, ,720, ,0, ,N, ,3, , , , , , , , , ,2,1,0,0,0,1,0,0,0,0,0,0,0,0,0,0,0,0,0,0,0,0,0,0,0,0,0,0,0,0,0,0,0,0,0,0,1,40.129,-75.0252, , 
26135,294887,2015045336,6,67,67301,2015,4,4,2118,21,3,2,1,8,1, , ,N,1,2,0,3,0,3,5,4,N,N,39 57:40.435,75 08:47.767,2120, ,2119,3,2,1,N, ,3,Y, , , , , , , , ,1,1,0,0,0,0,0,0,0,0,3,0,3,0,0,0,0,0,0,0,0,0,0,0,0,0,0,0,0,0,0,0,3,0,0,3,0,39.9612,-75.1466, , 
26136,294893,2015053916,6,67,67301,2015,5,3,912,9,1,1,0,5,1, , ,N,0,0,7,3,0,9,10,3,N,N,40 01:09.002,75 08:56.693,930, ,912,3,1,2,N, ,0,N, , , , , , , , ,3,2,0,1,0,0,0,0,0,0,0,1,9,8,0,0,0,0,0,0,0,1,0,0,0,0,0,0,0,0,0,0,0,0,0,4,1,40.0192,-75.1491, , 
26137,294916,2015033331,6,67,67301,2015,2,6,1523,15,1,1,0,1,1, , ,N,0,0,0,3,0,1,4,4,N,N,39 56:24.467,75 08:35.359,1532, ,1523,1,1,1,Y, ,0,N, , , , , , , , ,4,4,0,0,0,0,0,0,0,0,0,0,1,1,0,0,0,0,0,0,0,0,1,0,0,0,0,0,0,0,0,0,0,0,0,8,0,39.9401,-75.1432, , 
26138,294934,2015051523,6,67,67301,2015,5,2,1559,15,1,1,0,6,6, , ,N,0,0,0,3,0,0,4,2,N,N,40 04:06.279,75 09:51.762,1635, ,1559,3,1,3,N, ,0,Y, , , , , , , , ,2,1,0,0,0,0,0,1,0,0,0,0,0,0,4,0,0,0,0,0,0,0,0,0,0,0,0,0,0,0,0,0,0,0,0,9,0,40.0684,-75.1644, , 
26139,294940,2015056552,6,67,67301,2015,5,4,1552,15,1,1,0,8,1, , ,N,1,2,0,3,0,2,3,3,N,N,40 03:05.090,75 09:48.178,1557, ,1557, ,0, ,N, ,3, , , , , , , , , ,1,0,0,0,0,0,1,0,0,0,0,0,2,2,0,0,0,0,0,0,0,0,1,0,0,0,0,0,0,0,0,0,2,0,0,8,0,40.0514,-75.1634, , 
26140,294993,2015006702,6,67,67301,2015,1,7,1730,17,3,2,1,5,1, , ,N,1,2,0,3,0,0,2,2,N,N,39 58:57.511,75 11:18.156,1740, ,1737, ,0, ,N, ,3, , , , , , , , , ,2,0,0,0,0,0,2,0,0,0,0,0,0,0,0,0,0,0,0,0,1,1,0,0,0,0,0,0,0,0,0,0,0,0,0,0,0,39.9826,-75.1884, , 
26141,295019,2015031028,6,67,67301,2015,2,4,1115,11,1,1,0,7,5, , ,N,0,0,7,3,0,1,1,3,N, ,40 02:57.551,75 08:40.357,1130, ,1130, ,0, , , ,0, , , , , , , , , ,3,3,0,0,0,0,0,0,0,0,0,1,1,0,0,0,0,0,0,0,0,1,0,0,0,0,0,0,0,0,0,0,0,0,0,4,0,40.0493,-75.1445, , 
26142,295036,2015051488,6,67,67301,2015,4,2,1130,11,1,2,1,4,1, , ,N,0,0,7,3,0,2,2,2,N,N,40 02:03.877,75 03:49.649,1144, ,1141, ,0, , , ,0, , , , , , , , , ,2,2,0,0,0,0,0,0,0,1,0,1,2,0,0,0,0,0,0,0,1,0,0,0,0,0,0,1,0,0,0,0,0,0,0,2,0,40.0344,-75.0638, , 
26143,295037,2015052295,6,67,67301,2015,4,5,340,3,3,1,0,7,4, , ,N,1,2,0,3,0,1,1,1,N,N,40 01:40.042,75 03:36.277,343, ,343, ,0, ,Y, ,3, , , , , , , , , ,1,0,0,0,1,0,0,0,0,0,0,1,1,0,0,0,0,0,0,0,0,0,0,0,0,0,0,0,0,0,0,0,0,0,0,4,0,40.0278,-75.0601, , 
26144,295047,2015012358,6,67,67301,2015,1,6,1828,18,3,1,0,1,1, , ,N,0,0,0,3,0,1,2,2,N,N,40 06:13.176,75 01:50.854,1905, ,1856, ,0, , , ,0, , , , , , , , , ,2,0,0,0,0,0,2,0,0,0,0,0,1,1,1,0,0,0,0,0,1,0,0,0,0,0,0,0,0,0,0,0,0,0,0,8,0,40.1037,-75.0308, , 
26145,282737,2015051928,6,67,67301,2015,4,2,1700,17,1,1,0,1,1, , ,N,0,0,0,3,0,1,2,2,N,N,39 55:41.952,75 11:46.429,1726, ,1725,9,2,4, , ,0,Y, , , , , , , , ,2,2,0,0,0,0,0,0,0,1,0,0,1,0,0,0,0,0,0,0,0,0,0,2,0,1,0,0,0,0,0,0,0,0,0,2,0,39.9283,-75.1962, , 
26146,282770,2015103366,6,67,67301,2015,9,4,1720,17,1,1,0,1,1, , ,N,1,2,0,3,0,1,2,2,N,N,40 04:15.835,75 02:58.033,1745, ,1735, ,0, ,N, ,3, , , , , , , , , ,2,2,0,0,0,0,0,0,0,0,0,0,1,1,0,0,0,0,0,0,1,0,0,0,0,0,0,0,0,0,0,0,0,0,0,8,0,40.0709,-75.0494, , 
26147,282777,2015109269,6,67,67301,2015,10,2,648,6,1,1,0,4,1, , ,N,1,0,0,3,0,1,2,2,N, ,39 59:42.417,75 07:38.521,650, ,649, ,0, , , ,0, , , , , , , , , ,1,1,0,0,0,0,0,0,1,0,0,1,1,0,0,0,0,0,0,0,0,0,0,0,0,0,0,0,0,0,0,0,0,0,0,4,0,39.9951,-75.1274, , 
26148,282781,2015114619,6,67,67301,2015,10,1,2240,22,3,1,0,7,4, , ,N,0,0,0,3,0,3,3,1,N,N,40 01:29.070,75 04:36.249,2250, ,2245,3,2,2, , ,0,Y, , , , , , , , ,1,0,0,0,0,0,1,0,0,1,0,0,3,2,0,0,0,0,0,0,0,0,0,0,0,0,0,0,0,0,0,0,0,0,0,2,0,40.0247,-75.0767, , 
26149,282799,2015022640,6,67,67301,2015,2,1,210,2,2,1,1,7,2, , ,N,0,0,0,3,0,0,1,1,N,N,39 56:19.907,75 11:50.100,218, ,211, ,0, ,N, ,0, , , , , , , , , ,1,1,0,0,0,0,0,0,0,0,0,0,0,0,0,0,0,0,0,0,0,0,0,0,0,0,0,0,0,0,0,0,0,0,0,0,0,39.9389,-75.1973, , 
26150,282816,2015042852,6,67,67301,2015,4,4,520,5,1,1,0,8,1, , ,N,1,3,0,3,0,1,2,2,N,N,39 55:38.780,75 10:26.227,530, ,520, ,0, , , ,3, , , , , , , , , ,1,0,0,0,0,0,1,0,0,0,0,1,1,0,0,0,0,0,0,0,0,0,0,1,0,0,0,0,0,0,0,0,1,0,0,4,0,39.9274,-75.174, , 
26151,282844,2015012308,6,67,67301,2015,1,2,925,9,1,2,1,4,1, , ,N,1,2,0,3,0,1,3,2,N, ,39 58:15.733,75 09:20.582,932, ,930, ,0, , , ,3, , , , , , , , , ,2,2,0,0,0,0,0,0,0,0,0,0,1,1,1,0,0,0,1,1,0,0,0,0,0,0,0,0,0,0,0,0,0,0,0,8,0,39.9709,-75.1557, , 
26152,282855,2015020801,6,67,67301,2015,1,5,31,0,3,1,1,5,6, , ,N,0,0,0,3,0,0,1,2,N,N,39 55:37.212,75 09:49.363,36, ,32,2,2,1,N, ,0,Y, , , , , , , , ,2,1,0,0,0,0,1,0,0,0,0,0,0,0,0,0,0,0,0,0,1,0,0,0,0,0,0,0,0,0,0,0,0,0,0,0,0,39.927,-75.1637, , 
26153,282874,2015043265,6,67,67301,2015,3,2,1300,13,1,1,0,4,1, , ,N,1,2,0,3,0,1,2,2,N,N,40 05:41.833,75 00:55.566,1310, ,1305,1,1,2,N, ,3,N, , , , , , , , ,2,1,0,0,0,0,1,0,0,0,0,1,1,0,0,0,0,0,1,0,0,0,1,0,0,0,0,0,0,0,0,0,0,0,0,4,0,40.095,-75.0154, , 
26154,282906,2015025020,6,67,67301,2015,2,1,1520,15,1,1,3,7,4, , ,N,0,0,0,3,0,1,1,1,N, ,40 00:37.160,75 07:51.038,1536, ,1535, ,0, , , ,0, , , , , , , , , ,1,1,0,0,0,0,0,0,0,0,0,1,1,0,0,0,0,0,0,0,0,0,0,0,0,0,0,0,0,0,0,0,0,0,0,4,0,40.0103,-75.1308, , 
26155,282910,2015028798,6,67,67301,2015,2,5,1340,13,1,1,0,4,1, , ,N,1,2,0,3,0,2,3,2,N,N,40 00:41.644,75 06:28.900,1355, ,1345, ,0, ,N, ,3, , , , , , , , , ,2,2,0,0,0,0,0,0,0,0,0,2,2,0,0,0,0,0,0,0,0,1,0,0,0,0,0,0,0,0,0,0,0,0,0,4,0,40.0116,-75.108, , 
26156,282921,2015040685,6,67,67301,2015,4,5,1400,14,1,9,1,5,6, , ,N,0,0,0,3,0,0,1,2,N,N,39 58:17.889,75 07:28.578,2030, ,2025, ,0, ,N, ,0, , , , , , , , , ,2,1,0,0,0,0,0,0,0,0,0,0,0,0,0,0,0,0,0,0,0,0,0,0,0,0,0,0,0,0,0,0,0,0,0,0,0,39.9716,-75.1246, , 
26157,282942,2015012818,6,67,67301,2015,1,4,948,9,1,1,0,1,1, , ,N,0,0,0,3,0,1,2,2,N,N,39 59:36.968,75 05:05.403,955, ,948, ,0, ,N, ,0, , , , , , , , , ,2,0,0,1,0,0,1,0,0,0,0,1,1,0,0,0,0,0,0,0,0,0,0,0,0,0,0,0,0,0,0,0,0,0,0,4,1,39.9936,-75.0848, , 
26158,282946,2015020673,6,67,67301,2015,2,1,1135,11,1,1,0,1,1, , ,N,0,0,0,3,0,1,3,2,N,N,39 54:55.507,75 09:36.160,1145, ,1138, ,0, ,N, ,0, , , , , , , , , ,2,2,0,0,0,0,0,0,0,0,0,1,1,0,0,0,0,0,0,0,0,0,0,0,0,0,0,0,0,0,0,0,0,0,0,4,0,39.9154,-75.16, , 
26159,282961,2015036600,6,67,67301,2015,3,4,1430,14,1,1,0,4,1, , ,N,0,0,7,3,0,0,2,2,N, ,40 06:34.637,75 01:31.124,1507, ,1453,2,1,2,N, ,0,Y, , , , , , , , ,2,1,0,0,0,0,0,1,0,0,0,0,0,0,0,0,0,0,0,0,1,0,0,0,0,0,0,0,0,0,0,0,0,0,0,0,0,40.1096,-75.0253, , 
26160,282975,2015056492,6,67,67301,2015,5,1,1811,18,1,1,0,8,1, , ,N,1,2,0,3,0,1,2,2,N,N,40 02:02.652,75 10:35.500,1824, ,1822, ,0, ,N, ,3, , , , , , , , , ,1,0,0,0,0,0,1,0,0,0,0,0,1,1,0,0,0,0,0,0,0,0,0,0,0,0,0,0,0,0,0,0,1,0,0,8,0,40.0341,-75.1765, , 
26161,282985,2015009652,6,67,67301,2015,1,6,1610,16,4,1,0,7,4, , ,N,1,2,0,3,0,0,1,1,N, ,39 59:03.239,75 05:56.509,1618, ,1618, ,0, , , ,3, , , , , , , , , ,1,1,0,0,0,0,0,0,0,0,0,0,0,0,0,0,0,0,0,0,0,0,1,0,0,0,0,0,0,0,0,0,0,0,0,0,0,39.9843,-75.099, , 
26162,283007,2015045230,6,67,67301,2015,4,1,1648,16,1,1,0,1,1, , ,N,0,0,0,3,0,2,7,3,N,N,39 58:06.598,75 07:43.014,1703, ,1650, ,0, ,N, ,0, , , , , , , , , ,3,1,0,0,0,0,2,0,0,0,0,1,2,1,0,0,0,0,0,0,0,0,0,0,0,0,0,0,0,0,0,0,0,0,0,4,0,39.9685,-75.1286, , 
26163,283022,2015063026,6,67,67301,2015,6,2,925,9,1,1,0,1,1, , ,N,0,0,0,3,0,0,2,2,N,N,39 58:49.241,75 12:20.172,931, ,925,1,1,3,N, ,0,N, , , , , , , , ,2,2,0,0,0,0,0,0,0,0,0,0,0,0,0,0,0,0,0,0,0,0,0,0,0,0,0,0,0,0,0,0,0,0,0,0,0,39.9803,-75.2056, , 
26164,287090,2015012456,6,67,67301,2015,1,1,915,9,5,8,6,7,2, , ,N,0,0,0,3,0,2,3,2,N,N,40 00:02.424,75 04:46.418,915, ,915,1,2,2,N, ,0,N, , , , , , , , ,2,2,0,0,0,0,0,0,0,0,0,2,2,0,0,0,0,0,1,0,0,0,0,1,0,0,0,0,0,0,0,0,0,0,0,4,0,40.0007,-75.0796, , 
26165,287115,2015042798,6,67,67301,2015,4,3,1130,11,1,1,0,5,6, , ,N,0,0,0,3,0,1,1,2,N,N,39 59:24.097,75 07:32.203,1333, ,1329, ,0, ,N, ,0, , , , , , , , , ,2,2,0,0,0,0,0,0,0,0,0,0,1,1,0,0,0,0,0,0,0,0,0,0,0,0,0,0,0,0,0,0,0,0,0,8,0,39.99,-75.1256, , 
26166,287124,2015051512,6,67,67301,2015,4,4,850,8,1,1,0,4,1, , ,N,2,0,0,3,0,0,2,2,N,N,40 02:07.764,75 05:18.974,903, ,903, ,0, ,N, ,0, , , , , , , , , ,2,1,0,0,0,0,1,0,0,0,0,0,0,0,0,0,0,0,0,0,0,0,0,0,0,0,0,0,0,0,0,0,0,0,0,0,0,40.0355,-75.0886, , 