objectid_1,objectid,crn,district,county,municipality,crash_year,crash_month,day_of_week,time_of_day,hour_of_day,illumination,weather,road_condition,collision_type,relation_to_road,work_zone_type,work_zone_loc,work_zone_ind,intersect_type,tcd_type,location_type,urban_rural,fatal_count,injury_count,person_count,total_units,sch_bus_ind,sch_zone_ind,latitude,longitude,arrival_tm,cons_zone_spd_lim,dispatch_tm,est_hrs_closed,lane_closed,ln_close_dir,ntfy_hiwy_maint,spec_juris_cd,tcd_func_cd,tfc_detour_ind,workers_pres,wz_close_detour,wz_flagger,wz_law_offcr_ind,wz_ln_closure,wz_moving,wz_other,wz_shlder_mdn,vehicle_count,automobile_count,motorcycle_count,bus_count,small_truck_count,heavy_truck_count,suv_count,van_count,bicycle_count,maj_inj_count,mod_inj_count,min_inj_count,tot_inj_count,unk_inj_deg_count,unk_inj_per_count,driver_count_16yr,driver_count_17yr,driver_count_18yr,driver_count_19yr,driver_count_20yr,driver_count_50_64yr,driver_count_65_74yr,driver_count_75plus,unbelted_occ_count,unb_death_count,unb_maj_inj_count,belted_death_count,belted_maj_inj_count,mcycle_death_count,mcycle_maj_inj_count,bicycle_death_count,bicycle_maj_inj_count,ped_count,ped_death_count,ped_maj_inj_count,max_severity_level,comm_veh_count,dec_lat,dec_long,rdwy_surf_type_cd,county_name
26302,283353,2015045454,6,67,67301,2015,4,1,1630,16,1,1,0,4,1, , ,N,1,2,0,3,0,0,4,2,N,N,40 02:12.848,75 08:02.883,1635, ,1630, ,0, ,N, ,3, , , , , , , , , ,2,2,0,0,0,0,0,0,0,0,0,0,0,0,0,0,0,0,0,0,0,0,0,0,0,0,0,0,0,0,0,0,0,0,0,0,0,40.0369,-75.1341, , 
26303,283357,2015049007,6,67,67301,2015,4,5,803,8,1,1,0,4,1, , ,N,2,2,0,3,0,2,2,2,N,N,40 00:28.443,75 05:06.740,844, ,837,3,1,3,N, ,3,Y, , , , , , , , ,2,2,0,0,0,0,0,0,0,0,1,1,2,0,0,0,0,0,0,0,1,0,0,0,0,0,0,0,0,0,0,0,0,0,0,3,0,40.0079,-75.0852, , 
26304,283362,2015056095,6,67,67301,2015,4,4,2125,21,3,1,0,7,3, , ,N,0,0,0,3,1,0,2,2,N,N,40 01:35.250,75 05:46.038,2132, ,2130,3,2,2,N,0,0,Y, , , , , , , , ,2,1,1,0,0,0,0,0,0,0,0,0,0,0,0,0,0,0,0,0,0,0,0,0,0,0,0,0,1,0,0,0,0,0,0,1,0,40.0265,-75.0961,2, 
26305,283390,2015036642,6,67,67301,2015,3,1,1230,12,1,1,0,5,1, , ,N,0,0,0,3,0,0,2,2,N,N,40 03:43.966,75 09:06.620,1308, ,1306, ,0, ,N, ,0, , , , , , , , , ,2,0,0,0,0,0,1,1,0,0,0,0,0,0,0,0,0,0,0,0,0,0,0,0,0,0,0,0,0,0,0,0,0,0,0,0,0,40.0622,-75.1518, , 
26306,283401,2015049094,6,67,67301,2015,4,3,1525,15,1,1,0,5,1, , ,N,0,0,0,3,0,1,2,2,N,N,39 58:22.347,75 12:55.997,1553, ,1536, ,0, ,N, ,0, , , , , , , , , ,1,1,0,0,0,0,0,0,1,0,0,1,1,0,0,0,0,0,0,0,0,0,0,0,0,0,0,0,0,0,0,0,0,0,0,4,0,39.9729,-75.2156, , 
26307,283409,2015061440,6,67,67301,2015,6,6,2349,23,3,1,0,1,1,1,4,Y,0,0,3,3,0,0,2,2,N,N,39 58:23.861,75 07:14.056,23,45,4,3,1,2,N, ,0,N,Y,N,N,N,Y,N,Y,Y,2,1,0,0,1,0,0,0,0,0,0,0,0,0,0,0,0,0,1,0,0,0,0,0,0,0,0,0,0,0,0,0,0,0,0,0,0,39.9733,-75.1206, , 
26308,283416,2015006621,6,67,67301,2015,1,1,1730,17,3,1,1,1,1, , ,N,0,0,0,3,0,1,3,2,N,N,39 56:40.246,75 14:46.903,9999, ,9999, ,0, ,N, ,0, , , , , , , , , ,2,2,0,0,0,0,0,0,0,0,0,0,1,1,0,0,0,0,0,0,0,0,0,2,0,0,0,0,0,0,0,0,0,0,0,8,0,39.9445,-75.2464, , 
26309,283460,2015054015,6,67,67301,2015,4,4,734,7,1,1,0,4,1, , ,N,1,2,0,3,0,1,2,2,N,N,39 56:28.421,75 12:33.849,740, ,735, ,0, ,N, ,3, , , , , , , , , ,2,1,0,0,0,0,1,0,0,0,0,1,1,0,0,0,0,0,0,0,1,0,0,0,0,0,0,0,0,0,0,0,0,0,0,4,0,39.9412,-75.2094, , 
26310,283461,2015054383,6,67,67301,2015,4,2,150,1,3,1,0,7,4, , ,N,0,0,0,3,0,0,1,1,N,N,40 05:34.269,75 03:56.858,207, ,201, ,0, , , ,0, , , , , , , , , ,1,1,0,0,0,0,0,0,0,0,0,0,0,0,1,0,0,0,0,0,0,0,0,0,0,0,0,0,0,0,0,0,0,0,0,9,0,40.0929,-75.0658, , 
26311,283471,2015017922,6,67,67301,2015,1,5,15,0,3,1,0,5,6, , ,N,0,0,0,3,0,0,1,2,N,N,39 58:39.187,75 10:47.208,36, ,35, ,0, ,N, ,0, , , , , , , , , ,2,1,0,0,0,0,1,0,0,0,0,0,0,0,0,0,0,0,0,0,0,0,0,0,0,0,0,0,0,0,0,0,0,0,0,0,0,39.9776,-75.1798, , 
26312,283477,2015031506,6,67,67301,2015,2,3,2126,21,3,1,0,1,1, , ,N,1,2,0,3,0,1,3,2,N, ,40 02:25.817,75 03:32.713,2129, ,2126,1,1,2, , ,3,N, , , , , , , , ,2,2,0,0,0,0,0,0,0,0,0,1,1,0,0,0,0,0,0,0,0,0,0,0,0,0,0,0,0,0,0,0,0,0,0,4,0,40.0405,-75.0591, , 
26313,287553,2015051501,6,67,67301,2015,4,2,2020,20,3,1,0,4,1, , ,N,1,3,0,3,0,1,4,2,N,N,39 58:39.669,75 06:59.457,2050, ,2045, ,0, ,N, ,3, , , , , , , , , ,2,1,0,0,0,0,1,0,0,0,0,1,1,0,0,0,0,0,0,0,0,0,0,0,0,0,0,0,0,0,0,0,0,0,0,4,0,39.9777,-75.1165, , 
26314,287568,2015061865,6,67,67301,2015,5,3,1621,16,1,1,0,7,5, , ,N,0,0,0,3,0,1,1,1,N,N,40 00:35.416,75 05:44.995,1628, ,1626, ,0, ,N, ,0, , , , , , , , , ,1,0,0,0,0,0,1,0,0,0,0,1,1,0,0,0,0,0,0,0,0,0,0,0,0,0,0,0,0,0,0,0,0,0,0,4,0,40.0098,-75.0958, , 
26315,287570,2015063871,6,67,67301,2015,6,5,1720,17,1,1,0,1,1, , ,N,0,0,0,3,0,1,4,2,N,N,40 01:40.251,75 03:44.670,1740, ,1739, ,0, , , ,0, , , , , , , , , ,2,1,0,0,1,0,0,0,0,0,0,1,1,0,0,0,0,0,0,0,0,0,0,0,0,0,0,0,0,0,0,0,0,0,0,4,0,40.0278,-75.0624, , 
26316,287571,2015066165,6,67,67301,2015,6,4,725,7,1,1,0,4,1, , ,N,2,3,0,3,0,1,2,3,N,N,40 05:59.132,74 59:02.770,742, ,739, ,0, ,N, ,3, , , , , , , , , ,3,1,0,0,0,0,2,0,0,0,0,0,1,1,0,0,0,0,0,0,1,0,0,0,0,0,0,0,0,0,0,0,0,0,0,8,0,40.0998,-74.9841, , 
26317,287574,2015075814,6,67,67301,2015,7,1,1027,10,1,1,0,1,1, , ,N,2,2,0,3,0,1,2,2,N, ,40 03:27.887,75 02:29.677,1035, ,1033, ,0, , , ,3, , , , , , , , , ,2,2,0,0,0,0,0,0,0,0,0,1,1,0,0,0,0,0,0,0,1,0,0,0,0,0,0,0,0,0,0,0,0,0,0,4,0,40.0578,-75.0417, , 
26318,287579,2015079778,6,67,67301,2015,8,1,123,1,3,1,0,5,1, , ,N,0,0,0,3,0,0,2,2,N,N,39 59:42.377,75 11:53.064,135, ,127, ,0, ,N, ,0, , , , , , , , , ,2,2,0,0,0,0,0,0,0,0,0,0,0,0,0,0,0,0,0,0,0,0,1,0,0,0,0,0,0,0,0,0,0,0,0,0,0,39.9951,-75.1981, , 
26319,287582,2015081094,6,67,67301,2015,7,4,2105,21,3,1,0,1,1, , ,N,1,2,0,3,0,2,3,2,N,N,40 03:40.656,75 03:06.510,2113, ,2108, ,0, ,N, ,3, , , , , , , , , ,2,1,0,0,0,0,0,1,0,0,0,1,2,1,0,0,0,0,0,0,0,0,0,0,0,0,0,0,0,0,0,0,0,0,0,4,0,40.0613,-75.0518, , 
26320,287608,2015054385,6,67,67301,2015,5,2,1745,17,1,1,0,8,1, , ,N,1,3,0,3,0,2,3,2,N, ,39 58:53.209,75 10:01.549,1747, ,1745, ,0, , , ,3, , , , , , , , , ,1,0,0,0,0,0,1,0,0,0,0,1,2,1,0,0,0,0,0,0,0,0,0,0,0,0,0,0,0,0,0,0,1,0,0,4,0,39.9814,-75.1671, , 
26321,287632,2015028845,6,67,67301,2015,2,6,1812,18,3,1,0,8,1, , ,N,1,2,0,3,0,1,2,2,N,N,40 00:36.075,75 05:46.053,1820, ,1814, ,0, ,N, ,3, , , , , , , , , ,1,0,0,0,0,1,0,0,0,0,0,0,1,1,0,0,0,0,0,0,0,0,0,0,0,0,0,0,0,0,0,0,1,0,0,8,1,40.01,-75.0961, , 
26322,287672,2015018008,6,67,67301,2015,2,6,240,2,3,1,0,7,3,1,4,Y,0,0,0,3,0,0,1,1,N,N,39 58:05.806,75 07:45.529,243,45,241,1,1,1,N, ,0,N,N,N,N,N,N,N,N,Y,1,1,0,0,0,0,0,0,0,0,0,0,0,0,0,0,0,0,0,0,0,0,0,0,0,0,0,0,0,0,0,0,0,0,0,0,0,39.9683,-75.1293, , 
26323,287689,2015036622,6,67,67301,2015,3,1,429,4,3,1,0,3,1, , ,N,0,0,0,3,0,1,2,2,N,N,39 58:40.508,75 07:28.632,440, ,440, ,0, ,N, ,0, , , , , , , , , ,2,2,0,0,0,0,0,0,0,0,0,0,1,1,0,0,0,0,0,0,0,0,0,0,0,0,0,0,0,0,0,0,0,0,0,8,0,39.9779,-75.1246, , 
26324,287691,2015038589,6,67,67301,2015,3,2,2010,20,4,1,0,5,1, , ,N,1,1,0,3,0,1,2,2,N,N,39 53:40.603,75 14:12.181,2030, ,2025, ,0, , , ,3, , , , , , , , , ,2,2,0,0,0,0,0,0,0,0,0,0,1,1,0,0,0,0,0,0,1,0,0,0,0,0,0,0,0,0,0,0,0,0,0,8,0,39.8946,-75.2367, , 
26325,287692,2015040408,6,67,67301,2015,3,6,1702,17,1,1,0,1,1, , ,N,0,0,0,3,0,0,2,2,N,N,39 59:19.571,75 05:18.002,1714, ,1711,1,2,2,N, ,0,N, , , , , , , , ,2,1,0,0,1,0,0,0,0,0,0,0,0,0,0,0,0,0,1,0,1,0,0,0,0,0,0,0,0,0,0,0,0,0,0,0,1,39.9888,-75.0883, , 
26326,287729,2015026466,6,67,67301,2015,2,1,543,5,3,8,6,2,3, , ,N,0,0,0,3,0,0,2,2,N,N,39 57:34.162,75 08:27.373,618, ,601, ,0, ,N, ,0, , , , , , , , , ,2,2,0,0,0,0,0,0,0,0,0,0,0,0,0,0,0,0,0,0,1,0,0,0,0,0,0,0,0,0,0,0,0,0,0,0,0,39.9595,-75.1409, , 
26327,287731,2015029678,6,67,67301,2015,3,1,2305,23,3,1,0,6,1, , ,N,0,2,0,3,0,0,2,3,N,N,39 54:28.729,75 10:23.693,2311, ,2310, ,0, ,N, ,3, , , , , , , , , ,3,3,0,0,0,0,0,0,0,0,0,0,0,0,1,0,0,0,0,0,0,0,0,0,0,0,0,0,0,0,0,0,0,0,0,9,0,39.908,-75.1732, , 
26328,287743,2015036614,6,67,67301,2015,3,6,1750,17,1,1,0,5,1, , ,N,2,0,0,3,0,0,3,3,N, ,40 03:15.289,75 09:37.670,1810, ,1757, ,0, ,N, ,0, , , , , , , , , ,3,1,0,0,0,0,1,1,0,0,0,0,0,0,1,0,0,0,0,0,1,0,0,0,0,0,0,0,0,0,0,0,0,0,0,9,0,40.0542,-75.1605, , 
26329,287746,2015038601,6,67,67301,2015,3,1,1100,11,1,1,0,4,1, , ,N,1,2,0,3,0,1,3,2,N,N,40 01:08.216,75 08:49.391,1120, ,1110, ,0, ,N, ,3, , , , , , , , , ,2,1,0,0,0,0,0,1,0,0,0,1,1,0,0,0,0,0,0,0,1,0,0,3,0,0,0,0,0,0,0,0,0,0,0,4,0,40.0189,-75.1471, , 
26330,287762,2015009644,6,67,67301,2015,1,6,1530,15,1,1,0,1,1, , ,N,0,0,0,3,0,2,4,3,N,N,39 57:19.322,75 09:20.179,1542, ,1540, ,0, , , ,0, , , , , , , , , ,3,2,0,0,0,0,0,1,0,0,0,0,2,2,0,0,0,0,0,0,0,0,0,0,0,0,0,0,0,0,0,0,0,0,0,8,0,39.9554,-75.1556, , 
26331,291416,2015051536,6,67,67301,2015,5,1,130,1,3,1,0,1,1, , ,N,0,0,0,3,0,0,2,2,N,N,39 58:16.109,75 13:42.333,139, ,139, ,0, ,N, ,0, , , , , , , , , ,2,2,0,0,0,0,0,0,0,0,0,0,0,0,0,0,0,0,0,0,0,0,0,0,0,0,0,0,0,0,0,0,0,0,0,0,0,39.9711,-75.2284, , 
26332,291417,2015054357,6,67,67301,2015,5,4,2030,20,3,1,0,7,3, , ,N,0,0,0,3,0,1,1,1,N,N,39 57:54.031,75 09:38.761,2045, ,2042, ,0, ,N, ,0, , , , , , , , , ,1,1,0,0,0,0,0,0,0,0,1,0,1,0,0,0,0,0,0,0,0,0,0,0,0,0,0,0,0,0,0,0,0,0,0,3,0,39.965,-75.1608, , 
26333,291455,2015049035,6,67,67301,2015,4,1,1155,11,1,1,0,5,1, , ,N,0,0,0,3,0,1,2,4,N,N,40 01:27.604,75 06:36.064,1205, ,1200,9,1,2,N, ,0,N, , , , , , , , ,4,3,0,0,0,0,1,0,0,0,0,1,1,0,0,0,0,0,0,0,0,0,0,0,0,0,0,0,0,0,0,0,0,0,0,4,0,40.0243,-75.11, , 
26334,291456,2015049098,6,67,67301,2015,4,3,803,8,1,1,0,1,1, , ,N,0,0,0,3,0,0,3,3,N,N,39 53:41.381,75 13:48.881,1042, ,1032, ,0, , , ,0, , , , , , , , , ,3,2,0,0,0,1,0,0,0,0,0,0,0,0,0,0,0,0,0,0,1,0,0,0,0,0,0,0,0,0,0,0,0,0,0,0,1,39.8948,-75.2302, , 
26335,291463,2015056665,6,67,67301,2015,5,2,646,6,1,1,0,5,1, , ,N,0,0,0,3,0,0,3,3,Y,N,39 58:01.908,75 11:17.955,704, ,656, ,0, ,N, ,0, , , , , , , , , ,3,1,0,1,0,0,1,0,0,0,0,0,0,0,0,0,0,0,0,0,0,0,0,0,0,0,0,0,0,0,0,0,0,0,0,0,1,39.9672,-75.1883, , 
26336,291485,2015020829,6,67,67301,2015,2,2,1230,12,1,2,1,1,1, , ,N,1,2,2,3,0,2,2,2,N,N,39 58:20.989,75 07:24.839,1232, ,1232, ,0, , , ,3, , , , , , , , , ,2,1,0,0,1,0,0,0,0,0,0,2,2,0,0,0,0,0,0,1,0,0,1,0,0,0,0,0,0,0,0,0,0,0,0,4,0,39.9725,-75.1235, , 
26337,291487,2015021448,6,67,67301,2015,2,6,1145,11,1,1,0,7,4, , ,N,0,0,0,3,0,1,1,1,N,N,39 58:54.695,75 12:26.187,1152, ,1145,1,1,4,N, ,0,N, , , , , , , , ,1,1,0,0,0,0,0,0,0,0,0,0,1,1,0,0,0,0,1,0,0,0,0,0,0,0,0,0,0,0,0,0,0,0,0,8,0,39.9819,-75.2073, , 
26338,291501,2015031083,6,67,67301,2015,2,5,1908,19,3,8,6,4,1, , ,N,1,3,0,3,0,2,4,2,N,N,39 59:17.480,75 08:04.120,1955, ,1948, ,0, ,N, ,3, , , , , , , , , ,2,2,0,0,0,0,0,0,0,0,0,2,2,0,0,0,0,0,0,0,0,0,0,0,0,0,0,0,0,0,0,0,0,0,0,4,0,39.9882,-75.1345, , 
26339,291546,2015051945,6,67,67301,2015,4,6,2248,22,3,2,1,8,1, , ,N,0,0,0,3,1,0,2,2,N, ,39 57:48.203,75 08:07.688,2251, ,2248, ,0, , ,0,0, , , , , , , , , ,1,1,0,0,0,0,0,0,0,0,0,0,0,0,0,0,0,0,0,0,0,0,0,0,0,0,0,0,0,0,0,0,1,1,0,1,0,39.9634,-75.1355,2, 
26340,291547,2015051951,6,67,67301,2015,5,6,2321,23,3,1,0,4,1, , ,N,1,2,0,3,0,0,3,2,N,N,39 57:45.982,75 10:40.708,2325, ,2321, ,0, ,N, ,3, , , , , , , , , ,2,2,0,0,0,0,0,0,0,0,0,0,0,0,0,0,0,0,0,0,0,0,0,0,0,0,0,0,0,0,0,0,0,0,0,0,0,39.9628,-75.178, , 
26341,291555,2015056940,6,67,67301,2015,5,2,1040,10,1,1,0,4,1, , ,N,2,3,0,3,0,1,2,3,N,N,39 58:43.147,75 07:16.337,1322, ,1051,2,2,2,N, ,3,Y, , , , , , , , ,3,2,0,0,0,0,1,0,0,0,0,1,1,0,0,0,0,0,0,0,1,0,0,0,0,0,0,0,0,0,0,0,0,0,0,4,0,39.9787,-75.1212, , 
26342,291578,2015018204,6,67,67301,2015,2,2,830,8,1,1,1,1,1, , ,N,0,3,0,3,0,1,2,2,N,N,39 54:11.354,75 08:22.833,845, ,830,3,1,1,N, ,3,N, , , , , , , , ,2,0,0,0,0,2,0,0,0,0,0,0,1,1,0,0,0,0,0,0,0,1,0,0,0,0,0,0,0,0,0,0,0,0,0,8,2,39.9032,-75.1397, , 
26343,291582,2015021920,6,67,67301,2015,1,6,2216,22,3,4,4,7,4, , ,N,0,0,0,3,0,0,1,1,N,N,40 02:08.322,75 10:23.422,2358, ,2357, ,0, ,N, ,0, , , , , , , , , ,1,1,0,0,0,0,0,0,0,0,0,0,0,0,0,0,0,0,0,0,0,0,0,0,0,0,0,0,0,0,0,0,0,0,0,0,0,40.0356,-75.1732, , 
26344,291586,2015025010,6,67,67301,2015,2,1,1315,13,1,1,0,1,1, , ,N,1,2,3,3,0,1,2,2,N,N,39 57:16.399,75 10:52.674,1339, ,1339, ,0, ,N, ,3, , , , , , , , , ,2,2,0,0,0,0,0,0,0,0,0,1,1,0,0,0,0,0,0,0,1,0,0,0,0,0,0,0,0,0,0,0,0,0,0,4,0,39.9546,-75.1813, , 
26345,291605,2015045355,6,67,67301,2015,4,1,253,2,3,1,0,5,6, , ,N,0,0,0,3,0,0,1,2,N,N,40 02:23.066,75 01:57.361,258, ,258, ,0, ,N, ,0, , , , , , , , , ,2,1,0,0,0,0,1,0,0,0,0,0,0,0,0,0,0,0,0,0,0,0,0,0,0,0,0,0,0,0,0,0,0,0,0,0,0,40.0397,-75.0326, , 
26346,291616,2015006145,6,67,67301,2015,1,1,1821,18,3,2,1,8,1, , ,N,0,0,0,3,0,1,2,2,N, ,40 00:27.493,75 10:24.176,1838, ,1836, ,0, , , ,0, , , , , , , , , ,1,1,0,0,0,0,0,0,0,0,0,1,1,0,0,0,0,0,0,0,1,0,0,0,0,0,0,0,0,0,0,0,1,0,0,4,0,40.0076,-75.1734, , 
26347,291627,2015018998,6,67,67301,2015,1,3,2100,21,3,4,4,7,4, , ,N,0,0,0,3,1,0,1,1,N,N,40 03:19.839,75 08:27.773,2115, ,2113, ,0, ,N,0,0, , , , , , , , , ,1,1,0,0,0,0,0,0,0,0,0,0,0,0,0,0,0,0,0,0,1,0,0,0,0,0,0,0,0,0,0,0,0,0,0,1,0,40.0555,-75.141,2, 
26348,291659,2015043209,6,67,67301,2015,3,3,1500,15,1,1,0,2,1, , ,N,0,0,0,3,0,1,2,2,N, ,39 56:16.328,75 13:10.598,1710, ,1702, ,0, , , ,0, , , , , , , , , ,2,2,0,0,0,0,0,0,0,0,0,1,1,0,0,0,0,0,0,0,0,0,0,0,0,0,0,0,0,0,0,0,0,0,0,4,0,39.9379,-75.2196, , 
26349,291671,2015021947,6,67,67301,2015,2,4,1615,16,1,1,0,4,1, , ,N,1,2,0,3,0,4,6,2,N,N,39 59:47.209,75 06:35.265,1630, ,1626, ,0, ,N, ,3, , , , , , , , , ,2,2,0,0,0,0,0,0,0,0,0,4,4,0,0,0,0,0,0,0,0,0,0,3,0,0,0,0,0,0,0,0,0,0,0,4,0,39.9964,-75.1098, , 
26350,295588,2015018009,6,67,67301,2015,2,7,239,2,3,1,0,6,1, , ,N,0,0,0,3,0,2,6,5,N,N,39 58:00.110,75 11:15.617,245, ,240,2,1,3,N, ,0,N, , , , , , , , ,5,2,0,0,0,0,3,0,0,0,0,2,2,0,0,0,0,0,0,0,1,0,0,0,0,0,0,0,0,0,0,0,0,0,0,4,0,39.9667,-75.1877, , 
26351,295592,2015020800,6,67,67301,2015,2,1,2310,23,3,4,1,4,1, , ,N,1,2,0,3,0,1,2,2,N, ,39 58:13.810,75 14:03.170,2324, ,2317, ,0, , , ,3, , , , , , , , , ,2,1,0,0,0,0,1,0,0,0,0,0,1,1,0,0,0,0,0,0,0,0,0,0,0,0,0,0,0,0,0,0,0,0,0,8,0,39.9705,-75.2342, , 
26352,295594,2015025167,6,67,67301,2015,2,1,405,4,3,4,3,7,4, , ,N,1,2,0,3,0,0,1,1,N, ,40 02:34.004,75 06:48.689,416, ,413, ,0, , , ,3, , , , , , , , , ,1,1,0,0,0,0,0,0,0,0,0,0,0,0,0,0,0,0,0,0,0,0,0,0,0,0,0,0,0,0,0,0,0,0,0,0,0,40.0427,-75.1136, , 
26353,295608,2015036583,6,67,67301,2015,3,4,728,7,1,1,0,5,1, , ,N,0,0,0,3,0,1,2,2,N,N,39 57:12.322,75 11:41.298,730, ,729, ,0, ,N, ,0, , , , , , , , , ,1,0,0,0,0,0,0,1,1,0,0,1,1,0,0,0,0,0,0,0,0,0,0,0,0,0,0,0,0,0,0,0,0,0,0,4,0,39.9534,-75.1948, , 
26354,295631,2015015986,6,67,67301,2015,2,1,1045,10,1,1,0,5,1, , ,N,0,0,0,3,0,2,6,3,N,N,39 59:22.456,75 12:22.280,1101, ,1047, ,0, ,N, ,0, , , , , , , , , ,3,3,0,0,0,0,0,0,0,0,0,2,2,0,0,0,0,0,0,0,0,0,0,0,0,0,0,0,0,0,0,0,0,0,0,4,0,39.9896,-75.2062, , 
26355,295636,2015020682,6,67,67301,2015,1,2,500,5,3,8,1,7,4, , ,N,0,0,0,3,0,1,2,1,N, ,39 58:55.205,75 13:07.271,540, ,521, ,0, , , ,0, , , , , , , , , ,1,0,0,0,0,0,1,0,0,0,0,0,1,1,1,0,0,0,0,0,0,0,0,0,0,0,0,0,0,0,0,0,0,0,0,8,0,39.982,-75.2187, , 
26356,295652,2015036690,6,67,67301,2015,3,5,700,7,1,1,0,4,1, , ,N,1,2,0,3,0,2,2,2,N,N,40 02:09.919,75 11:38.322,706, ,701, ,0, , , ,3, , , , , , , , , ,2,2,0,0,0,0,0,0,0,0,1,1,2,0,0,0,0,0,0,0,0,0,0,0,0,0,0,0,0,0,0,0,0,0,0,3,0,40.0361,-75.194, , 
26357,295658,2015043232,6,67,67301,2015,3,4,2000,20,3,1,1,8,1, , ,N,0,0,0,3,0,1,2,2,N, ,40 05:26.385,75 01:58.277,428, ,420, ,0, , , ,0, , , , , , , , , ,1,0,0,0,0,0,1,0,0,0,0,0,1,1,0,0,0,0,0,0,1,0,0,0,0,0,0,0,0,0,0,0,1,0,0,8,0,40.0907,-75.0329, , 
26358,295678,2015073461,6,67,67301,2015,6,7,1705,17,1,2,1,1,1, , ,N,7,3,2,3,0,4,5,2,N,N,40 00:25.119,75 11:58.634,1716, ,1706, ,0, ,N, ,3, , , , , , , , , ,2,0,0,0,0,0,2,0,0,0,0,0,4,4,0,0,0,0,0,0,0,0,0,0,0,0,0,0,0,0,0,0,0,0,0,8,0,40.007,-75.1996, , 
26359,295690,2015084414,6,67,67301,2015,7,6,322,3,3,1,0,1,1, , ,N,1,2,0,3,0,2,4,2,N, ,40 00:20.425,75 06:03.822,322, ,319, ,0, ,N, ,3, , , , , , , , , ,2,2,0,0,0,0,0,0,0,0,1,1,2,0,2,0,0,0,0,0,0,0,0,0,0,0,0,0,0,0,0,0,0,0,0,3,0,40.0057,-75.1011, , 
26360,295697,2015092070,6,67,67301,2015,8,5,1150,11,1,1,0,5,1, , ,N,0,0,0,3,0,1,2,2,N,N,39 59:26.609,75 07:48.141,2000, ,2000, ,0, ,N, ,0, , , , , , , , , ,1,0,0,0,0,1,0,0,1,0,1,0,1,0,0,0,0,0,0,0,0,0,0,0,0,0,0,0,0,0,0,0,0,0,0,3,1,39.9907,-75.13, , 
26361,295700,2015095162,6,67,67301,2015,9,5,609,6,1,1,0,7,4, , ,N,0,0,0,3,0,1,2,1,N,N,39 59:10.623,75 05:42.215,637, ,637, ,0, ,N, ,0, , , , , , , , , ,1,0,0,0,0,0,1,0,0,0,0,0,1,1,1,0,0,0,0,0,0,0,0,0,0,0,0,0,0,0,0,0,0,0,0,8,0,39.9863,-75.0951, , 
26362,295709,2015108079,6,67,67301,2015,10,5,426,4,3,1,0,7,2, , ,N,0,0,0,3,0,0,1,1,N,N,39 54:05.345,75 09:07.398,437, ,427, ,0, ,N, ,0, , , , , , , , , ,1,1,0,0,0,0,0,0,0,0,0,0,0,0,0,0,0,0,0,0,0,0,0,0,0,0,0,0,0,0,0,0,0,0,0,0,0,39.9015,-75.1521, , 
26363,295716,2015012147,6,67,67301,2015,1,5,2042,20,3,1,0,4,1, , ,N,0,0,0,3,0,1,2,2,N,N,39 57:25.884,75 09:24.208,2053, ,2048, ,0, ,N, ,0, , , , , , , , , ,2,1,0,0,0,0,1,0,0,0,1,0,1,0,0,0,0,0,0,0,0,0,0,1,0,0,0,0,0,0,0,0,0,0,0,3,0,39.9572,-75.1567, , 
26364,295744,2015033747,6,67,67301,2015,3,3,830,8,1,1,0,1,1, , ,N,0,2,0,3,0,0,3,3,N,N,40 05:40.041,75 00:55.358,832, ,830,1,1,1,N, ,3,N, , , , , , , , ,3,2,0,0,0,0,1,0,0,0,0,0,0,0,0,0,0,0,0,0,0,0,0,0,0,0,0,0,0,0,0,0,0,0,0,0,0,40.0945,-75.0154, , 
26365,295759,2015051449,6,67,67301,2015,4,1,2123,21,3,1,0,1,6, , ,N,0,0,0,3,0,0,1,3,N,N,40 02:41.564,75 01:51.329,2132, ,2127,2,1,4,N, ,0,N, , , , , , , , ,3,1,0,0,0,0,2,0,0,0,0,0,0,0,1,0,0,0,0,0,0,0,0,0,0,0,0,0,0,0,0,0,0,0,0,9,0,40.0449,-75.0309, , 
26366,295777,2015025237,6,67,67301,2015,2,4,523,5,3,1,0,7,3, , ,N,0,0,0,3,0,0,2,1,N,N,40 02:54.969,74 59:52.583,538, ,526,1,1,1,N, ,0,N, , , , , , , , ,1,0,0,0,0,0,1,0,0,0,0,0,0,0,0,0,0,0,0,0,0,0,0,0,0,0,0,0,0,0,0,0,0,0,0,0,0,40.0486,-74.9979, , 
26367,295794,2015042056,6,67,67301,2015,3,1,715,7,1,1,0,7,4, , ,N,0,0,0,3,0,1,1,1,N,N,40 02:20.350,75 08:56.030,855, ,833, ,0, ,N, ,0, , , , , , , , , ,1,0,0,0,0,0,0,1,0,0,0,0,1,1,0,0,0,0,0,0,0,0,0,0,0,0,0,0,0,0,0,0,0,0,0,8,0,40.039,-75.1489, , 
26368,295801,2015049182,6,67,67301,2015,4,7,1848,18,1,1,0,1,1, , ,N,1,2,0,3,0,1,3,3,N, ,40 01:16.607,75 09:36.814,1856, ,1856,9,1,1, , ,3,N, , , , , , , , ,3,2,0,0,0,0,1,0,0,0,0,1,1,0,0,0,0,0,0,0,1,0,0,0,0,0,0,0,0,0,0,0,0,0,0,4,0,40.0213,-75.1602, , 