objectid_1,objectid,crn,district,county,municipality,crash_year,crash_month,day_of_week,time_of_day,hour_of_day,illumination,weather,road_condition,collision_type,relation_to_road,work_zone_type,work_zone_loc,work_zone_ind,intersect_type,tcd_type,location_type,urban_rural,fatal_count,injury_count,person_count,total_units,sch_bus_ind,sch_zone_ind,latitude,longitude,arrival_tm,cons_zone_spd_lim,dispatch_tm,est_hrs_closed,lane_closed,ln_close_dir,ntfy_hiwy_maint,spec_juris_cd,tcd_func_cd,tfc_detour_ind,workers_pres,wz_close_detour,wz_flagger,wz_law_offcr_ind,wz_ln_closure,wz_moving,wz_other,wz_shlder_mdn,vehicle_count,automobile_count,motorcycle_count,bus_count,small_truck_count,heavy_truck_count,suv_count,van_count,bicycle_count,maj_inj_count,mod_inj_count,min_inj_count,tot_inj_count,unk_inj_deg_count,unk_inj_per_count,driver_count_16yr,driver_count_17yr,driver_count_18yr,driver_count_19yr,driver_count_20yr,driver_count_50_64yr,driver_count_65_74yr,driver_count_75plus,unbelted_occ_count,unb_death_count,unb_maj_inj_count,belted_death_count,belted_maj_inj_count,mcycle_death_count,mcycle_maj_inj_count,bicycle_death_count,bicycle_maj_inj_count,ped_count,ped_death_count,ped_maj_inj_count,max_severity_level,comm_veh_count,dec_lat,dec_long,rdwy_surf_type_cd,county_name
26504,297961,2015051469,6,67,67301,2015,5,6,1907,19,1,1,0,4,1, , ,N,1,2,0,3,0,1,3,2,N,N,40 04:51.077,75 01:43.585,1913, ,1908,1,1,5,N, ,3,N, , , , , , , , ,2,0,0,0,0,0,2,0,0,0,0,0,1,1,0,0,0,0,0,0,0,0,0,0,0,0,0,0,0,0,0,0,0,0,0,8,0,40.0809,-75.0288, , 
26505,297989,2015012374,6,67,67301,2015,1,7,1219,12,1,1,0,4,1, , ,N,1,0,0,3,0,2,4,2,N, ,40 01:14.257,75 08:55.161,1222, ,1220,9,1,2, , ,0,N, , , , , , , , ,2,1,0,0,0,0,0,1,0,0,0,2,2,0,0,0,0,0,0,0,0,0,0,0,0,0,0,0,0,0,0,0,0,0,0,4,0,40.0206,-75.1487, , 
26506,298000,2015025125,6,67,67301,2015,2,5,1258,12,1,1,0,4,1, , ,N,1,2,0,3,0,1,2,2,N,N,39 57:32.806,75 09:29.825,1259, ,1258, ,0, ,N, ,3, , , , , , , , , ,2,2,0,0,0,0,0,0,0,0,0,0,1,1,0,0,0,0,0,0,0,0,0,0,0,0,0,0,0,0,0,0,0,0,0,8,0,39.9591,-75.1583, , 
26507,298009,2015036581,6,67,67301,2015,3,6,1408,14,1,1,0,4,1, , ,N,1,2,0,3,0,1,2,2,N,N,40 03:45.914,75 03:27.576,1416, ,1408, ,0, , , ,3, , , , , , , , , ,2,1,0,0,0,0,1,0,0,0,0,0,1,1,0,0,0,0,0,0,1,0,1,0,0,0,0,0,0,0,0,0,0,0,0,8,0,40.0628,-75.0577, , 
26508,298022,2015051923,6,67,67301,2015,4,2,1715,17,1,1,0,4,1, , ,N,1,3,0,3,0,1,2,2,N,N,39 57:50.282,75 13:05.658,1730, ,1728, ,0, ,N, ,3, , , , , , , , , ,2,0,0,0,1,0,0,1,0,0,0,1,1,0,0,0,0,0,0,0,1,0,0,0,0,0,0,0,0,0,0,0,0,0,0,4,0,39.964,-75.2182, , 
26509,298023,2015051957,6,67,67301,2015,5,1,2245,22,3,1,0,7,4, , ,N,0,0,0,3,0,1,1,1,N, ,40 04:21.262,75 14:33.427,2254, ,2246,4,2,5, , ,0,Y, , , , , , , , ,1,1,0,0,0,0,0,0,0,0,0,1,1,0,0,0,0,0,0,0,1,0,0,0,0,0,0,0,0,0,0,0,0,0,0,4,0,40.0726,-75.2426, , 
26510,298104,2015042874,6,67,67301,2015,3,6,1815,18,1,1,0,1,1, , ,N,0,0,0,3,0,0,2,2,N,N,40 04:04.291,75 02:24.435,1822, ,1817, ,0, , , ,0, , , , , , , , , ,2,0,0,0,0,0,2,0,0,0,0,0,0,0,0,0,1,0,0,0,0,0,0,0,0,0,0,0,0,0,0,0,0,0,0,0,0,40.0679,-75.0401, , 
26511,298110,2015049188,6,67,67301,2015,4,5,710,7,1,1,0,4,1, , ,N,1,2,0,3,0,1,2,2,N, ,40 02:55.097,75 08:41.622,720, ,718, ,0, , , ,3, , , , , , , , , ,2,1,0,0,1,0,0,0,0,0,0,0,1,1,0,0,0,0,0,0,0,0,0,0,0,0,0,0,0,0,0,0,0,0,0,8,0,40.0486,-75.1449, , 
26512,298153,2015047544,6,67,67301,2015,4,3,1300,13,1,1,0,8,1, , ,N,1,0,0,3,0,1,2,2,N,N,40 01:43.449,75 08:38.083,1515, ,1515, ,0, , , ,0, , , , , , , , , ,1,1,0,0,0,0,0,0,0,0,1,0,1,0,0,0,0,0,0,0,0,0,0,0,0,0,0,0,0,0,0,0,1,0,0,3,0,40.0287,-75.1439, , 
26513,298160,2015056683,6,67,67301,2015,5,4,1357,13,1,1,0,1,1, , ,N,0,0,0,3,0,2,2,2,N,N,39 59:36.361,75 05:04.834,1409, ,1400,2,2,1,N, ,0,Y, , , , , , , , ,2,2,0,0,0,0,0,0,0,0,0,2,2,0,0,0,0,0,0,1,1,0,0,0,0,0,0,0,0,0,0,0,0,0,0,4,0,39.9934,-75.0847, , 
26514,298165,2015066179,6,67,67301,2015,6,3,1814,18,1,1,0,4,1, , ,N,0,0,0,3,0,1,2,2,N,N,40 02:41.739,75 03:40.156,1824, ,1816, ,0, ,N, ,0, , , , , , , , , ,2,1,0,0,0,0,1,0,0,0,0,0,1,1,0,0,0,0,0,0,0,0,0,0,0,0,0,0,0,0,0,0,0,0,0,8,0,40.0449,-75.0612, , 
26515,298184,2015020826,6,67,67301,2015,1,1,2343,23,3,2,1,8,1, , ,N,1,2,0,3,0,1,2,2,N,N,40 01:23.700,75 04:36.637,100, ,59, ,0, , , ,3, , , , , , , , , ,1,1,0,0,0,0,0,0,0,0,0,1,1,0,0,0,0,0,0,0,0,0,1,1,0,0,0,0,0,0,0,0,1,0,0,4,0,40.0233,-75.0768, , 
26516,298212,2015045372,6,67,67301,2015,4,7,1846,18,1,1,0,8,1, , ,N,1,2,0,3,0,1,2,2,N,N,40 03:00.795,75 07:38.967,1848, ,1846, ,0, , , ,3, , , , , , , , , ,1,0,0,0,0,0,1,0,0,0,0,1,1,0,0,0,0,0,0,0,0,0,0,0,0,0,0,0,0,0,0,0,1,0,0,4,0,40.0502,-75.1275, , 
26517,284054,2015015566,6,67,67301,2015,1,3,1624,16,1,1,0,8,1, , ,N,1,2,0,3,0,1,2,2,N,N,39 57:09.211,75 11:24.156,1625, ,1625, ,0, ,N, ,3, , , , , , , , , ,1,1,0,0,0,0,0,0,0,0,0,1,1,0,0,0,0,0,0,0,1,0,0,0,0,0,0,0,0,0,0,0,1,0,0,4,0,39.9526,-75.19, , 
26518,284063,2015025126,6,67,67301,2015,1,4,1129,11,1,1,0,5,1, , ,N,0,0,0,3,0,2,2,2,N, ,40 02:02.319,75 04:57.755,9999, ,9999, ,0, ,N, ,0, , , , , , , , , ,2,1,0,0,0,0,1,0,0,0,0,2,2,0,0,0,0,0,0,0,0,0,0,0,0,0,0,0,0,0,0,0,0,0,0,4,0,40.034,-75.0827, , 
26519,284066,2015028847,6,67,67301,2015,2,6,1630,16,1,1,0,8,1, , ,N,1,2,0,3,0,1,2,2,N,N,40 03:33.971,75 05:09.267,1655, ,1648, ,0, ,N, ,3, , , , , , , , , ,1,0,0,0,0,0,1,0,0,0,1,0,1,0,0,0,0,0,0,0,0,0,0,0,0,0,0,0,0,0,0,0,1,0,0,3,0,40.0594,-75.0859, , 
26520,284070,2015031062,6,67,67301,2015,2,3,635,6,1,1,0,1,1, , ,N,0,0,0,3,0,1,3,2,N,N,40 00:36.192,75 11:10.585,645, ,640, ,0, ,N, ,0, , , , , , , , , ,2,0,0,0,0,0,1,1,0,0,0,1,1,0,0,0,0,0,0,0,0,0,1,0,0,0,0,0,0,0,0,0,0,0,0,4,0,40.0101,-75.1863, , 
26521,284081,2015045421,6,67,67301,2015,4,7,200,2,3,1,0,1,1, , ,N,0,0,0,3,0,2,5,2,N,N,39 54:53.102,75 14:14.386,212, ,212, ,0, ,N, ,0, , , , , , , , , ,2,1,0,0,1,0,0,0,0,0,0,2,2,0,0,0,0,0,0,0,0,0,0,0,0,0,0,0,0,0,0,0,0,0,0,4,0,39.9148,-75.2373, , 
26522,284083,2015051503,6,67,67301,2015,4,2,449,4,3,2,1,7,4, , ,N,0,0,0,3,0,1,1,1,N,N,40 04:05.453,75 02:23.904,452, ,451, ,0, ,N, ,0, , , , , , , , , ,1,1,0,0,0,0,0,0,0,0,0,1,1,0,0,0,0,0,1,0,0,0,0,0,0,0,0,0,0,0,0,0,0,0,0,4,0,40.0682,-75.04, , 
26523,284098,2015014102,6,67,67301,2015,1,5,700,7,3,1,0,7,7, , ,N,0,0,0,3,0,1,2,2,N,N,39 53:32.659,75 14:08.815,712, ,700,3,2,2,N, ,0,Y, , , , , , , , ,2,1,0,0,0,0,1,0,0,0,0,1,1,0,0,0,0,0,0,1,0,0,0,0,0,0,0,0,0,0,0,0,0,0,0,4,0,39.8924,-75.2358, , 
26524,284130,2015045390,6,67,67301,2015,4,4,735,7,1,1,0,4,1, , ,N,1,2,0,3,0,2,4,3,N, ,39 55:11.072,75 13:29.970,738, ,737,3,2,7, , ,3,Y, , , , , , , , ,2,1,0,0,0,0,1,0,0,0,0,0,2,2,0,0,0,0,0,0,0,0,0,0,0,0,0,0,0,0,0,0,1,0,0,8,0,39.9197,-75.225, , 
26525,284164,2015035119,6,67,67301,2015,2,6,2135,21,3,1,0,4,1, , ,N,1,3,0,3,0,0,2,2,N,N,39 57:05.871,75 10:34.852,2140, ,9999, ,0, ,N, ,3, , , , , , , , , ,2,2,0,0,0,0,0,0,0,0,0,0,0,0,0,0,1,0,0,0,0,0,0,0,0,0,0,0,0,0,0,0,0,0,0,0,0,39.9516,-75.1763, , 
26526,284213,2015028877,6,67,67301,2015,2,6,1900,19,3,1,0,1,1, , ,N,1,2,0,3,0,1,2,2,N,N,39 58:05.382,75 13:30.517,1919, ,1911, ,0, ,N, ,3, , , , , , , , , ,2,2,0,0,0,0,0,0,0,0,0,0,1,1,0,0,0,0,0,0,1,0,0,0,0,0,0,0,0,0,0,0,0,0,0,8,0,39.9681,-75.2251, , 
26527,284229,2015047553,6,67,67301,2015,4,2,925,9,1,1,0,4,1, , ,N,0,0,0,3,0,1,2,2,N,N,39 59:46.591,75 10:21.531,933, ,927, ,0, , , ,0, , , , , , , , , ,2,1,0,0,0,0,1,0,0,0,0,1,1,0,0,0,0,0,0,0,0,0,1,0,0,0,0,0,0,0,0,0,0,0,0,4,0,39.9963,-75.1726, , 
26528,284271,2015054001,6,67,67301,2015,5,6,1652,16,1,1,0,7,4, , ,N,1,3,0,3,0,1,2,1,N, ,40 02:53.134,75 10:24.196,1658, ,1654, ,0, , , ,3, , , , , , , , , ,1,1,0,0,0,0,0,0,0,0,0,1,1,0,0,0,0,1,0,0,0,0,0,0,0,0,0,0,0,0,0,0,0,0,0,4,0,40.0481,-75.1734, , 
26529,284280,2015066301,6,67,67301,2015,6,7,1230,12,1,1,0,8,1, , ,N,0,0,0,3,0,1,2,2,N, ,39 57:29.894,75 14:10.830,1240, ,1230, ,0, , , ,0, , , , , , , , , ,1,1,0,0,0,0,0,0,0,0,1,0,1,0,0,0,0,0,0,0,1,0,0,0,0,0,0,0,0,0,0,0,1,0,0,3,0,39.9583,-75.2363, , 
26530,284290,2015063976,6,67,67301,2015,6,2,2139,21,3,2,1,1,1, , ,N,2,2,0,3,0,0,2,2,N,N,40 00:16.116,75 10:30.869,2150, ,2141, ,0, ,N, ,3, , , , , , , , , ,2,1,0,0,0,0,1,0,0,0,0,0,0,0,0,0,0,0,1,0,1,0,0,0,0,0,0,0,0,0,0,0,0,0,0,0,0,40.0045,-75.1753, , 
26531,284307,2015081112,6,67,67301,2015,7,2,1515,15,1,1,0,8,1, , ,N,1,3,0,3,0,1,3,2,N, ,39 59:37.597,75 08:25.922,1545, ,1541, ,0, , , ,3, , , , , , , , , ,1,1,0,0,0,0,0,0,0,0,0,0,1,1,0,0,0,0,0,0,0,0,0,0,0,0,0,0,0,0,0,0,1,0,0,8,0,39.9938,-75.1405, , 
26532,284309,2015083391,6,67,67301,2015,8,1,2130,21,3,1,0,1,1, , ,N,0,0,3,3,0,5,7,3,N,N,39 53:51.951,75 12:41.559,2155, ,2152, ,0, , , ,0, , , , , , , , , ,3,3,0,0,0,0,0,0,0,0,0,5,5,0,0,0,0,0,0,0,0,0,0,0,0,0,0,0,0,0,0,0,0,0,0,4,0,39.8978,-75.2115, , 
26533,284374,2015040915,6,67,67301,2015,3,4,1700,17,1,1,1,5,6, , ,N,0,0,0,3,0,1,2,2,N, ,39 58:41.174,75 10:11.514,1729, ,1727, ,0, , , ,0, , , , , , , , , ,2,1,0,1,0,0,0,0,0,0,0,1,1,0,0,0,0,0,0,0,1,0,0,0,0,0,0,0,0,0,0,0,0,0,0,4,1,39.9781,-75.1699, , 
26534,284383,2015009800,6,67,67301,2015,1,1,1132,11,1,1,0,7,3, , ,N,0,0,0,3,0,1,1,1,N,N,40 00:25.811,75 11:58.834,1141, ,1132,1,2,1,N, ,0,N, , , , , , , , ,1,1,0,0,0,0,0,0,0,0,1,0,1,0,0,0,0,0,1,0,0,0,0,0,0,0,0,0,0,0,0,0,0,0,0,3,0,40.0072,-75.1997, , 
26535,288147,2015069721,6,67,67301,2015,6,2,1900,19,1,1,0,5,1, , ,N,0,0,0,3,0,1,2,2,N,N,40 00:44.578,75 08:22.221,1915, ,1900, ,0, ,N, ,0, , , , , , , , , ,2,1,0,0,0,0,1,0,0,0,0,0,1,1,0,0,0,0,0,0,0,0,0,0,0,0,0,0,0,0,0,0,0,0,0,8,0,40.0124,-75.1395, , 
26536,288152,2015075735,6,67,67301,2015,7,2,9999,99,1,1,0,4,1, , ,N,0,0,7,3,0,5,5,2,N,N,40 04:09.398,75 14:26.012,1745, ,1743, ,0, ,N, ,0, , , , , , , , , ,2,1,0,0,0,0,1,0,0,0,2,3,5,0,0,0,0,0,0,0,0,0,0,0,0,0,0,0,0,0,0,0,0,0,0,3,0,40.0693,-75.2406, , 
26537,288174,2015092464,6,67,67301,2015,7,5,548,5,1,2,1,2,1, , ,N,0,0,0,3,0,4,4,2,N,N,40 01:15.554,75 09:37.282,553, ,550, ,0, , , ,0, , , , , , , , , ,2,2,0,0,0,0,0,0,0,0,0,0,4,4,0,0,0,0,0,0,2,0,0,0,0,0,0,0,0,0,0,0,0,0,0,8,0,40.021,-75.1604, , 
26538,288192,2015074966,6,67,67301,2015,6,7,2048,20,3,2,7,7,2, , ,N,0,0,0,3,0,0,1,1,N,N,39 55:29.748,75 08:50.122,2048, ,2048,1,1,2,Y, ,0,N, , , , , , , , ,1,1,0,0,0,0,0,0,0,0,0,0,0,0,0,0,0,0,0,0,0,0,0,0,0,0,0,0,0,0,0,0,0,0,0,0,0,39.9249,-75.1473, , 
26539,288229,2015032723,6,67,67301,2015,3,6,334,3,3,1,0,7,2,2,2,Y,0,8,0,3,0,0,1,1,N,N,39 58:05.872,75 07:45.310,336,45,335, ,0, ,N, ,3, ,Y,N,N,N,Y,N,N,N,1,0,0,0,1,0,0,0,0,0,0,0,0,0,0,0,0,0,0,0,0,0,0,0,0,0,0,0,0,0,0,0,0,0,0,0,0,39.9683,-75.1293, , 
26540,288230,2015034164,6,67,67301,2015,2,3,235,2,3,1,0,3,1, , ,N,1,0,0,3,0,1,4,2,N,N,39 59:10.600,75 06:28.569,235, ,235,2,2,6,N, ,0,Y, , , , , , , , ,2,1,0,0,0,0,1,0,0,0,0,0,1,1,3,0,0,0,0,0,0,0,0,0,0,0,0,0,0,0,0,0,0,0,0,8,0,39.9863,-75.1079, , 
26541,288243,2015009666,6,67,67301,2015,1,7,830,8,1,1,0,1,1, , ,N,1,2,0,3,0,1,4,3,N,N,40 02:50.960,75 08:34.014,845, ,840, ,0, ,N, ,3, , , , , , , , , ,3,2,0,0,0,0,1,0,0,0,0,1,1,0,0,0,0,0,0,0,0,0,0,0,0,0,0,0,0,0,0,0,0,0,0,4,0,40.0475,-75.1428, , 
26542,288254,2015020862,6,67,67301,2015,1,4,2015,20,3,1,0,8,1, , ,N,0,0,0,3,0,1,2,2,N,N,39 57:46.268,75 09:40.918,2110, ,2017,9,1,2, , ,0,N, , , , , , , , ,1,1,0,0,0,0,0,0,0,0,0,0,1,1,0,0,0,0,0,0,0,0,0,0,0,0,0,0,0,0,0,0,1,0,0,8,0,39.9628,-75.1614, , 
26543,288299,2015075682,6,67,67301,2015,6,2,1000,10,1,1,0,4,1, , ,N,1,2,0,3,0,0,2,2,N,N,39 58:44.958,75 08:14.888,1030, ,24, ,0, ,N, ,3, , , , , , , , , ,2,2,0,0,0,0,0,0,0,0,0,0,0,0,0,0,0,0,0,0,0,0,0,0,0,0,0,0,0,0,0,0,0,0,0,0,0,39.9792,-75.1375, , 
26544,288324,2015103463,6,67,67301,2015,9,7,1350,13,1,1,0,4,1, , ,N,1,2,0,3,0,0,2,2,N, ,39 58:18.518,75 07:33.433,1402, ,1400,1,2,1,N, ,3,N, , , , , , , , ,2,0,0,0,0,0,2,0,0,0,0,0,0,0,0,0,0,0,0,0,0,0,0,0,0,0,0,0,0,0,0,0,0,0,0,0,0,39.9717,-75.1259, , 
26545,288329,2015109270,6,67,67301,2015,10,3,745,7,1,1,0,4,1, , ,N,1,2,0,3,0,1,2,2,N,N,39 59:27.376,75 07:51.301,1030, ,1030, ,0, , , ,3, , , , , , , , , ,1,0,0,0,1,0,0,0,1,0,0,1,1,0,0,0,0,0,0,0,0,0,0,0,0,0,0,0,0,0,0,0,0,0,0,4,0,39.9908,-75.1309, , 
26546,288359,2015028833,6,67,67301,2015,2,5,644,6,1,8,5,2,1, , ,N,0,0,0,3,0,2,3,2,N, ,40 05:00.646,75 13:19.805,701, ,654,1,1,1, , ,0,Y, , , , , , , , ,2,0,0,0,0,1,1,0,0,0,0,0,2,2,0,0,0,0,0,0,1,0,0,0,0,0,0,0,0,0,0,0,0,0,0,8,1,40.0835,-75.2222, , 
26547,288365,2015035153,6,67,67301,2015,3,6,1400,14,1,4,6,3,1, , ,N,2,0,0,3,0,1,2,2,N,N,40 00:00.039,75 06:57.999,1825, ,1818, ,0, ,N, ,0, , , , , , , , , ,2,1,0,0,1,0,0,0,0,0,0,0,1,1,1,0,0,0,0,0,0,0,0,0,0,0,0,0,0,0,0,0,0,0,0,8,0,40,-75.1161, , 
26548,288370,2015043244,6,67,67301,2015,3,4,16,0,3,3,6,5,6, , ,N,0,0,0,3,0,0,1,3,N,N,40 04:06.042,75 08:59.161,29, ,16, ,0, ,N, ,0, , , , , , , , , ,3,3,0,0,0,0,0,0,0,0,0,0,0,0,0,0,0,0,0,0,0,0,0,0,0,0,0,0,0,0,0,0,0,0,0,0,0,40.0683,-75.1498, , 
26549,288374,2015051625,6,67,67301,2015,4,2,914,9,1,2,7,1,1, , ,N,6,0,2,3,0,1,2,2,N,N,39 56:44.127,75 08:32.376,914, ,914,2,2,2,Y, ,0,Y, , , , , , , , ,2,1,0,0,1,0,0,0,0,0,0,0,1,1,0,0,0,0,0,1,1,0,0,0,0,0,0,0,0,0,0,0,0,0,0,8,0,39.9404,-75.1431, , 
26550,288381,2015056969,6,67,67301,2015,5,5,1520,15,1,1,0,8,1, , ,N,0,0,0,3,0,1,2,2,N,N,39 58:32.341,75 13:39.981,1700, ,1650, ,0, ,N, ,0, , , , , , , , , ,1,1,0,0,0,0,0,0,0,0,0,1,1,0,0,0,0,0,0,0,0,0,0,0,0,0,0,0,0,0,0,0,1,0,0,4,0,39.9757,-75.2278, , 
26551,288389,2015012417,6,67,67301,2015,1,3,1003,10,1,1,0,2,1, , ,N,0,0,0,3,0,1,2,2,N,N,39 59:47.329,75 06:49.110,1005, ,1004,1,1,4,N, ,0,N, , , , , , , , ,2,1,0,0,0,0,0,0,0,0,0,0,1,1,0,0,0,0,0,0,1,0,0,0,0,0,0,0,0,0,0,0,0,0,0,8,0,39.9965,-75.1136, , 
26552,288400,2015025030,6,67,67301,2015,2,4,1925,19,3,1,0,7,4, , ,N,0,0,0,3,0,2,2,1,N,N,40 02:04.490,75 01:28.958,1929, ,1929,1,1,6, , ,0,N, , , , , , , , ,1,1,0,0,0,0,0,0,0,0,1,0,2,1,0,0,0,0,0,0,0,0,0,0,0,0,0,0,0,0,0,0,0,0,0,3,0,40.0346,-75.0247, , 
26553,288401,2015025063,6,67,67301,2015,2,4,2154,21,3,1,0,5,1, , ,N,0,0,0,3,0,3,3,2,N,N,39 54:16.209,75 14:25.552,2156, ,2155,3,1,2,N, ,0,Y, , , , , , , , ,2,1,0,0,0,0,1,0,0,0,1,2,3,0,0,0,0,0,0,0,0,0,0,1,0,0,0,0,0,0,0,0,0,0,0,3,0,39.9045,-75.2404, , 
26554,292180,2015061897,6,67,67301,2015,5,6,2115,21,3,1,0,5,1, , ,N,0,0,0,3,0,0,2,2,N,N,40 01:47.258,75 05:15.752,2118, ,2115, ,0, ,N, ,0, , , , , , , , , ,2,1,0,0,0,0,0,1,0,0,0,0,0,0,0,0,0,0,0,0,0,0,0,0,0,0,0,0,0,0,0,0,0,0,0,0,0,40.0298,-75.0877, , 
26555,292183,2015066153,6,67,67301,2015,6,4,845,8,1,1,0,8,1, , ,N,1,2,0,3,0,1,2,2,N,N,39 57:06.984,75 09:35.699,1345, ,1330, ,0, ,N, ,3, , , , , , , , , ,1,1,0,0,0,0,0,0,0,0,0,1,1,0,1,0,0,0,0,0,0,0,0,0,0,0,0,0,0,0,0,0,1,0,0,4,0,39.9519,-75.1598, , 
26556,292184,2015068054,6,67,67301,2015,6,7,2314,23,3,2,1,1,1,1,4,Y,0,0,0,3,0,0,6,3,N,N,40 01:16.604,75 02:28.718,2341,45,2323,2,1,2,N, ,0,N,N,N,N,N,Y,N,N,Y,3,3,0,0,0,0,0,0,0,0,0,0,0,0,0,0,0,0,0,1,0,1,0,0,0,0,0,0,0,0,0,0,0,0,0,0,0,40.0213,-75.0413, , 
26557,292188,2015073233,6,67,67301,2015,7,5,2130,21,3,1,0,4,1, , ,N,1,2,0,3,0,1,2,2,N,N,40 02:30.038,75 09:31.175,2145, ,2140, ,0, ,N, ,3, , , , , , , , , ,2,2,0,0,0,0,0,0,0,0,0,0,1,1,1,0,0,1,0,0,0,0,0,0,0,0,0,0,0,0,0,0,0,0,0,8,0,40.0417,-75.1587, , 
26558,292197,2015056478,6,67,67301,2015,5,5,1020,10,1,1,0,4,1, , ,N,2,0,0,3,0,1,1,2,N,N,40 00:15.476,75 08:15.089,1035, ,1023, ,0, ,N, ,0, , , , , , , , , ,2,1,0,0,0,0,1,0,0,0,0,1,1,0,0,1,0,0,0,0,0,0,0,0,0,0,0,0,0,0,0,0,0,0,0,4,0,40.0043,-75.1375, , 
26559,292216,2015073727,6,67,67301,2015,7,1,0,0,3,1,0,4,1, , ,N,1,3,0,3,0,0,2,2,N,N,39 55:36.102,75 08:56.950,7, ,6, ,0, ,N, ,3, , , , , , , , , ,2,2,0,0,0,0,0,0,0,0,0,0,0,0,0,0,0,0,0,0,0,0,0,0,0,0,0,0,0,0,0,0,0,0,0,0,0,39.9267,-75.1492, , 
26560,292231,2015084471,6,67,67301,2015,8,3,30,0,3,1,0,1,1, , ,N,0,0,0,3,0,2,2,2,N,N,40 00:26.932,75 08:14.505,40, ,36,1,2,7, , ,0,N, , , , , , , , ,2,1,0,0,0,0,0,1,0,0,1,1,2,0,0,0,0,0,0,0,1,0,0,0,0,0,0,0,0,0,0,0,0,0,0,3,0,40.0075,-75.1374, , 
26561,292236,2015092476,6,67,67301,2015,8,6,1940,19,3,1,0,5,6, , ,N,0,0,0,3,0,0,1,3,N,N,40 03:55.538,75 09:30.533,1950, ,1944, ,0, , , ,0, , , , , , , , , ,3,2,0,0,0,0,1,0,0,0,0,0,0,0,0,0,0,0,0,0,0,0,0,0,0,0,0,0,0,0,0,0,0,0,0,0,0,40.0654,-75.1585, , 
26562,292237,2015092985,6,67,67301,2015,8,4,1927,19,1,1,0,4,1, , ,N,1,2,0,3,0,2,3,3,N,N,40 02:16.393,75 08:22.102,1941, ,1927, ,0, ,N, ,3, , , , , , , , , ,3,1,0,0,0,0,1,1,0,0,0,0,2,2,0,0,0,0,0,0,1,0,0,0,0,0,0,0,0,0,0,0,0,0,0,8,0,40.0379,-75.1395, , 
26563,292240,2015059113,6,67,67301,2015,5,6,1300,13,1,1,0,1,1, , ,N,0,0,0,3,0,0,2,2,N,N,40 02:27.293,75 11:29.981,1325, ,1305, ,0, ,N, ,0, , , , , , , , , ,2,2,0,0,0,0,0,0,0,0,0,0,0,0,0,0,0,0,0,0,0,0,0,0,0,0,0,0,0,0,0,0,0,0,0,0,0,40.0409,-75.1917, , 
26564,292244,2015006246,6,67,67301,2015,1,2,1728,17,2,1,1,7,2, , ,N,0,0,2,3,0,0,1,1,N,N,39 59:59.983,75 05:06.551,1745, ,1737,3,2,4,N, ,0,Y, , , , , , , , ,1,0,0,0,0,1,0,0,0,0,0,0,0,0,0,0,0,0,0,0,1,0,0,0,0,0,0,0,0,0,0,0,0,0,0,0,1,40,-75.0852, , 
26565,292252,2015018971,6,67,67301,2015,1,3,839,8,1,1,0,4,1, , ,N,1,2,0,3,0,2,4,2,N,N,39 57:28.799,75 13:16.548,850, ,846,3,2,7, , ,3,Y, , , , , , , , ,2,0,0,0,0,0,1,1,0,0,0,2,2,0,0,0,0,0,0,0,0,0,0,4,0,0,0,0,0,0,0,0,0,0,0,4,0,39.958,-75.2212, , 
26566,292255,2015020833,6,67,67301,2015,1,4,2006,20,3,1,0,4,1, , ,N,1,2,0,3,0,3,7,3,N,N,40 03:15.517,75 02:58.198,2009, ,2006,2,2,7,N, ,3,Y, , , , , , , , ,3,1,0,0,1,0,1,0,0,0,1,2,3,0,0,0,0,0,0,0,1,0,0,2,0,0,0,0,0,0,0,0,0,0,0,3,0,40.0542,-75.0493, , 
26567,292270,2015032715,6,67,67301,2015,2,4,618,6,1,1,0,1,1, , ,N,0,0,0,3,0,0,2,2,N,N,40 00:33.040,75 04:03.674,654, ,628,1,1,2,N, ,0,N, , , , , , , , ,2,0,0,0,2,0,0,0,0,0,0,0,0,0,0,0,0,0,0,0,1,0,0,0,0,0,0,0,0,0,0,0,0,0,0,0,0,40.0092,-75.0677, , 
26568,292281,2015042747,6,67,67301,2015,4,5,1851,18,1,1,0,1,1, , ,N,0,0,0,3,0,0,3,2,N,N,39 58:30.700,75 11:29.900,1859, ,1856,2,1,2,N, ,0,N, , , , , , , , ,2,2,0,0,0,0,0,0,0,0,0,0,0,0,0,0,0,0,0,0,0,0,0,0,0,0,0,0,0,0,0,0,0,0,0,0,0,39.9752,-75.1916, , 
26569,292303,2015015575,6,67,67301,2015,1,7,35,0,3,4,4,1,6, , ,N,0,0,0,3,0,0,2,3,N,N,40 01:10.694,75 09:38.022,42, ,38,2,2,6,N, ,0,Y, , , , , , , , ,3,2,0,0,0,0,1,0,0,0,0,0,0,0,0,0,0,0,0,0,1,0,0,0,0,0,0,0,0,0,0,0,0,0,0,0,0,40.0196,-75.1606, , 
26570,292318,2015028841,6,67,67301,2015,2,5,1410,14,1,8,5,5,6, , ,N,0,0,0,3,0,1,3,2,N,N,39 59:50.268,75 06:43.170,1412, ,1412, ,0, ,N, ,0, , , , , , , , , ,2,1,0,0,0,1,0,0,0,0,0,0,1,1,0,0,0,0,0,0,0,0,0,0,0,0,0,0,0,0,0,0,0,0,0,8,1,39.9973,-75.112, , 
26571,292329,2015038688,6,67,67301,2015,3,5,1014,10,1,1,0,4,1, , ,N,1,2,0,3,0,0,2,2,N,N,40 04:51.445,75 01:43.230,1017, ,1015, ,0, ,N, ,3, , , , , , , , , ,2,0,0,0,0,0,2,0,0,0,0,0,0,0,0,0,0,0,0,0,0,1,0,0,0,0,0,0,0,0,0,0,0,0,0,0,0,40.0809,-75.0288, , 