objectid_1,objectid,crn,district,county,municipality,crash_year,crash_month,day_of_week,time_of_day,hour_of_day,illumination,weather,road_condition,collision_type,relation_to_road,work_zone_type,work_zone_loc,work_zone_ind,intersect_type,tcd_type,location_type,urban_rural,fatal_count,injury_count,person_count,total_units,sch_bus_ind,sch_zone_ind,latitude,longitude,arrival_tm,cons_zone_spd_lim,dispatch_tm,est_hrs_closed,lane_closed,ln_close_dir,ntfy_hiwy_maint,spec_juris_cd,tcd_func_cd,tfc_detour_ind,workers_pres,wz_close_detour,wz_flagger,wz_law_offcr_ind,wz_ln_closure,wz_moving,wz_other,wz_shlder_mdn,vehicle_count,automobile_count,motorcycle_count,bus_count,small_truck_count,heavy_truck_count,suv_count,van_count,bicycle_count,maj_inj_count,mod_inj_count,min_inj_count,tot_inj_count,unk_inj_deg_count,unk_inj_per_count,driver_count_16yr,driver_count_17yr,driver_count_18yr,driver_count_19yr,driver_count_20yr,driver_count_50_64yr,driver_count_65_74yr,driver_count_75plus,unbelted_occ_count,unb_death_count,unb_maj_inj_count,belted_death_count,belted_maj_inj_count,mcycle_death_count,mcycle_maj_inj_count,bicycle_death_count,bicycle_maj_inj_count,ped_count,ped_death_count,ped_maj_inj_count,max_severity_level,comm_veh_count,dec_lat,dec_long,rdwy_surf_type_cd,county_name
26572,292342,2015045346,6,67,67301,2015,4,1,252,2,3,1,1,1,6, , ,N,0,0,0,3,0,2,2,2,N, ,39 55:36.271,75 14:36.955,257, ,253,3,2,1, , ,0,Y, , , , , , , , ,2,1,0,0,0,0,1,0,0,0,1,1,2,0,0,0,0,0,0,0,0,0,0,0,0,0,0,0,0,0,0,0,0,0,0,3,0,39.9267,-75.2436, , 
26573,297038,2015073734,6,67,67301,2015,6,7,710,7,1,1,0,1,1, , ,N,0,2,0,3,0,1,2,2,N, ,39 53:38.718,75 14:10.524,815, ,812, ,0, , , ,3, , , , , , , , , ,2,1,0,0,0,1,0,0,0,0,0,1,1,0,0,0,0,0,0,0,2,0,0,0,0,0,0,0,0,0,0,0,0,0,0,4,1,39.8941,-75.2363, , 
26574,297039,2015074982,6,67,67301,2015,7,7,1416,14,1,1,0,1,1, , ,N,0,0,0,3,0,1,3,2,N,N,39 57:27.072,75 09:33.142,1831, ,1418,1,2,4,N, ,0,N, , , , , , , , ,2,2,0,0,0,0,0,0,0,0,0,1,1,0,0,0,0,0,0,0,0,0,0,0,0,0,0,0,0,0,0,0,0,0,0,4,0,39.9575,-75.1592, , 
26575,297048,2015086231,6,67,67301,2015,8,3,925,9,1,1,0,4,1, , ,N,1,3,0,3,0,2,3,2,N,N,39 59:27.951,75 14:52.475,945, ,945, ,0, , , ,3, , , , , , , , , ,2,1,0,0,0,0,1,0,0,0,0,2,2,0,0,0,0,0,0,0,1,0,0,0,0,0,0,0,0,0,0,0,0,0,0,4,0,39.9911,-75.2479, , 
26576,297049,2015088727,6,67,67301,2015,8,6,1928,19,1,1,0,4,1, , ,N,2,0,0,3,0,1,3,2,N,N,39 54:53.952,75 09:24.089,1932, ,1928, ,0, ,N, ,0, , , , , , , , , ,2,1,1,0,0,0,0,0,0,0,0,0,1,1,0,0,0,0,0,0,0,0,0,0,0,0,0,0,0,0,0,0,0,0,0,8,0,39.9149,-75.1566, , 
26577,297082,2015028880,6,67,67301,2015,2,7,716,7,1,1,0,7,4, , ,N,0,0,0,3,0,0,1,1,N,N,40 02:20.232,75 04:40.194,721, ,717, ,0, ,N, ,0, , , , , , , , , ,1,1,0,0,0,0,0,0,0,0,0,0,0,0,1,0,0,0,0,0,0,0,0,0,0,0,0,0,0,0,0,0,0,0,0,9,0,40.039,-75.0778, , 
26578,297083,2015028881,6,67,67301,2015,2,4,334,3,3,1,0,1,6, , ,N,0,0,0,3,0,1,1,2,N, ,39 57:32.983,75 08:43.569,336, ,334,1,2,2, , ,0,Y, , , , , , , , ,2,1,0,0,0,1,0,0,0,0,0,0,1,1,0,0,0,0,0,0,0,0,0,0,0,0,0,0,0,0,0,0,0,0,0,8,0,39.9592,-75.1454, , 
26579,297092,2015035179,6,67,67301,2015,3,1,410,4,3,2,0,4,1, , ,N,1,2,0,3,0,0,2,2,N, ,39 58:17.277,75 13:33.037,418, ,414,1,1,1, , ,3,N, , , , , , , , ,2,1,0,0,0,0,0,1,0,0,0,0,0,0,0,0,0,0,0,0,1,0,0,0,0,0,0,0,0,0,0,0,0,0,0,0,0,39.9714,-75.2258, , 
26580,297115,2015012328,6,67,67301,2015,1,5,545,5,5,1,0,8,1, , ,N,1,3,0,3,0,1,2,2,N,N,39 58:51.974,75 06:30.203,750, ,745, ,0, ,N, ,3, , , , , , , , , ,1,0,0,0,0,0,1,0,0,0,0,1,1,0,0,0,0,0,0,0,0,0,0,0,0,0,0,0,0,0,0,0,1,0,0,4,0,39.9811,-75.1084, , 
26581,297116,2015012360,6,67,67301,2015,1,1,30,0,3,1,0,4,1, , ,N,1,3,0,3,0,1,2,2,N,N,40 03:11.660,75 09:27.723,40, ,32, ,0, ,N, ,3, , , , , , , , , ,2,1,0,0,1,0,0,0,0,0,0,0,1,1,0,0,0,0,0,0,0,0,0,0,0,0,0,0,0,0,0,0,0,0,0,8,0,40.0532,-75.1577, , 
26582,297121,2015017933,6,67,67301,2015,1,7,2303,23,3,1,0,1,6, , ,N,0,0,0,3,0,0,1,4,N, ,39 58:18.485,75 08:07.192,2340, ,2335, ,0, ,N, ,0, , , , , , , , , ,4,3,0,0,0,0,1,0,0,0,0,0,0,0,0,0,0,0,0,0,0,0,0,1,0,0,0,0,0,0,0,0,0,0,0,0,0,39.9718,-75.1353, , 
26583,297124,2015020715,6,67,67301,2015,1,3,1738,17,3,1,0,1,1, , ,N,0,2,0,3,0,0,2,2,N,N,40 03:19.410,75 02:53.472,1743, ,1739,1,1,2,N, ,3,N, , , , , , , , ,2,1,0,0,0,0,1,0,0,0,0,0,0,0,0,0,0,0,0,0,0,0,0,0,0,0,0,0,0,0,0,0,0,0,0,0,0,40.0554,-75.0482, , 
26584,297132,2015031080,6,67,67301,2015,2,7,1826,18,3,1,0,4,1, , ,N,1,2,0,3,0,2,3,2,N,N,40 00:40.651,75 06:21.920,2012, ,2010, ,0, ,N, ,3, , , , , , , , , ,2,2,0,0,0,0,0,0,0,0,0,2,2,0,0,0,0,0,0,0,0,0,0,0,0,0,0,0,0,0,0,0,0,0,0,4,0,40.0113,-75.1061, , 
26585,297137,2015035148,6,67,67301,2015,3,1,1353,13,1,4,6,1,1, , ,N,2,2,0,3,0,1,2,2,N,N,40 06:05.448,75 00:21.920,1415, ,1353, ,0, ,N, ,3, , , , , , , , , ,2,1,0,0,0,0,1,0,0,0,0,1,1,0,0,0,0,0,0,0,0,0,0,0,0,0,0,0,0,0,0,0,0,0,0,4,0,40.1015,-75.0061, , 
26586,297142,2015040930,6,67,67301,2015,3,7,1525,15,1,1,0,4,1, , ,N,0,0,7,3,0,1,2,2,N,N,40 00:43.670,75 06:44.810,1532, ,1532, ,0, ,N, ,0, , , , , , , , , ,2,0,0,0,0,0,2,0,0,0,0,1,1,0,0,0,0,0,0,0,0,0,0,0,0,0,0,0,0,0,0,0,0,0,0,4,0,40.0121,-75.1124, , 
26587,297150,2015056464,6,67,67301,2015,5,3,1523,15,1,1,0,4,1, , ,N,2,2,0,3,0,0,21,2,Y,N,40 02:41.358,75 13:51.182,1529, ,1526, ,0, ,N, ,3, , , , , , , , , ,2,0,0,1,0,0,0,1,0,0,0,0,0,0,0,0,0,0,0,0,1,0,0,0,0,0,0,0,0,0,0,0,0,0,0,0,1,40.0448,-75.2309, , 
26588,297154,2015061823,6,67,67301,2015,5,5,1830,18,1,1,0,4,1, , ,N,1,3,0,3,0,1,3,3,N,N,39 57:57.362,75 14:49.905,1835, ,1830, ,0, ,N, ,3, , , , , , , , , ,3,1,0,0,1,0,0,1,0,0,0,1,1,0,0,0,0,0,0,0,2,0,0,0,0,0,0,0,0,0,0,0,0,0,0,4,0,39.9659,-75.2472, , 
26589,297178,2015028825,6,67,67301,2015,2,4,1848,18,3,1,0,5,1, , ,N,0,0,0,3,0,3,4,2,N,N,40 00:58.809,75 10:30.740,1901, ,1855,1,1,1,N, ,0,N, , , , , , , , ,2,2,0,0,0,0,0,0,0,0,0,3,3,0,0,0,0,0,0,0,0,0,0,0,0,0,0,0,0,0,0,0,0,0,0,4,0,40.0163,-75.1752, , 
26590,297192,2015051912,6,67,67301,2015,4,7,1700,17,3,1,0,8,3, , ,N,1,2,0,3,0,1,3,2,N,N,39 59:28.296,75 07:58.428,1700, ,1700, ,0, , , ,3, , , , , , , , , ,1,1,0,0,0,0,0,0,0,0,0,1,1,0,0,0,0,0,0,0,0,0,0,0,0,0,0,0,0,0,0,0,1,0,0,4,0,39.9911,-75.1329, , 
26591,284388,2015016263,6,67,67301,2015,1,7,225,2,3,2,1,7,2, , ,N,0,0,0,3,0,1,1,1,N,N,39 57:33.547,75 10:27.832,234, ,227,2,2,3,N, ,0,Y, , , , , , , , ,1,1,0,0,0,0,0,0,0,0,0,1,1,0,0,0,0,0,0,0,0,0,0,0,0,0,0,0,0,0,0,0,0,0,0,4,0,39.9593,-75.1744, , 
26592,284402,2015034187,6,67,67301,2015,3,4,1533,15,1,2,1,7,4, , ,N,2,3,0,3,0,1,1,2,N,N,40 01:17.338,75 10:36.664,1540, ,1537,1,1,1,N, ,3,Y, , , , , , , , ,1,1,0,0,0,0,0,0,0,0,1,0,1,0,0,0,0,0,0,0,0,1,0,0,0,0,0,0,0,0,0,0,0,0,0,3,0,40.0215,-75.1769, , 
26593,284447,2015013054,6,67,67301,2015,1,1,1012,10,1,2,5,5,1, , ,N,0,0,0,3,0,0,2,2,N,N,39 53:24.365,75 13:13.870,1012, ,1012,2,2,1,N, ,0,N, , , , , , , , ,2,2,0,0,0,0,0,0,0,0,0,0,0,0,0,0,0,0,0,0,0,0,0,0,0,0,0,0,0,0,0,0,0,0,0,0,0,39.8901,-75.2205, , 
26594,284454,2015021978,6,67,67301,2015,2,7,1630,16,1,1,0,4,1, , ,N,1,2,0,3,0,1,8,2,N,N,40 02:19.773,75 08:37.097,1634, ,1632, ,0, ,N, ,3, , , , , , , , , ,2,1,0,0,0,0,1,0,0,0,0,1,1,0,0,0,0,0,0,0,0,0,0,0,0,0,0,0,0,0,0,0,0,0,0,4,0,40.0388,-75.1436, , 
26595,284481,2015006108,6,67,67301,2015,1,1,600,6,3,6,1,7,2, , ,N,0,0,0,3,0,0,2,2,N, ,39 55:18.640,75 11:25.784,640, ,630, ,0, , , ,0, , , , , , , , , ,2,1,0,0,0,0,0,1,0,0,0,0,0,0,0,0,0,0,0,0,0,1,0,0,0,0,0,0,0,0,0,0,0,0,0,0,0,39.9218,-75.1905, , 
26596,284493,2015020878,6,67,67301,2015,1,4,345,3,3,1,0,4,1, , ,N,1,2,0,3,0,0,2,2,N, ,39 53:23.105,75 14:01.659,356, ,351, ,0, , , ,3, , , , , , , , , ,2,1,0,0,0,1,0,0,0,0,0,0,0,0,0,0,0,0,0,0,1,0,0,0,0,0,0,0,0,0,0,0,0,0,0,0,1,39.8898,-75.2338, , 
26597,284512,2015049118,6,67,67301,2015,4,4,1330,13,1,1,0,8,1, , ,N,0,0,0,3,0,2,3,3,N,N,39 59:59.204,75 04:32.862,1338, ,1338,2,2,3,N, ,0,Y, , , , , , , , ,1,0,0,0,0,1,0,0,0,0,1,1,2,0,0,0,0,0,0,0,0,0,0,0,0,0,0,0,0,0,0,0,2,0,0,3,1,39.9998,-75.0758, , 
26598,284547,2015028834,6,67,67301,2015,2,6,108,1,3,1,6,7,4, , ,N,1,2,0,3,0,1,1,1,N,N,39 57:15.166,75 08:47.061,118, ,115, ,0, ,N, ,3, , , , , , , , , ,1,0,0,0,0,0,1,0,0,0,0,0,1,1,0,0,0,0,0,0,0,0,0,0,0,0,0,0,0,0,0,0,0,0,0,8,0,39.9542,-75.1464, , 
26599,284560,2015049640,6,67,67301,2015,4,1,1542,15,1,1,0,4,1, , ,N,0,0,0,3,0,2,6,3,N,N,39 59:22.387,75 05:14.240,1553, ,1542,2,1,1,N, ,0,N, , , , , , , , ,3,2,0,0,0,0,1,0,0,0,0,2,2,0,0,0,0,0,0,0,0,0,0,0,0,0,0,0,0,0,0,0,0,0,0,4,0,39.9896,-75.0873, , 
26600,284568,2015061251,6,67,67301,2015,6,2,1406,14,1,1,0,1,1, , ,N,0,0,0,3,0,1,3,2,N,N,40 02:17.308,75 00:39.639,1433, ,1406, ,0, ,N, ,0, , , , , , , , , ,2,1,0,0,1,0,0,0,0,0,0,0,1,1,0,0,0,0,1,0,0,0,0,0,0,0,0,0,0,0,0,0,0,0,0,8,0,40.0381,-75.011, , 
26601,284616,2015051929,6,67,67301,2015,4,2,920,9,1,1,0,4,1, , ,N,1,2,0,3,0,0,3,3,N, ,39 58:46.036,75 13:31.401,927, ,927, ,0, , , ,3, , , , , , , , , ,3,2,0,0,1,0,0,0,0,0,0,0,0,0,1,0,0,0,0,0,0,0,1,0,0,0,0,0,0,0,0,0,0,0,0,9,0,39.9794,-75.2253, , 
26602,284653,2015042749,6,67,67301,2015,4,6,1319,13,1,1,0,4,1, , ,N,0,0,0,3,0,0,2,2,N,N,40 03:17.688,75 10:36.344,1458, ,1458, ,0, ,N, ,0, , , , , , , , , ,2,1,0,0,0,0,1,0,0,0,0,0,0,0,0,0,0,0,0,0,0,0,0,0,0,0,0,0,0,0,0,0,0,0,0,0,0,40.0549,-75.1768, , 
26603,284660,2015051485,6,67,67301,2015,5,7,237,2,3,1,0,5,6, , ,N,0,0,0,3,0,0,1,4,N,N,40 01:14.229,75 06:49.845,238, ,238, ,0, ,N, ,0, , , , , , , , , ,4,1,0,0,1,0,1,1,0,0,0,0,0,0,0,0,0,0,0,0,0,0,0,0,0,0,0,0,0,0,0,0,0,0,0,0,0,40.0206,-75.1138, , 
26604,284661,2015051607,6,67,67301,2015,4,3,2046,20,3,2,1,5,1, , ,N,0,0,0,3,0,1,2,2,N,N,39 58:33.265,75 06:56.197,2109, ,2049, ,0, ,N, ,0, , , , , , , , , ,2,1,0,0,0,1,0,0,0,0,0,1,1,0,0,0,0,0,0,0,1,0,0,0,0,0,0,0,0,0,0,0,0,0,0,4,1,39.9759,-75.1156, , 
26605,284676,2015011926,6,67,67301,2015,1,6,2311,23,3,1,0,5,1, , ,N,0,0,0,3,0,1,3,2,N,N,39 58:28.184,75 07:04.734,2315, ,2313,2,2,1,N, ,0,N, , , , , , , , ,2,1,0,0,0,0,1,0,0,0,1,0,1,0,0,0,0,0,0,0,0,0,1,0,0,0,0,0,0,0,0,0,0,0,0,3,0,39.9745,-75.118, , 
26606,284694,2015031957,6,67,67301,2015,3,6,2350,23,3,2,1,4,1, , ,N,1,2,0,3,0,1,2,2,N,N,40 00:16.847,75 09:07.652,2355, ,2350, ,0, ,N, ,3, , , , , , , , , ,2,1,0,0,0,0,1,0,0,0,1,0,1,0,0,0,0,0,0,0,1,0,0,1,0,0,0,0,0,0,0,0,0,0,0,3,0,40.0047,-75.1521, , 
26607,284705,2015040907,6,67,67301,2015,3,6,2015,20,3,1,0,8,1,8,8,Y,3,2,0,3,0,1,3,2,N,N,39 57:51.984,75 08:03.331,2035,99,2032,1,2,2,N, ,3,N,U, , ,U, , , , ,1,1,0,0,0,0,0,0,0,0,0,0,1,1,0,0,0,0,0,0,0,0,0,0,0,0,0,0,0,0,0,0,1,0,0,8,0,39.9644,-75.1343, , 
26608,284747,2015035180,6,67,67301,2015,3,4,1600,16,1,2,1,8,1, , ,N,1,2,0,3,0,1,2,2,N,N,40 03:00.396,75 03:51.268,1612, ,1608,1,1,2,N, ,3,Y, , , , , , , , ,1,0,0,0,1,0,0,0,0,0,0,0,1,1,0,0,0,0,0,0,0,0,0,0,0,0,0,0,0,0,0,0,1,0,0,8,0,40.0501,-75.0642, , 
26609,288402,2015025123,6,67,67301,2015,2,4,1140,11,1,1,0,4,1, , ,N,1,3,0,3,0,1,3,2,N, ,40 02:37.165,75 04:16.550,1148, ,1145, ,0, , , ,3, , , , , , , , , ,2,2,0,0,0,0,0,0,0,0,0,0,1,1,0,0,0,0,0,0,1,0,0,0,0,0,0,0,0,0,0,0,0,0,0,8,0,40.0437,-75.0713, , 
26610,288414,2015036553,6,67,67301,2015,3,4,1000,10,1,1,0,4,1, , ,N,1,2,0,3,0,1,2,2,N,N,39 58:58.770,75 06:05.073,1030, ,1010, ,0, ,N, ,3, , , , , , , , , ,2,1,0,0,0,1,0,0,0,0,0,0,1,1,0,0,0,0,0,0,0,0,0,1,0,0,0,0,0,0,0,0,0,0,0,8,1,39.983,-75.1014, , 
26611,288427,2015049642,6,67,67301,2015,4,6,955,9,1,1,1,1,1, , ,N,0,0,0,3,0,2,3,2,N,N,39 56:35.803,75 08:33.993,955, ,955, ,0, ,N, ,0, , , , , , , , , ,2,2,0,0,0,0,0,0,0,0,0,2,2,0,0,0,0,0,0,0,0,0,0,1,0,0,0,0,0,0,0,0,0,0,0,4,0,39.9433,-75.1428, , 
26612,288503,2015025012,6,67,67301,2015,2,5,1727,17,3,1,0,8,1, , ,N,5,2,2,3,0,1,2,2,N,N,39 57:27.542,75 09:44.544,1736, ,1734, ,0, ,N, ,3, , , , , , , , , ,1,1,0,0,0,0,0,0,0,0,0,1,1,0,0,0,0,0,0,0,0,0,0,0,0,0,0,0,0,0,0,0,1,0,0,4,0,39.9577,-75.1624, , 
26613,288519,2015043204,6,67,67301,2015,4,4,1625,16,1,1,0,4,1, , ,N,2,0,0,3,0,1,2,2,N, ,40 00:54.086,75 08:51.917,1635, ,1625, ,0, , , ,0, , , , , , , , , ,1,0,0,0,0,0,0,1,1,0,0,1,1,0,0,0,0,0,0,0,1,0,0,0,0,0,0,0,0,0,0,0,0,0,0,4,0,40.015,-75.1478, , 
26614,288520,2015043229,6,67,67301,2015,4,2,1835,18,1,1,0,8,1, , ,N,0,0,0,3,0,1,2,2,N,N,39 59:39.620,75 07:15.780,1848, ,1845, ,0, ,N, ,0, , , , , , , , , ,1,1,0,0,0,0,0,0,0,0,0,1,1,0,0,0,0,0,0,0,1,0,0,0,0,0,0,0,0,0,0,0,1,0,0,4,0,39.9943,-75.1211, , 
26615,288524,2015049107,6,67,67301,2015,4,1,1823,18,1,1,0,4,1, , ,N,0,0,7,3,0,0,1,2,N,N,40 07:50.254,75 00:59.306,1828, ,1823,2,2,5,N, ,0,Y, , , , , , , , ,2,2,0,0,0,0,0,0,0,0,0,0,0,0,0,0,0,0,0,0,0,0,0,0,0,0,0,0,0,0,0,0,0,0,0,0,0,40.1306,-75.0165, , 
26616,288526,2015049578,6,67,67301,2015,4,3,1300,13,1,1,0,4,1, , ,N,1,2,0,3,0,1,2,2,N,N,40 06:51.342,74 59:16.507,1308, ,1301,1,1,1,N, ,3,N, , , , , , , , ,2,2,0,0,0,0,0,0,0,0,0,0,1,1,0,0,0,0,0,0,0,0,1,0,0,0,0,0,0,0,0,0,0,0,0,8,0,40.1143,-74.9879, , 
26617,288544,2015024991,6,67,67301,2015,2,4,915,9,1,1,1,8,1, , ,N,1,2,0,3,0,1,2,2,N,N,39 57:13.818,75 10:30.304,924, ,920, ,0, ,N, ,3, , , , , , , , , ,1,0,0,0,1,0,0,0,0,0,0,1,1,0,0,0,0,0,0,0,0,0,0,0,0,0,0,0,0,0,0,0,1,0,0,4,0,39.9538,-75.1751, , 
26618,288545,2015025069,6,67,67301,2015,2,1,25,0,3,4,3,4,1, , ,N,1,2,0,3,0,2,2,2,N,N,40 00:19.420,75 06:33.689,30, ,30,2,1,4,N, ,3,Y, , , , , , , , ,2,1,0,0,0,0,1,0,0,0,0,0,2,2,0,0,0,0,0,0,0,1,0,0,0,0,0,0,0,0,0,0,0,0,0,8,0,40.0054,-75.1094, , 
26619,288547,2015031091,6,67,67301,2015,3,4,1640,16,1,1,0,1,1, , ,N,0,0,0,3,0,0,3,4,N,N,39 58:49.371,75 09:33.314,1646, ,1645, ,0, ,N, ,0, , , , , , , , , ,4,3,0,0,1,0,0,0,0,0,0,0,0,0,0,0,0,0,0,0,0,0,1,0,0,0,0,0,0,0,0,0,0,0,0,0,0,39.9804,-75.1593, , 
26620,288556,2015045363,6,67,67301,2015,4,1,330,3,3,1,0,5,1, , ,N,0,0,0,3,0,0,3,2,N, ,39 55:31.630,75 10:52.226,344, ,339, ,0, , , ,0, , , , , , , , , ,2,1,0,0,0,0,0,1,0,0,0,0,0,0,0,0,0,0,0,0,0,0,0,0,0,0,0,0,0,0,0,0,0,0,0,0,0,39.9255,-75.1812, , 
26621,288559,2015047524,6,67,67301,2015,4,2,330,3,3,1,0,5,6, , ,N,0,0,0,3,0,0,1,2,N, ,39 59:28.676,75 13:23.455,343, ,341, ,0, , , ,0, , , , , , , , , ,2,1,0,0,0,0,0,1,0,0,0,0,0,0,1,0,0,0,0,0,0,0,0,0,0,0,0,0,0,0,0,0,0,0,0,9,0,39.9913,-75.2232, , 
26622,288582,2015009659,6,67,67301,2015,1,4,1647,16,1,1,0,8,1, , ,N,1,2,0,3,0,1,2,2,N,N,40 01:48.464,75 02:06.579,1659, ,1654, ,0, ,N, ,3, , , , , , , , , ,1,0,0,1,0,0,0,0,0,0,0,0,1,1,0,0,0,0,0,0,1,0,0,0,0,0,0,0,0,0,0,0,1,0,0,8,1,40.0301,-75.0352, , 
26623,288593,2015025142,6,67,67301,2015,2,2,1216,12,1,1,0,1,1, , ,N,1,2,0,3,0,0,4,3,N,N,39 57:36.739,75 14:20.898,1232, ,1230, ,0, , , ,3, , , , , , , , , ,3,1,0,0,0,0,1,0,0,0,0,0,0,0,0,0,0,0,0,0,0,0,1,0,0,0,0,0,0,0,0,0,0,0,0,0,0,39.9602,-75.2391, , 
26624,288597,2015030112,6,67,67301,2015,1,7,352,3,3,1,0,7,3, , ,N,1,2,0,3,0,0,3,1,N,N,39 55:04.486,75 10:45.530,352, ,352, ,0, ,N, ,3, , , , , , , , , ,1,1,0,0,0,0,0,0,0,0,0,0,0,0,0,0,0,0,0,0,1,0,0,0,0,0,0,0,0,0,0,0,0,0,0,0,0,39.9179,-75.1793, , 
26625,288598,2015030565,6,67,67301,2015,2,6,1615,16,1,1,0,1,1, , ,N,0,0,0,3,0,1,3,2,N,N,39 55:03.026,75 13:00.399,1615, ,1615,3,1,5,N, ,0,Y, , , , , , , , ,2,1,0,1,0,0,0,0,0,0,0,0,1,1,0,0,0,0,0,0,1,0,0,0,0,0,0,0,0,0,0,0,0,0,0,8,1,39.9175,-75.2168, , 
26626,288605,2015040573,6,67,67301,2015,1,5,1048,10,1,1,0,8,1, , ,N,2,3,0,3,0,1,2,2,N,N,39 57:42.775,75 11:13.775,1052, ,1050,1,2,6,N, ,3,Y, , , , , , , , ,1,1,0,0,0,0,0,0,0,0,0,0,1,1,0,0,0,0,0,0,0,0,1,0,0,0,0,0,0,0,0,0,1,0,0,8,0,39.9619,-75.1872, , 
26627,292368,2015084395,6,67,67301,2015,7,5,2100,21,3,1,0,8,1, , ,N,0,0,0,3,0,1,2,2,N,N,39 57:12.952,75 12:23.608,2104, ,2103,1,1,1,N, ,0,N, , , , , , , , ,1,0,0,0,0,0,1,0,0,0,0,0,1,1,0,0,0,0,0,0,1,0,0,0,0,0,0,0,0,0,0,0,1,0,0,8,0,39.9536,-75.2066, , 
26628,292378,2015093095,6,67,67301,2015,8,7,2317,23,3,1,0,1,1,1,4,Y,0,8,0,3,0,0,8,4,N,N,39 58:02.322,75 07:57.122,2325,45,2318,3,1,1,N, ,3,Y,N,N,N,N,Y,N,N,Y,4,3,0,0,1,0,0,0,0,0,0,0,0,0,0,0,0,0,1,0,0,0,0,0,0,0,0,0,0,0,0,0,0,0,0,0,0,39.9673,-75.1325, , 
26629,292379,2015095207,6,67,67301,2015,9,5,1301,13,1,1,0,3,1, , ,N,0,0,7,3,0,1,2,2,N, ,39 55:02.116,75 12:50.231,1303, ,1302, ,0, , , ,0, , , , , , , , , ,2,1,0,0,0,1,0,0,0,0,1,0,1,0,0,0,0,0,0,0,1,1,0,1,0,0,0,0,0,0,0,0,0,0,0,3,1,39.9173,-75.214, , 
26630,292390,2015073726,6,67,67301,2015,7,4,1716,17,1,1,0,4,1, , ,N,2,2,0,3,0,1,2,2,N,N,39 58:38.175,75 11:53.584,1733, ,1718, ,0, ,N, ,3, , , , , , , , , ,1,0,1,0,0,0,0,0,1,0,0,0,1,1,0,0,0,0,0,0,0,0,0,0,0,0,0,0,0,0,0,0,0,0,0,8,0,39.9773,-75.1982, , 
26631,292392,2015075702,6,67,67301,2015,7,3,1050,10,1,1,0,4,1, , ,N,1,2,0,3,0,2,2,2,N,N,40 01:30.022,75 07:32.536,1105, ,1055, ,0, ,N, ,3, , , , , , , , , ,2,1,0,0,0,0,0,1,0,0,0,2,2,0,0,0,0,0,0,0,0,0,0,0,0,0,0,0,0,0,0,0,0,0,0,4,0,40.025,-75.1257, , 
26632,292405,2015099040,6,67,67301,2015,9,5,740,7,1,2,1,4,1, , ,N,1,2,0,3,0,0,3,2,N, ,39 55:01.859,75 14:46.691,800, ,755, ,0, ,N, ,3, , , , , , , , , ,2,1,0,0,1,0,0,0,0,0,0,0,0,0,1,0,0,0,0,0,1,0,0,0,0,0,0,0,0,0,0,0,0,0,0,9,0,39.9172,-75.2463, , 
26633,292419,2015114529,6,67,67301,2015,10,4,840,8,1,1,0,5,1, , ,N,0,0,0,3,0,1,2,2,N,N,39 58:09.615,75 10:18.936,900, ,846, ,0, ,N, ,0, , , , , , , , , ,1,1,0,0,0,0,0,0,1,0,0,0,1,1,0,0,0,0,0,0,0,0,0,0,0,0,0,0,0,0,0,0,0,0,0,8,0,39.9693,-75.1719, , 
26634,292420,2015115258,6,67,67301,2015,11,3,1837,18,3,1,0,1,1, , ,N,0,0,0,3,0,1,5,3,N,N,40 00:33.179,75 03:59.970,1837, ,1837,2,1,1,N, ,0,N, , , , , , , , ,3,3,0,0,0,0,0,0,0,0,0,0,1,1,0,0,0,0,0,0,0,1,0,1,0,0,0,0,0,0,0,0,0,0,0,8,0,40.0092,-75.0667, , 
26635,292444,2015021930,6,67,67301,2015,2,1,420,4,3,1,0,7,3, , ,N,0,0,0,3,0,0,1,1,N,N,40 00:56.065,75 05:05.413,440, ,436, ,0, ,N, ,0, , , , , , , , , ,1,1,0,0,0,0,0,0,0,0,0,0,0,0,0,0,0,0,0,0,0,0,0,0,0,0,0,0,0,0,0,0,0,0,0,0,0,40.0156,-75.0848, , 
26636,292457,2015038591,6,67,67301,2015,1,2,1636,16,1,1,0,8,1, , ,N,0,0,7,3,0,1,2,2,N,N,39 57:58.342,75 13:54.589,1636, ,1633, ,0, , , ,0, , , , , , , , , ,1,1,0,0,0,0,0,0,0,0,1,0,1,0,0,0,0,0,0,0,0,0,0,0,0,0,0,0,0,0,0,0,1,0,0,3,0,39.9662,-75.2318, , 
26637,292460,2015043206,6,67,67301,2015,3,4,135,1,3,2,6,6,6, , ,N,0,0,0,3,0,0,1,3,N,N,39 58:10.988,75 13:49.890,140, ,135, ,0, , , ,0, , , , , , , , , ,3,1,0,0,0,0,1,1,0,0,0,0,0,0,0,0,0,0,0,0,0,0,0,0,0,0,0,0,0,0,0,0,0,0,0,0,0,39.9697,-75.2305, , 
26638,292461,2015043214,6,67,67301,2015,4,7,100,1,3,1,0,4,6, , ,N,0,0,0,3,0,0,1,3,N,N,39 56:20.183,75 08:40.183,100, ,100, ,0, ,N, ,0, , , , , , , , , ,3,1,0,0,0,0,2,0,0,0,0,0,0,0,0,0,0,0,0,0,0,0,0,1,0,0,0,0,0,0,0,0,0,0,0,0,0,39.9389,-75.1445, , 