objectid_1,objectid,crn,district,county,municipality,crash_year,crash_month,day_of_week,time_of_day,hour_of_day,illumination,weather,road_condition,collision_type,relation_to_road,work_zone_type,work_zone_loc,work_zone_ind,intersect_type,tcd_type,location_type,urban_rural,fatal_count,injury_count,person_count,total_units,sch_bus_ind,sch_zone_ind,latitude,longitude,arrival_tm,cons_zone_spd_lim,dispatch_tm,est_hrs_closed,lane_closed,ln_close_dir,ntfy_hiwy_maint,spec_juris_cd,tcd_func_cd,tfc_detour_ind,workers_pres,wz_close_detour,wz_flagger,wz_law_offcr_ind,wz_ln_closure,wz_moving,wz_other,wz_shlder_mdn,vehicle_count,automobile_count,motorcycle_count,bus_count,small_truck_count,heavy_truck_count,suv_count,van_count,bicycle_count,maj_inj_count,mod_inj_count,min_inj_count,tot_inj_count,unk_inj_deg_count,unk_inj_per_count,driver_count_16yr,driver_count_17yr,driver_count_18yr,driver_count_19yr,driver_count_20yr,driver_count_50_64yr,driver_count_65_74yr,driver_count_75plus,unbelted_occ_count,unb_death_count,unb_maj_inj_count,belted_death_count,belted_maj_inj_count,mcycle_death_count,mcycle_maj_inj_count,bicycle_death_count,bicycle_maj_inj_count,ped_count,ped_death_count,ped_maj_inj_count,max_severity_level,comm_veh_count,dec_lat,dec_long,rdwy_surf_type_cd,county_name
26841,289242,2015045385,6,67,67301,2015,4,3,830,8,1,1,0,4,1, , ,N,1,3,0,3,0,1,2,2,N, ,39 58:24.150,75 09:00.838,915, ,910, ,0, , , ,3, , , , , , , , , ,1,1,0,0,0,0,0,0,1,0,0,1,1,0,0,0,0,0,0,0,0,0,0,0,0,0,0,0,0,0,0,0,0,0,0,4,0,39.9734,-75.1502, , 
26842,289257,2015011930,6,67,67301,2015,1,3,253,2,3,1,0,7,2, , ,N,0,0,0,3,0,1,1,1,N,N,39 56:39.216,75 11:30.872,254, ,254,1,2,3,N, ,0,N, , , , , , , , ,1,1,0,0,0,0,0,0,0,0,1,0,1,0,0,0,0,0,0,0,0,0,0,0,0,0,0,0,0,0,0,0,0,0,0,3,0,39.9442,-75.1919, , 
26843,289258,2015012391,6,67,67301,2015,1,3,800,8,1,1,0,8,1, , ,N,1,2,0,3,0,1,2,2,N,N,40 01:13.862,75 03:13.412,808, ,805, ,0, ,N, ,3, , , , , , , , , ,1,0,0,0,1,0,0,0,0,0,0,1,1,0,0,0,0,0,0,0,0,0,0,0,0,0,0,0,0,0,0,0,1,0,0,4,0,40.0205,-75.0537, , 
26844,293127,2015021917,6,67,67301,2015,2,4,2039,20,3,1,0,4,1, , ,N,1,3,0,3,0,0,5,2,N,N,39 56:49.772,75 14:16.169,2039, ,2039,3,1,2, , ,3,N, , , , , , , , ,2,1,1,0,0,0,0,0,0,0,0,0,0,0,1,0,0,0,0,0,0,0,0,0,0,0,0,0,0,0,0,0,0,0,0,9,0,39.9472,-75.2378, , 
26845,293151,2015047627,6,67,67301,2015,4,3,745,7,1,2,1,4,1, , ,N,0,0,7,3,0,0,4,2,N,N,40 01:30.419,75 11:00.437,752, ,749,1,1,3,N, ,0,N, , , , , , , , ,2,1,0,0,0,0,1,0,0,0,0,0,0,0,0,0,0,0,0,0,0,0,0,0,0,0,0,0,0,0,0,0,0,0,0,0,0,40.0251,-75.1835, , 
26846,293152,2015049100,6,67,67301,2015,4,5,1940,19,3,1,0,5,1, , ,N,2,0,0,3,0,1,1,2,N, ,40 02:07.620,75 01:38.618,1946, ,1940,1,1,1, , ,0,N, , , , , , , , ,2,0,0,0,0,0,1,1,0,0,0,1,1,0,0,0,0,0,0,0,0,0,0,0,0,0,0,0,0,0,0,0,0,0,0,4,0,40.0355,-75.0274, , 
26847,293162,2015020725,6,67,67301,2015,1,3,345,3,3,4,1,4,1, , ,N,1,2,0,3,0,0,3,2,N, ,39 58:30.302,75 11:42.002,400, ,347, ,0, , , ,3, , , , , , , , , ,2,1,0,0,0,0,1,0,0,0,0,0,0,0,0,0,0,0,0,1,0,0,0,0,0,0,0,0,0,0,0,0,0,0,0,0,0,39.9751,-75.195, , 
26848,293163,2015020780,6,67,67301,2015,2,3,1710,17,4,1,6,4,6, , ,N,0,0,7,3,0,1,2,2,N,N,39 56:53.534,75 09:18.154,1717, ,1713, ,0, , , ,0, , , , , , , , , ,1,0,0,0,0,0,0,1,1,0,0,1,1,0,0,0,0,0,0,0,0,0,0,0,0,0,0,0,0,0,0,0,0,0,0,4,0,39.9482,-75.155, , 
26849,293164,2015021958,6,67,67301,2015,1,4,930,9,1,1,0,6,1, , ,N,0,0,0,3,0,0,13,2,N,N,39 59:13.128,75 15:04.573,940, ,934, ,0, ,N, ,0, , , , , , , , , ,2,1,0,1,0,0,0,0,0,0,0,0,0,0,0,0,0,0,0,0,1,0,0,0,0,0,0,0,0,0,0,0,0,0,0,0,1,39.987,-75.2513, , 
26850,293174,2015029982,6,67,67301,2015,2,4,800,8,1,1,0,4,1, , ,N,1,2,0,3,0,1,3,3,N,N,40 02:01.215,75 08:44.879,820, ,800,9,1,3,N, ,3,N, , , , , , , , ,2,2,0,0,0,0,0,0,0,0,0,1,1,0,0,0,0,0,0,0,0,0,0,0,0,0,0,0,0,0,0,0,1,0,0,4,0,40.0337,-75.1458, , 
26851,293211,2015012313,6,67,67301,2015,1,4,915,9,1,1,0,4,1, , ,N,1,2,0,3,0,1,3,2,N, ,40 02:07.796,75 10:43.589,925, ,918, ,0, , , ,3, , , , , , , , , ,2,2,0,0,0,0,0,0,0,0,0,0,1,1,1,0,0,0,0,0,1,0,0,0,0,0,0,0,0,0,0,0,0,0,0,8,0,40.0355,-75.1788, , 
26852,293219,2015021911,6,67,67301,2015,2,7,2055,20,3,1,0,1,1, , ,N,1,2,0,3,0,0,4,2,N, ,40 05:41.192,75 03:02.752,2105, ,2050, ,0, , , ,3, , , , , , , , , ,2,1,0,0,0,0,1,0,0,0,0,0,0,0,0,0,0,0,0,0,0,0,0,0,0,0,0,0,0,0,0,0,0,0,0,0,0,40.0948,-75.0508, , 
26853,293239,2015034179,6,67,67301,2015,2,7,2210,22,3,1,6,1,1,8,8,Y,1,2,0,3,0,1,3,2,N,N,40 03:31.188,75 02:39.382,2215,99,2210, ,0, ,N, ,3, ,U,U,U,U,U,U,U,U,2,1,0,0,0,0,1,0,0,0,0,0,1,1,0,0,0,0,0,0,0,0,0,0,0,0,0,0,0,0,0,0,0,0,0,8,0,40.0587,-75.0443, , 
26854,293243,2015038666,6,67,67301,2015,3,1,2000,20,3,1,0,1,1, , ,N,2,2,0,3,0,2,3,2,N,N,39 54:53.180,75 09:18.118,2005, ,2001,2,1,3,N, ,3,Y, , , , , , , , ,2,2,0,0,0,0,0,0,0,0,0,2,2,0,0,0,0,0,0,0,1,0,0,0,0,0,0,0,0,0,0,0,0,0,0,4,0,39.9147,-75.155, , 
26855,293266,2015028862,6,67,67301,2015,2,6,138,1,3,1,0,7,4, , ,N,0,0,3,3,0,1,1,1,N, ,39 57:16.187,75 10:51.065,141, ,138, ,0, , , ,0, , , , , , , , , ,1,0,0,0,0,0,1,0,0,0,0,1,1,0,0,0,0,0,0,0,0,0,0,0,0,0,0,0,0,0,0,0,0,0,0,4,0,39.9545,-75.1809, , 
26856,293283,2015049062,6,67,67301,2015,4,1,2115,21,3,1,0,5,1, , ,N,0,0,0,3,0,0,2,2,N, ,39 54:07.066,75 14:22.693,2135, ,2135,2,1,2, , ,0,N, , , , , , , , ,2,0,0,0,0,0,1,0,0,0,0,0,0,0,0,0,0,0,0,0,0,0,0,0,0,0,0,0,0,0,0,0,0,0,0,0,0,39.902,-75.2396, , 
26857,293365,2015019973,6,67,67301,2015,2,1,325,3,3,4,1,1,1, , ,N,0,0,0,3,0,0,3,2,N,N,39 58:48.016,75 06:22.149,337, ,326,1,1,2,N, ,0,N, , , , , , , , ,2,2,0,0,0,0,0,0,0,0,0,0,0,0,0,0,0,0,0,0,0,0,0,0,0,0,0,0,0,0,0,0,0,0,0,0,0,39.98,-75.1062, , 
26858,293392,2015056543,6,67,67301,2015,5,1,641,6,1,1,0,1,1, , ,N,0,0,0,3,0,5,8,3,N,N,39 58:09.982,75 07:33.155,1901, ,844, ,0, , , ,0, , , , , , , , , ,3,3,0,0,0,0,0,0,0,0,0,5,5,0,0,0,0,0,0,0,0,0,0,1,0,0,0,0,0,0,0,0,0,0,0,4,0,39.9694,-75.1259, , 
26859,293436,2015038563,6,67,67301,2015,3,7,909,9,1,1,1,4,1, , ,N,1,2,0,3,0,2,5,2,N,N,39 54:42.724,75 10:21.917,914, ,910, ,0, ,N, ,3, , , , , , , , , ,2,1,0,0,0,0,1,0,0,0,0,2,2,0,0,0,0,0,0,0,1,0,0,0,0,0,0,0,0,0,0,0,0,0,0,4,0,39.9119,-75.1728, , 
26860,293451,2015017949,6,67,67301,2015,1,7,2249,22,3,8,5,8,1, , ,N,1,2,0,3,0,1,2,2,N,N,39 59:25.210,75 07:37.294,15, ,10, ,0, ,N, ,3, , , , , , , , , ,1,0,0,0,0,0,0,0,0,0,1,0,1,0,0,0,0,0,0,0,0,0,0,0,0,0,0,0,0,0,0,0,1,0,0,3,0,39.9903,-75.127, , 
26861,293452,2015021983,6,67,67301,2015,2,3,1811,18,3,1,0,8,1, , ,N,1,2,0,3,0,1,2,2,N,N,40 03:23.118,75 03:12.017,1820, ,1817, ,0, , , ,3, , , , , , , , , ,1,0,0,0,0,0,1,0,0,0,0,1,1,0,0,0,0,0,0,0,0,0,0,0,0,0,0,0,0,0,0,0,1,0,0,4,0,40.0564,-75.0533, , 
26862,297435,2015043218,6,67,67301,2015,4,6,1620,16,1,8,1,1,1, , ,N,0,2,0,3,0,1,5,4,N,N,39 55:17.578,75 11:37.740,1625, ,1623,3,2,2, , ,3,Y, , , , , , , , ,4,2,0,0,1,1,0,0,0,0,0,0,1,1,0,0,0,0,0,0,0,0,0,1,0,0,0,0,0,0,0,0,0,0,0,8,1,39.9215,-75.1938, , 
26863,297468,2015020667,6,67,67301,2015,1,7,2305,23,3,1,0,4,1, , ,N,1,3,0,3,0,1,2,2,N,N,40 02:09.349,75 07:35.780,2336, ,2322, ,0, ,N, ,3, , , , , , , , , ,2,1,0,0,0,0,1,0,0,0,0,1,1,0,0,0,0,0,0,0,0,0,0,0,0,0,0,0,0,0,0,0,0,0,0,4,0,40.0359,-75.1266, , 
26864,297484,2015036569,6,67,67301,2015,3,2,33,0,3,1,0,4,1, , ,N,1,2,0,3,0,2,2,2,N,N,40 01:39.133,75 03:44.544,36, ,35,2,1,6,N, ,3,N, , , , , , , , ,2,1,0,0,0,0,1,0,0,0,0,2,2,0,0,0,0,0,0,0,1,0,0,0,0,0,0,0,0,0,0,0,0,0,0,4,0,40.0274,-75.0627, , 
26865,297491,2015041830,6,67,67301,2015,4,6,616,6,5,1,1,0,1, , ,N,0,0,2,3,0,2,2,1,N,N,39 57:20.549,75 08:53.908,617, ,616,3,2,4,N, ,0,N, , , , , , , , ,1,0,0,0,0,1,0,0,0,0,0,0,2,2,0,0,0,0,0,0,0,0,0,0,0,0,0,0,0,0,0,0,0,0,0,8,1,39.9557,-75.1483, , 
26866,297537,2015049121,6,67,67301,2015,4,1,328,3,3,1,0,4,1, , ,N,1,2,0,3,0,2,3,2,N,N,39 57:46.530,75 11:29.044,334, ,332, ,0, ,N, ,3, , , , , , , , , ,2,2,0,0,0,0,0,0,0,0,0,1,2,1,0,0,0,0,0,1,0,0,0,0,0,0,0,0,0,0,0,0,0,0,0,4,0,39.9629,-75.1913, , 
26867,297546,2015009991,6,46,46108,2015,1,6,810,8,1,1,6,1,1, , ,N,2,2,0,3,0,0,2,2,N,N,40 05:09.951,75 12:42.717,815, ,810,1,1,1,N, ,3,N, , , , , , , , ,2,2,0,0,0,0,0,0,0,0,0,0,0,0,0,0,0,0,0,0,0,0,0,0,0,0,0,0,0,0,0,0,0,0,0,0,0,40.0861,-75.2119, , 
26868,297580,2015040936,6,67,67301,2015,3,3,1340,13,1,1,0,1,1, , ,N,0,0,0,3,0,0,2,2,N,N,40 02:27.094,75 03:30.567,1345, ,1345,1,1,2, , ,0,N, , , , , , , , ,2,1,0,0,0,0,1,0,0,0,0,0,0,0,0,0,0,0,0,0,2,0,0,0,0,0,0,0,0,0,0,0,0,0,0,0,0,40.0409,-75.0585, , 
26869,297602,2015018957,6,67,67301,2015,1,5,1418,14,1,1,0,5,1, , ,N,0,0,0,3,0,1,2,2,N,N,39 58:51.027,75 06:37.629,1644, ,1640, ,0, ,N, ,0, , , , , , , , , ,2,0,0,0,0,1,1,0,0,0,0,1,1,0,0,0,0,0,0,0,1,0,0,1,0,0,0,0,0,0,0,0,0,0,0,4,1,39.9808,-75.1105, , 
26870,297606,2015021894,6,67,67301,2015,2,1,1508,15,1,1,0,4,1, , ,N,1,2,0,3,0,0,5,2,N,N,40 05:29.578,74 57:56.181,1512, ,1509, ,0, ,N, ,3, , , , , , , , , ,2,2,0,0,0,0,0,0,0,0,0,0,0,0,0,0,0,0,0,0,0,0,0,0,0,0,0,0,0,0,0,0,0,0,0,0,0,40.0915,-74.9656, , 
26871,297613,2015025078,6,67,67301,2015,2,4,1853,18,3,1,0,1,1, , ,N,1,2,0,3,0,2,3,3,N,N,40 02:56.510,75 11:35.171,1900, ,1855, ,0, ,N, ,3, , , , , , , , , ,3,2,0,0,0,0,1,0,0,0,2,0,2,0,0,0,0,0,0,0,1,0,0,0,0,0,0,0,0,0,0,0,0,0,0,3,0,40.049,-75.1931, , 
26872,297617,2015028806,6,67,67301,2015,2,1,441,4,3,1,0,7,3, , ,N,0,0,0,3,1,0,1,1,N,N,40 01:46.147,75 06:08.729,447, ,443,4,2,1,N,0,0,Y, , , , , , , , ,1,1,0,0,0,0,0,0,0,0,0,0,0,0,0,0,0,0,0,0,0,0,0,0,0,0,0,0,0,0,0,0,0,0,0,1,0,40.0295,-75.1024,2, 
26873,297651,2015020730,6,67,67301,2015,1,1,1038,10,1,1,0,4,1, , ,N,1,2,0,3,0,3,4,2,N,N,40 02:11.789,75 03:52.061,1040, ,1039, ,0, ,N, ,3, , , , , , , , , ,2,1,0,0,0,0,1,0,0,0,0,0,3,3,0,0,0,0,0,0,0,0,0,0,0,0,0,0,0,0,0,0,0,0,0,8,0,40.0366,-75.0645, , 
26874,297653,2015020795,6,67,67301,2015,1,5,1146,11,1,4,5,3,6, , ,N,0,0,0,3,0,2,2,3,N, ,40 03:27.513,75 04:40.810,1151, ,1145, ,0, , , ,0, , , , , , , , , ,3,1,0,0,1,0,1,0,0,0,0,0,2,2,0,0,0,0,0,0,0,0,1,0,0,0,0,0,0,0,0,0,0,0,0,8,0,40.0576,-75.078, , 
26875,297674,2015042835,6,67,67301,2015,4,5,2245,22,3,1,0,4,1, , ,N,5,2,0,3,0,0,2,2,N,N,39 58:53.125,75 07:39.519,2345, ,2345, ,0, ,N, ,3, , , , , , , , , ,2,0,0,0,1,0,1,0,0,0,0,0,0,0,0,0,0,0,0,0,0,0,0,0,0,0,0,0,0,0,0,0,0,0,0,0,0,39.9814,-75.1276, , 
26876,297675,2015042904,6,67,67301,2015,3,4,902,9,1,2,1,4,1, , ,N,1,2,0,3,0,1,2,2,N, ,39 59:20.443,75 08:27.250,905, ,902, ,0, ,N, ,3, , , , , , , , , ,2,0,0,0,0,0,0,2,0,0,0,1,1,0,0,0,0,0,0,0,0,0,0,0,0,0,0,0,0,0,0,0,0,0,0,4,0,39.989,-75.1409, , 
26877,297682,2015051421,6,67,67301,2015,5,6,1140,11,1,1,8,4,1, , ,N,0,0,7,3,0,2,2,2,N, ,39 55:00.500,75 13:00.633,1155, ,1147, ,0, , , ,0, , , , , , , , , ,2,2,0,0,0,0,0,0,0,0,1,0,2,1,0,0,0,0,0,0,1,1,0,0,0,0,0,0,0,0,0,0,0,0,0,3,0,39.9168,-75.2168, , 
26878,297694,2015012372,6,67,67301,2015,1,1,1400,14,1,2,1,7,2, , ,N,0,0,3,3,0,0,4,2,N,N,39 53:50.470,75 12:44.877,1450, ,1437, ,0, ,N, ,0, , , , , , , , , ,1,1,0,0,0,0,0,0,0,0,0,0,0,0,0,0,0,0,0,0,0,0,0,0,0,0,0,0,0,0,0,0,0,0,0,0,0,39.8974,-75.2125, , 
26879,297701,2015020789,6,67,67301,2015,1,5,9999,99,1,1,0,6,1, , ,N,0,0,0,3,0,1,2,4,N, ,39 59:35.938,75 11:11.366,1648, ,1642, ,0, , , ,0, , , , , , , , , ,3,3,0,0,0,0,0,0,0,0,0,1,1,0,0,0,0,0,0,0,0,0,0,0,0,0,0,0,0,0,0,0,0,0,0,4,0,39.9933,-75.1865, , 
26880,285579,2015051435,6,67,67301,2015,4,4,822,8,1,1,0,4,1, , ,N,1,2,0,3,0,1,3,2,N, ,40 01:24.977,75 03:23.118,823, ,822, ,0, , , ,3, , , , , , , , , ,2,2,0,0,0,0,0,0,0,0,0,1,1,0,0,0,0,0,0,0,0,0,0,0,0,0,0,0,0,0,0,0,0,0,0,4,0,40.0236,-75.0564, , 
26881,285580,2015051456,6,67,67301,2015,4,2,500,5,3,2,1,7,2, , ,N,0,0,0,3,0,4,4,1,N,N,40 00:40.789,75 10:59.009,516, ,511,9,1,2,N, ,0,N, , , , , , , , ,1,1,0,0,0,0,0,0,0,0,4,0,4,0,0,0,0,0,0,1,0,0,0,0,0,0,0,0,0,0,0,0,0,0,0,3,0,40.0113,-75.1831, , 
26882,285598,2015066275,6,67,67301,2015,6,2,656,6,1,1,0,4,1, , ,N,1,3,0,3,0,1,2,2,N,N,40 02:01.856,75 03:13.420,735, ,733, ,0, , , ,3, , , , , , , , , ,2,1,0,0,0,0,1,0,0,0,0,0,1,1,0,0,0,0,0,0,2,0,0,0,0,0,0,0,0,0,0,0,0,0,0,8,0,40.0338,-75.0537, , 
26883,285602,2015070602,6,67,67301,2015,6,3,928,9,1,1,1,5,1, , ,N,0,0,0,3,0,0,2,2,N,N,40 00:49.701,75 10:44.905,1932, ,1930, ,0, ,N, ,0, , , , , , , , , ,2,2,0,0,0,0,0,0,0,0,0,0,0,0,0,0,0,0,0,0,1,0,0,0,0,0,0,0,0,0,0,0,0,0,0,0,0,40.0138,-75.1791, , 
26884,285610,2015078682,6,67,67301,2015,7,5,713,7,1,1,0,8,1, , ,N,1,2,0,3,0,1,2,2,N,N,39 56:55.712,75 10:09.688,720, ,715, ,0, ,N, ,3, , , , , , , , , ,1,1,0,0,0,0,0,0,0,0,0,1,1,0,0,0,0,0,0,0,0,1,0,0,0,0,0,0,0,0,0,0,1,0,0,4,0,39.9488,-75.1694, , 
26885,285628,2015095723,6,67,67301,2015,8,5,215,2,3,1,0,5,6, , ,N,0,0,0,3,0,0,1,2,N, ,40 02:55.924,74 59:53.444,237, ,230, ,0, , , ,0, , , , , , , , , ,2,2,0,0,0,0,0,0,0,0,0,0,0,0,1,0,0,0,0,0,0,0,0,0,0,0,0,0,0,0,0,0,0,0,0,9,0,40.0489,-74.9982, , 
26886,285630,2015099846,6,67,67301,2015,9,5,707,7,1,1,0,5,1, , ,N,0,0,0,3,0,0,2,2,N,N,39 54:47.086,75 10:39.645,710, ,707, ,0, ,N, ,0, , , , , , , , , ,2,2,0,0,0,0,0,0,0,0,0,0,0,0,0,0,0,0,0,0,0,0,0,0,0,0,0,0,0,0,0,0,0,0,0,0,0,39.9131,-75.1777, , 
26887,285640,2015012397,6,67,67301,2015,1,6,900,9,1,1,0,1,1, , ,N,3,3,0,3,0,1,2,2,N,N,39 58:35.233,75 11:21.692,1010, ,1001, ,0, ,N, ,3, , , , , , , , , ,2,1,0,0,0,0,0,1,0,0,0,0,1,1,0,0,0,0,0,0,0,0,0,0,0,0,0,0,0,0,0,0,0,0,0,8,0,39.9765,-75.1894, , 
26888,285656,2015031055,6,67,67301,2015,3,1,305,3,3,1,0,5,6, , ,N,0,0,0,3,0,0,2,3,N,N,39 57:08.908,75 08:42.526,320, ,317,3,2,1,N, ,0,Y, , , , , , , , ,3,2,0,0,0,0,0,1,0,0,0,0,0,0,0,0,0,0,0,0,0,0,0,0,0,0,0,0,0,0,0,0,0,0,0,0,0,39.9525,-75.1451, , 
26889,285665,2015040857,6,67,67301,2015,3,6,840,8,1,2,1,1,1, , ,N,0,2,0,3,0,1,2,2,N,N,39 54:55.978,75 09:39.811,845, ,830, ,0, ,N, ,3, , , , , , , , , ,2,2,0,0,0,0,0,0,0,0,0,1,1,0,0,0,0,0,0,0,0,0,0,0,0,0,0,0,0,0,0,0,0,0,0,4,0,39.9155,-75.1611, , 
26890,285670,2015049139,6,67,67301,2015,4,1,1315,13,1,1,0,8,1, , ,N,1,2,0,3,0,1,2,2,N,N,40 05:18.096,75 02:38.680,1326, ,1325,1,1,2, , ,3,N, , , , , , , , ,1,0,0,0,0,0,1,0,0,0,0,0,1,1,0,0,0,0,0,0,1,0,0,0,0,0,0,0,0,0,0,0,1,0,0,8,0,40.0884,-75.044, , 
26891,285678,2015054786,6,67,67301,2015,4,4,1920,19,1,1,1,1,1, , ,N,0,0,0,3,0,2,8,2,N,N,39 57:32.980,75 10:19.549,1928, ,1920, ,0, ,N, ,0, , , , , , , , , ,2,1,0,0,0,0,0,1,0,0,0,0,2,2,1,0,0,0,0,0,0,0,0,0,0,0,0,0,0,0,0,0,0,0,0,8,0,39.9592,-75.1721, , 
26892,285692,2015015570,6,67,67301,2015,1,5,1300,13,1,1,0,4,1, , ,N,1,2,0,3,0,1,4,2,N,N,40 00:47.439,75 04:13.514,1307, ,1300, ,0, ,N, ,3, , , , , , , , , ,2,1,0,0,0,0,0,1,0,0,0,0,1,1,0,0,0,0,0,0,0,0,0,0,0,0,0,0,0,0,0,0,0,0,0,8,0,40.0132,-75.0704, , 
26893,285764,2015038232,6,67,67301,2015,3,2,837,8,1,1,0,7,5, , ,N,0,0,0,3,0,1,1,1,N,N,39 53:09.876,75 14:35.753,906, ,838, ,0, ,N, ,0, , , , , , , , , ,1,1,0,0,0,0,0,0,0,0,0,0,1,1,0,0,0,0,0,0,0,0,0,0,0,0,0,0,0,0,0,0,0,0,0,8,0,39.8861,-75.2433, , 
26894,285793,2015018989,6,67,67301,2015,1,6,1510,15,1,1,0,1,1, , ,N,0,0,0,3,0,4,4,3,N,N,40 01:10.335,75 08:48.650,1525, ,1515, ,0, ,N, ,0, , , , , , , , , ,3,2,0,0,0,0,0,1,0,0,4,0,4,0,0,0,0,0,0,1,0,0,0,0,0,0,0,0,0,0,0,0,0,0,0,3,0,40.0195,-75.1468, , 
26895,285796,2015021974,6,67,67301,2015,2,5,1946,19,3,1,0,8,1, , ,N,1,2,0,3,0,1,2,2,N,N,40 02:16.612,75 07:48.705,2216, ,2206, ,0, ,N, ,3, , , , , , , , , ,1,0,0,0,0,0,1,0,0,0,0,1,1,0,0,0,0,0,0,0,1,0,0,0,0,0,0,0,0,0,0,0,1,0,0,4,0,40.0379,-75.1302, , 
26896,285821,2015051943,6,67,67301,2015,4,1,9999,99,1,1,0,4,1, , ,N,2,3,0,3,1,2,5,3,N,N,40 03:59.087,74 58:56.193,1930, ,1919, ,0, , ,0,3, , , , , , , , , ,3,2,0,0,0,0,1,0,0,0,0,0,2,2,2,0,0,0,0,0,0,0,1,0,0,0,0,0,0,0,0,0,0,0,0,1,0,40.0664,-74.9822,2, 
26897,285833,2015005186,6,67,67301,2015,1,2,1704,17,3,1,0,1,1, , ,N,0,0,0,3,0,2,3,3,N,N,39 58:55.306,75 06:02.817,1724, ,1706, ,0, ,N, ,0, , , , , , , , , ,3,2,0,0,0,0,1,0,0,0,0,2,2,0,0,0,0,0,0,0,2,0,0,0,0,0,0,0,0,0,0,0,0,0,0,4,0,39.982,-75.1008, , 
26898,289280,2015036574,6,67,67301,2015,3,3,1352,13,1,1,0,5,1, , ,N,0,0,0,3,0,2,6,4,N,N,40 02:10.086,75 10:27.970,1356, ,1356,9,1,6, , ,0,Y, , , , , , , , ,4,2,0,0,0,0,2,0,0,0,0,0,2,2,2,0,0,0,0,0,1,1,0,0,0,0,0,0,0,0,0,0,0,0,0,8,0,40.0361,-75.1744, , 
26899,289282,2015038242,6,67,67301,2015,3,1,105,1,3,1,0,7,5, , ,N,10,0,0,3,0,0,2,1,N,N,40 00:11.864,75 11:42.460,108, ,107,1,2,3,N, ,0,N, , , , , , , , ,1,1,0,0,0,0,0,0,0,0,0,0,0,0,0,0,0,0,0,0,0,0,0,0,0,0,0,0,0,0,0,0,0,0,0,0,0,40.0033,-75.1951, , 
26900,289333,2015040904,6,67,67301,2015,3,2,800,8,1,1,1,5,1, , ,N,1,0,0,3,0,2,5,4,N,N,40 02:14.460,75 11:27.412,809, ,805, ,0, ,N, ,0, , , , , , , , , ,4,4,0,0,0,0,0,0,0,0,0,0,2,2,1,0,0,0,0,0,0,0,0,0,0,0,0,0,0,0,0,0,0,0,0,8,0,40.0374,-75.1909, , 
26901,289340,2015045559,6,67,67301,2015,4,2,851,8,1,1,0,1,1, , ,N,7,0,2,3,0,1,3,3,N,N,39 58:35.544,75 06:51.844,900, ,856, ,0, ,N, ,0, , , , , , , , , ,3,3,0,0,0,0,0,0,0,0,0,1,1,0,0,0,0,0,0,0,1,0,0,0,0,0,0,0,0,0,0,0,0,0,0,4,0,39.9765,-75.1144, , 
26902,289356,2015025037,6,67,67301,2015,2,2,325,3,3,4,6,5,6, , ,N,0,0,0,3,0,0,1,2,N,N,39 58:04.353,75 09:32.040,409, ,403,3,1,5,N, ,0,Y, , , , , , , , ,2,1,0,0,0,0,1,0,0,0,0,0,0,0,0,0,0,0,0,0,0,0,0,0,0,0,0,0,0,0,0,0,0,0,0,0,0,39.9679,-75.1589, , 
26903,289374,2015049112,6,67,67301,2015,4,2,2119,21,3,1,0,4,1, , ,N,1,2,0,3,0,1,2,2,Y,N,39 59:08.815,75 06:41.650,2143, ,2142, ,0, , , ,3, , , , , , , , , ,1,1,0,0,0,0,0,0,1,0,0,1,1,0,0,0,0,0,0,0,1,0,0,0,0,0,0,0,0,0,0,0,0,0,0,4,0,39.9858,-75.1116, , 
26904,289375,2015051505,6,67,67301,2015,5,1,443,4,3,1,0,1,1, , ,N,0,0,0,3,0,1,3,5,N, ,39 57:52.243,75 09:00.977,500, ,448,3,2,2, , ,0,Y, , , , , , , , ,5,4,0,0,0,0,1,0,0,0,1,0,1,0,0,0,0,0,0,0,0,0,0,0,0,0,0,0,0,0,0,0,0,0,0,3,0,39.9645,-75.1503, , 
26905,289379,2015053959,6,67,67301,2015,5,5,335,3,3,1,0,5,6, , ,N,0,0,0,3,0,1,1,4,N, ,40 01:48.716,75 03:06.696,350, ,347, ,0, , , ,0, , , , , , , , , ,4,2,0,0,1,0,1,0,0,0,0,1,1,0,0,0,0,0,0,0,0,0,0,0,0,0,0,0,0,0,0,0,0,0,0,4,0,40.0302,-75.0519, , 
26906,289383,2015056486,6,67,67301,2015,5,1,1616,16,1,1,0,4,1, , ,N,1,2,0,3,0,1,3,2,N,N,40 05:40.718,75 00:54.707,1625, ,1617, ,0, ,N, ,3, , , , , , , , , ,2,2,0,0,0,0,0,0,0,0,0,0,1,1,0,0,0,0,0,0,0,0,0,0,0,0,0,0,0,0,0,0,0,0,0,8,0,40.0946,-75.0152, , 
26907,289427,2015043212,6,67,67301,2015,4,2,1953,19,3,1,0,8,1, , ,N,1,3,0,3,0,1,2,2,N,N,40 01:04.753,75 08:00.837,2003, ,1957, ,0, ,N, ,3, , , , , , , , , ,1,0,0,0,0,0,1,0,0,0,0,1,1,0,0,0,0,0,0,0,1,0,0,0,0,0,0,0,0,0,0,0,1,0,0,4,0,40.018,-75.1336, , 
26908,289462,2015025116,6,67,67301,2015,2,1,1245,12,1,4,5,1,1, , ,N,0,0,0,3,0,0,3,3,N, ,40 03:44.195,75 03:24.839,1300, ,1254, ,0, , , ,0, , , , , , , , , ,3,1,0,0,1,0,1,0,0,0,0,0,0,0,0,0,0,0,0,0,2,0,0,1,0,0,0,0,0,0,0,0,0,0,0,0,0,40.0623,-75.0569, , 