objectid_1,objectid,crn,district,county,municipality,crash_year,crash_month,day_of_week,time_of_day,hour_of_day,illumination,weather,road_condition,collision_type,relation_to_road,work_zone_type,work_zone_loc,work_zone_ind,intersect_type,tcd_type,location_type,urban_rural,fatal_count,injury_count,person_count,total_units,sch_bus_ind,sch_zone_ind,latitude,longitude,arrival_tm,cons_zone_spd_lim,dispatch_tm,est_hrs_closed,lane_closed,ln_close_dir,ntfy_hiwy_maint,spec_juris_cd,tcd_func_cd,tfc_detour_ind,workers_pres,wz_close_detour,wz_flagger,wz_law_offcr_ind,wz_ln_closure,wz_moving,wz_other,wz_shlder_mdn,vehicle_count,automobile_count,motorcycle_count,bus_count,small_truck_count,heavy_truck_count,suv_count,van_count,bicycle_count,maj_inj_count,mod_inj_count,min_inj_count,tot_inj_count,unk_inj_deg_count,unk_inj_per_count,driver_count_16yr,driver_count_17yr,driver_count_18yr,driver_count_19yr,driver_count_20yr,driver_count_50_64yr,driver_count_65_74yr,driver_count_75plus,unbelted_occ_count,unb_death_count,unb_maj_inj_count,belted_death_count,belted_maj_inj_count,mcycle_death_count,mcycle_maj_inj_count,bicycle_death_count,bicycle_maj_inj_count,ped_count,ped_death_count,ped_maj_inj_count,max_severity_level,comm_veh_count,dec_lat,dec_long,rdwy_surf_type_cd,county_name
26977,289643,2015067277,6,67,67301,2015,6,4,1010,10,1,1,0,1,1, , ,N,7,0,0,3,0,0,2,2,N,N,39 56:54.491,75 11:10.619,1122, ,1107, ,0, ,N, ,0, , , , , , , , , ,2,1,0,0,1,0,0,0,0,0,0,0,0,0,0,0,0,0,0,0,0,0,0,0,0,0,0,0,0,0,0,0,0,0,0,0,0,39.9485,-75.1863, , 
26978,289672,2015099115,6,67,67301,2015,9,2,5,0,3,1,0,8,1, , ,N,1,3,0,3,0,1,2,2,N,N,39 55:51.236,75 10:17.691,20, ,18, ,0, ,N, ,3, , , , , , , , , ,1,1,0,0,0,0,0,0,0,0,0,1,1,0,0,0,0,0,0,0,0,0,0,0,0,0,0,0,0,0,0,0,1,0,0,4,0,39.9309,-75.1716, , 
26979,289684,2015073243,6,67,67301,2015,6,7,1648,16,1,2,1,4,1, , ,N,1,2,0,3,0,0,2,2,N,N,39 57:34.106,75 13:59.495,1651, ,1651, ,0, , , ,3, , , , , , , , , ,2,1,0,0,0,0,1,0,0,0,0,0,0,0,0,0,0,0,0,0,0,0,0,0,0,0,0,0,0,0,0,0,0,0,0,0,0,39.9595,-75.2332, , 
26980,289691,2015084428,6,67,67301,2015,7,2,657,6,1,1,0,8,1, , ,N,0,0,0,3,0,1,2,2,N, ,39 58:36.500,75 08:29.900,836, ,803, ,0, , , ,0, , , , , , , , , ,1,0,0,0,0,0,1,0,0,0,1,0,1,0,0,0,0,0,0,0,0,0,0,0,0,0,0,0,0,0,0,0,1,0,0,3,0,39.9768,-75.1416, , 
26981,289718,2015128639,6,67,67301,2015,11,6,1528,15,1,1,0,8,1, , ,N,1,2,0,3,0,1,2,2,N,N,39 57:52.304,75 12:38.901,1538, ,1533, ,0, , , ,3, , , , , , , , , ,1,0,0,0,1,0,0,0,0,0,1,0,1,0,0,0,0,0,0,0,1,0,0,0,0,0,0,0,0,0,0,0,1,0,0,3,0,39.9645,-75.2108, , 
26982,289727,2016007521,6,67,67301,2015,12,4,1850,18,3,2,1,4,1, , ,N,1,2,0,3,0,0,2,2,N,N,40 02:37.212,75 04:53.486,2015, ,2012, ,0, ,N, ,3, , , , , , , , , ,2,0,0,0,0,0,2,0,0,0,0,0,0,0,0,0,0,0,0,0,1,0,0,0,0,0,0,0,0,0,0,0,0,0,0,0,0,40.0437,-75.0815, , 
26983,289768,2015049160,6,67,67301,2015,4,5,839,8,1,1,0,4,1, , ,N,1,3,0,3,0,1,2,2,N,N,39 59:22.423,75 07:59.631,842, ,840, ,0, ,N, ,3, , , , , , , , , ,1,0,0,0,0,0,1,0,1,0,0,1,1,0,0,0,0,0,0,0,0,0,0,0,0,0,0,0,0,0,0,0,0,0,0,4,0,39.9896,-75.1332, , 
26984,289773,2015051531,6,67,67301,2015,5,3,1015,10,1,1,0,4,1, , ,N,5,2,0,3,0,2,3,2,N, ,39 57:17.234,75 09:58.979,1021, ,1020, ,0, , , ,3, , , , , , , , , ,2,1,0,0,0,0,1,0,0,0,0,0,2,2,0,0,0,0,0,0,1,0,0,0,0,0,0,0,0,0,0,0,0,0,0,8,0,39.9548,-75.1664, , 
26985,289797,2015020794,6,67,67301,2015,1,1,724,7,5,2,5,7,4, , ,N,2,2,0,3,0,1,1,1,N, ,39 57:19.768,75 10:50.830,754, ,729,3,1,1, , ,3,N, , , , , , , , ,1,1,0,0,0,0,0,0,0,0,0,1,1,0,0,0,0,0,0,0,1,0,0,0,0,0,0,0,0,0,0,0,0,0,0,4,0,39.9557,-75.1807, , 
26986,289798,2015021389,6,67,67301,2015,1,4,2008,20,3,1,0,8,1, , ,N,0,0,0,3,0,1,2,2,N,N,40 02:26.889,75 03:54.925,2014, ,2010, ,0, , , ,0, , , , , , , , , ,1,1,0,0,0,0,0,0,0,0,0,0,1,1,0,0,0,0,0,0,0,0,0,0,0,0,0,0,0,0,0,0,1,0,0,8,0,40.0408,-75.0653, , 
26987,289839,2015021340,6,67,67301,2015,2,4,1218,12,1,1,0,1,1, , ,N,2,2,0,3,0,0,2,2,N,N,40 03:19.907,75 07:34.654,1222, ,1218, ,0, ,N, ,3, , , , , , , , , ,2,0,0,0,0,0,2,0,0,0,0,0,0,0,0,0,0,0,0,0,0,0,0,0,0,0,0,0,0,0,0,0,0,0,0,0,0,40.0554,-75.1263, , 
26988,293768,2015081026,6,67,67301,2015,7,1,1045,10,1,1,0,4,1, , ,N,1,3,0,3,0,5,7,2,N,N,39 56:56.623,75 09:20.444,1054, ,1053, ,0, ,N, ,3, , , , , , , , , ,2,0,0,0,0,0,2,0,0,0,0,0,5,5,1,0,0,0,0,0,2,0,0,0,0,0,0,0,0,0,0,0,0,0,0,8,0,39.9491,-75.1557, , 
26989,293777,2015092470,6,67,67301,2015,8,7,9999,99,1,1,0,8,1, , ,N,0,0,0,3,0,1,2,2,N,N,39 56:25.294,75 12:04.863,1218, ,1213, ,0, ,N, ,0, , , , , , , , , ,1,1,0,0,0,0,0,0,0,0,1,0,1,0,0,0,0,0,0,0,0,0,0,0,0,0,0,0,0,0,0,0,1,0,0,3,0,39.9404,-75.2014, , 
26990,293789,2015006239,6,67,67301,2015,1,4,520,5,3,1,6,1,1, , ,N,0,0,0,3,0,2,4,3,N,N,39 57:52.986,75 08:14.981,545, ,525,1,1,1,N, ,0,N, , , , , , , , ,3,2,0,0,0,0,1,0,0,0,1,1,2,0,0,0,0,0,0,0,2,0,0,0,0,0,0,0,0,0,0,0,0,0,0,3,0,39.9647,-75.1375, , 
26991,293796,2015012699,6,67,67301,2015,1,5,300,3,3,1,0,8,1, , ,N,1,0,0,3,0,1,2,2,N, ,39 57:08.535,75 09:17.776,300, ,300, ,0, , , ,0, , , , , , , , , ,1,0,0,0,0,0,1,0,0,0,0,0,1,1,1,0,0,0,0,0,0,0,0,0,0,0,0,0,0,0,0,0,1,0,0,8,0,39.9524,-75.1549, , 
26992,293807,2015028794,6,67,67301,2015,2,5,755,7,1,1,0,4,1, , ,N,1,2,0,3,0,4,5,2,N,N,40 00:07.962,75 09:27.759,803, ,758, ,0, ,N, ,3, , , , , , , , , ,2,1,0,0,0,0,1,0,0,0,0,0,4,4,0,0,0,0,0,0,0,0,0,0,0,0,0,0,0,0,0,0,0,0,0,8,0,40.0022,-75.1576, , 
26993,293816,2015035126,6,67,67301,2015,3,6,1715,17,1,1,0,2,1, , ,N,0,0,0,3,0,1,2,2,N, ,40 02:13.857,75 02:40.454,1912, ,1916,1,1,3, , ,0,N, , , , , , , , ,2,1,0,0,0,0,1,0,0,0,0,1,1,0,0,0,0,1,0,0,0,1,0,0,0,0,0,0,0,0,0,0,0,0,0,4,0,40.0372,-75.0446, , 
26994,293827,2015049153,6,67,67301,2015,4,5,1800,18,1,1,0,4,1, , ,N,1,2,0,3,0,1,2,2,N, ,39 59:21.645,75 07:14.530,1820, ,1819, ,0, , , ,3, , , , , , , , , ,1,1,0,0,0,0,0,0,1,0,0,1,1,0,0,0,0,0,0,0,0,0,0,0,0,0,0,0,0,0,0,0,0,0,0,4,0,39.9893,-75.1207, , 
26995,293830,2015056463,6,67,67301,2015,5,3,1850,18,1,1,0,8,1, , ,N,1,3,0,3,0,1,2,2,N, ,40 01:47.838,75 13:08.824,1853, ,1851, ,0, , , ,3, , , , , , , , , ,1,0,0,0,1,0,0,0,0,0,0,1,1,0,0,0,0,0,0,0,0,0,0,0,0,0,0,0,0,0,0,0,1,0,0,4,0,40.03,-75.2191, , 
26996,293836,2015056474,6,67,67301,2015,5,3,1330,13,1,1,0,1,1, , ,N,3,0,0,3,0,2,3,2,N, ,40 00:36.814,75 09:57.743,1334, ,1330, ,0, , , ,0, , , , , , , , , ,2,1,0,0,1,0,0,0,0,0,0,2,2,0,0,0,0,0,0,0,1,0,0,0,0,0,0,0,0,0,0,0,0,0,0,4,0,40.0102,-75.166, , 
26997,293865,2015036689,6,67,67301,2015,3,3,1537,15,1,2,1,4,1, , ,N,0,0,7,3,0,2,3,2,N,N,40 04:23.156,75 04:32.433,1541, ,1539, ,0, ,N, ,0, , , , , , , , , ,2,2,0,0,0,0,0,0,0,0,0,2,2,0,0,0,0,0,0,0,0,0,0,0,0,0,0,0,0,0,0,0,0,0,0,4,0,40.0731,-75.0757, , 
26998,293872,2015049012,6,67,67301,2015,4,7,1614,16,1,1,0,6,1, , ,N,0,0,0,3,0,1,2,2,N, ,40 03:57.326,75 01:01.063,1620, ,1617, ,0, , , ,0, , , , , , , , , ,1,0,0,0,0,0,1,0,1,0,0,0,1,1,0,0,0,0,0,0,0,0,0,0,0,0,0,0,0,0,0,0,0,0,0,8,0,40.0659,-75.017, , 
26999,293873,2015053937,6,67,67301,2015,5,4,2230,22,3,1,0,8,1, , ,N,0,0,0,3,0,1,2,2,N,N,40 00:03.472,75 09:16.779,2236, ,2236, ,0, ,N, ,0, , , , , , , , , ,1,1,0,0,0,0,0,0,0,0,1,0,1,0,0,0,0,0,0,0,0,0,0,1,0,0,0,0,0,0,0,0,1,0,0,3,0,40.001,-75.1547, , 
27000,293906,2015028840,6,67,67301,2015,2,1,1100,11,1,4,1,8,1, , ,N,2,3,0,3,0,1,2,2,N, ,40 01:45.937,75 10:07.762,1147, ,1145, ,0, , , ,3, , , , , , , , , ,1,1,0,0,0,0,0,0,0,0,0,0,1,1,0,0,0,0,0,0,0,0,0,1,0,0,0,0,0,0,0,0,1,0,0,8,0,40.0294,-75.1688, , 
27001,293918,2015040846,6,67,67301,2015,3,1,113,1,3,1,0,4,1, , ,N,5,2,2,3,0,0,2,2,N, ,39 57:27.542,75 09:44.544,113, ,113, ,0, , , ,3, , , , , , , , , ,2,2,0,0,0,0,0,0,0,0,0,0,0,0,0,0,0,0,0,0,0,0,0,0,0,0,0,0,0,0,0,0,0,0,0,0,0,39.9577,-75.1624, , 
27002,293922,2015045451,6,67,67301,2015,4,7,233,2,3,1,0,4,1, , ,N,1,2,0,3,0,0,2,2,N,N,40 02:25.164,75 03:30.735,239, ,235,2,1,1,N, ,3,Y, , , , , , , , ,2,0,0,0,1,0,1,0,0,0,0,0,0,0,0,0,0,0,0,0,0,1,0,0,0,0,0,0,0,0,0,0,0,0,0,0,0,40.0403,-75.0585, , 
27003,293924,2015046655,6,67,67301,2015,4,3,1330,13,1,1,0,7,2, , ,N,0,0,0,3,0,0,1,1,N,N,39 54:01.988,75 09:22.419,1353, ,1337,1,1,2,N, ,0,N, , , , , , , , ,1,0,0,0,0,0,1,0,0,0,0,0,0,0,0,0,0,0,0,0,0,0,0,0,0,0,0,0,0,0,0,0,0,0,0,0,0,39.9006,-75.1562, , 
27004,293939,2015073630,6,67,67301,2015,7,1,2215,22,2,1,0,5,6, , ,N,0,0,0,3,0,0,1,4,N, ,39 58:08.940,75 13:45.966,9999, ,9999, ,0, , , ,0, , , , , , , , , ,4,1,0,0,0,1,1,1,0,0,0,0,0,0,1,0,0,0,0,0,0,0,0,1,0,0,0,0,0,0,0,0,0,0,0,9,1,39.9692,-75.2294, , 
27005,293941,2015075709,6,67,67301,2015,7,5,436,4,3,1,0,5,6, , ,N,0,0,0,3,0,1,1,3,N,N,39 55:31.678,75 10:52.577,440, ,438,2,2,2,N, ,0,Y, , , , , , , , ,3,3,0,0,0,0,0,0,0,0,0,1,1,0,0,0,0,0,0,0,0,0,0,1,0,0,0,0,0,0,0,0,0,0,0,4,0,39.9255,-75.1813, , 
27006,296114,2015021950,6,67,67301,2015,2,5,954,9,1,1,0,4,1, , ,N,1,2,0,3,0,2,3,2,N,N,40 02:43.041,75 03:38.484,955, ,954, ,0, ,N, ,3, , , , , , , , , ,2,1,0,0,0,0,1,0,0,0,0,0,2,2,0,0,0,0,0,0,0,0,0,0,0,0,0,0,0,0,0,0,0,0,0,8,0,40.0453,-75.0607, , 
27007,296117,2015025051,6,67,67301,2015,2,1,1530,15,1,8,0,1,1, , ,N,1,2,0,3,0,1,4,3,N,N,39 58:27.310,75 13:34.898,9999, ,1536,9,1,1,N, ,3,N, , , , , , , , ,3,3,0,0,0,0,0,0,0,0,0,0,1,1,0,0,0,0,0,0,1,0,0,0,0,0,0,0,0,0,0,0,0,0,0,8,0,39.9743,-75.2264, , 
27008,296123,2015033146,6,67,67301,2015,3,2,1608,16,1,1,0,1,1, , ,N,0,0,0,3,0,1,3,3,N,N,39 57:25.952,75 09:06.249,1608, ,1608, ,0, ,N, ,0, , , , , , , , , ,3,3,0,0,0,0,0,0,0,0,0,1,1,0,0,0,0,0,0,1,1,0,0,0,0,0,0,0,0,0,0,0,0,0,0,4,0,39.9572,-75.1517, , 
27009,296126,2015036624,6,67,67301,2015,3,4,1251,12,1,1,0,4,1, , ,N,0,0,0,3,0,0,2,2,N,N,39 57:20.498,75 11:23.230,1252, ,1251,2,1,4,N, ,0,N, , , , , , , , ,2,1,0,0,0,0,1,0,0,0,0,0,0,0,0,0,0,0,0,0,0,0,0,0,0,0,0,0,0,0,0,0,0,0,0,0,0,39.9557,-75.1898, , 
27010,296128,2015038573,6,67,67301,2015,3,7,9999,99,1,1,0,4,1, , ,N,1,2,0,3,0,2,4,2,N,N,40 00:22.701,75 08:38.101,9999, ,1113, ,0, , , ,3, , , , , , , , , ,2,2,0,0,0,0,0,0,0,0,0,2,2,0,0,0,0,0,0,0,0,0,0,0,0,0,0,0,0,0,0,0,0,0,0,4,0,40.0063,-75.1439, , 
27011,296132,2015042849,6,67,67301,2015,4,7,1655,16,1,1,0,4,1, , ,N,0,0,0,3,0,0,1,2,N, ,40 06:00.388,74 58:21.568,1723, ,1717, ,0, , , ,0, , , , , , , , , ,2,2,0,0,0,0,0,0,0,0,0,0,0,0,0,0,0,0,0,0,0,0,0,1,0,0,0,0,0,0,0,0,0,0,0,0,0,40.1001,-74.9727, , 
27012,296134,2015043225,6,67,67301,2015,4,6,515,5,3,2,1,7,4, , ,N,0,0,0,3,0,0,1,1,N, ,40 01:53.515,75 13:51.916,535, ,524,1,1,2, , ,0,N, , , , , , , , ,1,0,0,0,1,0,0,0,0,0,0,0,0,0,0,0,0,0,0,0,0,0,0,1,0,0,0,0,0,0,0,0,0,0,0,0,0,40.0315,-75.2311, , 
27013,296143,2015049643,6,67,67301,2015,4,7,1204,12,1,1,0,1,1, , ,N,0,0,0,3,0,3,9,3,N,N,39 58:20.863,75 11:37.317,1212, ,1204, ,0, ,N, ,0, , , , , , , , , ,3,2,0,0,0,0,1,0,0,0,0,0,3,3,0,0,0,0,0,0,0,0,0,0,0,0,0,0,0,0,0,0,0,0,0,8,0,39.9725,-75.1937, , 
27014,296150,2015011931,6,67,67301,2015,1,7,229,2,2,1,0,4,1,1,4,Y,0,8,0,3,0,1,2,2,N,N,39 58:06.276,75 07:44.002,238,45,230,1,1,1,N, ,3,N,Y,N,N,Y,Y,N,N,Y,2,1,0,0,1,0,0,0,0,0,1,0,1,0,0,0,0,0,0,0,0,0,0,0,0,0,0,0,0,0,0,0,0,0,0,3,0,39.9684,-75.1289, , 
27015,296151,2015012339,6,67,67301,2015,1,6,2340,23,3,1,0,4,1, , ,N,1,2,0,3,0,1,2,2,N,N,39 56:12.096,75 13:27.702,100, ,2340,3,1,2, , ,3,N, , , , , , , , ,2,1,0,0,0,0,0,1,0,0,0,1,1,0,0,0,0,0,0,0,1,0,0,0,0,0,0,0,0,0,0,0,0,0,0,4,0,39.9366,-75.2244, , 
27016,296152,2015012707,6,67,67301,2015,1,3,1200,12,1,4,5,6,1, , ,N,0,0,0,3,0,1,4,4,N,N,40 04:08.624,75 14:15.211,1408, ,1355,3,2,7,N, ,0,Y, , , , , , , , ,4,2,0,0,0,0,1,1,0,0,0,0,1,1,0,0,0,0,0,0,1,1,0,0,0,0,0,0,0,0,0,0,0,0,0,8,0,40.0691,-75.2376, , 
27017,296153,2015013358,6,67,67301,2015,1,4,658,6,5,1,0,1,1, , ,N,0,0,0,3,0,1,3,2,N,N,40 01:44.890,75 01:22.185,704, ,658, ,0, ,N, ,0, , , , , , , , , ,2,1,0,0,0,0,1,0,0,0,0,0,1,1,0,0,0,0,0,0,1,0,0,0,0,0,0,0,0,0,0,0,0,0,0,8,0,40.0291,-75.0228, , 
27018,296154,2015015573,6,67,67301,2015,1,7,1135,11,1,1,0,4,1, , ,N,1,2,0,3,0,1,3,3,N,N,40 05:22.893,75 03:25.406,1150, ,1148, ,0, ,N, ,2, , , , , , , , , ,3,3,0,0,0,0,0,0,0,0,0,1,1,0,0,0,0,0,0,0,3,0,0,0,0,0,0,0,0,0,0,0,0,0,0,4,0,40.0896,-75.057, , 
27019,296163,2015031017,6,67,67301,2015,2,6,1500,15,1,1,0,5,1, , ,N,0,2,0,3,0,1,5,4,N, ,39 54:17.769,75 11:43.680,1510, ,1505,1,1,3, , ,3,N, , , , , , , , ,4,1,0,0,2,0,1,0,0,0,0,0,1,1,0,0,0,0,0,0,1,0,0,0,0,0,0,0,0,0,0,0,0,0,0,8,1,39.9049,-75.1955, , 
27020,296178,2015052364,6,67,67301,2015,4,7,951,9,1,1,0,0,1, , ,N,0,0,0,3,0,3,4,4,N,N,39 54:02.386,75 09:15.691,1000, ,953,1,1,1,N, ,0,N, , , , , , , , ,4,2,0,0,0,0,1,1,0,0,2,1,3,0,0,0,0,0,0,0,1,0,0,0,0,0,0,0,0,0,0,0,0,0,0,3,0,39.9007,-75.1544, , 
27021,296230,2015036606,6,67,67301,2015,3,2,1700,17,1,1,0,4,1, , ,N,2,0,0,3,0,1,2,2,N, ,40 01:04.041,75 10:20.986,1702, ,1702,2,2,1, , ,0,N, , , , , , , , ,2,0,1,0,0,0,0,1,0,0,0,0,1,1,0,0,0,0,0,0,1,0,0,0,0,0,0,0,0,0,0,0,0,0,0,8,0,40.0176,-75.1723, , 
27022,296233,2015038634,6,67,67301,2015,3,2,1330,13,1,1,0,8,1, , ,N,1,2,0,3,0,1,2,2,N, ,39 56:53.175,75 09:15.257,1331, ,1331,1,1,4,N, ,3,N, , , , , , , , ,1,1,0,0,0,0,0,0,0,0,0,1,1,0,0,0,0,0,0,0,0,1,0,0,0,0,0,0,0,0,0,0,1,0,0,4,0,39.9481,-75.1542, , 
27023,296234,2015038676,6,67,67301,2015,3,7,1245,12,1,2,1,4,1, , ,N,1,2,0,3,0,2,3,2,N,N,39 57:27.667,75 12:21.885,1740, ,1340, ,0, ,N, ,3, , , , , , , , , ,2,1,0,0,0,0,0,1,0,0,0,0,2,2,0,0,0,0,0,0,0,0,0,0,0,0,0,0,0,0,0,0,0,0,0,8,0,39.9576,-75.206, , 
27024,286056,2015073744,6,67,67301,2015,7,5,950,9,1,1,0,1,1, , ,N,1,2,0,3,0,3,4,3,N,N,39 54:50.789,75 08:59.633,1010, ,1004,2,1,4,N, ,3,N, , , , , , , , ,3,3,0,0,0,0,0,0,0,0,0,0,3,3,1,0,0,1,0,0,0,0,1,0,0,0,0,0,0,0,0,0,0,0,0,8,0,39.914,-75.1499, , 
27025,286061,2015078233,6,67,67301,2015,7,2,1910,19,1,1,0,4,1, , ,N,1,3,0,3,0,1,6,2,N,N,40 01:22.525,75 09:47.379,1910, ,1910, ,0, ,N, ,3, , , , , , , , , ,2,0,0,0,0,0,2,0,0,0,0,0,1,1,0,0,0,0,0,0,0,0,0,0,0,0,0,0,0,0,0,0,0,0,0,8,0,40.0229,-75.1632, , 
27026,286072,2015008693,6,67,67301,2015,1,6,2054,20,3,1,0,1,1, , ,N,0,0,0,3,0,0,5,3,N,N,39 59:05.384,75 05:41.176,2104, ,2055, ,0, ,N, ,0, , , , , , , , , ,3,2,0,0,0,0,1,0,0,0,0,0,0,0,0,0,0,0,0,0,0,0,0,0,0,0,0,0,0,0,0,0,0,0,0,0,0,39.9848,-75.0948, , 
27027,286095,2015036621,6,67,67301,2015,3,2,1945,19,3,1,0,5,6, , ,N,0,0,0,3,0,1,1,3,N,N,39 58:45.012,75 07:23.026,1957, ,1953, ,0, ,N, ,0, , , , , , , , , ,3,2,0,0,0,0,1,0,0,0,0,1,1,0,0,0,0,0,0,0,0,0,0,1,0,0,0,0,0,0,0,0,0,0,0,4,0,39.9792,-75.1231, , 
27028,286130,2015020877,6,67,67301,2015,1,6,1038,10,1,1,0,1,1, , ,N,6,0,2,3,0,0,2,2,N,N,40 00:49.241,75 10:46.383,1042, ,1039, ,0, , , ,0, , , , , , , , , ,2,2,0,0,0,0,0,0,0,0,0,0,0,0,0,0,0,0,0,0,0,0,0,0,0,0,0,0,0,0,0,0,0,0,0,0,0,40.0137,-75.1796, , 
27029,286142,2015038561,6,67,67301,2015,3,4,2345,23,3,1,0,4,1, , ,N,1,3,0,3,0,2,3,3,N,N,39 56:57.040,75 14:29.126,45, ,44, ,0, ,N, ,3, , , , , , , , , ,3,3,0,0,0,0,0,0,0,0,2,0,2,0,1,0,0,0,0,0,0,0,0,0,0,0,0,0,0,0,0,0,0,0,0,3,0,39.9492,-75.2414, , 
27030,286143,2015038600,6,67,67301,2015,3,6,1540,15,1,1,0,8,6, , ,N,0,0,0,3,0,1,2,2,N,N,39 57:42.973,75 14:26.895,1603, ,1555, ,0, ,N, ,0, , , , , , , , , ,1,1,0,0,0,0,0,0,0,0,0,1,1,0,0,0,0,0,0,0,0,0,0,0,0,0,0,0,0,0,0,0,1,0,0,4,0,39.9619,-75.2408, , 
27031,286144,2015038694,6,67,67301,2015,3,7,1555,15,1,1,0,2,1, , ,N,0,0,0,3,0,2,5,4,N,N,39 59:30.291,75 06:46.001,1558, ,1556,2,2,5,N, ,0,N, , , , , , , , ,4,4,0,0,0,0,0,0,0,0,0,2,2,0,0,0,0,0,0,1,0,0,0,0,0,0,0,0,0,0,0,0,0,0,0,4,0,39.9917,-75.1128, , 
27032,286170,2015009629,6,67,67301,2015,1,7,1129,11,1,1,0,4,1, , ,N,1,2,0,3,0,0,2,2,N,N,40 03:42.317,75 03:21.839,1140, ,1130, ,0, ,N, ,3, , , , , , , , , ,2,1,0,0,0,0,1,0,0,0,0,0,0,0,0,0,0,0,0,0,0,1,0,0,0,0,0,0,0,0,0,0,0,0,0,0,0,40.0618,-75.0561, , 
27033,286193,2015028813,6,67,67301,2015,2,4,1330,13,1,8,1,4,1, , ,N,2,3,0,3,0,1,5,2,N, ,40 00:41.202,75 07:54.411,1350, ,1345, ,0, , , ,3, , , , , , , , , ,2,1,0,0,1,0,0,0,0,0,0,0,1,1,0,1,0,0,0,0,0,0,0,0,0,0,0,0,0,0,0,0,0,0,0,8,0,40.0114,-75.1318, , 
27034,286200,2015036558,6,67,67301,2015,2,4,839,8,1,9,4,2,1, , ,N,1,2,0,3,0,1,3,3,N, ,39 55:26.880,75 14:43.716,845, ,843,2,1,2, , ,3,N, , , , , , , , ,3,1,0,0,0,0,2,0,0,0,0,1,1,0,0,0,0,0,0,0,1,0,0,0,0,0,0,0,0,0,0,0,0,0,0,4,0,39.9241,-75.2455, , 
27035,286204,2015038581,6,67,67301,2015,3,6,2312,23,3,4,1,4,1, , ,N,1,2,0,3,0,1,2,2,N, ,40 02:40.890,75 03:16.537,2325, ,2323,3,1,3, , ,3,N, , , , , , , , ,2,2,0,0,0,0,0,0,0,0,0,0,1,1,0,0,0,0,0,0,0,0,0,0,0,0,0,0,0,0,0,0,0,0,0,8,0,40.0446,-75.0547, , 
27036,286205,2015038628,6,67,67301,2015,3,5,1427,14,1,1,0,4,1, , ,N,1,2,0,3,0,0,2,2,N, ,40 01:55.826,75 05:30.584,1443, ,1440, ,0, , , ,3, , , , , , , , , ,2,0,0,0,1,0,1,0,0,0,0,0,0,0,0,0,0,0,0,0,2,0,0,0,0,0,0,0,0,0,0,0,0,0,0,0,0,40.0322,-75.0918, , 
27037,286235,2015020706,6,67,67301,2015,1,5,1844,18,3,8,5,5,6, , ,N,0,0,0,3,0,1,2,4,N, ,40 01:56.708,75 05:32.845,1846, ,1844, ,0, , , ,0, , , , , , , , , ,4,2,0,0,0,0,1,1,0,0,0,0,1,1,0,0,0,0,0,0,1,0,0,0,0,0,0,0,0,0,0,0,0,0,0,8,0,40.0324,-75.0925, , 
27038,286260,2015051910,6,67,67301,2015,4,1,2319,23,3,1,0,7,4, , ,N,0,0,0,3,0,0,1,1,N,N,40 04:35.554,75 04:56.793,2342, ,2326, ,0, ,N, ,0, , , , , , , , , ,1,1,0,0,0,0,0,0,0,0,0,0,0,0,1,0,0,0,0,0,0,0,0,0,0,0,0,0,0,0,0,0,0,0,0,9,0,40.0765,-75.0824, , 
27039,286284,2015021882,6,67,67301,2015,1,7,1800,18,1,2,1,4,1, , ,N,1,3,0,3,0,1,3,2,N, ,39 55:34.370,75 10:27.191,1830, ,9999, ,0, , , ,3, , , , , , , , , ,2,1,0,0,0,0,1,0,0,0,0,1,1,0,1,0,0,0,0,0,0,1,0,0,0,0,0,0,0,0,0,0,0,0,0,4,0,39.9262,-75.1742, , 
27040,286301,2015031061,6,67,67301,2015,2,4,820,8,1,1,0,1,1, , ,N,0,0,6,3,0,1,2,2,N,N,40 04:04.207,75 02:24.474,828, ,828, ,0, ,N, ,0, , , , , , , , , ,2,1,0,0,0,0,1,0,0,0,0,1,1,0,0,0,0,0,0,0,1,0,0,0,0,0,0,0,0,0,0,0,0,0,0,4,0,40.0678,-75.0401, , 
27041,286319,2015061861,6,67,67301,2015,5,2,1101,11,1,1,0,1,1, , ,N,0,0,0,3,0,1,6,2,N,N,40 04:56.604,75 02:59.532,1102, ,1101,1,1,2,N, ,0,N, , , , , , , , ,2,1,0,0,0,0,0,1,0,0,0,0,1,1,0,0,0,0,0,0,0,0,0,0,0,0,0,0,0,0,0,0,0,0,0,8,0,40.0824,-75.0499, , 
27042,289842,2015024252,6,67,67301,2015,2,7,1400,14,1,4,1,4,1, , ,N,0,0,0,3,0,0,4,3,N,N,39 53:15.814,75 12:59.994,1413, ,1403, ,0, ,N, ,0, , , , , , , , , ,3,1,0,0,0,0,1,1,0,0,0,0,0,0,0,0,0,0,0,0,0,0,0,0,0,0,0,0,0,0,0,0,0,0,0,0,0,39.8877,-75.2167, , 
27043,289847,2015028805,6,67,67301,2015,2,5,1220,12,1,1,1,4,1, , ,N,2,2,7,3,0,0,2,2,N,N,40 02:39.405,75 05:20.426,1247, ,1244, ,0, ,N, ,3, , , , , , , , , ,2,1,0,0,0,0,1,0,0,0,0,0,0,0,0,0,0,0,0,0,0,0,0,0,0,0,0,0,0,0,0,0,0,0,0,0,0,40.0443,-75.089, , 