objectid_1,objectid,crn,district,county,municipality,crash_year,crash_month,day_of_week,time_of_day,hour_of_day,illumination,weather,road_condition,collision_type,relation_to_road,work_zone_type,work_zone_loc,work_zone_ind,intersect_type,tcd_type,location_type,urban_rural,fatal_count,injury_count,person_count,total_units,sch_bus_ind,sch_zone_ind,latitude,longitude,arrival_tm,cons_zone_spd_lim,dispatch_tm,est_hrs_closed,lane_closed,ln_close_dir,ntfy_hiwy_maint,spec_juris_cd,tcd_func_cd,tfc_detour_ind,workers_pres,wz_close_detour,wz_flagger,wz_law_offcr_ind,wz_ln_closure,wz_moving,wz_other,wz_shlder_mdn,vehicle_count,automobile_count,motorcycle_count,bus_count,small_truck_count,heavy_truck_count,suv_count,van_count,bicycle_count,maj_inj_count,mod_inj_count,min_inj_count,tot_inj_count,unk_inj_deg_count,unk_inj_per_count,driver_count_16yr,driver_count_17yr,driver_count_18yr,driver_count_19yr,driver_count_20yr,driver_count_50_64yr,driver_count_65_74yr,driver_count_75plus,unbelted_occ_count,unb_death_count,unb_maj_inj_count,belted_death_count,belted_maj_inj_count,mcycle_death_count,mcycle_maj_inj_count,bicycle_death_count,bicycle_maj_inj_count,ped_count,ped_death_count,ped_maj_inj_count,max_severity_level,comm_veh_count,dec_lat,dec_long,rdwy_surf_type_cd,county_name
27112,286565,2015020763,6,67,67301,2015,1,1,145,1,3,1,0,4,1, , ,N,1,2,0,3,0,1,2,3,N, ,40 00:11.163,75 07:41.800,156, ,150, ,0, , , ,3, , , , , , , , , ,3,1,0,0,1,0,0,1,0,0,0,1,1,0,0,0,0,0,0,0,0,0,0,0,0,0,0,0,0,0,0,0,0,0,0,4,0,40.0031,-75.1283, , 
27113,286573,2015028829,6,67,67301,2015,2,5,650,6,1,1,0,1,1, , ,N,0,0,6,3,0,1,3,3,N, ,40 03:48.727,75 02:32.725,705, ,657,1,1,2, , ,0,N, , , , , , , , ,3,3,0,0,0,0,0,0,0,0,0,0,1,1,0,0,0,0,0,0,1,0,0,0,0,0,0,0,0,0,0,0,0,0,0,8,0,40.0635,-75.0424, , 
27114,286586,2015047546,6,67,67301,2015,4,7,1530,15,1,1,0,8,1, , ,N,1,2,0,3,0,1,2,2,N, ,40 01:48.288,75 08:34.177,1530, ,1530, ,0, , , ,3, , , , , , , , , ,1,1,0,0,0,0,0,0,0,0,0,1,1,0,0,0,0,0,0,0,0,0,0,0,0,0,0,0,0,0,0,0,1,0,0,4,0,40.0301,-75.1428, , 
27115,290078,2015020799,6,67,67301,2015,2,2,7,0,3,4,3,5,6, , ,N,0,0,0,3,0,1,1,2,N,N,40 05:40.125,74 58:34.365,35, ,30,3,2,6,N, ,0,N, , , , , , , , ,2,1,0,0,0,0,1,0,0,0,0,1,1,0,0,0,0,0,0,0,0,0,0,0,0,0,0,0,0,0,0,0,0,0,0,4,0,40.0945,-74.9762, , 
27116,290103,2015051935,6,67,67301,2015,4,1,18,0,3,1,0,5,1, , ,N,0,0,0,3,0,1,2,2,N,N,40 00:24.559,75 11:33.670,28, ,20,9,1,1,N, ,0,N, , , , , , , , ,2,1,1,0,0,0,0,0,0,0,1,0,1,0,0,0,0,0,0,0,0,0,0,0,0,0,0,0,0,0,0,0,0,0,0,3,0,40.0068,-75.1927, , 
27117,290108,2015056479,6,67,67301,2015,5,4,2008,20,3,1,0,4,1, , ,N,1,2,0,3,0,1,2,4,N,N,40 00:04.735,75 09:02.593,2010, ,2008,3,2,4,N, ,3,Y, , , , , , , , ,4,2,0,0,0,0,1,1,0,0,0,0,1,1,0,0,0,0,0,0,1,0,0,0,0,0,0,0,0,0,0,0,0,0,0,8,0,40.0013,-75.1507, , 
27118,290114,2015061866,6,67,67301,2015,5,4,829,8,1,1,0,4,1, , ,N,1,2,0,3,0,2,4,2,N,N,40 00:37.875,75 06:00.082,835, ,830, ,0, ,N, ,3, , , , , , , , , ,2,1,0,0,0,0,1,0,0,0,0,0,2,2,0,0,0,0,0,0,0,0,0,0,0,0,0,0,0,0,0,0,0,0,0,8,0,40.0105,-75.1, , 
27119,290142,2015017935,6,67,67301,2015,1,3,1212,12,1,4,3,7,4, , ,N,10,0,0,3,0,1,1,1,N,N,40 06:29.322,75 01:11.413,1300, ,1248, ,0, , , ,0, , , , , , , , , ,1,0,0,0,0,0,1,0,0,0,0,0,1,1,0,0,0,0,0,0,0,0,0,0,0,0,0,0,0,0,0,0,0,0,0,8,0,40.1081,-75.0198, , 
27120,290158,2015038383,6,67,67301,2015,3,7,1220,12,1,1,0,7,3,1,4,Y,0,0,0,3,0,0,1,1,N,N,40 01:23.476,75 02:04.473,1230,45,1225,3,1,1,N, ,0,N,N,N,N,N,N,N,N,Y,1,0,0,0,0,0,1,0,0,0,0,0,0,0,0,0,0,0,0,0,1,0,0,0,0,0,0,0,0,0,0,0,0,0,0,0,0,40.0232,-75.0346, , 
27121,290172,2015009572,6,67,67301,2015,1,3,920,9,1,4,3,1,1, , ,N,1,2,0,3,0,1,3,2,N, ,40 06:00.676,75 01:18.249,925, ,920, ,0, , , ,2, , , , , , , , , ,2,2,0,0,0,0,0,0,0,0,0,0,1,1,0,0,0,0,0,0,0,1,0,0,0,0,0,0,0,0,0,0,0,0,0,8,0,40.1002,-75.0217, , 
27122,290181,2015021886,6,67,67301,2015,2,5,1846,18,3,1,0,4,1, , ,N,1,2,0,3,0,1,2,2,N,N,40 07:44.528,75 01:30.881,1918, ,1901, ,0, ,N, ,3, , , , , , , , , ,2,1,0,0,0,0,1,0,0,0,0,1,1,0,0,0,0,0,0,0,1,0,0,0,0,0,0,0,0,0,0,0,0,0,0,4,0,40.129,-75.0252, , 
27123,290184,2015025236,6,67,67301,2015,2,7,1835,18,3,1,0,1,1,1,4,Y,0,0,0,3,0,0,5,3,N,N,40 01:34.733,75 01:36.234,1844,45,1836, ,0, ,N, ,0, ,N,N,N,N,Y,N,N,Y,3,3,0,0,0,0,0,0,0,0,0,0,0,0,0,0,0,0,0,0,0,0,0,0,0,0,0,0,0,0,0,0,0,0,0,0,0,40.0263,-75.0267, , 
27124,290209,2015052400,6,67,67301,2015,5,4,718,7,1,1,0,1,1, , ,N,0,0,0,3,0,0,2,2,N,N,39 53:59.744,75 09:36.895,726, ,725, ,0, ,N, ,0, , , , , , , , , ,2,2,0,0,0,0,0,0,0,0,0,0,0,0,0,0,0,0,0,0,0,0,0,0,0,0,0,0,0,0,0,0,0,0,0,0,0,39.8999,-75.1602, , 
27125,290211,2015056939,6,67,67301,2015,5,2,1611,16,1,1,0,1,1, , ,N,0,0,0,3,0,1,2,2,N,N,40 01:37.309,75 05:33.812,1623, ,1615, ,0, ,N, ,0, , , , , , , , , ,2,1,0,0,0,0,1,0,0,0,0,1,1,0,0,0,0,0,0,0,0,1,0,0,0,0,0,0,0,0,0,0,0,0,0,4,0,40.027,-75.0927, , 
27126,290213,2015003432,6,67,67301,2015,1,3,1032,10,1,4,1,1,1, , ,N,0,0,3,3,0,1,2,2,N,N,39 53:15.938,75 12:13.672,1032, ,1032,1,2,1,N, ,0,N, , , , , , , , ,2,1,0,0,0,0,0,0,0,0,0,0,1,1,1,0,0,0,0,0,0,0,0,0,0,0,0,0,0,0,0,0,0,0,0,8,0,39.8878,-75.2038, , 
27127,290231,2015021979,6,67,67301,2015,2,5,1233,12,1,1,0,4,1, , ,N,2,3,0,3,0,1,2,2,N, ,40 00:37.818,75 06:45.046,1238, ,1233,1,2,5, , ,3,Y, , , , , , , , ,2,1,0,0,1,0,0,0,0,0,1,0,1,0,0,0,0,0,0,0,0,0,0,0,0,0,0,0,0,0,0,0,0,0,0,3,0,40.0105,-75.1125, , 
27128,290244,2015036632,6,67,67301,2015,3,1,235,2,3,1,0,7,3, , ,N,0,0,0,3,0,0,1,1,N, ,40 04:08.564,75 02:23.692,250, ,242, ,0, ,N, ,0, , , , , , , , , ,1,1,0,0,0,0,0,0,0,0,0,0,0,0,0,0,0,0,0,0,0,0,0,0,0,0,0,0,0,0,0,0,0,0,0,0,0,40.069,-75.0399, , 
27129,290250,2015049135,6,67,67301,2015,4,5,745,7,1,1,0,4,1, , ,N,0,0,0,3,0,1,2,2,N,N,39 59:30.015,75 10:11.863,756, ,753, ,0, ,N, ,0, , , , , , , , , ,2,1,0,0,0,0,1,0,0,0,0,0,1,1,0,0,0,0,0,0,1,0,0,0,0,0,0,0,0,0,0,0,0,0,0,8,0,39.9917,-75.17, , 
27130,290264,2015009636,6,67,67301,2015,1,7,908,9,1,1,0,1,1, , ,N,0,0,0,3,0,1,2,2,N,N,40 00:55.067,75 07:49.383,911, ,909, ,0, , , ,0, , , , , , , , , ,2,1,0,0,0,0,1,0,0,0,0,1,1,0,0,0,0,0,0,0,1,0,0,0,0,0,0,0,0,0,0,0,0,0,0,4,0,40.0153,-75.1304, , 
27131,290307,2015048997,6,67,67301,2015,4,7,1835,18,1,1,0,4,1, , ,N,1,3,0,3,0,1,2,2,N,N,39 58:36.303,75 13:58.047,1918, ,1910, ,0, , , ,3, , , , , , , , , ,2,1,0,0,0,0,0,0,0,0,0,0,1,1,0,0,0,0,0,0,0,1,0,1,0,0,0,0,0,0,0,0,0,0,0,8,0,39.9768,-75.2328, , 
27132,290318,2015020885,6,67,67301,2015,1,4,2307,23,3,1,0,7,4, , ,N,0,0,0,3,0,0,1,1,N, ,40 06:52.980,74 59:14.074,2319, ,2313, ,0, , , ,0, , , , , , , , , ,1,1,0,0,0,0,0,0,0,0,0,0,0,0,0,0,0,0,0,0,0,0,0,0,0,0,0,0,0,0,0,0,0,0,0,0,0,40.1147,-74.9872, , 
27133,290320,2015021392,6,67,67301,2015,1,3,2340,23,3,1,0,5,1, , ,N,1,2,0,3,0,0,2,2,N, ,39 57:23.708,75 09:08.591,2345, ,2345, ,0, , , ,3, , , , , , , , , ,2,2,0,0,0,0,0,0,0,0,0,0,0,0,0,0,0,0,0,0,1,0,0,0,0,0,0,0,0,0,0,0,0,0,0,0,0,39.9566,-75.1524, , 
27134,294170,2015062730,6,67,67301,2015,5,5,225,2,3,1,0,4,1, , ,N,1,2,0,3,0,3,3,2,N, ,40 00:16.318,75 07:55.437,225, ,225, ,0, , , ,3, , , , , , , , , ,2,1,1,0,0,0,0,0,0,0,1,2,3,0,0,0,0,0,0,0,0,0,0,0,0,0,0,0,0,0,0,0,0,0,0,3,0,40.0045,-75.1321, , 
27135,294209,2015046882,6,67,67301,2015,4,4,915,9,1,1,0,4,1, , ,N,1,3,0,3,0,0,4,2,N,N,40 00:05.127,75 09:05.620,917, ,915, ,0, ,N, ,1, , , , , , , , , ,2,1,0,0,1,0,0,0,0,0,0,0,0,0,0,0,0,0,0,0,0,1,0,0,0,0,0,0,0,0,0,0,0,0,0,0,0,40.0014,-75.1516, , 
27136,294214,2015054381,6,67,67301,2015,5,2,2052,20,3,1,0,4,1, , ,N,1,2,1,3,0,2,3,2,N,N,39 55:44.943,75 11:13.894,2100, ,2058,3,1,1,N, ,3,N, , , , , , , , ,2,1,0,0,1,0,0,0,0,0,0,0,2,2,0,0,0,0,0,0,0,0,0,0,0,0,0,0,0,0,0,0,0,0,0,8,0,39.9292,-75.1872, , 
27137,294223,2015012330,6,67,67301,2015,1,2,1630,16,3,1,0,1,1, , ,N,0,0,0,3,0,0,3,3,N,N,39 55:56.758,75 08:37.872,1645, ,1639, ,0, ,N, ,0, , , , , , , , , ,3,2,0,0,0,0,1,0,0,0,0,0,0,0,0,0,0,0,0,0,1,1,0,0,0,0,0,0,0,0,0,0,0,0,0,0,0,39.9324,-75.1439, , 
27138,294229,2015020808,6,67,67301,2015,1,6,1608,16,1,1,0,1,6, , ,N,0,0,0,3,0,2,7,4,Y,N,40 02:52.499,75 09:03.461,1613, ,1610,9,1,2,N, ,0,N, , , , , , , , ,4,2,0,1,0,0,0,1,0,0,0,2,2,0,0,0,0,0,0,0,0,0,0,0,0,0,0,0,0,0,0,0,0,0,0,4,1,40.0479,-75.151, , 
27139,294241,2015031601,6,67,67301,2015,3,2,1515,15,1,1,0,1,1, , ,N,0,0,0,3,0,0,4,3,N,N,40 00:28.267,75 04:17.569,1523, ,1520,1,1,1,N, ,0,N, , , , , , , , ,3,1,0,0,0,0,1,1,0,0,0,0,0,0,0,0,0,0,0,0,1,0,0,1,0,0,0,0,0,0,0,0,0,0,0,0,0,40.0079,-75.0715, , 
27140,294326,2015020839,6,67,67301,2015,2,2,9999,99,1,2,1,2,6, , ,N,0,0,0,3,0,0,1,2,N,N,40 00:00.591,75 08:30.260,1325, ,1324, ,0, ,N, ,0, , , , , , , , , ,2,2,0,0,0,0,0,0,0,0,0,0,0,0,0,0,0,0,0,0,0,0,0,0,0,0,0,0,0,0,0,0,0,0,0,0,0,40.0002,-75.1417, , 
27141,294328,2015021885,6,67,67301,2015,2,5,735,7,1,1,0,4,1, , ,N,1,2,0,3,0,1,2,2,N,N,40 01:07.679,75 06:55.176,1110, ,1054, ,0, , , ,3, , , , , , , , , ,2,1,0,0,0,0,1,0,0,0,0,0,1,1,0,0,0,0,0,0,0,0,0,0,0,0,0,0,0,0,0,0,0,0,0,8,0,40.0187,-75.1152, , 
27142,294348,2015038613,6,67,67301,2015,3,5,1521,15,1,1,0,4,1, , ,N,5,2,0,3,0,1,2,2,N, ,40 03:59.676,75 03:04.085,1555, ,1545, ,0, , , ,3, , , , , , , , , ,2,1,0,0,0,0,1,0,0,0,1,0,1,0,0,0,0,0,0,0,0,1,1,0,0,0,0,0,0,0,0,0,0,0,0,3,0,40.0666,-75.0511, , 
27143,294349,2015038673,6,67,67301,2015,3,6,740,7,1,4,1,8,1, , ,N,0,0,0,3,0,1,2,2,N, ,39 57:03.968,75 09:13.077,748, ,746,9,1,3, , ,0,N, , , , , , , , ,1,0,0,0,0,0,1,0,0,0,0,1,1,0,0,0,0,0,0,0,0,0,0,0,0,0,0,0,0,0,0,0,1,0,0,4,0,39.9511,-75.1536, , 
27144,294354,2015042716,6,67,67301,2015,3,2,2352,23,3,1,0,1,6, , ,N,0,0,0,3,0,0,1,2,N, ,39 56:42.021,75 14:33.470,3, ,2358,3,1,3, , ,0,N, , , , , , , , ,2,1,0,0,0,1,0,0,0,0,0,0,0,0,1,0,0,0,0,0,0,0,0,0,0,0,0,0,0,0,0,0,0,0,0,9,1,39.945,-75.2426, , 
27145,294378,2015012151,6,67,67301,2015,1,6,2018,20,3,1,0,7,4,1,4,Y,0,0,0,3,0,2,4,1,N,N,39 58:20.036,75 07:21.137,2028,45,2025,2,2,2,N, ,0,N,N,N,N,N,Y,Y,N,Y,1,1,0,0,0,0,0,0,0,0,0,2,2,0,0,0,0,1,0,0,0,0,0,0,0,0,0,0,0,0,0,0,0,0,0,4,0,39.9722,-75.1225, , 
27146,294405,2015040954,6,67,67301,2015,3,1,1732,17,1,1,0,1,1, , ,N,0,0,0,3,0,1,4,2,N,N,39 59:50.123,75 07:10.747,1740, ,1733,2,1,4,N, ,0,N, , , , , , , , ,2,0,0,0,1,0,1,0,0,0,0,1,1,0,0,0,0,0,0,0,1,0,0,3,0,0,0,0,0,0,0,0,0,0,0,4,0,39.9973,-75.1197, , 
27147,294443,2015036675,6,67,67301,2015,3,2,1038,10,1,1,0,1,1, , ,N,1,0,0,3,0,2,4,2,N,N,39 57:26.251,75 14:52.347,1113, ,1113,1,1,1,N, ,0,N, , , , , , , , ,2,1,0,0,0,0,1,0,0,0,0,2,2,0,0,0,0,0,0,0,1,0,0,0,0,0,0,0,0,0,0,0,0,0,0,4,0,39.9573,-75.2479, , 
27148,294472,2015025120,6,67,67301,2015,2,4,805,8,1,1,0,8,1, , ,N,0,0,0,3,0,1,2,2,N, ,40 01:39.152,75 11:32.672,812, ,753,2,2,1, , ,0,Y, , , , , , , , ,1,1,0,0,0,0,0,0,0,0,0,1,1,0,0,0,0,0,0,0,1,0,0,0,0,0,0,0,0,0,0,0,1,0,0,4,0,40.0275,-75.1924, , 
27149,294477,2015028839,6,67,67301,2015,2,7,1019,10,1,1,0,8,6, , ,N,0,0,0,3,0,1,2,2,N, ,39 57:02.273,75 09:43.582,1020, ,1019, ,0, , , ,0, , , , , , , , , ,1,0,0,0,0,0,1,0,0,0,0,0,1,1,0,0,0,0,0,0,0,0,0,0,0,0,0,0,0,0,0,0,1,0,0,8,0,39.9506,-75.1621, , 
27150,294485,2015034172,6,67,67301,2015,3,3,1836,18,4,2,1,1,1, , ,N,1,2,0,3,0,1,2,2,N,N,39 56:44.984,75 10:59.210,1935, ,1933, ,0, ,N, ,3, , , , , , , , , ,2,1,0,1,0,0,0,0,0,0,0,1,1,0,0,0,0,0,0,0,0,0,0,0,0,0,0,0,0,0,0,0,0,0,0,4,1,39.9458,-75.1831, , 
27151,294514,2015015588,6,67,67301,2015,1,1,219,2,3,1,0,4,1, , ,N,1,2,0,3,0,3,4,4,N, ,40 02:09.918,75 11:38.294,223, ,219,2,2,5, , ,3,Y, , , , , , , , ,4,3,0,0,0,0,1,0,0,0,1,0,3,2,1,0,0,0,0,1,0,0,0,0,0,0,0,0,0,0,0,0,0,0,0,3,0,40.0361,-75.194, , 
27152,296717,2015054801,6,67,67301,2015,5,6,1533,15,1,1,0,1,1, , ,N,0,8,0,3,0,2,3,2,N,N,39 56:02.167,75 08:42.013,1539, ,1533, ,0, ,N, ,3, , , , , , , , , ,2,1,0,0,1,0,0,0,0,0,0,2,2,0,0,0,0,0,0,0,0,1,0,0,0,0,0,0,0,0,0,0,0,0,0,4,0,39.9339,-75.145, , 
27153,296756,2015040941,6,67,67301,2015,3,4,1240,12,1,2,1,4,1, , ,N,1,2,0,3,0,2,3,3,N,N,40 00:51.570,75 10:41.163,1248, ,1243, ,0, ,N, ,3, , , , , , , , , ,3,1,0,0,0,0,1,1,0,0,0,0,2,2,0,0,0,0,0,0,0,0,0,0,0,0,0,0,0,0,0,0,0,0,0,8,0,40.0143,-75.1781, , 
27154,296763,2015045554,6,67,67301,2015,4,7,1250,12,1,1,0,1,1,1,4,Y,0,0,0,3,0,1,5,3,N,N,39 58:54.851,75 06:05.509,1258,45,1253,1,1,2,N, ,0,N,N,N,N,N,N,N,N,Y,3,2,0,0,0,0,0,1,0,0,0,0,1,1,0,0,0,0,0,0,1,0,0,0,0,0,0,0,0,0,0,0,0,0,0,8,0,39.9819,-75.1015, , 
27155,296796,2015036576,6,67,67301,2015,3,1,15,0,3,1,1,4,1, , ,N,1,2,0,3,0,0,2,2,N, ,39 54:19.871,75 10:26.843,28, ,27, ,0, , , ,3, , , , , , , , , ,2,1,0,0,0,0,1,0,0,0,0,0,0,0,0,0,0,0,0,0,1,0,0,0,0,0,0,0,0,0,0,0,0,0,0,0,0,39.9055,-75.1741, , 
27156,296801,2015049037,6,67,67301,2015,4,4,1230,12,1,1,0,1,1, , ,N,0,2,7,3,0,1,2,2,N, ,40 00:28.007,75 12:45.304,1315, ,1314, ,0, , , ,3, , , , , , , , , ,2,1,0,0,0,1,0,0,0,0,0,0,1,1,0,0,0,0,0,0,2,0,0,0,0,0,0,0,0,0,0,0,0,0,0,8,1,40.0077,-75.2125, , 
27157,296853,2015047547,6,67,67301,2015,4,3,1521,15,1,1,0,8,1, , ,N,0,0,0,3,0,1,2,2,N,N,39 56:23.211,75 12:37.659,1526, ,1523, ,0, , , ,0, , , , , , , , , ,1,1,0,0,0,0,0,0,0,0,0,0,1,1,0,0,0,0,1,0,0,0,0,1,0,0,0,0,0,0,0,0,1,0,0,8,0,39.9398,-75.2105, , 
27158,296870,2015006140,6,67,67301,2015,1,3,935,9,1,4,5,7,4, , ,N,0,0,0,3,0,1,1,1,N,N,39 58:14.884,75 07:19.777,1044, ,1041, ,0, ,N, ,0, , , , , , , , , ,1,1,0,0,0,0,0,0,0,0,0,0,1,1,0,0,1,0,0,0,0,0,0,0,0,0,0,0,0,0,0,0,0,0,0,8,0,39.9708,-75.1222, , 
27159,296890,2015027343,6,67,67301,2015,3,1,148,1,3,1,0,7,3, , ,N,0,0,0,3,0,0,1,1,N,N,39 58:02.159,75 11:18.498,155, ,150,1,2,4,N, ,0,N, , , , , , , , ,1,1,0,0,0,0,0,0,0,0,0,0,0,0,0,0,0,0,0,0,0,0,0,0,0,0,0,0,0,0,0,0,0,0,0,0,0,39.9673,-75.1885, , 
27160,296901,2015045373,6,67,67301,2015,4,5,1725,17,1,1,0,5,1, , ,N,0,0,0,3,0,0,2,2,N, ,40 01:08.997,75 11:29.421,1755, ,1725,1,1,2, , ,0,N, , , , , , , , ,2,2,0,0,0,0,0,0,0,0,0,0,0,0,0,0,0,0,0,0,0,1,0,0,0,0,0,0,0,0,0,0,0,0,0,0,0,40.0192,-75.1915, , 
27161,296945,2015047564,6,67,67301,2015,4,3,1700,17,6,9,8,8,1, , ,N,1,2,0,3,0,1,2,2,N,N,39 57:51.613,75 14:03.292,1914, ,1913, ,0, ,N, ,3, , , , , , , , , ,1,0,0,0,0,0,0,0,0,0,0,0,1,1,1,0,0,0,0,0,0,0,0,0,0,0,0,0,0,0,0,0,1,0,0,8,0,39.9643,-75.2342, , 
27162,296947,2015048349,6,67,67301,2015,4,2,1731,17,1,1,0,4,1, , ,N,1,3,0,3,0,1,2,2,N, ,40 01:47.834,75 07:44.342,1750, ,1731, ,0, , , ,3, , , , , , , , , ,1,0,0,0,0,0,0,1,1,0,0,1,1,0,0,0,0,0,0,0,1,0,0,0,0,0,0,0,0,0,0,0,0,0,0,4,0,40.03,-75.129, , 
27163,296961,2015056530,6,67,67301,2015,5,2,1330,13,1,1,0,4,1, , ,N,1,3,0,3,0,1,3,2,N, ,39 58:52.093,75 09:53.035,1357, ,1356, ,0, , , ,3, , , , , , , , , ,2,2,0,0,0,0,0,0,0,0,0,1,1,0,0,0,0,0,0,0,0,0,0,0,0,0,0,0,0,0,0,0,0,0,0,4,0,39.9811,-75.1647, , 
27164,296969,2015054798,6,67,67301,2015,5,5,2058,20,3,1,0,1,1,1,4,Y,0,0,0,3,0,3,4,3,N,N,39 58:27.042,75 07:06.936,2147,45,2119,2,2,1,N, ,0,N,Y,N,N,N,N,Y,N,Y,3,0,0,0,0,0,2,1,0,0,0,3,3,0,0,0,0,0,0,0,2,0,0,0,0,0,0,0,0,0,0,0,0,0,0,4,0,39.9742,-75.1186, , 
27165,296976,2015063835,6,67,67301,2015,5,3,1500,15,1,1,0,4,1, , ,N,1,3,0,3,0,1,2,2,N,N,39 59:07.198,75 14:05.035,1551, ,1547, ,0, ,N, ,3, , , , , , , , , ,2,2,0,0,0,0,0,0,0,0,0,0,1,1,0,0,0,0,0,0,2,0,0,0,0,0,0,0,0,0,0,0,0,0,0,8,0,39.9853,-75.2347, , 
27166,296985,2015068946,6,67,67301,2015,6,4,1652,16,1,1,0,1,1, , ,N,0,0,0,3,0,3,7,3,N,N,39 56:41.838,75 11:27.462,1718, ,1657, ,0, ,N, ,0, , , , , , , , , ,3,0,0,0,0,0,3,0,0,0,0,0,3,3,0,0,0,0,0,0,1,0,0,0,0,0,0,0,0,0,0,0,0,0,0,8,0,39.945,-75.191, , 
27167,296988,2015070174,6,67,67301,2015,6,5,2151,21,3,1,0,1,6, , ,N,0,0,0,3,0,1,1,2,N,N,39 54:52.843,75 10:18.186,2203, ,2158,9,1,1,N, ,0,N, , , , , , , , ,2,1,0,1,0,0,0,0,0,0,0,0,1,1,0,0,0,0,0,0,0,0,0,0,0,0,0,0,0,0,0,0,0,0,0,8,1,39.9147,-75.1717, , 
27168,297009,2015093016,6,67,67301,2015,8,6,45,0,3,1,0,1,1, , ,N,0,2,0,3,0,1,2,2,N,N,39 55:35.864,75 10:03.419,129, ,121, ,0, , , ,3, , , , , , , , , ,2,2,0,0,0,0,0,0,0,0,0,1,1,0,0,0,0,0,0,0,0,0,0,0,0,0,0,0,0,0,0,0,0,0,0,4,0,39.9266,-75.1676, , 
27169,297033,2015070251,6,67,67301,2015,6,4,2330,23,3,1,0,1,1, , ,N,0,2,2,3,0,0,4,3,N,N,39 56:57.641,75 11:04.595,2333, ,2330,1,1,4,N, ,3,N, , , , , , , , ,3,2,0,0,0,0,1,0,0,0,0,0,0,0,0,0,1,0,0,0,1,0,0,0,0,0,0,0,0,0,0,0,0,0,0,0,0,39.9493,-75.1846, , 
27170,286592,2015053968,6,67,67301,2015,5,5,1400,14,1,1,0,1,1, , ,N,0,0,0,3,0,2,5,3,N,N,40 00:47.717,75 04:12.258,1402, ,1400,1,1,1,N, ,0,Y, , , , , , , , ,3,1,0,0,1,0,0,1,0,0,0,2,2,0,0,0,0,0,0,0,0,0,0,5,0,0,0,0,0,0,0,0,0,0,0,4,0,40.0133,-75.0701, , 
27171,286609,2015021380,6,67,67301,2015,1,5,1935,19,2,1,0,5,1, , ,N,0,0,6,3,0,0,2,2,N,N,40 01:43.503,75 05:26.130,1947, ,1939,1,1,2,N, ,0,N, , , , , , , , ,2,0,0,0,0,0,1,1,0,0,0,0,0,0,0,0,0,0,0,0,0,0,0,0,0,0,0,0,0,0,0,0,0,0,0,0,0,40.0288,-75.0906, , 
27172,286610,2015022570,6,67,67301,2015,2,6,1507,15,1,1,0,0,1, , ,N,0,0,0,3,0,1,1,1,N,N,40 00:53.815,75 03:16.535,1525, ,1511,2,1,2,N, ,0,N, , , , , , , , ,1,0,0,0,1,0,0,0,0,0,0,1,1,0,0,0,0,0,0,0,1,0,0,0,0,0,0,0,0,0,0,0,0,0,0,4,0,40.0149,-75.0546, , 
27173,286623,2015033325,6,67,67301,2015,1,1,600,6,3,8,5,5,1, , ,N,0,0,0,3,0,0,2,2,N,N,39 57:36.781,75 10:50.191,930, ,930, ,0, ,N, ,0, , , , , , , , , ,2,1,0,0,1,0,0,0,0,0,0,0,0,0,0,0,0,0,0,0,1,0,0,0,0,0,0,0,0,0,0,0,0,0,0,0,0,39.9602,-75.1806, , 
27174,286625,2015034410,6,67,67301,2015,3,4,1210,12,1,1,0,7,4, , ,N,0,0,0,3,0,1,1,1,N,N,39 58:57.327,75 12:27.909,1231, ,1210, ,0, ,N, ,0, , , , , , , , , ,1,1,0,0,0,0,0,0,0,0,1,0,1,0,0,0,0,0,0,0,0,1,0,0,0,0,0,0,0,0,0,0,0,0,0,3,0,39.9826,-75.2078, , 
27175,286632,2015040883,6,67,67301,2015,3,5,1842,18,1,1,0,3,1, , ,N,1,3,0,3,0,1,3,2,N, ,39 56:50.773,75 13:13.519,1853, ,1844, ,0, , , ,3, , , , , , , , , ,2,2,0,0,0,0,0,0,0,0,0,0,1,1,0,0,0,0,0,0,0,0,0,0,0,0,0,0,0,0,0,0,0,0,0,8,0,39.9474,-75.2204, , 
27176,286645,2015061732,6,67,67301,2015,5,3,9999,99,1,1,0,7,4, , ,N,10,3,0,3,0,1,1,1,N,N,40 03:51.354,75 04:52.442,1634, ,1625, ,0, , , ,3, , , , , , , , , ,1,1,0,0,0,0,0,0,0,0,0,1,1,0,0,0,0,0,0,0,1,0,0,0,0,0,0,0,0,0,0,0,0,0,0,4,0,40.0643,-75.0812, , 
27177,286665,2015029992,6,67,67301,2015,2,4,13,0,3,1,0,5,1, , ,N,0,0,0,3,0,1,2,4,N,N,39 57:14.485,75 11:21.418,17, ,13,2,2,3,N, ,0,Y, , , , , , , , ,4,4,0,0,0,0,0,0,0,0,0,0,1,1,0,0,0,0,0,0,0,0,0,0,0,0,0,0,0,0,0,0,0,0,0,8,0,39.954,-75.1893, , 
27178,286670,2015036088,6,67,67301,2015,3,3,2146,21,3,1,0,4,1, , ,N,1,2,0,3,0,2,2,2,N,N,39 59:17.883,75 15:14.303,2146, ,2146,1,1,2,N, ,3,N, , , , , , , , ,2,1,0,0,0,0,1,0,0,0,0,2,2,0,0,0,0,0,0,0,0,0,0,0,0,0,0,0,0,0,0,0,0,0,0,4,0,39.9883,-75.254, , 