objectid_1,objectid,crn,district,county,municipality,crash_year,crash_month,day_of_week,time_of_day,hour_of_day,illumination,weather,road_condition,collision_type,relation_to_road,work_zone_type,work_zone_loc,work_zone_ind,intersect_type,tcd_type,location_type,urban_rural,fatal_count,injury_count,person_count,total_units,sch_bus_ind,sch_zone_ind,latitude,longitude,arrival_tm,cons_zone_spd_lim,dispatch_tm,est_hrs_closed,lane_closed,ln_close_dir,ntfy_hiwy_maint,spec_juris_cd,tcd_func_cd,tfc_detour_ind,workers_pres,wz_close_detour,wz_flagger,wz_law_offcr_ind,wz_ln_closure,wz_moving,wz_other,wz_shlder_mdn,vehicle_count,automobile_count,motorcycle_count,bus_count,small_truck_count,heavy_truck_count,suv_count,van_count,bicycle_count,maj_inj_count,mod_inj_count,min_inj_count,tot_inj_count,unk_inj_deg_count,unk_inj_per_count,driver_count_16yr,driver_count_17yr,driver_count_18yr,driver_count_19yr,driver_count_20yr,driver_count_50_64yr,driver_count_65_74yr,driver_count_75plus,unbelted_occ_count,unb_death_count,unb_maj_inj_count,belted_death_count,belted_maj_inj_count,mcycle_death_count,mcycle_maj_inj_count,bicycle_death_count,bicycle_maj_inj_count,ped_count,ped_death_count,ped_maj_inj_count,max_severity_level,comm_veh_count,dec_lat,dec_long,rdwy_surf_type_cd,county_name
27247,286901,2015020846,6,67,67301,2015,1,5,1229,12,1,1,1,1,1, , ,N,1,2,0,3,0,0,3,3,N,N,39 57:42.847,75 08:28.208,1246, ,1240, ,0, , , ,3, , , , , , , , , ,3,1,0,0,1,1,0,0,0,0,0,0,0,0,0,0,0,0,0,0,1,0,0,0,0,0,0,0,0,0,0,0,0,0,0,0,1,39.9619,-75.1412, , 
27248,286924,2015056514,6,67,67301,2015,5,5,620,6,1,1,0,5,6, , ,N,0,0,0,3,0,1,1,3,N, ,39 58:53.166,75 07:02.552,638, ,635, ,0, , , ,0, , , , , , , , , ,3,2,0,0,0,0,0,1,0,0,0,0,1,1,0,0,0,0,0,0,0,0,0,0,0,0,0,0,0,0,0,0,0,0,0,8,0,39.9814,-75.1174, , 
27249,286925,2015056561,6,67,67301,2015,5,3,1649,16,1,1,0,4,1, , ,N,1,3,0,3,0,1,2,2,N,N,39 57:51.811,75 09:57.437,1654, ,1651,1,2,2,N, ,3,Y, , , , , , , , ,2,1,0,0,0,0,1,0,0,0,0,1,1,0,0,0,0,0,0,0,0,0,0,0,0,0,0,0,0,0,0,0,0,0,0,4,0,39.9644,-75.166, , 
27250,286945,2015012369,6,67,67301,2015,1,4,1652,16,2,1,0,4,1, , ,N,1,3,0,3,0,0,2,2,N, ,40 04:29.035,74 59:21.321,1654, ,1654, ,0, , , ,3, , , , , , , , , ,2,1,0,0,0,0,1,0,0,0,0,0,0,0,0,0,0,0,0,0,1,0,0,0,0,0,0,0,0,0,0,0,0,0,0,0,0,40.0747,-74.9893, , 
27251,286949,2015017925,6,67,67301,2015,1,7,41,0,3,4,3,5,6, , ,N,0,0,0,3,0,0,1,2,N, ,39 57:48.499,75 12:59.040,44, ,44, ,0, , , ,0, , , , , , , , , ,2,0,0,0,1,0,0,1,0,0,0,0,0,0,0,0,0,0,0,0,1,0,0,0,0,0,0,0,0,0,0,0,0,0,0,0,0,39.9635,-75.2164, , 
27252,286950,2015020689,6,67,67301,2015,1,6,930,9,1,1,0,1,1, , ,N,1,2,0,3,0,2,5,3,N,N,39 56:23.459,75 12:41.033,1150, ,1146, ,0, ,N, ,3, , , , , , , , , ,3,2,0,1,0,0,0,0,0,0,0,0,2,2,0,0,0,0,0,0,1,0,0,0,0,0,0,0,0,0,0,0,0,0,0,8,1,39.9398,-75.2114, , 
27253,286951,2015020701,6,67,67301,2015,1,7,1102,11,1,1,0,4,1, , ,N,1,3,0,3,0,0,2,2,N,N,39 56:57.256,75 13:01.207,1105, ,1102, ,0, ,N, ,3, , , , , , , , , ,2,1,0,0,0,0,1,0,0,0,0,0,0,0,0,0,0,0,0,0,0,0,0,0,0,0,0,0,0,0,0,0,0,0,0,0,0,39.9492,-75.217, , 
27254,286952,2015021955,6,67,67301,2015,1,6,1445,14,1,1,0,4,1, , ,N,1,2,0,3,0,2,2,2,N,N,40 05:57.235,74 59:43.576,1452, ,1448,1,1,6,N, ,3,N, , , , , , , , ,2,1,0,0,0,0,1,0,0,0,0,0,2,2,0,0,0,0,0,0,1,0,0,0,0,0,0,0,0,0,0,0,0,0,0,8,0,40.0992,-74.9954, , 
27255,286972,2015040927,6,67,67301,2015,3,4,523,5,3,1,0,6,1, , ,N,0,0,0,3,0,0,2,2,N,N,39 55:42.815,75 14:09.288,530, ,525, ,0, ,N, ,0, , , , , , , , , ,2,2,0,0,0,0,0,0,0,0,0,0,0,0,0,0,0,0,0,0,2,0,0,0,0,0,0,0,0,0,0,0,0,0,0,0,0,39.9286,-75.2359, , 
27256,287007,2015036697,6,67,67301,2015,3,5,725,7,1,1,0,4,1, , ,N,1,0,0,3,0,0,2,2,N, ,39 57:32.806,75 09:29.825,732, ,730, ,0, , , ,0, , , , , , , , , ,2,0,0,0,0,0,2,0,0,0,0,0,0,0,1,0,0,0,0,0,1,0,0,0,0,0,0,0,0,0,0,0,0,0,0,9,0,39.9591,-75.1583, , 
27257,287012,2015040944,6,67,67301,2015,3,5,400,4,3,1,0,1,6, , ,N,0,0,0,3,0,0,1,3,N,N,39 57:20.270,75 12:53.034,430, ,420, ,0, ,N, ,0, , , , , , , , , ,3,1,0,0,0,0,2,0,0,0,0,0,0,0,0,0,0,0,0,0,0,0,0,0,0,0,0,0,0,0,0,0,0,0,0,0,0,39.9556,-75.2147, , 
27258,287024,2015049084,6,67,67301,2015,4,4,28,0,3,1,0,8,1, , ,N,2,0,0,3,0,1,2,2,N,N,39 57:48.157,75 12:58.705,32, ,31, ,0, , , ,0, , , , , , , , , ,1,1,0,0,0,0,0,0,0,0,1,0,1,0,0,0,0,0,0,0,0,0,0,0,0,0,0,0,0,0,0,0,1,0,0,3,0,39.9634,-75.2163, , 
27259,287043,2015025117,6,67,67301,2015,2,2,1615,16,1,1,0,8,1, , ,N,0,0,0,3,0,1,2,2,N,N,40 02:50.648,75 03:33.571,1640, ,1633, ,0, ,N, ,0, , , , , , , , , ,1,1,0,0,0,0,0,0,0,0,0,0,1,1,0,0,0,0,0,0,0,0,0,0,0,0,0,0,0,0,0,0,1,0,0,8,0,40.0474,-75.0593, , 
27260,287044,2015026461,6,67,67301,2015,2,5,515,5,3,1,0,7,5, , ,N,0,0,0,3,0,0,1,1,N,N,39 56:55.506,75 11:08.635,521, ,517,1,1,3,N, ,0,N, , , , , , , , ,1,1,0,0,0,0,0,0,0,0,0,0,0,0,0,0,0,0,0,0,0,0,0,0,0,0,0,0,0,0,0,0,0,0,0,0,0,39.9488,-75.1857, , 
27261,287062,2015047619,6,67,67301,2015,4,2,1310,13,1,1,0,1,1, , ,N,0,0,0,3,0,1,5,3,N,N,40 01:05.340,75 03:50.811,1315, ,1315, ,0, ,N, ,0, , , , , , , , , ,3,3,0,0,0,0,0,0,0,0,0,1,1,0,1,0,0,0,0,0,0,0,1,0,0,0,0,0,0,0,0,0,0,0,0,4,0,40.0182,-75.0641, , 
27262,290538,2015045389,6,67,67301,2015,4,4,1900,19,1,2,1,6,6, , ,N,0,0,0,3,0,0,1,3,N,N,39 56:30.652,75 12:58.320,1905, ,1903, ,0, ,N, ,0, , , , , , , , , ,3,2,0,0,0,0,1,0,0,0,0,0,0,0,0,0,0,0,0,0,0,0,0,0,0,0,0,0,0,0,0,0,0,0,0,0,0,39.9418,-75.2162, , 
27263,290540,2015047545,6,67,67301,2015,4,6,915,9,1,1,1,4,1, , ,N,1,3,0,3,0,1,2,2,N,Y,40 01:41.282,75 08:20.914,1755, ,1755, ,0, , , ,3, , , , , , , , , ,2,1,0,0,0,0,1,0,0,0,0,1,1,0,1,0,0,0,0,0,1,0,0,0,0,0,0,0,0,0,0,0,0,0,0,4,0,40.0281,-75.1391, , 
27264,290542,2015049138,6,67,67301,2015,4,7,1845,18,1,1,0,7,4, , ,N,0,0,0,3,0,1,1,1,N,N,40 05:35.570,75 02:56.824,1903, ,1901, ,0, ,N, ,0, , , , , , , , , ,1,1,0,0,0,0,0,0,0,0,1,0,1,0,0,0,0,0,0,0,0,0,0,0,0,0,0,0,0,0,0,0,0,0,0,3,0,40.0932,-75.0491, , 
27265,290587,2015040938,6,67,67301,2015,3,6,952,9,1,2,1,4,1, , ,N,0,0,0,3,0,1,3,2,N, ,39 57:34.104,75 13:59.482,956, ,952, ,0, , , ,0, , , , , , , , , ,2,2,0,0,0,0,0,0,0,0,0,0,1,1,0,0,0,0,0,0,1,0,0,0,0,0,0,0,0,0,0,0,0,0,0,8,0,39.9595,-75.2332, , 
27266,290591,2015042703,6,67,67301,2015,4,7,1635,16,1,1,0,1,1, , ,N,6,4,2,3,0,0,5,2,N,N,40 00:47.390,75 10:49.073,1655, ,1645,1,1,2,N, ,3,N, , , , , , , , ,2,1,0,0,0,0,1,0,0,0,0,0,0,0,0,0,0,0,1,0,0,0,0,0,0,0,0,0,0,0,0,0,0,0,0,0,0,40.0137,-75.1796, , 
27267,290606,2015018964,6,67,67301,2015,1,5,1145,11,1,2,1,1,1, , ,N,0,0,0,3,0,1,2,2,N,N,39 56:01.940,75 10:03.221,1210, ,1205,1,1,1,N, ,0,N, , , , , , , , ,2,2,0,0,0,0,0,0,0,0,0,1,1,0,0,0,0,0,0,0,0,0,0,0,0,0,0,0,0,0,0,0,0,0,0,4,0,39.9339,-75.1676, , 
27268,290631,2015056525,6,67,67301,2015,5,4,930,9,1,1,0,1,1, , ,N,1,2,0,3,0,1,3,2,N, ,39 57:01.915,75 08:56.073,1129, ,1129,9,1,1, , ,3,N, , , , , , , , ,2,0,0,1,0,0,1,0,0,0,0,1,1,0,0,0,0,0,0,0,1,0,0,1,0,0,0,0,0,0,0,0,0,0,0,4,1,39.9505,-75.1489, , 
27269,290635,2015061932,6,67,67301,2015,5,2,2220,22,3,1,0,4,1, , ,N,1,2,0,3,0,1,2,2,N,N,39 54:59.773,75 10:09.214,210, ,17, ,0, , , ,3, , , , , , , , , ,1,0,0,0,0,0,1,0,1,0,1,0,1,0,0,0,0,0,0,0,0,0,0,0,0,0,0,0,0,0,0,0,0,0,0,3,0,39.9165,-75.1693, , 
27270,290637,2015066186,6,67,67301,2015,6,3,1928,19,1,2,1,4,1, , ,N,1,3,0,3,0,1,3,3,N,N,39 57:35.719,75 14:35.725,1935, ,1930, ,0, ,N, ,3, , , , , , , , , ,3,3,0,0,0,0,0,0,0,0,0,1,1,0,0,0,0,0,0,0,0,0,0,0,0,0,0,0,0,0,0,0,0,0,0,4,0,39.9599,-75.2433, , 
27271,290699,2015017548,6,67,67301,2015,2,6,1000,10,1,1,0,1,1, , ,N,0,0,0,3,0,0,3,3,N,N,40 01:20.709,75 02:13.972,1019, ,1000,2,1,1,Y, ,0,N, , , , , , , , ,3,1,0,0,0,0,1,1,0,0,0,0,0,0,0,0,0,0,0,0,0,0,0,0,0,0,0,0,0,0,0,0,0,0,0,0,0,40.0224,-75.0372, , 
27272,290711,2015031505,6,67,67301,2015,2,6,650,6,1,4,3,4,1, , ,N,1,3,0,3,0,1,2,2,N,N,40 03:31.163,75 11:10.557,710, ,700, ,0, ,N, ,3, , , , , , , , , ,2,1,0,0,0,0,1,0,0,0,0,1,1,0,0,0,1,0,0,0,0,0,0,0,0,0,0,0,0,0,0,0,0,0,0,4,0,40.0587,-75.1863, , 
27273,290717,2015036708,6,67,67301,2015,3,2,1920,19,3,1,0,1,1, , ,N,2,0,7,3,0,1,5,2,N, ,40 03:27.887,75 02:29.677,1935, ,1930,9,1,3, , ,0,N, , , , , , , , ,2,1,0,0,0,0,1,0,0,0,0,0,1,1,1,0,0,0,0,0,0,0,0,0,0,0,0,0,0,0,0,0,0,0,0,8,0,40.0578,-75.0417, , 
27274,290722,2015043230,6,67,67301,2015,4,6,138,1,6,9,0,4,1, , ,N,1,3,0,3,0,2,3,2,N, ,40 03:08.206,75 09:05.993,1815, ,1813, ,0, , , ,3, , , , , , , , , ,2,0,0,0,0,0,2,0,0,0,1,0,2,1,1,0,0,0,0,0,0,0,0,0,0,0,0,0,0,0,0,0,0,0,0,3,0,40.0523,-75.1516, , 
27275,290732,2015051620,6,67,67301,2015,4,7,1739,17,1,1,0,5,1, , ,N,0,0,0,3,0,1,2,2,N,N,39 56:01.574,75 11:59.800,1746, ,1742, ,0, ,N, ,0, , , , , , , , , ,2,1,1,0,0,0,0,0,0,0,0,0,1,1,0,0,0,0,0,0,0,0,0,0,0,0,0,0,0,0,0,0,0,0,0,8,0,39.9338,-75.1999, , 
27276,290737,2015053942,6,67,67301,2015,5,6,2250,22,3,1,0,7,4, , ,N,5,2,8,3,0,1,1,3,N,N,39 57:11.151,75 10:54.540,2325, ,2320,9,1,1, , ,3,N, , , , , , , , ,3,2,0,0,0,0,1,0,0,0,1,0,1,0,0,0,0,0,0,0,0,0,0,0,0,0,0,0,0,0,0,0,0,0,0,3,0,39.9531,-75.1819, , 
27277,290753,2015020735,6,67,67301,2015,1,2,942,9,1,4,1,5,1, , ,N,1,2,0,3,0,1,3,4,N,Y,40 02:14.279,75 04:24.816,955, ,945, ,0, ,N, ,3, , , , , , , , , ,4,3,0,0,0,0,1,0,0,0,0,0,1,1,0,0,0,0,0,0,2,0,0,0,0,0,0,0,0,0,0,0,0,0,0,8,0,40.0373,-75.0736, , 
27278,290756,2015023032,6,67,67301,2015,2,1,758,7,1,1,6,7,3, , ,N,0,0,3,3,0,0,1,1,N,N,39 54:54.356,75 11:22.612,807, ,758, ,0, ,N, ,0, , , , , , , , , ,1,0,0,0,0,0,1,0,0,0,0,0,0,0,0,0,0,0,0,0,0,0,0,0,0,0,0,0,0,0,0,0,0,0,0,0,0,39.9151,-75.1896, , 
27279,290766,2015033718,6,67,67301,2015,3,4,1915,19,3,2,1,1,1, , ,N,1,2,0,3,0,1,2,2,N,N,39 57:01.433,75 09:36.847,1932, ,1921, ,0, ,N, ,3, , , , , , , , , ,2,1,0,0,0,0,0,1,0,0,0,0,1,1,0,0,0,0,0,0,1,0,0,0,0,0,0,0,0,0,0,0,0,0,0,8,0,39.9504,-75.1601, , 
27280,329615,2015099518,6,67,67301,2015,9,6,1130,11,1,1,0,4,1, , ,N,5,2,2,3,0,1,2,2,N, ,39 57:27.542,75 09:44.544,1500, ,1500, ,0, , , ,3, , , , , , , , , ,1,1,0,0,0,0,0,0,1,0,0,1,1,0,0,0,0,0,0,0,1,0,0,0,0,0,0,0,0,0,0,0,0,0,0,4,0,39.9577,-75.1624, , 
27281,329628,2015114606,6,67,67301,2015,9,4,1250,12,1,1,0,1,1, , ,N,6,0,2,3,0,1,2,2,N,N,39 56:43.369,75 11:25.410,1315, ,1300, ,0, ,N, ,0, , , , , , , , , ,2,0,0,0,1,0,0,1,0,0,0,1,1,0,0,0,0,0,0,0,1,0,0,0,0,0,0,0,0,0,0,0,0,0,0,4,0,39.9453,-75.1905, , 
27282,329647,2015059108,6,67,67301,2015,5,5,933,9,1,2,1,5,1, , ,N,0,0,0,3,0,1,3,3,N, ,39 56:33.462,75 09:26.396,935, ,935, ,0, , , ,0, , , , , , , , , ,2,1,0,0,0,0,1,0,1,0,1,0,1,0,0,0,0,0,0,0,0,0,0,0,0,0,0,0,0,0,0,0,0,0,0,3,0,39.9426,-75.1573, , 
27283,329674,2015106381,6,67,67301,2015,9,4,2027,20,3,1,1,4,1, , ,N,1,2,0,3,0,2,5,2,N, ,40 02:29.198,75 07:12.381,2040, ,2015, ,0, , , ,3, , , , , , , , , ,2,2,0,0,0,0,0,0,0,0,1,1,2,0,0,0,0,0,0,1,1,0,0,0,0,0,0,0,0,0,0,0,0,0,0,3,0,40.0414,-75.1201, , 
27284,329677,2015109257,6,67,67301,2015,10,3,600,6,3,1,0,7,4, , ,N,0,0,0,3,0,1,1,1,N,N,40 05:45.600,74 58:57.048,610, ,602,2,1,4,N, ,0,N, , , , , , , , ,1,0,0,0,1,0,0,0,0,0,0,1,1,0,0,0,0,0,0,0,1,0,0,0,0,0,0,0,0,0,0,0,0,0,0,4,0,40.096,-74.9825, , 
27285,329680,2015112076,6,67,67301,2015,9,4,1918,19,4,1,0,8,1, , ,N,1,2,0,3,0,1,2,2,N,N,39 58:22.735,75 13:34.041,1030, ,1028, ,0, ,N, ,3, , , , , , , , , ,1,1,0,0,0,0,0,0,0,0,0,1,1,0,1,0,0,0,0,0,0,0,0,0,0,0,0,0,0,0,0,0,1,0,0,4,0,39.973,-75.2261, , 
27286,329681,2015059126,6,67,67301,2015,5,5,930,9,1,2,1,0,1, , ,N,0,0,0,3,0,1,1,1,N,N,39 56:21.739,75 11:50.272,940, ,935, ,0, ,N, ,0, , , , , , , , , ,1,0,1,0,0,0,0,0,0,0,1,0,1,0,0,0,0,0,0,0,0,0,0,0,0,0,0,0,0,0,0,0,0,0,0,3,0,39.9394,-75.1973, , 
27287,329687,2015061723,6,67,67301,2015,5,3,150,1,3,1,0,0,1, , ,N,0,0,0,3,0,1,1,3,N,N,39 57:52.667,75 14:47.023,206, ,158, ,0, , , ,0, , , , , , , , , ,3,1,0,0,0,1,1,0,0,0,0,0,1,1,0,0,0,0,0,0,0,0,0,0,0,0,0,0,0,0,0,0,0,0,0,8,1,39.9646,-75.2464, , 
27288,329688,2015061763,6,67,67301,2015,5,3,624,6,1,1,0,4,1, , ,N,1,3,0,3,0,3,3,2,N,N,39 58:52.093,75 09:53.035,627, ,625,1,1,3,N, ,3,Y, , , , , , , , ,2,2,0,0,0,0,0,0,0,0,0,3,3,0,0,0,0,0,0,0,1,0,0,0,0,0,0,0,0,0,0,0,0,0,0,4,0,39.9811,-75.1647, , 
27289,329699,2015076211,6,67,67301,2015,7,2,1220,12,1,1,0,3,1, , ,N,0,0,0,3,0,1,2,2,N, ,39 56:04.668,75 11:16.684,1248, ,1838, ,0, , , ,0, , , , , , , , , ,1,0,0,0,0,0,0,0,1,0,0,1,1,0,0,0,0,0,0,0,0,0,0,0,0,0,0,0,0,0,0,0,0,0,0,4,0,39.9346,-75.188, , 
27290,329704,2015049122,6,67,67301,2015,4,4,1440,14,1,2,1,4,1, , ,N,1,3,0,3,0,3,4,2,N,N,40 03:17.866,75 05:05.373,1530, ,1525,1,2,4, , ,3,N, , , , , , , , ,2,0,0,0,0,0,1,1,0,0,0,3,3,0,0,0,0,0,0,0,1,0,0,0,0,0,0,0,0,0,0,0,0,0,0,4,0,40.055,-75.0848, , 
27291,329736,2015092951,6,67,67301,2015,8,2,1015,10,1,1,0,4,1, , ,N,1,2,0,3,0,3,3,3,N, ,40 04:30.943,75 04:24.500,1025, ,1018, ,0, , , ,3, , , , , , , , , ,3,1,0,0,0,0,2,0,0,0,0,3,3,0,0,0,0,0,0,0,0,1,0,0,0,0,0,0,0,0,0,0,0,0,0,4,0,40.0753,-75.0735, , 
27292,329744,2015105131,6,67,67301,2015,9,6,1014,10,1,1,0,4,1, , ,N,0,0,0,3,0,1,2,2,N,N,40 03:27.448,75 04:38.283,1025, ,1019,2,1,3,N, ,0,Y, , , , , , , , ,1,0,0,0,0,0,1,0,1,0,0,0,1,1,0,0,0,0,0,0,0,0,0,0,0,0,0,0,0,0,0,0,0,0,0,8,0,40.0576,-75.0773, , 
27293,329750,2015084001,6,67,67301,2015,8,3,1630,16,1,1,0,5,1, , ,N,6,0,2,3,0,1,2,2,N,N,39 57:51.107,75 11:05.086,1652, ,1640,1,1,4,N, ,0,N, , , , , , , , ,2,1,0,0,0,1,0,0,0,0,1,0,1,0,0,0,0,0,0,0,1,0,0,0,0,0,0,0,0,0,0,0,0,0,0,3,1,39.9625,-75.1833, , 
27294,329755,2015092975,6,67,67301,2015,8,1,609,6,1,1,0,1,1, , ,N,1,2,0,3,0,2,2,2,N,N,40 00:53.818,75 08:49.969,611, ,611,1,2,1,N, ,3,N, , , , , , , , ,2,0,0,0,0,0,2,0,0,0,2,0,2,0,0,0,0,0,0,0,0,1,0,0,0,0,0,0,0,0,0,0,0,0,0,3,0,40.0149,-75.1472, , 
27295,329767,2015106438,6,67,67301,2015,9,1,820,8,3,1,0,4,1, , ,N,1,2,0,3,0,2,2,2,N,N,40 00:13.665,75 08:22.783,831, ,829, ,0, ,N, ,3, , , , , , , , , ,2,2,0,0,0,0,0,0,0,0,0,2,2,0,0,0,0,0,1,0,0,0,0,0,0,0,0,0,0,0,0,0,0,0,0,4,0,40.0038,-75.1397, , 
27296,329773,2015115047,6,67,67301,2015,10,2,1753,17,1,1,0,4,1, , ,N,1,2,0,3,0,2,4,2,N,N,39 57:30.563,75 13:30.647,1757, ,1756, ,0, ,N, ,3, , , , , , , , , ,2,1,0,0,0,0,0,1,0,0,0,2,2,0,0,0,0,0,0,0,1,0,0,1,0,0,0,0,0,0,0,0,0,0,0,4,0,39.9585,-75.2252, , 
27297,329775,2015116475,6,67,67301,2015,11,5,1858,18,3,1,0,1,1, , ,N,0,0,0,3,0,0,2,2,N,N,39 59:08.131,75 12:29.840,1858, ,1858, ,0, ,N, ,0, , , , , , , , , ,2,2,0,0,0,0,0,0,0,0,0,0,0,0,0,0,0,0,0,0,1,1,0,0,0,0,0,0,0,0,0,0,0,0,0,0,0,39.9856,-75.2083, , 
27298,329784,2015063000,6,67,67301,2015,5,1,2318,23,3,1,0,7,2, , ,N,0,0,0,3,0,5,6,1,N,N,39 55:59.624,75 12:00.022,2328, ,2319,1,2,4,N, ,0,Y, , , , , , , , ,1,1,0,0,0,0,0,0,0,0,0,0,5,5,0,0,0,0,0,0,0,0,0,0,0,0,0,0,0,0,0,0,0,0,0,8,0,39.9332,-75.2, , 
27299,329790,2015067749,6,67,67301,2015,6,4,1729,17,1,1,0,1,1, , ,N,0,0,0,3,0,1,2,2,N,N,39 59:41.700,75 05:01.905,1750, ,1734, ,0, ,N, ,0, , , , , , , , , ,2,2,0,0,0,0,0,0,0,0,0,0,1,1,0,0,0,0,0,0,0,0,0,0,0,0,0,0,0,0,0,0,0,0,0,8,0,39.9949,-75.0839, , 
27300,329796,2015073210,6,67,67301,2015,6,2,643,6,1,1,0,1,1, , ,N,0,0,0,3,0,1,2,2,N,N,40 06:43.176,75 01:25.252,905, ,849,3,1,1,N, ,0,N, , , , , , , , ,2,0,0,0,0,1,1,0,0,0,1,0,1,0,0,0,0,0,0,0,1,0,0,0,0,0,0,0,0,0,0,0,0,0,0,3,1,40.112,-75.0237, , 
27301,329797,2015063023,6,67,67301,2015,6,7,130,1,3,1,0,1,1, , ,N,0,0,0,3,0,0,4,2,N,N,39 59:42.882,75 11:52.591,138, ,137, ,0, ,N, ,0, , , , , , , , , ,2,1,0,0,1,0,0,0,0,0,0,0,0,0,0,0,0,0,0,0,0,0,0,0,0,0,0,0,0,0,0,0,0,0,0,0,0,39.9952,-75.1979, , 
27302,329801,2015066201,6,67,67301,2015,6,5,910,9,1,1,0,5,1, , ,N,3,0,2,3,0,1,2,2,N,N,39 57:46.381,75 10:42.609,9999, ,9999, ,0, ,N, ,0, , , , , , , , , ,1,1,0,0,0,0,0,0,1,0,1,0,1,0,1,0,0,0,0,0,0,0,0,0,0,0,0,0,0,0,0,0,0,0,0,3,0,39.9629,-75.1784, , 
27303,329810,2015075282,6,67,67301,2015,7,2,1520,15,1,1,0,8,1, , ,N,0,0,0,3,0,1,2,2,N,N,39 57:53.724,75 14:24.602,1525, ,1525, ,0, ,N, ,0, , , , , , , , , ,1,1,0,0,0,0,0,0,0,0,0,1,1,0,0,0,0,0,0,0,0,0,0,0,0,0,0,0,0,0,0,0,1,0,0,4,0,39.9649,-75.2402, , 
27304,329825,2015091182,6,67,67301,2015,8,7,1950,19,3,1,0,5,1, , ,N,3,0,0,3,0,2,2,2,N,N,40 00:56.094,75 10:33.571,1955, ,1955, ,0, ,N, ,0, , , , , , , , , ,2,1,0,0,0,0,1,0,0,0,1,1,2,0,0,0,0,0,0,0,0,0,0,0,0,0,0,0,0,0,0,0,0,0,0,3,0,40.0156,-75.176, , 
27305,329864,2015135815,6,67,67301,2015,12,6,1900,19,3,1,0,4,1, , ,N,1,3,0,3,0,1,2,2,N,N,39 58:04.803,75 13:36.001,1904, ,1904, ,0, , , ,3, , , , , , , , , ,2,1,1,0,0,0,0,0,0,1,0,0,1,0,0,0,0,0,0,0,0,0,0,0,0,0,0,0,0,1,0,0,0,0,0,2,0,39.968,-75.2267, , 
27306,329865,2015135867,6,67,67301,2015,12,3,930,9,1,2,1,5,1, , ,N,0,0,0,3,0,1,2,2,N,N,39 59:23.731,75 08:28.895,1023, ,1018, ,0, ,N, ,0, , , , , , , , , ,2,1,0,0,0,1,0,0,0,0,0,1,1,0,0,0,0,0,0,0,0,0,0,0,0,0,0,0,0,0,0,0,0,0,0,4,1,39.9899,-75.1414, , 
27307,329869,2016013236,6,67,67301,2015,7,5,1700,17,1,1,0,1,1, , ,N,1,2,0,3,0,2,3,2,N,N,39 56:22.862,75 10:53.371,0, ,0, ,0, ,N, ,3, , , , , , , , , ,2,1,0,0,0,0,1,0,0,0,2,0,2,0,0,0,0,0,0,0,0,0,0,0,0,0,0,0,0,0,0,0,0,0,0,3,0,39.9397,-75.1815, , 
27308,329878,2015012396,6,67,67301,2015,1,1,727,7,1,8,5,5,1, , ,N,0,0,3,3,0,0,5,5,N,N,39 57:19.736,75 10:47.489,735, ,733,3,2,6,N, ,0,Y, , , , , , , , ,5,3,0,0,0,0,1,1,0,0,0,0,0,0,0,0,0,0,0,0,0,0,0,0,0,0,0,0,0,0,0,0,0,0,0,0,0,39.9555,-75.1799, , 
27309,329890,2015020669,6,67,67301,2015,1,3,1749,17,3,4,5,7,4, , ,N,0,0,0,3,0,0,1,1,N,N,39 57:04.508,75 10:46.472,1753, ,1751,3,1,4, , ,0,N, , , , , , , , ,1,0,0,0,0,0,1,0,0,0,0,0,0,0,0,0,0,0,0,0,0,0,0,0,0,0,0,0,0,0,0,0,0,0,0,0,0,39.9513,-75.1796, , 
27310,329891,2015020691,6,67,67301,2015,1,4,1910,19,3,1,0,8,1, , ,N,2,3,0,3,0,1,2,2,N,N,40 00:13.620,75 10:11.524,1916, ,1915, ,0, , , ,3, , , , , , , , , ,1,0,0,0,0,0,1,0,0,0,0,1,1,0,0,0,0,0,0,0,0,1,0,0,0,0,0,0,0,0,0,0,1,0,0,4,0,40.0038,-75.1699, , 
27311,329904,2015073702,6,67,67301,2015,7,6,9999,99,1,1,0,7,5, , ,N,0,0,0,3,0,0,1,1,N,N,40 05:15.400,75 04:30.200,1155, ,1143, ,0, ,N, ,0, , , , , , , , , ,1,1,0,0,0,0,0,0,0,0,0,0,0,0,0,0,0,0,0,0,0,0,0,0,0,0,0,0,0,0,0,0,0,0,0,0,0,40.0876,-75.0751, , 
27312,329907,2015078634,6,67,67301,2015,7,6,2242,22,3,1,0,4,1, , ,N,2,1,2,3,0,0,5,2,N, ,39 56:38.742,75 11:48.533,2253, ,2243, ,0, , , ,3, , , , , , , , , ,2,2,0,0,0,0,0,0,0,0,0,0,0,0,0,0,0,0,0,0,0,0,0,0,0,0,0,0,0,0,0,0,0,0,0,0,0,39.9441,-75.1967, , 
27313,329912,2015088672,6,67,67301,2015,8,4,850,8,1,1,0,8,1, , ,N,1,2,0,3,0,1,2,2,N,N,40 03:04.368,75 03:57.572,857, ,855, ,0, ,N, ,9, , , , , , , , , ,1,0,0,0,0,0,1,0,0,0,0,1,1,0,0,0,0,0,0,0,0,0,0,0,0,0,0,0,0,0,0,0,1,0,0,4,0,40.0512,-75.0661, , 