objectid_1,objectid,crn,district,county,municipality,crash_year,crash_month,day_of_week,time_of_day,hour_of_day,illumination,weather,road_condition,collision_type,relation_to_road,work_zone_type,work_zone_loc,work_zone_ind,intersect_type,tcd_type,location_type,urban_rural,fatal_count,injury_count,person_count,total_units,sch_bus_ind,sch_zone_ind,latitude,longitude,arrival_tm,cons_zone_spd_lim,dispatch_tm,est_hrs_closed,lane_closed,ln_close_dir,ntfy_hiwy_maint,spec_juris_cd,tcd_func_cd,tfc_detour_ind,workers_pres,wz_close_detour,wz_flagger,wz_law_offcr_ind,wz_ln_closure,wz_moving,wz_other,wz_shlder_mdn,vehicle_count,automobile_count,motorcycle_count,bus_count,small_truck_count,heavy_truck_count,suv_count,van_count,bicycle_count,maj_inj_count,mod_inj_count,min_inj_count,tot_inj_count,unk_inj_deg_count,unk_inj_per_count,driver_count_16yr,driver_count_17yr,driver_count_18yr,driver_count_19yr,driver_count_20yr,driver_count_50_64yr,driver_count_65_74yr,driver_count_75plus,unbelted_occ_count,unb_death_count,unb_maj_inj_count,belted_death_count,belted_maj_inj_count,mcycle_death_count,mcycle_maj_inj_count,bicycle_death_count,bicycle_maj_inj_count,ped_count,ped_death_count,ped_maj_inj_count,max_severity_level,comm_veh_count,dec_lat,dec_long,rdwy_surf_type_cd,county_name
27382,335433,2015074586,6,67,67301,2015,5,2,2150,21,3,1,0,4,1, , ,N,1,2,0,3,0,1,2,2,N,N,39 54:36.252,75 09:48.020,2340, ,2328,3,1,4,N, ,2,N, , , , , , , , ,2,1,0,0,0,0,1,0,0,1,0,0,1,0,0,0,1,0,0,0,0,0,0,0,0,0,0,0,0,0,0,0,0,0,0,2,0,39.9101,-75.1633, , 
27383,335449,2015095359,6,67,67301,2015,9,6,425,4,3,1,0,7,2, , ,N,0,0,0,3,0,0,1,1,N,N,39 57:59.703,75 08:05.340,439, ,426, ,0, ,N, ,0, , , , , , , , , ,1,1,0,0,0,0,0,0,0,0,0,0,0,0,0,0,0,0,0,0,0,0,0,0,0,0,0,0,0,0,0,0,0,0,0,0,0,39.9666,-75.1348, , 
27384,335460,2015105542,6,67,67301,2015,9,1,2330,23,3,1,0,4,1, , ,N,1,2,0,3,0,1,2,2,N,N,40 01:28.650,75 03:26.326,2155, ,2149, ,0, , , ,3, , , , , , , , , ,1,1,0,0,0,0,0,0,1,0,0,0,1,1,1,0,0,0,0,0,0,0,0,0,0,0,0,0,0,0,0,0,0,0,0,8,0,40.0246,-75.0573, , 
27385,335467,2015118149,6,67,67301,2015,10,2,1225,12,1,1,0,4,1, , ,N,1,2,0,3,0,2,3,2,N,N,40 00:35.522,75 09:21.676,1230, ,1228, ,0, ,N, ,3, , , , , , , , , ,2,2,0,0,0,0,0,0,0,0,0,0,2,2,0,0,0,0,0,0,0,1,0,0,0,0,0,0,0,0,0,0,0,0,0,8,0,40.0099,-75.156, , 
27386,335472,2015131264,6,67,67301,2015,11,6,625,6,1,1,0,4,1, , ,N,1,0,0,3,0,1,3,2,N,N,40 02:52.901,75 05:34.215,625, ,625, ,0, , , ,0, , , , , , , , , ,2,1,0,0,1,0,0,0,0,0,0,1,1,0,0,0,0,0,0,0,1,0,0,0,0,0,0,0,0,0,0,0,0,0,0,4,0,40.048,-75.0928, , 
27387,335481,2015015149,6,67,67301,2015,2,1,38,0,3,1,0,1,1, , ,N,0,0,0,3,0,3,3,2,N,N,39 54:05.345,75 09:07.398,48, ,39,1,2,1,N, ,0,N, , , , , , , , ,2,2,0,0,0,0,0,0,0,0,0,0,3,3,0,0,0,0,0,0,0,0,0,1,0,0,0,0,0,0,0,0,0,0,0,8,0,39.9015,-75.1521, , 
27388,335522,2015051992,6,67,67301,2015,5,7,1337,13,1,1,0,1,1, , ,N,1,2,0,3,0,1,3,3,N,N,40 04:09.505,75 00:26.083,1350, ,1338,3,2,2,N, ,3,N, , , , , , , , ,3,1,0,0,0,0,1,1,0,0,0,0,1,1,0,0,0,0,0,0,0,0,0,0,0,0,0,0,0,0,0,0,0,0,0,8,0,40.0692,-75.0073, , 
27389,335528,2015061869,6,67,67301,2015,5,5,1357,13,1,1,0,4,1, , ,N,1,2,0,3,0,2,3,5,N,N,39 57:13.845,75 13:12.349,1401, ,1357, ,0, ,N, ,3, , , , , , , , , ,5,3,0,0,0,0,2,0,0,0,0,2,2,0,0,0,0,0,0,0,1,1,0,0,0,0,0,0,0,0,0,0,0,0,0,4,0,39.9538,-75.2201, , 
27390,323888,2015095239,6,67,67301,2015,9,5,1000,10,1,1,0,1,1, , ,N,1,2,0,3,0,1,3,2,N,N,40 01:25.514,75 09:34.090,1012, ,1007,2,1,7,N, ,3,Y, , , , , , , , ,2,0,0,0,0,1,1,0,0,0,1,0,1,0,0,0,0,0,0,0,1,0,0,0,0,0,0,0,0,0,0,0,0,0,0,3,1,40.0238,-75.1595, , 
27391,323904,2015108794,6,67,67301,2015,10,4,125,1,3,1,0,7,4, , ,N,1,0,0,3,0,0,1,3,N,N,40 02:23.222,75 07:27.404,136, ,131, ,0, ,N, ,0, , , , , , , , , ,3,1,0,0,0,0,1,1,0,0,0,0,0,0,0,0,0,0,0,0,0,0,0,0,0,0,0,0,0,0,0,0,0,0,0,0,0,40.0398,-75.1243, , 
27392,323907,2015061806,6,67,67301,2015,5,2,935,9,1,1,0,8,1, , ,N,0,0,0,3,0,1,2,2,N,N,40 02:35.869,75 04:20.726,938, ,938,3,2,7,N, ,0,Y, , , , , , , , ,1,0,0,0,1,0,0,0,0,0,1,0,1,0,0,0,0,0,0,0,0,0,0,0,0,0,0,0,0,0,0,0,1,0,0,3,0,40.0433,-75.0724, , 
27393,323987,2015130004,6,67,67301,2015,11,4,1200,12,1,1,0,5,1, , ,N,0,0,0,3,0,1,2,2,N,N,39 56:30.093,75 09:08.641,1515, ,1505, ,0, ,N, ,0, , , , , , , , , ,1,0,0,0,0,0,0,0,1,0,0,1,1,0,0,0,0,0,0,0,0,0,0,0,0,0,0,0,0,0,0,0,0,0,0,4,0,39.9417,-75.1524, , 
27394,323990,2015131305,6,67,67301,2015,11,1,515,5,3,2,1,1,1, , ,N,2,2,0,3,0,2,3,2,N, ,39 55:59.902,75 08:36.154,520, ,515, ,0, , , ,3, , , , , , , , , ,2,0,0,0,0,0,2,0,0,0,0,2,2,0,0,0,0,0,0,0,0,0,0,0,0,0,0,0,0,0,0,0,0,0,0,4,0,39.9333,-75.1434, , 
27395,323996,2015133747,6,67,67301,2015,12,3,9999,99,1,2,1,1,1, , ,N,0,0,0,3,0,0,2,2,N, ,39 58:16.784,75 13:36.199,0, ,9999, ,0, , , ,0, , , , , , , , , ,2,1,0,0,1,0,0,0,0,0,0,0,0,0,0,0,0,0,0,0,1,0,0,1,0,0,0,0,0,0,0,0,0,0,0,0,0,39.9713,-75.2267, , 
27396,323998,2015134724,6,67,67301,2015,12,7,250,2,3,1,0,8,1, , ,N,2,0,0,3,0,2,3,5,N,N,40 01:01.993,75 03:56.571,258, ,253, ,0, , , ,0, , , , , , , , , ,3,2,0,0,0,0,1,0,0,0,0,0,2,2,1,0,0,0,0,0,0,0,0,0,0,0,0,0,0,0,0,0,2,0,0,8,0,40.0172,-75.0657, , 
27397,324010,2015081148,6,67,67301,2015,7,5,1901,19,1,1,0,8,1, , ,N,1,2,0,3,0,1,3,2,N, ,40 07:07.965,75 01:05.114,1913, ,1903,2,1,2, , ,3,Y, , , , , , , , ,1,1,0,0,0,0,0,0,0,0,0,0,1,1,0,0,0,0,0,0,1,0,0,1,0,0,0,0,0,0,0,0,1,0,0,8,0,40.1189,-75.018, , 
27398,324024,2015095235,6,67,67301,2015,9,4,1500,15,1,1,0,1,1, , ,N,1,2,0,3,0,2,6,3,N,N,40 01:02.601,75 06:58.834,1506, ,1500,2,1,4,N, ,3,N, , , , , , , , ,3,3,0,0,0,0,0,0,0,0,0,2,2,0,0,0,0,0,0,0,1,0,0,0,0,0,0,0,0,0,0,0,0,0,0,4,0,40.0173,-75.1163, , 
27399,324040,2015117641,6,67,67301,2015,10,1,2332,23,3,1,0,1,1, , ,N,5,2,0,3,0,0,2,2,N,N,40 00:05.418,75 06:14.947,22, ,19, ,0, ,N, ,3, , , , , , , , , ,2,1,0,0,0,0,1,0,0,0,0,0,0,0,0,0,0,0,0,0,0,0,0,0,0,0,0,0,0,0,0,0,0,0,0,0,0,40.0015,-75.1042, , 
27400,324049,2015130040,6,67,67301,2015,11,3,1346,13,1,1,0,4,1, , ,N,1,2,0,3,0,2,4,2,N, ,39 57:24.012,75 11:52.849,1405, ,1346, ,0, , , ,3, , , , , , , , , ,2,1,0,0,0,0,0,1,0,0,0,2,2,0,0,0,0,0,0,0,1,0,0,0,0,0,0,0,0,0,0,0,0,0,0,4,0,39.9566,-75.198, , 
27401,324062,2015070145,6,67,67301,2015,6,6,1325,13,1,1,0,4,1, , ,N,1,2,0,3,0,1,2,2,N,N,39 56:34.767,75 09:36.842,1333, ,1328, ,0, , , ,3, , , , , , , , , ,2,2,0,0,0,0,0,0,0,0,0,0,1,1,0,0,0,0,0,0,1,0,0,0,0,0,0,0,0,0,0,0,0,0,0,8,0,39.943,-75.1602, , 
27402,324063,2015070164,6,67,67301,2015,6,7,1032,10,1,1,0,4,1, , ,N,1,2,0,3,0,5,5,3,N,N,39 58:10.746,75 12:41.274,1036, ,1034, ,0, ,N, ,3, , , , , , , , , ,3,1,0,0,0,0,1,0,0,0,0,1,5,4,0,0,0,0,0,0,0,0,0,0,0,0,0,0,0,0,0,0,0,0,0,4,0,39.9697,-75.2115, , 
27403,324070,2015077836,6,67,67301,2015,7,2,2126,21,3,1,0,1,1, , ,N,1,2,0,3,0,1,2,2,N,N,39 56:07.602,75 13:13.393,2130, ,2126, ,0, , , ,3, , , , , , , , , ,2,2,0,0,0,0,0,0,0,0,0,1,1,0,0,0,0,0,0,0,1,0,0,0,0,0,0,0,0,0,0,0,0,0,0,4,0,39.9354,-75.2204, , 
27404,324071,2015078221,6,67,67301,2015,7,7,10,0,3,1,0,5,6, , ,N,0,0,0,3,0,1,1,2,N,N,40 01:19.171,75 13:05.206,30, ,24, ,0, ,N, ,0, , , , , , , , , ,2,1,0,0,0,1,0,0,0,0,0,0,1,1,0,0,0,0,0,0,0,0,0,0,0,0,0,0,0,0,0,0,0,0,0,8,0,40.022,-75.2181, , 
27405,324074,2015085324,6,67,67301,2015,8,3,9999,99,1,1,0,7,5, , ,N,2,3,0,3,0,1,1,1,N,N,39 59:32.889,75 04:58.651,1619, ,1521,5,2,7,N, ,3,Y, , , , , , , , ,1,0,0,0,1,0,0,0,0,0,0,1,1,0,0,0,0,0,0,0,0,0,0,0,0,0,0,0,0,0,0,0,0,0,0,4,0,39.9925,-75.083, , 
27406,324092,2015099057,6,67,67301,2015,9,1,1750,17,1,1,0,4,1, , ,N,0,0,7,3,0,0,2,3,N,N,40 02:36.021,75 10:01.169,1759, ,1756, ,0, ,N, ,0, , , , , , , , , ,3,1,0,0,0,0,1,1,0,0,0,0,0,0,0,0,0,0,0,0,0,0,0,0,0,0,0,0,0,0,0,0,0,0,0,0,0,40.0433,-75.167, , 
27407,324098,2015099025,6,67,67301,2015,9,6,2349,23,3,1,0,4,1, , ,N,1,2,0,3,0,1,3,4,N,N,40 03:40.446,75 05:00.751,2359, ,2349, ,0, , , ,3, , , , , , , , , ,4,2,1,1,0,0,0,0,0,0,1,0,1,0,0,0,0,0,0,0,0,0,0,0,0,0,0,0,0,0,0,0,0,0,0,3,1,40.0612,-75.0835, , 
27408,326974,2015091071,6,67,67301,2015,8,4,1058,10,1,1,0,4,1, , ,N,1,2,0,3,0,2,4,2,N, ,40 02:12.854,75 04:47.301,1113, ,1107,1,1,3, , ,3,Y, , , , , , , , ,2,2,0,0,0,0,0,0,0,0,1,0,2,1,0,0,0,0,0,0,0,0,0,0,0,0,0,0,0,0,0,0,0,0,0,3,0,40.0369,-75.0798, , 
27409,326976,2015093425,6,67,67301,2015,8,3,1730,17,1,1,0,4,1, , ,N,1,2,0,3,0,1,2,2,N,N,39 57:21.085,75 11:29.255,1735, ,1733, ,0, ,N, ,3, , , , , , , , , ,2,1,0,0,0,0,1,0,0,0,0,0,1,1,0,0,0,0,0,0,0,0,0,0,0,0,0,0,0,0,0,0,0,0,0,8,0,39.9558,-75.1915, , 
27410,326983,2015099084,6,67,67301,2015,9,2,254,2,3,1,0,7,2, , ,N,0,0,0,3,0,1,1,1,N,N,40 01:46.555,75 06:11.042,255, ,254,2,1,1,N, ,0,Y, , , , , , , , ,1,1,0,0,0,0,0,0,0,0,0,0,1,1,0,0,0,0,0,0,0,0,0,0,0,0,0,0,0,0,0,0,0,0,0,8,0,40.0296,-75.1031, , 
27411,326998,2015073248,6,67,67301,2015,6,7,2300,23,3,2,1,4,1, , ,N,1,2,0,3,0,1,3,2,N, ,40 01:28.408,75 07:50.218,2320, ,2311,1,2,2, , ,3,Y, , , , , , , , ,2,1,0,0,0,0,0,1,0,0,0,0,1,1,0,0,0,0,0,1,0,0,0,0,0,0,0,0,0,0,0,0,0,0,0,8,0,40.0246,-75.1306, , 
27412,327001,2015078631,6,67,67301,2015,7,2,2232,22,3,1,0,5,6, , ,N,0,0,0,3,0,1,2,2,N,N,39 54:50.907,75 14:05.175,2238, ,2238,3,2,4,N, ,0,Y, , , , , , , , ,2,1,0,0,1,0,0,0,0,0,0,1,1,0,0,0,0,0,0,1,0,0,0,0,0,0,0,0,0,0,0,0,0,0,0,4,0,39.9141,-75.2348, , 
27413,327028,2015103259,6,67,67301,2015,9,5,1630,16,1,1,0,6,6, , ,N,0,0,0,3,0,0,1,5,N,N,40 02:24.124,75 09:15.497,1655, ,1649, ,0, ,N, ,0, , , , , , , , , ,5,4,0,0,1,0,0,0,0,0,0,0,0,0,0,0,0,0,0,0,0,0,0,0,0,0,0,0,0,0,0,0,0,0,0,0,0,40.04,-75.1543, , 
27414,327033,2015109301,6,67,67301,2015,10,6,800,8,1,2,1,7,4, , ,N,1,2,0,3,0,1,1,2,N, ,39 57:00.500,75 10:14.300,810, ,804, ,0, , , ,3, , , , , , , , , ,1,1,0,0,0,0,0,0,0,0,0,0,1,1,0,0,0,0,0,0,0,0,0,0,0,0,0,0,0,0,0,0,0,0,0,8,0,39.9501,-75.1706, , 
27415,327047,2015020743,6,67,67301,2015,1,1,724,7,1,2,5,7,4, , ,N,0,0,0,3,0,1,1,1,N,N,40 01:28.381,75 07:52.621,740, ,725,1,1,2,Y, ,0,N, , , , , , , , ,1,0,0,0,0,0,1,0,0,0,0,1,1,0,0,0,0,0,0,0,0,0,0,0,0,0,0,0,0,0,0,0,0,0,0,4,0,40.0246,-75.1313, , 
27416,327086,2015052371,6,67,67301,2015,4,2,2128,21,3,1,0,7,2, , ,N,0,0,0,3,0,1,1,1,N,N,39 58:22.603,75 07:16.447,2138, ,2129,2,1,2,N, ,0,N, , , , , , , , ,1,1,0,0,0,0,0,0,0,0,0,0,1,1,0,0,0,0,0,0,0,0,0,0,0,0,0,0,0,0,0,0,0,0,0,8,0,39.9729,-75.1212, , 
27417,327096,2015061830,6,67,67301,2015,5,1,42,0,3,1,0,6,6, , ,N,0,0,0,3,0,0,1,3,N,N,39 57:20.473,75 13:27.418,107, ,53, ,0, ,N, ,0, , , , , , , , , ,3,2,0,0,0,0,1,0,0,0,0,0,0,0,1,0,0,0,0,0,0,0,0,0,0,0,0,0,0,0,0,0,0,0,0,9,0,39.9557,-75.2243, , 
27418,327104,2015069695,6,67,67301,2015,6,7,2040,20,3,1,0,1,6, , ,N,0,0,0,3,0,0,1,2,N, ,40 04:26.000,75 02:04.050,2045, ,2042, ,0, , , ,0, , , , , , , , , ,2,1,0,0,1,0,0,0,0,0,0,0,0,0,0,0,0,0,0,0,0,0,0,0,0,0,0,0,0,0,0,0,0,0,0,0,0,40.0739,-75.0345, , 
27419,327105,2015070621,6,67,67301,2015,6,1,700,7,1,1,0,8,1, , ,N,0,0,0,3,0,1,2,2,N,N,39 59:00.340,75 10:18.842,725, ,720, ,0, , , ,0, , , , , , , , , ,1,1,0,0,0,0,0,0,0,0,0,1,1,0,0,0,0,0,0,0,0,0,0,0,0,0,0,0,0,0,0,0,1,0,0,4,0,39.9834,-75.1719, , 
27420,327109,2015075685,6,67,67301,2015,7,5,2014,20,4,1,1,1,6, , ,N,0,0,0,3,0,0,1,3,N,N,39 58:03.993,75 08:23.637,2036, ,2032, ,0, ,N, ,0, , , , , , , , , ,3,1,0,0,0,0,2,0,0,0,0,0,0,0,0,0,0,0,0,0,0,0,0,0,0,0,0,0,0,0,0,0,0,0,0,0,0,39.9678,-75.1399, , 
27421,327139,2015010692,6,67,67301,2015,1,3,1615,16,4,4,1,7,4, , ,N,0,0,0,3,0,0,2,2,N,N,40 03:48.751,75 12:01.130,1640, ,1638, ,0, ,N, ,0, , , , , , , , , ,2,0,0,0,0,0,2,0,0,0,0,0,0,0,0,0,0,0,1,0,1,0,0,0,0,0,0,0,0,0,0,0,0,0,0,0,0,40.0635,-75.2003, , 
27422,327157,2015088792,6,67,67301,2015,8,3,930,9,1,2,1,8,1, , ,N,1,3,0,3,0,1,2,2,N,N,40 01:52.690,75 02:29.873,1000, ,950, ,0, ,N, ,3, , , , , , , , , ,1,1,0,0,0,0,0,0,0,0,0,1,1,0,0,0,0,0,0,0,0,0,1,0,0,0,0,0,0,0,0,0,1,0,0,4,0,40.0313,-75.0416, , 
27423,327176,2015113192,6,67,67301,2015,10,1,1755,17,1,1,0,4,1, , ,N,5,2,8,3,0,0,2,2,N,N,39 57:28.586,75 09:50.892,1806, ,1801, ,0, ,N, ,3, , , , , , , , , ,2,1,0,0,0,0,1,0,0,0,0,0,0,0,1,0,0,0,0,0,0,1,0,0,0,0,0,0,0,0,0,0,0,0,0,9,0,39.9579,-75.1641, , 
27424,327180,2015121043,6,67,67301,2015,10,6,1030,10,1,1,0,4,1, , ,N,0,0,0,3,0,1,2,2,N, ,39 58:24.694,75 12:36.404,1037, ,1630, ,0, , , ,0, , , , , , , , , ,2,1,1,0,0,0,0,0,0,0,0,1,1,0,0,0,0,0,0,0,0,0,0,1,0,0,0,0,0,0,0,0,0,0,0,4,0,39.9735,-75.2101, , 
27425,327185,2015097620,6,67,67301,2015,9,1,638,6,1,1,0,1,1,1,2,Y,0,0,0,3,0,1,3,2,N,N,40 02:05.869,75 01:07.352,709,55,644, ,0, ,N, ,0, ,N,N,N,N,N,N,N,Y,2,0,0,0,1,0,1,0,0,0,1,0,1,0,0,0,0,0,0,0,0,0,0,0,0,0,0,0,0,0,0,0,0,0,0,3,0,40.035,-75.0187, , 
27426,332719,2015099143,6,67,67301,2015,9,7,1437,14,1,1,0,8,1, , ,N,0,0,0,3,0,1,2,2,N,N,40 03:06.512,75 05:11.126,1444, ,1438, ,0, ,N, ,0, , , , , , , , , ,1,0,0,0,0,0,0,1,0,0,0,1,1,0,0,0,0,0,0,0,0,0,0,0,0,0,0,0,0,0,0,0,1,0,0,4,0,40.0518,-75.0864, , 
27427,332732,2015065471,6,67,67301,2015,5,1,1356,13,1,1,0,1,1, , ,N,0,0,0,3,0,2,4,3,N, ,39 59:50.167,75 07:11.088,1400, ,1359, ,0, , , ,0, , , , , , , , , ,3,1,0,0,0,0,2,0,0,0,0,0,2,2,0,0,0,0,0,0,1,0,0,0,0,0,0,0,0,0,0,0,0,0,0,8,0,39.9973,-75.1197, , 
27428,332733,2015066169,6,67,67301,2015,6,6,1800,18,1,1,0,5,1, , ,N,0,0,0,3,0,1,3,2,N, ,39 56:07.792,75 13:22.681,1804, ,1802, ,0, , , ,0, , , , , , , , , ,2,1,0,0,0,0,1,0,0,0,0,0,1,1,0,0,0,0,0,0,1,0,0,0,0,0,0,0,0,0,0,0,0,0,0,8,0,39.9355,-75.223, , 
27429,332738,2015093105,6,67,67301,2015,8,5,740,7,1,1,0,1,1, , ,N,0,0,0,3,0,0,2,2,N,N,40 00:05.973,75 04:42.962,740, ,740, ,0, ,N, ,0, , , , , , , , , ,2,1,0,0,0,0,1,0,0,0,0,0,0,0,0,0,0,0,0,0,0,0,0,0,0,0,0,0,0,0,0,0,0,0,0,0,0,40.0017,-75.0786, , 
27430,332758,2015112074,6,67,67301,2015,10,6,2025,20,3,2,1,7,4, , ,N,0,0,0,3,0,3,4,2,N, ,40 01:38.833,75 11:33.675,2035, ,2025,9,1,4, , ,0,N, , , , , , , , ,2,2,0,0,0,0,0,0,0,0,0,3,3,0,0,0,0,0,1,0,0,0,0,0,0,0,0,0,0,0,0,0,0,0,0,4,0,40.0275,-75.1927, , 
27431,332763,2015114575,6,67,67301,2015,10,5,1601,16,1,1,0,8,1, , ,N,1,3,0,3,0,1,2,2,N,N,40 04:22.861,75 10:18.245,1632, ,1615, ,0, ,N, ,3, , , , , , , , , ,1,1,0,0,0,0,0,0,0,1,0,0,1,0,0,0,0,0,0,0,1,0,0,0,0,0,0,0,0,0,0,0,1,0,1,2,0,40.073,-75.1717, , 
27432,332767,2015006101,6,67,67301,2015,1,1,9999,99,3,2,1,7,4, , ,N,0,0,0,3,0,3,3,1,N,N,40 01:49.027,75 03:10.666,1914, ,1911,1,1,2,N, ,0,N, , , , , , , , ,1,0,0,0,0,0,0,1,0,0,0,3,3,0,0,0,0,0,0,0,1,0,0,0,0,0,0,0,0,0,0,0,0,0,0,4,0,40.0303,-75.053, , 
27433,332782,2015021519,6,67,67301,2015,2,3,225,2,3,4,3,4,4, , ,N,0,0,0,3,0,0,2,2,N,N,40 02:35.107,75 00:11.917,225, ,225,1,1,2,N, ,0,N, , , , , , , , ,2,1,0,0,0,0,1,0,0,0,0,0,0,0,0,0,0,0,0,0,0,0,0,0,0,0,0,0,0,0,0,0,0,0,0,0,0,40.0431,-75.0033, , 
27434,332810,2015078251,6,67,67301,2015,7,2,1035,10,1,1,0,8,1, , ,N,1,2,0,3,0,2,2,2,N,N,40 00:29.331,75 04:20.880,1050, ,1041, ,0, ,N, ,3, , , , , , , , , ,1,0,1,0,0,0,0,0,0,0,2,0,2,0,0,0,0,0,0,0,0,0,0,0,0,0,0,0,0,0,0,0,1,0,0,3,0,40.0081,-75.0725, , 
27435,332811,2015078254,6,67,67301,2015,7,1,1532,15,1,1,0,5,1, , ,N,1,3,0,3,0,1,2,2,N, ,39 56:28.813,75 09:14.727,1615, ,1602, ,0, , , ,3, , , , , , , , , ,1,1,0,0,0,0,0,0,1,0,0,1,1,0,0,0,0,0,0,0,0,0,0,0,0,0,0,0,0,0,0,0,0,0,0,4,0,39.9413,-75.1541, , 
27436,332820,2015088855,6,67,67301,2015,8,3,620,6,1,1,0,5,1, , ,N,0,0,0,3,0,0,2,2,N,N,39 55:18.893,75 08:51.646,635, ,621, ,0, ,N, ,0, , , , , , , , , ,2,1,0,0,1,0,0,0,0,0,0,0,0,0,0,0,0,0,0,0,0,0,0,0,0,0,0,0,0,0,0,0,0,0,0,0,0,39.9219,-75.1477, , 
27437,332828,2015099902,6,67,67301,2015,9,3,1505,15,1,1,0,8,1, , ,N,0,2,0,3,0,1,2,2,N,Y,39 59:05.776,75 09:31.521,1512, ,1510, ,0, ,N, ,3, , , , , , , , , ,1,1,0,0,0,0,0,0,0,0,0,0,1,1,0,0,0,0,0,0,1,0,0,0,0,0,0,0,0,0,0,0,1,0,0,8,0,39.9849,-75.1588, , 
27438,332831,2015105104,6,67,67301,2015,9,3,2037,20,3,1,0,1,1, , ,N,6,0,2,3,0,1,3,2,N,N,40 00:35.625,75 11:10.707,2047, ,2039,9,1,1,N, ,0,N, , , , , , , , ,2,1,1,0,0,0,0,0,0,0,1,0,1,0,0,0,0,0,0,0,1,0,0,0,0,0,0,0,0,0,0,0,0,0,0,3,0,40.0096,-75.1873, , 
27439,332835,2015117628,6,67,67301,2015,10,4,630,6,1,1,0,4,1, , ,N,1,2,0,3,0,1,2,2,N,N,40 00:08.156,75 13:12.479,740, ,733, ,0, , , ,3, , , , , , , , , ,1,1,0,0,0,0,0,0,1,0,0,0,1,1,0,0,0,0,0,0,0,0,0,1,0,0,0,0,0,0,0,0,0,0,0,8,0,40.0023,-75.2201, , 
27440,332839,2015120103,6,67,67301,2015,10,7,2041,20,3,1,0,6,1, , ,N,0,0,0,3,0,0,2,2,N, ,40 02:36.362,75 06:50.012,2058, ,2047,1,1,4, , ,0,N, , , , , , , , ,2,1,0,0,0,0,1,0,0,0,0,0,0,0,0,0,0,0,0,0,1,0,0,0,0,0,0,0,0,0,0,0,0,0,0,0,0,40.0434,-75.1139, , 
27441,332840,2015121067,6,67,67301,2015,11,4,232,2,3,1,0,1,6, , ,N,0,0,0,3,0,1,1,2,N,N,40 03:52.957,75 11:41.056,235, ,233, ,0, ,N, ,0, , , , , , , , , ,2,1,0,0,0,0,1,0,0,0,0,0,1,1,0,0,0,0,0,0,0,0,0,0,0,0,0,0,0,0,0,0,0,0,0,8,0,40.0647,-75.1947, , 
27442,332845,2015128576,6,67,67301,2015,11,5,1723,17,3,1,0,4,1, , ,N,1,3,0,3,0,1,2,2,N,N,40 01:35.986,75 10:38.045,1723, ,1723, ,0, ,N, ,3, , , , , , , , , ,1,1,0,0,0,0,0,0,1,0,1,0,1,0,0,0,0,0,0,0,0,0,1,1,0,0,0,0,0,0,0,0,0,0,0,3,0,40.0267,-75.1772, , 
27443,332848,2015129941,6,67,67301,2015,11,2,1718,17,3,1,0,7,4, , ,N,3,0,0,3,0,0,2,2,N, ,40 00:00.803,75 11:12.959,1726, ,1722, ,0, , , ,0, , , , , , , , , ,1,1,0,0,0,0,0,0,0,0,0,0,0,0,2,0,0,0,0,1,0,0,0,0,0,0,0,0,0,0,0,0,0,0,0,9,0,40.0002,-75.1869, , 
27444,330189,2015082840,6,67,67301,2015,7,2,1228,12,1,1,0,1,1, , ,N,6,0,2,3,0,1,9,4,N,N,39 57:24.497,75 09:12.843,1244, ,1237,3,1,3,N, ,0,N, , , , , , , , ,4,2,0,0,1,0,1,0,0,0,0,1,1,0,0,0,0,0,0,0,0,0,0,0,0,0,0,0,0,0,0,0,0,0,0,4,0,39.9568,-75.1536, , 
27445,330190,2015084010,6,67,67301,2015,8,6,930,9,1,1,0,7,4, , ,N,7,0,2,3,0,1,1,1,N,N,40 00:31.674,75 12:17.709,1001, ,941,1,1,4,N, ,0,N, , , , , , , , ,1,1,0,0,0,0,0,0,0,0,1,0,1,0,0,0,0,0,0,0,1,0,0,0,0,0,0,0,0,0,0,0,0,0,0,3,0,40.0088,-75.2049, , 
27446,330201,2015093542,6,67,67301,2015,8,4,1810,18,1,1,0,7,2, , ,N,0,0,0,3,0,0,2,2,N,N,40 03:14.526,74 59:08.071,1847, ,1810,1,1,1,N, ,0,N, , , , , , , , ,2,2,0,0,0,0,0,0,0,0,0,0,0,0,0,0,0,0,0,0,0,0,0,0,0,0,0,0,0,0,0,0,0,0,0,0,0,40.054,-74.9856, , 
27447,330205,2015099031,6,67,67301,2015,9,3,1746,17,1,1,0,5,1, , ,N,0,0,0,3,0,3,3,2,N, ,39 58:59.364,75 11:17.750,1755, ,1753,1,2,5, , ,0,Y, , , , , , , , ,2,2,0,0,0,0,0,0,0,0,0,0,3,3,0,0,0,0,0,0,0,0,0,0,0,0,0,0,0,0,0,0,0,0,0,8,0,39.9832,-75.1883, , 
27448,330212,2015102001,6,67,67301,2015,9,1,2235,22,3,1,0,4,1, , ,N,2,0,0,3,0,0,3,2,N,N,40 01:45.754,75 06:22.752,2242, ,2239,1,1,2,N, ,0,N, , , , , , , , ,2,2,0,0,0,0,0,0,0,0,0,0,0,0,0,0,0,0,0,0,0,0,0,1,0,0,0,0,0,0,0,0,0,0,0,0,0,40.0294,-75.1063, , 