objectid_1,objectid,crn,district,county,municipality,crash_year,crash_month,day_of_week,time_of_day,hour_of_day,illumination,weather,road_condition,collision_type,relation_to_road,work_zone_type,work_zone_loc,work_zone_ind,intersect_type,tcd_type,location_type,urban_rural,fatal_count,injury_count,person_count,total_units,sch_bus_ind,sch_zone_ind,latitude,longitude,arrival_tm,cons_zone_spd_lim,dispatch_tm,est_hrs_closed,lane_closed,ln_close_dir,ntfy_hiwy_maint,spec_juris_cd,tcd_func_cd,tfc_detour_ind,workers_pres,wz_close_detour,wz_flagger,wz_law_offcr_ind,wz_ln_closure,wz_moving,wz_other,wz_shlder_mdn,vehicle_count,automobile_count,motorcycle_count,bus_count,small_truck_count,heavy_truck_count,suv_count,van_count,bicycle_count,maj_inj_count,mod_inj_count,min_inj_count,tot_inj_count,unk_inj_deg_count,unk_inj_per_count,driver_count_16yr,driver_count_17yr,driver_count_18yr,driver_count_19yr,driver_count_20yr,driver_count_50_64yr,driver_count_65_74yr,driver_count_75plus,unbelted_occ_count,unb_death_count,unb_maj_inj_count,belted_death_count,belted_maj_inj_count,mcycle_death_count,mcycle_maj_inj_count,bicycle_death_count,bicycle_maj_inj_count,ped_count,ped_death_count,ped_maj_inj_count,max_severity_level,comm_veh_count,dec_lat,dec_long,rdwy_surf_type_cd,county_name
27449,330224,2015106194,6,67,67301,2015,10,1,809,8,1,1,0,7,2, , ,N,0,0,0,3,0,1,1,1,N,N,39 58:34.607,75 11:45.027,821, ,819,2,1,3,N, ,0,N, , , , , , , , ,1,0,0,0,0,0,1,0,0,0,0,1,1,0,0,0,0,0,0,0,0,0,0,0,0,0,0,0,0,0,0,0,0,0,0,4,0,39.9763,-75.1958, , 
27450,330228,2015112265,6,67,67301,2015,10,6,2315,23,3,1,0,1,1, , ,N,0,0,0,3,0,1,4,3,N,N,39 56:46.889,75 08:32.758,2315, ,2315, ,0, ,N, ,0, , , , , , , , , ,3,2,0,0,1,0,0,0,0,0,0,0,1,1,1,0,0,0,0,0,0,0,0,0,0,0,0,0,0,0,0,0,0,0,0,8,0,39.9464,-75.1424, , 
27451,330245,2015035173,6,67,67301,2015,3,6,1643,16,1,1,1,7,4, , ,N,0,0,0,3,0,0,1,1,N,N,39 59:19.482,75 12:53.216,1712, ,1658, ,0, ,N, ,0, , , , , , , , , ,1,0,0,0,0,0,1,0,0,0,0,0,0,0,0,0,0,0,0,0,0,0,0,0,0,0,0,0,0,0,0,0,0,0,0,0,0,39.9887,-75.2148, , 
27452,330250,2015044028,6,67,67301,2015,4,6,1358,13,1,1,0,4,1, , ,N,1,3,0,3,0,0,2,4,N,N,39 58:13.108,75 07:35.525,1406, ,1401, ,0, ,N, ,3, , , , , , , , , ,4,2,0,0,2,0,0,0,0,0,0,0,0,0,0,0,0,0,0,0,1,0,0,0,0,0,0,0,0,0,0,0,0,0,0,0,0,39.9703,-75.1265, , 
27453,330255,2015049142,6,67,67301,2015,4,4,2134,21,3,1,0,4,1, , ,N,1,2,0,3,0,1,2,2,N,N,40 01:48.978,75 03:51.736,2137, ,2134, ,0, ,N, ,3, , , , , , , , , ,2,2,0,0,0,0,0,0,0,0,0,1,1,0,0,0,0,0,0,0,1,0,0,0,0,0,0,0,0,0,0,0,0,0,0,4,0,40.0303,-75.0644, , 
27454,330266,2015115043,6,67,67301,2015,10,6,1420,14,1,1,0,4,1, , ,N,1,2,0,3,0,1,2,2,N,N,40 08:03.616,75 00:33.107,1512, ,1506, ,0, ,N, ,3, , , , , , , , , ,2,2,0,0,0,0,0,0,0,0,0,0,1,1,0,0,0,0,1,0,0,0,0,0,0,0,0,0,0,0,0,0,0,0,0,8,0,40.1343,-75.0091, , 
27455,330289,2015075809,6,67,67301,2015,6,7,2125,21,3,2,1,1,1, , ,N,5,2,0,3,0,1,3,2,N,N,40 00:15.188,75 08:55.136,2130, ,2127, ,0, ,N, ,3, , , , , , , , , ,2,1,0,0,0,0,1,0,0,0,0,1,1,0,0,0,0,0,0,0,1,0,0,0,0,0,0,0,0,0,0,0,0,0,0,4,0,40.0042,-75.1486, , 
27456,330308,2015099087,6,67,67301,2015,9,3,9999,99,1,1,0,4,1, , ,N,1,2,0,3,0,2,4,3,Y,N,40 00:20.692,75 05:56.577,1313, ,1308,2,1,1,N, ,3,N, , , , , , , , ,3,2,0,1,0,0,0,0,0,0,0,2,2,0,0,0,0,0,0,0,1,1,0,0,0,0,0,0,0,0,0,0,0,0,0,4,1,40.0057,-75.099, , 
27457,330309,2015099128,6,67,67301,2015,9,5,1047,10,1,2,1,8,1, , ,N,1,3,0,3,0,1,2,2,N,N,40 01:36.819,75 03:33.460,1110, ,1105, ,0, ,N, ,3, , , , , , , , , ,1,1,0,0,0,0,0,0,0,0,0,1,1,0,0,0,0,0,0,0,0,0,0,0,0,0,0,0,0,0,0,0,1,0,0,4,0,40.0269,-75.0593, , 
27458,330312,2015103306,6,67,67301,2015,9,5,940,9,1,1,0,4,1, , ,N,1,3,0,3,0,1,2,2,N, ,40 03:28.789,75 04:34.031,953, ,943, ,0, , , ,3, , , , , , , , , ,2,2,0,0,0,0,0,0,0,0,0,1,1,0,0,0,0,0,0,0,0,1,1,0,0,0,0,0,0,0,0,0,0,0,0,4,0,40.058,-75.0761, , 
27459,330352,2015073651,6,67,67301,2015,6,2,2043,20,3,1,0,8,1, , ,N,0,0,0,3,0,1,2,2,N,N,39 55:45.976,75 08:54.070,2047, ,2043, ,0, ,N, ,0, , , , , , , , , ,1,0,0,0,0,0,1,0,0,0,0,1,1,0,0,0,0,0,0,0,0,0,0,0,0,0,0,0,0,0,0,0,1,0,0,4,0,39.9294,-75.1484, , 
27460,330359,2015077830,6,67,67301,2015,6,6,1620,16,1,1,0,5,1, , ,N,0,0,0,3,0,1,2,2,N,N,40 01:21.664,75 08:10.982,1628, ,1623,2,1,1,N, ,0,N, , , , , , , , ,2,2,0,0,0,0,0,0,0,0,0,0,1,1,0,0,0,0,0,0,1,0,1,0,0,0,0,0,0,0,0,0,0,0,0,8,0,40.0227,-75.1364, , 
27461,330364,2015085750,6,67,67301,2015,2,6,900,9,1,1,0,1,1, , ,N,1,2,0,3,0,2,3,2,N,N,40 00:03.902,75 12:55.382,0, ,0, ,0, ,N, ,3, , , , , , , , , ,2,0,0,0,1,0,0,0,0,0,2,0,2,0,0,0,0,0,0,0,1,0,0,0,0,0,0,0,0,0,0,0,0,0,0,3,0,40.0011,-75.2154, , 
27462,324125,2015109293,6,67,67301,2015,10,7,833,8,1,1,1,4,1, , ,N,1,2,0,3,0,2,2,2,N,N,40 03:55.900,75 03:09.041,842, ,834,2,2,1,N, ,3,N, , , , , , , , ,2,2,0,0,0,0,0,0,0,0,0,0,2,2,0,0,0,0,0,0,1,0,0,0,0,0,0,0,0,0,0,0,0,0,0,8,0,40.0655,-75.0525, , 
27463,324129,2015115073,6,67,67301,2015,10,7,2225,22,3,1,0,4,1, , ,N,10,0,0,3,0,0,3,2,N,N,39 55:45.742,75 14:15.943,2345, ,2337, ,0, ,N, ,0, , , , , , , , , ,2,2,0,0,0,0,0,0,0,0,0,0,0,0,0,0,0,0,0,0,1,0,0,0,0,0,0,0,0,0,0,0,0,0,0,0,0,39.9294,-75.2378, , 
27464,324137,2015120209,6,67,67301,2015,11,6,336,3,3,1,0,5,1, , ,N,0,0,0,3,0,0,3,3,N,N,39 58:37.814,75 11:56.983,336, ,336, ,0, ,N, ,0, , , , , , , , , ,3,1,0,0,0,2,0,0,0,0,0,0,0,0,2,0,0,0,0,0,0,0,0,0,0,0,0,0,0,0,0,0,0,0,0,9,0,39.9772,-75.1992, , 
27465,324146,2015131280,6,67,67301,2015,12,3,1308,13,1,2,1,7,3, , ,N,0,0,0,3,0,0,1,1,N,N,40 01:27.137,75 07:58.547,1312, ,1311,2,1,2,N, ,0,N, , , , , , , , ,1,0,0,0,0,0,0,1,0,0,0,0,0,0,0,0,0,0,0,0,0,0,0,0,0,0,0,0,0,0,0,0,0,0,0,0,0,40.0242,-75.1329, , 
27466,324166,2015083342,6,67,67301,2015,7,2,2324,23,3,1,0,5,1, , ,N,0,0,0,3,0,1,2,2,N,N,40 00:05.200,75 06:59.200,2345, ,2337, ,0, ,N, ,0, , , , , , , , , ,1,1,0,0,0,0,0,0,1,0,0,0,1,1,1,0,0,0,0,0,0,0,0,0,0,0,0,0,0,0,0,0,0,0,0,8,0,40.0014,-75.1164, , 
27467,324181,2015095370,6,67,67301,2015,9,4,534,5,2,1,0,1,1,1,2,Y,0,0,0,3,0,2,3,3,N,N,39 58:46.788,75 06:26.545,545,45,538, ,0, ,N, ,0, ,N,N,N,N,N,Y,Y,Y,3,0,0,0,1,0,2,0,0,0,0,0,2,2,0,0,0,0,0,0,0,0,0,0,0,0,0,0,0,0,0,0,0,0,0,8,0,39.9797,-75.1074, , 
27468,324217,2015101987,6,67,67301,2015,9,7,1307,13,1,1,0,1,1, , ,N,0,0,0,3,0,1,5,5,N,N,40 01:38.175,75 05:55.390,1312, ,1309,2,2,1,N, ,0,Y, , , , , , , , ,5,2,0,0,0,0,2,1,0,0,0,1,1,0,0,0,0,0,0,0,3,0,0,0,0,0,0,0,0,0,0,0,0,0,0,4,0,40.0273,-75.0987, , 
27469,324242,2015051996,6,67,67301,2015,4,5,800,8,1,1,0,4,1, , ,N,0,0,7,3,0,0,2,2,N,N,40 02:03.256,75 05:06.702,800, ,800,3,2,7,N, ,0,Y, , , , , , , , ,2,1,0,0,0,0,1,0,0,0,0,0,0,0,0,0,0,1,0,0,1,0,0,1,0,0,0,0,0,0,0,0,0,0,0,0,0,40.0342,-75.0852, , 
27470,324247,2015061443,6,67,67301,2015,6,2,56,0,3,1,0,7,4,1,4,Y,0,0,0,3,0,1,1,1,N,N,39 59:00.921,75 05:52.034,56,45,56,2,2,1,N, ,0,N,N,N,N,N,N,N,Y,N,1,1,0,0,0,0,0,0,0,0,0,0,1,1,0,0,0,0,0,0,0,0,0,1,0,0,0,0,0,0,0,0,0,0,0,8,0,39.9836,-75.0978, , 
27471,324249,2015063518,6,67,67301,2015,6,3,840,8,1,1,1,8,1, , ,N,1,3,0,3,0,1,2,2,N,N,40 03:10.429,75 08:53.624,1600, ,1530, ,0, , , ,3, , , , , , , , , ,1,1,0,0,0,0,0,0,0,0,1,0,1,0,0,0,0,0,0,0,0,0,0,0,0,0,0,0,0,0,0,0,1,0,0,3,0,40.0529,-75.1482, , 
27472,324272,2015028885,6,67,67301,2015,2,1,2250,22,3,8,6,4,1,8,8,Y,1,2,0,3,0,1,4,3,N,N,40 01:21.712,75 08:00.711,2303,99,2300, ,0, ,N, ,3, ,U,U,U,U,U,U,U,U,3,2,0,0,0,0,1,0,0,0,0,0,1,1,0,0,0,0,0,0,0,0,0,0,0,0,0,0,0,0,0,0,0,0,0,8,0,40.0227,-75.1335, , 
27473,324296,2015063849,6,67,67301,2015,6,1,135,1,3,1,0,7,4, , ,N,0,0,0,3,0,0,2,1,N,N,39 57:43.037,75 09:33.817,139, ,137, ,0, ,N, ,0, , , , , , , , , ,1,1,0,0,0,0,0,0,0,0,0,0,0,0,0,0,0,0,0,0,0,0,0,0,0,0,0,0,0,0,0,0,0,0,0,0,0,39.962,-75.1594, , 
27474,324302,2015069666,6,67,67301,2015,6,7,18,0,3,1,0,1,6, , ,N,0,0,0,3,0,1,1,2,N,N,40 05:27.877,75 03:28.998,22, ,20, ,0, ,N, ,0, , , , , , , , , ,2,1,0,0,0,0,1,0,0,0,0,1,1,0,0,0,0,0,0,0,0,0,1,0,0,0,0,0,0,0,0,0,0,0,0,4,0,40.0911,-75.0581, , 
27475,324339,2015063965,6,67,67301,2015,6,3,1219,12,1,2,1,1,1, , ,N,0,2,7,3,0,1,3,2,N, ,40 04:26.805,75 01:00.219,1245, ,1234, ,0, , , ,3, , , , , , , , , ,2,1,0,0,0,0,1,0,0,0,0,1,1,0,0,0,0,0,0,0,0,0,0,0,0,0,0,0,0,0,0,0,0,0,0,4,0,40.0741,-75.0167, , 
27476,324364,2015115241,6,67,67301,2015,10,6,1526,15,1,1,0,1,1, , ,N,0,0,0,3,0,1,7,3,N,N,39 58:00.011,75 11:15.459,1542, ,1527, ,0, ,N, ,0, , , , , , , , , ,3,2,0,0,0,0,1,0,0,0,0,0,1,1,0,0,0,0,0,0,0,0,0,0,0,0,0,0,0,0,0,0,0,0,0,8,0,39.9667,-75.1876, , 
27477,324368,2015117632,6,67,67301,2015,10,5,1515,15,1,1,0,1,1, , ,N,1,2,0,3,0,1,3,3,N,N,40 02:06.425,75 04:10.216,1530, ,1515,2,2,1,N, ,3,N, , , , , , , , ,3,3,0,0,0,0,0,0,0,0,0,1,1,0,0,0,1,0,0,0,0,0,0,0,0,0,0,0,0,0,0,0,0,0,0,4,0,40.0351,-75.0695, , 
27478,324380,2015128519,6,67,67301,2015,11,1,55,0,3,1,0,1,1, , ,N,1,2,0,3,0,0,2,2,N,N,39 57:37.092,75 08:20.094,106, ,100,2,2,3, , ,3,N, , , , , , , , ,2,1,0,0,0,0,0,1,0,0,0,0,0,0,0,0,0,0,0,0,0,0,0,0,0,0,0,0,0,0,0,0,0,0,0,0,0,39.9603,-75.1389, , 
27479,324385,2016000959,6,67,67301,2015,12,5,1345,13,1,1,0,1,1, , ,N,1,2,0,3,0,5,6,2,N,N,39 59:38.349,75 07:48.907,1410, ,1405,2,2,1, , ,3,N, , , , , , , , ,2,0,0,1,0,1,0,0,0,0,0,0,5,5,0,0,0,0,0,0,0,1,0,1,0,0,0,0,0,0,0,0,0,0,0,8,2,39.994,-75.1303, , 
27480,324400,2015071475,6,67,67301,2015,6,2,2330,23,3,1,0,0,1, , ,N,0,0,0,3,0,0,1,1,N,N,39 56:46.605,75 11:20.556,2330, ,2330,1,2,4,N, ,0,N, , , , , , , , ,1,0,1,0,0,0,0,0,0,0,0,0,0,0,0,0,0,0,1,0,0,0,0,0,0,0,0,0,0,0,0,0,0,0,0,0,0,39.9463,-75.189, , 
27481,327205,2015081066,6,67,67301,2015,7,6,1633,16,1,1,0,4,1, , ,N,1,2,0,3,0,5,5,2,N,N,39 58:52.935,75 08:33.241,1633, ,1633, ,0, ,N, ,3, , , , , , , , , ,2,2,0,0,0,0,0,0,0,0,0,1,5,4,0,0,0,0,0,0,1,0,0,0,0,0,0,0,0,0,0,0,0,0,0,4,0,39.9814,-75.1426, , 
27482,327214,2015088686,6,67,67301,2015,8,4,1606,16,1,1,0,4,1, , ,N,1,3,0,3,0,0,4,2,N,N,39 59:02.047,75 08:16.069,1610, ,1608, ,0, ,N, ,3, , , , , , , , , ,2,1,0,0,0,0,1,0,0,0,0,0,0,0,3,0,0,0,0,0,1,0,0,0,0,0,0,0,0,0,0,0,0,0,0,9,0,39.9839,-75.1378, , 
27483,327217,2015091116,6,67,67301,2015,8,6,1400,14,1,1,0,4,1, , ,N,1,2,0,3,0,2,2,2,N, ,40 03:29.512,75 08:25.526,1425, ,1418,2,1,1, , ,3,N, , , , , , , , ,2,1,0,0,0,0,0,1,0,0,0,2,2,0,0,0,0,0,0,0,0,0,0,0,0,0,0,0,0,0,0,0,0,0,0,4,0,40.0582,-75.1404, , 
27484,327218,2015095220,6,67,67301,2015,9,7,1830,18,3,1,0,5,1, , ,N,1,2,2,3,0,2,4,2,N,N,39 53:32.915,75 13:21.046,2015, ,2001, ,0, ,N, ,3, , , , , , , , , ,2,2,0,0,0,0,0,0,0,0,0,2,2,0,0,0,0,0,0,0,1,0,0,1,0,0,0,0,0,0,0,0,0,0,0,4,0,39.8925,-75.2225, , 
27485,327219,2015095789,6,67,67301,2015,9,3,730,7,1,1,0,4,1, , ,N,1,0,0,3,0,1,2,2,N,N,40 00:48.504,75 04:08.695,745, ,738, ,0, , , ,0, , , , , , , , , ,2,1,0,0,0,0,0,1,0,0,0,1,1,0,0,0,0,0,0,0,0,0,0,0,0,0,0,0,0,0,0,0,0,0,0,4,0,40.0135,-75.0691, , 
27486,327226,2015103288,6,67,67301,2015,9,2,1115,11,1,1,0,5,1, , ,N,0,0,0,3,0,1,2,2,N, ,39 55:55.492,75 09:10.511,1154, ,1154, ,0, , , ,0, , , , , , , , , ,1,1,0,0,0,0,0,0,1,0,0,1,1,0,0,0,0,0,0,0,0,0,0,0,0,0,0,0,0,0,0,0,0,0,0,4,0,39.9321,-75.1529, , 
27487,327242,2015063959,6,46,46104,2015,5,5,1100,11,1,1,0,7,4, , ,N,0,0,0,3,0,1,1,1,N,N,39 58:43.757,75 16:20.079,1120, ,1112, ,0, ,N, ,0, , , , , , , , , ,1,1,0,0,0,0,0,0,0,0,0,1,1,0,0,0,0,0,0,0,0,0,0,0,0,0,0,0,0,0,0,0,0,0,0,4,0,39.9788,-75.2722, , 
27488,327258,2015081082,6,67,67301,2015,7,1,1040,10,1,1,0,4,1, , ,N,1,3,0,3,0,1,2,2,N,N,39 59:49.588,75 12:17.053,1048, ,1043, ,0, ,N, ,3, , , , , , , , , ,2,0,0,0,1,0,1,0,0,0,0,0,1,1,0,0,0,0,0,0,2,0,0,0,0,0,0,0,0,0,0,0,0,0,0,8,0,39.9971,-75.2047, , 
27489,327268,2015095212,6,67,67301,2015,8,5,1335,13,1,1,0,8,1, , ,N,1,2,1,3,0,1,2,2,N, ,39 57:45.461,75 14:48.589,1407, ,1404, ,0, , , ,3, , , , , , , , , ,1,1,0,0,0,0,0,0,0,0,0,1,1,0,1,0,0,0,0,0,0,0,0,0,0,0,0,0,0,0,0,0,1,0,0,4,0,39.9627,-75.2467, , 
27490,327269,2015095346,6,67,67301,2015,9,3,2005,20,3,1,0,1,1, , ,N,6,0,0,3,0,0,3,3,N,N,39 56:55.117,75 11:09.395,2013, ,2008,2,1,4,N, ,0,N, , , , , , , , ,3,3,0,0,0,0,0,0,0,0,0,0,0,0,0,0,0,0,0,0,1,0,0,0,0,0,0,0,0,0,0,0,0,0,0,0,0,39.9486,-75.1859, , 
27491,327283,2015056557,6,67,67301,2015,5,7,1721,17,1,1,0,4,1, , ,N,1,2,0,3,0,1,3,2,N,N,39 57:36.054,75 09:55.036,1725, ,1724,2,2,1, , ,3,Y, , , , , , , , ,2,1,0,0,0,0,1,0,0,0,0,0,1,1,0,0,0,0,0,0,0,0,0,0,0,0,0,0,0,0,0,0,0,0,0,8,0,39.96,-75.1653, , 
27492,327295,2015114568,6,67,67301,2015,10,1,1251,12,1,1,0,4,1, , ,N,0,0,7,3,0,1,2,2,N,N,39 56:22.451,75 09:39.527,1329, ,1321, ,0, ,N, ,0, , , , , , , , , ,2,1,1,0,0,0,0,0,0,0,0,1,1,0,0,0,0,0,0,0,0,1,0,0,0,0,0,0,0,0,0,0,0,0,0,4,0,39.9396,-75.161, , 
27493,327296,2015114569,6,67,67301,2015,10,7,1755,17,4,1,0,4,1, , ,N,1,3,0,3,0,3,3,3,N, ,39 58:56.426,75 07:36.268,1802, ,1800,1,2,7, , ,3,N, , , , , , , , ,3,3,0,0,0,0,0,0,0,0,0,3,3,0,0,0,0,0,0,0,1,0,0,0,0,0,0,0,0,0,0,0,0,0,0,4,0,39.9823,-75.1267, , 
27494,327297,2015115219,6,67,67301,2015,10,3,1332,13,1,1,0,0,1, , ,N,0,0,0,3,0,1,2,1,N,N,40 02:30.570,75 00:14.269,1336, ,1332, ,0, ,N, ,0, , , , , , , , , ,1,1,0,0,0,0,0,0,0,0,0,0,1,1,0,0,0,0,0,0,1,0,0,0,0,0,0,0,0,0,0,0,0,0,0,8,0,40.0418,-75.004, , 
27495,327312,2015130307,6,67,67301,2015,11,5,1210,12,1,2,1,1,1, , ,N,0,0,0,3,0,1,2,2,N, ,39 58:14.511,75 13:32.385,1216, ,1212, ,0, , , ,0, , , , , , , , , ,2,1,0,0,0,0,0,1,0,0,0,1,1,0,0,0,0,0,0,0,0,0,0,1,0,0,0,0,0,0,0,0,0,0,0,4,0,39.9707,-75.2257, , 
27496,327331,2015070103,6,67,67301,2015,6,7,2105,21,3,1,0,4,1, , ,N,2,0,0,3,0,0,2,2,N, ,39 59:53.654,75 11:15.510,2111, ,2109, ,0, , , ,0, , , , , , , , , ,2,2,0,0,0,0,0,0,0,0,0,0,0,0,0,0,0,0,0,0,1,0,0,0,0,0,0,0,0,0,0,0,0,0,0,0,0,39.9982,-75.1876, , 
27497,327341,2015070159,6,67,67301,2015,6,7,1128,11,1,1,0,4,1, , ,N,1,2,0,3,0,2,3,2,N,N,39 55:26.156,75 13:19.597,1141, ,1135, ,0, , , ,3, , , , , , , , , ,2,1,0,0,1,0,0,0,0,0,0,0,2,2,0,0,0,0,0,0,0,0,0,0,0,0,0,0,0,0,0,0,0,0,0,8,0,39.9239,-75.2221, , 
27498,327342,2015070617,6,67,67301,2015,6,7,1836,18,1,1,0,4,1, , ,N,1,2,0,3,0,1,2,2,N, ,39 55:58.508,75 08:55.373,1847, ,1843, ,0, , , ,3, , , , , , , , , ,1,1,0,0,0,0,0,0,1,0,0,1,1,0,0,0,0,0,0,0,0,0,0,0,0,0,0,0,0,0,0,0,0,0,0,4,0,39.9329,-75.1487, , 
27499,332849,2015130019,6,67,67301,2015,11,1,317,3,3,1,0,5,6, , ,N,0,0,0,3,0,1,1,2,N, ,40 00:34.907,75 08:31.927,326, ,326, ,0, , , ,0, , , , , , , , , ,2,1,0,0,0,0,1,0,0,0,0,1,1,0,0,0,0,0,0,1,0,0,0,0,0,0,0,0,0,0,0,0,0,0,0,4,0,40.0097,-75.1422, , 
27500,332850,2015130053,6,67,67301,2015,11,2,625,6,3,1,0,4,1, , ,N,1,3,0,3,0,3,3,2,N, ,40 03:16.301,75 05:26.793,627, ,627, ,0, , , ,3, , , , , , , , , ,2,0,0,0,0,0,1,1,0,0,0,3,3,0,0,0,0,0,0,0,0,0,0,0,0,0,0,0,0,0,0,0,0,0,0,4,0,40.0545,-75.0908, , 
27501,332859,2016000618,6,67,67301,2015,12,2,2125,21,3,2,1,1,1, , ,N,0,0,0,3,0,0,2,2,N,N,39 58:00.642,75 11:15.632,2128, ,2125,1,1,4,N, ,0,N, , , , , , , , ,2,1,0,0,0,0,1,0,0,0,0,0,0,0,0,0,0,1,0,0,0,0,0,0,0,0,0,0,0,0,0,0,0,0,0,0,0,39.9668,-75.1877, , 
27502,332870,2015063977,6,67,67301,2015,6,3,915,9,1,2,1,8,1, , ,N,1,2,0,3,0,1,4,2,N,N,40 00:40.056,75 09:51.282,920, ,915, ,0, , , ,3, , , , , , , , , ,1,0,0,0,0,0,0,1,0,0,0,1,1,0,0,0,0,0,0,0,1,0,0,0,0,0,0,0,0,0,0,0,1,0,0,4,0,40.0111,-75.1641, , 
27503,332906,2015103376,6,67,67301,2015,9,6,2010,20,3,1,0,4,1, , ,N,1,2,0,3,0,5,5,3,N, ,40 01:48.733,75 07:06.450,2018, ,2015, ,0, ,N, ,3, , , , , , , , , ,3,3,0,0,0,0,0,0,0,0,1,4,5,0,0,0,0,0,0,0,0,0,0,0,0,0,0,0,0,0,0,0,0,0,0,3,0,40.0302,-75.1185, , 
27504,332907,2015103879,6,67,67301,2015,9,3,1357,13,1,1,0,5,1, , ,N,0,0,2,3,1,1,3,3,N,N,40 00:11.781,75 11:39.804,1405, ,1400,3,2,1,Y,0,0,Y, , , , , , , , ,2,0,0,0,0,1,0,1,0,0,0,0,1,1,0,0,0,0,0,0,1,0,0,1,0,0,1,0,0,0,0,0,0,0,0,1,1,40.0033,-75.1944,2, 
27505,332926,2015061755,6,67,67301,2015,5,5,1808,18,1,1,0,7,4, , ,N,0,0,0,3,0,3,3,2,N,N,40 03:11.418,75 09:23.600,1842, ,1828,9,2,4,N, ,0,N, , , , , , , , ,1,1,0,0,0,0,0,0,0,0,0,0,3,3,0,0,0,0,0,0,0,0,0,0,0,0,0,0,0,0,0,0,0,0,0,8,0,40.0532,-75.1566, , 
27506,332940,2016006018,6,67,67301,2015,12,3,2330,23,3,1,0,8,2, , ,N,1,2,0,3,0,1,2,2,N,N,39 57:33.899,75 14:43.234,2346, ,2345, ,0, ,N, ,3, , , , , , , , , ,1,1,0,0,0,0,0,0,0,0,0,1,1,0,1,0,0,0,0,0,0,0,0,0,0,0,0,0,0,0,0,0,1,0,0,4,0,39.9594,-75.2453, , 
27507,332960,2016000945,6,67,67301,2015,12,6,0,0,3,1,0,1,1, , ,N,1,2,0,3,0,1,3,2,N,N,40 01:32.829,75 07:58.227,200, ,200, ,0, ,N, ,3, , , , , , , , , ,2,1,0,0,0,0,0,1,0,0,0,0,1,1,0,0,0,0,0,0,0,0,0,0,0,0,0,0,0,0,0,0,0,0,0,8,0,40.0258,-75.1328, , 
27508,332995,2016001592,6,67,67301,2015,12,3,457,4,3,2,1,0,1, , ,N,0,0,0,3,0,1,1,1,N,N,39 58:56.925,75 12:27.701,502, ,458,1,1,4,N, ,0,N, , , , , , , , ,1,1,0,0,0,0,0,0,0,0,0,1,1,0,0,0,0,0,0,0,0,0,0,0,0,0,0,0,0,0,0,0,0,0,0,4,0,39.9825,-75.2077, , 
27509,333006,2015066572,6,67,67301,2015,6,6,2040,20,3,1,0,4,1, , ,N,1,2,0,3,0,0,4,2,N,N,39 58:42.242,75 09:20.526,2047, ,2045, ,0, ,N, ,3, , , , , , , , , ,2,2,0,0,0,0,0,0,0,0,0,0,0,0,0,0,0,0,0,0,0,0,0,1,0,0,0,0,0,0,0,0,0,0,0,0,0,39.9783,-75.1557, , 
27510,333027,2015093025,6,67,67301,2015,8,2,1835,18,1,1,0,5,1, , ,N,0,0,0,3,0,2,4,2,N,N,39 58:30.618,75 11:17.638,1900, ,1840, ,0, ,N, ,0, , , , , , , , , ,2,0,0,1,0,0,0,1,0,0,0,2,2,0,0,0,0,0,0,0,0,0,0,0,0,0,0,0,0,0,0,0,0,0,0,4,1,39.9752,-75.1882, , 
27511,333029,2015095229,6,67,67301,2015,9,5,1310,13,1,1,0,5,1, , ,N,0,0,0,3,0,1,3,3,N, ,40 00:19.236,75 08:27.592,1340, ,1330,3,2,7, , ,0,Y, , , , , , , , ,3,1,0,0,0,0,2,0,0,0,0,1,1,0,0,0,1,0,0,0,0,0,0,0,0,0,0,0,0,0,0,0,0,0,0,4,0,40.0053,-75.141, , 
27512,333042,2015114108,6,67,67301,2015,10,1,1500,15,1,1,0,5,1, , ,N,0,0,0,3,0,1,2,2,N,N,39 55:52.811,75 10:30.566,10, ,5, ,0, , , ,0, , , , , , , , , ,1,1,0,0,0,0,0,0,1,0,0,1,1,0,1,0,0,0,0,0,0,0,0,0,0,0,0,0,0,0,0,0,0,0,0,4,0,39.9313,-75.1752, , 
27513,333051,2015130270,6,67,67301,2015,11,7,2235,22,2,1,0,6,6, , ,N,0,0,0,3,0,0,2,3,N, ,40 03:45.132,75 03:49.539,2240, ,2235,2,1,2, , ,0,N, , , , , , , , ,3,2,0,0,0,0,0,1,0,0,0,0,0,0,0,0,0,0,0,0,0,0,0,1,0,0,0,0,0,0,0,0,0,0,0,0,0,40.0625,-75.0638, , 
27514,333053,2016002970,6,67,67301,2015,12,6,1830,18,3,2,1,4,1, , ,N,1,3,0,3,0,1,3,2,N,N,40 00:07.027,75 08:24.226,1850, ,1830, ,0, ,N, ,3, , , , , , , , , ,2,2,0,0,0,0,0,0,0,0,0,1,1,0,0,0,0,0,0,0,1,0,0,3,0,0,0,0,0,0,0,0,0,0,0,4,0,40.002,-75.1401, , 
27515,333060,2015063950,6,67,67301,2015,5,2,1330,13,1,1,0,8,1, , ,N,1,2,0,3,0,1,2,2,N,N,39 56:53.175,75 09:15.257,1330, ,1330, ,0, ,N, ,3, , , , , , , , , ,1,1,0,0,0,0,0,0,0,0,1,0,1,0,0,0,0,0,0,0,0,0,0,0,0,0,0,0,0,0,0,0,1,0,0,3,0,39.9481,-75.1542, , 