objectid_1,objectid,crn,district,county,municipality,crash_year,crash_month,day_of_week,time_of_day,hour_of_day,illumination,weather,road_condition,collision_type,relation_to_road,work_zone_type,work_zone_loc,work_zone_ind,intersect_type,tcd_type,location_type,urban_rural,fatal_count,injury_count,person_count,total_units,sch_bus_ind,sch_zone_ind,latitude,longitude,arrival_tm,cons_zone_spd_lim,dispatch_tm,est_hrs_closed,lane_closed,ln_close_dir,ntfy_hiwy_maint,spec_juris_cd,tcd_func_cd,tfc_detour_ind,workers_pres,wz_close_detour,wz_flagger,wz_law_offcr_ind,wz_ln_closure,wz_moving,wz_other,wz_shlder_mdn,vehicle_count,automobile_count,motorcycle_count,bus_count,small_truck_count,heavy_truck_count,suv_count,van_count,bicycle_count,maj_inj_count,mod_inj_count,min_inj_count,tot_inj_count,unk_inj_deg_count,unk_inj_per_count,driver_count_16yr,driver_count_17yr,driver_count_18yr,driver_count_19yr,driver_count_20yr,driver_count_50_64yr,driver_count_65_74yr,driver_count_75plus,unbelted_occ_count,unb_death_count,unb_maj_inj_count,belted_death_count,belted_maj_inj_count,mcycle_death_count,mcycle_maj_inj_count,bicycle_death_count,bicycle_maj_inj_count,ped_count,ped_death_count,ped_maj_inj_count,max_severity_level,comm_veh_count,dec_lat,dec_long,rdwy_surf_type_cd,county_name
27651,333333,2015083382,6,67,67301,2015,7,2,1855,18,1,1,0,4,1, , ,N,2,2,0,3,0,1,3,2,N,N,40 03:19.907,75 07:34.654,1913, ,1902,2,1,2, , ,3,Y, , , , , , , , ,2,1,0,0,0,0,1,0,0,0,0,0,1,1,1,0,0,0,0,0,1,0,0,0,0,0,0,0,0,0,0,0,0,0,0,8,0,40.0554,-75.1263, , 
27652,333380,2015061757,6,67,67301,2015,5,6,1524,15,1,1,0,4,1, , ,N,1,2,0,3,0,0,2,2,N,N,40 01:37.269,75 04:31.638,1625, ,1606,3,1,1, , ,3,N, , , , , , , , ,2,1,0,0,0,1,0,0,0,0,0,0,0,0,1,0,0,0,0,0,2,0,0,0,0,0,0,0,0,0,0,0,0,0,0,9,1,40.027,-75.0755, , 
27653,333393,2015074881,6,67,67301,2015,7,3,1339,13,1,1,0,7,3, , ,N,0,8,3,3,0,1,3,1,N,N,39 55:24.160,75 11:32.076,1339, ,1339,1,1,4,N, ,3,N, , , , , , , , ,1,0,0,0,0,0,1,0,0,0,1,0,1,0,0,0,0,0,0,0,0,0,0,1,0,0,0,0,0,0,0,0,0,0,0,3,0,39.9234,-75.1922, , 
27654,333410,2015040892,6,67,67301,2015,3,4,2200,22,3,1,0,8,1, , ,N,1,2,0,3,0,1,2,2,N,N,40 01:16.921,75 08:54.965,2205, ,2200, ,0, ,N, ,3, , , , , , , , , ,1,1,0,0,0,0,0,0,0,0,0,1,1,0,0,0,0,0,0,0,0,0,0,0,0,0,0,0,0,0,0,0,1,0,0,4,0,40.0214,-75.1485, , 
27655,333411,2015042702,6,67,67301,2015,3,1,115,1,3,1,0,4,1, , ,N,1,2,0,3,0,2,4,2,N,N,39 57:30.397,75 14:14.901,9999, ,117,3,1,4,N, ,3,Y, , , , , , , , ,2,1,0,0,0,0,1,0,0,0,2,0,2,0,0,0,0,0,0,0,0,0,0,0,0,0,0,0,0,0,0,0,0,0,0,3,0,39.9584,-75.2375, , 
27656,333432,2015083967,6,67,67301,2015,7,1,2229,22,3,1,0,1,1, , ,N,6,0,2,3,0,4,12,5,N,N,39 53:52.823,75 11:01.689,2253, ,2247,3,1,2,N, ,0,N, , , , , , , , ,5,0,0,0,0,0,5,0,0,0,0,4,4,0,0,0,0,0,0,0,0,0,0,0,0,0,0,0,0,0,0,0,0,0,0,4,0,39.8988,-75.1693, , 
27657,333436,2015091124,6,67,67301,2015,8,7,2358,23,3,1,0,1,1, , ,N,0,0,0,3,0,0,2,4,N,N,40 02:30.600,75 11:11.100,12, ,7,3,2,6,N, ,0,Y, , , , , , , , ,4,3,0,0,0,0,1,0,0,0,0,0,0,0,0,0,0,0,0,0,0,1,0,0,0,0,0,0,0,0,0,0,0,0,0,0,0,40.0418,-75.1864, , 
27658,333437,2015092466,6,67,67301,2015,8,5,212,2,3,1,0,6,6, , ,N,0,0,0,3,0,1,1,4,N,N,39 58:07.554,75 13:14.703,217, ,217, ,0, ,N, ,0, , , , , , , , , ,4,4,0,0,0,0,0,0,0,0,0,1,1,0,0,0,0,0,0,0,0,0,0,1,0,0,0,0,0,0,0,0,0,0,0,4,0,39.9688,-75.2208, , 
27659,333459,2015103293,6,67,67301,2015,9,7,1945,19,3,1,0,4,1, , ,N,1,3,0,3,0,0,2,2,N, ,40 00:42.501,75 06:35.945,1950, ,1950, ,0, , , ,3, , , , , , , , , ,2,1,0,0,1,0,0,0,0,0,0,0,0,0,0,0,0,0,0,0,1,0,0,0,0,0,0,0,0,0,0,0,0,0,0,0,0,40.0118,-75.11, , 
27660,333476,2015120984,6,67,67301,2015,11,3,1554,15,1,1,0,4,1, , ,N,1,2,0,3,0,2,4,2,N,N,40 00:20.131,75 06:11.812,1555, ,1555,1,1,3,N, ,3,N, , , , , , , , ,2,2,0,0,0,0,0,0,0,0,0,2,2,0,1,0,0,0,0,0,1,0,0,0,0,0,0,0,0,0,0,0,0,0,0,4,0,40.0056,-75.1033, , 
27661,330868,2015095678,6,67,67301,2015,9,6,1540,15,1,1,0,5,1, , ,N,1,2,0,3,0,1,3,3,N, ,39 56:53.881,75 09:20.963,1540, ,1540, ,0, , , ,3, , , , , , , , , ,2,1,0,1,0,0,0,0,1,0,0,1,1,0,0,0,0,0,0,0,1,0,0,0,0,0,0,0,0,0,0,0,0,0,0,4,1,39.9483,-75.1558, , 
27662,330876,2015106210,6,67,67301,2015,10,6,1555,15,1,1,0,1,1, , ,N,0,0,0,3,0,0,3,2,N,N,39 52:36.104,75 15:22.909,1623, ,1602, ,0, ,N, ,0, , , , , , , , , ,2,0,0,0,0,0,2,0,0,0,0,0,0,0,0,0,0,0,0,0,1,0,0,0,0,0,0,0,0,0,0,0,0,0,0,0,0,39.8767,-75.2564, , 
27663,330882,2015115137,6,67,67301,2015,10,3,1228,12,1,1,0,8,1, , ,N,1,3,0,3,0,1,3,2,N,N,39 59:25.389,75 08:22.606,1230, ,1230, ,0, ,N, ,3, , , , , , , , , ,1,1,0,0,0,0,0,0,0,0,0,1,1,0,0,0,0,0,0,0,0,0,1,0,0,0,0,0,0,0,0,0,1,0,0,4,0,39.9904,-75.1396, , 
27664,330889,2015117599,6,67,67301,2015,10,5,745,7,1,1,0,1,1, , ,N,2,2,0,3,0,0,2,2,N, ,40 01:19.837,75 13:05.894,800, ,751, ,0, , , ,3, , , , , , , , , ,2,2,0,0,0,0,0,0,0,0,0,0,0,0,0,0,0,0,0,0,0,0,0,1,0,0,0,0,0,0,0,0,0,0,0,0,0,40.0222,-75.2183, , 
27665,330905,2015092992,6,67,67301,2015,8,2,1907,19,1,1,0,1,1, , ,N,1,2,0,3,0,1,2,2,N,N,40 05:45.060,75 01:30.586,1912, ,1907, ,0, ,N, ,3, , , , , , , , , ,2,1,0,0,0,0,0,1,0,0,0,1,1,0,0,0,0,0,0,0,0,0,0,0,0,0,0,0,0,0,0,0,0,0,0,4,0,40.0959,-75.0252, , 
27666,330911,2015097631,6,67,67301,2015,9,4,1547,15,1,1,0,1,1, , ,N,0,0,0,3,0,1,4,3,N,N,39 57:30.486,75 10:03.099,1555, ,1547,2,1,3,N, ,0,N, , , , , , , , ,3,3,0,0,0,0,0,0,0,0,0,0,1,1,0,0,0,0,0,1,0,0,0,0,0,0,0,0,0,0,0,0,0,0,0,8,0,39.9585,-75.1675, , 
27667,330912,2015099120,6,67,67301,2015,9,6,1400,14,1,1,0,4,1, , ,N,1,2,0,3,0,1,3,2,N,N,40 03:12.823,75 10:40.715,1513, ,1509,9,1,7,N, ,3,N, , , , , , , , ,2,1,0,0,0,0,1,0,0,0,0,1,1,0,0,0,0,0,0,0,0,0,0,0,0,0,0,0,0,0,0,0,0,0,0,4,0,40.0536,-75.178, , 
27668,330926,2015060100,6,67,67301,2015,5,7,218,2,3,1,0,0,1, , ,N,0,0,0,3,1,0,3,2,N,N,39 57:45.622,75 10:59.858,223, ,219,3,2,4,N,0,0,Y, , , , , , , , ,2,1,1,0,0,0,0,0,0,0,0,0,0,0,0,0,0,0,0,0,0,0,0,0,0,0,0,0,1,0,0,0,0,0,0,1,0,39.9627,-75.1833,1, 
27669,330946,2015073462,6,67,67301,2015,6,3,1718,17,1,2,1,5,1, , ,N,0,0,0,3,0,0,3,2,N,N,39 53:35.508,75 13:56.492,1740, ,1722, ,0, ,Y, ,0, , , , , , , , , ,2,1,0,0,0,0,1,0,0,0,0,0,0,0,0,0,0,0,0,0,1,0,0,0,0,0,0,0,0,0,0,0,0,0,0,0,0,39.8932,-75.2324, , 
27670,330958,2015084422,6,67,67301,2015,7,7,1903,19,4,2,1,8,1, , ,N,0,0,0,3,0,1,2,2,N,N,39 57:19.137,75 13:34.690,2006, ,2006,9,2,6,N, ,0,Y, , , , , , , , ,1,0,0,0,0,0,0,0,0,0,1,0,1,0,0,0,0,0,0,0,0,0,0,0,0,0,0,0,0,0,0,0,1,0,0,3,0,39.9553,-75.2263, , 
27671,330975,2015106414,6,67,67301,2015,9,2,1452,14,1,1,0,4,1, , ,N,2,2,0,3,0,1,2,2,N,N,39 54:04.971,75 14:21.471,1551, ,1457,3,2,4,N, ,3,Y, , , , , , , , ,2,1,0,0,0,1,0,0,0,0,1,0,1,0,0,0,0,1,0,0,0,0,0,0,0,0,0,0,0,0,0,0,0,0,0,3,1,39.9014,-75.2393, , 
27672,331004,2015130064,6,67,67301,2015,11,6,2049,20,1,9,0,4,1, , ,N,1,3,0,3,0,1,2,2,N, ,39 56:08.163,75 09:36.705,2105, ,2055, ,0, , , ,3, , , , , , , , , ,1,1,0,0,0,0,0,0,1,0,0,1,1,0,0,0,0,0,0,0,0,0,0,0,0,0,0,0,0,0,0,0,0,0,0,4,0,39.9356,-75.1602, , 
27673,331005,2015130357,6,67,67301,2015,11,7,1710,17,3,1,0,4,1, , ,N,1,2,0,3,0,1,5,2,N,N,40 02:03.671,75 04:29.368,1715, ,1713, ,0, ,N, ,3, , , , , , , , , ,2,1,0,0,0,0,1,0,0,0,0,1,1,0,0,0,0,0,0,0,0,0,0,0,0,0,0,0,0,0,0,0,0,0,0,4,0,40.0343,-75.0746, , 
27674,331009,2015135630,6,67,67301,2015,12,5,1000,10,1,2,1,7,4, , ,N,0,0,0,3,0,0,2,1,N,N,39 57:36.212,75 10:48.662,1008, ,1000,1,1,3,N, ,0,N, , , , , , , , ,1,0,0,0,0,0,1,0,0,0,0,0,0,0,0,0,0,0,0,0,0,0,0,0,0,0,0,0,0,0,0,0,0,0,0,0,0,39.9601,-75.1802, , 
27675,331030,2016002336,6,67,67301,2015,12,3,1330,13,1,1,0,1,1, , ,N,0,0,0,3,0,2,2,2,N, ,40 02:22.810,75 02:45.688,1624, ,1624, ,0, , , ,0, , , , , , , , , ,2,2,0,0,0,0,0,0,0,0,0,2,2,0,0,0,0,0,0,0,0,0,0,0,0,0,0,0,0,0,0,0,0,0,0,4,0,40.0397,-75.046, , 
27676,331036,2015052293,6,67,67301,2015,4,4,1815,18,1,1,0,1,1, , ,N,1,2,0,3,0,0,2,2,N, ,39 57:56.904,75 14:46.137,1838, ,1821, ,0, , , ,3, , , , , , , , , ,2,2,0,0,0,0,0,0,0,0,0,0,0,0,1,0,0,0,0,0,1,0,0,0,0,0,0,0,0,0,0,0,0,0,0,9,0,39.9658,-75.2461, , 
27677,331040,2015056491,6,67,67301,2015,5,1,1651,16,1,1,1,4,1, , ,N,1,2,0,3,0,1,3,2,N, ,40 01:31.746,75 07:20.688,1655, ,1651,1,1,4, , ,3,Y, , , , , , , , ,2,1,0,0,1,0,0,0,0,0,0,1,1,0,0,0,0,0,0,0,1,1,0,1,0,0,0,0,0,0,0,0,0,0,0,4,0,40.0255,-75.1224, , 
27678,331059,2015101975,6,67,67301,2015,9,5,1452,14,1,1,0,4,1, , ,N,1,2,0,3,0,2,2,2,N, ,40 01:57.808,75 04:19.924,1459, ,1454,1,1,4, , ,3,N, , , , , , , , ,2,1,0,0,0,0,1,0,0,0,1,1,2,0,0,0,0,0,0,0,1,0,0,0,0,0,0,0,0,0,0,0,0,0,0,3,0,40.0327,-75.0722, , 
27679,324885,2015070642,6,67,67301,2015,6,1,440,4,3,2,1,7,4, , ,N,0,0,0,3,0,0,3,1,N, ,39 56:25.861,75 11:15.349,443, ,440,2,1,2, , ,0,N, , , , , , , , ,1,0,0,0,0,0,1,0,0,0,0,0,0,0,0,0,0,0,0,0,0,0,0,0,0,0,0,0,0,0,0,0,0,0,0,0,0,39.9405,-75.1876, , 
27680,324898,2015083351,6,67,67301,2015,8,1,1400,14,1,1,0,4,1, , ,N,1,2,0,3,0,0,2,2,N,N,40 04:38.723,75 10:31.829,1510, ,1504, ,0, ,N, ,3, , , , , , , , , ,2,2,0,0,0,0,0,0,0,0,0,0,0,0,0,0,0,0,0,0,0,0,0,0,0,0,0,0,0,0,0,0,0,0,0,0,0,40.0774,-75.1755, , 
27681,324899,2015084457,6,67,67301,2015,7,5,1730,17,1,1,0,1,1, , ,N,1,2,0,3,0,2,3,2,N, ,39 58:37.995,75 13:36.385,1822, ,1746, ,0, , , ,3, , , , , , , , , ,2,1,0,0,0,0,1,0,0,0,0,0,2,2,0,0,0,0,0,0,0,0,0,0,0,0,0,0,0,0,0,0,0,0,0,8,0,39.9772,-75.2268, , 
27682,324901,2015086208,6,67,67301,2015,8,6,1925,19,1,1,0,4,1, , ,N,1,2,0,3,0,1,3,2,N,N,40 05:40.718,75 00:54.707,1930, ,1926,2,2,2,N, ,3,N, , , , , , , , ,2,1,1,0,0,0,0,0,0,0,1,0,1,0,0,0,0,0,0,0,1,0,0,0,0,0,0,0,0,0,0,0,0,0,0,3,0,40.0946,-75.0152, , 
27683,324929,2015070135,6,67,67301,2015,6,5,1226,12,1,2,1,4,1, , ,N,0,0,7,3,0,1,2,2,N,Y,39 59:12.932,75 07:54.168,1227, ,1226, ,0, ,N, ,0, , , , , , , , , ,1,1,0,0,0,0,0,0,1,0,0,1,1,0,0,0,0,0,0,0,0,0,0,0,0,0,0,0,0,0,0,0,0,0,0,4,0,39.9869,-75.1317, , 
27684,324930,2015070210,6,67,67301,2015,6,5,1543,15,1,1,0,4,1, , ,N,1,3,0,3,0,2,3,2,N,N,40 03:40.942,75 10:07.191,1550, ,1546, ,0, ,N, ,3, , , , , , , , , ,2,2,0,0,0,0,0,0,0,0,2,0,2,0,0,0,0,0,0,0,1,0,1,3,0,0,0,0,0,0,0,0,0,0,0,3,0,40.0614,-75.1687, , 
27685,324933,2015073617,6,67,67301,2015,7,7,154,1,3,1,0,7,4, , ,N,0,0,2,3,0,2,3,2,N,N,40 00:21.464,75 11:39.282,215, ,154, ,0, ,N, ,0, , , , , , , , , ,2,2,0,0,0,0,0,0,0,0,0,0,2,2,0,0,0,0,0,1,0,0,0,0,0,0,0,0,0,0,0,0,0,0,0,8,0,40.006,-75.1942, , 
27686,324950,2015092056,6,67,67301,2015,8,5,800,8,3,2,1,7,5, , ,N,2,2,0,3,0,1,1,1,N, ,40 00:21.969,75 11:16.284,2019, ,2000, ,0, , , ,3, , , , , , , , , ,1,0,0,0,0,0,1,0,0,0,0,0,1,1,0,0,0,0,0,0,1,0,0,0,0,0,0,0,0,0,0,0,0,0,0,8,0,40.0061,-75.1879, , 
27687,324960,2015063022,6,67,67301,2015,6,6,1645,16,1,1,0,1,1,1,4,Y,0,0,0,3,0,0,2,2,N,N,40 01:20.886,75 02:13.423,1715,45,1656, ,0, ,N, ,0, ,Y,N,N,N,Y,N,Y,Y,2,1,0,0,0,0,1,0,0,0,0,0,0,0,0,0,0,0,0,0,0,0,0,0,0,0,0,0,0,0,0,0,0,0,0,0,0,40.0225,-75.0371, , 
27688,324964,2015070206,6,67,67301,2015,6,5,1454,14,1,1,0,4,1, , ,N,1,2,0,3,0,0,2,2,N,N,40 02:14.748,75 10:54.526,1530, ,1525, ,0, ,N, ,3, , , , , , , , , ,2,2,0,0,0,0,0,0,0,0,0,0,0,0,0,0,0,0,0,0,0,0,0,0,0,0,0,0,0,0,0,0,0,0,0,0,0,40.0374,-75.1818, , 
27689,324972,2015086211,6,67,67301,2015,8,2,1805,18,1,1,0,4,6, , ,N,0,0,7,3,0,6,6,2,N,N,39 57:24.964,75 12:34.777,1813, ,1809, ,0, ,N, ,0, , , , , , , , , ,2,0,0,0,0,0,1,1,0,0,0,6,6,0,0,0,0,0,0,0,1,0,0,1,0,0,0,0,0,0,0,0,0,0,0,4,0,39.9569,-75.2097, , 
27690,325011,2015118140,6,67,67301,2015,10,1,535,5,5,1,0,2,6, , ,N,0,0,0,3,0,0,1,3,N,N,40 02:20.090,75 04:49.108,545, ,540,2,2,1,N, ,0,Y, , , , , , , , ,3,1,0,0,1,0,1,0,0,0,0,0,0,0,0,0,0,0,0,0,0,0,0,1,0,0,0,0,0,0,0,0,0,0,0,0,0,40.0389,-75.0803, , 
27691,325013,2015120506,6,67,67301,2015,10,1,2112,21,3,1,0,4,1, , ,N,1,2,0,3,0,3,3,2,N,N,40 03:41.185,75 05:01.882,2115, ,2113,1,1,6, , ,3,Y, , , , , , , , ,2,2,0,0,0,0,0,0,0,0,2,1,3,0,0,0,0,0,1,0,0,0,0,0,0,0,0,0,0,0,0,0,0,0,0,3,0,40.0614,-75.0839, , 
27692,325023,2015061855,6,67,67301,2015,5,1,2320,23,3,1,0,4,1, , ,N,1,2,0,3,0,0,2,2,N,N,40 01:43.697,75 05:23.235,2330, ,2337,1,1,1,N, ,3,N, , , , , , , , ,2,1,0,0,0,0,1,0,0,0,0,0,0,0,0,0,0,0,1,0,0,0,0,0,0,0,0,0,0,0,0,0,0,0,0,0,0,40.0288,-75.0898, , 
27693,325026,2015117591,6,67,67301,2015,10,3,1849,18,3,1,0,4,1, , ,N,0,2,7,3,0,1,4,3,N,N,40 05:10.029,75 02:18.487,1852, ,1850, ,0, ,N, ,3, , , , , , , , , ,3,2,0,0,0,0,0,1,0,0,1,0,1,0,0,0,0,0,0,0,1,0,0,0,0,0,0,0,0,0,0,0,0,0,0,3,0,40.0861,-75.0385, , 
27694,325046,2015134585,6,67,67301,2015,12,2,1958,19,3,1,0,1,1, , ,N,0,0,0,3,0,1,2,2,N,N,39 57:25.565,75 09:07.667,2030, ,2002,2,2,3,N, ,0,N, , , , , , , , ,2,2,0,0,0,0,0,0,0,0,0,1,1,0,0,0,0,0,0,0,0,0,0,0,0,0,0,0,0,0,0,0,0,0,0,4,0,39.9571,-75.1521, , 
27695,325051,2016002353,6,67,67301,2015,12,6,1230,12,1,1,0,8,1, , ,N,2,3,0,3,0,1,2,2,N, ,39 55:23.102,75 09:34.741,1240, ,1239, ,0, , , ,3, , , , , , , , , ,1,0,0,0,0,0,1,0,0,0,0,0,1,1,0,0,0,0,0,0,1,0,0,0,0,0,0,0,0,0,0,0,1,0,0,8,0,39.9231,-75.1597, , 
27696,325052,2016002589,6,67,67301,2015,12,5,1350,13,1,2,1,7,3, , ,N,0,0,0,3,0,1,1,1,N,N,40 01:39.100,75 11:32.200,1405, ,1350,2,2,2,N, ,0,Y, , , , , , , , ,1,0,0,0,0,0,1,0,0,0,1,0,1,0,0,0,0,0,0,0,0,0,0,0,0,0,0,0,0,0,0,0,0,0,0,3,0,40.0275,-75.1923, , 
27697,327682,2015070627,6,67,67301,2015,6,1,815,8,1,1,0,2,1, , ,N,0,0,0,3,0,2,3,2,N, ,39 58:53.442,75 06:49.669,835, ,825,1,1,6, , ,0,Y, , , , , , , , ,2,1,0,0,0,0,1,0,0,0,0,0,2,2,0,0,0,0,0,0,1,0,0,0,0,0,0,0,0,0,0,0,0,0,0,8,0,39.9815,-75.1138, , 
27698,327686,2015073675,6,67,67301,2015,7,6,1100,11,1,1,1,4,1, , ,N,1,3,0,3,0,0,2,2,N,N,39 58:20.238,75 09:57.031,1145, ,1115, ,0, ,N, ,3, , , , , , , , , ,2,1,0,0,0,0,0,1,0,0,0,0,0,0,0,0,0,0,0,0,0,0,0,0,0,0,0,0,0,0,0,0,0,0,0,0,0,39.9723,-75.1658, , 
27699,327701,2015092469,6,67,67301,2015,7,5,2145,21,3,1,1,4,1, , ,N,5,2,2,3,0,0,4,2,N, ,39 57:26.413,75 09:08.132,2159, ,2150, ,0, , , ,3, , , , , , , , , ,2,2,0,0,0,0,0,0,0,0,0,0,0,0,3,0,0,0,0,0,0,0,0,0,0,0,0,0,0,0,0,0,0,0,0,9,0,39.9573,-75.1523, , 
27700,327721,2015087518,6,67,67301,2015,8,3,2046,20,3,1,0,1,1, , ,N,0,0,0,3,0,1,3,3,N,N,39 59:20.444,75 06:30.929,2100, ,2046,2,1,1,N, ,0,N, , , , , , , , ,3,2,0,0,0,0,0,1,0,0,1,0,1,0,0,0,0,1,0,0,0,0,0,0,0,0,0,0,0,0,0,0,0,0,0,3,0,39.989,-75.1086, , 
27701,327735,2015102078,6,67,67301,2015,10,6,1418,14,1,2,1,1,1, , ,N,6,0,2,3,0,0,3,3,N,N,39 57:26.940,75 08:48.293,1500, ,1437, ,0, ,N, ,0, , , , , , , , , ,3,2,0,0,0,0,1,0,0,0,0,0,0,0,0,0,0,0,0,0,0,1,0,0,0,0,0,0,0,0,0,0,0,0,0,0,0,39.9575,-75.1467, , 
27702,327737,2015103312,6,67,67301,2015,9,2,955,9,1,8,0,4,1, , ,N,2,3,0,3,0,0,2,2,N,N,40 03:49.345,75 09:49.683,1006, ,1002, ,0, , , ,3, , , , , , , , , ,2,2,0,0,0,0,0,0,0,0,0,0,0,0,0,0,0,0,0,0,1,0,0,0,0,0,0,0,0,0,0,0,0,0,0,0,0,40.0637,-75.1638, , 
27703,327757,2015130265,6,67,67301,2015,11,3,1345,13,1,1,0,4,1, , ,N,1,3,0,3,0,2,2,2,N, ,39 56:32.336,75 14:01.801,1356, ,1353, ,0, , , ,3, , , , , , , , , ,2,2,0,0,0,0,0,0,0,0,0,0,2,2,0,0,0,0,0,0,0,0,0,0,0,0,0,0,0,0,0,0,0,0,0,8,0,39.9423,-75.2338, , 
27704,327764,2015056671,6,67,67301,2015,5,4,2020,20,4,1,0,7,4, , ,N,0,0,2,3,0,0,1,1,N,N,40 00:06.252,75 05:05.603,2020, ,2020,1,2,3,N, ,0,N, , , , , , , , ,1,1,0,0,0,0,0,0,0,0,0,0,0,0,0,0,0,0,0,0,0,0,0,0,0,0,0,0,0,0,0,0,0,0,0,0,0,39.9936,-75.0791, , 
27705,327773,2015066065,6,67,67301,2015,4,5,1051,10,1,1,0,7,4, , ,N,1,0,0,3,1,0,1,1,N,N,40 01:37.880,75 03:06.310,1054, ,1052, ,0, ,N,0,0, , , , , , , , , ,1,0,0,0,0,0,0,0,0,0,0,0,0,0,0,0,0,0,0,0,0,0,0,0,0,0,0,0,0,0,0,0,0,0,0,1,0,40.0272,-75.0518,1, 
27706,327775,2015066540,6,67,67301,2015,6,6,1110,11,1,1,0,1,1, , ,N,1,2,0,3,0,0,2,2,N,N,39 58:42.242,75 09:20.526,1130, ,1110, ,0, ,N, ,3, , , , , , , , , ,2,2,0,0,0,0,0,0,0,0,0,0,0,0,0,0,0,0,1,0,1,0,0,0,0,0,0,0,0,0,0,0,0,0,0,0,0,39.9783,-75.1557, , 
27707,327779,2015073672,6,67,67301,2015,6,2,722,7,1,1,0,4,1, , ,N,1,2,0,3,0,1,2,2,N,N,40 03:20.701,75 05:22.429,826, ,822, ,0, ,N, ,3, , , , , , , , , ,2,0,1,0,0,1,0,0,0,0,0,1,1,0,0,0,0,0,0,0,0,0,0,0,0,0,0,0,0,0,0,0,0,0,0,4,1,40.0558,-75.0896, , 
27708,327793,2015091013,6,67,67301,2015,8,3,1325,13,1,1,0,4,1, , ,N,1,2,0,3,0,0,2,3,N,N,39 56:38.115,75 09:06.879,1337, ,1336,1,1,2,N, ,3,N, , , , , , , , ,3,0,0,0,0,0,3,0,0,0,0,0,0,0,0,0,0,0,0,0,0,1,0,0,0,0,0,0,0,0,0,0,0,0,0,0,0,39.9439,-75.1519, , 
27709,327824,2015129951,6,67,67301,2015,11,4,20,0,3,2,1,4,1, , ,N,1,2,0,3,0,0,2,2,N,N,39 58:46.236,75 09:51.389,26, ,25, ,0, ,N, ,3, , , , , , , , , ,2,2,0,0,0,0,0,0,0,0,0,0,0,0,0,0,0,0,1,0,0,0,0,0,0,0,0,0,0,0,0,0,0,0,0,0,0,39.9795,-75.1642, , 
27710,327856,2015019427,6,67,67301,2015,1,7,1004,10,1,1,0,4,1, , ,N,0,0,0,3,0,0,3,2,N,N,39 59:11.363,75 12:33.349,1026, ,1004,1,2,1,N, ,0,N, , , , , , , , ,2,2,0,0,0,0,0,0,0,0,0,0,0,0,1,0,0,0,0,0,1,0,0,0,0,0,0,0,0,0,0,0,0,0,0,9,0,39.9865,-75.2093, , 
27711,327871,2015083974,6,67,67301,2015,7,5,1319,13,1,1,0,1,1, , ,N,0,0,0,3,0,0,6,2,N,N,39 57:28.851,75 09:49.400,1335, ,1329,2,1,3,N, ,0,N, , , , , , , , ,2,1,0,0,0,0,1,0,0,0,0,0,0,0,4,0,0,0,0,0,1,0,0,0,0,0,0,0,0,0,0,0,0,0,0,9,0,39.958,-75.1637, , 
27712,327885,2015095801,6,67,67301,2015,8,3,2200,22,3,1,0,1,1, , ,N,1,2,0,3,0,2,4,3,N,N,40 06:05.448,75 00:21.920,2210, ,2205, ,0, ,N, ,3, , , , , , , , , ,3,1,0,0,0,0,1,1,0,0,0,2,2,0,0,1,0,0,0,0,0,0,0,0,0,0,0,0,0,0,0,0,0,0,0,4,0,40.1015,-75.0061, , 
27713,327900,2015115145,6,67,67301,2015,10,1,1503,15,1,1,0,8,1, , ,N,0,0,0,3,0,1,3,2,N,N,39 58:34.575,75 10:19.801,1555, ,1545, ,0, ,N, ,0, , , , , , , , , ,1,1,0,0,0,0,0,0,0,0,0,0,1,1,0,0,0,0,0,0,0,0,0,0,0,0,0,0,0,0,0,0,1,0,0,8,0,39.9763,-75.1722, , 
27714,327901,2015115230,6,67,67301,2015,10,4,1840,18,3,2,1,1,1, , ,N,0,0,0,3,0,0,2,2,N,N,39 53:56.719,75 10:01.519,1855, ,1843,1,1,1,N, ,0,N, , , , , , , , ,2,2,0,0,0,0,0,0,0,0,0,0,0,0,0,0,0,0,0,0,0,0,0,0,0,0,0,0,0,0,0,0,0,0,0,0,0,39.8991,-75.1671, , 
27715,327909,2015066297,6,67,67301,2015,6,6,809,8,1,2,1,7,4, , ,N,0,0,0,3,0,0,1,1,N,N,40 01:00.513,75 12:09.088,813, ,810,1,1,1,N, ,0,N, , , , , , , , ,1,1,0,0,0,0,0,0,0,0,0,0,0,0,0,0,0,0,0,0,0,0,0,0,0,0,0,0,0,0,0,0,0,0,0,0,0,40.0168,-75.2025, , 
27716,333509,2016002557,6,67,67301,2015,12,5,1503,15,1,2,1,2,1, , ,N,0,0,0,3,0,2,2,2,N,N,40 02:05.700,75 11:18.300,1520, ,1503,1,2,5,N, ,0,Y, , , , , , , , ,2,1,0,0,0,0,1,0,0,0,0,2,2,0,0,0,0,0,0,0,1,0,0,0,0,0,0,0,0,0,0,0,0,0,0,4,0,40.0349,-75.1884, , 
27717,333510,2016012880,6,67,67301,2015,6,7,640,6,1,1,0,1,1, , ,N,0,0,0,3,0,1,2,2,N,N,40 01:29.863,75 08:52.138,0, ,0, ,0, ,N, ,0, , , , , , , , , ,2,2,0,0,0,0,0,0,0,0,0,0,1,1,1,0,0,0,0,0,1,0,0,0,0,0,0,0,0,0,0,0,0,0,0,8,0,40.025,-75.1478, , 
27718,333516,2015063515,6,67,67301,2015,6,3,2305,23,3,2,1,1,6, , ,N,0,0,0,3,0,1,1,2,N,N,40 02:46.907,75 11:32.342,2315, ,2309, ,0, ,N, ,0, , , , , , , , , ,2,2,0,0,0,0,0,0,0,0,0,1,1,0,0,0,0,0,0,0,0,0,0,0,0,0,0,0,0,0,0,0,0,0,0,4,0,40.0464,-75.1923, , 