objectid_1,objectid,crn,district,county,municipality,crash_year,crash_month,day_of_week,time_of_day,hour_of_day,illumination,weather,road_condition,collision_type,relation_to_road,work_zone_type,work_zone_loc,work_zone_ind,intersect_type,tcd_type,location_type,urban_rural,fatal_count,injury_count,person_count,total_units,sch_bus_ind,sch_zone_ind,latitude,longitude,arrival_tm,cons_zone_spd_lim,dispatch_tm,est_hrs_closed,lane_closed,ln_close_dir,ntfy_hiwy_maint,spec_juris_cd,tcd_func_cd,tfc_detour_ind,workers_pres,wz_close_detour,wz_flagger,wz_law_offcr_ind,wz_ln_closure,wz_moving,wz_other,wz_shlder_mdn,vehicle_count,automobile_count,motorcycle_count,bus_count,small_truck_count,heavy_truck_count,suv_count,van_count,bicycle_count,maj_inj_count,mod_inj_count,min_inj_count,tot_inj_count,unk_inj_deg_count,unk_inj_per_count,driver_count_16yr,driver_count_17yr,driver_count_18yr,driver_count_19yr,driver_count_20yr,driver_count_50_64yr,driver_count_65_74yr,driver_count_75plus,unbelted_occ_count,unb_death_count,unb_maj_inj_count,belted_death_count,belted_maj_inj_count,mcycle_death_count,mcycle_maj_inj_count,bicycle_death_count,bicycle_maj_inj_count,ped_count,ped_death_count,ped_maj_inj_count,max_severity_level,comm_veh_count,dec_lat,dec_long,rdwy_surf_type_cd,county_name
27853,328200,2015038386,6,67,67301,2015,3,3,524,5,3,1,0,5,1, , ,N,0,0,0,3,0,0,2,2,N,N,39 57:35.648,75 10:44.468,532, ,526, ,0, ,N, ,0, , , , , , , , , ,2,1,0,0,0,1,0,0,0,0,0,0,0,0,0,0,0,0,0,0,1,0,0,0,0,0,0,0,0,0,0,0,0,0,0,0,1,39.9599,-75.179, , 
27854,328202,2015042766,6,67,67301,2015,4,5,605,6,5,1,0,8,1, , ,N,1,2,0,3,0,1,2,2,N,N,39 59:27.011,75 07:51.262,615, ,608,1,1,3,N, ,3,N, , , , , , , , ,1,0,0,0,1,0,0,0,0,0,1,0,1,0,0,0,0,0,0,0,1,0,0,0,0,0,0,0,0,0,0,0,1,0,0,3,0,39.9908,-75.1309, , 
27855,328219,2015084420,6,67,67301,2015,7,2,2015,20,4,1,0,4,1, , ,N,1,3,0,3,0,1,3,2,N,N,40 01:42.225,75 07:45.587,2025, ,2025, ,0, ,N, ,2, , , , , , , , , ,2,1,1,0,0,0,0,0,0,0,1,0,1,0,0,0,0,0,0,0,0,0,0,0,0,0,0,0,0,0,0,0,0,0,0,3,0,40.0284,-75.1293, , 
27856,328221,2015085330,6,67,67301,2015,8,7,1521,15,1,1,0,1,1, , ,N,1,2,0,3,0,1,2,2,N, ,39 58:05.382,75 13:30.517,1617, ,1609, ,0, , , ,3, , , , , , , , , ,2,0,0,0,0,0,1,1,0,0,0,0,1,1,1,0,0,0,0,0,0,0,0,2,0,0,0,0,0,0,0,0,0,0,0,8,0,39.9681,-75.2251, , 
27857,328229,2015093527,6,67,67301,2015,8,7,1404,14,1,1,0,1,1, , ,N,0,0,0,3,0,0,4,3,N,N,39 58:52.547,75 06:10.582,1418, ,1415,1,1,2,N, ,0,N, , , , , , , , ,3,2,0,0,1,0,0,0,0,0,0,0,0,0,0,0,0,0,1,0,0,0,0,0,0,0,0,0,0,0,0,0,0,0,0,0,0,39.9813,-75.1029, , 
27858,328239,2015063889,6,67,67301,2015,6,4,823,8,1,1,0,5,6, , ,N,0,0,0,3,0,0,2,3,N,N,39 57:31.138,75 13:01.468,829, ,825, ,0, ,N, ,0, , , , , , , , , ,3,2,0,0,0,0,1,0,0,0,0,0,0,0,0,0,0,0,0,0,0,0,0,0,0,0,0,0,0,0,0,0,0,0,0,0,0,39.9586,-75.2171, , 
27859,328246,2015073708,6,67,67301,2015,6,7,1948,19,3,2,1,4,1, , ,N,1,3,0,3,0,1,2,2,N,N,39 57:58.410,75 09:12.679,1953, ,1950, ,0, ,N, ,3, , , , , , , , , ,1,1,0,0,0,0,0,0,1,0,1,0,1,0,1,0,0,0,0,0,0,0,0,0,0,0,0,0,0,0,0,0,0,0,0,3,0,39.9662,-75.1535, , 
27860,328259,2015073668,6,67,67301,2015,6,6,1300,13,1,1,0,4,1, , ,N,0,0,7,3,0,1,2,2,N,N,40 02:41.023,75 08:36.180,1400, ,1400, ,0, ,N, ,0, , , , , , , , , ,1,0,0,0,0,0,1,0,1,0,0,0,1,1,0,0,0,0,0,0,1,0,0,0,0,0,0,0,0,0,0,0,0,0,0,8,0,40.0447,-75.1434, , 
27861,328272,2015081086,6,67,67301,2015,7,4,1610,16,1,1,0,4,1, , ,N,1,0,2,3,0,2,3,2,N,N,39 57:15.535,75 08:23.018,1620, ,1615, ,0, ,N, ,0, , , , , , , , , ,2,2,0,0,0,0,0,0,0,0,0,0,2,2,0,0,0,0,0,0,0,0,1,0,0,0,0,0,0,0,0,0,0,0,0,8,0,39.9543,-75.1395, , 
27862,333838,2015056661,6,67,67301,2015,5,1,1506,15,1,1,0,1,1, , ,N,6,0,2,3,0,0,5,2,N,N,39 56:55.117,75 11:09.395,1537, ,1510, ,0, ,N, ,0, , , , , , , , , ,2,1,0,0,0,0,1,0,0,0,0,0,0,0,0,0,0,0,0,0,1,0,0,0,0,0,0,0,0,0,0,0,0,0,0,0,0,39.9486,-75.1859, , 
27863,333848,2015087409,6,67,67301,2015,5,6,2300,23,3,1,0,4,1, , ,N,1,3,0,3,0,0,2,2,N,N,40 03:31.163,75 11:10.557,0, ,0, ,0, ,N, ,3, , , , , , , , , ,2,2,0,0,0,0,0,0,0,0,0,0,0,0,0,0,0,0,1,0,0,0,0,0,0,0,0,0,0,0,0,0,0,0,0,0,0,40.0587,-75.1863, , 
27864,333858,2015099105,6,67,67301,2015,9,4,745,7,1,1,0,4,1, , ,N,1,3,0,3,0,1,5,2,N,N,40 01:43.906,75 05:09.211,900, ,9999, ,0, ,N, ,3, , , , , , , , , ,2,2,0,0,0,0,0,0,0,0,0,0,1,1,1,0,0,0,0,0,1,0,0,0,0,0,0,0,0,0,0,0,0,0,0,8,0,40.0289,-75.0859, , 
27865,333861,2015103287,6,67,67301,2015,9,6,1707,17,1,1,0,4,1, , ,N,1,2,0,3,0,1,3,2,N, ,40 00:19.424,75 06:33.741,1710, ,1709,1,1,1, , ,3,N, , , , , , , , ,2,2,0,0,0,0,0,0,0,0,0,1,1,0,0,0,0,0,0,0,0,0,0,1,0,0,0,0,0,0,0,0,0,0,0,4,0,40.0054,-75.1094, , 
27866,333876,2015073654,6,67,67301,2015,6,1,23,0,3,2,1,4,1, , ,N,1,2,0,3,0,3,3,2,N,N,40 02:05.146,75 04:15.791,26, ,23, ,0, ,N, ,3, , , , , , , , , ,2,2,0,0,0,0,0,0,0,0,0,3,3,0,0,0,0,1,0,0,1,0,0,0,0,0,0,0,0,0,0,0,0,0,0,4,0,40.0348,-75.0711, , 
27867,333877,2015075725,6,67,67301,2015,7,1,852,8,1,1,0,4,1, , ,N,1,2,0,3,0,1,1,3,N,N,39 55:40.109,75 14:13.130,852, ,852, ,0, ,N, ,3, , , , , , , , , ,3,2,0,0,0,0,1,0,0,0,0,1,1,0,0,0,0,1,0,0,0,0,0,0,0,0,0,0,0,0,0,0,0,0,0,4,0,39.9278,-75.237, , 
27868,333886,2015083320,6,67,67301,2015,7,7,334,3,3,1,0,4,1, , ,N,1,0,0,3,0,0,2,2,N,N,39 57:32.561,75 13:01.166,340, ,336, ,0, ,N, ,0, , , , , , , , , ,2,0,0,0,1,0,1,0,0,0,0,0,0,0,0,0,0,0,0,0,0,0,0,0,0,0,0,0,0,0,0,0,0,0,0,0,0,39.959,-75.217, , 
27869,333908,2016002349,6,67,67301,2015,11,6,2121,21,3,1,0,8,1, , ,N,1,2,0,3,0,1,3,3,N,N,39 58:08.111,75 08:10.324,2126, ,2121,3,2,7,N, ,3,Y, , , , , , , , ,1,0,0,0,1,0,0,0,0,1,0,0,1,0,0,0,0,0,0,0,1,0,0,0,0,0,0,0,0,0,0,0,2,0,1,2,0,39.9688,-75.1362, , 
27870,333910,2015109233,6,67,67301,2015,10,7,220,2,3,1,0,5,6, , ,N,0,0,0,3,0,0,1,2,N,N,40 03:51.074,75 09:23.041,230, ,224, ,0, ,N, ,0, , , , , , , , , ,2,1,0,0,0,0,1,0,0,0,0,0,0,0,0,0,0,0,0,0,0,0,0,0,0,0,0,0,0,0,0,0,0,0,0,0,0,40.0642,-75.1564, , 
27871,333911,2015109355,6,67,67301,2015,10,1,1802,18,4,1,0,4,1, , ,N,1,3,0,3,0,1,2,3,N, ,39 59:15.679,75 09:16.209,1815, ,1812, ,0, , , ,3, , , , , , , , , ,3,2,0,0,0,0,1,0,0,0,0,0,1,1,1,0,0,0,0,0,0,0,0,0,0,0,0,0,0,0,0,0,0,0,0,8,0,39.9877,-75.1545, , 
27872,333924,2015125379,6,67,67301,2015,11,6,1310,13,1,1,0,7,2, , ,N,0,0,0,3,0,0,1,1,N,N,39 55:48.718,75 08:45.904,1323, ,1310,2,1,2,N, ,0,N, , , , , , , , ,1,1,0,0,0,0,0,0,0,0,0,0,0,0,0,0,0,0,0,0,0,0,0,1,0,0,0,0,0,0,0,0,0,0,0,0,0,39.9302,-75.1461, , 
27873,333927,2015133578,6,67,67301,2015,12,5,123,1,3,1,0,7,2, , ,N,0,0,0,3,0,1,1,1,N,N,39 58:34.963,75 11:44.105,131, ,125,1,1,4,N, ,0,N, , , , , , , , ,1,0,0,0,0,0,1,0,0,0,0,1,1,0,0,0,0,0,0,1,0,0,0,0,0,0,0,0,0,0,0,0,0,0,0,4,0,39.9764,-75.1956, , 
27874,333938,2015081105,6,67,67301,2015,7,7,2152,21,3,1,0,4,1, , ,N,1,3,0,3,0,1,3,2,N,N,39 55:52.244,75 11:36.092,2211, ,2154, ,0, , , ,3, , , , , , , , , ,1,1,0,0,0,0,0,0,1,0,0,0,1,1,0,0,0,0,0,0,0,0,1,0,0,0,0,0,0,0,0,0,0,0,0,8,0,39.9312,-75.1934, , 
27875,333947,2015083315,6,67,67301,2015,8,1,1632,16,1,1,0,8,1, , ,N,0,0,0,3,0,1,2,2,N, ,39 59:18.539,75 10:00.547,1656, ,1652, ,0, , , ,0, , , , , , , , , ,1,0,0,0,0,0,1,0,0,1,0,0,1,0,0,0,0,0,0,0,0,0,0,0,0,0,0,0,0,0,0,0,1,0,1,2,0,39.9885,-75.1668, , 
27876,333950,2015085221,6,67,67301,2015,8,5,1522,15,1,1,0,8,1, , ,N,0,0,7,3,0,1,2,2,N, ,39 54:05.437,75 09:55.241,1530, ,1522, ,0, , , ,0, , , , , , , , , ,1,0,0,0,0,0,1,0,0,0,0,1,1,0,0,0,0,0,0,0,1,0,0,0,0,0,0,0,0,0,0,0,1,0,0,4,0,39.9015,-75.1653, , 
27877,333954,2015088799,6,67,67301,2015,8,4,710,7,1,1,0,4,1, , ,N,1,2,0,3,0,1,2,2,N,N,39 56:19.388,75 13:27.483,735, ,730, ,0, ,N, ,3, , , , , , , , , ,2,1,0,0,0,0,1,0,0,0,0,0,1,1,0,0,0,0,0,0,1,0,0,0,0,0,0,0,0,0,0,0,0,0,0,8,0,39.9387,-75.2243, , 
27878,333961,2015091112,6,67,67301,2015,8,4,1830,18,1,1,0,8,1, , ,N,1,2,0,3,0,1,2,2,N,N,39 57:01.634,75 11:33.356,1022, ,1022, ,0, ,N, ,3, , , , , , , , , ,1,1,0,0,0,0,0,0,0,0,0,1,1,0,0,0,0,0,0,0,0,0,0,0,0,0,0,0,0,0,0,0,1,0,0,4,0,39.9505,-75.1926, , 
27879,333965,2015093098,6,67,67301,2015,8,3,1737,17,1,2,1,1,1, , ,N,0,0,0,3,0,2,5,2,N,N,39 53:56.699,75 10:01.682,1745, ,1744,1,1,1,N, ,0,N, , , , , , , , ,2,1,0,0,0,0,0,1,0,0,0,0,2,2,0,0,0,0,0,0,0,0,0,0,0,0,0,0,0,0,0,0,0,0,0,8,0,39.8991,-75.1671, , 
27880,331435,2015056961,6,67,67301,2015,5,7,1240,12,1,1,0,5,1, , ,N,0,0,0,3,0,0,7,2,N,N,40 00:07.385,75 09:10.172,1244, ,1244, ,0, ,N, ,0, , , , , , , , , ,2,2,0,0,0,0,0,0,0,0,0,0,0,0,0,0,0,0,0,0,0,0,0,0,0,0,0,0,0,0,0,0,0,0,0,0,0,40.0021,-75.1528, , 
27881,331436,2015057037,6,67,67301,2015,5,7,1144,11,1,1,0,1,1, , ,N,0,0,0,3,0,3,8,4,N,N,39 56:03.295,75 11:59.599,1159, ,1145,1,2,4,N, ,0,Y, , , , , , , , ,4,2,0,0,0,0,1,1,0,0,0,0,3,3,0,0,0,0,0,0,3,0,0,0,0,0,0,0,0,0,0,0,0,0,0,8,0,39.9342,-75.1999, , 
27882,331446,2015070659,6,67,67301,2015,6,4,46,0,3,1,0,7,4, , ,N,0,0,0,3,0,1,2,2,N,N,39 59:26.052,75 06:29.543,48, ,46,3,1,4,N, ,0,N, , , , , , , , ,2,1,0,0,0,0,1,0,0,0,0,1,1,0,1,0,0,0,0,0,0,0,0,1,0,0,0,0,0,0,0,0,0,0,0,4,0,39.9906,-75.1082, , 
27883,331448,2015073225,6,67,67301,2015,6,3,1416,14,1,1,0,5,1, , ,N,0,0,0,3,0,1,3,2,N,N,39 56:00.009,75 08:44.894,1421, ,1417, ,0, ,N, ,0, , , , , , , , , ,2,0,0,0,0,0,1,1,0,0,0,0,1,1,0,0,0,0,0,0,0,0,0,0,0,0,0,0,0,0,0,0,0,0,0,8,0,39.9333,-75.1458, , 
27884,331483,2015095746,6,67,67301,2015,9,2,150,1,3,1,0,4,1, , ,N,1,2,0,3,0,1,2,2,N,N,39 57:14.416,75 10:05.601,202, ,200, ,0, ,N, ,3, , , , , , , , , ,1,0,0,0,0,0,0,0,1,0,0,0,1,1,1,0,0,0,0,0,0,0,0,0,0,0,0,0,0,0,0,0,0,0,0,8,0,39.954,-75.1682, , 
27885,331486,2015098974,6,67,67301,2015,9,7,9999,99,3,1,0,6,1, , ,N,1,2,0,3,0,1,5,2,N, ,40 00:03.453,75 06:00.194,2105, ,9999, ,0, , , ,3, , , , , , , , , ,2,1,0,0,0,0,0,1,0,0,1,0,1,0,0,0,0,0,0,0,0,0,0,0,0,0,0,0,0,0,0,0,0,0,0,3,0,40.001,-75.1001, , 
27886,331487,2015099129,6,67,67301,2015,9,7,300,3,3,1,0,8,1, , ,N,1,2,0,3,0,1,2,2,N,N,39 56:52.576,75 09:44.521,905, ,900,3,1,6,N, ,3,N, , , , , , , , ,1,0,0,0,0,0,0,0,0,1,0,0,1,0,0,0,0,0,0,0,0,0,0,0,0,0,0,0,0,0,0,0,1,0,1,2,0,39.9479,-75.1624, , 
27887,331501,2015059099,6,67,67301,2015,5,7,1620,16,1,1,0,1,1, , ,N,1,2,0,3,0,4,8,3,N,N,39 55:20.218,75 09:12.483,1629, ,1623, ,0, ,N, ,3, , , , , , , , , ,3,2,0,1,0,0,0,0,0,0,0,0,4,4,0,0,0,0,0,0,1,1,0,1,0,0,0,0,0,0,0,0,0,0,0,8,1,39.9223,-75.1534, , 
27888,331505,2015061702,6,67,67301,2015,5,4,1312,13,1,1,0,6,1, , ,N,0,0,0,3,0,1,2,2,N, ,40 01:48.194,75 13:50.710,1314, ,1312, ,0, , , ,0, , , , , , , , , ,2,0,0,0,0,0,2,0,0,0,0,1,1,0,0,0,0,0,0,0,0,0,1,0,0,0,0,0,0,0,0,0,0,0,0,4,0,40.0301,-75.2308, , 
27889,331521,2015078295,6,67,67301,2015,6,5,1900,19,1,1,0,4,1, , ,N,2,0,0,3,0,1,2,2,N, ,40 05:08.045,75 02:21.757,14, ,14, ,0, , , ,0, , , , , , , , , ,2,0,1,0,0,0,0,0,0,1,0,0,1,0,0,0,0,0,0,0,0,0,0,0,0,0,0,0,0,1,0,0,0,0,0,2,0,40.0856,-75.0394, , 
27890,331565,2016002437,6,67,67301,2015,11,5,726,7,1,2,1,5,1, , ,N,0,0,0,3,0,1,2,2,N, ,39 57:15.245,75 12:12.443,729, ,729, ,0, , , ,0, , , , , , , , , ,1,1,0,0,0,0,0,0,1,0,1,0,1,0,0,0,0,0,0,0,0,1,0,1,0,0,0,0,0,0,0,0,0,0,0,3,0,39.9542,-75.2035, , 
27891,331576,2015075774,6,67,67301,2015,7,5,1815,18,1,1,0,4,1, , ,N,1,3,0,3,0,1,2,2,N, ,40 01:34.899,75 03:25.102,1828, ,1828, ,0, , , ,3, , , , , , , , , ,2,2,0,0,0,0,0,0,0,0,0,1,1,0,0,0,0,0,0,0,0,0,0,1,0,0,0,0,0,0,0,0,0,0,0,4,0,40.0264,-75.057, , 
27892,331606,2015092953,6,67,67301,2015,8,6,912,9,1,1,0,4,1, , ,N,0,0,7,3,0,1,3,2,N,N,39 58:49.117,75 14:01.540,920, ,918, ,0, ,N, ,0, , , , , , , , , ,2,0,1,0,0,1,0,0,0,0,0,0,1,1,0,0,0,0,0,0,0,0,0,0,0,0,0,0,0,0,0,0,0,0,0,8,1,39.9803,-75.2338, , 
27893,331607,2015095787,6,67,67301,2015,8,1,9999,99,1,1,0,8,1, , ,N,0,0,0,3,0,1,2,2,N, ,39 56:30.771,75 11:06.932,0, ,210, ,0, , , ,0, , , , , , , , , ,1,1,0,0,0,0,0,0,0,0,0,0,1,1,0,0,0,0,0,0,0,0,1,0,0,0,0,0,0,0,0,0,1,0,0,8,0,39.9419,-75.1853, , 
27894,331616,2015051535,6,67,67301,2015,5,1,215,2,3,1,0,1,1, , ,N,0,2,0,3,0,2,3,2,N,N,39 57:34.746,75 08:14.167,225, ,224, ,0, ,N, ,3, , , , , , , , , ,2,2,0,0,0,0,0,0,0,0,0,2,2,0,0,0,0,0,0,0,0,0,0,0,0,0,0,0,0,0,0,0,0,0,0,4,0,39.9597,-75.1373, , 
27895,331624,2015056485,6,67,67301,2015,5,4,2255,22,3,1,0,1,1, , ,N,1,2,0,3,0,1,2,2,N,N,39 55:26.880,75 14:43.716,35, ,35, ,0, ,N, ,3, , , , , , , , , ,2,1,0,0,0,0,1,0,0,0,0,0,1,1,0,0,0,0,0,1,0,0,0,0,0,0,0,0,0,0,0,0,0,0,0,8,0,39.9241,-75.2455, , 
27896,331641,2015087872,6,67,67301,2015,6,1,2200,22,3,1,0,4,1, , ,N,2,3,0,3,0,2,3,2,N,N,39 58:34.467,75 08:43.619,0, ,0, ,0, ,N, ,3, , , , , , , , , ,2,0,0,0,0,0,1,0,0,0,2,0,2,0,0,0,0,0,0,0,0,1,0,0,0,0,0,0,0,0,0,0,0,0,0,3,0,39.9762,-75.1454, , 
27897,331665,2015114418,6,67,67301,2015,11,5,720,7,1,2,1,1,1, , ,N,1,2,0,3,0,1,4,3,N,N,39 58:43.287,75 09:28.532,730, ,725,1,1,4,N, ,3,N, , , , , , , , ,3,1,0,0,0,0,2,0,0,0,0,0,1,1,0,0,0,0,0,0,0,0,0,0,0,0,0,0,0,0,0,0,0,0,0,8,0,39.9787,-75.1578, , 
27898,325449,2015061843,6,67,67301,2015,5,5,1335,13,1,2,1,4,1,8,8,Y,2,2,0,3,0,1,3,2,N,Y,39 59:38.876,75 14:29.937,1343,99,1339, ,0, ,N, ,3, ,U,U,U,U,U,U,U,U,2,0,0,0,0,0,2,0,0,0,0,0,1,1,0,0,0,0,0,0,0,0,0,0,0,0,0,0,0,0,0,0,0,0,0,8,0,39.994,-75.2416, , 
27899,325462,2015078628,6,67,67301,2015,7,7,30,0,3,1,0,1,1, , ,N,1,2,0,3,0,0,3,2,N,N,40 00:46.713,75 07:09.797,42, ,40, ,0, ,N, ,3, , , , , , , , , ,2,0,0,0,0,0,2,0,0,0,0,0,0,0,0,0,0,0,0,0,0,0,0,0,0,0,0,0,0,0,0,0,0,0,0,0,0,40.013,-75.1194, , 
27900,325470,2015091061,6,67,67301,2015,8,5,1650,16,1,1,0,8,1, , ,N,1,3,0,3,0,1,2,2,N,N,39 56:30.976,75 12:49.989,1659, ,1654,1,2,3,N, ,3,Y, , , , , , , , ,1,0,0,0,0,0,1,0,0,0,1,0,1,0,0,0,0,0,0,0,1,0,0,0,0,0,0,0,0,0,0,0,1,0,0,3,0,39.9419,-75.2139, , 
27901,325476,2015095695,6,67,67301,2015,9,7,2350,23,3,1,0,1,1, , ,N,2,2,0,3,0,2,3,2,N,N,40 02:56.727,75 13:11.195,0, ,2356, ,0, ,N, ,3, , , , , , , , , ,2,1,0,0,0,0,1,0,0,0,0,2,2,0,0,0,1,0,0,0,0,0,0,0,0,0,0,0,0,0,0,0,0,0,0,4,0,40.0494,-75.2201, , 
27902,325481,2015109332,6,67,67301,2015,10,2,1640,16,1,1,0,4,1, , ,N,1,3,0,3,0,1,2,2,N, ,39 58:12.043,75 09:32.061,1700, ,1650,2,1,3, , ,3,Y, , , , , , , , ,2,2,0,0,0,0,0,0,0,0,0,1,1,0,0,0,0,0,0,0,0,0,0,0,0,0,0,0,0,0,0,0,0,0,0,4,0,39.97,-75.1589, , 
27903,325486,2015117655,6,67,67301,2015,10,5,2315,23,3,1,0,1,1, , ,N,0,0,3,3,0,0,2,2,N,N,39 53:56.082,75 14:18.749,25, ,35,1,1,1,N, ,0,Y, , , , , , , , ,2,1,0,0,0,0,1,0,0,0,0,0,0,0,0,0,0,0,0,0,0,0,0,0,0,0,0,0,0,0,0,0,0,0,0,0,0,39.8989,-75.2385, , 
27904,325505,2015054804,6,67,67301,2015,5,7,1244,12,1,1,0,1,1,1,2,Y,0,0,0,3,0,2,9,4,N,N,40 00:45.235,75 03:33.193,1302,45,1245,1,2,1,N, ,0,N,N,N,N,N,N,N,Y,N,4,3,0,0,1,0,0,0,0,0,0,0,2,2,0,0,0,0,0,0,0,0,0,0,0,0,0,0,0,0,0,0,0,0,0,8,0,40.0126,-75.0592, , 
27905,325518,2015073662,6,67,67301,2015,6,3,725,7,1,1,0,4,1, , ,N,1,2,0,3,0,0,3,2,N,N,39 54:19.871,75 10:26.843,725, ,725, ,0, ,N, ,3, , , , , , , , , ,2,2,0,0,0,0,0,0,0,0,0,0,0,0,0,0,0,0,0,0,0,0,0,0,0,0,0,0,0,0,0,0,0,0,0,0,0,39.9055,-75.1741, , 
27906,325520,2015078281,6,67,67301,2015,7,3,1647,16,1,1,0,8,1, , ,N,0,0,0,3,0,1,2,2,N,N,39 59:29.810,75 07:24.106,1950, ,1647, ,0, , , ,0, , , , , , , , , ,1,0,0,0,1,0,0,0,0,0,0,1,1,0,0,0,0,0,0,0,0,0,0,1,0,0,0,0,0,0,0,0,1,0,0,4,0,39.9916,-75.1234, , 
27907,325524,2015080262,6,67,67301,2015,7,6,1520,15,1,9,8,1,1, , ,N,0,0,3,3,0,1,2,2,N, ,40 01:28.213,75 01:50.284,9999, ,9999, ,0, , , ,0, , , , , , , , , ,2,1,0,0,0,0,0,1,0,0,0,0,1,1,0,0,0,0,0,0,0,0,0,0,0,0,0,0,0,0,0,0,0,0,0,8,0,40.0245,-75.0306, , 
27908,325525,2015083324,6,67,67301,2015,8,1,20,0,3,1,0,4,1, , ,N,5,2,1,3,0,1,2,2,N, ,40 01:00.430,75 05:00.995,21, ,21, ,0, , , ,3, , , , , , , , , ,1,1,0,0,0,0,0,0,1,0,1,0,1,0,0,0,0,0,0,0,0,0,0,0,0,0,0,0,0,0,0,0,0,0,0,3,0,40.0168,-75.0836, , 
27909,325552,2015015608,6,67,67301,2015,1,6,2101,21,3,1,6,4,1, , ,N,1,2,0,3,0,1,4,3,N, ,39 55:02.019,75 14:14.620,2105, ,2101, ,0, , , ,3, , , , , , , , , ,3,1,0,0,1,0,1,0,0,0,0,0,1,1,0,0,0,0,0,0,0,0,0,0,0,0,0,0,0,0,0,0,0,0,0,8,0,39.9172,-75.2374, , 
27910,325560,2015076210,6,67,67301,2015,7,1,2053,20,3,1,0,8,1, , ,N,1,0,0,3,0,1,2,2,N,N,40 01:34.899,75 03:25.102,2055, ,2054, ,0, ,N, ,0, , , , , , , , , ,1,0,0,0,1,0,0,0,0,0,0,1,1,0,1,0,0,0,0,0,0,0,0,0,0,0,0,0,0,0,0,0,1,0,0,4,0,40.0264,-75.057, , 
27911,325566,2015085300,6,67,67301,2015,8,1,1400,14,1,1,0,1,1, , ,N,0,0,0,3,0,1,4,3,N,N,40 05:41.730,74 57:32.600,1550, ,1543, ,0, ,N, ,0, , , , , , , , , ,3,2,0,0,0,0,1,0,0,0,1,0,1,0,0,0,0,0,0,0,2,0,1,0,0,0,0,0,0,0,0,0,0,0,0,3,0,40.0949,-74.9591, , 
27912,325568,2015086222,6,67,67301,2015,8,4,1631,16,1,1,0,4,1, , ,N,1,3,0,3,0,2,2,2,N,N,39 59:16.468,75 08:38.288,1700, ,1631, ,0, ,N, ,3, , , , , , , , , ,2,2,0,0,0,0,0,0,0,0,0,2,2,0,0,0,0,0,0,0,0,0,0,0,0,0,0,0,0,0,0,0,0,0,0,4,0,39.9879,-75.144, , 
27913,325582,2015095198,6,67,67301,2015,9,6,1600,16,1,1,0,8,1, , ,N,1,2,0,3,0,1,2,2,N,N,40 02:26.426,75 07:35.867,1830, ,9999, ,0, , , ,3, , , , , , , , , ,1,1,0,0,0,0,0,0,0,0,0,1,1,0,1,0,0,0,0,0,0,0,0,0,0,0,0,0,0,0,0,0,1,0,0,4,0,40.0407,-75.1266, , 
27914,325592,2015114631,6,67,67301,2015,10,4,1750,17,1,1,0,4,1, , ,N,0,0,0,3,0,3,3,2,N,N,39 59:20.407,75 11:21.651,1810, ,1756, ,0, ,N, ,0, , , , , , , , , ,2,1,0,0,0,0,1,0,0,0,0,0,3,3,0,0,0,0,0,0,0,1,0,0,0,0,0,0,0,0,0,0,0,0,0,8,0,39.989,-75.1893, , 
27915,325593,2015051938,6,67,67301,2015,4,4,1908,19,1,1,0,4,1, , ,N,1,2,0,3,0,1,3,2,N,N,39 59:02.576,75 10:29.891,2001, ,1920, ,0, ,N, ,3, , , , , , , , , ,2,1,0,0,0,0,0,1,0,0,0,1,1,0,0,0,0,0,0,0,0,0,0,1,0,0,0,0,0,0,0,0,0,0,0,4,0,39.984,-75.175, , 
27916,328278,2015091085,6,67,67301,2015,8,7,1340,13,1,1,0,4,1, , ,N,1,2,0,3,0,3,6,2,N,N,39 58:21.766,75 12:14.569,1342, ,2342, ,0, ,N, ,3, , , , , , , , , ,2,1,0,0,0,0,1,0,0,0,0,2,3,1,0,0,0,0,0,0,0,0,0,0,0,0,0,0,0,0,0,0,0,0,0,4,0,39.9727,-75.204, , 
27917,328287,2015109201,6,67,67301,2015,10,6,1120,11,1,2,1,7,4, , ,N,0,0,0,3,0,1,1,1,N,N,39 58:12.567,75 11:22.577,1136, ,1128, ,0, ,N, ,0, , , , , , , , , ,1,1,0,0,0,0,0,0,0,0,0,0,1,1,0,0,0,0,0,0,0,0,0,0,0,0,0,0,0,0,0,0,0,0,0,8,0,39.9702,-75.1896, , 
27918,328299,2015061840,6,67,67301,2015,5,4,1205,12,1,1,0,4,1, , ,N,1,2,0,3,0,1,2,2,N,N,39 56:29.972,75 10:45.670,1232, ,1228, ,0, ,N, ,3, , , , , , , , , ,2,1,0,0,0,0,0,1,0,0,0,0,1,1,0,0,0,0,0,0,0,0,0,0,0,0,0,0,0,0,0,0,0,0,0,8,0,39.9417,-75.1794, , 
27919,328307,2015071461,6,67,67301,2015,6,3,1107,11,1,1,0,1,1, , ,N,6,4,2,3,0,0,2,2,N,N,39 56:58.330,75 11:03.646,1115, ,1107,1,1,4,N, ,3,N, , , , , , , , ,2,0,0,0,0,0,2,0,0,0,0,0,0,0,0,0,0,0,0,0,1,0,0,0,0,0,0,0,0,0,0,0,0,0,0,0,0,39.9485,-75.1863, , 
27920,328308,2015074396,6,67,67301,2015,7,5,2050,20,3,2,1,7,2, , ,N,0,0,0,3,0,0,1,1,N,N,39 55:26.531,75 08:50.837,2050, ,2050, ,0, ,N, ,0, , , , , , , , , ,1,1,0,0,0,0,0,0,0,0,0,0,0,0,0,0,0,0,0,0,0,0,0,0,0,0,0,0,0,0,0,0,0,0,0,0,0,39.924,-75.1475, , 