objectid_1,objectid,crn,district,county,municipality,crash_year,crash_month,day_of_week,time_of_day,hour_of_day,illumination,weather,road_condition,collision_type,relation_to_road,work_zone_type,work_zone_loc,work_zone_ind,intersect_type,tcd_type,location_type,urban_rural,fatal_count,injury_count,person_count,total_units,sch_bus_ind,sch_zone_ind,latitude,longitude,arrival_tm,cons_zone_spd_lim,dispatch_tm,est_hrs_closed,lane_closed,ln_close_dir,ntfy_hiwy_maint,spec_juris_cd,tcd_func_cd,tfc_detour_ind,workers_pres,wz_close_detour,wz_flagger,wz_law_offcr_ind,wz_ln_closure,wz_moving,wz_other,wz_shlder_mdn,vehicle_count,automobile_count,motorcycle_count,bus_count,small_truck_count,heavy_truck_count,suv_count,van_count,bicycle_count,maj_inj_count,mod_inj_count,min_inj_count,tot_inj_count,unk_inj_deg_count,unk_inj_per_count,driver_count_16yr,driver_count_17yr,driver_count_18yr,driver_count_19yr,driver_count_20yr,driver_count_50_64yr,driver_count_65_74yr,driver_count_75plus,unbelted_occ_count,unb_death_count,unb_maj_inj_count,belted_death_count,belted_maj_inj_count,mcycle_death_count,mcycle_maj_inj_count,bicycle_death_count,bicycle_maj_inj_count,ped_count,ped_death_count,ped_maj_inj_count,max_severity_level,comm_veh_count,dec_lat,dec_long,rdwy_surf_type_cd,county_name
28056,326037,2015078280,6,67,67301,2015,7,4,1600,16,1,1,0,8,1, , ,N,2,3,0,3,0,1,2,2,N,N,40 01:47.035,75 06:18.772,1606, ,1604, ,0, ,N, ,3, , , , , , , , , ,1,1,0,0,0,0,0,0,0,0,0,1,1,0,1,0,0,0,0,0,0,0,0,0,0,0,0,0,0,0,0,0,1,0,0,4,0,40.0298,-75.1051, , 
28057,326042,2015084035,6,67,67301,2015,8,4,807,8,1,1,0,1,1,1,4,Y,0,0,0,3,0,0,2,2,N,N,40 01:36.486,75 01:34.742,818,45,807,1,2,2,N, ,0,N,Y,N,N,N,N,N,Y,N,2,0,0,0,0,1,1,0,0,0,0,0,0,0,0,0,0,0,0,0,0,1,0,0,0,0,0,0,0,0,0,0,0,0,0,0,1,40.0268,-75.0263, , 
28058,326047,2015088815,6,67,67301,2015,8,7,1935,19,1,1,0,8,1, , ,N,0,0,0,3,0,1,2,2,N,N,39 59:04.409,75 06:50.074,1955, ,1935, ,0, , , ,0, , , , , , , , , ,1,0,0,0,0,0,1,0,0,0,0,1,1,0,0,0,0,0,0,0,0,0,0,0,0,0,0,0,0,0,0,0,1,0,0,4,0,39.9846,-75.1139, , 
28059,326049,2015091166,6,67,67301,2015,8,3,122,1,3,1,0,4,1, , ,N,1,2,0,3,0,2,6,2,N,N,40 03:00.400,75 03:50.622,129, ,122, ,0, ,N, ,3, , , , , , , , , ,2,1,0,0,0,0,1,0,0,0,0,0,2,2,3,0,0,0,0,0,0,0,0,0,0,0,0,0,0,0,0,0,0,0,0,8,0,40.0501,-75.0642, , 
28060,326082,2015075810,6,67,67301,2015,6,5,1115,11,1,1,0,1,6, , ,N,0,0,0,3,0,1,1,4,N,N,39 58:45.206,75 08:41.557,1245, ,1239, ,0, ,N, ,0, , , , , , , , , ,4,3,0,0,0,0,1,0,0,0,0,1,1,0,0,0,0,0,0,0,0,1,0,0,0,0,0,0,0,0,0,0,0,0,0,4,0,39.9792,-75.1449, , 
28061,326089,2015081102,6,67,67301,2015,7,3,1703,17,1,1,0,4,1, , ,N,1,2,0,3,0,1,2,2,N,N,39 58:23.685,75 12:43.721,1713, ,1710, ,0, ,Y, ,3, , , , , , , , , ,2,1,0,0,0,0,0,0,0,0,0,0,1,1,0,0,0,0,0,0,0,0,0,0,0,0,0,0,0,0,0,0,0,0,0,8,0,39.9732,-75.2121, , 
28062,328561,2015091023,6,67,67301,2015,8,5,1740,17,1,1,0,7,4, , ,N,1,2,0,3,0,1,3,4,N, ,39 59:11.857,75 10:16.377,1741, ,1740,1,2,1, , ,3,Y, , , , , , , , ,4,3,0,0,0,0,1,0,0,0,0,0,1,1,0,0,0,0,0,0,1,0,0,0,0,0,0,0,0,0,0,0,0,0,0,8,0,39.9866,-75.1712, , 
28063,328562,2015091073,6,67,67301,2015,8,6,1520,15,1,1,0,7,4, , ,N,0,0,0,3,0,0,1,2,N, ,39 58:33.895,75 11:28.371,1550, ,1542, ,0, , , ,0, , , , , , , , , ,1,1,0,0,0,0,0,0,0,0,0,0,0,0,0,0,0,0,0,0,0,0,0,0,0,0,0,0,0,0,0,0,0,0,0,0,0,39.9761,-75.1912, , 
28064,328594,2015061856,6,67,67301,2015,5,2,153,1,3,1,0,1,1, , ,N,1,2,0,3,0,3,3,2,N,N,40 02:10.346,75 03:51.114,159, ,155,2,1,1,N, ,3,Y, , , , , , , , ,2,2,0,0,0,0,0,0,0,0,0,3,3,0,0,0,0,0,0,0,1,0,0,0,0,0,0,0,0,0,0,0,0,0,0,4,0,40.0362,-75.0642, , 
28065,328613,2015081017,6,67,67301,2015,7,6,1950,19,1,1,0,4,1, , ,N,2,2,0,3,0,4,5,2,N,N,40 07:06.945,75 00:25.153,2000, ,1951,1,2,6,N, ,3,Y, , , , , , , , ,2,1,0,0,0,0,1,0,0,0,2,2,4,0,0,0,0,0,0,0,1,1,0,0,0,0,0,0,0,0,0,0,0,0,0,3,0,40.1186,-75.007, , 
28066,328616,2015083997,6,67,67301,2015,8,2,1551,15,1,1,0,1,1, , ,N,0,0,0,3,0,1,4,2,N,N,39 56:23.083,75 08:35.493,1609, ,1554, ,0, ,N, ,0, , , , , , , , , ,2,1,0,0,0,0,0,1,0,0,0,1,1,0,0,0,0,0,0,0,1,0,0,0,0,0,0,0,0,0,0,0,0,0,0,4,0,39.9397,-75.1432, , 
28067,328645,2015025147,6,67,67301,2015,2,2,1450,14,1,1,0,8,1, , ,N,1,2,0,3,0,1,2,2,N, ,39 56:17.923,75 12:58.510,1501, ,1455, ,0, , , ,3, , , , , , , , , ,1,0,0,0,0,0,1,0,0,0,1,0,1,0,0,0,0,0,0,0,0,0,0,0,0,0,0,0,0,0,0,0,1,0,0,3,0,39.9383,-75.2163, , 
28068,328654,2015036594,6,67,67301,2015,3,3,915,9,1,1,0,4,1, , ,N,1,2,0,3,0,4,4,2,N, ,39 59:11.857,75 10:16.377,921, ,919,2,2,6, , ,3,Y, , , , , , , , ,2,0,0,0,0,0,1,1,0,0,0,0,4,4,0,0,0,0,0,0,0,0,0,0,0,0,0,0,0,0,0,0,0,0,0,8,0,39.9866,-75.1712, , 
28069,328661,2015049000,6,67,67301,2015,4,1,2205,22,3,1,0,8,1, , ,N,1,2,0,3,0,2,3,3,N, ,40 02:25.798,75 03:31.964,2210, ,2205,2,2,2, , ,3,N, , , , , , , , ,1,1,0,0,0,0,0,0,0,0,0,2,2,0,0,0,0,0,0,0,0,0,0,0,0,0,0,0,0,0,0,0,2,0,0,4,0,40.0405,-75.0589, , 
28070,328667,2015056965,6,67,67301,2015,5,6,2014,20,3,1,0,8,1, , ,N,0,0,0,3,0,1,3,2,N,N,39 57:54.050,75 09:57.088,2016, ,2015, ,0, ,N, ,0, , , , , , , , , ,1,0,0,0,1,0,0,0,0,0,1,0,1,0,2,0,0,0,0,0,0,0,0,0,0,0,0,0,0,0,0,0,1,0,0,3,0,39.965,-75.1659, , 
28071,328715,2016002401,6,67,67301,2015,12,7,310,3,3,1,0,4,1, , ,N,1,2,0,3,0,0,2,2,N,N,39 56:31.243,75 09:08.398,318, ,315, ,0, ,N, ,3, , , , , , , , , ,2,2,0,0,0,0,0,0,0,0,0,0,0,0,0,0,0,0,0,0,0,0,0,0,0,0,0,0,0,0,0,0,0,0,0,0,0,39.942,-75.1523, , 
28072,328722,2015009573,6,67,67301,2015,1,1,1953,19,3,2,1,1,1, , ,N,0,0,0,3,0,2,5,3,N,N,40 02:53.416,75 03:38.392,2044, ,2043, ,0, ,N, ,0, , , , , , , , , ,3,3,0,0,0,0,0,0,0,0,2,0,2,0,1,0,0,0,0,0,0,0,0,0,0,0,0,0,0,0,0,0,0,0,0,3,0,40.0482,-75.0607, , 
28073,328745,2015017936,6,67,67301,2015,1,3,911,9,1,4,3,1,1, , ,N,0,2,0,3,0,2,4,5,N,N,39 58:17.451,75 07:35.299,912, ,911,9,1,3, , ,3,N, , , , , , , , ,5,2,0,0,0,0,2,1,0,1,1,0,2,0,0,0,0,0,0,0,1,0,0,0,0,0,0,0,0,0,0,0,0,0,0,2,0,39.9715,-75.1265, , 
28074,328780,2015063881,6,67,67301,2015,6,7,1825,18,1,1,0,1,1, , ,N,0,2,0,3,0,1,2,2,N,N,39 55:54.171,75 08:38.500,1830, ,1825, ,0, ,N, ,3, , , , , , , , , ,2,2,0,0,0,0,0,0,0,0,0,1,1,0,0,0,0,0,0,0,0,1,0,0,0,0,0,0,0,0,0,0,0,0,0,4,0,39.9317,-75.144, , 
28075,328792,2015070134,6,67,67301,2015,6,1,427,4,3,1,0,5,6, , ,N,0,0,0,3,0,0,1,3,N,N,39 55:15.348,75 08:54.420,447, ,445, ,0, ,N, ,0, , , , , , , , , ,3,0,0,0,0,0,2,1,0,0,0,0,0,0,0,0,0,0,0,1,0,0,0,0,0,0,0,0,0,0,0,0,0,0,0,0,0,39.9209,-75.1485, , 
28076,328795,2015073679,6,67,67301,2015,7,4,1510,15,1,1,0,5,1, , ,N,0,0,0,3,0,1,3,2,N,N,39 58:45.443,75 14:56.878,1517, ,1514, ,0, ,N, ,0, , , , , , , , , ,2,1,0,0,1,0,0,0,0,0,1,0,1,0,1,0,0,0,0,0,0,0,0,0,0,0,0,0,0,0,0,0,0,0,0,3,0,39.9793,-75.2491, , 
28077,328835,2015086258,6,67,67301,2015,8,1,310,3,3,1,0,7,3, , ,N,0,0,0,3,0,0,1,1,N,N,40 02:37.934,75 08:43.749,322, ,319, ,0, ,N, ,0, , , , , , , , , ,1,1,0,0,0,0,0,0,0,0,0,0,0,0,1,0,0,0,0,0,0,0,0,0,0,0,0,0,0,0,0,0,0,0,0,9,0,40.0439,-75.1455, , 
28078,328837,2015088771,6,67,67301,2015,8,6,1410,14,1,1,0,4,1, , ,N,1,2,0,3,0,2,2,2,N,N,39 56:37.828,75 14:16.183,1415, ,1411, ,0, ,N, ,3, , , , , , , , , ,2,2,0,0,0,0,0,0,0,0,2,0,2,0,0,0,0,0,0,0,0,0,0,0,0,0,0,0,0,0,0,0,0,0,0,3,0,39.9438,-75.2378, , 
28079,328853,2015106416,6,67,67301,2015,9,2,1507,15,1,1,0,4,1, , ,N,0,0,0,3,0,1,2,3,N, ,39 59:57.901,75 08:10.392,1510, ,1509,1,1,3, , ,0,Y, , , , , , , , ,3,1,1,0,0,0,0,1,0,0,0,0,1,1,0,0,0,0,0,0,1,0,0,1,0,0,0,0,0,0,0,0,0,0,0,8,0,39.9994,-75.1362, , 
28080,334383,2015091064,6,67,67301,2015,8,7,1900,19,1,1,0,5,6, , ,N,0,0,0,3,0,1,1,4,N,N,40 01:46.107,75 03:21.544,1900, ,1900,9,1,5,N, ,0,N, , , , , , , , ,4,1,0,0,2,0,1,0,0,0,0,0,1,1,0,0,0,0,0,0,0,1,0,0,0,0,0,0,0,0,0,0,0,0,0,8,0,40.0295,-75.056, , 
28081,334399,2015108892,6,67,67301,2015,10,4,645,6,3,1,0,1,1,1,2,Y,0,0,0,3,0,0,2,2,N,N,40 01:53.905,75 01:17.370,714,45,655, ,0, ,N, ,0, ,N,N,N,N,N,N,Y,N,2,0,0,0,0,0,2,0,0,0,0,0,0,0,0,0,0,0,0,0,1,0,0,0,0,0,0,0,0,0,0,0,0,0,0,0,0,40.0316,-75.0215, , 
28082,334400,2015109208,6,67,67301,2015,10,1,2008,20,3,1,0,8,1, , ,N,1,2,0,3,0,1,2,2,N, ,40 02:15.589,75 02:33.074,2016, ,2016, ,0, , , ,3, , , , , , , , , ,1,1,0,0,0,0,0,0,0,0,0,1,1,0,0,0,0,0,0,0,1,0,0,0,0,0,0,0,0,0,0,0,1,0,0,4,0,40.0377,-75.0425, , 
28083,334404,2015066252,6,67,67301,2015,6,5,2250,22,3,1,0,1,1, , ,N,2,2,0,3,0,1,3,2,N,N,39 56:51.715,75 11:55.544,2253, ,2250, ,0, ,N, ,3, , , , , , , , , ,2,1,0,0,0,0,0,1,0,0,0,0,1,1,0,0,0,0,0,0,0,0,0,0,0,0,0,0,0,0,0,0,0,0,0,8,0,39.9477,-75.1986, , 
28084,334405,2015067259,6,67,67301,2015,6,4,2101,21,3,1,0,1,1, , ,N,6,0,0,3,0,2,4,2,N,N,39 56:55.117,75 11:09.395,2113, ,2106, ,0, ,N, ,0, , , , , , , , , ,2,2,0,0,0,0,0,0,0,0,0,2,2,0,0,0,0,0,0,0,1,0,0,0,0,0,0,0,0,0,0,0,0,0,0,4,0,39.9486,-75.1859, , 
28085,334410,2015069520,6,67,67301,2015,7,4,1251,12,1,1,0,4,1, , ,N,0,0,0,3,0,0,2,2,N,N,40 02:14.227,75 00:45.519,1316, ,1258, ,0, ,N, ,0, , , , , , , , , ,2,1,0,0,0,0,0,1,0,0,0,0,0,0,0,0,0,0,0,0,1,0,0,0,0,0,0,0,0,0,0,0,0,0,0,0,0,40.0373,-75.0126, , 
28086,334411,2015069673,6,67,67301,2015,6,4,1203,12,1,1,0,4,1, , ,N,1,0,0,3,0,0,3,2,N,N,40 01:55.629,75 12:27.966,1212, ,1203, ,0, ,N, ,0, , , , , , , , , ,2,1,0,0,0,0,1,0,0,0,0,0,0,0,0,0,0,0,0,0,2,0,0,0,0,0,0,0,0,0,0,0,0,0,0,0,0,40.0321,-75.2078, , 
28087,334414,2015072865,6,67,67301,2015,7,1,1915,19,1,1,0,8,1, , ,N,0,0,0,3,0,2,3,3,N,N,39 58:43.173,75 12:24.015,2001, ,1956, ,0, , , ,0, , , , , , , , , ,1,1,0,0,0,0,0,0,0,0,0,2,2,0,0,0,0,0,0,0,0,0,0,0,0,0,0,0,0,0,0,0,2,0,0,4,0,39.9787,-75.2067, , 
28088,334430,2015075786,6,67,67301,2015,7,6,1255,12,1,1,0,4,1, , ,N,0,0,7,3,0,1,2,2,N, ,40 06:16.581,75 01:54.699,1310, ,1256, ,0, , , ,0, , , , , , , , , ,2,2,0,0,0,0,0,0,0,0,0,0,1,1,0,0,0,0,0,0,1,0,0,0,0,0,0,0,0,0,0,0,0,0,0,8,0,40.1046,-75.0319, , 
28089,334437,2015085248,6,67,67301,2015,8,3,730,7,1,1,0,4,1, , ,N,1,3,0,3,0,1,4,2,N,N,39 56:56.623,75 09:20.444,745, ,740,1,1,1,N, ,3,N, , , , , , , , ,2,1,0,0,0,0,1,0,0,0,0,1,1,0,0,0,0,0,0,0,0,0,0,0,0,0,0,0,0,0,0,0,0,0,0,4,0,39.9491,-75.1557, , 
28090,334441,2015091078,6,67,67301,2015,8,4,2219,22,3,1,0,1,6, , ,N,0,0,0,3,0,0,1,2,N,N,39 58:28.120,75 14:22.149,9999, ,2223,9,1,4,N, ,0,N, , , , , , , , ,2,1,0,0,0,0,1,0,0,0,0,0,0,0,1,0,0,0,0,0,0,0,0,0,0,0,0,0,0,0,0,0,0,0,0,9,0,39.9745,-75.2395, , 
28091,334442,2015091158,6,67,67301,2015,8,3,815,8,1,1,0,1,1, , ,N,0,0,0,3,0,1,4,4,N,N,40 02:03.223,75 06:54.294,835, ,827, ,0, ,N, ,0, , , , , , , , , ,4,4,0,0,0,0,0,0,0,0,0,1,1,0,0,0,0,0,0,0,2,0,0,0,0,0,0,0,0,0,0,0,0,0,0,4,0,40.0342,-75.1151, , 
28092,334444,2015092458,6,67,67301,2015,8,4,2320,23,3,1,0,8,1, , ,N,1,2,0,3,0,1,2,2,N,N,40 02:19.838,75 10:17.839,1220, ,1216, ,0, , , ,3, , , , , , , , , ,1,0,0,0,0,0,1,0,0,0,0,1,1,0,1,0,0,0,0,0,0,0,0,0,0,0,0,0,0,0,0,0,1,0,0,4,0,40.0388,-75.1716, , 
28093,334457,2015107474,6,67,67301,2015,9,1,2130,21,6,1,0,1,1, , ,N,0,0,0,3,0,0,2,2,N,N,39 59:19.686,75 05:21.796,9999, ,1000, ,0, , , ,0, , , , , , , , , ,2,2,0,0,0,0,0,0,0,0,0,0,0,0,0,0,0,0,0,0,0,0,0,0,0,0,0,0,0,0,0,0,0,0,0,0,0,39.9888,-75.0894, , 
28094,334470,2015020717,6,67,67301,2015,1,6,2207,22,3,1,0,7,4, , ,N,0,0,0,3,0,1,1,1,N, ,40 05:25.699,75 00:36.450,2222, ,2212, ,0, , , ,0, , , , , , , , , ,1,1,0,0,0,0,0,0,0,0,1,0,1,0,0,0,0,0,0,0,0,0,0,0,0,0,0,0,0,0,0,0,0,0,0,3,0,40.0905,-75.0101, , 
28095,334502,2015066284,6,67,67301,2015,6,2,1800,18,1,1,0,7,4, , ,N,1,3,1,3,0,3,3,2,N, ,39 58:14.108,75 09:03.120,1805, ,1800, ,0, , , ,3, , , , , , , , , ,1,1,0,0,0,0,0,0,0,0,1,2,3,0,0,0,0,0,1,0,0,0,0,1,0,0,0,0,0,0,0,0,0,0,0,3,0,39.9705,-75.151, , 
28096,334551,2015014293,6,67,67301,2015,1,5,822,8,1,1,0,5,1, , ,N,0,0,2,3,0,1,4,3,N,N,40 00:17.618,75 11:46.710,830, ,824,2,1,3,N, ,0,Y, , , , , , , , ,3,2,0,0,0,0,1,0,0,0,0,1,1,0,0,0,0,0,0,0,0,0,0,0,0,0,0,0,0,0,0,0,0,0,0,4,0,40.0049,-75.1963, , 
28097,334553,2015015553,6,67,67301,2015,1,2,700,7,1,2,5,5,6, , ,N,0,0,0,3,0,1,3,6,N,N,39 59:24.040,75 13:38.337,846, ,845, ,0, ,N, ,0, , , , , , , , , ,6,1,0,0,0,0,5,0,0,0,0,1,1,0,0,0,0,0,0,0,1,0,0,0,0,0,0,0,0,0,0,0,0,0,0,4,0,39.99,-75.2273, , 
28098,334559,2015020851,6,67,67301,2015,1,3,740,7,1,4,3,6,1, , ,N,0,0,0,3,0,1,3,2,N, ,39 54:56.190,75 14:42.340,818, ,740, ,0, , , ,0, , , , , , , , , ,2,1,0,0,1,0,0,0,0,0,0,1,1,0,0,0,0,0,0,0,2,0,0,0,0,0,0,0,0,0,0,0,0,0,0,4,0,39.9156,-75.2451, , 
28099,331958,2015095717,6,67,67301,2015,9,6,1225,12,1,1,0,4,1, , ,N,1,2,0,3,0,3,5,2,N,N,39 59:38.349,75 07:48.907,1227, ,1225, ,0, ,N, ,3, , , , , , , , , ,2,1,0,0,0,0,1,0,0,0,0,1,3,2,0,0,0,0,0,0,0,0,0,0,0,0,0,0,0,0,0,0,0,0,0,4,0,39.994,-75.1303, , 
28100,331961,2015099086,6,67,67301,2015,9,7,1647,16,1,1,0,4,1, , ,N,1,2,0,3,0,2,3,5,N,N,40 01:50.138,75 04:57.471,1652, ,1648, ,0, ,N, ,3, , , , , , , , , ,5,1,0,0,0,0,4,0,0,0,0,2,2,0,0,0,0,1,0,0,0,0,0,0,0,0,0,0,0,0,0,0,0,0,0,4,0,40.0306,-75.0826, , 
28101,331973,2015128051,6,67,67301,2015,11,5,1738,17,3,2,1,8,1, , ,N,1,2,0,3,0,1,2,2,N,N,40 02:02.652,75 10:35.500,1741, ,1738, ,0, , , ,3, , , , , , , , , ,1,0,0,0,0,0,0,0,0,0,0,0,1,1,0,0,0,0,0,0,0,0,0,0,0,0,0,0,0,0,0,0,1,0,0,8,0,40.0341,-75.1765, , 
28102,331988,2015136398,6,67,67301,2015,12,2,1026,10,1,1,0,6,1, , ,N,0,0,0,3,0,2,5,4,N,N,40 01:14.225,75 08:55.554,1036, ,1030,2,1,1,N, ,0,Y, , , , , , , , ,4,2,0,0,0,0,1,1,0,0,2,0,2,0,0,0,0,0,0,0,0,1,0,2,0,0,0,0,0,0,0,0,0,0,0,3,0,40.0206,-75.1488, , 
28103,332000,2015128614,6,67,67301,2015,11,2,1522,15,1,1,0,1,1, , ,N,2,2,0,3,0,1,5,3,N,N,40 02:12.212,75 11:15.028,1544, ,1526, ,0, ,N, ,3, , , , , , , , , ,3,1,0,1,0,0,1,0,0,0,0,0,1,1,0,0,0,0,0,0,0,2,0,0,0,0,0,0,0,0,0,0,0,0,0,8,1,40.0367,-75.1875, , 
28104,332002,2015131243,6,67,67301,2015,11,5,1556,15,1,1,0,4,1, , ,N,1,2,0,3,0,2,3,2,N,N,40 02:16.788,75 04:04.754,1630, ,1628, ,0, , , ,3, , , , , , , , , ,2,2,0,0,0,0,0,0,0,0,0,0,2,2,0,0,0,0,0,0,0,0,0,1,0,0,0,0,0,0,0,0,0,0,0,8,0,40.038,-75.068, , 
28105,332003,2015132717,6,67,67301,2015,12,6,1403,14,1,1,0,4,1, , ,N,0,0,0,3,0,0,3,2,N,N,39 53:27.364,75 13:16.872,1419, ,1407, ,0, ,N, ,0, , , , , , , , , ,2,1,0,0,1,0,0,0,0,0,0,0,0,0,0,0,0,0,0,0,1,0,1,0,0,0,0,0,0,0,0,0,0,0,0,0,0,39.8909,-75.2214, , 
28106,332009,2015135821,6,67,67301,2015,11,6,940,9,1,1,0,8,1, , ,N,1,3,0,3,0,1,2,2,N,N,39 57:05.475,75 13:21.442,948, ,946, ,0, , , ,3, , , , , , , , , ,1,1,0,0,0,0,0,0,1,0,1,0,1,0,0,0,0,0,0,0,0,0,0,0,0,0,0,0,0,0,0,0,0,0,0,3,0,39.9515,-75.2226, , 
28107,332019,2015033756,6,67,67301,2015,3,1,200,2,3,1,0,7,3, , ,N,0,0,0,3,0,1,1,1,N, ,40 01:47.807,75 05:15.768,204, ,201,3,1,1, , ,0,Y, , , , , , , , ,1,1,0,0,0,0,0,0,0,1,0,0,1,0,0,0,0,0,0,0,0,0,0,0,0,0,0,0,0,0,0,0,0,0,0,2,0,40.0299,-75.0877, , 
28108,332040,2015133734,6,67,67301,2015,11,2,1542,15,1,1,0,6,1, , ,N,0,2,0,3,0,7,7,2,N,N,40 02:19.355,75 08:35.244,1542, ,1542, ,0, ,N, ,3, , , , , , , , , ,2,0,0,1,0,0,0,1,0,0,2,1,7,4,0,0,0,1,0,0,1,0,0,1,0,0,0,0,0,0,0,0,0,0,0,3,1,40.0387,-75.1431, , 
28109,332049,2016007567,6,67,67301,2015,12,7,154,1,3,2,1,7,3, , ,N,2,2,0,3,0,0,1,1,N, ,40 02:12.213,75 03:45.165,205, ,159, ,0, , , ,3, , , , , , , , , ,1,1,0,0,0,0,0,0,0,0,0,0,0,0,0,0,0,0,0,0,0,0,0,0,0,0,0,0,0,0,0,0,0,0,0,0,0,40.0367,-75.0625, , 
28110,332062,2015095164,6,67,67301,2015,8,2,800,8,1,1,0,4,1, , ,N,1,2,0,3,0,1,2,2,N,N,39 56:12.288,75 10:00.987,835, ,830, ,0, ,N, ,3, , , , , , , , , ,2,2,0,0,0,0,0,0,0,0,0,1,1,0,0,0,0,0,0,0,1,0,0,0,0,0,0,0,0,0,0,0,0,0,0,4,0,39.9367,-75.1669, , 
28111,332064,2015095190,6,67,67301,2015,9,7,1500,15,1,1,0,8,1, , ,N,1,2,0,3,0,1,2,2,N, ,39 55:35.245,75 13:49.904,1511, ,1510, ,0, , , ,3, , , , , , , , , ,1,0,0,0,1,0,0,0,0,0,0,1,1,0,0,0,0,0,0,0,0,0,0,0,0,0,0,0,0,0,0,0,1,0,0,4,0,39.9265,-75.2305, , 
28112,332065,2015097609,6,67,67301,2015,9,4,942,9,1,1,0,1,1, , ,N,0,0,0,3,0,0,2,2,N,N,39 57:28.721,75 09:48.309,1000, ,942,2,1,3,N, ,0,N, , , , , , , , ,2,1,0,0,0,1,0,0,0,0,0,0,0,0,0,0,0,0,0,0,1,0,0,0,0,0,0,0,0,0,0,0,0,0,0,0,1,39.958,-75.1634, , 
28113,332075,2015103441,6,67,67301,2015,9,5,1815,18,4,1,1,4,1, , ,N,1,3,0,3,0,3,4,2,N,N,39 59:45.441,75 10:57.655,1921, ,1920,3,2,4, , ,3,Y, , , , , , , , ,2,1,0,0,0,0,1,0,0,0,1,0,3,2,1,0,0,0,0,0,0,0,0,0,0,0,0,0,0,0,0,0,0,0,0,3,0,39.996,-75.1827, , 
28114,332099,2015105101,6,67,67301,2015,9,6,2042,20,3,1,0,4,1, , ,N,0,0,7,3,0,2,3,2,N,N,40 02:11.175,75 10:26.707,2045, ,2045,1,1,4,N, ,0,Y, , , , , , , , ,2,2,0,0,0,0,0,0,0,0,0,0,2,2,0,0,0,0,0,0,0,0,0,0,0,0,0,0,0,0,0,0,0,0,0,8,0,40.0364,-75.1741, , 
28115,332117,2015054008,6,67,67301,2015,5,6,940,9,1,1,0,4,1, , ,N,1,3,0,3,0,2,3,3,N, ,39 58:11.956,75 10:04.673,948, ,944, ,0, , , ,3, , , , , , , , , ,2,1,0,0,0,0,1,0,0,0,0,2,2,0,0,0,0,0,0,0,1,1,0,0,0,0,0,0,0,0,0,0,1,0,0,4,0,39.97,-75.168, , 
28116,332142,2015074975,6,67,67301,2015,6,3,1533,15,1,1,0,1,1, , ,N,0,0,0,3,0,0,2,2,N,N,39 58:23.540,75 11:37.508,1555, ,1545,1,2,4,N, ,0,N, , , , , , , , ,2,1,0,0,0,0,1,0,0,0,0,0,0,0,0,0,0,0,0,0,0,0,0,0,0,0,0,0,0,0,0,0,0,0,0,0,0,39.9732,-75.1938, , 
28117,326096,2015086268,6,67,67301,2015,8,2,910,9,1,1,0,4,1, , ,N,0,0,0,3,0,1,2,2,N,N,39 57:47.924,75 13:27.318,930, ,915, ,0, , , ,0, , , , , , , , , ,1,0,0,1,0,0,0,0,1,0,0,0,1,1,0,0,0,0,0,0,1,0,0,0,0,0,0,0,0,0,0,0,0,0,0,8,1,39.9633,-75.2243, , 
28118,326102,2015091108,6,67,67301,2015,8,6,1300,13,1,1,0,8,1, , ,N,3,0,0,3,0,1,2,2,N,N,39 58:42.538,75 16:03.166,1300, ,1300, ,0, ,N, ,0, , , , , , , , , ,1,0,0,0,0,0,0,1,0,0,0,1,1,0,0,0,0,0,0,0,0,0,0,0,0,0,0,0,0,0,0,0,1,0,0,4,0,39.9785,-75.2675, , 
28119,326117,2015109356,6,67,67301,2015,10,6,1941,19,3,2,1,1,1, , ,N,1,2,0,3,0,5,6,3,N,N,39 58:48.767,75 09:26.884,2015, ,9999, ,0, ,N, ,3, , , , , , , , , ,3,2,0,0,1,0,0,0,0,0,0,5,5,0,1,0,0,0,0,0,1,0,0,0,0,0,0,0,0,0,0,0,0,0,0,4,0,39.9802,-75.1575, , 
28120,326130,2015020825,6,67,67301,2015,1,1,713,7,3,8,5,5,1, , ,N,0,0,0,3,0,3,9,6,N,N,40 01:50.289,75 05:11.495,713, ,713,4,2,1,Y, ,0,Y, , , , , , , , ,6,3,0,0,1,0,2,0,0,0,0,0,3,3,0,0,0,0,0,0,0,0,1,0,0,0,0,0,0,0,0,0,0,0,0,8,0,40.0306,-75.0865, , 
28121,326166,2015095324,6,67,67301,2015,8,2,1547,15,1,1,0,5,1, , ,N,0,0,0,3,0,1,4,4,N,N,40 01:05.033,75 02:52.352,1619, ,1548, ,0, ,N, ,0, , , , , , , , , ,4,1,0,0,1,0,1,0,0,0,0,0,1,1,1,0,0,0,0,0,2,0,0,1,0,0,0,0,0,0,0,0,0,0,0,8,0,40.0181,-75.0479, , 
28122,326168,2015095696,6,67,67301,2015,9,4,2145,21,3,1,0,4,1, , ,N,1,2,0,3,0,2,5,2,N,N,40 00:31.197,75 04:08.216,2300, ,2150, ,0, ,N, ,3, , , , , , , , , ,2,1,0,0,0,0,0,1,0,0,1,1,2,0,0,0,0,0,0,0,1,0,0,0,0,0,0,0,0,0,0,0,0,0,0,3,0,40.0086,-75.0688, , 