objectid_1,objectid,crn,district,county,municipality,crash_year,crash_month,day_of_week,time_of_day,hour_of_day,illumination,weather,road_condition,collision_type,relation_to_road,work_zone_type,work_zone_loc,work_zone_ind,intersect_type,tcd_type,location_type,urban_rural,fatal_count,injury_count,person_count,total_units,sch_bus_ind,sch_zone_ind,latitude,longitude,arrival_tm,cons_zone_spd_lim,dispatch_tm,est_hrs_closed,lane_closed,ln_close_dir,ntfy_hiwy_maint,spec_juris_cd,tcd_func_cd,tfc_detour_ind,workers_pres,wz_close_detour,wz_flagger,wz_law_offcr_ind,wz_ln_closure,wz_moving,wz_other,wz_shlder_mdn,vehicle_count,automobile_count,motorcycle_count,bus_count,small_truck_count,heavy_truck_count,suv_count,van_count,bicycle_count,maj_inj_count,mod_inj_count,min_inj_count,tot_inj_count,unk_inj_deg_count,unk_inj_per_count,driver_count_16yr,driver_count_17yr,driver_count_18yr,driver_count_19yr,driver_count_20yr,driver_count_50_64yr,driver_count_65_74yr,driver_count_75plus,unbelted_occ_count,unb_death_count,unb_maj_inj_count,belted_death_count,belted_maj_inj_count,mcycle_death_count,mcycle_maj_inj_count,bicycle_death_count,bicycle_maj_inj_count,ped_count,ped_death_count,ped_maj_inj_count,max_severity_level,comm_veh_count,dec_lat,dec_long,rdwy_surf_type_cd,county_name
28123,326191,2015066178,6,67,67301,2015,6,7,55,0,3,1,0,1,1, , ,N,0,0,0,3,0,0,2,2,N,N,39 57:10.446,75 08:23.814,9999, ,9999,2,1,1, , ,0,N, , , , , , , , ,2,2,0,0,0,0,0,0,0,0,0,0,0,0,0,0,0,0,0,1,0,0,0,0,0,0,0,0,0,0,0,0,0,0,0,0,0,39.9529,-75.1399, , 
28124,326197,2015075705,6,67,67301,2015,7,7,2115,21,3,1,0,1,1, , ,N,1,2,0,3,0,1,3,2,N,N,40 03:45.914,75 03:27.576,2130, ,2123, ,0, ,N, ,3, , , , , , , , , ,2,1,0,0,0,0,0,1,0,0,0,1,1,0,0,0,0,0,0,0,1,0,0,0,0,0,0,0,0,0,0,0,0,0,0,4,0,40.0628,-75.0577, , 
28125,326198,2015075756,6,67,67301,2015,7,7,1115,11,1,2,1,4,1, , ,N,0,0,7,3,0,1,2,2,N,N,39 59:57.775,75 12:31.935,1147, ,1138, ,0, ,N, ,0, , , , , , , , , ,2,1,0,0,0,0,0,0,0,0,0,0,1,1,0,0,0,0,0,0,0,0,1,0,0,0,0,0,0,0,0,0,0,0,0,8,0,39.9994,-75.2089, , 
28126,326203,2015084362,6,67,67301,2015,1,1,650,6,1,2,5,7,4, , ,N,0,0,0,3,0,0,1,1,N,N,40 02:14.010,75 12:35.883,0, ,0, ,0, ,N, ,0, , , , , , , , , ,1,1,0,0,0,0,0,0,0,0,0,0,0,0,0,0,0,0,0,0,0,0,0,0,0,0,0,0,0,0,0,0,0,0,0,0,0,40.0372,-75.21, , 
28127,326204,2015086273,6,67,67301,2015,8,6,2033,20,3,1,0,8,1, , ,N,1,2,0,3,0,1,3,2,N,N,40 04:51.806,75 01:43.881,2041, ,2036,2,1,2,N, ,3,N, , , , , , , , ,1,1,0,0,0,0,0,0,0,0,0,0,1,1,0,0,0,0,1,0,0,0,0,0,0,0,0,0,0,0,0,0,1,0,0,8,0,40.0811,-75.0289, , 
28128,326216,2015099012,6,67,67301,2015,9,7,9999,99,1,1,0,8,1, , ,N,1,3,0,3,0,1,2,2,N,N,39 58:10.072,75 09:47.190,1605, ,1539, ,0, ,N, ,3, , , , , , , , , ,1,1,0,0,0,0,0,0,0,0,0,0,1,1,0,0,0,0,0,0,1,0,0,0,0,0,0,0,0,0,0,0,1,0,0,8,0,39.9695,-75.1631, , 
28129,326224,2015083319,6,67,67301,2015,7,6,2329,23,3,1,0,8,3, , ,N,0,0,0,3,0,1,2,2,N,N,40 00:44.461,75 10:31.078,2331, ,2331,1,2,6,N, ,0,Y, , , , , , , , ,1,0,0,0,0,0,0,0,0,0,1,0,1,0,0,0,0,0,0,0,0,0,0,0,0,0,0,0,0,0,0,0,1,0,0,3,0,40.0124,-75.1753, , 
28130,326225,2015083409,6,67,67301,2015,7,6,1415,14,1,1,0,1,1, , ,N,0,0,7,3,0,2,4,2,N,N,40 01:57.043,75 01:09.792,1428, ,1423, ,0, ,N, ,0, , , , , , , , , ,2,1,0,0,0,0,1,0,0,0,0,2,2,0,1,0,0,0,0,0,0,0,0,0,0,0,0,0,0,0,0,0,0,0,0,4,0,40.0325,-75.0194, , 
28131,326237,2015073504,6,67,67301,2015,6,1,1353,13,1,1,0,1,1, , ,N,0,0,0,3,0,2,6,4,N,N,40 00:56.197,75 03:11.746,1425, ,1411,1,1,2,N, ,0,N, , , , , , , , ,4,4,0,0,0,0,0,0,0,0,0,2,2,0,1,0,0,0,0,0,0,1,0,0,0,0,0,0,0,0,0,0,0,0,0,4,0,40.0156,-75.0533, , 
28132,326241,2015078641,6,67,67301,2015,7,3,923,9,1,1,0,4,1, , ,N,1,2,0,3,0,1,3,2,N,N,39 56:23.459,75 12:41.033,924, ,923,2,1,4,N, ,3,Y, , , , , , , , ,2,1,0,0,0,0,0,1,0,0,1,0,1,0,0,0,0,0,0,0,0,0,0,0,0,0,0,0,0,0,0,0,0,0,0,3,0,39.9399,-75.2114, , 
28133,326266,2015051444,6,67,67301,2015,4,2,1830,18,1,1,0,8,1, , ,N,2,0,0,3,1,0,2,2,N,N,39 56:21.390,75 13:48.878,1837, ,1830,9,2,5, ,0,0,Y, , , , , , , , ,1,0,0,0,0,0,1,0,0,0,0,0,0,0,0,0,0,0,0,0,0,0,0,0,0,0,0,0,0,0,0,0,1,1,0,1,0,39.9393,-75.2302,2, 
28134,326274,2015062731,6,67,67301,2015,5,2,1930,19,1,1,0,4,1, , ,N,1,3,0,3,0,2,4,2,N,N,40 01:50.439,75 03:17.355,2000, ,1940, ,0, ,N, ,3, , , , , , , , , ,2,1,0,0,0,0,1,0,0,0,0,0,2,2,0,0,0,0,0,0,0,0,0,0,0,0,0,0,0,0,0,0,0,0,0,8,0,40.0306,-75.0548, , 
28135,328883,2015078306,6,67,67301,2015,7,2,2030,20,3,1,0,4,1, , ,N,2,0,0,3,0,1,2,2,N,N,39 59:21.166,75 07:50.120,50, ,36, ,0, ,N, ,0, , , , , , , , , ,1,0,0,0,0,0,0,1,1,0,1,0,1,0,0,0,0,0,0,0,0,0,0,0,0,0,0,0,0,0,0,0,0,0,0,3,0,39.9892,-75.1306, , 
28136,328889,2015084454,6,67,67301,2015,7,3,230,2,3,1,0,7,4, , ,N,1,2,0,3,0,0,1,1,N, ,39 59:21.634,75 09:19.704,255, ,250, ,0, , , ,3, , , , , , , , , ,1,1,0,0,0,0,0,0,0,0,0,0,0,0,0,0,0,0,0,0,0,0,0,0,0,0,0,0,0,0,0,0,0,0,0,0,0,39.9893,-75.1555, , 
28137,328890,2015084841,6,67,67301,2015,2,4,1420,14,1,1,0,1,1, , ,N,2,2,0,3,0,0,3,3,N,N,40 03:04.129,75 07:21.028,0, ,0, ,0, ,N, ,3, , , , , , , , , ,3,2,0,1,0,0,0,0,0,0,0,0,0,0,1,0,0,0,0,0,0,0,0,0,0,0,0,0,0,0,0,0,0,0,0,9,1,40.0511,-75.1225, , 
28138,328891,2015085331,6,67,67301,2015,8,7,1538,15,1,1,0,8,1, , ,N,0,0,0,3,0,1,2,2,N,N,40 01:47.580,75 08:47.865,1554, ,1546, ,0, ,N, ,0, , , , , , , , , ,1,0,0,0,1,0,0,0,0,0,0,0,1,1,0,0,0,0,0,0,0,0,0,0,0,0,0,0,0,0,0,0,1,0,0,8,0,40.0299,-75.1466, , 
28139,328895,2015088778,6,67,67301,2015,8,5,1631,16,1,1,0,4,1, , ,N,1,2,0,3,0,0,6,3,N,N,40 02:02.039,75 04:27.141,1637, ,1631,1,1,1,N, ,3,N, , , , , , , , ,3,1,0,0,0,0,1,1,0,0,0,0,0,0,0,0,0,0,0,0,0,0,0,0,0,0,0,0,0,0,0,0,0,0,0,0,0,40.0339,-75.0742, , 
28140,328919,2015078627,6,67,67301,2015,7,1,2210,22,3,1,0,4,1, , ,N,1,3,0,3,0,2,3,2,N,N,40 01:23.930,75 07:32.757,2308, ,2307, ,0, ,N, ,3, , , , , , , , , ,2,2,0,0,0,0,0,0,0,2,0,0,2,0,0,0,0,0,0,0,1,0,0,0,0,0,0,0,0,0,0,0,0,0,0,2,0,40.0233,-75.1258, , 
28141,328926,2015086220,6,67,67301,2015,8,3,743,7,1,1,1,5,1, , ,N,0,0,0,3,0,0,5,5,N,N,39 58:07.978,75 09:35.737,825, ,745,3,2,1,N, ,0,Y, , , , , , , , ,5,3,0,0,0,0,1,1,0,0,0,0,0,0,0,0,0,0,0,0,1,0,0,0,0,0,0,0,0,0,0,0,0,0,0,0,0,39.9689,-75.1599, , 
28142,328927,2015087011,6,67,67301,2015,3,5,2237,22,3,2,1,1,1, , ,N,0,2,0,3,0,2,3,2,N,N,40 03:31.215,75 08:57.908,0, ,0, ,0, ,N, ,3, , , , , , , , , ,2,0,0,0,0,0,1,0,0,0,2,0,2,0,0,0,0,0,0,0,1,0,0,0,0,0,0,0,0,0,0,0,0,0,0,3,0,40.0587,-75.1494, , 
28143,328932,2015117616,6,67,67301,2015,10,1,1416,14,1,1,0,1,1, , ,N,0,0,0,3,0,0,3,3,N, ,39 57:23.747,75 11:49.561,1427, ,1423,9,1,4, , ,0,N, , , , , , , , ,3,2,0,0,0,0,1,0,0,0,0,0,0,0,0,0,0,0,0,0,1,0,0,1,0,0,0,0,0,0,0,0,0,0,0,0,0,39.9566,-75.1971, , 
28144,328949,2015131905,6,67,67301,2015,11,2,2316,23,3,2,1,7,4, , ,N,0,0,0,3,0,0,1,1,N,N,39 58:56.862,75 12:28.234,2333, ,2327, ,0, ,N, ,0, , , , , , , , , ,1,1,0,0,0,0,0,0,0,0,0,0,0,0,0,0,0,0,0,0,0,0,0,0,0,0,0,0,0,0,0,0,0,0,0,0,0,39.9825,-75.2078, , 
28145,328953,2015136777,6,67,67301,2015,12,2,1830,18,3,2,1,4,1, , ,N,2,0,0,3,0,2,4,3,N,N,40 07:18.910,75 00:58.179,1845, ,1834, ,0, ,N, ,0, , , , , , , , , ,3,2,1,0,0,0,0,0,0,1,0,0,2,1,0,0,0,0,0,0,0,1,0,0,0,0,0,0,0,1,0,0,0,0,0,2,0,40.1219,-75.0162, , 
28146,328960,2015064003,6,67,67301,2015,5,7,2330,23,3,1,0,1,1, , ,N,0,0,0,3,0,2,4,2,N,N,39 58:27.232,75 12:13.231,2337, ,2335,3,1,4,N, ,0,N, , , , , , , , ,2,1,0,0,0,0,1,0,0,0,0,1,2,1,0,0,0,0,0,0,1,0,0,0,0,0,0,0,0,0,0,0,0,0,0,4,0,39.9742,-75.2037, , 
28147,328966,2015069770,6,67,67301,2015,6,2,1050,10,1,1,0,5,6, , ,N,0,0,0,3,0,1,1,2,N,N,39 59:08.013,75 09:40.804,1055, ,1055,1,1,2,N, ,0,Y, , , , , , , , ,2,1,0,0,0,1,0,0,0,0,0,1,1,0,0,0,0,0,0,0,1,0,0,0,0,0,0,0,0,0,0,0,0,0,0,4,1,39.9856,-75.1613, , 
28148,328973,2015084041,6,67,67301,2015,8,5,1732,17,1,1,0,1,1,1,4,Y,0,0,0,3,0,0,4,3,N,N,40 01:29.955,75 01:46.676,1802,45,1737,2,2,2,N, ,0,N,Y,N,N,N,N,N,N,Y,3,3,0,0,0,0,0,0,0,0,0,0,0,0,0,0,0,0,0,0,0,0,0,0,0,0,0,0,0,0,0,0,0,0,0,0,0,40.025,-75.0296, , 
28149,328974,2015086226,6,67,67301,2015,8,3,1220,12,1,1,0,4,1, , ,N,0,0,7,3,0,0,4,2,N,N,40 07:41.409,75 01:23.231,1244, ,1240,9,1,6,N, ,0,N, , , , , , , , ,2,2,0,0,0,0,0,0,0,0,0,0,0,0,0,0,0,0,0,0,0,1,0,0,0,0,0,0,0,0,0,0,0,0,0,0,0,40.1282,-75.0231, , 
28150,328987,2015091174,6,67,67301,2015,8,1,1837,18,1,1,0,4,1, , ,N,1,2,0,3,0,2,5,3,N, ,40 02:16.088,75 04:28.064,1839, ,1837, ,0, , , ,3, , , , , , , , , ,3,1,0,0,0,0,2,0,0,0,0,2,2,0,0,0,0,0,0,0,0,0,0,0,0,0,0,0,0,0,0,0,0,0,0,4,0,40.0378,-75.0745, , 
28151,329002,2015106226,6,67,67301,2015,10,2,1828,18,4,1,0,1,1, , ,N,0,0,0,3,0,0,3,2,N,N,40 03:15.620,74 59:08.580,1841, ,1829, ,0, ,N, ,0, , , , , , , , , ,2,1,0,0,1,0,0,0,0,0,0,0,0,0,0,0,0,0,0,0,0,0,0,0,0,0,0,0,0,0,0,0,0,0,0,0,0,40.0543,-74.9857, , 
28152,329026,2015078626,6,67,67301,2015,7,5,1200,12,1,1,0,1,1, , ,N,0,0,0,3,0,1,3,2,N,N,40 01:19.627,75 08:16.355,1203, ,1202,1,1,3,N, ,0,N, , , , , , , , ,2,1,0,0,0,0,0,1,0,0,0,1,1,0,0,0,0,0,1,0,0,0,0,0,0,0,0,0,0,0,0,0,0,0,0,4,0,40.0221,-75.1379, , 
28153,329029,2015080122,6,67,67301,2015,7,6,1300,13,1,1,0,1,1, , ,N,0,0,0,3,0,1,5,2,N,N,39 57:30.407,75 10:02.439,1339, ,1305, ,0, ,N, ,0, , , , , , , , , ,2,0,0,0,0,0,2,0,0,0,0,0,1,1,0,0,0,0,0,0,0,0,0,0,0,0,0,0,0,0,0,0,0,0,0,8,0,39.9584,-75.1673, , 
28154,334576,2015089606,6,67,67301,2015,8,3,922,9,1,2,1,6,1, , ,N,0,0,0,3,0,0,2,2,N,N,39 58:48.873,75 11:51.198,930, ,926,2,1,1,N, ,0,N, , , , , , , , ,2,1,0,0,0,0,0,1,0,0,0,0,0,0,0,0,0,0,0,0,1,0,0,0,0,0,0,0,0,0,0,0,0,0,0,0,0,39.9802,-75.1976, , 
28155,334587,2015105102,6,67,67301,2015,9,7,2133,21,3,1,0,7,4, , ,N,1,2,0,3,0,0,1,1,N, ,40 03:27.548,75 09:43.791,2134, ,2134, ,0, , , ,3, , , , , , , , , ,1,0,0,0,0,0,1,0,0,0,0,0,0,0,0,0,0,0,0,0,0,0,0,0,0,0,0,0,0,0,0,0,0,0,0,0,0,40.0577,-75.1622, , 
28156,334590,2015107449,6,67,67301,2015,10,7,330,3,3,2,1,4,1, , ,N,0,0,0,3,0,2,2,4,N,N,40 01:03.734,75 06:57.565,340, ,330,3,1,5,N, ,0,Y, , , , , , , , ,4,2,0,0,0,0,2,0,0,0,1,1,2,0,0,0,0,0,0,0,0,0,0,0,0,0,0,0,0,0,0,0,0,0,0,3,0,40.0177,-75.116, , 
28157,334597,2015115001,6,67,67301,2015,10,1,1600,16,1,1,0,4,1, , ,N,1,3,0,3,0,1,2,2,N,N,39 58:12.104,75 12:29.649,1610, ,1605, ,0, ,N, ,3, , , , , , , , , ,1,1,0,0,0,0,0,0,1,0,0,1,1,0,0,0,0,0,0,0,0,0,0,0,0,0,0,0,0,0,0,0,0,0,0,4,0,39.97,-75.2082, , 
28158,334620,2015083441,6,67,67301,2015,7,3,15,0,3,1,0,4,1, , ,N,2,0,0,3,0,0,1,2,N, ,39 54:53.602,75 09:23.840,33, ,32, ,0, , , ,0, , , , , , , , , ,2,2,0,0,0,0,0,0,0,0,0,0,0,0,1,0,0,0,0,0,0,0,0,0,0,0,0,0,0,0,0,0,0,0,0,9,0,39.9149,-75.1566, , 
28159,334625,2015091153,6,67,67301,2015,8,3,10,0,3,1,0,7,5, , ,N,2,3,0,3,0,0,1,1,N,N,39 55:36.076,75 10:40.479,11, ,10, ,0, ,N, ,3, , , , , , , , , ,1,1,0,0,0,0,0,0,0,0,0,0,0,0,0,0,0,0,0,0,1,0,0,0,0,0,0,0,0,0,0,0,0,0,0,0,0,39.9267,-75.1779, , 
28160,334626,2015092977,6,67,67301,2015,8,5,1615,16,1,1,0,4,1, , ,N,1,3,0,3,0,1,2,2,N,N,39 55:12.212,75 11:08.786,1626, ,1623,2,2,7,N, ,3,Y, , , , , , , , ,2,1,1,0,0,0,0,0,0,0,1,0,1,0,0,0,0,0,0,0,0,1,0,0,0,0,0,0,0,0,0,0,0,0,0,3,0,39.9201,-75.1858, , 
28161,334627,2015093107,6,67,67301,2015,8,6,1930,19,1,1,0,1,1, , ,N,0,0,0,3,0,3,4,3,N,N,39 57:24.909,75 09:19.477,1935, ,1935,1,1,3,N, ,0,N, , , , , , , , ,3,2,0,0,1,0,0,0,0,0,0,3,3,0,0,0,0,0,0,0,0,0,0,0,0,0,0,0,0,0,0,0,0,0,0,4,0,39.9569,-75.1554, , 
28162,334633,2015095685,6,67,67301,2015,9,4,1000,10,1,1,0,1,1, , ,N,0,0,0,3,0,1,4,3,N,N,39 57:13.855,75 09:53.985,1010, ,1004, ,0, ,N, ,0, , , , , , , , , ,3,2,0,0,0,0,1,0,0,0,0,1,1,0,0,0,0,0,0,0,0,0,0,0,0,0,0,0,0,0,0,0,0,0,0,4,0,39.9538,-75.165, , 
28163,334658,2015064006,6,67,67301,2015,5,2,600,6,5,1,0,4,1, , ,N,1,2,0,3,0,1,3,3,N, ,39 59:00.430,75 06:19.637,617, ,614,3,2,7, , ,3,Y, , , , , , , , ,3,2,0,0,0,0,0,1,0,0,0,1,1,0,0,0,0,0,0,0,0,0,0,0,0,0,0,0,0,0,0,0,0,0,0,4,0,39.9835,-75.1055, , 
28164,334663,2015070671,6,67,67301,2015,6,3,909,9,1,1,0,4,1, , ,N,1,3,0,3,0,1,3,4,N,N,39 59:41.193,75 06:55.627,924, ,916, ,0, ,N, ,3, , , , , , , , , ,4,3,0,0,0,0,1,0,0,0,0,0,1,1,1,0,0,0,0,0,0,0,0,0,0,0,0,0,0,0,0,0,0,0,0,8,0,39.9948,-75.1155, , 
28165,334674,2015080663,6,67,67301,2015,7,4,1000,10,1,1,0,8,1, , ,N,1,2,0,3,0,1,2,2,N, ,39 57:16.503,75 10:22.776,1020, ,1015, ,0, , , ,3, , , , , , , , , ,1,0,0,0,0,0,0,1,0,0,0,0,1,1,0,0,0,0,0,0,0,0,0,0,0,0,0,0,0,0,0,0,1,0,0,8,0,39.9546,-75.173, , 
28166,334681,2015088677,6,67,67301,2015,8,1,1816,18,1,1,0,4,1, , ,N,5,2,2,3,0,1,2,2,N,N,39 57:25.881,75 08:31.297,1824, ,1816, ,0, , , ,3, , , , , , , , , ,2,1,0,0,0,0,1,0,0,0,0,1,1,0,0,0,0,0,0,0,0,0,0,0,0,0,0,0,0,0,0,0,0,0,0,4,0,39.9567,-75.1423, , 
28167,334715,2015098979,6,67,67301,2015,9,7,1625,16,1,1,0,1,1, , ,N,0,0,0,3,0,0,5,3,N,N,39 57:13.423,75 11:57.742,1630, ,1625, ,0, ,N, ,0, , , , , , , , , ,3,3,0,0,0,0,0,0,0,0,0,0,0,0,0,0,0,0,0,0,0,0,0,0,0,0,0,0,0,0,0,0,0,0,0,0,0,39.9537,-75.1994, , 
28168,334722,2015107446,6,67,67301,2015,10,6,804,8,1,2,1,4,1, , ,N,1,2,0,3,0,6,6,3,Y,N,40 00:07.592,75 07:57.262,825, ,815,9,2,2,N, ,3,Y, , , , , , , , ,3,1,0,1,0,0,1,0,0,0,0,6,6,0,0,0,0,0,0,0,0,0,0,0,0,0,0,0,0,0,0,0,0,0,0,4,1,40.0021,-75.1326, , 
28169,334730,2015061793,6,67,67301,2015,5,7,120,1,3,1,0,6,1, , ,N,0,0,0,3,0,0,2,2,N,N,40 01:31.359,75 03:28.692,122, ,121,2,1,3,N, ,0,N, , , , , , , , ,2,1,0,0,0,0,1,0,0,0,0,0,0,0,2,0,0,0,0,0,0,0,0,0,0,0,0,0,0,0,0,0,0,0,0,9,0,40.0254,-75.058, , 
28170,334732,2015063915,6,67,67301,2015,6,6,2200,22,3,1,1,4,1, , ,N,0,0,7,3,0,0,2,2,N,N,39 55:28.605,75 10:27.156,15, ,15, ,0, ,N, ,0, , , , , , , , , ,2,1,0,0,1,0,0,0,0,0,0,0,0,0,0,0,0,0,0,0,1,0,0,0,0,0,0,0,0,0,0,0,0,0,0,0,0,39.9246,-75.1742, , 
28171,334737,2015065029,6,67,67301,2015,6,3,1648,16,1,1,0,1,1, , ,N,1,1,0,3,0,2,4,3,N,N,40 00:09.326,75 13:25.112,1648, ,1648, ,0, ,N, ,3, , , , , , , , , ,3,2,0,0,1,0,0,0,0,0,0,2,2,0,0,0,0,0,1,0,0,0,0,1,0,0,0,0,0,0,0,0,0,0,0,4,0,40.0025,-75.2236, , 
28172,334755,2015080501,6,67,67301,2015,7,3,729,7,1,1,0,1,1, , ,N,0,0,0,3,0,2,2,2,N,N,39 58:56.021,75 06:02.933,746, ,730, ,0, ,N, ,0, , , , , , , , , ,2,1,0,0,0,0,1,0,0,0,0,2,2,0,0,0,0,0,0,0,0,0,0,0,0,0,0,0,0,0,0,0,0,0,0,4,0,39.9822,-75.1008, , 
28173,332155,2015092419,6,67,67301,2015,9,3,1430,14,1,1,0,2,1, , ,N,1,2,0,3,0,1,2,2,N,N,39 58:28.020,75 09:31.391,1431, ,1430,2,1,2,N, ,3,N, , , , , , , , ,2,1,1,0,0,0,0,0,0,0,0,0,1,1,0,0,0,0,0,1,1,0,0,0,0,0,0,0,0,0,0,0,0,0,0,8,0,39.9745,-75.1587, , 
28174,332156,2015091032,6,67,67301,2015,8,6,836,8,1,1,0,7,4, , ,N,0,0,0,3,0,1,1,1,N,N,39 54:48.936,75 08:48.320,839, ,839, ,0, ,N, ,0, , , , , , , , , ,1,1,0,0,0,0,0,0,0,0,0,1,1,0,0,0,0,0,0,0,0,0,0,0,0,0,0,0,0,0,0,0,0,0,0,4,0,39.9136,-75.1468, , 
28175,332164,2015097634,6,67,67301,2015,9,6,1911,19,3,1,0,1,1, , ,N,0,0,0,3,0,2,3,2,N,N,39 56:44.761,75 11:24.265,1913, ,1911, ,0, ,N, ,0, , , , , , , , , ,2,2,0,0,0,0,0,0,0,0,0,0,2,2,0,0,0,0,0,0,0,0,0,0,0,0,0,0,0,0,0,0,0,0,0,8,0,39.9458,-75.1901, , 
28176,332166,2015099146,6,67,67301,2015,9,5,540,5,5,2,1,4,1, , ,N,1,2,0,3,0,1,2,2,N,N,40 00:35.379,75 09:03.622,550, ,542, ,0, ,N, ,3, , , , , , , , , ,2,1,0,1,0,0,0,0,0,0,0,0,1,1,1,0,0,0,0,0,0,0,0,0,0,0,0,0,0,0,0,0,0,0,0,8,1,40.0098,-75.151, , 
28177,332167,2015099156,6,67,67301,2015,9,6,1345,13,1,1,0,8,1, , ,N,1,2,0,3,0,1,2,2,N,N,39 58:38.996,75 09:35.477,1401, ,1400, ,0, ,N, ,3, , , , , , , , , ,1,1,0,0,0,0,0,0,0,0,0,1,1,0,0,0,0,0,0,0,0,0,0,0,0,0,0,0,0,0,0,0,1,0,0,4,0,39.9775,-75.1599, , 
28178,332171,2015103457,6,67,67301,2015,9,7,222,2,2,1,0,4,1, , ,N,1,3,0,3,0,1,3,2,N,N,40 03:57.202,75 10:35.464,233, ,230, ,0, ,N, ,3, , , , , , , , , ,2,1,0,0,0,0,1,0,0,0,0,0,1,1,0,0,0,0,0,0,1,0,0,0,0,0,0,0,0,0,0,0,0,0,0,8,0,40.0659,-75.1765, , 
28179,332181,2015115070,6,67,67301,2015,10,7,324,3,3,1,0,6,1, , ,N,1,2,0,3,0,2,3,4,N,N,40 01:13.249,75 08:02.518,335, ,324,3,1,2, , ,3,Y, , , , , , , , ,4,3,0,0,0,0,0,1,0,0,0,2,2,0,0,0,0,0,0,1,0,0,0,0,0,0,0,0,0,0,0,0,0,0,0,4,0,40.0203,-75.134, , 
28180,332200,2015020678,6,67,67301,2015,1,6,1730,17,3,1,0,8,1, , ,N,1,3,0,3,0,3,4,5,N,N,39 59:58.408,75 07:26.378,1850, ,1901, ,0, ,N, ,3, , , , , , , , , ,4,4,0,0,0,0,0,0,0,0,1,2,3,0,1,0,0,0,0,0,0,0,0,0,0,0,0,0,0,0,0,0,1,0,0,3,0,39.9996,-75.124, , 
28181,332214,2015073735,6,67,67301,2015,6,1,217,2,3,2,1,1,1, , ,N,1,2,0,3,0,2,3,2,N,N,39 56:09.042,75 13:52.046,225, ,222,2,1,3,N, ,3,N, , , , , , , , ,2,1,0,0,0,0,1,0,0,0,0,2,2,0,0,0,0,0,0,0,0,0,0,0,0,0,0,0,0,0,0,0,0,0,0,4,0,39.9358,-75.2311, , 
28182,332225,2015083318,6,67,67301,2015,7,4,150,1,3,1,0,1,6, , ,N,0,0,0,3,0,1,2,2,N,N,39 57:31.813,75 14:51.405,200, ,155, ,0, ,N, ,0, , , , , , , , , ,2,0,0,0,0,0,1,1,0,0,0,1,1,0,0,0,0,0,0,0,0,0,0,0,0,0,0,0,0,0,0,0,0,0,0,4,0,39.9588,-75.2476, , 
28183,332227,2015084423,6,67,67301,2015,7,4,1501,15,1,1,0,6,1, , ,N,0,0,0,3,0,0,2,2,N,N,40 01:28.439,75 09:35.397,1536, ,1501, ,0, ,N, ,0, , , , , , , , , ,2,2,0,0,0,0,0,0,0,0,0,0,0,0,0,0,0,0,0,0,1,0,0,0,0,0,0,0,0,0,0,0,0,0,0,0,0,40.0246,-75.1598, , 
28184,332239,2015095795,6,67,67301,2015,9,3,957,9,1,1,0,4,1, , ,N,1,2,0,3,0,0,4,2,N, ,39 59:27.441,75 10:47.643,1020, ,957, ,0, , , ,3, , , , , , , , , ,2,1,0,0,0,0,1,0,0,0,0,0,0,0,0,0,0,0,0,0,0,1,0,0,0,0,0,0,0,0,0,0,0,0,0,0,0,39.991,-75.1799, , 
28185,332240,2015096112,6,67,67301,2015,8,7,1827,18,1,1,0,8,1, , ,N,0,0,0,3,0,1,2,2,N,N,39 56:09.132,75 11:46.309,1829, ,1827, ,0, ,N, ,0, , , , , , , , , ,1,0,0,0,0,0,1,0,0,0,1,0,1,0,0,0,0,0,0,0,0,0,0,0,0,0,0,0,0,0,0,0,1,0,0,3,0,39.9359,-75.1962, , 
28186,332254,2015128616,6,67,67301,2015,11,7,1833,18,3,1,1,4,1, , ,N,1,3,0,3,0,1,4,2,N,N,40 03:01.443,75 09:28.367,1908, ,1904, ,0, ,N, ,3, , , , , , , , , ,2,0,0,0,0,0,1,1,0,0,0,0,1,1,2,0,0,0,0,0,0,0,0,2,0,0,0,0,0,0,0,0,0,0,0,8,0,40.0504,-75.1579, , 
28187,332255,2015129993,6,67,67301,2015,4,4,150,1,3,1,0,4,1, , ,N,1,3,0,3,0,1,2,2,N,N,39 57:28.627,75 13:38.423,155, ,153, ,0, ,N, ,3, , , , , , , , , ,2,2,0,0,0,0,0,0,0,0,0,0,1,1,0,0,0,0,0,0,0,0,0,0,0,0,0,0,0,0,0,0,0,0,0,8,0,39.958,-75.2273, , 
28188,332256,2015130267,6,67,67301,2015,11,4,507,5,3,6,1,4,1, , ,N,1,2,0,3,0,1,2,2,N, ,39 57:00.500,75 10:14.300,518, ,510, ,0, ,N, ,2, , , , , , , , , ,2,1,0,0,0,1,0,0,0,0,0,0,1,1,1,0,0,0,0,0,0,0,0,0,0,0,0,0,0,0,0,0,0,0,0,8,1,39.9501,-75.1706, , 
28189,332258,2015133820,6,67,67301,2015,12,7,1700,17,3,1,0,1,1, , ,N,0,0,0,3,0,2,3,2,N,N,39 59:59.363,75 11:43.004,1719, ,1700,2,1,3,N, ,0,N, , , , , , , , ,2,2,0,0,0,0,0,0,0,0,0,2,2,0,0,0,0,0,0,0,0,0,0,0,0,0,0,0,0,0,0,0,0,0,0,4,0,39.9998,-75.1953, , 
28190,332271,2015129956,6,67,67301,2015,11,6,2318,23,3,1,0,5,6, , ,N,0,0,0,3,0,0,2,4,N, ,40 03:52.288,75 10:32.995,8, ,5,3,1,4, , ,0,N, , , , , , , , ,4,3,0,0,0,0,1,0,0,0,0,0,0,0,0,0,0,1,0,0,0,0,0,0,0,0,0,0,0,0,0,0,0,0,0,0,0,40.0645,-75.1758, , 