objectid_1,objectid,crn,district,county,municipality,crash_year,crash_month,day_of_week,time_of_day,hour_of_day,illumination,weather,road_condition,collision_type,relation_to_road,work_zone_type,work_zone_loc,work_zone_ind,intersect_type,tcd_type,location_type,urban_rural,fatal_count,injury_count,person_count,total_units,sch_bus_ind,sch_zone_ind,latitude,longitude,arrival_tm,cons_zone_spd_lim,dispatch_tm,est_hrs_closed,lane_closed,ln_close_dir,ntfy_hiwy_maint,spec_juris_cd,tcd_func_cd,tfc_detour_ind,workers_pres,wz_close_detour,wz_flagger,wz_law_offcr_ind,wz_ln_closure,wz_moving,wz_other,wz_shlder_mdn,vehicle_count,automobile_count,motorcycle_count,bus_count,small_truck_count,heavy_truck_count,suv_count,van_count,bicycle_count,maj_inj_count,mod_inj_count,min_inj_count,tot_inj_count,unk_inj_deg_count,unk_inj_per_count,driver_count_16yr,driver_count_17yr,driver_count_18yr,driver_count_19yr,driver_count_20yr,driver_count_50_64yr,driver_count_65_74yr,driver_count_75plus,unbelted_occ_count,unb_death_count,unb_maj_inj_count,belted_death_count,belted_maj_inj_count,mcycle_death_count,mcycle_maj_inj_count,bicycle_death_count,bicycle_maj_inj_count,ped_count,ped_death_count,ped_maj_inj_count,max_severity_level,comm_veh_count,dec_lat,dec_long,rdwy_surf_type_cd,county_name
28258,332400,2015058918,6,67,67301,2015,6,2,433,4,3,2,1,7,2, , ,N,0,0,2,3,0,0,3,1,N,N,39 57:19.858,75 08:53.330,433, ,433,1,1,4,N, ,0,N, , , , , , , , ,1,1,0,0,0,0,0,0,0,0,0,0,0,0,0,0,0,1,0,0,0,0,0,0,0,0,0,0,0,0,0,0,0,0,0,0,0,39.9555,-75.1481, , 
28259,332401,2015059117,6,67,67301,2015,5,6,1830,18,1,1,0,8,1, , ,N,0,0,0,3,0,1,2,2,N,N,39 55:28.887,75 14:16.227,1840, ,1830, ,0, ,N, ,0, , , , , , , , , ,1,1,0,0,0,0,0,0,0,0,0,0,1,1,0,0,0,0,0,0,0,0,0,0,0,0,0,0,0,0,0,0,1,0,0,8,0,39.9247,-75.2378, , 
28260,332447,2015078659,6,67,67301,2015,7,6,1733,17,1,1,0,4,1, , ,N,0,0,0,3,0,0,2,2,N,N,39 58:19.253,75 09:49.465,1735, ,1733, ,0, ,N, ,0, , , , , , , , , ,2,2,0,0,0,0,0,0,0,0,0,0,0,0,0,0,0,0,0,0,2,0,0,2,0,0,0,0,0,0,0,0,0,0,0,0,0,39.972,-75.1637, , 
28261,332454,2015091020,6,67,67301,2015,8,5,1336,13,1,1,0,1,6, , ,N,0,0,0,3,0,1,4,2,N, ,39 59:55.626,75 06:33.131,1345, ,1336, ,0, , , ,0, , , , , , , , , ,2,2,0,0,0,0,0,0,0,0,0,1,1,0,0,0,0,0,0,0,0,0,0,3,0,0,0,0,0,0,0,0,0,0,0,4,0,39.9988,-75.1092, , 
28262,332457,2015095772,6,67,67301,2015,9,3,1301,13,1,1,0,1,1, , ,N,2,2,0,3,0,2,3,2,N,N,39 59:03.225,75 15:38.516,1657, ,1630, ,0, ,N, ,3, , , , , , , , , ,2,2,0,0,0,0,0,0,0,0,0,2,2,0,0,0,0,0,0,0,0,0,0,0,0,0,0,0,0,0,0,0,0,0,0,4,0,39.9842,-75.2607, , 
28263,332467,2015108379,6,67,67301,2015,9,7,2200,22,3,1,0,4,1, , ,N,2,2,0,3,0,1,2,2,N, ,39 55:05.488,75 14:09.696,2228, ,2211, ,0, , , ,3, , , , , , , , , ,2,2,0,0,0,0,0,0,0,0,0,0,1,1,0,0,0,0,0,0,0,1,0,0,0,0,0,0,0,0,0,0,0,0,0,8,0,39.9182,-75.236, , 
28264,332547,2015071462,6,67,67301,2015,6,3,1627,16,1,1,0,1,1, , ,N,0,0,0,3,0,2,3,3,N,N,40 00:01.083,75 11:41.581,1629, ,1627,2,1,4,N, ,0,N, , , , , , , , ,3,2,0,0,0,0,0,0,0,0,0,2,2,0,1,0,0,0,0,0,1,0,0,0,0,0,0,0,0,0,0,0,0,0,0,4,0,40.0003,-75.1949, , 
28265,332549,2015073084,6,67,67301,2015,6,3,943,9,1,1,0,1,1,1,4,Y,0,0,0,3,0,0,6,2,N,N,40 01:22.139,75 02:11.468,1002,45,945, ,0, ,N, ,0, ,Y,N,N,N,N,N,Y,N,2,1,0,0,0,0,1,0,0,0,0,0,0,0,0,0,0,0,1,0,0,0,0,0,0,0,0,0,0,0,0,0,0,0,0,0,0,40.0228,-75.0365, , 
28266,326447,2015103295,6,67,67301,2015,9,3,1330,13,1,1,0,8,1, , ,N,0,0,0,3,0,1,2,2,N, ,39 57:08.053,75 09:14.895,1339, ,1330, ,0, , , ,0, , , , , , , , , ,1,0,0,0,0,0,1,0,0,0,0,1,1,0,0,0,0,0,0,0,0,0,0,1,0,0,0,0,0,0,0,0,1,0,0,4,0,39.9522,-75.1541, , 
28267,326466,2015113375,6,46,46108,2015,10,4,1424,14,1,2,1,1,1, , ,N,1,2,0,3,0,1,3,2,N,N,40 05:34.368,75 13:24.847,1425, ,1424,1,1,2,N, ,3,N, , , , , , , , ,2,2,0,0,0,0,0,0,0,0,0,0,1,1,0,0,0,0,0,1,0,1,0,0,0,0,0,0,0,0,0,0,0,0,0,8,0,40.0929,-75.2236, , 
28268,326476,2015102389,6,67,67301,2015,9,5,230,2,2,1,0,5,6, , ,N,0,0,0,3,0,0,1,4,N, ,40 01:55.926,75 11:05.296,237, ,232, ,0, , , ,0, , , , , , , , , ,4,3,0,0,0,0,1,0,0,0,0,0,0,0,0,0,0,0,0,0,0,0,0,0,0,0,0,0,0,0,0,0,0,0,0,0,0,40.0322,-75.1848, , 
28269,326477,2015103461,6,67,67301,2015,9,2,240,2,3,1,0,7,3, , ,N,0,0,0,3,0,1,1,1,N,N,40 00:49.142,75 10:46.526,249, ,249, ,0, ,N, ,0, , , , , , , , , ,1,1,0,0,0,0,0,0,0,0,0,1,1,0,0,0,0,0,0,0,0,0,0,0,0,0,0,0,0,0,0,0,0,0,0,4,0,40.0137,-75.1796, , 
28270,326483,2015111199,6,67,67301,2015,10,4,1139,11,1,2,1,7,4, , ,N,7,8,2,3,0,0,1,1,N,N,39 54:37.249,75 09:03.078,1142, ,1141, ,0, ,N, ,3, , , , , , , , , ,1,0,0,0,1,0,0,0,0,0,0,0,0,0,0,0,0,0,0,0,1,0,0,0,0,0,0,0,0,0,0,0,0,0,0,0,0,39.9103,-75.1509, , 
28271,326485,2015116479,6,67,67301,2015,11,1,1148,11,1,1,0,1,1, , ,N,0,0,0,3,0,2,5,3,N,N,39 57:36.171,75 10:45.162,1157, ,1148,1,1,4,N, ,0,N, , , , , , , , ,3,2,0,0,0,1,0,0,0,0,0,0,2,2,0,0,0,0,0,1,2,0,0,0,0,0,0,0,0,0,0,0,0,0,0,8,1,39.96,-75.1792, , 
28272,326486,2015117670,6,67,67301,2015,10,4,938,9,1,2,1,4,1, , ,N,0,0,7,3,0,1,2,2,N, ,40 00:25.551,75 07:21.055,9999, ,938, ,0, , , ,0, , , , , , , , , ,2,1,0,0,1,0,0,0,0,0,0,0,1,1,0,0,0,0,0,0,1,0,0,1,0,0,0,0,0,0,0,0,0,0,0,8,0,40.0071,-75.1225, , 
28273,326487,2015118174,6,67,67301,2015,10,1,1630,16,1,1,0,4,1, , ,N,2,2,0,3,0,3,3,2,N, ,39 55:11.208,75 11:17.768,1645, ,1636, ,0, , , ,3, , , , , , , , , ,2,1,0,0,0,0,1,0,0,0,1,2,3,0,0,0,0,0,0,0,0,0,0,0,0,0,0,0,0,0,0,0,0,0,0,3,0,39.9198,-75.1883, , 
28274,326491,2015120992,6,67,67301,2015,11,2,1130,11,1,1,0,4,1, , ,N,1,2,0,3,0,2,2,2,N,N,40 07:44.528,75 01:30.881,1205, ,1131,1,1,1,N, ,3,N, , , , , , , , ,2,2,0,0,0,0,0,0,0,0,0,2,2,0,0,0,0,0,0,0,0,1,0,0,0,0,0,0,0,0,0,0,0,0,0,4,0,40.129,-75.0252, , 
28275,326496,2015059133,6,67,67301,2015,5,6,1945,19,4,1,0,4,1, , ,N,1,2,0,3,0,1,2,2,N,N,40 02:44.514,75 01:53.568,1955, ,1947, ,0, ,N, ,3, , , , , , , , , ,2,1,1,0,0,0,0,0,0,0,1,0,1,0,0,0,0,0,0,0,0,0,0,0,0,0,0,0,0,0,0,0,0,0,0,3,0,40.0457,-75.0315, , 
28276,326500,2015065457,6,67,67301,2015,5,1,2220,22,3,1,0,7,1, , ,N,0,0,0,3,0,1,1,1,N,N,40 01:10.694,75 09:38.022,2234, ,2232,2,1,2, , ,0,N, , , , , , , , ,1,1,0,0,0,0,0,0,0,0,0,0,1,1,0,0,0,0,0,0,0,0,1,0,0,0,0,0,0,0,0,0,0,0,0,8,0,40.0196,-75.1606, , 
28277,326512,2015078661,6,67,67301,2015,7,5,1616,16,1,1,0,1,1, , ,N,0,0,0,3,0,0,2,2,N,N,39 55:56.758,75 09:36.709,1643, ,1642, ,0, ,N, ,0, , , , , , , , , ,2,1,0,0,0,0,1,0,0,0,0,0,0,0,0,0,0,0,0,0,0,0,0,0,0,0,0,0,0,0,0,0,0,0,0,0,0,39.9324,-75.1602, , 
28278,326520,2015067414,6,67,67301,2015,5,7,1749,17,1,1,0,4,6, , ,N,0,0,7,3,0,1,3,2,N, ,40 00:49.623,75 03:59.254,1751, ,1749, ,0, , , ,0, , , , , , , , , ,2,0,0,0,0,0,0,2,0,0,0,1,1,0,0,0,0,0,0,0,0,0,0,0,0,0,0,0,0,0,0,0,0,0,0,4,0,40.0138,-75.0665, , 
28279,326544,2015099055,6,67,67301,2015,9,1,1047,10,1,1,0,1,1, , ,N,1,2,0,3,0,4,4,3,N,N,39 58:53.205,75 14:21.663,1052, ,1048, ,0, ,N, ,3, , , , , , , , , ,3,1,0,0,0,0,2,0,0,0,0,1,4,3,0,0,0,0,0,0,0,0,0,0,0,0,0,0,0,0,0,0,0,0,0,4,0,39.9814,-75.2394, , 
28280,326547,2015103359,6,67,67301,2015,9,4,756,7,1,1,0,4,1, , ,N,1,3,0,3,0,1,3,2,N,N,40 04:32.976,74 59:15.460,756, ,756, ,0, ,N, ,3, , , , , , , , , ,2,1,0,0,0,0,1,0,0,0,0,1,1,0,0,0,0,0,0,0,0,1,0,0,0,0,0,0,0,0,0,0,0,0,0,4,0,40.0758,-74.9876, , 
28281,326560,2015081073,6,67,67301,2015,7,3,1700,17,1,1,0,6,1, , ,N,1,2,0,3,0,2,2,2,N, ,39 56:23.459,75 12:41.033,1710, ,1709,2,1,3, , ,3,N, , , , , , , , ,2,2,0,0,0,0,0,0,0,0,1,1,2,0,0,0,0,0,0,0,1,0,0,0,0,0,0,0,0,0,0,0,0,0,0,3,0,39.9399,-75.2114, , 
28282,326565,2015105109,6,67,67301,2015,9,6,2345,23,3,1,0,4,1, , ,N,0,0,7,3,0,0,1,3,N,N,40 00:07.117,75 12:42.426,5, ,0, ,0, ,N, ,0, , , , , , , , , ,3,3,0,0,0,0,0,0,0,0,0,0,0,0,1,0,0,0,0,0,1,0,0,0,0,0,0,0,0,0,0,0,0,0,0,9,0,40.002,-75.2118, , 
28283,326570,2015110877,6,67,67301,2015,10,1,1156,11,1,1,0,1,1, , ,N,0,0,0,3,0,6,6,2,N,N,39 59:16.736,75 05:21.470,1158, ,1156,1,1,2,N, ,0,N, , , , , , , , ,2,1,0,0,0,0,1,0,0,0,0,0,6,6,0,0,0,0,0,0,0,1,0,0,0,0,0,0,0,0,0,0,0,0,0,8,0,39.988,-75.0893, , 
28284,329236,2015120090,6,67,67301,2015,10,7,1134,11,1,1,0,4,1, , ,N,1,3,0,3,1,2,3,2,N,N,40 03:26.326,75 08:26.228,1140, ,1136, ,0, ,N,0,3, , , , , , , , , ,2,0,1,0,0,0,1,0,0,0,0,2,2,0,0,0,0,0,0,0,0,0,0,0,0,0,0,0,1,0,0,0,0,0,0,1,0,40.0573,-75.1406,2, 
28285,329253,2016008605,6,67,67301,2015,12,5,1120,11,1,1,0,4,1, , ,N,2,3,0,3,0,0,2,2,N,N,39 58:29.201,75 13:17.575,1130, ,1125, ,0, ,N, ,3, , , , , , , , , ,2,2,0,0,0,0,0,0,0,0,0,0,0,0,0,0,0,0,0,1,0,0,0,0,0,0,0,0,0,0,0,0,0,0,0,0,0,39.9748,-75.2215, , 
28286,329257,2015120994,6,67,67301,2015,10,7,1110,11,1,1,0,8,1, , ,N,2,0,0,3,0,1,2,2,N,N,39 57:32.475,75 10:32.026,1114, ,1112, ,0, ,N, ,0, , , , , , , , , ,1,0,0,0,1,0,0,0,0,0,0,1,1,0,0,0,0,0,0,0,0,0,0,0,0,0,0,0,0,0,0,0,1,0,0,4,0,39.959,-75.1756, , 
28287,329281,2015075779,6,67,67301,2015,7,1,549,5,5,1,0,1,6, , ,N,0,0,0,3,0,2,2,2,N,N,39 56:01.800,75 13:42.326,550, ,549,2,2,6,N, ,0,Y, , , , , , , , ,2,0,0,0,0,0,2,0,0,0,0,2,2,0,0,0,0,0,0,0,0,0,0,0,0,0,0,0,0,0,0,0,0,0,0,4,0,39.9338,-75.2284, , 
28288,329290,2015091129,6,67,67301,2015,8,5,145,1,3,9,0,8,1, , ,N,1,9,0,3,0,1,2,2,N,N,39 59:10.122,75 09:17.733,1239, ,1225, ,0, ,N, ,9, , , , , , , , , ,1,1,0,0,0,0,0,0,0,0,0,0,1,1,0,0,0,0,0,0,0,0,0,1,0,0,0,0,0,0,0,0,1,0,0,8,0,39.9861,-75.1549, , 
28289,329318,2015052354,6,67,67301,2015,4,3,215,2,3,2,7,7,4, , ,N,0,0,0,3,0,0,1,1,N,N,39 53:59.570,75 09:41.981,226, ,218,1,1,2,N, ,0,N, , , , , , , , ,1,1,0,0,0,0,0,0,0,0,0,0,0,0,0,0,0,0,0,1,0,0,0,0,0,0,0,0,0,0,0,0,0,0,0,0,0,39.8999,-75.1617, , 
28290,329324,2015056967,6,67,67301,2015,5,7,1800,18,1,1,0,5,6, , ,N,0,0,0,3,0,0,1,2,N, ,40 00:36.151,75 11:41.136,1833, ,1830,3,2,4,N, ,0,Y, , , , , , , , ,2,2,0,0,0,0,0,0,0,0,0,0,0,0,0,0,0,0,0,0,0,0,0,0,0,0,0,0,0,0,0,0,0,0,0,0,0,40.01,-75.1948, , 
28291,329333,2015064012,6,67,67301,2015,5,6,2200,22,3,1,0,4,1, , ,N,1,2,0,3,0,0,3,2,N, ,39 54:38.552,75 09:56.365,2250, ,2245, ,0, , , ,3, , , , , , , , , ,2,1,0,0,0,0,1,0,0,0,0,0,0,0,0,0,0,0,0,1,0,0,0,0,0,0,0,0,0,0,0,0,0,0,0,0,0,39.9107,-75.1657, , 
28292,329334,2015066229,6,67,67301,2015,6,7,1440,14,1,1,0,4,1, , ,N,1,2,0,3,0,3,3,2,N,N,39 56:45.089,75 14:25.018,1510, ,1454, ,0, ,N, ,3, , , , , , , , , ,2,0,0,0,0,0,2,0,0,0,0,3,3,0,0,0,0,0,0,0,0,1,0,0,0,0,0,0,0,0,0,0,0,0,0,4,0,39.9459,-75.2403, , 
28293,329344,2015073669,6,67,67301,2015,6,1,1245,12,1,1,0,4,1, , ,N,1,3,0,3,0,1,2,2,N,N,40 01:49.641,75 07:58.285,1430, ,1245, ,0, ,N, ,3, , , , , , , , , ,2,2,0,0,0,0,0,0,0,0,0,0,1,1,0,0,0,0,0,0,2,0,0,0,0,0,0,0,0,0,0,0,0,0,0,8,0,40.0305,-75.1329, , 
28294,329346,2015078244,6,67,67301,2015,7,7,1720,17,1,1,0,4,1, , ,N,1,2,0,3,0,1,2,2,N,N,39 57:06.145,75 14:12.782,1730, ,1729, ,0, ,N, ,3, , , , , , , , , ,1,1,0,0,0,0,0,0,1,0,0,0,1,1,0,0,0,0,0,0,0,0,0,0,0,0,0,0,0,0,0,0,0,0,0,8,0,39.9517,-75.2369, , 
28295,329353,2015070144,6,67,67301,2015,6,3,1520,15,1,1,0,4,1, , ,N,1,2,0,3,0,1,4,2,N,N,39 58:10.746,75 12:41.274,1546, ,1539,9,1,1,Y, ,3,N, , , , , , , , ,2,2,0,0,0,0,0,0,0,0,0,0,1,1,0,0,0,0,0,0,0,0,0,0,0,0,0,0,0,0,0,0,0,0,0,8,0,39.9697,-75.2115, , 
28296,329369,2015042815,6,67,67301,2015,4,1,609,6,3,1,0,1,1, , ,N,1,2,0,3,0,1,2,2,N,N,40 01:38.505,75 05:56.834,629, ,610,2,1,1,N, ,3,N, , , , , , , , ,2,1,0,0,0,0,1,0,0,0,0,0,1,1,0,0,0,0,0,0,0,0,0,0,0,0,0,0,0,0,0,0,0,0,0,8,0,40.0274,-75.0991, , 
28297,329370,2015042879,6,67,67301,2015,4,6,2300,23,3,2,1,4,1, , ,N,1,2,0,3,0,1,2,2,N, ,39 55:56.906,75 13:28.606,2310, ,2310, ,0, , , ,3, , , , , , , , , ,2,2,0,0,0,0,0,0,0,0,0,0,1,1,0,0,0,0,0,0,0,0,0,0,0,0,0,0,0,0,0,0,0,0,0,8,0,39.9325,-75.2246, , 
28298,329375,2015047548,6,67,67301,2015,4,2,1425,14,1,1,0,4,1, , ,N,1,2,0,3,0,2,3,2,N,N,39 58:10.746,75 12:41.274,1520, ,1515, ,0, ,N, ,3, , , , , , , , , ,2,2,0,0,0,0,0,0,0,0,1,1,2,0,0,0,0,0,0,0,0,0,0,0,0,0,0,0,0,0,0,0,0,0,0,3,0,39.9697,-75.2115, , 
28299,329382,2015056526,6,67,67301,2015,5,3,1659,16,1,1,0,1,1, , ,N,0,0,0,3,0,1,3,3,N, ,40 00:16.789,75 07:40.768,1710, ,1710,2,1,1, , ,0,Y, , , , , , , , ,3,2,0,0,0,0,1,0,0,0,0,0,1,1,0,0,0,0,0,0,0,1,0,0,0,0,0,0,0,0,0,0,0,0,0,8,0,40.0047,-75.128, , 
28300,329384,2015053953,6,67,67301,2015,5,7,1805,18,1,1,0,4,1, , ,N,1,2,0,3,0,1,2,2,N,N,39 55:00.265,75 10:22.927,1823, ,1913, ,0, , , ,3, , , , , , , , , ,2,1,0,0,0,0,1,0,0,0,0,1,1,0,0,0,0,0,0,0,0,0,0,0,0,0,0,0,0,0,0,0,0,0,0,4,0,39.9165,-75.173, , 
28301,329395,2015073737,6,67,67301,2015,6,2,443,4,5,1,0,5,6, , ,N,0,0,0,3,0,1,1,3,N,N,40 01:57.806,75 08:46.033,453, ,443, ,0, ,N, ,0, , , , , , , , , ,3,2,0,0,0,0,0,0,0,0,0,1,1,0,0,0,0,0,0,0,0,0,1,0,0,0,0,0,0,0,0,0,0,0,0,4,0,40.0327,-75.1461, , 
28302,334917,2015106432,6,67,67301,2015,10,5,730,7,1,1,0,8,1, , ,N,0,0,0,3,0,1,2,2,N,N,39 57:59.419,75 12:27.862,732, ,730, ,0, ,N, ,0, , , , , , , , , ,1,1,0,0,0,0,0,0,0,0,0,1,1,0,1,0,0,0,0,0,0,0,0,0,0,0,0,0,0,0,0,0,1,0,0,4,0,39.9665,-75.2077, , 
28303,334925,2016012775,6,67,67301,2015,3,3,1630,16,1,9,8,0,1, , ,N,0,0,0,3,0,1,1,1,N,N,39 55:29.161,75 10:32.065,0, ,0, ,0, ,N, ,0, , , , , , , , , ,1,1,0,0,0,0,0,0,0,0,0,0,1,1,0,0,0,0,0,0,1,0,0,0,0,0,0,0,0,0,0,0,0,0,0,8,0,39.9248,-75.1756, , 
28304,334927,2015052543,6,67,67301,2015,5,6,1420,14,1,1,0,1,1, , ,N,1,2,0,3,0,1,3,2,N,Y,39 58:41.518,75 09:14.922,1450, ,1442, ,0, ,N, ,3, , , , , , , , , ,2,2,0,0,0,0,0,0,0,0,0,0,1,1,0,0,0,0,0,0,0,0,0,0,0,0,0,0,0,0,0,0,0,0,0,8,0,39.9781,-75.1541, , 
28305,334943,2015081116,6,67,67301,2015,7,2,621,6,1,1,0,4,1, , ,N,1,2,0,3,0,1,4,2,N,N,40 02:06.731,75 08:43.670,638, ,636, ,0, ,N, ,3, , , , , , , , , ,1,1,0,0,0,0,0,0,1,0,0,1,1,0,0,0,0,0,0,0,0,0,0,0,0,0,0,0,0,0,0,0,0,0,0,4,0,40.0352,-75.1455, , 
28306,334951,2015091169,6,67,67301,2015,8,4,1330,13,1,1,0,8,1, , ,N,1,2,0,3,0,1,2,2,N, ,39 59:48.940,75 08:28.229,1615, ,1555, ,0, , , ,3, , , , , , , , , ,1,1,0,0,0,0,0,0,0,0,1,0,1,0,0,0,0,0,0,0,1,0,0,0,0,0,0,0,0,0,0,0,1,0,0,3,0,39.9969,-75.1412, , 
28307,334959,2015120509,6,67,67301,2015,10,4,552,5,3,2,1,7,4, , ,N,1,3,0,3,0,1,1,1,N,N,39 56:11.364,75 10:19.253,556, ,555, ,0, ,N, ,3, , , , , , , , , ,1,1,0,0,0,0,0,0,0,0,0,0,1,1,0,0,0,0,0,0,0,0,0,0,0,0,0,0,0,0,0,0,0,0,0,8,0,39.9365,-75.172, , 
28308,334960,2015120988,6,67,67301,2015,10,4,2148,21,3,2,1,4,1, , ,N,2,2,0,3,0,2,2,2,N, ,40 05:38.626,74 59:20.907,2153, ,2148, ,0, , , ,3, , , , , , , , , ,2,1,0,0,0,0,1,0,0,0,0,0,2,2,0,0,0,0,0,0,0,0,0,0,0,0,0,0,0,0,0,0,0,0,0,8,0,40.0941,-74.9891, , 
28309,334961,2015127289,6,67,67301,2015,10,7,2205,22,3,1,0,6,1, , ,N,1,2,2,3,0,0,3,2,N,N,39 58:28.927,75 11:58.186,2330, ,2328, ,0, ,N, ,3, , , , , , , , , ,2,1,0,0,0,0,1,0,0,0,0,0,0,0,0,0,0,0,0,0,0,0,0,0,0,0,0,0,0,0,0,0,0,0,0,0,0,39.9746,-75.1995, , 
28310,334962,2015127942,6,67,67301,2015,12,3,1837,18,3,2,1,1,1, , ,N,7,0,2,3,0,0,3,2,N,N,39 53:09.576,75 12:40.033,2021, ,2010, ,0, ,N, ,0, , , , , , , , , ,2,2,0,0,0,0,0,0,0,0,0,0,0,0,0,0,0,0,0,0,0,0,0,0,0,0,0,0,0,0,0,0,0,0,0,0,0,39.886,-75.2111, , 
28311,334971,2015117684,6,67,67301,2015,10,7,2230,22,3,1,0,4,1, , ,N,1,2,0,3,0,1,2,2,N,N,39 57:38.428,75 08:28.873,2255, ,2245, ,0, ,N, ,3, , , , , , , , , ,2,0,1,0,0,0,1,0,0,0,1,0,1,0,0,0,0,0,1,0,0,0,0,0,0,0,0,0,0,0,0,0,0,0,0,3,0,39.9606,-75.1414, , 
28312,334972,2015118180,6,67,67301,2015,10,3,801,8,1,1,0,5,1, , ,N,1,0,0,3,0,1,2,2,N,N,40 01:04.448,75 11:30.230,815, ,809, ,0, ,N, ,0, , , , , , , , , ,2,1,0,0,0,0,1,0,0,0,1,0,1,0,0,0,0,0,0,0,0,0,0,1,0,0,0,0,0,0,0,0,0,0,0,3,0,40.0179,-75.1917, , 
28313,335017,2015080272,6,67,67301,2015,7,1,2100,21,3,1,0,7,4, , ,N,2,3,0,3,0,1,1,1,N,N,40 05:12.048,75 03:02.750,2112, ,2104,9,1,4,N, ,3,N, , , , , , , , ,1,1,0,0,0,0,0,0,0,0,0,0,1,1,0,0,0,0,0,0,0,0,0,0,0,0,0,0,0,0,0,0,0,0,0,8,0,40.0867,-75.0508, , 
28314,335020,2015083422,6,67,67301,2015,7,6,1552,15,1,1,0,7,4, , ,N,0,0,0,3,0,1,1,1,N,N,40 00:43.700,75 04:09.535,1659, ,1637, ,0, ,N, ,0, , , , , , , , , ,1,1,0,0,0,0,0,0,0,0,1,0,1,0,0,0,0,0,0,0,0,0,0,0,0,0,0,0,0,0,0,0,0,0,0,3,0,40.0121,-75.0693, , 
28315,335021,2015085323,6,67,67301,2015,8,3,152,1,3,1,0,7,3, , ,N,1,2,0,3,0,0,1,1,N,N,39 57:00.353,75 09:50.402,152, ,152, ,0, ,N, ,3, , , , , , , , , ,1,1,0,0,0,0,0,0,0,0,0,0,0,0,0,0,0,0,0,0,0,0,0,0,0,0,0,0,0,0,0,0,0,0,0,0,0,39.9501,-75.164, , 
28316,335027,2015092940,6,67,67301,2015,8,1,2045,20,3,1,0,4,1, , ,N,1,2,0,3,0,3,3,2,N,N,39 55:00.583,75 10:16.768,2115, ,2059, ,0, ,N, ,3, , , , , , , , , ,2,1,0,0,0,0,1,0,0,0,0,0,3,3,0,0,0,1,0,0,0,0,0,0,0,0,0,0,0,0,0,0,0,0,0,8,0,39.9168,-75.1713, , 
28317,335030,2015095196,6,67,67301,2015,9,7,1607,16,1,1,0,4,1, , ,N,1,3,0,3,0,1,2,2,N,N,40 02:48.344,75 10:00.907,1615, ,1613, ,0, ,N, ,3, , , , , , , , , ,1,1,0,0,0,0,0,0,1,0,0,0,1,1,0,0,0,0,0,0,0,0,0,0,0,0,0,0,0,0,0,0,0,0,0,8,0,40.0468,-75.1669, , 
28318,335035,2015099151,6,67,67301,2015,8,7,2115,21,3,1,0,4,1, , ,N,1,2,0,3,0,1,3,2,N,N,39 56:56.554,75 12:53.848,2129, ,2125, ,0, ,N, ,3, , , , , , , , , ,2,1,0,0,0,0,1,0,0,0,0,1,1,0,0,0,0,0,0,0,0,0,0,0,0,0,0,0,0,0,0,0,0,0,0,4,0,39.949,-75.215, , 
28319,335039,2015103807,6,67,67301,2015,9,6,7,0,3,1,0,4,1, , ,N,1,2,0,3,0,1,2,2,N,N,39 57:12.978,75 09:54.168,16, ,9, ,0, ,N, ,3, , , , , , , , , ,1,0,0,0,0,0,1,0,1,0,0,1,1,0,1,0,0,0,0,0,0,0,0,0,0,0,0,0,0,0,0,0,0,0,0,4,0,39.9536,-75.165, , 
28320,332558,2015084832,6,67,67301,2015,1,6,2045,20,3,4,5,5,1, , ,N,0,0,0,3,0,3,4,2,N,N,39 55:25.787,75 14:44.165,0, ,0, ,0, ,N, ,0, , , , , , , , , ,2,1,0,0,0,0,1,0,0,0,0,0,3,3,0,0,0,0,0,0,0,0,0,0,0,0,0,0,0,0,0,0,0,0,0,8,0,39.9238,-75.2456, , 
28321,332567,2015093547,6,67,67301,2015,8,5,1500,15,1,1,0,1,1,1,4,Y,0,0,0,3,0,0,3,2,N,N,39 58:36.156,75 06:49.347,1515,45,1500, ,0, ,N, ,0, ,Y,N,N,N,N,N,N,Y,2,1,0,0,1,0,0,0,0,0,0,0,0,0,0,0,0,0,0,0,0,0,0,0,0,0,0,0,0,0,0,0,0,0,0,0,0,39.9767,-75.1137, , 
28322,332571,2015095697,6,67,67301,2015,7,2,2150,21,3,1,0,4,1, , ,N,2,0,0,3,0,1,2,2,N,N,40 02:42.805,75 03:20.694,2153, ,2150,2,2,3,N, ,0,N, , , , , , , , ,2,1,1,0,0,0,0,0,0,1,0,0,1,0,0,0,0,0,0,0,0,0,0,0,0,0,0,0,0,1,0,0,0,0,0,2,0,40.0452,-75.0557, , 
28323,332573,2015103388,6,67,67301,2015,7,5,2119,21,3,1,0,4,1, , ,N,1,2,0,3,0,1,2,2,N, ,39 56:08.274,75 13:33.131,2131, ,2130, ,0, , , ,3, , , , , , , , , ,1,1,0,0,0,0,0,0,1,0,0,1,1,0,0,0,0,0,0,0,0,0,0,0,0,0,0,0,0,0,0,0,0,0,0,4,0,39.9356,-75.2259, , 
28324,332574,2015103407,6,67,67301,2015,9,7,1743,17,1,1,0,8,1, , ,N,1,2,0,3,0,1,3,2,N,N,39 55:36.045,75 14:08.296,1743, ,1743, ,0, ,N, ,3, , , , , , , , , ,1,0,0,0,0,0,0,1,0,0,1,0,1,0,0,0,0,0,0,0,0,0,0,0,0,0,0,0,0,0,0,0,1,0,0,3,0,39.9266,-75.2356, , 
28325,332589,2015081016,6,67,67301,2015,7,6,1532,15,1,1,0,4,1, , ,N,2,0,0,3,0,2,3,2,N,N,39 57:52.477,75 13:48.352,1535, ,1532, ,0, , , ,0, , , , , , , , , ,2,1,0,0,0,0,1,0,0,0,0,0,2,2,0,0,0,0,0,1,0,0,0,0,0,0,0,0,0,0,0,0,0,0,0,8,0,39.9646,-75.2301, , 