objectid_1,objectid,crn,district,county,municipality,crash_year,crash_month,day_of_week,time_of_day,hour_of_day,illumination,weather,road_condition,collision_type,relation_to_road,work_zone_type,work_zone_loc,work_zone_ind,intersect_type,tcd_type,location_type,urban_rural,fatal_count,injury_count,person_count,total_units,sch_bus_ind,sch_zone_ind,latitude,longitude,arrival_tm,cons_zone_spd_lim,dispatch_tm,est_hrs_closed,lane_closed,ln_close_dir,ntfy_hiwy_maint,spec_juris_cd,tcd_func_cd,tfc_detour_ind,workers_pres,wz_close_detour,wz_flagger,wz_law_offcr_ind,wz_ln_closure,wz_moving,wz_other,wz_shlder_mdn,vehicle_count,automobile_count,motorcycle_count,bus_count,small_truck_count,heavy_truck_count,suv_count,van_count,bicycle_count,maj_inj_count,mod_inj_count,min_inj_count,tot_inj_count,unk_inj_deg_count,unk_inj_per_count,driver_count_16yr,driver_count_17yr,driver_count_18yr,driver_count_19yr,driver_count_20yr,driver_count_50_64yr,driver_count_65_74yr,driver_count_75plus,unbelted_occ_count,unb_death_count,unb_maj_inj_count,belted_death_count,belted_maj_inj_count,mcycle_death_count,mcycle_maj_inj_count,bicycle_death_count,bicycle_maj_inj_count,ped_count,ped_death_count,ped_maj_inj_count,max_severity_level,comm_veh_count,dec_lat,dec_long,rdwy_surf_type_cd,county_name
28326,332615,2015009803,6,67,67301,2015,1,1,1741,17,2,2,1,7,7, , ,N,0,0,0,3,0,1,1,1,N,N,40 02:36.753,75 00:09.951,1804, ,1743, ,0, ,N, ,0, , , , , , , , , ,1,1,0,0,0,0,0,0,0,0,1,0,1,0,0,0,0,0,0,0,0,0,0,0,0,0,0,0,0,0,0,0,0,0,0,3,0,40.0435,-75.0028, , 
28327,332627,2015028792,6,67,67301,2015,2,3,629,6,5,4,3,4,1, , ,N,2,2,0,3,0,1,2,2,N,N,39 54:04.971,75 14:21.471,722, ,705,3,2,1,N, ,3,Y, , , , , , , , ,2,1,0,0,0,1,0,0,0,0,0,0,1,1,0,0,0,0,0,0,0,0,0,0,0,0,0,0,0,0,0,0,0,0,0,8,1,39.9014,-75.2393, , 
28328,332637,2015040407,6,67,67301,2015,3,5,800,8,1,1,0,7,2, , ,N,0,0,0,3,0,1,1,1,N,N,40 01:37.674,75 01:30.781,804, ,801, ,0, ,N, ,0, , , , , , , , , ,1,0,0,0,0,0,1,0,0,0,0,1,1,0,0,0,0,0,1,0,0,0,0,0,0,0,0,0,0,0,0,0,0,0,0,4,0,40.0271,-75.0252, , 
28329,332650,2015073236,6,67,67301,2015,6,2,2105,21,3,1,0,8,1, , ,N,0,0,0,3,0,1,2,2,N,N,39 57:25.106,75 14:30.775,2107, ,2107, ,0, ,N, ,0, , , , , , , , , ,1,0,0,0,1,0,0,0,0,0,0,1,1,0,0,0,0,0,0,0,0,0,0,0,0,0,0,0,0,0,0,0,1,0,0,4,0,39.957,-75.2419, , 
28330,332657,2015078302,6,67,67301,2015,7,7,417,4,3,1,0,4,1, , ,N,1,2,2,3,0,1,2,2,N, ,39 58:28.920,75 11:58.250,430, ,417, ,0, , , ,3, , , , , , , , , ,2,0,1,0,0,0,1,0,0,0,0,1,1,0,0,0,0,0,0,0,0,0,0,0,0,0,0,0,0,0,0,0,0,0,0,4,0,39.9746,-75.1995, , 
28331,332660,2015082851,6,67,67301,2015,7,4,736,7,1,1,0,7,2, , ,N,0,0,3,3,0,1,1,1,N,N,39 53:13.986,75 12:17.313,806, ,749,1,1,2,N, ,0,N, , , , , , , , ,1,1,0,0,0,0,0,0,0,0,0,1,1,0,0,0,0,0,0,0,1,0,0,0,0,0,0,0,0,0,0,0,0,0,0,4,0,39.8872,-75.2048, , 
28332,332670,2015073646,6,67,67301,2015,7,6,1926,19,1,1,0,1,1, , ,N,0,2,0,3,0,2,3,2,N,N,39 55:48.500,75 13:39.838,2015, ,1953, ,0, ,N, ,3, , , , , , , , , ,2,2,0,0,0,0,0,0,0,0,0,0,2,2,0,0,0,0,0,0,0,0,0,0,0,0,0,0,0,0,0,0,0,0,0,8,0,39.9301,-75.2277, , 
28333,332674,2015075819,6,67,67301,2015,7,2,1840,18,1,1,0,5,1, , ,N,0,0,0,3,0,1,2,2,N,N,39 54:58.380,75 14:44.103,1904, ,1902, ,0, ,N, ,0, , , , , , , , , ,2,0,0,0,1,0,1,0,0,0,1,0,1,0,0,0,0,0,0,0,1,0,0,0,0,0,0,0,0,0,0,0,0,0,0,3,0,39.9162,-75.2456, , 
28334,332705,2015091123,6,67,67301,2015,8,4,2108,21,3,1,0,4,1, , ,N,1,2,0,3,0,1,2,2,N,N,40 05:36.611,74 58:48.599,2113, ,2108, ,0, ,N, ,3, , , , , , , , , ,1,0,0,0,0,0,0,1,1,0,0,1,1,0,0,0,0,0,0,0,1,0,0,0,0,0,0,0,0,0,0,0,0,0,0,4,0,40.0935,-74.9802, , 
28335,332707,2015092461,6,67,67301,2015,8,6,345,3,3,1,0,5,6, , ,N,0,0,0,3,0,2,2,3,N,N,39 59:19.549,75 07:56.875,354, ,354, ,0, ,N, ,0, , , , , , , , , ,3,2,0,0,0,0,1,0,0,0,0,0,2,2,0,1,0,0,0,0,0,0,0,0,0,0,0,0,0,0,0,0,0,0,0,8,0,39.9888,-75.1325, , 
28336,332717,2015098724,6,46,46102,2015,9,7,1139,11,1,1,0,4,1, , ,N,10,3,7,3,0,2,2,3,N,N,40 04:26.865,75 09:30.131,1145, ,1141, ,0, ,N, ,3, , , , , , , , , ,3,2,0,0,0,0,1,0,0,0,0,1,2,1,0,0,0,0,0,0,0,0,1,1,0,0,0,0,0,0,0,0,0,0,0,4,0,40.0741,-75.1584, , 
28337,332718,2015099043,6,67,67301,2015,9,2,930,9,1,1,0,4,1, , ,N,1,2,0,3,0,1,2,2,N, ,39 56:55.065,75 08:45.625,1035, ,1030,1,1,3, , ,3,Y, , , , , , , , ,2,1,0,0,0,0,1,0,0,0,0,1,1,0,0,0,0,0,0,0,0,0,0,0,0,0,0,0,0,0,0,0,0,0,0,4,0,39.9486,-75.146, , 
28338,326585,2015129050,6,67,67301,2015,11,2,2240,22,3,1,0,4,1, , ,N,1,2,0,3,0,2,2,2,N,N,40 02:06.022,75 04:09.823,2250, ,2242,2,2,1,N, ,3,Y, , , , , , , , ,2,0,0,0,0,0,2,0,0,0,0,2,2,0,0,0,0,0,0,0,0,0,0,0,0,0,0,0,0,0,0,0,0,0,0,4,0,40.035,-75.0694, , 
28339,326587,2015131268,6,67,67301,2015,12,3,322,3,3,2,1,5,6, , ,N,0,0,0,3,0,0,1,2,N,N,39 55:16.042,75 09:30.952,324, ,323,2,1,1,N, ,0,Y, , , , , , , , ,2,1,0,0,0,0,1,0,0,0,0,0,0,0,0,0,0,1,0,0,0,0,0,0,0,0,0,0,0,0,0,0,0,0,0,0,0,39.9211,-75.1586, , 
28340,326598,2015063998,6,67,67301,2015,5,6,4,0,3,1,0,7,4, , ,N,0,0,6,3,0,0,2,1,N,N,40 05:35.062,75 01:00.149,15, ,8, ,0, ,N, ,0, , , , , , , , , ,1,1,0,0,0,0,0,0,0,0,0,0,0,0,0,0,0,0,0,0,0,0,0,0,0,0,0,0,0,0,0,0,0,0,0,0,0,40.0931,-75.0167, , 
28341,326605,2015073237,6,67,67301,2015,6,5,1030,10,1,1,0,4,1, , ,N,1,3,0,3,0,1,2,3,N,N,39 57:37.009,75 14:23.092,1050, ,1045, ,0, ,N, ,3, , , , , , , , , ,3,2,0,0,0,0,0,1,0,0,0,1,1,0,0,0,0,0,0,0,0,0,0,0,0,0,0,0,0,0,0,0,0,0,0,4,0,39.9603,-75.2397, , 
28342,326624,2015128710,6,67,67301,2015,11,6,1340,13,1,1,0,7,3, , ,N,0,0,0,3,0,0,1,1,N, ,40 03:22.946,75 01:37.819,1400, ,1350, ,0, , , ,0, , , , , , , , , ,1,1,0,0,0,0,0,0,0,0,0,0,0,0,0,0,0,0,1,0,0,0,0,0,0,0,0,0,0,0,0,0,0,0,0,0,0,40.0564,-75.0272, , 
28343,326635,2016005076,6,67,67301,2015,11,7,120,1,3,1,0,4,1, , ,N,1,2,0,3,0,1,2,2,N, ,39 57:20.239,75 12:52.779,125, ,120, ,0, , , ,3, , , , , , , , , ,1,1,0,0,0,0,0,0,1,0,0,1,1,0,0,0,0,0,0,1,0,0,0,0,0,0,0,0,0,0,0,0,0,0,0,4,0,39.9556,-75.2147, , 
28344,326637,2016007472,6,67,67301,2015,12,2,615,6,5,1,0,7,2, , ,N,0,0,0,3,0,1,1,1,N,N,40 04:42.201,74 59:55.620,620, ,617, ,0, ,N, ,0, , , , , , , , , ,1,0,0,0,0,0,1,0,0,0,0,0,1,1,0,0,0,0,0,0,0,0,0,0,0,0,0,0,0,0,0,0,0,0,0,8,0,40.0784,-74.9988, , 
28345,326644,2015103420,6,67,67301,2015,9,1,1524,15,1,1,0,4,1, , ,N,2,3,0,3,0,4,5,2,N, ,39 55:08.724,75 13:24.337,1547, ,1541,1,1,3, , ,3,N, , , , , , , , ,2,0,0,0,0,0,2,0,0,0,0,0,4,4,0,0,0,0,0,0,0,0,0,0,0,0,0,0,0,0,0,0,0,0,0,8,0,39.9191,-75.2234, , 
28346,326652,2015110868,6,67,67301,2015,10,6,827,8,1,1,0,1,1, , ,N,0,0,3,3,0,0,2,2,N,N,39 53:34.426,75 11:49.063,834, ,827,2,2,2,N, ,0,N, , , , , , , , ,2,2,0,0,0,0,0,0,0,0,0,0,0,0,0,0,0,0,0,0,0,0,0,0,0,0,0,0,0,0,0,0,0,0,0,0,0,39.8929,-75.197, , 
28347,326667,2016002416,6,67,67301,2015,12,4,207,2,3,1,0,1,6, , ,N,0,0,0,3,0,1,1,4,N,N,40 01:26.983,75 07:49.098,215, ,209,2,1,4,N, ,0,Y, , , , , , , , ,4,4,0,0,0,0,0,0,0,0,0,1,1,0,0,0,0,0,0,0,0,0,0,0,0,0,0,0,0,0,0,0,0,0,0,4,0,40.0242,-75.1303, , 
28348,326678,2015128637,6,67,67301,2015,11,6,1820,18,3,1,0,1,1, , ,N,0,2,0,3,0,1,3,2,N,N,39 59:42.068,75 13:05.347,2105, ,2052, ,0, ,N, ,3, , , , , , , , , ,2,1,0,0,0,0,1,0,0,0,1,0,1,0,0,0,0,0,0,0,0,1,0,2,0,0,0,0,0,0,0,0,0,0,0,3,0,39.995,-75.2182, , 
28349,326691,2015051966,6,67,67301,2015,4,2,1648,16,1,1,0,7,4, , ,N,0,0,0,3,0,0,1,1,N,N,39 56:58.068,75 13:07.884,1715, ,1712, ,0, ,N, ,0, , , , , , , , , ,1,0,0,0,0,0,1,0,0,0,0,0,0,0,1,0,0,0,1,0,0,0,0,0,0,0,0,0,0,0,0,0,0,0,0,9,0,39.9495,-75.2189, , 
28350,326707,2015061018,6,67,67301,2015,5,3,1000,10,1,1,0,8,1,2,4,Y,0,8,0,3,0,1,2,2,N,N,39 59:38.155,75 08:51.302,1035,99,1005,9,1,2,N, ,3,N,Y,U,U,N,Y,U,U,Y,1,1,0,0,0,0,0,0,0,0,0,1,1,0,0,0,0,0,0,0,0,0,0,0,0,0,0,0,0,0,0,0,1,0,0,4,0,39.9939,-75.1476, , 
28351,326727,2015082625,6,67,67301,2015,7,6,1832,18,1,1,0,1,1, , ,N,0,0,1,3,1,1,3,3,N,N,40 04:56.281,74 57:59.858,1845, ,1835,3,2,4,N,0,0,Y, , , , , , , , ,3,1,2,0,0,0,0,0,0,0,1,0,1,0,0,0,0,0,0,0,0,0,0,0,0,0,0,0,1,0,0,0,0,0,0,1,0,40.0823,-74.9666,2, 
28352,326735,2015093436,6,67,67301,2015,8,3,1140,11,1,1,0,1,1, , ,N,1,2,0,3,0,2,3,2,N,N,40 01:49.919,75 07:05.462,1148, ,1145, ,0, , , ,3, , , , , , , , , ,2,1,0,0,0,0,0,1,0,0,0,2,2,0,0,0,0,0,1,0,0,0,0,0,0,0,0,0,0,0,0,0,0,0,0,4,0,40.0305,-75.1182, , 
28353,326749,2015061787,6,67,67301,2015,5,2,1410,14,1,1,0,4,1, , ,N,1,2,0,3,0,1,4,2,N, ,40 02:14.279,75 04:24.816,1411, ,1411, ,0, , , ,3, , , , , , , , , ,2,0,0,0,1,0,0,1,0,0,0,1,1,0,0,0,0,0,0,0,1,0,0,1,0,0,0,0,0,0,0,0,0,0,0,4,0,40.0373,-75.0736, , 
28354,326750,2015063011,6,67,67301,2015,6,2,1215,12,1,1,0,1,1, , ,N,0,0,0,3,0,1,2,2,N,N,39 59:34.490,75 12:02.452,1245, ,1245, ,0, ,N, ,0, , , , , , , , , ,2,0,0,0,1,0,1,0,0,0,0,1,1,0,0,0,0,0,0,0,0,0,0,1,0,0,0,0,0,0,0,0,0,0,0,4,0,39.9929,-75.2007, , 
28355,326755,2015067264,6,67,67301,2015,6,7,1824,18,1,1,0,5,4, , ,N,7,0,0,3,0,3,4,2,N,N,40 00:17.754,75 11:42.699,1834, ,1827,2,2,4,Y, ,0,N, , , , , , , , ,2,2,0,0,0,0,0,0,0,0,0,0,3,3,1,0,0,0,0,0,0,0,0,0,0,0,0,0,0,0,0,0,0,0,0,8,0,40.0049,-75.1952, , 
28356,329397,2015075689,6,67,67301,2015,6,3,1920,19,1,2,1,1,1, , ,N,0,0,0,3,0,0,3,2,N,N,39 58:16.289,75 07:24.555,1957, ,1948,2,1,1,N, ,0,N, , , , , , , , ,2,2,0,0,0,0,0,0,0,0,0,0,0,0,0,0,0,0,0,0,0,0,0,0,0,0,0,0,0,0,0,0,0,0,0,0,0,39.9712,-75.1235, , 
28357,329399,2015078620,6,67,67301,2015,7,6,100,1,3,1,0,5,6, , ,N,0,0,0,3,0,0,1,3,N,N,40 01:42.128,75 07:30.028,125, ,120, ,0, ,N, ,0, , , , , , , , , ,3,0,0,0,0,0,1,2,0,0,0,0,0,0,0,0,0,0,0,0,0,0,0,0,0,0,0,0,0,0,0,0,0,0,0,0,0,40.0284,-75.125, , 
28358,329404,2015085732,6,67,67301,2015,8,2,917,9,1,1,0,4,1, , ,N,2,3,0,3,0,1,4,2,N,N,39 59:46.141,75 14:14.455,921, ,918, ,0, ,N, ,3, , , , , , , , , ,1,1,0,0,0,0,0,0,1,0,0,1,1,0,0,0,0,0,0,0,0,0,0,0,0,0,0,0,0,0,0,0,0,0,0,4,0,39.9961,-75.2373, , 
28359,329405,2015088341,6,67,67301,2015,8,2,1750,17,1,2,1,4,1, , ,N,2,3,0,3,0,1,2,3,N, ,40 06:52.333,75 01:47.812,1810, ,1758, ,0, , , ,3, , , , , , , , , ,3,1,0,0,1,0,0,1,0,0,0,1,1,0,0,0,1,0,0,0,0,0,0,0,0,0,0,0,0,0,0,0,0,0,0,4,0,40.1145,-75.0299, , 
28360,329417,2015075742,6,67,67301,2015,7,7,600,6,1,1,0,7,4, , ,N,0,0,0,3,0,1,1,1,N, ,40 00:59.419,75 04:01.337,610, ,609, ,0, , , ,0, , , , , , , , , ,1,0,0,0,0,0,1,0,0,0,0,0,1,1,0,0,0,0,0,0,0,0,0,0,0,0,0,0,0,0,0,0,0,0,0,8,0,40.0165,-75.067, , 
28361,329456,2015078266,6,67,67301,2015,7,2,1537,15,1,1,0,4,1, , ,N,1,2,0,3,0,1,2,2,N,N,40 05:07.441,75 02:14.475,1609, ,1605, ,0, ,N, ,3, , , , , , , , , ,2,1,0,0,0,0,1,0,0,0,0,0,1,1,0,0,1,0,0,0,0,0,0,0,0,0,0,0,0,0,0,0,0,0,0,8,0,40.0854,-75.0374, , 
28362,329466,2015081098,6,67,67301,2015,7,5,1850,18,1,1,0,4,1, , ,N,1,2,0,3,0,0,2,2,N,N,39 56:18.900,75 11:54.432,2150, ,2145, ,0, ,N, ,3, , , , , , , , , ,2,1,0,0,0,0,1,0,0,0,0,0,0,0,0,0,0,0,0,0,0,0,0,0,0,0,0,0,0,0,0,0,0,0,0,0,0,39.9386,-75.1985, , 
28363,329467,2015081137,6,67,67301,2015,7,2,1730,17,1,1,0,4,1, , ,N,1,3,0,3,0,1,2,2,N,N,39 55:10.912,75 09:47.318,1839, ,1737, ,0, ,N, ,3, , , , , , , , , ,1,0,0,0,0,0,1,0,1,0,0,1,1,0,0,0,0,0,0,0,0,0,0,0,0,0,0,0,0,0,0,0,0,0,0,4,0,39.9197,-75.1631, , 
28364,329471,2015088747,6,67,67301,2015,8,1,250,2,3,1,0,4,6, , ,N,0,0,0,3,0,0,1,2,N, ,40 03:16.009,75 07:35.266,302, ,257, ,0, , , ,0, , , , , , , , , ,2,1,0,0,1,0,0,0,0,0,0,0,0,0,0,0,0,0,0,0,1,0,0,0,0,0,0,0,0,0,0,0,0,0,0,0,0,40.0544,-75.1265, , 
28365,329490,2015110327,6,67,67301,2015,10,7,758,7,1,1,0,5,1, , ,N,0,0,0,3,0,1,2,2,N,N,39 58:26.656,75 14:42.949,758, ,758, ,0, ,N, ,0, , , , , , , , , ,2,1,0,0,0,0,0,1,0,0,0,1,1,0,1,0,0,0,0,0,1,0,0,0,0,0,0,0,0,0,0,0,0,0,0,4,0,39.9741,-75.2453, , 
28366,329497,2015114625,6,67,67301,2015,10,7,1144,11,1,1,0,4,1, , ,N,1,2,0,3,0,0,3,2,N,N,39 57:20.808,75 09:32.558,1210, ,1200,2,1,2,N, ,3,N, , , , , , , , ,2,0,0,0,0,0,0,2,0,0,0,0,0,0,0,0,0,0,0,0,1,0,0,0,0,0,0,0,0,0,0,0,0,0,0,0,0,39.9558,-75.159, , 
28367,329509,2015088668,6,67,67301,2015,8,3,9999,99,1,2,1,4,1, , ,N,1,2,0,3,0,0,2,2,N, ,40 01:36.995,75 12:33.945,705, ,700,9,2,7,N, ,3,N, , , , , , , , ,2,1,0,0,1,0,0,0,0,0,0,0,0,0,2,0,0,0,0,0,0,0,0,2,0,0,0,0,0,0,0,0,0,0,0,9,0,40.0269,-75.2094, , 
28368,329524,2015056454,6,67,67301,2015,5,6,535,5,1,1,0,4,1, , ,N,0,0,7,3,0,0,2,2,N,N,40 06:49.646,75 01:26.908,638, ,635, ,0, ,N, ,0, , , , , , , , , ,2,2,0,0,0,0,0,0,0,0,0,0,0,0,0,0,0,0,0,0,0,0,0,0,0,0,0,0,0,0,0,0,0,0,0,0,0,40.1138,-75.0241, , 
28369,329533,2015070208,6,67,67301,2015,6,3,2050,20,3,1,0,4,1, , ,N,1,2,0,3,0,2,3,2,N,N,39 56:41.827,75 08:54.427,2056, ,2053, ,0, , , ,3, , , , , , , , , ,2,1,0,0,0,1,0,0,0,0,0,0,2,2,0,0,0,0,0,0,0,1,0,0,0,0,0,0,0,0,0,0,0,0,0,8,1,39.945,-75.1485, , 
28370,329534,2015073256,6,67,67301,2015,7,5,1355,13,1,1,0,4,1, , ,N,1,2,0,3,0,1,14,2,N, ,39 54:53.676,75 14:04.783,1400, ,1359,2,1,4, , ,3,N, , , , , , , , ,1,0,0,1,0,0,0,0,1,0,0,1,1,0,0,0,0,0,0,0,0,0,0,0,0,0,0,0,0,0,0,0,0,0,0,4,1,39.9149,-75.2347, , 
28371,329536,2015073634,6,67,67301,2015,6,7,1355,13,1,1,0,1,1, , ,N,0,2,0,3,0,1,2,2,N,N,40 01:30.351,75 07:33.427,1400, ,1359,1,1,3,N, ,3,N, , , , , , , , ,2,1,0,0,0,0,1,0,0,0,0,1,1,0,0,0,0,0,0,0,0,0,0,0,0,0,0,0,0,0,0,0,0,0,0,4,0,40.0251,-75.126, , 
28372,329588,2015067747,6,67,67301,2015,6,3,1840,18,1,2,1,7,2, , ,N,0,0,0,3,0,0,3,1,N,N,39 56:43.825,75 11:25.474,1915, ,1840, ,0, ,N, ,0, , , , , , , , , ,1,1,0,0,0,0,0,0,0,0,0,0,0,0,0,0,0,0,0,0,0,0,0,2,0,0,0,0,0,0,0,0,0,0,0,0,0,39.9455,-75.1904, , 
28373,329609,2015088699,6,67,67301,2015,8,5,109,1,3,1,0,5,1, , ,N,0,0,0,3,0,1,2,2,N,N,40 01:31.250,75 07:27.381,125, ,112, ,0, ,N, ,0, , , , , , , , , ,2,1,0,0,0,0,0,0,0,0,0,0,1,1,0,0,0,0,0,0,0,0,0,0,0,0,0,0,0,0,0,0,0,0,0,8,0,40.0253,-75.1243, , 
28374,335049,2015066311,6,67,67301,2015,6,5,1500,15,1,1,0,5,1, , ,N,0,0,0,3,0,1,3,3,N,N,40 02:17.676,75 04:03.843,1530, ,1529, ,0, ,N, ,0, , , , , , , , , ,2,1,0,0,0,0,1,0,1,0,0,1,1,0,0,0,0,0,0,0,0,0,0,0,0,0,0,0,0,0,0,0,0,0,0,4,0,40.0382,-75.0677, , 
28375,335061,2015063920,6,67,67301,2015,5,5,2145,21,3,1,0,4,1, , ,N,1,2,0,3,0,1,2,2,N, ,39 56:58.408,75 12:33.123,2147, ,2147, ,0, , , ,3, , , , , , , , , ,1,1,0,0,0,0,0,0,1,0,1,0,1,0,0,0,0,0,0,0,0,0,0,0,0,0,0,0,0,0,0,0,0,0,0,3,0,39.9495,-75.2093, , 
28376,335071,2015069678,6,67,67301,2015,6,7,1402,14,1,1,0,4,1, , ,N,0,0,7,3,0,1,2,2,N,N,40 02:27.482,75 01:46.050,1608, ,1605, ,0, ,N, ,0, , , , , , , , , ,2,2,0,0,0,0,0,0,0,0,0,0,1,1,0,0,0,0,0,0,0,1,0,0,0,0,0,0,0,0,0,0,0,0,0,8,0,40.041,-75.0295, , 
28377,335072,2015070149,6,67,67301,2015,6,7,2232,22,3,1,0,1,1, , ,N,2,2,0,3,0,0,2,2,N,N,40 04:39.117,75 02:37.534,2248, ,2238, ,0, ,N, ,3, , , , , , , , , ,2,1,0,0,0,0,1,0,0,0,0,0,0,0,1,0,0,0,0,0,0,0,0,0,0,0,0,0,0,0,0,0,0,0,0,9,0,40.0775,-75.0438, , 
28378,335086,2015082843,6,67,67301,2015,7,3,1316,13,1,1,0,5,1,1,4,Y,0,8,0,3,0,1,3,2,N,N,40 01:53.543,75 01:17.518,1331,45,1317,1,2,2,N, ,3,N,Y,N,N,N,N,N,N,Y,2,1,0,0,0,1,0,0,0,0,1,0,1,0,0,0,0,0,0,0,1,1,0,0,0,0,0,0,0,0,0,0,0,0,0,3,1,40.0315,-75.0215, , 
28379,335103,2015075772,6,67,67301,2015,7,4,1500,15,1,2,1,8,1, , ,N,2,0,0,3,0,1,2,2,N,N,40 00:44.312,75 05:35.051,1545, ,1508, ,0, , , ,0, , , , , , , , , ,1,0,0,0,0,0,0,0,0,0,0,0,1,1,0,0,0,0,0,0,0,0,0,0,0,0,0,0,0,0,0,0,1,0,0,8,0,40.0123,-75.0931, , 
28380,335123,2015095167,6,67,67301,2015,9,2,830,8,1,1,0,4,1, , ,N,1,2,0,3,0,0,2,2,N,N,39 56:02.036,75 08:50.171,845, ,836,1,1,3,N, ,3,N, , , , , , , , ,2,1,0,0,1,0,0,0,0,0,0,0,0,0,0,0,0,0,0,0,1,0,0,0,0,0,0,0,0,0,0,0,0,0,0,0,0,39.9339,-75.1473, , 
28381,335130,2015103268,6,67,67301,2015,9,6,1755,17,4,1,0,4,1, , ,N,2,2,0,3,0,0,2,2,N,N,40 06:23.287,74 59:55.982,1808, ,1803, ,0, ,N, ,3, , , , , , , , , ,2,1,0,0,0,0,0,1,0,0,0,0,0,0,0,0,0,0,0,0,1,0,0,0,0,0,0,0,0,0,0,0,0,0,0,0,0,40.1065,-74.9989, , 
28382,335133,2015106181,6,67,67301,2015,9,4,1243,12,1,1,0,1,6, , ,N,0,0,0,3,0,1,2,3,N,N,39 58:59.115,75 07:07.814,1243, ,1243, ,0, ,N, ,0, , , , , , , , , ,3,2,0,0,0,0,1,0,0,0,0,1,1,0,0,0,0,0,0,0,0,0,0,1,0,0,0,0,0,0,0,0,0,0,0,4,0,39.9831,-75.1188, , 
28383,335138,2015056515,6,67,67301,2015,5,6,1935,19,4,1,0,4,1, , ,N,1,2,0,3,0,1,4,2,N,N,39 59:23.560,75 08:50.719,2052, ,2050, ,0, , , ,3, , , , , , , , , ,2,2,0,0,0,0,0,0,0,0,0,1,1,0,0,0,0,0,1,0,0,0,0,0,0,0,0,0,0,0,0,0,0,0,0,4,0,39.9899,-75.1474, , 
28384,335159,2015049191,6,67,67301,2015,4,2,1225,12,1,2,1,7,4, , ,N,0,0,0,3,0,2,2,2,N, ,39 58:54.012,75 12:27.765,1240, ,1230,3,2,4, , ,0,Y, , , , , , , , ,1,1,0,0,0,0,0,0,0,0,1,1,2,0,0,0,0,0,0,0,0,0,0,0,0,0,0,0,0,0,0,0,0,0,0,3,0,39.9817,-75.2077, , 
28385,335202,2015106444,6,67,67301,2015,9,4,828,8,1,1,0,4,1, , ,N,0,0,0,3,0,1,4,4,N,N,40 01:32.546,75 11:51.834,844, ,839, ,0, ,N, ,0, , , , , , , , , ,3,3,0,0,0,0,0,0,0,0,0,1,1,0,1,0,0,0,1,0,0,0,0,0,0,0,0,0,0,0,0,0,1,0,0,4,0,40.0257,-75.1977, , 
28386,335224,2015127294,6,67,67301,2015,9,4,100,1,3,1,0,4,1, , ,N,1,2,0,3,0,1,6,2,N, ,39 56:50.704,75 14:23.171,111, ,111,2,1,4, , ,3,Y, , , , , , , , ,2,1,0,1,0,0,0,0,0,0,0,1,1,0,0,0,0,0,0,0,0,0,0,1,0,0,0,0,0,0,0,0,0,0,0,4,1,39.9474,-75.2398, , 
28387,335226,2015128612,6,67,67301,2015,11,6,10,0,3,1,0,8,1, , ,N,0,0,0,3,0,1,2,2,N,N,40 00:03.778,75 06:25.625,2013, ,2013, ,0, ,N, ,0, , , , , , , , , ,1,0,0,0,0,0,1,0,0,0,0,1,1,0,1,0,0,0,0,0,1,0,0,0,0,0,0,0,0,0,0,0,1,0,0,4,0,40.001,-75.1071, , 
28388,335247,2015127434,6,67,67301,2015,12,4,1236,12,1,2,1,7,5, , ,N,2,2,0,3,0,1,2,1,N,N,40 03:47.826,75 08:21.544,1240, ,1238,2,2,4,N, ,3,Y, , , , , , , , ,1,1,0,0,0,0,0,0,0,0,0,0,1,1,0,0,0,0,0,0,0,0,0,1,0,0,0,0,0,0,0,0,0,0,0,8,0,40.0633,-75.1393, , 
28389,335259,2016013561,6,67,67301,2015,11,1,130,1,3,1,0,4,1, , ,N,1,3,0,3,0,2,3,2,N,N,39 59:48.062,75 08:21.127,0, ,0, ,0, ,N, ,3, , , , , , , , , ,2,0,0,0,0,0,0,0,0,0,0,0,2,2,1,0,0,0,0,0,0,0,0,0,0,0,0,0,0,0,0,0,0,0,0,8,0,39.9967,-75.1392, , 
28390,335279,2015091175,6,67,67301,2015,8,7,1234,12,1,1,0,4,1, , ,N,2,3,7,3,0,1,3,2,N, ,40 01:55.675,75 06:08.639,1240, ,1236, ,0, , , ,3, , , , , , , , , ,2,1,0,0,0,0,1,0,0,0,0,1,1,0,0,0,0,0,0,0,1,1,0,0,0,0,0,0,0,0,0,0,0,0,0,4,0,40.0321,-75.1024, , 
28391,335283,2015099090,6,67,67301,2015,9,3,1530,15,1,1,0,1,1, , ,N,5,2,0,3,0,1,3,2,N,N,40 03:32.505,75 02:41.288,1550, ,1550, ,0, , , ,3, , , , , , , , , ,2,0,0,0,1,0,1,0,0,0,0,1,1,0,0,0,0,0,0,0,1,1,0,0,0,0,0,0,0,0,0,0,0,0,0,4,0,40.059,-75.0448, , 
28392,323457,2015091125,6,67,67301,2015,8,2,655,6,1,1,0,8,1, , ,N,1,2,0,3,0,1,2,2,N, ,39 57:15.859,75 09:47.045,700, ,659, ,0, , , ,3, , , , , , , , , ,1,1,0,0,0,0,0,0,0,0,0,0,1,1,0,0,0,0,0,0,1,0,0,0,0,0,0,0,0,0,0,0,1,0,0,8,0,39.9544,-75.1631, , 