objectid_1,objectid,crn,district,county,municipality,crash_year,crash_month,day_of_week,time_of_day,hour_of_day,illumination,weather,road_condition,collision_type,relation_to_road,work_zone_type,work_zone_loc,work_zone_ind,intersect_type,tcd_type,location_type,urban_rural,fatal_count,injury_count,person_count,total_units,sch_bus_ind,sch_zone_ind,latitude,longitude,arrival_tm,cons_zone_spd_lim,dispatch_tm,est_hrs_closed,lane_closed,ln_close_dir,ntfy_hiwy_maint,spec_juris_cd,tcd_func_cd,tfc_detour_ind,workers_pres,wz_close_detour,wz_flagger,wz_law_offcr_ind,wz_ln_closure,wz_moving,wz_other,wz_shlder_mdn,vehicle_count,automobile_count,motorcycle_count,bus_count,small_truck_count,heavy_truck_count,suv_count,van_count,bicycle_count,maj_inj_count,mod_inj_count,min_inj_count,tot_inj_count,unk_inj_deg_count,unk_inj_per_count,driver_count_16yr,driver_count_17yr,driver_count_18yr,driver_count_19yr,driver_count_20yr,driver_count_50_64yr,driver_count_65_74yr,driver_count_75plus,unbelted_occ_count,unb_death_count,unb_maj_inj_count,belted_death_count,belted_maj_inj_count,mcycle_death_count,mcycle_maj_inj_count,bicycle_death_count,bicycle_maj_inj_count,ped_count,ped_death_count,ped_maj_inj_count,max_severity_level,comm_veh_count,dec_lat,dec_long,rdwy_surf_type_cd,county_name
28393,323468,2015103280,6,67,67301,2015,9,5,947,9,1,1,0,4,1, , ,N,1,2,0,3,0,3,3,2,N,N,39 59:14.726,75 13:56.711,1055, ,1044,2,2,7,N, ,3,Y, , , , , , , , ,2,0,0,1,0,0,0,1,0,0,0,1,3,2,0,0,0,0,0,0,1,0,0,0,0,0,0,0,0,0,0,0,0,0,0,4,1,39.9874,-75.2324, , 
28394,323469,2015103339,6,67,67301,2015,9,5,1630,16,1,1,0,4,1, , ,N,1,2,0,3,0,1,2,2,N,N,39 59:30.115,75 11:08.190,1945, ,1638, ,0, ,N, ,3, , , , , , , , , ,2,1,0,0,0,1,0,0,0,0,1,0,1,0,0,0,0,0,0,0,1,0,0,0,0,0,0,0,0,0,0,0,0,0,0,3,1,39.9917,-75.1856, , 
28395,323474,2015070173,6,67,67301,2015,6,2,1140,11,1,1,0,4,1, , ,N,1,3,0,3,0,1,3,2,N, ,39 55:39.244,75 14:03.764,1142, ,1142, ,0, , , ,3, , , , , , , , , ,2,2,0,0,0,0,0,0,0,0,0,1,1,0,0,0,0,0,0,0,1,0,0,0,0,0,0,0,0,0,0,0,0,0,0,4,0,39.9276,-75.2344, , 
28396,323476,2015070631,6,67,67301,2015,6,1,205,2,3,2,1,5,6, , ,N,0,0,0,3,0,1,2,5,N,N,40 01:29.167,75 07:38.238,227, ,220, ,0, ,N, ,0, , , , , , , , , ,4,4,0,0,0,0,0,0,0,0,0,1,1,0,0,0,0,0,0,0,0,0,0,0,0,0,0,0,0,0,0,0,0,0,0,4,0,40.0248,-75.1273, , 
28397,323510,2015093507,6,67,67301,2015,8,1,2123,21,3,1,0,7,2,1,2,Y,0,0,0,3,0,1,1,2,N,N,40 02:02.817,75 01:11.366,2148,45,2128,2,1,2,N, ,0,N,Y,N,N,N,Y,Y,N,Y,1,1,0,0,0,0,0,0,0,0,0,1,1,0,0,0,0,0,0,0,0,0,0,0,0,0,0,0,0,0,0,0,0,0,0,4,0,40.0341,-75.0198, , 
28398,323511,2015093509,6,67,67301,2015,8,2,1302,13,1,1,0,7,2, , ,N,6,0,2,3,0,0,2,2,N,N,39 57:41.763,75 10:57.486,1359, ,1340,1,2,4,Y, ,0,N, , , , , , , , ,2,1,0,0,0,0,1,0,0,0,0,0,0,0,0,0,0,0,0,0,0,0,0,0,0,0,0,0,0,0,0,0,0,0,0,0,0,39.9614,-75.1825, , 
28399,323540,2015075693,6,67,67301,2015,7,2,2054,20,1,1,0,4,1, , ,N,1,2,0,3,0,3,3,2,N, ,39 58:51.174,75 14:47.541,2054, ,2054,2,2,1,N, ,3,Y, , , , , , , , ,2,1,0,0,0,0,1,0,0,1,2,0,3,0,0,0,0,0,0,0,0,0,0,2,0,1,0,0,0,0,0,0,0,0,0,2,0,39.9809,-75.2465, , 
28400,323547,2015080660,6,67,67301,2015,7,3,1645,16,1,1,0,8,1, , ,N,2,0,0,3,0,1,2,2,N,N,40 01:54.184,75 07:27.328,1654, ,1652, ,0, ,N, ,0, , , , , , , , , ,1,0,0,0,0,0,1,0,0,0,0,1,1,0,0,0,0,0,0,0,0,0,0,0,0,0,0,0,0,0,0,0,1,0,0,4,0,40.0317,-75.1243, , 
28401,323550,2015084003,6,67,67301,2015,8,4,1654,16,3,1,0,5,2, , ,N,0,0,0,3,0,0,2,2,N,N,40 02:13.635,75 00:49.817,1717, ,1654,1,1,2,N, ,0,Y, , , , , , , , ,2,0,1,0,0,1,0,0,0,0,0,0,0,0,0,0,0,0,0,0,0,0,0,0,0,0,0,0,0,0,0,0,0,0,0,0,1,40.0371,-75.0138, , 
28402,323554,2015092927,6,67,67301,2015,8,4,1949,19,3,1,0,8,1, , ,N,0,0,0,3,0,1,2,2,N, ,40 01:27.508,75 09:45.745,1952, ,1950, ,0, , , ,0, , , , , , , , , ,1,1,0,0,0,0,0,0,0,1,0,0,1,0,0,0,0,0,0,0,0,0,0,0,0,0,0,0,0,0,0,0,1,0,1,2,0,40.0243,-75.1627, , 
28403,323584,2015081036,6,67,67301,2015,7,1,25,0,3,1,0,4,1, , ,N,1,3,0,3,0,0,1,3,N,N,39 59:52.958,75 06:46.580,31, ,27, ,0, , , ,3, , , , , , , , , ,3,1,0,0,0,0,2,0,0,0,0,0,0,0,0,0,0,0,0,0,0,0,0,0,0,0,0,0,0,0,0,0,0,0,0,0,0,39.998,-75.1129, , 
28404,323597,2015096363,6,67,67301,2015,9,4,958,9,1,1,0,1,1, , ,N,0,0,0,3,0,1,2,2,N,N,39 59:40.147,75 05:03.059,1018, ,1005, ,0, ,N, ,0, , , , , , , , , ,2,0,0,0,0,0,1,1,0,0,0,0,1,1,0,0,0,0,0,1,0,0,0,0,0,0,0,0,0,0,0,0,0,0,0,8,0,39.9945,-75.0842, , 
28405,323602,2015102006,6,67,67301,2015,9,6,1701,17,1,1,0,4,1, , ,N,1,2,0,3,0,1,4,2,N, ,39 58:48.797,75 09:27.327,9999, ,9999, ,0, , , ,3, , , , , , , , , ,2,2,0,0,0,0,0,0,0,0,0,0,1,1,0,0,0,0,0,0,0,1,0,0,0,0,0,0,0,0,0,0,0,0,0,8,0,39.9802,-75.1575, , 
28406,323620,2015058158,6,67,67301,2015,4,6,522,5,3,1,0,7,2, , ,N,0,0,0,3,0,0,4,3,N,N,39 58:03.066,75 07:54.670,535, ,448,2,1,1,Y, ,0,N, , , , , , , , ,3,1,0,0,1,0,0,1,0,0,0,0,0,0,0,0,0,1,0,0,0,0,0,1,0,0,0,0,0,0,0,0,0,0,0,0,0,39.9675,-75.1319, , 
28407,323627,2015063961,6,67,67301,2015,5,3,317,3,3,6,1,7,4, , ,N,0,0,0,3,0,1,1,1,N,N,40 01:38.516,75 11:33.789,415, ,408,3,1,2,N, ,0,N, , , , , , , , ,1,1,0,0,0,0,0,0,0,0,1,0,1,0,0,0,0,0,0,0,0,0,0,0,0,0,0,0,0,0,0,0,0,0,0,3,0,40.0274,-75.1927, , 
28408,323632,2015070585,6,67,67301,2015,6,2,1540,15,1,1,0,4,1, , ,N,2,3,0,3,0,1,3,3,N,N,40 01:42.513,75 13:03.266,1555, ,1550, ,0, ,N, ,3, , , , , , , , , ,3,2,0,0,0,0,1,0,0,0,0,0,1,1,0,0,0,0,0,0,0,0,0,0,0,0,0,0,0,0,0,0,0,0,0,8,0,40.0285,-75.2176, , 
28409,323660,2015095361,6,67,67301,2015,9,6,1547,15,1,1,0,1,1, , ,N,0,0,0,3,0,1,3,3,N,N,39 57:30.650,75 10:04.478,1552, ,1547,1,1,3,N, ,0,N, , , , , , , , ,3,3,0,0,0,0,0,0,0,0,0,1,1,0,0,0,0,0,0,1,0,0,0,0,0,0,0,0,0,0,0,0,0,0,0,4,0,39.9585,-75.1679, , 
28410,317934,2015042721,6,67,67301,2015,3,3,800,8,1,1,0,4,1, , ,N,1,2,0,3,0,2,3,3,N,N,40 03:12.823,75 10:40.715,800, ,800, ,0, ,N, ,3, , , , , , , , , ,3,2,0,0,0,0,1,0,0,0,0,2,2,0,0,0,0,0,0,0,2,0,0,0,0,0,0,0,0,0,0,0,0,0,0,4,0,40.0536,-75.178, , 
28411,317935,2015045229,6,67,67301,2015,4,7,1539,15,1,1,0,4,1, , ,N,0,0,0,3,0,1,3,2,N,N,39 59:45.015,75 11:49.960,1548, ,1540,1,1,4,N, ,0,N, , , , , , , , ,2,2,0,0,0,0,0,0,0,0,0,1,1,0,0,0,0,0,0,0,1,0,0,0,0,0,0,0,0,0,0,0,0,0,0,4,0,39.9958,-75.1972, , 
28412,317936,2015045383,6,67,67301,2015,4,2,9999,99,1,1,0,1,1, , ,N,0,2,0,3,0,2,5,3,N,N,40 04:14.369,75 09:18.153,9999, ,9999, ,0, ,N, ,3, , , , , , , , , ,3,3,0,0,0,0,0,0,0,0,0,1,2,1,0,0,0,0,0,0,0,0,0,0,0,0,0,0,0,0,0,0,0,0,0,4,0,40.0707,-75.155, , 
28413,317946,2015084441,6,67,67301,2015,8,1,1910,19,1,1,0,4,1, , ,N,1,2,0,3,0,1,4,2,N,N,40 02:30.069,75 07:19.534,1916, ,1915, ,0, ,N, ,3, , , , , , , , , ,2,2,0,0,0,0,0,0,0,0,0,0,1,1,0,0,0,0,0,0,0,1,0,0,0,0,0,0,0,0,0,0,0,0,0,8,0,40.0417,-75.1221, , 
28414,317957,2015095719,6,67,67301,2015,9,7,200,2,3,1,0,4,1, , ,N,1,2,0,3,0,1,4,2,N,N,39 59:49.557,75 14:07.172,220, ,215, ,0, ,N, ,3, , , , , , , , , ,2,1,0,0,0,0,1,0,0,0,0,0,1,1,0,0,0,0,0,0,0,0,0,2,0,0,0,0,0,0,0,0,0,0,0,8,0,39.997,-75.2353, , 
28415,317964,2015103335,6,67,67301,2015,9,5,1057,10,1,1,0,4,1, , ,N,2,0,2,3,0,1,2,2,N,N,40 00:23.754,75 04:05.666,1102, ,1101, ,0, , , ,0, , , , , , , , , ,2,0,0,0,2,0,0,0,0,0,0,1,1,0,0,0,0,0,0,1,1,0,0,0,0,0,0,0,0,0,0,0,0,0,0,4,0,40.0066,-75.0682, , 
28416,317988,2015061839,6,67,67301,2015,5,4,2310,23,3,1,0,4,1, , ,N,2,2,2,3,0,1,2,2,N,N,39 52:54.036,75 15:12.278,2341, ,2333, ,0, ,N, ,3, , , , , , , , , ,2,0,0,0,0,0,2,0,0,0,0,1,1,0,0,0,0,0,0,0,0,0,0,0,0,0,0,0,0,0,0,0,0,0,0,4,0,39.8814,-75.2535, , 
28417,317997,2015070677,6,67,67301,2015,6,3,1100,11,1,1,0,4,1, , ,N,1,2,0,3,0,1,2,2,N, ,39 55:58.508,75 08:55.373,1103, ,1107, ,0, , , ,3, , , , , , , , , ,1,0,0,0,0,0,1,0,1,0,0,1,1,0,0,0,0,0,0,0,1,0,0,0,0,0,0,0,0,0,0,0,0,0,0,4,0,39.9329,-75.1487, , 
28418,318016,2015095756,6,67,67301,2015,8,2,915,9,1,1,0,5,6, , ,N,0,0,0,3,0,0,1,3,N,N,40 01:05.609,75 03:50.333,920, ,918,2,1,2,N, ,0,N, , , , , , , , ,3,2,0,0,0,0,0,1,0,0,0,0,0,0,1,0,0,0,0,0,0,0,0,0,0,0,0,0,0,0,0,0,0,0,0,9,0,40.0182,-75.064, , 
28419,318034,2015066163,6,67,67301,2015,6,7,2210,22,3,1,0,6,1, , ,N,1,2,0,3,0,1,2,2,N, ,39 57:26.687,75 11:52.439,2217, ,2215, ,0, , , ,3, , , , , , , , , ,1,1,0,0,0,0,0,0,1,0,0,0,1,1,0,0,0,0,0,0,0,0,0,0,0,0,0,0,0,0,0,0,0,0,0,8,0,39.9574,-75.1978, , 
28420,318036,2015051961,6,67,67301,2015,4,1,1746,17,1,1,0,1,1, , ,N,0,0,0,3,0,0,3,2,N,N,39 53:32.364,75 14:28.227,1908, ,1859, ,0, ,N, ,0, , , , , , , , , ,2,1,0,0,0,0,1,0,0,0,0,0,0,0,1,0,0,0,0,0,0,0,0,0,0,0,0,0,0,0,0,0,0,0,0,9,0,39.8923,-75.2412, , 
28421,318056,2015072968,6,67,67301,2015,7,3,935,9,1,1,0,5,1, , ,N,0,0,0,3,0,2,26,2,Y,N,39 59:33.896,75 05:06.623,954, ,936, ,0, ,N, ,0, , , , , , , , , ,2,0,0,1,0,1,0,0,0,0,0,2,2,0,0,0,0,0,0,0,1,0,0,0,0,0,0,0,0,0,0,0,0,0,0,4,2,39.9927,-75.0852, , 
28422,318074,2015095185,6,67,67301,2015,9,7,940,9,1,1,0,1,1, , ,N,6,4,2,3,0,2,3,2,N,N,40 00:49.241,75 10:46.383,949, ,943, ,0, ,N, ,3, , , , , , , , , ,2,1,0,0,0,0,1,0,0,0,0,1,2,1,0,0,0,0,0,0,0,1,0,0,0,0,0,0,0,0,0,0,0,0,0,4,0,40.0137,-75.1796, , 
28423,318087,2015056555,6,67,67301,2015,5,6,9999,99,1,1,0,6,1, , ,N,0,0,0,3,0,0,2,4,N, ,40 01:21.986,75 10:40.505,1750, ,1745, ,0, , , ,0, , , , , , , , , ,4,1,0,0,0,0,2,1,0,0,0,0,0,0,0,0,0,0,0,0,0,0,0,0,0,0,0,0,0,0,0,0,0,0,0,0,0,40.0228,-75.1779, , 
28424,318091,2015063017,6,67,67301,2015,6,4,838,8,1,1,0,1,1, , ,N,0,0,0,3,0,0,2,2,N,N,40 00:05.964,75 04:42.969,853, ,845, ,0, ,N, ,0, , , , , , , , , ,2,1,0,0,0,0,1,0,0,0,0,0,0,0,0,0,0,0,0,0,0,0,0,0,0,0,0,0,0,0,0,0,0,0,0,0,0,40.0017,-75.0786, , 
28425,318097,2015067924,6,67,67301,2015,6,5,1246,12,1,1,0,4,1, , ,N,1,2,0,3,0,1,3,3,N,N,40 02:06.425,75 04:10.216,1308, ,1248,3,1,1, , ,3,N, , , , , , , , ,3,1,0,0,0,1,1,0,0,0,0,0,1,1,0,0,0,0,0,0,0,0,0,0,0,0,0,0,0,0,0,0,0,0,0,8,1,40.0351,-75.0695, , 
28426,318106,2015073510,6,67,67301,2015,7,5,822,8,1,2,1,1,1, , ,N,0,0,0,3,0,0,4,3,N,N,39 59:00.792,75 12:29.674,830, ,824,1,1,3,N, ,0,N, , , , , , , , ,3,3,0,0,0,0,0,0,0,0,0,0,0,0,0,0,0,0,0,0,0,0,1,1,0,0,0,0,0,0,0,0,0,0,0,0,0,39.9836,-75.2082, , 
28427,318150,2015084445,6,67,67301,2015,8,7,1533,15,1,1,0,5,1, , ,N,0,0,0,3,0,0,7,2,N,N,39 58:04.178,75 11:23.264,1533, ,1533, ,0, ,N, ,0, , , , , , , , , ,2,1,0,0,0,0,1,0,0,0,0,0,0,0,0,0,0,0,0,0,0,0,0,0,0,0,0,0,0,0,0,0,0,0,0,0,0,39.9678,-75.1898, , 
28428,320925,2015063891,6,67,67301,2015,6,5,1000,10,1,1,0,4,1, , ,N,1,2,0,3,0,1,2,2,N,N,40 03:28.059,75 00:31.473,1015, ,1002, ,0, ,N, ,3, , , , , , , , , ,2,1,0,0,0,0,1,0,0,0,0,1,1,0,0,0,0,0,0,0,1,1,0,0,0,0,0,0,0,0,0,0,0,0,0,4,0,40.0578,-75.0087, , 
28429,320947,2015043203,6,67,67301,2015,3,2,1630,16,1,1,0,8,1, , ,N,2,0,0,3,0,1,2,2,N, ,40 01:41.930,75 09:44.021,2224, ,2122, ,0, , , ,0, , , , , , , , , ,1,0,0,0,0,0,0,0,0,0,0,0,1,1,0,0,0,0,0,0,0,0,0,0,0,0,0,0,0,0,0,0,1,0,0,8,0,40.0283,-75.1623, , 
28430,320955,2015051915,6,67,67301,2015,4,2,834,8,3,1,0,8,1, , ,N,1,2,0,3,0,1,2,2,N,N,40 01:57.808,75 04:19.924,841, ,836,9,2,4, , ,3,Y, , , , , , , , ,1,0,0,0,0,0,1,0,0,0,0,1,1,0,0,0,0,0,0,0,1,0,0,0,0,0,0,0,0,0,0,0,1,0,0,4,0,40.0327,-75.0722, , 
28431,320960,2015056926,6,67,67301,2015,5,1,412,4,3,1,0,7,4, , ,N,0,0,0,3,0,1,1,1,N,N,39 58:10.274,75 15:42.447,425, ,419, ,0, , , ,0, , , , , , , , , ,1,0,0,0,0,0,1,0,0,0,0,0,1,1,0,0,0,0,0,0,0,0,0,0,0,0,0,0,0,0,0,0,0,0,0,8,0,39.9695,-75.2618, , 
28432,320975,2015069732,6,67,67301,2015,6,2,945,9,1,1,0,4,1, , ,N,1,3,0,3,0,1,2,2,N,N,40 00:22.701,75 08:38.101,1000, ,955, ,0, ,N, ,3, , , , , , , , , ,2,1,0,0,0,0,0,1,0,0,1,0,1,0,0,0,0,0,0,0,1,0,0,0,0,0,0,0,0,0,0,0,0,0,0,3,0,40.0063,-75.1439, , 
28433,320993,2015082827,6,67,67301,2015,7,2,1227,12,1,1,0,7,4, , ,N,0,0,0,3,0,1,1,1,N,N,39 56:17.059,75 08:37.361,1249, ,1240, ,0, ,N, ,0, , , , , , , , , ,1,1,0,0,0,0,0,0,0,0,0,1,1,0,0,0,0,0,0,0,0,0,0,1,0,0,0,0,0,0,0,0,0,0,0,4,0,39.9381,-75.1437, , 
28434,321008,2015102080,6,67,67301,2015,10,7,253,2,2,1,1,7,3, , ,N,0,0,0,3,0,1,1,1,N,N,39 58:51.319,75 12:23.297,302, ,255,2,1,3,Y, ,0,N, , , , , , , , ,1,0,0,0,0,0,1,0,0,0,0,1,1,0,0,0,0,0,0,0,0,0,0,0,0,0,0,0,0,0,0,0,0,0,0,4,0,39.9809,-75.2065, , 
28435,321015,2015056510,6,67,67301,2015,5,7,2325,23,3,1,1,7,4, , ,N,2,3,0,3,0,2,2,1,N,N,39 55:46.067,75 14:35.330,2333, ,2327, ,0, ,N, ,3, , , , , , , , , ,1,1,0,0,0,0,0,0,0,0,1,1,2,0,0,0,0,0,0,0,0,0,0,0,0,0,0,0,0,0,0,0,0,0,0,3,0,39.9295,-75.2431, , 
28436,321016,2015058842,6,67,67301,2015,5,5,1333,13,1,1,0,1,1, , ,N,0,0,0,3,0,0,2,2,N,N,39 56:46.290,75 08:32.884,1435, ,1420,1,1,2,Y, ,0,N, , , , , , , , ,2,1,0,0,0,0,0,0,0,0,0,0,0,0,1,0,0,0,0,0,1,0,0,0,0,0,0,0,0,0,0,0,0,0,0,9,0,39.9462,-75.1425, , 
28437,321017,2015061921,6,67,67301,2015,5,3,731,7,1,1,0,7,4, , ,N,1,2,0,3,0,0,1,2,N,N,40 02:02.039,75 04:27.141,734, ,732,2,1,1, , ,3,N, , , , , , , , ,1,1,0,0,0,0,0,0,0,0,0,0,0,0,0,0,0,0,0,1,0,0,0,0,0,0,0,0,0,0,0,0,0,0,0,0,0,40.034,-75.0744, , 
28438,321036,2015033344,6,67,67301,2015,3,7,1938,19,3,2,1,7,4, , ,N,0,0,0,3,0,0,1,1,N,N,40 00:29.679,75 12:08.590,1950, ,1938,1,1,4,N, ,0,N, , , , , , , , ,1,1,0,0,0,0,0,0,0,0,0,0,0,0,0,0,0,0,0,0,0,0,0,0,0,0,0,0,0,0,0,0,0,0,0,0,0,40.0082,-75.2024, , 
28439,321042,2015038568,6,67,67301,2015,3,5,1248,12,1,1,0,4,1, , ,N,1,2,0,3,0,5,5,2,N,N,39 57:32.371,75 10:26.147,1254, ,1248,3,2,6, , ,3,Y, , , , , , , , ,2,1,0,0,1,0,0,0,0,0,0,5,5,0,0,0,0,0,1,0,0,1,0,0,0,0,0,0,0,0,0,0,0,0,0,4,0,39.959,-75.1739, , 
28440,321050,2015049031,6,67,67301,2015,4,5,45,0,3,1,0,4,1, , ,N,1,2,0,3,0,3,5,2,N,N,40 02:25.164,75 03:30.735,48, ,48,1,1,1,N, ,3,N, , , , , , , , ,2,1,0,0,0,0,1,0,0,0,0,1,3,2,0,0,0,0,0,0,0,0,0,0,0,0,0,0,0,0,0,0,0,0,0,4,0,40.0403,-75.0585, , 
28441,321054,2015051947,6,67,67301,2015,5,6,1820,18,3,1,0,4,1, , ,N,1,3,0,3,0,1,4,2,N,N,39 57:54.806,75 11:30.562,2021, ,2018, ,0, ,N, ,3, , , , , , , , , ,2,2,0,0,0,0,0,0,0,0,0,0,1,1,0,0,0,0,0,1,0,0,0,0,0,0,0,0,0,0,0,0,0,0,0,8,0,39.9652,-75.1918, , 
28442,321070,2015061019,6,67,67301,2015,5,3,1759,17,1,1,0,4,1, , ,N,1,3,0,3,0,1,2,2,N, ,39 56:50.128,75 14:18.769,1800, ,1800, ,0, , , ,3, , , , , , , , , ,1,0,0,0,0,0,1,0,1,0,0,1,1,0,0,0,0,0,0,0,1,0,0,0,0,0,0,0,0,0,0,0,0,0,0,4,0,39.9473,-75.2385, , 
28443,321077,2015022398,6,67,67301,2015,2,2,1650,16,1,8,6,8,1, , ,N,1,3,0,3,0,1,2,2,N, ,40 02:06.162,75 07:54.659,1700, ,1652, ,0, , , ,3, , , , , , , , , ,1,1,0,0,0,0,0,0,0,0,0,1,1,0,0,0,0,0,0,0,0,0,0,0,0,0,0,0,0,0,0,0,1,0,0,4,0,40.035,-75.1318, , 
28444,321108,2015066177,6,67,67301,2015,6,5,1548,15,1,1,0,8,1, , ,N,1,2,0,3,0,1,2,2,N, ,39 57:04.885,75 09:18.588,1603, ,1551, ,0, , , ,3, , , , , , , , , ,1,0,0,0,0,0,1,0,0,0,0,1,1,0,1,0,0,0,0,0,0,0,0,0,0,0,0,0,0,0,0,0,1,0,0,4,0,39.9513,-75.1551, , 
28445,321118,2015070185,6,67,67301,2015,6,6,1557,15,1,1,0,1,6, , ,N,0,0,0,3,0,0,1,2,N,N,39 55:08.461,75 13:23.944,1637, ,1635, ,0, ,N, ,0, , , , , , , , , ,2,2,0,0,0,0,0,0,0,0,0,0,0,0,0,0,0,0,0,0,0,0,0,0,0,0,0,0,0,0,0,0,0,0,0,0,0,39.919,-75.2233, , 
28446,311721,2015074965,6,67,67301,2015,6,7,1943,19,3,2,7,1,1, , ,N,0,0,0,3,0,1,4,2,N,N,40 02:19.569,75 00:30.922,1956, ,1944, ,0, ,N, ,0, , , , , , , , , ,2,1,0,0,0,0,1,0,0,0,0,0,1,1,0,0,0,0,0,0,1,0,0,0,0,0,0,0,0,0,0,0,0,0,0,8,0,40.0388,-75.0086, , 
28447,311729,2015091068,6,67,67301,2015,8,4,1845,18,1,1,0,6,1, , ,N,0,0,0,3,0,0,6,4,N, ,39 55:08.929,75 14:04.809,1850, ,1846,2,2,3, , ,0,Y, , , , , , , , ,4,0,0,0,1,0,1,2,0,0,0,0,0,0,0,0,0,0,0,0,0,0,0,0,0,0,0,0,0,0,0,0,0,0,0,0,0,39.9191,-75.2347, , 
28448,311736,2015096351,6,67,67301,2015,9,6,1404,14,1,1,0,7,4, , ,N,0,0,0,3,0,2,5,3,N,N,39 57:35.201,75 10:51.309,1433, ,1405,3,1,4,N, ,0,N, , , , , , , , ,3,3,0,0,0,0,0,0,0,0,0,2,2,0,1,0,0,0,0,0,2,0,0,0,0,0,0,0,0,0,0,0,0,0,0,4,0,39.9598,-75.1809, , 
28449,311758,2015130050,6,67,67301,2015,11,1,1612,16,1,1,0,4,1, , ,N,0,0,0,3,0,1,3,2,N,N,40 00:39.398,75 07:37.711,1614, ,1613, ,0, ,N, ,0, , , , , , , , , ,1,1,0,0,0,0,0,0,1,0,0,1,1,0,0,0,0,0,0,0,0,0,0,0,0,0,0,0,0,0,0,0,0,0,0,4,0,40.0109,-75.1271, , 
28450,311760,2015133389,6,67,67301,2015,12,1,824,8,1,1,0,7,4, , ,N,0,0,0,3,0,1,1,1,N,N,39 56:16.665,75 08:37.518,835, ,835,1,2,1,N, ,0,N, , , , , , , , ,1,1,0,0,0,0,0,0,0,0,0,1,1,0,0,0,0,0,1,0,0,0,0,1,0,0,0,0,0,0,0,0,0,0,0,4,0,39.938,-75.1438, , 
28451,311766,2015056668,6,67,67301,2015,5,3,1020,10,1,1,0,7,5, , ,N,7,0,0,3,0,0,2,1,N,N,39 57:35.649,75 08:25.416,1049, ,1023,2,1,1,N, ,0,N, , , , , , , , ,1,1,0,0,0,0,0,0,0,0,0,0,0,0,0,0,0,0,0,0,0,0,0,0,0,0,0,0,0,0,0,0,0,0,0,0,0,39.9599,-75.1404, , 
28452,311770,2015047611,6,67,67301,2015,4,6,1800,18,1,1,0,4,1, , ,N,1,2,0,3,0,2,3,2,N,N,40 02:12.848,75 08:02.883,1809, ,1809, ,0, ,N, ,3, , , , , , , , , ,2,1,0,0,0,0,1,0,0,0,0,0,2,2,0,0,0,0,0,0,0,0,0,0,0,0,0,0,0,0,0,0,0,0,0,8,0,40.0369,-75.1341, , 
28453,311795,2015078622,6,67,67301,2015,7,5,845,8,1,1,0,4,1, , ,N,3,0,0,3,0,1,2,2,N,N,39 56:28.490,75 12:38.577,855, ,845, ,0, ,N, ,0, , , , , , , , , ,2,2,0,0,0,0,0,0,0,0,1,0,1,0,0,0,0,0,0,0,1,0,0,1,0,0,0,0,0,0,0,0,0,0,0,3,0,39.9412,-75.2108, , 
28454,311812,2015045543,6,67,67301,2015,3,4,38,0,3,2,1,7,2, , ,N,0,0,0,3,0,0,2,1,N,N,39 57:35.773,75 10:45.437,38, ,38,1,2,3,N, ,0,N, , , , , , , , ,1,0,0,0,0,0,0,1,0,0,0,0,0,0,0,0,0,0,0,0,1,0,0,0,0,0,0,0,0,0,0,0,0,0,0,0,0,39.9599,-75.1793, , 
28455,311829,2015084296,6,67,67301,2015,1,5,1600,16,1,1,0,1,1, , ,N,1,2,0,3,0,2,3,2,N,N,40 02:07.796,75 10:43.589,0, ,0, ,0, ,N, ,3, , , , , , , , , ,2,2,0,0,0,0,0,0,0,0,1,0,2,1,0,0,0,0,0,0,0,0,0,0,0,0,0,0,0,0,0,0,0,0,0,3,0,40.0355,-75.1788, , 
28456,311845,2015092559,6,67,67301,2015,8,1,1638,16,1,1,0,1,1, , ,N,0,0,0,3,0,0,15,3,N,N,39 56:48.191,75 08:31.507,1646, ,1640, ,0, ,N, ,0, , , , , , , , , ,3,0,0,0,0,0,2,1,0,0,0,0,0,0,0,0,0,0,0,0,1,0,1,4,0,0,0,0,0,0,0,0,0,0,0,0,0,39.9467,-75.1421, , 
28457,311858,2015046300,6,67,67301,2015,2,6,2020,20,3,1,0,1,1, , ,N,0,0,0,3,0,0,2,2,N,N,39 55:59.872,75 12:00.001,2030, ,2020, ,0, ,N, ,0, , , , , , , , , ,2,0,0,0,0,0,1,1,0,0,0,0,0,0,0,0,0,0,0,0,0,0,0,0,0,0,0,0,0,0,0,0,0,0,0,0,0,39.9333,-75.2, , 
28458,311877,2015061795,6,67,67301,2015,5,4,47,0,3,1,0,5,6, , ,N,0,0,0,3,0,0,1,3,N,N,40 03:55.605,75 01:47.708,123, ,119, ,0, ,N, ,0, , , , , , , , , ,3,2,0,0,0,0,1,0,0,0,0,0,0,0,1,0,0,0,0,0,0,0,0,0,0,0,0,0,0,0,0,0,0,0,0,9,0,40.0654,-75.0299, , 
28459,311883,2015069713,6,67,67301,2015,6,5,1043,10,1,2,1,6,1, , ,N,0,0,0,3,0,2,2,2,N,N,39 58:18.652,75 11:23.665,1046, ,1044,4,2,1,N, ,0,Y, , , , , , , , ,2,2,0,0,0,0,0,0,0,0,1,1,2,0,0,0,0,0,0,0,0,0,0,0,0,0,0,0,0,0,0,0,0,0,0,3,0,39.9718,-75.1899, , 
28460,311885,2015070658,6,67,67301,2015,6,4,2230,22,3,1,0,6,6, , ,N,0,0,0,3,0,0,1,2,N,N,39 59:57.888,75 06:38.351,145, ,137, ,0, ,N, ,0, , , , , , , , , ,2,1,0,0,0,0,1,0,0,0,0,0,0,0,1,0,0,0,0,0,0,0,0,0,0,0,0,0,0,0,0,0,0,0,0,9,0,39.9994,-75.1107, , 