objectid_1,objectid,crn,district,county,municipality,crash_year,crash_month,day_of_week,time_of_day,hour_of_day,illumination,weather,road_condition,collision_type,relation_to_road,work_zone_type,work_zone_loc,work_zone_ind,intersect_type,tcd_type,location_type,urban_rural,fatal_count,injury_count,person_count,total_units,sch_bus_ind,sch_zone_ind,latitude,longitude,arrival_tm,cons_zone_spd_lim,dispatch_tm,est_hrs_closed,lane_closed,ln_close_dir,ntfy_hiwy_maint,spec_juris_cd,tcd_func_cd,tfc_detour_ind,workers_pres,wz_close_detour,wz_flagger,wz_law_offcr_ind,wz_ln_closure,wz_moving,wz_other,wz_shlder_mdn,vehicle_count,automobile_count,motorcycle_count,bus_count,small_truck_count,heavy_truck_count,suv_count,van_count,bicycle_count,maj_inj_count,mod_inj_count,min_inj_count,tot_inj_count,unk_inj_deg_count,unk_inj_per_count,driver_count_16yr,driver_count_17yr,driver_count_18yr,driver_count_19yr,driver_count_20yr,driver_count_50_64yr,driver_count_65_74yr,driver_count_75plus,unbelted_occ_count,unb_death_count,unb_maj_inj_count,belted_death_count,belted_maj_inj_count,mcycle_death_count,mcycle_maj_inj_count,bicycle_death_count,bicycle_maj_inj_count,ped_count,ped_death_count,ped_maj_inj_count,max_severity_level,comm_veh_count,dec_lat,dec_long,rdwy_surf_type_cd,county_name
28461,311897,2015083364,6,67,67301,2015,7,3,2125,21,3,1,0,4,1, , ,N,3,2,0,3,0,1,3,2,N,N,40 03:47.826,75 08:21.544,2128, ,2127, ,0, ,N, ,3, , , , , , , , , ,2,2,0,0,0,0,0,0,0,0,0,1,1,0,2,0,0,0,0,0,0,0,0,0,0,0,0,0,0,0,0,0,0,0,0,4,0,40.0633,-75.1393, , 
28462,311899,2015085240,6,67,67301,2015,8,1,1910,19,4,1,0,5,1, , ,N,0,0,0,3,0,0,5,3,N,N,39 57:40.232,75 14:02.924,1953, ,1919,4,2,3,N, ,0,Y, , , , , , , , ,3,2,0,0,0,0,0,1,0,0,0,0,0,0,1,0,0,0,0,0,0,0,0,0,0,0,0,0,0,0,0,0,0,0,0,9,0,39.9612,-75.2341, , 
28463,311900,2015088918,6,67,67301,2015,8,7,220,2,3,1,0,7,5, , ,N,2,3,0,3,0,1,1,1,N,N,39 58:36.451,75 09:16.019,236, ,234, ,0, ,N, ,3, , , , , , , , , ,1,1,0,0,0,0,0,0,0,0,0,0,1,1,0,0,0,0,0,0,0,0,0,1,0,0,0,0,0,0,0,0,0,0,0,8,0,39.9768,-75.1544, , 
28464,311912,2015051991,6,67,67301,2015,5,7,1130,11,1,1,0,1,1, , ,N,1,3,0,3,0,0,2,3,N, ,40 04:02.316,75 00:31.866,1142, ,1131,2,2,2, , ,3,N, , , , , , , , ,2,1,0,0,1,0,0,0,0,0,0,0,0,0,0,0,0,0,0,0,0,0,0,0,0,0,0,0,0,0,0,0,0,0,0,0,0,40.0673,-75.0089, , 
28465,314956,2015075278,6,67,67301,2015,6,2,1627,16,1,1,0,8,1, , ,N,1,2,0,3,0,1,2,2,N,N,39 57:06.275,75 09:29.915,1633, ,1627, ,0, ,N, ,3, , , , , , , , , ,1,0,0,0,0,0,1,0,0,0,0,0,1,1,0,0,0,0,0,0,0,0,0,0,0,0,0,0,0,0,0,0,1,0,0,8,0,39.9517,-75.1582, , 
28466,314958,2015075658,6,67,67301,2015,6,3,2210,22,3,2,1,8,1, , ,N,1,3,0,3,0,1,2,2,N,N,39 57:59.670,75 14:23.337,2218, ,2212, ,0, ,N, ,3, , , , , , , , , ,1,0,0,0,0,0,0,1,0,0,0,1,1,0,0,0,0,0,0,0,0,0,0,0,0,0,0,0,0,0,0,0,1,0,0,4,0,39.9666,-75.2398, , 
28467,314968,2015086264,6,67,67301,2015,8,4,13,0,3,1,0,4,1, , ,N,1,3,0,3,0,2,4,2,N,N,39 56:12.796,75 11:20.011,120, ,22, ,0, ,N, ,3, , , , , , , , , ,2,1,0,0,0,0,1,0,0,0,0,0,2,2,0,0,0,0,0,1,0,0,0,0,0,0,0,0,0,0,0,0,0,0,0,8,0,39.9369,-75.1889, , 
28468,314975,2015093005,6,67,67301,2015,8,3,824,8,1,1,0,4,1, , ,N,1,3,0,3,0,0,2,2,N,N,40 03:31.163,75 11:10.557,853, ,824, ,0, ,N, ,3, , , , , , , , , ,2,1,0,0,0,0,1,0,0,0,0,0,0,0,0,0,0,0,0,0,1,0,0,0,0,0,0,0,0,0,0,0,0,0,0,0,0,40.0587,-75.1863, , 
28469,314976,2015093011,6,67,67301,2015,8,1,915,9,1,1,0,4,1, , ,N,1,2,0,3,0,2,3,3,N,N,40 02:32.725,75 04:57.598,920, ,918,3,2,7,N, ,3,Y, , , , , , , , ,3,2,0,0,0,0,1,0,0,0,0,0,2,2,0,0,0,0,0,0,2,0,1,0,0,0,0,0,0,0,0,0,0,0,0,8,0,40.0424,-75.0827, , 
28470,314987,2015113178,6,67,67301,2015,10,4,100,1,3,1,0,5,1, , ,N,0,0,0,3,0,5,6,3,N,N,40 01:31.427,75 07:22.887,115, ,105, ,0, , , ,0, , , , , , , , , ,3,1,0,1,0,0,1,0,0,0,5,0,5,0,0,0,0,0,0,0,0,0,0,0,0,0,0,0,0,0,0,0,0,0,0,3,1,40.0254,-75.123, , 
28471,314992,2015056660,6,67,67301,2015,5,1,1121,11,1,1,0,5,1,1,4,Y,0,0,0,3,0,2,3,2,N,N,39 57:33.091,75 10:20.444,1143,50,1132,1,2,4,N, ,0,N,N,N,N,N,N,N,N,Y,2,2,0,0,0,0,0,0,0,0,0,0,2,2,0,0,1,0,0,0,0,0,0,1,0,0,0,0,0,0,0,0,0,0,0,8,0,39.9592,-75.1723, , 
28472,315000,2015069709,6,67,67301,2015,6,6,2110,21,1,1,0,7,4, , ,N,0,0,0,3,0,1,3,2,N, ,40 03:06.159,75 05:36.748,2115, ,2110, ,0, , , ,0, , , , , , , , , ,2,1,0,0,0,0,0,1,0,0,0,0,1,1,0,0,0,0,0,0,0,0,0,2,0,0,0,0,0,0,0,0,0,0,0,8,0,40.0517,-75.0935, , 
28473,315007,2015078240,6,67,67301,2015,7,3,720,7,1,1,0,4,1, , ,N,1,2,0,3,0,0,4,2,N,N,39 55:03.752,75 10:39.799,730, ,724, ,0, ,N, ,3, , , , , , , , , ,2,1,0,0,0,0,0,1,0,0,0,0,0,0,0,0,0,0,0,0,0,0,0,0,0,0,0,0,0,0,0,0,0,0,0,0,0,39.9177,-75.1777, , 
28474,315008,2015083332,6,67,67301,2015,8,1,530,5,5,1,0,5,6, , ,N,0,0,0,3,0,1,1,5,N,N,39 59:49.498,75 10:54.497,540, ,530, ,0, ,N, ,0, , , , , , , , , ,5,3,0,0,1,0,0,1,0,0,0,0,1,1,0,0,0,0,0,0,0,0,0,0,0,0,0,0,0,0,0,0,0,0,0,8,0,39.9971,-75.1818, , 
28475,315016,2015093022,6,67,67301,2015,8,2,1757,17,1,1,0,6,1, , ,N,3,0,0,3,0,0,2,2,N,N,39 59:52.890,75 09:02.397,1804, ,1801, ,0, ,N, ,0, , , , , , , , , ,2,1,0,0,0,0,1,0,0,0,0,0,0,0,0,0,0,0,0,0,0,1,0,0,0,0,0,0,0,0,0,0,0,0,0,0,0,39.998,-75.1507, , 
28476,315021,2015097618,6,67,67301,2015,9,1,131,1,3,1,0,4,1, , ,N,6,0,0,3,0,1,4,2,N,N,40 02:45.429,75 00:06.477,150, ,132, ,0, ,N, ,0, , , , , , , , , ,2,2,0,0,0,0,0,0,0,0,0,1,1,0,0,0,0,0,0,0,0,0,0,0,0,0,0,0,0,0,0,0,0,0,0,4,0,40.046,-75.0018, , 
28477,315055,2015075738,6,67,67301,2015,7,2,1902,19,1,1,0,3,1, , ,N,0,0,0,3,0,1,2,2,N, ,39 56:09.193,75 11:04.297,1909, ,1902, ,0, , , ,0, , , , , , , , , ,1,1,0,0,0,0,0,0,1,0,0,0,1,1,0,0,0,0,0,0,1,0,0,0,0,0,0,0,0,0,0,0,0,0,0,8,0,39.9359,-75.1845, , 
28478,315062,2015085766,6,67,67301,2015,2,1,1800,18,3,4,5,7,4, , ,N,3,0,0,3,0,1,1,1,N,N,39 58:27.857,75 12:15.934,0, ,0, ,0, ,N, ,0, , , , , , , , , ,1,0,0,0,0,0,1,0,0,0,0,0,1,1,0,0,0,0,0,0,0,0,0,0,0,0,0,0,0,0,0,0,0,0,0,8,0,39.9744,-75.2044, , 
28479,315067,2015091089,6,67,67301,2015,8,4,1725,17,1,1,0,8,1, , ,N,1,2,0,3,0,1,2,2,N,N,40 02:08.965,75 10:29.000,1730, ,1729, ,0, ,N, ,3, , , , , , , , , ,1,0,0,0,1,0,0,0,0,0,0,0,1,1,0,0,0,0,0,0,0,1,0,0,0,0,0,0,0,0,0,0,1,0,0,8,0,40.0358,-75.1747, , 
28480,315073,2015096347,6,67,67301,2015,9,6,345,3,3,2,1,7,3, , ,N,0,0,0,3,0,1,1,1,N,N,39 55:51.837,75 11:57.288,352, ,347,1,1,3,N, ,0,N, , , , , , , , ,1,0,0,0,0,0,1,0,0,0,0,1,1,0,0,0,0,0,0,0,0,0,0,0,0,0,0,0,0,0,0,0,0,0,0,4,0,39.9311,-75.1992, , 
28481,315074,2015097632,6,67,67301,2015,9,4,1928,19,3,1,0,7,4, , ,N,0,0,2,3,0,0,1,1,N,N,40 02:56.769,75 00:09.631,1933, ,1928, ,0, ,Y, ,0, , , , , , , , , ,1,1,0,0,0,0,0,0,0,0,0,0,0,0,0,0,0,0,0,0,0,0,0,0,0,0,0,0,0,0,0,0,0,0,0,0,0,40.0491,-75.0027, , 
28482,315082,2015106231,6,67,67301,2015,10,3,1822,18,3,1,0,1,1,1,4,Y,0,0,0,3,0,1,5,3,N,N,40 01:22.977,75 02:06.404,1836,45,1826,2,1,1,N, ,0,N,N,N,N,N,Y,N,N,Y,3,2,0,0,0,0,1,0,0,0,0,0,1,1,0,0,0,0,0,0,0,0,0,0,0,0,0,0,0,0,0,0,0,0,0,8,0,40.023,-75.0351, , 
28483,318162,2015103382,6,67,67301,2015,9,2,910,9,1,1,0,4,1, , ,N,3,4,0,3,0,0,3,2,N,N,39 59:38.237,75 11:50.698,935, ,913,1,1,1,N, ,3,N, , , , , , , , ,2,1,0,0,0,0,1,0,0,0,0,0,0,0,0,0,0,0,0,0,0,0,0,0,0,0,0,0,0,0,0,0,0,0,0,0,0,39.994,-75.1974, , 
28484,318165,2015106366,6,67,67301,2015,9,4,1005,10,1,2,1,8,1, , ,N,0,0,0,3,0,1,2,2,N,N,39 59:10.518,75 09:19.962,1013, ,1011, ,0, ,N, ,0, , , , , , , , , ,1,0,0,0,0,0,1,0,0,0,0,1,1,0,0,0,0,0,0,0,0,0,0,0,0,0,0,0,0,0,0,0,1,0,0,4,0,39.9863,-75.1555, , 
28485,318167,2015108886,6,67,67301,2015,10,7,1036,10,1,1,0,1,1, , ,N,0,0,0,3,0,2,4,3,N,N,39 54:01.064,75 09:26.145,1036, ,1036,1,1,1,N, ,0,N, , , , , , , , ,3,3,0,0,0,0,0,0,0,0,0,0,2,2,0,0,0,0,0,0,0,1,0,0,0,0,0,0,0,0,0,0,0,0,0,8,0,39.9003,-75.1573, , 
28486,318169,2015112146,6,67,67301,2015,10,3,1140,11,1,1,0,1,1, , ,N,0,2,0,3,0,1,2,3,N, ,39 58:15.396,75 13:32.603,1220, ,1219, ,0, , , ,3, , , , , , , , , ,3,3,0,0,0,0,0,0,0,0,0,1,1,0,0,0,0,0,0,0,0,0,0,0,0,0,0,0,0,0,0,0,0,0,0,4,0,39.9709,-75.2257, , 
28487,318175,2015045411,6,67,67301,2015,4,6,1552,15,1,1,0,1,1, , ,N,2,0,0,3,0,0,4,3,N,N,40 01:03.979,75 12:07.747,1552, ,1552, ,0, ,N, ,0, , , , , , , , , ,3,2,0,0,0,0,1,0,0,0,0,0,0,0,0,0,0,1,0,0,0,0,0,0,0,0,0,0,0,0,0,0,0,0,0,0,0,40.0178,-75.2022, , 
28488,318193,2015073673,6,67,67301,2015,7,4,1342,13,1,1,0,4,1, , ,N,1,2,0,3,0,7,8,2,N, ,40 02:16.937,75 04:04.982,1405, ,1343,1,1,2, , ,3,N, , , , , , , , ,2,1,0,0,0,0,1,0,0,0,7,0,7,0,0,0,0,0,0,0,0,0,0,0,0,0,0,0,0,0,0,0,0,0,0,3,0,40.038,-75.068, , 
28489,318194,2015075815,6,67,67301,2015,7,6,1942,19,4,1,0,2,1, , ,N,0,0,0,3,0,0,3,3,N,N,40 04:50.838,75 01:42.149,1947, ,1945, ,0, ,N, ,0, , , , , , , , , ,3,1,0,0,1,0,1,0,0,0,0,0,0,0,0,0,0,0,0,0,1,0,0,0,0,0,0,0,0,0,0,0,0,0,0,0,0,40.0808,-75.0284, , 
28490,318219,2015053910,6,67,67301,2015,5,5,834,8,1,1,0,4,1, , ,N,2,3,0,3,0,0,3,4,N,N,39 55:48.957,75 13:19.160,842, ,838,1,2,5,N, ,3,N, , , , , , , , ,4,2,0,0,1,0,1,0,0,0,0,0,0,0,1,0,0,0,0,0,1,0,0,0,0,0,0,0,0,0,0,0,0,0,0,9,0,39.9303,-75.222, , 
28491,318228,2015063979,6,67,67301,2015,6,4,1815,18,1,1,0,4,1, , ,N,1,3,0,3,0,0,2,2,N,N,39 59:03.142,75 07:29.730,1826, ,1822, ,0, ,N, ,3, , , , , , , , , ,2,2,0,0,0,0,0,0,0,0,0,0,0,0,0,0,0,0,0,0,0,0,0,1,0,0,0,0,0,0,0,0,0,0,0,0,0,39.9842,-75.1249, , 
28492,318235,2015071466,6,67,67301,2015,6,6,1453,14,1,1,0,1,1, , ,N,0,0,0,3,0,2,4,2,N,N,39 57:02.992,75 10:58.707,1517, ,1457, ,0, ,N, ,0, , , , , , , , , ,2,2,0,0,0,0,0,0,0,0,0,0,2,2,0,0,0,0,0,1,0,0,0,0,0,0,0,0,0,0,0,0,0,0,0,8,0,39.9508,-75.183, , 
28493,318236,2015071478,6,67,67301,2015,6,4,223,2,3,1,0,7,5, , ,N,0,0,0,3,0,0,1,1,N,N,39 53:34.047,75 13:32.423,232, ,224, ,0, ,Y, ,0, , , , , , , , , ,1,0,0,0,0,0,1,0,0,0,0,0,0,0,0,0,0,0,0,0,1,0,0,0,0,0,0,0,0,0,0,0,0,0,0,0,0,39.8928,-75.2257, , 
28494,318240,2015080504,6,67,67301,2015,8,7,1025,10,1,1,0,5,1,1,4,Y,0,0,0,3,0,1,2,2,N,N,39 58:27.160,75 07:06.708,1045,45,1025,3,1,1,N, ,0,N,N,N,N,N,N,N,Y,N,2,0,2,0,0,0,0,0,0,0,1,0,1,0,0,0,0,0,0,0,1,0,0,0,0,0,0,0,0,0,0,0,0,0,0,3,0,39.9742,-75.1185, , 
28495,318241,2015080669,6,67,67301,2015,7,7,256,2,3,1,0,1,1, , ,N,1,2,0,3,0,2,5,3,N,N,40 01:43.697,75 05:23.235,258, ,253, ,0, ,N, ,3, , , , , , , , , ,3,2,0,0,0,0,0,1,0,0,0,2,2,0,0,0,0,0,0,0,1,0,0,0,0,0,0,0,0,0,0,0,0,0,0,4,0,40.0288,-75.0898, , 
28496,318248,2015086239,6,67,67301,2015,8,7,1700,17,1,1,0,4,1, , ,N,1,2,0,3,0,1,2,2,N,N,40 02:07.796,75 10:43.589,1900, ,845, ,0, ,N, ,3, , , , , , , , , ,2,2,0,0,0,0,0,0,0,0,0,0,1,1,1,0,0,0,0,0,1,0,0,0,0,0,0,0,0,0,0,0,0,0,0,8,0,40.0355,-75.1788, , 
28497,318256,2015096114,6,67,67301,2015,8,2,1508,15,1,1,0,5,6, , ,N,0,0,0,3,0,0,1,2,N, ,40 04:01.457,75 00:36.271,1553, ,1555,2,1,1, , ,0,N, , , , , , , , ,2,1,0,0,1,0,0,0,0,0,0,0,0,0,0,0,0,0,0,0,1,0,0,0,0,0,0,0,0,0,0,0,0,0,0,0,0,40.0671,-75.0101, , 
28498,318277,2015070190,6,67,67301,2015,6,2,1800,18,1,1,0,8,1, , ,N,1,3,0,3,0,1,2,2,N,N,40 03:02.023,75 09:25.419,1600, ,1553, ,0, ,N, ,3, , , , , , , , , ,1,1,0,0,0,0,0,0,0,0,1,0,1,0,0,0,0,0,0,0,0,0,0,0,0,0,0,0,0,0,0,0,1,0,0,3,0,40.0506,-75.1571, , 
28499,318296,2015095776,6,67,67301,2015,8,5,9999,99,1,1,0,8,1, , ,N,0,0,0,3,0,1,2,2,N, ,40 00:48.918,75 05:52.308,9999, ,1317, ,0, , , ,0, , , , , , , , , ,1,0,0,0,0,0,0,0,0,0,0,0,1,1,0,0,0,0,0,0,0,0,0,0,0,0,0,0,0,0,0,0,1,0,0,8,0,40.0136,-75.0979, , 
28500,318300,2015099085,6,67,67301,2015,9,4,822,8,1,1,0,4,1, , ,N,2,3,0,3,0,1,3,2,N,Y,40 01:44.277,75 03:38.753,826, ,826,9,1,1, , ,3,N, , , , , , , , ,2,0,0,0,0,0,2,0,0,0,0,1,1,0,0,0,0,0,0,0,1,0,0,0,0,0,0,0,0,0,0,0,0,0,0,4,0,40.029,-75.0608, , 
28501,321130,2015070183,6,67,67301,2015,6,7,2340,23,3,2,1,4,1, , ,N,1,2,0,3,0,1,2,2,N,N,39 58:36.732,75 08:36.697,1701, ,1656, ,0, ,N, ,3, , , , , , , , , ,1,0,0,0,0,0,0,0,1,1,0,0,1,0,0,0,0,0,0,0,0,0,0,0,0,0,0,0,0,0,0,1,0,0,0,2,0,39.9769,-75.1435, , 
28502,321131,2015070204,6,67,67301,2015,6,3,2010,20,1,1,1,4,1, , ,N,1,2,0,3,0,1,3,2,N,N,40 02:28.908,75 01:41.719,2016, ,2014,2,1,4, , ,3,Y, , , , , , , , ,2,1,0,0,0,0,1,0,0,0,0,0,1,1,2,0,0,0,0,0,0,0,0,0,0,0,0,0,0,0,0,0,0,0,0,8,0,40.0414,-75.0283, , 
28503,321137,2015078230,6,67,67301,2015,7,5,1708,17,1,1,0,5,1, , ,N,1,2,0,3,0,1,2,2,N,N,39 57:09.713,75 08:59.754,1720, ,1717, ,0, ,N, ,3, , , , , , , , , ,1,0,0,0,0,1,0,0,1,0,0,0,1,1,0,0,0,0,0,0,0,0,0,0,0,0,0,0,0,0,0,0,0,0,0,8,1,39.9528,-75.1499, , 
28504,321147,2015084403,6,67,67301,2015,7,6,847,8,1,1,0,1,1, , ,N,0,0,0,3,0,2,3,3,N,N,40 07:09.248,74 58:50.456,852, ,847,2,1,1,N, ,0,N, , , , , , , , ,3,2,0,0,0,0,1,0,0,0,0,0,2,2,0,0,0,0,0,0,1,0,0,1,0,0,0,0,0,0,0,0,0,0,0,8,0,40.1192,-74.9807, , 
28505,321151,2015087764,6,67,67301,2015,8,4,1748,17,1,1,0,1,1,1,5,Y,0,8,3,3,0,0,4,4,N,N,39 54:30.440,75 08:54.925,1750,35,1750, ,0, ,N, ,3, ,N, , ,N,Y,Y, , ,4,3,0,0,0,0,1,0,0,0,0,0,0,0,0,0,0,0,0,0,0,0,0,0,0,0,0,0,0,0,0,0,0,0,0,0,0,39.9085,-75.1486, , 
28506,321167,2015064002,6,67,67301,2015,5,2,405,4,3,1,0,2,6, , ,N,0,0,0,3,0,0,1,3,N, ,39 57:01.416,75 14:57.567,413, ,410,3,1,1, , ,0,N, , , , , , , , ,3,1,0,0,1,0,1,0,0,0,0,0,0,0,0,0,0,0,1,0,0,0,0,0,0,0,0,0,0,0,0,0,0,0,0,0,0,39.9504,-75.2493, , 
28507,321169,2015066207,6,67,67301,2015,6,6,1955,19,1,1,0,4,1, , ,N,3,3,0,3,0,3,3,2,N,N,39 55:46.422,75 14:36.171,1959, ,1958,2,2,6,N, ,3,Y, , , , , , , , ,2,0,0,0,0,0,0,2,0,0,0,0,3,3,0,0,0,0,0,0,0,1,0,0,0,0,0,0,0,0,0,0,0,0,0,8,0,39.931,-75.243, , 
28508,321170,2015068060,6,67,67301,2015,6,3,33,0,3,1,0,7,4, , ,N,0,0,0,3,0,0,1,1,N,N,39 53:32.880,75 14:08.203,43, ,35, ,0, ,Y, ,0, , , , , , , , , ,1,0,0,0,0,0,0,1,0,0,0,0,0,0,0,0,0,0,0,0,1,0,0,0,0,0,0,0,0,0,0,0,0,0,0,0,0,39.8925,-75.2356, , 
28509,321173,2015069766,6,67,67301,2015,6,4,1530,15,1,1,0,4,1, , ,N,2,2,0,3,0,0,3,3,N,N,39 59:53.654,75 11:15.510,1540, ,1533,2,2,1, , ,3,Y, , , , , , , , ,3,2,0,0,0,0,1,0,0,0,0,0,0,0,0,0,0,0,0,0,0,1,0,0,0,0,0,0,0,0,0,0,0,0,0,0,0,39.9982,-75.1876, , 
28510,321174,2015070269,6,67,67301,2015,6,6,1714,17,1,1,0,1,1,1,4,Y,0,0,0,3,0,0,3,2,N,N,40 01:37.654,75 01:32.611,1734,45,1727,2,1,2,N, ,0,N,Y,N,N,N,N,N,N,Y,2,1,0,0,0,0,1,0,0,0,0,0,0,0,0,0,0,0,0,0,0,0,0,0,0,0,0,0,0,0,0,0,0,0,0,0,0,40.0271,-75.0257, , 
28511,321189,2015088794,6,67,67301,2015,8,3,1238,12,1,1,0,6,1, , ,N,0,0,0,3,0,1,2,2,N,N,40 03:33.779,75 04:48.710,1250, ,1244, ,0, ,N, ,0, , , , , , , , , ,2,0,0,0,1,0,0,1,0,0,0,0,1,1,0,0,0,0,0,0,0,0,0,0,0,0,0,0,0,0,0,0,0,0,0,8,0,40.0594,-75.0802, , 
28512,321195,2015097611,6,67,67301,2015,9,5,1208,12,1,2,1,7,4,1,5,Y,0,0,0,3,0,1,1,1,N,N,40 01:25.242,75 01:57.481,1229,45,1212,2,1,1,N, ,0,N,Y,N,N,N,N,N,N,Y,1,1,0,0,0,0,0,0,0,0,1,0,1,0,0,0,0,0,0,0,0,0,0,0,0,0,0,0,0,0,0,0,0,0,0,3,0,40.0237,-75.0326, , 
28513,321204,2015103362,6,67,67301,2015,9,6,1520,15,1,1,0,5,6, , ,N,0,0,0,3,0,2,2,2,N,N,40 02:31.292,75 07:29.080,1524, ,1522, ,0, ,N, ,0, , , , , , , , , ,2,1,0,0,0,0,0,1,0,0,0,2,2,0,0,0,0,0,0,0,0,0,0,0,0,0,0,0,0,0,0,0,0,0,0,4,0,40.042,-75.1247, , 
28514,321211,2015078259,6,67,67301,2015,7,2,1445,14,1,1,0,4,1, , ,N,1,2,0,3,0,0,3,2,N,N,39 56:41.827,75 08:54.427,1500, ,1500, ,0, ,N, ,3, , , , , , , , , ,2,1,0,0,0,0,1,0,0,0,0,0,0,0,0,0,0,0,0,0,1,0,0,0,0,0,0,0,0,0,0,0,0,0,0,0,0,39.945,-75.1485, , 
28515,321220,2015065464,6,67,67301,2015,5,6,240,2,3,1,0,7,4, , ,N,0,0,0,3,0,0,1,1,N,N,40 01:46.411,75 11:17.671,253, ,246, ,0, ,N, ,0, , , , , , , , , ,1,1,0,0,0,0,0,0,0,0,0,0,0,0,1,0,0,0,0,0,0,0,0,1,0,0,0,0,0,0,0,0,0,0,0,9,0,40.0296,-75.1882, , 
28516,321238,2015085270,6,67,67301,2015,8,3,416,4,3,1,0,8,1, , ,N,1,2,0,3,0,1,2,2,N,N,40 00:39.342,75 05:19.369,423, ,418, ,0, ,N, ,3, , , , , , , , , ,1,0,0,0,0,0,0,0,0,0,0,1,1,0,0,0,0,0,0,0,0,0,0,0,0,0,0,0,0,0,0,0,1,0,0,4,0,40.0109,-75.0887, , 
28517,321247,2015096331,6,67,67301,2015,9,2,15,0,3,1,0,5,1, , ,N,6,0,1,3,0,0,4,2,N,N,39 57:34.701,75 10:51.774,30, ,24, ,0, ,N, ,0, , , , , , , , , ,2,2,0,0,0,0,0,0,0,0,0,0,0,0,0,0,0,0,0,0,1,0,0,0,0,0,0,0,0,0,0,0,0,0,0,0,0,39.9596,-75.181, , 
28518,321258,2015051519,6,67,67301,2015,5,1,1120,11,1,1,0,4,1, , ,N,1,2,0,3,0,0,2,2,N,N,39 58:26.116,75 12:23.386,1123, ,1123, ,0, , , ,3, , , , , , , , , ,2,1,0,0,0,0,0,1,0,0,0,0,0,0,1,0,0,0,0,0,0,1,0,0,0,0,0,0,0,0,0,0,0,0,0,9,0,39.9738,-75.2064, , 
28519,321271,2015061927,6,67,67301,2015,5,3,715,7,1,1,0,1,1, , ,N,1,2,0,3,0,1,2,2,N, ,40 01:32.829,75 07:58.227,840, ,834, ,0, , , ,3, , , , , , , , , ,2,1,0,0,0,0,0,1,0,0,0,1,1,0,1,0,0,0,0,0,0,0,0,0,0,0,0,0,0,0,0,0,0,0,0,4,0,40.0258,-75.1328, , 
28520,311913,2015052345,6,67,67301,2015,4,6,450,4,3,1,0,1,1,2,2,Y,0,8,0,3,0,1,2,2,N,N,39 58:35.369,75 06:52.178,506,45,452,2,2,2,N, ,3,Y,Y,N,N,N,Y,Y,N,N,2,0,0,0,0,2,0,0,0,0,0,0,1,1,0,0,0,0,0,0,1,0,0,0,0,0,0,0,0,0,0,0,0,0,0,8,2,39.9765,-75.1145, , 
28521,311917,2015080277,6,67,67301,2015,7,6,1019,10,1,1,0,4,1, , ,N,1,3,0,3,0,1,2,2,N,N,39 57:19.087,75 10:29.085,1028, ,1024, ,0, , , ,3, , , , , , , , , ,1,0,0,0,0,0,1,0,1,0,0,1,1,0,0,0,0,0,0,0,0,0,0,0,0,0,0,0,0,0,0,0,0,0,0,4,0,39.9553,-75.1747, , 
28522,311927,2015095140,6,67,67301,2015,9,5,1450,14,1,1,0,1,1, , ,N,0,0,0,3,0,2,4,4,N,N,40 02:42.158,75 08:36.351,1455, ,1454, ,0, , , ,0, , , , , , , , , ,4,3,0,0,0,0,0,1,0,0,1,0,2,1,0,0,0,0,0,0,1,1,1,0,0,0,0,0,0,0,0,0,0,0,0,3,0,40.045,-75.1434, , 
28523,311954,2015130142,6,67,67301,2015,11,7,1055,10,1,2,1,4,1, , ,N,0,0,0,3,0,1,3,2,N, ,39 57:00.804,75 08:45.554,1100, ,1055, ,0, , , ,0, , , , , , , , , ,2,0,0,0,0,0,2,0,0,0,0,1,1,0,0,0,0,0,0,0,0,0,0,0,0,0,0,0,0,0,0,0,0,0,0,4,0,39.9502,-75.146, , 
28524,311965,2015063866,6,67,67301,2015,6,2,1530,15,1,1,0,8,1, , ,N,1,3,0,3,0,2,3,3,N,N,39 55:01.524,75 09:45.539,1758, ,1757, ,0, ,N, ,3, , , , , , , , , ,1,0,0,0,0,0,1,0,0,0,0,2,2,0,0,0,0,0,0,0,0,0,0,0,0,0,0,0,0,0,0,0,2,0,0,4,0,39.9171,-75.1626, , 
28525,311970,2015072868,6,67,67301,2015,7,4,1404,14,1,1,0,8,1, , ,N,1,2,0,3,0,1,2,2,N,N,39 54:50.431,75 08:59.775,1540, ,1537, ,0, ,N, ,3, , , , , , , , , ,1,0,0,0,0,0,1,0,0,0,0,1,1,0,0,0,0,0,0,0,0,0,0,0,0,0,0,0,0,0,0,0,1,0,0,4,0,39.914,-75.1499, , 
28526,311978,2015079278,6,67,67301,2015,7,6,1520,15,1,1,0,5,2, , ,N,0,0,0,3,0,0,3,2,N,N,40 00:00.879,75 11:41.643,1603, ,1603, ,0, ,N, ,0, , , , , , , , , ,2,2,0,0,0,0,0,0,0,0,0,0,0,0,0,0,0,0,0,0,1,0,0,0,0,0,0,0,0,0,0,0,0,0,0,0,0,40.0002,-75.1949, , 
28527,311999,2015095146,6,67,67301,2015,9,1,45,0,3,1,1,1,1, , ,N,2,2,2,3,0,1,2,2,N,N,39 55:52.174,75 08:38.984,1045, ,9999, ,0, ,N, ,3, , , , , , , , , ,2,2,0,0,0,0,0,0,0,0,0,1,1,0,1,0,0,0,0,0,0,0,0,0,0,0,0,0,0,0,0,0,0,0,0,4,0,39.9311,-75.1439, , 