objectid_1,objectid,crn,district,county,municipality,crash_year,crash_month,day_of_week,time_of_day,hour_of_day,illumination,weather,road_condition,collision_type,relation_to_road,work_zone_type,work_zone_loc,work_zone_ind,intersect_type,tcd_type,location_type,urban_rural,fatal_count,injury_count,person_count,total_units,sch_bus_ind,sch_zone_ind,latitude,longitude,arrival_tm,cons_zone_spd_lim,dispatch_tm,est_hrs_closed,lane_closed,ln_close_dir,ntfy_hiwy_maint,spec_juris_cd,tcd_func_cd,tfc_detour_ind,workers_pres,wz_close_detour,wz_flagger,wz_law_offcr_ind,wz_ln_closure,wz_moving,wz_other,wz_shlder_mdn,vehicle_count,automobile_count,motorcycle_count,bus_count,small_truck_count,heavy_truck_count,suv_count,van_count,bicycle_count,maj_inj_count,mod_inj_count,min_inj_count,tot_inj_count,unk_inj_deg_count,unk_inj_per_count,driver_count_16yr,driver_count_17yr,driver_count_18yr,driver_count_19yr,driver_count_20yr,driver_count_50_64yr,driver_count_65_74yr,driver_count_75plus,unbelted_occ_count,unb_death_count,unb_maj_inj_count,belted_death_count,belted_maj_inj_count,mcycle_death_count,mcycle_maj_inj_count,bicycle_death_count,bicycle_maj_inj_count,ped_count,ped_death_count,ped_maj_inj_count,max_severity_level,comm_veh_count,dec_lat,dec_long,rdwy_surf_type_cd,county_name
28528,312034,2015083372,6,67,67301,2015,7,6,2,0,3,1,0,4,1, , ,N,1,2,0,3,0,1,2,2,N, ,40 05:40.718,75 00:54.707,5, ,2,2,1,5, , ,3,N, , , , , , , , ,2,2,0,0,0,0,0,0,0,1,0,0,1,0,0,0,0,0,1,0,0,0,0,0,0,0,0,0,0,0,0,0,0,0,0,2,0,40.0946,-75.0152, , 
28529,312039,2015086202,6,67,67301,2015,8,5,207,2,3,1,0,1,6, , ,N,0,0,0,3,0,0,1,3,N,N,40 02:09.965,75 07:40.579,217, ,212,2,2,6,N, ,0,Y, , , , , , , , ,3,3,0,0,0,0,0,0,0,0,0,0,0,0,0,0,0,0,0,0,0,0,0,0,0,0,0,0,0,0,0,0,0,0,0,0,0,40.0361,-75.1279, , 
28530,312040,2015086205,6,67,67301,2015,8,7,1820,18,1,1,0,4,1, , ,N,1,0,1,3,0,1,2,2,N,N,39 59:11.990,75 09:02.480,2011, ,1822, ,0, ,N, ,0, , , , , , , , , ,2,1,0,0,0,0,1,0,0,0,0,1,1,0,0,0,0,0,0,0,0,0,0,0,0,0,0,0,0,0,0,0,0,0,0,4,0,39.9867,-75.1507, , 
28531,312082,2015043258,6,67,67301,2015,4,1,12,0,3,1,0,7,4, , ,N,0,0,0,3,0,0,1,1,N, ,40 06:11.866,74 57:45.894,17, ,15, ,0, , , ,0, , , , , , , , , ,1,1,0,0,0,0,0,0,0,0,0,0,0,0,1,0,0,1,0,0,0,0,0,0,0,0,0,0,0,0,0,0,0,0,0,9,0,40.1033,-74.9627, , 
28532,312091,2015061831,6,67,67301,2015,5,1,219,2,3,1,0,4,1, , ,N,1,2,0,3,0,1,2,2,N,N,40 01:54.735,75 07:53.327,230, ,230, ,0, ,N, ,3, , , , , , , , , ,2,2,0,0,0,0,0,0,0,0,0,1,1,0,1,0,0,0,0,0,0,0,0,0,0,0,0,0,0,0,0,0,0,0,0,4,0,40.0319,-75.1315, , 
28533,312104,2015051524,6,67,67301,2015,4,4,955,9,1,1,0,1,1, , ,N,0,0,0,3,0,1,5,3,N,N,39 59:35.069,75 05:51.018,1005, ,956,2,2,1,N, ,0,N, , , , , , , , ,3,3,0,0,0,0,0,0,0,0,0,1,1,0,0,0,0,0,0,1,0,0,0,0,0,0,0,0,0,0,0,0,0,0,0,4,0,39.9931,-75.0975, , 
28534,312107,2015056447,6,67,67301,2015,3,1,45,0,3,1,0,4,1, , ,N,1,2,0,3,0,1,2,2,N,N,40 03:42.317,75 03:21.839,55, ,51, ,0, ,N, ,3, , , , , , , , , ,2,1,0,0,0,0,0,1,0,0,1,0,1,0,1,0,0,0,0,1,0,0,0,0,0,0,0,0,0,0,0,0,0,0,0,3,0,40.0618,-75.0561, , 
28535,312114,2015061915,6,67,67301,2015,5,2,527,5,1,1,0,4,1, , ,N,1,3,0,3,0,0,4,2,N,N,39 59:35.462,75 06:24.911,539, ,530,1,2,6,N, ,3,N, , , , , , , , ,2,2,0,0,0,0,0,0,0,0,0,0,0,0,0,0,0,0,0,1,0,0,0,0,0,0,0,0,0,0,0,0,0,0,0,0,0,39.9932,-75.1069, , 
28536,312125,2015070175,6,67,67301,2015,6,6,500,5,1,1,0,7,4, , ,N,0,0,0,3,0,0,1,1,N,N,40 00:59.665,75 12:09.384,540, ,530,1,2,1,N, ,0,N, , , , , , , , ,1,1,0,0,0,0,0,0,0,0,0,0,0,0,0,0,0,0,0,0,0,0,0,0,0,0,0,0,0,0,0,0,0,0,0,0,0,40.0166,-75.2026, , 
28537,312128,2015075741,6,67,67301,2015,7,4,805,8,1,1,0,1,6, , ,N,0,0,0,3,0,1,1,2,N,N,39 58:37.114,75 15:20.401,814, ,808,9,2,7,N, ,0,Y, , , , , , , , ,2,1,0,0,1,0,0,0,0,0,0,1,1,0,0,0,0,0,0,0,0,0,0,0,0,0,0,0,0,0,0,0,0,0,0,4,0,39.977,-75.2557, , 
28538,315083,2015106468,6,67,67301,2015,9,3,2341,23,3,2,1,4,1, , ,N,1,2,0,3,0,0,4,2,N,N,39 56:38.450,75 09:36.017,11, ,2341, ,0, ,N, ,3, , , , , , , , , ,2,1,0,0,0,0,1,0,0,0,0,0,0,0,0,0,0,0,0,0,0,0,0,0,0,0,0,0,0,0,0,0,0,0,0,0,0,39.944,-75.16, , 
28539,315088,2015067417,6,67,67301,2015,5,2,1756,17,1,1,0,4,1, , ,N,1,2,0,3,0,1,3,2,N, ,39 59:45.571,75 05:31.702,1802, ,1756, ,0, , , ,3, , , , , , , , , ,1,1,0,0,0,0,0,0,1,0,0,1,1,0,0,0,0,0,0,0,0,1,0,0,0,0,0,0,0,0,0,0,0,0,0,4,0,39.9959,-75.0921, , 
28540,315090,2015070284,6,67,67301,2015,6,2,1600,16,1,1,0,1,1, , ,N,0,0,0,3,0,0,2,2,N,N,39 57:55.584,75 11:09.846,1600, ,1600,1,1,3,N, ,0,N, , , , , , , , ,2,2,0,0,0,0,0,0,0,0,0,0,0,0,0,0,0,0,0,0,0,0,0,0,0,0,0,0,0,0,0,0,0,0,0,0,0,39.9654,-75.1861, , 
28541,315093,2015074974,6,67,67301,2015,6,3,1429,14,1,1,0,1,1, , ,N,0,0,0,3,0,0,3,3,N,N,39 58:41.543,75 12:08.302,1440, ,1434, ,0, ,N, ,0, , , , , , , , , ,3,3,0,0,0,0,0,0,0,0,0,0,0,0,0,0,0,0,0,0,0,0,0,0,0,0,0,0,0,0,0,0,0,0,0,0,0,39.9782,-75.2023, , 
28542,315131,2015047573,6,67,67301,2015,4,7,240,2,3,1,0,1,1, , ,N,0,0,0,3,0,1,2,2,N,N,40 01:34.761,75 07:03.383,248, ,246, ,0, ,N, ,0, , , , , , , , , ,2,1,0,0,0,0,0,1,0,0,0,1,1,0,0,0,0,0,0,0,0,0,0,0,0,0,0,0,0,0,0,0,0,0,0,4,0,40.0263,-75.1176, , 
28543,315180,2015099060,6,67,67301,2015,9,2,850,8,1,1,0,1,6, , ,N,0,0,0,3,0,0,1,3,N,N,39 58:20.540,75 13:33.637,855, ,855, ,0, ,N, ,0, , , , , , , , , ,3,0,0,0,0,0,3,0,0,0,0,0,0,0,0,0,0,0,0,0,0,0,0,0,0,0,0,0,0,0,0,0,0,0,0,0,0,39.9724,-75.226, , 
28544,315189,2015073712,6,67,67301,2015,6,6,2321,23,3,2,1,4,1, , ,N,1,2,0,3,0,1,2,2,N,N,39 57:44.928,75 12:58.376,2325, ,2322, ,0, , , ,3, , , , , , , , , ,2,2,0,0,0,0,0,0,0,0,0,0,1,1,0,0,0,0,0,0,0,0,0,0,0,0,0,0,0,0,0,0,0,0,0,8,0,39.9625,-75.2162, , 
28545,315193,2015063875,6,67,67301,2015,6,2,700,7,1,1,0,4,1, , ,N,1,2,0,3,0,0,3,3,N,N,40 01:27.398,75 07:49.414,725, ,720, ,0, ,N, ,3, , , , , , , , , ,3,2,0,0,1,0,0,0,0,0,0,0,0,0,0,0,0,0,0,0,0,0,0,0,0,0,0,0,0,0,0,0,0,0,0,0,0,40.0243,-75.1304, , 
28546,315200,2015070647,6,67,67301,2015,6,2,620,6,1,1,0,7,4, , ,N,1,2,0,3,0,1,1,1,N,N,40 02:49.639,75 05:52.794,625, ,620, ,0, ,N, ,3, , , , , , , , , ,1,1,0,0,0,0,0,0,0,0,0,0,1,1,0,0,0,0,0,0,0,0,0,0,0,0,0,0,0,0,0,0,0,0,0,8,0,40.0471,-75.098, , 
28547,315206,2015080254,6,67,67301,2015,7,6,858,8,1,1,0,5,1, , ,N,0,0,0,3,0,0,1,2,N,N,40 03:29.200,75 11:23.200,909, ,859, ,0, ,N, ,0, , , , , , , , , ,2,2,0,0,0,0,0,0,0,0,0,0,0,0,0,0,0,0,0,0,0,0,0,0,0,0,0,0,0,0,0,0,0,0,0,0,0,40.0581,-75.1898, , 
28548,315211,2015088678,6,67,67301,2015,8,6,1615,16,1,1,0,4,1, , ,N,1,2,0,3,0,0,2,2,N, ,39 55:15.755,75 13:26.897,1645, ,1637, ,0, , , ,3, , , , , , , , , ,2,2,0,0,0,0,0,0,0,0,0,0,0,0,0,0,0,0,0,0,0,0,1,0,0,0,0,0,0,0,0,0,0,0,0,0,0,39.9211,-75.2242, , 
28549,315216,2015093008,6,67,67301,2015,8,3,1740,17,1,1,0,8,1, , ,N,1,2,0,3,0,1,2,2,N,N,39 55:05.344,75 10:15.986,1755, ,1750,1,1,2,N, ,3,N, , , , , , , , ,1,1,0,0,0,0,0,0,0,0,0,0,1,1,0,0,0,0,0,0,0,0,0,0,0,0,0,0,0,0,0,0,1,0,0,8,0,39.9181,-75.171, , 
28550,315220,2015096117,6,67,67301,2015,8,2,119,1,3,1,0,7,4, , ,N,0,0,0,3,0,0,1,1,N, ,39 55:54.390,75 12:02.491,126, ,121, ,0, , , ,0, , , , , , , , , ,1,0,0,0,0,0,1,0,0,0,0,0,0,0,1,0,0,0,0,0,0,0,0,0,0,0,0,0,0,0,0,0,0,0,0,9,0,39.9318,-75.2007, , 
28551,315252,2015088691,6,67,67301,2015,8,3,1647,16,4,2,1,1,1, , ,N,1,2,0,3,0,1,2,2,N,N,40 00:49.221,75 05:50.493,1827, ,1825, ,0, , , ,3, , , , , , , , , ,2,2,0,0,0,0,0,0,0,0,0,1,1,0,0,0,0,0,0,0,1,0,0,0,0,0,0,0,0,0,0,0,0,0,0,4,0,40.0137,-75.0974, , 
28552,315258,2015093100,6,67,67301,2015,8,7,316,3,3,1,0,7,2, , ,N,0,0,0,3,0,0,1,1,N,N,39 55:53.491,75 11:58.849,322, ,317,2,2,3,N, ,0,N, , , , , , , , ,1,1,0,0,0,0,0,0,0,0,0,0,0,0,0,0,0,0,0,0,0,0,0,0,0,0,0,0,0,0,0,0,0,0,0,0,0,39.9315,-75.1997, , 
28553,315277,2015118185,6,67,67301,2015,10,2,1900,19,3,1,0,4,1, , ,N,2,2,2,3,0,0,2,2,N, ,39 58:29.031,75 11:53.718,1906, ,1903, ,0, , , ,9, , , , , , , , , ,2,2,0,0,0,0,0,0,0,0,0,0,0,0,1,0,0,0,0,0,0,0,0,0,0,0,0,0,0,0,0,0,0,0,0,9,0,39.9747,-75.1983, , 
28554,315286,2015062745,6,67,67301,2015,5,5,55,0,3,1,0,6,1, , ,N,0,0,0,3,0,0,2,2,N, ,39 59:46.832,75 08:49.264,100, ,56, ,0, , , ,0, , , , , , , , , ,2,2,0,0,0,0,0,0,0,0,0,0,0,0,1,0,0,0,0,0,0,0,0,0,0,0,0,0,0,0,0,0,0,0,0,9,0,39.9963,-75.147, , 
28555,315294,2015056959,6,67,67301,2015,5,6,1215,12,1,1,0,3,6, , ,N,0,0,0,3,0,1,2,2,N,N,39 55:23.950,75 09:41.311,1229, ,1225, ,0, ,N, ,0, , , , , , , , , ,2,0,0,0,0,0,2,0,0,0,0,1,1,0,0,0,0,0,0,0,1,0,0,0,0,0,0,0,0,0,0,0,0,0,0,4,0,39.9233,-75.1615, , 
28556,315310,2015073653,6,67,67301,2015,6,7,123,1,3,2,1,7,4, , ,N,0,0,3,3,0,1,1,1,N,N,40 01:14.450,75 09:25.083,123, ,123,9,1,2, , ,0,N, , , , , , , , ,1,1,0,0,0,0,0,0,0,0,0,1,1,0,0,0,0,0,0,0,0,0,0,0,0,0,0,0,0,0,0,0,0,0,0,4,0,40.0207,-75.157, , 
28557,318313,2015114537,6,67,67301,2015,10,7,145,1,3,1,0,2,1, , ,N,1,2,0,3,0,2,2,2,N,N,39 59:50.885,75 07:16.672,155, ,150,2,1,3, , ,3,N, , , , , , , , ,2,1,0,0,0,0,1,0,0,0,0,2,2,0,0,0,0,0,0,0,0,0,0,0,0,0,0,0,0,0,0,0,0,0,0,4,0,39.9975,-75.1213, , 
28558,318321,2015051436,6,67,67301,2015,4,3,15,0,3,1,0,2,1, , ,N,0,0,0,3,0,1,2,2,N, ,39 59:07.964,75 12:40.560,36, ,29, ,0, , , ,0, , , , , , , , , ,2,1,0,0,0,0,0,1,0,0,1,0,1,0,0,0,0,0,0,0,0,0,0,0,0,0,0,0,0,0,0,0,0,0,0,3,0,39.9855,-75.2113, , 
28559,318330,2015075680,6,67,67301,2015,7,6,9999,99,1,1,0,4,1, , ,N,1,3,0,3,0,0,3,2,N, ,39 58:23.293,75 08:54.175,1242, ,1240,9,2,4, , ,3,Y, , , , , , , , ,2,0,0,0,0,0,1,1,0,0,0,0,0,0,0,0,0,0,0,0,0,0,0,0,0,0,0,0,0,0,0,0,0,0,0,0,0,39.9731,-75.1484, , 
28560,318340,2015085343,6,67,67301,2015,8,4,2015,20,3,1,0,8,1, , ,N,0,0,0,3,0,1,2,2,N,N,39 55:28.749,75 13:18.352,2118, ,2115,3,1,4, , ,0,N, , , , , , , , ,1,0,0,0,0,0,1,0,0,0,0,1,1,0,0,0,0,0,0,0,1,0,0,0,0,0,0,0,0,0,0,0,1,0,0,4,0,39.9247,-75.2218, , 
28561,318346,2015089604,6,67,67301,2015,8,4,1020,10,1,1,0,4,1, , ,N,0,0,7,3,0,1,4,2,N, ,40 00:39.036,75 09:02.827,1025, ,25, ,0, , , ,0, , , , , , , , , ,2,1,0,0,0,0,0,1,0,0,0,1,1,0,0,0,0,0,0,0,1,1,0,2,0,0,0,0,0,0,0,0,0,0,0,4,0,40.0108,-75.1508, , 
28562,318355,2015103394,6,67,67301,2015,9,1,1832,18,1,1,0,8,1, , ,N,0,0,0,3,0,1,2,2,N,N,40 01:47.594,75 12:51.136,1835, ,1834, ,0, ,N, ,0, , , , , , , , , ,1,1,0,0,0,0,0,0,0,0,0,1,1,0,0,0,0,0,0,0,0,0,0,0,0,0,0,0,0,0,0,0,1,0,0,4,0,40.0299,-75.2142, , 
28563,318357,2015105127,6,67,67301,2015,9,7,836,8,1,1,0,8,1, , ,N,1,2,0,3,0,1,3,2,N,N,40 04:35.200,75 01:57.222,842, ,836,2,1,1,N, ,3,N, , , , , , , , ,1,1,0,0,0,0,0,0,0,0,0,1,1,0,0,0,0,0,0,0,0,0,0,0,0,0,0,0,0,0,0,0,1,0,0,4,0,40.0765,-75.0327, , 
28564,318371,2015056521,6,67,67301,2015,5,2,12,0,3,1,0,1,1, , ,N,2,2,0,3,0,0,2,2,N,N,40 00:59.828,75 08:05.348,17, ,17, ,0, ,N, ,3, , , , , , , , , ,2,2,0,0,0,0,0,0,0,0,0,0,0,0,2,0,0,0,0,0,1,0,0,0,0,0,0,0,0,0,0,0,0,0,0,9,0,40.0166,-75.1348, , 
28565,318373,2015063929,6,67,67301,2015,6,7,1233,12,1,1,0,7,4, , ,N,2,2,0,3,0,2,2,1,N,N,40 07:06.945,75 00:25.153,1245, ,1235,1,1,3,N, ,3,N, , , , , , , , ,1,0,0,0,0,0,0,1,0,0,0,0,2,2,0,0,0,0,0,0,0,0,1,0,0,0,0,0,0,0,0,0,0,0,0,8,0,40.1186,-75.007, , 
28566,318375,2015066324,6,67,67301,2015,6,4,1645,16,1,1,0,2,1, , ,N,0,0,0,3,0,1,2,2,N,N,40 04:25.496,75 09:38.448,1833, ,1828, ,0, ,N, ,0, , , , , , , , , ,2,1,0,0,0,0,1,0,0,0,0,1,1,0,1,0,0,0,0,0,0,0,0,1,0,0,0,0,0,0,0,0,0,0,0,4,0,40.0737,-75.1607, , 
28567,318398,2015095330,6,67,67301,2015,8,1,1147,11,1,1,0,1,1, , ,N,0,0,0,3,0,5,6,3,N,N,39 57:27.374,75 09:35.414,1158, ,1147,1,1,4,N, ,0,N, , , , , , , , ,3,2,0,0,0,0,0,0,0,0,0,0,5,5,1,0,0,0,0,0,0,0,0,0,0,0,0,0,0,0,0,0,0,0,0,8,0,39.9576,-75.1598, , 
28568,318414,2015059422,6,67,67301,2015,5,5,1452,14,1,1,0,4,1, , ,N,2,2,0,3,0,1,2,2,N, ,39 55:05.488,75 14:09.696,1458, ,1452, ,0, , , ,3, , , , , , , , , ,2,0,0,0,0,0,2,0,0,0,1,0,1,0,1,0,0,0,0,0,1,0,0,0,0,0,0,0,0,0,0,0,0,0,0,3,0,39.9182,-75.236, , 
28569,318436,2015083314,6,67,67301,2015,7,6,1420,14,1,1,0,1,1, , ,N,0,0,0,3,0,1,2,2,N,N,39 56:59.029,75 11:02.752,1710, ,1657, ,0, ,N, ,0, , , , , , , , , ,2,2,0,0,0,0,0,0,0,0,0,1,1,0,1,0,0,0,0,0,0,0,0,0,0,0,0,0,0,0,0,0,0,0,0,4,0,39.9497,-75.1841, , 
28570,318469,2015063908,6,67,67301,2015,6,4,2200,22,3,1,0,4,1, , ,N,1,3,0,3,0,0,4,3,N,N,40 00:05.127,75 09:05.620,2205, ,2200, ,0, , , ,3, , , , , , , , , ,3,3,0,0,0,0,0,0,0,0,0,0,0,0,1,0,0,0,1,0,0,0,0,0,0,0,0,0,0,0,0,0,0,0,0,9,0,40.0014,-75.1516, , 
28571,318473,2015068028,6,67,67301,2015,6,5,1805,18,1,1,0,1,1, , ,N,0,0,0,3,0,0,3,2,N,N,39 57:25.528,75 09:24.046,1817, ,1808, ,0, ,N, ,0, , , , , , , , , ,2,1,0,0,0,0,1,0,0,0,0,0,0,0,0,0,0,0,0,0,0,0,0,0,0,0,0,0,0,0,0,0,0,0,0,0,0,39.9571,-75.1567, , 
28572,318490,2015092053,6,67,67301,2015,8,5,9999,99,3,1,0,4,1, , ,N,1,2,0,3,0,0,2,2,N, ,40 03:23.345,75 02:47.046,9999, ,9999, ,0, , , ,3, , , , , , , , , ,2,0,0,0,0,1,1,0,0,0,0,0,0,0,0,0,0,0,0,0,1,0,0,0,0,0,0,0,0,0,0,0,0,0,0,0,1,40.0565,-75.0464, , 
28573,318515,2015070162,6,67,67301,2015,6,6,220,2,2,1,0,6,6, , ,N,0,0,0,3,0,0,1,3,N, ,39 54:55.251,75 09:34.182,222, ,222,1,2,4, , ,0,Y, , , , , , , , ,3,2,0,0,0,0,0,1,0,0,0,0,0,0,1,0,0,0,0,0,0,0,0,0,0,0,0,0,0,0,0,0,0,0,0,9,0,39.9153,-75.1595, , 
28574,318520,2015063839,6,67,67301,2015,5,5,1640,16,1,1,0,4,1, , ,N,1,3,0,3,0,3,3,2,N, ,39 58:46.506,75 14:27.387,1640, ,1646, ,0, , , ,3, , , , , , , , , ,2,2,0,0,0,0,0,0,0,0,0,0,3,3,0,0,0,0,0,0,1,0,0,0,0,0,0,0,0,0,0,0,0,0,0,8,0,39.9796,-75.2409, , 
28575,318527,2015073270,6,67,67301,2015,6,3,1844,18,1,2,1,1,1, , ,N,1,2,0,3,0,0,2,2,N, ,39 53:51.540,75 15:08.733,1853, ,1853,2,1,1, , ,3,N, , , , , , , , ,2,2,0,0,0,0,0,0,0,0,0,0,0,0,0,0,0,0,0,0,1,0,0,0,0,0,0,0,0,0,0,0,0,0,0,0,0,39.8974,-75.2522, , 
28576,321280,2015068753,6,67,67301,2015,6,6,2140,21,3,1,0,3,1, , ,N,1,3,0,3,0,0,2,9,N,N,40 07:06.031,75 02:09.653,2142, ,2142,3,2,6,N, ,3,Y, , , , , , , , ,9,3,0,0,1,0,3,2,0,0,0,0,0,0,1,0,0,0,1,0,0,0,0,0,0,0,0,0,0,0,0,0,0,0,0,9,0,40.1183,-75.036, , 
28577,321303,2015092963,6,67,67301,2015,8,7,1715,17,1,1,0,4,1, , ,N,1,3,0,3,0,4,5,2,N, ,39 56:18.492,75 13:45.343,1818, ,1806, ,0, , , ,3, , , , , , , , , ,2,2,0,0,0,0,0,0,0,0,0,3,4,1,1,0,0,1,0,1,0,0,0,0,0,0,0,0,0,0,0,0,0,0,0,4,0,39.9385,-75.2293, , 
28578,321322,2015070595,6,67,67301,2015,6,4,30,0,3,1,0,4,1, , ,N,1,3,0,3,0,1,2,2,N, ,39 55:53.446,75 10:34.823,1650, ,1642, ,0, , , ,3, , , , , , , , , ,1,0,0,0,0,0,1,0,1,0,0,0,1,1,1,0,0,0,0,0,1,0,0,0,0,0,0,0,0,0,0,0,0,0,0,8,0,39.9315,-75.1763, , 
28579,321324,2015073627,6,67,67301,2015,6,5,2000,20,3,2,1,8,1, , ,N,0,0,0,3,0,1,2,2,N,N,39 57:21.410,75 11:02.305,2140, ,2132, ,0, ,N, ,0, , , , , , , , , ,1,1,0,0,0,0,0,0,0,0,1,0,1,0,0,0,0,0,0,0,0,0,0,0,0,0,0,0,0,0,0,0,1,0,0,3,0,39.9559,-75.184, , 
28580,321327,2015075780,6,67,67301,2015,7,3,1659,16,1,1,0,2,1, , ,N,0,0,0,3,0,4,5,2,N, ,40 07:34.687,75 01:11.930,1708, ,1704, ,0, , , ,0, , , , , , , , , ,2,1,0,0,0,0,1,0,0,0,2,2,4,0,0,0,0,0,0,0,0,0,0,0,0,0,0,0,0,0,0,0,0,0,0,3,0,40.1263,-75.02, , 
28581,321328,2015075817,6,67,67301,2015,7,1,1308,13,1,1,0,4,1, , ,N,1,2,0,3,0,1,2,4,N,N,40 02:04.902,75 05:21.843,1438, ,1430, ,0, ,N, ,3, , , , , , , , , ,4,3,0,0,1,0,0,0,0,0,0,1,1,0,0,0,0,0,0,0,0,1,0,0,0,0,0,0,0,0,0,0,0,0,0,4,0,40.0347,-75.0894, , 
28582,321331,2015077831,6,67,67301,2015,7,7,121,1,3,1,0,1,1, , ,N,0,0,0,3,0,2,3,2,N,N,40 01:47.590,75 06:17.013,129, ,128, ,0, ,N, ,0, , , , , , , , , ,2,2,0,0,0,0,0,0,0,0,0,2,2,0,0,0,0,0,0,1,0,0,0,0,0,0,0,0,0,0,0,0,0,0,0,4,0,40.0299,-75.1047, , 
28583,321339,2015086210,6,67,67301,2015,7,3,1715,17,1,1,0,1,1, , ,N,0,0,0,3,0,2,5,3,N,N,39 56:30.698,75 12:42.824,1723, ,1717, ,0, , , ,0, , , , , , , , , ,3,3,0,0,0,0,0,0,0,0,0,2,2,0,0,0,0,0,0,0,1,0,0,0,0,0,0,0,0,0,0,0,0,0,0,4,0,39.9419,-75.2119, , 
28584,321341,2015088755,6,67,67301,2015,8,6,45,0,2,1,0,4,1, , ,N,1,3,0,3,0,0,6,2,N,N,40 01:40.105,75 10:33.790,130, ,58,9,1,3, , ,3,N, , , , , , , , ,2,2,0,0,0,0,0,0,0,0,0,0,0,0,0,0,0,0,0,0,0,0,0,0,0,0,0,0,0,0,0,0,0,0,0,0,0,40.0278,-75.1761, , 
28585,321362,2015070253,6,67,67301,2015,6,6,330,3,3,1,0,1,1,1,2,Y,0,8,0,3,0,0,2,2,N,N,39 57:03.283,75 10:58.522,347,45,333,3,2,4,N, ,3,N,Y,N,N,N,Y,N,N,N,2,1,0,0,1,0,0,0,0,0,0,0,0,0,0,0,0,0,0,0,0,0,0,0,0,0,0,0,0,0,0,0,0,0,0,0,1,39.9509,-75.1829, , 
28586,321363,2015070648,6,67,67301,2015,6,1,1010,10,1,1,0,4,1, , ,N,1,2,0,3,0,1,2,2,N, ,39 57:23.497,75 10:21.241,1025, ,1015, ,0, , , ,3, , , , , , , , , ,2,1,0,0,0,0,1,0,0,0,0,0,1,1,0,0,0,0,0,0,1,0,0,0,0,0,0,0,0,0,0,0,0,0,0,8,0,39.9565,-75.1726, , 
28587,321372,2015080275,6,67,67301,2015,7,7,1832,18,1,1,0,4,1, , ,N,2,2,0,3,0,1,2,2,N,N,39 57:19.310,75 11:13.723,1836, ,1834, ,0, ,N, ,3, , , , , , , , , ,2,0,1,0,1,0,0,0,0,0,0,1,1,0,0,0,0,0,0,1,0,0,0,0,0,0,0,0,0,0,0,0,0,0,0,4,0,39.9553,-75.1871, , 
28588,321383,2015109325,6,67,67301,2015,10,2,1620,16,1,1,0,8,1, , ,N,2,2,0,3,0,1,2,2,N,N,39 55:11.208,75 11:17.768,1631, ,1630,9,1,3, , ,3,N, , , , , , , , ,1,0,0,1,0,0,0,0,0,0,1,0,1,0,0,0,0,0,0,0,1,0,0,0,0,0,0,0,0,0,0,0,1,0,0,3,1,39.9198,-75.1883, , 
28589,321386,2015112156,6,67,67301,2015,9,7,1839,18,1,1,0,4,1, , ,N,1,3,0,3,0,1,2,2,N, ,40 02:32.251,75 04:07.849,1841, ,1840,9,2,2, , ,3,Y, , , , , , , , ,2,2,0,0,0,0,0,0,0,0,0,1,1,0,0,0,0,0,0,0,0,0,0,0,0,0,0,0,0,0,0,0,0,0,0,4,0,40.0423,-75.0688, , 
28590,321399,2015130028,6,67,67301,2015,11,5,2012,20,3,1,0,8,1, , ,N,1,3,0,3,0,1,3,2,N,N,39 55:27.858,75 10:46.253,2015, ,2012, ,0, ,N, ,3, , , , , , , , , ,1,1,0,0,0,0,0,0,0,0,0,1,1,0,0,0,0,0,0,0,0,0,0,0,0,0,0,0,0,0,0,0,1,0,0,4,0,39.9244,-75.1795, , 
28591,321400,2015130146,6,67,67301,2015,11,6,1605,16,1,1,0,5,6, , ,N,0,0,0,3,0,1,2,2,N,N,40 01:03.208,75 04:58.428,1615, ,1613, ,0, , , ,0, , , , , , , , , ,2,1,0,0,0,0,1,0,0,0,0,1,1,0,0,0,0,0,0,0,1,0,0,1,0,0,0,0,0,0,0,0,0,0,0,4,0,40.0176,-75.0829, , 
28592,321401,2015056501,6,67,67301,2015,5,5,1700,17,1,1,0,1,1, , ,N,2,2,0,3,0,0,2,2,N,N,40 02:40.953,75 03:40.501,1720, ,1718, ,0, ,N, ,3, , , , , , , , , ,2,1,0,0,1,0,0,0,0,0,0,0,0,0,0,0,0,0,0,0,0,0,0,0,0,0,0,0,0,0,0,0,0,0,0,0,0,40.0447,-75.0613, , 
28593,321414,2015073665,6,67,67301,2015,6,6,1620,16,1,1,0,4,1, , ,N,1,2,0,3,0,3,5,2,N,N,39 58:10.746,75 12:41.274,1635, ,1630,1,1,1,N, ,3,Y, , , , , , , , ,2,2,0,0,0,0,0,0,0,0,0,1,3,2,0,0,0,0,0,0,0,0,0,0,0,0,0,0,0,0,0,0,0,0,0,4,0,39.9697,-75.2115, , 
28594,312133,2015078548,6,67,67301,2015,7,6,1130,11,1,1,0,1,1, , ,N,1,2,0,3,0,1,5,2,N,N,39 58:43.230,75 09:28.092,1138, ,1135, ,0, ,N, ,3, , , , , , , , , ,2,1,0,0,0,0,0,1,0,0,0,0,1,1,0,0,0,0,0,0,0,0,0,0,0,0,0,0,0,0,0,0,0,0,0,8,0,39.9787,-75.1578, , 
28595,312138,2015085339,6,67,67301,2015,8,1,225,2,3,1,0,4,1, , ,N,1,2,0,3,0,1,6,2,N, ,39 56:42.529,75 09:00.115,228, ,228, ,0, , , ,3, , , , , , , , , ,2,2,0,0,0,0,0,0,0,0,0,1,1,0,1,0,0,0,0,0,0,0,0,0,0,0,0,0,0,0,0,0,0,0,0,4,0,39.9451,-75.15, , 