objectid_1,objectid,crn,district,county,municipality,crash_year,crash_month,day_of_week,time_of_day,hour_of_day,illumination,weather,road_condition,collision_type,relation_to_road,work_zone_type,work_zone_loc,work_zone_ind,intersect_type,tcd_type,location_type,urban_rural,fatal_count,injury_count,person_count,total_units,sch_bus_ind,sch_zone_ind,latitude,longitude,arrival_tm,cons_zone_spd_lim,dispatch_tm,est_hrs_closed,lane_closed,ln_close_dir,ntfy_hiwy_maint,spec_juris_cd,tcd_func_cd,tfc_detour_ind,workers_pres,wz_close_detour,wz_flagger,wz_law_offcr_ind,wz_ln_closure,wz_moving,wz_other,wz_shlder_mdn,vehicle_count,automobile_count,motorcycle_count,bus_count,small_truck_count,heavy_truck_count,suv_count,van_count,bicycle_count,maj_inj_count,mod_inj_count,min_inj_count,tot_inj_count,unk_inj_deg_count,unk_inj_per_count,driver_count_16yr,driver_count_17yr,driver_count_18yr,driver_count_19yr,driver_count_20yr,driver_count_50_64yr,driver_count_65_74yr,driver_count_75plus,unbelted_occ_count,unb_death_count,unb_maj_inj_count,belted_death_count,belted_maj_inj_count,mcycle_death_count,mcycle_maj_inj_count,bicycle_death_count,bicycle_maj_inj_count,ped_count,ped_death_count,ped_maj_inj_count,max_severity_level,comm_veh_count,dec_lat,dec_long,rdwy_surf_type_cd,county_name
28731,321971,2015115034,6,67,67301,2015,10,6,130,1,2,1,0,4,1, , ,N,2,2,0,3,0,1,1,3,N,N,40 02:16.072,75 08:33.799,139, ,137, ,0, ,N, ,3, , , , , , , , , ,3,3,0,0,0,0,0,0,0,0,0,0,1,1,0,0,0,0,0,0,1,0,0,0,0,0,0,0,0,0,0,0,0,0,0,8,0,40.0378,-75.1427, , 
28732,321974,2015118188,6,67,67301,2015,11,1,1319,13,1,1,0,1,1, , ,N,1,2,0,3,0,0,2,2,N, ,39 56:46.716,75 09:34.207,1324, ,1319, ,0, , , ,3, , , , , , , , , ,2,2,0,0,0,0,0,0,0,0,0,0,0,0,0,0,0,0,0,0,1,0,0,0,0,0,0,0,0,0,0,0,0,0,0,0,0,39.9463,-75.1595, , 
28733,322007,2015084004,6,67,67301,2015,8,4,1720,17,1,1,0,1,1, , ,N,0,0,0,3,0,0,2,2,N,N,40 02:58.529,74 59:43.727,1805, ,1720,2,1,2,N, ,0,N, , , , , , , , ,2,2,0,0,0,0,0,0,0,0,0,0,0,0,0,0,0,0,0,0,0,0,0,0,0,0,0,0,0,0,0,0,0,0,0,0,0,40.0496,-74.9955, , 
28734,322015,2015092075,6,67,67301,2015,8,7,1020,10,1,1,0,1,1, , ,N,6,4,2,3,0,1,2,2,N,N,40 06:17.782,74 59:35.978,1026, ,1026,1,1,3,N, ,3,N, , , , , , , , ,2,2,0,0,0,0,0,0,0,0,0,1,1,0,0,0,0,0,0,0,0,0,0,0,0,0,0,0,0,0,0,0,0,0,0,4,0,40.1063,-74.995, , 
28735,322016,2015095192,6,67,67301,2015,9,7,2225,22,3,1,0,4,1, , ,N,1,3,0,3,0,0,2,2,N,N,40 03:47.595,75 10:30.993,21, ,16, ,0, ,N, ,3, , , , , , , , , ,2,2,0,0,0,0,0,0,0,0,0,0,0,0,1,0,0,0,0,0,0,0,0,0,0,0,0,0,0,0,0,0,0,0,0,9,0,40.0632,-75.1753, , 
28736,322029,2015056437,6,67,67301,2015,5,4,1550,15,1,1,0,4,1, , ,N,0,0,0,3,0,1,2,2,N,N,39 56:19.730,75 13:57.731,1620, ,1614, ,0, ,N, ,0, , , , , , , , , ,1,0,0,0,0,0,1,0,1,0,0,0,1,1,0,0,0,0,0,0,0,0,0,0,0,0,0,0,0,0,0,0,0,0,0,8,0,39.9388,-75.2327, , 
28737,322031,2015056635,6,67,67301,2015,5,2,420,4,3,1,0,7,2, , ,N,0,0,0,3,0,0,1,1,N,N,39 56:12.579,75 11:57.340,433, ,422,1,2,3,N, ,0,N, , , , , , , , ,1,1,0,0,0,0,0,0,0,0,0,0,0,0,0,0,0,0,0,0,0,0,0,0,0,0,0,0,0,0,0,0,0,0,0,0,0,39.9368,-75.1993, , 
28738,322056,2015030568,6,67,67301,2015,2,4,1745,17,4,9,8,1,1, , ,N,0,0,0,3,0,1,3,2,N,N,40 01:46.824,75 03:21.244,1755, ,1755, ,0, ,N, ,0, , , , , , , , , ,2,2,0,0,0,0,0,0,0,0,0,0,1,1,1,0,0,0,0,0,0,0,0,0,0,0,0,0,0,0,0,0,0,0,0,8,0,40.0297,-75.0559, , 
28739,322083,2015070622,6,67,67301,2015,6,2,2315,23,3,1,0,4,1, , ,N,5,2,0,3,0,2,6,2,N,N,39 57:16.308,75 08:58.375,2332, ,2321,2,1,3, , ,3,N, , , , , , , , ,2,1,0,0,0,0,1,0,0,0,1,1,2,0,0,0,0,0,0,0,0,0,0,0,0,0,0,0,0,0,0,0,0,0,0,3,0,39.9547,-75.1495, , 
28740,322087,2015063215,6,67,67301,2015,6,3,1143,11,1,1,0,7,2, , ,N,0,0,0,3,0,2,2,2,N,N,40 03:19.339,74 59:03.499,1151, ,1144,2,2,1,N, ,0,Y, , , , , , , , ,2,1,0,0,0,0,1,0,0,1,0,0,2,1,0,0,0,0,0,0,1,0,0,1,0,1,0,0,0,0,0,0,0,0,0,2,0,40.0554,-74.9843, , 
28741,312523,2015086269,6,67,67301,2015,8,6,1037,10,1,1,0,4,1, , ,N,5,2,0,3,0,4,5,3,Y,N,40 02:29.396,75 09:30.118,1205, ,1156,2,1,5,N, ,3,Y, , , , , , , , ,3,2,0,1,0,0,0,0,0,0,0,4,4,0,0,0,0,0,0,0,2,0,0,0,0,0,0,0,0,0,0,0,0,0,0,4,1,40.0415,-75.1584, , 
28742,312530,2015092937,6,67,67301,2015,8,2,6,0,3,1,0,4,1, , ,N,1,2,0,3,0,0,3,2,N, ,39 58:01.120,75 09:37.224,9999, ,9999, ,0, , , ,3, , , , , , , , , ,2,1,0,0,0,0,1,0,0,0,0,0,0,0,0,0,0,0,0,1,0,0,0,0,0,0,0,0,0,0,0,0,0,0,0,0,0,39.967,-75.1603, , 
28743,312541,2015093522,6,67,67301,2015,8,6,1536,15,1,1,0,1,1, , ,N,0,0,0,3,0,0,3,2,N,N,39 54:11.183,75 09:01.840,1618, ,1546, ,0, ,N, ,0, , , , , , , , , ,2,1,0,0,0,0,1,0,0,0,0,0,0,0,0,0,0,0,0,0,0,0,0,0,0,0,0,0,0,0,0,0,0,0,0,0,0,39.9031,-75.1505, , 
28744,312542,2015097612,6,67,67301,2015,9,5,1251,12,1,2,1,5,1, , ,N,0,0,0,3,0,0,3,4,N,N,39 58:38.737,75 12:00.582,1328, ,1304, ,0, ,N, ,0, , , , , , , , , ,4,1,0,0,1,1,0,0,0,0,0,0,0,0,0,0,0,0,0,0,0,1,0,0,0,0,0,0,0,0,0,0,0,0,0,0,1,39.9774,-75.2002, , 
28745,312549,2015102875,6,67,67301,2015,9,3,1132,11,1,1,0,4,1, , ,N,1,3,0,3,0,0,2,2,N, ,40 00:47.779,75 06:31.294,1315, ,1251, ,0, , , ,3, , , , , , , , , ,2,1,0,0,0,0,1,0,0,0,0,0,0,0,0,0,0,0,0,0,0,0,0,0,0,0,0,0,0,0,0,0,0,0,0,0,0,40.0133,-75.1087, , 
28746,312616,2015117693,6,67,67301,2015,10,6,755,7,1,1,0,1,1, , ,N,2,2,0,3,0,1,2,2,N, ,39 59:54.554,75 09:12.498,902, ,859, ,0, , , ,3, , , , , , , , , ,2,0,1,0,1,0,0,0,0,0,0,0,1,1,1,0,0,0,0,0,1,0,0,0,0,0,0,0,0,0,0,0,0,0,0,8,0,39.9985,-75.1535, , 
28747,312632,2015065300,6,67,67301,2015,6,6,1701,17,1,1,0,1,1, , ,N,0,0,0,3,0,2,3,2,N,N,40 02:02.674,75 01:11.527,1742, ,1702, ,0, ,N, ,0, , , , , , , , , ,2,1,0,0,0,0,1,0,0,0,0,1,2,1,0,0,0,0,0,0,0,1,0,0,0,0,0,0,0,0,0,0,0,0,0,4,0,40.0341,-75.0199, , 
28748,312635,2015070158,6,67,67301,2015,6,7,1100,11,1,1,0,4,1, , ,N,1,2,0,3,0,0,2,2,N,N,39 57:36.054,75 09:55.036,1125, ,1120, ,0, ,N, ,3, , , , , , , , , ,2,2,0,0,0,0,0,0,0,0,0,0,0,0,0,0,0,0,0,0,0,0,0,1,0,0,0,0,0,0,0,0,0,0,0,0,0,39.96,-75.1653, , 
28749,312664,2015053967,6,67,67301,2015,5,7,1245,12,1,1,0,1,1, , ,N,0,0,0,3,0,1,4,2,N,N,39 55:26.260,75 14:13.521,1246, ,1246,2,1,1,N, ,0,N, , , , , , , , ,2,2,0,0,0,0,0,0,0,0,0,1,1,0,0,0,0,0,0,0,0,0,0,0,0,0,0,0,0,0,0,0,0,0,0,4,0,39.924,-75.2371, , 
28750,312666,2015054364,6,67,67301,2015,5,2,2057,20,3,1,0,1,1, , ,N,0,2,0,3,0,0,3,2,N, ,40 01:45.729,75 05:22.087,2104, ,2057,1,1,2, , ,3,N, , , , , , , , ,2,2,0,0,0,0,0,0,0,0,0,0,0,0,1,0,0,0,0,0,0,0,0,0,0,0,0,0,0,0,0,0,0,0,0,9,0,40.0294,-75.0895, , 
28751,312669,2015056420,6,67,67301,2015,5,5,727,7,1,1,0,8,1, , ,N,1,2,0,3,0,1,4,2,N,N,39 55:20.731,75 13:23.335,734, ,730, ,0, ,N, ,3, , , , , , , , , ,1,1,0,0,0,0,0,0,0,0,0,1,1,0,0,0,0,0,0,0,0,0,0,0,0,0,0,0,0,0,0,0,1,0,0,4,0,39.9224,-75.2232, , 
28752,312671,2015059122,6,67,67301,2015,5,6,1834,18,1,1,0,4,1, , ,N,1,2,0,3,0,0,2,2,N, ,39 58:14.012,75 08:59.857,1836, ,1835,1,1,3, , ,3,N, , , , , , , , ,2,2,0,0,0,0,0,0,0,0,0,0,0,0,0,0,0,0,0,0,0,0,0,0,0,0,0,0,0,0,0,0,0,0,0,0,0,39.9704,-75.15, , 
28753,312676,2015063980,6,67,67301,2015,5,2,1625,16,1,1,0,8,1, , ,N,0,0,0,3,0,1,2,2,N,N,39 59:24.051,75 08:33.725,1640, ,1635,1,1,2,N, ,0,N, , , , , , , , ,1,1,0,0,0,0,0,0,0,0,0,1,1,0,0,0,0,0,0,0,1,0,0,0,0,0,0,0,0,0,0,0,1,0,0,4,0,39.99,-75.1427, , 
28754,312684,2015069716,6,67,67301,2015,6,1,320,3,3,2,1,8,1, , ,N,1,2,0,3,0,1,2,2,N,N,40 02:20.299,75 09:00.122,330, ,325, ,0, ,N, ,3, , , , , , , , , ,1,0,0,0,0,0,0,1,0,0,1,0,1,0,0,0,0,0,0,0,0,0,0,0,0,0,0,0,0,0,0,0,1,0,0,3,0,40.039,-75.15, , 
28755,312685,2015078232,6,67,67301,2015,7,5,1731,17,1,1,0,8,1, , ,N,0,0,0,3,0,1,2,2,N, ,39 59:52.254,75 10:25.333,1733, ,1733,2,2,2, , ,0,Y, , , , , , , , ,1,0,0,0,0,0,1,0,0,0,0,1,1,0,0,0,0,0,0,0,1,0,0,0,0,0,0,0,0,0,0,0,1,0,0,4,0,39.9978,-75.1737, , 
28756,312707,2015092961,6,67,67301,2015,8,5,1620,16,1,9,1,0,1, , ,N,0,0,0,3,0,1,4,2,N,N,39 56:47.805,75 14:11.769,1105, ,1100, ,0, ,N, ,0, , , , , , , , , ,2,1,0,0,1,0,0,0,0,0,1,0,1,0,0,0,0,0,0,0,1,0,0,0,0,0,0,0,0,0,0,0,0,0,0,3,0,39.9466,-75.2366, , 
28757,312715,2015099112,6,67,67301,2015,9,1,13,0,3,1,0,1,1, , ,N,0,0,0,3,0,4,5,2,N,N,40 00:19.537,75 06:27.908,20, ,16, ,0, ,N, ,0, , , , , , , , , ,2,1,0,0,1,0,0,0,0,0,0,4,4,0,0,0,0,0,0,0,0,0,0,0,0,0,0,0,0,0,0,0,0,0,0,4,0,40.0054,-75.1078, , 
28758,312734,2015045415,6,67,67301,2015,4,7,1918,19,1,1,0,4,1, , ,N,1,3,0,3,0,0,7,2,N,N,40 00:29.314,75 09:40.503,1923, ,1921,9,1,4,N, ,3,N, , , , , , , , ,2,2,0,0,0,0,0,0,0,0,0,0,0,0,1,0,0,0,0,0,0,0,0,0,0,0,0,0,0,0,0,0,0,0,0,9,0,40.0081,-75.1613, , 
28759,312735,2015047566,6,67,67301,2015,4,1,200,2,3,1,0,8,1, , ,N,0,0,0,3,0,1,2,2,N, ,39 57:03.335,75 14:34.199,1636, ,1635, ,0, , , ,0, , , , , , , , , ,1,0,0,0,0,0,1,0,0,0,1,0,1,0,0,0,0,0,0,0,0,0,0,0,0,0,0,0,0,0,0,0,1,0,0,3,0,39.9509,-75.2428, , 
28760,315718,2015069729,6,67,67301,2015,6,2,430,4,5,1,0,2,6, , ,N,0,0,0,3,0,0,1,4,N, ,39 57:44.847,75 12:25.779,455, ,449, ,0, , , ,0, , , , , , , , , ,4,2,0,0,0,0,2,0,0,0,0,0,0,0,1,0,0,0,0,0,0,0,0,0,0,0,0,0,0,0,0,0,0,0,0,9,0,39.9625,-75.2072, , 
28761,315720,2015073729,6,67,67301,2015,6,2,735,7,1,1,0,4,1, , ,N,1,3,0,3,0,2,3,2,N, ,40 03:50.306,75 03:34.568,742, ,739,1,1,3, , ,3,Y, , , , , , , , ,2,0,0,0,0,0,2,0,0,0,0,0,2,2,0,0,0,0,0,0,0,1,0,0,0,0,0,0,0,0,0,0,0,0,0,8,0,40.064,-75.0596, , 
28762,315727,2015070633,6,67,67301,2015,6,5,836,8,1,2,1,7,4, , ,N,0,0,0,3,0,0,1,1,N,N,40 01:00.547,75 12:09.002,843, ,837,2,1,1,N, ,0,N, , , , , , , , ,1,1,0,0,0,0,0,0,0,0,0,0,0,0,0,0,0,0,0,0,0,0,0,0,0,0,0,0,0,0,0,0,0,0,0,0,0,40.0168,-75.2025, , 
28763,315733,2015074970,6,67,67301,2015,6,1,1334,13,1,1,0,1,1, , ,N,0,0,0,3,0,0,4,2,N,N,39 53:21.592,75 14:25.815,1400, ,1340, ,0, ,N, ,0, , , , , , , , , ,2,2,0,0,0,0,0,0,0,0,0,0,0,0,1,0,0,0,0,0,1,0,0,0,0,0,0,0,0,0,0,0,0,0,0,9,0,39.8893,-75.2405, , 
28764,315761,2015112075,6,67,67301,2015,10,3,650,6,1,1,0,7,4, , ,N,0,0,0,3,0,0,1,1,N,N,40 01:31.358,75 04:23.930,728, ,728, ,0, ,N, ,0, , , , , , , , , ,1,1,0,0,0,0,0,0,0,0,0,0,0,0,0,0,0,0,1,0,0,0,0,0,0,0,0,0,0,0,0,0,0,0,0,0,0,40.0254,-75.0733, , 
28765,315770,2015056958,6,67,67301,2015,5,1,1713,17,1,1,0,4,1, , ,N,5,2,0,3,0,1,7,2,N,N,39 57:43.083,75 12:00.429,1740, ,1737,2,2,6, , ,3,Y, , , , , , , , ,2,1,0,0,0,0,1,0,0,0,0,0,1,1,0,0,0,0,0,0,0,0,0,0,0,0,0,0,0,0,0,0,0,0,0,8,0,39.962,-75.2001, , 
28766,315786,2015070274,6,67,67301,2015,6,7,1700,17,1,2,1,7,2, , ,N,0,0,2,3,0,0,1,1,N,N,39 54:39.777,75 09:03.733,1710, ,1710, ,0, ,N, ,0, , , , , , , , , ,1,1,0,0,0,0,0,0,0,0,0,0,0,0,1,0,0,0,0,0,0,0,0,0,0,0,0,0,0,0,0,0,0,0,0,9,0,39.911,-75.151, , 
28767,315791,2015073656,6,67,67301,2015,6,5,553,5,1,2,1,2,6, , ,N,0,0,0,3,0,0,1,3,N,N,39 58:04.123,75 14:37.312,554, ,553, ,0, ,N, ,0, , , , , , , , , ,3,2,0,0,0,0,0,1,0,0,0,0,0,0,0,0,0,0,0,0,0,0,0,0,0,0,0,0,0,0,0,0,0,0,0,0,0,39.9678,-75.2437, , 
28768,315792,2015075662,6,67,67301,2015,7,4,2348,23,3,1,0,4,1, , ,N,1,3,0,3,0,2,3,2,N,N,40 02:04.164,75 02:53.357,2354, ,2351,3,2,3,N, ,3,N, , , , , , , , ,2,2,0,0,0,0,0,0,0,0,0,1,2,1,0,0,0,0,0,0,0,1,0,0,0,0,0,0,0,0,0,0,0,0,0,4,0,40.0345,-75.0482, , 
28769,315799,2015083627,6,67,67301,2015,7,6,945,9,1,1,0,1,1, , ,N,0,0,0,3,0,1,3,2,N,N,39 57:35.933,75 10:43.106,1010, ,1001, ,0, ,N, ,0, , , , , , , , , ,2,2,0,0,0,0,0,0,0,0,0,1,1,0,0,0,0,0,0,0,0,1,0,0,0,0,0,0,0,0,0,0,0,0,0,4,0,39.96,-75.1786, , 
28770,315802,2015087498,6,67,67301,2015,5,4,1445,14,1,1,0,4,1, , ,N,1,2,0,3,0,1,2,2,N,N,39 57:23.057,75 12:30.428,0, ,0, ,0, ,N, ,3, , , , , , , , , ,2,1,0,0,0,0,1,0,0,0,0,0,1,1,0,0,1,0,0,0,0,0,0,0,0,0,0,0,0,0,0,0,0,0,0,8,0,39.9564,-75.2085, , 
28771,315806,2015099119,6,67,67301,2015,9,2,1642,16,1,1,0,1,1, , ,N,0,2,0,3,0,1,4,3,N,N,40 00:23.198,75 05:20.432,1657, ,1653,2,1,1,N, ,3,N, , , , , , , , ,3,2,0,0,0,0,0,1,0,0,0,0,1,1,0,0,0,0,0,0,0,0,0,0,0,0,0,0,0,0,0,0,0,0,0,8,0,40.0064,-75.089, , 
28772,315810,2015103436,6,67,67301,2015,9,7,121,1,3,1,0,1,1, , ,N,0,0,0,3,0,2,3,2,N,N,40 01:24.327,75 08:01.736,123, ,121,9,2,1,N, ,0,Y, , , , , , , , ,2,1,0,0,0,0,1,0,0,1,0,1,2,0,0,0,0,0,0,0,0,0,0,1,0,1,0,0,0,0,0,0,0,0,0,2,0,40.0234,-75.1338, , 
28773,315824,2015070281,6,67,67301,2015,6,1,1851,18,1,1,0,1,1, , ,N,0,0,0,3,0,0,2,2,N,N,39 58:52.953,75 06:09.687,1900, ,1851,2,1,2,N, ,0,N, , , , , , , , ,2,1,1,0,0,0,0,0,0,0,0,0,0,0,0,0,0,0,0,0,0,0,0,0,0,0,0,0,0,0,0,0,0,0,0,0,0,39.9814,-75.1027, , 
28774,315826,2015071327,6,67,67301,2015,6,2,1645,16,1,1,0,4,1, , ,N,1,2,0,3,0,2,2,2,N,N,39 56:18.900,75 11:54.432,1909, ,1646,3,1,2,N, ,3,N, , , , , , , , ,2,2,0,0,0,0,0,0,0,0,0,1,2,1,0,0,0,0,0,0,0,0,0,0,0,0,0,0,0,0,0,0,0,0,0,4,0,39.9386,-75.1985, , 
28775,315832,2015073629,6,67,67301,2015,7,7,305,3,3,2,1,1,1, , ,N,0,0,7,3,0,2,4,3,N,N,40 06:40.204,75 01:27.311,310, ,306, ,0, ,N, ,0, , , , , , , , , ,3,1,0,0,1,0,0,1,0,0,0,2,2,0,0,0,0,0,1,0,0,0,0,2,0,0,0,0,0,0,0,0,0,0,0,4,0,40.1112,-75.0243, , 
28776,315855,2015099050,6,67,67301,2015,9,7,2344,23,3,1,0,4,1, , ,N,1,2,0,3,0,1,2,2,N,N,39 59:13.382,75 07:20.404,35, ,29, ,0, ,N, ,3, , , , , , , , , ,2,2,0,0,0,0,0,0,0,0,0,1,1,0,0,0,0,0,1,0,0,1,0,0,0,0,0,0,0,0,0,0,0,0,0,4,0,39.9871,-75.1223, , 
28777,315856,2015099099,6,67,67301,2015,9,2,1550,15,1,1,0,4,1, , ,N,1,2,0,3,0,0,2,2,N,N,40 07:24.878,75 00:55.666,1600, ,1554, ,0, ,N, ,3, , , , , , , , , ,2,0,0,0,1,0,1,0,0,0,0,0,0,0,0,0,0,0,0,0,1,0,0,0,0,0,0,0,0,0,0,0,0,0,0,0,0,40.1235,-75.0154, , 
28778,315862,2015064001,6,67,67301,2015,6,6,125,1,3,2,1,5,6, , ,N,0,0,0,3,0,0,2,4,N,N,39 55:21.671,75 11:05.828,125, ,125, ,0, ,N, ,0, , , , , , , , , ,4,3,0,0,0,0,1,0,0,0,0,0,0,0,0,0,0,0,0,0,0,0,0,0,0,0,0,0,0,0,0,0,0,0,0,0,0,39.9227,-75.185, , 
28779,318891,2015117631,6,67,67301,2015,10,2,1220,12,1,1,0,1,1, , ,N,2,2,0,3,0,1,3,2,N, ,40 04:59.680,75 01:34.265,1228, ,1220,1,1,1, , ,3,N, , , , , , , , ,2,1,0,0,0,0,1,0,0,0,1,0,1,0,0,0,0,0,0,0,0,0,0,0,0,0,0,0,0,0,0,0,0,0,0,3,0,40.0832,-75.0262, , 
28780,318929,2015047534,6,67,67301,2015,4,6,1336,13,1,2,1,1,1, , ,N,0,0,0,3,0,1,2,2,N,N,40 01:33.798,75 05:47.384,1541, ,1336,1,1,4,N, ,0,N, , , , , , , , ,2,1,0,0,1,0,0,0,0,0,0,1,1,0,0,0,0,0,0,0,0,0,0,0,0,0,0,0,0,0,0,0,0,0,0,4,0,40.0261,-75.0965, , 
28781,318940,2015061829,6,67,67301,2015,5,1,2138,21,3,1,0,1,1, , ,N,0,2,0,3,0,2,4,2,N, ,39 59:35.403,75 05:50.380,2149, ,2138, ,0, , , ,3, , , , , , , , , ,2,1,1,0,0,0,0,0,0,0,1,1,2,0,0,0,0,0,0,0,0,0,0,0,0,0,0,0,0,0,0,0,0,0,0,3,0,39.9932,-75.0973, , 
28782,318947,2015062999,6,67,67301,2015,5,1,1253,12,1,1,0,1,1, , ,N,0,0,0,3,0,0,4,2,Y,N,40 00:35.509,75 12:22.200,1315, ,1254, ,0, ,N, ,0, , , , , , , , , ,2,1,0,0,0,0,1,0,0,0,0,0,0,0,0,0,0,0,0,0,0,0,0,0,0,0,0,0,0,0,0,0,0,0,0,0,0,40.0099,-75.2062, , 
28783,318952,2015091057,6,67,67301,2015,8,4,1605,16,1,1,0,5,1, , ,N,0,0,0,3,0,1,3,2,N,N,39 55:22.171,75 11:14.560,1628, ,1620, ,0, ,N, ,0, , , , , , , , , ,1,1,0,0,0,0,0,0,1,0,0,1,1,0,0,0,0,0,0,0,0,0,0,0,0,0,0,0,0,0,0,0,0,0,0,4,0,39.9228,-75.1874, , 
28784,318954,2015092998,6,67,67301,2015,8,3,105,1,3,1,0,7,2, , ,N,0,0,0,3,0,0,1,1,N, ,40 00:58.360,75 10:32.348,130, ,106, ,0, , , ,0, , , , , , , , , ,1,0,0,0,0,0,0,1,0,0,0,0,0,0,0,0,0,0,0,0,0,0,0,0,0,0,0,0,0,0,0,0,0,0,0,0,0,40.0162,-75.1757, , 
28785,318964,2015103460,6,67,67301,2015,9,7,1922,19,1,1,0,2,6, , ,N,0,0,0,3,0,1,1,2,N, ,40 00:07.597,75 09:24.900,1923, ,1921, ,0, , , ,0, , , , , , , , , ,2,1,0,0,0,0,1,0,0,0,0,0,1,1,0,0,0,0,0,0,0,0,0,0,0,0,0,0,0,0,0,0,0,0,0,8,0,40.0021,-75.1569, , 
28786,318978,2015120210,6,67,67301,2015,11,6,1330,13,1,1,0,5,1, , ,N,0,0,0,3,0,0,2,2,N,N,39 57:28.643,75 10:49.257,1340, ,1334,3,1,3,N, ,0,N, , , , , , , , ,2,1,0,0,0,1,0,0,0,0,0,0,0,0,0,0,0,0,0,0,0,1,0,0,0,0,0,0,0,0,0,0,0,0,0,0,1,39.958,-75.1803, , 
28787,318999,2015070170,6,67,67301,2015,6,5,1520,15,1,1,0,1,6, , ,N,0,0,0,3,0,0,1,2,N,N,39 59:43.576,75 06:32.346,1532, ,1529, ,0, ,N, ,0, , , , , , , , , ,2,0,0,0,1,0,1,0,0,0,0,0,0,0,0,0,0,0,0,0,0,0,0,0,0,0,0,0,0,0,0,0,0,0,0,0,0,39.9954,-75.109, , 
28788,319006,2015078297,6,67,67301,2015,7,3,1806,18,1,1,0,4,1, , ,N,1,3,0,3,0,1,2,2,N, ,39 57:05.047,75 14:20.162,1830, ,1815, ,0, , , ,3, , , , , , , , , ,2,1,1,0,0,0,0,0,0,0,0,0,1,1,0,0,0,0,0,0,0,0,0,0,0,0,0,0,0,0,0,0,0,0,0,8,0,39.9514,-75.2389, , 
28789,319021,2015091066,6,67,67301,2015,8,2,1445,14,1,1,0,5,6, , ,N,0,0,0,3,0,0,2,3,N,N,39 56:36.456,75 10:56.755,1448, ,1448, ,0, ,N, ,0, , , , , , , , , ,3,3,0,0,0,0,0,0,0,0,0,0,0,0,0,0,0,0,0,0,0,0,0,2,0,0,0,0,0,0,0,0,0,0,0,0,0,39.9435,-75.1824, , 
28790,319031,2015109200,6,67,67301,2015,10,7,225,2,3,2,1,5,6, , ,N,0,0,0,3,0,0,2,3,N,N,40 01:39.734,75 06:34.599,227, ,225,3,1,1,N, ,0,N, , , , , , , , ,3,3,0,0,0,0,0,0,0,0,0,0,0,0,0,0,0,0,0,0,0,0,0,0,0,0,0,0,0,0,0,0,0,0,0,0,0,40.0277,-75.1096, , 
28791,319042,2015051502,6,67,67301,2015,4,3,1228,12,1,1,0,1,1, , ,N,1,2,0,3,0,2,3,2,N,N,39 59:07.172,75 08:10.230,1231, ,1228, ,0, ,N, ,3, , , , , , , , , ,2,1,0,0,0,0,1,0,0,0,0,0,2,2,0,0,0,0,0,0,1,0,0,0,0,0,0,0,0,0,0,0,0,0,0,8,0,39.9853,-75.1362, , 
28792,319052,2015073666,6,67,67301,2015,6,6,2255,22,3,2,1,4,1, , ,N,1,2,0,3,0,1,2,2,N,N,39 58:30.302,75 11:42.002,2327, ,2304, ,0, ,N, ,3, , , , , , , , , ,2,2,0,0,0,0,0,0,0,0,0,0,1,1,0,0,0,0,0,0,0,0,0,0,0,0,0,0,0,0,0,0,0,0,0,8,0,39.9751,-75.195, , 
28793,319054,2015074573,6,67,67301,2015,5,1,1245,12,1,1,0,4,1, , ,N,0,0,0,3,0,1,2,2,N,N,39 59:00.830,75 07:31.932,1255, ,1250, ,0, ,N, ,0, , , , , , , , , ,1,1,0,0,0,0,0,0,1,0,1,0,1,0,0,0,0,0,0,0,0,1,0,0,0,0,0,0,0,0,0,0,0,0,0,3,0,39.9836,-75.1255, , 
28794,319061,2015077821,6,67,67301,2015,7,4,1231,12,1,1,0,1,1, , ,N,0,0,0,3,0,6,8,4,N,N,40 03:43.676,75 09:46.618,1237, ,1234,3,2,3,N, ,0,Y, , , , , , , , ,4,3,0,0,0,0,1,0,0,0,0,0,6,6,2,0,0,0,0,0,0,1,0,1,0,0,0,0,0,0,0,0,0,0,0,8,0,40.0621,-75.1629, , 
28795,319065,2015084210,6,67,67301,2015,8,7,757,7,1,1,0,1,1,1,4,Y,0,0,0,3,0,0,4,2,N,N,39 57:45.003,75 08:22.791,823,45,757,2,2,2,N, ,0,N,N,N,N,N,N,N,N,Y,2,2,0,0,0,0,0,0,0,0,0,0,0,0,0,0,0,0,0,0,1,0,0,0,0,0,0,0,0,0,0,0,0,0,0,0,0,39.9625,-75.1397, , 
28796,319068,2015084325,6,67,67301,2015,1,7,300,3,3,1,1,1,1, , ,N,0,0,0,3,0,0,2,2,N,N,40 02:48.252,75 04:43.037,0, ,0, ,0, ,N, ,0, , , , , , , , , ,2,2,0,0,0,0,0,0,0,0,0,0,0,0,0,0,0,0,0,0,0,0,0,0,0,0,0,0,0,0,0,0,0,0,0,0,0,40.0467,-75.0786, , 
28797,319088,2015056562,6,67,67301,2015,5,1,2100,21,3,1,0,4,1, , ,N,1,2,0,3,0,0,6,2,N,N,39 56:45.884,75 10:36.321,2120, ,2115, ,0, ,N, ,3, , , , , , , , , ,2,1,0,0,0,0,0,1,0,0,0,0,0,0,0,0,0,0,0,0,0,0,1,0,0,0,0,0,0,0,0,0,0,0,0,0,0,39.9461,-75.1768, , 