objectid_1,objectid,crn,district,county,municipality,crash_year,crash_month,day_of_week,time_of_day,hour_of_day,illumination,weather,road_condition,collision_type,relation_to_road,work_zone_type,work_zone_loc,work_zone_ind,intersect_type,tcd_type,location_type,urban_rural,fatal_count,injury_count,person_count,total_units,sch_bus_ind,sch_zone_ind,latitude,longitude,arrival_tm,cons_zone_spd_lim,dispatch_tm,est_hrs_closed,lane_closed,ln_close_dir,ntfy_hiwy_maint,spec_juris_cd,tcd_func_cd,tfc_detour_ind,workers_pres,wz_close_detour,wz_flagger,wz_law_offcr_ind,wz_ln_closure,wz_moving,wz_other,wz_shlder_mdn,vehicle_count,automobile_count,motorcycle_count,bus_count,small_truck_count,heavy_truck_count,suv_count,van_count,bicycle_count,maj_inj_count,mod_inj_count,min_inj_count,tot_inj_count,unk_inj_deg_count,unk_inj_per_count,driver_count_16yr,driver_count_17yr,driver_count_18yr,driver_count_19yr,driver_count_20yr,driver_count_50_64yr,driver_count_65_74yr,driver_count_75plus,unbelted_occ_count,unb_death_count,unb_maj_inj_count,belted_death_count,belted_maj_inj_count,mcycle_death_count,mcycle_maj_inj_count,bicycle_death_count,bicycle_maj_inj_count,ped_count,ped_death_count,ped_maj_inj_count,max_severity_level,comm_veh_count,dec_lat,dec_long,rdwy_surf_type_cd,county_name
28798,323130,2015099080,6,67,67301,2015,8,7,1545,15,1,1,0,4,1, , ,N,1,0,0,3,0,0,2,2,N, ,39 55:24.305,75 10:51.541,1607, ,1605, ,0, , , ,0, , , , , , , , , ,2,2,0,0,0,0,0,0,0,0,0,0,0,0,0,0,0,0,0,0,1,0,0,0,0,0,0,0,0,0,0,0,0,0,0,0,0,39.9234,-75.181, , 
28799,323148,2015078274,6,67,67301,2015,7,3,1225,12,1,1,0,4,1, , ,N,1,2,0,3,0,2,4,2,N,N,40 02:50.643,75 04:40.796,1240, ,1229,2,2,5,N, ,3,N, , , , , , , , ,2,1,0,0,1,0,0,0,0,0,0,2,2,0,0,0,0,0,0,0,0,0,1,1,0,0,0,0,0,0,0,0,0,0,0,4,0,40.0474,-75.078, , 
28800,323157,2015087490,6,67,67301,2015,8,2,1258,12,1,1,0,7,5, , ,N,0,8,2,3,0,0,2,1,N,N,39 54:35.1,75 09:26.1,1303, ,1301, ,0, ,N, ,3, , , , , , , , , ,1,1,0,0,0,0,0,0,0,0,0,0,0,0,0,0,0,0,0,0,0,0,0,0,0,0,0,0,0,0,0,0,0,0,0,0,0,39.9098,-75.1573, , 
28801,323158,2015088659,6,67,67301,2015,8,7,2030,20,3,1,0,4,1, , ,N,1,2,0,3,0,3,4,2,N,N,39 57:54.692,75 09:39.112,2038, ,2031, ,0, ,N, ,3, , , , , , , , , ,2,2,0,0,0,0,0,0,0,0,0,3,3,0,0,0,0,0,1,0,0,0,0,0,0,0,0,0,0,0,0,0,0,0,0,4,0,39.9651,-75.1607, , 
28802,323201,2015024994,6,67,67301,2015,2,6,1527,15,1,1,0,4,1, , ,N,1,2,0,3,0,0,3,2,N,N,40 05:07.441,75 02:14.475,1604, ,1559, ,0, ,N, ,3, , , , , , , , , ,2,1,0,0,0,0,0,1,0,0,0,0,0,0,0,0,0,0,0,0,1,0,0,0,0,0,0,0,0,0,0,0,0,0,0,0,0,40.0854,-75.0374, , 
28803,323215,2015043267,6,67,67301,2015,2,6,1705,17,1,1,0,8,1, , ,N,1,2,0,3,0,1,2,2,N,N,40 01:23.700,75 04:36.637,1729, ,1705, ,0, ,N, ,3, , , , , , , , , ,1,1,0,0,0,0,0,0,0,0,0,0,1,1,0,0,0,0,0,0,0,0,0,0,0,0,0,0,0,0,0,0,1,0,0,8,0,40.0233,-75.0768, , 
28804,323217,2015049131,6,67,67301,2015,4,1,415,4,3,1,0,1,1, , ,N,0,0,0,3,0,0,4,2,N, ,39 59:09.701,75 05:12.949,442, ,441,2,1,4,N, ,0,Y, , , , , , , , ,2,1,0,0,0,0,1,0,0,0,0,0,0,0,0,0,0,0,0,0,0,0,0,0,0,0,0,0,0,0,0,0,0,0,0,0,0,39.986,-75.0869, , 
28805,323220,2015051624,6,67,67301,2015,4,2,844,8,1,2,1,7,2, , ,N,0,0,0,3,0,2,5,2,N,N,39 53:35.475,75 13:56.759,844, ,844, ,0, ,N, ,0, , , , , , , , , ,2,1,0,0,0,0,1,0,0,0,0,0,2,2,0,0,0,0,0,0,0,0,1,0,0,0,0,0,0,0,0,0,0,0,0,8,0,39.8932,-75.2324, , 
28806,323222,2015054795,6,67,67301,2015,5,5,1602,16,1,1,0,7,4, , ,N,0,0,0,3,0,1,1,1,N,N,39 55:33.365,75 11:38.528,1616, ,1602,1,2,4,N, ,0,N, , , , , , , , ,1,0,0,0,0,0,1,0,0,0,0,0,1,1,0,0,0,0,0,0,0,1,0,0,0,0,0,0,0,0,0,0,0,0,0,8,0,39.9259,-75.194, , 
28807,323228,2015059111,6,67,67301,2015,5,4,2235,22,3,1,0,1,1, , ,N,6,3,8,3,0,0,3,2,N,N,40 00:40.061,75 12:21.561,2255, ,2240, ,0, ,N, ,3, , , , , , , , , ,2,2,0,0,0,0,0,0,0,0,0,0,0,0,0,0,0,0,0,0,0,0,0,0,0,0,0,0,0,0,0,0,0,0,0,0,0,40.011,-75.2061, , 
28808,323237,2015066203,6,67,67301,2015,6,6,920,9,1,1,0,5,6, , ,N,0,0,0,3,0,2,2,2,N,N,40 03:27.817,75 05:08.108,923, ,921,3,2,5,N, ,0,N, , , , , , , , ,2,1,0,0,0,0,1,0,0,0,2,0,2,0,0,0,0,0,0,0,0,0,1,0,0,0,0,0,0,0,0,0,0,0,0,3,0,40.0577,-75.0856, , 
28809,323249,2015078625,6,67,67301,2015,7,7,1455,14,1,1,0,4,1, , ,N,1,2,0,3,0,1,2,2,N,N,39 57:01.634,75 11:33.356,1455, ,1455, ,0, ,N, ,3, , , , , , , , , ,1,1,0,0,0,0,0,0,1,0,0,1,1,0,0,0,0,0,0,0,0,0,0,0,0,0,0,0,0,0,0,0,0,0,0,4,0,39.9505,-75.1926, , 
28810,323271,2015101974,6,67,67301,2015,9,3,1859,18,4,1,0,4,1, , ,N,1,2,0,3,0,1,2,2,N, ,40 02:20.475,75 03:22.611,1905, ,1902, ,0, , , ,3, , , , , , , , , ,1,0,0,0,1,0,0,0,1,0,1,0,1,0,0,0,0,0,0,0,1,0,0,0,0,0,0,0,0,0,0,0,0,0,0,3,0,40.039,-75.0563, , 
28811,323282,2015056467,6,67,67301,2015,5,7,2125,21,3,1,0,1,1, , ,N,1,2,0,3,0,2,6,2,N,N,39 57:04.309,75 13:58.126,2129, ,2127, ,0, , , ,3, , , , , , , , , ,2,2,0,0,0,0,0,0,0,0,0,2,2,0,0,0,0,0,0,0,0,0,0,0,0,0,0,0,0,0,0,0,0,0,0,4,0,39.9512,-75.2328, , 
28812,323286,2015061900,6,67,67301,2015,5,5,2018,20,3,1,0,4,6, , ,N,1,3,0,3,0,0,1,4,N,N,39 56:15.594,75 10:24.211,2025, ,2022, ,0, ,N, ,3, , , , , , , , , ,4,2,0,0,1,0,0,1,0,0,0,0,0,0,1,0,0,0,0,0,0,0,0,0,0,0,0,0,0,0,0,0,0,0,0,9,0,39.9377,-75.1734, , 
28813,323297,2015069738,6,67,67301,2015,6,1,1430,14,1,1,0,4,1, , ,N,1,3,0,3,0,0,3,2,N, ,39 59:33.309,75 09:23.677,1450, ,1435, ,0, , , ,3, , , , , , , , , ,2,2,0,0,0,0,0,0,0,0,0,0,0,0,0,0,0,0,0,1,1,0,0,0,0,0,0,0,0,0,0,0,0,0,0,0,0,39.9926,-75.1566, , 
28814,323309,2015085341,6,67,67301,2015,8,3,1930,19,1,1,0,1,1, , ,N,0,0,0,3,0,1,2,2,N,N,39 57:30.938,75 08:31.038,1932, ,1930, ,0, ,N, ,0, , , , , , , , , ,2,1,1,0,0,0,0,0,0,0,0,1,1,0,0,0,0,0,0,0,0,0,0,0,0,0,0,0,0,0,0,0,0,0,0,4,0,39.9586,-75.142, , 
28815,323321,2015095674,6,67,67301,2015,8,2,2038,20,3,1,0,7,4, , ,N,0,0,0,3,0,1,1,1,N, ,40 03:57.445,74 59:13.552,2059, ,2051, ,0, , , ,0, , , , , , , , , ,1,0,0,0,0,0,1,0,0,1,0,0,1,0,0,0,0,0,0,0,1,0,0,0,0,0,0,1,0,0,0,0,0,0,0,2,0,40.066,-74.9871, , 
28816,312747,2015062740,6,67,67301,2015,5,6,2028,20,3,1,0,4,6, , ,N,1,2,0,3,0,0,3,3,N,N,39 59:44.224,75 10:03.233,2112, ,2059, ,0, ,N, ,3, , , , , , , , , ,3,2,0,0,0,0,1,0,0,0,0,0,0,0,0,0,0,0,0,0,1,0,0,0,0,0,0,0,0,0,0,0,0,0,0,0,0,39.9956,-75.1675, , 
28817,312753,2015072867,6,67,67301,2015,6,7,110,1,3,1,0,5,1, , ,N,2,2,0,3,0,0,2,2,N,N,39 57:00.419,75 14:57.778,120, ,115, ,0, ,N, ,3, , , , , , , , , ,2,2,0,0,0,0,0,0,0,0,0,0,0,0,2,0,0,0,1,0,0,0,0,0,0,0,0,0,0,0,0,0,0,0,0,9,0,39.9501,-75.2494, , 
28818,312764,2015088734,6,67,67301,2015,8,5,1711,17,1,1,0,1,1, , ,N,1,2,0,3,0,1,2,2,N,N,40 02:04.567,75 04:16.161,1713, ,1711, ,0, ,N, ,3, , , , , , , , , ,2,1,0,0,0,0,1,0,0,0,0,1,1,0,0,0,0,0,0,0,1,0,0,0,0,0,0,0,0,0,0,0,0,0,0,4,0,40.0346,-75.0712, , 
28819,312773,2015095152,6,67,67301,2015,9,1,2020,20,3,1,0,1,1, , ,N,0,0,0,3,0,1,2,2,N, ,40 04:08.344,75 09:24.852,2030, ,2026, ,0, , , ,0, , , , , , , , , ,1,1,0,0,0,0,0,0,1,0,0,1,1,0,0,0,0,0,0,0,0,0,0,0,0,0,0,0,0,0,0,0,0,0,0,4,0,40.069,-75.1569, , 
28820,312799,2015073241,6,67,67301,2015,6,5,2022,20,3,2,1,8,1, , ,N,1,2,0,3,0,1,2,2,N, ,39 57:02.548,75 13:43.906,2027, ,2023, ,0, , , ,3, , , , , , , , , ,1,0,0,0,0,0,0,1,0,0,0,0,1,1,0,0,0,0,0,0,0,0,0,0,0,0,0,0,0,0,0,0,1,0,0,8,0,39.9507,-75.2289, , 
28821,312803,2015078293,6,67,67301,2015,6,2,2040,20,4,1,0,5,6, , ,N,0,0,0,3,0,1,2,2,N, ,39 59:57.597,75 06:39.103,2047, ,2043, ,0, , , ,0, , , , , , , , , ,2,1,0,0,1,0,0,0,0,0,0,0,1,1,0,0,0,0,0,0,0,0,0,0,0,0,0,0,0,0,0,0,0,0,0,8,0,39.9993,-75.1109, , 
28822,312822,2015093010,6,67,67301,2015,8,3,1205,12,1,1,0,4,1, , ,N,0,0,7,3,0,1,3,2,N,N,40 05:42.944,75 00:57.458,1215, ,1213,1,2,3,N, ,0,N, , , , , , , , ,2,1,0,0,0,0,1,0,0,0,0,1,1,0,1,0,0,0,0,1,0,0,0,0,0,0,0,0,0,0,0,0,0,0,0,4,0,40.0953,-75.016, , 
28823,312834,2015061786,6,67,67301,2015,5,2,1240,12,1,1,0,4,1, , ,N,1,2,0,3,0,1,2,2,N, ,40 01:58.486,75 05:11.194,1252, ,1248, ,0, , , ,3, , , , , , , , , ,2,0,0,0,0,0,2,0,0,0,1,0,1,0,0,0,0,0,0,0,2,0,0,0,0,0,0,0,0,0,0,0,0,0,0,3,0,40.0329,-75.0864, , 
28824,312846,2015069697,6,67,67301,2015,6,5,2140,21,3,1,0,4,1, , ,N,5,2,0,3,0,2,2,2,N,N,40 06:50.926,74 59:15.880,2152, ,2142,1,1,2,N, ,3,N, , , , , , , , ,2,2,0,0,0,0,0,0,0,0,0,0,2,2,0,0,0,0,0,0,1,0,0,0,0,0,0,0,0,0,0,0,0,0,0,8,0,40.1141,-74.9877, , 
28825,312851,2015072860,6,67,67301,2015,6,5,1552,15,1,1,0,6,1, , ,N,1,1,0,3,0,2,2,2,N,N,39 57:09.211,75 11:24.156,1552, ,1552,1,1,4,N, ,3,N, , , , , , , , ,1,0,1,0,0,0,0,0,1,0,1,1,2,0,0,0,0,1,0,0,0,0,0,0,0,0,0,0,0,0,0,0,0,0,0,3,0,39.9526,-75.19, , 
28826,312852,2015074569,6,67,67301,2015,6,4,1139,11,1,1,0,1,1, , ,N,1,2,0,3,0,1,6,2,N, ,39 56:53.881,75 09:20.963,1157, ,1154, ,0, , , ,3, , , , , , , , , ,2,0,0,0,0,0,1,1,0,0,0,1,1,0,0,0,0,0,0,0,1,0,0,0,0,0,0,0,0,0,0,0,0,0,0,4,0,39.9483,-75.1558, , 
28827,312857,2015078220,6,67,67301,2015,7,6,1834,18,1,1,0,4,1, , ,N,0,0,0,3,0,1,2,2,N, ,40 01:45.442,75 12:21.628,1838, ,1835,1,1,1,N, ,0,Y, , , , , , , , ,2,1,0,0,0,0,1,0,0,0,0,0,1,1,0,0,0,0,0,0,1,0,0,0,0,0,0,0,0,0,0,0,0,0,0,8,0,40.0293,-75.206, , 
28828,312860,2015081068,6,67,67301,2015,7,6,1815,18,1,1,0,1,1, , ,N,3,3,0,3,0,1,5,2,N, ,39 59:43.566,75 09:27.349,1827, ,1824, ,0, , , ,3, , , , , , , , , ,2,2,0,0,0,0,0,0,0,0,0,1,1,0,0,0,0,0,0,0,1,0,0,0,0,0,0,0,0,0,0,0,0,0,0,4,0,39.9954,-75.1576, , 
28829,312863,2015084396,6,67,67301,2015,8,3,1830,18,1,1,0,1,1, , ,N,1,2,0,3,0,1,6,2,N,N,39 55:27.728,75 10:10.600,1855, ,1847, ,0, ,N, ,3, , , , , , , , , ,2,0,0,0,0,0,1,1,0,0,0,1,1,0,0,0,0,0,0,0,0,0,0,0,0,0,0,0,0,0,0,0,0,0,0,4,0,39.9244,-75.1696, , 
28830,312867,2015086261,6,67,67301,2015,7,6,1458,14,1,1,0,8,1, , ,N,0,0,0,3,0,1,2,2,N,N,39 56:25.746,75 10:11.008,1605, ,1500, ,0, ,N, ,0, , , , , , , , , ,1,1,0,0,0,0,0,0,0,0,1,0,1,0,0,0,0,0,0,0,0,0,0,0,0,0,0,0,0,0,0,0,1,0,0,3,0,39.9405,-75.1697, , 
28831,312871,2015054387,6,67,67301,2015,5,1,2010,20,3,1,0,4,1, , ,N,1,3,0,3,0,2,4,2,N, ,39 56:56.158,75 14:22.009,2043, ,2039, ,0, , , ,3, , , , , , , , , ,2,1,0,0,0,0,1,0,0,0,0,2,2,0,0,0,0,0,0,1,0,1,0,0,0,0,0,0,0,0,0,0,0,0,0,4,0,39.9489,-75.2394, , 
28832,312890,2015073212,6,67,67301,2015,7,6,1304,13,1,1,0,4,1, , ,N,1,2,0,3,0,1,3,2,N,N,39 54:42.724,75 10:21.917,1307, ,1306,1,1,2,N, ,3,N, , , , , , , , ,2,1,0,0,0,0,1,0,0,0,0,1,1,0,0,0,0,0,0,0,1,0,0,0,0,0,0,0,0,0,0,0,0,0,0,4,0,39.9119,-75.1728, , 
28833,312903,2015092983,6,67,67301,2015,8,5,1417,14,1,1,0,4,1, , ,N,1,2,0,3,0,1,3,2,N, ,39 57:24.631,75 10:03.320,1425, ,1417, ,0, , , ,3, , , , , , , , , ,2,1,0,0,0,0,1,0,0,0,0,0,1,1,0,0,0,0,0,0,0,0,0,0,0,0,0,0,0,0,0,0,0,0,0,8,0,39.9568,-75.1676, , 
28834,315863,2015066327,6,67,67301,2015,6,1,1835,18,1,1,0,7,4, , ,N,0,0,0,3,0,2,2,1,N,N,40 05:25.699,75 00:36.450,1847, ,1840,2,2,7,N, ,0,Y, , , , , , , , ,1,1,0,0,0,0,0,0,0,0,0,0,2,2,0,0,0,0,0,0,0,0,0,0,0,0,0,0,0,0,0,0,0,0,0,8,0,40.0905,-75.0101, , 
28835,315871,2015066309,6,67,67301,2015,6,1,1200,12,1,1,0,4,1, , ,N,1,3,0,3,0,1,2,2,N, ,39 56:00.805,75 10:33.189,2150, ,2140, ,0, , , ,3, , , , , , , , , ,1,0,0,0,0,0,1,0,1,0,0,1,1,0,0,0,0,0,0,0,0,1,0,0,0,0,0,0,0,0,0,0,0,0,0,4,0,39.9336,-75.1759, , 
28836,315880,2015078236,6,67,67301,2015,7,5,1703,17,1,1,0,4,1, , ,N,5,2,0,3,0,2,3,2,N,N,40 00:21.613,75 05:30.664,1714, ,1709,3,1,5,N, ,3,Y, , , , , , , , ,2,1,0,0,0,0,1,0,0,0,0,2,2,0,0,0,0,0,0,0,1,0,0,0,0,0,0,0,0,0,0,0,0,0,0,4,0,40.006,-75.0919, , 
28837,315911,2015074955,6,67,67301,2015,5,1,414,4,3,1,0,7,3, , ,N,2,3,0,3,0,0,1,1,N,N,40 01:04.790,75 10:21.860,414, ,414,1,1,1,N, ,3,N, , , , , , , , ,1,1,0,0,0,0,0,0,0,0,0,0,0,0,0,0,0,0,0,0,0,0,0,0,0,0,0,0,0,0,0,0,0,0,0,0,0,40.018,-75.1727, , 
28838,315918,2015058160,6,67,67301,2015,4,6,147,1,3,2,1,7,2, , ,N,7,0,0,3,0,1,2,1,N,N,39 53:35.717,75 13:42.269,205, ,148, ,0, ,N, ,0, , , , , , , , , ,1,1,0,0,0,0,0,0,0,0,0,1,1,0,0,0,0,0,0,0,0,0,0,0,0,0,0,0,0,0,0,0,0,0,0,4,0,39.8933,-75.2284, , 
28839,315928,2015070132,6,67,67301,2015,6,6,1125,11,1,1,0,8,1, , ,N,1,3,0,3,0,1,2,2,N,N,39 59:23.218,75 08:48.397,1135, ,1130, ,0, ,N, ,3, , , , , , , , , ,1,0,0,0,1,0,0,0,0,0,0,0,1,1,0,0,0,0,0,0,0,0,0,0,0,0,0,0,0,0,0,0,1,0,0,8,0,39.9898,-75.1468, , 
28840,315946,2015088795,6,67,67301,2015,8,3,937,9,1,2,1,4,1, , ,N,3,0,0,3,0,1,2,2,N,N,40 03:01.529,75 11:04.469,955, ,938, ,0, ,N, ,0, , , , , , , , , ,2,1,0,0,0,0,1,0,0,0,0,0,1,1,0,0,0,0,0,0,0,0,1,2,0,0,0,0,0,0,0,0,0,0,0,8,0,40.0504,-75.1846, , 
28841,315966,2015061888,6,67,67301,2015,5,4,750,7,1,1,0,1,6, , ,N,0,0,0,3,0,0,2,3,N, ,39 56:48.550,75 14:53.106,807, ,807, ,0, , , ,0, , , , , , , , , ,3,2,0,0,0,0,1,0,0,0,0,0,0,0,0,0,0,0,0,0,0,0,0,0,0,0,0,0,0,0,0,0,0,0,0,0,0,39.9468,-75.2481, , 
28842,315968,2015070186,6,67,67301,2015,6,7,1756,17,1,1,0,4,1, , ,N,1,2,0,3,0,1,9,2,N, ,39 55:26.156,75 13:19.597,1759, ,1756, ,0, , , ,3, , , , , , , , , ,2,1,0,0,0,0,0,1,0,0,0,0,1,1,0,0,0,0,0,0,0,0,0,0,0,0,0,0,0,0,0,0,0,0,0,8,0,39.9239,-75.2221, , 
28843,315983,2015091126,6,67,67301,2015,8,3,240,2,3,1,0,1,1, , ,N,0,0,0,3,0,1,2,2,N,N,39 56:52.722,75 09:52.127,244, ,244, ,0, ,N, ,0, , , , , , , , , ,2,2,0,0,0,0,0,0,0,0,0,1,1,0,0,0,0,0,0,0,0,0,0,0,0,0,0,0,0,0,0,0,0,0,0,4,0,39.948,-75.1645, , 
28844,315984,2015092452,6,67,67301,2015,8,3,2250,22,3,1,0,4,1, , ,N,1,3,0,3,0,1,3,3,N,N,39 57:32.616,75 12:12.967,2310, ,2250,2,2,6,N, ,3,Y, , , , , , , , ,3,2,0,0,0,0,1,0,0,0,0,0,1,1,0,0,1,0,0,0,0,0,0,0,0,0,0,0,0,0,0,0,0,0,0,8,0,39.9591,-75.2036, , 
28845,315985,2015092924,6,67,67301,2015,8,4,1022,10,1,1,0,7,4, , ,N,1,2,0,3,0,2,2,3,N,N,39 55:20.053,75 13:49.322,1025, ,1025,1,1,2,N, ,3,N, , , , , , , , ,1,1,0,0,0,0,0,0,0,0,0,2,2,0,0,0,0,0,0,0,0,0,0,0,0,0,0,0,0,0,0,0,1,0,0,4,0,39.9222,-75.2303, , 
28846,315986,2015093532,6,67,67301,2015,8,2,1716,17,1,1,0,1,1, , ,N,6,0,2,3,0,0,3,3,N,N,40 01:30.017,75 01:45.153,1734, ,1716, ,0, ,N, ,0, , , , , , , , , ,3,0,0,0,0,0,2,1,0,0,0,0,0,0,0,0,0,0,0,0,1,0,0,0,0,0,0,0,0,0,0,0,0,0,0,0,0,40.025,-75.0292, , 
28847,315997,2015103451,6,67,67301,2015,9,1,1716,17,1,1,0,5,6, , ,N,0,0,0,3,0,0,1,5,N,N,39 59:49.481,75 07:05.757,1719, ,1717,3,1,4,N, ,0,N, , , , , , , , ,5,4,0,0,0,0,0,1,0,0,0,0,0,0,0,0,0,0,0,0,0,0,0,1,0,0,0,0,0,0,0,0,0,0,0,0,0,39.9971,-75.1183, , 
28848,316021,2015068039,6,67,67301,2015,6,5,540,5,5,2,7,4,1, , ,N,0,0,0,3,0,0,2,2,N,N,40 02:12.987,75 00:48.790,606, ,544,1,2,1,N, ,0,N, , , , , , , , ,2,1,0,0,0,0,1,0,0,0,0,0,0,0,0,0,0,0,0,0,0,0,0,0,0,0,0,0,0,0,0,0,0,0,0,0,0,40.0369,-75.0136, , 
28849,316024,2015070184,6,67,67301,2015,6,1,1210,12,1,1,0,7,4, , ,N,1,3,0,3,0,0,1,1,N,N,39 55:15.888,75 09:13.381,1217, ,1215,4,2,7,N, ,3,Y, , , , , , , , ,1,0,0,0,0,0,0,1,0,0,0,0,0,0,0,0,0,0,0,0,0,0,0,0,0,0,0,0,0,0,0,0,0,0,0,0,0,39.9211,-75.1537, , 
28850,316029,2015072880,6,67,67301,2015,6,5,1834,18,1,2,1,8,1, , ,N,1,0,0,3,0,1,2,2,N,N,39 55:32.066,75 14:30.271,1845, ,1836, ,0, ,N, ,0, , , , , , , , , ,1,1,0,0,0,0,0,0,0,0,0,0,1,1,0,0,0,0,0,0,0,0,0,0,0,0,0,0,0,0,0,0,1,0,0,8,0,39.9256,-75.2417, , 
28851,316031,2015075820,6,67,67301,2015,7,2,845,8,1,1,0,4,1, , ,N,1,2,0,3,0,1,2,2,N,N,39 55:05.839,75 12:32.264,900, ,845, ,0, , , ,3, , , , , , , , , ,2,1,0,0,0,0,1,0,0,0,0,1,1,0,0,0,0,0,0,0,0,0,0,0,0,0,0,0,0,0,0,0,0,0,0,4,0,39.9182,-75.2088, , 
28852,319089,2015056676,6,67,67301,2015,5,6,443,4,3,1,0,7,2, , ,N,0,0,0,3,0,1,3,1,N,N,39 55:09.363,75 08:53.164,453, ,444, ,0, ,N, ,0, , , , , , , , , ,1,0,0,0,1,0,0,0,0,0,0,1,1,0,0,0,0,0,0,0,0,0,0,0,0,0,0,0,0,0,0,0,0,0,0,4,0,39.9193,-75.1481, , 
28853,319095,2015060219,6,67,67301,2015,5,4,1725,17,1,1,0,4,1, , ,N,1,3,0,3,0,1,4,2,N,N,40 06:57.621,75 01:45.112,1745, ,1739, ,0, ,N, ,3, , , , , , , , , ,1,0,0,0,0,0,1,0,1,0,0,0,1,1,0,0,0,0,0,0,0,0,0,0,0,0,0,0,0,0,0,0,0,0,0,8,0,40.116,-75.0292, , 
28854,319102,2015015660,6,67,67301,2015,1,4,1723,17,3,4,3,8,1, , ,N,1,2,0,3,0,1,2,2,N,N,39 57:24.012,75 11:52.849,1726, ,1723, ,0, ,N, ,3, , , , , , , , , ,1,1,0,0,0,0,0,0,0,0,0,1,1,0,0,0,0,0,0,0,0,0,0,0,0,0,0,0,0,0,0,0,1,0,0,4,0,39.9566,-75.198, , 
28855,319109,2015020761,6,67,67301,2015,1,6,2304,23,3,1,0,4,1, , ,N,1,2,0,3,0,1,2,2,N,N,39 57:26.251,75 14:52.347,2355, ,2349, ,0, ,N, ,3, , , , , , , , , ,2,1,0,0,0,0,0,1,0,0,1,0,1,0,1,0,0,0,0,0,0,0,0,0,0,0,0,0,0,0,0,0,0,0,0,3,0,39.9573,-75.2479, , 
28856,319110,2015020765,6,67,67301,2015,2,4,9999,99,3,1,0,1,6, , ,N,0,0,0,3,0,0,1,2,N, ,40 00:06.249,75 08:17.151,1925, ,1914, ,0, , , ,0, , , , , , , , , ,2,1,0,0,0,0,1,0,0,0,0,0,0,0,1,0,0,0,0,0,0,0,0,1,0,0,0,0,0,0,0,0,0,0,0,9,0,40.0017,-75.1381, , 
28857,319112,2015025080,6,67,67301,2015,2,2,1520,15,1,1,1,8,1, , ,N,0,0,0,3,0,1,4,2,N, ,40 02:42.702,75 03:58.287,1526, ,1526, ,0, , , ,0, , , , , , , , , ,1,0,0,0,0,0,0,1,0,0,0,0,1,1,0,0,0,0,0,0,0,0,0,0,0,0,0,0,0,0,0,0,1,0,0,8,0,40.0452,-75.0662, , 
28858,319113,2015025139,6,67,67301,2015,2,5,9999,99,4,1,0,8,1, , ,N,0,0,0,3,0,1,2,2,N,N,39 57:44.279,75 14:26.677,445, ,439, ,0, ,N, ,0, , , , , , , , , ,1,1,0,0,0,0,0,0,0,0,0,1,1,0,0,0,0,0,0,0,1,0,0,0,0,0,0,0,0,0,0,0,1,0,0,4,0,39.9623,-75.2407, , 
28859,319120,2015033327,6,67,67301,2015,2,4,4,0,3,1,0,1,1, , ,N,2,2,2,3,0,0,2,2,N,N,39 56:29.650,75 08:32.556,18, ,7, ,0, ,N, ,3, , , , , , , , , ,2,1,0,0,0,0,1,0,0,0,0,0,0,0,0,0,0,0,0,0,0,0,0,1,0,0,0,0,0,0,0,0,0,0,0,0,0,39.9416,-75.1421, , 
28860,319129,2015042768,6,67,67301,2015,4,1,1400,14,1,1,0,4,1, , ,N,1,0,0,3,0,1,3,2,N,N,39 57:26.251,75 14:52.347,1555, ,1550, ,0, ,N, ,0, , , , , , , , , ,1,1,0,0,0,0,0,0,1,0,0,1,1,0,0,0,0,0,0,0,0,0,0,0,0,0,0,0,0,0,0,0,0,0,0,4,0,39.9573,-75.2479, , 
28861,319142,2015063887,6,67,67301,2015,6,6,1333,13,1,1,0,4,1, , ,N,1,2,0,3,0,0,2,4,N, ,39 58:51.085,75 09:44.603,1350, ,1345, ,0, , , ,3, , , , , , , , , ,4,1,0,0,1,0,2,0,0,0,0,0,0,0,0,0,0,0,0,0,0,0,0,1,0,0,0,0,0,0,0,0,0,0,0,0,0,39.9809,-75.1624, , 
28862,319150,2015070137,6,67,67301,2015,6,6,1950,19,1,1,0,1,1, , ,N,1,2,0,3,0,1,2,4,N,N,39 59:47.207,75 10:26.289,1950, ,1950,2,2,6,N, ,3,Y, , , , , , , , ,4,2,0,0,0,0,2,0,0,0,0,0,1,1,0,0,0,0,0,0,0,0,0,0,0,0,0,0,0,0,0,0,0,0,0,8,0,39.9964,-75.174, , 
28863,319154,2015073647,6,67,67301,2015,6,7,128,1,3,1,0,4,1, , ,N,1,2,0,3,0,4,6,2,N,N,40 01:47.658,75 08:45.592,128, ,128,2,2,2,N, ,3,N, , , , , , , , ,2,1,0,0,0,0,1,0,0,0,0,4,4,0,0,0,0,0,0,0,0,0,0,0,0,0,0,0,0,0,0,0,0,0,0,4,0,40.0299,-75.146, , 
28864,319155,2015073709,6,67,67301,2015,6,7,2031,20,2,2,1,4,1, , ,N,0,0,7,3,0,3,4,2,N, ,39 56:40.958,75 14:19.811,2121, ,2117,2,1,1, , ,0,N, , , , , , , , ,2,2,0,0,0,0,0,0,0,0,0,1,3,2,0,0,0,0,0,0,0,0,0,0,0,0,0,0,0,0,0,0,0,0,0,4,0,39.9447,-75.2388, , 
28865,319180,2015095797,6,67,67301,2015,9,4,2300,23,3,1,0,4,1, , ,N,2,2,0,3,0,0,2,2,N,N,39 58:57.511,75 11:18.156,0, ,9999, ,0, , , ,3, , , , , , , , , ,2,2,0,0,0,0,0,0,0,0,0,0,0,0,0,0,0,0,1,0,0,0,0,0,0,0,0,0,0,0,0,0,0,0,0,0,0,39.9828,-75.1883, , 