objectid_1,objectid,crn,district,county,municipality,crash_year,crash_month,day_of_week,time_of_day,hour_of_day,illumination,weather,road_condition,collision_type,relation_to_road,work_zone_type,work_zone_loc,work_zone_ind,intersect_type,tcd_type,location_type,urban_rural,fatal_count,injury_count,person_count,total_units,sch_bus_ind,sch_zone_ind,latitude,longitude,arrival_tm,cons_zone_spd_lim,dispatch_tm,est_hrs_closed,lane_closed,ln_close_dir,ntfy_hiwy_maint,spec_juris_cd,tcd_func_cd,tfc_detour_ind,workers_pres,wz_close_detour,wz_flagger,wz_law_offcr_ind,wz_ln_closure,wz_moving,wz_other,wz_shlder_mdn,vehicle_count,automobile_count,motorcycle_count,bus_count,small_truck_count,heavy_truck_count,suv_count,van_count,bicycle_count,maj_inj_count,mod_inj_count,min_inj_count,tot_inj_count,unk_inj_deg_count,unk_inj_per_count,driver_count_16yr,driver_count_17yr,driver_count_18yr,driver_count_19yr,driver_count_20yr,driver_count_50_64yr,driver_count_65_74yr,driver_count_75plus,unbelted_occ_count,unb_death_count,unb_maj_inj_count,belted_death_count,belted_maj_inj_count,mcycle_death_count,mcycle_maj_inj_count,bicycle_death_count,bicycle_maj_inj_count,ped_count,ped_death_count,ped_maj_inj_count,max_severity_level,comm_veh_count,dec_lat,dec_long,rdwy_surf_type_cd,county_name
28866,319190,2015056938,6,67,67301,2015,5,6,1345,13,1,1,0,4,1, , ,N,1,2,0,3,0,2,3,2,N, ,40 05:54.088,75 02:49.438,1355, ,1348, ,0, , , ,3, , , , , , , , , ,2,1,0,0,0,0,1,0,0,0,0,0,2,2,0,0,0,0,0,0,0,0,1,0,0,0,0,0,0,0,0,0,0,0,0,8,0,40.0984,-75.0471, , 
28867,319201,2015079775,6,67,67301,2015,7,5,224,2,3,1,0,7,2, , ,N,0,0,0,3,0,0,2,1,N,N,39 56:23.749,75 08:35.423,224, ,224,1,1,2,N, ,0,N, , , , , , , , ,1,0,0,0,0,0,1,0,0,0,0,0,0,0,0,0,0,0,0,0,0,0,0,0,0,0,0,0,0,0,0,0,0,0,0,0,0,39.9399,-75.1432, , 
28868,319202,2015080670,6,67,67301,2015,7,7,1400,14,1,1,0,4,1, , ,N,1,0,0,3,0,1,2,2,N, ,39 59:34.512,75 09:33.073,1406, ,1405, ,0, , , ,0, , , , , , , , , ,1,1,0,0,0,0,0,0,1,0,0,1,1,0,0,0,0,0,0,0,0,0,0,0,0,0,0,0,0,0,0,0,0,0,0,4,0,39.9929,-75.1592, , 
28869,319203,2015081057,6,67,67301,2015,7,3,1640,16,1,1,0,8,1, , ,N,1,9,0,3,0,1,2,2,N,N,40 02:23.679,75 07:36.490,1640, ,1640, ,0, ,N, ,9, , , , , , , , , ,1,0,0,0,0,0,1,0,0,0,0,1,1,0,0,0,0,0,0,0,0,1,0,0,0,0,0,0,0,0,0,0,1,0,0,4,0,40.0399,-75.1268, , 
28870,322450,2015091053,6,67,67301,2015,8,4,2029,20,3,1,0,4,1, , ,N,1,2,0,3,0,1,2,2,N,N,39 57:29.532,75 14:07.900,2035, ,2029, ,0, ,N, ,3, , , , , , , , , ,2,1,0,0,0,0,1,0,0,0,0,1,1,0,1,0,0,0,0,0,1,0,0,0,0,0,0,0,0,0,0,0,0,0,0,4,0,39.9582,-75.2355, , 
28871,322458,2015099096,6,67,67301,2015,9,5,855,8,1,2,1,6,1, , ,N,0,0,0,3,0,3,4,4,N,N,40 00:18.790,75 11:26.765,905, ,900,3,2,5,N, ,0,Y, , , , , , , , ,4,2,0,0,0,1,0,1,0,0,0,3,3,0,0,0,0,0,0,0,1,0,0,0,0,0,0,0,0,0,0,0,0,0,0,4,1,40.0052,-75.1908, , 
28872,322464,2015098963,6,67,67301,2015,9,1,1900,19,4,1,0,1,1, , ,N,0,0,0,3,0,1,2,3,N, ,40 01:13.717,75 10:16.352,1915, ,1915, ,0, , , ,0, , , , , , , , , ,2,0,0,0,0,0,0,0,1,0,0,1,1,0,0,0,0,0,0,0,0,0,0,0,0,0,0,0,0,0,0,0,0,0,0,4,0,40.0205,-75.1712, , 
28873,322475,2015063870,6,67,67301,2015,6,2,2014,20,3,2,1,4,1, , ,N,1,2,0,3,0,1,3,2,N, ,40 04:18.292,75 09:14.575,2023, ,2017,1,1,3, , ,3,N, , , , , , , , ,2,1,0,0,0,0,0,1,0,0,0,1,1,0,0,0,0,0,0,0,0,0,0,0,0,0,0,0,0,0,0,0,0,0,0,4,0,40.0717,-75.1541, , 
28874,322482,2015075753,6,67,67301,2015,7,7,152,1,3,1,0,4,1, , ,N,1,2,0,3,0,1,3,2,N,N,39 56:36.373,75 10:44.230,212, ,210, ,0, ,N, ,3, , , , , , , , , ,2,1,0,0,1,0,0,0,0,0,0,1,1,0,0,0,0,0,0,0,0,0,0,0,0,0,0,0,0,0,0,0,0,0,0,4,0,39.9434,-75.179, , 
28875,322483,2015075764,6,67,67301,2015,7,2,1334,13,1,1,0,8,1, , ,N,1,2,0,3,0,1,2,2,N, ,39 58:51.085,75 09:44.603,1334, ,1334, ,0, , , ,3, , , , , , , , , ,1,0,0,0,0,0,1,0,0,0,0,1,1,0,0,0,0,0,0,1,0,0,0,0,0,0,0,0,0,0,0,0,1,0,0,4,0,39.9809,-75.1624, , 
28876,322497,2015093003,6,67,67301,2015,8,4,804,8,1,1,0,4,1, , ,N,1,2,0,3,0,1,2,2,N,N,40 00:33.277,75 09:04.079,838, ,835, ,0, ,N, ,3, , , , , , , , , ,2,2,0,0,0,0,0,0,0,0,0,1,1,0,0,0,0,0,0,0,0,0,0,0,0,0,0,0,0,0,0,0,0,0,0,4,0,40.0092,-75.1511, , 
28877,322505,2015099088,6,67,67301,2015,9,5,1218,12,1,2,1,6,1, , ,N,0,0,0,3,0,1,2,2,N,N,39 59:07.198,75 06:12.936,1222, ,1218, ,0, , , ,0, , , , , , , , , ,2,1,0,0,0,1,0,0,0,0,0,0,1,1,0,0,0,0,0,0,0,0,0,0,0,0,0,0,0,0,0,0,0,0,0,8,1,39.9853,-75.1036, , 
28878,322519,2015063897,6,67,67301,2015,6,7,2154,21,3,1,0,8,1, , ,N,0,0,0,3,0,1,2,3,N,N,39 58:30.111,75 11:13.791,2158, ,2158, ,0, ,N, ,0, , , , , , , , , ,2,1,0,0,0,0,0,0,0,0,1,0,1,0,0,0,0,0,0,0,0,0,0,0,0,0,0,0,0,0,0,0,1,0,0,3,0,39.975,-75.1872, , 
28879,322522,2015065328,6,67,67301,2015,6,2,1339,13,1,1,0,1,1, , ,N,0,2,0,3,0,2,4,2,N,N,40 03:32.779,75 07:56.423,1339, ,1339, ,0, ,N, ,2, , , , , , , , , ,2,1,0,0,0,0,1,0,0,0,0,0,2,2,0,0,0,0,0,0,0,0,0,0,0,0,0,0,0,0,0,0,0,0,0,8,0,40.0591,-75.1323, , 
28880,322562,2015062734,6,67,67301,2015,5,4,1804,18,1,2,1,8,1, , ,N,0,0,7,3,0,1,2,2,N, ,39 59:25.836,75 07:42.153,1805, ,1805, ,0, , , ,0, , , , , , , , , ,1,1,0,0,0,0,0,0,0,0,0,1,1,0,0,0,0,0,0,0,0,0,0,0,0,0,0,0,0,0,0,0,1,0,0,4,0,39.9905,-75.1284, , 
28881,322567,2015062725,6,67,67301,2015,5,6,9999,99,1,1,0,4,1, , ,N,0,0,7,3,0,2,3,3,N,N,40 04:41.547,75 01:51.089,1308, ,1256, ,0, , , ,0, , , , , , , , , ,3,1,0,0,0,0,2,0,0,0,0,2,2,0,0,0,0,0,0,0,2,0,0,0,0,0,0,0,0,0,0,0,0,0,0,4,0,40.0782,-75.0309, , 
28882,322571,2015066173,6,67,67301,2015,6,1,1327,13,1,1,0,7,2, , ,N,0,0,0,3,0,2,2,1,N,N,40 01:13.112,75 09:09.485,1330, ,1330, ,0, ,N, ,0, , , , , , , , , ,1,1,0,0,0,0,0,0,0,0,0,2,2,0,0,0,0,0,0,0,0,0,0,0,0,0,0,0,0,0,0,0,0,0,0,4,0,40.0203,-75.1526, , 
28883,322580,2015077567,6,67,67301,2015,7,3,2225,22,3,1,0,5,1, , ,N,0,0,0,3,0,1,2,2,N,N,39 59:03.895,75 09:24.024,2230, ,2230, ,0, ,N, ,0, , , , , , , , , ,2,0,0,0,1,0,0,1,0,0,0,1,1,0,0,0,0,0,0,0,1,0,0,0,0,0,0,0,0,0,0,0,0,0,0,4,0,39.9844,-75.1567, , 
28884,322582,2015078212,6,67,67301,2015,7,6,1620,16,1,1,0,2,1, , ,N,2,2,0,3,0,0,2,2,N, ,39 57:36.624,75 08:13.909,1640, ,1635, ,0, , , ,3, , , , , , , , , ,2,1,0,0,0,0,1,0,0,0,0,0,0,0,0,0,0,0,0,0,1,0,0,0,0,0,0,0,0,0,0,0,0,0,0,0,0,39.9602,-75.1372, , 
28885,322594,2015088766,6,67,67301,2015,8,5,910,9,1,1,0,8,1, , ,N,1,2,0,3,0,1,2,2,N,N,40 01:20.492,75 07:04.616,925, ,920, ,0, ,N, ,3, , , , , , , , , ,1,0,0,0,0,0,1,0,0,0,1,0,1,0,0,0,0,0,0,0,0,0,0,0,0,0,0,0,0,0,0,0,1,0,0,3,0,40.0224,-75.1179, , 
28886,322603,2015099116,6,67,67301,2015,9,6,1028,10,1,1,0,8,1, , ,N,1,3,0,3,0,1,2,2,N,N,39 56:03.703,75 10:09.296,1035, ,1030, ,0, , , ,3, , , , , , , , , ,1,1,0,0,0,0,0,0,0,0,0,0,1,1,0,0,0,0,0,0,0,0,0,0,0,0,0,0,0,0,0,0,1,0,0,8,0,39.9344,-75.1692, , 
28887,322621,2015074973,6,67,67301,2015,6,2,1616,16,1,1,0,1,1, , ,N,0,0,0,3,0,1,6,2,N,N,39 59:24.059,75 05:13.001,1637, ,1616, ,0, ,N, ,0, , , , , , , , , ,2,1,0,0,0,0,1,0,0,0,0,0,1,1,0,0,0,0,0,0,1,1,0,0,0,0,0,0,0,0,0,0,0,0,0,8,0,39.99,-75.0869, , 
28888,312916,2015107447,6,67,67301,2015,9,3,1919,19,3,1,0,5,6, , ,N,0,0,0,3,0,0,1,3,N, ,39 58:11.067,75 09:41.875,2004, ,1957, ,0, , , ,0, , , , , , , , , ,3,1,0,0,0,0,2,0,0,0,0,0,0,0,0,0,0,0,0,0,0,0,0,0,0,0,0,0,0,0,0,0,0,0,0,0,0,39.9697,-75.1616, , 
28889,312946,2015063832,6,67,67301,2015,5,7,2217,22,3,1,0,7,4, , ,N,0,0,0,3,0,2,3,2,N, ,40 01:44.772,75 11:24.512,2252, ,2217,2,2,2, , ,0,N, , , , , , , , ,2,0,0,0,0,0,2,0,0,0,0,2,2,0,0,0,0,0,0,0,0,0,0,0,0,0,0,0,0,0,0,0,0,0,0,4,0,40.0291,-75.1901, , 
28890,312977,2015073688,6,67,67301,2015,6,6,2353,23,3,2,1,5,1, , ,N,0,0,0,3,0,0,2,2,N,N,40 01:14.358,75 09:23.047,10, ,2353,2,1,2,N, ,0,N, , , , , , , , ,2,1,0,0,1,0,0,0,0,0,0,0,0,0,0,0,0,0,0,0,0,0,0,0,0,0,0,0,0,0,0,0,0,0,0,0,0,40.0207,-75.1564, , 
28891,312994,2015091152,6,67,67301,2015,8,6,1530,15,1,1,0,4,1, , ,N,2,3,2,3,0,2,2,2,N,N,39 59:11.983,75 12:29.919,1537, ,1525, ,0, ,N, ,3, , , , , , , , , ,2,1,0,0,0,0,1,0,0,0,0,0,2,2,0,0,0,0,0,0,0,0,0,1,0,0,0,0,0,0,0,0,0,0,0,8,0,39.9867,-75.2083, , 
28892,313025,2015069707,6,67,67301,2015,6,4,1229,12,1,1,0,8,1, , ,N,1,0,0,3,0,1,2,2,N,N,39 55:53.673,75 10:01.628,1234, ,1230, ,0, ,N, ,0, , , , , , , , , ,1,1,0,0,0,0,0,0,0,0,0,1,1,0,0,0,0,0,0,0,0,0,0,0,0,0,0,0,0,0,0,0,1,0,0,4,0,39.9316,-75.1671, , 
28893,313055,2015105124,6,67,67301,2015,9,5,820,8,1,1,0,8,1, , ,N,1,2,0,3,0,1,2,2,N, ,39 56:53.580,75 09:52.430,832, ,30,1,1,1, , ,3,N, , , , , , , , ,1,0,0,0,0,0,1,0,0,0,0,1,1,0,0,0,0,0,0,0,1,0,0,0,0,0,0,0,0,0,0,0,1,0,0,4,0,39.9482,-75.1644, , 
28894,313092,2015079282,6,67,67301,2015,7,3,1429,14,1,1,0,1,1, , ,N,0,0,0,3,0,0,2,2,N,N,39 54:45.367,75 08:54.323,1455, ,1429, ,0, ,N, ,0, , , , , , , , , ,2,0,0,0,0,1,0,1,0,0,0,0,0,0,0,0,0,0,0,0,1,0,0,0,0,0,0,0,0,0,0,0,0,0,0,0,1,39.9126,-75.1484, , 
28895,313095,2015081092,6,67,67301,2015,7,6,325,3,3,1,2,7,5, , ,N,1,3,0,3,0,1,2,1,N,N,40 02:12.591,75 09:50.587,328, ,328, ,0, ,N, ,9, , , , , , , , , ,1,1,0,0,0,0,0,0,0,0,0,1,1,0,0,0,0,0,0,0,0,0,0,0,0,0,0,0,0,0,0,0,0,0,0,4,0,40.0368,-75.1641, , 
28896,313134,2015061720,6,67,67301,2015,5,6,1815,18,1,1,0,8,1, , ,N,0,0,0,3,0,1,2,2,N,N,40 01:32.480,75 07:51.006,1940, ,1836, ,0, ,N, ,0, , , , , , , , , ,1,1,0,0,0,0,0,0,0,0,0,0,1,1,0,0,0,0,0,0,0,0,0,0,0,0,0,0,0,0,0,0,1,0,0,8,0,40.0257,-75.1308, , 
28897,313145,2015070262,6,67,67301,2015,6,4,1727,17,1,1,0,1,1, , ,N,0,0,0,3,0,0,4,4,N,N,39 57:41.471,75 10:57.314,1727, ,1727, ,0, ,N, ,0, , , , , , , , , ,4,2,0,0,1,0,1,0,0,0,0,0,0,0,0,0,0,0,0,1,1,0,0,0,0,0,0,0,0,0,0,0,0,0,0,0,0,39.9615,-75.1826, , 
28898,313151,2015075808,6,67,67301,2015,7,5,822,8,1,1,0,1,1, , ,N,1,2,0,3,0,1,2,2,N,N,39 56:49.195,75 09:53.382,1037, ,918, ,0, ,N, ,3, , , , , , , , , ,2,1,0,0,0,0,0,0,0,0,0,0,1,1,0,0,0,0,0,0,0,0,0,0,0,0,0,0,0,0,0,0,0,0,0,8,0,39.947,-75.1647, , 
28899,313152,2015077823,6,67,67301,2015,7,4,745,7,1,1,0,4,1, , ,N,1,2,0,3,0,1,2,2,N,N,39 56:44.732,75 10:00.371,805, ,800, ,0, ,N, ,3, , , , , , , , , ,2,0,0,0,0,0,2,0,0,0,0,1,1,0,0,0,0,0,0,0,1,0,0,0,0,0,0,0,0,0,0,0,0,0,0,4,0,39.9458,-75.1668, , 
28900,313157,2015083443,6,67,67301,2015,7,5,1410,14,1,1,0,4,1, , ,N,1,2,2,3,0,0,3,2,N, ,39 53:57.866,75 10:29.202,1432, ,1422, ,0, , , ,3, , , , , , , , , ,2,0,0,0,0,0,2,0,0,0,0,0,0,0,0,0,0,0,0,0,0,0,0,0,0,0,0,0,0,0,0,0,0,0,0,0,0,39.8994,-75.1748, , 
28901,313170,2015062340,6,67,67301,2015,6,1,1020,10,1,1,0,4,1, , ,N,1,2,0,3,0,1,3,2,N,N,39 58:40.787,75 09:09.269,1027, ,1027, ,0, ,N, ,3, , , , , , , , , ,2,1,0,0,0,0,1,0,0,0,0,0,1,1,0,0,0,0,0,0,0,0,1,0,0,0,0,0,0,0,0,0,0,0,0,8,0,39.9779,-75.1526, , 
28902,313182,2015075785,6,67,67301,2015,7,4,1534,15,1,2,1,4,1, , ,N,1,3,0,3,0,6,6,2,N,N,39 58:24.254,75 12:15.040,1617, ,1611, ,0, , , ,3, , , , , , , , , ,2,2,0,0,0,0,0,0,0,0,0,6,6,0,0,0,0,0,0,0,0,0,0,0,0,0,0,0,0,0,0,0,0,0,0,4,0,39.9734,-75.2042, , 
28903,313188,2015084447,6,67,67301,2015,7,5,1435,14,1,2,1,5,6, , ,N,0,0,0,3,0,1,3,2,N,N,40 02:13.700,75 02:53.100,1620, ,1616, ,0, ,N, ,0, , , , , , , , , ,2,1,0,0,1,0,0,0,0,0,0,1,1,0,0,0,0,0,0,0,0,0,0,0,0,0,0,0,0,0,0,0,0,0,0,4,0,40.0371,-75.0481, , 
28904,313190,2015085293,6,67,67301,2015,8,3,1820,18,1,1,0,4,1, , ,N,1,2,0,3,0,3,3,2,N,N,39 58:21.766,75 12:14.569,1856, ,1849, ,0, ,N, ,3, , , , , , , , , ,2,2,0,0,0,0,0,0,0,0,0,3,3,0,0,0,0,0,0,0,0,0,0,0,0,0,0,0,0,0,0,0,0,0,0,4,0,39.9727,-75.204, , 
28905,313199,2015093511,6,67,67301,2015,8,3,1027,10,1,1,0,1,1, , ,N,0,0,0,3,0,0,4,3,N,N,40 01:20.671,75 02:16.177,1054, ,1028,2,2,2,N, ,0,N, , , , , , , , ,3,0,0,0,1,0,2,0,0,0,0,0,0,0,0,0,0,0,0,0,1,0,0,0,0,0,0,0,0,0,0,0,0,0,0,0,0,40.0224,-75.0378, , 
28906,316036,2015080664,6,67,67301,2015,7,4,1005,10,1,1,0,1,1, , ,N,0,0,0,3,0,1,2,2,N,N,39 56:55.856,75 10:49.004,1015, ,1008, ,9, ,N, ,0, , , , , , , , , ,1,0,0,0,1,0,0,0,1,0,0,1,1,0,0,0,0,0,0,0,1,0,0,1,0,0,0,0,0,0,0,0,0,0,0,4,0,39.9488,-75.1803, , 
28907,316044,2015085253,6,67,67301,2015,8,7,2223,22,3,1,0,5,1, , ,N,1,2,0,3,0,2,2,2,N,N,39 58:12.826,75 08:42.073,2342, ,2337, ,0, ,N, ,3, , , , , , , , , ,2,1,0,0,0,0,1,0,0,0,0,2,2,0,0,0,0,0,0,0,0,0,0,0,0,0,0,0,0,0,0,0,0,0,0,4,0,39.9702,-75.1451, , 
28908,316045,2015086219,6,67,67301,2015,8,2,1600,16,1,1,0,5,6, , ,N,0,0,0,3,0,0,2,2,N,N,39 54:23.782,75 10:57.679,1655, ,1647, ,0, ,N, ,0, , , , , , , , , ,2,1,0,0,0,0,0,1,0,0,0,0,0,0,0,0,0,0,0,0,0,0,0,0,0,0,0,0,0,0,0,0,0,0,0,0,0,39.9066,-75.1827, , 
28909,316065,2015074961,6,67,67301,2015,6,6,2257,22,3,2,7,1,1, , ,N,0,0,0,3,0,1,4,2,N,N,40 00:23.676,75 11:52.137,2328, ,2319, ,0, ,N, ,0, , , , , , , , , ,2,0,0,0,0,0,2,0,0,0,0,1,1,0,0,0,0,0,0,0,0,0,0,0,0,0,0,0,0,0,0,0,0,0,0,4,0,40.0066,-75.1978, , 
28910,316079,2015089213,6,46,46108,2015,8,3,1604,16,1,1,2,2,1, , ,N,5,2,0,3,0,1,4,2,N,N,40 05:09.951,75 12:42.717,1606, ,1604,1,2,1,N, ,3,N, , , , , , , , ,2,1,0,0,1,0,0,0,0,0,0,1,1,0,0,0,0,0,0,0,1,0,0,0,0,0,0,0,0,0,0,0,0,0,0,4,0,40.0861,-75.2119, , 
28911,316109,2015073677,6,67,67301,2015,6,6,1324,13,1,1,0,4,1, , ,N,1,2,0,3,0,1,2,2,N,N,40 05:41.184,75 00:55.174,1328, ,1324, ,0, ,N, ,3, , , , , , , , , ,2,2,0,0,0,0,0,0,0,0,0,1,1,0,0,0,0,0,0,0,0,0,0,0,0,0,0,0,0,0,0,0,0,0,0,4,0,40.0948,-75.0153, , 
28912,316117,2015084876,6,67,67301,2015,7,3,9999,99,1,1,0,1,1, , ,N,0,2,0,3,0,2,5,2,N, ,39 56:44.350,75 10:52.363,0, ,9999, ,0, , , ,3, , , , , , , , , ,2,1,0,0,0,0,1,0,0,0,0,0,2,2,0,0,0,0,0,0,1,0,0,5,0,0,0,0,0,0,0,0,0,0,0,8,0,39.9457,-75.1812, , 
28913,316121,2015089225,6,67,67301,2015,8,3,635,6,1,1,0,5,2, , ,N,0,0,0,3,0,0,2,2,N,N,39 54:37.6,75 09:06.6,636, ,635,9,1,3,N, ,0,N, , , , , , , , ,2,1,0,0,0,1,0,0,0,0,0,0,0,0,0,0,0,0,0,0,1,1,0,0,0,0,0,0,0,0,0,0,0,0,0,0,1,39.9104,-75.1518, , 
28914,316132,2015099103,6,67,67301,2015,9,7,1615,16,1,1,0,4,1, , ,N,1,2,0,3,0,0,4,2,N,N,40 02:34.113,75 03:47.339,1642, ,1637,9,1,3, , ,3,N, , , , , , , , ,2,2,0,0,0,0,0,0,0,0,0,0,0,0,0,0,0,0,0,0,1,0,0,0,0,0,0,0,0,0,0,0,0,0,0,0,0,40.0428,-75.0631, , 
28915,316138,2015107459,6,67,67301,2015,10,6,9999,99,1,2,1,1,1, , ,N,1,2,0,3,0,0,2,2,N,N,39 59:32.049,75 05:57.586,1050, ,1045, ,0, , , ,3, , , , , , , , , ,2,1,0,0,1,0,0,0,0,0,0,0,0,0,0,0,0,0,0,0,0,0,0,0,0,0,0,0,0,0,0,0,0,0,0,0,0,39.9921,-75.0993, , 
28916,316143,2015112160,6,67,67301,2015,10,3,1305,13,1,1,0,4,1, , ,N,1,3,0,3,0,2,2,2,N,N,40 01:41.740,75 04:27.919,1311, ,1307,2,2,5, , ,3,Y, , , , , , , , ,2,1,0,0,0,0,1,0,0,0,0,0,2,2,0,0,0,0,0,0,1,0,0,0,0,0,0,0,0,0,0,0,0,0,0,8,0,40.0283,-75.0744, , 
28917,316164,2015080675,6,67,67301,2015,7,4,1830,18,1,1,0,5,6, , ,N,0,0,0,3,0,3,4,3,N,N,40 02:14.572,75 08:14.037,1856, ,1854, ,0, , , ,0, , , , , , , , , ,3,2,0,0,0,0,1,0,0,0,0,3,3,0,0,0,0,0,0,0,0,0,0,1,0,0,0,0,0,0,0,0,0,0,0,4,0,40.0374,-75.1372, , 
28918,316166,2015083353,6,67,67301,2015,7,4,2110,21,3,1,0,4,1, , ,N,2,2,7,3,0,2,7,2,N, ,39 56:46.746,75 14:16.817,2118, ,2115, ,0, , , ,3, , , , , , , , , ,2,2,0,0,0,0,0,0,0,0,0,0,2,2,0,0,0,0,1,0,0,0,0,0,0,0,0,0,0,0,0,0,0,0,0,8,0,39.9463,-75.238, , 
28919,316174,2015092090,6,67,67301,2015,9,3,1720,17,1,1,0,1,1, , ,N,0,0,0,3,0,2,4,2,N,N,39 58:45.039,75 09:28.149,1730, ,1725, ,0, ,N, ,0, , , , , , , , , ,2,2,0,0,0,0,0,0,0,0,0,0,2,2,0,0,0,0,0,0,1,0,0,0,0,0,0,0,0,0,0,0,0,0,0,8,0,39.9792,-75.1578, , 
28920,316200,2015063007,6,67,67301,2015,6,6,805,8,1,1,1,1,1,1,2,Y,10,0,0,3,0,0,2,2,N,N,40 02:45.429,75 00:06.477,814,45,806, ,0, ,N, ,0, ,N,N,N,N,N,N,Y,N,2,2,0,0,0,0,0,0,0,0,0,0,0,0,0,0,0,0,0,1,0,0,0,0,0,0,0,0,0,0,0,0,0,0,0,0,0,40.046,-75.0018, , 
28921,316201,2015063941,6,67,67301,2015,6,6,1020,10,1,2,1,4,1, , ,N,1,3,0,3,0,1,2,2,N,N,40 04:05.692,75 10:35.212,1035, ,1025, ,0, ,N, ,3, , , , , , , , , ,1,1,0,0,0,0,0,0,1,0,1,0,1,0,0,0,0,0,0,0,1,0,0,0,0,0,0,0,0,0,0,0,0,0,0,3,0,40.0682,-75.1764, , 
28922,316242,2015061804,6,67,67301,2015,5,3,1703,17,1,1,0,1,6, , ,N,1,2,0,3,0,1,1,3,N,N,40 02:16.065,75 04:52.525,1709, ,1203, ,0, ,N, ,3, , , , , , , , , ,3,0,0,0,1,0,1,1,0,0,0,0,1,1,0,0,1,0,0,0,0,0,0,0,0,0,0,0,0,0,0,0,0,0,0,8,0,40.0378,-75.0813, , 
28923,316247,2015073216,6,67,67301,2015,6,6,1600,16,1,1,0,5,6, , ,N,0,0,0,3,0,1,1,2,N, ,39 59:24.511,75 09:43.106,1602, ,1601, ,0, , , ,0, , , , , , , , , ,2,1,0,0,0,0,1,0,0,0,0,1,1,0,0,0,0,0,0,0,0,0,0,0,0,0,0,0,0,0,0,0,0,0,0,4,0,39.9901,-75.162, , 
28924,319206,2015083407,6,67,67301,2015,7,4,107,1,3,1,0,5,6, , ,N,0,0,0,3,0,0,1,2,N, ,40 02:21.336,75 14:06.388,114, ,108,1,1,7, , ,0,Y, , , , , , , , ,2,0,0,0,0,0,2,0,0,0,0,0,0,0,0,0,0,0,0,0,0,0,0,0,0,0,0,0,0,0,0,0,0,0,0,0,0,40.0393,-75.2351, , 
28925,319211,2015085234,6,67,67301,2015,8,3,1840,18,1,1,0,1,1, , ,N,1,4,0,3,0,1,2,2,N,N,39 56:37.828,75 14:16.183,1915, ,1911, ,0, ,N, ,3, , , , , , , , , ,2,0,0,0,0,0,2,0,0,0,0,1,1,0,1,0,0,0,0,0,0,0,0,0,0,0,0,0,0,0,0,0,0,0,0,4,0,39.9438,-75.2378, , 
28926,319270,2015086235,6,67,67301,2015,8,1,1350,13,1,1,0,4,1, , ,N,1,3,0,3,0,0,2,2,N,N,39 54:51.337,75 10:46.050,1403, ,1351,1,1,4,N, ,3,N, , , , , , , , ,2,0,0,0,0,0,1,1,0,0,0,0,0,0,0,0,0,1,0,0,0,0,0,0,0,0,0,0,0,0,0,0,0,0,0,0,0,39.9143,-75.1795, , 
28927,319273,2015088739,6,67,67301,2015,8,5,615,6,1,1,0,4,1, , ,N,2,0,0,3,0,1,2,2,N,N,40 00:35.508,75 11:35.455,630, ,620, ,0, ,N, ,0, , , , , , , , , ,1,1,0,0,0,0,0,0,1,0,1,0,1,0,0,0,0,0,0,0,0,0,0,0,0,0,0,0,0,0,0,0,0,0,0,3,0,40.0099,-75.1932, , 
28928,319278,2015095195,6,67,67301,2015,9,1,812,8,1,1,0,2,1, , ,N,0,0,0,3,0,0,2,2,N,N,40 01:13.372,75 04:26.396,815, ,813, ,0, ,N, ,0, , , , , , , , , ,2,0,0,0,0,0,1,1,0,0,0,0,0,0,0,0,0,0,0,0,0,1,0,0,0,0,0,0,0,0,0,0,0,0,0,0,0,40.0204,-75.074, , 
28929,319300,2015070249,6,67,67301,2015,6,2,2310,23,3,2,1,5,2, , ,N,0,0,0,3,0,0,2,2,N,N,39 53:58.677,75 09:49.213,2326, ,2315,2,1,2,N, ,0,N, , , , , , , , ,2,1,0,0,0,0,0,0,0,0,0,0,0,0,1,0,0,0,0,0,1,0,0,0,0,0,0,0,0,0,0,0,0,0,0,9,0,39.8996,-75.1637, , 
28930,319308,2015078645,6,67,67301,2015,7,2,1545,15,1,1,0,8,1, , ,N,1,2,0,3,0,1,2,2,N,N,40 00:00.790,75 08:31.774,1555, ,1550, ,0, ,N, ,3, , , , , , , , , ,1,1,0,0,0,0,0,0,0,1,0,0,1,0,0,0,0,0,0,0,0,0,0,0,0,0,0,0,0,0,0,0,1,0,1,2,0,40.0002,-75.1422, , 
28931,319311,2015083368,6,67,67301,2015,8,7,10,0,3,1,0,7,4, , ,N,0,0,0,3,0,0,1,1,N,N,40 03:21.288,75 13:56.995,20, ,17, ,0, ,N, ,0, , , , , , , , , ,1,1,0,0,0,0,0,0,0,0,0,0,0,0,1,0,0,0,0,0,0,0,0,0,0,0,0,0,0,0,0,0,0,0,0,9,0,40.0559,-75.2325, , 
28932,319327,2015095759,6,67,67301,2015,8,2,1539,15,1,1,0,4,1, , ,N,1,2,0,3,0,1,2,2,N, ,39 58:12.826,75 08:42.073,1608, ,1605,1,1,3, , ,3,N, , , , , , , , ,2,2,0,0,0,0,0,0,0,0,0,0,1,1,0,0,0,0,0,0,2,0,0,0,0,0,0,0,0,0,0,0,0,0,0,8,0,39.9702,-75.1451, , 