objectid_1,objectid,crn,district,county,municipality,crash_year,crash_month,day_of_week,time_of_day,hour_of_day,illumination,weather,road_condition,collision_type,relation_to_road,work_zone_type,work_zone_loc,work_zone_ind,intersect_type,tcd_type,location_type,urban_rural,fatal_count,injury_count,person_count,total_units,sch_bus_ind,sch_zone_ind,latitude,longitude,arrival_tm,cons_zone_spd_lim,dispatch_tm,est_hrs_closed,lane_closed,ln_close_dir,ntfy_hiwy_maint,spec_juris_cd,tcd_func_cd,tfc_detour_ind,workers_pres,wz_close_detour,wz_flagger,wz_law_offcr_ind,wz_ln_closure,wz_moving,wz_other,wz_shlder_mdn,vehicle_count,automobile_count,motorcycle_count,bus_count,small_truck_count,heavy_truck_count,suv_count,van_count,bicycle_count,maj_inj_count,mod_inj_count,min_inj_count,tot_inj_count,unk_inj_deg_count,unk_inj_per_count,driver_count_16yr,driver_count_17yr,driver_count_18yr,driver_count_19yr,driver_count_20yr,driver_count_50_64yr,driver_count_65_74yr,driver_count_75plus,unbelted_occ_count,unb_death_count,unb_maj_inj_count,belted_death_count,belted_maj_inj_count,mcycle_death_count,mcycle_maj_inj_count,bicycle_death_count,bicycle_maj_inj_count,ped_count,ped_death_count,ped_maj_inj_count,max_severity_level,comm_veh_count,dec_lat,dec_long,rdwy_surf_type_cd,county_name
28933,319329,2015060723,6,67,67301,2015,5,7,1215,12,1,1,0,1,1, , ,N,0,0,0,3,0,0,7,4,N,N,40 00:30.390,75 12:13.505,1230, ,1220, ,0, ,N, ,0, , , , , , , , , ,4,0,0,0,2,0,2,0,0,0,0,0,0,0,0,0,0,0,0,0,1,0,0,0,0,0,0,0,0,0,0,0,0,0,0,0,0,40.0084,-75.2038, , 
28934,319359,2015091019,6,67,67301,2015,8,7,45,0,3,1,0,4,1, , ,N,1,2,0,3,0,1,2,2,N, ,40 02:06.022,75 04:09.823,57, ,45,1,1,1, , ,3,Y, , , , , , , , ,2,2,0,0,0,0,0,0,0,0,0,1,1,0,0,0,0,0,0,0,0,0,0,0,0,0,0,0,0,0,0,0,0,0,0,4,0,40.0351,-75.0695, , 
28935,319363,2015097812,6,67,67301,2015,9,1,404,4,3,1,0,7,4, , ,N,0,8,2,3,0,3,3,1,N,N,39 57:18.966,75 08:51.784,405, ,404, ,0, ,N, ,3, , , , , , , , , ,1,0,0,0,0,0,1,0,0,0,0,0,3,3,0,0,0,0,0,1,0,0,0,0,0,0,0,0,0,0,0,0,0,0,0,8,0,39.9554,-75.1479, , 
28936,319411,2015095771,6,67,67301,2015,9,4,2036,20,3,1,0,8,1, , ,N,1,2,0,3,0,1,2,2,N,N,39 57:39.360,75 14:42.201,2042, ,2039, ,0, , , ,3, , , , , , , , , ,1,0,0,0,0,0,1,0,0,0,0,1,1,0,0,0,0,0,0,0,0,1,0,0,0,0,0,0,0,0,0,0,1,0,0,4,0,39.9609,-75.245, , 
28937,319417,2015103354,6,67,67301,2015,9,4,2205,22,3,1,0,8,1, , ,N,0,2,7,3,0,1,2,2,N,N,40 04:59.699,75 01:33.428,2235, ,2215,3,1,1,N, ,3,N, , , , , , , , ,1,1,0,0,0,0,0,0,0,0,0,0,1,1,0,0,0,0,0,0,0,0,0,0,0,0,0,0,0,0,0,0,1,0,0,8,0,40.0832,-75.0262, , 
28938,319442,2015056274,6,67,67301,2015,5,4,2135,21,3,1,0,5,1, , ,N,0,0,0,3,0,3,21,2,N,N,40 00:05.386,75 11:40.573,2148, ,2140, ,0, ,N, ,0, , , , , , , , , ,2,1,0,1,0,0,0,0,0,0,0,3,3,0,0,0,0,0,0,0,0,0,0,0,0,0,0,0,0,0,0,0,0,0,0,4,1,40.0015,-75.1946, , 
28939,319443,2015056658,6,67,67301,2015,5,1,45,0,3,1,0,1,1, , ,N,0,0,0,3,0,1,3,2,N,N,39 56:51.812,75 11:15.086,105, ,45, ,0, ,N, ,0, , , , , , , , , ,2,1,0,0,1,0,0,0,0,0,0,1,1,0,0,0,0,0,0,0,1,0,0,1,0,0,0,0,0,0,0,0,0,0,0,4,0,39.9477,-75.1875, , 
28940,319451,2015061445,6,67,67301,2015,6,3,1316,13,1,1,0,1,1, , ,N,0,0,0,3,0,1,3,2,N,N,40 02:14.721,75 00:44.207,1350, ,1340, ,0, ,N, ,0, , , , , , , , , ,2,2,0,0,0,0,0,0,0,0,0,0,1,1,0,0,0,0,0,0,0,0,0,0,0,0,0,0,0,0,0,0,0,0,0,8,0,40.0374,-75.0123, , 
28941,319458,2015066329,6,67,67301,2015,6,4,1600,16,1,1,0,1,1, , ,N,0,0,0,3,0,1,2,2,N,N,40 07:04.268,75 00:53.273,1630, ,1622, ,0, ,N, ,0, , , , , , , , , ,2,1,0,0,1,0,0,0,0,0,0,1,1,0,0,0,0,0,0,0,0,0,0,0,0,0,0,0,0,0,0,0,0,0,0,4,0,40.1179,-75.0148, , 
28942,319463,2015075280,6,67,67301,2015,6,2,1530,15,1,1,0,2,1, , ,N,0,0,0,3,0,1,2,2,N, ,40 00:02.134,75 13:32.146,1728, ,1716, ,0, , , ,0, , , , , , , , , ,2,2,0,0,0,0,0,0,0,0,0,0,1,1,0,0,0,0,0,0,0,0,1,0,0,0,0,0,0,0,0,0,0,0,0,8,0,40.0006,-75.2256, , 
28943,322622,2015074983,6,67,67301,2015,7,7,2008,20,1,1,0,7,3, , ,N,7,0,2,3,0,1,2,1,N,N,39 59:50.669,75 04:55.143,2018, ,2009,1,2,1,Y, ,0,Y, , , , , , , , ,1,1,0,0,0,0,0,0,0,0,0,1,1,0,0,0,0,0,0,0,1,0,0,1,0,0,0,0,0,0,0,0,0,0,0,4,0,39.9974,-75.082, , 
28944,322624,2015075824,6,67,67301,2015,7,4,630,6,1,1,0,8,1, , ,N,1,3,0,3,0,1,2,2,N, ,40 01:42.690,75 08:32.387,1117, ,1117, ,0, , , ,3, , , , , , , , , ,1,1,0,0,0,0,0,0,0,0,0,1,1,0,0,0,0,0,0,0,0,0,0,0,0,0,0,0,0,0,0,0,1,0,0,4,0,40.0285,-75.1423, , 
28945,322650,2015109203,6,67,67301,2015,10,1,2038,20,3,1,0,1,1, , ,N,2,0,0,3,0,2,6,3,N,N,40 00:24.409,75 07:55.714,2039, ,2038, ,0, ,N, ,0, , , , , , , , , ,3,0,0,0,0,0,2,1,0,0,0,0,2,2,0,0,0,0,0,0,0,0,0,0,0,0,0,0,0,0,0,0,0,0,0,8,0,40.0068,-75.1321, , 
28946,322651,2015109302,6,67,67301,2015,10,4,1515,15,1,1,0,1,1, , ,N,3,3,0,3,0,1,2,2,N,N,39 59:45.110,75 11:28.893,1820, ,1814, ,0, , , ,3, , , , , , , , , ,2,2,0,0,0,0,0,0,0,0,0,1,1,0,1,0,0,0,0,0,1,0,0,0,0,0,0,0,0,0,0,0,0,0,0,4,0,39.9959,-75.1914, , 
28947,322656,2015058851,6,67,67301,2015,6,3,851,8,1,2,1,1,1, , ,N,0,0,0,3,0,0,5,4,N,N,39 56:36.794,75 08:34.860,900, ,855, ,0, ,N, ,0, , , , , , , , , ,4,3,0,0,0,0,1,0,0,0,0,0,0,0,0,0,0,0,0,0,1,0,0,0,0,0,0,0,0,0,0,0,0,0,0,0,0,39.9436,-75.143, , 
28948,322669,2015068765,6,67,67301,2015,7,5,1625,16,1,1,0,1,1, , ,N,0,0,0,3,0,2,5,2,N,N,40 01:49.351,75 08:47.477,1640, ,1635, ,0, ,N, ,0, , , , , , , , , ,2,1,0,0,0,0,1,0,0,0,0,0,2,2,0,0,0,0,0,0,0,0,0,0,0,0,0,0,0,0,0,0,0,0,0,8,0,40.0304,-75.1465, , 
28949,322691,2015103365,6,67,67301,2015,9,6,958,9,1,1,0,8,1, , ,N,1,2,0,3,0,1,2,2,N,Y,40 01:59.118,75 10:52.400,1035, ,1020, ,0, ,N, ,3, , , , , , , , , ,1,0,0,0,1,0,0,0,0,0,0,1,1,0,0,0,0,0,0,0,0,0,0,0,0,0,0,0,0,0,0,0,1,0,0,4,0,40.0331,-75.1812, , 
28950,322694,2015105098,6,67,67301,2015,9,7,1735,17,1,1,0,4,1, , ,N,0,0,7,3,0,2,3,2,N, ,40 08:02.003,75 00:34.662,1746, ,1739, ,0, , , ,0, , , , , , , , , ,2,2,0,0,0,0,0,0,0,0,0,0,2,2,0,0,0,1,0,0,1,0,0,1,0,0,0,0,0,0,0,0,0,0,0,8,0,40.1339,-75.0096, , 
28951,322699,2015108793,6,67,67301,2015,10,6,1400,14,1,2,1,4,1, , ,N,2,3,0,3,0,1,2,2,N, ,40 02:18.331,75 08:30.699,1540, ,1534, ,0, , , ,3, , , , , , , , , ,2,1,0,0,0,0,0,1,0,0,0,1,1,0,0,0,0,0,0,0,1,0,0,0,0,0,0,0,0,0,0,0,0,0,0,4,0,40.0384,-75.1419, , 
28952,322752,2015001671,6,67,67301,2015,1,1,137,1,3,2,1,7,2, , ,N,0,0,0,3,0,1,1,1,N,N,39 55:52.635,75 11:58.050,143, ,138,1,1,3,N, ,0,N, , , , , , , , ,1,1,0,0,0,0,0,0,0,0,0,1,1,0,0,0,0,0,0,0,0,0,0,0,0,0,0,0,0,0,0,0,0,0,0,4,0,39.9313,-75.1995, , 
28953,322767,2015069720,6,67,67301,2015,6,2,950,9,1,1,0,4,1, , ,N,1,2,0,3,0,1,3,2,N, ,39 57:36.054,75 09:55.036,955, ,953,1,1,1, , ,3,Y, , , , , , , , ,2,2,0,0,0,0,0,0,0,0,1,0,1,0,0,0,0,0,0,0,1,0,0,0,0,0,0,0,0,0,0,0,0,0,0,3,0,39.96,-75.1653, , 
28954,322768,2015070267,6,67,67301,2015,6,6,1507,15,1,1,0,7,2, , ,N,0,0,0,3,0,0,2,1,N,N,39 55:30.581,75 11:35.978,1533, ,1508, ,0, ,N, ,0, , , , , , , , , ,1,1,0,0,0,0,0,0,0,0,0,0,0,0,0,0,0,0,0,0,0,0,0,0,0,0,0,0,0,0,0,0,0,0,0,0,0,39.9252,-75.1933, , 
28955,322771,2015074985,6,67,67301,2015,7,1,1415,14,1,1,0,1,1, , ,N,0,0,0,3,0,1,8,3,N,N,39 56:38.750,75 11:30.868,1445, ,1419, ,0, ,N, ,0, , , , , , , , , ,3,2,0,0,0,0,1,0,0,0,0,1,1,0,0,0,0,0,0,0,1,0,0,0,0,0,0,0,0,0,0,0,0,0,0,4,0,39.9441,-75.1919, , 
28956,322798,2015059112,6,67,67301,2015,5,7,18,0,3,1,0,3,6, , ,N,0,0,0,3,0,0,1,5,N,N,40 04:29.996,75 09:47.296,45, ,43,3,2,3,N, ,0,Y, , , , , , , , ,5,4,0,0,0,1,0,0,0,0,0,0,0,0,0,0,0,0,0,0,0,0,0,0,0,0,0,0,0,0,0,0,0,0,0,0,0,40.075,-75.1631, , 
28957,322813,2015078270,6,67,67301,2015,7,6,9999,99,3,7,0,7,4, , ,N,0,0,0,3,0,1,1,1,N,N,39 59:27.564,75 09:01.087,1046, ,1031, ,0, , , ,0, , , , , , , , , ,1,0,1,0,0,0,0,0,0,0,0,0,1,1,0,0,0,0,0,0,0,0,0,0,0,0,0,0,0,0,0,0,0,0,0,8,0,39.991,-75.1503, , 
28958,322819,2015085287,6,67,67301,2015,8,1,915,9,1,1,0,4,1, , ,N,1,2,0,3,0,0,2,2,N, ,39 56:48.166,75 09:45.464,925, ,920,2,2,1, , ,3,Y, , , , , , , , ,2,2,0,0,0,0,0,0,0,0,0,0,0,0,0,0,0,0,0,0,0,0,0,0,0,0,0,0,0,0,0,0,0,0,0,0,0,39.9467,-75.1626, , 
28959,322825,2015095770,6,67,67301,2015,8,7,1850,18,1,1,0,4,1, , ,N,1,2,0,3,0,3,3,2,N,N,39 57:43.372,75 09:33.468,1910, ,1856, ,0, ,N, ,3, , , , , , , , , ,2,1,0,0,0,0,1,0,0,0,0,0,3,3,0,0,0,0,0,0,0,0,0,0,0,0,0,0,0,0,0,0,0,0,0,8,0,39.9619,-75.1593, , 
28960,322859,2015056500,6,67,67301,2015,5,7,2120,21,3,1,1,2,1, , ,N,0,0,0,3,0,1,3,2,N,N,39 58:35.804,75 11:46.022,2136, ,2124,2,2,5,N, ,0,Y, , , , , , , , ,2,2,0,0,0,0,0,0,0,0,0,0,1,1,0,0,0,0,0,0,0,0,0,0,0,0,0,0,0,0,0,0,0,0,0,8,0,39.9766,-75.1961, , 
28961,313209,2015051955,6,67,67301,2015,4,4,2008,20,3,1,1,1,1, , ,N,0,0,0,3,0,0,4,4,N, ,39 58:23.370,75 07:11.828,2013, ,2010, ,0, , , ,0, , , , , , , , , ,4,2,0,0,0,0,2,0,0,0,0,0,0,0,0,0,0,0,0,0,1,0,0,0,0,0,0,0,0,0,0,0,0,0,0,0,0,39.9732,-75.12, , 
28962,313227,2015067278,6,67,67301,2015,6,4,1503,15,1,1,0,1,1, , ,N,0,0,0,3,0,1,4,3,N,N,39 57:30.972,75 10:07.177,1507, ,1503,1,1,3,N, ,0,N, , , , , , , , ,3,2,0,0,0,0,1,0,0,0,0,1,1,0,0,0,0,0,0,0,1,0,0,0,0,0,0,0,0,0,0,0,0,0,0,4,0,39.9586,-75.1687, , 
28963,313232,2015070108,6,67,67301,2015,6,1,1155,11,1,1,0,1,1, , ,N,0,0,0,3,0,1,3,3,N, ,40 01:43.286,75 06:20.438,1208, ,1159,1,2,1, , ,0,Y, , , , , , , , ,2,1,0,0,0,0,1,0,1,0,0,1,1,0,0,0,0,0,0,1,0,0,0,0,0,0,0,0,0,0,0,0,0,0,0,4,0,40.0287,-75.1057, , 
28964,313240,2015077828,6,67,67301,2015,7,1,1150,11,1,1,0,8,1, , ,N,2,2,0,3,0,1,2,2,N,N,40 02:21.230,75 10:39.416,1155, ,1153, ,0, ,N, ,3, , , , , , , , , ,1,1,0,0,0,0,0,0,0,0,0,0,1,1,0,0,0,0,0,0,0,0,0,0,0,0,0,0,0,0,0,0,1,0,0,8,0,40.0392,-75.1776, , 
28965,313263,2015048348,6,67,67301,2015,4,3,1548,15,1,1,0,4,1, , ,N,1,3,0,3,0,3,3,2,N,N,39 59:49.588,75 12:17.053,1549, ,1548,9,1,3,N, ,3,N, , , , , , , , ,2,1,0,0,0,0,1,0,0,0,0,3,3,0,0,0,0,0,0,0,0,0,0,0,0,0,0,0,0,0,0,0,0,0,0,4,0,39.9971,-75.2047, , 
28966,313266,2015064013,6,67,67301,2015,5,6,1344,13,1,1,0,4,1, , ,N,1,2,0,3,0,1,2,2,N,N,39 55:20.218,75 09:12.483,1355, ,1349, ,0, ,N, ,3, , , , , , , , , ,1,1,0,0,0,0,0,0,1,0,0,1,1,0,1,0,0,0,0,0,0,0,0,0,0,0,0,0,0,0,0,0,0,0,0,4,0,39.9223,-75.1534, , 
28967,313273,2015069726,6,67,67301,2015,6,1,305,3,3,1,0,7,1, , ,N,1,2,0,3,0,0,2,1,N,N,40 00:25.549,75 05:38.543,308, ,307, ,0, ,N, ,3, , , , , , , , , ,1,0,0,0,1,0,0,0,0,0,0,0,0,0,0,0,0,0,0,0,0,0,0,1,0,0,0,0,0,0,0,0,0,0,0,0,0,40.0071,-75.094, , 
28968,313284,2015078676,6,67,67301,2015,7,3,2138,21,3,1,0,5,6, , ,N,0,0,0,3,0,0,1,2,N,N,40 02:56.065,75 04:35.385,2145, ,2145, ,0, ,N, ,0, , , , , , , , , ,2,1,0,0,0,0,1,0,0,0,0,0,0,0,0,0,0,0,0,0,0,0,0,0,0,0,0,0,0,0,0,0,0,0,0,0,0,40.0489,-75.0765, , 
28969,313294,2015091114,6,67,67301,2015,8,1,415,4,3,1,0,5,6, , ,N,0,0,0,3,0,2,2,2,N,N,39 58:52.834,75 13:34.098,415, ,415,2,2,6,N, ,0,Y, , , , , , , , ,2,1,0,0,0,0,0,0,0,0,0,1,2,1,0,0,0,0,0,0,0,0,0,0,0,0,0,0,0,0,0,0,0,0,0,4,0,39.9813,-75.2261, , 
28970,313301,2015095672,6,67,67301,2015,9,7,1350,13,1,9,0,4,1, , ,N,2,2,0,3,0,1,2,2,N,N,39 57:23.622,75 09:04.685,1402, ,1356, ,0, ,N, ,3, , , , , , , , , ,2,0,0,0,0,0,2,0,0,0,0,0,1,1,0,0,0,0,0,0,0,0,0,1,0,0,0,0,0,0,0,0,0,0,0,8,0,39.9566,-75.1513, , 
28971,313305,2015061726,6,67,67301,2015,5,7,1500,15,1,1,0,8,1, , ,N,2,3,0,3,0,1,2,2,N,N,39 55:37.615,75 11:27.652,1555, ,1540, ,0, ,N, ,3, , , , , , , , , ,1,1,0,0,0,0,0,0,0,0,1,0,1,0,0,0,0,0,0,0,0,0,0,0,0,0,0,0,0,0,0,0,1,0,0,3,0,39.9271,-75.191, , 
28972,313311,2015071465,6,67,67301,2015,6,6,334,3,3,2,1,1,1, , ,N,0,0,0,3,0,0,3,2,N,N,39 54:18.450,75 09:00.501,346, ,338,1,1,2,N, ,0,Y, , , , , , , , ,2,1,0,0,0,0,0,0,0,0,0,0,0,0,0,0,0,0,0,0,0,0,0,0,0,0,0,0,0,0,0,0,0,0,0,0,0,39.9051,-75.1501, , 
28973,313322,2015059186,6,67,67301,2015,5,1,443,4,3,1,0,7,2, , ,N,0,0,0,3,0,0,1,1,N,N,39 57:36.473,75 10:47.835,447, ,445,1,2,4,N, ,0,N, , , , , , , , ,1,1,0,0,0,0,0,0,0,0,0,0,0,0,0,0,0,0,0,0,0,0,0,0,0,0,0,0,0,0,0,0,0,0,0,0,0,39.9601,-75.18, , 
28974,313334,2015074574,6,67,67301,2015,5,1,2318,23,3,1,0,7,4, , ,N,1,3,0,3,0,0,1,1,N, ,40 00:51.570,75 10:41.163,2330, ,2330, ,0, , , ,3, , , , , , , , , ,1,1,0,0,0,0,0,0,0,0,0,0,0,0,0,0,0,0,1,0,0,0,0,0,0,0,0,0,0,0,0,0,0,0,0,0,0,40.0143,-75.1781, , 
28975,313337,2015078219,6,67,67301,2015,7,2,1735,17,1,1,0,5,1, , ,N,0,0,0,3,0,2,6,2,N, ,39 57:11.791,75 10:14.842,1742, ,1740,3,1,3, , ,0,N, , , , , , , , ,2,1,0,0,1,0,0,0,0,0,0,2,2,0,0,0,0,0,0,0,0,0,0,0,0,0,0,0,0,0,0,0,0,0,0,4,0,39.9533,-75.1708, , 
28976,313350,2015088749,6,67,67301,2015,8,2,1252,12,1,1,0,1,1, , ,N,1,2,0,3,0,1,2,2,N, ,39 58:08.398,75 14:14.222,1307, ,1258, ,0, , , ,3, , , , , , , , , ,2,1,0,0,0,0,1,0,0,0,0,1,1,0,0,0,0,0,0,0,1,0,0,0,0,0,0,0,0,0,0,0,0,0,0,4,0,39.969,-75.2372, , 
28977,313375,2015071463,6,67,67301,2015,6,4,1111,11,1,1,0,0,2, , ,N,0,0,0,3,0,1,1,1,N,N,39 58:57.229,75 12:28.424,1111, ,1111,3,1,3,N, ,0,N, , , , , , , , ,1,0,1,0,0,0,0,0,0,0,0,1,1,0,0,0,0,0,0,0,0,0,0,0,0,0,0,0,0,0,0,0,0,0,0,4,0,39.9826,-75.2079, , 
28978,313386,2015081120,6,67,67301,2015,7,3,830,8,1,1,8,7,4, , ,N,1,2,0,3,0,0,1,1,N,N,40 00:19.858,75 06:19.198,835, ,832,1,1,4,N, ,3,N, , , , , , , , ,1,1,0,0,0,0,0,0,0,0,0,0,0,0,0,0,0,0,0,0,0,0,0,0,0,0,0,0,0,0,0,0,0,0,0,0,0,40.0055,-75.1053, , 
28979,313388,2015084322,6,67,67301,2015,1,6,1730,17,3,1,0,5,4, , ,N,0,0,0,3,0,0,1,3,N,N,40 02:55.099,75 06:51.221,0, ,0, ,0, ,N, ,0, , , , , , , , , ,2,1,0,0,0,0,1,0,0,0,0,0,0,0,0,0,0,0,0,0,1,0,0,0,0,0,0,0,0,0,0,0,0,0,0,0,0,40.0486,-75.1142, , 
28980,316250,2015075245,6,67,67301,2015,7,4,1130,11,1,1,0,5,1, , ,N,0,2,0,3,0,0,1,3,N,N,39 55:28.174,75 09:51.152,1150, ,1138,9,1,1,N, ,9,Y, , , , , , , , ,3,3,0,0,0,0,0,0,0,0,0,0,0,0,0,0,0,0,0,0,0,0,0,0,0,0,0,0,0,0,0,0,0,0,0,0,0,39.9245,-75.1642, , 
28981,316253,2015058167,6,67,67301,2015,5,2,604,6,1,1,0,5,1, , ,N,0,0,0,3,0,0,2,2,N,N,39 58:34.953,75 11:45.833,609, ,605,1,1,3,N, ,0,N, , , , , , , , ,2,1,0,0,0,1,0,0,0,0,0,0,0,0,0,0,0,0,0,0,0,1,0,0,0,0,0,0,0,0,0,0,0,0,0,0,1,39.9764,-75.1961, , 
28982,316272,2015074397,6,67,67301,2015,7,6,1521,15,1,1,0,1,1,1,4,Y,0,0,0,3,0,0,3,3,N,N,40 01:32.147,75 01:42.666,1521,45,1521,2,1,2,N, ,0,N,Y,N,N,N,N,N,N,Y,3,2,0,0,0,0,1,0,0,0,0,0,0,0,0,0,0,0,0,0,1,0,0,0,0,0,0,0,0,0,0,0,0,0,0,0,0,40.0256,-75.0285, , 
28983,316278,2015080255,6,67,67301,2015,7,2,1420,14,1,1,0,8,1, , ,N,1,2,0,3,0,1,2,2,N, ,39 59:10.572,75 09:22.129,1424, ,1424,2,2,5, , ,3,Y, , , , , , , , ,1,1,0,0,0,0,0,0,0,0,1,0,1,0,0,0,0,0,0,0,1,0,0,0,0,0,0,0,0,0,0,0,1,0,0,3,0,39.9863,-75.1561, , 
28984,316283,2015082837,6,67,67301,2015,7,7,619,6,1,1,0,4,1, , ,N,0,0,2,3,0,0,2,2,N,N,39 57:33.649,75 10:49.848,639, ,629, ,0, ,N, ,0, , , , , , , , , ,2,1,0,0,1,0,0,0,0,0,0,0,0,0,0,0,0,0,0,0,0,0,0,0,0,0,0,0,0,0,0,0,0,0,0,0,0,39.9593,-75.1805, , 
28985,316297,2015061751,6,67,67301,2015,5,6,1154,11,1,1,0,7,4, , ,N,0,0,0,3,0,1,2,3,N,N,39 58:47.363,75 06:57.170,1159, ,1156, ,0, ,N, ,0, , , , , , , , , ,3,2,0,0,1,0,0,0,0,0,0,1,1,0,0,0,0,0,0,0,0,0,0,0,0,0,0,0,0,0,0,0,0,0,0,4,0,39.9798,-75.1159, , 
28986,316301,2015049125,6,67,67301,2015,4,5,257,2,3,1,0,7,4, , ,N,1,3,0,3,0,3,3,1,N,N,39 59:49.221,75 09:56.242,257, ,257, ,0, ,N, ,3, , , , , , , , , ,1,0,0,0,0,0,1,0,0,0,1,2,3,0,0,0,0,0,1,0,0,0,0,1,0,0,0,0,0,0,0,0,0,0,0,3,0,39.997,-75.1656, , 
28987,316305,2015053960,6,67,67301,2015,5,4,1950,19,3,1,0,4,1, , ,N,1,3,0,3,0,0,3,2,N,N,40 02:03.606,75 09:37.515,2024, ,2016, ,0, ,N, ,3, , , , , , , , , ,2,1,0,0,0,0,1,0,0,0,0,0,0,0,0,0,0,0,0,0,0,0,0,0,0,0,0,0,0,0,0,0,0,0,0,0,0,40.0343,-75.1604, , 
28988,316313,2015067934,6,67,67301,2015,6,4,1700,17,1,1,0,1,1, , ,N,0,0,0,3,0,0,7,4,N, ,39 58:10.818,75 08:28.127,1710, ,1707, ,0, , , ,0, , , , , , , , , ,4,2,0,0,0,0,2,0,0,0,0,0,0,0,0,0,0,0,0,0,0,0,0,2,0,0,0,0,0,0,0,0,0,0,0,0,0,39.9697,-75.1411, , 
28989,316318,2015070124,6,67,67301,2015,6,1,1900,19,1,1,0,1,1, , ,N,0,0,0,3,0,1,2,2,N, ,40 00:58.466,75 10:31.316,1907, ,1903,2,1,1, , ,0,N, , , , , , , , ,2,1,1,0,0,0,0,0,0,0,1,0,1,0,0,0,0,0,0,0,1,0,0,0,0,0,0,0,0,0,0,0,0,0,0,3,0,40.0162,-75.1754, , 
28990,316331,2015081595,6,67,67301,2015,8,2,2038,20,3,1,0,5,1, , ,N,0,0,0,3,0,1,4,2,N,N,39 58:05.712,75 07:45.843,2043, ,2038, ,0, ,N, ,0, , , , , , , , , ,2,1,0,0,0,0,1,0,0,0,0,0,1,1,0,0,0,0,0,0,0,0,0,0,0,0,0,0,0,0,0,0,0,0,0,8,0,39.9683,-75.1294, , 
28991,316334,2015084037,6,67,67301,2015,8,4,1631,16,1,1,0,1,1,1,4,Y,0,0,0,3,0,0,2,2,N,N,40 01:11.580,75 02:40.748,1717,45,1643,3,2,2,N, ,0,N,Y,N,N,N,Y,Y,N,Y,2,0,0,0,0,2,0,0,0,0,0,0,0,0,0,0,0,0,0,0,0,0,0,0,0,0,0,0,0,0,0,0,0,0,0,0,2,40.0199,-75.0447, , 
28992,316335,2015086209,6,67,67301,2015,8,6,1150,11,1,1,0,7,4, , ,N,1,2,1,3,0,1,1,1,N, ,40 00:49.881,75 05:10.693,1155, ,1151, ,0, , , ,3, , , , , , , , , ,1,0,0,0,1,0,0,0,0,1,0,0,1,0,0,0,0,0,0,0,0,0,0,0,0,0,0,0,0,0,0,0,0,0,0,2,0,40.0139,-75.0863, , 
28993,316343,2015059107,6,67,67301,2015,5,5,1450,14,1,1,0,4,1, , ,N,1,3,0,3,0,1,5,3,N, ,39 58:39.345,75 09:38.332,1621, ,1607, ,0, ,N, ,3, , , , , , , , , ,3,2,0,0,0,0,0,1,0,0,0,0,1,1,0,0,0,0,0,0,0,0,0,0,0,0,0,0,0,0,0,0,0,0,0,8,0,39.9776,-75.1606, , 
28994,316353,2015070679,6,67,67301,2015,6,7,2354,23,3,1,0,8,1, , ,N,1,2,0,3,0,1,2,2,N, ,39 54:56.483,75 09:46.254,2, ,2356, ,0, , , ,3, , , , , , , , , ,1,1,0,0,0,0,0,0,0,0,0,0,1,1,0,0,0,0,0,0,0,0,0,0,0,0,0,0,0,0,0,0,1,0,0,8,0,39.9157,-75.1629, , 
28995,316356,2015074959,6,67,67301,2015,6,1,155,1,3,2,1,7,2, , ,N,0,0,0,3,0,0,2,1,N,N,39 57:36.586,75 10:48.806,155, ,155,1,2,4,N, ,0,N, , , , , , , , ,1,1,0,0,0,0,0,0,0,0,0,0,0,0,0,0,0,0,0,0,0,0,0,0,0,0,0,0,0,0,0,0,0,0,0,0,0,39.9602,-75.1802, , 
28996,316376,2015100013,6,67,67301,2015,9,2,1825,18,4,1,0,1,1, , ,N,0,0,0,3,0,0,2,2,N,N,39 56:46.428,75 08:32.855,1835, ,1835,1,2,2,N, ,0,N, , , , , , , , ,2,1,0,0,0,0,0,1,0,0,0,0,0,0,0,0,0,0,0,0,0,0,0,0,0,0,0,0,0,0,0,0,0,0,0,0,0,39.9462,-75.1425, , 
28997,316385,2015106403,6,67,67301,2015,9,6,830,8,1,1,0,5,2, , ,N,0,0,0,3,0,0,2,3,N,N,39 58:19.941,75 14:51.846,844, ,837,3,2,6,N, ,0,Y, , , , , , , , ,3,2,0,0,1,0,0,0,0,0,0,0,0,0,0,0,1,0,0,0,0,0,0,0,0,0,0,0,0,0,0,0,0,0,0,0,0,39.9722,-75.2477, , 
28998,316386,2015106404,6,67,67301,2015,9,2,1030,10,1,1,0,4,1, , ,N,1,3,0,3,0,0,1,2,N, ,39 55:30.219,75 11:04.894,2338, ,2330,3,2,2, , ,3,N, , , , , , , , ,2,1,0,0,0,1,0,0,0,0,0,0,0,0,0,0,0,0,0,0,0,0,0,0,0,0,0,0,0,0,0,0,0,0,0,0,1,39.9251,-75.1847, , 
28999,319464,2015075281,6,67,67301,2015,7,6,2337,23,3,1,0,1,1, , ,N,1,2,0,3,0,2,4,2,N,N,39 54:57.588,75 09:52.288,2, ,2, ,0, ,N, ,3, , , , , , , , , ,2,0,0,0,0,0,2,0,0,0,0,2,2,0,1,0,0,0,0,0,0,0,0,1,0,0,0,0,0,0,0,0,0,0,0,4,0,39.9159,-75.1645, , 