objectid_1,objectid,crn,district,county,municipality,crash_year,crash_month,day_of_week,time_of_day,hour_of_day,illumination,weather,road_condition,collision_type,relation_to_road,work_zone_type,work_zone_loc,work_zone_ind,intersect_type,tcd_type,location_type,urban_rural,fatal_count,injury_count,person_count,total_units,sch_bus_ind,sch_zone_ind,latitude,longitude,arrival_tm,cons_zone_spd_lim,dispatch_tm,est_hrs_closed,lane_closed,ln_close_dir,ntfy_hiwy_maint,spec_juris_cd,tcd_func_cd,tfc_detour_ind,workers_pres,wz_close_detour,wz_flagger,wz_law_offcr_ind,wz_ln_closure,wz_moving,wz_other,wz_shlder_mdn,vehicle_count,automobile_count,motorcycle_count,bus_count,small_truck_count,heavy_truck_count,suv_count,van_count,bicycle_count,maj_inj_count,mod_inj_count,min_inj_count,tot_inj_count,unk_inj_deg_count,unk_inj_per_count,driver_count_16yr,driver_count_17yr,driver_count_18yr,driver_count_19yr,driver_count_20yr,driver_count_50_64yr,driver_count_65_74yr,driver_count_75plus,unbelted_occ_count,unb_death_count,unb_maj_inj_count,belted_death_count,belted_maj_inj_count,mcycle_death_count,mcycle_maj_inj_count,bicycle_death_count,bicycle_maj_inj_count,ped_count,ped_death_count,ped_maj_inj_count,max_severity_level,comm_veh_count,dec_lat,dec_long,rdwy_surf_type_cd,county_name
29000,319473,2015063967,6,67,67301,2015,6,2,2030,20,2,2,1,5,1, , ,N,0,0,0,3,0,0,2,2,N, ,39 56:40.411,75 09:18.061,2050, ,2045, ,0, , , ,0, , , , , , , , , ,2,2,0,0,0,0,0,0,0,0,0,0,0,0,0,0,0,0,0,0,0,0,0,2,0,0,0,0,0,0,0,0,0,0,0,0,0,39.9446,-75.155, , 
29001,319475,2015065459,6,67,67301,2015,6,2,1105,11,1,1,0,4,1, , ,N,1,2,0,3,0,2,3,2,N, ,39 58:07.419,75 08:03.924,1215, ,1213, ,0, , , ,3, , , , , , , , , ,2,1,0,0,0,0,0,1,0,0,1,0,2,1,0,0,0,0,0,0,0,0,0,0,0,0,0,0,0,0,0,0,0,0,0,3,0,39.9689,-75.1344, , 
29002,319489,2015103291,6,67,67301,2015,9,5,1526,15,1,1,0,1,1, , ,N,0,2,0,3,0,4,6,2,N, ,40 06:21.884,74 59:59.292,1532, ,1527,1,1,2, , ,3,N, , , , , , , , ,2,1,0,0,0,0,0,1,0,0,0,0,4,4,0,0,0,0,0,0,0,1,0,1,0,0,0,0,0,0,0,0,0,0,0,8,0,40.1061,-74.9998, , 
29003,319494,2015109221,6,67,67301,2015,10,3,9999,99,1,1,0,4,1, , ,N,1,2,0,3,0,1,2,2,N, ,40 00:14.091,75 13:14.544,1725, ,1720, ,0, , , ,3, , , , , , , , , ,2,1,0,0,1,0,0,0,0,0,0,1,1,0,0,0,0,0,0,1,1,0,0,0,0,0,0,0,0,0,0,0,0,0,0,4,0,40.0039,-75.2207, , 
29004,319502,2015111639,6,67,67301,2015,10,5,940,9,1,1,0,4,1, , ,N,1,2,0,3,0,2,2,2,N,N,40 03:04.263,75 07:06.962,946, ,940,2,2,6,N, ,3,Y, , , , , , , , ,2,0,0,0,0,0,1,1,0,0,0,0,2,2,0,0,0,0,0,0,0,0,0,0,0,0,0,0,0,0,0,0,0,0,0,8,0,40.0511,-75.1186, , 
29005,319503,2015112273,6,67,67301,2015,10,5,848,8,1,1,0,1,1, , ,N,0,0,0,3,0,1,2,2,N,N,39 57:28.662,75 09:45.127,904, ,851,2,2,4,N, ,0,N, , , , , , , , ,2,1,0,0,0,0,1,0,0,0,0,0,1,1,0,0,0,0,0,0,0,0,0,0,0,0,0,0,0,0,0,0,0,0,0,8,0,39.958,-75.1625, , 
29006,319505,2015117683,6,67,67301,2015,10,5,630,6,3,1,0,4,1, , ,N,0,0,0,3,0,1,2,2,N, ,39 57:04.765,75 09:19.654,638, ,635, ,0, , , ,0, , , , , , , , , ,2,1,0,0,0,0,0,1,0,0,1,0,1,0,0,0,0,0,0,0,0,0,0,0,0,0,0,0,0,0,0,0,0,0,0,3,0,39.9513,-75.1555, , 
29007,319510,2015120488,6,67,67301,2015,11,2,1710,17,1,1,0,8,1, , ,N,5,2,1,3,0,1,2,2,N,N,39 59:52.195,75 06:39.459,9999, ,2330, ,0, ,N, ,3, , , , , , , , , ,1,1,0,0,0,0,0,0,0,0,0,0,1,1,0,0,0,0,0,0,0,0,0,0,0,0,0,0,0,0,0,0,1,0,0,8,0,39.9978,-75.111, , 
29008,319521,2015133740,6,67,67301,2015,11,5,2133,21,3,1,0,1,1, , ,N,2,2,0,3,0,1,2,2,N,N,39 54:04.971,75 14:21.471,2133, ,2133,2,2,1,N, ,3,Y, , , , , , , , ,2,2,0,0,0,0,0,0,0,0,0,1,1,0,0,0,0,0,0,0,0,0,0,0,0,0,0,0,0,0,0,0,0,0,0,4,0,39.9014,-75.2393, , 
29009,319525,2015006048,6,67,67301,2015,1,3,1900,19,2,4,3,1,1, , ,N,1,3,0,3,0,1,3,2,N, ,40 00:02.174,75 07:14.217,1940, ,1930, ,0, , , ,3, , , , , , , , , ,2,2,0,0,0,0,0,0,0,0,0,0,1,1,0,0,0,0,0,0,0,0,0,0,0,0,0,0,0,0,0,0,0,0,0,8,0,40.0006,-75.1206, , 
29010,319537,2015069686,6,67,67301,2015,5,4,1745,17,1,1,0,8,1, , ,N,0,0,0,3,0,1,4,2,N,N,39 59:52.287,75 07:27.574,1749, ,1748, ,0, , , ,0, , , , , , , , , ,1,1,0,0,0,0,0,0,0,0,0,0,1,1,0,0,0,0,0,0,0,0,0,0,0,0,0,0,0,0,0,0,1,0,0,8,0,39.9979,-75.1243, , 
29011,319550,2015078691,6,67,67301,2015,7,4,10,0,3,1,0,8,1, , ,N,1,0,1,3,0,1,2,2,N, ,39 59:31.308,75 07:17.698,25, ,16, ,0, , , ,0, , , , , , , , , ,1,1,0,0,0,0,0,0,0,0,1,0,1,0,0,0,0,0,0,0,0,0,0,0,0,0,0,0,0,0,0,0,1,0,0,3,0,39.992,-75.1216, , 
29012,319559,2015086232,6,67,67301,2015,8,2,405,4,3,1,0,5,1, , ,N,0,0,0,3,0,1,1,3,N,N,39 55:10.752,75 10:14.319,420, ,412,2,1,1, , ,0,N, , , , , , , , ,3,2,0,0,0,0,0,1,0,0,0,1,1,0,0,0,0,0,0,0,0,0,0,0,0,0,0,0,0,0,0,0,0,0,0,4,0,39.9197,-75.1706, , 
29013,319561,2015088711,6,67,67301,2015,8,7,1450,14,1,1,0,3,1, , ,N,2,0,0,3,0,3,3,2,N,N,39 55:22.044,75 10:01.685,1615, ,1610, ,0, ,N, ,0, , , , , , , , , ,2,2,0,0,0,0,0,0,0,0,0,3,3,0,0,0,0,0,0,0,0,0,0,0,0,0,0,0,0,0,0,0,0,0,0,4,0,39.9228,-75.1671, , 
29014,319588,2015084023,6,67,67301,2015,8,2,730,7,1,1,0,1,1, , ,N,0,0,0,3,0,0,2,2,N,N,39 56:34.168,75 11:35.382,752, ,733, ,0, ,N, ,0, , , , , , , , , ,2,1,0,0,1,0,0,0,0,0,0,0,0,0,0,0,0,1,0,0,1,0,0,0,0,0,0,0,0,0,0,0,0,0,0,0,0,39.9428,-75.1932, , 
29015,319612,2015113181,6,67,67301,2015,10,7,710,7,1,2,1,7,4, , ,N,0,0,0,3,0,1,1,1,N, ,40 07:09.048,75 00:28.062,725, ,715, ,0, , , ,0, , , , , , , , , ,1,0,0,0,0,0,1,0,0,0,0,1,1,0,0,0,0,0,0,0,0,0,0,0,0,0,0,0,0,0,0,0,0,0,0,4,0,40.1192,-75.0078, , 
29016,319627,2015061892,6,67,67301,2015,5,6,1900,19,1,1,0,4,1, , ,N,1,3,0,3,0,1,2,2,N, ,39 58:41.556,75 09:55.328,1907, ,1902, ,0, , , ,3, , , , , , , , , ,1,0,0,0,0,0,1,0,1,0,0,1,1,0,0,0,0,0,0,0,0,0,0,0,0,0,0,0,0,0,0,0,0,0,0,4,0,39.9782,-75.1654, , 
29017,323322,2015096115,6,67,67301,2015,8,5,1647,16,1,1,0,4,1, , ,N,1,2,0,3,0,1,2,2,N,N,39 57:23.708,75 09:08.591,9999, ,9999, ,0, ,N, ,3, , , , , , , , , ,2,0,0,0,0,0,1,1,0,0,0,0,1,1,0,0,0,0,0,0,0,0,0,0,0,0,0,0,0,0,0,0,0,0,0,8,0,39.9566,-75.1524, , 
29018,323323,2015096118,6,67,67301,2015,8,5,2030,20,3,1,0,5,6, , ,N,0,0,0,3,0,2,4,2,N,N,39 58:47.703,75 10:17.505,2030, ,2030, ,0, ,N, ,0, , , , , , , , , ,2,1,0,0,0,0,1,0,0,0,0,0,2,2,0,0,0,0,0,0,0,0,0,0,0,0,0,0,0,0,0,0,0,0,0,8,0,39.9799,-75.1715, , 
29019,323336,2015061909,6,67,67301,2015,5,3,2150,21,3,1,0,4,1, , ,N,1,2,0,3,0,0,3,2,N,N,39 58:10.453,75 12:41.538,2204, ,2158, ,0, ,N, ,2, , , , , , , , , ,2,1,0,0,0,0,1,0,0,0,0,0,0,0,0,0,0,0,0,1,1,0,0,0,0,0,0,0,0,0,0,0,0,0,0,0,0,39.9697,-75.2115, , 
29020,323338,2015051479,6,67,67301,2015,4,7,1210,12,1,1,0,4,1, , ,N,1,2,0,3,0,0,4,2,N,N,39 57:25.696,75 12:51.617,1231, ,1217, ,0, ,N, ,3, , , , , , , , , ,2,1,0,0,0,0,1,0,0,0,0,0,0,0,4,0,0,0,0,0,1,0,0,0,0,0,0,0,0,0,0,0,0,0,0,9,0,39.9571,-75.2143, , 
29021,323346,2015059114,6,67,67301,2015,5,7,2145,21,3,1,0,4,1, , ,N,1,2,0,3,0,2,4,2,N,N,40 04:02.966,75 10:45.507,2157, ,2153, ,0, ,N, ,3, , , , , , , , , ,2,2,0,0,0,0,0,0,0,0,0,0,2,2,1,0,0,1,0,0,0,0,0,0,0,0,0,0,0,0,0,0,0,0,0,8,0,40.0675,-75.1793, , 
29022,323351,2015066258,6,67,67301,2015,6,6,1120,11,1,1,0,4,1, , ,N,2,3,0,3,0,1,2,3,N,N,40 02:03.015,75 01:33.437,1135, ,1127, ,0, ,N, ,3, , , , , , , , , ,3,2,0,0,0,0,1,0,0,0,0,1,1,0,0,0,0,0,0,0,0,0,0,0,0,0,0,0,0,0,0,0,0,0,0,4,0,40.0342,-75.026, , 
29023,323356,2015070259,6,67,67301,2015,6,1,725,7,1,2,1,7,2, , ,N,0,0,0,3,0,0,1,1,N,N,39 58:56.836,75 12:27.647,734, ,728,2,1,4,N, ,0,N, , , , , , , , ,1,1,0,0,0,0,0,0,0,0,0,0,0,0,0,0,0,0,0,0,0,0,0,0,0,0,0,0,0,0,0,0,0,0,0,0,0,39.9825,-75.2077, , 
29024,323362,2015078657,6,67,67301,2015,7,2,1355,13,1,1,0,1,1, , ,N,0,0,0,3,0,1,3,3,N, ,40 02:49.743,75 10:58.231,9999, ,9999, ,0, , , ,0, , , , , , , , , ,3,2,0,0,0,0,0,1,0,0,0,1,1,0,0,0,0,0,0,0,0,1,0,0,0,0,0,0,0,0,0,0,0,0,0,4,0,40.0472,-75.1828, , 
29025,323367,2015081077,6,67,67301,2015,7,7,1030,10,1,1,0,6,1, , ,N,0,0,0,3,0,1,2,2,N, ,40 04:18.595,75 01:46.707,1048, ,1038, ,0, , , ,0, , , , , , , , , ,2,2,0,0,0,0,0,0,0,0,0,1,1,0,0,0,0,0,0,0,0,0,0,0,0,0,0,0,0,0,0,0,0,0,0,4,0,40.0718,-75.0296, , 
29026,323373,2015092067,6,67,67301,2015,8,1,1213,12,1,1,0,4,1, , ,N,1,3,0,3,0,1,3,2,N, ,39 59:32.002,75 08:27.143,1227, ,1227, ,0, , , ,3, , , , , , , , , ,2,2,0,0,0,0,0,0,0,0,0,1,1,0,1,0,0,0,0,0,0,0,0,0,0,0,0,0,0,0,0,0,0,0,0,4,0,39.9921,-75.1409, , 
29027,323378,2015052297,6,67,67301,2015,4,5,1250,12,1,1,0,8,1, , ,N,0,0,0,3,0,1,2,2,N,N,39 59:47.454,75 06:35.794,1308, ,1306, ,0, ,N, ,0, , , , , , , , , ,1,1,0,0,0,0,0,0,0,0,0,0,1,1,0,0,0,0,0,0,1,0,0,0,0,0,0,0,0,0,0,0,1,0,0,8,0,39.9965,-75.1099, , 
29028,323392,2015083402,6,67,67301,2015,7,1,2000,20,1,1,0,1,1, , ,N,1,2,0,3,0,5,8,3,N, ,39 58:53.344,75 07:02.419,2010, ,2005, ,0, , , ,3, , , , , , , , , ,3,0,0,0,0,0,3,0,0,0,0,1,5,4,1,0,0,0,0,0,0,0,0,0,0,0,0,0,0,0,0,0,0,0,0,4,0,39.9815,-75.1173, , 
29029,323396,2015088676,6,67,67301,2015,8,6,905,9,1,1,0,4,1, , ,N,2,2,2,3,0,0,5,3,N,N,39 57:22.423,75 08:56.893,910, ,906,1,1,2,N, ,3,N, , , , , , , , ,3,1,0,0,0,0,2,0,0,0,0,0,0,0,0,0,0,0,0,0,0,0,0,0,0,0,0,0,0,0,0,0,0,0,0,0,0,39.9566,-75.1491, , 
29030,323399,2015091058,6,67,67301,2015,8,2,1830,18,1,1,0,8,1, , ,N,0,0,7,3,0,1,2,2,N, ,39 58:44.267,75 07:33.236,1951, ,1945, ,0, , , ,0, , , , , , , , , ,1,0,0,0,0,0,0,0,0,0,0,1,1,0,0,0,0,0,0,0,0,0,0,0,0,0,0,0,0,0,0,0,1,0,0,4,0,39.979,-75.1259, , 
29031,323406,2015098962,6,67,67301,2015,9,4,1140,11,1,1,0,4,1, , ,N,5,2,0,3,0,3,3,2,N,N,40 00:13.178,75 10:08.095,1147, ,1145, ,0, , , ,3, , , , , , , , , ,2,2,0,0,0,0,0,0,0,0,1,2,3,0,0,0,0,0,0,0,0,0,1,0,0,0,0,0,0,0,0,0,0,0,0,3,0,40.0037,-75.1689, , 
29032,323415,2015049163,6,67,67301,2015,4,6,1335,13,1,1,0,4,1, , ,N,1,0,0,3,0,0,2,2,N, ,39 58:13.918,75 08:12.469,1630, ,1630, ,0, , , ,0, , , , , , , , , ,2,1,0,0,0,0,0,1,0,0,0,0,0,0,0,0,0,1,0,0,0,0,0,2,0,0,0,0,0,0,0,0,0,0,0,0,0,39.9705,-75.1368, , 
29033,323423,2015056664,6,67,67301,2015,5,2,118,1,3,1,0,5,1, , ,N,7,0,2,3,0,0,2,2,N,N,40 00:12.647,75 04:38.645,136, ,120, ,0, ,N, ,0, , , , , , , , , ,2,2,0,0,0,0,0,0,0,0,0,0,0,0,1,0,0,0,0,1,0,0,0,0,0,0,0,0,0,0,0,0,0,0,0,9,0,40.0035,-75.0774, , 
29034,323443,2015075557,6,67,67301,2015,5,1,2315,23,3,1,0,0,1, , ,N,1,3,0,3,1,0,5,1,N,N,39 59:21.296,75 05:47.983,5, ,1, ,0, ,N,0,3, , , , , , , , , ,1,0,0,0,0,0,0,1,0,0,0,0,0,0,4,0,0,0,0,0,0,0,0,0,0,0,0,0,0,0,0,0,0,0,0,1,0,39.9892,-75.0967,2, 
29035,313398,2015092455,6,67,67301,2015,8,2,1613,16,1,1,0,4,1, , ,N,1,2,0,3,0,0,1,2,N,N,39 58:50.338,75 14:47.383,1613, ,1613, ,0, ,N, ,3, , , , , , , , , ,2,1,0,0,0,0,1,0,0,0,0,0,0,0,0,0,0,0,0,0,0,0,0,0,0,0,0,0,0,0,0,0,0,0,0,0,0,39.9806,-75.2465, , 
29036,313405,2015063971,6,67,67301,2015,5,1,9999,99,1,1,0,4,1, , ,N,0,0,0,3,0,1,2,2,N,N,40 02:34.297,75 08:58.115,1200, ,1150, ,0, ,N, ,0, , , , , , , , , ,1,0,0,0,1,0,0,0,1,0,0,0,1,1,0,0,0,0,0,0,0,0,0,0,0,0,0,0,0,0,0,0,0,0,0,8,0,40.0429,-75.1495, , 
29037,313408,2015066335,6,67,67301,2015,6,3,57,0,3,6,1,8,1, , ,N,0,0,0,3,0,1,2,2,N,N,39 57:06.769,75 09:33.945,100, ,59, ,0, ,N, ,0, , , , , , , , , ,1,0,0,0,0,0,0,0,0,1,0,0,1,0,0,0,0,0,0,0,0,0,0,0,0,0,0,0,0,0,0,0,1,0,1,2,0,39.9519,-75.1594, , 
29038,313413,2015053974,6,67,67301,2015,5,4,1155,11,1,1,0,4,1, , ,N,1,3,0,3,0,1,2,2,N, ,39 57:34.905,75 09:21.056,1203, ,1200, ,0, , , ,3, , , , , , , , , ,2,2,0,0,0,0,0,0,0,0,0,0,1,1,1,0,0,0,0,0,0,1,0,0,0,0,0,0,0,0,0,0,0,0,0,8,0,39.9597,-75.1558, , 
29039,313438,2015085290,6,67,67301,2015,7,3,1800,18,1,1,0,4,1, , ,N,1,2,0,3,0,1,2,2,N,N,39 57:00.784,75 14:13.909,1805, ,1800,2,1,1,N, ,3,N, , , , , , , , ,1,1,0,0,0,0,0,0,1,0,0,1,1,0,0,0,0,0,0,0,0,0,0,0,0,0,0,0,0,0,0,0,0,0,0,4,0,39.9502,-75.2372, , 
29040,313440,2015086199,6,67,67301,2015,8,3,1442,14,1,1,0,5,1, , ,N,1,2,0,3,0,1,1,2,N, ,40 00:05.796,75 07:42.898,1457, ,1450,9,1,1, , ,3,N, , , , , , , , ,2,2,0,0,0,0,0,0,0,0,0,0,1,1,0,0,0,0,0,0,1,0,0,0,0,0,0,0,0,0,0,0,0,0,0,8,0,40.0016,-75.1286, , 
29041,313449,2015100010,6,67,67301,2015,9,2,1840,18,1,1,0,1,1,1,4,Y,0,8,0,3,0,0,4,2,N,N,40 01:43.108,75 01:23.973,1842,45,1842,1,2,2,N, ,3,N,Y,N,N,N,N,N,N,Y,2,1,0,0,0,0,1,0,0,0,0,0,0,0,0,0,0,0,0,0,0,0,0,0,0,0,0,0,0,0,0,0,0,0,0,0,0,40.0286,-75.0233, , 
29042,313451,2015062737,6,67,67301,2015,5,1,1725,17,1,1,0,8,1, , ,N,0,0,0,3,0,1,2,2,N,N,39 59:11.102,75 10:11.464,1730, ,1725, ,0, ,N, ,0, , , , , , , , , ,1,1,0,0,0,0,0,0,0,0,0,1,1,0,0,0,0,0,0,0,0,0,0,0,0,0,0,0,0,0,0,0,1,0,0,4,0,39.9864,-75.1699, , 
29043,313473,2015092459,6,67,67301,2015,6,1,2115,21,3,1,0,8,1, , ,N,1,2,0,3,0,1,2,2,N,N,39 57:11.413,75 10:11.807,1108, ,1108, ,0, ,N, ,3, , , , , , , , , ,1,1,0,0,0,0,0,0,0,1,0,0,1,0,0,0,0,0,0,0,0,0,0,0,0,0,0,0,0,0,0,0,1,0,1,2,0,39.9532,-75.17, , 
29044,313489,2015108096,6,67,67301,2015,10,5,1535,15,1,1,0,7,2, , ,N,3,0,2,3,0,0,1,1,N,N,40 00:01.860,75 04:47.686,1557, ,1545, ,0, ,N, ,0, , , , , , , , , ,1,1,0,0,0,0,0,0,0,0,0,0,0,0,0,0,0,1,0,0,0,0,0,0,0,0,0,0,0,0,0,0,0,0,0,0,0,40.0003,-75.0836, , 
29045,313491,2015109215,6,67,67301,2015,10,2,215,2,3,1,0,1,1, , ,N,1,2,0,3,0,1,4,3,N,N,40 00:59.814,75 08:49.815,215, ,210, ,0, ,N, ,3, , , , , , , , , ,3,3,0,0,0,0,0,0,0,0,0,1,1,0,0,0,0,0,0,0,1,0,0,0,0,0,0,0,0,0,0,0,0,0,0,4,0,40.0166,-75.1472, , 
29046,313492,2015109255,6,67,67301,2015,10,4,1809,18,1,1,0,4,1, , ,N,1,3,0,3,0,1,2,2,N,N,39 59:09.790,75 10:00.393,1825, ,1814, ,0, ,N, ,3, , , , , , , , , ,2,1,0,0,1,0,0,0,0,0,0,0,1,1,0,0,0,0,0,0,0,0,0,0,0,0,0,0,0,0,0,0,0,0,0,8,0,39.9861,-75.1668, , 
29047,313493,2015109291,6,67,67301,2015,10,1,1720,17,1,1,0,4,1, , ,N,1,3,0,3,0,1,3,2,N,N,40 01:55.477,75 04:52.420,1740, ,1724, ,0, ,N, ,3, , , , , , , , , ,2,2,0,0,0,0,0,0,0,0,0,0,1,1,0,0,0,0,0,0,0,0,0,0,0,0,0,0,0,0,0,0,0,0,0,8,0,40.0321,-75.0812, , 
29048,313497,2015112135,6,67,67301,2015,10,6,1730,17,4,2,1,1,1, , ,N,0,0,0,3,0,2,6,4,N,N,39 55:23.429,75 14:45.163,1756, ,1756, ,0, ,N, ,0, , , , , , , , , ,4,3,0,0,0,0,1,0,0,0,0,2,2,0,0,0,0,0,0,0,2,0,0,4,0,0,0,0,0,0,0,0,0,0,0,4,0,39.9232,-75.2459, , 
29049,313509,2015085292,6,67,67301,2015,8,7,1641,16,1,1,0,4,1, , ,N,1,3,0,3,0,1,3,2,N,N,39 58:25.165,75 13:34.496,1700, ,1655, ,0, ,N, ,3, , , , , , , , , ,2,1,0,0,0,0,1,0,0,0,0,0,1,1,0,0,0,0,1,0,0,0,0,0,0,0,0,0,0,0,0,0,0,0,0,8,0,39.9737,-75.2262, , 
29050,313514,2015088748,6,67,67301,2015,8,1,135,1,3,1,1,1,1, , ,N,1,2,0,3,0,2,3,2,N, ,40 03:05.569,75 09:00.387,9999, ,9999, ,0, , , ,3, , , , , , , , , ,2,2,0,0,0,0,0,0,0,0,0,2,2,0,0,0,0,0,1,0,0,0,0,0,0,0,0,0,0,0,0,0,0,0,0,4,0,40.0515,-75.1501, , 
29051,313524,2015099091,6,67,67301,2015,9,4,2130,21,3,1,0,1,1, , ,N,2,2,0,3,0,2,2,2,N, ,40 01:31.022,75 04:35.543,2130, ,2130, ,0, , , ,3, , , , , , , , , ,2,2,0,0,0,0,0,0,0,0,1,1,2,0,0,0,0,0,0,0,1,0,0,0,0,0,0,0,0,0,0,0,0,0,0,3,0,40.0253,-75.0765, , 
29052,313528,2015105951,6,67,67301,2015,10,6,1036,10,1,2,1,8,1, , ,N,1,3,0,3,0,1,2,2,N,N,39 58:28.009,75 07:24.239,1045, ,1037, ,0, ,N, ,3, , , , , , , , , ,1,1,0,0,0,0,0,0,0,0,0,0,1,1,1,0,0,0,0,0,0,0,0,0,0,0,0,0,0,0,0,0,1,0,0,8,0,39.9744,-75.1234, , 
29053,316397,2015070191,6,67,67301,2015,6,2,1336,13,1,1,0,8,6, , ,N,0,0,0,3,0,1,2,2,N,N,39 59:32.760,75 08:33.004,1520, ,1515, ,0, ,N, ,0, , , , , , , , , ,1,1,0,0,0,0,0,0,0,0,0,1,1,0,0,0,0,0,0,0,0,0,0,0,0,0,0,0,0,0,0,0,1,0,0,4,0,39.9924,-75.1425, , 
29054,316398,2015070651,6,67,67301,2015,6,6,9999,99,1,1,0,4,1, , ,N,1,2,0,3,0,0,2,2,N,N,39 56:41.578,75 10:01.077,1405, ,1218,3,1,2,N, ,3,Y, , , , , , , , ,2,0,0,0,1,1,0,0,0,0,0,0,0,0,0,0,0,0,0,0,1,0,0,0,0,0,0,0,0,0,0,0,0,0,0,0,1,39.9449,-75.167, , 
29055,316409,2015091091,6,67,67301,2015,8,3,1732,17,1,1,0,4,1, , ,N,1,3,0,3,0,2,3,2,N, ,39 59:46.669,75 07:54.469,1733, ,1733, ,0, , , ,3, , , , , , , , , ,2,1,0,0,0,0,1,0,0,1,0,0,2,1,1,0,0,0,0,0,0,0,0,0,0,0,0,1,0,0,0,0,0,0,0,2,0,39.9963,-75.1318, , 
29056,316416,2015095683,6,67,67301,2015,8,5,1153,11,1,1,0,8,1, , ,N,1,2,0,3,0,1,2,2,N,N,39 57:05.248,75 12:02.699,1206, ,1204, ,0, ,N, ,3, , , , , , , , , ,1,1,0,0,0,0,0,0,0,0,0,1,1,0,0,0,0,0,0,0,0,0,0,0,0,0,0,0,0,0,0,0,1,0,0,4,0,39.9515,-75.2007, , 
29057,316438,2015061748,6,67,67301,2015,5,5,1730,17,1,1,0,7,4, , ,N,1,2,1,3,0,1,2,1,N,N,40 00:25.549,75 05:38.543,1750, ,1735, ,0, ,N, ,3, , , , , , , , , ,1,0,0,0,0,0,1,0,0,0,0,1,1,0,0,0,0,0,0,0,0,0,0,0,0,0,0,0,0,0,0,0,0,0,0,4,0,40.0071,-75.094, , 
29058,316442,2015069748,6,67,67301,2015,6,6,1800,18,1,1,0,4,1, , ,N,0,0,7,3,0,0,2,2,N,N,40 00:44.050,75 03:31.270,1815, ,1813,1,1,5,N, ,0,N, , , , , , , , ,2,0,0,0,0,1,1,0,0,0,0,0,0,0,0,0,0,0,0,0,2,0,0,0,0,0,0,0,0,0,0,0,0,0,0,0,1,40.0122,-75.0587, , 
29059,316467,2015084394,6,67,67301,2015,7,1,2345,23,3,1,0,4,1, , ,N,1,2,0,3,0,1,2,2,N, ,39 55:00.583,75 10:16.768,9, ,9, ,0, , , ,3, , , , , , , , , ,1,0,0,0,0,0,1,0,1,0,0,1,1,0,0,0,0,0,0,0,0,0,0,0,0,0,0,0,0,0,0,0,0,0,0,4,0,39.9168,-75.1713, , 
29060,316475,2015093551,6,67,67301,2015,8,7,528,5,1,1,0,7,3, , ,N,0,0,0,3,0,1,1,1,N,N,39 55:55.010,75 11:59.941,538, ,532,1,1,3,N, ,0,N, , , , , , , , ,1,1,0,0,0,0,0,0,0,0,0,1,1,0,0,0,0,0,0,0,0,0,0,0,0,0,0,0,0,0,0,0,0,0,0,4,0,39.9319,-75.2, , 
29061,316500,2015070171,6,67,67301,2015,6,3,818,8,1,1,0,4,1, , ,N,1,2,0,3,0,1,2,2,N, ,39 55:01.578,75 10:22.695,830, ,827, ,0, , , ,3, , , , , , , , , ,2,0,0,0,0,0,1,1,0,0,0,0,1,1,0,0,0,0,0,0,0,0,0,0,0,0,0,0,0,0,0,0,0,0,0,8,0,39.9171,-75.173, , 
29062,316505,2015073624,6,67,67301,2015,6,2,1430,14,1,1,0,4,1, , ,N,0,0,0,3,0,1,2,2,N,N,40 03:16.466,75 02:59.388,1635, ,1625, ,0, , , ,0, , , , , , , , , ,1,1,0,0,0,0,0,0,1,0,0,0,1,1,0,0,0,0,0,0,0,0,0,0,0,0,0,0,0,0,0,0,0,0,0,8,0,40.0546,-75.0498, , 
29063,316506,2015073674,6,67,67301,2015,6,5,1750,17,1,1,0,4,1, , ,N,1,2,0,3,0,2,6,2,N,N,39 54:52.617,75 09:53.387,1756, ,1753,1,1,2,N, ,3,N, , , , , , , , ,2,2,0,0,0,0,0,0,0,0,0,2,2,0,0,0,0,1,0,0,1,0,0,6,0,0,0,0,0,0,0,0,0,0,0,4,0,39.9146,-75.1648, , 
29064,316508,2015075826,6,67,67301,2015,7,2,707,7,1,1,0,4,1, , ,N,2,0,0,3,0,2,2,2,N, ,39 58:37.162,75 12:40.710,723, ,717, ,0, , , ,0, , , , , , , , , ,2,2,0,0,0,0,0,0,0,0,2,0,2,0,0,0,0,0,0,0,0,0,0,0,0,0,0,0,0,0,0,0,0,0,0,3,0,39.977,-75.2112, , 
29065,316513,2015078241,6,67,67301,2015,7,3,1310,13,1,1,0,1,1, , ,N,0,3,0,3,0,0,4,2,N,N,39 54:38.169,75 11:10.248,1318, ,1314, ,0, ,N, ,3, , , , , , , , , ,2,1,0,0,0,0,1,0,0,0,0,0,0,0,0,0,0,0,0,0,1,0,0,0,0,0,0,0,0,0,0,0,0,0,0,0,0,39.9106,-75.1862, , 
29066,316519,2015081134,6,67,67301,2015,7,1,448,4,3,1,0,7,4, , ,N,1,2,0,3,0,0,3,1,N, ,39 55:18.128,75 11:23.945,452, ,450, ,0, , , ,3, , , , , , , , , ,1,1,0,0,0,0,0,0,0,0,0,0,0,0,0,0,0,0,0,0,0,0,0,0,0,0,0,0,0,0,0,0,0,0,0,0,0,39.9217,-75.19, , 
29067,316524,2015084469,6,67,67301,2015,7,1,15,0,3,1,0,5,1, , ,N,2,0,0,3,0,1,2,2,N,N,39 55:57.385,75 09:10.097,36, ,17, ,0, ,N, ,0, , , , , , , , , ,1,0,0,0,0,0,0,0,1,0,0,1,1,0,0,0,0,0,0,0,0,0,0,0,0,0,0,0,0,0,0,0,0,0,0,4,0,39.9326,-75.1528, , 