objectid_1,objectid,crn,district,county,municipality,crash_year,crash_month,day_of_week,time_of_day,hour_of_day,illumination,weather,road_condition,collision_type,relation_to_road,work_zone_type,work_zone_loc,work_zone_ind,intersect_type,tcd_type,location_type,urban_rural,fatal_count,injury_count,person_count,total_units,sch_bus_ind,sch_zone_ind,latitude,longitude,arrival_tm,cons_zone_spd_lim,dispatch_tm,est_hrs_closed,lane_closed,ln_close_dir,ntfy_hiwy_maint,spec_juris_cd,tcd_func_cd,tfc_detour_ind,workers_pres,wz_close_detour,wz_flagger,wz_law_offcr_ind,wz_ln_closure,wz_moving,wz_other,wz_shlder_mdn,vehicle_count,automobile_count,motorcycle_count,bus_count,small_truck_count,heavy_truck_count,suv_count,van_count,bicycle_count,maj_inj_count,mod_inj_count,min_inj_count,tot_inj_count,unk_inj_deg_count,unk_inj_per_count,driver_count_16yr,driver_count_17yr,driver_count_18yr,driver_count_19yr,driver_count_20yr,driver_count_50_64yr,driver_count_65_74yr,driver_count_75plus,unbelted_occ_count,unb_death_count,unb_maj_inj_count,belted_death_count,belted_maj_inj_count,mcycle_death_count,mcycle_maj_inj_count,bicycle_death_count,bicycle_maj_inj_count,ped_count,ped_death_count,ped_maj_inj_count,max_severity_level,comm_veh_count,dec_lat,dec_long,rdwy_surf_type_cd,county_name
29136,316732,2015061749,6,67,67301,2015,5,4,1700,17,1,1,1,4,1, , ,N,0,0,1,3,0,1,2,2,N,N,39 59:43.100,75 06:55.954,140, ,1222, ,0, ,N, ,0, , , , , , , , , ,1,1,0,0,0,0,0,0,1,0,0,1,1,0,0,0,0,0,0,0,0,0,0,0,0,0,0,0,0,0,0,0,0,0,0,4,0,39.9953,-75.1155, , 
29137,316751,2015076553,6,67,67301,2015,7,7,2320,23,3,1,0,5,1, , ,N,1,2,0,3,0,0,5,2,N,N,40 00:22.269,75 09:06.895,2325, ,2322, ,0, ,N, ,3, , , , , , , , , ,2,2,0,0,0,0,0,0,0,0,0,0,0,0,2,0,0,0,0,0,0,0,0,0,0,0,0,0,0,0,0,0,0,0,0,9,0,40.0062,-75.1518, , 
29138,316755,2015080252,6,67,67301,2015,7,4,1240,12,1,2,1,5,6, , ,N,0,0,0,3,0,1,1,2,N,N,39 55:15.535,75 10:58.260,1245, ,1240, ,0, , , ,0, , , , , , , , , ,2,1,0,0,0,0,1,0,0,0,0,1,1,0,0,0,0,0,0,0,0,0,1,0,0,0,0,0,0,0,0,0,0,0,0,4,0,39.921,-75.1829, , 
29139,316757,2015083394,6,67,67301,2015,7,3,1100,11,1,1,0,4,1, , ,N,1,0,0,3,0,1,3,2,N,N,40 02:17.088,75 07:52.197,1200, ,1158, ,0, ,N, ,0, , , , , , , , , ,2,1,0,0,0,0,1,0,0,0,0,0,1,1,0,0,0,0,1,0,1,0,0,0,0,0,0,0,0,0,0,0,0,0,0,8,0,40.0381,-75.1312, , 
29140,316765,2015091122,6,67,67301,2015,8,3,1355,13,1,1,0,1,1, , ,N,0,0,0,3,0,1,3,2,N, ,40 02:44.001,74 59:43.221,1410, ,1403, ,0, , , ,0, , , , , , , , , ,2,0,1,0,0,0,1,0,0,0,1,0,1,0,0,0,0,0,0,0,0,0,0,0,0,0,0,0,0,0,0,0,0,0,0,3,0,40.0456,-74.9953, , 
29141,316768,2015095349,6,67,67301,2015,9,4,1810,18,1,1,0,1,1, , ,N,0,0,0,3,0,0,2,2,N,N,39 57:26.768,75 09:30.855,1820, ,1812, ,0, ,N, ,0, , , , , , , , , ,2,2,0,0,0,0,0,0,0,0,0,0,0,0,0,0,0,0,1,0,0,0,0,0,0,0,0,0,0,0,0,0,0,0,0,0,0,39.9574,-75.1586, , 
29142,316774,2015061744,6,67,67301,2015,5,1,2200,22,4,1,0,8,1, , ,N,2,0,0,3,0,1,2,2,N, ,40 02:17.695,75 08:41.269,2215, ,2200, ,0, , , ,0, , , , , , , , , ,1,0,0,0,0,0,1,0,0,0,1,0,1,0,0,0,0,0,0,0,1,0,0,0,0,0,0,0,0,0,0,0,1,0,0,3,0,40.0382,-75.1448, , 
29143,316781,2015069675,6,67,67301,2015,6,7,616,6,1,2,1,4,1, , ,N,1,3,0,3,0,1,4,2,N,N,40 01:35.410,75 02:31.777,616, ,616, ,0, , , ,3, , , , , , , , , ,2,1,0,0,0,0,1,0,0,0,0,0,1,1,0,0,0,0,0,0,1,0,0,3,0,0,0,0,0,0,0,0,0,0,0,8,0,40.0265,-75.0422, , 
29144,316787,2015069671,6,67,67301,2015,6,2,300,3,3,1,0,5,1, , ,N,0,0,0,3,0,2,9,3,N,N,40 00:38.525,75 11:03.778,300, ,300,3,2,2,N, ,0,N, , , , , , , , ,3,0,0,0,0,2,1,0,0,0,0,2,2,0,0,0,0,0,0,0,0,0,0,0,0,0,0,0,0,0,0,0,0,0,0,4,1,40.0107,-75.1844, , 
29145,319819,2015053964,6,67,67301,2015,5,7,1220,12,1,1,0,4,1, , ,N,1,2,0,3,0,2,2,2,N,N,40 01:28.408,75 07:50.218,1240, ,1234,1,2,2,N, ,3,Y, , , , , , , , ,2,2,0,0,0,0,0,0,0,0,0,0,2,2,0,0,0,0,0,0,0,1,0,0,0,0,0,0,0,0,0,0,0,0,0,8,0,40.0246,-75.1306, , 
29146,319821,2015058166,6,67,67301,2015,5,1,2116,21,3,1,0,1,1, , ,N,0,0,0,3,0,1,2,2,N,N,39 59:10.992,75 12:29.229,2123, ,2116,1,1,4,N, ,0,N, , , , , , , , ,2,1,1,0,0,0,0,0,0,0,1,0,1,0,0,0,0,0,0,0,1,0,0,0,0,0,0,0,0,0,0,0,0,0,0,3,0,39.9864,-75.2081, , 
29147,319826,2015061797,6,67,67301,2015,5,6,1124,11,1,1,0,4,1, , ,N,1,0,0,3,0,3,3,2,N,N,39 57:34.066,75 13:37.293,1149, ,1124, ,0, , , ,0, , , , , , , , , ,2,1,0,0,0,0,0,1,0,0,0,3,3,0,0,0,0,0,0,0,0,0,0,0,0,0,0,0,0,0,0,0,0,0,0,4,0,39.9595,-75.227, , 
29148,319832,2015068752,6,67,67301,2015,6,6,445,4,3,9,1,1,1, , ,N,0,0,0,3,0,4,7,4,N,N,40 02:10.413,75 05:55.251,510, ,500, ,0, ,N, ,0, , , , , , , , , ,4,2,0,0,0,0,2,0,0,0,0,4,4,0,0,0,0,0,0,1,0,1,0,0,0,0,0,0,0,0,0,0,0,0,0,4,0,40.0362,-75.0987, , 
29149,319849,2015089614,6,67,67301,2015,8,3,345,3,3,2,1,6,6, , ,N,0,0,0,3,0,0,2,4,N, ,39 57:57.690,75 08:24.712,351, ,347,3,2,2, , ,0,Y, , , , , , , , ,4,2,0,0,0,0,2,0,0,0,0,0,0,0,0,0,0,0,0,0,0,0,0,0,0,0,0,0,0,0,0,0,0,0,0,0,0,39.966,-75.1402, , 
29150,319854,2015092969,6,67,67301,2015,8,6,2350,23,3,1,0,8,1, , ,N,0,0,0,3,0,1,2,2,N, ,39 55:02.560,75 12:49.590,2350, ,2352, ,0, , , ,0, , , , , , , , , ,1,0,0,0,0,0,1,0,0,1,0,0,1,0,0,0,0,0,0,0,0,0,0,0,0,0,0,0,0,0,0,0,1,0,1,2,0,39.9174,-75.2138, , 
29151,319866,2015065470,6,67,67301,2015,5,5,948,9,1,1,0,5,4, , ,N,0,0,0,3,0,1,2,2,N,N,39 57:15.774,75 11:31.663,950, ,950, ,0, ,N, ,0, , , , , , , , , ,1,1,0,0,0,0,0,0,1,0,0,0,1,1,0,0,0,0,0,0,1,0,0,1,0,0,0,0,0,0,0,0,0,0,0,8,0,39.9544,-75.1921, , 
29152,319889,2015078272,6,67,67301,2015,7,2,705,7,1,1,0,4,1, , ,N,1,2,0,3,0,1,2,2,N,N,40 01:45.310,75 05:23.878,715, ,705,9,2,2,N, ,3,Y, , , , , , , , ,1,1,0,0,0,0,0,0,1,0,1,0,1,0,1,0,0,0,0,0,0,0,0,0,0,0,0,0,0,0,0,0,0,0,0,3,0,40.0291,-75.0899, , 
29153,319892,2015078687,6,67,67301,2015,7,5,2115,21,3,1,0,1,6, , ,N,0,0,0,3,0,1,2,3,N, ,40 00:00.321,75 06:00.520,2128, ,2123, ,0, , , ,0, , , , , , , , , ,2,0,0,0,0,0,1,0,0,0,0,1,1,0,0,0,0,0,0,0,0,0,0,0,0,0,0,0,0,0,0,0,1,0,0,4,0,40.0001,-75.1001, , 
29154,319897,2015082847,6,67,67301,2015,7,7,1007,10,1,1,0,4,1, , ,N,0,0,0,3,0,0,5,2,N,N,39 57:28.062,75 09:42.987,1015, ,1012, ,0, ,N, ,0, , , , , , , , , ,2,1,0,0,0,0,1,0,0,0,0,0,0,0,0,0,0,0,0,0,0,0,0,0,0,0,0,0,0,0,0,0,0,0,0,0,0,39.9578,-75.1619, , 
29155,319898,2015083369,6,67,67301,2015,7,4,930,9,1,1,0,0,1, , ,N,0,0,0,3,0,1,2,1,N,N,39 54:56.001,75 10:41.782,945, ,939, ,0, ,N, ,0, , , , , , , , , ,1,0,0,0,0,1,0,0,0,0,0,1,1,0,0,0,0,0,0,0,0,0,0,0,0,0,0,0,0,0,0,0,0,0,0,4,1,39.9156,-75.1783, , 
29156,319899,2015083374,6,67,67301,2015,7,4,640,6,1,1,0,4,1, , ,N,1,2,0,3,0,1,2,2,N,N,39 58:41.518,75 09:14.922,644, ,640, ,0, ,N, ,3, , , , , , , , , ,2,2,0,0,0,0,0,0,0,0,1,0,1,0,0,0,0,0,0,0,0,0,0,0,0,0,0,0,0,0,0,0,0,0,0,3,0,39.9781,-75.1541, , 
29157,319902,2015085312,6,67,67301,2015,7,6,1900,19,1,1,0,1,1, , ,N,0,2,0,3,0,1,3,2,N,N,40 03:41.284,75 09:04.788,1924, ,1919,1,1,2,N, ,3,N, , , , , , , , ,2,2,0,0,0,0,0,0,0,0,0,1,1,0,0,0,0,0,0,0,0,0,0,0,0,0,0,0,0,0,0,0,0,0,0,4,0,40.0615,-75.1513, , 
29158,319913,2015063888,6,67,67301,2015,6,6,1558,15,1,1,0,4,1, , ,N,1,2,0,3,0,1,2,2,N,N,39 56:29.130,75 08:51.356,1614, ,1558, ,0, ,N, ,3, , , , , , , , , ,2,1,0,0,0,0,1,0,0,0,0,0,1,1,0,0,0,0,0,0,1,0,0,0,0,0,0,0,0,0,0,0,0,0,0,8,0,39.9414,-75.1476, , 
29159,319919,2015073623,6,67,67301,2015,6,5,1710,17,1,1,0,4,1, , ,N,1,3,0,3,0,1,3,2,N,N,39 56:00.960,75 10:58.119,1715, ,1714, ,0, ,N, ,3, , , , , , , , , ,1,1,0,0,0,0,0,0,1,0,0,1,1,0,0,0,0,0,0,0,1,0,0,0,0,0,0,0,0,0,0,0,0,0,0,4,0,39.9336,-75.1828, , 
29160,319933,2015088684,6,67,67301,2015,8,2,1422,14,1,1,0,4,1, , ,N,1,2,0,3,0,1,3,2,N,N,39 58:07.419,75 08:03.924,1422, ,1422, ,0, ,N, ,3, , , , , , , , , ,2,0,1,0,0,0,1,0,0,0,0,1,1,0,0,0,0,0,0,0,1,0,0,0,0,0,0,0,0,0,0,0,0,0,0,4,0,39.9689,-75.1344, , 
29161,319948,2015103360,6,67,67301,2015,9,1,1906,19,4,1,0,1,6, , ,N,0,0,0,3,0,1,1,3,N,N,40 00:57.600,75 06:40.800,30, ,20, ,0, ,N, ,0, , , , , , , , , ,3,0,0,0,1,0,1,1,0,0,0,0,1,1,0,0,0,0,0,0,0,0,0,0,0,0,0,0,0,0,0,0,0,0,0,8,0,40.016,-75.1113, , 
29162,319951,2015109283,6,67,67301,2015,10,1,2257,22,2,1,0,5,6, , ,N,0,0,0,3,0,0,1,4,N,N,40 02:36.615,75 13:36.559,9999, ,2257, ,0, , , ,0, , , , , , , , , ,4,1,0,0,1,0,2,0,0,0,0,0,0,0,0,0,0,0,0,0,0,0,0,1,0,0,0,0,0,0,0,0,0,0,0,0,0,40.0435,-75.2268, , 
29163,322875,2015066249,6,67,67301,2015,6,2,2040,20,3,2,1,8,1, , ,N,0,2,0,3,0,1,2,2,N,N,40 00:40.121,75 10:39.125,2045, ,2043, ,0, ,N, ,3, , , , , , , , , ,1,0,0,0,0,0,1,0,0,1,0,0,1,0,0,0,0,0,0,0,0,1,0,0,0,0,0,0,0,0,0,0,1,0,1,2,0,40.0111,-75.1775, , 
29164,322883,2015073711,6,67,67301,2015,7,7,2155,21,3,1,0,4,1, , ,N,0,0,7,3,0,1,2,2,N, ,39 56:13.678,75 09:40.292,2208, ,2201,1,1,3, , ,0,N, , , , , , , , ,2,1,1,0,0,0,0,0,0,0,1,0,1,0,0,0,0,0,0,0,1,0,0,0,0,0,0,0,0,0,0,0,0,0,0,3,0,39.9371,-75.1612, , 
29165,322891,2015085268,6,67,67301,2015,8,7,1,0,3,1,0,4,1, , ,N,2,3,0,3,0,2,3,2,N,N,40 00:23.608,75 10:00.627,20, ,19, ,0, ,N, ,3, , , , , , , , , ,2,1,0,0,0,0,1,0,0,0,1,1,2,0,0,0,0,0,0,0,0,0,0,1,0,0,0,0,0,0,0,0,0,0,0,3,0,40.0066,-75.1668, , 
29166,322897,2015061845,6,67,67301,2015,5,5,1352,13,1,2,1,1,1, , ,N,2,0,0,3,0,1,2,2,N,N,40 06:24.778,75 01:17.277,1355, ,1352, ,0, ,N, ,0, , , , , , , , , ,2,1,0,0,0,0,1,0,0,0,0,0,1,1,0,0,0,1,0,0,1,0,0,0,0,0,0,0,0,0,0,0,0,0,0,8,0,40.1069,-75.0215, , 
29167,322910,2015071472,6,67,67301,2015,6,1,2031,20,3,1,0,1,1, , ,N,0,0,0,3,0,3,5,2,N,N,39 57:26.811,75 09:31.177,2041, ,2031,1,1,4,N, ,0,N, , , , , , , , ,2,0,0,0,0,0,2,0,0,0,0,0,3,3,0,0,0,0,0,0,0,0,0,0,0,0,0,0,0,0,0,0,0,0,0,8,0,39.9574,-75.1587, , 
29168,322913,2015073507,6,67,67301,2015,7,4,1839,18,1,1,0,1,1, , ,N,0,0,0,3,0,1,2,2,N,N,39 57:31.590,75 10:12.157,1913, ,1855, ,0, ,N, ,0, , , , , , , , , ,2,2,0,0,0,0,0,0,0,0,0,1,1,0,0,0,0,0,0,0,0,0,0,0,0,0,0,0,0,0,0,0,0,0,0,4,0,39.9588,-75.17, , 
29169,322932,2015093525,6,67,67301,2015,8,7,1059,10,1,1,0,7,4, , ,N,0,0,0,3,0,1,1,1,N,N,39 57:37.459,75 10:54.337,1130, ,1111, ,0, ,Y, ,0, , , , , , , , , ,1,1,0,0,0,0,0,0,0,0,0,1,1,0,0,0,0,0,0,0,0,0,0,0,0,0,0,0,0,0,0,0,0,0,0,4,0,39.9604,-75.1818, , 
29170,322947,2015056481,6,67,67301,2015,5,2,1532,15,1,1,0,5,6, , ,N,0,0,0,3,0,1,1,2,N,N,39 58:29.773,75 08:18.474,1532, ,1532, ,0, ,N, ,0, , , , , , , , , ,2,1,0,0,0,1,0,0,0,0,0,1,1,0,0,0,0,0,0,0,0,0,0,0,0,0,0,0,0,0,0,0,0,0,0,4,0,39.9749,-75.1385, , 
29171,322948,2015056559,6,67,67301,2015,5,4,900,9,1,1,0,4,1, , ,N,2,2,0,3,0,3,4,2,N, ,39 57:09.624,75 09:54.855,930, ,920, ,0, , , ,3, , , , , , , , , ,2,1,0,0,0,1,0,0,0,0,0,2,3,1,0,0,0,0,0,0,1,0,0,0,0,0,0,0,0,0,0,0,0,0,0,4,1,39.9526,-75.1653, , 
29172,322951,2015063855,6,67,67301,2015,5,6,1405,14,1,1,0,5,1, , ,N,0,0,0,3,0,1,2,2,N, ,39 57:14.076,75 12:03.011,1414, ,1413, ,0, , , ,0, , , , , , , , , ,1,1,0,0,0,0,0,0,1,0,0,1,1,0,0,0,0,0,0,0,0,0,0,0,0,0,0,0,0,0,0,0,0,0,0,4,0,39.9539,-75.2008, , 
29173,322954,2015066190,6,67,67301,2015,6,4,132,1,3,1,0,8,1, , ,N,1,2,0,3,0,1,2,2,N,N,40 01:31.669,75 07:24.547,139, ,134,3,1,1,N, ,3,Y, , , , , , , , ,1,1,0,0,0,0,0,0,0,0,0,0,1,1,1,0,0,0,0,0,0,0,0,0,0,0,0,0,0,0,0,0,1,0,0,8,0,40.0255,-75.1235, , 
29174,322971,2015085347,6,67,67301,2015,8,4,425,4,3,1,0,4,1, , ,N,1,2,0,3,0,2,3,2,N,N,39 54:14.619,75 14:25.049,428, ,426, ,0, ,N, ,3, , , , , , , , , ,2,2,0,0,0,0,0,0,0,0,0,0,2,2,0,0,0,0,0,0,0,0,0,0,0,0,0,0,0,0,0,0,0,0,0,8,0,39.904,-75.2401, , 
29175,322981,2015099019,6,67,67301,2015,9,5,747,7,3,2,1,8,1, , ,N,1,2,0,3,0,1,2,2,N, ,39 57:32.690,75 10:19.285,1952, ,1950, ,0, , , ,3, , , , , , , , , ,1,1,0,0,0,0,0,0,0,0,0,1,1,0,0,0,0,0,0,0,0,0,0,0,0,0,0,0,0,0,0,0,1,0,0,4,0,39.9591,-75.172, , 
29176,322985,2015105399,6,67,67301,2015,9,4,1825,18,1,1,0,4,1, , ,N,2,0,2,3,0,1,2,2,N,N,39 59:11.983,75 12:29.919,1825, ,1825,2,1,3,N, ,0,N, , , , , , , , ,2,1,0,0,1,0,0,0,0,0,0,1,1,0,0,0,0,0,0,0,0,0,0,0,0,0,0,0,0,0,0,0,0,0,0,4,0,39.9867,-75.2083, , 
29177,322987,2015106408,6,67,67301,2015,9,3,1640,16,1,1,0,4,1, , ,N,1,2,0,3,0,0,3,2,N, ,39 58:46.461,75 10:15.811,9999, ,9999, ,0, , , ,3, , , , , , , , , ,2,2,0,0,0,0,0,0,0,0,0,0,0,0,0,0,0,0,0,0,0,0,0,2,0,0,0,0,0,0,0,0,0,0,0,0,0,39.9796,-75.1711, , 
29178,322993,2015061850,6,67,67301,2015,5,2,443,4,2,1,0,4,1, , ,N,1,2,0,3,0,3,4,2,N,N,39 57:14.396,75 13:48.057,1922, ,1922,9,1,3, , ,3,N, , , , , , , , ,2,1,0,0,0,0,0,1,0,0,1,1,3,1,0,0,0,0,0,0,1,0,0,0,0,0,0,0,0,0,0,0,0,0,0,3,0,39.954,-75.23, , 
29179,322994,2015061874,6,67,67301,2015,5,1,1405,14,1,1,0,4,1, , ,N,1,3,0,3,0,1,2,2,N,N,40 01:06.992,75 10:59.131,1452, ,1407, ,0, ,N, ,3, , , , , , , , , ,2,2,0,0,0,0,0,0,0,0,0,1,1,0,0,0,0,0,0,1,1,0,0,0,0,0,0,0,0,0,0,0,0,0,0,4,0,40.0186,-75.1831, , 
29180,323000,2015088804,6,67,67301,2015,8,4,235,2,3,1,0,4,1, , ,N,2,2,0,3,0,1,3,2,N,N,40 00:15.259,75 04:38.425,259, ,257, ,0, ,N, ,3, , , , , , , , , ,2,1,0,0,0,1,0,0,0,0,0,1,1,0,0,0,0,0,0,0,0,0,0,2,0,0,0,0,0,0,0,0,0,0,0,4,1,40.0042,-75.0773, , 
29181,313639,2015091090,6,67,67301,2015,8,7,1520,15,1,1,0,1,1, , ,N,0,0,0,3,0,2,3,2,N,N,39 54:32.678,75 11:35.831,1540, ,1525,1,1,2,N, ,0,N, , , , , , , , ,2,1,0,0,0,0,1,0,0,0,0,2,2,0,0,0,0,0,0,0,1,0,0,0,0,0,0,0,0,0,0,0,0,0,0,4,0,39.9091,-75.1933, , 
29182,313648,2015054572,6,67,67301,2015,5,2,552,5,1,1,0,1,1, , ,N,0,0,0,3,0,0,3,3,N,N,39 58:05.902,75 07:47.329,613, ,552, ,0, ,N, ,0, , , , , , , , , ,3,0,0,0,1,0,2,0,0,0,0,0,0,0,0,0,0,0,0,0,2,0,0,0,0,0,0,0,0,0,0,0,0,0,0,0,0,39.9683,-75.1298, , 
29183,313672,2015091105,6,67,67301,2015,8,4,640,6,5,1,0,4,1, , ,N,0,0,7,3,0,0,2,2,N,N,40 07:54.263,75 00:44.891,645, ,643, ,0, ,N, ,0, , , , , , , , , ,2,1,0,0,0,0,0,1,0,0,0,0,0,0,0,0,0,0,1,0,0,1,0,0,0,0,0,0,0,0,0,0,0,0,0,0,0,40.1317,-75.0125, , 
29184,313687,2015106401,6,67,67301,2015,9,2,648,6,1,1,0,4,1, , ,N,1,2,0,3,0,2,2,3,N,N,39 57:38.492,75 14:35.151,700, ,654, ,0, ,N, ,3, , , , , , , , , ,3,1,0,0,1,0,0,1,0,0,0,0,2,2,0,0,0,0,0,0,0,1,0,0,0,0,0,0,0,0,0,0,0,0,0,8,0,39.9607,-75.243, , 
29185,313694,2015056554,6,67,67301,2015,5,1,1613,16,1,1,0,4,1, , ,N,1,2,0,3,0,1,2,2,N,N,39 59:30.040,75 10:24.142,1650, ,1644, ,0, ,N, ,3, , , , , , , , , ,2,2,0,0,0,0,0,0,0,0,0,0,1,1,0,0,0,0,0,0,1,0,0,0,0,0,0,0,0,0,0,0,0,0,0,8,0,39.9917,-75.1734, , 
29186,313702,2015070582,6,67,67301,2015,5,4,2310,23,3,1,0,1,1, , ,N,0,0,0,3,0,2,3,2,N, ,40 01:34.517,75 07:15.705,2329, ,2317,4,1,2, , ,0,N, , , , , , , , ,2,1,0,0,0,0,1,0,0,0,0,1,2,1,1,0,0,0,0,0,0,0,1,1,0,0,0,0,0,0,0,0,0,0,0,4,0,40.0263,-75.121, , 
29187,313706,2015077829,6,67,67301,2015,7,4,1758,17,1,1,0,5,6, , ,N,0,0,0,3,0,0,1,3,N,N,40 01:44.430,75 10:17.518,1825, ,1820, ,0, ,N, ,0, , , , , , , , , ,3,2,0,0,0,0,1,0,0,0,0,0,0,0,0,0,0,0,0,0,0,0,0,0,0,0,0,0,0,0,0,0,0,0,0,0,0,40.029,-75.1715, , 
29188,313712,2015084443,6,67,67301,2015,7,4,1049,10,1,1,0,4,1, , ,N,0,3,0,3,0,0,2,2,N, ,40 03:39.580,75 04:59.266,1115, ,1112, ,0, , , ,3, , , , , , , , , ,2,1,0,0,0,0,1,0,0,0,0,0,0,0,0,0,0,0,0,0,0,0,0,0,0,0,0,0,0,0,0,0,0,0,0,0,0,40.061,-75.0831, , 
29189,313715,2015085260,6,67,67301,2015,8,3,1856,18,1,1,0,8,1, , ,N,1,2,0,3,0,1,2,2,N,N,39 59:29.371,75 08:53.732,1915, ,1902, ,0, ,N, ,3, , , , , , , , , ,1,0,0,1,0,0,0,0,0,0,0,1,1,0,0,0,0,0,0,0,1,0,0,0,0,0,0,0,0,0,0,0,1,0,0,4,1,39.9915,-75.1483, , 
29190,313719,2015088703,6,67,67301,2015,8,7,1730,17,1,1,0,1,1, , ,N,0,0,0,3,0,3,5,3,N, ,39 59:16.175,75 06:27.557,1734, ,1731, ,0, , , ,0, , , , , , , , , ,3,0,0,0,0,0,2,1,0,0,0,0,3,3,0,0,0,0,0,0,0,1,0,0,0,0,0,0,0,0,0,0,0,0,0,8,0,39.9878,-75.1077, , 
29191,313721,2015091093,6,67,67301,2015,8,4,1709,17,1,1,0,4,1, , ,N,1,2,2,3,0,1,2,2,N,N,39 56:50.808,75 11:15.478,1729, ,1709, ,0, , , ,3, , , , , , , , , ,1,1,0,0,0,0,0,0,1,1,0,0,1,0,0,0,0,0,0,0,0,0,0,0,0,0,0,0,0,0,0,1,0,0,0,2,0,39.9474,-75.1876, , 
29192,313730,2015099150,6,67,67301,2015,9,6,1049,10,1,1,0,4,1, , ,N,0,0,0,3,0,2,2,2,N,N,40 04:56.637,74 57:58.662,1052, ,1049,9,1,4,N, ,0,N, , , , , , , , ,2,2,0,0,0,0,0,0,0,0,0,0,2,2,0,0,0,0,0,0,0,1,1,0,0,0,0,0,0,0,0,0,0,0,0,8,0,40.0824,-74.9663, , 
29193,313740,2015069680,6,67,67301,2015,6,1,2312,23,3,1,0,7,5, , ,N,0,0,0,3,0,0,1,1,N,N,40 01:33.833,75 11:57.791,2316, ,2312, ,0, ,N, ,0, , , , , , , , , ,1,1,0,0,0,0,0,0,0,0,0,0,0,0,0,0,0,0,0,0,0,0,0,1,0,0,0,0,0,0,0,0,0,0,0,0,0,40.0261,-75.1994, , 
29194,313790,2015045435,6,67,67301,2015,4,2,1423,14,1,1,0,4,1, , ,N,2,2,2,3,0,2,3,2,N,N,39 52:54.036,75 15:12.278,1442, ,1432,1,2,3, , ,3,N, , , , , , , , ,2,1,0,0,0,0,1,0,0,0,0,2,2,0,0,0,0,0,0,0,0,0,0,0,0,0,0,0,0,0,0,0,0,0,0,4,0,39.8814,-75.2535, , 
29195,313796,2015103329,6,67,67301,2015,9,5,1325,13,1,1,0,1,1, , ,N,0,0,0,3,0,1,5,3,N, ,40 04:09.052,75 01:49.764,1332, ,1330, ,0, , , ,0, , , , , , , , , ,3,2,0,0,0,0,0,1,0,0,0,0,1,1,0,0,0,0,0,0,0,0,2,0,0,0,0,0,0,0,0,0,0,0,0,8,0,40.0692,-75.0305, , 
29196,313830,2015129953,6,67,67301,2015,11,6,1405,14,1,1,0,1,6, , ,N,0,0,0,3,0,1,2,2,N,N,40 02:03.298,75 06:54.231,1415, ,1410, ,0, ,N, ,0, , , , , , , , , ,2,1,0,0,0,0,0,1,0,0,0,1,1,0,0,0,0,0,0,0,1,0,0,0,0,0,0,0,0,0,0,0,0,0,0,4,0,40.0342,-75.1151, , 
29197,313835,2015133334,6,67,67301,2015,12,3,1131,11,1,2,1,1,1, , ,N,0,0,0,3,0,0,3,2,N,N,39 57:25.502,75 09:09.122,1137, ,1133,1,1,4,N, ,0,N, , , , , , , , ,2,1,0,0,0,0,0,0,0,0,0,0,0,0,1,0,0,0,0,0,0,0,0,0,0,0,0,0,0,0,0,0,0,0,0,9,0,39.9571,-75.1525, , 
29198,313843,2015066339,6,67,67301,2015,6,3,1045,10,1,1,0,4,1, , ,N,1,2,0,3,0,0,2,2,N,N,39 54:14.563,75 14:24.409,1058, ,1051, ,0, ,N, ,3, , , , , , , , , ,2,1,0,0,0,1,0,0,0,0,0,0,0,0,0,0,0,0,0,0,1,0,1,0,0,0,0,0,0,0,0,0,0,0,0,0,1,39.904,-75.2401, , 
29199,316788,2015070119,6,67,67301,2015,6,2,450,4,5,1,0,1,1, , ,N,2,3,0,3,0,1,2,2,N,N,39 58:47.773,75 13:09.340,510, ,500, ,0, ,N, ,3, , , , , , , , , ,2,0,0,0,0,1,1,0,0,0,0,1,1,0,0,0,0,0,0,0,1,0,0,0,0,0,0,0,0,0,0,0,0,0,0,4,1,39.9799,-75.2193, , 
29200,316817,2015109320,6,67,67301,2015,10,6,2355,23,3,1,0,8,1, , ,N,0,0,0,3,0,1,2,2,N,N,39 57:49.410,75 11:59.161,2358, ,2358, ,0, ,N, ,0, , , , , , , , , ,1,1,0,0,0,0,0,0,0,0,0,1,1,0,0,0,0,0,0,0,0,0,0,0,0,0,0,0,0,0,0,0,1,0,0,4,0,39.9637,-75.1998, , 
29201,316832,2015056551,6,67,67301,2015,5,1,2125,21,3,1,0,1,1, , ,N,0,0,0,3,0,1,2,2,N,N,39 55:21.802,75 09:24.670,2130, ,2130, ,0, , , ,0, , , , , , , , , ,1,1,0,0,0,0,0,0,1,0,0,1,1,0,0,0,0,0,0,0,0,0,0,0,0,0,0,0,0,0,0,0,0,0,0,4,0,39.9227,-75.1569, , 
29202,316838,2015066338,6,67,67301,2015,6,6,200,2,3,2,1,5,6, , ,N,0,0,0,3,0,1,1,3,N,N,40 00:36.180,75 11:45.027,205, ,201,2,2,3,N, ,0,Y, , , , , , , , ,3,0,0,0,0,0,3,0,0,0,0,1,1,0,0,0,0,0,0,0,0,0,0,0,0,0,0,0,0,0,0,0,0,0,0,4,0,40.0101,-75.1958, , 