objectid_1,objectid,crn,district,county,municipality,crash_year,crash_month,day_of_week,time_of_day,hour_of_day,illumination,weather,road_condition,collision_type,relation_to_road,work_zone_type,work_zone_loc,work_zone_ind,intersect_type,tcd_type,location_type,urban_rural,fatal_count,injury_count,person_count,total_units,sch_bus_ind,sch_zone_ind,latitude,longitude,arrival_tm,cons_zone_spd_lim,dispatch_tm,est_hrs_closed,lane_closed,ln_close_dir,ntfy_hiwy_maint,spec_juris_cd,tcd_func_cd,tfc_detour_ind,workers_pres,wz_close_detour,wz_flagger,wz_law_offcr_ind,wz_ln_closure,wz_moving,wz_other,wz_shlder_mdn,vehicle_count,automobile_count,motorcycle_count,bus_count,small_truck_count,heavy_truck_count,suv_count,van_count,bicycle_count,maj_inj_count,mod_inj_count,min_inj_count,tot_inj_count,unk_inj_deg_count,unk_inj_per_count,driver_count_16yr,driver_count_17yr,driver_count_18yr,driver_count_19yr,driver_count_20yr,driver_count_50_64yr,driver_count_65_74yr,driver_count_75plus,unbelted_occ_count,unb_death_count,unb_maj_inj_count,belted_death_count,belted_maj_inj_count,mcycle_death_count,mcycle_maj_inj_count,bicycle_death_count,bicycle_maj_inj_count,ped_count,ped_death_count,ped_maj_inj_count,max_severity_level,comm_veh_count,dec_lat,dec_long,rdwy_surf_type_cd,county_name
29270,314023,2015052296,6,67,67301,2015,4,2,1504,15,1,1,0,5,1, , ,N,0,0,0,3,0,1,2,2,Y, ,39 56:52.155,75 12:49.878,1508, ,1504, ,0, , , ,0, , , , , , , , , ,2,0,0,1,0,0,0,0,0,0,0,1,1,0,0,0,0,0,0,0,0,0,0,0,0,0,0,0,0,0,0,0,0,0,0,4,1,39.9478,-75.2139, , 
29271,314035,2015056268,6,67,67301,2015,5,3,808,8,1,1,0,0,1, , ,N,0,0,0,3,0,1,1,2,N,N,39 52:35.045,75 15:30.681,826, ,821, ,0, ,N, ,0, , , , , , , , , ,2,0,0,0,0,1,1,0,0,0,0,0,1,1,0,0,0,0,0,0,0,0,0,0,0,0,0,0,0,0,0,0,0,0,0,8,1,39.8764,-75.2585, , 
29272,317018,2015051994,6,67,67301,2015,5,1,627,6,1,1,0,4,1, , ,N,0,0,7,3,0,0,2,2,N,N,40 03:18.988,75 05:24.128,630, ,627, ,0, , , ,0, , , , , , , , , ,2,1,0,0,0,0,1,0,0,0,0,0,0,0,0,0,0,0,0,0,0,0,0,0,0,0,0,0,0,0,0,0,0,0,0,0,0,40.0553,-75.09, , 
29273,317034,2015083915,6,67,67301,2015,8,1,1525,15,1,1,0,4,1, , ,N,1,2,0,3,0,2,3,2,N,N,39 58:39.716,75 09:41.201,1530, ,1525, ,0, ,N, ,3, , , , , , , , , ,2,1,0,0,0,0,1,0,0,0,0,2,2,0,0,0,0,0,0,0,0,0,0,0,0,0,0,0,0,0,0,0,0,0,0,4,0,39.9777,-75.1614, , 
29274,317039,2015088803,6,67,67301,2015,8,1,323,3,3,1,0,7,4, , ,N,0,0,0,3,0,0,2,1,N,N,39 59:42.735,75 07:11.233,410, ,357, ,0, ,N, ,0, , , , , , , , , ,1,0,0,0,0,0,0,1,0,0,0,0,0,0,0,0,0,0,0,0,0,0,0,0,0,0,0,0,0,0,0,0,0,0,0,0,0,39.9952,-75.1198, , 
29275,317076,2015066310,6,67,67301,2015,6,2,1741,17,1,1,0,4,1, , ,N,1,2,0,3,0,2,8,2,N,N,39 55:51.967,75 10:23.350,1746, ,1743, ,0, ,N, ,3, , , , , , , , , ,2,0,0,0,0,0,2,0,0,0,0,0,2,2,6,0,0,0,0,0,0,0,0,0,0,0,0,0,0,0,0,0,0,0,0,8,0,39.9311,-75.1732, , 
29276,317083,2015075731,6,67,67301,2015,7,7,923,9,1,1,0,5,6, , ,N,0,0,0,3,0,1,1,3,N,N,40 02:01.395,75 13:34.032,927, ,924, ,0, ,N, ,0, , , , , , , , , ,3,3,0,0,0,0,0,0,0,0,0,0,1,1,0,0,0,0,0,0,0,0,1,0,0,0,0,0,0,0,0,0,0,0,0,8,0,40.0337,-75.2261, , 
29277,317096,2015095333,6,67,67301,2015,8,5,1218,12,1,1,0,1,1, , ,N,0,0,0,3,0,0,2,2,N,N,39 57:27.900,75 08:55.062,1249, ,1224, ,0, ,N, ,0, , , , , , , , , ,2,1,0,0,0,1,0,0,0,0,0,0,0,0,0,0,0,1,0,0,1,0,0,0,0,0,0,0,0,0,0,0,0,0,0,0,1,39.9578,-75.1486, , 
29278,317105,2015102874,6,67,67301,2015,9,1,1727,17,1,1,0,4,1, , ,N,1,2,0,3,0,1,3,2,N,N,39 58:00.292,75 12:39.920,1800, ,1757, ,0, ,N, ,3, , , , , , , , , ,1,0,0,0,0,0,1,0,1,0,0,0,1,1,0,0,0,0,0,0,0,0,0,0,0,0,0,0,0,0,0,0,0,0,0,8,0,39.9667,-75.2111, , 
29279,317121,2015056653,6,67,67301,2015,5,7,515,5,3,1,0,7,1,1,2,Y,0,0,0,3,0,0,3,1,N,N,39 58:11.218,75 07:34.787,529,45,519, ,0, ,N, ,0, ,Y,N,N,N,Y,N,N,N,1,0,0,0,0,0,1,0,0,0,0,0,0,0,0,0,0,0,0,0,0,0,0,0,0,0,0,0,0,0,0,0,0,0,0,0,0,39.9698,-75.1263, , 
29280,317123,2015060716,6,67,67301,2015,5,3,841,8,1,1,0,1,1, , ,N,0,0,0,3,0,0,2,2,N,N,39 59:47.527,75 11:48.850,855, ,847,1,1,3,N, ,0,N, , , , , , , , ,2,0,0,0,1,0,1,0,0,0,0,0,0,0,0,0,0,0,0,0,0,0,0,0,0,0,0,0,0,0,0,0,0,0,0,0,0,39.9965,-75.1969, , 
29281,317132,2015071469,6,67,67301,2015,6,7,415,4,3,1,0,1,1, , ,N,0,0,3,3,0,2,5,2,N,N,39 56:25.168,75 11:44.300,451, ,419,2,1,4,N, ,0,N, , , , , , , , ,2,1,0,0,0,1,0,0,0,0,0,1,2,1,0,0,0,0,0,0,0,1,0,0,0,0,0,0,0,0,0,0,0,0,0,4,0,39.9403,-75.1956, , 
29282,317138,2015081123,6,67,67301,2015,7,3,9999,99,1,1,0,7,4, , ,N,0,0,0,3,0,0,2,1,N,N,40 00:18.297,75 06:33.799,1653, ,1553, ,0, , , ,0, , , , , , , , , ,1,1,0,0,0,0,0,0,0,0,0,0,0,0,0,0,0,0,0,0,0,0,0,0,0,0,0,0,0,0,0,0,0,0,0,0,0,40.0051,-75.1094, , 
29283,317140,2015083337,6,67,67301,2015,8,7,105,1,3,1,0,8,1, , ,N,1,2,0,3,0,1,2,2,N,N,40 02:43.800,75 09:53.514,112, ,111, ,0, ,N, ,3, , , , , , , , , ,1,0,0,0,0,0,1,0,0,0,1,0,1,0,0,0,0,0,0,0,0,1,0,0,0,0,0,0,0,0,0,0,1,0,0,3,0,40.0455,-75.1649, , 
29284,317154,2015099097,6,67,67301,2015,9,6,2020,20,3,1,0,1,1, , ,N,0,0,0,3,0,0,2,2,N,N,40 05:59.409,75 01:47.869,2022, ,2022, ,0, , , ,0, , , , , , , , , ,2,1,0,0,0,0,1,0,0,0,0,0,0,0,0,0,0,0,0,0,1,0,0,1,0,0,0,0,0,0,0,0,0,0,0,0,0,40.0998,-75.03, , 
29285,317169,2015109311,6,67,67301,2015,10,5,2035,20,3,2,1,8,1, , ,N,1,3,0,3,0,1,2,2,N, ,39 56:40.178,75 08:41.715,2050, ,2045, ,0, , , ,3, , , , , , , , , ,1,1,0,0,0,0,0,0,0,0,1,0,1,0,0,0,0,0,0,0,0,0,0,0,0,0,0,0,0,0,0,0,1,0,0,3,0,39.9445,-75.1449, , 
29286,317177,2015115075,6,67,67301,2015,10,5,1639,16,1,1,0,4,1, , ,N,3,0,0,3,0,1,2,2,N,N,39 59:45.110,75 11:28.893,1642, ,1640,2,2,5,N, ,0,Y, , , , , , , , ,2,1,0,0,0,0,1,0,0,0,0,1,1,0,0,0,0,0,0,0,1,0,0,0,0,0,0,0,0,0,0,0,0,0,0,4,0,39.9959,-75.1914, , 
29287,317184,2015121055,6,67,67301,2015,10,7,1544,15,1,1,0,8,1, , ,N,0,0,0,3,0,1,4,2,N,N,40 01:09.228,75 08:01.500,1829, ,1829, ,0, ,N, ,0, , , , , , , , , ,1,0,0,0,0,0,1,0,0,1,0,0,1,0,0,0,0,0,0,0,0,0,0,0,0,0,0,0,0,0,0,0,1,0,1,2,0,40.0192,-75.1338, , 
29288,317190,2015128619,6,67,67301,2015,11,7,1549,15,1,2,1,1,1, , ,N,0,2,7,3,0,3,3,2,N,N,40 04:26.805,75 01:00.219,1555, ,1549, ,0, , , ,3, , , , , , , , , ,2,1,0,0,0,0,1,0,0,0,0,2,3,1,0,0,0,0,0,0,0,1,1,0,0,0,0,0,0,0,0,0,0,0,0,4,0,40.0741,-75.0167, , 
29289,317192,2015130280,6,67,67301,2015,11,2,738,7,1,1,0,4,1, , ,N,3,3,0,3,0,4,4,2,N, ,39 59:47.792,75 09:32.111,745, ,740,2,1,2, , ,3,N, , , , , , , , ,2,2,0,0,0,0,0,0,0,0,0,0,4,4,0,0,0,0,0,0,0,1,0,1,0,0,0,0,0,0,0,0,0,0,0,8,0,39.9966,-75.1589, , 
29290,320201,2015063893,6,67,67301,2015,5,6,1658,16,1,1,0,8,1, , ,N,0,0,0,3,0,1,2,2,N,N,39 57:28.803,75 14:34.764,1707, ,1700, ,0, , , ,0, , , , , , , , , ,1,0,0,0,0,0,0,0,0,0,0,1,1,0,0,0,0,0,0,0,0,0,0,0,0,0,0,0,0,0,0,0,1,0,0,4,0,39.958,-75.243, , 
29291,320210,2015081043,6,67,67301,2015,7,2,1330,13,1,1,0,1,1, , ,N,2,0,0,3,0,1,2,2,Y,N,39 58:21.227,75 07:26.378,1338, ,1335, ,0, ,N, ,0, , , , , , , , , ,2,1,0,1,0,0,0,0,0,0,0,1,1,0,1,0,0,0,0,0,0,0,0,0,0,0,0,0,0,0,0,0,0,0,0,4,1,39.9726,-75.124, , 
29292,320217,2015086251,6,67,67301,2015,8,1,233,2,3,1,0,1,1, , ,N,1,0,0,3,0,1,3,3,N,N,39 55:05.839,75 12:32.264,233, ,233,3,1,4, , ,0,N, , , , , , , , ,3,2,0,0,0,0,1,0,0,0,0,0,1,1,0,0,0,0,0,0,0,0,0,0,0,0,0,0,0,0,0,0,0,0,0,8,0,39.9182,-75.2088, , 
29293,320219,2015088707,6,67,67301,2015,8,7,1351,13,1,1,0,4,1, , ,N,1,2,0,3,0,3,4,2,N,N,40 03:10.832,75 03:51.486,1932, ,1431, ,0, ,N, ,3, , , , , , , , , ,2,2,0,0,0,0,0,0,0,0,0,1,3,2,0,0,0,0,0,0,0,0,1,0,0,0,0,0,0,0,0,0,0,0,0,4,0,40.053,-75.0643, , 
29294,320227,2015107450,6,67,67301,2015,9,7,620,6,5,1,0,4,1, , ,N,1,2,0,3,0,0,2,2,N, ,40 01:12.877,75 06:50.707,626, ,620,2,1,1, , ,3,N, , , , , , , , ,2,0,0,0,0,0,2,0,0,0,0,0,0,0,0,0,0,0,0,0,0,1,0,0,0,0,0,0,0,0,0,0,0,0,0,0,0,40.0202,-75.1141, , 
29295,320238,2015120489,6,67,67301,2015,11,2,1010,10,1,1,0,1,1, , ,N,1,2,0,3,0,1,2,2,N,N,39 57:46.426,75 12:06.810,1018, ,1016, ,0, , , ,3, , , , , , , , , ,2,1,0,0,1,0,0,0,0,0,0,0,1,1,0,0,0,0,0,0,1,0,0,0,0,0,0,0,0,0,0,0,0,0,0,8,0,39.9629,-75.2019, , 
29296,320245,2015081149,6,67,67301,2015,7,2,800,8,1,1,0,8,1, , ,N,1,2,0,3,0,1,2,2,N, ,40 00:19.858,75 06:19.198,1100, ,1100, ,0, , , ,3, , , , , , , , , ,1,1,0,0,0,0,0,0,0,1,0,0,1,0,0,0,0,0,0,0,0,0,0,0,0,0,0,0,0,0,0,0,1,0,1,2,0,40.0055,-75.1053, , 
29297,320249,2015084872,6,67,67301,2015,7,7,233,2,3,1,0,8,1, , ,N,0,0,0,3,0,1,2,2,N,N,40 02:47.203,74 59:37.056,256, ,254,1,2,1, , ,0,N, , , , , , , , ,1,1,0,0,0,0,0,0,0,0,1,0,1,0,0,0,0,0,0,0,0,0,0,0,0,0,0,0,0,0,0,0,1,0,0,3,0,40.0464,-74.9936, , 
29298,320273,2015084000,6,67,67301,2015,8,3,1327,13,1,1,0,1,1, , ,N,0,0,0,3,0,0,4,2,N,N,39 57:30.449,75 10:02.793,1347, ,1329, ,0, ,N, ,0, , , , , , , , , ,2,1,0,0,0,0,1,0,0,0,0,0,0,0,0,0,0,0,0,0,1,0,0,0,0,0,0,0,0,0,0,0,0,0,0,0,0,39.9585,-75.1674, , 
29299,320275,2015086245,6,67,67301,2015,8,4,1705,17,1,1,0,1,1, , ,N,2,2,0,3,0,3,8,4,N,N,39 57:11.353,75 14:55.491,1713, ,1700, ,0, ,N, ,3, , , , , , , , , ,4,2,0,0,0,0,2,0,0,0,0,2,3,1,0,0,0,0,0,0,2,0,0,0,0,0,0,0,0,0,0,0,0,0,0,4,0,39.9532,-75.2487, , 
29300,320298,2015056560,6,67,67301,2015,5,6,1900,19,1,1,0,8,1, , ,N,0,0,0,3,0,1,2,2,N,N,39 58:21.518,75 12:17.856,1937, ,1934, ,0, ,N, ,0, , , , , , , , , ,1,1,0,0,0,0,0,0,0,0,0,1,1,0,0,0,0,0,0,0,0,0,0,0,0,0,0,0,0,0,0,0,1,0,0,4,0,39.9726,-75.205, , 
29301,320313,2015086238,6,67,67301,2015,8,1,1545,15,1,1,0,4,1, , ,N,0,0,0,3,0,1,2,2,N,N,39 57:29.601,75 09:44.511,1557, ,1555, ,0, , , ,0, , , , , , , , , ,1,0,1,0,0,0,0,0,1,0,0,1,1,0,0,0,0,0,0,0,0,0,0,0,0,0,0,0,0,0,0,0,0,0,0,4,0,39.9582,-75.1624, , 
29302,320315,2015088810,6,67,67301,2015,8,7,32,0,3,1,0,5,6, , ,N,0,0,0,3,0,0,1,3,N, ,40 00:13.374,75 09:40.914,114, ,100, ,0, , , ,0, , , , , , , , , ,3,3,0,0,0,0,0,0,0,0,0,0,0,0,0,0,0,0,0,0,0,0,0,0,0,0,0,0,0,0,0,0,0,0,0,0,0,40.0037,-75.1614, , 
29303,320319,2015092460,6,67,67301,2015,8,2,1450,14,1,1,0,4,1, , ,N,1,3,0,3,0,0,2,3,N,N,39 58:17.961,75 11:08.293,1510, ,1505, ,0, , , ,3, , , , , , , , , ,3,1,0,0,2,0,0,0,0,0,0,0,0,0,0,0,0,0,0,0,1,0,0,0,0,0,0,0,0,0,0,0,0,0,0,0,0,39.9717,-75.1856, , 
29304,320336,2015061828,6,67,67301,2015,5,4,1624,16,1,1,0,1,1, , ,N,0,0,0,3,0,1,4,3,N,N,40 04:13.013,75 14:27.950,1635, ,1624, ,0, ,N, ,0, , , , , , , , , ,3,1,0,0,0,0,2,0,0,0,0,1,1,0,0,0,0,0,1,0,1,0,1,4,0,0,0,0,0,0,0,0,0,0,0,4,0,40.0703,-75.2411, , 
29305,320343,2015069723,6,67,67301,2015,6,1,2010,20,3,1,0,4,1, , ,N,0,0,7,3,0,1,2,2,N,N,40 01:09.026,75 03:44.481,2040, ,2032, ,0, ,N, ,0, , , , , , , , , ,2,1,1,0,0,0,0,0,0,0,0,1,1,0,0,0,0,0,0,0,0,0,0,0,0,0,0,0,0,0,0,0,0,0,0,4,0,40.0192,-75.0624, , 
29306,320349,2015061321,6,67,67301,2015,5,5,830,8,1,1,0,1,1, , ,N,0,0,0,3,0,1,2,2,N,N,39 57:34.250,75 10:33.399,842, ,835, ,0, ,N, ,0, , , , , , , , , ,2,1,0,0,0,0,1,0,0,0,0,1,1,0,0,0,0,0,0,0,0,0,0,0,0,0,0,0,0,0,0,0,0,0,0,4,0,39.9595,-75.1761, , 
29307,320354,2015068038,6,67,67301,2015,6,4,130,1,3,1,0,7,4, , ,N,0,0,2,3,0,0,1,1,N,N,39 58:03.100,75 07:53.672,140, ,133,2,2,1,Y, ,0,Y, , , , , , , , ,1,0,0,0,0,1,0,0,0,0,0,0,0,0,0,0,0,0,0,0,1,0,0,0,0,0,0,0,0,0,0,0,0,0,0,0,1,39.9675,-75.1316, , 
29308,320357,2015073348,6,67,67301,2015,6,1,303,3,3,2,1,1,1, , ,N,0,0,0,3,0,0,2,2,N,N,39 57:35.346,75 10:42.081,324, ,303,2,2,3,N, ,0,N, , , , , , , , ,2,1,0,0,1,0,0,0,0,0,0,0,0,0,0,0,0,0,0,0,0,0,0,1,0,0,0,0,0,0,0,0,0,0,0,0,0,39.9598,-75.1784, , 
29309,321760,2015099007,6,67,67301,2015,9,5,2048,20,2,1,8,1,1,8,8,Y,0,0,0,3,0,0,2,2,N,N,40 05:56.077,74 59:10.456,2113,99,2057,1,1,3,N, ,0,N,U,U,U,U,U,U,U,U,2,1,0,0,0,0,0,1,0,0,0,0,0,0,0,0,0,0,0,0,1,0,0,0,0,0,0,0,0,0,0,0,0,0,0,0,0,40.0989,-74.9862, , 
29310,321768,2015115091,6,67,67301,2015,10,5,928,9,1,2,1,1,1, , ,N,0,0,3,3,0,0,2,2,N,N,39 56:34.633,75 11:48.108,947, ,945, ,0, ,N, ,0, , , , , , , , , ,2,2,0,0,0,0,0,0,0,0,0,0,0,0,0,0,0,0,0,0,1,0,0,0,0,0,0,0,0,0,0,0,0,0,0,0,0,39.943,-75.1967, , 
29311,321769,2015117962,6,67,67301,2015,11,2,2232,22,3,1,0,1,1,1,4,Y,0,3,0,3,0,1,2,2,N,N,39 58:16.277,75 07:26.995,2253,45,2239, ,0, ,N, ,3, ,N,N,N,N,N,N,N,Y,2,1,0,0,0,0,1,0,0,0,0,0,1,1,0,0,0,0,0,0,0,0,0,0,0,0,0,0,0,0,0,0,0,0,0,8,0,39.9712,-75.1242, , 
29312,321778,2015128718,6,67,67301,2015,11,5,925,9,1,2,1,5,1, , ,N,0,0,0,3,0,2,4,2,N,N,40 01:10.471,75 08:03.121,950, ,944,2,1,1,N, ,0,N, , , , , , , , ,2,0,0,1,1,0,0,0,0,0,0,2,2,0,0,0,0,0,0,0,1,0,0,0,0,0,0,0,0,0,0,0,0,0,0,4,1,40.0196,-75.1342, , 
29313,321789,2015051495,6,67,67301,2015,4,2,2229,22,3,1,0,4,1, , ,N,0,0,0,3,0,1,4,2,N,N,39 57:31.136,75 13:01.561,2235, ,2230, ,0, ,N, ,0, , , , , , , , , ,2,1,0,0,0,0,1,0,0,0,0,0,1,1,0,0,0,0,0,0,0,0,0,0,0,0,0,0,0,0,0,0,0,0,0,8,0,39.9586,-75.2171, , 
29314,321811,2015072047,6,67,67301,2015,6,1,46,0,3,1,0,0,1, , ,N,2,2,0,3,0,0,1,1,N,N,39 59:43.479,75 09:57.472,301, ,259, ,0, ,N, ,3, , , , , , , , , ,1,0,0,0,0,0,1,0,0,0,0,0,0,0,0,0,0,0,0,0,0,0,0,0,0,0,0,0,0,0,0,0,0,0,0,0,0,39.9954,-75.1659, , 
29315,321817,2015073220,6,67,67301,2015,6,3,1130,11,1,9,8,4,1, , ,N,1,3,0,3,0,1,2,2,N,N,39 57:46.080,75 09:21.211,9999, ,9999, ,0, ,N, ,3, , , , , , , , , ,1,1,0,0,0,0,0,0,1,0,1,0,1,0,0,0,0,0,0,0,0,0,0,0,0,0,0,0,0,0,0,0,0,0,0,3,0,39.9628,-75.1559, , 
29316,321819,2015074401,6,67,67301,2015,7,5,2218,22,3,1,0,1,1, , ,N,0,0,0,3,0,1,3,3,N,N,39 59:10.870,75 05:30.654,2239, ,2221,1,2,1,N, ,0,N, , , , , , , , ,3,2,0,0,0,0,1,0,0,0,0,0,1,1,0,0,0,0,0,0,1,0,0,0,0,0,0,0,0,0,0,0,0,0,0,8,0,39.9864,-75.0918, , 
29317,321822,2015081027,6,67,67301,2015,7,5,1210,12,1,1,0,4,1, , ,N,0,0,0,3,0,1,2,2,N,N,39 59:30.310,75 07:19.319,1220, ,1215, ,0, ,N, ,0, , , , , , , , , ,1,1,0,0,0,0,0,0,1,0,0,1,1,0,0,0,0,0,0,0,0,0,0,0,0,0,0,0,0,0,0,0,0,0,0,4,0,39.9918,-75.122, , 
29318,321824,2015082379,6,67,67301,2015,8,6,112,1,3,2,1,7,3, , ,N,0,0,2,3,0,0,2,1,N,N,39 57:20.075,75 08:53.536,112, ,112, ,0, ,N, ,0, , , , , , , , , ,1,1,0,0,0,0,0,0,0,0,0,0,0,0,0,0,0,0,0,0,0,0,0,0,0,0,0,0,0,0,0,0,0,0,0,0,0,39.9556,-75.1482, , 
29319,321825,2015083425,6,67,67301,2015,7,1,1735,17,1,1,0,8,1, , ,N,2,3,0,3,0,1,2,2,N,N,40 01:12.525,75 06:46.605,1750, ,1739, ,0, ,N, ,3, , , , , , , , , ,1,1,0,0,0,0,0,0,0,0,0,1,1,0,0,0,0,0,0,0,0,0,0,0,0,0,0,0,0,0,0,0,1,0,0,4,0,40.0201,-75.1129, , 
29320,321826,2015083440,6,67,67301,2015,7,2,2137,21,3,1,0,4,1, , ,N,2,0,0,3,0,1,2,4,N, ,39 55:14.678,75 09:25.415,2145, ,2139, ,0, , , ,0, , , , , , , , , ,4,2,0,0,0,0,2,0,0,0,0,1,1,0,0,0,0,0,0,0,0,0,0,0,0,0,0,0,0,0,0,0,0,0,0,4,0,39.9207,-75.1571, , 
29321,321832,2015096330,6,67,67301,2015,9,7,2121,21,3,1,0,1,1, , ,N,0,0,0,3,0,3,8,3,N,N,39 56:37.433,75 08:33.682,2138, ,2121,1,2,1,N, ,0,N, , , , , , , , ,3,1,0,0,0,0,2,0,0,0,0,3,3,0,0,0,0,0,0,0,1,0,0,1,0,0,0,0,0,0,0,0,0,0,0,4,0,39.9437,-75.1427, , 
29322,321837,2015047605,6,67,67301,2015,4,4,1138,11,1,1,0,4,1, , ,N,1,2,0,3,0,1,2,2,N,N,39 57:21.570,75 13:03.535,1140, ,1138, ,0, ,N, ,3, , , , , , , , , ,1,1,0,0,0,0,0,0,1,0,0,0,1,1,0,0,0,0,0,0,0,0,0,0,0,0,0,0,0,0,0,0,0,0,0,8,0,39.956,-75.2176, , 
29323,321867,2015102864,6,67,67301,2015,9,5,1715,17,1,1,0,8,1, , ,N,0,0,0,3,0,1,2,2,N,N,40 00:54.629,75 11:10.319,1725, ,1725,1,1,1, , ,0,Y, , , , , , , , ,1,1,0,0,0,0,0,0,0,0,0,0,1,1,0,0,0,0,0,0,0,0,0,0,0,0,0,0,0,0,0,0,1,0,0,8,0,40.0152,-75.1862, , 
29324,321873,2015049045,6,67,67301,2015,4,6,330,3,3,1,0,2,6, , ,N,0,0,0,3,0,0,1,3,N,N,40 02:14.138,75 08:12.110,704, ,703, ,0, ,N, ,0, , , , , , , , , ,3,1,0,0,0,0,1,1,0,0,0,0,0,0,1,0,0,0,0,0,0,0,0,0,0,0,0,0,0,0,0,0,0,0,0,9,0,40.0373,-75.1367, , 
29325,321874,2015051924,6,67,67301,2015,4,1,1858,18,1,1,0,1,6, , ,N,0,0,0,3,0,0,1,2,N,N,40 04:59.628,74 58:10.041,1905, ,1859, ,0, ,N, ,0, , , , , , , , , ,2,2,0,0,0,0,0,0,0,0,0,0,0,0,0,0,0,0,0,0,1,0,0,0,0,0,0,0,0,0,0,0,0,0,0,0,0,40.0832,-74.9695, , 
29326,321893,2015062738,6,67,67301,2015,5,2,1215,12,1,1,0,8,1, , ,N,1,2,0,3,0,1,2,2,N, ,39 59:18.582,75 09:38.617,1255, ,1253, ,0, , , ,3, , , , , , , , , ,1,0,0,0,1,0,0,0,0,0,1,0,1,0,1,0,0,0,0,0,1,0,0,0,0,0,0,0,0,0,0,0,1,0,0,3,0,39.9885,-75.1607, , 
29327,314041,2015088783,6,67,67301,2015,8,4,504,5,3,1,0,6,6, , ,N,0,0,0,3,0,1,1,2,N,N,39 55:26.907,75 14:10.496,508, ,505, ,0, ,N, ,0, , , , , , , , , ,2,0,0,0,0,0,1,1,0,0,0,1,1,0,0,0,0,0,0,0,0,0,0,0,0,0,0,0,0,0,0,0,0,0,0,4,0,39.9241,-75.2362, , 
29328,314056,2015103443,6,67,67301,2015,9,5,759,7,1,1,0,4,1, , ,N,1,2,0,3,0,1,3,2,N,N,40 05:57.025,74 59:12.918,805, ,800,2,1,2,N, ,3,Y, , , , , , , , ,2,1,0,0,0,0,1,0,0,0,0,1,1,0,0,0,0,0,0,0,1,0,0,0,0,0,0,0,0,0,0,0,0,0,0,4,0,40.0992,-74.9869, , 
29329,314060,2015109314,6,67,67301,2015,10,6,1810,18,3,2,1,8,1, , ,N,1,2,0,3,0,1,2,2,N,N,39 57:38.428,75 08:28.873,2000, ,1953, ,0, ,N, ,3, , , , , , , , , ,1,1,0,0,0,0,0,0,0,0,0,1,1,0,0,0,0,0,0,0,0,0,0,0,0,0,0,0,0,0,0,0,1,0,0,4,0,39.9606,-75.1414, , 
29330,314070,2015121080,6,67,67301,2015,10,5,720,7,1,1,1,4,1, , ,N,1,2,0,3,0,0,3,2,N, ,40 02:49.576,75 00:17.362,727, ,725, ,0, , , ,3, , , , , , , , , ,2,1,0,0,0,0,1,0,0,0,0,0,0,0,1,0,0,0,0,0,0,0,0,0,0,0,0,0,0,0,0,0,0,0,0,9,0,40.0471,-75.0048, , 
29331,314087,2015073696,6,67,67301,2015,6,7,2021,20,3,2,1,4,1, , ,N,0,0,7,3,0,1,3,2,N,N,40 02:34.477,75 06:15.543,2023, ,2022,2,2,2, , ,0,N, , , , , , , , ,2,2,0,0,0,0,0,0,0,0,0,1,1,0,0,0,0,0,0,0,0,0,0,0,0,0,0,0,0,0,0,0,0,0,0,4,0,40.0429,-75.1043, , 
29332,314105,2015093513,6,67,67301,2015,8,4,1218,12,1,1,0,1,1, , ,N,0,0,0,3,0,1,2,2,N,N,39 58:37.708,75 11:56.411,1231, ,1226, ,0, ,N, ,0, , , , , , , , , ,2,1,0,0,0,0,1,0,0,0,0,1,1,0,0,0,0,0,0,0,0,1,0,0,0,0,0,0,0,0,0,0,0,0,0,4,0,39.9771,-75.199, , 
29333,314118,2015112175,6,67,67301,2015,10,7,1600,16,1,1,0,4,1, , ,N,1,2,0,3,0,0,2,2,N, ,40 04:51.077,75 01:43.585,1600, ,1600, ,0, , , ,3, , , , , , , , , ,2,2,0,0,0,0,0,0,0,0,0,0,0,0,0,0,0,0,0,0,2,0,0,0,0,0,0,0,0,0,0,0,0,0,0,0,0,40.0809,-75.0288, , 
29334,314136,2015078668,6,67,67301,2015,7,5,1925,19,1,1,0,4,1, , ,N,2,0,0,3,0,3,6,2,N,N,40 00:56.204,75 08:59.480,1955, ,1946,2,2,6,N, ,0,N, , , , , , , , ,2,0,0,0,0,0,1,0,0,0,0,3,3,0,0,0,0,0,0,0,0,0,0,0,0,0,0,0,0,0,0,0,0,0,0,4,0,40.0156,-75.1498, , 
29335,314138,2015081079,6,67,67301,2015,7,7,1705,17,1,1,0,4,1, , ,N,1,2,0,3,0,0,3,2,N,N,39 56:30.552,75 09:57.032,1813, ,1800, ,0, ,N, ,3, , , , , , , , , ,2,2,0,0,0,0,0,0,0,0,0,0,0,0,1,0,0,0,0,0,0,0,0,0,0,0,0,0,0,0,0,0,0,0,0,9,0,39.9418,-75.1658, , 
29336,314143,2015083334,6,67,67301,2015,7,6,630,6,1,1,0,5,6, , ,N,0,0,0,3,0,4,5,2,N,N,39 58:24.267,75 12:36.723,927, ,920, ,0, ,N, ,0, , , , , , , , , ,2,0,0,0,1,0,0,1,0,0,0,0,4,4,1,0,0,0,0,0,0,0,0,0,0,0,0,0,0,0,0,0,0,0,0,8,0,39.9734,-75.2102, , 
29337,314144,2015083388,6,67,67301,2015,7,7,2100,21,3,1,0,5,6, , ,N,0,0,0,3,0,0,5,3,N,N,39 57:14.076,75 12:03.011,2103, ,2102,2,2,4,N, ,0,Y, , , , , , , , ,3,1,0,0,0,0,2,0,0,0,0,0,0,0,2,0,1,0,0,0,0,0,0,0,0,0,0,0,0,0,0,0,0,0,0,9,0,39.9539,-75.2008, , 