objectid_1,objectid,crn,district,county,municipality,crash_year,crash_month,day_of_week,time_of_day,hour_of_day,illumination,weather,road_condition,collision_type,relation_to_road,work_zone_type,work_zone_loc,work_zone_ind,intersect_type,tcd_type,location_type,urban_rural,fatal_count,injury_count,person_count,total_units,sch_bus_ind,sch_zone_ind,latitude,longitude,arrival_tm,cons_zone_spd_lim,dispatch_tm,est_hrs_closed,lane_closed,ln_close_dir,ntfy_hiwy_maint,spec_juris_cd,tcd_func_cd,tfc_detour_ind,workers_pres,wz_close_detour,wz_flagger,wz_law_offcr_ind,wz_ln_closure,wz_moving,wz_other,wz_shlder_mdn,vehicle_count,automobile_count,motorcycle_count,bus_count,small_truck_count,heavy_truck_count,suv_count,van_count,bicycle_count,maj_inj_count,mod_inj_count,min_inj_count,tot_inj_count,unk_inj_deg_count,unk_inj_per_count,driver_count_16yr,driver_count_17yr,driver_count_18yr,driver_count_19yr,driver_count_20yr,driver_count_50_64yr,driver_count_65_74yr,driver_count_75plus,unbelted_occ_count,unb_death_count,unb_maj_inj_count,belted_death_count,belted_maj_inj_count,mcycle_death_count,mcycle_maj_inj_count,bicycle_death_count,bicycle_maj_inj_count,ped_count,ped_death_count,ped_maj_inj_count,max_severity_level,comm_veh_count,dec_lat,dec_long,rdwy_surf_type_cd,county_name
29338,314151,2015092933,6,67,67301,2015,8,4,2030,20,4,1,0,4,1, , ,N,2,3,0,3,0,1,2,2,N, ,40 01:47.283,75 07:40.180,2251, ,2226, ,0, , , ,3, , , , , , , , , ,1,1,0,0,0,0,0,0,1,1,0,0,1,0,0,0,0,0,0,0,0,0,0,0,0,0,0,0,0,0,0,1,0,0,0,2,0,40.0298,-75.1278, , 
29339,314160,2015102872,6,67,67301,2015,9,3,1140,11,1,1,0,4,1, , ,N,1,2,0,3,0,0,2,2,N, ,40 07:24.878,75 00:55.666,1250, ,1246, ,0, , , ,3, , , , , , , , , ,2,0,0,0,0,0,1,1,0,0,0,0,0,0,0,0,0,0,0,0,1,0,0,0,0,0,0,0,0,0,0,0,0,0,0,0,0,40.1235,-75.0154, , 
29340,314161,2015103369,6,67,67301,2015,9,4,2005,20,3,1,0,4,1, , ,N,2,2,7,3,0,0,4,2,N,N,40 03:09.105,75 13:37.712,2010, ,2003, ,0, ,N, ,3, , , , , , , , , ,2,1,0,0,0,0,1,0,0,0,0,0,0,0,0,0,0,0,0,0,0,0,0,0,0,0,0,0,0,0,0,0,0,0,0,0,0,40.0528,-75.2276, , 
29341,314215,2015106188,6,67,67301,2015,10,5,444,4,3,1,0,7,4, , ,N,0,0,0,3,0,0,1,1,N,N,40 00:28.237,75 04:18.785,444, ,444, ,0, ,N, ,0, , , , , , , , , ,1,0,0,0,1,0,0,0,0,0,0,0,0,0,0,0,0,0,0,0,0,0,0,0,0,0,0,0,0,0,0,0,0,0,0,0,0,40.0078,-75.0719, , 
29342,314232,2015069669,6,67,67301,2015,6,1,2212,22,2,1,0,6,6, , ,N,0,0,0,3,0,0,1,3,N,N,39 58:39.806,75 14:26.365,2321, ,2212, ,0, ,N, ,0, , , , , , , , , ,3,1,0,0,1,0,1,0,0,0,0,0,0,0,1,0,0,0,0,0,0,0,0,0,0,0,0,0,0,0,0,0,0,0,0,9,0,39.9777,-75.2407, , 
29343,314233,2015070112,6,67,67301,2015,5,1,10,0,3,1,0,1,1, , ,N,1,2,0,3,0,4,5,2,N,N,39 53:50.506,75 15:07.793,43, ,40, ,0, ,N, ,3, , , , , , , , , ,2,1,0,0,1,0,0,0,0,0,0,0,4,4,1,0,0,0,0,0,0,0,0,0,0,0,0,0,0,0,0,0,0,0,0,8,0,39.8974,-75.2522, , 
29344,314237,2015078277,6,67,67301,2015,7,7,130,1,3,1,0,4,1, , ,N,2,2,2,3,0,3,3,2,N,N,39 53:01.171,75 15:05.812,212, ,209,1,1,6,N, ,3,N, , , , , , , , ,2,1,0,0,0,0,1,0,0,0,0,0,3,3,0,0,0,0,0,0,0,1,0,0,0,0,0,0,0,0,0,0,0,0,0,8,0,39.8836,-75.2515, , 
29345,314244,2015083977,6,67,67301,2015,7,6,825,8,1,1,0,7,2, , ,N,0,0,0,3,0,0,1,1,N,N,40 00:35.108,75 03:51.890,854, ,848, ,0, ,N, ,0, , , , , , , , , ,1,0,0,0,1,0,0,0,0,0,0,0,0,0,0,0,0,0,0,0,0,0,0,0,0,0,0,0,0,0,0,0,0,0,0,0,0,40.0098,-75.0644, , 
29346,317197,2015133749,6,67,67301,2015,11,7,2305,23,3,1,0,4,1, , ,N,1,2,0,3,0,0,4,2,N,N,40 06:00.676,75 01:18.249,2310, ,2305,1,1,3, , ,3,N, , , , , , , , ,2,1,0,0,0,0,1,0,0,0,0,0,0,0,0,0,0,0,1,0,0,0,0,1,0,0,0,0,0,0,0,0,0,0,0,0,0,40.1002,-75.0217, , 
29347,317216,2015074962,6,67,67301,2015,6,6,2357,23,3,1,0,1,1,1,1,Y,0,0,0,3,0,2,4,3,N,N,39 58:47.913,75 06:22.501,10,45,6,1,1,2, , ,0,N,Y,N,N,N,Y,N,N,N,3,2,0,0,1,0,0,0,0,0,1,1,2,0,0,0,0,0,0,0,1,0,0,1,0,0,0,0,0,0,0,0,0,0,0,3,0,39.98,-75.1063, , 
29348,317232,2015084042,6,67,67301,2015,8,6,955,9,1,1,0,1,1, , ,N,0,0,0,3,0,0,2,2,N,N,40 00:26.239,75 12:01.749,1005, ,955, ,0, ,N, ,0, , , , , , , , , ,2,1,0,0,0,0,0,1,0,0,0,0,0,0,0,0,0,0,0,0,0,0,0,0,0,0,0,0,0,0,0,0,0,0,0,0,0,40.0073,-75.2005, , 
29349,317235,2015085322,6,67,67301,2015,8,2,1120,11,1,1,0,8,5, , ,N,1,2,0,3,0,1,3,2,N, ,40 02:08.080,75 07:25.889,1120, ,1120, ,0, , , ,3, , , , , , , , , ,1,1,0,0,0,0,0,0,0,0,0,1,1,0,2,0,0,0,0,0,0,0,0,0,0,0,0,0,0,0,0,0,1,0,0,4,0,40.0356,-75.1239, , 
29350,317241,2015093007,6,67,67301,2015,8,7,927,9,1,1,0,5,6, , ,N,0,0,0,3,0,0,1,2,N,N,40 01:58.083,75 12:44.713,928, ,927, ,0, ,N, ,0, , , , , , , , , ,2,1,0,0,0,0,1,0,0,0,0,0,0,0,0,0,0,0,0,0,0,1,0,0,0,0,0,0,0,0,0,0,0,0,0,0,0,40.0328,-75.2124, , 
29351,317282,2015077840,6,67,67301,2015,7,4,1940,19,1,1,0,6,1, , ,N,0,0,0,3,0,1,3,3,N,N,40 01:40.594,75 11:26.488,1950, ,1945,1,1,5,N, ,0,N, , , , , , , , ,3,3,0,0,0,0,0,0,0,0,0,1,1,0,0,0,0,0,0,0,1,0,0,0,0,0,0,0,0,0,0,0,0,0,0,4,0,40.0279,-75.1907, , 
29352,317284,2015080499,6,67,67301,2015,7,2,1733,17,1,1,0,1,1, , ,N,0,0,0,3,0,2,2,2,N,N,39 56:31.102,75 11:38.858,1733, ,1733,1,1,3,N, ,0,N, , , , , , , , ,2,1,0,0,0,0,0,1,0,0,0,1,2,1,0,0,0,0,0,0,1,0,0,0,0,0,0,0,0,0,0,0,0,0,0,4,0,39.942,-75.1941, , 
29353,317291,2015085298,6,67,67301,2015,8,3,1129,11,1,2,1,4,1, , ,N,1,2,1,3,0,1,4,2,N, ,39 55:40.490,75 11:14.888,1129, ,1129, ,0, ,N, ,3, , , , , , , , , ,2,1,0,0,0,0,0,1,0,0,0,0,1,1,0,0,0,0,0,0,0,0,0,0,0,0,0,0,0,0,0,0,0,0,0,8,0,39.9279,-75.1875, , 
29354,317301,2015095168,6,67,67301,2015,9,5,1350,13,1,1,0,4,1, , ,N,1,2,0,3,0,1,2,2,N,N,40 03:31.910,75 05:05.947,1355, ,1352,1,1,2, , ,3,Y, , , , , , , , ,2,0,0,0,0,0,2,0,0,0,0,1,1,0,0,0,0,0,0,0,0,0,0,0,0,0,0,0,0,0,0,0,0,0,0,4,0,40.0589,-75.085, , 
29355,317302,2015095775,6,67,67301,2015,8,1,1639,16,1,1,0,1,1, , ,N,0,0,0,3,0,0,5,3,N,N,40 02:01.930,75 04:29.725,1655, ,1640,1,1,1,N, ,0,N, , , , , , , , ,3,1,0,0,0,0,1,1,0,0,0,0,0,0,0,0,0,1,0,0,1,0,0,0,0,0,0,0,0,0,0,0,0,0,0,0,0,40.0339,-75.0749, , 
29356,317311,2015063991,6,67,67301,2015,5,2,1200,12,1,2,1,5,1, , ,N,0,0,0,3,0,1,2,2,N, ,39 55:25.815,75 14:44.153,1215, ,1208, ,0, , , ,0, , , , , , , , , ,2,1,0,0,0,0,1,0,0,0,0,1,1,0,0,0,0,0,0,0,1,0,0,0,0,0,0,0,0,0,0,0,0,0,0,4,0,39.9238,-75.2456, , 
29357,317333,2015084020,6,67,67301,2015,8,1,238,2,3,1,0,1,1, , ,N,0,0,2,3,0,5,5,3,N,N,40 00:23.705,75 11:36.993,252, ,248,1,1,2,N, ,0,N, , , , , , , , ,2,2,0,0,0,0,0,0,0,0,0,5,5,0,0,0,0,0,0,0,0,0,0,0,0,0,0,0,0,0,0,0,0,0,0,4,0,40.0066,-75.1936, , 
29358,317335,2015085336,6,67,67301,2015,8,3,1645,16,1,1,0,5,6, , ,N,0,0,0,3,0,1,1,3,N, ,39 59:24.226,75 07:16.726,1650, ,1648, ,0, , , ,0, , , , , , , , , ,3,2,0,0,0,0,1,0,0,0,0,1,1,0,0,0,0,0,0,0,0,0,0,0,0,0,0,0,0,0,0,0,0,0,0,4,0,39.9901,-75.1213, , 
29359,317351,2015107958,6,67,67301,2015,9,4,9999,99,6,1,0,4,1, , ,N,1,2,0,3,0,1,2,2,N,N,39 58:49.670,75 13:41.343,110, ,1253,9,1,1,N, ,3,N, , , , , , , , ,2,1,1,0,0,0,0,0,0,0,0,1,1,0,1,0,0,0,0,0,0,0,0,0,0,0,0,0,0,0,0,0,0,0,0,4,0,39.9805,-75.2282, , 
29360,317356,2015069674,6,67,67301,2015,6,5,714,7,1,1,0,4,1, , ,N,0,0,7,3,0,0,2,2,N,N,40 03:06.221,75 13:30.750,9999, ,716, ,0, ,N, ,0, , , , , , , , , ,2,1,0,0,0,0,1,0,0,0,0,0,0,0,0,0,0,0,0,0,1,0,0,0,0,0,0,0,0,0,0,0,0,0,0,0,0,40.0517,-75.2252, , 
29361,317364,2015072858,6,67,67301,2015,6,7,1203,12,1,1,0,1,1, , ,N,1,2,0,3,0,3,6,2,N,Y,40 01:36.505,75 05:50.523,1207, ,1203,1,1,2, , ,3,Y, , , , , , , , ,2,2,0,0,0,0,0,0,0,0,0,3,3,0,0,0,0,0,0,0,0,0,0,4,0,0,0,0,0,0,0,0,0,0,0,4,0,40.0268,-75.0974, , 
29362,317368,2015075830,6,67,67301,2015,6,5,9999,99,3,1,0,4,1, , ,N,1,3,0,3,0,1,2,2,N,N,39 59:55.124,75 07:49.168,9999, ,9999, ,0, , , ,3, , , , , , , , , ,2,2,0,0,0,0,0,0,0,0,0,0,1,1,0,0,0,0,0,1,1,0,0,1,0,0,0,0,0,0,0,0,0,0,0,8,0,39.9986,-75.1303, , 
29363,317396,2015108093,6,67,67301,2015,10,3,932,9,1,1,0,7,2, , ,N,0,0,0,3,0,0,1,1,N,N,39 54:31.411,75 08:57.921,937, ,932, ,0, ,N, ,0, , , , , , , , , ,1,1,0,0,0,0,0,0,0,0,0,0,0,0,0,0,0,0,0,0,0,0,0,0,0,0,0,0,0,0,0,0,0,0,0,0,0,39.9087,-75.1494, , 
29364,320361,2015079383,6,67,67301,2015,7,4,1645,16,1,1,0,1,1, , ,N,0,0,0,3,0,1,4,2,N,N,39 57:01.485,75 08:28.205,1720, ,1720, ,0, ,N, ,0, , , , , , , , , ,2,0,1,0,0,0,0,1,0,0,0,1,1,0,2,0,0,0,0,0,0,0,0,0,0,0,0,0,0,0,0,0,0,0,0,4,0,39.9504,-75.1412, , 
29365,320366,2015085255,6,67,67301,2015,8,6,0,0,3,2,1,4,1, , ,N,1,3,0,3,0,1,5,4,N, ,39 55:53.086,75 09:22.669,10, ,10, ,0, , , ,3, , , , , , , , , ,4,1,0,0,0,0,3,0,0,0,0,0,1,1,0,0,0,0,0,0,0,0,0,2,0,0,0,0,0,0,0,0,0,0,0,8,0,39.9314,-75.1563, , 
29366,320386,2015103393,6,67,67301,2015,9,2,535,5,2,1,0,1,1, , ,N,0,0,0,3,0,2,2,2,N,N,39 53:52.032,75 12:42.086,547, ,541, ,0, ,N, ,0, , , , , , , , , ,2,1,0,0,1,0,0,0,0,0,0,2,2,0,0,0,0,0,0,0,1,0,0,0,0,0,0,0,0,0,0,0,0,0,0,4,0,39.8978,-75.2117, , 
29367,320395,2015061765,6,67,67301,2015,5,1,1500,15,1,1,0,4,1, , ,N,3,0,0,3,0,2,2,2,N,N,40 01:38.989,75 07:39.341,1504, ,1501, ,0, , , ,0, , , , , , , , , ,2,0,0,0,0,0,2,0,0,0,0,2,2,0,0,0,0,0,1,0,0,0,0,0,0,0,0,0,0,0,0,0,0,0,0,4,0,40.0275,-75.1276, , 
29368,320399,2015021901,6,67,67301,2015,2,6,1845,18,3,1,0,7,4, , ,N,1,2,0,3,0,3,3,2,N,N,39 59:44.224,75 10:03.233,1853, ,853, ,0, ,N, ,3, , , , , , , , , ,1,1,0,0,0,0,0,0,0,0,0,3,3,0,0,0,0,0,0,0,0,0,0,0,0,0,0,0,0,0,0,0,0,0,0,4,0,39.9956,-75.1675, , 
29369,320414,2015034158,6,67,67301,2015,3,3,1120,11,1,1,0,1,1, , ,N,2,2,0,3,0,1,2,2,N,N,40 03:44.577,75 02:33.887,1129, ,1129,1,1,1,N, ,3,N, , , , , , , , ,2,2,0,0,0,0,0,0,0,0,0,1,1,0,0,0,0,0,0,0,0,0,0,0,0,0,0,0,0,0,0,0,0,0,0,4,0,40.0624,-75.0427, , 
29370,320420,2015040862,6,67,67301,2015,3,3,906,9,1,1,0,8,6, , ,N,0,0,1,3,0,1,2,2,N,N,39 57:08.968,75 09:11.847,910, ,906, ,0, ,N, ,0, , , , , , , , , ,1,0,0,0,0,0,1,0,0,0,0,1,1,0,0,0,0,0,0,0,0,0,0,0,0,0,0,0,0,0,0,0,1,0,0,4,0,39.9525,-75.1533, , 
29371,320442,2015070667,6,67,67301,2015,6,2,2100,21,3,1,0,1,1, , ,N,1,2,0,3,0,1,2,2,N, ,39 59:53.714,75 07:38.470,1415, ,1415, ,0, , , ,3, , , , , , , , , ,2,2,0,0,0,0,0,0,0,0,0,0,1,1,1,0,0,0,0,0,0,0,0,0,0,0,0,0,0,0,0,0,0,0,0,8,0,39.9983,-75.1274, , 
29372,320453,2015070597,6,67,67301,2015,5,5,201,2,3,1,0,4,1, , ,N,1,2,0,3,0,0,4,2,N,N,39 55:56.906,75 13:28.606,215, ,201,3,2,7, , ,3,Y, , , , , , , , ,2,1,0,0,0,0,1,0,0,0,0,0,0,0,4,0,0,0,0,0,0,0,0,0,0,0,0,0,0,0,0,0,0,0,0,9,0,39.9325,-75.2246, , 
29373,320470,2015103302,6,67,67301,2015,9,4,1820,18,1,1,0,1,1, , ,N,2,2,0,3,0,2,4,2,N, ,39 57:24.697,75 08:19.705,1831, ,1828, ,0, , , ,3, , , , , , , , , ,2,1,0,0,0,0,1,0,0,0,0,0,2,2,0,0,0,0,0,0,0,0,0,0,0,0,0,0,0,0,0,0,0,0,0,8,0,39.9568,-75.1386, , 
29374,320481,2015112114,6,67,67301,2015,10,7,550,5,3,1,0,4,1, , ,N,1,2,0,3,0,1,3,2,N, ,39 59:16.184,75 10:50.095,610, ,600, ,0, , , ,3, , , , , , , , , ,2,2,0,0,0,0,0,0,0,0,0,1,1,0,0,0,0,0,0,0,0,0,1,1,0,0,0,0,0,0,0,0,0,0,0,4,0,39.9878,-75.1806, , 
29375,320490,2015063912,6,67,67301,2015,6,3,235,2,3,2,1,7,4, , ,N,0,0,0,3,0,3,3,1,N,N,40 01:05.698,75 03:50.179,240, ,235, ,0, ,N, ,0, , , , , , , , , ,1,1,0,0,0,0,0,0,0,0,3,0,3,0,0,0,0,0,0,0,0,0,0,0,0,0,0,0,0,0,0,0,0,0,0,3,0,40.0182,-75.0639, , 
29376,320493,2015063896,6,67,67301,2015,6,5,435,4,3,1,0,6,6, , ,N,0,0,0,3,0,1,1,3,N,N,40 02:54.178,75 08:59.108,445, ,435, ,0, ,N, ,0, , , , , , , , , ,3,3,0,0,0,0,0,0,0,0,0,0,1,1,0,0,0,0,0,0,0,0,0,0,0,0,0,0,0,0,0,0,0,0,0,8,0,40.0484,-75.1498, , 
29377,320498,2015070176,6,67,67301,2015,6,7,745,7,1,1,0,7,4, , ,N,0,0,0,3,0,1,1,1,N,N,40 06:55.083,74 59:10.982,754, ,746,2,1,2,N, ,0,N, , , , , , , , ,1,1,0,0,0,0,0,0,0,1,0,0,1,0,0,0,0,0,0,0,0,1,0,0,0,0,0,1,0,0,0,0,0,0,0,2,0,40.1153,-74.9864, , 
29378,320499,2015070271,6,67,67301,2015,6,6,2210,22,3,2,1,1,1, , ,N,0,0,0,3,0,0,3,2,N,N,39 55:57.631,75 12:00.133,2215, ,2211, ,0, ,N, ,0, , , , , , , , , ,2,1,0,0,0,0,1,0,0,0,0,0,0,0,0,0,0,0,0,0,0,0,0,1,0,0,0,0,0,0,0,0,0,0,0,0,0,39.9327,-75.2, , 
29379,320516,2015094338,6,67,67301,2015,8,3,1507,15,1,1,0,1,1, , ,N,1,2,0,3,0,3,3,2,N,N,40 01:00.648,75 08:58.512,1520, ,1518, ,0, , , ,3, , , , , , , , , ,2,2,0,0,0,0,0,0,0,0,0,3,3,0,0,0,0,0,0,0,0,0,0,0,0,0,0,0,0,0,0,0,0,0,0,4,0,40.0169,-75.1495, , 
29380,320535,2015006699,6,67,67301,2015,1,7,345,3,3,1,0,5,6, , ,N,0,0,0,3,0,0,1,3,N, ,39 59:26.787,75 07:49.524,415, ,400, ,0, , , ,0, , , , , , , , , ,3,3,0,0,0,0,0,0,0,0,0,0,0,0,0,0,0,0,0,0,0,0,0,0,0,0,0,0,0,0,0,0,0,0,0,0,0,39.9908,-75.1304, , 
29381,320538,2015010702,6,67,67301,2015,1,7,340,3,3,1,0,7,2, , ,N,1,2,0,3,0,0,1,1,N,N,40 00:52.185,75 07:52.121,342, ,340, ,0, ,N, ,3, , , , , , , , , ,1,1,0,0,0,0,0,0,0,0,0,0,0,0,0,0,0,0,0,0,0,0,0,1,0,0,0,0,0,0,0,0,0,0,0,0,0,40.0145,-75.1311, , 
29382,323008,2015095143,6,67,67301,2015,9,7,210,2,3,1,0,4,1, , ,N,1,3,0,3,0,1,2,2,N,N,39 59:16.245,75 11:07.864,220, ,215, ,0, ,N, ,3, , , , , , , , , ,2,2,0,0,0,0,0,0,0,0,0,0,1,1,0,0,0,0,0,0,0,0,0,0,0,0,0,0,0,0,0,0,0,0,0,8,0,39.9878,-75.1855, , 
29383,323016,2015099109,6,67,67301,2015,9,6,2107,21,3,1,0,4,1, , ,N,1,2,0,3,0,0,4,2,N, ,40 03:26.473,75 04:36.598,2233, ,2223,2,2,6, , ,3,Y, , , , , , , , ,2,2,0,0,0,0,0,0,0,0,0,0,0,0,0,0,0,0,0,0,1,0,0,0,0,0,0,0,0,0,0,0,0,0,0,0,0,40.0574,-75.0768, , 
29384,323036,2015117677,6,67,67301,2015,10,7,1710,17,1,1,0,4,1, , ,N,1,2,0,3,0,0,3,3,N,N,39 58:10.453,75 12:41.538,1747, ,1747, ,0, ,N, ,3, , , , , , , , , ,3,3,0,0,0,0,0,0,0,0,0,0,0,0,0,0,0,0,0,0,0,1,0,0,0,0,0,0,0,0,0,0,0,0,0,0,0,39.9697,-75.2115, , 
29385,323037,2015117691,6,67,67301,2015,10,1,301,3,3,1,0,4,1, , ,N,1,3,0,3,0,0,2,4,N,N,39 58:56.323,75 09:00.046,310, ,305, ,0, ,N, ,3, , , , , , , , , ,4,0,0,0,0,0,2,0,0,0,0,0,0,0,0,0,0,0,0,0,0,0,0,1,0,0,0,0,0,0,0,0,0,0,0,0,0,39.9823,-75.15, , 
29386,323038,2015061858,6,67,67301,2015,5,6,25,0,3,1,0,4,1, , ,N,1,3,0,3,0,0,2,2,N,N,40 01:58.832,75 07:41.962,30, ,30,1,1,1,N, ,3,N, , , , , , , , ,2,1,0,0,0,0,1,0,0,0,0,0,0,0,0,0,0,0,0,0,0,0,0,0,0,0,0,0,0,0,0,0,0,0,0,0,0,40.033,-75.1283, , 
29387,323051,2015070118,6,67,67301,2015,6,5,2030,20,3,1,0,4,1, , ,N,1,2,0,3,0,1,3,3,N,N,39 58:07.468,75 12:40.860,2059, ,2058, ,0, , , ,3, , , , , , , , , ,2,0,1,0,0,0,0,0,0,0,1,0,1,0,0,0,0,0,0,0,0,0,0,0,0,0,0,0,0,0,0,0,1,0,0,3,0,39.9687,-75.2113, , 
29388,323054,2015072874,6,67,67301,2015,6,6,830,8,1,9,0,4,1, , ,N,1,2,0,3,0,1,2,2,N,N,39 57:31.207,75 12:50.450,830, ,1109, ,0, ,N, ,3, , , , , , , , , ,1,1,0,0,0,0,0,0,1,0,0,1,1,0,1,0,0,0,0,0,0,0,0,0,0,0,0,0,0,0,0,0,0,0,0,4,0,39.9586,-75.214, , 
29389,323055,2015073257,6,67,67301,2015,7,7,818,8,1,1,0,0,1, , ,N,0,2,0,3,0,1,1,1,N, ,39 53:14.392,75 14:53.272,827, ,819,2,1,3, , ,3,N, , , , , , , , ,1,0,1,0,0,0,0,0,0,0,1,0,1,0,0,0,0,0,0,0,0,0,0,0,0,0,0,0,0,0,0,0,0,0,0,3,0,39.8873,-75.2481, , 
29390,323059,2015080280,6,67,67301,2015,7,5,1430,14,1,1,0,8,1, , ,N,3,3,0,3,0,1,2,2,N, ,39 58:27.352,75 13:13.728,1440, ,1430, ,0, , , ,3, , , , , , , , , ,1,0,0,0,0,0,0,1,0,0,0,0,1,1,0,0,0,0,0,0,1,0,0,0,0,0,0,0,0,0,0,0,1,0,0,8,0,39.9743,-75.2205, , 
29391,323060,2015084442,6,67,67301,2015,8,7,935,9,1,1,0,2,6, , ,N,0,0,0,3,0,1,1,3,N,N,39 59:30.448,75 05:03.439,940, ,936, ,0, ,N, ,0, , , , , , , , , ,3,2,0,0,0,0,0,1,0,0,0,0,1,1,0,0,0,0,0,0,0,0,0,1,0,0,0,0,0,0,0,0,0,0,0,8,0,39.9918,-75.0843, , 
29392,323073,2015093528,6,67,67301,2015,8,7,1757,17,1,1,0,5,1, , ,N,0,0,0,3,0,0,4,2,N,N,39 54:45.318,75 08:55.094,1807, ,1758, ,0, ,N, ,0, , , , , , , , , ,2,1,0,0,0,0,1,0,0,0,0,0,0,0,0,0,0,0,0,0,0,0,0,0,0,0,0,0,0,0,0,0,0,0,0,0,0,39.9126,-75.1486, , 
29393,323086,2015117625,6,67,67301,2015,10,5,1025,10,1,1,0,4,1, , ,N,1,3,0,3,0,1,2,2,N,N,39 55:22.112,75 08:53.185,1034, ,1031, ,0, ,N, ,3, , , , , , , , , ,1,0,0,0,0,0,1,0,1,0,0,0,1,1,0,0,0,0,0,0,1,0,0,1,0,0,0,0,0,0,0,0,0,0,0,8,0,39.9228,-75.1481, , 
29394,323102,2015070156,6,67,67301,2015,6,6,1240,12,1,1,0,5,1, , ,N,1,2,0,3,0,0,4,4,N,N,40 01:39.219,75 06:36.203,1246, ,1242,2,1,4,N, ,3,N, , , , , , , , ,4,2,0,0,0,0,1,1,0,0,0,0,0,0,0,0,0,0,0,0,0,0,0,0,0,0,0,0,0,0,0,0,0,0,0,0,0,40.0277,-75.11, , 
29395,323109,2015078216,6,67,67301,2015,7,5,1315,13,1,1,0,5,1, , ,N,0,0,0,3,0,0,2,2,N, ,39 57:30.985,75 09:01.587,1400, ,1355, ,0, ,N, ,0, , , , , , , , , ,2,1,0,0,0,0,1,0,0,0,0,0,0,0,1,0,0,0,0,0,1,0,0,0,0,0,0,0,0,0,0,0,0,0,0,9,0,39.9586,-75.1504, , 
29396,323110,2015078292,6,67,67301,2015,7,6,2116,21,3,1,0,4,1, , ,N,1,2,0,3,0,3,3,2,N,N,39 59:08.181,75 09:03.283,2122, ,2120, ,0, , , ,3, , , , , , , , , ,2,2,0,0,0,0,0,0,0,0,0,0,3,3,0,0,0,0,0,0,0,0,0,0,0,0,0,0,0,0,0,0,0,0,0,8,0,39.9856,-75.1509, , 
29397,323112,2015081090,6,67,67301,2015,7,7,1328,13,1,1,0,4,1, , ,N,1,2,0,3,0,1,2,2,N,N,40 00:49.975,75 07:33.617,1332, ,1330, ,0, ,N, ,3, , , , , , , , , ,2,2,0,0,0,0,0,0,0,0,1,0,1,0,0,0,0,0,0,0,0,0,0,0,0,0,0,0,0,0,0,0,0,0,0,3,0,40.0139,-75.126, , 
29398,323121,2015092052,6,67,67301,2015,8,4,836,8,1,1,0,4,1, , ,N,1,2,0,3,0,1,2,2,N, ,39 58:23.617,75 11:01.532,842, ,836,3,1,6, , ,3,Y, , , , , , , , ,2,0,0,0,1,0,1,0,0,0,0,1,1,0,0,0,0,0,0,0,1,0,0,0,0,0,0,0,0,0,0,0,0,0,0,4,0,39.9732,-75.1838, , 
29399,323126,2015095796,6,67,67301,2015,9,3,1640,16,1,1,0,4,1, , ,N,1,2,0,3,0,1,2,2,N,N,40 00:49.975,75 07:33.617,1716, ,1704, ,0, ,N, ,3, , , , , , , , , ,1,1,0,0,0,0,0,0,1,0,0,1,1,0,0,0,0,0,0,0,0,0,0,0,0,0,0,0,0,0,0,0,0,0,0,4,0,40.0139,-75.126, , 
29400,314263,2015103294,6,67,67301,2015,9,4,1850,18,4,1,0,4,1, , ,N,1,3,0,3,0,2,2,2,N,N,39 58:09.900,75 09:47.700,1905, ,1907, ,0, , , ,3, , , , , , , , , ,2,1,0,0,0,0,0,1,0,0,0,0,2,2,0,0,0,0,0,0,0,0,0,0,0,0,0,0,0,0,0,0,0,0,0,8,0,39.9694,-75.1633, , 
29401,314283,2015020805,6,67,67301,2015,1,4,840,8,1,1,0,1,6, , ,N,0,0,0,3,0,0,1,3,N,N,39 54:25.426,75 14:48.116,840, ,827, ,0, ,N, ,0, , , , , , , , , ,3,3,0,0,0,0,0,0,0,0,0,0,0,0,1,0,0,0,0,0,0,0,0,0,0,0,0,0,0,0,0,0,0,0,0,9,0,39.9071,-75.2467, , 
29402,314293,2015033343,6,67,67301,2015,3,7,1555,15,1,2,1,5,1, , ,N,0,0,0,3,0,0,3,2,N,N,39 59:34.373,75 12:02.626,1605, ,1555, ,0, ,N, ,0, , , , , , , , , ,2,0,0,0,2,0,0,0,0,0,0,0,0,0,0,0,0,0,0,0,0,0,0,0,0,0,0,0,0,0,0,0,0,0,0,0,0,39.9929,-75.2007, , 
29403,314311,2015053970,6,67,67301,2015,5,5,2030,20,1,1,0,8,1, , ,N,1,3,0,3,0,2,3,3,N,N,40 00:39.283,75 08:23.330,1701, ,1700, ,0, , , ,3, , , , , , , , , ,1,0,0,0,0,0,0,0,0,0,0,2,2,0,1,0,0,0,0,0,0,0,0,0,0,0,0,0,0,0,0,0,2,0,0,4,0,40.0109,-75.1398, , 
29404,314322,2015063877,6,67,67301,2015,6,3,2110,21,3,2,1,8,1, , ,N,0,0,0,3,0,1,2,2,N,N,39 57:59.591,75 12:28.140,2132, ,2122, ,0, ,N, ,0, , , , , , , , , ,1,0,0,0,0,0,0,0,0,0,0,1,1,0,0,0,0,0,0,0,0,0,0,0,0,0,0,0,0,0,0,0,1,0,0,4,0,39.9666,-75.2078, , 