objectid_1,objectid,crn,district,county,municipality,crash_year,crash_month,day_of_week,time_of_day,hour_of_day,illumination,weather,road_condition,collision_type,relation_to_road,work_zone_type,work_zone_loc,work_zone_ind,intersect_type,tcd_type,location_type,urban_rural,fatal_count,injury_count,person_count,total_units,sch_bus_ind,sch_zone_ind,latitude,longitude,arrival_tm,cons_zone_spd_lim,dispatch_tm,est_hrs_closed,lane_closed,ln_close_dir,ntfy_hiwy_maint,spec_juris_cd,tcd_func_cd,tfc_detour_ind,workers_pres,wz_close_detour,wz_flagger,wz_law_offcr_ind,wz_ln_closure,wz_moving,wz_other,wz_shlder_mdn,vehicle_count,automobile_count,motorcycle_count,bus_count,small_truck_count,heavy_truck_count,suv_count,van_count,bicycle_count,maj_inj_count,mod_inj_count,min_inj_count,tot_inj_count,unk_inj_deg_count,unk_inj_per_count,driver_count_16yr,driver_count_17yr,driver_count_18yr,driver_count_19yr,driver_count_20yr,driver_count_50_64yr,driver_count_65_74yr,driver_count_75plus,unbelted_occ_count,unb_death_count,unb_maj_inj_count,belted_death_count,belted_maj_inj_count,mcycle_death_count,mcycle_maj_inj_count,bicycle_death_count,bicycle_maj_inj_count,ped_count,ped_death_count,ped_maj_inj_count,max_severity_level,comm_veh_count,dec_lat,dec_long,rdwy_surf_type_cd,county_name
29405,314330,2015084419,6,67,67301,2015,7,4,725,7,1,1,0,4,1, , ,N,1,3,0,3,0,1,2,2,N, ,40 01:31.839,75 09:03.607,735, ,730, ,0, , , ,3, , , , , , , , , ,2,2,0,0,0,0,0,0,0,0,0,1,1,0,0,0,0,0,0,0,0,0,0,0,0,0,0,0,0,0,0,0,0,0,0,4,0,40.0255,-75.151, , 
29406,314331,2015086242,6,67,67301,2015,7,6,1630,16,1,1,0,8,1, , ,N,1,2,0,3,0,1,2,2,N, ,39 57:04.885,75 09:18.588,1805, ,1800, ,0, , , ,3, , , , , , , , , ,1,1,0,0,0,0,0,0,0,0,0,0,1,1,0,0,0,0,0,0,0,0,0,0,0,0,0,0,0,0,0,0,1,0,0,8,0,39.9513,-75.1551, , 
29407,314340,2015102073,6,67,67301,2015,10,5,1100,11,1,1,0,1,1, , ,N,0,0,0,3,0,0,3,3,N,N,39 58:51.594,75 06:12.679,1108, ,1102,2,1,2,N, ,0,N, , , , , , , , ,3,2,0,0,1,0,0,0,0,0,0,0,0,0,0,0,0,0,0,0,0,0,1,0,0,0,0,0,0,0,0,0,0,0,0,0,0,39.981,-75.1035, , 
29408,314341,2015103299,6,67,67301,2015,9,7,57,0,3,1,0,4,1, , ,N,1,2,0,3,0,0,3,2,N,N,40 00:19.420,75 06:33.689,110, ,110, ,0, ,N, ,3, , , , , , , , , ,2,2,0,0,0,0,0,0,0,0,0,0,0,0,0,0,0,0,0,0,0,0,0,0,0,0,0,0,0,0,0,0,0,0,0,0,0,40.0054,-75.1094, , 
29409,314373,2015061862,6,67,67301,2015,5,6,1533,15,1,1,0,1,1, , ,N,0,0,0,3,0,4,7,2,N,N,40 06:08.527,75 02:19.371,1534, ,1533,1,1,2,N, ,0,N, , , , , , , , ,2,1,0,1,0,0,0,0,0,0,0,0,4,4,0,0,0,0,0,0,1,1,0,0,0,0,0,0,0,0,0,0,0,0,0,8,1,40.1024,-75.0387, , 
29410,314401,2015088710,6,67,67301,2015,8,6,1745,17,1,1,0,5,6, , ,N,0,0,0,3,0,0,1,3,N,N,40 03:53.539,75 09:24.242,1753, ,1749, ,0, ,N, ,0, , , , , , , , , ,3,2,0,0,0,0,1,0,0,0,0,0,0,0,0,0,0,0,0,0,0,0,0,0,0,0,0,0,0,0,0,0,0,0,0,0,0,40.0649,-75.1567, , 
29411,314418,2015053965,6,67,67301,2015,5,2,1030,10,1,1,0,5,4, , ,N,0,0,0,3,0,1,2,2,N,N,39 55:59.892,75 10:04.077,1039, ,1036, ,0, ,N, ,0, , , , , , , , , ,2,2,0,0,0,0,0,0,0,0,0,1,1,0,0,0,0,0,0,0,0,0,0,0,0,0,0,0,0,0,0,0,0,0,0,4,0,39.9333,-75.1678, , 
29412,314421,2015063926,6,67,67301,2015,6,5,650,6,1,1,0,3,1, , ,N,0,0,0,3,0,1,2,2,N,N,39 57:00.832,75 10:16.970,705, ,659, ,0, , , ,0, , , , , , , , , ,2,1,0,0,0,0,0,1,0,0,0,1,1,0,0,0,0,0,0,0,1,0,0,0,0,0,0,0,0,0,0,0,0,0,0,4,0,39.9502,-75.1714, , 
29413,314445,2015092068,6,67,67301,2015,8,2,2300,23,3,1,0,5,1, , ,N,0,0,0,3,0,0,2,2,N,N,40 06:35.140,74 59:55.573,2340, ,2331, ,0, ,N, ,0, , , , , , , , , ,2,1,0,0,0,1,0,0,0,0,0,0,0,0,0,0,0,1,0,0,0,0,0,0,0,0,0,0,0,0,0,0,0,0,0,0,1,40.1098,-74.9988, , 
29414,314463,2015052289,6,67,67301,2015,4,4,2000,20,3,1,0,0,1, , ,N,1,3,0,3,0,1,4,1,N,N,40 00:59.839,75 05:10.881,2020, ,2015,1,1,1,N, ,3,Y, , , , , , , , ,1,0,0,0,0,0,0,1,0,0,0,1,1,0,0,0,0,0,0,0,0,0,0,0,0,0,0,0,0,0,0,0,0,0,0,4,0,40.0166,-75.0864, , 
29415,314469,2015012327,6,67,67301,2015,1,1,107,1,3,1,0,1,6, , ,N,10,3,0,3,0,1,2,4,N,N,39 54:44.906,75 09:28.943,120, ,107,3,2,2,N, ,3,Y, , , , , , , , ,4,1,0,0,0,0,1,1,0,0,0,1,1,0,0,0,0,0,0,0,0,0,0,0,0,0,0,0,0,0,0,0,0,0,0,4,0,39.9125,-75.158, , 
29416,314490,2015034150,6,67,67301,2015,2,6,2145,21,3,1,0,1,1, , ,N,2,0,0,3,0,1,5,2,N,N,40 04:06.330,75 02:23.513,2226, ,2223, ,0, ,N, ,0, , , , , , , , , ,2,1,0,0,0,0,0,1,0,0,0,0,1,1,0,0,0,0,1,0,0,0,0,0,0,0,0,0,0,0,0,0,0,0,0,8,0,40.0684,-75.0399, , 
29417,314517,2015066307,6,67,67301,2015,6,3,1320,13,1,1,0,1,1, , ,N,0,0,0,3,0,1,2,2,N, ,40 03:29.995,75 08:19.912,1330, ,1325, ,0, , , ,0, , , , , , , , , ,2,1,0,0,0,0,1,0,0,0,0,1,1,0,0,0,0,0,1,0,1,0,0,0,0,0,0,0,0,0,0,0,0,0,0,4,0,40.0583,-75.1389, , 
29418,314519,2015069687,6,67,67301,2015,6,1,1818,18,1,1,0,0,1, , ,N,1,2,0,3,0,1,2,1,N,N,40 00:54.831,75 08:59.392,1845, ,1838,3,1,1,N, ,3,N, , , , , , , , ,1,0,0,0,0,0,0,0,0,1,0,0,1,0,0,0,0,0,0,0,0,0,0,0,0,0,0,0,0,0,0,0,0,0,0,2,0,40.0152,-75.1498, , 
29419,317398,2015109326,6,67,67301,2015,10,7,1900,19,3,1,0,1,1, , ,N,1,2,0,3,0,2,3,3,N,N,39 59:20.627,75 05:22.626,1911, ,1906,1,1,1,N, ,3,N, , , , , , , , ,3,3,0,0,0,0,0,0,0,0,0,2,2,0,0,0,0,0,0,0,0,0,0,1,0,0,0,0,0,0,0,0,0,0,0,4,0,39.9891,-75.0896, , 
29420,317410,2015077658,6,67,67301,2015,7,4,1130,11,1,1,0,1,1, , ,N,0,0,0,3,0,13,13,2,N,N,39 53:57.946,75 09:55.120,1130, ,1130,1,1,2,N, ,0,N, , , , , , , , ,2,1,0,0,0,0,1,0,0,0,0,13,13,0,0,0,0,0,0,0,0,0,0,0,0,0,0,0,0,0,0,0,0,0,0,4,0,39.8994,-75.1653, , 
29421,317441,2015109213,6,67,67301,2015,10,1,625,6,1,1,0,4,1, , ,N,1,3,0,3,0,2,2,2,N, ,40 02:29.408,75 09:30.138,630, ,630, ,0, , , ,3, , , , , , , , , ,2,2,0,0,0,0,0,0,0,0,0,2,2,0,0,0,0,0,0,0,0,0,0,0,0,0,0,0,0,0,0,0,0,0,0,4,0,40.0415,-75.1584, , 
29422,317456,2015081304,6,67,67301,2015,8,4,1420,14,1,1,0,1,1, , ,N,0,0,0,3,0,3,7,2,N,N,39 54:19.480,75 09:00.297,1434, ,1420,2,1,2,N, ,0,N, , , , , , , , ,2,0,0,0,0,1,0,1,0,0,0,1,3,2,0,0,0,0,0,0,1,1,0,2,0,0,0,0,0,0,0,0,0,0,0,4,1,39.9054,-75.1501, , 
29423,317471,2015078673,6,67,67301,2015,7,4,425,4,3,2,1,6,6, , ,N,0,0,0,3,0,0,1,2,N,N,40 03:07.004,75 09:19.224,447, ,444, ,0, ,N, ,0, , , , , , , , , ,2,1,0,0,0,0,1,0,0,0,0,0,0,0,1,0,0,0,0,0,0,0,0,0,0,0,0,0,0,0,0,0,0,0,0,9,0,40.0519,-75.1553, , 
29424,317473,2015080706,6,67,67301,2015,7,3,3,0,3,1,0,5,1, , ,N,0,0,0,3,0,1,2,2,N,N,40 02:18.255,75 00:37.028,23, ,4, ,0, ,N, ,0, , , , , , , , , ,2,1,0,0,0,0,1,0,0,0,0,1,1,0,1,0,0,0,0,0,1,0,0,0,0,0,0,0,0,0,0,0,0,0,0,4,0,40.0384,-75.0103, , 
29425,317480,2015086213,6,67,67301,2015,8,2,1315,13,1,1,0,1,1, , ,N,0,0,0,3,0,2,3,3,N,N,40 00:51.612,75 10:42.929,1330, ,1320, ,0, ,N, ,0, , , , , , , , , ,2,1,0,0,0,0,1,0,0,0,0,0,2,2,0,0,0,0,1,0,0,0,0,0,0,0,0,0,0,0,0,0,0,0,0,8,0,40.0143,-75.1786, , 
29426,317493,2015095215,6,67,67301,2015,9,6,515,5,1,1,0,5,6, , ,N,0,0,0,3,0,1,1,3,N,N,40 01:14.725,75 05:27.571,520, ,518, ,0, ,N, ,0, , , , , , , , , ,3,1,0,0,0,0,2,0,0,0,0,1,1,0,0,0,0,0,0,0,0,0,0,0,0,0,0,0,0,0,0,0,0,0,0,4,0,40.0208,-75.091, , 
29427,317504,2015066300,6,67,67301,2015,6,7,225,2,3,2,1,7,4, , ,N,0,0,0,3,0,1,2,1,N, ,39 59:13.189,75 12:57.753,245, ,225,2,1,7, , ,0,Y, , , , , , , , ,1,1,0,0,0,0,0,0,0,0,0,1,1,0,0,0,0,0,0,0,0,0,0,0,0,0,0,0,0,0,0,0,0,0,0,4,0,39.987,-75.216, , 
29428,317513,2015062744,6,67,67301,2015,5,3,1325,13,1,1,0,5,6, , ,N,0,0,0,3,0,2,3,2,N, ,40 01:53.382,75 09:13.806,1400, ,1359, ,0, , , ,0, , , , , , , , , ,2,2,0,0,0,0,0,0,0,0,0,2,2,0,0,0,0,0,0,0,0,0,0,0,0,0,0,0,0,0,0,0,0,0,0,4,0,40.0315,-75.1538, , 
29429,317530,2015073698,6,67,67301,2015,6,6,2240,22,3,2,1,8,1, , ,N,0,0,0,3,0,1,2,2,N, ,39 58:39.258,75 09:29.416,9999, ,2241, ,0, , , ,0, , , , , , , , , ,1,1,0,0,0,0,0,0,0,0,0,1,1,0,0,0,0,0,0,0,0,0,0,0,0,0,0,0,0,0,0,0,1,0,0,4,0,39.9776,-75.1582, , 
29430,317536,2015078273,6,67,67301,2015,7,1,2013,20,1,1,0,1,1, , ,N,0,0,0,3,0,2,3,2,N,N,40 00:43.368,75 10:54.921,2016, ,2014,2,2,2,N, ,0,N, , , , , , , , ,2,1,0,0,0,0,1,0,0,0,0,2,2,0,0,0,0,0,0,0,0,0,0,0,0,0,0,0,0,0,0,0,0,0,0,4,0,40.012,-75.1819, , 
29431,317537,2015078296,6,67,67301,2015,7,2,1431,14,1,1,0,4,1, , ,N,1,2,0,3,0,2,4,2,N,N,40 02:57.481,75 04:04.310,1435, ,1433,3,2,5,N, ,3,Y, , , , , , , , ,2,1,1,0,0,0,0,0,0,0,2,0,2,0,2,0,0,0,0,1,0,0,0,0,0,0,0,0,0,0,0,0,0,0,0,3,0,40.0493,-75.0679, , 
29432,317542,2015088656,6,67,67301,2015,8,3,2135,21,3,1,0,4,1, , ,N,1,3,0,3,0,2,3,2,N,N,40 04:36.212,75 10:34.207,2141, ,2140, ,0, ,N, ,3, , , , , , , , , ,2,2,0,0,0,0,0,0,0,0,0,2,2,0,0,0,0,1,0,0,0,0,0,0,0,0,0,0,0,0,0,0,0,0,0,4,0,40.0767,-75.1762, , 
29433,317553,2015072870,6,67,67301,2015,6,2,753,7,1,1,0,1,1,1,4,Y,1,2,0,3,0,1,3,3,N,N,40 03:32.505,75 02:41.288,821,40,802,3,1,2,N, ,3,N,Y,U,U,N,Y,U,U,Y,3,0,0,0,0,0,3,0,0,0,0,0,1,1,0,0,0,0,0,0,0,0,0,0,0,0,0,0,0,0,0,0,0,0,0,8,0,40.0594,-75.0445, , 
29434,317555,2015075294,6,67,67301,2015,6,5,845,8,1,1,0,1,1, , ,N,1,2,0,3,0,1,4,3,N, ,40 00:24.350,75 07:53.666,9999, ,901,1,1,4, , ,3,N, , , , , , , , ,3,1,0,0,1,0,1,0,0,0,0,1,1,0,0,0,0,0,0,0,0,1,0,2,0,0,0,0,0,0,0,0,0,0,0,4,0,40.0068,-75.1316, , 
29435,317557,2015075655,6,67,67301,2015,7,2,1040,10,1,1,0,1,1, , ,N,1,2,0,3,0,1,2,2,N,N,39 58:04.769,75 14:01.494,1045, ,1045, ,0, ,N, ,3, , , , , , , , , ,2,2,0,0,0,0,0,0,0,0,0,1,1,0,0,0,0,0,0,0,0,1,0,0,0,0,0,0,0,0,0,0,0,0,0,4,0,39.968,-75.2337, , 
29436,317560,2015081048,6,67,67301,2015,7,7,2240,22,3,1,0,4,1, , ,N,1,3,0,3,0,1,3,2,N,N,39 59:39.840,75 10:56.801,2240, ,2240, ,0, ,N, ,3, , , , , , , , , ,2,1,0,0,0,0,1,0,0,0,0,0,1,1,0,0,0,0,0,0,1,0,0,0,0,0,0,0,0,0,0,0,0,0,0,8,0,39.9944,-75.1824, , 
29437,320539,2015012323,6,67,67301,2015,1,6,300,3,3,8,6,7,4, , ,N,0,0,0,3,0,1,1,1,N, ,40 05:21.638,75 03:25.867,305, ,303,1,2,7, , ,0,Y, , , , , , , , ,1,1,0,0,0,0,0,0,0,0,0,1,1,0,0,0,0,0,0,0,0,0,0,0,0,0,0,0,0,0,0,0,0,0,0,4,0,40.0893,-75.0572, , 
29438,320541,2015056497,6,67,67301,2015,5,3,2030,20,3,1,0,4,1, , ,N,1,3,0,3,0,3,5,2,N, ,40 03:08.206,75 09:05.993,2302, ,2302, ,0, , , ,3, , , , , , , , , ,2,2,0,0,0,0,0,0,0,0,0,0,3,3,1,0,0,0,0,0,1,0,0,0,0,0,0,0,0,0,0,0,0,0,0,8,0,40.0523,-75.1516, , 
29439,320546,2015061889,6,67,67301,2015,5,7,1540,15,1,1,0,5,1, , ,N,0,0,0,3,0,1,2,2,N, ,39 56:57.719,75 13:01.113,1604, ,1602, ,0, , , ,0, , , , , , , , , ,2,1,0,0,0,0,1,0,0,0,1,0,1,0,0,0,0,0,0,0,0,0,0,0,0,0,0,0,0,0,0,0,0,0,0,3,0,39.9494,-75.217, , 
29440,320548,2015065473,6,67,67301,2015,5,5,1850,18,1,1,0,7,5, , ,N,2,0,0,3,0,1,1,1,N, ,40 03:13.188,75 00:12.792,1900, ,1856, ,0, , , ,0, , , , , , , , , ,1,1,0,0,0,0,0,0,0,0,0,1,1,0,0,0,0,0,0,0,0,0,1,0,0,0,0,0,0,0,0,0,0,0,0,4,0,40.0537,-75.0036, , 
29441,320561,2015072897,6,67,67301,2015,6,3,847,8,1,1,0,1,1, , ,N,0,0,0,3,0,0,2,2,N,N,40 00:27.693,75 04:18.789,901, ,852,2,2,1,N, ,0,Y, , , , , , , , ,2,1,0,0,0,0,1,0,0,0,0,0,0,0,0,0,0,0,0,0,0,0,0,0,0,0,0,0,0,0,0,0,0,0,0,0,0,40.0077,-75.0719, , 
29442,320566,2015077656,6,67,67301,2015,7,2,1248,12,1,1,0,0,1, , ,N,0,0,0,3,0,0,2,2,N,N,39 53:55.888,75 10:13.809,1307, ,1254, ,0, ,N, ,0, , , , , , , , , ,2,2,0,0,0,0,0,0,0,0,0,0,0,0,0,0,0,0,0,0,0,0,0,0,0,0,0,0,0,0,0,0,0,0,0,0,0,39.8989,-75.1705, , 
29443,320570,2015082836,6,67,67301,2015,7,7,232,2,3,1,0,5,1, , ,N,0,0,0,3,0,1,4,3,N,N,39 56:07.233,75 11:59.531,232, ,232,2,2,3,N, ,0,N, , , , , , , , ,3,1,0,0,1,0,0,1,0,0,0,0,1,1,0,0,0,0,0,0,0,0,0,0,0,0,0,0,0,0,0,0,0,0,0,8,0,39.9353,-75.1999, , 
29444,320572,2015083427,6,67,67301,2015,7,7,2334,23,3,1,0,4,1, , ,N,1,2,0,3,0,2,4,2,N, ,40 01:24.977,75 03:23.118,2355, ,2334,3,1,3, , ,3,Y, , , , , , , , ,2,1,0,0,0,0,1,0,0,1,1,0,2,0,0,0,0,0,0,1,0,1,0,0,0,0,0,0,0,0,0,0,0,0,0,2,0,40.0236,-75.0564, , 
29445,320579,2015049969,6,67,67301,2015,5,6,2128,21,3,1,0,1,1, , ,N,0,2,0,3,0,3,7,3,N,N,39 58:50.744,75 09:26.901,2131, ,2129,2,1,5,N, ,3,N, , , , , , , , ,3,3,0,0,0,0,0,0,0,0,0,0,3,3,0,0,0,0,0,0,0,0,0,0,0,0,0,0,0,0,0,0,0,0,0,8,0,39.9808,-75.1575, , 
29446,320585,2015056496,6,67,67301,2015,5,4,923,9,1,1,0,2,1, , ,N,0,0,0,3,0,1,2,2,N, ,40 02:08.832,75 06:49.561,935, ,928, ,0, , , ,0, , , , , , , , , ,2,1,0,0,0,0,1,0,0,0,1,0,1,0,0,0,0,0,0,0,0,0,0,1,0,0,0,0,0,0,0,0,0,0,0,3,0,40.0358,-75.1138, , 
29447,320609,2015091067,6,67,67301,2015,8,4,1110,11,1,1,0,4,1, , ,N,0,0,7,3,0,1,2,2,N,N,39 56:20.675,75 11:49.321,1125, ,1120, ,0, , , ,0, , , , , , , , , ,1,0,0,0,0,0,1,0,1,0,0,1,1,0,0,0,0,0,0,0,0,0,0,0,0,0,0,0,0,0,0,0,0,0,0,4,0,39.9391,-75.197, , 
29448,320642,2015069703,6,67,67301,2015,6,2,2230,22,3,1,0,7,5, , ,N,0,0,0,3,0,0,1,1,N,N,39 57:12.453,75 09:50.502,2311, ,2308, ,0, ,N, ,0, , , , , , , , , ,1,1,0,0,0,0,0,0,0,0,0,0,0,0,1,0,0,0,0,0,0,0,0,0,0,0,0,0,0,0,0,0,0,0,0,9,0,39.9535,-75.164, , 
29449,320643,2015070109,6,67,67301,2015,6,3,1705,17,1,1,0,4,1, , ,N,1,3,0,3,0,1,2,2,N,N,39 55:28.394,75 10:50.476,1708, ,1705, ,0, ,N, ,3, , , , , , , , , ,2,2,0,0,0,0,0,0,0,0,0,0,1,1,0,0,0,0,0,0,0,0,0,0,0,0,0,0,0,0,0,0,0,0,0,8,0,39.9246,-75.1807, , 
29450,320650,2015078227,6,67,67301,2015,7,7,8,0,3,1,0,7,4, , ,N,0,0,0,3,0,0,1,1,N,N,39 58:44.199,75 12:05.782,11, ,9, ,0, , , ,0, , , , , , , , , ,1,0,0,0,0,0,1,0,0,0,0,0,0,0,0,0,0,0,0,0,0,0,0,0,0,0,0,0,0,0,0,0,0,0,0,0,0,39.9789,-75.2016, , 
29451,320655,2015083625,6,67,67301,2015,7,4,1814,18,1,1,0,1,1, , ,N,0,0,0,3,0,1,4,3,N,N,39 52:41.804,75 15:03.776,1819, ,1814, ,0, ,N, ,0, , , , , , , , , ,3,2,0,0,0,0,0,1,0,0,0,0,1,1,0,0,0,0,0,0,1,0,0,0,0,0,0,0,0,0,0,0,0,0,0,8,0,39.8783,-75.251, , 
29452,320658,2015087914,6,67,67301,2015,8,6,200,2,3,1,0,5,6, , ,N,0,0,0,3,0,0,1,4,N, ,39 54:41.158,75 14:22.866,217, ,215, ,0, , , ,0, , , , , , , , , ,4,2,0,0,0,0,2,0,0,0,0,0,0,0,1,0,0,0,0,0,0,0,0,0,0,0,0,0,0,0,0,0,0,0,0,9,0,39.9114,-75.2397, , 
29453,320668,2015096357,6,67,67301,2015,9,1,1723,17,1,1,0,7,2, , ,N,0,0,2,3,0,1,1,1,N,N,39 54:37.853,75 08:58.447,1732, ,1731,2,2,1,N, ,0,N, , , , , , , , ,1,0,1,0,0,0,0,0,0,0,1,0,1,0,0,0,0,0,0,0,0,0,0,0,0,0,0,0,0,0,0,0,0,0,0,3,0,39.9105,-75.1496, , 
29454,320673,2015099029,6,67,67301,2015,9,6,1335,13,1,1,0,1,1, , ,N,2,2,0,3,0,2,3,2,N,N,40 01:08.216,75 08:49.391,1350, ,1340, ,0, ,N, ,3, , , , , , , , , ,2,2,0,0,0,0,0,0,0,0,2,0,2,0,0,0,0,0,0,0,1,0,0,0,0,0,0,0,0,0,0,0,0,0,0,3,0,40.0189,-75.1471, , 
29455,320705,2015081841,6,67,67301,2015,7,5,1126,11,1,1,0,1,1, , ,N,1,2,0,3,0,1,3,2,N,N,40 00:09.326,75 13:25.112,1127, ,1126, ,0, ,N, ,3, , , , , , , , , ,2,1,0,0,0,1,0,0,0,0,0,1,1,0,0,0,0,0,0,0,0,0,0,1,0,0,0,0,0,0,0,0,0,0,0,4,1,40.0025,-75.2236, , 
29456,322296,2015042714,6,67,67301,2015,3,1,311,3,3,8,5,5,6, , ,N,0,0,0,3,0,0,2,5,N,N,39 58:20.245,75 14:54.338,311, ,311, ,0, , , ,0, , , , , , , , , ,5,4,0,0,0,0,0,1,0,0,0,0,0,0,0,0,0,0,0,0,0,0,0,0,0,0,0,0,0,0,0,0,0,0,0,0,0,39.9723,-75.2484, , 
29457,322307,2015056534,6,67,67301,2015,5,5,717,7,1,1,0,4,1, , ,N,1,2,0,3,0,1,2,2,N,N,40 01:36.580,75 05:52.985,727, ,722, ,0, , , ,3, , , , , , , , , ,1,1,0,0,0,0,0,0,1,0,0,1,1,0,0,0,0,0,0,0,0,0,0,0,0,0,0,0,0,0,0,0,0,0,0,4,0,40.0268,-75.0981, , 
29458,322321,2015061714,6,67,67301,2015,5,3,130,1,3,1,0,5,1, , ,N,0,0,0,3,0,1,3,2,N,N,39 58:39.538,75 12:04.385,142, ,135, ,0, ,N, ,0, , , , , , , , , ,2,1,0,0,0,0,0,1,0,0,1,0,1,0,0,0,0,0,0,0,0,0,0,0,0,0,0,0,0,0,0,0,0,0,0,3,0,39.9776,-75.2012, , 
29459,322324,2015063907,6,67,67301,2015,6,3,2058,20,3,2,1,4,1, , ,N,0,0,7,3,0,1,3,2,N,N,40 00:10.455,75 07:27.671,2108, ,2059, ,0, ,N, ,0, , , , , , , , , ,2,0,1,0,0,0,1,0,0,1,0,0,1,0,0,0,1,0,0,0,0,0,0,0,0,0,0,0,0,1,0,0,0,0,0,2,0,40.0029,-75.1244, , 
29460,322351,2015084427,6,67,67301,2015,7,2,1336,13,1,1,0,4,1, , ,N,1,2,0,3,0,0,2,2,N,N,40 00:25.981,75 07:24.378,1337, ,1337,1,1,6,N, ,3,N, , , , , , , , ,2,1,0,0,0,0,1,0,0,0,0,0,0,0,0,0,0,0,0,0,0,1,0,0,0,0,0,0,0,0,0,0,0,0,0,0,0,40.0072,-75.1234, , 
29461,322364,2015095322,6,67,67301,2015,8,3,521,5,3,2,1,5,1, , ,N,0,4,0,3,0,0,2,2,N,N,39 57:35.148,75 10:51.278,530, ,529,1,1,4,N, ,3,N, , , , , , , , ,2,2,0,0,0,0,0,0,0,0,0,0,0,0,1,0,0,0,0,0,0,0,0,0,0,0,0,0,0,0,0,0,0,0,0,9,0,39.9598,-75.1809, , 
29462,322371,2015066187,6,67,67301,2015,6,6,1739,17,1,1,0,4,1, , ,N,1,3,0,3,0,1,2,2,N,N,39 58:16.694,75 12:49.942,1744, ,1740,2,1,7, , ,3,N, , , , , , , , ,2,1,0,0,0,0,0,0,0,0,0,1,1,0,0,0,0,0,0,0,1,0,0,0,0,0,0,0,0,0,0,0,0,0,0,4,0,39.9713,-75.2139, , 
29463,322389,2015092955,6,67,67301,2015,8,7,1950,19,3,1,0,4,1, , ,N,1,2,0,3,0,1,2,2,N,N,39 55:18.821,75 10:13.026,2000, ,1953, ,0, , , ,3, , , , , , , , , ,2,1,1,0,0,0,0,0,0,0,0,1,1,0,0,0,0,0,0,0,1,0,0,0,0,0,0,0,0,0,0,0,0,0,0,4,0,39.9219,-75.1702, , 
29464,322404,2015109235,6,67,67301,2015,10,5,820,8,1,1,0,1,1, , ,N,0,0,0,3,0,1,3,2,N, ,40 02:03.626,75 07:26.453,823, ,822,9,1,2, , ,0,N, , , , , , , , ,2,1,0,0,1,0,0,0,0,0,0,0,1,1,0,0,0,1,0,0,0,0,0,1,0,0,0,0,0,0,0,0,0,0,0,8,0,40.0343,-75.124, , 
29465,322409,2015115023,6,67,67301,2015,10,2,1530,15,1,1,0,5,6, , ,N,0,0,0,3,0,0,1,4,N,N,39 58:30.259,75 15:54.388,1635, ,1620,3,1,2,N, ,0,Y, , , , , , , , ,4,2,0,0,0,0,2,0,0,0,0,0,0,0,0,0,0,1,0,0,0,0,0,0,0,0,0,0,0,0,0,0,0,0,0,0,0,39.9751,-75.2651, , 
29466,322413,2015061778,6,67,67301,2015,5,1,1330,13,1,1,0,4,1, , ,N,1,3,0,3,0,2,2,4,N,N,40 01:07.510,75 08:21.911,1345, ,1335, ,0, ,N, ,3, , , , , , , , , ,4,0,0,0,1,0,3,0,0,0,1,1,2,0,0,0,0,0,0,0,1,0,0,0,0,0,0,0,0,0,0,0,0,0,0,3,0,40.0188,-75.1394, , 
29467,322416,2015064004,6,67,67301,2015,5,4,1705,17,1,1,0,4,1, , ,N,2,0,0,3,0,1,2,2,N,N,40 00:59.152,75 12:38.052,1720, ,1715, ,0, ,N, ,0, , , , , , , , , ,2,0,0,0,1,0,1,0,0,0,0,1,1,0,0,0,0,0,0,0,1,0,0,0,0,0,0,0,0,0,0,0,0,0,0,4,0,40.0164,-75.2106, , 
29468,322417,2015066333,6,67,67301,2015,6,7,323,3,3,1,0,1,1, , ,N,2,2,0,3,0,3,3,2,N,N,39 58:30.814,75 15:42.693,335, ,329, ,0, , , ,3, , , , , , , , , ,2,1,0,0,0,0,1,0,0,2,0,1,3,0,0,0,0,0,0,0,1,0,0,0,0,0,0,2,0,0,0,0,0,0,0,2,0,39.9752,-75.2619, , 
29469,322424,2015066181,6,67,67301,2015,6,7,1115,11,1,1,0,8,1, , ,N,1,2,0,3,0,1,2,2,N, ,40 02:39.682,75 04:21.458,1120, ,1118, ,0, , , ,3, , , , , , , , , ,1,0,0,0,0,0,1,0,0,0,0,1,1,0,0,0,0,0,0,0,0,1,0,0,0,0,0,0,0,0,0,0,1,0,0,4,0,40.0444,-75.0726, , 
29470,322428,2015070064,6,67,67301,2015,6,1,250,2,3,1,0,1,1, , ,N,2,2,0,3,0,1,2,2,N,N,39 59:38.856,75 14:29.980,250, ,250, ,0, ,N, ,3, , , , , , , , , ,2,2,0,0,0,0,0,0,0,0,0,0,1,1,0,0,0,0,0,0,0,0,0,0,0,0,0,0,0,0,0,0,0,0,0,8,0,39.994,-75.2416, , 
29471,322429,2015070644,6,67,67301,2015,6,4,1100,11,1,1,0,1,1, , ,N,0,0,0,3,0,1,2,2,N,N,39 56:36.711,75 10:13.461,1105, ,1103, ,0, ,N, ,0, , , , , , , , , ,2,0,0,0,0,0,2,0,0,0,0,1,1,0,0,0,0,0,0,0,0,0,0,2,0,0,0,0,0,0,0,0,0,0,0,4,0,39.9435,-75.1704, , 
29472,322440,2015078223,6,67,67301,2015,7,1,2340,23,3,1,0,1,1, , ,N,1,2,0,3,0,1,4,5,N, ,40 04:07.204,75 09:50.796,2358, ,2354,2,1,1, , ,3,N, , , , , , , , ,5,3,0,0,1,0,1,0,0,0,0,1,1,0,0,0,0,0,0,0,2,0,0,0,0,0,0,0,0,0,0,0,0,0,0,4,0,40.0687,-75.1641, , 