objectid_1,objectid,crn,district,county,municipality,crash_year,crash_month,day_of_week,time_of_day,hour_of_day,illumination,weather,road_condition,collision_type,relation_to_road,work_zone_type,work_zone_loc,work_zone_ind,intersect_type,tcd_type,location_type,urban_rural,fatal_count,injury_count,person_count,total_units,sch_bus_ind,sch_zone_ind,latitude,longitude,arrival_tm,cons_zone_spd_lim,dispatch_tm,est_hrs_closed,lane_closed,ln_close_dir,ntfy_hiwy_maint,spec_juris_cd,tcd_func_cd,tfc_detour_ind,workers_pres,wz_close_detour,wz_flagger,wz_law_offcr_ind,wz_ln_closure,wz_moving,wz_other,wz_shlder_mdn,vehicle_count,automobile_count,motorcycle_count,bus_count,small_truck_count,heavy_truck_count,suv_count,van_count,bicycle_count,maj_inj_count,mod_inj_count,min_inj_count,tot_inj_count,unk_inj_deg_count,unk_inj_per_count,driver_count_16yr,driver_count_17yr,driver_count_18yr,driver_count_19yr,driver_count_20yr,driver_count_50_64yr,driver_count_65_74yr,driver_count_75plus,unbelted_occ_count,unb_death_count,unb_maj_inj_count,belted_death_count,belted_maj_inj_count,mcycle_death_count,mcycle_maj_inj_count,bicycle_death_count,bicycle_maj_inj_count,ped_count,ped_death_count,ped_maj_inj_count,max_severity_level,comm_veh_count,dec_lat,dec_long,rdwy_surf_type_cd,county_name
29675,358389,2015081145,6,67,67301,2015,7,1,700,7,1,1,0,5,1, , ,N,2,0,0,3,0,1,1,5,N,N,40 01:19.016,75 07:39.345,720, ,711, ,0, ,N, ,0, , , , , , , , , ,4,2,0,0,1,0,0,1,0,0,1,0,1,0,0,0,0,0,0,0,0,0,0,0,0,0,0,0,0,0,0,0,0,0,0,3,0,40.0219,-75.1276, , 
29676,358398,2015088746,6,67,67301,2015,8,7,1739,17,1,1,0,5,6, , ,N,0,0,0,3,0,1,3,3,N,N,40 02:41.229,75 08:10.975,1747, ,1746, ,0, ,N, ,0, , , , , , , , , ,3,2,0,0,0,0,1,0,0,0,0,0,1,1,2,0,0,0,0,0,0,0,0,0,0,0,0,0,0,0,0,0,0,0,0,8,0,40.0448,-75.1364, , 
29677,358403,2015092910,6,67,67301,2015,8,6,2205,22,3,1,0,5,6, , ,N,0,0,0,3,0,1,5,6,N, ,40 01:33.451,75 09:36.114,2210, ,2205, ,0, , , ,0, , , , , , , , , ,6,2,0,0,0,1,3,0,0,0,0,1,1,0,1,0,0,0,0,0,0,0,0,2,0,0,0,0,0,0,0,0,0,0,0,4,0,40.026,-75.16, , 
29678,358405,2015097610,6,67,67301,2015,9,4,2235,22,3,1,0,1,1, , ,N,0,0,0,3,0,1,3,2,N,N,40 01:32.776,75 01:40.009,2249, ,2239,2,2,1,N, ,0,N, , , , , , , , ,2,2,0,0,0,0,0,0,0,0,0,0,1,1,0,0,0,0,1,0,0,0,0,0,0,0,0,0,0,0,0,0,0,0,0,8,0,40.0258,-75.0278, , 
29679,358421,2015128046,6,67,67301,2015,11,4,1756,17,3,1,0,7,4, , ,N,2,3,2,3,0,5,5,2,N,N,39 59:11.983,75 12:29.919,1756, ,1756,2,1,3,Y, ,3,Y, , , , , , , , ,2,1,0,0,0,0,1,0,0,0,0,0,5,5,0,1,0,0,0,0,0,0,0,0,0,0,0,0,0,0,0,0,0,0,0,8,0,39.9867,-75.2083, , 
29680,358426,2015130293,6,67,67301,2015,11,6,1340,13,1,1,0,1,1, , ,N,0,0,0,3,0,1,5,4,N,N,40 03:34.665,75 01:04.488,1347, ,1343,1,1,3,N, ,0,N, , , , , , , , ,4,3,0,0,1,0,0,0,0,0,0,1,1,0,0,0,0,0,1,0,1,0,0,0,0,0,0,0,0,0,0,0,0,0,0,4,0,40.0596,-75.0179, , 
29681,358433,2016002625,6,67,67301,2015,12,1,18,0,3,1,0,4,1, , ,N,1,2,0,3,0,0,4,2,N,N,40 07:44.528,75 01:30.881,30, ,29, ,0, ,N, ,3, , , , , , , , , ,2,2,0,0,0,0,0,0,0,0,0,0,0,0,0,0,0,0,1,0,0,1,0,0,0,0,0,0,0,0,0,0,0,0,0,0,0,40.129,-75.0252, , 
29682,358434,2015063906,6,67,67301,2015,6,7,1040,10,1,1,0,1,1, , ,N,3,0,0,3,0,1,2,2,N,N,40 00:48.312,75 07:20.668,1046, ,1040,1,1,3,N, ,0,N, , , , , , , , ,2,1,0,0,1,0,0,0,0,0,0,1,1,0,0,0,0,0,0,0,0,0,0,0,0,0,0,0,0,0,0,0,0,0,0,4,1,40.0134,-75.1224, , 
29683,358441,2015074909,6,67,67301,2015,6,5,915,9,1,2,1,4,1, , ,N,1,2,0,3,0,2,4,2,N, ,40 02:39.682,75 04:21.458,920, ,917,9,1,2, , ,3,N, , , , , , , , ,2,2,0,0,0,0,0,0,0,0,0,0,2,2,0,0,1,0,0,0,0,0,0,1,0,0,0,0,0,0,0,0,0,0,0,8,0,40.0444,-75.0726, , 
29684,358457,2015086241,6,67,67301,2015,8,5,1015,10,1,1,0,8,1, , ,N,0,0,0,3,0,1,2,2,N,N,39 59:22.082,75 09:22.214,1305, ,1300, ,0, , , ,0, , , , , , , , , ,1,0,0,0,0,0,0,1,0,0,0,1,1,0,0,0,0,0,0,0,0,0,0,0,0,0,0,0,0,0,0,0,1,0,0,4,0,39.9895,-75.1562, , 
29685,358472,2015086216,6,67,67301,2015,7,6,2025,20,1,1,0,3,1, , ,N,2,2,0,3,0,1,2,2,N,N,40 02:37.394,75 13:41.844,9999, ,9999, ,0, ,N, ,3, , , , , , , , , ,2,1,0,0,0,0,0,0,0,0,0,0,1,1,0,0,0,0,0,0,0,0,0,0,0,0,0,0,0,0,0,0,0,0,0,8,0,40.0437,-75.2283, , 
29686,358505,2015061933,6,67,67301,2015,5,2,1228,12,1,1,0,8,1, , ,N,0,0,0,3,0,1,2,2,N, ,39 56:32.616,75 13:18.152,1231, ,1228, ,0, , , ,0, , , , , , , , , ,1,0,0,0,0,0,0,0,0,1,0,0,1,0,0,0,0,0,0,0,0,0,0,0,0,0,0,0,0,0,0,0,1,0,1,2,0,39.9424,-75.2217, , 
29687,358522,2015073619,6,67,67301,2015,6,2,1245,12,1,1,0,4,1, , ,N,1,3,0,3,0,3,3,2,N, ,40 03:10.058,75 08:06.953,1248, ,1245,1,2,7, , ,3,Y, , , , , , , , ,2,1,0,0,0,0,1,0,0,0,1,1,3,1,0,0,0,0,0,0,0,0,0,0,0,0,0,0,0,0,0,0,0,0,0,3,0,40.0528,-75.1353, , 
29688,358526,2015077825,6,67,67301,2015,7,7,1640,16,3,1,0,5,6, , ,N,0,0,0,3,0,1,2,4,N,N,39 57:42.210,75 14:05.442,1643, ,1642, ,0, ,N, ,0, , , , , , , , , ,4,3,0,0,0,0,1,0,0,0,0,1,1,0,0,0,0,0,0,0,0,0,0,0,0,0,0,0,0,0,0,0,0,0,0,4,0,39.9617,-75.2348, , 
29689,358536,2015099136,6,67,67301,2015,9,2,305,3,3,1,0,1,1, , ,N,0,0,0,3,0,2,4,7,N,N,39 56:35.059,75 09:30.835,312, ,308, ,0, ,N, ,0, , , , , , , , , ,7,3,0,0,0,0,4,0,0,0,0,2,2,0,0,0,0,0,0,0,0,0,0,0,0,0,0,0,0,0,0,0,0,0,0,4,0,39.9431,-75.1586, , 
29690,347743,2015129947,6,67,67301,2015,9,1,1630,16,1,1,0,1,1, , ,N,0,0,0,3,0,1,2,2,N, ,39 57:20.521,75 11:25.823,1930, ,1925, ,0, , , ,0, , , , , , , , , ,1,0,0,0,0,0,0,0,1,0,0,0,1,1,0,0,0,0,0,0,0,0,0,0,0,0,0,0,0,0,0,0,0,0,0,8,0,39.9557,-75.1905, , 
29691,347751,2015061882,6,67,67301,2015,5,7,2346,23,3,1,0,5,6, , ,N,0,0,0,3,0,0,1,2,N,N,40 03:58.607,75 03:14.217,4, ,2346, ,0, ,N, ,0, , , , , , , , , ,2,0,0,0,1,0,1,0,0,0,0,0,0,0,0,0,0,0,0,0,0,0,0,0,0,0,0,0,0,0,0,0,0,0,0,0,0,40.0663,-75.0539, , 
29692,347767,2015073649,6,67,67301,2015,7,5,1840,18,1,1,0,4,1, , ,N,1,3,0,3,0,1,2,2,N,N,40 01:21.619,75 04:54.083,1856, ,1846, ,0, , , ,3, , , , , , , , , ,1,1,0,0,0,0,0,0,1,0,0,1,1,0,0,0,0,0,0,0,0,0,0,1,0,0,0,0,0,0,0,0,0,0,0,4,0,40.0227,-75.0817, , 
29693,347780,2016002429,6,67,67301,2015,12,2,1640,16,3,1,0,1,1, , ,N,0,0,0,3,0,2,4,2,N,N,39 57:40.720,75 08:54.634,1645, ,1645,2,1,3,N, ,0,N, , , , , , , , ,2,2,0,0,0,0,0,0,0,0,0,0,2,2,0,0,0,0,0,0,0,0,0,0,0,0,0,0,0,0,0,0,0,0,0,8,0,39.9613,-75.1485, , 
29694,347782,2016006023,6,67,67301,2015,11,3,944,9,1,1,0,4,1, , ,N,1,3,0,3,0,3,4,2,N,N,39 58:09.757,75 12:16.372,1100, ,1054, ,0, ,N, ,3, , , , , , , , , ,2,0,0,0,0,0,1,1,0,0,0,0,3,3,0,0,0,0,0,0,0,0,0,0,0,0,0,0,0,0,0,0,0,0,0,8,0,39.9694,-75.2045, , 
29695,347783,2016007497,6,67,67301,2015,12,1,801,8,8,2,1,1,1, , ,N,1,2,0,3,0,1,2,2,N,N,39 58:28.020,75 09:31.391,815, ,812, ,0, ,N, ,3, , , , , , , , , ,2,2,0,0,0,0,0,0,0,0,0,0,1,1,0,0,0,0,0,0,0,0,0,0,0,0,0,0,0,0,0,0,0,0,0,8,0,39.9745,-75.1587, , 
29696,347796,2016007570,6,67,67301,2015,12,1,2010,20,3,2,1,1,1, , ,N,1,2,0,3,0,1,3,2,N,N,39 57:52.149,75 10:57.115,2020, ,2015, ,0, ,N, ,3, , , , , , , , , ,2,2,0,0,0,0,0,0,0,0,0,1,1,0,0,0,0,0,0,0,0,0,0,0,0,0,0,0,0,0,0,0,0,0,0,4,0,39.9645,-75.1825, , 
29697,347797,2016013557,6,67,67301,2015,8,3,2000,20,1,1,0,5,1, , ,N,0,0,0,3,0,1,2,2,N,N,39 58:13.703,75 07:25.717,0, ,0, ,0, ,N, ,0, , , , , , , , , ,2,1,1,0,0,0,0,0,0,0,0,0,1,1,0,0,0,0,0,0,0,0,0,0,0,0,0,0,0,0,0,0,0,0,0,8,0,39.9705,-75.1238, , 
29698,347800,2015129051,6,67,67301,2015,11,3,2345,23,3,1,0,1,6, , ,N,0,0,0,3,0,0,1,2,N, ,40 03:10.386,75 11:03.091,2355, ,2349, ,0, , , ,0, , , , , , , , , ,2,1,0,0,1,0,0,0,0,0,0,0,0,0,0,0,0,0,0,0,0,0,0,1,0,0,0,0,0,0,0,0,0,0,0,0,0,40.0529,-75.1842, , 
29699,347801,2015130462,6,67,67301,2015,12,4,1217,12,1,1,0,1,1, , ,N,0,0,0,3,0,0,4,3,N,N,39 56:52.983,75 08:30.418,1218, ,1217, ,0, ,N, ,0, , , , , , , , , ,3,2,0,0,0,0,1,0,0,0,0,0,0,0,0,0,0,0,0,0,1,0,0,1,0,0,0,0,0,0,0,0,0,0,0,0,0,39.9481,-75.1418, , 
29700,347807,2015135829,6,67,67301,2015,12,3,730,7,1,1,0,1,1, , ,N,1,2,0,3,0,0,2,2,N,N,40 00:03.985,75 07:29.066,830, ,830, ,0, ,N, ,3, , , , , , , , , ,2,1,0,0,0,0,0,1,0,0,0,0,0,0,0,0,0,0,0,0,0,0,0,0,0,0,0,0,0,0,0,0,0,0,0,0,0,40.0011,-75.1247, , 
29701,347810,2016001590,6,67,67301,2015,12,2,2210,22,3,2,1,5,1, , ,N,0,0,0,3,0,0,2,2,N,N,39 57:18.112,75 10:51.176,2235, ,2210,1,1,4,N, ,0,N, , , , , , , , ,2,1,0,0,1,0,0,0,0,0,0,0,0,0,1,0,0,0,0,0,0,0,0,0,0,0,0,0,0,0,0,0,0,0,0,9,0,39.955,-75.1809, , 
29702,347821,2015095232,6,67,67301,2015,9,4,1116,11,1,1,0,4,1, , ,N,1,2,0,3,0,1,2,2,N,N,39 57:47.719,75 11:18.597,1118, ,1116,2,2,6,N, ,3,Y, , , , , , , , ,2,2,0,0,0,0,0,0,0,0,0,1,1,0,0,0,0,0,0,0,0,1,0,1,0,0,0,0,0,0,0,0,0,0,0,4,0,39.9633,-75.1885, , 
29703,347827,2015102077,6,67,67301,2015,10,6,1251,12,1,2,1,1,1, , ,N,0,0,0,3,0,3,3,2,N,N,40 02:30.199,75 00:15.694,1330, ,1307, ,0, ,Y, ,0, , , , , , , , , ,2,1,0,0,0,0,1,0,0,0,0,0,3,3,0,0,0,0,0,0,0,0,0,0,0,0,0,0,0,0,0,0,0,0,0,8,0,40.0417,-75.0044, , 
29704,347832,2015106371,6,67,67301,2015,9,5,650,6,1,1,0,4,1, , ,N,1,2,0,3,0,1,3,2,N,N,40 00:51.570,75 10:41.163,700, ,654,2,1,7,N, ,3,N, , , , , , , , ,2,2,0,0,0,0,0,0,0,0,0,1,1,0,0,0,0,0,0,1,0,0,0,0,0,0,0,0,0,0,0,0,0,0,0,4,0,40.0143,-75.1781, , 
29705,347837,2015108796,6,67,67301,2015,10,6,15,0,3,2,1,4,1, , ,N,1,3,0,3,0,2,5,4,N, ,40 03:01.778,75 09:19.630,28, ,24, ,0, , , ,3, , , , , , , , , ,4,3,0,0,0,0,0,1,0,0,0,0,2,2,0,0,0,0,0,0,0,1,1,0,0,0,0,0,0,0,0,0,0,0,0,8,0,40.0505,-75.1555, , 
29706,347841,2015112130,6,67,67301,2015,10,5,1135,11,1,1,0,8,6, , ,N,0,0,0,3,0,1,2,2,N,N,40 05:46.004,74 58:35.108,1146, ,1140, ,0, ,N, ,0, , , , , , , , , ,1,0,0,0,0,0,1,0,0,0,0,0,1,1,0,0,0,0,0,0,0,0,1,0,0,0,0,0,0,0,0,0,1,0,0,8,0,40.0961,-74.9764, , 
29707,347851,2015127287,6,67,67301,2015,10,5,1540,15,1,1,0,5,1, , ,N,0,0,0,3,0,1,3,4,N,N,39 59:38.889,75 07:48.816,1552, ,1547, ,0, , , ,0, , , , , , , , , ,4,1,0,0,1,0,1,1,0,0,0,1,1,0,0,0,0,0,0,0,0,0,0,0,0,0,0,0,0,0,0,0,0,0,0,4,0,39.9941,-75.1302, , 
29708,347852,2015128630,6,67,67301,2015,11,3,18,0,3,1,0,4,1, , ,N,1,3,0,3,0,1,2,2,N, ,39 55:12.050,75 09:20.170,19, ,19, ,0, , , ,3, , , , , , , , , ,1,1,0,0,0,0,0,0,1,0,0,1,1,0,0,0,0,0,0,0,0,0,0,0,0,0,0,0,0,0,0,0,0,0,0,4,0,39.92,-75.1556, , 
29709,350608,2015117658,6,67,67301,2015,10,3,1925,19,2,1,0,5,6, , ,N,0,0,0,3,0,2,3,3,N,N,40 02:40.557,75 07:13.663,1935, ,1930,2,2,7,N, ,0,Y, , , , , , , , ,2,0,0,0,0,0,1,1,0,0,1,1,2,0,0,0,0,0,0,0,0,0,0,0,0,0,0,0,0,0,0,0,0,0,0,3,0,40.0446,-75.1205, , 
29710,350619,2015070645,6,67,67301,2015,6,6,1545,15,1,1,0,8,1, , ,N,3,0,0,3,0,1,2,2,N, ,39 56:12.976,75 10:37.765,1548, ,1548, ,0, , , ,0, , , , , , , , , ,1,0,0,0,1,0,0,0,0,0,1,0,1,0,0,0,0,0,0,0,0,0,0,0,0,0,0,0,0,0,0,0,1,0,0,3,0,39.9369,-75.1772, , 
29711,350645,2015093013,6,67,67301,2015,8,3,1803,18,1,1,0,8,1, , ,N,0,0,0,3,0,1,2,2,N,N,40 01:18.804,75 03:09.932,1805, ,1804, ,0, ,N, ,0, , , , , , , , , ,1,1,0,0,0,0,0,0,0,0,0,1,1,0,0,0,0,0,0,0,0,0,0,0,0,0,0,0,0,0,0,0,1,0,0,4,0,40.0219,-75.0528, , 
29712,350646,2015093439,6,67,67301,2015,8,1,2010,20,3,1,0,8,1, , ,N,1,2,0,3,0,1,2,2,N,N,39 57:14.549,75 10:36.031,2018, ,2015, ,0, ,N, ,3, , , , , , , , , ,1,0,0,0,0,0,0,1,0,0,0,1,1,0,0,0,0,0,0,0,1,0,0,0,0,0,0,0,0,0,0,0,1,0,0,4,0,39.954,-75.1767, , 
29713,350650,2015107464,6,67,67301,2015,9,5,758,7,1,1,0,4,1, , ,N,1,2,0,3,0,0,2,2,N,N,39 53:25.696,75 14:42.046,826, ,818, ,0, ,N, ,3, , , , , , , , , ,2,2,0,0,0,0,0,0,0,0,0,0,0,0,0,0,0,0,0,0,2,0,0,0,0,0,0,0,0,0,0,0,0,0,0,0,0,39.8903,-75.245, , 
29714,350654,2015109218,6,67,67301,2015,10,6,840,8,1,2,1,5,1, , ,N,1,2,0,3,0,1,3,2,N,N,40 02:25.798,75 03:31.964,840, ,840, ,0, ,N, ,3, , , , , , , , , ,2,0,0,1,0,0,1,0,0,0,0,0,1,1,0,0,0,0,0,0,0,0,0,0,0,0,0,0,0,0,0,0,0,0,0,8,1,40.0405,-75.0589, , 
29715,350671,2015117662,6,67,67301,2015,10,3,1543,15,1,1,0,6,1, , ,N,0,0,0,3,0,0,4,2,N,N,39 58:47.184,75 07:45.386,1720, ,1715, ,0, ,N, ,0, , , , , , , , , ,2,2,0,0,0,0,0,0,0,0,0,0,0,0,0,0,0,0,0,0,1,0,0,0,0,0,0,0,0,0,0,0,0,0,0,0,0,39.9798,-75.1293, , 
29716,350692,2015070188,6,67,67301,2015,6,1,2200,22,3,1,0,4,1, , ,N,1,2,2,3,0,1,2,2,N,N,39 58:28.663,75 11:57.118,2346, ,2323, ,0, ,N, ,3, , , , , , , , , ,2,1,0,0,0,0,0,0,0,0,0,0,1,1,0,0,0,0,0,0,0,0,0,0,0,0,0,0,0,0,0,0,0,0,0,8,0,39.9746,-75.1992, , 
29717,350702,2015075679,6,67,67301,2015,7,6,1130,11,1,1,0,4,1, , ,N,1,3,0,3,0,1,4,2,N, ,39 58:18.717,75 08:55.168,1135, ,1130, ,0, , , ,3, , , , , , , , , ,2,2,0,0,0,0,0,0,0,0,0,0,1,1,0,0,0,0,0,0,0,0,0,1,0,0,0,0,0,0,0,0,0,0,0,8,0,39.9719,-75.1487, , 
29718,350715,2015066210,6,67,67301,2015,6,4,1500,15,1,1,0,1,1, , ,N,0,0,0,3,0,1,2,2,N,N,40 00:54.560,75 05:35.143,1645, ,1636, ,0, ,N, ,0, , , , , , , , , ,2,1,0,0,0,0,1,0,0,0,0,1,1,0,0,0,0,0,0,0,1,0,0,1,0,0,0,0,0,0,0,0,0,0,0,4,0,40.0152,-75.0931, , 
29719,350723,2015075822,6,67,67301,2015,7,4,1530,15,1,1,0,8,1, , ,N,1,3,0,3,0,1,2,2,N, ,39 59:46.183,75 07:24.887,1615, ,1613, ,0, , , ,3, , , , , , , , , ,1,0,0,0,1,0,0,0,0,0,0,0,1,1,0,0,0,0,0,0,0,0,0,0,0,0,0,0,0,0,0,0,1,0,0,8,0,39.9962,-75.1236, , 
29720,350730,2015086197,6,67,67301,2015,8,1,210,2,3,1,0,1,1, , ,N,1,2,0,3,0,2,2,2,N, ,40 00:49.975,75 07:33.617,220, ,215,2,1,3, , ,3,N, , , , , , , , ,2,0,0,0,1,0,0,1,0,0,0,2,2,0,0,0,0,0,0,0,1,0,0,0,0,0,0,0,0,0,0,0,0,0,0,4,0,40.0139,-75.126, , 
29721,350739,2015102009,6,67,67301,2015,9,3,930,9,1,1,0,8,1, , ,N,1,2,0,3,0,1,2,2,N, ,39 57:09.508,75 10:41.403,1110, ,1107, ,0, , , ,3, , , , , , , , , ,1,0,0,0,0,0,0,1,0,0,0,1,1,0,0,0,0,0,0,0,0,0,0,0,0,0,0,0,0,0,0,0,1,0,0,4,0,39.9526,-75.1781, , 
29722,350753,2015114579,6,67,67301,2015,10,7,2014,20,3,1,0,4,1, , ,N,2,0,0,3,0,0,2,2,N,N,39 57:16.081,75 10:05.264,2020, ,2014, ,0, ,N, ,0, , , , , , , , , ,2,2,0,0,0,0,0,0,0,0,0,0,0,0,0,0,0,0,0,0,0,0,0,0,0,0,0,0,0,0,0,0,0,0,0,0,0,39.9545,-75.1681, , 
29723,350770,2015091565,6,67,67301,2015,8,4,1018,10,1,1,0,1,1, , ,N,0,0,0,3,0,3,8,3,N,N,40 00:29.704,75 12:11.613,1018, ,1018, ,0, ,N, ,0, , , , , , , , , ,3,0,0,0,0,0,2,0,0,0,0,0,3,3,1,0,0,0,0,0,0,0,0,0,0,0,0,0,0,0,0,0,0,0,0,8,0,40.0083,-75.2032, , 
29724,350792,2015114598,6,67,67301,2015,9,5,1017,10,1,1,0,2,1, , ,N,1,3,0,3,0,0,2,2,N,N,39 57:42.022,75 14:41.618,1200, ,1155, ,0, ,N, ,3, , , , , , , , , ,2,2,0,0,0,0,0,0,0,0,0,0,0,0,1,0,0,0,0,0,1,1,0,0,0,0,0,0,0,0,0,0,0,0,0,9,0,39.9617,-75.2449, , 
29725,350805,2015094335,6,67,67301,2015,8,3,1236,12,1,1,0,1,1, , ,N,0,0,0,3,0,2,5,2,N,N,40 04:52.572,75 01:46.226,1323, ,1318,1,1,3, , ,0,N, , , , , , , , ,2,0,0,0,0,0,2,0,0,0,0,2,2,0,0,0,0,0,0,0,2,0,0,0,0,0,0,0,0,0,0,0,0,0,0,4,0,40.0813,-75.0295, , 
29726,350836,2015051615,6,67,67301,2015,4,5,440,4,3,1,0,5,1,2,2,Y,6,8,2,3,0,0,2,2,N,N,39 57:36.094,75 10:47.782,440,90,440,1,2,3,N, ,3,N,N,Y,N,Y,Y,N,N,N,2,0,0,0,0,1,1,0,0,0,0,0,0,0,0,0,0,0,0,0,0,0,0,0,0,0,0,0,0,0,0,0,0,0,0,0,1,39.96,-75.1799, , 
29727,355899,2016013815,6,67,67301,2015,12,4,1126,11,1,1,0,4,1, , ,N,1,0,0,3,0,1,3,2,N, ,39 58:18.717,75 08:55.168,1350, ,1346, ,0, , , ,0, , , , , , , , , ,2,2,0,0,0,0,0,0,0,0,0,1,1,0,0,0,0,0,0,0,0,0,0,0,0,0,0,0,0,0,0,0,0,0,0,4,0,39.9719,-75.1487, , 
29728,355915,2015072876,6,67,67301,2015,6,7,1450,14,1,1,0,8,1, , ,N,0,0,0,3,0,1,2,2,N, ,39 57:34.072,75 13:41.578,1510, ,1504, ,0, , , ,0, , , , , , , , , ,1,0,0,0,0,0,1,0,0,0,0,1,1,0,0,0,0,0,0,0,0,0,0,0,0,0,0,0,0,0,0,0,1,0,0,4,0,39.9595,-75.2282, , 
29729,355916,2016000975,6,67,67301,2015,12,1,2057,20,3,1,0,1,1, , ,N,1,2,0,3,0,2,6,2,N,N,40 00:59.814,75 08:49.815,2057, ,2057,1,1,2,N, ,3,Y, , , , , , , , ,2,1,0,0,0,0,0,1,0,0,0,0,2,2,0,0,0,0,0,0,0,0,0,0,0,0,0,0,0,0,0,0,0,0,0,8,0,40.0166,-75.1472, , 
29730,355921,2016015207,6,67,67301,2015,9,2,2230,22,3,1,0,4,1, , ,N,1,3,0,3,0,1,2,2,N,N,39 57:45.190,75 13:57.158,0, ,0, ,0, ,N, ,3, , , , , , , , , ,2,2,0,0,0,0,0,0,0,0,0,0,1,1,0,0,0,0,0,0,0,1,0,0,0,0,0,0,0,0,0,0,0,0,0,8,0,39.9626,-75.2325, , 
29731,355925,2015120505,6,67,67301,2015,11,3,1114,11,1,1,2,5,6, , ,N,0,0,0,3,0,0,1,3,N, ,39 58:22.648,75 08:29.571,1145, ,1143,2,1,1, , ,0,N, , , , , , , , ,3,2,0,0,0,0,1,0,0,0,0,0,0,0,0,0,0,0,0,0,0,0,0,0,0,0,0,0,0,0,0,0,0,0,0,0,0,39.973,-75.1415, , 
29732,355929,2015125407,6,67,67301,2015,12,3,1715,17,3,2,1,1,1, , ,N,0,0,0,3,0,0,2,2,N,N,40 02:23.602,75 00:24.286,1728, ,1721,1,2,2,N, ,0,N, , , , , , , , ,2,2,0,0,0,0,0,0,0,0,0,0,0,0,0,0,0,0,0,0,0,0,0,0,0,0,0,0,0,0,0,0,0,0,0,0,0,40.0399,-75.0067, , 
29733,355932,2015129151,6,67,67301,2015,11,1,342,3,3,1,1,7,2, , ,N,0,0,0,3,0,0,1,1,N,N,39 58:14.225,75 11:34.536,342, ,342, ,0, ,N, ,0, , , , , , , , , ,1,1,0,0,0,0,0,0,0,0,0,0,0,0,0,0,0,0,0,0,0,0,0,0,0,0,0,0,0,0,0,0,0,0,0,0,0,39.9706,-75.1929, , 
29734,355937,2015132715,6,67,67301,2015,12,3,1733,17,3,1,0,1,1, , ,N,0,0,0,3,0,1,4,4,N,N,40 03:01.136,74 59:31.917,1757, ,1733, ,0, ,N, ,0, , , , , , , , , ,4,3,0,0,0,0,1,0,0,0,0,0,1,1,0,0,0,0,0,0,0,0,0,0,0,0,0,0,0,0,0,0,0,0,0,8,0,40.0503,-74.9922, , 
29735,355960,2015128549,6,67,67301,2015,11,6,452,4,3,1,0,4,1, , ,N,5,2,0,3,0,0,2,2,N,N,40 01:35.616,75 09:02.840,543, ,535,2,1,4, , ,3,N, , , , , , , , ,2,2,0,0,0,0,0,0,0,0,0,0,0,0,0,0,0,0,0,0,0,0,0,1,0,0,0,0,0,0,0,0,0,0,0,0,0,40.0266,-75.1508, , 
29736,355961,2015130327,6,67,67301,2015,11,1,2130,21,6,1,0,8,1, , ,N,0,0,0,3,0,1,2,2,N, ,40 01:27.159,75 10:22.947,1035, ,1030, ,0, , , ,0, , , , , , , , , ,1,0,0,0,0,0,1,0,0,0,0,1,1,0,0,0,0,0,0,0,0,0,0,1,0,0,0,0,0,0,0,0,1,0,0,4,0,40.0242,-75.173, , 
29737,355979,2015070598,6,67,67301,2015,6,2,320,3,3,1,0,4,1, , ,N,1,2,0,3,0,1,2,2,N,N,40 02:20.942,75 06:36.006,330, ,325, ,0, ,N, ,3, , , , , , , , , ,2,1,0,0,0,0,1,0,0,0,0,1,1,0,0,0,0,0,0,0,0,0,0,0,0,0,0,0,0,0,0,0,0,0,0,4,0,40.0392,-75.11, , 
29738,355987,2015075784,6,67,67301,2015,7,6,1622,16,1,1,0,4,1, , ,N,1,2,0,3,0,1,2,2,N,N,39 58:33.078,75 07:12.081,1628, ,1626, ,0, ,N, ,3, , , , , , , , , ,2,1,0,0,1,0,0,0,0,0,0,1,1,0,0,0,0,0,0,0,0,0,0,0,0,0,0,0,0,0,0,0,0,0,0,4,0,39.9759,-75.12, , 
29739,355994,2015086999,6,67,67301,2015,3,3,1530,15,1,1,0,1,1, , ,N,0,2,0,3,0,2,3,2,N,N,40 02:43.923,75 09:53.715,0, ,0, ,0, ,N, ,3, , , , , , , , , ,2,1,0,0,0,0,1,0,0,0,0,0,2,2,0,0,0,0,0,0,0,1,0,0,0,0,0,0,0,0,0,0,0,0,0,8,0,40.0455,-75.1649, , 
29740,356011,2015106374,6,67,67301,2015,9,7,855,8,1,1,0,4,1, , ,N,2,3,0,3,0,3,3,2,N,N,40 02:07.320,75 01:51.321,903, ,900, ,0, ,N, ,3, , , , , , , , , ,2,0,0,0,0,0,2,0,0,0,0,3,3,0,0,0,0,0,0,0,1,0,0,0,0,0,0,0,0,0,0,0,0,0,0,4,0,40.0354,-75.0309, , 
29741,356021,2015125284,6,67,67301,2015,11,1,928,9,1,2,1,0,2, , ,N,0,0,0,3,0,0,1,1,N,N,39 53:33.129,75 13:32.466,1005, ,945, ,0, ,N, ,0, , , , , , , , , ,1,1,0,0,0,0,0,0,0,0,0,0,0,0,0,0,0,0,0,0,0,0,0,0,0,0,0,0,0,0,0,0,0,0,0,0,0,39.8925,-75.2257, , 