objectid_1,objectid,crn,district,county,municipality,crash_year,crash_month,day_of_week,time_of_day,hour_of_day,illumination,weather,road_condition,collision_type,relation_to_road,work_zone_type,work_zone_loc,work_zone_ind,intersect_type,tcd_type,location_type,urban_rural,fatal_count,injury_count,person_count,total_units,sch_bus_ind,sch_zone_ind,latitude,longitude,arrival_tm,cons_zone_spd_lim,dispatch_tm,est_hrs_closed,lane_closed,ln_close_dir,ntfy_hiwy_maint,spec_juris_cd,tcd_func_cd,tfc_detour_ind,workers_pres,wz_close_detour,wz_flagger,wz_law_offcr_ind,wz_ln_closure,wz_moving,wz_other,wz_shlder_mdn,vehicle_count,automobile_count,motorcycle_count,bus_count,small_truck_count,heavy_truck_count,suv_count,van_count,bicycle_count,maj_inj_count,mod_inj_count,min_inj_count,tot_inj_count,unk_inj_deg_count,unk_inj_per_count,driver_count_16yr,driver_count_17yr,driver_count_18yr,driver_count_19yr,driver_count_20yr,driver_count_50_64yr,driver_count_65_74yr,driver_count_75plus,unbelted_occ_count,unb_death_count,unb_maj_inj_count,belted_death_count,belted_maj_inj_count,mcycle_death_count,mcycle_maj_inj_count,bicycle_death_count,bicycle_maj_inj_count,ped_count,ped_death_count,ped_maj_inj_count,max_severity_level,comm_veh_count,dec_lat,dec_long,rdwy_surf_type_cd,county_name
29742,356040,2015053940,6,67,67301,2015,4,4,1525,15,1,1,0,1,6, , ,N,0,0,0,3,0,1,1,3,N,N,39 57:31.898,75 13:41.566,1750, ,1745,2,1,3,N, ,0,N, , , , , , , , ,3,2,0,0,0,0,1,0,0,0,0,1,1,0,0,0,0,0,0,0,0,0,0,0,0,0,0,0,0,0,0,0,0,0,0,4,0,39.9589,-75.2282, , 
29743,356048,2015061699,6,67,67301,2015,5,1,1400,14,1,1,0,4,1, , ,N,1,3,0,3,0,1,3,2,N,N,39 59:42.111,75 13:39.536,1632, ,1626, ,0, ,N, ,3, , , , , , , , , ,2,2,0,0,0,0,0,0,0,0,0,1,1,0,0,0,0,0,0,0,0,1,0,0,0,0,0,0,0,0,0,0,0,0,0,4,0,39.995,-75.2276, , 
29744,356057,2015070278,6,67,67301,2015,6,7,2334,23,3,2,1,7,4, , ,N,0,0,0,3,0,0,1,1,N,N,39 56:25.231,75 08:36.926,2340, ,2334, ,0, ,N, ,0, , , , , , , , , ,1,1,0,0,0,0,0,0,0,0,0,0,0,0,0,0,0,0,0,0,0,0,0,0,0,0,0,0,0,0,0,0,0,0,0,0,0,39.9403,-75.1436, , 
29745,356064,2015081121,6,67,67301,2015,7,5,1940,19,1,1,0,1,1, , ,N,5,2,0,3,0,1,2,2,N,N,40 02:25.631,75 03:56.177,1944, ,1944, ,0, , , ,3, , , , , , , , , ,2,1,0,0,0,0,1,0,0,0,0,0,1,1,0,0,0,0,0,0,0,0,0,0,0,0,0,0,0,0,0,0,0,0,0,8,0,40.0404,-75.0655, , 
29746,353561,2015109273,6,67,67301,2015,10,3,1025,10,1,1,0,4,1, , ,N,1,2,0,3,0,0,2,2,N, ,39 58:49.670,75 13:41.343,1106, ,1101, ,0, , , ,3, , , , , , , , , ,2,0,0,0,0,0,1,1,0,0,0,0,0,0,1,0,0,0,0,0,0,0,0,0,0,0,0,0,0,0,0,0,0,0,0,9,0,39.9805,-75.2282, , 
29747,353565,2015061733,6,67,67301,2015,5,3,2200,22,3,1,0,4,1, , ,N,1,3,0,3,0,1,2,2,N,N,39 56:04.016,75 11:21.922,957, ,945, ,0, ,N, ,3, , , , , , , , , ,1,1,0,0,0,0,0,0,1,0,0,0,1,1,1,0,0,0,0,0,0,0,0,0,0,0,0,0,0,0,0,0,0,0,0,8,0,39.9344,-75.1894, , 
29748,353579,2015083400,6,67,67301,2015,7,5,1552,15,1,2,1,4,1, , ,N,2,0,0,3,0,1,2,2,N,N,39 55:31.440,75 14:14.884,1606, ,1600, ,0, ,N, ,0, , , , , , , , , ,1,0,0,0,0,0,0,1,1,0,0,1,1,0,0,0,0,0,0,0,1,0,0,0,0,0,0,0,0,0,0,0,0,0,0,4,0,39.9254,-75.2375, , 
29749,353580,2015083419,6,67,67301,2015,7,1,2315,23,3,1,0,4,1, , ,N,1,2,0,3,0,0,3,2,N,N,40 01:47.921,75 06:15.655,2325, ,2320, ,0, ,N, ,3, , , , , , , , , ,2,1,0,0,0,0,0,0,0,0,0,0,0,0,0,0,0,0,0,0,1,0,0,0,0,0,0,0,0,0,0,0,0,0,0,0,0,40.03,-75.1043, , 
29750,353596,2015099067,6,67,67301,2015,9,1,125,1,3,1,0,1,1, , ,N,1,2,0,3,0,1,5,2,N,N,40 06:16.480,75 00:08.268,130, ,125,2,2,2,N, ,3,N, , , , , , , , ,2,1,0,0,1,0,0,0,0,0,0,1,1,0,0,0,0,0,0,0,0,0,0,0,0,0,0,0,0,0,0,0,0,0,0,4,0,40.1044,-75.0021, , 
29751,353597,2015099079,6,67,67301,2015,8,2,1638,16,1,1,0,1,1, , ,N,5,2,0,3,0,2,2,2,N, ,40 00:52.185,75 07:52.121,1642, ,1640,9,1,1, , ,3,N, , , , , , , , ,2,0,0,0,0,0,2,0,0,0,0,0,2,2,0,0,0,0,0,0,0,0,0,0,0,0,0,0,0,0,0,0,0,0,0,8,0,40.0145,-75.1311, , 
29752,353630,2015091151,6,67,67301,2015,8,4,1922,19,1,1,0,4,1, , ,N,2,0,0,3,0,1,2,2,N,N,39 56:59.672,75 14:21.271,1928, ,1924, ,0, ,N, ,0, , , , , , , , , ,1,0,0,0,0,0,0,0,1,0,0,1,1,0,0,0,0,0,0,0,0,0,0,0,0,0,0,0,0,0,0,0,0,0,0,4,0,39.9499,-75.2392, , 
29753,353634,2015109350,6,67,67301,2015,10,7,355,3,3,2,1,4,1, , ,N,1,2,0,3,0,3,3,2,N,N,40 00:53.164,75 05:07.676,405, ,359,9,1,1,N, ,3,N, , , , , , , , ,2,2,0,0,0,0,0,0,0,0,0,0,3,3,0,0,0,0,1,0,0,0,0,0,0,0,0,0,0,0,0,0,0,0,0,8,0,40.0148,-75.0855, , 
29754,353640,2015116156,6,67,67301,2015,10,1,1530,15,1,1,0,4,1, , ,N,0,3,7,3,0,1,4,2,N,N,40 04:26.322,75 02:04.325,1653, ,1636, ,0, ,N, ,3, , , , , , , , , ,2,1,0,0,0,0,1,0,0,0,0,0,1,1,0,0,0,0,0,0,0,0,0,0,0,0,0,0,0,0,0,0,0,0,0,8,0,40.074,-75.0345, , 
29755,353643,2015117627,6,67,67301,2015,11,1,138,1,2,1,0,6,4, , ,N,0,0,0,3,0,1,1,3,N,N,40 02:25.645,75 14:30.493,9999, ,138, ,0, , , ,0, , , , , , , , , ,3,1,0,0,0,0,1,0,0,0,0,1,1,0,0,0,0,0,0,0,0,0,0,1,0,0,0,0,0,0,0,0,0,0,0,4,0,40.0405,-75.2418, , 
29756,353654,2015054823,6,67,67301,2015,5,4,1424,14,1,1,0,1,1, , ,N,0,0,0,3,0,0,4,3,N,N,39 57:35.056,75 10:36.225,1439, ,1430,1,2,4,N, ,0,N, , , , , , , , ,3,1,0,0,1,0,0,1,0,0,0,0,0,0,0,0,0,1,0,0,0,0,0,0,0,0,0,0,0,0,0,0,0,0,0,0,0,39.9597,-75.1767, , 
29757,353711,2015091087,6,67,67301,2015,7,3,1625,16,1,2,1,6,1, , ,N,0,0,0,3,0,1,6,5,N,N,39 58:18.520,75 11:23.968,1639, ,1628,2,2,5,N, ,0,Y, , , , , , , , ,5,5,0,0,0,0,0,0,0,0,1,0,1,0,0,0,0,0,0,0,0,0,0,0,0,0,0,0,0,0,0,0,0,0,0,3,0,39.9718,-75.19, , 
29758,353713,2015092557,6,67,67301,2015,8,5,1355,13,1,1,0,9,1, , ,N,0,0,0,3,0,0,1,1,N,N,39 59:39.757,75 05:03.349,1409, ,1400, ,0, ,N, ,0, , , , , , , , , ,1,1,0,0,0,0,0,0,0,0,0,0,0,0,0,0,0,0,0,0,0,0,0,0,0,0,0,0,0,0,0,0,0,0,0,0,0,39.9944,-75.0843, , 
29759,353722,2015103428,6,67,67301,2015,9,6,2230,22,3,1,0,4,1, , ,N,1,3,0,3,0,0,4,2,N,N,40 01:23.210,75 07:26.428,2325, ,2230, ,0, ,N, ,3, , , , , , , , , ,2,2,0,0,0,0,0,0,0,0,0,0,0,0,0,0,0,0,0,0,0,0,0,3,0,0,0,0,0,0,0,0,0,0,0,0,0,40.0231,-75.124, , 
29760,353734,2015082821,6,67,67301,2015,7,7,1501,15,1,1,1,7,3, , ,N,6,0,2,3,0,0,1,1,N,N,39 59:50.669,75 04:55.143,1525, ,1503,2,1,1,N, ,0,N, , , , , , , , ,1,1,0,0,0,0,0,0,0,0,0,0,0,0,0,0,0,0,0,0,0,0,0,0,0,0,0,0,0,0,0,0,0,0,0,0,0,39.9974,-75.082, , 
29761,353736,2015086263,6,67,67301,2015,8,2,529,5,1,1,0,4,1, , ,N,1,3,0,3,0,1,2,2,N,N,39 56:13.246,75 10:30.496,610, ,529, ,0, ,N, ,3, , , , , , , , , ,1,1,0,0,0,0,0,0,1,0,0,1,1,0,0,0,0,0,0,0,0,0,0,0,0,0,0,0,0,0,0,0,0,0,0,4,0,39.937,-75.1751, , 
29762,353745,2015092988,6,67,67301,2015,8,3,9999,99,8,1,0,1,6, , ,N,0,0,0,3,0,0,1,2,N, ,39 59:37.330,75 07:26.310,746, ,746, ,0, , , ,0, , , , , , , , , ,2,0,0,0,1,0,0,1,0,0,0,0,0,0,0,0,0,0,0,0,0,0,0,1,0,0,0,0,0,0,0,0,0,0,0,0,0,39.9937,-75.124, , 
29763,353758,2015117635,6,67,67301,2015,10,1,2356,23,3,1,0,4,1, , ,N,1,2,0,3,0,2,3,2,N,N,40 01:57.810,75 06:23.231,10, ,0, ,0, ,N, ,3, , , , , , , , , ,2,1,0,0,0,0,1,0,0,0,0,0,2,2,0,0,0,0,0,0,1,0,0,0,0,0,0,0,0,0,0,0,0,0,0,8,0,40.0329,-75.1067, , 
29764,353775,2015101249,6,67,67301,2015,9,4,845,8,1,1,0,7,2, , ,N,0,0,0,3,0,1,1,1,N,N,39 55:21.992,75 08:50.971,853, ,845, ,0, ,N, ,0, , , , , , , , , ,1,1,0,0,0,0,0,0,0,1,0,0,1,0,0,0,0,0,0,0,0,0,0,1,0,1,0,0,0,0,0,0,0,0,0,2,0,39.9228,-75.1475, , 
29765,347858,2015120093,6,67,67301,2015,10,2,255,2,3,1,0,4,1, , ,N,5,2,0,3,0,1,2,2,N,N,40 01:31.012,75 07:25.742,315, ,305, ,0, ,N, ,3, , , , , , , , , ,2,2,0,0,0,0,0,0,0,0,0,1,1,0,0,0,0,0,0,0,0,0,0,2,0,0,0,0,0,0,0,0,0,0,0,4,0,40.0253,-75.1238, , 
29766,347875,2015056929,6,67,67301,2015,5,7,1326,13,1,1,0,1,1, , ,N,0,2,7,3,0,1,4,3,N, ,40 04:59.699,75 01:33.428,1414, ,1356,1,1,1, , ,3,N, , , , , , , , ,3,1,0,0,0,0,1,1,0,0,0,1,1,0,0,0,0,0,0,0,2,0,0,0,0,0,0,0,0,0,0,0,0,0,0,4,0,40.0832,-75.026, , 
29767,347885,2015069736,6,67,67301,2015,6,2,1501,15,1,1,0,4,1, , ,N,5,2,1,3,0,1,2,2,N,N,40 00:10.274,75 06:06.094,1518, ,1508, ,0, , , ,3, , , , , , , , , ,2,0,1,0,0,0,0,1,0,0,1,0,1,0,0,0,0,0,0,0,1,0,0,0,0,0,0,0,0,0,0,0,0,0,0,3,0,40.0029,-75.1017, , 
29768,347892,2015081097,6,67,67301,2015,7,5,1,0,3,1,0,4,1, , ,N,2,2,0,3,0,0,2,2,N, ,40 02:21.794,75 03:37.017,25, ,21,1,1,2, , ,3,Y, , , , , , , , ,2,1,0,0,0,0,0,0,0,0,0,0,0,0,0,0,0,0,0,0,0,0,0,0,0,0,0,0,0,0,0,0,0,0,0,0,0,40.0394,-75.0603, , 
29769,347895,2015084294,6,67,67301,2015,1,4,1600,16,1,1,0,1,1, , ,N,1,2,0,3,0,1,2,2,N,N,40 01:24.687,75 08:00.078,0, ,0, ,0, ,N, ,3, , , , , , , , , ,2,1,0,0,0,0,0,0,0,0,0,0,1,1,0,0,0,0,0,0,0,0,0,0,0,0,0,0,0,0,0,0,0,0,0,8,0,40.0235,-75.1334, , 
29770,347901,2015087063,6,67,67301,2015,4,2,1000,10,1,1,0,4,1, , ,N,1,2,0,3,0,1,2,2,N,N,39 58:19.594,75 14:49.012,0, ,0, ,0, ,N, ,3, , , , , , , , , ,2,1,0,0,0,0,1,0,0,0,1,0,1,0,0,0,0,0,0,0,1,0,0,0,0,0,0,0,0,0,0,0,0,0,0,3,0,39.9721,-75.2469, , 
29771,347924,2015092074,6,67,67301,2015,8,1,1643,16,1,1,0,0,1, , ,N,0,0,0,3,0,1,1,1,N, ,40 00:03.667,75 11:11.975,1644, ,1633, ,0, , , ,0, , , , , , , , , ,1,0,1,0,0,0,0,0,0,0,0,0,1,1,0,0,0,0,0,0,1,0,0,0,0,0,0,0,0,0,0,0,0,0,0,8,0,40.001,-75.1867, , 
29772,347948,2015075714,6,67,67301,2015,7,1,300,3,3,1,0,5,1, , ,N,0,0,0,3,0,0,2,2,N, ,40 02:50.628,75 10:10.002,304, ,304, ,0, , , ,0, , , , , , , , , ,2,1,0,0,0,0,0,0,0,0,0,0,0,0,1,0,0,0,0,0,0,0,0,0,0,0,0,0,0,0,0,0,0,0,0,9,0,40.0474,-75.1694, , 
29773,347955,2015084025,6,67,67301,2015,8,2,1709,17,1,1,0,1,1, , ,N,0,0,0,3,0,1,3,2,N,N,39 57:29.302,75 09:53.182,1738, ,1712, ,0, ,N, ,0, , , , , , , , , ,2,0,0,0,0,1,1,0,0,0,0,0,1,1,0,0,0,0,0,0,0,0,0,0,0,0,0,0,0,0,0,0,0,0,0,8,1,39.9581,-75.1648, , 
29774,347957,2015085263,6,67,67301,2015,8,3,1740,17,1,1,0,4,2, , ,N,0,0,7,3,0,1,3,2,N,N,40 00:44.800,75 06:53.400,1750, ,1750, ,0, ,N, ,0, , , , , , , , , ,2,2,0,0,0,0,0,0,0,0,0,1,1,0,0,0,0,0,0,0,0,0,0,0,0,0,0,0,0,0,0,0,0,0,0,4,0,40.0124,-75.1148, , 
29775,347962,2015090962,6,67,67301,2015,9,6,1028,10,1,1,0,7,4, , ,N,0,0,2,3,0,0,1,1,N,N,39 54:38.560,75 10:25.285,1035, ,1030, ,0, ,N, ,0, , , , , , , , , ,1,0,0,0,0,0,1,0,0,0,0,0,0,0,0,0,0,0,0,0,0,0,0,0,0,0,0,0,0,0,0,0,0,0,0,0,0,39.9107,-75.1737, , 
29776,347968,2015131787,6,67,67301,2015,12,4,2355,23,3,1,0,4,1, , ,N,1,3,0,3,0,1,4,2,N,N,39 55:38.420,75 09:25.955,1, ,2355, ,0, ,N, ,3, , , , , , , , , ,2,1,0,0,0,0,1,0,0,0,0,0,1,1,0,0,0,0,0,0,0,0,0,2,0,0,0,0,0,0,0,0,0,0,0,8,0,39.9273,-75.1572, , 
29777,347979,2015064336,6,67,67301,2015,6,4,550,5,3,1,0,7,4, , ,N,0,0,0,3,0,0,1,1,N,N,39 57:06.028,75 10:13.580,555, ,552, ,0, , , ,0, , , , , , , , , ,1,0,0,0,0,0,1,0,0,0,0,0,0,0,0,0,0,0,0,0,0,0,0,0,0,0,0,0,0,0,0,0,0,0,0,0,0,39.9517,-75.1704, , 
29778,347986,2015070280,6,67,67301,2015,6,1,1350,13,1,1,0,1,1, , ,N,0,0,0,3,0,1,4,3,N,N,40 00:34.299,75 12:26.171,1406, ,1400,1,2,3,N, ,0,N, , , , , , , , ,3,3,0,0,0,0,0,0,0,0,1,0,1,0,0,0,0,0,0,0,1,0,0,0,0,0,0,0,0,0,0,0,0,0,0,3,0,40.0095,-75.2073, , 
29779,347996,2015081080,6,67,67301,2015,7,4,1547,15,1,1,0,8,1, , ,N,0,0,7,3,0,1,2,2,N, ,40 02:53.761,75 03:33.597,1550, ,1550, ,0, , , ,0, , , , , , , , , ,1,1,0,0,0,0,0,0,0,0,0,1,1,0,0,0,0,0,0,0,0,0,0,0,0,0,0,0,0,0,0,0,1,0,0,4,0,40.0483,-75.0593, , 
29780,348001,2015085282,6,67,67301,2015,8,1,454,4,3,1,0,7,5, , ,N,0,0,0,3,0,3,3,1,N,N,40 00:15.534,75 11:26.466,459, ,457, ,0, ,N, ,0, , , , , , , , , ,1,1,0,0,0,0,0,0,0,0,0,3,3,0,0,0,0,0,0,0,0,0,0,1,0,0,0,0,0,0,0,0,0,0,0,4,0,40.0043,-75.1907, , 
29781,348006,2015089608,6,67,67301,2015,8,3,1009,10,1,1,0,4,1, , ,N,1,0,0,3,0,0,3,2,N,N,40 00:12.535,75 10:03.090,1010, ,1009, ,0, ,N, ,0, , , , , , , , , ,2,1,0,0,0,0,0,1,0,0,0,0,0,0,0,0,0,0,0,0,0,1,0,3,0,0,0,0,0,0,0,0,0,0,0,0,0,40.0035,-75.1675, , 
29782,348007,2015093543,6,67,67301,2015,8,4,1823,18,1,1,0,1,1, , ,N,0,0,0,3,0,1,2,2,N,N,40 02:17.467,75 00:36.730,1847, ,1823, ,0, ,N, ,0, , , , , , , , , ,2,1,0,0,0,0,1,0,0,0,0,1,1,0,0,0,0,0,0,0,0,0,0,0,0,0,0,0,0,0,0,0,0,0,0,4,0,40.0382,-75.0102, , 
29783,348010,2015095724,6,67,67301,2015,8,6,400,4,3,1,0,7,4, , ,N,2,2,0,3,0,1,1,1,N,N,40 05:03.219,74 59:24.172,410, ,405,2,1,2,N, ,3,N, , , , , , , , ,1,1,0,0,0,0,0,0,0,0,0,0,1,1,0,0,0,0,0,0,0,0,0,1,0,0,0,0,0,0,0,0,0,0,0,8,0,40.0841,-74.9902, , 
29784,350837,2015051634,6,67,67301,2015,4,5,927,9,1,1,0,1,1,1,4,Y,0,0,0,3,0,1,2,2,N,N,39 59:57.047,75 04:49.584,942,45,927, ,0, ,N, ,0, ,N,N,N,N,N,N,Y,Y,2,2,0,0,0,0,0,0,0,0,0,0,1,1,0,0,0,0,0,0,0,0,0,0,0,0,0,0,0,0,0,0,0,0,0,8,0,39.9992,-75.0804, , 
29785,350846,2015069662,6,67,67301,2015,6,5,100,1,3,1,0,4,1, , ,N,1,2,0,3,0,2,4,2,N,N,39 57:17.491,75 09:04.108,108, ,105,3,1,3,N, ,3,Y, , , , , , , , ,2,2,0,0,0,0,0,0,0,0,0,0,2,2,1,0,0,0,0,0,0,0,0,0,0,0,0,0,0,0,0,0,0,0,0,8,0,39.9549,-75.1511, , 
29786,350847,2015070252,6,67,67301,2015,6,5,813,8,1,1,0,1,1, , ,N,0,8,0,3,0,0,4,3,N,N,39 59:31.023,75 12:07.271,813, ,813, ,0, ,N, ,3, , , , , , , , , ,3,2,0,0,0,0,1,0,0,0,0,0,0,0,0,0,0,0,0,0,1,0,1,0,0,0,0,0,0,0,0,0,0,0,0,0,0,39.992,-75.202, , 
29787,350850,2015073655,6,67,67301,2015,7,1,712,7,1,1,0,7,4, , ,N,0,0,1,3,0,1,1,1,N,N,40 01:10.929,75 08:55.790,728, ,713, ,0, ,N, ,0, , , , , , , , , ,1,1,0,0,0,0,0,0,0,0,0,1,1,0,0,0,0,0,0,0,0,0,0,0,0,0,0,0,0,0,0,0,0,0,0,4,0,40.0197,-75.1489, , 
29788,350860,2015099011,6,67,67301,2015,9,6,1620,16,1,1,0,8,1, , ,N,1,2,0,3,0,1,2,2,N, ,39 57:18.079,75 10:04.799,1625, ,1622, ,0, ,N, ,3, , , , , , , , , ,1,0,0,0,0,0,1,0,0,0,0,0,1,1,0,0,0,0,0,0,0,0,0,0,0,0,0,0,0,0,0,0,1,0,0,8,0,39.955,-75.168, , 
29789,350869,2015110339,6,67,67301,2015,10,6,1600,16,1,2,1,4,1, , ,N,0,0,0,3,0,3,3,2,N,N,39 58:01.851,75 10:12.918,1618, ,1613, ,0, ,N, ,0, , , , , , , , , ,2,2,0,0,0,0,0,0,0,0,0,1,3,2,0,0,0,0,0,0,2,0,0,0,0,0,0,0,0,0,0,0,0,0,0,4,0,39.9672,-75.1703, , 
29790,350878,2015078260,6,67,67301,2015,7,2,1659,16,1,1,0,8,1, , ,N,0,0,0,3,0,1,2,2,N, ,39 55:21.215,75 09:20.194,1702, ,1700, ,0, , , ,0, , , , , , , , , ,1,0,0,0,0,0,0,1,0,0,0,0,1,1,0,0,0,0,0,0,1,0,0,0,0,0,0,0,0,0,0,0,1,0,0,8,0,39.9226,-75.1556, , 
29791,350881,2015082624,6,67,67301,2015,7,4,830,8,1,1,1,1,1, , ,N,0,0,0,3,0,1,3,3,N, ,39 54:47.724,75 11:32.192,845, ,837, ,0, , , ,0, , , , , , , , , ,3,3,0,0,0,0,0,0,0,0,0,1,1,0,0,0,0,0,0,0,1,0,0,0,0,0,0,0,0,0,0,0,0,0,0,4,0,39.9133,-75.1923, , 
29792,350882,2015083385,6,67,67301,2015,7,4,1815,18,1,1,0,5,6, , ,N,0,0,0,3,0,0,2,2,N, ,40 04:28.522,75 10:39.807,1829, ,1822, ,0, , , ,0, , , , , , , , , ,2,1,0,0,1,0,0,0,0,0,0,0,0,0,0,0,0,0,0,0,0,0,0,0,0,0,0,0,0,0,0,0,0,0,0,0,0,40.0746,-75.1777, , 
29793,350886,2015085326,6,67,67301,2015,8,2,1950,19,1,1,0,5,6, , ,N,0,0,0,3,0,1,1,3,N, ,40 02:01.403,75 05:34.308,2005, ,2003, ,0, , , ,0, , , , , , , , , ,3,3,0,0,0,0,0,0,0,0,0,0,1,1,0,0,0,0,1,0,0,0,0,0,0,0,0,0,0,0,0,0,0,0,0,8,0,40.0337,-75.0929, , 
29794,350888,2015088682,6,67,67301,2015,8,4,2310,23,3,1,0,4,1, , ,N,1,3,0,3,0,3,3,2,N,N,39 57:49.841,75 13:12.286,2311, ,2311, ,0, ,N, ,3, , , , , , , , , ,2,2,0,0,0,0,0,0,0,0,0,0,3,3,0,0,0,0,0,0,1,0,0,0,0,0,0,0,0,0,0,0,0,0,0,8,0,39.9638,-75.2201, , 
29795,350900,2015095154,6,67,67301,2015,9,6,2201,22,3,1,0,1,1, , ,N,0,0,0,3,1,0,2,2,N, ,39 59:28.676,75 13:23.455,2209, ,2201,2,2,6, ,0,0,Y, , , , , , , , ,1,0,0,0,1,0,0,0,1,0,0,0,0,0,0,0,0,0,0,0,0,0,0,0,0,0,0,0,0,0,1,0,0,0,0,1,0,39.9913,-75.2232,2, 
29796,350907,2015130283,6,67,67301,2015,11,7,1405,14,1,2,0,4,1, , ,N,0,0,0,3,0,1,2,2,N,N,39 54:15.750,75 09:56.395,1415, ,1405, ,0, ,N, ,0, , , , , , , , , ,2,1,0,0,0,0,1,0,0,0,0,1,1,0,0,0,0,0,0,0,0,0,0,1,0,0,0,0,0,0,0,0,0,0,0,4,0,39.9044,-75.1657, , 
29797,350908,2015130374,6,67,67301,2015,11,2,1110,11,1,1,0,4,1, , ,N,5,2,2,3,0,1,2,2,N, ,39 57:27.542,75 09:44.544,1116, ,1112, ,0, , , ,3, , , , , , , , , ,2,1,0,0,0,1,0,0,0,1,0,0,1,0,0,0,0,0,0,0,0,0,0,0,0,0,0,1,0,0,0,0,0,0,0,2,1,39.9577,-75.1624, , 
29798,350922,2015082848,6,67,67301,2015,7,1,1940,19,1,1,0,1,1, , ,N,0,0,0,3,0,7,12,4,N,N,39 58:34.395,75 11:44.610,1940, ,1940,3,2,3,N, ,0,N, , , , , , , , ,4,2,0,0,0,0,0,2,0,0,0,7,7,0,1,0,0,0,0,0,1,0,0,1,0,0,0,0,0,0,0,0,0,0,0,4,0,39.9762,-75.1957, , 
29799,350923,2015084455,6,67,67301,2015,7,6,1540,15,1,1,0,5,1, , ,N,2,2,0,3,0,3,54,2,N, ,39 57:09.365,75 09:55.348,1540, ,1540, ,0, , , ,3, , , , , , , , , ,2,0,0,2,0,0,0,0,0,0,0,3,3,0,0,0,0,0,0,0,2,0,0,0,0,0,0,0,0,0,0,0,0,0,0,4,2,39.9526,-75.1653, , 
29800,350924,2015085307,6,67,67301,2015,7,2,2030,20,1,1,0,1,1, , ,N,0,0,0,3,0,0,2,3,N,N,39 57:45.800,75 13:34.700,9999, ,9999, ,0, ,N, ,0, , , , , , , , , ,3,2,0,0,0,0,1,0,0,0,0,0,0,0,2,0,0,0,0,0,1,0,0,0,0,0,0,0,0,0,0,0,0,0,0,9,0,39.9627,-75.2263, , 
29801,350934,2015098968,6,67,67301,2015,9,4,2240,22,3,1,0,4,1, , ,N,1,2,0,3,0,1,2,2,N, ,39 56:23.586,75 10:59.271,2339, ,2336, ,0, , , ,3, , , , , , , , , ,1,1,0,0,0,0,0,0,1,0,0,0,1,1,0,0,0,0,0,0,0,0,0,0,0,0,0,0,0,0,0,0,0,0,0,8,0,39.9399,-75.1831, , 
29802,356084,2015100701,6,67,67301,2015,9,2,9999,99,4,1,0,4,1, , ,N,1,2,0,3,0,1,2,2,N,N,39 58:19.903,75 14:41.959,1901, ,1900,9,1,2,N, ,3,N, , , , , , , , ,1,1,0,0,0,0,0,0,1,0,0,1,1,0,0,0,0,0,0,0,0,0,0,0,0,0,0,0,0,0,0,0,0,0,0,4,0,39.9722,-75.2449, , 
29803,356092,2015112188,6,67,67301,2015,10,7,2125,21,3,1,0,4,1, , ,N,1,2,0,3,0,1,2,2,N,N,39 56:49.128,75 09:52.935,15, ,8, ,0, , , ,3, , , , , , , , , ,2,1,1,0,0,0,0,0,0,0,0,1,1,0,0,0,0,0,0,0,0,1,0,0,0,0,0,0,0,0,0,0,0,0,0,4,0,39.947,-75.1647, , 
29804,356117,2015121012,6,67,67301,2015,10,5,1045,10,1,1,0,4,1, , ,N,0,0,7,3,0,1,2,2,N, ,40 02:27.309,75 13:29.695,1054, ,1049, ,0, , , ,0, , , , , , , , , ,2,1,0,0,0,0,1,0,0,0,0,0,1,1,0,0,0,0,0,0,1,0,0,0,0,0,0,0,0,0,0,0,0,0,0,8,0,40.0409,-75.2249, , 
29805,356130,2015134657,6,67,67301,2015,12,3,911,9,1,1,0,4,1, , ,N,1,2,0,3,0,3,3,3,N,N,39 59:49.557,75 14:07.172,916, ,911,1,2,2,N, ,3,Y, , , , , , , , ,3,1,0,0,0,0,0,2,0,0,0,3,3,0,0,0,0,0,0,1,1,0,0,0,0,0,0,0,0,0,0,0,0,0,0,4,0,39.997,-75.2353, , 
29806,356137,2016007540,6,67,67301,2015,12,3,1440,14,1,2,1,4,1, , ,N,1,2,0,3,0,1,4,2,N,N,39 54:28.874,75 10:23.661,1455, ,1448, ,0, ,N, ,3, , , , , , , , , ,2,0,0,0,0,0,2,0,0,0,0,1,1,0,0,0,0,0,0,0,1,0,0,0,0,0,0,0,0,0,0,0,0,0,0,4,0,39.908,-75.1732, , 
29807,356138,2016007585,6,67,67301,2015,12,1,1110,11,1,2,1,4,1, , ,N,0,2,7,3,0,4,4,4,N,N,40 02:23.123,75 06:32.709,1120, ,1111,1,1,2,N, ,3,N, , , , , , , , ,4,4,0,0,0,0,0,0,0,0,0,4,4,0,0,0,0,0,0,0,0,0,0,0,0,0,0,0,0,0,0,0,0,0,0,4,0,40.0398,-75.1091, , 
29808,356145,2015103332,6,67,67301,2015,9,5,1718,17,1,1,0,8,1, , ,N,2,3,0,3,0,1,2,2,N,N,40 02:16.918,75 08:37.492,1725, ,1718, ,0, ,N, ,3, , , , , , , , , ,1,1,0,0,0,0,0,0,0,0,0,0,1,1,0,0,0,0,0,0,0,0,0,0,0,0,0,0,0,0,0,0,1,0,0,8,0,40.038,-75.1437, , 
29809,356157,2016002582,6,67,67301,2015,12,2,2038,20,3,2,1,4,1, , ,N,5,2,0,3,0,2,3,3,N,N,40 01:14.041,75 06:58.561,2042, ,2042, ,0, ,N, ,3, , , , , , , , , ,3,2,0,0,0,0,0,1,0,0,0,2,2,0,0,0,0,0,0,0,0,0,0,0,0,0,0,0,0,0,0,0,0,0,0,4,0,40.0206,-75.1163, , 