objectid_1,objectid,crn,district,county,municipality,crash_year,crash_month,day_of_week,time_of_day,hour_of_day,illumination,weather,road_condition,collision_type,relation_to_road,work_zone_type,work_zone_loc,work_zone_ind,intersect_type,tcd_type,location_type,urban_rural,fatal_count,injury_count,person_count,total_units,sch_bus_ind,sch_zone_ind,latitude,longitude,arrival_tm,cons_zone_spd_lim,dispatch_tm,est_hrs_closed,lane_closed,ln_close_dir,ntfy_hiwy_maint,spec_juris_cd,tcd_func_cd,tfc_detour_ind,workers_pres,wz_close_detour,wz_flagger,wz_law_offcr_ind,wz_ln_closure,wz_moving,wz_other,wz_shlder_mdn,vehicle_count,automobile_count,motorcycle_count,bus_count,small_truck_count,heavy_truck_count,suv_count,van_count,bicycle_count,maj_inj_count,mod_inj_count,min_inj_count,tot_inj_count,unk_inj_deg_count,unk_inj_per_count,driver_count_16yr,driver_count_17yr,driver_count_18yr,driver_count_19yr,driver_count_20yr,driver_count_50_64yr,driver_count_65_74yr,driver_count_75plus,unbelted_occ_count,unb_death_count,unb_maj_inj_count,belted_death_count,belted_maj_inj_count,mcycle_death_count,mcycle_maj_inj_count,bicycle_death_count,bicycle_maj_inj_count,ped_count,ped_death_count,ped_maj_inj_count,max_severity_level,comm_veh_count,dec_lat,dec_long,rdwy_surf_type_cd,county_name
29810,356159,2016012890,6,67,67301,2015,7,7,2015,20,1,1,0,5,1, , ,N,0,0,0,3,0,1,2,2,N,N,39 56:28.810,75 12:28.824,0, ,0, ,0, ,N, ,0, , , , , , , , , ,2,0,0,0,0,0,1,1,0,0,0,0,1,1,0,0,0,0,0,0,0,1,0,0,0,0,0,0,0,0,0,0,0,0,0,8,0,39.9413,-75.208, , 
29811,356161,2016002981,6,67,67301,2015,12,5,1313,13,1,2,1,6,1, , ,N,0,0,0,3,0,3,6,3,N,N,39 58:19.980,75 11:23.881,1330, ,1313,2,2,5,N, ,0,Y, , , , , , , , ,3,2,0,0,0,0,1,0,0,0,1,2,3,0,0,0,0,0,0,1,1,1,0,0,0,0,0,0,0,0,0,0,0,0,0,3,0,39.9722,-75.19, , 
29812,356165,2015053894,6,67,67301,2015,5,2,600,6,1,1,0,4,1, , ,N,0,0,7,3,0,1,2,2,N,N,40 05:38.595,74 58:33.760,610, ,609, ,0, ,N, ,0, , , , , , , , , ,2,1,1,0,0,0,0,0,0,0,0,0,1,1,0,0,0,0,0,0,0,0,0,0,0,0,0,0,0,0,0,0,0,0,0,8,0,40.0941,-74.976, , 
29813,356166,2015054379,6,67,67301,2015,4,3,600,6,1,2,1,7,4, , ,N,0,0,0,3,0,1,1,2,N,N,40 01:34.747,75 11:38.127,710, ,635,9,1,2,N, ,0,N, , , , , , , , ,1,1,0,0,0,0,0,0,0,0,0,0,1,1,0,0,0,0,0,0,0,0,0,0,0,0,0,0,0,0,0,0,0,0,0,8,0,40.0263,-75.1939, , 
29814,356173,2015066265,6,67,67301,2015,6,6,1740,17,1,1,0,1,1, , ,N,0,0,0,3,0,0,3,3,N,N,40 02:54.069,74 59:25.212,1805, ,1754, ,0, ,N, ,0, , , , , , , , , ,3,1,0,0,1,0,1,0,0,0,0,0,0,0,0,0,0,0,0,0,1,0,0,0,0,0,0,0,0,0,0,0,0,0,0,0,0,40.0484,-74.9903, , 
29815,356180,2015070277,6,67,67301,2015,6,7,2220,22,3,2,1,7,3, , ,N,0,0,0,3,0,0,1,1,N,N,39 54:26.309,75 08:58.946,2224, ,2224,1,1,2,Y, ,0,N, , , , , , , , ,1,1,0,0,0,0,0,0,0,0,0,0,0,0,0,0,0,0,0,0,0,0,0,0,0,0,0,0,0,0,0,0,0,0,0,0,0,39.9073,-75.1497, , 
29816,356186,2015073616,6,67,67301,2015,6,2,2305,23,3,1,0,1,6, , ,N,0,0,0,3,0,1,1,3,N,N,39 57:26.601,75 08:35.854,2322, ,2316, ,0, ,N, ,0, , , , , , , , , ,3,3,0,0,0,0,0,0,0,0,0,1,1,0,0,0,0,1,0,0,0,0,0,0,0,0,0,0,0,0,0,0,0,0,0,4,0,39.9574,-75.1433, , 
29817,356198,2015095686,6,67,67301,2015,9,3,1220,12,1,1,0,4,1, , ,N,1,2,0,3,0,2,2,2,N,N,39 58:02.539,75 10:37.185,1227, ,1224,1,1,4,N, ,3,N, , , , , , , , ,2,0,0,0,0,0,2,0,0,0,0,2,2,0,0,0,0,0,0,0,0,1,0,0,0,0,0,0,0,0,0,0,0,0,0,4,0,39.9674,-75.177, , 
29818,356202,2015102055,6,67,67301,2015,9,3,1344,13,1,1,0,7,2, , ,N,0,0,0,3,0,1,1,1,N,N,40 00:44.939,75 03:32.238,1415, ,1346,2,1,2,N, ,0,N, , , , , , , , ,1,1,0,0,0,0,0,0,0,1,0,0,1,0,0,0,0,0,0,0,0,0,0,1,0,1,0,0,0,0,0,0,0,0,0,2,0,40.0125,-75.059, , 
29819,356211,2015133541,6,67,67301,2015,12,7,354,3,3,1,0,4,1, , ,N,0,0,0,3,0,0,2,2,N,N,39 55:54.150,75 11:58.816,403, ,357,2,2,4,N, ,0,N, , , , , , , , ,2,2,0,0,0,0,0,0,0,0,0,0,0,0,0,0,0,1,1,0,0,0,0,0,0,0,0,0,0,0,0,0,0,0,0,0,0,39.9317,-75.1997, , 
29820,353776,2015103326,6,67,67301,2015,9,4,2202,22,3,1,0,4,1, , ,N,0,0,7,3,0,1,2,2,N,N,39 58:50.322,75 14:10.043,2202, ,2202,1,1,1,N, ,0,N, , , , , , , , ,2,1,1,0,0,0,0,0,0,0,0,0,1,1,0,0,0,0,0,0,0,0,0,0,0,0,0,0,0,0,0,0,0,0,0,8,0,39.9806,-75.2361, , 
29821,353778,2015105400,6,67,67301,2015,9,5,2322,23,3,1,0,7,7, , ,N,0,0,0,3,0,0,1,1,N,N,39 58:14.873,75 11:34.827,2330, ,2323, ,0, ,N, ,0, , , , , , , , , ,1,1,0,0,0,0,0,0,0,0,0,0,0,0,0,0,0,0,0,0,0,0,1,0,0,0,0,0,0,0,0,0,0,0,0,0,0,39.9708,-75.193, , 
29822,353785,2015109227,6,67,67301,2015,10,2,2108,21,3,1,0,4,1, , ,N,0,0,7,3,0,1,2,2,N, ,40 04:08.267,75 03:03.445,2111, ,2109, ,0, , , ,0, , , , , , , , , ,2,0,0,0,0,0,2,0,0,0,0,1,1,0,0,0,0,0,0,0,0,0,0,0,0,0,0,0,0,0,0,0,0,0,0,4,0,40.069,-75.051, , 
29823,353793,2015121078,6,67,67301,2015,10,4,1240,12,1,2,1,4,1, , ,N,1,2,0,3,0,0,3,2,N, ,40 05:40.718,75 00:54.707,1305, ,1255, ,0, , , ,3, , , , , , , , , ,2,2,0,0,0,0,0,0,0,0,0,0,0,0,0,0,0,0,0,0,1,0,0,0,0,0,0,0,0,0,0,0,0,0,0,0,0,40.0946,-75.0152, , 
29824,353807,2016001587,6,67,67301,2015,12,5,536,5,3,1,0,0,4, , ,N,0,0,0,3,0,0,1,1,N,N,39 58:52.988,75 12:25.295,542, ,539,1,1,3,N, ,0,N, , , , , , , , ,1,1,0,0,0,0,0,0,0,0,0,0,0,0,0,0,0,0,0,0,0,0,0,0,0,0,0,0,0,0,0,0,0,0,0,0,0,39.9814,-75.207, , 
29825,353808,2016006019,6,67,67301,2015,10,1,645,6,1,1,1,5,1, , ,N,1,2,0,3,0,0,3,3,N, ,40 05:05.539,75 01:30.621,658, ,647,1,2,2, , ,3,Y, , , , , , , , ,3,3,0,0,0,0,0,0,0,0,0,0,0,0,0,0,0,0,0,0,0,0,0,0,0,0,0,0,0,0,0,0,0,0,0,0,0,40.0847,-75.0251, , 
29826,353820,2015067923,6,67,67301,2015,6,2,1001,10,1,1,0,4,1, , ,N,2,2,0,3,0,1,3,2,N,N,40 01:38.505,75 05:56.834,1015, ,1001,2,1,4,N, ,3,Y, , , , , , , , ,2,0,0,0,0,1,1,0,0,0,0,0,1,1,0,0,0,0,0,0,0,1,0,0,0,0,0,0,0,0,0,0,0,0,0,8,1,40.0274,-75.0991, , 
29827,353831,2015085327,6,67,67301,2015,8,3,1110,11,1,2,1,5,1, , ,N,1,3,0,3,0,1,2,2,N,N,39 55:29.175,75 10:56.834,1118, ,1115, ,0, , , ,3, , , , , , , , , ,1,1,0,0,0,0,0,0,1,0,1,0,1,0,0,0,0,0,0,0,0,0,0,0,0,0,0,0,0,0,0,0,0,0,0,3,0,39.9248,-75.1825, , 
29828,353848,2015115053,6,67,67301,2015,9,4,1025,10,1,1,0,6,1, , ,N,0,0,0,3,0,3,4,2,N, ,39 57:27.396,75 14:07.954,1048, ,1038, ,0, , , ,0, , , , , , , , , ,2,2,0,0,0,0,0,0,0,0,1,2,3,0,0,0,0,0,0,0,0,1,0,2,0,0,0,0,0,0,0,0,0,0,0,3,0,39.9576,-75.2355, , 
29829,353860,2015130062,6,67,67301,2015,11,6,2240,22,3,1,0,4,1, , ,N,1,2,0,3,0,1,2,2,N,N,39 57:37.886,75 10:24.974,2250, ,2240,2,2,4,N, ,3,Y, , , , , , , , ,1,0,0,0,0,0,1,0,1,0,0,1,1,0,0,0,0,0,0,0,0,0,0,0,0,0,0,0,0,0,0,0,0,0,0,4,0,39.9605,-75.1736, , 
29830,353864,2015132291,6,67,67301,2015,12,1,1814,18,3,1,0,1,1, , ,N,0,0,0,3,0,0,6,3,N,N,39 55:33.992,75 08:48.359,1818, ,1814,1,2,1,N, ,0,N, , , , , , , , ,3,3,0,0,0,0,0,0,0,0,0,0,0,0,0,0,0,0,0,0,1,0,0,0,0,0,0,0,0,0,0,0,0,0,0,0,0,39.9261,-75.1468, , 
29831,353866,2015132931,6,67,67301,2015,12,1,1511,15,1,1,0,1,1, , ,N,0,0,0,3,0,2,5,3,N,N,39 57:30.348,75 10:01.945,1522, ,1512,1,1,3,N, ,0,N, , , , , , , , ,3,1,0,0,1,0,1,0,0,0,0,1,2,1,0,0,0,0,0,0,1,0,0,0,0,0,0,0,0,0,0,0,0,0,0,4,0,39.9584,-75.1672, , 
29832,353872,2016010019,6,67,67301,2015,12,5,1047,10,1,1,0,1,1,1,2,Y,0,0,0,3,0,1,3,2,N,N,39 59:45.755,75 04:58.891,1047,45,1047, ,0, , , ,0, ,N,N,N,N,N,N,Y,N,2,1,0,0,1,0,0,0,0,0,0,0,1,1,0,0,0,0,0,0,0,1,0,0,0,0,0,0,0,0,0,0,0,0,0,8,0,39.996,-75.083, , 
29833,353888,2015081128,6,67,67301,2015,7,2,810,8,1,1,0,7,4, , ,N,0,0,0,3,0,0,1,1,N,N,39 58:32.822,75 09:16.488,822, ,820, ,0, ,N, ,0, , , , , , , , , ,1,0,0,0,0,0,1,0,0,0,0,0,0,0,0,0,0,0,0,0,0,0,0,0,0,0,0,0,0,0,0,0,0,0,0,0,0,39.9758,-75.1546, , 
29834,353902,2015107514,6,67,67301,2015,10,7,2147,21,3,1,0,8,1, , ,N,0,0,0,3,0,1,2,2,N,N,40 00:12.963,75 13:16.647,2149, ,2147, ,0, ,N, ,0, , , , , , , , , ,1,1,0,0,0,0,0,0,0,0,0,0,1,1,0,0,0,0,0,0,0,1,0,0,0,0,0,0,0,0,0,0,1,0,0,8,0,40.0036,-75.2213, , 
29835,353907,2015113187,6,67,67301,2015,10,1,514,5,3,1,0,5,6, , ,N,0,0,0,3,0,0,1,4,N, ,39 55:52.670,75 09:19.534,523, ,517,2,2,4, , ,0,N, , , , , , , , ,4,3,0,0,0,0,1,0,0,0,0,0,0,0,0,0,0,0,0,0,0,0,0,0,0,0,0,0,0,0,0,0,0,0,0,0,0,39.9313,-75.1554, , 
29836,353926,2015131235,6,67,67301,2015,11,7,355,3,3,1,0,6,6, , ,N,0,0,0,3,0,1,1,3,N,N,40 03:09.162,75 05:02.374,400, ,357,3,2,6,N, ,0,Y, , , , , , , , ,3,2,0,0,0,0,1,0,0,0,0,1,1,0,0,0,0,0,0,0,0,0,0,0,0,0,0,0,0,0,0,0,0,0,0,4,0,40.0525,-75.084, , 
29837,353931,2015135803,6,67,67301,2015,11,6,1045,10,1,1,0,4,1, , ,N,1,2,0,3,0,0,4,3,N,N,39 57:04.796,75 11:57.319,1047, ,1047, ,0, ,N, ,3, , , , , , , , , ,3,2,0,0,0,0,1,0,0,0,0,0,0,0,0,0,0,0,0,0,1,1,0,0,0,0,0,0,0,0,0,0,0,0,0,0,0,39.9513,-75.1991, , 
29838,353933,2016002402,6,67,67301,2015,12,1,1915,19,3,1,0,1,1, , ,N,0,2,0,3,0,1,4,2,N,N,40 02:24.483,75 03:30.673,1923, ,1915, ,0, ,N, ,3, , , , , , , , , ,2,1,0,0,0,0,1,0,0,0,0,1,1,0,0,0,0,0,0,0,0,0,0,1,0,0,0,0,0,0,0,0,0,0,0,4,0,40.0401,-75.0585, , 
29839,348014,2015118275,6,67,67301,2015,11,4,1937,19,3,1,0,1,1, , ,N,0,0,0,3,0,0,2,2,N,N,39 56:54.060,75 11:09.323,1947, ,1938,1,1,4,N, ,0,N, , , , , , , , ,2,1,0,0,0,0,1,0,0,0,0,0,0,0,0,0,0,0,0,0,0,0,0,0,0,0,0,0,0,0,0,0,0,0,0,0,0,39.9484,-75.1859, , 
29840,348035,2015128556,6,67,67301,2015,11,4,815,8,1,1,0,8,1, , ,N,1,2,0,3,0,1,3,2,N,N,40 03:17.448,75 10:08.247,823, ,819, ,0, ,N, ,3, , , , , , , , , ,1,0,0,0,0,0,1,0,0,0,0,0,1,1,0,0,0,0,0,0,0,1,0,0,0,0,0,0,0,0,0,0,1,0,0,8,0,40.0548,-75.169, , 
29841,348038,2015130337,6,67,67301,2015,10,6,345,3,3,1,0,5,6, , ,N,0,0,0,3,0,0,1,4,N, ,40 02:32.081,75 02:08.839,347, ,347, ,0, , , ,0, , , , , , , , , ,4,4,0,0,0,0,0,0,0,0,0,0,0,0,0,0,0,0,0,0,0,0,0,0,0,0,0,0,0,0,0,0,0,0,0,0,0,40.0422,-75.0358, , 
29842,348053,2015070160,6,67,67301,2015,6,1,2350,23,3,1,0,1,6, , ,N,0,0,0,3,0,3,4,3,N,N,39 55:04.051,75 13:26.965,40, ,30, ,0, ,N, ,0, , , , , , , , , ,3,2,0,0,0,0,0,1,0,0,1,2,3,0,0,0,0,0,0,0,0,0,0,2,0,0,0,0,0,0,0,0,0,0,0,3,0,39.9178,-75.2242, , 
29843,348056,2015073250,6,67,67301,2015,7,5,1306,13,1,1,0,4,1, , ,N,2,0,0,3,0,1,3,3,N, ,40 02:05.924,75 11:18.304,1315, ,1310,9,2,5,N, ,0,Y, , , , , , , , ,3,1,0,0,0,0,2,0,0,0,0,0,1,1,0,0,0,0,0,0,1,0,0,0,0,0,0,0,0,0,0,0,0,0,0,8,0,40.035,-75.1884, , 
29844,348062,2015101981,6,67,67301,2015,9,3,1640,16,1,1,0,4,1, , ,N,5,2,0,3,0,1,2,2,N,N,40 03:30.949,75 09:09.932,9999, ,9999, ,0, ,N, ,3, , , , , , , , , ,2,1,0,0,0,0,0,1,0,0,0,1,1,0,0,0,0,0,0,0,0,0,0,0,0,0,0,0,0,0,0,0,0,0,0,4,0,40.0586,-75.1528, , 
29845,348065,2015106197,6,67,67301,2015,10,2,1420,14,1,1,0,5,1, , ,N,7,0,2,3,0,0,3,2,N,N,39 53:04.770,75 14:38.828,1521, ,1447, ,0, ,N, ,0, , , , , , , , , ,2,2,0,0,0,0,0,0,0,0,0,0,0,0,0,0,0,0,0,0,0,1,0,0,0,0,0,0,0,0,0,0,0,0,0,0,0,39.8847,-75.2441, , 
29846,348068,2015061904,6,67,67301,2015,5,2,1255,12,1,1,0,0,1, , ,N,2,2,0,3,0,0,1,1,N, ,39 53:31.043,75 14:31.507,1300, ,1258,3,1,2, , ,3,Y, , , , , , , , ,1,0,0,0,0,0,1,0,0,0,0,0,0,0,1,0,0,0,0,0,0,0,0,0,0,0,0,0,0,0,0,0,0,0,0,9,0,39.8919,-75.2419, , 
29847,348077,2015069763,6,67,67301,2015,6,2,9999,99,1,1,0,4,1, , ,N,1,2,0,3,0,2,2,2,N,N,40 03:34.390,75 03:07.429,9999, ,9999, ,0, , , ,3, , , , , , , , , ,2,2,0,0,0,0,0,0,0,0,2,0,2,0,0,0,0,0,0,1,0,0,0,0,0,0,0,0,0,0,0,0,0,0,0,3,0,40.0595,-75.052, , 
29848,348079,2015070138,6,67,67301,2015,6,2,1011,10,1,1,0,5,1, , ,N,1,2,0,3,0,0,4,2,N, ,40 00:34.091,75 09:10.460,9999, ,1011, ,0, , , ,3, , , , , , , , , ,2,1,0,0,0,1,0,0,0,0,0,0,0,0,0,0,0,0,1,0,1,0,0,3,0,0,0,0,0,0,0,0,0,0,0,0,0,40.0095,-75.1528, , 
29849,348080,2015070265,6,67,67301,2015,6,5,1212,12,1,1,0,1,1, , ,N,0,0,0,3,0,0,3,2,N,N,40 00:36.899,75 12:24.878,1228, ,1215, ,0, ,N, ,0, , , , , , , , , ,2,1,0,0,0,0,1,0,0,0,0,0,0,0,0,0,0,0,0,1,1,0,0,0,0,0,0,0,0,0,0,0,0,0,0,0,0,40.0102,-75.2069, , 
29850,348081,2015070660,6,67,67301,2015,6,4,831,8,1,1,0,5,6, , ,N,0,0,0,3,0,0,1,3,N,N,39 59:00.123,75 06:06.711,840, ,833, ,0, ,N, ,0, , , , , , , , , ,3,1,0,0,0,0,2,0,0,0,0,0,0,0,0,0,0,0,0,0,0,0,0,1,0,0,0,0,0,0,0,0,0,0,0,0,0,39.9834,-75.1019, , 
29851,348091,2015083376,6,67,67301,2015,8,7,135,1,3,1,0,1,1, , ,N,1,2,0,3,0,0,4,3,N,N,40 01:04.807,75 08:57.222,148, ,145,1,1,1, , ,3,N, , , , , , , , ,3,2,0,0,0,0,1,0,0,0,0,0,0,0,0,0,0,0,0,0,2,0,0,0,0,0,0,0,0,0,0,0,0,0,0,0,0,40.0179,-75.1493, , 
29852,348095,2015088772,6,67,67301,2015,7,4,28,0,3,2,1,2,1, , ,N,0,0,0,3,0,1,3,2,N,N,40 03:57.494,74 58:56.102,45, ,35,1,2,3,N, ,0,Y, , , , , , , , ,2,1,0,0,0,0,1,0,0,1,0,0,1,0,0,0,0,0,0,0,0,0,0,0,0,0,0,0,0,0,0,0,0,0,0,2,0,40.066,-74.9823, , 
29853,348122,2015070131,6,67,67301,2015,6,4,2230,22,6,9,8,4,1, , ,N,1,2,0,3,0,1,2,2,N,N,39 59:50.003,75 07:09.812,1653, ,1653, ,0, ,N, ,3, , , , , , , , , ,2,2,0,0,0,0,0,0,0,0,0,1,1,0,0,0,0,0,0,0,0,0,0,0,0,0,0,0,0,0,0,0,0,0,0,4,0,39.9972,-75.1194, , 
29854,348133,2015081109,6,46,46102,2015,7,4,9999,99,1,1,0,4,1, , ,N,1,2,0,3,0,0,4,2,N, ,40 03:55.027,75 05:25.289,1315, ,1306, ,0, , , ,3, , , , , , , , , ,2,1,0,0,0,0,0,1,0,0,0,0,0,0,4,0,0,0,0,0,0,0,0,0,0,0,0,0,0,0,0,0,0,0,0,9,0,40.0653,-75.0904, , 
29855,348134,2015084440,6,67,67301,2015,7,1,2246,22,3,1,0,8,1, , ,N,0,0,0,3,0,1,2,2,N, ,40 02:38.017,75 08:37.254,2247, ,2245,2,2,7, , ,0,Y, , , , , , , , ,1,1,0,0,0,0,0,0,0,0,0,0,1,1,0,0,0,0,0,0,0,0,0,0,0,0,0,0,0,0,0,0,1,0,0,8,0,40.0439,-75.1437, , 
29856,348166,2015114552,6,67,67301,2015,10,6,2103,21,3,1,0,4,1, , ,N,2,3,0,3,0,1,3,2,N, ,40 03:02.913,75 03:55.676,2110, ,2107, ,0, , , ,3, , , , , , , , , ,1,1,0,0,0,0,0,0,1,0,0,1,1,0,0,0,0,0,0,0,0,0,0,0,0,0,0,0,0,0,0,0,0,0,0,4,0,40.0508,-75.0655, , 
29857,348181,2015128701,6,67,67301,2015,11,2,2100,21,3,2,1,5,1, , ,N,0,2,0,3,0,1,2,2,N,N,39 58:01.975,75 09:39.838,2107, ,2101, ,0, , , ,3, , , , , , , , , ,2,2,0,0,0,0,0,0,0,0,0,1,1,0,0,0,0,0,0,0,0,0,0,0,0,0,0,0,0,0,0,0,0,0,0,4,0,39.9672,-75.1611, , 
29858,350935,2015099076,6,67,67301,2015,9,1,947,9,1,1,0,8,1, , ,N,0,0,0,3,0,1,2,2,N,N,39 57:20.839,75 14:08.583,952, ,949,3,2,3,N, ,0,Y, , , , , , , , ,1,0,0,0,0,0,0,1,0,0,0,0,1,1,0,0,0,0,0,0,0,0,0,0,0,0,0,0,0,0,0,0,1,0,0,8,0,39.9558,-75.2357, , 
29859,350940,2015109343,6,67,67301,2015,9,4,1614,16,1,1,0,1,1, , ,N,1,3,0,3,0,2,3,2,N, ,40 05:16.483,74 58:50.188,1614, ,1614,1,1,1, , ,3,N, , , , , , , , ,2,2,0,0,0,0,0,0,0,0,0,1,2,1,0,0,0,0,0,0,1,0,1,0,0,0,0,0,0,0,0,0,0,0,0,4,0,40.0879,-74.9806, , 
29860,350944,2015116146,6,67,67301,2015,10,7,2221,22,3,1,0,1,1, , ,N,0,0,0,3,0,3,3,3,N,N,39 57:41.664,75 09:07.046,2221, ,2221, ,0, ,N, ,0, , , , , , , , , ,3,2,0,0,0,0,1,0,0,0,0,2,3,1,0,0,0,0,0,0,0,0,0,0,0,0,0,0,0,0,0,0,0,0,0,4,0,39.9616,-75.152, , 
29861,350952,2015081091,6,67,67301,2015,7,5,20,0,3,1,0,5,6, , ,N,0,0,0,3,0,0,1,2,N,N,40 02:49.175,75 11:31.592,57, ,55,9,1,1,N, ,0,N, , , , , , , , ,2,2,0,0,0,0,0,0,0,0,0,0,0,0,0,0,0,0,0,0,0,0,0,0,0,0,0,0,0,0,0,0,0,0,0,0,0,40.047,-75.1921, , 
29862,350955,2015083620,6,67,67301,2015,7,7,25,0,3,1,0,7,4, , ,N,0,0,2,3,0,1,1,1,N,N,39 57:25.524,75 08:35.506,37, ,29, ,0, ,N, ,0, , , , , , , , , ,1,0,0,0,0,0,1,0,0,0,0,0,1,1,0,0,0,0,0,0,0,0,0,1,0,0,0,0,0,0,0,0,0,0,0,8,0,39.9571,-75.1432, , 
29863,350986,2015115117,6,67,67301,2015,10,7,840,8,1,1,0,4,1, , ,N,1,2,0,3,0,0,2,2,N,N,40 02:14.460,75 11:27.412,845, ,840, ,0, ,N, ,3, , , , , , , , , ,2,1,0,0,0,0,1,0,0,0,0,0,0,0,0,0,0,0,0,0,0,1,0,0,0,0,0,0,0,0,0,0,0,0,0,0,0,40.0374,-75.1909, , 
29864,350989,2015119703,6,67,67301,2015,9,6,2053,20,2,1,0,5,1,1,4,Y,0,8,0,3,0,4,7,3,N,N,39 58:46.556,75 06:25.136,2100,45,2053,3,2,1,N, ,3,N,N,N,N,N,N,N,Y,Y,3,1,0,0,1,0,1,0,0,0,1,3,4,0,0,0,0,0,0,1,0,0,0,0,0,0,0,0,0,0,0,0,0,0,0,3,0,39.9796,-75.107, , 
29865,350992,2015129093,6,67,67301,2015,11,1,320,3,3,1,0,0,4, , ,N,7,0,2,3,0,0,3,2,N,N,39 55:59.737,75 11:59.133,327, ,322,2,1,3,N, ,0,N, , , , , , , , ,2,0,0,0,1,1,0,0,0,0,0,0,0,0,0,0,0,0,0,0,0,1,0,0,0,0,0,0,0,0,0,0,0,0,0,0,1,39.9363,-75.1993, , 
29866,351036,2015084439,6,67,67301,2015,7,1,1032,10,1,1,0,4,1, , ,N,1,2,0,3,0,1,4,2,N, ,40 01:43.284,75 07:03.795,1036, ,1034,1,2,3, , ,3,Y, , , , , , , , ,1,1,0,0,0,0,0,0,1,0,1,0,1,0,0,0,0,0,0,0,1,0,0,0,0,0,0,0,0,0,0,0,0,0,0,3,0,40.0287,-75.1177, , 
29867,351037,2015085247,6,67,67301,2015,8,1,9999,99,3,1,0,4,1, , ,N,1,2,0,3,0,1,2,2,N,N,39 57:39.809,75 08:41.875,2145, ,2140,2,1,3,N, ,3,N, , , , , , , , ,1,1,0,0,0,0,0,0,1,0,1,0,1,0,0,0,0,0,0,0,0,0,0,0,0,0,0,0,0,0,0,0,0,0,0,3,0,39.9609,-75.145, , 
29868,351043,2015093498,6,67,67301,2015,8,1,848,8,1,1,0,5,1, , ,N,0,0,0,3,0,1,5,2,N,N,39 59:36.084,75 11:59.173,849, ,848,1,2,4,N, ,0,N, , , , , , , , ,2,0,0,0,1,0,1,0,0,0,0,1,1,0,0,0,0,0,0,0,1,0,0,0,0,0,0,0,0,0,0,0,0,0,0,4,0,39.9934,-75.1998, , 
29869,351049,2015129996,6,67,67301,2015,11,3,930,9,1,2,1,4,1, , ,N,1,2,0,3,0,2,3,2,N, ,39 58:18.644,75 14:41.701,935, ,935,2,2,1, , ,3,Y, , , , , , , , ,2,0,0,0,1,0,0,1,0,0,0,2,2,0,0,0,0,0,0,0,1,0,0,0,0,0,0,0,0,0,0,0,0,0,0,4,0,39.9719,-75.2448, , 
29870,351050,2015130306,6,67,67301,2015,11,7,1800,18,3,1,0,5,1, , ,N,0,0,6,3,0,1,2,2,N,N,40 04:04.198,75 02:24.479,1812, ,1808,1,1,1,N, ,0,N, , , , , , , , ,2,2,0,0,0,0,0,0,0,0,0,0,1,1,0,0,0,0,1,1,0,0,0,0,0,0,0,0,0,0,0,0,0,0,0,8,0,40.0678,-75.0401, , 
29871,351051,2015131468,6,67,67301,2015,11,5,1531,15,1,1,0,1,1, , ,N,0,0,0,3,0,1,2,2,N,N,39 57:25.181,75 09:18.866,1531, ,1531, ,0, ,N, ,0, , , , , , , , , ,2,2,0,0,0,0,0,0,0,0,1,0,1,0,0,0,0,0,0,0,1,0,0,1,0,0,0,0,0,0,0,0,0,0,0,3,0,39.957,-75.1552, , 
29872,351062,2016007645,6,67,67301,2015,12,3,555,5,3,2,1,7,2, , ,N,0,0,0,3,0,1,1,1,N, ,40 01:41.940,75 06:01.992,603, ,559,1,1,1, , ,0,N, , , , , , , , ,1,0,0,0,0,0,1,0,0,0,0,1,1,0,0,0,0,0,0,0,0,0,0,0,0,0,0,0,0,0,0,0,0,0,0,4,0,40.0283,-75.1006, , 
29873,351088,2015117595,6,67,67301,2015,10,5,1122,11,1,1,0,4,1, , ,N,1,2,0,3,0,0,4,3,N,N,40 02:54.851,75 05:13.124,1132, ,1127, ,0, , , ,3, , , , , , , , , ,3,2,0,0,0,1,0,0,0,0,0,0,0,0,0,0,0,0,0,0,1,0,1,0,0,0,0,0,0,0,0,0,0,0,0,0,1,40.0486,-75.087, , 
29874,351092,2015120205,6,67,67301,2015,11,2,1344,13,1,1,0,1,1, , ,N,0,0,0,3,0,0,2,2,N,N,39 59:41.819,75 11:53.594,1358, ,1345,1,1,3,N, ,0,N, , , , , , , , ,2,1,0,0,0,0,1,0,0,0,0,0,0,0,1,0,0,0,0,0,0,0,0,0,0,0,0,0,0,0,0,0,0,0,0,9,0,39.9949,-75.1982, , 
29875,351093,2015120617,6,67,67301,2015,11,3,1845,18,3,1,0,1,1, , ,N,0,0,0,3,0,1,3,2,N,N,39 55:21.329,75 08:52.000,1914, ,1847, ,0, ,N, ,0, , , , , , , , , ,2,2,0,0,0,0,0,0,0,0,0,0,1,1,0,0,0,0,0,0,1,0,0,0,0,0,0,0,0,0,0,0,0,0,0,8,0,39.9226,-75.1478, , 
29876,356217,2016015177,6,67,67301,2015,9,2,1745,17,1,1,0,1,1, , ,N,0,2,7,3,0,1,2,2,N,N,40 06:51.695,75 00:18.733,0, ,0, ,0, ,N, ,3, , , , , , , , , ,2,1,0,0,0,0,1,0,0,1,0,0,1,0,0,0,0,0,0,0,1,0,0,1,0,0,0,0,0,0,0,0,0,0,0,2,0,40.1144,-75.0052, , 