objectid_1,objectid,crn,district,county,municipality,crash_year,crash_month,day_of_week,time_of_day,hour_of_day,illumination,weather,road_condition,collision_type,relation_to_road,work_zone_type,work_zone_loc,work_zone_ind,intersect_type,tcd_type,location_type,urban_rural,fatal_count,injury_count,person_count,total_units,sch_bus_ind,sch_zone_ind,latitude,longitude,arrival_tm,cons_zone_spd_lim,dispatch_tm,est_hrs_closed,lane_closed,ln_close_dir,ntfy_hiwy_maint,spec_juris_cd,tcd_func_cd,tfc_detour_ind,workers_pres,wz_close_detour,wz_flagger,wz_law_offcr_ind,wz_ln_closure,wz_moving,wz_other,wz_shlder_mdn,vehicle_count,automobile_count,motorcycle_count,bus_count,small_truck_count,heavy_truck_count,suv_count,van_count,bicycle_count,maj_inj_count,mod_inj_count,min_inj_count,tot_inj_count,unk_inj_deg_count,unk_inj_per_count,driver_count_16yr,driver_count_17yr,driver_count_18yr,driver_count_19yr,driver_count_20yr,driver_count_50_64yr,driver_count_65_74yr,driver_count_75plus,unbelted_occ_count,unb_death_count,unb_maj_inj_count,belted_death_count,belted_maj_inj_count,mcycle_death_count,mcycle_maj_inj_count,bicycle_death_count,bicycle_maj_inj_count,ped_count,ped_death_count,ped_maj_inj_count,max_severity_level,comm_veh_count,dec_lat,dec_long,rdwy_surf_type_cd,county_name
29877,356226,2015074967,6,67,67301,2015,6,1,240,2,3,2,1,7,2, , ,N,0,0,0,3,0,0,1,1,N,N,39 58:57.309,75 12:27.900,254, ,240,2,1,4,N, ,0,N, , , , , , , , ,1,1,0,0,0,0,0,0,0,0,0,0,0,0,0,0,0,0,0,1,0,0,0,0,0,0,0,0,0,0,0,0,0,0,0,0,0,39.9826,-75.2078, , 
29878,356227,2015075787,6,67,67301,2015,7,6,1704,17,1,1,0,3,1, , ,N,1,0,0,3,0,1,2,2,N,N,40 03:45.759,75 09:40.460,1710, ,1705, ,0, ,N, ,0, , , , , , , , , ,2,2,0,0,0,0,0,0,0,0,0,0,1,1,0,0,0,0,0,0,0,0,0,0,0,0,0,0,0,0,0,0,0,0,0,8,0,40.0627,-75.1612, , 
29879,356238,2015085291,6,67,67301,2015,8,7,2106,21,3,1,0,4,1, , ,N,1,3,0,3,0,1,6,2,N,N,39 57:39.384,75 14:20.317,1558, ,1558, ,0, ,N, ,3, , , , , , , , , ,2,2,0,0,0,0,0,0,0,0,1,0,1,0,1,0,0,0,0,0,0,0,0,0,0,0,0,0,0,0,0,0,0,0,0,3,0,39.9609,-75.239, , 
29880,356239,2015086214,6,67,67301,2015,8,3,615,6,1,2,1,7,4, , ,N,0,0,0,3,0,1,1,1,N,N,40 01:03.025,75 12:08.038,635, ,626, ,0, ,N, ,0, , , , , , , , , ,1,0,0,0,0,0,1,0,0,0,0,0,1,1,0,0,0,0,0,0,0,0,0,0,0,0,0,0,0,0,0,0,0,0,0,8,0,40.0175,-75.2022, , 
29881,356245,2015095213,6,67,67301,2015,9,7,332,3,3,1,0,5,6, , ,N,0,0,0,3,0,0,3,3,N,N,39 56:10.452,75 13:19.260,410, ,407, ,0, ,N, ,0, , , , , , , , , ,3,2,0,0,0,0,1,0,0,0,0,0,0,0,0,0,0,0,0,0,0,0,0,0,0,0,0,0,0,0,0,0,0,0,0,0,0,39.9362,-75.222, , 
29882,356258,2015103398,6,67,67301,2015,9,1,1225,12,1,1,1,4,1, , ,N,1,3,0,3,0,3,5,2,N, ,40 01:48.288,75 08:34.177,1240, ,1230, ,0, , , ,3, , , , , , , , , ,2,0,0,1,0,0,1,0,0,0,0,1,3,2,0,0,1,0,0,0,0,0,0,0,0,0,0,0,0,0,0,0,0,0,0,4,1,40.0301,-75.1428, , 
29883,356260,2015106460,6,67,67301,2015,10,5,2037,20,2,2,1,4,4, , ,N,1,3,0,3,0,2,3,3,N,N,40 01:20.956,75 09:23.468,2037, ,2037, ,0, ,N, ,3, , , , , , , , , ,3,2,0,0,0,0,1,0,0,0,2,0,2,0,0,0,0,0,0,0,0,0,0,0,0,0,0,0,0,0,0,0,0,0,0,3,0,40.0225,-75.1565, , 
29884,356267,2015115090,6,67,67301,2015,9,3,1545,15,1,2,1,1,1, , ,N,1,2,0,3,0,1,2,2,N, ,39 56:22.379,75 11:53.331,1600, ,1555, ,0, , , ,3, , , , , , , , , ,2,1,0,0,0,0,0,1,0,0,0,0,1,1,0,0,0,0,0,0,0,1,0,2,0,0,0,0,0,0,0,0,0,0,0,8,0,39.9396,-75.1982, , 
29885,356268,2015115214,6,67,67301,2015,10,3,907,9,1,1,0,1,1, , ,N,0,0,0,3,0,1,4,3,N,N,40 00:02.078,75 11:42.322,923, ,919, ,0, ,N, ,0, , , , , , , , , ,3,1,0,0,1,0,1,0,0,0,0,0,1,1,1,0,0,1,0,0,0,0,0,0,0,0,0,0,0,0,0,0,0,0,0,8,0,40.0006,-75.1951, , 
29886,356290,2015130317,6,67,67301,2015,11,7,1430,14,1,1,0,2,1, , ,N,0,0,0,3,0,2,3,2,N,N,40 00:27.255,75 07:53.472,1629, ,1629, ,0, ,N, ,0, , , , , , , , , ,2,1,0,0,0,0,0,1,0,0,0,1,2,1,1,0,0,0,0,0,0,1,0,1,0,0,0,0,0,0,0,0,0,0,0,4,0,40.0076,-75.1315, , 
29887,356291,2015131353,6,67,67301,2015,11,1,720,7,1,2,1,5,6, , ,N,0,0,0,3,0,0,1,2,N,N,39 58:29.647,75 14:36.150,753, ,749, ,0, ,N, ,0, , , , , , , , , ,2,2,0,0,0,0,0,0,0,0,0,0,0,0,0,0,0,0,0,0,0,0,0,0,0,0,0,0,0,0,0,0,0,0,0,0,0,39.9749,-75.2434, , 
29888,356302,2015102065,6,67,67301,2015,9,3,1956,19,3,2,1,1,1, , ,N,0,0,0,3,0,2,3,3,N,N,39 57:53.716,75 08:16.357,2012, ,2000,2,2,2,N, ,0,N, , , , , , , , ,3,3,0,0,0,0,0,0,0,0,2,0,2,0,0,0,0,0,1,0,0,0,0,0,0,0,0,0,0,0,0,0,0,0,0,3,0,39.9649,-75.1379, , 
29889,356309,2015109347,6,67,67301,2015,10,2,2108,21,3,1,0,1,1, , ,N,1,0,0,3,0,1,3,2,N,N,40 00:14.253,75 10:16.427,2145, ,2140, ,0, , , ,0, , , , , , , , , ,2,2,0,0,0,0,0,0,0,0,0,0,1,1,0,0,0,0,0,1,1,0,0,0,0,0,0,0,0,0,0,0,0,0,0,8,0,40.004,-75.1712, , 
29890,356314,2015112110,6,67,67301,2015,10,3,1344,13,1,1,0,1,1, , ,N,1,2,0,3,0,1,3,2,N,N,40 01:51.272,75 05:35.008,1755, ,32, ,0, ,N, ,3, , , , , , , , , ,2,2,0,0,0,0,0,0,0,0,0,0,1,1,0,0,0,0,0,0,1,0,0,0,0,0,0,0,0,0,0,0,0,0,0,8,0,40.0309,-75.0931, , 
29891,356330,2015125261,6,67,67301,2015,11,6,2325,23,3,1,0,7,2, , ,N,0,0,0,3,0,0,1,1,N,N,39 56:08.094,75 11:59.382,2348, ,2343,1,2,4,N, ,0,Y, , , , , , , , ,1,1,0,0,0,0,0,0,0,0,0,0,0,0,1,0,0,0,0,0,0,0,0,0,0,0,0,0,0,0,0,0,0,0,0,9,0,39.9356,-75.1998, , 
29892,356334,2015130276,6,67,67301,2015,11,6,1035,10,1,1,0,5,1, , ,N,1,2,0,3,0,2,3,2,N, ,39 58:26.859,75 12:15.536,1120, ,1105, ,0, , , ,3, , , , , , , , , ,2,0,0,1,0,1,0,0,0,0,0,0,2,2,0,0,0,0,0,0,0,0,0,1,0,0,0,0,0,0,0,0,0,0,0,8,2,39.9741,-75.2043, , 
29893,356347,2016013852,6,67,67301,2015,11,6,815,8,3,1,0,5,1, , ,N,0,0,0,3,0,3,5,2,N,N,39 55:57.500,75 11:41.700,900, ,856, ,0, ,N, ,0, , , , , , , , , ,2,2,0,0,0,0,0,0,0,0,0,2,3,1,1,0,0,0,0,0,0,0,0,0,0,0,0,0,0,0,0,0,0,0,0,4,0,39.9326,-75.1949, , 
29894,353937,2015109310,6,67,67301,2015,10,4,1635,16,1,1,0,1,1, , ,N,0,0,0,3,0,1,5,3,N,N,39 56:36.549,75 08:52.771,1640, ,1640,1,1,3,N, ,0,N, , , , , , , , ,3,2,0,0,0,0,1,0,0,0,0,1,1,0,0,0,0,0,0,0,0,0,0,1,0,0,0,0,0,0,0,0,0,0,0,4,0,39.9435,-75.148, , 
29895,353939,2015114584,6,67,67301,2015,10,3,1620,16,1,1,0,8,1, , ,N,0,0,0,3,0,1,2,2,N, ,40 01:10.040,75 03:30.608,1719, ,1719, ,0, , , ,0, , , , , , , , , ,1,0,0,0,1,0,0,0,0,0,0,1,1,0,0,0,0,0,0,0,1,0,0,0,0,0,0,0,0,0,0,0,1,0,0,4,0,40.0195,-75.0585, , 
29896,353961,2015118146,6,67,67301,2015,10,7,1904,19,3,1,0,7,3, , ,N,0,0,0,3,0,0,4,4,N,N,40 04:16.008,75 02:57.124,1906, ,1905,2,1,1,N, ,0,Y, , , , , , , , ,3,2,0,0,0,0,0,1,0,0,0,0,0,0,1,0,0,0,0,1,1,0,0,0,0,0,0,0,0,0,0,0,0,0,0,9,0,40.0711,-75.0492, , 
29897,353964,2015119712,6,67,67301,2015,10,7,154,1,3,1,0,1,1, , ,N,0,0,0,3,0,0,5,2,N,N,40 02:13.727,75 00:49.562,159, ,157,2,1,1,N, ,0,N, , , , , , , , ,2,2,0,0,0,0,0,0,0,0,0,0,0,0,0,0,0,0,0,0,0,0,0,0,0,0,0,0,0,0,0,0,0,0,0,0,0,40.0371,-75.0138, , 
29898,353996,2015118189,6,67,67301,2015,10,5,121,1,3,1,0,5,6, , ,N,0,0,0,3,0,0,1,8,N,N,39 59:40.052,75 08:15.709,123, ,121, ,0, ,N, ,0, , , , , , , , , ,8,5,0,0,1,0,0,2,0,0,0,0,0,0,1,0,0,0,0,0,0,0,0,0,0,0,0,0,0,0,0,0,0,0,0,9,0,39.9945,-75.1377, , 
29899,354003,2015056651,6,67,67301,2015,5,7,243,2,3,1,0,7,4, , ,N,0,0,0,3,0,2,2,1,N,N,39 56:46.255,75 11:21.079,243, ,243,1,1,4,Y, ,0,N, , , , , , , , ,1,0,0,0,0,0,1,0,0,0,0,2,2,0,0,0,0,0,0,0,0,0,0,0,0,0,0,0,0,0,0,0,0,0,0,4,0,39.9462,-75.1892, , 
29900,354007,2015061923,6,67,67301,2015,5,6,1300,13,1,1,0,8,1, , ,N,1,2,0,3,0,1,2,2,N,N,39 57:12.030,75 11:01.741,1423, ,1349, ,0, ,N, ,3, , , , , , , , , ,1,0,0,0,0,0,1,0,0,0,0,1,1,0,0,0,0,0,0,0,1,0,0,1,0,0,0,0,0,0,0,0,1,0,0,4,0,39.9533,-75.1838, , 
29901,354020,2015081085,6,67,67301,2015,7,3,2357,23,3,1,0,5,1, , ,N,0,0,0,3,0,1,2,2,N,N,39 57:30.127,75 08:15.795,3, ,23,3,2,1,N, ,0,N, , , , , , , , ,2,2,0,0,0,0,0,0,0,0,0,0,1,1,0,0,0,0,0,0,0,0,0,0,0,0,0,0,0,0,0,0,0,0,0,8,0,39.9584,-75.1377, , 
29902,354024,2015084465,6,67,67301,2015,7,2,2140,21,3,1,0,1,1, , ,N,1,2,0,3,0,0,2,2,N,N,40 01:47.231,75 05:16.817,2145, ,2140,1,1,2,N, ,3,N, , , , , , , , ,2,0,1,0,0,0,1,0,0,0,0,0,0,0,0,0,0,0,0,0,0,0,0,0,0,0,0,0,0,0,0,0,0,0,0,0,0,40.0298,-75.088, , 
29903,354037,2015096332,6,67,67301,2015,9,2,1240,12,1,1,0,0,1, , ,N,0,0,0,3,0,1,1,1,N,N,39 57:27.706,75 09:37.907,1248, ,1240, ,0, ,N, ,0, , , , , , , , , ,1,0,1,0,0,0,0,0,0,0,0,1,1,0,0,0,0,0,0,0,0,0,0,0,0,0,0,0,0,0,0,0,0,0,0,4,0,39.9577,-75.1605, , 
29904,354043,2015086262,6,67,67301,2015,7,6,1550,15,1,1,0,5,1, , ,N,0,0,0,3,0,1,2,3,N,N,39 56:08.980,75 10:31.699,1609, ,1555,2,2,2,N, ,0,Y, , , , , , , , ,3,1,0,1,0,0,1,0,0,0,1,0,1,0,0,0,0,0,0,0,0,0,0,0,0,0,0,0,0,0,0,0,0,0,0,3,1,39.9358,-75.1755, , 
29905,354060,2015106307,6,67,67301,2015,10,1,705,7,1,1,0,7,1, , ,N,0,0,3,3,0,0,1,1,N,N,39 57:09.359,75 08:55.101,908, ,705, ,0, ,N, ,0, , , , , , , , , ,1,1,0,0,0,0,0,0,0,0,0,0,0,0,0,0,0,0,0,0,0,0,0,0,0,0,0,0,0,0,0,0,0,0,0,0,0,39.9526,-75.1486, , 
29906,354075,2015114580,6,67,67301,2015,10,2,958,9,1,1,0,8,1, , ,N,0,0,0,3,0,1,2,2,N,N,40 07:13.299,75 01:12.392,1002, ,958, ,0, , , ,0, , , , , , , , , ,1,0,0,0,0,0,0,0,0,0,0,1,1,0,0,0,0,0,0,0,1,0,0,0,0,0,0,0,0,0,0,0,1,0,0,4,0,40.1204,-75.0201, , 
29907,354085,2015125129,6,67,67301,2015,10,2,1927,19,3,1,0,4,1, , ,N,1,2,0,3,0,0,3,2,N,N,40 00:04.594,75 13:35.224,1929, ,1927,2,1,2,N, ,3,N, , , , , , , , ,2,1,0,0,0,0,1,0,0,0,0,0,0,0,0,0,0,0,0,0,1,0,0,0,0,0,0,0,0,0,0,0,0,0,0,0,0,40.0012,-75.2264, , 
29908,354104,2015051968,6,67,67301,2015,4,5,9999,99,1,1,0,1,1, , ,N,1,2,0,3,0,0,2,2,N, ,40 02:34.252,75 03:47.603,1640, ,1630,1,1,2, , ,3,Y, , , , , , , , ,2,0,0,0,1,0,1,0,0,0,0,0,0,0,0,0,0,0,0,0,1,1,0,0,0,0,0,0,0,0,0,0,0,0,0,0,0,40.0428,-75.0631, , 
29909,354107,2015056548,6,67,67301,2015,5,6,1116,11,1,1,0,7,5, , ,N,1,3,0,3,0,0,2,2,N,N,40 03:27.000,75 03:06.555,1132, ,1132, ,0, , , ,3, , , , , , , , , ,1,0,0,0,0,0,1,0,0,0,0,0,0,0,0,0,0,0,0,0,1,0,0,0,0,0,0,0,0,0,0,0,0,0,0,0,0,40.0575,-75.0518, , 
29910,354111,2015061244,6,67,67301,2015,5,5,955,9,1,2,1,7,2, , ,N,0,8,0,3,0,10,47,1,Y,N,39 58:44.885,75 12:13.450,959, ,955,3,2,3,Y, ,3,N, , , , , , , , ,1,0,0,1,0,0,0,0,0,0,0,10,10,0,1,0,0,0,0,0,0,0,0,0,0,0,0,0,0,0,0,0,0,0,0,4,1,39.9791,-75.2037, , 
29911,354116,2015066214,6,67,67301,2015,6,6,1715,17,1,1,0,1,1, , ,N,0,0,0,3,0,1,2,2,N, ,40 03:21.166,75 05:21.971,1753, ,1743, ,0, , , ,0, , , , , , , , , ,2,0,0,0,0,0,0,2,0,0,0,0,1,1,1,0,0,0,0,0,1,0,0,0,0,0,0,0,0,0,0,0,0,0,0,8,0,40.0559,-75.0894, , 
29912,354117,2015066220,6,67,67301,2015,6,1,1730,17,1,1,0,4,1, , ,N,1,3,0,3,0,1,2,2,N,N,40 03:08.005,75 03:21.585,1744, ,1743,1,2,6,N, ,3,N, , , , , , , , ,2,2,0,0,0,0,0,0,0,0,0,1,1,0,0,0,0,0,0,0,2,0,0,0,0,0,0,0,0,0,0,0,0,0,0,4,0,40.0522,-75.056, , 
29913,348198,2015073467,6,67,67301,2015,7,5,814,8,1,2,1,1,1, , ,N,6,0,2,3,0,1,2,2,N,N,39 53:56.745,75 10:42.154,814, ,814, ,0, ,N, ,0, , , , , , , , , ,2,2,0,0,0,0,0,0,0,0,0,0,1,1,0,0,0,0,0,1,0,0,0,0,0,0,0,0,0,0,0,0,0,0,0,8,0,39.8991,-75.1784, , 
29914,348200,2015075292,6,67,67301,2015,7,1,631,6,1,1,0,1,1, , ,N,0,0,0,3,0,2,2,2,N,N,40 00:58.701,75 10:31.772,639, ,631, ,0, ,N, ,0, , , , , , , , , ,2,1,0,0,0,0,1,0,0,0,0,2,2,0,0,0,0,0,0,0,0,0,0,0,0,0,0,0,0,0,0,0,0,0,0,4,0,40.0163,-75.1755, , 
29915,348208,2015068041,6,67,67301,2015,6,5,1144,11,1,2,1,1,1, , ,N,0,0,0,3,0,1,4,3,N,N,39 59:42.896,75 05:01.016,1210, ,1155, ,0, ,N, ,0, , , , , , , , , ,3,3,0,0,0,0,0,0,0,0,0,0,1,1,0,0,0,0,0,0,1,0,0,0,0,0,0,0,0,0,0,0,0,0,0,8,0,39.9952,-75.0836, , 
29916,348209,2015068059,6,67,67301,2015,6,1,1527,15,1,1,0,1,1, , ,N,0,0,0,3,0,0,2,2,N,N,39 57:57.618,75 11:12.289,1550, ,1539,1,1,3,N, ,0,N, , , , , , , , ,2,0,0,0,0,0,2,0,0,0,0,0,0,0,0,0,0,0,0,0,0,0,0,0,0,0,0,0,0,0,0,0,0,0,0,0,0,39.966,-75.1867, , 
29917,348232,2015099138,6,67,67301,2015,9,4,1230,12,1,1,0,4,1, , ,N,3,0,0,3,0,2,2,2,N, ,39 54:46.109,75 08:26.446,1300, ,1250,1,1,4, , ,0,N, , , , , , , , ,2,2,0,0,0,0,0,0,0,0,0,0,2,2,0,0,0,0,0,0,0,0,0,0,0,0,0,0,0,0,0,0,0,0,0,8,0,39.9128,-75.1407, , 
29918,348237,2015106467,6,67,67301,2015,9,3,1135,11,1,1,0,8,1, , ,N,0,0,0,3,0,1,2,2,N,N,39 59:48.279,75 10:02.182,1147, ,1142, ,0, ,N, ,0, , , , , , , , , ,1,1,0,0,0,0,0,0,0,0,0,1,1,0,0,0,0,0,0,0,0,0,1,0,0,0,0,0,0,0,0,0,1,0,0,4,0,39.9967,-75.1673, , 
29919,348240,2015108881,6,67,67301,2015,9,3,2350,23,3,2,1,7,4, , ,N,0,0,0,3,0,0,1,1,N,N,39 57:00.787,75 08:30.105,1, ,2350,2,1,2,N, ,0,N, , , , , , , , ,1,1,0,0,0,0,0,0,0,0,0,0,0,0,0,0,0,0,0,0,0,0,0,0,0,0,0,0,0,0,0,0,0,0,0,0,0,39.9502,-75.1417, , 
29920,348256,2016002383,6,67,67301,2015,12,4,639,6,3,6,1,2,1, , ,N,1,2,0,3,0,1,2,2,N,N,40 00:46.940,75 07:10.109,655, ,654, ,0, ,N, ,3, , , , , , , , , ,2,2,0,0,0,0,0,0,0,0,0,0,1,1,1,0,0,0,0,0,0,0,0,0,0,0,0,0,0,0,0,0,0,0,0,8,0,40.013,-75.1194, , 
29921,348257,2016005074,6,67,67301,2015,12,4,2210,22,3,2,1,8,1, , ,N,1,2,0,3,0,1,2,2,N,N,39 58:14.458,75 13:57.305,2220, ,2211, ,0, ,N, ,3, , , , , , , , , ,1,1,0,0,0,0,0,0,0,0,0,0,1,1,0,0,0,0,0,0,1,0,0,0,0,0,0,0,0,0,0,0,1,0,0,8,0,39.9707,-75.2326, , 
29922,348268,2015112115,6,67,67301,2015,10,6,1146,11,1,1,0,5,6, , ,N,0,0,7,3,0,1,2,2,N,N,40 04:31.963,75 02:00.362,1146, ,1144, ,0, ,N, ,0, , , , , , , , , ,2,1,1,0,0,0,0,0,0,0,0,0,1,1,1,0,0,0,0,1,0,0,1,0,0,0,0,0,0,0,0,0,0,0,0,8,0,40.0755,-75.0334, , 
29923,348270,2015115141,6,67,67301,2015,10,4,1740,17,1,1,0,8,1, , ,N,0,0,0,3,0,1,2,3,N, ,39 59:02.436,75 08:11.255,1750, ,1740, ,0, , , ,0, , , , , , , , , ,2,1,0,0,0,0,1,0,0,0,0,1,1,0,0,0,0,0,0,0,0,0,0,0,0,0,0,0,0,0,0,0,1,0,0,4,0,39.984,-75.1365, , 
29924,348275,2015118156,6,67,67301,2015,10,1,1800,18,3,1,0,1,6, , ,N,0,0,0,3,0,2,4,3,N,N,39 56:50.073,75 14:02.561,1836, ,1832, ,0, ,N, ,0, , , , , , , , , ,3,2,0,0,0,0,1,0,0,0,0,2,2,0,0,0,0,0,0,0,0,1,0,0,0,0,0,0,0,0,0,0,0,0,0,4,0,39.9472,-75.234, , 
29925,348279,2015125409,6,67,67301,2015,12,3,1750,17,3,2,1,1,1, , ,N,0,0,0,3,0,2,3,2,N,N,40 02:23.602,75 00:24.286,1750, ,1750,1,2,2,N, ,0,N, , , , , , , , ,2,2,0,0,0,0,0,0,0,0,0,0,2,2,0,0,0,0,0,0,0,0,0,0,0,0,0,0,0,0,0,0,0,0,0,8,0,40.0399,-75.0067, , 
29926,348285,2015130257,6,67,67301,2015,11,2,623,6,1,1,0,7,4, , ,N,0,0,0,3,0,1,2,1,N,N,40 04:09.072,75 02:21.982,635, ,625, ,0, ,Y, ,0, , , , , , , , , ,1,0,0,0,0,0,1,0,0,0,0,1,1,0,0,0,0,0,0,0,1,0,0,2,0,0,0,0,0,0,0,0,0,0,0,4,0,40.0692,-75.0394, , 
29927,348286,2015131245,6,67,67301,2015,12,6,1048,10,1,1,0,5,1, , ,N,0,0,0,3,0,1,1,3,N,N,40 04:16.327,75 09:17.959,1052, ,1051, ,0, ,N, ,0, , , , , , , , , ,3,2,0,0,0,0,0,1,0,0,0,0,1,1,0,0,0,0,0,0,0,0,0,0,0,0,0,0,0,0,0,0,0,0,0,8,0,40.0712,-75.155, , 
29928,348302,2015083442,6,67,67301,2015,7,5,2234,22,3,1,0,4,1, , ,N,1,2,0,3,0,2,4,2,N, ,39 54:57.588,75 09:52.288,2236, ,2236,1,2,1, , ,3,Y, , , , , , , , ,2,1,0,0,0,0,1,0,0,0,0,1,2,1,2,0,1,0,0,0,0,0,0,1,0,0,0,0,0,0,0,0,0,0,0,4,0,39.9159,-75.1645, , 
29929,348303,2015084431,6,67,67301,2015,8,7,1035,10,1,1,0,4,1, , ,N,1,2,0,3,0,1,2,2,N,N,40 03:08.516,75 14:10.540,1039, ,1037, ,0, ,N, ,3, , , , , , , , , ,2,1,0,0,1,0,0,0,0,0,0,1,1,0,0,0,0,0,0,0,1,1,0,0,0,0,0,0,0,0,0,0,0,0,0,4,0,40.0524,-75.2363, , 
29930,348339,2015056666,6,67,67301,2015,5,2,1705,17,1,1,0,1,1, , ,N,0,0,0,3,0,2,3,3,N,N,39 59:55.297,75 11:43.767,1726, ,1722, ,0, ,N, ,0, , , , , , , , , ,3,0,0,0,1,0,2,0,0,0,0,2,2,0,0,0,0,0,0,0,1,0,0,0,0,0,0,0,0,0,0,0,0,0,0,4,0,39.9987,-75.1955, , 
29931,351106,2015109306,6,67,67301,2015,10,7,1635,16,1,2,1,8,1, , ,N,0,0,7,3,0,1,2,2,N,N,40 02:46.900,75 03:18.800,1642, ,1635, ,0, , , ,0, , , , , , , , , ,1,1,0,0,0,0,0,0,0,0,0,1,1,0,0,0,0,0,0,0,0,0,0,0,0,0,0,0,0,0,0,0,1,0,0,4,0,40.0464,-75.0552, , 
29932,351110,2015112149,6,67,67301,2015,10,5,2239,22,3,1,1,8,1, , ,N,1,2,0,3,0,1,2,2,N,N,39 56:02.036,75 08:50.171,2242, ,2241, ,0, ,N, ,3, , , , , , , , , ,1,1,0,0,0,0,0,0,0,0,0,1,1,0,0,0,0,0,0,0,0,0,0,0,0,0,0,0,0,0,0,0,1,0,0,4,0,39.9339,-75.1473, , 
29933,351124,2015128598,6,67,67301,2015,11,7,2330,23,3,1,0,7,4, , ,N,0,0,0,3,0,0,1,1,N, ,40 00:17.557,75 08:11.814,2334, ,2332, ,0, , , ,0, , , , , , , , , ,1,0,0,0,0,0,1,0,0,0,0,0,0,0,0,0,0,0,0,0,0,0,0,1,0,0,0,0,0,0,0,0,0,0,0,0,0,40.0049,-75.1366, , 
29934,351126,2015130008,6,67,67301,2015,10,7,1230,12,1,1,0,5,1, , ,N,0,0,0,3,0,1,3,2,N,N,39 56:33.822,75 09:29.410,1250, ,1245, ,0, ,N, ,0, , , , , , , , , ,1,1,0,0,0,0,0,0,1,0,0,1,1,0,2,0,0,0,0,0,0,0,0,1,0,0,0,0,0,0,0,0,0,0,0,4,0,39.9427,-75.1582, , 
29935,351130,2015133383,6,67,67301,2015,11,7,2052,20,3,1,0,7,2, , ,N,6,0,0,3,0,0,1,1,N,N,39 57:35.399,75 10:42.496,2110, ,2104, ,0, ,N, ,0, , , , , , , , , ,1,0,0,0,0,0,1,0,0,0,0,0,0,0,0,0,0,0,0,0,0,0,0,0,0,0,0,0,0,0,0,0,0,0,0,0,0,39.9598,-75.1785, , 
29936,351136,2015130254,6,67,67301,2015,11,3,1228,12,1,2,1,4,1, , ,N,0,0,7,3,0,2,3,2,N, ,40 04:39.355,75 01:26.412,1249, ,1243, ,0, , , ,0, , , , , , , , , ,2,1,0,0,0,0,1,0,0,0,0,2,2,0,0,0,0,0,0,0,0,0,1,0,0,0,0,0,0,0,0,0,0,0,0,4,0,40.0776,-75.024, , 
29937,351142,2015135857,6,67,67301,2015,12,6,2030,20,3,1,0,1,1, , ,N,1,4,0,3,0,1,3,2,N,N,40 03:28.059,75 00:31.473,2155, ,2142, ,0, , , ,3, , , , , , , , , ,2,2,0,0,0,0,0,0,0,0,0,0,1,1,2,0,0,0,0,0,1,0,0,0,0,0,0,0,0,0,0,0,0,0,0,8,0,40.0578,-75.0087, , 
29938,351144,2015133911,6,67,67301,2015,12,5,837,8,1,1,0,1,1, , ,N,0,0,0,3,0,1,2,2,N,N,39 57:35.815,75 08:26.893,908, ,845, ,0, ,N, ,0, , , , , , , , , ,2,0,0,0,0,0,0,2,0,1,0,0,1,0,0,0,0,0,0,0,1,0,0,0,0,0,0,1,0,0,0,0,0,0,0,2,0,39.9599,-75.1408, , 
29939,351160,2015114609,6,67,67301,2015,10,1,759,7,1,2,1,4,1, , ,N,3,3,0,3,0,2,3,2,N, ,40 04:13.793,75 09:18.678,810, ,803, ,0, , , ,3, , , , , , , , , ,2,2,0,0,0,0,0,0,0,0,0,0,2,2,1,0,0,0,0,0,1,0,0,0,0,0,0,0,0,0,0,0,0,0,0,8,0,40.0705,-75.1552, , 
29940,351161,2015115019,6,67,67301,2015,9,4,2116,21,1,2,1,8,1, , ,N,1,2,0,3,0,1,2,2,N,N,39 57:07.498,75 12:20.102,2118, ,2116, ,0, ,N, ,3, , , , , , , , , ,1,1,0,0,0,0,0,0,0,0,1,0,1,0,0,0,0,0,0,0,1,0,0,0,0,0,0,0,0,0,0,0,1,0,0,3,0,39.9521,-75.2056, , 
29941,351164,2015119709,6,67,67301,2015,10,6,523,5,3,1,0,7,3, , ,N,0,0,0,3,0,2,2,1,N,N,39 55:30.581,75 11:35.978,532, ,523,2,1,4,N, ,0,N, , , , , , , , ,1,1,0,0,0,0,0,0,0,1,1,0,2,0,0,0,0,0,1,0,0,0,0,1,0,1,0,0,0,0,0,0,0,0,0,2,0,39.9252,-75.1933, , 
29942,351174,2015131281,6,67,67301,2015,11,5,1953,19,3,1,0,7,4, , ,N,2,0,0,3,0,1,1,1,N,Y,40 01:04.263,75 04:03.975,2004, ,1956,3,1,3,N, ,0,Y, , , , , , , , ,1,1,0,0,0,0,0,0,0,0,0,1,1,0,0,0,0,0,0,0,0,0,0,0,0,0,0,0,0,0,0,0,0,0,0,4,0,40.0179,-75.0678, , 
29943,351183,2016007610,6,67,67301,2015,12,5,1232,12,1,2,1,4,1, , ,N,0,0,0,3,0,0,2,4,N,N,39 58:11.303,75 12:41.379,1247, ,1238, ,0, ,N, ,0, , , , , , , , , ,4,4,0,0,0,0,0,0,0,0,0,0,0,0,1,0,0,0,0,0,0,0,0,0,0,0,0,0,0,0,0,0,0,0,0,9,0,39.9698,-75.2115, , 
29944,351198,2015074996,6,67,67301,2015,7,6,937,9,1,1,0,1,1,1,2,Y,0,0,0,3,0,1,3,2,N,N,40 01:39.764,75 01:28.787,1002,45,941,1,2,2,N, ,0,N,Y,N,N,N,N,N,Y,N,2,0,0,0,0,0,2,0,0,0,0,1,1,0,0,0,0,0,0,0,0,1,0,0,0,0,0,0,0,0,0,0,0,0,0,4,0,40.0277,-75.0247, , 