objectid_1,objectid,crn,district,county,municipality,crash_year,crash_month,day_of_week,time_of_day,hour_of_day,illumination,weather,road_condition,collision_type,relation_to_road,work_zone_type,work_zone_loc,work_zone_ind,intersect_type,tcd_type,location_type,urban_rural,fatal_count,injury_count,person_count,total_units,sch_bus_ind,sch_zone_ind,latitude,longitude,arrival_tm,cons_zone_spd_lim,dispatch_tm,est_hrs_closed,lane_closed,ln_close_dir,ntfy_hiwy_maint,spec_juris_cd,tcd_func_cd,tfc_detour_ind,workers_pres,wz_close_detour,wz_flagger,wz_law_offcr_ind,wz_ln_closure,wz_moving,wz_other,wz_shlder_mdn,vehicle_count,automobile_count,motorcycle_count,bus_count,small_truck_count,heavy_truck_count,suv_count,van_count,bicycle_count,maj_inj_count,mod_inj_count,min_inj_count,tot_inj_count,unk_inj_deg_count,unk_inj_per_count,driver_count_16yr,driver_count_17yr,driver_count_18yr,driver_count_19yr,driver_count_20yr,driver_count_50_64yr,driver_count_65_74yr,driver_count_75plus,unbelted_occ_count,unb_death_count,unb_maj_inj_count,belted_death_count,belted_maj_inj_count,mcycle_death_count,mcycle_maj_inj_count,bicycle_death_count,bicycle_maj_inj_count,ped_count,ped_death_count,ped_maj_inj_count,max_severity_level,comm_veh_count,dec_lat,dec_long,rdwy_surf_type_cd,county_name
30012,351346,2016007551,6,67,67301,2015,12,5,1755,17,3,5,1,4,1, , ,N,1,3,0,3,0,0,3,2,N,N,39 56:56.040,75 14:44.033,1808, ,1806, ,0, ,N, ,3, , , , , , , , , ,2,1,0,0,0,0,1,0,0,0,0,0,0,0,0,0,0,0,0,0,0,0,0,0,0,0,0,0,0,0,0,0,0,0,0,0,0,39.9489,-75.2456, , 
30013,351358,2015066334,6,67,67301,2015,6,3,2130,21,3,1,0,1,1, , ,N,1,2,0,3,0,1,3,2,N, ,39 55:17.779,75 08:53.544,2208, ,2157, ,0, , , ,3, , , , , , , , , ,2,1,0,0,0,0,1,0,0,0,0,1,1,0,2,0,0,0,0,0,1,0,0,0,0,0,0,0,0,0,0,0,0,0,0,4,0,39.9216,-75.1482, , 
30014,351385,2015092562,6,67,67301,2015,8,2,1549,15,1,1,0,1,1, , ,N,0,0,0,3,0,2,5,4,N,N,39 56:12.400,75 11:57.045,1557, ,1550,2,1,4,N, ,0,N, , , , , , , , ,4,3,0,0,0,0,1,0,0,0,0,0,2,2,0,0,0,0,0,0,0,0,0,0,0,0,0,0,0,0,0,0,0,0,0,8,0,39.9368,-75.1992, , 
30015,351405,2015108086,6,67,67301,2015,10,3,938,9,1,1,0,1,1, , ,N,7,3,2,3,0,1,2,2,N,N,39 59:24.547,75 05:13.743,1026, ,942, ,0, ,N, ,3, , , , , , , , , ,2,2,0,0,0,0,0,0,0,0,0,1,1,0,0,0,0,0,0,0,0,0,0,0,0,0,0,0,0,0,0,0,0,0,0,4,0,39.9931,-75.0852, , 
30016,351433,2015136384,6,67,67301,2015,12,1,1600,16,1,1,0,4,1, , ,N,1,2,0,3,0,1,5,2,N, ,40 00:11.036,75 09:51.469,1601, ,1600,9,1,2, , ,3,N, , , , , , , , ,2,2,0,0,0,0,0,0,0,0,0,0,1,1,2,0,0,0,0,0,0,0,0,0,0,0,0,0,0,0,0,0,0,0,0,8,0,40.0031,-75.1643, , 
30017,351438,2015062723,6,67,67301,2015,5,7,1855,18,1,1,0,4,1, , ,N,5,2,0,3,0,1,5,2,N, ,40 00:48.913,75 04:06.725,1900, ,1900,9,1,1, , ,3,N, , , , , , , , ,2,1,0,0,0,0,0,1,0,0,0,1,1,0,0,0,0,0,0,0,1,0,0,0,0,0,0,0,0,0,0,0,0,0,0,4,0,40.0136,-75.0685, , 
30018,351454,2015083996,6,67,67301,2015,8,2,1240,12,1,1,0,1,1, , ,N,7,0,2,3,0,1,3,2,N,N,39 59:21.294,75 12:23.365,1257, ,1241, ,0, ,N, ,0, , , , , , , , , ,2,2,0,0,0,0,0,0,0,0,0,1,1,0,1,0,0,0,0,0,0,0,0,0,0,0,0,0,0,0,0,0,0,0,0,4,0,39.9892,-75.2065, , 
30019,351462,2015092382,6,23,23111,2015,9,4,830,8,1,1,0,1,1, , ,N,0,0,1,3,0,0,2,2,N,N,39 57:45.865,75 14:51.538,830, ,830,1,1,3,N, ,0,N, , , , , , , , ,2,2,0,0,0,0,0,0,0,0,0,0,0,0,0,0,0,0,0,0,1,0,0,0,0,0,0,0,0,0,0,0,0,0,0,0,0,39.9627,-75.2476, , 
30020,351467,2015098965,6,67,67301,2015,9,2,38,0,3,1,0,4,1, , ,N,1,3,0,3,0,1,2,2,N, ,40 03:03.758,75 05:53.505,55, ,50,1,1,1, , ,3,Y, , , , , , , , ,2,1,0,0,0,0,1,0,0,0,0,1,1,0,1,0,0,0,0,0,0,0,0,0,0,0,0,0,0,0,0,0,0,0,0,4,0,40.051,-75.0982, , 
30021,351512,2015099134,6,67,67301,2015,9,5,630,6,1,2,1,7,4, , ,N,0,0,0,3,0,1,1,1,N, ,39 58:26.584,75 11:26.803,654, ,637,9,1,1,N, ,0,N, , , , , , , , ,1,1,0,0,0,0,0,0,0,0,0,0,1,1,0,0,0,0,0,0,0,0,0,0,0,0,0,0,0,0,0,0,0,0,0,8,0,39.9741,-75.1908, , 
30022,356569,2015120999,6,67,67301,2015,10,5,1300,13,1,1,0,4,1, , ,N,1,2,0,3,0,1,2,2,N, ,40 01:58.442,75 06:24.270,1355, ,1353, ,0, , , ,3, , , , , , , , , ,2,0,0,0,0,0,2,0,0,0,0,1,1,0,0,0,0,0,0,0,1,0,0,1,0,0,0,0,0,0,0,0,0,0,0,4,0,40.0329,-75.1067, , 
30023,356588,2015135844,6,67,67301,2015,11,4,1949,19,3,1,0,4,1, , ,N,2,3,0,3,0,1,2,2,N,N,39 57:05.268,75 13:35.927,1952, ,1951, ,0, ,N, ,3, , , , , , , , , ,2,2,0,0,0,0,0,0,0,0,0,1,1,0,0,0,0,0,0,0,1,0,0,0,0,0,0,0,0,0,0,0,0,0,0,4,0,39.9513,-75.2267, , 
30024,356589,2015135845,6,67,67301,2015,11,6,1915,19,3,1,0,1,1, , ,N,2,2,0,3,0,3,5,2,N,N,39 57:00.419,75 14:57.778,1922, ,1921, ,0, ,N, ,3, , , , , , , , , ,2,2,0,0,0,0,0,0,0,0,0,3,3,0,0,0,0,0,0,0,0,0,0,0,0,0,0,0,0,0,0,0,0,0,0,4,0,39.9501,-75.2494, , 
30025,356606,2015099064,6,67,67301,2015,9,4,840,8,1,1,0,8,1, , ,N,1,3,0,3,0,1,2,2,N,N,39 56:28.286,75 08:44.656,920, ,900, ,0, ,N, ,3, , , , , , , , , ,1,1,0,0,0,0,0,0,0,0,0,1,1,0,0,0,0,0,0,0,0,0,0,0,0,0,0,0,0,0,0,0,1,0,0,4,0,39.9412,-75.1457, , 
30026,356621,2015114536,6,67,67301,2015,10,6,2242,22,3,1,0,1,1, , ,N,1,2,0,3,0,2,3,2,N, ,40 06:16.480,75 00:08.268,2247, ,2243,1,2,2, , ,3,Y, , , , , , , , ,2,1,0,0,0,0,0,1,0,0,0,1,2,1,0,0,0,0,0,0,0,0,0,0,0,0,0,0,0,0,0,0,0,0,0,4,0,40.1044,-75.0021, , 
30027,356631,2015130249,6,67,67301,2015,10,6,1200,12,1,1,0,5,1, , ,N,0,0,0,3,0,1,2,2,N,N,39 57:15.054,75 12:10.903,1308, ,307, ,0, ,N, ,0, , , , , , , , , ,1,0,0,0,0,0,0,1,1,0,1,0,1,0,0,0,0,0,0,0,1,0,0,1,0,0,0,0,0,0,0,0,0,0,0,3,0,39.9542,-75.203, , 
30028,356647,2015088671,6,67,67301,2015,8,7,2118,21,3,1,0,4,1, , ,N,0,0,0,3,0,1,4,2,N,N,39 59:40.945,75 05:51.326,2135, ,2134, ,0, , , ,0, , , , , , , , , ,1,1,0,0,0,0,0,0,1,0,0,1,1,0,0,0,0,0,0,0,0,0,0,0,0,0,0,0,0,0,0,0,0,0,0,4,0,39.9947,-75.0976, , 
30029,356652,2015091121,6,67,67301,2015,8,3,602,6,1,2,1,4,1, , ,N,1,2,0,3,0,3,3,2,N, ,39 59:06.403,75 14:50.558,602, ,606, ,0, , , ,3, , , , , , , , , ,2,1,0,0,1,0,0,0,0,0,0,3,3,0,0,0,0,0,0,0,1,0,0,0,0,0,0,0,0,0,0,0,0,0,0,4,0,39.9851,-75.2474, , 
30030,356656,2015095751,6,67,67301,2015,8,6,723,7,1,1,0,4,5, , ,N,1,2,0,3,0,0,1,2,N,N,40 05:22.585,75 03:25.253,728, ,724,3,2,6,N, ,3,Y, , , , , , , , ,2,0,0,0,0,0,2,0,0,0,0,0,0,0,0,0,0,0,0,0,0,0,0,0,0,0,0,0,0,0,0,0,0,0,0,0,0,40.0896,-75.057, , 
30031,356658,2015097624,6,67,67301,2015,9,3,543,5,1,1,0,7,2, , ,N,0,0,0,3,0,0,1,1,N,N,40 02:12.936,75 00:48.924,636, ,548, ,0, ,N, ,0, , , , , , , , , ,1,0,0,0,0,0,1,0,0,0,0,0,0,0,0,0,0,0,0,0,0,0,0,0,0,0,0,0,0,0,0,0,0,0,0,0,0,40.0369,-75.0136, , 
30032,356665,2015106191,6,67,67301,2015,10,6,1157,11,1,2,7,4,1, , ,N,0,0,0,3,0,1,2,2,N,N,40 02:22.480,75 00:24.637,1208, ,1158,2,2,1,Y, ,0,N, , , , , , , , ,2,0,0,0,1,1,0,0,0,0,0,1,1,0,0,0,0,0,0,0,0,0,1,0,0,0,0,0,0,0,0,0,0,0,0,4,1,40.0396,-75.0068, , 
30033,356692,2015078294,6,67,67301,2015,7,4,1243,12,1,9,1,1,1, , ,N,0,0,6,3,0,1,3,2,N,N,40 00:54.775,75 10:37.437,1250, ,1245,1,1,1,N, ,0,Y, , , , , , , , ,2,2,0,0,0,0,0,0,0,0,0,1,1,0,0,0,0,0,0,0,1,0,0,0,0,0,0,0,0,0,0,0,0,0,0,4,0,40.0152,-75.1771, , 
30034,356698,2015083995,6,67,67301,2015,8,2,943,9,1,1,0,5,1, , ,N,0,0,0,3,0,1,2,2,N,N,39 55:56.823,75 12:00.056,1016, ,945, ,0, ,N, ,0, , , , , , , , , ,2,1,0,0,0,1,0,0,0,0,0,1,1,0,0,0,0,0,0,0,0,0,0,0,0,0,0,0,0,0,0,0,0,0,0,4,1,39.9325,-75.2, , 
30035,356721,2015112094,6,67,67301,2015,10,4,916,9,1,9,0,8,1, , ,N,1,2,0,3,0,1,2,2,N,N,40 05:57.051,75 00:44.384,917, ,916, ,0, ,N, ,3, , , , , , , , , ,1,1,0,0,0,0,0,0,0,0,0,1,1,0,0,0,0,0,0,0,0,0,0,0,0,0,0,0,0,0,0,0,1,0,0,4,0,40.0992,-75.0123, , 
30036,356753,2015121075,6,67,67301,2015,10,7,1443,14,1,1,0,1,1, , ,N,0,0,0,3,0,3,5,2,N,N,40 01:19.228,75 08:17.154,1511, ,1445, ,0, ,N, ,0, , , , , , , , , ,2,1,0,0,0,0,0,1,0,0,1,2,3,0,1,0,0,0,0,0,0,1,0,4,0,0,0,0,0,0,0,0,0,0,0,3,0,40.022,-75.1381, , 
30037,356764,2015135925,6,67,67301,2015,12,5,1551,15,1,1,0,4,1, , ,N,1,3,0,3,0,1,2,2,N, ,40 03:01.335,75 04:59.933,1555, ,1553, ,0, , , ,3, , , , , , , , , ,2,1,0,0,0,0,0,1,0,0,0,1,1,0,0,0,0,0,0,0,2,0,0,1,0,0,0,0,0,0,0,0,0,0,0,4,0,40.0504,-75.0833, , 
30038,356767,2016050431,6,67,67301,2015,1,5,1445,14,1,1,0,3,1, , ,N,1,2,0,3,0,1,2,2,N,N,39 59:38.228,75 10:45.289,0, ,0, ,0, ,N, ,3, , , , , , , , , ,2,1,0,0,0,0,0,0,0,0,0,0,1,1,0,0,0,0,0,0,1,0,0,1,0,0,0,0,0,0,0,0,0,0,0,8,0,39.994,-75.1792, , 
30039,356788,2015109297,6,67,67301,2015,10,4,1450,14,1,1,0,5,1, , ,N,1,2,0,3,0,1,5,2,N, ,40 00:20.131,75 06:11.812,1645, ,1638, ,0, , , ,3, , , , , , , , , ,2,2,0,0,0,0,0,0,0,0,0,1,1,0,0,0,0,0,0,1,1,0,0,0,0,0,0,0,0,0,0,0,0,0,0,4,0,40.0056,-75.1033, , 
30040,354355,2016002355,6,67,67301,2015,12,6,1933,19,3,1,0,1,1, , ,N,0,0,0,3,0,2,5,3,N,N,40 02:45.570,75 03:25.480,2002, ,2000, ,0, , , ,0, , , , , , , , , ,3,3,0,0,0,0,0,0,0,0,0,2,2,0,0,0,0,1,0,0,0,0,0,0,0,0,0,0,0,0,0,0,0,0,0,4,0,40.046,-75.0571, , 
30041,354356,2016008597,6,67,67301,2015,12,4,730,7,1,1,0,1,1, , ,N,1,2,0,3,0,1,2,2,N, ,39 55:20.514,75 11:13.437,745, ,745,1,1,3, , ,3,N, , , , , , , , ,2,1,0,0,0,1,0,0,0,0,0,1,1,0,0,0,0,0,0,0,1,0,0,0,0,0,0,0,0,0,0,0,0,0,0,4,1,39.9223,-75.1871, , 
30042,354357,2015109286,6,67,67301,2015,10,6,800,8,1,2,1,4,1, , ,N,1,2,0,3,0,1,3,3,N, ,39 58:02.768,75 10:46.516,807, ,803, ,0, , , ,3, , , , , , , , , ,2,2,0,0,0,0,0,0,0,0,0,1,1,0,0,0,0,0,0,0,0,0,0,0,0,0,0,0,0,0,0,0,1,0,0,4,0,39.9675,-75.1799, , 
30043,354364,2015117651,6,67,67301,2015,10,6,1930,19,3,1,0,4,1, , ,N,1,2,0,3,0,0,2,2,N,N,40 02:57.481,75 04:04.310,1952, ,1948, ,0, ,N, ,3, , , , , , , , , ,2,1,0,0,0,0,1,0,0,0,0,0,0,0,0,0,0,0,0,0,0,0,0,0,0,0,0,0,0,0,0,0,0,0,0,0,0,40.0493,-75.0679, , 
30044,354366,2015120997,6,67,67301,2015,10,3,2155,21,3,2,1,1,1, , ,N,1,2,0,3,0,1,4,3,N, ,40 03:37.434,74 59:25.565,2209, ,2203, ,0, , , ,3, , , , , , , , , ,3,1,0,0,0,0,1,1,0,0,0,1,1,0,0,0,0,0,0,0,1,0,0,0,0,0,0,0,0,0,0,0,0,0,0,4,0,40.0604,-74.9904, , 
30045,354390,2015084878,6,67,67301,2015,8,1,1555,15,1,1,0,4,1, , ,N,1,3,0,3,0,1,5,2,N, ,39 56:23.870,75 13:51.772,1600, ,1559, ,0, , , ,3, , , , , , , , , ,2,1,0,0,0,0,0,1,0,0,0,0,1,1,0,0,0,0,0,0,0,0,0,0,0,0,0,0,0,0,0,0,0,0,0,8,0,39.94,-75.231, , 
30046,354391,2015085251,6,67,67301,2015,8,5,1530,15,1,1,0,8,1, , ,N,0,0,0,3,0,2,3,3,N, ,39 58:29.943,75 07:54.148,2055, ,2051, ,0, , , ,0, , , , , , , , , ,1,0,0,0,0,0,1,0,0,0,0,2,2,0,0,0,0,0,0,0,0,0,0,0,0,0,0,0,0,0,0,0,2,0,0,4,0,39.975,-75.1317, , 
30047,354409,2015126541,6,67,67301,2015,12,6,1645,16,4,1,0,4,1, , ,N,0,0,5,3,0,0,3,2,N,N,39 54:35.145,75 09:21.024,1648, ,1647, ,0, ,N, ,0, , , , , , , , , ,2,1,0,0,1,0,0,0,0,0,0,0,0,0,0,0,0,0,0,0,0,0,0,0,0,0,0,0,0,0,0,0,0,0,0,0,0,39.9098,-75.1558, , 
30048,354418,2015130105,6,67,67301,2015,11,1,145,1,3,1,0,4,1, , ,N,1,3,0,3,0,0,2,2,N,N,39 58:04.573,75 08:36.700,225, ,215, ,0, ,N, ,3, , , , , , , , , ,2,2,0,0,0,0,0,0,0,0,0,0,0,0,1,0,0,0,0,0,0,0,0,0,0,0,0,0,0,0,0,0,0,0,0,9,0,39.9679,-75.1435, , 
30049,354423,2016000948,6,67,67301,2015,12,5,9999,99,1,1,0,4,1, , ,N,1,3,0,3,0,1,4,2,N, ,39 59:25.180,75 14:26.444,9999, ,9999,9,1,3, , ,3,N, , , , , , , , ,2,2,0,0,0,0,0,0,0,0,0,0,1,1,0,0,0,0,0,0,0,0,0,2,0,0,0,0,0,0,0,0,0,0,0,8,0,39.9903,-75.2407, , 
30050,354424,2015091139,6,67,67301,2015,8,6,830,8,1,1,0,4,1, , ,N,1,2,0,3,0,1,2,2,N, ,39 58:18.769,75 09:45.745,843, ,843, ,0, , , ,3, , , , , , , , , ,2,2,0,0,0,0,0,0,0,0,0,0,1,1,0,0,0,0,0,0,0,0,0,0,0,0,0,0,0,0,0,0,0,0,0,8,0,39.9719,-75.1627, , 
30051,354431,2015099075,6,67,67301,2015,8,5,1125,11,1,1,0,4,1, , ,N,1,2,0,3,0,1,2,2,N,N,39 59:31.862,75 14:01.481,1130, ,1128, ,0, ,N, ,3, , , , , , , , , ,2,1,0,0,0,1,0,0,0,0,0,1,1,0,0,0,0,0,0,0,0,0,1,0,0,0,0,0,0,0,0,0,0,0,0,4,1,39.9922,-75.2337, , 
30052,354442,2015074587,6,67,67301,2015,6,4,1508,15,1,1,0,1,1, , ,N,0,0,0,3,0,0,6,3,N,N,39 54:57.903,75 14:43.412,1535, ,1524,9,1,1,N, ,0,N, , , , , , , , ,3,1,0,0,1,0,1,0,0,0,0,0,0,0,3,0,0,0,0,0,0,0,0,0,0,0,0,0,0,0,0,0,0,0,0,9,0,39.9161,-75.2454, , 
30053,354458,2015088737,6,67,67301,2015,8,1,2352,23,3,1,0,4,1, , ,N,1,2,0,3,0,0,3,2,N,N,39 57:09.508,75 10:41.403,2359, ,2352, ,0, ,N, ,3, , , , , , , , , ,2,1,0,0,0,0,1,0,0,0,0,0,0,0,3,0,0,0,0,0,0,0,0,0,0,0,0,0,0,0,0,0,0,0,0,9,0,39.9526,-75.1781, , 
30054,354473,2015083386,6,67,67301,2015,7,3,150,1,3,1,0,7,4, , ,N,0,0,0,3,0,1,1,1,N, ,40 03:39.611,75 01:40.869,222, ,217, ,0, , , ,0, , , , , , , , , ,1,1,0,0,0,0,0,0,0,0,0,1,1,0,0,0,0,0,1,0,0,0,0,0,0,0,0,0,0,0,0,0,0,0,0,4,0,40.061,-75.028, , 
30055,354493,2015108485,6,67,67301,2015,9,4,1232,12,1,1,0,5,1, , ,N,0,0,0,3,0,0,6,4,N,N,39 57:33.358,75 10:22.600,1240, ,1232, ,0, ,N, ,0, , , , , , , , , ,3,3,0,0,0,0,0,0,0,0,0,0,0,0,0,0,0,0,0,0,1,1,0,0,0,0,0,0,0,0,0,0,0,0,0,0,0,39.9593,-75.1729, , 
30056,354496,2015109338,6,67,67301,2015,10,1,2045,20,3,1,0,5,6, , ,N,0,0,0,3,0,0,2,3,N,N,39 56:01.729,75 13:01.252,2055, ,2050, ,0, ,N, ,0, , , , , , , , , ,3,1,0,0,0,0,0,1,0,0,0,0,0,0,0,0,0,0,0,0,0,0,0,0,0,0,0,0,0,0,0,0,0,0,0,0,0,39.9338,-75.217, , 
30057,354500,2015095211,6,67,67301,2015,9,6,815,8,1,1,0,1,1, , ,N,0,0,0,3,0,1,7,3,N,N,40 02:41.178,75 07:18.513,818, ,817,2,2,4,N, ,0,Y, , , , , , , , ,3,0,0,0,0,1,2,0,0,0,0,1,1,0,1,0,0,0,0,0,0,0,0,2,0,0,0,0,0,0,0,0,0,0,0,4,1,40.0448,-75.1218, , 
30058,348597,2015092057,6,67,67301,2015,8,2,1855,18,4,1,0,8,1, , ,N,0,0,0,3,0,1,2,2,N,N,40 01:00.386,75 07:56.236,2028, ,2028, ,0, ,N, ,0, , , , , , , , , ,1,1,0,0,0,0,0,0,0,0,0,1,1,0,0,0,0,0,0,0,0,0,0,0,0,0,0,0,0,0,0,0,1,0,0,4,0,40.0168,-75.1323, , 
30059,348611,2015098169,6,67,67301,2015,9,3,2230,22,3,1,0,7,4, , ,N,0,0,0,3,0,0,1,1,N,N,40 02:32.649,75 00:13.670,2245, ,2231,1,1,1,N, ,0,N, , , , , , , , ,1,1,0,0,0,0,0,0,0,0,0,0,0,0,0,0,0,0,0,0,0,0,0,0,0,0,0,0,0,0,0,0,0,0,0,0,0,40.0424,-75.0038, , 
30060,348621,2015049055,6,67,67301,2015,4,7,941,9,1,1,0,4,1, , ,N,1,2,0,3,0,2,2,2,N, ,40 02:40.890,75 03:16.537,950, ,942,1,2,2, , ,3,N, , , , , , , , ,2,2,0,0,0,0,0,0,0,0,2,0,2,0,0,0,0,0,0,0,0,0,0,1,0,0,0,0,0,0,0,0,0,0,0,3,0,40.0446,-75.0547, , 
30061,348635,2015059128,6,67,67301,2015,5,7,1910,19,1,1,0,4,1, , ,N,1,2,0,3,0,1,4,2,N,N,40 04:17.608,75 09:27.532,1925, ,1917, ,0, ,N, ,3, , , , , , , , , ,2,1,0,0,0,0,1,0,0,0,0,1,1,0,0,0,0,0,0,0,1,0,0,0,0,0,0,0,0,0,0,0,0,0,0,4,0,40.0716,-75.1576, , 
30062,348641,2015083366,6,67,67301,2015,7,6,2308,23,3,1,0,4,1, , ,N,1,2,0,3,0,2,4,2,N,N,40 00:36.435,75 07:17.178,2310, ,2308,2,2,7,N, ,3,Y, , , , , , , , ,2,2,0,0,0,0,0,0,0,0,0,0,2,2,0,0,0,0,0,0,0,0,0,0,0,0,0,0,0,0,0,0,0,0,0,8,0,40.0101,-75.1214, , 
30063,348666,2015115254,6,67,67301,2015,11,2,1616,16,1,1,0,1,1, , ,N,0,0,0,3,0,0,2,2,N,N,40 00:20.511,75 04:29.972,1619, ,1618,1,1,1,N, ,0,N, , , , , , , , ,2,1,0,0,0,0,1,0,0,0,0,0,0,0,0,0,0,0,0,0,1,0,0,0,0,0,0,0,0,0,0,0,0,0,0,0,0,40.0057,-75.075, , 
30064,348671,2015130376,6,67,67301,2015,11,4,830,8,1,1,0,4,1, , ,N,0,0,0,3,0,0,6,3,N,N,39 57:06.950,75 09:37.681,833, ,832, ,0, ,N, ,0, , , , , , , , , ,3,3,0,0,0,0,0,0,0,0,0,0,0,0,1,0,0,0,0,0,2,0,0,0,0,0,0,0,0,0,0,0,0,0,0,9,0,39.9519,-75.1605, , 
30065,348682,2015065461,6,67,67301,2015,6,5,725,7,1,1,0,7,5, , ,N,0,0,0,3,0,1,1,1,N,N,40 02:24.003,75 10:13.209,735, ,727, ,0, ,N, ,0, , , , , , , , , ,1,1,0,0,0,0,0,0,0,0,0,1,1,0,0,0,0,0,0,0,0,0,0,0,0,0,0,0,0,0,0,0,0,0,0,4,0,40.04,-75.1703, , 
30066,348691,2015066166,6,67,67301,2015,6,6,1903,19,4,1,0,4,1, , ,N,1,2,0,3,0,1,2,2,N, ,40 01:04.609,75 05:02.155,1906, ,1903, ,0, , , ,3, , , , , , , , , ,2,1,0,0,0,0,0,1,0,0,0,1,1,0,0,0,0,0,0,0,0,0,0,1,0,0,0,0,0,0,0,0,0,0,0,4,0,40.0179,-75.0839, , 
30067,348702,2015075744,6,67,67301,2015,7,7,413,4,3,1,0,1,1, , ,N,1,2,0,3,0,1,3,2,N,N,40 00:46.713,75 07:09.797,416, ,416, ,0, ,N, ,3, , , , , , , , , ,2,2,0,0,0,0,0,0,0,0,0,0,1,1,0,0,0,0,0,0,0,0,1,0,0,0,0,0,0,0,0,0,0,0,0,8,0,40.013,-75.1194, , 
30068,348705,2015081122,6,67,67301,2015,7,3,215,2,3,1,0,7,4, , ,N,0,0,0,3,0,0,1,1,N,N,39 59:06.914,75 10:19.934,220, ,215, ,0, ,N, ,0, , , , , , , , , ,1,1,0,0,0,0,0,0,0,0,0,0,0,0,1,0,0,0,0,0,0,0,0,0,0,0,0,0,0,0,0,0,0,0,0,9,0,39.9853,-75.1722, , 
30069,348719,2015110328,6,67,67301,2015,10,6,840,8,1,1,0,8,3, , ,N,0,0,0,3,0,1,2,2,N,N,40 02:53.906,75 14:06.624,852, ,840, ,0, ,N, ,0, , , , , , , , , ,1,1,0,0,0,0,0,0,0,0,0,0,1,1,0,0,0,0,0,0,0,0,0,1,0,0,0,0,0,0,0,0,1,0,0,8,0,40.0483,-75.2352, , 
30070,348727,2015121074,6,67,67301,2015,11,5,2011,20,3,1,0,4,1, , ,N,1,3,0,3,0,2,5,2,N,N,40 03:57.202,75 10:35.464,2014, ,2012, ,0, ,N, ,3, , , , , , , , , ,2,2,0,0,0,0,0,0,0,0,0,0,2,2,0,0,0,0,0,0,0,0,0,0,0,0,0,0,0,0,0,0,0,0,0,8,0,40.0659,-75.1765, , 
30071,348734,2015129998,6,67,67301,2015,11,4,1630,16,1,1,0,4,1, , ,N,5,3,0,3,0,1,4,2,N, ,39 55:11.139,75 09:49.255,1725, ,1712, ,0, , , ,3, , , , , , , , , ,1,0,0,0,0,0,1,0,1,0,0,1,1,0,0,0,0,0,0,0,0,0,0,0,0,0,0,0,0,0,0,0,0,0,0,4,0,39.9198,-75.1637, , 
30072,348748,2015128591,6,67,67301,2015,11,6,2130,21,3,1,0,5,1, , ,N,0,0,0,3,0,1,2,2,N, ,40 02:32.125,75 01:44.105,2150, ,2130, ,0, , , ,0, , , , , , , , , ,2,1,0,1,0,0,0,0,0,0,0,0,1,1,0,0,0,0,0,0,0,1,0,0,0,0,0,0,0,0,0,0,0,0,0,8,1,40.0423,-75.0289, , 
30073,348754,2015051953,6,67,67301,2015,4,1,215,2,3,1,0,7,4, , ,N,0,0,0,3,0,1,1,1,N,N,39 59:59.786,75 11:25.832,218, ,216, ,0, , , ,0, , , , , , , , , ,1,0,0,0,0,0,1,0,0,0,0,1,1,0,0,0,0,0,0,0,0,0,0,0,0,0,0,0,0,0,0,0,0,0,0,4,0,39.9999,-75.1905, , 
30074,348768,2015067265,6,67,67301,2015,6,1,340,3,3,1,0,5,1,1,4,Y,0,0,0,3,0,0,3,2,N,N,39 58:05.947,75 07:45.063,349,45,343,2,1,1,N, ,0,N,N,N,N,N,Y,N,N,N,2,1,0,0,0,0,1,0,0,0,0,0,0,0,0,0,0,0,0,0,0,0,0,0,0,0,0,0,0,0,0,0,0,0,0,0,0,39.9683,-75.1292, , 
30075,348769,2015068058,6,67,67301,2015,6,1,1347,13,1,1,0,5,1, , ,N,0,0,0,3,0,2,4,2,N,N,39 59:55.982,75 11:43.449,1355, ,1350,2,1,4,N, ,0,N, , , , , , , , ,2,2,0,0,0,0,0,0,0,0,0,2,2,0,0,0,0,0,0,0,0,0,0,0,0,0,0,0,0,0,0,0,0,0,0,4,0,39.9989,-75.1954, , 
30076,351515,2015102010,6,67,67301,2015,9,3,1145,11,1,1,0,8,1, , ,N,2,3,0,3,0,1,2,2,N,N,39 58:12.957,75 10:12.575,1205, ,1200, ,0, ,N, ,3, , , , , , , , , ,1,0,0,0,0,1,0,0,0,0,0,1,1,0,0,0,0,0,0,0,0,0,0,0,0,0,0,0,0,0,0,0,1,0,0,4,1,39.9703,-75.1702, , 
30077,351516,2015102412,6,67,67301,2015,9,1,309,3,3,1,0,4,1, , ,N,1,2,0,3,0,2,2,2,N,N,39 59:15.993,75 10:03.457,312, ,309, ,0, ,N, ,3, , , , , , , , , ,2,2,0,0,0,0,0,0,0,0,0,2,2,0,0,0,0,0,0,0,0,0,0,0,0,0,0,0,0,0,0,0,0,0,0,4,0,39.9878,-75.1676, , 
30078,351520,2015109346,6,67,67301,2015,10,7,746,7,1,2,1,7,4, , ,N,0,0,0,3,0,1,1,1,N, ,40 01:21.170,75 09:44.901,748, ,746, ,0, , , ,0, , , , , , , , , ,1,1,0,0,0,0,0,0,0,0,0,0,1,1,0,0,0,0,0,0,0,0,0,0,0,0,0,0,0,0,0,0,0,0,0,8,0,40.0225,-75.1625, , 
30079,351530,2015102004,6,67,67301,2015,9,6,1700,17,1,1,0,4,1, , ,N,1,3,0,3,0,1,2,2,N,N,39 55:41.872,75 10:50.188,1713, ,1711, ,0, ,N, ,3, , , , , , , , , ,1,1,0,0,0,0,0,0,1,0,0,0,1,1,0,0,0,0,0,0,1,0,0,1,0,0,0,0,0,0,0,0,0,0,0,8,0,39.9283,-75.1806, , 