objectid_1,objectid,crn,district,county,municipality,crash_year,crash_month,day_of_week,time_of_day,hour_of_day,illumination,weather,road_condition,collision_type,relation_to_road,work_zone_type,work_zone_loc,work_zone_ind,intersect_type,tcd_type,location_type,urban_rural,fatal_count,injury_count,person_count,total_units,sch_bus_ind,sch_zone_ind,latitude,longitude,arrival_tm,cons_zone_spd_lim,dispatch_tm,est_hrs_closed,lane_closed,ln_close_dir,ntfy_hiwy_maint,spec_juris_cd,tcd_func_cd,tfc_detour_ind,workers_pres,wz_close_detour,wz_flagger,wz_law_offcr_ind,wz_ln_closure,wz_moving,wz_other,wz_shlder_mdn,vehicle_count,automobile_count,motorcycle_count,bus_count,small_truck_count,heavy_truck_count,suv_count,van_count,bicycle_count,maj_inj_count,mod_inj_count,min_inj_count,tot_inj_count,unk_inj_deg_count,unk_inj_per_count,driver_count_16yr,driver_count_17yr,driver_count_18yr,driver_count_19yr,driver_count_20yr,driver_count_50_64yr,driver_count_65_74yr,driver_count_75plus,unbelted_occ_count,unb_death_count,unb_maj_inj_count,belted_death_count,belted_maj_inj_count,mcycle_death_count,mcycle_maj_inj_count,bicycle_death_count,bicycle_maj_inj_count,ped_count,ped_death_count,ped_maj_inj_count,max_severity_level,comm_veh_count,dec_lat,dec_long,rdwy_surf_type_cd,county_name
30080,351531,2015109246,6,67,67301,2015,10,5,818,8,1,1,0,1,1, , ,N,0,2,0,3,0,1,4,2,N,N,40 02:25.060,75 05:57.158,830, ,828, ,0, , , ,3, , , , , , , , , ,2,2,0,0,0,0,0,0,0,0,0,1,1,0,0,0,0,0,0,0,0,0,0,0,0,0,0,0,0,0,0,0,0,0,0,4,0,40.0403,-75.0992, , 
30081,351536,2015112111,6,67,67301,2015,10,3,2029,20,3,1,0,4,1, , ,N,1,3,0,3,0,1,5,2,N,N,40 02:28.154,75 04:25.010,2035, ,2029, ,0, ,N, ,3, , , , , , , , , ,2,1,0,0,0,0,0,1,0,0,0,0,1,1,0,0,0,0,0,0,0,0,0,2,0,0,0,0,0,0,0,0,0,0,0,8,0,40.0412,-75.0736, , 
30082,351553,2015133741,6,67,67301,2015,11,2,9999,99,3,1,0,1,6, , ,N,0,0,0,3,0,0,1,3,N,N,39 59:50.373,75 06:09.217,2348, ,2348,3,1,2,N, ,0,N, , , , , , , , ,3,2,0,0,0,0,1,0,0,0,0,0,0,0,1,0,0,0,0,0,0,0,0,0,0,0,0,0,0,0,0,0,0,0,0,9,0,39.9973,-75.1026, , 
30083,351558,2016002573,6,67,67301,2015,12,3,212,2,3,2,1,7,3, , ,N,0,0,7,3,0,0,1,1,N,N,39 55:36.000,75 08:42.092,213, ,213, ,0, ,N, ,0, , , , , , , , , ,1,1,0,0,0,0,0,0,0,0,0,0,0,0,0,0,0,0,0,0,1,0,0,0,0,0,0,0,0,0,0,0,0,0,0,0,0,39.9267,-75.145, , 
30084,351570,2015070589,6,67,67301,2015,6,7,2302,23,3,2,1,8,1, , ,N,1,2,0,3,0,1,2,2,N,N,39 55:27.728,75 10:10.600,2303, ,2303, ,0, ,N, ,3, , , , , , , , , ,1,1,0,0,0,0,0,0,0,0,1,0,1,0,1,0,0,0,0,0,0,0,0,0,0,0,0,0,0,0,0,0,1,0,0,3,0,39.9244,-75.1696, , 
30085,351577,2015075762,6,67,67301,2015,7,1,1554,15,1,1,0,4,1, , ,N,1,2,0,3,0,1,2,2,N,N,40 04:50.725,75 01:42.964,1558, ,1555, ,0, ,N, ,3, , , , , , , , , ,2,0,0,0,0,0,2,0,0,0,0,0,1,1,0,0,0,1,0,0,1,0,0,0,0,0,0,0,0,0,0,0,0,0,0,8,0,40.0808,-75.0286, , 
30086,351592,2015105864,6,67,67301,2015,10,5,1040,10,1,1,0,5,1, , ,N,0,0,0,3,0,1,3,2,N,N,39 58:42.250,75 09:20.589,1045, ,1040, ,0, ,N, ,0, , , , , , , , , ,1,1,0,0,0,0,0,0,1,0,0,0,1,1,0,0,0,0,0,0,0,0,0,0,0,0,0,0,0,0,0,0,0,0,0,8,0,39.9784,-75.1557, , 
30087,351605,2015117623,6,67,67301,2015,10,1,1140,11,1,1,0,5,1, , ,N,0,0,0,3,0,1,2,2,N,N,39 56:36.875,75 13:57.171,1224, ,1220, ,0, ,N, ,0, , , , , , , , , ,1,1,0,0,0,0,0,0,1,0,0,1,1,0,0,0,0,0,0,0,0,0,0,0,0,0,0,0,0,0,0,0,0,0,0,4,0,39.9436,-75.2325, , 
30088,351613,2015073720,6,67,67301,2015,6,6,1127,11,1,1,0,4,1, , ,N,1,0,0,3,0,2,3,2,N,N,40 03:58.061,75 03:46.964,1133, ,1132, ,0, , , ,0, , , , , , , , , ,2,0,0,0,0,0,2,0,0,0,0,0,2,2,0,0,0,0,0,0,0,0,0,0,0,0,0,0,0,0,0,0,0,0,0,8,0,40.0661,-75.063, , 
30089,351617,2015078267,6,67,67301,2015,7,4,1040,10,1,2,1,1,1, , ,N,1,2,0,3,0,1,2,2,N, ,40 06:08.954,75 01:43.447,9999, ,9999, ,0, , , ,3, , , , , , , , , ,2,1,0,0,1,0,0,0,0,0,0,0,1,1,1,0,0,0,0,0,0,0,0,0,0,0,0,0,0,0,0,0,0,0,0,8,0,40.1025,-75.0287, , 
30090,351657,2015106228,6,67,67301,2015,10,3,1600,16,1,1,0,1,1, , ,N,0,0,0,3,0,2,3,3,N,N,39 58:27.882,75 07:06.446,1600, ,1600,1,1,2,N, ,0,N, , , , , , , , ,3,1,0,0,0,0,2,0,0,0,0,2,2,0,0,0,0,0,0,0,0,0,0,0,0,0,0,0,0,0,0,0,0,0,0,4,0,39.9744,-75.1185, , 
30091,351685,2015091036,6,67,67301,2015,8,5,1150,11,1,1,0,1,1, , ,N,0,0,0,3,0,0,3,3,N,N,40 07:03.902,75 00:24.113,1200, ,1152, ,0, , , ,0, , , , , , , , , ,3,1,0,0,1,0,1,0,0,0,0,0,0,0,1,0,0,0,0,0,1,0,0,0,0,0,0,0,0,0,0,0,0,0,0,9,0,40.1178,-75.0067, , 
30092,351688,2015095144,6,67,67301,2015,8,3,1623,16,1,1,0,1,1, , ,N,0,0,0,3,0,1,2,2,N, ,39 57:31.582,75 13:30.431,9999, ,9999, ,0, , , ,0, , , , , , , , , ,2,0,0,0,1,0,1,0,0,0,0,0,1,1,0,0,0,0,0,0,1,1,0,0,0,0,0,0,0,0,0,0,0,0,0,8,0,39.9588,-75.2251, , 
30093,351689,2015095750,6,67,67301,2015,9,5,1301,13,1,1,0,2,1, , ,N,0,0,0,3,0,1,3,5,N, ,39 58:18.415,75 09:43.028,1301, ,1301, ,0, , , ,0, , , , , , , , , ,5,4,0,0,1,0,0,0,0,0,0,0,1,1,0,0,0,0,0,0,0,1,0,1,0,0,0,0,0,0,0,0,0,0,0,8,0,39.9718,-75.162, , 
30094,356817,2015120492,6,67,67301,2015,11,3,1705,17,4,1,0,4,1, , ,N,1,3,0,3,0,3,3,2,N, ,40 00:22.701,75 08:38.101,1731, ,1719, ,0, , , ,3, , , , , , , , , ,2,2,0,0,0,0,0,0,0,0,0,1,3,2,0,0,0,0,0,0,0,0,0,0,0,0,0,0,0,0,0,0,0,0,0,4,0,40.0063,-75.1439, , 
30095,356828,2015134729,6,67,67301,2015,12,2,845,8,1,1,0,4,1, , ,N,1,3,0,3,0,1,2,2,N, ,39 58:27.534,75 08:47.792,1520, ,1520, ,0, , , ,3, , , , , , , , , ,1,1,0,0,0,0,0,0,1,0,0,1,1,0,0,0,0,0,0,0,0,0,0,0,0,0,0,0,0,0,0,0,0,0,0,4,0,39.9743,-75.1466, , 
30096,356831,2016050460,6,67,67301,2015,11,3,1502,15,1,1,0,1,1, , ,N,1,2,0,3,0,3,4,3,N,N,40 04:22.410,75 04:33.193,0, ,0, ,0, ,N, ,3, , , , , , , , , ,3,0,0,0,0,0,1,0,0,0,0,0,3,3,0,0,0,0,0,0,0,0,0,0,0,0,0,0,0,0,0,0,0,0,0,8,0,40.0729,-75.0759, , 
30097,356833,2015107436,6,67,67301,2015,10,5,1035,10,1,1,1,1,1, , ,N,1,0,0,3,0,0,2,2,N,N,40 00:55.125,75 12:21.179,1044, ,1038, ,0, ,N, ,0, , , , , , , , , ,2,1,0,0,1,0,0,0,0,0,0,0,0,0,0,0,0,0,0,0,2,0,0,0,0,0,0,0,0,0,0,0,0,0,0,0,0,40.0153,-75.2059, , 
30098,356835,2016007514,6,67,67301,2015,12,5,1045,10,1,2,1,4,1, , ,N,0,0,7,3,0,3,3,2,N,N,40 05:43.400,75 00:57.800,1135, ,1125, ,0, ,N, ,0, , , , , , , , , ,2,0,0,0,0,0,2,0,0,0,0,3,3,0,0,0,0,1,0,0,0,0,0,0,0,0,0,0,0,0,0,0,0,0,0,4,0,40.0954,-75.0161, , 
30099,356864,2015095807,6,67,67301,2015,8,7,600,6,1,1,0,4,1, , ,N,1,2,0,3,0,1,3,2,N,N,39 56:06.442,75 09:25.473,9999, ,604,2,2,2,N, ,3,Y, , , , , , , , ,2,2,0,0,0,0,0,0,0,0,0,0,1,1,0,0,0,0,0,0,0,0,0,0,0,0,0,0,0,0,0,0,0,0,0,8,0,39.9351,-75.1571, , 
30100,356922,2015110984,6,67,67301,2015,10,3,225,2,3,1,0,7,3, , ,N,0,0,3,3,0,0,1,1,N,N,39 54:48.718,75 10:52.227,229, ,225,1,2,4,N, ,0,N, , , , , , , , ,1,1,0,0,0,0,0,0,0,0,0,0,0,0,0,0,0,0,0,0,0,0,0,0,0,0,0,0,0,0,0,0,0,0,0,0,0,39.9135,-75.1812, , 
30101,356932,2015131291,6,67,67301,2015,11,2,1100,11,1,1,0,8,1, , ,N,0,0,0,3,0,1,2,2,N,N,39 57:58.519,75 13:50.927,1130, ,1115, ,0, ,N, ,0, , , , , , , , , ,1,1,0,0,0,0,0,0,0,0,0,1,1,0,0,0,0,0,0,0,0,0,0,0,0,0,0,0,0,0,0,0,1,0,0,4,0,39.9663,-75.2308, , 
30102,356933,2015131839,6,67,67301,2015,12,5,2148,21,3,1,0,5,1, , ,N,0,0,0,3,0,1,2,2,N,N,39 59:10.731,75 12:28.757,2230, ,2230, ,0, ,N, ,0, , , , , , , , , ,2,1,0,0,1,0,0,0,0,0,0,1,1,0,0,0,0,0,0,0,1,0,0,0,0,0,0,0,0,0,0,0,0,0,0,4,0,39.9863,-75.208, , 
30103,356940,2016007520,6,67,67301,2015,12,5,9999,99,3,8,1,6,1, , ,N,1,3,0,3,0,3,6,3,N,N,40 01:43.906,75 05:09.211,2210, ,2107, ,0, ,N, ,3, , , , , , , , , ,3,3,0,0,0,0,0,0,0,0,0,0,3,3,3,0,0,0,0,0,1,0,0,0,0,0,0,0,0,0,0,0,0,0,0,8,0,40.0289,-75.0859, , 
30104,356956,2016001013,6,67,67301,2015,12,4,825,8,1,1,0,8,1, , ,N,1,2,0,3,0,1,2,2,N,N,39 59:32.607,75 08:31.827,832, ,828, ,0, ,N, ,3, , , , , , , , , ,1,1,0,0,0,0,0,0,0,0,0,1,1,0,0,0,0,0,0,0,0,0,0,0,0,0,0,0,0,0,0,0,1,0,0,4,0,39.9923,-75.1422, , 
30105,356959,2016007518,6,67,67301,2015,12,2,1250,12,1,1,0,7,5, , ,N,1,2,0,3,0,1,1,1,N,N,40 02:06.975,75 07:17.098,1252, ,1252,2,1,3, , ,3,Y, , , , , , , , ,1,1,0,0,0,0,0,0,0,0,0,0,1,1,0,0,0,0,0,0,0,0,0,0,0,0,0,0,0,0,0,0,0,0,0,8,0,40.0353,-75.1214, , 
30106,356960,2016013545,6,67,67301,2015,10,3,1040,10,1,1,0,4,1, , ,N,0,0,0,3,0,1,2,2,N,N,40 00:33.560,75 09:06.304,0, ,0, ,0, ,N, ,0, , , , , , , , , ,2,1,0,1,0,0,0,0,0,0,0,0,1,1,1,0,0,0,0,0,0,0,0,0,0,0,0,0,0,0,0,0,0,0,0,8,1,40.0093,-75.1518, , 
30107,356975,2015078283,6,67,67301,2015,7,5,1204,12,1,1,0,7,5, , ,N,0,0,0,3,0,0,1,1,N,N,39 56:45.736,75 10:33.373,1204, ,27, ,0, ,N, ,0, , , , , , , , , ,1,0,0,0,0,0,0,1,0,0,0,0,0,0,0,0,0,0,0,0,0,0,0,0,0,0,0,0,0,0,0,0,0,0,0,0,0,39.946,-75.1759, , 
30108,356985,2015081042,6,67,67301,2015,7,3,652,6,1,1,0,4,1, , ,N,1,2,0,3,0,0,2,2,N, ,39 58:10.379,75 08:22.482,752, ,750,2,2,3, , ,3,Y, , , , , , , , ,2,2,0,0,0,0,0,0,0,0,0,0,0,0,0,0,0,0,0,0,0,0,0,0,0,0,0,0,0,0,0,0,0,0,0,0,0,39.9695,-75.1395, , 
30109,356986,2015085274,6,67,67301,2015,8,2,1540,15,1,1,0,1,1, , ,N,0,0,0,3,0,1,4,3,N,N,40 02:16.584,75 02:15.897,1605, ,1601, ,0, ,N, ,0, , , , , , , , , ,3,2,0,0,1,0,0,0,0,0,0,1,1,0,0,0,0,0,0,0,0,1,0,0,0,0,0,0,0,0,0,0,0,0,0,4,0,40.0379,-75.0377, , 
30110,357006,2015095202,6,67,67301,2015,9,2,9999,99,3,1,0,5,6, , ,N,0,0,0,3,0,0,1,2,N,N,39 59:39.372,75 09:02.438,340, ,340, ,0, ,N, ,0, , , , , , , , , ,2,1,0,0,0,0,1,0,0,0,0,0,0,0,0,0,0,0,0,0,0,0,0,0,0,0,0,0,0,0,0,0,0,0,0,0,0,39.9943,-75.1507, , 
30111,357012,2015098976,6,67,67301,2015,9,3,805,8,1,1,0,8,1, , ,N,1,0,0,3,0,1,2,2,N, ,40 02:31.570,75 06:09.871,855, ,850, ,0, ,N, ,0, , , , , , , , , ,1,1,0,0,0,0,0,0,0,0,0,0,1,1,0,0,0,0,0,0,0,0,0,0,0,0,0,0,0,0,0,0,1,0,0,8,0,40.0421,-75.1027, , 
30112,357013,2015099124,6,67,67301,2015,9,1,2200,22,3,1,0,4,1, , ,N,1,3,0,3,0,2,4,2,N, ,40 00:50.922,75 04:40.900,2210, ,2207, ,0, , , ,3, , , , , , , , , ,2,1,0,0,0,0,1,0,0,0,0,2,2,0,0,0,0,0,0,0,0,0,0,0,0,0,0,0,0,0,0,0,0,0,0,4,0,40.0141,-75.078, , 
30113,354504,2015102054,6,67,67301,2015,9,2,807,8,1,1,0,1,1, , ,N,0,0,0,3,0,2,4,4,N,N,39 57:02.787,75 10:58.837,830, ,813,2,2,4,N, ,0,N, , , , , , , , ,4,1,0,0,0,0,2,1,0,0,0,2,2,0,0,0,0,0,0,0,0,1,0,0,0,0,0,0,0,0,0,0,0,0,0,4,0,39.9508,-75.183, , 
30114,354512,2015106443,6,67,67301,2015,9,3,1623,16,1,1,0,6,1,1,3,Y,0,0,0,3,0,1,2,2,N,N,39 59:52.452,75 05:18.494,1625,99,1623, ,0, ,N, ,0, ,N, , ,N, , , ,Y,1,0,0,0,0,0,1,0,1,0,1,0,1,0,0,0,0,0,0,0,0,0,0,0,0,0,0,0,0,0,0,0,0,0,0,3,0,39.9979,-75.0885, , 
30115,354516,2015108382,6,67,67301,2015,9,2,1945,19,3,1,0,4,1, , ,N,0,0,7,3,0,1,2,2,N,N,40 02:37.801,75 08:36.883,1950, ,1950, ,0, ,N, ,0, , , , , , , , , ,2,1,0,0,0,0,1,0,0,0,0,1,1,0,0,0,0,0,1,1,0,0,0,1,0,0,0,0,0,0,0,0,0,0,0,4,0,40.0438,-75.1436, , 
30116,354534,2015115045,6,67,67301,2015,10,5,1800,18,1,1,0,8,1, , ,N,2,3,0,3,0,1,2,2,N, ,40 05:59.557,75 00:29.443,1810, ,1803, ,0, , , ,3, , , , , , , , , ,1,1,0,0,0,0,0,0,0,0,0,1,1,0,0,0,0,0,0,0,1,0,0,1,0,0,0,0,0,0,0,0,1,0,0,4,0,40.1,-75.0083, , 
30117,354540,2015121014,6,67,67301,2015,10,5,1200,12,1,1,0,1,1, , ,N,0,2,7,3,0,1,4,2,N,N,39 54:29.866,75 13:23.152,1220, ,1214,9,1,1,N, ,3,N, , , , , , , , ,2,0,0,0,1,0,1,0,0,0,0,0,1,1,0,0,0,0,0,0,0,0,0,0,0,0,0,0,0,0,0,0,0,0,0,8,0,39.9083,-75.2231, , 
30118,354552,2015135819,6,67,67301,2015,12,6,1425,14,1,1,0,4,1, , ,N,1,3,0,3,0,2,3,2,N,N,39 56:57.195,75 13:45.112,1552, ,1550, ,0, , , ,3, , , , , , , , , ,2,1,0,0,0,0,0,1,0,0,0,2,2,0,0,0,0,0,0,0,1,0,0,0,0,0,0,0,0,0,0,0,0,0,0,4,0,39.9492,-75.2292, , 
30119,354553,2015135913,6,67,67301,2015,12,3,1803,18,3,2,1,2,1, , ,N,1,2,0,3,0,1,2,2,N, ,39 59:31.730,75 05:57.398,1922, ,1922, ,0, , , ,3, , , , , , , , , ,2,1,0,0,1,0,0,0,0,0,0,1,1,0,0,0,0,0,1,0,0,0,0,0,0,0,0,0,0,0,0,0,0,0,0,4,0,39.9921,-75.0993, , 
30120,354562,2015131408,6,67,67301,2015,12,2,1732,17,3,1,0,7,2, , ,N,0,0,0,3,0,0,1,1,N,N,39 53:56.836,75 10:38.296,1740, ,1732,1,1,1,N, ,0,N, , , , , , , , ,1,1,0,0,0,0,0,0,0,0,0,0,0,0,0,0,0,0,0,0,0,0,0,0,0,0,0,0,0,0,0,0,0,0,0,0,0,39.8991,-75.1773, , 
30121,354563,2016000974,6,67,67301,2015,12,5,1244,12,1,1,0,1,1, , ,N,2,0,0,3,0,1,3,2,N,N,40 02:30.370,75 06:44.466,1310, ,1256,2,1,3,N, ,0,N, , , , , , , , ,2,2,0,0,0,0,0,0,0,0,0,1,1,0,0,0,0,0,0,0,0,0,0,0,0,0,0,0,0,0,0,0,0,0,0,4,0,40.0423,-75.113, , 
30122,354586,2015069750,6,67,67301,2015,6,5,1148,11,1,2,1,7,4, , ,N,0,0,0,3,0,1,2,1,N,N,39 54:00.902,75 14:20.225,1200, ,1153,9,1,1, , ,0,N, , , , , , , , ,1,1,0,0,0,0,0,0,0,0,0,1,1,0,0,0,0,0,0,0,0,0,0,1,0,0,0,0,0,0,0,0,0,0,0,4,0,39.9003,-75.239, , 
30123,354589,2015078218,6,67,67301,2015,7,1,2050,20,3,1,0,4,1, , ,N,1,2,0,3,0,1,2,2,N,N,40 06:18.581,75 01:58.245,2110, ,2056,1,1,1,N, ,3,N, , , , , , , , ,2,0,0,0,0,0,2,0,0,0,1,0,1,0,0,0,0,0,0,0,1,0,0,0,0,0,0,0,0,0,0,0,0,0,0,3,0,40.1052,-75.0328, , 
30124,354597,2015087491,6,67,67301,2015,5,4,1507,15,1,1,0,8,1, , ,N,2,3,0,3,0,1,2,2,N,N,40 01:32.577,75 05:19.845,0, ,0, ,0, ,N, ,3, , , , , , , , , ,1,1,0,0,0,0,0,0,0,0,0,0,1,1,0,0,0,0,0,0,0,0,0,0,0,0,0,0,0,0,0,0,1,0,0,8,0,40.0257,-75.0888, , 
30125,354603,2015092561,6,67,67301,2015,8,2,1524,15,1,1,0,1,1, , ,N,0,0,0,3,0,1,7,5,N,N,39 57:33.117,75 10:24.393,1527, ,1525,2,1,4,N, ,0,N, , , , , , , , ,5,2,0,0,1,1,1,0,0,0,0,0,1,1,0,0,0,0,0,0,1,1,0,0,0,0,0,0,0,0,0,0,0,0,0,8,1,39.9592,-75.1734, , 
30126,354604,2015092954,6,67,67301,2015,8,2,932,9,1,1,0,5,1, , ,N,0,0,0,3,0,1,2,2,N,N,39 57:57.139,75 13:00.073,1032, ,1030,9,1,1,N, ,0,N, , , , , , , , ,2,2,0,0,0,0,0,0,0,0,0,0,1,1,0,0,0,0,0,0,1,0,0,0,0,0,0,0,0,0,0,0,0,0,0,8,0,39.9659,-75.2167, , 
30127,354606,2015098967,6,67,67301,2015,8,5,240,2,3,1,0,7,4, , ,N,0,0,0,3,0,1,2,1,N,N,39 55:29.588,75 11:17.300,247, ,246, ,0, ,N, ,0, , , , , , , , , ,1,1,0,0,0,0,0,0,0,0,0,0,1,1,0,0,0,0,0,0,0,0,0,0,0,0,0,0,0,0,0,0,0,0,0,8,0,39.9249,-75.1881, , 
30128,354607,2015098986,6,67,67301,2015,9,6,1441,14,1,1,0,4,1, , ,N,1,2,0,3,0,1,2,2,N,N,40 01:44.844,75 05:23.694,1447, ,1442,3,2,6,N, ,3,Y, , , , , , , , ,2,0,1,0,0,0,1,0,0,1,0,0,1,0,0,0,1,0,0,0,0,0,0,0,0,0,0,0,0,1,0,0,0,0,0,2,0,40.0291,-75.0899, , 
30129,354617,2015128544,6,67,67301,2015,11,5,1847,18,3,1,1,4,1, , ,N,1,0,0,3,0,2,3,2,N,N,40 02:58.996,75 10:18.239,1858, ,1847, ,0, ,N, ,0, , , , , , , , , ,2,1,0,0,0,0,1,0,0,0,0,1,2,1,0,0,0,0,0,0,0,0,0,0,0,0,0,0,0,0,0,0,0,0,0,4,0,40.0497,-75.1717, , 
30130,354619,2015131350,6,67,67301,2015,12,4,1230,12,1,2,1,1,1, , ,N,1,2,0,3,0,1,3,2,N,N,40 05:12.438,74 58:18.635,1238, ,1235, ,0, ,N, ,3, , , , , , , , , ,2,1,0,0,0,0,1,0,0,0,0,1,1,0,1,0,0,0,0,0,0,0,0,0,0,0,0,0,0,0,0,0,0,0,0,4,0,40.0868,-74.9718, , 
30131,348773,2015071329,6,67,67301,2015,6,4,600,6,1,1,0,4,1, , ,N,2,0,0,3,0,1,2,2,N,N,39 56:42.097,75 10:18.411,635, ,618, ,0, ,N, ,0, , , , , , , , , ,1,1,0,0,0,0,0,0,1,0,0,1,1,0,0,0,0,0,0,0,0,1,0,1,0,0,0,0,0,0,0,0,0,0,0,4,0,39.945,-75.1718, , 
30132,348800,2015109216,6,67,67301,2015,10,4,1948,19,3,1,0,1,1, , ,N,0,2,0,3,0,2,4,2,N,N,39 54:19.358,75 11:40.146,1959, ,1950,1,1,3,N, ,3,N, , , , , , , , ,2,2,0,0,0,0,0,0,0,0,0,2,2,0,1,0,0,0,0,1,0,0,0,0,0,0,0,0,0,0,0,0,0,0,0,4,0,39.9054,-75.1945, , 
30133,348850,2015086201,6,67,67301,2015,8,2,128,1,3,1,0,5,6, , ,N,0,0,0,3,0,1,1,4,N,N,39 55:28.088,75 10:59.469,136, ,133, ,0, ,N, ,0, , , , , , , , , ,4,3,0,0,0,0,0,1,0,0,0,0,1,1,0,0,0,0,0,0,0,0,0,0,0,0,0,0,0,0,0,0,0,0,0,8,0,39.9245,-75.1832, , 
30134,348856,2015102384,6,67,67301,2015,9,3,924,9,1,1,0,4,1, , ,N,1,2,0,3,0,1,3,2,N,N,39 56:29.216,75 14:06.241,1015, ,1007, ,0, , , ,3, , , , , , , , , ,2,1,0,0,0,0,1,0,0,0,0,1,1,0,1,0,0,0,0,0,0,0,0,0,0,0,0,0,0,0,0,0,0,0,0,4,0,39.9415,-75.235, , 
30135,348893,2015068045,6,67,67301,2015,6,6,750,7,1,1,0,5,1, , ,N,0,0,0,3,0,1,2,2,N,N,39 58:49.264,75 12:19.413,806, ,751, ,0, ,N, ,0, , , , , , , , , ,2,1,0,0,1,0,0,0,0,0,0,0,1,1,0,0,0,0,0,0,0,0,0,0,0,0,0,0,0,0,0,0,0,0,0,8,0,39.9804,-75.2054, , 
30136,348920,2015066197,6,67,67301,2015,6,1,2055,20,3,2,1,4,1, , ,N,1,2,0,3,0,1,5,2,N,N,39 57:11.413,75 10:11.807,2105, ,2100, ,0, ,N, ,3, , , , , , , , , ,2,2,0,0,0,0,0,0,0,0,0,1,1,0,0,0,0,0,0,0,1,0,0,0,0,0,0,0,0,0,0,0,0,0,0,4,0,39.9532,-75.17, , 
30137,348923,2015070168,6,67,67301,2015,6,1,930,9,1,1,0,5,6, , ,N,0,0,0,3,0,0,1,2,N,N,40 00:00.524,75 08:25.686,1935, ,1935, ,0, ,N, ,0, , , , , , , , , ,2,1,0,0,0,0,1,0,0,0,0,0,0,0,0,0,0,0,0,0,0,0,0,1,0,0,0,0,0,0,0,0,0,0,0,0,0,40.0001,-75.1405, , 
30138,348928,2015108494,6,67,67301,2015,10,6,1941,19,3,1,0,5,1, , ,N,0,0,0,3,0,1,2,2,N,N,39 57:36.465,75 10:47.770,2010, ,1941,2,1,4,N, ,0,N, , , , , , , , ,2,0,0,0,0,0,2,0,0,0,1,0,1,0,0,0,0,0,0,1,0,0,0,1,0,0,0,0,0,0,0,0,0,0,0,3,0,39.9601,-75.1799, , 
30139,348935,2015056499,6,67,67301,2015,5,7,1200,12,1,1,0,4,1, , ,N,1,2,0,3,0,5,8,6,N,N,40 02:25.817,75 03:32.713,1210, ,1205,3,2,6,N, ,3,Y, , , , , , , , ,6,5,0,0,0,0,1,0,0,0,0,0,5,5,0,0,0,0,0,0,3,0,1,0,0,0,0,0,0,0,0,0,0,0,0,8,0,40.0405,-75.0591, , 
30140,348949,2015074575,6,67,67301,2015,6,4,1937,19,1,1,0,7,4, , ,N,0,0,0,3,1,0,1,1,N, ,40 01:12.487,75 02:31.888,1942, ,1942, ,0, , ,0,0, , , , , , , , , ,1,0,1,0,0,0,0,0,0,0,0,0,0,0,0,0,0,0,0,0,0,0,0,0,0,0,0,0,1,0,0,0,0,0,0,1,0,40.0201,-75.0422,2, 
30141,348959,2015083325,6,67,67301,2015,7,5,1615,16,1,2,1,8,1, , ,N,1,2,0,3,0,1,2,2,N,N,39 59:11.018,75 10:10.592,1621, ,1619,1,1,6, , ,3,Y, , , , , , , , ,1,0,0,0,0,0,1,0,0,0,0,0,1,1,0,0,0,0,0,0,0,0,0,0,0,0,0,0,0,0,0,0,1,0,0,8,0,39.9864,-75.1696, , 
30142,348965,2015095183,6,67,67301,2015,8,2,1202,12,1,1,0,1,1, , ,N,1,2,0,3,0,2,3,2,N,N,40 01:21.612,75 08:12.364,1211, ,1206, ,0, ,N, ,3, , , , , , , , , ,2,1,0,0,0,1,0,0,0,0,0,2,2,0,0,0,0,0,0,0,0,0,0,0,0,0,0,0,0,0,0,0,0,0,0,4,1,40.0227,-75.1368, , 
30143,348966,2015095722,6,67,67301,2015,8,1,1555,15,1,1,0,1,1, , ,N,0,0,0,3,0,1,3,3,N,N,40 06:41.171,75 01:45.062,1605, ,1557,2,2,5,N, ,0,Y, , , , , , , , ,3,0,0,0,2,0,0,1,0,0,0,1,1,0,1,0,0,0,0,0,0,0,0,0,0,0,0,0,0,0,0,0,0,0,0,4,0,40.1114,-75.0292, , 
30144,348970,2015101978,6,67,67301,2015,9,2,9999,99,1,1,0,4,1, , ,N,2,3,0,3,0,1,3,2,N,N,39 56:21.059,75 14:06.781,1538, ,1534, ,0, , , ,3, , , , , , , , , ,2,1,0,0,0,0,1,0,0,0,0,1,1,0,0,0,0,0,0,0,1,0,0,0,0,0,0,0,0,0,0,0,0,0,0,4,0,39.9392,-75.2352, , 
30145,348974,2015106234,6,67,67301,2015,10,4,630,6,1,1,0,7,3, , ,N,0,0,0,3,0,3,3,1,N,N,39 57:13.745,75 10:53.585,633, ,630,2,2,3,Y, ,0,Y, , , , , , , , ,1,0,0,0,0,0,1,0,0,0,0,3,3,0,0,0,0,0,0,0,0,0,0,0,0,0,0,0,0,0,0,0,0,0,0,4,0,39.9538,-75.1816, , 
30146,348998,2015095734,6,67,67301,2015,9,3,945,9,1,1,0,1,6, , ,N,0,0,0,3,0,1,2,2,N,N,39 58:30.374,75 10:25.760,1100, ,1055, ,0, ,N, ,0, , , , , , , , , ,2,1,0,0,0,0,1,0,0,0,0,1,1,0,0,0,0,0,0,0,0,0,0,0,0,0,0,0,0,0,0,0,0,0,0,4,0,39.9751,-75.1738, , 