objectid_1,objectid,crn,district,county,municipality,crash_year,crash_month,day_of_week,time_of_day,hour_of_day,illumination,weather,road_condition,collision_type,relation_to_road,work_zone_type,work_zone_loc,work_zone_ind,intersect_type,tcd_type,location_type,urban_rural,fatal_count,injury_count,person_count,total_units,sch_bus_ind,sch_zone_ind,latitude,longitude,arrival_tm,cons_zone_spd_lim,dispatch_tm,est_hrs_closed,lane_closed,ln_close_dir,ntfy_hiwy_maint,spec_juris_cd,tcd_func_cd,tfc_detour_ind,workers_pres,wz_close_detour,wz_flagger,wz_law_offcr_ind,wz_ln_closure,wz_moving,wz_other,wz_shlder_mdn,vehicle_count,automobile_count,motorcycle_count,bus_count,small_truck_count,heavy_truck_count,suv_count,van_count,bicycle_count,maj_inj_count,mod_inj_count,min_inj_count,tot_inj_count,unk_inj_deg_count,unk_inj_per_count,driver_count_16yr,driver_count_17yr,driver_count_18yr,driver_count_19yr,driver_count_20yr,driver_count_50_64yr,driver_count_65_74yr,driver_count_75plus,unbelted_occ_count,unb_death_count,unb_maj_inj_count,belted_death_count,belted_maj_inj_count,mcycle_death_count,mcycle_maj_inj_count,bicycle_death_count,bicycle_maj_inj_count,ped_count,ped_death_count,ped_maj_inj_count,max_severity_level,comm_veh_count,dec_lat,dec_long,rdwy_surf_type_cd,county_name
30147,349021,2016007638,6,67,67301,2015,12,7,1757,17,3,1,0,4,1, , ,N,1,2,0,3,0,0,2,2,N,N,40 02:03.671,75 04:29.368,1800, ,1758,1,1,2,N, ,3,N, , , , , , , , ,2,1,0,0,1,0,0,0,0,0,0,0,0,0,0,0,0,0,1,0,1,0,0,0,0,0,0,0,0,0,0,0,0,0,0,0,0,40.0343,-75.0746, , 
30148,349030,2015061777,6,67,67301,2015,5,1,940,9,1,1,0,4,6, , ,N,1,0,0,3,0,1,1,2,N,N,39 59:53.365,75 08:00.340,950, ,943, ,0, , , ,0, , , , , , , , , ,2,2,0,0,0,0,0,0,0,0,0,0,1,1,0,0,0,0,0,0,0,0,0,0,0,0,0,0,0,0,0,0,0,0,0,8,0,39.9982,-75.1334, , 
30149,351705,2015056669,6,67,67301,2015,5,3,1520,15,1,1,0,1,1, , ,N,0,0,0,3,0,3,3,3,N,N,39 55:30.581,75 11:35.978,1527, ,1525,2,1,4,N, ,0,N, , , , , , , , ,3,3,0,0,0,0,0,0,0,0,1,2,3,0,0,0,0,0,0,1,1,0,0,1,0,0,0,0,0,0,0,0,0,0,0,3,0,39.9252,-75.1933, , 
30150,351717,2015063973,6,67,67301,2015,5,2,1031,10,1,1,0,4,1, , ,N,2,3,0,3,0,1,2,2,N,N,40 04:07.628,75 02:24.845,1034, ,1032,2,1,2,N, ,3,N, , , , , , , , ,1,1,0,0,0,0,0,0,1,0,1,0,1,0,0,0,0,0,0,0,1,0,0,0,0,0,0,0,0,0,0,0,0,0,0,3,0,40.0688,-75.0402, , 
30151,351725,2015063899,6,67,67301,2015,6,3,625,6,1,2,1,4,1, , ,N,1,2,0,3,0,1,2,2,N, ,39 56:25.580,75 10:10.347,631, ,629,3,1,1, , ,3,Y, , , , , , , , ,2,2,0,0,0,0,0,0,0,0,1,0,1,0,0,0,0,0,0,0,0,0,0,0,0,0,0,0,0,0,0,0,0,0,0,3,0,39.9404,-75.1695, , 
30152,351737,2015075293,6,67,67301,2015,4,2,1600,16,1,1,0,0,1,8,8,Y,0,0,0,3,0,1,1,1,N,N,40 07:48.412,75 00:22.510,1219,99,1219, ,0, , , ,0, ,U,U,U,U,U,U,U,U,1,1,0,0,0,0,0,0,0,0,0,1,1,0,0,0,0,0,0,0,1,0,0,0,0,0,0,0,0,0,0,0,0,0,0,4,0,40.1301,-75.0063, , 
30153,351738,2015075719,6,67,67301,2015,6,1,1949,19,1,1,0,8,1, , ,N,0,0,0,3,0,1,2,2,N,N,39 57:23.904,75 14:09.261,1957, ,1953, ,0, ,N, ,0, , , , , , , , , ,1,1,0,0,0,0,0,0,0,0,0,1,1,0,0,0,0,0,0,0,0,1,0,0,0,0,0,0,0,0,0,0,1,0,0,4,0,39.9566,-75.2359, , 
30154,351761,2015099095,6,67,67301,2015,9,5,630,6,1,2,1,7,2, , ,N,0,0,0,3,0,1,1,1,N,N,40 01:34.895,75 11:37.554,655, ,635,1,2,1,N, ,0,N, , , , , , , , ,1,1,0,0,0,0,0,0,0,0,0,1,1,0,0,0,0,0,0,0,0,0,0,0,0,0,0,0,0,0,0,0,0,0,0,4,0,40.0264,-75.1938, , 
30155,351764,2015047522,6,67,67301,2015,4,6,1454,14,1,1,0,5,1, , ,N,0,0,0,3,0,0,2,2,N,N,39 55:18.877,75 11:20.428,1458, ,1456, ,0, , , ,0, , , , , , , , , ,2,1,0,0,0,0,1,0,0,0,0,0,0,0,0,0,0,0,0,0,0,0,0,0,0,0,0,0,0,0,0,0,0,0,0,0,0,39.9219,-75.189, , 
30156,351773,2015130091,6,67,67301,2015,11,3,1345,13,1,2,1,1,1, , ,N,0,0,0,3,0,3,5,3,N,N,39 59:58.367,75 08:13.673,1400, ,1358, ,0, ,N, ,0, , , , , , , , , ,3,3,0,0,0,0,0,0,0,0,0,3,3,0,0,0,0,0,0,0,1,0,0,0,0,0,0,0,0,0,0,0,0,0,0,4,0,39.9995,-75.1371, , 
30157,351785,2016013940,6,67,67301,2015,12,4,1030,10,1,1,0,4,6, , ,N,0,0,0,3,0,0,1,3,N,N,39 58:13.427,75 14:06.722,1054, ,1054, ,0, ,N, ,0, , , , , , , , , ,3,3,0,0,0,0,0,0,0,0,0,0,0,0,0,0,0,0,0,0,0,0,0,0,0,0,0,0,0,0,0,0,0,0,0,0,0,39.9704,-75.2352, , 
30158,351787,2015115082,6,67,67301,2015,10,1,1415,14,1,1,0,8,1, , ,N,0,0,0,3,1,0,2,2,N,N,40 01:37.662,75 06:54.376,1433, ,1416,3,2,2,N,0,0,Y, , , , , , , , ,1,1,0,0,0,0,0,0,0,0,0,0,0,0,0,0,0,0,0,0,0,1,0,0,0,0,0,0,0,0,0,0,1,1,0,1,0,40.0271,-75.1151,2, 
30159,351788,2015115134,6,67,67301,2015,10,2,828,8,1,1,0,8,1, , ,N,0,0,0,3,0,1,3,2,N,Y,40 01:46.038,75 08:02.644,840, ,830, ,0, ,N, ,0, , , , , , , , , ,1,1,0,0,0,0,0,0,0,0,0,1,1,0,0,0,0,0,0,0,0,0,0,0,0,0,0,0,0,0,0,0,1,0,0,4,0,40.0295,-75.1341, , 
30160,351800,2015128597,6,67,67301,2015,11,6,845,8,8,1,0,1,1, , ,N,0,2,0,3,0,4,5,2,N,N,39 54:22.960,75 11:33.930,850, ,845, ,0, ,N, ,3, , , , , , , , , ,2,1,0,0,0,0,1,0,0,0,0,4,4,0,0,0,0,0,0,0,0,0,0,0,0,0,0,0,0,0,0,0,0,0,0,4,0,39.9064,-75.1928, , 
30161,351804,2015133754,6,67,67301,2015,11,4,910,9,1,2,1,4,1, , ,N,2,2,7,3,0,2,3,5,N, ,40 02:12.681,75 07:15.877,920, ,913, ,0, ,N, ,3, , , , , , , , , ,5,2,0,0,0,1,1,1,0,1,0,0,2,1,0,0,0,0,0,0,1,0,0,0,0,0,0,0,0,0,0,0,0,0,0,2,1,40.0369,-75.1211, , 
30162,351810,2016025988,6,67,67301,2015,12,6,1607,16,1,1,0,4,1, , ,N,1,2,0,3,0,0,2,2,N,N,40 05:57.023,74 59:12.970,1715, ,1712, ,0, , , ,3, , , , , , , , , ,2,1,0,0,0,0,1,0,0,0,0,0,0,0,0,0,0,0,0,0,1,0,0,0,0,0,0,0,0,0,0,0,0,0,0,0,0,40.0992,-74.9869, , 
30163,351812,2015092063,6,67,67301,2015,8,3,1300,13,1,1,0,1,1, , ,N,0,0,6,3,0,1,3,2,N,N,40 06:31.719,74 59:42.718,1305, ,1304,1,1,1, , ,0,N, , , , , , , , ,2,1,0,0,0,0,0,1,0,0,0,0,1,1,0,0,0,0,0,0,0,0,0,0,0,0,0,0,0,0,0,0,0,0,0,8,0,40.1088,-74.9952, , 
30164,351848,2015061938,6,67,67301,2015,5,4,1732,17,1,1,0,8,1, , ,N,0,0,0,3,0,1,2,2,N,N,40 02:08.173,75 02:48.062,1741, ,1738,9,1,4,N, ,0,N, , , , , , , , ,1,1,0,0,0,0,0,0,0,0,0,0,1,1,0,0,0,0,0,0,0,0,0,0,0,0,0,0,0,0,0,0,1,0,0,8,0,40.0356,-75.0467, , 
30165,351856,2015072869,6,67,67301,2015,6,1,1125,11,1,1,0,2,1, , ,N,0,0,0,3,0,1,2,2,N,N,39 59:39.276,75 09:24.950,1135, ,1130, ,0, ,N, ,0, , , , , , , , , ,1,0,1,0,0,0,0,0,1,0,1,0,1,0,1,0,0,0,0,0,0,0,0,0,0,0,0,0,0,0,0,0,0,0,0,3,0,39.9942,-75.1569, , 
30166,351858,2015075806,6,67,67301,2015,7,4,2030,20,3,1,0,1,6, , ,N,0,0,0,3,0,1,1,2,N,N,40 00:11.582,75 09:55.685,2034, ,2032, ,0, ,N, ,0, , , , , , , , , ,2,1,0,0,0,0,1,0,0,0,0,1,1,0,0,0,0,0,0,0,0,0,0,0,0,0,0,0,0,0,0,0,0,0,0,4,0,40.0032,-75.1655, , 
30167,357023,2015063901,6,67,67301,2015,6,4,1512,15,1,1,0,8,1, , ,N,1,2,0,3,0,1,2,2,N, ,39 57:24.631,75 10:03.320,1518, ,1516, ,0, , , ,3, , , , , , , , , ,1,1,0,0,0,0,0,0,1,0,0,1,1,0,0,0,0,0,0,0,0,0,0,0,0,0,0,0,0,0,0,0,0,0,0,4,0,39.9568,-75.1676, , 
30168,357027,2016012848,6,67,67301,2015,7,4,845,8,1,1,0,1,1, , ,N,1,2,0,3,0,1,2,2,N,N,39 57:47.085,75 13:27.213,0, ,0, ,0, ,N, ,3, , , , , , , , , ,2,1,0,0,0,0,0,0,0,0,0,0,1,1,0,0,0,0,0,0,0,1,0,0,0,0,0,0,0,0,0,0,0,0,0,8,0,39.9631,-75.2242, , 
30169,357033,2015115026,6,67,67301,2015,10,6,610,6,2,1,0,5,6, , ,N,0,0,0,3,0,0,1,2,N,N,40 01:52.395,75 08:21.613,620, ,615, ,0, ,N, ,0, , , , , , , , , ,2,2,0,0,0,0,0,0,0,0,0,0,0,0,1,0,0,0,0,0,0,0,0,0,0,0,0,0,0,0,0,0,0,0,0,9,0,40.0312,-75.1393, , 
30170,357038,2015118150,6,67,67301,2015,10,7,310,3,3,1,0,4,1, , ,N,1,2,0,3,0,2,4,3,N,N,39 58:10.310,75 13:31.350,315, ,313, ,0, , , ,3, , , , , , , , , ,3,1,0,0,0,1,1,0,0,0,0,2,2,0,0,0,0,0,0,0,0,0,0,0,0,0,0,0,0,0,0,0,0,0,0,4,1,39.9695,-75.2254, , 
30171,357052,2015131258,6,67,67301,2015,11,1,1645,16,3,1,0,4,1, , ,N,1,2,0,3,0,1,2,2,N,N,39 57:43.161,75 14:26.866,1655, ,1652, ,0, ,N, ,3, , , , , , , , , ,2,2,0,0,0,0,0,0,0,0,0,0,1,1,0,0,0,0,0,0,0,0,0,1,0,0,0,0,0,0,0,0,0,0,0,8,0,39.9619,-75.2408, , 
30172,357067,2015116149,6,67,67301,2015,10,1,1420,14,1,1,0,6,1, , ,N,0,0,0,3,0,2,3,2,N,N,39 58:13.765,75 11:23.410,1450, ,1445,2,2,5,N, ,0,Y, , , , , , , , ,2,1,0,0,0,0,1,0,0,1,0,0,2,1,0,0,0,0,0,0,1,0,0,0,0,0,0,0,0,0,0,0,0,0,0,2,0,39.9705,-75.1898, , 
30173,357071,2015120985,6,67,67301,2015,11,2,2026,20,3,1,0,4,1, , ,N,1,2,0,3,0,1,2,2,N, ,40 03:47.184,75 03:06.187,2030, ,2026, ,0, , , ,3, , , , , , , , , ,2,1,0,0,0,0,1,0,0,0,0,0,1,1,0,0,0,0,0,0,0,0,0,0,0,0,0,0,0,0,0,0,0,0,0,8,0,40.0631,-75.0516, , 
30174,357090,2015073230,6,67,67301,2015,7,4,857,8,1,1,0,1,1, , ,N,0,0,0,3,0,3,3,2,N,N,40 00:57.346,75 10:34.053,905, ,900,2,2,2,N, ,0,Y, , , , , , , , ,2,2,0,0,0,0,0,0,0,0,0,3,3,0,0,0,0,0,0,0,0,0,0,0,0,0,0,0,0,0,0,0,0,0,0,4,0,40.0159,-75.1761, , 
30175,357103,2015091183,6,67,67301,2015,8,5,1701,17,1,1,0,7,4, , ,N,1,2,0,3,0,1,1,1,N,N,39 55:35.330,75 11:09.731,1701, ,1701, ,0, , , ,3, , , , , , , , , ,1,1,0,0,0,0,0,0,0,0,0,0,1,1,0,0,0,0,0,0,0,0,0,0,0,0,0,0,0,0,0,0,0,0,0,8,0,39.9265,-75.186, , 
30176,357106,2015096116,6,67,67301,2015,8,6,1655,16,1,1,0,8,1, , ,N,1,2,0,3,0,1,2,2,N, ,39 58:08.526,75 09:36.120,9999, ,9999, ,0, , , ,3, , , , , , , , , ,1,0,0,0,0,0,1,0,0,0,0,0,1,1,0,0,0,0,0,0,0,0,1,0,0,0,0,0,0,0,0,0,1,0,0,8,0,39.9689,-75.1599, , 
30177,357107,2015098041,6,67,67301,2015,9,3,645,6,5,1,0,1,1, , ,N,0,2,0,3,0,0,2,2,N,N,40 04:25.733,75 11:25.604,832, ,827,3,1,1,N, ,3,N, , , , , , , , ,2,1,0,0,0,0,1,0,0,0,0,0,0,0,0,0,0,0,0,0,0,0,0,0,0,0,0,0,0,0,0,0,0,0,0,0,0,40.0738,-75.1904, , 
30178,357113,2015102007,6,67,67301,2015,9,2,1640,16,1,1,0,4,1, , ,N,1,2,0,3,0,4,4,2,N,N,39 58:21.766,75 12:14.569,1640, ,1640, ,0, , , ,3, , , , , , , , , ,2,2,0,0,0,0,0,0,0,0,0,0,4,4,0,0,0,0,0,0,0,0,0,0,0,0,0,0,0,0,0,0,0,0,0,8,0,39.9727,-75.204, , 
30179,357128,2015103303,6,67,67301,2015,9,2,140,1,3,1,0,5,6, , ,N,0,0,0,3,0,0,1,3,N,N,39 55:41.173,75 09:25.388,142, ,141,2,2,1,N, ,0,N, , , , , , , , ,3,3,0,0,0,0,0,0,0,0,0,0,0,0,0,0,0,0,0,0,0,0,0,0,0,0,0,0,0,0,0,0,0,0,0,0,0,39.9281,-75.1571, , 
30180,357133,2015109359,6,67,67301,2015,10,5,740,7,1,1,0,1,1, , ,N,0,0,1,3,0,0,2,2,N,N,39 55:17.369,75 11:26.131,900, ,842, ,0, ,N, ,0, , , , , , , , , ,2,2,0,0,0,0,0,0,0,0,0,0,0,0,0,0,0,0,0,1,0,0,0,0,0,0,0,0,0,0,0,0,0,0,0,0,0,39.9215,-75.1906, , 
30181,357159,2015064016,6,67,67301,2015,6,3,1745,17,1,2,1,7,4, , ,N,0,0,0,3,0,0,1,1,N,N,39 59:01.187,75 12:10.788,1751, ,1746,2,1,2,N, ,0,Y, , , , , , , , ,1,1,0,0,0,0,0,0,0,0,0,0,0,0,0,0,0,0,0,0,0,0,0,0,0,0,0,0,0,0,0,0,0,0,0,0,0,39.9837,-75.203, , 
30182,357163,2015073239,6,67,67301,2015,7,4,805,8,1,1,0,1,1, , ,N,0,0,0,3,0,2,3,2,N,N,39 57:43.101,75 12:58.743,1100, ,1045, ,0, ,N, ,0, , , , , , , , , ,2,0,0,0,0,0,2,0,0,0,0,2,2,0,0,0,0,1,0,0,1,0,0,0,0,0,0,0,0,0,0,0,0,0,0,4,0,39.962,-75.2163, , 
30183,357168,2015078674,6,67,67301,2015,7,3,818,8,1,1,0,1,1, , ,N,1,2,0,3,0,1,2,2,N,N,39 53:40.603,75 14:12.181,833, ,830,2,1,1,N, ,3,N, , , , , , , , ,2,1,0,0,0,1,0,0,0,0,0,0,1,1,0,0,0,0,0,0,0,1,0,0,0,0,0,0,0,0,0,0,0,0,0,8,1,39.8946,-75.2367, , 
30184,357178,2015097607,6,67,67301,2015,9,4,652,6,1,1,0,1,1, , ,N,0,0,0,3,0,1,3,3,N,N,39 58:19.325,75 11:36.844,657, ,652, ,0, ,N, ,0, , , , , , , , , ,3,0,0,0,0,1,2,0,0,0,0,0,1,1,1,0,0,0,0,0,1,0,0,0,0,0,0,0,0,0,0,0,0,0,0,8,1,39.972,-75.1936, , 
30185,354631,2016001016,6,67,67301,2015,12,1,1535,15,1,1,0,7,4, , ,N,1,3,0,3,0,1,1,1,N,N,40 00:04.600,75 10:28.340,1540, ,1538, ,0, ,N, ,3, , , , , , , , , ,1,1,0,0,0,0,0,0,0,0,0,0,1,1,0,0,0,0,0,0,1,0,0,0,0,0,0,0,0,0,0,0,0,0,0,8,0,40.0013,-75.1745, , 
30186,354634,2016006044,6,67,67301,2015,12,4,9999,99,3,2,1,8,1, , ,N,1,2,0,3,0,1,2,2,N,N,39 56:41.420,75 10:30.111,2040, ,2030, ,0, ,N, ,9, , , , , , , , , ,1,1,0,0,0,0,0,0,0,0,0,0,1,1,1,0,0,0,0,0,0,0,0,0,0,0,0,0,0,0,0,0,1,0,0,8,0,39.9448,-75.175, , 
30187,354636,2016028776,6,67,67301,2015,12,3,1751,17,3,1,0,5,1, , ,N,0,8,0,3,0,1,7,3,N,N,39 57:20.286,75 10:50.987,1800, ,1751,1,2,3, , ,3,N, , , , , , , , ,3,3,0,0,0,0,0,0,0,0,0,1,1,0,0,0,0,0,0,0,0,0,1,0,0,0,0,0,0,0,0,0,0,0,0,4,0,39.9556,-75.1808, , 
30188,354645,2015114530,6,67,67301,2015,10,1,2314,23,3,1,0,4,1, , ,N,1,2,0,3,0,0,3,4,N,N,39 56:33.464,75 08:56.209,2325, ,2317, ,0, ,N, ,3, , , , , , , , , ,4,3,0,0,0,0,1,0,0,0,0,0,0,0,1,0,0,0,0,0,0,0,0,0,0,0,0,0,0,0,0,0,0,0,0,9,0,39.9426,-75.1489, , 
30189,354658,2015129040,6,67,67301,2015,11,1,2030,20,3,1,0,1,1, , ,N,0,0,0,3,0,3,4,3,N,N,40 00:36.911,75 04:46.660,2135, ,2129, ,0, ,N, ,0, , , , , , , , , ,3,1,0,0,0,0,2,0,0,0,0,3,3,0,0,0,0,0,0,0,1,0,0,1,0,0,0,0,0,0,0,0,0,0,0,4,0,40.0103,-75.0796, , 
30190,354664,2016000553,6,67,67301,2015,12,3,1317,13,1,1,0,5,1, , ,N,0,0,0,3,0,0,2,3,N,N,39 57:26.924,75 09:34.482,1400, ,1328, ,0, ,N, ,0, , , , , , , , , ,2,2,0,0,0,0,0,0,0,0,0,0,0,0,0,0,0,0,0,0,0,0,0,0,0,0,0,0,0,0,0,0,0,0,0,0,0,39.9575,-75.1596, , 
30191,354668,2015088758,6,67,67301,2015,8,4,1650,16,1,1,0,1,1, , ,N,0,0,0,3,0,1,6,2,N,N,40 02:53.186,75 14:06.258,1657, ,1652,1,1,2,N, ,0,N, , , , , , , , ,2,0,0,1,0,0,1,0,0,0,0,0,1,1,0,0,0,0,0,0,1,0,0,1,0,0,0,0,0,0,0,0,0,0,0,8,1,40.0481,-75.2351, , 
30192,354677,2015099145,6,67,67301,2015,8,5,2130,21,3,2,1,5,1, , ,N,0,0,0,3,0,3,3,2,N,N,39 57:30.832,75 13:32.906,2135, ,2135, ,0, ,N, ,0, , , , , , , , , ,2,2,0,0,0,0,0,0,0,0,0,3,3,0,0,0,0,0,0,0,0,0,0,0,0,0,0,0,0,0,0,0,0,0,0,4,0,39.9586,-75.2258, , 
30193,354678,2015100014,6,67,67301,2015,9,5,2029,20,3,1,0,7,3, , ,N,0,0,0,3,0,0,1,1,N,N,39 58:04.089,75 11:23.060,2029, ,2029,1,1,4,N, ,0,N, , , , , , , , ,1,1,0,0,0,0,0,0,0,0,0,0,0,0,0,0,0,0,0,0,0,0,0,0,0,0,0,0,0,0,0,0,0,0,0,0,0,39.9678,-75.1897, , 
30194,354696,2015131316,6,67,67301,2015,11,5,1445,14,1,1,0,7,4, , ,N,1,2,0,3,0,0,1,1,N,N,40 02:58.826,75 03:29.802,1500, ,1445, ,0, ,N, ,3, , , , , , , , , ,1,0,0,0,0,0,1,0,0,0,0,0,0,0,0,0,0,0,0,0,1,0,0,0,0,0,0,0,0,0,0,0,0,0,0,0,0,40.0496,-75.0582, , 
30195,354697,2015133540,6,67,67301,2015,12,5,1605,16,1,1,0,1,1,1,4,Y,0,0,0,3,0,1,3,2,N,N,40 01:12.106,75 02:39.685,1619,45,1607, ,0, ,N, ,0, ,N,N,N,N,N,N,N,Y,2,0,0,0,2,0,0,0,0,0,0,1,1,0,0,0,0,0,0,0,1,0,0,0,0,0,0,0,0,0,0,0,0,0,0,4,0,40.02,-75.0444, , 
30196,354698,2015133745,6,67,67301,2015,11,5,1940,19,2,2,1,6,1, , ,N,0,0,0,3,0,2,2,2,N,N,40 03:47.197,75 12:01.563,2050, ,2043, ,0, ,N, ,0, , , , , , , , , ,2,2,0,0,0,0,0,0,0,0,0,0,2,2,0,0,0,0,0,0,1,0,0,0,0,0,0,0,0,0,0,0,0,0,0,8,0,40.0631,-75.2004, , 
30197,354713,2015071479,6,67,67301,2015,6,4,554,5,3,1,0,5,1, , ,N,0,4,0,3,0,0,2,2,N,N,39 58:33.712,75 11:43.465,554, ,554, ,0, ,N, ,3, , , , , , , , , ,2,1,0,0,0,1,0,0,0,0,0,0,0,0,1,0,0,0,0,0,0,0,0,0,0,0,0,0,0,0,0,0,0,0,0,9,1,39.976,-75.1954, , 
30198,354717,2015074956,6,67,67301,2015,6,3,120,1,3,2,1,7,4, , ,N,0,0,0,3,0,1,1,1,N,N,39 58:57.309,75 12:27.900,129, ,123,2,2,4,N, ,0,N, , , , , , , , ,1,0,0,0,1,0,0,0,0,0,0,0,1,1,0,0,0,0,0,0,0,0,0,1,0,0,0,0,0,0,0,0,0,0,0,8,0,39.9826,-75.2078, , 
30199,354769,2015087420,6,67,67301,2015,5,5,2300,23,3,1,0,1,1, , ,N,2,0,0,3,0,1,2,2,N,N,39 56:18.761,75 14:04.043,0, ,0, ,0, ,N, ,0, , , , , , , , , ,2,2,0,0,0,0,0,0,0,0,0,0,1,1,0,0,0,0,0,0,1,0,0,0,0,0,0,0,0,0,0,0,0,0,0,8,0,39.9386,-75.2345, , 
30200,354776,2015095736,6,67,67301,2015,8,1,2115,21,2,1,0,5,1, , ,N,1,2,0,3,0,0,2,4,N,N,39 57:46.609,75 08:27.409,2133, ,2128,9,1,2, , ,3,N, , , , , , , , ,4,2,0,0,1,0,1,0,0,0,0,0,0,0,1,0,0,0,1,0,0,0,0,0,0,0,0,0,0,0,0,0,0,0,0,9,0,39.9629,-75.1409, , 
30201,354784,2015105121,6,67,67301,2015,9,2,1745,17,1,1,0,5,1, , ,N,0,0,0,3,0,1,3,2,N,N,39 58:51.055,75 06:37.594,1800, ,1750, ,0, ,N, ,0, , , , , , , , , ,2,0,0,1,0,0,1,0,0,0,0,1,1,0,0,0,0,0,0,0,1,0,0,1,0,0,0,0,0,0,0,0,0,0,0,4,1,39.9808,-75.1104, , 
30202,354790,2015084460,6,67,67301,2015,7,7,2126,21,3,1,0,4,1, , ,N,1,2,0,3,0,1,2,2,N,N,39 56:37.139,75 09:55.997,2142, ,2128, ,0, ,N, ,3, , , , , , , , , ,2,1,1,0,0,0,0,0,0,0,1,0,1,0,0,0,0,0,0,0,0,0,0,0,0,0,0,0,0,0,0,0,0,0,0,3,0,39.9437,-75.1654, , 
30203,354792,2015085303,6,67,67301,2015,8,7,1109,11,1,1,0,4,1, , ,N,1,2,0,3,0,0,7,2,N,N,40 03:24.231,75 03:38.871,1115, ,1109,2,1,2, , ,3,N, , , , , , , , ,2,1,0,0,0,0,1,0,0,0,0,0,0,0,0,0,0,0,0,0,0,0,0,6,0,0,0,0,0,0,0,0,0,0,0,0,0,40.0567,-75.0608, , 
30204,349036,2015066228,6,67,67301,2015,6,7,1550,15,1,1,0,4,1, , ,N,1,2,0,3,0,0,2,2,N, ,39 57:15.080,75 10:11.059,1955, ,1950,1,1,4, , ,3,N, , , , , , , , ,2,1,0,0,0,0,1,0,0,0,0,0,0,0,0,0,0,0,0,0,0,1,0,0,0,0,0,0,0,0,0,0,0,0,0,0,0,39.9542,-75.1698, , 
30205,349062,2015091060,6,67,67301,2015,8,3,540,5,1,1,0,7,3, , ,N,0,0,0,3,0,1,1,1,N,N,39 53:34.192,75 13:25.063,557, ,546, ,0, ,N, ,0, , , , , , , , , ,1,1,0,0,0,0,0,0,0,0,0,0,1,1,0,0,0,0,0,0,0,0,0,0,0,0,0,0,0,0,0,0,0,0,0,8,0,39.8928,-75.2236, , 
30206,349064,2015092072,6,67,67301,2015,8,7,135,1,3,1,0,5,6, , ,N,0,0,0,3,0,0,1,4,N,N,40 01:26.520,75 07:51.319,140, ,140, ,0, ,N, ,0, , , , , , , , , ,4,3,0,0,1,0,0,0,0,0,0,0,0,0,0,0,0,0,0,0,0,0,0,0,0,0,0,0,0,0,0,0,0,0,0,0,0,40.024,-75.1309, , 
30207,349075,2015078666,6,67,67301,2015,7,6,1200,12,1,1,0,4,1, , ,N,5,2,1,3,0,2,4,2,N,N,39 59:42.637,75 06:56.944,1206, ,1205, ,0, ,N, ,3, , , , , , , , , ,2,1,0,0,1,0,0,0,0,0,0,0,2,2,0,0,0,0,0,0,1,0,0,0,0,0,0,0,0,0,0,0,0,0,0,8,0,39.9952,-75.1158, , 
30208,349078,2015081024,6,67,67301,2015,7,5,2000,20,3,1,0,7,4, , ,N,0,0,0,3,0,1,1,1,N, ,40 01:06.430,75 10:58.428,2025, ,2022, ,0, , , ,0, , , , , , , , , ,1,1,0,0,0,0,0,0,0,0,0,0,1,1,0,0,0,0,0,0,1,0,0,0,0,0,0,0,0,0,0,0,0,0,0,8,0,40.0185,-75.1829, , 
30209,349098,2015101993,6,67,67301,2015,9,7,2018,20,3,1,0,8,1, , ,N,0,0,0,3,0,1,2,2,N, ,40 02:55.953,75 03:42.834,2030, ,2023, ,0, , , ,0, , , , , , , , , ,1,1,0,0,0,0,0,0,0,0,0,1,1,0,0,0,0,0,0,0,0,0,0,1,0,0,0,0,0,0,0,0,1,0,0,4,0,40.0489,-75.0619, , 
30210,349112,2015123022,6,67,67301,2015,11,4,1901,19,3,1,0,7,4, , ,N,0,0,1,3,0,0,7,1,N,N,39 56:39.405,75 11:50.696,1930, ,1901, ,0, ,N, ,0, , , , , , , , , ,1,1,0,0,0,0,0,0,0,0,0,0,0,0,0,0,0,0,0,0,0,0,0,1,0,0,0,0,0,0,0,0,0,0,0,0,0,39.9443,-75.1974, , 
30211,349122,2015103809,6,67,67301,2015,9,4,756,7,1,1,0,4,1, , ,N,1,2,0,3,0,1,14,2,N, ,39 59:27.769,75 10:06.848,815, ,808, ,0, , , ,3, , , , , , , , , ,2,0,0,1,0,0,0,1,0,0,0,1,1,0,0,0,0,0,0,0,1,0,0,3,0,0,0,0,0,0,0,0,0,0,0,4,1,39.991,-75.1686, , 
30212,349134,2015114614,6,67,67301,2015,10,3,1630,16,1,1,0,8,1, , ,N,2,0,0,3,0,1,2,2,N, ,39 57:43.696,75 12:14.075,1705, ,1657, ,0, , , ,0, , , , , , , , , ,1,0,0,1,0,0,0,0,0,0,0,1,1,0,0,0,0,0,0,0,0,0,0,0,0,0,0,0,0,0,0,0,1,0,0,4,1,39.9621,-75.2039, , 
30213,349143,2015085237,6,67,67301,2015,8,6,945,9,1,1,0,4,1, , ,N,1,2,0,3,0,1,2,2,N, ,39 59:00.369,75 09:30.823,946, ,945,2,1,5, , ,3,Y, , , , , , , , ,2,1,0,0,0,0,1,0,0,0,0,0,1,1,0,0,0,0,0,0,0,0,0,0,0,0,0,0,0,0,0,0,0,0,0,8,0,39.9834,-75.1586, , 