objectid_1,objectid,crn,district,county,municipality,crash_year,crash_month,day_of_week,time_of_day,hour_of_day,illumination,weather,road_condition,collision_type,relation_to_road,work_zone_type,work_zone_loc,work_zone_ind,intersect_type,tcd_type,location_type,urban_rural,fatal_count,injury_count,person_count,total_units,sch_bus_ind,sch_zone_ind,latitude,longitude,arrival_tm,cons_zone_spd_lim,dispatch_tm,est_hrs_closed,lane_closed,ln_close_dir,ntfy_hiwy_maint,spec_juris_cd,tcd_func_cd,tfc_detour_ind,workers_pres,wz_close_detour,wz_flagger,wz_law_offcr_ind,wz_ln_closure,wz_moving,wz_other,wz_shlder_mdn,vehicle_count,automobile_count,motorcycle_count,bus_count,small_truck_count,heavy_truck_count,suv_count,van_count,bicycle_count,maj_inj_count,mod_inj_count,min_inj_count,tot_inj_count,unk_inj_deg_count,unk_inj_per_count,driver_count_16yr,driver_count_17yr,driver_count_18yr,driver_count_19yr,driver_count_20yr,driver_count_50_64yr,driver_count_65_74yr,driver_count_75plus,unbelted_occ_count,unb_death_count,unb_maj_inj_count,belted_death_count,belted_maj_inj_count,mcycle_death_count,mcycle_maj_inj_count,bicycle_death_count,bicycle_maj_inj_count,ped_count,ped_death_count,ped_maj_inj_count,max_severity_level,comm_veh_count,dec_lat,dec_long,rdwy_surf_type_cd,county_name
30214,349161,2015099141,6,67,67301,2015,9,2,657,6,1,1,0,4,1, , ,N,2,2,2,3,0,1,2,2,N, ,40 00:01.112,75 05:01.173,710, ,705,9,2,7, , ,3,N, , , , , , , , ,2,2,0,0,0,0,0,0,0,0,0,0,1,1,0,0,0,0,0,0,0,0,0,0,0,0,0,0,0,0,0,0,0,0,0,8,0,40.0003,-75.0837, , 
30215,349169,2015105947,6,67,67301,2015,9,4,1545,15,1,1,0,1,1, , ,N,0,0,0,3,0,1,3,3,N,N,40 06:59.335,75 00:22.528,1602, ,1555,2,2,6,N, ,0,Y, , , , , , , , ,3,2,0,0,1,0,0,0,0,0,0,1,1,0,0,0,0,0,0,0,0,0,1,0,0,0,0,0,0,0,0,0,0,0,0,4,0,40.1165,-75.0063, , 
30216,349194,2015131246,6,67,67301,2015,12,7,1715,17,3,1,0,4,1, , ,N,2,3,0,3,0,0,4,2,N,N,40 03:31.658,75 09:27.874,1732, ,1727, ,0, ,N, ,3, , , , , , , , , ,2,2,0,0,0,0,0,0,0,0,0,0,0,0,0,0,0,0,0,0,1,0,0,0,0,0,0,0,0,0,0,0,0,0,0,0,0,40.0588,-75.1577, , 
30217,349210,2015059100,6,67,67301,2015,5,3,1230,12,1,1,0,4,1, , ,N,0,0,7,3,0,0,4,2,N, ,39 59:47.709,75 05:27.596,1301, ,1300, ,0, , , ,0, , , , , , , , , ,2,0,0,0,0,0,2,0,0,0,0,0,0,0,0,0,0,0,0,0,0,1,0,0,0,0,0,0,0,0,0,0,0,0,0,0,0,39.9966,-75.091, , 
30218,349219,2015082845,6,67,67301,2015,7,6,830,8,1,1,0,1,1, , ,N,7,3,2,3,0,1,2,2,N,N,40 00:39.639,75 12:22.116,846, ,840,1,1,4,N, ,3,N, , , , , , , , ,2,1,0,0,1,0,0,0,0,0,0,1,1,0,0,0,0,0,0,0,0,0,0,0,0,0,0,0,0,0,0,0,0,0,0,4,0,40.011,-75.2061, , 
30219,349226,2015095204,6,67,67301,2015,9,6,1614,16,1,1,0,4,1, , ,N,1,2,0,3,0,3,3,3,N, ,39 55:05.910,75 12:31.905,1622, ,1620,2,2,2, , ,3,Y, , , , , , , , ,3,1,0,0,0,0,0,2,0,0,0,3,3,0,0,0,0,0,0,1,0,0,0,0,0,0,0,0,0,0,0,0,0,0,0,4,0,39.9182,-75.2088, , 
30220,349235,2015102394,6,67,67301,2015,9,2,1745,17,1,1,0,8,1, , ,N,1,2,0,3,0,1,2,2,N,N,39 57:47.401,75 11:58.714,9999, ,1450, ,0, ,N, ,3, , , , , , , , , ,1,1,0,0,0,0,0,0,0,0,0,0,1,1,0,0,0,0,0,0,0,0,0,0,0,0,0,0,0,0,0,0,1,0,0,8,0,39.9632,-75.1996, , 
30221,349240,2015105135,6,67,67301,2015,9,6,750,7,2,1,0,4,1, , ,N,1,0,0,3,0,1,2,2,N,N,39 56:18.628,75 11:06.863,800, ,759, ,0, ,N, ,0, , , , , , , , , ,2,1,0,0,0,0,0,1,0,0,0,1,1,0,0,0,0,0,0,0,0,0,0,0,0,0,0,0,0,0,0,0,0,0,0,4,0,39.9385,-75.1852, , 
30222,349270,2015086980,6,67,67301,2015,3,7,1000,10,1,1,0,4,1, , ,N,0,0,0,3,0,0,2,2,N,N,39 55:04.182,75 12:39.168,0, ,0, ,0, ,N, ,0, , , , , , , , , ,2,1,0,0,0,0,1,0,0,0,0,0,0,0,0,0,0,0,0,0,0,0,0,0,0,0,0,0,0,0,0,0,0,0,0,0,0,39.9178,-75.2109, , 
30223,351864,2015083435,6,67,67301,2015,7,5,905,9,1,1,0,1,1, , ,N,0,0,7,3,0,1,2,2,N, ,40 04:31.677,75 01:07.822,910, ,908,1,1,4, , ,0,N, , , , , , , , ,2,1,0,0,0,1,0,0,0,0,1,0,1,0,0,0,0,0,0,0,1,0,0,2,0,0,0,0,0,0,0,0,0,0,0,3,1,40.0755,-75.0188, , 
30224,351865,2015084397,6,67,67301,2015,7,4,703,7,1,1,0,1,1, , ,N,0,0,0,3,0,2,3,2,N,N,40 01:29.380,75 07:47.828,720, ,705,1,1,4,N, ,0,N, , , , , , , , ,2,1,0,0,0,0,1,0,0,0,0,2,2,0,0,0,0,0,0,0,1,0,0,0,0,0,0,0,0,0,0,0,0,0,0,4,0,40.0248,-75.13, , 
30225,351886,2015103434,6,67,67301,2015,9,5,755,7,1,1,0,4,1, , ,N,1,3,0,3,0,4,4,2,N, ,40 02:48.494,75 05:38.374,801, ,757, ,0, , , ,3, , , , , , , , , ,2,0,0,0,0,0,2,0,0,0,0,4,4,0,0,0,0,0,0,0,0,0,0,0,0,0,0,0,0,0,0,0,0,0,0,4,0,40.0468,-75.094, , 
30226,351887,2015095669,6,67,67301,2015,8,4,1245,12,1,1,0,4,1, , ,N,1,3,0,3,0,1,2,2,N,N,39 57:24.825,75 12:22.359,1300, ,1251, ,0, ,N, ,3, , , , , , , , , ,2,1,0,0,0,0,0,1,0,0,0,0,1,1,0,0,0,0,0,0,1,0,0,0,0,0,0,0,0,0,0,0,0,0,0,8,0,39.9569,-75.2062, , 
30227,351921,2015130322,6,67,67301,2015,11,7,1345,13,1,1,0,1,1, , ,N,1,2,0,3,0,1,2,2,N,N,39 59:13.322,75 10:27.753,1351, ,1350, ,0, , , ,3, , , , , , , , , ,2,1,0,0,0,0,1,0,0,0,0,0,1,1,0,0,0,0,0,0,0,0,0,1,0,0,0,0,0,0,0,0,0,0,0,8,0,39.987,-75.1744, , 
30228,351922,2015130351,6,67,67301,2015,11,4,1130,11,1,1,0,4,1, , ,N,1,2,0,3,0,4,6,2,N, ,40 01:47.658,75 08:45.592,1150, ,1140, ,0, , , ,3, , , , , , , , , ,2,1,0,0,0,0,0,0,0,0,0,4,4,0,0,0,0,0,0,0,0,0,0,0,0,0,0,0,0,0,0,0,0,0,0,4,0,40.0299,-75.146, , 
30229,351934,2015117969,6,67,67301,2015,11,4,652,6,1,1,0,1,1, , ,N,7,3,0,3,0,1,2,2,N,N,40 00:33.653,75 12:18.287,712, ,706, ,0, ,N, ,3, , , , , , , , , ,2,0,0,0,0,0,2,0,0,0,0,0,1,1,0,0,0,0,0,0,1,0,0,0,0,0,0,0,0,0,0,0,0,0,0,8,0,40.0093,-75.2051, , 
30230,351953,2016000977,6,67,67301,2015,12,6,210,2,3,1,0,1,1, , ,N,1,2,0,3,0,0,2,2,N,N,39 55:16.534,75 11:37.854,216, ,215, ,0, , , ,3, , , , , , , , , ,2,2,0,0,0,0,0,0,0,0,0,0,0,0,0,0,0,0,0,0,0,0,0,1,0,0,0,0,0,0,0,0,0,0,0,0,0,39.9211,-75.1938, , 
30231,351958,2015114106,6,67,67301,2015,10,4,1649,16,1,1,0,8,1, , ,N,1,2,0,3,0,2,3,3,N,N,40 02:44.254,75 07:42.459,1650, ,1650,3,2,5, , ,3,Y, , , , , , , , ,1,0,0,1,0,0,0,0,0,1,0,1,2,0,0,0,0,0,0,0,1,0,0,0,0,0,0,0,0,0,0,0,2,0,1,2,1,40.0456,-75.1285, , 
30232,351965,2015078307,6,67,67301,2015,7,2,2300,23,3,1,0,8,1, , ,N,2,0,0,3,0,1,2,2,N,N,39 59:21.166,75 07:50.120,100, ,57, ,0, ,N, ,0, , , , , , , , , ,1,1,0,0,0,0,0,0,0,0,1,0,1,0,0,0,0,0,0,0,0,0,0,0,0,0,0,0,0,0,0,0,1,0,0,3,0,39.9892,-75.1306, , 
30233,351969,2015085231,6,67,67301,2015,8,1,2325,23,3,1,0,5,6, , ,N,0,0,0,3,0,1,2,2,N,N,40 02:35.324,75 05:02.963,2337, ,2336, ,0, ,N, ,0, , , , , , , , , ,2,2,0,0,0,0,0,0,0,0,0,0,1,1,0,0,0,0,0,0,0,0,0,0,0,0,0,0,0,0,0,0,0,0,0,8,0,40.0431,-75.0842, , 
30234,352000,2015073628,6,67,67301,2015,6,7,2350,23,3,2,1,7,4, , ,N,1,2,0,3,0,1,1,1,N,N,40 02:12.744,75 02:26.410,2359, ,2358, ,0, ,N, ,3, , , , , , , , , ,1,1,0,0,0,0,0,0,0,0,0,1,1,0,0,0,0,0,0,0,0,0,0,1,0,0,0,0,0,0,0,0,0,0,0,4,0,40.0368,-75.0405, , 
30235,352024,2015066196,6,67,67301,2015,6,3,1509,15,1,1,0,1,1, , ,N,1,2,0,3,0,2,4,2,N,N,39 58:00.185,75 09:37.919,1654, ,1653, ,0, ,N, ,3, , , , , , , , , ,2,2,0,0,0,0,0,0,0,0,0,2,2,0,2,0,0,0,0,0,0,0,0,0,0,0,0,0,0,0,0,0,0,0,0,4,0,39.9666,-75.1604, , 
30236,352031,2015075712,6,67,67301,2015,7,4,2150,21,3,1,0,7,4, , ,N,0,0,1,3,0,1,1,1,N,N,40 00:24.649,75 11:59.797,2219, ,2211, ,0, ,N, ,0, , , , , , , , , ,1,0,0,0,0,0,1,0,0,0,0,1,1,0,0,0,0,0,0,0,0,0,0,0,0,0,0,0,0,0,0,0,0,0,0,4,0,40.0068,-75.1999, , 
30237,352036,2015083316,6,67,67301,2015,7,6,2340,23,3,1,0,7,4, , ,N,0,0,0,3,0,1,2,4,N,N,40 01:42.117,75 07:11.855,2359, ,2355, ,0, ,N, ,0, , , , , , , , , ,4,1,0,0,0,0,2,1,0,0,1,0,1,0,0,0,0,0,0,0,0,0,0,0,0,0,0,0,0,0,0,0,0,0,0,3,0,40.0284,-75.12, , 
30238,352038,2015086236,6,67,67301,2015,8,6,253,2,3,1,8,7,4, , ,N,0,0,0,3,0,0,1,1,N,N,40 01:38.783,75 11:33.600,529, ,255, ,0, ,N, ,0, , , , , , , , , ,1,1,0,0,0,0,0,0,0,0,0,0,0,0,0,0,0,0,0,0,0,0,0,0,0,0,0,0,0,0,0,0,0,0,0,0,0,40.0274,-75.1927, , 
30239,352042,2015087388,6,67,67301,2015,4,1,1820,18,1,1,0,1,1, , ,N,1,2,0,3,0,1,2,2,N,N,40 04:09.505,75 00:26.083,0, ,0, ,0, ,N, ,3, , , , , , , , , ,2,0,0,0,1,0,0,0,0,0,0,0,1,1,0,0,0,0,0,0,1,0,0,0,0,0,0,0,0,0,0,0,0,0,0,8,0,40.0692,-75.0073, , 
30240,352052,2015093422,6,67,67301,2015,8,1,1425,14,1,1,0,8,1, , ,N,0,0,0,3,0,1,2,2,N,N,40 00:33.870,75 09:03.166,1440, ,1432, ,0, , , ,0, , , , , , , , , ,1,1,0,0,0,0,0,0,0,0,0,1,1,0,0,0,0,0,0,0,0,0,0,0,0,0,0,0,0,0,0,0,1,0,0,4,0,40.0094,-75.1509, , 
30241,357181,2015098957,6,67,67301,2015,9,6,823,8,1,1,0,4,1, , ,N,1,2,0,3,0,2,2,2,N,N,39 57:53.438,75 13:34.071,858, ,842, ,0, ,N, ,3, , , , , , , , , ,2,1,0,0,0,0,1,0,0,0,0,2,2,0,0,0,0,0,0,0,0,0,0,0,0,0,0,0,0,0,0,0,0,0,0,4,0,39.9648,-75.2261, , 
30242,357197,2015129991,6,67,67301,2015,11,1,600,6,1,1,8,8,1, , ,N,2,0,0,3,0,1,2,2,N, ,39 59:41.090,75 09:07.767,1835, ,1822, ,0, , , ,0, , , , , , , , , ,1,0,0,0,0,0,0,0,0,0,0,1,1,0,0,0,0,0,0,0,0,0,0,0,0,0,0,0,0,0,0,0,1,0,0,4,0,39.9947,-75.1522, , 
30243,357205,2016001036,6,67,67301,2015,12,1,1740,17,1,1,0,4,1, , ,N,0,0,0,3,0,1,2,2,N, ,40 03:15.606,75 03:47.509,1742, ,1738, ,0, , , ,0, , , , , , , , , ,2,2,0,0,0,0,0,0,0,0,0,0,1,1,0,0,0,0,0,0,0,0,0,1,0,0,0,0,0,0,0,0,0,0,0,8,0,40.0543,-75.0632, , 
30244,357229,2015131334,6,67,67301,2015,11,6,550,5,3,1,0,8,1, , ,N,1,2,0,3,0,1,2,2,N,N,40 01:58.442,75 06:24.270,555, ,550, ,0, ,N, ,3, , , , , , , , , ,1,1,0,0,0,0,0,0,0,0,0,1,1,0,0,0,0,0,0,0,1,0,0,0,0,0,0,0,0,0,0,0,1,0,0,4,0,40.0329,-75.1067, , 
30245,357235,2015135946,6,67,67301,2015,12,2,1512,15,1,1,0,4,1, , ,N,1,2,0,3,0,0,2,2,N,N,40 00:51.379,75 12:16.146,1518, ,1515, ,0, ,N, ,3, , , , , , , , , ,2,2,0,0,0,0,0,0,0,0,0,0,0,0,0,0,0,0,0,0,0,0,0,0,0,0,0,0,0,0,0,0,0,0,0,0,0,40.0143,-75.2047, , 
30246,357258,2015070248,6,67,67301,2015,5,7,1325,13,1,1,0,1,1,1,4,Y,0,0,0,3,0,0,4,4,N,N,40 00:35.548,75 03:52.604,1325,45,1325, ,0, ,N, ,0, ,Y,N,N,N,Y,N,N,Y,4,2,0,0,0,0,2,0,0,0,0,0,0,0,0,0,0,1,0,0,0,0,0,0,0,0,0,0,0,0,0,0,0,0,0,0,0,40.0099,-75.0646, , 
30247,357277,2015129954,6,67,67301,2015,11,3,1946,19,3,1,0,8,1, , ,N,0,0,0,3,0,1,3,3,N,N,40 02:23.569,75 03:58.232,1948, ,1948, ,0, ,N, ,0, , , , , , , , , ,2,2,0,0,0,0,0,0,0,0,0,0,1,1,0,0,0,0,0,0,0,0,0,2,0,0,0,0,0,0,0,0,1,0,0,8,0,40.0399,-75.0662, , 
30248,357289,2015061739,6,67,67301,2015,5,7,0,0,3,1,0,4,1, , ,N,0,0,0,3,0,1,4,2,N,N,39 58:02.010,75 10:20.762,42, ,40,9,2,4,N, ,0,N, , , , , , , , ,2,0,1,0,0,0,1,0,0,0,1,0,1,0,0,0,0,0,0,0,0,0,0,2,0,0,0,0,0,0,0,0,0,0,0,3,0,39.9672,-75.1724, , 
30249,357319,2016007653,6,67,67301,2015,12,1,2121,21,3,2,1,4,1, , ,N,1,2,0,3,0,0,2,2,N, ,40 00:31.249,75 04:07.877,2140, ,2128, ,0, , , ,3, , , , , , , , , ,2,2,0,0,0,0,0,0,0,0,0,0,0,0,0,0,0,0,0,0,1,0,0,0,0,0,0,0,0,0,0,0,0,0,0,0,0,40.0086,-75.0688, , 
30250,357326,2015118164,6,67,67301,2015,10,1,1025,10,1,1,0,6,4, , ,N,0,0,0,3,0,0,2,3,N,N,40 04:39.118,75 13:46.533,1034, ,1028, ,0, ,N, ,0, , , , , , , , , ,3,2,0,0,0,0,1,0,0,0,0,0,0,0,0,0,0,1,0,0,0,0,0,0,0,0,0,0,0,0,0,0,0,0,0,0,0,40.0775,-75.2296, , 
30251,357340,2015131288,6,67,67301,2015,11,1,1758,17,3,1,0,5,1, , ,N,0,0,0,3,0,2,4,2,N,N,39 58:29.881,75 11:45.887,1829, ,1810, ,0, ,N, ,0, , , , , , , , , ,2,1,0,0,0,0,0,1,0,0,0,0,2,2,0,0,0,0,0,0,0,0,0,0,0,0,0,0,0,0,0,0,0,0,0,8,0,39.975,-75.1961, , 
30252,357352,2015130330,6,67,67301,2015,11,3,55,0,3,1,0,4,1, , ,N,1,2,0,3,0,3,3,2,N,N,39 55:15.755,75 13:26.897,110, ,57, ,0, ,N, ,3, , , , , , , , , ,2,1,0,0,0,0,1,0,0,0,3,0,3,0,0,0,0,0,1,0,1,0,0,1,0,0,0,0,0,0,0,0,0,0,0,3,0,39.9211,-75.2242, , 
30253,357356,2015135812,6,67,67301,2015,12,4,1655,16,4,1,0,4,1, , ,N,1,3,0,3,0,2,3,3,N,N,40 01:03.039,75 03:24.436,1735, ,1725, ,0, ,N, ,3, , , , , , , , , ,1,1,0,0,0,0,0,0,2,0,0,2,2,0,1,0,0,0,0,0,0,0,0,0,0,0,0,0,0,0,0,0,0,0,0,4,0,40.0175,-75.0568, , 
30254,357368,2015073667,6,67,67301,2015,7,6,1053,10,1,1,0,4,1, , ,N,1,2,0,3,0,3,3,2,N,N,39 59:08.812,75 12:56.169,1103, ,1055, ,0, ,N, ,3, , , , , , , , , ,2,1,0,0,0,0,1,0,0,0,0,3,3,0,0,0,0,0,1,0,0,0,0,0,0,0,0,0,0,0,0,0,0,0,0,4,0,39.9858,-75.2156, , 
30255,357379,2015092047,6,67,67301,2015,8,6,1705,17,1,1,0,5,6, , ,N,0,0,0,3,0,0,1,2,N,N,39 57:03.625,75 12:21.243,1705, ,1705, ,0, ,N, ,0, , , , , , , , , ,2,0,0,0,1,0,1,0,0,0,0,0,0,0,0,0,0,0,0,0,0,0,0,0,0,0,0,0,0,0,0,0,0,0,0,0,1,39.951,-75.2059, , 
30256,357383,2015095147,6,67,67301,2015,9,3,2031,20,3,1,0,5,6, , ,N,0,0,0,3,0,1,2,3,N,N,39 56:19.263,75 13:36.427,2032, ,2031, ,0, ,N, ,0, , , , , , , , , ,2,2,0,0,0,0,0,0,0,0,1,0,1,0,0,0,0,1,0,0,0,0,0,0,0,0,0,0,0,0,0,0,1,0,0,3,0,39.9387,-75.2268, , 
30257,357397,2015107432,6,67,67301,2015,9,4,1055,10,1,2,1,1,1, , ,N,2,0,0,3,0,1,3,2,N,N,39 58:02.211,75 10:19.343,1116, ,1102, ,0, ,N, ,0, , , , , , , , , ,1,1,0,0,0,0,0,0,1,0,0,1,1,0,0,0,0,0,0,0,0,0,0,0,0,0,0,0,0,0,0,0,0,0,0,4,0,39.9673,-75.172, , 
30258,357409,2015110881,6,67,67301,2015,10,2,943,9,1,1,0,1,1, , ,N,0,0,0,3,0,3,5,3,N,N,39 59:57.714,75 11:43.566,1010, ,945,2,1,3,N, ,0,N, , , , , , , , ,3,1,0,0,1,1,0,0,0,0,0,3,3,0,0,0,0,0,0,0,0,0,0,0,0,0,0,0,0,0,0,0,0,0,0,4,2,39.9994,-75.1954, , 
30259,354807,2015101304,6,67,67301,2015,10,7,1019,10,1,2,1,4,1, , ,N,1,2,0,3,0,0,2,2,N,N,39 58:46.218,75 09:51.248,1020, ,1019, ,0, ,N, ,3, , , , , , , , , ,2,2,0,0,0,0,0,0,0,0,0,0,0,0,0,0,0,0,0,0,0,1,0,0,0,0,0,0,0,0,0,0,0,0,0,0,0,39.9795,-75.1642, , 
30260,354825,2015105123,6,67,67301,2015,9,2,830,8,1,1,0,4,1, , ,N,2,0,0,3,0,1,2,2,N,N,39 57:19.753,75 08:46.067,905, ,854,2,1,3,N, ,0,N, , , , , , , , ,2,0,0,0,0,1,1,0,0,0,0,1,1,0,0,0,0,0,0,0,0,0,0,0,0,0,0,0,0,0,0,0,0,0,0,4,1,39.9555,-75.1461, , 
30261,354832,2015114538,6,67,67301,2015,10,2,25,0,3,1,0,5,6, , ,N,0,0,0,3,0,0,1,2,N,N,40 00:38.998,75 06:15.155,43, ,25, ,0, ,N, ,0, , , , , , , , , ,2,2,0,0,0,0,0,0,0,0,0,0,0,0,0,0,0,0,0,0,0,0,0,0,0,0,0,0,0,0,0,0,0,0,0,0,0,40.0108,-75.1042, , 
30262,354833,2015115017,6,67,67301,2015,9,5,1720,17,1,1,0,4,1, , ,N,1,3,0,3,0,0,2,2,N,N,39 57:13.989,75 11:40.675,1730, ,1727, ,0, ,N, ,3, , , , , , , , , ,2,1,0,0,1,0,0,0,0,0,0,0,0,0,0,0,0,0,0,0,2,0,0,0,0,0,0,0,0,0,0,0,0,0,0,0,0,39.9539,-75.1946, , 
30263,354834,2015118158,6,67,67301,2015,10,3,2010,20,3,1,0,4,1, , ,N,1,3,0,3,0,0,2,2,N,N,40 03:09.450,75 03:11.933,2031, ,2022, ,0, ,N, ,3, , , , , , , , , ,2,0,0,0,0,0,2,0,0,0,0,0,0,0,0,0,0,0,0,0,2,0,0,0,0,0,0,0,0,0,0,0,0,0,0,0,0,40.0526,-75.0533, , 
30264,354851,2015113170,6,67,67301,2015,10,7,910,9,1,1,0,4,1, , ,N,1,2,0,3,0,0,3,2,N,N,39 54:07.750,75 14:49.138,924, ,921, ,0, ,N, ,3, , , , , , , , , ,2,2,0,0,0,0,0,0,0,0,0,0,0,0,1,0,0,0,0,0,0,0,0,0,0,0,0,0,0,0,0,0,0,0,0,9,0,39.9022,-75.247, , 
30265,354854,2015115077,6,67,67301,2015,10,6,1720,17,1,1,0,7,4, , ,N,0,0,0,3,0,1,1,1,N,N,40 01:29.070,75 04:36.249,1730, ,1723, ,0, ,N, ,0, , , , , , , , , ,1,0,0,0,0,0,1,0,0,0,0,0,1,1,0,0,0,0,0,0,0,0,0,1,0,0,0,0,0,0,0,0,0,0,0,8,0,40.0247,-75.0767, , 
30266,354858,2015084418,6,67,67301,2015,7,2,1857,18,1,1,0,1,1, , ,N,1,2,0,3,0,2,3,2,N,N,39 57:20.839,75 13:32.687,1912, ,1908, ,0, ,N, ,3, , , , , , , , , ,2,1,0,0,0,0,1,0,0,1,0,1,2,0,0,0,0,0,0,0,1,0,0,0,0,0,0,1,0,0,0,0,0,0,0,2,0,39.9558,-75.2257, , 
30267,354863,2015087911,6,67,67301,2015,8,2,1037,10,1,1,0,5,1, , ,N,0,0,0,3,0,1,2,2,N, ,39 57:00.309,75 11:29.421,1043, ,1041, ,0, , , ,0, , , , , , , , , ,1,1,0,0,0,0,0,0,1,0,0,1,1,0,0,0,0,0,0,0,0,0,0,0,0,0,0,0,0,0,0,0,0,0,0,4,0,39.9501,-75.1915, , 
30268,354871,2015098983,6,67,67301,2015,9,2,605,6,1,1,0,1,1, , ,N,2,2,0,3,0,0,2,2,N, ,40 04:07.379,75 04:02.423,635, ,631, ,0, , , ,3, , , , , , , , , ,2,2,0,0,0,0,0,0,0,0,0,0,0,0,0,0,0,0,0,0,0,0,0,0,0,0,0,0,0,0,0,0,0,0,0,0,0,40.0687,-75.0673, , 
30269,354875,2015101977,6,67,67301,2015,9,3,1100,11,1,1,0,1,1, , ,N,5,2,2,3,0,3,5,2,N, ,39 55:18.128,75 11:23.945,1150, ,1144, ,0, , , ,3, , , , , , , , , ,2,0,0,0,0,0,1,1,0,0,0,0,3,3,0,0,0,0,0,0,1,0,0,2,0,0,0,0,0,0,0,0,0,0,0,8,0,39.9217,-75.19, , 
30270,354898,2015075699,6,67,67301,2015,7,3,1134,11,1,1,0,8,1, , ,N,2,2,0,3,0,1,2,2,N, ,40 01:52.459,75 01:18.271,1144, ,1140,1,1,1, , ,3,Y, , , , , , , , ,1,1,0,0,0,0,0,0,0,0,0,1,1,0,0,0,0,0,0,0,0,1,0,0,0,0,0,0,0,0,0,0,1,0,0,4,0,40.0312,-75.0217, , 
30271,354921,2015076212,6,67,67301,2015,7,6,1808,18,1,1,0,5,1, , ,N,1,2,0,3,0,1,3,2,N,N,40 02:24.861,75 03:30.268,1812, ,1810,2,1,1,N, ,3,N, , , , , , , , ,2,0,0,0,0,0,2,0,0,0,0,1,1,0,0,0,0,0,0,0,1,0,0,0,0,0,0,0,0,0,0,0,0,0,0,4,0,40.0402,-75.0584, , 
30272,354932,2015093001,6,67,67301,2015,8,2,1030,10,1,9,0,6,1, , ,N,0,0,0,3,0,0,1,2,N,N,39 58:01.282,75 08:44.509,9999, ,1030, ,0, , , ,0, , , , , , , , , ,2,1,0,0,0,0,1,0,0,0,0,0,0,0,0,0,0,0,0,0,0,0,0,1,0,0,0,0,0,0,0,0,0,0,0,0,0,39.967,-75.1457, , 
30273,354948,2015115055,6,67,67301,2015,10,4,930,9,1,1,0,4,1, , ,N,1,2,0,3,0,0,2,2,N,N,39 55:26.156,75 13:19.597,956, ,954,2,1,3,N, ,3,N, , , , , , , , ,2,1,0,0,0,0,1,0,0,0,0,0,0,0,1,0,0,0,0,0,0,0,1,0,0,0,0,0,0,0,0,0,0,0,0,9,0,39.9239,-75.2221, , 
30274,354961,2015095726,6,67,67301,2015,8,7,2340,23,3,1,0,1,1, , ,N,1,2,0,3,0,1,5,3,N,N,39 59:03.239,75 05:56.509,2358, ,2350, ,0, , , ,3, , , , , , , , , ,3,2,0,0,0,0,0,1,0,0,0,1,1,0,0,0,0,0,0,0,0,0,0,0,0,0,0,0,0,0,0,0,0,0,0,4,0,39.9842,-75.099, , 
30275,354971,2015101985,6,67,67301,2015,9,7,1258,12,1,1,0,4,1, , ,N,1,2,0,3,0,1,3,2,N,N,39 57:04.025,75 10:42.594,1305, ,1258, ,0, ,N, ,3, , , , , , , , , ,2,2,0,0,0,0,0,0,0,0,0,1,1,0,0,0,0,0,0,0,1,0,0,0,0,0,0,0,0,0,0,0,0,0,0,4,0,39.9511,-75.1784, , 
30276,354979,2015061712,6,67,67301,2015,5,2,439,4,3,1,0,5,6, , ,N,0,0,0,3,0,1,1,2,N,N,39 57:16.140,75 11:34.599,439, ,439,2,2,3,N, ,0,N, , , , , , , , ,2,2,0,0,0,0,0,0,0,0,0,1,1,0,0,0,0,0,0,0,0,0,0,0,0,0,0,0,0,0,0,0,0,0,0,4,0,39.9545,-75.1929, , 
30277,349280,2015095777,6,67,67301,2015,8,7,9999,99,3,1,0,1,1, , ,N,1,2,0,3,0,2,7,3,N, ,39 59:10.535,75 06:15.872,1955, ,1953, ,0, , , ,3, , , , , , , , , ,3,2,0,0,0,0,1,0,0,0,0,2,2,0,0,0,0,0,0,0,0,0,0,0,0,0,0,0,0,0,0,0,0,0,0,4,0,39.9863,-75.1044, , 
30278,349301,2015099008,6,67,67301,2015,9,4,1139,11,1,1,0,8,1, , ,N,1,2,0,3,0,1,2,2,N,N,39 59:08.465,75 14:51.083,1153, ,1146, ,0, ,N, ,3, , , , , , , , , ,1,0,0,0,0,0,1,0,0,0,0,0,1,1,0,0,0,0,0,0,0,1,0,0,0,0,0,0,0,0,0,0,1,0,0,8,0,39.9857,-75.2475, , 
30279,349306,2015103422,6,67,67301,2015,9,2,2039,20,3,1,0,1,1, , ,N,1,2,0,3,0,1,4,2,N,N,40 00:37.460,75 04:45.357,2042, ,2040, ,0, ,N, ,3, , , , , , , , , ,2,1,0,0,0,0,1,0,0,0,0,1,1,0,1,0,0,0,0,0,1,0,0,0,0,0,0,0,0,0,0,0,0,0,0,4,0,40.0104,-75.0793, , 
30280,349325,2015128629,6,67,67301,2015,11,7,750,7,1,1,0,6,1, , ,N,0,0,0,3,0,0,1,4,N, ,40 01:02.819,75 12:47.403,754, ,756, ,0, , , ,0, , , , , , , , , ,4,2,0,0,0,0,2,0,0,0,0,0,0,0,0,0,0,0,0,0,0,0,0,0,0,0,0,0,0,0,0,0,0,0,0,0,0,40.0174,-75.2132, , 
30281,349352,2015084032,6,67,67301,2015,8,3,1700,17,1,1,1,1,1, , ,N,0,0,0,3,0,1,2,2,N,N,40 00:38.028,75 03:46.385,1725, ,1701,2,1,2,N, ,0,N, , , , , , , , ,2,2,0,0,0,0,0,0,0,0,0,0,1,1,0,0,0,0,0,0,0,0,0,0,0,0,0,0,0,0,0,0,0,0,0,8,0,40.0106,-75.0629, , 