objectid_1,objectid,crn,district,county,municipality,crash_year,crash_month,day_of_week,time_of_day,hour_of_day,illumination,weather,road_condition,collision_type,relation_to_road,work_zone_type,work_zone_loc,work_zone_ind,intersect_type,tcd_type,location_type,urban_rural,fatal_count,injury_count,person_count,total_units,sch_bus_ind,sch_zone_ind,latitude,longitude,arrival_tm,cons_zone_spd_lim,dispatch_tm,est_hrs_closed,lane_closed,ln_close_dir,ntfy_hiwy_maint,spec_juris_cd,tcd_func_cd,tfc_detour_ind,workers_pres,wz_close_detour,wz_flagger,wz_law_offcr_ind,wz_ln_closure,wz_moving,wz_other,wz_shlder_mdn,vehicle_count,automobile_count,motorcycle_count,bus_count,small_truck_count,heavy_truck_count,suv_count,van_count,bicycle_count,maj_inj_count,mod_inj_count,min_inj_count,tot_inj_count,unk_inj_deg_count,unk_inj_per_count,driver_count_16yr,driver_count_17yr,driver_count_18yr,driver_count_19yr,driver_count_20yr,driver_count_50_64yr,driver_count_65_74yr,driver_count_75plus,unbelted_occ_count,unb_death_count,unb_maj_inj_count,belted_death_count,belted_maj_inj_count,mcycle_death_count,mcycle_maj_inj_count,bicycle_death_count,bicycle_maj_inj_count,ped_count,ped_death_count,ped_maj_inj_count,max_severity_level,comm_veh_count,dec_lat,dec_long,rdwy_surf_type_cd,county_name
30282,349370,2016002606,6,67,67301,2015,12,6,1657,16,3,1,0,8,1, , ,N,1,2,0,3,0,1,2,2,N,N,40 02:07.432,75 02:59.146,1701, ,1701, ,0, ,N, ,3, , , , , , , , , ,1,0,0,0,0,0,1,0,0,0,0,1,1,0,0,0,0,0,0,0,0,0,0,0,0,0,0,0,0,0,0,0,1,0,0,4,0,40.0354,-75.0498, , 
30283,349372,2015087040,6,67,67301,2015,4,2,2230,22,3,1,0,5,1, , ,N,0,0,0,3,0,1,2,2,N,N,39 57:44.115,75 14:37.612,0, ,0, ,0, ,N, ,0, , , , , , , , , ,2,1,0,0,0,0,1,0,0,0,1,0,1,0,0,0,0,0,0,0,0,0,0,0,0,0,0,0,0,0,0,0,0,0,0,3,0,39.9623,-75.2438, , 
30284,349374,2015088343,6,67,67301,2015,8,6,2000,20,1,1,0,4,1, , ,N,1,3,0,3,0,1,2,2,N,N,39 59:43.500,75 07:03.800,2050, ,2048, ,0, , , ,3, , , , , , , , , ,2,0,1,0,0,0,1,0,0,0,0,1,1,0,0,0,1,0,0,0,0,0,0,0,0,0,0,0,0,0,0,0,0,0,0,4,0,39.9954,-75.1177, , 
30285,349375,2015088806,6,67,67301,2015,8,1,1735,17,1,9,1,8,1, , ,N,0,0,0,3,0,1,2,2,N, ,39 59:47.333,75 08:37.232,1744, ,1743,2,2,2, , ,0,Y, , , , , , , , ,1,0,0,0,0,0,1,0,0,0,0,1,1,0,0,0,0,0,0,0,0,0,0,0,0,0,0,0,0,0,0,0,1,0,0,4,0,39.9965,-75.1437, , 
30286,349381,2015099133,6,67,67301,2015,9,4,1215,12,1,1,0,4,1, , ,N,1,2,0,3,0,2,3,2,N, ,40 02:55.856,75 10:45.195,1330, ,1328, ,0, , , ,3, , , , , , , , , ,2,2,0,0,0,0,0,0,0,0,0,0,2,2,0,0,0,0,0,0,2,0,0,0,0,0,0,0,0,0,0,0,0,0,0,8,0,40.0488,-75.1792, , 
30287,349386,2015102008,6,67,67301,2015,9,3,1100,11,1,1,0,4,1, , ,N,0,0,7,3,0,1,2,2,N,N,40 06:43.481,75 01:25.040,1101, ,1101,9,2,5, , ,0,Y, , , , , , , , ,2,2,0,0,0,0,0,0,0,0,0,0,1,1,0,0,0,0,0,0,1,1,0,0,0,0,0,0,0,0,0,0,0,0,0,8,0,40.1121,-75.0236, , 
30288,349387,2015106364,6,67,67301,2015,9,3,1830,18,1,1,0,4,1, , ,N,1,2,0,3,0,4,4,2,N,N,40 01:22.531,75 08:13.181,1850, ,1836,1,1,4, , ,3,N, , , , , , , , ,2,1,0,0,0,0,1,0,0,0,0,1,4,3,0,0,0,0,0,0,1,0,0,0,0,0,0,0,0,0,0,0,0,0,0,4,0,40.0229,-75.1371, , 
30289,349389,2015107477,6,67,67301,2015,10,5,1615,16,1,2,1,4,1, , ,N,1,3,0,3,0,1,3,2,N,N,39 59:51.432,75 07:46.127,1630, ,1624, ,0, ,N, ,3, , , , , , , , , ,2,1,0,0,0,0,1,0,0,0,0,1,1,0,0,0,0,0,0,0,1,0,0,0,0,0,0,0,0,0,0,0,0,0,0,4,0,39.9976,-75.1295, , 
30290,349394,2015110860,6,67,67301,2015,10,4,1545,15,1,1,0,1,1,1,4,Y,0,0,0,3,0,3,7,2,N,N,40 01:20.957,75 02:15.281,1617,45,1545,2,2,1,N, ,0,N,Y,N,N,N,N,N,N,Y,2,0,0,0,1,0,1,0,0,0,0,3,3,0,0,0,0,0,0,0,0,0,0,0,0,0,0,0,0,0,0,0,0,0,0,4,0,40.0225,-75.0376, , 
30291,349396,2015112260,6,67,67301,2015,10,4,729,7,1,1,0,0,1, , ,N,0,0,0,3,0,0,2,2,N,N,40 01:59.796,75 01:12.840,751, ,733, ,0, ,N, ,0, , , , , , , , , ,2,1,0,0,0,1,0,0,0,0,0,0,0,0,0,0,0,0,0,0,0,0,0,0,0,0,0,0,0,0,0,0,0,0,0,0,0,40.0333,-75.0202, , 
30292,349414,2015103363,6,67,67301,2015,9,5,1940,19,3,1,0,1,1, , ,N,5,2,0,3,0,5,6,2,N, ,40 01:23.655,75 08:11.842,2000, ,1950, ,0, , , ,3, , , , , , , , , ,2,2,0,0,0,0,0,0,0,0,0,5,5,0,0,0,0,0,0,0,0,1,0,1,0,0,0,0,0,0,0,0,0,0,0,4,0,40.0232,-75.1366, , 
30293,349441,2016002372,6,67,67301,2015,12,6,1508,15,1,1,0,8,1, , ,N,1,2,0,3,0,1,2,2,N,N,40 01:20.660,75 04:41.477,1512, ,1510, ,0, ,N, ,3, , , , , , , , , ,1,0,0,1,0,0,0,0,0,0,0,1,1,0,0,0,0,0,0,0,0,0,0,0,0,0,0,0,0,0,0,0,1,0,0,4,1,40.0224,-75.0781, , 
30294,349442,2016002419,6,67,67301,2015,12,3,730,7,1,2,1,4,1, , ,N,1,3,0,3,0,0,2,2,N,N,40 00:17.398,75 09:56.005,753, ,751, ,0, ,N, ,3, , , , , , , , , ,2,1,0,0,1,0,0,0,0,0,0,0,0,0,0,0,0,0,0,0,0,1,0,0,0,0,0,0,0,0,0,0,0,0,0,0,0,40.0048,-75.1656, , 
30295,352062,2016002434,6,67,67301,2015,12,6,818,8,3,1,0,6,1, , ,N,0,0,0,3,0,0,2,2,N,N,40 02:11.183,75 10:48.919,819, ,815, ,0, ,N, ,0, , , , , , , , , ,2,2,0,0,0,0,0,0,0,0,0,0,0,0,1,0,0,0,0,0,1,0,0,0,0,0,0,0,0,0,0,0,0,0,0,9,0,40.0364,-75.1803, , 
30296,352063,2016006027,6,67,67301,2015,12,1,1200,12,1,1,0,4,1, , ,N,1,2,0,3,0,1,3,2,N, ,39 57:36.054,75 09:55.036,1210, ,1206, ,0, , , ,3, , , , , , , , , ,2,0,0,0,0,0,2,0,0,0,0,1,1,0,0,0,0,0,0,0,1,0,0,0,0,0,0,0,0,0,0,0,0,0,0,4,0,39.96,-75.1653, , 
30297,352071,2015108498,6,67,67301,2015,10,2,2126,21,3,1,0,7,2, , ,N,0,0,3,3,0,0,1,1,N,N,39 53:49.424,75 11:20.093,2129, ,2129,2,2,1,N, ,0,N, , , , , , , , ,1,1,0,0,0,0,0,0,0,0,0,0,0,0,0,0,0,0,0,0,0,0,0,0,0,0,0,0,0,0,0,0,0,0,0,0,0,39.8971,-75.1889, , 
30298,352075,2015112151,6,67,67301,2015,10,3,1156,11,1,1,0,4,1, , ,N,1,2,0,3,0,2,3,2,N,N,40 04:50.725,75 01:42.964,1205, ,1157,1,1,1,N, ,3,N, , , , , , , , ,2,1,0,0,1,0,0,0,0,0,0,2,2,0,0,0,0,0,0,0,0,0,0,0,0,0,0,0,0,0,0,0,0,0,0,4,0,40.0808,-75.0286, , 
30299,352090,2015128564,6,67,67301,2015,11,6,724,7,1,1,0,1,1, , ,N,1,2,0,3,0,1,2,2,N,N,40 04:35.542,75 04:56.744,738, ,733, ,0, ,N, ,3, , , , , , , , , ,2,2,0,0,0,0,0,0,0,0,0,0,1,1,1,0,0,0,0,0,0,0,0,0,0,0,0,0,0,0,0,0,0,0,0,8,0,40.0765,-75.0824, , 
30300,352100,2016007611,6,67,67301,2015,12,3,824,8,1,2,1,4,1, , ,N,5,2,0,3,0,1,2,2,N,N,40 01:45.685,75 03:45.831,919, ,918, ,0, ,N, ,3, , , , , , , , , ,1,1,0,0,0,0,0,0,1,0,0,1,1,0,0,0,0,0,0,0,0,0,0,0,0,0,0,0,0,0,0,0,0,0,0,4,0,40.0294,-75.0627, , 
30301,352103,2015056466,6,67,67301,2015,5,2,918,9,1,1,0,4,1, , ,N,2,3,0,3,0,0,2,2,N,N,40 01:34.319,75 12:32.501,935, ,920, ,0, ,N, ,3, , , , , , , , , ,2,2,0,0,0,0,0,0,0,0,0,0,0,0,0,0,0,0,0,0,0,1,0,2,0,0,0,0,0,0,0,0,0,0,0,0,0,40.0262,-75.209, , 
30302,352104,2015056948,6,67,67301,2015,5,7,1900,19,4,2,1,4,1, , ,N,2,2,0,3,0,0,2,2,N, ,39 57:37.272,75 09:42.857,1940, ,1935, ,0, , , ,3, , , , , , , , , ,2,1,0,0,0,0,1,0,0,0,0,0,0,0,0,0,0,0,0,0,0,0,0,0,0,0,0,0,0,0,0,0,0,0,0,0,0,39.9603,-75.1618, , 
30303,352105,2015057034,6,67,67301,2015,5,2,1532,15,1,1,0,5,1, , ,N,0,0,0,3,0,1,2,2,N,N,40 02:58.769,74 59:37.529,1604, ,1536, ,0, ,N, ,0, , , , , , , , , ,2,1,0,0,0,0,1,0,0,0,0,0,1,1,0,0,0,0,0,0,0,0,0,1,0,0,0,0,0,0,0,0,0,0,0,8,0,40.0497,-74.9938, , 
30304,352110,2015052392,6,67,67301,2015,5,1,1633,16,1,1,0,1,1, , ,N,0,0,0,3,0,1,6,2,N,N,39 59:32.366,75 12:04.809,1637, ,1633, ,0, ,N, ,0, , , , , , , , , ,2,0,0,0,1,0,1,0,0,0,0,0,1,1,0,0,0,0,0,0,1,0,0,0,0,0,0,0,0,0,0,0,0,0,0,8,0,39.9923,-75.2013, , 
30305,352114,2015056954,6,67,67301,2015,5,7,1030,10,1,1,0,6,1, , ,N,0,0,0,3,0,2,3,2,N,N,39 59:43.125,75 07:48.707,1105, ,1101, ,0, ,N, ,0, , , , , , , , , ,2,0,0,0,0,0,2,0,0,0,0,2,2,0,0,0,0,0,0,0,0,0,0,3,0,0,0,0,0,0,0,0,0,0,0,4,0,39.9953,-75.1302, , 
30306,352127,2015073253,6,67,67301,2015,6,2,724,7,1,1,0,4,1, , ,N,1,2,0,3,0,0,2,2,N,N,40 01:59.258,75 04:48.508,730, ,726,2,1,2,N, ,3,N, , , , , , , , ,2,0,0,0,0,1,1,0,0,0,0,0,0,0,0,0,0,0,0,0,2,0,0,0,0,0,0,0,0,0,0,0,0,0,0,0,1,40.0331,-75.0801, , 
30307,352148,2015099001,6,67,67301,2015,9,1,1455,14,1,1,0,1,1, , ,N,0,2,0,3,0,1,7,2,N,N,40 02:10.102,75 03:51.037,1512, ,1510,1,1,1,N, ,3,N, , , , , , , , ,2,0,0,0,0,0,0,2,0,0,0,1,1,0,0,0,0,0,0,0,0,0,0,0,0,0,0,0,0,0,0,0,0,0,0,4,0,40.0361,-75.0642, , 
30308,352149,2015099004,6,67,67301,2015,9,3,856,8,1,1,0,4,1, , ,N,0,0,7,3,0,0,2,2,N,N,40 04:27.580,75 01:00.600,905, ,857, ,0, ,N, ,0, , , , , , , , , ,2,2,0,0,0,0,0,0,0,0,0,0,0,0,0,0,0,0,0,0,1,1,0,0,0,0,0,0,0,0,0,0,0,0,0,0,0,40.0743,-75.0168, , 
30309,352156,2015106375,6,67,67301,2015,10,5,1300,13,1,1,0,8,6, , ,N,0,0,0,3,0,1,2,2,N, ,40 00:32.970,75 09:01.662,1324, ,1315, ,0, , , ,0, , , , , , , , , ,1,1,0,0,0,0,0,0,0,0,0,1,1,0,0,0,0,0,0,0,1,0,0,1,0,0,0,0,0,0,0,0,1,0,0,4,0,40.0092,-75.1505, , 
30310,352159,2015121056,6,67,67301,2015,10,5,1820,18,3,1,0,4,1, , ,N,0,0,0,3,0,1,2,2,N,N,39 54:49.696,75 10:49.922,1845, ,1830, ,0, ,N, ,0, , , , , , , , , ,1,1,0,0,0,0,0,0,1,0,0,0,1,1,0,0,0,0,0,0,0,0,0,1,0,0,0,0,0,0,0,0,0,0,0,8,0,39.9138,-75.1805, , 
30311,352174,2016002368,6,67,67301,2015,12,7,420,4,3,1,0,5,1, , ,N,0,0,0,3,0,0,3,4,N,N,39 59:22.116,75 05:19.721,432, ,430, ,0, ,N, ,0, , , , , , , , , ,3,2,0,0,0,0,1,0,0,0,0,0,0,0,2,0,0,0,0,0,0,0,0,0,0,0,0,0,0,0,0,0,0,0,0,9,0,39.9895,-75.0888, , 
30312,352175,2016002629,6,67,67301,2015,12,1,530,5,3,1,0,4,9, , ,N,0,0,0,3,0,0,1,3,N,N,39 59:06.100,75 10:27.600,802, ,800, ,0, ,N, ,0, , , , , , , , , ,3,1,0,0,0,0,2,0,0,0,0,0,0,0,1,0,0,0,0,0,0,0,0,0,0,0,0,0,0,0,0,0,0,0,0,9,0,39.985,-75.1743, , 
30313,352177,2016007682,6,67,67301,2015,12,1,1821,18,3,2,1,4,1, , ,N,1,2,0,3,0,1,3,2,N,N,40 01:39.133,75 03:44.544,1845, ,1844, ,0, ,N, ,3, , , , , , , , , ,2,1,0,0,1,0,0,0,0,0,0,1,1,0,0,0,0,0,0,0,0,0,0,0,0,0,0,0,0,0,0,0,0,0,0,4,0,40.0275,-75.0624, , 
30314,357429,2015095742,6,67,67301,2015,8,5,930,9,1,1,0,1,1, , ,N,1,2,0,3,0,1,4,4,N,N,39 58:58.770,75 06:05.073,940, ,938, ,0, , , ,3, , , , , , , , , ,4,2,0,0,0,0,1,1,0,0,0,0,1,1,0,0,0,0,0,0,1,0,0,0,0,0,0,0,0,0,0,0,0,0,0,8,0,39.983,-75.1014, , 
30315,357430,2015095761,6,67,67301,2015,9,2,2105,21,3,1,0,1,1, , ,N,1,2,0,3,0,0,5,2,N, ,39 57:57.056,75 14:02.155,2105, ,2105,2,1,2, , ,3,N, , , , , , , , ,2,1,0,0,0,0,1,0,0,0,0,0,0,0,0,0,0,0,0,0,1,0,0,0,0,0,0,0,0,0,0,0,0,0,0,0,0,39.9658,-75.2339, , 
30316,357441,2015109207,6,67,67301,2015,10,6,1613,16,4,2,1,7,4, , ,N,0,0,0,3,0,1,1,1,N,N,39 59:00.286,75 12:10.439,1815, ,1815,1,1,2,N, ,0,N, , , , , , , , ,1,1,0,0,0,0,0,0,0,0,0,1,1,0,0,0,0,0,0,0,0,0,0,0,0,0,0,0,0,0,0,0,0,0,0,4,0,39.9834,-75.2029, , 
30317,357449,2015069660,6,67,67301,2015,6,4,2250,22,3,1,0,4,1, , ,N,2,2,0,3,0,2,3,2,N,N,40 04:43.744,74 59:54.869,2254, ,2254, ,0, ,N, ,3, , , , , , , , , ,2,2,0,0,0,0,0,0,0,0,0,1,2,1,0,0,0,0,1,0,0,0,0,0,0,0,0,0,0,0,0,0,0,0,0,4,0,40.0787,-74.9985, , 
30318,357450,2015069714,6,67,67301,2015,6,1,25,0,3,2,1,7,4, , ,N,0,0,0,3,0,0,1,1,N,N,40 02:19.647,75 10:35.446,35, ,29, ,0, ,N, ,0, , , , , , , , , ,1,1,0,0,0,0,0,0,0,0,0,0,0,0,1,0,0,0,0,0,0,0,1,0,0,0,0,0,0,0,0,0,0,0,0,9,0,40.0388,-75.1765, , 
30319,357454,2015073691,6,67,67301,2015,6,7,500,5,3,1,0,4,1, , ,N,1,3,0,3,0,0,4,2,N,N,40 03:21.830,75 10:41.433,514, ,510, ,0, ,N, ,3, , , , , , , , , ,2,0,0,0,1,0,1,0,0,0,0,0,0,0,0,0,0,0,0,0,0,0,0,0,0,0,0,0,0,0,0,0,0,0,0,0,0,40.0561,-75.1782, , 
30320,357455,2015073694,6,67,67301,2015,6,4,1508,15,1,1,0,4,1, , ,N,1,3,0,3,0,0,4,2,N,N,39 57:19.936,75 14:17.087,1512, ,1511, ,0, , , ,3, , , , , , , , , ,2,1,0,0,0,0,0,1,0,0,0,0,0,0,0,0,0,0,0,0,0,0,1,0,0,0,0,0,0,0,0,0,0,0,0,0,0,39.9555,-75.2381, , 
30321,357473,2015130124,6,67,67301,2015,11,5,800,8,1,2,1,1,1, , ,N,9,5,0,3,0,1,4,2,N,N,40 00:49.388,75 12:00.883,845, ,842, ,0, ,N, ,3, , , , , , , , , ,2,1,0,1,0,0,0,0,0,0,0,1,1,0,0,0,0,0,0,0,1,0,0,0,0,0,0,0,0,0,0,0,0,0,0,4,1,40.0137,-75.2002, , 
30322,357478,2016007530,6,67,67301,2015,8,4,1705,17,1,1,0,4,1, , ,N,1,2,2,3,0,1,2,2,N, ,39 56:54.491,75 11:10.619,1729, ,1709, ,0, , , ,3, , , , , , , , , ,1,1,0,0,0,0,0,0,1,1,0,0,1,0,0,0,0,0,0,0,0,0,0,0,0,0,0,0,0,0,0,1,0,0,0,2,0,39.9474,-75.1876, , 
30323,357479,2016007608,6,67,67301,2015,12,4,1750,17,3,2,1,2,1, , ,N,0,0,0,3,0,0,1,2,N,N,40 06:03.024,75 02:17.952,1754, ,1752,2,1,3,N, ,0,N, , , , , , , , ,2,0,0,0,0,0,2,0,0,0,0,0,0,0,0,0,0,0,0,0,0,0,0,0,0,0,0,0,0,0,0,0,0,0,0,0,0,40.1008,-75.0383, , 
30324,357480,2016014015,6,67,67301,2015,12,6,901,9,1,1,0,8,2, , ,N,0,0,0,3,0,1,2,2,N,N,39 57:17.726,75 11:03.280,938, ,902, ,0, ,N, ,0, , , , , , , , , ,1,1,0,0,0,0,0,0,0,0,0,1,1,0,0,0,0,0,0,0,0,0,0,0,0,0,0,0,0,0,0,0,1,0,0,4,0,39.9549,-75.1842, , 
30325,357485,2015078225,6,67,67301,2015,7,1,145,1,3,1,0,4,1, , ,N,1,2,0,3,0,1,2,2,N,N,39 56:37.730,75 09:30.203,200, ,145,9,1,4,N, ,3,Y, , , , , , , , ,1,1,0,0,0,0,0,0,1,0,0,0,1,1,0,0,0,0,0,0,0,0,0,0,0,0,0,0,0,0,0,0,0,0,0,8,0,39.9438,-75.1584, , 
30326,357493,2015086278,6,67,67301,2015,8,3,954,9,1,1,0,5,6, , ,N,0,0,0,3,0,1,1,3,N, ,40 02:16.432,75 05:09.117,1009, ,1001, ,0, , , ,0, , , , , , , , , ,3,2,0,0,0,0,1,0,0,0,0,1,1,0,0,0,0,0,0,1,0,0,0,1,0,0,0,0,0,0,0,0,0,0,0,4,0,40.0379,-75.0859, , 
30327,357505,2015099117,6,67,67301,2015,9,2,9999,99,1,1,0,1,1, , ,N,0,0,0,3,0,1,2,2,N, ,40 02:12.314,75 02:26.647,1400, ,1345, ,0, , , ,0, , , , , , , , , ,2,2,0,0,0,0,0,0,0,0,0,1,1,0,0,0,0,0,0,0,0,0,0,0,0,0,0,0,0,0,0,0,0,0,0,4,0,40.0368,-75.0407, , 
30328,357512,2015114550,6,67,67301,2015,10,6,2325,23,3,2,1,6,1, , ,N,0,0,3,3,0,0,2,2,N, ,39 56:33.961,75 11:48.484,2345, ,2338, ,0, , , ,0, , , , , , , , , ,2,1,0,0,0,0,1,0,0,0,0,0,0,0,0,0,0,0,0,0,0,1,0,0,0,0,0,0,0,0,0,0,0,0,0,0,0,39.9428,-75.1968, , 
30329,357526,2015056490,6,67,67301,2015,5,7,1340,13,1,1,0,5,1, , ,N,0,0,0,3,0,1,2,3,N, ,39 57:26.323,75 12:56.651,1350, ,1345, ,0, , , ,0, , , , , , , , , ,3,2,0,0,0,0,1,0,0,0,0,1,1,0,0,0,0,0,0,1,0,0,0,2,0,0,0,0,0,0,0,0,0,0,0,4,0,39.9573,-75.2157, , 
30330,357529,2015060616,6,67,67301,2015,5,2,2333,23,3,1,0,7,4, , ,N,1,2,0,3,0,1,1,2,N,N,40 01:12.646,75 08:55.898,2333, ,2333, ,0, ,N, ,3, , , , , , , , , ,1,0,0,0,0,0,1,0,0,0,0,1,1,0,0,0,0,0,0,0,0,0,0,0,0,0,0,0,0,0,0,0,0,0,0,4,0,40.0202,-75.1488, , 
30331,357533,2015063988,6,67,67301,2015,5,6,2201,22,3,1,0,1,1, , ,N,0,2,0,3,0,1,2,2,N,N,40 01:41.918,75 06:34.711,2305, ,2245, ,0, ,N, ,3, , , , , , , , , ,2,2,0,0,0,0,0,0,0,0,0,1,1,0,0,0,0,0,0,0,0,0,0,0,0,0,0,0,0,0,0,0,0,0,0,4,0,40.0283,-75.1096, , 
30332,354983,2015066270,6,67,67301,2015,6,6,2038,20,3,1,0,4,1, , ,N,1,2,0,3,0,4,8,2,N,N,40 01:29.039,75 07:49.477,2050, ,2038,2,1,2,N, ,3,N, , , , , , , , ,2,1,0,0,0,0,1,0,0,0,0,0,4,4,0,0,0,0,0,0,0,0,0,2,0,0,0,0,0,0,0,0,0,0,0,8,0,40.0247,-75.1304, , 
30333,354993,2015083613,6,67,67301,2015,7,3,1713,17,1,1,0,1,1, , ,N,0,0,0,3,0,1,3,3,N,N,39 57:30.359,75 10:02.035,1737, ,1720,1,2,3,N, ,0,N, , , , , , , , ,3,2,0,0,0,0,1,0,0,0,0,1,1,0,0,0,0,0,0,0,0,1,0,0,0,0,0,0,0,0,0,0,0,0,0,4,0,39.9584,-75.1672, , 
30334,355006,2015107471,6,67,67301,2015,10,1,2130,21,3,1,0,5,1, , ,N,1,2,0,3,0,3,5,2,N,N,39 58:14.012,75 08:59.857,2135, ,2130, ,0, ,N, ,3, , , , , , , , , ,2,2,0,0,0,0,0,0,0,0,0,0,3,3,0,0,0,0,0,0,0,0,0,0,0,0,0,0,0,0,0,0,0,0,0,8,0,39.9704,-75.15, , 
30335,355012,2015061497,6,67,67301,2015,6,5,2038,20,3,1,0,8,1, , ,N,2,0,0,3,0,1,3,2,N,N,39 58:56.791,75 09:03.527,2041, ,2038, ,0, ,N, ,0, , , , , , , , , ,1,1,0,0,0,0,0,0,0,0,0,0,1,1,0,0,0,0,0,0,0,0,0,0,0,0,0,0,0,0,0,0,1,0,0,8,0,39.9824,-75.151, , 
30336,355016,2015066341,6,67,67301,2015,6,4,1643,16,1,1,0,4,1, , ,N,2,3,0,3,0,0,3,3,N,N,40 04:07.747,75 01:48.695,1656, ,1656, ,0, ,N, ,3, , , , , , , , , ,3,2,0,0,1,0,0,0,0,0,0,0,0,0,0,0,0,0,0,0,0,0,0,0,0,0,0,0,0,0,0,0,0,0,0,0,0,40.0688,-75.0302, , 
30337,355018,2015069705,6,67,67301,2015,6,7,753,7,1,1,0,4,1, , ,N,1,2,0,3,0,1,3,2,N,N,40 06:06.588,75 01:38.906,758, ,753, ,0, , , ,3, , , , , , , , , ,2,2,0,0,0,0,0,0,0,0,0,1,1,0,0,0,0,0,0,0,0,0,0,0,0,0,0,0,0,0,0,0,0,0,0,4,0,40.1018,-75.0275, , 
30338,355022,2015073713,6,67,67301,2015,6,5,730,7,1,2,1,2,1, , ,N,0,0,0,3,0,2,2,2,N,N,39 56:27.033,75 11:52.036,835, ,1820, ,0, ,N, ,0, , , , , , , , , ,2,2,0,0,0,0,0,0,0,0,0,2,2,0,0,0,0,0,0,0,0,0,0,0,0,0,0,0,0,0,0,0,0,0,0,4,0,39.9408,-75.1978, , 
30339,355033,2015083414,6,67,67301,2015,8,2,1430,14,1,1,0,1,1, , ,N,0,0,0,3,0,1,2,2,N,N,40 01:18.609,75 08:21.072,1520, ,1500,1,1,2,N, ,0,N, , , , , , , , ,2,1,0,0,0,0,0,1,0,0,0,1,1,0,0,0,0,0,0,0,1,0,0,0,0,0,0,0,0,0,0,0,0,0,0,4,0,40.0218,-75.1392, , 
30340,355052,2015077837,6,67,67301,2015,7,7,255,2,3,1,0,7,3, , ,N,0,0,0,3,1,1,2,1,N,N,40 01:34.217,75 05:46.952,307, ,257,9,2,1, ,0,0,Y, , , , , , , , ,1,1,0,0,0,0,0,0,0,1,0,0,1,0,0,0,0,0,1,0,0,0,0,2,1,1,0,0,0,0,0,0,0,0,0,1,0,40.0262,-75.0964,2, 
30341,355056,2015080264,6,67,67301,2015,7,7,2047,20,3,1,0,8,1, , ,N,1,2,0,3,0,1,2,2,N,N,39 56:25.915,75 13:08.068,2053, ,2050, ,0, ,N, ,3, , , , , , , , , ,1,0,0,0,0,0,1,0,0,0,0,0,1,1,0,0,0,0,0,0,1,0,0,0,0,0,0,0,0,0,0,0,1,0,0,8,0,39.9405,-75.2189, , 
30342,355059,2015083412,6,67,67301,2015,7,2,9999,99,1,1,0,4,1, , ,N,1,3,0,3,0,1,3,3,N,N,39 57:28.137,75 11:37.737,1620, ,1618, ,0, , , ,3, , , , , , , , , ,3,2,0,0,0,0,1,0,0,0,0,1,1,0,0,0,0,0,0,0,2,0,0,0,0,0,0,0,0,0,0,0,0,0,0,4,0,39.9578,-75.1938, , 
30343,355060,2015085220,6,67,67301,2015,8,2,1300,13,1,1,0,5,1, , ,N,0,0,0,3,0,0,1,2,N, ,39 58:00.324,75 09:43.923,1315, ,1309, ,0, , , ,0, , , , , , , , , ,2,0,0,0,2,0,0,0,0,0,0,0,0,0,0,0,0,0,0,0,0,0,0,0,0,0,0,0,0,0,0,0,0,0,0,0,0,39.9668,-75.1622, , 
30344,355061,2015085342,6,67,67301,2015,8,1,1633,16,1,1,0,5,1, , ,N,0,0,0,3,0,2,5,2,N,N,40 05:18.854,74 58:21.597,1638, ,1633, ,0, ,N, ,0, , , , , , , , , ,2,1,0,0,0,0,0,1,0,0,0,0,2,2,0,0,0,0,0,0,0,0,0,0,0,0,0,0,0,0,0,0,0,0,0,8,0,40.0886,-74.9727, , 
30345,355083,2015115133,6,67,67301,2015,10,1,1806,18,3,1,0,2,1, , ,N,0,0,0,3,0,3,3,2,N, ,40 02:14.345,75 08:56.934,1820, ,1820, ,0, , , ,0, , , , , , , , , ,2,2,0,0,0,0,0,0,0,0,2,1,3,0,0,0,0,0,0,0,0,0,0,0,0,0,0,0,0,0,0,0,0,0,0,3,0,40.0373,-75.1491, , 
30346,355094,2015125406,6,67,67301,2015,12,3,650,6,3,2,1,1,1, , ,N,7,0,0,3,0,0,2,2,N,N,39 53:35.717,75 13:42.269,722, ,657, ,0, ,N, ,0, , , , , , , , , ,2,2,0,0,0,0,0,0,0,0,0,0,0,0,0,0,0,0,0,0,1,0,0,0,0,0,0,0,0,0,0,0,0,0,0,0,0,39.8933,-75.2284, , 
30347,355106,2015067936,6,67,67301,2015,6,6,9999,99,1,1,0,4,1, , ,N,5,2,0,3,0,1,4,2,N,N,40 02:25.526,75 03:55.923,911, ,909,1,1,1,N, ,3,N, , , , , , , , ,2,2,0,0,0,0,0,0,0,0,0,0,1,1,1,0,0,0,0,0,0,0,0,0,0,0,0,0,0,0,0,0,0,0,0,8,0,40.0404,-75.0655, , 
30348,355110,2015070600,6,67,67301,2015,6,4,1320,13,1,1,0,4,1, , ,N,0,0,7,3,0,1,6,2,N, ,39 54:50.813,75 09:02.678,1350, ,1336, ,0, , , ,0, , , , , , , , , ,2,1,0,0,0,0,1,0,0,0,1,0,1,0,0,0,0,0,0,0,1,0,0,0,0,0,0,0,0,0,0,0,0,0,0,3,0,39.9141,-75.1507, , 