objectid_1,objectid,crn,district,county,municipality,crash_year,crash_month,day_of_week,time_of_day,hour_of_day,illumination,weather,road_condition,collision_type,relation_to_road,work_zone_type,work_zone_loc,work_zone_ind,intersect_type,tcd_type,location_type,urban_rural,fatal_count,injury_count,person_count,total_units,sch_bus_ind,sch_zone_ind,latitude,longitude,arrival_tm,cons_zone_spd_lim,dispatch_tm,est_hrs_closed,lane_closed,ln_close_dir,ntfy_hiwy_maint,spec_juris_cd,tcd_func_cd,tfc_detour_ind,workers_pres,wz_close_detour,wz_flagger,wz_law_offcr_ind,wz_ln_closure,wz_moving,wz_other,wz_shlder_mdn,vehicle_count,automobile_count,motorcycle_count,bus_count,small_truck_count,heavy_truck_count,suv_count,van_count,bicycle_count,maj_inj_count,mod_inj_count,min_inj_count,tot_inj_count,unk_inj_deg_count,unk_inj_per_count,driver_count_16yr,driver_count_17yr,driver_count_18yr,driver_count_19yr,driver_count_20yr,driver_count_50_64yr,driver_count_65_74yr,driver_count_75plus,unbelted_occ_count,unb_death_count,unb_maj_inj_count,belted_death_count,belted_maj_inj_count,mcycle_death_count,mcycle_maj_inj_count,bicycle_death_count,bicycle_maj_inj_count,ped_count,ped_death_count,ped_maj_inj_count,max_severity_level,comm_veh_count,dec_lat,dec_long,rdwy_surf_type_cd,county_name
30416,355302,2015112096,6,67,67301,2015,10,6,1230,12,1,1,0,1,1, , ,N,0,0,0,3,0,0,2,2,N,N,39 59:23.915,75 07:32.598,1235, ,1235,1,1,3,N, ,0,N, , , , , , , , ,2,1,0,0,0,0,1,0,0,0,0,0,0,0,0,0,0,0,0,0,1,0,0,0,0,0,0,0,0,0,0,0,0,0,0,0,0,39.99,-75.1257, , 
30417,355311,2015128050,6,67,67301,2015,11,5,213,2,3,1,0,5,6, , ,N,0,0,0,3,0,1,2,5,N,N,40 01:05.394,75 09:16.878,217, ,214,2,2,3,N, ,0,Y, , , , , , , , ,5,1,0,0,0,0,4,0,0,0,0,1,1,0,0,0,0,0,0,0,0,0,0,0,0,0,0,0,0,0,0,0,0,0,0,4,0,40.0182,-75.1547, , 
30418,355312,2015128578,6,67,67301,2015,11,4,1245,12,1,1,0,1,1, , ,N,1,3,0,3,0,2,3,2,N,N,40 04:15.522,75 02:16.209,1315, ,1305,1,1,1,N, ,3,N, , , , , , , , ,2,1,0,0,0,0,1,0,0,0,0,0,2,2,0,0,0,0,0,0,1,0,1,2,0,0,0,0,0,0,0,0,0,0,0,8,0,40.071,-75.0378, , 
30419,355323,2015118170,6,67,67301,2015,10,6,1208,12,1,1,0,4,1, , ,N,1,2,0,3,0,1,2,2,N,N,39 58:26.116,75 12:23.386,1321, ,1317, ,0, , , ,3, , , , , , , , , ,2,0,0,0,0,1,1,0,0,0,0,0,1,1,0,0,0,0,0,0,1,0,0,0,0,0,0,0,0,0,0,0,0,0,0,8,1,39.9738,-75.2064, , 
30420,355338,2015099148,6,67,67301,2015,9,7,1413,14,1,1,0,7,4, , ,N,1,3,0,3,0,1,3,2,N,N,39 55:21.669,75 08:49.869,1525, ,1513, ,0, ,N, ,3, , , , , , , , , ,2,2,0,0,0,0,0,0,0,0,1,0,1,0,0,0,0,0,0,0,0,0,2,0,0,0,0,0,0,0,0,0,0,0,0,3,0,39.9227,-75.1472, , 
30421,355344,2015102865,6,67,67301,2015,9,4,757,7,1,1,0,4,1, , ,N,1,2,0,3,0,4,4,2,N,N,40 01:58.442,75 06:24.270,809, ,757, ,0, , , ,3, , , , , , , , , ,2,2,0,0,0,0,0,0,0,0,0,4,4,0,0,0,0,0,0,0,0,0,0,0,0,0,0,0,0,0,0,0,0,0,0,4,0,40.0329,-75.1067, , 
30422,349677,2015073086,6,67,67301,2015,7,2,319,3,3,1,0,7,4, , ,N,0,0,0,3,0,1,1,1,N,N,39 53:22.625,75 13:09.144,328, ,320, ,0, ,N, ,0, , , , , , , , , ,1,0,0,0,0,0,1,0,0,0,0,0,1,1,0,0,0,0,0,0,0,0,0,0,0,0,0,0,0,0,0,0,0,0,0,8,0,39.8896,-75.2192, , 
30423,349691,2015095166,6,67,67301,2015,9,1,1418,14,1,1,0,4,1, , ,N,0,0,0,3,0,1,3,2,N, ,40 00:59.030,75 09:09.741,1435, ,1424, ,0, , , ,0, , , , , , , , , ,2,1,0,0,0,0,1,0,0,0,0,1,1,0,0,0,0,0,0,0,1,0,0,1,0,0,0,0,0,0,0,0,0,0,0,4,0,40.0164,-75.1527, , 
30424,349692,2015095718,6,67,67301,2015,9,6,9999,99,3,1,0,1,6, , ,N,0,0,0,3,0,0,1,2,N,N,40 00:03.332,75 12:53.451,230, ,225, ,0, , , ,0, , , , , , , , , ,2,1,0,0,1,0,0,0,0,0,0,0,0,0,0,0,0,0,0,0,0,0,0,0,0,0,0,0,0,0,0,0,0,0,0,0,0,40.0009,-75.2148, , 
30425,349697,2015099028,6,67,67301,2015,9,5,1938,19,3,2,1,8,1, , ,N,1,2,0,3,0,1,3,3,N, ,40 00:32.006,75 11:38.251,1948, ,1944, ,0, , , ,3, , , , , , , , , ,1,1,0,0,0,0,0,0,0,0,0,0,1,1,0,0,0,0,0,0,0,0,0,0,0,0,0,0,0,0,0,0,2,0,0,8,0,40.0089,-75.194, , 
30426,349713,2015106217,6,67,67301,2015,10,7,2245,22,3,1,0,5,1, , ,N,0,0,0,3,0,2,11,3,N,N,39 55:58.242,75 12:00.129,2302, ,2248,2,2,4,N, ,0,N, , , , , , , , ,3,3,0,0,0,0,0,0,0,0,0,2,2,0,0,0,0,0,0,1,0,0,0,1,0,0,0,0,0,0,0,0,0,0,0,4,0,39.9328,-75.2, , 
30427,349714,2015107439,6,67,67301,2015,9,6,208,2,3,1,0,5,6, , ,N,0,0,0,3,0,0,1,2,N,N,39 57:37.952,75 13:36.574,227, ,224,3,2,5,N, ,0,Y, , , , , , , , ,2,1,0,0,0,0,0,0,0,0,0,0,0,0,1,0,0,0,0,0,0,0,0,0,0,0,0,0,0,0,0,0,0,0,0,9,0,39.9605,-75.2268, , 
30428,349715,2015107478,6,67,67301,2015,9,3,1635,16,1,1,0,4,1, , ,N,2,3,0,3,0,1,1,4,N, ,39 59:45.099,75 07:57.946,1640, ,1639, ,0, , , ,3, , , , , , , , , ,4,3,0,0,0,0,1,0,0,0,0,1,1,0,0,0,0,0,0,0,0,0,0,0,0,0,0,0,0,0,0,0,0,0,0,4,0,39.9959,-75.1328, , 
30429,349723,2015117654,6,67,67301,2015,10,6,1855,18,3,1,0,4,1, , ,N,0,0,7,3,0,2,4,2,N,N,40 01:19.564,75 03:47.706,1916, ,1914,2,1,1,N, ,0,N, , , , , , , , ,2,1,1,0,0,0,0,0,0,0,0,2,2,0,0,0,0,0,1,0,0,0,0,0,0,0,0,0,0,0,0,0,0,0,0,4,0,40.0221,-75.0633, , 
30430,349744,2015112140,6,67,67301,2015,10,1,200,2,6,1,0,8,1, , ,N,0,0,0,3,0,1,2,2,N,N,39 55:40.832,75 13:51.418,1051, ,1047, ,0, , , ,0, , , , , , , , , ,1,1,0,0,0,0,0,0,0,0,0,0,1,1,0,0,0,0,0,0,0,0,0,0,0,0,0,0,0,0,0,0,1,0,0,8,0,39.928,-75.2309, , 
30431,349759,2015083393,6,67,67301,2015,7,4,1035,10,1,1,0,1,1, , ,N,0,0,0,3,0,1,2,2,N,N,40 01:05.891,75 09:18.732,1100, ,1100,2,1,2,N, ,0,Y, , , , , , , , ,2,1,0,0,0,0,1,0,0,0,0,0,1,1,0,0,0,0,0,0,0,0,0,0,0,0,0,0,0,0,0,0,0,0,0,8,0,40.0183,-75.1552, , 
30432,349769,2015092915,6,67,67301,2015,8,7,10,0,3,1,0,4,1, , ,N,1,2,0,3,0,1,2,2,N,N,39 56:44.732,75 10:00.371,14, ,14, ,0, ,N, ,3, , , , , , , , , ,2,1,0,0,0,0,0,1,0,0,0,1,1,0,1,0,0,0,0,0,0,0,0,0,0,0,0,0,0,0,0,0,0,0,0,4,0,39.9458,-75.1668, , 
30433,349770,2015092979,6,67,67301,2015,8,2,1825,18,1,1,0,6,1, , ,N,0,0,0,3,0,1,3,2,N,N,39 56:27.740,75 14:14.688,1835, ,1832, ,0, ,N, ,0, , , , , , , , , ,2,1,0,0,0,0,1,0,0,0,0,1,1,0,0,0,0,0,0,0,0,0,1,0,0,0,0,0,0,0,0,0,0,0,0,4,0,39.941,-75.2374, , 
30434,349778,2015099127,6,67,67301,2015,9,5,2140,21,3,2,1,1,1, , ,N,0,0,0,3,0,2,4,2,N,N,40 01:47.832,75 06:08.956,2145, ,2140, ,0, ,N, ,0, , , , , , , , , ,2,2,0,0,0,0,0,0,0,0,0,2,2,0,0,0,0,0,0,1,0,0,0,3,0,0,0,0,0,0,0,0,0,0,0,4,0,40.03,-75.1025, , 
30435,349782,2015106400,6,67,67301,2015,10,5,1010,10,1,8,0,4,1, , ,N,1,2,0,3,0,1,3,2,N,N,39 56:21.685,75 13:03.003,1026, ,1019, ,0, ,N, ,3, , , , , , , , , ,2,1,0,0,0,0,1,0,0,0,0,0,1,1,0,0,0,0,0,0,1,0,0,0,0,0,0,0,0,0,0,0,0,0,0,8,0,39.9394,-75.2175, , 
30436,349808,2015130152,6,67,67301,2015,11,6,845,8,1,9,1,8,1, , ,N,0,0,0,3,0,1,2,2,N, ,40 01:18.940,75 07:36.890,905, ,900, ,0, , , ,0, , , , , , , , , ,1,1,0,0,0,0,0,0,0,0,0,1,1,0,0,0,0,0,0,0,0,0,0,1,0,0,0,0,0,0,0,0,1,0,0,4,0,40.0219,-75.1269, , 
30437,349839,2015117685,6,67,67301,2015,10,3,253,2,3,1,0,7,4, , ,N,0,0,0,3,0,1,1,1,N,N,39 57:21.467,75 09:39.291,320, ,317, ,0, ,N, ,0, , , , , , , , , ,1,0,0,0,1,0,0,0,0,0,0,1,1,0,0,0,0,0,0,0,0,0,0,0,0,0,0,0,0,0,0,0,0,0,0,4,0,39.956,-75.1609, , 
30438,349845,2015066245,6,67,67301,2015,6,2,30,0,3,1,0,5,6, , ,N,0,0,0,3,0,0,1,3,N,N,39 58:41.114,75 12:51.370,45, ,30, ,0, ,N, ,0, , , , , , , , , ,3,2,0,0,0,0,1,0,0,0,0,0,0,0,0,0,0,0,0,0,0,0,0,0,0,0,0,0,0,0,0,0,0,0,0,0,0,39.9781,-75.2143, , 
30439,349865,2015095209,6,67,67301,2015,9,6,1630,16,1,1,0,6,1, , ,N,0,0,0,3,0,1,3,2,N, ,39 58:17.039,75 08:03.859,1645, ,1640, ,0, , , ,0, , , , , , , , , ,1,0,0,0,0,0,1,0,1,0,1,0,1,0,0,0,0,0,0,0,0,0,0,0,0,0,0,0,0,0,0,0,0,0,0,3,0,39.9714,-75.1344, , 
30440,349868,2015099139,6,67,67301,2015,9,5,725,7,1,2,1,1,1, , ,N,1,2,0,3,0,1,3,2,N,N,39 58:39.875,75 12:48.192,836, ,826, ,0, ,N, ,3, , , , , , , , , ,2,1,0,0,0,0,1,0,0,0,0,0,1,1,0,0,0,0,0,0,0,0,0,0,0,0,0,0,0,0,0,0,0,0,0,8,0,39.9777,-75.2134, , 
30441,352391,2015088674,6,67,67301,2015,8,7,256,2,3,1,0,6,6, , ,N,0,0,0,3,0,1,2,2,N,N,40 01:29.530,75 09:57.118,401, ,401, ,0, ,N, ,0, , , , , , , , , ,2,1,0,0,0,0,1,0,0,0,0,1,1,0,0,0,0,0,0,0,0,0,0,1,0,0,0,0,0,0,0,0,0,0,0,4,0,40.0249,-75.1659, , 
30442,352402,2015103265,6,67,67301,2015,9,5,923,9,1,1,0,8,1, , ,N,1,3,0,3,0,1,2,2,N,N,39 55:46.279,75 10:49.256,927, ,923, ,0, ,N, ,3, , , , , , , , , ,1,1,0,0,0,0,0,0,0,0,0,1,1,0,1,0,0,0,0,0,0,0,0,0,0,0,0,0,0,0,0,0,1,0,0,4,0,39.9295,-75.1803, , 
30443,352403,2015103452,6,67,67301,2015,9,6,0,0,3,1,0,4,1, , ,N,1,2,2,3,0,2,3,2,N,N,39 56:19.114,75 08:31.584,40, ,31,9,1,1,N, ,3,N, , , , , , , , ,2,2,0,0,0,0,0,0,0,0,0,2,2,0,0,0,0,0,0,0,0,0,0,0,0,0,0,0,0,0,0,0,0,0,0,4,0,39.9386,-75.1421, , 
30444,352413,2015112087,6,67,67301,2015,9,6,9999,99,1,1,0,1,1, , ,N,1,2,0,3,0,1,2,2,N,Y,39 55:02.019,75 14:14.620,1117, ,1115, ,0, ,N, ,3, , , , , , , , , ,2,0,0,0,1,0,0,1,0,0,0,0,1,1,0,0,0,0,0,0,0,0,0,0,0,0,0,0,0,0,0,0,0,0,0,8,0,39.9172,-75.2374, , 
30445,352414,2015115235,6,67,67301,2015,10,5,1623,16,1,1,0,1,1, , ,N,0,0,0,3,0,1,5,3,N,N,39 57:30.803,75 10:05.761,1625, ,1623,1,1,3,N, ,0,N, , , , , , , , ,3,2,0,0,0,0,1,0,0,0,0,0,1,1,0,0,0,0,0,0,0,0,0,0,0,0,0,0,0,0,0,0,0,0,0,8,0,39.9586,-75.1683, , 
30446,352424,2015070681,6,67,67301,2015,6,5,700,7,1,2,1,1,6, , ,N,0,0,0,3,0,1,2,2,N,N,40 00:41.092,75 09:05.913,730, ,720, ,0, ,N, ,0, , , , , , , , , ,2,0,0,1,0,0,1,0,0,0,0,0,1,1,0,0,0,0,0,0,0,0,0,0,0,0,0,0,0,0,0,0,0,0,0,8,1,40.0114,-75.1516, , 
30447,352426,2015073717,6,67,67301,2015,6,2,751,7,1,1,0,4,1, , ,N,5,2,3,3,0,2,2,2,N, ,40 01:53.078,75 05:05.038,804, ,757,1,2,1, , ,3,Y, , , , , , , , ,2,2,0,0,0,0,0,0,0,0,1,0,2,1,0,0,0,0,1,0,0,0,0,0,0,0,0,0,0,0,0,0,0,0,0,3,0,40.0314,-75.0847, , 
30448,352439,2015084031,6,67,67301,2015,8,3,1210,12,1,2,1,7,4, , ,N,6,0,2,3,0,1,1,1,N,N,39 57:06.151,75 08:29.297,1230, ,1210,1,2,4,N, ,0,N, , , , , , , , ,1,1,0,0,0,0,0,0,0,0,0,0,1,1,0,0,0,0,0,0,0,0,0,0,0,0,0,0,0,0,0,0,0,0,0,8,0,39.9517,-75.1415, , 
30449,352445,2015088769,6,67,67301,2015,8,3,1842,18,1,2,1,4,1, , ,N,3,2,0,3,0,4,4,2,N,N,39 58:21.514,75 15:34.689,1852, ,1845, ,0, ,N, ,3, , , , , , , , , ,2,1,0,0,0,0,1,0,0,0,0,0,4,4,0,0,0,0,0,0,0,0,0,0,0,0,0,0,0,0,0,0,0,0,0,8,0,39.9726,-75.2596, , 
30450,352462,2015063217,6,67,67301,2015,6,2,415,4,3,1,0,1,1, , ,N,0,0,0,3,0,1,6,2,N,N,39 53:56.047,75 10:11.397,431, ,415, ,0, ,N, ,0, , , , , , , , , ,2,0,0,0,0,1,1,0,0,0,0,1,1,0,0,0,0,0,0,0,1,0,0,0,0,0,0,0,0,0,0,0,0,0,0,4,1,39.8989,-75.1698, , 
30451,352499,2016002406,6,67,67301,2015,12,3,1329,13,1,2,1,6,1, , ,N,0,0,0,3,0,2,3,3,N,N,39 59:01.067,75 12:11.006,1336, ,1329,2,2,7,N, ,0,Y, , , , , , , , ,3,3,0,0,0,0,0,0,0,0,1,1,2,0,0,0,0,0,0,0,1,0,0,0,0,0,0,0,0,0,0,0,0,0,0,3,0,39.9836,-75.2031, , 
30452,352500,2016002990,6,67,67301,2015,12,4,723,7,1,1,0,1,1, , ,N,0,0,0,3,0,1,2,3,N, ,40 03:22.512,75 04:20.922,729, ,726, ,0, , , ,0, , , , , , , , , ,2,2,0,0,0,0,0,0,0,0,0,1,1,0,0,0,0,0,0,0,1,0,0,0,0,0,0,0,0,0,0,0,0,0,0,4,0,40.0563,-75.0725, , 
30453,352503,2016007651,6,67,67301,2015,12,4,820,8,1,1,0,1,1, , ,N,0,0,0,3,0,9,11,4,N,N,40 01:05.181,75 03:30.215,832, ,824, ,0, ,N, ,0, , , , , , , , , ,4,2,0,1,1,0,0,0,0,0,0,7,9,2,0,0,0,0,0,0,1,1,0,2,0,0,0,0,0,0,0,0,0,0,0,4,1,40.0181,-75.0584, , 
30454,352518,2015131348,6,67,67301,2015,11,1,1145,11,1,1,0,5,1, , ,N,1,2,0,3,0,1,2,2,N,N,40 02:07.082,75 04:14.554,1149, ,1147,1,1,2,N, ,3,N, , , , , , , , ,2,0,0,0,1,0,1,0,0,0,0,1,1,0,0,0,0,0,0,0,0,0,0,0,0,0,0,0,0,0,0,0,0,0,0,4,0,40.0353,-75.0707, , 
30455,352526,2016007537,6,67,67301,2015,12,6,130,1,3,9,0,4,6, , ,N,0,0,0,3,0,0,1,2,N,N,39 59:55.572,75 07:52.596,530, ,509,9,2,2,N, ,0,Y, , , , , , , , ,2,1,0,0,0,0,1,0,0,0,0,0,0,0,1,0,0,0,0,0,0,0,0,0,0,0,0,0,0,0,0,0,0,0,0,9,0,39.9988,-75.1313, , 
30456,352529,2015056435,6,67,67301,2015,5,7,1702,17,1,1,0,8,1, , ,N,0,0,0,3,0,1,2,2,N,N,40 01:57.129,75 04:01.988,1706, ,1705, ,0, ,N, ,0, , , , , , , , , ,1,0,0,0,0,0,1,0,0,0,0,1,1,0,0,0,0,0,0,0,0,0,0,0,0,0,0,0,0,0,0,0,1,0,0,4,0,40.0325,-75.0672, , 
30457,352535,2015063519,6,67,67301,2015,6,1,1840,18,1,1,0,4,1, , ,N,1,3,0,3,1,0,2,2,N, ,40 01:06.888,75 08:17.332,1845, ,1840,3,2,6, ,0,3,N, , , , , , , , ,1,1,0,0,0,0,0,0,1,0,0,0,0,0,0,0,0,0,0,0,0,0,0,0,0,0,0,0,0,0,1,0,0,0,0,1,0,40.0186,-75.1381,2, 
30458,352547,2015098969,6,67,67301,2015,9,6,1226,12,1,1,0,7,4, , ,N,0,0,0,3,0,0,1,2,N,N,40 05:14.681,75 04:33.333,1250, ,1236, ,0, ,N, ,0, , , , , , , , , ,1,1,0,0,0,0,0,0,0,0,0,0,0,0,0,0,0,0,0,0,0,0,0,0,0,0,0,0,0,0,0,0,0,0,0,0,0,40.0874,-75.0759, , 
30459,357704,2015114608,6,67,67301,2015,9,1,1828,18,1,1,0,8,1, , ,N,0,0,0,3,0,1,2,3,N, ,39 57:29.559,75 14:40.686,1831, ,1831, ,0, , , ,0, , , , , , , , , ,2,2,0,0,0,0,0,0,0,0,0,1,1,0,0,0,0,0,0,0,0,0,0,0,0,0,0,0,0,0,0,0,1,0,0,4,0,39.9582,-75.2446, , 
30460,357711,2015130295,6,67,67301,2015,11,2,735,7,1,1,0,8,1, , ,N,2,0,0,3,0,1,2,2,N, ,39 55:06.855,75 11:03.803,735, ,735, ,0, , , ,0, , , , , , , , , ,1,0,0,0,0,0,1,0,0,0,0,0,1,1,0,0,0,0,0,0,0,0,0,0,0,0,0,0,0,0,0,0,1,0,0,8,0,39.9186,-75.1844, , 
30461,357712,2015130311,6,67,67301,2015,11,7,220,2,3,1,0,1,1, , ,N,1,2,0,3,0,1,3,2,N, ,39 54:45.057,75 08:17.157,226, ,225, ,0, , , ,3, , , , , , , , , ,2,1,0,0,0,0,1,0,0,0,0,1,1,0,0,0,0,0,0,0,0,0,0,0,0,0,0,0,0,0,0,0,0,0,0,4,0,39.9125,-75.1381, , 
30462,357723,2015106396,6,67,67301,2015,10,5,2000,20,3,2,1,8,1, , ,N,2,2,0,3,0,1,2,2,N, ,40 05:53.193,75 01:49.243,2003, ,2001, ,0, , , ,3, , , , , , , , , ,1,0,0,0,0,0,1,0,0,0,1,0,1,0,0,0,0,0,0,0,0,0,0,0,0,0,0,0,0,0,0,0,1,0,0,3,0,40.0981,-75.0303, , 
30463,357734,2015121034,6,67,67301,2015,10,4,1658,16,3,2,1,2,1, , ,N,0,0,0,3,0,2,2,2,N, ,40 03:07.798,75 05:11.694,1730, ,1716,2,1,1, , ,0,N, , , , , , , , ,2,1,0,0,0,0,0,1,0,0,0,1,2,1,0,0,0,0,0,0,0,0,0,1,0,0,0,0,0,0,0,0,0,0,0,4,0,40.0522,-75.0866, , 
30464,357735,2015121068,6,67,67301,2015,11,5,1105,11,1,2,1,7,4, , ,N,0,0,0,3,0,0,1,1,N, ,40 04:30.824,75 12:16.923,1220, ,1208, ,0, ,N, ,0, , , , , , , , , ,1,0,0,0,1,0,0,0,0,0,0,0,0,0,0,0,0,0,0,0,0,1,0,0,0,0,0,0,0,0,0,0,0,0,0,0,0,40.0752,-75.2047, , 
30465,357736,2015125380,6,67,67301,2015,11,6,1630,16,3,1,0,5,1, , ,N,0,0,0,3,0,0,2,2,N,N,39 57:08.885,75 08:27.565,1647, ,1635, ,0, ,N, ,0, , , , , , , , , ,2,1,0,0,0,1,0,0,0,0,0,0,0,0,0,0,0,0,0,0,1,0,0,0,0,0,0,0,0,0,0,0,0,0,0,0,1,39.9525,-75.141, , 
30466,357755,2015115097,6,67,67301,2015,10,6,830,8,1,1,0,8,1, , ,N,1,2,0,3,0,1,2,2,N,N,40 01:54.231,75 10:43.900,838, ,837, ,0, ,N, ,3, , , , , , , , , ,1,0,0,0,0,0,1,0,0,0,0,0,1,1,0,0,0,0,0,0,0,0,0,0,0,0,0,0,0,0,0,0,1,0,0,8,0,40.0317,-75.1789, , 
30467,357761,2015130054,6,67,67301,2015,11,2,550,5,5,1,0,4,1, , ,N,2,3,0,3,0,1,2,2,N, ,40 00:10.153,75 09:44.662,600, ,555, ,0, , , ,3, , , , , , , , , ,1,0,0,0,0,0,1,0,1,0,0,0,1,1,0,0,0,0,0,0,1,0,0,0,0,0,0,0,0,0,0,0,0,0,0,8,0,40.0028,-75.1624, , 
30468,357767,2016007554,6,67,67301,2015,12,6,2024,20,3,2,1,8,1, , ,N,1,0,0,3,0,1,2,2,N,N,39 56:58.916,75 13:59.285,9999, ,9999, ,0, ,N, ,0, , , , , , , , , ,1,1,0,0,0,0,0,0,0,0,0,1,1,0,0,0,0,0,0,0,0,0,0,0,0,0,0,0,0,0,0,0,1,0,0,4,0,39.9497,-75.2331, , 
30469,357768,2016013769,6,67,67301,2015,12,6,1858,18,3,1,0,4,1, , ,N,2,0,0,3,0,0,2,2,N,N,40 03:52.064,74 58:59.732,1919, ,9999,2,1,1,N, ,0,N, , , , , , , , ,2,1,0,0,0,0,1,0,0,0,0,0,0,0,0,0,0,0,0,1,0,0,0,0,0,0,0,0,0,0,0,0,0,0,0,0,0,40.0644,-74.9832, , 
30470,357786,2015129972,6,67,67301,2015,11,7,2140,21,3,1,0,5,1, , ,N,0,0,0,3,0,1,2,2,N,N,40 00:03.556,75 06:18.435,2145, ,2145,3,1,1,N, ,0,Y, , , , , , , , ,2,0,0,0,0,0,1,1,0,0,0,1,1,0,0,0,0,0,0,0,1,0,0,0,0,0,0,0,0,0,0,0,0,0,0,4,0,40.001,-75.1051, , 
30471,357805,2015118161,6,67,67301,2015,10,6,939,9,1,1,0,7,4, , ,N,7,0,2,3,0,1,1,2,N,N,40 00:38.272,75 11:04.414,944, ,942,2,2,2,N, ,0,Y, , , , , , , , ,1,1,0,0,0,0,0,0,0,0,0,1,1,0,0,0,0,0,0,0,0,0,0,0,0,0,0,0,0,0,0,0,0,0,0,4,0,40.0106,-75.1846, , 
30472,357827,2015130094,6,67,67301,2015,11,2,58,0,3,1,0,4,1, , ,N,1,2,0,3,0,1,3,2,N, ,40 01:49.177,75 07:54.609,100, ,100,9,1,1, , ,3,N, , , , , , , , ,2,2,0,0,0,0,0,0,0,0,0,1,1,0,0,0,0,0,0,0,0,0,0,0,0,0,0,0,0,0,0,0,0,0,0,4,0,40.0303,-75.1318, , 
30473,357834,2016002975,6,67,67301,2015,12,4,1025,10,1,1,0,4,1, , ,N,1,2,0,3,0,3,3,2,N,N,39 58:11.001,75 08:29.592,1030, ,1025, ,0, ,N, ,3, , , , , , , , , ,2,2,0,0,0,0,0,0,0,0,3,0,3,0,0,0,0,0,0,0,0,0,0,0,0,0,0,0,0,0,0,0,0,0,0,3,0,39.9697,-75.1416, , 
30474,357835,2016010021,6,67,67301,2015,12,2,627,6,1,1,0,4,1, , ,N,1,1,2,3,0,1,2,2,N,N,39 58:56.883,75 06:03.838,648, ,633,2,2,4, , ,1,N, , , , , , , , ,2,0,0,0,1,0,1,0,0,0,0,0,1,1,0,0,0,0,0,0,0,0,0,1,0,0,0,0,0,0,0,0,0,0,0,8,1,39.9825,-75.1011, , 
30475,357843,2015114562,6,67,67301,2015,10,3,1522,15,1,1,0,5,1, , ,N,0,0,0,3,0,2,4,2,N,N,39 57:13.762,75 09:30.473,1525, ,1524, ,0, ,N, ,0, , , , , , , , , ,2,1,0,0,0,0,1,0,0,0,0,2,2,0,1,0,0,0,0,0,0,0,0,0,0,0,0,0,0,0,0,0,0,0,0,4,0,39.9538,-75.1585, , 
30476,357848,2015117646,6,67,67301,2015,10,6,1515,15,1,1,0,5,1, , ,N,2,0,0,3,0,2,5,3,N, ,39 58:29.889,75 11:12.108,1520, ,1520, ,0, , , ,0, , , , , , , , , ,3,1,0,0,0,0,1,0,0,0,0,0,2,2,0,0,0,0,0,0,1,0,0,0,0,0,0,0,0,0,0,0,0,0,0,8,0,39.975,-75.1867, , 
30477,355357,2015070650,6,67,67301,2015,6,2,1230,12,1,1,0,4,1, , ,N,1,2,0,3,0,2,3,2,N, ,39 56:43.472,75 10:47.006,1700, ,1655, ,0, , , ,3, , , , , , , , , ,2,0,0,0,0,0,2,0,0,0,0,2,2,0,0,0,0,0,0,0,0,0,0,0,0,0,0,0,0,0,0,0,0,0,0,4,0,39.9454,-75.1797, , 
30478,355364,2015075666,6,67,67301,2015,6,6,1725,17,1,1,0,1,1, , ,N,0,0,0,3,0,2,3,5,N,N,39 57:26.833,75 13:00.747,1750, ,1743,3,1,3,N, ,0,Y, , , , , , , , ,5,1,0,0,0,0,1,0,0,0,0,0,2,2,0,0,0,0,0,0,0,0,0,0,0,0,0,0,0,0,0,0,0,0,0,8,0,39.9575,-75.2169, , 
30479,355371,2015080265,6,67,67301,2015,7,1,257,2,3,1,0,5,6, , ,N,0,0,0,3,0,1,1,3,N,N,39 59:19.600,75 14:26.757,259, ,257,2,2,7,N, ,0,Y, , , , , , , , ,3,1,0,0,0,0,2,0,0,0,0,1,1,0,0,0,0,0,0,0,0,0,0,0,0,0,0,0,0,0,0,0,0,0,0,4,0,39.9888,-75.2408, , 
30480,355374,2015092945,6,67,67301,2015,8,7,1649,16,1,1,0,5,1, , ,N,0,0,0,3,0,1,3,2,N, ,39 57:08.963,75 09:29.368,1657, ,1656, ,0, , , ,0, , , , , , , , , ,2,1,0,0,0,0,1,0,0,0,0,0,1,1,0,0,0,0,0,0,1,0,0,2,0,0,0,0,0,0,0,0,0,0,0,8,0,39.9525,-75.1582, , 
30481,355378,2015095356,6,67,67301,2015,9,5,357,3,2,1,0,7,4, , ,N,0,0,0,3,0,1,1,1,N,N,39 57:07.728,75 10:56.542,359, ,359,2,1,3,N, ,0,N, , , , , , , , ,1,1,0,0,0,0,0,0,0,0,0,1,1,0,0,0,0,1,0,0,0,0,0,0,0,0,0,0,0,0,0,0,0,0,0,4,0,39.9521,-75.1824, , 
30482,355405,2015103469,6,67,67301,2015,4,7,708,7,1,1,0,6,6, , ,N,0,0,0,3,0,1,1,4,N,N,39 59:49.390,75 07:05.050,810, ,808, ,0, , , ,0, , , , , , , , , ,4,2,0,0,0,0,1,1,0,0,1,0,1,0,0,0,0,0,0,0,0,0,0,0,0,0,0,0,0,0,0,0,0,0,0,3,0,39.9971,-75.1181, , 
30483,355420,2015124894,6,67,67301,2015,12,3,1825,18,3,2,1,8,1, , ,N,1,2,0,3,0,1,2,2,N,N,39 58:49.587,75 09:33.224,1930, ,1915, ,0, ,N, ,3, , , , , , , , , ,1,0,0,0,0,0,1,0,0,0,0,1,1,0,1,0,0,0,0,0,0,0,0,0,0,0,0,0,0,0,0,0,1,0,0,4,0,39.9804,-75.1592, , 