objectid_1,objectid,crn,district,county,municipality,crash_year,crash_month,day_of_week,time_of_day,hour_of_day,illumination,weather,road_condition,collision_type,relation_to_road,work_zone_type,work_zone_loc,work_zone_ind,intersect_type,tcd_type,location_type,urban_rural,fatal_count,injury_count,person_count,total_units,sch_bus_ind,sch_zone_ind,latitude,longitude,arrival_tm,cons_zone_spd_lim,dispatch_tm,est_hrs_closed,lane_closed,ln_close_dir,ntfy_hiwy_maint,spec_juris_cd,tcd_func_cd,tfc_detour_ind,workers_pres,wz_close_detour,wz_flagger,wz_law_offcr_ind,wz_ln_closure,wz_moving,wz_other,wz_shlder_mdn,vehicle_count,automobile_count,motorcycle_count,bus_count,small_truck_count,heavy_truck_count,suv_count,van_count,bicycle_count,maj_inj_count,mod_inj_count,min_inj_count,tot_inj_count,unk_inj_deg_count,unk_inj_per_count,driver_count_16yr,driver_count_17yr,driver_count_18yr,driver_count_19yr,driver_count_20yr,driver_count_50_64yr,driver_count_65_74yr,driver_count_75plus,unbelted_occ_count,unb_death_count,unb_maj_inj_count,belted_death_count,belted_maj_inj_count,mcycle_death_count,mcycle_maj_inj_count,bicycle_death_count,bicycle_maj_inj_count,ped_count,ped_death_count,ped_maj_inj_count,max_severity_level,comm_veh_count,dec_lat,dec_long,rdwy_surf_type_cd,county_name
30484,355433,2016002456,6,67,67301,2015,12,4,1648,16,4,2,1,8,1, , ,N,1,2,0,3,0,1,2,2,N,N,39 55:14.279,75 10:13.546,1651, ,1649, ,0, ,N, ,3, , , , , , , , , ,1,0,0,0,0,0,1,0,0,0,0,0,1,1,0,0,0,0,0,0,0,0,1,0,0,0,0,0,0,0,0,0,1,0,0,8,0,39.9206,-75.1704, , 
30485,355440,2015125382,6,67,67301,2015,11,7,56,0,3,1,0,7,7, , ,N,0,0,0,3,0,1,1,1,N,N,39 57:22.940,75 08:26.695,56, ,56, ,0, ,N, ,0, , , , , , , , , ,1,0,0,0,0,0,1,0,0,0,0,0,1,1,0,0,0,0,0,0,0,0,0,1,0,0,0,0,0,0,0,0,0,0,0,8,0,39.9564,-75.1407, , 
30486,355455,2015113175,6,67,67301,2015,9,3,123,1,3,1,0,1,1, , ,N,1,2,0,3,0,0,2,2,N,N,39 57:16.485,75 13:33.593,140, ,133, ,0, ,N, ,3, , , , , , , , , ,2,1,0,0,0,0,1,0,0,0,0,0,0,0,0,0,0,0,0,0,1,0,0,0,0,0,0,0,0,0,0,0,0,0,0,0,0,39.9546,-75.226, , 
30487,355464,2015125281,6,67,67301,2015,11,5,1549,15,1,1,0,7,3, , ,N,0,0,0,3,0,1,1,1,N,N,39 57:26.752,75 08:32.267,1604, ,1559,1,1,3,N, ,0,N, , , , , , , , ,1,0,0,0,0,0,1,0,0,0,0,1,1,0,0,0,0,0,0,0,0,0,0,0,0,0,0,0,0,0,0,0,0,0,0,4,0,39.9574,-75.1423, , 
30488,355467,2015130227,6,67,67301,2015,11,6,230,2,3,1,0,5,1, , ,N,3,2,0,3,0,1,1,2,N,N,40 01:25.235,75 03:46.906,250, ,250, ,0, ,N, ,3, , , , , , , , , ,2,1,0,0,0,0,0,1,0,0,1,0,1,0,0,0,0,0,0,0,0,0,0,1,0,0,0,0,0,0,0,0,0,0,0,3,0,40.0236,-75.063, , 
30489,355468,2015131306,6,67,67301,2015,12,3,1044,10,1,2,1,4,1, , ,N,2,2,2,3,0,1,2,2,N,N,39 55:52.174,75 08:38.984,1054, ,1048, ,0, ,N, ,3, , , , , , , , , ,2,1,0,0,0,0,1,0,0,0,0,1,1,0,0,0,0,0,0,0,1,0,0,0,0,0,0,0,0,0,0,0,0,0,0,4,0,39.9311,-75.1439, , 
30490,355495,2015074987,6,67,67301,2015,7,2,1733,17,1,1,0,1,1, , ,N,6,0,2,3,0,1,3,3,N,N,39 56:44.163,75 11:24.252,1733, ,1733,2,1,3,N, ,0,N, , , , , , , , ,3,3,0,0,0,0,0,0,0,0,0,1,1,0,0,0,0,0,0,0,0,0,0,0,0,0,0,0,0,0,0,0,0,0,0,4,0,39.9469,-75.1881, , 
30491,355496,2015075717,6,67,67301,2015,6,7,2344,23,3,2,1,4,1, , ,N,1,2,0,3,0,3,3,2,N, ,39 57:25.696,75 12:51.617,14, ,14, ,0, , , ,3, , , , , , , , , ,2,2,0,0,0,0,0,0,0,0,2,0,3,1,0,0,0,0,0,0,1,0,0,0,0,0,0,0,0,0,0,0,0,0,0,3,0,39.9571,-75.2143, , 
30492,355497,2015075752,6,67,67301,2015,7,7,1915,19,1,9,8,4,1, , ,N,1,3,0,3,0,1,2,2,N, ,39 56:33.370,75 10:20.297,1920, ,1918, ,0, , , ,3, , , , , , , , , ,1,1,0,0,0,0,0,0,1,0,0,0,1,1,1,0,0,0,0,0,0,0,0,0,0,0,0,0,0,0,0,0,0,0,0,8,0,39.9426,-75.1723, , 
30493,355524,2015131296,6,67,67301,2015,12,3,217,2,3,2,1,5,6, , ,N,0,0,0,3,0,0,1,2,N,N,40 00:56.614,75 09:27.060,225, ,219, ,0, ,N, ,0, , , , , , , , , ,2,1,0,0,0,0,0,1,0,0,0,0,0,0,0,0,0,0,0,0,0,0,0,0,0,0,0,0,0,0,0,0,0,0,0,0,0,40.0157,-75.1575, , 
30494,355527,2016001018,6,67,67301,2015,12,4,752,7,1,1,0,4,1, , ,N,1,2,0,3,0,1,2,3,N,N,39 56:30.714,75 13:31.922,808, ,807, ,0, ,N, ,3, , , , , , , , , ,3,1,0,0,0,0,2,0,0,0,0,0,1,1,0,0,0,0,0,0,0,0,0,1,0,0,0,0,0,0,0,0,0,0,0,8,0,39.9419,-75.2255, , 
30495,349873,2015067274,6,67,67301,2015,6,3,1250,12,1,1,0,1,1, , ,N,0,0,0,3,0,0,4,2,N,N,39 59:57.653,75 04:49.981,1303, ,1250,1,1,2,N, ,0,N, , , , , , , , ,2,1,0,0,0,0,1,0,0,0,0,0,0,0,0,0,0,0,0,0,0,0,0,0,0,0,0,0,0,0,0,0,0,0,0,0,0,39.9993,-75.0806, , 
30496,349905,2015129966,6,67,67301,2015,10,6,1320,13,1,1,0,4,1, , ,N,2,0,0,3,0,1,2,2,N, ,39 57:15.827,75 11:55.010,1327, ,1322, ,0, , , ,0, , , , , , , , , ,1,1,0,0,0,0,0,0,1,0,0,1,1,0,0,0,0,0,0,0,0,0,0,1,0,0,0,0,0,0,0,0,0,0,0,4,0,39.9544,-75.1986, , 
30497,349906,2015131270,6,67,67301,2015,11,5,2230,22,3,1,0,4,1, , ,N,1,2,0,3,0,2,5,2,N,N,40 02:20.942,75 06:36.006,2240, ,2237,3,1,7, , ,9,Y, , , , , , , , ,2,1,0,0,0,0,1,0,0,0,0,2,2,0,2,0,0,0,0,0,1,0,0,1,0,0,0,0,0,0,0,0,0,0,0,4,0,40.0392,-75.11, , 
30498,349907,2015131312,6,67,67301,2015,11,6,1442,14,1,1,0,8,1, , ,N,1,2,0,3,0,1,2,2,N,N,40 00:54.823,75 10:11.829,1444, ,1444,2,1,4,N, ,3,Y, , , , , , , , ,1,0,0,0,0,0,1,0,0,0,0,0,1,1,0,0,0,0,0,0,0,0,0,1,0,0,0,0,0,0,0,0,1,0,0,8,0,40.0152,-75.1699, , 
30499,349908,2015131319,6,67,67301,2015,12,4,40,0,3,2,1,1,1, , ,N,0,0,0,3,0,1,2,2,N,N,40 01:54.144,75 01:14.951,52, ,52, ,0, ,N, ,0, , , , , , , , , ,2,1,0,0,0,0,0,0,0,0,1,0,1,0,0,0,0,0,0,0,0,0,0,0,0,0,0,0,0,0,0,0,0,0,0,3,0,40.0317,-75.0208, , 
30500,349915,2016000934,6,67,67301,2015,12,3,1810,18,3,1,0,8,1, , ,N,1,2,0,3,0,1,2,2,N,N,40 03:26.473,75 04:36.598,1858, ,1854, ,0, ,N, ,3, , , , , , , , , ,1,0,0,0,0,1,0,0,0,0,0,1,1,0,0,0,0,0,0,0,0,0,0,0,0,0,0,0,0,0,0,0,1,0,0,4,1,40.0574,-75.0768, , 
30501,349916,2016000965,6,67,67301,2015,12,1,1955,19,3,1,0,4,1, , ,N,2,2,0,3,0,0,2,2,N,N,39 55:05.910,75 12:31.905,1958, ,1956,2,1,4,N, ,3,N, , , , , , , , ,2,2,0,0,0,0,0,0,0,0,0,0,0,0,0,0,0,0,0,0,0,0,0,0,0,0,0,0,0,0,0,0,0,0,0,0,0,39.9182,-75.2088, , 
30502,349920,2016002454,6,67,67301,2015,12,7,630,6,3,1,0,8,1, , ,N,1,0,0,3,0,1,2,2,N,N,39 59:35.538,75 09:40.809,1035, ,1025, ,0, ,N, ,0, , , , , , , , , ,1,1,0,0,0,0,0,0,0,0,0,0,1,1,0,0,0,0,0,0,0,0,0,1,0,0,0,0,0,0,0,0,1,0,0,8,0,39.9932,-75.1613, , 
30503,349922,2016004270,6,67,67301,2015,12,1,1915,19,3,1,0,7,2, , ,N,0,8,0,3,0,0,1,1,N,N,39 57:25.354,75 09:22.747,1927, ,1916,1,2,3,N, ,3,N, , , , , , , , ,1,1,0,0,0,0,0,0,0,0,0,0,0,0,1,0,0,0,0,0,0,0,0,0,0,0,0,0,0,0,0,0,0,0,0,9,0,39.957,-75.1563, , 
30504,349923,2016004584,6,67,67301,2015,12,1,2140,21,3,2,1,5,1, , ,N,0,0,0,3,0,1,2,2,N,N,39 58:56.925,75 12:27.701,2142, ,2140,1,1,4,N, ,0,N, , , , , , , , ,2,2,0,0,0,0,0,0,0,0,0,0,1,1,1,0,0,0,0,1,0,0,0,0,0,0,0,0,0,0,0,0,0,0,0,8,0,39.9825,-75.2077, , 
30505,349924,2016015201,6,67,67301,2015,9,6,2130,21,3,1,0,1,1, , ,N,0,0,0,3,0,2,6,3,N,N,39 59:26.808,75 12:16.708,0, ,0, ,0, ,N, ,0, , , , , , , , , ,3,2,0,0,0,0,0,0,0,0,0,0,2,2,0,0,0,0,0,0,0,0,0,2,0,0,0,0,0,0,0,0,0,0,0,8,0,39.9908,-75.2046, , 
30506,349932,2015131323,6,67,67301,2015,12,4,1349,13,1,2,1,1,1, , ,N,0,0,0,3,0,1,2,2,N,N,39 58:07.593,75 11:00.459,1352, ,1351,2,2,5,N, ,0,Y, , , , , , , , ,2,0,0,0,0,0,1,1,0,0,0,1,1,0,0,0,0,0,0,0,1,0,0,0,0,0,0,0,0,0,0,0,0,0,0,4,0,39.9688,-75.1835, , 
30507,349948,2015070128,6,67,67301,2015,6,7,1810,18,1,1,0,4,1, , ,N,2,3,0,3,0,1,3,2,N,N,39 58:40.436,75 12:21.801,1840, ,1827, ,0, ,N, ,3, , , , , , , , , ,2,2,0,0,0,0,0,0,0,0,0,1,1,0,0,0,0,0,0,0,0,0,1,0,0,0,0,0,0,0,0,0,0,0,0,4,0,39.9779,-75.2061, , 
30508,349959,2015091042,6,67,67301,2015,8,6,2000,20,3,1,0,4,1, , ,N,1,2,0,3,0,0,2,2,N, ,40 00:56.894,75 08:28.039,2000, ,2000, ,0, , , ,3, , , , , , , , , ,2,0,0,0,0,0,2,0,0,0,0,0,0,0,0,0,0,0,0,0,1,0,0,0,0,0,0,0,0,0,0,0,0,0,0,0,0,40.0158,-75.1411, , 
30509,349964,2015095218,6,67,67301,2015,9,7,600,6,1,1,0,1,1, , ,N,0,0,0,3,0,1,3,3,N,N,39 55:27.109,75 14:16.486,9999, ,600,1,2,4, , ,0,Y, , , , , , , , ,3,2,1,0,0,0,0,0,0,0,0,1,1,0,0,0,0,0,0,0,0,0,0,0,0,0,0,0,0,0,0,0,0,0,0,4,0,39.9242,-75.2379, , 
30510,350007,2015106384,6,67,67301,2015,9,2,1409,14,1,1,0,4,1, , ,N,1,2,0,3,0,1,3,2,N,N,39 59:11.522,75 09:28.418,1409, ,1409,1,2,2,N, ,3,Y, , , , , , , , ,1,1,0,0,0,0,0,0,1,0,1,0,1,0,0,0,0,0,0,0,0,0,0,0,0,0,0,0,0,0,0,0,0,0,0,3,0,39.9865,-75.1579, , 
30511,350033,2015095191,6,67,67301,2015,9,1,1224,12,1,1,0,1,1, , ,N,1,2,0,3,0,1,4,2,N,N,40 02:44.262,75 07:42.522,1230, ,1224, ,0, ,N, ,3, , , , , , , , , ,2,0,0,0,0,0,2,0,0,0,0,1,1,0,0,0,0,0,0,0,1,0,0,0,0,0,0,0,0,0,0,0,0,0,0,4,0,40.0456,-75.1285, , 
30512,350037,2015073725,6,67,67301,2015,6,1,700,7,1,2,1,7,4, , ,N,0,0,0,3,0,1,2,1,N,N,39 58:22.211,75 11:39.598,740, ,738, ,0, ,N, ,0, , , , , , , , , ,1,1,0,0,0,0,0,0,0,0,0,1,1,0,0,0,0,0,0,1,0,0,0,0,0,0,0,0,0,0,0,0,0,0,0,4,0,39.9728,-75.1943, , 
30513,352555,2015106273,6,67,67301,2015,10,6,821,8,1,1,0,5,1, , ,N,0,0,0,3,0,1,2,2,N,N,39 58:44.248,75 09:35.980,828, ,826, ,0, ,N, ,0, , , , , , , , , ,1,1,0,0,0,0,0,0,1,0,0,0,1,1,0,0,0,0,0,0,0,1,0,0,0,0,0,0,0,0,0,0,0,0,0,8,0,39.979,-75.16, , 
30514,352575,2015063520,6,67,67301,2015,6,4,1700,17,1,1,0,8,1, , ,N,1,0,0,3,0,1,2,2,N,N,39 59:38.590,75 07:50.732,1715, ,1708, ,0, ,N, ,0, , , , , , , , , ,1,0,0,0,0,0,0,1,0,0,0,1,1,0,0,0,0,0,0,0,0,0,0,0,0,0,0,0,0,0,0,0,1,0,0,4,0,39.9941,-75.1308, , 
30515,352584,2015070272,6,67,67301,2015,6,7,420,4,3,1,0,1,1, , ,N,0,0,0,3,0,0,2,2,N,N,39 53:08.001,75 12:36.814,440, ,424, ,0, ,N, ,0, , , , , , , , , ,2,1,0,0,0,1,0,0,0,0,0,0,0,0,0,0,0,0,0,0,0,0,0,0,0,0,0,0,0,0,0,0,0,0,0,0,1,39.8856,-75.2102, , 
30516,352599,2016001026,6,67,67301,2015,12,5,1820,18,3,1,0,8,1, , ,N,1,3,0,3,0,1,2,2,N, ,40 01:26.540,75 12:34.300,1828, ,1823, ,0, , , ,3, , , , , , , , , ,1,1,0,0,0,0,0,0,0,0,0,1,1,0,0,0,0,0,0,0,0,1,0,1,0,0,0,0,0,0,0,0,1,0,0,4,0,40.024,-75.2095, , 
30517,352614,2015079055,6,67,67301,2015,7,4,500,5,3,2,1,7,4, , ,N,0,0,0,3,0,0,1,1,N,N,39 57:41.816,75 10:56.917,511, ,506, ,0, ,N, ,0, , , , , , , , , ,1,0,0,0,1,0,0,0,0,0,0,0,0,0,0,0,0,0,0,0,0,0,0,0,0,0,0,0,0,0,0,0,0,0,0,0,0,39.9616,-75.1825, , 
30518,352626,2015093009,6,67,67301,2015,8,2,1650,16,1,1,0,1,1, , ,N,1,2,0,3,0,0,3,3,N, ,39 54:39.650,75 11:15.230,1710, ,1655, ,0, , , ,3, , , , , , , , , ,3,2,0,0,0,0,1,0,0,0,0,0,0,0,0,0,0,0,1,0,2,0,0,0,0,0,0,0,0,0,0,0,0,0,0,0,0,39.911,-75.1876, , 
30519,352636,2015099036,6,67,67301,2015,9,7,1225,12,1,1,0,1,1, , ,N,0,2,0,3,0,1,4,2,N, ,39 54:53.879,75 08:59.139,1235, ,1233, ,0, , , ,3, , , , , , , , , ,2,0,0,0,1,0,1,0,0,0,0,1,1,0,0,0,0,0,0,0,1,0,0,0,0,0,0,0,0,0,0,0,0,0,0,4,0,39.915,-75.1498, , 
30520,352643,2016007616,6,67,67301,2015,12,7,1800,18,3,1,0,4,1, , ,N,1,1,0,3,0,1,2,2,N, ,39 55:31.400,75 10:39.093,1815, ,1810, ,0, , , ,3, , , , , , , , , ,1,0,0,0,1,0,0,0,1,0,0,1,1,0,0,0,0,0,0,0,1,0,0,0,0,0,0,0,0,0,0,0,0,0,0,4,0,39.9254,-75.1775, , 
30521,352664,2015074399,6,67,67301,2015,7,4,2240,22,3,1,0,0,1, , ,N,6,0,2,3,0,1,1,1,N,N,39 59:50.669,75 04:55.143,2254, ,2240,1,1,2,N, ,0,N, , , , , , , , ,1,0,1,0,0,0,0,0,0,0,0,1,1,0,0,0,0,0,0,0,0,0,0,0,0,0,0,0,0,0,0,0,0,0,0,4,0,39.9974,-75.082, , 
30522,352673,2015083244,6,67,67301,2015,8,2,812,8,1,1,0,4,1, , ,N,1,2,0,3,0,1,5,3,N,N,39 59:49.557,75 14:07.172,815, ,812,1,1,2,N, ,3,N, , , , , , , , ,3,2,0,0,0,0,1,0,0,0,0,0,1,1,0,0,0,0,0,0,1,0,0,0,0,0,0,0,0,0,0,0,0,0,0,8,0,39.997,-75.2353, , 
30523,352674,2015085320,6,67,67301,2015,8,7,1005,10,1,1,0,4,1, , ,N,0,0,0,3,0,1,2,2,N,N,40 01:25.025,75 06:56.082,1013, ,1009, ,0, ,N, ,0, , , , , , , , , ,1,1,0,0,0,0,0,0,1,0,0,0,1,1,0,0,0,0,0,0,0,0,0,0,0,0,0,0,0,0,0,0,0,0,0,8,0,40.0236,-75.1156, , 
30524,352682,2015095158,6,67,67301,2015,9,4,2020,20,4,1,0,8,1, , ,N,1,2,0,3,0,1,2,2,N,N,39 56:28.147,75 09:38.293,2032, ,2028, ,0, ,N, ,3, , , , , , , , , ,1,1,0,0,0,0,0,0,0,0,1,0,1,0,0,0,0,0,0,0,0,0,0,0,0,0,0,0,0,0,0,0,1,0,0,3,0,39.9412,-75.1606, , 
30525,352692,2015118177,6,67,67301,2015,10,3,1547,15,1,1,0,8,1, , ,N,1,2,0,3,0,1,2,2,N,Y,40 01:41.801,75 07:12.241,1600, ,1547, ,0, , , ,3, , , , , , , , , ,1,1,0,0,0,0,0,0,0,0,0,1,1,0,0,0,0,0,0,0,0,0,0,0,0,0,0,0,0,0,0,0,1,0,0,4,0,40.0283,-75.1201, , 
30526,352703,2015131344,6,67,67301,2015,11,5,719,7,1,1,0,1,1, , ,N,1,2,0,3,0,1,3,3,N,N,40 00:41.506,75 04:11.278,727, ,726, ,0, ,N, ,3, , , , , , , , , ,3,1,0,0,1,0,1,0,0,0,0,1,1,0,0,0,0,0,0,0,1,0,1,0,0,0,0,0,0,0,0,0,0,0,0,4,0,40.0115,-75.0698, , 
30527,352712,2016002382,6,67,67301,2015,12,3,1129,11,1,2,1,7,4, , ,N,0,0,0,3,0,0,1,1,N,N,40 00:03.567,75 08:53.585,1210, ,1207, ,0, ,N, ,0, , , , , , , , , ,1,1,0,0,0,0,0,0,0,0,0,0,0,0,0,0,0,0,0,0,0,0,0,0,0,0,0,0,0,0,0,0,0,0,0,0,0,40.001,-75.1482, , 
30528,352719,2015128617,6,67,67301,2015,11,1,2114,21,3,1,0,3,1, , ,N,0,0,0,3,0,0,1,4,N,N,39 55:31.919,75 13:26.926,2116, ,2114, ,0, ,N, ,0, , , , , , , , , ,4,2,0,0,0,0,2,0,0,0,0,0,0,0,1,0,0,0,0,0,0,0,0,0,0,0,0,0,0,0,0,0,0,0,0,9,0,39.9255,-75.2241, , 
30529,352731,2015135936,6,67,67301,2015,11,7,2330,23,3,9,0,8,1, , ,N,0,0,0,3,0,1,2,2,N,N,39 54:20.534,75 10:24.767,10, ,0, ,0, ,N, ,0, , , , , , , , , ,1,1,0,0,0,0,0,0,0,0,0,0,1,1,0,0,0,0,0,0,0,0,0,1,0,0,0,0,0,0,0,0,1,0,0,8,0,39.9057,-75.1735, , 
30530,352732,2015136775,6,67,67301,2015,11,7,1715,17,3,2,1,8,1, , ,N,0,0,0,3,0,4,5,5,N,N,39 58:46.596,75 13:06.166,1720, ,1718,2,2,6,N, ,0,Y, , , , , , , , ,1,0,0,0,0,0,0,1,0,0,0,0,4,4,0,0,0,0,0,0,0,0,1,0,0,0,0,0,0,0,0,0,4,0,0,8,0,39.9796,-75.2184, , 
30531,357858,2015130104,6,67,67301,2015,11,4,10,0,3,2,1,4,1, , ,N,5,2,0,3,0,1,2,2,N,N,39 58:53.180,75 07:39.465,31, ,29,9,1,3, , ,3,N, , , , , , , , ,1,1,0,0,0,0,0,0,1,0,1,0,1,0,0,0,0,0,0,0,1,0,0,0,0,0,0,0,0,0,0,0,0,0,0,3,0,39.9814,-75.1276, , 
30532,357863,2015133726,6,67,67301,2015,10,5,600,6,3,1,0,4,1, , ,N,1,3,0,3,0,1,2,2,N,N,39 57:38.541,75 14:13.174,605, ,602, ,0, ,N, ,3, , , , , , , , , ,2,0,0,0,0,0,2,0,0,0,0,0,1,1,0,0,0,0,0,0,1,0,0,0,0,0,0,0,0,0,0,0,0,0,0,8,0,39.9607,-75.237, , 
30533,357882,2015120201,6,67,67301,2015,11,6,1853,18,3,1,0,5,1, , ,N,0,0,0,3,0,1,4,3,N,N,39 57:25.796,75 08:26.722,1858, ,1853,1,2,1,N, ,0,N, , , , , , , , ,3,0,0,0,1,0,2,0,0,0,0,1,1,0,0,0,0,0,0,0,2,0,0,0,0,0,0,0,0,0,0,0,0,0,0,4,0,39.9572,-75.1408, , 
30534,357894,2015136382,6,67,67301,2015,12,5,9999,99,6,1,0,4,1, , ,N,1,2,0,3,0,1,2,2,N,N,39 58:27.680,75 10:54.675,0, ,9999, ,0, ,N, ,3, , , , , , , , , ,2,2,0,0,0,0,0,0,0,0,0,1,1,0,1,0,0,0,0,0,1,0,0,0,0,0,0,0,0,0,0,0,0,0,0,4,0,39.9744,-75.1819, , 
30535,357896,2016002438,6,67,67301,2015,11,7,124,1,2,1,0,8,1, , ,N,0,0,0,3,0,1,2,2,N,N,40 01:30.367,75 09:35.650,135, ,129, ,0, ,N, ,0, , , , , , , , , ,1,0,0,0,0,0,0,0,0,0,0,1,1,0,0,0,0,0,0,0,0,0,0,0,0,0,0,0,0,0,0,0,1,0,0,4,0,40.0251,-75.1599, , 
30536,357900,2016008628,6,67,67301,2015,12,5,2035,20,3,1,0,5,1, , ,N,5,2,0,3,0,1,2,4,N,N,39 55:55.279,75 09:39.027,2110, ,2102, ,0, ,N, ,3, , , , , , , , , ,3,1,0,0,1,0,1,0,1,0,1,0,1,0,1,0,0,0,0,0,0,0,0,0,0,0,0,0,0,0,0,0,0,0,0,3,0,39.932,-75.1608, , 
30537,357904,2015115107,6,67,67301,2015,10,4,303,3,3,1,0,4,1, , ,N,2,3,0,3,0,2,3,2,N,N,40 01:14.750,75 08:35.599,308, ,308, ,0, , , ,3, , , , , , , , , ,2,1,0,0,0,0,0,1,0,0,0,0,2,2,0,0,0,0,0,0,0,0,0,1,0,0,0,0,0,0,0,0,0,0,0,8,0,40.0208,-75.1432, , 
30538,357925,2015135919,6,67,67301,2015,12,2,1230,12,1,1,0,4,1, , ,N,5,2,0,3,0,1,3,3,N, ,39 55:08.284,75 10:01.671,1240, ,1235, ,0, , , ,3, , , , , , , , , ,3,2,0,0,0,0,1,0,0,0,0,1,1,0,0,0,0,0,0,0,0,0,1,0,0,0,0,0,0,0,0,0,0,0,0,4,0,39.919,-75.1671, , 
30539,357928,2016007677,6,67,67301,2015,12,3,1556,15,1,2,1,4,1, , ,N,1,3,0,3,0,1,2,2,N,N,40 01:39.370,75 05:13.538,1620, ,1616, ,0, , , ,3, , , , , , , , , ,2,1,0,0,0,0,1,0,0,0,0,0,1,1,0,0,0,0,0,0,1,0,0,0,0,0,0,0,0,0,0,0,0,0,0,8,0,40.0276,-75.0871, , 
30540,357945,2015116152,6,67,67301,2015,10,2,722,7,1,1,0,4,1, , ,N,1,3,0,3,0,1,2,2,N,N,40 04:19.650,75 11:34.162,800, ,722, ,0, , , ,3, , , , , , , , , ,2,0,0,0,0,0,2,0,0,0,0,1,1,0,1,0,0,0,0,0,1,0,0,0,0,0,0,0,0,0,0,0,0,0,0,4,0,40.0721,-75.1928, , 
30541,357950,2015120196,6,67,67301,2015,11,3,833,8,1,1,0,1,1,1,4,Y,0,0,0,3,0,0,4,4,N,N,40 01:25.242,75 01:57.481,844,45,834, ,0, ,N, ,0, ,Y,N,N,N,N,N,N,Y,4,4,0,0,0,0,0,0,0,0,0,0,0,0,0,0,0,0,0,0,0,0,0,0,0,0,0,0,0,0,0,0,0,0,0,0,0,40.0237,-75.0326, , 
30542,357955,2015128679,6,67,67301,2015,11,6,2100,21,3,1,0,6,1, , ,N,2,2,0,3,0,1,3,2,N,N,40 02:36.391,75 02:11.396,2115, ,2109, ,0, ,N, ,3, , , , , , , , , ,1,0,0,0,0,0,1,0,1,0,0,1,1,0,0,0,0,0,0,0,0,0,0,0,0,0,0,0,0,0,0,0,0,0,0,4,0,40.0434,-75.0365, , 
30543,357957,2015130353,6,67,67301,2015,11,6,1327,13,1,1,0,2,1, , ,N,1,0,0,3,0,1,2,2,N,N,40 02:26.581,75 04:09.886,1540, ,1530, ,0, ,N, ,0, , , , , , , , , ,2,0,0,0,0,0,2,0,0,0,0,0,1,1,0,0,0,0,0,0,2,0,0,1,0,0,0,0,0,0,0,0,0,0,0,8,0,40.0407,-75.0694, , 
30544,357958,2015130356,6,67,67301,2015,11,7,1610,16,1,1,0,4,1, , ,N,1,2,1,3,0,2,3,2,N,N,40 02:02.039,75 04:27.141,1632, ,1630,3,1,1,N, ,3,N, , , , , , , , ,2,2,0,0,0,0,0,0,0,0,0,0,2,2,0,0,0,0,0,0,0,0,1,0,0,0,0,0,0,0,0,0,0,0,0,8,0,40.034,-75.0744, , 
30545,357963,2015135038,6,67,67301,2015,12,6,2340,23,3,1,1,4,1, , ,N,1,2,0,3,0,1,4,2,N,N,39 58:33.009,75 09:30.309,2345, ,2345,1,1,1,N, ,3,N, , , , , , , , ,2,2,0,0,0,0,0,0,0,0,0,0,1,1,0,0,0,0,0,0,1,0,0,0,0,0,0,0,0,0,0,0,0,0,0,8,0,39.9758,-75.1584, , 
30546,358003,2015073700,6,67,67301,2015,6,3,2138,21,3,2,1,8,1, , ,N,1,2,0,3,0,1,2,2,N, ,39 59:00.200,75 10:12.957,2145, ,2138, ,0, , , ,3, , , , , , , , , ,1,0,0,0,0,0,1,0,0,0,0,1,1,0,0,0,0,0,0,0,0,0,0,0,0,0,0,0,0,0,0,0,1,0,0,4,0,39.9834,-75.1703, , 
30547,358011,2015080667,6,67,67301,2015,7,5,1210,12,1,1,0,4,1, , ,N,0,0,0,3,0,1,2,2,N, ,39 59:21.805,75 08:27.147,1215, ,1212,2,2,1, , ,0,N, , , , , , , , ,1,0,0,0,0,1,0,0,1,0,0,1,1,0,0,0,0,0,0,0,1,0,0,0,0,0,0,0,0,0,0,0,0,0,0,4,1,39.9894,-75.1409, , 
30548,358013,2015081083,6,67,67301,2015,7,1,1200,12,1,1,0,4,1, , ,N,5,2,0,3,0,3,3,2,N,N,40 03:51.426,75 09:12.794,1245, ,1221, ,0, ,N, ,3, , , , , , , , , ,2,2,0,0,0,0,0,0,0,0,0,0,3,3,0,0,0,0,0,0,1,0,0,0,0,0,0,0,0,0,0,0,0,0,0,8,0,40.0643,-75.1536, , 
30549,355538,2015106450,6,67,67301,2015,9,4,1715,17,1,2,1,8,1, , ,N,0,0,0,3,0,1,2,2,N,N,39 57:42.773,75 13:44.343,1725, ,1721, ,0, , , ,0, , , , , , , , , ,1,1,0,0,0,0,0,0,0,0,0,1,1,0,0,0,0,0,0,0,0,0,0,0,0,0,0,0,0,0,0,0,1,0,0,4,0,39.9619,-75.229, , 
30550,355545,2015088733,6,67,67301,2015,7,4,1725,17,1,1,0,8,1, , ,N,0,0,0,3,0,1,2,2,N, ,40 00:27.700,75 09:07.000,1735, ,1730, ,0, , , ,0, , , , , , , , , ,1,0,0,0,0,0,0,1,0,0,0,0,1,1,0,0,0,0,0,0,0,0,0,0,0,0,0,0,0,0,0,0,1,0,0,8,0,40.0077,-75.1519, , 