objectid_1,objectid,crn,district,county,municipality,crash_year,crash_month,day_of_week,time_of_day,hour_of_day,illumination,weather,road_condition,collision_type,relation_to_road,work_zone_type,work_zone_loc,work_zone_ind,intersect_type,tcd_type,location_type,urban_rural,fatal_count,injury_count,person_count,total_units,sch_bus_ind,sch_zone_ind,latitude,longitude,arrival_tm,cons_zone_spd_lim,dispatch_tm,est_hrs_closed,lane_closed,ln_close_dir,ntfy_hiwy_maint,spec_juris_cd,tcd_func_cd,tfc_detour_ind,workers_pres,wz_close_detour,wz_flagger,wz_law_offcr_ind,wz_ln_closure,wz_moving,wz_other,wz_shlder_mdn,vehicle_count,automobile_count,motorcycle_count,bus_count,small_truck_count,heavy_truck_count,suv_count,van_count,bicycle_count,maj_inj_count,mod_inj_count,min_inj_count,tot_inj_count,unk_inj_deg_count,unk_inj_per_count,driver_count_16yr,driver_count_17yr,driver_count_18yr,driver_count_19yr,driver_count_20yr,driver_count_50_64yr,driver_count_65_74yr,driver_count_75plus,unbelted_occ_count,unb_death_count,unb_maj_inj_count,belted_death_count,belted_maj_inj_count,mcycle_death_count,mcycle_maj_inj_count,bicycle_death_count,bicycle_maj_inj_count,ped_count,ped_death_count,ped_maj_inj_count,max_severity_level,comm_veh_count,dec_lat,dec_long,rdwy_surf_type_cd,county_name
30619,358211,2015067271,6,67,67301,2015,6,2,2330,23,3,1,0,7,1, , ,N,0,0,0,3,0,0,1,1,N,N,39 57:47.997,75 11:02.437,7, ,7, ,0, ,N, ,0, , , , , , , , , ,1,0,0,0,0,0,1,0,0,0,0,0,0,0,0,0,0,0,0,0,0,0,0,0,0,0,0,0,0,0,0,0,0,0,0,0,0,39.9633,-75.184, , 
30620,358215,2015072882,6,67,67301,2015,6,3,1545,15,1,1,1,5,6, , ,N,0,0,0,3,0,0,1,3,N,N,40 03:02.572,75 03:55.079,1620, ,1607,2,2,3, , ,0,Y, , , , , , , , ,3,2,0,0,0,0,1,0,0,0,0,0,0,0,0,0,0,0,0,0,1,0,0,0,0,0,0,0,0,0,0,0,0,0,0,0,0,40.0507,-75.0653, , 
30621,358222,2015083373,6,67,67301,2015,7,3,905,9,1,1,0,4,1,8,8,Y,2,2,0,3,0,3,5,4,N,N,39 56:39.097,75 08:31.893,914,99,909, ,0, ,N, ,3, ,U,U,U,U,U,U,U,U,4,0,0,0,1,1,2,0,0,0,0,0,3,3,2,0,0,0,0,0,2,0,0,0,0,0,0,0,0,0,0,0,0,0,0,8,1,39.9442,-75.142, , 
30622,355730,2015065448,6,67,67301,2015,5,3,815,8,1,1,0,4,1, , ,N,5,2,2,3,0,1,2,2,N,N,39 57:25.881,75 08:31.297,820, ,819,3,2,2,N, ,3,Y, , , , , , , , ,2,1,0,0,0,1,0,0,0,0,0,1,1,0,0,0,0,0,0,0,0,0,0,0,0,0,0,0,0,0,0,0,0,0,0,4,1,39.9567,-75.1423, , 
30623,355733,2015069710,6,67,67301,2015,6,6,2201,22,3,1,0,4,1, , ,N,2,0,0,3,0,2,4,2,N,N,40 01:09.587,75 09:37.177,2205, ,2203, ,0, ,N, ,0, , , , , , , , , ,2,2,0,0,0,0,0,0,0,0,2,0,2,0,2,0,0,0,0,0,0,0,0,1,0,0,0,0,0,0,0,0,0,0,0,3,0,40.0193,-75.1603, , 
30624,355734,2015069719,6,67,67301,2015,6,7,220,2,3,1,0,4,1, , ,N,1,2,0,3,0,2,6,2,N,N,40 01:25.598,75 07:59.864,240, ,230, ,0, ,N, ,3, , , , , , , , , ,2,2,0,0,0,0,0,0,0,0,0,0,2,2,0,0,0,0,0,0,0,0,0,0,0,0,0,0,0,0,0,0,0,0,0,8,0,40.0235,-75.1334, , 
30625,355735,2015070125,6,67,67301,2015,6,5,1318,13,1,2,1,4,1, , ,N,1,3,0,3,0,1,2,2,N, ,40 00:37.740,75 09:38.779,1318, ,1318, ,0, , , ,3, , , , , , , , , ,2,1,0,0,0,0,1,0,0,0,0,0,1,1,0,0,0,0,0,0,0,1,0,0,0,0,0,0,0,0,0,0,0,0,0,8,0,40.0105,-75.1608, , 
30626,355736,2015070682,6,67,67301,2015,4,3,2054,20,3,1,0,4,1, , ,N,1,3,0,3,0,4,4,3,N,Y,40 02:58.452,75 09:19.846,2058, ,2054, ,0, ,N, ,3, , , , , , , , , ,3,2,0,0,0,0,0,0,0,0,0,1,4,3,0,0,0,0,0,0,0,0,0,0,0,0,0,0,0,0,0,0,0,0,0,4,0,40.0496,-75.1555, , 
30627,355750,2015091168,6,67,67301,2015,8,5,618,6,1,1,0,4,1, , ,N,1,2,0,3,0,3,3,2,N,N,40 01:58.442,75 06:24.270,629, ,618, ,0, , , ,3, , , , , , , , , ,2,2,0,0,0,0,0,0,0,0,0,0,3,3,0,0,0,0,0,0,1,0,0,0,0,0,0,0,0,0,0,0,0,0,0,8,0,40.0329,-75.1067, , 
30628,355771,2016000943,6,67,67301,2015,12,1,205,2,3,1,0,8,1, , ,N,1,2,0,3,0,1,2,2,N, ,39 56:54.247,75 09:58.366,218, ,208, ,0, , , ,3, , , , , , , , , ,1,1,0,0,0,0,0,0,0,0,1,0,1,0,0,0,0,0,0,0,1,0,0,0,0,0,0,0,0,0,0,0,1,0,0,3,0,39.9484,-75.1662, , 
30629,355776,2015109288,6,67,67301,2015,10,7,13,0,3,2,1,7,4, , ,N,1,2,0,3,0,2,2,1,N, ,40 01:31.355,75 04:23.942,25, ,19, ,0, , , ,3, , , , , , , , , ,1,1,0,0,0,0,0,0,0,1,0,0,2,1,0,0,0,0,0,0,0,0,0,0,0,0,0,0,0,0,0,0,0,0,0,2,0,40.0254,-75.0733, , 
30630,355819,2016000995,6,67,67301,2015,12,2,1215,12,1,1,0,4,1, , ,N,1,3,0,3,0,0,4,2,N,N,39 58:41.556,75 09:55.328,1220, ,1216,2,1,4,N, ,3,Y, , , , , , , , ,2,0,0,0,0,1,1,0,0,0,0,0,0,0,0,0,0,0,0,0,0,0,0,0,0,0,0,0,0,0,0,0,0,0,0,0,0,39.9782,-75.1654, , 
30631,355835,2015083979,6,67,67301,2015,7,6,1553,15,1,1,0,1,1, , ,N,0,0,0,3,0,2,3,2,N,N,39 56:08.527,75 11:59.277,1608, ,1558,1,1,3,N, ,0,N, , , , , , , , ,2,2,0,0,0,0,0,0,0,0,0,0,2,2,0,0,0,0,0,0,1,0,0,0,0,0,0,0,0,0,0,0,0,0,0,8,0,39.9357,-75.1998, , 
30632,355838,2015086254,6,67,67301,2015,7,6,1609,16,1,1,0,4,1, , ,N,1,0,0,3,0,1,6,2,N,N,39 58:39.133,75 13:58.547,1612, ,1609, ,0, ,N, ,0, , , , , , , , , ,1,1,0,0,0,0,0,0,1,0,0,0,1,1,5,0,0,0,0,0,0,0,0,0,0,0,0,0,0,0,0,0,0,0,0,8,0,39.9775,-75.2329, , 
30633,355840,2015087913,6,67,67301,2015,8,1,339,3,3,1,0,7,4, , ,N,0,0,0,3,1,0,4,1,N, ,39 56:33.600,75 08:57.300,349, ,338,4,2,4, ,0,0,Y, , , , , , , , ,1,0,0,0,0,0,1,0,0,0,0,0,0,0,0,0,0,0,0,0,0,0,0,1,1,0,0,0,0,0,0,0,0,0,0,1,0,39.9427,-75.1493,2, 
30634,355846,2015095730,6,67,67301,2015,8,1,1230,12,1,1,0,4,1, , ,N,1,3,0,3,0,1,2,2,N,N,40 02:53.185,75 08:51.626,1330, ,1330, ,0, , , ,3, , , , , , , , , ,1,1,0,0,0,0,0,0,1,0,0,1,1,0,1,0,0,0,0,0,0,0,0,0,0,0,0,0,0,0,0,0,0,0,0,4,0,40.0481,-75.1477, , 
30635,355870,2016004271,6,67,67301,2015,12,1,1915,19,3,2,1,1,1, , ,N,0,0,0,3,0,2,7,4,N,N,39 57:30.348,75 10:01.945,1927, ,1916,1,1,3,N, ,0,N, , , , , , , , ,4,1,0,0,0,0,3,0,0,0,0,0,2,2,0,0,0,0,0,0,1,0,0,0,0,0,0,0,0,0,0,0,0,0,0,8,0,39.9584,-75.1672, , 
30636,355871,2016008162,6,67,67301,2015,12,5,1644,16,1,1,0,4,1, , ,N,0,0,0,3,0,3,5,2,N,N,40 02:04.742,75 04:24.535,1646, ,1645, ,0, ,N, ,0, , , , , , , , , ,2,2,0,0,0,0,0,0,0,0,0,0,3,3,0,0,0,0,0,0,1,0,0,0,0,0,0,0,0,0,0,0,0,0,0,8,0,40.0347,-75.0735, , 
30637,355886,2015130136,6,67,67301,2015,11,4,1145,11,1,1,0,1,1, , ,N,0,0,0,3,0,2,3,4,N, ,40 02:40.215,75 07:10.991,1148, ,1146,2,1,6, , ,0,Y, , , , , , , , ,4,2,0,0,0,0,1,1,0,0,0,0,2,2,0,0,0,0,0,1,1,0,0,1,0,0,0,0,0,0,0,0,0,0,0,8,0,40.0445,-75.1197, , 
30638,355896,2016002414,6,67,67301,2015,12,4,550,5,3,2,1,8,1, , ,N,1,2,0,3,0,1,2,2,N,N,39 56:51.762,75 09:03.936,620, ,605, ,0, ,N, ,3, , , , , , , , , ,1,1,0,0,0,0,0,0,0,0,0,1,1,0,0,0,0,0,0,0,0,0,0,0,0,0,0,0,0,0,0,0,1,0,0,4,0,39.9477,-75.1511, , 
30639,355898,2016007659,6,67,67301,2015,12,7,2152,21,3,2,1,4,1, , ,N,1,2,0,3,0,1,5,2,N, ,40 02:03.403,75 04:28.523,2158, ,2154, ,0, , , ,3, , , , , , , , , ,2,0,1,0,0,0,1,0,0,0,1,0,1,0,0,0,0,0,0,0,1,0,0,0,0,0,0,0,0,0,0,0,0,0,0,3,0,40.0343,-75.0746, , 
30640,350214,2015103271,6,67,67301,2015,9,6,110,1,3,1,0,1,6, , ,N,0,0,0,3,0,1,1,3,N,N,40 02:33.590,75 10:39.277,117, ,114, ,0, ,N, ,0, , , , , , , , , ,2,0,0,0,0,0,2,0,0,0,0,1,1,0,0,0,0,0,0,0,1,0,0,0,0,0,0,0,0,0,0,0,0,0,0,4,0,40.0427,-75.1776, , 
30641,350250,2015083626,6,67,67301,2015,7,5,832,8,1,1,0,1,1, , ,N,7,3,0,3,0,1,2,2,N,N,40 00:31.674,75 12:17.709,840, ,833, ,0, ,N, ,3, , , , , , , , , ,2,2,0,0,0,0,0,0,0,0,0,1,1,0,0,0,0,0,0,0,0,0,0,0,0,0,0,0,0,0,0,0,0,0,0,4,0,40.0088,-75.2049, , 
30642,350260,2015095238,6,67,67301,2015,9,6,414,4,3,1,0,7,4, , ,N,1,0,0,3,0,1,1,1,N,N,39 54:14.563,75 14:24.409,428, ,428,1,2,3,N, ,0,Y, , , , , , , , ,1,1,0,0,0,0,0,0,0,0,0,0,1,1,0,0,0,0,0,0,0,0,0,0,0,0,0,0,0,0,0,0,0,0,0,8,0,39.904,-75.2401, , 
30643,350266,2015103286,6,67,67301,2015,9,3,1730,17,1,1,0,4,1, , ,N,0,0,7,3,0,1,2,2,N, ,40 02:31.679,75 01:34.052,1731, ,1731, ,0, , , ,0, , , , , , , , , ,2,2,0,0,0,0,0,0,0,0,0,1,1,0,0,0,0,0,0,0,0,0,0,1,0,0,0,0,0,0,0,0,0,0,0,4,0,40.0421,-75.0261, , 
30644,350267,2015103468,6,67,67301,2015,9,4,1713,17,1,1,0,8,1, , ,N,0,0,0,3,0,1,2,2,N,N,39 55:45.634,75 10:49.386,1716, ,1714, ,0, ,N, ,0, , , , , , , , , ,1,1,0,0,0,0,0,0,0,0,0,1,1,0,0,0,0,0,0,0,0,0,0,0,0,0,0,0,0,0,0,0,1,0,0,4,0,39.9293,-75.1804, , 
30645,350273,2015112257,6,67,67301,2015,10,6,831,8,1,1,0,1,1, , ,N,0,0,0,3,0,3,5,5,N,N,39 57:04.238,75 10:57.958,858, ,831,1,1,4,N, ,0,N, , , , , , , , ,5,4,0,0,0,0,1,0,0,0,0,3,3,0,0,0,0,0,0,0,0,0,1,0,0,0,0,0,0,0,0,0,0,0,0,4,0,39.9512,-75.1828, , 
30646,350281,2015085346,6,67,67301,2015,8,4,905,9,1,1,0,4,1, , ,N,2,1,0,3,0,2,2,2,N,N,39 54:26.330,75 08:19.784,914, ,909,1,1,2,N, ,3,N, , , , , , , , ,2,0,0,1,0,1,0,0,0,0,0,2,2,0,0,0,0,0,0,0,1,0,0,0,0,0,0,0,0,0,0,0,0,0,0,4,2,39.9073,-75.1388, , 
30647,350300,2015066232,6,67,67301,2015,6,5,740,7,1,1,0,8,1, , ,N,0,0,0,3,0,1,2,2,N,Y,39 59:31.523,75 06:43.446,955, ,950, ,0, , , ,0, , , , , , , , , ,1,0,0,0,0,0,1,0,0,0,1,0,1,0,1,0,0,0,0,0,0,0,0,0,0,0,0,0,0,0,0,0,1,0,0,3,0,39.9921,-75.1121, , 
30648,350309,2015077847,6,67,67301,2015,7,5,840,8,1,1,0,5,1, , ,N,0,0,0,3,0,2,10,2,Y,N,40 01:44.168,75 06:04.442,920, ,900, ,0, ,N, ,0, , , , , , , , , ,2,0,0,1,0,0,1,0,0,0,0,0,2,2,0,0,0,0,0,0,1,0,0,3,0,0,0,0,0,0,0,0,0,0,0,8,1,40.0289,-75.1012, , 
30649,350319,2015086212,6,67,67301,2015,8,3,1042,10,1,1,0,1,1, , ,N,1,2,0,3,0,1,2,2,N,N,40 01:47.170,75 06:16.717,1100, ,1055, ,0, , , ,3, , , , , , , , , ,2,2,0,0,0,0,0,0,0,0,0,1,1,0,0,0,0,0,0,0,0,0,0,2,0,0,0,0,0,0,0,0,0,0,0,4,0,40.0298,-75.1043, , 
30650,350324,2015088789,6,67,67301,2015,8,2,1734,17,1,1,0,1,1, , ,N,0,0,0,3,0,1,1,2,N, ,40 01:44.310,75 05:02.479,1920, ,1909, ,0, , , ,0, , , , , , , , , ,2,2,0,0,0,0,0,0,0,0,0,1,1,0,0,0,0,0,0,0,0,0,0,0,0,0,0,0,0,0,0,0,0,0,0,4,0,40.029,-75.084, , 
30651,350342,2015113193,6,67,67301,2015,10,2,1535,15,1,1,0,5,1, , ,N,0,0,1,3,0,0,3,2,N, ,39 55:38.504,75 11:15.452,1539, ,1539, ,0, , , ,0, , , , , , , , , ,2,1,0,0,0,0,0,1,0,0,0,0,0,0,0,0,0,0,0,0,0,1,0,0,0,0,0,0,0,0,0,0,0,0,0,0,0,39.9274,-75.1876, , 
30652,350354,2015054356,6,67,67301,2015,5,4,409,4,3,1,0,5,6, , ,N,0,0,0,3,0,1,1,5,N, ,39 58:37.772,75 13:54.912,412, ,411,2,1,2,N, ,0,N, , , , , , , , ,5,1,0,1,0,0,3,0,0,0,0,1,1,0,0,0,0,0,0,0,0,0,0,0,0,0,0,0,0,0,0,0,0,0,0,4,1,39.9772,-75.2319, , 
30653,350361,2015066167,6,67,67301,2015,6,1,1530,15,1,1,0,4,1, , ,N,1,2,0,3,0,1,2,2,N,N,39 57:44.409,75 09:40.847,1545, ,1539,2,1,2,N, ,2,Y, , , , , , , , ,2,0,1,0,0,0,0,1,0,0,0,0,1,1,0,0,0,0,0,0,0,0,0,0,0,0,0,0,0,0,0,0,0,0,0,8,0,39.9623,-75.1613, , 
30654,350370,2015072863,6,67,67301,2015,6,3,800,8,1,1,0,6,1, , ,N,3,0,0,3,0,1,2,2,N,N,39 56:56.960,75 12:43.479,838, ,838, ,0, ,N, ,0, , , , , , , , , ,1,0,0,0,1,0,0,0,1,0,0,1,1,0,0,0,0,0,0,0,0,0,0,1,0,0,0,0,0,0,0,0,0,0,0,4,0,39.9492,-75.2121, , 
30655,350375,2015075788,6,67,67301,2015,7,2,1604,16,1,1,0,1,1, , ,N,2,3,0,3,0,1,4,2,N, ,39 55:07.028,75 08:37.895,1608, ,1606,9,1,2, , ,3,N, , , , , , , , ,2,1,0,0,0,0,0,1,0,0,0,1,1,0,0,0,0,0,0,0,0,0,0,0,0,0,0,0,0,0,0,0,0,0,0,4,0,39.9186,-75.1439, , 
30656,350415,2015114603,6,67,67301,2015,10,3,1530,15,1,1,0,5,1, , ,N,0,0,0,3,0,0,3,2,N,N,39 57:47.115,75 08:27.321,1635, ,1630,2,1,2,N, ,0,N, , , , , , , , ,2,2,0,0,0,0,0,0,0,0,0,0,0,0,0,0,0,0,0,0,0,1,0,0,0,0,0,0,0,0,0,0,0,0,0,0,0,39.9631,-75.1409, , 
30657,350422,2015072901,6,67,67301,2015,6,1,1305,13,1,1,0,1,1, , ,N,0,0,0,3,0,1,4,3,N,N,40 00:39.663,75 03:43.229,1318, ,1305,1,1,2,N, ,0,N, , , , , , , , ,3,2,0,0,0,0,1,0,0,0,0,1,1,0,0,0,0,0,0,0,0,0,0,0,0,0,0,0,0,0,0,0,0,0,0,4,0,40.011,-75.062, , 
30658,352941,2015099634,6,67,67301,2015,9,2,1600,16,1,1,0,8,1, , ,N,1,2,0,3,0,1,2,2,N,N,39 59:10.572,75 09:22.129,2132, ,2130, ,0, ,N, ,3, , , , , , , , , ,1,1,0,0,0,0,0,0,0,0,0,1,1,0,0,0,0,0,0,0,0,0,0,0,0,0,0,0,0,0,0,0,1,0,0,4,0,39.9863,-75.1561, , 
30659,352945,2015101976,6,67,67301,2015,9,6,1025,10,1,1,0,4,1, , ,N,1,0,0,3,0,1,3,2,N,N,39 57:31.392,75 09:44.125,1035, ,1049,1,1,1,N, ,0,Y, , , , , , , , ,2,2,0,0,0,0,0,0,0,0,0,1,1,0,0,0,0,0,0,0,0,0,0,0,0,0,0,0,0,0,0,0,0,0,0,4,0,39.9587,-75.1621, , 
30660,352964,2015061905,6,67,67301,2015,5,5,2145,21,3,1,0,4,1, , ,N,1,2,0,3,0,1,2,2,N,N,40 01:30.578,75 03:45.748,2149, ,2147,9,1,7,N, ,3,N, , , , , , , , ,2,2,0,0,0,0,0,0,0,0,0,1,1,0,0,0,0,0,0,0,1,0,0,0,0,0,0,0,0,0,0,0,0,0,0,4,0,40.0252,-75.0627, , 
30661,352968,2015064333,6,67,67301,2015,5,7,1248,12,1,1,0,4,1, , ,N,1,3,0,3,0,1,3,2,N,N,39 56:06.857,75 13:35.143,1505, ,1501, ,0, ,N, ,3, , , , , , , , , ,2,0,0,0,1,0,1,0,0,0,0,0,1,1,0,0,0,0,0,0,0,1,0,0,0,0,0,0,0,0,0,0,0,0,0,8,0,39.9352,-75.2264, , 
30662,352972,2015069733,6,67,67301,2015,6,7,230,2,3,1,0,7,4, , ,N,0,0,0,3,0,0,2,1,N,N,40 06:53.186,74 59:14.955,235, ,230,2,1,2,N, ,0,N, , , , , , , , ,1,1,0,0,0,0,0,0,0,0,0,0,0,0,0,0,0,0,0,0,0,0,0,0,0,0,0,0,0,0,0,0,0,0,0,0,0,40.1148,-74.9875, , 
30663,352974,2015073658,6,67,67301,2015,6,3,1010,10,1,1,0,4,1, , ,N,1,2,0,3,0,0,3,2,N,N,40 01:53.934,75 12:27.524,1046, ,1041, ,0, ,N, ,3, , , , , , , , , ,2,2,0,0,0,0,0,0,0,0,0,0,0,0,0,0,0,0,0,0,1,0,0,0,0,0,0,0,0,0,0,0,0,0,0,0,0,40.0316,-75.2076, , 
30664,352976,2015075668,6,67,67301,2015,7,1,900,9,1,1,0,6,6, , ,N,0,0,0,3,0,1,1,2,N,N,40 02:43.644,75 04:26.625,909, ,906, ,0, ,N, ,0, , , , , , , , , ,2,2,0,0,0,0,0,0,0,0,0,0,1,1,0,0,0,0,0,0,1,0,0,0,0,0,0,0,0,0,0,0,0,0,0,8,0,40.0455,-75.0741, , 
30665,352982,2015129965,6,67,67301,2015,10,6,43,0,3,1,0,3,1, , ,N,0,0,0,3,0,1,2,2,N,N,39 57:21.383,75 12:16.987,43, ,43, ,0, ,N, ,0, , , , , , , , , ,2,1,1,0,0,0,0,0,0,0,0,1,1,0,0,0,0,0,0,0,1,0,0,0,0,0,0,0,0,0,0,0,0,0,0,4,0,39.9559,-75.2047, , 
30666,353000,2015082070,6,67,67301,2015,8,2,2330,23,3,2,1,7,1, , ,N,0,0,8,3,0,0,1,1,N,N,39 57:19.973,75 08:53.450,2330, ,2330, ,0, ,N, ,0, , , , , , , , , ,1,1,0,0,0,0,0,0,0,0,0,0,0,0,0,0,0,1,0,0,0,0,0,0,0,0,0,0,0,0,0,0,0,0,0,0,0,39.9555,-75.1482, , 
30667,353002,2015086233,6,67,67301,2015,8,4,1445,14,1,1,0,4,1, , ,N,1,2,0,3,0,0,2,2,N,N,39 59:08.465,75 14:51.083,1530, ,1425, ,0, ,N, ,3, , , , , , , , , ,2,1,0,0,0,0,1,0,0,0,0,0,0,0,0,0,0,0,0,0,1,0,0,0,0,0,0,0,0,0,0,0,0,0,0,0,0,39.9857,-75.2475, , 
30668,353030,2015051441,6,67,67301,2015,4,6,212,2,3,2,1,5,1, , ,N,0,0,0,3,0,1,2,2,N,N,39 57:16.858,75 11:40.370,232, ,232, ,0, ,N, ,0, , , , , , , , , ,1,1,0,0,0,0,0,0,1,0,0,1,1,0,0,0,0,0,0,0,0,0,0,0,0,0,0,0,0,0,0,0,0,0,0,4,0,39.9547,-75.1945, , 
30669,353044,2015075683,6,67,67301,2015,7,4,1030,10,1,1,0,4,1, , ,N,1,2,0,3,0,2,4,2,N,N,39 59:05.017,75 08:38.576,1036, ,1034, ,0, , , ,3, , , , , , , , , ,2,1,0,0,0,0,1,0,0,0,0,1,2,1,0,0,0,0,0,0,0,0,0,0,0,0,0,0,0,0,0,0,0,0,0,4,0,39.9847,-75.144, , 
30670,353045,2015078239,6,67,67301,2015,7,2,840,8,1,1,0,4,1, , ,N,1,2,0,3,0,1,3,2,N, ,40 01:53.934,75 12:27.524,855, ,845, ,0, , , ,3, , , , , , , , , ,2,2,0,0,0,0,0,0,0,0,1,0,1,0,0,0,0,0,0,0,1,0,0,0,0,0,0,0,0,0,0,0,0,0,0,3,0,40.0316,-75.2076, , 
30671,353056,2015091052,6,67,67301,2015,8,7,2337,23,3,1,0,7,3, , ,N,0,0,0,3,1,0,1,1,N, ,40 02:12.895,75 12:35.546,2348, ,2343, ,0, , ,0,0, , , , , , , , , ,1,0,0,0,1,0,0,0,0,0,0,0,0,0,0,0,0,0,0,0,0,0,0,0,0,0,0,0,0,0,0,0,0,0,0,1,0,40.0369,-75.2099,2, 
30672,353057,2015091160,6,67,67301,2015,8,7,1048,10,1,1,0,5,6, , ,N,0,0,0,3,0,1,1,2,N,N,40 00:59.550,75 04:01.221,1052, ,1050,3,1,2,N, ,0,Y, , , , , , , , ,2,1,1,0,0,0,0,0,0,0,1,0,1,0,0,0,0,0,0,0,0,0,0,0,0,0,0,0,0,0,0,0,0,0,0,3,0,40.0165,-75.067, , 
30673,353060,2015092566,6,67,67301,2015,9,4,1240,12,1,1,0,5,1, , ,N,0,0,0,3,0,2,3,2,N,N,39 54:11.332,75 14:24.023,1312, ,1250,1,2,4,N, ,0,N, , , , , , , , ,2,1,0,0,0,0,1,0,0,0,0,2,2,0,0,0,0,0,0,0,0,0,0,0,0,0,0,0,0,0,0,0,0,0,0,4,0,39.9031,-75.24, , 
30674,353069,2015106399,6,67,67301,2015,9,3,2229,22,3,2,1,4,1, , ,N,2,3,0,3,0,1,2,2,N,N,40 00:11.825,75 03:56.360,2239, ,2235, ,0, ,N, ,3, , , , , , , , , ,2,2,0,0,0,0,0,0,0,0,0,0,1,1,0,0,0,1,0,0,0,0,0,0,0,0,0,0,0,0,0,0,0,0,0,8,0,40.0033,-75.0657, , 
30675,353073,2015047549,6,67,67301,2015,4,5,100,1,3,1,0,4,1, , ,N,1,2,0,3,0,0,2,2,N,N,39 58:25.273,75 13:10.244,115, ,109,1,1,4,N, ,3,Y, , , , , , , , ,2,1,0,0,0,0,1,0,0,0,0,0,0,0,0,0,0,0,0,0,0,0,0,0,0,0,0,0,0,0,0,0,0,0,0,0,0,39.9737,-75.2195, , 
30676,353089,2015091084,6,67,67301,2015,8,2,1332,13,1,1,0,4,1, , ,N,2,3,0,3,0,1,2,2,N, ,39 58:20.512,75 09:33.019,1336, ,1332, ,0, , , ,3, , , , , , , , , ,1,1,0,0,0,0,0,0,1,0,0,1,1,0,0,0,0,0,0,0,0,0,0,0,0,0,0,0,0,0,0,0,0,0,0,4,0,39.9724,-75.1592, , 
30677,358223,2015086154,6,67,67301,2015,3,6,1300,13,1,1,0,1,1, , ,N,1,2,0,3,0,1,2,2,N,N,40 03:06.267,75 09:10.785,0, ,0, ,0, ,N, ,3, , , , , , , , , ,2,1,0,0,0,0,0,0,0,0,0,0,1,1,0,0,0,0,0,0,1,0,0,0,0,0,0,0,0,0,0,0,0,0,0,8,0,40.0517,-75.153, , 
30678,358224,2015086234,6,67,67301,2015,8,1,1440,14,1,1,1,1,6, , ,N,0,0,0,3,0,4,4,2,N, ,40 02:50.321,75 13:04.278,1500, ,1445,9,2,2, , ,0,Y, , , , , , , , ,2,1,0,0,1,0,0,0,0,0,0,0,4,4,0,0,0,0,0,0,1,0,0,0,0,0,0,0,0,0,0,0,0,0,0,8,0,40.0473,-75.2179, , 
30679,358240,2015135922,6,67,67301,2015,12,7,1050,10,1,1,0,4,1, , ,N,1,2,0,3,0,1,3,2,N, ,40 00:38.808,75 07:35.921,1058, ,1054, ,0, , , ,3, , , , , , , , , ,2,2,0,0,0,0,0,0,0,0,0,0,1,1,0,0,0,0,0,0,1,0,0,2,0,0,0,0,0,0,0,0,0,0,0,8,0,40.0108,-75.1266, , 
30680,358245,2016002187,6,67,67301,2015,12,2,1804,18,3,2,1,1,1, , ,N,7,0,2,3,0,0,4,2,N,N,40 00:12.647,75 04:38.645,1804, ,1804, ,0, ,N, ,0, , , , , , , , , ,2,1,0,0,0,0,1,0,0,0,0,0,0,0,0,0,0,0,0,0,1,0,0,0,0,0,0,0,0,0,0,0,0,0,0,0,0,40.0035,-75.0774, , 
30681,358249,2016006033,6,67,67301,2015,12,5,1810,18,3,1,0,4,1, , ,N,1,2,0,3,0,1,3,2,N,N,40 01:51.812,75 05:23.405,1828, ,1818, ,0, ,N, ,3, , , , , , , , , ,2,1,0,0,0,0,1,0,0,0,0,0,1,1,0,0,0,0,0,0,1,0,0,0,0,0,0,0,0,0,0,0,0,0,0,8,0,40.0311,-75.0898, , 
30682,358251,2017015998,6,67,67301,2015,10,2,1330,13,1,1,0,4,1, , ,N,0,0,7,3,0,2,3,2,N,N,40 00:26.200,75 05:37.200,0, ,0, ,0, ,N, ,0, , , , , , , , , ,2,1,0,0,0,0,1,0,0,0,0,0,2,2,0,0,0,0,0,0,0,1,0,0,0,0,0,0,0,0,0,0,0,0,0,8,0,40.0073,-75.0937, , 
30683,358260,2015106049,6,67,67301,2015,9,6,558,5,3,1,0,7,5, , ,N,0,0,0,3,0,0,1,1,N,N,39 54:02.368,75 09:19.337,601, ,559,1,2,2,N, ,0,N, , , , , , , , ,1,1,0,0,0,0,0,0,0,0,0,0,0,0,0,0,0,0,0,0,0,0,0,0,0,0,0,0,0,0,0,0,0,0,0,0,0,39.9007,-75.1554, , 
30684,358261,2015106442,6,67,67301,2015,9,2,616,6,5,1,0,4,1, , ,N,1,2,0,3,0,0,3,3,N, ,40 03:23.636,75 02:47.581,625, ,617,1,1,3, , ,3,N, , , , , , , , ,3,2,0,0,0,0,1,0,0,0,0,0,0,0,0,0,0,0,0,1,0,0,0,0,0,0,0,0,0,0,0,0,0,0,0,0,0,40.0566,-75.0466, , 
30685,358264,2015109196,6,67,67301,2015,10,4,1440,14,1,1,0,8,1, , ,N,1,2,0,3,0,1,2,2,N,N,39 56:58.617,75 09:14.100,1445, ,1445, ,0, ,N, ,3, , , , , , , , , ,1,0,0,0,0,0,1,0,0,0,0,0,1,1,0,0,0,0,0,0,0,0,0,0,0,0,0,0,0,0,0,0,1,0,0,8,0,39.9496,-75.1539, , 