objectid_1,objectid,crn,district,county,municipality,crash_year,crash_month,day_of_week,time_of_day,hour_of_day,illumination,weather,road_condition,collision_type,relation_to_road,work_zone_type,work_zone_loc,work_zone_ind,intersect_type,tcd_type,location_type,urban_rural,fatal_count,injury_count,person_count,total_units,sch_bus_ind,sch_zone_ind,latitude,longitude,arrival_tm,cons_zone_spd_lim,dispatch_tm,est_hrs_closed,lane_closed,ln_close_dir,ntfy_hiwy_maint,spec_juris_cd,tcd_func_cd,tfc_detour_ind,workers_pres,wz_close_detour,wz_flagger,wz_law_offcr_ind,wz_ln_closure,wz_moving,wz_other,wz_shlder_mdn,vehicle_count,automobile_count,motorcycle_count,bus_count,small_truck_count,heavy_truck_count,suv_count,van_count,bicycle_count,maj_inj_count,mod_inj_count,min_inj_count,tot_inj_count,unk_inj_deg_count,unk_inj_per_count,driver_count_16yr,driver_count_17yr,driver_count_18yr,driver_count_19yr,driver_count_20yr,driver_count_50_64yr,driver_count_65_74yr,driver_count_75plus,unbelted_occ_count,unb_death_count,unb_maj_inj_count,belted_death_count,belted_maj_inj_count,mcycle_death_count,mcycle_maj_inj_count,bicycle_death_count,bicycle_maj_inj_count,ped_count,ped_death_count,ped_maj_inj_count,max_severity_level,comm_veh_count,dec_lat,dec_long,rdwy_surf_type_cd,county_name
30821,344938,2015120197,6,67,67301,2015,11,3,1755,17,3,1,0,1,1, , ,N,0,0,0,3,0,1,2,2,N,N,39 58:58.538,75 12:29.033,1755, ,1755, ,0, ,N, ,0, , , , , , , , , ,2,2,0,0,0,0,0,0,0,0,0,0,1,1,0,0,0,0,0,0,1,0,0,0,0,0,0,0,0,0,0,0,0,0,0,8,0,39.9829,-75.2081, , 
30822,344961,2015135816,6,67,67301,2015,12,4,749,7,1,1,0,1,1, , ,N,0,0,0,3,0,6,8,3,N, ,40 02:47.433,75 09:59.425,809, ,806,1,1,2, , ,0,N, , , , , , , , ,3,1,0,0,0,0,2,0,0,0,0,1,6,5,1,0,0,0,0,0,1,0,0,0,0,0,0,0,0,0,0,0,0,0,0,4,0,40.0465,-75.1665, , 
30823,344966,2016002455,6,67,67301,2015,12,3,1340,13,1,2,1,7,5, , ,N,0,0,0,3,0,1,2,1,N,N,39 55:20.800,75 11:20.100,1425, ,1425, ,0, ,N, ,0, , , , , , , , , ,1,0,0,0,0,0,0,1,0,0,0,1,1,0,0,0,0,0,0,0,0,0,0,0,0,0,0,0,0,0,0,0,0,0,0,4,0,39.9224,-75.1889, , 
30824,344976,2015128651,6,67,67301,2015,11,4,2230,22,3,1,0,8,1, , ,N,1,2,0,3,0,1,2,2,N,N,39 59:22.394,75 10:08.017,9999, ,239, ,0, ,N, ,3, , , , , , , , , ,1,0,0,0,1,0,0,0,0,0,1,0,1,0,1,0,0,0,0,0,0,0,0,0,0,0,0,0,0,0,0,0,1,0,0,3,0,39.9895,-75.1689, , 
30825,344977,2015130222,6,67,67301,2015,11,2,1521,15,1,1,0,8,1, , ,N,1,2,0,3,0,1,5,2,N, ,39 59:59.964,75 09:11.322,1528, ,1524, ,0, , , ,3, , , , , , , , , ,1,0,0,0,0,0,1,0,0,0,0,1,1,0,0,0,0,0,0,0,0,0,0,0,0,0,0,0,0,0,0,0,1,0,0,4,0,40,-75.1531, , 
30826,336016,2016002014,6,67,67301,2015,12,2,1715,17,3,1,0,1,1, , ,N,0,0,0,3,0,0,2,2,N,N,39 55:35.209,75 11:40.769,1804, ,1727, ,0, ,N, ,0, , , , , , , , , ,2,1,0,0,0,0,1,0,0,0,0,0,0,0,0,0,0,0,1,0,0,0,0,0,0,0,0,0,0,0,0,0,0,0,0,0,0,39.9264,-75.1947, , 
30827,336031,2015120604,6,67,67301,2015,11,3,540,5,3,2,1,1,1, , ,N,0,0,0,3,0,0,4,4,N,N,40 01:22.014,75 02:11.871,544, ,540,2,2,2,N, ,0,N, , , , , , , , ,4,1,0,0,1,0,2,0,0,0,0,0,0,0,0,0,0,0,0,0,3,0,0,0,0,0,0,0,0,0,0,0,0,0,0,0,0,40.0228,-75.0366, , 
30828,336047,2015134726,6,67,67301,2015,9,5,1529,15,1,2,1,8,1, , ,N,1,0,0,3,0,1,2,2,N, ,40 03:16.301,75 05:26.793,1541, ,1540, ,0, , , ,0, , , , , , , , , ,1,1,0,0,0,0,0,0,0,0,0,1,1,0,0,0,0,0,0,0,0,0,0,1,0,0,0,0,0,0,0,0,1,0,0,4,0,40.0545,-75.0908, , 
30829,336052,2016002022,6,67,67301,2015,12,4,813,8,1,1,0,7,1, , ,N,0,0,0,3,0,0,1,1,N,N,39 53:27.271,75 11:58.812,819, ,814, ,0, ,N, ,0, , , , , , , , , ,1,0,0,0,0,0,1,0,0,0,0,0,0,0,0,0,0,0,0,0,0,0,0,0,0,0,0,0,0,0,0,0,0,0,0,0,0,39.8909,-75.1997, , 
30830,336062,2015031053,6,67,67301,2015,2,7,1330,13,1,1,0,4,1, , ,N,10,3,0,3,0,1,3,2,N,N,40 02:10.064,75 05:54.603,1356, ,1343, ,0, ,N, ,3, , , , , , , , , ,2,1,0,0,1,0,0,0,0,0,0,0,1,1,0,0,0,0,0,0,0,0,0,0,0,0,0,0,0,0,0,0,0,0,0,8,0,40.0361,-75.0985, , 
30831,336075,2015045439,6,67,67301,2015,4,5,2328,23,3,2,1,8,1, , ,N,1,2,0,3,0,1,2,2,N, ,39 56:52.576,75 09:44.521,5, ,3, ,0, , , ,3, , , , , , , , , ,1,0,0,0,0,0,0,1,0,0,0,1,1,0,0,0,0,0,0,0,0,0,0,0,0,0,0,0,0,0,0,0,1,0,0,4,0,39.9479,-75.1624, , 
30832,336091,2015121058,6,67,67301,2015,10,6,1518,15,1,1,0,7,1, , ,N,0,0,0,3,0,0,1,1,N,N,39 55:15.854,75 11:40.598,1620, ,1615,2,1,1,N, ,0,N, , , , , , , , ,1,1,0,0,0,0,0,0,0,0,0,0,0,0,0,0,0,0,0,0,1,0,0,0,0,0,0,0,0,0,0,0,0,0,0,0,0,39.9211,-75.1946, , 
30833,336102,2016005070,6,67,67301,2015,12,1,830,8,1,1,0,5,1, , ,N,0,0,0,3,0,1,3,4,N,N,39 57:16.507,75 11:37.547,835, ,830,3,1,3,N, ,0,N, , , , , , , , ,4,3,0,0,0,0,1,0,0,0,0,1,1,0,0,0,0,0,0,0,0,0,0,0,0,0,0,0,0,0,0,0,0,0,0,4,0,39.9546,-75.1938, , 
30834,336116,2015073247,6,67,67301,2015,7,4,435,4,3,2,1,4,1, , ,N,1,2,0,3,0,1,3,2,N,N,40 02:03.403,75 04:28.523,445, ,440,1,1,2,N, ,3,N, , , , , , , , ,2,2,0,0,0,0,0,0,0,0,0,0,1,1,0,0,0,0,0,0,1,0,0,0,0,0,0,0,0,0,0,0,0,0,0,8,0,40.0343,-75.0746, , 
30835,336123,2015081101,6,67,67301,2015,7,1,520,5,5,1,0,7,4, , ,N,2,2,0,3,0,1,1,1,N,N,39 55:45.184,75 13:45.242,528, ,525,3,2,7,N, ,3,N, , , , , , , , ,1,1,0,0,0,0,0,0,0,0,0,1,1,0,0,0,0,0,0,0,0,0,0,1,0,0,0,0,0,0,0,0,0,0,0,4,0,39.9292,-75.2292, , 
30836,336124,2015081150,6,67,67301,2015,7,1,19,0,3,1,0,1,6, , ,N,0,0,0,3,0,0,3,2,N, ,39 58:58.507,75 14:30.723,23, ,20, ,0, , , ,0, , , , , , , , , ,2,2,0,0,0,0,0,0,0,0,0,0,0,0,0,0,0,0,0,0,0,0,0,0,0,0,0,0,0,0,0,0,0,0,0,0,0,39.9829,-75.2419, , 
30837,336139,2015096902,6,67,67301,2015,9,4,1743,17,1,1,0,5,1, , ,N,0,0,2,3,0,1,4,2,N,N,39 57:17.665,75 08:54.685,1745, ,1743, ,0, ,N, ,0, , , , , , , , , ,2,1,0,0,0,1,0,0,0,0,0,1,1,0,0,0,0,0,0,0,1,1,0,0,0,0,0,0,0,0,0,0,0,0,0,4,1,39.9549,-75.1485, , 
30838,336141,2015066194,6,67,67301,2015,6,7,1700,17,1,1,0,8,1, , ,N,5,3,0,3,0,1,2,2,N,Y,40 01:53.075,75 05:06.827,1735, ,1729, ,0, ,N, ,3, , , , , , , , , ,1,1,0,0,0,0,0,0,0,0,0,1,1,0,0,0,0,0,0,0,0,1,0,0,0,0,0,0,0,0,0,0,1,0,0,4,0,40.0314,-75.0852, , 
30839,336147,2015072903,6,67,67301,2015,7,4,30,0,3,1,1,7,2, , ,N,6,0,0,3,0,1,1,1,N,N,40 00:12.647,75 04:38.645,41, ,32, ,0, ,N, ,0, , , , , , , , , ,1,1,0,0,0,0,0,0,0,0,0,1,1,0,0,0,0,0,0,0,0,0,0,0,0,0,0,0,0,0,0,0,0,0,0,4,0,40.0035,-75.0774, , 
30840,336157,2015073640,6,67,67301,2015,7,5,1725,17,1,1,0,4,1, , ,N,1,3,0,3,0,1,2,2,N,N,40 00:03.618,75 10:22.724,1725, ,1720, ,0, ,N, ,3, , , , , , , , , ,1,1,0,0,0,0,0,0,1,0,0,0,1,1,0,0,0,0,0,0,0,0,0,0,0,0,0,0,0,0,0,0,0,0,0,8,0,40.001,-75.173, , 
30841,336158,2015075803,6,67,67301,2015,7,7,2315,23,3,1,0,4,1, , ,N,1,2,0,3,0,0,2,2,N, ,40 03:24.532,75 02:49.228,2320, ,2315, ,0, , , ,3, , , , , , , , , ,2,2,0,0,0,0,0,0,0,0,0,0,0,0,0,0,0,0,0,0,0,1,0,0,0,0,0,0,0,0,0,0,0,0,0,0,0,40.0567,-75.0469, , 
30842,336170,2015088743,6,67,67301,2015,8,6,2005,20,3,1,0,4,1, , ,N,1,2,0,3,0,1,2,2,N,N,40 00:37.460,75 04:45.357,2010, ,2008,9,2,3,N, ,3,Y, , , , , , , , ,1,1,0,0,0,0,0,0,1,0,0,0,1,1,0,0,0,0,0,0,0,0,0,0,0,0,0,0,0,0,0,0,0,0,0,8,0,40.0104,-75.0793, , 
30843,336191,2015109304,6,67,67301,2015,10,1,1113,11,1,1,0,4,1, , ,N,0,0,0,3,0,0,2,2,N,N,39 53:43.131,75 13:43.996,1114, ,1113, ,0, ,N, ,0, , , , , , , , , ,2,0,0,0,0,0,1,1,0,0,0,0,0,0,0,0,0,0,0,0,0,1,0,0,0,0,0,0,0,0,0,0,0,0,0,0,0,39.8953,-75.2289, , 
30844,339078,2015078305,6,67,67301,2015,7,4,1920,19,1,1,0,8,1, , ,N,1,2,0,3,0,1,2,2,N,N,39 56:49.146,75 10:35.615,1945, ,1935, ,0, ,N, ,3, , , , , , , , , ,1,1,0,0,0,0,0,0,0,0,0,0,1,1,0,0,0,0,0,0,1,0,0,0,0,0,0,0,0,0,0,0,1,0,0,8,0,39.947,-75.1766, , 
30845,339095,2015092957,6,67,67301,2015,8,6,320,3,3,1,0,1,6, , ,N,0,0,0,3,0,0,1,2,N,N,39 59:12.721,75 08:28.953,340, ,330, ,0, ,N, ,0, , , , , , , , , ,2,2,0,0,0,0,0,0,0,0,0,0,0,0,1,0,0,0,0,0,0,0,0,0,0,0,0,0,0,0,0,0,0,0,0,9,0,39.9869,-75.1414, , 
30846,339096,2015092997,6,67,67301,2015,8,3,150,1,3,1,0,2,1, , ,N,1,2,0,3,0,3,4,3,N,N,40 01:36.631,75 07:01.363,157, ,155,2,1,2,N, ,3,Y, , , , , , , , ,3,2,0,0,0,0,1,0,0,0,0,3,3,0,0,0,0,0,0,0,0,0,0,0,0,0,0,0,0,0,0,0,0,0,0,4,0,40.0267,-75.1173, , 
30847,339115,2016007526,6,67,67301,2015,12,5,2018,20,3,6,1,8,1, , ,N,1,2,0,3,0,1,2,2,N,N,39 55:56.906,75 13:28.606,2022, ,2019, ,0, ,N, ,3, , , , , , , , , ,1,1,0,0,0,0,0,0,0,0,1,0,1,0,1,0,0,0,0,0,0,0,0,0,0,0,0,0,0,0,0,0,1,0,0,3,0,39.9325,-75.2246, , 
30848,339121,2015066266,6,67,67301,2015,6,6,1544,15,1,1,0,4,1, , ,N,1,2,0,3,0,1,4,2,N, ,39 56:29.216,75 14:06.241,1550, ,1546, ,0, , , ,3, , , , , , , , , ,2,2,0,0,0,0,0,0,0,0,0,0,1,1,2,0,0,0,0,0,0,0,0,0,0,0,0,0,0,0,0,0,0,0,0,8,0,39.9415,-75.235, , 
30849,339124,2015068112,6,67,67301,2015,6,5,2121,21,3,1,0,1,1, , ,N,2,2,0,3,0,4,4,3,N,N,40 00:18.001,75 13:05.874,2121, ,2121, ,0, ,N, ,3, , , , , , , , , ,3,2,0,0,0,0,1,0,0,0,0,4,4,0,0,0,0,0,0,0,1,0,0,0,0,0,0,0,0,0,0,0,0,0,0,4,0,40.005,-75.2183, , 
30850,339147,2015056947,6,67,67301,2015,5,7,1721,17,1,1,0,8,1, , ,N,0,0,0,3,0,1,3,2,N, ,39 56:04.878,75 14:08.121,1724, ,1722,2,1,2, , ,0,N, , , , , , , , ,1,1,0,0,0,0,0,0,0,0,1,0,1,0,0,0,0,0,0,0,0,0,0,0,0,0,0,0,0,0,0,0,1,0,0,3,0,39.9347,-75.2356, , 
30851,339156,2015073222,6,67,67301,2015,6,2,1825,18,1,1,0,3,1, , ,N,2,0,0,3,0,1,2,2,N,N,40 00:00.734,75 09:29.314,1827, ,1826,3,2,2,N, ,0,N, , , , , , , , ,2,1,0,0,1,0,0,0,0,0,0,1,1,0,0,0,0,0,0,0,2,0,0,0,0,0,0,0,0,0,0,0,0,0,0,4,0,40.0002,-75.1581, , 
30852,339161,2015078285,6,67,67301,2015,7,6,1550,15,1,1,0,4,1, , ,N,0,0,7,3,0,2,3,2,N, ,40 05:07.845,75 02:21.564,1650, ,1641, ,0, , , ,0, , , , , , , , , ,2,2,0,0,0,0,0,0,0,0,0,2,2,0,0,0,0,0,0,0,0,0,1,0,0,0,0,0,0,0,0,0,0,0,0,4,0,40.0855,-75.0393, , 
30853,339177,2015095698,6,67,67301,2015,9,1,2134,21,3,1,0,4,1, , ,N,0,0,0,3,0,1,2,2,N, ,39 58:18.927,75 09:33.363,2137, ,2134, ,0, , , ,0, , , , , , , , , ,1,0,1,0,0,0,0,0,1,0,0,1,1,0,0,0,0,0,0,0,0,0,0,0,0,0,0,0,0,0,0,0,0,0,0,4,0,39.9719,-75.1593, , 
30854,339199,2015077849,6,67,67301,2015,7,1,542,5,1,1,0,1,6, , ,N,0,0,0,3,0,1,1,3,N,N,40 03:23.695,75 01:36.082,556, ,546,1,2,4,N, ,0,Y, , , , , , , , ,3,1,0,0,0,0,1,1,0,0,0,1,1,0,0,0,0,0,0,0,0,0,0,0,0,0,0,0,0,0,0,0,0,0,0,4,0,40.0566,-75.0267, , 
30855,339266,2015043226,6,67,67301,2015,4,6,1325,13,1,2,1,2,1, , ,N,0,0,0,3,0,1,2,2,N,N,40 02:33.166,75 13:35.151,1329, ,1327,1,2,1,N, ,0,N, , , , , , , , ,2,1,0,0,1,0,0,0,0,0,0,1,1,0,0,0,0,0,0,0,0,1,0,2,0,0,0,0,0,0,0,0,0,0,0,4,0,40.0425,-75.2264, , 
30856,339274,2015049186,6,67,67301,2015,4,5,1415,14,1,1,0,8,1, , ,N,1,2,0,3,0,1,2,2,N,N,39 56:57.916,75 09:08.422,1425, ,1420, ,0, , , ,3, , , , , , , , , ,1,0,0,0,1,0,0,0,0,0,0,1,1,0,0,0,0,0,0,0,1,0,0,0,0,0,0,0,0,0,0,0,1,0,0,4,0,39.9494,-75.1523, , 
30857,339279,2015056493,6,67,67301,2015,5,1,2111,21,3,1,0,4,1, , ,N,1,3,0,3,0,1,5,3,N,N,40 04:23.883,75 10:01.635,2114, ,2111,2,2,6,N, ,3,Y, , , , , , , , ,3,1,0,0,0,0,2,0,0,0,0,1,1,0,0,0,0,0,0,0,0,0,0,0,0,0,0,0,0,0,0,0,0,0,0,4,0,40.0733,-75.1671, , 
30858,339284,2015061803,6,67,67301,2015,5,3,800,8,1,1,0,1,1, , ,N,0,0,0,3,0,1,2,2,N,N,40 00:27.255,75 07:53.472,812, ,807,2,2,5,N, ,0,Y, , , , , , , , ,2,0,0,0,1,0,0,1,0,0,0,1,1,0,0,0,0,0,0,0,0,0,0,0,0,0,0,0,0,0,0,0,0,0,0,4,0,40.0076,-75.1315, , 
30859,339296,2015028809,6,67,67301,2015,2,2,1558,15,1,1,0,8,1, , ,N,1,2,0,3,0,1,2,2,N,N,39 59:45.578,75 08:01.967,1610, ,1558, ,0, ,N, ,3, , , , , , , , , ,1,1,0,0,0,0,0,0,0,1,0,0,1,0,0,0,0,0,0,0,0,0,0,0,0,0,0,0,0,0,0,0,1,0,1,2,0,39.996,-75.1339, , 
30860,339325,2015064342,6,67,67301,2015,6,5,1358,13,1,1,0,4,1, , ,N,0,0,7,3,0,2,3,2,N,N,40 02:08.148,75 02:34.868,1359, ,1359,2,1,1,N, ,0,N, , , , , , , , ,2,1,0,0,1,0,0,0,0,0,0,0,2,2,0,0,0,0,1,0,0,0,0,0,0,0,0,0,0,0,0,0,0,0,0,8,0,40.0356,-75.043, , 
30861,339327,2015073733,6,67,67301,2015,6,6,1151,11,1,1,0,4,1, , ,N,1,2,0,3,0,1,4,2,N,N,39 56:16.512,75 13:52.078,1156, ,1154, ,0, , , ,3, , , , , , , , , ,2,1,0,0,0,0,0,1,0,0,0,0,1,1,0,0,0,0,0,0,0,0,0,0,0,0,0,0,0,0,0,0,0,0,0,8,0,39.9379,-75.2311, , 
30862,342214,2015077822,6,67,67301,2015,7,3,108,1,3,1,0,8,1, , ,N,1,2,0,3,1,0,2,2,N, ,39 56:55.283,75 09:32.299,118, ,111, ,0, , ,0,3, , , , , , , , , ,1,0,0,1,0,0,0,0,0,0,0,0,0,0,0,0,0,0,0,0,0,0,0,0,0,0,0,0,0,0,0,0,1,1,0,1,1,39.9487,-75.1589,2, 
30863,342226,2015092908,6,67,67301,2015,8,3,9999,99,1,1,0,4,1, , ,N,0,0,0,3,0,1,2,2,N,N,40 00:20.700,75 12:49.700,1428, ,1423,1,1,4,N, ,0,N, , , , , , , , ,2,1,0,0,1,0,0,0,0,0,0,1,1,0,1,0,0,0,0,0,1,0,0,0,0,0,0,0,0,0,0,0,0,0,0,4,0,40.0058,-75.2138, , 
30864,342234,2015052396,6,67,67301,2015,5,2,1811,18,1,1,0,7,2, , ,N,0,0,0,3,0,0,4,2,N,N,39 55:52.179,75 11:57.615,1831, ,1814,2,1,3,N, ,0,N, , , , , , , , ,2,1,0,0,0,0,1,0,0,0,0,0,0,0,0,0,0,0,0,0,0,0,0,0,0,0,0,0,0,0,0,0,0,0,0,0,0,39.9312,-75.1993, , 
30865,342238,2015056932,6,67,67301,2015,5,7,2005,20,3,2,1,4,1, , ,N,1,2,0,3,0,0,2,2,N,N,39 55:14.253,75 09:00.640,2040, ,2036, ,0, , , ,3, , , , , , , , , ,2,2,0,0,0,0,0,0,0,0,0,0,0,0,0,0,0,0,0,0,0,0,0,0,0,0,0,0,0,0,0,0,0,0,0,0,0,39.9206,-75.1502, , 
30866,342241,2015061245,6,67,67301,2015,5,4,1321,13,1,1,0,5,1, , ,N,0,0,0,3,0,2,5,2,N,N,39 58:03.832,75 11:23.540,1332, ,1321, ,0, ,N, ,0, , , , , , , , , ,2,0,0,0,0,1,1,0,0,0,0,0,2,2,0,0,0,0,0,0,0,0,0,1,0,0,0,0,0,0,0,0,0,0,0,8,1,39.9677,-75.1899, , 
30867,342242,2015061719,6,67,67301,2015,5,4,1720,17,1,2,1,4,1, , ,N,1,3,0,3,0,2,4,2,N,N,39 57:38.541,75 14:13.174,1817, ,1817, ,0, ,N, ,3, , , , , , , , , ,2,2,0,0,0,0,0,0,0,0,0,0,2,2,2,0,0,0,0,0,0,0,0,0,0,0,0,0,0,0,0,0,0,0,0,8,0,39.9607,-75.237, , 
30868,342287,2015091080,6,67,67301,2015,8,7,200,2,3,1,0,4,1, , ,N,3,2,0,3,0,0,2,2,N,N,39 56:36.552,75 14:48.306,215, ,212,3,1,6,N, ,3,Y, , , , , , , , ,2,2,0,0,0,0,0,0,0,0,0,0,0,0,1,0,0,0,1,0,0,0,0,0,0,0,0,0,0,0,0,0,0,0,0,9,0,39.9435,-75.2468, , 
30869,342317,2015070189,6,67,67301,2015,6,4,1935,19,1,1,0,4,1,8,8,Y,1,2,3,3,0,1,3,2,N,N,39 57:31.985,75 10:07.573,1950,99,1945,1,2,4,N, ,3,Y,U,U,U,U,U,U,U,U,2,1,0,0,0,0,0,1,0,0,0,0,1,1,0,0,0,0,0,0,0,0,0,1,0,0,0,0,0,0,0,0,0,0,0,8,0,39.9589,-75.1688, , 
30870,342335,2015080253,6,67,67301,2015,7,3,1800,18,1,1,0,1,1, , ,N,0,3,0,3,0,2,4,2,N,N,39 55:21.582,75 10:36.038,1810, ,1805, ,0, ,N, ,3, , , , , , , , , ,2,2,0,0,0,0,0,0,0,0,0,2,2,0,0,0,0,0,0,0,0,0,0,0,0,0,0,0,0,0,0,0,0,0,0,4,0,39.9227,-75.1767, , 
30871,342399,2015088779,6,67,67301,2015,8,5,1730,17,1,1,0,1,1, , ,N,0,0,0,3,0,2,4,4,N,N,39 58:35.679,75 06:49.041,1804, ,1800, ,0, , , ,0, , , , , , , , , ,4,3,0,0,1,0,0,0,0,0,0,2,2,0,0,0,0,0,0,1,0,0,0,0,0,0,0,0,0,0,0,0,0,0,0,4,0,39.9766,-75.1136, , 
30872,342439,2015034407,6,67,67301,2015,3,6,1147,11,1,1,0,1,1, , ,N,0,0,0,3,0,0,2,2,N,N,39 56:38.009,75 11:31.608,1205, ,1147, ,0, ,N, ,0, , , , , , , , , ,2,1,0,0,0,0,1,0,0,0,0,0,0,0,0,0,0,0,0,0,0,0,0,0,0,0,0,0,0,0,0,0,0,0,0,0,0,39.9439,-75.1921, , 
30873,342440,2015036672,6,67,67301,2015,3,2,1335,13,1,1,0,4,1, , ,N,1,2,0,3,0,1,2,2,N, ,39 57:03.504,75 10:38.410,1340, ,1338, ,0, , , ,3, , , , , , , , , ,2,1,0,0,0,0,0,1,0,0,0,0,1,1,0,0,0,0,0,0,1,1,0,0,0,0,0,0,0,0,0,0,0,0,0,8,0,39.951,-75.1773, , 
30874,342449,2015045397,6,67,67301,2015,4,4,9999,99,1,1,0,1,1, , ,N,0,0,7,3,0,0,2,2,N,N,39 59:20.544,75 12:11.429,1650, ,1637, ,0, ,N, ,0, , , , , , , , , ,2,2,0,0,0,0,0,0,0,0,0,0,0,0,0,0,0,0,0,0,0,0,0,0,0,0,0,0,0,0,0,0,0,0,0,0,0,39.989,-75.2032, , 
30875,342457,2015075832,6,67,67301,2015,7,5,2326,23,3,2,1,4,1, , ,N,1,3,0,3,0,1,3,2,N, ,40 00:04.687,75 06:08.891,22, ,17, ,0, , , ,3, , , , , , , , , ,2,1,0,0,1,0,0,0,0,0,1,0,1,0,0,0,0,0,0,0,0,0,0,0,0,0,0,0,0,0,0,0,0,0,0,3,0,40.0013,-75.1025, , 
30876,342469,2015087522,6,67,67301,2015,8,3,1847,18,1,1,0,4,1, , ,N,2,2,0,3,0,2,3,3,N,N,39 53:44.023,75 14:00.733,1901, ,1900,9,1,2,N, ,3,N, , , , , , , , ,3,3,0,0,0,0,0,0,0,0,0,0,2,2,0,0,0,0,0,0,0,1,0,0,0,0,0,0,0,0,0,0,0,0,0,8,0,39.8954,-75.2335, , 
30877,342482,2015083371,6,67,67301,2015,8,7,2015,20,1,1,0,4,1, , ,N,1,2,0,3,0,1,2,2,N,N,39 59:43.634,75 08:29.417,2025, ,2020, ,0, ,N, ,3, , , , , , , , , ,1,1,0,0,0,0,0,0,1,0,0,0,1,1,0,0,0,0,0,0,0,0,0,0,0,0,0,0,0,0,0,0,0,0,0,8,0,39.9955,-75.1415, , 
30878,342498,2015097686,6,46,46102,2015,9,4,910,9,1,1,0,4,1, , ,N,2,3,0,3,0,1,2,2,N,N,40 03:58.293,75 05:30.995,917, ,913,1,1,3,N, ,3,Y, , , , , , , , ,1,1,0,0,0,0,0,0,1,0,1,0,1,0,0,0,0,0,0,0,1,0,0,0,0,0,0,0,0,0,0,0,0,0,0,3,0,40.0662,-75.0919, , 
30879,342505,2015103267,6,67,67301,2015,9,6,1710,17,1,1,0,1,1, , ,N,0,0,0,3,0,1,3,3,N,N,40 06:07.756,75 01:41.575,1730, ,1730, ,0, ,N, ,0, , , , , , , , , ,3,3,0,0,0,0,0,0,0,0,0,0,1,1,2,0,0,0,0,0,0,0,0,0,0,0,0,0,0,0,0,0,0,0,0,8,0,40.1022,-75.0282, , 
30880,344979,2015131230,6,67,67301,2015,11,7,1950,19,3,1,0,4,1, , ,N,5,2,0,3,0,1,2,2,N,N,40 02:31.027,75 04:30.123,1958, ,1955, ,0, ,N, ,3, , , , , , , , , ,2,0,0,0,1,0,1,0,0,0,0,1,1,0,0,0,0,0,0,0,0,0,0,0,0,0,0,0,0,0,0,0,0,0,0,4,0,40.0419,-75.075, , 
30881,344986,2015059109,6,67,67301,2015,5,7,1145,11,1,1,0,5,1, , ,N,2,2,0,3,0,1,2,2,N, ,39 56:47.240,75 14:14.280,1156, ,1155, ,0, , , ,3, , , , , , , , , ,2,1,0,0,0,1,0,0,0,0,0,1,1,0,0,0,0,0,0,0,0,0,1,0,0,0,0,0,0,0,0,0,0,0,0,4,1,39.9465,-75.2373, , 
30882,344989,2015063911,6,67,67301,2015,5,7,2320,23,3,1,0,4,1, , ,N,2,3,0,3,0,1,3,2,N,N,40 02:24.957,75 04:35.966,2330, ,2323, ,0, ,N, ,3, , , , , , , , , ,2,1,0,0,0,0,1,0,0,0,0,1,1,0,1,0,0,0,0,0,1,0,0,0,0,0,0,0,0,0,0,0,0,0,0,4,0,40.0402,-75.0766, , 
30883,344992,2015066262,6,67,67301,2015,6,2,1545,15,1,1,0,5,1, , ,N,0,0,0,3,0,1,2,2,N,N,39 57:38.905,75 11:38.522,1549, ,1547, ,0, ,N, ,0, , , , , , , , , ,2,1,0,0,0,1,0,0,0,0,1,0,1,0,0,0,0,0,0,0,0,0,0,0,0,0,0,0,0,0,0,0,0,0,0,3,1,39.9608,-75.194, , 
30884,345002,2015078246,6,67,67301,2015,7,3,1743,17,1,1,0,4,1, , ,N,1,2,0,3,0,2,3,2,N, ,39 58:10.746,75 12:41.274,1745, ,1743, ,0, , , ,3, , , , , , , , , ,2,1,0,0,0,0,1,0,0,0,0,2,2,0,0,0,0,0,0,0,1,1,0,1,0,0,0,0,0,0,0,0,0,0,0,4,0,39.9697,-75.2115, , 
30885,345003,2015078689,6,67,67301,2015,7,3,1725,17,1,1,0,5,1, , ,N,0,0,0,3,0,1,2,2,N,N,39 59:41.107,75 10:44.660,2020, ,1730, ,0, ,N, ,0, , , , , , , , , ,1,1,0,0,0,0,0,0,1,0,0,1,1,0,1,0,0,0,0,0,0,0,0,0,0,0,0,0,0,0,0,0,0,0,0,4,0,39.9948,-75.1791, , 
30886,345013,2015092974,6,67,67301,2015,8,3,1155,11,1,1,0,1,6, , ,N,0,0,0,3,0,1,1,3,N, ,39 59:53.010,75 07:33.141,1159, ,1157, ,0, , , ,0, , , , , , , , , ,3,2,0,0,1,0,0,0,0,0,0,0,1,1,0,0,0,0,0,0,0,0,0,0,0,0,0,0,0,0,0,0,0,0,0,8,0,39.9981,-75.1259, , 
30887,345018,2015095214,6,67,67301,2015,9,6,1543,15,1,1,0,4,1, , ,N,1,3,0,3,0,2,3,2,N,N,40 00:29.505,75 05:18.707,1625, ,1615, ,0, ,N, ,3, , , , , , , , , ,2,1,0,0,0,0,0,1,0,0,0,2,2,0,0,0,0,0,0,0,0,0,0,0,0,0,0,0,0,0,0,0,0,0,0,4,0,40.0082,-75.0885, , 