objectid_1,objectid,crn,district,county,municipality,crash_year,crash_month,day_of_week,time_of_day,hour_of_day,illumination,weather,road_condition,collision_type,relation_to_road,work_zone_type,work_zone_loc,work_zone_ind,intersect_type,tcd_type,location_type,urban_rural,fatal_count,injury_count,person_count,total_units,sch_bus_ind,sch_zone_ind,latitude,longitude,arrival_tm,cons_zone_spd_lim,dispatch_tm,est_hrs_closed,lane_closed,ln_close_dir,ntfy_hiwy_maint,spec_juris_cd,tcd_func_cd,tfc_detour_ind,workers_pres,wz_close_detour,wz_flagger,wz_law_offcr_ind,wz_ln_closure,wz_moving,wz_other,wz_shlder_mdn,vehicle_count,automobile_count,motorcycle_count,bus_count,small_truck_count,heavy_truck_count,suv_count,van_count,bicycle_count,maj_inj_count,mod_inj_count,min_inj_count,tot_inj_count,unk_inj_deg_count,unk_inj_per_count,driver_count_16yr,driver_count_17yr,driver_count_18yr,driver_count_19yr,driver_count_20yr,driver_count_50_64yr,driver_count_65_74yr,driver_count_75plus,unbelted_occ_count,unb_death_count,unb_maj_inj_count,belted_death_count,belted_maj_inj_count,mcycle_death_count,mcycle_maj_inj_count,bicycle_death_count,bicycle_maj_inj_count,ped_count,ped_death_count,ped_maj_inj_count,max_severity_level,comm_veh_count,dec_lat,dec_long,rdwy_surf_type_cd,county_name
31091,342932,2015049110,6,67,67301,2015,4,2,1630,16,1,1,0,4,1, , ,N,0,0,7,3,0,3,5,2,N,N,40 01:14.092,75 09:37.913,1645, ,1636, ,0, , , ,0, , , , , , , , , ,2,1,0,0,0,0,1,0,0,0,2,1,3,0,0,0,0,0,0,0,0,0,0,1,0,0,0,0,0,0,0,0,0,0,0,3,0,40.0206,-75.1605, , 
31092,342939,2015059129,6,67,67301,2015,5,4,1710,17,1,1,0,8,1, , ,N,0,0,0,3,0,1,2,2,N,N,39 56:14.290,75 09:05.234,1725, ,1720, ,0, ,N, ,0, , , , , , , , , ,1,0,0,0,0,0,1,0,0,0,0,0,1,1,0,0,0,0,0,0,0,0,0,1,0,0,0,0,0,0,0,0,1,0,0,8,0,39.9373,-75.1515, , 
31093,342949,2015063890,6,67,67301,2015,5,1,330,3,3,1,0,4,1, , ,N,1,3,0,3,0,2,3,3,N, ,40 03:49.744,75 08:50.931,340, ,335, ,0, , , ,3, , , , , , , , , ,3,2,0,0,0,0,1,0,0,0,2,0,2,0,0,0,0,0,0,0,0,0,0,0,0,0,0,0,0,0,0,0,0,0,0,3,0,40.0638,-75.1475, , 
31094,342953,2015083968,6,67,67301,2015,7,2,627,6,1,1,1,7,3, , ,N,0,0,0,3,0,1,1,1,N,N,39 57:46.277,75 08:21.994,641, ,629, ,0, ,N, ,0, , , , , , , , , ,1,1,0,0,0,0,0,0,0,0,0,1,1,0,0,0,0,0,0,0,0,0,0,0,0,0,0,0,0,0,0,0,0,0,0,4,0,39.9629,-75.1394, , 
31095,342956,2015091050,6,67,67301,2015,8,6,1348,13,1,1,0,4,1, , ,N,0,3,7,3,0,1,2,2,N,N,40 00:43.109,75 03:32.877,1352, ,1349, ,0, , , ,3, , , , , , , , , ,2,1,0,0,0,0,1,0,0,0,0,1,1,0,0,0,0,0,0,0,1,0,0,0,0,0,0,0,0,0,0,0,0,0,0,4,0,40.012,-75.0591, , 
31096,347031,2015095227,6,67,67301,2015,8,3,755,7,1,1,0,4,1, , ,N,1,2,0,3,0,2,2,2,N,N,40 02:13.966,75 03:10.861,810, ,802, ,0, , , ,3, , , , , , , , , ,2,1,0,0,1,0,0,0,0,0,1,1,2,0,0,0,0,0,0,0,1,0,0,0,0,0,0,0,0,0,0,0,0,0,0,3,0,40.0372,-75.053, , 
31097,347032,2015098106,6,67,67301,2015,8,2,1511,15,1,1,0,4,1, , ,N,2,2,7,3,0,1,3,2,N,N,39 59:08.043,75 15:30.778,1515, ,1511,2,1,2,N, ,3,N, , , , , , , , ,2,1,0,0,0,0,1,0,0,0,0,0,1,1,0,0,0,0,0,0,0,0,0,0,0,0,0,0,0,0,0,0,0,0,0,8,0,39.9855,-75.2585, , 
31098,347035,2015099021,6,67,67301,2015,9,5,740,7,1,2,1,4,1, , ,N,1,2,0,3,0,4,6,2,N, ,39 56:58.740,75 09:37.407,745, ,740, ,0, , , ,3, , , , , , , , , ,2,0,0,1,1,0,0,0,0,0,0,4,4,0,0,0,0,0,0,0,2,0,0,0,0,0,0,0,0,0,0,0,0,0,0,4,1,39.9497,-75.1604, , 
31099,347036,2015099068,6,67,67301,2015,9,5,1451,14,1,2,1,6,1, , ,N,0,0,0,3,0,0,3,2,N,N,39 58:33.900,75 11:32.699,1500, ,1451,1,2,5,N, ,0,N, , , , , , , , ,2,0,0,0,1,0,1,0,0,0,0,0,0,0,0,0,0,0,0,0,0,1,0,0,0,0,0,0,0,0,0,0,0,0,0,0,0,39.9761,-75.1924, , 
31100,347040,2015105139,6,67,67301,2015,9,6,2301,23,3,1,0,5,6, , ,N,0,0,0,3,0,1,1,4,N,N,39 54:55.864,75 09:41.398,2352, ,2351, ,0, ,N, ,0, , , , , , , , , ,4,0,0,0,3,0,1,0,0,0,0,1,1,0,0,0,0,0,0,0,1,0,0,0,0,0,0,0,0,0,0,0,0,0,0,4,0,39.9155,-75.1615, , 
31101,347067,2015102405,6,67,67301,2015,9,3,810,8,1,1,0,4,1, , ,N,1,3,0,3,0,1,2,2,N, ,40 00:16.156,75 11:06.539,820, ,816,2,1,2, , ,3,Y, , , , , , , , ,2,1,0,0,0,0,1,0,0,0,1,0,1,0,0,0,0,0,0,0,0,1,0,0,0,0,0,0,0,0,0,0,0,0,0,3,0,40.0045,-75.1851, , 
31102,347084,2015063894,6,67,67301,2015,6,5,2325,23,2,1,0,2,1, , ,N,0,0,0,3,0,2,2,2,N,N,40 03:48.176,75 09:21.085,2330, ,2327, ,0, ,N, ,0, , , , , , , , , ,2,2,0,0,0,0,0,0,0,0,0,0,2,2,0,0,0,0,0,0,0,0,0,0,0,0,0,0,0,0,0,0,0,0,0,8,0,40.0634,-75.1559, , 
31103,347095,2015078653,6,67,67301,2015,7,2,9999,99,1,1,0,4,1, , ,N,1,2,0,3,0,0,2,2,N,N,40 01:48.464,75 02:06.579,1634, ,1633, ,0, , , ,3, , , , , , , , , ,2,2,0,0,0,0,0,0,0,0,0,0,0,0,0,0,0,0,0,0,0,0,0,0,0,0,0,0,0,0,0,0,0,0,0,0,0,40.0301,-75.0352, , 
31104,347097,2015070207,6,67,67301,2015,6,3,655,6,1,1,0,4,1, , ,N,1,2,0,3,0,0,4,2,N, ,40 02:20.942,75 06:36.006,811, ,804, ,0, , , ,3, , , , , , , , , ,2,1,0,0,0,0,0,1,0,0,0,0,0,0,1,0,0,0,0,0,0,1,0,1,0,0,0,0,0,0,0,0,0,0,0,9,0,40.0392,-75.11, , 
31105,347104,2015078617,6,67,67301,2015,7,6,833,8,1,1,0,2,1, , ,N,0,0,0,3,0,2,2,2,N,N,39 57:02.783,75 09:03.306,939, ,934, ,0, ,N, ,0, , , , , , , , , ,2,0,0,0,0,0,2,0,0,0,0,2,2,0,0,0,0,0,0,0,0,0,0,0,0,0,0,0,0,0,0,0,0,0,0,4,0,39.9508,-75.1509, , 
31106,347105,2015078688,6,67,67301,2015,7,3,730,7,1,1,0,4,1, , ,N,2,3,0,3,0,3,3,2,N,N,40 00:18.770,75 05:33.796,1030, ,1028, ,0, , , ,3, , , , , , , , , ,2,2,0,0,0,0,0,0,0,0,0,3,3,0,0,0,0,0,0,0,0,0,0,0,0,0,0,0,0,0,0,0,0,0,0,4,0,40.0052,-75.0927, , 
31107,347116,2015091132,6,67,67301,2015,8,6,1257,12,1,1,0,5,6, , ,N,0,0,0,3,0,1,3,3,N,N,40 00:31.479,75 09:02.352,1257, ,1257, ,0, , , ,0, , , , , , , , , ,3,2,0,0,0,0,1,0,0,0,0,1,1,0,0,0,0,0,0,0,0,0,0,0,0,0,0,0,0,0,0,0,0,0,0,4,0,40.0087,-75.1507, , 
31108,347124,2015099065,6,67,67301,2015,9,3,1250,12,1,1,0,4,1, , ,N,1,2,0,3,0,0,5,3,N,N,39 55:01.859,75 14:46.691,1300, ,1300,1,1,2,N, ,3,N, , , , , , , , ,3,2,0,0,0,0,1,0,0,0,0,0,0,0,1,0,0,0,0,0,1,0,0,0,0,0,0,0,0,0,0,0,0,0,0,9,0,39.9172,-75.2463, , 
31109,347131,2015106232,6,67,67301,2015,10,3,1835,18,3,1,0,1,1, , ,N,6,0,2,3,0,1,2,2,N,N,39 55:56.854,75 12:00.596,1927, ,1848, ,0, ,N, ,0, , , , , , , , , ,2,2,0,0,0,0,0,0,0,0,0,1,1,0,0,0,0,0,0,0,1,0,0,0,0,0,0,0,0,0,0,0,0,0,0,4,0,39.9325,-75.2002, , 
31110,347135,2015108376,6,67,67301,2015,9,5,844,8,1,1,0,4,1, , ,N,0,0,7,3,0,1,2,2,N, ,39 58:41.867,75 15:19.376,850, ,846,1,2,6, , ,0,Y, , , , , , , , ,2,1,0,0,1,0,0,0,0,0,1,0,1,0,0,0,0,0,0,0,0,0,0,0,0,0,0,0,0,0,0,0,0,0,0,3,0,39.9783,-75.2554, , 
31111,347147,2015106418,6,67,67301,2015,9,4,2115,21,3,1,0,1,1, , ,N,0,2,0,3,0,2,5,2,N,N,40 01:36.909,75 05:54.421,2123, ,2115, ,0, ,N, ,3, , , , , , , , , ,2,0,0,0,0,0,1,1,0,0,0,2,2,0,0,0,0,1,0,0,1,0,0,3,0,0,0,0,0,0,0,0,0,0,0,4,0,40.0269,-75.0985, , 
31112,347159,2015084450,6,67,67301,2015,7,5,1635,16,1,2,1,4,1, , ,N,1,2,0,3,0,1,2,2,N, ,39 56:08.984,75 10:50.163,1640, ,1640,2,1,7, , ,3,Y, , , , , , , , ,1,1,0,0,0,0,0,0,1,0,1,0,1,0,0,0,0,0,0,0,0,0,0,0,0,0,0,0,0,0,0,0,0,0,0,3,0,39.9358,-75.1806, , 
31113,347175,2015103372,6,67,67301,2015,9,3,740,7,1,1,0,4,1, , ,N,1,2,0,3,0,1,2,2,N,N,39 57:04.665,75 10:25.093,750, ,743, ,0, ,N, ,3, , , , , , , , , ,2,2,0,0,0,0,0,0,0,0,0,1,1,0,0,0,0,0,0,0,0,0,0,0,0,0,0,0,0,0,0,0,0,0,0,4,0,39.9513,-75.1736, , 
31114,336841,2016010018,6,67,67301,2015,12,1,310,3,3,1,0,1,1, , ,N,0,0,0,3,0,0,3,3,N,N,39 56:01.591,75 12:00.183,320, ,314,2,1,3, , ,0,N, , , , , , , , ,3,2,0,0,0,0,0,0,0,0,0,0,0,0,1,0,0,0,0,0,1,0,0,0,0,0,0,0,0,0,0,0,0,0,0,9,0,39.9338,-75.2001, , 
31115,336844,2015052385,6,67,67301,2015,5,6,1720,17,1,1,0,7,2, , ,N,0,0,0,3,0,1,1,1,N,N,40 02:13.231,75 00:48.150,1737, ,1731,1,2,1,N, ,0,N, , , , , , , , ,1,0,0,0,0,0,1,0,0,0,0,0,1,1,0,0,0,0,0,0,0,0,0,0,0,0,0,0,0,0,0,0,0,0,0,8,0,40.037,-75.0134, , 
31116,336853,2015061760,6,67,67301,2015,5,1,1900,19,4,1,0,4,1, , ,N,1,2,4,3,0,0,5,2,N,N,39 57:28.162,75 08:50.070,1930, ,1935, ,0, ,N, ,3, , , , , , , , , ,2,0,0,0,0,0,2,0,0,0,0,0,0,0,0,0,0,0,0,0,0,0,0,5,0,0,0,0,0,0,0,0,0,0,0,0,0,39.9578,-75.1472, , 
31117,336854,2015061822,6,67,67301,2015,5,3,1227,12,1,1,0,8,1, , ,N,1,2,0,3,0,1,2,2,N, ,40 03:40.656,75 03:06.510,1233, ,1229, ,0, , , ,3, , , , , , , , , ,1,0,0,0,0,0,0,1,0,0,0,0,1,1,0,0,0,0,0,0,0,0,1,0,0,0,0,0,0,0,0,0,1,0,0,8,0,40.0613,-75.0518, , 
31118,336869,2015078643,6,67,67301,2015,7,3,214,2,3,1,0,4,1, , ,N,1,3,0,3,0,0,2,3,N,N,39 54:48.175,75 14:26.825,216, ,216, ,0, ,N, ,3, , , , , , , , , ,3,2,0,0,0,0,1,0,0,0,0,0,0,0,1,0,0,0,0,0,0,0,0,0,0,0,0,0,0,0,0,0,0,0,0,9,0,39.9134,-75.2408, , 
31119,336874,2015085249,6,67,67301,2015,8,1,1905,19,3,1,0,8,1, , ,N,1,2,0,3,0,1,2,2,N,N,39 57:01.379,75 08:50.098,1910, ,1905, ,0, ,N, ,3, , , , , , , , , ,1,1,0,0,0,0,0,0,0,0,0,1,1,0,0,0,0,0,0,0,0,0,0,0,0,0,0,0,0,0,0,0,1,0,0,4,0,39.9504,-75.1472, , 
31120,336893,2015095687,6,67,67301,2015,9,2,255,2,3,1,0,4,1, , ,N,5,2,0,3,0,0,3,3,N,N,39 57:42.623,75 09:27.136,304, ,300,2,2,6,N, ,3,Y, , , , , , , , ,3,3,0,0,0,0,0,0,0,0,0,0,0,0,0,0,0,0,0,0,1,0,0,0,0,0,0,0,0,0,0,0,0,0,0,0,0,39.9617,-75.1575, , 
31121,336920,2015020812,6,67,67301,2015,2,2,1153,11,1,2,1,4,1, , ,N,1,3,0,3,0,1,2,2,N,N,39 56:59.046,75 13:15.470,1153, ,1152, ,0, , , ,3, , , , , , , , , ,2,2,0,0,0,0,0,0,0,0,1,0,1,0,0,0,0,0,0,0,0,0,0,0,0,0,0,0,0,0,0,0,0,0,0,3,0,39.9497,-75.221, , 
31122,336937,2015092973,6,67,67301,2015,8,3,952,9,1,1,0,7,2, , ,N,0,0,3,3,0,1,1,1,N, ,40 05:37.526,74 58:48.208,958, ,955,1,1,3, , ,0,N, , , , , , , , ,1,1,0,0,0,0,0,0,0,0,0,1,1,0,0,0,0,0,0,0,0,0,0,0,0,0,0,0,0,0,0,0,0,0,0,4,0,40.0938,-74.9801, , 
31123,336939,2015095743,6,67,67301,2015,8,1,646,6,1,1,0,4,1, , ,N,1,2,0,3,0,1,2,2,N,N,40 03:44.832,74 59:13.249,658, ,656, ,0, ,N, ,3, , , , , , , , , ,2,2,0,0,0,0,0,0,0,0,0,0,1,1,0,0,0,0,0,0,0,0,0,0,0,0,0,0,0,0,0,0,0,0,0,8,0,40.0625,-74.987, , 
31124,336953,2015115218,6,67,67301,2015,10,2,33,0,3,1,0,0,7, , ,N,0,0,0,3,0,0,1,1,N,N,39 57:36.847,75 10:51.820,33, ,33,2,2,3,N, ,0,Y, , , , , , , , ,1,1,0,0,0,0,0,0,0,0,0,0,0,0,0,0,0,0,0,0,0,1,0,0,0,0,0,0,0,0,0,0,0,0,0,0,0,39.9602,-75.1811, , 
31125,336960,2015010680,6,67,67301,2015,1,4,1340,13,1,1,0,4,1, , ,N,2,2,0,3,0,3,4,2,N, ,39 54:26.956,75 09:04.460,1350, ,1347, ,0, , , ,3, , , , , , , , , ,2,1,0,0,0,1,0,0,0,0,0,3,3,0,0,0,0,0,0,0,0,0,0,0,0,0,0,0,0,0,0,0,0,0,0,4,1,39.9075,-75.1512, , 
31126,336973,2015021945,6,67,67301,2015,2,5,739,7,1,4,1,4,1, , ,N,2,3,0,3,0,0,3,3,N,N,40 01:32.141,75 12:08.737,743, ,741,3,2,5,N, ,3,Y, , , , , , , , ,3,2,0,0,0,0,1,0,0,0,0,0,0,0,0,0,0,0,0,0,0,0,0,3,0,0,0,0,0,0,0,0,0,0,0,0,0,40.0257,-75.2025, , 
31127,336980,2015021967,6,67,67301,2015,2,3,2300,23,3,1,0,7,5, , ,N,0,0,0,3,0,1,1,1,N, ,40 01:46.844,75 10:51.319,2330, ,2324, ,0, , , ,0, , , , , , , , , ,1,1,0,0,0,0,0,0,0,0,1,0,1,0,0,0,0,0,0,0,0,1,0,0,0,0,0,0,0,0,0,0,0,0,0,3,0,40.0297,-75.1809, , 
31128,336982,2015024973,6,67,67301,2015,2,4,719,7,1,1,0,4,1, , ,N,1,2,0,3,0,1,2,2,N,N,40 01:34.079,75 08:51.217,741, ,719, ,0, ,N, ,3, , , , , , , , , ,2,2,0,0,0,0,0,0,0,0,0,1,1,0,0,0,0,0,0,0,1,0,0,0,0,0,0,0,0,0,0,0,0,0,0,4,0,40.0261,-75.1475, , 
31129,336985,2015027344,6,67,67301,2015,3,1,1255,12,1,3,6,7,2, , ,N,0,0,0,3,0,1,1,1,N,N,39 57:27.758,75 09:38.299,1304, ,1255,1,1,4,N, ,0,N, , , , , , , , ,1,1,0,0,0,0,0,0,0,0,0,1,1,0,0,0,0,0,0,0,0,0,0,0,0,0,0,0,0,0,0,0,0,0,0,4,0,39.9577,-75.1606, , 
31130,336995,2015033745,6,67,67301,2015,3,2,1949,19,3,1,0,4,1, , ,N,1,3,0,3,0,2,4,2,N,N,40 02:00.799,75 01:42.689,2004, ,1956,2,1,2,N, ,3,Y, , , , , , , , ,2,1,0,0,0,0,0,1,0,0,0,2,2,0,0,0,0,0,0,0,0,0,1,0,0,0,0,0,0,0,0,0,0,0,0,4,0,40.0336,-75.0285, , 
31131,337000,2015038603,6,67,67301,2015,3,3,1548,15,1,2,1,4,1, , ,N,1,2,0,3,0,2,6,3,N,N,40 00:36.435,75 07:17.178,1550, ,1548, ,0, ,N, ,3, , , , , , , , , ,3,2,0,0,0,0,0,1,0,0,0,2,2,0,1,0,0,0,0,0,0,1,0,0,0,0,0,0,0,0,0,0,0,0,0,4,0,40.0101,-75.1214, , 
31132,339935,2015061442,6,67,67301,2015,6,1,1656,16,1,1,0,7,4, , ,N,0,0,0,3,0,1,2,1,N,N,39 59:59.102,75 04:48.050,1702, ,1656,1,2,1,N, ,0,N, , , , , , , , ,1,1,0,0,0,0,0,0,0,0,0,1,1,0,0,0,0,0,0,0,0,1,0,0,0,0,0,0,0,0,0,0,0,0,0,4,0,39.9998,-75.08, , 
31133,339950,2015075743,6,67,67301,2015,7,4,1816,18,1,1,0,1,1, , ,N,1,2,0,3,0,1,2,2,N,N,39 58:47.695,75 10:02.706,1849, ,1846, ,0, ,N, ,3, , , , , , , , , ,2,1,0,0,0,0,1,0,0,0,0,1,1,0,0,0,0,0,0,0,0,0,0,0,0,0,0,0,0,0,0,0,0,0,0,4,0,39.9799,-75.1674, , 
31134,339960,2015081074,6,67,67301,2015,7,4,1605,16,1,1,0,1,1, , ,N,0,2,0,3,0,2,3,3,N,N,39 55:43.677,75 13:47.682,1631, ,1612, ,0, ,N, ,3, , , , , , , , , ,3,3,0,0,0,0,0,0,0,0,0,2,2,0,0,0,0,0,0,0,0,1,0,0,0,0,0,0,0,0,0,0,0,0,0,4,0,39.9288,-75.2299, , 
31135,339978,2015103431,6,67,67301,2015,9,2,9999,99,1,1,0,4,1, , ,N,1,2,1,3,0,1,3,2,N, ,39 55:22.764,75 11:18.725,1819, ,1819,2,2,4, , ,3,Y, , , , , , , , ,2,2,0,0,0,0,0,0,0,0,0,1,1,0,0,0,0,0,0,0,0,0,0,0,0,0,0,0,0,0,0,0,0,0,0,4,0,39.923,-75.1885, , 
31136,339989,2015114629,6,67,67301,2015,10,4,1615,16,1,1,0,1,1, , ,N,0,0,0,3,0,0,2,2,N,N,39 54:29.325,75 11:36.558,1700, ,1645, ,0, ,N, ,0, , , , , , , , , ,2,0,0,0,1,1,0,0,0,0,0,0,0,0,0,0,0,0,0,0,1,0,0,0,0,0,0,0,0,0,0,0,0,0,0,0,1,39.9081,-75.1935, , 
31137,339991,2015118136,6,67,67301,2015,10,3,1820,18,2,1,0,4,1, , ,N,1,0,0,3,0,1,2,2,N,N,40 03:07.780,75 05:11.686,1902, ,1856,2,2,7,N, ,0,Y, , , , , , , , ,2,2,0,0,0,0,0,0,0,0,0,0,1,1,0,0,0,0,0,0,0,0,1,0,0,0,0,0,0,0,0,0,0,0,0,8,0,40.0522,-75.0866, , 
31138,340003,2015074579,6,67,67301,2015,6,1,1950,19,1,1,0,4,1, , ,N,1,2,0,3,0,1,3,2,N, ,40 02:29.338,75 05:16.364,2005, ,1958, ,0, , , ,3, , , , , , , , , ,2,1,0,0,1,0,0,0,0,0,0,1,1,0,0,0,0,0,0,0,1,0,0,0,0,0,0,0,0,0,0,0,0,0,0,4,0,40.0415,-75.0879, , 
31139,340004,2015074582,6,67,67301,2015,6,2,1758,17,1,1,0,4,1, , ,N,0,0,7,3,0,2,4,2,N,N,40 00:27.069,75 07:40.947,1805, ,1805, ,0, ,N, ,0, , , , , , , , , ,2,2,0,0,0,0,0,0,0,0,0,0,2,2,0,0,0,0,0,0,0,0,0,4,0,0,0,0,0,0,0,0,0,0,0,8,0,40.0075,-75.128, , 
31140,340006,2015078685,6,67,67301,2015,7,6,2255,22,3,1,0,6,6, , ,N,0,0,0,3,0,0,1,2,N,N,40 00:38.500,75 08:10.169,2301, ,2301, ,0, ,N, ,0, , , , , , , , , ,2,1,0,0,0,0,0,1,0,0,0,0,0,0,1,0,0,0,0,0,1,0,0,0,0,0,0,0,0,0,0,0,0,0,0,9,0,40.0107,-75.1362, , 
31141,340018,2015093435,6,67,67301,2015,8,6,2108,21,3,1,0,8,1, , ,N,1,2,0,3,0,1,2,2,N, ,39 56:55.712,75 10:09.688,2112, ,2110, ,0, , , ,3, , , , , , , , , ,1,1,0,0,0,0,0,0,0,0,0,1,1,0,0,0,0,0,0,0,0,0,0,0,0,0,0,0,0,0,0,0,1,0,0,4,0,39.9488,-75.1694, , 
31142,340024,2015098951,6,67,67301,2015,9,5,530,5,3,2,1,7,4, , ,N,1,2,0,3,0,1,1,1,N,N,39 57:28.502,75 08:55.805,537, ,533,3,2,2,Y, ,3,N, , , , , , , , ,1,0,0,0,1,0,0,0,0,0,0,0,1,1,0,0,0,0,0,0,1,0,0,0,0,0,0,0,0,0,0,0,0,0,0,8,0,39.958,-75.1488, , 
31143,340025,2015099520,6,67,67301,2015,9,2,2210,22,3,1,0,5,6, , ,N,0,0,0,3,0,1,1,4,N, ,39 56:41.732,75 10:32.990,2230, ,2210, ,0, , , ,0, , , , , , , , , ,4,1,0,0,0,0,3,0,0,0,1,0,1,0,0,0,0,0,0,0,0,0,0,1,0,0,0,0,0,0,0,0,0,0,0,3,0,39.9449,-75.1758, , 
31144,340030,2015102002,6,67,67301,2015,9,6,2143,21,3,1,0,8,1, , ,N,0,0,0,3,1,0,2,2,N,N,39 59:25.028,75 06:11.047,2348, ,2347,4,1,2,N,0,0,N, , , , , , , , ,1,1,0,0,0,0,0,0,0,0,0,0,0,0,0,0,0,0,0,0,0,0,0,0,0,0,0,0,0,0,0,0,1,1,0,1,0,39.9903,-75.1031,2, 
31145,340039,2015088762,6,67,67301,2015,8,3,2315,23,3,2,1,4,1, , ,N,2,3,0,3,0,4,7,2,N,N,40 01:55.282,75 06:46.382,2330, ,2325, ,0, ,N, ,3, , , , , , , , , ,2,1,0,0,0,0,0,1,0,0,0,1,4,3,0,0,0,0,0,0,0,0,0,5,0,0,0,0,0,0,0,0,0,0,0,4,0,40.032,-75.1129, , 
31146,340054,2015107455,6,67,67301,2015,9,4,1145,11,1,1,0,5,1, , ,N,2,0,0,3,0,0,2,2,N,N,39 57:07.268,75 09:45.490,1145, ,1145,2,1,1,N, ,0,N, , , , , , , , ,2,1,0,1,0,0,0,0,0,0,0,0,0,0,0,0,0,0,0,0,0,0,0,0,0,0,0,0,0,0,0,0,0,0,0,0,1,39.952,-75.1626, , 
31147,340062,2015063958,6,67,67301,2015,5,7,1255,12,1,1,0,5,1, , ,N,0,0,0,3,0,2,3,2,N,N,39 55:32.508,75 14:39.024,1328, ,1325,3,2,6,N, ,0,Y, , , , , , , , ,2,1,0,0,0,0,0,1,0,0,0,0,2,2,0,0,0,0,0,0,0,0,0,0,0,0,0,0,0,0,0,0,0,0,0,8,0,39.9257,-75.2442, , 
31148,340079,2015084413,6,67,67301,2015,7,1,2145,21,3,1,0,1,1, , ,N,1,2,0,3,0,1,2,2,N,N,40 01:44.844,75 05:23.694,2200, ,2155, ,0, , , ,3, , , , , , , , , ,2,1,0,0,0,0,0,0,0,0,0,0,1,1,0,0,0,0,0,0,0,0,0,0,0,0,0,0,0,0,0,0,0,0,0,8,0,40.0291,-75.0899, , 
31149,340082,2015088770,6,67,67301,2015,8,5,1400,14,1,1,0,4,1, , ,N,1,0,0,3,0,1,2,2,N, ,39 57:39.056,75 09:24.296,1410, ,1405, ,0, , , ,0, , , , , , , , , ,2,1,1,0,0,0,0,0,0,1,0,0,1,0,0,0,0,0,0,0,1,0,0,0,0,0,0,0,0,1,0,0,0,0,0,2,0,39.9608,-75.1567, , 
31150,342972,2015064338,6,67,67301,2015,5,5,1612,16,1,1,0,1,1, , ,N,3,2,0,3,0,1,3,3,N,N,39 58:32.977,75 12:46.672,1620, ,1616, ,0, ,N, ,3, , , , , , , , , ,3,2,0,0,0,0,0,1,0,0,0,0,1,1,0,0,0,0,0,0,2,0,0,0,0,0,0,0,0,0,0,0,0,0,0,8,0,39.9761,-75.2129, , 
31151,342973,2015066155,6,67,67301,2015,6,1,735,7,1,1,0,4,1,8,8,Y,1,2,0,3,0,2,2,2,Y,Y,39 57:28.502,75 08:55.805,736,99,736, ,0, ,Y, ,3, ,U,U,U,U,U,U,U,U,2,2,0,0,0,0,0,0,0,0,0,2,2,0,0,0,0,0,0,0,0,0,0,0,0,0,0,0,0,0,0,0,0,0,0,4,0,39.9579,-75.1488, , 
31152,342974,2015066321,6,67,67301,2015,6,6,9999,99,1,2,1,7,4, , ,N,0,0,0,3,0,1,1,1,N,N,40 01:38.733,75 11:33.539,837, ,837, ,0, , , ,0, , , , , , , , , ,1,1,0,0,0,0,0,0,0,0,0,0,1,1,0,0,0,0,0,0,0,0,0,0,0,0,0,0,0,0,0,0,0,0,0,8,0,40.0274,-75.1926, , 
31153,342979,2015073716,6,67,67301,2015,7,6,1600,16,1,1,0,4,1, , ,N,1,2,0,3,0,1,2,2,N, ,39 58:30.905,75 12:23.885,1610, ,1605, ,0, , , ,3, , , , , , , , , ,1,1,0,0,0,0,0,0,1,0,0,1,1,0,0,0,0,0,0,0,0,0,1,0,0,0,0,0,0,0,0,0,0,0,0,4,0,39.9753,-75.2066, , 
31154,343004,2015056529,6,67,67301,2015,5,1,1906,19,1,1,0,4,1, , ,N,1,2,2,3,0,0,5,2,N, ,40 05:15.133,74 58:16.083,1912, ,1906, ,0, , , ,3, , , , , , , , , ,2,2,0,0,0,0,0,0,0,0,0,0,0,0,0,0,0,0,0,1,0,0,0,0,0,0,0,0,0,0,0,0,0,0,0,0,0,40.0875,-74.9711, , 
31155,343008,2015070610,6,67,67301,2015,6,3,1650,16,1,1,0,0,1, , ,N,0,0,0,3,0,0,1,1,N,N,40 01:44.270,75 09:32.511,1702, ,1700, ,0, ,N, ,0, , , , , , , , , ,1,0,0,0,0,0,1,0,0,0,0,0,0,0,0,0,0,0,0,0,0,0,0,0,0,0,0,0,0,0,0,0,0,0,0,0,0,40.029,-75.159, , 
31156,343017,2015053950,6,67,67301,2015,5,5,1521,15,1,1,0,1,1, , ,N,0,0,0,3,0,1,3,2,N,N,40 01:38.037,75 06:39.921,1525, ,1523, ,0, ,N, ,0, , , , , , , , , ,2,0,0,0,0,0,1,1,0,0,0,1,1,0,0,0,0,0,0,0,1,0,0,0,0,0,0,0,0,0,0,0,0,0,0,4,0,40.0272,-75.1111, , 
31157,343063,2015102014,6,67,67301,2015,9,5,800,8,1,1,0,1,1, , ,N,0,2,0,3,0,1,2,2,N,N,39 54:37.874,75 11:34.705,825, ,819,1,1,2, , ,3,N, , , , , , , , ,2,0,0,0,0,2,0,0,0,0,0,1,1,0,0,0,0,0,0,0,0,0,0,0,0,0,0,0,0,0,0,0,0,0,0,4,2,39.9105,-75.193, , 