objectid_1,objectid,crn,district,county,municipality,crash_year,crash_month,day_of_week,time_of_day,hour_of_day,illumination,weather,road_condition,collision_type,relation_to_road,work_zone_type,work_zone_loc,work_zone_ind,intersect_type,tcd_type,location_type,urban_rural,fatal_count,injury_count,person_count,total_units,sch_bus_ind,sch_zone_ind,latitude,longitude,arrival_tm,cons_zone_spd_lim,dispatch_tm,est_hrs_closed,lane_closed,ln_close_dir,ntfy_hiwy_maint,spec_juris_cd,tcd_func_cd,tfc_detour_ind,workers_pres,wz_close_detour,wz_flagger,wz_law_offcr_ind,wz_ln_closure,wz_moving,wz_other,wz_shlder_mdn,vehicle_count,automobile_count,motorcycle_count,bus_count,small_truck_count,heavy_truck_count,suv_count,van_count,bicycle_count,maj_inj_count,mod_inj_count,min_inj_count,tot_inj_count,unk_inj_deg_count,unk_inj_per_count,driver_count_16yr,driver_count_17yr,driver_count_18yr,driver_count_19yr,driver_count_20yr,driver_count_50_64yr,driver_count_65_74yr,driver_count_75plus,unbelted_occ_count,unb_death_count,unb_maj_inj_count,belted_death_count,belted_maj_inj_count,mcycle_death_count,mcycle_maj_inj_count,bicycle_death_count,bicycle_maj_inj_count,ped_count,ped_death_count,ped_maj_inj_count,max_severity_level,comm_veh_count,dec_lat,dec_long,rdwy_surf_type_cd,county_name
31360,340610,2015114586,6,67,67301,2015,10,5,1625,16,1,1,0,8,1, , ,N,1,2,0,3,0,1,2,2,N,N,40 02:12.235,75 03:52.193,1640, ,1631,2,2,2,N, ,3,Y, , , , , , , , ,1,1,0,0,0,0,0,0,0,0,0,0,1,1,0,0,0,0,0,0,1,0,0,0,0,0,0,0,0,0,0,0,1,0,0,8,0,40.0367,-75.0645, , 
31361,340616,2015121042,6,67,67301,2015,11,1,250,2,3,1,0,7,4, , ,N,0,0,0,3,0,1,4,1,N,N,40 01:58.138,75 09:04.079,301, ,257, ,0, , , ,0, , , , , , , , , ,1,1,0,0,0,0,0,0,0,0,0,0,1,1,0,0,0,0,0,0,0,0,0,0,0,0,0,0,0,0,0,0,0,0,0,8,0,40.0328,-75.1511, , 
31362,340620,2015053987,6,67,67301,2015,5,7,219,2,3,1,0,7,4, , ,N,0,0,0,3,0,2,2,1,N,N,40 00:48.817,75 06:38.567,234, ,230, ,0, ,N, ,0, , , , , , , , , ,1,1,0,0,0,0,0,0,0,0,2,0,2,0,0,0,0,0,0,0,0,0,0,0,0,0,0,0,0,0,0,0,0,0,0,3,0,40.0136,-75.1107, , 
31363,340622,2015060221,6,67,67301,2015,5,7,945,9,1,1,0,4,1, , ,N,1,2,0,3,0,0,4,3,N, ,39 54:50.431,75 08:59.775,959, ,949, ,0, , , ,3, , , , , , , , , ,3,2,0,0,0,0,1,0,0,0,0,0,0,0,1,0,0,0,0,0,0,0,0,0,0,0,0,0,0,0,0,0,0,0,0,9,0,39.914,-75.1499, , 
31364,340625,2015061906,6,67,67301,2015,5,5,1830,18,1,9,1,1,1, , ,N,0,0,0,3,0,3,5,3,N,N,39 59:26.969,75 07:50.932,1835, ,1830, ,0, , , ,0, , , , , , , , , ,3,3,0,0,0,0,0,0,0,0,0,0,3,3,2,0,0,0,0,0,0,0,0,0,0,0,0,0,0,0,0,0,0,0,0,8,0,39.9908,-75.1308, , 
31365,340632,2015066209,6,67,67301,2015,6,3,545,5,1,2,1,7,4, , ,N,0,0,0,3,0,1,1,1,N, ,40 01:45.476,75 11:23.166,620, ,604,1,2,2, , ,0,N, , , , , , , , ,1,0,0,0,0,0,1,0,0,0,0,1,1,0,0,0,0,0,0,0,0,0,0,0,0,0,0,0,0,0,0,0,0,0,0,4,0,40.0293,-75.1898, , 
31366,340633,2015066306,6,67,67301,2015,6,5,1815,18,1,1,0,8,1, , ,N,1,2,0,3,0,1,2,2,N,N,40 02:42.937,75 07:32.215,9999, ,9999, ,0, ,N, ,3, , , , , , , , , ,1,0,0,0,0,0,0,0,0,0,0,1,1,0,1,0,0,0,0,0,0,0,0,0,0,0,0,0,0,0,0,0,1,0,0,4,0,40.0453,-75.1256, , 
31367,340639,2015091165,6,67,67301,2015,8,6,1120,11,1,1,0,4,1, , ,N,1,2,0,3,0,0,5,2,N,N,39 55:49.303,75 11:12.947,1135, ,1128, ,0, , , ,3, , , , , , , , , ,2,1,0,0,0,0,1,0,0,0,0,0,0,0,0,0,0,0,0,0,0,0,1,0,0,0,0,0,0,0,0,0,0,0,0,0,0,39.9304,-75.1869, , 
31368,343606,2015066246,6,67,67301,2015,6,2,1847,18,4,2,1,7,2, , ,N,0,0,0,3,0,0,1,1,N,N,39 58:15.368,75 15:39.827,1924, ,1917,2,1,2,N, ,0,N, , , , , , , , ,1,0,0,0,0,0,1,0,0,0,0,0,0,0,1,0,0,0,0,0,0,0,0,0,0,0,0,0,0,0,0,0,0,0,0,9,0,39.9709,-75.2611, , 
31369,343609,2015069699,6,67,67301,2015,6,2,1548,15,1,1,0,4,1, , ,N,1,3,0,3,0,1,3,2,N, ,40 03:31.491,74 59:44.414,1604, ,1552, ,0, , , ,3, , , , , , , , , ,1,1,0,0,0,0,0,0,1,0,0,1,1,0,0,0,0,0,0,0,0,0,1,0,0,0,0,0,0,0,0,0,0,0,0,4,0,40.0587,-74.9957, , 
31370,343612,2015080276,6,67,67301,2015,7,5,818,8,1,1,0,4,1, , ,N,2,3,0,3,0,1,4,2,N,N,39 58:34.233,75 10:55.311,822, ,818, ,0, ,N, ,3, , , , , , , , , ,2,2,0,0,0,0,0,0,0,0,0,1,1,0,0,0,0,0,0,0,0,0,0,2,0,0,0,0,0,0,0,0,0,0,0,4,0,39.9762,-75.182, , 
31371,343613,2015080498,6,67,67301,2015,7,2,1507,15,1,1,0,1,1, , ,N,0,0,0,3,0,1,3,2,N,N,39 55:32.800,75 11:38.623,1507, ,1507, ,0, ,N, ,0, , , , , , , , , ,2,1,0,0,1,0,0,0,0,0,0,1,1,0,0,0,0,0,0,0,0,0,1,0,0,0,0,0,0,0,0,0,0,0,0,4,0,39.9258,-75.1941, , 
31372,343618,2015084446,6,67,67301,2015,7,6,1620,16,1,1,0,1,1, , ,N,1,2,0,3,0,1,2,2,N,N,40 02:54.852,75 09:42.008,1620, ,1620, ,0, ,N, ,3, , , , , , , , , ,2,1,0,0,0,0,1,0,0,0,0,1,1,0,0,0,0,0,0,0,0,1,0,0,0,0,0,0,0,0,0,0,0,0,0,4,0,40.0486,-75.1617, , 
31373,343620,2015086225,6,67,67301,2015,8,7,2259,22,3,1,0,7,5, , ,N,1,2,0,3,0,1,1,1,N,N,39 59:14.319,75 09:51.051,2259, ,2259, ,0, ,N, ,3, , , , , , , , , ,1,0,1,0,0,0,0,0,0,0,0,1,1,0,0,0,0,0,0,0,0,0,0,0,0,0,0,0,0,0,0,0,0,0,0,4,0,39.9873,-75.1642, , 
31374,343633,2015128537,6,67,67301,2015,11,4,224,2,3,1,0,5,6, , ,N,0,0,0,3,0,0,1,4,N, ,40 00:07.074,75 07:57.277,240, ,233,2,2,2, , ,0,Y, , , , , , , , ,4,2,0,0,0,0,0,2,0,0,0,0,0,0,0,0,0,0,0,0,0,0,0,1,0,0,0,0,0,0,0,0,0,0,0,0,0,40.002,-75.1326, , 
31375,343636,2015130316,6,67,67301,2015,11,1,40,0,3,1,0,4,1, , ,N,1,3,0,3,0,0,3,2,N,N,40 00:12.157,75 09:15.181,44, ,42, ,0, ,N, ,3, , , , , , , , , ,2,1,0,0,0,0,0,1,0,0,0,0,0,0,0,0,0,0,0,1,0,0,0,0,0,0,0,0,0,0,0,0,0,0,0,0,0,40.0034,-75.1542, , 
31376,343641,2015134730,6,67,67301,2015,11,7,1533,15,1,1,0,8,1, , ,N,1,2,0,3,0,1,2,2,N,N,39 57:40.557,75 14:05.578,1538, ,1535, ,0, ,N, ,3, , , , , , , , , ,1,0,0,0,0,0,0,0,0,0,0,0,1,1,1,0,0,0,0,0,0,0,0,0,0,0,0,0,0,0,0,0,1,0,0,8,0,39.9612,-75.2349, , 
31377,343644,2016007417,6,67,67301,2015,12,3,629,6,1,1,0,4,1, , ,N,1,2,1,3,0,0,2,2,N,N,39 59:17.883,75 15:14.303,632, ,629,2,1,5,N, ,3,Y, , , , , , , , ,2,2,0,0,0,0,0,0,0,0,0,0,0,0,0,0,0,0,0,0,1,0,0,0,0,0,0,0,0,0,0,0,0,0,0,0,0,39.9883,-75.254, , 
31378,343671,2015127295,6,67,67301,2015,10,7,1219,12,1,1,0,4,1, , ,N,1,2,0,3,0,0,2,2,N,N,40 02:57.481,75 04:04.310,1225, ,1221, ,0, , , ,3, , , , , , , , , ,2,1,0,0,1,0,0,0,0,0,0,0,0,0,0,0,0,0,0,0,1,0,0,0,0,0,0,0,0,0,0,0,0,0,0,0,0,40.0493,-75.0679, , 
31379,343674,2015129986,6,67,67301,2015,11,3,757,7,1,2,1,1,1, , ,N,0,2,0,3,0,0,2,2,N,N,39 53:56.378,75 11:36.736,9999, ,757,1,1,2,N, ,2,Y, , , , , , , , ,2,1,0,0,0,0,1,0,0,0,0,0,0,0,0,0,0,0,0,0,0,0,0,0,0,0,0,0,0,0,0,0,0,0,0,0,0,39.899,-75.1935, , 
31380,343680,2015078242,6,67,67301,2015,7,3,800,8,1,1,0,4,1, , ,N,1,3,0,3,0,1,2,6,N,N,39 55:38.780,75 10:26.227,825, ,815,2,2,3,N, ,3,Y, , , , , , , , ,6,2,0,0,1,0,2,1,0,0,0,0,1,1,1,0,0,0,0,0,1,1,0,0,0,0,0,0,0,0,0,0,0,0,0,8,0,39.9274,-75.174, , 
31381,343695,2015103317,6,67,67301,2015,9,2,1556,15,1,1,0,8,1, , ,N,0,0,0,3,0,1,2,2,N,N,39 58:16.254,75 12:30.334,1607, ,1603, ,0, , , ,0, , , , , , , , , ,1,1,0,0,0,0,0,0,0,0,0,0,1,1,1,0,0,0,0,0,0,0,0,0,0,0,0,0,0,0,0,0,1,0,0,8,0,39.9712,-75.2084, , 
31382,343699,2015106380,6,67,67301,2015,9,5,1427,14,1,1,0,4,1, , ,N,1,2,0,3,0,3,3,2,N, ,40 01:37.801,75 09:04.478,2135, ,2130, ,0, , , ,3, , , , , , , , , ,2,1,0,0,0,0,1,0,0,0,0,2,3,1,0,0,0,0,0,0,0,0,0,0,0,0,0,0,0,0,0,0,0,0,0,4,0,40.0272,-75.1512, , 
31383,343701,2015109197,6,67,67301,2015,10,3,300,3,3,1,0,5,6, , ,N,0,0,0,3,0,0,1,3,N, ,40 02:44.314,75 06:45.803,320, ,305, ,0, , , ,0, , , , , , , , , ,3,2,0,0,0,0,1,0,0,0,0,0,0,0,0,0,0,0,0,0,0,0,0,0,0,0,0,0,0,0,0,0,0,0,0,0,0,40.0456,-75.1127, , 
31384,343710,2015056936,6,67,67301,2015,5,7,930,9,1,1,0,4,1, , ,N,0,0,7,3,0,1,3,2,N,N,40 02:18.918,75 07:25.613,1145, ,1141, ,0, ,N, ,0, , , , , , , , , ,2,1,0,0,0,0,1,0,0,0,0,1,1,0,0,0,0,0,1,0,0,1,0,0,0,0,0,0,0,0,0,0,0,0,0,4,0,40.0386,-75.1238, , 
31385,343714,2015061877,6,67,67301,2015,5,4,2300,23,2,1,0,5,6, , ,N,0,0,0,3,0,0,1,3,N, ,39 59:11.209,75 10:28.421,2306, ,2308, ,0, , , ,0, , , , , , , , , ,3,1,0,0,1,0,1,0,0,0,0,0,0,0,0,0,0,0,0,0,0,0,0,0,0,0,0,0,0,0,0,0,0,0,0,0,0,39.9864,-75.1746, , 
31386,343720,2015070657,6,67,67301,2015,6,3,55,0,3,1,0,0,1, , ,N,0,0,0,3,0,0,1,2,N,N,40 02:03.670,75 08:44.341,118, ,110,3,2,1,N, ,0,N, , , , , , , , ,2,1,0,0,0,0,1,0,0,0,0,0,0,0,1,0,0,0,0,0,0,0,0,0,0,0,0,0,0,0,0,0,0,0,0,9,0,40.0344,-75.1457, , 
31387,345302,2015069696,6,67,67301,2015,6,3,1835,18,1,1,0,4,1, , ,N,2,3,0,3,0,1,2,2,N,N,40 03:27.262,75 11:25.439,9999, ,1841, ,0, ,N, ,3, , , , , , , , , ,2,1,0,0,0,0,1,0,0,0,1,0,1,0,1,0,0,0,0,0,1,0,0,0,0,0,0,0,0,0,0,0,0,0,0,3,0,40.0576,-75.1904, , 
31388,345308,2015074400,6,67,67301,2015,7,5,31,0,3,1,0,7,4, , ,N,0,0,0,3,0,1,1,1,N,N,39 54:06.021,75 09:07.289,50, ,34,2,2,2,N, ,0,N, , , , , , , , ,1,0,1,0,0,0,0,0,0,0,0,0,1,1,0,0,0,0,1,0,0,0,0,0,0,0,0,0,0,0,0,0,0,0,0,8,0,39.9017,-75.152, , 
31389,345320,2015010531,6,67,67301,2015,1,4,1550,15,1,4,1,1,1, , ,N,0,0,0,3,0,0,3,3,N,N,39 57:14.960,75 10:53.043,1607, ,1553,1,1,3,N, ,0,N, , , , , , , , ,3,0,0,0,0,0,3,0,0,0,0,0,0,0,0,0,0,1,0,0,0,0,0,0,0,0,0,0,0,0,0,0,0,0,0,0,0,39.9542,-75.1814, , 
31390,345341,2015033735,6,67,67301,2015,3,3,1550,15,1,4,4,4,1, , ,N,1,3,0,3,0,0,2,2,N,N,40 03:47.232,75 09:56.599,1605, ,1550, ,0, ,N, ,3, , , , , , , , , ,2,0,0,1,1,0,0,0,0,0,0,0,0,0,0,0,0,0,0,0,1,0,0,0,0,0,0,0,0,0,0,0,0,0,0,0,1,40.0631,-75.1657, , 
31391,345353,2015049134,6,67,67301,2015,4,3,1227,12,1,1,0,8,1, , ,N,0,0,0,3,0,1,2,2,N,N,39 58:24.772,75 09:32.591,1232, ,1230,1,1,2,N, ,0,N, , , , , , , , ,1,1,0,0,0,0,0,0,0,0,0,1,1,0,0,0,0,0,0,0,0,0,0,0,0,0,0,0,0,0,0,0,1,0,0,4,0,39.9735,-75.1591, , 
31392,345363,2015052346,6,67,67301,2015,4,3,1043,10,1,2,1,7,2, , ,N,0,0,2,3,0,1,1,1,N,N,39 54:39.669,75 09:01.261,1052, ,1046, ,0, ,Y, ,0, , , , , , , , , ,1,1,0,0,0,0,0,0,0,0,0,1,1,0,0,0,0,0,0,0,0,0,0,0,0,0,0,0,0,0,0,0,0,0,0,4,0,39.911,-75.1504, , 
31393,345369,2015077494,6,67,67301,2015,7,2,708,7,1,1,0,7,4, , ,N,0,0,0,3,0,0,1,1,N,N,39 57:25.565,75 09:21.812,722, ,711, ,0, ,N, ,0, , , , , , , , , ,1,1,0,0,0,0,0,0,0,0,0,0,0,0,0,0,0,0,0,0,0,0,0,0,0,0,0,0,0,0,0,0,0,0,0,0,0,39.9571,-75.1561, , 
31394,345387,2015099061,6,67,67301,2015,9,5,9999,99,3,2,1,8,1, , ,N,1,3,0,3,0,2,3,3,N,N,39 58:24.686,75 13:59.253,2008, ,2006, ,0, ,N, ,3, , , , , , , , , ,1,0,0,0,1,0,0,0,0,0,0,2,2,0,0,0,0,0,0,0,0,0,1,0,0,0,0,0,0,0,0,0,2,0,0,4,0,39.9735,-75.2331, , 
31395,345389,2015102066,6,67,67301,2015,9,3,2300,23,3,2,1,7,2, , ,N,0,0,0,3,0,0,1,1,N,N,39 57:24.479,75 09:15.772,2307, ,2303,1,1,3,N, ,0,N, , , , , , , , ,1,1,0,0,0,0,0,0,0,0,0,0,0,0,0,0,0,0,0,0,1,0,0,0,0,0,0,0,0,0,0,0,0,0,0,0,0,39.9568,-75.1544, , 
31396,345397,2015056484,6,67,67301,2015,5,2,2100,21,3,1,0,8,1, , ,N,0,0,7,3,0,1,2,2,N,N,40 01:05.545,75 02:28.467,2336, ,2333, ,0, ,N, ,0, , , , , , , , , ,1,0,0,0,1,0,0,0,0,0,0,1,1,0,0,0,0,0,0,0,0,0,0,0,0,0,0,0,0,0,0,0,1,0,0,4,0,40.0182,-75.0412, , 
31397,345408,2015075697,6,67,67301,2015,7,3,941,9,1,1,0,4,1, , ,N,1,1,0,3,0,2,2,2,N,N,39 55:36.652,75 10:08.678,946, ,941,9,2,1,N, ,3,Y, , , , , , , , ,2,1,0,0,0,0,1,0,0,0,0,2,2,0,0,0,0,0,0,0,0,0,0,1,0,0,0,0,0,0,0,0,0,0,0,4,0,39.9268,-75.1691, , 
31398,345426,2015105141,6,67,67301,2015,9,7,1849,18,1,1,0,1,1, , ,N,0,0,3,3,0,0,3,2,N,N,39 54:07.306,75 12:07.218,1849, ,1849,2,1,3,N, ,0,N, , , , , , , , ,2,2,0,0,0,0,0,0,0,0,0,0,0,0,0,0,0,0,0,0,1,0,0,0,0,0,0,0,0,0,0,0,0,0,0,0,0,39.902,-75.202, , 
31399,345434,2015114545,6,67,67301,2015,10,1,452,4,3,1,0,5,6, , ,N,0,0,1,3,0,1,2,2,N,N,39 59:40.945,75 06:59.515,458, ,453, ,0, ,N, ,0, , , , , , , , , ,2,1,0,0,0,0,1,0,0,0,0,0,1,1,0,0,0,0,0,0,0,0,0,1,0,0,0,0,0,0,0,0,0,0,0,8,0,39.9947,-75.1165, , 
31400,345440,2015120520,6,67,67301,2015,10,6,1556,15,1,1,0,4,1, , ,N,1,3,0,3,0,1,2,2,N,N,39 57:36.752,75 10:00.695,1600, ,1600,2,2,4, , ,3,Y, , , , , , , , ,2,1,0,1,0,0,0,0,0,0,0,1,1,0,0,0,0,0,0,0,0,0,0,1,0,0,0,0,0,0,0,0,0,0,0,4,1,39.9602,-75.1669, , 
31401,345448,2015053945,6,67,67301,2015,5,2,238,2,3,1,0,4,1, , ,N,1,2,0,3,0,1,3,2,N, ,40 07:07.975,75 01:04.685,245, ,243, ,0, , , ,3, , , , , , , , , ,2,1,0,0,0,0,0,1,0,0,0,1,1,0,0,0,0,0,0,0,0,0,0,0,0,0,0,0,0,0,0,0,0,0,0,4,0,40.1189,-75.018, , 
31402,345450,2015059119,6,67,67301,2015,5,6,1110,11,1,1,0,4,1, , ,N,1,2,0,3,0,0,6,2,N,N,39 55:05.910,75 12:31.905,1112, ,1110, ,0, ,N, ,3, , , , , , , , , ,2,2,0,0,0,0,0,0,0,0,0,0,0,0,3,0,0,1,0,0,0,1,0,0,0,0,0,0,0,0,0,0,0,0,0,9,0,39.9182,-75.2088, , 
31403,345452,2015066216,6,67,67301,2015,6,3,2035,20,3,1,0,0,1, , ,N,0,0,3,3,0,1,3,1,N, ,39 53:52.149,75 12:41.114,2038, ,2038,1,2,3, , ,0,Y, , , , , , , , ,1,0,0,0,0,0,1,0,0,0,0,0,1,1,2,0,0,0,0,0,0,0,0,0,0,0,0,0,0,0,0,0,0,0,0,8,0,39.8978,-75.2114, , 
31404,345481,2015106373,6,67,67301,2015,9,4,705,7,1,2,1,7,4, , ,N,0,0,0,3,0,0,1,1,N,N,39 59:01.875,75 12:11.123,730, ,711,1,1,5,N, ,0,N, , , , , , , , ,1,0,0,0,0,0,1,0,0,0,0,0,0,0,0,0,0,0,0,0,0,0,0,0,0,0,0,0,0,0,0,0,0,0,0,0,0,39.9839,-75.2031, , 
31405,337628,2015109234,6,67,67301,2015,10,2,1205,12,1,1,0,4,1, , ,N,1,2,3,3,0,1,2,2,N,N,39 57:26.638,75 09:25.497,1206, ,1205,1,1,4,N, ,3,N, , , , , , , , ,1,1,0,0,0,0,0,0,1,0,0,1,1,0,0,0,0,0,0,0,0,0,0,0,0,0,0,0,0,0,0,0,0,0,0,4,0,39.9574,-75.1571, , 
31406,337629,2015109249,6,67,67301,2015,10,1,952,9,1,1,0,4,1, , ,N,2,2,2,3,0,2,3,2,N,N,39 58:28.976,75 11:54.231,1001, ,952, ,0, ,N, ,3, , , , , , , , , ,2,1,0,0,0,0,1,0,0,0,0,1,2,1,0,0,0,0,0,0,0,0,0,0,0,0,0,0,0,0,0,0,0,0,0,4,0,39.9747,-75.1983, , 
31407,337648,2015054386,6,67,67301,2015,4,2,1842,18,1,1,0,4,1, , ,N,0,0,2,3,0,1,2,2,N,N,39 58:20.990,75 07:26.066,1845, ,1845, ,0, ,N, ,0, , , , , , , , , ,2,1,0,0,0,0,0,1,0,0,0,1,1,0,0,0,0,0,0,0,1,0,0,0,0,0,0,0,0,0,0,0,0,0,0,4,0,39.9725,-75.1239, , 
31408,337653,2015092071,6,67,67301,2015,8,5,9999,99,1,1,1,4,1, , ,N,1,2,0,3,0,3,4,3,N,N,40 00:26.697,75 08:12.693,9999, ,9999, ,0, ,N, ,3, , , , , , , , , ,3,2,0,0,0,0,1,0,0,0,0,2,3,1,0,0,0,0,0,0,0,0,0,0,0,0,0,0,0,0,0,0,0,0,0,4,0,40.0074,-75.1368, , 
31409,337663,2015099032,6,67,67301,2015,9,5,1648,16,1,2,1,4,1, , ,N,1,2,0,3,0,0,6,3,N,N,40 07:43.802,75 00:49.406,1740, ,1725,3,1,4,N, ,3,N, , , , , , , , ,3,2,0,0,0,0,1,0,0,0,0,0,0,0,0,0,0,0,0,0,1,0,1,0,0,0,0,0,0,0,0,0,0,0,0,0,0,40.1288,-75.0137, , 
31410,337684,2015061914,6,67,67301,2015,5,7,1600,16,1,1,0,4,1, , ,N,0,0,0,3,0,1,2,2,N,N,39 59:51.064,75 07:02.528,1605, ,1610, ,0, ,N, ,0, , , , , , , , , ,1,0,0,0,0,0,0,1,1,0,0,1,1,0,0,0,0,0,0,0,0,0,0,0,0,0,0,0,0,0,0,0,0,0,0,4,0,39.9975,-75.1174, , 
31411,337695,2015070675,6,67,67301,2015,6,1,928,9,1,1,0,4,1, , ,N,1,2,0,3,0,5,5,2,N, ,39 59:45.293,75 05:31.432,942, ,934,1,1,1, , ,3,N, , , , , , , , ,2,1,0,0,0,0,0,1,0,0,0,5,5,0,0,0,0,0,0,1,0,0,0,0,0,0,0,0,0,0,0,0,0,0,0,4,0,39.9959,-75.0921, , 
31412,337696,2015070685,6,67,67301,2015,6,1,1700,17,1,1,0,7,4, , ,N,2,3,0,3,0,0,1,1,N, ,39 59:11.450,75 07:01.775,1719, ,1719, ,0, , , ,3, , , , , , , , , ,1,0,0,0,0,0,1,0,0,0,0,0,0,0,0,0,0,0,0,0,0,0,0,0,0,0,0,0,0,0,0,0,0,0,0,0,0,39.9865,-75.1172, , 
31413,337698,2015066254,6,67,67301,2015,6,4,240,2,3,1,0,1,5, , ,N,2,2,0,3,0,1,1,2,N,N,40 00:45.170,75 03:29.345,240, ,240, ,0, ,N, ,3, , , , , , , , , ,2,0,0,0,0,1,1,0,0,0,1,0,1,0,0,0,0,0,0,0,0,0,0,0,0,0,0,0,0,0,0,0,0,0,0,3,1,40.0125,-75.0582, , 
31414,337709,2015083428,6,67,67301,2015,7,1,1816,18,1,1,0,4,1, , ,N,1,2,0,3,0,3,3,2,N,N,39 56:28.692,75 12:33.670,1822, ,1818, ,0, ,N, ,3, , , , , , , , , ,2,0,1,0,0,0,1,0,0,1,0,2,3,0,0,0,0,0,0,0,0,0,0,2,0,0,0,0,0,1,0,0,0,0,0,2,0,39.9412,-75.2094, , 
31415,337717,2015095160,6,67,67301,2015,9,5,9999,99,4,1,0,5,1, , ,N,0,0,0,3,0,1,3,2,N, ,40 02:21.801,75 06:34.706,1840, ,1833, ,0, , , ,0, , , , , , , , , ,1,1,0,0,0,0,0,0,1,0,0,1,1,0,0,0,0,0,0,0,0,0,0,0,0,0,0,0,0,0,0,0,0,0,0,4,0,40.0394,-75.1096, , 
31416,337721,2015099083,6,67,67301,2015,9,4,1318,13,1,1,0,4,1, , ,N,1,2,0,3,0,1,2,2,N,N,39 56:54.996,75 10:40.173,1318, ,1311, ,0, , , ,3, , , , , , , , , ,1,0,0,0,0,1,0,0,1,0,0,1,1,0,0,0,0,0,0,0,1,0,0,0,0,0,0,0,0,0,0,0,0,0,0,4,1,39.9486,-75.1778, , 
31417,337782,2015095804,6,67,67301,2015,8,5,1409,14,1,1,0,4,1, , ,N,1,2,0,3,0,0,3,2,N, ,39 58:58.770,75 06:05.073,1426, ,1424, ,0, , , ,3, , , , , , , , , ,2,1,0,0,1,0,0,0,0,0,0,0,0,0,0,0,0,0,0,0,0,0,0,0,0,0,0,0,0,0,0,0,0,0,0,0,0,39.983,-75.1014, , 
31418,337828,2015049080,6,67,67301,2015,4,3,2218,22,3,1,0,8,1, , ,N,0,0,0,3,0,1,2,2,N,N,39 57:19.091,75 09:05.617,2225, ,2219, ,0, ,N, ,0, , , , , , , , , ,1,0,0,0,0,0,1,0,0,0,0,0,1,1,0,0,0,0,0,0,1,0,0,0,0,0,0,0,0,0,0,0,1,0,0,8,0,39.9553,-75.1516, , 
31419,337831,2015054808,6,67,67301,2015,5,1,702,7,5,1,0,7,2, , ,N,0,0,2,3,0,0,1,1,N,N,39 58:16.461,75 07:27.326,716, ,704,1,2,2,N, ,0,N, , , , , , , , ,1,1,0,0,0,0,0,0,0,0,0,0,0,0,0,0,0,0,0,1,0,0,0,0,0,0,0,0,0,0,0,0,0,0,0,0,0,39.9712,-75.1243, , 
31420,337834,2015056630,6,67,67301,2015,5,3,1925,19,1,1,0,5,1, , ,N,0,0,0,3,0,2,2,2,N,N,39 59:28.209,75 12:13.068,1934, ,1927,1,1,4,N, ,0,N, , , , , , , , ,2,0,0,0,0,0,2,0,0,0,0,2,2,0,0,0,0,0,0,0,0,0,0,0,0,0,0,0,0,0,0,0,0,0,0,4,0,39.9912,-75.2036, , 
31421,337847,2015063909,6,67,67301,2015,5,7,624,6,1,1,0,7,4, , ,N,0,0,0,3,0,1,1,1,N,N,40 01:25.778,75 07:59.007,641, ,625,2,2,1,N, ,0,Y, , , , , , , , ,1,0,0,0,0,0,0,1,0,0,1,0,1,0,0,0,0,0,0,0,0,0,0,1,0,0,0,0,0,0,0,0,0,0,0,3,0,40.0238,-75.1331, , 
31422,337848,2015066282,6,67,67301,2015,6,7,1530,15,1,1,0,4,1, , ,N,2,0,0,3,0,2,6,2,N,N,40 00:25.117,75 06:32.446,1737, ,1735, ,0, ,N, ,0, , , , , , , , , ,2,2,0,0,0,0,0,0,0,0,0,2,2,0,0,0,0,0,0,0,0,0,0,1,0,0,0,0,0,0,0,0,0,0,0,4,0,40.007,-75.109, , 
31423,340641,2015095340,6,67,67301,2015,8,1,1521,15,1,1,0,1,2, , ,N,0,0,0,3,0,1,3,2,N,N,39 57:59.573,75 08:07.865,1539, ,1525,1,2,2,N, ,0,N, , , , , , , , ,2,2,0,0,0,0,0,0,0,0,0,1,1,0,0,0,0,0,0,0,0,0,0,1,0,0,0,0,0,0,0,0,0,0,0,4,0,39.9665,-75.1355, , 
31424,340657,2015112171,6,67,67301,2015,10,3,1102,11,1,1,0,1,1, , ,N,1,2,0,3,0,1,5,3,N,N,40 02:12.310,75 02:26.659,1107, ,1104, ,0, ,N, ,3, , , , , , , , , ,3,2,0,0,0,0,0,1,0,0,0,1,1,0,0,0,0,0,0,0,0,0,1,0,0,0,0,0,0,0,0,0,0,0,0,4,0,40.0368,-75.0407, , 
31425,340660,2015114541,6,67,67301,2015,10,7,2135,21,3,1,0,4,1, , ,N,1,2,0,3,0,1,2,2,N,N,40 02:12.854,75 04:47.301,2150, ,2143, ,0, ,N, ,3, , , , , , , , , ,2,2,0,0,0,0,0,0,0,0,1,0,1,0,0,0,0,0,0,0,0,0,0,0,0,0,0,0,0,0,0,0,0,0,0,3,0,40.0369,-75.0798, , 
31426,340661,2015051526,6,67,67301,2015,4,4,1606,16,1,1,0,4,1, , ,N,1,3,0,3,0,4,4,2,N,N,40 01:41.740,75 04:27.919,1612, ,1608,3,1,4,N, ,3,N, , , , , , , , ,2,1,0,0,0,0,1,0,0,0,1,1,4,2,0,0,0,0,1,0,0,0,0,0,0,0,0,0,0,0,0,0,0,0,0,3,0,40.0283,-75.0744, , 
31427,340667,2015063012,6,67,67301,2015,6,2,2240,22,3,2,1,7,2, , ,N,0,0,0,3,0,0,2,1,N,N,39 55:37.519,75 11:42.924,2252, ,2245,2,2,3,N, ,0,N, , , , , , , , ,1,1,0,0,0,0,0,0,0,0,0,0,0,0,0,0,0,0,0,0,0,0,0,0,0,0,0,0,0,0,0,0,0,0,0,0,0,39.9271,-75.1953, , 