objectid_1,objectid,crn,district,county,municipality,crash_year,crash_month,day_of_week,time_of_day,hour_of_day,illumination,weather,road_condition,collision_type,relation_to_road,work_zone_type,work_zone_loc,work_zone_ind,intersect_type,tcd_type,location_type,urban_rural,fatal_count,injury_count,person_count,total_units,sch_bus_ind,sch_zone_ind,latitude,longitude,arrival_tm,cons_zone_spd_lim,dispatch_tm,est_hrs_closed,lane_closed,ln_close_dir,ntfy_hiwy_maint,spec_juris_cd,tcd_func_cd,tfc_detour_ind,workers_pres,wz_close_detour,wz_flagger,wz_law_offcr_ind,wz_ln_closure,wz_moving,wz_other,wz_shlder_mdn,vehicle_count,automobile_count,motorcycle_count,bus_count,small_truck_count,heavy_truck_count,suv_count,van_count,bicycle_count,maj_inj_count,mod_inj_count,min_inj_count,tot_inj_count,unk_inj_deg_count,unk_inj_per_count,driver_count_16yr,driver_count_17yr,driver_count_18yr,driver_count_19yr,driver_count_20yr,driver_count_50_64yr,driver_count_65_74yr,driver_count_75plus,unbelted_occ_count,unb_death_count,unb_maj_inj_count,belted_death_count,belted_maj_inj_count,mcycle_death_count,mcycle_maj_inj_count,bicycle_death_count,bicycle_maj_inj_count,ped_count,ped_death_count,ped_maj_inj_count,max_severity_level,comm_veh_count,dec_lat,dec_long,rdwy_surf_type_cd,county_name
31562,338203,2015098980,6,67,67301,2015,9,1,9999,99,3,1,0,3,1, , ,N,0,0,0,3,0,3,4,2,N, ,40 01:38.492,75 07:02.971,127, ,9999, ,0, , , ,0, , , , , , , , , ,2,1,0,0,0,0,0,1,0,0,0,3,3,0,1,0,0,0,0,0,0,0,0,0,0,0,0,0,0,0,0,0,0,0,0,4,0,40.0274,-75.1175, , 
31563,338204,2015102003,6,67,67301,2015,9,4,1046,10,1,1,0,8,1, , ,N,0,0,0,3,0,1,2,2,N,N,40 00:13.773,75 04:04.069,1113, ,1104, ,0, ,N, ,0, , , , , , , , , ,1,0,0,0,0,0,1,0,0,0,0,1,1,0,0,0,0,0,0,0,0,0,0,0,0,0,0,0,0,0,0,0,1,0,0,4,0,40.0038,-75.0678, , 
31564,338210,2015114593,6,67,67301,2015,10,2,844,8,1,1,0,4,1, , ,N,1,2,0,3,0,2,2,2,N,N,40 00:03.453,75 06:00.194,853, ,849, ,0, , , ,3, , , , , , , , , ,2,0,0,0,0,0,1,1,0,0,0,0,2,2,0,0,0,0,1,0,0,0,0,0,0,0,0,0,0,0,0,0,0,0,0,8,0,40.001,-75.1001, , 
31565,338214,2015120207,6,67,67301,2015,11,4,1148,11,1,1,0,1,1,1,4,Y,0,0,0,3,0,1,4,3,N,N,40 01:49.722,75 01:17.954,1148,45,1148,1,1,1,N, ,0,N,Y,N,N,N,Y,N,N,Y,3,1,0,0,0,0,2,0,0,0,0,0,1,1,1,0,0,0,0,0,0,0,0,0,0,0,0,0,0,0,0,0,0,0,0,8,0,40.0305,-75.0217, , 
31566,338216,2015121048,6,67,67301,2015,10,6,1655,16,1,1,0,4,1, , ,N,1,3,0,3,0,2,5,2,N,N,40 03:05.086,75 07:27.616,1750, ,1742, ,0, ,N, ,3, , , , , , , , , ,2,1,0,0,0,0,1,0,0,0,0,2,2,0,0,0,0,0,0,0,0,0,0,1,0,0,0,0,0,0,0,0,0,0,0,4,0,40.0514,-75.1243, , 
31567,338225,2015009600,6,67,67301,2015,1,5,2200,22,3,1,0,4,1, , ,N,1,2,0,3,0,0,6,2,N,N,40 02:17.896,75 04:31.313,2258, ,2256, ,0, ,N, ,3, , , , , , , , , ,2,2,0,0,0,0,0,0,0,0,0,0,0,0,0,0,0,0,0,0,0,0,0,0,0,0,0,0,0,0,0,0,0,0,0,0,0,40.0383,-75.0754, , 
31568,338230,2015103272,6,67,67301,2015,9,6,940,9,1,1,0,4,1, , ,N,1,2,0,3,0,1,2,2,N,N,40 06:50.926,74 59:15.880,1005, ,948, ,0, ,N, ,3, , , , , , , , , ,2,0,1,0,0,0,1,0,0,0,0,0,1,1,0,0,0,0,0,0,1,1,0,0,0,0,0,0,0,0,0,0,0,0,0,8,0,40.1141,-74.9877, , 
31569,341000,2015084410,6,67,67301,2015,7,3,1130,11,1,1,0,4,1, , ,N,0,0,0,3,0,1,2,2,Y,N,40 01:53.880,75 05:08.312,1154, ,1133,1,1,2,N, ,0,N, , , , , , , , ,2,1,0,1,0,0,0,0,0,0,0,0,1,1,0,0,0,0,0,0,0,0,0,1,0,0,0,0,0,0,0,0,0,0,0,8,1,40.0316,-75.0856, , 
31570,341015,2015102064,6,67,67301,2015,9,3,935,9,1,1,0,1,1, , ,N,0,0,0,3,0,1,2,2,N,N,40 00:08.573,75 04:41.867,940, ,935, ,0, ,N, ,0, , , , , , , , , ,2,1,0,0,1,0,0,0,0,0,0,0,1,1,0,0,0,0,0,0,1,0,0,0,0,0,0,0,0,0,0,0,0,0,0,8,0,40.0024,-75.0783, , 
31571,341016,2015102411,6,67,67301,2015,9,6,801,8,1,1,1,4,1, , ,N,1,2,0,3,0,2,3,2,N,N,39 58:41.919,75 09:58.172,802, ,801,1,1,4, , ,3,Y, , , , , , , , ,2,0,0,0,0,0,1,1,0,0,0,0,2,2,0,0,0,0,0,0,0,0,0,0,0,0,0,0,0,0,0,0,0,0,0,8,0,39.9783,-75.1662, , 
31572,341042,2015056937,6,67,67301,2015,5,5,810,8,1,1,0,6,6, , ,N,0,0,0,3,0,0,1,3,N,N,40 02:46.662,75 06:16.246,822, ,814, ,0, ,N, ,0, , , , , , , , , ,3,1,0,0,0,0,2,0,0,0,0,0,0,0,1,0,0,0,0,0,0,0,0,0,0,0,0,0,0,0,0,0,0,0,0,9,0,40.0463,-75.1045, , 
31573,341054,2015067929,6,67,67301,2015,6,4,36,0,3,1,0,6,6, , ,N,0,0,0,3,0,0,1,4,N,N,39 57:13.089,75 14:11.493,37, ,36, ,0, ,N, ,0, , , , , , , , , ,4,1,0,0,0,0,3,0,0,0,0,0,0,0,0,0,0,0,0,0,0,0,0,0,0,0,0,0,0,0,0,0,0,0,0,0,0,39.9536,-75.2365, , 
31574,341057,2015070115,6,67,67301,2015,6,7,1139,11,1,1,0,1,1, , ,N,0,0,0,3,0,2,2,2,N,N,40 00:54.004,75 10:39.396,1141, ,1140,1,1,2,N, ,0,N, , , , , , , , ,2,2,0,0,0,0,0,0,0,0,1,1,2,0,0,0,0,0,0,0,0,0,0,0,0,0,0,0,0,0,0,0,0,0,0,3,0,40.015,-75.1776, , 
31575,341064,2015073218,6,67,67301,2015,6,7,2210,22,3,2,1,1,1, , ,N,1,2,0,3,0,1,2,2,N,N,39 57:03.319,75 13:50.365,138, ,138, ,0, ,N, ,3, , , , , , , , , ,2,1,0,0,0,0,1,0,0,0,0,1,1,0,0,0,0,0,0,0,0,0,0,0,0,0,0,0,0,0,0,0,0,0,0,4,0,39.9509,-75.2307, , 
31576,341065,2015075674,6,67,67301,2015,6,2,1350,13,1,1,0,8,1, , ,N,1,2,0,3,0,1,2,2,N, ,39 57:01.634,75 11:33.356,1352, ,1351, ,0, , , ,3, , , , , , , , , ,1,1,0,0,0,0,0,0,0,0,0,0,1,1,0,0,0,0,1,0,0,0,0,0,0,0,0,0,0,0,0,0,1,0,0,8,0,39.9505,-75.1926, , 
31577,341068,2015078258,6,67,67301,2015,7,1,1830,18,1,1,0,4,1, , ,N,0,0,0,3,0,0,3,2,N,N,39 58:31.382,75 11:25.087,1921, ,1919, ,0, ,N, ,0, , , , , , , , , ,2,2,0,0,0,0,0,0,0,0,0,0,0,0,0,0,0,0,1,0,1,0,0,0,0,0,0,0,0,0,0,0,0,0,0,0,0,39.9754,-75.1903, , 
31578,341072,2015081061,6,67,67301,2015,7,1,1130,11,1,1,0,4,1, , ,N,2,2,0,3,0,1,2,2,N,N,40 00:46.755,75 12:07.063,1136, ,1132, ,0, ,N, ,3, , , , , , , , , ,2,1,0,0,0,0,1,0,0,0,0,0,1,1,0,0,0,0,0,0,1,0,0,0,0,0,0,0,0,0,0,0,0,0,0,8,0,40.013,-75.202, , 
31579,341103,2015073208,6,67,67301,2015,7,4,533,5,5,6,1,4,1, , ,N,5,2,2,3,0,2,2,2,N,N,39 57:25.688,75 09:03.847,538, ,534, ,0, ,N, ,3, , , , , , , , , ,2,1,0,0,1,0,0,0,0,0,0,2,2,0,0,0,0,0,0,0,0,0,0,0,0,0,0,0,0,0,0,0,0,0,0,4,0,39.9571,-75.1511, , 
31580,341104,2015073217,6,67,67301,2015,6,7,2020,20,3,2,1,1,1, , ,N,1,0,0,3,0,1,2,2,N, ,39 59:43.508,75 06:19.956,2030, ,2020, ,0, , , ,0, , , , , , , , , ,2,1,0,0,0,0,1,0,0,0,0,1,1,0,0,0,0,0,0,0,0,0,0,1,0,0,0,0,0,0,0,0,0,0,0,4,0,39.9954,-75.1055, , 
31581,341108,2015075706,6,67,67301,2015,6,2,1307,13,1,1,0,4,1, , ,N,2,2,0,3,0,1,2,2,N, ,39 57:17.711,75 11:47.224,1308, ,1307, ,0, , , ,3, , , , , , , , , ,1,1,0,0,0,0,0,0,1,0,0,0,1,1,0,0,0,0,0,0,0,0,0,0,0,0,0,0,0,0,0,0,0,0,0,8,0,39.9549,-75.1964, , 
31582,341119,2015084408,6,67,67301,2015,7,1,1915,19,4,1,0,8,1, , ,N,0,0,0,3,0,1,2,2,N, ,40 02:52.281,75 03:47.138,9999, ,2002, ,0, , , ,0, , , , , , , , , ,1,0,0,0,1,0,0,0,0,0,0,0,1,1,0,0,0,0,0,0,0,0,0,0,0,0,0,0,0,0,0,0,1,0,0,8,0,40.0479,-75.0631, , 
31583,341136,2015094940,6,67,67301,2015,9,1,355,3,3,1,0,1,6, , ,N,0,0,0,3,0,2,4,3,N,N,39 58:47.190,75 09:39.801,405, ,400, ,0, ,N, ,0, , , , , , , , , ,3,1,0,0,0,0,2,0,0,0,0,2,2,0,0,0,0,0,0,0,0,0,0,0,0,0,0,0,0,0,0,0,0,0,0,4,0,39.9798,-75.1611, , 
31584,341140,2015099089,6,67,67301,2015,9,1,1330,13,1,1,0,4,1, , ,N,1,2,0,3,0,0,2,2,N,N,40 00:25.549,75 05:38.543,1340, ,1336, ,0, ,N, ,3, , , , , , , , , ,2,2,0,0,0,0,0,0,0,0,0,0,0,0,0,0,0,0,0,0,0,0,0,0,0,0,0,0,0,0,0,0,0,0,0,0,0,40.0071,-75.094, , 
31585,341163,2015012276,6,67,67301,2015,1,4,1300,13,1,1,0,1,1, , ,N,1,2,0,3,0,0,2,2,N,N,39 54:47.100,75 14:35.859,1345, ,1317, ,0, ,N, ,3, , , , , , , , , ,2,1,0,0,0,1,0,0,0,0,0,0,0,0,1,0,0,0,0,0,1,0,0,0,0,0,0,0,0,0,0,0,0,0,0,9,1,39.9131,-75.2433, , 
31586,341173,2015073728,6,67,67301,2015,7,5,1945,19,4,2,1,6,1, , ,N,0,0,0,3,0,0,4,4,N, ,39 56:37.070,75 14:17.328,1955, ,1950, ,0, , , ,0, , , , , , , , , ,4,3,0,0,0,0,1,0,0,0,0,0,0,0,0,0,0,0,0,0,1,0,0,0,0,0,0,0,0,0,0,0,0,0,0,0,0,39.9436,-75.2381, , 
31587,343998,2015051626,6,67,67301,2015,4,2,1030,10,1,2,1,7,5, , ,N,0,0,0,3,0,0,1,1,N,N,39 56:43.706,75 11:25.628,1050, ,1035,1,1,3,N, ,0,N, , , , , , , , ,1,1,0,0,0,0,0,0,0,0,0,0,0,0,0,0,0,0,0,0,0,0,0,0,0,0,0,0,0,0,0,0,0,0,0,0,0,39.9455,-75.1905, , 
31588,344002,2015058850,6,67,67301,2015,6,2,2330,23,3,2,7,7,2, , ,N,0,0,0,3,0,1,1,1,N,N,39 53:59.663,75 09:41.231,2344, ,2333,1,1,2,N, ,0,N, , , , , , , , ,1,1,0,0,0,0,0,0,0,0,1,0,1,0,0,0,0,0,0,0,0,0,0,1,0,0,0,0,0,0,0,0,0,0,0,3,0,39.8999,-75.1615, , 
31589,344003,2015060217,6,67,67301,2015,5,6,1710,17,1,1,0,4,1, , ,N,1,1,0,3,0,3,3,2,N,N,39 54:42.724,75 10:21.917,1730, ,1715, ,0, ,N, ,2, , , , , , , , , ,2,2,0,0,0,0,0,0,0,0,1,2,3,0,0,0,0,0,0,0,1,0,0,0,0,0,0,0,0,0,0,0,0,0,0,3,0,39.9119,-75.1728, , 
31590,344005,2015061917,6,67,67301,2015,5,5,1720,17,1,1,0,4,1, , ,N,2,3,0,3,0,1,2,2,N,N,40 01:32.502,75 12:09.049,1735, ,1725, ,0, ,N, ,3, , , , , , , , , ,1,1,0,0,0,0,0,0,1,0,0,1,1,0,0,0,0,0,0,0,0,1,0,1,0,0,0,0,0,0,0,0,0,0,0,4,0,40.0257,-75.2025, , 
31591,344011,2015065454,6,67,67301,2015,6,5,1622,16,1,1,0,5,1, , ,N,0,2,0,3,0,2,4,3,N,N,40 03:46.620,75 02:34.314,1635, ,1630,2,2,2,N, ,3,N, , , , , , , , ,3,0,0,0,0,0,2,1,0,0,0,2,2,0,0,0,0,0,0,0,0,0,0,0,0,0,0,0,0,0,0,0,0,0,0,4,0,40.063,-75.0429, , 
31592,344015,2015012378,6,9,9212,2015,1,3,721,7,1,1,5,7,4, , ,N,0,0,0,3,0,0,1,1,N,N,40 08:09.621,75 00:42.834,723, ,721, ,0, ,Y, ,0, , , , , , , , , ,1,0,0,0,0,0,0,1,0,0,0,0,0,0,0,0,0,0,0,0,0,0,0,0,0,0,0,0,0,0,0,0,0,0,0,0,0,40.136,-75.0119, , 
31593,344029,2015035136,6,67,67301,2015,3,6,1523,15,1,1,1,1,1, , ,N,0,0,0,3,0,0,5,4,N,N,40 05:17.777,74 58:13.709,1530, ,1525,1,2,2, , ,0,Y, , , , , , , , ,4,2,0,0,0,0,2,0,0,0,0,0,0,0,0,0,0,0,1,0,2,0,0,0,0,0,0,0,0,0,0,0,0,0,0,0,0,40.0883,-74.9705, , 
31594,344051,2015066224,6,67,67301,2015,6,5,1151,11,1,1,0,1,1, , ,N,0,0,0,3,0,0,3,2,N,N,39 53:36.418,75 13:33.330,1158, ,1156, ,0, ,N, ,0, , , , , , , , , ,2,2,0,0,0,0,0,0,0,0,0,0,0,0,0,0,0,0,0,0,1,0,0,0,0,0,0,0,0,0,0,0,0,0,0,0,0,39.8934,-75.2259, , 
31595,344059,2015063983,6,67,67301,2015,6,2,1137,11,1,1,0,1,1, , ,N,1,2,0,3,0,0,2,2,N,N,40 00:26.118,75 11:31.929,1149, ,1142,1,1,2,N, ,3,N, , , , , , , , ,2,1,0,0,1,0,0,0,0,0,0,0,0,0,0,0,0,0,1,0,1,0,0,0,0,0,0,0,0,0,0,0,0,0,0,0,0,40.0073,-75.1922, , 
31596,344068,2015009669,6,67,67301,2015,1,5,834,8,1,1,6,1,1, , ,N,0,2,0,3,0,1,3,2,N, ,39 58:04.231,75 12:35.632,845, ,838, ,0, , , ,3, , , , , , , , , ,2,2,0,0,0,0,0,0,0,0,0,0,1,1,0,0,0,0,0,0,1,0,0,0,0,0,0,0,0,0,0,0,0,0,0,8,0,39.9678,-75.2099, , 
31597,344120,2015117642,6,67,67301,2015,10,4,820,8,1,2,1,4,1, , ,N,1,2,0,3,0,0,3,2,N,N,39 57:50.117,75 10:22.220,822, ,820, ,0, ,N, ,3, , , , , , , , , ,2,1,0,0,0,0,1,0,0,0,0,0,0,0,0,0,0,0,0,0,0,0,0,0,0,0,0,0,0,0,0,0,0,0,0,0,0,39.9638,-75.1729, , 
31598,344124,2015120525,6,67,67301,2015,11,4,245,2,3,1,0,2,6, , ,N,0,0,0,3,0,1,1,3,N, ,39 57:47.266,75 14:11.432,245, ,245, ,0, , , ,0, , , , , , , , , ,3,2,0,0,0,0,0,1,0,0,0,0,1,1,0,0,0,0,0,0,0,0,0,0,0,0,0,0,0,0,0,0,0,0,0,8,0,39.9631,-75.2365, , 
31599,344128,2015047517,6,67,67301,2015,4,3,845,8,1,2,1,1,1, , ,N,5,2,2,3,0,1,3,2,N,N,39 57:23.708,75 09:08.591,857, ,855, ,0, ,N, ,3, , , , , , , , , ,2,1,0,0,0,0,1,0,0,0,0,1,1,0,0,0,0,0,0,0,1,0,0,1,0,0,0,0,0,0,0,0,0,0,0,4,0,39.9566,-75.1524, , 
31600,344146,2015071467,6,67,67301,2015,6,6,1827,18,1,1,0,1,1, , ,N,0,0,0,3,0,0,3,3,N,N,39 57:28.056,75 09:42.938,1844, ,1833, ,0, ,N, ,0, , , , , , , , , ,3,2,0,0,0,0,1,0,0,0,0,0,0,0,0,0,0,0,0,0,0,0,0,0,0,0,0,0,0,0,0,0,0,0,0,0,0,39.9578,-75.1619, , 
31601,344160,2015091035,6,67,67301,2015,8,1,805,8,1,1,0,5,5, , ,N,0,0,0,3,0,1,1,3,N, ,39 59:28.404,75 08:53.834,824, ,820, ,0, , , ,0, , , , , , , , , ,3,3,0,0,0,0,0,0,0,0,0,1,1,0,0,0,0,0,0,0,0,0,0,0,0,0,0,0,0,0,0,0,0,0,0,4,0,39.9912,-75.1483, , 
31602,344164,2015099073,6,67,67301,2015,9,4,1717,17,1,1,0,1,1, , ,N,0,0,0,3,0,0,6,2,N,N,40 01:14.885,75 08:36.163,1735, ,1733,2,2,4,N, ,0,N, , , , , , , , ,2,1,0,0,0,0,1,0,0,0,0,0,0,0,0,0,0,0,0,0,0,0,0,0,0,0,0,0,0,0,0,0,0,0,0,0,0,40.0208,-75.1434, , 
31603,344173,2015106202,6,67,67301,2015,10,3,1323,13,1,1,0,1,1, , ,N,0,0,0,3,0,2,3,2,N,N,40 01:34.744,75 01:36.214,1329, ,1324,1,1,1,N, ,0,N, , , , , , , , ,2,0,0,0,1,0,1,0,0,0,2,0,2,0,0,0,0,0,0,0,2,0,0,0,0,0,0,0,0,0,0,0,0,0,0,3,1,40.0263,-75.0267, , 
31604,344187,2015065455,6,67,67301,2015,6,5,845,8,1,1,0,5,1, , ,N,0,0,0,3,0,1,2,2,N,N,39 57:05.630,75 08:49.378,1508, ,1500, ,0, , , ,0, , , , , , , , , ,1,1,0,0,0,0,0,0,1,0,1,0,1,0,0,0,0,0,0,0,0,0,0,0,0,0,0,0,0,0,0,0,0,0,0,3,0,39.9516,-75.147, , 
31605,344201,2015078211,6,67,67301,2015,7,3,1445,14,1,1,0,8,6, , ,N,0,0,0,3,0,1,2,2,N, ,39 57:23.014,75 09:37.598,1130, ,1130, ,0, , , ,0, , , , , , , , , ,1,1,0,0,0,0,0,0,0,0,1,0,1,0,0,0,0,0,0,0,0,0,0,0,0,0,0,0,0,0,0,0,1,0,0,3,0,39.9564,-75.1604, , 
31606,345491,2015112080,6,67,67301,2015,10,6,715,7,3,1,0,4,1, , ,N,1,2,0,3,0,4,4,2,N, ,40 01:50.664,75 07:20.636,752, ,750, ,0, , , ,3, , , , , , , , , ,2,0,0,1,0,0,1,0,0,0,2,2,4,0,0,0,0,0,0,0,0,0,0,0,0,0,0,0,0,0,0,0,0,0,0,3,1,40.0307,-75.1224, , 
31607,345492,2015112118,6,67,67301,2015,10,7,1618,16,1,1,0,5,1, , ,N,0,0,0,3,0,2,6,3,N, ,40 02:56.068,75 03:43.686,1625, ,1620,2,1,3, , ,0,N, , , , , , , , ,3,1,0,0,0,0,2,0,0,0,0,2,2,0,0,0,0,0,0,0,0,0,0,2,0,0,0,0,0,0,0,0,0,0,0,4,0,40.0489,-75.0621, , 
31608,345497,2015121062,6,67,67301,2015,11,2,1622,16,1,1,0,4,1, , ,N,1,2,0,3,0,2,3,2,N,N,39 58:12.871,75 07:49.819,1625, ,1625, ,0, , , ,3, , , , , , , , , ,2,2,0,0,0,0,0,0,0,0,0,0,2,2,0,0,0,0,0,1,0,0,0,1,0,0,0,0,0,0,0,0,0,0,0,8,0,39.9701,-75.1304, , 
31609,345511,2015069684,6,67,67301,2015,6,1,336,3,3,2,1,7,4, , ,N,1,2,0,3,0,2,2,1,N, ,39 55:01.859,75 14:46.691,354, ,354,9,1,3, , ,3,Y, , , , , , , , ,1,0,0,0,0,0,1,0,0,0,1,1,2,0,0,0,0,0,0,0,0,0,0,0,0,0,0,0,0,0,0,0,0,0,0,3,0,39.9172,-75.2463, , 
31610,345515,2015074910,6,46,46102,2015,6,5,2110,21,3,1,0,4,1, , ,N,1,2,0,3,0,1,6,2,N,N,40 03:55.027,75 05:25.289,2120, ,2118, ,0, ,N, ,3, , , , , , , , , ,2,1,0,0,0,0,1,0,0,0,0,0,1,1,0,0,0,0,1,0,0,0,0,0,0,0,0,0,0,0,0,0,0,0,0,8,0,40.0653,-75.0904, , 
31611,345543,2015072883,6,67,67301,2015,6,7,1310,13,1,1,0,4,1, , ,N,0,2,3,3,0,1,2,2,N, ,39 56:47.483,75 11:10.710,1324, ,1320, ,0, , , ,3, , , , , , , , , ,1,0,0,0,0,0,0,1,1,0,1,0,1,0,0,0,0,0,0,0,0,0,0,0,0,0,0,0,0,0,0,0,0,0,0,3,0,39.9465,-75.1863, , 
31612,345548,2015075285,6,67,67301,2015,6,3,1410,14,1,1,0,4,1, , ,N,0,0,7,3,0,0,2,2,N,N,40 05:52.002,75 01:49.367,1414, ,1413, ,0, ,N, ,0, , , , , , , , , ,2,2,0,0,0,0,0,0,0,0,0,0,0,0,0,0,0,0,0,0,0,0,1,0,0,0,0,0,0,0,0,0,0,0,0,0,0,40.0978,-75.0304, , 
31613,345551,2015078667,6,67,67301,2015,7,2,637,6,1,1,0,4,1, , ,N,1,3,0,3,0,2,3,2,N,N,39 59:06.957,75 06:40.489,738, ,731, ,0, ,N, ,3, , , , , , , , , ,2,1,0,0,0,0,1,0,0,0,0,0,2,2,1,0,0,0,0,0,0,0,0,0,0,0,0,0,0,0,0,0,0,0,0,8,0,39.9853,-75.1112, , 
31614,345558,2015068035,6,67,67301,2015,6,2,1919,19,1,1,0,5,1, , ,N,0,0,0,3,0,1,4,3,N,N,40 02:02.431,75 01:10.350,1929, ,1920, ,0, ,N, ,0, , , , , , , , , ,3,3,0,0,0,0,0,0,0,0,1,0,1,0,0,0,0,0,0,0,0,2,0,0,0,0,0,0,0,0,0,0,0,0,0,3,0,40.034,-75.0195, , 
31615,345561,2015070624,6,67,67301,2015,5,4,1255,12,1,1,0,5,1, , ,N,0,0,0,3,0,2,2,2,Y,N,40 00:38.513,75 11:03.807,1325, ,1300,3,1,2,N, ,0,N, , , , , , , , ,2,0,0,1,0,0,1,0,0,0,0,0,2,2,0,0,0,0,0,0,0,0,0,0,0,0,0,0,0,0,0,0,0,0,0,8,1,40.0107,-75.1844, , 
31616,345562,2015070638,6,67,67301,2015,6,1,1035,10,1,1,0,6,6, , ,N,0,0,0,3,0,1,1,5,N,N,40 02:49.455,75 07:23.661,1059, ,1044, ,0, ,N, ,0, , , , , , , , , ,5,3,0,0,0,0,1,1,0,0,0,1,1,0,0,0,0,0,0,0,0,0,0,0,0,0,0,0,0,0,0,0,0,0,0,4,0,40.0471,-75.1232, , 
31617,345574,2015079548,6,67,67301,2015,6,2,1309,13,1,1,0,4,1, , ,N,1,2,0,3,0,5,12,2,N,N,40 04:51.077,75 01:43.585,1313, ,1311,1,1,2,N, ,3,N, , , , , , , , ,2,1,0,1,0,0,0,0,0,0,0,0,5,5,0,0,0,0,0,0,1,1,0,0,0,0,0,0,0,0,0,0,0,0,0,8,1,40.0809,-75.0288, , 
31618,345591,2015103351,6,67,67301,2015,9,1,335,3,3,1,0,4,1, , ,N,0,0,7,3,0,1,3,2,N, ,39 57:37.043,75 08:15.976,348, ,346,9,1,4, , ,0,N, , , , , , , , ,2,2,0,0,0,0,0,0,0,0,0,1,1,0,0,0,0,0,0,0,0,0,0,1,0,0,0,0,0,0,0,0,0,0,0,4,0,39.9603,-75.1378, , 
31619,345594,2015106445,6,67,67301,2015,10,7,555,5,5,1,0,4,1, , ,N,1,2,0,3,0,0,2,2,N, ,40 01:43.107,75 12:20.348,605, ,557, ,0, , , ,3, , , , , , , , , ,2,0,0,0,0,0,2,0,0,0,0,0,0,0,0,0,0,0,0,0,1,0,0,0,0,0,0,0,0,0,0,0,0,0,0,0,0,40.0287,-75.2055, , 
31620,345595,2015108797,6,67,67301,2015,10,5,1117,11,1,1,0,6,4, , ,N,0,0,0,3,0,0,2,4,N, ,40 06:23.728,75 01:47.514,1129, ,1125, ,0, , , ,0, , , , , , , , , ,4,2,0,0,0,0,2,0,0,0,0,0,0,0,0,0,0,0,0,0,0,0,1,1,0,0,0,0,0,0,0,0,0,0,0,0,0,40.1066,-75.0299, , 
31621,345614,2015066253,6,67,67301,2015,6,3,1024,10,1,1,0,4,1, , ,N,1,2,0,3,0,1,2,2,N,N,39 59:48.618,75 09:13.788,1135, ,1130, ,0, ,N, ,3, , , , , , , , , ,1,0,0,0,0,0,1,0,1,0,0,1,1,0,0,0,0,0,0,0,0,0,0,0,0,0,0,0,0,0,0,0,0,0,0,4,0,39.9968,-75.1538, , 
31622,345657,2015091184,6,67,67301,2015,8,6,1013,10,1,1,0,8,1, , ,N,0,0,0,3,0,1,2,2,N,N,39 59:52.714,75 07:38.680,1025, ,1019,1,2,2,N, ,0,Y, , , , , , , , ,1,0,0,0,0,0,0,1,0,0,1,0,1,0,0,0,0,0,0,0,0,0,0,0,0,0,0,0,0,0,0,0,1,0,0,3,0,39.998,-75.1274, , 
31623,345674,2015070133,6,67,67301,2015,6,7,1640,16,1,1,0,4,1, , ,N,1,2,0,3,0,1,2,2,N,N,39 59:03.987,75 08:30.724,1653, ,1651, ,0, ,N, ,3, , , , , , , , , ,1,1,0,0,0,0,0,0,1,0,0,1,1,0,0,0,0,0,0,0,1,0,0,0,0,0,0,0,0,0,0,0,0,0,0,4,0,39.9844,-75.1419, , 
31624,338231,2015103275,6,67,67301,2015,9,5,510,5,3,1,0,5,1, , ,N,0,0,0,3,0,0,5,2,N,N,40 01:18.875,75 08:21.676,544, ,542,3,1,4,N, ,0,N, , , , , , , , ,2,2,0,0,0,0,0,0,0,0,0,0,0,0,1,0,0,0,0,0,1,0,0,0,0,0,0,0,0,0,0,0,0,0,0,9,0,40.0219,-75.1394, , 
31625,338249,2015111713,6,67,67301,2015,9,6,2040,20,3,1,0,8,1, , ,N,0,0,0,3,1,0,2,2,N,N,40 04:27.142,75 02:05.751,2050, ,2045,3,2,1,N,0,0,N, , , , , , , , ,1,0,0,0,0,0,1,0,0,0,0,0,0,0,0,0,0,0,0,0,0,0,0,0,0,0,0,0,0,0,0,0,1,1,0,1,0,40.0742,-75.0349,2, 
31626,338252,2015114596,6,67,67301,2015,10,1,1325,13,1,1,0,5,1, , ,N,0,0,0,3,0,0,2,2,N,N,39 59:24.243,75 05:15.574,1355, ,1355, ,0, ,N, ,0, , , , , , , , , ,2,1,0,0,0,0,1,0,0,0,0,0,0,0,0,0,0,0,0,0,2,0,0,0,0,0,0,0,0,0,0,0,0,0,0,0,0,39.9901,-75.0877, , 
31627,338270,2015131283,6,67,67301,2015,12,7,9999,99,3,1,0,4,1, , ,N,2,3,0,3,0,2,4,5,N, ,40 04:04.705,75 09:26.501,2337, ,2332,3,2,6, , ,3,Y, , , , , , , , ,5,3,0,0,0,0,2,0,0,0,0,2,2,0,0,0,0,0,0,0,1,0,0,0,0,0,0,0,0,0,0,0,0,0,0,4,0,40.068,-75.1574, , 
31628,338275,2016000966,6,67,67301,2015,12,2,1456,14,1,1,0,1,6, , ,N,0,0,0,3,0,1,2,2,N,N,39 53:35.709,75 14:23.920,1502, ,1456,2,1,4, , ,0,N, , , , , , , , ,2,1,0,0,0,1,0,0,0,0,0,1,1,0,0,0,0,0,0,0,0,0,0,0,0,0,0,0,0,0,0,0,0,0,0,4,1,39.8933,-75.24, , 
31629,338287,2015063880,6,67,67301,2015,5,2,2310,23,3,2,1,1,1, , ,N,6,3,8,3,0,0,2,2,N,N,40 00:39.685,75 12:22.055,2339, ,2332, ,0, ,N, ,3, , , , , , , , , ,2,1,0,0,0,0,1,0,0,0,0,0,0,0,0,0,0,0,0,1,0,0,0,0,0,0,0,0,0,0,0,0,0,0,0,0,0,40.011,-75.2061, , 