objectid_1,objectid,crn,district,county,municipality,crash_year,crash_month,day_of_week,time_of_day,hour_of_day,illumination,weather,road_condition,collision_type,relation_to_road,work_zone_type,work_zone_loc,work_zone_ind,intersect_type,tcd_type,location_type,urban_rural,fatal_count,injury_count,person_count,total_units,sch_bus_ind,sch_zone_ind,latitude,longitude,arrival_tm,cons_zone_spd_lim,dispatch_tm,est_hrs_closed,lane_closed,ln_close_dir,ntfy_hiwy_maint,spec_juris_cd,tcd_func_cd,tfc_detour_ind,workers_pres,wz_close_detour,wz_flagger,wz_law_offcr_ind,wz_ln_closure,wz_moving,wz_other,wz_shlder_mdn,vehicle_count,automobile_count,motorcycle_count,bus_count,small_truck_count,heavy_truck_count,suv_count,van_count,bicycle_count,maj_inj_count,mod_inj_count,min_inj_count,tot_inj_count,unk_inj_deg_count,unk_inj_per_count,driver_count_16yr,driver_count_17yr,driver_count_18yr,driver_count_19yr,driver_count_20yr,driver_count_50_64yr,driver_count_65_74yr,driver_count_75plus,unbelted_occ_count,unb_death_count,unb_maj_inj_count,belted_death_count,belted_maj_inj_count,mcycle_death_count,mcycle_maj_inj_count,bicycle_death_count,bicycle_maj_inj_count,ped_count,ped_death_count,ped_maj_inj_count,max_severity_level,comm_veh_count,dec_lat,dec_long,rdwy_surf_type_cd,county_name
31765,346322,2015092062,6,67,67301,2015,8,5,1152,11,1,1,0,4,1, , ,N,1,2,0,3,0,1,2,2,N,N,40 04:50.725,75 01:42.964,1155, ,1152,1,1,1,N, ,3,N, , , , , , , , ,2,0,0,0,0,0,2,0,0,0,0,1,1,0,0,0,0,0,0,0,2,0,0,0,0,0,0,0,0,0,0,0,0,0,0,4,0,40.0808,-75.0286, , 
31766,346342,2015078256,6,67,67301,2015,7,7,1558,15,1,1,0,5,1, , ,N,0,0,0,3,0,0,4,2,N,N,39 59:09.760,75 12:56.438,1612, ,1605, ,0, , , ,0, , , , , , , , , ,2,2,0,0,0,0,0,0,0,0,0,0,0,0,1,0,0,0,0,0,0,0,0,0,0,0,0,0,0,0,0,0,0,0,0,9,0,39.986,-75.2157, , 
31767,346349,2015088782,6,67,67301,2015,8,3,1253,12,1,2,1,7,4, , ,N,0,0,0,3,0,1,1,1,N, ,39 56:00.592,75 14:24.615,1259, ,1253, ,0, , , ,0, , , , , , , , , ,1,1,0,0,0,0,0,0,0,0,0,1,1,0,0,0,0,0,0,0,0,0,0,0,0,0,0,0,0,0,0,0,0,0,0,4,0,39.9335,-75.2402, , 
31768,346355,2015092976,6,67,67301,2015,8,5,701,7,1,1,0,4,1, , ,N,1,2,0,3,0,1,2,2,N,N,39 55:28.531,75 10:16.770,708, ,704, ,0, ,N, ,3, , , , , , , , , ,2,1,0,0,0,0,0,1,0,0,0,1,1,0,0,0,0,0,0,0,0,0,0,0,0,0,0,0,0,0,0,0,0,0,0,4,0,39.9246,-75.1712, , 
31769,338558,2015056434,6,67,67301,2015,5,6,210,2,3,1,0,4,1, , ,N,1,2,0,3,0,1,2,2,N,N,40 01:13.197,75 04:49.613,215, ,214, ,0, ,N, ,3, , , , , , , , , ,2,1,0,0,1,0,0,0,0,0,0,0,1,1,0,0,0,0,0,0,1,0,0,0,0,0,0,0,0,0,0,0,0,0,0,8,0,40.0203,-75.0804, , 
31770,338566,2015061698,6,67,67301,2015,5,4,2200,22,3,1,0,4,1, , ,N,1,2,0,3,0,2,4,2,N,N,39 57:08.527,75 08:48.441,2208, ,2205,1,1,4, , ,2,Y, , , , , , , , ,2,2,0,0,0,0,0,0,0,0,0,0,2,2,2,0,0,0,0,0,0,0,0,0,0,0,0,0,0,0,0,0,0,0,0,8,0,39.9524,-75.1468, , 
31771,338571,2015063895,6,67,67301,2015,6,1,2055,20,3,1,0,4,6, , ,N,2,3,0,3,0,0,2,3,N,N,40 04:03.741,75 09:55.126,2115, ,2059, ,0, , , ,3, , , , , , , , , ,3,1,0,0,0,0,0,2,0,0,0,0,0,0,1,0,0,0,1,0,0,0,0,0,0,0,0,0,0,0,0,0,0,0,0,9,0,40.0677,-75.1653, , 
31772,338572,2015063923,6,67,67301,2015,5,1,2045,20,3,1,0,7,4, , ,N,5,0,0,3,0,2,3,3,N,N,39 59:51.514,75 08:48.199,2050, ,2048, ,0, ,N, ,0, , , , , , , , , ,2,1,0,0,0,0,0,1,0,0,0,0,2,2,0,0,0,0,0,0,0,0,0,0,0,0,0,0,0,0,0,0,0,0,0,8,0,39.9976,-75.1467, , 
31773,338574,2015068033,6,67,67301,2015,6,2,219,2,3,1,0,7,4, , ,N,0,0,0,3,0,1,3,1,N,N,39 55:45.369,75 11:50.032,221, ,221,2,2,4,N, ,0,N, , , , , , , , ,1,1,0,0,0,0,0,0,0,0,0,1,1,0,0,0,0,0,0,0,0,0,0,0,0,0,0,0,0,0,0,0,0,0,0,4,0,39.9293,-75.1972, , 
31774,338575,2015070142,6,67,67301,2015,6,6,1815,18,1,1,0,8,1, , ,N,0,0,0,3,0,1,2,2,N,N,40 00:37.897,75 09:21.420,1816, ,1815, ,0, ,N, ,0, , , , , , , , , ,1,1,0,0,0,0,0,0,0,0,1,0,1,0,0,0,0,0,0,0,0,0,1,0,0,0,0,0,0,0,0,0,1,0,0,3,0,40.0105,-75.156, , 
31775,338579,2015074393,6,67,67301,2015,7,1,1340,13,1,1,0,1,1, , ,N,0,0,0,3,0,2,5,3,N,N,39 54:12.944,75 09:01.752,1345, ,1342,1,1,2,N, ,0,N, , , , , , , , ,3,2,0,0,0,0,1,0,0,0,0,0,2,2,0,0,0,0,0,0,0,0,0,0,0,0,0,0,0,0,0,0,0,0,0,8,0,39.9036,-75.1505, , 
31776,338596,2015091070,6,67,67301,2015,8,2,1045,10,1,1,0,4,1, , ,N,1,3,1,3,0,1,2,2,N,N,39 56:18.628,75 11:06.863,1106, ,1045, ,0, ,N, ,3, , , , , , , , , ,1,1,0,0,0,0,0,0,1,0,0,0,1,1,0,0,0,0,0,0,0,0,0,0,0,0,0,0,0,0,0,0,0,0,0,8,0,39.9385,-75.1852, , 
31777,338599,2015096352,6,67,67301,2015,9,6,2215,22,3,1,0,7,2, , ,N,0,0,0,3,0,0,1,1,N,N,40 01:38.324,75 01:31.393,2240, ,2216, ,0, ,N, ,0, , , , , , , , , ,1,0,0,0,0,0,1,0,0,0,0,0,0,0,0,0,0,0,0,0,0,0,0,0,0,0,0,0,0,0,0,0,0,0,0,0,0,40.0273,-75.0254, , 
31778,338603,2015056930,6,67,67301,2015,5,3,1608,16,1,1,0,4,1, , ,N,1,2,0,3,0,0,3,3,N,N,40 08:03.425,75 00:32.780,1616, ,1612,2,2,3,N, ,3,N, , , , , , , , ,3,2,0,0,0,0,1,0,0,0,0,0,0,0,0,0,0,0,0,0,2,0,1,0,0,0,0,0,0,0,0,0,0,0,0,0,0,40.1343,-75.0091, , 
31779,338614,2015098987,6,67,67301,2015,9,2,400,4,3,1,0,7,4, , ,N,0,0,0,3,0,1,1,1,N,N,40 00:24.878,75 12:00.209,409, ,409,9,2,6,N, ,0,Y, , , , , , , , ,1,0,0,0,1,0,0,0,0,0,0,0,1,1,0,0,0,0,0,0,0,0,0,0,0,0,0,0,0,0,0,0,0,0,0,8,0,40.0069,-75.2001, , 
31780,338620,2015073223,6,67,67301,2015,6,3,1540,15,1,1,0,5,1, , ,N,1,2,0,3,0,2,2,2,N,N,40 00:43.064,75 10:33.675,1550, ,1545, ,0, ,N, ,3, , , , , , , , , ,2,1,0,0,0,0,1,0,0,0,0,2,2,0,0,0,0,0,0,0,0,0,0,0,0,0,0,0,0,0,0,0,0,0,0,4,0,40.012,-75.176, , 
31781,338638,2015086221,6,67,67301,2015,8,4,1050,10,1,1,0,4,1, , ,N,1,2,0,3,0,0,3,3,N,N,39 57:28.162,75 08:50.070,1100, ,1054,3,1,4,N, ,3,N, , , , , , , , ,3,2,0,0,1,0,0,0,0,0,0,0,0,0,0,0,0,0,0,0,1,0,0,0,0,0,0,0,0,0,0,0,0,0,0,0,0,39.9578,-75.1472, , 
31782,338642,2015090931,6,67,67301,2015,9,5,1255,12,1,1,0,4,1, , ,N,0,0,0,3,0,1,2,2,N,N,39 59:00.430,75 09:31.093,1300, ,1257, ,0, ,N, ,0, , , , , , , , , ,2,2,0,0,0,0,0,0,0,0,0,1,1,0,0,0,0,0,0,0,0,0,0,1,0,0,0,0,0,0,0,0,0,0,0,4,0,39.9835,-75.1586, , 
31783,338667,2015061849,6,67,67301,2015,5,7,1007,10,1,1,0,4,1, , ,N,1,3,0,3,0,1,4,3,N, ,39 57:34.066,75 13:37.293,1012, ,1007, ,0, , , ,3, , , , , , , , , ,3,2,0,0,0,0,1,0,0,0,0,1,1,0,0,0,0,0,0,0,1,0,0,0,0,0,0,0,0,0,0,0,0,0,0,4,0,39.9595,-75.227, , 
31784,338683,2015087831,6,67,67301,2015,6,2,1345,13,1,1,0,4,1, , ,N,1,3,0,3,0,0,3,2,N,N,39 57:47.635,75 09:15.040,0, ,0, ,0, ,N, ,3, , , , , , , , , ,2,1,0,1,0,0,0,0,0,0,0,0,0,0,0,0,0,0,0,0,0,0,0,0,0,0,0,0,0,0,0,0,0,0,0,0,1,39.9632,-75.1542, , 
31785,338692,2015099022,6,67,67301,2015,9,2,430,4,3,1,0,8,1, , ,N,1,2,0,3,2,1,3,3,N,N,39 57:15.859,75 09:47.045,434, ,434,3,2,1, ,0,3,Y, , , , , , , , ,1,1,0,0,0,0,0,0,0,0,0,0,1,1,0,0,0,0,0,0,0,0,0,0,0,0,0,0,0,0,0,0,2,2,0,1,0,39.9544,-75.1631,2, 
31786,338704,2015102388,6,67,67301,2015,9,6,620,6,1,1,0,4,1, , ,N,1,2,0,3,0,0,2,2,N, ,40 02:55.097,75 08:41.622,721, ,717, ,0, , , ,3, , , , , , , , , ,2,2,0,0,0,0,0,0,0,0,0,0,0,0,0,0,0,0,0,0,0,0,0,0,0,0,0,0,0,0,0,0,0,0,0,0,0,40.0486,-75.1449, , 
31787,341521,2015109239,6,67,67301,2015,10,1,415,4,3,1,0,5,6, , ,N,0,0,0,3,0,1,3,3,N,N,40 01:35.420,75 08:18.567,435, ,432,9,2,3,N, ,0,Y, , , , , , , , ,3,1,0,0,0,2,0,0,0,0,0,1,1,0,0,0,0,0,0,0,0,0,0,0,0,0,0,0,0,0,0,0,0,0,0,4,1,40.0265,-75.1385, , 
31788,341527,2015113185,6,67,67301,2015,9,2,1615,16,1,1,1,4,1, , ,N,1,2,0,3,0,3,20,3,N,N,39 59:07.310,75 09:40.971,1635, ,1629, ,0, ,N, ,3, , , , , , , , , ,3,2,0,1,0,0,0,0,0,0,0,2,3,1,0,0,0,0,0,0,1,1,0,0,0,0,0,0,0,0,0,0,0,0,0,4,1,39.9854,-75.1614, , 
31789,341530,2015115126,6,67,67301,2015,10,7,1215,12,1,1,0,7,4, , ,N,7,0,8,3,0,1,1,1,N,N,40 00:23.964,75 11:36.713,1229, ,1218, ,0, ,Y, ,0, , , , , , , , , ,1,1,0,0,0,0,0,0,0,0,0,1,1,0,0,0,0,0,0,0,0,0,0,0,0,0,0,0,0,0,0,0,0,0,0,4,0,40.0067,-75.1935, , 
31790,341534,2015118173,6,67,67301,2015,10,1,1537,15,1,1,0,4,1, , ,N,0,0,0,3,0,1,4,2,N,N,40 02:40.339,75 05:11.585,1552, ,1550, ,0, ,N, ,0, , , , , , , , , ,2,2,0,0,0,0,0,0,0,0,0,1,1,0,0,0,0,0,0,0,1,0,0,0,0,0,0,0,0,0,0,0,0,0,0,4,0,40.0445,-75.0866, , 
31791,341548,2015066137,6,46,46108,2015,6,2,1717,17,1,1,0,1,1, , ,N,0,2,0,3,0,1,4,3,N,N,40 05:33.649,75 13:23.453,1720, ,1717,1,1,1,N, ,3,N, , , , , , , , ,3,1,0,0,1,0,1,0,0,0,0,0,1,1,0,0,0,0,0,0,0,0,1,0,0,0,0,0,0,0,0,0,0,0,0,8,0,40.0927,-75.2232, , 
31792,341549,2015070256,6,67,67301,2015,6,4,2139,21,3,1,0,1,1,2,4,Y,0,8,0,3,0,2,4,2,N,N,39 59:02.962,75 12:29.445,2203,45,2145, ,0, ,N, ,3, ,Y,N,N,N,Y,N,N,N,2,2,0,0,0,0,0,0,0,0,0,2,2,0,0,0,0,1,0,0,0,0,0,0,0,0,0,0,0,0,0,0,0,0,0,4,0,39.9842,-75.2082, , 
31793,341552,2015074846,6,67,67301,2015,6,5,9999,99,3,2,1,7,4, , ,N,1,2,0,3,0,0,1,1,N,N,39 58:38.996,75 09:35.477,2320, ,2318, ,0, ,N, ,3, , , , , , , , , ,1,1,0,0,0,0,0,0,0,0,0,0,0,0,1,0,0,0,0,0,0,0,0,0,0,0,0,0,0,0,0,0,0,0,0,9,0,39.9775,-75.1599, , 
31794,341560,2015119725,6,67,67301,2015,11,5,1814,18,3,1,0,1,1, , ,N,0,0,0,3,0,1,2,2,N,N,39 53:20.048,75 13:06.835,1834, ,1817, ,0, ,N, ,0, , , , , , , , , ,2,1,0,0,0,0,1,0,0,0,0,0,1,1,0,0,0,0,0,0,1,0,0,1,0,0,0,0,0,0,0,0,0,0,0,8,0,39.8889,-75.2186, , 
31795,341575,2015131840,6,67,67301,2015,12,7,1848,18,3,1,0,1,1, , ,N,0,0,0,3,0,1,3,2,N,N,40 02:40.990,75 00:08.953,1930, ,1848, ,0, ,N, ,0, , , , , , , , , ,2,2,0,0,0,0,0,0,0,0,0,1,1,0,0,0,0,0,1,0,0,1,0,0,0,0,0,0,0,0,0,0,0,0,0,4,0,40.0447,-75.0025, , 
31796,341579,2015134761,6,67,67301,2015,12,6,1128,11,1,1,0,1,1, , ,N,0,0,0,3,0,0,2,2,N,N,39 57:31.584,75 08:26.432,1128, ,1128,1,2,1,N, ,0,N, , , , , , , , ,2,1,0,0,1,0,0,0,0,0,0,0,0,0,0,0,0,1,0,0,0,0,1,0,0,0,0,0,0,0,0,0,0,0,0,0,0,39.9588,-75.1407, , 
31797,341583,2015061715,6,67,67301,2015,5,4,138,1,3,1,0,7,4, , ,N,0,0,0,3,0,0,1,1,N,N,40 06:38.384,75 01:28.552,140, ,138,2,2,5, , ,0,Y, , , , , , , , ,1,1,0,0,0,0,0,0,0,0,0,0,0,0,0,0,0,0,0,0,0,0,0,0,0,0,0,0,0,0,0,0,0,0,0,0,0,40.1107,-75.0246, , 
31798,341595,2015070591,6,67,67301,2015,6,3,1800,18,2,2,1,8,1, , ,N,0,0,0,3,0,1,2,2,N, ,39 56:08.872,75 11:22.794,1835, ,1827, ,0, , , ,0, , , , , , , , , ,1,0,0,0,0,0,1,0,0,0,0,1,1,0,1,0,0,0,0,0,0,0,0,0,0,0,0,0,0,0,0,0,1,0,0,4,0,39.9358,-75.1897, , 
31799,341613,2015078268,6,67,67301,2015,7,4,2,0,3,1,0,5,1, , ,N,0,0,6,3,0,0,3,2,N,N,40 01:46.454,75 05:17.211,6, ,4, ,0, ,N, ,0, , , , , , , , , ,2,1,0,0,0,1,0,0,0,0,0,0,0,0,0,0,0,0,0,0,0,0,0,0,0,0,0,0,0,0,0,0,0,0,0,0,1,40.0296,-75.0881, , 
31800,341622,2015088814,6,67,67301,2015,7,6,1820,18,1,1,0,4,1, , ,N,1,2,0,3,0,3,4,2,N, ,40 00:40.402,75 08:31.606,1841, ,1829, ,0, , , ,3, , , , , , , , , ,2,1,0,1,0,0,0,0,0,2,1,0,3,0,0,0,0,0,0,0,0,0,0,0,0,0,0,0,0,0,0,0,0,0,0,2,1,40.0112,-75.1421, , 
31801,341643,2015060566,6,67,67301,2015,5,3,1621,16,1,1,0,4,1, , ,N,1,2,3,3,0,3,8,4,N,N,39 59:08.043,75 15:30.778,1624, ,1621,2,1,2,N, ,3,N, , , , , , , , ,4,3,1,0,0,0,0,0,0,0,2,1,3,0,0,0,0,0,0,0,2,0,1,0,0,0,0,0,0,0,0,0,0,0,0,3,0,39.9855,-75.2585, , 
31802,341667,2016000073,6,67,67301,2015,12,7,228,2,3,1,0,5,1, , ,N,0,0,2,3,1,1,3,2,N,N,40 00:14.595,75 11:41.990,228, ,228,3,2,3,N,0,0,Y, , , , , , , , ,2,2,0,0,0,0,0,0,0,0,0,1,1,0,0,0,0,0,0,0,1,0,0,1,1,0,0,0,0,0,0,0,0,0,0,1,0,40.0041,-75.195,1, 
31803,341672,2016007662,6,67,67301,2015,12,2,1530,15,1,1,0,4,1, , ,N,1,2,0,3,0,1,4,3,N,N,40 01:24.687,75 08:00.078,1603, ,1532,1,1,1,N, ,3,N, , , , , , , , ,3,2,0,0,0,0,1,0,0,0,0,1,1,0,0,0,0,0,0,0,1,0,0,0,0,0,0,0,0,0,0,0,0,0,0,4,0,40.0235,-75.1334, , 
31804,341680,2015086250,6,67,67301,2015,8,7,955,9,1,1,0,1,1, , ,N,1,2,0,3,0,3,6,3,N,N,39 55:26.682,75 14:43.799,1025, ,1025, ,0, ,N, ,3, , , , , , , , , ,3,1,0,0,0,0,1,1,0,0,0,1,3,2,0,0,0,0,0,0,0,0,0,0,0,0,0,0,0,0,0,0,0,0,0,4,0,39.9241,-75.2455, , 
31805,344518,2015063878,6,67,67301,2015,5,3,630,6,1,1,0,7,4, , ,N,0,0,1,3,0,0,1,1,N,N,40 00:51.989,75 10:41.576,700, ,650, ,0, ,N, ,0, , , , , , , , , ,1,0,0,0,0,0,1,0,0,0,0,0,0,0,1,0,0,0,0,0,0,0,0,0,0,0,0,0,0,0,0,0,0,0,0,9,0,40.0145,-75.1782, , 
31806,344519,2015063952,6,67,67301,2015,5,5,325,3,3,1,0,7,3, , ,N,1,2,0,3,0,0,2,2,N, ,40 04:15.522,75 02:16.209,330, ,325,2,1,1, , ,3,N, , , , , , , , ,1,1,0,0,0,0,0,0,0,0,0,0,0,0,0,0,0,0,0,0,0,0,0,0,0,0,0,0,0,0,0,0,0,0,0,0,0,40.0711,-75.038, , 
31807,344521,2015066255,6,67,67301,2015,6,4,815,8,1,1,0,4,1, , ,N,1,3,0,3,0,1,3,2,N,N,40 02:15.633,75 05:03.969,830, ,825, ,0, ,N, ,3, , , , , , , , , ,2,0,0,0,0,0,2,0,0,0,0,0,1,1,0,0,0,1,0,0,0,0,0,0,0,0,0,0,0,0,0,0,0,0,0,8,0,40.0377,-75.0844, , 
31808,344526,2015074977,6,67,67301,2015,6,3,1821,18,1,1,0,1,1, , ,N,0,0,0,3,0,0,2,2,N,N,39 58:23.540,75 11:37.508,1858, ,1854,1,2,4,N, ,0,N, , , , , , , , ,2,1,0,0,0,0,1,0,0,0,0,0,0,0,0,0,0,0,0,0,0,0,0,0,0,0,0,0,0,0,0,0,0,0,0,0,0,39.9732,-75.1938, , 
31809,344527,2015075766,6,67,67301,2015,7,2,1630,16,1,1,0,1,1, , ,N,1,2,0,3,0,1,2,2,N,N,39 59:29.198,75 13:29.395,1730, ,1720, ,0, , , ,3, , , , , , , , , ,2,1,0,0,0,0,1,0,0,0,0,1,1,0,0,0,0,0,0,0,0,0,0,0,0,0,0,0,0,0,0,0,0,0,0,4,0,39.9914,-75.2248, , 
31810,344537,2015085325,6,67,67301,2015,8,7,400,4,3,1,0,5,6, , ,N,0,0,0,3,0,1,1,2,N, ,40 01:24.351,75 02:26.127,415, ,411, ,0, , , ,0, , , , , , , , , ,2,1,0,0,0,0,0,1,0,0,0,1,1,0,0,0,0,0,0,0,0,1,0,0,0,0,0,0,0,0,0,0,0,0,0,4,0,40.0234,-75.0406, , 
31811,344573,2015095793,6,67,67301,2015,9,6,1330,13,1,1,0,5,1, , ,N,0,0,0,3,0,1,3,2,N,N,39 58:16.759,75 09:31.954,1345, ,1339, ,0, ,N, ,0, , , , , , , , , ,2,0,0,0,0,1,1,0,0,0,0,1,1,0,0,0,0,0,0,0,1,0,0,2,0,0,0,0,0,0,0,0,0,0,0,4,1,39.9713,-75.1589, , 
31812,344587,2015109240,6,67,67301,2015,9,6,645,6,1,1,0,1,1, , ,N,1,2,0,3,0,1,2,2,N, ,40 04:50.820,75 01:42.117,655, ,650, ,0, , , ,3, , , , , , , , , ,2,2,0,0,0,0,0,0,0,0,1,0,1,0,0,0,0,0,0,0,0,0,0,0,0,0,0,0,0,0,0,0,0,0,0,3,0,40.0808,-75.0284, , 
31813,344588,2015110343,6,67,67301,2015,10,6,830,8,1,1,0,5,1, , ,N,5,2,2,3,0,0,3,2,N,N,39 57:26.075,75 09:08.042,830, ,823,2,1,3, , ,3,N, , , , , , , , ,2,1,0,0,0,0,0,1,0,0,0,0,0,0,0,0,0,0,0,0,0,0,0,1,0,0,0,0,0,0,0,0,0,0,0,0,0,39.9573,-75.1523, , 
31814,344592,2015114574,6,67,67301,2015,10,1,355,3,3,1,0,4,1, , ,N,1,2,0,3,0,4,6,2,N,N,40 03:14.351,75 02:56.006,405, ,400,3,2,1,N, ,3,Y, , , , , , , , ,2,0,0,0,1,0,1,0,0,0,0,0,4,4,2,0,0,0,0,0,1,0,0,0,0,0,0,0,0,0,0,0,0,0,0,8,0,40.0541,-75.049, , 
31815,344597,2015128716,6,67,67301,2015,11,6,1800,18,4,1,0,4,1, , ,N,2,0,0,3,0,2,2,2,N, ,40 00:56.099,75 08:59.116,1810, ,1809, ,0, , , ,0, , , , , , , , , ,2,2,0,0,0,0,0,0,0,0,0,2,2,0,0,0,0,0,0,0,0,0,0,0,0,0,0,0,0,0,0,0,0,0,0,4,0,40.0156,-75.1498, , 
31816,344600,2015131330,6,67,67301,2015,12,3,1810,18,2,2,1,4,1, , ,N,1,3,0,3,0,1,2,2,N,N,40 00:49.370,75 04:25.456,1955, ,1950, ,0, , , ,3, , , , , , , , , ,2,0,0,0,0,0,1,1,0,0,0,1,1,0,0,0,0,0,0,0,1,0,0,0,0,0,0,0,0,0,0,0,0,0,0,4,0,40.0137,-75.0737, , 
31817,344608,2016000976,6,67,67301,2015,11,4,912,9,1,1,0,8,1, , ,N,0,0,0,3,0,1,2,2,N,N,39 56:10.345,75 09:30.476,920, ,915, ,0, ,N, ,0, , , , , , , , , ,1,0,1,0,0,0,0,0,0,0,1,0,1,0,0,0,0,0,0,0,0,0,0,0,0,0,0,0,0,0,0,0,1,0,0,3,0,39.9362,-75.1585, , 
31818,344619,2015095725,6,67,67301,2015,8,7,1515,15,1,1,0,1,1, , ,N,1,2,0,3,0,2,4,2,N,N,40 03:08.339,75 00:28.750,1527, ,1517, ,0, ,N, ,3, , , , , , , , , ,2,1,0,0,0,0,1,0,0,0,0,1,2,1,0,0,0,0,0,0,1,0,1,0,0,0,0,0,0,0,0,0,0,0,0,4,0,40.0523,-75.008, , 
31819,344622,2015098977,6,67,67301,2015,9,5,1640,16,1,2,1,1,1, , ,N,2,2,0,3,0,1,3,3,N,N,39 57:20.203,75 10:50.673,1730, ,1711, ,0, ,N, ,3, , , , , , , , , ,3,3,0,0,0,0,0,0,0,0,0,1,1,0,0,0,0,0,0,0,0,0,0,0,0,0,0,0,0,0,0,0,0,0,0,4,0,39.9555,-75.1808, , 
31820,344625,2015102068,6,67,67301,2015,9,4,40,0,3,2,1,5,1, , ,N,0,0,0,3,0,0,2,2,N,N,39 59:45.017,75 04:59.439,54, ,44,1,1,2,N, ,0,N, , , , , , , , ,2,0,0,0,0,0,1,0,0,0,0,0,0,0,0,0,0,0,0,0,0,0,0,0,0,0,0,0,0,0,0,0,0,0,0,0,0,39.9958,-75.0832, , 
31821,344630,2015106419,6,67,67301,2015,9,5,915,9,1,1,0,4,1, , ,N,1,2,0,3,0,2,5,2,N, ,40 00:26.697,75 08:12.693,940, ,932, ,0, , , ,3, , , , , , , , , ,2,1,0,0,0,0,0,1,0,0,0,2,2,0,0,0,0,0,0,0,0,0,0,0,0,0,0,0,0,0,0,0,0,0,0,4,0,40.0074,-75.1368, , 
31822,344631,2015107457,6,67,67301,2015,10,5,1040,10,1,2,1,8,5, , ,N,0,9,0,3,0,1,2,2,N,N,40 00:12.547,75 10:03.179,1045, ,1045, ,0, , , ,9, , , , , , , , , ,1,0,0,0,0,0,0,0,0,0,0,0,1,1,1,0,0,0,0,0,0,0,0,0,0,0,0,0,0,0,0,0,1,0,0,8,0,40.0035,-75.1675, , 
31823,335555,2015069701,6,67,67301,2015,6,1,37,0,3,2,1,4,5, , ,N,0,0,0,3,0,0,1,3,N,N,40 03:27.370,75 00:28.912,39, ,37, ,0, ,N, ,0, , , , , , , , , ,3,1,0,0,0,0,1,1,0,0,0,0,0,0,0,0,0,0,0,1,0,0,0,0,0,0,0,0,0,0,0,0,0,0,0,0,0,40.0576,-75.008, , 
31824,335581,2015059104,6,67,67301,2015,5,5,2033,20,3,1,0,5,6, , ,N,0,0,0,3,0,0,2,2,N, ,40 03:14.835,75 04:28.128,2042, ,2035, ,0, , , ,0, , , , , , , , , ,2,0,0,0,0,0,2,0,0,0,0,0,0,0,0,0,0,0,0,0,0,0,0,0,0,0,0,0,0,0,0,0,0,0,0,0,0,40.0541,-75.0745, , 
31825,335604,2015095153,6,67,67301,2015,8,2,1330,13,1,1,0,4,1, , ,N,1,2,0,3,0,0,2,2,N,N,39 57:56.076,75 13:34.473,1635, ,1631, ,0, ,N, ,3, , , , , , , , , ,2,1,0,0,1,0,0,0,0,0,0,0,0,0,1,0,0,0,0,0,0,0,0,0,0,0,0,0,0,0,0,0,0,0,0,9,0,39.9656,-75.2262, , 
31826,335606,2015096350,6,67,67301,2015,9,6,1032,10,1,1,0,1,1, , ,N,0,0,0,3,0,1,3,3,N,N,39 58:36.238,75 11:51.040,1036, ,1032, ,0, ,N, ,0, , , , , , , , , ,3,2,0,0,0,0,1,0,0,0,0,0,1,1,0,0,0,0,0,0,1,0,0,0,0,0,0,0,0,0,0,0,0,0,0,8,0,39.9767,-75.1975, , 
31827,335612,2015103276,6,67,67301,2015,9,7,1657,16,1,1,0,0,1, , ,N,0,0,0,3,0,1,2,1,N,N,40 01:57.369,75 11:23.511,1715, ,1711, ,0, ,N, ,0, , , , , , , , , ,1,0,1,0,0,0,0,0,0,0,0,0,1,1,0,0,0,0,0,0,0,0,0,0,0,0,0,0,0,0,0,0,0,0,0,8,0,40.0326,-75.1899, , 
31828,335620,2015062727,6,67,67301,2015,5,5,1226,12,1,1,0,4,1, , ,N,1,2,0,3,0,0,2,2,N,N,40 06:50.926,74 59:15.880,1228, ,1226,1,1,1,N, ,3,N, , , , , , , , ,2,0,0,0,1,0,1,0,0,0,0,0,0,0,0,0,0,0,0,0,1,0,0,0,0,0,0,0,0,0,0,0,0,0,0,0,0,40.114,-74.9876, , 
31829,335621,2015063851,6,67,67301,2015,6,3,1330,13,1,2,1,4,1, , ,N,1,2,0,3,0,1,3,3,N,N,40 00:47.439,75 04:13.514,1410, ,1403, ,0, ,N, ,3, , , , , , , , , ,3,2,0,0,0,0,1,0,0,0,0,0,1,1,0,0,0,0,0,0,0,0,0,0,0,0,0,0,0,0,0,0,0,0,0,8,0,40.0132,-75.0704, , 
31830,335628,2015086229,6,67,67301,2015,8,3,1434,14,1,1,0,1,1, , ,N,0,0,0,3,0,0,4,2,N,N,39 59:32.843,75 05:55.271,1440, ,1439, ,0, ,N, ,0, , , , , , , , , ,2,2,0,0,0,0,0,0,0,0,0,0,0,0,0,0,0,0,0,1,0,0,0,0,0,0,0,0,0,0,0,0,0,0,0,0,0,39.9925,-75.0987, , 
31831,335635,2015095749,6,67,67301,2015,8,6,2105,21,3,1,0,4,1, , ,N,1,2,0,3,0,0,3,2,N, ,40 04:10.107,75 03:02.148,2107, ,2107, ,0, , , ,3, , , , , , , , , ,2,2,0,0,0,0,0,0,0,0,0,0,0,0,0,0,0,0,0,0,0,0,0,0,0,0,0,0,0,0,0,0,0,0,0,0,0,40.0695,-75.0506, , 