objectid_1,objectid,crn,district,county,municipality,crash_year,crash_month,day_of_week,time_of_day,hour_of_day,illumination,weather,road_condition,collision_type,relation_to_road,work_zone_type,work_zone_loc,work_zone_ind,intersect_type,tcd_type,location_type,urban_rural,fatal_count,injury_count,person_count,total_units,sch_bus_ind,sch_zone_ind,latitude,longitude,arrival_tm,cons_zone_spd_lim,dispatch_tm,est_hrs_closed,lane_closed,ln_close_dir,ntfy_hiwy_maint,spec_juris_cd,tcd_func_cd,tfc_detour_ind,workers_pres,wz_close_detour,wz_flagger,wz_law_offcr_ind,wz_ln_closure,wz_moving,wz_other,wz_shlder_mdn,vehicle_count,automobile_count,motorcycle_count,bus_count,small_truck_count,heavy_truck_count,suv_count,van_count,bicycle_count,maj_inj_count,mod_inj_count,min_inj_count,tot_inj_count,unk_inj_deg_count,unk_inj_per_count,driver_count_16yr,driver_count_17yr,driver_count_18yr,driver_count_19yr,driver_count_20yr,driver_count_50_64yr,driver_count_65_74yr,driver_count_75plus,unbelted_occ_count,unb_death_count,unb_maj_inj_count,belted_death_count,belted_maj_inj_count,mcycle_death_count,mcycle_maj_inj_count,bicycle_death_count,bicycle_maj_inj_count,ped_count,ped_death_count,ped_maj_inj_count,max_severity_level,comm_veh_count,dec_lat,dec_long,rdwy_surf_type_cd,county_name
31832,335648,2015108082,6,67,67301,2015,10,7,225,2,3,1,1,7,2, , ,N,6,0,2,3,0,0,1,1,N,N,39 57:41.049,75 10:57.066,230, ,226,2,2,3,N, ,0,Y, , , , , , , , ,1,1,0,0,0,0,0,0,0,0,0,0,0,0,0,0,0,0,0,0,1,0,0,0,0,0,0,0,0,0,0,0,0,0,0,0,0,39.9614,-75.1825, , 
31833,335664,2015056444,6,67,67301,2015,5,7,154,1,3,1,0,7,4, , ,N,1,2,0,3,0,0,1,1,N,N,40 00:16.318,75 07:55.437,156, ,154,3,2,7,N, ,3,Y, , , , , , , , ,1,0,0,0,0,0,1,0,0,0,0,0,0,0,0,0,0,0,0,0,0,0,0,0,0,0,0,0,0,0,0,0,0,0,0,0,0,40.0045,-75.1321, , 
31834,335665,2015057035,6,67,67301,2015,5,3,318,3,3,2,1,7,2, , ,N,0,0,0,3,0,0,1,1,N,N,39 56:12.518,75 08:40.048,331, ,319, ,0, ,N, ,0, , , , , , , , , ,1,0,1,0,0,0,0,0,0,0,0,0,0,0,0,0,0,0,0,0,0,0,0,0,0,0,0,0,0,0,0,0,0,0,0,0,0,39.9368,-75.1445, , 
31835,335708,2015070193,6,67,67301,2015,6,6,1620,16,1,1,0,4,1, , ,N,1,2,0,3,0,1,2,2,N,N,40 02:20.942,75 06:36.006,1635, ,1628, ,0, ,N, ,3, , , , , , , , , ,1,1,0,0,0,0,0,0,1,0,0,0,1,1,0,0,0,0,0,1,0,0,0,0,0,0,0,0,0,0,0,0,0,0,0,8,0,40.0392,-75.11, , 
31836,335712,2015075667,6,67,67301,2015,7,2,356,3,3,1,0,1,1, , ,N,1,2,0,3,0,2,3,2,N,N,40 00:14.091,75 13:14.544,403, ,400, ,0, ,N, ,3, , , , , , , , , ,2,1,0,0,0,0,1,0,0,0,0,0,2,2,0,0,0,0,0,0,0,0,0,0,0,0,0,0,0,0,0,0,0,0,0,8,0,40.0039,-75.2207, , 
31837,335727,2015087521,6,67,67301,2015,8,3,2200,22,6,9,8,8,1, , ,N,0,0,0,3,0,1,2,2,N, ,40 00:16.900,75 08:25.600,9999, ,2245, ,0, , , ,0, , , , , , , , , ,1,0,0,0,0,0,0,1,0,0,0,1,1,0,0,0,0,0,0,0,0,0,0,0,0,0,0,0,0,0,0,0,1,0,0,4,0,40.0047,-75.1404, , 
31838,335735,2015092952,6,67,67301,2015,8,5,630,6,1,1,0,4,1, , ,N,1,3,0,3,0,5,5,2,N,N,40 02:03.606,75 09:37.515,635, ,631, ,0, ,N, ,3, , , , , , , , , ,2,1,0,0,0,0,1,0,0,0,0,3,5,2,0,0,0,0,0,0,0,0,0,0,0,0,0,0,0,0,0,0,0,0,0,4,0,40.0343,-75.1604, , 
31839,335736,2015093021,6,67,67301,2015,8,5,9999,99,1,1,0,4,1, , ,N,1,2,0,3,0,1,3,2,N,N,39 59:43.909,75 09:15.275,1535, ,1527, ,0, ,N, ,3, , , , , , , , , ,2,2,0,0,0,0,0,0,0,0,0,1,1,0,0,0,0,0,0,0,0,0,0,0,0,0,0,0,0,0,0,0,0,0,0,4,0,39.9955,-75.1541, , 
31840,335743,2015098210,6,67,67301,2015,9,5,1723,17,1,1,0,8,1, , ,N,1,2,0,3,0,1,2,2,N,N,40 00:15.436,75 08:57.465,1755, ,1754, ,0, ,N, ,3, , , , , , , , , ,1,0,0,0,1,0,0,0,0,0,0,0,1,1,0,0,0,0,0,0,0,1,0,0,0,0,0,0,0,0,0,0,1,0,0,8,0,40.0043,-75.1493, , 
31841,335791,2015092059,6,67,67301,2015,8,4,1745,17,1,1,0,1,1, , ,N,9,5,0,3,0,1,3,2,N,N,40 04:29.918,75 01:05.632,1808, ,1753, ,0, ,N, ,3, , , , , , , , , ,2,1,0,0,0,1,0,0,0,0,0,1,1,0,0,0,0,0,0,0,1,0,0,0,0,0,0,0,0,0,0,0,0,0,0,4,1,40.0749,-75.0182, , 
31842,338714,2015021895,6,67,67301,2015,2,2,11,0,2,4,4,7,4, , ,N,0,0,0,3,0,0,1,1,N,N,39 58:58.348,75 15:22.580,21, ,18, ,0, , , ,0, , , , , , , , , ,1,1,0,0,0,0,0,0,0,0,0,0,0,0,1,0,0,0,0,0,0,0,0,0,0,0,0,0,0,0,0,0,0,0,0,9,0,39.9829,-75.2563, , 
31843,338730,2015049575,6,67,67301,2015,4,3,1410,14,1,1,0,1,1, , ,N,0,0,0,3,0,1,2,2,N,N,40 04:29.706,75 02:02.550,1436, ,1435,1,1,1,N, ,0,N, , , , , , , , ,2,2,0,0,0,0,0,0,0,0,0,1,1,0,0,0,0,0,0,0,1,1,0,0,0,0,0,0,0,0,0,0,0,0,0,4,0,40.0749,-75.034, , 
31844,338746,2015070646,6,67,67301,2015,6,1,1832,18,1,1,0,8,1, , ,N,0,0,0,3,0,1,3,2,N,N,39 56:00.096,75 10:40.652,1837, ,1835,9,2,3,N, ,0,Y, , , , , , , , ,1,1,0,0,0,0,0,0,0,0,0,0,1,1,0,0,0,0,0,0,0,0,0,0,0,0,0,0,0,0,0,0,1,0,0,8,0,39.9334,-75.178, , 
31845,338749,2015077492,6,67,67301,2015,7,3,822,8,1,1,0,1,1, , ,N,0,0,0,3,0,0,2,2,N,N,39 57:24.978,75 09:19.941,832, ,824,1,1,3,N, ,0,N, , , , , , , , ,2,2,0,0,0,0,0,0,0,0,0,0,0,0,0,0,0,0,0,0,0,0,0,0,0,0,0,0,0,0,0,0,0,0,0,0,0,39.9569,-75.1555, , 
31846,338753,2015085224,6,67,67301,2015,8,3,1745,17,1,2,1,1,1, , ,N,1,2,0,3,0,0,3,2,N,N,39 56:29.561,75 08:32.555,1800, ,1755, ,0, , , ,3, , , , , , , , , ,2,2,0,0,0,0,0,0,0,0,0,0,0,0,3,0,0,0,0,0,0,0,0,0,0,0,0,0,0,0,0,0,0,0,0,9,0,39.9416,-75.1421, , 
31847,338760,2015042770,6,67,67301,2015,4,3,331,3,3,1,0,7,4, , ,N,5,2,0,3,0,1,1,1,N,N,40 03:18.520,75 09:28.001,332, ,331,3,2,5, , ,3,Y, , , , , , , , ,1,0,0,0,0,0,1,0,0,0,0,0,1,1,0,0,0,0,0,0,0,0,0,0,0,0,0,0,0,0,0,0,0,0,0,8,0,40.0551,-75.1578, , 
31848,338779,2015065468,6,67,67301,2015,5,4,130,1,3,1,0,8,1, , ,N,1,2,0,3,0,1,2,2,N, ,40 02:20.942,75 06:36.006,140, ,139,1,1,4, , ,3,Y, , , , , , , , ,1,0,0,0,0,0,0,1,0,0,1,0,1,0,1,0,0,0,0,0,0,0,0,0,0,0,0,0,0,0,0,0,1,0,0,3,0,40.0392,-75.11, , 
31849,338788,2015081030,6,67,67301,2015,7,3,2042,20,3,1,0,4,1, , ,N,1,2,0,3,0,0,2,2,N,N,39 57:59.670,75 14:23.337,2044, ,2044, ,0, ,N, ,3, , , , , , , , , ,2,2,0,0,0,0,0,0,0,0,0,0,0,0,0,0,0,0,0,0,2,0,0,0,0,0,0,0,0,0,0,0,0,0,0,0,0,39.9666,-75.2398, , 
31850,338792,2015083415,6,67,67301,2015,7,3,1146,11,1,1,0,5,6, , ,N,0,0,0,3,0,0,1,4,N, ,40 00:41.551,75 04:22.299,1219, ,1154,9,2,4, , ,0,N, , , , , , , , ,4,4,0,0,0,0,0,0,0,0,0,0,0,0,0,0,0,0,0,0,1,0,0,0,0,0,0,0,0,0,0,0,0,0,0,0,0,40.0115,-75.0729, , 
31851,338794,2015091038,6,67,67301,2015,8,2,2236,22,3,1,0,4,1, , ,N,1,2,0,3,0,2,2,2,N, ,40 03:23.817,75 00:47.353,2242, ,2240, ,0, , , ,3, , , , , , , , , ,2,1,0,0,0,0,0,1,0,0,0,0,2,2,0,0,0,0,0,0,1,0,0,0,0,0,0,0,0,0,0,0,0,0,0,8,0,40.0564,-75.0128, , 
31852,338795,2015093499,6,67,67301,2015,8,2,2320,23,3,2,1,5,1, , ,N,0,0,0,3,0,1,2,2,N,N,39 55:47.297,75 11:52.857,2337, ,2322,1,2,3,N, ,0,Y, , , , , , , , ,2,2,0,0,0,0,0,0,0,0,0,0,1,1,0,0,0,0,0,0,1,0,0,0,0,0,0,0,0,0,0,0,0,0,0,8,0,39.9298,-75.198, , 
31853,338798,2015095201,6,67,67301,2015,9,1,2100,21,3,1,0,1,1, , ,N,1,2,0,3,0,0,4,2,N, ,40 04:05.300,75 03:39.909,2105, ,2100, ,0, , , ,3, , , , , , , , , ,2,1,0,0,0,0,1,0,0,0,0,0,0,0,0,0,0,0,1,0,1,0,0,0,0,0,0,0,0,0,0,0,0,0,0,0,0,40.0681,-75.0611, , 
31854,338803,2015098966,6,67,67301,2015,9,3,2030,20,3,1,0,4,1, , ,N,1,2,0,3,0,4,4,2,N,N,40 00:43.064,75 10:33.675,2035, ,2031, ,0, ,N, ,3, , , , , , , , , ,2,2,0,0,0,0,0,0,0,0,0,4,4,0,0,0,0,0,0,0,1,0,0,0,0,0,0,0,0,0,0,0,0,0,0,4,0,40.012,-75.176, , 
31855,338815,2015098162,6,67,67301,2015,8,6,1832,18,1,1,0,1,1, , ,N,0,0,0,3,0,1,3,2,N,N,39 53:54.013,75 10:54.998,1856, ,1834, ,0, ,N, ,0, , , , , , , , , ,2,1,0,0,0,0,1,0,0,0,0,0,1,1,0,0,0,0,0,0,1,0,0,0,0,0,0,0,0,0,0,0,0,0,0,8,0,39.8983,-75.1819, , 
31856,338842,2015081140,6,67,67301,2015,7,4,9999,99,1,1,0,6,6, , ,N,0,0,0,3,0,1,2,4,N,N,39 58:59.624,75 06:19.263,9999, ,9999, ,0, ,N, ,0, , , , , , , , , ,4,2,0,0,1,0,1,0,0,0,0,0,1,1,0,0,0,0,0,0,0,0,0,0,0,0,0,0,0,0,0,0,0,0,0,8,0,39.9832,-75.1054, , 
31857,338855,2016006037,6,67,67301,2015,12,4,1037,10,1,2,1,8,1, , ,N,10,3,0,3,0,1,2,2,N,N,39 56:54.582,75 13:23.692,1748, ,1244, ,0, , , ,3, , , , , , , , , ,1,0,0,0,0,0,1,0,0,0,1,0,1,0,1,0,0,0,0,0,0,0,0,0,0,0,0,0,0,0,0,0,1,0,0,3,0,39.9485,-75.2232, , 
31858,338866,2015130385,6,67,67301,2015,11,5,1330,13,1,1,0,4,1, , ,N,1,2,0,3,0,1,2,2,N,N,39 58:02.378,75 14:44.992,1515, ,1506, ,0, ,N, ,3, , , , , , , , , ,2,1,0,0,0,0,0,1,0,0,0,1,1,0,0,0,0,0,0,0,1,0,0,1,0,0,0,0,0,0,0,0,0,0,0,4,0,39.9673,-75.2457, , 
31859,338868,2015131347,6,67,67301,2015,11,2,1045,10,1,1,0,8,1, , ,N,1,2,0,3,0,1,2,2,N,N,40 01:39.188,75 08:49.702,1300, ,1300, ,0, ,N, ,3, , , , , , , , , ,1,0,0,0,0,0,0,1,0,0,0,1,1,0,0,0,0,0,0,0,0,0,0,1,0,0,0,0,0,0,0,0,1,0,0,4,0,40.0276,-75.1471, , 
31860,341682,2015087464,6,67,67301,2015,5,4,2230,22,3,1,0,4,1, , ,N,1,2,0,3,0,1,2,2,N,N,39 56:27.099,75 12:45.290,0, ,0, ,0, ,N, ,3, , , , , , , , , ,2,0,0,0,0,0,1,0,0,0,0,0,1,1,0,0,0,0,0,0,0,0,0,0,0,0,0,0,0,0,0,0,0,0,0,8,0,39.9409,-75.2126, , 
31861,341688,2015098997,6,67,67301,2015,8,3,1317,13,1,1,0,1,1, , ,N,2,2,2,3,0,1,3,3,N,N,40 00:01.011,75 05:01.366,1325, ,1318,2,1,1,N, ,3,N, , , , , , , , ,3,1,0,0,0,0,1,1,0,0,0,1,1,0,0,0,0,0,0,0,0,0,0,0,0,0,0,0,0,0,0,0,0,0,0,4,0,40.0003,-75.0837, , 
31862,341689,2015099101,6,67,67301,2015,9,6,829,8,1,1,0,4,1, , ,N,1,2,0,3,0,1,2,2,N,N,40 04:50.725,75 01:42.964,829, ,829,1,1,4,N, ,3,N, , , , , , , , ,2,0,0,0,0,0,2,0,0,0,0,1,1,0,0,0,0,0,0,0,0,0,0,0,0,0,0,0,0,0,0,0,0,0,0,4,0,40.0808,-75.0284, , 
31863,341721,2015035121,6,67,67301,2015,3,5,710,7,1,4,3,6,1, , ,N,0,0,0,3,0,0,2,2,N, ,40 06:10.264,75 03:02.844,745, ,730, ,0, , , ,0, , , , , , , , , ,2,1,0,0,0,0,1,0,0,0,0,0,0,0,0,0,0,0,0,0,0,1,0,0,0,0,0,0,0,0,0,0,0,0,0,0,0,40.1029,-75.0508, , 
31864,341724,2015036652,6,67,67301,2015,3,5,1238,12,1,1,0,4,1, , ,N,1,2,0,3,0,1,2,2,N,N,39 58:22.893,75 10:55.678,1243, ,1240, ,0, ,N, ,3, , , , , , , , , ,2,1,0,0,0,0,0,1,0,0,0,1,1,0,0,0,0,0,0,0,0,0,0,0,0,0,0,0,0,0,0,0,0,0,0,4,0,39.973,-75.1821, , 
31865,341737,2015053918,6,67,67301,2015,5,3,2040,20,3,1,0,4,1, , ,N,0,0,0,3,0,1,2,2,N, ,39 55:18.868,75 10:55.030,2042, ,2040, ,0, , , ,0, , , , , , , , , ,2,1,1,0,0,0,0,0,0,0,0,1,1,0,0,0,0,0,0,1,1,0,0,0,0,0,0,0,0,0,0,0,0,0,0,4,0,39.9219,-75.182, , 
31866,341738,2015054013,6,67,67301,2015,5,7,550,5,1,1,0,7,4, , ,N,0,0,0,3,0,1,2,2,N,N,40 01:08.799,75 08:56.354,554, ,553, ,0, ,N, ,0, , , , , , , , , ,1,1,0,0,0,0,0,0,0,0,0,1,1,0,0,0,0,0,0,0,0,0,0,1,0,0,0,0,0,0,0,0,0,0,0,4,0,40.0191,-75.149, , 
31867,341747,2016001039,6,67,67301,2015,12,3,716,7,1,1,0,4,1, , ,N,1,3,0,3,0,3,4,2,N,N,40 03:16.301,75 05:26.793,716, ,716,3,2,5,N, ,3,Y, , , , , , , , ,2,1,0,0,0,0,1,0,0,0,0,0,3,3,1,0,0,0,0,0,0,0,0,1,0,0,0,0,0,0,0,0,0,0,0,8,0,40.0545,-75.0908, , 
31868,341749,2016002974,6,67,67301,2015,12,1,1010,10,1,1,0,4,1, , ,N,1,3,0,3,0,1,4,2,N,N,40 01:42.225,75 07:45.587,1020, ,1016, ,0, ,N, ,3, , , , , , , , , ,2,1,0,0,0,0,1,0,0,0,0,1,1,0,0,0,0,0,0,0,0,0,0,0,0,0,0,0,0,0,0,0,0,0,0,4,0,40.0284,-75.1293, , 
31869,341751,2016050818,6,67,67301,2015,12,7,9999,99,1,1,0,5,1, , ,N,5,2,0,3,0,1,2,2,N,N,40 01:21.651,75 08:53.543,0, ,0, ,0, ,N, ,3, , , , , , , , , ,2,1,0,0,0,0,0,0,0,0,0,0,1,1,0,0,0,0,0,0,0,0,0,0,0,0,0,0,0,0,0,0,0,0,0,8,0,40.0227,-75.1482, , 
31870,341769,2016002587,6,67,67301,2015,12,1,306,3,3,1,0,5,6, , ,N,0,0,0,3,0,0,1,2,N,N,39 56:49.588,75 08:58.873,452, ,448, ,0, ,N, ,0, , , , , , , , , ,2,0,0,0,0,0,1,0,0,0,0,0,0,0,1,0,0,0,0,0,0,0,0,0,0,0,0,0,0,0,0,0,0,0,0,9,0,39.9471,-75.1497, , 
31871,341801,2015095199,6,67,67301,2015,9,1,2010,20,3,1,0,8,1, , ,N,0,0,0,3,0,1,2,2,N,N,40 01:52.830,75 08:23.745,2030, ,2015, ,0, , , ,0, , , , , , , , , ,1,1,0,0,0,0,0,0,0,0,0,1,1,0,0,0,0,0,0,0,0,0,0,0,0,0,0,0,0,0,0,0,1,0,0,4,0,40.0313,-75.1399, , 
31872,341812,2015109261,6,67,67301,2015,10,4,1448,14,1,1,0,1,1, , ,N,2,2,0,3,0,0,4,3,N,N,40 04:32.781,74 58:45.641,1459, ,1452, ,0, ,N, ,3, , , , , , , , , ,3,3,0,0,0,0,0,0,0,0,0,0,0,0,0,0,0,0,0,0,1,0,1,0,0,0,0,0,0,0,0,0,0,0,0,0,0,40.0758,-74.9792, , 
31873,341839,2015083323,6,67,67301,2015,8,7,1450,14,1,1,0,1,1, , ,N,0,0,0,3,0,1,7,4,N,N,39 59:05.812,75 09:31.820,1500, ,1500, ,0, ,N, ,0, , , , , , , , , ,4,1,0,0,0,0,1,1,0,0,0,0,1,1,0,0,0,0,0,1,0,0,0,0,0,0,0,0,0,0,0,0,0,0,0,8,0,39.9849,-75.1588, , 
31874,341840,2015085227,6,67,67301,2015,7,6,530,5,1,1,0,4,1, , ,N,1,2,0,3,0,0,2,2,N,N,39 57:45.461,75 14:48.589,533, ,530, ,0, ,N, ,3, , , , , , , , , ,2,0,0,0,0,0,2,0,0,0,0,0,0,0,0,0,0,0,0,0,1,0,0,2,0,0,0,0,0,0,0,0,0,0,0,0,0,39.9626,-75.2468, , 
31875,341856,2015061842,6,67,67301,2015,5,1,1355,13,1,1,0,8,1, , ,N,0,0,0,3,0,1,2,2,N,N,39 56:12.174,75 11:50.071,1400, ,1355,2,1,4,N, ,0,Y, , , , , , , , ,1,1,0,0,0,0,0,0,0,0,0,1,1,0,0,0,0,0,0,0,0,0,0,0,0,0,0,0,0,0,0,0,1,0,0,4,0,39.9367,-75.1972, , 
31876,341858,2015063922,6,67,67301,2015,6,5,2220,22,3,1,0,5,1, , ,N,1,0,0,3,0,2,3,2,N,N,39 59:47.640,75 10:43.234,2228, ,2225, ,0, , , ,0, , , , , , , , , ,2,1,0,0,0,0,0,0,0,0,0,1,2,1,1,0,0,0,0,0,0,0,0,0,0,0,0,0,0,0,0,0,0,0,0,4,0,39.9966,-75.1787, , 
31877,341862,2015066322,6,67,67301,2015,6,3,1350,13,1,1,0,4,1, , ,N,1,2,0,3,0,1,3,2,N,N,39 58:24.945,75 09:06.901,1355, ,1351, ,0, ,N, ,3, , , , , , , , , ,2,1,0,0,0,0,1,0,0,0,0,1,1,0,0,0,0,0,0,0,0,0,1,0,0,0,0,0,0,0,0,0,0,0,0,4,0,39.9736,-75.1519, , 
31878,375374,2015131274,6,67,67301,2015,11,1,1925,19,3,1,0,8,1, , ,N,0,0,0,3,0,1,2,2,N,N,40 00:34.834,75 09:16.279,1943, ,1941, ,0, ,N, ,0, , , , , , , , , ,1,0,0,0,0,0,0,1,0,0,0,1,1,0,1,0,0,0,0,0,0,0,0,0,0,0,0,0,0,0,0,0,1,0,0,4,0,40.0097,-75.1545, , 
31879,375384,2015131215,6,67,67301,2015,11,1,1728,17,3,1,0,7,4, , ,N,0,0,0,3,0,2,2,2,N,N,39 54:58.088,75 13:13.173,1732, ,1730, ,0, ,N, ,0, , , , , , , , , ,2,2,0,0,0,0,0,0,0,0,0,0,2,2,0,0,0,0,0,0,0,0,0,0,0,0,0,0,0,0,0,0,0,0,0,8,0,39.9161,-75.2203, , 
31880,375391,2016007573,6,67,67301,2015,12,4,1142,11,1,1,0,7,5, , ,N,0,0,0,3,0,1,1,1,N,N,40 03:28.800,75 11:12.591,1230, ,1225, ,0, ,N, ,0, , , , , , , , , ,1,1,0,0,0,0,0,0,0,0,0,0,1,1,0,0,0,0,0,0,0,1,0,0,0,0,0,0,0,0,0,0,0,0,0,8,0,40.058,-75.1868, , 
31881,375415,2015130127,6,67,67301,2015,11,2,738,7,1,1,0,8,1, , ,N,1,2,0,3,0,1,2,2,N, ,40 04:05.300,75 03:39.909,740, ,738, ,0, , , ,3, , , , , , , , , ,1,0,0,0,0,0,1,0,0,0,0,1,1,0,0,0,0,0,0,0,1,0,0,0,0,0,0,0,0,0,0,0,1,0,0,4,0,40.0681,-75.0611, , 
31882,375416,2015130151,6,67,67301,2015,11,3,1100,11,1,1,0,4,1, , ,N,2,2,7,3,0,0,3,2,N,N,39 54:23.986,75 11:00.103,1115, ,1110, ,0, ,N, ,3, , , , , , , , , ,2,1,0,0,0,1,0,0,0,0,0,0,0,0,0,0,0,0,0,0,0,1,0,0,0,0,0,0,0,0,0,0,0,0,0,0,1,39.9067,-75.1834, , 
31883,375423,2015136773,6,67,67301,2015,11,3,1840,18,3,1,0,7,4, , ,N,0,0,0,3,1,1,2,1,N,N,40 01:44.106,75 06:27.897,1844, ,1842,2,2,2,N,0,0,Y, , , , , , , , ,1,1,0,0,0,0,0,0,0,1,0,0,1,0,0,0,0,0,0,0,0,0,0,0,0,0,0,0,0,0,0,0,0,0,0,1,0,40.0289,-75.1077,2, 
31884,375424,2015137077,6,67,67301,2015,11,6,1035,10,1,1,0,1,6, , ,N,0,0,0,3,0,1,4,2,N,N,40 02:22.265,75 02:44.734,1048, ,1042, ,0, ,N, ,0, , , , , , , , , ,2,1,0,0,0,1,0,0,0,0,1,0,1,0,0,0,0,0,0,0,0,0,0,0,0,0,0,0,0,0,0,0,0,0,0,3,0,40.0395,-75.0458, , 
31885,375433,2015120100,6,67,67301,2015,10,4,757,7,1,2,1,4,1, , ,N,2,3,0,3,0,3,3,3,N,N,40 01:47.072,75 04:25.252,803, ,800,2,1,2,N, ,3,N, , , , , , , , ,3,1,0,1,0,0,0,1,0,0,0,0,3,3,0,0,0,0,0,0,1,0,0,0,0,0,0,0,0,0,0,0,0,0,0,8,1,40.0297,-75.0737, , 
31886,375439,2015128660,6,67,67301,2015,11,4,2100,21,3,1,0,1,1, , ,N,1,2,0,3,0,1,2,2,N, ,40 03:17.072,75 00:17.300,9999, ,9999, ,0, , , ,3, , , , , , , , , ,2,0,0,0,1,0,1,0,0,0,0,1,1,0,1,0,0,0,0,0,1,1,0,0,0,0,0,0,0,0,0,0,0,0,0,4,0,40.0547,-75.0048, , 
31887,375440,2015128681,6,67,67301,2015,11,2,1310,13,1,1,0,4,1, , ,N,0,0,0,3,0,1,2,2,N,N,40 02:13.285,75 02:24.066,1318, ,1315, ,0, ,N, ,0, , , , , , , , , ,2,1,0,0,0,0,1,0,0,0,0,1,1,0,0,0,0,0,0,0,1,0,0,0,0,0,0,0,0,0,0,0,0,0,0,4,0,40.037,-75.04, , 
31888,375456,2016007510,6,67,67301,2015,12,1,205,2,3,2,1,7,5, , ,N,0,0,0,3,0,0,1,1,N,N,39 59:46.100,75 12:06.900,220, ,218, ,0, ,N, ,0, , , , , , , , , ,1,1,0,0,0,0,0,0,0,0,0,0,0,0,0,0,0,0,0,0,0,0,0,0,0,0,0,0,0,0,0,0,0,0,0,0,0,39.9961,-75.2019, , 
31889,375466,2015133753,6,67,67301,2015,12,3,1750,17,3,2,1,1,1, , ,N,0,0,0,3,0,1,2,2,N,N,40 06:30.070,74 59:46.086,1805, ,1754,1,1,1, , ,0,N, , , , , , , , ,2,2,0,0,0,0,0,0,0,0,0,1,1,0,0,0,0,0,0,0,1,0,0,0,0,0,0,0,0,0,0,0,0,0,0,4,0,40.1084,-74.9961, , 
31890,375470,2016002620,6,67,67301,2015,12,5,1308,13,1,1,0,4,1, , ,N,1,3,0,3,0,2,3,2,N, ,39 56:03.346,75 10:06.538,1335, ,1330, ,0, , , ,3, , , , , , , , , ,2,2,0,0,0,0,0,0,0,0,0,1,2,1,0,0,0,0,0,0,0,0,0,0,0,0,0,0,0,0,0,0,0,0,0,4,0,39.9343,-75.1685, , 
31891,375504,2015117694,6,67,67301,2015,10,4,1033,10,1,2,1,6,1, , ,N,0,0,0,3,0,1,3,3,N,N,39 58:58.526,75 12:08.583,1040, ,1035,3,2,5,N, ,0,Y, , , , , , , , ,3,2,0,0,1,0,0,0,0,0,0,0,1,1,0,0,0,0,0,0,1,0,0,0,0,0,0,0,0,0,0,0,0,0,0,8,0,39.9829,-75.2024, , 
31892,375517,2016002380,6,67,67301,2015,12,6,120,1,3,6,1,4,1, , ,N,2,2,0,3,0,3,7,2,N,N,40 03:04.129,75 07:21.028,148, ,140, ,0, ,N, ,3, , , , , , , , , ,2,2,0,0,0,0,0,0,0,0,0,3,3,0,0,0,0,0,0,0,0,0,0,0,0,0,0,0,0,0,0,0,0,0,0,4,0,40.0511,-75.1225, , 
31893,375522,2015101986,6,67,67301,2015,9,4,1614,16,1,1,0,4,1, , ,N,1,3,0,3,0,2,4,2,N,N,40 01:36.282,75 08:25.094,1730, ,1719, ,0, ,N, ,3, , , , , , , , , ,2,2,0,0,0,0,0,0,0,0,1,1,2,0,0,0,0,0,0,0,0,0,0,1,0,0,0,0,0,0,0,0,0,0,0,3,0,40.0267,-75.1403, , 
31894,375530,2015118815,6,67,67301,2015,10,7,156,1,3,1,0,5,1,1,4,Y,0,0,0,3,0,2,2,2,N,N,39 58:38.212,75 06:46.733,158,45,156, ,0, ,N, ,0, ,N,N,N,N,N,N,N,Y,2,2,0,0,0,0,0,0,0,0,0,1,2,1,0,0,0,0,0,0,0,0,0,0,0,0,0,0,0,0,0,0,0,0,0,4,0,39.9773,-75.113, , 
31895,375534,2015131219,6,67,67301,2015,11,1,2105,21,3,1,0,4,1, , ,N,2,3,0,3,0,1,2,2,N, ,40 00:03.776,75 06:42.289,9999, ,330, ,0, , , ,3, , , , , , , , , ,2,1,0,0,0,0,0,1,0,0,0,0,1,1,0,0,0,0,0,0,0,0,0,1,0,0,0,0,0,0,0,0,0,0,0,8,0,40.001,-75.1117, , 
31896,375540,2016013552,6,67,67301,2015,10,5,710,7,1,2,1,1,1, , ,N,0,0,0,3,0,1,3,3,N,N,40 01:47.820,75 11:16.380,0, ,0, ,0, ,N, ,0, , , , , , , , , ,3,0,0,0,0,0,1,0,0,0,0,0,1,1,2,0,0,0,0,0,1,0,0,0,0,0,0,0,0,0,0,0,0,0,0,8,0,40.03,-75.1879, , 
31897,375590,2015115104,6,67,67301,2015,10,1,755,7,1,1,0,5,6, , ,N,0,0,0,3,0,2,2,3,N,N,39 59:57.673,75 09:11.820,759, ,756,1,1,1,N, ,0,N, , , , , , , , ,3,2,0,0,0,0,0,1,0,0,2,0,2,0,0,0,0,0,1,0,0,0,0,0,0,0,0,0,0,0,0,0,0,0,0,3,0,39.9994,-75.1533, , 
31898,375615,2015131236,6,67,67301,2015,11,7,1709,17,3,2,1,7,4, , ,N,0,0,0,3,0,1,1,1,N,N,40 01:37.277,75 11:34.592,1720, ,1709,1,2,5,N, ,0,N, , , , , , , , ,1,1,0,0,0,0,0,0,0,0,0,1,1,0,0,0,0,0,0,0,0,0,0,0,0,0,0,0,0,0,0,0,0,0,0,4,0,40.027,-75.1929, , 
31899,375634,2016000279,6,67,67301,2015,12,2,2015,20,3,1,0,7,2, , ,N,7,0,2,3,0,0,1,1,N,N,39 57:26.617,75 08:49.702,2017, ,2015, ,0, ,N, ,0, , , , , , , , , ,1,1,0,0,0,0,0,0,0,0,0,0,0,0,0,0,0,0,0,0,0,0,0,0,0,0,0,0,0,0,0,0,0,0,0,0,0,39.9574,-75.1471, , 