objectid_1,objectid,crn,district,county,municipality,crash_year,crash_month,day_of_week,time_of_day,hour_of_day,illumination,weather,road_condition,collision_type,relation_to_road,work_zone_type,work_zone_loc,work_zone_ind,intersect_type,tcd_type,location_type,urban_rural,fatal_count,injury_count,person_count,total_units,sch_bus_ind,sch_zone_ind,latitude,longitude,arrival_tm,cons_zone_spd_lim,dispatch_tm,est_hrs_closed,lane_closed,ln_close_dir,ntfy_hiwy_maint,spec_juris_cd,tcd_func_cd,tfc_detour_ind,workers_pres,wz_close_detour,wz_flagger,wz_law_offcr_ind,wz_ln_closure,wz_moving,wz_other,wz_shlder_mdn,vehicle_count,automobile_count,motorcycle_count,bus_count,small_truck_count,heavy_truck_count,suv_count,van_count,bicycle_count,maj_inj_count,mod_inj_count,min_inj_count,tot_inj_count,unk_inj_deg_count,unk_inj_per_count,driver_count_16yr,driver_count_17yr,driver_count_18yr,driver_count_19yr,driver_count_20yr,driver_count_50_64yr,driver_count_65_74yr,driver_count_75plus,unbelted_occ_count,unb_death_count,unb_maj_inj_count,belted_death_count,belted_maj_inj_count,mcycle_death_count,mcycle_maj_inj_count,bicycle_death_count,bicycle_maj_inj_count,ped_count,ped_death_count,ped_maj_inj_count,max_severity_level,comm_veh_count,dec_lat,dec_long,rdwy_surf_type_cd,county_name
31900,375635,2016002354,6,67,67301,2015,11,3,1125,11,1,1,0,1,1, , ,N,2,2,0,3,0,2,2,2,N,N,39 59:15.701,75 12:58.133,1245, ,1129, ,0, ,N, ,3, , , , , , , , , ,2,1,0,0,0,0,0,1,0,0,0,0,2,2,0,0,0,0,0,1,0,0,0,2,0,0,0,0,0,0,0,0,0,0,0,8,0,39.9877,-75.2161, , 
31901,375636,2016002365,6,67,67301,2015,12,6,326,3,3,1,0,4,1, , ,N,0,0,0,3,0,0,2,2,N, ,39 53:29.475,75 14:32.742,350, ,348, ,0, , , ,0, , , , , , , , , ,2,2,0,0,0,0,0,0,0,0,0,0,0,0,0,0,0,0,0,0,0,0,0,0,0,0,0,0,0,0,0,0,0,0,0,0,0,39.8915,-75.2424, , 
31902,375640,2015114612,6,67,67301,2015,10,7,412,4,3,1,0,7,4, , ,N,0,0,0,3,0,2,2,1,N,N,40 05:11.559,74 59:11.976,429, ,426,2,2,1,N, ,0,Y, , , , , , , , ,1,1,0,0,0,0,0,0,0,0,2,0,2,0,0,0,0,0,1,0,0,0,0,0,0,0,0,0,0,0,0,0,0,0,0,3,0,40.0865,-74.9867, , 
31903,375662,2016007571,6,67,67301,2015,12,4,205,2,3,6,1,4,1, , ,N,1,2,0,3,0,0,2,2,N,N,40 05:45.431,74 58:36.412,211, ,211, ,0, , , ,2, , , , , , , , , ,2,1,0,0,1,0,0,0,0,0,0,0,0,0,0,0,0,0,0,0,0,0,0,0,0,0,0,0,0,0,0,0,0,0,0,0,0,40.096,-74.9768, , 
31904,375663,2015099519,6,67,67301,2015,9,3,1245,12,1,1,0,1,1, , ,N,0,2,0,3,0,2,3,2,N,N,40 01:42.493,75 06:32.922,1255, ,1247, ,0, , , ,3, , , , , , , , , ,2,2,0,0,0,0,0,0,0,0,0,1,2,1,0,0,0,0,0,0,0,0,0,0,0,0,0,0,0,0,0,0,0,0,0,4,0,40.0285,-75.1091, , 
31905,375686,2015115063,6,67,67301,2015,10,5,1010,10,1,1,0,5,1, , ,N,5,2,0,3,0,0,2,2,N,N,39 58:44.355,75 07:06.978,1018, ,1014, ,0, ,N, ,3, , , , , , , , , ,2,1,0,0,0,0,0,1,0,0,0,0,0,0,0,0,0,0,0,0,0,0,0,0,0,0,0,0,0,0,0,0,0,0,0,0,0,39.979,-75.1186, , 
31906,375691,2015117585,6,67,67301,2015,10,3,12,0,3,1,0,4,1, , ,N,1,2,0,3,0,1,2,2,N,N,40 01:34.401,75 07:02.499,15, ,12,2,1,1,N, ,3,N, , , , , , , , ,2,2,0,0,0,0,0,0,0,0,0,1,1,0,0,0,0,0,0,0,0,0,0,0,0,0,0,0,0,0,0,0,0,0,0,4,0,40.0264,-75.1172, , 
31907,375712,2015128688,6,67,67301,2015,11,4,740,7,1,1,0,5,1, , ,N,0,0,0,3,0,1,2,2,N,N,40 02:23.323,75 06:37.521,747, ,743,2,2,6, , ,0,Y, , , , , , , , ,2,0,0,0,0,0,2,0,0,0,0,1,1,0,0,0,0,0,0,0,1,0,0,0,0,0,0,0,0,0,0,0,0,0,0,4,0,40.0398,-75.1104, , 
31908,375721,2016002791,6,67,67301,2015,12,6,1311,13,1,1,0,0,1, , ,N,0,0,2,3,0,1,1,1,N,N,39 55:49.053,75 08:44.106,1358, ,1312,2,1,2,N, ,0,N, , , , , , , , ,1,0,1,0,0,0,0,0,0,0,0,0,1,1,0,0,0,0,0,0,0,0,0,0,0,0,0,0,0,0,0,0,0,0,0,8,0,39.9303,-75.1456, , 
31909,375722,2016006040,6,67,67301,2015,12,6,745,7,1,1,0,6,6, , ,N,0,0,0,3,0,1,1,3,N,N,39 59:03.012,75 08:15.561,745, ,745, ,0, ,N, ,0, , , , , , , , , ,3,1,0,0,1,0,1,0,0,0,0,0,1,1,0,0,0,0,0,0,0,0,0,0,0,0,0,0,0,0,0,0,0,0,0,8,0,39.9842,-75.1377, , 
31910,375723,2016014300,6,67,67301,2015,8,6,1630,16,1,1,0,5,1, , ,N,0,0,0,3,0,1,2,2,N,N,39 58:19.503,75 07:22.025,0, ,0, ,0, ,N, ,0, , , , , , , , , ,2,1,0,0,0,0,0,0,0,0,0,0,1,1,0,0,0,0,0,0,0,0,0,0,0,0,0,0,0,0,0,0,0,0,0,8,0,39.9721,-75.1228, , 
31911,375734,2015114564,6,67,67301,2015,10,7,1540,15,1,1,0,5,6, , ,N,0,0,0,3,0,0,1,4,N,N,39 57:34.710,75 11:21.497,1546, ,1545, ,0, ,N, ,0, , , , , , , , , ,4,3,0,0,0,0,0,1,0,0,0,0,0,0,0,0,0,0,0,0,1,0,0,0,0,0,0,0,0,0,0,0,0,0,0,0,0,39.9596,-75.1893, , 
31912,375749,2015129980,6,67,67301,2015,10,7,1616,16,1,1,0,4,1, , ,N,1,3,0,3,0,2,2,2,N, ,39 57:28.627,75 13:38.423,1808, ,1807, ,0, , , ,3, , , , , , , , , ,2,2,0,0,0,0,0,0,0,0,1,0,2,1,0,0,0,0,0,0,0,0,0,0,0,0,0,0,0,0,0,0,0,0,0,3,0,39.958,-75.2273, , 
31913,375761,2016002583,6,67,67301,2015,12,2,2022,20,3,2,1,4,1, , ,N,1,2,0,3,0,1,2,2,N,N,40 00:56.909,75 11:13.469,2022, ,2022,9,1,2,N, ,3,N, , , , , , , , ,2,2,0,0,0,0,0,0,0,0,0,0,1,1,0,0,0,0,0,0,0,0,0,0,0,0,0,0,0,0,0,0,0,0,0,8,0,40.0159,-75.187, , 
31914,375771,2015117615,6,67,67301,2015,10,5,1425,14,1,1,0,1,1, , ,N,0,0,0,3,0,2,3,3,N,N,40 07:43.932,75 01:27.556,1435, ,1427, ,0, ,N, ,0, , , , , , , , , ,3,1,0,0,0,1,0,1,0,0,0,2,2,0,0,0,0,0,0,0,0,1,0,3,0,0,0,0,0,0,0,0,0,0,0,4,1,40.1289,-75.0243, , 
31915,370020,2015135917,6,67,67301,2015,12,1,1430,14,1,1,0,4,1, , ,N,1,3,0,3,0,0,2,2,N,N,39 57:34.905,75 09:21.056,1440, ,1430, ,0, ,N, ,3, , , , , , , , , ,2,0,0,0,0,0,2,0,0,0,0,0,0,0,0,0,0,0,0,0,0,0,0,0,0,0,0,0,0,0,0,0,0,0,0,0,0,39.9597,-75.1558, , 
31916,370025,2016002359,6,67,67301,2015,12,3,1348,13,1,2,1,8,1, , ,N,1,2,0,3,0,1,2,2,N,N,39 56:56.688,75 09:43.661,2055, ,2047, ,0, ,N, ,3, , , , , , , , , ,1,0,0,0,0,0,1,0,0,0,0,0,1,1,1,0,0,0,0,0,0,0,0,0,0,0,0,0,0,0,0,0,1,0,0,8,0,39.9491,-75.1621, , 
31917,370026,2016002599,6,67,67301,2015,12,3,210,2,3,2,1,4,1, , ,N,1,2,0,3,0,1,2,2,N, ,39 59:30.291,75 06:46.001,220, ,218, ,0, , , ,3, , , , , , , , , ,2,1,0,0,0,0,1,0,0,0,0,1,1,0,1,0,0,0,0,0,1,0,0,0,0,0,0,0,0,0,0,0,0,0,0,4,0,39.9917,-75.1128, , 
31918,370029,2016007586,6,67,67301,2015,12,5,1906,19,3,1,0,8,1, , ,N,1,2,0,3,0,1,2,2,N,N,39 57:24.200,75 13:24.793,1927, ,1923, ,0, ,N, ,3, , , , , , , , , ,1,0,0,0,0,0,1,0,0,0,1,0,1,0,0,0,0,0,0,0,0,0,0,0,0,0,0,0,0,0,0,0,1,0,0,3,0,39.9567,-75.2236, , 
31919,370045,2015136379,6,67,67301,2015,12,1,2126,21,3,1,0,1,1, , ,N,0,0,0,3,0,2,2,2,N,N,40 00:43.506,75 10:54.722,2130, ,2128,2,1,4,N, ,0,N, , , , , , , , ,2,1,0,0,0,0,0,1,0,0,1,1,2,0,0,0,0,0,0,0,0,0,0,0,0,0,0,0,0,0,0,0,0,0,0,3,0,40.0121,-75.1819, , 
31920,370048,2016000736,6,67,67301,2015,12,3,1902,19,3,1,0,1,1, , ,N,0,0,0,3,0,0,3,3,N,N,39 56:43.550,75 11:25.829,1902, ,1902, ,0, ,N, ,0, , , , , , , , , ,3,1,0,0,0,0,2,0,0,0,0,0,0,0,1,0,0,0,0,0,0,0,0,0,0,0,0,0,0,0,0,0,0,0,0,9,0,39.9454,-75.1905, , 
31921,370054,2015109319,6,67,67301,2015,10,7,1235,12,1,1,1,4,1, , ,N,1,2,0,3,0,1,2,2,N,N,39 58:37.178,75 10:41.501,1335, ,1330, ,0, ,N, ,3, , , , , , , , , ,1,0,0,0,0,0,0,1,1,0,0,0,1,1,0,0,0,0,0,0,0,0,0,0,0,0,0,0,0,0,0,0,0,0,0,8,0,39.977,-75.1782, , 
31922,370083,2016007563,6,67,67301,2015,12,6,9999,99,3,1,0,1,1, , ,N,1,2,0,3,0,1,6,3,N,N,39 54:14.563,75 14:24.409,35, ,29, ,0, ,N, ,3, , , , , , , , , ,3,2,0,0,0,0,1,0,0,0,0,0,1,1,1,0,0,0,0,0,1,0,0,0,0,0,0,0,0,0,0,0,0,0,0,8,0,39.904,-75.2401, , 
31923,370096,2015114110,6,67,67301,2015,10,5,2305,23,3,1,0,4,1, , ,N,1,2,0,3,0,1,2,2,N,N,39 59:29.209,75 08:05.493,2350, ,2335,3,1,2,N, ,3,N, , , , , , , , ,2,1,0,0,0,0,1,0,0,0,0,1,1,0,0,0,0,0,0,0,1,0,0,0,0,0,0,0,0,0,0,0,0,0,0,4,0,39.9913,-75.1349, , 
31924,370097,2015114558,6,67,67301,2015,10,4,721,7,1,1,0,8,1, , ,N,1,2,0,3,0,1,2,2,N, ,40 01:31.232,75 10:03.294,813, ,721, ,0, , , ,3, , , , , , , , , ,1,1,0,0,0,0,0,0,0,0,0,1,1,0,0,0,0,0,0,0,0,1,0,0,0,0,0,0,0,0,0,0,1,0,0,4,0,40.0253,-75.1676, , 
31925,370100,2015117597,6,67,67301,2015,10,7,1827,18,4,1,0,7,4, , ,N,0,0,0,3,0,0,2,2,N,N,39 59:42.185,75 13:05.379,1834, ,1829, ,0, ,N, ,0, , , , , , , , , ,2,1,0,0,0,0,0,1,0,0,0,0,0,0,0,0,0,0,1,1,0,0,0,0,0,0,0,0,0,0,0,0,0,0,0,0,0,39.9951,-75.2182, , 
31926,370104,2015120095,6,67,67301,2015,10,3,1950,19,3,1,0,4,1, , ,N,2,0,0,3,0,1,2,2,N, ,39 58:03.086,75 13:52.748,1955, ,1953, ,0, , , ,0, , , , , , , , , ,1,0,0,0,0,0,1,0,1,0,0,1,1,0,0,0,0,0,0,0,1,0,0,0,0,0,0,0,0,0,0,0,0,0,0,4,0,39.9675,-75.2313, , 
31927,370110,2015130325,6,67,67301,2015,11,6,1315,13,1,1,0,7,4, , ,N,0,0,0,3,0,1,1,1,N, ,40 00:14.797,75 10:09.214,1315, ,1315, ,0, , , ,0, , , , , , , , , ,1,1,0,0,0,0,0,0,0,0,0,0,1,1,0,0,0,0,0,0,0,0,0,0,0,0,0,0,0,0,0,0,0,0,0,8,0,40.0041,-75.1692, , 
31928,370118,2015095691,6,67,67301,2015,7,2,2111,21,3,1,0,5,1, , ,N,5,2,0,3,0,1,2,2,N,N,40 01:54.382,75 06:32.605,2115, ,2112, ,0, ,N, ,3, , , , , , , , , ,2,1,0,0,1,0,0,0,0,0,0,1,1,0,0,0,0,0,0,0,0,0,0,0,0,0,0,0,0,0,0,0,0,0,0,4,0,40.0318,-75.1091, , 
31929,370158,2015130089,6,67,67301,2015,11,4,743,7,1,1,0,4,1, , ,N,1,3,0,3,0,1,2,2,N, ,39 56:13.236,75 13:57.039,828, ,819, ,0, , , ,3, , , , , , , , , ,2,2,0,0,0,0,0,0,0,0,0,1,1,0,0,0,0,0,0,0,0,0,1,0,0,0,0,0,0,0,0,0,0,0,0,4,0,39.937,-75.2325, , 
31930,370160,2015133331,6,67,67301,2015,11,3,806,8,1,1,0,1,1, , ,N,0,0,0,3,0,0,2,2,N,N,40 00:42.951,75 03:37.332,806, ,806,1,1,2,N, ,0,N, , , , , , , , ,2,2,0,0,0,0,0,0,0,0,0,0,0,0,0,0,0,0,0,0,0,1,0,0,0,0,0,0,0,0,0,0,0,0,0,0,0,40.0119,-75.0604, , 
31931,370166,2016002397,6,67,67301,2015,12,5,940,9,1,2,1,1,1, , ,N,1,2,0,3,0,1,3,2,N,N,39 58:55.079,75 14:20.664,1059, ,1041, ,0, ,N, ,3, , , , , , , , , ,2,2,0,0,0,0,0,0,0,0,0,1,1,0,0,0,0,0,0,0,0,1,0,0,0,0,0,0,0,0,0,0,0,0,0,4,0,39.982,-75.2391, , 
31932,370176,2015109353,6,67,67301,2015,10,3,2037,20,3,1,0,1,1, , ,N,2,3,2,3,0,1,2,2,N,N,39 58:23.966,75 07:22.719,2051, ,2050, ,0, ,N, ,3, , , , , , , , , ,2,1,0,0,0,0,1,0,0,0,0,0,1,1,0,0,0,0,0,0,1,0,0,0,0,0,0,0,0,0,0,0,0,0,0,8,0,39.9728,-75.1233, , 
31933,372643,2016001454,6,67,67301,2015,12,2,448,4,3,1,0,5,4, , ,N,2,0,0,3,0,1,1,2,N,N,39 58:29.201,75 13:17.575,449, ,448, ,0, ,N, ,0, , , , , , , , , ,2,1,0,0,0,0,1,0,0,0,1,0,1,0,0,0,0,0,0,0,0,0,0,1,0,0,0,0,0,0,0,0,0,0,0,3,0,39.9748,-75.2215, , 
31934,372646,2016016119,6,67,67301,2015,10,7,1630,16,1,1,0,1,1, , ,N,0,0,0,3,0,1,2,2,N,N,40 02:25.648,75 02:03.408,0, ,0, ,0, ,N, ,0, , , , , , , , , ,2,2,0,0,0,0,0,0,0,0,0,0,1,1,0,0,0,1,0,0,0,0,0,2,0,0,0,0,0,0,0,0,0,0,0,8,0,40.0405,-75.0343, , 
31935,372648,2015107462,6,67,67301,2015,9,3,1305,13,1,1,0,4,1, , ,N,0,0,7,3,0,0,3,2,N,N,39 56:13.541,75 09:40.175,1311, ,1310,1,1,4,N, ,0,N, , , , , , , , ,2,0,0,0,0,0,2,0,0,0,0,0,0,0,0,0,0,0,0,0,1,0,0,0,0,0,0,0,0,0,0,0,0,0,0,0,0,39.9371,-75.1612, , 
31936,372659,2015115122,6,67,67301,2015,10,6,9999,99,8,9,7,8,1, , ,N,0,0,0,3,0,1,2,2,N, ,39 59:58.314,75 08:13.296,1324, ,1307, ,0, , , ,0, , , , , , , , , ,1,0,0,0,0,0,0,0,0,1,0,0,1,0,1,0,0,0,0,0,0,0,0,0,0,0,0,0,0,0,0,0,1,0,1,2,0,39.9995,-75.137, , 
31937,372660,2015116154,6,67,67301,2015,10,6,1823,18,4,8,0,7,4, , ,N,0,0,0,3,0,1,1,1,N,N,40 02:56.235,75 13:09.265,1830, ,1823, ,0, ,N, ,0, , , , , , , , , ,1,1,0,0,0,0,0,0,0,0,0,1,1,0,0,0,0,0,0,0,0,0,0,1,0,0,0,0,0,0,0,0,0,0,0,4,0,40.049,-75.2192, , 
31938,372666,2015128683,6,67,67301,2015,11,4,9999,99,1,1,0,4,1, , ,N,1,3,0,3,0,0,2,2,N, ,39 55:55.228,75 09:04.715,1410, ,1405,1,1,2, , ,3,Y, , , , , , , , ,2,0,0,0,0,0,2,0,0,0,0,0,0,0,0,0,0,0,0,0,0,0,0,0,0,0,0,0,0,0,0,0,0,0,0,0,0,39.932,-75.1513, , 
31939,372669,2015130016,6,67,67301,2015,11,2,1754,17,3,1,0,8,1, , ,N,1,0,0,3,0,1,2,2,N, ,39 59:23.280,75 14:16.259,1758, ,1754, ,0, , , ,0, , , , , , , , , ,1,0,0,0,0,0,1,0,0,0,0,1,1,0,0,0,0,0,0,0,1,0,0,1,0,0,0,0,0,0,0,0,1,0,0,4,0,39.9898,-75.2378, , 
31940,372675,2016006031,6,67,67301,2015,12,5,1910,19,3,1,0,4,1, , ,N,1,2,0,3,0,0,3,3,N,N,40 04:33.706,75 10:36.476,1913, ,1912, ,0, ,N, ,3, , , , , , , , , ,3,3,0,0,0,0,0,0,0,0,0,0,0,0,3,0,0,0,1,0,0,0,0,0,0,0,0,0,0,0,0,0,0,0,0,9,0,40.076,-75.1768, , 
31941,372681,2015115099,6,67,67301,2015,10,2,1523,15,1,1,0,5,6, , ,N,0,0,0,3,0,0,1,2,N, ,39 57:33.540,75 11:33.304,1618, ,1604, ,0, , , ,0, , , , , , , , , ,2,2,0,0,0,0,0,0,0,0,0,0,0,0,0,0,0,0,0,0,0,0,0,0,0,0,0,0,0,0,0,0,0,0,0,0,0,39.9593,-75.1926, , 
31942,372693,2016007500,6,67,67301,2015,12,1,1612,16,1,1,1,8,1, , ,N,1,2,0,3,0,1,2,2,N,N,39 59:28.846,75 08:05.483,1614, ,1614, ,0, ,N, ,3, , , , , , , , , ,1,1,0,0,0,0,0,0,0,0,0,0,1,1,0,0,0,0,0,0,1,0,0,0,0,0,0,0,0,0,0,0,1,0,0,8,0,39.9913,-75.1349, , 
31943,372704,2015129979,6,67,67301,2015,11,2,1841,18,3,1,0,5,1, , ,N,1,2,0,3,0,1,2,2,N,N,39 55:14.610,75 08:29.029,1845, ,1841, ,0, ,N, ,3, , , , , , , , , ,2,0,0,0,1,1,0,0,0,0,0,0,1,1,0,0,0,0,0,0,0,0,0,0,0,0,0,0,0,0,0,0,0,0,0,8,1,39.9207,-75.1411, , 
31944,372705,2015130056,6,67,67301,2015,11,6,824,8,1,1,1,8,1, , ,N,1,3,0,3,0,1,2,2,N,N,39 58:12.104,75 12:29.649,829, ,826, ,0, ,N, ,3, , , , , , , , , ,1,0,0,0,1,0,0,0,0,1,0,0,1,0,0,0,0,0,0,0,0,0,0,1,0,0,0,0,0,0,0,0,1,0,1,2,0,39.97,-75.2082, , 
31945,372706,2015131266,6,67,67301,2015,11,3,9999,99,1,1,0,4,1, , ,N,2,0,0,3,0,2,2,2,N,N,40 02:33.126,75 05:47.626,1218, ,1218,2,1,2,N, ,0,N, , , , , , , , ,2,2,0,0,0,0,0,0,0,0,0,1,2,1,0,0,0,0,0,0,0,0,0,0,0,0,0,0,0,0,0,0,0,0,0,4,0,40.0425,-75.0966, , 
31946,372713,2016007615,6,67,67301,2015,12,2,745,7,1,1,0,1,1, , ,N,0,2,0,3,0,2,4,3,N,N,40 00:48.400,75 07:22.900,747, ,747,2,2,3,N, ,3,Y, , , , , , , , ,3,2,0,0,0,0,1,0,0,0,0,0,2,2,0,0,0,0,0,0,1,0,0,4,0,0,0,0,0,0,0,0,0,0,0,8,0,40.0134,-75.123, , 
31947,372714,2016008082,6,67,67301,2015,12,4,927,9,1,2,1,2,1, , ,N,3,0,0,3,1,31,53,2,N,N,39 56:19.874,75 12:37.107,930, ,928,3,2,7,N,0,0,Y, , , , , , , , ,2,0,0,0,0,0,1,0,0,1,0,1,31,29,0,1,0,0,0,0,0,0,0,1,0,1,0,0,0,0,0,0,0,0,0,1,0,39.9388,-75.2103,2, 
31948,372753,2015128057,6,67,67301,2015,11,2,1745,17,3,1,0,8,1, , ,N,1,2,0,3,0,1,2,2,N, ,39 56:38.806,75 09:12.563,1757, ,1752, ,0, , , ,3, , , , , , , , , ,1,1,0,0,0,0,0,0,0,0,0,0,1,1,0,0,0,0,0,0,0,1,0,0,0,0,0,0,0,0,0,0,1,0,0,8,0,39.9441,-75.1535, , 
31949,372756,2015131343,6,67,67301,2015,11,7,1437,14,1,2,1,4,1, , ,N,1,2,0,3,0,7,7,2,N,N,40 01:47.237,75 03:36.393,1444, ,1442,2,2,4,N, ,3,N, , , , , , , , ,2,1,0,0,0,0,0,1,0,0,1,6,7,0,0,0,0,0,0,0,0,0,0,0,0,0,0,0,0,0,0,0,0,0,0,3,0,40.0298,-75.0601, , 
31950,372768,2016014390,6,67,67301,2015,11,2,1000,10,1,1,0,1,1, , ,N,0,0,0,3,0,1,2,2,N,N,39 57:35.312,75 10:41.808,0, ,0, ,0, ,N, ,0, , , , , , , , , ,2,0,0,0,1,1,0,0,0,0,0,0,1,1,1,0,0,0,0,0,0,1,0,0,0,0,0,0,0,0,0,0,0,0,0,8,1,39.9598,-75.1783, , 
31951,375811,2015108545,6,67,67301,2015,10,2,202,2,3,1,0,7,4, , ,N,0,8,2,3,0,0,1,1,N,N,39 57:20.018,75 08:53.489,202, ,202, ,0, ,N, ,3, , , , , , , , , ,1,1,0,0,0,0,0,0,0,0,0,0,0,0,0,0,0,0,0,0,0,0,0,0,0,0,0,0,0,0,0,0,0,0,0,0,0,39.9556,-75.1482, , 
31952,375823,2015130340,6,67,67301,2015,10,6,2000,20,3,1,0,4,1, , ,N,1,2,0,3,0,0,4,2,N,N,39 57:12.114,75 12:58.132,2005, ,2000, ,0, ,N, ,3, , , , , , , , , ,2,1,0,0,0,0,1,0,0,0,0,0,0,0,0,0,0,0,0,0,0,0,0,0,0,0,0,0,0,0,0,0,0,0,0,0,0,39.9534,-75.2161, , 
31953,375828,2015136044,6,67,67301,2015,12,6,835,8,1,1,0,4,1, , ,N,1,3,2,3,0,0,2,2,N,N,39 59:11.983,75 12:29.919,835, ,835,1,1,5,N, ,3,N, , , , , , , , ,2,2,0,0,0,0,0,0,0,0,0,0,0,0,0,0,0,0,0,0,1,0,0,0,0,0,0,0,0,0,0,0,0,0,0,0,0,39.9867,-75.2083, , 
31954,375832,2016002327,6,67,67301,2015,12,7,1230,12,1,1,0,4,1, , ,N,1,3,0,3,0,1,4,2,N,N,39 59:53.463,75 06:04.518,1234, ,1234, ,0, ,N, ,3, , , , , , , , , ,2,1,0,0,0,0,1,0,0,0,0,0,1,1,0,0,0,0,0,0,1,0,0,0,0,0,0,0,0,0,0,0,0,0,0,8,0,39.9982,-75.1013, , 
31955,375834,2016007477,6,67,67301,2015,12,2,2149,21,3,2,1,6,1, , ,N,0,0,0,3,0,1,3,2,N,N,40 00:46.577,75 12:04.451,2156, ,2155, ,0, ,N, ,0, , , , , , , , , ,2,2,0,0,0,0,0,0,0,0,1,0,1,0,0,0,0,0,0,0,0,0,0,3,0,0,0,0,0,0,0,0,0,0,0,3,0,40.0129,-75.2012, , 
31956,375837,2015106378,6,67,67301,2015,9,5,1550,15,1,1,0,4,1, , ,N,2,2,7,3,0,1,2,2,N,N,40 00:46.755,75 12:07.063,1639, ,1622, ,0, ,N, ,3, , , , , , , , , ,2,1,0,0,0,0,1,0,0,0,0,1,1,0,0,0,0,0,0,0,1,0,0,1,0,0,0,0,0,0,0,0,0,0,0,4,0,40.013,-75.202, , 
31957,375862,2015130386,6,67,67301,2015,11,5,1730,17,4,1,0,4,1, , ,N,1,0,0,3,0,2,3,3,N,N,39 57:51.440,75 14:47.280,1735, ,1730, ,0, ,N, ,0, , , , , , , , , ,3,1,2,0,0,0,0,0,0,0,0,0,2,2,0,0,0,0,0,0,0,0,0,1,0,0,0,0,0,0,0,0,0,0,0,8,0,39.9643,-75.2464, , 
31958,375863,2015130463,6,67,67301,2015,12,6,802,8,1,1,0,7,4, , ,N,0,0,0,3,0,0,1,1,N,N,39 57:31.907,75 10:10.897,806, ,802,1,1,4,N, ,0,N, , , , , , , , ,1,0,0,0,0,0,1,0,0,0,0,0,0,0,0,0,0,0,0,0,1,0,0,0,0,0,0,0,0,0,0,0,0,0,0,0,0,39.9589,-75.1697, , 
31959,375887,2015120620,6,67,67301,2015,11,3,2140,21,2,1,0,1,1, , ,N,7,0,2,3,0,0,2,2,N,N,39 58:06.137,75 07:46.529,2147, ,2140, ,0, ,N, ,0, , , , , , , , , ,2,1,0,0,0,0,1,0,0,0,0,0,0,0,0,0,0,0,0,0,0,0,0,0,0,0,0,0,0,0,0,0,0,0,0,0,0,39.9684,-75.1296, , 
31960,375888,2015121082,6,67,67301,2015,10,6,2230,22,3,9,8,5,1, , ,N,0,0,0,3,0,1,2,2,N, ,39 56:42.304,75 08:31.352,2236, ,2233, ,0, , , ,0, , , , , , , , , ,2,1,0,0,0,0,0,0,0,0,0,1,1,0,0,0,0,0,0,0,0,0,0,1,0,0,0,0,0,0,0,0,0,0,0,4,0,39.9451,-75.142, , 
31961,375897,2015131207,6,67,67301,2015,11,6,1550,15,1,1,0,4,1, , ,N,1,3,0,3,0,1,4,2,N,N,39 58:12.414,75 14:35.300,1631, ,1630, ,0, ,N, ,3, , , , , , , , , ,2,1,0,0,0,0,1,0,0,0,0,1,1,0,0,0,0,0,0,0,1,0,1,0,0,0,0,0,0,0,0,0,0,0,0,4,0,39.9701,-75.2431, , 
31962,375923,2016000926,6,67,67301,2015,12,4,1635,16,1,1,0,4,1, , ,N,1,3,0,3,0,1,2,2,N, ,39 58:36.674,75 07:20.477,1900, ,1858, ,0, , , ,3, , , , , , , , , ,2,2,0,0,0,0,0,0,0,0,0,1,1,0,1,0,0,0,0,0,1,0,0,0,0,0,0,0,0,0,0,0,0,0,0,4,0,39.9769,-75.1224, , 
31963,375927,2015121063,6,67,67301,2015,11,5,1730,17,1,1,0,1,1, , ,N,0,0,0,3,0,1,3,3,N, ,40 00:43.109,75 03:32.877,1935, ,1933, ,0, , , ,0, , , , , , , , , ,3,2,0,0,0,0,1,0,0,0,0,1,1,0,2,0,0,0,1,0,1,0,0,0,0,0,0,0,0,0,0,0,0,0,0,4,0,40.012,-75.0591, , 
31964,375944,2016002552,6,67,67301,2015,12,5,1639,16,4,1,0,8,1, , ,N,1,2,0,3,0,1,2,2,N, ,39 57:27.036,75 13:02.383,1642, ,1639, ,0, , , ,3, , , , , , , , , ,1,1,0,0,0,0,0,0,0,0,0,1,1,0,0,0,0,0,0,0,0,0,0,0,0,0,0,0,0,0,0,0,1,0,0,4,0,39.9575,-75.2173, , 
31965,376003,2015110335,6,67,67301,2015,10,5,920,9,1,1,0,5,6, , ,N,0,0,0,3,0,1,2,2,N,N,40 00:54.463,75 12:27.076,945, ,930, ,0, ,N, ,0, , , , , , , , , ,2,0,0,1,0,1,0,0,0,0,1,0,1,0,0,0,0,0,0,0,0,0,0,0,0,0,0,0,0,0,0,0,0,0,0,3,2,40.0151,-75.2075, , 
31966,376006,2015112143,6,46,46102,2015,10,4,1940,19,3,1,0,4,1, , ,N,1,2,0,3,0,1,3,2,N, ,40 03:55.027,75 05:25.289,1950, ,1941, ,0, , , ,3, , , , , , , , , ,2,2,0,0,0,0,0,0,0,0,0,1,1,0,0,0,0,0,0,0,1,0,0,0,0,0,0,0,0,0,0,0,0,0,0,4,0,40.0653,-75.0904, , 