objectid_1,objectid,crn,district,county,municipality,crash_year,crash_month,day_of_week,time_of_day,hour_of_day,illumination,weather,road_condition,collision_type,relation_to_road,work_zone_type,work_zone_loc,work_zone_ind,intersect_type,tcd_type,location_type,urban_rural,fatal_count,injury_count,person_count,total_units,sch_bus_ind,sch_zone_ind,latitude,longitude,arrival_tm,cons_zone_spd_lim,dispatch_tm,est_hrs_closed,lane_closed,ln_close_dir,ntfy_hiwy_maint,spec_juris_cd,tcd_func_cd,tfc_detour_ind,workers_pres,wz_close_detour,wz_flagger,wz_law_offcr_ind,wz_ln_closure,wz_moving,wz_other,wz_shlder_mdn,vehicle_count,automobile_count,motorcycle_count,bus_count,small_truck_count,heavy_truck_count,suv_count,van_count,bicycle_count,maj_inj_count,mod_inj_count,min_inj_count,tot_inj_count,unk_inj_deg_count,unk_inj_per_count,driver_count_16yr,driver_count_17yr,driver_count_18yr,driver_count_19yr,driver_count_20yr,driver_count_50_64yr,driver_count_65_74yr,driver_count_75plus,unbelted_occ_count,unb_death_count,unb_maj_inj_count,belted_death_count,belted_maj_inj_count,mcycle_death_count,mcycle_maj_inj_count,bicycle_death_count,bicycle_maj_inj_count,ped_count,ped_death_count,ped_maj_inj_count,max_severity_level,comm_veh_count,dec_lat,dec_long,rdwy_surf_type_cd,county_name
31967,376020,2015103413,6,67,67301,2015,9,7,1802,18,1,1,0,8,1, , ,N,1,2,0,3,0,1,2,2,N,N,40 02:22.463,75 02:44.643,1808, ,1803,1,1,4,N, ,3,Y, , , , , , , , ,1,1,0,0,0,0,0,0,0,0,0,0,1,1,0,0,0,0,0,0,0,0,0,0,0,0,0,0,0,0,0,0,1,0,0,8,0,40.0395,-75.0458, , 
31968,376023,2015106457,6,67,67301,2015,9,1,9999,99,3,1,0,5,1, , ,N,2,2,0,3,0,0,2,2,N,N,39 53:40.400,75 13:46.386,334, ,327,2,1,1,N, ,3,N, , , , , , , , ,2,0,0,0,0,1,1,0,0,0,0,0,0,0,0,0,0,0,0,0,0,0,0,0,0,0,0,0,0,0,0,0,0,0,0,0,0,39.8946,-75.2296, , 
31969,380527,2015114109,6,67,67301,2015,10,6,1440,14,1,1,0,6,1, , ,N,0,0,0,3,0,4,6,4,N, ,40 02:14.971,75 08:56.923,1445, ,1440, ,0, , , ,0, , , , , , , , , ,4,1,0,0,1,1,1,0,0,0,0,0,4,4,0,0,0,0,0,0,1,0,0,0,0,0,0,0,0,0,0,0,0,0,0,8,1,40.0375,-75.1491, , 
31970,380540,2015127303,6,67,67301,2015,10,4,1050,10,1,2,1,1,1, , ,N,0,0,0,3,0,1,3,2,N, ,40 01:42.326,75 06:31.901,1105, ,1055, ,0, , , ,0, , , , , , , , , ,2,1,0,0,1,0,0,0,0,0,0,1,1,0,0,0,0,0,0,0,1,0,0,0,0,0,0,0,0,0,0,0,0,0,0,4,0,40.0284,-75.1089, , 
31971,380593,2015132716,6,67,67301,2015,12,5,1853,18,2,1,1,1,1, , ,N,0,0,0,3,0,2,2,2,N,N,40 01:33.036,75 01:39.477,1916, ,1854, ,0, ,N, ,0, , , , , , , , , ,2,2,0,0,0,0,0,0,0,0,0,1,2,1,0,0,0,0,0,0,0,0,0,0,0,0,0,0,0,0,0,0,0,0,0,4,0,40.0258,-75.0276, , 
31972,380611,2015117634,6,67,67301,2015,10,4,2226,22,3,2,1,1,1, , ,N,0,0,0,3,0,0,2,2,N,N,40 01:01.451,75 12:08.640,2238, ,2227, ,0, ,N, ,0, , , , , , , , , ,2,2,0,0,0,0,0,0,0,0,0,0,0,0,0,0,0,0,0,0,0,0,0,0,0,0,0,0,0,0,0,0,0,0,0,0,0,40.0171,-75.2024, , 
31973,380618,2015127296,6,67,67301,2015,10,3,730,7,1,1,0,1,6, , ,N,0,0,0,3,0,1,3,2,N,N,39 57:34.527,75 14:02.918,736, ,732, ,0, , , ,0, , , , , , , , , ,2,1,0,0,0,1,0,0,0,0,0,1,1,0,0,0,0,0,0,0,1,0,0,1,0,0,0,0,0,0,0,0,0,0,0,4,1,39.9596,-75.2341, , 
31974,380620,2015128538,6,67,67301,2015,11,6,10,0,3,2,1,5,1, , ,N,0,0,0,3,0,3,5,2,N,N,40 00:49.149,75 10:46.516,19, ,18, ,0, , , ,0, , , , , , , , , ,2,2,0,0,0,0,0,0,0,3,0,0,3,0,0,0,0,0,0,0,0,0,0,0,0,0,0,3,0,0,0,0,0,0,0,2,0,40.0137,-75.1795, , 
31975,380621,2015130107,6,67,67301,2015,11,1,246,2,3,1,0,4,1, , ,N,0,0,7,3,0,1,2,2,N,N,39 59:48.492,75 04:28.090,246, ,246,9,1,1, , ,0,N, , , , , , , , ,2,0,1,0,0,0,1,0,0,0,1,0,1,0,0,0,0,0,0,0,1,0,0,0,0,0,0,0,0,0,0,0,0,0,0,3,0,39.9968,-75.0745, , 
31976,380622,2015130359,6,67,67301,2015,11,5,1655,16,3,1,0,1,1, , ,N,0,0,0,3,0,2,5,4,N,N,40 04:52.419,74 57:58.236,1703, ,1659, ,0, ,N, ,0, , , , , , , , , ,4,3,0,0,1,0,0,0,0,0,0,2,2,0,0,0,0,0,0,0,2,1,0,0,0,0,0,0,0,0,0,0,0,0,0,4,0,40.0812,-74.9662, , 
31977,380635,2016001015,6,67,67301,2015,12,5,1745,17,3,1,0,4,1, , ,N,1,2,0,3,0,1,2,2,N,N,40 01:45.357,75 10:53.338,1807, ,1758, ,0, , , ,3, , , , , , , , , ,1,1,0,0,0,0,0,0,1,0,0,1,1,0,0,0,0,0,0,0,0,0,0,1,0,0,0,0,0,0,0,0,0,0,0,4,0,40.0293,-75.1815, , 
31978,380637,2016007652,6,67,67301,2015,12,2,1700,17,2,1,0,2,1, , ,N,1,3,0,3,0,1,2,2,N,N,40 00:28.717,75 04:25.479,1808, ,1803, ,0, ,N, ,3, , , , , , , , , ,2,2,0,0,0,0,0,0,0,0,0,1,1,0,1,0,0,0,0,0,0,0,0,1,0,0,0,0,0,0,0,0,0,0,0,4,0,40.008,-75.0737, , 
31979,380641,2015130239,6,67,67301,2015,11,3,1445,14,1,2,1,4,1, , ,N,3,2,0,3,0,3,4,2,N,N,39 58:02.420,75 10:51.275,1450, ,1445,2,2,4,N, ,3,Y, , , , , , , , ,2,1,1,0,0,0,0,0,0,0,1,1,3,1,1,0,0,1,0,0,0,0,0,0,0,0,0,0,0,0,0,0,0,0,0,3,0,39.9675,-75.181, , 
31980,380646,2016002410,6,67,67301,2015,12,3,2310,23,3,1,0,7,4, , ,N,0,0,0,3,0,1,1,2,N,N,40 02:41.704,75 03:14.424,2320, ,2315,3,2,2,N, ,0,N, , , , , , , , ,1,1,0,0,0,0,0,0,0,0,0,0,1,1,0,0,0,0,1,0,0,0,0,0,0,0,0,0,0,0,0,0,0,0,0,8,0,40.0449,-75.054, , 
31981,380670,2015130119,6,67,67301,2015,11,1,135,1,3,1,0,4,1, , ,N,5,2,2,3,0,0,2,2,N,N,39 57:11.151,75 10:54.540,140, ,137, ,0, ,N, ,3, , , , , , , , , ,2,2,0,0,0,0,0,0,0,0,0,0,0,0,0,0,0,0,1,0,0,0,0,0,0,0,0,0,0,0,0,0,0,0,0,0,0,39.9531,-75.1819, , 
31982,380677,2016002594,6,67,67301,2015,12,4,2235,22,3,1,0,1,1, , ,N,2,0,0,3,0,1,3,4,N,N,40 02:32.812,75 07:11.600,2241, ,2241, ,0, ,N, ,0, , , , , , , , , ,4,3,0,0,0,0,1,0,0,0,0,0,1,1,1,0,0,0,0,0,0,0,0,0,0,0,0,0,0,0,0,0,0,0,0,8,0,40.0424,-75.1199, , 
31983,380678,2016002985,6,67,67301,2015,12,1,110,1,6,1,0,5,6, , ,N,0,0,0,3,0,0,1,3,N,N,40 00:21.326,75 08:53.926,120, ,110,1,2,5,N, ,0,Y, , , , , , , , ,3,2,0,0,0,0,1,0,0,0,0,0,0,0,1,0,0,0,0,0,0,0,0,0,0,0,0,0,0,0,0,0,0,0,0,9,0,40.0059,-75.1483, , 
31984,380685,2015103281,6,67,67301,2015,9,7,313,3,3,1,0,5,1, , ,N,0,0,0,3,0,1,3,3,N,N,40 03:33.667,75 04:10.383,420, ,416, ,0, , , ,0, , , , , , , , , ,3,1,0,0,0,0,2,0,0,0,0,1,1,0,0,0,0,0,0,0,0,0,0,0,0,0,0,0,0,0,0,0,0,0,0,4,0,40.0594,-75.0696, , 
31985,380686,2015103336,6,67,67301,2015,9,5,809,8,1,1,0,7,4, , ,N,0,0,0,3,0,1,1,1,N, ,40 02:19.760,75 02:06.390,815, ,813,1,1,1, , ,0,N, , , , , , , , ,1,1,0,0,0,0,0,0,0,0,0,1,1,0,0,0,0,0,0,0,0,0,0,0,0,0,0,0,0,0,0,0,0,0,0,4,0,40.0388,-75.0351, , 
31986,380693,2015112153,6,67,67301,2015,10,1,50,0,3,1,0,8,1, , ,N,1,2,0,3,0,1,2,2,N, ,39 55:22.123,75 14:08.509,55, ,55, ,0, , , ,3, , , , , , , , , ,1,1,0,0,0,0,0,0,0,0,0,1,1,0,0,0,0,0,0,0,0,0,0,0,0,0,0,0,0,0,0,0,1,0,0,4,0,39.9228,-75.2357, , 
31987,370177,2015109361,6,67,67301,2015,10,6,1830,18,3,2,1,1,1, , ,N,0,2,0,3,0,1,2,2,N, ,40 00:27.488,75 07:36.223,1045, ,1045, ,0, , , ,3, , , , , , , , , ,2,1,0,0,0,0,1,0,0,0,0,0,1,1,0,0,0,0,0,0,1,0,0,0,0,0,0,0,0,0,0,0,0,0,0,8,0,40.0076,-75.1267, , 
31988,370180,2015112136,6,67,67301,2015,10,6,2000,20,3,2,1,4,1, , ,N,3,0,0,3,0,1,2,2,N, ,39 55:37.231,75 14:36.560,2035, ,2032, ,0, , , ,0, , , , , , , , , ,2,0,0,0,0,0,1,1,0,0,1,0,1,0,0,0,0,0,0,0,0,0,0,0,0,0,0,0,0,0,0,0,0,0,0,3,0,39.927,-75.2435, , 
31989,370196,2015125962,6,67,67301,2015,12,5,2215,22,3,1,0,4,1, , ,N,1,2,0,3,0,0,5,2,N,N,39 59:11.522,75 09:28.418,17, ,15,2,2,2,Y, ,3,Y, , , , , , , , ,2,1,0,0,0,0,0,1,0,0,0,0,0,0,0,0,0,0,1,0,0,0,0,0,0,0,0,0,0,0,0,0,0,0,0,0,0,39.9865,-75.1579, , 
31990,370206,2016002403,6,67,67301,2015,12,1,2340,23,3,1,0,4,1, , ,N,1,3,0,3,0,1,4,2,N,N,39 59:14.287,75 14:20.983,9999, ,2357, ,0, ,N, ,3, , , , , , , , , ,2,2,0,0,0,0,0,0,0,0,0,1,1,0,3,0,0,0,0,0,0,0,0,0,0,0,0,0,0,0,0,0,0,0,0,4,0,39.9873,-75.2392, , 
31991,370208,2016005587,6,67,67301,2015,12,3,1804,18,3,2,1,8,1, , ,N,1,2,0,3,0,2,3,3,N, ,40 06:03.898,74 58:27.803,1808, ,1804, ,0, ,N, ,3, , , , , , , , , ,1,1,0,0,0,0,0,0,0,0,0,1,2,1,0,0,0,0,0,0,0,0,0,0,0,0,0,0,0,0,0,0,2,0,0,4,0,40.1011,-74.9744, , 
31992,370231,2015131241,6,67,67301,2015,12,3,130,1,3,2,1,1,1, , ,N,5,2,0,3,0,0,6,2,N,N,40 01:29.110,75 08:58.358,134, ,134, ,0, ,N, ,3, , , , , , , , , ,2,2,0,0,0,0,0,0,0,0,0,0,0,0,0,0,0,0,0,0,0,0,0,2,0,0,0,0,0,0,0,0,0,0,0,0,0,40.0248,-75.1495, , 
31993,370251,2015129963,6,67,67301,2015,11,6,645,6,1,1,0,4,1, , ,N,3,0,0,3,0,1,2,2,N,N,40 01:11.014,75 11:29.985,750, ,745, ,0, ,N, ,0, , , , , , , , , ,1,1,0,0,0,0,0,0,1,0,0,1,1,0,0,0,0,0,0,0,0,0,0,0,0,0,0,0,0,0,0,0,0,0,0,4,0,40.0198,-75.1916, , 
31994,370259,2016002611,6,67,67301,2015,12,5,1613,16,3,2,1,4,1, , ,N,2,3,0,3,0,1,2,4,N,N,40 01:52.143,75 09:02.109,9999, ,9999,2,1,3,N, ,9,Y, , , , , , , , ,4,1,0,0,0,0,3,0,0,0,1,0,1,0,1,0,0,0,0,0,0,0,0,0,0,0,0,0,0,0,0,0,0,0,0,3,0,40.0312,-75.1506, , 
31995,370265,2015115085,6,67,67301,2015,10,6,1530,15,1,1,0,7,4, , ,N,0,0,0,3,0,1,1,1,N,N,40 04:19.524,75 14:22.164,1549, ,1542, ,0, ,N, ,0, , , , , , , , , ,1,1,0,0,0,0,0,0,0,0,1,0,1,0,0,0,0,0,0,0,0,1,0,0,0,0,0,0,0,0,0,0,0,0,0,3,0,40.0721,-75.2395, , 
31996,370269,2015119723,6,67,67301,2015,11,3,1829,18,3,1,0,1,1, , ,N,0,0,0,3,0,1,2,3,N,N,40 01:18.719,75 02:22.201,1850, ,1830,1,2,2,N, ,0,N, , , , , , , , ,3,2,0,0,1,0,0,0,0,0,0,0,1,1,1,0,0,0,0,0,0,0,0,0,0,0,0,0,0,0,0,0,0,0,0,8,0,40.0219,-75.0395, , 
31997,370276,2015130271,6,67,67301,2015,11,7,9999,99,3,1,0,1,1, , ,N,0,0,0,3,0,1,2,2,N, ,40 01:25.481,75 02:50.972,0, ,9999, ,0, , , ,0, , , , , , , , , ,2,2,0,0,0,0,0,0,0,0,0,0,1,1,0,0,0,0,0,0,1,0,0,2,0,0,0,0,0,0,0,0,0,0,0,8,0,40.0237,-75.0475, , 
31998,370279,2015131220,6,67,67301,2015,11,4,1900,19,3,1,0,4,9, , ,N,1,2,0,3,0,2,3,2,N, ,40 01:37.269,75 04:31.638,1920, ,1910, ,0, , , ,9, , , , , , , , , ,2,1,0,1,0,0,0,0,0,0,0,2,2,0,0,0,0,0,0,0,1,0,0,0,0,0,0,0,0,0,0,0,0,0,0,4,1,40.027,-75.0755, , 
31999,370285,2016002982,6,67,67301,2015,12,2,1920,19,3,2,1,6,1, , ,N,0,0,0,3,0,0,2,2,N, ,39 58:12.745,75 11:22.284,1928, ,1920, ,0, , , ,0, , , , , , , , , ,2,2,0,0,0,0,0,0,0,0,0,0,0,0,0,0,0,0,0,0,0,1,0,0,0,0,0,0,0,0,0,0,0,0,0,0,0,39.9702,-75.1895, , 
32000,370287,2016008583,6,67,67301,2015,12,5,111,1,3,2,1,4,1, , ,N,1,2,0,3,0,1,3,2,N,N,39 57:43.998,75 14:33.705,112, ,111, ,0, ,N, ,3, , , , , , , , , ,2,1,0,0,0,0,0,1,0,0,0,0,1,1,0,0,0,1,0,0,0,0,0,0,0,0,0,0,0,0,0,0,0,0,0,8,0,39.9621,-75.2428, , 
32001,370299,2015128611,6,67,67301,2015,11,5,1718,17,3,2,1,4,1, , ,N,2,2,0,3,0,2,3,2,N,N,39 56:24.382,75 12:02.446,1719, ,1719, ,0, ,N, ,3, , , , , , , , , ,2,0,0,0,1,0,1,0,0,0,0,0,2,2,0,0,0,0,0,0,1,0,0,1,0,0,0,0,0,0,0,0,0,0,0,8,0,39.9401,-75.2007, , 
32002,370349,2015115030,6,67,67301,2015,9,2,1700,17,1,1,0,4,1, , ,N,1,2,0,3,0,1,2,2,N,N,39 57:19.798,75 12:49.215,1705, ,1700, ,0, ,N, ,3, , , , , , , , , ,1,0,0,0,0,0,1,0,1,0,0,1,1,0,0,0,0,0,0,0,0,0,0,0,0,0,0,0,0,0,0,0,0,0,0,4,0,39.9555,-75.2136, , 
32003,370365,2015135909,6,67,67301,2015,12,7,934,9,1,1,0,4,1, , ,N,1,3,0,3,0,1,4,2,N, ,39 57:45.834,75 12:13.931,1016, ,947, ,0, , , ,3, , , , , , , , , ,2,1,0,0,0,0,0,1,0,0,0,0,1,1,0,0,0,0,0,0,1,0,0,0,0,0,0,0,0,0,0,0,0,0,0,8,0,39.9627,-75.2039, , 
32004,370367,2016007633,6,67,67301,2015,12,4,1830,18,6,9,8,8,1, , ,N,1,2,0,3,0,1,2,2,N,N,39 58:58.770,75 06:05.073,1420, ,1820, ,0, ,N, ,9, , , , , , , , , ,1,0,0,0,0,1,0,0,0,0,0,1,1,0,0,0,0,0,0,0,0,0,0,0,0,0,0,0,0,0,0,0,1,0,0,4,1,39.983,-75.1014, , 
32005,372779,2015117640,6,67,67301,2015,10,4,1934,19,3,2,1,8,1, , ,N,1,2,0,3,0,1,2,2,N,N,39 57:19.425,75 09:21.185,1938, ,1936,1,1,3,N, ,3,N, , , , , , , , ,1,0,0,0,0,0,1,0,0,0,0,0,1,1,0,0,0,0,0,0,1,0,0,0,0,0,0,0,0,0,0,0,1,0,0,8,0,39.9554,-75.1559, , 
32006,372795,2015128634,6,67,67301,2015,11,4,1645,16,3,1,0,8,1, , ,N,1,2,0,3,0,1,3,2,N,N,40 00:59.814,75 08:49.815,1700, ,1655, ,0, ,N, ,3, , , , , , , , , ,1,0,0,0,0,0,0,1,0,0,0,0,1,1,0,0,0,0,0,0,0,0,0,2,0,0,0,0,0,0,0,0,1,0,0,8,0,40.0166,-75.1472, , 
32007,372808,2016002374,6,67,67301,2015,12,7,55,0,3,1,0,1,1, , ,N,1,2,0,3,0,1,3,2,N,N,40 01:38.505,75 05:56.834,105, ,55, ,0, ,N, ,9, , , , , , , , , ,2,0,0,1,0,0,0,1,0,0,0,1,1,0,1,0,0,0,0,0,0,0,0,0,0,0,0,0,0,0,0,0,0,0,0,4,1,40.0274,-75.0991, , 
32008,372819,2015131240,6,67,67301,2015,11,3,845,8,1,1,0,1,1, , ,N,1,2,0,3,0,1,2,2,N, ,40 02:34.113,75 03:47.339,9999, ,9999, ,0, , , ,3, , , , , , , , , ,2,1,0,0,0,0,1,0,0,0,0,1,1,0,0,0,0,0,0,0,0,0,1,0,0,0,0,0,0,0,0,0,0,0,0,4,0,40.0428,-75.0631, , 
32009,372822,2015133744,6,67,67301,2015,11,7,1735,17,3,1,0,7,4, , ,N,0,0,0,3,0,1,1,1,N, ,39 56:26.295,75 12:08.783,1742, ,1740, ,0, , , ,0, , , , , , , , , ,1,1,0,0,0,0,0,0,0,0,0,0,1,1,0,0,0,0,0,0,0,1,0,0,0,0,0,0,0,0,0,0,0,0,0,8,0,39.9406,-75.2024, , 
32010,372823,2015133767,6,67,67301,2015,11,5,9999,99,3,2,1,7,4, , ,N,0,0,0,3,0,0,2,1,N,N,39 57:24.801,75 08:56.419,555, ,9999,1,1,2,N, ,0,N, , , , , , , , ,1,0,0,0,0,0,1,0,0,0,0,0,0,0,0,0,0,0,0,0,0,0,0,1,0,0,0,0,0,0,0,0,0,0,0,0,0,39.9569,-75.149, , 
32011,372828,2016002984,6,67,67301,2015,12,3,845,8,1,1,0,1,1, , ,N,0,0,0,3,0,0,4,3,N,N,40 00:33.442,75 07:19.825,850, ,847,1,1,2,N, ,0,N, , , , , , , , ,3,2,0,0,1,0,0,0,0,0,0,0,0,0,0,0,0,0,0,0,0,0,0,0,0,0,0,0,0,0,0,0,0,0,0,0,0,40.0093,-75.1222, , 
32012,372834,2015114627,6,67,67301,2015,10,4,127,1,3,1,0,1,1, , ,N,1,2,0,3,0,1,5,3,N,N,40 00:57.144,75 09:13.828,134, ,128, ,0, ,N, ,3, , , , , , , , , ,3,3,0,0,0,0,0,0,0,0,0,1,1,0,0,0,0,0,0,0,0,0,0,1,0,0,0,0,0,0,0,0,0,0,0,4,0,40.0159,-75.1538, , 
32013,372839,2015120991,6,67,67301,2015,10,4,850,8,1,2,2,0,1, , ,N,0,0,0,3,0,1,1,1,N, ,40 02:12.055,75 05:14.236,858, ,855, ,0, , , ,0, , , , , , , , , ,1,0,1,0,0,0,0,0,0,0,1,0,1,0,0,0,0,0,0,0,0,0,0,0,0,0,0,0,0,0,0,0,0,0,0,3,0,40.0367,-75.0873, , 
32014,372855,2016007614,6,67,67301,2015,12,4,1602,16,3,2,1,8,1, , ,N,2,2,7,3,0,1,2,2,N,N,40 02:24.310,75 13:27.374,1604, ,1604, ,0, ,N, ,3, , , , , , , , , ,1,1,0,0,0,0,0,0,0,0,0,1,1,0,0,0,0,0,0,0,0,0,0,0,0,0,0,0,0,0,0,0,1,0,0,4,0,40.0401,-75.2243, , 
32015,372856,2016017013,6,67,67301,2015,12,4,2230,22,3,2,1,4,1, , ,N,1,2,0,3,0,3,4,3,N,N,39 57:32.256,75 14:07.331,2240, ,2234, ,0, ,N, ,3, , , , , , , , , ,3,3,0,0,0,0,0,0,0,0,0,3,3,0,0,0,0,1,0,0,0,0,0,0,0,0,0,0,0,0,0,0,0,0,0,4,0,39.959,-75.2354, , 
32016,372863,2015121018,6,67,67301,2015,11,5,2016,20,3,1,0,4,1, , ,N,1,3,0,3,0,0,2,2,N,N,40 03:28.078,75 11:05.536,2115, ,2112, ,0, ,N, ,3, , , , , , , , , ,2,1,0,0,0,0,1,0,0,0,0,0,0,0,0,0,0,0,0,1,0,0,0,1,0,0,0,0,0,0,0,0,0,0,0,0,0,40.0578,-75.1849, , 
32017,372869,2015131303,6,67,67301,2015,11,2,840,8,1,1,0,1,6, , ,N,0,0,0,3,0,1,1,2,N, ,39 55:14.659,75 12:52.863,855, ,852,1,1,2, , ,0,N, , , , , , , , ,2,2,0,0,0,0,0,0,0,0,0,1,1,0,0,0,0,0,0,0,0,0,0,1,0,0,0,0,0,0,0,0,0,0,0,4,0,39.9207,-75.2147, , 
32018,372870,2015131405,6,67,67301,2015,11,2,2016,20,3,1,0,1,1, , ,N,0,0,0,3,0,2,5,2,N,N,39 58:01.856,75 11:17.846,2142, ,2139, ,0, ,N, ,0, , , , , , , , , ,2,1,0,0,0,1,0,0,0,0,0,2,2,0,0,0,0,0,0,0,0,0,0,0,0,0,0,0,0,0,0,0,0,0,0,4,1,39.9672,-75.1883, , 
32019,372883,2015133905,6,67,67301,2015,12,2,924,9,1,1,0,5,7, , ,N,6,4,2,3,0,0,2,2,N,N,39 58:35.544,75 06:51.844,2300, ,1002, ,0, ,N, ,3, , , , , , , , , ,2,1,0,0,0,1,0,0,0,0,0,0,0,0,0,0,0,0,0,0,0,0,0,0,0,0,0,0,0,0,0,0,0,0,0,0,1,39.9765,-75.1144, , 
32020,372888,2016006036,6,67,67301,2015,12,3,250,2,3,2,1,7,2, , ,N,0,0,0,3,0,1,1,1,N,N,40 00:56.600,75 10:35.303,305, ,254, ,0, ,N, ,0, , , , , , , , , ,1,1,0,0,0,0,0,0,0,0,0,1,1,0,0,0,0,0,0,0,0,0,0,0,0,0,0,0,0,0,0,0,0,0,0,4,0,40.0157,-75.1765, , 
32021,372891,2016013179,6,67,67301,2015,7,6,808,8,1,1,0,5,1, , ,N,0,0,0,3,0,1,3,3,N,N,39 57:02.907,75 09:04.324,0, ,0, ,0, ,N, ,0, , , , , , , , , ,3,0,0,0,0,0,3,0,0,0,0,0,1,1,0,0,0,0,0,0,1,0,0,0,0,0,0,0,0,0,0,0,0,0,0,8,0,39.9508,-75.1512, , 
32022,372918,2015136828,6,67,67301,2015,12,7,2245,22,3,1,0,1,1, , ,N,0,0,0,3,0,0,3,2,N,N,40 02:20.022,75 00:29.761,2259, ,2247,1,2,1,N, ,0,N, , , , , , , , ,2,1,0,0,0,0,1,0,0,0,0,0,0,0,0,0,0,0,0,0,0,0,0,0,0,0,0,0,0,0,0,0,0,0,0,0,0,40.0389,-75.0083, , 
32023,378239,2016007577,6,67,67301,2015,12,5,1022,10,1,2,1,4,1, , ,N,1,2,0,3,0,2,2,2,N,N,39 57:36.739,75 14:20.898,1025, ,1022, ,0, ,N, ,3, , , , , , , , , ,2,2,0,0,0,0,0,0,0,0,0,2,2,0,0,0,0,0,0,0,1,0,0,0,0,0,0,0,0,0,0,0,0,0,0,4,0,39.9602,-75.2391, , 
32024,378243,2015114622,6,67,67301,2015,10,2,805,8,1,1,0,8,1, , ,N,0,0,0,3,0,1,2,2,N,N,39 58:56.787,75 08:22.488,809, ,808,2,2,3,N, ,0,Y, , , , , , , , ,1,1,0,0,0,0,0,0,0,0,1,0,1,0,0,0,0,0,0,0,1,0,0,0,0,0,0,0,0,0,0,0,1,0,0,3,0,39.9824,-75.1396, , 
32025,378244,2015115125,6,67,67301,2015,10,4,2145,21,3,1,0,4,1, , ,N,1,2,0,3,0,1,3,2,N,N,40 05:49.711,75 01:05.375,2153, ,2152,2,1,2,N, ,3,Y, , , , , , , , ,2,2,0,0,0,0,0,0,0,0,1,0,1,0,0,0,0,0,0,0,0,0,0,0,0,0,0,0,0,0,0,0,0,0,0,3,0,40.0971,-75.0182, , 
32026,378256,2015131307,6,67,67301,2015,12,4,811,8,1,8,1,6,1, , ,N,0,0,0,3,0,2,4,2,N, ,40 02:38.941,75 14:50.455,816, ,813, ,0, , , ,0, , , , , , , , , ,2,2,0,0,0,0,0,0,0,0,0,0,2,2,0,0,0,0,0,0,0,0,0,0,0,0,0,0,0,0,0,0,0,0,0,8,0,40.0442,-75.2473, , 
32027,378281,2015135923,6,67,67301,2015,12,7,15,0,3,1,0,8,1, , ,N,0,0,0,3,0,1,2,2,N,N,39 58:09.194,75 08:03.916,202, ,148, ,0, ,N, ,0, , , , , , , , , ,1,1,0,0,0,0,0,0,0,0,0,1,1,0,0,0,0,0,0,0,0,0,0,0,0,0,0,0,0,0,0,0,1,0,0,4,0,39.9692,-75.1344, , 
32028,378289,2016013573,6,67,67301,2015,8,6,1910,19,1,1,0,1,1, , ,N,1,2,0,3,0,1,3,3,N,N,40 00:24.350,75 07:53.666,0, ,0, ,0, ,N, ,3, , , , , , , , , ,3,1,0,0,0,0,1,0,0,0,0,0,1,1,0,0,0,0,0,0,0,1,0,0,0,0,0,0,0,0,0,0,0,0,0,8,0,40.0068,-75.1316, , 
32029,378313,2015135034,6,67,67301,2015,12,6,2300,23,3,1,1,5,1, , ,N,1,2,0,3,0,0,2,2,N,N,39 57:22.122,75 12:22.921,2321, ,2321, ,0, ,N, ,3, , , , , , , , , ,2,2,0,0,0,0,0,0,0,0,0,0,0,0,0,0,0,0,1,0,1,0,0,0,0,0,0,0,0,0,0,0,0,0,0,0,0,39.9561,-75.2064, , 
32030,378319,2015120513,6,67,67301,2015,10,3,800,8,1,1,0,8,1, , ,N,0,0,0,3,0,1,2,2,N,N,39 56:23.967,75 09:55.735,2207, ,2205, ,0, ,N, ,0, , , , , , , , , ,1,0,0,0,1,0,0,0,0,0,0,1,1,0,0,0,0,0,0,0,0,0,0,1,0,0,0,0,0,0,0,0,1,0,0,4,0,39.94,-75.1655, , 
32031,378326,2015125371,6,67,67301,2015,11,4,2150,21,3,1,0,9,1, , ,N,0,0,0,3,0,1,1,1,N,N,39 59:45.863,75 11:49.312,2159, ,2152,1,1,4,N, ,0,N, , , , , , , , ,1,0,1,0,0,0,0,0,0,0,0,0,1,1,0,0,0,0,0,0,0,0,0,0,0,0,0,0,0,0,0,0,0,0,0,8,0,39.9961,-75.197, , 
32032,378328,2015130041,6,67,67301,2015,11,5,1045,10,1,2,1,4,1, , ,N,2,3,0,3,0,1,2,2,N,N,39 59:55.740,75 09:32.515,1054, ,1048, ,0, ,N, ,3, , , , , , , , , ,2,1,0,0,0,0,0,1,0,0,0,0,1,1,0,0,0,0,0,0,1,0,0,0,0,0,0,0,0,0,0,0,0,0,0,8,0,39.9988,-75.159, , 
32033,378346,2015128624,6,67,67301,2015,11,4,2025,20,3,1,0,4,1, , ,N,1,2,0,3,0,2,4,2,N,N,39 57:15.642,75 13:26.511,2035, ,2032, ,0, ,N, ,3, , , , , , , , , ,2,1,0,0,1,0,0,0,0,0,0,1,2,1,1,0,0,0,0,0,0,1,0,2,0,0,0,0,0,0,0,0,0,0,0,4,0,39.9543,-75.224, , 