objectid_1,objectid,crn,district,county,municipality,crash_year,crash_month,day_of_week,time_of_day,hour_of_day,illumination,weather,road_condition,collision_type,relation_to_road,work_zone_type,work_zone_loc,work_zone_ind,intersect_type,tcd_type,location_type,urban_rural,fatal_count,injury_count,person_count,total_units,sch_bus_ind,sch_zone_ind,latitude,longitude,arrival_tm,cons_zone_spd_lim,dispatch_tm,est_hrs_closed,lane_closed,ln_close_dir,ntfy_hiwy_maint,spec_juris_cd,tcd_func_cd,tfc_detour_ind,workers_pres,wz_close_detour,wz_flagger,wz_law_offcr_ind,wz_ln_closure,wz_moving,wz_other,wz_shlder_mdn,vehicle_count,automobile_count,motorcycle_count,bus_count,small_truck_count,heavy_truck_count,suv_count,van_count,bicycle_count,maj_inj_count,mod_inj_count,min_inj_count,tot_inj_count,unk_inj_deg_count,unk_inj_per_count,driver_count_16yr,driver_count_17yr,driver_count_18yr,driver_count_19yr,driver_count_20yr,driver_count_50_64yr,driver_count_65_74yr,driver_count_75plus,unbelted_occ_count,unb_death_count,unb_maj_inj_count,belted_death_count,belted_maj_inj_count,mcycle_death_count,mcycle_maj_inj_count,bicycle_death_count,bicycle_maj_inj_count,ped_count,ped_death_count,ped_maj_inj_count,max_severity_level,comm_veh_count,dec_lat,dec_long,rdwy_surf_type_cd,county_name
32034,378347,2015128656,6,67,67301,2015,11,3,1820,18,3,1,0,8,1, , ,N,1,2,0,3,0,1,3,2,N,N,39 57:59.949,75 13:29.552,1823, ,1823, ,0, ,N, ,3, , , , , , , , , ,1,0,0,0,1,0,0,0,0,0,0,0,1,1,0,0,0,0,0,0,0,1,0,0,0,0,0,0,0,0,0,0,1,0,0,8,0,39.9666,-75.2249, , 
32035,378349,2015130314,6,67,67301,2015,11,5,1753,17,3,2,1,1,1, , ,N,1,2,0,3,0,1,2,2,Y,N,40 01:17.486,75 08:23.326,1805, ,1757,1,1,2,N, ,3,N, , , , , , , , ,2,1,0,1,0,0,0,0,0,0,0,1,1,0,0,0,0,0,0,0,0,0,0,0,0,0,0,0,0,0,0,0,0,0,0,4,1,40.0215,-75.1398, , 
32036,378356,2015135820,6,67,67301,2015,11,3,936,9,1,1,0,4,1, , ,N,1,2,0,3,0,0,2,2,N,N,39 56:23.459,75 12:41.033,940, ,939, ,0, , , ,3, , , , , , , , , ,2,1,0,0,0,0,1,0,0,0,0,0,0,0,0,0,0,0,0,0,0,0,0,0,0,0,0,0,0,0,0,0,0,0,0,0,0,39.9399,-75.2114, , 
32037,378357,2015136383,6,67,67301,2015,12,6,2300,23,3,1,0,7,5, , ,N,2,2,7,3,0,1,1,1,N,N,39 59:54.554,75 09:12.498,2330, ,2324, ,0, ,N, ,3, , , , , , , , , ,1,0,0,0,0,0,1,0,0,0,0,1,1,0,0,0,0,0,0,0,1,0,0,0,0,0,0,0,0,0,0,0,0,0,0,4,0,39.9985,-75.1535, , 
32038,378358,2016002622,6,67,67301,2015,12,5,1700,17,1,2,1,4,1, , ,N,1,3,0,3,0,1,2,2,N,N,40 04:01.347,75 10:24.416,1720, ,1713, ,0, ,N, ,3, , , , , , , , , ,2,2,0,0,0,0,0,0,0,0,0,1,1,0,0,0,0,0,0,0,0,0,2,0,0,0,0,0,0,0,0,0,0,0,0,4,0,40.067,-75.1734, , 
32039,378369,2015129047,6,67,67301,2015,11,3,1145,11,1,1,0,1,1, , ,N,0,0,0,3,0,1,1,2,N,Y,40 03:15.318,75 09:37.285,1152, ,1150, ,0, , , ,0, , , , , , , , , ,2,0,0,0,0,1,1,0,0,0,0,0,1,1,0,0,0,0,0,0,1,0,0,0,0,0,0,0,0,0,0,0,0,0,0,8,0,40.0543,-75.1604, , 
32040,378385,2016002617,6,67,67301,2015,12,7,625,6,1,1,0,4,4, , ,N,0,0,0,3,0,1,1,2,N,N,40 01:45.224,75 03:32.779,625, ,625, ,0, ,N, ,0, , , , , , , , , ,2,2,0,0,0,0,0,0,0,1,0,0,1,0,0,0,0,0,0,0,0,0,0,0,0,0,0,0,0,0,0,0,0,0,0,2,0,40.0292,-75.0591, , 
32041,376026,2015109557,6,67,67301,2015,10,6,1529,15,1,1,0,1,1, , ,N,0,0,1,3,0,3,4,2,N,N,39 57:02.011,75 10:59.369,1558, ,1543,2,2,4,N, ,0,N, , , , , , , , ,2,1,0,0,0,0,1,0,0,0,3,0,3,0,0,0,0,0,0,0,0,0,0,0,0,0,0,0,0,0,0,0,0,0,0,3,0,39.9506,-75.1832, , 
32042,376030,2015114549,6,67,67301,2015,9,2,1109,11,1,1,0,5,1, , ,N,2,2,0,3,0,1,2,2,N,N,39 57:12.696,75 11:07.083,1111, ,1110, ,0, ,N, ,3, , , , , , , , , ,1,1,0,0,0,0,0,0,1,0,0,0,1,1,0,0,0,0,0,0,0,0,0,0,0,0,0,0,0,0,0,0,0,0,0,8,0,39.9535,-75.1853, , 
32043,376033,2015119706,6,67,67301,2015,10,7,2355,23,3,1,0,7,4, , ,N,0,0,0,3,0,0,1,1,N,N,39 58:31.396,75 11:41.061,3, ,2357,2,1,3,N, ,0,N, , , , , , , , ,1,1,0,0,0,0,0,0,0,0,0,0,0,0,0,0,0,0,0,0,0,0,0,0,0,0,0,0,0,0,0,0,0,0,0,0,0,39.9754,-75.1947, , 
32044,376044,2015129975,6,67,67301,2015,11,7,1445,14,1,1,0,8,1, , ,N,0,0,0,3,0,1,2,2,N, ,40 00:15.056,75 10:39.938,1450, ,1445, ,0, , , ,0, , , , , , , , , ,1,1,0,0,0,0,0,0,0,0,0,1,1,0,0,0,0,0,0,0,1,0,0,1,0,0,0,0,0,0,0,0,1,0,0,4,0,40.0042,-75.1778, , 
32045,376049,2016013643,6,67,67301,2015,12,6,1445,14,1,1,0,4,1, , ,N,1,3,0,3,0,2,4,2,N,N,40 00:43.192,75 04:11.917,0, ,0, ,0, ,N, ,3, , , , , , , , , ,2,1,0,0,0,0,0,0,0,0,1,1,2,0,1,0,0,0,0,0,0,0,0,0,0,0,0,0,0,0,0,0,0,0,0,3,0,40.012,-75.07, , 
32046,376050,2016015557,6,67,67301,2015,11,5,1000,10,1,2,1,4,1, , ,N,2,3,0,3,0,1,2,2,N,N,40 00:12.117,75 06:05.648,0, ,0, ,0, ,N, ,3, , , , , , , , , ,2,2,0,0,0,0,0,0,0,0,1,0,1,0,1,0,0,0,0,0,1,0,0,0,0,0,0,0,0,0,0,0,0,0,0,3,0,40.0034,-75.1016, , 
32047,376059,2015112116,6,67,67301,2015,10,3,1558,15,1,1,0,4,1, , ,N,1,3,0,3,0,1,3,2,N,N,40 01:41.455,75 03:50.389,1605, ,1603, ,0, , , ,3, , , , , , , , , ,2,2,0,0,0,0,0,0,0,0,0,0,1,1,0,0,0,1,0,0,0,0,1,2,0,0,0,0,0,0,0,0,0,0,0,8,0,40.0282,-75.064, , 
32048,376064,2015115079,6,67,67301,2015,10,4,1145,11,1,1,0,4,1, , ,N,3,3,0,3,0,2,3,2,N,N,39 54:46.491,75 08:26.480,1157, ,1150,2,1,4,N, ,3,N, , , , , , , , ,2,1,0,0,0,0,0,1,0,0,0,0,2,2,0,0,0,0,0,0,1,0,1,0,0,0,0,0,0,0,0,0,0,0,0,8,0,39.9128,-75.1407, , 
32049,376069,2015128574,6,67,67301,2015,11,3,1530,15,1,1,0,1,1, , ,N,1,2,0,3,0,2,3,2,N,N,40 02:21.627,75 11:05.396,1532, ,1532, ,0, ,N, ,3, , , , , , , , , ,2,0,0,0,0,0,0,2,0,0,0,0,2,2,0,0,0,0,0,0,1,0,0,0,0,0,0,0,0,0,0,0,0,0,0,8,0,40.0393,-75.1848, , 
32050,376088,2015130032,6,67,67301,2015,11,5,1929,19,3,1,0,4,1, , ,N,2,3,0,3,0,0,4,2,N,N,40 03:48.970,75 12:00.871,1932, ,1932, ,0, ,N, ,3, , , , , , , , , ,2,1,0,0,0,0,1,0,0,0,0,0,0,0,0,0,0,0,0,1,0,1,0,0,0,0,0,0,0,0,0,0,0,0,0,0,0,40.0636,-75.2002, , 
32051,376113,2016016067,6,67,67301,2015,10,4,1230,12,1,1,0,1,1, , ,N,0,2,0,3,0,1,2,2,N,N,40 02:44.074,75 03:22.222,0, ,0, ,0, ,N, ,3, , , , , , , , , ,2,2,0,0,0,0,0,0,0,0,1,0,1,0,0,0,0,0,0,0,1,0,0,1,0,0,0,0,0,0,0,0,0,0,0,3,0,40.0456,-75.0562, , 
32052,376121,2016002351,6,67,67301,2015,12,4,1500,15,1,2,1,1,1, , ,N,0,0,0,3,0,1,2,2,N,N,40 00:35.900,75 10:26.800,1605, ,1600, ,0, ,N, ,0, , , , , , , , , ,2,1,0,0,0,0,0,1,0,0,0,0,1,1,1,0,0,0,0,0,1,0,0,1,0,0,0,0,0,0,0,0,0,0,0,8,0,40.01,-75.1741, , 
32053,376122,2016007642,6,67,67301,2015,12,6,1710,17,2,2,1,4,1, , ,N,1,2,0,3,0,1,4,2,N, ,40 02:43.800,75 09:53.514,1718, ,1710, ,0, , , ,3, , , , , , , , , ,2,1,0,0,0,0,1,0,0,0,0,1,1,0,1,0,0,0,0,0,0,0,1,0,0,0,0,0,0,0,0,0,0,0,0,4,0,40.0455,-75.1649, , 
32054,376132,2015117618,6,67,67301,2015,10,3,900,9,1,1,0,7,4, , ,N,1,2,0,3,0,1,1,1,N,N,40 04:57.327,74 57:57.675,908, ,904,3,2,7,Y, ,3,Y, , , , , , , , ,1,0,0,0,0,0,1,0,0,0,0,0,1,1,0,0,0,0,0,0,0,0,0,0,0,0,0,0,0,0,0,0,0,0,0,8,0,40.0826,-74.966, , 
32055,376140,2015130071,6,67,67301,2015,10,3,1614,16,1,1,0,4,1, , ,N,1,2,0,3,0,2,4,3,N,N,39 56:56.554,75 12:53.848,1620, ,1617, ,0, ,N, ,3, , , , , , , , , ,3,1,0,0,0,1,0,1,0,0,0,2,2,0,0,0,0,0,0,0,0,0,0,0,0,0,0,0,0,0,0,0,0,0,0,4,1,39.949,-75.215, , 
32056,376144,2015134133,6,67,67301,2015,12,1,830,8,1,1,0,5,1, , ,N,0,0,0,3,0,1,6,2,N,N,39 55:25.457,75 08:51.076,838, ,833,2,1,2,N, ,0,N, , , , , , , , ,2,1,0,0,0,1,0,0,0,0,0,0,1,1,0,0,0,0,0,1,0,0,0,1,0,0,0,0,0,0,0,0,0,0,0,8,0,39.9237,-75.1475, , 
32057,376146,2015135001,6,67,67301,2015,12,5,1747,17,3,2,1,4,1, , ,N,1,2,0,3,0,1,2,2,N,N,40 04:50.820,75 01:42.117,1805, ,1800,2,1,1,N, ,3,N, , , , , , , , ,2,2,0,0,0,0,0,0,0,0,1,0,1,0,0,0,0,0,0,0,0,0,0,0,0,0,0,0,0,0,0,0,0,0,0,3,0,40.0808,-75.0284, , 
32058,376155,2016007637,6,67,67301,2015,12,5,946,9,1,1,0,1,1, , ,N,0,0,0,3,0,0,2,2,N,N,40 04:12.780,75 04:13.488,1022, ,1017, ,0, ,N, ,0, , , , , , , , , ,2,1,0,0,1,0,0,0,0,0,0,0,0,0,0,0,0,0,0,0,1,0,0,0,0,0,0,0,0,0,0,0,0,0,0,0,0,40.0702,-75.0704, , 
32059,370381,2016000933,6,67,67301,2015,12,6,845,8,1,1,0,1,1, , ,N,0,0,0,3,0,0,2,2,N,N,39 54:29.444,75 11:21.024,858, ,852,1,1,4,N, ,0,N, , , , , , , , ,2,1,0,0,0,0,1,0,0,0,0,0,0,0,0,0,0,0,0,0,1,0,0,0,0,0,0,0,0,0,0,0,0,0,0,0,0,39.9082,-75.1892, , 
32060,370382,2017015981,6,67,67301,2015,12,4,1415,14,1,1,0,1,1, , ,N,0,0,3,3,0,3,4,2,N,N,40 00:58.229,75 02:46.572,0, ,0, ,0, ,N, ,0, , , , , , , , , ,2,0,0,0,0,0,1,0,0,0,2,0,3,1,0,0,0,0,0,0,1,1,0,0,0,0,0,0,0,0,0,0,0,0,0,3,0,40.0162,-75.0463, , 
32061,370395,2015106383,6,67,67301,2015,9,4,930,9,1,1,0,4,1, , ,N,1,2,0,3,0,1,2,2,N,N,39 59:09.671,75 08:29.563,1830, ,930, ,0, ,N, ,3, , , , , , , , , ,2,1,0,0,0,0,1,0,0,0,0,0,1,1,0,0,0,0,0,0,0,0,0,0,0,0,0,0,0,0,0,0,0,0,0,8,0,39.986,-75.1415, , 
32062,370409,2015118181,6,67,67301,2015,10,4,1013,10,1,6,1,8,1, , ,N,1,2,0,3,0,1,2,2,N,N,39 59:50.003,75 07:09.812,1015, ,1014, ,0, ,N, ,3, , , , , , , , , ,1,0,0,0,1,0,0,0,0,0,0,0,1,1,0,0,0,0,0,0,0,0,0,0,0,0,0,0,0,0,0,0,1,0,0,8,0,39.9972,-75.1194, , 
32063,370418,2015131315,6,67,67301,2015,11,1,1950,19,3,1,0,8,1, , ,N,0,0,0,3,0,1,2,2,N, ,40 03:13.292,75 03:17.077,1952, ,1951,2,2,5, , ,0,Y, , , , , , , , ,1,1,0,0,0,0,0,0,0,0,1,0,1,0,0,0,0,0,0,0,0,0,1,0,0,0,0,0,0,0,0,0,1,0,0,3,0,40.0537,-75.0547, , 
32064,370424,2016000280,6,67,67301,2015,12,5,48,0,3,2,1,7,3, , ,N,0,0,0,3,0,1,1,1,N,N,39 57:35.991,75 10:47.030,106, ,51,1,1,3,N, ,0,N, , , , , , , , ,1,0,0,0,0,0,1,0,0,1,0,0,1,0,0,0,0,1,0,0,0,0,0,0,0,0,0,1,0,0,0,0,0,0,0,2,0,39.96,-75.1797, , 
32065,370426,2015120206,6,67,67301,2015,11,3,2220,22,3,2,1,4,1, , ,N,0,0,0,3,0,0,1,2,N,N,39 58:43.818,75 06:34.214,2248, ,2237, ,0, ,N, ,0, , , , , , , , , ,2,1,0,0,0,0,0,0,0,0,0,0,0,0,0,0,0,0,0,0,0,0,1,0,0,0,0,0,0,0,0,0,0,0,0,0,0,39.9788,-75.1095, , 
32066,370449,2015128668,6,67,67301,2015,11,6,1845,18,3,1,0,8,1, , ,N,0,0,0,3,0,1,2,2,N,N,39 56:39.778,75 09:48.913,1905, ,1900, ,0, ,N, ,0, , , , , , , , , ,1,0,0,0,0,0,1,0,0,0,0,1,1,0,0,0,0,0,0,0,0,0,0,1,0,0,0,0,0,0,0,0,1,0,0,4,0,39.9444,-75.1636, , 
32067,370453,2015130301,6,67,67301,2015,11,6,1622,16,1,1,0,8,1, , ,N,0,0,0,3,0,1,2,2,N, ,40 01:35.500,75 05:01.400,1640, ,1635, ,0, , , ,0, , , , , , , , , ,1,1,0,0,0,0,0,0,0,0,0,1,1,0,0,0,0,0,0,0,0,0,0,0,0,0,0,0,0,0,0,0,1,0,0,4,0,40.0265,-75.0837, , 
32068,370455,2015131250,6,67,67301,2015,12,3,1839,18,3,2,1,4,1, , ,N,1,2,0,3,0,1,4,4,N,N,39 59:02.781,75 13:52.589,1841, ,1841, ,0, ,N, ,3, , , , , , , , , ,4,2,0,0,0,1,1,0,0,0,0,1,1,0,0,0,0,0,0,0,0,0,0,0,0,0,0,0,0,0,0,0,0,0,0,4,1,39.9841,-75.2313, , 
32069,370476,2015137075,6,67,67301,2015,10,5,925,9,1,1,0,1,1, , ,N,0,0,0,3,0,1,3,3,N,N,40 03:46.561,75 05:10.966,950, ,947,9,1,3,N, ,0,N, , , , , , , , ,3,1,0,0,0,0,2,0,0,0,0,1,1,0,0,0,0,0,0,0,0,0,0,0,0,0,0,0,0,0,0,0,0,0,0,4,0,40.0629,-75.0864, , 
32070,370497,2015115012,6,67,67301,2015,10,5,900,9,1,1,0,4,1, , ,N,2,2,0,3,0,1,3,2,N, ,40 01:19.837,75 13:05.894,905, ,903, ,0, , , ,3, , , , , , , , , ,1,1,0,0,0,0,0,0,1,0,0,1,1,0,0,0,0,0,0,0,0,0,1,0,0,0,0,0,0,0,0,0,0,0,0,4,0,40.0222,-75.2183, , 
32071,370498,2015115059,6,67,67301,2015,10,4,640,6,1,1,0,4,1, , ,N,1,2,0,3,0,1,2,2,N,N,39 59:45.571,75 05:31.702,650, ,645,1,1,2,N, ,3,Y, , , , , , , , ,2,0,1,0,0,0,1,0,0,0,0,0,1,1,0,0,0,0,0,2,0,0,0,1,0,0,0,0,0,0,0,0,0,0,0,8,0,39.9959,-75.0921, , 
32072,370509,2015130361,6,67,67301,2015,11,6,1200,12,1,1,0,8,1, , ,N,0,0,0,3,0,1,2,2,N,N,39 57:45.731,75 09:47.018,1210, ,1205, ,0, ,N, ,0, , , , , , , , , ,1,1,0,0,0,0,0,0,0,0,0,1,1,0,0,0,0,0,0,0,0,0,0,0,0,0,0,0,0,0,0,0,1,0,0,4,0,39.9627,-75.1631, , 
32073,370511,2015136339,6,67,67301,2015,12,3,1000,10,1,2,1,7,2, , ,N,0,0,0,3,0,1,1,1,N,N,40 05:13.555,74 58:17.087,1007, ,1007,2,1,3,Y, ,0,N, , , , , , , , ,1,1,0,0,0,0,0,0,0,0,0,0,1,1,0,0,0,0,0,1,0,0,0,0,0,0,0,0,0,0,0,0,0,0,0,8,0,40.0871,-74.9714, , 
32074,370514,2016001028,6,67,67301,2015,12,4,1516,15,1,1,0,8,1, , ,N,0,0,0,3,0,1,2,2,N,N,39 57:08.252,75 09:15.136,1638, ,1516, ,0, , , ,0, , , , , , , , , ,1,1,0,0,0,0,0,0,0,0,0,1,1,0,0,0,0,0,0,0,0,0,0,1,0,0,0,0,0,0,0,0,1,0,0,4,0,39.9523,-75.1542, , 
32075,370517,2016002580,6,67,67301,2015,12,5,1920,19,3,9,8,4,1, , ,N,1,2,0,3,0,0,2,2,N,N,40 00:14.047,75 08:57.044,1926, ,1922, ,0, ,N, ,3, , , , , , , , , ,2,2,0,0,0,0,0,0,0,0,0,0,0,0,2,0,0,0,1,0,0,0,0,0,0,0,0,0,0,0,0,0,0,0,0,9,0,40.0039,-75.1492, , 
32076,370525,2016016050,6,67,67301,2015,10,2,1800,18,3,1,0,1,1, , ,N,3,2,0,3,0,1,2,2,N,N,39 56:58.586,75 11:58.815,0, ,0, ,0, ,N, ,3, , , , , , , , , ,2,1,0,0,0,0,0,0,0,0,0,0,1,1,0,0,0,0,0,0,0,1,0,0,0,0,0,0,0,0,0,0,0,0,0,8,0,39.9496,-75.1997, , 
32077,372950,2016007566,6,67,67301,2015,12,1,140,1,3,1,0,1,1, , ,N,1,2,0,3,0,0,2,2,N,N,40 04:51.448,75 01:44.242,157, ,150, ,0, ,N, ,3, , , , , , , , , ,2,1,0,0,0,0,1,0,0,0,0,0,0,0,0,0,0,0,0,0,0,0,0,0,0,0,0,0,0,0,0,0,0,0,0,0,0,40.0809,-75.0288, , 
32078,372967,2015136388,6,67,67301,2015,12,7,110,1,3,1,0,5,6, , ,N,0,0,0,3,0,0,1,3,N,N,39 58:26.619,75 13:59.854,115, ,115, ,0, ,N, ,0, , , , , , , , , ,3,3,0,0,0,0,0,0,0,0,0,0,0,0,0,0,0,0,0,0,0,0,0,0,0,0,0,0,0,0,0,0,0,0,0,0,0,39.9741,-75.2333, , 
32079,372971,2015095798,6,67,67301,2015,8,6,1934,19,3,1,0,4,1, , ,N,1,3,0,3,0,1,2,2,N,N,40 03:46.848,75 03:18.044,1940, ,1934, ,0, ,N, ,3, , , , , , , , , ,2,1,0,0,0,0,0,1,0,0,0,1,1,0,0,0,0,0,1,0,0,0,0,0,0,0,0,0,0,0,0,0,0,0,0,4,0,40.063,-75.0549, , 
32080,373019,2015127292,6,67,67301,2015,10,4,829,8,1,2,1,5,1, , ,N,0,0,0,3,0,0,2,2,N,N,40 00:59.656,75 12:09.477,830, ,830,3,2,1,N, ,0,Y, , , , , , , , ,2,2,0,0,0,0,0,0,0,0,0,0,0,0,0,0,0,0,0,0,0,0,0,0,0,0,0,0,0,0,0,0,0,0,0,0,0,40.0166,-75.2026, , 
32081,373020,2015128674,6,67,67301,2015,11,7,2306,23,3,1,0,4,1, , ,N,1,3,0,3,0,3,4,3,N,N,40 01:43.449,75 08:38.083,2313, ,2309, ,0, ,N, ,3, , , , , , , , , ,3,2,0,0,0,0,1,0,0,0,0,0,3,3,0,0,0,0,0,0,0,0,0,0,0,0,0,0,0,0,0,0,0,0,0,8,0,40.0287,-75.1439, , 
32082,373031,2016002623,6,67,67301,2015,12,5,1450,14,1,2,1,4,1, , ,N,0,0,7,3,0,1,2,2,N,N,40 03:34.700,75 02:43.600,1515, ,1509, ,0, ,N, ,0, , , , , , , , , ,2,1,0,0,0,0,0,1,0,0,0,0,1,1,0,0,0,0,0,0,1,0,0,0,0,0,0,0,0,0,0,0,0,0,0,8,0,40.0596,-75.0454, , 
32083,373073,2015091143,6,67,67301,2015,8,5,1656,16,1,1,0,5,6, , ,N,0,0,0,3,0,0,1,2,N,N,40 03:04.905,75 05:55.787,1702, ,1700, ,0, ,N, ,0, , , , , , , , , ,2,1,0,0,0,0,1,0,0,0,0,0,0,0,1,0,0,0,0,0,0,0,0,0,0,0,0,0,0,0,0,0,0,0,0,9,0,40.0514,-75.0988, , 
32084,373074,2015091156,6,67,67301,2015,8,6,9999,99,3,1,0,4,1, , ,N,1,2,0,3,0,1,2,2,N, ,39 55:10.311,75 14:34.799,9999, ,9999, ,0, , , ,3, , , , , , , , , ,1,1,0,0,0,0,0,0,1,0,0,0,1,1,0,0,0,0,0,0,1,0,0,0,0,0,0,0,0,0,0,0,0,0,0,8,0,39.9195,-75.243, , 
32085,373076,2015128659,6,67,67301,2015,11,6,1400,14,1,1,0,4,1, , ,N,0,0,0,3,0,1,2,2,N, ,39 59:30.333,75 06:00.066,1440, ,1430, ,0, , , ,0, , , , , , , , , ,2,1,0,0,1,0,0,0,0,0,1,0,1,0,0,0,0,0,0,0,0,0,0,1,0,0,0,0,0,0,0,0,0,0,0,3,0,39.9918,-75.1, , 
32086,373100,2015107444,6,67,67301,2015,9,7,840,8,1,1,0,7,4, , ,N,0,0,0,3,0,0,2,1,N,N,40 01:13.600,75 09:17.091,850, ,845, ,0, ,N, ,0, , , , , , , , , ,1,1,0,0,0,0,0,0,0,0,0,0,0,0,0,0,0,0,0,0,0,0,0,0,0,0,0,0,0,0,0,0,0,0,0,0,0,40.0204,-75.1547, , 
32087,373122,2015117608,6,67,67301,2015,10,3,758,7,1,1,0,1,1, , ,N,1,2,0,3,0,1,5,3,N, ,39 57:29.202,75 12:33.876,1130, ,1130, ,0, , , ,3, , , , , , , , , ,3,3,0,0,0,0,0,0,0,0,0,0,1,1,2,0,0,0,0,0,2,0,0,0,0,0,0,0,0,0,0,0,0,0,0,8,0,39.958,-75.2094, , 
32088,373123,2015118187,6,67,67301,2015,10,2,1745,17,1,1,1,1,1, , ,N,0,0,0,3,0,0,2,2,N,N,39 57:10.294,75 09:42.784,1800, ,1752, ,0, ,N, ,0, , , , , , , , , ,2,1,0,0,0,0,1,0,0,0,0,0,0,0,0,0,0,0,0,0,0,0,0,0,0,0,0,0,0,0,0,0,0,0,0,0,0,39.9529,-75.1619, , 
32089,373133,2015106441,6,67,67301,2015,9,2,1030,10,1,1,0,1,1, , ,N,0,0,0,3,0,1,3,3,N,N,39 59:56.122,75 07:56.806,1630, ,1630, ,0, , , ,0, , , , , , , , , ,3,3,0,0,0,0,0,0,0,0,0,0,1,1,1,0,0,0,1,0,0,0,0,1,0,0,0,0,0,0,0,0,0,0,0,8,0,39.9989,-75.1324, , 
32090,373140,2015110857,6,67,67301,2015,10,1,1841,18,4,2,1,7,2, , ,N,0,0,0,3,0,1,1,1,N,N,39 56:44.761,75 11:24.265,1859, ,1842, ,0, ,N, ,0, , , , , , , , , ,1,1,0,0,0,0,0,0,0,0,0,0,1,1,0,0,0,0,0,0,0,0,0,0,0,0,0,0,0,0,0,0,0,0,0,8,0,39.9458,-75.1901, , 
32091,373144,2015119819,6,67,67301,2015,11,2,1938,19,3,1,0,7,4, , ,N,0,0,2,3,0,0,1,1,N,N,39 57:19.624,75 08:53.013,1940, ,1938,1,2,4,N, ,0,N, , , , , , , , ,1,0,0,0,0,0,0,1,0,0,0,0,0,0,0,0,0,0,0,0,0,0,0,0,0,0,0,0,0,0,0,0,0,0,0,0,0,39.9555,-75.1481, , 
32092,373146,2015121083,6,67,67301,2015,11,5,1810,18,3,1,0,8,1, , ,N,0,2,7,3,0,1,2,2,N,N,39 56:50.784,75 09:59.154,1818, ,1815, ,0, ,N, ,3, , , , , , , , , ,1,1,0,0,0,0,0,0,0,0,0,1,1,0,0,0,0,0,0,0,0,0,0,0,0,0,0,0,0,0,0,0,1,0,0,4,0,39.9474,-75.1664, , 
32093,373157,2015130106,6,67,67301,2015,11,7,1958,19,3,1,0,4,1, , ,N,1,2,0,3,0,5,6,2,N,N,40 00:52.928,75 03:53.895,2000, ,1959, ,0, ,N, ,3, , , , , , , , , ,2,1,0,0,0,0,1,0,0,0,0,0,5,5,0,0,0,0,0,0,0,0,0,0,0,0,0,0,0,0,0,0,0,0,0,8,0,40.0147,-75.065, , 
32094,373163,2016001457,6,67,67301,2015,12,2,1855,18,3,1,0,4,1, , ,N,0,0,0,3,0,1,3,2,N, ,40 01:55.430,75 06:22.752,1930, ,1927, ,0, , , ,0, , , , , , , , , ,1,1,0,0,0,0,0,0,1,0,0,1,1,0,0,0,0,0,0,1,0,0,0,0,0,0,0,0,0,0,0,0,0,0,0,4,0,40.0321,-75.1063, , 
32095,373189,2015118191,6,67,67301,2015,10,1,2110,21,3,1,0,4,1,8,8,Y,1,3,0,3,0,4,5,2,N,N,39 58:56.312,75 10:25.276,2118,99,2112, ,0, ,N, ,3, ,U,U,U,U,U,U,U,U,2,1,0,0,1,0,0,0,0,0,0,0,4,4,0,0,0,0,0,0,0,1,0,1,0,0,0,0,0,0,0,0,0,0,0,8,0,39.9823,-75.1737, , 
32096,378387,2016007664,6,67,67301,2015,12,6,2220,22,3,2,1,2,1, , ,N,0,0,0,3,0,0,4,2,N, ,40 02:25.990,75 12:52.300,2253, ,2220, ,0, , , ,0, , , , , , , , , ,2,2,0,0,0,0,0,0,0,0,0,0,0,0,1,0,0,0,0,0,1,0,0,0,0,0,0,0,0,0,0,0,0,0,0,9,0,40.0406,-75.2145, , 
32097,378413,2015130022,6,67,67301,2015,11,5,1151,11,1,9,1,1,1, , ,N,1,2,2,3,0,1,2,2,N,N,39 53:32.915,75 13:21.046,1357, ,1311, ,0, , , ,3, , , , , , , , , ,2,1,0,0,1,0,0,0,0,0,0,1,1,0,0,0,0,0,0,0,0,0,0,0,0,0,0,0,0,0,0,0,0,0,0,4,0,39.8925,-75.2226, , 
32098,378414,2015130224,6,67,67301,2015,1,5,1549,15,1,1,0,8,1, , ,N,0,0,0,3,0,1,3,2,N, ,39 55:01.571,75 10:16.330,1600, ,1556,2,1,1, , ,0,N, , , , , , , , ,1,0,0,0,0,0,1,0,0,1,0,0,1,0,0,0,0,0,0,0,0,0,0,0,0,0,0,0,0,0,0,0,1,0,1,2,0,39.9171,-75.1712, , 
32099,378427,2016015559,6,67,67301,2015,10,6,2317,23,3,1,0,1,1, , ,N,1,2,0,3,0,1,2,2,N,N,40 01:58.459,75 02:55.285,0, ,0, ,0, ,N, ,3, , , , , , , , , ,2,2,0,0,0,0,0,0,0,0,0,0,1,1,0,0,0,0,0,0,0,0,0,2,0,0,0,0,0,0,0,0,0,0,0,8,0,40.0329,-75.0487, , 
32100,378437,2015135856,6,67,67301,2015,12,6,1230,12,1,1,0,8,1, , ,N,1,2,0,3,0,1,2,2,N,N,40 03:11.181,75 08:59.701,1424, ,1240, ,0, ,N, ,3, , , , , , , , , ,1,0,0,0,0,0,1,0,0,0,0,1,1,0,0,0,0,0,0,0,0,0,0,1,0,0,0,0,0,0,0,0,1,0,0,4,0,40.0531,-75.1499, , 
32101,378459,2015130245,6,67,67301,2015,11,6,1320,13,1,1,0,1,1, , ,N,1,2,0,3,0,2,4,3,N,N,40 05:12.438,74 58:18.635,1335, ,1331, ,0, ,N, ,3, , , , , , , , , ,3,0,0,0,0,0,2,1,0,0,2,0,2,0,0,0,0,0,0,0,1,0,0,0,0,0,0,0,0,0,0,0,0,0,0,3,0,40.0868,-74.9718, , 