objectid_1,objectid,crn,district,county,municipality,crash_year,crash_month,day_of_week,time_of_day,hour_of_day,illumination,weather,road_condition,collision_type,relation_to_road,work_zone_type,work_zone_loc,work_zone_ind,intersect_type,tcd_type,location_type,urban_rural,fatal_count,injury_count,person_count,total_units,sch_bus_ind,sch_zone_ind,latitude,longitude,arrival_tm,cons_zone_spd_lim,dispatch_tm,est_hrs_closed,lane_closed,ln_close_dir,ntfy_hiwy_maint,spec_juris_cd,tcd_func_cd,tfc_detour_ind,workers_pres,wz_close_detour,wz_flagger,wz_law_offcr_ind,wz_ln_closure,wz_moving,wz_other,wz_shlder_mdn,vehicle_count,automobile_count,motorcycle_count,bus_count,small_truck_count,heavy_truck_count,suv_count,van_count,bicycle_count,maj_inj_count,mod_inj_count,min_inj_count,tot_inj_count,unk_inj_deg_count,unk_inj_per_count,driver_count_16yr,driver_count_17yr,driver_count_18yr,driver_count_19yr,driver_count_20yr,driver_count_50_64yr,driver_count_65_74yr,driver_count_75plus,unbelted_occ_count,unb_death_count,unb_maj_inj_count,belted_death_count,belted_maj_inj_count,mcycle_death_count,mcycle_maj_inj_count,bicycle_death_count,bicycle_maj_inj_count,ped_count,ped_death_count,ped_maj_inj_count,max_severity_level,comm_veh_count,dec_lat,dec_long,rdwy_surf_type_cd,county_name
32102,378463,2015133817,6,67,67301,2015,12,6,2015,20,3,1,0,1,1, , ,N,0,0,0,3,0,1,2,2,N,N,39 57:28.863,75 09:46.717,2027, ,2019,1,1,4,N, ,0,N, , , , , , , , ,2,1,0,0,1,0,0,0,0,0,0,0,1,1,0,0,0,0,0,0,0,0,0,0,0,0,0,0,0,0,0,0,0,0,0,8,0,39.958,-75.163, , 
32103,378464,2015133904,6,67,67301,2015,12,2,627,6,1,1,0,1,1, , ,N,0,0,0,3,0,1,2,2,N,N,40 00:36.124,75 12:23.394,636, ,630, ,0, ,N, ,0, , , , , , , , , ,2,0,0,0,0,2,0,0,0,0,0,0,1,1,0,0,0,0,0,0,0,0,0,0,0,0,0,0,0,0,0,0,0,0,0,8,2,40.01,-75.2065, , 
32104,378473,2016013944,6,67,67301,2015,12,3,1352,13,1,2,1,1,2, , ,N,0,0,0,3,0,1,1,2,N,N,39 55:32.766,75 14:38.745,1500, ,1532, ,0, ,N, ,0, , , , , , , , , ,2,2,0,0,0,0,0,0,0,0,1,0,1,0,0,0,0,0,1,0,0,0,0,0,0,0,0,0,0,0,0,0,0,0,0,3,0,39.9258,-75.2441, , 
32105,378475,2015130375,6,67,67301,2015,11,2,2141,21,3,1,0,4,1, , ,N,1,2,0,3,0,2,3,2,N, ,39 57:09.795,75 09:29.186,2142, ,2142, ,0, ,N, ,3, , , , , , , , , ,2,2,0,0,0,0,0,0,0,0,0,0,2,2,0,0,0,0,0,0,0,0,0,0,0,0,0,0,0,0,0,0,0,0,0,8,0,39.9527,-75.1581, , 
32106,378489,2015130092,6,67,67301,2015,11,5,2105,21,3,1,1,1,1, , ,N,1,2,0,3,0,0,3,3,N,N,40 01:00.708,75 08:58.113,2109, ,2106, ,0, ,N, ,3, , , , , , , , , ,3,3,0,0,0,0,0,0,0,0,0,0,0,0,0,0,0,0,0,0,0,0,0,0,0,0,0,0,0,0,0,0,0,0,0,0,0,40.0169,-75.1495, , 
32107,378493,2015135849,6,67,67301,2015,12,5,1434,14,1,1,0,4,1, , ,N,1,2,0,3,0,1,2,2,N,Y,39 57:30.397,75 14:14.901,1437, ,1434, ,0, , , ,3, , , , , , , , , ,2,0,0,0,0,0,2,0,0,0,0,0,1,1,0,0,0,0,0,0,1,0,0,1,0,0,0,0,0,0,0,0,0,0,0,8,0,39.9584,-75.2375, , 
32108,378494,2015136399,6,67,67301,2015,12,3,900,9,1,2,1,1,1, , ,N,0,0,0,3,0,1,2,2,N, ,39 59:07.899,75 12:08.005,9999, ,900,1,1,1,N, ,0,N, , , , , , , , ,2,1,0,0,0,0,1,0,0,0,0,0,1,1,0,0,0,0,0,0,0,0,0,0,0,0,0,0,0,0,0,0,0,0,0,8,0,39.9855,-75.2022, , 
32109,378499,2016007592,6,67,67301,2015,12,5,2344,23,3,1,0,6,1, , ,N,3,3,0,3,0,0,2,2,N, ,39 57:53.649,75 09:33.990,2350, ,2346, ,0, , , ,3, , , , , , , , , ,2,2,0,0,0,0,0,0,0,0,0,0,0,0,1,0,0,0,0,0,0,0,0,0,0,0,0,0,0,0,0,0,0,0,0,9,0,39.9649,-75.1594, , 
32110,378516,2015128045,6,67,67301,2015,11,7,2040,20,3,1,0,8,1, , ,N,1,2,0,3,0,1,2,2,N,N,40 04:12.010,75 09:45.872,2055, ,2046, ,0, , , ,3, , , , , , , , , ,1,0,0,0,0,0,1,0,0,0,0,0,1,1,0,0,0,0,0,0,1,0,0,0,0,0,0,0,0,0,0,0,1,0,0,8,0,40.07,-75.1627, , 
32111,378523,2015135030,6,67,67301,2015,12,6,2135,21,3,2,1,1,1, , ,N,1,2,0,3,0,0,3,2,N,N,39 57:21.085,75 11:29.255,2141, ,2136, ,0, ,N, ,3, , , , , , , , , ,2,2,0,0,0,0,0,0,0,0,0,0,0,0,0,0,0,0,0,0,1,0,0,0,0,0,0,0,0,0,0,0,0,0,0,0,0,39.9559,-75.1915, , 
32112,378533,2015119799,6,67,67301,2015,11,3,1819,18,3,1,0,4,1, , ,N,1,2,0,3,0,1,3,2,N,N,40 00:22.203,75 09:06.487,1821, ,1820, ,0, ,N, ,3, , , , , , , , , ,2,2,0,0,0,0,0,0,0,0,0,0,1,1,0,0,0,0,0,0,0,1,0,0,0,0,0,0,0,0,0,0,0,0,0,8,0,40.0062,-75.1518, , 
32113,378539,2015130341,6,67,67301,2015,11,3,1230,12,1,2,1,1,1, , ,N,1,2,0,3,0,1,2,2,N, ,39 57:08.078,75 12:24.915,1240, ,1240, ,0, , , ,3, , , , , , , , , ,2,2,0,0,0,0,0,0,0,0,0,0,1,1,0,0,0,0,0,0,0,0,0,1,0,0,0,0,0,0,0,0,0,0,0,8,0,39.9522,-75.2069, , 
32114,376161,2015109209,6,67,67301,2015,10,2,1913,19,3,1,0,1,1, , ,N,1,3,0,3,1,21,22,2,N,N,40 01:02.992,75 05:07.954,1922, ,1913,2,2,7,Y,9,3,Y, , , , , , , , ,2,1,0,1,0,0,0,0,0,1,0,20,21,0,0,0,0,0,0,0,0,0,0,2,1,1,0,0,0,0,0,0,0,0,0,1,1,40.0175,-75.0855,9, 
32115,376172,2015130253,6,67,67301,2015,11,5,1646,16,1,2,1,7,4, , ,N,0,0,0,3,0,0,1,1,N, ,39 58:46.049,75 11:47.058,1656, ,1646,2,1,2, , ,0,N, , , , , , , , ,1,0,0,0,0,0,1,0,0,0,0,0,0,0,0,0,0,0,0,0,0,0,0,0,0,0,0,0,0,0,0,0,0,0,0,0,0,39.9795,-75.1964, , 
32116,376179,2016013305,6,67,67301,2015,12,5,1735,17,3,6,1,8,1, , ,N,1,3,0,3,0,1,2,2,N,N,40 04:03.341,75 11:49.759,1906, ,1736, ,0, ,N, ,3, , , , , , , , , ,1,1,0,0,0,0,0,0,0,0,0,0,1,1,0,0,0,0,0,0,0,0,0,0,0,0,0,0,0,0,0,0,1,0,0,8,0,40.0676,-75.1972, , 
32117,376198,2015128546,6,67,67301,2015,11,5,2145,21,3,1,0,5,1, , ,N,0,0,0,3,0,1,2,2,N,N,39 57:37.798,75 10:52.783,2155, ,2150, ,0, ,N, ,0, , , , , , , , , ,2,0,0,0,0,0,1,1,0,0,0,1,1,0,0,0,0,0,0,0,1,0,0,0,0,0,0,0,0,0,0,0,0,0,0,4,0,39.9605,-75.1813, , 
32118,376199,2015130264,6,67,67301,2015,11,3,1200,12,1,1,0,8,1, , ,N,1,2,0,3,0,1,2,2,N,N,39 56:27.704,75 10:27.386,1215, ,1208, ,0, ,N, ,3, , , , , , , , , ,1,0,0,0,0,0,0,1,0,0,0,0,1,1,0,0,0,0,0,0,0,0,0,0,0,0,0,0,0,0,0,0,1,0,0,8,0,39.941,-75.1743, , 
32119,376200,2015131294,6,67,67301,2015,11,2,2030,20,3,1,0,4,1, , ,N,1,2,0,3,0,1,2,2,N,N,39 59:21.645,75 07:14.530,2245, ,2235,3,1,1,N, ,3,Y, , , , , , , , ,2,0,0,0,0,0,1,1,0,0,0,1,1,0,0,0,0,0,0,0,2,0,0,0,0,0,0,0,0,0,0,0,0,0,0,4,0,39.9893,-75.1207, , 
32120,376204,2016003904,6,67,67301,2015,12,5,2335,23,3,1,0,4,1, , ,N,1,2,0,3,0,1,3,2,N,N,39 59:25.796,75 14:57.065,2335, ,2335,2,1,2,N, ,3,N, , , , , , , , ,2,1,0,0,0,0,1,0,0,0,0,0,1,1,0,0,0,0,0,0,1,0,0,0,0,0,0,0,0,0,0,0,0,0,0,8,0,39.9905,-75.2492, , 
32121,376205,2016008591,6,67,67301,2015,12,4,1145,11,1,1,0,5,1, , ,N,1,2,0,3,0,1,3,3,N,N,40 04:27.539,75 02:05.367,1222, ,1210, ,0, ,N, ,3, , , , , , , , , ,3,2,0,0,1,0,0,0,0,0,0,0,1,1,0,0,0,0,0,0,0,1,0,0,0,0,0,0,0,0,0,0,0,0,0,8,0,40.0743,-75.0348, , 
32122,376224,2016002418,6,67,67301,2015,12,1,2245,22,3,1,0,4,1, , ,N,2,3,0,3,0,2,4,2,N, ,39 59:55.820,75 09:32.507,2252, ,2252,1,2,7, , ,3,Y, , , , , , , , ,2,1,0,0,0,0,1,0,0,0,0,2,2,0,0,0,0,0,0,0,0,0,0,2,0,0,0,0,0,0,0,0,0,0,0,4,0,39.9988,-75.159, , 
32123,376225,2016002626,6,67,67301,2015,12,3,1528,15,1,1,0,1,1, , ,N,0,0,6,3,0,1,2,3,N,N,40 01:38.531,75 06:48.498,1540, ,1530,1,1,2,N, ,0,N, , , , , , , , ,2,0,0,0,1,0,1,0,0,0,0,0,1,1,1,0,0,0,0,0,0,0,0,0,0,0,0,0,0,0,0,0,0,0,0,8,0,40.0274,-75.1135, , 
32124,376232,2015109266,6,67,67301,2015,10,6,1350,13,1,2,1,8,1, , ,N,1,2,0,3,0,1,2,2,N,N,39 56:58.617,75 09:14.100,1352, ,1350, ,0, ,N, ,3, , , , , , , , , ,1,0,0,0,0,0,1,0,0,0,0,1,1,0,0,0,0,0,0,0,0,0,0,0,0,0,0,0,0,0,0,0,1,0,0,4,0,39.9496,-75.1539, , 
32125,376233,2015112183,6,67,67301,2015,10,2,1220,12,1,1,0,8,1, , ,N,1,2,0,3,0,1,2,2,N, ,39 57:03.858,75 09:56.243,1232, ,1220, ,0, , , ,3, , , , , , , , , ,1,1,0,0,0,0,0,0,0,0,0,1,1,0,0,0,0,0,0,0,0,0,0,0,0,0,0,0,0,0,0,0,1,0,0,4,0,39.951,-75.1654, , 
32126,376237,2015114616,6,67,67301,2015,10,2,1121,11,1,1,0,8,1, , ,N,0,0,0,3,0,1,2,2,N, ,39 59:31.909,75 08:09.945,1129, ,1123, ,0, , , ,0, , , , , , , , , ,1,0,0,0,0,0,1,0,0,0,0,0,1,1,0,0,0,0,0,0,1,0,0,1,0,0,0,0,0,0,0,0,1,0,0,8,0,39.9922,-75.1361, , 
32127,376248,2015130246,6,67,67301,2015,11,1,1012,10,1,1,0,1,1, , ,N,2,2,0,3,0,0,4,2,N,N,39 55:49.339,75 13:39.363,1012, ,1012, ,0, ,N, ,3, , , , , , , , , ,2,1,0,0,1,0,0,0,0,0,0,0,0,0,2,0,0,0,1,0,0,0,0,2,0,0,0,0,0,0,0,0,0,0,0,9,0,39.9304,-75.2276, , 
32128,376257,2016002572,6,67,67301,2015,12,4,1711,17,3,2,0,4,1, , ,N,1,2,0,3,0,1,2,2,N,N,39 56:53.589,75 09:52.428,1719, ,1713, ,0, ,N, ,3, , , , , , , , , ,1,1,0,0,0,0,0,0,1,0,0,1,1,0,0,0,0,0,0,0,1,0,0,0,0,0,0,0,0,0,0,0,0,0,0,4,0,39.9482,-75.1644, , 
32129,376261,2015126290,6,67,67301,2015,12,5,1036,10,1,1,0,1,1, , ,N,0,0,0,3,0,0,3,3,N,N,39 57:28.549,75 09:44.252,1041, ,1037, ,0, ,N, ,0, , , , , , , , , ,3,2,0,0,0,0,0,1,0,0,0,0,0,0,0,0,0,0,0,1,0,1,0,0,0,0,0,0,0,0,0,0,0,0,0,0,0,39.9579,-75.1623, , 
32130,376286,2015114532,6,67,67301,2015,10,4,807,8,1,1,0,1,1, , ,N,2,0,0,3,0,3,10,4,N, ,40 00:39.297,75 06:11.451,815, ,807,3,2,4, , ,0,Y, , , , , , , , ,4,2,0,0,1,0,1,0,0,0,0,3,3,0,0,0,0,0,0,0,1,0,0,0,0,0,0,0,0,0,0,0,0,0,0,4,0,40.0109,-75.1032, , 
32131,376302,2015130074,6,67,67301,2015,11,7,305,3,3,1,0,5,6, , ,N,0,0,0,3,0,0,2,2,N,N,40 00:28.684,75 08:19.557,309, ,309,3,2,2,N, ,0,N, , , , , , , , ,2,0,0,0,0,0,1,1,0,0,0,0,0,0,0,0,0,0,0,0,0,0,0,0,0,0,0,0,0,0,0,0,0,0,0,0,0,40.008,-75.1388, , 
32132,370529,2015056678,6,67,67301,2015,5,6,1602,16,1,1,0,1,1, , ,N,0,0,0,3,0,2,6,4,N,N,39 59:29.075,75 12:11.252,1606, ,1602,3,1,4,N, ,0,N, , , , , , , , ,4,3,0,0,1,0,0,0,0,0,0,2,2,0,0,0,0,0,0,0,1,0,0,0,0,0,0,0,0,0,0,0,0,0,0,4,0,39.9914,-75.2031, , 
32133,370530,2015059184,6,67,67301,2015,4,4,1500,15,1,2,0,1,1, , ,N,0,0,0,3,0,1,5,5,N,N,40 00:36.632,75 03:47.817,1525, ,1500,2,1,1,Y, ,0,N, , , , , , , , ,5,4,0,0,0,0,1,0,0,0,0,0,1,1,1,0,0,0,1,0,1,0,0,0,0,0,0,0,0,0,0,0,0,0,0,8,0,40.0102,-75.0633, , 
32134,370541,2015075675,6,67,67301,2015,7,7,9999,99,3,1,0,4,1, , ,N,1,3,0,3,0,1,2,2,N,N,39 58:43.280,75 14:58.891,2124, ,2122, ,0, ,N, ,3, , , , , , , , , ,2,1,0,0,0,0,1,0,0,0,0,0,1,1,0,0,0,1,0,0,0,0,0,0,0,0,0,0,0,0,0,0,0,0,0,8,0,39.9787,-75.2497, , 
32135,370543,2015078309,6,67,67301,2015,7,5,1500,15,1,1,0,1,1, , ,N,2,3,0,3,0,1,2,2,N,N,40 02:49.034,75 05:02.579,1650, ,1645, ,0, ,N, ,3, , , , , , , , , ,2,1,0,0,0,0,0,1,0,0,0,1,1,0,0,0,0,0,0,0,1,0,0,0,0,0,0,0,0,0,0,0,0,0,0,4,0,40.047,-75.084, , 
32136,370548,2015084399,6,67,67301,2015,7,6,1505,15,1,1,0,4,1, , ,N,0,0,0,3,0,1,4,2,N,N,39 55:02.896,75 13:00.066,1613, ,1610, ,0, ,N, ,0, , , , , , , , , ,2,1,0,0,0,0,1,0,0,0,0,0,1,1,0,0,0,0,0,0,0,0,1,0,0,0,0,0,0,0,0,0,0,0,0,8,0,39.9175,-75.2167, , 
32137,370555,2015095184,6,67,67301,2015,9,7,831,8,1,1,0,7,3, , ,N,0,0,1,3,0,1,1,2,N,N,40 01:03.766,75 10:20.649,839, ,836, ,0, ,N, ,0, , , , , , , , , ,1,1,0,0,0,0,0,0,0,0,0,1,1,0,0,0,0,0,0,0,0,0,0,0,0,0,0,0,0,0,0,0,0,0,0,4,0,40.0177,-75.1724, , 
32138,370567,2015112184,6,67,67301,2015,10,4,9999,99,1,1,0,4,9, , ,N,2,0,0,3,0,0,2,2,N,N,39 59:51.514,75 08:48.199,1005, ,949, ,0, ,N, ,0, , , , , , , , , ,2,2,0,0,0,0,0,0,0,0,0,0,0,0,0,0,0,0,0,1,0,0,0,0,0,0,0,0,0,0,0,0,0,0,0,0,0,39.9976,-75.1467, , 
32139,370586,2016002569,6,67,67301,2015,12,6,1400,14,1,1,0,4,1, , ,N,1,0,0,3,0,0,2,2,N, ,39 58:17.655,75 08:46.741,1422, ,1420, ,0, , , ,0, , , , , , , , , ,2,1,0,0,1,0,0,0,0,0,0,0,0,0,0,0,0,0,0,0,0,0,0,0,0,0,0,0,0,0,0,0,0,0,0,0,0,39.9716,-75.1463, , 
32140,370589,2016007486,6,67,67301,2015,12,6,2154,21,3,2,1,1,1, , ,N,1,2,0,3,0,1,4,2,N,N,40 03:24.231,75 03:38.871,2158, ,2156, ,0, ,N, ,3, , , , , , , , , ,2,1,0,0,0,0,1,0,0,0,0,0,1,1,3,0,0,0,0,0,0,0,0,0,0,0,0,0,0,0,0,0,0,0,0,8,0,40.0567,-75.0608, , 
32141,370613,2015135944,6,67,67301,2015,12,4,205,2,3,2,1,4,1, , ,N,5,2,0,3,0,0,1,2,N,N,40 03:15.991,75 05:09.164,208, ,205,3,1,1,N, ,3,N, , , , , , , , ,2,1,0,0,0,0,1,0,0,0,0,0,0,0,1,0,0,0,0,0,0,0,0,0,0,0,0,0,0,0,0,0,0,0,0,9,0,40.0544,-75.0859, , 
32142,370618,2015100009,6,67,67301,2015,9,7,435,4,3,1,0,1,1, , ,N,0,0,0,3,0,1,2,2,N,N,40 01:35.093,75 01:35.557,447, ,437, ,0, ,N, ,0, , , , , , , , , ,2,2,0,0,0,0,0,0,0,0,0,1,1,0,0,0,0,0,0,0,0,0,0,0,0,0,0,0,0,0,0,0,0,0,0,4,0,40.0264,-75.0265, , 
32143,370623,2015110876,6,67,67301,2015,10,7,48,0,3,1,0,7,4, , ,N,0,0,0,3,0,1,2,1,N,N,39 59:02.850,75 12:29.987,55, ,49,1,1,3,N, ,0,N, , , , , , , , ,1,1,0,0,0,0,0,0,0,0,0,0,1,1,0,0,0,0,0,0,0,0,0,0,0,0,0,0,0,0,0,0,0,0,0,8,0,39.9841,-75.2083, , 
32144,370640,2015126336,6,67,67301,2015,12,6,1850,18,3,1,0,1,1, , ,N,1,2,0,3,0,0,2,2, , ,39 57:16.538,75 12:23.154,1850, ,1850, ,0, , , ,3, , , , , , , , , ,2,2,0,0,0,0,0,0,0,0,0,0,0,0,0,0,0,0,0,0,0,0,0,2,0,0,0,0,0,0,0,0,0,0,0,0,0,39.9546,-75.2064, , 
32145,370646,2015134760,6,67,67301,2015,12,4,1948,19,3,1,0,1,1, , ,N,0,0,0,3,0,0,6,3,N,N,39 57:07.221,75 10:56.831,1957, ,1948, ,0, ,N, ,0, , , , , , , , , ,3,1,0,0,0,0,2,0,0,0,0,0,0,0,0,0,0,0,0,0,1,0,0,0,0,0,0,0,0,0,0,0,0,0,0,0,0,39.952,-75.1825, , 
32146,370650,2016050749,6,67,67301,2015,7,2,900,9,1,1,0,4,1, , ,N,0,0,7,3,0,1,2,2,N,N,40 00:21.759,75 05:28.695,0, ,0, ,0, ,N, ,0, , , , , , , , , ,2,1,0,0,0,0,0,0,0,0,0,0,1,1,0,0,0,0,0,0,0,0,0,1,0,0,0,0,0,0,0,0,0,0,0,8,0,40.006,-75.0913, , 
32147,370651,2015101989,6,67,67301,2015,9,5,744,7,1,1,0,4,1, , ,N,2,0,0,3,0,1,2,2,N,N,39 57:38.752,75 13:28.926,753, ,749, ,0, , , ,0, , , , , , , , , ,1,0,0,0,0,0,0,0,1,0,0,1,1,0,0,0,0,0,0,0,0,0,0,0,0,0,0,0,0,0,0,0,0,0,0,4,0,39.9608,-75.2247, , 
32148,370658,2015109136,6,67,67301,2015,9,7,1415,14,1,1,0,1,1, , ,N,1,2,0,3,0,1,2,2,N,N,39 59:25.796,75 14:57.065,1515, ,1515, ,0, ,N, ,3, , , , , , , , , ,2,2,0,0,0,0,0,0,0,0,0,0,1,1,1,0,0,0,0,0,0,0,0,0,0,0,0,0,0,0,0,0,0,0,0,8,0,39.9905,-75.2492, , 
32149,370669,2016015620,6,67,67301,2015,10,5,940,9,1,1,0,4,1, , ,N,1,3,0,3,0,0,2,2,N,N,39 56:27.254,75 13:36.778,0, ,0, ,0, ,N, ,3, , , , , , , , , ,2,2,0,0,0,0,0,0,0,0,0,0,0,0,0,0,0,0,0,0,0,0,0,2,0,0,0,0,0,0,0,0,0,0,0,0,0,39.9409,-75.2269, , 
32150,370699,2015087311,6,67,67301,2015,8,1,436,4,3,1,0,7,4, , ,N,0,0,0,3,0,0,1,1,N,N,39 58:38.737,75 12:00.582,437, ,436, ,0, ,N, ,0, , , , , , , , , ,1,1,0,0,0,0,0,0,0,0,0,0,0,0,1,0,0,0,0,0,0,0,0,0,0,0,0,0,0,0,0,0,0,0,0,9,0,39.9774,-75.2002, , 
32151,373203,2015130095,6,67,67301,2015,11,3,1904,19,3,2,1,4,1, , ,N,1,2,0,3,0,1,2,2,N,N,40 02:01.277,75 08:45.274,1918, ,1908, ,0, ,N, ,3, , , , , , , , , ,2,2,0,0,0,0,0,0,0,0,0,0,1,1,0,0,0,0,1,0,0,0,0,0,0,0,0,0,0,0,0,0,0,0,0,8,0,40.0337,-75.1458, , 
32152,373204,2015130228,6,67,67301,2015,7,7,1934,19,3,1,0,5,6, , ,N,0,0,0,3,0,0,1,3,N,N,39 57:15.760,75 13:57.356,1943, ,1936, ,0, , , ,0, , , , , , , , , ,3,0,0,0,0,0,2,1,0,0,0,0,0,0,0,0,0,0,0,0,0,0,0,1,0,0,0,0,0,0,0,0,0,0,0,0,0,39.9544,-75.2326, , 
32153,373205,2015131251,6,67,67301,2015,12,4,1810,18,3,2,1,8,1, , ,N,2,3,0,3,0,1,2,2,N,N,40 03:23.515,75 10:58.111,1817, ,1813, ,0, ,N, ,3, , , , , , , , , ,1,1,0,0,0,0,0,0,0,0,0,1,1,0,0,0,0,0,0,0,0,0,0,1,0,0,0,0,0,0,0,0,1,0,0,4,0,40.0565,-75.1828, , 
32154,373215,2016007549,6,67,67301,2015,12,4,1600,16,1,1,0,1,1, , ,N,0,0,0,3,0,1,5,3,N,N,39 56:52.004,75 13:41.588,1635, ,1929, ,0, ,N, ,0, , , , , , , , , ,3,3,0,0,0,0,0,0,0,0,0,1,1,0,1,0,0,0,0,0,3,0,0,0,0,0,0,0,0,0,0,0,0,0,0,4,0,39.9478,-75.2282, , 
32155,373229,2016001022,6,67,67301,2015,12,7,1632,16,1,1,0,1,1, , ,N,0,0,0,3,0,1,3,2,N, ,40 02:47.983,75 03:28.970,1635, ,1428, ,0, , , ,0, , , , , , , , , ,2,1,0,0,0,0,0,1,0,0,0,1,1,0,0,0,0,0,0,0,0,0,0,0,0,0,0,0,0,0,0,0,0,0,0,4,0,40.0467,-75.058, , 
32156,373235,2015121024,6,67,67301,2015,10,5,910,9,1,2,1,6,1, , ,N,0,0,0,3,0,1,3,3,N,N,39 59:06.427,75 12:09.662,915, ,912,1,1,1,N, ,0,N, , , , , , , , ,3,1,0,0,1,0,1,0,0,0,0,1,1,0,0,0,0,0,0,0,1,0,0,0,0,0,0,0,0,0,0,0,0,0,0,4,0,39.9851,-75.2027, , 
32157,373242,2015128571,6,67,67301,2015,11,3,915,9,1,1,0,4,1, , ,N,1,2,0,3,0,2,5,2,N,N,40 01:45.357,75 10:53.338,935, ,931,2,1,3, , ,3,Y, , , , , , , , ,2,2,0,0,0,0,0,0,0,0,0,2,2,0,0,0,0,0,0,0,0,0,0,5,0,0,0,0,0,0,0,0,0,0,0,4,0,40.0293,-75.1815, , 
32158,373249,2016000999,6,67,67301,2015,12,5,1311,13,1,1,0,4,1, , ,N,1,2,0,3,0,1,2,2,N,N,40 01:50.524,75 03:42.293,1317, ,1315, ,0, ,N, ,3, , , , , , , , , ,2,1,0,0,0,0,1,0,0,0,0,0,1,1,0,0,0,0,0,0,0,0,0,0,0,0,0,0,0,0,0,0,0,0,0,8,0,40.0307,-75.0617, , 
32159,373250,2016002966,6,67,67301,2015,12,5,938,9,1,1,0,8,1, , ,N,2,0,0,3,0,1,2,2,N,N,40 01:48.531,75 08:48.060,943, ,939, ,0, ,N, ,0, , , , , , , , , ,1,1,0,0,0,0,0,0,0,0,0,0,1,1,0,0,0,0,0,0,0,0,0,1,0,0,0,0,0,0,0,0,1,0,0,8,0,40.0301,-75.1467, , 
32160,373303,2015110865,6,67,67301,2015,10,5,1900,19,3,1,0,1,1, , ,N,0,0,0,3,0,1,2,2,N,N,39 58:51.794,75 12:23.914,1905, ,1901, ,0, ,N, ,0, , , , , , , , , ,2,1,0,0,0,0,1,0,0,0,0,1,1,0,0,0,0,0,0,0,0,0,0,0,0,0,0,0,0,0,0,0,0,0,0,4,0,39.9811,-75.2066, , 
32161,373313,2015117598,6,67,67301,2015,10,6,640,6,3,1,0,1,1, , ,N,0,2,0,3,0,1,3,3,N,N,39 54:24.624,75 11:37.576,644, ,640,1,1,2,N, ,3,N, , , , , , , , ,3,3,0,0,0,0,0,0,0,0,1,0,1,0,0,0,0,0,0,0,1,0,0,0,0,0,0,0,0,0,0,0,0,0,0,3,0,39.9068,-75.1938, , 
32162,373320,2015112088,6,67,67301,2015,10,1,2044,20,3,1,0,1,1, , ,N,1,2,0,3,0,1,2,2,N, ,39 59:27.011,75 07:51.262,2050, ,2046,1,1,3, , ,3,Y, , , , , , , , ,2,0,0,0,0,0,2,0,0,0,0,1,1,0,0,0,0,0,0,0,0,0,0,0,0,0,0,0,0,0,0,0,0,0,0,4,0,39.9908,-75.1309, , 
32163,373336,2016001024,6,67,67301,2015,12,4,2358,23,3,1,0,4,1, , ,N,1,2,0,3,0,0,4,2,N, ,40 03:28.059,75 00:31.473,33, ,29, ,0, , , ,3, , , , , , , , , ,2,1,0,0,0,0,0,1,0,0,0,0,0,0,1,0,0,0,0,0,0,0,0,0,0,0,0,0,0,0,0,0,0,0,0,9,0,40.0578,-75.0087, , 
32164,373339,2016002453,6,67,67301,2015,12,7,400,4,6,9,8,5,6, , ,N,0,0,0,3,0,0,3,3,N,N,39 57:52.884,75 14:11.986,400, ,400, ,0, , , ,0, , , , , , , , , ,3,3,0,0,0,0,0,0,0,0,0,0,0,0,0,0,0,0,0,0,0,0,0,0,0,0,0,0,0,0,0,0,0,0,0,0,0,39.9647,-75.2367, , 
32165,373343,2015109295,6,67,67301,2015,10,2,1203,12,1,1,0,8,1, , ,N,1,2,0,3,0,1,2,2,N, ,39 56:53.519,75 09:51.947,1215, ,1205, ,0, , , ,3, , , , , , , , , ,1,1,0,0,0,0,0,0,0,0,0,1,1,0,0,0,0,0,0,0,0,0,0,0,0,0,0,0,0,0,0,0,1,0,0,4,0,39.9482,-75.1644, , 
32166,373357,2015130070,6,67,67301,2015,11,5,1850,18,3,1,0,4,2, , ,N,0,0,7,3,0,1,2,2,N,N,39 54:46.200,75 09:01.099,1909, ,1908, ,0, ,N, ,0, , , , , , , , , ,1,0,0,0,0,0,0,1,1,0,0,1,1,0,0,0,0,0,0,0,0,0,0,0,0,0,0,0,0,0,0,0,0,0,0,4,0,39.9128,-75.1503, , 
32167,373369,2015115138,6,67,67301,2015,10,4,1600,16,1,1,0,4,1, , ,N,1,3,0,3,0,1,2,2,N, ,39 59:10.168,75 07:36.303,1606, ,1603, ,0, , , ,3, , , , , , , , , ,2,2,0,0,0,0,0,0,0,0,0,1,1,0,0,0,0,0,0,0,0,0,0,1,0,0,0,0,0,0,0,0,0,0,0,4,0,39.9862,-75.1268, , 
32168,373380,2015128696,6,67,67301,2015,11,7,1508,15,1,1,0,4,1, , ,N,1,3,0,3,0,1,3,2,N,N,40 02:43.364,75 09:23.803,1510, ,1510, ,0, ,N, ,3, , , , , , , , , ,2,2,0,0,0,0,0,0,0,0,0,1,1,0,0,0,0,0,0,0,0,0,0,2,0,0,0,0,0,0,0,0,0,0,0,4,0,40.0454,-75.1566, , 