objectid_1,objectid,crn,district,county,municipality,crash_year,crash_month,day_of_week,time_of_day,hour_of_day,illumination,weather,road_condition,collision_type,relation_to_road,work_zone_type,work_zone_loc,work_zone_ind,intersect_type,tcd_type,location_type,urban_rural,fatal_count,injury_count,person_count,total_units,sch_bus_ind,sch_zone_ind,latitude,longitude,arrival_tm,cons_zone_spd_lim,dispatch_tm,est_hrs_closed,lane_closed,ln_close_dir,ntfy_hiwy_maint,spec_juris_cd,tcd_func_cd,tfc_detour_ind,workers_pres,wz_close_detour,wz_flagger,wz_law_offcr_ind,wz_ln_closure,wz_moving,wz_other,wz_shlder_mdn,vehicle_count,automobile_count,motorcycle_count,bus_count,small_truck_count,heavy_truck_count,suv_count,van_count,bicycle_count,maj_inj_count,mod_inj_count,min_inj_count,tot_inj_count,unk_inj_deg_count,unk_inj_per_count,driver_count_16yr,driver_count_17yr,driver_count_18yr,driver_count_19yr,driver_count_20yr,driver_count_50_64yr,driver_count_65_74yr,driver_count_75plus,unbelted_occ_count,unb_death_count,unb_maj_inj_count,belted_death_count,belted_maj_inj_count,mcycle_death_count,mcycle_maj_inj_count,bicycle_death_count,bicycle_maj_inj_count,ped_count,ped_death_count,ped_maj_inj_count,max_severity_level,comm_veh_count,dec_lat,dec_long,rdwy_surf_type_cd,county_name
32236,373481,2016002559,6,67,67301,2015,12,5,1720,17,3,2,1,4,1, , ,N,1,3,0,3,0,1,2,2,N,N,39 56:11.346,75 08:55.255,1734, ,1725, ,0, ,N, ,3, , , , , , , , , ,1,1,0,0,0,0,0,0,1,0,1,0,1,0,0,0,0,0,0,0,0,0,0,0,0,0,0,0,0,0,0,0,0,0,0,3,0,39.9365,-75.1487, , 
32237,373482,2016002991,6,67,67301,2015,12,7,708,7,1,1,0,5,2, , ,N,0,0,0,3,0,1,1,2,N,N,39 58:33.619,75 10:07.256,712, ,708,3,1,1,N, ,0,N, , , , , , , , ,2,2,0,0,0,0,0,0,0,0,0,1,1,0,0,0,0,0,0,0,0,0,0,1,0,0,0,0,0,0,0,0,0,0,0,4,0,39.976,-75.1687, , 
32238,373507,2015128533,6,67,67301,2015,11,4,1915,19,3,1,0,8,1, , ,N,1,2,0,3,0,1,2,2,N,N,40 02:11.683,75 13:06.904,1918, ,1915, ,0, ,N, ,3, , , , , , , , , ,1,1,0,0,0,0,0,0,0,0,0,1,1,0,0,0,0,0,0,0,0,0,0,1,0,0,0,0,0,0,0,0,1,0,0,4,0,40.0366,-75.2186, , 
32239,373553,2015130110,6,67,67301,2015,11,4,2320,23,3,1,0,8,1, , ,N,1,3,0,3,0,1,2,2,N, ,40 01:15.121,75 04:27.828,2335, ,2329, ,0, , , ,3, , , , , , , , , ,1,0,0,0,0,0,1,0,0,0,0,1,1,0,0,0,0,0,0,0,0,1,0,1,0,0,0,0,0,0,0,0,1,0,0,4,0,40.0209,-75.0744, , 
32240,373562,2016000967,6,67,67301,2015,12,4,720,7,1,1,0,4,1, , ,N,1,2,0,3,0,1,2,2,N, ,39 55:56.906,75 13:28.606,1243, ,1233, ,0, , , ,3, , , , , , , , , ,1,0,0,0,0,1,0,0,1,1,0,0,1,0,0,0,0,0,0,0,1,0,0,0,0,0,0,0,0,0,0,1,0,0,0,2,1,39.9325,-75.2246, , 
32241,373568,2015098978,6,67,67301,2015,8,6,1625,16,1,1,0,1,1, , ,N,2,2,0,3,0,0,3,3,N,N,39 56:56.025,75 11:22.873,1631, ,1628, ,0, ,N, ,3, , , , , , , , , ,3,3,0,0,0,0,0,0,0,0,0,0,0,0,0,0,0,0,0,0,1,0,0,0,0,0,0,0,0,0,0,0,0,0,0,0,0,39.9489,-75.1897, , 
32242,378689,2015125277,6,67,67301,2015,11,2,803,8,1,1,0,1,1,1,4,Y,0,0,0,3,0,1,2,2,N,N,40 01:14.273,75 02:35.006,837,45,803, ,0, ,N, ,0, ,N,N,N,N,N,N,N,Y,2,1,0,0,1,0,0,0,0,0,0,0,1,1,0,0,0,0,0,1,1,0,0,0,0,0,0,0,0,0,0,0,0,0,0,8,0,40.0206,-75.0431, , 
32243,378691,2015130312,6,67,67301,2015,11,2,955,9,1,1,0,1,1, , ,N,1,2,0,3,0,1,5,2,N, ,39 59:21.706,75 09:20.126,1000, ,959, ,0, , , ,3, , , , , , , , , ,2,2,0,0,0,0,0,0,0,0,0,1,1,0,4,0,0,0,0,0,0,0,0,0,0,0,0,0,0,0,0,0,0,0,0,4,0,39.9893,-75.1555, , 
32244,378695,2016013160,6,67,67301,2015,7,4,1440,14,1,1,0,8,1, , ,N,0,0,0,3,0,1,2,2,N,N,39 57:12.504,75 10:20.637,0, ,0, ,0, ,N, ,0, , , , , , , , , ,1,0,0,0,0,0,1,0,0,0,0,0,1,1,0,0,0,0,0,0,1,0,0,0,0,0,0,0,0,0,0,0,1,0,0,8,0,39.9535,-75.1724, , 
32245,378696,2015103439,6,67,67301,2015,9,6,2335,23,3,1,1,4,1, , ,N,1,2,0,3,0,0,3,2,N, ,40 00:43.064,75 10:33.675,2336, ,2336, ,0, , , ,3, , , , , , , , , ,2,0,0,0,0,0,1,1,0,0,0,0,0,0,0,0,0,0,0,0,1,0,0,0,0,0,0,0,0,0,0,0,0,0,0,0,0,40.012,-75.176, , 
32246,378713,2015131223,6,67,67301,2015,12,3,945,9,1,2,1,7,4, , ,N,0,0,0,3,0,0,1,1,N,N,40 00:22.870,75 12:27.762,1005, ,948, ,0, ,N, ,0, , , , , , , , , ,1,1,0,0,0,0,0,0,0,0,0,0,0,0,0,0,0,0,0,0,0,0,0,0,0,0,0,0,0,0,0,0,0,0,0,0,0,40.0064,-75.2077, , 
32247,378738,2015130348,6,67,67301,2015,11,7,1115,11,1,1,0,7,4, , ,N,0,0,0,3,0,0,1,1,N,N,40 01:18.731,75 10:38.332,1134, ,1115, ,0, ,N, ,0, , , , , , , , , ,1,1,0,0,0,0,0,0,0,0,0,0,0,0,0,0,0,0,0,0,0,0,0,0,0,0,0,0,0,0,0,0,0,0,0,0,0,40.0219,-75.1773, , 
32248,378740,2016000996,6,67,67301,2015,12,6,1840,18,3,1,0,4,1, , ,N,1,3,0,3,0,1,2,2,N,N,39 59:31.308,75 07:17.698,1850, ,1840, ,0, , , ,3, , , , , , , , , ,2,2,0,0,0,0,0,0,0,0,1,0,1,0,0,0,0,0,0,0,0,0,0,2,0,0,0,0,0,0,0,0,0,0,0,3,0,39.992,-75.1216, , 
32249,378741,2016002457,6,67,67301,2015,12,1,1105,11,1,2,1,4,1, , ,N,1,2,0,3,0,0,2,2,N, ,39 59:06.525,75 09:35.319,1106, ,1105, ,0, , , ,3, , , , , , , , , ,2,1,0,0,0,0,1,0,0,0,0,0,0,0,0,0,0,0,0,0,0,0,0,0,0,0,0,0,0,0,0,0,0,0,0,0,0,39.9851,-75.1598, , 
32250,378751,2015114559,6,67,67301,2015,9,7,1755,17,1,1,0,8,1, , ,N,1,2,0,3,0,1,2,2,N, ,39 57:43.161,75 14:26.866,1812, ,1807, ,0, ,N, ,3, , , , , , , , , ,1,1,0,0,0,0,0,0,0,0,0,0,1,1,0,0,0,0,0,0,0,0,0,0,0,0,0,0,0,0,0,0,1,0,0,8,0,39.9619,-75.2408, , 
32251,378752,2015115220,6,67,67301,2015,10,3,1958,19,3,1,0,5,1, , ,N,0,0,0,3,0,1,4,2,N,N,40 00:02.213,75 04:45.738,2005, ,2000,1,1,1,N, ,0,N, , , , , , , , ,2,2,0,0,0,0,0,0,0,0,0,0,1,1,0,0,0,0,0,0,1,0,0,0,0,0,0,0,0,0,0,0,0,0,0,8,0,40.0006,-75.0794, , 
32252,378764,2015125389,6,67,67301,2015,11,1,1237,12,1,1,0,1,1, , ,N,0,0,0,3,0,0,3,2,N,N,39 57:34.405,75 10:31.021,1245, ,1238,3,1,4,N, ,0,N, , , , , , , , ,2,1,0,0,0,0,1,0,0,0,0,0,0,0,0,0,0,0,0,0,1,0,0,0,0,0,0,0,0,0,0,0,0,0,0,0,0,39.9596,-75.1753, , 
32253,378793,2015131342,6,67,67301,2015,11,4,1248,12,1,1,0,4,1, , ,N,5,2,3,3,0,4,5,3,N,N,40 01:53.211,75 05:04.703,1251, ,1250, ,0, ,N, ,3, , , , , , , , , ,3,0,0,0,0,0,2,1,0,0,0,4,4,0,0,0,0,0,0,0,1,0,0,0,0,0,0,0,0,0,0,0,0,0,0,4,0,40.0314,-75.0846, , 
32254,378803,2015135883,6,67,67301,2015,12,4,2215,22,3,2,1,7,4, , ,N,0,0,3,3,0,1,1,1,N,N,39 55:11.864,75 12:04.907,2220, ,2215, ,0, ,N, ,0, , , , , , , , , ,1,0,0,0,0,0,1,0,0,0,0,1,1,0,0,0,0,0,0,0,0,0,0,0,0,0,0,0,0,0,0,0,0,0,0,4,0,39.92,-75.2014, , 
32255,378810,2015107469,6,67,67301,2015,9,2,1105,11,1,1,0,4,1, , ,N,1,3,0,3,0,1,4,2,N, ,40 01:06.321,75 11:10.226,1155, ,1143, ,0, , , ,3, , , , , , , , , ,2,2,0,0,0,0,0,0,0,0,0,0,1,1,2,0,0,0,0,0,1,0,1,0,0,0,0,0,0,0,0,0,0,0,0,8,0,40.0184,-75.1862, , 
32256,378811,2015109243,6,67,67301,2015,10,7,555,5,1,1,0,4,1, , ,N,1,2,0,3,0,1,2,2,N, ,40 01:18.102,75 08:23.227,610, ,600, ,0, , , ,3, , , , , , , , , ,2,2,0,0,0,0,0,0,0,0,0,1,1,0,0,0,0,1,0,0,0,1,0,0,0,0,0,0,0,0,0,0,0,0,0,4,0,40.0218,-75.1396, , 
32257,378813,2015110329,6,67,67301,2015,10,3,1738,17,1,1,0,4,1, , ,N,1,3,0,3,0,1,2,2,N,N,40 02:47.065,75 09:43.574,1827, ,1823, ,0, ,N, ,3, , , , , , , , , ,2,1,0,0,0,0,1,0,0,0,0,1,1,0,1,0,0,0,0,0,0,0,0,0,0,0,0,0,0,0,0,0,0,0,0,4,0,40.0464,-75.1621, , 
32258,378822,2015103266,6,67,67301,2015,9,6,1555,15,1,1,0,4,1, , ,N,1,2,0,3,0,2,4,2,N,N,40 05:22.893,75 03:25.406,1605, ,1558, ,0, ,N, ,3, , , , , , , , , ,2,2,0,0,0,0,0,0,0,0,0,2,2,0,1,0,0,0,0,0,1,0,1,0,0,0,0,0,0,0,0,0,0,0,0,4,0,40.0896,-75.057, , 
32259,378824,2015106434,6,67,67301,2015,9,5,1935,19,3,1,0,4,1, , ,N,1,2,0,3,0,1,3,2,N, ,40 01:51.812,75 05:23.405,2015, ,2010, ,0, , , ,3, , , , , , , , , ,2,2,0,0,0,0,0,0,0,0,0,1,1,0,0,0,0,1,0,0,0,0,0,0,0,0,0,0,0,0,0,0,0,0,0,4,0,40.0311,-75.0898, , 
32260,376460,2015131213,6,67,67301,2015,12,1,1734,17,4,1,0,8,1, , ,N,2,0,0,3,0,2,3,3,N,N,40 01:47.842,75 09:53.911,1831, ,1831, ,0, ,N, ,0, , , , , , , , , ,1,1,0,0,0,0,0,0,0,0,0,2,2,0,0,0,0,0,0,0,0,0,0,1,0,0,0,0,0,0,0,0,2,0,0,4,0,40.03,-75.165, , 
32261,376465,2015135854,6,67,67301,2015,12,4,1711,17,3,1,0,8,1, , ,N,1,2,0,3,0,1,2,2,N,N,40 02:50.173,75 10:03.883,1725, ,1725, ,0, , , ,3, , , , , , , , , ,1,0,0,0,1,0,0,0,0,0,0,1,1,0,0,0,0,0,0,0,0,0,0,1,0,0,0,0,0,0,0,0,1,0,0,4,0,40.0473,-75.1677, , 
32262,376466,2016000973,6,67,67301,2015,12,5,1220,12,1,1,0,5,1, , ,N,0,0,0,3,0,1,2,2,N, ,39 59:04.320,75 07:36.941,1232, ,1229, ,0, , , ,0, , , , , , , , , ,1,1,0,0,0,0,0,0,1,0,0,0,1,1,0,0,0,0,0,0,0,0,0,1,0,0,0,0,0,0,0,0,0,0,0,8,0,39.9845,-75.1269, , 
32263,376489,2015120978,6,67,67301,2015,10,7,1116,11,1,1,0,1,6, , ,N,0,0,0,3,0,2,3,2,N, ,39 59:49.480,75 06:44.053,1118, ,1116,1,1,5, , ,0,Y, , , , , , , , ,2,2,0,0,0,0,0,0,0,0,1,1,2,0,0,0,0,0,0,0,0,0,0,2,0,0,0,0,0,0,0,0,0,0,0,3,0,39.9971,-75.1122, , 
32264,376497,2015128582,6,67,67301,2015,11,6,1330,13,1,1,0,4,1, , ,N,1,2,0,3,0,0,2,2,N,N,39 54:42.724,75 10:21.917,1338, ,1335, ,0, ,N, ,3, , , , , , , , , ,2,2,0,0,0,0,0,0,0,0,0,0,0,0,1,0,0,0,0,0,0,0,0,0,0,0,0,0,0,0,0,0,0,0,0,9,0,39.9119,-75.1728, , 
32265,376502,2016007667,6,67,67301,2015,12,4,2026,20,3,2,1,4,1, , ,N,1,3,0,3,0,1,2,2,N,N,40 00:27.748,75 09:29.267,2034, ,2032, ,0, ,N, ,3, , , , , , , , , ,2,2,0,0,0,0,0,0,0,0,0,1,1,0,0,0,0,0,0,0,0,0,0,1,0,0,0,0,0,0,0,0,0,0,0,4,0,40.0077,-75.1581, , 
32266,376547,2016002411,6,67,67301,2015,12,3,1630,16,1,9,0,4,1, , ,N,0,0,7,3,0,0,3,2,N,N,39 54:50.196,75 08:57.992,1914, ,1902, ,0, ,N, ,0, , , , , , , , , ,2,2,0,0,0,0,0,0,0,0,0,0,0,0,0,0,0,0,0,0,0,0,0,0,0,0,0,0,0,0,0,0,0,0,0,0,0,39.9139,-75.1494, , 
32267,376553,2015109308,6,67,67301,2015,10,5,9999,99,1,1,0,4,1, , ,N,1,2,0,3,0,1,3,3,N,N,40 02:39.088,75 09:45.868,15, ,1725, ,0, ,N, ,3, , , , , , , , , ,3,2,0,0,1,0,0,0,0,0,0,0,1,1,0,0,0,0,0,0,0,0,0,0,0,0,0,0,0,0,0,0,0,0,0,8,0,40.0442,-75.1627, , 
32268,376555,2015112148,6,67,67301,2015,10,7,658,6,1,1,0,5,1, , ,N,1,2,0,3,0,1,3,3,N,N,40 02:10.729,75 03:51.497,658, ,658,3,2,1,N, ,3,Y, , , , , , , , ,3,2,0,0,0,0,0,1,0,0,0,0,1,1,0,0,0,0,0,0,1,0,0,0,0,0,0,0,0,0,0,0,0,0,0,8,0,40.0363,-75.0643, , 
32269,376586,2015118190,6,67,67301,2015,10,5,950,9,1,1,1,4,1, , ,N,2,3,0,3,0,1,2,2,N,N,39 59:45.509,75 09:14.464,956, ,956, ,0, ,N, ,3, , , , , , , , , ,2,2,0,0,0,0,0,0,0,0,0,1,1,0,0,0,0,0,0,0,0,0,0,1,0,0,0,0,0,0,0,0,0,0,0,4,0,39.9961,-75.154, , 
32270,376591,2015120515,6,67,67301,2015,11,3,1100,11,1,1,0,4,1, , ,N,1,2,0,3,0,2,3,2,N,N,39 58:10.453,75 12:41.538,9999, ,9999, ,0, , , ,3, , , , , , , , , ,2,1,0,0,0,0,0,1,0,0,0,2,2,0,0,0,0,0,0,0,1,0,0,1,0,0,0,0,0,0,0,0,0,0,0,4,0,39.9697,-75.2115, , 
32271,376598,2015114615,6,67,67301,2015,10,2,910,9,1,1,0,8,1, , ,N,1,3,0,3,0,1,2,2,N,N,40 00:32.928,75 08:16.024,920, ,917, ,0, ,N, ,3, , , , , , , , , ,1,1,0,0,0,0,0,0,0,0,0,1,1,0,0,0,0,0,0,0,0,0,0,1,0,0,0,0,0,0,0,0,1,0,0,4,0,40.0091,-75.1378, , 
32272,376623,2016007556,6,67,67301,2015,12,2,2142,21,3,2,1,4,1, , ,N,1,2,0,3,0,0,2,2,N,N,39 58:25.573,75 15:29.593,2206, ,2205, ,0, ,N, ,3, , , , , , , , , ,2,2,0,0,0,0,0,0,0,0,0,0,0,0,0,1,0,0,0,0,0,0,0,2,0,0,0,0,0,0,0,0,0,0,0,0,0,39.9738,-75.2582, , 
32273,376627,2015101998,6,67,67301,2015,9,7,110,1,3,1,0,4,1, , ,N,1,2,0,3,0,2,8,3,N,N,40 05:41.184,75 00:55.174,200, ,116,2,1,1,N, ,3,N, , , , , , , , ,3,1,0,0,0,0,1,1,0,0,0,0,2,2,0,0,0,0,0,0,1,0,0,0,0,0,0,0,0,0,0,0,0,0,0,8,0,40.0948,-75.0153, , 
32274,376637,2015115037,6,67,67301,2015,10,3,2313,23,3,1,0,4,1, , ,N,1,3,0,3,0,2,3,3,N,N,39 58:19.405,75 14:04.243,2336, ,2315,9,2,5,N, ,3,Y, , , , , , , , ,3,2,0,0,0,0,0,1,0,0,0,0,2,2,0,0,0,0,0,0,0,0,0,1,0,0,0,0,0,0,0,0,0,0,0,8,0,39.9721,-75.2345, , 
32275,376650,2015120995,6,67,67301,2015,10,4,2252,22,3,2,1,8,1, , ,N,1,2,0,3,0,1,2,2,N, ,40 00:37.740,75 09:38.779,2252, ,2252, ,0, , , ,3, , , , , , , , , ,1,1,0,0,0,0,0,0,0,0,0,1,1,0,0,0,0,0,0,0,0,0,0,1,0,0,0,0,0,0,0,0,1,0,0,4,0,40.0105,-75.1608, , 
32276,376657,2015135814,6,67,67301,2015,12,1,245,2,3,1,0,2,6, , ,N,0,0,0,3,0,0,1,2,N,N,39 57:41.520,75 13:28.357,311, ,311, ,0, ,N, ,0, , , , , , , , , ,2,1,0,0,0,0,1,0,0,0,0,0,0,0,0,0,0,0,0,0,0,0,0,0,0,0,0,0,0,0,0,0,0,0,0,0,0,39.9616,-75.2245, , 
32277,376662,2016002560,6,67,67301,2015,12,4,750,7,1,1,0,5,1, , ,N,0,0,0,3,0,1,2,2,N, ,39 57:05.569,75 14:22.581,755, ,753, ,0, , , ,0, , , , , , , , , ,2,1,0,0,0,1,0,0,0,0,0,1,1,0,0,0,0,0,0,0,2,0,0,1,0,0,0,0,0,0,0,0,0,0,0,4,1,39.9515,-75.2396, , 
32278,370922,2016015538,6,67,67301,2015,9,4,1330,13,1,1,0,1,1, , ,N,1,2,0,3,0,2,3,2,N,N,40 03:04.296,75 03:58.096,0, ,0, ,0, ,N, ,3, , , , , , , , , ,2,1,0,0,0,0,0,1,0,0,2,0,2,0,0,0,0,0,0,0,1,0,0,1,0,0,0,0,0,0,0,0,0,0,0,3,0,40.0512,-75.0661, , 
32279,370933,2015130058,6,67,67301,2015,11,4,1805,18,3,1,0,4,1, , ,N,1,2,0,3,0,0,2,2,N,N,40 03:29.309,75 10:27.487,1825, ,1818, ,0, ,N, ,3, , , , , , , , , ,2,0,0,0,1,0,1,0,0,0,0,0,0,0,0,0,0,0,0,0,0,0,0,0,0,0,0,0,0,0,0,0,0,0,0,0,0,40.0581,-75.1743, , 
32280,370934,2015130087,6,67,67301,2015,11,3,845,8,1,2,1,1,1, , ,N,0,0,0,3,0,1,2,2,N,N,39 55:09.791,75 14:48.511,859, ,850, ,0, ,N, ,0, , , , , , , , , ,2,2,0,0,0,0,0,0,0,0,0,1,1,0,0,0,0,0,0,0,0,0,0,0,0,0,0,0,0,0,0,0,0,0,0,4,0,39.9194,-75.2468, , 
32281,370941,2016002983,6,67,67301,2015,12,7,418,4,3,1,0,7,4, , ,N,0,0,0,3,0,1,1,1,N,N,40 03:34.416,74 59:22.193,422, ,418,9,2,6, , ,0,Y, , , , , , , , ,1,0,0,0,1,0,0,0,0,1,0,0,1,0,0,0,0,0,1,0,0,0,0,0,0,0,0,0,0,0,0,0,0,0,0,2,0,40.0596,-74.9895, , 
32282,370945,2015107437,6,67,67301,2015,10,5,1710,17,1,1,1,4,1, , ,N,1,2,0,3,0,1,2,2,N,N,40 02:06.731,75 08:43.670,1720, ,1715, ,0, ,N, ,3, , , , , , , , , ,2,1,0,0,0,0,1,0,0,0,0,1,1,0,0,0,0,0,0,0,1,0,0,0,0,0,0,0,0,0,0,0,0,0,0,4,0,40.0352,-75.1455, , 
32283,370950,2015112127,6,67,67301,2015,10,4,2042,20,3,1,0,1,1, , ,N,1,0,0,3,0,1,7,4,N, ,40 02:12.433,75 04:09.245,2052, ,2049, ,0, , , ,0, , , , , , , , , ,4,1,0,0,1,0,2,0,0,0,0,0,1,1,0,0,1,0,0,0,0,0,0,0,0,0,0,0,0,0,0,0,0,0,0,8,0,40.0368,-75.0692, , 
32284,370956,2015098988,6,67,67301,2015,9,1,519,5,3,1,0,6,1, , ,N,0,0,0,3,0,3,3,2,N, ,39 59:10.762,75 12:57.087,522, ,520,3,2,7, , ,0,Y, , , , , , , , ,2,0,0,0,0,0,2,0,0,0,0,3,3,0,0,0,0,0,0,0,0,0,0,0,0,0,0,0,0,0,0,0,0,0,0,4,0,39.9863,-75.2159, , 
32285,370984,2015130268,6,67,67301,2015,11,5,1706,17,3,2,1,8,1, , ,N,1,2,0,3,0,1,2,2,N,N,39 57:04.568,75 10:01.915,1710, ,1706, ,0, , , ,3, , , , , , , , , ,1,1,0,0,0,0,0,0,0,0,0,0,1,1,0,0,0,0,0,0,0,0,0,1,0,0,0,0,0,0,0,0,1,0,0,8,0,39.9512,-75.167, , 
32286,370990,2015133823,6,67,67301,2015,12,7,1606,16,1,1,0,1,1,1,4,Y,0,0,0,3,0,0,6,4,N,N,39 59:14.336,75 05:25.372,1628,45,1623, ,0, ,N, ,0, ,N,N,N,N,N,N,N,Y,4,0,0,0,0,0,4,0,0,0,0,0,0,0,0,0,0,0,0,0,0,0,0,0,0,0,0,0,0,0,0,0,0,0,0,0,0,39.9873,-75.0904, , 
32287,371006,2016002989,6,67,67301,2015,12,1,1240,12,1,1,0,4,1, , ,N,0,0,0,3,0,1,2,2,N,N,40 02:31.243,75 05:59.533,1246, ,1241,3,2,5,N, ,0,Y, , , , , , , , ,1,1,0,0,0,0,0,0,1,0,0,1,1,0,0,0,0,0,0,0,0,0,0,0,0,0,0,0,0,0,0,0,0,0,0,4,0,40.042,-75.0999, , 
32288,371012,2015114626,6,67,67301,2015,10,7,2330,23,3,1,0,8,1, , ,N,1,2,0,3,0,1,2,2,N, ,39 56:54.579,75 09:26.606,1540, ,1530, ,0, , , ,3, , , , , , , , , ,1,1,0,0,0,0,0,0,0,0,1,0,1,0,1,0,0,0,0,0,0,0,0,0,0,0,0,0,0,0,0,0,1,0,0,3,0,39.9485,-75.1573, , 
32289,371013,2015115025,6,67,67301,2015,10,6,810,8,1,1,0,1,1, , ,N,0,0,0,3,0,1,3,3,N,N,39 54:27.570,75 11:36.938,820, ,815, ,0, ,N, ,0, , , , , , , , , ,3,3,0,0,0,0,0,0,0,0,0,0,1,1,1,0,0,0,0,0,0,0,0,0,0,0,0,0,0,0,0,0,0,0,0,8,0,39.9077,-75.1936, , 
32290,371020,2015122028,6,67,67301,2015,11,2,1647,16,1,1,0,4,1, , ,N,1,3,0,3,0,0,2,2,N,N,39 57:04.183,75 12:25.660,1652, ,1652, ,0, ,N, ,3, , , , , , , , , ,2,2,0,0,0,0,0,0,0,0,0,0,0,0,0,0,0,0,0,0,1,0,0,0,0,0,0,0,0,0,0,0,0,0,0,0,0,39.9512,-75.2071, , 
32291,371038,2016013809,6,67,67301,2015,12,1,2222,22,3,1,0,2,1, , ,N,0,0,7,3,0,0,4,2,N,N,39 54:46.918,75 14:35.728,2259, ,2245, ,0, ,N, ,0, , , , , , , , , ,2,2,0,0,0,0,0,0,0,0,0,0,0,0,0,0,0,0,0,0,0,0,0,0,0,0,0,0,0,0,0,0,0,0,0,0,0,39.913,-75.2433, , 
32292,371056,2016002399,6,67,67301,2015,12,3,1215,12,1,2,1,4,1, , ,N,1,2,0,3,0,2,4,2,N,N,39 59:35.691,75 08:57.226,1236, ,1235, ,0, ,N, ,3, , , , , , , , , ,2,2,0,0,0,0,0,0,0,0,0,2,2,0,0,0,0,0,0,0,0,0,0,0,0,0,0,0,0,0,0,0,0,0,0,4,0,39.9932,-75.1492, , 
32293,371058,2016007546,6,67,67301,2015,12,1,9999,99,3,2,1,5,1, , ,N,0,0,6,3,0,1,3,2,N,N,40 01:42.064,75 06:02.181,230, ,227,1,1,1, , ,0,Y, , , , , , , , ,2,2,0,0,0,0,0,0,0,0,0,0,1,1,1,0,0,0,0,0,1,0,0,0,0,0,0,0,0,0,0,0,0,0,0,8,0,40.0284,-75.1006, , 
32294,371060,2015093430,6,67,67301,2015,8,3,2230,22,3,1,0,8,1, , ,N,0,0,0,3,0,1,2,2,N,N,40 01:13.645,75 09:56.671,2359, ,2353, ,0, ,N, ,0, , , , , , , , , ,1,1,0,0,0,0,0,0,0,0,0,1,1,0,0,0,0,0,0,0,0,0,0,0,0,0,0,0,0,0,0,0,1,0,0,4,0,40.0205,-75.1657, , 
32295,371071,2015103316,6,67,67301,2015,9,5,1641,16,1,1,0,8,1, , ,N,0,0,0,3,0,1,2,2,N,N,39 56:05.406,75 10:59.368,1649, ,1641, ,0, ,N, ,0, , , , , , , , , ,1,1,0,0,0,0,0,0,0,0,0,0,1,1,0,0,0,0,0,0,0,0,0,0,0,0,0,0,0,0,0,0,1,0,0,8,0,39.9348,-75.1832, , 
32296,373576,2015108798,6,67,67301,2015,10,2,9999,99,1,1,0,4,1, , ,N,2,2,0,3,0,3,5,2,N,N,39 57:04.885,75 09:18.588,1100, ,1057, ,0, ,N, ,9, , , , , , , , , ,2,1,0,1,0,0,0,0,0,0,0,3,3,0,2,0,0,0,0,0,1,0,0,0,0,0,0,0,0,0,0,0,0,0,0,4,1,39.9513,-75.1551, , 
32297,373580,2015114599,6,67,67301,2015,10,4,215,2,3,1,0,5,6, , ,N,0,0,0,3,0,0,1,2,N,N,40 02:19.425,75 08:35.553,224, ,214,3,2,6,N, ,0,Y, , , , , , , , ,2,1,0,0,0,0,1,0,0,0,0,0,0,0,1,0,0,0,0,0,0,0,0,0,0,0,0,0,0,0,0,0,0,0,0,9,0,40.0387,-75.1432, , 
32298,373602,2016006733,6,67,67301,2015,12,3,940,9,1,2,1,1,1, , ,N,0,0,0,3,0,0,6,3,N,N,39 57:36.016,75 10:43.785,952, ,943, ,0, , , ,0, , , , , , , , , ,3,2,0,0,0,0,1,0,0,0,0,0,0,0,0,0,0,0,0,0,1,0,0,0,0,0,0,0,0,0,0,0,0,0,0,0,0,39.96,-75.1788, , 
32299,373604,2015099144,6,67,67301,2015,9,1,1115,11,1,1,0,4,1, , ,N,1,3,0,3,0,2,4,2,N,N,40 02:20.882,75 01:48.154,1120, ,1118, ,0, , , ,3, , , , , , , , , ,2,1,0,0,0,0,1,0,0,0,0,0,2,2,0,0,0,0,0,0,0,0,0,0,0,0,0,0,0,0,0,0,0,0,0,8,0,40.0391,-75.03, , 
32300,373605,2016002381,6,67,67301,2015,12,2,1911,19,3,1,0,5,1, , ,N,0,0,0,3,0,5,5,3,N,N,40 01:52.500,75 08:20.800,1911, ,1909,2,2,4,N, ,0,N, , , , , , , , ,3,1,0,0,0,0,1,1,0,0,0,5,5,0,0,0,0,0,0,0,0,0,0,3,0,0,0,0,0,0,0,0,0,0,0,4,0,40.0313,-75.1391, , 
32301,373611,2015059106,6,67,67301,2015,5,5,1850,18,1,1,1,1,1, , ,N,0,0,0,3,0,1,4,3,N,N,40 05:54.409,75 01:10.524,1900, ,1855, ,0, ,N, ,0, , , , , , , , , ,3,3,0,0,0,0,0,0,0,0,0,0,1,1,0,0,0,0,1,0,1,0,0,0,0,0,0,0,0,0,0,0,0,0,0,8,0,40.0984,-75.0196, , 
32302,373615,2015063924,6,67,67301,2015,5,3,2250,22,3,1,0,7,5, , ,N,0,0,0,3,0,2,3,1,N,N,39 59:42.127,75 11:31.463,9999, ,2302,1,1,1,N, ,0,N, , , , , , , , ,1,0,0,0,0,0,1,0,0,0,0,2,2,0,0,0,0,0,1,0,0,0,0,0,0,0,0,0,0,0,0,0,0,0,0,4,0,39.995,-75.1921, , 