objectid_1,objectid,crn,district,county,municipality,crash_year,crash_month,day_of_week,time_of_day,hour_of_day,illumination,weather,road_condition,collision_type,relation_to_road,work_zone_type,work_zone_loc,work_zone_ind,intersect_type,tcd_type,location_type,urban_rural,fatal_count,injury_count,person_count,total_units,sch_bus_ind,sch_zone_ind,latitude,longitude,arrival_tm,cons_zone_spd_lim,dispatch_tm,est_hrs_closed,lane_closed,ln_close_dir,ntfy_hiwy_maint,spec_juris_cd,tcd_func_cd,tfc_detour_ind,workers_pres,wz_close_detour,wz_flagger,wz_law_offcr_ind,wz_ln_closure,wz_moving,wz_other,wz_shlder_mdn,vehicle_count,automobile_count,motorcycle_count,bus_count,small_truck_count,heavy_truck_count,suv_count,van_count,bicycle_count,maj_inj_count,mod_inj_count,min_inj_count,tot_inj_count,unk_inj_deg_count,unk_inj_per_count,driver_count_16yr,driver_count_17yr,driver_count_18yr,driver_count_19yr,driver_count_20yr,driver_count_50_64yr,driver_count_65_74yr,driver_count_75plus,unbelted_occ_count,unb_death_count,unb_maj_inj_count,belted_death_count,belted_maj_inj_count,mcycle_death_count,mcycle_maj_inj_count,bicycle_death_count,bicycle_maj_inj_count,ped_count,ped_death_count,ped_maj_inj_count,max_severity_level,comm_veh_count,dec_lat,dec_long,rdwy_surf_type_cd,county_name
32438,371356,2015117589,6,67,67301,2015,10,2,2238,22,3,1,0,5,1, , ,N,0,0,0,3,0,1,2,4,N,N,39 58:07.893,75 13:05.079,2245, ,2240, ,0, ,N, ,0, , , , , , , , , ,4,3,0,0,1,0,0,0,0,0,0,0,1,1,0,0,0,0,0,0,0,0,0,1,0,0,0,0,0,0,0,0,0,0,0,8,0,39.9689,-75.2181, , 
32439,371373,2016001586,6,67,67301,2015,12,5,200,2,3,2,1,7,3, , ,N,0,0,0,3,0,1,1,1,N,N,39 56:52.532,75 08:31.732,203, ,200, ,0, ,N, ,0, , , , , , , , , ,1,1,0,0,0,0,0,0,0,0,0,1,1,0,0,0,0,0,0,0,0,0,0,0,0,0,0,0,0,0,0,0,0,0,0,4,0,39.9479,-75.1421, , 
32440,371376,2015111715,6,67,67301,2015,9,2,1715,17,1,1,0,8,1, , ,N,0,0,0,3,1,0,2,2,N,N,39 55:46.535,75 10:49.202,1723, ,1720, ,0, , ,9,0, , , , , , , , , ,1,0,0,1,0,0,0,0,0,0,0,0,0,0,0,0,0,0,0,0,0,1,0,0,0,0,0,0,0,0,0,0,1,1,0,1,1,39.9296,-75.1803,2, 
32441,371377,2015112117,6,67,67301,2015,9,2,310,3,3,1,0,4,1, , ,N,1,2,0,3,0,1,2,2,N,N,39 56:36.006,75 12:39.070,318, ,318,2,2,6, , ,3,Y, , , , , , , , ,1,0,0,0,1,0,0,0,1,1,0,0,1,0,0,0,0,0,0,0,0,0,0,0,0,0,0,0,0,0,0,1,0,0,0,2,0,39.9433,-75.2109, , 
32442,373869,2015107452,6,67,67301,2015,9,3,745,7,1,2,1,5,1, , ,N,0,0,2,3,0,1,2,2,N, ,39 57:34.449,75 09:50.633,9999, ,9999, ,0, , , ,0, , , , , , , , , ,2,0,0,0,1,1,0,0,0,0,0,0,1,1,1,0,0,0,0,0,0,0,0,0,0,0,0,0,0,0,0,0,0,0,0,8,1,39.9596,-75.1641, , 
32443,373873,2015112252,6,67,67301,2015,10,3,613,6,3,1,0,5,1, , ,N,6,0,2,3,0,1,2,2,N,N,40 00:11.864,75 11:42.460,623, ,613,1,1,3,N, ,0,N, , , , , , , , ,2,1,0,0,0,1,0,0,0,0,1,0,1,0,0,0,0,0,0,0,0,0,0,0,0,0,0,0,0,0,0,0,0,0,0,3,1,40.0033,-75.1951, , 
32444,373898,2015128054,6,67,67301,2015,11,7,2308,23,3,1,0,4,1, , ,N,1,3,0,3,0,3,3,2,N,N,40 01:08.120,75 02:58.216,2312, ,2310, ,0, ,N, ,3, , , , , , , , , ,2,2,0,0,0,0,0,0,0,0,1,2,3,0,0,0,0,0,0,0,0,0,0,1,0,0,0,0,0,0,0,0,0,0,0,3,0,40.0189,-75.0495, , 
32445,373899,2015128628,6,67,67301,2015,11,3,1545,15,1,1,0,8,1, , ,N,1,2,0,3,0,1,2,2,N,N,40 01:23.210,75 07:26.428,9999, ,9999, ,0, ,N, ,3, , , , , , , , , ,1,1,0,0,0,0,0,0,0,0,0,1,1,0,1,0,0,0,0,0,0,0,0,0,0,0,0,0,0,0,0,0,1,0,0,4,0,40.0231,-75.124, , 
32446,373901,2015130321,6,67,67301,2015,11,1,1540,15,1,1,0,4,1, , ,N,3,2,0,3,0,4,4,2,N, ,39 58:31.433,75 11:23.825,1545, ,9999,3,1,2, , ,3,Y, , , , , , , , ,2,1,0,0,0,0,1,0,0,0,0,0,4,4,0,0,0,0,0,0,0,0,0,0,0,0,0,0,0,0,0,0,0,0,0,8,0,39.9754,-75.19, , 
32447,373907,2016002376,6,67,67301,2015,12,3,800,8,1,2,1,4,1, , ,N,1,3,0,3,0,2,2,2,N,N,39 58:14.108,75 09:03.120,820, ,815,1,1,2,N, ,3,N, , , , , , , , ,2,2,0,0,0,0,0,0,0,0,1,1,2,0,0,0,0,0,0,0,0,0,0,0,0,0,0,0,0,0,0,0,0,0,0,3,0,39.9705,-75.151, , 
32448,373909,2016013972,6,67,67301,2015,12,3,152,1,3,2,1,7,4, , ,N,0,0,0,3,0,0,1,1,N,N,40 01:39.568,75 11:27.663,205, ,155, ,0, ,N, ,0, , , , , , , , , ,1,1,0,0,0,0,0,0,0,0,0,0,0,0,0,0,0,0,0,0,0,0,0,0,0,0,0,0,0,0,0,0,0,0,0,0,0,40.0277,-75.191, , 
32449,373925,2015125367,6,67,67301,2015,11,1,2051,20,3,1,0,5,1, , ,N,0,0,0,3,0,3,5,2,N,N,39 57:43.737,75 10:57.516,2100, ,2051, ,0, ,N, ,0, , , , , , , , , ,2,1,0,0,0,0,0,1,0,0,0,0,3,3,0,0,0,0,0,0,0,0,0,2,0,0,0,0,0,0,0,0,0,0,0,8,0,39.9621,-75.1826, , 
32450,373936,2015121002,6,67,67301,2015,10,6,2310,23,3,1,0,1,1, , ,N,3,2,2,3,0,2,7,3,N, ,39 58:27.983,75 11:41.461,2321, ,2312, ,0, , , ,3, , , , , , , , , ,3,3,0,0,0,0,0,0,0,0,0,0,2,2,1,0,0,0,0,0,2,0,0,1,0,0,0,0,0,0,0,0,0,0,0,8,0,39.9744,-75.1949, , 
32451,373945,2015128626,6,67,67301,2015,11,2,1630,16,1,9,0,8,1, , ,N,0,0,0,3,0,1,2,2,N, ,39 59:40.278,75 09:32.886,1530, ,9999, ,0, , , ,0, , , , , , , , , ,1,1,0,0,0,0,0,0,0,0,0,1,1,0,0,0,0,0,0,0,0,0,0,1,0,0,0,0,0,0,0,0,1,0,0,4,0,39.9945,-75.1591, , 
32452,373953,2016002609,6,67,67301,2015,12,2,1751,17,3,2,1,4,1, , ,N,2,2,0,3,0,1,2,2,N,N,40 05:47.006,74 58:15.579,1752, ,1751, ,0, ,N, ,3, , , , , , , , , ,2,1,0,0,0,0,1,0,0,0,0,1,1,0,0,1,0,0,0,0,0,0,0,1,0,0,0,0,0,0,0,0,0,0,0,4,0,40.0964,-74.971, , 
32453,373983,2015087584,6,67,67301,2015,7,3,218,2,3,1,0,5,1,1,4,Y,0,0,0,3,0,0,2,2,N,N,39 58:20.278,75 07:20.735,226,45,219,2,1,2,N, ,0,N,N,N,N,N,N,N,Y,N,2,1,0,0,0,1,0,0,0,0,0,0,0,0,0,0,0,0,0,0,1,0,0,0,0,0,0,0,0,0,0,0,0,0,0,0,1,39.9723,-75.1224, , 
32454,374003,2015133822,6,67,67301,2015,12,4,910,9,1,1,0,7,5, , ,N,0,0,0,3,0,1,1,1,N,N,39 54:54.932,75 08:51.721,914, ,910,1,1,1,N, ,0,N, , , , , , , , ,1,0,0,0,0,0,1,0,0,0,0,1,1,0,0,1,0,0,0,0,0,0,0,0,0,0,0,0,0,0,0,0,0,0,0,4,0,39.9153,-75.1477, , 
32455,374012,2016007658,6,67,67301,2015,12,3,1328,13,1,1,0,4,1, , ,N,0,0,0,3,0,0,1,2,N,N,39 59:30.897,75 07:33.571,1348, ,1332, ,0, ,N, ,0, , , , , , , , , ,2,1,0,0,0,0,1,0,0,0,0,0,0,0,1,0,0,0,0,0,0,0,0,0,0,0,0,0,0,0,0,0,0,0,0,9,0,39.9919,-75.126, , 
32456,374018,2015102387,6,67,67301,2015,9,3,1610,16,1,1,0,5,1, , ,N,0,0,0,3,0,1,2,2,N,N,39 57:28.701,75 10:02.567,1632, ,1630, ,0, ,N, ,0, , , , , , , , , ,2,1,0,0,0,0,1,0,0,0,0,1,1,0,0,0,0,0,0,0,1,0,0,1,0,0,0,0,0,0,0,0,0,0,0,4,0,39.958,-75.1674, , 
32457,374047,2015113182,6,67,67301,2015,10,1,1651,16,1,1,0,4,1, , ,N,2,2,0,3,0,1,3,2,N,N,39 54:23.986,75 11:00.103,1651, ,1651, ,0, ,N, ,3, , , , , , , , , ,2,0,1,0,0,0,1,0,0,0,0,0,1,1,0,0,0,0,0,0,2,0,0,0,0,0,0,0,0,0,0,0,0,0,0,8,0,39.9067,-75.1834, , 
32458,374082,2016012455,6,67,67301,2015,12,4,1845,18,3,2,1,8,6, , ,N,0,0,0,3,0,1,2,2,N,N,39 58:25.298,75 13:52.881,1600, ,1600, ,0, ,N, ,0, , , , , , , , , ,1,0,0,0,0,0,0,1,0,0,1,0,1,0,0,0,0,0,0,0,0,0,0,0,0,0,0,0,0,0,0,0,1,0,0,3,0,39.9737,-75.2314, , 
32459,374090,2015135934,6,67,67301,2015,12,6,1348,13,1,1,0,5,1, , ,N,0,0,0,3,0,1,3,2,N,N,40 02:28.463,75 01:43.363,1353, ,1350, ,0, ,N, ,0, , , , , , , , , ,2,0,0,0,0,0,1,1,0,0,0,0,1,1,0,0,0,0,0,0,0,1,0,0,0,0,0,0,0,0,0,0,0,0,0,8,0,40.0412,-75.0287, , 
32460,379203,2015088784,6,67,67301,2015,8,6,816,8,1,1,0,7,4, , ,N,1,2,0,3,0,1,2,2,N, ,39 54:57.913,75 14:09.812,817, ,816, ,0, , , ,3, , , , , , , , , ,1,1,0,0,0,0,0,0,0,0,0,1,1,0,0,0,0,0,0,0,1,0,0,0,0,0,0,0,0,0,0,0,0,0,0,4,0,39.9161,-75.2361, , 
32461,379211,2015106420,6,67,67301,2015,9,4,500,5,3,1,0,7,3, , ,N,6,0,2,3,0,1,1,2,N,N,40 00:49.241,75 10:46.383,510, ,505, ,0, ,N, ,0, , , , , , , , , ,1,1,0,0,0,0,0,0,0,0,0,1,1,0,0,0,0,0,0,0,0,0,0,0,0,0,0,0,0,0,0,0,0,0,0,4,0,40.0137,-75.1796, , 
32462,379220,2015122885,6,67,67301,2015,11,4,1408,14,1,1,0,4,1, , ,N,0,2,7,3,0,2,2,2,N,N,40 04:59.699,75 01:33.428,1420, ,1408,1,1,1,N, ,3,N, , , , , , , , ,2,1,0,0,0,0,1,0,0,0,1,0,2,1,0,0,0,0,0,0,1,0,0,0,0,0,0,0,0,0,0,0,0,0,0,3,0,40.0832,-75.026, , 
32463,379224,2015128677,6,67,67301,2015,11,6,1254,12,1,1,0,8,1, , ,N,1,2,0,3,0,1,2,2,N,N,40 01:42.391,75 09:12.945,1307, ,1257, ,0, , , ,3, , , , , , , , , ,1,0,0,0,0,0,0,0,0,0,0,0,1,1,0,0,0,0,0,0,0,0,0,0,0,0,0,0,0,0,0,0,1,0,0,8,0,40.0284,-75.1536, , 
32464,379237,2016012885,6,67,67301,2015,6,7,30,0,3,1,0,1,1, , ,N,0,0,0,3,0,2,3,2,N,N,39 57:41.239,75 08:57.570,0, ,0, ,0, ,N, ,0, , , , , , , , , ,2,2,0,0,0,0,0,0,0,0,0,0,2,2,1,0,0,0,0,0,1,0,0,0,0,0,0,0,0,0,0,0,0,0,0,8,0,39.9615,-75.1493, , 
32465,379239,2016080171,6,67,67301,2015,10,5,9999,99,1,9,8,4,1, , ,N,5,2,0,3,0,1,3,2,N,N,40 03:11.276,75 05:31.765,9999, ,0, ,0, ,N, ,3, , , , , , , , , ,2,1,0,1,0,0,0,0,0,0,0,0,1,1,1,0,0,0,0,0,1,0,0,0,0,0,0,0,0,0,0,0,0,0,0,8,1,40.0531,-75.0922, , 
32466,379267,2015096329,6,67,67301,2015,9,1,1612,16,1,1,0,1,1, , ,N,0,0,0,3,0,3,6,3,N,N,39 58:06.496,75 07:45.310,1625, ,1622,2,2,2,N, ,0,N, , , , , , , , ,3,3,0,0,0,0,0,0,0,0,2,1,3,0,0,0,0,0,0,0,0,0,0,2,0,0,0,0,0,0,0,0,0,0,0,3,0,39.9685,-75.1293, , 
32467,379270,2015099137,6,67,67301,2015,9,4,1010,10,1,1,0,8,1, , ,N,1,2,0,3,0,1,2,2,N,N,39 59:05.418,75 06:48.150,1015, ,1011,2,2,1,N, ,3,Y, , , , , , , , ,1,1,0,0,0,0,0,0,0,0,0,1,1,0,0,0,0,0,0,0,0,0,0,0,0,0,0,0,0,0,0,0,1,0,0,4,0,39.9848,-75.1134, , 
32468,379283,2015115089,6,67,67301,2015,10,2,1210,12,1,1,0,4,1, , ,N,5,2,2,3,0,1,2,2,N,N,39 57:27.542,75 09:44.544,1240, ,1231, ,0, ,N, ,3, , , , , , , , , ,2,1,0,0,0,0,1,0,0,0,0,1,1,0,0,0,0,0,0,0,0,0,0,0,0,0,0,0,0,0,0,0,0,0,0,4,0,39.9577,-75.1624, , 
32469,379310,2016007680,6,67,67301,2015,12,2,2246,22,3,2,1,8,1, , ,N,2,2,0,3,0,1,2,2,N,N,40 02:42.082,75 05:39.051,2350, ,2348, ,0, ,N, ,3, , , , , , , , , ,1,0,0,0,0,0,1,0,0,0,1,0,1,0,0,0,0,0,0,0,0,0,0,0,0,0,0,0,0,0,0,0,1,0,0,3,0,40.045,-75.0942, , 
32470,379327,2015127309,6,67,67301,2015,10,5,1628,16,1,1,0,1,1, , ,N,2,0,0,3,0,1,2,2,N,N,40 03:34.088,75 08:17.402,1650, ,1631, ,0, ,N, ,0, , , , , , , , , ,2,2,0,0,0,0,0,0,0,0,0,1,1,0,0,0,0,0,0,1,1,0,0,0,0,0,0,0,0,0,0,0,0,0,0,4,0,40.0595,-75.1381, , 
32471,379336,2016001038,6,67,67301,2015,12,7,2000,20,3,1,0,7,4, , ,N,0,0,0,3,0,1,1,1,N,N,40 01:39.565,75 03:35.848,2010, ,2002,2,1,3,N, ,0,Y, , , , , , , , ,1,0,0,0,0,0,1,0,0,0,0,0,1,1,0,0,0,0,0,0,1,0,0,0,0,0,0,0,0,0,0,0,0,0,0,8,0,40.0277,-75.06, , 
32472,379339,2016013626,6,67,67301,2015,8,1,1530,15,1,1,0,1,1, , ,N,0,0,0,3,0,1,2,2,N,N,40 04:24.593,75 09:29.555,0, ,0, ,0, ,N, ,0, , , , , , , , , ,2,1,0,0,1,0,0,0,0,0,0,0,1,1,0,0,0,0,0,0,1,1,0,0,0,0,0,0,0,0,0,0,0,0,0,8,0,40.0735,-75.1582, , 
32473,379342,2015114604,6,67,67301,2015,10,4,1130,11,1,1,0,8,1, , ,N,1,2,0,3,0,1,2,2,N,N,39 54:56.483,75 09:46.254,1942, ,1940, ,0, ,N, ,3, , , , , , , , , ,1,1,0,0,0,0,0,0,0,0,0,1,1,0,0,0,0,0,0,0,0,0,0,1,0,0,0,0,0,0,0,0,1,0,0,4,0,39.9157,-75.1629, , 
32474,379353,2016002405,6,67,67301,2015,12,5,1809,18,3,1,1,8,1, , ,N,1,2,0,3,0,1,2,2,N,N,40 00:40.050,75 09:20.714,1852, ,1845, ,0, ,N, ,3, , , , , , , , , ,1,1,0,0,0,0,0,0,0,0,0,1,1,0,1,0,0,0,0,0,0,0,0,0,0,0,0,0,0,0,0,0,1,0,0,4,0,40.0111,-75.1558, , 
32475,379367,2015133746,6,67,67301,2015,11,2,1325,13,1,1,0,4,1, , ,N,1,2,0,3,0,0,2,3,N,N,40 03:36.439,75 09:13.575,1335, ,1330,1,1,2, , ,3,N, , , , , , , , ,3,2,0,0,1,0,0,0,0,0,0,0,0,0,0,0,0,0,0,0,0,1,0,0,0,0,0,0,0,0,0,0,0,0,0,0,0,40.0601,-75.1538, , 
32476,379414,2016002566,6,67,67301,2015,12,4,445,4,3,1,0,1,1, , ,N,1,2,0,3,0,1,2,2,N,N,39 59:23.294,75 09:31.625,520, ,517, ,0, ,N, ,3, , , , , , , , , ,2,1,0,0,0,0,1,0,0,0,0,1,1,0,1,0,0,0,0,0,0,0,0,0,0,0,0,0,0,0,0,0,0,0,0,4,0,39.9898,-75.1588, , 
32477,379425,2015130215,6,67,67301,2015,11,7,1755,17,3,1,0,4,1, , ,N,2,2,7,3,0,2,3,2,N, ,39 55:45.184,75 13:45.242,1806, ,1800,1,1,3, , ,3,N, , , , , , , , ,2,2,0,0,0,0,0,0,0,0,0,2,2,0,0,0,0,0,0,0,0,0,0,1,0,0,0,0,0,0,0,0,0,0,0,4,0,39.9292,-75.2292, , 
32478,376887,2015135402,6,67,67301,2015,12,4,1550,15,1,1,0,1,1, , ,N,0,0,0,3,0,0,3,2,N,N,39 56:56.940,75 08:29.416,1614, ,1600, ,0, ,N, ,0, , , , , , , , , ,2,1,0,0,1,0,0,0,0,0,0,0,0,0,0,0,0,0,0,0,0,0,0,0,0,0,0,0,0,0,0,0,0,0,0,0,0,39.9492,-75.1415, , 
32479,376898,2015120519,6,67,67301,2015,11,4,1739,17,3,1,0,1,1, , ,N,0,0,0,3,0,2,3,3,N, ,40 01:06.124,75 05:58.207,1746, ,1942, ,0, , , ,0, , , , , , , , , ,3,2,0,0,0,0,0,0,0,0,0,0,2,2,0,0,0,0,0,0,0,0,0,0,0,0,0,0,0,0,0,0,0,0,0,8,0,40.0184,-75.0995, , 
32480,376913,2015102406,6,67,67301,2015,9,2,1253,12,1,1,0,4,1, , ,N,1,2,0,3,0,0,3,2,N, ,40 00:36.733,75 05:53.140,1338, ,1328, ,0, , , ,3, , , , , , , , , ,2,1,0,0,0,0,1,0,0,0,0,0,0,0,0,0,0,0,0,0,0,0,0,0,0,0,0,0,0,0,0,0,0,0,0,0,0,40.0102,-75.0981, , 
32481,376923,2015112154,6,67,67301,2015,10,7,211,2,3,1,0,2,1, , ,N,1,2,0,3,0,2,2,2,N,N,40 02:40.890,75 03:16.537,213, ,211,1,1,3,N, ,3,N, , , , , , , , ,2,2,0,0,0,0,0,0,0,0,0,0,2,2,0,0,0,0,1,0,0,0,0,2,0,0,0,0,0,0,0,0,0,0,0,8,0,40.0446,-75.0547, , 
32482,376926,2015114590,6,67,67301,2015,10,3,1250,12,1,1,0,5,1, , ,N,1,2,0,3,0,1,3,2,N,N,39 57:33.501,75 09:35.521,1301, ,1259, ,0, ,N, ,3, , , , , , , , , ,1,0,0,0,0,0,1,0,1,0,0,1,1,0,0,0,0,0,0,0,0,0,0,0,0,0,0,0,0,0,0,0,0,0,0,4,0,39.9593,-75.1599, , 
32483,376931,2015116473,6,67,67301,2015,11,5,840,8,5,2,1,1,1, , ,N,0,0,0,3,0,0,2,2,N,N,39 54:48.773,75 08:54.230,854, ,840, ,0, ,N, ,0, , , , , , , , , ,2,1,0,0,1,0,0,0,0,0,0,0,0,0,0,0,0,0,0,0,0,0,0,0,0,0,0,0,0,0,0,0,0,0,0,0,0,39.9135,-75.1484, , 
32484,376940,2015131286,6,67,67301,2015,11,1,921,9,1,2,1,7,2, , ,N,0,0,0,3,0,2,4,1,N,N,39 56:09.120,75 14:04.730,938, ,937, ,0, ,N, ,0, , , , , , , , , ,1,1,0,0,0,0,0,0,0,0,0,2,2,0,0,0,0,0,0,0,0,0,0,0,0,0,0,0,0,0,0,0,0,0,0,4,0,39.9359,-75.2346, , 
32485,376946,2016007684,6,67,67301,2015,12,6,212,2,3,6,1,1,6, , ,N,0,0,0,3,0,0,1,2,N,N,40 01:17.846,75 13:03.417,212, ,212,9,1,2,N, ,0,N, , , , , , , , ,2,0,0,0,0,1,1,0,0,0,0,0,0,0,0,0,0,0,0,0,1,0,0,0,0,0,0,0,0,0,0,0,0,0,0,0,1,40.0216,-75.2176, , 
32486,376947,2015105099,6,67,67301,2015,9,5,345,3,3,1,0,1,1, , ,N,0,0,0,3,0,0,2,2,N, ,40 06:34.894,74 59:55.283,350, ,345,9,1,4, , ,0,N, , , , , , , , ,2,0,0,0,0,1,1,0,0,0,0,0,0,0,0,0,0,0,0,0,1,0,0,0,0,0,0,0,0,0,0,0,0,0,0,0,1,40.1097,-74.9987, , 
32487,376958,2015114613,6,67,67301,2015,10,7,2100,21,3,1,0,8,1, , ,N,1,2,0,3,0,1,2,2,N, ,40 02:15.589,75 02:33.074,115, ,115, ,0, , , ,3, , , , , , , , , ,1,0,1,0,0,0,0,0,0,0,0,1,1,0,0,0,0,0,0,0,0,0,0,0,0,0,0,0,0,0,0,0,1,0,0,4,0,40.0377,-75.0425, , 
32488,376963,2015121045,6,67,67301,2015,11,3,1750,17,3,1,0,4,1, , ,N,0,0,7,3,0,1,2,2,N,N,39 59:37.495,75 05:46.382,1816, ,1753, ,0, , , ,0, , , , , , , , , ,2,2,0,0,0,0,0,0,0,0,0,0,1,1,0,0,0,0,0,0,0,0,0,1,0,0,0,0,0,0,0,0,0,0,0,8,0,39.9937,-75.0962, , 
32489,376988,2015098953,6,67,67301,2015,8,2,650,6,1,1,0,5,6, , ,N,0,0,0,3,0,1,1,5,N,N,39 57:15.516,75 13:47.837,705, ,700, ,0, ,N, ,0, , , , , , , , , ,5,2,0,0,0,0,3,0,0,0,0,1,1,0,0,0,0,0,0,0,0,0,0,1,0,0,0,0,0,0,0,0,0,0,0,4,0,39.9543,-75.23, , 
32490,377001,2015121081,6,67,67301,2015,10,6,2200,22,3,1,0,6,1, , ,N,0,0,0,3,0,0,2,2,N,N,40 03:51.900,75 01:24.027,2207, ,2200,2,1,4,N, ,0,N, , , , , , , , ,2,2,0,0,0,0,0,0,0,0,0,0,0,0,0,0,0,0,0,0,1,0,0,0,0,0,0,0,0,0,0,0,0,0,0,0,0,40.0644,-75.0233, , 
32491,377013,2015129995,6,67,67301,2015,10,6,2000,20,3,1,1,8,1, , ,N,0,0,0,3,0,1,2,2,N,N,39 57:11.491,75 11:01.579,2019, ,2015, ,0, , , ,0, , , , , , , , , ,1,1,0,0,0,0,0,0,0,1,0,0,1,0,0,0,0,0,0,0,0,0,0,1,0,0,0,0,0,0,0,0,1,0,1,2,0,39.9532,-75.1838, , 
32492,377026,2015102399,6,67,67301,2015,9,2,2143,21,3,1,1,6,1, , ,N,0,0,0,3,0,0,2,2,N,N,39 58:37.416,75 11:48.796,2149, ,2145,3,2,5,N, ,0,Y, , , , , , , , ,2,0,0,0,0,0,2,0,0,0,0,0,0,0,0,0,0,0,0,1,0,0,0,0,0,0,0,0,0,0,0,0,0,0,0,0,0,39.9771,-75.1969, , 
32493,377058,2015106185,6,67,67301,2015,9,2,319,3,3,1,0,7,7, , ,N,7,0,2,3,0,0,1,1,N,N,39 58:00.714,75 08:02.349,325, ,322, ,0, ,N, ,0, , , , , , , , , ,1,1,0,0,0,0,0,0,0,0,0,0,0,0,0,0,0,0,0,0,0,0,0,0,0,0,0,0,0,0,0,0,0,0,0,0,0,39.9684,-75.129, , 
32494,377076,2015128529,6,67,67301,2015,11,5,2130,21,3,1,0,4,1, , ,N,1,2,0,3,0,2,2,2,N,N,40 03:35.059,75 08:24.303,2325, ,2320, ,0, ,N, ,3, , , , , , , , , ,2,2,0,0,0,0,0,0,0,0,0,1,2,1,0,0,0,0,1,0,0,0,0,0,0,0,0,0,0,0,0,0,0,0,0,4,0,40.0597,-75.1401, , 
32495,377083,2015130258,6,67,67301,2015,11,4,1250,12,1,1,0,7,4, , ,N,0,0,0,3,0,1,2,2,N,N,39 56:51.080,75 10:45.347,1251, ,1250,9,2,2,N, ,0,Y, , , , , , , , ,2,1,0,0,0,0,1,0,0,0,1,0,1,0,1,0,0,0,0,0,2,0,0,0,0,0,0,0,0,0,0,0,0,0,0,3,0,39.9475,-75.1793, , 
32496,377086,2015135915,6,67,67301,2015,12,2,1717,17,4,1,0,6,1, , ,N,0,0,0,3,0,2,2,2,N, ,40 02:28.640,75 02:28.482,1722, ,1721,3,2,1, , ,0,Y, , , , , , , , ,2,2,0,0,0,0,0,0,0,0,2,0,2,0,0,0,0,0,0,0,1,0,0,0,0,0,0,0,0,0,0,0,0,0,0,3,0,40.0413,-75.0412, , 
32497,371382,2015125280,6,67,67301,2015,11,4,719,7,1,1,0,1,1, , ,N,0,0,0,3,0,1,2,2,N,N,39 54:43.057,75 08:55.660,732, ,725,2,1,2,N, ,0,N, , , , , , , , ,2,1,0,0,0,1,0,0,0,0,0,1,1,0,0,0,0,0,0,0,1,0,0,0,0,0,0,0,0,0,0,0,0,0,0,4,1,39.912,-75.1488, , 
32498,371388,2015131322,6,67,67301,2015,12,4,1700,17,3,2,2,4,1, , ,N,1,2,0,3,0,1,3,3,N,N,39 57:20.808,75 09:32.558,1720, ,1706, ,0, , , ,3, , , , , , , , , ,3,1,0,0,1,0,1,0,0,0,0,0,1,1,0,0,0,0,0,0,0,0,0,2,0,0,0,0,0,0,0,0,0,0,0,8,0,39.9558,-75.159, , 
32499,371392,2015130059,6,67,67301,2015,11,5,1125,11,1,2,1,1,1, , ,N,2,0,0,3,0,2,4,3,N, ,39 58:39.900,75 13:35.268,1135, ,1130, ,0, , , ,0, , , , , , , , , ,3,2,0,0,0,0,1,0,0,0,0,0,2,2,0,0,0,0,0,0,0,1,0,0,0,0,0,0,0,0,0,0,0,0,0,8,0,39.9777,-75.2264, , 
32500,371395,2015135403,6,67,67301,2015,12,4,1935,19,3,1,0,1,1, , ,N,0,0,0,3,0,2,4,2,N,N,40 00:37.001,75 03:48.618,2015, ,1945,2,1,2,N, ,0,N, , , , , , , , ,2,1,0,0,0,0,0,1,0,0,0,0,2,2,0,0,0,0,0,0,0,0,0,0,0,0,0,0,0,0,0,0,0,0,0,8,0,40.0103,-75.0635, , 
32501,371399,2016007479,6,67,67301,2015,12,4,2130,21,3,2,1,4,1, , ,N,1,2,0,3,0,2,3,2,N,N,40 02:44.136,75 04:17.168,2137, ,2135, ,0, , , ,3, , , , , , , , , ,2,2,0,0,0,0,0,0,0,0,0,0,2,2,0,0,0,0,0,1,0,0,0,0,0,0,0,0,0,0,0,0,0,0,0,8,0,40.0456,-75.0714, , 
32502,371409,2015112167,6,67,67301,2015,10,3,1850,18,1,1,0,4,1, , ,N,2,3,0,3,0,1,2,2,N,N,40 00:48.312,75 07:20.668,1920, ,1907, ,0, ,N, ,3, , , , , , , , , ,1,0,0,0,0,0,1,0,1,0,0,1,1,0,0,0,0,0,0,0,1,0,0,0,0,0,0,0,0,0,0,0,0,0,0,4,0,40.0134,-75.1224, , 
32503,371425,2015128590,6,67,67301,2015,11,6,1645,16,1,1,0,8,1, , ,N,0,0,0,3,0,1,2,2,N,N,40 01:24.992,75 03:52.312,1652, ,1647, ,0, ,N, ,0, , , , , , , , , ,1,1,0,0,0,0,0,0,0,0,1,0,1,0,0,0,0,0,0,0,0,1,0,0,0,0,0,0,0,0,0,0,1,0,0,3,0,40.0236,-75.0645, , 
32504,371429,2015135906,6,67,67301,2015,12,3,1625,16,1,1,0,4,1, , ,N,1,2,0,3,0,0,2,2,N,N,40 03:52.346,75 14:22.962,1630, ,1625, ,0, ,N, ,3, , , , , , , , , ,2,1,0,0,0,0,1,0,0,0,0,0,0,0,0,0,0,0,0,0,0,0,0,0,0,0,0,0,0,0,0,0,0,0,0,0,0,40.0645,-75.2397, , 