objectid_1,objectid,crn,district,county,municipality,crash_year,crash_month,day_of_week,time_of_day,hour_of_day,illumination,weather,road_condition,collision_type,relation_to_road,work_zone_type,work_zone_loc,work_zone_ind,intersect_type,tcd_type,location_type,urban_rural,fatal_count,injury_count,person_count,total_units,sch_bus_ind,sch_zone_ind,latitude,longitude,arrival_tm,cons_zone_spd_lim,dispatch_tm,est_hrs_closed,lane_closed,ln_close_dir,ntfy_hiwy_maint,spec_juris_cd,tcd_func_cd,tfc_detour_ind,workers_pres,wz_close_detour,wz_flagger,wz_law_offcr_ind,wz_ln_closure,wz_moving,wz_other,wz_shlder_mdn,vehicle_count,automobile_count,motorcycle_count,bus_count,small_truck_count,heavy_truck_count,suv_count,van_count,bicycle_count,maj_inj_count,mod_inj_count,min_inj_count,tot_inj_count,unk_inj_deg_count,unk_inj_per_count,driver_count_16yr,driver_count_17yr,driver_count_18yr,driver_count_19yr,driver_count_20yr,driver_count_50_64yr,driver_count_65_74yr,driver_count_75plus,unbelted_occ_count,unb_death_count,unb_maj_inj_count,belted_death_count,belted_maj_inj_count,mcycle_death_count,mcycle_maj_inj_count,bicycle_death_count,bicycle_maj_inj_count,ped_count,ped_death_count,ped_maj_inj_count,max_severity_level,comm_veh_count,dec_lat,dec_long,rdwy_surf_type_cd,county_name
32640,377467,2015130001,6,67,67301,2015,11,1,1647,16,1,1,0,8,1, , ,N,2,0,0,3,0,1,2,2,N,N,40 00:12.783,75 06:01.684,2118, ,1647, ,0, ,N, ,0, , , , , , , , , ,1,0,0,0,1,0,0,0,0,0,0,1,1,0,0,0,0,0,0,0,0,0,0,0,0,0,0,0,0,0,0,0,1,0,0,4,0,40.0036,-75.1005, , 
32641,377468,2015130345,6,67,67301,2015,11,7,1600,16,1,1,0,1,1, , ,N,0,0,0,3,0,0,6,2,N,N,40 00:40.339,75 10:01.046,1611, ,1611, ,0, ,N, ,0, , , , , , , , , ,2,1,0,0,1,0,0,0,0,0,0,0,0,0,0,0,0,0,0,0,1,0,0,0,0,0,0,0,0,0,0,0,0,0,0,0,0,40.0112,-75.167, , 
32642,371672,2015135890,6,67,67301,2015,12,1,2130,21,3,1,0,1,1, , ,N,1,2,0,3,0,4,5,2,N, ,39 56:52.000,75 13:38.791,2150, ,2146, ,0, , , ,3, , , , , , , , , ,2,2,0,0,0,0,0,0,0,0,0,3,4,1,0,0,0,0,1,0,0,0,0,4,0,0,0,0,0,0,0,0,0,0,0,4,0,39.9478,-75.2274, , 
32643,371675,2015103385,6,67,67301,2015,9,1,1610,16,1,1,0,4,1, , ,N,1,3,0,3,0,0,4,2,N,N,39 55:48.388,75 08:47.140,1638, ,1630, ,0, ,N, ,3, , , , , , , , , ,2,1,0,0,0,0,0,1,0,0,0,0,0,0,0,0,0,0,1,0,1,0,0,4,0,0,0,0,0,0,0,0,0,0,0,0,0,39.9301,-75.1464, , 
32644,371695,2015135933,6,67,67301,2015,12,6,2201,22,3,1,0,1,6, , ,N,0,0,0,3,0,0,1,2,N,N,39 57:27.432,75 08:44.473,2205, ,2201, ,0, ,N, ,0, , , , , , , , , ,2,1,1,0,0,0,0,0,0,0,0,0,0,0,0,0,0,0,0,0,0,0,0,0,0,0,0,0,0,0,0,0,0,0,0,0,0,39.9576,-75.1457, , 
32645,371710,2016001025,6,67,67301,2015,12,3,2148,21,3,2,1,4,1, , ,N,1,3,0,3,0,1,2,2,N, ,40 03:17.100,75 09:04.633,2155, ,2150, ,0, , , ,3, , , , , , , , , ,2,2,0,0,0,0,0,0,0,0,0,1,1,0,0,0,0,1,0,0,0,0,0,1,0,0,0,0,0,0,0,0,0,0,0,4,0,40.0548,-75.1513, , 
32646,371713,2015106214,6,67,67301,2015,10,7,40,0,3,1,0,1,1,1,4,Y,0,0,0,3,0,1,1,2,N,N,40 01:39.336,75 01:27.742,54,45,41,1,1,1,N, ,0,N,Y,N,N,N,N,N,N,Y,2,1,0,0,0,0,1,0,0,0,0,1,1,0,0,0,0,0,1,0,0,0,0,0,0,0,0,0,0,0,0,0,0,0,0,4,0,40.0276,-75.0244, , 
32647,371717,2015109262,6,67,67301,2015,10,4,2107,21,3,1,0,7,5, , ,N,0,0,0,3,0,0,2,1,N,N,40 03:21.874,75 01:08.460,2110, ,2107, ,0, ,N, ,0, , , , , , , , , ,1,1,0,0,0,0,0,0,0,0,0,0,0,0,0,0,0,0,0,0,0,0,0,0,0,0,0,0,0,0,0,0,0,0,0,0,0,40.0561,-75.019, , 
32648,371730,2016002528,6,67,67301,2015,12,1,1130,11,1,1,0,4,1, , ,N,1,3,0,3,0,0,3,2,N,N,39 58:07.388,75 14:40.030,1200, ,1151, ,0, ,N, ,3, , , , , , , , , ,2,1,0,0,0,0,1,0,0,0,0,0,0,0,2,0,0,0,0,0,0,1,0,0,0,0,0,0,0,0,0,0,0,0,0,9,0,39.9687,-75.2445, , 
32649,371748,2015135930,6,67,67301,2015,12,6,2104,21,3,1,0,5,6, , ,N,0,0,0,3,0,0,2,2,N, ,40 05:38.295,74 57:46.698,2107, ,2105, ,0, , , ,0, , , , , , , , , ,2,2,0,0,0,0,0,0,0,0,0,0,0,0,0,0,0,0,0,0,1,0,0,1,0,0,0,0,0,0,0,0,0,0,0,0,0,40.094,-74.963, , 
32650,371757,2015095676,6,67,67301,2015,9,6,800,8,1,1,0,4,1, , ,N,1,2,0,3,0,2,2,2,N,N,40 01:20.289,75 09:43.290,850, ,846, ,0, ,N, ,3, , , , , , , , , ,2,2,0,0,0,0,0,0,0,0,0,2,2,0,0,0,0,0,0,0,0,0,0,1,0,0,0,0,0,0,0,0,0,0,0,4,0,40.0223,-75.162, , 
32651,371780,2016007833,6,67,67301,2015,12,2,2133,21,3,2,1,1,1, , ,N,0,0,0,3,0,2,4,2,N,N,39 55:32.222,75 11:38.125,2156, ,2133,2,2,3, , ,0,N, , , , , , , , ,2,1,0,0,0,0,0,0,0,0,2,0,2,0,1,0,0,0,0,0,0,0,0,0,0,0,0,0,0,0,0,0,0,0,0,3,0,39.9256,-75.1939, , 
32652,371783,2015099052,6,67,67301,2015,9,5,1230,12,1,2,1,1,1, , ,N,0,2,0,3,0,1,4,2,Y, ,39 58:41.804,75 07:07.852,1743, ,1741, ,0, ,N, ,3, , , , , , , , , ,2,1,0,1,0,0,0,0,0,0,0,0,1,1,0,0,0,0,0,0,0,0,0,0,0,0,0,0,0,0,0,0,0,0,0,8,1,39.9783,-75.1188, , 
32653,371817,2015128592,6,67,67301,2015,11,6,1914,19,3,1,0,8,1, , ,N,0,0,0,3,0,2,3,3,N,N,39 54:48.956,75 09:00.157,1934, ,1929, ,0, ,N, ,0, , , , , , , , , ,1,0,0,0,0,0,1,0,0,0,0,2,2,0,0,0,0,0,0,0,0,0,0,1,0,0,0,0,0,0,0,0,2,0,0,4,0,39.9136,-75.15, , 
32654,371820,2015130287,6,67,67301,2015,11,2,2016,20,3,9,0,8,1, , ,N,0,0,0,3,0,1,2,2,N,N,39 57:46.230,75 09:40.452,2020, ,2018, ,0, ,N, ,0, , , , , , , , , ,1,1,0,0,0,0,0,0,0,0,0,0,1,1,0,0,0,0,0,0,0,0,0,1,0,0,0,0,0,0,0,0,1,0,0,8,0,39.9628,-75.1612, , 
32655,371825,2015130099,6,67,67301,2015,11,6,1705,17,3,1,0,5,6, , ,N,0,0,0,3,0,0,1,3,N,N,40 01:49.911,75 07:13.224,1717, ,1715, ,0, ,N, ,0, , , , , , , , , ,3,2,0,0,0,0,1,0,0,0,0,0,0,0,0,0,0,0,0,0,0,0,0,0,0,0,0,0,0,0,0,0,0,0,0,0,0,40.0305,-75.1203, , 
32656,371841,2015120507,6,67,67301,2015,11,5,2328,23,3,8,1,5,1, , ,N,0,0,0,3,0,1,2,2,N, ,39 56:45.413,75 09:54.202,2335, ,2130, ,0, , , ,0, , , , , , , , , ,1,1,0,0,0,0,0,0,1,0,1,0,1,0,0,0,0,0,0,0,0,0,0,1,0,0,0,0,0,0,0,0,0,0,0,3,0,39.9459,-75.1651, , 
32657,371853,2015128610,6,67,67301,2015,11,1,2230,22,3,1,0,5,6, , ,N,0,0,0,3,0,0,1,3,N,N,39 56:29.228,75 10:39.259,2332, ,2330, ,0, ,N, ,0, , , , , , , , , ,3,2,0,0,0,0,1,0,0,0,0,0,0,0,1,0,0,0,0,0,0,0,0,0,0,0,0,0,0,0,0,0,0,0,0,9,0,39.9415,-75.1776, , 
32658,371867,2016007485,6,67,67301,2015,12,1,1838,18,3,2,1,1,1, , ,N,0,0,7,3,0,2,3,2,N,N,39 58:57.900,75 13:50.900,1850, ,1848, ,0, ,N, ,0, , , , , , , , , ,2,1,0,0,0,0,1,0,0,0,0,1,2,1,0,0,0,0,0,0,1,1,0,1,0,0,0,0,0,0,0,0,0,0,0,4,0,39.9828,-75.2308, , 
32659,371873,2015118132,6,67,67301,2015,10,7,445,4,2,1,0,7,4, , ,N,0,0,0,3,0,1,1,1,N,N,39 59:59.873,75 05:31.339,455, ,450, ,0, ,N, ,0, , , , , , , , , ,1,0,0,0,0,0,1,0,0,0,0,0,1,1,0,0,0,0,0,0,0,0,0,1,0,0,0,0,0,0,0,0,0,0,0,8,0,40,-75.092, , 
32660,371882,2015130108,6,67,67301,2015,11,1,1531,15,1,1,0,4,1, , ,N,5,2,0,3,0,1,3,2,N,N,40 02:01.136,75 03:49.097,1532, ,1532, ,0, ,N, ,3, , , , , , , , , ,2,2,0,0,0,0,0,0,0,0,0,1,1,0,0,0,0,0,0,0,2,0,0,0,0,0,0,0,0,0,0,0,0,0,0,4,0,40.0336,-75.0636, , 
32661,374483,2015118155,6,67,67301,2015,10,6,416,4,3,1,0,7,4, , ,N,2,3,0,3,0,0,1,1,N, ,40 01:30.298,75 09:50.425,428, ,417, ,0, , , ,3, , , , , , , , , ,1,0,0,0,0,0,0,1,0,0,0,0,0,0,0,0,0,0,0,0,0,0,0,0,0,0,0,0,0,0,0,0,0,0,0,0,0,40.0251,-75.164, , 
32662,374499,2015135939,6,67,67301,2015,12,3,1730,17,3,1,0,4,1, , ,N,1,2,0,3,0,2,3,2,N,N,40 00:54.888,75 10:11.461,1746, ,1745, ,0, ,N, ,3, , , , , , , , , ,2,1,0,0,0,0,0,1,0,0,0,2,2,0,0,0,0,0,0,0,0,1,0,0,0,0,0,0,0,0,0,0,0,0,0,4,0,40.0152,-75.1699, , 
32663,374501,2015136393,6,67,67301,2015,12,5,821,8,1,1,0,4,1, , ,N,0,0,0,3,0,0,2,2,N,N,39 53:18.562,75 13:59.409,913, ,911,3,1,1,N, ,0,N, , , , , , , , ,2,2,0,0,0,0,0,0,0,0,0,0,0,0,0,0,0,0,0,0,0,0,0,0,0,0,0,0,0,0,0,0,0,0,0,0,0,39.8885,-75.2332, , 
32664,374515,2016002546,6,67,67301,2015,12,6,1835,18,3,1,0,1,1, , ,N,1,2,0,3,0,3,6,4,N,N,39 57:29.061,75 09:44.627,1900, ,1836,2,1,2,N, ,3,Y, , , , , , , , ,4,2,0,0,0,0,1,1,0,0,0,0,3,3,3,0,0,0,0,0,0,0,0,0,0,0,0,0,0,0,0,0,0,0,0,8,0,39.9579,-75.1623, , 
32665,374516,2016002971,6,67,67301,2015,12,5,2340,23,3,2,1,4,1, , ,N,0,2,7,3,0,1,2,2,N,N,40 01:40.383,75 05:58.721,2346, ,2343,1,1,1,N, ,3,N, , , , , , , , ,2,2,0,0,0,0,0,0,0,0,0,1,1,0,1,0,0,0,0,0,1,0,0,0,0,0,0,0,0,0,0,0,0,0,0,4,0,40.0279,-75.0996, , 
32666,374519,2016015998,6,67,67301,2015,10,7,2130,21,3,1,0,1,1, , ,N,1,2,0,3,0,1,4,2,N,N,39 58:17.270,75 09:34.235,0, ,0, ,0, ,N, ,3, , , , , , , , , ,2,1,0,0,0,0,1,0,0,0,1,0,1,0,0,0,0,0,0,1,0,0,0,3,0,0,0,0,0,0,0,0,0,0,0,3,0,39.9714,-75.1594, , 
32667,374546,2015130350,6,67,67301,2015,11,5,215,2,3,1,0,4,1, , ,N,1,3,0,3,0,4,4,3,N,N,40 01:53.367,75 07:43.093,220, ,219, ,0, ,N, ,3, , , , , , , , , ,3,1,0,0,1,0,1,0,0,0,2,2,4,0,0,0,0,0,0,0,1,0,0,0,0,0,0,0,0,0,0,0,0,0,0,3,0,40.0315,-75.1286, , 
32668,374549,2015133337,6,67,67301,2015,12,4,918,9,1,6,1,1,1, , ,N,6,0,2,3,0,1,2,2,N,N,40 02:45.429,75 00:06.477,1025, ,922, ,0, ,N, ,0, , , , , , , , , ,2,0,0,0,0,0,2,0,0,0,0,0,1,1,0,0,0,0,0,0,0,0,1,0,0,0,0,0,0,0,0,0,0,0,0,8,0,40.046,-75.0018, , 
32669,374550,2015133381,6,67,67301,2015,11,7,45,0,3,1,0,5,1, , ,N,0,0,0,3,0,1,2,2,N,N,39 56:58.741,75 08:28.923,100, ,47,1,1,1,N, ,0,N, , , , , , , , ,2,1,0,0,0,0,1,0,0,0,1,0,1,0,1,0,0,0,0,0,0,0,0,1,0,0,0,0,0,0,0,0,0,0,0,3,0,39.9497,-75.1414, , 
32670,374553,2016002564,6,67,67301,2015,12,4,836,8,1,1,0,4,1, , ,N,2,0,0,3,0,1,4,2,N,N,39 58:33.531,75 09:34.070,837, ,831, ,0, ,N, ,0, , , , , , , , , ,2,2,0,0,0,0,0,0,0,0,0,1,1,0,0,0,0,0,0,0,1,0,0,0,0,0,0,0,0,0,0,0,0,0,0,4,0,39.976,-75.1595, , 
32671,374555,2016012454,6,67,67301,2015,12,3,1750,17,1,2,1,4,1, , ,N,2,0,0,3,0,1,2,2,N, ,40 00:31.034,75 04:07.810,1750, ,1753,2,1,7, , ,0,N, , , , , , , , ,2,2,0,0,0,0,0,0,0,0,0,1,1,0,0,0,0,0,0,0,1,0,0,0,0,0,0,0,0,0,0,0,0,0,0,4,0,40.0086,-75.0688, , 
32672,374557,2015115064,6,67,67301,2015,10,6,1330,13,1,1,0,5,1, , ,N,1,2,0,3,0,2,5,3,N,N,39 58:53.344,75 07:02.419,1342, ,1340,1,2,1,N, ,3,N, , , , , , , , ,3,1,0,0,0,0,2,0,0,0,0,2,2,0,1,0,0,0,0,0,0,0,0,2,0,0,0,0,0,0,0,0,0,0,0,4,0,39.9815,-75.1173, , 
32673,374562,2015120527,6,67,67301,2015,11,4,1000,10,1,1,0,8,1, , ,N,1,2,0,3,0,1,2,2,N, ,39 59:54.633,75 07:45.412,1008, ,1005, ,0, , , ,3, , , , , , , , , ,1,1,0,0,0,0,0,0,0,0,0,0,1,1,0,0,0,0,0,0,0,0,0,1,0,0,0,0,0,0,0,0,1,0,0,8,0,39.9985,-75.1293, , 
32674,374578,2015098955,6,67,67301,2015,9,4,1250,12,1,1,0,4,1, , ,N,1,3,0,3,0,0,2,2,N,N,39 56:56.623,75 09:20.444,1307, ,1258, ,0, ,N, ,3, , , , , , , , , ,2,2,0,0,0,0,0,0,0,0,0,0,0,0,0,0,0,0,0,0,0,0,0,0,0,0,0,0,0,0,0,0,0,0,0,0,0,39.9491,-75.1557, , 
32675,374582,2015103331,6,67,67301,2015,9,6,530,5,3,1,0,5,6, , ,N,0,0,0,3,0,1,1,2,N, ,39 56:15.964,75 09:13.158,535, ,530, ,0, , , ,0, , , , , , , , , ,2,1,0,0,0,0,1,0,0,0,1,0,1,0,0,0,0,0,0,0,0,0,0,0,0,0,0,0,0,0,0,0,0,0,0,3,0,39.9378,-75.1537, , 
32676,374583,2015103378,6,67,67301,2015,9,1,806,8,1,1,0,4,1, , ,N,1,2,0,3,0,1,2,2,N,N,39 57:44.928,75 12:58.376,838, ,836, ,0, ,N, ,3, , , , , , , , , ,2,2,0,0,0,0,0,0,0,0,0,0,1,1,0,0,0,0,0,0,0,0,0,0,0,0,0,0,0,0,0,0,0,0,0,8,0,39.9624,-75.2158, , 
32677,374632,2015133736,6,67,67301,2015,11,3,1920,19,3,2,1,7,4, , ,N,0,0,0,3,0,1,1,1,N,N,40 01:34.398,75 11:38.376,1930, ,1925, ,0, ,N, ,0, , , , , , , , , ,1,1,0,0,0,0,0,0,0,0,1,0,1,0,0,0,0,0,0,0,0,0,0,0,0,0,0,0,0,0,0,0,0,0,0,3,0,40.0262,-75.194, , 
32678,374633,2015133760,6,67,67301,2015,12,4,5,0,3,2,1,7,4, , ,N,0,0,0,3,0,0,1,1,N, ,40 07:09.891,75 00:29.738,5, ,5,3,1,3, , ,0,N, , , , , , , , ,1,0,0,0,0,0,1,0,0,0,0,0,0,0,0,0,0,0,0,0,0,0,0,0,0,0,0,0,0,0,0,0,0,0,0,0,0,40.1194,-75.0083, , 
32679,379670,2015120215,6,67,67301,2015,11,3,1024,10,1,1,0,1,1, , ,N,0,0,0,3,0,1,2,2,N,N,39 58:13.881,75 11:34.361,1034, ,1028, ,0, ,N, ,0, , , , , , , , , ,2,1,0,0,0,1,0,0,0,0,0,1,1,0,0,0,0,0,0,0,0,0,0,0,0,0,0,0,0,0,0,0,0,0,0,4,1,39.9705,-75.1929, , 
32680,379678,2015130003,6,67,67301,2015,11,7,9999,99,3,1,0,1,1, , ,N,0,0,0,3,0,0,1,4,N,N,39 55:04.448,75 10:24.293,325, ,214, ,0, ,N, ,0, , , , , , , , , ,4,1,0,0,0,0,3,0,0,0,0,0,0,0,0,0,0,0,0,0,0,0,0,0,0,0,0,0,0,0,0,0,0,0,0,0,0,39.9179,-75.1734, , 
32681,379701,2015117673,6,67,67301,2015,10,5,852,8,1,1,1,5,6, , ,N,0,0,0,3,0,1,2,3,N,N,40 04:51.205,75 02:14.214,857, ,854,1,1,4,N, ,0,N, , , , , , , , ,3,3,0,0,0,0,0,0,0,0,0,1,1,0,0,0,0,0,0,0,0,0,0,0,0,0,0,0,0,0,0,0,0,0,0,4,0,40.0809,-75.0373, , 
32682,379712,2015130038,6,67,67301,2015,11,3,2350,23,6,2,7,7,4, , ,N,0,0,1,3,0,1,1,2,N, ,39 53:34.261,75 13:24.632,18, ,16, ,0, , , ,0, , , , , , , , , ,1,1,0,0,0,0,0,0,0,0,0,0,1,1,0,0,0,0,1,0,0,0,0,0,0,0,0,0,0,0,0,0,0,0,0,8,0,39.8929,-75.2235, , 
32683,379719,2016002978,6,67,67301,2015,11,5,1830,18,3,1,0,5,6, , ,N,0,0,0,3,0,0,2,2,N,N,39 55:49.594,75 10:24.355,1840, ,1833, ,0, , , ,0, , , , , , , , , ,2,2,0,0,0,0,0,0,0,0,0,0,0,0,2,0,0,0,0,0,0,0,0,0,0,0,0,0,0,0,0,0,0,0,0,9,0,39.9304,-75.1734, , 
32684,379737,2015121013,6,67,67301,2015,11,1,116,1,3,1,0,7,4, , ,N,0,0,0,3,0,1,1,1,N,N,39 59:53.787,75 09:31.025,130, ,125, ,0, ,N, ,0, , , , , , , , , ,1,1,0,0,0,0,0,0,0,0,0,1,1,0,0,0,0,0,0,0,0,0,0,0,0,0,0,0,0,0,0,0,0,0,0,4,0,39.9983,-75.1586, , 
32685,379752,2016002578,6,67,67301,2015,12,5,1610,16,1,2,1,8,1, , ,N,0,0,0,3,0,1,2,2,N,N,39 59:48.600,75 09:09.000,1620, ,1615, ,0, ,N, ,0, , , , , , , , , ,1,0,0,0,0,0,0,0,0,0,0,0,1,1,1,0,0,0,0,0,0,0,0,0,0,0,0,0,0,0,0,0,1,0,0,8,0,39.9968,-75.1525, , 
32686,379766,2016014361,6,67,67301,2015,12,4,617,6,3,1,0,4,1, , ,N,1,0,0,3,0,2,3,2,N,N,40 01:48.874,75 08:45.412,0, ,0, ,0, ,N, ,0, , , , , , , , , ,2,1,0,0,0,0,1,0,0,0,2,0,2,0,1,0,0,0,0,0,1,0,0,0,0,0,0,0,0,0,0,0,0,0,0,3,0,40.0302,-75.1459, , 
32687,379796,2015128526,6,67,67301,2015,11,4,1100,11,1,1,0,1,1, , ,N,0,0,0,3,0,3,5,2,N, ,39 59:33.299,75 05:55.188,1153, ,1144,9,1,2, , ,0,N, , , , , , , , ,2,2,0,0,0,0,0,0,0,0,0,0,3,3,0,0,0,0,1,0,0,0,0,5,0,0,0,0,0,0,0,0,0,0,0,8,0,39.9926,-75.0987, , 
32688,379808,2015134581,6,67,67301,2015,12,4,2223,22,3,1,0,1,1,1,4,Y,0,0,0,3,0,3,5,3,N,N,40 01:28.605,75 01:47.887,2233,45,2230,2,1,1,N, ,0,N,Y,N,N,N,N,N,N,Y,3,2,0,0,0,0,1,0,0,0,0,0,3,3,0,0,0,0,0,1,0,0,0,1,0,0,0,0,0,0,0,0,0,0,0,8,0,40.0246,-75.03, , 
32689,379810,2015135818,6,67,67301,2015,12,1,1600,16,1,1,0,4,1, , ,N,3,3,0,3,0,0,3,3,N,N,40 01:36.696,75 07:16.506,2121, ,2115, ,0, , , ,3, , , , , , , , , ,3,1,0,0,0,0,1,1,0,0,0,0,0,0,0,0,0,0,0,0,0,0,0,3,0,0,0,0,0,0,0,0,0,0,0,0,0,40.0269,-75.1213, , 
32690,379813,2016001452,6,67,67301,2015,12,5,1500,15,1,1,0,8,1, , ,N,0,0,0,3,0,2,3,3,N, ,40 00:14.054,75 08:55.271,1512, ,1508, ,0, , , ,0, , , , , , , , , ,1,1,0,0,0,0,0,0,0,0,0,2,2,0,0,0,0,0,0,0,0,0,0,1,0,0,0,0,0,0,0,0,2,0,0,4,0,40.0039,-75.1487, , 
32691,379818,2016004268,6,67,67301,2015,12,6,1710,17,3,1,0,1,1, , ,N,6,4,2,3,0,0,2,2,N,N,39 53:55.824,75 10:15.766,1803, ,1726,2,1,1,N, ,3,N, , , , , , , , ,2,1,0,0,0,0,0,1,0,0,0,0,0,0,0,0,0,0,0,0,0,0,0,0,0,0,0,0,0,0,0,0,0,0,0,0,0,39.8988,-75.171, , 
32692,379820,2016013635,6,67,67301,2015,8,5,1930,19,1,1,0,4,1, , ,N,1,3,0,3,0,3,4,2,N,N,39 56:06.266,75 09:48.783,0, ,0, ,0, ,N, ,3, , , , , , , , , ,2,0,0,0,0,0,2,0,0,0,0,0,3,3,0,0,0,0,0,0,1,0,0,1,0,0,0,0,0,0,0,0,0,0,0,8,0,39.9351,-75.1636, , 
32693,379859,2015109358,6,67,67301,2015,10,3,229,2,3,1,0,5,6, , ,N,0,0,0,3,0,1,1,2,N, ,39 59:27.005,75 07:28.937,232, ,230, ,0, , , ,0, , , , , , , , , ,2,1,0,0,1,0,0,0,0,0,0,1,1,0,0,0,0,0,0,0,0,0,0,0,0,0,0,0,0,0,0,0,0,0,0,4,0,39.9908,-75.1247, , 
32694,379873,2015125372,6,67,67301,2015,11,5,502,5,3,1,0,5,1,1,4,Y,0,0,0,3,0,1,4,3,N,N,39 58:04.063,75 07:51.325,506,45,503, ,0, ,N, ,0, ,N,N,N,N,Y,N,N,N,3,2,0,0,1,0,0,0,0,0,0,0,1,1,0,0,0,0,0,0,0,0,0,0,0,0,0,0,0,0,0,0,0,0,0,8,0,39.9678,-75.1309, , 
32695,379904,2015114573,6,67,67301,2015,9,3,1815,18,1,1,0,1,1, , ,N,1,0,0,3,0,2,3,2,N,N,40 00:19.420,75 06:33.689,1825, ,1820, ,0, ,N, ,0, , , , , , , , , ,2,1,0,0,0,0,0,0,0,0,0,1,2,1,1,0,0,0,0,0,1,0,0,0,0,0,0,0,0,0,0,0,0,0,0,4,0,40.0054,-75.1094, , 
32696,379905,2015115071,6,67,67301,2015,10,1,35,0,3,1,0,1,6, , ,N,0,0,0,3,0,2,2,2,N, ,40 01:10.862,75 07:29.055,45, ,35,3,2,5, , ,0,Y, , , , , , , , ,2,1,0,0,0,0,1,0,0,0,2,0,2,0,0,0,0,0,0,0,0,0,0,0,0,0,0,0,0,0,0,0,0,0,0,3,0,40.0197,-75.1247, , 
32697,379911,2015121528,6,67,67301,2015,11,1,50,0,3,1,0,2,1, , ,N,1,2,0,3,0,0,7,3,N,N,39 58:44.043,75 09:34.387,50, ,50, ,0, ,N, ,3, , , , , , , , , ,3,0,0,0,0,0,3,0,0,0,0,0,0,0,0,0,0,0,1,0,0,0,0,0,0,0,0,0,0,0,0,0,0,0,0,0,0,39.9789,-75.1594, , 
32698,377474,2016007533,6,67,67301,2015,12,5,2030,20,6,1,1,8,1, , ,N,1,3,0,3,0,2,3,3,N,N,40 04:01.606,75 08:55.201,120, ,110, ,0, ,N, ,3, , , , , , , , , ,1,1,0,0,0,0,0,0,0,0,0,2,2,0,1,0,0,0,0,0,0,0,0,0,0,0,0,0,0,0,0,0,2,0,0,4,0,40.0671,-75.1487, , 
32699,377484,2015130232,6,67,67301,2015,11,3,1244,12,1,1,0,5,6, , ,N,0,0,0,3,0,1,1,3,N,N,39 55:00.886,75 14:04.833,1245, ,1245,9,2,7, , ,0,Y, , , , , , , , ,3,1,0,0,1,0,1,0,0,0,0,0,1,1,0,0,0,0,0,0,0,0,0,1,0,0,0,0,0,0,0,0,0,0,0,8,0,39.9169,-75.2347, , 
32700,377491,2016002980,6,67,67301,2015,12,6,815,8,3,2,1,4,1, , ,N,1,2,0,3,0,1,2,2,N,N,40 03:06.267,75 09:10.785,835, ,830, ,0, , , ,3, , , , , , , , , ,2,2,0,0,0,0,0,0,0,0,0,0,1,1,0,0,0,0,0,0,1,0,0,0,0,0,0,0,0,0,0,0,0,0,0,8,0,40.0517,-75.153, , 
32701,377499,2015109354,6,67,67301,2015,10,3,2318,23,3,1,0,1,6, , ,N,0,0,0,3,0,1,1,2,N, ,40 01:29.521,75 10:50.787,2324, ,2318, ,0, , , ,0, , , , , , , , , ,2,0,0,0,0,1,1,0,0,0,0,1,1,0,0,0,0,0,0,0,1,0,0,0,0,0,0,0,0,0,0,0,0,0,0,4,1,40.0249,-75.1808, , 
32702,377515,2015130083,6,67,67301,2015,11,3,1250,12,1,2,1,7,4, , ,N,0,0,0,3,0,1,1,1,N,N,39 59:46.999,75 12:05.624,1257, ,1253, ,0, ,N, ,0, , , , , , , , , ,1,1,0,0,0,0,0,0,0,0,0,1,1,0,0,0,0,0,0,0,0,0,0,0,0,0,0,0,0,0,0,0,0,0,0,4,0,39.9964,-75.2016, , 
32703,377522,2016000986,6,67,67301,2015,12,5,15,0,3,1,0,5,1, , ,N,0,0,7,3,0,1,4,2,N,N,40 00:22.802,75 06:59.799,21, ,19, ,0, ,N, ,0, , , , , , , , , ,2,0,0,0,0,1,1,0,0,0,0,1,1,0,0,0,0,0,0,0,1,0,0,2,0,0,0,0,0,0,0,0,0,0,0,4,1,40.0063,-75.1166, , 
32704,377523,2016007581,6,67,67301,2015,12,7,2230,22,3,6,1,5,1, , ,N,1,2,0,3,0,1,2,2,N,N,39 59:32.614,75 08:31.878,2233, ,2230, ,0, ,N, ,9, , , , , , , , , ,2,2,0,0,0,0,0,0,0,1,0,0,1,0,1,0,0,0,0,0,0,0,0,0,0,0,0,0,0,0,0,0,0,0,0,2,0,39.9923,-75.1422, , 
32705,377533,2015131351,6,67,67301,2015,12,3,638,6,1,2,1,1,1, , ,N,1,2,0,3,0,1,2,2,N,N,39 58:17.270,75 09:34.235,644, ,641, ,0, ,N, ,3, , , , , , , , , ,2,1,0,0,1,0,0,0,0,0,0,0,1,1,0,0,0,0,0,0,2,0,0,1,0,0,0,0,0,0,0,0,0,0,0,8,0,39.9714,-75.1594, , 
32706,377562,2015120603,6,67,67301,2015,11,7,1508,15,1,1,0,1,1, , ,N,0,0,0,3,0,3,5,4,N,N,40 00:10.024,75 11:40.037,1508, ,1508, ,0, ,N, ,0, , , , , , , , , ,4,4,0,0,0,0,0,0,0,0,0,0,3,3,0,0,0,0,0,1,2,0,0,0,0,0,0,0,0,0,0,0,0,0,0,8,0,40.0028,-75.1945, , 