objectid_1,objectid,crn,district,county,municipality,crash_year,crash_month,day_of_week,time_of_day,hour_of_day,illumination,weather,road_condition,collision_type,relation_to_road,work_zone_type,work_zone_loc,work_zone_ind,intersect_type,tcd_type,location_type,urban_rural,fatal_count,injury_count,person_count,total_units,sch_bus_ind,sch_zone_ind,latitude,longitude,arrival_tm,cons_zone_spd_lim,dispatch_tm,est_hrs_closed,lane_closed,ln_close_dir,ntfy_hiwy_maint,spec_juris_cd,tcd_func_cd,tfc_detour_ind,workers_pres,wz_close_detour,wz_flagger,wz_law_offcr_ind,wz_ln_closure,wz_moving,wz_other,wz_shlder_mdn,vehicle_count,automobile_count,motorcycle_count,bus_count,small_truck_count,heavy_truck_count,suv_count,van_count,bicycle_count,maj_inj_count,mod_inj_count,min_inj_count,tot_inj_count,unk_inj_deg_count,unk_inj_per_count,driver_count_16yr,driver_count_17yr,driver_count_18yr,driver_count_19yr,driver_count_20yr,driver_count_50_64yr,driver_count_65_74yr,driver_count_75plus,unbelted_occ_count,unb_death_count,unb_maj_inj_count,belted_death_count,belted_maj_inj_count,mcycle_death_count,mcycle_maj_inj_count,bicycle_death_count,bicycle_maj_inj_count,ped_count,ped_death_count,ped_maj_inj_count,max_severity_level,comm_veh_count,dec_lat,dec_long,rdwy_surf_type_cd,county_name
32707,377574,2016001042,6,67,67301,2015,12,6,700,7,1,1,0,8,1, , ,N,1,2,0,3,0,1,2,2,N, ,40 01:50.439,75 03:17.355,855, ,850, ,0, , , ,3, , , , , , , , , ,1,1,0,0,0,0,0,0,0,0,0,0,1,1,0,0,0,0,0,0,0,0,0,1,0,0,0,0,0,0,0,0,1,0,0,8,0,40.0306,-75.0548, , 
32708,377597,2016000952,6,67,67301,2015,12,2,2218,22,3,2,1,6,1, , ,N,0,0,0,3,0,0,2,2,N,N,40 01:38.709,75 11:33.793,2230, ,2222,2,1,4,N, ,0,N, , , , , , , , ,2,0,0,0,1,0,0,1,0,0,0,0,0,0,0,0,0,0,0,0,0,0,0,0,0,0,0,0,0,0,0,0,0,0,0,0,0,40.0274,-75.1927, , 
32709,377624,2015131232,6,67,67301,2015,11,2,858,8,1,1,0,8,1, , ,N,5,2,2,3,0,1,2,2,N,N,39 57:26.357,75 08:38.887,900, ,858, ,0, ,N, ,3, , , , , , , , , ,1,1,0,0,0,0,0,0,0,0,0,1,1,0,0,0,0,0,0,0,1,0,0,0,0,0,0,0,0,0,0,0,1,0,0,4,0,39.9573,-75.1441, , 
32710,377631,2016000924,6,67,67301,2015,12,5,910,9,1,1,0,1,1, , ,N,5,2,0,3,0,1,2,2,N, ,39 59:56.641,75 06:31.521,959, ,950, ,0, , , ,3, , , , , , , , , ,2,1,0,0,0,0,0,1,0,0,0,1,1,0,1,0,0,0,0,1,0,0,0,0,0,0,0,0,0,0,0,0,0,0,0,4,0,39.9991,-75.1088, , 
32711,377661,2015121006,6,67,67301,2015,10,6,1635,16,1,1,0,1,6, , ,N,0,0,0,3,0,0,1,2,N, ,39 56:50.229,75 14:19.870,1717, ,1715, ,0, , , ,0, , , , , , , , , ,2,1,0,0,0,0,1,0,0,0,0,0,0,0,0,0,0,0,0,0,0,0,0,0,0,0,0,0,0,0,0,0,0,0,0,0,0,39.9473,-75.2389, , 
32712,377669,2015130277,6,67,67301,2015,11,1,2155,21,3,1,0,8,1, , ,N,2,2,0,3,0,1,2,2,N,N,39 55:19.017,75 11:19.719,2157, ,2157, ,0, ,N, ,3, , , , , , , , , ,1,0,0,0,0,0,0,1,0,0,0,1,1,0,0,0,0,0,0,0,1,0,0,0,0,0,0,0,0,0,0,0,1,0,0,4,0,39.9219,-75.1888, , 
32713,377670,2015130323,6,67,67301,2015,11,3,2043,20,3,1,0,8,1, , ,N,0,0,0,3,0,1,2,2,N,N,39 58:48.405,75 09:47.982,2105, ,2100, ,0, ,N, ,0, , , , , , , , , ,1,1,0,0,0,0,0,0,0,0,0,0,1,1,0,0,0,0,0,0,0,0,0,0,0,0,0,0,0,0,0,0,1,0,0,8,0,39.9801,-75.1633, , 
32714,377677,2016000964,6,67,67301,2015,12,7,2300,23,3,1,0,1,1, , ,N,0,0,0,3,0,1,2,2,N,N,40 03:13.093,75 08:52.760,2324, ,2321,3,2,1,N, ,0,Y, , , , , , , , ,2,1,0,0,1,0,0,0,0,0,1,0,1,0,0,0,0,0,0,0,0,0,0,0,0,0,0,0,0,0,0,0,0,0,0,3,0,40.0536,-75.148, , 
32715,377678,2016002435,6,67,67301,2015,12,1,1915,19,3,1,0,4,1, , ,N,0,0,0,3,0,0,1,3,N,N,40 02:30.535,75 09:31.988,1920, ,1915, ,0, ,N, ,0, , , , , , , , , ,3,2,0,0,0,0,1,0,0,0,0,0,0,0,0,0,0,0,0,0,0,0,0,0,0,0,0,0,0,0,0,0,0,0,0,0,0,40.0418,-75.1589, , 
32716,371887,2016001002,6,67,67301,2015,12,1,1450,14,1,1,0,4,1, , ,N,1,2,0,3,0,1,2,2,N,N,39 55:23.102,75 09:34.741,1530, ,1526, ,0, ,N, ,3, , , , , , , , , ,2,2,0,0,0,0,0,0,0,0,0,1,1,0,0,0,0,0,0,0,0,0,0,0,0,0,0,0,0,0,0,0,0,0,0,4,0,39.9231,-75.1597, , 
32717,371892,2015117609,6,67,67301,2015,10,4,1530,15,1,2,1,1,1, , ,N,1,2,0,3,0,1,5,3,N, ,40 06:09.267,75 01:43.889,1537, ,1532, ,0, , , ,3, , , , , , , , , ,3,2,0,0,0,0,0,1,0,0,0,1,1,0,0,0,0,0,0,0,1,0,0,0,0,0,0,0,0,0,0,0,0,0,0,4,0,40.1025,-75.0287, , 
32718,371893,2015117657,6,67,67301,2015,10,6,1554,15,1,1,0,1,1, , ,N,0,0,0,3,0,2,2,2,N,N,39 59:49.390,75 07:05.050,1747, ,1741,1,1,4,N, ,0,N, , , , , , , , ,2,2,0,0,0,0,0,0,0,0,0,2,2,0,0,0,0,0,0,0,0,0,0,0,0,0,0,0,0,0,0,0,0,0,0,4,0,39.9971,-75.1181, , 
32719,371911,2015135948,6,67,67301,2015,12,6,1230,12,1,1,0,5,1, , ,N,0,0,0,3,0,0,3,2,N,N,39 58:40.578,75 10:11.179,1830, ,1830, ,0, ,N, ,0, , , , , , , , , ,2,2,0,0,0,0,0,0,0,0,0,0,0,0,1,0,0,0,0,0,0,0,0,0,0,0,0,0,0,0,0,0,0,0,0,9,0,39.9779,-75.1698, , 
32720,371923,2016002787,6,67,67301,2015,11,2,622,6,1,1,0,1,1, , ,N,0,0,0,3,0,0,2,2,N,N,40 02:20.673,75 00:30.401,638, ,622, ,0, ,N, ,0, , , , , , , , , ,2,1,0,0,0,0,1,0,0,0,0,0,0,0,0,0,0,0,0,0,0,0,0,0,0,0,0,0,0,0,0,0,0,0,0,0,0,40.0391,-75.0084, , 
32721,371932,2015130116,6,67,67301,2015,10,4,2039,20,3,2,1,1,1, , ,N,0,0,0,3,0,0,2,2,N,N,39 56:46.270,75 14:34.623,2052, ,2049, ,0, ,N, ,0, , , , , , , , , ,2,1,0,0,0,0,1,0,0,0,0,0,0,0,0,0,0,1,0,0,0,0,0,0,0,0,0,0,0,0,0,0,0,0,0,0,0,39.9462,-75.243, , 
32722,371937,2015135910,6,67,67301,2015,12,6,1720,17,3,1,0,5,1, , ,N,2,0,0,3,0,2,3,2,N,N,40 03:18.722,75 02:51.651,1745, ,1720, ,0, , , ,0, , , , , , , , , ,2,0,0,1,0,0,0,0,0,0,0,2,2,0,0,0,0,0,0,0,0,0,0,0,0,0,0,0,0,0,0,0,0,0,0,4,1,40.0552,-75.0477, , 
32723,371969,2015128711,6,67,67301,2015,11,4,9999,99,3,1,0,5,6, , ,N,0,0,0,3,0,2,3,3,N,N,40 05:59.960,74 58:44.054,2040, ,2037,1,1,4,N, ,0,Y, , , , , , , , ,3,0,0,0,2,0,0,1,0,0,0,0,2,2,0,0,0,0,0,0,0,0,0,0,0,0,0,0,0,0,0,0,0,0,0,8,0,40.1,-74.9789, , 
32724,371980,2016012757,6,67,67301,2015,4,4,1937,19,1,1,0,1,1, , ,N,1,2,0,3,0,1,3,3,N,N,40 01:32.829,75 07:58.227,0, ,0, ,0, ,N, ,3, , , , , , , , , ,3,1,0,0,0,0,2,0,0,0,0,0,1,1,0,0,0,1,0,0,0,0,0,2,0,0,0,0,0,0,0,0,0,0,0,8,0,40.0258,-75.1328, , 
32725,371982,2015103309,6,67,67301,2015,9,5,1320,13,1,1,0,1,1, , ,N,1,2,0,3,0,1,3,2,N,N,39 56:12.298,75 10:01.386,1405, ,1325, ,0, ,N, ,3, , , , , , , , , ,2,1,0,0,0,0,0,1,0,0,0,0,1,1,0,0,0,0,0,0,0,0,0,1,0,0,0,0,0,0,0,0,0,0,0,8,0,39.9367,-75.1669, , 
32726,372005,2015135805,6,67,67301,2015,11,7,200,2,3,1,0,1,1, , ,N,2,2,2,3,0,1,3,2,N, ,39 56:38.647,75 11:48.280,225, ,215, ,0, , , ,3, , , , , , , , , ,2,2,0,0,0,0,0,0,0,0,0,1,1,0,0,0,0,0,0,0,0,0,0,0,0,0,0,0,0,0,0,0,0,0,0,4,0,39.9441,-75.1967, , 
32727,372018,2015135629,6,67,67301,2015,12,1,1350,13,1,1,0,1,1, , ,N,0,0,0,3,0,1,4,3,N,N,39 58:42.378,75 12:09.618,1357, ,1350,1,2,3,N, ,0,N, , , , , , , , ,3,3,0,0,0,0,0,0,0,0,0,0,1,1,0,0,0,0,0,0,0,0,0,0,0,0,0,0,0,0,0,0,0,0,0,8,0,39.9784,-75.2027, , 
32728,372019,2015135836,6,67,67301,2015,11,6,420,4,3,1,0,5,6, , ,N,0,0,0,3,0,0,1,2,N, ,39 57:04.301,75 13:14.370,430, ,420, ,0, ,N, ,0, , , , , , , , , ,2,1,0,0,0,0,0,1,0,0,0,0,0,0,0,0,0,0,0,0,0,0,0,0,0,0,0,0,0,0,0,0,0,0,0,0,0,39.9512,-75.2207, , 
32729,372033,2015117957,6,67,67301,2015,11,6,1734,17,3,1,0,1,1, , ,N,0,0,0,3,0,1,4,4,N,N,39 57:43.295,75 08:22.356,1800, ,1741,1,1,1,N, ,0,N, , , , , , , , ,4,2,0,0,0,0,1,1,0,0,0,0,1,1,0,0,0,0,0,0,0,0,0,0,0,0,0,0,0,0,0,0,0,0,0,8,0,39.962,-75.1395, , 
32730,372045,2015134981,6,67,67301,2015,12,5,610,6,3,2,1,7,4, , ,N,0,0,0,3,0,0,1,1,N,N,39 57:36.212,75 10:48.662,634, ,625,1,1,3,N, ,0,N, , , , , , , , ,1,1,0,0,0,0,0,0,0,0,0,0,0,0,0,0,0,0,0,0,0,0,0,0,0,0,0,0,0,0,0,0,0,0,0,0,0,39.9601,-75.1802, , 
32731,372049,2016008611,6,67,67301,2015,12,5,1520,15,1,1,0,1,1, , ,N,1,3,0,3,0,1,3,3,N,N,40 01:20.398,75 07:50.350,1535, ,1528, ,0, ,N, ,3, , , , , , , , , ,3,1,0,1,0,0,0,1,0,0,0,0,1,1,1,0,0,0,0,1,1,0,0,0,0,0,0,0,0,0,0,0,0,0,0,8,1,40.0223,-75.1307, , 
32732,372059,2015127941,6,67,67301,2015,12,3,1540,15,1,2,1,1,1, , ,N,0,0,0,3,0,0,3,2,N,N,39 59:30.501,75 05:08.900,1611, ,1545, ,0, ,N, ,0, , , , , , , , , ,2,0,0,0,0,0,2,0,0,0,0,0,0,0,0,0,0,0,0,0,2,0,0,0,0,0,0,0,0,0,0,0,0,0,0,0,0,39.9918,-75.0858, , 
32733,372079,2015114618,6,67,67301,2015,10,5,1015,10,1,1,0,5,1, , ,N,0,0,0,3,0,1,3,2,N,N,40 01:08.586,75 06:05.622,1023, ,1020, ,0, ,N, ,0, , , , , , , , , ,2,0,0,0,0,0,1,1,0,0,0,0,1,1,0,0,0,0,0,0,0,0,0,1,0,0,0,0,0,0,0,0,0,0,0,8,0,40.0191,-75.1016, , 
32734,372097,2015128704,6,67,67301,2015,11,6,1620,16,1,1,0,4,1, , ,N,1,2,0,3,0,1,5,2,N,N,40 01:31.746,75 07:20.688,1624, ,1620,9,1,1,N, ,3,N, , , , , , , , ,2,2,0,0,0,0,0,0,0,0,0,1,1,0,0,0,0,0,0,0,0,0,0,0,0,0,0,0,0,0,0,0,0,0,0,4,0,40.0256,-75.1223, , 
32735,374641,2016007673,6,67,67301,2015,12,3,630,6,5,2,1,8,1, , ,N,1,2,0,3,0,1,2,2,N,N,39 57:11.413,75 10:11.807,1544, ,1544, ,0, , , ,3, , , , , , , , , ,1,0,0,0,0,0,1,0,0,0,0,1,1,0,1,0,0,0,0,0,0,0,0,0,0,0,0,0,0,0,0,0,1,0,0,4,0,39.9532,-75.1699, , 
32736,374672,2015118175,6,67,67301,2015,10,5,1449,14,1,1,0,4,1, , ,N,1,2,0,3,0,2,2,2,N,N,40 01:55.826,75 05:30.584,1452, ,1451,1,2,5,N, ,3,Y, , , , , , , , ,2,1,0,0,0,0,1,0,0,0,0,2,2,0,0,0,0,0,0,1,1,0,0,0,0,0,0,0,0,0,0,0,0,0,0,4,0,40.0322,-75.0918, , 
32737,374674,2015120528,6,67,67301,2015,11,3,1130,11,1,1,0,8,1, , ,N,1,3,0,3,0,1,2,2,N,N,39 59:55.057,75 08:33.050,1133, ,1130, ,0, ,N, ,3, , , , , , , , , ,1,1,0,0,0,0,0,0,0,0,1,0,1,0,0,0,0,0,0,0,1,0,0,1,0,0,0,0,0,0,0,0,1,0,0,3,0,39.9986,-75.1425, , 
32738,374679,2015125260,6,67,67301,2015,11,1,1507,15,1,1,0,5,1, , ,N,0,0,0,3,0,1,6,3,N,N,39 59:37.934,75 11:56.878,1514, ,1509, ,0, ,N, ,0, , , , , , , , , ,2,2,0,0,0,0,0,0,0,0,0,0,1,1,0,0,0,0,0,0,0,1,0,0,0,0,0,0,0,0,0,0,0,0,0,8,0,39.9939,-75.1991, , 
32739,374688,2015135810,6,67,67301,2015,12,4,1449,14,1,2,1,1,1, , ,N,0,0,0,3,0,0,3,3,N, ,39 57:22.573,75 12:35.237,1655, ,1652, ,0, , , ,0, , , , , , , , , ,3,1,0,0,0,0,2,0,0,0,0,0,0,0,0,0,0,0,0,0,0,0,0,0,0,0,0,0,0,0,0,0,0,0,0,0,0,39.9563,-75.2098, , 
32740,374691,2016005073,6,67,67301,2015,12,5,1908,19,3,2,1,5,1, , ,N,0,0,0,3,0,0,2,4,N,N,39 57:23.059,75 12:30.441,1917, ,1915, ,0, ,N, ,0, , , , , , , , , ,4,4,0,0,0,0,0,0,0,0,0,0,0,0,0,0,0,0,1,0,0,0,0,0,0,0,0,0,0,0,0,0,0,0,0,0,0,39.9564,-75.2085, , 
32741,374693,2015106409,6,67,67301,2015,8,7,0,0,3,1,0,1,1, , ,N,0,0,0,3,0,1,6,3,N, ,39 57:25.108,75 14:52.588,1220, ,1210,2,2,1, , ,0,Y, , , , , , , , ,3,1,0,0,0,0,2,0,0,0,0,1,1,0,0,0,0,0,0,0,0,0,0,0,0,0,0,0,0,0,0,0,0,0,0,4,0,39.957,-75.2479, , 
32742,374727,2015130240,6,67,67301,2015,11,7,849,8,1,1,0,1,6, , ,N,0,0,0,3,0,1,1,3,N,N,40 01:45.930,75 10:29.650,923, ,851, ,0, ,N, ,0, , , , , , , , , ,3,3,0,0,0,0,0,0,0,0,0,1,1,0,0,0,0,0,0,0,0,0,0,1,0,0,0,0,0,0,0,0,0,0,0,4,0,40.0294,-75.1749, , 
32743,374728,2015131231,6,67,67301,2015,11,3,1047,10,1,1,0,8,1, , ,N,2,2,7,3,0,1,3,2,N,N,40 02:44.193,75 03:23.098,1055, ,1049,2,2,3, , ,3,Y, , , , , , , , ,1,0,0,0,0,0,0,1,0,0,0,0,1,1,0,0,0,0,0,0,0,0,0,0,0,0,0,0,0,0,0,0,1,0,0,8,0,40.0456,-75.0564, , 
32744,374737,2015136394,6,67,67301,2015,10,5,1627,16,1,1,0,7,4, , ,N,0,0,0,3,0,1,4,2,N, ,40 01:36.663,75 06:31.928,1633, ,9999, ,0, , , ,0, , , , , , , , , ,1,0,0,0,0,0,1,0,0,0,0,1,1,0,3,0,0,0,0,0,0,0,0,0,0,0,0,0,0,0,0,0,1,0,0,4,0,40.0269,-75.1089, , 
32745,374749,2015130229,6,67,67301,2015,11,6,1308,13,1,1,0,4,1, , ,N,3,2,0,3,0,1,3,2,N,N,40 00:05.133,75 04:54.196,1312, ,1310,2,1,2,N, ,3,N, , , , , , , , ,2,1,1,0,0,0,0,0,0,0,0,1,1,0,0,0,0,0,0,0,1,0,0,0,0,0,0,0,0,0,0,0,0,0,0,4,0,40.0014,-75.0816, , 
32746,374755,2016002019,6,67,67301,2015,12,2,2133,21,3,2,1,1,1, , ,N,0,0,0,3,0,0,2,2,N,N,39 57:36.586,75 10:48.806,2133, ,2133,1,1,4,N, ,0,N, , , , , , , , ,2,2,0,0,0,0,0,0,0,0,0,0,0,0,0,0,0,0,0,0,0,0,0,0,0,0,0,0,0,0,0,0,0,0,0,0,0,39.9602,-75.1802, , 
32747,374777,2015128596,6,67,67301,2015,11,6,705,7,1,1,0,4,1, , ,N,1,0,0,3,0,1,3,2,N, ,39 57:10.602,75 10:23.843,740, ,731, ,0, , , ,0, , , , , , , , , ,2,0,0,1,0,0,0,0,0,0,0,0,1,1,0,0,0,0,0,0,0,0,0,0,0,0,0,0,0,0,0,0,0,0,0,8,1,39.9529,-75.1733, , 
32748,374788,2015125269,6,67,67301,2015,11,6,1542,15,1,9,0,1,1, , ,N,0,0,0,3,0,2,5,3,N,N,40 02:59.075,74 59:41.022,1640, ,1550, ,0, ,N, ,0, , , , , , , , , ,3,3,0,0,0,0,0,0,0,0,0,2,2,0,0,0,0,0,1,0,0,0,0,1,0,0,0,0,0,0,0,0,0,0,0,4,0,40.0497,-74.9947, , 
32749,374791,2015131321,6,67,67301,2015,12,3,900,9,1,2,1,8,1, , ,N,1,2,0,3,0,1,2,2,N,N,39 57:21.499,75 09:38.239,908, ,908,1,1,1, , ,3,N, , , , , , , , ,1,0,0,0,0,0,1,0,0,0,0,1,1,0,0,0,0,0,0,0,0,0,0,0,0,0,0,0,0,0,0,0,1,0,0,4,0,39.956,-75.1606, , 
32750,374797,2016002635,6,67,67301,2015,12,5,1303,13,1,1,0,1,1, , ,N,1,2,0,3,0,0,3,2,N,N,39 56:26.296,75 10:16.039,1313, ,1305, ,0, , , ,3, , , , , , , , , ,2,1,0,0,0,0,0,1,0,0,0,0,0,0,0,0,0,1,0,0,0,0,0,0,0,0,0,0,0,0,0,0,0,0,0,0,0,39.9406,-75.1711, , 
32751,374848,2015130101,6,67,67301,2015,11,1,12,0,3,1,0,1,1, , ,N,1,2,2,3,0,0,2,2,N,N,39 58:14.817,75 07:20.188,24, ,22, ,0, , , ,3, , , , , , , , , ,2,2,0,0,0,0,0,0,0,0,0,0,0,0,0,0,0,0,0,1,0,0,0,1,0,0,0,0,0,0,0,0,0,0,0,0,0,39.9708,-75.1223, , 
32752,374853,2016001035,6,67,67301,2015,12,7,2050,20,3,1,0,6,1, , ,N,0,0,0,3,0,0,2,2,N,N,40 03:45.320,75 10:26.616,2105, ,2057,2,1,4, , ,0,N, , , , , , , , ,2,1,0,0,0,0,0,1,0,0,0,0,0,0,0,0,0,1,0,0,0,0,0,0,0,0,0,0,0,0,0,0,0,0,0,0,0,40.0626,-75.1741, , 
32753,379917,2015130072,6,67,67301,2015,11,1,1457,14,1,1,0,2,1, , ,N,0,0,0,3,0,2,2,3,N, ,40 00:36.100,75 05:32.400,1500, ,1457,9,2,1, , ,0,Y, , , , , , , , ,3,2,0,0,0,1,0,0,0,0,0,0,2,2,0,0,0,0,0,0,0,0,0,0,0,0,0,0,0,0,0,0,0,0,0,8,1,40.01,-75.0923, , 
32754,379927,2015112120,6,67,67301,2015,9,4,620,6,1,1,0,1,1, , ,N,0,0,0,3,0,12,13,2,N,N,40 03:16.897,75 00:17.529,630, ,620, ,0, ,N, ,0, , , , , , , , , ,2,1,0,1,0,0,0,0,0,1,0,0,12,11,0,0,0,0,0,0,1,0,0,0,0,0,0,0,0,0,0,0,0,0,0,2,1,40.0547,-75.0049, , 
32755,379930,2015114571,6,67,67301,2015,10,5,900,9,1,1,0,8,1, , ,N,1,2,0,3,0,1,2,2,N,Y,39 58:37.470,75 13:47.492,9999, ,9999, ,0, , , ,3, , , , , , , , , ,1,1,0,0,0,0,0,0,0,0,0,1,1,0,0,0,0,0,0,0,0,0,0,1,0,0,0,0,0,0,0,0,1,0,0,4,0,39.9771,-75.2299, , 
32756,379931,2015115144,6,67,67301,2015,10,6,1930,19,3,1,0,8,1, , ,N,1,2,0,3,0,1,2,2,N,N,39 59:44.224,75 10:03.233,2115, ,2100, ,0, , , ,3, , , , , , , , , ,1,0,0,0,0,0,0,0,0,0,0,0,1,1,0,0,0,0,0,0,0,0,0,0,0,0,0,0,0,0,0,0,1,0,0,8,0,39.9956,-75.1676, , 
32757,379941,2015120503,6,67,67301,2015,10,4,715,7,1,1,0,4,1, , ,N,1,2,0,3,0,0,2,2,N,N,39 56:55.829,75 12:53.933,740, ,735,1,1,6,N, ,3,N, , , , , , , , ,2,0,0,0,0,0,1,1,0,0,0,0,0,0,0,0,0,0,0,0,0,0,0,0,0,0,0,0,0,0,0,0,0,0,0,0,0,39.9488,-75.215, , 
32758,379959,2015135825,6,67,67301,2015,12,2,1725,17,3,1,0,8,1, , ,N,2,2,0,3,0,1,2,2,N,N,40 04:07.379,75 04:02.423,1738, ,1728, ,0, ,N, ,3, , , , , , , , , ,1,0,0,0,0,0,1,0,0,0,0,0,1,1,0,0,0,0,0,0,1,0,0,0,0,0,0,0,0,0,0,0,1,0,0,8,0,40.0687,-75.0673, , 
32759,379964,2016000992,6,67,67301,2015,12,3,1958,19,3,1,0,4,1, , ,N,1,2,0,3,0,0,2,2,N,N,39 58:17.270,75 09:34.235,2000, ,1958, ,0, ,N, ,3, , , , , , , , , ,2,1,0,0,0,0,0,1,0,0,0,0,0,0,0,0,0,0,0,0,0,1,0,2,0,0,0,0,0,0,0,0,0,0,0,0,0,39.9714,-75.1594, , 
32760,379966,2016002333,6,67,67301,2015,12,5,2047,20,3,2,1,1,1, , ,N,1,2,0,3,0,1,2,2,N,N,39 55:43.633,75 09:53.787,2105, ,2100, ,0, ,N, ,3, , , , , , , , , ,2,2,0,0,0,0,0,0,0,0,0,0,1,1,0,0,0,0,0,0,0,0,0,0,0,0,0,0,0,0,0,0,0,0,0,8,0,39.9288,-75.1649, , 
32761,379967,2016002375,6,67,67301,2015,12,6,1400,14,1,1,0,4,2, , ,N,0,0,0,3,0,1,2,2,N,N,40 00:28.100,75 07:38.200,1305, ,1300, ,0, ,N, ,0, , , , , , , , , ,1,1,0,0,0,0,0,0,0,0,0,1,1,0,1,0,0,0,0,0,0,0,0,0,0,0,0,0,0,0,0,0,0,0,0,4,0,40.0078,-75.1273, , 
32762,379968,2016050436,6,67,67301,2015,2,3,9999,99,1,1,0,4,1, , ,N,0,0,7,3,0,1,2,2,N,N,39 57:30.984,75 12:48.559,0, ,0, ,0, ,N, ,0, , , , , , , , , ,2,1,0,0,0,0,0,0,0,0,0,0,1,1,0,0,0,0,0,0,1,0,0,0,0,0,0,0,0,0,0,0,0,0,0,8,0,39.9586,-75.2135, , 
32763,379978,2015135907,6,67,67301,2015,12,1,245,2,3,1,0,5,1, , ,N,0,0,0,3,0,1,2,2,N,N,40 01:51.013,75 10:17.018,252, ,250, ,0, ,N, ,0, , , , , , , , , ,2,2,0,0,0,0,0,0,0,0,0,1,1,0,0,0,0,0,0,0,0,0,0,1,0,0,0,0,0,0,0,0,0,0,0,4,0,40.0308,-75.1714, , 
32764,379987,2015128520,6,67,67301,2015,11,5,1145,11,1,2,1,7,5, , ,N,0,0,7,3,0,1,2,2,N, ,40 02:50.433,75 05:29.783,1203, ,1201,1,1,3, , ,0,N, , , , , , , , ,2,0,0,0,1,0,1,0,0,0,0,1,1,0,0,0,0,0,0,0,1,0,0,0,0,0,0,0,0,0,0,0,0,0,0,4,0,40.0473,-75.0916, , 
32765,379990,2015133816,6,67,67301,2015,12,6,818,8,1,1,0,1,1, , ,N,0,0,0,3,0,3,4,3,N,N,39 59:05.996,75 12:30.043,836, ,830, ,0, ,N, ,0, , , , , , , , , ,3,0,0,0,0,0,2,1,0,0,0,3,3,0,0,0,0,0,0,0,1,0,0,0,0,0,0,0,0,0,0,0,0,0,0,4,0,39.985,-75.2083, , 
32766,379994,2015136400,6,67,67301,2015,12,4,1615,16,1,2,1,6,1, , ,N,0,0,0,3,0,2,4,3,N,N,39 59:01.535,75 12:11.259,1635, ,1621, ,0, ,N, ,0, , , , , , , , , ,3,2,0,0,0,0,1,0,0,0,0,0,2,2,0,0,0,0,0,0,0,1,0,0,0,0,0,0,0,0,0,0,0,0,0,8,0,39.9838,-75.2031, , 
32767,379998,2016002551,6,67,67301,2015,12,3,2010,20,3,1,0,4,1, , ,N,1,3,0,3,0,1,2,2,N,N,39 59:23.280,75 14:16.259,2018, ,2015, ,0, , , ,3, , , , , , , , , ,2,1,0,0,0,0,0,1,0,0,0,0,1,1,0,0,0,0,0,0,0,1,0,0,0,0,0,0,0,0,0,0,0,0,0,8,0,39.9898,-75.2378, , 
32768,380008,2015108099,6,67,67301,2015,10,6,1300,13,1,1,0,7,2,1,4,Y,0,0,0,3,0,0,1,1,N,N,39 58:05.009,75 07:48.174,1336,45,1307,1,1,1,Y, ,0,N,Y,N,N,N,N,N,N,Y,1,1,0,0,0,0,0,0,0,0,0,0,0,0,1,0,0,0,0,0,0,0,0,0,0,0,0,0,0,0,0,0,0,0,0,9,0,39.9681,-75.13, , 
32769,380011,2015114617,6,67,67301,2015,10,2,1120,11,1,1,0,1,1, , ,N,0,0,0,3,0,1,1,2,N,N,40 04:21.340,75 02:52.368,1130, ,1126,1,1,1,N, ,0,N, , , , , , , , ,2,1,0,0,0,0,1,0,0,0,1,0,1,0,0,0,0,0,0,0,1,0,0,0,0,0,0,0,0,0,0,0,0,0,0,3,0,40.0726,-75.0479, , 
32770,380033,2015127293,6,67,67301,2015,10,4,825,8,1,2,1,1,1, , ,N,0,0,0,3,0,0,3,3,N,N,40 00:59.455,75 12:09.948,830, ,830,3,2,1,N, ,0,Y, , , , , , , , ,3,3,0,0,0,0,0,0,0,0,0,0,0,0,0,0,0,0,0,1,1,0,0,0,0,0,0,0,0,0,0,0,0,0,0,0,0,40.0165,-75.2028, , 
32771,377682,2015061729,6,67,67301,2015,5,2,2010,20,1,1,0,8,1, , ,N,0,0,0,3,0,1,2,2,N, ,39 59:44.536,75 07:18.011,2012, ,2012, ,0, , , ,0, , , , , , , , , ,1,1,0,0,0,0,0,0,1,0,0,1,1,0,0,0,0,0,0,0,0,0,0,0,0,0,0,0,0,0,0,0,0,0,0,4,0,39.9957,-75.1217, , 
32772,377683,2015061903,6,67,67301,2015,5,5,1707,17,1,2,1,4,1, , ,N,1,2,0,3,0,2,3,3,N,N,39 56:41.578,75 10:01.077,1707, ,1708,3,2,4, , ,3,N, , , , , , , , ,3,2,0,0,0,0,1,0,0,0,0,0,2,2,0,0,0,0,0,0,0,0,0,0,0,0,0,0,0,0,0,0,0,0,0,8,0,39.9449,-75.167, , 
32773,377692,2015067930,6,67,67301,2015,6,6,945,9,1,1,0,1,1, , ,N,0,0,0,3,0,1,2,2,N, ,40 02:17.595,75 10:36.395,959, ,951, ,0, , , ,0, , , , , , , , , ,2,1,0,0,0,0,1,0,0,0,0,1,1,0,0,0,0,0,0,0,0,1,0,0,0,0,0,0,0,0,0,0,0,0,0,4,0,40.0382,-75.1768, , 