objectid_1,objectid,crn,district,county,municipality,crash_year,crash_month,day_of_week,time_of_day,hour_of_day,illumination,weather,road_condition,collision_type,relation_to_road,work_zone_type,work_zone_loc,work_zone_ind,intersect_type,tcd_type,location_type,urban_rural,fatal_count,injury_count,person_count,total_units,sch_bus_ind,sch_zone_ind,latitude,longitude,arrival_tm,cons_zone_spd_lim,dispatch_tm,est_hrs_closed,lane_closed,ln_close_dir,ntfy_hiwy_maint,spec_juris_cd,tcd_func_cd,tfc_detour_ind,workers_pres,wz_close_detour,wz_flagger,wz_law_offcr_ind,wz_ln_closure,wz_moving,wz_other,wz_shlder_mdn,vehicle_count,automobile_count,motorcycle_count,bus_count,small_truck_count,heavy_truck_count,suv_count,van_count,bicycle_count,maj_inj_count,mod_inj_count,min_inj_count,tot_inj_count,unk_inj_deg_count,unk_inj_per_count,driver_count_16yr,driver_count_17yr,driver_count_18yr,driver_count_19yr,driver_count_20yr,driver_count_50_64yr,driver_count_65_74yr,driver_count_75plus,unbelted_occ_count,unb_death_count,unb_maj_inj_count,belted_death_count,belted_maj_inj_count,mcycle_death_count,mcycle_maj_inj_count,bicycle_death_count,bicycle_maj_inj_count,ped_count,ped_death_count,ped_maj_inj_count,max_severity_level,comm_veh_count,dec_lat,dec_long,rdwy_surf_type_cd,county_name
32774,377695,2015069722,6,67,67301,2015,6,2,616,6,1,1,0,5,6, , ,N,0,0,0,3,0,0,1,5,N,N,39 55:08.738,75 09:02.102,618, ,617, ,0, ,N, ,0, , , , , , , , , ,5,3,0,0,1,0,1,0,0,0,0,0,0,0,0,0,0,0,0,0,0,0,0,1,0,0,0,0,0,0,0,0,0,0,0,0,0,39.9191,-75.1506, , 
32775,377696,2015069769,6,67,67301,2015,6,2,911,9,1,1,0,4,1, , ,N,1,2,0,3,0,1,3,3,N,N,39 59:16.184,75 10:50.095,911, ,911,2,1,7,N, ,3,Y, , , , , , , , ,3,2,0,0,0,0,1,0,0,0,0,0,1,1,0,0,0,0,0,0,1,0,1,0,0,0,0,0,0,0,0,0,0,0,0,8,0,39.9878,-75.1806, , 
32776,377697,2015073664,6,67,67301,2015,7,6,1247,12,1,1,0,4,1, , ,N,3,4,0,3,0,2,2,2,N,N,39 59:08.581,75 11:48.299,1255, ,1247, ,0, ,N, ,3, , , , , , , , , ,2,2,0,0,0,0,0,0,0,0,1,1,2,0,0,0,0,0,0,0,0,2,0,0,0,0,0,0,0,0,0,0,0,0,0,3,0,39.9857,-75.1967, , 
32777,377706,2015083608,6,67,67301,2015,7,3,1500,15,1,1,0,1,1, , ,N,0,0,0,3,0,0,2,2,N,N,39 56:35.756,75 11:33.817,1542, ,1517,1,1,4,N, ,0,N, , , , , , , , ,2,1,0,0,0,0,1,0,0,0,0,0,0,0,0,0,0,0,0,0,1,1,0,0,0,0,0,0,0,0,0,0,0,0,0,0,0,39.9433,-75.1927, , 
32778,377747,2015128642,6,67,67301,2015,11,1,0,0,3,1,0,7,5, , ,N,0,0,0,3,0,0,1,2,N, ,39 54:48.070,75 08:41.618,15, ,14, ,0, , , ,0, , , , , , , , , ,2,1,0,0,0,1,0,0,0,0,0,0,0,0,0,0,0,0,0,0,0,0,0,1,0,0,0,0,0,0,0,0,0,0,0,0,1,39.9134,-75.1449, , 
32779,377783,2015135929,6,67,67301,2015,12,5,430,4,3,1,0,1,1, , ,N,2,2,0,3,0,1,3,2,N,N,40 03:23.726,75 01:52.348,500, ,447, ,0, ,N, ,3, , , , , , , , , ,2,1,0,0,0,0,1,0,0,0,0,1,1,0,0,0,0,0,0,0,0,0,0,0,0,0,0,0,0,0,0,0,0,0,0,4,0,40.0566,-75.0312, , 
32780,377787,2016000561,6,67,67301,2015,12,1,1417,14,1,1,0,1,1, , ,N,0,0,0,3,0,0,2,2,N,N,39 57:36.520,75 10:48.256,1437, ,1427,1,1,4,N, ,0,N, , , , , , , , ,2,1,0,0,0,0,1,0,0,0,0,0,0,0,0,0,0,0,0,0,0,0,0,0,0,0,0,0,0,0,0,0,0,0,0,0,0,39.9601,-75.1801, , 
32781,377789,2016002631,6,67,67301,2015,12,7,2059,20,3,1,0,4,1, , ,N,2,0,0,3,0,0,2,2,N,N,40 01:06.795,75 12:40.361,2109, ,2104, ,0, ,N, ,0, , , , , , , , , ,2,2,0,0,0,0,0,0,0,0,0,0,0,0,1,0,0,0,1,0,0,0,0,0,0,0,0,0,0,0,0,0,0,0,0,9,0,40.0186,-75.2112, , 
32782,377790,2016007670,6,67,67301,2015,12,4,2140,21,3,1,0,4,1, , ,N,0,0,7,3,0,0,4,2,N,N,40 00:51.000,75 10:40.500,2240, ,2150, ,0, ,N, ,0, , , , , , , , , ,2,2,0,0,0,0,0,0,0,0,0,0,0,0,0,0,0,0,0,1,0,0,0,0,0,0,0,0,0,0,0,0,0,0,0,0,0,40.0142,-75.1779, , 
32783,377791,2016007672,6,67,67301,2015,12,7,1945,19,3,1,0,5,2, , ,N,0,0,0,3,0,0,1,2,N, ,40 02:34.400,75 02:15.400,1950, ,1948, ,0, , , ,0, , , , , , , , , ,2,1,0,0,1,0,0,0,0,0,0,0,0,0,1,0,0,0,0,0,0,0,0,0,0,0,0,0,0,0,0,0,0,0,0,9,0,40.0429,-75.0376, , 
32784,377824,2016013996,6,67,67301,2015,12,2,1728,17,4,1,0,4,1, , ,N,1,2,0,3,0,1,2,2,N,N,39 58:30.781,75 11:41.713,1729, ,1728, ,0, ,N, ,3, , , , , , , , , ,1,1,0,0,0,0,0,0,1,0,0,1,1,0,1,0,0,0,0,0,0,0,0,0,0,0,0,0,0,0,0,0,0,0,0,4,0,39.9751,-75.195, , 
32785,377832,2015137074,6,67,67301,2015,11,3,1615,16,1,1,0,8,1, , ,N,0,0,0,3,0,1,3,2,N,N,40 00:39.185,75 09:53.166,1617, ,1615,1,1,4,N, ,0,N, , , , , , , , ,1,0,0,0,0,0,1,0,0,0,0,1,1,0,0,0,0,0,0,0,0,0,0,0,0,0,0,0,0,0,0,0,1,0,0,4,0,40.0109,-75.1648, , 
32786,377852,2015130252,6,67,67301,2015,11,4,820,8,1,1,0,7,4, , ,N,0,0,0,3,0,0,1,2,N,N,39 59:32.744,75 11:39.455,822, ,821,2,1,2,N, ,0,N, , , , , , , , ,1,0,0,0,0,0,1,0,0,0,0,0,0,0,0,0,0,0,0,0,1,0,0,0,0,0,0,0,0,0,0,0,0,0,0,0,0,39.9924,-75.1943, , 
32787,377864,2015103270,6,67,67301,2015,9,4,1700,17,1,1,0,4,1, , ,N,3,3,0,3,0,0,2,2,N, ,39 59:43.566,75 09:27.349,1704, ,1701, ,0, , , ,3, , , , , , , , , ,2,1,0,0,0,0,1,0,0,0,0,0,0,0,0,0,0,0,0,0,0,0,0,0,0,0,0,0,0,0,0,0,0,0,0,0,0,39.9954,-75.1576, , 
32788,377895,2015109271,6,67,67301,2015,10,2,2354,23,3,1,0,4,1, , ,N,0,0,7,3,0,1,2,2,N, ,40 01:05.711,75 08:55.232,7, ,7, ,0, , , ,0, , , , , , , , , ,2,1,0,0,0,0,1,0,0,0,0,1,1,0,0,0,0,0,0,0,1,0,0,0,0,0,0,0,0,0,0,0,0,0,0,4,0,40.0183,-75.1487, , 
32789,377896,2015109334,6,67,67301,2015,10,6,2225,22,3,1,0,8,1, , ,N,1,3,0,3,0,1,2,2,N,N,39 58:07.622,75 12:35.816,2331, ,2324, ,0, ,N, ,9, , , , , , , , , ,1,0,0,0,0,0,0,0,0,1,0,0,1,0,0,0,0,0,0,0,0,0,0,0,0,0,0,0,0,0,0,0,1,0,1,2,0,39.9688,-75.2099, , 
32790,372101,2015130381,6,67,67301,2015,11,4,225,2,3,1,0,4,1, , ,N,1,2,0,3,0,1,2,4,N,N,39 59:08.822,75 09:52.289,230, ,225, ,0, , , ,1, , , , , , , , , ,4,2,0,0,0,0,1,1,0,0,0,1,1,0,0,0,0,0,0,0,0,0,0,1,0,0,0,0,0,0,0,0,0,0,0,4,0,39.9858,-75.1645, , 
32791,372130,2015135931,6,67,67301,2015,12,6,50,0,3,1,0,5,1, , ,N,0,0,0,3,0,1,2,2,N,N,39 55:17.192,75 11:23.402,51, ,50,2,1,2, , ,0,Y, , , , , , , , ,2,2,0,0,0,0,0,0,0,0,0,0,1,1,0,0,0,0,0,0,0,0,0,0,0,0,0,0,0,0,0,0,0,0,0,8,0,39.9214,-75.1898, , 
32792,372161,2015120501,6,67,67301,2015,11,2,2025,20,3,1,0,8,1, , ,N,1,3,0,3,0,1,2,2,N, ,40 00:39.283,75 08:23.330,2035, ,2028, ,0, , , ,3, , , , , , , , , ,1,0,0,0,0,0,0,0,0,0,0,1,1,0,0,0,0,0,0,0,0,0,0,0,0,0,0,0,0,0,0,0,1,0,0,4,0,40.0109,-75.1398, , 
32793,372182,2016002442,6,67,67301,2015,12,4,800,8,1,6,1,8,1, , ,N,0,0,0,3,0,1,2,2,N,N,40 00:06.100,75 08:26.900,1040, ,1040, ,0, ,N, ,0, , , , , , , , , ,1,1,0,0,0,0,0,0,0,0,0,0,1,1,1,0,0,0,0,0,0,0,0,0,0,0,0,0,0,0,0,0,1,0,0,8,0,40.0017,-75.1408, , 
32794,372187,2016007674,6,67,67301,2015,12,3,1909,19,3,2,1,1,1, , ,N,0,0,7,3,0,1,2,2,N,N,39 57:10.308,75 10:47.794,1930, ,1924, ,0, ,N, ,0, , , , , , , , , ,1,0,0,0,0,0,1,0,1,0,0,1,1,0,0,0,0,0,0,0,0,0,0,0,0,0,0,0,0,0,0,0,0,0,0,4,0,39.9529,-75.1799, , 
32795,372188,2016007618,6,67,67301,2015,12,2,450,4,3,1,0,5,1, , ,N,0,0,0,3,0,0,2,2,N,N,39 55:46.700,75 11:53.100,511, ,507, ,0, ,N, ,0, , , , , , , , , ,2,2,0,0,0,0,0,0,0,0,0,0,0,0,1,0,0,0,0,0,0,0,0,0,0,0,0,0,0,0,0,0,0,0,0,9,0,39.9296,-75.1981, , 
32796,372211,2015115105,6,67,67301,2015,10,2,1100,11,1,1,0,7,4, , ,N,0,0,1,3,0,1,1,2,N,N,40 00:35.783,75 11:10.235,1106, ,1104,1,2,1, , ,0,N, , , , , , , , ,1,1,0,0,0,0,0,0,0,0,0,1,1,0,0,0,0,0,0,0,0,0,0,0,0,0,0,0,0,0,0,0,0,0,0,4,0,40.0099,-75.1862, , 
32797,372212,2015115109,6,67,67301,2015,10,2,900,9,1,1,0,8,1, , ,N,2,2,0,3,0,1,2,2,N,N,40 04:05.340,75 01:46.740,900, ,900,1,2,6, , ,3,Y, , , , , , , , ,1,0,0,0,0,0,0,1,0,0,1,0,1,0,0,0,0,0,0,0,0,0,0,0,0,0,0,0,0,0,0,0,1,0,0,3,0,40.0682,-75.0297, , 
32798,372214,2015099122,6,67,67301,2015,9,5,2130,21,3,2,1,4,1, , ,N,2,3,0,3,0,1,2,2,N,N,40 02:31.388,75 10:55.460,12, ,2215, ,0, ,N, ,3, , , , , , , , , ,2,1,0,0,0,0,1,0,0,0,0,1,1,0,0,0,0,0,0,0,0,1,0,0,0,0,0,0,0,0,0,0,0,0,0,4,0,40.0421,-75.1821, , 
32799,372234,2015115041,6,67,67301,2015,10,5,915,9,1,1,0,5,1, , ,N,3,2,6,3,0,1,2,2,N, ,39 57:52.721,75 10:45.390,940, ,935, ,0, , , ,3, , , , , , , , , ,1,1,0,0,0,0,0,0,1,0,0,0,1,1,0,0,0,0,0,0,1,0,0,1,0,0,0,0,0,0,0,0,0,0,0,8,0,39.9642,-75.1798, , 
32800,372259,2015131248,6,67,67301,2015,12,3,1810,18,3,2,1,1,1, , ,N,0,0,0,3,0,0,5,4,N,N,40 07:13.296,75 00:36.205,1820, ,1813, ,0, ,N, ,0, , , , , , , , , ,4,1,0,0,0,0,2,0,0,0,0,0,0,0,0,0,0,0,0,0,1,0,0,0,0,0,0,0,0,0,0,0,0,0,0,0,0,40.1204,-75.0101, , 
32801,372271,2016002334,6,67,67301,2015,12,1,952,9,1,1,0,8,1, , ,N,1,2,0,3,0,1,2,2,N,N,40 02:11.789,75 03:52.061,1003, ,954,1,1,2,N, ,3,N, , , , , , , , ,1,1,0,0,0,0,0,0,0,0,0,1,1,0,0,0,0,0,0,0,0,0,0,0,0,0,0,0,0,0,0,0,1,0,0,4,0,40.0366,-75.0645, , 
32802,372301,2015105949,6,67,67301,2015,10,6,945,9,1,2,1,4,1, , ,N,1,2,0,3,0,0,3,2,N,N,40 02:06.009,75 10:25.403,947, ,945, ,0, ,N, ,3, , , , , , , , , ,2,1,0,0,0,0,1,0,0,0,0,0,0,0,2,0,0,0,0,0,0,0,0,0,0,0,0,0,0,0,0,0,0,0,0,9,0,40.035,-75.1737, , 
32803,372319,2015128666,6,67,67301,2015,11,2,2135,21,3,1,0,1,1, , ,N,1,2,0,3,0,1,3,3,N,N,40 01:28.079,75 08:52.528,2144, ,2140, ,0, ,N, ,3, , , , , , , , , ,3,3,0,0,0,0,0,0,0,0,0,1,1,0,0,0,0,0,0,0,1,0,0,2,0,0,0,0,0,0,0,0,0,0,0,4,0,40.0245,-75.1478, , 
32804,372331,2015135824,6,67,67301,2015,12,4,1527,15,1,1,0,4,1, , ,N,2,3,0,3,0,1,5,2,N,N,39 57:33.649,75 11:59.589,1639, ,1639,1,2,7,N, ,3,Y, , , , , , , , ,2,1,0,0,0,0,1,0,0,0,0,1,1,0,0,0,0,0,0,0,0,0,0,0,0,0,0,0,0,0,0,0,0,0,0,4,0,39.9593,-75.1999, , 
32805,372336,2016002794,6,67,67301,2015,12,1,817,8,1,1,0,7,2, , ,N,0,0,0,3,0,0,1,1,N,N,39 58:00.747,75 08:04.663,818, ,817,1,1,2,N, ,0,N, , , , , , , , ,1,0,0,0,0,0,1,0,0,0,0,0,0,0,0,0,0,0,0,0,0,0,0,0,0,0,0,0,0,0,0,0,0,0,0,0,0,39.9669,-75.1346, , 
32806,372338,2016013964,6,67,67301,2015,12,6,2031,20,2,2,1,8,1, , ,N,0,0,0,3,0,1,3,2,N,N,39 57:30.622,75 08:55.406,2035, ,2032,1,1,2,N, ,0,Y, , , , , , , , ,1,1,0,0,0,0,0,0,0,0,0,1,1,0,0,0,0,0,0,0,0,0,0,0,0,0,0,0,0,0,0,0,1,0,0,4,0,39.9585,-75.1487, , 
32807,372343,2015106421,6,67,67301,2015,9,6,1200,12,1,1,0,4,1, , ,N,1,2,0,3,0,3,3,2,N, ,39 57:33.918,75 14:43.386,1212, ,1208, ,0, , , ,3, , , , , , , , , ,2,1,0,0,0,0,1,0,0,0,0,2,3,1,0,0,0,0,0,0,0,0,0,0,0,0,0,0,0,0,0,0,0,0,0,4,0,39.9594,-75.2453, , 
32808,374856,2016002964,6,67,67301,2015,12,1,2230,22,3,1,0,8,1, , ,N,2,2,0,3,0,1,2,2,N,N,39 57:22.190,75 10:38.582,1213, ,1213, ,0, , , ,3, , , , , , , , , ,1,1,0,0,0,0,0,0,0,0,0,0,1,1,0,0,0,0,0,0,1,0,0,0,0,0,0,0,0,0,0,0,1,0,0,8,0,39.9562,-75.1774, , 
32809,374857,2016005078,6,67,67301,2015,12,2,941,9,1,1,0,4,2, , ,N,0,0,0,3,0,1,2,2,N,N,39 57:41.200,75 09:48.200,1015, ,1015, ,0, ,N, ,0, , , , , , , , , ,1,1,0,0,0,0,0,0,1,0,1,0,1,0,0,0,0,0,0,0,1,0,0,1,0,0,0,0,0,0,0,0,0,0,0,3,0,39.9614,-75.1634, , 
32810,374861,2016013866,6,67,67301,2015,12,5,1830,18,4,8,1,1,6, , ,N,0,0,0,3,0,1,1,3,N,N,40 02:50.300,75 09:48.800,1930, ,1900, ,0, ,N, ,0, , , , , , , , , ,3,3,0,0,0,0,0,0,0,0,0,1,1,0,0,0,0,0,0,0,0,0,1,0,0,0,0,0,0,0,0,0,0,0,0,4,0,40.0473,-75.1636, , 
32811,374873,2015114578,6,67,67301,2015,10,7,1615,16,1,1,0,5,1, , ,N,0,0,0,3,0,2,5,3,N,N,39 57:30.248,75 10:32.471,1635, ,1634,2,1,1,N, ,0,N, , , , , , , , ,3,1,0,0,1,0,1,0,0,0,0,2,2,0,0,0,0,0,0,0,0,0,0,0,0,0,0,0,0,0,0,0,0,0,0,4,0,39.9584,-75.1757, , 
32812,374890,2015129959,6,67,67301,2015,11,2,1815,18,2,1,0,1,1, , ,N,0,0,0,3,0,0,2,2,N,N,40 03:04.319,75 09:00.826,1940, ,1934, ,0, ,N, ,0, , , , , , , , , ,2,1,0,0,0,0,1,0,0,0,0,0,0,0,0,0,0,0,0,0,0,1,0,0,0,0,0,0,0,0,0,0,0,0,0,0,0,40.0512,-75.1502, , 
32813,374899,2016015988,6,67,67301,2015,11,6,1700,17,4,1,0,1,1, , ,N,0,2,0,3,0,1,2,2,N,N,40 04:28.870,75 09:56.770,0, ,0, ,0, ,N, ,3, , , , , , , , , ,2,2,0,0,0,0,0,0,0,0,1,0,1,0,1,0,0,0,0,0,0,0,0,0,0,0,0,0,0,0,0,0,0,0,0,3,0,40.0747,-75.1658, , 
32814,374911,2015130078,6,67,67301,2015,11,7,1600,16,1,1,0,1,1, , ,N,0,0,0,3,0,0,3,3,N,N,40 06:51.916,75 01:18.921,1620, ,1613, ,0, ,N, ,0, , , , , , , , , ,3,1,0,0,0,0,2,0,0,0,0,0,0,0,0,0,0,0,0,0,0,0,1,0,0,0,0,0,0,0,0,0,0,0,0,0,0,40.1144,-75.0219, , 
32815,374916,2015133728,6,67,67301,2015,11,3,2015,20,2,2,1,4,1, , ,N,1,2,0,3,0,1,3,2,N, ,40 05:45.848,74 58:36.302,2030, ,2025, ,0, , , ,3, , , , , , , , , ,2,1,0,0,0,0,1,0,0,0,0,1,1,0,0,0,0,0,0,0,1,0,0,0,0,0,0,0,0,0,0,0,0,0,0,4,0,40.096,-74.9768, , 
32816,374921,2016007515,6,67,67301,2015,12,5,1056,10,1,2,1,7,1, , ,N,0,0,0,3,0,1,2,1,N,N,40 00:59.600,75 12:09.400,1105, ,1056,1,2,1,N, ,0,N, , , , , , , , ,1,0,0,0,0,0,1,0,0,0,0,1,1,0,0,0,0,0,0,0,0,0,0,0,0,0,0,0,0,0,0,0,0,0,0,4,0,40.0166,-75.2026, , 
32817,374938,2015135678,6,67,67301,2015,12,2,758,7,1,1,0,4,1, , ,N,1,2,0,3,0,1,3,2,N,N,39 57:19.263,75 11:59.801,759, ,758, ,0, ,N, ,3, , , , , , , , , ,2,1,0,0,0,0,1,0,0,0,0,0,1,1,0,0,0,0,0,0,0,0,0,0,0,0,0,0,0,0,0,0,0,0,0,8,0,39.9554,-75.1999, , 
32818,374939,2015135835,6,67,67301,2015,11,3,23,0,3,1,0,5,6, , ,N,0,0,0,3,0,1,1,3,N,N,39 56:58.949,75 12:29.898,23, ,23,2,2,6,N, ,0,Y, , , , , , , , ,3,3,0,0,0,0,0,0,0,0,0,1,1,0,0,0,0,0,0,0,0,0,0,0,0,0,0,0,0,0,0,0,0,0,0,4,0,39.9497,-75.2083, , 
32819,374945,2016007532,6,67,67301,2015,12,5,1855,18,3,1,0,6,1, , ,N,1,2,0,3,0,2,3,2,N,N,40 02:00.178,75 07:52.165,1935, ,1935, ,0, ,N, ,3, , , , , , , , , ,2,1,0,0,0,0,0,1,0,2,0,0,2,0,1,0,0,0,0,0,1,0,0,0,0,0,0,2,0,0,0,0,0,0,0,2,0,40.0334,-75.1312, , 
32820,374949,2015120498,6,67,67301,2015,10,7,1445,14,1,1,0,4,1, , ,N,1,3,0,3,0,2,2,2,N,N,39 56:42.224,75 12:54.990,1452, ,1446, ,0, , , ,3, , , , , , , , , ,2,1,0,0,0,0,1,0,0,0,0,2,2,0,0,0,0,0,1,0,1,0,0,0,0,0,0,0,0,0,0,0,0,0,0,4,0,39.945,-75.2153, , 
32821,374969,2016004262,6,67,67301,2015,12,7,1320,13,1,1,0,1,1, , ,N,0,0,0,3,0,0,3,3,N,N,39 58:51.851,75 12:23.985,1332, ,1327, ,0, ,N, ,0, , , , , , , , , ,3,2,0,0,0,0,1,0,0,0,0,0,0,0,0,0,0,0,0,0,0,0,0,0,0,0,0,0,0,0,0,0,0,0,0,0,0,39.9811,-75.2067, , 
32822,374992,2015131249,6,67,67301,2015,12,3,1512,15,1,2,1,8,1, , ,N,0,0,0,3,0,1,2,2,N,N,39 58:01.333,75 14:34.710,1525, ,1512, ,0, ,N, ,0, , , , , , , , , ,1,0,0,1,0,0,0,0,0,0,0,1,1,0,0,0,0,0,0,0,1,0,0,0,0,0,0,0,0,0,0,0,1,0,0,4,1,39.967,-75.243, , 
32823,375002,2016002554,6,67,67301,2015,12,2,1833,18,3,2,1,1,1, , ,N,0,0,0,3,0,2,3,2,N,N,39 58:19.682,75 11:23.565,1850, ,1835,2,1,1,N, ,0,N, , , , , , , , ,2,2,0,0,0,0,0,0,0,0,0,2,2,0,0,0,0,0,0,0,1,0,0,0,0,0,0,0,0,0,0,0,0,0,0,4,0,39.9721,-75.1899, , 
32824,375012,2016002586,6,67,67301,2015,12,3,328,3,3,1,1,7,3, , ,N,1,2,0,3,0,1,1,2,N,N,40 01:36.153,75 07:02.268,330, ,329, ,0, ,N, ,3, , , , , , , , , ,1,1,0,0,0,0,0,0,0,0,0,0,1,1,0,0,0,1,0,0,0,0,0,1,0,0,0,0,0,0,0,0,0,0,0,8,0,40.0267,-75.1173, , 
32825,375019,2015121000,6,67,67301,2015,10,4,2201,22,3,2,1,7,4, , ,N,0,0,0,3,0,0,1,1,N,N,39 59:07.150,75 12:44.268,2207, ,2204, ,0, ,N, ,0, , , , , , , , , ,1,1,0,0,0,0,0,0,0,0,0,0,0,0,0,0,0,0,0,0,0,0,0,0,0,0,0,0,0,0,0,0,0,0,0,0,0,39.9853,-75.2123, , 
32826,375032,2015130313,6,67,67301,2015,11,3,1749,17,3,2,1,4,1, , ,N,0,0,0,3,0,1,3,3,N,N,39 54:46.554,75 09:01.013,1753, ,1751, ,0, ,N, ,0, , , , , , , , , ,3,3,0,0,0,0,0,0,0,0,0,1,1,0,0,0,0,0,1,0,0,0,0,0,0,0,0,0,0,0,0,0,0,0,0,4,0,39.9129,-75.1503, , 
32827,380037,2015128583,6,67,67301,2015,11,4,1715,17,3,1,0,8,1, , ,N,1,2,0,3,0,1,2,2,N,N,39 55:32.829,75 09:05.759,1726, ,1721, ,0, , , ,3, , , , , , , , , ,1,0,0,0,0,0,1,0,0,0,0,1,1,0,0,0,0,0,0,0,0,0,1,0,0,0,0,0,0,0,0,0,1,0,0,4,0,39.9258,-75.1516, , 
32828,380038,2015129048,6,67,67301,2015,11,2,1222,12,1,1,0,4,1, , ,N,0,3,7,3,0,3,5,2,N, ,40 04:36.468,75 05:06.621,1245, ,1223,4,2,1, , ,3,Y, , , , , , , , ,2,0,0,1,0,1,0,0,0,0,3,0,3,0,0,0,0,0,0,0,1,0,0,0,0,0,0,0,0,0,0,0,0,0,0,3,2,40.0768,-75.0852, , 
32829,380061,2016013787,6,67,67301,2015,12,4,905,9,1,2,1,1,1, , ,N,2,0,0,3,0,1,2,2,N,N,40 02:05.924,75 11:18.304,915, ,910,1,1,1,N, ,0,Y, , , , , , , , ,2,2,0,0,0,0,0,0,0,0,0,1,1,0,1,0,0,0,0,0,0,0,0,0,0,0,0,0,0,0,0,0,0,0,0,4,0,40.035,-75.1884, , 
32830,380071,2015130069,6,67,67301,2015,11,3,1749,17,3,1,0,4,1, , ,N,3,0,0,3,0,3,4,2,N,N,39 54:46.109,75 08:26.446,1757, ,1751,9,2,4,N, ,0,Y, , , , , , , , ,2,1,1,0,0,0,0,0,0,1,1,1,3,0,0,0,0,0,0,0,0,0,0,2,0,0,0,0,0,1,0,0,0,0,0,2,0,39.9128,-75.1407, , 
32831,380084,2015115056,6,67,67301,2015,10,4,1130,11,1,1,8,4,1, , ,N,1,2,0,3,0,1,2,2,N,N,39 55:11.072,75 13:29.970,9999, ,9999, ,0, ,N, ,3, , , , , , , , , ,2,1,1,0,0,0,0,0,0,0,0,1,1,0,1,0,0,0,0,0,1,0,0,0,0,0,0,0,0,0,0,0,0,0,0,4,0,39.9197,-75.225, , 
32832,380085,2015115129,6,67,67301,2015,10,7,612,6,5,1,0,5,6, , ,N,0,0,0,3,0,0,1,3,N, ,40 01:21.280,75 05:40.716,826, ,824,3,1,4, , ,0,N, , , , , , , , ,3,0,0,0,1,0,2,0,0,0,0,0,0,0,0,0,0,0,0,0,0,0,0,0,0,0,0,0,0,0,0,0,0,0,0,0,0,40.0226,-75.0946, , 
32833,380097,2015130286,6,67,67301,2015,11,5,1816,18,2,2,1,8,1, , ,N,0,0,0,3,0,1,2,2,N,N,40 04:16.224,75 10:46.303,2100, ,2100, ,0, ,N, ,0, , , , , , , , , ,1,0,0,0,0,0,1,0,0,0,0,0,1,1,0,0,0,0,0,0,0,0,0,1,0,0,0,0,0,0,0,0,1,0,0,8,0,40.0712,-75.1795, , 
32834,380106,2016007519,6,67,67301,2015,12,4,2230,22,3,2,1,4,1, , ,N,1,2,0,3,0,1,2,2,N,N,40 02:22.366,75 02:44.910,2323, ,2317, ,0, ,N, ,3, , , , , , , , , ,2,2,0,0,0,0,0,0,0,0,0,1,1,0,1,0,0,0,0,0,0,0,0,0,0,0,0,0,0,0,0,0,0,0,0,4,0,40.0395,-75.0458, , 
32835,380107,2016007547,6,67,67301,2015,12,4,2215,22,3,2,1,4,1, , ,N,1,2,0,3,0,3,3,2,N,N,39 56:28.692,75 12:33.670,2220, ,2220,1,1,2,N, ,3,Y, , , , , , , , ,2,2,0,0,0,0,0,0,0,0,0,3,3,0,0,0,0,0,0,1,0,0,0,0,0,0,0,0,0,0,0,0,0,0,0,4,0,39.9412,-75.2094, , 
32836,380108,2016008158,6,67,67301,2015,12,4,204,2,3,1,0,5,6, , ,N,0,0,0,3,0,0,1,4,N,N,39 57:35.394,75 14:09.968,215, ,212, ,0, ,N, ,0, , , , , , , , , ,4,3,0,0,0,0,0,1,0,0,0,0,0,0,0,0,0,0,0,0,0,0,0,0,0,0,0,0,0,0,0,0,0,0,0,0,0,39.9598,-75.2361, , 
32837,380120,2015128615,6,67,67301,2015,11,7,1630,16,2,2,1,6,1, , ,N,0,0,0,3,0,0,2,2,N, ,40 03:47.295,75 12:01.572,1645, ,1633,2,2,5, , ,0,Y, , , , , , , , ,2,2,0,0,0,0,0,0,0,0,0,0,0,0,0,0,0,0,0,0,1,1,0,0,0,0,0,0,0,0,0,0,0,0,0,0,0,40.0631,-75.2004, , 
32838,380121,2015128714,6,67,67301,2015,11,7,1907,19,3,2,1,1,1, , ,N,2,2,0,3,0,1,7,3,N,N,40 03:47.944,74 59:07.865,1907, ,1907, ,0, , , ,3, , , , , , , , , ,3,1,0,0,0,0,0,2,0,0,0,0,1,1,0,0,0,0,0,0,1,1,0,0,0,0,0,0,0,0,0,0,0,0,0,8,0,40.0633,-74.9855, , 
32839,380158,2015107466,6,67,67301,2015,9,4,600,6,3,1,0,8,1, , ,N,0,0,0,3,0,1,2,2,N,N,39 54:47.803,75 09:00.713,610, ,604,2,1,2, , ,0,Y, , , , , , , , ,1,1,0,0,0,0,0,0,0,0,1,0,1,0,0,0,0,0,0,0,0,0,1,0,0,0,0,0,0,0,0,0,1,0,0,3,0,39.9133,-75.1502, , 
32840,380160,2015109331,6,67,67301,2015,10,7,1450,14,1,1,0,8,1, , ,N,1,3,0,3,0,1,2,2,N,N,40 01:19.344,75 04:35.907,1510, ,1503, ,0, ,N, ,3, , , , , , , , , ,1,1,0,0,0,0,0,0,0,0,0,1,1,0,0,0,0,0,0,0,0,0,0,0,0,0,0,0,0,0,0,0,1,0,0,4,0,40.022,-75.0766, , 
32841,380172,2016000960,6,67,67301,2015,12,7,355,3,3,1,0,1,1, , ,N,5,2,0,3,0,1,2,2,N,N,39 59:52.195,75 06:39.459,1500, ,440, ,0, ,N, ,3, , , , , , , , , ,2,2,0,0,0,0,0,0,0,0,0,1,1,0,0,0,0,0,0,0,0,0,0,1,0,0,0,0,0,0,0,0,0,0,0,4,0,39.9978,-75.111, , 