objectid_1,objectid,crn,district,county,municipality,crash_year,crash_month,day_of_week,time_of_day,hour_of_day,illumination,weather,road_condition,collision_type,relation_to_road,work_zone_type,work_zone_loc,work_zone_ind,intersect_type,tcd_type,location_type,urban_rural,fatal_count,injury_count,person_count,total_units,sch_bus_ind,sch_zone_ind,latitude,longitude,arrival_tm,cons_zone_spd_lim,dispatch_tm,est_hrs_closed,lane_closed,ln_close_dir,ntfy_hiwy_maint,spec_juris_cd,tcd_func_cd,tfc_detour_ind,workers_pres,wz_close_detour,wz_flagger,wz_law_offcr_ind,wz_ln_closure,wz_moving,wz_other,wz_shlder_mdn,vehicle_count,automobile_count,motorcycle_count,bus_count,small_truck_count,heavy_truck_count,suv_count,van_count,bicycle_count,maj_inj_count,mod_inj_count,min_inj_count,tot_inj_count,unk_inj_deg_count,unk_inj_per_count,driver_count_16yr,driver_count_17yr,driver_count_18yr,driver_count_19yr,driver_count_20yr,driver_count_50_64yr,driver_count_65_74yr,driver_count_75plus,unbelted_occ_count,unb_death_count,unb_maj_inj_count,belted_death_count,belted_maj_inj_count,mcycle_death_count,mcycle_maj_inj_count,bicycle_death_count,bicycle_maj_inj_count,ped_count,ped_death_count,ped_maj_inj_count,max_severity_level,comm_veh_count,dec_lat,dec_long,rdwy_surf_type_cd,county_name
32842,380173,2016002614,6,67,67301,2015,12,4,1913,19,3,1,0,8,1, , ,N,1,3,0,3,0,1,2,2,N,N,39 56:44.732,75 10:00.371,1920, ,1915, ,0, , , ,3, , , , , , , , , ,1,1,0,0,0,0,0,0,0,0,0,1,1,0,0,0,0,0,0,0,0,0,0,0,0,0,0,0,0,0,0,0,1,0,0,4,0,39.9458,-75.1668, , 
32843,380174,2016007669,6,67,67301,2015,12,6,2219,22,3,1,1,4,1, , ,N,2,2,0,3,0,0,3,2,N,N,40 00:39.310,75 09:51.498,2235, ,2229, ,0, ,N, ,3, , , , , , , , , ,2,2,0,0,0,0,0,0,0,0,0,0,0,0,0,0,0,0,0,0,0,0,0,0,0,0,0,0,0,0,0,0,0,0,0,0,0,40.0109,-75.1643, , 
32844,380186,2015115123,6,67,67301,2015,10,2,730,7,1,1,0,4,1, , ,N,1,2,0,3,0,1,3,2,N, ,40 00:57.319,75 07:46.466,740, ,735, ,0, , , ,3, , , , , , , , , ,2,1,0,0,0,0,1,0,0,0,1,0,1,0,0,0,0,0,0,0,0,1,0,0,0,0,0,0,0,0,0,0,0,0,0,3,0,40.0159,-75.1296, , 
32845,377899,2015117613,6,67,67301,2015,10,4,732,7,1,2,1,7,4, , ,N,0,0,0,3,0,1,1,1,N,N,40 01:38.750,75 11:33.569,830, ,735,2,1,2,N, ,0,N, , , , , , , , ,1,1,0,0,0,0,0,0,0,0,0,1,1,0,0,0,0,0,0,0,0,0,0,0,0,0,0,0,0,0,0,0,0,0,0,4,0,40.0274,-75.1927, , 
32846,377912,2015129989,6,67,67301,2015,11,7,35,0,3,1,0,4,1, , ,N,1,2,2,3,0,2,2,2,N,N,39 58:28.663,75 11:57.118,41, ,38, ,0, ,N, ,3, , , , , , , , , ,2,2,0,0,0,0,0,0,0,0,0,0,2,2,0,0,0,0,1,0,1,0,0,0,0,0,0,0,0,0,0,0,0,0,0,8,0,39.9746,-75.1992, , 
32847,377925,2016007607,6,67,67301,2015,12,3,1850,18,3,2,1,4,1, , ,N,1,2,0,3,0,0,2,2,N, ,40 04:22.410,75 04:33.193,1909, ,1856, ,0, , , ,3, , , , , , , , , ,2,2,0,0,0,0,0,0,0,0,0,0,0,0,0,0,0,0,0,0,0,1,0,0,0,0,0,0,0,0,0,0,0,0,0,0,0,40.0729,-75.0759, , 
32848,377956,2015129045,6,67,67301,2015,11,1,1200,12,1,1,0,4,1, , ,N,2,3,0,3,0,1,3,2,N, ,40 04:36.639,74 58:43.437,1210, ,1205, ,0, , , ,3, , , , , , , , , ,2,2,0,0,0,0,0,0,0,0,0,1,1,0,0,0,0,0,0,0,0,0,1,0,0,0,0,0,0,0,0,0,0,0,0,4,0,40.0768,-74.9787, , 
32849,377957,2015130025,6,67,67301,2015,11,1,308,3,2,1,0,5,6, , ,N,0,0,0,3,0,0,2,3,N,N,39 59:33.414,75 07:43.039,335, ,335, ,0, ,N, ,0, , , , , , , , , ,3,2,0,0,0,0,1,0,0,0,0,0,0,0,1,0,0,0,0,0,0,0,0,1,0,0,0,0,0,0,0,0,0,0,0,9,0,39.9926,-75.1286, , 
32850,377962,2016002517,6,67,67301,2015,12,7,1715,17,3,1,0,8,1, , ,N,0,0,0,3,0,1,2,2,N, ,40 02:19.904,75 08:37.678,1729, ,1729, ,0, , , ,0, , , , , , , , , ,1,1,0,0,0,0,0,0,0,0,0,0,1,1,0,0,0,0,0,0,0,0,0,0,0,0,0,0,0,0,0,0,1,0,0,8,0,40.0389,-75.1438, , 
32851,377977,2015125265,6,67,67301,2015,11,4,2305,23,3,1,0,0,1,1,4,Y,0,0,0,3,0,0,1,1,N,N,39 58:29.769,75 07:01.665,2335,45,2306,2,2,1,N, ,0,N,N,N,N,N,N,N,N,Y,1,1,0,0,0,0,0,0,0,0,0,0,0,0,0,0,0,0,0,0,1,0,0,0,0,0,0,0,0,0,0,0,0,0,0,0,0,39.9749,-75.1171, , 
32852,377981,2015129988,6,67,67301,2015,11,3,1255,12,1,2,1,4,1, , ,N,0,0,7,3,0,2,3,2,N,N,39 57:38.319,75 08:31.526,1305, ,1300,1,1,3,N, ,0,N, , , , , , , , ,2,1,0,0,0,0,1,0,0,0,0,2,2,0,0,0,0,1,0,0,0,0,0,0,0,0,0,0,0,0,0,0,0,0,0,4,0,39.9606,-75.1421, , 
32853,377996,2015117606,6,67,67301,2015,10,3,1625,16,1,1,0,8,1, , ,N,0,0,0,3,0,1,2,2,N,N,40 03:08.262,75 13:40.036,1633, ,1628, ,0, ,N, ,0, , , , , , , , , ,1,1,0,0,0,0,0,0,0,0,0,0,1,1,0,0,0,0,0,0,0,0,0,1,0,0,0,0,0,0,0,0,1,0,0,8,0,40.0523,-75.2278, , 
32854,377997,2015133384,6,67,67301,2015,12,3,2309,23,3,6,1,7,4, , ,N,0,0,0,3,0,0,1,1,N,N,39 58:39.137,75 06:44.946,2347, ,2329,1,1,2,N, ,0,N, , , , , , , , ,1,1,0,0,0,0,0,0,0,0,0,0,0,0,0,0,0,0,0,0,0,0,0,0,0,0,0,0,0,0,0,0,0,0,0,0,0,39.9775,-75.1125, , 
32855,378006,2015092918,6,67,67301,2015,8,3,2150,21,3,1,0,8,1, , ,N,1,3,0,3,0,1,2,2,N,N,40 01:39.432,75 05:46.337,2340, ,2333, ,0, ,N, ,3, , , , , , , , , ,1,0,0,0,0,0,1,0,0,0,0,1,1,0,0,0,0,0,0,0,1,0,0,0,0,0,0,0,0,0,0,0,1,0,0,4,0,40.0276,-75.0962, , 
32856,378011,2015095737,6,67,67301,2015,8,2,1551,15,1,1,0,5,1, , ,N,0,0,0,3,0,1,5,2,N, ,39 56:51.723,75 09:15.901,1708, ,1703, ,0, , , ,0, , , , , , , , , ,2,1,0,0,0,0,0,1,0,0,0,0,1,1,2,0,0,0,0,0,0,0,0,0,0,0,0,0,0,0,0,0,0,0,0,8,0,39.9477,-75.1544, , 
32857,378018,2015101988,6,67,67301,2015,9,2,132,1,3,1,0,7,4, , ,N,0,0,0,3,0,1,1,1,N,N,39 59:57.322,75 11:25.994,134, ,133, ,0, ,N, ,0, , , , , , , , , ,1,1,0,0,0,0,0,0,0,0,0,1,1,0,0,0,0,0,0,0,0,0,0,0,0,0,0,0,0,0,0,0,0,0,0,4,0,39.9993,-75.1906, , 
32858,378020,2015102396,6,67,67301,2015,9,4,1900,19,1,1,0,4,1, , ,N,1,2,0,3,0,1,2,2,N, ,40 02:06.022,75 04:09.823,2015, ,2010, ,0, , , ,3, , , , , , , , , ,2,0,1,0,0,0,0,1,0,0,0,0,1,1,0,0,0,0,0,0,0,0,0,0,0,0,0,0,0,0,0,0,0,0,0,8,0,40.035,-75.0694, , 
32859,378032,2015116150,6,67,67301,2015,10,2,1415,14,1,1,0,1,1, , ,N,0,0,0,3,0,3,8,5,N,N,39 54:18.907,75 11:41.145,1427, ,1426, ,0, ,N, ,0, , , , , , , , , ,5,3,0,0,0,0,2,0,0,0,0,0,3,3,2,0,0,0,0,0,2,1,0,0,0,0,0,0,0,0,0,0,0,0,0,8,0,39.9053,-75.1948, , 
32860,378052,2015114581,6,67,67301,2015,10,4,1609,16,1,1,0,6,1, , ,N,2,0,0,3,0,4,4,2,N,N,40 05:38.900,75 00:10.043,1615, ,1610,2,2,5, , ,0,Y, , , , , , , , ,2,1,0,0,1,0,0,0,0,3,0,0,4,1,0,0,1,0,0,0,0,0,0,0,0,0,0,0,0,0,0,0,0,0,0,2,0,40.0941,-75.0028, , 
32861,378063,2015128547,6,67,67301,2015,11,2,1116,11,1,1,0,5,6, , ,N,0,0,0,3,0,1,2,2,N,N,39 57:35.767,75 14:12.999,1120, ,1117, ,0, ,N, ,0, , , , , , , , , ,2,1,0,0,1,0,0,0,0,0,0,1,1,0,0,0,0,0,0,0,0,0,0,0,0,0,0,0,0,0,0,0,0,0,0,4,0,39.9599,-75.2369, , 
32862,378071,2016007660,6,67,67301,2015,12,2,2150,21,3,2,1,1,1, , ,N,10,2,0,3,0,2,4,2,N,N,39 58:02.906,75 10:51.624,2200, ,2151,2,1,1,N, ,3,N, , , , , , , , ,2,1,0,0,0,0,1,0,0,0,0,2,2,0,0,0,0,0,0,0,0,1,0,0,0,0,0,0,0,0,0,0,0,0,0,4,0,39.9675,-75.181, , 
32863,372350,2015109238,6,67,67301,2015,10,4,1830,18,3,1,0,4,1, , ,N,1,2,0,3,0,1,2,2,N, ,40 02:15.144,75 08:16.569,1910, ,1910, ,0, , , ,3, , , , , , , , , ,1,0,0,0,0,0,1,0,1,0,1,0,1,0,0,0,0,0,0,0,0,0,0,0,0,0,0,0,0,0,0,0,0,0,0,3,0,40.0376,-75.138, , 
32864,372369,2015130320,6,67,67301,2015,11,2,1233,12,1,1,0,1,6, , ,N,0,0,0,3,0,1,1,2,N,N,40 04:22.822,75 03:11.004,1235, ,1233, ,0, ,N, ,0, , , , , , , , , ,2,1,0,0,0,0,1,0,0,0,0,0,1,1,0,0,0,0,0,0,1,0,0,0,0,0,0,0,0,0,0,0,0,0,0,8,0,40.073,-75.0531, , 
32865,372380,2015110856,6,67,67301,2015,10,7,655,6,1,1,0,5,1,1,4,Y,0,0,0,3,0,0,3,2,N,N,40 01:15.113,75 02:30.821,703,45,655, ,0, ,N, ,0, ,Y,N,N,N,N,N,N,Y,2,1,0,0,0,0,1,0,0,0,0,0,0,0,0,0,0,0,0,0,0,0,0,0,0,0,0,0,0,0,0,0,0,0,0,0,0,40.0209,-75.0419, , 
32866,372385,2015115115,6,67,67301,2015,10,5,1429,14,1,1,0,4,1, , ,N,3,2,0,3,0,1,2,2,N,N,39 54:44.913,75 08:17.195,1630, ,1624,3,1,3,N, ,3,N, , , , , , , , ,2,1,0,0,0,1,0,0,0,0,0,1,1,0,0,0,0,0,0,0,0,0,0,0,0,0,0,0,0,0,0,0,0,0,0,4,1,39.9125,-75.1381, , 
32867,372396,2015131325,6,67,67301,2015,12,4,1045,10,1,2,1,1,6, , ,N,0,0,0,3,0,1,3,3,N,N,40 05:55.672,75 02:06.122,1105, ,1100, ,0, ,N, ,0, , , , , , , , , ,3,2,0,0,1,0,0,0,0,0,0,1,1,0,0,0,0,0,0,0,1,0,0,0,0,0,0,0,0,0,0,0,0,0,0,4,0,40.0988,-75.035, , 
32868,372405,2015103327,6,67,67301,2015,9,7,1715,17,1,1,0,4,1, , ,N,1,3,0,3,0,0,4,2,N,N,40 03:57.202,75 10:35.464,1735, ,1726,1,1,1, , ,3,N, , , , , , , , ,2,0,0,0,0,0,2,0,0,0,0,0,0,0,0,0,0,0,0,0,1,0,0,0,0,0,0,0,0,0,0,0,0,0,0,0,0,40.0659,-75.1765, , 
32869,372410,2015109277,6,67,67301,2015,10,7,2350,23,3,2,1,8,1, , ,N,0,2,0,3,0,1,2,2,N,N,40 05:20.116,75 01:15.530,40, ,35,2,1,2,N, ,3,Y, , , , , , , , ,1,0,0,0,0,0,0,1,0,0,0,1,1,0,0,0,0,0,0,0,0,0,0,0,0,0,0,0,0,0,0,0,1,0,0,4,0,40.0889,-75.021, , 
32870,372417,2016013853,6,67,67301,2015,12,5,1311,13,1,1,0,8,1, , ,N,1,2,0,3,0,1,2,2,N, ,40 00:29.434,75 08:33.954,1315, ,1315, ,9, , , ,9, , , , , , , , , ,1,0,0,0,0,0,0,0,0,0,0,1,1,0,1,0,0,0,0,0,0,0,0,0,0,0,0,0,0,0,0,0,1,0,0,4,0,40.0082,-75.1428, , 
32871,372423,2015135875,6,67,67301,2015,12,4,2023,20,3,2,1,5,6, , ,N,0,0,0,3,0,1,1,2,N,N,39 54:58.190,75 10:47.132,2027, ,2023, ,0, ,N, ,0, , , , , , , , , ,2,2,0,0,0,0,0,0,0,0,0,1,1,0,0,0,0,0,0,0,0,0,0,0,0,0,0,0,0,0,0,0,0,0,0,4,0,39.9162,-75.1798, , 
32872,372428,2015114547,6,67,67301,2015,9,3,1433,14,1,1,0,4,1, , ,N,1,2,0,3,0,1,2,2,N,N,39 57:04.915,75 11:56.807,1433, ,1433, ,0, ,N, ,3, , , , , , , , , ,1,1,0,0,0,0,0,0,1,0,0,1,1,0,0,0,0,0,1,0,0,0,0,0,0,0,0,0,0,0,0,0,0,0,0,4,0,39.9514,-75.1991, , 
32873,372432,2015117620,6,67,67301,2015,10,7,0,0,3,1,0,8,1, , ,N,1,2,0,3,0,1,2,2,N,N,39 55:36.045,75 14:08.296,1312, ,1312, ,0, , , ,3, , , , , , , , , ,1,1,0,0,0,0,0,0,0,0,1,0,1,0,0,0,0,0,0,0,0,0,0,1,0,0,0,0,0,0,0,0,1,0,0,3,0,39.9266,-75.2356, , 
32874,372434,2015118144,6,67,67301,2015,10,6,1145,11,1,1,0,4,1, , ,N,1,2,0,3,0,1,2,2,N,N,39 58:57.266,75 13:50.685,1152, ,1148, ,0, ,N, ,3, , , , , , , , , ,1,0,0,0,0,1,0,0,1,0,0,0,1,1,0,0,0,0,0,0,0,0,0,1,0,0,0,0,0,0,0,0,0,0,0,8,1,39.9826,-75.2307, , 
32875,372435,2015118171,6,67,67301,2015,10,4,1924,19,3,1,0,5,6, , ,N,0,0,0,3,0,0,1,3,N,N,40 03:21.389,75 04:31.709,1936, ,1932, ,0, ,N, ,0, , , , , , , , , ,3,2,0,0,1,0,0,0,0,0,0,0,0,0,0,0,0,0,0,0,1,0,0,0,0,0,0,0,0,0,0,0,0,0,0,0,0,40.0559,-75.0755, , 
32876,372448,2015127299,6,67,67301,2015,10,6,1830,18,3,1,0,5,6, , ,N,0,0,0,3,0,1,2,2,N,N,39 58:44.995,75 10:13.811,1930, ,1830, ,0, ,N, ,0, , , , , , , , , ,2,1,0,1,0,0,0,0,0,0,0,1,1,0,0,0,0,0,0,0,0,0,0,0,0,0,0,0,0,0,0,0,0,0,0,4,1,39.9792,-75.1705, , 
32877,372473,2015137019,6,67,67301,2015,11,2,910,9,1,1,0,8,1, , ,N,1,2,0,3,1,2,3,3,N,N,39 56:11.083,75 13:08.439,913, ,913,4,2,6,N,0,3,Y, , , , , , , , ,2,2,0,0,0,0,0,0,0,0,0,0,2,2,0,0,0,0,0,0,0,1,0,0,0,0,0,0,0,0,0,0,1,1,0,1,0,39.9364,-75.219,2, 
32878,372474,2016002388,6,67,67301,2015,12,4,1758,17,3,2,1,2,1, , ,N,0,0,0,3,0,2,3,3,N,N,39 59:31.909,75 11:40.528,1800, ,1758,2,1,5,N, ,0,Y, , , , , , , , ,3,3,0,0,0,0,0,0,0,0,0,0,2,2,0,0,0,0,0,0,1,1,0,0,0,0,0,0,0,0,0,0,0,0,0,8,0,39.9922,-75.1946, , 
32879,372478,2016080940,6,67,67301,2015,10,3,715,7,1,1,0,8,1, , ,N,0,0,0,3,0,1,2,2,N, ,40 01:21.610,75 04:40.026,930, ,739, ,0, , , ,0, , , , , , , , , ,1,0,0,0,0,0,0,0,0,0,0,0,1,1,0,0,0,0,0,0,0,0,0,0,0,0,0,0,0,0,0,0,1,0,0,8,0,40.0227,-75.0778, , 
32880,372483,2015109229,6,67,67301,2015,10,3,2133,21,3,1,0,8,1, , ,N,2,0,0,3,0,1,2,2,N, ,40 08:06.849,75 00:38.030,2143, ,2133, ,0, , , ,0, , , , , , , , , ,1,1,0,0,0,0,0,0,0,0,0,1,1,0,0,0,0,0,0,0,1,0,0,0,0,0,0,0,0,0,0,0,1,0,0,4,0,40.1352,-75.0106, , 
32881,375033,2015131233,6,67,67301,2015,12,3,2238,22,3,2,1,4,1, , ,N,1,2,0,3,0,0,4,2,N,N,39 56:49.128,75 09:52.935,2258, ,2250, ,0, ,N, ,3, , , , , , , , , ,2,2,0,0,0,0,0,0,0,0,0,0,0,0,0,0,0,0,0,0,0,0,0,0,0,0,0,0,0,0,0,0,0,0,0,0,0,39.947,-75.1647, , 
32882,375042,2015097623,6,67,67301,2015,9,2,1143,11,1,1,0,1,1, , ,N,0,0,0,3,0,2,3,3,N,N,39 58:37.712,75 11:56.436,1203, ,1146, ,0, ,N, ,0, , , , , , , , , ,3,1,0,0,0,0,2,0,0,0,0,2,2,0,0,0,0,0,0,0,0,1,0,0,0,0,0,0,0,0,0,0,0,0,0,4,0,39.9771,-75.199, , 
32883,375059,2015088664,6,67,67301,2015,8,2,1710,17,1,1,0,4,1, , ,N,2,3,0,3,0,0,2,2,N,N,40 07:10.776,75 00:31.301,1743, ,1738, ,0, ,N, ,3, , , , , , , , , ,2,2,0,0,0,0,0,0,0,0,0,0,0,0,0,0,0,0,0,0,0,0,0,0,0,0,0,0,0,0,0,0,0,0,0,0,0,40.1197,-75.0087, , 
32884,375064,2015095747,6,67,67301,2015,9,3,630,6,1,1,0,7,4, , ,N,0,0,0,3,0,0,3,2,N,N,40 02:51.805,75 10:17.304,635, ,633,3,2,5,N, ,0,Y, , , , , , , , ,2,0,0,0,0,0,0,2,0,0,0,0,0,0,0,0,0,0,0,0,0,0,0,0,0,0,0,0,0,0,0,0,0,0,0,0,0,40.0477,-75.1715, , 
32885,375074,2015106376,6,67,67301,2015,9,5,817,8,1,1,0,8,1, , ,N,1,2,0,3,0,1,2,2,N, ,40 01:17.655,75 07:27.663,843, ,820, ,0, , , ,3, , , , , , , , , ,1,0,0,0,0,0,1,0,0,0,0,0,1,1,0,0,0,0,0,0,0,0,0,0,0,0,0,0,0,0,0,0,1,0,0,8,0,40.0216,-75.1244, , 
32886,375082,2015115112,6,67,67301,2015,10,7,2319,23,3,1,0,5,1, , ,N,0,0,0,3,0,0,2,2,N,N,39 53:53.415,75 15:12.498,57, ,57, ,0, ,N, ,0, , , , , , , , , ,2,2,0,0,0,0,0,0,0,0,0,0,0,0,0,0,0,0,0,0,0,0,0,0,0,0,0,0,0,0,0,0,0,0,0,0,0,39.8982,-75.2535, , 
32887,375087,2015125388,6,67,67301,2015,11,7,1811,18,3,1,0,1,1, , ,N,0,0,0,3,0,2,6,2,N,N,39 59:47.294,75 11:49.019,1821, ,1817, ,0, ,N, ,0, , , , , , , , , ,2,1,0,0,0,0,1,0,0,0,0,0,2,2,0,0,0,0,0,0,1,0,0,0,0,0,0,0,0,0,0,0,0,0,0,8,0,39.9965,-75.1969, , 
32888,375132,2015128595,6,67,67301,2015,11,7,1830,18,3,1,0,0,1, , ,N,0,0,0,3,0,2,2,3,N,N,39 59:56.900,75 08:02.807,1155, ,1155, ,0, ,N, ,0, , , , , , , , , ,3,2,0,0,0,0,0,0,0,0,0,2,2,0,0,0,0,0,0,0,0,0,0,0,0,0,0,0,0,0,0,0,0,0,0,4,0,39.9991,-75.1341, , 
32889,375138,2015136392,6,67,67301,2015,12,1,105,1,3,1,0,5,1, , ,N,0,0,0,3,0,1,3,2,N,N,39 58:02.337,75 08:31.038,139, ,139, ,0, ,N, ,0, , , , , , , , , ,1,1,0,0,0,0,0,0,1,0,0,1,1,0,1,0,0,0,0,0,0,0,0,0,0,0,0,0,0,0,0,0,0,0,0,4,0,39.9673,-75.142, , 
32890,375139,2016000989,6,67,67301,2015,12,3,2030,20,3,2,1,4,1, , ,N,1,2,0,3,0,2,2,2,N, ,39 58:53.850,75 15:03.725,2135, ,2123, ,0, , , ,3, , , , , , , , , ,2,2,0,0,0,0,0,0,0,0,0,2,2,0,0,0,0,0,0,0,0,0,0,0,0,0,0,0,0,0,0,0,0,0,0,4,0,39.9816,-75.251, , 
32891,375167,2015124621,6,67,67301,2015,12,3,1019,10,1,2,1,5,1, , ,N,0,0,0,3,0,1,2,2, , ,39 56:55.031,75 12:17.482,1023, ,1021,9,1,7, , ,0,N, , , , , , , , ,2,1,0,0,0,0,1,0,0,0,0,0,1,1,0,0,0,0,0,0,0,1,0,0,0,0,0,0,0,0,0,0,0,0,0,8,0,39.9486,-75.2049, , 
32892,375178,2016002605,6,67,67301,2015,12,7,756,7,1,1,0,4,1, , ,N,1,2,0,3,0,1,2,2,N, ,39 59:13.382,75 07:20.404,808, ,803,9,1,1, , ,3,N, , , , , , , , ,2,1,0,0,0,0,1,0,0,0,0,1,1,0,0,0,0,0,0,0,0,0,0,0,0,0,0,0,0,0,0,0,0,0,0,4,0,39.9871,-75.1223, , 
32893,375183,2015120496,6,67,67301,2015,10,6,1930,19,3,2,1,4,1, , ,N,1,3,0,3,0,1,3,2,N,N,39 57:15.246,75 14:39.951,1955, ,1943, ,0, ,N, ,3, , , , , , , , , ,2,2,0,0,0,0,0,0,0,0,0,1,1,0,0,0,0,0,0,0,1,0,0,0,0,0,0,0,0,0,0,0,0,0,0,4,0,39.9542,-75.2444, , 
32894,375197,2015119458,6,67,67301,2015,11,1,1827,18,3,1,0,7,2, , ,N,0,0,0,3,0,0,6,1,N,N,39 56:18.686,75 11:50.912,1843, ,1829, ,0, ,N, ,0, , , , , , , , , ,1,1,0,0,0,0,0,0,0,0,0,0,0,0,0,0,0,0,0,0,0,0,0,4,0,0,0,0,0,0,0,0,0,0,0,0,0,39.9385,-75.1975, , 
32895,375199,2016007649,6,67,67301,2015,12,7,1619,16,1,1,0,8,1, , ,N,1,3,0,3,0,1,2,2,N,N,40 01:02.528,75 05:25.205,1627, ,1621, ,0, ,N, ,3, , , , , , , , , ,1,1,0,0,0,0,0,0,0,0,0,0,1,1,0,0,0,0,0,0,0,0,0,0,0,0,0,0,0,0,0,0,1,0,0,8,0,40.0174,-75.0903, , 
32896,375201,2015095345,6,67,67301,2015,9,3,1327,13,1,1,0,1,1, , ,N,0,0,0,3,0,2,7,4,N,N,40 01:24.816,75 01:59.165,1410, ,1333,3,1,1,Y, ,0,N, , , , , , , , ,4,3,0,0,0,1,0,0,0,0,0,0,2,2,0,0,0,0,0,0,2,0,0,0,0,0,0,0,0,0,0,0,0,0,0,8,1,40.0236,-75.0331, , 
32897,375207,2015098982,6,67,67301,2015,9,7,830,8,1,1,0,8,1, , ,N,1,3,0,3,0,1,2,2,N,N,40 02:40.423,75 08:40.657,912, ,912, ,0, ,N, ,3, , , , , , , , , ,1,0,0,0,0,0,1,0,0,0,0,0,1,1,0,0,0,0,0,0,0,0,0,0,0,0,0,0,0,0,0,0,1,0,0,8,0,40.0446,-75.1446, , 
32898,375210,2015101983,6,67,67301,2015,9,6,1645,16,1,1,0,8,1, , ,N,0,2,7,3,0,1,2,2,N,N,40 00:29.005,75 11:31.362,1654, ,1649,1,1,2,N, ,3,Y, , , , , , , , ,1,0,0,0,0,0,1,0,0,1,0,0,1,0,0,0,0,0,0,0,1,0,0,0,0,0,0,0,0,0,0,0,1,0,1,2,0,40.0081,-75.192, , 
32899,380203,2016002017,6,67,67301,2015,12,6,1813,18,3,2,1,7,2, , ,N,0,0,0,3,0,0,3,1,N,N,39 57:28.481,75 09:43.737,1822, ,1813,1,1,4,N, ,0,N, , , , , , , , ,1,0,0,0,0,0,1,0,0,0,0,0,0,0,0,0,0,0,1,0,0,0,0,0,0,0,0,0,0,0,0,0,0,0,0,0,0,39.9579,-75.1621, , 
32900,380206,2016002555,6,67,67301,2015,12,5,1857,18,3,8,1,6,1, , ,N,0,0,0,3,0,1,2,2,N,N,39 58:52.036,75 11:58.632,1920, ,1901,2,2,5,N, ,0,Y, , , , , , , , ,2,2,0,0,0,0,0,0,0,0,0,1,1,0,0,0,0,0,0,0,0,0,0,0,0,0,0,0,0,0,0,0,0,0,0,4,0,39.9811,-75.1996, , 
32901,380209,2016016101,6,67,67301,2015,10,7,45,0,3,1,0,4,1, , ,N,1,2,0,3,0,2,3,2,N,N,39 56:25.327,75 14:11.791,0, ,0, ,0, ,N, ,3, , , , , , , , , ,2,1,0,0,0,0,0,0,0,0,0,0,2,2,0,0,0,0,0,0,1,0,0,1,0,0,0,0,0,0,0,0,0,0,0,8,0,39.9404,-75.2366, , 
32902,380226,2016000953,6,67,67301,2015,12,6,550,5,1,1,0,4,1, , ,N,1,2,0,3,0,2,4,2,N,N,40 02:39.088,75 09:45.868,853, ,852,2,1,2, , ,3,N, , , , , , , , ,2,2,0,0,0,0,0,0,0,0,0,2,2,0,0,0,0,0,0,1,0,0,0,0,0,0,0,0,0,0,0,0,0,0,0,4,0,40.0442,-75.1627, , 
32903,380228,2016014380,6,67,67301,2015,11,2,1500,15,1,1,0,1,1, , ,N,0,2,0,3,0,1,2,2,N,N,39 57:43.169,75 09:41.119,0, ,0, ,0, ,N, ,3, , , , , , , , , ,2,1,0,0,0,0,1,0,0,0,0,0,1,1,1,0,0,0,0,0,0,0,0,0,0,0,0,0,0,0,0,0,0,0,0,8,0,39.962,-75.1614, , 
32904,380236,2015102871,6,67,67301,2015,9,2,1207,12,1,1,0,4,1, , ,N,1,3,0,3,0,0,2,3,N, ,39 58:53.796,75 06:40.589,1325, ,1321, ,0, , , ,3, , , , , , , , , ,3,3,0,0,0,0,0,0,0,0,0,0,0,0,2,0,0,0,0,0,0,0,0,0,0,0,0,0,0,0,0,0,0,0,0,9,0,39.9816,-75.1113, , 
32905,380244,2015112267,6,67,67301,2015,10,2,38,0,3,1,0,7,5, , ,N,7,0,0,3,0,0,1,1,N,N,40 00:17.754,75 11:42.699,45, ,40, ,0, ,N, ,0, , , , , , , , , ,1,1,0,0,0,0,0,0,0,0,0,0,0,0,0,0,0,0,0,0,0,0,0,0,0,0,0,0,0,0,0,0,0,0,0,0,0,40.0049,-75.1952, , 
32906,380269,2015115114,6,67,67301,2015,10,1,740,7,1,1,0,4,1, , ,N,1,2,0,3,0,1,2,2,N,N,39 57:21.085,75 11:29.255,835, ,831, ,0, ,N, ,3, , , , , , , , , ,1,1,0,0,0,0,0,0,1,0,0,1,1,0,0,0,0,0,0,0,0,0,0,0,0,0,0,0,0,0,0,0,0,0,0,4,0,39.9558,-75.1915, , 
32907,380273,2015118186,6,67,67301,2015,10,1,320,3,6,2,1,5,6, , ,N,0,0,0,3,0,0,1,2,N, ,40 02:08.904,75 07:32.314,347, ,347, ,0, , , ,0, , , , , , , , , ,2,2,0,0,0,0,0,0,0,0,0,0,0,0,0,0,0,0,0,0,0,0,0,1,0,0,0,0,0,0,0,0,0,0,0,0,0,40.0358,-75.1256, , 
32908,380276,2015120607,6,67,67301,2015,11,6,1730,17,3,1,0,1,1, , ,N,0,0,0,3,0,1,3,3,N,N,40 03:12.113,74 59:12.000,1739, ,1733, ,0, ,N, ,0, , , , , , , , , ,3,1,0,0,0,0,2,0,0,0,0,1,1,0,0,0,0,0,0,0,0,0,0,0,0,0,0,0,0,0,0,0,0,0,0,4,0,40.0534,-74.9867, , 