objectid_1,objectid,crn,district,county,municipality,crash_year,crash_month,day_of_week,time_of_day,hour_of_day,illumination,weather,road_condition,collision_type,relation_to_road,work_zone_type,work_zone_loc,work_zone_ind,intersect_type,tcd_type,location_type,urban_rural,fatal_count,injury_count,person_count,total_units,sch_bus_ind,sch_zone_ind,latitude,longitude,arrival_tm,cons_zone_spd_lim,dispatch_tm,est_hrs_closed,lane_closed,ln_close_dir,ntfy_hiwy_maint,spec_juris_cd,tcd_func_cd,tfc_detour_ind,workers_pres,wz_close_detour,wz_flagger,wz_law_offcr_ind,wz_ln_closure,wz_moving,wz_other,wz_shlder_mdn,vehicle_count,automobile_count,motorcycle_count,bus_count,small_truck_count,heavy_truck_count,suv_count,van_count,bicycle_count,maj_inj_count,mod_inj_count,min_inj_count,tot_inj_count,unk_inj_deg_count,unk_inj_per_count,driver_count_16yr,driver_count_17yr,driver_count_18yr,driver_count_19yr,driver_count_20yr,driver_count_50_64yr,driver_count_65_74yr,driver_count_75plus,unbelted_occ_count,unb_death_count,unb_maj_inj_count,belted_death_count,belted_maj_inj_count,mcycle_death_count,mcycle_maj_inj_count,bicycle_death_count,bicycle_maj_inj_count,ped_count,ped_death_count,ped_maj_inj_count,max_severity_level,comm_veh_count,dec_lat,dec_long,rdwy_surf_type_cd,county_name
33044,367374,2015119716,6,67,67301,2015,10,3,1604,16,1,1,0,1,1, , ,N,0,0,0,3,0,2,5,2,N,N,39 57:24.934,75 09:12.666,1611, ,1604, ,0, ,N, ,0, , , , , , , , , ,2,2,0,0,0,0,0,0,0,0,0,1,2,1,0,0,0,0,0,0,0,0,0,0,0,0,0,0,0,0,0,0,0,0,0,4,0,39.9569,-75.1535, , 
33045,367384,2015136358,6,67,67301,2015,12,3,1314,13,1,2,1,8,1, , ,N,2,2,99,3,0,1,3,2,N,N,39 56:58.586,75 11:58.815,1314, ,1314, ,0, ,N, ,3, , , , , , , , , ,1,0,0,0,0,0,0,1,0,0,1,0,1,0,0,0,0,0,0,0,0,0,0,0,0,0,0,0,0,0,0,0,1,0,0,3,0,39.9496,-75.1997, , 
33046,358728,2015058848,6,67,67301,2015,6,2,1437,14,1,1,0,1,1, , ,N,0,0,0,3,0,1,2,2,N,N,39 59:45.298,75 04:58.214,1522, ,1516, ,0, ,N, ,0, , , , , , , , , ,2,0,0,0,0,0,2,0,0,0,0,0,1,1,0,0,0,0,0,0,0,0,0,0,0,0,0,0,0,0,0,0,0,0,0,8,0,39.9959,-75.0828, , 
33047,358731,2015061799,6,67,67301,2015,5,2,1919,19,1,1,0,4,1, , ,N,1,2,0,3,0,2,4,2,N,N,40 01:23.848,75 02:54.126,1925, ,1919, ,0, ,N, ,3, , , , , , , , , ,2,2,0,0,0,0,0,0,0,0,0,2,2,0,0,0,0,0,0,0,0,0,0,0,0,0,0,0,0,0,0,0,0,0,0,4,0,40.0233,-75.0484, , 
33048,358748,2015084416,6,67,67301,2015,8,7,2120,21,3,1,0,5,1, , ,N,1,2,0,3,0,0,3,3,N,N,40 01:43.183,75 12:19.909,2140, ,2136, ,0, ,N, ,3, , , , , , , , , ,3,2,0,0,0,0,1,0,0,0,0,0,0,0,0,0,0,0,0,1,1,0,0,3,0,0,0,0,0,0,0,0,0,0,0,0,0,40.0287,-75.2055, , 
33049,358751,2015087038,6,67,67301,2015,4,2,1645,16,1,1,0,1,1, , ,N,0,0,0,3,0,1,2,2,N,N,40 01:31.772,75 07:31.594,0, ,0, ,0, ,N, ,0, , , , , , , , , ,2,2,0,0,0,0,0,0,0,0,0,1,1,0,0,0,0,0,0,0,0,1,0,0,0,0,0,0,0,0,0,0,0,0,0,4,0,40.0255,-75.1254, , 
33050,358756,2015088780,6,67,67301,2015,8,3,732,7,1,2,7,1,1, , ,N,0,0,0,3,0,1,2,2,N, ,39 56:14.016,75 14:02.140,733, ,732, ,0, , , ,0, , , , , , , , , ,2,2,0,0,0,0,0,0,0,0,0,0,1,1,0,0,0,0,0,0,0,0,0,0,0,0,0,0,0,0,0,0,0,0,0,8,0,39.9372,-75.2339, , 
33051,358763,2015084437,6,67,67301,2015,7,6,1125,11,1,1,0,1,1, , ,N,0,0,0,3,0,2,4,3,N,N,40 05:19.217,75 01:15.437,1131, ,1126,9,1,1,N, ,0,N, , , , , , , , ,3,2,0,0,0,0,1,0,0,0,0,2,2,0,0,0,1,0,0,0,0,0,0,0,0,0,0,0,0,0,0,0,0,0,0,4,0,40.0887,-75.021, , 
33052,358777,2015106204,6,67,67301,2015,10,4,630,6,1,1,0,1,1, , ,N,0,0,0,3,0,2,5,3,N,N,40 02:39.539,75 00:09.667,700, ,642, ,0, ,N, ,0, , , , , , , , , ,3,1,0,0,1,1,0,0,0,0,0,1,2,1,0,0,0,0,0,0,1,0,0,0,0,0,0,0,0,0,0,0,0,0,0,4,1,40.0443,-75.0027, , 
33053,358785,2015060608,6,67,67301,2015,6,2,1433,14,1,1,0,0,1, , ,N,0,0,0,3,0,0,2,2,N,N,39 54:53.699,75 11:22.753,1436, ,1433, ,0, ,N, ,0, , , , , , , , , ,2,1,0,0,0,1,0,0,0,0,0,0,0,0,0,0,0,0,0,0,0,0,1,0,0,0,0,0,0,0,0,0,0,0,0,0,1,39.9149,-75.1897, , 
33054,358800,2015074971,6,67,67301,2015,6,7,1832,18,1,2,7,7,2, , ,N,6,0,0,3,0,0,1,1,N,N,39 54:46.288,75 08:54.073,1840, ,1832, ,0, ,N, ,0, , , , , , , , , ,1,1,0,0,0,0,0,0,0,0,0,0,0,0,0,1,0,0,0,0,0,0,0,0,0,0,0,0,0,0,0,0,0,0,0,0,0,39.9129,-75.1484, , 
33055,358810,2015088757,6,67,67301,2015,8,1,930,9,1,1,0,4,1, , ,N,1,2,0,3,0,1,2,2,N, ,39 57:15.789,75 10:16.899,945, ,535,1,1,4, , ,3,Y, , , , , , , , ,2,1,1,0,0,0,0,0,0,0,0,0,1,1,0,0,0,0,0,0,1,0,0,0,0,0,0,0,0,0,0,0,0,0,0,8,0,39.9544,-75.1714, , 
33056,358812,2015091161,6,67,67301,2015,8,3,1152,11,1,2,1,8,1, , ,N,1,2,0,3,0,1,2,2,N,N,39 58:18.644,75 14:41.701,1155, ,1153,1,1,1,N, ,3,N, , , , , , , , ,1,1,0,0,0,0,0,0,0,0,0,1,1,0,0,0,0,0,0,0,1,0,0,0,0,0,0,0,0,0,0,0,1,0,0,4,0,39.9719,-75.2448, , 
33057,358814,2015093434,6,67,67301,2015,8,7,917,9,1,1,0,4,1, , ,N,1,2,0,3,0,2,3,2,N,N,39 55:45.308,75 10:07.240,920, ,917, ,0, ,N, ,3, , , , , , , , , ,2,2,0,0,0,0,0,0,0,0,0,1,2,1,0,0,0,0,0,0,1,0,0,0,0,0,0,0,0,0,0,0,0,0,0,4,0,39.9293,-75.1686, , 
33058,358832,2015063951,6,67,67301,2015,5,4,1800,18,1,1,0,8,1, , ,N,0,0,0,3,0,1,2,2,N,N,39 57:50.342,75 09:38.261,1810, ,1800, ,0, ,N, ,0, , , , , , , , , ,1,0,0,0,0,0,1,0,0,0,0,1,1,0,0,0,0,0,0,0,0,0,0,0,0,0,0,0,0,0,0,0,1,0,0,4,0,39.964,-75.1606, , 
33059,358839,2015072973,6,67,67301,2015,7,1,2342,23,3,1,0,7,2, , ,N,0,0,2,3,0,1,3,2,N,N,39 57:28.114,75 08:25.402,2357, ,2346,1,1,1,N, ,0,N, , , , , , , , ,2,0,0,0,0,0,2,0,0,0,0,1,1,0,0,0,0,0,0,1,0,0,0,0,0,0,0,0,0,0,0,0,0,0,0,4,0,39.9578,-75.1404, , 
33060,358840,2015073652,6,67,67301,2015,6,7,206,2,3,2,1,7,4, , ,N,0,0,0,3,0,1,1,1,N,N,40 01:45.236,75 11:23.408,210, ,207, ,0, ,N, ,0, , , , , , , , , ,1,1,0,0,0,0,0,0,0,0,0,1,1,0,0,0,0,0,0,0,0,0,0,0,0,0,0,0,0,0,0,0,0,0,0,4,0,40.0292,-75.1898, , 
33061,358854,2015086255,6,67,67301,2015,7,2,1800,18,1,1,0,8,1, , ,N,0,0,0,3,0,1,2,2,N,N,40 01:37.513,75 04:57.406,1822, ,1819, ,0, ,N, ,0, , , , , , , , , ,1,1,0,0,0,0,0,0,0,0,1,0,1,0,0,0,0,0,0,0,1,0,0,0,0,0,0,0,0,0,0,0,1,0,0,3,0,40.0271,-75.0826, , 
33062,358912,2015120508,6,67,67301,2015,10,1,1849,18,3,1,0,4,1, , ,N,1,3,0,3,0,1,4,2,N,N,39 55:56.427,75 11:33.179,1926, ,1920, ,0, ,N, ,3, , , , , , , , , ,2,1,0,0,0,0,1,0,0,0,0,0,1,1,0,0,0,0,0,0,1,0,0,0,0,0,0,0,0,0,0,0,0,0,0,8,0,39.9323,-75.1925, , 
33063,358917,2015127311,6,67,67301,2015,10,3,1230,12,1,1,0,4,1, , ,N,1,2,0,3,0,0,3,3,N,N,39 57:04.568,75 10:01.915,1241, ,1236, ,0, , , ,3, , , , , , , , , ,3,0,0,0,0,0,3,0,0,0,0,0,0,0,0,0,0,0,0,0,1,0,0,0,0,0,0,0,0,0,0,0,0,0,0,0,0,39.9512,-75.167, , 
33064,358921,2015130377,6,67,67301,2015,11,3,1930,19,3,1,0,8,1, , ,N,1,2,0,3,0,1,2,2,N,N,40 02:13.966,75 03:10.861,1941, ,1936, ,0, ,N, ,3, , , , , , , , , ,1,1,0,0,0,0,0,0,0,0,0,0,1,1,1,0,0,0,0,0,0,0,0,0,0,0,0,0,0,0,0,0,1,0,0,8,0,40.0372,-75.053, , 
33065,361716,2015075707,6,67,67301,2015,6,1,1628,16,1,1,0,1,1, , ,N,1,2,8,3,0,1,4,2,N,N,39 56:50.808,75 11:15.478,1633, ,1628, ,0, , , ,3, , , , , , , , , ,2,1,0,0,0,0,1,0,0,0,0,1,1,0,0,0,0,0,0,0,0,1,0,0,0,0,0,0,0,0,0,0,0,0,0,4,0,39.9474,-75.1876, , 
33066,361729,2015092468,6,67,67301,2015,8,5,1155,11,1,1,0,4,1, , ,N,1,2,0,3,0,1,2,2,N, ,39 59:40.590,75 09:35.349,1206, ,1203, ,0, ,N, ,3, , , , , , , , , ,2,1,0,0,0,0,0,1,0,0,0,0,1,1,0,0,0,0,0,0,0,0,0,0,0,0,0,0,0,0,0,0,0,0,0,8,0,39.9946,-75.1598, , 
33067,361760,2015135799,6,67,67301,2015,12,2,1730,17,3,1,0,8,1, , ,N,0,0,0,3,0,1,2,2,N, ,39 58:44.143,75 07:06.790,1735, ,1732, ,0, , , ,0, , , , , , , , , ,1,1,0,0,0,0,0,0,0,1,0,0,1,0,0,0,0,0,0,0,1,0,0,0,0,0,0,0,0,0,0,0,1,0,1,2,0,39.9789,-75.1186, , 
33068,361768,2015118025,6,46,46102,2015,11,6,952,9,1,1,0,4,1, , ,N,2,2,7,3,0,0,2,2,N,N,40 04:21.846,75 09:20.701,1000, ,956, ,0, ,N, ,3, , , , , , , , , ,2,1,0,0,0,0,1,0,0,0,0,0,0,0,0,0,0,0,0,0,0,0,0,0,0,0,0,0,0,0,0,0,0,0,0,0,0,40.0727,-75.1558, , 
33069,361780,2015131304,6,67,67301,2015,11,6,2032,20,3,1,0,4,1, , ,N,1,2,0,3,0,3,6,2,N, ,40 01:38.505,75 05:56.834,2040, ,2033,1,1,2, , ,3,N, , , , , , , , ,2,1,0,0,0,0,1,0,0,0,0,0,3,3,0,0,0,0,0,0,0,0,0,3,0,0,0,0,0,0,0,0,0,0,0,8,0,40.0274,-75.0991, , 
33070,361783,2015133739,6,67,67301,2015,11,5,1520,15,1,2,1,1,1, , ,N,2,0,0,3,0,2,4,2,N,N,40 04:22.889,75 02:11.768,1535, ,1523,1,1,2,N, ,0,N, , , , , , , , ,2,1,0,1,0,0,0,0,0,0,0,2,2,0,0,0,0,0,0,0,1,0,0,0,0,0,0,0,0,0,0,0,0,0,0,4,1,40.073,-75.0366, , 
33071,361786,2015135808,6,67,67301,2015,2,7,2350,23,3,1,0,6,1, , ,N,3,0,0,3,0,0,2,2,N,N,40 02:13.960,75 08:11.320,108, ,108, ,0, ,N, ,0, , , , , , , , , ,2,0,0,0,0,0,0,1,0,0,0,0,0,0,1,0,0,0,0,0,0,0,0,0,0,0,0,0,0,0,0,0,0,0,0,9,0,40.0372,-75.1365, , 
33072,361787,2015136395,6,67,67301,2015,11,1,230,2,8,9,0,7,4, , ,N,1,2,0,3,0,0,1,1,N,N,40 01:47.170,75 06:16.717,248, ,238, ,0, ,N, ,3, , , , , , , , , ,1,0,0,0,0,0,1,0,0,0,0,0,0,0,1,0,0,0,0,0,0,0,0,0,0,0,0,0,0,0,0,0,0,0,0,9,0,40.0298,-75.1043, , 
33073,361789,2016002384,6,67,67301,2015,12,5,245,2,3,1,1,7,5, , ,N,1,2,0,3,0,1,1,1,N,N,40 00:59.814,75 08:49.815,250, ,250, ,0, ,N, ,3, , , , , , , , , ,1,0,0,0,0,0,0,1,0,0,0,1,1,0,0,0,0,0,0,0,0,0,0,0,0,0,0,0,0,0,0,0,0,0,0,4,0,40.0166,-75.1472, , 
33074,361819,2015131788,6,67,67301,2015,12,3,1220,12,1,2,1,4,1, , ,N,2,3,0,3,0,0,3,2,N,N,40 03:09.748,75 09:33.472,1220, ,1220, ,0, ,N, ,3, , , , , , , , , ,2,2,0,0,0,0,0,0,0,0,0,0,0,0,0,0,0,0,0,0,1,0,0,0,0,0,0,0,0,0,0,0,0,0,0,0,0,40.0527,-75.1593, , 
33075,361827,2015103412,6,67,67301,2015,9,3,744,7,1,1,0,4,1, , ,N,1,2,0,3,0,1,3,2,N,N,40 03:23.636,75 02:47.581,749, ,745,1,2,1,N, ,3,Y, , , , , , , , ,2,0,0,0,1,0,1,0,0,0,0,0,1,1,0,0,0,0,0,0,0,1,0,0,0,0,0,0,0,0,0,0,0,0,0,8,0,40.0566,-75.0466, , 
33076,361832,2015106431,6,67,67301,2015,10,7,58,0,3,2,1,8,1, , ,N,1,3,0,3,0,1,2,2,N,N,40 02:39.264,75 09:57.884,102, ,58, ,0, ,N, ,3, , , , , , , , , ,1,1,0,0,0,0,0,0,0,0,0,1,1,0,0,0,0,0,0,0,0,1,0,0,0,0,0,0,0,0,0,0,1,0,0,4,0,40.0442,-75.1661, , 
33077,361840,2015112182,6,67,67301,2015,10,7,2231,22,3,1,0,1,6, , ,N,0,0,0,3,0,0,1,3,N, ,40 00:03.002,75 10:17.205,2233, ,2232,3,2,1, , ,0,Y, , , , , , , , ,3,3,0,0,0,0,0,0,0,0,0,0,0,0,0,0,0,0,0,0,0,0,0,0,0,0,0,0,0,0,0,0,0,0,0,0,0,40.0008,-75.1714, , 
33078,361852,2015095159,6,67,67301,2015,9,6,2038,20,3,1,0,8,1, , ,N,1,2,0,3,0,2,3,3,N, ,40 00:43.542,75 06:43.855,2038, ,2038,2,1,3,N, ,3,N, , , , , , , , ,1,1,0,0,0,0,0,0,0,0,0,0,2,2,0,0,0,0,0,0,0,0,0,0,0,0,0,0,0,0,0,0,2,0,0,8,0,40.0121,-75.1122, , 
33079,361853,2015095208,6,67,67301,2015,9,6,1324,13,1,1,0,4,1, , ,N,0,0,7,3,0,2,2,3,N, ,39 54:31.506,75 13:24.704,1338, ,1324, ,0, , , ,0, , , , , , , , , ,3,3,0,0,0,0,0,0,0,0,2,0,2,0,0,0,0,0,0,0,1,0,0,1,0,0,0,0,0,0,0,0,0,0,0,3,0,39.9088,-75.2235, , 
33080,361882,2015128593,6,67,67301,2015,11,1,948,9,1,1,0,4,1, , ,N,1,2,0,3,0,0,3,2,N,N,39 57:32.119,75 09:24.206,955, ,948, ,0, ,N, ,3, , , , , , , , , ,2,1,0,0,0,0,1,0,0,0,0,0,0,0,0,0,0,0,0,0,1,0,0,3,0,0,0,0,0,0,0,0,0,0,0,0,0,39.9589,-75.1567, , 
33081,361889,2016008619,6,67,67301,2015,12,5,1525,15,1,1,0,5,1, , ,N,0,0,0,3,0,1,5,2,N,N,39 55:33.963,75 10:23.801,1534, ,1532, ,0, ,N, ,0, , , , , , , , , ,2,1,0,0,0,0,1,0,0,0,0,0,1,1,0,0,0,0,0,0,0,2,0,0,0,0,0,0,0,0,0,0,0,0,0,8,0,39.9261,-75.1733, , 
33082,361901,2015102395,6,67,67301,2015,9,1,1250,12,1,1,0,4,1, , ,N,1,2,0,3,0,1,4,2,N,N,40 05:40.346,75 00:54.155,1256, ,1250,1,1,1, , ,3,N, , , , , , , , ,2,0,0,0,0,0,1,1,0,0,0,1,1,0,0,0,0,0,0,0,1,0,0,0,0,0,0,0,0,0,0,0,0,0,0,4,0,40.0946,-75.0152, , 
33083,364651,2016013308,6,67,67301,2015,12,3,710,7,1,1,0,4,1, , ,N,1,2,0,3,0,1,2,2,N,N,40 02:02.652,75 10:35.500,710, ,710, ,0, ,N, ,3, , , , , , , , , ,1,1,0,0,0,0,0,0,1,0,0,0,1,1,0,0,0,0,0,0,1,0,0,0,0,0,0,0,0,0,0,0,0,0,0,8,0,40.0341,-75.1765, , 
33084,364655,2015115124,6,67,67301,2015,10,2,1243,12,1,1,0,1,1, , ,N,0,0,0,3,0,2,3,2,N,N,40 00:10.476,75 08:15.122,1523, ,1458, ,0, ,N, ,0, , , , , , , , , ,2,1,0,0,1,0,0,0,0,0,0,0,2,2,1,0,0,0,0,0,1,0,0,3,0,0,0,0,0,0,0,0,0,0,0,8,0,40.0029,-75.1375, , 
33085,364728,2015117629,6,67,67301,2015,10,2,1319,13,1,1,0,4,1, , ,N,1,0,0,3,0,1,2,2,N,N,39 58:53.950,75 13:34.463,1340, ,1321,2,1,4, , ,0,Y, , , , , , , , ,2,2,0,0,0,0,0,0,0,0,0,0,1,1,0,0,0,0,0,0,0,0,0,1,0,0,0,0,0,0,0,0,0,0,0,8,0,39.9817,-75.2262, , 
33086,364791,2015130000,6,67,67301,2015,11,4,1352,13,1,1,0,4,1, , ,N,1,2,0,3,0,2,4,2,N,N,39 59:47.209,75 06:35.265,1352, ,1352, ,0, ,N, ,3, , , , , , , , , ,2,0,0,0,0,0,2,0,0,0,1,1,2,0,0,0,0,0,0,0,1,0,0,0,0,0,0,0,0,0,0,0,0,0,0,3,0,39.9964,-75.1098, , 
33087,364797,2016013663,6,67,67301,2015,8,3,1600,16,1,1,0,8,1, , ,N,5,2,1,3,0,1,2,2,N,N,39 59:04.943,75 07:56.154,0, ,0, ,0, ,N, ,3, , , , , , , , , ,1,0,0,0,0,0,0,1,0,0,0,0,1,1,0,0,0,0,0,0,0,0,0,0,0,0,0,0,0,0,0,0,1,0,0,8,0,39.9847,-75.1323, , 
33088,364809,2015101671,6,67,67301,2015,9,2,520,5,3,1,0,5,1, , ,N,0,0,0,3,0,2,2,2,N,N,40 02:14.269,75 00:48.052,530, ,521,2,1,2,N, ,0,N, , , , , , , , ,2,1,0,0,1,0,0,0,0,0,2,0,2,0,0,0,0,0,0,0,1,0,0,1,0,0,0,0,0,0,0,0,0,0,0,3,0,40.0373,-75.0133, , 
33089,364812,2015103444,6,67,67301,2015,9,6,2035,20,3,1,0,8,1, , ,N,5,2,0,3,0,1,2,2,N,N,40 00:13.178,75 10:08.095,2053, ,2039, ,0, ,N, ,3, , , , , , , , , ,1,1,0,0,0,0,0,0,0,0,0,1,1,0,0,0,0,0,0,0,0,0,0,0,0,0,0,0,0,0,0,0,1,0,0,4,0,40.0037,-75.1689, , 
33090,364814,2015106222,6,67,67301,2015,10,1,2030,20,3,1,0,5,1, , ,N,0,0,0,3,0,0,5,3,N,N,39 57:30.407,75 10:02.439,2049, ,2030,1,1,3,N, ,0,N, , , , , , , , ,3,0,0,0,1,0,2,0,0,0,0,0,0,0,0,0,0,0,0,0,2,0,0,0,0,0,0,0,0,0,0,0,0,0,0,0,0,39.9584,-75.1673, , 
33091,364838,2015129042,6,67,67301,2015,11,5,1543,15,1,2,1,4,1, , ,N,1,2,0,3,0,1,2,2,N,N,39 59:03.406,75 14:44.748,1547, ,1545, ,0, ,N, ,3, , , , , , , , , ,2,2,0,0,0,0,0,0,0,0,0,1,1,0,0,0,0,0,0,0,0,0,0,1,0,0,0,0,0,0,0,0,0,0,0,4,0,39.9843,-75.2458, , 
33092,364840,2015131841,6,67,67301,2015,12,7,2310,23,3,1,0,1,1, , ,N,0,0,0,3,0,0,3,3,N,N,39 58:00.642,75 11:15.632,2320, ,2315, ,0, ,N, ,0, , , , , , , , , ,3,2,0,0,0,0,0,1,0,0,0,0,0,0,0,0,0,0,0,0,1,0,0,0,0,0,0,0,0,0,0,0,0,0,0,0,0,39.9668,-75.1877, , 
33093,364845,2015135813,6,67,67301,2015,12,7,1100,11,1,1,0,7,4, , ,N,0,0,0,3,0,1,1,2,N,N,40 03:33.737,74 59:21.424,1107, ,1103, ,0, ,N, ,0, , , , , , , , , ,2,1,0,0,0,0,1,0,0,0,0,0,1,1,0,0,0,0,0,0,0,0,0,0,0,0,0,0,0,0,0,0,0,0,0,8,0,40.0594,-74.9893, , 
33094,364846,2015135905,6,67,67301,2015,12,4,2115,21,3,2,1,1,1, , ,N,0,0,0,3,0,0,2,2,N,N,40 00:58.587,75 10:31.964,2120, ,2115, ,0, , , ,0, , , , , , , , , ,2,2,0,0,0,0,0,0,0,0,0,0,0,0,0,0,0,0,0,0,0,0,0,0,0,0,0,0,0,0,0,0,0,0,0,0,0,40.0163,-75.1755, , 
33095,364849,2016000988,6,67,67301,2015,12,6,1748,17,3,1,0,4,1, , ,N,1,3,0,3,0,1,3,2,N,Y,39 57:56.372,75 12:39.409,1814, ,1811, ,0, ,N, ,3, , , , , , , , , ,2,1,0,0,1,0,0,0,0,0,0,0,1,1,0,0,0,0,0,0,0,0,0,2,0,0,0,0,0,0,0,0,0,0,0,8,0,39.9657,-75.2109, , 
33096,364863,2015127298,6,67,67301,2015,10,7,1320,13,1,1,0,7,5, , ,N,2,3,1,3,0,2,2,1,N,N,40 00:07.398,75 06:11.422,1330, ,1327, ,0, , , ,3, , , , , , , , , ,1,0,0,0,1,0,0,0,0,0,0,2,2,0,0,0,0,0,0,0,0,0,1,0,0,0,0,0,0,0,0,0,0,0,0,4,0,40.0021,-75.1032, , 
33097,364866,2015130034,6,67,67301,2015,11,7,1316,13,1,1,0,5,6, , ,N,0,0,0,3,0,2,5,3,N,N,40 02:54.618,75 11:05.082,1323, ,1319, ,0, ,N, ,0, , , , , , , , , ,3,2,0,0,0,1,0,0,0,0,0,0,2,2,0,0,0,0,0,0,1,0,0,0,0,0,0,0,0,0,0,0,0,0,0,8,1,40.0485,-75.1847, , 
33098,364914,2015130111,6,67,67301,2015,11,2,1415,14,1,1,0,4,1, , ,N,2,0,0,3,0,1,2,2,N, ,39 54:49.741,75 08:51.624,1423, ,1420, ,0, ,N, ,0, , , , , , , , , ,2,1,0,0,0,0,1,0,0,0,0,0,1,1,0,0,0,0,0,0,0,0,0,0,0,0,0,0,0,0,0,0,0,0,0,8,0,39.9137,-75.1477, , 
33099,364924,2016007588,6,67,67301,2015,12,4,1330,13,1,1,0,4,1, , ,N,1,0,0,3,0,1,2,3,N,Y,40 02:21.796,75 07:43.834,1331, ,1330, ,0, ,Y, ,0, , , , , , , , , ,3,3,0,0,0,0,0,0,0,0,1,0,1,0,0,0,0,0,0,0,0,0,0,0,0,0,0,0,0,0,0,0,0,0,0,3,0,40.0394,-75.1288, , 
33100,364926,2016015114,6,67,67301,2015,9,4,1637,16,1,1,0,1,1, , ,N,0,2,0,3,0,1,2,2,N,N,40 01:56.082,75 07:53.432,0, ,0, ,0, ,N, ,3, , , , , , , , , ,2,0,0,0,0,0,1,0,0,0,0,0,1,1,0,0,0,0,0,0,2,0,0,0,0,0,0,0,0,0,0,0,0,0,0,8,0,40.0322,-75.1315, , 
33101,364939,2015130367,6,67,67301,2015,11,6,735,7,1,1,0,1,1, , ,N,0,0,0,3,0,0,2,2,N, ,40 03:19.914,75 02:53.822,742, ,735,9,1,2, , ,0,N, , , , , , , , ,2,1,0,0,0,0,0,1,0,0,0,0,0,0,0,0,0,0,0,0,1,0,0,0,0,0,0,0,0,0,0,0,0,0,0,0,0,40.0553,-75.0483, , 
33102,367407,2015130036,6,67,67301,2015,11,4,1353,13,1,1,0,1,1, , ,N,1,2,0,3,0,2,3,2,N, ,39 54:14.619,75 14:25.049,2035, ,2035, ,0, , , ,3, , , , , , , , , ,2,2,0,0,0,0,0,0,0,0,0,2,2,0,0,0,0,0,0,0,1,0,0,2,0,0,0,0,0,0,0,0,0,0,0,4,0,39.904,-75.2401, , 
33103,367415,2015106407,6,67,67301,2015,10,5,1615,16,4,2,1,1,1, , ,N,2,2,0,3,0,1,2,2,N,N,39 54:57.347,75 14:42.963,1826, ,1814, ,0, , , ,3, , , , , , , , , ,2,1,0,0,0,0,1,0,0,0,0,1,1,0,0,0,0,0,0,0,0,0,0,0,0,0,0,0,0,0,0,0,0,0,0,4,0,39.9159,-75.2453, , 
33104,367417,2015112266,6,67,67301,2015,10,1,1524,15,1,1,0,7,4, , ,N,7,0,2,3,0,1,1,1,N,N,40 00:16.947,75 11:45.335,1527, ,1524, ,0, ,N, ,0, , , , , , , , , ,1,0,1,0,0,0,0,0,0,0,1,0,1,0,0,0,0,0,0,0,0,0,0,0,0,0,0,0,0,0,0,0,0,0,0,3,0,40.0047,-75.1959, , 
33105,367420,2015113179,6,67,67301,2015,10,3,1600,16,1,1,0,8,1, , ,N,1,3,0,3,0,2,3,3,N, ,39 55:52.334,75 09:17.002,1618, ,1616, ,0, , , ,3, , , , , , , , , ,1,0,0,0,0,0,0,0,0,0,0,2,2,0,0,0,0,0,0,0,0,0,0,0,0,0,0,0,0,0,0,0,2,0,0,4,0,39.9312,-75.1547, , 
33106,367429,2015121005,6,67,67301,2015,10,4,1140,11,1,1,0,1,1, , ,N,0,2,0,3,0,3,4,2,N, ,39 56:45.714,75 14:30.100,1210, ,1202, ,0, , , ,3, , , , , , , , , ,2,1,0,0,0,0,1,0,0,0,0,3,3,0,0,0,0,0,0,0,0,0,0,0,0,0,0,0,0,0,0,0,0,0,0,4,0,39.946,-75.2417, , 
33107,367430,2015121051,6,67,67301,2015,10,3,1055,10,1,1,0,1,1, , ,N,0,0,0,3,0,1,3,3,N,N,39 56:49.806,75 11:55.017,1115, ,1105, ,0, ,N, ,0, , , , , , , , , ,3,1,0,1,0,0,0,1,0,0,0,0,1,1,0,0,0,0,0,0,1,0,0,1,0,0,0,0,0,0,0,0,0,0,0,8,1,39.9472,-75.1986, , 
33108,367442,2016007580,6,67,67301,2015,12,2,9999,99,3,2,1,4,1, , ,N,1,3,0,3,0,0,3,2,N,N,39 58:26.407,75 09:18.244,1840, ,1834, ,0, ,N, ,3, , , , , , , , , ,2,1,0,0,0,0,1,0,0,0,0,0,0,0,0,0,0,0,0,0,0,1,0,0,0,0,0,0,0,0,0,0,0,0,0,0,0,39.974,-75.1551, , 
33109,367458,2015117584,6,67,67301,2015,10,1,145,1,3,1,0,5,6, , ,N,0,0,0,3,0,0,1,4,N,N,39 59:04.660,75 08:03.432,250, ,243, ,0, ,N, ,0, , , , , , , , , ,4,1,0,0,0,0,3,0,0,0,0,0,0,0,0,0,0,0,0,0,0,0,0,1,0,0,0,0,0,0,0,0,0,0,0,0,0,39.9846,-75.1343, , 
33110,367467,2015127310,6,67,67301,2015,10,2,908,9,1,1,0,4,1, , ,N,1,3,0,3,0,1,2,2,N,N,40 00:15.714,75 08:17.260,940, ,930, ,0, ,N, ,3, , , , , , , , , ,2,1,0,0,1,0,0,0,0,0,0,0,1,1,0,0,0,0,0,0,0,0,0,2,0,0,0,0,0,0,0,0,0,0,0,8,0,40.0044,-75.1381, , 