objectid_1,objectid,crn,district,county,municipality,crash_year,crash_month,day_of_week,time_of_day,hour_of_day,illumination,weather,road_condition,collision_type,relation_to_road,work_zone_type,work_zone_loc,work_zone_ind,intersect_type,tcd_type,location_type,urban_rural,fatal_count,injury_count,person_count,total_units,sch_bus_ind,sch_zone_ind,latitude,longitude,arrival_tm,cons_zone_spd_lim,dispatch_tm,est_hrs_closed,lane_closed,ln_close_dir,ntfy_hiwy_maint,spec_juris_cd,tcd_func_cd,tfc_detour_ind,workers_pres,wz_close_detour,wz_flagger,wz_law_offcr_ind,wz_ln_closure,wz_moving,wz_other,wz_shlder_mdn,vehicle_count,automobile_count,motorcycle_count,bus_count,small_truck_count,heavy_truck_count,suv_count,van_count,bicycle_count,maj_inj_count,mod_inj_count,min_inj_count,tot_inj_count,unk_inj_deg_count,unk_inj_per_count,driver_count_16yr,driver_count_17yr,driver_count_18yr,driver_count_19yr,driver_count_20yr,driver_count_50_64yr,driver_count_65_74yr,driver_count_75plus,unbelted_occ_count,unb_death_count,unb_maj_inj_count,belted_death_count,belted_maj_inj_count,mcycle_death_count,mcycle_maj_inj_count,bicycle_death_count,bicycle_maj_inj_count,ped_count,ped_death_count,ped_maj_inj_count,max_severity_level,comm_veh_count,dec_lat,dec_long,rdwy_surf_type_cd,county_name
33111,367479,2016001000,6,67,67301,2015,12,3,1621,16,3,2,1,1,1, , ,N,0,0,0,3,0,1,3,2,N,N,39 59:36.800,75 05:47.711,2036, ,2026, ,0, ,N, ,0, , , , , , , , , ,2,1,0,0,0,0,0,1,0,0,0,1,1,0,0,0,0,0,0,0,0,1,0,2,0,0,0,0,0,0,0,0,0,0,0,4,0,39.9936,-75.0966, , 
33112,367483,2015109303,6,67,67301,2015,10,6,2055,20,3,2,1,4,1, , ,N,1,3,0,3,0,0,2,2,N,N,40 01:44.695,75 03:56.210,2105, ,2103, ,0, ,N, ,3, , , , , , , , , ,2,1,0,0,0,0,1,0,0,0,0,0,0,0,0,0,0,0,0,0,0,0,0,0,0,0,0,0,0,0,0,0,0,0,0,0,0,40.0291,-75.0656, , 
33113,367489,2015112072,6,67,67301,2015,8,1,1447,14,1,1,0,4,1, , ,N,0,0,0,3,0,0,3,4,N,N,39 57:04.928,75 12:00.369,1447, ,1447, ,0, ,N, ,0, , , , , , , , , ,4,2,0,0,0,0,1,1,0,0,0,0,0,0,0,0,0,0,0,0,0,0,0,0,0,0,0,0,0,0,0,0,0,0,0,0,0,39.9514,-75.2001, , 
33114,367510,2016013633,6,67,67301,2015,12,3,1812,18,3,1,0,1,1, , ,N,0,0,0,3,0,1,2,2,N,N,39 52:35.370,75 15:21.494,0, ,0, ,0, ,N, ,0, , , , , , , , , ,2,1,0,0,0,0,1,0,0,0,1,0,1,0,1,0,0,0,0,0,0,0,0,0,0,0,0,0,0,0,0,0,0,0,0,3,0,39.8765,-75.256, , 
33115,367514,2015115083,6,67,67301,2015,10,5,1453,14,1,1,1,5,1, , ,N,1,2,0,3,0,1,2,2,N,N,39 56:43.472,75 10:47.006,1616, ,1604, ,0, ,N, ,3, , , , , , , , , ,2,1,0,0,0,1,0,0,0,0,0,1,1,0,0,0,0,0,0,0,1,1,0,0,0,0,0,0,0,0,0,0,0,0,0,4,1,39.9454,-75.1797, , 
33116,367517,2015119461,6,67,67301,2015,11,4,1123,11,1,1,0,5,1,1,4,Y,0,0,0,3,0,2,3,2,N,N,40 01:42.501,75 01:23.220,1136,45,1124,1,2,1,N, ,0,Y,Y,N,N,N,Y,N,N,Y,2,2,0,0,0,0,0,0,0,0,0,0,2,2,0,0,0,0,1,0,1,0,0,0,0,0,0,0,0,0,0,0,0,0,0,8,0,40.0285,-75.0231, , 
33117,367525,2015128545,6,67,67301,2015,11,5,1904,19,3,1,1,8,1, , ,N,1,2,0,3,0,1,2,2,N,N,39 57:23.057,75 12:30.428,1928, ,1904, ,0, ,N, ,3, , , , , , , , , ,1,1,0,0,0,0,0,0,0,0,0,1,1,0,0,0,0,0,0,0,0,0,0,1,0,0,0,0,0,0,0,0,1,0,0,4,0,39.9564,-75.2085, , 
33118,367526,2015128673,6,67,67301,2015,11,4,845,8,1,1,0,4,1, , ,N,1,3,0,3,0,1,2,2,N,N,39 55:20.362,75 10:24.589,901, ,901, ,0, , , ,3, , , , , , , , , ,2,2,0,0,0,0,0,0,0,0,0,0,1,1,0,0,0,0,0,0,1,0,1,1,0,0,0,0,0,0,0,0,0,0,0,8,0,39.9223,-75.1735, , 
33119,367535,2015092450,6,67,67301,2015,8,7,10,0,3,1,0,4,1, , ,N,1,2,0,3,0,1,2,2,N, ,39 57:40.702,75 10:30.178,19, ,17,4,2,1, , ,3,Y, , , , , , , , ,1,1,0,0,0,0,0,0,1,1,0,0,1,0,0,0,0,0,0,0,1,0,0,1,0,0,0,0,0,0,0,1,0,0,0,2,0,39.9613,-75.175, , 
33120,358922,2015131221,6,67,67301,2015,12,3,700,7,1,2,1,8,1, , ,N,1,2,0,3,0,1,2,2,N,N,40 00:36.531,75 07:17.602,714, ,710, ,0, ,N, ,3, , , , , , , , , ,1,1,0,0,0,0,0,0,0,0,0,1,1,0,0,0,0,0,0,0,0,0,0,1,0,0,0,0,0,0,0,0,1,0,0,4,0,40.0101,-75.1214, , 
33121,358932,2016012453,6,67,67301,2015,12,2,224,2,3,1,0,6,1, , ,N,0,0,0,3,0,0,5,5,N,N,40 01:45.049,75 06:18.070,230, ,1226, ,0, ,N, ,0, , , , , , , , , ,5,4,0,0,1,0,0,0,0,0,0,0,0,0,0,0,0,0,0,0,0,0,0,0,0,0,0,0,0,0,0,0,0,0,0,0,0,40.0292,-75.105, , 
33122,358942,2015112168,6,67,67301,2015,10,2,1758,17,4,1,0,1,1, , ,N,0,2,0,3,0,1,2,2,N, ,40 02:28.723,75 12:00.567,1812, ,1800,1,1,2, , ,3,N, , , , , , , , ,2,2,0,0,0,0,0,0,0,0,0,0,1,1,0,0,0,0,0,0,1,0,0,0,0,0,0,0,0,0,0,0,0,0,0,8,0,40.0413,-75.2002, , 
33123,358958,2015081130,6,67,67301,2015,7,5,1640,16,1,1,0,4,1, , ,N,1,3,0,3,0,1,2,2,N,N,39 55:06.016,75 09:44.625,1652, ,1646, ,0, ,N, ,3, , , , , , , , , ,1,0,0,0,0,0,1,0,1,0,0,0,1,1,0,0,0,0,0,0,1,0,0,0,0,0,0,0,0,0,0,0,0,0,0,8,0,39.9183,-75.1624, , 
33124,358969,2015095203,6,67,67301,2015,9,4,2042,20,3,1,0,4,1, , ,N,1,2,0,3,0,1,2,2,N,N,39 53:50.506,75 15:07.793,2051, ,2048,3,1,2, , ,3,N, , , , , , , , ,2,1,1,0,0,0,0,0,0,1,0,0,1,0,0,0,0,0,0,0,0,0,0,0,0,0,0,0,0,1,0,0,0,0,0,2,0,39.8974,-75.2522, , 
33125,358985,2015052362,6,67,67301,2015,4,6,2144,21,3,1,0,0,1, , ,N,0,0,0,3,0,1,1,1,N,N,39 59:28.045,75 05:11.480,2207, ,2152,2,1,2,N, ,0,N, , , , , , , , ,1,0,1,0,0,0,0,0,0,0,1,0,1,0,0,0,0,0,0,0,0,0,0,0,0,0,0,0,0,0,0,0,0,0,0,3,0,39.9911,-75.0865, , 
33126,359007,2015106439,6,67,67301,2015,9,5,1522,15,1,1,0,7,4, , ,N,0,0,0,3,0,1,1,1,N,N,39 55:56.295,75 13:08.742,1535, ,1527,2,1,4,N, ,0,N, , , , , , , , ,1,1,0,0,0,0,0,0,0,0,0,0,1,1,0,0,0,0,0,0,0,0,0,0,0,0,0,0,0,0,0,0,0,0,0,8,0,39.9323,-75.2191, , 
33127,359030,2015082852,6,67,67301,2015,7,6,1402,14,1,1,0,1,1, , ,N,0,0,0,3,0,0,2,2,N,N,39 58:19.583,75 11:36.336,1421, ,1409, ,0, ,N, ,0, , , , , , , , , ,2,1,0,0,0,0,1,0,0,0,0,0,0,0,0,0,0,0,0,0,0,0,0,0,0,0,0,0,0,0,0,0,0,0,0,0,0,39.9721,-75.1934, , 
33128,359052,2015098981,6,67,67301,2015,9,3,800,8,1,1,0,1,1, , ,N,0,0,0,3,0,2,9,3,N, ,40 01:37.555,75 07:15.788,2100, ,2100, ,0, , , ,0, , , , , , , , , ,3,1,0,0,0,0,0,2,0,0,0,0,2,2,0,0,0,0,0,0,0,0,0,1,0,0,0,0,0,0,0,0,0,0,0,8,0,40.0271,-75.1211, , 
33129,359056,2015105137,6,67,67301,2015,9,4,1650,16,1,1,0,8,1, , ,N,1,2,0,3,0,1,2,2,N,N,40 00:43.542,75 06:43.855,1715, ,1709, ,0, ,N, ,3, , , , , , , , , ,1,0,0,0,0,0,0,1,0,0,0,1,1,0,0,0,0,0,0,0,0,0,0,0,0,0,0,0,0,0,0,0,1,0,0,4,0,40.0121,-75.1122, , 
33130,359059,2015063517,6,67,67301,2015,4,2,654,6,1,1,0,4,1, , ,N,0,2,7,3,0,2,3,3,N,N,40 07:11.460,75 01:03.043,700, ,657, ,0, ,N, ,3, , , , , , , , , ,3,2,0,0,0,0,1,0,0,0,1,1,2,0,0,0,0,0,0,0,2,0,0,0,0,0,0,0,0,0,0,0,0,0,0,3,0,40.1199,-75.0175, , 
33131,359067,2015073704,6,67,67301,2015,7,7,1610,16,1,1,0,4,1, , ,N,1,2,0,3,0,4,7,2,N,N,40 03:12.900,75 08:29.229,1620, ,1616, ,0, ,N, ,3, , , , , , , , , ,2,2,0,0,0,0,0,0,0,0,0,2,4,2,0,0,0,0,0,0,0,0,0,3,0,0,0,0,0,0,0,0,0,0,0,4,0,40.0537,-75.1414, , 
33132,359072,2015084426,6,67,67301,2015,8,7,1232,12,1,1,0,4,1, , ,N,1,2,0,3,0,6,6,3,N,N,39 56:08.815,75 13:42.823,1233, ,1233,3,1,7, , ,3,Y, , , , , , , , ,3,2,0,0,0,0,1,0,0,0,0,3,6,3,0,0,0,0,0,0,2,0,0,1,0,0,0,0,0,0,0,0,0,0,0,4,0,39.9358,-75.2286, , 
33133,359081,2015092914,6,67,67301,2015,8,1,1800,18,1,1,0,4,1, , ,N,1,2,0,3,0,2,6,2,N, ,40 01:24.018,75 10:44.495,1815, ,1809, ,0, ,N, ,3, , , , , , , , , ,2,2,0,0,0,0,0,0,0,0,0,0,2,2,0,0,0,0,0,0,0,0,0,0,0,0,0,0,0,0,0,0,0,0,0,8,0,40.0233,-75.179, , 
33134,359083,2015096364,6,67,67301,2015,9,4,1436,14,1,1,0,7,4, , ,N,0,0,0,3,0,1,1,2,N,N,39 55:56.951,75 12:00.073,1450, ,1436,1,2,4,N, ,0,N, , , , , , , , ,1,1,0,0,0,0,0,0,0,0,0,0,1,1,0,0,0,0,1,0,0,0,0,0,0,0,0,0,0,0,0,0,0,0,0,8,0,39.9325,-75.2, , 
33135,359098,2016002459,6,67,67301,2015,12,5,1152,11,1,2,1,8,1, , ,N,1,3,0,3,0,1,2,2,N,N,39 55:59.318,75 10:10.243,1255, ,1252, ,0, ,N, ,3, , , , , , , , , ,1,1,0,0,0,0,0,0,0,0,0,0,1,1,0,0,0,0,0,0,0,0,1,0,0,0,0,0,0,0,0,0,1,0,0,8,0,39.9331,-75.1695, , 
33136,359111,2015105544,6,67,67301,2015,9,3,1718,17,1,9,1,8,1, , ,N,1,2,0,3,0,1,2,2,N,N,40 02:27.735,75 10:59.179,1852, ,1847, ,0, ,N, ,3, , , , , , , , , ,1,0,0,0,0,0,0,1,0,0,0,0,1,1,0,0,0,0,0,0,0,0,0,0,0,0,0,0,0,0,0,0,1,0,0,8,0,40.041,-75.1831, , 
33137,359113,2015106462,6,67,67301,2015,9,3,1345,13,1,2,1,4,1, , ,N,1,3,0,3,0,0,1,3,N,N,40 00:51.904,75 05:26.753,1655, ,1644, ,0, ,N, ,3, , , , , , , , , ,3,2,0,0,0,0,1,0,0,0,0,0,0,0,1,0,0,0,0,0,0,0,0,0,0,0,0,0,0,0,0,0,0,0,0,9,0,40.0144,-75.0908, , 
33138,361922,2015115103,6,67,67301,2015,9,3,755,7,1,1,0,4,1, , ,N,1,3,0,3,0,2,3,2,N, ,39 56:59.812,75 13:44.525,815, ,800, ,0, , , ,3, , , , , , , , , ,2,2,0,0,0,0,0,0,0,0,0,2,2,0,0,0,0,0,0,1,1,0,0,0,0,0,0,0,0,0,0,0,0,0,0,4,0,39.9499,-75.229, , 
33139,361931,2015126281,6,67,67301,2015,11,7,1047,10,1,1,0,1,1, , ,N,0,0,2,3,0,1,3,2,N,N,40 01:36.031,75 01:37.289,1500, ,1500, ,0, ,N, ,0, , , , , , , , , ,2,0,0,0,0,0,2,0,0,0,0,0,1,1,0,0,0,0,0,0,1,0,0,0,0,0,0,0,0,0,0,0,0,0,0,8,0,40.0267,-75.027, , 
33140,361934,2015130308,6,67,67301,2015,11,6,1420,14,1,1,0,8,1, , ,N,2,3,0,3,0,1,2,2,N,N,39 54:41.904,75 14:32.598,1424, ,1422, ,0, ,N, ,3, , , , , , , , , ,1,1,0,0,0,0,0,0,0,0,0,0,1,1,0,0,0,0,0,0,0,0,0,1,0,0,0,0,0,0,0,0,1,0,0,8,0,39.9116,-75.2424, , 
33141,361951,2015099102,6,67,67301,2015,9,6,1155,11,1,1,0,5,1, , ,N,0,0,0,3,0,1,2,2,N,N,40 03:23.309,75 02:49.637,1159, ,1156,1,1,2,N, ,0,N, , , , , , , , ,2,2,0,0,0,0,0,0,0,0,0,1,1,0,0,0,0,0,0,0,0,0,0,0,0,0,0,0,0,0,0,0,0,0,0,4,0,40.0565,-75.0471, , 
33142,361958,2015106429,6,67,67301,2015,9,1,2345,23,3,1,0,4,1, , ,N,1,2,0,3,0,2,2,2,N,N,40 01:47.231,75 05:16.817,2355, ,2350,2,1,6,Y, ,3,Y, , , , , , , , ,2,2,0,0,0,0,0,0,0,0,0,1,2,1,0,0,0,0,0,0,0,0,0,0,0,0,0,0,0,0,0,0,0,0,0,4,0,40.0298,-75.088, , 
33143,361961,2015109317,6,67,67301,2015,10,5,1155,11,1,1,0,4,1, , ,N,2,3,0,3,0,1,2,2,N,N,39 59:31.593,75 06:34.431,1158, ,1155, ,0, ,N, ,3, , , , , , , , , ,1,1,0,0,0,0,0,0,1,0,0,1,1,0,0,0,0,0,0,0,0,0,0,0,0,0,0,0,0,0,0,0,0,0,0,4,0,39.9921,-75.1096, , 
33144,361962,2015109328,6,67,67301,2015,10,4,1530,15,1,1,0,4,1, , ,N,1,3,0,3,0,1,4,2,N, ,40 01:23.210,75 07:26.428,1620, ,1620,9,1,1, , ,3,N, , , , , , , , ,2,0,1,0,0,0,0,1,0,0,1,0,1,0,0,0,0,0,0,0,1,0,1,0,0,0,0,0,0,0,0,0,0,0,0,3,0,40.0231,-75.124, , 
33145,361990,2015106433,6,67,67301,2015,9,6,2000,20,3,1,0,8,1, , ,N,0,0,0,3,0,1,2,2,N,N,39 57:43.697,75 14:04.945,2005, ,2001,2,1,5, , ,0,Y, , , , , , , , ,1,1,0,0,0,0,0,0,0,0,0,1,1,0,0,0,0,0,0,0,1,0,0,0,0,0,0,0,0,0,0,0,1,0,0,4,0,39.9621,-75.2347, , 
33146,361997,2015109224,6,67,67301,2015,10,2,823,8,1,1,0,4,1, , ,N,0,0,0,3,0,1,3,2,N,Y,39 55:26.977,75 10:36.293,824, ,823, ,0, , , ,0, , , , , , , , , ,2,2,0,0,0,0,0,0,0,0,0,1,1,0,0,0,0,0,0,0,0,0,0,0,0,0,0,0,0,0,0,0,0,0,0,4,0,39.9242,-75.1767, , 
33147,362008,2015116155,6,67,67301,2015,10,4,1635,16,1,1,0,5,1, , ,N,0,0,0,3,0,1,2,2,N,N,39 55:50.899,75 11:37.598,1640, ,1638, ,0, , , ,0, , , , , , , , , ,1,0,0,0,0,0,0,0,1,0,0,1,1,0,0,0,0,0,0,0,0,0,0,0,0,0,0,0,0,0,0,0,0,0,0,4,0,39.9308,-75.1938, , 
33148,362018,2015127291,6,67,67301,2015,10,4,600,6,3,2,1,4,1, , ,N,0,0,7,3,0,0,2,2,N,N,40 04:04.463,75 01:45.264,615, ,604, ,0, ,N, ,0, , , , , , , , , ,2,1,0,0,1,0,0,0,0,0,0,0,0,0,0,0,0,0,0,0,1,0,0,0,0,0,0,0,0,0,0,0,0,0,0,0,0,40.0679,-75.0292, , 
33149,362020,2015130238,6,67,67301,2015,11,2,930,9,1,1,0,2,1, , ,N,0,0,0,3,0,2,2,2,N, ,40 03:39.367,75 05:01.408,941, ,934, ,0, , , ,0, , , , , , , , , ,2,2,0,0,0,0,0,0,0,0,1,1,2,0,0,0,0,0,0,0,0,0,0,0,0,0,0,0,0,0,0,0,0,0,0,3,0,40.0609,-75.0837, , 
33150,362021,2015131261,6,67,67301,2015,11,2,646,6,1,1,0,1,1, , ,N,5,2,0,3,0,0,3,3,N, ,40 00:32.156,75 04:19.191,822, ,806, ,0, , , ,3, , , , , , , , , ,3,0,0,0,0,1,1,0,0,0,0,0,0,0,0,0,0,0,0,0,0,0,0,1,0,0,0,0,0,0,0,0,0,0,0,0,1,40.0089,-75.0719, , 
33151,362026,2016002363,6,67,67301,2015,12,4,1645,16,1,1,0,8,1, , ,N,1,3,0,3,0,1,2,2,N,N,39 56:18.668,75 09:05.378,1656, ,1650, ,0, ,N, ,3, , , , , , , , , ,1,0,0,0,0,0,1,0,0,0,0,1,1,0,0,0,0,0,0,0,0,0,1,0,0,0,0,0,0,0,0,0,1,0,0,4,0,39.9385,-75.1515, , 
33152,362032,2015104871,6,67,67301,2015,10,2,1807,18,1,1,0,1,1, , ,N,0,0,3,3,0,1,1,2,N,N,39 57:09.590,75 08:56.995,1809, ,1807, ,0, ,N, ,0, , , , , , , , , ,2,2,0,0,0,0,0,0,0,0,0,0,1,1,0,0,0,0,0,0,0,1,0,0,0,0,0,0,0,0,0,0,0,0,0,8,0,39.9527,-75.1492, , 
33153,362037,2015108378,6,67,67301,2015,10,5,738,7,1,1,0,4,1, , ,N,1,2,0,3,0,2,2,2,N,Y,39 57:19.443,75 10:16.111,748, ,740, ,0, ,N, ,3, , , , , , , , , ,2,1,0,0,0,0,1,0,0,0,0,2,2,0,0,0,0,0,0,0,0,0,0,0,0,0,0,0,0,0,0,0,0,0,0,4,0,39.9554,-75.1711, , 
33154,362041,2015083330,6,67,67301,2015,7,3,1700,17,1,1,0,4,1, , ,N,3,2,0,3,0,1,2,2,N,N,39 56:39.527,75 14:40.212,1917, ,1917,2,1,4,N, ,3,Y, , , , , , , , ,2,1,0,0,0,0,0,1,0,0,0,1,1,0,0,0,0,0,0,0,0,0,0,0,0,0,0,0,0,0,0,0,0,0,0,4,0,39.9443,-75.2445, , 
33155,362044,2015088781,6,67,67301,2015,8,3,1150,11,1,2,1,7,4, , ,N,0,0,3,3,0,3,3,1,N, ,39 55:11.279,75 12:08.074,1200, ,1153,1,1,4, , ,0,N, , , , , , , , ,1,0,0,0,0,0,1,0,0,0,0,3,3,0,0,0,0,0,0,0,1,0,0,0,0,0,0,0,0,0,0,0,0,0,0,4,0,39.9198,-75.2022, , 
33156,364950,2015117645,6,67,67301,2015,10,6,2130,21,3,1,0,1,1, , ,N,1,2,0,3,0,1,2,2,N,N,40 03:27.061,75 08:57.497,2140, ,2135, ,0, ,N, ,3, , , , , , , , , ,2,1,0,0,0,0,1,0,0,0,0,1,1,0,0,0,0,0,0,0,0,0,0,1,0,0,0,0,0,0,0,0,0,0,0,4,0,40.0575,-75.1493, , 
33157,364960,2015129053,6,67,67301,2015,11,5,1211,12,1,2,1,4,1, , ,N,1,2,0,3,0,0,2,2,N,N,40 04:51.077,75 01:43.585,1220, ,1211,1,1,2, , ,3,N, , , , , , , , ,2,1,0,0,1,0,0,0,0,0,0,0,0,0,0,0,0,0,0,0,1,0,0,0,0,0,0,0,0,0,0,0,0,0,0,0,0,40.0809,-75.0288, , 
33158,364971,2016002329,6,67,67301,2015,12,7,216,2,3,1,0,7,4, , ,N,0,0,0,3,0,2,2,1,N, ,40 00:14.110,75 10:50.316,235, ,216, ,0, , , ,0, , , , , , , , , ,1,1,0,0,0,0,0,0,0,0,1,0,2,1,0,0,0,0,0,0,0,0,0,2,0,0,0,0,0,0,0,0,0,0,0,3,0,40.0039,-75.1806, , 
33159,364972,2016002588,6,67,67301,2015,12,1,303,3,3,1,0,5,1, , ,N,1,2,0,3,0,0,3,2,N,N,39 57:40.557,75 14:05.578,540, ,536, ,0, ,N, ,3, , , , , , , , , ,2,2,0,0,0,0,0,0,0,0,0,0,0,0,0,0,0,0,0,0,0,0,0,0,0,0,0,0,0,0,0,0,0,0,0,0,0,39.9612,-75.2349, , 
33160,364973,2016014041,6,67,67301,2015,12,5,2250,22,3,1,0,4,1, , ,N,1,2,0,3,0,1,2,2,N,N,39 55:54.717,75 09:39.707,2257, ,9999, ,0, ,N, ,3, , , , , , , , , ,1,1,0,0,0,0,0,0,1,0,0,0,1,1,0,0,0,0,0,0,0,0,0,0,0,0,0,0,0,0,0,0,0,0,0,8,0,39.9319,-75.161, , 
33161,364979,2016000946,6,67,67301,2015,12,5,937,9,1,8,1,4,1, , ,N,1,3,0,3,0,2,2,2,N,N,40 04:44.436,75 04:48.651,943, ,940,2,1,7,N, ,3,N, , , , , , , , ,2,1,0,0,0,0,0,1,0,0,0,1,2,1,0,0,0,0,0,0,0,1,0,0,0,0,0,0,0,0,0,0,0,0,0,4,0,40.079,-75.0802, , 
33162,364982,2015120510,6,67,67301,2015,10,4,1000,10,1,2,1,8,6, , ,N,0,0,0,3,0,1,2,2,N,N,39 57:26.599,75 09:45.162,1335, ,1330, ,0, ,N, ,0, , , , , , , , , ,1,0,0,0,0,0,1,0,0,0,1,0,1,0,1,0,0,0,0,0,0,0,0,0,0,0,0,0,0,0,0,0,1,0,0,3,0,39.9574,-75.1625, , 
33163,364988,2015130134,6,67,67301,2015,11,5,1030,10,1,2,1,7,3, , ,N,0,0,0,3,0,1,2,1,N,N,40 01:35.377,75 11:36.834,1042, ,1032, ,0, ,N, ,0, , , , , , , , , ,1,1,0,0,0,0,0,0,0,0,0,1,1,0,0,1,0,0,0,0,0,0,0,0,0,0,0,0,0,0,0,0,0,0,0,4,0,40.0265,-75.1936, , 
33164,364993,2016000935,6,67,67301,2015,12,5,740,7,1,1,1,1,1, , ,N,0,0,0,3,0,4,6,3,N,N,40 05:14.481,75 02:07.443,750, ,742,2,1,1, , ,0,N, , , , , , , , ,3,0,0,0,1,0,2,0,0,0,0,0,4,4,0,0,0,0,0,0,2,0,0,0,0,0,0,0,0,0,0,0,0,0,0,8,0,40.0874,-75.0354, , 
33165,365002,2015120516,6,67,67301,2015,10,5,1450,14,1,1,0,1,1, , ,N,0,0,0,3,0,1,2,2,N,N,39 58:17.106,75 07:32.564,1451, ,1450, ,0, ,N, ,0, , , , , , , , , ,1,1,0,0,0,0,0,0,1,0,0,0,1,1,0,0,0,0,0,0,0,0,0,1,0,0,0,0,0,0,0,0,0,0,0,8,0,39.9714,-75.1257, , 
33166,365012,2015135895,6,67,67301,2015,11,3,1200,12,1,1,0,2,1, , ,N,0,0,0,3,0,0,2,2,N, ,40 00:10.436,75 07:27.675,1206, ,1202, ,0, , , ,0, , , , , , , , , ,2,2,0,0,0,0,0,0,0,0,0,0,0,0,0,0,0,0,0,0,0,0,0,0,0,0,0,0,0,0,0,0,0,0,0,0,0,40.0029,-75.1244, , 
33167,365017,2016016053,6,67,67301,2015,10,4,925,9,1,1,0,1,1, , ,N,0,0,0,3,0,1,2,2,N,N,39 58:42.478,75 06:38.579,0, ,0, ,0, ,N, ,0, , , , , , , , , ,2,1,0,0,0,0,0,0,0,0,0,0,1,1,0,0,0,0,0,0,0,0,0,1,0,0,0,0,0,0,0,0,0,0,0,8,0,39.9785,-75.1107, , 
33168,365068,2015080261,6,67,67301,2015,7,1,125,1,3,1,0,5,6, , ,N,0,0,0,3,0,1,1,4,N, ,39 59:41.240,75 06:18.108,126, ,125, ,0, ,N, ,0, , , , , , , , , ,4,3,0,0,0,0,1,0,0,0,1,0,1,0,0,0,0,0,0,0,0,0,0,0,0,0,0,0,0,0,0,0,0,0,0,3,0,39.9948,-75.105, , 
33169,365081,2015128715,6,67,67301,2015,11,3,1145,11,1,1,0,4,1, , ,N,1,2,0,3,0,1,3,2,N,N,39 56:58.740,75 09:37.407,1147, ,1146, ,0, ,N, ,3, , , , , , , , , ,2,1,0,0,0,0,1,0,0,0,0,1,1,0,0,0,0,0,0,0,0,0,1,2,0,0,0,0,0,0,0,0,0,0,0,4,0,39.9497,-75.1604, , 
33170,365086,2015130096,6,67,67301,2015,11,4,1040,10,1,1,0,4,1, , ,N,1,2,0,3,0,1,2,2,N,N,39 55:31.449,75 10:39.476,1045, ,1042, ,0, ,N, ,3, , , , , , , , , ,2,1,0,0,0,0,1,0,0,0,0,1,1,0,0,0,0,0,0,0,1,0,0,0,0,0,0,0,0,0,0,0,0,0,0,4,0,39.9254,-75.1775, , 
33171,365094,2016000994,6,67,67301,2015,12,2,1615,16,3,2,1,8,1, , ,N,1,0,0,3,0,1,2,2,N,N,39 58:40.542,75 10:11.158,1824, ,1819, ,0, ,N, ,0, , , , , , , , , ,1,1,0,0,0,0,0,0,0,0,1,0,1,0,1,0,0,0,0,0,0,0,0,0,0,0,0,0,0,0,0,0,1,0,0,3,0,39.978,-75.1698, , 
33172,365096,2016002540,6,67,67301,2015,12,2,1109,11,1,2,1,4,1, , ,N,0,0,0,3,0,1,3,2,N,N,40 03:09.417,75 08:03.778,127, ,123, ,0, ,N, ,0, , , , , , , , , ,2,1,0,1,0,0,0,0,0,0,0,1,1,0,0,0,0,0,0,0,1,0,0,0,0,0,0,0,0,0,0,0,0,0,0,4,1,40.0526,-75.1344, , 
33173,365103,2015131285,6,67,67301,2015,12,3,820,8,1,2,1,6,1, , ,N,0,0,0,3,0,1,3,2,N, ,39 53:35.292,75 13:24.815,949, ,938,3,1,3, , ,0,N, , , , , , , , ,2,2,0,0,0,0,0,0,0,0,0,1,1,0,0,0,0,0,0,0,0,0,0,0,0,0,0,0,0,0,0,0,0,0,0,4,0,39.8931,-75.2236, , 
33174,367536,2015095679,6,67,67301,2015,9,7,1415,14,1,1,0,4,1, , ,N,1,2,1,3,0,0,2,2,N,N,39 55:36.102,75 11:15.812,1420, ,1415,9,1,3, , ,3,N, , , , , , , , ,2,2,0,0,0,0,0,0,0,0,0,0,0,0,0,0,0,0,0,0,1,0,0,0,0,0,0,0,0,0,0,0,0,0,0,0,0,39.9267,-75.1879, , 
33175,367537,2015096335,6,67,67301,2015,9,4,800,8,1,1,0,1,1, , ,N,0,0,0,3,0,0,5,3,N,N,40 00:23.840,75 11:55.499,819, ,800,1,1,3,N, ,0,N, , , , , , , , ,3,1,0,0,0,0,1,1,0,0,0,0,0,0,0,0,0,0,0,0,2,0,0,0,0,0,0,0,0,0,0,0,0,0,0,0,0,40.0066,-75.1987, , 
33176,367548,2015105146,6,67,67301,2015,9,3,845,8,3,1,0,4,1, , ,N,1,2,0,3,0,2,3,3,N,N,39 54:20.727,75 11:38.377,850, ,845,2,1,5,N, ,3,Y, , , , , , , , ,3,2,0,0,0,0,1,0,0,0,1,1,2,0,0,0,0,0,0,0,1,1,0,2,0,0,0,0,0,0,0,0,0,0,0,3,0,39.9057,-75.1938, , 
33177,367567,2015130031,6,67,67301,2015,11,5,705,7,1,1,0,8,1, , ,N,1,3,0,3,0,1,2,2,N,N,39 57:53.649,75 09:33.990,750, ,748, ,0, ,N, ,3, , , , , , , , , ,1,1,0,0,0,0,0,0,0,0,0,1,1,0,0,0,0,0,0,0,0,0,0,1,0,0,0,0,0,0,0,0,1,0,0,4,0,39.9649,-75.1594, , 