objectid_1,objectid,crn,district,county,municipality,crash_year,crash_month,day_of_week,time_of_day,hour_of_day,illumination,weather,road_condition,collision_type,relation_to_road,work_zone_type,work_zone_loc,work_zone_ind,intersect_type,tcd_type,location_type,urban_rural,fatal_count,injury_count,person_count,total_units,sch_bus_ind,sch_zone_ind,latitude,longitude,arrival_tm,cons_zone_spd_lim,dispatch_tm,est_hrs_closed,lane_closed,ln_close_dir,ntfy_hiwy_maint,spec_juris_cd,tcd_func_cd,tfc_detour_ind,workers_pres,wz_close_detour,wz_flagger,wz_law_offcr_ind,wz_ln_closure,wz_moving,wz_other,wz_shlder_mdn,vehicle_count,automobile_count,motorcycle_count,bus_count,small_truck_count,heavy_truck_count,suv_count,van_count,bicycle_count,maj_inj_count,mod_inj_count,min_inj_count,tot_inj_count,unk_inj_deg_count,unk_inj_per_count,driver_count_16yr,driver_count_17yr,driver_count_18yr,driver_count_19yr,driver_count_20yr,driver_count_50_64yr,driver_count_65_74yr,driver_count_75plus,unbelted_occ_count,unb_death_count,unb_maj_inj_count,belted_death_count,belted_maj_inj_count,mcycle_death_count,mcycle_maj_inj_count,bicycle_death_count,bicycle_maj_inj_count,ped_count,ped_death_count,ped_maj_inj_count,max_severity_level,comm_veh_count,dec_lat,dec_long,rdwy_surf_type_cd,county_name
33313,365397,2016015542,6,67,67301,2015,9,3,1530,15,1,1,0,4,1, , ,N,0,0,7,3,0,1,2,2,N,N,39 59:10.544,75 14:52.406,0, ,0, ,0, ,N, ,0, , , , , , , , , ,2,2,0,0,0,0,0,0,0,0,0,1,1,0,0,0,0,0,1,0,0,0,0,1,0,0,0,0,0,0,0,0,0,0,0,4,0,39.9863,-75.2479, , 
33314,365419,2016002328,6,67,67301,2015,12,7,1136,11,1,1,0,4,1, , ,N,1,2,0,3,0,2,2,2,N,N,40 00:57.144,75 09:13.828,1138, ,1138, ,0, ,N, ,3, , , , , , , , , ,2,1,0,0,0,0,1,0,0,0,0,0,2,2,0,0,0,0,0,0,0,0,0,0,0,0,0,0,0,0,0,0,0,0,0,8,0,40.0159,-75.1538, , 
33315,365428,2015121054,6,67,67301,2015,10,6,1940,19,3,1,0,1,1, , ,N,0,0,0,3,0,0,2,2,N,N,40 03:22.437,75 09:34.870,2010, ,1950, ,0, ,N, ,0, , , , , , , , , ,2,1,0,0,0,0,1,0,0,0,0,0,0,0,0,0,0,0,0,0,0,0,0,0,0,0,0,0,0,0,0,0,0,0,0,0,0,40.0562,-75.1597, , 
33316,365433,2016002440,6,67,67301,2015,12,6,750,7,1,1,1,2,1, , ,N,1,2,0,3,0,1,2,2,N,N,40 03:42.317,75 03:21.839,920, ,911, ,0, ,N, ,3, , , , , , , , , ,2,0,0,0,0,0,2,0,0,0,0,0,1,1,0,0,0,0,0,0,1,0,0,0,0,0,0,0,0,0,0,0,0,0,0,8,0,40.0618,-75.0561, , 
33317,365446,2015131326,6,67,67301,2015,12,4,1828,18,3,2,1,5,6, , ,N,0,0,0,3,0,1,2,2,N, ,40 05:41.187,75 02:48.391,1840, ,1830, ,0, , , ,0, , , , , , , , , ,2,1,0,0,0,0,0,1,0,0,0,1,1,0,0,0,0,0,0,0,0,0,0,0,0,0,0,0,0,0,0,0,0,0,0,4,0,40.0948,-75.0468, , 
33318,368210,2015095321,6,67,67301,2015,7,3,1152,11,1,1,0,1,6, , ,N,0,0,0,3,0,2,3,3,N,N,39 59:23.337,75 06:25.281,1152, ,1152,3,2,1,N, ,0,Y, , , , , , , , ,3,2,0,0,0,0,0,1,0,1,0,1,2,0,0,0,0,0,0,0,0,0,0,2,0,1,0,0,0,0,0,0,0,0,0,2,0,39.9898,-75.107, , 
33319,368215,2015099027,6,67,67301,2015,9,5,1235,12,1,2,1,4,1, , ,N,1,3,0,3,0,0,2,2,N,N,40 00:28.461,75 09:34.883,1250, ,1246, ,0, , , ,3, , , , , , , , , ,2,1,0,0,1,0,0,0,0,0,0,0,0,0,0,0,0,0,0,0,1,0,0,0,0,0,0,0,0,0,0,0,0,0,0,0,0,40.0079,-75.1597, , 
33320,368217,2015105100,6,67,67301,2015,9,7,1415,14,1,1,0,4,1, , ,N,1,2,0,3,0,1,3,2,N,N,40 03:51.796,75 09:23.446,1500, ,1500, ,0, ,N, ,3, , , , , , , , , ,2,0,0,0,1,0,0,1,0,0,0,1,1,0,0,0,0,0,1,0,0,0,0,0,0,0,0,0,0,0,0,0,0,0,0,4,0,40.0644,-75.1565, , 
33321,368219,2015109241,6,67,67301,2015,10,3,1600,16,1,1,0,2,1, , ,N,1,2,0,3,0,0,3,2,N,N,40 05:56.929,74 59:43.589,1609, ,1609, ,0, ,N, ,3, , , , , , , , , ,2,0,0,0,1,0,1,0,0,0,0,0,0,0,0,0,0,0,0,0,0,0,0,0,0,0,0,0,0,0,0,0,0,0,0,0,0,40.0991,-74.9954, , 
33322,368227,2015061887,6,67,67301,2015,5,6,2149,21,3,1,0,8,1, , ,N,1,3,0,3,0,1,2,2,N, ,40 00:53.564,75 04:48.655,2220, ,2149, ,0, , , ,3, , , , , , , , , ,1,0,0,0,0,0,0,0,0,0,0,0,1,1,0,0,0,0,0,0,0,0,0,0,0,0,0,0,0,0,0,0,1,0,0,8,0,40.0149,-75.0802, , 
33323,368248,2015088663,6,67,67301,2015,8,2,1124,11,1,1,0,4,1, , ,N,1,3,0,3,0,1,3,2,N,N,39 59:18.578,75 08:12.530,1155, ,1153, ,0, ,N, ,3, , , , , , , , , ,2,1,0,0,0,1,0,0,0,0,0,1,1,0,0,0,0,0,0,0,2,0,0,0,0,0,0,0,0,0,0,0,0,0,0,4,1,39.9885,-75.1368, , 
33324,368249,2015088693,6,67,67301,2015,8,6,2210,22,3,1,0,4,1, , ,N,1,2,0,3,0,1,2,2,N, ,39 59:10.535,75 06:15.872,2240, ,2230, ,0, , , ,3, , , , , , , , , ,1,1,0,0,0,0,0,0,1,0,0,1,1,0,1,0,0,0,0,0,0,0,0,0,0,0,0,0,0,0,0,0,0,0,0,4,0,39.9863,-75.1044, , 
33325,368250,2015088705,6,67,67301,2015,8,6,2340,23,3,1,0,1,1, , ,N,0,0,0,3,0,0,2,2,N, ,40 00:58.556,75 08:58.581,1, ,1,2,1,1,N, ,0,N, , , , , , , , ,2,2,0,0,0,0,0,0,0,0,0,0,0,0,0,0,0,0,0,0,0,0,0,0,0,0,0,0,0,0,0,0,0,0,0,0,0,40.0163,-75.1496, , 
33326,368266,2015121007,6,67,67301,2015,10,6,1649,16,1,1,0,4,1, , ,N,1,2,0,3,0,3,3,2,N, ,39 57:25.957,75 13:38.997,1725, ,1706, ,0, , , ,3, , , , , , , , , ,2,1,0,0,0,0,1,0,0,0,0,2,3,1,0,0,0,0,0,0,0,1,0,0,0,0,0,0,0,0,0,0,0,0,0,4,0,39.9572,-75.2275, , 
33327,368281,2015135871,6,67,67301,2015,12,2,1100,11,1,1,0,1,1, , ,N,1,2,0,3,0,1,2,2,N, ,40 01:36.995,75 12:33.945,1105, ,1100, ,0, , , ,3, , , , , , , , , ,2,2,0,0,0,0,0,0,0,0,0,1,1,0,0,0,0,0,0,0,0,1,0,1,0,0,0,0,0,0,0,0,0,0,0,4,0,40.0269,-75.2094, , 
33328,368282,2016014068,6,67,67301,2015,11,2,1630,16,1,1,0,4,1, , ,N,1,2,0,3,0,1,2,2,N,N,39 56:45.520,75 11:03.285,9999, ,9999, ,0, ,N, ,9, , , , , , , , , ,1,0,0,0,0,0,0,0,1,0,1,0,1,0,1,0,0,0,0,0,0,0,0,0,0,0,0,0,0,0,0,0,0,0,0,3,0,39.946,-75.1842, , 
33329,368290,2015115140,6,67,67301,2015,10,7,1915,19,3,1,0,8,1, , ,N,1,2,0,3,0,1,2,2,N, ,39 57:40.702,75 10:30.178,1920, ,1920,1,1,4, , ,3,Y, , , , , , , , ,1,1,0,0,0,0,0,0,0,0,1,0,1,0,0,0,0,0,0,0,0,1,0,0,0,0,0,0,0,0,0,0,1,0,0,3,0,39.9613,-75.175, , 
33330,368300,2015125673,6,67,67301,2015,12,5,730,7,1,1,0,8,1, , ,N,1,3,0,3,0,1,2,2,N,N,39 57:38.311,75 11:55.816,810, ,805, ,0, ,N, ,3, , , , , , , , , ,1,0,0,0,0,0,1,0,0,0,1,0,1,0,0,0,0,0,0,0,1,0,0,0,0,0,0,0,0,0,0,0,1,0,0,3,0,39.9606,-75.1988, , 
33331,368305,2015130021,6,67,67301,2015,11,7,1630,16,1,1,0,5,6, , ,N,0,0,0,3,0,0,1,2,N, ,40 01:30.892,75 08:51.913,1650, ,1645, ,0, , , ,0, , , , , , , , , ,2,2,0,0,0,0,0,0,0,0,0,0,0,0,0,0,0,0,0,0,0,0,0,1,0,0,0,0,0,0,0,0,0,0,0,0,0,40.0252,-75.1478, , 
33332,368317,2015103415,6,67,67301,2015,9,1,1105,11,1,1,0,4,1, , ,N,1,3,0,3,0,0,2,2,N,N,39 55:49.389,75 09:40.874,1120, ,1118,2,2,2,N, ,3,Y, , , , , , , , ,2,1,0,0,0,0,1,0,0,0,0,0,0,0,0,0,0,0,0,0,0,0,0,0,0,0,0,0,0,0,0,0,0,0,0,0,0,39.9304,-75.1614, , 
33333,368333,2015127290,6,67,67301,2015,10,4,1045,10,8,2,1,6,1, , ,N,0,0,0,3,0,0,2,2,N,N,40 00:46.613,75 12:04.430,1050, ,1050,2,2,6,N, ,0,Y, , , , , , , , ,2,2,0,0,0,0,0,0,0,0,0,0,0,0,0,0,0,0,0,0,0,1,1,0,0,0,0,0,0,0,0,0,0,0,0,0,0,40.0129,-75.2012, , 
33334,368337,2015128559,6,67,67301,2015,11,2,903,9,1,1,0,8,1, , ,N,5,2,2,3,0,1,2,2,N, ,39 57:27.542,75 09:44.544,907, ,905, ,0, , , ,3, , , , , , , , , ,1,1,0,0,0,0,0,0,0,0,0,0,1,1,0,0,0,0,0,0,1,0,0,1,0,0,0,0,0,0,0,0,1,0,0,8,0,39.9577,-75.1624, , 
33335,368343,2015133743,6,67,67301,2015,11,2,730,7,1,1,0,1,1, , ,N,0,0,0,3,0,0,1,3,N,Y,39 56:49.588,75 08:58.873,740, ,735, ,0, ,N, ,0, , , , , , , , , ,3,2,0,0,0,0,1,0,0,0,0,0,0,0,1,0,0,0,0,0,0,0,0,0,0,0,0,0,0,0,0,0,0,0,0,9,0,39.9471,-75.1497, , 
33336,359488,2016002591,6,67,67301,2015,12,5,1540,15,1,2,1,8,1, , ,N,1,3,0,3,0,1,2,2,N,N,39 57:45.190,75 13:57.158,1540, ,1540, ,0, ,N, ,3, , , , , , , , , ,1,1,0,0,0,0,0,0,0,0,1,0,1,0,1,0,0,0,0,0,0,0,0,0,0,0,0,0,0,0,0,0,1,0,0,3,0,39.9626,-75.2325, , 
33337,359489,2016007591,6,67,67301,2015,12,2,1030,10,1,1,0,1,1, , ,N,0,0,0,3,0,0,2,2,N,N,40 03:21.288,75 13:56.995,1042, ,1035, ,0, ,N, ,0, , , , , , , , , ,2,2,0,0,0,0,0,0,0,0,0,0,0,0,0,0,0,0,0,0,1,0,0,0,0,0,0,0,0,0,0,0,0,0,0,0,0,40.0559,-75.2325, , 
33338,359492,2016013180,6,67,67301,2015,6,2,2200,22,3,1,0,1,1, , ,N,1,3,0,3,0,2,4,2,N,N,39 59:03.285,75 09:53.474,0, ,0, ,0, ,N, ,3, , , , , , , , , ,2,1,0,0,0,0,0,1,0,0,0,0,2,2,2,0,0,0,0,0,1,0,0,0,0,0,0,0,0,0,0,0,0,0,0,8,0,39.9842,-75.1649, , 
33339,359494,2015128640,6,67,67301,2015,11,1,2,0,3,1,0,7,4, , ,N,0,0,0,3,0,2,2,1,N,N,40 02:12.522,75 01:34.035,18, ,13, ,0, ,N, ,0, , , , , , , , , ,1,1,0,0,0,0,0,0,0,0,0,0,2,2,0,0,1,0,0,0,0,0,0,0,0,0,0,0,0,0,0,0,0,0,0,8,0,40.0368,-75.0261, , 
33340,359495,2015128676,6,67,67301,2015,11,2,2100,21,3,1,0,8,1, , ,N,1,3,0,3,0,1,2,2,N, ,40 01:51.816,75 08:15.691,400, ,400, ,0, , , ,3, , , , , , , , , ,1,1,0,0,0,0,0,0,0,0,1,0,1,0,0,0,0,0,0,0,0,0,0,1,0,0,0,0,0,0,0,0,1,0,0,3,0,40.0311,-75.1377, , 
33341,359501,2015135804,6,67,67301,2015,12,6,937,9,1,1,0,8,1, , ,N,2,2,0,3,0,1,3,2,N,N,39 56:00.698,75 12:55.912,937, ,937, ,0, ,N, ,3, , , , , , , , , ,1,0,0,0,0,0,0,1,0,0,0,1,1,0,0,0,0,0,0,0,0,0,0,0,0,0,0,0,0,0,0,0,1,0,0,4,0,39.9335,-75.2155, , 
33342,359506,2015105106,6,67,67301,2015,9,5,1200,12,1,2,1,8,1, , ,N,1,3,0,3,0,1,2,2,N,N,39 58:22.958,75 08:51.579,1300, ,1240, ,0, ,N, ,3, , , , , , , , , ,1,0,0,0,0,0,0,1,0,0,1,0,1,0,0,0,0,0,0,0,0,0,0,0,0,0,0,0,0,0,0,0,1,0,0,3,0,39.973,-75.1477, , 
33343,359510,2015109327,6,67,67301,2015,10,5,954,9,1,6,1,4,1, , ,N,1,2,0,3,0,2,2,2,N, ,40 02:20.942,75 06:36.006,955, ,956, ,0, , , ,2, , , , , , , , , ,2,2,0,0,0,0,0,0,0,0,0,2,2,0,0,0,0,0,0,0,1,0,0,1,0,0,0,0,0,0,0,0,0,0,0,4,0,40.0392,-75.11, , 
33344,359517,2015117586,6,67,67301,2015,10,6,401,4,3,1,0,5,1, , ,N,0,0,0,3,0,0,2,4,N, ,40 00:26.501,75 08:11.237,406, ,403,1,2,4, , ,0,Y, , , , , , , , ,4,1,0,0,0,0,1,0,0,0,0,0,0,0,0,0,0,0,0,0,0,0,0,2,0,0,0,0,0,0,0,0,0,0,0,0,0,40.0074,-75.1365, , 
33345,359528,2016002325,6,67,67301,2015,12,7,1450,14,1,1,0,8,1, , ,N,1,2,0,3,0,1,2,2,N,N,40 02:20.299,75 09:00.122,1746, ,1746, ,9, ,N, ,9, , , , , , , , , ,1,1,0,0,0,0,0,0,0,0,0,0,1,1,1,0,0,0,0,0,0,0,0,0,0,0,0,0,0,0,0,0,1,0,0,8,0,40.039,-75.15, , 
33346,359529,2016002366,6,67,67301,2015,12,2,650,6,1,1,0,8,1, , ,N,1,2,0,3,0,1,2,2,N,N,40 02:35.289,75 10:02.002,830, ,818, ,0, ,N, ,3, , , , , , , , , ,1,1,0,0,0,0,0,0,0,0,0,0,1,1,0,0,0,0,0,0,0,0,0,0,0,0,0,0,0,0,0,0,1,0,0,8,0,40.0431,-75.1672, , 
33347,359537,2015112269,6,67,67301,2015,10,4,828,8,1,2,1,7,3,1,4,Y,0,0,0,3,0,0,2,2,N,N,39 58:02.742,75 07:55.756,858,45,828,1,1,1,N, ,0,N,Y,N,N,N,N,N,N,Y,2,1,0,0,1,0,0,0,0,0,0,0,0,0,0,0,0,0,0,0,0,0,0,0,0,0,0,0,0,0,0,0,0,0,0,0,0,39.9674,-75.1322, , 
33348,359577,2015128647,6,67,67301,2015,11,7,2234,22,3,1,0,9,1, , ,N,0,0,0,3,0,0,1,1,N,N,40 01:23.840,75 12:59.648,2245, ,2234, ,0, , , ,0, , , , , , , , , ,1,1,0,0,0,0,0,0,0,0,0,0,0,0,1,0,0,0,0,0,0,0,0,0,0,0,0,0,0,0,0,0,0,0,0,9,0,40.0233,-75.2166, , 
33349,359578,2015129950,6,67,67301,2015,11,3,1430,14,1,1,0,8,1, , ,N,0,0,0,3,0,1,2,2,N,N,39 55:34.187,75 14:00.886,1459, ,1458, ,0, ,N, ,0, , , , , , , , , ,1,1,0,0,0,0,0,0,0,0,0,1,1,0,0,0,0,0,0,0,0,0,0,0,0,0,0,0,0,0,0,0,1,0,0,4,0,39.9262,-75.2336, , 
33350,359595,2015135222,6,67,67301,2015,12,7,317,3,3,1,0,7,2, , ,N,7,0,2,3,0,1,1,1,N,N,39 54:45.7,75 10:31.9,320, ,317, ,0, ,N, ,0, , , , , , , , , ,1,1,0,0,0,0,0,0,0,0,0,1,1,0,0,0,0,0,0,0,0,0,0,0,0,0,0,0,0,0,0,0,0,0,0,4,0,39.9127,-75.1755, , 
33351,359597,2016002977,6,67,67301,2015,11,7,954,9,1,1,0,4,1, , ,N,1,3,0,3,0,1,2,2,N,N,39 56:25.195,75 10:21.993,1000, ,954, ,0, , , ,3, , , , , , , , , ,2,0,1,0,0,0,0,1,0,0,0,1,1,0,0,0,0,0,0,0,1,0,0,1,0,0,0,0,0,0,0,0,0,0,0,4,0,39.9403,-75.1728, , 
33352,359616,2015128530,6,67,67301,2015,11,1,1635,16,4,1,0,6,1, , ,N,0,0,0,3,0,3,6,6,N, ,39 58:29.331,75 14:43.725,1637, ,1637,2,2,5, , ,0,Y, , , , , , , , ,6,4,0,0,0,0,2,0,0,0,0,3,3,0,0,0,0,0,0,0,4,0,0,2,0,0,0,0,0,0,0,0,0,0,0,4,0,39.9748,-75.2455, , 
33353,359617,2015128621,6,67,67301,2015,11,2,1106,11,1,1,0,5,1, , ,N,2,0,0,3,0,0,3,2,N,N,39 57:56.790,75 12:59.817,1148, ,1146, ,0, , , ,0, , , , , , , , , ,2,2,0,0,0,0,0,0,0,0,0,0,0,0,0,0,0,0,0,0,0,0,0,0,0,0,0,0,0,0,0,0,0,0,0,0,0,39.9658,-75.2166, , 
33354,362335,2015121004,6,67,67301,2015,10,2,2315,23,3,1,0,5,6, , ,N,0,0,0,3,0,0,1,3,N,N,39 57:20.082,75 13:26.726,2315, ,2315, ,0, ,N, ,0, , , , , , , , , ,3,2,0,0,1,0,0,0,0,0,0,0,0,0,0,0,0,0,0,0,0,0,0,1,0,0,0,0,0,0,0,0,0,0,0,0,0,39.9556,-75.2241, , 
33355,362351,2015135817,6,67,67301,2015,12,5,1513,15,1,1,0,8,1, , ,N,2,3,0,3,0,1,2,2,N, ,40 04:11.139,75 01:57.860,1909, ,1901, ,0, , , ,3, , , , , , , , , ,1,1,0,0,0,0,0,0,0,0,0,1,1,0,0,0,0,0,0,0,1,0,0,0,0,0,0,0,0,0,0,0,1,0,0,4,0,40.0698,-75.0327, , 
33356,362354,2016004267,6,67,67301,2015,12,6,1547,15,1,1,0,1,1, , ,N,0,0,0,3,0,3,3,3,N,N,39 53:24.943,75 13:14.811,1559, ,1557, ,0, ,N, ,0, , , , , , , , , ,3,1,0,0,1,0,1,0,0,0,0,3,3,0,0,0,0,1,0,0,0,0,0,0,0,0,0,0,0,0,0,0,0,0,0,4,0,39.8903,-75.2208, , 
33357,362376,2016002408,6,67,67301,2015,12,3,1240,12,1,1,0,1,1, , ,N,1,2,0,3,0,1,4,2,N,N,39 57:52.244,75 10:40.261,1250, ,1246, ,0, ,N, ,3, , , , , , , , , ,2,2,0,0,0,0,0,0,0,0,0,1,1,0,0,0,0,0,0,0,1,0,0,0,0,0,0,0,0,0,0,0,0,0,0,4,0,39.9645,-75.1779, , 
33358,362391,2015128654,6,67,67301,2015,11,6,2045,20,3,1,0,1,1, , ,N,0,2,0,3,0,3,5,2,N,N,39 59:32.269,75 08:32.024,2100, ,2100,1,1,3,N, ,3,N, , , , , , , , ,2,0,0,1,0,0,1,0,0,0,0,3,3,0,0,0,0,0,0,0,1,0,0,0,0,0,0,0,0,0,0,0,0,0,0,4,1,39.9923,-75.1422, , 
33359,362400,2016001455,6,67,67301,2015,12,2,615,6,5,1,0,4,1, , ,N,1,2,0,3,0,1,3,2,N,N,40 02:07.082,75 04:14.554,630, ,615, ,0, ,N, ,3, , , , , , , , , ,2,1,0,0,0,0,1,0,0,0,0,1,1,0,0,0,0,0,0,0,0,0,0,3,0,0,0,0,0,0,0,0,0,0,0,4,0,40.0351,-75.0709, , 
33360,362401,2016013945,6,67,67301,2015,12,5,716,7,1,2,1,4,1, , ,N,1,2,0,3,0,0,2,2,N,N,40 01:44.349,75 05:21.034,730, ,720,1,1,1,N, ,3,N, , , , , , , , ,2,2,0,0,0,0,0,0,0,0,0,0,0,0,0,0,0,0,0,0,0,0,0,0,0,0,0,0,0,0,0,0,0,0,0,0,0,40.029,-75.0892, , 
33361,362413,2015120098,6,67,67301,2015,8,3,2130,21,3,1,0,3,1, , ,N,1,2,0,3,0,1,3,2,N,N,39 57:36.149,75 13:29.566,2155, ,2145, ,0, ,N, ,3, , , , , , , , , ,2,0,0,1,0,0,0,1,0,0,0,0,1,1,0,0,0,0,0,0,0,0,0,1,0,0,0,0,0,0,0,0,0,0,0,8,1,39.9599,-75.2249, , 
33362,362422,2015128625,6,67,67301,2015,11,5,1920,19,3,2,1,8,1, , ,N,1,3,0,3,0,1,2,2,N,N,40 03:41.745,75 04:21.896,1924, ,1920, ,0, , , ,3, , , , , , , , , ,1,1,0,0,0,0,0,0,0,0,1,0,1,0,0,0,0,0,0,0,1,0,0,0,0,0,0,0,0,0,0,0,1,0,0,3,0,40.0616,-75.0727, , 
33363,362425,2015131302,6,67,67301,2015,11,6,33,0,3,1,0,5,6, , ,N,0,0,0,3,0,1,2,2,N,N,40 00:59.184,75 09:09.406,111, ,111,2,1,3,N, ,0,N, , , , , , , , ,2,2,0,0,0,0,0,0,0,0,0,1,1,0,0,0,0,0,0,0,0,0,0,0,0,0,0,0,0,0,0,0,0,0,0,4,0,40.0164,-75.1526, , 
33364,362438,2015096120,6,67,67301,2015,8,7,1124,11,1,1,0,4,1, , ,N,2,2,0,3,0,2,3,3,N, ,39 57:36.624,75 08:13.909,1129, ,1126, ,0, , , ,3, , , , , , , , , ,3,1,0,0,0,0,2,0,0,0,0,2,2,0,0,0,0,0,0,0,2,0,0,0,0,0,0,0,0,0,0,0,0,0,0,4,0,39.9602,-75.1372, , 
33365,362452,2015117689,6,67,67301,2015,11,1,1854,18,3,1,0,4,1, , ,N,1,2,0,3,0,1,3,2,N, ,40 02:39.450,75 03:14.767,1919, ,1913, ,0, , , ,3, , , , , , , , , ,2,1,0,0,0,0,0,1,0,0,1,0,1,0,0,0,0,0,0,1,1,0,0,0,0,0,0,0,0,0,0,0,0,0,0,3,0,40.0443,-75.0541, , 
33366,362486,2015102385,6,67,67301,2015,9,4,755,7,1,1,0,1,1, , ,N,0,0,0,3,0,0,6,3,N, ,40 04:22.696,75 11:21.873,825, ,820, ,0, , , ,0, , , , , , , , , ,3,1,0,0,0,0,1,1,0,0,0,0,0,0,0,0,0,1,0,0,1,0,0,0,0,0,0,0,0,0,0,0,0,0,0,0,0,40.073,-75.1894, , 
33367,362489,2015103402,6,67,67301,2015,9,2,2300,23,3,1,0,5,1, , ,N,2,0,0,3,0,2,4,2,N,N,40 01:58.497,75 09:42.706,2308, ,2306, ,0, , , ,0, , , , , , , , , ,2,0,0,0,0,0,1,1,0,0,0,2,2,0,0,0,0,0,0,0,1,0,0,0,0,0,0,0,0,0,0,0,0,0,0,4,0,40.0329,-75.1619, , 
33368,362493,2015048996,6,67,67301,2015,4,1,1430,14,1,1,0,8,1, , ,N,1,2,1,3,0,1,2,2,N,N,39 59:47.157,75 06:48.512,2015, ,2005, ,0, ,N, ,3, , , , , , , , , ,1,0,0,0,0,0,1,0,0,0,0,1,1,0,0,0,0,0,0,0,0,0,0,0,0,0,0,0,0,0,0,0,1,0,0,4,0,39.9964,-75.1135, , 
33369,362499,2015056628,6,67,67301,2015,5,1,425,4,3,1,0,7,4, , ,N,0,0,1,3,0,2,2,1,N,N,39 57:10.466,75 10:54.533,435, ,426,2,2,4,N, ,0,Y, , , , , , , , ,1,1,0,0,0,0,0,0,0,0,1,1,2,0,0,0,0,0,0,0,0,0,0,0,0,0,0,0,0,0,0,0,0,0,0,3,0,39.9529,-75.1818, , 
33370,362501,2015058839,6,67,67301,2015,5,7,404,4,3,1,0,1,1, , ,N,0,0,0,3,0,2,5,3,N,N,39 55:32.470,75 11:38.339,444, ,428,2,1,3,N, ,0,N, , , , , , , , ,3,2,0,0,1,0,0,0,0,0,0,2,2,0,0,0,0,1,0,0,0,1,0,0,0,0,0,0,0,0,0,0,0,0,0,4,0,39.9257,-75.194, , 
33371,362507,2015066191,6,67,67301,2015,6,4,1611,16,1,1,0,4,1, , ,N,2,3,0,3,0,1,2,2,N,Y,39 57:26.240,75 14:15.752,1617, ,1612, ,0, , , ,3, , , , , , , , , ,1,0,0,0,0,0,1,0,1,0,0,1,1,0,0,0,0,0,0,0,0,1,0,0,0,0,0,0,0,0,0,0,0,0,0,4,0,39.9573,-75.2377, , 
33372,365454,2016002348,6,67,67301,2015,12,7,1946,19,3,1,0,4,1, , ,N,1,2,0,3,0,0,7,3,N,N,40 03:06.246,75 07:37.696,1953, ,1951,2,2,7,N, ,3,Y, , , , , , , , ,3,2,0,0,0,0,0,1,0,0,0,0,0,0,0,0,0,0,0,0,0,0,0,0,0,0,0,0,0,0,0,0,0,0,0,0,0,40.0517,-75.1271, , 
33373,365455,2016002536,6,67,67301,2015,12,6,1550,15,1,1,0,4,1, , ,N,1,3,0,3,0,1,2,2,N,N,39 56:43.479,75 09:50.266,1626, ,1616, ,0, ,N, ,3, , , , , , , , , ,1,0,0,0,0,0,0,0,1,0,0,1,1,0,1,0,0,0,0,0,0,0,0,0,0,0,0,0,0,0,0,0,0,0,0,4,0,39.9454,-75.164, , 
33374,365463,2015135828,6,67,67301,2015,12,5,2043,20,3,1,0,4,1, , ,N,1,2,0,3,0,1,2,2,N,N,39 59:07.481,75 14:53.054,2050, ,2045, ,0, ,N, ,3, , , , , , , , , ,2,1,0,0,0,0,1,0,0,0,0,1,1,0,0,0,0,0,0,0,0,1,0,0,0,0,0,0,0,0,0,0,0,0,0,4,0,39.9854,-75.2481, , 
33375,365464,2016000987,6,67,67301,2015,12,6,500,5,3,1,0,6,6, , ,N,0,0,0,3,0,0,2,2,N,N,39 59:32.812,75 07:15.297,515, ,515, ,0, ,N, ,0, , , , , , , , , ,2,1,0,0,1,0,0,0,0,0,0,0,0,0,0,0,0,0,0,0,0,0,0,0,0,0,0,0,0,0,0,0,0,0,0,0,0,39.9924,-75.1209, , 
33376,365465,2016001458,6,67,67301,2015,12,5,1710,17,3,1,0,1,1, , ,N,2,2,0,3,0,1,2,2,N, ,39 57:14.416,75 10:05.601,1738, ,1724, ,0, ,N, ,3, , , , , , , , , ,1,1,0,0,0,0,0,0,1,0,0,1,1,0,0,0,0,0,0,0,0,0,0,1,0,0,0,0,0,0,0,0,0,0,0,4,0,39.954,-75.1682, , 
33377,365467,2016002577,6,67,67301,2015,11,7,1745,17,4,2,1,8,1, , ,N,1,2,0,3,0,1,2,2,N, ,39 56:18.900,75 11:54.432,1750, ,1745, ,0, , , ,3, , , , , , , , , ,1,0,0,1,0,0,0,0,0,0,0,0,1,1,0,0,0,0,0,0,1,0,0,0,0,0,0,0,0,0,0,0,1,0,0,8,1,39.9386,-75.1985, , 
33378,365470,2016013211,6,67,67301,2015,6,7,724,7,3,1,0,1,1, , ,N,0,2,0,3,0,1,3,3,N,N,40 00:35.447,75 12:28.783,0, ,0, ,0, ,N, ,3, , , , , , , , , ,3,2,0,0,0,0,1,0,0,1,0,0,1,0,2,0,0,0,0,0,1,0,0,0,0,0,0,1,0,0,0,0,0,0,0,2,0,40.0098,-75.208, , 
33379,365471,2016022895,6,67,67301,2015,12,5,1050,10,1,1,0,4,1, , ,N,1,2,0,3,0,1,5,2,N,N,39 57:21.859,75 14:16.659,1052, ,1052, ,0, ,N, ,3, , , , , , , , , ,2,2,0,0,0,0,0,0,0,0,0,1,1,0,1,0,0,0,0,0,0,0,0,1,0,0,0,0,0,0,0,0,0,0,0,4,0,39.9561,-75.238, , 