objectid_1,objectid,crn,district,county,municipality,crash_year,crash_month,day_of_week,time_of_day,hour_of_day,illumination,weather,road_condition,collision_type,relation_to_road,work_zone_type,work_zone_loc,work_zone_ind,intersect_type,tcd_type,location_type,urban_rural,fatal_count,injury_count,person_count,total_units,sch_bus_ind,sch_zone_ind,latitude,longitude,arrival_tm,cons_zone_spd_lim,dispatch_tm,est_hrs_closed,lane_closed,ln_close_dir,ntfy_hiwy_maint,spec_juris_cd,tcd_func_cd,tfc_detour_ind,workers_pres,wz_close_detour,wz_flagger,wz_law_offcr_ind,wz_ln_closure,wz_moving,wz_other,wz_shlder_mdn,vehicle_count,automobile_count,motorcycle_count,bus_count,small_truck_count,heavy_truck_count,suv_count,van_count,bicycle_count,maj_inj_count,mod_inj_count,min_inj_count,tot_inj_count,unk_inj_deg_count,unk_inj_per_count,driver_count_16yr,driver_count_17yr,driver_count_18yr,driver_count_19yr,driver_count_20yr,driver_count_50_64yr,driver_count_65_74yr,driver_count_75plus,unbelted_occ_count,unb_death_count,unb_maj_inj_count,belted_death_count,belted_maj_inj_count,mcycle_death_count,mcycle_maj_inj_count,bicycle_death_count,bicycle_maj_inj_count,ped_count,ped_death_count,ped_maj_inj_count,max_severity_level,comm_veh_count,dec_lat,dec_long,rdwy_surf_type_cd,county_name
33515,362901,2015128570,6,67,67301,2015,11,6,651,6,1,1,0,4,1,8,8,Y,1,2,0,3,0,0,2,2,N,N,40 03:33.132,75 02:38.341,712,99,707, ,0, ,N, ,3, ,U,U,U,U,U,U,U,U,2,0,0,0,0,0,2,0,0,0,0,0,0,0,2,0,0,0,0,0,1,0,0,0,0,0,0,0,0,0,0,0,0,0,0,9,0,40.0592,-75.044, , 
33516,362905,2015130153,6,67,67301,2015,11,7,1312,13,1,1,0,8,1, , ,N,1,2,0,3,0,1,2,2,N, ,39 59:54.633,75 07:45.412,1322, ,1319, ,0, , , ,3, , , , , , , , , ,1,1,0,0,0,0,0,0,0,0,0,0,1,1,0,0,0,0,0,0,0,0,0,1,0,0,0,0,0,0,0,0,1,0,0,8,0,39.9985,-75.1293, , 
33517,362918,2015114105,6,67,67301,2015,10,5,242,2,3,1,0,5,6, , ,N,0,0,0,3,0,1,2,2,N,N,39 55:29.362,75 10:02.553,300, ,245, ,0, ,N, ,0, , , , , , , , , ,2,2,0,0,0,0,0,0,0,0,1,0,1,0,0,0,0,0,0,0,0,0,0,0,0,0,0,0,0,0,0,0,0,0,0,3,0,39.9248,-75.1674, , 
33518,362929,2015121003,6,67,67301,2015,11,3,826,8,1,1,0,5,6, , ,N,0,0,0,3,0,1,1,2,N,N,40 06:39.808,75 01:11.665,835, ,831,3,2,1,N, ,0,Y, , , , , , , , ,2,1,0,0,0,0,1,0,0,0,0,1,1,0,0,0,0,0,0,0,0,1,0,0,0,0,0,0,0,0,0,0,0,0,0,4,0,40.1111,-75.0199, , 
33519,365805,2016003629,6,67,67301,2015,12,1,2008,20,3,1,0,7,3, , ,N,0,0,0,3,0,2,4,1,N,N,39 54:51.973,75 08:52.558,2018, ,2010,1,1,1,N, ,0,N, , , , , , , , ,1,1,0,0,0,0,0,0,0,0,0,0,2,2,0,0,0,0,0,1,0,0,0,0,0,0,0,0,0,0,0,0,0,0,0,8,0,39.9144,-75.1479, , 
33520,365806,2016006024,6,67,67301,2015,12,3,2215,22,3,1,0,4,1, , ,N,1,2,0,3,0,0,3,3,N,N,39 58:26.116,75 12:23.386,2251, ,2215, ,0, ,N, ,3, , , , , , , , , ,3,2,0,0,1,0,0,0,0,0,0,0,0,0,0,0,0,0,0,0,1,0,0,0,0,0,0,0,0,0,0,0,0,0,0,0,0,39.9738,-75.2064, , 
33521,365821,2015109267,6,67,67301,2015,10,7,230,2,3,2,1,5,6, , ,N,0,0,0,3,0,0,1,3,N,N,39 56:42.597,75 13:54.548,231, ,230, ,0, ,N, ,0, , , , , , , , , ,3,2,0,0,0,0,1,0,0,0,0,0,0,0,0,0,0,0,0,0,0,0,0,1,0,0,0,0,0,0,0,0,0,0,0,0,0,39.9452,-75.2318, , 
33522,365831,2015117583,6,67,67301,2015,10,5,1909,19,3,1,0,8,1, , ,N,1,2,0,3,0,1,2,2,N,N,39 58:00.943,75 13:47.747,1928, ,1928, ,0, ,N, ,3, , , , , , , , , ,1,1,0,0,0,0,0,0,0,0,0,1,1,0,0,0,0,0,0,0,1,0,0,1,0,0,0,0,0,0,0,0,1,0,0,4,0,39.9669,-75.2299, , 
33523,365870,2016002630,6,67,67301,2015,12,6,1426,14,1,1,0,1,1, , ,N,0,0,0,3,0,2,4,4,N, ,40 01:40.523,75 12:26.349,1500, ,1453, ,9, , , ,0, , , , , , , , , ,4,4,0,0,0,0,0,0,0,0,0,0,2,2,0,0,0,0,0,0,0,0,1,0,0,0,0,0,0,0,0,0,0,0,0,8,0,40.0279,-75.2073, , 
33524,365905,2016007632,6,67,67301,2015,12,3,1343,13,1,1,0,4,1, , ,N,1,3,0,3,0,1,3,2,N, ,40 03:19.004,75 11:06.183,1606, ,1602, ,0, , , ,3, , , , , , , , , ,2,2,0,0,0,0,0,0,0,0,0,1,1,0,0,0,0,0,0,0,1,0,0,0,0,0,0,0,0,0,0,0,0,0,0,4,0,40.0553,-75.1851, , 
33525,365943,2015107454,6,67,67301,2015,9,5,1530,15,1,1,0,1,1, , ,N,1,2,0,3,0,1,3,2,N, ,39 56:16.525,75 14:02.111,1626, ,1624, ,0, , , ,3, , , , , , , , , ,2,2,0,0,0,0,0,0,0,0,0,0,1,1,0,0,0,0,0,0,0,0,0,0,0,0,0,0,0,0,0,0,0,0,0,8,0,39.9379,-75.2339, , 
33526,365950,2015127324,6,67,67301,2015,11,5,1706,17,3,2,1,1,1, , ,N,0,8,3,3,0,1,3,2,N,N,39 57:14.137,75 08:24.600,1708, ,1707, ,0, ,N, ,3, , , , , , , , , ,2,0,0,0,0,0,1,1,0,0,1,0,1,0,0,0,0,0,0,0,0,0,0,0,0,0,0,0,0,0,0,0,0,0,0,3,0,39.9539,-75.1402, , 
33527,365952,2015128524,6,67,67301,2015,11,4,1245,12,1,1,0,1,1, , ,N,1,2,0,3,0,2,4,3,N,N,40 03:16.700,75 08:58.941,1245, ,1245, ,0, ,N, ,3, , , , , , , , , ,3,3,0,0,0,0,0,0,0,0,0,2,2,0,0,0,0,0,0,0,0,0,0,2,0,0,0,0,0,0,0,0,0,0,0,4,0,40.0546,-75.1497, , 
33528,365953,2015128587,6,67,67301,2015,11,1,236,2,3,1,0,6,6, , ,N,0,0,0,3,0,1,1,3,N,N,39 57:49.010,75 11:58.956,236, ,236, ,0, , , ,0, , , , , , , , , ,3,1,0,0,0,0,2,0,0,0,0,0,1,1,0,0,0,0,0,0,0,0,0,0,0,0,0,0,0,0,0,0,0,0,0,8,0,39.9636,-75.1997, , 
33529,365958,2015135886,6,67,67301,2015,12,4,2110,21,3,1,0,5,6, , ,N,0,0,0,3,0,1,2,2,N, ,39 59:11.958,75 09:13.842,655, ,9999, ,0, , , ,0, , , , , , , , , ,2,1,0,0,0,0,1,0,0,0,0,0,1,1,0,0,0,0,0,0,0,0,0,1,0,0,0,0,0,0,0,0,0,0,0,8,0,39.9867,-75.1538, , 
33530,365970,2015128602,6,67,67301,2015,11,5,2207,22,3,1,0,1,1, , ,N,0,0,0,3,0,1,3,2,N,N,40 01:33.534,75 07:11.867,2207, ,2205,1,1,1,N, ,0,N, , , , , , , , ,2,2,0,0,0,0,0,0,0,0,0,0,1,1,0,0,0,0,0,0,0,0,0,2,0,0,0,0,0,0,0,0,0,0,0,8,0,40.026,-75.12, , 
33531,365978,2016002373,6,67,67301,2015,12,6,1820,18,3,1,0,4,1, , ,N,1,2,0,3,0,1,3,2,N,N,40 02:12.634,75 02:25.798,1840, ,1835, ,0, ,N, ,3, , , , , , , , , ,2,1,0,1,0,0,0,0,0,0,1,0,1,0,0,0,0,0,0,0,1,0,0,0,0,0,0,0,0,0,0,0,0,0,0,3,1,40.0368,-75.0405, , 
33532,365986,2015130076,6,67,67301,2015,11,3,1400,14,1,2,1,1,1, , ,N,1,2,0,3,0,2,2,2,N,N,40 08:03.425,75 00:32.780,1410, ,1402, ,0, ,N, ,3, , , , , , , , , ,2,0,0,0,0,0,2,0,0,0,0,0,2,2,0,0,0,0,0,0,1,0,0,0,0,0,0,0,0,0,0,0,0,0,0,8,0,40.1343,-75.0091, , 
33533,365989,2016014306,6,67,67301,2015,12,4,1800,18,3,1,0,1,1, , ,N,0,0,0,3,0,3,4,2,N,N,40 03:19.600,75 08:58.320,0, ,0, ,0, ,N, ,0, , , , , , , , , ,2,2,0,0,0,0,0,0,0,0,3,0,3,0,1,0,0,0,0,0,0,0,0,0,0,0,0,0,0,0,0,0,0,0,0,3,0,40.0554,-75.1495, , 
33534,365994,2015066157,6,67,67301,2015,6,4,835,8,1,1,0,7,4, , ,N,0,0,0,3,0,0,1,2,N,N,40 00:45.806,75 07:03.932,921, ,919, ,0, ,N, ,0, , , , , , , , , ,1,1,0,0,0,0,0,0,0,0,0,0,0,0,0,0,0,0,0,0,0,0,0,0,0,0,0,0,0,0,0,0,0,0,0,0,0,40.0127,-75.1178, , 
33535,365999,2015069661,6,67,67301,2015,6,2,600,6,1,2,1,4,1, , ,N,5,2,0,3,0,1,3,2,N, ,39 57:16.308,75 08:58.375,612, ,610, ,0, , , ,3, , , , , , , , , ,2,1,0,0,0,0,0,1,0,0,0,1,1,0,0,0,0,0,0,0,1,0,0,0,0,0,0,0,0,0,0,0,0,0,0,4,0,39.9547,-75.1495, , 
33536,366009,2015075700,6,67,67301,2015,7,5,1225,12,1,1,0,4,1, , ,N,1,2,0,3,0,1,2,2,N, ,40 05:12.685,74 58:19.097,1735, ,1725, ,0, , , ,3, , , , , , , , , ,2,2,0,0,0,0,0,0,0,0,0,1,1,0,0,0,0,0,0,0,0,0,0,1,0,0,0,0,0,0,0,0,0,0,0,4,0,40.0868,-74.9718, , 
33537,368895,2015116793,6,67,67301,2015,10,6,1426,14,1,2,1,1,1, , ,N,0,0,0,3,0,2,4,3,N,N,40 02:35.107,75 00:11.917,1522, ,1428, ,0, ,N, ,0, , , , , , , , , ,3,1,0,0,2,0,0,0,0,0,1,1,2,0,0,0,0,0,0,0,0,0,0,0,0,0,0,0,0,0,0,0,0,0,0,3,0,40.0431,-75.0033, , 
33538,368899,2015119705,6,67,67301,2015,9,7,2357,23,3,1,0,7,5, , ,N,0,0,0,3,0,0,1,1,N,N,39 56:46.417,75 08:32.858,3, ,2358, ,0, ,N, ,0, , , , , , , , , ,1,1,0,0,0,0,0,0,0,0,0,0,0,0,1,0,0,0,0,0,0,0,0,0,0,0,0,0,0,0,0,0,0,0,0,9,0,39.9462,-75.1425, , 
33539,368913,2016002595,6,67,67301,2015,12,3,2039,20,3,1,0,4,1, , ,N,1,3,0,3,0,1,2,2,N, ,39 55:06.740,75 09:50.342,2126, ,2123, ,0, , , ,3, , , , , , , , , ,2,1,0,0,0,0,1,0,0,0,0,0,1,1,0,0,0,0,0,1,1,0,0,1,0,0,0,0,0,0,0,0,0,0,0,8,0,39.9185,-75.164, , 
33540,368915,2016012464,6,67,67301,2015,12,7,2354,23,3,2,1,9,1, , ,N,0,0,0,3,0,0,2,2,N,N,40 00:12.100,75 07:45.500,2358, ,2354, ,0, , , ,0, , , , , , , , , ,2,1,0,0,0,0,0,0,0,0,0,0,0,0,2,0,0,0,0,0,0,0,0,0,0,0,0,0,0,0,0,0,0,0,0,9,0,40.0034,-75.1293, , 
33541,368928,2015117676,6,67,67301,2015,10,6,1300,13,1,1,0,8,1, , ,N,1,2,0,3,0,1,2,2,N, ,39 57:01.433,75 09:36.847,1745, ,1739, ,0, , , ,3, , , , , , , , , ,1,0,0,0,0,0,1,0,0,1,0,0,1,0,0,0,0,0,0,0,0,0,0,0,0,0,0,0,0,0,0,0,1,0,1,2,0,39.9504,-75.1601, , 
33542,368935,2015128620,6,67,67301,2015,11,1,1215,12,1,1,0,1,6, , ,N,0,0,0,3,0,1,1,2,N,N,40 03:24.928,75 00:38.023,1222, ,1217, ,0, ,N, ,0, , , , , , , , , ,2,1,0,0,0,0,1,0,0,0,0,1,1,0,0,0,0,0,0,0,0,0,0,0,0,0,0,0,0,0,0,0,0,0,0,4,0,40.0569,-75.0106, , 
33543,368936,2015128641,6,67,67301,2015,11,3,1745,17,3,1,0,4,1, , ,N,0,3,7,3,0,1,3,2,N,N,40 04:03.764,75 00:16.853,1753, ,1751, ,0, ,N, ,3, , , , , , , , , ,2,1,0,0,0,0,1,0,0,0,0,1,1,0,0,0,0,0,0,1,0,0,1,0,0,0,0,0,0,0,0,0,0,0,0,4,0,40.0677,-75.0047, , 
33544,368938,2015131333,6,67,67301,2015,12,7,1902,19,3,1,0,4,1, , ,N,1,3,0,3,0,1,3,2,N, ,40 03:57.202,75 10:35.464,1932, ,1919, ,0, , , ,3, , , , , , , , , ,2,1,0,0,0,0,1,0,0,0,0,0,1,1,2,0,0,0,0,0,1,0,0,0,0,0,0,0,0,0,0,0,0,0,0,8,0,40.0659,-75.1765, , 
33545,368939,2015133756,6,67,67301,2015,11,2,9999,99,1,2,0,1,1, , ,N,0,2,0,3,0,1,7,5,N,N,39 58:41.283,75 10:11.574,0, ,9999, ,0, ,N, ,3, , , , , , , , , ,5,2,0,0,1,0,2,0,0,0,0,1,1,0,0,0,0,0,0,0,0,0,0,0,0,0,0,0,0,0,0,0,0,0,0,4,0,39.9781,-75.1699, , 
33546,368957,2015109290,6,67,67301,2015,10,6,115,1,3,1,0,5,6, , ,N,0,0,0,3,0,1,4,2,N,N,39 59:47.473,75 06:50.143,231, ,227, ,0, ,N, ,0, , , , , , , , , ,2,1,0,0,1,0,0,0,0,0,0,1,1,0,0,0,0,0,1,0,0,0,0,0,0,0,0,0,0,0,0,0,0,0,0,4,0,39.9965,-75.1139, , 
33547,368975,2015131239,6,67,67301,2015,11,2,1030,10,1,1,0,4,1, , ,N,1,3,0,3,0,0,2,2,N, ,40 03:05.418,75 05:07.324,1037, ,1032, ,0, , , ,3, , , , , , , , , ,2,2,0,0,0,0,0,0,0,0,0,0,0,0,0,0,0,0,0,0,1,0,0,0,0,0,0,0,0,0,0,0,0,0,0,0,0,40.0515,-75.0854, , 
33548,369017,2015128636,6,67,67301,2015,11,2,1532,15,1,1,0,4,1, , ,N,2,2,2,3,0,2,2,2,N,N,39 54:43.084,75 09:01.758,1610, ,1602, ,0, ,N, ,3, , , , , , , , , ,2,0,0,0,0,0,2,0,0,0,0,0,2,2,0,0,0,0,0,0,0,0,0,0,0,0,0,0,0,0,0,0,0,0,0,8,0,39.912,-75.1505, , 
33549,369021,2015131265,6,67,67301,2015,11,7,144,1,3,1,0,2,1, , ,N,1,2,0,3,0,1,4,2,N,Y,40 02:49.639,75 05:52.794,144, ,144,1,2,5,N, ,3,Y, , , , , , , , ,2,1,0,0,0,0,1,0,0,0,0,0,1,1,0,0,0,0,0,0,0,0,0,0,0,0,0,0,0,0,0,0,0,0,0,8,0,40.0471,-75.098, , 
33550,369033,2016008173,6,67,67301,2015,12,3,1415,14,1,1,0,8,1, , ,N,0,0,0,3,0,1,2,2,N,N,39 57:14.778,75 09:28.411,9999, ,9999, ,0, ,N, ,0, , , , , , , , , ,1,1,0,0,0,0,0,0,1,0,1,0,1,0,1,0,0,0,0,0,0,0,0,0,0,0,0,0,0,0,0,0,0,0,0,3,0,39.9541,-75.1579, , 
33551,369035,2016012358,6,67,67301,2015,12,7,1830,18,3,1,0,8,1, , ,N,2,0,0,3,1,0,5,3,N,N,40 07:20.334,75 00:47.260,1840, ,1832,3,2,6,N,0,0,Y, , , , , , , , ,2,1,0,0,0,0,0,1,0,0,0,0,0,0,0,0,0,0,0,1,1,0,0,0,0,0,0,0,0,0,0,0,1,1,0,1,0,40.1223,-75.0131,2, 
33552,369036,2016012878,6,67,67301,2015,7,4,1845,18,1,2,1,1,1, , ,N,0,0,0,3,0,1,2,2,N,N,40 00:49.904,75 07:32.992,0, ,0, ,0, ,N, ,0, , , , , , , , , ,2,2,0,0,0,0,0,0,0,0,0,0,1,1,0,0,0,0,0,0,0,0,0,0,0,0,0,0,0,0,0,0,0,0,0,8,0,40.0139,-75.1258, , 
33553,369056,2015128705,6,67,67301,2015,11,7,1515,15,1,1,0,1,7, , ,N,6,0,2,3,0,4,5,2,N,N,40 00:47.390,75 10:49.073,1540, ,1526, ,0, ,N, ,0, , , , , , , , , ,2,0,0,0,0,0,2,0,0,0,0,0,4,4,0,0,0,0,0,1,0,0,0,1,0,0,0,0,0,0,0,0,0,0,0,8,0,40.0137,-75.1796, , 
33554,369068,2015112119,6,67,67301,2015,9,5,840,8,1,1,0,8,1, , ,N,0,0,0,3,0,1,2,2,N, ,40 02:23.206,75 01:38.869,855, ,847, ,0, , , ,0, , , , , , , , , ,1,1,0,0,0,0,0,0,0,0,1,0,1,0,0,0,0,0,0,0,0,0,0,0,0,0,0,0,0,0,0,0,1,0,0,3,0,40.0398,-75.0275, , 
33555,360006,2015130364,6,67,67301,2015,11,4,1535,15,1,1,0,8,1, , ,N,1,2,0,3,0,1,2,2,N,N,40 01:06.607,75 03:27.456,1543, ,1540,3,1,1,N, ,3,N, , , , , , , , ,1,0,0,0,0,1,0,0,0,0,0,0,1,1,0,0,0,0,0,0,1,0,0,0,0,0,0,0,0,0,0,0,1,0,0,8,1,40.0185,-75.0576, , 
33556,360023,2015088740,6,67,67301,2015,8,3,1150,11,1,2,1,4,1, , ,N,1,2,0,3,0,2,2,2,N,N,40 02:49.750,75 04:51.470,1210, ,1157, ,0, ,N, ,3, , , , , , , , , ,2,2,0,0,0,0,0,0,0,0,0,0,2,2,0,0,0,0,0,0,0,0,0,0,0,0,0,0,0,0,0,0,0,0,0,8,0,40.0472,-75.081, , 
33557,360024,2015092563,6,67,67301,2015,8,2,2317,23,3,1,0,7,2, , ,N,0,0,0,3,0,1,1,1,N,N,39 57:07.348,75 10:56.759,2328, ,2318,1,1,3,N, ,0,N, , , , , , , , ,1,1,0,0,0,0,0,0,0,0,0,1,1,0,0,0,0,0,0,0,0,0,0,0,0,0,0,0,0,0,0,0,0,0,0,4,0,39.952,-75.1824, , 
33558,360037,2015111714,6,67,67301,2015,10,7,1445,14,1,1,0,5,6, , ,N,0,0,0,3,0,0,1,3,N,N,40 02:53.732,75 08:33.409,1520, ,1519, ,0, ,N, ,0, , , , , , , , , ,3,2,0,0,0,0,0,1,0,0,0,0,0,0,0,0,0,0,0,0,1,0,0,0,0,0,0,0,0,0,0,0,0,0,0,0,0,40.0483,-75.1426, , 
33559,360044,2015130261,6,67,67301,2015,11,2,1745,17,3,1,0,4,1, , ,N,1,3,0,3,0,0,3,3,N,N,39 57:44.283,75 12:02.720,1830, ,1830, ,0, ,N, ,3, , , , , , , , , ,3,1,0,0,1,0,0,1,0,0,0,0,0,0,0,0,0,0,0,0,1,1,0,0,0,0,0,0,0,0,0,0,0,0,0,0,0,39.9623,-75.2008, , 
33560,360054,2016013247,6,67,67301,2015,7,6,1000,10,1,1,0,1,1, , ,N,0,0,0,3,0,1,2,2,N,N,39 58:59.189,75 12:22.628,0, ,0, ,0, ,N, ,0, , , , , , , , , ,2,1,0,0,0,0,0,0,0,0,1,0,1,0,0,0,0,0,0,0,0,0,0,0,0,0,0,0,0,0,0,0,0,0,0,3,0,39.9831,-75.2063, , 
33561,360082,2015095138,6,67,67301,2015,9,7,1930,19,1,1,0,8,1, , ,N,1,3,0,3,0,1,2,2,N, ,39 54:59.306,75 09:28.681,2201, ,2200, ,0, , , ,3, , , , , , , , , ,1,1,0,0,0,0,0,0,0,0,0,1,1,0,0,0,0,0,0,0,0,0,0,1,0,0,0,0,0,0,0,0,1,0,0,4,0,39.9165,-75.158, , 
33562,360086,2015099081,6,67,67301,2015,9,1,1100,11,1,1,0,1,6, , ,N,0,0,0,3,0,1,1,4,N,N,39 59:27.913,75 08:41.947,1112, ,1109, ,0, ,N, ,0, , , , , , , , , ,4,2,0,0,0,0,1,1,0,0,0,1,1,0,0,0,0,0,0,0,0,0,0,1,0,0,0,0,0,0,0,0,0,0,0,4,0,39.9911,-75.145, , 
33563,360092,2015103313,6,67,67301,2015,9,5,1929,19,3,1,0,8,1, , ,N,1,0,0,3,0,1,2,2,N, ,40 01:47.287,75 13:43.661,1934, ,1932, ,0, , , ,0, , , , , , , , , ,1,1,0,0,0,0,0,0,0,0,0,0,1,1,0,0,0,0,0,0,1,0,0,0,0,0,0,0,0,0,0,0,1,0,0,8,0,40.0298,-75.2288, , 
33564,360107,2015103348,6,67,67301,2015,10,5,1545,15,1,1,0,1,1, , ,N,0,0,0,3,0,1,2,2,N,N,40 00:11.967,75 09:08.712,1605, ,1600, ,0, ,N, ,0, , , , , , , , , ,2,2,0,0,0,0,0,0,0,0,0,0,1,1,0,0,0,0,0,0,1,0,1,0,0,0,0,0,0,0,0,0,0,0,0,8,0,40.0033,-75.1524, , 
33565,360126,2015077843,6,67,67301,2015,7,1,306,3,3,1,0,5,1, , ,N,0,0,0,3,1,0,2,5,N,N,40 01:33.132,75 06:35.708,318, ,306, ,0, ,N,9,0, , , , , , , , , ,5,3,1,0,1,0,0,0,0,0,0,0,0,0,0,0,0,0,0,1,0,0,0,0,0,0,0,0,1,0,0,0,0,0,0,1,0,40.0259,-75.1099,2, 
33566,360130,2015084453,6,67,67301,2015,7,6,1344,13,1,1,0,4,1, , ,N,1,3,0,3,0,1,2,2,N,N,39 57:28.627,75 13:38.423,1400, ,1403, ,0, ,N, ,3, , , , , , , , , ,2,1,0,0,0,0,1,0,0,0,0,1,1,0,0,0,0,0,0,0,0,0,0,0,0,0,0,0,0,0,0,0,0,0,0,4,0,39.958,-75.2273, , 
33567,360134,2015088667,6,67,67301,2015,8,4,2130,21,3,1,0,8,1, , ,N,1,0,0,3,0,1,2,2,N,N,40 01:49.407,75 08:59.762,200, ,200, ,0, ,N, ,0, , , , , , , , , ,1,1,0,0,0,0,0,0,0,0,0,1,1,0,1,0,0,0,0,0,0,0,0,0,0,0,0,0,0,0,0,0,1,0,0,4,0,40.0304,-75.1499, , 
33568,360161,2015135916,6,67,67301,2015,11,2,1030,10,1,1,0,1,1, , ,N,2,2,0,3,0,2,2,2,N,N,39 58:34.521,75 12:33.579,1045, ,1030, ,0, ,N, ,3, , , , , , , , , ,2,1,0,1,0,0,0,0,0,0,0,0,2,2,0,0,0,0,0,0,0,0,0,1,0,0,0,0,0,0,0,0,0,0,0,8,1,39.9762,-75.2093, , 
33569,360163,2015102390,6,67,67301,2015,9,4,1530,15,1,1,0,1,1, , ,N,1,2,0,3,0,2,3,2,N,N,39 57:38.428,75 08:28.873,1537, ,1532, ,0, ,N, ,3, , , , , , , , , ,2,1,0,0,0,0,1,0,0,0,0,2,2,0,0,0,0,0,0,0,1,0,0,0,0,0,0,0,0,0,0,0,0,0,0,4,0,39.9606,-75.1414, , 
33570,360183,2015130079,6,67,67301,2015,11,4,1700,17,3,1,0,4,1, , ,N,1,2,0,3,0,0,3,3,N, ,40 05:45.060,75 01:30.586,1703, ,1701, ,0, , , ,3, , , , , , , , , ,3,3,0,0,0,0,0,0,0,0,0,0,0,0,0,0,0,0,0,0,1,0,0,0,0,0,0,0,0,0,0,0,0,0,0,0,0,40.0959,-75.0252, , 
33571,360187,2015131320,6,67,67301,2015,11,2,835,8,3,2,1,8,1, , ,N,1,2,0,3,0,1,2,2,N,N,39 55:33.806,75 10:57.867,837, ,835,2,2,1,N, ,3,Y, , , , , , , , ,1,1,0,0,0,0,0,0,0,0,0,1,1,0,0,0,0,0,0,0,0,0,0,1,0,0,0,0,0,0,0,0,1,0,0,4,0,39.926,-75.1826, , 
33572,360202,2015060717,6,67,67301,2015,5,3,1808,18,1,1,0,4,1, , ,N,0,0,0,3,0,0,2,2,N,N,39 56:21.636,75 08:35.733,1825, ,1820, ,0, ,N, ,0, , , , , , , , , ,2,2,0,0,0,0,0,0,0,0,0,0,0,0,0,0,0,0,0,0,1,0,0,0,0,0,0,0,0,0,0,0,0,0,0,0,0,39.9393,-75.1433, , 
33573,360218,2015124784,6,67,67301,2015,11,4,46,0,3,1,0,7,7, , ,N,7,0,2,3,1,0,1,1,N,N,39 56:48.978,75 11:16.980,52, ,47,3,2,4,N,0,0,Y, , , , , , , , ,1,1,0,0,0,0,0,0,0,0,0,0,0,0,0,0,0,0,0,0,0,0,0,0,0,0,0,0,0,0,0,0,0,0,0,1,0,39.9469,-75.1881,2, 
33574,362937,2015128048,6,67,67301,2015,11,7,2225,22,3,1,0,7,3, , ,N,1,2,0,3,1,1,3,3,N,N,40 04:16.241,75 02:17.269,2300, ,2226,4,2,7, ,0,3,Y, , , , , , , , ,3,2,0,0,0,0,1,0,0,0,0,0,1,1,0,0,0,0,1,0,1,0,0,0,0,0,0,0,0,0,0,0,0,0,0,1,0,40.0712,-75.0381,2, 
33575,362944,2016007513,6,67,67301,2015,12,5,1846,18,4,2,1,1,1, , ,N,1,2,0,3,0,0,2,2,N,N,40 04:14.015,75 11:04.774,2040, ,2035, ,0, ,N, ,3, , , , , , , , , ,2,2,0,0,0,0,0,0,0,0,0,0,0,0,0,0,0,0,0,0,0,1,0,0,0,0,0,0,0,0,0,0,0,0,0,0,0,40.0706,-75.1847, , 
33576,362945,2016007683,6,67,67301,2015,12,2,2215,22,6,2,1,5,1, , ,N,6,0,2,3,0,0,2,2,N, ,40 00:34.498,75 11:14.124,9999, ,0, ,0, , , ,0, , , , , , , , , ,2,2,0,0,0,0,0,0,0,0,0,0,0,0,0,0,0,0,0,0,0,0,0,0,0,0,0,0,0,0,0,0,0,0,0,0,0,40.0096,-75.1873, , 
33577,362964,2015133725,6,67,67301,2015,11,7,220,2,2,1,1,7,4, , ,N,0,0,0,3,0,0,1,1,N,N,39 57:52.623,75 13:55.649,220, ,220, ,0, ,N, ,0, , , , , , , , , ,1,1,0,0,0,0,0,0,0,0,0,0,0,0,0,0,0,0,0,0,0,0,0,0,0,0,0,0,0,0,0,0,0,0,0,0,0,39.9646,-75.2321, , 
33578,362966,2015135848,6,67,67301,2015,12,5,810,8,1,1,0,5,1, , ,N,2,2,0,3,0,0,2,2,N, ,39 57:11.353,75 14:55.491,835, ,828, ,0, , , ,3, , , , , , , , , ,2,1,0,0,0,0,1,0,0,0,0,0,0,0,0,0,0,0,0,0,1,0,0,0,0,0,0,0,0,0,0,0,0,0,0,0,0,39.9532,-75.2487, , 
33579,362977,2015067942,6,67,67301,2015,6,3,1255,12,1,1,0,5,1, , ,N,6,0,2,3,0,2,4,2,N,N,40 00:34.498,75 11:14.124,1310, ,1258, ,0, ,N, ,0, , , , , , , , , ,2,1,0,0,0,0,0,1,0,0,0,2,2,0,0,0,0,0,0,0,0,0,0,0,0,0,0,0,0,0,0,0,0,0,0,4,0,40.0096,-75.1873, , 
33580,362983,2015072900,6,67,67301,2015,6,1,735,7,1,1,1,7,2, , ,N,0,0,0,3,0,1,1,1,N,N,39 57:43.287,75 10:57.950,738, ,735, ,0, ,N, ,0, , , , , , , , , ,1,1,0,0,0,0,0,0,0,0,0,1,1,0,0,0,0,0,0,0,0,0,0,0,0,0,0,0,0,0,0,0,0,0,0,4,0,39.962,-75.1828, , 
33581,362992,2015087079,6,67,67301,2015,8,5,1305,13,1,1,0,5,6, , ,N,0,0,0,3,0,1,3,2,N, ,39 57:39.066,75 08:53.779,1340, ,1311,9,1,2, , ,0,N, , , , , , , , ,2,2,0,0,0,0,0,0,0,0,0,1,1,0,1,0,0,0,0,0,1,0,0,0,0,0,0,0,0,0,0,0,0,0,0,4,0,39.9609,-75.1483, , 