objectid_1,objectid,crn,district,county,municipality,crash_year,crash_month,day_of_week,time_of_day,hour_of_day,illumination,weather,road_condition,collision_type,relation_to_road,work_zone_type,work_zone_loc,work_zone_ind,intersect_type,tcd_type,location_type,urban_rural,fatal_count,injury_count,person_count,total_units,sch_bus_ind,sch_zone_ind,latitude,longitude,arrival_tm,cons_zone_spd_lim,dispatch_tm,est_hrs_closed,lane_closed,ln_close_dir,ntfy_hiwy_maint,spec_juris_cd,tcd_func_cd,tfc_detour_ind,workers_pres,wz_close_detour,wz_flagger,wz_law_offcr_ind,wz_ln_closure,wz_moving,wz_other,wz_shlder_mdn,vehicle_count,automobile_count,motorcycle_count,bus_count,small_truck_count,heavy_truck_count,suv_count,van_count,bicycle_count,maj_inj_count,mod_inj_count,min_inj_count,tot_inj_count,unk_inj_deg_count,unk_inj_per_count,driver_count_16yr,driver_count_17yr,driver_count_18yr,driver_count_19yr,driver_count_20yr,driver_count_50_64yr,driver_count_65_74yr,driver_count_75plus,unbelted_occ_count,unb_death_count,unb_maj_inj_count,belted_death_count,belted_maj_inj_count,mcycle_death_count,mcycle_maj_inj_count,bicycle_death_count,bicycle_maj_inj_count,ped_count,ped_death_count,ped_maj_inj_count,max_severity_level,comm_veh_count,dec_lat,dec_long,rdwy_surf_type_cd,county_name
33717,360488,2015130066,6,67,67301,2015,11,3,1033,10,1,2,1,8,1, , ,N,1,2,0,3,0,1,2,2,N,N,40 02:23.373,75 08:40.028,1037, ,1035, ,0, ,N, ,3, , , , , , , , , ,1,1,0,0,0,0,0,0,0,0,0,1,1,0,0,0,0,0,0,0,0,0,0,0,0,0,0,0,0,0,0,0,1,0,0,4,0,40.0398,-75.1445, , 
33718,360493,2016001589,6,67,67301,2015,12,7,2348,23,3,6,1,7,7, , ,N,0,0,0,3,0,0,3,1,N,N,39 57:39.379,75 10:54.883,13, ,2354,1,1,4,Y, ,0,N, , , , , , , , ,1,1,0,0,0,0,0,0,0,0,0,0,0,0,0,0,0,0,0,1,0,0,0,0,0,0,0,0,0,0,0,0,0,0,0,0,0,39.9609,-75.1819, , 
33719,360494,2016013676,6,67,67301,2015,8,6,1500,15,1,1,0,1,1, , ,N,0,0,0,3,0,1,4,2,N,N,40 04:45.935,75 13:30.007,0, ,0, ,0, ,N, ,0, , , , , , , , , ,2,2,0,0,0,0,0,0,0,0,1,0,1,0,0,0,0,0,0,0,0,1,0,0,0,0,0,0,0,0,0,0,0,0,0,3,0,40.0794,-75.225, , 
33720,363294,2015085276,6,67,67301,2015,8,6,2315,23,3,1,0,1,1, , ,N,1,2,0,3,0,2,3,2,N, ,40 03:47.229,75 01:19.196,10, ,2, ,0, , , ,2, , , , , , , , , ,2,2,0,0,0,0,0,0,0,0,0,2,2,0,0,0,0,0,0,0,0,0,0,0,0,0,0,0,0,0,0,0,0,0,0,4,0,40.0631,-75.022, , 
33721,363296,2015087004,6,67,67301,2015,3,3,1830,18,3,2,1,1,1, , ,N,2,3,0,3,0,3,4,2,N,N,39 54:26.334,75 13:41.041,0, ,0, ,0, ,N, ,3, , , , , , , , , ,2,1,0,0,0,0,0,0,0,3,0,0,3,0,0,0,0,0,0,0,0,0,0,0,0,0,0,3,0,0,0,0,0,0,0,2,0,39.9073,-75.2281, , 
33722,363297,2015087472,6,67,67301,2015,5,6,1638,16,1,1,0,1,1, , ,N,1,3,0,3,0,1,3,3,N,N,40 00:34.427,75 09:13.095,0, ,0, ,0, ,N, ,3, , , , , , , , , ,3,1,0,0,0,0,0,0,0,0,0,0,1,1,0,0,0,0,0,0,0,0,0,0,0,0,0,0,0,0,0,0,0,0,0,8,0,40.0096,-75.1536, , 
33723,363328,2015130218,6,67,67301,2015,11,3,825,8,1,1,0,4,1, , ,N,1,3,0,3,0,1,2,2,N,N,39 59:32.200,75 07:11.866,838, ,829, ,0, ,N, ,3, , , , , , , , , ,2,1,0,0,0,0,0,1,0,0,0,0,1,1,0,0,0,0,0,0,0,0,0,0,0,0,0,0,0,0,0,0,0,0,0,8,0,39.9923,-75.12, , 
33724,363329,2015131336,6,67,67301,2015,12,6,1213,12,1,1,0,4,1, , ,N,1,2,0,3,0,3,4,2,N,N,40 03:42.905,75 09:47.363,1303, ,1254, ,0, ,N, ,3, , , , , , , , , ,2,2,0,0,0,0,0,0,0,0,0,3,3,0,1,0,0,0,0,0,0,0,1,3,0,0,0,0,0,0,0,0,0,0,0,4,0,40.0619,-75.1632, , 
33725,363332,2015135823,6,67,67301,2015,12,7,2245,22,3,1,0,6,6, , ,N,0,0,0,3,0,0,1,3,N,N,39 57:21.999,75 14:19.579,2250, ,2249, ,0, ,N, ,0, , , , , , , , , ,3,1,0,0,0,0,1,0,0,0,0,0,0,0,0,0,0,0,0,0,0,0,0,1,0,0,0,0,0,0,0,0,0,0,0,0,0,39.9561,-75.2388, , 
33726,363341,2015117956,6,67,67301,2015,11,5,1855,18,3,1,0,1,1, , ,N,0,0,0,3,0,0,5,4,N,N,40 00:27.621,75 12:02.989,1857, ,1855,2,2,4,N, ,0,N, , , , , , , , ,4,4,0,0,0,0,0,0,0,0,0,0,0,0,0,0,0,0,0,0,1,0,0,0,0,0,0,0,0,0,0,0,0,0,0,0,0,40.0077,-75.2008, , 
33727,363346,2015128061,6,67,67301,2015,11,2,1830,18,1,1,0,8,1, , ,N,1,2,0,3,0,2,3,3,N,N,40 03:30.289,75 11:21.948,1955, ,1950, ,0, ,N, ,3, , , , , , , , , ,1,0,0,0,0,0,0,0,0,0,0,0,2,2,0,0,0,0,0,0,0,0,0,0,0,0,0,0,0,0,0,0,2,0,0,8,0,40.0584,-75.1895, , 
33728,363347,2015131327,6,67,67301,2015,12,4,2034,20,3,2,1,4,1, , ,N,1,3,0,3,0,1,2,2,N,N,40 01:08.120,75 02:58.216,2056, ,2046,2,1,4,N, ,3,N, , , , , , , , ,2,2,0,0,0,0,0,0,0,0,0,1,1,0,0,0,0,0,0,0,0,0,0,0,0,0,0,0,0,0,0,0,0,0,0,4,0,40.0189,-75.0495, , 
33729,363358,2016013978,6,67,67301,2015,12,4,1631,16,4,1,0,4,1, , ,N,1,2,0,3,0,0,2,2,N, ,40 00:51.570,75 10:41.163,1640, ,1633, ,0, , , ,3, , , , , , , , , ,2,1,0,0,0,0,1,0,0,0,0,0,0,0,1,0,0,0,0,0,0,0,1,0,0,0,0,0,0,0,0,0,0,0,0,9,0,40.0143,-75.1781, , 
33730,363363,2015099107,6,67,67301,2015,9,6,9999,99,3,1,0,5,6, , ,N,0,0,0,3,0,0,1,2,N, ,39 59:15.247,75 07:53.696,2151, ,2147, ,0, , , ,0, , , , , , , , , ,2,0,0,0,0,0,1,1,0,0,0,0,0,0,0,0,0,0,0,0,1,0,0,0,0,0,0,0,0,0,0,0,0,0,0,0,0,39.9876,-75.1316, , 
33731,363372,2015106406,6,67,67301,2015,9,4,1833,18,1,1,0,8,1, , ,N,0,0,0,3,0,1,2,2,N,N,39 59:04.320,75 10:40.052,1843, ,1840, ,0, ,N, ,0, , , , , , , , , ,1,0,0,0,0,0,1,0,0,0,0,1,1,0,0,0,0,0,0,0,0,0,0,0,0,0,0,0,0,0,0,0,1,0,0,4,0,39.9845,-75.1778, , 
33732,363375,2015112169,6,67,67301,2015,10,3,752,7,1,1,0,4,1, , ,N,1,2,0,3,0,1,3,3,N,N,40 02:12.310,75 02:26.659,801, ,753, ,0, ,N, ,3, , , , , , , , , ,3,1,0,0,0,0,2,0,0,0,0,1,1,0,0,0,0,0,0,0,1,1,0,0,0,0,0,0,0,0,0,0,0,0,0,4,0,40.0368,-75.0407, , 
33733,363383,2015119460,6,67,67301,2015,11,4,210,2,3,2,1,7,4, , ,N,0,0,0,3,0,0,2,2,N,N,39 59:01.415,75 12:29.263,224, ,214,2,2,4,N, ,0,N, , , , , , , , ,2,1,0,0,0,0,1,0,0,0,0,0,0,0,0,0,0,0,0,0,0,0,0,0,0,0,0,0,0,0,0,0,0,0,0,0,0,39.9837,-75.2081, , 
33734,363393,2015056565,6,67,67301,2015,5,1,45,0,3,1,0,4,1, , ,N,1,3,0,3,0,1,2,2,N, ,39 55:06.740,75 09:50.342,54, ,52, ,0, , , ,3, , , , , , , , , ,1,1,0,0,0,0,0,0,1,0,0,1,1,0,0,0,0,0,0,0,0,0,0,0,0,0,0,0,0,0,0,0,0,0,0,4,0,39.9185,-75.164, , 
33735,363401,2015070143,6,67,67301,2015,6,6,2320,23,3,1,0,7,4, , ,N,0,0,0,3,0,0,1,1,N, ,40 01:34.697,75 12:38.567,2330, ,2324, ,0, , , ,0, , , , , , , , , ,1,1,0,0,0,0,0,0,0,0,0,0,0,0,0,0,0,0,0,0,0,0,0,0,0,0,0,0,0,0,0,0,0,0,0,0,0,40.0263,-75.2107, , 
33736,363407,2015073271,6,67,67301,2015,6,1,1,0,3,2,1,1,1, , ,N,1,2,0,3,0,1,3,2,N, ,40 02:12.142,75 02:27.052,12, ,10, ,0, , , ,3, , , , , , , , , ,2,0,0,0,1,0,1,0,0,0,0,1,1,0,0,0,0,0,0,0,0,0,0,0,0,0,0,0,0,0,0,0,0,0,0,4,0,40.0368,-75.0407, , 
33737,363408,2015073697,6,67,67301,2015,6,3,557,5,1,1,0,8,1, , ,N,1,2,0,3,0,1,2,2,N,N,40 00:40.819,75 04:37.389,602, ,600, ,0, ,N, ,3, , , , , , , , , ,1,1,0,0,0,0,0,0,0,0,0,0,1,1,0,0,0,0,0,0,0,1,0,0,0,0,0,0,0,0,0,0,1,0,0,8,0,40.0113,-75.0771, , 
33738,363428,2015091159,6,67,67301,2015,8,6,245,2,3,1,0,7,4,8,8,Y,0,0,0,3,0,1,2,1,N,N,39 59:34.151,75 07:12.504,258,99,251, ,0, ,N, ,0, ,U,U,U,U,U,U,U,U,1,0,0,0,0,0,1,0,0,0,0,0,1,1,0,0,0,0,0,0,0,0,0,0,0,0,0,0,0,0,0,0,0,0,0,8,0,39.9928,-75.1201, , 
33739,366325,2015130328,6,67,67301,2015,11,5,1000,10,1,2,1,8,1, , ,N,0,0,0,3,0,1,2,2,N,N,39 55:02.462,75 12:48.379,1034, ,1031, ,0, ,N, ,0, , , , , , , , , ,1,1,0,0,0,0,0,0,0,0,0,1,1,0,0,0,0,0,0,0,1,0,0,1,0,0,0,0,0,0,0,0,1,0,0,4,0,39.9174,-75.2134, , 
33740,366351,2015115257,6,67,67301,2015,11,3,1752,17,2,1,0,1,1, , ,N,0,0,0,3,0,1,2,2,N,N,40 00:02.736,75 04:45.351,1755, ,1754, ,0, ,N, ,0, , , , , , , , , ,2,0,0,0,0,0,2,0,0,0,0,0,1,1,0,0,0,0,0,0,1,0,0,0,0,0,0,0,0,0,0,0,0,0,0,8,0,40.0008,-75.0793, , 
33741,366366,2015127302,6,67,67301,2015,10,6,2145,21,3,1,0,5,6, , ,N,0,0,0,3,0,0,2,7,N,N,39 56:10.889,75 10:28.024,2146, ,2145,4,2,3,N, ,0,Y, , , , , , , , ,7,6,0,0,0,0,1,0,0,0,0,0,0,0,0,0,0,0,0,0,0,0,0,1,0,0,0,0,0,0,0,0,0,0,0,0,0,39.9364,-75.1745, , 
33742,366376,2016004583,6,67,67301,2015,12,1,259,2,3,6,1,7,2, , ,N,0,0,0,3,0,0,1,1,N,N,39 58:56.890,75 12:27.679,304, ,300,1,1,4,N, ,0,N, , , , , , , , ,1,0,0,0,0,0,1,0,0,0,0,0,0,0,0,0,0,0,0,0,0,0,0,0,0,0,0,0,0,0,0,0,0,0,0,0,0,39.9825,-75.2077, , 
33743,366379,2015118159,6,67,67301,2015,10,2,830,8,1,1,0,1,1, , ,N,0,2,0,3,0,2,4,3,N,N,40 01:19.519,75 08:20.385,845, ,838, ,0, ,N, ,3, , , , , , , , , ,3,2,0,0,0,0,1,0,0,0,0,0,2,2,0,0,0,1,0,0,0,0,0,0,0,0,0,0,0,0,0,0,0,0,0,8,0,40.0221,-75.139, , 
33744,366383,2015120493,6,67,67301,2015,11,5,1012,10,1,2,1,1,1, , ,N,0,0,1,3,0,1,4,3,N,N,39 59:25.440,75 07:28.439,1125, ,1119, ,0, ,N, ,0, , , , , , , , , ,3,1,0,0,1,0,1,0,0,0,0,1,1,0,0,0,0,0,0,0,1,1,0,0,0,0,0,0,0,0,0,0,0,0,0,4,0,39.9904,-75.1246, , 
33745,366464,2015120504,6,67,67301,2015,10,5,1800,18,3,1,0,5,6, , ,N,0,0,0,3,0,4,6,2,N,N,39 57:08.1,75 08:48.6,1805, ,1800, ,0, ,N, ,0, , , , , , , , , ,2,1,0,1,0,0,0,0,0,0,0,1,4,3,0,0,0,0,0,0,1,0,0,0,0,0,0,0,0,0,0,0,0,0,0,4,1,39.9523,-75.1468, , 
33746,366465,2015121011,6,67,67301,2015,10,7,1000,10,1,1,0,8,1, , ,N,2,0,0,3,0,1,2,2,N,N,39 55:09.246,75 09:20.757,1005, ,1000,1,2,1,N, ,0,Y, , , , , , , , ,1,1,0,0,0,0,0,0,0,0,0,0,1,1,0,0,0,0,0,0,1,0,0,0,0,0,0,0,0,0,0,0,1,0,0,8,0,39.9192,-75.1558, , 
33747,366469,2015130055,6,67,67301,2015,11,6,1349,13,1,1,0,2,1, , ,N,0,0,0,3,0,1,2,2,Y, ,40 02:00.060,75 09:03.084,1353, ,1350, ,0, , , ,0, , , , , , , , , ,2,0,0,1,0,0,1,0,0,0,1,0,1,0,0,0,0,0,0,0,0,0,0,0,0,0,0,0,0,0,0,0,0,0,0,3,1,40.0334,-75.1509, , 
33748,366470,2015130362,6,67,67301,2015,11,5,1525,15,1,9,0,4,1, , ,N,1,2,0,3,0,0,5,2,N,N,39 59:08.812,75 12:56.169,1530, ,1530, ,0, , , ,3, , , , , , , , , ,2,1,0,0,0,0,1,0,0,0,0,0,0,0,0,0,0,0,0,0,0,0,0,0,0,0,0,0,0,0,0,0,0,0,0,0,0,39.9858,-75.2156, , 
33749,366483,2016013152,6,67,67301,2015,9,3,1215,12,1,1,0,1,1, , ,N,1,2,0,3,0,1,2,2,N,N,40 02:48.484,75 08:15.133,0, ,0, ,0, ,N, ,3, , , , , , , , , ,2,2,0,0,0,0,0,0,0,0,1,0,1,0,1,0,0,0,0,0,2,0,0,0,0,0,0,0,0,0,0,0,0,0,0,3,0,40.0468,-75.1375, , 
33750,366490,2015128555,6,67,67301,2015,11,2,1810,18,3,1,0,5,6, , ,N,0,0,0,3,0,1,1,2,N,N,40 02:09.162,75 11:09.755,1815, ,1811, ,0, ,N, ,0, , , , , , , , , ,2,2,0,0,0,0,0,0,0,0,0,0,1,1,0,0,0,0,0,0,0,0,0,1,0,0,0,0,0,0,0,0,0,0,0,8,0,40.0359,-75.186, , 
33751,366492,2015129089,6,67,67301,2015,11,1,1339,13,1,1,0,1,1, , ,N,0,0,0,3,0,1,2,2,N,N,39 56:41.838,75 11:27.462,1342, ,1339, ,0, ,N, ,0, , , , , , , , , ,2,1,0,0,1,0,0,0,0,0,0,1,1,0,0,0,0,0,0,0,0,0,0,0,0,0,0,0,0,0,0,0,0,0,0,4,0,39.945,-75.191, , 
33752,366498,2015136778,6,67,67301,2015,12,7,705,7,1,1,0,1,1, , ,N,0,0,0,3,0,0,1,3,N,N,40 05:55.968,75 03:40.147,708, ,705,1,1,4,N, ,0,N, , , , , , , , ,3,1,0,0,0,0,1,1,0,0,0,0,0,0,0,0,0,0,0,0,0,0,0,0,0,0,0,0,0,0,0,0,0,0,0,0,0,40.0989,-75.0612, , 
33753,366506,2015099041,6,67,67301,2015,9,3,1120,11,1,1,0,4,1, , ,N,0,0,7,3,0,2,2,2,N, ,39 55:12.176,75 12:47.102,1133, ,1125, ,0, , , ,0, , , , , , , , , ,2,2,0,0,0,0,0,0,0,0,0,2,2,0,0,0,0,0,0,0,0,0,0,0,0,0,0,0,0,0,0,0,0,0,0,4,0,39.92,-75.2131, , 
33754,366527,2015128600,6,67,67301,2015,11,5,1037,10,1,2,1,5,1, , ,N,2,0,0,3,0,0,3,2,N,N,40 01:14.225,75 08:55.554,1043, ,1040, ,0, , , ,0, , , , , , , , , ,2,1,0,0,0,0,0,1,0,0,0,0,0,0,0,0,0,0,0,0,0,0,0,0,0,0,0,0,0,0,0,0,0,0,0,0,0,40.0208,-75.1486, , 
33755,366540,2015133894,6,67,67301,2015,12,3,1728,17,3,1,1,5,1, , ,N,0,0,3,3,0,2,5,2,N,N,39 53:35.012,75 11:48.267,1735, ,1728,1,1,2,N, ,0,N, , , , , , , , ,2,2,0,0,0,0,0,0,0,0,0,2,2,0,0,0,0,0,0,1,0,0,0,0,0,0,0,0,0,0,0,0,0,0,0,4,0,39.8931,-75.1967, , 
33756,366542,2016001021,6,67,67301,2015,12,6,1549,15,1,1,0,8,1, , ,N,0,0,7,3,0,1,2,2,N, ,40 04:27.779,75 05:05.293,1705, ,1703, ,0, , , ,0, , , , , , , , , ,1,0,0,0,1,0,0,0,0,0,1,0,1,0,0,0,0,0,0,1,0,0,0,0,0,0,0,0,0,0,0,0,1,0,0,3,0,40.0744,-75.0848, , 
33757,366544,2016002968,6,67,67301,2015,12,3,640,6,3,2,1,6,1, , ,N,0,0,0,3,0,0,2,2,N,N,40 01:44.200,75 11:25.200,655, ,645,1,2,1,N, ,0,N, , , , , , , , ,2,1,0,0,0,0,1,0,0,0,0,0,0,0,0,0,0,0,0,0,1,0,0,0,0,0,0,0,0,0,0,0,0,0,0,0,0,40.0289,-75.1903, , 
33758,369084,2015097613,6,67,67301,2015,9,6,1606,16,1,1,0,1,1, , ,N,0,0,0,3,0,0,3,2,N,N,39 57:31.220,75 10:05.391,1626, ,1607,1,1,4,N, ,0,N, , , , , , , , ,2,2,0,0,0,0,0,0,0,0,0,0,0,0,0,0,0,0,0,0,0,0,0,0,0,0,0,0,0,0,0,0,0,0,0,0,0,39.9587,-75.1682, , 
33759,369094,2015101999,6,67,67301,2015,9,6,1820,18,1,1,0,4,4, , ,N,1,2,0,3,0,1,2,3,N,N,39 59:29.442,75 08:10.101,1830, ,1825, ,0, ,N, ,3, , , , , , , , , ,3,3,0,0,0,0,0,0,0,0,0,0,1,1,0,0,0,0,0,0,0,0,0,0,0,0,0,0,0,0,0,0,0,0,0,8,0,39.9915,-75.1361, , 
33760,369101,2015106394,6,67,67301,2015,9,3,1709,17,1,1,0,4,1,8,8,Y,1,2,0,3,0,1,3,2,N,N,39 57:12.850,75 10:23.484,1709,99,1700, ,0, , , ,3, ,U, , ,U, , , , ,1,1,0,0,0,0,0,0,1,0,0,1,1,0,0,0,0,0,0,0,1,0,0,0,0,0,0,0,0,0,0,0,0,0,0,4,0,39.9536,-75.1732, , 
33761,369106,2015109345,6,67,67301,2015,10,6,1310,13,1,2,1,1,1, , ,N,0,2,7,3,0,2,3,3,N,N,40 00:42.795,75 10:06.307,1325, ,1315, ,0, , , ,3, , , , , , , , , ,3,0,0,0,1,0,2,0,0,0,0,2,2,0,0,0,0,0,0,0,2,1,0,0,0,0,0,0,0,0,0,0,0,0,0,4,0,40.0119,-75.1684, , 
33762,369109,2015112264,6,67,67301,2015,10,6,745,7,1,1,0,1,1, , ,N,3,0,2,3,0,0,2,2,N,N,39 59:10.254,75 12:30.335,745, ,745, ,0, ,N, ,0, , , , , , , , , ,2,1,0,0,0,0,1,0,0,0,0,0,0,0,0,0,0,0,0,0,1,1,0,0,0,0,0,0,0,0,0,0,0,0,0,0,0,39.9847,-75.2085, , 
33763,369113,2015115006,6,67,67301,2015,10,2,920,9,1,1,0,8,1, , ,N,0,0,7,3,0,1,2,2,N, ,39 58:17.245,75 09:32.471,938, ,924, ,0, , , ,0, , , , , , , , , ,1,1,0,0,0,0,0,0,0,0,0,0,1,1,0,0,0,0,0,0,0,0,0,1,0,0,0,0,0,0,0,0,1,0,0,8,0,39.9715,-75.159, , 
33764,369127,2016008635,6,67,67301,2015,12,7,1024,10,1,1,0,1,1, , ,N,0,0,0,3,0,1,3,2,N, ,39 59:50.120,75 10:48.702,1039, ,1024, ,0, , , ,0, , , , , , , , , ,2,0,0,1,0,0,1,0,0,0,0,1,1,0,0,0,0,0,0,0,2,0,0,1,0,0,0,0,0,0,0,0,0,0,0,4,1,39.9973,-75.1802, , 
33765,369131,2015112147,6,67,67301,2015,10,4,1231,12,1,1,0,5,1, , ,N,0,0,0,3,0,1,3,2,N, ,40 01:49.653,75 06:13.488,1420, ,1415, ,0, , , ,0, , , , , , , , , ,2,2,0,0,0,0,0,0,0,0,0,0,1,1,0,0,0,0,0,0,0,1,0,0,0,0,0,0,0,0,0,0,0,0,0,8,0,40.0305,-75.1037, , 
33766,369136,2015117675,6,67,67301,2015,10,5,945,9,1,1,0,5,1, , ,N,0,0,0,3,0,1,3,2,N,N,39 57:16.876,75 09:47.277,1919, ,1916, ,0, ,N, ,0, , , , , , , , , ,1,1,0,0,0,0,0,0,1,1,0,0,1,0,0,0,0,0,0,0,0,0,0,1,0,0,0,0,0,0,0,1,0,0,0,2,0,39.9547,-75.1631, , 
33767,369141,2015120518,6,67,67301,2015,10,6,2135,21,3,1,0,8,1, , ,N,0,0,0,3,0,1,2,2,N,N,39 59:00.943,75 08:52.516,2135, ,2135, ,0, , , ,0, , , , , , , , , ,1,1,0,0,0,0,0,0,0,0,1,0,1,0,0,0,0,0,0,0,0,0,0,0,0,0,0,0,0,0,0,0,1,0,0,3,0,39.9836,-75.1479, , 
33768,369163,2015131247,6,67,67301,2015,11,6,1935,19,3,1,0,6,1, , ,N,0,0,0,3,0,0,2,2,N,N,40 07:18.883,75 00:45.727,1944, ,1940, ,0, , , ,0, , , , , , , , , ,2,1,0,0,1,0,0,0,0,0,0,0,0,0,0,0,0,0,0,0,0,0,0,0,0,0,0,0,0,0,0,0,0,0,0,0,0,40.1219,-75.0127, , 
33769,369172,2016000560,6,67,67301,2015,12,5,519,5,3,1,1,7,4, , ,N,0,0,0,3,0,0,1,1,N,N,39 57:33.586,75 10:28.144,530, ,525,1,1,3,N, ,0,N, , , , , , , , ,1,0,0,0,0,0,0,1,0,0,0,0,0,0,0,0,0,0,0,0,0,0,0,0,0,0,0,0,0,0,0,0,0,0,0,0,0,39.9593,-75.1745, , 
33770,369185,2015109357,6,67,67301,2015,10,6,525,5,3,1,0,5,6, , ,N,0,0,0,3,0,1,1,3,N, ,39 57:48.744,75 14:18.574,545, ,530, ,0, , , ,0, , , , , , , , , ,3,1,0,0,0,0,1,0,0,0,0,0,1,1,0,0,0,0,0,0,0,0,0,0,0,0,0,0,0,0,0,0,0,0,0,8,0,39.9635,-75.2385, , 
33771,369203,2015128682,6,67,67301,2015,11,3,2108,21,3,1,0,4,1, , ,N,1,2,0,3,0,2,3,2,N,N,40 01:38.846,75 03:44.583,2108, ,2108, ,0, ,N, ,3, , , , , , , , , ,2,2,0,0,0,0,0,0,0,0,0,0,2,2,0,0,0,0,0,0,0,0,0,1,0,0,0,0,0,0,0,0,0,0,0,8,0,40.0275,-75.0624, , 
33772,369212,2016013910,6,67,67301,2015,12,6,1915,19,3,1,0,1,1, , ,N,1,2,0,3,0,1,2,2,N,N,39 57:37.816,75 13:43.179,1947, ,1947, ,0, ,N, ,3, , , , , , , , , ,2,1,0,0,1,0,0,0,0,0,0,0,1,1,0,0,0,0,0,0,0,0,0,0,0,0,0,0,0,0,0,0,0,0,0,8,0,39.9604,-75.2287, , 
33773,369233,2015135882,6,67,67301,2015,12,6,2216,22,3,1,0,7,5, , ,N,1,0,0,3,0,0,1,1,N,N,39 55:01.315,75 13:53.882,2216, ,2216, ,0, , , ,0, , , , , , , , , ,1,1,0,0,0,0,0,0,0,0,0,0,0,0,0,0,0,0,0,1,0,0,0,0,0,0,0,0,0,0,0,0,0,0,0,0,0,39.917,-75.2316, , 
33774,369235,2016005068,6,67,67301,2015,12,2,1340,13,1,1,1,1,1, , ,N,0,0,0,3,0,0,3,3,N,N,40 00:04.200,75 12:56.600,1405, ,1350, ,0, ,N, ,0, , , , , , , , , ,3,0,0,0,0,1,1,1,0,0,0,0,0,0,1,0,0,0,0,0,1,0,0,0,0,0,0,0,0,0,0,0,0,0,0,9,1,40.0012,-75.2157, , 
33775,369248,2015125369,6,67,67301,2015,11,4,726,7,1,1,0,1,1, , ,N,0,0,0,3,0,0,2,2,N,N,39 53:31.119,75 11:53.102,731, ,729, ,0, ,N, ,0, , , , , , , , , ,2,2,0,0,0,0,0,0,0,0,0,0,0,0,0,0,0,0,0,0,0,1,0,0,0,0,0,0,0,0,0,0,0,0,0,0,0,39.892,-75.1981, , 
33776,369261,2016007511,6,67,67301,2015,12,3,1620,16,1,2,1,4,1, , ,N,1,2,0,3,0,1,2,2,N,N,40 00:31.197,75 04:08.216,2000, ,1950, ,0, ,N, ,9, , , , , , , , , ,2,1,0,0,0,0,1,0,0,0,0,1,1,0,0,0,0,0,0,0,0,0,0,0,0,0,0,0,0,0,0,0,0,0,0,4,0,40.0086,-75.0688, , 
33777,360505,2015080285,6,67,67301,2015,7,1,2210,22,3,1,0,4,1, , ,N,1,0,0,3,1,1,3,2,N,N,40 00:30.528,75 06:31.319,2250, ,2242,3,2,6,N,0,0,Y, , , , , , , , ,2,1,0,0,0,0,1,0,0,0,1,0,1,0,1,0,0,0,0,0,0,0,0,0,0,0,0,0,0,0,0,0,0,0,0,1,0,40.0085,-75.1087,2, 
33778,360508,2015091049,6,67,67301,2015,8,3,40,0,3,1,0,4,1, , ,N,1,2,0,3,0,1,2,2,N, ,39 58:34.718,75 10:59.115,309, ,305, ,0, , , ,3, , , , , , , , , ,1,0,0,0,0,0,1,0,1,0,1,0,1,0,1,0,0,0,0,0,0,0,0,0,0,0,0,0,0,0,0,0,0,0,0,3,0,39.9763,-75.1831, , 
33779,360527,2015112178,6,67,67301,2015,10,7,112,1,2,8,1,7,4, , ,N,0,0,0,3,0,0,2,1,N,N,39 55:05.784,75 14:48.856,128, ,127,1,1,2,N, ,0,N, , , , , , , , ,1,1,0,0,0,0,0,0,0,0,0,0,0,0,0,0,0,0,0,0,0,0,0,0,0,0,0,0,0,0,0,0,0,0,0,0,0,39.9183,-75.2469, , 
33780,360533,2015066291,6,67,67301,2015,6,7,107,1,3,1,0,5,6, , ,N,0,0,0,3,0,0,1,2,N, ,40 01:16.921,75 09:52.038,135, ,132, ,0, , , ,0, , , , , , , , , ,2,2,0,0,0,0,0,0,0,0,0,0,0,0,0,0,0,0,0,0,0,0,0,0,0,0,0,0,0,0,0,0,0,0,0,0,0,40.0214,-75.1645, , 
33781,360578,2016002425,6,67,67301,2015,12,6,1955,19,3,2,1,4,1, , ,N,1,3,0,3,0,1,6,4,N,N,39 57:56.728,75 09:56.354,2001, ,1959, ,0, ,N, ,3, , , , , , , , , ,4,2,0,0,0,0,1,1,0,0,0,0,1,1,2,0,0,0,0,0,0,0,0,0,0,0,0,0,0,0,0,0,0,0,0,8,0,39.9658,-75.1657, , 
33782,360601,2015120212,6,67,67301,2015,11,1,1503,15,1,1,0,7,4, , ,N,0,0,0,3,0,0,2,1,N,N,39 55:53.840,75 11:59.146,1508, ,1506,2,1,3,N, ,0,N, , , , , , , , ,1,1,0,0,0,0,0,0,0,0,0,0,0,0,0,0,0,0,0,0,0,0,0,0,0,0,0,0,0,0,0,0,0,0,0,0,0,39.9316,-75.1998, , 
33783,360604,2015059103,6,67,67301,2015,5,5,1713,17,1,2,1,4,1, , ,N,1,3,0,3,0,0,4,2,N, ,40 03:31.504,75 03:02.099,1720, ,1714, ,0, , , ,3, , , , , , , , , ,2,1,0,0,0,0,1,0,0,0,0,0,0,0,0,0,0,0,0,0,0,0,0,0,0,0,0,0,0,0,0,0,0,0,0,0,0,40.0588,-75.0506, , 
33784,360613,2015072969,6,67,67301,2015,7,5,1719,17,1,1,0,5,1, , ,N,0,0,0,3,0,0,2,2,N,N,39 59:12.083,75 05:29.675,1719, ,1719, ,0, ,N, ,0, , , , , , , , , ,2,2,0,0,0,0,0,0,0,0,0,0,0,0,0,0,0,0,0,0,1,0,0,0,0,0,0,0,0,0,0,0,0,0,0,0,0,39.9867,-75.0916, , 