objectid_1,objectid,crn,district,county,municipality,crash_year,crash_month,day_of_week,time_of_day,hour_of_day,illumination,weather,road_condition,collision_type,relation_to_road,work_zone_type,work_zone_loc,work_zone_ind,intersect_type,tcd_type,location_type,urban_rural,fatal_count,injury_count,person_count,total_units,sch_bus_ind,sch_zone_ind,latitude,longitude,arrival_tm,cons_zone_spd_lim,dispatch_tm,est_hrs_closed,lane_closed,ln_close_dir,ntfy_hiwy_maint,spec_juris_cd,tcd_func_cd,tfc_detour_ind,workers_pres,wz_close_detour,wz_flagger,wz_law_offcr_ind,wz_ln_closure,wz_moving,wz_other,wz_shlder_mdn,vehicle_count,automobile_count,motorcycle_count,bus_count,small_truck_count,heavy_truck_count,suv_count,van_count,bicycle_count,maj_inj_count,mod_inj_count,min_inj_count,tot_inj_count,unk_inj_deg_count,unk_inj_per_count,driver_count_16yr,driver_count_17yr,driver_count_18yr,driver_count_19yr,driver_count_20yr,driver_count_50_64yr,driver_count_65_74yr,driver_count_75plus,unbelted_occ_count,unb_death_count,unb_maj_inj_count,belted_death_count,belted_maj_inj_count,mcycle_death_count,mcycle_maj_inj_count,bicycle_death_count,bicycle_maj_inj_count,ped_count,ped_death_count,ped_maj_inj_count,max_severity_level,comm_veh_count,dec_lat,dec_long,rdwy_surf_type_cd,county_name
33919,368156,2015135802,6,67,67301,2015,12,7,2113,21,3,1,0,4,1, , ,N,2,0,0,3,0,1,5,2,N,N,39 57:21.268,75 12:16.061,2117, ,2115, ,0, ,N, ,0, , , , , , , , , ,2,0,0,0,0,0,1,1,0,0,0,1,1,0,0,0,0,0,0,1,1,0,0,0,0,0,0,0,0,0,0,0,0,0,0,4,0,39.9559,-75.2045, , 
33920,368172,2015117601,6,67,67301,2015,10,2,1628,16,1,1,0,4,1, , ,N,1,2,0,3,0,1,4,2,N,N,40 01:46.123,75 08:48.184,1639, ,1634, ,0, ,N, ,3, , , , , , , , , ,2,1,0,0,0,0,0,1,0,0,1,0,1,0,0,0,0,0,0,0,0,0,0,3,0,0,0,0,0,0,0,0,0,0,0,3,0,40.0295,-75.1467, , 
33921,368195,2016000969,6,67,67301,2015,12,6,1740,17,3,8,0,8,1, , ,N,0,0,0,3,0,1,2,2,N, ,39 55:58.754,75 13:46.653,1747, ,1744,1,2,3, , ,0,Y, , , , , , , , ,1,0,0,0,0,0,1,0,0,0,0,1,1,0,0,0,0,0,0,0,0,1,0,0,0,0,0,0,0,0,0,0,1,0,0,4,0,39.933,-75.2296, , 
33922,360960,2015066267,6,67,67301,2015,6,3,1425,14,1,1,0,4,1, , ,N,1,2,0,3,0,1,3,2,N, ,40 00:44.009,75 09:01.745,1520, ,1518,2,2,4, , ,3,Y, , , , , , , , ,2,1,0,0,0,0,1,0,0,0,0,0,1,1,0,0,0,0,0,0,1,0,0,0,0,0,0,0,0,0,0,0,0,0,0,8,0,40.0122,-75.1505, , 
33923,360968,2015072881,6,67,67301,2015,7,1,652,6,1,1,0,4,1, , ,N,1,2,0,3,0,0,3,3,N,N,40 03:02.401,75 10:23.780,730, ,728, ,0, ,N, ,3, , , , , , , , , ,3,3,0,0,0,0,0,0,0,0,0,0,0,0,1,0,0,0,0,0,1,0,0,0,0,0,0,0,0,0,0,0,0,0,0,9,0,40.0507,-75.1733, , 
33924,360969,2015075734,6,67,67301,2015,7,4,855,8,1,1,0,4,1, , ,N,2,0,0,3,0,2,2,2,N,N,40 01:31.311,75 05:27.492,900, ,855, ,0, , , ,0, , , , , , , , , ,2,2,0,0,0,0,0,0,0,0,0,2,2,0,0,0,0,0,0,0,0,0,0,2,0,0,0,0,0,0,0,0,0,0,0,4,0,40.0254,-75.091, , 
33925,360984,2015070157,6,67,67301,2015,6,7,9999,99,3,1,0,1,1, , ,N,0,0,0,3,0,1,5,2,N,N,40 00:51.989,75 10:41.576,2328, ,2322,9,1,1,N, ,0,N, , , , , , , , ,2,1,0,0,0,0,1,0,0,0,0,1,1,0,0,0,0,0,0,0,1,0,0,0,0,0,0,0,0,0,0,0,0,0,0,4,0,40.0144,-75.1783, , 
33926,360985,2015070629,6,67,67301,2015,6,2,710,7,1,1,0,4,1, , ,N,1,2,0,3,0,1,5,3,N, ,39 57:32.239,75 13:44.330,715, ,712,1,2,7, , ,3,Y, , , , , , , , ,3,2,0,0,0,0,1,0,0,0,0,1,1,0,1,0,0,0,0,0,1,0,0,0,0,0,0,0,0,0,0,0,0,0,0,4,0,39.959,-75.229, , 
33927,361006,2015095148,6,46,46104,2015,9,5,1030,10,1,1,0,4,1, , ,N,0,0,7,3,0,3,5,2,N,N,39 58:47.340,75 16:12.037,9999, ,9999, ,0, ,N, ,0, , , , , , , , , ,2,1,0,0,1,0,0,0,0,0,0,0,3,3,0,0,0,0,0,0,0,0,0,0,0,0,0,0,0,0,0,0,0,0,0,8,0,39.9798,-75.27, , 
33928,361021,2015110344,6,67,67301,2015,10,4,1300,13,1,1,0,5,1, , ,N,0,0,0,3,0,1,2,2,N,N,39 56:49.965,75 09:59.626,1325, ,1319, ,0, ,N, ,0, , , , , , , , , ,1,1,0,0,0,0,0,0,1,0,0,1,1,0,1,0,0,0,0,0,0,0,0,0,0,0,0,0,0,0,0,0,0,0,0,4,0,39.9472,-75.1666, , 
33929,361027,2015056076,6,67,67301,2015,4,4,1645,16,1,9,1,8,1, , ,N,1,0,0,3,0,1,2,2,N,N,40 02:57.556,75 11:02.300,9999, ,1629, ,0, , , ,0, , , , , , , , , ,1,0,0,0,0,0,0,0,0,0,0,0,1,1,0,0,0,0,0,0,0,0,0,0,0,0,0,0,0,0,0,0,1,0,0,8,0,40.0493,-75.184, , 
33930,361030,2015066303,6,67,67301,2015,6,2,1534,15,1,1,0,4,1, , ,N,1,2,0,3,0,1,4,2,N,N,39 57:06.145,75 14:12.782,1606, ,1602, ,0, ,N, ,3, , , , , , , , , ,2,1,0,0,0,0,1,0,0,0,0,1,1,0,1,0,0,0,0,0,0,0,0,0,0,0,0,0,0,0,0,0,0,0,0,4,0,39.9517,-75.2369, , 
33931,361033,2015070129,6,67,67301,2015,6,1,410,4,3,2,1,7,4, , ,N,2,0,0,3,0,1,1,1,N,N,39 57:04.057,75 09:41.997,417, ,415, ,0, ,N, ,0, , , , , , , , , ,1,1,0,0,0,0,0,0,0,0,0,0,1,1,0,0,0,0,0,0,0,0,0,0,0,0,0,0,0,0,0,0,0,0,0,8,0,39.9511,-75.1617, , 
33932,361035,2015071476,6,67,67301,2015,6,3,705,7,1,1,0,1,1, , ,N,0,0,0,3,0,2,3,3,N,N,39 57:27.512,75 08:55.074,715, ,707,1,1,3,N, ,0,N, , , , , , , , ,3,2,0,0,0,0,0,1,0,0,1,1,2,0,1,0,0,0,0,0,0,0,0,0,0,0,0,0,0,0,0,0,0,0,0,3,0,39.9576,-75.1486, , 
33933,361037,2015073618,6,67,67301,2015,6,5,1910,19,1,2,1,8,1, , ,N,1,0,0,3,0,1,2,2,N,N,40 01:36.634,75 08:27.920,2010, ,1910, ,0, ,N, ,0, , , , , , , , , ,1,1,0,0,0,0,0,0,0,0,0,1,1,0,0,0,0,0,0,0,0,0,0,0,0,0,0,0,0,0,0,0,1,0,0,4,0,40.0268,-75.1411, , 
33934,361043,2015078663,6,67,67301,2015,7,2,1534,15,1,1,0,4,1, , ,N,1,2,2,3,0,0,2,2,N,N,39 59:12.208,75 12:27.247,1620, ,1612, ,0, ,N, ,3, , , , , , , , , ,2,0,0,0,1,0,1,0,0,0,0,0,0,0,0,0,0,0,0,0,0,0,0,0,0,0,0,0,0,0,0,0,0,0,0,0,0,39.9867,-75.2076, , 
33935,361048,2015080288,6,67,67301,2015,7,6,1234,12,1,1,0,7,4, , ,N,0,0,0,3,0,0,2,1,N,N,40 02:36.417,75 03:21.344,1244, ,1234,2,1,2,Y, ,0,N, , , , , , , , ,1,1,0,0,0,0,0,0,0,0,0,0,0,0,0,0,0,0,0,0,0,0,0,0,0,0,0,0,0,0,0,0,0,0,0,0,0,40.0434,-75.0559, , 
33936,361049,2015081131,6,67,67301,2015,7,7,1328,13,1,1,0,5,1, , ,N,0,0,0,3,0,1,2,3,N, ,40 01:20.420,75 04:33.096,1337, ,1332,1,1,3, , ,0,N, , , , , , , , ,2,2,0,0,0,0,0,0,0,0,0,1,1,0,0,0,0,0,0,0,1,0,0,0,0,0,0,0,0,0,0,0,1,0,0,4,0,40.0223,-75.0759, , 
33937,361054,2015088709,6,67,67301,2015,8,5,1525,15,1,1,0,8,1, , ,N,0,0,0,3,0,1,2,2,N,N,39 57:51.386,75 12:12.693,1529, ,1526, ,0, , , ,0, , , , , , , , , ,1,1,0,0,0,0,0,0,0,0,0,0,1,1,0,0,0,0,0,0,0,0,0,0,0,0,0,0,0,0,0,0,1,0,0,8,0,39.9643,-75.2035, , 
33938,361073,2015109337,6,67,67301,2015,10,7,341,3,3,2,1,4,1, , ,N,1,2,0,3,0,3,4,2,N,N,39 55:05.910,75 12:31.905,400, ,341, ,0, ,N, ,3, , , , , , , , , ,2,2,0,0,0,0,0,0,0,1,2,0,3,0,0,0,0,0,0,0,0,0,0,0,0,0,0,0,0,0,0,0,0,0,0,2,0,39.9182,-75.2088, , 
33939,361076,2015130324,6,67,67301,2015,11,3,1440,14,1,9,0,4,1, , ,N,1,3,0,3,0,1,2,2,N, ,39 59:11.767,75 08:01.946,1620, ,1440, ,0, , , ,3, , , , , , , , , ,2,1,0,0,0,0,1,0,0,0,0,1,1,0,0,0,0,0,0,0,0,0,1,2,0,0,0,0,0,0,0,0,0,0,0,4,0,39.9866,-75.1339, , 
33940,363745,2015130262,6,67,67301,2015,11,5,1135,11,1,2,1,4,1, , ,N,1,2,0,3,0,0,3,2,N,N,40 02:12.235,75 03:52.193,1157, ,1153,1,1,2,N, ,3,N, , , , , , , , ,2,2,0,0,0,0,0,0,0,0,0,0,0,0,0,0,0,0,0,0,1,0,0,0,0,0,0,0,0,0,0,0,0,0,0,0,0,40.0367,-75.0645, , 
33941,363759,2015095222,6,67,67301,2015,9,1,2028,20,3,1,0,8,1, , ,N,1,2,0,3,0,1,2,2,N,N,39 55:14.271,75 14:29.219,2031, ,2030, ,0, ,N, ,3, , , , , , , , , ,1,1,0,0,0,0,0,0,0,0,0,0,1,1,0,0,0,0,0,0,0,0,0,0,0,0,0,0,0,0,0,0,1,0,0,8,0,39.9206,-75.2414, , 
33942,363770,2015108495,6,67,67301,2015,10,6,2200,22,3,1,0,7,4, , ,N,0,0,0,3,0,1,1,1,N,N,39 56:46.656,75 11:20.481,2218, ,2206,2,1,4,N, ,0,N, , , , , , , , ,1,1,0,0,0,0,0,0,0,0,0,1,1,0,0,0,0,0,0,0,0,0,0,0,0,0,0,0,0,0,0,0,0,0,0,4,0,39.9463,-75.189, , 
33943,363804,2015083338,6,67,67301,2015,7,4,1020,10,1,1,0,5,6, , ,N,0,0,0,3,0,0,2,3,N, ,39 57:26.833,75 14:52.099,1037, ,1035, ,0, , , ,0, , , , , , , , , ,3,1,0,0,0,0,1,1,0,0,0,0,0,0,0,0,0,0,0,0,1,1,0,0,0,0,0,0,0,0,0,0,0,0,0,0,0,39.9575,-75.2478, , 
33944,363834,2015079280,6,67,67301,2015,7,1,2153,21,3,1,0,7,2, , ,N,0,0,0,3,0,1,1,1,N,N,40 00:06.634,75 04:42.475,2204, ,2154,2,1,1,N, ,0,N, , , , , , , , ,1,1,0,0,0,0,0,0,0,0,0,0,1,1,0,0,0,0,0,0,1,0,0,0,0,0,0,0,0,0,0,0,0,0,0,8,0,40.0018,-75.0785, , 
33945,363835,2015080121,6,67,67301,2015,7,1,1450,14,1,1,0,7,4, , ,N,0,0,0,3,0,1,3,1,N,N,39 58:37.559,75 11:58.085,1455, ,1454, ,0, ,N, ,0, , , , , , , , , ,1,1,0,0,0,0,0,0,0,0,0,1,1,0,0,0,0,0,0,0,1,0,0,0,0,0,0,0,0,0,0,0,0,0,0,4,0,39.9771,-75.1995, , 
33946,363859,2015103808,6,67,67301,2015,9,3,900,9,1,1,0,8,1, , ,N,1,2,0,3,0,1,2,2,N, ,39 57:38.428,75 08:28.873,907, ,905, ,0, ,N, ,3, , , , , , , , , ,1,0,0,0,0,0,1,0,0,0,1,0,1,0,0,0,0,0,0,0,1,0,0,0,0,0,0,0,0,0,0,0,1,0,0,3,0,39.9606,-75.1414, , 
33947,363876,2015124596,6,67,67301,2015,12,3,835,8,1,2,1,4,1, , ,N,1,2,0,3,0,1,2,2,N,N,39 58:28.166,75 09:31.847,840, ,836,2,1,2,N, ,3,N, , , , , , , , ,2,1,0,0,0,1,0,0,0,0,0,0,1,1,0,0,0,0,0,0,0,0,0,0,0,0,0,0,0,0,0,0,0,0,0,8,1,39.9745,-75.1587, , 
33948,363881,2015130068,6,67,67301,2015,11,1,1615,16,1,1,0,5,6, , ,N,0,0,0,3,0,0,2,2,N,N,39 56:00.502,75 09:56.152,1650, ,1647,2,2,1,N, ,0,Y, , , , , , , , ,2,1,0,0,0,0,1,0,0,0,0,0,0,0,0,0,0,0,0,0,0,0,0,0,0,0,0,0,0,0,0,0,0,0,0,0,0,39.9335,-75.1656, , 
33949,363886,2015133751,6,67,67301,2015,11,3,742,7,1,2,1,6,1, , ,N,0,0,0,3,0,1,2,2,N,N,40 01:30.565,75 11:41.098,742, ,742,1,1,1,N, ,0,N, , , , , , , , ,2,0,0,0,0,0,2,0,0,0,0,0,1,1,0,0,0,0,1,0,0,0,0,0,0,0,0,0,0,0,0,0,0,0,0,8,0,40.0252,-75.1947, , 
33950,363893,2016002409,6,67,67301,2015,12,7,1703,17,1,1,0,4,1, , ,N,1,2,0,3,0,0,5,2,N,N,39 55:20.909,75 09:17.861,1818, ,1817,9,1,4,N, ,3,N, , , , , , , , ,2,1,0,0,0,0,1,0,0,0,0,0,0,0,0,0,0,0,0,0,0,0,0,0,0,0,0,0,0,0,0,0,0,0,0,0,0,39.9225,-75.155, , 
33951,363895,2015115003,6,67,67301,2015,10,2,1300,13,1,1,0,1,1, , ,N,0,0,0,3,0,2,4,3,N,N,40 03:12.155,75 08:23.263,1350, ,1346, ,0, ,N, ,0, , , , , , , , , ,3,3,0,0,0,0,0,0,0,0,0,2,2,0,1,0,0,0,1,0,1,0,0,0,0,0,0,0,0,0,0,0,0,0,0,4,0,40.0534,-75.1398, , 
33952,363913,2015125128,6,67,67301,2015,10,1,1446,14,1,1,0,4,1, , ,N,1,2,0,3,0,1,4,2,N,N,40 00:31.061,75 12:38.922,1449, ,1446, ,0, ,N, ,3, , , , , , , , , ,2,2,0,0,0,0,0,0,0,0,0,0,1,1,0,0,0,0,0,0,1,0,0,0,0,0,0,0,0,0,0,0,0,0,0,8,0,40.0084,-75.211, , 
33953,363934,2015112315,6,46,46102,2015,10,6,1739,17,1,1,0,4,1, , ,N,1,2,0,3,0,1,2,2,N,N,40 03:16.724,75 07:29.999,1751, ,1739,2,1,4,N, ,3,N, , , , , , , , ,2,1,0,0,0,0,0,1,0,0,0,0,1,1,0,0,0,0,0,0,0,1,0,0,0,0,0,0,0,0,0,0,0,0,0,8,0,40.0546,-75.125, , 
33954,363937,2015116472,6,67,67301,2015,11,4,815,8,1,1,0,1,1, , ,N,0,0,0,3,0,0,2,2,N,N,40 00:33.040,75 04:03.674,823, ,819, ,0, ,N, ,0, , , , , , , , , ,2,1,0,0,0,0,1,0,0,0,0,0,0,0,0,0,0,0,0,0,0,0,0,0,0,0,0,0,0,0,0,0,0,0,0,0,0,40.0092,-75.0677, , 
33955,363965,2015130120,6,67,67301,2015,10,5,1220,12,1,1,0,4,1, , ,N,1,2,0,3,0,2,4,2,N,N,39 57:29.691,75 13:23.712,1235, ,1235, ,0, ,N, ,3, , , , , , , , , ,2,1,0,0,0,1,0,0,0,0,0,2,2,0,0,0,0,0,0,0,0,0,0,0,0,0,0,0,0,0,0,0,0,0,0,4,1,39.9582,-75.2232, , 
33956,363969,2016007634,6,67,67301,2015,12,5,943,9,1,1,0,7,4, , ,N,1,3,0,3,0,1,1,1,N,N,40 03:58.021,75 09:10.677,1001, ,1001, ,0, ,N, ,3, , , , , , , , , ,1,1,0,0,0,0,0,0,0,0,0,1,1,0,0,0,0,0,0,0,0,1,0,0,0,0,0,0,0,0,0,0,0,0,0,4,0,40.0661,-75.153, , 
33957,363989,2015131287,6,67,67301,2015,11,2,705,7,1,1,0,4,1, , ,N,2,2,2,3,0,1,2,2,N,N,39 52:54.036,75 15:12.278,718, ,712,2,2,3, , ,3,Y, , , , , , , , ,2,1,0,0,0,0,1,0,0,0,0,0,1,1,1,0,0,0,0,0,1,0,0,0,0,0,0,0,0,0,0,0,0,0,0,8,0,39.8814,-75.2535, , 
33958,366807,2015091113,6,67,67301,2015,8,1,103,1,3,1,0,7,3, , ,N,1,2,1,3,0,1,1,1,N,N,40 00:21.051,75 05:46.741,111, ,111, ,0, ,N, ,2, , , , , , , , , ,1,1,0,0,0,0,0,0,0,0,1,0,1,0,0,0,0,0,0,0,0,0,0,0,0,0,0,0,0,0,0,0,0,0,0,3,0,40.0058,-75.0964, , 
33959,366816,2016002988,6,67,67301,2015,12,2,815,8,1,1,0,1,6, , ,N,0,0,0,3,0,0,1,3,N,N,40 01:48.557,75 07:28.309,905, ,859,1,1,2,N, ,0,N, , , , , , , , ,3,2,0,0,0,0,1,0,0,0,0,0,0,0,0,0,0,0,0,0,0,0,0,0,0,0,0,0,0,0,0,0,0,0,0,0,0,40.0302,-75.1245, , 
33960,366820,2015106395,6,67,67301,2015,9,7,400,4,3,1,0,5,1, , ,N,0,0,0,3,0,3,3,2,N,N,39 57:39.312,75 14:49.835,427, ,416, ,0, , , ,0, , , , , , , , , ,2,0,2,0,0,0,0,0,0,0,3,0,3,0,0,0,0,0,0,0,1,0,0,0,0,0,0,0,0,0,0,0,0,0,0,3,0,39.9609,-75.2472, , 
33961,366840,2015128575,6,67,67301,2015,11,1,1119,11,1,1,0,4,1, , ,N,2,0,0,3,0,1,2,2,N,N,40 01:13.039,75 09:46.119,1123, ,1119, ,0, ,N, ,0, , , , , , , , , ,2,2,0,0,0,0,0,0,0,0,0,0,1,1,0,0,0,0,0,0,0,0,0,0,0,0,0,0,0,0,0,0,0,0,0,8,0,40.0203,-75.1628, , 
33962,366841,2015130369,6,67,67301,2015,11,5,1525,15,1,2,1,7,4, , ,N,0,0,0,3,0,0,1,1,N,N,39 58:20.867,75 11:23.866,1537, ,1525,1,2,1,N, ,0,N, , , , , , , , ,1,0,0,0,0,0,1,0,0,0,0,0,0,0,0,0,0,0,0,0,0,0,0,0,0,0,0,0,0,0,0,0,0,0,0,0,0,39.9725,-75.19, , 
33963,366842,2015131263,6,67,67301,2015,11,1,400,4,3,2,1,7,4, , ,N,0,0,0,3,0,1,1,1,N,N,40 00:43.578,75 04:30.807,410, ,403, ,0, ,N, ,0, , , , , , , , , ,1,1,0,0,0,0,0,0,0,0,1,0,1,0,0,0,0,0,0,0,0,0,0,0,0,0,0,0,0,0,0,0,0,0,0,3,0,40.0121,-75.0752, , 
33964,366848,2016013644,6,67,67301,2015,8,1,1315,13,1,1,0,1,1, , ,N,0,0,7,3,0,1,2,2,N,N,40 00:03.165,75 13:37.509,0, ,0, ,0, ,N, ,0, , , , , , , , , ,2,1,0,0,0,0,0,0,0,0,0,0,1,1,0,0,0,0,0,0,1,0,0,0,0,0,0,0,0,0,0,0,0,0,0,8,0,40.0009,-75.2271, , 
33965,366858,2015117668,6,67,67301,2015,10,3,704,7,1,1,0,4,1, , ,N,0,0,0,3,0,0,3,2,N, ,40 00:27.098,75 07:40.811,758, ,755, ,0, , , ,0, , , , , , , , , ,2,1,0,0,0,0,0,1,0,0,0,0,0,0,0,0,0,0,0,0,1,0,0,0,0,0,0,0,0,0,0,0,0,0,0,0,0,40.0075,-75.128, , 
33966,366861,2015121020,6,67,67301,2015,11,5,720,7,1,2,1,7,2, , ,N,0,0,0,3,0,0,2,2,N, ,40 03:32.844,75 12:02.559,1023, ,1023, ,0, , , ,0, , , , , , , , , ,2,1,0,0,0,0,1,0,0,0,0,0,0,0,0,0,0,0,0,0,0,0,0,0,0,0,0,0,0,0,0,0,0,0,0,0,0,40.0591,-75.2007, , 
33967,366867,2015099118,6,67,67301,2015,9,2,1510,15,1,1,0,1,1, , ,N,2,2,0,3,0,1,3,2,N, ,40 00:45.170,75 03:29.345,1541, ,1530,1,1,1, , ,3,N, , , , , , , , ,2,2,0,0,0,0,0,0,0,0,0,1,1,0,1,0,0,0,0,0,0,0,0,0,0,0,0,0,0,0,0,0,0,0,0,4,0,40.0125,-75.0582, , 
33968,366871,2015102052,6,67,67301,2015,9,1,1208,12,1,1,0,5,1, , ,N,0,0,0,3,0,0,2,2,N,N,39 55:53.949,75 08:44.737,1220, ,1208, ,0, ,N, ,0, , , , , , , , , ,2,1,0,0,0,0,1,0,0,0,0,0,0,0,0,0,0,1,0,0,0,1,0,0,0,0,0,0,0,0,0,0,0,0,0,0,0,39.9317,-75.1458, , 
33969,366874,2015105119,6,67,67301,2015,9,4,1955,19,3,1,0,4,1, , ,N,1,2,0,3,0,0,4,2,N, ,40 03:23.345,75 02:47.046,1956, ,1955, ,0, , , ,3, , , , , , , , , ,2,2,0,0,0,0,0,0,0,0,0,0,0,0,0,0,0,0,0,0,0,0,0,0,0,0,0,0,0,0,0,0,0,0,0,0,0,40.0565,-75.0464, , 
33970,366880,2015120500,6,67,67301,2015,10,3,1708,17,1,2,1,4,1, , ,N,0,0,0,3,1,3,4,2,N,N,39 56:24.852,75 14:13.429,1720, ,1718,4,2,3,N,0,0,Y, , , , , , , , ,2,1,0,1,0,0,0,0,0,0,0,3,3,0,0,0,0,0,0,0,1,0,0,0,0,0,0,0,0,0,0,0,0,0,0,1,1,39.9402,-75.2371,1, 
33971,366890,2015133915,6,67,67301,2015,12,6,1636,16,3,1,0,1,1,1,4,Y,0,0,0,3,0,0,4,3,N,N,40 01:48.442,75 01:19.718,1651,45,1636,1,1,2,N, ,0,N,N,N,N,N,N,N,N,Y,3,2,0,0,0,0,1,0,0,0,0,0,0,0,0,0,0,0,0,0,1,0,0,0,0,0,0,0,0,0,0,0,0,0,0,0,0,40.0301,-75.0221, , 
33972,366893,2015135801,6,67,67301,2015,11,7,2237,22,3,1,0,1,1, , ,N,0,0,3,3,0,1,2,2,N,N,39 57:04.885,75 10:49.499,2244, ,2239, ,0, , , ,0, , , , , , , , , ,2,1,0,0,0,0,0,1,0,0,0,1,1,0,0,0,0,0,0,0,0,0,0,0,0,0,0,0,0,0,0,0,0,0,0,4,0,39.9514,-75.1804, , 
33973,366898,2016015923,6,67,67301,2015,12,4,129,1,3,2,0,7,2, , ,N,0,0,0,3,0,1,2,2,N,N,39 59:34.554,75 12:02.355,134, ,129,1,2,3, , ,0,N, , , , , , , , ,2,2,0,0,0,0,0,0,0,0,0,0,1,1,0,0,0,0,0,0,1,0,0,0,0,0,0,0,0,0,0,0,0,0,0,8,0,39.9929,-75.2007, , 
33974,366900,2015065449,6,67,67301,2015,5,3,750,7,1,1,0,4,1, , ,N,0,0,7,3,0,1,2,2,N, ,40 02:30.613,75 11:11.292,801, ,751, ,0, , , ,0, , , , , , , , , ,2,1,0,0,0,0,1,0,0,0,0,0,1,1,0,0,0,0,0,0,0,0,0,0,0,0,0,0,0,0,0,0,0,0,0,8,0,40.0418,-75.1865, , 
33975,366911,2015130334,6,67,67301,2015,11,3,750,7,1,1,0,4,1, , ,N,2,0,0,3,0,3,3,2,N,N,40 03:22.582,75 09:02.536,810, ,755, ,0, ,N, ,0, , , , , , , , , ,2,2,0,0,0,0,0,0,0,0,0,2,3,1,0,0,0,0,0,0,0,0,0,1,0,0,0,0,0,0,0,0,0,0,0,4,0,40.0563,-75.1507, , 
33976,366914,2015131352,6,67,67301,2015,11,6,920,9,1,1,0,7,5, , ,N,1,2,0,3,0,1,1,1,N,N,39 58:28.020,75 09:31.391,925, ,922, ,0, , , ,3, , , , , , , , , ,1,0,0,0,0,0,0,1,0,0,1,0,1,0,0,0,0,0,0,0,0,0,0,0,0,0,0,0,0,0,0,0,0,0,0,3,0,39.9745,-75.1587, , 
33977,369269,2015119726,6,67,67301,2015,11,1,1145,11,1,1,0,1,1, , ,N,0,0,0,3,0,0,2,2,N,N,39 58:00.046,75 11:15.515,1156, ,1145,1,2,3,N, ,0,N, , , , , , , , ,2,2,0,0,0,0,0,0,0,0,0,0,0,0,0,0,0,0,0,0,0,0,0,0,0,0,0,0,0,0,0,0,0,0,0,0,0,39.9667,-75.1876, , 
33978,369277,2015135833,6,67,67301,2015,11,2,1858,18,3,1,0,8,1, , ,N,1,2,0,3,0,1,2,2,N, ,39 57:30.563,75 13:30.647,1858, ,1858, ,0, ,N, ,3, , , , , , , , , ,1,1,0,0,0,0,0,0,0,0,0,1,1,0,0,0,0,0,0,0,0,0,0,1,0,0,0,0,0,0,0,0,1,0,0,4,0,39.9585,-75.2252, , 
33979,369285,2015103424,6,67,67301,2015,9,6,729,7,1,1,0,4,1, , ,N,1,2,0,3,0,3,3,2,N,N,40 02:10.346,75 03:51.114,737, ,732,3,2,1,N, ,3,Y, , , , , , , , ,2,1,0,0,0,0,0,1,0,0,2,1,3,0,0,0,0,0,0,0,0,0,0,3,0,0,0,0,0,0,0,0,0,0,0,3,0,40.0362,-75.0642, , 
33980,369288,2015106446,6,67,67301,2015,9,3,1316,13,1,1,0,4,1, , ,N,0,0,0,3,0,1,3,2,N,N,39 57:44.985,75 10:04.998,1325, ,1318, ,0, ,N, ,0, , , , , , , , , ,1,1,0,0,0,0,0,0,1,0,1,0,1,0,0,0,0,0,0,0,0,0,0,0,0,0,0,0,0,0,0,0,0,0,0,3,0,39.9625,-75.1681, , 
33981,369291,2015109260,6,67,67301,2015,10,7,1638,16,1,2,1,8,1, , ,N,2,3,0,3,0,1,2,2,N,N,40 06:08.297,74 58:16.364,1643, ,1639,2,1,2,N, ,3,N, , , , , , , , ,1,0,0,0,0,0,1,0,0,0,0,0,1,1,0,0,0,0,0,0,0,0,1,0,0,0,0,0,0,0,0,0,1,0,0,8,0,40.1023,-74.9712, , 
33982,369296,2015117614,6,67,67301,2015,10,5,2300,23,3,1,0,4,1, , ,N,1,3,0,3,0,1,2,3,N, ,39 58:19.405,75 14:04.243,2308, ,2303, ,0, , , ,3, , , , , , , , , ,3,3,0,0,0,0,0,0,0,0,0,1,1,0,0,0,0,0,0,0,1,0,0,0,0,0,0,0,0,0,0,0,0,0,0,4,0,39.9721,-75.2345, , 
33983,369314,2016007679,6,67,67301,2015,12,1,9999,99,3,1,1,4,1, , ,N,1,3,0,3,0,1,3,2,N,N,40 01:14.448,75 02:45.985,30, ,22, ,0, , , ,3, , , , , , , , , ,2,2,0,0,0,0,0,0,0,0,0,1,1,0,0,0,0,0,0,0,0,0,0,0,0,0,0,0,0,0,0,0,0,0,0,4,0,40.0207,-75.0461, , 
33984,369320,2015093017,6,67,67301,2015,8,5,1303,13,1,1,0,4,1, , ,N,1,3,0,3,0,0,2,2,N,N,39 57:35.042,75 11:42.755,1348, ,1336, ,0, ,N, ,3, , , , , , , , , ,2,1,0,0,0,0,1,0,0,0,0,0,0,0,0,0,0,0,0,0,1,0,0,1,0,0,0,0,0,0,0,0,0,0,0,0,0,39.9597,-75.1952, , 
33985,369323,2015095785,6,67,67301,2015,8,7,1841,18,4,1,0,8,1, , ,N,1,2,0,3,0,1,2,2,Y,N,40 00:41.506,75 04:11.278,9999, ,1842, ,0, ,N, ,3, , , , , , , , , ,1,0,0,1,0,0,0,0,0,0,1,0,1,0,0,0,0,0,0,0,0,0,0,0,0,0,0,0,0,0,0,0,1,0,0,3,1,40.0115,-75.0698, , 