objectid_1,objectid,crn,district,county,municipality,crash_year,crash_month,day_of_week,time_of_day,hour_of_day,illumination,weather,road_condition,collision_type,relation_to_road,work_zone_type,work_zone_loc,work_zone_ind,intersect_type,tcd_type,location_type,urban_rural,fatal_count,injury_count,person_count,total_units,sch_bus_ind,sch_zone_ind,latitude,longitude,arrival_tm,cons_zone_spd_lim,dispatch_tm,est_hrs_closed,lane_closed,ln_close_dir,ntfy_hiwy_maint,spec_juris_cd,tcd_func_cd,tfc_detour_ind,workers_pres,wz_close_detour,wz_flagger,wz_law_offcr_ind,wz_ln_closure,wz_moving,wz_other,wz_shlder_mdn,vehicle_count,automobile_count,motorcycle_count,bus_count,small_truck_count,heavy_truck_count,suv_count,van_count,bicycle_count,maj_inj_count,mod_inj_count,min_inj_count,tot_inj_count,unk_inj_deg_count,unk_inj_per_count,driver_count_16yr,driver_count_17yr,driver_count_18yr,driver_count_19yr,driver_count_20yr,driver_count_50_64yr,driver_count_65_74yr,driver_count_75plus,unbelted_occ_count,unb_death_count,unb_maj_inj_count,belted_death_count,belted_maj_inj_count,mcycle_death_count,mcycle_maj_inj_count,bicycle_death_count,bicycle_maj_inj_count,ped_count,ped_death_count,ped_maj_inj_count,max_severity_level,comm_veh_count,dec_lat,dec_long,rdwy_surf_type_cd,county_name
34256,406197,2014025865,6,67,67301,2014,1,2,1748,17,3,1,0,4,1, , ,N,1,2,0,3,0,1,2,2,N,N,39 59:30.901,75 14:03.555,1824, ,1818,3,1,4,N, ,3,N, , , , , , , , ,2,0,0,0,0,0,2,0,0,0,0,1,1,0,0,0,0,0,0,0,0,0,0,0,0,0,0,0,0,0,0,0,0,0,0,4,0,39.9919,-75.2343, , 
34257,406206,2014038925,6,67,67301,2014,3,2,1927,19,3,1,0,4,1, , ,N,1,2,0,3,0,0,3,3,N,N,40 02:55.097,75 08:41.622,1943, ,1943, ,0, ,N, ,3, , , , , , , , , ,3,1,0,0,0,0,1,1,0,0,0,0,0,0,0,0,0,0,1,0,0,1,0,0,0,0,0,0,0,0,0,0,0,0,0,0,0,40.0486,-75.1449, , 
34258,406219,2014059150,6,67,67301,2014,5,4,1350,13,1,1,0,8,1, , ,N,1,2,0,3,0,1,2,2,N,N,39 57:10.616,75 09:34.855,2130, ,2130, ,0, ,N, ,3, , , , , , , , , ,1,1,0,0,0,0,0,0,0,0,0,0,1,1,0,0,0,0,0,0,0,0,0,0,0,0,0,0,0,0,0,0,1,0,0,8,0,39.9529,-75.1597, , 
34259,406225,2014066344,6,67,67301,2014,7,6,2205,22,3,1,0,7,2, , ,N,0,0,0,3,0,1,1,1,N,N,40 01:12.667,75 09:06.352,2310, ,2205,3,1,2,N, ,0,N, , , , , , , , ,1,1,0,0,0,0,0,0,0,0,0,1,1,0,0,0,0,0,0,0,1,0,0,0,0,0,0,0,0,0,0,0,0,0,0,4,0,40.0202,-75.1518, , 
34260,406228,2014068620,6,67,67301,2014,5,2,37,0,2,1,0,8,1, , ,N,0,0,0,3,0,3,3,3,N,N,39 56:19.474,75 13:58.443,37, ,37, ,0, ,N, ,0, , , , , , , , , ,1,0,1,0,0,0,0,0,0,2,0,1,3,0,0,0,0,0,0,0,1,0,0,0,0,0,0,0,0,1,0,0,2,0,1,2,0,39.9387,-75.2329, , 
34261,406272,2014065491,6,67,67301,2014,5,2,753,7,1,1,0,1,1, , ,N,2,2,0,3,0,1,2,2,N,N,40 02:21.794,75 03:37.017,756, ,753,1,1,2,N, ,3,N, , , , , , , , ,2,1,0,0,0,0,1,0,0,0,0,1,1,0,0,0,0,0,0,0,0,0,0,0,0,0,0,0,0,0,0,0,0,0,0,4,0,40.0394,-75.0603, , 
34262,406292,2014016167,6,67,67301,2014,1,2,310,3,3,1,0,5,1, , ,N,0,0,0,3,0,3,3,5,N,N,40 03:22.180,75 00:09.892,322, ,318, ,0, ,N, ,0, , , , , , , , , ,5,5,0,0,0,0,0,0,0,0,0,0,3,3,0,0,0,0,0,0,0,0,0,0,0,0,0,0,0,0,0,0,0,0,0,8,0,40.0562,-75.0027, , 
34263,406313,2014042665,6,67,67301,2014,3,6,1453,14,1,1,0,1,1, , ,N,2,0,0,3,0,3,3,2,N, ,40 03:53.815,75 00:34.270,1454, ,454,9,1,2, , ,0,N, , , , , , , , ,2,1,0,0,1,0,0,0,0,0,0,1,3,2,0,0,0,0,0,0,0,0,1,0,0,0,0,0,0,0,0,0,0,0,0,4,0,40.0649,-75.0094, , 
34264,406331,2014004504,6,67,67301,2014,1,6,27,0,3,1,0,4,1, , ,N,1,2,0,3,0,1,2,2,N,N,40 02:06.536,75 04:14.903,30, ,27,2,2,7,N, ,3,Y, , , , , , , , ,2,2,0,0,0,0,0,0,0,0,0,1,1,0,0,0,0,0,0,0,1,0,0,0,0,0,0,0,0,0,0,0,0,0,0,4,0,40.0351,-75.0709, , 
34265,406373,2014049463,6,67,67301,2014,4,4,1135,11,1,2,1,7,4, , ,N,0,0,0,3,0,1,1,1,N, ,40 02:06.167,75 11:46.175,1145, ,1138, ,0, ,N, ,0, , , , , , , , , ,1,0,0,0,1,0,0,0,0,0,1,0,1,0,0,0,0,0,0,0,0,1,0,0,0,0,0,0,0,0,0,0,0,0,0,3,0,40.035,-75.1962, , 
34266,406374,2014049619,6,67,67301,2014,4,7,1749,17,1,1,0,1,1, , ,N,0,0,0,3,0,1,2,2,N,N,40 02:14.752,75 02:31.613,1758, ,1753,3,2,6,N, ,0,Y, , , , , , , , ,2,1,1,0,0,0,0,0,0,0,0,0,1,1,0,0,0,0,0,0,0,0,0,0,0,0,0,0,0,0,0,0,0,0,0,8,0,40.0374,-75.0421, , 
34267,406379,2014006399,6,67,67301,2014,1,4,224,2,3,1,0,7,4, , ,N,0,0,0,3,0,0,1,1,N,N,39 57:25.710,75 08:35.250,232, ,225, ,0, ,N, ,0, , , , , , , , , ,1,0,0,0,0,0,1,0,0,0,0,0,0,0,0,0,0,0,0,0,0,1,0,0,0,0,0,0,0,0,0,0,0,0,0,0,0,39.9571,-75.1431, , 
34268,413636,2014030267,6,67,67301,2014,2,6,1250,12,1,1,0,8,1, , ,N,1,2,0,3,0,1,2,2,N, ,39 57:18.079,75 10:04.799,1257, ,1254,1,2,4, , ,3,Y, , , , , , , , ,1,0,0,0,0,1,0,0,0,0,0,0,1,1,0,0,0,0,0,0,0,0,0,0,0,0,0,0,0,0,0,0,1,0,0,8,1,39.955,-75.168, , 
34269,413638,2014032427,6,67,67301,2014,2,2,9999,99,1,8,1,1,1, , ,N,0,0,0,3,0,1,2,2,N, ,40 02:54.997,75 01:54.969,1520, ,1502, ,0, , , ,0, , , , , , , , , ,2,2,0,0,0,0,0,0,0,0,0,1,1,0,0,0,0,0,0,0,1,0,0,2,0,0,0,0,0,0,0,0,0,0,0,4,0,40.0486,-75.0319, , 
34270,413641,2014037181,6,67,67301,2014,2,1,1810,18,3,4,3,1,1, , ,N,0,0,0,3,0,0,3,2,N,N,39 56:36.504,75 08:33.858,1820, ,1810, ,0, ,N, ,0, , , , , , , , , ,2,2,0,0,0,0,0,0,0,0,0,0,0,0,0,0,0,0,0,1,0,0,0,0,0,0,0,0,0,0,0,0,0,0,0,0,0,39.9435,-75.1427, , 
34271,413661,2014043464,6,67,67301,2014,4,6,851,8,1,1,0,1,1, , ,N,0,0,0,3,0,1,2,2,N,N,39 57:36.310,75 10:46.393,911, ,856, ,0, ,N, ,0, , , , , , , , , ,2,2,0,0,0,0,0,0,0,0,0,1,1,0,0,0,0,0,0,0,0,0,0,0,0,0,0,0,0,0,0,0,0,0,0,4,0,39.9601,-75.1796, , 
34272,413664,2014049515,6,67,67301,2014,2,6,1120,11,1,1,0,8,1, , ,N,0,0,0,3,0,1,3,2,N,N,39 58:32.800,75 10:59.532,1122, ,1121, ,0, ,N, ,0, , , , , , , , , ,1,1,0,0,0,0,0,0,0,0,1,0,1,0,0,0,0,0,0,0,0,0,0,0,0,0,0,0,0,0,0,0,1,0,0,3,0,39.9758,-75.1832, , 
34273,413697,2014087309,6,67,67301,2014,7,3,1440,14,1,1,0,4,1, , ,N,1,3,0,3,0,1,2,2,N,N,40 01:53.151,75 09:17.114,1455, ,1450, ,0, ,N, ,3, , , , , , , , , ,2,2,0,0,0,0,0,0,0,0,0,1,1,0,1,0,0,0,0,0,0,0,0,0,0,0,0,0,0,0,0,0,0,0,0,4,0,40.0314,-75.1548, , 
34274,413698,2014088938,6,67,67301,2014,7,3,902,9,1,1,0,8,1, , ,N,0,0,0,3,1,0,3,3,N,N,40 01:14.761,75 05:41.132,902, ,902,3,2,5,N,0,0,Y, , , , , , , , ,2,0,0,0,1,0,1,0,0,0,0,0,0,0,0,0,0,0,0,0,0,0,0,0,0,0,0,0,0,0,0,0,1,1,0,1,0,40.0208,-75.0948,2, 
34275,413705,2014064195,6,46,46102,2014,6,6,1203,12,1,1,0,4,1, , ,N,0,8,0,3,0,0,3,2,N,N,40 04:25.777,75 09:28.497,1203, ,1203, ,0, ,N, ,3, , , , , , , , , ,2,1,0,0,0,0,1,0,0,0,0,0,0,0,0,0,0,0,0,0,1,0,0,0,0,0,0,0,0,0,0,0,0,0,0,0,0,40.0738,-75.1579, , 
34276,413720,2014021560,6,67,67301,2014,1,3,1635,16,4,2,1,4,1, , ,N,1,3,0,3,0,0,3,2,N,N,39 56:14.827,75 13:12.964,1639, ,1639, ,0, ,N, ,3, , , , , , , , , ,2,1,0,0,0,0,0,1,0,0,0,0,0,0,2,0,0,0,0,0,0,0,0,0,0,0,0,0,0,0,0,0,0,0,0,9,0,39.9375,-75.2203, , 
34277,413738,2014044601,6,67,67301,2014,3,6,1239,12,1,1,0,1,1, , ,N,0,0,3,3,0,1,4,3,N,N,39 54:20.102,75 11:39.920,1242, ,1240,1,2,4,N, ,0,Y, , , , , , , , ,3,1,0,0,0,0,1,0,0,0,0,1,1,0,0,0,0,0,0,0,1,1,0,0,0,0,0,0,0,0,0,0,0,0,0,4,0,39.9056,-75.1944, , 
34278,413745,2014049769,6,67,67301,2014,4,7,9999,99,1,1,0,8,1, , ,N,0,0,0,3,0,1,2,2,N,N,39 55:29.946,75 13:20.326,1608, ,1604, ,0, ,N, ,0, , , , , , , , , ,1,1,0,0,0,0,0,0,0,0,1,0,1,0,0,0,0,0,0,0,0,0,0,0,0,0,0,0,0,0,0,0,1,0,0,3,0,39.925,-75.2223, , 
34279,413766,2014029893,6,67,67301,2014,2,7,850,8,1,1,0,1,1, , ,N,1,2,0,3,0,6,6,2,N,N,40 01:35.316,75 05:50.739,858, ,851,2,1,1, , ,3,N, , , , , , , , ,2,1,0,0,0,0,0,1,0,0,1,5,6,0,0,0,0,1,0,0,0,0,0,0,0,0,0,0,0,0,0,0,0,0,0,3,0,40.0265,-75.0974, , 
34280,413781,2014049747,6,67,67301,2014,3,4,625,6,1,1,0,8,1, , ,N,1,2,0,3,0,1,2,2,N,N,39 58:37.995,75 13:36.385,630, ,630,3,2,1,N, ,3,Y, , , , , , , , ,1,1,0,0,0,0,0,0,0,0,1,0,1,0,0,0,0,0,0,0,1,0,0,0,0,0,0,0,0,0,0,0,1,0,0,3,0,39.9772,-75.2268, , 
34281,413825,2014043083,6,67,67301,2014,3,7,1300,13,1,1,0,4,1, , ,N,1,2,0,3,0,4,4,2,N, ,39 55:03.079,75 09:22.114,1308, ,1307,2,2,1, , ,3,N, , , , , , , , ,2,1,0,0,0,0,0,1,0,0,0,4,4,0,0,0,0,0,0,0,0,0,0,0,0,0,0,0,0,0,0,0,0,0,0,4,0,39.9175,-75.1561, , 
34282,413833,2014051762,6,67,67301,2014,4,3,9999,99,1,1,0,4,1, , ,N,1,2,0,3,0,2,2,2,N,N,40 02:53.203,75 09:03.247,9999, ,1459,3,2,6,N, ,3,Y, , , , , , , , ,2,2,0,0,0,0,0,0,0,0,0,1,2,1,0,0,0,0,0,0,0,0,0,0,0,0,0,0,0,0,0,0,0,0,0,4,0,40.0481,-75.1509, , 
34283,413843,2014059029,6,67,67301,2014,5,3,925,9,1,1,0,4,1, , ,N,0,0,7,3,0,2,4,3,N,N,40 02:17.227,75 06:33.808,930, ,926, ,0, ,N, ,0, , , , , , , , , ,3,2,0,0,0,0,0,1,0,0,0,0,2,2,0,0,0,0,0,0,0,0,0,0,0,0,0,0,0,0,0,0,0,0,0,8,0,40.0381,-75.1094, , 
34284,413872,2014025546,6,67,67301,2014,1,2,1800,18,3,1,1,4,1, , ,N,3,3,0,3,0,0,2,2,N, ,40 04:13.793,75 09:18.678,1812, ,1812, ,0, , , ,3, , , , , , , , , ,2,1,0,0,0,0,0,1,0,0,0,0,0,0,0,0,0,0,0,0,0,0,1,0,0,0,0,0,0,0,0,0,0,0,0,0,0,40.0705,-75.1552, , 
34285,413892,2014043025,6,67,67301,2014,3,5,2357,23,3,1,0,1,1, , ,N,0,0,0,3,0,1,4,3,N,N,40 00:41.210,75 09:02.744,10, ,1, ,0, ,N, ,0, , , , , , , , , ,3,2,0,0,0,0,1,0,0,0,0,0,1,1,0,0,0,0,0,0,0,0,0,3,0,0,0,0,0,0,0,0,0,0,0,8,0,40.0114,-75.1508, , 
34286,396740,2014025395,6,67,67301,2014,1,4,953,9,1,4,1,1,1, , ,N,1,2,0,3,0,0,4,3,N, ,40 00:29.232,75 04:21.619,959, ,957,1,1,3, , ,3,N, , , , , , , , ,3,2,0,0,0,0,1,0,0,0,0,0,0,0,1,0,0,0,1,0,0,0,0,0,0,0,0,0,0,0,0,0,0,0,0,9,0,40.0081,-75.0725, , 
34287,396801,2014032413,6,67,67301,2014,2,4,1300,13,1,4,5,8,1, , ,N,0,0,0,3,0,1,2,2,N, ,39 58:52.688,75 10:24.279,1338, ,1330, ,0, , , ,0, , , , , , , , , ,1,1,0,0,0,0,0,0,0,0,0,1,1,0,0,0,0,0,0,0,0,0,0,0,0,0,0,0,0,0,0,0,1,0,0,4,0,39.9813,-75.1734, , 
34288,396806,2014038330,6,67,67301,2014,4,7,2300,23,3,1,0,1,1, , ,N,0,0,2,3,0,2,5,2,N,N,39 58:35.365,75 11:49.542,2318, ,2301, ,0, ,N, ,0, , , , , , , , , ,2,1,0,0,0,0,1,0,0,0,0,0,2,2,0,0,0,0,0,0,0,0,0,0,0,0,0,0,0,0,0,0,0,0,0,8,0,39.9765,-75.1971, , 
34289,396808,2014038988,6,67,67301,2014,2,2,1343,13,1,1,0,4,1, , ,N,1,2,0,3,0,0,4,4,N,N,39 57:26.761,75 13:45.491,1348, ,1345, ,0, ,N, ,3, , , , , , , , , ,4,2,0,0,2,0,0,0,0,0,0,0,0,0,0,0,0,0,0,0,0,0,0,0,0,0,0,0,0,0,0,0,0,0,0,0,0,39.9574,-75.2293, , 
34290,396816,2014044628,6,67,67301,2014,3,1,1500,15,1,1,0,4,1, , ,N,1,3,0,3,0,1,2,2,N,N,39 58:27.868,75 07:03.916,1536, ,1534, ,0, ,N, ,3, , , , , , , , , ,2,0,1,0,0,0,1,0,0,0,0,1,1,0,0,0,0,0,0,0,0,0,0,0,0,0,0,0,0,0,0,0,0,0,0,4,0,39.9744,-75.1178, , 
34291,396833,2014019127,6,67,67301,2014,1,3,751,7,1,2,1,7,4, , ,N,2,2,0,3,0,1,2,1,N,N,39 56:57.258,75 12:40.667,759, ,754, ,0, ,N, ,3, , , , , , , , , ,1,0,0,0,0,0,1,0,0,0,0,1,1,0,0,0,0,0,0,0,0,0,0,0,0,0,0,0,0,0,0,0,0,0,0,4,0,39.9492,-75.2113, , 
34292,396846,2014029231,6,67,67301,2014,3,2,1345,13,1,1,0,4,1, , ,N,2,2,2,3,0,1,2,2,N,N,39 53:00.832,75 15:05.507,1410, ,1345,4,1,3,N, ,3,N, , , , , , , , ,2,1,0,0,0,1,0,0,0,0,0,0,1,1,0,0,0,0,0,0,0,0,0,0,0,0,0,0,0,0,0,0,0,0,0,8,1,39.8836,-75.2515, , 
34293,396864,2014043030,6,67,67301,2014,3,7,1159,11,1,1,0,7,5, , ,N,0,0,0,3,0,1,1,1,N,N,40 05:05.384,75 13:13.861,1220, ,1206, ,0, ,N, ,0, , , , , , , , , ,1,0,0,0,0,0,1,0,0,0,0,0,1,1,0,0,0,0,0,0,0,1,0,0,0,0,0,0,0,0,0,0,0,0,0,8,0,40.0848,-75.2205, , 
34294,396884,2014019927,6,67,67301,2014,2,6,1616,16,1,1,4,7,5, , ,N,0,0,0,3,0,0,1,1,N,N,40 05:00.218,75 12:25.876,1616, ,1616, ,0, ,N, ,0, , , , , , , , , ,1,0,0,0,1,0,0,0,0,0,0,0,0,0,0,0,0,0,0,0,0,0,0,0,0,0,0,0,0,0,0,0,0,0,0,0,0,40.0834,-75.2072, , 
34295,396887,2014025557,6,67,67301,2014,2,7,1550,15,1,1,0,4,1, , ,N,1,3,0,3,0,1,2,2,N,N,40 01:24.790,75 05:11.608,1611, ,1605, ,0, , , ,3, , , , , , , , , ,2,2,0,0,0,0,0,0,0,0,0,1,1,0,1,0,0,0,1,0,0,0,0,0,0,0,0,0,0,0,0,0,0,0,0,4,0,40.0236,-75.0866, , 
34296,396921,2014005925,6,67,67301,2014,1,7,2340,23,3,1,1,5,1,1,4,Y,0,0,0,3,0,1,5,2,N,N,39 54:42.531,75 08:55.100,2351,50,2345,2,2,1,N, ,0,N,N,N,N,N,N,N,Y,Y,2,2,0,0,0,0,0,0,0,0,0,1,1,0,0,0,0,0,0,0,0,0,0,0,0,0,0,0,0,0,0,0,0,0,0,4,0,39.9118,-75.1486, , 
34297,396929,2014013543,6,67,67301,2014,1,5,1857,18,4,4,3,1,1, , ,N,3,3,0,3,0,0,2,2,N,N,40 02:13.833,75 10:06.549,1930, ,1923, ,0, ,N, ,3, , , , , , , , , ,2,2,0,0,0,0,0,0,0,0,0,0,0,0,0,0,0,0,0,0,1,0,0,0,0,0,0,0,0,0,0,0,0,0,0,0,0,40.0372,-75.1685, , 
34298,396942,2014025369,6,67,67301,2014,1,6,9999,99,3,1,1,4,1, , ,N,5,2,0,3,0,1,2,2,N,N,40 00:18.026,75 10:42.917,1831, ,1831, ,0, ,N, ,3, , , , , , , , , ,2,1,0,0,0,0,1,0,0,0,0,1,1,0,0,0,0,0,0,0,1,0,0,0,0,0,0,0,0,0,0,0,0,0,0,4,0,40.005,-75.1786, , 
34299,396950,2014032432,6,67,67301,2014,2,2,819,8,1,1,0,4,1, , ,N,1,2,0,3,0,0,3,2,N,N,40 01:56.132,75 03:27.626,824, ,821, ,0, ,N, ,3, , , , , , , , , ,2,0,0,0,0,0,1,1,0,0,0,0,0,0,0,0,0,0,0,0,0,0,0,0,0,0,0,0,0,0,0,0,0,0,0,0,0,40.0323,-75.0577, , 
34300,396957,2014048890,6,67,67301,2014,5,3,2147,21,3,1,0,8,1, , ,N,1,3,0,3,0,1,2,2,N,N,39 58:44.355,75 09:36.809,2150, ,2147, ,0, ,N, ,3, , , , , , , , , ,1,0,0,0,0,0,1,0,0,0,0,0,1,1,0,0,0,0,0,0,0,0,1,0,0,0,0,0,0,0,0,0,1,0,0,8,0,39.979,-75.1602, , 
34301,396981,2014016949,6,67,67301,2014,1,7,805,8,1,2,1,4,1, , ,N,1,2,0,3,0,0,4,4,N, ,40 03:15.541,75 04:17.098,810, ,807, ,0, , , ,3, , , , , , , , , ,4,3,0,0,1,0,0,0,0,0,0,0,0,0,1,0,0,0,0,0,2,0,0,0,0,0,0,0,0,0,0,0,0,0,0,9,0,40.0543,-75.0716, , 
34302,396993,2014026985,6,67,67301,2014,2,2,1427,14,1,1,0,7,2, , ,N,0,0,0,3,0,1,2,2,N,N,39 59:56.699,75 11:43.933,1435, ,1430,1,1,3,N, ,0,N, , , , , , , , ,2,2,0,0,0,0,0,0,0,0,0,1,1,0,0,0,0,0,0,0,0,0,0,1,0,0,0,0,0,0,0,0,0,0,0,4,0,39.9991,-75.1955, , 
34303,396997,2014032352,6,67,67301,2014,2,3,1509,15,1,1,1,4,1, , ,N,1,2,0,3,0,0,3,2,N,N,39 56:43.472,75 10:47.006,1528, ,1525, ,0, ,N, ,3, , , , , , , , , ,2,1,0,0,0,0,1,0,0,0,0,0,0,0,0,0,0,0,0,0,1,0,0,0,0,0,0,0,0,0,0,0,0,0,0,0,0,39.9454,-75.1797, , 
34304,401308,2014059084,6,67,67301,2014,5,6,1917,19,1,1,0,7,4, , ,N,2,2,0,3,0,1,1,1,N,N,39 56:25.699,75 11:14.495,1917, ,1915,3,1,4,N, ,3,Y, , , , , , , , ,1,0,0,0,0,0,1,0,0,1,0,0,1,0,0,0,0,0,0,0,0,0,0,0,0,0,0,0,0,0,0,0,0,0,0,2,0,39.9405,-75.1874, , 
34305,401312,2014008297,6,67,67301,2014,1,3,515,5,3,2,1,1,1, , ,N,0,0,0,3,0,0,3,3,N,N,39 54:18.486,75 09:00.493,529, ,521, ,0, ,N, ,0, , , , , , , , , ,3,2,0,0,0,0,1,0,0,0,0,0,0,0,0,0,0,0,0,0,0,0,0,0,0,0,0,0,0,0,0,0,0,0,0,0,0,39.9051,-75.1501, , 
34306,401323,2014065546,6,67,67301,2014,5,7,2153,21,3,1,0,4,1, , ,N,1,3,0,3,0,1,3,2,N,N,40 02:01.856,75 03:13.420,2240, ,2204, ,0, ,N, ,3, , , , , , , , , ,2,1,0,0,0,0,1,0,0,0,0,1,1,0,0,0,0,0,0,0,0,0,0,0,0,0,0,0,0,0,0,0,0,0,0,4,0,40.0338,-75.0537, , 
34307,401341,2014081867,6,67,67301,2014,8,4,923,9,1,1,0,7,4, , ,N,0,0,0,3,0,0,1,1,N,N,39 52:35.985,75 15:23.554,938, ,929, ,0, ,Y, ,0, , , , , , , , , ,1,1,0,0,0,0,0,0,0,0,0,0,0,0,0,0,0,0,0,0,0,0,0,0,0,0,0,0,0,0,0,0,0,0,0,0,0,39.8767,-75.2565, , 
34308,401346,2014087821,6,67,67301,2014,8,3,1003,10,1,1,0,4,1, , ,N,1,2,0,3,0,0,2,2,N,N,40 02:11.789,75 03:52.061,1005, ,1004,2,1,2,N, ,3,N, , , , , , , , ,2,0,0,0,1,0,1,0,0,0,0,0,0,0,0,0,0,0,0,0,2,0,0,0,0,0,0,0,0,0,0,0,0,0,0,0,0,40.0366,-75.0645, , 
34309,401347,2014087970,6,67,67301,2014,6,2,2215,22,6,1,0,4,1, , ,N,1,2,0,3,0,1,2,2,N,N,40 00:11.163,75 07:41.800,2245, ,2245, ,0, ,N, ,3, , , , , , , , , ,1,1,0,0,0,0,0,0,1,0,0,1,1,0,0,0,0,0,0,0,0,0,0,0,0,0,0,0,0,0,0,0,0,0,0,4,0,40.0031,-75.1283, , 
34310,401348,2014088086,6,67,67301,2014,8,3,1225,12,1,2,1,4,1, , ,N,1,2,0,3,0,1,5,2,N,N,39 56:06.477,75 09:13.931,1230, ,1226, ,0, ,N, ,3, , , , , , , , , ,2,1,0,0,0,1,0,0,0,0,0,1,1,0,0,0,0,0,0,0,1,0,0,0,0,0,0,0,0,0,0,0,0,0,0,4,1,39.9351,-75.1539, , 
34311,401349,2014088793,6,67,67301,2014,8,4,120,1,3,1,0,6,1, , ,N,0,0,0,3,0,1,2,4,N, ,39 56:28.016,75 08:42.401,124, ,124,1,2,3, , ,0,Y, , , , , , , , ,4,2,2,0,0,0,0,0,0,0,1,0,1,0,0,0,0,0,0,0,0,0,0,0,0,0,0,0,0,0,0,0,0,0,0,3,0,39.9411,-75.1451, , 
34312,401350,2014088934,6,67,67301,2014,7,7,1538,15,1,1,0,4,1, , ,N,1,3,0,3,0,6,6,2,N,N,40 01:08.120,75 02:58.216,1608, ,1604, ,0, ,N, ,3, , , , , , , , , ,2,1,0,0,0,0,0,1,0,0,0,6,6,0,0,0,0,0,0,1,0,0,0,0,0,0,0,0,0,0,0,0,0,0,0,4,0,40.0189,-75.0495, , 
34313,401403,2014065161,6,67,67301,2014,5,7,635,6,1,1,0,4,1, , ,N,0,0,0,3,0,0,2,2,N,N,39 57:39.683,75 10:56.179,640, ,635, ,0, ,N, ,0, , , , , , , , , ,2,1,0,0,0,0,0,1,0,0,0,0,0,0,0,0,0,0,0,0,0,0,0,0,0,0,0,0,0,0,0,0,0,0,0,0,0,39.961,-75.1823, , 
34314,401419,2014016149,6,67,67301,2014,1,5,618,6,3,1,0,4,1, , ,N,1,2,0,3,0,0,2,2,N,N,40 05:22.893,75 03:25.406,626, ,620, ,0, , , ,3, , , , , , , , , ,2,1,0,0,1,0,0,0,0,0,0,0,0,0,0,0,0,0,0,0,0,0,0,0,0,0,0,0,0,0,0,0,0,0,0,0,0,40.0896,-75.057, , 
34315,401421,2014016935,6,67,67301,2014,1,4,2342,23,3,1,0,8,1,1,8,Y,1,2,0,3,0,1,2,2,N,N,39 57:12.030,75 11:01.741,2342,30,2341, ,0, ,N, ,3, ,Y, , ,N, , , , ,1,1,0,0,0,0,0,0,0,0,0,1,1,0,0,0,0,0,0,0,0,0,0,0,0,0,0,0,0,0,0,0,1,0,0,4,0,39.9533,-75.1838, , 
34316,401428,2014025371,6,67,67301,2014,1,1,234,2,3,1,0,7,4, , ,N,0,0,0,3,0,0,1,2,N,N,40 01:01.460,75 08:18.241,246, ,235, ,0, , , ,0, , , , , , , , , ,2,1,0,0,0,0,0,1,0,0,0,0,0,0,1,0,0,0,0,0,0,0,0,0,0,0,0,0,0,0,0,0,0,0,0,9,0,40.0171,-75.1384, , 
34317,401436,2014034133,6,67,67301,2014,2,4,1000,10,1,2,1,4,1, , ,N,1,3,0,3,0,1,3,2,N, ,39 58:26.756,75 13:39.889,1015, ,1011, ,0, ,N, ,3, , , , , , , , , ,2,1,0,0,0,1,0,0,0,0,0,1,1,0,0,0,0,0,0,1,0,0,0,0,0,0,0,0,0,0,0,0,0,0,0,4,1,39.9741,-75.2277, , 
34318,401444,2014040141,6,67,67301,2014,4,6,1248,12,1,1,0,7,3, , ,N,0,0,0,3,0,0,2,1,N,N,39 55:51.125,75 11:55.974,1258, ,1251,2,1,4,N, ,0,N, , , , , , , , ,1,0,0,0,0,0,1,0,0,0,0,0,0,0,2,0,0,0,0,0,1,0,0,0,0,0,0,0,0,0,0,0,0,0,0,9,0,39.9309,-75.1989, , 
34319,401446,2014042669,6,67,67301,2014,3,5,47,0,3,2,1,1,1, , ,N,1,2,0,3,0,2,2,2,N,N,39 55:05.910,75 12:31.905,48, ,48,9,1,1,N, ,3,Y, , , , , , , , ,2,2,0,0,0,0,0,0,0,0,1,1,2,0,0,0,0,0,0,0,1,0,0,0,0,0,0,0,0,0,0,0,0,0,0,3,0,39.9182,-75.2088, , 
34320,401468,2014017126,6,67,67301,2014,1,5,2028,20,3,1,0,7,4, , ,N,0,0,8,3,0,0,1,1,N,N,39 57:22.163,75 08:30.374,2054, ,2029, ,0, ,N, ,0, , , , , , , , , ,1,0,0,0,0,0,1,0,0,0,0,0,0,0,0,0,0,0,0,0,1,0,0,0,0,0,0,0,0,0,0,0,0,0,0,0,0,39.9562,-75.1418, , 
34321,401481,2014025510,6,67,67301,2014,2,2,1039,10,1,4,4,7,4, , ,N,0,0,0,3,0,0,1,1,N,N,39 54:42.051,75 11:33.799,1050, ,1041, ,0, ,N, ,0, , , , , , , , , ,1,1,0,0,0,0,0,0,0,0,0,0,0,0,0,0,0,0,0,0,0,0,0,0,0,0,0,0,0,0,0,0,0,0,0,0,0,39.9117,-75.1927, , 
34322,410102,2014034251,6,67,67301,2014,2,5,9999,99,1,1,0,2,1, , ,N,0,0,7,3,0,1,2,2,N,N,39 59:49.823,75 09:13.991,1605, ,1557,9,1,1, , ,0,N, , , , , , , , ,2,1,0,0,1,0,0,0,0,0,0,0,1,1,0,0,0,0,0,0,0,0,0,0,0,0,0,0,0,0,0,0,0,0,0,8,0,39.9972,-75.1539, , 