objectid_1,objectid,crn,district,county,municipality,crash_year,crash_month,day_of_week,time_of_day,hour_of_day,illumination,weather,road_condition,collision_type,relation_to_road,work_zone_type,work_zone_loc,work_zone_ind,intersect_type,tcd_type,location_type,urban_rural,fatal_count,injury_count,person_count,total_units,sch_bus_ind,sch_zone_ind,latitude,longitude,arrival_tm,cons_zone_spd_lim,dispatch_tm,est_hrs_closed,lane_closed,ln_close_dir,ntfy_hiwy_maint,spec_juris_cd,tcd_func_cd,tfc_detour_ind,workers_pres,wz_close_detour,wz_flagger,wz_law_offcr_ind,wz_ln_closure,wz_moving,wz_other,wz_shlder_mdn,vehicle_count,automobile_count,motorcycle_count,bus_count,small_truck_count,heavy_truck_count,suv_count,van_count,bicycle_count,maj_inj_count,mod_inj_count,min_inj_count,tot_inj_count,unk_inj_deg_count,unk_inj_per_count,driver_count_16yr,driver_count_17yr,driver_count_18yr,driver_count_19yr,driver_count_20yr,driver_count_50_64yr,driver_count_65_74yr,driver_count_75plus,unbelted_occ_count,unb_death_count,unb_maj_inj_count,belted_death_count,belted_maj_inj_count,mcycle_death_count,mcycle_maj_inj_count,bicycle_death_count,bicycle_maj_inj_count,ped_count,ped_death_count,ped_maj_inj_count,max_severity_level,comm_veh_count,dec_lat,dec_long,rdwy_surf_type_cd,county_name
34323,410106,2014038934,6,67,67301,2014,3,7,1906,19,3,1,0,6,1, , ,N,0,0,0,3,0,2,2,2,N,N,40 00:46.129,75 10:08.750,1908, ,1906, ,0, ,N, ,0, , , , , , , , , ,2,2,0,0,0,0,0,0,0,0,0,2,2,0,0,0,0,0,0,0,0,0,0,0,0,0,0,0,0,0,0,0,0,0,0,4,0,40.0128,-75.1691, , 
34324,410112,2014047617,6,67,67301,2014,5,5,1158,11,1,1,0,1,1, , ,N,0,0,3,3,0,1,6,4,N,N,39 58:43.934,75 06:33.911,1208, ,1159,1,1,1,N, ,0,N, , , , , , , , ,4,4,0,0,0,0,0,0,0,0,1,0,1,0,1,0,0,0,0,0,1,0,0,0,0,0,0,0,0,0,0,0,0,0,0,3,0,39.9789,-75.1094, , 
34325,410145,2014016936,6,67,67301,2014,1,7,1347,13,1,1,3,7,4, , ,N,0,0,0,3,0,0,1,1,N,N,39 57:59.461,75 13:19.602,1359, ,1354, ,0, ,N, ,0, , , , , , , , , ,1,0,0,0,1,0,0,0,0,0,0,0,0,0,0,0,0,0,0,0,0,0,0,0,0,0,0,0,0,0,0,0,0,0,0,0,0,39.9665,-75.2221, , 
34326,410163,2014034260,6,67,67301,2014,2,5,1400,14,1,1,0,1,1, , ,N,0,2,0,3,0,1,4,3,N,N,39 57:07.748,75 09:41.928,1405, ,1405, ,0, ,N, ,3, , , , , , , , , ,3,1,0,0,0,0,1,0,0,0,1,0,1,0,0,0,0,0,0,0,0,0,0,0,0,0,0,0,0,0,0,0,0,0,0,3,0,39.9522,-75.1616, , 
34327,410168,2014038998,6,67,67301,2014,3,6,628,6,5,1,0,5,6, , ,N,0,0,0,3,0,1,1,10,N, ,39 55:24.940,75 13:42.037,631, ,629, ,0, , , ,0, , , , , , , , , ,10,5,0,0,2,0,3,0,0,0,0,0,1,1,0,0,0,0,0,0,1,0,0,0,0,0,0,0,0,0,0,0,0,0,0,8,0,39.9236,-75.2283, , 
34328,410201,2014025607,6,67,67301,2014,2,6,1505,15,1,1,1,7,2, , ,N,6,0,2,3,0,1,1,1,N,N,39 55:24.467,75 11:32.292,1506, ,1506,1,1,4,N, ,0,N, , , , , , , , ,1,1,0,0,0,0,0,0,0,0,1,0,1,0,0,0,0,0,0,0,1,0,0,1,0,0,0,0,0,0,0,0,0,0,0,3,0,39.9234,-75.1922, , 
34329,410205,2014032405,6,67,67301,2014,2,6,1542,15,1,1,0,8,1, , ,N,1,2,0,3,0,1,2,2,N,N,39 56:48.419,75 12:25.503,1542, ,1542, ,0, , , ,3, , , , , , , , , ,1,1,0,0,0,0,0,0,0,0,0,1,1,0,0,0,0,0,0,0,0,0,0,0,0,0,0,0,0,0,0,0,1,0,0,4,0,39.9468,-75.2071, , 
34330,410220,2014051845,6,67,67301,2014,5,7,1503,15,1,1,0,1,1, , ,N,0,0,0,3,0,3,5,4,N,N,39 53:29.825,75 14:13.443,1527, ,1506, ,0, ,N, ,0, , , , , , , , , ,4,4,0,0,0,0,0,0,0,0,0,3,3,0,0,0,0,0,0,0,1,0,0,0,0,0,0,0,0,0,0,0,0,0,0,4,0,39.8916,-75.2371, , 
34331,410247,2014025481,6,67,67301,2014,1,4,1808,18,6,8,1,4,1, , ,N,0,0,7,3,0,1,2,2,N,N,39 53:15.287,75 13:57.463,1820, ,1808, ,0, ,N, ,0, , , , , , , , , ,2,1,0,0,1,0,0,0,0,0,0,1,1,0,0,0,0,0,0,0,0,0,0,2,0,0,0,0,0,0,0,0,0,0,0,4,0,39.8876,-75.2326, , 
34332,410265,2014038926,6,67,67301,2014,3,7,1240,12,1,1,0,6,1, , ,N,0,0,0,3,0,1,1,2,N, ,40 03:40.964,75 00:48.164,1405, ,1359, ,0, , , ,0, , , , , , , , , ,2,2,0,0,0,0,0,0,0,0,0,0,1,1,0,0,0,0,0,0,0,0,0,0,0,0,0,0,0,0,0,0,0,0,0,8,0,40.0614,-75.0134, , 
34333,410266,2014039378,6,67,67301,2014,3,6,1302,13,1,1,0,4,1, , ,N,0,0,7,3,0,2,4,2,N, ,40 08:01.714,75 00:35.061,1310, ,1305, ,0, , , ,0, , , , , , , , , ,2,0,0,0,1,0,0,1,0,0,0,2,2,0,0,0,0,0,0,0,0,0,0,0,0,0,0,0,0,0,0,0,0,0,0,4,0,40.1338,-75.0097, , 
34334,410291,2014029898,6,67,67301,2014,2,3,752,7,1,1,0,1,1, , ,N,0,0,0,3,0,0,7,3,N,N,40 06:05.323,75 01:36.884,754, ,753,1,2,3,N, ,0,N, , , , , , , , ,3,2,0,0,0,0,1,0,0,0,0,0,0,0,0,0,0,0,0,0,1,0,0,0,0,0,0,0,0,0,0,0,0,0,0,0,0,40.1015,-75.0269, , 
34335,410295,2014034144,6,67,67301,2014,2,1,19,0,2,1,0,8,1, , ,N,1,2,0,3,0,1,2,2,N,N,39 59:59.072,75 08:18.639,1948, ,1944, ,0, ,N, ,3, , , , , , , , , ,1,0,0,0,0,0,0,0,0,0,0,1,1,0,0,0,0,0,0,0,0,0,0,0,0,0,0,0,0,0,0,0,1,0,0,4,0,39.9997,-75.1385, , 
34336,410358,2014049778,6,67,67301,2014,4,2,1040,10,1,4,0,6,1, , ,N,1,2,0,3,0,1,4,2,N,N,40 01:27.922,75 08:48.832,1055, ,1050, ,0, ,N, ,3, , , , , , , , , ,2,0,0,0,0,0,2,0,0,0,0,1,1,0,0,0,0,0,0,0,0,0,0,0,0,0,0,0,0,0,0,0,0,0,0,4,0,40.0244,-75.1469, , 
34337,410360,2014050255,6,67,67301,2014,4,6,958,9,1,1,0,7,4, , ,N,0,0,0,3,0,1,2,1,N,Y,40 06:26.395,75 01:36.026,1000, ,1000, ,0, , , ,0, , , , , , , , , ,1,1,0,0,0,0,0,0,0,0,0,1,1,0,0,0,0,0,0,0,0,0,0,0,0,0,0,0,0,0,0,0,0,0,0,4,0,40.1073,-75.0267, , 
34338,410365,2014059266,6,67,67301,2014,5,5,1640,16,1,1,0,4,1, , ,N,1,3,0,3,0,2,2,2,N, ,39 59:25.216,75 13:13.303,1705, ,1701,3,1,3, , ,3,Y, , , , , , , , ,2,1,0,0,0,0,1,0,0,0,0,2,2,0,0,0,0,0,0,0,0,0,1,0,0,0,0,0,0,0,0,0,0,0,0,4,0,39.9903,-75.2204, , 
34339,410400,2014038949,6,67,67301,2014,3,5,615,6,5,1,0,2,1, , ,N,0,0,0,3,0,0,2,2,N,N,40 02:22.558,75 01:38.594,630, ,620,1,2,6,N, ,0,N, , , , , , , , ,2,1,0,0,0,0,0,1,0,0,0,0,0,0,0,0,0,0,0,0,0,0,0,0,0,0,0,0,0,0,0,0,0,0,0,0,0,40.0396,-75.0274, , 
34340,410409,2014049831,6,67,67301,2014,4,3,1220,12,1,2,2,7,4, , ,N,1,2,0,3,0,1,1,1,N,N,39 57:44.547,75 09:41.289,1225, ,1222, ,0, , , ,3, , , , , , , , , ,1,1,0,0,0,0,0,0,0,0,0,1,1,0,0,0,0,0,0,0,0,0,0,0,0,0,0,0,0,0,0,0,0,0,0,4,0,39.9621,-75.1614, , 
34341,406389,2014016161,6,67,67301,2014,1,1,1800,18,3,2,1,1,1, , ,N,1,2,0,3,0,3,5,2,N, ,40 02:27.780,75 07:46.232,1325, ,1320, ,0, ,N, ,3, , , , , , , , , ,2,0,0,0,1,0,1,0,0,0,0,2,3,1,0,0,0,0,0,0,1,0,0,0,0,0,0,0,0,0,0,0,0,0,0,4,0,40.0411,-75.1295, , 
34342,406423,2014067939,6,67,67301,2014,5,5,1600,16,1,1,0,4,1, , ,N,1,2,0,3,0,1,3,2,Y,N,40 03:45.914,75 03:27.576,1620, ,1610, ,0, ,N, ,3, , , , , , , , , ,2,0,0,1,0,0,1,0,0,0,0,1,1,0,0,0,0,0,0,0,1,0,0,0,0,0,0,0,0,0,0,0,0,0,0,4,1,40.0628,-75.0577, , 
34343,406452,2014032458,6,67,67301,2014,2,1,600,6,3,1,1,1,1, , ,N,0,2,0,3,0,2,3,3,N,N,40 01:38.993,75 08:49.745,1900, ,1900, ,0, ,N, ,3, , , , , , , , , ,3,2,0,0,0,0,1,0,0,0,0,2,2,0,0,0,0,0,0,0,2,0,0,0,0,0,0,0,0,0,0,0,0,0,0,4,0,40.0275,-75.1472, , 
34344,406462,2014042734,6,67,67301,2014,3,5,1148,11,1,1,0,4,1, , ,N,1,3,0,3,0,2,3,2,N, ,39 55:55.642,75 10:16.759,1205, ,1150, ,0, , , ,3, , , , , , , , , ,2,0,0,0,1,0,0,1,0,0,2,0,2,0,0,0,0,0,0,0,1,1,0,0,0,0,0,0,0,0,0,0,0,0,0,3,0,39.9321,-75.1713, , 
34345,406464,2014044625,6,67,67301,2014,3,5,1843,18,1,1,0,0,1, , ,N,2,3,0,3,0,1,1,1,N,N,40 01:40.018,75 06:56.714,1848, ,1845, ,0, ,N, ,3, , , , , , , , , ,1,0,1,0,0,0,0,0,0,0,0,1,1,0,0,0,0,0,0,0,0,0,0,0,0,0,0,0,0,0,0,0,0,0,0,4,0,40.0278,-75.1158, , 
34346,406469,2014049628,6,67,67301,2014,4,6,1927,19,1,2,1,4,1, , ,N,1,2,0,3,0,1,2,2,N,N,40 00:20.692,75 05:56.577,2126, ,2121,9,1,4,N, ,3,N, , , , , , , , ,2,1,0,0,0,0,0,1,0,0,0,1,1,0,0,0,0,0,0,0,1,0,0,0,0,0,0,0,0,0,0,0,0,0,0,4,0,40.0057,-75.099, , 
34347,406470,2014049860,6,67,67301,2014,4,6,1650,16,1,1,0,4,1, , ,N,2,2,0,3,0,1,6,2,N,N,40 06:05.005,75 00:21.493,1654, ,1652,2,1,1,N, ,3,N, , , , , , , , ,2,0,0,0,0,0,1,1,0,0,1,0,1,0,0,0,0,0,0,0,1,0,0,0,0,0,0,0,0,0,0,0,0,0,0,3,0,40.1014,-75.006, , 
34348,406485,2014019113,6,67,67301,2014,1,7,137,1,3,2,1,4,1, , ,N,2,3,0,3,0,1,7,2,N,N,40 00:59.443,75 05:28.193,147, ,142, ,0, ,N, ,3, , , , , , , , , ,2,1,0,0,0,0,1,0,0,0,1,0,1,0,0,0,0,0,0,1,0,0,0,0,0,0,0,0,0,0,0,0,0,0,0,3,0,40.0165,-75.0912, , 
34349,406491,2014025555,6,67,67301,2014,1,3,718,7,1,1,0,0,1, , ,N,6,0,2,3,0,1,2,2,N, ,40 00:36.841,75 12:26.097,735, ,720, ,0, , , ,0, , , , , , , , , ,2,1,0,0,0,0,1,0,0,0,0,0,1,1,0,0,0,0,0,0,0,0,0,0,0,0,0,0,0,0,0,0,0,0,0,8,0,39.9577,-75.1803, , 
34350,406492,2014025887,6,67,67301,2014,1,5,217,2,3,1,0,5,1, , ,N,0,0,0,3,0,0,2,2,N,N,39 57:12.347,75 11:04.279,225, ,218, ,0, ,N, ,0, , , , , , , , , ,2,2,0,0,0,0,0,0,0,0,0,0,0,0,0,0,0,0,0,0,1,0,0,0,0,0,0,0,0,0,0,0,0,0,0,0,0,39.9534,-75.1845, , 
34351,406498,2014032496,6,67,67301,2014,2,4,1608,16,1,1,1,6,6, , ,N,0,0,0,3,0,1,1,2,N, ,39 59:02.802,75 10:29.864,1635, ,1623, ,0, , , ,0, , , , , , , , , ,2,1,0,0,0,0,0,1,0,0,0,0,1,1,0,0,0,0,0,0,0,0,0,0,0,0,0,0,0,0,0,0,0,0,0,8,0,39.9841,-75.175, , 
34352,406500,2014032925,6,67,67301,2014,3,2,519,5,1,1,3,7,3, , ,N,0,0,0,3,0,0,3,3,N,N,39 56:11.403,75 11:58.078,549, ,521,3,1,3,N, ,0,N, , , , , , , , ,3,1,0,0,1,0,1,0,0,0,0,0,0,0,0,0,0,0,0,0,0,1,1,0,0,0,0,0,0,0,0,0,0,0,0,0,0,39.9349,-75.1999, , 
34353,406506,2014043113,6,67,67301,2014,3,5,1800,18,1,1,0,4,1, , ,N,1,2,0,3,0,1,2,2,N,N,40 00:38.808,75 07:35.921,9999, ,1815, ,0, ,N, ,3, , , , , , , , , ,2,2,0,0,0,0,0,0,0,0,1,0,1,0,1,0,0,0,0,0,0,0,0,0,0,0,0,0,0,0,0,0,0,0,0,3,0,40.0108,-75.1266, , 
34354,406518,2014049567,6,67,67301,2014,4,5,1829,18,1,1,0,5,1, , ,N,0,0,0,3,0,1,2,2,N,N,39 56:44.261,75 10:23.439,1835, ,1832,1,1,4,N, ,0,N, , , , , , , , ,2,1,0,1,0,0,0,0,0,0,0,0,1,1,0,0,0,0,0,0,0,0,0,0,0,0,0,0,0,0,0,0,0,0,0,8,1,39.9456,-75.1732, , 
34355,406519,2014049603,6,67,67301,2014,4,7,1815,18,1,1,0,4,1, , ,N,2,3,0,3,0,1,2,3,N,N,40 03:58.795,75 09:49.766,1851, ,1850, ,0, , , ,3, , , , , , , , , ,3,2,1,0,0,0,0,0,0,0,0,1,1,0,1,0,0,0,0,0,0,0,0,0,0,0,0,0,0,0,0,0,0,0,0,4,0,40.0663,-75.1638, , 
34356,406543,2014025336,6,67,67301,2014,1,5,1315,13,1,1,0,4,1, , ,N,1,2,0,3,0,0,2,2,N,N,40 04:51.806,75 01:43.881,1320, ,1315,1,1,1,N, ,3,N, , , , , , , , ,2,1,0,0,0,0,1,0,0,0,0,0,0,0,0,0,0,0,0,1,0,0,0,0,0,0,0,0,0,0,0,0,0,0,0,0,0,40.0809,-75.0288, , 
34357,406561,2014042682,6,67,67301,2014,3,6,1108,11,1,2,1,1,1, , ,N,0,0,0,3,0,0,2,2,N,N,40 05:41.481,75 01:43.042,1126, ,1108, ,0, ,N, ,0, , , , , , , , , ,2,2,0,0,0,0,0,0,0,0,0,0,0,0,0,0,0,0,0,0,0,0,0,0,0,0,0,0,0,0,0,0,0,0,0,0,0,40.0949,-75.0286, , 
34358,406564,2014049484,6,67,67301,2014,4,5,9999,99,3,1,0,5,5, , ,N,0,0,0,3,0,1,1,2,N,N,40 02:10.844,75 02:24.666,311, ,311, ,0, ,N, ,0, , , , , , , , , ,2,1,0,0,0,1,0,0,0,0,0,1,1,0,0,0,0,0,0,0,0,0,0,0,0,0,0,0,0,0,0,0,0,0,0,4,1,40.0363,-75.0402, , 
34359,397008,2014043112,6,67,67301,2014,3,4,1630,16,1,2,1,4,1, , ,N,1,3,0,3,0,1,2,2,N,N,40 03:27.475,75 09:09.151,1701, ,1639, ,0, ,N, ,3, , , , , , , , , ,2,1,0,0,0,0,1,0,0,0,0,1,1,0,0,0,0,0,0,0,0,0,0,0,0,0,0,0,0,0,0,0,0,0,0,4,0,40.0576,-75.1525, , 
34360,397037,2014032459,6,67,67301,2014,2,1,2316,23,3,1,0,4,1, , ,N,1,2,0,3,0,2,3,2,N,N,40 03:42.317,75 03:21.839,2355, ,2347, ,0, , , ,3, , , , , , , , , ,2,0,0,0,0,0,2,0,0,0,0,2,2,0,0,0,0,0,0,0,0,0,0,1,0,0,0,0,0,0,0,0,0,0,0,4,0,40.0618,-75.0561, , 
34361,397075,2014025886,6,67,67301,2014,1,5,1330,13,1,1,0,4,1, , ,N,1,2,0,3,0,1,5,2,N, ,39 55:36.102,75 11:15.812,1356, ,1346,1,1,1, , ,3,N, , , , , , , , ,2,1,0,1,0,0,0,0,0,0,0,0,1,1,0,0,0,0,0,0,0,0,1,0,0,0,0,0,0,0,0,0,0,0,0,8,1,39.9267,-75.1879, , 
34362,397098,2014059272,6,67,67301,2014,5,6,1315,13,1,2,1,1,1, , ,N,0,2,0,3,0,3,6,5,N,N,40 00:56.856,75 08:58.951,1335, ,1325,9,1,1,N, ,3,N, , , , , , , , ,5,3,0,0,0,0,2,0,0,0,3,0,3,0,0,0,0,0,0,1,0,0,0,0,0,0,0,0,0,0,0,0,0,0,0,3,0,40.0158,-75.1497, , 
34363,397136,2014032467,6,67,67301,2014,2,5,1515,15,1,1,6,7,4, , ,N,2,0,0,3,0,1,1,1,N,N,40 06:09.097,75 03:01.486,1520, ,1516, ,0, ,N, ,0, , , , , , , , , ,1,1,0,0,0,0,0,0,0,0,0,1,1,0,0,0,0,0,0,0,0,0,1,0,0,0,0,0,0,0,0,0,0,0,0,4,0,40.1026,-75.0504, , 
34364,397141,2014039336,6,67,67301,2014,2,5,1515,15,1,1,0,8,1, , ,N,0,0,0,3,0,1,2,2,N,N,39 57:56.343,75 14:39.562,1610, ,1608, ,0, ,N, ,0, , , , , , , , , ,1,1,0,0,0,0,0,0,0,0,0,1,1,0,0,0,0,0,0,0,1,0,0,0,0,0,0,0,0,0,0,0,1,0,0,4,0,39.9657,-75.2443, , 
34365,397155,2014054645,6,67,67301,2014,5,1,1253,12,1,1,0,1,1, , ,N,1,2,0,3,0,3,4,2,N,N,40 03:05.569,75 09:00.387,1303, ,1303, ,0, ,N, ,3, , , , , , , , , ,2,2,0,0,0,0,0,0,0,0,0,0,3,3,1,0,0,0,0,1,0,0,0,0,0,0,0,0,0,0,0,0,0,0,0,8,0,40.0515,-75.1501, , 
34366,397156,2014056674,6,67,67301,2014,4,2,620,6,1,1,0,4,1, , ,N,1,2,0,3,0,1,2,2,N, ,40 00:31.603,75 08:18.898,935, ,901, ,0, , , ,3, , , , , , , , , ,2,1,0,0,0,0,1,0,0,0,0,0,1,1,1,0,0,0,0,0,0,0,0,0,0,0,0,0,0,0,0,0,0,0,0,8,0,40.0088,-75.1386, , 
34367,397168,2014013119,6,67,67301,2014,1,5,2028,20,3,4,3,4,1, , ,N,3,2,0,3,0,1,7,2,N,N,40 00:05.039,75 04:53.662,2044, ,2039, ,0, ,N, ,3, , , , , , , , , ,2,1,0,0,0,0,1,0,0,0,0,0,1,1,0,0,0,0,0,0,0,0,0,0,0,0,0,0,0,0,0,0,0,0,0,8,0,40.0014,-75.0816, , 
34368,397185,2014029881,6,67,67301,2014,2,7,1610,16,1,1,0,1,1, , ,N,0,0,0,3,0,1,3,3,N,N,40 01:15.858,75 02:21.641,1622, ,1610, ,0, ,N, ,0, , , , , , , , , ,3,2,0,0,0,0,1,0,0,0,0,1,1,0,0,0,0,0,0,0,1,0,0,0,0,0,0,0,0,0,0,0,0,0,0,4,0,40.0211,-75.0393, , 
34369,397188,2014032389,6,67,67301,2014,1,5,2052,20,3,1,0,4,1, , ,N,2,3,0,3,0,0,2,2,N,N,40 02:25.843,75 01:04.205,2110, ,2059,1,1,1,N, ,3,N, , , , , , , , ,2,2,0,0,0,0,0,0,0,0,0,0,0,0,0,0,0,1,0,0,0,0,0,0,0,0,0,0,0,0,0,0,0,0,0,0,0,40.0405,-75.0178, , 
34370,397227,2014022842,6,67,67301,2014,1,6,1330,13,1,1,0,5,6, , ,N,0,0,0,3,0,1,2,5,Y,N,40 01:34.236,75 08:09.488,1341, ,1341,3,2,6,N, ,0,Y, , , , , , , , ,5,0,0,1,3,0,0,1,0,0,0,0,1,1,0,0,0,0,0,0,0,0,0,0,0,0,0,0,0,0,0,0,0,0,0,8,1,40.0262,-75.136, , 
34371,397240,2014034138,6,67,67301,2014,3,1,510,5,3,1,0,5,6, , ,N,0,0,0,3,0,0,1,2,N,N,40 01:49.223,75 02:05.108,515, ,513, ,0, ,N, ,0, , , , , , , , , ,2,2,0,0,0,0,0,0,0,0,0,0,0,0,0,0,0,0,0,0,0,0,0,0,0,0,0,0,0,0,0,0,0,0,0,0,0,40.0303,-75.0348, , 
34372,397266,2014016940,6,67,67301,2014,1,6,1840,18,3,6,1,1,1, , ,N,1,2,0,3,0,0,2,2,N,N,40 03:17.072,75 00:17.300,1905, ,1858, ,0, ,N, ,3, , , , , , , , , ,2,1,0,0,0,0,0,1,0,0,0,0,0,0,0,0,0,0,0,0,0,0,0,0,0,0,0,0,0,0,0,0,0,0,0,0,0,40.0547,-75.0048, , 
34373,397299,2014059063,6,67,67301,2014,5,3,1950,19,1,1,0,4,1, , ,N,1,3,0,3,0,4,5,3,N,N,40 00:31.784,75 05:58.912,1957, ,1953,3,2,6, , ,3,Y, , , , , , , , ,3,3,0,0,0,0,0,0,0,0,0,4,4,0,0,0,0,0,0,1,0,0,0,0,0,0,0,0,0,0,0,0,0,0,0,4,0,40.0088,-75.0997, , 
34374,397333,2014034194,6,67,67301,2014,2,1,1240,12,1,1,0,1,1, , ,N,0,0,0,3,0,0,3,2,N, ,39 58:44.078,75 09:27.907,1319, ,1300,2,1,1, , ,0,Y, , , , , , , , ,2,0,0,0,0,0,1,1,0,0,0,0,0,0,0,0,0,0,0,0,0,0,0,0,0,0,0,0,0,0,0,0,0,0,0,0,0,39.9789,-75.1578, , 
34375,397377,2014059294,6,67,67301,2014,5,5,1324,13,1,1,0,4,1, , ,N,1,2,0,3,0,2,3,2,N, ,39 56:33.590,75 14:11.173,1329, ,1324, ,0, , , ,3, , , , , , , , , ,2,2,0,0,0,0,0,0,0,0,0,2,2,0,1,0,0,0,1,1,0,0,0,0,0,0,0,0,0,0,0,0,0,0,0,4,0,39.9427,-75.2364, , 
34376,397382,2014068026,6,67,67301,2014,5,7,2318,23,3,1,0,4,1, , ,N,1,2,0,3,0,2,3,2,N, ,40 02:40.636,75 03:16.819,2331, ,2318, ,0, , , ,3, , , , , , , , , ,2,1,0,0,0,0,1,0,0,0,0,1,2,1,0,0,0,0,0,0,0,0,0,0,0,0,0,0,0,0,0,0,0,0,0,4,0,40.0446,-75.0547, , 
34377,401484,2014031568,6,67,67301,2014,3,3,1453,14,1,1,0,1,1, , ,N,0,0,0,3,0,1,2,2,N,N,39 58:38.901,75 06:45.409,1526, ,1506,1,1,2,N, ,0,Y, , , , , , , , ,2,0,0,0,0,0,2,0,0,0,0,0,1,1,0,0,0,0,0,0,1,0,0,0,0,0,0,0,0,0,0,0,0,0,0,8,0,39.9775,-75.1126, , 
34378,401492,2014039434,6,67,67301,2014,4,5,1819,18,4,1,0,1,1, , ,N,0,0,0,3,0,0,2,2,N,N,39 59:09.215,75 05:35.177,1826, ,1823,1,1,2,N, ,0,N, , , , , , , , ,2,1,0,0,0,0,1,0,0,0,0,0,0,0,0,0,0,0,0,0,0,0,0,0,0,0,0,0,0,0,0,0,0,0,0,0,0,39.9859,-75.0931, , 
34379,401496,2014042644,6,67,67301,2014,3,6,410,4,3,1,0,7,3, , ,N,0,0,0,3,0,1,1,1,N,N,40 05:08.554,75 01:25.705,420, ,415, ,0, ,Y, ,0, , , , , , , , , ,1,1,0,0,0,0,0,0,0,0,1,0,1,0,0,0,0,0,1,0,0,0,0,0,0,0,0,0,0,0,0,0,0,0,0,3,0,40.0857,-75.0238, , 
34380,401502,2014053426,6,67,67301,2014,5,6,1630,16,1,1,0,1,1, , ,N,0,0,0,3,0,1,2,2,N,N,39 58:46.288,75 12:15.621,1635, ,1630, ,0, ,N, ,0, , , , , , , , , ,2,1,0,0,1,0,0,0,0,0,0,0,1,1,0,0,0,0,0,0,1,0,0,0,0,0,0,0,0,0,0,0,0,0,0,8,0,39.9795,-75.2043, , 
34381,401513,2014010502,6,67,67301,2014,1,5,1242,12,1,1,0,7,3, , ,N,0,0,0,3,0,1,1,1,N,N,39 55:27.900,75 08:49.685,1242, ,1242,2,1,2,N, ,0,N, , , , , , , , ,1,1,0,0,0,0,0,0,0,0,0,1,1,0,0,0,0,0,1,0,0,0,0,0,0,0,0,0,0,0,0,0,0,0,0,4,0,39.9244,-75.1471, , 
34382,401527,2014025374,6,67,67301,2014,1,3,1755,17,3,1,1,1,1, , ,N,0,0,0,3,0,2,3,2,N,N,40 06:20.577,75 02:02.673,1805, ,1757,1,1,3,N, ,0,N, , , , , , , , ,2,1,0,0,0,0,0,1,0,0,0,0,2,2,0,0,0,0,0,0,1,0,0,0,0,0,0,0,0,0,0,0,0,0,0,8,0,40.1057,-75.0341, , 
34383,401528,2014025494,6,67,67301,2014,1,4,803,8,1,5,1,4,1, , ,N,2,0,0,3,0,0,3,2,N,N,39 53:25.139,75 14:42.137,815, ,811,9,1,3,N, ,0,N, , , , , , , , ,2,1,0,0,1,0,0,0,0,0,0,0,0,0,0,0,0,0,0,0,1,0,0,0,0,0,0,0,0,0,0,0,0,0,0,0,0,39.8903,-75.245, , 
34384,401542,2014039350,6,67,67301,2014,3,7,9999,99,1,1,0,5,6, , ,N,0,0,0,3,0,1,3,2,N,N,39 57:38.852,75 08:32.867,9999, ,9999, ,0, ,N, ,0, , , , , , , , , ,1,0,0,0,0,0,1,0,1,0,0,1,1,0,0,0,0,0,0,0,0,0,0,0,0,0,0,0,0,0,0,0,0,0,0,4,0,39.9608,-75.1425, , 
34385,401634,2014049886,6,67,67301,2014,4,4,713,7,1,1,0,4,1, , ,N,1,2,0,3,0,0,2,2,N, ,39 59:39.677,75 09:28.125,738, ,734,1,1,3, , ,3,N, , , , , , , , ,2,1,0,0,0,0,1,0,0,0,0,0,0,0,1,0,0,0,0,0,0,0,0,0,0,0,0,0,0,0,0,0,0,0,0,9,0,39.9943,-75.1577, , 
34386,401646,2014065578,6,67,67301,2014,5,2,1715,17,1,1,0,5,1, , ,N,0,0,0,3,0,0,1,2,N, ,39 57:44.485,75 08:59.276,1800, ,1740, ,0, , , ,0, , , , , , , , , ,2,1,0,0,1,0,0,0,0,0,0,0,0,0,1,0,0,0,0,0,0,0,0,0,0,0,0,0,0,0,0,0,0,0,0,9,0,39.9624,-75.1498, , 
34387,401662,2014034907,6,67,67301,2014,3,5,1612,16,1,1,0,1,1, , ,N,0,0,0,3,0,1,2,2,N,N,39 59:40.848,75 05:01.514,1617, ,1617, ,0, ,N, ,0, , , , , , , , , ,2,2,0,0,0,0,0,0,0,0,0,1,1,0,0,0,0,0,0,1,1,0,0,0,0,0,0,0,0,0,0,0,0,0,0,4,0,39.9947,-75.0838, , 
34388,401736,2014051840,6,67,67301,2014,5,3,1028,10,1,1,0,1,2, , ,N,0,0,0,3,0,2,3,2,N,N,40 00:05.909,75 11:40.475,1039, ,1034,2,2,4,N, ,0,N, , , , , , , , ,2,1,0,0,1,0,0,0,0,0,1,1,2,0,0,0,0,0,0,0,1,0,0,0,0,0,0,0,0,0,0,0,0,0,0,3,0,40.0016,-75.1946, , 
34389,401766,2014033959,6,67,67301,2014,3,7,2329,23,3,1,0,7,2, , ,N,7,0,0,3,0,0,1,1,N,N,39 54:26.891,75 08:58.831,2337, ,2330,1,1,1,N, ,0,N, , , , , , , , ,1,1,0,0,0,0,0,0,0,0,0,0,0,0,0,0,0,0,0,0,0,0,0,0,0,0,0,0,0,0,0,0,0,0,0,0,0,39.9087,-75.1494, , 
34390,401778,2014050251,6,67,67301,2014,4,6,1505,15,1,1,0,0,1, , ,N,0,0,0,3,0,0,4,2,N,N,39 57:23.995,75 08:32.224,1522, ,1515,3,2,2,N, ,0,N, , , , , , , , ,2,2,0,0,0,0,0,0,0,0,0,0,0,0,0,0,0,0,0,0,0,0,0,0,0,0,0,0,0,0,0,0,0,0,0,0,0,39.9567,-75.1423, , 