objectid_1,objectid,crn,district,county,municipality,crash_year,crash_month,day_of_week,time_of_day,hour_of_day,illumination,weather,road_condition,collision_type,relation_to_road,work_zone_type,work_zone_loc,work_zone_ind,intersect_type,tcd_type,location_type,urban_rural,fatal_count,injury_count,person_count,total_units,sch_bus_ind,sch_zone_ind,latitude,longitude,arrival_tm,cons_zone_spd_lim,dispatch_tm,est_hrs_closed,lane_closed,ln_close_dir,ntfy_hiwy_maint,spec_juris_cd,tcd_func_cd,tfc_detour_ind,workers_pres,wz_close_detour,wz_flagger,wz_law_offcr_ind,wz_ln_closure,wz_moving,wz_other,wz_shlder_mdn,vehicle_count,automobile_count,motorcycle_count,bus_count,small_truck_count,heavy_truck_count,suv_count,van_count,bicycle_count,maj_inj_count,mod_inj_count,min_inj_count,tot_inj_count,unk_inj_deg_count,unk_inj_per_count,driver_count_16yr,driver_count_17yr,driver_count_18yr,driver_count_19yr,driver_count_20yr,driver_count_50_64yr,driver_count_65_74yr,driver_count_75plus,unbelted_occ_count,unb_death_count,unb_maj_inj_count,belted_death_count,belted_maj_inj_count,mcycle_death_count,mcycle_maj_inj_count,bicycle_death_count,bicycle_maj_inj_count,ped_count,ped_death_count,ped_maj_inj_count,max_severity_level,comm_veh_count,dec_lat,dec_long,rdwy_surf_type_cd,county_name
34458,402055,2014032462,6,67,67301,2014,2,7,1812,18,3,4,4,8,1, , ,N,0,0,0,3,0,1,6,2,N,N,40 00:47.501,75 11:14.479,1818, ,1814,1,2,7,N, ,0,Y, , , , , , , , ,1,1,0,0,0,0,0,0,0,0,0,1,1,0,0,0,0,0,0,0,0,0,0,0,0,0,0,0,0,0,0,0,1,0,0,4,0,40.0132,-75.1874, , 
34459,402066,2014049627,6,67,67301,2014,4,5,808,8,1,1,0,7,4, , ,N,0,0,0,3,0,1,2,1,N, ,40 05:22.753,74 59:04.871,810, ,808, ,0, , , ,0, , , , , , , , , ,1,1,0,0,0,0,0,0,0,0,0,1,1,0,0,0,0,1,0,0,0,0,0,0,0,0,0,0,0,0,0,0,0,0,0,4,0,40.0897,-74.9847, , 
34460,402071,2014054490,6,67,67301,2014,5,7,5,0,3,1,0,7,4, , ,N,0,0,0,3,0,1,1,1,N,N,40 07:51.267,75 00:50.573,20, ,15, ,0, ,N, ,0, , , , , , , , , ,1,1,0,0,0,0,0,0,0,0,0,1,1,0,0,0,0,0,0,0,0,0,1,0,0,0,0,0,0,0,0,0,0,0,0,4,0,40.1309,-75.014, , 
34461,402078,2014058993,6,67,67301,2014,5,7,945,9,1,1,0,8,1, , ,N,0,2,7,3,0,1,2,2,N, ,39 57:01.613,75 11:58.151,948, ,945, ,0, , , ,3, , , , , , , , , ,1,1,0,0,0,0,0,0,0,0,0,0,1,1,0,0,0,0,0,0,0,0,0,0,0,0,0,0,0,0,0,0,1,0,0,8,0,39.9504,-75.1995, , 
34462,402086,2014012147,6,67,67301,2014,1,1,415,4,3,4,5,7,2, , ,N,7,0,2,3,0,0,1,1,N,N,40 00:36.229,75 03:50.590,415, ,415,1,1,5,N, ,0,N, , , , , , , , ,1,1,0,0,0,0,0,0,0,0,0,0,0,0,1,0,0,0,0,0,0,0,0,0,0,0,0,0,0,0,0,0,0,0,0,9,0,40.0101,-75.0641, , 
34463,402101,2014025483,6,67,67301,2014,1,1,1845,18,3,1,0,4,1, , ,N,0,0,0,3,0,2,2,2,N,N,39 59:49.189,75 11:06.428,1918, ,1915,2,1,1,N, ,0,N, , , , , , , , ,2,1,0,0,0,0,0,1,0,0,0,1,2,1,0,0,0,1,0,0,0,0,0,0,0,0,0,0,0,0,0,0,0,0,0,4,0,39.997,-75.1851, , 
34464,402107,2014037980,6,67,67301,2014,3,5,1510,15,1,1,0,5,1, , ,N,0,0,0,3,0,0,2,2,N,N,39 56:57.528,75 11:04.066,1533, ,1525, ,0, ,N, ,0, , , , , , , , , ,2,2,0,0,0,0,0,0,0,0,0,0,0,0,0,0,0,0,0,0,0,0,0,0,0,0,0,0,0,0,0,0,0,0,0,0,0,39.9493,-75.1845, , 
34465,402109,2014038987,6,67,67301,2014,2,6,1515,15,1,1,0,4,1, , ,N,1,3,0,3,0,2,5,3,N,N,39 57:33.134,75 14:14.312,1515, ,1515, ,0, ,N, ,3, , , , , , , , , ,3,3,0,0,0,0,0,0,0,0,0,2,2,0,0,0,0,0,0,0,0,0,0,0,0,0,0,0,0,0,0,0,0,0,0,4,0,39.9592,-75.2373, , 
34466,402110,2014038994,6,67,67301,2014,3,5,1926,19,3,1,0,1,1, , ,N,0,2,0,3,0,2,3,2,N,N,39 59:48.113,75 06:55.120,1933, ,1929, ,0, , , ,3, , , , , , , , , ,2,2,0,0,0,0,0,0,0,0,0,0,2,2,0,0,0,0,0,0,0,0,0,2,0,0,0,0,0,0,0,0,0,0,0,8,0,39.9967,-75.1153, , 
34467,402171,2014049546,6,67,67301,2014,4,1,2045,20,3,1,0,4,1, , ,N,1,3,0,3,0,1,2,2,N,N,39 56:00.596,75 11:30.487,2049, ,2046, ,0, , , ,3, , , , , , , , , ,1,1,0,0,0,0,0,0,1,0,0,0,1,1,0,0,0,0,0,0,0,0,0,0,0,0,0,0,0,0,0,0,0,0,0,8,0,39.9335,-75.1918, , 
34468,402200,2014032430,6,67,67301,2014,2,7,19,0,3,1,6,1,1, , ,N,0,0,0,3,0,0,2,2,N,N,39 56:04.372,75 13:18.006,29, ,23,2,1,3,N, ,0,N, , , , , , , , ,2,2,0,0,0,0,0,0,0,0,0,0,0,0,1,0,0,0,0,0,1,0,0,0,0,0,0,0,0,0,0,0,0,0,0,9,0,39.9345,-75.2217, , 
34469,410635,2014038915,6,67,67301,2014,3,2,1243,12,1,1,0,6,6, , ,N,0,0,0,3,0,0,1,2,N,N,40 03:13.443,75 05:38.990,1302, ,1259, ,0, ,N, ,0, , , , , , , , , ,2,1,0,0,0,0,1,0,0,0,0,0,0,0,0,0,0,0,0,0,0,0,0,0,0,0,0,0,0,0,0,0,0,0,0,0,0,40.0537,-75.0942, , 
34470,410637,2014042573,6,67,67301,2014,4,4,741,7,1,1,0,1,1, , ,N,0,3,0,3,0,0,2,2,N,N,40 01:33.400,75 13:26.400,745, ,741, ,0, ,N, ,3, , , , , , , , , ,2,1,0,0,0,0,1,0,0,0,0,0,0,0,1,0,0,0,0,0,1,0,0,0,0,0,0,0,0,0,0,0,0,0,0,9,0,40.0259,-75.224, , 
34471,410659,2014068163,6,67,67301,2014,6,1,828,8,1,1,0,8,1, , ,N,1,3,0,3,0,1,2,2,N, ,39 58:59.883,75 08:44.836,849, ,848, ,0, , , ,3, , , , , , , , , ,1,1,0,0,0,0,0,0,0,0,0,1,1,0,0,0,0,0,0,0,1,0,0,0,0,0,0,0,0,0,0,0,1,0,0,4,0,39.9833,-75.1458, , 
34472,410676,2014025540,6,67,67301,2014,1,2,248,2,3,1,0,1,6, , ,N,0,0,0,3,0,0,1,2,N,N,39 58:56.228,75 11:08.139,305, ,301, ,0, , , ,0, , , , , , , , , ,2,1,0,0,0,0,1,0,0,0,0,0,0,0,0,0,0,0,0,0,0,0,0,0,0,0,0,0,0,0,0,0,0,0,0,0,0,39.9823,-75.1856, , 
34473,410679,2014028080,6,67,67301,2014,1,5,1900,19,3,9,1,8,1, , ,N,1,2,0,3,0,1,2,2,N,N,40 03:39.280,75 09:50.864,9999, ,9999, ,0, , , ,3, , , , , , , , , ,1,0,0,0,0,0,1,0,0,0,1,0,1,0,1,0,0,0,0,0,0,0,0,0,0,0,0,0,0,0,0,0,1,0,0,3,0,40.0609,-75.1641, , 
34474,410680,2014029874,6,67,67301,2014,2,1,1953,19,3,1,0,4,1, , ,N,1,2,0,3,0,1,6,2,N, ,40 00:15.609,75 07:41.037,2023, ,2023,2,1,1, , ,3,Y, , , , , , , , ,2,1,0,0,0,0,1,0,0,0,0,0,1,1,0,0,1,0,0,1,0,0,0,5,0,0,0,0,0,0,0,0,0,0,0,8,0,40.0043,-75.1281, , 
34475,410706,2014074527,6,67,67301,2014,6,1,500,5,1,1,0,5,6, , ,N,0,0,0,3,0,0,2,3,N,N,40 00:27.678,75 09:49.463,537, ,527, ,0, ,N, ,0, , , , , , , , , ,3,0,0,0,0,0,1,1,0,0,0,0,0,0,0,0,0,0,0,0,0,0,0,2,0,0,0,0,0,0,0,0,0,0,0,0,0,40.0077,-75.1637, , 
34476,410741,2014045051,6,67,67301,2014,4,4,129,1,3,2,1,7,4, , ,N,0,0,0,3,0,0,1,1,N,N,40 02:07.421,75 01:04.613,136, ,130,2,1,1,N, ,0,N, , , , , , , , ,1,0,0,0,0,1,0,0,0,0,0,0,0,0,0,0,0,0,0,0,0,0,0,0,0,0,0,0,0,0,0,0,0,0,0,0,1,40.0354,-75.0179, , 
34477,410742,2014047615,6,67,67301,2014,5,5,515,5,3,2,1,4,1, , ,N,0,0,0,3,0,0,2,2,N,N,39 57:35.761,75 10:41.766,530, ,517,2,1,4,N, ,0,N, , , , , , , , ,2,1,0,0,0,0,1,0,0,0,0,0,0,0,0,0,0,0,0,0,1,0,0,0,0,0,0,0,0,0,0,0,0,0,0,0,0,39.9599,-75.1783, , 
34478,410759,2014056371,6,67,67301,2014,6,1,230,2,3,1,0,7,3, , ,N,0,0,0,3,0,1,2,1,N,N,39 55:22.176,75 08:50.931,253, ,236, ,0, ,Y, ,0, , , , , , , , , ,1,0,0,0,0,0,0,1,0,0,0,1,1,0,0,0,0,0,1,0,0,0,0,0,0,0,0,0,0,0,0,0,0,0,0,4,0,39.9228,-75.1475, , 
34479,410775,2014029821,6,67,67301,2014,1,4,821,8,1,5,0,5,6, , ,N,0,0,0,3,0,1,2,2,N,N,39 57:09.385,75 10:06.683,826, ,822, ,0, ,N, ,0, , , , , , , , , ,2,2,0,0,0,0,0,0,0,0,0,0,1,1,0,0,0,0,0,0,0,0,1,0,0,0,0,0,0,0,0,0,0,0,0,8,0,39.9526,-75.1685, , 
34480,410776,2014030518,6,67,67301,2014,2,5,1524,15,1,1,0,1,1,1,4,Y,0,0,0,3,0,1,2,2,N,N,40 01:36.706,75 01:34.340,1546,45,1524, ,0, ,N, ,0, ,Y,N,N,N,N,N,N,Y,2,2,0,0,0,0,0,0,0,0,0,0,1,1,1,0,0,0,0,0,0,0,0,0,0,0,0,0,0,0,0,0,0,0,0,8,0,40.0269,-75.0262, , 
34481,410784,2014034170,6,67,67301,2014,2,6,1551,15,1,1,0,8,1, , ,N,1,3,0,3,0,1,2,2,N, ,39 59:59.762,75 07:37.117,1602, ,1552, ,0, , , ,3, , , , , , , , , ,1,1,0,0,0,0,0,0,0,0,0,1,1,0,0,0,0,0,0,1,0,0,0,1,0,0,0,0,0,0,0,0,1,0,0,4,0,39.9999,-75.127, , 
34482,410790,2014043046,6,67,67301,2014,3,3,2019,20,3,4,1,7,4, , ,N,0,0,0,3,0,0,2,2,N,N,40 00:30.168,75 11:40.434,2024, ,2019,2,1,1,N, ,0,N, , , , , , , , ,1,0,0,0,1,0,0,0,0,0,0,0,0,0,0,0,0,0,0,0,0,0,0,0,0,0,0,0,0,0,0,0,0,0,0,0,0,40.0084,-75.1946, , 
34483,410798,2014049555,6,67,67301,2014,4,5,9999,99,3,9,1,4,1, , ,N,1,2,0,3,0,3,5,2,N,N,39 58:22.052,75 12:58.705,9999, ,2049, ,0, , , ,3, , , , , , , , , ,2,0,0,0,1,0,1,0,0,0,0,3,3,0,0,0,0,0,0,0,0,0,0,0,0,0,0,0,0,0,0,0,0,0,0,4,0,39.9728,-75.2163, , 
34484,410799,2014049753,6,67,67301,2014,4,7,1400,14,1,1,0,8,1, , ,N,2,2,0,3,0,1,2,2,N, ,40 03:43.260,75 05:05.283,1402, ,1400, ,0, , , ,3, , , , , , , , , ,1,1,0,0,0,0,0,0,0,0,0,1,1,0,0,0,0,0,0,0,1,0,0,0,0,0,0,0,0,0,0,0,1,0,0,4,0,40.062,-75.0848, , 
34485,410835,2014025432,6,67,67301,2014,1,4,1220,12,1,1,0,1,1, , ,N,1,2,0,3,0,3,4,2,N, ,39 58:28.020,75 09:31.391,1240, ,1237,2,1,2, , ,3,Y, , , , , , , , ,2,0,0,0,0,0,2,0,0,0,1,0,3,2,0,0,0,0,0,0,1,0,0,0,0,0,0,0,0,0,0,0,0,0,0,3,0,39.9745,-75.1587, , 
34486,410877,2014031569,6,67,67301,2014,3,5,821,8,1,1,0,5,1, , ,N,0,0,0,3,0,0,3,2,N,N,39 55:24.467,75 11:32.292,827, ,821,2,2,4,N, ,0,Y, , , , , , , , ,2,1,0,0,0,0,0,1,0,0,0,0,0,0,0,0,0,0,0,0,0,0,0,0,0,0,0,0,0,0,0,0,0,0,0,0,0,39.9234,-75.1922, , 
34487,410883,2014038326,6,67,67301,2014,3,2,459,4,3,4,3,7,2, , ,N,0,0,0,3,0,0,1,2,N,N,39 53:30.318,75 13:22.269,549, ,459, ,0, ,N, ,0, , , , , , , , , ,2,2,0,0,0,0,0,0,0,0,0,0,0,0,0,0,0,0,0,0,0,0,0,0,0,0,0,0,0,0,0,0,0,0,0,0,0,39.8918,-75.2229, , 
34488,406855,2014057569,6,67,67301,2014,6,1,1830,18,1,1,0,4,1, , ,N,1,2,0,3,0,2,3,2,N,N,39 59:03.796,75 09:15.868,1830, ,1830, ,0, ,N, ,3, , , , , , , , , ,2,1,0,0,0,0,1,0,0,0,0,2,2,0,0,0,0,0,0,0,0,0,0,0,0,0,0,0,0,0,0,0,0,0,0,4,0,39.9844,-75.1544, , 
34489,406856,2014061060,6,67,67301,2014,5,1,3,0,3,2,1,4,1, , ,N,1,2,0,3,0,1,2,2,N, ,40 03:23.752,75 01:08.811,9, ,6, ,0, ,N, ,3, , , , , , , , , ,2,1,0,0,0,0,1,0,0,0,0,1,1,0,0,0,0,0,0,0,1,0,0,0,0,0,0,0,0,0,0,0,0,0,0,4,0,40.0564,-75.0191, , 
34490,406882,2014025407,6,67,67301,2014,1,2,855,8,1,4,5,5,1, , ,N,1,2,0,3,0,1,3,2,N,N,39 58:59.480,75 09:24.548,905, ,859,2,2,4,N, ,3,Y, , , , , , , , ,2,2,0,0,0,0,0,0,0,1,0,0,1,0,0,0,0,0,0,0,0,0,0,0,0,0,0,0,0,0,0,0,0,0,0,2,0,39.9832,-75.1568, , 
34491,406888,2014032434,6,67,67301,2014,1,5,1438,14,1,1,0,1,1, , ,N,0,0,0,3,0,1,3,2,N, ,39 59:10.724,75 12:18.926,1445, ,1439,1,2,1,N, ,0,Y, , , , , , , , ,2,1,0,0,0,1,0,0,0,0,0,1,1,0,0,0,0,0,0,0,1,0,0,2,0,0,0,0,0,0,0,0,0,0,0,4,1,39.9863,-75.2053, , 
34492,406891,2014034165,6,67,67301,2014,2,4,2208,22,3,1,0,5,1, , ,N,1,2,0,3,0,0,2,2,N,N,39 53:40.603,75 14:12.181,2220, ,2216, ,0, ,N, ,3, , , , , , , , , ,2,1,0,0,0,1,0,0,0,0,0,0,0,0,0,0,0,0,0,0,1,0,0,0,0,0,0,0,0,0,0,0,0,0,0,0,1,39.8946,-75.2367, , 
34493,406892,2014034619,6,67,67301,2014,3,2,1353,13,1,1,0,5,1, , ,N,0,0,0,3,0,2,5,2,N,N,39 55:41.044,75 11:45.587,1440, ,1358, ,0, ,N, ,0, , , , , , , , , ,2,1,0,0,0,0,1,0,0,0,1,1,2,0,0,0,0,0,0,0,0,0,0,1,0,0,0,0,0,0,0,0,0,0,0,3,0,39.9281,-75.196, , 
34494,406918,2014016484,6,67,67301,2014,2,3,400,4,3,1,0,7,2, , ,N,7,0,2,3,0,0,1,1,N,N,39 57:36.094,75 10:47.782,409, ,402, ,0, ,N, ,0, , , , , , , , , ,1,1,0,0,0,0,0,0,0,0,0,0,0,0,0,0,0,0,0,0,0,0,0,1,0,0,0,0,0,0,0,0,0,0,0,0,0,39.96,-75.1799, , 
34495,406927,2014025355,6,67,67301,2014,1,1,3,0,3,4,3,4,1, , ,N,1,3,0,3,0,0,3,2,N,N,39 55:02.791,75 14:02.756,25, ,17, ,0, ,N, ,3, , , , , , , , , ,2,0,0,0,0,0,2,0,0,0,0,0,0,0,0,0,0,0,0,0,0,0,0,0,0,0,0,0,0,0,0,0,0,0,0,0,0,39.9174,-75.2341, , 
34496,406937,2014034235,6,67,67301,2014,1,2,1818,18,3,1,0,8,1, , ,N,1,2,0,3,1,0,2,2,N,N,39 54:14.619,75 14:25.049,1826, ,1818, ,0, ,N,0,3, , , , , , , , , ,1,1,0,0,0,0,0,0,0,0,0,0,0,0,0,0,0,0,0,0,0,0,0,0,0,0,0,0,0,0,0,0,1,1,0,1,0,39.904,-75.2401,2, 
34497,406944,2014049487,6,67,67301,2014,4,2,1206,12,1,2,1,4,1, , ,N,1,2,0,3,0,2,2,2,N,Y,40 00:10.925,75 10:38.163,1208, ,1208, ,0, ,N, ,3, , , , , , , , , ,2,0,0,0,0,0,1,1,0,0,0,0,2,2,0,0,0,0,0,0,2,0,0,0,0,0,0,0,0,0,0,0,0,0,0,8,0,40.0031,-75.1773, , 
34498,406991,2014049597,6,67,67301,2014,4,7,239,2,3,1,0,4,1, , ,N,1,2,0,3,0,0,2,2,N,N,40 02:09.368,75 02:32.560,245, ,239,1,1,1,N, ,3,N, , , , , , , , ,2,1,0,0,0,0,1,0,0,0,0,0,0,0,0,0,0,0,0,0,0,0,0,0,0,0,0,0,0,0,0,0,0,0,0,0,0,40.0359,-75.0424, , 
34499,407016,2014016147,6,67,67301,2014,1,2,1010,10,1,2,1,5,1, , ,N,0,0,0,3,0,0,2,2,N, ,39 55:00.048,75 14:17.427,1042, ,1032, ,0, , , ,0, , , , , , , , , ,2,0,0,0,1,1,0,0,0,0,0,0,0,0,0,0,0,0,0,0,0,0,0,0,0,0,0,0,0,0,0,0,0,0,0,0,1,39.9167,-75.2382, , 
34500,407037,2014044606,6,67,67301,2014,3,5,128,1,3,1,1,7,4, , ,N,0,0,0,3,0,0,1,1,N,N,39 59:09.495,75 12:54.079,140, ,128, ,0, ,N, ,0, , , , , , , , , ,1,1,0,0,0,0,0,0,0,0,0,0,0,0,0,0,0,0,0,0,0,0,0,0,0,0,0,0,0,0,0,0,0,0,0,0,0,39.986,-75.215, , 
34501,407071,2014024750,6,67,67301,2014,1,1,500,5,3,1,1,7,2, , ,N,0,0,0,3,0,1,1,1,N,N,39 58:31.446,75 11:41.101,501, ,501,2,1,3,N, ,0,N, , , , , , , , ,1,1,0,0,0,0,0,0,0,0,0,1,1,0,0,0,0,0,0,0,0,0,0,0,0,0,0,0,0,0,0,0,0,0,0,4,0,39.9754,-75.1948, , 
34502,407078,2014038875,6,67,67301,2014,3,7,2200,22,3,1,0,1,1, , ,N,0,0,0,3,0,0,1,2,N,N,40 05:53.021,74 58:35.864,2206, ,2204, ,0, ,N, ,0, , , , , , , , , ,2,0,0,0,1,0,1,0,0,0,0,0,0,0,0,0,0,0,0,0,0,0,0,0,0,0,0,0,0,0,0,0,0,0,0,0,0,40.0981,-74.9766, , 
34503,407089,2014049950,6,67,67301,2014,5,4,1741,17,1,1,0,1,1, , ,N,0,0,0,3,0,0,2,2,N,N,39 59:27.048,75 05:11.053,1804, ,1753, ,0, ,N, ,0, , , , , , , , , ,2,0,0,0,1,0,1,0,0,0,0,0,0,0,0,0,0,0,0,0,0,0,0,0,0,0,0,0,0,0,0,0,0,0,0,0,0,39.9908,-75.0864, , 
34504,407095,2014054504,6,67,67301,2014,4,1,1821,18,1,1,0,4,1, , ,N,1,2,0,3,0,2,3,4,N,N,39 55:01.873,75 10:28.664,1827, ,1821, ,0, , , ,3, , , , , , , , , ,4,2,0,0,1,0,1,0,0,0,0,1,2,1,0,0,0,0,0,0,0,0,0,0,0,0,0,0,0,0,0,0,0,0,0,4,0,39.9172,-75.1746, , 
34505,407097,2014059050,6,67,67301,2014,5,3,1910,19,1,1,0,8,1, , ,N,0,0,0,3,0,1,2,2,N,N,40 02:40.650,75 03:34.254,1915, ,1910, ,0, ,N, ,0, , , , , , , , , ,1,0,0,0,1,0,0,0,0,0,0,0,1,1,0,0,0,0,0,0,0,0,0,0,0,0,0,0,0,0,0,0,1,0,0,8,0,40.0446,-75.0595, , 
34506,407098,2014059267,6,67,67301,2014,5,5,1900,19,1,1,0,4,1, , ,N,1,2,0,3,0,2,5,2,N,N,39 57:30.563,75 13:30.647,1903, ,1901, ,0, ,N, ,3, , , , , , , , , ,2,1,0,0,0,0,1,0,0,0,1,1,2,0,1,0,0,0,0,0,0,0,0,0,0,0,0,0,0,0,0,0,0,0,0,3,0,39.9585,-75.2252, , 
34507,397724,2014039026,6,67,67301,2014,3,5,1444,14,1,1,0,1,1, , ,N,6,2,2,3,0,1,2,2,N, ,39 57:22.423,75 08:56.893,1451, ,1448, ,0, , , ,3, , , , , , , , , ,2,2,0,0,0,0,0,0,0,0,0,1,1,0,0,0,0,0,0,0,1,0,0,0,0,0,0,0,0,0,0,0,0,0,0,4,0,39.9566,-75.1491, , 
34508,397737,2014060822,6,67,67301,2014,5,5,1231,12,1,1,0,4,5, , ,N,0,0,0,3,0,0,1,2,N,N,40 06:04.627,75 00:23.109,1237, ,1232, ,0, ,N, ,0, , , , , , , , , ,2,0,0,0,1,0,1,0,0,0,0,0,0,0,0,0,0,0,0,0,0,0,0,0,0,0,0,0,0,0,0,0,0,0,0,0,0,40.1013,-75.0064, , 
34509,397764,2014039000,6,67,67301,2014,3,4,1918,19,2,2,1,8,1, , ,N,1,2,0,3,0,1,2,2,N, ,40 02:32.500,75 04:57.930,1922, ,1922, ,0, , , ,3, , , , , , , , , ,1,0,0,0,0,0,1,0,0,0,1,0,1,0,0,0,0,0,0,0,0,0,0,0,0,0,0,0,0,0,0,0,1,0,0,3,0,40.0424,-75.0827, , 
34510,397765,2014039067,6,67,67301,2014,3,7,2224,22,3,1,0,1,1, , ,N,1,2,0,3,0,3,4,3,N,N,40 03:11.181,75 08:59.701,2245, ,2228, ,0, ,N, ,3, , , , , , , , , ,3,2,0,0,0,0,1,0,0,0,0,3,3,0,0,0,0,0,0,0,2,0,0,0,0,0,0,0,0,0,0,0,0,0,0,4,0,40.0531,-75.1499, , 
34511,397769,2014042699,6,67,67301,2014,4,3,1915,19,1,1,0,8,1, , ,N,5,2,0,3,0,1,2,2,N,N,40 02:30.909,75 04:29.910,1920, ,1917, ,0, ,N, ,3, , , , , , , , , ,1,1,0,0,0,0,0,0,0,0,0,1,1,0,0,0,0,0,0,0,0,0,0,0,0,0,0,0,0,0,0,0,1,0,0,4,0,40.0419,-75.075, , 
34512,397770,2014042722,6,67,67301,2014,3,4,755,7,1,1,0,4,1, , ,N,2,3,0,3,0,2,3,2,N,N,39 58:12.248,75 14:17.872,809, ,756, ,0, ,N, ,3, , , , , , , , , ,2,2,0,0,0,0,0,0,0,0,0,2,2,0,0,0,0,0,0,0,0,0,0,0,0,0,0,0,0,0,0,0,0,0,0,4,0,39.9701,-75.2383, , 
34513,397811,2014025503,6,67,67301,2014,1,2,2104,21,3,1,0,1,1, , ,N,1,2,0,3,0,0,5,5,N,N,40 01:46.123,75 08:48.184,2106, ,2105,2,2,2,N, ,3,Y, , , , , , , , ,5,3,0,0,1,0,1,0,0,0,0,0,0,0,1,0,0,0,0,0,1,0,0,0,0,0,0,0,0,0,0,0,0,0,0,9,0,40.0295,-75.1467, , 
34514,397828,2014042053,6,67,67301,2014,4,7,313,3,3,1,0,4,1, , ,N,1,2,0,3,0,1,2,2,N,N,40 02:40.890,75 03:16.537,313, ,313,2,2,7,Y, ,3,Y, , , , , , , , ,2,2,0,0,0,0,0,0,0,0,0,1,1,0,0,0,0,0,0,0,0,0,0,2,0,0,0,0,0,0,0,0,0,0,0,4,0,40.0446,-75.0547, , 
34515,397873,2014051750,6,67,67301,2014,4,7,9999,99,3,2,1,4,1, , ,N,1,2,2,3,0,3,7,2,N,N,39 54:37.267,75 09:03.362,123, ,51, ,0, , , ,3, , , , , , , , , ,2,1,0,0,0,0,1,0,0,0,0,3,3,0,0,0,0,0,0,0,0,0,0,2,0,0,0,0,0,0,0,0,0,0,0,4,0,39.9104,-75.151, , 
34516,397879,2014058766,6,67,67301,2014,6,5,2022,20,4,1,0,7,2, , ,N,0,0,3,3,0,1,1,1,N,N,39 57:36.465,75 10:47.770,2031, ,2023, ,0, ,N, ,0, , , , , , , , , ,1,0,1,0,0,0,0,0,0,1,0,0,1,0,0,0,0,0,0,0,0,0,0,0,0,0,0,0,0,1,0,0,0,0,0,2,0,39.9601,-75.1799, , 
34517,397880,2014059232,6,67,67301,2014,4,4,1300,13,1,2,1,8,1, , ,N,1,2,0,3,0,1,2,2,N,N,39 57:23.109,75 09:52.045,1320, ,1308, ,0, ,N, ,3, , , , , , , , , ,1,1,0,0,0,0,0,0,0,0,0,1,1,0,0,0,0,0,0,0,1,0,0,0,0,0,0,0,0,0,0,0,1,0,0,4,0,39.9564,-75.1645, , 
34518,397901,2014029194,6,67,67301,2014,3,7,2100,21,3,1,0,1,1, , ,N,0,0,0,3,0,5,15,4,N,N,39 58:38.870,75 06:44.103,2100, ,2100, ,0, ,N, ,0, , , , , , , , , ,4,2,0,0,0,0,2,0,0,0,0,0,5,5,0,0,0,0,1,0,0,0,0,0,0,0,0,0,0,0,0,0,0,0,0,8,0,39.9775,-75.1123, , 
34519,397907,2014034211,6,67,67301,2014,3,2,254,2,3,4,3,7,4, , ,N,0,0,1,3,0,1,2,1,N,N,40 00:25.008,75 11:19.843,259, ,257, ,0, ,N, ,0, , , , , , , , , ,1,0,0,0,0,0,0,1,0,0,1,0,1,0,1,0,0,0,0,0,0,0,0,0,0,0,0,0,0,0,0,0,0,0,0,3,0,40.007,-75.1889, , 
34520,397914,2014038881,6,67,67301,2014,3,4,1300,13,1,1,0,1,1, , ,N,1,2,0,3,0,2,3,2,N, ,40 01:14.970,75 07:05.771,9999, ,9999, ,0, , , ,3, , , , , , , , , ,2,1,0,0,1,0,0,0,0,0,0,2,2,0,0,0,0,0,0,0,0,0,0,0,0,0,0,0,0,0,0,0,0,0,0,4,0,40.0208,-75.1183, , 
34521,397932,2014057077,6,67,67301,2014,6,5,840,8,1,2,1,7,5, , ,N,0,0,0,3,0,0,1,1,N,N,39 54:43.007,75 08:54.972,855, ,847,1,1,1,N, ,0,N, , , , , , , , ,1,1,0,0,0,0,0,0,0,0,0,0,0,0,0,0,0,0,0,0,0,0,0,0,0,0,0,0,0,0,0,0,0,0,0,0,0,39.9119,-75.1486, , 
34522,397965,2014049794,6,67,67301,2014,4,4,740,7,1,2,1,3,1,8,8,Y,2,0,0,3,0,1,3,2,N,N,40 01:10.563,75 02:33.201,815,99,754, ,0, ,N, ,0, ,U,U,U,U,U,U,U,U,2,0,0,0,0,1,0,1,0,0,0,1,1,0,1,0,0,0,0,0,0,0,0,0,0,0,0,0,0,0,0,0,0,0,0,4,0,40.0196,-75.0426, , 
34523,398009,2014032351,6,67,67301,2014,2,3,1100,11,1,1,0,1,6, , ,N,0,0,0,3,0,1,2,2,N,N,39 59:37.532,75 07:59.404,1200, ,1200, ,0, ,N, ,0, , , , , , , , , ,2,1,0,0,1,0,0,0,0,0,0,1,1,0,0,0,0,0,0,0,0,0,0,0,0,0,0,0,0,0,0,0,0,0,0,4,0,39.9938,-75.1332, , 
34524,398039,2014013079,6,67,67301,2014,1,7,2040,20,3,4,3,7,3, , ,N,0,0,0,3,0,0,1,1,N,N,40 07:04.733,74 58:57.779,2045, ,2040,1,1,2,Y, ,0,Y, , , , , , , , ,1,1,0,0,0,0,0,0,0,0,0,0,0,0,0,0,0,0,0,0,0,0,0,0,0,0,0,0,0,0,0,0,0,0,0,0,0,40.118,-74.9827, , 
34525,402215,2014049884,6,67,67301,2014,4,5,2300,23,3,2,1,1,1, , ,N,1,2,0,3,0,1,3,3,N, ,40 02:11.683,75 13:06.904,2305, ,2300, ,0, , , ,3, , , , , , , , , ,3,2,0,0,0,0,0,1,0,0,0,1,1,0,0,0,0,0,0,0,0,0,0,1,0,0,0,0,0,0,0,0,0,0,0,4,0,40.0366,-75.2186, , 