objectid_1,objectid,crn,district,county,municipality,crash_year,crash_month,day_of_week,time_of_day,hour_of_day,illumination,weather,road_condition,collision_type,relation_to_road,work_zone_type,work_zone_loc,work_zone_ind,intersect_type,tcd_type,location_type,urban_rural,fatal_count,injury_count,person_count,total_units,sch_bus_ind,sch_zone_ind,latitude,longitude,arrival_tm,cons_zone_spd_lim,dispatch_tm,est_hrs_closed,lane_closed,ln_close_dir,ntfy_hiwy_maint,spec_juris_cd,tcd_func_cd,tfc_detour_ind,workers_pres,wz_close_detour,wz_flagger,wz_law_offcr_ind,wz_ln_closure,wz_moving,wz_other,wz_shlder_mdn,vehicle_count,automobile_count,motorcycle_count,bus_count,small_truck_count,heavy_truck_count,suv_count,van_count,bicycle_count,maj_inj_count,mod_inj_count,min_inj_count,tot_inj_count,unk_inj_deg_count,unk_inj_per_count,driver_count_16yr,driver_count_17yr,driver_count_18yr,driver_count_19yr,driver_count_20yr,driver_count_50_64yr,driver_count_65_74yr,driver_count_75plus,unbelted_occ_count,unb_death_count,unb_maj_inj_count,belted_death_count,belted_maj_inj_count,mcycle_death_count,mcycle_maj_inj_count,bicycle_death_count,bicycle_maj_inj_count,ped_count,ped_death_count,ped_maj_inj_count,max_severity_level,comm_veh_count,dec_lat,dec_long,rdwy_surf_type_cd,county_name
34526,402240,2014021571,6,67,67301,2014,1,3,1916,19,3,2,1,8,1, , ,N,1,2,0,3,0,1,2,2,N, ,40 03:19.147,75 04:24.059,2009, ,2001, ,0, , , ,3, , , , , , , , , ,1,0,0,0,0,0,1,0,0,0,0,1,1,0,0,0,0,0,0,0,0,1,0,0,0,0,0,0,0,0,0,0,1,0,0,4,0,40.0553,-75.0733, , 
34527,402245,2014025497,6,67,67301,2014,1,6,358,3,3,1,0,4,1, , ,N,1,2,0,3,0,2,3,2,N, ,40 04:18.292,75 09:14.575,403, ,401,2,1,5, , ,3,Y, , , , , , , , ,2,1,0,0,0,0,1,0,0,0,1,1,2,0,0,0,0,0,1,0,0,0,0,1,0,0,0,0,0,0,0,0,0,0,0,3,0,40.0717,-75.1541, , 
34528,402288,2014026993,6,67,67301,2014,2,6,735,7,1,1,0,1,1, , ,N,0,0,0,3,0,1,2,2,N,N,40 00:49.092,75 03:26.018,748, ,738, ,0, ,N, ,0, , , , , , , , , ,2,1,0,0,0,0,1,0,0,0,0,1,1,0,0,0,0,0,0,0,0,0,0,0,0,0,0,0,0,0,0,0,0,0,0,4,0,40.0136,-75.0572, , 
34529,402291,2014027698,6,67,67301,2014,1,6,620,6,2,1,0,8,1, , ,N,1,2,0,3,0,1,3,2,N,N,39 57:21.085,75 11:29.255,630, ,621, ,0, ,N, ,3, , , , , , , , , ,1,1,0,0,0,0,0,0,0,0,0,1,1,0,0,0,0,0,0,1,0,0,0,0,0,0,0,0,0,0,0,0,1,0,0,4,0,39.9558,-75.1915, , 
34530,402294,2014032205,6,67,67301,2014,3,4,1528,15,1,1,0,1,1, , ,N,0,0,0,3,0,0,4,3,N,N,39 57:25.315,75 09:22.459,1538, ,1530,1,1,3,N, ,0,N, , , , , , , , ,3,2,0,0,1,0,0,0,0,0,0,0,0,0,0,0,0,0,0,1,0,0,0,0,0,0,0,0,0,0,0,0,0,0,0,0,0,39.957,-75.1562, , 
34531,402295,2014032480,6,67,67301,2014,2,6,1722,17,1,2,1,1,1, , ,N,1,2,0,3,0,1,2,2,N,N,40 03:03.078,75 04:38.830,1742, ,1735, ,0, ,N, ,3, , , , , , , , , ,2,1,0,0,0,0,0,1,0,0,1,0,1,0,0,0,0,0,0,0,0,0,0,0,0,0,0,0,0,0,0,0,0,0,0,3,0,40.0509,-75.0775, , 
34532,402302,2014038992,6,67,67301,2014,3,3,700,7,1,1,0,4,1, , ,N,2,2,0,3,0,0,3,3,N,N,39 56:45.926,75 11:54.625,715, ,716,2,2,4,N, ,3,Y, , , , , , , , ,3,2,0,0,1,0,0,0,0,0,0,0,0,0,0,0,0,0,0,0,1,1,0,3,0,0,0,0,0,0,0,0,0,0,0,0,0,39.9461,-75.1985, , 
34533,402332,2014016968,6,67,67301,2014,1,7,1315,13,1,2,1,7,2, , ,N,0,0,4,3,0,1,1,1,N,N,39 57:26.207,75 08:50.308,1321, ,1319,1,2,1,N, ,0,Y, , , , , , , , ,1,1,0,0,0,0,0,0,0,0,0,0,1,1,0,0,0,0,0,0,0,0,0,0,0,0,0,0,0,0,0,0,0,0,0,8,0,39.9573,-75.1473, , 
34534,402340,2014025861,6,67,67301,2014,1,3,1639,16,3,2,1,6,1, , ,N,0,0,0,3,0,1,2,2,N,N,39 59:37.058,75 11:33.693,1655, ,1641,2,2,1,N, ,0,N, , , , , , , , ,2,2,0,0,0,0,0,0,0,0,0,1,1,0,0,0,0,0,0,0,0,0,0,0,0,0,0,0,0,0,0,0,0,0,0,4,0,39.9936,-75.1927, , 
34535,402361,2014043059,6,67,67301,2014,3,1,329,3,3,2,1,7,5, , ,N,0,0,0,3,0,0,2,1,N, ,40 00:16.538,75 10:11.107,338, ,335, ,0, , , ,0, , , , , , , , , ,1,1,0,0,0,0,0,0,0,0,0,0,0,0,0,0,0,0,0,0,0,0,0,1,0,0,0,0,0,0,0,0,0,0,0,0,0,40.0046,-75.1698, , 
34536,402395,2014032354,6,67,67301,2014,2,4,1900,19,3,4,1,5,1, , ,N,0,2,0,3,0,1,3,3,N,N,39 57:29.383,75 14:06.695,2324, ,2302, ,0, ,N, ,3, , , , , , , , , ,3,2,0,0,0,0,1,0,0,0,0,1,1,0,0,0,0,0,0,0,1,0,0,0,0,0,0,0,0,0,0,0,0,0,0,4,0,39.9582,-75.2352, , 
34537,402413,2014049912,6,67,67301,2014,4,3,1040,10,1,1,0,8,1, , ,N,1,2,0,3,0,1,2,2,N,N,39 57:04.885,75 09:18.588,1705, ,1700, ,0, , , ,3, , , , , , , , , ,1,1,0,0,0,0,0,0,0,0,1,0,1,0,0,0,0,0,0,0,0,0,0,0,0,0,0,0,0,0,0,0,1,0,0,3,0,39.9513,-75.1551, , 
34538,402423,2014009950,6,67,67301,2014,1,3,1100,11,1,4,3,1,1, , ,N,0,0,0,3,0,1,3,3,N,N,40 00:06.666,75 04:43.290,1100, ,1100,1,1,2,N, ,0,N, , , , , , , , ,3,1,0,0,0,1,0,1,0,0,0,0,1,1,1,0,0,0,0,0,0,0,0,0,0,0,0,0,0,0,0,0,0,0,0,8,1,40.0019,-75.0787, , 
34539,402436,2014025427,6,67,67301,2014,1,2,830,8,1,1,0,7,4, , ,N,2,0,0,3,0,1,1,1,N, ,40 00:13.906,75 07:26.927,840, ,833, ,0, , , ,0, , , , , , , , , ,1,0,0,0,0,0,0,1,0,0,0,0,1,1,0,0,0,0,0,0,0,0,0,0,0,0,0,0,0,0,0,0,0,0,0,8,0,40.0038,-75.1242, , 
34540,402443,2014034276,6,67,67301,2014,2,4,2000,20,3,1,0,4,1,8,8,Y,1,2,0,3,0,1,2,2,N,N,40 04:51.077,75 01:43.585,2005,99,2000,1,1,2,N, ,3,N,U,U,U,U,U,U,U,U,2,0,0,0,0,1,1,0,0,0,0,0,1,1,0,0,0,0,0,0,0,0,0,0,0,0,0,0,0,0,0,0,0,0,0,8,1,40.0809,-75.0288, , 
34541,402448,2014042286,6,67,67301,2014,4,7,428,4,3,1,0,7,2, , ,N,0,0,0,3,0,0,4,1,N,N,40 02:18.263,75 00:37.006,445, ,429, ,0, ,N, ,0, , , , , , , , , ,1,1,0,0,0,0,0,0,0,0,0,0,0,0,0,0,0,0,0,0,0,0,0,4,0,0,0,0,0,0,0,0,0,0,0,0,0,40.0384,-75.0103, , 
34542,402486,2014068628,6,67,67301,2014,6,2,740,7,1,1,0,8,1, , ,N,1,2,0,3,0,1,2,2,N,N,40 05:23.607,74 59:03.265,1005, ,1001, ,0, ,N, ,3, , , , , , , , , ,1,0,0,0,0,0,1,0,0,0,0,1,1,0,1,0,0,0,0,0,0,0,0,0,0,0,0,0,0,0,0,0,1,0,0,4,0,40.0899,-74.9842, , 
34543,410884,2014038924,6,67,67301,2014,3,6,420,4,3,1,0,7,4, , ,N,0,0,0,3,0,1,2,2,N,N,40 01:56.000,75 08:44.283,440, ,430, ,0, ,N, ,0, , , , , , , , , ,1,1,0,0,0,0,0,0,0,0,0,1,1,0,0,0,0,0,0,0,0,0,0,2,0,0,0,0,0,0,0,0,0,0,0,4,0,40.0322,-75.1456, , 
34544,410914,2014016977,6,67,67301,2014,1,3,9999,99,1,2,1,4,1, , ,N,1,3,0,3,0,0,2,2,N,N,40 00:13.240,75 04:04.234,1132, ,1128, ,0, ,N, ,3, , , , , , , , , ,2,1,0,0,0,0,1,0,0,0,0,0,0,0,0,0,0,0,0,0,0,1,0,0,0,0,0,0,0,0,0,0,0,0,0,0,0,40.0037,-75.0678, , 
34545,410927,2014030643,6,67,67301,2014,3,4,2047,20,3,2,1,7,2, , ,N,0,0,4,3,0,1,1,1,N,N,39 56:31.531,75 08:34.767,2058, ,2053,2,2,1,N, ,0,N, , , , , , , , ,1,0,0,0,0,0,1,0,0,0,0,0,1,1,0,0,0,0,0,0,0,0,0,0,0,0,0,0,0,0,0,0,0,0,0,8,0,39.9421,-75.143, , 
34546,410945,2014060818,6,67,67301,2014,5,1,9999,99,3,1,0,7,4, , ,N,0,0,0,3,0,0,1,1,N, ,39 54:10.344,75 10:26.441,20, ,9,4,1,1, , ,0,N, , , , , , , , ,1,1,0,0,0,0,0,0,0,0,0,0,0,0,1,0,0,0,0,0,0,0,0,0,0,0,0,0,0,0,0,0,0,0,0,9,0,39.9029,-75.174, , 
34547,410966,2014019143,6,67,67301,2014,1,4,1545,15,1,1,0,4,1, , ,N,2,2,7,3,0,0,2,2,N,N,39 54:13.685,75 10:25.724,1615, ,1611, ,0, ,N, ,3, , , , , , , , , ,2,0,0,0,0,0,1,1,0,0,0,0,0,0,0,0,0,0,0,0,0,0,0,1,0,0,0,0,0,0,0,0,0,0,0,0,0,39.9038,-75.1738, , 
34548,410983,2014038888,6,67,67301,2014,3,2,600,6,1,4,4,4,1, , ,N,1,0,0,3,0,1,2,2,Y,N,40 00:09.031,75 03:51.564,716, ,702, ,0, ,N, ,0, , , , , , , , , ,2,0,0,1,0,0,1,0,0,0,0,0,1,1,0,0,0,0,0,0,0,1,0,0,0,0,0,0,0,0,0,0,0,0,0,8,1,40.0025,-75.0643, , 
34549,411007,2014010195,6,67,67301,2014,1,4,735,7,1,1,4,7,3, , ,N,0,0,0,3,0,2,2,1,N,N,40 00:28.798,75 12:09.032,735, ,735,1,1,3,N, ,0,N, , , , , , , , ,1,0,0,0,0,0,1,0,0,0,0,2,2,0,0,0,0,0,0,0,0,0,0,0,0,0,0,0,0,0,0,0,0,0,0,4,0,40.008,-75.2025, , 
34550,411012,2014015230,6,67,67301,2014,2,1,220,2,3,1,0,7,2, , ,N,0,0,0,3,0,2,4,1,N,N,39 57:55.301,75 08:14.676,224, ,224,2,1,1,Y, ,0,N, , , , , , , , ,1,0,0,0,0,0,1,0,0,0,0,0,2,2,0,0,0,0,0,0,0,0,0,1,0,0,0,0,0,0,0,0,0,0,0,8,0,39.9654,-75.1374, , 
34551,411016,2014019122,6,67,67301,2014,1,6,1730,17,3,2,1,8,1, , ,N,2,3,0,3,0,1,2,2,N,N,39 55:48.482,75 13:50.660,1155, ,2345, ,0, ,N, ,3, , , , , , , , , ,1,1,0,0,0,0,0,0,0,0,0,0,1,1,0,0,0,0,0,0,0,0,0,0,0,0,0,0,0,0,0,0,1,0,0,8,0,39.9301,-75.2307, , 
34552,411028,2014028065,6,67,67301,2014,2,2,1705,17,1,4,6,4,1, , ,N,1,2,0,3,0,2,5,2,N, ,39 59:23.112,75 07:03.787,1755, ,1734, ,0, , , ,3, , , , , , , , , ,2,1,0,0,0,0,1,0,0,0,0,1,2,1,0,0,0,0,0,0,0,0,0,0,0,0,0,0,0,0,0,0,0,0,0,4,0,39.9898,-75.1177, , 
34553,411061,2014016967,6,67,67301,2014,1,4,9999,99,3,4,6,7,1, , ,N,0,0,0,3,0,0,1,1,N, ,39 57:25.627,75 08:19.151,9999, ,1723, ,0, , , ,0, , , , , , , , , ,1,1,0,0,0,0,0,0,0,0,0,0,0,0,1,0,0,0,0,0,0,1,0,0,0,0,0,0,0,0,0,0,0,0,0,9,0,39.9571,-75.1387, , 
34554,411070,2014028051,6,67,67301,2014,1,3,740,7,1,9,0,1,1, , ,N,0,0,0,3,0,1,2,2,N, ,40 00:12.447,75 05:40.757,1340, ,1340, ,0, , , ,0, , , , , , , , , ,1,1,0,0,0,0,0,0,1,0,0,1,1,0,1,0,0,0,0,0,0,0,0,0,0,0,0,0,0,0,0,0,0,0,0,4,0,40.0035,-75.0947, , 
34555,411081,2014038906,6,67,67301,2014,2,3,1645,16,1,1,0,1,1, , ,N,1,2,0,3,0,1,2,2,N,N,39 58:19.633,75 15:05.158,1742, ,1740, ,0, ,N, ,3, , , , , , , , , ,2,1,0,1,0,0,0,0,0,0,0,0,1,1,0,0,0,0,0,0,0,0,0,0,0,0,0,0,0,0,0,0,0,0,0,8,1,39.9721,-75.2514, , 
34556,411117,2014027688,6,67,67301,2014,2,4,1530,15,1,4,3,4,6, , ,N,0,0,0,3,0,0,1,2,N,N,39 57:56.734,75 13:20.193,1550, ,1548, ,0, ,N, ,0, , , , , , , , , ,2,1,0,0,0,0,1,0,0,0,0,0,0,0,0,0,0,0,0,0,0,0,0,1,0,0,0,0,0,0,0,0,0,0,0,0,0,39.9658,-75.2223, , 
34557,411129,2014038886,6,67,67301,2014,3,1,2100,21,3,2,1,1,1, , ,N,0,0,0,3,0,0,2,2,N,N,39 56:54.421,75 09:59.590,2110, ,2104,1,1,3,N, ,0,N, , , , , , , , ,2,2,0,0,0,0,0,0,0,0,0,0,0,0,0,0,0,0,0,0,1,0,0,0,0,0,0,0,0,0,0,0,0,0,0,0,0,39.9485,-75.1666, , 
34558,411143,2014050283,6,67,67301,2014,4,2,1225,12,1,1,0,4,1, , ,N,1,2,0,3,0,1,2,2,N,N,40 01:32.421,75 01:53.914,1327, ,1315, ,0, ,N, ,3, , , , , , , , , ,2,1,0,0,0,0,1,0,0,0,0,0,1,1,0,0,0,0,0,0,0,0,1,0,0,0,0,0,0,0,0,0,0,0,0,8,0,40.0257,-75.0316, , 
34559,411154,2014016248,6,67,67301,2014,1,7,1747,17,3,4,4,7,4, , ,N,0,0,0,3,0,0,1,1,N,N,39 56:57.156,75 11:05.568,1751, ,1747, ,0, ,N, ,0, , , , , , , , , ,1,1,0,0,0,0,0,0,0,0,0,0,0,0,0,0,0,0,0,0,1,0,0,0,0,0,0,0,0,0,0,0,0,0,0,0,0,39.9492,-75.1849, , 
34560,411161,2014022585,6,67,67301,2014,2,4,1509,15,1,1,1,1,2, , ,N,0,0,0,3,0,2,2,3,N,N,39 58:52.033,75 06:10.010,1509, ,1509,3,2,1,N, ,0,N, , , , , , , , ,3,3,0,0,0,0,0,0,0,0,0,1,2,1,0,0,0,0,0,1,0,0,0,0,0,0,0,0,0,0,0,0,0,0,0,4,0,39.9811,-75.1028, , 
34561,407108,2014018195,6,67,67301,2014,1,6,1508,15,1,1,0,1,1, , ,N,0,0,0,3,0,0,3,2,N,N,39 59:10.471,75 05:31.418,1514, ,1508,2,1,1,N, ,0,N, , , , , , , , ,2,2,0,0,0,0,0,0,0,0,0,0,0,0,0,0,0,0,0,0,0,0,0,0,0,0,0,0,0,0,0,0,0,0,0,0,0,39.9862,-75.0921, , 
34562,407136,2014058122,6,67,67301,2014,5,5,904,9,1,1,0,4,1,2,4,Y,1,2,0,3,0,0,3,2,N,N,39 59:25.796,75 14:57.065,906,00,904, ,0, ,N, ,3, ,N,N,N,N,N,N,N,N,2,1,0,0,0,0,1,0,0,0,0,0,0,0,0,0,0,0,0,0,0,1,0,0,0,0,0,0,0,0,0,0,0,0,0,0,0,39.9905,-75.2492, , 
34563,407177,2014032386,6,67,67301,2014,1,2,1240,12,1,1,0,4,1, , ,N,1,2,0,3,0,0,2,2,N,N,39 58:14.289,75 09:09.224,1251, ,1249,2,1,4,N, ,3,Y, , , , , , , , ,2,1,0,0,0,1,0,0,0,0,0,0,0,0,0,0,0,0,1,0,1,0,0,0,0,0,0,0,0,0,0,0,0,0,0,0,1,39.9705,-75.1526, , 
34564,407179,2014033953,6,67,67301,2014,3,5,1725,17,1,1,0,1,1, , ,N,0,0,0,3,0,2,4,3,N,N,39 57:41.651,75 10:57.420,1734, ,1728,1,1,3,N, ,0,N, , , , , , , , ,3,1,0,0,1,0,1,0,0,0,0,1,2,1,0,0,0,0,0,0,0,0,0,0,0,0,0,0,0,0,0,0,0,0,0,4,0,39.9616,-75.1826, , 
34565,407191,2014047198,6,67,67301,2014,5,2,724,7,1,1,0,4,1, , ,N,0,0,0,3,0,2,2,2,N,N,39 52:43.271,75 15:00.538,748, ,728,2,1,2,N, ,0,N, , , , , , , , ,2,1,0,0,0,0,1,0,0,0,0,0,2,2,0,0,0,0,0,1,1,0,0,0,0,0,0,0,0,0,0,0,0,0,0,8,0,39.8787,-75.2501, , 
34566,407219,2014025392,6,67,67301,2014,1,4,9999,99,1,1,0,5,1, , ,N,0,0,0,3,0,0,2,2,N,N,40 00:36.453,75 11:09.780,9999, ,9999,1,2,4,N, ,0,N, , , , , , , , ,2,0,0,0,1,0,0,0,0,0,0,0,0,0,0,0,1,0,0,0,0,0,0,0,0,0,0,0,0,0,0,0,0,0,0,0,0,40.0101,-75.1861, , 
34567,407235,2014039353,6,67,67301,2014,3,7,920,9,1,1,0,7,5, , ,N,0,0,0,3,0,1,1,1,N,N,40 00:53.593,75 10:17.223,945, ,940,2,2,4,N, ,0,N, , , , , , , , ,1,1,0,0,0,0,0,0,0,0,1,0,1,0,0,0,0,0,0,0,0,0,0,1,0,0,0,0,0,0,0,0,0,0,0,3,0,40.0149,-75.1715, , 
34568,407238,2014043061,6,67,67301,2014,3,5,759,7,1,1,0,4,1, , ,N,1,3,0,3,0,1,2,2,N,N,39 55:26.821,75 09:16.930,805, ,800, ,0, ,N, ,3, , , , , , , , , ,2,1,0,0,1,0,0,0,0,0,0,1,1,0,0,0,0,0,0,0,1,0,0,0,0,0,0,0,0,0,0,0,0,0,0,4,0,39.9241,-75.1547, , 
34569,407242,2014045050,6,67,67301,2014,4,3,2228,22,3,2,1,2,1, , ,N,7,0,2,3,0,1,2,2,N,N,39 57:36.094,75 10:47.782,2236, ,2230, ,0, ,Y, ,0, , , , , , , , , ,2,2,0,0,0,0,0,0,0,0,0,1,1,0,0,0,0,0,0,0,0,1,0,0,0,0,0,0,0,0,0,0,0,0,0,4,0,39.96,-75.1799, , 
34570,407259,2014029896,6,67,67301,2014,1,1,608,6,3,2,5,2,1, , ,N,0,0,0,3,0,2,2,2,N,N,39 59:07.976,75 12:46.852,618, ,615, ,0, ,N, ,0, , , , , , , , , ,2,1,0,0,0,0,1,0,0,1,0,1,2,0,0,0,0,0,0,1,1,0,0,0,0,0,0,0,0,0,0,0,0,0,0,2,0,39.9855,-75.213, , 
34571,407262,2014032441,6,67,67301,2014,2,6,1400,14,1,2,1,1,1, , ,N,0,2,0,3,0,2,3,2,N,N,39 58:01.001,75 12:27.615,1423, ,1402, ,0, ,N, ,3, , , , , , , , , ,2,1,0,0,0,0,0,1,0,0,0,0,2,2,0,0,0,0,0,0,1,0,0,0,0,0,0,0,0,0,0,0,0,0,0,8,0,39.9669,-75.2077, , 
34572,407268,2014037761,6,67,67301,2014,4,6,1629,16,1,2,1,4,1, , ,N,1,2,0,3,0,33,33,5,N,N,39 57:26.638,75 09:25.497,1750, ,1735,3,2,7,N, ,3,Y, , , , , , , , ,5,3,0,1,0,0,1,0,0,0,0,12,33,21,0,0,0,0,0,0,1,0,0,0,0,0,0,0,0,0,0,0,0,0,0,4,1,39.9574,-75.1571, , 
34573,407279,2014050309,6,67,67301,2014,4,3,9999,99,1,1,1,1,1, , ,N,1,2,0,3,0,1,4,3,N,N,39 58:26.859,75 12:15.536,815, ,806, ,0, ,N, ,3, , , , , , , , , ,3,1,0,0,0,0,2,0,0,0,0,1,1,0,2,0,0,0,0,0,0,0,0,0,0,0,0,0,0,0,0,0,0,0,0,4,0,39.9741,-75.2043, , 
34574,407311,2014029191,6,67,67301,2014,2,2,1635,16,1,1,1,7,2, , ,N,0,0,0,3,0,1,2,1,N,N,39 57:28.068,75 10:49.232,1642, ,1637,1,1,3,N, ,0,N, , , , , , , , ,1,1,0,0,0,0,0,0,0,0,0,1,1,0,0,0,0,0,0,0,0,0,0,0,0,0,0,0,0,0,0,0,0,0,0,4,0,39.9578,-75.1803, , 
34575,407325,2014049488,6,67,67301,2014,4,7,1144,11,1,1,0,4,1, , ,N,1,2,0,3,0,3,3,2,N,N,39 57:07.498,75 12:20.102,1145, ,1145, ,0, ,N, ,3, , , , , , , , , ,2,0,0,0,0,0,1,1,0,0,0,0,3,3,0,0,0,0,0,1,0,0,0,0,0,0,0,0,0,0,0,0,0,0,0,8,0,39.9521,-75.2056, , 
34576,407348,2014012690,6,67,67301,2014,1,2,2037,20,3,1,0,7,3, , ,N,0,0,0,3,0,1,1,1,N,N,39 59:22.844,75 05:14.982,2054, ,2043, ,0, ,Y, ,0, , , , , , , , , ,1,1,0,0,0,0,0,0,0,0,0,1,1,0,0,0,0,0,0,0,0,0,0,0,0,0,0,0,0,0,0,0,0,0,0,4,0,39.9897,-75.0875, , 
34577,407350,2014014522,6,67,67301,2014,2,2,1612,16,1,1,4,7,4, , ,N,0,8,0,3,0,1,1,1,N,N,40 00:39.375,75 11:01.818,1615, ,1612,2,1,2,Y, ,3,N, , , , , , , , ,1,1,0,0,0,0,0,0,0,0,0,1,1,0,0,0,0,0,0,0,0,0,0,0,0,0,0,0,0,0,0,0,0,0,0,4,0,40.0109,-75.1838, , 
34578,407355,2014025895,6,67,67301,2014,1,4,1230,12,1,1,0,4,1, , ,N,2,3,0,3,0,1,2,2,N, ,40 01:44.212,75 06:47.365,1345, ,1340, ,0, , , ,3, , , , , , , , , ,2,0,0,0,0,0,2,0,0,0,0,1,1,0,0,0,0,0,0,0,0,0,0,0,0,0,0,0,0,0,0,0,0,0,0,4,0,40.0289,-75.1132, , 
34579,398053,2014025307,6,67,67301,2014,1,1,2010,20,3,2,1,1,1, , ,N,0,2,0,3,0,0,3,3,N,N,39 55:16.034,75 11:38.630,2025, ,2013, ,0, , , ,3, , , , , , , , , ,3,0,0,0,2,0,0,0,0,0,0,0,0,0,0,0,0,0,1,0,0,0,0,2,0,0,0,0,0,0,0,0,0,0,0,0,0,39.9211,-75.1941, , 
34580,398057,2014029892,6,67,67301,2014,2,4,1203,12,1,1,0,8,1, , ,N,1,2,0,3,0,1,2,2,N,N,39 56:30.552,75 09:57.032,1215, ,1210,2,2,2,N, ,3,Y, , , , , , , , ,1,0,0,0,0,0,0,1,0,0,0,0,1,1,1,0,0,0,0,0,0,0,0,0,0,0,0,0,0,0,0,0,1,0,0,8,0,39.9418,-75.1658, , 
34581,398075,2014049631,6,67,67301,2014,4,2,1835,18,4,2,1,4,1, , ,N,0,0,7,3,0,0,3,2,N, ,40 02:46.566,75 00:56.134,1841, ,1840, ,0, , , ,0, , , , , , , , , ,2,2,0,0,0,0,0,0,0,0,0,0,0,0,0,0,0,0,0,0,0,0,0,0,0,0,0,0,0,0,0,0,0,0,0,0,0,40.0463,-75.0156, , 
34582,398103,2014032365,6,67,67301,2014,2,5,516,5,3,1,1,5,1, , ,N,0,0,0,3,0,1,2,2,N,N,39 53:43.223,75 13:53.553,526, ,516, ,0, ,N, ,0, , , , , , , , , ,2,1,0,0,0,1,0,0,0,0,0,1,1,0,0,0,0,0,0,0,2,0,0,0,0,0,0,0,0,0,0,0,0,0,0,4,1,39.8953,-75.2315, , 
34583,398115,2014044261,6,67,67301,2014,4,3,728,7,1,1,0,6,1, , ,N,0,0,0,3,0,1,2,2,N,N,39 57:24.956,75 09:17.011,743, ,733,1,1,3,Y, ,0,N, , , , , , , , ,2,1,0,0,0,1,0,0,0,0,0,1,1,0,0,0,0,0,0,0,0,0,0,0,0,0,0,0,0,0,0,0,0,0,0,4,0,39.9569,-75.1547, , 
34584,398140,2014016247,6,67,67301,2014,1,1,2025,20,3,1,0,5,1, , ,N,0,0,0,3,0,1,3,2,N,N,40 00:10.024,75 11:40.037,2036, ,2036,1,1,4,N, ,0,Y, , , , , , , , ,2,2,0,0,0,0,0,0,0,0,0,1,1,0,0,0,0,0,0,0,0,0,0,0,0,0,0,0,0,0,0,0,0,0,0,4,0,40.0028,-75.1945, , 
34585,398141,2014016959,6,67,67301,2014,1,5,930,9,1,1,0,8,1, , ,N,2,3,0,3,0,1,2,2,N, ,40 05:24.058,74 58:04.896,1258, ,1257, ,0, , , ,3, , , , , , , , , ,1,1,0,0,0,0,0,0,0,0,0,1,1,0,0,0,0,0,0,0,0,0,0,0,0,0,0,0,0,0,0,0,1,0,0,4,0,40.09,-74.9681, , 
34586,398151,2014034151,6,67,67301,2014,2,4,1902,19,3,1,0,8,1, , ,N,0,8,0,3,0,1,2,2,N,N,39 58:17.939,75 12:58.135,1930, ,1924,9,1,6,N, ,3,N, , , , , , , , ,1,1,0,0,0,0,0,0,0,0,0,1,1,0,0,0,0,0,0,0,0,0,0,0,0,0,0,0,0,0,0,0,1,0,0,4,0,39.9716,-75.2161, , 
34587,398176,2014061100,6,67,67301,2014,5,6,2342,23,3,1,0,5,6, , ,N,0,0,0,3,0,2,2,2,N,N,39 58:10.733,75 13:27.245,2344, ,2344, ,0, ,N, ,0, , , , , , , , , ,2,2,0,0,0,0,0,0,0,0,0,0,2,2,0,0,0,0,0,0,0,0,0,0,0,0,0,0,0,0,0,0,0,0,0,8,0,39.9696,-75.2242, , 
34588,398180,2014002414,6,67,67301,2014,1,6,1531,15,1,1,6,1,3, , ,N,0,0,3,3,0,2,3,2,N,N,39 53:13.428,75 12:18.362,1536, ,1532,2,1,2,N, ,0,N, , , , , , , , ,2,0,0,0,1,0,1,0,0,0,0,0,2,2,0,0,0,0,0,0,0,0,0,2,0,0,0,0,0,0,0,0,0,0,0,8,0,39.8871,-75.2051, , 
34589,398192,2014016928,6,67,67301,2014,1,6,150,1,3,1,0,6,1, , ,N,0,0,0,3,0,0,1,2,N, ,39 59:48.235,75 10:49.159,210, ,200, ,0, , , ,0, , , , , , , , , ,2,2,0,0,0,0,0,0,0,0,0,0,0,0,0,0,0,0,0,0,0,0,0,0,0,0,0,0,0,0,0,0,0,0,0,0,0,39.9967,-75.1803, , 
34590,398210,2014029879,6,67,67301,2014,2,6,925,9,1,1,6,4,1, , ,N,1,3,0,3,0,0,2,2,N,N,40 01:18.739,75 09:06.472,933, ,930, ,0, ,N, ,3, , , , , , , , , ,2,2,0,0,0,0,0,0,0,0,0,0,0,0,0,0,0,0,0,0,0,0,1,0,0,0,0,0,0,0,0,0,0,0,0,0,0,40.0219,-75.1518, , 
34591,398218,2014038942,6,67,67301,2014,3,7,910,9,1,1,0,4,1, , ,N,1,3,0,3,0,3,3,3,N,N,40 02:33.757,75 00:41.124,917, ,915,1,1,1,N, ,3,N, , , , , , , , ,3,2,0,0,0,0,1,0,0,0,0,0,3,3,0,0,0,0,0,0,1,0,0,0,0,0,0,0,0,0,0,0,0,0,0,8,0,40.0427,-75.0114, , 
34592,398219,2014038986,6,67,67301,2014,3,1,1420,14,1,1,0,8,1, , ,N,1,2,0,3,0,1,2,2,N,N,39 56:47.500,75 09:39.776,1425, ,1421,1,1,2, , ,3,N, , , , , , , , ,1,0,0,0,1,0,0,0,1,0,0,1,1,0,0,0,0,0,0,0,0,0,0,0,0,0,0,0,0,0,0,0,0,0,0,4,0,39.9465,-75.161, , 