objectid_1,objectid,crn,district,county,municipality,crash_year,crash_month,day_of_week,time_of_day,hour_of_day,illumination,weather,road_condition,collision_type,relation_to_road,work_zone_type,work_zone_loc,work_zone_ind,intersect_type,tcd_type,location_type,urban_rural,fatal_count,injury_count,person_count,total_units,sch_bus_ind,sch_zone_ind,latitude,longitude,arrival_tm,cons_zone_spd_lim,dispatch_tm,est_hrs_closed,lane_closed,ln_close_dir,ntfy_hiwy_maint,spec_juris_cd,tcd_func_cd,tfc_detour_ind,workers_pres,wz_close_detour,wz_flagger,wz_law_offcr_ind,wz_ln_closure,wz_moving,wz_other,wz_shlder_mdn,vehicle_count,automobile_count,motorcycle_count,bus_count,small_truck_count,heavy_truck_count,suv_count,van_count,bicycle_count,maj_inj_count,mod_inj_count,min_inj_count,tot_inj_count,unk_inj_deg_count,unk_inj_per_count,driver_count_16yr,driver_count_17yr,driver_count_18yr,driver_count_19yr,driver_count_20yr,driver_count_50_64yr,driver_count_65_74yr,driver_count_75plus,unbelted_occ_count,unb_death_count,unb_maj_inj_count,belted_death_count,belted_maj_inj_count,mcycle_death_count,mcycle_maj_inj_count,bicycle_death_count,bicycle_maj_inj_count,ped_count,ped_death_count,ped_maj_inj_count,max_severity_level,comm_veh_count,dec_lat,dec_long,rdwy_surf_type_cd,county_name
34593,398220,2014039039,6,67,67301,2014,3,5,1400,14,1,1,0,4,1, , ,N,1,3,0,3,0,0,2,2,N,N,39 58:55.369,75 08:52.659,1400, ,1510, ,0, ,N, ,3, , , , , , , , , ,2,2,0,0,0,0,0,0,0,0,0,0,0,0,0,0,0,0,0,0,0,0,0,0,0,0,0,0,0,0,0,0,0,0,0,0,0,39.982,-75.148, , 
34594,398231,2014016952,6,67,67301,2014,1,3,1545,15,1,1,0,8,1, , ,N,0,0,0,3,0,1,2,2,N,N,39 59:22.481,75 09:19.517,1330, ,1327, ,0, ,N, ,0, , , , , , , , , ,1,0,0,0,0,0,1,0,0,0,1,0,1,0,0,0,0,0,0,0,0,0,0,0,0,0,0,0,0,0,0,0,1,0,0,3,0,39.9896,-75.1554, , 
34595,398238,2014025278,6,67,67301,2014,1,6,1638,16,4,1,3,8,1, , ,N,1,3,0,3,0,1,2,2,N,N,40 03:07.828,75 05:35.123,1645, ,1641, ,0, ,N, ,3, , , , , , , , , ,1,1,0,0,0,0,0,0,0,0,0,1,1,0,0,0,0,0,0,0,0,0,0,0,0,0,0,0,0,0,0,0,1,0,0,4,0,40.0522,-75.0931, , 
34596,398239,2014025505,6,67,67301,2014,1,6,1329,13,1,1,0,1,1, , ,N,1,2,0,3,0,2,3,2,N,N,40 01:56.132,75 03:27.626,1346, ,1343, ,0, , , ,3, , , , , , , , , ,2,2,0,0,0,0,0,0,0,0,2,0,2,0,0,0,0,0,0,0,0,0,0,0,0,0,0,0,0,0,0,0,0,0,0,3,0,40.0323,-75.0577, , 
34597,402495,2014084210,6,67,67301,2014,7,5,2220,22,6,2,1,7,4, , ,N,0,0,0,3,0,1,2,1,N,N,39 59:16.880,75 13:01.990,2235, ,2232,5,2,6,N, ,0,Y, , , , , , , , ,1,0,0,0,1,0,0,0,0,0,0,0,1,1,1,0,0,0,0,0,0,0,0,0,0,0,0,0,0,0,0,0,0,0,0,8,0,39.988,-75.2172, , 
34598,402509,2014096426,6,67,67301,2014,9,7,1600,16,1,1,0,2,1, , ,N,1,2,0,3,0,1,3,2,N, ,40 03:42.317,75 03:21.839,1608, ,1603, ,0, , , ,3, , , , , , , , , ,2,1,0,0,0,0,1,0,0,0,0,1,1,0,0,0,0,0,0,1,1,0,0,0,0,0,0,0,0,0,0,0,0,0,0,4,0,40.0618,-75.0561, , 
34599,402525,2014016151,6,67,67301,2014,1,6,837,8,5,3,5,7,4, , ,N,2,2,0,3,0,0,1,1,N,N,40 06:25.084,75 02:13.815,840, ,837,3,2,3,Y, ,3,Y, , , , , , , , ,1,1,0,0,0,0,0,0,0,0,0,0,0,0,0,0,0,0,0,0,0,0,0,0,0,0,0,0,0,0,0,0,0,0,0,0,0,40.107,-75.0372, , 
34600,402569,2014019111,6,67,67301,2014,1,3,1048,10,1,2,1,7,4, , ,N,0,0,0,3,0,1,2,1,N,N,40 00:59.769,75 12:09.505,1056, ,1049,1,1,1,N, ,0,N, , , , , , , , ,1,0,0,0,0,0,1,0,0,0,0,1,1,0,0,0,0,0,0,0,1,0,0,0,0,0,0,0,0,0,0,0,0,0,0,4,0,40.0166,-75.2026, , 
34601,402602,2014051758,6,67,67301,2014,4,7,1238,12,1,1,0,5,1, , ,N,0,0,0,3,0,1,2,2,N,N,40 00:05.943,75 06:17.940,1600, ,1238, ,0, ,N, ,0, , , , , , , , , ,1,1,0,0,0,0,0,0,1,0,0,0,1,1,0,0,0,0,0,0,1,0,0,0,0,0,0,0,0,0,0,0,0,0,0,8,0,40.0017,-75.105, , 
34602,402603,2014052391,6,67,67301,2014,3,7,230,2,3,1,0,5,1, , ,N,0,0,0,3,0,2,3,2,N, ,40 01:13.905,75 09:20.814,235, ,230, ,0, , , ,0, , , , , , , , , ,2,1,0,0,0,1,0,0,0,0,0,2,2,0,0,0,0,0,0,0,0,0,0,0,0,0,0,0,0,0,0,0,0,0,0,4,1,40.0205,-75.1558, , 
34603,402632,2014032497,6,67,67301,2014,2,4,9999,99,1,1,4,4,1, , ,N,1,2,0,3,0,0,2,2,N,N,39 58:15.014,75 09:14.922,1729, ,1711,1,1,4,N, ,3,N, , , , , , , , ,2,2,0,0,0,0,0,0,0,0,0,0,0,0,1,0,0,0,0,0,0,0,0,0,0,0,0,0,0,0,0,0,0,0,0,9,0,39.9707,-75.1541, , 
34604,402685,2014038920,6,67,67301,2014,3,3,755,7,5,1,0,6,1, , ,N,0,0,0,3,0,1,3,3,N,N,40 01:10.358,75 11:29.014,800, ,802,2,1,5,N, ,0,N, , , , , , , , ,3,2,0,0,1,0,0,0,0,0,0,1,1,0,0,0,0,0,0,0,1,0,0,0,0,0,0,0,0,0,0,0,0,0,0,4,0,40.0195,-75.1914, , 
34605,402725,2014024757,6,67,67301,2014,2,3,850,8,1,4,1,7,2, , ,N,0,0,0,3,0,1,1,1,N,N,39 59:18.410,75 05:18.180,850, ,850,1,1,1,N, ,0,N, , , , , , , , ,1,0,0,0,0,0,0,1,0,0,0,1,1,0,0,0,0,0,0,0,0,0,0,0,0,0,0,0,0,0,0,0,0,0,0,4,0,39.9884,-75.0884, , 
34606,402738,2014042695,6,67,67301,2014,3,6,2345,23,3,1,0,4,1, , ,N,1,2,0,3,0,1,2,2,N, ,39 58:25.604,75 14:43.036,317, ,317, ,0, , , ,3, , , , , , , , , ,2,1,0,0,0,0,1,0,0,0,0,1,1,0,0,0,0,0,0,0,0,0,0,0,0,0,0,0,0,0,0,0,0,0,0,4,0,39.9738,-75.2452, , 
34607,402742,2014046690,6,67,67301,2014,4,3,2034,20,3,2,1,7,2, , ,N,6,0,0,3,0,0,1,1,N,N,39 53:35.717,75 13:42.269,2110, ,2036, ,0, ,N, ,0, , , , , , , , , ,1,1,0,0,0,0,0,0,0,0,0,0,0,0,0,0,0,0,1,0,0,0,0,0,0,0,0,0,0,0,0,0,0,0,0,0,0,39.8933,-75.2284, , 
34608,402743,2014048797,6,67,67301,2014,5,2,1536,15,1,1,0,1,1, , ,N,0,0,0,3,0,2,5,3,N,N,39 57:30.407,75 10:02.439,1536, ,1536,1,2,3,N, ,0,N, , , , , , , , ,3,2,0,0,0,0,1,0,0,0,0,0,2,2,0,0,0,0,0,0,1,1,0,1,0,0,0,0,0,0,0,0,0,0,0,8,0,39.9584,-75.1673, , 
34609,402745,2014049864,6,67,67301,2014,4,6,1240,12,1,7,0,1,1, , ,N,0,0,0,3,0,1,2,2,N, ,39 57:25.124,75 13:32.263,149, ,1250, ,0, , , ,0, , , , , , , , , ,2,1,0,0,0,0,0,0,0,0,1,0,1,0,0,0,0,0,0,0,0,0,0,0,0,0,0,0,0,0,0,0,0,0,0,3,0,39.957,-75.2256, , 
34610,402764,2014016929,6,67,67301,2014,1,2,1238,12,1,2,1,6,1, , ,N,0,0,0,3,0,0,1,2,N,N,39 56:28.003,75 13:28.362,1244, ,1238, ,0, ,N, ,0, , , , , , , , , ,2,2,0,0,0,0,0,0,0,0,0,0,0,0,0,0,0,0,0,0,0,0,0,1,0,0,0,0,0,0,0,0,0,0,0,0,0,39.9411,-75.2245, , 
34611,402793,2014051763,6,67,67301,2014,4,2,1445,14,1,2,1,8,1, , ,N,0,0,0,3,0,1,2,2,N,N,39 56:53.674,75 09:44.571,1459, ,1449,1,1,1,N, ,0,N, , , , , , , , ,1,0,0,0,0,0,0,1,0,0,0,0,1,1,0,0,0,0,0,0,0,0,0,0,0,0,0,0,0,0,0,0,1,0,0,8,0,39.9482,-75.1624, , 
34612,402824,2014034268,6,67,67301,2014,2,5,1525,15,1,1,0,4,1, , ,N,1,2,0,3,0,1,2,2,N,N,39 58:47.528,75 08:34.317,1540, ,1533, ,0, ,N, ,3, , , , , , , , , ,2,1,0,0,0,0,1,0,0,0,0,1,1,0,0,0,0,0,0,0,0,1,0,0,0,0,0,0,0,0,0,0,0,0,0,4,0,39.9799,-75.1429, , 
34613,402840,2014056989,6,67,67301,2014,4,5,1054,10,1,1,0,8,1, , ,N,0,0,0,3,0,1,2,2,N,N,40 02:07.914,75 02:35.307,1105, ,1058, ,0, ,N, ,0, , , , , , , , , ,1,0,0,0,0,0,0,1,0,0,0,0,1,1,0,0,0,0,0,0,0,0,0,0,0,0,0,0,0,0,0,0,1,0,0,8,0,40.0355,-75.0431, , 
34614,402844,2014059010,6,67,67301,2014,5,1,1550,15,1,1,0,5,1, , ,N,0,0,0,3,0,0,1,3,N,N,40 02:33.406,75 05:48.212,1558, ,1554, ,0, ,N, ,0, , , , , , , , , ,3,2,0,0,0,0,1,0,0,0,0,0,0,0,0,0,0,0,0,0,0,0,0,0,0,0,0,0,0,0,0,0,0,0,0,0,0,40.0426,-75.0967, , 
34615,411165,2014025380,6,67,67301,2014,1,6,1400,14,1,4,5,1,1, , ,N,2,2,0,3,0,1,4,4,N,N,40 05:10.582,75 02:45.913,1418, ,1419, ,0, ,N, ,3, , , , , , , , , ,4,1,0,0,0,0,0,3,0,0,0,0,1,1,0,0,0,0,0,1,2,0,1,0,0,0,0,0,0,0,0,0,0,0,0,8,0,40.0863,-75.0461, , 
34616,411167,2014025868,6,67,67301,2014,1,1,1750,17,3,1,1,1,1, , ,N,0,2,0,3,0,1,3,3,N,N,39 54:19.642,75 11:39.527,1800, ,1800,9,1,3,N, ,3,N, , , , , , , , ,3,2,0,0,0,0,1,0,0,0,0,0,1,1,0,0,0,0,0,0,0,0,0,0,0,0,0,0,0,0,0,0,0,0,0,8,0,39.9055,-75.1943, , 
34617,411221,2014043036,6,67,67301,2014,3,4,1855,18,1,1,0,1,1, , ,N,0,0,0,3,0,0,2,2,N,N,40 01:54.051,75 11:15.832,1915, ,1855, ,0, ,N, ,0, , , , , , , , , ,2,0,0,0,1,0,0,1,0,0,0,0,0,0,0,0,0,0,0,0,1,0,0,0,0,0,0,0,0,0,0,0,0,0,0,0,0,40.0317,-75.1877, , 
34618,411223,2014044157,6,67,67301,2014,4,6,420,4,3,1,0,7,4, , ,N,0,0,0,3,0,1,1,1,N,N,40 03:52.368,74 58:57.727,425, ,422,9,2,1,N, ,0,Y, , , , , , , , ,1,0,0,0,1,0,0,0,0,0,1,0,1,0,0,0,0,0,0,0,0,0,0,1,0,0,0,0,0,0,0,0,0,0,0,3,0,40.0645,-74.9827, , 
34619,411227,2014054479,6,67,67301,2014,4,6,2200,22,3,1,0,5,6, , ,N,0,0,0,3,0,0,1,3,N, ,40 00:32.559,75 08:58.441,2320, ,2318,3,1,4, , ,0,N, , , , , , , , ,3,1,0,0,0,0,2,0,0,0,0,0,0,0,1,0,0,0,0,0,0,0,0,0,0,0,0,0,0,0,0,0,0,0,0,9,0,40.009,-75.1496, , 
34620,411239,2014078761,6,67,67301,2014,6,6,1707,17,1,1,0,8,1, , ,N,1,2,0,3,0,1,2,2,N, ,39 59:55.016,75 04:15.335,1707, ,1705, ,0, , , ,3, , , , , , , , , ,1,0,0,0,0,0,0,0,0,0,1,0,1,0,0,0,0,0,0,0,0,0,0,0,0,0,0,0,0,0,0,0,1,0,0,3,0,39.9986,-75.0709, , 
34621,411249,2014013141,6,67,67301,2014,1,4,9999,99,1,1,0,1,1, , ,N,0,0,0,3,0,3,3,2,N,N,39 59:43.320,75 06:55.330,715, ,708, ,0, ,N, ,0, , , , , , , , , ,2,1,0,0,1,0,0,0,0,0,0,3,3,0,0,0,0,0,0,0,1,0,0,0,0,0,0,0,0,0,0,0,0,0,0,4,0,39.9954,-75.1154, , 
34622,411274,2014032453,6,67,67301,2014,2,4,2059,20,3,1,4,8,1, , ,N,0,0,0,3,0,1,2,2,N,N,40 01:46.414,75 08:17.878,2107, ,2102, ,0, ,N, ,0, , , , , , , , , ,1,1,0,0,0,0,0,0,0,0,0,1,1,0,0,0,0,0,0,0,0,1,0,0,0,0,0,0,0,0,0,0,1,0,0,4,0,40.0296,-75.1383, , 
34623,411279,2014034901,6,67,67301,2014,3,2,1545,15,1,1,0,1,1, , ,N,0,0,0,3,0,3,4,2,N,N,39 59:16.602,75 12:26.247,1558, ,1552, ,0, ,N, ,0, , , , , , , , , ,2,1,0,0,0,0,1,0,0,0,0,3,3,0,0,0,0,0,0,0,1,0,0,0,0,0,0,0,0,0,0,0,0,0,0,4,0,39.9879,-75.2073, , 
34624,411317,2014040136,6,67,67301,2014,4,5,952,9,1,1,0,1,1, , ,N,0,0,0,3,0,1,2,2,N,N,40 00:20.684,75 04:30.662,1019, ,957, ,0, ,N, ,0, , , , , , , , , ,2,0,0,0,0,0,2,0,0,0,0,0,1,1,0,0,0,0,0,0,0,0,0,0,0,0,0,0,0,0,0,0,0,0,0,8,0,40.0057,-75.0752, , 
34625,411323,2014049738,6,67,67301,2014,4,1,4,0,3,1,0,4,1, , ,N,1,2,0,3,0,2,4,2,N,N,39 55:01.873,75 10:28.664,9999, ,5, ,0, ,N, ,3, , , , , , , , , ,2,1,0,0,0,0,1,0,0,0,0,2,2,0,0,0,0,0,1,0,0,0,0,0,0,0,0,0,0,0,0,0,0,0,0,4,0,39.9172,-75.1746, , 
34626,411371,2014038902,6,67,67301,2014,3,4,1615,16,1,1,0,4,1, , ,N,1,3,0,3,0,1,3,3,N,N,40 00:05.127,75 09:05.620,1630, ,1617, ,0, ,N, ,3, , , , , , , , , ,3,1,0,0,0,0,1,1,0,0,1,0,1,0,0,0,0,0,1,0,0,0,0,0,0,0,0,0,0,0,0,0,0,0,0,3,0,40.0014,-75.1516, , 
34627,411381,2014044617,6,67,67301,2014,3,7,1714,17,1,1,0,8,1, , ,N,0,0,0,3,0,1,2,2,N,N,39 59:12.843,75 13:49.900,1720, ,1716,2,2,4,N, ,0,N, , , , , , , , ,1,0,0,0,0,0,1,0,0,0,0,1,1,0,0,0,0,0,0,0,0,0,0,0,0,0,0,0,0,0,0,0,1,0,0,4,0,39.9869,-75.2305, , 
34628,411429,2014042278,6,67,67301,2014,4,6,1341,13,1,1,0,7,2, , ,N,7,0,2,3,0,0,1,1,N,N,39 57:24.497,75 09:12.843,1352, ,1341, ,0, ,Y, ,0, , , , , , , , , ,1,1,0,0,0,0,0,0,0,0,0,0,0,0,0,0,0,0,0,0,0,0,0,0,0,0,0,0,0,0,0,0,0,0,0,0,0,39.9568,-75.1536, , 
34629,411446,2014016932,6,67,67301,2014,1,4,114,1,3,1,0,4,1, , ,N,1,3,0,3,0,0,3,3,N,N,40 01:35.133,75 03:04.075,124, ,122, ,0, ,N, ,3, , , , , , , , , ,3,3,0,0,0,0,0,0,0,0,0,0,0,0,0,0,0,0,0,0,0,0,0,0,0,0,0,0,0,0,0,0,0,0,0,0,0,40.0264,-75.0511, , 
34630,411465,2014030499,6,67,67301,2014,3,3,809,8,1,1,0,1,1,1,2,Y,0,0,0,3,0,1,3,2,N,N,40 00:32.634,75 04:03.020,826,45,812,2,2,1,N, ,0,Y,N,N,N,N,N,N,N,Y,2,2,0,0,0,0,0,0,0,0,1,0,1,0,0,0,0,0,0,0,0,0,0,0,0,0,0,0,0,0,0,0,0,0,0,3,0,40.0091,-75.0675, , 
34631,411475,2014040137,6,67,67301,2014,4,5,1203,12,1,1,0,1,1, , ,N,6,0,2,3,0,0,3,2,N,N,39 56:57.647,75 11:03.883,1244, ,1211, ,0, ,N, ,0, , , , , , , , , ,2,1,0,0,1,0,0,0,0,0,0,0,0,0,0,0,0,0,0,0,1,0,0,0,0,0,0,0,0,0,0,0,0,0,0,0,0,39.9493,-75.1844, , 
34632,411511,2014030266,6,67,67301,2014,1,2,653,6,3,9,0,8,1, , ,N,1,2,0,3,0,1,2,2,N,N,39 55:55.912,75 10:54.116,659, ,656, ,0, ,N, ,3, , , , , , , , , ,1,1,0,0,0,0,0,0,0,1,0,0,1,0,0,0,0,0,0,0,0,0,0,0,0,0,0,0,0,0,0,0,1,0,1,2,0,39.9322,-75.1817, , 
34633,407360,2014034176,6,67,67301,2014,2,6,2310,23,3,1,0,5,1, , ,N,0,0,0,3,0,1,2,2,N, ,39 57:00.918,75 09:31.069,2325, ,2315, ,0, , , ,0, , , , , , , , , ,1,1,0,0,0,0,0,0,1,0,0,1,1,0,0,0,0,0,0,0,0,0,0,1,0,0,0,0,0,0,0,0,0,0,0,4,0,39.9503,-75.1586, , 
34634,407374,2014054552,6,67,67301,2014,5,7,1055,10,1,1,0,4,1, , ,N,1,2,7,3,0,1,2,2,N,N,39 59:37.172,75 09:08.597,1103, ,1058,1,1,3, , ,3,N, , , , , , , , ,1,1,0,0,0,0,0,0,1,0,0,0,1,1,0,0,0,0,0,0,0,0,0,0,0,0,0,0,0,0,0,0,0,0,0,8,0,39.9937,-75.1523, , 
34635,407400,2014025365,6,67,67301,2014,1,4,158,1,3,1,0,8,1, , ,N,1,2,0,3,0,1,2,2,N,N,39 57:01.633,75 13:36.684,659, ,658, ,0, ,N, ,3, , , , , , , , , ,1,1,0,0,0,0,0,0,0,0,1,0,1,0,0,0,0,0,0,0,0,0,0,0,0,0,0,0,0,0,0,0,1,0,0,3,0,39.9505,-75.2269, , 
34636,407407,2014032438,6,67,67301,2014,2,3,126,1,3,1,0,7,4, , ,N,0,0,0,3,0,2,2,1,N,N,40 01:33.728,75 05:42.326,130, ,126,1,1,1,N, ,0,Y, , , , , , , , ,1,1,0,0,0,0,0,0,0,0,0,0,2,2,0,0,0,0,0,0,0,0,0,2,0,0,0,0,0,0,0,0,0,0,0,8,0,40.026,-75.0951, , 
34637,407428,2014059096,6,67,67301,2014,4,7,424,4,3,1,0,7,4, , ,N,3,2,0,3,0,0,1,1,N,N,39 57:08.768,75 09:45.156,510, ,424,2,1,3, , ,3,N, , , , , , , , ,1,1,0,0,0,0,0,0,0,0,0,0,0,0,0,0,0,0,0,0,0,0,0,0,0,0,0,0,0,0,0,0,0,0,0,0,0,39.9524,-75.1625, , 
34638,407474,2014051755,6,67,67301,2014,4,7,2310,23,3,1,0,5,1, , ,N,0,0,0,3,0,0,1,2,N,N,39 56:00.784,75 11:31.962,2318, ,2310, ,0, ,N, ,0, , , , , , , , , ,2,1,0,0,0,0,1,0,0,0,0,0,0,0,0,0,0,0,0,0,0,0,0,0,0,0,0,0,0,0,0,0,0,0,0,0,0,39.9336,-75.1922, , 
34639,407542,2014014678,6,67,67301,2014,1,6,813,8,1,1,0,4,1, , ,N,0,0,3,3,0,0,2,2,N,N,39 53:08.003,75 12:37.174,828, ,820,2,2,1,Y, ,0,N, , , , , , , , ,2,0,0,0,1,1,0,0,0,0,0,0,0,0,1,0,0,0,0,0,0,0,0,0,0,0,0,0,0,0,0,0,0,0,0,9,0,39.8856,-75.2103, , 
34640,407551,2014025298,6,67,67301,2014,1,3,1304,13,1,4,3,1,6, , ,N,0,0,0,3,0,0,1,2,N,N,40 02:50.668,75 13:21.010,1431, ,1426, ,0, , , ,0, , , , , , , , , ,2,1,0,0,0,1,0,0,0,0,0,0,0,0,0,0,0,0,0,0,0,0,0,1,0,0,0,0,0,0,0,0,0,0,0,0,1,40.0474,-75.2225, , 
34641,407624,2014054528,6,67,67301,2014,4,6,9999,99,1,1,0,4,1, , ,N,5,2,0,3,0,2,2,2,N,N,40 00:10.274,75 06:06.094,1922, ,1909, ,0, ,N, ,3, , , , , , , , , ,2,0,0,0,1,0,1,0,0,1,0,0,2,1,0,0,0,0,0,0,0,0,0,1,0,1,0,0,0,0,0,0,0,0,0,2,0,40.0029,-75.1017, , 
34642,407645,2014025612,6,67,67301,2014,2,4,1000,10,1,4,3,2,1, , ,N,0,0,0,3,0,0,2,2,N,N,39 53:26.724,75 13:15.816,1017, ,1000, ,0, ,N, ,0, , , , , , , , , ,2,1,0,0,0,0,0,1,0,0,0,0,0,0,0,0,0,0,0,0,0,0,0,0,0,0,0,0,0,0,0,0,0,0,0,0,0,39.8908,-75.2211, , 
34643,407652,2014032658,6,67,67301,2014,3,2,705,7,1,4,3,7,2, , ,N,0,0,0,3,0,0,1,1,N,N,39 53:31.424,75 13:27.091,724, ,709, ,0, ,N, ,0, , , , , , , , , ,1,1,0,0,0,0,0,0,0,0,0,0,0,0,0,0,0,0,0,0,0,0,0,0,0,0,0,0,0,0,0,0,0,0,0,0,0,39.8921,-75.2242, , 
34644,407666,2014049556,6,67,67301,2014,3,6,1012,10,1,1,0,4,1, , ,N,1,3,0,3,0,1,2,3,N,N,39 57:52.750,75 11:30.181,1058, ,1048, ,0, ,N, ,3, , , , , , , , , ,3,1,0,0,0,0,1,0,0,0,0,1,1,0,0,0,0,0,0,0,1,0,0,0,0,0,0,0,0,0,0,0,0,0,0,4,0,39.9647,-75.1917, , 
34645,407671,2014054519,6,67,67301,2014,4,2,1131,11,1,1,0,4,1, , ,N,0,0,7,3,0,3,6,2,N,N,39 54:58.949,75 14:18.992,1136, ,1133,2,1,3,N, ,0,Y, , , , , , , , ,2,0,0,0,1,0,0,0,0,0,0,0,3,3,0,0,0,0,0,0,1,0,0,0,0,0,0,0,0,0,0,0,0,0,0,8,0,39.9164,-75.2386, , 
34646,407695,2014030384,6,67,67301,2014,3,1,1419,14,1,1,0,4,1, , ,N,0,0,0,3,0,0,3,2,N,N,40 01:21.346,75 02:12.003,1429, ,1420,3,1,1,N, ,0,N, , , , , , , , ,2,1,0,0,0,0,1,0,0,0,0,0,0,0,0,0,0,0,0,0,1,1,0,0,0,0,0,0,0,0,0,0,0,0,0,0,0,40.0226,-75.0367, , 
34647,407701,2014038956,6,67,67301,2014,3,4,2200,22,3,1,0,4,1, , ,N,1,2,0,3,0,0,4,2,N,N,39 55:03.752,75 10:39.799,2245, ,2237, ,0, ,N, ,3, , , , , , , , , ,2,1,0,0,1,0,0,0,0,0,0,0,0,0,0,0,0,0,1,0,0,0,0,0,0,0,0,0,0,0,0,0,0,0,0,0,0,39.9177,-75.1777, , 
34648,407706,2014043031,6,67,67301,2014,3,1,218,2,3,1,0,4,1, , ,N,1,2,0,3,0,3,3,2,N,N,39 59:50.150,75 10:48.932,302, ,259, ,0, ,N, ,3, , , , , , , , , ,2,2,0,0,0,0,0,0,0,0,0,0,3,3,0,0,0,0,0,0,0,0,0,0,0,0,0,0,0,0,0,0,0,0,0,8,0,39.9973,-75.1803, , 
34649,407756,2014044561,6,67,67301,2014,3,1,1450,14,1,1,0,4,1, , ,N,1,2,0,3,0,1,2,2,N,N,39 59:08.822,75 09:52.289,1454, ,1450, ,0, ,N, ,3, , , , , , , , , ,2,2,0,0,0,0,0,0,0,0,0,0,1,1,0,0,0,0,0,0,0,1,0,1,0,0,0,0,0,0,0,0,0,0,0,8,0,39.9858,-75.1645, , 
34650,407808,2014053423,6,67,67301,2014,5,6,1111,11,1,1,0,7,2, , ,N,7,0,2,3,0,0,2,1,N,N,39 53:04.770,75 14:38.828,1201, ,1116, ,0, ,N, ,0, , , , , , , , , ,1,1,0,0,0,0,0,0,0,0,0,0,0,0,0,0,0,0,0,0,0,0,0,0,0,0,0,0,0,0,0,0,0,0,0,0,0,39.8847,-75.2441, , 
34651,407846,2014029515,6,67,67301,2014,2,3,1630,16,1,1,0,5,1, , ,N,1,2,0,3,0,0,2,2,N,N,40 00:22.203,75 09:06.487,1638, ,1635, ,0, ,N, ,3, , , , , , , , , ,2,1,0,0,0,0,1,0,0,0,0,0,0,0,0,0,0,0,0,1,0,0,0,1,0,0,0,0,0,0,0,0,0,0,0,0,0,40.0062,-75.1518, , 
34652,398244,2014031285,6,67,67301,2014,3,2,1413,14,1,1,0,0,1, , ,N,1,2,0,3,0,1,6,4,N,N,39 59:49.557,75 14:07.172,1418, ,1413, ,0, ,N, ,3, , , , , , , , , ,4,2,0,0,1,0,1,0,0,0,0,1,1,0,0,0,0,0,0,0,0,0,0,1,0,0,0,0,0,0,0,0,0,0,0,4,0,39.997,-75.2353, , 
34653,398260,2014049604,6,67,67301,2014,4,2,2016,20,3,1,0,4,1, , ,N,1,2,0,3,0,1,2,2,N,N,40 03:17.618,75 09:16.149,2026, ,2025, ,0, ,N, ,3, , , , , , , , , ,2,1,0,0,0,0,1,0,0,0,0,1,1,0,0,0,0,0,0,0,2,0,0,0,0,0,0,0,0,0,0,0,0,0,0,4,0,40.0549,-75.1545, , 
34654,398267,2014056991,6,67,67301,2014,4,3,1930,19,3,1,0,8,1, , ,N,0,0,0,3,0,1,2,2,N,N,39 59:41.943,75 04:40.899,1520, ,1515, ,0, , , ,0, , , , , , , , , ,1,0,0,0,0,0,0,0,0,0,0,1,1,0,0,0,0,0,0,0,0,0,0,0,0,0,0,0,0,0,0,0,1,0,0,4,0,39.995,-75.078, , 
34655,398270,2014059342,6,67,67301,2014,5,3,2020,20,4,9,0,1,1, , ,N,1,2,0,3,0,1,2,2,N,N,39 59:20.443,75 08:27.250,1810, ,1810, ,0, ,N, ,3, , , , , , , , , ,2,2,0,0,0,0,0,0,0,0,0,0,1,1,0,0,0,0,0,0,0,0,0,0,0,0,0,0,0,0,0,0,0,0,0,8,0,39.989,-75.1409, , 
34656,398273,2014002412,6,67,67301,2014,1,6,953,9,1,8,4,7,3,1,2,Y,0,0,0,3,0,1,1,1,N,N,39 58:00.425,75 08:05.639,1006,45,953,1,2,1,N, ,0,N,N,N,N,N,N,N,Y,N,1,1,0,0,0,0,0,0,0,0,0,0,1,1,0,0,0,0,0,0,0,0,0,0,0,0,0,0,0,0,0,0,0,0,0,8,0,39.9668,-75.1349, , 
34657,398311,2014050278,6,67,67301,2014,4,4,1801,18,1,1,0,1,1, , ,N,0,0,0,3,0,3,6,4,N,N,39 58:01.117,75 12:30.178,1810, ,1810, ,0, ,N, ,0, , , , , , , , , ,4,3,0,0,0,0,0,1,0,0,0,2,3,1,1,0,0,0,0,0,0,0,0,0,0,0,0,0,0,0,0,0,0,0,0,4,0,39.967,-75.2084, , 
34658,398319,2014062758,6,67,67301,2014,6,4,1554,15,1,1,0,1,1, , ,N,0,0,0,3,0,1,3,3,N,N,40 01:25.861,75 01:55.103,1610, ,1605,1,1,1,N, ,0,N, , , , , , , , ,3,3,0,0,0,0,0,0,0,0,0,1,1,0,0,0,0,0,0,0,1,0,0,0,0,0,0,0,0,0,0,0,0,0,0,4,0,40.0239,-75.032, , 
34659,398348,2014034153,6,67,67301,2014,2,3,919,9,1,1,0,7,4, , ,N,0,0,0,3,0,1,1,3,N,N,40 00:22.586,75 08:59.910,930, ,923,3,2,1,N, ,0,Y, , , , , , , , ,3,2,0,0,0,0,1,0,0,0,0,0,1,1,0,0,0,0,0,0,0,0,0,0,0,0,0,0,0,0,0,0,0,0,0,8,0,40.0063,-75.15, , 
34660,398363,2014049678,6,67,67301,2014,4,4,1610,16,1,1,0,4,1, , ,N,1,2,0,3,0,2,5,3,N,N,39 59:13.322,75 10:27.753,1620, ,1615,2,1,2,N, ,3,N, , , , , , , , ,3,1,0,0,0,0,1,1,0,0,0,0,2,2,1,0,0,0,0,0,1,0,0,0,0,0,0,0,0,0,0,0,0,0,0,8,0,39.987,-75.1744, , 