objectid_1,objectid,crn,district,county,municipality,crash_year,crash_month,day_of_week,time_of_day,hour_of_day,illumination,weather,road_condition,collision_type,relation_to_road,work_zone_type,work_zone_loc,work_zone_ind,intersect_type,tcd_type,location_type,urban_rural,fatal_count,injury_count,person_count,total_units,sch_bus_ind,sch_zone_ind,latitude,longitude,arrival_tm,cons_zone_spd_lim,dispatch_tm,est_hrs_closed,lane_closed,ln_close_dir,ntfy_hiwy_maint,spec_juris_cd,tcd_func_cd,tfc_detour_ind,workers_pres,wz_close_detour,wz_flagger,wz_law_offcr_ind,wz_ln_closure,wz_moving,wz_other,wz_shlder_mdn,vehicle_count,automobile_count,motorcycle_count,bus_count,small_truck_count,heavy_truck_count,suv_count,van_count,bicycle_count,maj_inj_count,mod_inj_count,min_inj_count,tot_inj_count,unk_inj_deg_count,unk_inj_per_count,driver_count_16yr,driver_count_17yr,driver_count_18yr,driver_count_19yr,driver_count_20yr,driver_count_50_64yr,driver_count_65_74yr,driver_count_75plus,unbelted_occ_count,unb_death_count,unb_maj_inj_count,belted_death_count,belted_maj_inj_count,mcycle_death_count,mcycle_maj_inj_count,bicycle_death_count,bicycle_maj_inj_count,ped_count,ped_death_count,ped_maj_inj_count,max_severity_level,comm_veh_count,dec_lat,dec_long,rdwy_surf_type_cd,county_name
34661,398391,2014034258,6,67,67301,2014,2,6,250,2,3,1,1,4,1, , ,N,3,0,0,3,0,0,1,2,N,N,39 56:43.342,75 10:45.890,345, ,342, ,0, ,N, ,0, , , , , , , , , ,2,1,0,0,0,0,1,0,0,0,0,0,0,0,0,0,0,0,0,0,0,0,0,0,0,0,0,0,0,0,0,0,0,0,0,0,0,39.9454,-75.1794, , 
34662,398435,2014029836,6,67,67301,2014,2,5,5,0,3,4,3,4,1, , ,N,1,2,0,3,0,0,1,3,N,N,39 57:16.485,75 13:33.593,20, ,15, ,0, ,N, ,3, , , , , , , , , ,3,1,0,0,0,0,2,0,0,0,0,0,0,0,0,0,0,0,0,0,0,0,0,0,0,0,0,0,0,0,0,0,0,0,0,0,0,39.9546,-75.226, , 
34663,398436,2014029868,6,67,67301,2014,2,2,1225,12,1,1,5,1,6, , ,N,0,0,0,3,0,0,1,2,N,N,39 58:47.889,75 05:25.476,1335, ,1318, ,0, ,N, ,0, , , , , , , , , ,2,0,0,0,2,0,0,0,0,0,0,0,0,0,1,0,0,0,0,0,1,0,0,0,0,0,0,0,0,0,0,0,0,0,0,9,0,39.98,-75.0904, , 
34664,398447,2014041871,6,67,67301,2014,4,1,516,5,3,1,0,1,6, , ,N,0,0,0,3,0,0,1,2,N,N,39 55:35.558,75 10:01.650,1035, ,1030, ,0, ,N, ,0, , , , , , , , , ,2,1,0,0,0,0,1,0,0,0,0,0,0,0,0,0,0,0,0,0,0,0,0,0,0,0,0,0,0,0,0,0,0,0,0,0,0,39.9265,-75.1671, , 
34665,398455,2014048793,6,67,67301,2014,5,7,1630,16,1,2,1,1,1, , ,N,0,0,2,3,0,6,6,2,N,N,39 56:36.577,75 11:32.348,1640, ,1633,1,1,4,N, ,0,N, , , , , , , , ,2,1,0,0,0,0,0,1,0,0,0,1,6,5,0,0,0,0,0,1,0,0,0,0,0,0,0,0,0,0,0,0,0,0,0,4,0,39.9435,-75.1923, , 
34666,398457,2014049637,6,67,67301,2014,4,1,2200,22,3,1,0,5,5, , ,N,10,0,0,3,0,1,1,2,N, ,40 04:17.054,74 59:41.164,2200, ,2200, ,0, , , ,0, , , , , , , , , ,2,1,0,0,0,0,1,0,0,0,0,1,1,0,0,0,0,0,0,0,0,0,0,0,0,0,0,0,0,0,0,0,0,0,0,4,0,40.0714,-74.9948, , 
34667,398491,2014038853,6,67,67301,2014,3,7,156,1,2,1,0,7,4, , ,N,0,0,0,3,0,0,1,1,N,N,39 53:22.306,75 13:56.113,204, ,156, ,0, ,N, ,0, , , , , , , , , ,1,0,0,0,0,0,1,0,0,0,0,0,0,0,0,0,0,0,0,0,0,0,0,1,0,0,0,0,0,0,0,0,0,0,0,0,0,39.8895,-75.2323, , 
34668,398492,2014038993,6,67,67301,2014,3,7,9999,99,3,1,0,4,1, , ,N,0,0,7,3,0,2,3,2,N,N,39 59:27.885,75 07:58.036,9999, ,1942, ,0, , , ,0, , , , , , , , , ,2,1,0,0,1,0,0,0,0,0,0,1,2,1,0,0,0,0,0,0,0,0,0,0,0,0,0,0,0,0,0,0,0,0,0,4,0,39.9911,-75.1328, , 
34669,398512,2014062756,6,67,67301,2014,6,2,748,7,1,1,0,1,1, , ,N,0,2,2,3,0,1,2,2,N,N,39 57:26.006,75 08:37.483,936, ,908,2,1,4,N, ,3,N, , , , , , , , ,2,1,0,0,0,1,0,0,0,0,0,0,1,1,0,0,0,0,0,0,1,0,0,0,0,0,0,0,0,0,0,0,0,0,0,8,1,39.9572,-75.1437, , 
34670,402865,2014021654,6,67,67301,2014,1,4,2241,22,3,1,0,1,1, , ,N,0,0,0,3,0,1,3,2,N,N,39 57:29.992,75 10:48.925,2255, ,2248, ,0, ,N, ,0, , , , , , , , , ,2,1,0,0,1,0,0,0,0,0,0,0,1,1,0,0,0,0,0,0,1,0,0,0,0,0,0,0,0,0,0,0,0,0,0,8,0,39.9583,-75.1803, , 
34671,402867,2014024976,6,67,67301,2014,2,2,59,0,3,1,0,7,2, , ,N,0,0,0,3,0,3,3,2,N,N,40 00:21.694,75 04:28.517,59, ,59,1,1,5,N, ,0,N, , , , , , , , ,2,2,0,0,0,0,0,0,0,0,0,0,3,3,0,0,0,0,0,0,1,0,0,1,0,0,0,0,0,0,0,0,0,0,0,8,0,40.006,-75.0746, , 
34672,402868,2014025517,6,67,67301,2014,1,3,831,8,1,2,1,4,1, , ,N,1,2,0,3,0,0,3,2,N,N,40 02:40.301,75 11:35.235,835, ,831,1,1,2, , ,3,Y, , , , , , , , ,2,1,0,0,0,0,1,0,0,0,0,0,0,0,0,0,0,0,0,0,0,0,0,0,0,0,0,0,0,0,0,0,0,0,0,0,0,40.0445,-75.1931, , 
34673,402869,2014025547,6,67,67301,2014,1,2,335,3,3,1,1,1,1, , ,N,3,0,0,3,0,2,4,2,N, ,40 01:25.441,75 08:06.417,350, ,339,3,2,2, , ,0,Y, , , , , , , , ,2,1,0,0,0,0,0,1,0,0,0,2,2,0,0,0,0,1,0,0,0,0,0,0,0,0,0,0,0,0,0,0,0,0,0,4,0,40.0237,-75.1351, , 
34674,402882,2014038877,6,67,67301,2014,3,5,1702,17,1,1,0,8,1, , ,N,1,2,0,3,0,1,2,2,N,N,40 02:02.652,75 10:35.500,1711, ,1704, ,0, ,N, ,3, , , , , , , , , ,1,1,0,0,0,0,0,0,0,0,0,0,1,1,0,0,0,0,0,0,0,0,0,1,0,0,0,0,0,0,0,0,1,0,0,8,0,40.0341,-75.1765, , 
34675,402891,2014049552,6,67,67301,2014,4,1,2000,20,3,1,0,6,1, , ,N,0,0,0,3,0,2,2,3,N,N,40 02:59.104,75 05:43.619,2030, ,2011,2,1,1,N, ,0,Y, , , , , , , , ,3,1,0,0,0,0,2,0,0,0,0,0,2,2,0,0,0,0,0,0,0,0,0,0,0,0,0,0,0,0,0,0,0,0,0,8,0,40.0498,-75.0954, , 
34676,402892,2014049820,6,67,67301,2014,4,2,1055,10,1,2,1,4,1, , ,N,5,3,0,3,0,2,2,2,N, ,40 00:19.389,75 08:45.272,1105, ,1100, ,0, , , ,3, , , , , , , , , ,2,1,0,0,0,0,1,0,0,0,0,2,2,0,0,0,0,0,0,0,1,0,0,0,0,0,0,0,0,0,0,0,0,0,0,4,0,40.0054,-75.1459, , 
34677,402925,2014032508,6,67,67301,2014,2,7,9999,99,8,1,6,5,6, , ,N,0,0,0,3,0,0,1,2,N,N,40 00:18.888,75 10:17.692,9999, ,9999, ,0, , , ,0, , , , , , , , , ,2,2,0,0,0,0,0,0,0,0,0,0,0,0,0,0,0,0,0,0,0,0,0,1,0,0,0,0,0,0,0,0,0,0,0,0,0,40.0052,-75.1716, , 
34678,402934,2014038972,6,67,67301,2014,3,3,1230,12,1,1,0,4,1, , ,N,1,3,0,3,0,2,3,2,N,N,40 00:36.709,75 06:37.148,1240, ,1237, ,0, ,N, ,3, , , , , , , , , ,2,2,0,0,0,0,0,0,0,0,0,2,2,0,0,0,0,0,0,0,0,0,0,0,0,0,0,0,0,0,0,0,0,0,0,4,0,40.0102,-75.1103, , 
34679,403011,2014025506,6,67,67301,2014,2,2,740,7,1,4,3,8,2, , ,N,1,2,0,3,0,1,2,2,N,N,39 56:38.806,75 09:12.563,915, ,855, ,0, ,N, ,3, , , , , , , , , ,1,1,0,0,0,0,0,0,0,0,0,0,1,1,0,0,0,0,0,0,0,0,0,0,0,0,0,0,0,0,0,0,1,0,0,8,0,39.9441,-75.1535, , 
34680,403071,2014032345,6,67,67301,2014,2,7,2345,23,3,1,0,1,1, , ,N,0,0,0,3,0,0,3,2,N,N,40 00:07.182,75 06:51.542,2350, ,2347, ,0, ,N, ,0, , , , , , , , , ,2,1,0,0,0,0,0,1,0,0,0,0,0,0,0,0,0,0,0,0,0,0,0,0,0,0,0,0,0,0,0,0,0,0,0,0,0,40.002,-75.1143, , 
34681,403074,2014038280,6,67,67301,2014,4,7,50,0,3,2,1,1,1, , ,N,0,0,0,3,0,1,2,2,N,N,40 02:26.040,75 03:32.474,50, ,50,2,1,2,N, ,0,N, , , , , , , , ,2,2,0,0,0,0,0,0,0,0,0,1,1,0,0,0,0,0,0,0,0,1,0,0,0,0,0,0,0,0,0,0,0,0,0,4,0,40.0406,-75.059, , 
34682,403108,2014019128,6,67,67301,2014,1,4,935,9,1,2,1,4,1, , ,N,1,2,0,3,0,5,6,2,N,N,39 58:13.818,75 08:53.306,943, ,940, ,0, ,N, ,3, , , , , , , , , ,2,1,0,0,1,0,0,0,0,0,3,2,5,0,0,0,0,0,0,0,1,0,0,0,0,0,0,0,0,0,0,0,0,0,0,3,0,39.9704,-75.1482, , 
34683,403109,2014019451,6,67,67301,2014,2,4,1510,15,1,1,0,6,1, , ,N,0,0,0,3,0,0,2,2,N,N,39 54:55.473,75 11:24.051,1605, ,1557, ,0, ,N, ,0, , , , , , , , , ,2,1,0,0,0,1,0,0,0,0,0,0,0,0,0,0,0,0,0,0,2,0,0,0,0,0,0,0,0,0,0,0,0,0,0,0,1,39.9154,-75.19, , 
34684,403121,2014039388,6,67,67301,2014,3,1,1435,14,1,1,0,1,1, , ,N,0,2,0,3,0,1,3,3,N,N,40 05:40.320,75 00:55.090,1450, ,1439,9,1,1,N, ,3,N, , , , , , , , ,3,3,0,0,0,0,0,0,0,0,0,1,1,0,0,0,0,0,0,0,0,0,0,0,0,0,0,0,0,0,0,0,0,0,0,4,0,40.0945,-75.0153, , 
34685,403149,2014016179,6,67,67301,2014,1,6,757,7,1,7,5,4,1, , ,N,1,2,0,3,0,1,2,2,N, ,39 59:01.849,75 09:42.191,807, ,759,1,2,4, , ,3,Y, , , , , , , , ,2,2,0,0,0,0,0,0,0,0,0,1,1,0,0,0,0,0,0,0,0,0,0,0,0,0,0,0,0,0,0,0,0,0,0,4,0,39.9838,-75.1617, , 
34686,403157,2014028077,6,67,67301,2014,1,5,555,5,3,1,0,1,1, , ,N,1,2,0,3,0,1,3,2,N, ,40 04:09.505,75 00:26.083,607, ,605, ,0, , , ,3, , , , , , , , , ,2,1,0,1,0,0,0,0,0,0,0,0,1,1,0,0,0,0,0,0,0,0,0,0,0,0,0,0,0,0,0,0,0,0,0,8,1,40.0692,-75.0073, , 
34687,403177,2014049911,6,67,67301,2014,3,7,2,0,3,1,0,8,1, , ,N,0,0,0,3,0,1,2,2,N,N,39 58:58.781,75 06:05.052,54, ,50, ,0, ,N, ,0, , , , , , , , , ,1,1,0,0,0,0,0,0,0,0,1,0,1,0,0,0,0,0,0,0,0,0,0,0,0,0,0,0,0,0,0,0,1,0,0,3,0,39.983,-75.1014, , 
34688,403183,2014054556,6,67,67301,2014,4,2,1600,16,1,1,0,1,1, , ,N,3,2,0,3,0,3,4,2,N,N,40 00:03.287,75 08:50.364,1606, ,1603, ,0, , , ,3, , , , , , , , , ,2,0,0,0,0,0,2,0,0,0,0,0,3,3,1,0,0,0,0,0,0,0,0,0,0,0,0,0,0,0,0,0,0,0,0,8,0,40.0009,-75.1473, , 
34689,411514,2014032436,6,67,67301,2014,1,2,2106,21,3,9,0,4,1, , ,N,1,2,0,3,0,1,2,2,N,N,39 55:01.859,75 14:46.691,2107, ,2106,3,2,1,N, ,3,Y, , , , , , , , ,1,1,0,0,0,0,0,0,1,0,0,0,1,1,0,0,0,0,0,0,1,0,0,0,0,0,0,0,0,0,0,0,0,0,0,8,0,39.9172,-75.2463, , 
34690,411524,2014049817,6,67,67301,2014,4,2,1710,17,1,1,0,8,1, , ,N,0,0,0,3,0,1,2,2,N,N,39 54:38.314,75 14:35.898,1720, ,1715, ,0, ,N, ,0, , , , , , , , , ,1,1,0,0,0,0,0,0,0,0,0,1,1,0,0,0,0,0,0,0,0,0,0,0,0,0,0,0,0,0,0,0,1,0,0,4,0,39.9106,-75.2433, , 
34691,411528,2014051760,6,67,67301,2014,4,3,2210,22,3,1,0,5,6, , ,N,0,0,0,3,0,0,2,4,N, ,40 03:59.632,75 09:28.842,2219, ,2217, ,0, , , ,0, , , , , , , , , ,4,3,0,0,0,0,0,1,0,0,0,0,0,0,0,0,0,0,0,0,0,0,0,0,0,0,0,0,0,0,0,0,0,0,0,0,0,40.0666,-75.158, , 
34692,411542,2014016115,6,67,67301,2014,1,7,2345,23,3,2,1,4,1, , ,N,3,0,0,3,0,2,3,2,N,N,39 59:36.143,75 11:11.471,26, ,24, ,0, ,N, ,0, , , , , , , , , ,2,2,0,0,0,0,0,0,0,0,0,2,2,0,0,0,0,0,0,0,0,0,0,0,0,0,0,0,0,0,0,0,0,0,0,4,0,39.9933,-75.1864, , 
34693,411553,2014031586,6,67,67301,2014,3,5,1550,15,1,1,0,7,2, , ,N,0,0,0,3,0,0,2,2,N,N,39 54:45.127,75 10:25.525,1556, ,1552, ,0, ,N, ,0, , , , , , , , , ,2,2,0,0,0,0,0,0,0,0,0,0,0,0,0,0,0,0,0,1,0,0,1,0,0,0,0,0,0,0,0,0,0,0,0,0,0,39.9125,-75.1738, , 
34694,411590,2014028063,6,67,67301,2014,1,5,2222,22,2,1,0,8,1, , ,N,1,2,0,3,0,1,2,2,N, ,39 57:06.145,75 14:12.782,2256, ,2222, ,0, , , ,3, , , , , , , , , ,1,1,0,0,0,0,0,0,0,0,0,0,1,1,0,0,0,0,0,0,0,0,0,0,0,0,0,0,0,0,0,0,1,0,0,8,0,39.9517,-75.2369, , 
34695,411618,2014061095,6,67,67301,2014,5,4,1700,17,1,1,0,4,1, , ,N,2,3,0,3,0,0,2,2,N, ,39 59:20.834,75 07:09.721,1720, ,1719, ,0, , , ,3, , , , , , , , , ,2,1,0,0,1,0,0,0,0,0,0,0,0,0,1,0,0,0,0,0,0,0,0,0,0,0,0,0,0,0,0,0,0,0,0,9,0,39.9891,-75.1194, , 
34696,411621,2014065725,6,67,67301,2014,6,7,1651,16,1,1,0,1,1, , ,N,0,0,0,3,0,1,6,6,N,N,40 01:16.685,75 02:26.223,1707, ,1653,3,1,1,N, ,0,N, , , , , , , , ,6,4,0,0,1,0,1,0,0,0,0,0,1,1,0,0,1,0,0,0,1,0,1,0,0,0,0,0,0,0,0,0,0,0,0,8,0,40.0213,-75.0406, , 
34697,411645,2014032409,6,67,67301,2014,2,7,155,1,3,1,0,6,2, , ,N,0,0,0,3,0,2,2,3,N,N,40 00:14.872,75 10:21.228,200, ,159,9,2,6,N, ,0,Y, , , , , , , , ,3,2,0,0,1,0,0,0,0,2,0,0,2,0,0,0,0,0,0,0,0,0,0,2,0,2,0,0,0,0,0,0,0,0,0,2,0,40.0041,-75.1726, , 
34698,411671,2014054644,6,67,67301,2014,4,2,700,7,1,1,0,7,4, , ,N,0,0,0,3,0,1,2,2,N,N,40 03:27.406,75 08:57.420,735, ,702, ,0, ,N, ,0, , , , , , , , , ,1,0,0,1,0,0,0,0,0,0,0,0,1,1,0,0,0,0,0,0,1,0,0,0,0,0,0,0,0,0,0,0,1,0,0,8,1,40.0576,-75.1493, , 
34699,411679,2014013084,6,67,67301,2014,1,1,53,0,3,1,3,7,4, , ,N,2,0,0,3,0,0,1,1,N,N,40 03:34.858,75 02:44.005,103, ,55, ,0, ,N, ,0, , , , , , , , , ,1,0,0,0,1,0,0,0,0,0,0,0,0,0,0,0,0,0,0,0,0,0,0,0,0,0,0,0,0,0,0,0,0,0,0,0,0,40.0597,-75.0456, , 
34700,411689,2014025308,6,67,67301,2014,1,7,2025,20,3,1,0,8,1, , ,N,5,2,0,3,0,1,2,2,N, ,39 55:29.385,75 10:22.358,2032, ,2030, ,0, , , ,3, , , , , , , , , ,1,0,0,0,1,0,0,0,0,0,0,1,1,0,0,0,0,0,0,0,1,0,0,0,0,0,0,0,0,0,0,0,1,0,0,4,0,39.9248,-75.173, , 
34701,411705,2014054658,6,67,67301,2014,4,7,1255,12,1,1,0,1,1, , ,N,0,2,0,3,0,0,3,3,N,N,40 01:01.273,75 09:05.415,1308, ,1305, ,0, ,N, ,3, , , , , , , , , ,3,1,0,0,0,0,2,0,0,0,0,0,0,0,0,0,0,0,0,0,0,0,0,0,0,0,0,0,0,0,0,0,0,0,0,0,0,40.017,-75.1515, , 
34702,411721,2014068157,6,67,67301,2014,5,4,2040,20,3,1,0,7,2, , ,N,0,0,0,3,0,0,1,1,N, ,39 56:33.332,75 14:21.068,2050, ,2046, ,0, , , ,0, , , , , , , , , ,1,0,0,0,0,0,1,0,0,0,0,0,0,0,0,0,0,0,0,0,0,0,0,0,0,0,0,0,0,0,0,0,0,0,0,0,0,39.9426,-75.2392, , 
34703,411729,2014013181,6,67,67301,2014,1,4,1240,12,1,1,0,4,1, , ,N,1,1,0,3,0,0,2,2,N,N,39 59:18.146,75 06:35.283,9999, ,1240, ,0, , , ,3, , , , , , , , , ,2,1,0,0,0,0,0,1,0,0,0,0,0,0,0,0,0,0,0,0,1,0,0,0,0,0,0,0,0,0,0,0,0,0,0,0,0,39.9884,-75.1098, , 
34704,411742,2014026996,6,67,67301,2014,3,7,25,0,3,1,0,7,2, , ,N,7,0,0,3,0,2,2,1,N,N,39 58:06.137,75 07:46.529,28, ,25,1,1,2,N, ,0,N, , , , , , , , ,1,1,0,0,0,0,0,0,0,0,0,1,2,1,0,0,0,0,1,0,0,0,0,2,0,0,0,0,0,0,0,0,0,0,0,4,0,39.9684,-75.1296, , 
34705,411764,2014049663,6,67,67301,2014,4,1,2159,21,3,1,0,5,6, , ,N,0,0,0,3,0,1,1,5,N,N,40 02:39.591,75 11:14.204,6, ,2355, ,0, ,N, ,0, , , , , , , , , ,5,5,0,0,0,0,0,0,0,0,0,0,1,1,0,0,0,0,1,0,0,0,0,0,0,0,0,0,0,0,0,0,0,0,0,8,0,40.0443,-75.1873, , 
34706,411775,2014002415,6,67,67301,2014,1,7,1335,13,1,1,0,1,1, , ,N,0,0,0,3,0,2,2,2,N,N,39 58:53.298,75 12:24.926,1342, ,1337, ,0, ,N, ,0, , , , , , , , , ,2,1,0,0,0,0,0,1,0,0,0,2,2,0,0,0,0,0,0,0,1,0,0,0,0,0,0,0,0,0,0,0,0,0,0,4,0,39.9815,-75.2069, , 
34707,411780,2014016971,6,67,67301,2014,1,1,447,4,3,6,1,5,6, , ,N,0,0,0,3,0,0,4,5,N,N,39 55:37.977,75 10:18.253,509, ,505, ,0, ,N, ,0, , , , , , , , , ,5,5,0,0,0,0,0,0,0,0,0,0,0,0,3,0,0,0,0,0,0,0,0,0,0,0,0,0,0,0,0,0,0,0,0,9,0,39.9272,-75.1717, , 
34708,407851,2014043072,6,67,67301,2014,3,6,719,7,1,1,0,1,1, , ,N,3,0,0,3,0,0,1,2,N,Y,40 02:23.910,75 02:40.689,740, ,733, ,0, ,Y, ,0, , , , , , , , , ,2,2,0,0,0,0,0,0,0,0,0,0,0,0,0,0,0,0,0,0,0,0,0,0,0,0,0,0,0,0,0,0,0,0,0,0,0,40.04,-75.0446, , 
34709,407864,2014053753,6,67,67301,2014,4,3,1920,19,3,2,1,8,1, , ,N,1,2,0,3,0,1,2,2,N,N,40 02:11.152,75 07:49.835,1936, ,1933, ,0, ,N, ,3, , , , , , , , , ,1,1,0,0,0,0,0,0,0,0,0,1,1,0,0,0,0,0,0,0,0,0,0,0,0,0,0,0,0,0,0,0,1,0,0,4,0,40.0364,-75.1305, , 
34710,407865,2014054492,6,67,67301,2014,4,3,1930,19,1,1,0,1,1, , ,N,1,2,0,3,0,1,3,3,N,N,39 58:10.310,75 13:31.350,1932, ,1930, ,0, ,N, ,3, , , , , , , , , ,3,1,0,0,0,0,2,0,0,0,0,1,1,0,0,0,0,0,0,0,1,0,0,0,0,0,0,0,0,0,0,0,0,0,0,4,0,39.9695,-75.2254, , 
34711,407867,2014055891,6,67,67301,2014,6,2,750,7,1,1,0,1,1, , ,N,0,0,0,3,0,2,5,2,N,N,39 58:00.570,75 08:05.202,812, ,757, ,0, ,N, ,0, , , , , , , , , ,2,0,0,0,0,0,2,0,0,0,0,0,2,2,0,0,0,0,0,0,0,0,0,0,0,0,0,0,0,0,0,0,0,0,0,8,0,39.9668,-75.1348, , 
34712,407882,2014019117,6,67,67301,2014,1,6,735,7,1,3,5,7,4, , ,N,0,0,0,3,0,1,1,1,N, ,39 55:06.012,75 13:34.392,742, ,737,3,2,2, , ,0,Y, , , , , , , , ,1,0,0,0,0,0,1,0,0,0,0,1,1,0,0,0,0,0,0,0,0,0,0,0,0,0,0,0,0,0,0,0,0,0,0,4,0,39.9183,-75.2262, , 
34713,407893,2014028054,6,67,67301,2014,2,7,840,8,1,1,0,4,1, , ,N,1,2,0,3,0,0,2,2,N,N,40 02:51.896,75 04:18.775,850, ,843, ,0, ,N, ,3, , , , , , , , , ,2,0,0,0,0,0,1,1,0,0,0,0,0,0,0,0,0,0,0,0,1,0,0,0,0,0,0,0,0,0,0,0,0,0,0,0,0,40.0477,-75.0719, , 
34714,407900,2014035813,6,67,67301,2014,2,3,1701,17,4,1,0,1,1, , ,N,7,0,2,3,0,1,6,3,N,N,39 53:26.133,75 13:14.839,1713, ,1704,1,2,1,N, ,0,N, , , , , , , , ,3,2,0,0,0,0,1,0,0,0,0,1,1,0,0,0,0,0,0,0,0,0,0,0,0,0,0,0,0,0,0,0,0,0,0,4,0,39.8906,-75.2208, , 
34715,407906,2014042658,6,67,67301,2014,3,6,2055,20,3,9,0,4,1, , ,N,0,0,7,3,0,1,2,2,N, ,40 01:51.521,75 06:15.924,1030, ,1000, ,0, , , ,0, , , , , , , , , ,2,2,0,0,0,0,0,0,0,0,0,0,1,1,0,0,0,1,0,0,0,0,0,0,0,0,0,0,0,0,0,0,0,0,0,8,0,40.031,-75.1044, , 
34716,407933,2014016456,6,67,67301,2014,1,1,1027,10,1,4,4,4,1, , ,N,0,0,0,3,0,2,9,6,N,N,40 02:05.241,75 01:06.512,1103, ,1030,2,1,1,N, ,0,N, , , , , , , , ,6,4,0,0,1,0,0,0,0,0,0,2,2,0,1,0,0,0,0,0,2,0,0,0,0,0,0,0,0,0,0,0,0,0,0,4,0,40.0348,-75.0185, , 
34717,408030,2014068023,6,67,67301,2014,5,4,1745,17,1,1,0,8,1, , ,N,2,0,0,3,0,1,2,2,N, ,40 00:27.046,75 09:23.612,1755, ,1749, ,0, , , ,0, , , , , , , , , ,1,1,0,0,0,0,0,0,0,0,0,1,1,0,0,0,0,0,0,0,0,0,0,0,0,0,0,0,0,0,0,0,1,0,0,4,0,40.0075,-75.1566, , 
34718,408047,2014088159,6,67,67301,2014,7,6,700,7,1,1,0,4,1, , ,N,1,2,0,3,0,2,2,2,N,N,40 03:42.905,75 09:47.363,706, ,706, ,0, ,N, ,3, , , , , , , , , ,2,1,0,0,0,0,1,0,0,0,0,2,2,0,0,0,0,0,0,0,0,0,0,0,0,0,0,0,0,0,0,0,0,0,0,4,0,40.0619,-75.1632, , 
34719,408048,2014088313,6,67,67301,2014,7,2,1630,16,1,9,8,8,1, , ,N,1,2,0,3,0,1,2,2,N,N,40 04:50.031,75 10:20.992,1322, ,1322, ,0, , , ,3, , , , , , , , , ,1,1,0,0,0,0,0,0,0,0,0,1,1,0,1,0,0,0,0,0,0,0,0,0,0,0,0,0,0,0,0,0,1,0,0,4,0,40.0806,-75.1725, , 
34720,408052,2014091431,6,67,67301,2014,9,3,752,7,1,1,0,8,1, , ,N,1,2,0,3,0,1,3,3,N, ,40 02:03.872,75 04:55.948,755, ,752, ,0, , , ,3, , , , , , , , , ,1,1,0,0,0,0,0,0,0,0,0,1,1,0,0,0,0,0,0,0,0,0,0,0,0,0,0,0,0,0,0,0,2,0,0,4,0,40.0344,-75.0822, , 
34721,408102,2014040134,6,67,67301,2014,4,4,908,9,1,1,0,4,1, , ,N,0,0,0,3,0,1,2,2,N,N,39 57:05.236,75 08:29.367,921, ,910,2,1,2,N, ,0,N, , , , , , , , ,2,1,0,0,1,0,0,0,0,0,0,0,1,1,0,0,0,0,0,0,0,0,0,2,0,0,0,0,0,0,0,0,0,0,0,8,0,39.9515,-75.1415, , 
34722,408145,2014041259,6,67,67301,2014,4,6,1410,14,1,1,0,5,1, , ,N,0,0,0,3,0,1,3,3,N,N,39 59:28.080,75 12:13.339,1423, ,1410,2,1,4,N, ,0,N, , , , , , , , ,3,2,0,0,0,0,1,0,0,0,0,1,1,0,0,0,0,0,0,0,1,0,0,1,0,0,0,0,0,0,0,0,0,0,0,4,0,39.9911,-75.2037, , 
34723,408172,2014016926,6,67,67301,2014,1,6,1053,10,1,8,5,4,1, , ,N,1,3,0,3,0,1,4,2,N, ,39 57:21.643,75 12:41.414,1053, ,1053,2,2,5, , ,3,Y, , , , , , , , ,2,2,0,0,0,0,0,0,0,0,0,0,1,1,0,0,0,0,0,0,0,0,0,0,0,0,0,0,0,0,0,0,0,0,0,8,0,39.956,-75.2115, , 
34724,408183,2014025550,6,67,67301,2014,1,5,1310,13,1,1,0,1,6, , ,N,0,0,0,3,0,0,1,3,N,N,40 01:58.875,75 02:46.701,1320, ,1315, ,0, ,N, ,0, , , , , , , , , ,3,2,0,0,0,0,1,0,0,0,0,0,0,0,0,0,0,0,0,0,0,0,0,0,0,0,0,0,0,0,0,0,0,0,0,0,0,40.033,-75.0463, , 
34725,408184,2014025896,6,67,67301,2014,1,7,2010,20,3,2,1,8,1, , ,N,2,3,0,3,0,1,2,2,N,N,39 56:46.567,75 13:41.553,1619, ,1614, ,0, , , ,3, , , , , , , , , ,1,1,0,0,0,0,0,0,0,0,0,0,1,1,0,0,0,0,0,0,0,1,0,0,0,0,0,0,0,0,0,0,1,0,0,8,0,39.9463,-75.2282, , 
34726,398543,2014032367,6,67,67301,2014,2,7,2020,20,3,1,5,5,1, , ,N,0,0,0,3,0,1,1,2,N,N,40 01:18.976,75 06:54.165,2035, ,2030, ,0, , , ,0, , , , , , , , , ,2,2,0,0,0,0,0,0,0,0,0,1,1,0,0,0,0,0,0,0,0,1,0,0,0,0,0,0,0,0,0,0,0,0,0,4,0,40.0219,-75.115, , 
34727,398557,2014048543,6,67,67301,2014,5,1,1345,13,1,1,0,5,1, , ,N,0,0,0,3,0,2,3,2,N,N,40 00:34.319,75 12:19.705,1345, ,1345, ,0, ,N, ,0, , , , , , , , , ,2,0,0,0,0,0,2,0,0,1,1,0,2,0,0,0,1,0,0,0,1,0,0,0,0,0,0,1,0,0,0,0,0,0,0,2,0,40.0095,-75.2055, , 