objectid_1,objectid,crn,district,county,municipality,crash_year,crash_month,day_of_week,time_of_day,hour_of_day,illumination,weather,road_condition,collision_type,relation_to_road,work_zone_type,work_zone_loc,work_zone_ind,intersect_type,tcd_type,location_type,urban_rural,fatal_count,injury_count,person_count,total_units,sch_bus_ind,sch_zone_ind,latitude,longitude,arrival_tm,cons_zone_spd_lim,dispatch_tm,est_hrs_closed,lane_closed,ln_close_dir,ntfy_hiwy_maint,spec_juris_cd,tcd_func_cd,tfc_detour_ind,workers_pres,wz_close_detour,wz_flagger,wz_law_offcr_ind,wz_ln_closure,wz_moving,wz_other,wz_shlder_mdn,vehicle_count,automobile_count,motorcycle_count,bus_count,small_truck_count,heavy_truck_count,suv_count,van_count,bicycle_count,maj_inj_count,mod_inj_count,min_inj_count,tot_inj_count,unk_inj_deg_count,unk_inj_per_count,driver_count_16yr,driver_count_17yr,driver_count_18yr,driver_count_19yr,driver_count_20yr,driver_count_50_64yr,driver_count_65_74yr,driver_count_75plus,unbelted_occ_count,unb_death_count,unb_maj_inj_count,belted_death_count,belted_maj_inj_count,mcycle_death_count,mcycle_maj_inj_count,bicycle_death_count,bicycle_maj_inj_count,ped_count,ped_death_count,ped_maj_inj_count,max_severity_level,comm_veh_count,dec_lat,dec_long,rdwy_surf_type_cd,county_name
34728,398559,2014049803,6,67,67301,2014,4,1,810,8,1,1,0,1,1, , ,N,2,0,0,3,0,2,3,2,N,N,40 04:00.247,75 04:55.828,825, ,819,2,1,2, , ,0,Y, , , , , , , , ,2,1,0,1,0,0,0,0,0,0,0,2,2,0,0,0,0,0,0,0,0,0,0,0,0,0,0,0,0,0,0,0,0,0,0,4,1,40.0667,-75.0822, , 
34729,398584,2014030298,6,67,67301,2014,2,4,700,7,1,1,0,4,1, , ,N,1,2,0,3,0,2,2,3,N,N,39 59:47.209,75 06:35.265,830, ,826,2,1,3,N, ,3,Y, , , , , , , , ,3,2,0,0,0,0,1,0,0,0,0,2,2,0,0,0,0,1,0,0,0,0,0,0,0,0,0,0,0,0,0,0,0,0,0,4,0,39.9964,-75.1098, , 
34730,398594,2014039055,6,67,67301,2014,3,7,605,6,1,1,0,4,1, , ,N,2,0,0,3,0,1,2,2,N,N,40 02:52.672,75 10:07.950,618, ,611, ,0, , , ,0, , , , , , , , , ,2,1,0,0,0,0,0,0,0,0,0,1,1,0,1,0,0,0,0,0,1,0,0,0,0,0,0,0,0,0,0,0,0,0,0,4,0,40.048,-75.1689, , 
34731,398602,2014045311,6,67,67301,2014,3,6,2319,23,3,1,0,1,1, , ,N,0,0,0,3,0,2,3,3,N,N,40 01:46.367,75 08:48.130,2335, ,2329,2,1,1,N, ,0,Y, , , , , , , , ,3,1,0,0,0,0,2,0,0,0,0,0,2,2,0,0,0,0,0,0,1,0,0,0,0,0,0,0,0,0,0,0,0,0,0,8,0,40.0295,-75.1467, , 
34732,398605,2014054594,6,67,67301,2014,4,1,1430,14,1,1,0,4,1, , ,N,1,2,0,3,0,0,3,2,N,N,39 58:47.528,75 08:34.317,1435, ,1430, ,0, ,N, ,3, , , , , , , , , ,2,1,0,0,0,0,0,1,0,0,0,0,0,0,0,0,0,0,0,0,0,0,0,0,0,0,0,0,0,0,0,0,0,0,0,0,0,39.9799,-75.1429, , 
34733,398606,2014054603,6,67,67301,2014,4,4,1610,16,1,2,1,4,1, , ,N,0,0,0,3,0,1,4,2,N, ,40 02:16.665,75 05:19.393,1640, ,1636, ,0, , , ,0, , , , , , , , , ,2,1,0,0,0,1,0,0,0,0,0,1,1,0,0,0,0,0,0,0,1,0,0,0,0,0,0,0,0,0,0,0,0,0,0,4,1,40.038,-75.0887, , 
34734,398637,2014042394,6,46,46108,2014,4,3,2015,20,3,2,1,4,1, , ,N,1,2,0,3,0,0,2,2,N,N,40 05:34.368,75 13:24.847,2015, ,2015, ,0, ,N, ,3, , , , , , , , , ,2,2,0,0,0,0,0,0,0,0,0,0,0,0,0,0,0,0,0,0,1,0,1,0,0,0,0,0,0,0,0,0,0,0,0,0,0,40.0929,-75.2236, , 
34735,398645,2014049744,6,67,67301,2014,4,5,9999,99,1,1,0,4,1, , ,N,2,0,0,3,0,1,3,2,N, ,39 57:48.031,75 09:40.062,935, ,928, ,0, , , ,0, , , , , , , , , ,2,1,0,0,0,0,1,0,0,0,1,0,1,0,0,0,0,0,0,0,0,0,0,0,0,0,0,0,0,0,0,0,0,0,0,3,0,39.9633,-75.1611, , 
34736,398675,2014019145,6,67,67301,2014,1,4,1757,17,2,1,0,4,1, , ,N,5,2,0,3,0,1,2,2,N,N,40 00:31.996,75 04:18.728,1759, ,1759, ,0, ,N, ,3, , , , , , , , , ,2,1,0,0,1,0,0,0,0,0,0,0,1,1,0,0,0,0,0,0,0,0,0,0,0,0,0,0,0,0,0,0,0,0,0,8,0,40.0089,-75.0719, , 
34737,398679,2014019965,6,67,67301,2014,2,6,1234,12,1,1,1,7,1, , ,N,0,8,3,3,0,0,1,1,N,N,39 59:28.968,75 13:29.550,1250, ,1234,5,2,6,N, ,2,Y, , , , , , , , ,1,0,0,0,0,1,0,0,0,0,0,0,0,0,0,0,0,0,0,0,1,0,0,1,0,0,0,0,0,0,0,0,0,0,0,0,1,39.9914,-75.2249, , 
34738,398688,2014025545,6,67,67301,2014,1,4,2340,23,3,2,1,2,6, , ,N,0,3,0,3,0,1,1,2,N,N,40 04:31.286,75 10:38.024,1216, ,1210, ,0, ,N, ,3, , , , , , , , , ,2,2,0,0,0,0,0,0,0,0,0,0,1,1,0,0,0,0,0,0,0,0,0,0,0,0,0,0,0,0,0,0,0,0,0,8,0,40.0754,-75.1772, , 
34739,398726,2014021576,6,67,67301,2014,1,5,1831,18,3,1,0,4,1, , ,N,1,3,0,3,0,1,2,2,N, ,39 58:18.717,75 08:55.168,1853, ,1853, ,0, , , ,3, , , , , , , , , ,2,1,0,0,0,0,0,1,0,0,0,0,1,1,0,0,0,0,0,0,0,0,0,0,0,0,0,0,0,0,0,0,0,0,0,8,0,39.9719,-75.1487, , 
34740,398791,2014042725,6,67,67301,2014,3,2,1522,15,1,1,0,4,1, , ,N,1,3,0,3,0,1,2,2,N,N,39 55:38.233,75 10:56.924,1526, ,1524, ,0, ,N, ,3, , , , , , , , , ,1,0,0,0,1,0,0,0,1,0,0,1,1,0,0,0,0,0,0,0,0,0,0,0,0,0,0,0,0,0,0,0,0,0,0,4,0,39.9273,-75.1825, , 
34741,398833,2014039118,6,67,67301,2014,4,3,1639,16,1,1,0,1,1, , ,N,0,0,0,3,0,0,2,2,N,N,39 57:25.380,75 09:22.944,1702, ,1655, ,0, ,N, ,0, , , , , , , , , ,2,1,0,0,0,0,1,0,0,0,0,0,0,0,0,0,0,0,0,0,0,1,0,0,0,0,0,0,0,0,0,0,0,0,0,0,0,39.9571,-75.1564, , 
34742,398842,2014047613,6,67,67301,2014,4,2,1757,17,1,1,0,1,1, , ,N,0,0,0,3,0,2,2,2,N,N,39 57:33.612,75 10:28.351,1802, ,1757,1,2,3,N, ,0,Y, , , , , , , , ,2,2,0,0,0,0,0,0,0,0,0,2,2,0,0,0,0,0,0,0,0,0,0,0,0,0,0,0,0,0,0,0,0,0,0,4,0,39.9593,-75.1745, , 
34743,398867,2014025874,6,67,67301,2014,1,1,1743,17,4,1,0,7,1, , ,N,0,0,1,3,0,0,1,1,N,N,39 59:29.348,75 13:32.359,1855, ,1847, ,0, ,N, ,0, , , , , , , , , ,1,0,0,0,0,1,0,0,0,0,0,0,0,0,0,0,0,0,0,0,1,0,0,0,0,0,0,0,0,0,0,0,0,0,0,0,1,39.9915,-75.2257, , 
34744,403198,2014016970,6,67,67301,2014,1,6,2050,20,3,2,1,4,1, , ,N,1,2,0,3,0,0,3,2,N,N,39 57:19.425,75 09:21.185,2050, ,2050, ,0, ,N, ,3, , , , , , , , , ,2,2,0,0,0,0,0,0,0,0,0,0,0,0,0,0,0,0,0,0,1,0,0,0,0,0,0,0,0,0,0,0,0,0,0,0,0,39.9554,-75.1559, , 
34745,403213,2014034187,6,67,67301,2014,3,1,1802,18,3,2,1,8,1, , ,N,1,2,0,3,0,1,2,2,N,N,40 01:43.550,75 07:55.833,1915, ,1809, ,0, ,N, ,3, , , , , , , , , ,1,1,0,0,0,0,0,0,0,0,1,0,1,0,0,0,0,0,0,0,0,0,0,0,0,0,0,0,0,0,0,0,1,0,0,3,0,40.0288,-75.1322, , 
34746,403233,2014058277,6,67,67301,2014,5,4,2101,21,3,1,0,1,1, , ,N,0,0,0,3,0,3,4,2,N,N,39 53:59.624,75 09:41.548,2113, ,2101,1,2,2,N, ,0,N, , , , , , , , ,2,1,0,0,1,0,0,0,0,0,1,2,3,0,0,0,0,0,0,0,0,0,0,0,0,0,0,0,0,0,0,0,0,0,0,3,0,39.8999,-75.1615, , 
34747,403256,2014025290,6,67,67301,2014,1,6,1215,12,1,1,4,1,1, , ,N,1,2,0,3,0,0,2,2,N,N,39 59:51.784,75 07:23.658,1228, ,1225,2,1,4,N, ,3,N, , , , , , , , ,2,0,0,0,1,0,1,0,0,0,0,0,0,0,0,0,0,0,0,0,1,0,0,0,0,0,0,0,0,0,0,0,0,0,0,0,0,39.9977,-75.1232, , 
34748,403257,2014025416,6,67,67301,2014,1,6,1635,16,4,9,3,6,1, , ,N,0,0,0,3,0,1,4,3,N,N,39 56:13.808,75 13:44.508,1721, ,1719, ,0, , , ,0, , , , , , , , , ,3,2,0,0,0,0,1,0,0,0,0,0,1,1,3,0,0,0,0,0,0,0,0,0,0,0,0,0,0,0,0,0,0,0,0,8,0,39.9372,-75.229, , 
34749,403265,2014038860,6,67,67301,2014,4,5,1539,15,1,1,0,7,4, , ,N,0,0,0,3,0,0,8,1,Y,N,40 00:21.269,75 12:38.454,1626, ,1541,3,2,6,N, ,0,Y, , , , , , , , ,1,0,0,1,0,0,0,0,0,0,0,0,0,0,0,0,0,0,0,0,0,0,0,0,0,0,0,0,0,0,0,0,0,0,0,0,1,40.0059,-75.2107, , 
34750,403270,2014042721,6,67,67301,2014,3,2,2000,20,3,1,0,8,1, , ,N,1,2,0,3,0,1,2,2,N,N,40 00:20.692,75 05:56.577,9999, ,2058, ,0, , , ,3, , , , , , , , , ,1,0,1,0,0,0,0,0,0,0,0,1,1,0,0,0,0,0,0,0,0,0,0,0,0,0,0,0,0,0,0,0,1,0,0,4,0,40.0057,-75.099, , 
34751,403272,2014044163,6,67,67301,2014,3,5,742,7,1,1,0,8,1, , ,N,1,2,0,3,0,1,20,2,Y,N,40 03:11.336,75 02:24.854,745, ,742,2,2,6, , ,3,Y, , , , , , , , ,1,0,0,1,0,0,0,0,0,0,0,1,1,0,0,0,0,0,0,0,0,0,1,0,0,0,0,0,0,0,0,0,1,0,0,4,1,40.0531,-75.0402, , 
34752,403283,2014059046,6,67,67301,2014,4,5,2147,21,3,1,0,4,1, , ,N,2,0,2,3,0,3,3,2,N,N,39 57:15.358,75 08:22.158,2151, ,2148, ,0, ,N, ,0, , , , , , , , , ,2,1,0,0,1,0,0,0,0,1,1,1,3,0,0,0,0,0,0,0,0,0,0,2,0,1,0,0,0,0,0,0,0,0,0,2,0,39.9542,-75.1395, , 
34753,403317,2014038899,6,67,67301,2014,3,5,1800,18,1,1,0,4,1, , ,N,1,2,0,3,0,0,3,2,N,N,39 57:15.642,75 13:26.511,1823, ,1815, ,0, ,N, ,3, , , , , , , , , ,2,2,0,0,0,0,0,0,0,0,0,0,0,0,0,0,0,0,0,0,0,0,1,0,0,0,0,0,0,0,0,0,0,0,0,0,0,39.9543,-75.224, , 
34754,403320,2014042639,6,67,67301,2014,3,5,1355,13,1,1,0,4,1, , ,N,2,3,0,3,0,1,3,2,N, ,39 59:57.401,75 05:58.528,1405, ,355,3,1,4, , ,3,N, , , , , , , , ,2,2,0,0,0,0,0,0,0,0,0,0,1,1,0,0,0,0,0,0,0,0,0,0,0,0,0,0,0,0,0,0,0,0,0,8,0,39.9993,-75.0996, , 
34755,403364,2014038912,6,67,67301,2014,3,2,1305,13,1,1,0,7,4, , ,N,0,0,0,3,0,1,1,1,N,N,40 01:28.660,75 08:58.087,1318, ,1310, ,0, ,N, ,0, , , , , , , , , ,1,0,0,0,0,0,1,0,0,0,0,1,1,0,0,0,0,0,1,0,0,0,0,1,0,0,0,0,0,0,0,0,0,0,0,4,0,40.0246,-75.1495, , 
34756,403376,2014051744,6,67,67301,2014,4,4,1901,19,1,1,0,1,1, , ,N,0,0,0,3,0,0,3,3,N,N,39 56:59.298,75 11:27.974,1910, ,1901, ,0, ,N, ,0, , , , , , , , , ,3,1,0,0,1,0,1,0,0,0,0,0,0,0,0,0,0,0,0,0,0,0,0,0,0,0,0,0,0,0,0,0,0,0,0,0,0,39.9498,-75.1911, , 
34757,403429,2014049531,6,67,67301,2014,4,5,1150,11,1,1,0,4,1, , ,N,1,2,0,3,0,2,2,2,N,N,40 01:33.389,75 02:35.691,1210, ,1152, ,0, ,N, ,3, , , , , , , , , ,2,0,0,0,1,0,0,1,0,0,0,1,2,1,0,0,0,0,0,0,1,1,0,0,0,0,0,0,0,0,0,0,0,0,0,4,0,40.0259,-75.0432, , 
34758,403446,2014028066,6,67,67301,2014,2,2,9999,99,1,4,4,1,1, , ,N,0,0,0,3,0,0,2,2,N, ,40 04:50.568,75 13:21.202,930, ,752,3,1,4, , ,0,Y, , , , , , , , ,2,1,0,0,0,0,1,0,0,0,0,0,0,0,0,0,0,0,0,0,1,0,0,0,0,0,0,0,0,0,0,0,0,0,0,0,0,40.0807,-75.2226, , 
34759,403471,2014059076,6,67,67301,2014,5,5,1111,11,1,1,0,8,1, , ,N,1,2,0,3,0,1,2,2,N,N,40 00:27.502,75 07:38.377,1115, ,1112, ,0, ,N, ,3, , , , , , , , , ,1,0,0,0,1,0,0,0,0,0,0,1,1,0,0,0,0,0,0,0,0,0,0,1,0,0,0,0,0,0,0,0,1,0,0,4,0,40.0076,-75.1273, , 
34760,403495,2014029877,6,67,67301,2014,2,3,1400,14,1,1,6,4,1, , ,N,2,0,0,3,0,1,3,2,N,N,39 57:55.871,75 10:39.118,1645, ,1638, ,0, ,N, ,0, , , , , , , , , ,2,0,0,0,1,0,0,1,0,0,0,1,1,0,0,0,0,0,0,0,2,0,0,0,0,0,0,0,0,0,0,0,0,0,0,4,0,39.9655,-75.1777, , 
34761,403500,2014035703,6,67,67301,2014,2,1,1817,18,3,4,3,5,6, , ,N,0,0,0,3,0,1,3,8,N,N,40 00:04.689,75 06:16.377,1845, ,1845,1,2,5,N, ,0,Y, , , , , , , , ,8,4,0,0,0,0,0,3,0,0,0,0,1,1,0,0,0,0,0,0,0,0,0,0,0,0,0,0,0,0,0,0,0,0,0,8,0,40.0013,-75.1045, , 
34762,411788,2014026026,6,67,67301,2014,2,3,535,5,3,1,0,1,7, , ,N,0,0,0,3,0,1,2,3,N,N,39 58:02.742,75 07:55.756,542, ,536,3,1,1,Y, ,0,N, , , , , , , , ,2,1,0,0,0,1,0,0,0,0,0,0,1,1,0,0,0,0,0,0,1,0,0,0,0,0,0,0,0,0,0,0,1,0,0,8,1,39.9674,-75.1322, , 
34763,411797,2014034221,6,67,67301,2014,3,3,1200,12,1,8,1,5,1, , ,N,0,0,0,3,0,1,1,4,N,N,40 01:59.606,75 06:25.259,1205, ,1200, ,0, ,N, ,0, , , , , , , , , ,4,0,0,0,0,2,1,1,0,0,0,1,1,0,0,0,0,0,0,0,0,0,0,0,0,0,0,0,0,0,0,0,0,0,0,4,1,40.0332,-75.107, , 
34764,411804,2014044582,6,67,67301,2014,3,4,1200,12,1,1,0,8,1, , ,N,1,2,0,3,0,1,2,2,N,N,40 02:12.848,75 08:02.883,1530, ,9999, ,0, ,N, ,3, , , , , , , , , ,1,1,0,0,0,0,0,0,0,0,0,1,1,0,0,0,0,0,0,0,0,0,0,0,0,0,0,0,0,0,0,0,1,0,0,4,0,40.0369,-75.1341, , 
34765,411819,2014058989,6,67,67301,2014,5,1,9999,99,3,1,0,5,1, , ,N,0,0,0,3,0,2,2,2,N,N,39 59:04.056,75 10:06.134,9999, ,240, ,0, ,N, ,0, , , , , , , , , ,2,2,0,0,0,0,0,0,0,0,0,2,2,0,0,0,0,0,0,0,0,0,0,2,0,0,0,0,0,0,0,0,0,0,0,4,0,39.9845,-75.1684, , 
34766,411829,2014016946,6,67,67301,2014,1,7,9999,99,1,2,1,8,1, , ,N,0,0,0,3,0,1,2,2,N, ,40 02:09.088,75 02:33.100,147, ,143, ,0, , , ,0, , , , , , , , , ,1,1,0,0,0,0,0,0,0,0,0,1,1,0,0,0,0,0,0,0,0,0,0,0,0,0,0,0,0,0,0,0,1,0,0,4,0,40.0359,-75.0425, , 
34767,411845,2014029202,6,67,67301,2014,3,6,2312,23,3,1,0,7,4, , ,N,0,0,0,3,0,2,2,1,N,N,39 56:44.739,75 11:24.294,2320, ,2312,2,1,4,N, ,0,N, , , , , , , , ,1,1,0,0,0,0,0,0,0,0,0,2,2,0,0,0,0,0,0,1,0,0,0,2,0,0,0,0,0,0,0,0,0,0,0,4,0,39.9458,-75.1901, , 
34768,411846,2014029837,6,67,67301,2014,2,7,1902,19,3,1,0,1,1, , ,N,0,0,0,3,0,0,4,2,N,N,39 55:27.543,75 10:09.166,1909, ,1907, ,0, , , ,0, , , , , , , , , ,2,0,0,0,0,0,2,0,0,0,0,0,0,0,0,0,0,0,0,0,0,0,0,0,0,0,0,0,0,0,0,0,0,0,0,0,0,39.9243,-75.1692, , 
34769,411854,2014039344,6,67,67301,2014,3,2,1935,19,2,1,0,1,6, , ,N,0,0,0,3,0,1,2,3,N, ,40 05:01.975,74 59:25.962,1940, ,1936, ,0, , , ,0, , , , , , , , , ,2,0,0,0,2,0,0,0,0,0,0,0,1,1,0,0,0,0,0,0,0,0,0,0,0,0,0,0,0,0,0,0,1,0,0,8,0,40.0839,-74.9905, , 
34770,411862,2014042726,6,67,67301,2014,3,1,320,3,3,1,0,7,5, , ,N,10,0,0,3,0,2,2,1,N,N,39 56:48.890,75 11:02.518,330, ,328,3,2,4,N, ,0,Y, , , , , , , , ,1,0,0,0,1,0,0,0,0,0,0,0,2,2,0,0,0,0,0,0,0,0,0,0,0,0,0,0,0,0,0,0,0,0,0,8,0,39.9469,-75.184, , 
34771,411863,2014044571,6,67,67301,2014,3,7,1508,15,1,1,0,1,1, , ,N,0,0,0,3,0,1,4,3,N, ,40 05:20.442,75 01:15.213,1515, ,1510,1,1,2, , ,0,N, , , , , , , , ,3,3,0,0,0,0,0,0,0,0,0,1,1,0,0,0,0,0,1,1,0,0,0,0,0,0,0,0,0,0,0,0,0,0,0,4,0,40.089,-75.0209, , 
34772,411902,2014036228,6,67,67301,2014,3,6,1636,16,1,1,0,1,1, , ,N,0,0,0,3,0,1,2,2,N,N,39 58:53.112,75 06:09.336,1712, ,1639, ,0, ,N, ,0, , , , , , , , , ,2,1,0,0,0,0,0,1,0,0,0,0,1,1,0,0,0,0,0,0,1,0,0,0,0,0,0,0,0,0,0,0,0,0,0,8,0,39.9814,-75.1026, , 
34773,411905,2014038873,6,67,67301,2014,3,3,1730,17,1,1,0,8,1, , ,N,0,0,0,3,0,1,2,2,N, ,40 02:39.138,75 04:56.838,1810, ,1750, ,0, , , ,0, , , , , , , , , ,1,1,0,0,0,0,0,0,0,0,1,0,1,0,0,0,0,0,0,0,0,0,0,0,0,0,0,0,0,0,0,0,1,0,0,3,0,40.0442,-75.0825, , 
34774,411906,2014038898,6,67,67301,2014,3,6,9999,99,3,1,0,6,1, , ,N,0,0,0,3,0,0,1,3,N,N,39 56:08.268,75 08:44.721,359, ,356, ,0, , , ,0, , , , , , , , , ,3,0,0,0,2,0,1,0,0,0,0,0,0,0,1,0,0,0,0,0,0,0,0,0,0,0,0,0,0,0,0,0,0,0,0,9,0,39.9356,-75.1458, , 
34775,411907,2014039065,6,67,67301,2014,3,4,1648,16,1,2,1,4,1, , ,N,1,3,0,3,0,3,4,2,N,N,40 02:33.068,75 08:27.207,1710, ,1659, ,0, ,N, ,3, , , , , , , , , ,2,2,0,0,0,0,0,0,0,0,0,3,3,0,0,0,0,0,0,0,0,0,0,0,0,0,0,0,0,0,0,0,0,0,0,4,0,40.0425,-75.1409, , 
34776,411924,2014008295,6,67,67301,2014,1,2,558,5,3,1,0,7,2, , ,N,0,0,0,3,0,1,2,2,N,N,39 59:51.304,75 11:46.538,601, ,601, ,0, ,N, ,0, , , , , , , , , ,2,2,0,0,0,0,0,0,0,0,0,0,1,1,0,0,0,0,0,0,1,0,0,0,0,0,0,0,0,0,0,0,0,0,0,8,0,39.9976,-75.1963, , 
34777,411948,2014044612,6,67,67301,2014,3,5,2000,20,3,1,0,8,5, , ,N,0,0,0,3,0,1,2,2,N,N,39 58:05.937,75 11:56.425,2331, ,2330, ,0, ,N, ,0, , , , , , , , , ,1,1,0,0,0,0,0,0,0,0,0,1,1,0,0,0,0,0,0,0,0,0,0,0,0,0,0,0,0,0,0,0,1,0,0,4,0,39.9683,-75.199, , 
34778,411952,2014049676,6,67,67301,2014,4,4,9999,99,1,1,0,8,1, , ,N,0,0,0,3,0,1,2,2,N,N,39 59:19.172,75 10:13.958,9999, ,9999, ,0, , , ,0, , , , , , , , , ,1,1,0,0,0,0,0,0,0,0,0,1,1,0,0,0,0,0,0,0,0,0,0,0,0,0,0,0,0,0,0,0,1,0,0,4,0,39.9887,-75.1705, , 
34779,411979,2014022036,6,67,67301,2014,1,4,1605,16,1,1,0,4,1, , ,N,0,0,0,3,0,1,2,2,N,N,39 58:08.302,75 08:11.345,9999, ,1605, ,0, ,N, ,0, , , , , , , , , ,1,0,0,0,0,0,1,0,1,0,1,0,1,0,0,0,0,0,0,0,1,0,0,0,0,0,0,0,0,0,0,0,0,0,0,3,0,39.969,-75.1365, , 
34780,412047,2014049952,6,67,67301,2014,5,2,1302,13,1,1,0,0,1, , ,N,0,0,2,3,0,1,1,1,N,N,39 52:39.276,75 15:15.432,1308, ,1303, ,0, ,N, ,0, , , , , , , , , ,1,0,1,0,0,0,0,0,0,0,1,0,1,0,0,0,0,0,0,0,1,0,0,0,0,0,0,0,0,0,0,0,0,0,0,3,0,39.8776,-75.2543, , 
34781,408197,2014046693,6,67,67301,2014,4,4,2156,21,3,2,7,1,1, , ,N,6,0,2,3,0,1,5,2,N,N,39 56:26.994,75 08:36.622,2248, ,2236,1,1,2,N, ,0,N, , , , , , , , ,2,2,0,0,0,0,0,0,0,0,0,0,1,1,0,0,0,0,0,0,1,0,0,0,0,0,0,0,0,0,0,0,0,0,0,8,0,39.9408,-75.1435, , 
34782,408201,2014049518,6,67,67301,2014,4,6,152,1,3,2,1,7,1, , ,N,0,0,0,3,0,1,1,2,N, ,40 01:23.831,75 09:38.168,156, ,154,2,2,6, , ,0,Y, , , , , , , , ,1,1,0,0,0,0,0,0,0,0,0,1,1,0,0,0,0,0,0,0,0,0,0,0,0,0,0,0,0,0,0,0,0,0,0,4,0,40.0233,-75.1606, , 
34783,408217,2014013288,6,67,67301,2014,1,7,1914,19,3,1,3,1,1, , ,N,0,0,0,3,0,0,3,2,N,N,39 59:06.801,75 05:38.458,1935, ,1914,2,1,1,N, ,0,N, , , , , , , , ,2,2,0,0,0,0,0,0,0,0,0,0,0,0,0,0,0,0,0,0,0,0,0,0,0,0,0,0,0,0,0,0,0,0,0,0,0,39.9852,-75.094, , 
34784,408222,2014016145,6,67,67301,2014,1,2,120,1,3,1,0,7,4, , ,N,2,0,0,3,0,2,2,1,N,N,40 03:00.889,75 11:30.567,127, ,123, ,0, ,N, ,0, , , , , , , , , ,1,1,0,0,0,0,0,0,0,0,2,0,2,0,0,0,0,0,0,0,0,0,0,1,0,0,0,0,0,0,0,0,0,0,0,3,0,40.0502,-75.1918, , 
34785,408250,2014038933,6,67,67301,2014,3,4,1650,16,1,2,1,1,1, , ,N,0,2,0,3,0,2,4,2,N,N,40 02:03.025,75 06:21.129,1705, ,1700, ,0, , , ,3, , , , , , , , , ,2,1,0,0,0,0,1,0,0,0,0,2,2,0,0,0,0,0,0,0,0,0,0,0,0,0,0,0,0,0,0,0,0,0,0,4,0,40.0342,-75.1059, , 
34786,408279,2014029886,6,67,67301,2014,2,7,1353,13,1,1,0,6,1, , ,N,0,0,0,3,0,1,3,3,N, ,40 01:43.623,75 12:37.554,1610, ,1355, ,0, , , ,0, , , , , , , , , ,3,1,0,0,1,0,1,0,0,0,0,0,1,1,0,0,0,0,0,0,1,0,0,0,0,0,0,0,0,0,0,0,0,0,0,8,0,40.0288,-75.2104, , 
34787,408281,2014032343,6,67,67301,2014,2,6,1526,15,1,4,1,8,1, , ,N,2,0,0,3,0,1,2,2,N,N,40 02:44.574,75 08:32.117,1545, ,1530, ,0, , , ,0, , , , , , , , , ,1,0,0,0,0,0,1,0,0,0,0,1,1,0,0,0,0,0,0,0,0,0,0,0,0,0,0,0,0,0,0,0,1,0,0,4,0,40.0457,-75.1423, , 
34788,408286,2014039023,6,67,67301,2014,3,3,657,6,1,1,5,7,4, , ,N,0,0,0,3,0,0,1,1,N,N,39 56:19.575,75 12:04.077,700, ,657, ,0, , , ,0, , , , , , , , , ,1,1,0,0,0,0,0,0,0,0,0,0,0,0,0,0,0,0,0,0,1,0,0,0,0,0,0,0,0,0,0,0,0,0,0,0,0,39.9388,-75.2011, , 
34789,408288,2014042667,6,67,67301,2014,3,1,340,3,3,2,1,7,4, , ,N,2,3,0,3,0,0,1,1,N,N,39 54:26.334,75 13:41.041,350, ,344, ,0, ,N, ,3, , , , , , , , , ,1,1,0,0,0,0,0,0,0,0,0,0,0,0,0,0,0,0,0,0,0,0,0,0,0,0,0,0,0,0,0,0,0,0,0,0,0,39.9073,-75.2281, , 
34790,408289,2014043026,6,67,67301,2014,3,4,9999,99,1,1,0,6,1, , ,N,0,0,7,3,0,1,2,2,N,N,40 00:27.060,75 07:32.706,2220, ,2214, ,0, ,N, ,0, , , , , , , , , ,2,2,0,0,0,0,0,0,0,0,0,1,1,0,0,0,0,0,0,0,1,0,0,0,0,0,0,0,0,0,0,0,0,0,0,4,0,40.0075,-75.1258, , 
34791,408295,2014052480,6,67,67301,2014,5,5,910,9,1,1,0,1,1, , ,N,0,0,0,3,0,0,3,3,N,N,39 57:30.723,75 10:05.089,923, ,911, ,0, ,N, ,0, , , , , , , , , ,3,1,0,0,0,0,2,0,0,0,0,0,0,0,0,0,0,0,0,0,0,0,0,0,0,0,0,0,0,0,0,0,0,0,0,0,0,39.9585,-75.1681, , 
34792,408309,2014008172,6,67,67301,2014,1,6,803,8,1,3,6,1,1, , ,N,0,8,3,3,0,1,13,12,N,N,39 54:19.022,75 07:47.699,809, ,803,2,2,4,N, ,3,Y, , , , , , , , ,12,5,0,0,1,1,3,2,0,0,0,0,1,1,0,0,0,0,0,0,3,0,0,0,0,0,0,0,0,0,0,0,0,0,0,8,1,39.9053,-75.1299, , 
34793,408379,2014025493,6,67,67301,2014,1,4,2147,21,3,1,4,4,1, , ,N,0,0,7,3,0,1,3,2,N,N,39 57:24.630,75 11:56.816,2215, ,2210, ,0, ,N, ,0, , , , , , , , , ,2,0,0,1,1,0,0,0,0,0,0,0,1,1,0,0,0,0,0,0,1,0,0,1,0,0,0,0,0,0,0,0,0,0,0,8,1,39.9568,-75.1991, , 
34794,408408,2014013110,6,67,67301,2014,1,5,1835,18,3,4,3,4,1, , ,N,0,0,7,3,0,1,3,2,N,N,40 05:31.013,75 01:55.624,1906, ,1849,1,1,2,N, ,0,N, , , , , , , , ,2,2,0,0,0,0,0,0,0,0,0,0,1,1,0,0,0,0,0,0,0,0,0,0,0,0,0,0,0,0,0,0,0,0,0,8,0,40.0919,-75.0321, , 
34795,408462,2014016156,6,67,67301,2014,1,3,1025,10,1,1,0,4,1, , ,N,1,2,0,3,0,2,2,2,N,N,40 03:17.448,75 10:08.247,1033, ,1027, ,0, , , ,3, , , , , , , , , ,2,1,0,0,0,0,1,0,0,0,1,1,2,0,0,0,0,0,0,0,1,0,0,0,0,0,0,0,0,0,0,0,0,0,0,3,0,40.0548,-75.169, , 