objectid_1,objectid,crn,district,county,municipality,crash_year,crash_month,day_of_week,time_of_day,hour_of_day,illumination,weather,road_condition,collision_type,relation_to_road,work_zone_type,work_zone_loc,work_zone_ind,intersect_type,tcd_type,location_type,urban_rural,fatal_count,injury_count,person_count,total_units,sch_bus_ind,sch_zone_ind,latitude,longitude,arrival_tm,cons_zone_spd_lim,dispatch_tm,est_hrs_closed,lane_closed,ln_close_dir,ntfy_hiwy_maint,spec_juris_cd,tcd_func_cd,tfc_detour_ind,workers_pres,wz_close_detour,wz_flagger,wz_law_offcr_ind,wz_ln_closure,wz_moving,wz_other,wz_shlder_mdn,vehicle_count,automobile_count,motorcycle_count,bus_count,small_truck_count,heavy_truck_count,suv_count,van_count,bicycle_count,maj_inj_count,mod_inj_count,min_inj_count,tot_inj_count,unk_inj_deg_count,unk_inj_per_count,driver_count_16yr,driver_count_17yr,driver_count_18yr,driver_count_19yr,driver_count_20yr,driver_count_50_64yr,driver_count_65_74yr,driver_count_75plus,unbelted_occ_count,unb_death_count,unb_maj_inj_count,belted_death_count,belted_maj_inj_count,mcycle_death_count,mcycle_maj_inj_count,bicycle_death_count,bicycle_maj_inj_count,ped_count,ped_death_count,ped_maj_inj_count,max_severity_level,comm_veh_count,dec_lat,dec_long,rdwy_surf_type_cd,county_name
34796,408481,2014034257,6,67,67301,2014,2,7,2358,23,3,1,0,4,1, , ,N,1,2,0,3,0,2,3,2,N,N,40 00:10.153,75 09:44.662,2359, ,2359, ,0, ,N, ,3, , , , , , , , , ,2,1,0,0,0,0,1,0,0,0,0,0,2,2,1,0,0,0,0,0,0,0,0,0,0,0,0,0,0,0,0,0,0,0,0,8,0,40.0028,-75.1624, , 
34797,408501,2014010182,6,67,67301,2014,1,4,530,5,1,5,1,0,1, , ,N,0,0,0,3,0,0,5,6,N,N,39 58:00.672,75 08:02.483,729, ,833, ,0, ,N, ,0, , , , , , , , , ,5,1,0,0,2,1,1,0,0,0,0,0,0,0,0,0,0,0,0,0,0,1,0,0,0,0,0,0,0,0,0,0,0,0,0,0,0,39.9669,-75.134, , 
34798,408526,2014031975,6,67,67301,2014,3,4,728,7,1,1,0,4,1, , ,N,1,2,0,3,0,1,4,2,Y,N,39 56:25.916,75 13:08.067,830, ,737,3,1,2,N, ,3,N, , , , , , , , ,2,1,0,1,0,0,0,0,0,0,1,0,1,0,0,0,0,0,0,0,1,0,0,0,0,0,0,0,0,0,0,0,0,0,0,3,1,39.9405,-75.2189, , 
34799,398870,2014030259,6,67,67301,2014,2,2,855,8,1,4,4,8,1, , ,N,1,2,0,3,0,1,2,2,N,N,39 55:18.762,75 10:12.564,900, ,857, ,0, ,N, ,3, , , , , , , , , ,1,0,0,0,0,0,1,0,0,0,0,0,1,1,0,0,0,0,0,0,1,0,0,0,0,0,0,0,0,0,0,0,1,0,0,8,0,39.9219,-75.1702, , 
34800,398883,2014042710,6,67,67301,2014,3,7,2140,21,3,1,0,4,1, , ,N,1,3,0,3,0,1,6,2,N,N,39 57:41.137,75 14:34.569,2155, ,2140, ,0, ,N, ,3, , , , , , , , , ,2,1,0,0,0,0,1,0,0,0,0,0,1,1,0,0,0,0,1,0,0,0,0,1,0,0,0,0,0,0,0,0,0,0,0,8,0,39.9614,-75.2429, , 
34801,398888,2014049620,6,67,67301,2014,4,3,2000,20,2,1,0,8,5, , ,N,1,0,0,3,0,1,2,2,N,N,40 04:04.742,75 03:09.950,2007, ,2004, ,0, ,N, ,0, , , , , , , , , ,1,1,0,0,0,0,0,0,0,0,0,0,1,1,0,0,0,0,0,0,0,0,0,0,0,0,0,0,0,0,0,0,1,0,0,8,0,40.068,-75.0528, , 
34802,398895,2014059317,6,67,67301,2014,5,5,2345,23,3,1,0,6,1, , ,N,0,0,0,3,0,2,4,2,N,N,39 58:18.926,75 09:46.951,18, ,15, ,0, ,N, ,0, , , , , , , , , ,2,0,0,0,1,0,0,0,0,0,0,0,2,2,0,0,0,0,0,0,0,0,0,0,0,0,0,0,0,0,0,0,0,0,0,8,0,39.9719,-75.163, , 
34803,398897,2014061110,6,67,67301,2014,5,7,1140,11,1,1,0,1,1, , ,N,0,0,0,3,0,0,2,2,N, ,39 58:11.546,75 11:18.532,1151, ,1144,2,1,2, , ,0,N, , , , , , , , ,2,1,0,0,0,0,0,1,0,0,0,0,0,0,0,0,0,0,0,0,0,0,1,0,0,0,0,0,0,0,0,0,0,0,0,0,0,39.9699,-75.1885, , 
34804,398925,2014042617,6,67,67301,2014,3,2,2132,21,3,1,0,4,1, , ,N,1,2,0,3,0,1,2,2,N,N,39 57:21.690,75 10:34.388,2335, ,2330, ,0, ,N, ,3, , , , , , , , , ,2,2,0,0,0,0,0,0,0,0,0,0,1,1,0,0,0,0,0,0,0,0,0,0,0,0,0,0,0,0,0,0,0,0,0,8,0,39.956,-75.1762, , 
34805,398929,2014044581,6,67,67301,2014,3,2,1400,14,1,1,0,4,1, , ,N,1,2,0,3,0,3,4,2,N,N,40 02:26.275,75 09:05.486,1540, ,1535, ,0, ,N, ,3, , , , , , , , , ,2,1,0,0,1,0,0,0,0,0,0,2,3,1,0,0,0,0,0,0,1,0,0,0,0,0,0,0,0,0,0,0,0,0,0,4,0,40.0406,-75.1515, , 
34806,398930,2014049605,6,67,67301,2014,4,3,1510,15,1,1,0,4,1, , ,N,1,2,0,3,0,1,2,2,N,N,39 57:07.894,75 14:26.897,1516, ,1513, ,0, ,N, ,3, , , , , , , , , ,2,1,0,0,0,0,0,1,0,0,0,1,1,0,0,0,0,0,0,0,0,0,0,0,0,0,0,0,0,0,0,0,0,0,0,4,0,39.9522,-75.2408, , 
34807,398931,2014049741,6,67,67301,2014,4,3,9999,99,1,1,1,5,1, , ,N,0,0,0,3,0,2,2,2,N, ,39 57:07.664,75 09:41.242,1000, ,956,1,1,4, , ,0,N, , , , , , , , ,2,1,0,1,0,0,0,0,0,0,0,0,2,2,0,0,0,0,0,0,1,0,0,0,0,0,0,0,0,0,0,0,0,0,0,8,1,39.9521,-75.1615, , 
34808,398951,2014003483,6,67,67301,2014,1,5,1033,10,1,1,0,1,1, , ,N,0,0,0,3,0,0,2,2,N,N,40 00:20.882,75 04:29.530,1041, ,1036,1,2,1,N, ,0,N, , , , , , , , ,2,1,0,0,0,0,1,0,0,0,0,0,0,0,0,0,0,0,0,0,0,0,0,0,0,0,0,0,0,0,0,0,0,0,0,0,0,40.0057,-75.075, , 
34809,398958,2014013170,6,67,67301,2014,1,2,1312,13,1,1,0,7,4, , ,N,0,0,2,3,0,1,1,2,N,N,39 56:05.277,75 11:58.050,1330, ,1316, ,0, ,N, ,0, , , , , , , , , ,1,0,0,0,0,0,1,0,0,0,1,0,1,0,0,0,0,0,0,0,1,0,0,0,0,0,0,0,0,0,0,0,0,0,0,3,0,39.9348,-75.1995, , 
34810,398965,2014016954,6,67,67301,2014,1,6,810,8,1,4,5,4,1, , ,N,2,3,0,3,0,1,2,2,N,N,40 04:44.540,75 02:28.355,816, ,814, ,0, ,N, ,3, , , , , , , , , ,2,1,0,0,0,0,1,0,0,0,0,0,1,1,0,0,0,0,0,0,0,0,0,0,0,0,0,0,0,0,0,0,0,0,0,8,0,40.079,-75.0412, , 
34811,398991,2014042737,6,67,67301,2014,3,1,2200,22,3,1,0,8,1, , ,N,2,0,0,3,0,1,2,2,N,N,39 59:28.399,75 10:00.868,155, ,140, ,0, ,N, ,0, , , , , , , , , ,1,1,0,0,0,0,0,0,0,0,0,1,1,0,0,0,0,0,0,0,0,0,0,0,0,0,0,0,0,0,0,0,1,0,0,4,0,39.9912,-75.1669, , 
34812,399009,2014015173,6,67,67301,2014,2,3,555,5,3,1,0,7,7, , ,N,7,0,0,3,0,0,1,1,N,N,39 58:35.544,75 06:51.844,558, ,558,1,1,2,N, ,0,N, , , , , , , , ,1,1,0,0,0,0,0,0,0,0,0,0,0,0,0,0,0,0,0,0,1,0,0,0,0,0,0,0,0,0,0,0,0,0,0,0,0,39.9765,-75.1144, , 
34813,399021,2014032511,6,67,67301,2014,2,5,2044,20,2,4,5,5,1, , ,N,0,0,0,3,0,1,2,2,N,N,40 02:34.989,75 02:14.295,2106, ,2045, ,0, ,N, ,0, , , , , , , , , ,2,2,0,0,0,0,0,0,0,0,0,1,1,0,0,0,0,0,0,0,1,0,0,0,0,0,0,0,0,0,0,0,0,0,0,4,0,40.0431,-75.0373, , 
34814,399043,2014059331,6,67,67301,2014,5,4,1700,17,1,1,0,7,4, , ,N,2,3,0,3,0,1,1,1,N, ,40 00:47.880,75 11:02.857,1711, ,1707, ,0, , , ,3, , , , , , , , , ,1,1,0,0,0,0,0,0,0,0,0,1,1,0,0,0,0,0,1,0,0,0,0,0,0,0,0,0,0,0,0,0,0,0,0,4,0,40.0134,-75.1841, , 
34815,399055,2014015229,6,67,67301,2014,1,4,920,9,1,1,1,7,3, , ,N,0,0,0,3,0,0,1,1,N,N,39 54:26.309,75 08:58.946,920, ,920,1,1,2,N, ,0,N, , , , , , , , ,1,1,0,0,0,0,0,0,0,0,0,0,0,0,0,0,0,0,0,0,0,0,0,0,0,0,0,0,0,0,0,0,0,0,0,0,0,39.9073,-75.1497, , 
34816,399071,2014038889,6,67,67301,2014,3,1,710,7,1,1,8,1,1, , ,N,1,2,0,3,0,6,11,2,N,N,39 57:47.412,75 12:08.479,720, ,716, ,0, ,N, ,3, , , , , , , , , ,2,1,0,0,0,0,0,0,0,0,0,0,6,6,0,0,0,0,0,0,1,0,0,0,0,0,0,0,0,0,0,0,0,0,0,8,0,39.9631,-75.2023, , 
34817,403539,2014016961,6,67,67301,2014,1,6,1125,11,1,2,1,5,1, , ,N,1,2,0,3,0,0,2,2,N,N,40 03:08.339,75 00:28.750,1143, ,1140,2,1,3,N, ,3,N, , , , , , , , ,2,0,0,0,0,0,1,1,0,0,0,0,0,0,0,0,0,0,0,0,1,0,0,0,0,0,0,0,0,0,0,0,0,0,0,0,0,40.0523,-75.008, , 
34818,403551,2014030380,6,67,67301,2014,3,7,1917,19,3,1,0,1,1, , ,N,0,0,0,3,0,4,5,2,N,N,39 57:48.859,75 11:02.345,1931, ,1920, ,0, ,N, ,0, , , , , , , , , ,2,2,0,0,0,0,0,0,0,0,0,4,4,0,0,0,1,0,0,0,0,0,0,0,0,0,0,0,0,0,0,0,0,0,0,4,0,39.9636,-75.184, , 
34819,403563,2014049711,6,67,67301,2014,4,7,131,1,3,1,0,5,6, , ,N,0,0,0,3,0,0,1,2,N,N,39 55:38.140,75 10:55.887,133, ,133, ,0, ,N, ,0, , , , , , , , , ,2,0,0,0,0,0,2,0,0,0,0,0,0,0,0,0,0,0,0,0,0,0,0,0,0,0,0,0,0,0,0,0,0,0,0,0,0,39.9273,-75.1822, , 
34820,403565,2014050522,6,67,67301,2014,5,7,1725,17,1,1,0,4,1, , ,N,1,2,0,3,0,1,2,2,N,N,39 59:21.634,75 09:19.704,1727, ,1726, ,0, ,N, ,3, , , , , , , , , ,1,1,0,0,0,0,0,0,1,0,0,0,1,1,0,0,0,0,0,0,0,1,0,0,0,0,0,0,0,0,0,0,0,0,0,8,0,39.9893,-75.1555, , 
34821,403605,2014044259,6,67,67301,2014,4,4,1841,18,1,1,0,7,2, , ,N,0,0,0,3,0,0,1,1,N,N,39 53:05.648,75 14:37.108,1909, ,1841, ,0, ,Y, ,0, , , , , , , , , ,1,1,0,0,0,0,0,0,0,0,0,0,0,0,0,0,0,0,0,0,0,0,0,0,0,0,0,0,0,0,0,0,0,0,0,0,0,39.8849,-75.2436, , 
34822,403613,2014054600,6,67,67301,2014,4,5,1540,15,1,1,0,8,1, , ,N,1,2,0,3,0,1,2,2,N,N,40 02:20.709,75 08:41.028,1540, ,1540, ,0, ,N, ,3, , , , , , , , , ,1,0,0,0,0,0,1,0,0,0,0,1,1,0,0,0,0,0,0,0,0,0,0,0,0,0,0,0,0,0,0,0,1,0,0,4,0,40.039,-75.1446, , 
34823,403618,2014059213,6,67,67301,2014,5,1,2302,23,3,1,0,4,1, , ,N,1,2,1,3,0,4,6,3,N,N,40 00:25.549,75 05:38.543,2321, ,2316,1,1,2,N, ,3,N, , , , , , , , ,3,3,0,0,0,0,0,0,0,0,0,4,4,0,0,0,0,0,0,0,0,0,0,0,0,0,0,0,0,0,0,0,0,0,0,4,0,40.0071,-75.094, , 
34824,403651,2014042285,6,67,67301,2014,4,7,150,1,3,1,0,7,2, , ,N,0,0,2,3,0,2,3,1,N,N,39 57:45.265,75 11:00.863,155, ,152,1,2,4,N, ,0,Y, , , , , , , , ,1,0,0,0,0,0,1,0,0,0,0,0,2,2,0,0,0,0,0,0,0,0,0,2,0,0,0,0,0,0,0,0,0,0,0,8,0,39.9626,-75.1836, , 
34825,403659,2014052530,6,46,46102,2014,5,6,2157,21,3,2,1,2,1, , ,N,0,0,0,3,0,1,2,2,N,N,40 03:09.370,75 06:02.368,2200, ,2157,2,2,3,N, ,0,Y, , , , , , , , ,2,1,0,0,0,0,0,1,0,0,0,0,1,1,0,0,0,0,0,0,1,0,0,1,0,0,0,0,0,0,0,0,0,0,0,8,0,40.0526,-75.1007, , 
34826,403661,2014054511,6,67,67301,2014,4,3,2305,23,3,2,1,4,1, , ,N,3,0,0,3,0,2,2,2,N,N,40 00:29.592,75 05:41.301,2316, ,2313, ,0, ,N, ,0, , , , , , , , , ,2,1,0,0,0,0,1,0,0,0,0,0,2,2,0,0,0,0,0,0,0,0,0,0,0,0,0,0,0,0,0,0,0,0,0,8,0,40.0082,-75.0948, , 
34827,403669,2014059291,6,67,67301,2014,5,3,2132,21,6,9,0,8,1, , ,N,1,2,0,3,0,1,2,2,N,N,39 57:06.984,75 09:35.699,822, ,818, ,0, , , ,3, , , , , , , , , ,1,1,0,0,0,0,0,0,0,0,0,1,1,0,0,0,0,0,0,0,0,0,0,0,0,0,0,0,0,0,0,0,1,0,0,4,0,39.9519,-75.1598, , 
34828,403680,2014013287,6,67,67301,2014,1,7,1728,17,3,4,3,7,3, , ,N,0,0,0,3,0,0,1,1,N,N,39 58:48.619,75 06:20.114,1730, ,1730,1,1,1,N, ,0,N, , , , , , , , ,1,1,0,0,0,0,0,0,0,0,0,0,0,0,0,0,0,0,0,0,0,0,0,0,0,0,0,0,0,0,0,0,0,0,0,0,0,39.9802,-75.1056, , 
34829,403699,2014043463,6,67,67301,2014,4,5,1626,16,1,1,0,1,1, , ,N,0,0,0,3,0,1,4,2,N,N,40 00:33.540,75 03:58.001,1650, ,1632, ,0, ,N, ,0, , , , , , , , , ,2,1,0,0,0,0,1,0,0,0,0,1,1,0,0,0,0,0,0,0,1,0,0,0,0,0,0,0,0,0,0,0,0,0,0,4,0,40.0093,-75.0661, , 
34830,403710,2014056678,6,67,67301,2014,5,5,748,7,1,2,1,4,1, , ,N,1,3,0,3,0,2,4,2,N,N,39 57:51.303,75 08:47.245,748, ,748, ,0, ,N, ,3, , , , , , , , , ,2,1,0,0,0,0,1,0,0,0,0,1,2,1,0,0,0,0,0,0,0,0,0,2,0,0,0,0,0,0,0,0,0,0,0,4,0,39.9643,-75.1465, , 
34831,403742,2014030280,6,67,67301,2014,2,4,2332,23,3,4,3,7,3, , ,N,0,0,0,3,0,0,1,1,N,N,40 00:09.536,75 11:04.246,2348, ,2332, ,0, ,N, ,0, , , , , , , , , ,1,1,0,0,0,0,0,0,0,0,0,0,0,0,0,0,0,0,0,0,0,0,0,0,0,0,0,0,0,0,0,0,0,0,0,0,0,40.0026,-75.1845, , 
34832,403746,2014032385,6,67,67301,2014,2,3,2115,21,3,8,1,8,1, , ,N,5,3,0,3,0,1,2,2,N,N,39 56:14.190,75 10:36.127,2120, ,2120, ,0, ,N, ,3, , , , , , , , , ,1,1,0,0,0,0,0,0,0,0,0,0,1,1,0,0,0,0,0,0,0,0,0,0,0,0,0,0,0,0,0,0,1,0,0,8,0,39.9373,-75.1767, , 
34833,403783,2014019101,6,67,67301,2014,1,6,930,9,1,1,0,4,1, , ,N,1,3,0,3,0,1,2,2,N, ,39 56:16.321,75 09:13.399,939, ,936, ,0, , , ,3, , , , , , , , , ,1,0,0,0,1,0,0,0,1,0,0,1,1,0,0,0,0,0,0,0,0,0,0,0,0,0,0,0,0,0,0,0,0,0,0,4,0,39.9379,-75.1537, , 
34834,403790,2014025496,6,67,67301,2014,1,1,2140,21,3,1,4,4,1, , ,N,1,3,0,3,0,1,2,2,N,N,39 55:36.102,75 08:56.950,2147, ,2143, ,0, ,N, ,3, , , , , , , , , ,2,1,0,0,0,0,0,1,0,0,0,0,1,1,0,0,0,0,0,0,0,1,0,0,0,0,0,0,0,0,0,0,0,0,0,8,0,39.9267,-75.1492, , 
34835,412048,2014050285,6,67,67301,2014,4,5,1501,15,1,1,0,4,1, , ,N,1,3,0,3,0,0,3,2,Y,N,40 04:02.319,75 03:33.245,1523, ,1513, ,0, ,N, ,3, , , , , , , , , ,2,1,0,1,0,0,0,0,0,0,0,0,0,0,0,0,0,0,0,0,0,1,0,0,0,0,0,0,0,0,0,0,0,0,0,0,1,40.0673,-75.0592, , 
34836,412051,2014054649,6,67,67301,2014,4,6,847,8,1,1,0,6,1, , ,N,0,0,2,3,0,1,2,2,N,N,40 00:50.203,75 10:45.930,905, ,855,2,1,2,N, ,0,N, , , , , , , , ,2,2,0,0,0,0,0,0,0,0,0,1,1,0,0,0,0,0,0,0,0,0,0,0,0,0,0,0,0,0,0,0,0,0,0,4,0,40.0139,-75.1794, , 
34837,412074,2014013130,6,67,67301,2014,1,7,855,8,1,4,1,8,1, , ,N,0,0,0,3,0,1,3,2,N, ,40 01:16.862,75 07:33.546,915, ,908, ,0, , , ,0, , , , , , , , , ,1,0,0,0,1,0,0,0,0,0,0,1,1,0,0,0,0,0,0,0,0,0,0,0,0,0,0,0,0,0,0,0,1,0,0,4,0,40.0214,-75.126, , 
34838,412084,2014025898,6,67,67301,2014,1,3,1600,16,4,1,0,4,1, , ,N,1,3,0,3,0,0,4,2,N,N,39 59:38.655,75 06:03.592,1630, ,1600, ,0, ,N, ,3, , , , , , , , , ,2,2,0,0,0,0,0,0,0,0,0,0,0,0,0,0,0,0,0,0,0,0,0,0,0,0,0,0,0,0,0,0,0,0,0,0,0,39.9941,-75.101, , 
34839,412101,2014044161,6,67,67301,2014,3,1,315,3,3,1,0,7,3, , ,N,0,0,0,3,0,1,1,1,N,N,39 57:40.345,75 14:03.847,325, ,320, ,0, ,N, ,0, , , , , , , , , ,1,1,0,0,0,0,0,0,0,0,0,1,1,0,0,0,0,0,0,0,0,0,0,0,0,0,0,0,0,0,0,0,0,0,0,4,0,39.9612,-75.2344, , 
34840,412180,2014029846,6,67,67301,2014,1,2,915,9,1,1,0,1,1, , ,N,0,0,0,3,0,0,4,2,N,N,39 56:09.679,75 11:30.971,940, ,938, ,0, ,N, ,0, , , , , , , , , ,2,1,0,0,0,1,0,0,0,0,0,0,0,0,0,0,0,0,0,0,2,0,0,0,0,0,0,0,0,0,0,0,0,0,0,0,1,39.936,-75.1919, , 
34841,412199,2014049857,6,67,67301,2014,4,3,545,5,5,2,1,4,1, , ,N,1,2,0,3,0,1,2,2,N, ,39 59:34.615,75 06:37.098,1146, ,1112, ,0, , , ,3, , , , , , , , , ,2,2,0,0,0,0,0,0,0,0,0,0,1,1,0,0,0,0,0,0,0,0,0,0,0,0,0,0,0,0,0,0,0,0,0,8,0,39.9929,-75.1103, , 
34842,412204,2014055531,6,67,67301,2014,5,7,2305,23,3,1,0,1,1, , ,N,0,0,0,3,0,5,6,2,N,N,39 59:34.490,75 12:02.452,2314, ,2307, ,0, ,N, ,0, , , , , , , , , ,2,2,0,0,0,0,0,0,0,0,0,5,5,0,0,0,0,0,0,0,0,1,0,0,0,0,0,0,0,0,0,0,0,0,0,4,0,39.9929,-75.2007, , 
34843,412239,2014032472,6,67,67301,2014,2,4,235,2,3,1,0,1,6, , ,N,0,0,0,3,0,0,1,4,N,N,39 58:24.651,75 12:33.326,242, ,235, ,0, ,N, ,0, , , , , , , , , ,4,2,0,0,1,0,1,0,0,0,0,0,0,0,0,0,0,0,0,0,0,0,0,1,0,0,0,0,0,0,0,0,0,0,0,0,0,39.9735,-75.2093, , 
34844,412248,2014040132,6,67,67301,2014,4,6,1208,12,1,1,0,4,1, , ,N,0,0,0,3,0,2,3,2,N,N,39 56:49.183,75 08:32.275,1232, ,1221,1,1,2,N, ,0,N, , , , , , , , ,2,1,0,0,1,0,0,0,0,0,0,1,2,1,0,0,0,0,0,0,0,0,0,0,0,0,0,0,0,0,0,0,0,0,0,4,0,39.947,-75.1423, , 
34845,412252,2014043247,6,67,67301,2014,4,5,433,4,3,1,0,4,1, , ,N,1,2,0,3,0,2,3,2,N,N,40 01:53.211,75 05:04.703,437, ,434,2,2,5,N, ,3,Y, , , , , , , , ,2,1,0,0,0,0,0,1,0,0,0,2,2,0,0,0,0,0,0,0,0,0,0,3,0,0,0,0,0,0,0,0,0,0,0,4,0,40.0314,-75.0846, , 
34846,412286,2014088337,6,67,67301,2014,7,1,130,1,3,1,0,4,1, , ,N,1,3,0,3,0,1,3,3,N,N,40 01:12.853,75 08:20.698,135, ,134, ,0, ,N, ,3, , , , , , , , , ,3,1,0,0,0,0,1,1,0,0,1,0,1,0,0,0,0,0,0,0,0,0,0,0,0,0,0,0,0,0,0,0,0,0,0,3,0,40.0202,-75.1391, , 
34847,412291,2014091004,6,67,67301,2014,9,6,1610,16,1,1,0,1,1, , ,N,0,0,0,3,0,1,2,2,N,N,39 57:32.567,75 10:16.214,1644, ,1621,3,2,4,N, ,0,N, , , , , , , , ,2,0,0,0,1,0,1,0,0,0,0,0,1,1,0,0,0,0,0,0,0,0,0,0,0,0,0,0,0,0,0,0,0,0,0,8,0,39.959,-75.1712, , 
34848,412338,2014035702,6,67,67301,2014,3,3,1900,19,3,1,8,4,1, , ,N,0,0,7,3,0,0,2,2,N, ,40 00:20.050,75 06:14.009,1925, ,1923, ,0, , , ,0, , , , , , , , , ,2,2,0,0,0,0,0,0,0,0,0,0,0,0,0,0,0,0,0,0,1,0,0,0,0,0,0,0,0,0,0,0,0,0,0,0,0,40.0056,-75.1039, , 
34849,412362,2014013566,6,67,67301,2014,1,6,645,6,5,4,3,7,2, , ,N,0,0,1,3,0,2,4,3,N,N,40 00:53.382,75 10:40.316,710, ,654,2,1,2,N, ,0,N, , , , , , , , ,3,0,0,0,1,1,1,0,0,0,0,2,2,0,0,0,0,0,0,0,1,0,0,0,0,0,0,0,0,0,0,0,0,0,0,4,1,40.0148,-75.1779, , 
34850,412366,2014019148,6,67,67301,2014,1,6,2003,20,6,2,1,8,1, , ,N,1,2,0,3,0,1,2,2,N, ,39 55:56.906,75 13:28.606,2014, ,2010,9,1,6, , ,3,N, , , , , , , , ,1,1,0,0,0,0,0,0,0,0,1,0,1,0,0,0,0,0,0,0,0,0,0,0,0,0,0,0,0,0,0,0,1,0,0,3,0,39.9325,-75.2246, , 
34851,412395,2014049819,6,67,67301,2014,4,2,1123,11,1,2,1,4,1, , ,N,1,3,0,3,0,1,2,2,N, ,39 59:51.514,75 08:48.199,1130, ,1124, ,0, , , ,3, , , , , , , , , ,2,1,0,0,0,0,1,0,0,1,0,0,1,0,0,0,0,0,0,0,1,0,0,0,0,0,0,0,0,0,0,0,0,0,0,2,0,39.9976,-75.1467, , 
34852,412396,2014050276,6,67,67301,2014,3,1,1940,19,4,2,1,8,1, , ,N,1,2,0,3,0,1,2,2,N,N,40 03:42.905,75 09:47.363,1520, ,1520, ,0, ,N, ,3, , , , , , , , , ,1,0,0,0,1,0,0,0,0,0,0,1,1,0,1,0,0,0,0,0,0,0,0,0,0,0,0,0,0,0,0,0,1,0,0,4,0,40.0619,-75.1632, , 
34853,408527,2014032404,6,67,67301,2014,2,7,1103,11,1,1,0,1,1, , ,N,0,2,0,3,0,0,4,4,N, ,40 03:36.991,74 59:26.240,1107, ,1105,2,1,1, , ,3,N, , , , , , , , ,4,1,0,0,2,0,1,0,0,0,0,0,0,0,0,0,0,0,0,0,1,1,0,0,0,0,0,0,0,0,0,0,0,0,0,0,0,40.0603,-74.9906, , 
34854,408535,2014038973,6,67,67301,2014,3,7,9999,99,1,1,0,8,1, , ,N,0,0,0,3,0,1,5,2,N,N,39 55:28.336,75 11:05.013,1702, ,1700,3,2,2,N, ,0,Y, , , , , , , , ,1,0,0,0,0,0,1,0,0,0,1,0,1,0,0,0,0,0,0,0,0,0,0,0,0,0,0,0,0,0,0,0,1,0,0,3,0,39.9245,-75.1847, , 
34855,408540,2014049771,6,67,67301,2014,4,7,213,2,3,2,1,6,1, , ,N,0,0,0,3,0,0,3,3,N,N,39 55:19.313,75 14:46.926,252, ,246, ,0, ,N, ,0, , , , , , , , , ,3,3,0,0,0,0,0,0,0,0,0,0,0,0,0,0,0,0,0,0,0,0,0,0,0,0,0,0,0,0,0,0,0,0,0,0,0,39.922,-75.2464, , 
34856,408564,2014034219,6,67,67301,2014,3,2,1835,18,3,4,1,1,1, , ,N,0,0,0,3,0,1,3,2,N,N,40 00:56.297,75 08:23.591,1919, ,1913, ,0, ,N, ,0, , , , , , , , , ,2,0,0,0,0,0,1,1,0,0,0,1,1,0,0,0,0,0,0,0,0,0,0,0,0,0,0,0,0,0,0,0,0,0,0,4,0,40.0156,-75.1399, , 
34857,408578,2014050226,6,67,67301,2014,4,7,1400,14,1,1,0,5,6, , ,N,0,0,0,3,0,1,2,2,N,N,39 57:26.622,75 12:06.850,1830, ,1826, ,0, ,N, ,0, , , , , , , , , ,1,0,0,0,0,0,0,1,1,1,0,0,1,0,0,0,0,0,0,0,0,0,0,0,0,0,0,0,0,0,0,1,0,0,0,2,0,39.9574,-75.2019, , 
34858,408587,2014059025,6,67,67301,2014,5,7,1513,15,1,1,0,4,1, , ,N,1,3,0,3,0,1,5,2,N,N,39 57:23.850,75 13:39.467,1518, ,1513,1,2,3, , ,3,Y, , , , , , , , ,2,1,0,0,0,0,0,1,0,0,0,1,1,0,0,0,0,0,0,0,0,0,0,5,0,0,0,0,0,0,0,0,0,0,0,4,0,39.9566,-75.2276, , 
34859,408601,2014016133,6,67,67301,2014,1,5,1849,18,1,4,3,7,4, , ,N,1,0,0,3,0,0,1,1,N,N,39 56:23.564,75 11:17.779,1953, ,1944, ,0, ,N, ,0, , , , , , , , , ,1,1,0,0,0,0,0,0,0,0,0,0,0,0,0,0,0,0,0,0,0,0,0,0,0,0,0,0,0,0,0,0,0,0,0,0,0,39.9399,-75.1883, , 
34860,408602,2014016485,6,67,67301,2014,2,3,1410,14,1,1,0,7,4, , ,N,0,0,0,3,0,0,1,1,N,N,39 55:38.975,75 08:48.073,1415, ,1410, ,0, ,N, ,0, , , , , , , , , ,1,1,0,0,0,0,0,0,0,0,0,0,0,0,0,0,0,0,0,0,0,0,0,0,0,0,0,0,0,0,0,0,0,0,0,0,0,39.9275,-75.1467, , 
34861,408614,2014029840,6,67,67301,2014,1,7,2220,22,3,1,0,1,1, , ,N,5,2,0,3,0,0,6,4,N, ,39 54:19.501,75 10:24.816,2245, ,2226, ,0, , , ,3, , , , , , , , , ,4,4,0,0,0,0,0,0,0,0,0,0,0,0,1,0,0,0,0,0,0,2,0,0,0,0,0,0,0,0,0,0,0,0,0,9,0,39.9054,-75.1736, , 
34862,408621,2014039376,6,67,67301,2014,3,6,1230,12,1,1,0,1,1, , ,N,1,2,0,3,0,1,6,3,N,N,40 06:00.676,75 01:18.249,1245, ,1236,1,1,3,N, ,3,N, , , , , , , , ,3,2,0,0,1,0,0,0,0,0,0,1,1,0,0,1,0,0,0,0,1,0,0,0,0,0,0,0,0,0,0,0,0,0,0,4,0,40.1002,-75.0217, , 