objectid_1,objectid,crn,district,county,municipality,crash_year,crash_month,day_of_week,time_of_day,hour_of_day,illumination,weather,road_condition,collision_type,relation_to_road,work_zone_type,work_zone_loc,work_zone_ind,intersect_type,tcd_type,location_type,urban_rural,fatal_count,injury_count,person_count,total_units,sch_bus_ind,sch_zone_ind,latitude,longitude,arrival_tm,cons_zone_spd_lim,dispatch_tm,est_hrs_closed,lane_closed,ln_close_dir,ntfy_hiwy_maint,spec_juris_cd,tcd_func_cd,tfc_detour_ind,workers_pres,wz_close_detour,wz_flagger,wz_law_offcr_ind,wz_ln_closure,wz_moving,wz_other,wz_shlder_mdn,vehicle_count,automobile_count,motorcycle_count,bus_count,small_truck_count,heavy_truck_count,suv_count,van_count,bicycle_count,maj_inj_count,mod_inj_count,min_inj_count,tot_inj_count,unk_inj_deg_count,unk_inj_per_count,driver_count_16yr,driver_count_17yr,driver_count_18yr,driver_count_19yr,driver_count_20yr,driver_count_50_64yr,driver_count_65_74yr,driver_count_75plus,unbelted_occ_count,unb_death_count,unb_maj_inj_count,belted_death_count,belted_maj_inj_count,mcycle_death_count,mcycle_maj_inj_count,bicycle_death_count,bicycle_maj_inj_count,ped_count,ped_death_count,ped_maj_inj_count,max_severity_level,comm_veh_count,dec_lat,dec_long,rdwy_surf_type_cd,county_name
34863,408624,2014054614,6,67,67301,2014,4,1,1042,10,1,1,0,4,1, , ,N,1,2,0,3,0,1,2,2,N, ,39 55:05.527,75 13:58.911,1044, ,1044, ,0, , , ,3, , , , , , , , , ,2,2,0,0,0,0,0,0,0,0,0,1,1,0,0,0,0,0,0,0,0,0,0,0,0,0,0,0,0,0,0,0,0,0,0,4,0,39.9182,-75.233, , 
34864,408638,2014068581,6,67,67301,2014,6,6,9999,99,1,1,0,4,1, , ,N,0,0,7,3,0,2,3,2,N,N,40 02:20.083,75 11:21.711,1535, ,1527, ,0, ,N, ,0, , , , , , , , , ,2,2,0,0,0,0,0,0,0,0,0,2,2,0,0,0,0,0,0,0,1,1,0,0,0,0,0,0,0,0,0,0,0,0,0,4,0,40.0389,-75.1894, , 
34865,408661,2014032471,6,67,67301,2014,2,1,1422,14,1,1,0,4,1, , ,N,0,0,0,3,0,0,1,3,N,N,39 59:04.170,75 06:59.183,1438, ,1435, ,0, ,N, ,0, , , , , , , , , ,3,2,0,0,1,0,0,0,0,0,0,0,0,0,0,0,0,0,0,0,0,0,0,0,0,0,0,0,0,0,0,0,0,0,0,0,0,39.9845,-75.1164, , 
34866,408733,2014049813,6,67,67301,2014,4,5,1500,15,1,1,0,5,1, , ,N,2,0,0,3,0,1,2,2,N,N,39 53:02.245,75 13:50.120,1520, ,1500, ,0, ,N, ,0, , , , , , , , , ,2,1,0,0,0,0,1,0,0,0,0,0,1,1,0,0,0,0,0,0,0,1,0,0,0,0,0,0,0,0,0,0,0,0,0,8,0,39.884,-75.2306, , 
34867,408749,2014016116,6,67,67301,2014,1,5,9999,99,3,4,4,1,1, , ,N,1,2,0,3,0,1,2,2,N,N,40 02:18.904,75 08:33.243,2347, ,2300, ,0, ,N, ,3, , , , , , , , , ,2,1,0,0,1,0,0,0,0,0,0,0,1,1,0,0,0,0,0,0,0,0,0,0,0,0,0,0,0,0,0,0,0,0,0,8,0,40.0386,-75.1426, , 
34868,408759,2014032375,6,67,67301,2014,2,6,2100,21,3,2,1,8,1, , ,N,1,2,0,3,0,1,2,2,N,N,39 58:28.020,75 09:31.391,2115, ,2108, ,0, ,N, ,3, , , , , , , , , ,1,0,0,0,0,0,1,0,0,0,0,1,1,0,0,0,0,0,0,0,0,0,0,0,0,0,0,0,0,0,0,0,1,0,0,4,0,39.9745,-75.1587, , 
34869,408777,2014067964,6,67,67301,2014,6,6,736,7,1,2,1,1,1, , ,N,0,0,0,3,0,1,2,2,N, ,40 07:55.549,75 00:36.020,747, ,736, ,0, , , ,0, , , , , , , , , ,2,1,0,0,1,0,0,0,0,0,0,0,1,1,0,0,0,0,0,0,0,0,0,0,0,0,0,0,0,0,0,0,0,0,0,8,0,40.1321,-75.01, , 
34870,408801,2014012689,6,67,67301,2014,1,2,1756,17,3,1,0,1,1, , ,N,0,0,0,3,0,3,3,3,N,N,39 59:36.309,75 05:04.872,1810, ,1804,1,2,1,N, ,0,N, , , , , , , , ,3,0,0,0,2,0,1,0,0,0,0,3,3,0,0,0,0,0,0,0,0,0,0,0,0,0,0,0,0,0,0,0,0,0,0,4,0,39.9934,-75.0847, , 
34871,399072,2014038948,6,67,67301,2014,3,7,9999,99,1,1,0,4,1, , ,N,1,2,0,3,0,0,2,2,N,N,39 58:51.614,75 10:32.213,1025, ,1020, ,0, ,N, ,3, , , , , , , , , ,2,2,0,0,0,0,0,0,0,0,0,0,0,0,0,0,0,0,0,0,0,1,0,0,0,0,0,0,0,0,0,0,0,0,0,0,0,39.981,-75.1756, , 
34872,399077,2014042659,6,67,67301,2014,3,7,1927,19,3,2,1,8,1, , ,N,1,2,0,3,0,1,2,2,N,N,40 02:44.136,75 04:17.168,1933, ,1928, ,0, ,N, ,3, , , , , , , , , ,1,0,0,0,1,0,0,0,0,0,0,0,1,1,1,0,0,0,0,0,0,0,0,0,0,0,0,0,0,0,0,0,1,0,0,8,0,40.0456,-75.0714, , 
34873,399088,2014059149,6,67,67301,2014,4,6,1313,13,1,1,0,1,6, , ,N,0,0,0,3,0,0,1,2,N,N,39 58:21.986,75 13:40.720,1330, ,1317, ,0, ,N, ,0, , , , , , , , , ,2,2,0,0,0,0,0,0,0,0,0,0,0,0,0,0,0,0,0,0,1,0,0,0,0,0,0,0,0,0,0,0,0,0,0,0,0,39.9728,-75.228, , 
34874,399089,2014059296,6,67,67301,2014,5,7,2237,22,3,2,1,5,6, , ,N,0,0,0,3,0,1,1,3,N,N,40 03:09.433,75 08:02.080,45, ,40, ,0, ,N, ,0, , , , , , , , , ,3,1,0,0,0,0,2,0,0,0,0,1,1,0,0,0,0,0,0,0,0,0,0,0,0,0,0,0,0,0,0,0,0,0,0,4,0,40.0526,-75.1339, , 
34875,399113,2014021547,6,67,67301,2014,1,2,1809,18,3,1,0,8,1, , ,N,0,0,0,3,0,1,2,2,N, ,40 01:08.138,75 06:54.846,1817, ,1812, ,0, , , ,0, , , , , , , , , ,1,1,0,0,0,0,0,0,0,0,1,0,1,0,0,0,0,0,0,0,0,0,1,0,0,0,0,0,0,0,0,0,1,0,0,3,0,40.0189,-75.1152, , 
34876,399121,2014035831,6,67,67301,2014,3,1,247,2,3,2,1,7,7, , ,N,7,0,2,3,0,1,2,2,N,N,39 58:15.132,75 11:34.938,256, ,249,2,2,4,N, ,0,Y, , , , , , , , ,2,2,0,0,0,0,0,0,0,0,0,0,1,1,0,0,0,0,0,0,0,0,0,0,0,0,0,0,0,0,0,0,0,0,0,8,0,39.9732,-75.1937, , 
34877,399156,2014016168,6,67,67301,2014,1,7,1038,10,1,4,4,8,1, , ,N,1,2,0,3,0,1,2,2,N,N,39 55:10.311,75 14:34.799,1048, ,1044, ,0, , , ,3, , , , , , , , , ,1,1,0,0,0,0,0,0,0,0,0,0,1,1,0,0,0,0,0,0,0,0,0,0,0,0,0,0,0,0,0,0,1,0,0,8,0,39.9195,-75.243, , 
34878,399166,2014025304,6,67,67301,2014,1,6,9999,99,1,1,0,4,1, , ,N,0,0,7,3,0,0,2,2,N,N,39 59:25.008,75 06:03.667,1106, ,1102, ,0, ,N, ,0, , , , , , , , , ,2,1,0,0,0,0,0,1,0,0,0,0,0,0,0,0,0,0,0,0,0,0,0,0,0,0,0,0,0,0,0,0,0,0,0,0,0,39.9903,-75.101, , 
34879,399178,2014038968,6,67,67301,2014,3,7,1105,11,1,1,0,6,1, , ,N,0,0,0,3,0,0,2,2,N,N,40 05:03.877,75 04:29.519,1113, ,1108, ,0, ,N, ,0, , , , , , , , , ,2,2,0,0,0,0,0,0,0,0,0,0,0,0,0,0,0,0,0,0,1,0,0,0,0,0,0,0,0,0,0,0,0,0,0,0,0,40.0844,-75.0749, , 
34880,399198,2014013100,6,67,67301,2014,1,4,300,3,3,1,0,5,1, , ,N,0,0,0,3,0,0,1,4,N, ,39 59:51.102,75 08:44.683,320, ,300, ,0, , , ,0, , , , , , , , , ,4,3,0,0,1,0,0,0,0,0,0,0,0,0,0,0,0,0,0,0,0,0,0,0,0,0,0,0,0,0,0,0,0,0,0,0,0,39.9975,-75.1457, , 
34881,399219,2014034228,6,67,67301,2014,2,6,2029,20,3,1,0,8,1, , ,N,1,2,0,3,0,1,2,2,N,N,39 59:46.445,75 10:20.401,2058, ,2030, ,0, ,N, ,3, , , , , , , , , ,1,0,0,0,0,0,0,1,0,0,0,0,1,1,0,0,0,0,0,0,0,0,0,0,0,0,0,0,0,0,0,0,1,0,0,8,0,39.9962,-75.1723, , 
34882,399234,2014048233,6,67,67301,2014,4,3,1615,16,1,2,1,4,1, , ,N,1,3,0,3,0,3,4,2,N,N,40 01:35.133,75 03:04.075,1650, ,1645, ,0, ,N, ,3, , , , , , , , , ,2,1,0,0,0,0,0,1,0,0,0,3,3,0,0,0,0,0,0,0,1,1,0,0,0,0,0,0,0,0,0,0,0,0,0,4,0,40.0264,-75.0511, , 
34883,399242,2014013121,6,67,67301,2014,1,2,850,8,1,2,1,4,1, , ,N,0,3,7,3,0,0,2,2,N,N,40 01:41.227,75 10:57.450,855, ,855,1,1,4,N, ,3,N, , , , , , , , ,2,2,0,0,0,0,0,0,0,0,0,0,0,0,0,0,0,0,0,0,1,0,0,0,0,0,0,0,0,0,0,0,0,0,0,0,0,40.0281,-75.1826, , 
34884,399246,2014016460,6,67,67301,2014,1,7,202,2,3,2,1,1,1, , ,N,5,2,2,3,0,1,2,2,N,N,39 55:17.964,75 11:24.722,202, ,202,1,1,3,N, ,3,N, , , , , , , , ,2,0,0,0,1,0,1,0,0,0,0,0,1,1,0,0,0,0,0,0,0,0,0,0,0,0,0,0,0,0,0,0,0,0,0,8,0,39.9217,-75.1902, , 
34885,399254,2014025350,6,67,67301,2014,1,3,1022,10,1,2,1,4,1, , ,N,1,2,0,3,0,1,3,2,N,N,40 05:40.346,75 00:54.155,1038, ,1030,1,1,1,N, ,3,N, , , , , , , , ,2,1,0,0,0,0,0,1,0,0,0,0,1,1,0,0,0,0,0,0,1,0,0,0,0,0,0,0,0,0,0,0,0,0,0,8,0,40.0945,-75.015, , 
34886,399275,2014044569,6,67,67301,2014,3,2,1823,18,1,1,0,4,1, , ,N,0,0,6,3,0,1,3,2,N, ,40 01:47.674,75 06:13.804,1827, ,1823,1,2,2, , ,0,N, , , , , , , , ,2,2,0,0,0,0,0,0,0,0,0,0,1,1,0,0,0,0,0,0,0,0,0,0,0,0,0,0,0,0,0,0,0,0,0,8,0,40.0299,-75.1038, , 
34887,399293,2014012146,6,67,67301,2014,1,6,1510,15,1,1,1,1,1,1,2,Y,0,0,0,3,0,2,4,2,N,N,39 58:07.558,75 07:42.042,1541,45,1528, ,0, ,N, ,0, ,N,N,N,N,Y,N,N,Y,2,2,0,0,0,0,0,0,0,0,0,2,2,0,0,0,0,0,0,0,0,0,0,0,0,0,0,0,0,0,0,0,0,0,0,4,0,39.9688,-75.1283, , 
34888,399348,2014027715,6,67,67301,2014,1,5,233,2,3,4,4,1,1, , ,N,0,0,0,3,0,1,2,2,N,N,39 55:38.246,75 14:36.489,244, ,233, ,0, ,N, ,0, , , , , , , , , ,2,1,0,0,0,0,0,0,0,0,0,0,1,1,0,0,0,0,0,0,0,0,0,0,0,0,0,0,0,0,0,0,0,0,0,8,0,39.9273,-75.2435, , 
34889,403795,2014032445,6,67,67301,2014,1,5,1503,15,1,1,0,8,1, , ,N,2,2,0,3,0,2,3,3,N,N,40 02:13.299,75 06:31.693,1550, ,1539,2,1,3, , ,3,N, , , , , , , , ,1,1,0,0,0,0,0,0,0,0,0,0,2,2,0,0,0,0,0,0,0,0,1,0,0,0,0,0,0,0,0,0,2,0,0,8,0,40.0372,-75.109, , 
34890,403797,2014038962,6,67,67301,2014,3,5,2212,22,3,1,0,1,5, , ,N,0,0,0,3,0,1,2,2,N, ,40 04:48.086,75 03:08.053,2218, ,2212,1,2,2, , ,0,N, , , , , , , , ,2,0,0,0,0,0,2,0,0,0,0,0,1,1,0,0,0,1,0,0,0,0,0,0,0,0,0,0,0,0,0,0,0,0,0,8,0,40.08,-75.0522, , 
34891,403813,2014049804,6,67,67301,2014,4,1,1112,11,1,1,0,4,1, , ,N,1,2,0,3,0,4,4,4,N,N,40 02:44.703,75 04:05.879,1119, ,1116,9,1,4,N, ,3,Y, , , , , , , , ,4,1,0,0,0,0,1,2,0,0,0,4,4,0,0,0,0,0,0,0,0,0,0,0,0,0,0,0,0,0,0,0,0,0,0,4,0,40.0458,-75.0683, , 
34892,403821,2014059338,6,67,67301,2014,5,3,9999,99,1,1,0,4,1, , ,N,1,3,0,3,0,3,4,2,N, ,40 02:11.605,75 08:13.937,1823, ,1820, ,0, , , ,3, , , , , , , , , ,2,2,0,0,0,0,0,0,0,0,1,2,3,0,0,0,0,0,0,0,0,1,0,0,0,0,0,0,0,0,0,0,0,0,0,3,0,40.0366,-75.1372, , 
34893,403842,2014079276,6,67,67301,2014,6,1,9999,99,3,1,0,7,4, , ,N,0,0,0,3,0,1,1,1,N,N,40 04:54.313,75 13:09.555,349, ,344, ,0, ,N, ,0, , , , , , , , , ,1,1,0,0,0,0,0,0,0,0,1,0,1,0,0,0,0,0,0,0,0,0,0,0,0,0,0,0,0,0,0,0,0,0,0,3,0,40.0818,-75.2193, , 
34894,403856,2014089344,6,67,67301,2014,8,6,9999,99,3,1,0,1,1, , ,N,0,0,0,3,0,3,5,3,N,N,40 01:14.502,75 08:25.540,2233, ,2227,1,2,1,N, ,0,Y, , , , , , , , ,3,2,0,0,0,0,1,0,0,0,0,3,3,0,0,0,0,0,0,0,2,0,0,0,0,0,0,0,0,0,0,0,0,0,0,4,0,40.0207,-75.1404, , 
34895,403863,2014096402,6,67,67301,2014,9,5,1540,15,1,1,0,4,5, , ,N,1,2,0,3,0,0,2,2,N,N,39 57:48.087,75 11:15.011,1746, ,1741, ,0, ,N, ,3, , , , , , , , , ,2,1,0,0,0,0,1,0,0,0,0,0,0,0,0,0,0,0,0,0,0,0,0,2,0,0,0,0,0,0,0,0,0,0,0,0,0,39.9634,-75.1875, , 
34896,403875,2014013574,6,67,67301,2014,1,3,1830,18,4,1,0,8,1, , ,N,5,2,0,3,0,1,2,2,N,N,39 55:01.128,75 10:19.770,9999, ,1906, ,0, ,N, ,3, , , , , , , , , ,1,1,0,0,0,0,0,0,0,0,0,0,1,1,0,0,0,0,0,0,0,1,0,0,0,0,0,0,0,0,0,0,1,0,0,8,0,39.9169,-75.1721, , 
34897,403883,2014025382,6,67,67301,2014,1,2,1458,14,1,1,0,4,1, , ,N,1,3,0,3,0,1,3,2,N,N,39 56:56.623,75 09:20.444,1539, ,1527, ,0, , , ,3, , , , , , , , , ,2,2,0,0,0,0,0,0,0,0,0,1,1,0,0,0,0,0,0,0,0,0,0,0,0,0,0,0,0,0,0,0,0,0,0,4,0,39.9491,-75.1557, , 
34898,403888,2014027695,6,67,67301,2014,2,7,315,3,3,1,0,1,6, , ,N,0,0,0,3,0,2,2,4,N, ,40 05:22.892,74 59:02.188,318, ,316,4,2,7, , ,0,Y, , , , , , , , ,4,1,0,0,1,0,2,0,0,0,0,1,2,1,0,0,0,0,0,0,0,0,0,0,0,0,0,0,0,0,0,0,0,0,0,4,0,40.0897,-74.9839, , 
34899,403893,2014030291,6,67,67301,2014,2,7,644,6,1,1,0,4,1, , ,N,1,2,0,3,0,3,3,2,N,N,40 04:51.077,75 01:43.585,648, ,647,1,1,1,N, ,3,N, , , , , , , , ,2,1,0,0,0,0,1,0,0,0,0,2,3,1,0,0,0,0,0,0,0,0,0,0,0,0,0,0,0,0,0,0,0,0,0,4,0,40.0809,-75.0288, , 
34900,403899,2014044547,6,67,67301,2014,3,1,230,2,3,1,1,7,5, , ,N,0,0,2,3,0,0,1,1,N,N,39 56:00.555,75 11:58.946,240, ,236, ,0, ,N, ,0, , , , , , , , , ,1,1,0,0,0,0,0,0,0,0,0,0,0,0,0,0,0,0,0,0,0,0,0,0,0,0,0,0,0,0,0,0,0,0,0,0,0,39.9335,-75.1997, , 
34901,403902,2014049866,6,67,67301,2014,4,2,2200,22,3,1,0,4,1, , ,N,1,2,0,3,0,2,2,2,N, ,39 57:45.942,75 14:48.128,2200, ,2200, ,0, , , ,3, , , , , , , , , ,2,1,1,0,0,0,0,0,0,0,0,2,2,0,0,0,0,0,0,0,0,0,0,0,0,0,0,0,0,0,0,0,0,0,0,4,0,39.9627,-75.2467, , 
34902,403911,2014059134,6,67,67301,2014,5,6,1115,11,1,1,0,1,1, , ,N,1,2,0,3,0,0,2,2,N,N,39 56:41.420,75 10:30.111,1153, ,1120, ,0, ,N, ,3, , , , , , , , , ,2,1,0,0,0,0,0,1,0,0,0,0,0,0,0,0,0,0,0,0,0,0,0,0,0,0,0,0,0,0,0,0,0,0,0,0,0,39.9448,-75.175, , 
34903,403930,2014035698,6,67,67301,2014,2,2,1015,10,1,4,6,5,1, , ,N,3,2,0,3,0,1,3,2,N,N,39 58:31.433,75 11:23.825,1029, ,1020, ,0, ,N, ,3, , , , , , , , , ,2,1,0,0,1,0,0,0,0,0,0,0,1,1,0,0,0,0,0,0,1,0,0,0,0,0,0,0,0,0,0,0,0,0,0,8,0,39.9754,-75.19, , 
34904,403934,2014038846,6,67,67301,2014,3,5,9999,99,1,1,0,1,6, , ,N,0,0,0,3,0,1,1,2,N,N,39 56:33.115,75 14:02.729,805, ,758, ,0, , , ,0, , , , , , , , , ,2,2,0,0,0,0,0,0,0,0,0,1,1,0,0,0,0,0,0,0,1,0,0,0,0,0,0,0,0,0,0,0,0,0,0,4,0,39.9425,-75.2341, , 
34905,403942,2014049497,6,67,67301,2014,4,4,1500,15,1,1,0,8,1, , ,N,1,2,0,3,0,1,2,2,N,N,39 57:32.844,75 10:20.344,1507, ,1505,1,1,4, , ,3,N, , , , , , , , ,1,1,0,0,0,0,0,0,0,0,0,1,1,0,0,0,0,0,0,0,0,0,0,0,0,0,0,0,0,0,0,0,1,0,0,4,0,39.9591,-75.172, , 
34906,403947,2014059070,6,67,67301,2014,5,6,1534,15,1,1,0,8,1, , ,N,0,0,0,3,0,1,2,2,N, ,39 57:22.716,75 13:12.802,1545, ,1534, ,0, , , ,0, , , , , , , , , ,1,1,0,0,0,0,0,0,0,1,0,0,1,0,0,0,0,0,0,0,0,0,0,0,0,0,0,0,0,0,0,0,1,0,1,2,0,39.9563,-75.2202, , 
34907,412397,2014050310,6,67,67301,2014,4,6,750,7,1,1,0,4,1, , ,N,0,0,0,3,0,0,2,2,N, ,39 58:08.286,75 09:36.172,757, ,751, ,0, , , ,0, , , , , , , , , ,2,2,0,0,0,0,0,0,0,0,0,0,0,0,0,0,0,0,0,0,0,0,0,0,0,0,0,0,0,0,0,0,0,0,0,0,0,39.969,-75.16, , 
34908,412417,2014025548,6,67,67301,2014,1,7,9999,99,3,1,0,1,1, , ,N,3,0,2,3,0,0,4,3,N,N,40 00:23.138,75 11:35.350,445, ,440, ,0, ,N, ,0, , , , , , , , , ,3,2,0,0,0,0,1,0,0,0,0,0,0,0,1,0,0,0,0,0,0,0,0,0,0,0,0,0,0,0,0,0,0,0,0,9,0,40.0066,-75.1995, , 
34909,412422,2014039372,6,67,67301,2014,3,2,1714,17,1,1,0,5,1, , ,N,0,0,0,3,0,1,1,3,N,N,40 05:22.150,74 58:07.550,1718, ,1714,2,1,2, , ,0,N, , , , , , , , ,3,2,0,0,0,0,0,1,0,0,0,1,1,0,0,0,0,0,0,0,0,1,0,0,0,0,0,0,0,0,0,0,0,0,0,4,0,40.0895,-74.9688, , 
34910,412423,2014043051,6,67,67301,2014,3,6,9999,99,1,1,0,8,1, , ,N,2,3,0,3,0,1,2,2,N,Y,40 01:15.985,75 07:13.792,1516, ,1512, ,0, ,N, ,3, , , , , , , , , ,1,0,0,0,1,0,0,0,0,0,0,0,1,1,0,0,0,0,0,0,0,1,0,0,0,0,0,0,0,0,0,0,1,0,0,8,0,40.0211,-75.1205, , 
34911,412443,2014059140,6,67,67301,2014,5,1,1331,13,1,1,0,4,1, , ,N,0,2,7,3,0,1,4,2,N,N,40 05:20.015,74 58:10.541,1337, ,1331, ,0, , , ,3, , , , , , , , , ,2,2,0,0,0,0,0,0,0,0,0,1,1,0,0,0,0,0,2,0,0,0,0,0,0,0,0,0,0,0,0,0,0,0,0,4,0,40.0889,-74.9694, , 
34912,412444,2014059212,6,67,67301,2014,5,3,1859,18,1,1,0,5,6, , ,N,0,0,0,3,0,1,3,2,N, ,39 59:23.196,75 06:14.045,1859, ,1859, ,0, , , ,0, , , , , , , , , ,2,2,0,0,0,0,0,0,0,0,0,1,1,0,0,0,0,0,0,0,0,0,0,0,0,0,0,0,0,0,0,0,0,0,0,4,0,39.9898,-75.1039, , 
34913,412466,2014025390,6,67,67301,2014,1,1,2250,22,3,1,0,8,1, , ,N,1,2,0,3,0,1,2,2,N, ,39 57:03.858,75 09:56.243,2255, ,2250, ,0, , , ,3, , , , , , , , , ,1,0,0,0,0,0,0,1,0,0,0,1,1,0,0,0,0,0,0,0,0,0,0,0,0,0,0,0,0,0,0,0,1,0,0,4,0,39.951,-75.1654, , 
34914,412470,2014030265,6,67,67301,2014,2,3,2235,22,3,1,0,7,5, , ,N,1,2,0,3,0,0,1,1,N,N,40 06:46.747,75 01:23.201,2308, ,2302, ,0, ,N, ,3, , , , , , , , , ,1,1,0,0,0,0,0,0,0,0,0,0,0,0,0,0,0,0,0,0,0,0,0,0,0,0,0,0,0,0,0,0,0,0,0,0,0,40.113,-75.023, , 
34915,412485,2014051489,6,67,67301,2014,5,6,1924,19,1,1,1,1,1,1,4,Y,0,0,0,3,0,0,3,2,N,N,40 01:29.867,75 01:46.837,1945,45,1927,2,2,2,N, ,0,Y,N,N,N,N,N,N,N,Y,2,2,0,0,0,0,0,0,0,0,0,0,0,0,0,0,0,0,0,0,0,0,0,0,0,0,0,0,0,0,0,0,0,0,0,0,0,40.025,-75.0297, , 
34916,412490,2014056730,6,67,67301,2014,5,5,1854,18,1,2,1,1,1, , ,N,0,0,0,3,0,0,2,2,N,N,39 58:50.805,75 12:21.721,1909, ,1854, ,0, ,N, ,0, , , , , , , , , ,2,1,0,0,0,0,1,0,0,0,0,0,0,0,0,0,0,0,0,0,1,0,0,0,0,0,0,0,0,0,0,0,0,0,0,0,0,39.9808,-75.206, , 
34917,412501,2014016165,6,67,67301,2014,1,4,1059,10,1,1,0,4,1, , ,N,1,3,0,3,0,1,2,2,N,N,39 55:54.584,75 09:33.875,1100, ,1059,1,2,4, , ,3,Y, , , , , , , , ,1,1,0,0,0,0,0,0,1,0,1,0,1,0,0,0,0,0,0,0,1,0,0,1,0,0,0,0,0,0,0,0,0,0,0,3,0,39.9318,-75.1594, , 
34918,412522,2014034205,6,67,67301,2014,2,1,338,3,3,1,1,5,6, , ,N,0,0,0,3,0,2,3,3,N,N,40 03:54.914,75 01:58.988,344, ,340, ,0, ,N, ,0, , , , , , , , , ,3,2,0,0,0,0,1,0,0,0,0,2,2,0,0,0,0,0,0,0,0,0,0,0,0,0,0,0,0,0,0,0,0,0,0,4,0,40.0653,-75.0331, , 
34919,412543,2014058997,6,67,67301,2014,5,5,1123,11,1,1,0,4,1, , ,N,0,0,7,3,0,1,2,2,N,N,40 00:39.966,75 07:15.129,1136, ,1123, ,0, ,N, ,0, , , , , , , , , ,2,2,0,0,0,0,0,0,0,0,0,1,1,0,0,0,0,0,0,0,1,0,1,0,0,0,0,0,0,0,0,0,0,0,0,4,0,40.0111,-75.1209, , 
34920,412560,2014016468,6,67,67301,2014,1,7,1220,12,1,4,3,7,2, , ,N,0,0,0,3,0,1,2,1,N,N,39 53:21.977,75 14:26.806,1231, ,1220, ,0, ,N, ,0, , , , , , , , , ,1,1,0,0,0,0,0,0,0,0,0,0,1,1,0,0,0,0,0,0,0,0,0,1,0,0,0,0,0,0,0,0,0,0,0,8,0,39.8894,-75.2408, , 
34921,412576,2014029854,6,67,67301,2014,2,3,1506,15,1,1,0,1,4, , ,N,0,0,0,3,0,1,2,2,N,N,39 58:43.817,75 12:06.149,1509, ,1506, ,0, ,N, ,0, , , , , , , , , ,1,0,0,0,1,0,0,0,1,0,0,0,1,1,0,0,0,0,0,0,0,0,0,0,0,0,0,0,0,0,0,0,0,0,0,8,0,39.9788,-75.2017, , 
34922,412579,2014034265,6,67,67301,2014,2,3,1630,16,1,1,0,5,6, , ,N,0,0,0,3,0,1,1,5,N,N,39 56:15.510,75 10:23.619,1637, ,1635, ,0, , , ,0, , , , , , , , , ,5,3,0,0,1,0,1,0,0,0,0,0,1,1,0,0,0,0,0,0,0,0,0,0,0,0,0,0,0,0,0,0,0,0,0,8,0,39.9376,-75.1732, , 
34923,412604,2014020682,6,67,67301,2014,2,5,1117,11,1,4,4,7,2, , ,N,0,0,0,3,0,0,1,1,N,N,40 01:35.104,75 01:35.537,1135, ,1122,1,2,1,N, ,0,N, , , , , , , , ,1,0,0,0,0,0,0,1,0,0,0,0,0,0,0,0,0,0,0,0,1,0,0,0,0,0,0,0,0,0,0,0,0,0,0,0,0,40.0264,-75.0265, , 
34924,412610,2014025296,6,67,67301,2014,1,1,1048,10,1,1,0,7,5, , ,N,3,0,0,3,0,1,2,1,N, ,39 58:37.772,75 13:44.543,1048, ,1045, ,0, , , ,0, , , , , , , , , ,1,0,0,0,0,0,1,0,0,0,0,0,1,1,0,0,0,0,0,1,0,0,0,0,0,0,0,0,0,0,0,0,0,0,0,8,0,39.9772,-75.229, , 
34925,412630,2014042671,6,67,67301,2014,3,6,2350,23,3,1,0,1,1, , ,N,0,0,0,3,0,1,4,3,N,N,40 02:43.893,75 11:33.663,3, ,2356, ,0, ,N, ,0, , , , , , , , , ,3,3,0,0,0,0,0,0,0,0,0,1,1,0,0,0,0,0,0,0,1,0,0,0,0,0,0,0,0,0,0,0,0,0,0,4,0,40.0455,-75.1927, , 
34926,408816,2014029853,6,67,67301,2014,2,3,600,6,3,2,1,4,1, , ,N,5,2,2,3,0,0,2,2,N,N,39 57:28.586,75 09:50.892,620, ,610, ,0, ,N, ,3, , , , , , , , , ,2,1,0,0,1,0,0,0,0,0,0,0,0,0,0,0,0,0,0,0,0,0,0,0,0,0,0,0,0,0,0,0,0,0,0,0,0,39.9579,-75.1641, , 
34927,408818,2014032486,6,67,67301,2014,2,5,1415,14,1,1,1,8,1, , ,N,0,0,0,3,0,1,2,2,N, ,40 01:52.643,75 01:18.481,1458, ,1443, ,0, , , ,0, , , , , , , , , ,1,0,0,0,0,0,1,0,0,0,1,0,1,0,0,0,0,0,0,0,0,0,0,0,0,0,0,0,0,0,0,0,1,0,0,3,0,40.0313,-75.0218, , 
34928,408828,2014038961,6,67,67301,2014,2,2,1047,10,1,4,5,7,4, , ,N,0,0,0,3,0,0,1,1,N,N,40 00:26.564,75 07:28.878,1050, ,1050, ,0, , , ,0, , , , , , , , , ,1,0,0,0,0,0,1,0,0,0,0,0,0,0,0,0,0,0,0,0,0,0,0,0,0,0,0,0,0,0,0,0,0,0,0,0,0,40.0074,-75.1247, , 
34929,408850,2014018471,6,67,67301,2014,2,3,655,6,1,1,0,2,1, , ,N,1,3,0,3,0,2,11,2,Y,N,40 00:31.935,75 09:39.959,815, ,750, ,0, ,N, ,3, , , , , , , , , ,2,0,0,1,0,0,1,0,0,0,0,0,2,2,0,0,0,0,0,0,1,0,0,0,0,0,0,0,0,0,0,0,0,0,0,8,1,40.0089,-75.1611, , 