objectid_1,objectid,crn,district,county,municipality,crash_year,crash_month,day_of_week,time_of_day,hour_of_day,illumination,weather,road_condition,collision_type,relation_to_road,work_zone_type,work_zone_loc,work_zone_ind,intersect_type,tcd_type,location_type,urban_rural,fatal_count,injury_count,person_count,total_units,sch_bus_ind,sch_zone_ind,latitude,longitude,arrival_tm,cons_zone_spd_lim,dispatch_tm,est_hrs_closed,lane_closed,ln_close_dir,ntfy_hiwy_maint,spec_juris_cd,tcd_func_cd,tfc_detour_ind,workers_pres,wz_close_detour,wz_flagger,wz_law_offcr_ind,wz_ln_closure,wz_moving,wz_other,wz_shlder_mdn,vehicle_count,automobile_count,motorcycle_count,bus_count,small_truck_count,heavy_truck_count,suv_count,van_count,bicycle_count,maj_inj_count,mod_inj_count,min_inj_count,tot_inj_count,unk_inj_deg_count,unk_inj_per_count,driver_count_16yr,driver_count_17yr,driver_count_18yr,driver_count_19yr,driver_count_20yr,driver_count_50_64yr,driver_count_65_74yr,driver_count_75plus,unbelted_occ_count,unb_death_count,unb_maj_inj_count,belted_death_count,belted_maj_inj_count,mcycle_death_count,mcycle_maj_inj_count,bicycle_death_count,bicycle_maj_inj_count,ped_count,ped_death_count,ped_maj_inj_count,max_severity_level,comm_veh_count,dec_lat,dec_long,rdwy_surf_type_cd,county_name
35065,413013,2014039368,6,67,67301,2014,2,2,430,4,3,1,0,5,1, , ,N,0,0,0,3,0,1,2,2,N, ,40 02:27.819,75 01:54.314,443, ,436, ,0, , , ,0, , , , , , , , , ,2,2,0,0,0,0,0,0,0,0,0,1,1,0,0,0,0,0,1,0,0,0,0,0,0,0,0,0,0,0,0,0,0,0,0,4,0,40.0411,-75.0318, , 
35066,413016,2014042707,6,67,67301,2014,3,5,0,0,3,6,1,5,1, , ,N,0,0,0,3,0,0,1,3,N, ,40 00:04.953,75 06:34.045,115, ,29, ,0, , , ,0, , , , , , , , , ,3,1,0,0,1,0,1,0,0,0,0,0,0,0,1,0,0,0,0,0,0,0,0,0,0,0,0,0,0,0,0,0,0,0,0,9,0,40.0014,-75.1095, , 
35067,413026,2014051847,6,67,67301,2014,5,4,155,1,2,1,0,7,4, , ,N,0,0,0,3,0,1,2,1,N,N,39 53:20.145,75 14:28.597,211, ,158,1,1,2,Y, ,0,N, , , , , , , , ,1,1,0,0,0,0,0,0,0,0,0,1,1,0,0,0,0,0,0,0,1,0,0,0,0,0,0,0,0,0,0,0,0,0,0,4,0,39.8889,-75.2413, , 
35068,413047,2014032384,6,67,67301,2014,2,1,1315,13,1,1,4,4,1, , ,N,3,2,0,3,0,3,6,3,N,N,39 56:36.552,75 14:48.306,1328, ,1300,2,1,6,N, ,3,N, , , , , , , , ,3,3,0,0,0,0,0,0,0,0,2,1,3,0,3,0,0,0,0,0,1,0,0,0,0,0,0,0,0,0,0,0,0,0,0,3,0,39.9435,-75.2468, , 
35069,413063,2014054695,6,67,67301,2014,5,7,415,4,3,1,0,7,2, , ,N,0,0,0,3,0,1,1,1,N,N,40 00:23.676,75 11:52.137,422, ,415, ,0, ,N, ,0, , , , , , , , , ,1,1,0,0,0,0,0,0,0,0,0,1,1,0,0,0,0,0,0,0,0,0,0,0,0,0,0,0,0,0,0,0,0,0,0,4,0,40.0066,-75.1978, , 
35070,413095,2014025341,6,67,67301,2014,1,2,205,2,3,1,0,4,1, , ,N,1,2,0,3,0,1,5,2,N, ,39 58:04.769,75 14:01.494,210, ,207,3,2,6, , ,3,Y, , , , , , , , ,2,2,0,0,0,0,0,0,0,0,0,0,1,1,0,0,0,0,0,0,0,0,0,0,0,0,0,0,0,0,0,0,0,0,0,8,0,39.968,-75.2337, , 
35071,413104,2014034169,6,67,67301,2014,2,3,1600,16,1,1,0,4,1, , ,N,2,2,2,3,0,0,2,2,N,N,39 54:43.403,75 09:01.779,1605, ,1602, ,0, ,N, ,3, , , , , , , , , ,2,0,0,0,0,1,1,0,0,0,0,0,0,0,1,0,0,0,0,0,0,0,0,2,0,0,0,0,0,0,0,0,0,0,0,9,1,39.9121,-75.1505, , 
35072,413105,2014034274,6,67,67301,2014,3,7,1355,13,1,1,0,1,1, , ,N,1,2,0,3,0,1,2,2,N,N,40 04:51.077,75 01:43.585,1405, ,355, ,0, ,N, ,3, , , , , , , , , ,2,1,0,0,1,0,0,0,0,0,1,0,1,0,0,0,0,0,0,0,0,0,0,0,0,0,0,0,0,0,0,0,0,0,0,3,0,40.0809,-75.0288, , 
35073,413107,2014035521,6,67,67301,2014,3,5,1728,17,1,1,0,1,1, , ,N,0,8,5,3,0,1,4,3,N,N,39 54:34.510,75 09:20.966,1728, ,1728, ,0, ,N, ,3, , , , , , , , , ,3,2,0,0,0,0,0,1,0,0,0,0,1,1,0,0,0,1,0,0,0,0,0,0,0,0,0,0,0,0,0,0,0,0,0,8,0,39.9096,-75.1558, , 
35074,409257,2014049910,6,67,67301,2014,4,3,1946,19,3,2,1,8,1, , ,N,3,0,0,3,0,1,2,2,N,N,39 59:47.625,75 06:51.265,1956, ,1946, ,0, ,N, ,0, , , , , , , , , ,1,0,0,0,0,0,0,1,0,0,0,1,1,0,0,0,0,0,0,0,0,0,0,0,0,0,0,0,0,0,0,0,1,0,0,4,0,39.9966,-75.1142, , 
35075,409287,2014032380,6,67,67301,2014,2,7,140,1,3,1,0,4,1, , ,N,1,2,0,3,0,2,3,2,N, ,39 57:42.119,75 09:16.314,146, ,146, ,0, , , ,3, , , , , , , , , ,2,2,0,0,0,0,0,0,0,0,0,2,2,0,0,0,0,0,0,1,0,0,0,0,0,0,0,0,0,0,0,0,0,0,0,4,0,39.9616,-75.1545, , 
35076,409299,2014044573,6,67,67301,2014,3,3,1542,15,1,1,0,8,1, , ,N,1,2,0,3,0,1,2,2,N, ,39 56:50.107,75 13:36.654,1547, ,1547, ,0, , , ,3, , , , , , , , , ,1,1,0,0,0,0,0,0,0,0,0,0,1,1,0,0,0,0,0,0,0,0,0,0,0,0,0,0,0,0,0,0,1,0,0,8,0,39.9473,-75.2269, , 
35077,409307,2014049714,6,67,67301,2014,4,6,1630,16,1,1,0,5,1, , ,N,0,0,0,3,0,1,2,2,N,N,39 56:09.100,75 09:24.800,1650, ,1642, ,0, ,N, ,0, , , , , , , , , ,1,1,0,0,0,0,0,0,1,0,1,0,1,0,1,0,0,0,0,0,0,0,0,0,0,0,0,0,0,0,0,0,0,0,0,3,0,39.9359,-75.1569, , 
35078,409311,2014058280,6,67,67301,2014,6,2,636,6,1,1,0,1,1,1,4,Y,0,0,0,3,0,1,3,3,N,N,40 01:10.961,75 02:40.396,652,45,639,2,1,1,N, ,0,N,Y,N,N,N,N,N,N,Y,3,2,0,0,0,0,1,0,0,0,0,1,1,0,0,0,0,0,0,0,0,0,0,0,0,0,0,0,0,0,0,0,0,0,0,4,0,40.0197,-75.0446, , 
35079,409325,2014016174,6,67,67301,2014,1,5,1345,13,1,1,0,4,1, , ,N,1,2,0,3,0,1,3,2,N,N,39 55:15.927,75 10:25.586,1402, ,1358,1,1,7,N, ,3,N, , , , , , , , ,2,1,0,0,0,0,1,0,0,0,0,0,1,1,0,0,0,0,0,0,1,0,0,0,0,0,0,0,0,0,0,0,0,0,0,8,0,39.9211,-75.1738, , 
35080,409338,2014033406,6,67,67301,2014,3,1,709,7,1,1,0,7,2, , ,N,0,0,0,3,0,1,1,1,N,N,39 59:59.252,75 04:48.780,728, ,720, ,0, ,N, ,0, , , , , , , , , ,1,1,0,0,0,0,0,0,0,0,0,0,1,1,0,0,0,0,0,0,1,0,0,0,0,0,0,0,0,0,0,0,0,0,0,8,0,39.9998,-75.0802, , 
35081,409340,2014035464,6,67,67301,2014,3,2,101,1,3,2,1,7,3, , ,N,0,8,2,3,0,0,3,1,N,N,39 57:19.893,75 08:53.378,101, ,101, ,0, ,N, ,3, , , , , , , , , ,1,1,0,0,0,0,0,0,0,0,0,0,0,0,0,0,0,0,0,0,0,0,0,0,0,0,0,0,0,0,0,0,0,0,0,0,0,39.9555,-75.1482, , 
35082,409355,2014048788,6,67,67301,2014,5,7,2017,20,3,1,0,0,7, , ,N,6,0,2,3,0,1,1,1,N,N,39 53:04.770,75 14:38.828,2021, ,2021, ,0, ,N, ,0, , , , , , , , , ,1,0,0,0,0,0,1,0,0,1,0,0,1,0,0,0,0,0,0,0,0,1,0,1,0,1,0,0,0,0,0,0,0,0,0,2,0,39.8847,-75.2441, , 
35083,409357,2014049513,6,67,67301,2014,4,5,1145,11,1,1,0,4,1, , ,N,1,2,0,3,0,1,2,4,N,N,39 57:10.335,75 12:43.862,1148, ,1145, ,0, ,N, ,3, , , , , , , , , ,4,4,0,0,0,0,0,0,0,0,0,1,1,0,0,0,0,0,0,0,0,1,0,0,0,0,0,0,0,0,0,0,0,0,0,4,0,39.9529,-75.2122, , 
35084,409358,2014049722,6,67,67301,2014,4,2,2145,21,3,2,1,8,1, , ,N,1,0,0,3,0,1,2,2,N,N,39 57:15.325,75 14:25.306,2151, ,2149, ,0, ,N, ,0, , , , , , , , , ,1,0,0,0,0,0,0,0,0,0,0,0,1,1,0,0,0,0,0,0,0,0,0,0,0,0,0,0,0,0,0,0,1,0,0,8,0,39.9543,-75.2404, , 
35085,409396,2014035816,6,67,67301,2014,3,7,1304,13,1,1,0,5,1, , ,N,0,0,0,3,0,3,4,3,N,N,40 03:10.548,74 59:13.784,1317, ,1305,2,2,2,Y, ,0,N, , , , , , , , ,3,3,0,0,0,0,0,0,0,0,0,0,3,3,0,0,0,0,0,0,2,0,0,2,0,0,0,0,0,0,0,0,0,0,0,8,0,40.0529,-74.9872, , 
35086,409422,2014013554,6,46,46108,2014,1,4,1748,17,2,1,0,1,1, , ,N,0,0,0,3,0,2,3,2,N,N,40 05:30.063,75 13:17.270,1801, ,1748,1,2,2,N, ,0,Y, , , , , , , , ,2,1,0,0,0,0,1,0,0,0,0,1,2,1,0,0,0,0,0,0,0,0,0,0,0,0,0,0,0,0,0,0,0,0,0,4,0,40.0917,-75.2215, , 
35087,409436,2014025303,6,67,67301,2014,1,1,1811,18,3,8,8,1,1, , ,N,1,2,0,3,0,4,4,3,N,N,39 54:12.423,75 14:35.429,1815, ,1811, ,0, ,N, ,3, , , , , , , , , ,3,3,0,0,0,0,0,0,0,0,0,1,4,3,0,0,0,0,0,0,1,1,0,2,0,0,0,0,0,0,0,0,0,0,0,4,0,39.9035,-75.2432, , 
35088,409437,2014025354,6,67,67301,2014,1,3,2336,23,3,1,0,5,1, , ,N,0,0,0,3,0,1,3,2,N,N,40 00:56.783,75 09:14.613,9, ,6, ,0, ,N, ,0, , , , , , , , , ,2,1,0,0,0,0,1,0,0,0,0,1,1,0,0,0,0,0,0,0,0,0,0,0,0,0,0,0,0,0,0,0,0,0,0,4,0,40.0158,-75.1541, , 
35089,409444,2014039038,6,67,67301,2014,3,5,9999,99,1,1,0,4,1, , ,N,1,2,0,3,0,1,2,2,N,N,39 59:15.183,75 08:28.377,1536, ,1531, ,0, ,N, ,3, , , , , , , , , ,2,1,0,0,1,0,0,0,0,0,0,0,1,1,0,0,0,0,0,0,1,0,0,0,0,0,0,0,0,0,0,0,0,0,0,8,0,39.9876,-75.1412, , 
35090,409518,2014013283,6,67,67301,2014,1,4,43,0,3,4,3,7,2, , ,N,0,0,2,3,0,0,1,1,N,N,39 57:35.045,75 08:28.643,57, ,45,2,1,2,N, ,0,N, , , , , , , , ,1,1,0,0,0,0,0,0,0,0,0,0,0,0,0,0,0,0,0,0,0,0,0,0,0,0,0,0,0,0,0,0,0,0,0,0,0,39.9591,-75.1412, , 
35091,409581,2014038914,6,67,67301,2014,3,2,1000,10,1,4,4,4,1, , ,N,1,2,0,3,0,0,2,2,N, ,40 01:48.464,75 02:06.579,1015, ,1002,2,1,1, , ,3,N, , , , , , , , ,2,1,0,0,0,0,1,0,0,0,0,0,0,0,0,0,0,0,0,0,1,0,0,0,0,0,0,0,0,0,0,0,0,0,0,0,0,40.0301,-75.0352, , 
35092,400034,2014042661,6,67,67301,2014,3,6,620,6,3,1,0,1,1, , ,N,1,2,0,3,0,0,2,2,N,N,40 06:50.926,74 59:15.880,638, ,621,1,1,1,N, ,3,N, , , , , , , , ,2,1,0,0,0,0,1,0,0,0,0,0,0,0,0,0,0,0,0,0,0,1,0,0,0,0,0,0,0,0,0,0,0,0,0,0,0,40.1141,-74.9877, , 
35093,400038,2014049865,6,67,67301,2014,4,1,1104,11,1,1,0,1,1, , ,N,0,0,0,3,0,2,4,2,N, ,39 57:15.681,75 14:42.295,1130, ,1115, ,0, , , ,0, , , , , , , , , ,2,2,0,0,0,0,0,0,0,0,0,1,2,1,1,0,0,0,0,0,0,0,0,1,0,0,0,0,0,0,0,0,0,0,0,4,0,39.9544,-75.2451, , 
35094,400093,2014038982,6,67,67301,2014,3,7,300,3,3,1,0,5,6, , ,N,0,0,0,3,0,0,1,2,N,N,39 59:21.073,75 09:37.735,340, ,332, ,0, ,N, ,0, , , , , , , , , ,2,2,0,0,0,0,0,0,0,0,0,0,0,0,0,0,0,0,0,0,0,0,0,0,0,0,0,0,0,0,0,0,0,0,0,0,0,39.9892,-75.1605, , 
35095,400100,2014047619,6,67,67301,2014,5,1,136,1,3,1,0,1,1, , ,N,7,3,2,3,0,1,3,2,N,N,39 59:21.294,75 12:23.365,153, ,138, ,0, ,N, ,3, , , , , , , , , ,2,2,0,0,0,0,0,0,0,0,0,0,1,1,0,0,0,0,0,0,0,0,0,0,0,0,0,0,0,0,0,0,0,0,0,8,0,39.9892,-75.2065, , 
35096,400112,2014012144,6,67,67301,2014,1,4,1050,10,1,1,4,1,1, , ,N,0,0,0,3,0,1,3,2,N,N,40 00:30.390,75 12:13.505,1050, ,1050,1,1,3,N, ,0,N, , , , , , , , ,2,2,0,0,0,0,0,0,0,0,0,1,1,0,0,0,0,0,0,0,0,1,0,0,0,0,0,0,0,0,0,0,0,0,0,4,0,40.0084,-75.2038, , 
35097,400115,2014013293,6,67,67301,2014,1,4,1411,14,1,1,0,1,1, , ,N,0,0,0,3,0,1,3,2,N,N,39 57:34.546,75 10:32.153,1440, ,1416, ,0, ,N, ,0, , , , , , , , , ,2,1,0,0,1,0,0,0,0,0,0,1,1,0,0,0,0,0,0,1,0,0,0,0,0,0,0,0,0,0,0,0,0,0,0,4,0,39.9596,-75.1756, , 
35098,400120,2014019150,6,67,67301,2014,1,4,700,7,1,5,1,8,1, , ,N,1,2,0,3,0,1,2,2,N,N,39 57:05.578,75 09:24.232,705, ,705,2,2,3,N, ,3,Y, , , , , , , , ,1,0,0,0,0,0,1,0,0,0,0,1,1,0,0,0,0,0,0,0,1,0,0,0,0,0,0,0,0,0,0,0,1,0,0,4,0,39.9515,-75.1567, , 
35099,400125,2014027713,6,67,67301,2014,1,6,800,8,1,1,0,7,4, , ,N,0,0,0,3,0,1,1,1,N,N,40 02:37.054,75 01:16.636,808, ,803, ,0, ,N, ,0, , , , , , , , , ,1,1,0,0,0,0,0,0,0,0,0,1,1,0,0,0,0,0,0,0,0,0,0,1,0,0,0,0,0,0,0,0,0,0,0,4,0,40.0436,-75.0213, , 
35100,400134,2014032451,6,67,67301,2014,2,6,2050,20,2,4,5,6,1, , ,N,0,0,0,3,0,1,2,3,N,N,40 02:00.603,75 05:26.325,2055, ,2051, ,0, ,N, ,0, , , , , , , , , ,2,1,0,0,0,0,0,1,0,0,1,0,1,0,0,0,0,0,0,0,1,0,0,0,0,0,0,0,0,0,0,0,1,0,0,3,0,40.0335,-75.0906, , 
35101,400147,2014046692,6,67,67301,2014,4,4,1950,19,3,2,1,1,1, , ,N,0,0,0,3,0,0,2,2,N,N,39 58:36.169,75 06:49.323,2000, ,1950,2,1,1,N, ,0,N, , , , , , , , ,2,2,0,0,0,0,0,0,0,0,0,0,0,0,0,0,0,0,0,0,0,1,0,0,0,0,0,0,0,0,0,0,0,0,0,0,0,39.9767,-75.1137, , 
35102,400169,2014025508,6,67,67301,2014,1,4,1357,13,1,1,0,1,1, , ,N,0,0,0,3,0,1,3,2,N, ,40 01:28.391,75 10:49.495,1403, ,1357, ,0, , , ,0, , , , , , , , , ,2,1,0,0,0,0,1,0,0,0,0,1,1,0,0,0,0,0,0,0,2,0,0,0,0,0,0,0,0,0,0,0,0,0,0,4,0,40.0246,-75.1804, , 
35103,400195,2014049775,6,67,67301,2014,4,5,320,3,3,1,0,1,1, , ,N,0,0,0,3,0,0,1,2,N,N,39 57:59.684,75 12:02.556,334, ,328, ,0, ,N, ,0, , , , , , , , , ,2,2,0,0,0,0,0,0,0,0,0,0,0,0,1,0,0,0,0,0,0,0,0,0,0,0,0,0,0,0,0,0,0,0,0,9,0,39.9666,-75.2007, , 
35104,400237,2014049861,6,67,67301,2014,4,1,1738,17,1,1,0,5,1, , ,N,0,0,0,3,0,0,2,3,N,N,40 01:52.236,75 05:09.934,1746, ,1743,2,1,2,N, ,0,N, , , , , , , , ,2,1,0,0,1,0,0,0,0,0,0,0,0,0,0,0,0,0,0,0,0,0,0,2,0,0,0,0,0,0,0,0,0,0,0,0,0,40.0312,-75.0861, , 
35105,400243,2014059035,6,67,67301,2014,5,5,1430,14,1,1,0,1,1, , ,N,1,2,0,3,0,2,5,2,N, ,40 02:04.567,75 04:16.161,9999, ,9999, ,0, , , ,3, , , , , , , , , ,2,2,0,0,0,0,0,0,0,0,0,1,2,1,1,0,0,0,0,0,0,0,0,0,0,0,0,0,0,0,0,0,0,0,0,4,0,40.0348,-75.0711, , 
35106,400289,2014044572,6,67,67301,2014,3,1,1250,12,1,1,0,4,1, , ,N,1,3,0,3,0,1,3,2,N, ,39 56:08.815,75 10:13.936,1302, ,1300, ,0, ,N, ,3, , , , , , , , , ,2,2,0,0,0,0,0,0,0,0,0,0,1,1,0,0,0,0,0,0,0,0,0,1,0,0,0,0,0,0,0,0,0,0,0,8,0,39.9358,-75.1705, , 
35107,400292,2014049661,6,67,67301,2014,4,7,1538,15,1,1,0,4,1, , ,N,2,2,0,3,0,1,2,2,N,N,40 04:21.894,75 11:18.513,1605, ,1555, ,0, ,N, ,3, , , , , , , , , ,1,1,0,0,0,0,0,0,1,0,1,0,1,0,0,0,0,0,0,0,0,0,0,0,0,0,0,0,0,0,0,0,0,0,0,3,0,40.0727,-75.1885, , 
35108,400316,2014034158,6,67,67301,2014,2,6,1000,10,1,1,0,4,1, , ,N,1,2,0,3,0,0,2,2,N,N,40 00:00.102,75 09:11.758,1011, ,1009, ,0, ,N, ,3, , , , , , , , , ,2,1,0,0,0,0,1,0,0,0,0,0,0,0,0,0,0,0,0,0,1,0,0,0,0,0,0,0,0,0,0,0,0,0,0,0,0,40,-75.1531, , 
35109,400321,2014038879,6,67,67301,2014,3,5,9999,99,3,1,0,8,1, , ,N,1,2,0,3,0,1,2,2,N,N,40 03:42.905,75 09:47.363,630, ,623, ,0, ,N, ,3, , , , , , , , , ,1,0,0,0,0,0,1,0,0,0,0,0,1,1,1,0,0,0,0,0,0,0,0,0,0,0,0,0,0,0,0,0,1,0,0,8,0,40.0619,-75.1632, , 
35110,404552,2014016146,6,67,67301,2014,1,7,2230,22,3,2,1,5,1, , ,N,1,2,0,3,0,1,2,2,N,N,40 01:39.188,75 08:49.702,2233, ,2233, ,0, ,N, ,3, , , , , , , , , ,2,2,0,0,0,0,0,0,0,1,0,0,1,0,0,0,0,0,0,0,0,0,0,0,0,0,0,0,0,0,0,0,0,0,0,2,0,40.0276,-75.1471, , 
35111,404567,2014032411,6,67,67301,2014,2,1,1110,11,1,4,5,5,1, , ,N,0,0,0,3,0,2,6,2,N,N,40 02:35.536,75 04:14.570,1120, ,1114, ,0, ,N, ,0, , , , , , , , , ,2,2,0,0,0,0,0,0,0,0,0,2,2,0,0,0,0,0,0,0,0,0,0,0,0,0,0,0,0,0,0,0,0,0,0,4,0,40.0432,-75.0707, , 
35112,404573,2014038943,6,67,67301,2014,3,3,2005,20,3,1,0,8,1, , ,N,1,2,0,3,0,1,2,2,N,N,39 59:11.022,75 14:15.223,2050, ,2044, ,0, ,N, ,3, , , , , , , , , ,1,1,0,0,0,0,0,0,0,0,0,1,1,0,1,0,0,0,0,0,0,0,0,0,0,0,0,0,0,0,0,0,1,0,0,4,0,39.9864,-75.2376, , 
35113,404623,2014040427,6,67,67301,2014,3,7,9999,99,3,1,0,4,1, , ,N,2,3,0,3,0,0,3,2,N,N,39 55:04.342,75 13:27.274,1924, ,9999, ,0, , , ,3, , , , , , , , , ,2,0,0,0,1,0,1,0,0,0,0,0,0,0,0,0,0,0,0,0,0,1,0,0,0,0,0,0,0,0,0,0,0,0,0,0,0,39.9179,-75.2242, , 
35114,404631,2014050256,6,67,67301,2014,3,3,745,7,1,1,0,4,1, , ,N,2,2,0,3,0,1,2,2,N,N,40 04:12.678,75 01:52.619,809, ,801, ,0, ,N, ,3, , , , , , , , , ,2,1,0,0,1,0,0,0,0,0,0,1,1,0,0,0,0,0,0,0,0,0,0,0,0,0,0,0,0,0,0,0,0,0,0,4,0,40.0702,-75.0313, , 
35115,404668,2014030268,6,67,67301,2014,2,5,1407,14,1,2,4,7,4, , ,N,0,0,0,3,0,0,1,2,N, ,40 01:39.110,75 05:30.543,1450, ,1439,3,1,1, , ,0,N, , , , , , , , ,1,1,0,0,0,0,0,0,0,0,0,0,0,0,0,0,0,0,0,0,0,0,0,0,0,0,0,0,0,0,0,0,0,0,0,0,0,40.0275,-75.0918, , 
35116,404671,2014032426,6,67,67301,2014,2,1,145,1,3,1,0,5,5, , ,N,0,0,0,3,0,0,1,3,N, ,40 07:51.238,75 00:50.687,151, ,150, ,0, , , ,0, , , , , , , , , ,3,2,0,0,0,0,0,0,0,0,0,0,0,0,0,0,0,0,0,0,0,0,0,0,0,0,0,0,0,0,0,0,0,0,0,0,0,40.1309,-75.0141, , 
35117,404685,2014049781,6,67,67301,2014,4,1,2035,20,2,1,0,6,6, , ,N,0,0,0,3,0,1,1,4,N,N,40 01:37.203,75 08:19.190,2042, ,2039, ,0, ,N, ,0, , , , , , , , , ,4,1,0,0,0,0,1,1,0,0,1,0,1,0,0,0,0,0,0,0,0,0,0,1,0,0,0,0,0,0,0,0,0,0,0,3,0,40.027,-75.1387, , 
35118,404705,2014025297,6,67,67301,2014,1,3,1025,10,1,4,3,6,6, , ,N,0,0,0,3,0,0,1,2,N,N,40 02:53.761,75 13:16.410,1035, ,1028,2,1,3,Y, ,0,Y, , , , , , , , ,2,1,0,0,1,0,0,0,0,0,0,0,0,0,0,0,0,0,0,0,0,0,0,0,0,0,0,0,0,0,0,0,0,0,0,0,0,40.0483,-75.2212, , 
35119,404706,2014025877,6,67,67301,2014,1,3,1215,12,1,1,0,1,1, , ,N,0,0,0,3,0,2,4,2,N,N,40 00:27.895,75 09:05.656,1237, ,1236,1,1,2,N, ,0,N, , , , , , , , ,2,1,0,1,0,0,0,0,0,0,0,2,2,0,0,0,0,0,0,0,0,0,0,0,0,0,0,0,0,0,0,0,0,0,0,4,1,40.0077,-75.1516, , 
35120,404711,2014032417,6,67,67301,2014,2,5,729,7,1,1,5,7,4, , ,N,0,0,0,3,0,1,1,1,N,N,39 57:53.210,75 11:04.950,744, ,731,3,2,5,N, ,0,Y, , , , , , , , ,1,0,0,0,0,0,1,0,0,0,0,1,1,0,0,0,0,0,0,0,0,0,0,0,0,0,0,0,0,0,0,0,0,0,0,4,0,39.9648,-75.1847, , 
35121,404715,2014035710,6,67,67301,2014,2,4,1409,14,1,2,1,4,1, , ,N,2,3,0,3,0,0,5,2,N,N,39 55:27.717,75 14:20.223,1427, ,1425,1,1,4,N, ,3,N, , , , , , , , ,2,1,0,0,1,0,0,0,0,0,0,0,0,0,0,0,0,0,0,0,0,0,0,0,0,0,0,0,0,0,0,0,0,0,0,0,0,39.9244,-75.239, , 
35122,404769,2014035821,6,67,67301,2014,3,6,808,8,1,1,0,1,1, , ,N,0,0,0,3,0,1,3,3,N,N,40 00:29.299,75 12:10.467,813, ,809, ,0, ,N, ,0, , , , , , , , , ,3,2,0,0,0,0,1,0,0,0,0,1,1,0,0,0,0,1,0,0,0,0,0,0,0,0,0,0,0,0,0,0,0,0,0,4,0,40.0081,-75.2029, , 
35123,404801,2014021569,6,67,67301,2014,1,1,2325,23,3,1,0,4,1, , ,N,3,2,0,3,0,1,2,2,N, ,40 04:57.151,75 02:15.941,2326, ,2326, ,0, , , ,3, , , , , , , , , ,2,1,0,0,1,0,0,0,0,0,0,1,1,0,0,0,0,0,0,0,0,0,0,1,0,0,0,0,0,0,0,0,0,0,0,4,0,40.0825,-75.0378, , 
35124,404822,2014038901,6,67,67301,2014,3,2,816,8,1,4,3,4,1, , ,N,1,2,0,3,0,0,3,3,N,N,39 57:40.697,75 10:30.951,830, ,824, ,0, ,N, ,3, , , , , , , , , ,3,1,0,0,1,0,1,0,0,0,0,0,0,0,0,0,0,0,0,0,1,0,0,0,0,0,0,0,0,0,0,0,0,0,0,0,0,39.9613,-75.175, , 
35125,404845,2014016927,6,67,67301,2014,1,1,218,2,3,1,0,7,4,2,2,Y,0,0,0,3,0,0,1,1,N,N,40 02:06.937,75 08:43.626,245,99,243,3,1,1,N, ,0,N,N,U,U,Y,U,U,U,Y,1,1,0,0,0,0,0,0,0,0,0,0,0,0,0,0,0,0,0,0,0,0,0,0,0,0,0,0,0,0,0,0,0,0,0,0,0,40.0353,-75.1455, , 
35126,404857,2014025891,6,67,67301,2014,2,2,1130,11,1,4,3,4,1, , ,N,1,3,0,3,0,4,4,2,N,N,40 01:40.501,75 10:45.508,1210, ,1156, ,0, ,N, ,3, , , , , , , , , ,2,0,0,0,1,0,0,1,0,0,0,0,4,4,0,0,0,0,0,0,1,0,0,0,0,0,0,0,0,0,0,0,0,0,0,8,0,40.0279,-75.1793, , 
35127,404862,2014030278,6,67,67301,2014,2,1,9999,99,3,4,3,5,6, , ,N,0,0,0,3,0,2,3,2,N, ,40 00:01.232,75 08:35.141,9999, ,9999, ,0, , , ,0, , , , , , , , , ,2,0,0,0,0,0,0,2,0,0,0,2,2,0,0,0,0,0,0,0,0,0,0,0,0,0,0,0,0,0,0,0,0,0,0,4,0,40.0003,-75.1431, , 
35128,413111,2014039345,6,67,67301,2014,3,5,1331,13,1,1,0,7,4, , ,N,2,2,0,3,0,1,1,1,N, ,40 01:44.574,75 06:01.934,1337, ,1334,2,1,2,N, ,3,N, , , , , , , , ,1,0,0,0,0,0,0,1,0,0,0,0,1,1,0,0,0,0,0,0,1,0,0,0,0,0,0,0,0,0,0,0,0,0,0,8,0,40.029,-75.1005, , 
35129,413114,2014042652,6,67,67301,2014,3,2,2003,20,3,1,0,8,1, , ,N,1,2,2,3,0,1,2,2,N, ,40 05:15.133,74 58:16.083,2013, ,2012, ,0, , , ,3, , , , , , , , , ,1,0,0,0,1,0,0,0,0,0,0,0,1,1,0,0,0,0,0,0,0,0,0,0,0,0,0,0,0,0,0,0,1,0,0,8,0,40.0875,-74.9711, , 
35130,413118,2014044616,6,67,67301,2014,3,1,1413,14,1,2,1,4,1, , ,N,1,3,0,3,0,0,2,3,N, ,39 58:08.407,75 08:29.983,1623, ,1620, ,0, , , ,3, , , , , , , , , ,3,3,0,0,0,0,0,0,0,0,0,0,0,0,0,0,0,0,0,0,0,0,0,0,0,0,0,0,0,0,0,0,0,0,0,0,0,39.969,-75.1417, , 
35131,413145,2014019105,6,67,67301,2014,1,2,1450,14,1,1,0,4,1, , ,N,1,2,0,3,0,0,2,2,N,N,39 56:02.828,75 08:57.152,1515, ,1510, ,0, ,N, ,3, , , , , , , , , ,2,1,0,0,0,0,1,0,0,0,0,0,0,0,0,0,0,0,0,0,1,0,0,0,0,0,0,0,0,0,0,0,0,0,0,0,0,39.9341,-75.1492, , 
35132,413156,2014038944,6,67,67301,2014,2,6,2230,22,3,1,1,4,1, , ,N,1,0,0,3,0,1,2,3,N, ,39 58:33.045,75 14:27.779,2235, ,2230, ,0, ,N, ,0, , , , , , , , , ,3,3,0,0,0,0,0,0,0,0,0,0,1,1,0,0,0,0,0,0,0,0,0,0,0,0,0,0,0,0,0,0,0,0,0,8,0,39.9758,-75.241, , 