objectid_1,objectid,crn,district,county,municipality,crash_year,crash_month,day_of_week,time_of_day,hour_of_day,illumination,weather,road_condition,collision_type,relation_to_road,work_zone_type,work_zone_loc,work_zone_ind,intersect_type,tcd_type,location_type,urban_rural,fatal_count,injury_count,person_count,total_units,sch_bus_ind,sch_zone_ind,latitude,longitude,arrival_tm,cons_zone_spd_lim,dispatch_tm,est_hrs_closed,lane_closed,ln_close_dir,ntfy_hiwy_maint,spec_juris_cd,tcd_func_cd,tfc_detour_ind,workers_pres,wz_close_detour,wz_flagger,wz_law_offcr_ind,wz_ln_closure,wz_moving,wz_other,wz_shlder_mdn,vehicle_count,automobile_count,motorcycle_count,bus_count,small_truck_count,heavy_truck_count,suv_count,van_count,bicycle_count,maj_inj_count,mod_inj_count,min_inj_count,tot_inj_count,unk_inj_deg_count,unk_inj_per_count,driver_count_16yr,driver_count_17yr,driver_count_18yr,driver_count_19yr,driver_count_20yr,driver_count_50_64yr,driver_count_65_74yr,driver_count_75plus,unbelted_occ_count,unb_death_count,unb_maj_inj_count,belted_death_count,belted_maj_inj_count,mcycle_death_count,mcycle_maj_inj_count,bicycle_death_count,bicycle_maj_inj_count,ped_count,ped_death_count,ped_maj_inj_count,max_severity_level,comm_veh_count,dec_lat,dec_long,rdwy_surf_type_cd,county_name
35133,413158,2014040142,6,67,67301,2014,4,6,2119,21,3,1,0,7,2, , ,N,0,0,0,3,0,0,2,1,N,N,39 55:49.531,75 11:54.460,2132, ,2119,1,1,4,N, ,0,N, , , , , , , , ,1,1,0,0,0,0,0,0,0,0,0,0,0,0,0,0,0,0,0,0,0,0,0,0,0,0,0,0,0,0,0,0,0,0,0,0,0,39.9304,-75.1985, , 
35134,413161,2014043114,6,67,67301,2014,3,2,746,7,1,4,5,5,1, , ,N,0,0,0,3,0,1,2,2,N, ,39 57:07.824,75 14:56.211,835, ,825, ,0, , , ,0, , , , , , , , , ,2,1,0,0,0,0,1,0,0,0,0,1,1,0,1,0,0,0,0,0,0,0,0,0,0,0,0,0,0,0,0,0,0,0,0,4,0,39.9522,-75.2489, , 
35135,413165,2014049572,6,67,67301,2014,4,1,2210,22,3,1,0,1,1, , ,N,1,2,0,3,0,1,2,2,N,N,40 02:49.639,75 05:52.794,2215, ,2210, ,0, ,N, ,3, , , , , , , , , ,2,2,0,0,0,0,0,0,0,0,0,0,1,1,0,0,0,0,0,0,0,0,0,0,0,0,0,0,0,0,0,0,0,0,0,8,0,40.0471,-75.098, , 
35136,413166,2014050301,6,67,67301,2014,4,2,102,1,3,1,0,5,6, , ,N,0,0,0,3,0,0,1,2,N,N,39 57:44.833,75 10:16.422,108, ,102, ,0, ,N, ,0, , , , , , , , , ,2,0,0,0,1,0,1,0,0,0,0,0,0,0,0,0,0,0,0,0,1,0,0,0,0,0,0,0,0,0,0,0,0,0,0,0,0,39.9625,-75.1712, , 
35137,413171,2014054620,6,67,67301,2014,4,5,1530,15,1,1,0,4,1, , ,N,0,0,7,3,0,3,3,2,N,N,40 00:22.636,75 07:25.084,1540, ,1540, ,0, ,N, ,0, , , , , , , , , ,2,2,0,0,0,0,0,0,0,0,0,2,3,1,0,0,0,0,0,0,0,0,0,0,0,0,0,0,0,0,0,0,0,0,0,4,0,40.0063,-75.1236, , 
35138,413185,2014025391,6,67,67301,2014,1,6,1245,12,1,1,1,1,1, , ,N,0,0,0,3,0,0,2,2,N,N,39 57:09.760,75 10:43.417,1449, ,1445, ,0, ,N, ,0, , , , , , , , , ,2,1,0,0,0,0,1,0,0,0,0,0,0,0,0,0,0,0,0,0,1,0,0,0,0,0,0,0,0,0,0,0,0,0,0,0,0,39.9527,-75.1787, , 
35139,413199,2014044552,6,67,67301,2014,3,4,1517,15,1,1,0,4,1, , ,N,3,0,7,3,0,3,6,3,N,N,39 58:17.810,75 12:57.922,1526, ,1526, ,0, ,N, ,0, , , , , , , , , ,2,1,0,0,0,0,0,1,0,0,0,0,3,3,0,0,0,0,0,1,0,1,0,0,0,0,0,0,0,0,0,0,1,0,0,8,0,39.9716,-75.2161, , 
35140,413202,2014047612,6,67,67301,2014,4,6,222,2,3,1,0,5,1, , ,N,0,0,0,3,0,2,3,2,N,N,39 58:52.378,75 12:24.623,227, ,223, ,0, ,N, ,0, , , , , , , , , ,2,1,0,0,0,1,0,0,0,1,0,1,2,0,0,0,0,0,0,0,0,0,0,1,0,1,0,0,0,0,0,0,0,0,0,2,1,39.9812,-75.2068, , 
35141,413203,2014049812,6,67,67301,2014,4,4,1330,13,1,1,0,5,1, , ,N,1,3,0,3,0,1,1,2,N,N,39 59:27.967,75 10:30.446,1340, ,1330, ,0, , , ,3, , , , , , , , , ,2,2,0,0,0,0,0,0,0,0,1,0,1,0,0,0,0,0,0,0,1,0,0,0,0,0,0,0,0,0,0,0,0,0,0,3,0,39.9911,-75.1751, , 
35142,413220,2014068051,6,67,67301,2014,5,3,140,1,3,1,0,5,6, , ,N,0,0,0,3,0,1,1,2,N, ,40 00:13.197,75 08:57.076,144, ,144, ,0, , , ,0, , , , , , , , , ,2,1,1,0,0,0,0,0,0,0,0,0,1,1,0,0,0,0,0,0,0,0,0,0,0,0,0,0,0,0,0,0,0,0,0,8,0,40.0037,-75.1492, , 
35143,413245,2014029817,6,67,67301,2014,2,6,1752,17,3,1,4,4,1, , ,N,1,2,2,3,0,0,3,2,N,N,39 53:56.856,75 10:29.425,1800, ,1754, ,0, , , ,3, , , , , , , , , ,2,2,0,0,0,0,0,0,0,0,0,0,0,0,0,0,0,0,0,0,1,0,0,0,0,0,0,0,0,0,0,0,0,0,0,0,0,39.8991,-75.1748, , 
35144,413246,2014030260,6,67,67301,2014,1,4,2148,21,3,1,0,7,3, , ,N,0,0,0,3,0,1,1,1,N,N,39 56:12.589,75 08:32.230,2154, ,2148,1,2,2,N, ,0,Y, , , , , , , , ,1,0,0,0,1,0,0,0,0,0,0,0,1,1,0,0,0,0,0,0,0,0,0,0,0,0,0,0,0,0,0,0,0,0,0,8,0,39.9368,-75.1423, , 
35145,413260,2014043076,6,67,67301,2014,3,4,2216,22,3,1,0,7,4, , ,N,0,0,0,3,0,0,1,1,N,N,40 02:01.104,75 13:48.615,2220, ,2216, ,0, ,N, ,0, , , , , , , , , ,1,0,0,0,1,0,0,0,0,0,0,0,0,0,0,0,0,0,0,0,0,0,0,0,0,0,0,0,0,0,0,0,0,0,0,0,0,40.0336,-75.2302, , 
35146,409623,2014025368,6,67,67301,2014,1,2,1300,13,1,1,0,4,1, , ,N,1,3,0,3,0,1,2,2,N,N,40 01:47.099,75 02:24.977,1326, ,1321, ,0, ,N, ,3, , , , , , , , , ,2,2,0,0,0,0,0,0,0,0,0,0,1,1,0,0,0,0,0,0,2,0,0,0,0,0,0,0,0,0,0,0,0,0,0,8,0,40.0297,-75.0403, , 
35147,409626,2014029858,6,67,67301,2014,2,2,2330,23,3,1,0,8,1, , ,N,0,0,0,3,0,1,2,2,N,N,39 56:09.255,75 09:24.215,2345, ,2340, ,0, , , ,0, , , , , , , , , ,1,0,0,0,0,0,0,1,0,0,0,1,1,0,0,0,0,0,0,0,0,0,0,0,0,0,0,0,0,0,0,0,1,0,0,4,0,39.9359,-75.1567, , 
35148,409634,2014032475,6,67,67301,2014,2,5,1633,16,4,1,0,4,1, , ,N,6,0,2,3,0,1,3,2,N, ,39 58:27.931,75 11:41.434,1835, ,1831, ,0, , , ,0, , , , , , , , , ,2,0,0,0,0,1,1,0,0,0,0,1,1,0,0,0,0,0,0,0,1,1,0,0,0,0,0,0,0,0,0,0,0,0,0,4,1,39.9744,-75.1949, , 
35149,409636,2014034218,6,67,67301,2014,3,1,1748,17,3,2,1,6,1, , ,N,0,0,0,3,0,1,3,2,N,N,40 00:33.709,75 05:22.917,1758, ,1748, ,0, ,N, ,0, , , , , , , , , ,2,0,0,0,0,0,0,1,0,0,0,0,1,1,0,0,0,0,0,0,0,0,0,0,0,0,0,0,0,0,0,0,0,0,0,8,0,40.0094,-75.0897, , 
35150,409654,2014016120,6,67,67301,2014,1,2,1733,17,3,1,0,8,1, , ,N,10,0,0,3,0,1,2,2,N,N,40 06:16.927,75 00:56.656,1740, ,1735, ,0, ,N, ,0, , , , , , , , , ,1,0,0,0,0,0,0,1,0,0,0,1,1,0,0,0,0,0,0,0,0,0,0,0,0,0,0,0,0,0,0,0,1,0,0,4,0,40.1047,-75.0157, , 
35151,409662,2014024752,6,67,67301,2014,2,4,405,4,3,1,0,7,2, , ,N,0,0,0,3,0,1,1,1,N,N,39 55:22.552,75 08:51.726,421, ,408,1,1,2,N, ,0,N, , , , , , , , ,1,1,0,0,0,0,0,0,0,0,0,0,1,1,0,0,0,0,0,0,0,0,0,0,0,0,0,0,0,0,0,0,0,0,0,8,0,39.9229,-75.1477, , 
35152,409673,2014032493,6,67,67301,2014,2,6,1830,18,3,2,1,4,1, , ,N,1,2,0,3,0,2,4,2,N, ,39 56:52.476,75 09:09.601,1850, ,1845, ,0, , , ,3, , , , , , , , , ,2,2,0,0,0,0,0,0,0,0,0,1,2,1,0,0,0,0,0,0,0,0,0,4,0,0,0,0,0,0,0,0,0,0,0,4,0,39.9479,-75.1526, , 
35153,409677,2014034167,6,67,67301,2014,3,5,1300,13,1,1,0,5,6, , ,N,0,0,0,3,0,0,1,2,N,N,39 54:45.446,75 10:41.239,1305, ,1301, ,0, ,N, ,0, , , , , , , , , ,2,1,0,0,0,0,1,0,0,0,0,0,0,0,0,0,0,0,0,0,0,0,0,0,0,0,0,0,0,0,0,0,0,0,0,0,0,39.9126,-75.1781, , 
35154,409688,2014048791,6,67,67301,2014,5,5,1848,18,1,1,0,1,1, , ,N,0,0,0,3,0,2,4,4,N,N,39 57:32.980,75 10:19.549,1859, ,1849,1,2,4,N, ,0,N, , , , , , , , ,4,2,0,0,0,0,1,0,0,0,0,0,2,2,0,0,0,0,0,0,1,1,0,0,0,0,0,0,0,0,0,0,0,0,0,8,0,39.9592,-75.1721, , 
35155,409691,2014049754,6,67,67301,2014,4,1,1353,13,1,1,0,4,1, , ,N,1,2,0,3,0,1,2,2,N, ,40 03:37.862,75 03:26.035,1633, ,1633, ,0, , , ,3, , , , , , , , , ,2,1,0,0,0,0,1,0,0,0,0,1,1,0,1,0,0,0,0,0,0,1,0,0,0,0,0,0,0,0,0,0,0,0,0,4,0,40.0605,-75.0572, , 
35156,409696,2014054595,6,67,67301,2014,4,4,730,7,1,1,0,4,1, , ,N,1,0,0,3,0,0,3,2,N,N,39 58:43.420,75 08:02.612,828, ,825, ,0, , , ,0, , , , , , , , , ,2,2,0,0,0,0,0,0,0,0,0,0,0,0,0,0,0,0,0,0,1,0,0,0,0,0,0,0,0,0,0,0,0,0,0,0,0,39.9787,-75.1341, , 
35157,409713,2014025327,6,67,67301,2014,1,5,1745,17,4,1,0,1,1, , ,N,0,2,0,3,0,0,4,4,N,N,39 59:57.450,75 11:25.970,1750, ,1746,2,1,1,N, ,3,N, , , , , , , , ,4,2,0,0,1,0,1,0,0,0,0,0,0,0,0,0,0,0,0,0,0,0,1,0,0,0,0,0,0,0,0,0,0,0,0,0,0,39.9993,-75.1905, , 
35158,409734,2014044575,6,67,67301,2014,3,4,645,6,1,1,0,1,1, , ,N,0,2,0,3,0,1,2,2,N,N,40 04:08.972,75 09:25.192,657, ,652, ,0, ,N, ,3, , , , , , , , , ,2,1,0,0,0,0,1,0,0,0,0,0,1,1,0,0,0,0,0,0,1,0,0,0,0,0,0,0,0,0,0,0,0,0,0,8,0,40.0692,-75.157, , 
35159,409742,2014054565,6,67,67301,2014,4,3,1030,10,8,1,0,5,1, , ,N,0,0,0,3,0,1,2,2,N, ,40 04:38.471,75 10:32.249,1036, ,1036, ,0, , , ,0, , , , , , , , , ,2,1,0,0,1,0,0,0,0,0,0,0,1,1,1,0,0,0,1,0,0,1,0,0,0,0,0,0,0,0,0,0,0,0,0,8,0,40.0774,-75.1756, , 
35160,409745,2014059279,6,67,67301,2014,5,3,1320,13,1,1,0,4,1, , ,N,3,2,0,3,0,0,2,2,N,N,40 04:29.892,75 02:45.874,1325, ,1320, ,0, , , ,3, , , , , , , , , ,2,2,0,0,0,0,0,0,0,0,0,0,0,0,0,0,0,0,0,0,0,0,0,0,0,0,0,0,0,0,0,0,0,0,0,0,0,40.0749,-75.0459, , 
35161,409834,2014042719,6,67,67301,2014,3,2,2300,23,3,1,0,7,3, , ,N,0,0,0,3,1,0,1,1,N,N,40 01:42.225,75 06:01.516,2308, ,2300,3,2,1, ,0,0,N, , , , , , , , ,1,1,0,0,0,0,0,0,0,0,0,0,0,0,0,0,0,0,0,0,0,0,0,0,0,0,0,0,0,0,0,0,0,0,0,1,0,40.0284,-75.1004,2, 
35162,409836,2014044620,6,67,67301,2014,3,7,41,0,3,1,0,1,6, , ,N,0,0,0,3,0,1,2,6,N, ,39 59:58.696,75 07:11.474,2250, ,2250, ,0, , , ,0, , , , , , , , , ,6,2,0,0,2,0,1,1,0,0,1,0,1,0,0,0,0,0,0,1,0,0,0,2,0,0,0,0,0,0,0,0,0,0,0,3,0,39.9996,-75.1199, , 
35163,409845,2014005512,6,67,67301,2014,1,7,1015,10,1,6,1,9,1, , ,N,0,0,0,3,0,1,5,1,N,N,39 59:09.440,75 12:53.910,1016, ,1016, ,0, ,N, ,0, , , , , , , , , ,1,1,0,0,0,0,0,0,0,0,0,1,1,0,0,0,0,0,0,0,0,0,0,0,0,0,0,0,0,0,0,0,0,0,0,4,0,39.986,-75.215, , 
35164,400388,2014044599,6,67,67301,2014,3,2,1840,18,4,1,0,1,1, , ,N,0,0,0,3,0,6,8,2,N,N,40 00:19.584,75 06:26.649,1935, ,1927,9,1,3,N, ,0,N, , , , , , , , ,2,0,0,1,0,0,0,1,0,0,0,0,6,6,0,0,0,0,0,0,1,0,0,0,0,0,0,0,0,0,0,0,0,0,0,8,1,40.0054,-75.1074, , 
35165,400434,2014049559,6,67,67301,2014,4,4,800,8,1,2,1,1,1, , ,N,0,0,0,3,0,1,2,2,N,N,39 57:30.493,75 09:01.491,805, ,801, ,0, ,N, ,0, , , , , , , , , ,2,1,0,0,0,0,0,0,0,0,0,1,1,0,0,0,0,0,0,0,0,0,0,0,0,0,0,0,0,0,0,0,0,0,0,4,0,39.9585,-75.1504, , 
35166,400474,2014042729,6,67,67301,2014,3,7,1340,13,1,2,1,4,1, , ,N,1,3,0,3,0,1,2,2,N, ,39 58:51.430,75 09:47.354,1344, ,1344, ,0, , , ,3, , , , , , , , , ,2,2,0,0,0,0,0,0,0,0,0,1,1,0,0,0,0,0,0,0,0,0,0,0,0,0,0,0,0,0,0,0,0,0,0,4,0,39.981,-75.1632, , 
35167,400516,2014032363,6,67,67301,2014,2,1,1310,13,1,8,1,4,1, , ,N,1,2,0,3,0,3,4,2,N,N,40 02:33.169,75 07:44.993,1315, ,1310, ,0, ,N, ,3, , , , , , , , , ,2,2,0,0,0,0,0,0,0,0,2,1,3,0,0,0,0,0,0,0,0,1,0,1,0,0,0,0,0,0,0,0,0,0,0,3,0,40.0425,-75.1292, , 
35168,400522,2014035696,6,67,67301,2014,2,4,1821,18,3,1,0,8,1, , ,N,1,2,0,3,0,1,2,2,N,N,39 59:30.115,75 11:08.190,1834, ,1832,2,1,3,N, ,3,Y, , , , , , , , ,1,0,0,0,0,0,1,0,0,0,0,0,1,1,0,0,0,0,0,0,1,0,0,0,0,0,0,0,0,0,0,0,1,0,0,8,0,39.9917,-75.1856, , 
35169,400525,2014039018,6,67,67301,2014,3,5,830,8,1,1,0,5,1, , ,N,0,0,0,3,0,1,2,2,N, ,40 02:04.804,75 04:07.829,855, ,851, ,0, , , ,0, , , , , , , , , ,2,0,0,0,0,0,1,1,0,0,0,1,1,0,0,0,0,0,0,0,0,1,0,0,0,0,0,0,0,0,0,0,0,0,0,4,0,40.0347,-75.0688, , 
35170,400566,2014034231,6,67,67301,2014,3,5,741,7,1,1,0,8,1, , ,N,1,2,0,3,0,1,2,2,N, ,40 06:46.663,75 01:22.836,750, ,743, ,0, , , ,3, , , , , , , , , ,1,1,0,0,0,0,0,0,0,0,0,1,1,0,0,0,0,0,0,0,1,0,0,0,0,0,0,0,0,0,0,0,1,0,0,4,0,40.113,-75.023, , 
35171,400573,2014043104,6,67,67301,2014,3,1,1205,12,1,2,1,7,4, , ,N,1,0,0,3,0,1,1,1,N,N,40 01:16.570,75 09:36.831,1242, ,1205, ,0, ,N, ,0, , , , , , , , , ,1,0,0,0,1,0,0,0,0,0,0,1,1,0,0,0,0,0,1,0,0,0,0,0,0,0,0,0,0,0,0,0,0,0,0,4,0,40.0213,-75.1602, , 
35172,400578,2014049582,6,67,67301,2014,4,6,2300,23,3,2,1,8,1, , ,N,1,2,0,3,0,1,2,2,N, ,40 00:36.243,75 09:03.825,2315, ,2300, ,0, , , ,3, , , , , , , , , ,1,0,0,0,0,0,0,0,0,0,0,1,1,0,1,0,0,0,0,0,0,0,0,0,0,0,0,0,0,0,0,0,1,0,0,4,0,40.0098,-75.151, , 
35173,400611,2014040415,6,67,67301,2014,3,7,2200,22,3,1,0,0,1, , ,N,2,0,0,3,0,1,1,2,N, ,39 57:19.266,75 08:20.809,2207, ,2203, ,0, , , ,0, , , , , , , , , ,1,0,1,0,0,0,0,0,0,0,0,1,1,0,0,0,0,0,0,1,0,0,0,0,0,0,0,0,0,0,0,0,0,0,0,4,0,39.9554,-75.1391, , 
35174,400620,2014049481,6,67,67301,2014,4,2,1832,18,1,2,1,5,1, , ,N,0,0,0,3,0,1,3,2,N, ,39 57:26.910,75 12:06.813,1840, ,1834, ,0, ,N, ,0, , , , , , , , , ,2,1,0,0,0,0,1,0,0,0,1,0,1,0,0,0,0,0,0,0,0,0,0,0,0,0,0,0,0,0,0,0,0,0,0,3,0,39.9575,-75.2019, , 
35175,400621,2014049806,6,67,67301,2014,3,4,134,1,3,2,1,2,6, , ,N,0,0,0,3,0,1,1,3,N, ,40 03:27.556,75 00:29.128,142, ,135, ,0, , , ,0, , , , , , , , , ,3,0,0,0,0,0,1,1,0,0,1,0,1,0,0,0,0,0,0,0,0,0,0,0,0,0,0,0,0,0,0,0,0,0,0,3,0,40.0577,-75.0081, , 
35176,400627,2014055530,6,67,67301,2014,5,7,1842,18,1,1,0,1,1, , ,N,0,0,0,3,0,1,2,2,N,N,39 56:56.097,75 11:07.512,1847, ,1842,1,2,3,N, ,0,N, , , , , , , , ,2,0,1,0,0,0,1,0,0,1,0,0,1,0,0,0,0,0,0,0,0,0,0,0,0,0,0,0,0,1,0,0,0,0,0,2,0,39.9489,-75.1854, , 
35177,400643,2014010503,6,67,67301,2014,1,6,216,2,3,1,0,7,3, , ,N,0,0,0,3,0,1,1,1,N,N,39 58:29.003,75 07:03.153,222, ,219,1,1,1,N, ,0,N, , , , , , , , ,1,1,0,0,0,0,0,0,0,0,0,1,1,0,0,0,0,0,0,0,0,0,0,0,0,0,0,0,0,0,0,0,0,0,0,4,0,39.9747,-75.1175, , 
35178,400666,2014032344,6,67,67301,2014,2,1,5,0,3,7,5,1,1, , ,N,1,2,0,3,0,0,3,3,N,N,39 58:31.286,75 14:43.805,107, ,102,2,2,5,N, ,3,Y, , , , , , , , ,3,2,0,0,1,0,0,0,0,0,0,0,0,0,0,0,0,0,0,0,0,1,0,0,0,0,0,0,0,0,0,0,0,0,0,0,0,39.9753,-75.2455, , 
35179,400681,2014049790,6,67,67301,2014,4,2,9999,99,1,2,1,1,1, , ,N,1,3,0,3,0,1,2,2,N,N,39 59:26.764,75 08:33.007,1200, ,1154, ,0, ,N, ,3, , , , , , , , , ,2,1,0,0,0,0,0,0,0,0,0,0,1,1,1,0,0,0,0,0,1,0,0,0,0,0,0,0,0,0,0,0,0,0,0,8,0,39.9908,-75.1425, , 
35180,400704,2014025315,6,67,67301,2014,1,7,1500,15,1,4,5,1,1, , ,N,0,0,0,3,0,1,2,2,N,N,40 02:08.250,75 09:33.170,1526, ,1520, ,0, ,N, ,0, , , , , , , , , ,2,0,0,0,1,0,1,0,0,0,0,1,1,0,0,0,0,0,0,0,1,0,0,0,0,0,0,0,0,0,0,0,0,0,0,4,0,40.0356,-75.1592, , 
35181,400705,2014025429,6,67,67301,2014,1,1,2204,22,3,1,0,8,1, , ,N,0,2,0,3,0,1,2,2,N,N,39 58:43.433,75 09:28.500,9999, ,2224, ,0, , , ,3, , , , , , , , , ,1,1,0,0,0,0,0,0,0,0,0,0,1,1,0,0,0,0,0,0,0,0,0,0,0,0,0,0,0,0,0,0,1,0,0,8,0,39.9787,-75.1579, , 
35182,404872,2014043035,6,67,67301,2014,3,1,1955,19,3,2,1,8,1, , ,N,1,3,0,3,0,1,2,2,N,N,40 02:55.752,75 09:11.847,2205, ,2200,1,1,5,N, ,3,N, , , , , , , , ,1,0,0,0,0,0,0,0,0,0,1,0,1,0,0,0,0,0,0,0,0,0,0,0,0,0,0,0,0,0,0,0,1,0,0,3,0,40.0488,-75.1533, , 
35183,404884,2014007000,6,67,67301,2014,1,5,310,3,3,1,0,7,3, , ,N,0,2,0,3,0,1,2,1,N,N,40 04:58.293,74 57:57.702,310, ,310,2,2,2,N, ,3,N, , , , , , , , ,1,1,0,0,0,0,0,0,0,0,0,0,1,1,0,0,0,0,0,1,0,0,0,2,0,0,0,0,0,0,0,0,0,0,0,8,0,40.0829,-74.966, , 
35184,404939,2014016159,6,67,67301,2014,1,3,1500,15,1,1,0,4,1, , ,N,1,3,0,3,0,3,4,2,N,N,40 04:02.474,75 09:01.821,1605, ,1558, ,0, ,N, ,3, , , , , , , , , ,2,2,0,0,0,0,0,0,0,0,0,0,3,3,0,0,0,0,0,0,1,0,0,0,0,0,0,0,0,0,0,0,0,0,0,8,0,40.0674,-75.1505, , 
35185,404957,2014034272,6,67,67301,2014,2,3,9999,99,1,4,1,4,1, , ,N,1,3,0,3,0,1,3,2,N,N,40 04:11.348,75 10:14.411,9999, ,1054, ,0, , , ,3, , , , , , , , , ,2,1,0,0,0,0,1,0,0,0,0,1,1,0,0,0,0,0,0,0,0,1,0,0,0,0,0,0,0,0,0,0,0,0,0,4,0,40.0698,-75.1707, , 
35186,404958,2014034842,6,67,67301,2014,2,4,657,6,1,1,0,4,1, , ,N,1,2,0,3,0,2,2,2,N,N,40 01:12.877,75 06:50.707,724, ,717, ,0, ,N, ,3, , , , , , , , , ,2,0,0,0,0,0,2,0,0,0,0,0,2,2,0,0,0,0,0,0,1,0,0,0,0,0,0,0,0,0,0,0,0,0,0,8,0,40.0202,-75.1141, , 
35187,404970,2014051769,6,67,67301,2014,4,7,720,7,1,1,0,4,1, , ,N,2,2,7,3,0,1,2,2,N,N,39 54:51.954,75 09:11.336,728, ,721, ,0, ,N, ,3, , , , , , , , , ,1,0,0,0,0,0,1,0,1,0,0,0,1,1,0,0,0,0,0,0,0,1,0,0,0,0,0,0,0,0,0,0,0,0,0,8,0,39.9144,-75.1531, , 
35188,404973,2014059130,6,67,67301,2014,5,4,1922,19,4,9,0,8,1, , ,N,0,0,0,3,0,1,2,2,N,N,40 00:39.949,75 11:42.378,1942, ,1940, ,0, ,N, ,0, , , , , , , , , ,1,1,0,0,0,0,0,0,0,0,0,1,1,0,0,0,0,0,0,0,0,0,0,0,0,0,0,0,0,0,0,0,1,0,0,4,0,40.0111,-75.1951, , 
35189,404983,2014019142,6,67,67301,2014,1,5,2325,23,3,1,0,4,1, , ,N,1,2,0,3,0,1,2,2,N,N,40 01:08.572,75 05:02.835,2335, ,2333, ,0, ,N, ,3, , , , , , , , , ,2,2,0,0,0,0,0,0,0,0,0,1,1,0,0,0,0,0,0,0,0,0,0,0,0,0,0,0,0,0,0,0,0,0,0,4,0,40.019,-75.0841, , 
35190,405009,2014047623,6,67,67301,2014,5,3,1302,13,1,1,0,1,1, , ,N,0,0,0,3,0,3,4,2,N,N,39 56:25.291,75 11:44.664,1333, ,1304, ,0, ,N, ,0, , , , , , , , , ,2,2,0,0,0,0,0,0,0,0,0,0,3,3,0,0,0,0,0,0,0,0,0,0,0,0,0,0,0,0,0,0,0,0,0,8,0,39.9389,-75.1972, , 
35191,405062,2014042678,6,67,67301,2014,3,7,1947,19,3,2,1,4,1, , ,N,1,2,0,3,0,1,3,2,N, ,40 00:19.857,75 06:19.237,1949, ,1948, ,0, , , ,3, , , , , , , , , ,2,2,0,0,0,0,0,0,0,0,0,1,1,0,0,0,1,0,0,0,0,0,0,0,0,0,0,0,0,0,0,0,0,0,0,4,0,40.0055,-75.1053, , 
35192,405063,2014043179,6,67,67301,2014,4,7,1355,13,1,1,0,1,1, , ,N,0,0,0,3,0,0,8,2,N,N,39 59:38.159,75 11:57.539,1529, ,1524, ,0, ,N, ,0, , , , , , , , , ,2,0,0,0,0,0,0,2,0,0,0,0,0,0,0,0,0,0,0,0,1,0,0,0,0,0,0,0,0,0,0,0,0,0,0,0,0,39.9939,-75.1993, , 
35193,405099,2014038895,6,67,67301,2014,3,5,1009,10,1,1,0,5,1, , ,N,0,0,0,3,0,1,2,2,N, ,40 01:03.870,75 11:21.380,1028, ,1022,2,1,2, , ,0,N, , , , , , , , ,2,2,0,0,0,0,0,0,0,0,0,1,1,0,0,0,0,0,0,0,0,0,0,0,0,0,0,0,0,0,0,0,0,0,0,4,0,40.0177,-75.1893, , 
35194,405137,2014016102,6,67,67301,2014,1,5,1740,17,3,1,0,8,1, , ,N,1,3,0,3,0,1,2,2,N,N,39 58:56.593,75 06:26.852,1812, ,1809, ,0, ,N, ,3, , , , , , , , , ,1,0,0,0,0,0,1,0,0,0,0,1,1,0,0,0,0,0,0,0,0,0,1,0,0,0,0,0,0,0,0,0,1,0,0,4,0,39.9824,-75.1075, , 
35195,405141,2014016972,6,67,67301,2014,1,6,745,7,1,3,6,7,4, , ,N,0,0,0,3,0,0,1,1,N,N,39 54:37.306,75 11:09.222,806, ,758, ,0, ,N, ,0, , , , , , , , , ,1,0,0,0,0,0,0,1,0,0,0,0,0,0,1,0,0,0,0,0,1,0,0,0,0,0,0,0,0,0,0,0,0,0,0,9,0,39.9104,-75.1859, , 
35196,405189,2014025405,6,67,67301,2014,1,5,1300,13,1,1,1,8,1, , ,N,1,0,0,3,0,1,2,2,N,N,40 01:40.303,75 08:55.964,1640, ,1640, ,0, ,N, ,0, , , , , , , , , ,1,1,0,0,0,0,0,0,0,0,1,0,1,0,0,0,0,0,0,0,0,0,0,0,0,0,0,0,0,0,0,0,1,0,0,3,0,40.0279,-75.1489, , 
35197,405202,2014039051,6,67,67301,2014,3,5,254,2,3,8,0,7,4, , ,N,0,0,0,3,0,0,1,1,N, ,40 00:46.977,75 10:08.908,257, ,257, ,0, , , ,0, , , , , , , , , ,1,1,0,0,0,0,0,0,0,0,0,0,0,0,1,0,0,0,0,0,0,0,0,0,0,0,0,0,0,0,0,0,0,0,0,9,0,40.013,-75.1691, , 
35198,405239,2014031399,6,67,67301,2014,1,5,140,1,2,1,0,0,1, , ,N,0,0,0,3,0,0,1,1,N,N,39 55:50.383,75 11:55.270,1500, ,144,1,1,4,N, ,0,N, , , , , , , , ,1,1,0,0,0,0,0,0,0,0,0,0,0,0,0,0,0,0,0,0,0,0,0,0,0,0,0,0,0,0,0,0,0,0,0,0,0,39.9307,-75.1987, , 
35199,405240,2014032476,6,67,67301,2014,2,1,942,9,1,4,5,4,1, , ,N,2,3,0,3,0,1,2,2,N,N,39 56:48.184,75 12:36.529,950, ,945, ,0, ,N, ,3, , , , , , , , , ,2,2,0,0,0,0,0,0,0,0,0,0,1,1,1,0,0,0,0,0,0,0,0,0,0,0,0,0,0,0,0,0,0,0,0,8,0,39.9467,-75.2101, , 