objectid_1,objectid,crn,district,county,municipality,crash_year,crash_month,day_of_week,time_of_day,hour_of_day,illumination,weather,road_condition,collision_type,relation_to_road,work_zone_type,work_zone_loc,work_zone_ind,intersect_type,tcd_type,location_type,urban_rural,fatal_count,injury_count,person_count,total_units,sch_bus_ind,sch_zone_ind,latitude,longitude,arrival_tm,cons_zone_spd_lim,dispatch_tm,est_hrs_closed,lane_closed,ln_close_dir,ntfy_hiwy_maint,spec_juris_cd,tcd_func_cd,tfc_detour_ind,workers_pres,wz_close_detour,wz_flagger,wz_law_offcr_ind,wz_ln_closure,wz_moving,wz_other,wz_shlder_mdn,vehicle_count,automobile_count,motorcycle_count,bus_count,small_truck_count,heavy_truck_count,suv_count,van_count,bicycle_count,maj_inj_count,mod_inj_count,min_inj_count,tot_inj_count,unk_inj_deg_count,unk_inj_per_count,driver_count_16yr,driver_count_17yr,driver_count_18yr,driver_count_19yr,driver_count_20yr,driver_count_50_64yr,driver_count_65_74yr,driver_count_75plus,unbelted_occ_count,unb_death_count,unb_maj_inj_count,belted_death_count,belted_maj_inj_count,mcycle_death_count,mcycle_maj_inj_count,bicycle_death_count,bicycle_maj_inj_count,ped_count,ped_death_count,ped_maj_inj_count,max_severity_level,comm_veh_count,dec_lat,dec_long,rdwy_surf_type_cd,county_name
35470,388406,2014032468,6,67,67301,2014,2,6,1929,19,3,2,1,4,1, , ,N,1,2,0,3,0,0,2,2,N, ,40 05:53.765,75 02:49.794,1932, ,1929, ,0, , , ,3, , , , , , , , , ,2,2,0,0,0,0,0,0,0,0,0,0,0,0,0,0,0,0,0,0,2,0,0,0,0,0,0,0,0,0,0,0,0,0,0,0,0,40.0984,-75.0471, , 
35471,388408,2014032990,6,67,67301,2014,3,6,2349,23,3,1,0,7,5, , ,N,2,0,0,3,0,1,1,1,N,N,40 04:47.440,75 12:03.335,2352, ,2349,1,1,2,N, ,0,Y, , , , , , , , ,1,0,0,0,0,0,1,0,0,0,0,0,1,1,0,0,0,0,0,0,0,0,0,0,0,0,0,0,0,0,0,0,0,0,0,8,0,40.0798,-75.2009, , 
35472,388411,2014033952,6,67,67301,2014,3,5,1322,13,1,1,0,1,1, , ,N,6,0,2,3,0,2,5,2,N,N,39 56:42.208,75 11:26.989,1333, ,1324, ,0, ,N, ,0, , , , , , , , , ,2,1,0,0,0,0,1,0,0,0,0,0,2,2,0,0,0,0,0,0,0,0,0,0,0,0,0,0,0,0,0,0,0,0,0,8,0,39.9451,-75.1908, , 
35473,388415,2014038976,6,67,67301,2014,3,3,2208,22,3,1,0,4,1, , ,N,1,2,0,3,0,1,2,2,N,N,40 02:38.785,75 03:43.094,2311, ,2311, ,0, , , ,3, , , , , , , , , ,2,2,0,0,0,0,0,0,0,0,0,0,1,1,1,0,0,0,0,0,0,0,0,0,0,0,0,0,0,0,0,0,0,0,0,8,0,40.0441,-75.0619, , 
35474,388457,2014020034,6,67,67301,2014,2,5,158,1,3,4,3,7,2, , ,N,0,0,0,3,0,1,1,1,N,N,40 02:22.364,75 00:24.844,223, ,159,1,1,1,N, ,0,Y, , , , , , , , ,1,0,0,0,1,0,0,0,0,0,0,1,1,0,0,0,0,0,0,0,0,0,0,0,0,0,0,0,0,0,0,0,0,0,0,4,0,40.0395,-75.0069, , 
35475,388475,2014041780,6,67,67301,2014,4,1,1824,18,1,1,0,7,5, , ,N,0,0,0,3,0,1,5,1,N,N,39 54:54.1,75 11:23.6,1828, ,1826, ,0, ,N, ,0, , , , , , , , , ,1,1,0,0,0,0,0,0,0,0,0,1,1,0,0,0,1,0,0,0,0,0,0,0,0,0,0,0,0,0,0,0,0,0,0,4,0,39.915,-75.1899, , 
35476,392220,2014036765,6,67,67301,2014,1,6,1400,14,1,4,1,4,1, , ,N,2,0,0,3,0,1,2,2,N,N,40 00:05.596,75 13:11.780,1425, ,1411, ,0, ,N, ,0, , , , , , , , , ,2,1,0,0,0,0,1,0,0,0,0,0,1,1,0,0,0,0,0,0,1,0,0,0,0,0,0,0,0,0,0,0,0,0,0,8,0,40.0016,-75.2199, , 
35477,392228,2014044555,6,67,67301,2014,3,4,1520,15,1,1,0,4,1, , ,N,0,0,7,3,0,0,2,2,N,N,40 05:48.235,75 01:04.393,1535, ,1535, ,0, ,N, ,0, , , , , , , , , ,2,1,0,0,0,0,0,1,0,0,0,0,0,0,0,0,0,0,0,0,1,0,0,0,0,0,0,0,0,0,0,0,0,0,0,0,0,40.0967,-75.0179, , 
35478,392240,2014058838,6,67,67301,2014,6,1,740,7,1,1,0,7,2, , ,N,0,0,0,3,0,2,2,1,N,N,39 57:42.527,75 08:22.784,800, ,751, ,0, ,N, ,0, , , , , , , , , ,1,1,0,0,0,0,0,0,0,0,0,2,2,0,0,0,0,0,0,0,0,0,0,2,0,0,0,0,0,0,0,0,0,0,0,4,0,39.9618,-75.1397, , 
35479,392264,2014026987,6,67,67301,2014,2,3,1914,19,3,1,0,1,1, , ,N,0,0,0,3,0,1,3,3,N,N,39 58:11.201,75 11:32.686,1924, ,1918,1,2,4,N, ,0,N, , , , , , , , ,3,3,0,0,0,0,0,0,0,0,0,0,1,1,0,0,0,0,0,0,1,1,0,0,0,0,0,0,0,0,0,0,0,0,0,8,0,39.9698,-75.1924, , 
35480,392274,2014041920,6,67,67301,2014,4,5,1306,13,1,1,0,5,1, , ,N,0,0,3,3,0,0,2,2,N,N,39 54:49.603,75 11:01.895,1306, ,1306, ,0, ,N, ,0, , , , , , , , , ,2,2,0,0,0,0,0,0,0,0,0,0,0,0,0,0,0,0,1,0,0,1,0,0,0,0,0,0,0,0,0,0,0,0,0,0,0,39.9138,-75.1839, , 
35481,392287,2014054550,6,67,67301,2014,4,5,1605,16,1,1,0,8,1, , ,N,1,2,0,3,0,1,2,2,N,N,39 59:47.157,75 06:48.512,1845, ,1844, ,0, ,N, ,3, , , , , , , , , ,1,0,0,0,0,0,1,0,0,0,0,1,1,0,1,0,0,0,0,0,0,0,0,0,0,0,0,0,0,0,0,0,1,0,0,4,0,39.9964,-75.1135, , 
35482,392297,2014005513,6,67,67301,2014,1,7,2040,20,3,2,1,7,4, , ,N,0,0,0,3,0,0,1,1,N,N,39 59:05.279,75 05:42.744,2058, ,2046, ,0, ,N, ,0, , , , , , , , , ,1,1,0,0,0,0,0,0,0,0,0,0,0,0,0,0,0,0,0,0,0,0,0,0,0,0,0,0,0,0,0,0,0,0,0,0,0,39.9848,-75.0952, , 
35483,392310,2014025523,6,67,67301,2014,1,5,1009,10,1,1,1,4,1, , ,N,1,2,0,3,0,1,4,2,N, ,40 04:57.634,75 01:55.598,1013, ,1011, ,0, , , ,3, , , , , , , , , ,2,0,0,0,1,0,1,0,0,0,0,1,1,0,0,0,0,0,0,0,0,1,0,0,0,0,0,0,0,0,0,0,0,0,0,4,0,40.0827,-75.0321, , 
35484,392333,2014049913,6,67,67301,2014,4,2,1630,16,1,1,0,4,1, , ,N,1,2,0,3,0,1,2,2,N,N,39 59:23.334,75 08:06.773,1640, ,1635, ,0, ,N, ,3, , , , , , , , , ,1,0,0,0,0,0,0,0,1,0,0,1,1,0,0,0,0,0,0,0,0,0,0,0,0,0,0,0,0,0,0,0,0,0,0,4,0,39.9898,-75.1352, , 
35485,392341,2014059151,6,67,67301,2014,5,6,1523,15,1,1,0,4,1, , ,N,1,3,0,3,0,6,6,2,N, ,40 03:26.611,75 09:36.536,1410, ,1530, ,0, , , ,3, , , , , , , , , ,2,2,0,0,0,0,0,0,0,0,0,6,6,0,0,0,0,0,0,0,1,0,0,0,0,0,0,0,0,0,0,0,0,0,0,4,0,40.0574,-75.1601, , 
35486,392372,2014043091,6,67,67301,2014,3,6,1735,17,1,1,0,1,1, , ,N,0,2,0,3,0,2,3,2,N,N,39 59:50.175,75 06:42.750,1755, ,1753,1,1,1,N, ,3,N, , , , , , , , ,2,2,0,0,0,0,0,0,0,0,0,0,2,2,0,0,0,0,0,0,0,0,0,2,0,0,0,0,0,0,0,0,0,0,0,8,0,39.9973,-75.1119, , 
35487,392379,2014049648,6,67,67301,2014,4,4,1440,14,1,1,0,4,1, , ,N,1,0,0,3,0,1,2,2,N, ,39 58:47.695,75 10:02.706,1452, ,1450, ,0, , , ,0, , , , , , , , , ,2,1,0,0,0,1,0,0,0,0,0,1,1,0,0,0,0,0,0,0,1,0,0,0,0,0,0,0,0,0,0,0,0,0,0,4,1,39.9799,-75.1674, , 
35488,392388,2014056677,6,67,67301,2014,4,2,1852,18,1,1,0,4,1, , ,N,1,3,0,3,0,1,3,2,N, ,40 01:15.747,75 03:15.058,1852, ,1852, ,0, , , ,3, , , , , , , , , ,2,1,0,0,0,0,0,1,0,0,0,1,1,0,0,0,0,0,0,0,0,0,0,0,0,0,0,0,0,0,0,0,0,0,0,4,0,40.021,-75.0542, , 
35489,392401,2014016135,6,67,67301,2014,1,4,1147,11,1,1,0,4,1, , ,N,5,2,2,3,0,0,2,2,N,N,39 57:26.075,75 09:08.042,1150, ,1147, ,0, ,N, ,3, , , , , , , , , ,2,2,0,0,0,0,0,0,0,0,0,0,0,0,0,0,0,0,0,0,1,0,0,1,0,0,0,0,0,0,0,0,0,0,0,0,0,39.9573,-75.1523, , 
35490,392423,2014034154,6,67,67301,2014,3,1,158,1,3,1,0,7,4, , ,N,1,2,0,3,0,1,2,1,N, ,40 02:51.686,75 03:35.363,201, ,159, ,0, , , ,3, , , , , , , , , ,1,0,0,0,1,0,0,0,0,1,0,0,1,0,0,0,0,0,0,0,0,0,0,0,0,0,0,1,0,0,0,0,0,0,0,2,0,40.0477,-75.06, , 
35491,392435,2014044600,6,67,67301,2014,3,3,1700,17,1,1,0,8,1, , ,N,1,0,0,3,0,1,2,2,N,N,39 59:52.821,75 07:45.821,1810, ,1757, ,0, ,N, ,0, , , , , , , , , ,1,1,0,0,0,0,0,0,0,0,1,0,1,0,0,0,0,0,0,0,0,0,0,0,0,0,0,0,0,0,0,0,1,0,0,3,0,39.998,-75.1294, , 
35492,392472,2014038870,6,67,67301,2014,3,6,940,9,1,1,0,4,1, , ,N,2,2,0,3,0,4,6,2,N,N,39 58:25.156,75 12:32.179,950, ,946, ,0, ,N, ,3, , , , , , , , , ,2,2,0,0,0,0,0,0,0,0,0,4,4,0,0,0,0,0,0,1,0,0,0,0,0,0,0,0,0,0,0,0,0,0,0,4,0,39.9736,-75.2089, , 
35493,392474,2014043024,6,67,67301,2014,3,5,1430,14,1,1,0,1,1, , ,N,0,0,0,3,0,1,3,2,N,N,40 01:17.620,75 08:23.057,1935, ,1928, ,0, ,N, ,0, , , , , , , , , ,2,2,0,0,0,0,0,0,0,0,0,1,1,0,1,0,0,0,0,0,0,0,0,0,0,0,0,0,0,0,0,0,0,0,0,4,0,40.0216,-75.1397, , 
35494,381150,2015135879,6,67,67301,2015,12,4,1313,13,1,2,1,4,1, , ,N,1,2,0,3,0,2,3,2,N,N,40 02:39.816,75 04:21.663,1322, ,1317, ,0, ,N, ,3, , , , , , , , , ,2,1,0,0,0,0,1,0,0,0,0,2,2,0,0,0,0,0,0,0,0,0,0,0,0,0,0,0,0,0,0,0,0,0,0,4,0,40.0444,-75.0726, , 
35495,381154,2016002345,6,67,67301,2015,12,3,755,7,1,1,0,8,1, , ,N,1,2,0,3,0,1,2,2,N,N,39 57:17.442,75 13:40.835,758, ,758, ,0, ,N, ,3, , , , , , , , , ,1,1,0,0,0,0,0,0,0,0,0,0,1,1,0,0,0,0,0,0,0,0,0,0,0,0,0,0,0,0,0,0,1,0,0,8,0,39.9548,-75.228, , 
35496,381155,2016007542,6,67,67301,2015,12,4,823,8,1,2,1,8,1, , ,N,0,0,0,3,0,1,2,2,N,N,39 59:45.488,75 04:20.712,834, ,826, ,0, ,N, ,0, , , , , , , , , ,1,0,0,0,1,0,0,0,0,0,0,0,1,1,0,0,0,0,0,0,0,0,0,0,0,0,0,0,0,0,0,0,1,0,0,8,0,39.996,-75.0724, , 
35497,381172,2015130285,6,67,67301,2015,11,4,1605,16,1,1,0,4,1, , ,N,1,2,0,3,0,1,2,2,N, ,40 01:40.344,75 03:36.560,1620, ,1611, ,0, ,N, ,3, , , , , , , , , ,2,0,1,0,1,0,0,0,0,0,0,1,1,0,0,0,0,1,0,0,0,0,0,0,0,0,0,0,0,0,0,0,0,0,0,4,0,40.0278,-75.0601, , 
35498,381177,2015135839,6,67,67301,2015,11,4,730,7,1,1,0,4,1, , ,N,1,3,0,3,0,0,2,2,N,N,39 57:38.541,75 14:13.174,808, ,803, ,0, ,N, ,3, , , , , , , , , ,2,2,0,0,0,0,0,0,0,0,0,0,0,0,0,0,0,0,0,0,0,0,0,0,0,0,0,0,0,0,0,0,0,0,0,0,0,39.9607,-75.237, , 
35499,381179,2016006032,6,67,67301,2015,12,4,641,6,1,2,1,2,1, , ,N,0,0,0,3,0,2,3,3,N,N,40 03:48.110,75 12:01.612,705, ,652, ,0, ,N, ,0, , , , , , , , , ,3,2,0,0,1,0,0,0,0,0,0,0,2,2,0,0,0,0,0,0,0,0,0,0,0,0,0,0,0,0,0,0,0,0,0,8,0,40.0634,-75.2004, , 
35500,381181,2015106424,6,67,67301,2015,9,3,725,7,1,1,0,4,1, , ,N,1,2,0,3,0,0,2,2,N, ,39 55:14.736,75 13:34.723,735, ,733, ,0, , , ,3, , , , , , , , , ,2,2,0,0,0,0,0,0,0,0,0,0,0,0,0,0,0,0,0,0,0,0,0,0,0,0,0,0,0,0,0,0,0,0,0,0,0,39.9208,-75.2263, , 
35501,381207,2015129056,6,67,67301,2015,11,1,1700,17,3,1,0,4,1, , ,N,2,0,0,3,0,1,3,2,N,N,40 02:20.706,75 02:03.807,1715, ,1709, ,0, ,N, ,0, , , , , , , , , ,2,1,0,0,1,0,0,0,0,0,0,0,1,1,0,0,1,0,0,0,0,0,0,2,0,0,0,0,0,0,0,0,0,0,0,8,0,40.0391,-75.0344, , 
35502,381213,2016002400,6,67,67301,2015,12,3,1500,15,1,1,1,6,1, , ,N,0,0,0,3,0,3,3,2,N,N,39 58:32.883,75 11:31.399,1520, ,1512,2,2,5,N, ,0,N, , , , , , , , ,2,0,0,0,0,0,2,0,0,0,0,0,3,3,0,0,0,0,0,0,0,0,0,0,0,0,0,0,0,0,0,0,0,0,0,8,0,39.9758,-75.1921, , 
35503,381216,2015116157,6,67,67301,2015,10,1,2130,21,3,1,0,5,6, , ,N,0,0,0,3,0,0,1,2,N,N,39 59:13.217,75 07:45.070,2327, ,2327, ,0, ,N, ,0, , , , , , , , , ,2,2,0,0,0,0,0,0,0,0,0,0,0,0,0,0,0,0,0,0,0,0,0,0,0,0,0,0,0,0,0,0,0,0,0,0,0,39.987,-75.1292, , 
35504,381239,2015120601,6,67,67301,2015,11,6,1803,18,3,1,0,1,1, , ,N,0,0,0,3,0,1,3,3,N,N,39 58:49.754,75 12:20.147,1824, ,1804, ,0, ,N, ,0, , , , , , , , , ,3,3,0,0,0,0,0,0,0,0,0,1,1,0,0,0,0,0,0,0,2,0,0,0,0,0,0,0,0,0,0,0,0,0,0,4,0,39.9805,-75.2056, , 
35505,381246,2015130363,6,67,67301,2015,11,5,1518,15,1,9,1,2,1, , ,N,0,0,0,3,0,1,2,2,N,N,39 59:48.524,75 11:52.816,1525, ,1520, ,0, , , ,0, , , , , , , , , ,2,2,0,0,0,0,0,0,0,0,0,0,1,1,0,0,0,0,0,0,0,0,0,0,0,0,0,0,0,0,0,0,0,0,0,8,0,39.9968,-75.198, , 
35506,381252,2016007536,6,67,67301,2015,12,5,518,5,3,1,0,5,6, , ,N,0,0,0,3,0,1,3,3,N,N,40 00:45.600,75 06:59.800,518, ,518,3,2,3,N, ,0,Y, , , , , , , , ,3,2,0,0,0,0,1,0,0,0,0,0,1,1,1,0,0,0,0,0,0,0,0,0,0,0,0,0,0,0,0,0,0,0,0,8,0,40.0127,-75.1166, , 
35507,381261,2015125398,6,67,67301,2015,11,5,2219,22,3,1,0,1,1, , ,N,0,0,0,3,0,1,6,3,N,N,40 00:42.787,75 03:37.628,2259, ,2232,1,1,2,N, ,0,N, , , , , , , , ,3,3,0,0,0,0,0,0,0,0,0,1,1,0,0,0,0,0,0,0,1,0,0,0,0,0,0,0,0,0,0,0,0,0,0,4,0,40.0119,-75.0605, , 
35508,381294,2016015984,6,67,67301,2015,10,5,643,6,5,1,0,1,1, , ,N,0,0,0,3,0,1,2,2,N,N,40 02:17.633,75 00:36.265,0, ,0, ,0, ,N, ,0, , , , , , , , , ,2,1,0,0,0,0,1,0,0,0,0,0,1,1,0,0,0,0,0,0,0,0,0,1,0,0,0,0,0,0,0,0,0,0,0,8,0,40.0382,-75.0101, , 
35509,381298,2015120104,6,67,67301,2015,10,2,800,8,1,1,0,1,1, , ,N,1,3,0,3,0,1,2,2,N,N,39 56:19.683,75 09:51.692,850, ,845, ,0, ,N, ,3, , , , , , , , , ,1,1,0,0,0,0,0,0,1,0,0,1,1,0,1,0,0,0,0,0,0,0,0,0,0,0,0,0,0,0,0,0,0,0,0,4,0,39.9388,-75.1644, , 
35510,381309,2015130331,6,67,67301,2015,11,3,1413,14,1,1,0,5,1, , ,N,0,0,0,3,0,0,2,2,N,N,39 56:40.036,75 14:13.314,1500, ,1414, ,0, ,N, ,0, , , , , , , , , ,2,2,0,0,0,0,0,0,0,0,0,0,0,0,0,0,0,0,0,0,1,0,0,0,0,0,0,0,0,0,0,0,0,0,0,0,0,39.9445,-75.237, , 
35511,381333,2016005071,6,67,67301,2015,12,2,9999,99,1,1,0,4,1, , ,N,1,2,0,3,0,5,7,2,N, ,40 01:39.836,75 06:35.867,1615, ,1530, ,0, , , ,3, , , , , , , , , ,2,0,0,1,0,0,0,1,0,0,0,0,5,5,0,0,0,0,0,0,1,0,0,1,0,0,0,0,0,0,0,0,0,0,0,8,1,40.0277,-75.11, , 
35512,384062,2015118139,6,67,67301,2015,10,5,953,9,1,1,0,4,1, , ,N,1,3,0,3,0,0,2,2,N,N,39 58:52.464,75 14:28.449,1043, ,1035, ,0, ,N, ,3, , , , , , , , , ,2,1,0,0,0,0,1,0,0,0,0,0,0,0,1,0,0,0,0,0,1,0,0,0,0,0,0,0,0,0,0,0,0,0,0,9,0,39.9812,-75.2412, , 
35513,384069,2015128589,6,67,67301,2015,11,5,1628,16,1,2,1,4,1, , ,N,0,0,0,3,0,0,4,2,N, ,39 55:32.742,75 14:38.769,1656, ,1653,2,1,2, , ,0,N, , , , , , , , ,2,2,0,0,0,0,0,0,0,0,0,0,0,0,0,0,0,0,0,0,0,0,0,1,0,0,0,0,0,0,0,0,0,0,0,0,0,39.9258,-75.2441, , 
35514,384070,2015130269,6,67,67301,2015,11,7,2325,23,3,1,0,4,1, , ,N,1,2,0,3,0,2,2,2,N, ,39 56:56.596,75 08:57.079,2340, ,2330, ,0, , , ,3, , , , , , , , , ,2,1,0,1,0,0,0,0,0,0,0,2,2,0,0,0,0,0,1,0,1,0,0,0,0,0,0,0,0,0,0,0,0,0,0,4,1,39.949,-75.1492, , 
35515,384073,2016000733,6,67,67301,2015,11,3,1445,14,1,1,0,1,1, , ,N,0,0,0,3,0,1,3,3,N,N,39 57:27.908,75 09:39.429,1600, ,1600,1,1,4,N, ,0,N, , , , , , , , ,3,2,0,0,0,0,1,0,0,0,0,1,1,0,0,0,0,0,0,0,0,0,0,0,0,0,0,0,0,0,0,0,0,0,0,4,0,39.9578,-75.161, , 
35516,384075,2016000932,6,67,67301,2015,12,4,2230,22,3,1,0,6,6, , ,N,0,0,0,3,0,0,1,3,N, ,40 03:20.019,75 02:25.227,43, ,35, ,0, , , ,0, , , , , , , , , ,3,2,0,0,0,0,1,0,0,0,0,0,0,0,1,0,0,0,0,0,0,0,0,0,0,0,0,0,0,0,0,0,0,0,0,9,0,40.0556,-75.0403, , 
35517,384079,2017015969,6,67,67301,2015,1,7,1315,13,1,1,0,4,1, , ,N,2,3,0,3,0,1,2,2,N,N,39 56:17.937,75 10:29.477,0, ,0, ,0, ,N, ,3, , , , , , , , , ,2,2,0,0,0,0,0,0,0,0,1,0,1,0,1,0,0,0,0,0,1,0,0,0,0,0,0,0,0,0,0,0,0,0,0,3,0,39.9383,-75.1749, , 
35518,384086,2015099157,6,67,67301,2015,9,1,2100,21,6,9,0,4,1, , ,N,1,2,0,3,0,1,2,2,N, ,39 58:17.205,75 09:33.736,2100, ,2100, ,0, , , ,3, , , , , , , , , ,1,0,1,0,0,0,0,0,1,0,0,0,1,1,1,0,0,0,0,0,0,0,0,0,0,0,0,0,0,0,0,0,0,0,0,8,0,39.9714,-75.1594, , 
35519,384098,2015112155,6,67,67301,2015,10,7,2341,23,3,1,0,7,3, , ,N,0,0,0,3,0,1,2,2,N,N,40 01:05.973,75 10:05.180,2347, ,2341, ,0, ,N, ,0, , , , , , , , , ,1,1,0,0,0,0,0,0,0,0,0,0,1,1,0,0,0,0,0,0,0,0,0,0,0,0,0,0,0,0,0,0,0,0,0,8,0,40.0183,-75.1681, , 
35520,384102,2015120202,6,67,67301,2015,11,1,335,3,3,1,0,7,5, , ,N,0,0,0,3,0,0,3,1,N,N,39 54:05.209,75 09:07.617,348, ,340,2,2,1,N, ,0,N, , , , , , , , ,1,1,0,0,0,0,0,0,0,0,0,0,0,0,0,0,0,0,0,0,0,0,0,0,0,0,0,0,0,0,0,0,0,0,0,0,0,39.9014,-75.1521, , 
35521,384121,2015135918,6,67,67301,2015,12,7,605,6,3,1,0,1,1, , ,N,0,0,0,3,0,1,2,2,N, ,39 59:16.206,75 07:53.904,609, ,608, ,0, , , ,0, , , , , , , , , ,1,0,0,0,0,0,0,0,1,0,0,1,1,0,1,0,0,0,0,0,0,0,0,0,0,0,0,0,0,0,0,0,0,0,0,4,0,39.9878,-75.1316, , 
35522,384125,2016006021,6,67,67301,2015,12,4,2240,22,3,1,1,5,1, , ,N,6,4,2,3,0,1,3,2,N,N,40 06:22.731,74 59:41.839,2305, ,2300,2,1,3,N, ,3,N, , , , , , , , ,2,2,0,0,0,0,0,0,0,0,0,0,1,1,0,0,0,0,0,0,0,0,0,0,0,0,0,0,0,0,0,0,0,0,0,8,0,40.1063,-74.995, , 
35523,384157,2016002360,6,67,67301,2015,12,4,1146,11,1,2,1,7,1, , ,N,0,0,0,3,0,2,2,1,N,N,40 01:37.400,75 11:34.000,1155, ,1146,1,2,1,N, ,0,N, , , , , , , , ,1,1,0,0,0,0,0,0,0,0,0,2,2,0,0,0,0,0,0,0,0,0,0,0,0,0,0,0,0,0,0,0,0,0,0,4,0,40.0271,-75.1928, , 
35524,384158,2016007527,6,67,67301,2015,12,5,1800,18,3,2,1,4,1, , ,N,0,2,7,3,0,2,4,2,N, ,39 54:13.300,75 14:30.400,1849, ,1840, ,0, , , ,3, , , , , , , , , ,2,1,0,0,0,0,1,0,0,0,0,2,2,0,0,0,0,0,0,0,0,0,0,0,0,0,0,0,0,0,0,0,0,0,0,4,0,39.9037,-75.2418, , 
35525,384184,2015129999,6,67,67301,2015,10,2,2030,20,3,1,0,5,1, , ,N,0,0,0,3,0,0,2,2,N,N,39 57:17.162,75 14:03.126,2045, ,2037, ,0, ,N, ,0, , , , , , , , , ,2,1,0,1,0,0,0,0,0,0,0,0,0,0,0,0,0,0,0,0,0,0,0,0,0,0,0,0,0,0,0,0,0,0,0,0,1,39.9548,-75.2342, , 
35526,384190,2016000930,6,67,67301,2015,12,6,1900,19,3,1,0,4,1, , ,N,1,3,0,3,0,0,4,2,N, ,40 03:44.815,75 11:19.025,1905, ,1902, ,0, , , ,3, , , , , , , , , ,2,2,0,0,0,0,0,0,0,0,0,0,0,0,0,0,0,0,0,0,0,0,0,0,0,0,0,0,0,0,0,0,0,0,0,0,0,40.0624,-75.1886, , 
35527,384191,2016002412,6,67,67301,2015,12,4,1531,15,1,1,0,8,1, , ,N,1,3,0,3,0,1,2,2,N,Y,40 00:24.490,75 04:57.907,1639, ,1622, ,0, ,N, ,3, , , , , , , , , ,1,0,0,0,0,0,1,0,0,0,0,1,1,0,1,0,0,0,0,0,0,0,0,0,0,0,0,0,0,0,0,0,1,0,0,4,0,40.0068,-75.0828, , 
35528,384192,2016002607,6,67,67301,2015,12,5,1900,19,3,1,0,8,1, , ,N,1,2,0,3,0,1,2,2,N,N,39 56:52.000,75 13:38.791,1953, ,1951, ,0, , , ,3, , , , , , , , , ,1,0,0,0,0,0,0,0,0,0,1,0,1,0,0,0,0,0,0,0,0,0,0,0,0,0,0,0,0,0,0,0,1,0,0,3,0,39.9478,-75.2274, , 
35529,384203,2016000940,6,67,67301,2015,12,2,820,8,1,1,0,4,1, , ,N,1,3,0,3,0,1,2,2,N,N,40 03:07.828,75 05:35.123,825, ,822,1,1,2, , ,3,Y, , , , , , , , ,2,1,0,0,1,0,0,0,0,0,0,1,1,0,0,0,0,0,0,0,0,0,0,0,0,0,0,0,0,0,0,0,0,0,0,4,0,40.0522,-75.0931, , 
35530,384205,2016002633,6,67,67301,2015,12,3,1900,19,3,1,0,5,1, , ,N,2,0,2,3,0,0,2,2,N,N,39 54:29.022,75 09:18.493,1915, ,1905, ,0, , , ,0, , , , , , , , , ,2,2,0,0,0,0,0,0,0,0,0,0,0,0,0,0,0,0,0,0,0,0,0,0,0,0,0,0,0,0,0,0,0,0,0,0,0,39.9081,-75.156, , 
35531,388478,2014047661,6,46,46102,2014,5,6,1758,17,1,1,0,1,1, , ,N,0,0,0,3,0,0,2,2,N,N,40 04:07.529,75 05:46.878,1800, ,1758, ,0, ,N, ,0, , , , , , , , , ,2,1,0,0,1,0,0,0,0,0,0,0,0,0,0,0,0,0,0,0,0,0,0,0,0,0,0,0,0,0,0,0,0,0,0,0,0,40.0688,-75.0964, , 
35532,388494,2014016162,6,67,67301,2014,1,3,1300,13,1,9,8,8,1, , ,N,1,2,0,3,0,1,2,2,N,N,40 02:04.023,75 06:53.623,1720, ,1715, ,0, ,N, ,3, , , , , , , , , ,1,0,0,0,0,0,0,1,0,0,0,1,1,0,0,0,0,0,0,0,0,0,0,0,0,0,0,0,0,0,0,0,1,0,0,4,0,40.0345,-75.1149, , 
35533,388496,2014016931,6,67,67301,2014,1,5,1445,14,1,1,0,8,1, , ,N,1,2,0,3,0,1,2,2,N,N,39 57:00.666,75 08:44.461,1510, ,1500, ,0, ,N, ,3, , , , , , , , , ,1,1,0,0,0,0,0,0,0,0,0,1,1,0,0,0,0,0,0,0,0,0,0,0,0,0,0,0,0,0,0,0,1,0,0,4,0,39.9501,-75.1457, , 
35534,388517,2014049486,6,67,67301,2014,4,5,1326,13,1,1,0,1,1, , ,N,2,0,0,3,0,0,2,2,N, ,40 05:22.265,75 02:00.676,1326, ,1326, ,0, , , ,0, , , , , , , , , ,2,1,0,0,0,0,0,1,0,0,0,0,0,0,0,0,0,0,0,0,0,0,0,0,0,0,0,0,0,0,0,0,0,0,0,0,0,40.0895,-75.0335, , 
35535,388519,2014050257,6,67,67301,2014,3,4,1514,15,1,1,0,4,1, , ,N,1,2,0,3,0,1,4,2,N,N,40 05:12.438,74 58:18.635,1520, ,1515, ,0, ,N, ,3, , , , , , , , , ,2,1,0,0,0,0,1,0,0,0,0,0,1,1,0,0,1,0,0,0,0,0,0,0,0,0,0,0,0,0,0,0,0,0,0,8,0,40.0868,-74.9718, , 
35536,388526,2014059234,6,67,67301,2014,5,7,1650,16,1,1,0,3,6, , ,N,0,0,0,3,0,1,2,3,N,N,39 57:00.018,75 13:25.100,1705, ,1700, ,0, ,N, ,0, , , , , , , , , ,2,1,0,0,0,0,1,0,0,0,0,1,1,0,0,0,0,0,0,0,0,0,0,0,0,0,0,0,0,0,0,0,1,0,0,4,0,39.95,-75.2236, , 