objectid_1,objectid,crn,district,county,municipality,crash_year,crash_month,day_of_week,time_of_day,hour_of_day,illumination,weather,road_condition,collision_type,relation_to_road,work_zone_type,work_zone_loc,work_zone_ind,intersect_type,tcd_type,location_type,urban_rural,fatal_count,injury_count,person_count,total_units,sch_bus_ind,sch_zone_ind,latitude,longitude,arrival_tm,cons_zone_spd_lim,dispatch_tm,est_hrs_closed,lane_closed,ln_close_dir,ntfy_hiwy_maint,spec_juris_cd,tcd_func_cd,tfc_detour_ind,workers_pres,wz_close_detour,wz_flagger,wz_law_offcr_ind,wz_ln_closure,wz_moving,wz_other,wz_shlder_mdn,vehicle_count,automobile_count,motorcycle_count,bus_count,small_truck_count,heavy_truck_count,suv_count,van_count,bicycle_count,maj_inj_count,mod_inj_count,min_inj_count,tot_inj_count,unk_inj_deg_count,unk_inj_per_count,driver_count_16yr,driver_count_17yr,driver_count_18yr,driver_count_19yr,driver_count_20yr,driver_count_50_64yr,driver_count_65_74yr,driver_count_75plus,unbelted_occ_count,unb_death_count,unb_maj_inj_count,belted_death_count,belted_maj_inj_count,mcycle_death_count,mcycle_maj_inj_count,bicycle_death_count,bicycle_maj_inj_count,ped_count,ped_death_count,ped_maj_inj_count,max_severity_level,comm_veh_count,dec_lat,dec_long,rdwy_surf_type_cd,county_name
35537,388552,2014025330,6,67,67301,2014,1,4,1804,18,3,4,3,6,1, , ,N,0,0,0,3,0,1,2,2,N,N,40 03:14.592,75 05:10.085,1808, ,1805,2,2,5, , ,0,Y, , , , , , , , ,2,2,0,0,0,0,0,0,0,0,1,0,1,0,0,0,0,0,0,0,0,0,0,0,0,0,0,0,0,0,0,0,0,0,0,3,0,40.0541,-75.0861, , 
35538,388581,2014010500,6,67,67301,2014,1,4,650,6,1,1,4,7,2, , ,N,0,0,0,3,0,0,1,1,N,N,39 57:08.722,75 08:29.326,655, ,650,1,1,2,N, ,0,N, , , , , , , , ,1,1,0,0,0,0,0,0,0,0,0,0,0,0,0,0,0,0,0,0,0,0,0,0,0,0,0,0,0,0,0,0,0,0,0,0,0,39.9524,-75.1415, , 
35539,388584,2014016178,6,67,67301,2014,1,6,1100,11,1,9,1,4,1, , ,N,1,2,0,3,0,0,3,2,N,N,40 00:54.079,75 08:06.611,1115, ,1105, ,0, ,N, ,3, , , , , , , , , ,2,0,0,0,0,0,2,0,0,0,0,0,0,0,0,0,0,0,0,0,0,0,0,0,0,0,0,0,0,0,0,0,0,0,0,0,0,40.015,-75.1352, , 
35540,388600,2014031400,6,67,67301,2014,2,5,1020,10,1,2,4,7,2, , ,N,0,0,0,3,0,1,1,1,N,N,39 58:07.518,75 11:29.034,1029, ,1023,1,1,3,N, ,0,N, , , , , , , , ,1,0,0,0,0,0,1,0,0,0,0,1,1,0,0,0,0,0,0,0,0,0,0,0,0,0,0,0,0,0,0,0,0,0,0,4,0,39.9688,-75.1914, , 
35541,388603,2014032361,6,67,67301,2014,2,7,1950,19,3,1,5,4,1, , ,N,1,2,0,3,0,0,4,2,N, ,39 57:54.150,75 13:29.723,2005, ,1956, ,0, , , ,1, , , , , , , , , ,2,0,0,0,0,0,2,0,0,0,0,0,0,0,0,0,0,0,0,0,0,1,0,0,0,0,0,0,0,0,0,0,0,0,0,0,0,39.9649,-75.2246, , 
35542,388613,2014049681,6,67,67301,2014,4,6,2124,21,3,1,0,5,1, , ,N,0,0,0,3,0,1,3,2,N,N,39 58:18.923,75 09:33.873,2131, ,2129, ,0, ,N, ,0, , , , , , , , , ,2,0,0,0,1,0,1,0,0,0,0,0,1,1,0,0,0,0,0,0,0,0,0,0,0,0,0,0,0,0,0,0,0,0,0,8,0,39.9719,-75.1594, , 
35543,388614,2014049855,6,67,67301,2014,4,6,855,8,1,1,0,5,1, , ,N,0,0,0,3,0,0,1,3,N, ,40 01:53.515,75 13:51.916,900, ,855, ,0, , , ,0, , , , , , , , , ,3,2,0,0,0,0,1,0,0,0,0,0,0,0,0,0,0,0,0,0,0,0,0,0,0,0,0,0,0,0,0,0,0,0,0,0,0,40.0315,-75.2311, , 
35544,388624,2014058190,6,67,67301,2014,4,6,134,1,3,1,0,4,1, , ,N,2,3,0,3,1,1,2,2,N,N,40 03:39.325,75 08:14.188,141, ,136,9,2,5,N,0,3,Y, , , , , , , , ,2,2,0,0,0,0,0,0,0,0,0,0,1,1,0,0,0,0,0,0,0,0,0,0,0,0,0,0,0,0,0,0,0,0,0,1,0,40.061,-75.1373,2, 
35545,388641,2014025531,6,67,67301,2014,2,7,2306,23,3,1,1,5,6, , ,N,0,0,0,3,0,1,2,3,N, ,40 01:10.157,75 09:37.627,2336, ,2331, ,0, , , ,0, , , , , , , , , ,2,1,0,0,0,1,0,0,0,0,0,0,1,1,1,0,0,0,0,0,0,0,0,0,0,0,0,0,0,0,0,0,0,0,0,8,1,40.0195,-75.1605, , 
35546,388681,2014010194,6,67,67301,2014,1,4,429,4,3,4,3,7,3, , ,N,0,0,0,3,0,1,1,1,N,N,40 00:03.742,75 11:42.029,437, ,432,1,1,3,N, ,0,N, , , , , , , , ,1,1,0,0,0,0,0,0,0,0,0,1,1,0,0,0,0,0,0,0,0,0,0,0,0,0,0,0,0,0,0,0,0,0,0,4,0,40.001,-75.195, , 
35547,388703,2014039033,6,67,67301,2014,3,2,923,9,1,4,4,7,3, , ,N,0,0,0,3,0,1,2,1,N,N,40 02:54.250,75 03:03.996,928, ,923,1,1,1,N, ,0,N, , , , , , , , ,1,1,0,0,0,0,0,0,0,0,0,1,1,0,0,0,0,0,0,0,0,0,0,1,0,0,0,0,0,0,0,0,0,0,0,4,0,40.0484,-75.0511, , 
35548,388704,2014039349,6,67,67301,2014,3,4,1300,13,1,1,0,8,1, , ,N,1,2,0,3,0,1,2,2,N,N,39 57:12.781,75 09:22.643,1309, ,1303, ,0, ,N, ,3, , , , , , , , , ,1,0,0,0,0,0,1,0,0,0,0,1,1,0,0,0,0,0,0,0,1,0,0,1,0,0,0,0,0,0,0,0,1,0,0,4,0,39.9536,-75.1563, , 
35549,388715,2014049566,6,67,67301,2014,4,7,1421,14,1,1,0,7,4, , ,N,1,2,0,3,0,1,1,1,N, ,40 01:01.180,75 11:17.957,1435, ,1431, ,0, , , ,3, , , , , , , , , ,1,0,0,0,1,0,0,0,0,0,0,1,1,0,0,0,0,0,0,0,0,0,0,0,0,0,0,0,0,0,0,0,0,0,0,4,0,40.017,-75.1883, , 
35550,392477,2014049589,6,67,67301,2014,3,4,756,7,1,1,0,7,4, , ,N,0,0,0,3,0,0,1,1,N,N,40 03:00.415,75 00:55.158,801, ,756,9,2,7,N, ,0,Y, , , , , , , , ,1,0,0,0,0,0,1,0,0,0,0,0,0,0,0,0,0,0,0,0,0,0,0,0,0,0,0,0,0,0,0,0,0,0,0,0,0,40.0501,-75.0153, , 
35551,392480,2014054568,6,67,67301,2014,3,6,1802,18,1,1,0,4,1, , ,N,1,2,0,3,0,1,2,2,N,N,39 55:01.871,75 10:28.591,1813, ,1807, ,0, ,N, ,3, , , , , , , , , ,1,1,0,0,0,0,0,0,1,0,0,1,1,0,0,0,0,0,0,0,0,0,0,0,0,0,0,0,0,0,0,0,0,0,0,4,0,39.9172,-75.1746, , 
35552,392488,2014003975,6,67,67301,2014,1,2,1810,18,3,1,0,1,1, , ,N,0,0,0,3,0,1,3,3,N,N,40 00:33.025,75 04:00.830,1818, ,1815,1,1,1,N, ,0,N, , , , , , , , ,3,2,0,0,0,0,1,0,0,0,0,1,1,0,0,0,0,0,0,0,2,0,0,0,0,0,0,0,0,0,0,0,0,0,0,4,0,40.0091,-75.067, , 
35553,392501,2014016108,6,67,67301,2014,1,4,1345,13,1,1,0,4,1, , ,N,1,2,0,3,0,0,4,2,N, ,39 57:14.802,75 10:40.176,1355, ,1348, ,0, ,N, ,3, , , , , , , , , ,2,2,0,0,0,0,0,0,0,0,0,0,0,0,0,0,0,0,0,0,1,1,0,0,0,0,0,0,0,0,0,0,0,0,0,0,0,39.9541,-75.1778, , 
35554,392502,2014016249,6,67,67301,2014,1,1,1714,17,3,1,0,1,1, , ,N,0,0,0,3,0,0,4,3,N,N,39 57:36.310,75 10:46.393,1722, ,1714,1,1,4,N, ,0,N, , , , , , , , ,3,2,0,0,1,0,0,0,0,0,0,0,0,0,0,0,0,0,1,0,0,0,0,0,0,0,0,0,0,0,0,0,0,0,0,0,0,39.9601,-75.1796, , 
35555,392525,2014044584,6,67,67301,2014,3,2,9999,99,1,1,6,5,6, , ,N,0,0,0,3,0,0,2,3,N,N,40 03:23.911,75 09:31.363,943, ,934,2,2,3, , ,0,Y, , , , , , , , ,3,2,0,0,0,0,1,0,0,0,0,0,0,0,0,0,0,0,0,0,0,0,0,0,0,0,0,0,0,0,0,0,0,0,0,0,0,40.0566,-75.1587, , 
35556,392526,2014044602,6,67,67301,2014,3,2,9999,99,1,1,0,1,1, , ,N,2,0,0,3,0,1,2,2,N,N,39 56:48.184,75 12:36.529,1003, ,956, ,0, , , ,0, , , , , , , , , ,2,2,0,0,0,0,0,0,0,0,0,1,1,0,0,0,0,0,0,0,0,0,0,0,0,0,0,0,0,0,0,0,0,0,0,4,0,39.9467,-75.2101, , 
35557,392530,2014049585,6,67,67301,2014,3,3,320,3,3,7,0,7,4, , ,N,0,0,0,3,0,1,1,1,N,N,40 03:02.188,75 00:36.549,330, ,323, ,0, ,N, ,0, , , , , , , , , ,1,0,0,0,0,0,1,0,0,0,0,0,1,1,0,0,0,0,0,0,0,0,0,1,0,0,0,0,0,0,0,0,0,0,0,8,0,40.0506,-75.0102, , 
35558,392531,2014049618,6,67,67301,2014,4,4,1735,17,1,1,0,1,1, , ,N,0,0,0,3,0,1,3,3,N,N,40 00:33.319,75 11:49.674,1743, ,1737,2,1,5, , ,0,N, , , , , , , , ,3,2,0,0,0,0,1,0,0,0,0,1,1,0,0,0,0,0,0,0,0,0,0,0,0,0,0,0,0,0,0,0,0,0,0,4,0,40.0093,-75.1971, , 
35559,392532,2014049833,6,67,67301,2014,4,1,1955,19,4,1,0,4,1, , ,N,1,3,0,3,0,2,2,2,N,N,39 56:24.532,75 10:16.424,2036, ,2029,9,2,2,N, ,3,Y, , , , , , , , ,2,1,1,0,0,0,0,0,0,2,0,0,2,0,0,0,0,0,0,0,0,0,0,0,0,0,0,0,0,1,0,0,0,0,0,2,0,39.9401,-75.1712, , 
35560,392572,2014044609,6,67,67301,2014,3,6,809,8,1,1,0,1,1, , ,N,1,2,0,3,0,2,2,2,N,N,40 01:15.937,75 08:23.758,813, ,805,1,1,1,N, ,3,N, , , , , , , , ,2,0,0,0,0,0,1,1,0,0,0,2,2,0,0,0,0,0,0,0,1,0,0,0,0,0,0,0,0,0,0,0,0,0,0,4,0,40.0211,-75.1399, , 
35561,392591,2014016464,6,67,67301,2014,1,3,1032,10,1,4,3,7,2, , ,N,0,0,0,3,0,0,1,1,N,N,40 00:07.614,75 04:41.754,1032, ,1032, ,0, ,N, ,0, , , , , , , , , ,1,0,0,0,0,0,1,0,0,0,0,0,0,0,0,0,0,0,0,0,0,0,0,0,0,0,0,0,0,0,0,0,0,0,0,0,0,40.0021,-75.0783, , 
35562,392629,2014049739,6,67,67301,2014,4,5,330,3,3,1,0,7,4, , ,N,0,0,0,3,0,1,1,2,N,N,39 59:40.004,75 05:39.721,340, ,330,9,1,3,N, ,0,N, , , , , , , , ,1,0,0,0,0,0,1,0,0,0,0,0,1,1,0,0,0,0,0,0,0,0,0,1,0,0,0,0,0,0,0,0,0,0,0,8,0,39.9944,-75.0944, , 
35563,392646,2014025277,6,67,67301,2014,1,7,1402,14,1,1,0,8,1, , ,N,1,3,0,3,0,1,3,2,N, ,39 57:08.535,75 09:17.776,1412, ,1410, ,0, , , ,3, , , , , , , , , ,1,1,0,0,0,0,0,0,0,0,0,1,1,0,0,0,0,0,0,0,0,0,0,0,0,0,0,0,0,0,0,0,1,0,0,4,0,39.9524,-75.1549, , 
35564,392676,2014061623,6,67,67301,2014,6,3,1626,16,1,1,0,1,1, , ,N,0,0,0,3,0,0,6,4,N,N,39 59:52.917,75 11:44.899,1631, ,1627,2,2,4,N, ,0,N, , , , , , , , ,4,4,0,0,0,0,0,0,0,0,0,0,0,0,0,0,0,0,1,0,0,0,0,0,0,0,0,0,0,0,0,0,0,0,0,0,0,39.998,-75.1958, , 
35565,392709,2014039019,6,67,67301,2014,3,1,607,6,5,2,1,7,4, , ,N,0,0,0,3,0,2,3,1,N,N,40 01:03.388,75 03:33.686,745, ,740, ,0, ,N, ,0, , , , , , , , , ,1,1,0,0,0,0,0,0,0,0,0,2,2,0,0,0,0,0,0,0,0,0,0,0,0,0,0,0,0,0,0,0,0,0,0,4,0,40.0176,-75.0594, , 
35566,392715,2014044613,6,67,67301,2014,3,1,1035,10,1,1,0,1,1, , ,N,0,0,0,3,0,2,3,2,N, ,40 01:59.563,75 13:35.115,1043, ,1037, ,0, , , ,0, , , , , , , , , ,2,1,0,0,0,0,1,0,0,0,0,1,2,1,0,0,0,0,0,0,0,0,0,0,0,0,0,0,0,0,0,0,0,0,0,4,0,40.0332,-75.2264, , 
35567,392721,2014049623,6,67,67301,2014,4,3,710,7,1,1,0,8,1, , ,N,0,0,0,3,0,1,2,2,N, ,40 04:46.806,75 02:26.166,725, ,720, ,0, , , ,0, , , , , , , , , ,1,0,0,0,1,0,0,0,0,0,0,1,1,0,0,0,0,0,0,0,1,0,0,0,0,0,0,0,0,0,0,0,1,0,0,4,0,40.0797,-75.0406, , 
35568,392722,2014049869,6,67,67301,2014,3,2,1650,16,1,1,0,4,1, , ,N,1,2,0,3,0,1,2,2,N, ,39 56:36.373,75 10:44.230,1723, ,1721, ,0, , , ,3, , , , , , , , , ,2,0,0,0,0,0,2,0,0,0,0,0,1,1,0,0,0,0,0,0,0,0,0,0,0,0,0,0,0,0,0,0,0,0,0,8,0,39.9434,-75.179, , 
35569,381335,2017016059,6,67,67301,2015,12,3,1330,13,1,1,0,1,1, , ,N,1,2,2,3,0,1,2,2,N,N,39 54:37.249,75 09:03.078,0, ,0, ,0, ,N, ,3, , , , , , , , , ,2,1,0,0,0,0,0,1,0,0,0,0,1,1,0,0,0,0,0,0,0,0,0,0,0,0,0,0,0,0,0,0,0,0,0,8,0,39.9103,-75.1509, , 
35570,381340,2015135938,6,67,67301,2015,12,5,1800,18,3,1,0,4,1, , ,N,0,0,0,3,0,1,1,2,N,N,40 05:51.871,74 58:44.097,1815, ,1805,1,2,1, , ,0,Y, , , , , , , , ,2,2,0,0,0,0,0,0,0,0,0,0,1,1,0,0,0,0,0,0,0,0,0,0,0,0,0,0,0,0,0,0,0,0,0,8,0,40.0977,-74.9789, , 
35571,381357,2015136046,6,67,67301,2015,12,2,1415,14,1,1,0,1,1, , ,N,0,0,0,3,0,0,2,2,N,N,39 56:37.206,75 08:33.725,1449, ,1441, ,0, ,N, ,0, , , , , , , , , ,2,1,0,0,1,0,0,0,0,0,0,0,0,0,0,0,0,0,0,0,0,0,0,0,0,0,0,0,0,0,0,0,0,0,0,0,0,39.9437,-75.1427, , 
35572,381361,2016002521,6,67,67301,2015,12,7,1650,16,3,1,0,1,1, , ,N,0,0,0,3,0,0,3,3,N,N,39 57:00.546,75 14:57.751,1704, ,1657, ,0, ,N, ,0, , , , , , , , , ,3,2,0,0,0,0,1,0,0,0,0,0,0,0,0,0,0,0,0,0,1,1,0,0,0,0,0,0,0,0,0,0,0,0,0,0,0,39.9502,-75.2494, , 
35573,381392,2015130086,6,67,67301,2015,11,3,834,8,1,2,1,1,1, , ,N,1,2,0,3,0,0,2,2,N, ,39 53:40.603,75 14:12.181,848, ,839, ,0, , , ,3, , , , , , , , , ,2,1,0,0,0,0,0,1,0,0,0,0,0,0,0,0,0,0,0,0,1,0,0,1,0,0,0,0,0,0,0,0,0,0,0,0,0,39.8946,-75.2367, , 
35574,381399,2016013836,6,67,67301,2015,12,4,1712,17,3,1,0,4,1, , ,N,0,0,0,3,0,1,2,2,N, ,39 59:11.412,75 06:36.673,1806, ,1805, ,0, , , ,0, , , , , , , , , ,2,2,0,0,0,0,0,0,0,0,0,1,1,0,0,0,0,0,0,0,0,0,0,0,0,0,0,0,0,0,0,0,0,0,0,4,0,39.9865,-75.1102, , 
35575,381406,2015112128,6,67,67301,2015,10,2,1856,18,1,1,0,1,1, , ,N,1,2,0,3,0,0,4,3,N,N,40 01:41.728,75 06:35.304,1859, ,1856,9,1,4,N, ,3,N, , , , , , , , ,3,2,0,0,0,0,1,0,0,0,0,0,0,0,1,0,0,0,1,0,1,0,0,0,0,0,0,0,0,0,0,0,0,0,0,9,0,40.0283,-75.1098, , 
35576,381427,2016002420,6,67,67301,2015,12,3,1330,13,1,2,1,7,5, , ,N,0,0,0,3,0,2,2,1,N, ,40 01:09.326,75 11:27.815,1400, ,1357,2,1,2, , ,0,N, , , , , , , , ,1,1,0,0,0,0,0,0,0,0,2,0,2,0,0,0,0,0,0,0,0,0,0,0,0,0,0,0,0,0,0,0,0,0,0,3,0,40.0193,-75.1911, , 
35577,381428,2015130122,6,67,67301,2015,11,3,1520,15,1,1,0,4,1, , ,N,1,3,0,3,0,1,2,2,N, ,39 56:54.708,75 12:20.462,1606, ,1540, ,0, , , ,3, , , , , , , , , ,2,2,0,0,0,0,0,0,0,0,1,0,1,0,0,0,0,0,0,0,0,0,0,0,0,0,0,0,0,0,0,0,0,0,0,3,0,39.9485,-75.2057, , 
35578,381439,2015130251,6,67,67301,2015,11,4,1146,11,1,1,0,7,4, , ,N,0,0,0,3,0,1,1,1,N,N,39 59:34.940,75 11:36.236,1152, ,1148,2,1,1,N, ,0,N, , , , , , , , ,1,0,1,0,0,0,0,0,0,0,1,0,1,0,0,0,0,0,0,0,1,0,0,0,0,0,0,0,0,0,0,0,0,0,0,3,0,39.993,-75.1934, , 
35579,381442,2015135008,6,67,67301,2015,12,6,1753,17,3,2,1,4,1, , ,N,1,2,0,3,0,2,3,2,N,N,40 02:03.403,75 04:28.523,1815, ,1757,2,1,7,Y, ,3,N, , , , , , , , ,2,0,0,0,1,0,1,0,0,0,2,0,2,0,0,0,0,0,0,0,1,0,0,0,0,0,0,0,0,0,0,0,0,0,0,3,0,40.0343,-75.0746, , 
35580,381471,2016002324,6,67,67301,2015,11,4,1350,13,1,1,0,4,1, , ,N,1,3,0,3,0,0,4,2,N, ,40 00:00.003,75 09:53.798,1435, ,1430, ,0, , , ,3, , , , , , , , , ,2,1,0,0,0,0,1,0,0,0,0,0,0,0,0,0,0,0,0,0,0,1,0,0,0,0,0,0,0,0,0,0,0,0,0,0,0,40,-75.1649, , 
35581,381493,2015109217,6,67,67301,2015,10,2,125,1,3,1,0,4,1, , ,N,1,2,0,3,0,0,2,2,N,N,39 58:10.213,75 12:45.380,130, ,125, ,0, ,N, ,3, , , , , , , , , ,2,0,0,0,0,1,1,0,0,0,0,0,0,0,0,0,0,0,0,0,1,0,0,0,0,0,0,0,0,0,0,0,0,0,0,0,1,39.9695,-75.2126, , 
35582,381514,2015129987,6,67,67301,2015,11,3,1104,11,1,2,1,5,1, , ,N,1,2,0,3,0,1,2,2,N, ,39 57:09.713,75 08:59.754,1110, ,1107, ,0, , , ,3, , , , , , , , , ,2,1,0,0,0,0,1,0,0,0,0,1,1,0,0,0,0,0,0,0,0,0,0,0,0,0,0,0,0,0,0,0,0,0,0,4,0,39.9528,-75.1499, , 
35583,381517,2015131267,6,67,67301,2015,11,2,1607,16,1,1,0,4,1, , ,N,2,0,0,3,0,2,4,2,N, ,40 02:20.517,75 05:18.885,1615, ,1611, ,0, , , ,0, , , , , , , , , ,2,1,0,0,0,0,0,0,0,0,0,0,2,2,1,0,0,1,0,0,0,0,0,1,0,0,0,0,0,0,0,0,0,0,0,8,0,40.039,-75.0886, , 
35584,381525,2016002350,6,67,67301,2015,11,5,1519,15,1,2,1,1,1, , ,N,2,2,0,3,0,1,4,3,N, ,40 04:01.387,75 03:43.833,1525, ,1519, ,0, , , ,3, , , , , , , , , ,3,1,0,0,0,0,2,0,0,0,0,0,1,1,0,0,0,0,0,0,0,1,0,1,0,0,0,0,0,0,0,0,0,0,0,8,0,40.0671,-75.0622, , 
35585,381546,2015135885,6,67,67301,2015,12,7,230,2,3,1,0,7,4, , ,N,0,0,0,3,0,0,1,1,N,N,40 01:47.817,75 11:16.055,300, ,240,3,2,1,Y, ,0,Y, , , , , , , , ,1,1,0,0,0,0,0,0,0,0,0,0,0,0,0,0,0,0,0,0,0,0,0,1,0,0,0,0,0,0,0,0,0,0,0,0,0,40.0299,-75.1878, , 
35586,381547,2016000951,6,67,67301,2015,12,7,1627,16,3,1,0,7,4, , ,N,0,0,0,3,0,1,1,1,N,N,40 04:35.179,75 05:06.423,1658, ,1650, ,0, ,N, ,0, , , , , , , , , ,1,1,0,0,0,0,0,0,0,0,0,1,1,0,0,0,0,0,0,0,0,0,0,0,0,0,0,0,0,0,0,0,0,0,0,4,0,40.0764,-75.0851, , 
35587,384209,2015120502,6,67,67301,2015,10,2,1615,16,1,1,0,1,1, , ,N,2,2,0,3,0,2,5,3,N, ,39 57:11.353,75 14:55.491,1627, ,1627, ,0, , , ,3, , , , , , , , , ,3,1,0,0,1,0,1,0,0,0,0,2,2,0,0,0,0,0,0,0,2,0,0,1,0,0,0,0,0,0,0,0,0,0,0,4,0,39.9532,-75.2487, , 
35588,384216,2015134583,6,67,67301,2015,12,2,933,9,1,1,0,1,1, , ,N,0,0,0,3,0,1,2,2,N,N,39 58:35.288,75 11:46.819,943, ,933, ,0, ,N, ,0, , , , , , , , , ,2,1,0,0,0,0,0,1,0,0,0,0,1,1,0,0,0,0,0,0,2,0,0,0,0,0,0,0,0,0,0,0,0,0,0,8,0,39.9765,-75.1963, , 
35589,384222,2016007498,6,67,67301,2015,12,1,1316,13,1,2,1,4,1, , ,N,1,2,0,3,0,1,2,2,N, ,40 00:05.796,75 07:42.898,1525, ,1520,3,1,1, , ,3,N, , , , , , , , ,2,2,0,0,0,0,0,0,0,0,0,0,1,1,0,0,0,0,0,0,0,0,0,0,0,0,0,0,0,0,0,0,0,0,0,8,0,40.0016,-75.1286, , 
35590,384231,2015120491,6,67,67301,2015,10,6,935,9,1,1,0,4,1, , ,N,1,3,0,3,0,3,3,2,N,N,39 57:01.504,75 14:42.907,937, ,936, ,0, ,N, ,3, , , , , , , , , ,2,0,0,0,0,0,1,1,0,0,0,3,3,0,0,0,0,0,0,0,1,0,0,0,0,0,0,0,0,0,0,0,0,0,0,4,0,39.9504,-75.2453, , 
35591,384241,2015130130,6,67,67301,2015,11,6,656,6,1,1,0,4,1, , ,N,1,2,0,3,0,2,4,2,N,N,40 03:14.351,75 02:56.006,715, ,702,2,2,1,N, ,3,Y, , , , , , , , ,2,1,0,0,0,0,1,0,0,0,0,0,2,2,0,0,0,0,0,0,1,0,0,0,0,0,0,0,0,0,0,0,0,0,0,8,0,40.0541,-75.049, , 
35592,384247,2015135831,6,67,67301,2015,11,7,1200,12,1,1,0,8,1, , ,N,1,2,0,3,0,1,2,2,N, ,39 58:54.478,75 10:54.811,1206, ,1203, ,0, , , ,3, , , , , , , , , ,1,0,0,0,0,0,0,0,1,0,0,1,1,0,0,0,0,0,0,0,0,0,0,0,0,0,0,0,0,0,0,0,0,0,0,4,0,39.9818,-75.1819, , 
35593,384250,2016022894,6,67,67301,2015,12,5,1330,13,1,1,0,5,1, , ,N,0,0,0,3,0,0,1,6,N,N,39 56:57.660,75 13:16.028,1347, ,1345, ,0, ,N, ,0, , , , , , , , , ,6,4,0,0,2,0,0,0,0,0,0,0,0,0,0,0,0,0,0,0,1,0,0,0,0,0,0,0,0,0,0,0,0,0,0,0,0,39.9494,-75.2211, , 
35594,384262,2015130006,6,67,67301,2015,10,7,1711,17,1,1,0,4,1, , ,N,0,0,7,3,0,2,2,2,N, ,40 02:37.312,75 06:14.576,1720, ,1711, ,0, , , ,0, , , , , , , , , ,2,2,0,0,0,0,0,0,0,0,0,2,2,0,0,0,0,0,0,0,0,0,0,0,0,0,0,0,0,0,0,0,0,0,0,4,0,40.0437,-75.104, , 
35595,384263,2015130097,6,67,67301,2015,11,5,1740,17,3,1,0,4,1, , ,N,1,3,0,3,0,0,5,2,N,N,40 02:02.731,75 07:26.425,1746, ,1744, ,0, ,N, ,3, , , , , , , , , ,2,1,0,0,0,1,0,0,0,0,0,0,0,0,0,0,0,0,0,0,0,0,0,0,0,0,0,0,0,0,0,0,0,0,0,0,0,40.0341,-75.124, , 
35596,384264,2015130133,6,67,67301,2015,11,4,810,8,1,1,0,6,1, , ,N,0,0,0,3,0,1,5,2,N,N,39 59:41.380,75 11:31.641,813, ,811, ,0, ,N, ,0, , , , , , , , , ,2,1,0,0,0,0,1,0,0,0,0,1,1,0,0,0,0,0,0,0,0,0,0,0,0,0,0,0,0,0,0,0,0,0,0,4,0,39.9948,-75.1921, , 
35597,384272,2016002340,6,67,67301,2015,12,4,1623,16,1,1,0,1,1, , ,N,1,2,0,3,0,0,2,2,N,N,39 56:26.901,75 09:58.218,1632, ,1630,1,1,2,N, ,3,N, , , , , , , , ,2,1,0,0,0,0,0,1,0,0,0,0,0,0,0,0,0,0,0,0,0,0,0,0,0,0,0,0,0,0,0,0,0,0,0,0,0,39.9408,-75.1661, , 
35598,384273,2016007640,6,67,67301,2015,12,1,1345,13,1,1,0,1,1, , ,N,2,2,7,3,0,1,2,2,N,N,40 00:30.111,75 10:13.459,1355, ,1350, ,0, ,N, ,2, , , , , , , , , ,2,2,0,0,0,0,0,0,0,0,0,0,1,1,0,0,0,0,0,0,0,0,0,0,0,0,0,0,0,0,0,0,0,0,0,8,0,40.0084,-75.1704, , 
35599,384275,2016015548,6,67,67301,2015,10,4,730,7,1,1,0,1,1, , ,N,1,2,0,3,0,1,2,2,N,N,40 04:01.668,75 03:04.331,0, ,0, ,0, ,N, ,3, , , , , , , , , ,2,1,0,0,0,0,0,0,0,0,1,0,1,0,0,0,0,0,0,0,0,0,0,0,0,0,0,0,0,0,0,0,0,0,0,3,0,40.0671,-75.0512, , 
35600,384320,2015109272,6,67,67301,2015,9,4,1256,12,1,1,0,1,1, , ,N,0,2,0,3,0,1,3,2,N, ,40 02:41.254,75 05:19.259,1335, ,1329, ,0, , , ,3, , , , , , , , , ,2,1,0,0,0,0,1,0,0,0,0,0,1,1,0,0,0,0,0,0,2,0,0,0,0,0,0,0,0,0,0,0,0,0,0,8,0,40.0448,-75.0887, , 
35601,384321,2015109309,6,67,67301,2015,10,7,1500,15,1,1,0,5,1, , ,N,0,0,7,3,0,1,2,2,N, ,40 00:57.506,75 07:46.696,2020, ,2016, ,0, , , ,0, , , , , , , , , ,1,0,0,0,1,0,0,0,1,0,1,0,1,0,0,0,0,0,0,0,0,0,0,0,0,0,0,0,0,0,0,0,0,0,0,3,0,40.016,-75.1296, , 
35602,384334,2015131469,6,67,67301,2015,12,5,1746,17,3,1,0,1,1, , ,N,0,0,0,3,0,1,2,2,N,N,39 58:37.128,75 11:55.844,1754, ,1751, ,0, ,N, ,0, , , , , , , , , ,2,1,0,0,0,1,0,0,0,0,0,1,1,0,0,0,0,0,0,0,0,1,0,0,0,0,0,0,0,0,0,0,0,0,0,4,1,39.977,-75.1988, , 
35603,384346,2015128667,6,67,67301,2015,11,5,2240,22,3,1,0,4,1, , ,N,1,2,0,3,0,1,2,2,N,N,39 57:04.885,75 09:18.588,2348, ,2335, ,0, , , ,3, , , , , , , , , ,1,1,0,0,0,0,0,0,1,0,0,1,1,0,1,0,0,0,0,0,0,0,0,0,0,0,0,0,0,0,0,0,0,0,0,4,0,39.9513,-75.1551, , 
35604,384365,2015117587,6,67,67301,2015,10,4,745,7,1,9,8,1,1, , ,N,0,0,0,3,0,1,2,2,N,N,40 00:49.384,75 08:29.360,2100, ,2100, ,0, ,N, ,0, , , , , , , , , ,2,0,0,0,0,0,1,0,0,0,0,1,1,0,0,0,0,0,0,0,1,0,0,1,0,0,0,0,0,0,0,0,0,0,0,4,0,40.0137,-75.1415, , 