objectid_1,objectid,crn,district,county,municipality,crash_year,crash_month,day_of_week,time_of_day,hour_of_day,illumination,weather,road_condition,collision_type,relation_to_road,work_zone_type,work_zone_loc,work_zone_ind,intersect_type,tcd_type,location_type,urban_rural,fatal_count,injury_count,person_count,total_units,sch_bus_ind,sch_zone_ind,latitude,longitude,arrival_tm,cons_zone_spd_lim,dispatch_tm,est_hrs_closed,lane_closed,ln_close_dir,ntfy_hiwy_maint,spec_juris_cd,tcd_func_cd,tfc_detour_ind,workers_pres,wz_close_detour,wz_flagger,wz_law_offcr_ind,wz_ln_closure,wz_moving,wz_other,wz_shlder_mdn,vehicle_count,automobile_count,motorcycle_count,bus_count,small_truck_count,heavy_truck_count,suv_count,van_count,bicycle_count,maj_inj_count,mod_inj_count,min_inj_count,tot_inj_count,unk_inj_deg_count,unk_inj_per_count,driver_count_16yr,driver_count_17yr,driver_count_18yr,driver_count_19yr,driver_count_20yr,driver_count_50_64yr,driver_count_65_74yr,driver_count_75plus,unbelted_occ_count,unb_death_count,unb_maj_inj_count,belted_death_count,belted_maj_inj_count,mcycle_death_count,mcycle_maj_inj_count,bicycle_death_count,bicycle_maj_inj_count,ped_count,ped_death_count,ped_maj_inj_count,max_severity_level,comm_veh_count,dec_lat,dec_long,rdwy_surf_type_cd,county_name
35874,382204,2015118167,6,67,67301,2015,10,7,114,1,3,1,0,8,1, , ,N,0,0,1,3,0,1,3,2,N,N,39 57:41.537,75 09:12.256,117, ,114,3,2,3,N, ,0,N, , , , , , , , ,1,1,0,0,0,0,0,0,0,1,0,0,1,0,0,0,0,0,0,0,0,0,0,0,0,0,0,0,0,0,0,0,1,0,1,2,0,39.9615,-75.1534, , 
35875,382212,2015129944,6,67,67301,2015,11,1,1340,13,1,1,0,1,1, , ,N,0,0,0,3,0,3,4,3,N,N,39 58:44.356,75 12:52.583,1340, ,1340, ,0, , , ,0, , , , , , , , , ,3,0,0,0,0,0,3,0,0,0,0,0,3,3,0,0,0,0,0,0,1,0,0,0,0,0,0,0,0,0,0,0,0,0,0,8,0,39.979,-75.2146, , 
35876,382213,2015130382,6,67,67301,2015,11,2,20,0,3,1,0,4,1, , ,N,2,2,1,3,0,3,3,2,N,N,39 55:19.017,75 11:19.719,30, ,24,9,1,5, , ,3,N, , , , , , , , ,2,2,0,0,0,0,0,0,0,0,1,0,3,2,0,0,0,0,0,0,0,0,0,0,0,0,0,0,0,0,0,0,0,0,0,3,0,39.9219,-75.1888, , 
35877,382221,2016007476,6,67,67301,2015,12,5,17,0,3,2,1,4,1, , ,N,1,2,0,3,0,4,4,2,N,N,39 57:30.554,75 13:30.649,53, ,27, ,0, ,N, ,3, , , , , , , , , ,2,2,0,0,0,0,0,0,0,0,0,4,4,0,0,0,0,0,0,0,0,1,0,0,0,0,0,0,0,0,0,0,0,0,0,4,0,39.9585,-75.2252, , 
35878,382261,2016000734,6,67,67301,2015,12,4,2142,21,3,1,1,7,3, , ,N,0,0,0,3,0,3,4,3,N,N,40 00:02.503,75 11:41.175,2142, ,2142,3,2,6,Y, ,0,Y, , , , , , , , ,3,1,0,0,1,0,1,0,0,1,1,1,3,0,0,0,0,0,0,0,0,0,0,1,0,0,0,1,0,0,0,0,0,0,0,2,0,40.0007,-75.1948, , 
35879,385092,2014030257,6,67,67301,2014,2,5,1640,16,1,1,0,4,1, , ,N,2,2,0,3,0,0,2,3,N,N,40 02:12.961,75 08:42.306,1650, ,1640,2,1,2,N, ,3,N, , , , , , , , ,3,3,0,0,0,0,0,0,0,0,0,0,0,0,0,0,0,0,0,0,0,0,0,0,0,0,0,0,0,0,0,0,0,0,0,0,0,40.0369,-75.1451, , 
35880,385114,2014059286,6,67,67301,2014,5,5,1010,10,1,1,0,4,1, , ,N,1,2,0,3,0,0,2,2,N,N,39 55:02.335,75 10:28.647,1025, ,1017, ,0, ,N, ,3, , , , , , , , , ,2,2,0,0,0,0,0,0,0,0,0,0,0,0,0,0,0,0,0,0,1,1,0,0,0,0,0,0,0,0,0,0,0,0,0,0,0,39.9173,-75.1746, , 
35881,385155,2014038883,6,67,67301,2014,3,7,1741,17,1,1,0,7,4, , ,N,0,0,0,3,0,1,1,1,N,N,40 01:50.553,75 13:19.839,1746, ,1741, ,0, ,N, ,0, , , , , , , , , ,1,0,0,0,0,0,1,0,0,0,0,0,1,1,0,0,0,0,0,0,0,0,0,0,0,0,0,0,0,0,0,0,0,0,0,8,0,40.0307,-75.2222, , 
35882,385165,2014049457,6,67,67301,2014,4,6,9999,99,1,1,0,6,1, , ,N,0,0,0,3,0,2,3,2,N,N,40 01:29.511,75 09:36.761,1143, ,1140, ,0, ,N, ,0, , , , , , , , , ,2,1,0,0,0,0,0,1,0,0,0,0,2,2,0,0,0,0,0,1,0,0,0,0,0,0,0,0,0,0,0,0,0,0,0,8,0,40.0249,-75.1602, , 
35883,385166,2014049793,6,67,67301,2014,4,6,1145,11,1,1,0,4,1, , ,N,1,3,0,3,0,1,2,2,N,N,40 01:04.929,75 03:26.078,1303, ,1257, ,0, , , ,3, , , , , , , , , ,2,1,0,0,0,0,0,1,0,0,0,0,1,1,1,0,0,0,1,0,0,0,0,0,0,0,0,0,0,0,0,0,0,0,0,8,0,40.018,-75.0572, , 
35884,385177,2014012686,6,67,67301,2014,1,3,1021,10,1,4,3,7,2, , ,N,0,0,0,3,0,0,1,1,N,N,40 00:09.397,75 04:40.406,1028, ,1026, ,0, ,N, ,0, , , , , , , , , ,1,1,0,0,0,0,0,0,0,0,0,0,0,0,0,0,0,0,0,1,0,0,0,0,0,0,0,0,0,0,0,0,0,0,0,0,0,40.0026,-75.0779, , 
35885,385202,2014049491,6,67,67301,2014,4,4,9999,99,1,1,0,4,1, , ,N,5,2,0,3,0,0,3,2,N,N,39 58:02.976,75 13:55.022,1706, ,1705, ,0, ,N, ,3, , , , , , , , , ,2,1,0,0,0,0,1,0,0,0,0,0,0,0,2,0,0,0,1,0,1,0,0,3,0,0,0,0,0,0,0,0,0,0,0,9,0,39.9675,-75.2319, , 
35886,385203,2014049664,6,67,67301,2014,4,7,840,8,1,1,0,4,1, , ,N,1,3,0,3,0,1,2,2,N,N,40 05:27.240,75 02:28.031,900, ,844, ,0, ,N, ,3, , , , , , , , , ,2,1,0,0,0,0,1,0,0,0,0,1,1,0,0,0,0,0,0,0,1,1,0,0,0,0,0,0,0,0,0,0,0,0,0,4,0,40.0909,-75.0411, , 
35887,385223,2014016157,6,67,67301,2014,1,2,1812,18,3,1,0,8,1, , ,N,1,0,0,3,0,1,3,2,N,N,40 03:35.381,75 09:57.466,1818, ,1815, ,0, ,N, ,0, , , , , , , , , ,1,1,0,0,0,0,0,0,0,0,0,0,1,1,0,0,0,0,0,0,0,1,0,0,0,0,0,0,0,0,0,0,1,0,0,8,0,40.0598,-75.166, , 
35888,385231,2014025871,6,67,67301,2014,1,6,1138,11,1,1,0,1,1, , ,N,1,2,0,3,0,1,2,2,N,N,40 01:58.076,75 04:44.313,1238, ,1221, ,0, ,N, ,3, , , , , , , , , ,2,2,0,0,0,0,0,0,0,0,0,1,1,0,0,0,0,0,0,0,1,0,0,1,0,0,0,0,0,0,0,0,0,0,0,4,0,40.0328,-75.079, , 
35889,385244,2014043056,6,67,67301,2014,3,5,1829,18,4,1,0,1,1, , ,N,1,2,0,3,0,1,3,2,N,N,40 00:27.502,75 07:38.377,2013, ,2012, ,0, ,N, ,3, , , , , , , , , ,2,1,0,0,0,0,1,0,0,0,0,1,1,0,0,0,0,0,0,0,0,0,0,0,0,0,0,0,0,0,0,0,0,0,0,4,0,40.0076,-75.1273, , 
35890,385256,2014060630,6,67,67301,2014,6,6,644,6,5,2,7,5,1, , ,N,0,7,0,3,0,0,2,2,N,N,39 57:29.288,75 08:28.446,644, ,644,2,1,2,N, ,3,N, , , , , , , , ,2,0,0,0,0,0,1,0,0,0,0,0,0,0,1,0,0,0,0,0,0,0,0,0,0,0,0,0,0,0,0,0,0,0,0,9,0,39.9581,-75.1412, , 
35891,385278,2014025490,6,67,67301,2014,2,7,30,0,3,9,6,5,1, , ,N,0,0,0,3,0,1,3,2,N,N,40 00:06.299,75 09:09.945,150, ,150, ,0, ,N, ,0, , , , , , , , , ,2,2,0,0,0,0,0,0,0,0,0,1,1,0,0,0,0,0,0,1,1,0,0,0,0,0,0,0,0,0,0,0,0,0,0,4,0,40.0017,-75.1528, , 
35892,385284,2014029203,6,67,67301,2014,3,6,2325,23,3,1,0,1,1, , ,N,0,0,0,3,0,2,4,2,N,N,39 58:06.529,75 07:45.196,2343, ,2330,1,1,2,N, ,0,N, , , , , , , , ,2,1,0,0,1,0,0,0,0,0,0,2,2,0,0,0,0,0,0,0,0,0,0,0,0,0,0,0,0,0,0,0,0,0,0,4,0,39.9685,-75.1292, , 
35893,385287,2014032350,6,67,67301,2014,2,3,1145,11,1,4,1,5,1, , ,N,2,2,0,3,0,0,2,2,N,N,40 00:45.170,75 03:29.345,1155, ,1150, ,0, ,N, ,3, , , , , , , , , ,2,1,0,0,1,0,0,0,0,0,0,0,0,0,0,0,0,0,0,0,1,0,0,0,0,0,0,0,0,0,0,0,0,0,0,0,0,40.0125,-75.0582, , 
35894,385300,2014044162,6,67,67301,2014,3,5,1305,13,1,1,0,4,1, , ,N,1,3,0,3,0,1,3,2,N, ,39 58:46.506,75 14:27.387,1318, ,1315, ,0, , , ,3, , , , , , , , , ,2,1,0,0,0,0,1,0,0,0,0,0,1,1,0,0,0,0,0,0,0,0,0,1,0,0,0,0,0,0,0,0,0,0,0,8,0,39.9796,-75.2409, , 
35895,385307,2014049520,6,67,67301,2014,4,6,2352,23,3,1,0,1,1, , ,N,0,2,0,3,0,0,4,5,N,N,39 56:31.826,75 08:51.043,2352, ,2352, ,0, ,N, ,3, , , , , , , , , ,5,5,0,0,0,0,0,0,0,0,0,0,0,0,0,0,0,0,0,0,0,0,0,2,0,0,0,0,0,0,0,0,0,0,0,0,0,39.9422,-75.1475, , 
35896,385328,2014016152,6,67,67301,2014,1,6,900,9,5,3,5,1,2, , ,N,0,0,0,3,0,0,1,2,N, ,40 06:24.687,75 02:15.131,900, ,900,3,2,3,Y, ,0,Y, , , , , , , , ,2,1,0,0,0,1,0,0,0,0,0,0,0,0,0,0,0,0,0,0,0,0,0,0,0,0,0,0,0,0,0,0,0,0,0,0,1,40.1069,-75.0375, , 
35897,389762,2014039017,6,67,67301,2014,3,7,315,3,3,1,0,4,1, , ,N,1,2,0,3,0,3,3,2,N, ,39 59:39.677,75 09:28.125,320, ,317, ,0, , , ,3, , , , , , , , , ,2,2,0,0,0,0,0,0,0,0,0,3,3,0,0,0,0,0,1,0,0,0,0,0,0,0,0,0,0,0,0,0,0,0,0,4,0,39.9943,-75.1577, , 
35898,389773,2014055825,6,67,67301,2014,3,6,1239,12,1,1,0,5,1, , ,N,0,0,3,3,0,1,3,3,N,N,39 53:53.998,75 12:37.684,1242, ,1240,1,2,4, , ,0,Y, , , , , , , , ,3,0,0,0,0,0,1,0,0,0,0,0,1,1,0,0,0,0,0,0,0,0,0,0,0,0,0,0,0,0,0,0,0,0,0,8,0,39.8983,-75.2105, , 
35899,389812,2014029813,6,67,67301,2014,2,4,1215,12,1,2,1,4,1, , ,N,1,2,0,3,0,1,3,2,N,N,40 02:40.890,75 03:16.537,1223, ,1215,1,2,2,N, ,3,N, , , , , , , , ,2,1,0,0,0,0,0,1,0,0,1,0,1,0,0,0,0,0,0,0,1,0,0,0,0,0,0,0,0,0,0,0,0,0,0,3,0,40.0446,-75.0547, , 
35900,389825,2014038927,6,67,67301,2014,2,6,1800,18,3,1,0,1,1, , ,N,1,2,0,3,0,1,2,2,N, ,40 04:05.322,75 01:46.758,1710, ,1705, ,0, , , ,3, , , , , , , , , ,2,2,0,0,0,0,0,0,0,0,0,0,1,1,1,0,0,0,0,0,0,0,0,0,0,0,0,0,0,0,0,0,0,0,0,8,0,40.0681,-75.0297, , 
35901,389870,2014038882,6,67,67301,2014,3,1,1900,19,3,2,1,4,1, , ,N,1,2,0,3,0,0,3,2,N,N,39 57:11.414,75 10:11.809,1910, ,1905, ,0, ,N, ,3, , , , , , , , , ,2,0,0,0,0,0,1,1,0,0,0,0,0,0,0,0,0,0,0,0,0,0,0,0,0,0,0,0,0,0,0,0,0,0,0,0,0,39.9532,-75.17, , 
35902,389877,2014049594,6,67,67301,2014,4,5,800,8,1,1,0,8,1, , ,N,1,2,0,3,0,1,2,2,N,N,39 55:27.728,75 10:10.600,1005, ,959, ,0, ,N, ,3, , , , , , , , , ,1,0,0,0,0,0,0,0,0,0,0,0,1,1,1,0,0,0,0,0,0,0,0,0,0,0,0,0,0,0,0,0,1,0,0,8,0,39.9244,-75.1696, , 
35903,389889,2014019371,6,67,67301,2014,2,2,2352,23,3,1,0,1,1, , ,N,0,0,0,3,0,1,5,2,N,N,39 57:48.972,75 11:03.274,2352, ,2352,1,1,3,N, ,0,N, , , , , , , , ,2,1,0,0,0,0,1,0,0,0,0,0,1,1,0,0,0,0,0,0,1,0,0,0,0,0,0,0,0,0,0,0,0,0,0,8,0,39.9636,-75.1842, , 
35904,389893,2014029885,6,67,67301,2014,2,7,650,6,1,1,0,4,1, , ,N,1,2,0,3,0,0,2,2,N, ,39 56:35.610,75 09:13.269,706, ,701, ,0, , , ,3, , , , , , , , , ,2,1,0,0,0,0,1,0,0,0,0,0,0,0,1,0,0,0,0,0,1,0,0,0,0,0,0,0,0,0,0,0,0,0,0,9,0,39.9432,-75.1537, , 
35905,389900,2014034841,6,67,67301,2014,1,7,1235,12,1,4,1,7,3, , ,N,3,2,0,3,0,0,5,2,N,N,40 01:45.922,75 11:20.353,1245, ,1238, ,0, ,N, ,3, , , , , , , , , ,2,1,0,0,1,0,0,0,0,0,0,0,0,0,0,0,0,0,0,0,0,0,0,0,0,0,0,0,0,0,0,0,0,0,0,0,0,40.0294,-75.189, , 
35906,389924,2014049735,6,67,67301,2014,4,6,1545,15,1,1,0,4,1, , ,N,2,3,0,3,0,1,2,2,N,N,40 05:20.745,75 02:44.078,1620, ,1618, ,0, ,N, ,3, , , , , , , , , ,2,1,0,0,0,0,1,0,0,0,0,0,1,1,0,0,0,0,0,0,1,0,0,0,0,0,0,0,0,0,0,0,0,0,0,8,0,40.0891,-75.0455, , 
35907,389936,2014016974,6,67,67301,2014,1,1,2110,21,3,2,1,8,1, , ,N,1,2,0,3,0,1,2,2,N, ,39 57:06.318,75 12:11.069,2114, ,2112, ,0, , , ,3, , , , , , , , , ,1,0,0,0,1,0,0,0,0,0,0,1,1,0,0,0,0,0,0,0,0,0,0,0,0,0,0,0,0,0,0,0,1,0,0,4,0,39.9518,-75.2031, , 
35908,389937,2014019151,6,67,67301,2014,1,1,1059,10,1,1,0,1,1, , ,N,1,2,0,3,0,1,2,2,N,N,40 01:47.921,75 06:15.655,1110, ,1059,1,1,2,N, ,3,N, , , , , , , , ,2,1,0,0,1,0,0,0,0,0,0,1,1,0,0,0,0,0,0,0,1,0,0,0,0,0,0,0,0,0,0,0,0,0,0,4,0,40.03,-75.1043, , 
35909,389943,2014025292,6,67,67301,2014,1,3,1500,15,1,1,0,4,1, , ,N,1,2,0,3,0,3,4,2,N,N,40 01:15.937,75 08:23.758,1518, ,1501, ,0, , , ,3, , , , , , , , , ,2,1,0,0,0,0,1,0,0,0,0,3,3,0,0,0,0,0,0,0,0,0,0,0,0,0,0,0,0,0,0,0,0,0,0,4,0,40.0211,-75.1399, , 
35910,389944,2014025426,6,67,67301,2014,1,5,1935,19,3,1,0,5,6, , ,N,0,0,0,3,0,1,2,2,N, ,40 00:56.929,75 08:06.044,1955, ,1950, ,0, , , ,0, , , , , , , , , ,2,2,0,0,0,0,0,0,0,0,0,0,1,1,0,0,0,0,0,0,0,0,1,0,0,0,0,0,0,0,0,0,0,0,0,8,0,40.0158,-75.135, , 
35911,389948,2014032446,6,67,67301,2014,2,3,1620,16,1,4,6,4,1, , ,N,1,2,0,3,0,1,3,2,N,N,39 58:39.875,75 12:48.192,1635, ,1627, ,0, ,N, ,3, , , , , , , , , ,2,2,0,0,0,0,0,0,0,0,0,0,1,1,0,0,0,0,0,0,1,0,0,0,0,0,0,0,0,0,0,0,0,0,0,8,0,39.9777,-75.2134, , 
35912,389949,2014032449,6,67,67301,2014,2,2,9999,99,1,1,0,8,1, , ,N,0,0,0,3,0,1,2,2,N, ,39 55:31.693,75 10:11.161,1353, ,1346, ,0, ,N, ,0, , , , , , , , , ,1,0,0,0,0,0,0,0,0,0,0,0,1,1,1,0,0,0,0,0,0,0,0,0,0,0,0,0,0,0,0,0,1,0,0,8,0,39.9255,-75.1698, , 
35913,389950,2014032454,6,67,67301,2014,2,6,2040,20,3,8,1,1,1, , ,N,1,2,0,3,0,2,3,3,N,N,40 03:04.368,75 03:57.572,2047, ,2042, ,0, ,N, ,3, , , , , , , , , ,3,3,0,0,0,0,0,0,0,0,2,0,2,0,0,0,0,0,0,0,0,0,0,0,0,0,0,0,0,0,0,0,0,0,0,3,0,40.0512,-75.0661, , 
35914,389958,2014036744,6,67,67301,2014,4,5,745,7,1,1,0,4,1, , ,N,5,2,0,3,0,1,2,2,N,N,40 00:11.467,75 09:09.273,755, ,750, ,0, ,N, ,3, , , , , , , , , ,2,0,0,0,0,0,2,0,0,0,1,0,1,0,0,0,0,0,0,0,0,0,0,0,0,0,0,0,0,0,0,0,0,0,0,3,0,40.0032,-75.1525, , 
35915,396031,2014042718,6,67,67301,2014,3,6,1827,18,1,1,0,8,1, , ,N,1,0,0,3,0,1,2,2,N,N,40 00:06.303,75 08:54.495,1901, ,1852, ,0, ,N, ,0, , , , , , , , , ,1,1,0,0,0,0,0,0,0,0,0,1,1,0,0,0,0,0,0,0,0,0,0,0,0,0,0,0,0,0,0,0,1,0,0,4,0,40.0018,-75.1485, , 
35916,396032,2014043115,6,67,67301,2014,3,2,1449,14,1,4,1,1,1, , ,N,0,0,0,3,0,1,2,2,N,N,39 56:52.006,75 13:43.703,1500, ,1449, ,0, , , ,0, , , , , , , , , ,2,1,0,0,1,0,0,0,0,1,0,0,1,0,0,0,0,0,0,0,1,0,0,0,0,0,0,0,0,0,0,0,0,0,0,2,0,39.9478,-75.2288, , 
35917,396039,2014049532,6,67,67301,2014,4,6,2118,21,3,2,1,4,1, , ,N,1,2,0,3,0,2,2,2,N,N,40 01:30.578,75 03:45.748,2120, ,2118, ,0, ,N, ,3, , , , , , , , , ,2,2,0,0,0,0,0,0,0,0,0,0,2,2,0,0,0,0,1,1,0,0,0,0,0,0,0,0,0,0,0,0,0,0,0,8,0,40.0252,-75.0627, , 
35918,396043,2014054555,6,67,67301,2014,4,4,1301,13,1,1,0,4,1, , ,N,1,3,0,3,0,1,3,2,N,N,40 01:13.458,75 08:24.453,1326, ,1301, ,0, ,N, ,3, , , , , , , , , ,2,2,0,0,0,0,0,0,0,0,0,1,1,0,0,0,0,0,0,0,0,1,0,0,0,0,0,0,0,0,0,0,0,0,0,4,0,40.0204,-75.1401, , 
35919,396066,2014019091,6,67,67301,2014,1,5,1538,15,1,1,0,8,1, , ,N,0,0,0,3,0,1,4,2,N,N,39 59:14.603,75 06:45.444,1600, ,1554, ,0, ,N, ,0, , , , , , , , , ,1,1,0,0,0,0,0,0,0,0,0,1,1,0,0,0,0,0,0,0,0,0,0,0,0,0,0,0,0,0,0,0,1,0,0,4,0,39.9874,-75.1126, , 
35920,396071,2014025524,6,67,67301,2014,1,7,1528,15,1,4,3,8,1, , ,N,1,2,0,3,0,1,2,2,N, ,40 06:46.747,75 01:23.201,1532, ,1530,2,1,2, , ,3,N, , , , , , , , ,1,0,0,0,0,0,0,1,0,0,0,1,1,0,0,0,0,0,0,0,0,0,0,0,0,0,0,0,0,0,0,0,1,0,0,4,0,40.113,-75.023, , 
35921,396075,2014028060,6,67,67301,2014,1,6,1115,11,1,1,0,4,1, , ,N,1,2,0,3,0,1,4,2,N,N,40 03:08.339,75 00:28.750,1120, ,1115,2,1,2,N, ,3,Y, , , , , , , , ,2,1,0,0,0,0,1,0,0,0,0,0,1,1,0,0,0,0,0,0,0,1,0,0,0,0,0,0,0,0,0,0,0,0,0,8,0,40.0523,-75.008, , 
35922,396132,2014049721,6,67,67301,2014,4,3,927,9,1,2,1,4,1, , ,N,2,0,0,3,0,1,4,2,N,N,39 57:05.909,75 14:56.616,935, ,933, ,0, ,N, ,0, , , , , , , , , ,2,1,0,0,0,0,1,0,0,0,0,1,1,0,0,0,0,0,0,0,0,0,0,1,0,0,0,0,0,0,0,0,0,0,0,4,0,39.9516,-75.2491, , 
35923,396175,2014043599,6,67,67301,2014,4,2,1452,14,1,1,0,5,1, , ,N,0,2,3,3,0,0,3,2,N,N,39 57:33.167,75 10:24.795,1454, ,1452,1,2,3,N, ,3,N, , , , , , , , ,2,2,0,0,0,0,0,0,0,0,0,0,0,0,0,0,0,0,0,0,0,0,1,0,0,0,0,0,0,0,0,0,0,0,0,0,0,39.9592,-75.1736, , 
35924,396177,2014046696,6,67,67301,2014,5,5,1525,15,1,1,0,1,1, , ,N,0,0,0,3,0,2,5,4,N,N,39 57:51.910,75 08:16.026,1534, ,1534, ,0, ,N, ,0, , , , , , , , , ,4,3,0,0,0,0,1,0,0,0,0,0,2,2,1,0,0,0,0,1,0,0,0,0,0,0,0,0,0,0,0,0,0,0,0,8,0,39.9644,-75.1378, , 
35925,396181,2014049573,6,67,67301,2014,4,5,1255,12,1,1,0,1,1, , ,N,0,0,0,3,0,2,2,2,N,N,40 02:18.605,75 10:37.217,1310, ,1300,1,2,1, , ,0,N, , , , , , , , ,2,0,0,0,1,0,1,0,0,0,0,0,2,2,0,0,0,0,0,0,1,0,0,0,0,0,0,0,0,0,0,0,0,0,0,8,0,40.0385,-75.177, , 
35926,396183,2014050311,6,67,67301,2014,4,1,1000,10,1,1,0,4,1, , ,N,5,2,2,3,0,3,4,2,N,N,39 57:24.276,75 09:08.534,1003, ,1000,1,1,2,N, ,3,N, , , , , , , , ,2,1,0,0,0,0,1,0,0,0,0,3,3,0,0,0,0,0,0,0,0,1,0,0,0,0,0,0,0,0,0,0,0,0,0,4,0,39.9566,-75.1524, , 
35927,396219,2014027703,6,67,67301,2014,1,6,834,8,1,1,0,8,1, , ,N,1,2,0,3,0,1,2,2,N, ,39 57:25.688,75 12:51.554,836, ,834, ,0, , , ,3, , , , , , , , , ,1,1,0,0,0,0,0,0,0,0,0,1,1,0,0,0,0,0,0,0,0,0,0,0,0,0,0,0,0,0,0,0,1,0,0,4,0,39.9571,-75.2143, , 
35928,396225,2014032376,6,67,67301,2014,2,2,1,0,2,1,0,7,3, , ,N,0,0,0,3,0,1,1,2,N,N,40 01:09.814,75 08:41.823,10, ,4, ,0, ,N, ,0, , , , , , , , , ,1,1,0,0,0,0,0,0,0,0,1,0,1,0,0,0,0,0,0,0,0,0,0,0,0,0,0,0,0,0,0,0,0,0,0,3,0,40.0194,-75.145, , 
35929,396240,2014054538,6,67,67301,2014,4,6,1545,15,1,1,0,8,1, , ,N,1,3,0,3,0,1,2,2,N, ,40 00:35.298,75 08:34.652,1727, ,1723, ,0, , , ,3, , , , , , , , , ,1,1,0,0,0,0,0,0,0,0,0,1,1,0,0,0,0,0,0,0,0,0,0,0,0,0,0,0,0,0,0,0,1,0,0,4,0,40.0098,-75.143, , 
35930,396257,2014025326,6,67,67301,2014,1,4,1615,16,1,1,3,4,1, , ,N,1,2,0,3,0,0,2,2,N,N,39 57:20.190,75 11:22.129,1625, ,1620, ,0, ,N, ,3, , , , , , , , , ,2,0,0,0,0,0,2,0,0,0,0,0,0,0,0,0,0,0,0,0,1,0,0,0,0,0,0,0,0,0,0,0,0,0,0,0,0,39.9556,-75.1895, , 
35931,396258,2014027693,6,67,67301,2014,2,4,2340,23,3,1,5,5,6, , ,N,0,0,0,3,0,0,1,4,N,N,39 58:08.734,75 12:46.623,2342, ,2342, ,0, ,N, ,0, , , , , , , , , ,4,2,0,0,0,0,1,1,0,0,0,0,0,0,1,0,0,0,0,0,0,0,0,0,0,0,0,0,0,0,0,0,0,0,0,9,0,39.9691,-75.213, , 
35932,396262,2014029820,6,67,67301,2014,1,4,500,5,3,1,0,4,1, , ,N,1,2,0,3,0,2,4,3,N,N,40 00:49.975,75 07:33.617,708, ,706,3,2,5,N, ,3,Y, , , , , , , , ,3,3,0,0,0,0,0,0,0,0,2,0,2,0,0,0,0,0,0,0,0,0,0,0,0,0,0,0,0,0,0,0,0,0,0,3,0,40.0139,-75.126, , 
35933,382274,2015115127,6,67,67301,2015,10,2,2020,20,3,1,0,8,1, , ,N,1,2,0,3,0,1,2,2,N, ,40 00:41.644,75 06:28.900,2105, ,2100, ,0, , , ,3, , , , , , , , , ,1,0,0,0,0,0,1,0,0,0,0,0,1,1,1,0,0,0,0,0,0,0,0,0,0,0,0,0,0,0,0,0,1,0,0,8,0,40.0116,-75.108, , 
35934,382307,2015109251,6,67,67301,2015,10,7,310,3,3,2,1,5,6, , ,N,0,0,0,3,0,0,1,3,N,N,40 02:21.275,75 07:39.808,350, ,343, ,0, ,N, ,0, , , , , , , , , ,3,2,0,0,0,0,0,0,0,0,0,0,0,0,1,0,0,0,0,0,1,0,0,0,0,0,0,0,0,0,0,0,0,0,0,9,0,40.0392,-75.1277, , 
35935,382311,2015114556,6,67,67301,2015,10,2,1454,14,1,1,0,4,1, , ,N,10,2,0,3,0,1,4,2,N,N,40 01:36.580,75 05:52.985,1503, ,1458,9,1,1,N, ,3,N, , , , , , , , ,2,1,0,0,0,0,1,0,0,0,0,0,1,1,0,0,0,0,0,0,1,0,0,0,0,0,0,0,0,0,0,0,0,0,0,8,0,40.0268,-75.0981, , 
35936,382315,2015118151,6,67,67301,2015,10,6,540,5,3,1,0,1,1, , ,N,0,0,0,3,1,0,2,2,N,N,40 04:41.523,75 01:51.112,605, ,600,2,2,1,N,0,0,N, , , , , , , , ,2,0,0,0,0,1,1,0,0,0,0,0,0,0,0,0,0,0,0,0,0,0,1,0,0,0,1,0,0,0,0,0,0,0,0,1,1,40.0782,-75.0309,2, 
35937,382331,2015131226,6,67,67301,2015,11,1,1841,18,3,1,0,4,1, , ,N,1,2,0,3,0,1,2,2,N, ,40 00:31.197,75 04:08.216,1852, ,1842,3,1,5, , ,3,N, , , , , , , , ,2,0,1,0,0,0,0,1,0,1,0,0,1,0,0,0,1,0,0,0,0,0,0,0,0,0,0,0,0,1,0,0,0,0,0,2,0,40.0086,-75.0688, , 
35938,382355,2015134586,6,67,67301,2015,12,2,1957,19,3,1,0,5,1, , ,N,0,0,0,3,0,0,2,2,N,N,39 57:25.601,75 09:07.535,2010, ,2003,2,2,3,N, ,0,N, , , , , , , , ,2,1,0,0,0,0,1,0,0,0,0,0,0,0,0,0,0,0,0,0,1,0,0,0,0,0,0,0,0,0,0,0,0,0,0,0,0,39.9571,-75.1521, , 
35939,382358,2016007604,6,67,67301,2015,12,3,1609,16,4,2,1,6,1, , ,N,0,2,0,3,0,1,3,2,N, ,40 02:37.785,75 05:06.977,1624, ,1619,2,2,3,N, ,2,Y, , , , , , , , ,2,1,0,0,0,0,0,1,0,0,0,1,1,0,0,0,0,0,0,0,0,0,0,2,0,0,0,0,0,0,0,0,0,0,0,4,0,40.0438,-75.0853, , 
35940,382363,2015128534,6,67,67301,2015,11,3,1749,17,3,1,0,1,1, , ,N,1,2,0,3,0,2,3,2,N,N,40 02:41.444,75 01:02.862,1850, ,1845, ,0, ,N, ,3, , , , , , , , , ,2,1,0,0,1,0,0,0,0,0,0,0,2,2,0,1,0,0,0,0,1,0,0,1,0,0,0,0,0,0,0,0,0,0,0,8,0,40.0448,-75.0175, , 
35941,382373,2015135891,6,67,67301,2015,12,6,0,0,3,1,0,5,6, , ,N,0,0,0,3,0,0,1,3,N,N,39 59:24.158,75 07:01.066,245, ,240, ,0, ,N, ,0, , , , , , , , , ,3,2,0,0,0,0,0,1,0,0,0,0,0,0,1,0,0,0,0,0,0,0,0,0,0,0,0,0,0,0,0,0,0,0,0,9,0,39.99,-75.117, , 