objectid_1,objectid,crn,district,county,municipality,crash_year,crash_month,day_of_week,time_of_day,hour_of_day,illumination,weather,road_condition,collision_type,relation_to_road,work_zone_type,work_zone_loc,work_zone_ind,intersect_type,tcd_type,location_type,urban_rural,fatal_count,injury_count,person_count,total_units,sch_bus_ind,sch_zone_ind,latitude,longitude,arrival_tm,cons_zone_spd_lim,dispatch_tm,est_hrs_closed,lane_closed,ln_close_dir,ntfy_hiwy_maint,spec_juris_cd,tcd_func_cd,tfc_detour_ind,workers_pres,wz_close_detour,wz_flagger,wz_law_offcr_ind,wz_ln_closure,wz_moving,wz_other,wz_shlder_mdn,vehicle_count,automobile_count,motorcycle_count,bus_count,small_truck_count,heavy_truck_count,suv_count,van_count,bicycle_count,maj_inj_count,mod_inj_count,min_inj_count,tot_inj_count,unk_inj_deg_count,unk_inj_per_count,driver_count_16yr,driver_count_17yr,driver_count_18yr,driver_count_19yr,driver_count_20yr,driver_count_50_64yr,driver_count_65_74yr,driver_count_75plus,unbelted_occ_count,unb_death_count,unb_maj_inj_count,belted_death_count,belted_maj_inj_count,mcycle_death_count,mcycle_maj_inj_count,bicycle_death_count,bicycle_maj_inj_count,ped_count,ped_death_count,ped_maj_inj_count,max_severity_level,comm_veh_count,dec_lat,dec_long,rdwy_surf_type_cd,county_name
35942,382381,2015106472,6,67,67301,2015,10,5,1929,19,3,2,1,8,1, , ,N,0,0,0,3,0,1,2,2,N, ,40 01:05.664,75 08:55.901,2005, ,1959, ,0, , , ,0, , , , , , , , , ,1,1,0,0,0,0,0,0,0,0,1,0,1,0,0,0,0,0,0,0,0,0,0,0,0,0,0,0,0,0,0,0,1,0,0,3,0,40.0182,-75.1489, , 
35943,382395,2015128579,6,67,67301,2015,11,2,800,8,1,1,0,4,1, , ,N,1,3,0,3,0,1,4,2,N,N,39 57:48.740,75 09:52.246,806, ,801, ,0, , , ,3, , , , , , , , , ,2,2,0,0,0,0,0,0,0,0,0,1,1,0,0,0,0,0,0,0,0,0,0,0,0,0,0,0,0,0,0,0,0,0,0,4,0,39.9635,-75.1645, , 
35944,382396,2015130372,6,67,67301,2015,11,4,1335,13,1,1,0,1,1, , ,N,2,2,0,3,0,1,4,2,N,N,40 02:48.569,75 00:53.502,1350, ,1345, ,0, , , ,3, , , , , , , , , ,2,0,0,0,1,0,1,0,0,0,0,1,1,0,0,0,0,0,0,0,0,0,0,0,0,0,0,0,0,0,0,0,0,0,0,4,0,40.0468,-75.0149, , 
35945,382413,2015125386,6,67,67301,2015,11,7,1531,15,1,1,0,5,1, , ,N,0,0,0,3,0,1,3,3,N,N,40 02:22.442,75 00:24.706,1607, ,1535,3,2,1,N, ,0,N, , , , , , , , ,3,0,0,0,2,0,1,0,0,1,0,0,1,0,0,0,0,0,0,0,1,0,0,1,0,1,0,0,0,0,0,0,0,0,0,2,0,40.0396,-75.0069, , 
35946,382417,2016007473,6,67,67301,2015,12,2,1710,17,3,2,1,8,1, , ,N,1,2,0,3,0,1,2,2,N,N,40 00:08.349,75 13:12.532,1715, ,1712,1,1,1, , ,3,N, , , , , , , , ,1,0,0,0,0,0,1,0,0,0,0,1,1,0,0,0,0,0,0,0,0,1,0,0,0,0,0,0,0,0,0,0,1,0,0,4,0,40.0023,-75.2201, , 
35947,382427,2015130131,6,67,67301,2015,11,1,1127,11,1,1,0,1,1, , ,N,1,2,0,3,0,1,3,2,N, ,40 01:40.095,75 05:55.134,1131, ,1128, ,0, , , ,3, , , , , , , , , ,2,1,0,0,0,0,1,0,0,0,0,1,1,0,0,0,0,0,0,0,0,0,0,0,0,0,0,0,0,0,0,0,0,0,0,4,0,40.0278,-75.0986, , 
35948,382453,2015128601,6,67,67301,2015,11,5,1352,13,1,1,0,8,1, , ,N,1,2,0,3,0,1,2,2,N, ,40 00:52.738,75 10:42.411,1354, ,1352, ,0, , , ,3, , , , , , , , , ,1,1,0,0,0,0,0,0,0,0,0,1,1,0,0,0,0,0,0,0,0,0,0,0,0,0,0,0,0,0,0,0,1,0,0,4,0,40.0146,-75.1784, , 
35949,382456,2015133910,6,67,67301,2015,12,4,1719,17,3,1,0,1,1,1,4,Y,0,0,0,3,0,1,5,4,N,N,39 58:47.531,75 06:21.659,1734,45,1724,1,1,1,N, ,0,N,N,N,N,N,N,N,N,Y,4,3,0,0,0,0,1,0,0,0,0,0,1,1,0,0,0,0,0,0,1,1,0,0,0,0,0,0,0,0,0,0,0,0,0,8,0,39.9799,-75.106, , 
35950,382459,2016015194,6,67,67301,2015,9,2,1555,15,1,1,0,4,1, , ,N,0,0,0,3,0,2,3,2,N,N,40 01:30.759,75 07:43.777,0, ,0, ,0, ,N, ,0, , , , , , , , , ,2,2,0,0,0,0,0,0,0,0,0,0,2,2,0,0,0,0,0,0,1,0,0,0,0,0,0,0,0,0,0,0,0,0,0,8,0,40.0252,-75.1288, , 
35951,385336,2014025537,6,67,67301,2014,1,4,1840,18,3,4,6,4,1, , ,N,1,2,0,3,0,2,9,6,N,N,40 01:54.735,75 07:53.327,1852, ,1847, ,0, ,N, ,3, , , , , , , , , ,6,3,0,0,2,0,1,0,0,0,0,2,2,0,0,0,0,0,0,0,1,0,0,0,0,0,0,0,0,0,0,0,0,0,0,4,0,40.0319,-75.1315, , 
35952,385346,2014036227,6,67,67301,2014,3,6,1511,15,1,1,0,1,1,1,2,Y,0,0,0,3,0,0,4,3,N,N,39 59:36.473,75 05:04.752,1552,50,1536, ,0, ,N, ,0, ,N,N,N,N,N,N,N,Y,3,1,0,0,0,0,2,0,0,0,0,0,0,0,0,0,0,0,0,0,1,0,0,0,0,0,0,0,0,0,0,0,0,0,0,0,0,39.9935,-75.0847, , 
35953,385360,2014049507,6,67,67301,2014,4,7,1555,15,1,1,0,6,1, , ,N,0,0,0,3,0,1,1,4,N, ,40 02:51.345,75 04:00.004,1557, ,1556, ,0, , , ,0, , , , , , , , , ,4,1,1,0,0,0,2,0,0,0,0,0,1,1,0,0,0,0,0,0,0,0,0,0,0,0,0,0,0,0,0,0,0,0,0,8,0,40.0476,-75.0667, , 
35954,385375,2014025536,6,67,67301,2014,2,7,1739,17,3,1,0,4,1, , ,N,1,2,0,3,0,0,2,2,N, ,39 57:40.435,75 08:47.767,1802, ,1759,9,2,3, , ,3,N, , , , , , , , ,2,2,0,0,0,0,0,0,0,0,0,0,0,0,0,0,0,0,0,0,0,0,0,0,0,0,0,0,0,0,0,0,0,0,0,0,0,39.9612,-75.1466, , 
35955,385433,2014029906,6,67,67301,2014,2,1,1830,18,2,4,3,4,1, , ,N,2,3,0,3,0,1,2,2,N,N,39 57:22.032,75 14:31.228,1830, ,1830, ,0, , , ,3, , , , , , , , , ,2,1,0,0,0,0,0,0,0,0,0,1,1,0,0,0,0,0,0,0,0,0,0,0,0,0,0,0,0,0,0,0,0,0,0,4,0,39.9561,-75.242, , 
35956,385439,2014034132,6,67,67301,2014,2,2,1315,13,1,9,0,4,1, , ,N,1,2,0,3,0,1,5,2,N,N,40 02:29.198,75 07:12.381,1320, ,1315, ,0, ,N, ,3, , , , , , , , , ,2,2,0,0,0,0,0,0,0,0,0,1,1,0,0,0,0,0,0,0,0,0,0,0,0,0,0,0,0,0,0,0,0,0,0,4,0,40.0414,-75.1201, , 
35957,385440,2014034266,6,67,67301,2014,2,4,1022,10,1,4,5,4,1, , ,N,1,3,0,3,0,1,5,3,N,N,39 56:05.913,75 10:26.255,1028, ,1022, ,0, , , ,3, , , , , , , , , ,3,3,0,0,0,0,0,0,0,0,0,0,1,1,0,0,0,0,0,0,0,0,0,5,0,0,0,0,0,0,0,0,0,0,0,8,0,39.935,-75.174, , 
35958,385451,2014044598,6,67,67301,2014,3,1,630,6,3,1,0,1,1, , ,N,0,0,0,3,0,0,1,3,N,N,40 04:20.550,75 11:02.720,735, ,725, ,0, ,N, ,0, , , , , , , , , ,3,2,0,0,0,0,0,1,0,0,0,0,0,0,1,0,0,0,0,0,0,0,0,0,0,0,0,0,0,0,0,0,0,0,0,9,0,40.0724,-75.1841, , 
35959,385454,2014046702,6,67,67301,2014,5,7,2127,21,3,8,1,1,1, , ,N,0,0,0,3,0,2,3,3,N,N,40 00:31.332,75 12:12.781,2200, ,2142,3,1,4,N, ,0,N, , , , , , , , ,3,3,0,0,0,0,0,0,0,0,0,2,2,0,0,0,0,0,0,0,0,1,0,1,0,0,0,0,0,0,0,0,0,0,0,4,0,40.0087,-75.2036, , 
35960,385456,2014049751,6,67,67301,2014,4,2,2344,23,3,1,0,1,1, , ,N,1,2,0,3,0,1,3,2,N,N,40 03:05.806,75 05:57.148,2348, ,2346,2,2,6,N, ,3,Y, , , , , , , , ,2,1,0,0,0,0,1,0,0,0,0,0,1,1,0,0,0,0,0,0,0,0,0,0,0,0,0,0,0,0,0,0,0,0,0,8,0,40.0516,-75.0992, , 
35961,385478,2014031406,6,67,67301,2014,3,5,1715,17,1,1,0,1,1, , ,N,0,0,0,3,0,1,3,2,N,N,39 58:35.666,75 11:48.264,1730, ,1715, ,0, ,N, ,0, , , , , , , , , ,2,1,0,0,0,0,1,0,0,0,0,1,1,0,0,0,0,0,0,0,0,0,0,0,0,0,0,0,0,0,0,0,0,0,0,4,0,39.9766,-75.1967, , 
35962,385486,2014039056,6,67,67301,2014,3,1,723,7,1,1,0,7,4, , ,N,0,0,0,3,0,0,1,1,N, ,40 02:06.928,75 09:46.072,729, ,726, ,0, , , ,0, , , , , , , , , ,1,1,0,0,0,0,0,0,0,0,0,0,0,0,0,0,0,0,0,0,0,0,0,0,0,0,0,0,0,0,0,0,0,0,0,0,0,40.0353,-75.1628, , 
35963,385497,2014049614,6,67,67301,2014,4,7,1145,11,1,1,0,4,1, , ,N,1,2,1,3,0,0,2,2,N,N,39 54:42.724,75 10:21.917,1155, ,1151, ,0, ,N, ,3, , , , , , , , , ,2,1,0,0,0,0,0,1,0,0,0,0,0,0,0,0,0,0,0,0,2,0,0,0,0,0,0,0,0,0,0,0,0,0,0,0,0,39.9119,-75.1728, , 
35964,385499,2014051190,6,67,67301,2014,5,1,1845,18,1,1,0,5,1, , ,N,0,0,0,3,0,2,6,2,N,N,39 57:31.215,75 10:05.355,1854, ,1846,1,1,4,N, ,0,N, , , , , , , , ,2,1,0,0,0,0,1,0,0,0,0,2,2,0,0,0,0,0,0,0,0,1,0,0,0,0,0,0,0,0,0,0,0,0,0,4,0,39.9587,-75.1682, , 
35965,385532,2014038897,6,67,67301,2014,3,2,9999,99,1,1,0,5,2, , ,N,0,0,0,3,0,1,1,2,N, ,39 59:26.795,75 09:59.219,1356, ,1350, ,0, , , ,0, , , , , , , , , ,2,1,0,0,1,0,0,0,0,0,1,0,1,0,0,0,0,0,0,0,1,0,0,0,0,0,0,0,0,0,0,0,0,0,0,3,0,39.9908,-75.1664, , 
35966,385540,2014049830,6,67,67301,2014,4,4,858,8,1,1,0,4,1, , ,N,1,3,0,3,0,1,2,2,N, ,40 05:54.769,74 58:31.018,942, ,941, ,0, , , ,3, , , , , , , , , ,2,1,0,0,0,0,1,0,0,0,0,1,1,0,0,0,0,0,0,0,0,1,0,0,0,0,0,0,0,0,0,0,0,0,0,4,0,40.0985,-74.9753, , 
35967,385545,2014051754,6,67,67301,2014,4,6,226,2,3,1,0,5,1, , ,N,0,0,0,3,0,0,1,3,N,N,39 56:46.350,75 11:09.004,232, ,230, ,0, , , ,0, , , , , , , , , ,3,1,0,0,0,1,1,0,0,0,0,0,0,0,0,0,0,0,0,0,0,0,0,0,0,0,0,0,0,0,0,0,0,0,0,0,1,39.9462,-75.1858, , 
35968,385576,2014042612,6,67,67301,2014,3,3,937,9,1,1,0,8,1, , ,N,1,2,0,3,0,1,2,2,N,N,39 57:12.069,75 09:16.935,940, ,938, ,0, ,N, ,3, , , , , , , , , ,1,1,0,0,0,0,0,0,0,0,0,0,1,1,0,0,0,0,0,0,1,0,0,0,0,0,0,0,0,0,0,0,1,0,0,8,0,39.9534,-75.1547, , 
35969,389960,2014040139,6,67,67301,2014,4,5,1903,19,1,1,0,7,4, , ,N,0,0,2,3,0,0,2,1,N,N,40 00:13.467,75 04:38.933,1910, ,1903, ,0, ,N, ,0, , , , , , , , , ,1,1,0,0,0,0,0,0,0,0,0,0,0,0,0,0,0,0,0,0,0,0,0,0,0,0,0,0,0,0,0,0,0,0,0,0,0,40.0037,-75.0775, , 
35970,389969,2014050305,6,67,67301,2014,4,7,1745,17,1,1,0,4,1, , ,N,1,3,0,3,0,2,3,2,N,N,39 59:59.193,75 07:32.671,1930, ,1927, ,0, ,N, ,3, , , , , , , , , ,2,1,0,0,0,0,0,1,0,0,0,2,2,0,0,0,0,0,0,1,0,0,0,0,0,0,0,0,0,0,0,0,0,0,0,4,0,39.9998,-75.1257, , 
35971,389984,2014016945,6,67,67301,2014,1,6,900,9,1,2,1,4,1, , ,N,1,2,0,3,0,1,2,2,N,N,40 02:05.146,75 04:15.791,9999, ,9999, ,0, ,N, ,3, , , , , , , , , ,2,2,0,0,0,0,0,0,0,0,1,0,1,0,0,0,0,0,0,0,0,0,0,0,0,0,0,0,0,0,0,0,0,0,0,3,0,40.0348,-75.0711, , 
35972,389998,2014029824,6,67,67301,2014,2,2,9999,99,1,4,1,4,1, , ,N,1,2,0,3,0,1,3,3,N,N,40 01:39.133,75 03:44.544,949, ,947, ,0, ,N, ,3, , , , , , , , , ,2,1,0,0,0,0,0,1,0,0,0,1,1,0,0,0,0,0,0,0,1,0,0,0,0,0,0,0,0,0,0,0,1,0,0,4,0,40.0275,-75.0624, , 
35973,390017,2014049727,6,67,67301,2014,4,7,2000,20,3,1,0,4,1, , ,N,1,2,0,3,0,2,2,2,N,N,40 01:34.321,75 10:08.941,2040, ,2040, ,0, ,N, ,3, , , , , , , , , ,2,2,0,0,0,0,0,0,0,0,0,2,2,0,0,0,0,0,0,0,1,0,0,0,0,0,0,0,0,0,0,0,0,0,0,4,0,40.0262,-75.1692, , 
35974,390018,2014049900,6,67,67301,2014,4,7,1920,19,1,1,0,4,1, , ,N,1,3,0,3,0,1,3,2,N,N,39 57:35.719,75 14:35.725,1925, ,1925, ,0, ,N, ,3, , , , , , , , , ,2,2,0,0,0,0,0,0,0,0,0,0,1,1,0,0,0,0,0,0,0,0,0,0,0,0,0,0,0,0,0,0,0,0,0,8,0,39.9599,-75.2433, , 
35975,390019,2014049993,6,67,67301,2014,4,1,2346,23,3,1,0,4,1, , ,N,1,3,0,3,0,2,2,3,N, ,39 59:58.390,75 10:23.833,2351, ,2350, ,0, , , ,3, , , , , , , , , ,3,1,0,0,0,0,2,0,0,0,0,2,2,0,0,1,0,0,0,0,0,0,0,0,0,0,0,0,0,0,0,0,0,0,0,4,0,39.9996,-75.1733, , 
35976,390021,2014050306,6,67,67301,2014,4,6,1729,17,1,1,0,8,1, , ,N,1,2,0,3,0,1,2,2,N,N,39 59:29.818,75 08:10.215,9999, ,9999, ,0, , , ,3, , , , , , , , , ,1,1,0,0,0,0,0,0,0,0,0,1,1,0,0,0,0,0,0,0,0,0,0,0,0,0,0,0,0,0,0,0,1,0,0,4,0,39.9915,-75.1361, , 
35977,390038,2014016964,6,67,67301,2014,1,4,1113,11,1,1,0,4,1, , ,N,1,2,0,3,0,1,2,5,N,N,39 56:58.689,75 10:33.495,1138, ,1132, ,0, ,N, ,3, , , , , , , , , ,5,3,0,0,2,0,0,0,0,0,1,0,1,0,0,0,0,0,0,0,0,0,0,0,0,0,0,0,0,0,0,0,0,0,0,3,0,39.9496,-75.176, , 
35978,390053,2014043067,6,67,67301,2014,3,2,800,8,1,1,1,1,1, , ,N,2,2,0,3,0,0,2,2,N,Y,40 02:47.688,75 07:23.973,845, ,840, ,0, ,N, ,3, , , , , , , , , ,2,0,0,0,0,0,1,1,0,0,0,0,0,0,0,0,0,0,0,0,0,0,0,0,0,0,0,0,0,0,0,0,0,0,0,0,0,40.0466,-75.1233, , 
35979,390062,2014048550,6,67,67301,2014,5,7,1025,10,1,1,0,7,4,1,8,Y,0,0,0,3,0,0,1,1,N,N,39 53:09.503,75 12:33.786,1040,55,1029, ,0, ,Y, ,0, ,N,N,N,N,N,N,Y,N,1,1,0,0,0,0,0,0,0,0,0,0,0,0,0,0,0,0,0,0,0,0,0,0,0,0,0,0,0,0,0,0,0,0,0,0,0,39.886,-75.2094, , 
35980,390067,2014056114,6,23,23111,2014,6,4,919,9,1,1,0,1,1,1,4,Y,0,0,0,3,0,0,2,2,N,N,39 58:30.064,75 16:48.566,919,15,919, ,0, ,N, ,0, ,Y, , ,N,Y, , , ,2,0,0,0,0,0,2,0,0,0,0,0,0,0,0,0,0,0,0,0,0,1,0,0,0,0,0,0,0,0,0,0,0,0,0,0,0,39.975,-75.2802, , 
35981,390088,2014019155,6,67,67301,2014,1,4,930,9,1,1,0,5,1, , ,N,0,0,0,3,0,1,3,2,N, ,40 00:12.802,75 09:57.052,941, ,936, ,0, , , ,0, , , , , , , , , ,2,1,0,1,0,0,0,0,0,0,0,1,1,0,0,0,0,0,0,0,0,0,0,0,0,0,0,0,0,0,0,0,0,0,0,4,1,40.0036,-75.1658, , 
35982,390109,2014045049,6,67,67301,2014,4,1,251,2,3,1,0,1,1,1,8,Y,0,0,0,3,2,1,3,2,N,N,39 53:57.360,75 09:59.867,303,50,255,4,2,2,N,0,0,Y,N,N,N,N,N,N,N,Y,2,1,0,0,0,0,1,0,0,0,0,1,1,0,0,0,0,0,0,1,0,0,0,1,1,0,0,0,0,0,0,0,0,0,0,1,0,39.8993,-75.1666,2, 
35983,390125,2014012140,6,67,67301,2014,1,6,1335,13,1,1,1,1,1, , ,N,0,0,3,3,0,0,2,2,N,N,39 53:34.840,75 11:48.500,1339, ,1337, ,0, ,N, ,0, , , , , , , , , ,2,2,0,0,0,0,0,0,0,0,0,0,0,0,0,0,0,0,0,0,0,0,0,0,0,0,0,0,0,0,0,0,0,0,0,0,0,39.893,-75.1968, , 
35984,390133,2014020031,6,67,67301,2014,2,2,1102,11,1,1,6,7,2, , ,N,0,0,0,3,0,0,1,1,N,N,39 58:41.128,75 06:39.766,1112, ,1103,1,2,1,Y, ,0,Y, , , , , , , , ,1,1,0,0,0,0,0,0,0,0,0,0,0,0,0,0,0,0,0,0,1,0,0,0,0,0,0,0,0,0,0,0,0,0,0,0,0,39.9781,-75.111, , 
35985,390141,2014026988,6,67,67301,2014,2,4,655,6,1,4,1,7,5, , ,N,6,0,2,3,0,0,3,2,N,N,39 53:35.159,75 13:19.839,720, ,700,1,1,2,N, ,0,N, , , , , , , , ,2,2,0,0,0,0,0,0,0,0,0,0,0,0,0,0,0,0,0,0,0,0,0,0,0,0,0,0,0,0,0,0,0,0,0,0,0,39.8931,-75.2222, , 
35986,390161,2014049815,6,67,67301,2014,4,5,1941,19,4,1,0,4,1, , ,N,1,2,0,3,0,0,3,2,N, ,39 55:11.587,75 13:39.266,1946, ,1941, ,0, , , ,3, , , , , , , , , ,2,2,0,0,0,0,0,0,0,0,0,0,0,0,0,0,0,0,0,0,1,0,0,0,0,0,0,0,0,0,0,0,0,0,0,0,0,39.9198,-75.2275, , 
35987,392756,2014029875,6,67,67301,2014,1,6,1830,18,3,1,0,5,1, , ,N,0,0,0,3,0,0,1,3,N,N,39 59:25.188,75 05:39.112,1848, ,1840, ,0, ,N, ,0, , , , , , , , , ,3,1,0,0,1,0,1,0,0,0,0,0,0,0,0,0,0,0,0,0,0,0,0,0,0,0,0,0,0,0,0,0,0,0,0,0,0,39.9903,-75.0942, , 
35988,392772,2014044610,6,67,67301,2014,3,2,1342,13,1,1,0,1,1, , ,N,2,2,0,3,0,1,2,2,N,N,40 05:42.206,74 58:41.555,1346, ,1342, ,0, ,N, ,3, , , , , , , , , ,2,1,0,0,1,0,0,0,0,0,0,1,1,0,0,0,0,0,0,0,0,0,0,0,0,0,0,0,0,0,0,0,0,0,0,4,0,40.0949,-74.9782, , 
35989,392818,2014064401,6,67,67301,2014,6,6,1033,10,1,1,0,1,1,1,3,Y,0,0,2,3,0,1,4,3,N,N,39 57:18.539,75 08:53.952,1034,25,1033,9,1,3,N, ,0,N,Y, , ,N,Y, , , ,3,0,0,0,0,0,3,0,0,0,0,0,1,1,0,0,0,0,0,0,3,0,0,0,0,0,0,0,0,0,0,0,0,0,0,8,0,39.9551,-75.1483, , 
35990,392820,2014065487,6,67,67301,2014,5,1,648,6,1,1,0,4,1, , ,N,1,3,0,3,0,1,2,2,N, ,40 00:09.410,75 10:03.698,652, ,650, ,0, , , ,3, , , , , , , , , ,2,1,0,0,0,0,0,1,0,0,0,1,1,0,0,0,0,0,0,0,0,0,0,0,0,0,0,0,0,0,0,0,0,0,0,4,0,40.0026,-75.1677, , 
35991,392833,2014012684,6,67,67301,2014,1,6,933,9,1,1,0,1,2, , ,N,0,0,0,3,0,0,1,2,N,N,39 55:10.000,75 08:52.382,957, ,936,2,1,1,N, ,0,N, , , , , , , , ,2,0,0,0,1,1,0,0,0,0,0,0,0,0,0,0,0,0,0,0,0,0,0,0,0,0,0,0,0,0,0,0,0,0,0,0,1,39.9194,-75.1479, , 
35992,392834,2014016150,6,67,67301,2014,1,5,950,9,1,1,0,8,1, , ,N,1,2,0,3,0,1,2,2,N, ,40 05:49.711,75 01:05.375,1008, ,1002, ,0, , , ,3, , , , , , , , , ,1,0,0,1,0,0,0,0,0,0,0,1,1,0,0,0,0,0,0,0,0,0,0,0,0,0,0,0,0,0,0,0,1,0,0,4,1,40.0971,-75.0182, , 
35993,392847,2014029891,6,67,67301,2014,2,2,1005,10,1,4,3,5,1, , ,N,0,0,0,3,0,1,1,2,N,N,39 56:11.956,75 11:48.446,1020, ,1010,3,2,4,N, ,0,Y, , , , , , , , ,2,2,0,0,0,0,0,0,0,1,0,0,1,0,0,0,0,0,0,0,1,0,0,0,0,0,0,0,0,0,0,0,0,0,0,2,0,39.9367,-75.1968, , 
35994,392853,2014039391,6,67,67301,2014,3,5,1628,16,1,1,0,4,1, , ,N,1,2,0,3,0,0,2,2,N,N,40 03:31.910,75 05:05.947,1638, ,1635, ,0, ,N, ,3, , , , , , , , , ,2,2,0,0,0,0,0,0,0,0,0,0,0,0,0,0,0,0,0,0,0,0,0,0,0,0,0,0,0,0,0,0,0,0,0,0,0,40.0589,-75.085, , 
35995,392894,2014034175,6,67,67301,2014,3,5,1009,10,1,1,0,4,1, , ,N,1,2,0,3,0,2,2,2,N,N,40 01:39.133,75 03:44.544,1015, ,1011,1,1,2,N, ,3,N, , , , , , , , ,2,1,0,0,0,0,1,0,0,0,0,0,2,2,0,0,0,0,0,0,1,0,0,0,0,0,0,0,0,0,0,0,0,0,0,8,0,40.0275,-75.0624, , 
35996,392898,2014039099,6,67,67301,2014,3,5,1400,14,1,1,0,7,5, , ,N,10,0,2,3,0,1,1,1,N,N,39 55:30.581,75 11:35.978,1407, ,1402,1,1,4,N, ,0,N, , , , , , , , ,1,0,0,0,0,0,1,0,0,0,1,0,1,0,0,0,0,0,0,0,0,0,0,1,0,0,0,0,0,0,0,0,0,0,0,3,0,39.9249,-75.1934, , 
35997,392907,2014049690,6,67,67301,2014,4,2,1745,17,1,2,1,7,4, , ,N,0,0,0,3,0,1,2,1,N,N,39 59:54.504,75 06:02.935,9999, ,1245, ,0, ,N, ,0, , , , , , , , , ,1,1,0,0,0,0,0,0,0,0,0,0,1,1,1,0,0,0,0,0,0,0,0,1,0,0,0,0,0,0,0,0,0,0,0,8,0,39.9984,-75.1009, , 
35998,392940,2014033772,6,67,67301,2014,2,7,2340,23,3,4,5,4,1, , ,N,1,3,0,3,0,3,6,3,N,N,40 02:11.605,75 08:13.937,2351, ,2350,1,1,7,N, ,3,Y, , , , , , , , ,3,2,0,0,0,0,1,0,0,0,0,3,3,0,0,0,0,0,0,0,0,0,0,0,0,0,0,0,0,0,0,0,0,0,0,4,0,40.0366,-75.1372, , 
35999,392953,2014049706,6,67,67301,2014,4,3,9999,99,1,1,0,4,1, , ,N,2,0,0,3,0,1,2,2,N,N,40 01:09.256,75 08:03.386,1940, ,1930, ,0, ,N, ,0, , , , , , , , , ,1,1,0,0,0,0,0,0,1,0,0,0,1,1,1,0,0,0,0,0,0,0,0,0,0,0,0,0,0,0,0,0,0,0,0,8,0,40.0192,-75.1343, , 
36000,392955,2014050231,6,67,67301,2014,4,6,1149,11,1,1,0,1,1, , ,N,0,0,0,3,0,1,3,2,N,N,40 02:24.887,75 13:27.803,1155, ,1149, ,0, ,N, ,0, , , , , , , , , ,2,0,0,1,0,1,0,0,0,0,0,1,1,0,0,0,0,0,0,0,0,0,0,0,0,0,0,0,0,0,0,0,0,0,0,4,1,40.0402,-75.2244, , 
36001,392968,2014067955,6,67,67301,2014,5,6,1415,14,1,1,0,3,1, , ,N,1,2,0,3,0,2,3,2,N,N,39 58:30.302,75 11:42.002,1630, ,1620, ,0, ,N, ,3, , , , , , , , , ,2,1,0,0,0,0,1,0,0,0,0,0,2,2,0,0,0,0,0,0,1,0,0,0,0,0,0,0,0,0,0,0,0,0,0,8,0,39.9751,-75.195, , 
36002,392989,2014025872,6,67,67301,2014,1,2,805,8,1,1,0,4,1, , ,N,0,0,7,3,0,0,3,2,N, ,40 03:38.278,75 14:13.322,1010, ,5, ,0, , , ,0, , , , , , , , , ,2,2,0,0,0,0,0,0,0,0,0,0,0,0,0,0,0,0,0,0,0,0,1,0,0,0,0,0,0,0,0,0,0,0,0,0,0,40.0606,-75.237, , 
36003,392999,2014042754,6,67,67301,2014,4,3,1843,18,1,1,0,6,1, , ,N,1,2,0,3,0,1,2,2,N, ,39 59:20.922,75 08:48.893,1856, ,1851,1,2,5, , ,3,Y, , , , , , , , ,2,2,0,0,0,0,0,0,0,0,0,1,1,0,0,0,0,0,0,0,0,0,0,0,0,0,0,0,0,0,0,0,0,0,0,4,0,39.9891,-75.1469, , 
36004,393004,2014051748,6,67,67301,2014,4,5,1615,16,1,1,0,0,1, , ,N,1,2,0,3,0,1,1,2,N,N,40 05:40.718,75 00:54.707,1615, ,1615,1,1,2, , ,3,N, , , , , , , , ,1,0,1,0,0,0,0,0,0,0,1,0,1,0,0,0,0,0,0,0,0,0,0,0,0,0,0,0,0,0,0,0,0,0,0,3,0,40.0948,-75.0153, , 
36005,382474,2015106474,6,67,67301,2015,10,5,2240,22,3,2,1,8,1, , ,N,1,2,0,3,1,0,2,2,N,N,40 00:03.985,75 07:29.066,2300, ,2240,9,2,5, ,0,3,Y, , , , , , , , ,1,1,0,0,0,0,0,0,0,0,0,0,0,0,0,0,0,0,0,0,1,0,0,0,0,0,0,0,0,0,0,0,1,1,0,1,0,40.0011,-75.1247,2, 
36006,382477,2015107470,6,67,67301,2015,10,5,2310,23,3,2,1,5,1, , ,N,0,0,0,3,0,1,3,3,N,N,40 01:10.517,75 08:52.454,9999, ,2313,9,1,1, , ,0,N, , , , , , , , ,3,1,0,0,1,0,1,0,0,0,0,0,1,1,0,0,0,0,0,0,0,0,0,0,0,0,0,0,0,0,0,0,0,0,0,8,0,40.0196,-75.1479, , 
36007,382481,2015112253,6,67,67301,2015,10,3,1447,14,1,1,0,7,4, , ,N,7,0,2,3,0,1,1,1,N,N,39 58:35.544,75 06:51.844,1512, ,1448,2,2,2,N, ,0,Y, , , , , , , , ,1,0,1,0,0,0,0,0,0,1,0,0,1,0,0,0,0,0,0,0,0,1,0,0,0,0,0,0,0,1,0,0,0,0,0,2,0,39.9765,-75.1144, , 
36008,382484,2015115250,6,67,67301,2015,10,7,1818,18,2,1,0,7,4,1,4,Y,0,0,0,3,0,0,1,1,N,N,39 58:25.886,75 07:10.199,1834,45,1818,1,2,2,N, ,0,N,N,N,N,N,N,N,Y,Y,1,1,0,0,0,0,0,0,0,0,0,0,0,0,0,0,0,0,0,0,0,0,0,0,0,0,0,0,0,0,0,0,0,0,0,0,0,39.9739,-75.1195, , 