objectid_1,objectid,crn,district,county,municipality,crash_year,crash_month,day_of_week,time_of_day,hour_of_day,illumination,weather,road_condition,collision_type,relation_to_road,work_zone_type,work_zone_loc,work_zone_ind,intersect_type,tcd_type,location_type,urban_rural,fatal_count,injury_count,person_count,total_units,sch_bus_ind,sch_zone_ind,latitude,longitude,arrival_tm,cons_zone_spd_lim,dispatch_tm,est_hrs_closed,lane_closed,ln_close_dir,ntfy_hiwy_maint,spec_juris_cd,tcd_func_cd,tfc_detour_ind,workers_pres,wz_close_detour,wz_flagger,wz_law_offcr_ind,wz_ln_closure,wz_moving,wz_other,wz_shlder_mdn,vehicle_count,automobile_count,motorcycle_count,bus_count,small_truck_count,heavy_truck_count,suv_count,van_count,bicycle_count,maj_inj_count,mod_inj_count,min_inj_count,tot_inj_count,unk_inj_deg_count,unk_inj_per_count,driver_count_16yr,driver_count_17yr,driver_count_18yr,driver_count_19yr,driver_count_20yr,driver_count_50_64yr,driver_count_65_74yr,driver_count_75plus,unbelted_occ_count,unb_death_count,unb_maj_inj_count,belted_death_count,belted_maj_inj_count,mcycle_death_count,mcycle_maj_inj_count,bicycle_death_count,bicycle_maj_inj_count,ped_count,ped_death_count,ped_maj_inj_count,max_severity_level,comm_veh_count,dec_lat,dec_long,rdwy_surf_type_cd,county_name
36211,393168,2014016471,6,67,67301,2014,1,1,3,0,3,4,1,9,2, , ,N,6,0,2,3,0,1,1,1,N,N,39 58:54.695,75 06:05.853,21, ,4, ,0, ,N, ,0, , , , , , , , , ,1,1,0,0,0,0,0,0,0,0,0,1,1,0,0,0,0,0,0,0,0,0,0,0,0,0,0,0,0,0,0,0,0,0,0,4,0,39.9819,-75.1016, , 
36212,393189,2014043096,6,67,67301,2014,3,7,1300,13,1,1,0,8,1, , ,N,0,0,0,3,0,1,2,2,N, ,39 56:03.602,75 13:37.012,1310, ,1308, ,0, , , ,0, , , , , , , , , ,1,1,0,0,0,0,0,0,0,0,0,0,1,1,0,0,0,0,0,0,0,1,0,0,0,0,0,0,0,0,0,0,1,0,0,8,0,39.9343,-75.2269, , 
36213,393196,2014049460,6,67,67301,2014,4,5,2229,22,3,1,0,8,1, , ,N,0,0,0,3,0,1,2,2,N,N,39 57:06.148,75 12:11.534,2232, ,2229, ,0, , , ,0, , , , , , , , , ,1,1,0,0,0,0,0,0,0,0,0,1,1,0,0,0,0,0,0,0,0,0,0,0,0,0,0,0,0,0,0,0,1,0,0,4,0,39.9517,-75.2032, , 
36214,393201,2014056675,6,67,67301,2014,4,1,1705,17,1,1,0,4,1, , ,N,1,3,0,3,0,1,2,2,N,N,39 54:59.954,75 08:57.991,1715, ,1709, ,0, ,N, ,3, , , , , , , , , ,1,0,0,0,0,0,1,0,1,0,0,0,1,1,0,0,0,0,0,0,1,0,0,0,0,0,0,0,0,0,0,0,0,0,0,8,0,39.9167,-75.1494, , 
36215,393208,2014066905,6,67,67301,2014,6,2,1058,10,1,1,0,1,1, , ,N,0,0,0,3,0,1,2,2,N,N,39 58:03.459,75 11:21.557,1119, ,1100,1,1,4,N, ,0,N, , , , , , , , ,2,2,0,0,0,0,0,0,0,0,0,1,1,0,0,0,0,0,0,0,0,0,0,0,0,0,0,0,0,0,0,0,0,0,0,4,0,39.9676,-75.1893, , 
36216,393210,2014068641,6,67,67301,2014,5,3,2215,22,3,1,0,1,6, , ,N,0,0,0,3,0,0,1,2,N,N,40 02:25.254,75 13:43.437,2215, ,2215, ,0, ,N, ,0, , , , , , , , , ,2,1,0,0,0,0,1,0,0,0,0,0,0,0,0,0,0,0,0,0,0,0,0,0,0,0,0,0,0,0,0,0,0,0,0,0,0,40.0403,-75.2287, , 
36217,393250,2014038866,6,67,67301,2014,3,4,414,4,3,1,0,4,1, , ,N,1,2,0,3,0,3,4,2,N,N,39 57:30.637,75 09:56.095,415, ,415,1,1,1,N, ,3,Y, , , , , , , , ,2,1,0,0,0,0,0,1,0,0,0,0,3,3,0,0,0,0,0,0,0,0,0,0,0,0,0,0,0,0,0,0,0,0,0,8,0,39.9585,-75.1656, , 
36218,393278,2014020689,6,67,67301,2014,2,7,720,7,1,1,0,7,3,1,4,Y,0,0,0,3,0,1,1,1,N,N,40 01:32.609,75 01:41.821,735,45,720,1,2,2,N, ,0,N,N,N,N,N,N,N,Y,N,1,1,0,0,0,0,0,0,0,0,0,0,1,1,0,0,0,0,0,0,0,0,0,0,0,0,0,0,0,0,0,0,0,0,0,8,0,40.0257,-75.0283, , 
36219,393304,2014039116,6,67,67301,2014,4,3,1516,15,1,1,0,1,1, , ,N,0,0,0,3,0,0,2,2,N,N,40 00:07.941,75 04:42.351,1541, ,1521, ,0, ,N, ,0, , , , , , , , , ,2,1,0,0,0,0,1,0,0,0,0,0,0,0,0,0,0,0,0,0,1,0,0,0,0,0,0,0,0,0,0,0,0,0,0,0,0,40.0022,-75.0784, , 
36220,393307,2014042724,6,67,67301,2014,2,7,200,2,3,1,0,8,1, , ,N,0,0,0,3,0,1,3,3,N,N,39 57:43.045,75 08:27.884,237, ,234,4,2,2,N, ,0,N, , , , , , , , ,2,2,0,0,0,0,0,0,0,1,0,0,1,0,0,0,0,0,0,0,0,0,0,0,0,0,0,0,0,0,0,0,1,0,1,2,0,39.962,-75.1411, , 
36221,393323,2014013167,6,67,67301,2014,1,5,1715,17,3,4,1,5,1, , ,N,0,0,0,3,0,0,1,3,N,N,39 56:16.782,75 09:05.515,1724, ,1721, ,0, ,N, ,0, , , , , , , , , ,3,3,0,0,0,0,0,0,0,0,0,0,0,0,1,0,0,0,0,0,0,0,0,0,0,0,0,0,0,0,0,0,0,0,0,9,0,39.938,-75.1515, , 
36222,393380,2014038917,6,67,67301,2014,3,1,1415,14,1,1,0,7,4, , ,N,0,0,0,3,0,2,2,1,N,N,40 01:12.065,75 05:43.765,1635, ,1630, ,0, , , ,0, , , , , , , , , ,1,1,0,0,0,0,0,0,0,0,0,0,2,2,0,0,0,0,0,0,0,0,0,0,0,0,0,0,0,0,0,0,0,0,0,8,0,40.02,-75.0955, , 
36223,393389,2014042655,6,67,67301,2014,3,3,1805,18,1,1,0,1,1, , ,N,0,0,0,3,0,1,3,2,N,N,39 57:03.610,75 10:39.262,1820, ,1810, ,0, ,N, ,0, , , , , , , , , ,2,1,0,0,0,0,1,0,0,0,0,1,1,0,0,0,0,0,0,0,1,0,0,0,0,0,0,0,0,0,0,0,0,0,0,4,0,39.951,-75.1776, , 
36224,383026,2016013948,6,67,67301,2015,12,4,1338,13,1,2,1,4,1, , ,N,0,0,0,3,0,1,2,2,N,N,40 01:36.700,75 11:34.600,1345, ,1338,2,2,1,N, ,0,N, , , , , , , , ,2,2,0,0,0,0,0,0,0,0,0,1,1,0,0,0,0,0,0,1,1,0,0,0,0,0,0,0,0,0,0,0,0,0,0,4,0,40.0269,-75.1929, , 
36225,383035,2015115216,6,67,67301,2015,10,4,1722,17,1,1,0,5,1,1,4,Y,0,0,0,3,0,1,2,2,N,N,39 58:07.410,75 07:40.789,1735,45,1726, ,0, ,N, ,0, ,Y,N,N,N,N,N,N,Y,2,1,0,0,0,1,0,0,0,0,0,0,1,1,0,0,0,0,0,0,0,0,0,0,0,0,0,0,0,0,0,0,0,0,0,8,1,39.9687,-75.128, , 
36226,383036,2015115246,6,67,67301,2015,10,7,820,8,1,1,0,4,1, , ,N,0,0,2,3,0,1,2,2,N,N,39 57:27.156,75 08:58.560,845, ,833, ,0, ,N, ,0, , , , , , , , , ,2,1,0,0,0,0,0,1,0,0,0,1,1,0,0,0,0,0,0,0,0,0,1,0,0,0,0,0,0,0,0,0,0,0,0,4,0,39.9575,-75.1496, , 
36227,383042,2016007505,6,67,67301,2015,12,4,324,3,2,2,1,7,4, , ,N,0,0,0,3,0,1,1,1,N,N,40 04:54.747,75 12:30.740,441, ,431, ,0, , , ,0, , , , , , , , , ,1,1,0,0,0,0,0,0,0,0,0,1,1,0,0,0,0,0,0,0,0,1,0,0,0,0,0,0,0,0,0,0,0,0,0,4,0,40.0819,-75.2085, , 
36228,383050,2016050447,6,67,67301,2015,7,1,1100,11,1,1,0,1,1, , ,N,1,2,0,3,0,1,2,2,N,N,39 59:27.061,75 09:18.508,0, ,0, ,0, ,N, ,3, , , , , , , , , ,2,0,0,0,0,0,2,0,0,0,0,0,1,1,0,0,0,0,0,0,1,0,0,2,0,0,0,0,0,0,0,0,0,0,0,8,0,39.9909,-75.1551, , 
36229,383052,2015118148,6,67,67301,2015,10,3,1150,11,1,1,0,8,1, , ,N,2,2,0,3,0,1,2,2,N, ,40 03:47.944,74 59:07.865,1205, ,1155, ,0, , , ,3, , , , , , , , , ,1,1,0,0,0,0,0,0,0,0,1,0,1,0,0,0,0,0,0,0,0,1,0,0,0,0,0,0,0,0,0,0,1,0,0,3,0,40.0633,-74.9855, , 
36230,383074,2016050758,6,67,67301,2015,7,3,1845,18,1,1,0,5,1, , ,N,3,2,0,3,0,1,2,2,N,N,39 54:30.639,75 14:30.875,0, ,0, ,0, ,N, ,3, , , , , , , , , ,2,1,0,0,0,1,0,0,0,0,0,0,1,1,0,0,0,0,0,0,0,0,0,1,0,0,0,0,0,0,0,0,0,0,0,8,1,39.9085,-75.2419, , 
36231,383080,2015117602,6,67,67301,2015,10,7,556,5,3,1,0,1,1, , ,N,0,2,0,3,0,0,2,2,N,N,40 02:52.666,75 08:34.059,558, ,557,1,1,2,N, ,3,N, , , , , , , , ,2,1,0,0,0,0,1,0,0,0,0,0,0,0,0,0,0,0,0,0,1,0,0,0,0,0,0,0,0,0,0,0,0,0,0,0,0,40.048,-75.1428, , 
36232,383103,2016002450,6,67,67301,2015,12,6,821,8,1,2,1,1,1, , ,N,1,2,0,3,0,2,7,4,N,N,40 00:26.228,75 08:09.211,850, ,844, ,0, ,N, ,3, , , , , , , , , ,4,2,0,0,1,0,1,0,0,0,0,2,2,0,1,0,0,0,0,1,1,0,0,5,0,0,0,0,0,0,0,0,0,0,0,4,0,40.0073,-75.1359, , 
36233,383112,2015118172,6,67,67301,2015,10,6,1655,16,1,1,0,8,1, , ,N,1,2,0,3,0,1,2,2,N, ,40 02:01.849,75 07:41.314,1656, ,1705, ,0, , , ,3, , , , , , , , , ,1,0,0,0,0,0,1,0,0,0,0,0,1,1,0,0,0,0,0,0,0,0,0,0,0,0,0,0,0,0,0,0,1,0,0,8,0,40.0338,-75.1281, , 
36234,383150,2016013962,6,67,67301,2015,12,5,1811,18,3,2,1,8,1, , ,N,0,0,0,3,0,1,2,2,N,N,39 56:42.979,75 09:29.081,1811, ,9999, ,0, ,N, ,0, , , , , , , , , ,1,1,0,0,0,0,0,0,0,0,0,0,1,1,0,0,0,0,0,0,0,0,0,0,0,0,0,0,0,0,0,0,1,0,0,8,0,39.9453,-75.1581, , 
36235,383155,2015130144,6,67,67301,2015,11,6,1500,15,1,1,0,1,1, , ,N,0,0,0,3,0,1,3,3,N, ,39 57:06.552,75 08:25.854,1540, ,1530, ,0, , , ,0, , , , , , , , , ,3,1,0,0,0,0,2,0,0,0,0,1,1,0,0,0,0,0,0,0,0,0,0,0,0,0,0,0,0,0,0,0,0,0,0,4,0,39.9518,-75.1405, , 
36236,383156,2015130335,6,67,67301,2015,11,2,1650,16,1,1,0,4,1, , ,N,1,3,0,3,0,2,3,2,N,N,39 57:46.836,75 09:30.286,1700, ,1650, ,0, ,N, ,3, , , , , , , , , ,2,2,0,0,0,0,0,0,0,0,0,2,2,0,0,0,0,0,0,0,0,0,0,0,0,0,0,0,0,0,0,0,0,0,0,4,0,39.963,-75.1584, , 
36237,383165,2016004273,6,67,67301,2015,12,1,2225,22,3,2,1,7,2, , ,N,0,0,0,3,0,0,1,1,N,N,39 57:36.375,75 10:49.794,2245, ,2238, ,0, ,N, ,0, , , , , , , , , ,1,1,0,0,0,0,0,0,0,0,0,0,0,0,0,0,0,0,0,0,0,0,0,0,0,0,0,0,0,0,0,0,0,0,0,0,0,39.9601,-75.1805, , 
36238,383166,2016006039,6,67,67301,2015,12,5,2053,20,3,1,0,8,1, , ,N,1,2,0,3,0,1,2,2,N, ,40 01:39.188,75 08:49.702,2056, ,2055,1,1,2, , ,3,N, , , , , , , , ,1,0,0,0,0,0,1,0,0,0,1,0,1,0,0,0,0,0,0,0,0,0,0,0,0,0,0,0,0,0,0,0,1,0,0,3,0,40.0276,-75.1471, , 
36239,383167,2016007503,6,67,67301,2015,12,6,1030,10,1,1,0,2,1, , ,N,3,0,0,3,0,2,2,2,N,N,40 02:49.581,75 09:29.159,1125, ,1117,3,2,4,N, ,0,N, , , , , , , , ,2,1,0,0,0,0,0,1,0,0,1,0,2,1,0,0,0,0,0,0,1,0,0,0,0,0,0,0,0,0,0,0,0,0,0,3,0,40.0471,-75.1581, , 
36240,383169,2015131309,6,67,67301,2015,12,4,1525,15,1,2,1,8,1, , ,N,0,0,0,3,0,1,2,2,N, ,39 56:26.254,75 09:57.963,1550, ,1546, ,0, ,N, ,0, , , , , , , , , ,1,1,0,0,0,0,0,0,0,1,0,0,1,0,0,0,0,0,0,0,0,0,0,0,0,0,0,0,0,0,0,0,1,0,1,2,0,39.9406,-75.1661, , 
36241,383172,2015133737,6,67,67301,2015,11,5,9999,99,3,1,0,0,1, , ,N,0,0,0,3,0,1,1,1,N,N,39 58:13.342,75 11:23.048,0, ,9999, ,0, ,N, ,0, , , , , , , , , ,1,0,1,0,0,0,0,0,0,0,1,0,1,0,0,0,0,0,0,0,0,0,0,0,0,0,0,0,0,0,0,0,0,0,0,3,0,39.9704,-75.1897, , 
36242,386343,2014027705,6,67,67301,2014,2,1,309,3,3,9,1,1,1, , ,N,1,2,0,3,0,1,2,2,N,N,40 06:16.480,75 00:08.268,315, ,312, ,0, ,N, ,3, , , , , , , , , ,2,1,0,0,1,0,0,0,0,0,1,0,1,0,0,0,0,0,0,0,2,0,0,0,0,0,0,0,0,0,0,0,0,0,0,3,0,40.1044,-75.0021, , 
36243,386353,2014038951,6,67,67301,2014,3,4,750,7,1,1,0,8,1, , ,N,0,0,0,3,0,1,2,2,N,N,40 02:37.762,75 09:27.378,1225, ,1225, ,0, ,N, ,0, , , , , , , , , ,1,0,0,0,0,0,1,0,0,0,0,1,1,0,1,0,0,0,0,0,0,0,0,0,0,0,0,0,0,0,0,0,1,0,0,4,0,40.0438,-75.1576, , 
36244,386354,2014039043,6,67,67301,2014,3,7,1900,19,1,1,0,1,1, , ,N,0,0,0,3,0,1,1,2,N, ,40 03:31.294,75 04:12.640,1915, ,1907, ,0, , , ,0, , , , , , , , , ,2,2,0,0,0,0,0,0,0,0,0,0,1,1,0,0,0,0,0,0,1,0,0,0,0,0,0,0,0,0,0,0,0,0,0,8,0,40.0587,-75.0702, , 
36245,386385,2014028082,6,67,67301,2014,1,4,1645,16,8,1,5,1,1, , ,N,1,3,0,3,0,1,3,2,N,N,40 03:28.818,75 00:49.741,1923, ,1923, ,0, ,N, ,3, , , , , , , , , ,2,0,0,0,1,0,0,1,0,0,0,0,1,1,2,0,0,0,0,0,1,1,0,0,0,0,0,0,0,0,0,0,0,0,0,8,0,40.058,-75.0138, , 
36246,386412,2014059330,6,67,67301,2014,5,6,805,8,1,1,0,8,1, , ,N,0,0,0,3,0,1,2,2,N,N,40 00:16.789,75 09:20.016,820, ,818,1,2,1,N, ,0,Y, , , , , , , , ,1,0,0,0,0,0,1,0,0,0,0,1,1,0,0,0,0,0,0,0,1,0,0,1,0,0,0,0,0,0,0,0,1,0,0,4,0,40.0047,-75.1556, , 
36247,386441,2014033771,6,67,67301,2014,1,7,14,0,3,1,0,7,5, , ,N,0,0,0,3,0,0,1,1,N,N,39 56:15.212,75 11:25.584,17, ,16, ,0, ,N, ,0, , , , , , , , , ,1,0,0,0,0,0,0,1,0,0,0,0,0,0,1,0,0,0,0,0,0,0,0,0,0,0,0,0,0,0,0,0,0,0,0,9,0,39.9376,-75.1904, , 
36248,386443,2014034134,6,67,67301,2014,2,4,740,7,1,4,1,1,1, , ,N,0,0,3,3,0,0,2,2,N,N,39 55:10.081,75 12:14.557,845, ,839, ,0, ,N, ,0, , , , , , , , , ,2,2,0,0,0,0,0,0,0,0,0,0,0,0,0,0,0,0,0,0,0,0,0,0,0,0,0,0,0,0,0,0,0,0,0,0,0,39.9195,-75.204, , 
36249,386445,2014037182,6,67,67301,2014,3,4,1644,16,1,1,0,1,1, , ,N,0,0,0,3,0,0,3,3,N,N,39 58:40.742,75 12:05.756,1710, ,1704,1,2,4,N, ,0,Y, , , , , , , , ,3,1,0,0,0,0,0,0,0,0,0,0,0,0,2,0,0,0,0,0,0,0,0,0,0,0,0,0,0,0,0,0,0,0,0,9,0,39.978,-75.2016, , 
36250,386454,2014049791,6,67,67301,2014,4,5,9999,99,1,1,0,4,1, , ,N,1,2,0,3,0,0,2,2,N, ,39 58:28.752,75 07:18.052,1633, ,1633, ,0, , , ,3, , , , , , , , , ,2,1,0,0,0,0,1,0,0,0,0,0,0,0,0,0,0,0,0,0,1,0,0,0,0,0,0,0,0,0,0,0,0,0,0,0,0,39.9747,-75.1217, , 
36251,386455,2014050252,6,67,67301,2014,4,5,2058,20,3,2,1,1,1, , ,N,2,2,0,3,0,3,4,3,N,N,39 53:25.139,75 14:42.137,2102, ,2100,3,1,3,N, ,3,N, , , , , , , , ,3,1,0,0,0,0,1,1,0,0,3,0,3,0,0,0,0,0,0,0,1,0,0,0,0,0,0,0,0,0,0,0,0,0,0,3,0,39.8903,-75.245, , 
36252,386486,2014034136,6,67,67301,2014,3,7,500,5,3,1,0,6,1, , ,N,0,0,0,3,0,0,2,2,N, ,39 54:24.520,75 11:03.640,520, ,515, ,0, , , ,0, , , , , , , , , ,2,1,0,0,0,0,0,0,0,0,0,0,0,0,0,0,0,0,0,0,0,0,0,1,0,0,0,0,0,0,0,0,0,0,0,0,0,39.9068,-75.1843, , 
36253,386501,2014049665,6,67,67301,2014,4,7,2125,21,3,1,0,4,1, , ,N,1,2,0,3,0,1,2,2,N,N,40 05:07.441,75 02:14.475,2132, ,2127,1,1,2,N, ,3,Y, , , , , , , , ,2,2,0,0,0,0,0,0,0,0,0,1,1,0,0,0,0,0,0,0,0,0,0,0,0,0,0,0,0,0,0,0,0,0,0,4,0,40.0854,-75.0374, , 
36254,386512,2014058103,6,67,67301,2014,6,2,1921,19,3,1,1,7,4, , ,N,0,8,0,3,0,0,1,1,N,N,39 57:32.428,75 09:28.400,2025, ,1921,4,2,4,N, ,3,Y, , , , , , , , ,1,0,0,0,0,1,0,0,0,0,0,0,0,0,0,0,0,0,0,0,0,0,0,1,0,0,0,0,0,0,0,0,0,0,0,0,1,39.959,-75.1579, , 
36255,386543,2014032366,6,67,67301,2014,2,6,9999,99,3,8,1,4,1, , ,N,1,2,0,3,0,1,2,2,N, ,39 59:34.792,75 08:04.235,9999, ,2057, ,0, , , ,3, , , , , , , , , ,2,1,0,0,0,0,1,0,0,0,0,1,1,0,0,0,0,0,0,0,0,0,0,0,0,0,0,0,0,0,0,0,0,0,0,4,0,39.993,-75.1345, , 
36256,386555,2014042717,6,67,67301,2014,3,6,1420,14,1,1,0,4,1, , ,N,1,2,0,3,0,0,2,2,N,N,39 56:04.801,75 13:38.064,1428, ,1415, ,0, ,N, ,3, , , , , , , , , ,2,0,0,0,0,0,2,0,0,0,0,0,0,0,0,0,0,0,0,0,0,0,0,0,0,0,0,0,0,0,0,0,0,0,0,0,0,39.9346,-75.2273, , 
36257,386594,2014028057,6,67,67301,2014,1,5,1323,13,1,1,0,1,1, , ,N,0,2,0,3,0,1,5,4,N, ,40 05:37.667,74 58:49.768,1325, ,1323, ,0, , , ,3, , , , , , , , , ,4,1,0,0,1,0,2,0,0,0,0,0,1,1,0,0,0,0,0,0,0,0,1,0,0,0,0,0,0,0,0,0,0,0,0,8,0,40.0938,-74.9805, , 
36258,386624,2014013040,6,67,67301,2014,1,7,2025,20,3,1,4,1,1, , ,N,0,0,0,3,0,0,4,2,N, ,40 01:41.661,75 06:28.595,2027, ,2025,1,2,1, , ,0,N, , , , , , , , ,2,2,0,0,0,0,0,0,0,0,0,0,0,0,0,0,0,0,0,0,0,0,0,0,0,0,0,0,0,0,0,0,0,0,0,0,0,40.0282,-75.1079, , 
36259,386627,2014019081,6,67,67301,2014,1,3,1012,10,1,2,1,8,1, , ,N,1,2,0,3,0,1,2,2,N,N,39 58:26.859,75 12:15.536,1014, ,1012,1,1,2,N, ,3,N, , , , , , , , ,1,1,0,0,0,0,0,0,0,0,1,0,1,0,0,0,0,0,0,0,0,0,0,0,0,0,0,0,0,0,0,0,1,0,0,3,0,39.9741,-75.2043, , 
36260,390901,2014016957,6,67,67301,2014,1,7,1913,19,2,6,1,7,4, , ,N,2,0,0,3,0,1,1,1,N,N,40 00:27.194,75 11:52.673,1918, ,1915, ,0, ,N, ,0, , , , , , , , , ,1,1,0,0,0,0,0,0,0,0,0,1,1,0,0,0,0,0,0,0,0,0,0,0,0,0,0,0,0,0,0,0,0,0,0,4,0,40.0076,-75.198, , 
36261,390916,2014039014,6,67,67301,2014,3,2,719,7,1,4,3,7,3, , ,N,0,0,0,3,0,1,1,1,N,N,40 02:42.174,75 03:13.117,730, ,720,1,1,1,N, ,0,N, , , , , , , , ,1,1,0,0,0,0,0,0,0,0,1,0,1,0,0,0,0,0,0,0,0,0,0,0,0,0,0,0,0,0,0,0,0,0,0,3,0,40.045,-75.0536, , 
36262,390925,2014049841,6,67,67301,2014,4,5,1625,16,1,1,0,4,1, , ,N,0,0,0,3,0,1,2,2,N, ,40 01:15.762,75 04:02.560,1735, ,1725, ,0, , , ,0, , , , , , , , , ,1,1,0,0,0,0,0,0,1,0,0,1,1,0,0,0,1,0,0,0,0,0,0,1,0,0,0,0,0,0,0,0,0,0,0,4,0,40.021,-75.0674, , 
36263,390936,2014058988,6,67,67301,2014,4,7,3,0,3,1,0,8,1, , ,N,1,3,0,3,0,1,2,2,N, ,39 58:27.901,75 15:51.317,750, ,728, ,0, ,N, ,3, , , , , , , , , ,1,1,0,0,0,0,0,0,0,0,0,0,1,1,0,0,0,0,0,0,0,0,0,0,0,0,0,0,0,0,0,0,1,0,0,8,0,39.9744,-75.2643, , 
36264,390956,2014020684,6,67,67301,2014,2,5,1625,16,1,4,3,7,2, , ,N,0,0,0,3,0,0,1,1,N,N,40 00:07.958,75 04:42.338,1646, ,1646,1,1,2,N, ,0,N, , , , , , , , ,1,1,0,0,0,0,0,0,0,0,0,0,0,0,0,0,0,0,0,0,0,0,0,0,0,0,0,0,0,0,0,0,0,0,0,0,0,40.0022,-75.0784, , 
36265,390979,2014044608,6,67,67301,2014,3,7,2300,23,3,2,1,8,1, , ,N,1,3,0,3,0,1,2,2,N,N,39 57:20.034,75 13:25.661,2313, ,2306, ,0, ,N, ,3, , , , , , , , , ,1,1,0,0,0,0,0,0,0,0,0,0,1,1,0,0,0,0,0,0,0,0,0,0,0,0,0,0,0,0,0,0,1,0,0,8,0,39.9556,-75.2238, , 
36266,390987,2014049593,6,67,67301,2014,4,7,1907,19,1,1,0,4,1, , ,N,1,3,1,3,0,1,2,2,N,N,40 00:17.398,75 09:56.005,1907, ,1907, ,0, ,N, ,3, , , , , , , , , ,2,0,1,0,0,0,1,0,0,0,0,1,1,0,0,0,0,0,0,0,0,0,1,0,0,0,0,0,0,0,0,0,0,0,0,4,0,40.0048,-75.1656, , 
36267,391010,2014023088,6,67,67301,2014,2,7,1230,12,1,1,0,8,1, , ,N,5,2,0,3,0,1,2,2,N,N,40 00:11.467,75 09:09.273,1233, ,1230, ,0, ,N, ,3, , , , , , , , , ,1,1,0,0,0,0,0,0,0,0,0,0,1,1,0,0,0,0,0,0,0,0,1,0,0,0,0,0,0,0,0,0,1,0,0,8,0,40.0032,-75.1525, , 
36268,391012,2014024749,6,67,67301,2014,1,7,503,5,3,1,0,5,1, , ,N,0,0,0,3,0,2,2,2,N,N,39 57:35.052,75 10:36.193,523, ,515,2,1,4,N, ,0,N, , , , , , , , ,2,1,0,0,1,0,0,0,0,0,0,2,2,0,0,0,0,0,0,0,1,0,0,1,0,0,0,0,0,0,0,0,0,0,0,4,0,39.9597,-75.1767, , 
36269,391015,2014030296,6,67,67301,2014,2,3,1520,15,1,1,0,1,1, , ,N,1,2,0,3,0,1,2,2,N,N,40 00:20.692,75 05:56.577,1556, ,1556, ,0, ,N, ,3, , , , , , , , , ,2,1,0,0,0,0,1,0,0,0,0,0,1,1,0,0,0,0,0,0,0,0,0,0,0,0,0,0,0,0,0,0,0,0,0,8,0,40.0057,-75.099, , 
36270,391038,2014008298,6,67,67301,2014,1,4,1440,14,1,1,0,5,1, , ,N,0,0,0,3,0,1,2,2,N,N,40 02:58.037,74 59:46.086,1501, ,1440,2,1,2,N, ,0,N, , , , , , , , ,2,0,0,0,0,1,1,0,0,0,0,1,1,0,0,0,0,0,0,0,0,0,0,0,0,0,0,0,0,0,0,0,0,0,0,4,1,40.0495,-74.9961, , 
36271,391063,2014034264,6,67,67301,2014,3,1,1245,12,1,1,0,5,6, , ,N,0,0,0,3,0,0,1,3,N,N,40 02:09.808,75 07:18.170,1331, ,1329,2,2,3, , ,0,Y, , , , , , , , ,3,2,0,0,0,0,1,0,0,0,0,0,0,0,0,0,0,0,0,0,0,0,0,0,0,0,0,0,0,0,0,0,0,0,0,0,0,40.0361,-75.1217, , 
36272,391070,2014042355,6,67,67301,2014,3,1,342,3,3,1,0,1,1, , ,N,0,0,0,3,0,0,2,2,N,N,39 56:22.385,75 11:47.088,352, ,344, ,0, ,N, ,0, , , , , , , , , ,2,2,0,0,0,0,0,0,0,0,0,0,0,0,0,0,0,0,0,0,0,0,0,0,0,0,0,0,0,0,0,0,0,0,0,0,0,39.9387,-75.1973, , 
36273,391071,2014044262,6,67,67301,2014,4,3,1108,11,1,2,1,7,2, , ,N,0,0,0,3,0,1,2,1,N,N,40 02:13.891,75 00:49.104,1133, ,1110, ,0, ,N, ,0, , , , , , , , , ,1,1,0,0,0,0,0,0,0,0,0,1,1,0,0,0,0,0,0,0,0,0,0,0,0,0,0,0,0,0,0,0,0,0,0,4,0,40.0372,-75.0136, , 
36274,391080,2014054480,6,67,67301,2014,5,1,230,2,3,1,0,4,1, , ,N,1,2,0,3,0,2,3,2,N,N,40 01:33.385,75 07:23.355,308, ,308, ,0, ,N, ,3, , , , , , , , , ,2,2,0,0,0,0,0,0,0,0,0,2,2,0,0,0,0,0,0,1,0,0,0,0,0,0,0,0,0,0,0,0,0,0,0,4,0,40.0259,-75.1232, , 
36275,391116,2014042696,6,67,67301,2014,3,1,1854,18,1,1,0,4,1, , ,N,0,2,0,3,0,1,2,2,N,N,39 58:52.429,75 14:47.775,1900, ,1857,1,1,2,N, ,2,N, , , , , , , , ,2,1,0,0,0,0,1,0,0,0,0,1,1,0,0,0,0,0,0,0,0,0,0,0,0,0,0,0,0,0,0,0,0,0,0,4,0,39.9812,-75.2466, , 
36276,391151,2014032424,6,67,67301,2014,2,1,9999,99,3,1,0,5,1, , ,N,1,2,0,3,0,0,2,2,N, ,39 59:23.942,75 08:54.063,1938, ,1937, ,0, , , ,3, , , , , , , , , ,2,1,0,0,1,0,0,0,0,0,0,0,0,0,0,0,0,0,0,1,0,0,0,0,0,0,0,0,0,0,0,0,0,0,0,0,0,39.99,-75.1484, , 
36277,391158,2014042677,6,67,67301,2014,3,5,830,8,1,1,0,8,1, , ,N,1,0,0,3,0,1,2,2,N,N,39 59:02.245,75 06:31.759,944, ,941, ,0, ,N, ,0, , , , , , , , , ,1,1,0,0,0,0,0,0,0,0,0,1,1,0,0,0,0,0,0,0,0,0,0,0,0,0,0,0,0,0,0,0,1,0,0,4,0,39.984,-75.1088, , 