objectid_1,objectid,crn,district,county,municipality,crash_year,crash_month,day_of_week,time_of_day,hour_of_day,illumination,weather,road_condition,collision_type,relation_to_road,work_zone_type,work_zone_loc,work_zone_ind,intersect_type,tcd_type,location_type,urban_rural,fatal_count,injury_count,person_count,total_units,sch_bus_ind,sch_zone_ind,latitude,longitude,arrival_tm,cons_zone_spd_lim,dispatch_tm,est_hrs_closed,lane_closed,ln_close_dir,ntfy_hiwy_maint,spec_juris_cd,tcd_func_cd,tfc_detour_ind,workers_pres,wz_close_detour,wz_flagger,wz_law_offcr_ind,wz_ln_closure,wz_moving,wz_other,wz_shlder_mdn,vehicle_count,automobile_count,motorcycle_count,bus_count,small_truck_count,heavy_truck_count,suv_count,van_count,bicycle_count,maj_inj_count,mod_inj_count,min_inj_count,tot_inj_count,unk_inj_deg_count,unk_inj_per_count,driver_count_16yr,driver_count_17yr,driver_count_18yr,driver_count_19yr,driver_count_20yr,driver_count_50_64yr,driver_count_65_74yr,driver_count_75plus,unbelted_occ_count,unb_death_count,unb_maj_inj_count,belted_death_count,belted_maj_inj_count,mcycle_death_count,mcycle_maj_inj_count,bicycle_death_count,bicycle_maj_inj_count,ped_count,ped_death_count,ped_maj_inj_count,max_severity_level,comm_veh_count,dec_lat,dec_long,rdwy_surf_type_cd,county_name
36481,436111,2014049511,6,67,67301,2014,4,5,2225,22,3,1,0,4,1, , ,N,0,0,7,3,0,0,6,2,N, ,39 58:01.151,75 14:45.249,2310, ,2306, ,0, ,N, ,0, , , , , , , , , ,2,2,0,0,0,0,0,0,0,0,0,0,0,0,0,0,0,0,0,0,1,0,0,0,0,0,0,0,0,0,0,0,0,0,0,0,0,39.967,-75.2459, , 
36482,436119,2014056988,6,67,67301,2014,4,5,2015,20,6,9,0,4,1, , ,N,1,3,0,3,0,1,2,2,N,N,39 57:10.080,75 13:13.115,1024, ,1023, ,0, ,N, ,3, , , , , , , , , ,1,1,0,0,0,0,0,0,1,0,0,0,1,1,0,0,0,0,0,0,0,0,0,1,0,0,0,0,0,0,0,0,0,0,0,8,0,39.9528,-75.2203, , 
36483,436132,2014068215,6,67,67301,2014,5,4,1645,16,1,1,0,7,4, , ,N,0,0,0,3,0,2,2,1,N, ,40 04:10.095,75 11:18.888,1652, ,1647, ,0, , , ,0, , , , , , , , , ,1,0,0,0,0,0,1,0,0,0,1,1,2,0,0,0,0,0,0,0,0,0,0,0,0,0,0,0,0,0,0,0,0,0,0,3,0,40.0695,-75.1886, , 
36484,436141,2014074725,6,67,67301,2014,7,2,1740,17,1,1,0,7,5, , ,N,6,0,2,3,0,0,1,1,N,N,39 59:51.182,75 04:53.908,1745, ,1745, ,0, ,N, ,0, , , , , , , , , ,1,0,0,0,0,0,1,0,0,0,0,0,0,0,0,0,0,0,0,0,0,0,0,0,0,0,0,0,0,0,0,0,0,0,0,0,0,39.9976,-75.0816, , 
36485,436152,2014084201,6,67,67301,2014,7,4,1641,16,1,1,0,4,1, , ,N,1,0,0,3,0,1,2,2,N,N,39 55:49.119,75 10:48.658,1641, ,1641, ,0, ,N, ,0, , , , , , , , , ,2,0,1,0,0,0,0,1,0,0,0,1,1,0,0,0,0,0,0,0,1,0,0,0,0,0,0,0,0,0,0,0,0,0,0,4,0,39.9303,-75.1802, , 
36486,436156,2014089977,6,67,67301,2014,9,2,508,5,5,1,0,5,1, , ,N,0,0,0,3,0,1,3,2,N,N,40 02:21.577,75 03:36.486,517, ,512,3,2,2,Y, ,0,Y, , , , , , , , ,2,2,0,0,0,0,0,0,0,0,1,0,1,0,0,0,0,0,0,0,1,0,0,0,0,0,0,0,0,0,0,0,0,0,0,3,0,40.0393,-75.0601, , 
36487,436169,2014068205,6,67,67301,2014,6,7,645,6,1,1,0,1,1, , ,N,1,2,0,3,0,1,2,2,N,N,39 59:34.443,75 08:45.915,1210, ,1210, ,0, ,N, ,3, , , , , , , , , ,2,0,0,0,1,0,1,0,0,0,0,1,1,0,1,0,0,0,0,0,0,0,0,0,0,0,0,0,0,0,0,0,0,0,0,4,0,39.9928,-75.1461, , 
36488,436170,2014068667,6,67,67301,2014,6,5,9999,99,3,1,0,8,1, , ,N,2,0,0,3,0,1,2,2,N,N,39 55:14.224,75 13:50.433,2117, ,2115, ,0, , , ,0, , , , , , , , , ,1,1,0,0,0,0,0,0,0,0,0,0,1,1,0,0,0,0,0,0,0,0,0,0,0,0,0,0,0,0,0,0,1,0,0,8,0,39.9206,-75.2307, , 
36489,436200,2014088666,6,67,67301,2014,8,4,1325,13,1,1,0,1,1, , ,N,1,2,0,3,0,1,2,2,N,N,40 02:29.396,75 09:30.118,1330, ,1330, ,0, ,N, ,3, , , , , , , , , ,2,2,0,0,0,0,0,0,0,0,0,1,1,0,0,0,0,0,0,0,1,0,0,0,0,0,0,0,0,0,0,0,0,0,0,4,0,40.0415,-75.1584, , 
36490,436208,2014095935,6,67,67301,2014,9,2,800,8,1,1,0,4,1, , ,N,1,2,0,3,0,1,2,2,N,N,40 02:50.960,75 08:34.014,840, ,837, ,0, ,N, ,3, , , , , , , , , ,1,0,0,0,0,0,1,0,1,0,1,0,1,0,0,0,0,0,0,0,0,1,0,1,0,0,0,0,0,0,0,0,0,0,0,3,0,40.0475,-75.1428, , 
36491,436231,2014074480,6,67,67301,2014,6,6,5,0,3,2,1,4,1, , ,N,1,2,0,3,0,4,5,2,N,N,40 01:00.965,75 09:05.545,15, ,9,2,1,3,N, ,3,N, , , , , , , , ,2,1,0,0,1,0,0,0,0,0,0,4,4,0,0,0,0,0,0,0,1,0,0,0,0,0,0,0,0,0,0,0,0,0,0,4,0,40.0169,-75.1516, , 
36492,436245,2014091383,6,67,67301,2014,8,2,1800,18,1,1,0,8,1, , ,N,2,0,0,3,0,1,3,2,N,N,40 01:31.422,75 13:24.466,1822, ,1814, ,0, ,N, ,0, , , , , , , , , ,1,1,0,0,0,0,0,0,1,0,0,1,1,0,0,0,0,0,0,0,0,0,0,0,0,0,0,0,0,0,0,0,0,0,0,4,0,40.0254,-75.2235, , 
36493,436250,2014096839,6,67,67301,2014,9,4,1646,16,1,1,0,5,6, , ,N,0,0,0,3,0,4,4,2,N,N,40 07:45.651,75 01:22.194,1648, ,1646, ,0, ,N, ,0, , , , , , , , , ,2,2,0,0,0,0,0,0,0,0,0,3,4,1,0,0,0,0,0,0,0,0,0,0,0,0,0,0,0,0,0,0,0,0,0,4,0,40.1293,-75.0228, , 
36494,436251,2014096841,6,67,67301,2014,9,2,2025,20,4,1,0,8,1, , ,N,1,2,0,3,0,1,2,2,N, ,39 56:42.255,75 10:06.725,2043, ,2042, ,0, , , ,3, , , , , , , , , ,1,1,0,0,0,0,0,0,0,0,0,0,1,1,1,0,0,0,0,0,0,0,0,0,0,0,0,0,0,0,0,0,1,0,0,8,0,39.9451,-75.1685, , 
36495,436262,2014106646,6,67,67301,2014,10,4,714,7,1,1,1,4,1, , ,N,0,0,7,3,0,0,2,2,N,N,40 02:40.933,75 10:45.716,800, ,740, ,0, ,N, ,0, , , , , , , , , ,2,2,0,0,0,0,0,0,0,0,0,0,0,0,0,0,0,0,0,0,1,0,0,0,0,0,0,0,0,0,0,0,0,0,0,0,0,40.0447,-75.1794, , 
36496,436272,2014065508,6,67,67301,2014,5,3,1147,11,1,1,0,8,1, , ,N,1,2,0,3,0,1,2,2,N,N,39 59:42.556,75 06:44.112,1155, ,1150, ,0, , , ,3, , , , , , , , , ,1,0,0,0,0,0,1,0,0,0,0,1,1,0,0,0,0,0,0,0,0,0,0,0,0,0,0,0,0,0,0,0,1,0,0,4,0,39.9952,-75.1123, , 
36497,436294,2014093527,6,67,67301,2014,9,2,1901,19,4,1,0,4,1, , ,N,0,0,7,3,0,1,3,2,N,N,40 02:35.018,75 09:39.263,1943, ,1935, ,0, ,N, ,0, , , , , , , , , ,2,1,0,0,0,0,0,0,0,0,0,0,1,1,0,0,0,0,0,0,0,0,0,0,0,0,0,0,0,0,0,0,0,0,0,8,0,40.0431,-75.1609, , 
36498,436296,2014099236,6,67,67301,2014,9,3,1500,15,1,1,0,8,1, , ,N,1,2,0,3,0,1,2,2,N,N,40 03:40.446,75 05:00.751,1527, ,1520,1,1,2,N, ,3,N, , , , , , , , ,1,0,0,0,0,0,1,0,0,0,0,1,1,0,0,0,0,0,0,0,0,0,0,0,0,0,0,0,0,0,0,0,1,0,0,4,0,40.0612,-75.0835, , 
36499,436306,2014104408,6,67,67301,2014,10,4,1535,15,1,1,0,8,1, , ,N,1,2,0,3,0,1,2,2,N, ,40 00:16.318,75 07:55.437,1620, ,1609, ,0, , , ,3, , , , , , , , , ,1,1,0,0,0,0,0,0,0,0,0,0,1,1,0,0,0,0,0,0,0,0,0,0,0,0,0,0,0,0,0,0,1,0,0,8,0,40.0045,-75.1321, , 
36500,436312,2014110365,6,67,67301,2014,10,5,845,8,1,2,1,5,1, , ,N,2,0,0,3,0,0,3,2,N,N,40 02:12.595,75 10:18.695,902, ,902, ,0, ,N, ,0, , , , , , , , , ,2,2,0,0,0,0,0,0,0,0,0,0,0,0,0,0,0,0,0,0,0,0,0,0,0,0,0,0,0,0,0,0,0,0,0,0,0,40.0368,-75.1719, , 
36501,436338,2014084501,6,67,67301,2014,6,2,835,8,1,1,0,4,1, , ,N,1,3,0,3,0,2,2,2,N, ,40 01:56.676,75 10:09.635,900, ,845, ,0, , , ,3, , , , , , , , , ,2,2,0,0,0,0,0,0,0,0,0,1,2,1,0,0,0,0,0,0,0,0,0,0,0,0,0,0,0,0,0,0,0,0,0,4,0,40.0324,-75.1693, , 
36502,436345,2014087870,6,67,67301,2014,8,4,1335,13,1,1,0,1,1, , ,N,0,0,0,3,0,1,3,3,N,N,40 05:45.148,75 01:30.290,1340, ,1340,1,1,4,N, ,0,Y, , , , , , , , ,3,1,0,0,0,0,2,0,0,0,0,1,1,0,0,0,0,1,0,0,0,1,0,0,0,0,0,0,0,0,0,0,0,0,0,4,0,40.0959,-75.0251, , 
36503,436347,2014089016,6,67,67301,2014,8,6,1407,14,1,1,0,8,1, , ,N,1,3,0,3,0,1,2,2,N,N,40 02:16.216,75 07:45.047,1410, ,1407, ,0, ,N, ,3, , , , , , , , , ,1,1,0,0,0,0,0,0,0,0,0,1,1,0,0,0,0,0,0,0,0,0,0,0,0,0,0,0,0,0,0,0,1,0,0,4,0,40.0378,-75.1292, , 
36504,436351,2014091375,6,67,67301,2014,8,4,1520,15,1,1,0,1,1, , ,N,0,0,0,3,0,1,6,3,N,N,40 01:39.196,75 02:24.422,1622, ,1619,3,2,1,N, ,0,N, , , , , , , , ,3,1,0,1,1,0,0,0,0,0,0,0,1,1,0,0,0,0,0,1,1,0,0,0,0,0,0,0,0,0,0,0,0,0,0,8,1,40.0276,-75.0401, , 
36505,436358,2014095985,6,67,67301,2014,7,1,245,2,3,1,0,4,1, , ,N,1,2,0,3,0,1,2,2,N,N,39 56:57.599,75 09:51.029,256, ,251, ,0, , , ,3, , , , , , , , , ,2,1,1,0,0,0,0,0,0,0,0,0,1,1,0,0,0,0,0,0,0,0,0,0,0,0,0,0,0,0,0,0,0,0,0,8,0,39.9493,-75.1642, , 
36506,436365,2014058767,6,67,67301,2014,6,1,1630,16,1,1,0,7,2, , ,N,6,0,2,3,0,0,3,2,N,N,39 55:24.467,75 11:32.292,1712, ,1642, ,0, ,N, ,0, , , , , , , , , ,2,2,0,0,0,0,0,0,0,0,0,0,0,0,0,0,0,0,0,0,0,0,0,0,0,0,0,0,0,0,0,0,0,0,0,0,0,39.9234,-75.1922, , 
36507,436392,2014084423,6,67,67301,2014,7,6,920,9,1,1,0,4,1, , ,N,1,2,0,3,0,5,5,2,N,N,40 00:43.066,75 08:09.135,9999, ,9999, ,0, ,N, ,3, , , , , , , , , ,2,1,0,0,0,0,1,0,0,0,2,3,5,0,0,0,0,0,0,0,0,0,0,2,0,0,0,0,0,0,0,0,0,0,0,3,0,40.012,-75.1359, , 
36508,436395,2014091337,6,67,67301,2014,8,5,1408,14,1,1,0,4,1, , ,N,1,2,0,3,0,1,5,4,N,N,40 00:57.144,75 09:13.828,1425, ,1419,2,1,1,N, ,3,N, , , , , , , , ,4,2,0,0,0,0,2,0,0,0,0,1,1,0,4,0,0,0,0,0,1,1,0,0,0,0,0,0,0,0,0,0,0,0,0,4,0,40.0159,-75.1538, , 
36509,436399,2014095892,6,67,67301,2014,9,7,1630,16,1,1,0,1,1, , ,N,1,3,0,3,0,1,2,2,N,N,39 56:12.858,75 09:00.809,1708, ,1700, ,0, ,N, ,3, , , , , , , , , ,1,1,0,0,0,0,0,0,1,0,0,1,1,0,0,0,0,0,0,0,0,0,0,0,0,0,0,0,0,0,0,0,0,0,0,4,0,39.9369,-75.1502, , 
36510,436409,2014104498,6,67,67301,2014,10,7,850,8,1,2,1,5,6, , ,N,0,0,0,3,0,1,1,3,N, ,39 57:15.728,75 09:18.961,906, ,900, ,0, , , ,0, , , , , , , , , ,3,2,0,0,1,0,0,0,0,0,0,0,1,1,0,0,0,0,0,0,0,0,0,0,0,0,0,0,0,0,0,0,0,0,0,8,0,39.9544,-75.1553, , 
36511,436423,2014025528,6,67,67301,2014,1,1,614,6,5,1,0,7,5, , ,N,1,2,0,3,0,0,1,1,N,N,39 55:43.884,75 14:07.770,614, ,614, ,0, ,N, ,3, , , , , , , , , ,1,0,0,0,0,0,1,0,0,0,0,0,0,0,0,0,0,0,0,0,0,0,0,1,0,0,0,0,0,0,0,0,0,0,0,0,0,39.9289,-75.2355, , 
36512,436432,2014038907,6,67,67301,2014,3,3,800,8,1,4,5,1,1, , ,N,0,0,0,3,0,1,2,2,N,N,39 59:06.522,75 08:52.011,9999, ,9999, ,0, ,N, ,0, , , , , , , , , ,2,1,0,0,0,0,1,0,0,0,0,1,1,0,0,0,0,0,0,0,1,0,0,0,0,0,0,0,0,0,0,0,0,0,0,4,0,39.9851,-75.1478, , 
36513,436445,2014054569,6,67,67301,2014,4,4,1611,16,1,1,0,5,1, , ,N,0,0,0,3,0,1,3,2,N,N,40 00:59.540,75 12:09.695,1614, ,1611,1,1,1,N, ,0,N, , , , , , , , ,2,1,0,0,0,0,0,1,0,0,0,0,1,1,0,0,0,0,0,0,0,0,0,0,0,0,0,0,0,0,0,0,0,0,0,8,0,40.0165,-75.2027, , 
36514,430023,2014034241,6,67,67301,2014,3,2,308,3,3,4,3,7,4, , ,N,0,0,0,3,0,2,2,1,N,N,40 07:05.269,75 01:06.706,319, ,311,1,2,2,N, ,0,N, , , , , , , , ,1,0,0,0,1,0,0,0,0,0,1,1,2,0,0,0,0,0,0,0,0,0,0,0,0,0,0,0,0,0,0,0,0,0,0,3,0,40.1181,-75.0185, , 
36515,430027,2014038995,6,67,67301,2014,3,1,330,3,3,2,1,5,6, , ,N,0,0,0,3,0,1,2,7,N,Y,39 57:12.661,75 12:25.917,331, ,330,3,2,6,N, ,0,N, , , , , , , , ,7,6,0,0,0,0,1,0,0,0,0,0,1,1,0,0,0,0,0,0,0,0,0,0,0,0,0,0,0,0,0,0,0,0,0,8,0,39.9535,-75.2072, , 
36516,430033,2014042609,6,67,67301,2014,3,7,1400,14,1,2,1,4,1, , ,N,1,2,0,3,0,1,4,2,N,N,40 01:38.846,75 03:44.583,1530, ,1530,2,1,2,N, ,3,N, , , , , , , , ,2,2,0,0,0,0,0,0,0,0,1,0,1,0,0,0,0,0,0,0,1,0,0,0,0,0,0,0,0,0,0,0,0,0,0,3,0,40.0275,-75.0624, , 
36517,430077,2014084257,6,67,67301,2014,7,1,1259,12,1,1,0,4,1, , ,N,2,3,0,3,0,1,2,2,N, ,40 05:08.045,75 02:21.757,1301, ,1259, ,0, , , ,3, , , , , , , , , ,2,2,0,0,0,0,0,0,0,0,0,0,1,1,0,0,0,0,0,0,0,0,2,0,0,0,0,0,0,0,0,0,0,0,0,8,0,40.0856,-75.0394, , 
36518,430080,2014088067,6,67,67301,2014,7,2,2319,23,3,1,0,6,1, , ,N,0,0,0,3,0,0,2,2,N,N,39 55:28.143,75 10:13.795,2321, ,2319, ,0, ,N, ,0, , , , , , , , , ,2,1,0,0,0,0,0,1,0,0,0,0,0,0,0,0,0,0,0,0,0,0,0,0,0,0,0,0,0,0,0,0,0,0,0,0,0,39.9245,-75.1705, , 
36519,430081,2014088815,6,67,67301,2014,8,5,2145,21,3,1,0,6,6, , ,N,0,0,0,3,0,0,1,3,N,N,39 55:51.128,75 10:50.361,2337, ,2335, ,0, ,N, ,0, , , , , , , , , ,3,2,0,0,0,0,1,0,0,0,0,0,0,0,0,0,0,0,0,0,0,0,0,0,0,0,0,0,0,0,0,0,0,0,0,0,0,39.9309,-75.1807, , 
36520,430084,2014092218,6,67,67301,2014,9,3,1842,18,4,1,0,0,1,1,4,Y,0,0,0,3,0,1,1,1,N,N,40 01:25.861,75 01:55.103,1856,45,1847, ,0, ,N, ,0, ,Y,N,N,N,N,N,N,Y,1,0,0,0,0,0,1,0,0,0,0,0,1,1,0,0,0,0,0,0,0,0,0,0,0,0,0,0,0,0,0,0,0,0,0,8,0,40.0239,-75.032, , 
36521,430085,2014095953,6,67,67301,2014,9,7,925,9,1,1,0,0,1, , ,N,0,0,0,3,0,1,1,1,N, ,40 04:08.617,75 02:23.659,930, ,928, ,0, , , ,0, , , , , , , , , ,1,1,0,0,0,0,0,0,0,0,0,1,1,0,0,0,0,0,0,0,0,0,0,0,0,0,0,0,0,0,0,0,0,0,0,4,0,40.0691,-75.0399, , 
36522,430103,2014004988,6,67,67301,2014,1,1,1522,15,1,1,0,8,1, , ,N,0,0,0,3,0,1,5,2,N,N,39 58:46.884,75 09:39.290,1527, ,1522, ,0, ,N, ,0, , , , , , , , , ,1,1,0,0,0,0,0,0,0,0,0,1,1,0,0,0,0,0,0,0,0,0,0,0,0,0,0,0,0,0,0,0,1,0,0,4,0,39.9797,-75.1609, , 
36523,430118,2014019368,6,67,67301,2014,2,5,2324,23,3,1,0,1,1, , ,N,0,0,0,3,0,1,3,2,N,N,39 57:24.929,75 09:16.748,2328, ,2325,1,1,6,N, ,0,N, , , , , , , , ,2,1,0,0,0,0,1,0,0,0,0,0,1,1,0,0,0,0,0,0,0,0,0,0,0,0,0,0,0,0,0,0,0,0,0,8,0,39.9569,-75.1547, , 
36524,430140,2014043027,6,67,67301,2014,3,3,2100,21,3,1,0,8,1, , ,N,1,2,0,3,0,1,2,2,N,N,39 57:10.335,75 12:43.862,2110, ,2106, ,0, ,N, ,3, , , , , , , , , ,1,1,0,0,0,0,0,0,0,0,0,0,1,1,0,0,0,0,0,0,0,0,0,0,0,0,0,0,0,0,0,0,1,0,0,8,0,39.9529,-75.2122, , 
36525,430142,2014049674,6,67,67301,2014,4,6,2005,20,3,1,0,4,1, , ,N,1,0,0,3,0,0,2,3,N, ,39 59:08.569,75 11:15.734,2035, ,2027, ,0, , , ,0, , , , , , , , , ,3,0,0,0,0,0,1,2,0,0,0,0,0,0,0,0,0,0,0,0,1,0,1,2,0,0,0,0,0,0,0,0,0,0,0,0,0,39.9858,-75.1877, , 
36526,430143,2014059340,6,67,67301,2014,5,6,1550,15,1,1,0,4,1, , ,N,2,3,0,3,0,2,2,2,N,N,39 55:54.721,75 13:41.735,1600, ,1557, ,0, , , ,3, , , , , , , , , ,2,2,0,0,0,0,0,0,0,0,0,1,2,1,0,0,0,0,0,0,1,0,0,0,0,0,0,0,0,0,0,0,0,0,0,4,0,39.9319,-75.2283, , 
36527,430163,2014025533,6,67,67301,2014,1,2,750,7,1,1,0,5,1, , ,N,0,0,99,3,0,2,2,2,N,N,39 59:59.251,75 13:45.830,801, ,755, ,0, ,N, ,0, , , , , , , , , ,2,1,0,0,0,0,1,0,0,0,0,1,2,1,0,0,0,0,0,0,0,1,0,0,0,0,0,0,0,0,0,0,0,0,0,4,0,39.9998,-75.2294, , 
36528,430178,2014040417,6,67,67301,2014,3,5,1620,16,1,1,8,8,1, , ,N,0,0,0,3,0,1,2,2,N,N,40 00:06.066,75 07:46.839,1717, ,1710, ,0, ,N, ,0, , , , , , , , , ,1,1,0,0,0,0,0,0,0,0,0,1,1,0,1,0,0,0,0,0,0,0,0,0,0,0,0,0,0,0,0,0,1,0,0,4,0,40.0017,-75.1297, , 
36529,430191,2014042701,6,67,67301,2014,3,2,915,9,1,1,0,4,1, , ,N,1,3,2,3,0,0,4,3,N,N,39 59:11.983,75 12:29.919,930, ,920, ,0, ,N, ,3, , , , , , , , , ,3,3,0,0,0,0,0,0,0,0,0,0,0,0,1,0,0,0,0,0,1,0,0,1,0,0,0,0,0,0,0,0,0,0,0,9,0,39.9867,-75.2083, , 
36530,430198,2014069445,6,67,67301,2014,5,5,2355,23,3,1,0,5,1, , ,N,0,0,0,3,0,0,2,5,N,N,39 57:03.481,75 14:20.763,2, ,2355, ,0, ,N, ,0, , , , , , , , , ,5,4,0,0,0,0,1,0,0,0,0,0,0,0,0,0,0,0,0,0,1,0,0,0,0,0,0,0,0,0,0,0,0,0,0,0,0,39.951,-75.2391, , 
36531,430205,2014075027,6,67,67301,2014,7,4,1617,16,1,1,0,1,1, , ,N,3,0,0,3,0,1,4,2,N,N,39 57:34.053,75 10:50.657,1652, ,1621, ,0, ,N, ,0, , , , , , , , , ,2,0,0,0,0,0,1,1,0,0,0,1,1,0,0,0,0,0,0,0,0,0,0,0,0,0,0,0,0,0,0,0,0,0,0,4,0,39.9595,-75.1807, , 
36532,433158,2014087972,6,67,67301,2014,7,6,2322,23,3,1,0,1,1, , ,N,1,2,0,3,0,4,5,2,N,Y,39 57:25.696,75 12:51.617,18, ,13, ,0, , , ,3, , , , , , , , , ,2,2,0,0,0,0,0,0,0,0,4,0,4,0,1,0,0,0,0,0,0,0,0,0,0,0,0,0,0,0,0,0,0,0,0,3,0,39.9571,-75.2143, , 
36533,433159,2014088139,6,67,67301,2014,6,2,1500,15,1,1,0,8,1, , ,N,0,0,0,3,0,1,2,2,N,N,39 55:13.278,75 11:02.637,1507, ,1507, ,0, ,N, ,0, , , , , , , , , ,1,1,0,0,0,0,0,0,0,0,0,1,1,0,0,0,0,0,0,0,0,0,0,0,0,0,0,0,0,0,0,0,1,0,0,4,0,39.9204,-75.1841, , 
36534,433174,2014103557,6,67,67301,2014,9,5,916,9,1,2,1,8,1, , ,N,0,0,0,3,0,1,2,2,N,N,40 05:59.262,75 00:38.793,919, ,918, ,0, ,N, ,0, , , , , , , , , ,1,0,0,0,0,1,0,0,0,0,0,1,1,0,0,0,0,0,0,0,0,0,0,0,0,0,0,0,0,0,0,0,1,0,0,4,1,40.0998,-75.0108, , 
36535,433175,2014104541,6,67,67301,2014,10,6,855,8,1,1,0,5,1, , ,N,0,0,0,3,0,1,2,2,N,N,39 55:16.475,75 11:33.828,903, ,858,1,1,3,N, ,0,Y, , , , , , , , ,2,1,0,0,1,0,0,0,0,0,0,1,1,0,1,0,0,0,0,0,0,0,0,1,0,0,0,0,0,0,0,0,0,0,0,4,0,39.9212,-75.1927, , 
36536,433177,2014003967,6,67,67301,2014,1,5,2000,20,3,4,3,1,1, , ,N,0,0,0,3,0,1,3,2,N,N,39 55:56.117,75 11:59.874,2037, ,2011, ,0, ,N, ,0, , , , , , , , , ,2,0,0,0,1,0,1,0,0,0,0,0,1,1,0,0,0,0,0,0,1,0,0,0,0,0,0,0,0,0,0,0,0,0,0,8,0,39.9323,-75.2, , 
36537,433189,2014068007,6,67,67301,2014,6,4,1929,19,4,1,0,4,1, , ,N,1,3,0,3,0,1,2,2,N,N,40 00:59.313,75 03:21.221,2215, ,2201, ,0, ,N, ,3, , , , , , , , , ,2,2,0,0,0,0,0,0,0,0,0,1,1,0,0,0,0,0,0,0,1,0,0,0,0,0,0,0,0,0,0,0,0,0,0,4,0,40.0165,-75.0559, , 
36538,433196,2014078913,6,67,67301,2014,6,5,1915,19,1,1,0,7,5, , ,N,0,0,0,3,0,1,1,1,N,N,40 06:15.661,75 01:53.908,1927, ,1924, ,0, ,N, ,0, , , , , , , , , ,1,0,0,0,0,0,1,0,0,0,0,1,1,0,0,0,0,0,0,0,0,0,0,0,0,0,0,0,0,0,0,0,0,0,0,4,0,40.1044,-75.0316, , 
36539,433197,2014080616,6,67,67301,2014,8,1,947,9,1,1,0,1,1, , ,N,0,0,0,3,0,1,2,2,N,N,39 55:04.344,75 08:51.422,954, ,947,1,1,1,N, ,0,N, , , , , , , , ,2,1,1,0,0,0,0,0,0,0,0,1,1,0,0,0,0,0,0,0,1,1,0,0,0,0,0,0,0,0,0,0,0,0,0,4,0,39.9179,-75.1476, , 
36540,433205,2014084141,6,67,67301,2014,6,6,26,0,3,1,0,4,1, , ,N,1,2,0,3,0,1,2,2,N,N,39 58:22.710,75 14:16.803,39, ,37, ,0, ,N, ,3, , , , , , , , , ,2,1,0,0,0,0,1,0,0,1,0,0,1,0,0,0,0,0,0,0,1,0,0,0,0,0,0,0,0,0,0,0,0,0,0,2,0,39.973,-75.238, , 
36541,433206,2014084231,6,67,67301,2014,7,6,2110,21,3,1,0,3,1, , ,N,0,0,0,3,0,1,2,2,N, ,39 55:31.140,75 13:41.020,2130, ,2119, ,0, , , ,0, , , , , , , , , ,1,1,0,0,0,0,0,0,1,0,0,1,1,0,0,0,0,0,0,0,0,0,0,0,0,0,0,0,0,0,0,0,0,0,0,4,0,39.9253,-75.2281, , 
36542,433207,2014084465,6,67,67301,2014,6,7,550,5,1,1,0,4,1, , ,N,1,2,0,3,0,1,2,2,N,N,40 01:28.408,75 07:50.218,602, ,559,1,1,2,N, ,3,N, , , , , , , , ,2,1,0,0,0,0,0,1,0,0,0,1,1,0,0,0,0,0,0,0,0,0,0,0,0,0,0,0,0,0,0,0,0,0,0,4,0,40.0246,-75.1306, , 
36543,433219,2014098815,6,67,67301,2014,9,3,333,3,3,1,0,1,1, , ,N,0,0,0,3,0,0,2,2,N,N,39 52:35.702,75 15:19.814,348, ,335, ,0, ,N, ,0, , , , , , , , , ,2,2,0,0,0,0,0,0,0,0,0,0,0,0,1,0,0,0,0,0,0,0,0,0,0,0,0,0,0,0,0,0,0,0,0,9,0,39.8766,-75.2555, , 
36544,433249,2014025500,6,67,67301,2014,1,6,1115,11,1,8,5,6,1, , ,N,2,0,0,3,0,1,3,2,N,N,40 04:49.555,75 12:19.421,1145, ,1138, ,0, ,N, ,0, , , , , , , , , ,2,1,0,0,0,0,1,0,0,0,0,1,1,0,0,0,0,0,0,0,0,0,0,0,0,0,0,0,0,0,0,0,0,0,0,4,0,40.0804,-75.2054, , 
36545,433258,2014038867,6,67,67301,2014,3,5,812,8,1,1,0,8,1, , ,N,2,0,0,3,0,1,2,2,N,N,40 02:33.388,75 11:08.116,817, ,813,1,1,4,N, ,0,N, , , , , , , , ,1,1,0,0,0,0,0,0,0,0,0,1,1,0,0,0,0,0,0,0,1,0,0,0,0,0,0,0,0,0,0,0,1,0,0,4,0,40.0426,-75.1856, , 
36546,433292,2014074476,6,67,67301,2014,6,4,2030,20,3,1,0,4,1, , ,N,1,2,0,3,0,1,2,2,N,N,39 57:16.822,75 11:40.080,2255, ,2249, ,0, ,N, ,3, , , , , , , , , ,1,0,0,0,1,0,0,0,1,0,0,1,1,0,0,0,0,0,0,0,0,0,0,0,0,0,0,0,0,0,0,0,0,0,0,4,0,39.9547,-75.1944, , 
36547,433293,2014075224,6,67,67301,2014,6,4,1537,15,1,1,0,4,1, , ,N,1,2,0,3,0,1,2,2,N,N,39 56:46.615,75 10:42.045,1540, ,1537, ,0, ,N, ,3, , , , , , , , , ,1,0,0,0,0,0,1,0,1,0,0,0,1,1,0,0,0,0,0,0,0,0,0,0,0,0,0,0,0,0,0,0,0,0,0,8,0,39.9463,-75.1783, , 