objectid_1,objectid,crn,district,county,municipality,crash_year,crash_month,day_of_week,time_of_day,hour_of_day,illumination,weather,road_condition,collision_type,relation_to_road,work_zone_type,work_zone_loc,work_zone_ind,intersect_type,tcd_type,location_type,urban_rural,fatal_count,injury_count,person_count,total_units,sch_bus_ind,sch_zone_ind,latitude,longitude,arrival_tm,cons_zone_spd_lim,dispatch_tm,est_hrs_closed,lane_closed,ln_close_dir,ntfy_hiwy_maint,spec_juris_cd,tcd_func_cd,tfc_detour_ind,workers_pres,wz_close_detour,wz_flagger,wz_law_offcr_ind,wz_ln_closure,wz_moving,wz_other,wz_shlder_mdn,vehicle_count,automobile_count,motorcycle_count,bus_count,small_truck_count,heavy_truck_count,suv_count,van_count,bicycle_count,maj_inj_count,mod_inj_count,min_inj_count,tot_inj_count,unk_inj_deg_count,unk_inj_per_count,driver_count_16yr,driver_count_17yr,driver_count_18yr,driver_count_19yr,driver_count_20yr,driver_count_50_64yr,driver_count_65_74yr,driver_count_75plus,unbelted_occ_count,unb_death_count,unb_maj_inj_count,belted_death_count,belted_maj_inj_count,mcycle_death_count,mcycle_maj_inj_count,bicycle_death_count,bicycle_maj_inj_count,ped_count,ped_death_count,ped_maj_inj_count,max_severity_level,comm_veh_count,dec_lat,dec_long,rdwy_surf_type_cd,county_name
36616,433475,2014059333,6,67,67301,2014,5,3,1947,19,1,1,0,1,6, , ,N,0,0,0,3,0,1,1,2,N,N,39 57:42.027,75 09:33.754,1950, ,1947, ,0, ,N, ,0, , , , , , , , , ,2,1,0,0,0,0,1,0,0,0,0,1,1,0,0,0,0,0,0,1,0,0,0,1,0,0,0,0,0,0,0,0,0,0,0,4,0,39.9617,-75.1594, , 
36617,433485,2014068078,6,67,67301,2014,6,7,1656,16,1,1,0,4,1, , ,N,0,0,0,3,0,1,2,2,N,N,39 58:57.373,75 11:17.114,1703, ,1701, ,0, ,N, ,0, , , , , , , , , ,1,1,0,0,0,0,0,0,1,0,0,1,1,0,0,0,0,0,0,0,0,0,0,0,0,0,0,0,0,0,0,0,0,0,0,4,0,39.9826,-75.1881, , 
36618,433495,2014081431,6,67,67301,2014,6,5,1220,12,1,1,0,4,1, , ,N,1,2,0,3,0,1,5,2,N, ,39 58:13.274,75 14:08.548,1230, ,1227, ,0, , , ,3, , , , , , , , , ,2,1,0,0,0,0,1,0,0,0,0,0,1,1,4,0,0,0,1,0,0,0,0,0,0,0,0,0,0,0,0,0,0,0,0,8,0,39.9704,-75.2357, , 
36619,433500,2014088122,6,67,67301,2014,7,2,1757,17,1,1,0,1,1, , ,N,1,2,0,3,0,1,2,2,N, ,39 58:15.014,75 09:14.922,1757, ,1757, ,0, , , ,3, , , , , , , , , ,2,2,0,0,0,0,0,0,0,0,0,1,1,0,0,0,0,0,0,0,0,0,0,0,0,0,0,0,0,0,0,0,0,0,0,4,0,39.9707,-75.1541, , 
36620,433514,2014060633,6,67,67301,2014,6,7,1737,17,1,1,0,1,1,1,4,Y,0,0,0,3,0,1,3,2,N,N,40 01:56.123,75 01:16.422,1758,45,1744,1,2,2,N, ,0,N,N,N,N,N,Y,N,N,Y,2,2,0,0,0,0,0,0,0,0,0,1,1,0,0,0,0,0,0,0,0,0,0,0,0,0,0,0,0,0,0,0,0,0,0,4,0,40.0323,-75.0212, , 
36621,433515,2014060824,6,67,67301,2014,5,1,550,5,5,1,0,7,3, , ,N,0,0,0,3,0,0,1,1,N,N,39 55:18.507,75 11:25.755,554, ,552,1,1,5,N, ,0,N, , , , , , , , ,1,1,0,0,0,0,0,0,0,0,0,0,0,0,0,0,0,0,0,0,0,0,0,0,0,0,0,0,0,0,0,0,0,0,0,0,0,39.9218,-75.1905, , 
36622,439061,2014084275,6,67,67301,2014,7,7,250,2,3,1,0,4,1, , ,N,5,2,2,3,0,0,4,2,N,N,39 57:25.881,75 08:31.297,257, ,257,3,1,2, , ,3,N, , , , , , , , ,2,1,0,0,0,1,0,0,0,0,0,0,0,0,0,0,0,0,0,0,0,0,0,0,0,0,0,0,0,0,0,0,0,0,0,0,0,39.9567,-75.1423, , 
36623,439075,2014084306,6,67,67301,2014,7,6,720,7,1,1,0,4,1, , ,N,1,3,0,3,0,2,3,2,N,N,39 59:27.967,75 10:30.446,728, ,725, ,0, ,N, ,3, , , , , , , , , ,2,0,0,0,1,0,1,0,0,0,0,2,2,0,0,0,0,0,0,0,2,0,0,3,0,0,0,0,0,0,0,0,0,0,0,4,0,39.9911,-75.1751, , 
36624,439091,2014103203,6,67,67301,2014,10,4,1640,16,1,2,1,7,2, , ,N,0,0,0,3,0,1,1,1,N,N,39 56:37.028,75 08:33.759,1651, ,1642,1,1,2,N, ,0,N, , , , , , , , ,1,1,0,0,0,0,0,0,0,0,1,0,1,0,0,0,0,0,0,0,1,0,0,0,0,0,0,0,0,0,0,0,0,0,0,3,0,39.9436,-75.1427, , 
36625,439093,2014104621,6,67,67301,2014,10,5,2306,23,3,1,0,1,6, , ,N,0,0,0,3,0,2,2,2,N,N,40 02:41.306,75 08:36.119,2306, ,2306, ,0, ,N, ,0, , , , , , , , , ,2,2,0,0,0,0,0,0,0,0,0,0,2,2,0,0,0,0,0,0,0,0,1,0,0,0,0,0,0,0,0,0,0,0,0,8,0,40.0448,-75.1434, , 
36626,439098,2014115617,6,67,67301,2014,11,7,38,0,3,1,0,7,4, , ,N,1,2,0,3,0,0,1,1,N,N,40 01:31.012,75 07:25.742,1046, ,40, ,0, ,N, ,3, , , , , , , , , ,1,1,0,0,0,0,0,0,0,0,0,0,0,0,0,0,0,0,0,0,0,0,0,0,0,0,0,0,0,0,0,0,0,0,0,0,0,40.0253,-75.1238, , 
36627,439111,2014055885,6,67,67301,2014,5,7,1314,13,1,1,0,5,1,1,4,Y,0,0,0,3,0,2,6,2,N,N,39 54:03.303,75 09:13.593,1327,50,1315,1,2,2,N, ,0,N,N,N,N,N,Y,N,N,N,2,1,0,0,0,0,1,0,0,0,0,0,2,2,0,0,0,0,0,0,1,0,0,0,0,0,0,0,0,0,0,0,0,0,0,8,0,39.9009,-75.1538, , 
36628,439127,2014072766,6,67,67301,2014,7,4,1639,16,1,1,0,1,1, , ,N,0,0,0,3,0,2,4,3,N,N,39 55:37.393,75 11:42.806,1713, ,1658,2,1,3,N, ,0,N, , , , , , , , ,3,3,0,0,0,0,0,0,0,0,0,2,2,0,0,0,0,0,0,0,1,0,0,0,0,0,0,0,0,0,0,0,0,0,0,4,0,39.9271,-75.1952, , 
36629,439136,2014079687,6,67,67301,2014,8,2,1450,14,1,1,0,1,1, , ,N,0,0,0,3,0,2,2,2,N,N,39 57:52.906,75 11:06.786,1507, ,1458, ,0, ,N, ,0, , , , , , , , , ,2,1,0,0,0,0,0,1,0,0,0,2,2,0,0,0,0,0,0,0,1,0,0,0,0,0,0,0,0,0,0,0,0,0,0,4,0,39.9647,-75.1852, , 
36630,439140,2014083050,6,67,67301,2014,6,4,1215,12,1,1,0,4,1, , ,N,1,2,0,3,0,4,4,3,N,N,39 59:34.547,75 13:03.608,1221, ,1217, ,0, ,N, ,3, , , , , , , , , ,3,3,0,0,0,0,0,0,0,0,0,4,4,0,0,0,0,0,0,0,0,1,0,1,0,0,0,0,0,0,0,0,0,0,0,4,0,39.993,-75.2176, , 
36631,439141,2014084351,6,67,67301,2014,7,6,1701,17,1,1,0,1,1, , ,N,1,0,0,3,0,1,2,2,N,N,40 03:59.950,75 03:04.523,1710, ,1702, ,0, ,N, ,0, , , , , , , , , ,2,1,0,0,0,0,1,0,0,0,0,0,1,1,0,0,0,0,0,0,0,0,0,0,0,0,0,0,0,0,0,0,0,0,0,8,0,40.0666,-75.0511, , 
36632,439145,2014091471,6,67,67301,2014,8,7,1216,12,1,1,0,5,6, , ,N,0,0,0,3,0,1,3,2,N,N,40 02:35.829,75 08:37.313,1227, ,1227, ,0, , , ,0, , , , , , , , , ,2,0,0,0,0,0,2,0,0,0,0,0,1,1,0,0,0,0,0,0,0,1,0,0,0,0,0,0,0,0,0,0,0,0,0,8,0,40.0433,-75.1437, , 
36633,439151,2014095898,6,67,67301,2014,9,7,1600,16,1,2,1,6,1, , ,N,1,3,0,3,0,1,2,2,N,N,39 55:42.888,75 10:58.090,1624, ,1622,1,2,4,N, ,3,Y, , , , , , , , ,2,2,0,0,0,0,0,0,0,0,0,0,1,1,1,0,0,0,0,0,1,0,0,0,0,0,0,0,0,0,0,0,0,0,0,8,0,39.9286,-75.1828, , 
36634,439174,2014029490,6,67,67301,2014,3,2,840,8,1,1,4,2,1, , ,N,0,0,0,3,0,0,3,2,N,N,39 59:22.034,75 05:15.656,847, ,847,1,1,2,N, ,0,N, , , , , , , , ,2,1,0,0,1,0,0,0,0,0,0,0,0,0,0,0,0,0,0,0,0,0,0,0,0,0,0,0,0,0,0,0,0,0,0,0,0,39.9895,-75.0877, , 
36635,439195,2014049477,6,67,67301,2014,3,2,358,3,3,2,1,1,1, , ,N,1,2,0,3,0,2,2,2,N,N,40 00:21.351,75 06:48.588,404, ,400,1,1,3,N, ,3,N, , , , , , , , ,2,2,0,0,0,0,0,0,0,0,0,2,2,0,0,0,0,0,0,0,0,0,0,0,0,0,0,0,0,0,0,0,0,0,0,4,0,40.0059,-75.1135, , 
36636,439211,2014065525,6,67,67301,2014,5,5,2239,22,3,1,1,4,1, , ,N,1,2,0,3,0,1,3,2,N,N,39 56:25.916,75 13:08.067,2255, ,2255, ,0, ,N, ,3, , , , , , , , , ,2,1,0,0,0,0,1,0,0,0,0,1,1,0,0,0,0,0,0,0,0,0,0,0,0,0,0,0,0,0,0,0,0,0,0,4,0,39.9405,-75.2189, , 
36637,439213,2014068010,6,67,67301,2014,5,6,9999,99,1,2,1,4,1, , ,N,1,2,0,3,0,6,7,2,N,N,40 05:40.718,75 00:54.707,1518, ,1454,1,1,1,N, ,3,N, , , , , , , , ,2,0,0,0,0,0,1,1,0,0,0,0,6,6,0,0,0,0,0,0,0,0,0,0,0,0,0,0,0,0,0,0,0,0,0,8,0,40.0946,-75.0152, , 
36638,439225,2014078908,6,67,67301,2014,5,5,735,7,1,1,0,5,6, , ,N,0,0,0,3,0,3,3,2,N,N,39 57:33.252,75 09:43.297,750, ,735, ,0, ,N, ,0, , , , , , , , , ,2,0,0,0,0,1,1,0,0,0,0,3,3,0,0,0,0,1,0,0,0,0,0,0,0,0,0,0,0,0,0,0,0,0,0,4,1,39.9592,-75.162, , 
36639,439231,2014088919,6,67,67301,2014,8,7,143,1,3,1,0,4,1, , ,N,1,3,0,3,0,2,3,2,N,N,40 03:34.337,75 09:55.640,150, ,146,2,2,7,N, ,3,N, , , , , , , , ,2,2,0,0,0,0,0,0,0,0,0,2,2,0,0,0,0,0,0,0,0,0,0,0,0,0,0,0,0,0,0,0,0,0,0,4,0,40.0595,-75.1655, , 
36640,436691,2014122405,6,67,67301,2014,11,6,1446,14,1,1,0,4,1, , ,N,2,3,0,3,0,2,2,2,N,N,39 58:58.072,75 12:22.561,1456, ,1446,2,1,5,N, ,3,Y, , , , , , , , ,2,2,0,0,0,0,0,0,0,0,0,0,2,2,0,0,0,0,1,0,1,0,0,0,0,0,0,0,0,0,0,0,0,0,0,8,0,39.9828,-75.2063, , 
36641,436706,2014074870,6,67,67301,2014,6,3,1203,12,1,1,0,8,1, , ,N,0,0,0,3,0,1,2,2,N,N,40 00:05.601,75 06:21.479,1206, ,1205,2,2,4,N, ,0,Y, , , , , , , , ,1,0,0,0,0,0,1,0,0,0,0,1,1,0,0,0,0,0,0,0,1,0,0,0,0,0,0,0,0,0,0,0,1,0,0,4,0,40.0016,-75.106, , 
36642,436707,2014076014,6,67,67301,2014,6,1,834,8,1,1,0,4,1, , ,N,1,2,0,3,0,1,3,2,N,N,39 56:58.016,75 09:31.701,837, ,834, ,0, , , ,3, , , , , , , , , ,1,1,0,0,0,0,0,0,1,0,0,1,1,0,0,0,0,0,0,0,0,0,1,0,0,0,0,0,0,0,0,0,0,0,0,4,0,39.9494,-75.1588, , 
36643,436712,2014081072,6,67,67301,2014,6,7,9999,99,3,1,0,5,1, , ,N,2,0,0,3,0,4,4,2,N,N,39 54:26.330,75 08:19.784,247, ,245,9,1,2,N, ,0,N, , , , , , , , ,2,2,0,0,0,0,0,0,0,0,0,4,4,0,0,0,0,0,0,0,0,0,0,0,0,0,0,0,0,0,0,0,0,0,0,4,0,39.9073,-75.1388, , 
36644,436718,2014087718,6,67,67301,2014,7,3,1500,15,1,1,0,4,1, , ,N,1,2,0,3,0,1,2,2,N,N,40 02:03.422,75 08:24.056,9999, ,9999, ,0, ,N, ,3, , , , , , , , , ,1,0,0,0,1,0,0,0,1,0,0,1,1,0,0,0,0,0,0,0,0,0,0,0,0,0,0,0,0,0,0,0,0,0,0,4,0,40.0343,-75.14, , 
36645,436719,2014087999,6,67,67301,2014,7,6,2300,23,3,1,0,8,1, , ,N,2,0,0,3,0,2,3,3,N,N,40 01:00.318,75 08:54.200,2324, ,2318, ,0, , , ,0, , , , , , , , , ,1,1,0,0,0,0,0,0,0,1,1,0,2,0,0,0,0,0,0,0,0,1,0,0,0,0,0,0,0,0,0,0,2,0,1,2,0,40.0168,-75.1484, , 
36646,436752,2014051764,6,67,67301,2014,4,6,9999,99,1,1,0,5,6, , ,N,0,0,0,3,0,1,2,3,N,N,39 54:11.354,75 08:22.833,9999, ,9999, ,0, ,N, ,0, , , , , , , , , ,3,0,0,0,0,1,1,0,0,0,0,1,1,0,0,0,0,0,0,0,0,0,0,0,0,0,0,0,0,0,0,0,0,0,0,4,1,39.9032,-75.1397, , 
36647,436755,2014054540,6,67,67301,2014,4,3,1250,12,1,1,0,7,4, , ,N,2,3,0,3,0,1,1,1,N,N,39 54:33.660,75 14:26.833,1300, ,1252, ,0, ,N, ,3, , , , , , , , , ,1,0,0,0,0,0,0,1,0,0,0,0,1,1,0,0,0,0,0,0,0,0,0,0,0,0,0,0,0,0,0,0,0,0,0,8,0,39.9094,-75.2408, , 
36648,436756,2014054622,6,67,67301,2014,4,3,1830,18,1,2,1,8,1, , ,N,2,3,0,3,0,1,2,2,N,N,40 03:03.013,75 10:56.701,1921, ,1918, ,0, ,N, ,3, , , , , , , , , ,1,1,0,0,0,0,0,0,0,0,0,0,1,1,1,0,0,0,0,0,0,0,0,0,0,0,0,0,0,0,0,0,1,0,0,8,0,40.0508,-75.1824, , 
36649,436757,2014059031,6,67,67301,2014,3,2,111,1,3,1,0,7,4, , ,N,0,0,0,3,0,0,1,2,N,N,40 00:50.636,75 03:59.172,115, ,112, ,0, ,N, ,0, , , , , , , , , ,2,2,0,0,0,0,0,0,0,0,0,0,0,0,1,0,0,0,0,0,0,0,0,0,0,0,0,0,0,0,0,0,0,0,0,9,0,40.0141,-75.0664, , 
36650,436770,2014082779,6,46,46108,2014,8,5,2110,21,3,1,0,4,1, , ,N,1,2,0,3,0,0,3,2,N,N,40 05:34.368,75 13:24.847,2113, ,2110, ,0, ,N, ,3, , , , , , , , , ,2,0,0,0,0,0,1,1,0,0,0,0,0,0,0,0,0,0,0,0,0,1,0,0,0,0,0,0,0,0,0,0,0,0,0,0,0,40.0929,-75.2236, , 
36651,436773,2014084245,6,67,67301,2014,7,2,214,2,3,2,1,1,6, , ,N,0,0,0,3,0,0,1,2,N,N,40 00:13.287,75 05:58.157,222, ,216, ,0, ,N, ,0, , , , , , , , , ,2,2,0,0,0,0,0,0,0,0,0,0,0,0,0,0,0,0,0,0,0,0,0,0,0,0,0,0,0,0,0,0,0,0,0,0,0,40.0037,-75.0995, , 
36652,436777,2014089001,6,67,67301,2014,7,4,1900,19,1,1,0,4,1, , ,N,1,0,0,3,0,1,2,2,N,N,40 03:02.023,75 09:25.419,1912, ,1909, ,0, ,N, ,0, , , , , , , , , ,1,1,0,0,0,0,0,0,1,0,0,1,1,0,0,0,0,0,0,0,0,0,0,0,0,0,0,0,0,0,0,0,0,0,0,4,0,40.0506,-75.1571, , 
36653,436787,2014095855,6,67,67301,2014,9,6,1730,17,1,1,0,1,1, , ,N,0,0,0,3,0,0,3,2,N,N,40 00:18.680,75 13:04.425,1737, ,1735, ,0, ,N, ,0, , , , , , , , , ,2,1,0,0,0,0,1,0,0,0,0,0,0,0,0,0,0,0,0,0,1,0,0,0,0,0,0,0,0,0,0,0,0,0,0,0,0,40.0052,-75.2179, , 
36654,436796,2014059344,6,67,67301,2014,5,3,1830,18,1,1,0,1,1, , ,N,2,3,0,3,0,3,5,2,N,N,40 07:20.168,75 00:12.182,1951, ,1947, ,0, ,N, ,3, , , , , , , , , ,2,2,0,0,0,0,0,0,0,0,0,0,3,3,0,0,1,0,0,0,0,0,0,5,0,0,0,0,0,0,0,0,0,0,0,8,0,40.1223,-75.0034, , 
36655,436797,2014060435,6,67,67301,2014,5,7,245,2,3,1,0,1,1, , ,N,0,0,0,3,0,3,4,2,N,N,39 56:13.805,75 08:31.504,9999, ,9999,9,1,1, , ,0,N, , , , , , , , ,2,1,0,0,0,0,1,0,0,0,0,3,3,0,0,0,0,0,0,0,0,0,0,0,0,0,0,0,0,0,0,0,0,0,0,4,0,39.9372,-75.1421, , 
36656,436829,2014088853,6,67,67301,2014,7,7,1100,11,1,2,1,4,1, , ,N,1,2,0,3,0,1,2,2,N, ,40 02:46.546,75 05:34.893,1125, ,1120,1,1,3, , ,3,Y, , , , , , , , ,2,2,0,0,0,0,0,0,0,0,0,1,1,0,0,0,0,0,0,0,0,0,0,0,0,0,0,0,0,0,0,0,0,0,0,4,0,40.0463,-75.093, , 
36657,436834,2014096857,6,67,67301,2014,9,3,2352,23,2,1,0,6,1, , ,N,0,0,0,3,0,0,1,4,N, ,39 58:38.456,75 15:20.487,10, ,2355, ,0, , , ,0, , , , , , , , , ,4,3,0,0,0,0,1,0,0,0,0,0,0,0,0,0,0,0,0,0,0,0,0,0,0,0,0,0,0,0,0,0,0,0,0,0,0,39.9773,-75.2557, , 
36658,430451,2014068042,6,67,67301,2014,6,6,1121,11,1,1,0,4,1, , ,N,0,0,7,3,0,1,5,2,N,N,39 54:51.530,75 09:08.115,1124, ,1122, ,0, , , ,0, , , , , , , , , ,2,1,0,0,0,0,0,1,0,0,0,1,1,0,0,0,0,0,0,0,1,0,0,0,0,0,0,0,0,0,0,0,0,0,0,4,0,39.9143,-75.1523, , 
36659,430463,2014078874,6,67,67301,2014,5,7,2045,20,3,1,0,4,1, , ,N,1,3,0,3,0,3,5,2,N,N,39 56:46.600,75 13:25.096,2056, ,2049, ,0, ,N, ,3, , , , , , , , , ,2,0,0,0,0,0,2,0,0,0,3,0,3,0,2,0,0,0,0,0,0,0,0,0,0,0,0,0,0,0,0,0,0,0,0,3,0,39.9463,-75.2236, , 
36660,430464,2014079277,6,67,67301,2014,6,1,430,4,3,1,0,5,6, , ,N,0,0,0,3,0,0,2,3,N, ,40 02:00.009,75 10:53.938,500, ,455, ,0, , , ,0, , , , , , , , , ,3,2,0,0,1,0,0,0,0,0,0,0,0,0,0,0,0,0,0,0,0,0,0,0,0,0,0,0,0,0,0,0,0,0,0,0,0,40.0333,-75.1816, , 
36661,430470,2014091373,6,67,67301,2014,9,4,850,8,1,1,0,4,1, , ,N,0,0,0,3,0,1,2,2,N,N,40 07:45.241,75 01:29.617,915, ,912, ,0, ,N, ,0, , , , , , , , , ,2,1,0,0,0,0,1,0,0,0,0,1,1,0,0,0,0,0,1,0,1,0,0,0,0,0,0,0,0,0,0,0,0,0,0,4,0,40.1292,-75.0249, , 
36662,430473,2014093649,6,67,67301,2014,9,7,2305,23,3,1,0,1,1, , ,N,0,0,0,3,0,0,9,3,N,N,39 56:01.745,75 11:59.779,2331, ,2308,2,2,4,N, ,0,Y, , , , , , , , ,3,2,0,0,0,0,1,0,0,0,0,0,0,0,0,0,0,0,0,0,0,0,0,0,0,0,0,0,0,0,0,0,0,0,0,0,0,39.9338,-75.1999, , 
36663,430477,2014095952,6,67,67301,2014,9,5,1240,12,1,1,0,6,1, , ,N,1,3,0,3,0,0,2,3,N,N,39 57:54.806,75 11:30.562,1740, ,1740, ,0, ,N, ,3, , , , , , , , , ,3,2,0,0,0,0,0,1,0,0,0,0,0,0,0,0,0,0,0,0,1,0,0,0,0,0,0,0,0,0,0,0,0,0,0,0,0,39.9652,-75.1918, , 
36664,430509,2014037981,6,67,67301,2014,3,7,1408,14,1,1,1,5,1, , ,N,0,0,0,3,0,0,2,2,N,N,40 02:32.026,75 00:14.144,1435, ,1430, ,0, ,N, ,0, , , , , , , , , ,2,1,0,0,1,0,0,0,0,0,0,0,0,0,1,0,0,0,0,0,0,0,0,0,0,0,0,0,0,0,0,0,0,0,0,9,0,40.0422,-75.0039, , 
36665,430526,2014052472,6,67,67301,2014,5,5,335,3,3,1,0,7,2,1,4,Y,0,0,0,3,0,0,1,1,N,N,39 58:06.684,75 07:42.750,344,45,338,9,1,1,N, ,0,N,Y,N,N,N,Y,N,N,N,1,0,0,0,0,0,1,0,0,0,0,0,0,0,1,0,0,0,0,0,0,0,0,0,0,0,0,0,0,0,0,0,0,0,0,9,0,39.9685,-75.1285, , 
36666,430538,2014065529,6,67,67301,2014,5,2,1215,12,1,1,0,4,1, , ,N,5,2,0,3,0,3,3,2,N,N,40 03:47.120,75 03:05.897,1220, ,1216, ,0, ,N, ,3, , , , , , , , , ,2,1,0,0,0,0,1,0,0,0,0,3,3,0,0,0,0,0,0,0,0,0,0,0,0,0,0,0,0,0,0,0,0,0,0,4,0,40.0631,-75.0516, , 
36667,430556,2014086487,6,67,67301,2014,7,3,2355,23,3,1,0,7,4, , ,N,0,0,6,3,0,1,1,1,N, ,40 00:55.670,75 10:38.190,0, ,9999, ,0, , , ,0, , , , , , , , , ,1,1,0,0,0,0,0,0,0,0,0,0,1,1,0,0,0,0,0,0,0,0,0,0,0,0,0,0,0,0,0,0,0,0,0,8,0,40.0155,-75.1773, , 
36668,430558,2014088156,6,67,67301,2014,7,1,2000,20,6,1,0,4,1, , ,N,2,3,0,3,0,1,2,2,N,N,39 55:25.345,75 13:55.595,2020, ,2016, ,0, ,N, ,3, , , , , , , , , ,2,2,0,0,0,0,0,0,0,0,0,1,1,0,0,0,0,1,0,0,0,0,0,0,0,0,0,0,0,0,0,0,0,0,0,4,0,39.9237,-75.2321, , 
36669,430572,2014099674,6,67,67301,2014,10,5,729,7,1,1,0,1,1, , ,N,0,0,0,3,0,1,2,2,N,N,39 59:18.619,75 05:19.059,754, ,737, ,0, ,N, ,0, , , , , , , , , ,2,1,0,0,0,0,0,0,0,0,0,1,1,0,1,0,0,0,0,0,1,0,0,0,0,0,0,0,0,0,0,0,0,0,0,4,0,39.9885,-75.0886, , 
36670,430573,2014104497,6,67,67301,2014,10,2,1730,17,1,1,0,4,1, , ,N,1,3,0,3,0,4,4,2,N, ,39 57:37.092,75 08:20.094,1755, ,1745,9,1,3, , ,3,N, , , , , , , , ,2,0,0,0,0,0,2,0,0,0,0,4,4,0,0,0,0,0,0,0,2,0,0,0,0,0,0,0,0,0,0,0,0,0,0,4,0,39.9603,-75.1389, , 
36671,430591,2014078767,6,67,67301,2014,6,1,1027,10,1,1,0,8,1, , ,N,0,0,0,3,0,1,2,2,N, ,39 56:54.830,75 10:02.930,1034, ,1029, ,0, , , ,0, , , , , , , , , ,1,0,0,0,1,0,0,0,0,0,0,1,1,0,0,0,0,0,0,0,1,0,0,0,0,0,0,0,0,0,0,0,1,0,0,4,0,39.9486,-75.1675, , 
36672,430592,2014081079,6,67,67301,2014,7,3,1854,18,1,1,0,4,1, , ,N,1,2,0,3,1,0,2,2,N,N,40 03:44.969,74 59:13.463,1902, ,1856, ,0, ,N,0,3, , , , , , , , , ,2,0,1,0,1,0,0,0,0,0,0,0,0,0,0,0,0,0,1,0,0,0,0,0,0,0,0,0,1,0,0,0,0,0,0,1,0,40.0625,-74.987,2, 
36673,430595,2014084425,6,67,67301,2014,6,6,2015,20,1,1,0,8,1, , ,N,1,2,0,3,0,1,2,2,N,N,40 01:37.269,75 04:31.638,2257, ,2257, ,0, ,N, ,3, , , , , , , , , ,1,1,0,0,0,0,0,0,0,0,1,0,1,0,0,0,0,0,0,0,1,0,0,0,0,0,0,0,0,0,0,0,1,0,0,3,0,40.027,-75.0755, , 
36674,430621,2014120892,6,67,67301,2014,11,1,1149,11,1,1,0,4,1, , ,N,1,3,0,3,0,1,2,2,N, ,40 02:51.770,75 04:05.969,1155, ,1151, ,0, , , ,3, , , , , , , , , ,2,2,0,0,0,0,0,0,0,0,0,0,1,1,0,0,0,0,0,0,1,0,0,0,0,0,0,0,0,0,0,0,0,0,0,8,0,40.0477,-75.0683, , 
36675,430623,2014054477,6,67,67301,2014,3,2,1800,18,1,1,0,1,1, , ,N,2,0,0,3,0,1,2,2,N,N,39 59:14.866,75 15:20.369,1810, ,1806,9,1,1,N, ,0,N, , , , , , , , ,2,1,1,0,0,0,0,0,0,0,0,1,1,0,0,0,0,0,0,0,0,0,0,0,0,0,0,0,0,0,0,0,0,0,0,4,0,39.9875,-75.2557, , 
36676,433540,2014032444,6,67,67301,2014,2,6,1623,16,1,1,1,4,1, , ,N,1,2,0,3,0,1,3,2,N, ,39 54:42.724,75 10:21.917,1641, ,1636, ,0, , , ,3, , , , , , , , , ,2,2,0,0,0,0,0,0,0,0,0,1,1,0,0,0,0,0,0,0,0,0,0,0,0,0,0,0,0,0,0,0,0,0,0,4,0,39.9119,-75.1728, , 
36677,433545,2014039034,6,67,67301,2014,3,2,1003,10,1,4,4,1,1, , ,N,0,0,0,3,0,0,2,2,N,N,40 02:53.606,75 03:04.105,1003, ,1003,1,1,1,N, ,0,N, , , , , , , , ,2,1,0,0,1,0,0,0,0,0,0,0,0,0,0,0,0,0,0,0,0,0,0,0,0,0,0,0,0,0,0,0,0,0,0,0,0,40.0482,-75.0511, , 
36678,433550,2014042271,6,67,67301,2014,4,6,2025,20,3,2,1,1,1, , ,N,6,4,2,3,0,0,2,2,N,N,40 02:55.073,74 59:54.825,2037, ,2029, ,0, ,N, ,3, , , , , , , , , ,2,0,0,0,1,0,1,0,0,0,0,0,0,0,0,0,0,0,0,0,1,0,0,0,0,0,0,0,0,0,0,0,0,0,0,0,0,40.0486,-74.9986, , 
36679,433567,2014061151,6,46,46104,2014,6,3,1619,16,1,1,0,1,1, , ,N,0,2,0,3,0,1,2,2,N,N,39 59:18.029,75 15:13.933,1628, ,1619, ,0, ,N, ,3, , , , , , , , , ,2,1,0,0,1,0,0,0,0,0,0,0,1,1,0,0,0,0,0,0,0,0,1,0,0,0,0,0,0,0,0,0,0,0,0,8,0,39.9883,-75.2539, , 
36680,433595,2014084153,6,67,67301,2014,7,1,123,1,3,1,0,8,1, , ,N,0,2,0,3,0,1,2,2,N,N,39 56:58.586,75 08:37.716,125, ,124, ,0, ,N, ,3, , , , , , , , , ,1,1,0,0,0,0,0,0,0,0,0,1,1,0,0,0,0,0,0,0,0,0,0,0,0,0,0,0,0,0,0,0,1,0,0,4,0,39.9496,-75.1438, , 
36681,433611,2014104567,6,67,67301,2014,9,6,1312,13,1,1,0,8,1, , ,N,0,0,0,3,0,1,2,2,N, ,39 58:16.311,75 13:38.051,9999, ,1313, ,0, , , ,0, , , , , , , , , ,1,1,0,0,0,0,0,0,0,0,0,1,1,0,1,0,0,0,0,0,0,0,0,0,0,0,0,0,0,0,0,0,1,0,0,4,0,39.9712,-75.2272, , 
36682,433619,2014065495,6,67,67301,2014,5,6,1416,14,1,1,0,4,1, , ,N,1,2,0,3,0,3,3,2,N,N,40 00:49.835,75 03:21.481,1548, ,1544, ,0, ,N, ,3, , , , , , , , , ,2,1,0,0,0,0,1,0,0,0,0,3,3,0,0,0,0,0,0,0,0,0,0,0,0,0,0,0,0,0,0,0,0,0,0,4,0,40.0138,-75.056, , 