objectid_1,objectid,crn,district,county,municipality,crash_year,crash_month,day_of_week,time_of_day,hour_of_day,illumination,weather,road_condition,collision_type,relation_to_road,work_zone_type,work_zone_loc,work_zone_ind,intersect_type,tcd_type,location_type,urban_rural,fatal_count,injury_count,person_count,total_units,sch_bus_ind,sch_zone_ind,latitude,longitude,arrival_tm,cons_zone_spd_lim,dispatch_tm,est_hrs_closed,lane_closed,ln_close_dir,ntfy_hiwy_maint,spec_juris_cd,tcd_func_cd,tfc_detour_ind,workers_pres,wz_close_detour,wz_flagger,wz_law_offcr_ind,wz_ln_closure,wz_moving,wz_other,wz_shlder_mdn,vehicle_count,automobile_count,motorcycle_count,bus_count,small_truck_count,heavy_truck_count,suv_count,van_count,bicycle_count,maj_inj_count,mod_inj_count,min_inj_count,tot_inj_count,unk_inj_deg_count,unk_inj_per_count,driver_count_16yr,driver_count_17yr,driver_count_18yr,driver_count_19yr,driver_count_20yr,driver_count_50_64yr,driver_count_65_74yr,driver_count_75plus,unbelted_occ_count,unb_death_count,unb_maj_inj_count,belted_death_count,belted_maj_inj_count,mcycle_death_count,mcycle_maj_inj_count,bicycle_death_count,bicycle_maj_inj_count,ped_count,ped_death_count,ped_maj_inj_count,max_severity_level,comm_veh_count,dec_lat,dec_long,rdwy_surf_type_cd,county_name
36683,433631,2014081488,6,67,67301,2014,6,1,655,6,1,1,0,5,6, , ,N,0,0,0,3,0,2,3,3,N,N,40 02:54.016,75 07:23.113,721, ,717,1,1,1,N, ,0,N, , , , , , , , ,3,1,0,0,0,0,1,0,0,0,0,2,2,0,0,0,0,0,0,0,0,0,0,0,0,0,0,0,0,0,0,0,0,0,0,4,0,40.0483,-75.1231, , 
36684,433639,2014091307,6,67,67301,2014,8,7,1740,17,1,1,0,4,1, , ,N,1,3,0,3,0,1,4,2,N,N,40 03:31.504,75 03:02.099,1750, ,1747, ,0, ,N, ,3, , , , , , , , , ,2,1,0,0,1,0,0,0,0,0,0,0,1,1,2,0,0,0,0,0,0,0,1,0,0,0,0,0,0,0,0,0,0,0,0,8,0,40.0588,-75.0506, , 
36685,433653,2014111476,6,67,67301,2014,10,2,1239,12,1,1,0,4,1, , ,N,2,3,0,3,0,1,3,2,N,N,40 05:46.629,75 00:50.714,1245, ,1239,1,2,2,N, ,3,Y, , , , , , , , ,2,2,0,0,0,0,0,0,0,0,0,1,1,0,1,0,0,0,0,0,0,0,1,0,0,0,0,0,0,0,0,0,0,0,0,4,0,40.0963,-75.0141, , 
36686,433657,2014115196,6,67,67301,2014,11,6,2037,20,3,1,0,7,3,1,4,Y,0,0,0,3,0,0,1,1,N,N,39 58:05.769,75 07:45.653,2116,45,2043,3,2,1,N, ,0,N,N,N,N,N,Y,Y,N,Y,1,1,0,0,0,0,0,0,0,0,0,0,0,0,0,0,0,0,0,0,0,1,0,0,0,0,0,0,0,0,0,0,0,0,0,0,0,39.9683,-75.1293, , 
36687,433670,2014078924,6,67,67301,2014,6,4,2350,23,2,2,1,1,6, , ,N,0,0,0,3,0,0,1,2,N,N,39 59:07.588,75 14:50.782,30, ,25, ,0, ,N, ,0, , , , , , , , , ,2,2,0,0,0,0,0,0,0,0,0,0,0,0,0,0,0,0,0,0,0,0,0,0,0,0,0,0,0,0,0,0,0,0,0,0,0,39.9854,-75.2474, , 
36688,433685,2014091458,6,67,67301,2014,8,7,1030,10,1,1,0,1,1, , ,N,5,2,0,3,0,2,3,2,N,N,39 54:40.810,75 14:33.592,1628, ,1030, ,0, ,N, ,3, , , , , , , , , ,2,1,0,0,0,0,1,0,0,0,0,0,2,2,1,0,0,0,0,0,0,0,0,0,0,0,0,0,0,0,0,0,0,0,0,8,0,39.9113,-75.2427, , 
36689,433695,2014099266,6,67,67301,2014,9,3,1714,17,1,1,0,4,1, , ,N,0,0,7,3,0,1,2,2,N,N,40 01:51.997,75 10:46.608,1733, ,1729, ,0, ,N, ,0, , , , , , , , , ,1,1,0,0,0,0,0,0,1,0,0,0,1,1,0,0,0,0,0,0,0,0,1,0,0,0,0,0,0,0,0,0,0,0,0,8,0,40.0311,-75.1796, , 
36690,433696,2014099669,6,67,67301,2014,9,2,1922,19,3,1,0,1,1, , ,N,0,0,0,3,0,0,3,3,N,N,39 56:55.164,75 11:09.304,1937, ,1924,2,1,3,N, ,0,N, , , , , , , , ,3,1,0,0,0,0,2,0,0,0,0,0,0,0,0,0,0,0,0,0,1,0,0,1,0,0,0,0,0,0,0,0,0,0,0,0,0,39.9487,-75.1859, , 
36691,433711,2014066092,6,67,67301,2014,6,7,1653,16,1,1,0,1,1,1,4,Y,0,0,0,3,0,0,8,4,N,N,40 01:22.478,75 02:08.254,1719,45,1653,3,2,1,N, ,0,Y,N,N,N,N,Y,N,N,Y,4,1,0,0,0,1,2,0,0,0,0,0,0,0,0,0,0,0,0,0,0,1,0,0,0,0,0,0,0,0,0,0,0,0,0,0,1,40.0229,-75.0356, , 
36692,433713,2014068567,6,67,67301,2014,5,4,1734,17,1,1,0,6,6, , ,N,0,0,0,3,0,1,1,2,N,N,39 58:48.868,75 07:35.731,1736, ,1736, ,0, ,N, ,0, , , , , , , , , ,2,0,1,0,0,0,1,0,0,1,0,0,1,0,0,0,0,0,1,0,0,0,0,0,0,0,0,0,0,1,0,0,0,0,0,2,0,39.9802,-75.1266, , 
36693,433726,2014068120,6,67,67301,2014,6,1,930,9,1,1,0,4,1, , ,N,5,2,0,3,0,1,2,2,N,N,40 00:31.996,75 04:18.728,940, ,935, ,0, ,N, ,3, , , , , , , , , ,2,1,1,0,0,0,0,0,0,0,1,0,1,0,0,0,0,0,0,0,0,0,0,0,0,0,0,0,0,0,0,0,0,0,0,3,0,40.0089,-75.0719, , 
36694,439232,2014089735,6,67,67301,2014,8,3,2236,22,3,2,1,8,1, , ,N,5,2,2,3,0,1,2,2,N, ,39 57:13.622,75 08:34.406,2250, ,2247, ,0, , , ,3, , , , , , , , , ,1,0,0,0,1,0,0,0,0,0,1,0,1,0,0,0,0,0,0,0,0,0,0,0,0,0,0,0,0,0,0,0,1,0,0,3,0,39.9538,-75.1429, , 
36695,439258,2014017125,6,67,67301,2014,1,4,405,4,3,4,3,7,4, , ,N,6,0,2,3,0,0,1,1,N,N,40 00:12.647,75 04:38.645,442, ,407, ,0, ,N, ,0, , , , , , , , , ,1,0,0,0,0,0,1,0,0,0,0,0,0,0,0,0,0,0,0,0,0,0,0,0,0,0,0,0,0,0,0,0,0,0,0,0,0,40.0035,-75.0774, , 
36696,439259,2014018738,6,67,67301,2014,2,1,1655,16,1,4,5,7,2, , ,N,0,0,0,3,0,1,1,1,N,N,39 56:44.784,75 11:24.237,1708, ,1657, ,0, ,N, ,0, , , , , , , , , ,1,1,0,0,0,0,0,0,0,0,0,0,1,1,0,0,0,0,0,0,0,0,0,0,0,0,0,0,0,0,0,0,0,0,0,8,0,39.9458,-75.1901, , 
36697,439279,2014039009,6,67,67301,2014,1,3,1657,16,3,2,1,1,1, , ,N,0,0,0,3,0,1,3,3,N,N,39 59:57.008,75 08:03.652,1659, ,1659, ,0, , , ,0, , , , , , , , , ,3,2,0,0,0,0,1,0,0,0,0,0,1,1,0,0,0,0,0,0,1,0,0,3,0,0,0,0,0,0,0,0,0,0,0,8,0,39.9992,-75.1343, , 
36698,439299,2014049840,6,67,67301,2014,4,4,930,9,1,1,0,4,1, , ,N,1,3,0,3,0,1,2,2,N,N,40 01:44.976,75 03:18.280,950, ,940, ,0, ,N, ,3, , , , , , , , , ,1,1,0,0,0,0,0,0,1,0,0,1,1,0,0,0,0,0,0,0,1,0,0,0,0,0,0,0,0,0,0,0,0,0,0,4,0,40.0292,-75.0551, , 
36699,439300,2014050297,6,67,67301,2014,4,5,1044,10,1,1,0,4,1, , ,N,1,3,0,3,0,1,2,2,N,N,39 59:17.480,75 08:04.120,9999, ,9999,1,1,1, , ,3,N, , , , , , , , ,2,2,0,0,0,0,0,0,0,0,0,1,1,0,0,0,0,0,1,0,0,0,0,0,0,0,0,0,0,0,0,0,0,0,0,4,0,39.9882,-75.1345, , 
36700,439303,2014049646,6,67,67301,2014,4,2,522,5,3,1,0,5,1, , ,N,0,0,0,3,0,3,3,2,N, ,39 59:46.869,75 11:07.319,524, ,522, ,0, , , ,0, , , , , , , , , ,2,1,0,0,0,0,1,0,0,0,0,3,3,0,0,0,0,0,0,0,0,0,0,0,0,0,0,0,0,0,0,0,0,0,0,4,0,39.9964,-75.1854, , 
36701,439331,2014078792,6,67,67301,2014,6,7,900,9,1,1,0,5,1, , ,N,0,0,0,3,0,1,2,2,N,N,39 58:07.471,75 09:36.348,914, ,914, ,0, ,N, ,0, , , , , , , , , ,1,0,0,0,0,0,1,0,1,0,0,0,1,1,0,0,0,0,0,0,0,0,0,0,0,0,0,0,0,0,0,0,0,0,0,8,0,39.9687,-75.1601, , 
36702,439335,2014081088,6,67,67301,2014,6,5,1615,16,1,1,0,4,1, , ,N,1,2,0,3,0,1,2,2,N, ,39 55:26.682,75 14:43.799,1622, ,1622, ,0, , , ,3, , , , , , , , , ,2,1,0,0,1,0,0,0,0,0,1,0,1,0,0,0,0,0,0,0,0,0,0,0,0,0,0,0,0,0,0,0,0,0,0,3,0,39.9241,-75.2455, , 
36703,439337,2014084422,6,67,67301,2014,6,6,2330,23,3,1,0,5,6, , ,N,0,0,0,3,0,0,1,5,N,N,39 55:54.640,75 11:05.557,20, ,17, ,0, , , ,0, , , , , , , , , ,5,3,0,0,1,0,1,0,0,0,0,0,0,0,0,0,0,0,0,0,0,0,0,0,0,0,0,0,0,0,0,0,0,0,0,0,0,39.9318,-75.1849, , 
36704,439379,2014084246,6,67,67301,2014,7,2,1424,14,1,1,0,4,1, , ,N,1,3,0,3,0,1,5,2,N,N,39 56:05.712,75 09:11.188,1434, ,1427,1,1,4,N, ,3,N, , , , , , , , ,2,1,0,0,0,0,1,0,0,0,0,1,1,0,0,0,0,0,0,0,0,0,0,0,0,0,0,0,0,0,0,0,0,0,0,4,0,39.9349,-75.1531, , 
36705,439408,2014068664,6,67,67301,2014,6,3,245,2,3,1,0,4,1, , ,N,1,2,0,3,0,2,4,4,N,N,40 01:52.420,75 08:44.761,309, ,252,3,2,5,N, ,3,Y, , , , , , , , ,4,2,0,0,0,0,1,1,0,0,0,1,2,1,0,0,0,0,0,0,1,0,0,3,0,0,0,0,0,0,0,0,0,0,0,4,0,40.0312,-75.1458, , 
36706,439420,2014084353,6,67,67301,2014,7,6,2205,22,3,9,1,5,1, , ,N,0,0,0,3,0,1,1,2,N,N,40 01:54.597,75 01:14.829,2221, ,2218,2,1,2,N, ,0,N, , , , , , , , ,2,0,1,0,1,0,0,0,0,0,1,0,1,0,0,0,0,0,0,0,1,0,0,0,0,0,0,0,0,0,0,0,0,0,0,3,0,40.0318,-75.0208, , 
36707,439433,2014099202,6,67,67301,2014,9,6,1352,13,1,1,0,1,1, , ,N,1,2,0,3,0,0,2,2,N,N,40 01:47.816,75 12:40.562,1358, ,1355,9,1,4,N, ,3,N, , , , , , , , ,2,1,0,0,0,0,1,0,0,0,0,0,0,0,0,0,0,0,0,0,0,0,0,0,0,0,0,0,0,0,0,0,0,0,0,0,0,40.0299,-75.2113, , 
36708,439457,2014075229,6,67,67301,2014,6,7,1928,19,1,1,0,5,1, , ,N,0,0,0,3,0,1,4,3,N,N,40 01:01.692,75 11:18.963,1930, ,1928,1,1,2,N, ,0,N, , , , , , , , ,3,3,0,0,0,0,0,0,0,0,0,1,1,0,0,0,0,0,0,0,0,0,0,0,0,0,0,0,0,0,0,0,0,0,0,4,0,40.0171,-75.1886, , 
36709,439469,2014088766,6,67,67301,2014,8,1,1420,14,1,1,0,4,1, , ,N,1,3,0,3,0,1,4,2,N,N,39 55:06.495,75 10:23.847,1510, ,1504, ,0, ,N, ,3, , , , , , , , , ,2,1,0,0,1,0,0,0,0,0,0,0,1,1,0,0,0,1,0,0,0,0,0,0,0,0,0,0,0,0,0,0,0,0,0,8,0,39.9185,-75.1733, , 
36710,439470,2014089012,6,67,67301,2014,8,1,2147,21,3,1,0,1,1, , ,N,0,0,0,3,0,0,5,4,N,N,39 54:18.962,75 11:41.023,2225, ,2218,2,1,4,N, ,0,N, , , , , , , , ,4,4,0,0,0,0,0,0,0,0,0,0,0,0,0,0,0,0,0,1,0,0,0,0,0,0,0,0,0,0,0,0,0,0,0,0,0,39.9053,-75.1947, , 
36711,439475,2014096844,6,67,67301,2014,9,5,1645,16,1,1,0,4,1, , ,N,1,3,0,3,0,1,3,2,N, ,39 55:15.718,75 09:48.351,1710, ,1704, ,0, , , ,3, , , , , , , , , ,2,2,0,0,0,0,0,0,0,0,0,1,1,0,0,0,0,0,1,0,1,0,0,0,0,0,0,0,0,0,0,0,0,0,0,4,0,39.921,-75.1634, , 
36712,436842,2014048541,6,67,67301,2014,4,3,844,8,1,1,0,1,1, , ,N,6,0,2,3,0,1,3,3,N,N,39 56:44.167,75 11:25.033,855, ,844,2,1,3,N, ,0,N, , , , , , , , ,3,0,0,0,0,0,3,0,0,0,0,1,1,0,0,0,0,0,0,0,0,0,0,0,0,0,0,0,0,0,0,0,0,0,0,4,0,39.9456,-75.1903, , 
36713,436843,2014049710,6,67,67301,2014,4,4,2148,21,3,1,0,4,1, , ,N,1,2,0,3,0,1,2,2,N,Y,40 01:53.299,75 10:20.452,2156, ,2150, ,0, ,N, ,3, , , , , , , , , ,2,1,0,0,0,0,1,0,0,0,0,1,1,0,0,0,0,0,0,0,0,0,0,0,0,0,0,0,0,0,0,0,0,0,0,4,0,40.0315,-75.1723, , 
36714,436844,2014049882,6,67,67301,2014,3,2,9999,99,1,1,0,4,1, , ,N,1,2,0,3,0,2,4,2,N,N,40 01:21.296,75 10:41.374,1158, ,1152,2,1,3,N, ,3,N, , , , , , , , ,2,1,0,0,1,0,0,0,0,0,1,0,2,1,0,0,0,0,0,0,1,1,0,0,0,0,0,0,0,0,0,0,0,0,0,3,0,40.0226,-75.1782, , 
36715,436858,2014088749,6,67,67301,2014,8,4,2243,22,3,1,0,8,1, , ,N,1,2,0,3,0,1,2,2,N,N,40 02:12.071,75 07:56.905,1237, ,1231, ,0, ,N, ,3, , , , , , , , , ,1,1,0,0,0,0,0,0,0,0,0,1,1,0,0,0,0,0,0,0,0,0,0,0,0,0,0,0,0,0,0,0,1,0,0,4,0,40.0367,-75.1325, , 
36716,436868,2014104393,6,67,67301,2014,10,4,839,8,1,1,0,5,6, , ,N,0,0,0,3,0,1,1,2,N,N,39 55:27.940,75 09:51.446,854, ,853, ,0, ,N, ,0, , , , , , , , , ,2,0,0,0,0,0,1,1,0,0,0,1,1,0,0,0,0,0,0,0,1,0,0,0,0,0,0,0,0,0,0,0,0,0,0,4,0,39.9244,-75.1643, , 
36717,436898,2014078796,6,67,67301,2014,6,6,1055,10,1,1,0,8,1, , ,N,1,2,0,3,0,1,2,2,N, ,39 57:13.719,75 09:59.863,1105, ,1057, ,0, , , ,3, , , , , , , , , ,1,1,0,0,0,0,0,0,0,0,0,0,1,1,0,0,0,0,0,0,0,0,0,0,0,0,0,0,0,0,0,0,1,0,0,8,0,39.9538,-75.1666, , 
36718,436904,2014084325,6,67,67301,2014,6,7,2200,22,3,1,0,1,6, , ,N,0,0,0,3,0,1,1,2,N,N,39 56:58.045,75 14:58.281,2207, ,2201, ,0, ,N, ,0, , , , , , , , , ,2,1,0,0,1,0,0,0,0,0,0,1,1,0,0,0,0,0,0,0,0,0,0,0,0,0,0,0,0,0,0,0,0,0,0,4,0,39.9495,-75.2495, , 
36719,436905,2014084376,6,67,67301,2014,7,2,630,6,1,1,0,4,1, , ,N,1,2,0,3,0,0,2,2,N,N,40 02:31.916,75 07:34.611,745, ,740,2,1,1,N, ,3,Y, , , , , , , , ,2,1,0,0,0,0,1,0,0,0,0,0,0,0,0,0,0,0,0,1,0,0,0,0,0,0,0,0,0,0,0,0,0,0,0,0,0,40.0422,-75.1263, , 
36720,436911,2014088351,6,67,67301,2014,7,3,1329,13,1,1,0,4,1, , ,N,1,3,0,3,0,1,2,2,N,N,40 00:37.748,75 09:38.843,1329, ,1329,1,1,3,N, ,3,N, , , , , , , , ,2,1,0,0,1,0,0,0,0,1,0,0,1,0,0,0,0,0,0,0,2,0,0,0,0,0,0,0,0,0,0,0,0,0,0,2,1,40.0105,-75.1608, , 
36721,436912,2014088834,6,67,67301,2014,8,1,9999,99,3,1,0,5,6, , ,N,0,0,0,3,0,0,3,2,N,N,39 56:13.741,75 13:48.587,9999, ,9999, ,0, , , ,0, , , , , , , , , ,2,1,0,0,0,0,1,0,0,0,0,0,0,0,0,0,0,0,0,0,0,1,0,0,0,0,0,0,0,0,0,0,0,0,0,0,0,39.9372,-75.2302, , 
36722,436913,2014088936,6,67,67301,2014,7,1,2008,20,3,1,0,4,1, , ,N,2,3,7,3,0,1,6,3,N,N,40 00:37.818,75 06:45.046,2205, ,2008, ,0, ,N, ,3, , , , , , , , , ,3,3,0,0,0,0,0,0,0,0,0,0,1,1,0,0,0,0,0,0,0,0,0,0,0,0,0,0,0,0,0,0,0,0,0,8,0,40.0105,-75.1125, , 
36723,436928,2014113284,6,67,67301,2014,10,1,334,3,3,1,0,4,1, , ,N,1,2,0,3,0,1,6,3,N,N,39 55:56.906,75 13:28.606,340, ,336, ,0, ,N, ,3, , , , , , , , , ,3,0,0,0,0,1,1,1,0,0,1,0,1,0,0,0,0,0,0,0,0,1,0,0,0,0,0,0,0,0,0,0,0,0,0,3,1,39.9325,-75.2246, , 
36724,436929,2014113401,6,67,67301,2014,10,5,9999,99,3,1,0,1,1, , ,N,1,2,0,3,0,1,3,3,N, ,40 01:53.934,75 12:27.524,2132, ,2126, ,0, , , ,3, , , , , , , , , ,3,0,0,0,0,0,1,1,0,0,0,1,1,0,0,0,0,0,0,0,0,0,0,0,0,0,0,0,0,0,0,0,0,0,0,4,0,40.0316,-75.2076, , 
36725,436930,2014113461,6,67,67301,2014,10,1,1820,18,4,1,0,4,1, , ,N,1,3,0,3,0,1,2,2,N,N,40 00:33.166,75 09:28.054,1843, ,1840, ,0, ,N, ,3, , , , , , , , , ,1,1,0,0,0,0,0,0,1,0,0,0,1,1,0,0,0,0,0,0,0,0,0,0,0,0,0,0,0,0,0,0,0,0,0,8,0,40.0092,-75.1578, , 
36726,436939,2014049624,6,67,67301,2014,4,3,1104,11,1,1,0,8,1, , ,N,0,0,0,3,0,1,2,2,N, ,39 58:21.011,75 10:03.019,1114, ,1114, ,0, , , ,0, , , , , , , , , ,1,1,0,0,0,0,0,0,0,0,0,1,1,0,0,0,0,0,0,0,0,0,0,0,0,0,0,0,0,0,0,0,1,0,0,4,0,39.9725,-75.1675, , 
36727,436943,2014053754,6,67,67301,2014,4,2,1830,18,1,1,0,8,1, , ,N,1,0,0,3,0,1,2,2,N, ,40 02:29.094,75 07:26.565,1837, ,1830, ,0, ,N, ,0, , , , , , , , , ,1,1,0,0,0,0,0,0,0,0,0,1,1,0,0,0,0,0,0,0,0,0,0,0,0,0,0,0,0,0,0,0,1,0,0,4,0,40.0414,-75.124, , 
36728,436946,2014076005,6,67,67301,2014,6,5,1246,12,1,1,0,1,1, , ,N,0,2,0,3,0,3,5,4,N,N,40 06:20.294,75 01:54.701,1248, ,1247, ,0, ,N, ,3, , , , , , , , , ,4,3,0,0,0,0,1,0,0,0,0,3,3,0,0,0,0,0,0,0,0,2,0,0,0,0,0,0,0,0,0,0,0,0,0,4,0,40.1056,-75.0319, , 
36729,436953,2014083069,6,67,67301,2014,6,6,2243,22,3,1,0,6,1, , ,N,0,0,0,3,0,3,6,2,N,N,39 58:21.057,75 12:43.076,2245, ,2243,2,2,6, , ,0,Y, , , , , , , , ,2,0,0,0,0,0,1,1,0,0,0,0,3,3,0,0,0,0,0,0,1,0,0,0,0,0,0,0,0,0,0,0,0,0,0,8,0,39.9725,-75.212, , 
36730,430648,2014029895,6,67,67301,2014,2,7,1825,18,3,1,0,1,1, , ,N,0,2,0,3,0,2,3,2,N,N,40 02:04.692,75 04:17.769,1845, ,1835,1,1,1,N, ,3,N, , , , , , , , ,2,2,0,0,0,0,0,0,0,0,0,0,2,2,0,0,0,0,0,0,0,0,0,0,0,0,0,0,0,0,0,0,0,0,0,8,0,40.0346,-75.0716, , 
36731,430651,2014032495,6,67,67301,2014,2,1,101,1,3,4,5,5,1, , ,N,0,0,0,3,0,0,1,3,N,N,39 58:44.129,75 10:28.191,110, ,101,2,2,2,N, ,0,Y, , , , , , , , ,3,2,0,0,0,0,1,0,0,0,0,0,0,0,0,0,0,0,0,0,0,0,0,0,0,0,0,0,0,0,0,0,0,0,0,0,0,39.9789,-75.1745, , 
36732,430662,2014038940,6,67,67301,2014,3,7,535,5,3,1,0,7,3, , ,N,0,2,0,3,0,1,1,1,N, ,40 04:59.957,75 01:34.943,543, ,540,2,2,2, , ,3,Y, , , , , , , , ,1,0,0,0,0,0,1,0,0,0,0,1,1,0,0,0,0,0,0,0,0,0,0,0,0,0,0,0,0,0,0,0,0,0,0,4,0,40.0833,-75.0264, , 
36733,430690,2014088949,6,67,67301,2014,7,5,1616,16,1,1,0,5,6, , ,N,0,0,0,3,0,2,2,2,N,N,40 03:08.728,75 08:42.391,1625, ,1616, ,0, , , ,0, , , , , , , , , ,2,1,0,0,0,0,1,0,0,0,1,1,2,0,0,0,0,0,0,0,0,0,1,0,0,0,0,0,0,0,0,0,0,0,0,3,0,40.0524,-75.1451, , 
36734,430691,2014091295,6,67,67301,2014,8,1,225,2,3,1,0,1,6, , ,N,0,0,0,3,0,1,3,2,N, ,39 53:34.940,75 13:27.850,230, ,228, ,0, , , ,0, , , , , , , , , ,2,2,0,0,0,0,0,0,0,0,0,0,1,1,0,0,0,0,0,0,0,0,0,0,0,0,0,0,0,0,0,0,0,0,0,8,0,39.893,-75.2244, , 
36735,430700,2014098619,6,67,67301,2014,9,3,1025,10,1,1,0,5,6, , ,N,0,0,0,3,0,1,1,2,N,N,39 59:19.174,75 05:21.345,1030, ,1025,3,2,6, , ,0,N, , , , , , , , ,2,2,0,0,0,0,0,0,0,0,0,0,1,1,0,0,0,0,0,0,1,0,0,0,0,0,0,0,0,0,0,0,0,0,0,8,0,39.9887,-75.0893, , 
36736,430721,2014066093,6,67,67301,2014,6,2,1613,16,1,1,0,5,1, , ,N,0,0,0,3,0,0,3,2,N,N,39 57:26.617,75 08:49.702,1711, ,1618, ,0, ,N, ,0, , , , , , , , , ,2,2,0,0,0,0,0,0,0,0,0,0,0,0,0,0,0,0,0,0,1,1,0,0,0,0,0,0,0,0,0,0,0,0,0,0,0,39.9574,-75.1471, , 
36737,430723,2014067934,6,67,67301,2014,5,3,1340,13,1,1,0,4,1, , ,N,1,3,0,3,0,1,3,2,N, ,39 57:30.295,75 08:55.469,1347, ,1345, ,0, , , ,3, , , , , , , , , ,2,0,0,0,1,0,0,1,0,0,0,0,1,1,0,0,0,0,0,0,1,1,0,1,0,0,0,0,0,0,0,0,0,0,0,8,0,39.9585,-75.1487, , 
36738,430742,2014088715,6,67,67301,2014,8,2,1128,11,1,1,0,4,1, , ,N,1,2,0,3,0,1,2,2,N,N,39 57:28.586,75 09:50.892,1132, ,1130, ,0, ,N, ,3, , , , , , , , , ,2,1,0,0,0,0,1,0,0,0,0,1,1,0,0,0,0,0,0,0,1,0,0,0,0,0,0,0,0,0,0,0,0,0,0,4,0,39.9579,-75.1641, , 
36739,430743,2014088733,6,67,67301,2014,6,5,1110,11,1,1,0,4,1, , ,N,1,2,0,3,0,1,2,2,N, ,40 03:01.444,74 59:59.580,1113, ,1112, ,0, , , ,3, , , , , , , , , ,2,1,1,0,0,0,0,0,0,0,0,1,1,0,0,0,0,0,0,1,0,0,0,0,0,0,0,0,0,0,0,0,0,0,0,4,0,40.0504,-74.9999, , 
36740,430744,2014089354,6,67,67301,2014,8,7,2300,23,3,1,0,5,6, , ,N,0,0,0,3,0,0,1,2,N,N,40 02:37.892,75 09:43.927,2310, ,2300,9,1,1,N, ,0,N, , , , , , , , ,2,2,0,0,0,0,0,0,0,0,0,0,0,0,0,0,0,0,0,0,0,0,0,0,0,0,0,0,0,0,0,0,0,0,0,0,0,40.0439,-75.1622, , 
36741,430747,2014090614,6,67,67301,2014,9,5,753,7,1,1,0,1,1, , ,N,0,0,0,3,0,0,2,2,N,N,39 57:41.996,75 08:23.064,804, ,758,1,1,1,N, ,0,N, , , , , , , , ,2,2,0,0,0,0,0,0,0,0,0,0,0,0,0,0,0,0,0,0,0,0,0,0,0,0,0,0,0,0,0,0,0,0,0,0,0,39.9617,-75.1397, , 
36742,430753,2014093520,6,67,67301,2014,9,7,55,0,3,1,0,8,1, , ,N,2,2,0,3,0,1,2,2,N,N,39 56:42.550,75 08:30.536,103, ,59, ,0, ,N, ,3, , , , , , , , , ,1,1,0,0,0,0,0,0,0,0,0,0,1,1,1,0,0,0,1,0,0,0,0,0,0,0,0,0,0,0,0,0,1,0,0,8,0,39.9452,-75.1418, , 
36743,430757,2014095902,6,67,67301,2014,9,7,9999,99,1,2,1,1,1, , ,N,1,2,0,3,0,1,3,2,N,N,40 01:43.284,75 07:03.795,105, ,105, ,0, ,N, ,3, , , , , , , , , ,2,2,0,0,0,0,0,0,0,0,1,0,1,0,0,0,0,0,0,0,0,0,0,0,0,0,0,0,0,0,0,0,0,0,0,3,0,40.0287,-75.1177, , 
36744,430758,2014095982,6,67,67301,2014,9,1,1043,10,1,8,0,1,1, , ,N,3,2,0,3,0,1,6,3,N,N,40 00:23.847,75 05:17.639,1050, ,1045, ,0, ,N, ,3, , , , , , , , , ,3,1,0,0,0,0,1,1,0,0,0,1,1,0,0,0,0,0,0,0,1,0,0,0,0,0,0,0,0,0,0,0,0,0,0,4,0,40.0066,-75.0882, , 
36745,430779,2014016124,6,67,67301,2014,1,1,159,1,2,1,0,7,4, , ,N,0,0,0,3,0,2,2,1,N, ,40 02:44.806,75 05:07.288,201, ,159, ,0, , , ,0, , , , , , , , , ,1,0,0,0,1,0,0,0,0,0,1,1,2,0,0,0,0,0,0,0,0,0,0,0,0,0,0,0,0,0,0,0,0,0,0,3,0,40.0458,-75.0854, , 
36746,430793,2014032428,6,67,67301,2014,2,7,348,3,3,1,6,4,1, , ,N,0,0,7,3,0,0,3,2,N,N,40 02:09.555,75 10:59.818,418, ,412, ,0, ,N, ,0, , , , , , , , , ,2,2,0,0,0,0,0,0,0,0,0,0,0,0,1,0,0,0,0,0,0,0,0,0,0,0,0,0,0,0,0,0,0,0,0,9,0,40.036,-75.1833, , 
36747,430824,2014076395,6,67,67301,2014,8,7,1447,14,1,1,0,1,1, , ,N,0,0,0,3,0,1,4,2,N,N,39 57:29.704,75 09:56.550,1506, ,1453, ,0, ,N, ,0, , , , , , , , , ,2,2,0,0,0,0,0,0,0,0,0,1,1,0,0,0,0,0,0,0,0,0,0,0,0,0,0,0,0,0,0,0,0,0,0,4,0,39.9583,-75.1657, , 
36748,433750,2014098669,6,67,67301,2014,9,1,2015,20,3,1,0,8,1, , ,N,0,3,0,3,0,1,2,2,N,N,40 02:35.447,75 04:14.837,2035, ,2024, ,0, ,N, ,3, , , , , , , , , ,1,0,0,0,0,0,0,0,0,0,0,0,1,1,0,0,0,0,0,0,0,0,0,0,0,0,0,0,0,0,0,0,1,0,0,8,0,40.0432,-75.0708, , 
36749,433754,2014104434,6,67,67301,2014,10,3,2154,21,2,2,1,8,1, , ,N,2,3,0,3,0,1,2,2,N,N,39 58:16.296,75 09:56.087,1237, ,1236, ,0, ,N, ,3, , , , , , , , , ,1,0,0,0,0,0,0,0,0,0,1,0,1,0,0,0,0,0,0,0,0,0,0,0,0,0,0,0,0,0,0,0,1,0,0,3,0,39.9712,-75.1656, , 