objectid_1,objectid,crn,district,county,municipality,crash_year,crash_month,day_of_week,time_of_day,hour_of_day,illumination,weather,road_condition,collision_type,relation_to_road,work_zone_type,work_zone_loc,work_zone_ind,intersect_type,tcd_type,location_type,urban_rural,fatal_count,injury_count,person_count,total_units,sch_bus_ind,sch_zone_ind,latitude,longitude,arrival_tm,cons_zone_spd_lim,dispatch_tm,est_hrs_closed,lane_closed,ln_close_dir,ntfy_hiwy_maint,spec_juris_cd,tcd_func_cd,tfc_detour_ind,workers_pres,wz_close_detour,wz_flagger,wz_law_offcr_ind,wz_ln_closure,wz_moving,wz_other,wz_shlder_mdn,vehicle_count,automobile_count,motorcycle_count,bus_count,small_truck_count,heavy_truck_count,suv_count,van_count,bicycle_count,maj_inj_count,mod_inj_count,min_inj_count,tot_inj_count,unk_inj_deg_count,unk_inj_per_count,driver_count_16yr,driver_count_17yr,driver_count_18yr,driver_count_19yr,driver_count_20yr,driver_count_50_64yr,driver_count_65_74yr,driver_count_75plus,unbelted_occ_count,unb_death_count,unb_maj_inj_count,belted_death_count,belted_maj_inj_count,mcycle_death_count,mcycle_maj_inj_count,bicycle_death_count,bicycle_maj_inj_count,ped_count,ped_death_count,ped_maj_inj_count,max_severity_level,comm_veh_count,dec_lat,dec_long,rdwy_surf_type_cd,county_name
36750,433766,2014078820,6,67,67301,2014,5,7,2130,21,3,1,0,1,1, , ,N,0,0,0,3,0,1,3,2,N,N,39 57:45.354,75 12:46.180,2135, ,2130, ,0, ,N, ,0, , , , , , , , , ,2,2,0,0,0,0,0,0,0,0,0,1,1,0,0,0,0,0,0,0,0,0,0,0,0,0,0,0,0,0,0,0,0,0,0,4,0,39.9626,-75.2128, , 
36751,433774,2014086577,6,67,67301,2014,8,5,2145,21,3,1,0,1,1, , ,N,0,0,0,3,0,0,3,2,N,N,39 56:44.362,75 11:23.948,2153, ,2147,1,2,4,N, ,0,N, , , , , , , , ,2,1,0,0,0,0,0,0,0,0,0,0,0,0,1,0,0,0,0,0,0,0,0,0,0,0,0,0,0,0,0,0,0,0,0,9,0,39.9457,-75.19, , 
36752,433776,2014088178,6,67,67301,2014,7,4,915,9,1,1,0,1,1, , ,N,0,0,0,3,0,1,2,2,N,N,39 57:21.979,75 11:35.097,919, ,916, ,0, ,N, ,0, , , , , , , , , ,2,1,0,0,0,0,1,0,0,0,0,0,1,1,0,0,0,0,0,0,0,0,0,0,0,0,0,0,0,0,0,0,0,0,0,8,0,39.9561,-75.1931, , 
36753,433779,2014091325,6,67,67301,2014,9,3,9999,99,1,1,0,1,1, , ,N,0,0,0,3,0,2,4,3,N,N,40 03:30.947,75 07:53.402,1840, ,1837,2,1,3,N, ,0,N, , , , , , , , ,3,3,0,0,0,0,0,0,0,0,0,0,2,2,0,0,0,0,1,0,1,0,0,0,0,0,0,0,0,0,0,0,0,0,0,8,0,40.0586,-75.1315, , 
36754,433795,2014109412,6,67,67301,2014,11,3,1530,15,1,1,0,1,1, , ,N,0,0,0,3,0,8,9,4, ,N,40 00:57.706,75 10:33.448,1620, ,1545,3,1,2,N, ,0,N, , , , , , , , ,4,1,0,0,0,1,2,0,0,0,0,0,8,8,0,0,0,0,0,0,1,0,0,0,0,0,0,0,0,0,0,0,0,0,0,8,1,40.016,-75.176, , 
36755,433798,2014110436,6,67,67301,2014,10,3,926,9,1,1,0,8,1, , ,N,0,2,0,3,0,1,2,2,N,N,39 58:44.202,75 09:28.332,929, ,927, ,0, , , ,3, , , , , , , , , ,1,1,0,0,0,0,0,0,0,0,0,0,1,1,0,0,0,0,0,0,0,0,0,0,0,0,0,0,0,0,0,0,1,0,0,8,0,39.9791,-75.1578, , 
36756,433799,2014111650,6,67,67301,2014,11,7,2010,20,3,1,0,6,1, , ,N,0,0,0,3,0,0,2,2,N,N,40 03:07.401,74 59:18.123,2028, ,2012, ,0, ,N, ,0, , , , , , , , , ,2,2,0,0,0,0,0,0,0,0,0,0,0,0,0,0,0,0,0,0,0,0,0,0,0,0,0,0,0,0,0,0,0,0,0,0,0,40.0521,-74.9884, , 
36757,433800,2014112753,6,67,67301,2014,1,1,1930,19,3,1,5,8,1, , ,N,1,3,0,3,0,1,2,2,N,N,39 55:03.072,75 09:56.897,0, ,0, ,0, ,N, ,3, , , , , , , , , ,1,0,0,0,0,0,1,0,0,0,0,0,1,1,0,0,0,0,0,0,1,0,0,0,0,0,0,0,0,0,0,0,1,0,0,8,0,39.9175,-75.1658, , 
36758,433813,2014068003,6,67,67301,2014,6,1,1136,11,1,1,0,4,1, , ,N,0,0,7,3,0,2,2,2,N, ,40 00:41.781,75 06:30.401,1150, ,1138, ,0, , , ,0, , , , , , , , , ,2,0,0,0,0,0,2,0,0,0,0,0,2,2,0,0,0,0,0,0,1,0,0,0,0,0,0,0,0,0,0,0,0,0,0,8,0,40.0116,-75.1084, , 
36759,433829,2014088353,6,67,67301,2014,7,5,1610,16,1,1,0,4,1, , ,N,1,3,0,3,0,0,2,2,N,N,39 58:10.221,75 07:57.506,1648, ,1645, ,0, ,N, ,3, , , , , , , , , ,2,2,0,0,0,0,0,0,0,0,0,0,0,0,0,0,0,0,0,1,0,1,0,0,0,0,0,0,0,0,0,0,0,0,0,0,0,39.9694,-75.1326, , 
36760,433858,2014068018,6,67,67301,2014,5,5,910,9,1,1,0,4,1, , ,N,1,0,0,3,0,1,2,2,N,N,39 57:31.392,75 09:44.125,930, ,916, ,0, ,N, ,0, , , , , , , , , ,2,2,0,0,0,0,0,0,0,0,0,0,1,1,0,0,0,0,0,0,1,0,0,0,0,0,0,0,0,0,0,0,0,0,0,8,0,39.9587,-75.1621, , 
36761,433868,2014078065,6,67,67301,2014,7,2,2127,21,1,1,0,1,1, , ,N,0,0,0,3,0,1,3,3,N,N,39 56:48.790,75 11:17.268,2237, ,2134,1,1,3,N, ,0,N, , , , , , , , ,3,1,0,0,1,0,1,0,0,0,1,0,1,0,0,0,0,0,0,0,1,0,0,0,0,0,0,0,0,0,0,0,0,0,0,3,0,39.947,-75.1879, , 
36762,433879,2014094041,6,67,67301,2014,9,5,1805,18,4,2,1,7,4, , ,N,0,0,0,3,0,0,1,1,N,N,39 58:50.901,75 09:00.782,1806, ,1806, ,0, ,N, ,0, , , , , , , , , ,1,1,0,0,0,0,0,0,0,0,0,0,0,0,0,0,0,0,0,0,0,0,0,1,0,0,0,0,0,0,0,0,0,0,0,0,0,39.9808,-75.1502, , 
36763,433890,2014098677,6,67,67301,2014,9,5,1430,14,1,1,0,5,1, , ,N,0,0,0,3,0,1,2,2,N,N,39 57:37.472,75 12:07.840,2135, ,2107, ,0, ,N, ,0, , , , , , , , , ,1,0,0,0,1,0,0,0,1,0,1,0,1,0,1,0,0,0,0,0,0,0,0,0,0,0,0,0,0,0,0,0,0,0,0,3,0,39.9604,-75.2022, , 
36764,433900,2014051488,6,67,67301,2014,5,6,1417,14,1,2,1,1,1, , ,N,0,0,0,3,0,1,2,2,N,N,39 59:16.530,75 12:26.289,1431, ,1421, ,0, ,N, ,0, , , , , , , , , ,2,1,0,0,0,0,1,0,0,0,0,0,1,1,0,0,0,0,0,0,0,1,0,0,0,0,0,0,0,0,0,0,0,0,0,8,0,39.9879,-75.2073, , 
36765,433905,2014054545,6,67,67301,2014,4,4,214,2,3,1,0,5,6, , ,N,0,0,0,3,0,0,1,4,N,N,40 04:11.122,75 03:02.192,215, ,215, ,0, , , ,0, , , , , , , , , ,4,4,0,0,0,0,0,0,0,0,0,0,0,0,0,0,0,0,0,0,0,0,0,0,0,0,0,0,0,0,0,0,0,0,0,0,0,40.0699,-75.0505, , 
36766,433932,2014087935,6,67,67301,2014,8,4,1751,17,1,1,0,1,1, , ,N,0,0,0,3,0,1,3,2,N,N,40 06:03.630,75 01:29.980,1800, ,1800, ,0, , , ,0, , , , , , , , , ,2,2,0,0,0,0,0,0,0,0,0,1,1,0,0,0,0,0,0,0,0,1,0,0,0,0,0,0,0,0,0,0,0,0,0,4,0,40.101,-75.025, , 
36767,439497,2014068102,6,67,67301,2014,5,2,1800,18,1,1,0,5,1, , ,N,0,0,0,3,0,1,2,2,N,N,40 02:01.496,75 10:04.310,1810, ,1805, ,0, ,N, ,0, , , , , , , , , ,1,1,0,0,0,0,0,0,1,0,0,1,1,0,0,0,0,0,0,0,0,0,1,0,0,0,0,0,0,0,0,0,0,0,0,4,0,40.0337,-75.1679, , 
36768,439513,2014084330,6,67,67301,2014,6,7,1254,12,1,1,0,4,1, , ,N,1,2,0,3,0,6,6,2,N,N,40 02:27.297,75 11:14.369,1315, ,1308, ,0, ,N, ,3, , , , , , , , , ,2,1,0,0,0,0,1,0,0,0,2,4,6,0,0,0,0,0,0,0,0,0,0,0,0,0,0,0,0,0,0,0,0,0,0,3,0,40.0409,-75.1873, , 
36769,439515,2014088035,6,67,67301,2014,8,1,2200,22,3,1,0,8,1, , ,N,1,2,0,3,0,1,2,2,N,N,39 57:17.622,75 12:31.637,2205, ,2200, ,0, ,N, ,3, , , , , , , , , ,1,0,0,0,0,0,1,0,0,0,1,0,1,0,0,0,0,0,0,0,0,0,0,0,0,0,0,0,0,0,0,0,1,0,0,3,0,39.9549,-75.2087, , 
36770,439517,2014091401,6,67,67301,2014,8,7,1517,15,1,1,0,7,4, , ,N,0,8,0,3,0,1,1,1,N,N,40 03:46.632,75 00:34.366,1526, ,1518, ,0, ,N, ,3, , , , , , , , , ,1,1,0,0,0,0,0,0,0,0,0,1,1,0,0,0,0,0,0,0,0,0,0,0,0,0,0,0,0,0,0,0,0,0,0,4,0,40.063,-75.0095, , 
36771,439518,2014093502,6,67,67301,2014,9,2,950,9,1,1,0,4,1, , ,N,1,3,0,3,0,0,2,2,N,N,39 59:23.877,75 05:50.308,956, ,955, ,0, ,N, ,3, , , , , , , , , ,2,1,0,0,0,0,1,0,0,0,0,0,0,0,0,0,0,0,0,0,1,1,0,0,0,0,0,0,0,0,0,0,0,0,0,0,0,39.99,-75.0973, , 
36772,439523,2014096383,6,67,67301,2014,9,2,800,8,1,1,0,1,1, , ,N,2,3,0,3,0,2,5,3,N,N,39 59:42.078,75 04:40.635,822, ,812,1,1,2,N, ,3,N, , , , , , , , ,3,2,0,0,0,0,1,0,0,0,0,2,2,0,0,0,0,0,0,0,1,0,0,0,0,0,0,0,0,0,0,0,0,0,0,4,0,39.995,-75.078, , 
36773,439537,2014106679,6,67,67301,2014,10,1,1620,16,1,1,0,4,1, , ,N,1,2,0,3,0,2,2,2,N,N,40 01:32.331,75 07:20.187,1630, ,1625,1,1,1,N, ,3,N, , , , , , , , ,2,0,0,0,1,0,0,1,0,0,0,0,2,2,0,0,0,0,0,0,0,0,0,0,0,0,0,0,0,0,0,0,0,0,0,8,0,40.0256,-75.1223, , 
36774,439551,2014019093,6,67,67301,2014,1,2,1827,18,3,1,0,4,1, , ,N,5,3,0,3,0,1,2,2,N, ,39 55:21.579,75 14:28.787,1828, ,1827, ,0, ,N, ,3, , , , , , , , , ,2,1,0,0,0,0,1,0,0,0,1,0,1,0,0,0,0,0,1,0,1,0,0,0,0,0,0,0,0,0,0,0,0,0,0,3,0,39.9227,-75.2413, , 
36775,439595,2014074879,6,67,67301,2014,6,4,1310,13,1,1,0,8,1, , ,N,0,0,0,3,0,1,2,2,N,N,39 59:35.469,75 08:52.199,1316, ,1315, ,0, ,N, ,0, , , , , , , , , ,1,0,0,1,0,0,0,0,0,0,0,0,1,1,0,0,0,0,0,0,1,0,0,0,0,0,0,0,0,0,0,0,1,0,0,8,1,39.9932,-75.1478, , 
36776,439601,2014079688,6,67,67301,2014,8,5,1058,10,1,1,0,1,1, , ,N,0,0,0,3,0,1,4,2,N,N,39 56:41.838,75 11:27.462,1108, ,1058, ,0, ,N, ,0, , , , , , , , , ,2,0,0,0,1,0,1,0,0,0,0,0,1,1,0,0,0,0,0,0,1,1,0,0,0,0,0,0,0,0,0,0,0,0,0,8,0,39.945,-75.191, , 
36777,439606,2014081475,6,67,67301,2014,6,5,1633,16,1,1,0,7,4, , ,N,0,0,0,3,0,1,2,2,N,N,40 01:15.542,75 08:24.576,1635, ,1634, ,0, ,N, ,0, , , , , , , , , ,2,2,0,0,0,0,0,0,0,0,1,0,1,0,0,0,0,0,0,0,0,1,0,0,0,0,0,0,0,0,0,0,0,0,0,3,0,40.021,-75.1402, , 
36778,439607,2014081493,6,67,67301,2014,6,6,1530,15,1,1,0,8,1, , ,N,0,0,0,3,0,1,3,2,N,N,39 57:28.437,75 09:49.848,1540, ,1540, ,0, ,N, ,0, , , , , , , , , ,1,0,0,0,0,0,1,0,0,0,0,0,1,1,0,0,0,0,0,1,0,0,0,0,0,0,0,0,0,0,0,0,1,0,0,8,0,39.9579,-75.164, , 
36779,439614,2014087990,6,67,67301,2014,7,4,1740,17,1,1,0,4,1, , ,N,0,0,7,3,0,1,3,2,N,N,39 55:48.318,75 11:13.168,1750, ,1748,1,1,1,N, ,0,Y, , , , , , , , ,2,2,0,0,0,0,0,0,0,0,0,1,1,0,1,0,0,0,0,0,0,0,0,3,0,0,0,0,0,0,0,0,0,0,0,4,0,39.9301,-75.187, , 
36780,439615,2014091329,6,67,67301,2014,8,1,2000,20,3,1,1,4,1, , ,N,1,2,0,3,0,0,2,2,N,N,40 03:16.724,75 07:29.999,2020, ,2016,2,1,1,N, ,3,N, , , , , , , , ,2,2,0,0,0,0,0,0,0,0,0,0,0,0,0,0,0,0,0,0,1,0,0,0,0,0,0,0,0,0,0,0,0,0,0,0,0,40.0546,-75.125, , 
36781,439629,2014111451,6,67,67301,2014,10,7,425,4,3,1,0,4,1, , ,N,1,2,0,3,0,1,2,2,N,N,40 01:17.591,75 03:16.669,425, ,424, ,0, , , ,3, , , , , , , , , ,2,1,0,0,0,0,0,0,0,0,1,0,1,0,0,0,0,0,0,0,0,0,0,0,0,0,0,0,0,0,0,0,0,0,0,3,0,40.0216,-75.0546, , 
36782,439654,2014088378,6,67,67301,2014,7,2,1849,18,1,1,0,4,1, , ,N,0,0,7,3,0,0,2,2,N,N,40 02:49.885,75 08:25.984,1903, ,1857, ,0, ,N, ,0, , , , , , , , , ,2,1,0,0,0,0,1,0,0,0,0,0,0,0,1,0,0,0,0,0,0,1,0,0,0,0,0,0,0,0,0,0,0,0,0,9,0,40.0472,-75.1406, , 
36783,439658,2014095904,6,67,67301,2014,9,5,830,8,1,1,0,1,1, , ,N,0,0,0,3,0,1,3,3,N,N,40 02:59.409,75 08:32.588,845, ,843, ,0, ,N, ,0, , , , , , , , , ,3,2,0,0,1,0,0,0,0,0,0,1,1,0,0,0,0,0,0,0,0,1,0,0,0,0,0,0,0,0,0,0,0,0,0,4,0,40.0498,-75.1424, , 
36784,439659,2014095914,6,67,67301,2014,9,1,405,4,3,1,0,5,6, , ,N,0,0,0,3,0,0,1,3,N,N,39 57:58.950,75 08:25.026,406, ,406,2,1,2,N, ,0,Y, , , , , , , , ,3,1,0,0,0,0,2,0,0,0,0,0,0,0,1,0,0,0,0,0,0,0,0,0,0,0,0,0,0,0,0,0,0,0,0,9,0,39.9664,-75.1403, , 
36785,436974,2014107203,6,67,67301,2014,10,5,2215,22,3,1,0,2,1, , ,N,0,0,0,3,0,1,2,2,N,N,39 59:01.025,75 07:56.724,130, ,122,4,2,5,N, ,0,Y, , , , , , , , ,2,1,0,0,0,0,0,1,0,0,0,0,1,1,0,0,0,0,0,0,0,0,0,0,0,0,0,0,0,0,0,0,0,0,0,8,0,39.9836,-75.1324, , 
36786,436992,2014074187,6,67,67301,2014,7,7,1145,11,1,1,0,0,1,1,4,Y,0,0,0,3,0,4,5,2,N,N,39 58:04.097,75 07:51.211,1145,50,1145,2,1,1,N, ,0,N,N,N,N,N,N,N,Y,N,2,0,0,0,0,0,1,1,0,0,0,4,4,0,0,0,0,0,0,0,0,0,0,0,0,0,0,0,0,0,0,0,0,0,0,4,0,39.9678,-75.1309, , 
36787,436999,2014081487,6,67,67301,2014,6,2,850,8,1,1,0,3,1, , ,N,0,0,7,3,0,1,3,2,N, ,40 04:05.185,75 03:58.728,913, ,908, ,0, ,N, ,0, , , , , , , , , ,2,1,0,0,0,0,0,1,0,0,0,0,1,1,0,0,0,1,0,0,0,0,0,0,0,0,0,0,0,0,0,0,0,0,0,8,0,40.0681,-75.0663, , 
36788,437003,2014089060,6,67,67301,2014,8,1,2120,21,3,1,0,7,5, , ,N,2,3,0,3,0,0,1,1,N,N,40 02:39.393,75 10:28.120,2130, ,2129, ,0, ,N, ,3, , , , , , , , , ,1,1,0,0,0,0,0,0,0,0,0,0,0,0,0,0,0,0,0,0,1,0,0,0,0,0,0,0,0,0,0,0,0,0,0,0,0,40.0443,-75.1745, , 
36789,437036,2014068165,6,67,67301,2014,6,2,235,2,3,1,0,4,1, , ,N,1,2,0,3,0,1,4,2,N,N,40 00:34.563,75 05:15.424,245, ,240, ,0, ,Y, ,3, , , , , , , , , ,2,1,0,0,0,0,1,0,0,0,0,0,1,1,0,0,0,0,0,0,0,0,0,0,0,0,0,0,0,0,0,0,0,0,0,8,0,40.0096,-75.0876, , 
36790,437071,2014099251,6,67,67301,2014,9,6,1505,15,1,1,0,1,1, , ,N,0,2,0,3,0,1,2,2,N, ,39 59:04.607,75 09:23.430,1505, ,1505, ,0, , , ,3, , , , , , , , , ,2,1,0,0,0,0,1,0,0,0,0,0,1,1,0,0,0,0,0,0,1,0,0,0,0,0,0,0,0,0,0,0,0,0,0,8,0,39.9846,-75.1565, , 
36791,437093,2014067966,6,67,67301,2014,6,1,228,2,3,1,0,1,6, , ,N,0,0,0,3,0,1,1,5,N,N,39 55:55.959,75 09:33.278,250, ,245, ,0, ,N, ,0, , , , , , , , , ,5,4,0,0,0,0,0,1,0,0,0,1,1,0,0,0,0,0,0,0,0,0,0,0,0,0,0,0,0,0,0,0,0,0,0,4,0,39.9322,-75.1592, , 
36792,437094,2014068657,6,67,67301,2014,6,7,1255,12,1,1,0,4,1, , ,N,1,3,0,3,0,0,2,2,N,N,39 56:58.131,75 13:08.453,1307, ,1258, ,0, ,N, ,3, , , , , , , , , ,2,1,0,0,0,0,0,1,0,0,0,0,0,0,0,0,0,0,0,0,0,0,0,0,0,0,0,0,0,0,0,0,0,0,0,0,0,39.9495,-75.219, , 
36793,437102,2014078768,6,67,67301,2014,6,6,1358,13,1,1,0,1,1, , ,N,0,0,0,3,0,2,5,2,N,N,39 59:10.520,75 10:49.890,1402, ,1400, ,0, ,N, ,0, , , , , , , , , ,2,2,0,0,0,0,0,0,0,0,0,2,2,0,0,0,0,0,0,0,0,1,0,4,0,0,0,0,0,0,0,0,0,0,0,4,0,39.9863,-75.1805, , 
36794,437108,2014085491,6,67,67301,2014,8,1,1300,13,1,1,0,1,1, , ,N,6,4,2,3,0,1,2,2,N,N,39 56:57.647,75 11:03.883,1338, ,1327,1,1,4,N, ,3,N, , , , , , , , ,2,0,1,0,0,0,1,0,0,0,0,1,1,0,0,0,0,0,0,0,0,0,0,0,0,0,0,0,0,0,0,0,0,0,0,4,0,39.9487,-75.1855, , 
36795,437110,2014088741,6,67,67301,2014,8,7,255,2,3,1,0,5,1, , ,N,0,0,0,3,0,1,4,2,N, ,39 56:40.189,75 09:48.675,309, ,301, ,0, , , ,0, , , , , , , , , ,2,0,0,0,1,1,0,0,0,0,0,1,1,0,1,0,0,0,0,0,0,0,0,0,0,0,0,0,0,0,0,0,0,0,0,4,1,39.9445,-75.1635, , 
36796,437111,2014089025,6,67,67301,2014,8,4,9999,99,3,1,0,5,6, , ,N,0,2,0,3,0,1,1,3,N,N,40 00:02.390,75 07:43.352,155, ,144,3,2,1,N, ,3,Y, , , , , , , , ,3,3,0,0,0,0,0,0,0,0,0,1,1,0,0,0,0,0,0,0,0,0,0,0,0,0,0,0,0,0,0,0,0,0,0,4,0,40.0007,-75.1287, , 
36797,437146,2014084276,6,67,67301,2014,7,1,1424,14,1,1,0,7,4, , ,N,1,3,0,3,0,1,1,1,N,N,40 03:30.600,75 05:03.181,1445, ,1445, ,0, ,N, ,3, , , , , , , , , ,1,1,0,0,0,0,0,0,0,0,1,0,1,0,0,0,0,0,0,0,0,0,0,1,0,0,0,0,0,0,0,0,0,0,0,3,0,40.0585,-75.0842, , 
36798,437162,2014106675,6,67,67301,2014,10,3,1202,12,1,1,0,4,1, , ,N,1,2,0,3,0,0,2,2,N, ,40 03:05.871,75 11:38.664,1345, ,1335, ,0, , , ,3, , , , , , , , , ,2,2,0,0,0,0,0,0,0,0,0,0,0,0,0,0,0,0,0,0,1,0,0,0,0,0,0,0,0,0,0,0,0,0,0,0,0,40.0516,-75.1941, , 
36799,437167,2014113257,6,67,67301,2014,10,5,1740,17,1,1,0,4,1, , ,N,1,3,0,3,0,2,7,2,N, ,40 02:17.472,75 04:42.853,1746, ,1744, ,0, , , ,3, , , , , , , , , ,2,2,0,0,0,0,0,0,0,0,0,1,2,1,3,0,0,0,0,1,0,0,0,0,0,0,0,0,0,0,0,0,0,0,0,4,0,40.0382,-75.0786, , 
36800,437170,2014114452,6,67,67301,2014,8,5,1500,15,1,1,0,1,1, , ,N,1,2,0,3,0,2,4,2,N,N,39 53:40.603,75 14:12.181,0, ,0, ,0, ,N, ,3, , , , , , , , , ,2,0,0,0,0,0,1,1,0,0,2,0,2,0,1,0,0,0,0,1,0,0,0,0,0,0,0,0,0,0,0,0,0,0,0,3,0,39.8946,-75.2367, , 
36801,437173,2014115642,6,67,67301,2014,11,7,1417,14,1,2,1,4,1, , ,N,1,2,0,3,0,3,3,2,N,N,40 00:11.036,75 09:51.469,1420, ,1917, ,0, ,N, ,3, , , , , , , , , ,2,2,0,0,0,0,0,0,0,0,0,0,3,3,0,0,0,0,0,0,0,0,0,0,0,0,0,0,0,0,0,0,0,0,0,8,0,40.0031,-75.1643, , 
36802,437203,2014084420,6,67,67301,2014,6,5,2142,21,3,1,0,5,1, , ,N,2,2,0,3,0,2,4,3,N,N,40 06:43.188,74 59:26.030,2150, ,2142,2,1,1, , ,3,N, , , , , , , , ,3,1,0,0,0,0,2,0,0,0,0,2,2,0,0,0,0,0,0,0,1,0,0,0,0,0,0,0,0,0,0,0,0,0,0,4,0,40.112,-74.9905, , 
36803,430836,2014087848,6,67,67301,2014,8,6,9999,99,1,1,1,4,1, , ,N,1,2,0,3,0,1,5,2,N,N,39 58:55.079,75 14:20.664,1923, ,1923, ,0, ,N, ,3, , , , , , , , , ,2,1,0,0,0,0,1,0,0,0,0,1,1,0,4,0,0,0,0,0,1,0,0,0,0,0,0,0,0,0,0,0,0,0,0,4,0,39.9819,-75.239, , 
36804,430837,2014088005,6,67,67301,2014,8,6,1230,12,1,1,0,3,1, , ,N,2,2,0,3,0,2,5,2,N,N,40 02:12.019,75 10:25.841,1500, ,9999, ,0, ,N, ,3, , , , , , , , , ,2,1,0,0,0,0,1,0,0,0,0,2,2,0,0,0,0,0,0,0,0,0,0,0,0,0,0,0,0,0,0,0,0,0,0,4,0,40.0367,-75.1738, , 
36805,430838,2014088799,6,67,67301,2014,8,3,1715,17,1,1,0,2,1, , ,N,1,0,0,3,0,1,3,2,N, ,40 00:50.068,75 04:01.661,1735, ,1723,1,1,2, , ,0,N, , , , , , , , ,2,1,0,0,0,0,1,0,0,0,0,0,1,1,2,0,0,0,0,0,1,0,0,0,0,0,0,0,0,0,0,0,0,0,0,8,0,40.0139,-75.0671, , 
36806,430846,2014098672,6,67,67301,2014,9,6,2330,23,3,1,0,4,1, , ,N,1,2,0,3,0,3,5,2,N, ,39 57:48.112,75 11:14.766,2338, ,2338,1,2,4, , ,3,N, , , , , , , , ,2,2,0,0,0,0,0,0,0,0,0,0,3,3,2,0,0,0,0,1,0,0,0,0,0,0,0,0,0,0,0,0,0,0,0,8,0,39.9634,-75.1875, , 
36807,430850,2014101381,6,67,67301,2014,9,3,1419,14,1,1,0,4,1, , ,N,0,2,0,3,0,2,5,2,N,N,40 01:44.657,75 06:19.266,1423, ,1420, ,0, ,N, ,3, , , , , , , , , ,2,2,0,0,0,0,0,0,0,0,0,2,2,0,0,0,1,0,0,0,0,0,0,0,0,0,0,0,0,0,0,0,0,0,0,4,0,40.0291,-75.1054, , 
36808,430857,2014106682,6,67,67301,2014,10,7,1830,18,3,1,0,4,1, , ,N,1,2,0,3,0,1,4,2,N,N,40 00:19.857,75 06:19.237,2010, ,2005, ,0, , , ,3, , , , , , , , , ,2,1,0,0,0,0,0,1,0,0,0,0,1,1,1,0,0,0,0,0,0,0,0,1,0,0,0,0,0,0,0,0,0,0,0,8,0,40.0055,-75.1053, , 
36809,430869,2014058191,6,67,67301,2014,5,5,1300,13,1,1,0,2,1, , ,N,0,0,0,3,1,7,8,2,N,N,39 57:54.584,75 08:03.830,1302, ,1302,9,2,5,N,0,0,Y, , , , , , , , ,2,1,0,0,0,0,0,0,0,0,0,2,7,5,0,0,0,0,0,0,0,0,0,0,0,0,0,0,0,0,0,0,0,0,0,1,0,39.9652,-75.1344,2, 
36810,430873,2014061090,6,67,67301,2014,5,5,1030,10,1,1,0,8,1, , ,N,1,2,0,3,0,1,2,2,N,N,39 56:16.313,75 10:00.515,1050, ,1045, ,0, ,N, ,3, , , , , , , , , ,1,1,0,0,0,0,0,0,0,0,0,1,1,0,0,0,0,0,0,0,0,1,0,0,0,0,0,0,0,0,0,0,1,0,0,4,0,39.9379,-75.1667, , 
36811,430880,2014076009,6,67,67301,2014,6,6,1650,16,1,2,1,5,1, , ,N,0,0,0,3,0,1,2,2,N,N,39 56:46.935,75 14:31.310,1655, ,1650, ,0, ,N, ,0, , , , , , , , , ,2,2,0,0,0,0,0,0,0,0,0,1,1,0,0,0,0,0,0,0,1,0,0,0,0,0,0,0,0,0,0,0,0,0,0,4,0,39.9464,-75.242, , 
36812,430890,2014088387,6,67,67301,2014,7,1,115,1,3,1,0,4,1, , ,N,1,2,0,3,0,0,2,2,N,N,39 54:57.913,75 14:09.812,119, ,118,1,1,4,N, ,3,N, , , , , , , , ,2,1,0,0,0,0,1,0,0,0,0,0,0,0,2,0,0,0,0,0,1,0,0,0,0,0,0,0,0,0,0,0,0,0,0,9,0,39.9161,-75.2361, , 
36813,430915,2014054499,6,67,67301,2014,4,1,1950,19,3,1,0,4,1, , ,N,1,3,0,3,0,1,2,2,N, ,39 55:38.416,75 09:14.331,2035, ,2030, ,0, , , ,3, , , , , , , , , ,1,1,0,0,0,0,0,0,1,0,0,1,1,0,1,0,0,0,0,0,0,0,0,0,0,0,0,0,0,0,0,0,0,0,0,4,0,39.9273,-75.154, , 
36814,430917,2014054561,6,67,67301,2014,5,5,1600,16,1,1,0,4,1, , ,N,1,3,0,3,0,1,2,2,N,N,39 58:34.842,75 08:21.879,1615, ,1610,2,2,2,N, ,3,N, , , , , , , , ,2,1,0,1,0,0,0,0,0,0,0,0,1,1,0,0,0,0,0,0,0,0,0,0,0,0,0,0,0,0,0,0,0,0,0,8,1,39.9763,-75.1394, , 
36815,430918,2014054584,6,67,67301,2014,4,1,625,6,1,1,0,4,1, , ,N,1,2,0,3,0,1,2,2,N,N,40 02:13.851,75 07:25.305,725, ,719, ,0, ,N, ,3, , , , , , , , , ,2,1,0,0,1,0,0,0,0,0,0,1,1,0,1,0,0,0,0,0,0,0,0,0,0,0,0,0,0,0,0,0,0,0,0,4,0,40.0372,-75.1237, , 
36816,430960,2014053832,6,67,67301,2014,5,3,2008,20,1,2,1,7,5, , ,N,0,0,0,3,0,0,1,1,N,N,39 58:52.587,75 12:24.857,2015, ,2012, ,0, ,N, ,0, , , , , , , , , ,1,1,0,0,0,0,0,0,0,0,0,0,0,0,0,0,0,0,0,0,0,0,0,0,0,0,0,0,0,0,0,0,0,0,0,0,0,39.9813,-75.2069, , 
36817,430963,2014054474,6,67,67301,2014,4,4,745,7,1,1,0,1,1, , ,N,0,0,0,3,0,1,5,3,N,N,40 00:22.790,75 05:22.680,855, ,855, ,0, ,N, ,0, , , , , , , , , ,3,1,0,0,0,0,1,1,0,0,0,1,1,0,2,0,0,0,0,0,1,0,0,0,0,0,0,0,0,0,0,0,0,0,0,4,0,40.0063,-75.0896, , 