objectid_1,objectid,crn,district,county,municipality,crash_year,crash_month,day_of_week,time_of_day,hour_of_day,illumination,weather,road_condition,collision_type,relation_to_road,work_zone_type,work_zone_loc,work_zone_ind,intersect_type,tcd_type,location_type,urban_rural,fatal_count,injury_count,person_count,total_units,sch_bus_ind,sch_zone_ind,latitude,longitude,arrival_tm,cons_zone_spd_lim,dispatch_tm,est_hrs_closed,lane_closed,ln_close_dir,ntfy_hiwy_maint,spec_juris_cd,tcd_func_cd,tfc_detour_ind,workers_pres,wz_close_detour,wz_flagger,wz_law_offcr_ind,wz_ln_closure,wz_moving,wz_other,wz_shlder_mdn,vehicle_count,automobile_count,motorcycle_count,bus_count,small_truck_count,heavy_truck_count,suv_count,van_count,bicycle_count,maj_inj_count,mod_inj_count,min_inj_count,tot_inj_count,unk_inj_deg_count,unk_inj_per_count,driver_count_16yr,driver_count_17yr,driver_count_18yr,driver_count_19yr,driver_count_20yr,driver_count_50_64yr,driver_count_65_74yr,driver_count_75plus,unbelted_occ_count,unb_death_count,unb_maj_inj_count,belted_death_count,belted_maj_inj_count,mcycle_death_count,mcycle_maj_inj_count,bicycle_death_count,bicycle_maj_inj_count,ped_count,ped_death_count,ped_maj_inj_count,max_severity_level,comm_veh_count,dec_lat,dec_long,rdwy_surf_type_cd,county_name
36818,430974,2014088664,6,67,67301,2014,7,4,648,6,1,1,0,5,6, , ,N,0,0,0,3,0,0,1,3,N,N,40 02:07.374,75 11:35.307,703, ,656, ,0, , , ,0, , , , , , , , , ,3,2,0,0,0,0,1,0,0,0,0,0,0,0,0,0,0,0,0,0,0,0,0,0,0,0,0,0,0,0,0,0,0,0,0,0,0,40.0354,-75.1931, , 
36819,430975,2014088672,6,67,67301,2014,8,2,1900,19,1,1,0,1,6, , ,N,0,0,0,3,0,1,1,2,N, ,40 01:49.442,75 06:43.136,1925, ,1920,1,2,5, , ,0,Y, , , , , , , , ,2,1,0,0,0,0,0,1,0,0,1,0,1,0,0,0,1,0,0,0,0,0,0,0,0,0,0,0,0,0,0,0,0,0,0,3,0,40.0304,-75.112, , 
36820,430976,2014088844,6,67,67301,2014,8,6,1715,17,1,1,0,1,1, , ,N,0,0,0,3,0,3,3,2,N, ,40 04:41.508,74 57:54.442,1718, ,1718,1,1,3, , ,0,N, , , , , , , , ,2,1,0,0,0,0,1,0,0,0,0,3,3,0,0,0,0,0,0,0,1,0,0,1,0,0,0,0,0,0,0,0,0,0,0,4,0,40.0782,-74.9651, , 
36821,433944,2014098531,6,67,67301,2014,10,3,1216,12,1,1,0,4,1, , ,N,1,2,0,3,0,1,2,2,N,N,39 58:20.544,75 09:59.380,1250, ,1230,3,2,6,N, ,3,Y, , , , , , , , ,2,0,0,0,0,1,1,0,0,0,1,0,1,0,0,0,0,0,0,0,0,0,0,0,0,0,0,0,0,0,0,0,0,0,0,3,1,39.9724,-75.1665, , 
36822,433964,2014068280,6,67,67301,2014,6,2,10,0,3,1,0,5,1, , ,N,0,0,0,3,0,1,4,2,N,N,39 57:10.108,75 10:54.726,18, ,12,1,2,4,N, ,0,Y, , , , , , , , ,2,1,0,0,0,0,1,0,0,0,0,1,1,0,1,0,0,0,0,0,0,0,0,0,0,0,0,0,0,0,0,0,0,0,0,4,0,39.9528,-75.1819, , 
36823,433965,2014068593,6,67,67301,2014,5,7,250,2,3,1,0,4,1, , ,N,1,2,0,3,0,1,2,2,N,N,40 02:32.725,75 04:57.598,255, ,253, ,0, ,N, ,3, , , , , , , , , ,2,1,0,0,0,0,1,0,0,0,0,0,1,1,0,0,0,0,0,0,0,0,0,0,0,0,0,0,0,0,0,0,0,0,0,8,0,40.0424,-75.0827, , 
36824,433988,2014099187,6,67,67301,2014,9,4,1815,18,1,1,0,1,1, , ,N,1,2,0,3,0,1,4,2,N,N,39 55:16.123,75 11:37.638,1823, ,1819, ,0, ,N, ,3, , , , , , , , , ,2,2,0,0,0,0,0,0,0,0,0,1,1,0,0,0,0,0,0,0,0,0,0,0,0,0,0,0,0,0,0,0,0,0,0,4,0,39.9211,-75.1938, , 
36825,433997,2014059314,6,67,67301,2014,5,6,1505,15,1,2,1,5,6, , ,N,0,2,0,3,0,0,2,3,N, ,39 56:09.235,75 13:52.227,9999, ,9999, ,0, , , ,3, , , , , , , , , ,3,3,0,0,0,0,0,0,0,0,0,0,0,0,0,0,0,0,0,0,0,0,0,0,0,0,0,0,0,0,0,0,0,0,0,0,0,39.9359,-75.2312, , 
36826,434000,2014065593,6,67,67301,2014,5,6,33,0,3,1,1,7,4, , ,N,5,0,2,3,0,0,1,1,N,N,39 57:24.276,75 09:08.534,38, ,35,9,2,3, , ,0,N, , , , , , , , ,1,1,0,0,0,0,0,0,0,0,0,0,0,0,1,0,0,0,0,0,0,0,0,0,0,0,0,0,0,0,0,0,0,0,0,9,0,39.9566,-75.1524, , 
36827,434003,2014067990,6,67,67301,2014,6,2,625,6,5,2,1,7,4, , ,N,0,0,0,3,0,1,1,1,N,N,40 02:30.032,75 04:59.241,700, ,631, ,0, ,N, ,0, , , , , , , , , ,1,1,0,0,0,0,0,0,0,0,0,1,1,0,0,0,0,0,0,0,0,0,0,1,0,0,0,0,0,0,0,0,0,0,0,4,0,40.0417,-75.0831, , 
36828,434005,2014059040,6,67,67301,2014,5,5,1759,17,1,1,0,5,1, , ,N,0,0,0,3,0,1,2,2,N,N,40 01:37.506,75 10:06.524,1825, ,1815, ,0, ,N, ,0, , , , , , , , , ,1,0,0,0,0,0,0,1,1,1,0,0,1,0,1,0,0,0,0,0,0,0,0,0,0,0,0,0,0,0,0,1,0,0,0,2,0,40.0271,-75.1685, , 
36829,434027,2014079273,6,67,67301,2014,3,6,1321,13,1,2,1,4,1, , ,N,1,2,0,3,0,13,30,2,Y,N,40 00:31.072,75 05:54.353,1340, ,1334,3,2,7,N, ,3,Y, , , , , , , , ,2,1,0,1,0,0,0,0,0,0,0,13,13,0,0,0,0,0,0,0,0,0,0,0,0,0,0,0,0,0,0,0,0,0,0,4,1,40.0086,-75.0984, , 
36830,434032,2014084235,6,67,67301,2014,7,3,1700,17,1,1,0,4,1, , ,N,1,2,0,3,0,1,2,2,N,N,40 00:20.958,75 05:49.284,1715, ,1713, ,0, ,N, ,3, , , , , , , , , ,2,2,0,0,0,0,0,0,0,0,0,0,1,1,0,0,0,0,0,0,0,0,0,0,0,0,0,0,0,0,0,0,0,0,0,8,0,40.0058,-75.097, , 
36831,434033,2014084373,6,67,67301,2014,4,3,1101,11,1,1,0,4,1, , ,N,0,2,0,3,0,3,3,2,N,N,40 03:00.291,75 03:04.738,1106, ,1102,4,2,2,N, ,3,N, , , , , , , , ,2,1,0,0,0,0,0,0,0,1,0,0,3,2,0,0,0,0,0,0,0,0,0,0,0,0,0,0,0,0,0,0,0,0,0,2,0,40.0501,-75.0513, , 
36832,434039,2014087411,6,67,67301,2014,9,5,1303,13,1,1,0,1,1, , ,N,0,0,0,3,0,2,5,3,N,N,39 57:47.407,75 11:01.931,1310, ,1307, ,0, ,N, ,0, , , , , , , , , ,3,1,0,0,1,0,1,0,0,0,0,0,2,2,0,0,0,0,0,0,1,1,0,0,0,0,0,0,0,0,0,0,0,0,0,8,0,39.9632,-75.1839, , 
36833,434040,2014087827,6,67,67301,2014,8,7,2203,22,3,1,0,4,1, , ,N,0,0,7,3,0,1,3,4,N, ,39 57:15.279,75 13:33.844,2208, ,2205,1,1,1, , ,0,N, , , , , , , , ,4,4,0,0,0,0,0,0,0,0,0,0,1,1,0,0,0,0,0,0,0,0,0,0,0,0,0,0,0,0,0,0,0,0,0,8,0,39.9542,-75.2261, , 
36834,434059,2014078788,6,67,67301,2014,5,7,2055,20,3,1,0,8,1, , ,N,0,0,0,3,0,1,2,2,N,N,39 56:02.622,75 11:45.750,2109, ,2101, ,0, ,N, ,0, , , , , , , , , ,1,0,0,0,0,0,0,1,0,0,0,1,1,0,0,0,0,0,0,0,0,0,0,0,0,0,0,0,0,0,0,0,1,0,0,4,0,39.9341,-75.196, , 
36835,434066,2014084355,6,67,67301,2014,7,2,1048,10,1,1,0,4,1, , ,N,1,2,0,3,0,0,2,2,N,N,39 57:32.371,75 10:26.147,1100, ,1052,2,1,2,N, ,3,N, , , , , , , , ,2,1,0,0,0,0,1,0,0,0,0,0,0,0,1,0,0,0,0,2,0,0,0,0,0,0,0,0,0,0,0,0,0,0,0,9,0,39.959,-75.1739, , 
36836,434067,2014084418,6,67,67301,2014,6,2,2045,20,4,1,0,4,1, , ,N,1,0,7,3,0,0,2,2,N, ,40 05:01.539,74 57:52.869,9999, ,9999, ,0, , , ,0, , , , , , , , , ,2,1,0,0,0,0,1,0,0,0,0,0,0,0,0,0,0,0,0,0,0,0,0,0,0,0,0,0,0,0,0,0,0,0,0,0,0,40.0838,-74.9647, , 
36837,434071,2014088334,6,67,67301,2014,7,4,9999,99,1,1,0,5,1, , ,N,0,0,0,3,0,1,2,2,N,N,40 01:43.335,75 07:55.883,1000, ,955, ,0, ,N, ,0, , , , , , , , , ,2,0,1,0,0,1,0,0,0,0,1,0,1,0,0,0,0,0,0,0,0,1,0,0,0,0,0,0,0,0,0,0,0,0,0,3,1,40.0287,-75.1322, , 
36838,434073,2014088899,6,67,67301,2014,8,4,1650,16,1,1,0,8,1, , ,N,2,0,0,3,0,1,2,2,N, ,40 06:33.392,75 01:31.993,1704, ,1653,2,1,2,N, ,0,N, , , , , , , , ,1,1,0,0,0,0,0,0,0,0,0,0,1,1,0,0,0,0,0,0,0,1,0,0,0,0,0,0,0,0,0,0,1,0,0,8,0,40.1093,-75.0256, , 
36839,439679,2014121046,6,67,67301,2014,12,2,1720,17,3,2,1,1,1, , ,N,0,0,0,3,0,0,2,2,N,N,39 59:05.346,75 05:41.250,1729, ,1725,2,1,1,N, ,0,N, , , , , , , , ,2,2,0,0,0,0,0,0,0,0,0,0,0,0,0,0,0,0,0,0,1,0,0,0,0,0,0,0,0,0,0,0,0,0,0,0,0,39.9848,-75.0948, , 
36840,439684,2014067912,6,67,67301,2014,5,6,1850,18,1,8,1,4,1, , ,N,1,2,0,3,0,1,3,2,N, ,39 58:16.582,75 13:38.114,1854, ,1852, ,0, , , ,3, , , , , , , , , ,2,2,0,0,0,0,0,0,0,0,0,1,1,0,0,0,0,0,0,0,1,0,0,0,0,0,0,0,0,0,0,0,0,0,0,4,0,39.9713,-75.2273, , 
36841,439685,2014068147,6,67,67301,2014,6,6,1838,18,1,1,0,8,1, , ,N,0,0,0,3,0,1,4,2,N, ,40 03:27.101,75 09:56.973,1842, ,1840, ,0, , , ,0, , , , , , , , , ,1,1,0,0,0,0,0,0,0,0,0,0,1,1,0,0,0,0,0,0,0,0,0,1,0,0,0,0,0,0,0,0,1,0,0,8,0,40.0575,-75.1658, , 
36842,439703,2014076399,6,67,67301,2014,8,1,2048,20,3,1,0,7,4, , ,N,0,0,0,3,0,2,3,2,N,N,39 56:51.557,75 08:31.879,2048, ,2048,2,1,1,N, ,0,N, , , , , , , , ,1,1,0,0,0,0,0,0,0,0,0,0,2,2,0,0,0,0,1,0,0,0,0,2,0,0,0,0,0,0,0,0,0,0,0,8,0,39.9477,-75.1422, , 
36843,439710,2014087966,6,67,67301,2014,7,4,835,8,1,1,0,5,1, , ,N,0,0,0,3,0,1,2,2,N,N,39 59:07.253,75 09:40.717,845, ,843, ,0, ,N, ,0, , , , , , , , , ,2,1,0,0,0,1,0,0,0,0,0,1,1,0,0,0,0,0,0,0,0,0,0,0,0,0,0,0,0,0,0,0,0,0,0,4,1,39.9853,-75.1613, , 
36844,439711,2014088144,6,67,67301,2014,7,7,2305,23,3,1,0,1,1, , ,N,2,2,0,3,0,1,3,2,N, ,39 54:04.971,75 14:21.471,2350, ,2345, ,0, , , ,3, , , , , , , , , ,2,1,0,0,0,0,1,0,0,0,0,0,1,1,0,0,0,0,0,0,0,0,0,0,0,0,0,0,0,0,0,0,0,0,0,8,0,39.9014,-75.2393, , 
36845,439720,2014095929,6,67,67301,2014,9,7,910,9,1,2,1,4,1, , ,N,1,2,0,3,0,0,2,2,N,N,39 53:31.062,75 14:30.295,916, ,912,1,1,1,N, ,3,N, , , , , , , , ,2,2,0,0,0,0,0,0,0,0,0,0,0,0,0,0,0,0,0,0,0,0,1,0,0,0,0,0,0,0,0,0,0,0,0,0,0,39.8919,-75.2419, , 
36846,439750,2014078787,6,67,67301,2014,6,1,2210,22,3,1,0,1,1, , ,N,0,0,7,3,0,3,4,2,N,N,40 07:22.100,75 00:57.000,2250, ,2239,3,1,2,N, ,0,N, , , , , , , , ,2,1,0,0,1,0,0,0,0,0,0,0,3,3,0,0,0,0,0,0,0,0,0,1,0,0,0,0,0,0,0,0,0,0,0,8,0,40.1228,-75.0158, , 
36847,439759,2014084313,6,67,67301,2014,7,2,9999,99,1,1,0,8,1, , ,N,1,2,0,3,0,1,2,2,N,N,39 57:23.616,75 14:30.901,1542, ,1540, ,0, , , ,3, , , , , , , , , ,1,1,0,0,0,0,0,0,0,0,0,1,1,0,0,0,0,0,0,0,0,0,0,0,0,0,0,0,0,0,0,0,1,0,0,4,0,39.9566,-75.2419, , 
36848,439760,2014084356,6,67,67301,2014,7,1,315,3,3,1,0,7,4, , ,N,0,0,0,3,0,0,2,1,N,N,39 57:02.037,75 10:05.851,315, ,315, ,0, ,N, ,0, , , , , , , , , ,1,1,0,0,0,0,0,0,0,0,0,0,0,0,0,0,0,0,0,0,0,0,0,0,0,0,0,0,0,0,0,0,0,0,0,0,0,39.9506,-75.1683, , 
36849,439766,2014088879,6,67,67301,2014,8,2,1545,15,1,1,0,1,1, , ,N,0,0,0,3,0,5,6,2,N,N,39 59:28.095,75 12:45.387,1602, ,1554, ,0, ,N, ,0, , , , , , , , , ,2,0,0,0,1,0,1,0,0,0,1,4,5,0,0,0,0,0,0,0,1,0,0,0,0,0,0,0,0,0,0,0,0,0,0,3,0,39.9911,-75.2126, , 
36850,439768,2014091423,6,67,67301,2014,9,1,938,9,1,1,0,1,1, , ,N,1,2,2,3,0,0,3,2,N,N,40 00:52.738,75 10:42.411,943, ,940, ,0, ,N, ,3, , , , , , , , , ,2,1,0,0,1,0,0,0,0,0,0,0,0,0,0,0,0,0,0,0,0,0,0,0,0,0,0,0,0,0,0,0,0,0,0,0,0,40.0146,-75.1784, , 
36851,439773,2014096838,6,67,67301,2014,9,6,1920,19,4,1,1,1,1, , ,N,0,0,0,3,0,3,4,2,N, ,40 06:00.912,75 00:33.720,1933, ,1930, ,0, , , ,0, , , , , , , , , ,2,1,0,0,0,0,1,0,0,0,0,3,3,0,0,0,0,0,0,0,2,0,0,0,0,0,0,0,0,0,0,0,0,0,0,4,0,40.1003,-75.0094, , 
36852,439775,2014098624,6,67,67301,2014,9,1,1200,12,1,1,0,8,1, , ,N,1,2,0,3,0,1,2,2,N,N,40 00:43.542,75 06:43.855,1205, ,1204,2,2,3,N, ,3,Y, , , , , , , , ,1,1,0,0,0,0,0,0,0,0,0,1,1,0,0,0,0,0,0,0,0,0,0,0,0,0,0,0,0,0,0,0,1,0,0,4,0,40.0121,-75.1122, , 
36853,439788,2014065726,6,67,67301,2014,6,1,140,1,3,1,0,7,2,1,4,Y,0,0,0,3,0,0,1,1,N,N,39 58:20.013,75 07:21.175,148,45,146, ,0, ,N, ,0, ,N,N,N,N,N,N,N,Y,1,1,0,0,0,0,0,0,0,0,0,0,0,0,0,0,0,0,0,0,0,0,0,0,0,0,0,0,0,0,0,0,0,0,0,0,0,39.9722,-75.1225, , 
36854,439793,2014068684,6,67,67301,2014,6,7,1930,19,1,1,0,4,1, , ,N,0,0,0,3,0,1,2,2,N,N,39 58:16.629,75 09:06.530,1934, ,1931, ,0, , , ,0, , , , , , , , , ,1,1,0,0,0,0,0,0,1,0,0,1,1,0,0,0,0,0,0,0,0,0,0,0,0,0,0,0,0,0,0,0,0,0,0,4,0,39.9713,-75.1518, , 
36855,439802,2014081142,6,67,67301,2014,8,3,1643,16,1,1,0,1,1, , ,N,0,0,0,3,0,1,6,2,N,N,39 57:30.169,75 09:57.009,1659, ,1651, ,0, ,N, ,0, , , , , , , , , ,2,1,0,0,0,0,1,0,0,0,0,0,1,1,0,0,0,0,0,0,1,0,0,0,0,0,0,0,0,0,0,0,0,0,0,8,0,39.9584,-75.1658, , 
36856,439805,2014087937,6,67,67301,2014,8,7,900,9,1,1,0,1,1, , ,N,1,2,0,3,0,1,3,2,N,N,39 59:43.731,75 06:32.155,935, ,925, ,0, ,N, ,3, , , , , , , , , ,2,1,1,0,0,0,0,0,0,0,1,0,1,0,0,0,0,0,0,0,0,0,0,0,0,0,0,0,0,0,0,0,0,0,0,3,0,39.9955,-75.1089, , 
36857,437205,2014089349,6,67,67301,2014,8,4,2015,20,3,1,0,7,4, , ,N,0,0,0,3,0,1,2,2,N,N,40 01:23.380,75 08:08.297,2016, ,2015,2,2,3,N, ,0,N, , , , , , , , ,2,0,0,0,1,0,1,0,0,0,0,0,1,1,1,0,0,0,0,0,0,0,0,0,0,0,0,0,0,0,0,0,0,0,0,8,0,40.0232,-75.1356, , 
36858,437223,2014111436,6,67,67301,2014,10,4,9999,99,3,2,1,4,1, , ,N,5,2,2,3,0,0,2,2,N,N,39 57:13.622,75 08:34.406,2331, ,2320,1,2,2, , ,3,N, , , , , , , , ,2,1,0,0,0,1,0,0,0,0,0,0,0,0,0,0,0,0,0,0,0,0,0,0,0,0,0,0,0,0,0,0,0,0,0,0,1,39.9538,-75.1429, , 
36859,437242,2014068008,6,67,67301,2014,6,6,9999,99,1,1,0,1,1, , ,N,5,2,0,3,0,1,3,2,N,N,39 55:23.711,75 10:54.616,9999, ,9999, ,0, ,N, ,3, , , , , , , , , ,2,2,0,0,0,0,0,0,0,0,0,1,1,0,0,0,0,0,0,0,0,0,0,0,0,0,0,0,0,0,0,0,0,0,0,4,0,39.9233,-75.1818, , 
36860,437267,2014098649,6,67,67301,2014,9,1,2157,21,3,1,0,8,1, , ,N,1,3,0,3,0,1,2,2,N,N,39 57:54.972,75 10:02.589,2209, ,2207, ,0, , , ,3, , , , , , , , , ,1,0,0,0,0,0,0,1,0,0,0,1,1,0,0,0,0,0,0,0,0,0,0,0,0,0,0,0,0,0,0,0,1,0,0,4,0,39.9653,-75.1674, , 
36861,437271,2014103209,6,67,67301,2014,10,6,735,7,1,1,0,7,2, , ,N,0,0,0,3,0,1,2,2,N,N,39 56:08.083,75 11:59.385,749, ,735,2,2,3,N, ,0,N, , , , , , , , ,2,2,0,0,0,0,0,0,0,0,0,0,1,1,0,0,0,0,0,0,1,0,0,0,0,0,0,0,0,0,0,0,0,0,0,8,0,39.9356,-75.1998, , 
36862,437278,2014054509,6,67,67301,2014,4,3,42,0,3,1,0,7,1, , ,N,0,0,1,3,0,1,1,1,N, ,39 56:52.960,75 08:29.120,45, ,42, ,0, , , ,0, , , , , , , , , ,1,0,1,0,0,0,0,0,0,0,0,1,1,0,0,0,0,0,0,0,0,0,0,0,0,0,0,0,0,0,0,0,0,0,0,4,0,39.948,-75.1414, , 
36863,437311,2014088886,6,67,67301,2014,8,2,9999,99,1,1,0,4,1, , ,N,5,2,2,3,0,0,2,2,N, ,39 57:25.881,75 08:31.297,1210, ,1205, ,0, , , ,3, , , , , , , , , ,2,1,0,0,0,0,0,1,0,0,0,0,0,0,0,0,0,0,0,0,0,1,0,0,0,0,0,0,0,0,0,0,0,0,0,0,0,39.9567,-75.1423, , 
36864,437313,2014089715,6,67,67301,2014,7,7,1914,19,1,1,0,4,1, , ,N,2,3,0,3,0,1,4,3,N,N,40 04:42.572,75 02:30.433,1915, ,1914, ,0, ,N, ,3, , , , , , , , , ,3,2,0,0,0,0,0,1,0,0,0,0,1,1,0,0,0,0,0,1,0,0,1,0,0,0,0,0,0,0,0,0,0,0,0,8,0,40.0785,-75.0418, , 
36865,437318,2014099170,6,67,67301,2014,9,3,2000,20,3,1,0,8,1, , ,N,1,3,0,3,0,1,2,2,N,N,40 02:49.812,75 10:45.299,2045, ,2045, ,0, ,N, ,3, , , , , , , , , ,1,1,0,0,0,0,0,0,0,0,0,0,1,1,0,0,0,0,0,0,0,1,0,0,0,0,0,0,0,0,0,0,1,0,0,8,0,40.0472,-75.1792, , 
36866,437343,2014078804,6,67,67301,2014,5,5,824,8,1,1,0,7,4, , ,N,0,0,0,3,0,1,1,1,N,N,39 55:05.957,75 12:30.190,842, ,847, ,0, ,Y, ,0, , , , , , , , , ,1,1,0,0,0,0,0,0,0,0,0,1,1,0,0,0,0,0,0,0,0,0,0,0,0,0,0,0,0,0,0,0,0,0,0,4,0,39.9183,-75.2084, , 
36867,437350,2014084187,6,67,67301,2014,7,4,1720,17,1,1,0,4,1, , ,N,0,0,0,3,0,1,2,2,N, ,40 02:57.170,75 04:53.277,1725, ,1720,1,1,3, , ,0,N, , , , , , , , ,2,2,0,0,0,0,0,0,0,0,0,1,1,0,0,0,0,0,0,0,0,2,0,0,0,0,0,0,0,0,0,0,0,0,0,4,0,40.0492,-75.0815, , 
36868,437351,2014084296,6,67,67301,2014,7,2,2300,23,3,1,0,5,1, , ,N,1,2,0,3,0,1,2,2,N,N,39 53:40.603,75 14:12.181,2321, ,2309, ,0, ,N, ,3, , , , , , , , , ,2,1,0,0,0,0,0,1,0,0,0,0,1,1,0,0,0,0,0,0,0,0,0,0,0,0,0,0,0,0,0,0,0,0,0,8,0,39.8946,-75.2367, , 
36869,437355,2014088044,6,67,67301,2014,7,5,725,7,1,1,0,4,1, , ,N,1,3,0,3,0,0,2,2,N, ,39 59:00.214,75 08:47.198,840, ,840, ,0, , , ,3, , , , , , , , , ,2,1,0,0,0,0,1,0,0,0,0,0,0,0,0,0,0,0,0,0,1,0,0,0,0,0,0,0,0,0,0,0,0,0,0,0,0,39.9834,-75.1464, , 
36870,437356,2014088098,6,67,67301,2014,7,7,2327,23,3,1,0,6,6, , ,N,0,0,0,3,0,0,1,2,N,N,39 57:36.400,75 13:22.180,2335, ,2329,1,2,5,N, ,0,Y, , , , , , , , ,2,1,0,0,0,0,1,0,0,0,0,0,0,0,0,0,0,0,0,0,1,0,0,0,0,0,0,0,0,0,0,0,0,0,0,0,0,39.9601,-75.2228, , 
36871,437357,2014088873,6,67,67301,2014,7,3,1745,17,1,1,0,4,1, , ,N,0,0,7,3,0,3,3,2,N,N,40 05:09.834,75 02:23.466,1755, ,1748,1,1,6, , ,0,N, , , , , , , , ,2,2,0,0,0,0,0,0,0,0,0,1,3,2,0,0,0,0,0,0,0,0,1,0,0,0,0,0,0,0,0,0,0,0,0,4,0,40.0861,-75.0399, , 
36872,437358,2014088960,6,67,67301,2014,8,5,1330,13,1,1,0,8,1, , ,N,0,0,0,3,0,1,2,2,N,N,39 55:48.993,75 10:54.224,1120, ,1120, ,0, ,N, ,0, , , , , , , , , ,1,0,0,0,0,0,0,1,0,0,0,1,1,0,0,0,0,0,0,0,0,0,0,0,0,0,0,0,0,0,0,0,1,0,0,4,0,39.9303,-75.1817, , 
36873,437359,2014089724,6,67,67301,2014,8,7,951,9,1,1,0,6,1, , ,N,1,2,2,3,0,1,5,2,N,N,39 54:38.005,75 11:08.323,958, ,954, ,0, ,N, ,3, , , , , , , , , ,2,1,0,0,0,0,1,0,0,0,0,1,1,0,0,0,0,0,0,0,1,0,0,0,0,0,0,0,0,0,0,0,0,0,0,4,0,39.9106,-75.1856, , 
36874,437361,2014091411,6,67,67301,2014,8,1,1345,13,1,1,0,5,6, , ,N,0,0,0,3,0,1,1,3,N, ,40 00:54.591,75 10:11.364,1505, ,1349,2,1,5, , ,0,Y, , , , , , , , ,3,0,1,0,0,0,1,0,0,1,0,0,1,0,0,0,0,0,0,0,0,0,0,0,0,0,0,0,0,1,0,0,0,0,0,2,0,40.0152,-75.1698, , 
36875,430977,2014088964,6,67,67301,2014,7,5,1115,11,1,1,0,1,1, , ,N,1,2,0,3,0,1,4,2,N, ,39 58:36.786,75 09:59.317,9999, ,9999, ,0, , , ,3, , , , , , , , , ,2,2,0,0,0,0,0,0,0,0,0,1,1,0,2,0,0,0,0,0,0,0,0,0,0,0,0,0,0,0,0,0,0,0,0,4,0,39.9769,-75.1665, , 
36876,431011,2014058837,6,67,67301,2014,6,1,221,2,3,1,0,7,2, , ,N,0,0,0,3,0,0,1,1,N,N,39 57:02.923,75 10:58.751,221, ,221,1,2,4,N, ,0,N, , , , , , , , ,1,1,0,0,0,0,0,0,0,0,0,0,0,0,0,0,0,0,0,0,0,0,0,0,0,0,0,0,0,0,0,0,0,0,0,0,0,39.9508,-75.183, , 
36877,431012,2014059239,6,67,67301,2014,5,5,2330,23,3,1,0,4,1, , ,N,1,3,2,3,0,0,2,2,N, ,40 01:10.999,75 09:56.602,27, ,20, ,0, ,N, ,3, , , , , , , , , ,2,2,0,0,0,0,0,0,0,0,0,0,0,0,0,0,0,0,0,0,0,0,0,0,0,0,0,0,0,0,0,0,0,0,0,0,0,40.0197,-75.1657, , 
36878,431033,2014034164,6,67,67301,2014,2,5,430,4,3,9,0,7,4, , ,N,0,0,0,3,0,1,1,1,N,N,39 56:07.375,75 12:01.314,438, ,435,9,2,2,N, ,0,N, , , , , , , , ,1,0,0,0,1,0,0,0,0,0,0,0,1,1,0,0,0,0,0,0,1,0,0,0,0,0,0,0,0,0,0,0,0,0,0,8,0,39.9354,-75.2004, , 
36879,431040,2014044556,6,67,67301,2014,3,5,1224,12,1,1,0,8,5, , ,N,1,2,0,3,0,1,2,2,N,N,39 59:18.146,75 06:35.283,1250, ,1242, ,0, , , ,3, , , , , , , , , ,1,1,0,0,0,0,0,0,0,0,0,1,1,0,0,0,0,0,0,0,0,0,0,1,0,0,0,0,0,0,0,0,1,0,0,4,0,39.9884,-75.1098, , 
36880,431051,2014053826,6,67,67301,2014,5,7,1934,19,1,1,0,7,5, , ,N,0,0,0,3,0,3,3,1,N,N,40 02:05.485,75 01:07.943,1935, ,1934,2,2,2,N, ,0,N, , , , , , , , ,1,1,0,0,0,0,0,0,0,0,0,3,3,0,0,0,0,1,0,0,0,0,0,0,0,0,0,0,0,0,0,0,0,0,0,4,0,40.0349,-75.0189, , 
36881,431057,2014013089,6,67,67301,2014,1,2,2042,20,3,3,5,7,4, , ,N,0,0,0,3,0,0,1,1,N, ,40 05:03.469,74 57:34.257,2047, ,2046, ,0, , , ,0, , , , , , , , , ,1,1,0,0,0,0,0,0,0,0,0,0,0,0,0,0,0,0,0,0,0,0,0,0,0,0,0,0,0,0,0,0,0,0,0,0,0,40.0843,-74.9595, , 
36882,431067,2014059229,6,67,67301,2014,4,6,2335,23,3,2,1,8,1, , ,N,1,2,0,3,0,1,2,2,N, ,39 57:37.816,75 13:43.179,2340, ,2340, ,0, , , ,3, , , , , , , , , ,1,1,0,0,0,0,0,0,0,0,1,0,1,0,1,0,0,0,0,0,0,0,0,0,0,0,0,0,0,0,0,0,1,0,0,3,0,39.9604,-75.2287, , 
36883,431073,2014071853,6,67,67301,2014,7,5,1811,18,1,1,0,5,1, , ,N,7,0,2,3,0,3,3,2,N,N,39 53:29.072,75 14:13.179,1826, ,1815,2,2,1,N, ,0,Y, , , , , , , , ,2,1,0,0,0,0,1,0,0,1,1,1,3,0,0,0,0,0,0,0,0,0,0,0,0,0,0,1,0,0,0,0,0,0,0,2,0,39.8927,-75.2338, , 
36884,431078,2014081136,6,67,67301,2014,8,3,2012,20,3,2,1,1,1, , ,N,0,0,0,3,0,1,5,2,N,N,39 56:48.930,75 08:32.328,2042, ,2018, ,0, ,N, ,0, , , , , , , , , ,2,1,0,0,1,0,0,0,0,0,0,0,1,1,0,0,0,0,0,0,1,0,0,0,0,0,0,0,0,0,0,0,0,0,0,8,0,39.9469,-75.1423, , 