objectid_1,objectid,crn,district,county,municipality,crash_year,crash_month,day_of_week,time_of_day,hour_of_day,illumination,weather,road_condition,collision_type,relation_to_road,work_zone_type,work_zone_loc,work_zone_ind,intersect_type,tcd_type,location_type,urban_rural,fatal_count,injury_count,person_count,total_units,sch_bus_ind,sch_zone_ind,latitude,longitude,arrival_tm,cons_zone_spd_lim,dispatch_tm,est_hrs_closed,lane_closed,ln_close_dir,ntfy_hiwy_maint,spec_juris_cd,tcd_func_cd,tfc_detour_ind,workers_pres,wz_close_detour,wz_flagger,wz_law_offcr_ind,wz_ln_closure,wz_moving,wz_other,wz_shlder_mdn,vehicle_count,automobile_count,motorcycle_count,bus_count,small_truck_count,heavy_truck_count,suv_count,van_count,bicycle_count,maj_inj_count,mod_inj_count,min_inj_count,tot_inj_count,unk_inj_deg_count,unk_inj_per_count,driver_count_16yr,driver_count_17yr,driver_count_18yr,driver_count_19yr,driver_count_20yr,driver_count_50_64yr,driver_count_65_74yr,driver_count_75plus,unbelted_occ_count,unb_death_count,unb_maj_inj_count,belted_death_count,belted_maj_inj_count,mcycle_death_count,mcycle_maj_inj_count,bicycle_death_count,bicycle_maj_inj_count,ped_count,ped_death_count,ped_maj_inj_count,max_severity_level,comm_veh_count,dec_lat,dec_long,rdwy_surf_type_cd,county_name
37020,437787,2014084323,6,67,67301,2014,7,5,1405,14,1,1,0,4,1, , ,N,2,2,0,3,0,0,4,2,N,N,40 03:44.577,75 02:33.887,1426, ,1410,1,1,2,N, ,3,Y, , , , , , , , ,2,1,0,0,1,0,0,0,0,0,0,0,0,0,0,0,0,0,0,0,1,0,0,0,0,0,0,0,0,0,0,0,0,0,0,0,0,40.0624,-75.0427, , 
37021,437789,2014088371,6,67,67301,2014,7,2,1312,13,1,1,0,4,1, , ,N,1,3,0,3,0,1,3,2,N, ,39 56:40.315,75 09:50.965,1342, ,1340, ,0, , , ,3, , , , , , , , , ,2,2,0,0,0,0,0,0,0,0,0,0,1,1,0,0,0,0,0,0,0,0,0,0,0,0,0,0,0,0,0,0,0,0,0,8,0,39.9445,-75.1642, , 
37022,431438,2014051180,6,67,67301,2014,4,1,1740,17,1,1,0,1,1, , ,N,0,0,0,3,0,0,2,2,N,N,39 59:24.676,75 12:19.735,1759, ,1743,2,1,3,N, ,0,N, , , , , , , , ,2,1,0,0,0,0,1,0,0,0,0,0,0,0,0,0,0,0,0,1,0,0,0,1,0,0,0,0,0,0,0,0,0,0,0,0,0,39.9902,-75.2055, , 
37023,431444,2014053750,6,67,67301,2014,4,7,1845,18,1,1,0,8,1, , ,N,0,0,0,3,0,1,2,2,N,N,39 58:35.595,75 10:58.924,1850, ,1850, ,0, , , ,0, , , , , , , , , ,1,0,0,0,0,0,1,0,0,1,0,0,1,0,0,0,0,0,0,0,0,0,0,0,0,0,0,0,0,0,0,0,1,0,1,2,0,39.9766,-75.183, , 
37024,431451,2014075210,6,67,67301,2014,6,4,2235,22,3,1,0,1,6, , ,N,0,0,0,3,0,1,1,4,N,N,40 00:03.740,75 07:29.119,2240, ,2240, ,0, ,N, ,0, , , , , , , , , ,4,3,0,0,1,0,0,0,0,0,0,1,1,0,0,0,0,0,0,0,0,0,0,0,0,0,0,0,0,0,0,0,0,0,0,4,0,40.001,-75.1248, , 
37025,431463,2014088138,6,67,67301,2014,8,7,310,3,3,2,1,4,1, , ,N,1,3,0,3,0,0,2,6,N,N,40 01:28.840,75 10:14.087,320, ,312, ,0, ,N, ,3, , , , , , , , , ,6,4,0,0,1,0,0,1,0,0,0,0,0,0,1,0,0,0,0,0,0,0,0,0,0,0,0,0,0,0,0,0,0,0,0,9,0,40.0247,-75.1706, , 
37026,431472,2014098631,6,67,67301,2014,9,6,2358,23,3,1,0,8,1, , ,N,1,2,0,3,1,0,4,3,N,N,40 00:13.994,75 10:14.420,24, ,2358,3,2,6,N,0,3,Y, , , , , , , , ,2,0,0,0,0,0,2,0,0,0,0,0,0,0,0,0,0,0,0,0,0,0,0,1,0,0,0,0,0,0,0,0,1,1,0,1,0,40.0039,-75.1707,2, 
37027,431516,2014032447,6,67,67301,2014,2,3,827,8,1,4,4,4,1, , ,N,2,3,0,3,0,4,6,2,N,N,39 59:43.234,75 10:40.396,840, ,833, ,0, ,N, ,3, , , , , , , , , ,2,1,0,0,0,0,0,1,0,0,0,0,4,4,0,0,0,0,0,0,0,0,0,0,0,0,0,0,0,0,0,0,0,0,0,8,0,39.9953,-75.1779, , 
37028,431517,2014032455,6,67,67301,2014,2,4,9999,99,1,1,3,1,1, , ,N,1,2,0,3,0,3,4,2,N, ,40 02:11.493,75 10:49.407,1251, ,1246, ,0, , , ,3, , , , , , , , , ,2,1,0,0,0,0,1,0,0,0,0,3,3,0,0,0,0,0,0,0,1,0,0,0,0,0,0,0,0,0,0,0,0,0,0,4,0,40.0365,-75.1804, , 
37029,431519,2014034278,6,67,67301,2014,3,4,1705,17,1,1,0,8,1, , ,N,1,2,0,3,0,1,2,2,N,N,39 58:59.553,75 09:24.974,1715, ,1710, ,0, ,N, ,3, , , , , , , , , ,1,1,0,0,0,0,0,0,0,0,0,0,1,1,0,0,0,0,0,1,0,0,0,1,0,0,0,0,0,0,0,0,1,0,0,8,0,39.9832,-75.1568, , 
37030,431540,2014049699,6,67,67301,2014,4,5,1021,10,1,1,0,5,1, , ,N,0,0,0,3,0,1,2,2,N,N,40 02:00.733,75 10:55.189,1026, ,1021,1,2,5,N, ,0,Y, , , , , , , , ,2,1,0,0,0,0,1,0,0,0,0,1,1,0,0,0,0,0,0,0,0,0,0,1,0,0,0,0,0,0,0,0,0,0,0,4,0,40.0335,-75.182, , 
37031,431545,2014059023,6,67,67301,2014,5,7,445,4,3,1,0,4,1, , ,N,1,2,0,3,0,1,2,2,N,N,40 02:35.626,75 10:51.146,452, ,450, ,0, ,N, ,3, , , , , , , , , ,2,2,0,0,0,0,0,0,0,0,0,0,1,1,0,0,0,0,0,0,1,0,0,0,0,0,0,0,0,0,0,0,0,0,0,8,0,40.0432,-75.1809, , 
37032,431550,2014065489,6,67,67301,2014,5,2,1800,18,1,1,0,0,1, , ,N,0,0,0,3,0,1,1,1,N, ,39 54:42.787,75 08:18.000,1809, ,1806, ,0, , , ,0, , , , , , , , , ,1,0,1,0,0,0,0,0,0,0,0,1,1,0,0,0,0,0,0,0,0,0,0,0,0,0,0,0,0,0,0,0,0,0,0,4,0,39.9119,-75.1383, , 
37033,431552,2014068161,6,67,67301,2014,6,5,1220,12,1,1,0,6,6, , ,N,0,0,0,3,0,0,1,3,N,N,39 59:22.995,75 07:52.442,1342, ,1340,2,1,1,N, ,0,N, , , , , , , , ,3,3,0,0,0,0,0,0,0,0,0,0,0,0,0,0,0,0,0,0,0,0,0,0,0,0,0,0,0,0,0,0,0,0,0,0,0,39.9897,-75.1312, , 
37034,431566,2014078798,6,67,67301,2014,4,1,1812,18,1,1,0,4,1, , ,N,0,0,7,3,0,1,3,2,N,N,40 01:39.205,75 04:36.238,1814, ,1813,9,1,2,N, ,0,N, , , , , , , , ,2,2,0,0,0,0,0,0,0,0,0,0,1,1,0,0,0,0,0,0,0,0,0,1,0,0,0,0,0,0,0,0,0,0,0,8,0,40.0276,-75.0767, , 
37035,431572,2014088012,6,67,67301,2014,8,6,800,8,1,1,0,1,1, , ,N,1,2,0,3,0,1,2,2,N,N,39 58:42.573,75 06:52.947,1115, ,1113, ,0, , , ,3, , , , , , , , , ,2,1,0,0,0,0,1,0,0,0,1,0,1,0,1,0,0,0,0,0,0,0,0,0,0,0,0,0,0,0,0,0,0,0,0,3,0,39.9785,-75.1147, , 
37036,431574,2014088896,6,67,67301,2014,8,4,1020,10,1,1,0,4,1, , ,N,1,0,0,3,0,1,11,2,N, ,39 59:24.557,75 10:48.271,1028, ,1023, ,0, , , ,0, , , , , , , , , ,1,0,0,1,0,0,0,0,1,0,0,1,1,0,0,0,0,0,0,0,1,0,0,0,0,0,0,0,0,0,0,0,0,0,0,4,1,39.9902,-75.1801, , 
37037,431583,2014096856,6,67,67301,2014,7,2,1918,19,1,1,0,4,1, , ,N,1,2,0,3,0,4,6,4,N,N,40 04:51.806,75 01:43.881,1925, ,1920,3,1,6,N, ,3,Y, , , , , , , , ,4,4,0,0,0,0,0,0,0,0,0,4,4,0,0,0,0,0,0,1,1,0,0,0,0,0,0,0,0,0,0,0,0,0,0,4,0,40.0811,-75.0289, , 
37038,431629,2014042279,6,67,67301,2014,4,2,1704,17,1,1,0,1,1, , ,N,0,0,0,3,0,2,4,4,N,N,39 57:30.050,75 09:56.124,1715, ,1704,2,1,4,N, ,0,N, , , , , , , , ,4,3,0,0,0,0,1,0,0,0,0,2,2,0,0,0,0,0,0,0,1,0,0,0,0,0,0,0,0,0,0,0,0,0,0,4,0,39.9583,-75.1656, , 
37039,431632,2014042723,6,67,67301,2014,4,3,1635,16,1,1,0,8,1, , ,N,0,0,0,3,0,1,2,2,N,N,40 00:26.974,75 09:23.274,1649, ,1645, ,0, , , ,0, , , , , , , , , ,1,1,0,0,0,0,0,0,0,0,1,0,1,0,0,0,0,0,0,0,0,0,0,0,0,0,0,0,0,0,0,0,1,0,0,3,0,40.0075,-75.1565, , 
37040,434546,2014091454,6,67,67301,2014,9,4,9999,99,3,1,0,2,1, , ,N,2,3,0,3,0,2,3,2,N,N,39 55:54.446,75 13:52.770,2016, ,2016, ,0, ,N, ,3, , , , , , , , , ,2,2,0,0,0,0,0,0,0,0,0,2,2,0,0,0,0,0,0,0,1,1,0,0,0,0,0,0,0,0,0,0,0,0,0,4,0,39.9318,-75.2313, , 
37041,434549,2014092219,6,67,67301,2014,9,4,712,7,1,1,0,1,1, , ,N,0,0,0,3,0,0,2,2,N,N,40 02:09.834,75 00:57.100,724, ,716, ,0, ,N, ,0, , , , , , , , , ,2,1,0,0,0,0,1,0,0,0,0,0,0,0,0,0,0,0,0,0,1,0,0,0,0,0,0,0,0,0,0,0,0,0,0,0,0,40.0361,-75.0159, , 
37042,434551,2014093507,6,67,67301,2014,9,4,2230,22,3,1,0,4,1, , ,N,1,2,0,3,0,1,2,2,N,N,39 59:57.210,75 04:30.773,2235, ,2231, ,0, ,N, ,3, , , , , , , , , ,1,1,0,0,0,0,0,0,1,0,0,1,1,0,0,0,0,0,0,0,0,0,0,0,0,0,0,0,0,0,0,0,0,0,0,4,0,39.9992,-75.0752, , 
37043,434564,2014106769,6,67,67301,2014,10,3,450,4,3,2,1,7,4, , ,N,5,2,0,3,0,1,1,1,N,N,40 03:30.268,75 08:57.263,508, ,500, ,0, ,N, ,3, , , , , , , , , ,1,1,0,0,0,0,0,0,0,0,0,0,1,1,0,0,0,0,0,0,0,0,0,0,0,0,0,0,0,0,0,0,0,0,0,8,0,40.0584,-75.1492, , 
37044,434581,2014059002,6,67,67301,2014,5,3,236,2,3,1,0,0,1, , ,N,5,4,0,3,0,1,1,1,N,N,39 58:37.477,75 12:19.856,236, ,236, ,0, ,N, ,3, , , , , , , , , ,1,0,1,0,0,0,0,0,0,0,1,0,1,0,0,0,0,0,0,0,0,0,0,0,0,0,0,0,0,0,0,0,0,0,0,3,0,39.9771,-75.2055, , 
37045,434608,2014088173,6,67,67301,2014,7,3,1335,13,1,1,0,5,1, , ,N,0,0,0,3,0,0,3,2,N, ,39 57:40.080,75 14:25.900,1351, ,1349, ,0, , , ,0, , , , , , , , , ,2,1,0,0,0,0,1,0,0,0,0,0,0,0,0,0,0,0,0,0,1,0,0,0,0,0,0,0,0,0,0,0,0,0,0,0,0,39.9611,-75.2405, , 
37046,434624,2014059300,6,67,67301,2014,5,3,800,8,1,1,0,6,6, , ,N,0,0,0,3,0,1,2,2,N,N,40 01:49.264,75 08:57.080,935, ,929, ,0, ,N, ,0, , , , , , , , , ,2,1,0,0,0,0,1,0,0,0,0,1,1,0,0,0,0,0,0,0,0,0,0,0,0,0,0,0,0,0,0,0,0,0,0,4,0,40.0304,-75.1492, , 
37047,434631,2014059119,6,67,67301,2014,5,7,1733,17,1,1,1,4,1, , ,N,2,3,0,3,0,1,2,2,N,N,39 59:41.130,75 09:39.458,1741, ,1739,2,2,3,N, ,3,Y, , , , , , , , ,2,2,0,0,0,0,0,0,0,0,0,1,1,0,0,0,0,0,0,0,1,0,0,0,0,0,0,0,0,0,0,0,0,0,0,4,0,39.9948,-75.1609, , 
37048,434666,2014087417,6,67,67301,2014,9,6,2101,21,2,1,0,1,1,2,4,Y,0,0,0,3,0,1,3,3,N,N,39 52:47.277,75 14:51.964,2104,45,2102, ,0, ,N, ,0, ,N,N,N,N,Y,N,N,N,3,2,0,0,0,0,0,1,0,0,0,0,1,1,2,0,0,0,0,0,1,0,0,0,0,0,0,0,0,0,0,0,0,0,0,8,0,39.8798,-75.2478, , 
37049,434677,2014056993,6,67,67301,2014,4,1,1015,10,1,1,0,1,1, , ,N,0,0,0,3,0,1,2,2,N,N,40 04:17.209,75 10:08.209,1022, ,1020, ,0, , , ,0, , , , , , , , , ,2,1,0,0,0,0,1,0,0,0,0,1,1,0,0,0,0,0,0,0,0,0,0,0,0,0,0,0,0,0,0,0,0,0,0,4,0,40.0714,-75.1689, , 
37050,434705,2014039333,6,67,67301,2014,3,4,9999,99,3,8,0,4,1, , ,N,1,2,0,3,0,0,4,2,N,N,40 06:13.309,74 59:00.376,2233, ,2226,2,1,4,N, ,3,N, , , , , , , , ,2,1,0,0,0,0,0,1,0,0,0,0,0,0,4,0,0,1,0,1,0,0,0,0,0,0,0,0,0,0,0,0,0,0,0,9,0,40.1037,-74.9834, , 
37051,434719,2014049666,6,67,67301,2014,4,5,2020,20,3,2,1,4,1, , ,N,1,2,0,3,0,1,3,2,N,N,40 06:00.676,75 01:18.249,2025, ,2021, ,0, ,N, ,3, , , , , , , , , ,2,2,0,0,0,0,0,0,0,0,0,1,1,0,0,0,0,0,0,0,0,0,0,0,0,0,0,0,0,0,0,0,0,0,0,4,0,40.1002,-75.0217, , 
37052,434723,2014065567,6,67,67301,2014,5,3,2230,22,3,2,1,1,1, , ,N,0,0,0,3,0,2,3,2,N,N,39 56:18.992,75 13:37.927,1230, ,1222, ,0, ,N, ,0, , , , , , , , , ,2,1,0,0,0,0,1,0,0,0,2,0,2,0,0,0,0,0,0,0,0,0,0,2,0,0,0,0,0,0,0,0,0,0,0,3,0,39.9386,-75.2272, , 
37053,434726,2014067927,6,67,67301,2014,6,5,1613,16,1,1,0,1,1, , ,N,0,2,0,3,0,2,3,2,N, ,40 04:09.655,75 00:25.828,1614, ,1614,1,1,2, , ,3,N, , , , , , , , ,2,1,0,0,0,0,1,0,0,0,0,0,2,2,0,0,0,0,0,0,1,0,0,0,0,0,0,0,0,0,0,0,0,0,0,8,0,40.0693,-75.0072, , 
37054,434729,2014067925,6,67,67301,2014,6,1,850,8,1,1,0,8,1, , ,N,0,0,0,3,0,1,2,2,N, ,39 54:59.398,75 10:09.144,856, ,852, ,0, , , ,0, , , , , , , , , ,1,1,0,0,0,0,0,0,0,0,0,1,1,0,0,0,0,0,0,0,0,0,0,0,0,0,0,0,0,0,0,0,1,0,0,4,0,39.9165,-75.1692, , 
37055,434745,2014084433,6,67,67301,2014,7,3,1620,16,1,1,0,8,1, , ,N,1,2,0,3,0,1,2,2,N, ,39 58:57.266,75 13:50.685,1630, ,1625, ,0, , , ,3, , , , , , , , , ,1,1,0,0,0,0,0,0,0,0,0,1,1,0,0,0,0,0,0,0,0,0,0,0,0,0,0,0,0,0,0,0,1,0,0,4,0,39.9826,-75.2307, , 
37056,434746,2014084444,6,67,67301,2014,7,7,903,9,1,1,0,8,1, , ,N,0,0,0,3,0,1,2,2,N,N,39 58:10.275,75 08:23.755,910, ,905, ,0, ,N, ,0, , , , , , , , , ,1,1,0,0,0,0,0,0,0,0,0,1,1,0,0,0,0,0,0,0,0,0,0,0,0,0,0,0,0,0,0,0,1,0,0,4,0,39.9695,-75.1399, , 
37057,434751,2014088761,6,67,67301,2014,8,7,815,8,1,1,0,5,1, , ,N,1,2,0,3,0,0,2,2,N,N,39 58:07.273,75 14:01.917,838, ,830, ,0, ,N, ,3, , , , , , , , , ,2,2,0,0,0,0,0,0,0,0,0,0,0,0,2,0,0,0,0,0,0,0,0,0,0,0,0,0,0,0,0,0,0,0,0,9,0,39.9687,-75.2339, , 
37058,440158,2014107202,6,67,67301,2014,10,5,1730,17,1,1,0,1,1, , ,N,1,2,0,3,0,0,2,2,N, ,40 00:30.567,75 05:29.407,1732, ,1730,2,1,4, , ,3,N, , , , , , , , ,2,1,0,0,1,0,0,0,0,0,0,0,0,0,1,0,0,0,0,0,0,0,0,0,0,0,0,0,0,0,0,0,0,0,0,9,0,40.0085,-75.0915, , 
37059,440164,2014113465,6,67,67301,2014,10,6,1027,10,1,1,0,4,1, , ,N,2,3,0,3,0,0,4,2,N,N,39 57:37.600,75 14:50.200,1030, ,1030, ,0, ,N, ,3, , , , , , , , , ,2,2,0,0,0,0,0,0,0,0,0,0,0,0,0,0,0,0,0,0,0,0,0,4,0,0,0,0,0,0,0,0,0,0,0,0,0,39.9604,-75.2472, , 
37060,440169,2014068170,6,67,67301,2014,6,1,1737,17,1,1,0,4,1, , ,N,2,3,0,3,0,1,3,2,N,N,40 01:50.613,75 05:25.623,1743, ,1737, ,0, , , ,3, , , , , , , , , ,2,1,1,0,0,0,0,0,0,0,0,1,1,0,0,0,0,0,0,0,0,0,0,0,0,0,0,0,0,0,0,0,0,0,0,4,0,40.0307,-75.0905, , 
37061,440174,2014065563,6,67,67301,2014,5,6,1300,13,1,1,0,4,1, , ,N,1,2,0,3,0,0,3,3,N,N,40 03:08.339,75 00:28.750,1315, ,1305, ,0, ,Y, ,3, , , , , , , , , ,3,2,0,0,1,0,0,0,0,0,0,0,0,0,0,0,0,0,0,0,0,0,0,0,0,0,0,0,0,0,0,0,0,0,0,0,0,40.0523,-75.008, , 
37062,440175,2014065723,6,67,67301,2014,6,7,1328,13,1,1,0,1,1, , ,N,0,0,0,3,0,0,3,2,N,N,40 00:05.884,75 11:41.823,1334, ,1334, ,0, ,N, ,0, , , , , , , , , ,2,1,0,0,1,0,0,0,0,0,0,0,0,0,0,0,0,0,0,0,0,0,0,0,0,0,0,0,0,0,0,0,0,0,0,0,0,40.0016,-75.195, , 
37063,440233,2014084385,6,67,67301,2014,6,1,1425,14,1,1,0,2,1, , ,N,2,0,0,3,0,1,3,2,N, ,39 58:06.884,75 14:51.529,1431, ,1427, ,0, , , ,0, , , , , , , , , ,1,1,0,0,0,0,0,0,1,0,0,1,1,0,2,0,0,0,0,0,0,0,0,0,0,0,0,0,0,0,0,0,0,0,0,4,0,39.9686,-75.2476, , 
37064,440239,2014087753,6,67,67301,2014,7,7,327,3,6,1,0,7,4, , ,N,0,0,0,3,0,1,3,1,N,N,40 02:03.832,75 10:09.937,330, ,328, ,0, ,N, ,0, , , , , , , , , ,1,0,0,0,0,0,1,0,0,0,1,0,1,0,0,0,0,0,0,0,0,0,0,0,0,0,0,0,0,0,0,0,0,0,0,3,0,40.0344,-75.1694, , 
37065,440254,2014104456,6,67,67301,2014,10,1,230,2,3,1,0,5,1, , ,N,0,0,0,3,0,1,3,2,N,N,39 56:52.489,75 09:52.179,244, ,242, ,0, ,N, ,0, , , , , , , , , ,2,1,0,0,0,1,0,0,0,0,0,0,1,1,0,0,0,0,0,0,2,0,0,0,0,0,0,0,0,0,0,0,0,0,0,8,1,39.9479,-75.1645, , 
37066,440255,2014104632,6,67,67301,2014,10,1,9999,99,3,1,0,7,4, , ,N,3,0,2,3,0,0,1,1,N, ,40 00:42.920,75 12:17.697,55, ,53, ,0, , , ,0, , , , , , , , , ,1,1,0,0,0,0,0,0,0,0,0,0,0,0,0,0,0,0,0,0,0,0,0,0,0,0,0,0,0,0,0,0,0,0,0,0,0,40.0119,-75.2049, , 
37067,440261,2014107199,6,67,67301,2014,10,4,9999,99,1,1,0,1,1, , ,N,0,0,0,3,0,1,2,2,N,N,40 04:56.939,74 58:01.337,9999, ,9999, ,0, ,Y, ,0, , , , , , , , , ,2,1,0,0,0,0,0,0,0,0,0,1,1,0,0,0,0,0,0,0,1,0,0,0,0,0,0,0,0,0,0,0,0,0,0,4,0,40.0825,-74.967, , 
37068,440277,2014087799,6,67,67301,2014,8,3,359,3,3,1,0,4,1, , ,N,1,3,0,3,0,1,3,2,N,N,40 01:52.664,75 03:58.343,409, ,359,1,1,7,N, ,3,Y, , , , , , , , ,2,2,0,0,0,0,0,0,0,0,0,0,1,1,1,0,0,0,0,0,0,0,0,0,0,0,0,0,0,0,0,0,0,0,0,8,0,40.0313,-75.0662, , 
37069,440278,2014088403,6,67,67301,2014,8,5,902,9,1,1,0,4,1, , ,N,1,3,0,3,0,1,2,2,N,N,39 57:20.206,75 08:33.025,910, ,903, ,0, ,N, ,3, , , , , , , , , ,2,1,1,0,0,0,0,0,0,1,0,0,1,0,0,0,0,0,0,0,0,0,0,0,0,0,0,0,0,1,0,0,0,0,0,2,0,39.9556,-75.1425, , 
37070,440280,2014089619,6,67,67301,2014,9,6,739,7,1,1,0,4,1, , ,N,1,3,0,3,0,1,10,2,Y,N,39 57:36.982,75 12:13.409,848, ,741,3,1,1,N, ,3,Y, , , , , , , , ,2,1,0,1,0,0,0,0,0,0,0,0,1,1,0,0,0,0,0,0,1,0,1,0,0,0,0,0,0,0,0,0,0,0,0,8,1,39.9603,-75.2037, , 
37071,440281,2014089719,6,67,67301,2014,7,3,1050,10,1,1,0,1,1, , ,N,5,2,0,3,0,2,6,4,N,N,40 00:11.393,75 09:08.837,1055, ,1050,2,1,1,N, ,3,N, , , , , , , , ,4,1,0,0,1,0,0,0,0,0,0,0,2,2,0,0,0,0,0,0,2,0,0,0,0,0,0,0,0,0,0,0,0,0,0,8,0,40.0032,-75.1525, , 
37072,440290,2014095980,6,67,67301,2014,9,4,2010,20,3,1,0,4,1, , ,N,1,3,0,3,0,1,2,2,N,N,40 00:07.027,75 08:24.226,9999, ,2015, ,0, ,N, ,3, , , , , , , , , ,1,1,0,0,0,0,0,0,1,0,0,0,1,1,0,0,0,0,0,0,0,0,0,0,0,0,0,0,0,0,0,0,0,0,0,8,0,40.002,-75.1401, , 
37073,440292,2014098686,6,67,67301,2014,9,1,2145,21,3,1,0,1,1, , ,N,0,0,0,3,0,1,2,2,N,N,40 02:10.986,75 03:57.601,2145, ,2145,1,1,2,N, ,0,N, , , , , , , , ,2,1,0,0,0,0,1,0,0,0,0,1,1,0,0,0,0,0,0,0,1,0,0,0,0,0,0,0,0,0,0,0,0,0,0,4,0,40.0364,-75.066, , 
37074,440300,2014114962,6,67,67301,2014,1,5,1130,11,1,1,0,5,1, , ,N,0,0,0,3,0,1,2,2,N,N,40 00:46.661,75 07:08.069,0, ,0, ,0, ,N, ,0, , , , , , , , , ,2,0,0,0,0,0,1,0,0,0,0,0,1,1,0,0,0,0,0,0,1,0,0,0,0,0,0,0,0,0,0,0,0,0,0,8,0,40.013,-75.1189, , 
37075,440304,2014122475,6,67,67301,2014,11,7,1506,15,1,1,0,8,1, , ,N,0,0,0,3,0,1,2,2,N,N,40 03:29.731,75 03:11.508,1523, ,1520, ,0, ,N, ,0, , , , , , , , , ,1,1,0,0,0,0,0,0,0,0,0,1,1,0,0,0,0,0,0,0,0,0,0,0,0,0,0,0,0,0,0,0,1,0,0,4,0,40.0583,-75.0532, , 
37076,437815,2014084367,6,67,67301,2014,7,6,120,1,3,1,1,5,1, , ,N,0,0,0,3,0,2,3,2,N,N,40 00:19.617,75 06:25.750,209, ,207, ,0, ,N, ,0, , , , , , , , , ,2,2,0,0,0,0,0,0,0,0,0,2,2,0,0,0,0,1,0,0,0,0,0,0,0,0,0,0,0,0,0,0,0,0,0,4,0,40.0054,-75.1072, , 
37077,437818,2014091388,6,67,67301,2014,8,5,913,9,1,1,0,1,1, , ,N,1,2,0,3,0,1,2,2,N, ,40 02:13.977,75 03:46.522,924, ,917,9,1,2, , ,3,N, , , , , , , , ,2,2,0,0,0,0,0,0,0,0,0,0,1,1,0,0,0,0,0,0,0,0,1,0,0,0,0,0,0,0,0,0,0,0,0,8,0,40.0372,-75.0629, , 
37078,437822,2014093243,6,67,67301,2014,8,6,47,0,3,1,0,7,4, , ,N,0,0,0,3,0,1,1,1,N,N,40 00:19.758,75 11:48.570,111, ,49,4,2,4,Y, ,0,Y, , , , , , , , ,1,0,0,0,0,1,0,0,0,0,0,0,1,1,0,0,0,0,0,0,0,0,0,0,0,0,0,0,0,0,0,0,0,0,0,8,1,40.0055,-75.1968, , 
37079,437829,2014096853,6,67,67301,2014,9,5,1300,13,1,1,0,8,1, , ,N,1,0,0,3,0,1,2,2,N, ,39 59:21.634,75 09:19.704,1307, ,1306, ,0, , , ,0, , , , , , , , , ,1,1,0,0,0,0,0,0,0,0,0,1,1,0,0,0,0,0,0,0,1,0,0,0,0,0,0,0,0,0,0,0,1,0,0,4,0,39.9893,-75.1555, , 
37080,437834,2014098712,6,67,67301,2014,9,5,1821,18,4,1,0,4,1, , ,N,1,3,0,3,0,1,2,2,N, ,40 02:26.901,75 04:22.717,1848, ,1846, ,0, , , ,3, , , , , , , , , ,1,1,0,0,0,0,0,0,1,0,0,1,1,0,0,0,0,0,0,0,0,0,0,0,0,0,0,0,0,0,0,0,0,0,0,4,0,40.0408,-75.073, , 
37081,437837,2014106793,6,67,67301,2014,10,1,1621,16,1,1,0,4,1, , ,N,1,2,0,3,0,1,3,2,N,N,39 58:22.052,75 12:58.705,1709, ,1646, ,0, ,N, ,3, , , , , , , , , ,2,1,0,0,0,0,0,1,0,0,0,1,1,0,0,0,0,0,0,0,2,0,0,3,0,0,0,0,0,0,0,0,0,0,0,4,0,39.9728,-75.2163, , 
37082,437852,2014054597,6,67,67301,2014,4,7,1630,16,1,1,0,7,5, , ,N,0,0,0,3,0,0,1,1,N,N,39 59:13.673,75 13:20.923,1645, ,1636,1,1,2, , ,0,N, , , , , , , , ,1,1,0,0,0,0,0,0,0,0,0,0,0,0,0,0,0,0,0,0,1,0,0,0,0,0,0,0,0,0,0,0,0,0,0,0,0,39.9871,-75.2225, , 
37083,437856,2014063226,6,67,67301,2014,6,3,500,5,3,1,0,4,1, , ,N,1,2,0,3,0,2,2,2,N,N,40 03:25.655,75 07:44.297,529, ,524,2,1,4,N, ,3,N, , , , , , , , ,2,2,0,0,0,0,0,0,0,0,0,0,2,2,0,0,0,0,0,0,0,0,0,0,0,0,0,0,0,0,0,0,0,0,0,8,0,40.0571,-75.1291, , 
37084,437880,2014088662,6,67,67301,2014,8,5,1640,16,1,1,0,1,1, , ,N,1,0,0,3,0,2,4,3,N, ,39 57:24.012,75 11:52.849,1642, ,1640,1,1,4, , ,0,N, , , , , , , , ,3,2,0,0,0,0,1,0,0,0,0,2,2,0,0,0,0,0,0,0,0,1,0,0,0,0,0,0,0,0,0,0,0,0,0,4,0,39.9566,-75.198, , 
37085,437891,2014104485,6,67,67301,2014,10,1,610,6,1,1,0,1,1, , ,N,0,0,0,3,0,1,3,2,N,N,40 04:18.205,75 02:16.290,630, ,615, ,0, ,N, ,0, , , , , , , , , ,2,1,0,0,0,0,1,0,0,0,0,1,1,0,0,0,0,0,0,0,1,0,0,0,0,0,0,0,0,0,0,0,0,0,0,4,0,40.0717,-75.0379, , 
37086,437897,2014110429,6,67,67301,2014,10,2,1948,19,3,1,0,4,1, , ,N,1,2,0,3,0,3,4,2,N,N,40 05:18.096,75 02:38.680,1953, ,1949, ,0, , , ,3, , , , , , , , , ,2,1,0,0,0,0,0,1,0,0,0,3,3,0,0,0,0,0,1,0,0,0,0,0,0,0,0,0,0,0,0,0,0,0,0,4,0,40.0884,-75.044, , 