objectid_1,objectid,crn,district,county,municipality,crash_year,crash_month,day_of_week,time_of_day,hour_of_day,illumination,weather,road_condition,collision_type,relation_to_road,work_zone_type,work_zone_loc,work_zone_ind,intersect_type,tcd_type,location_type,urban_rural,fatal_count,injury_count,person_count,total_units,sch_bus_ind,sch_zone_ind,latitude,longitude,arrival_tm,cons_zone_spd_lim,dispatch_tm,est_hrs_closed,lane_closed,ln_close_dir,ntfy_hiwy_maint,spec_juris_cd,tcd_func_cd,tfc_detour_ind,workers_pres,wz_close_detour,wz_flagger,wz_law_offcr_ind,wz_ln_closure,wz_moving,wz_other,wz_shlder_mdn,vehicle_count,automobile_count,motorcycle_count,bus_count,small_truck_count,heavy_truck_count,suv_count,van_count,bicycle_count,maj_inj_count,mod_inj_count,min_inj_count,tot_inj_count,unk_inj_deg_count,unk_inj_per_count,driver_count_16yr,driver_count_17yr,driver_count_18yr,driver_count_19yr,driver_count_20yr,driver_count_50_64yr,driver_count_65_74yr,driver_count_75plus,unbelted_occ_count,unb_death_count,unb_maj_inj_count,belted_death_count,belted_maj_inj_count,mcycle_death_count,mcycle_maj_inj_count,bicycle_death_count,bicycle_maj_inj_count,ped_count,ped_death_count,ped_maj_inj_count,max_severity_level,comm_veh_count,dec_lat,dec_long,rdwy_surf_type_cd,county_name
37155,438046,2014013595,6,67,67301,2014,1,4,1058,10,1,1,0,1,1, , ,N,0,2,0,3,0,2,2,2,N,N,40 01:48.075,75 06:14.396,1113, ,1059,1,1,2,N, ,3,N, , , , , , , , ,2,2,0,0,0,0,0,0,0,0,0,2,2,0,0,0,0,0,0,0,1,0,0,0,0,0,0,0,0,0,0,0,0,0,0,4,0,40.03,-75.104, , 
37156,438054,2014059093,6,67,67301,2014,5,1,700,7,1,1,0,4,1, , ,N,2,3,0,3,0,1,2,2,N,N,40 02:33.388,75 11:08.116,710, ,706,1,2,6,N, ,3,Y, , , , , , , , ,2,2,0,0,0,0,0,0,0,0,0,1,1,0,0,0,0,0,0,0,0,0,0,2,0,0,0,0,0,0,0,0,0,0,0,4,0,40.0426,-75.1856, , 
37157,438064,2014069444,6,67,67301,2014,6,2,9999,99,1,1,0,4,1, , ,N,0,0,7,3,0,2,4,2,N, ,39 58:31.053,75 11:11.880,9999, ,1736, ,0, , , ,0, , , , , , , , , ,2,2,0,0,0,0,0,0,0,0,0,0,2,2,0,0,0,0,0,1,0,0,0,0,0,0,0,0,0,0,0,0,0,0,0,8,0,39.9753,-75.1866, , 
37158,438075,2014078863,6,67,67301,2014,6,5,1030,10,1,1,0,2,1, , ,N,0,0,0,3,0,1,1,2,N,N,40 01:22.980,75 08:55.790,1225, ,1210, ,0, ,N, ,0, , , , , , , , , ,2,1,0,0,0,0,1,0,0,0,0,0,1,1,0,0,0,0,0,0,0,0,0,0,0,0,0,0,0,0,0,0,0,0,0,8,0,40.0231,-75.1488, , 
37159,438086,2014087840,6,67,67301,2014,7,2,1255,12,1,1,0,4,1, , ,N,1,2,0,3,0,1,2,2,N, ,39 56:29.216,75 14:06.241,1310, ,1304, ,0, , , ,3, , , , , , , , , ,2,1,0,0,0,0,1,0,0,0,0,1,1,0,0,0,0,0,0,0,1,0,0,0,0,0,0,0,0,0,0,0,0,0,0,4,0,39.9415,-75.235, , 
37160,438087,2014087925,6,67,67301,2014,8,7,2031,20,3,1,0,8,1, , ,N,1,2,0,3,0,1,2,2,N, ,40 03:16.371,75 02:34.159,2043, ,2037, ,0, , , ,3, , , , , , , , , ,1,1,0,0,0,0,0,0,0,0,1,0,1,0,0,0,0,0,0,0,1,0,0,0,0,0,0,0,0,0,0,0,1,0,0,3,0,40.0545,-75.0428, , 
37161,438088,2014088859,6,67,67301,2014,8,4,745,7,1,1,0,4,1, , ,N,1,2,0,3,0,0,2,3,N, ,39 58:12.478,75 07:49.489,810, ,803, ,0, , , ,3, , , , , , , , , ,3,3,0,0,0,0,0,0,0,0,0,0,0,0,0,0,0,0,0,0,0,0,0,0,0,0,0,0,0,0,0,0,0,0,0,0,0,39.9701,-75.1304, , 
37162,438089,2014067930,6,67,67301,2014,5,6,1330,13,1,1,0,8,1, , ,N,1,2,0,3,0,1,2,2,N,N,40 03:10.198,75 09:10.288,2000, ,2000, ,0, ,N, ,3, , , , , , , , , ,1,1,0,0,0,0,0,0,0,0,0,0,1,1,1,0,0,0,0,0,0,0,0,0,0,0,0,0,0,0,0,0,1,0,0,8,0,40.0528,-75.1529, , 
37163,438104,2014067537,6,67,67301,2014,6,6,1715,17,1,2,1,8,1, , ,N,2,3,0,3,0,1,2,2,N,N,40 02:17.700,75 08:40.600,1720, ,1715, ,0, ,N, ,3, , , , , , , , , ,1,1,0,0,0,0,0,0,0,0,0,1,1,0,0,0,0,0,0,0,0,0,1,0,0,0,0,0,0,0,0,0,1,0,0,4,0,40.0383,-75.1446, , 
37164,438121,2014078891,6,67,67301,2014,6,1,1130,11,1,1,0,4,1, , ,N,1,3,0,3,0,2,3,2,N,N,40 03:14.828,75 08:43.990,1150, ,1146, ,0, ,N, ,3, , , , , , , , , ,2,1,0,0,0,0,1,0,0,0,1,0,2,1,0,0,0,0,0,0,0,0,0,0,0,0,0,0,0,0,0,0,0,0,0,3,0,40.0541,-75.1456, , 
37165,438139,2014060625,6,67,67301,2014,6,5,1346,13,1,1,1,1,1, , ,N,0,0,0,3,0,1,2,2,N,N,39 59:53.638,75 11:45.288,1358, ,1348, ,0, ,N, ,0, , , , , , , , , ,2,1,0,0,1,0,0,0,0,0,0,0,1,1,0,0,0,0,0,0,1,0,0,0,0,0,0,0,0,0,0,0,0,0,0,8,0,39.9982,-75.1959, , 
37166,438140,2014061071,6,67,67301,2014,5,7,2030,20,3,2,1,5,1, , ,N,0,0,0,3,0,1,3,2,N,N,39 54:22.875,75 14:07.208,2037, ,2031, ,0, ,N, ,0, , , , , , , , , ,2,0,0,0,0,0,2,0,0,0,0,0,1,1,1,0,0,0,0,0,0,1,0,0,0,0,0,0,0,0,0,0,0,0,0,8,0,39.9064,-75.2353, , 
37167,431855,2014085477,6,67,67301,2014,8,1,210,2,3,1,0,7,2, , ,N,0,0,0,3,0,1,2,1,N,N,39 55:54.757,75 11:59.799,216, ,213,2,2,3,N, ,0,N, , , , , , , , ,1,0,0,0,0,0,1,0,0,0,0,1,1,0,0,0,0,0,0,0,0,0,0,0,0,0,0,0,0,0,0,0,0,0,0,4,0,39.9319,-75.1999, , 
37168,431859,2014088885,6,67,67301,2014,8,7,2015,20,3,1,0,4,1, , ,N,2,3,0,3,0,1,5,2,N,N,40 03:32.950,74 59:38.770,9999, ,9999, ,0, ,N, ,3, , , , , , , , , ,2,2,0,0,0,0,0,0,0,0,0,1,1,0,0,0,0,0,0,0,0,0,0,0,0,0,0,0,0,0,0,0,0,0,0,4,0,40.0592,-74.9941, , 
37169,431877,2014051841,6,67,67301,2014,5,4,1900,19,1,1,0,5,1, , ,N,0,0,0,3,0,0,5,4,N,N,39 58:45.968,75 06:29.518,1908, ,1902,1,1,2,N, ,0,N, , , , , , , , ,4,3,0,0,0,1,0,0,0,0,0,0,0,0,0,0,0,0,0,0,1,0,0,0,0,0,0,0,0,0,0,0,0,0,0,0,1,39.9794,-75.1082, , 
37170,431905,2014042708,6,67,67301,2014,3,1,2110,21,3,2,1,7,4, , ,N,0,0,0,3,0,0,3,1,N,N,39 59:40.560,75 07:26.004,2112, ,2110, ,0, , , ,0, , , , , , , , , ,1,1,0,0,0,0,0,0,0,0,0,0,0,0,0,0,0,0,0,0,0,0,0,3,0,0,0,0,0,0,0,0,0,0,0,0,0,39.9946,-75.1239, , 
37171,431946,2014025412,6,67,67301,2014,1,5,1707,17,3,1,0,2,1, , ,N,2,0,0,3,0,1,2,2,N,N,40 02:24.727,75 05:57.512,1733, ,1728, ,0, , , ,0, , , , , , , , , ,2,2,0,0,0,0,0,0,0,0,0,0,1,1,0,0,0,0,0,0,0,0,0,0,0,0,0,0,0,0,0,0,0,0,0,8,0,40.0402,-75.0993, , 
37172,431978,2014059349,6,67,67301,2014,4,5,1721,17,1,1,0,1,1, , ,N,0,0,0,3,0,1,3,3,N,N,40 06:45.469,74 59:13.188,1806, ,1800, ,0, ,N, ,0, , , , , , , , , ,3,1,0,0,0,0,2,0,0,0,0,1,1,0,0,0,0,0,0,0,1,1,0,0,0,0,0,0,0,0,0,0,0,0,0,4,0,40.1126,-74.987, , 
37173,432005,2014084333,6,67,67301,2014,7,4,1610,16,1,1,0,8,1, , ,N,1,3,0,3,0,1,2,2,N,N,39 59:13.272,75 08:13.617,1615, ,1615, ,0, ,N, ,3, , , , , , , , , ,1,0,0,0,0,0,0,1,0,0,0,1,1,0,0,0,0,0,0,0,0,1,0,0,0,0,0,0,0,0,0,0,1,0,0,4,0,39.987,-75.1371, , 
37174,432012,2014091446,6,67,67301,2014,8,6,1609,16,1,1,0,4,1, , ,N,0,0,7,3,0,1,2,2,N,N,39 55:11.737,75 12:45.379,1655, ,1651, ,0, ,N, ,0, , , , , , , , , ,2,0,0,0,1,1,0,0,0,0,0,1,1,0,0,0,0,0,0,0,1,0,0,0,0,0,0,0,0,0,0,0,0,0,0,4,1,39.9199,-75.2126, , 
37175,432018,2014098653,6,67,67301,2014,8,5,1025,10,1,1,0,8,1, , ,N,1,2,0,3,0,2,3,3,N,N,40 01:30.643,75 02:40.998,1035, ,1029, ,0, , , ,3, , , , , , , , , ,1,0,0,0,0,0,1,0,0,0,0,0,2,2,0,0,0,0,0,0,0,1,0,0,0,0,0,0,0,0,0,0,2,0,0,8,0,40.0252,-75.0447, , 
37176,432033,2014016140,6,67,67301,2014,1,6,800,8,1,3,5,1,1, , ,N,1,3,0,3,0,1,12,2,Y,N,39 59:26.131,75 09:11.051,845, ,833, ,0, , , ,3, , , , , , , , , ,2,1,0,1,0,0,0,0,0,0,0,1,1,0,0,0,0,0,0,0,0,0,0,0,0,0,0,0,0,0,0,0,0,0,0,4,1,39.9906,-75.1531, , 
37177,432050,2014038880,6,67,67301,2014,3,6,1830,18,3,1,0,1,1, , ,N,0,2,0,3,0,0,3,3,N,N,40 02:41.251,75 11:34.821,1830, ,1830,9,1,1,N, ,3,N, , , , , , , , ,3,2,0,0,0,0,1,0,0,0,0,0,0,0,0,0,0,0,0,0,2,0,0,0,0,0,0,0,0,0,0,0,0,0,0,0,0,40.0448,-75.193, , 
37178,432067,2014053748,6,67,67301,2014,5,5,730,7,1,2,1,8,1, , ,N,1,2,0,3,0,1,5,2,N,N,40 01:48.733,75 07:06.450,744, ,737, ,0, ,N, ,3, , , , , , , , , ,1,1,0,0,0,0,0,0,0,0,0,1,1,0,0,0,0,0,0,0,0,0,0,0,0,0,0,0,0,0,0,0,1,0,0,4,0,40.0302,-75.1185, , 
37179,432068,2014054602,6,67,67301,2014,4,4,854,8,1,2,1,4,1, , ,N,1,0,0,3,0,1,1,3,N,N,40 02:42.082,75 05:39.051,859, ,857, ,0, ,N, ,0, , , , , , , , , ,3,2,0,0,0,0,1,0,0,0,0,1,1,0,0,0,0,0,0,0,1,0,0,0,0,0,0,0,0,0,0,0,0,0,0,4,0,40.045,-75.0942, , 
37180,432071,2014059097,6,67,67301,2014,5,5,1052,10,1,1,0,4,1, , ,N,1,2,0,3,0,1,5,2,N,N,40 02:16.788,75 04:04.754,1116, ,1113, ,0, , , ,3, , , , , , , , , ,2,2,0,0,0,0,0,0,0,0,0,1,1,0,0,0,0,0,0,0,1,0,0,0,0,0,0,0,0,0,0,0,0,0,0,4,0,40.038,-75.068, , 
37181,432074,2014087734,6,67,67301,2014,8,1,2130,21,3,1,0,4,1, , ,N,0,0,0,3,0,0,2,2,N,N,40 00:19.185,75 10:54.679,2136, ,2133, ,0, , , ,0, , , , , , , , , ,2,2,0,0,0,0,0,0,0,0,0,0,0,0,0,0,0,0,0,0,1,0,0,0,0,0,0,0,0,0,0,0,0,0,0,0,0,40.0053,-75.1819, , 
37182,432076,2014088696,6,67,67301,2014,8,2,1830,18,1,1,0,5,6, , ,N,0,0,0,3,0,1,1,4,N, ,39 57:49.110,75 13:42.100,9999, ,9999, ,0, , , ,0, , , , , , , , , ,4,2,0,0,0,0,2,0,0,0,0,0,1,1,0,0,0,0,0,0,0,1,0,0,0,0,0,0,0,0,0,0,0,0,0,8,0,39.9636,-75.2284, , 
37183,432092,2014106715,6,67,67301,2014,10,2,1457,14,1,2,1,8,1, , ,N,1,2,0,3,0,1,2,2,N,N,40 00:51.106,75 11:30.611,1522, ,1457, ,0, ,N, ,3, , , , , , , , , ,1,1,0,0,0,0,0,0,0,1,0,0,1,0,0,0,0,0,0,0,0,0,0,0,0,0,0,0,0,0,0,0,1,0,1,2,0,40.0142,-75.1918, , 
37184,432104,2014122598,6,67,67301,2014,12,2,935,9,1,1,0,1,1,1,4,Y,0,0,0,3,0,0,3,2,N,N,40 01:16.963,75 02:27.626,1002,45,937, ,0, ,N, ,0, ,Y,N,N,N,N,N,Y,N,2,1,0,0,0,0,1,0,0,0,0,0,0,0,0,0,0,0,0,0,0,1,0,0,0,0,0,0,0,0,0,0,0,0,0,0,0,40.0214,-75.041, , 
37185,434959,2014115645,6,67,67301,2014,11,1,650,6,1,1,0,0,1, , ,N,0,0,0,3,0,2,2,1,N, ,40 00:43.181,75 08:50.187,710, ,700, ,0, , , ,0, , , , , , , , , ,1,1,0,0,0,0,0,0,0,0,0,0,2,2,0,0,0,0,0,0,0,0,0,0,0,0,0,0,0,0,0,0,0,0,0,8,0,40.012,-75.1473, , 
37186,434966,2014049702,6,67,67301,2014,4,1,9999,99,1,1,0,8,1, , ,N,0,0,0,3,0,1,2,2,N, ,40 00:59.860,75 04:36.735,1310, ,1304, ,0, , , ,0, , , , , , , , , ,1,1,0,0,0,0,0,0,0,0,0,0,1,1,0,0,0,0,0,0,1,0,0,0,0,0,0,0,0,0,0,0,1,0,0,8,0,40.0166,-75.0769, , 
37187,434974,2014074719,6,67,67301,2014,7,1,614,6,1,1,0,0,3, , ,N,0,0,0,3,0,0,1,1,N,N,40 00:43.603,75 03:34.656,618, ,618, ,0, ,N, ,0, , , , , , , , , ,1,0,0,0,0,0,1,0,0,0,0,0,0,0,0,0,0,0,0,0,0,0,0,0,0,0,0,0,0,0,0,0,0,0,0,0,0,40.0121,-75.0596, , 
37188,434990,2014087986,6,67,67301,2014,7,7,1720,17,1,1,0,1,1, , ,N,1,2,0,3,0,0,8,3,N,N,40 02:06.731,75 08:43.670,1727, ,1724, ,0, ,N, ,3, , , , , , , , , ,3,2,0,0,0,0,1,0,0,0,0,0,0,0,0,0,0,0,0,0,2,0,0,0,0,0,0,0,0,0,0,0,0,0,0,0,0,40.0352,-75.1455, , 
37189,434991,2014088000,6,67,67301,2014,8,7,2335,23,3,1,0,5,6, , ,N,0,0,0,3,0,0,2,3,N,N,40 00:48.924,75 08:29.461,2337, ,2337, ,0, ,N, ,0, , , , , , , , , ,3,2,0,0,0,0,0,1,0,0,0,0,0,0,0,0,0,0,0,1,0,0,0,0,0,0,0,0,0,0,0,0,0,0,0,0,0,40.0136,-75.1415, , 
37190,434992,2014088412,6,67,67301,2014,7,2,1501,15,1,1,0,4,1, , ,N,1,2,0,3,0,2,2,2,N,N,40 03:45.318,75 10:14.844,1710, ,1549,2,2,7,N, ,3,Y, , , , , , , , ,2,1,0,0,0,0,1,0,0,0,0,2,2,0,0,0,0,0,0,0,0,0,0,0,0,0,0,0,0,0,0,0,0,0,0,4,0,40.0626,-75.1708, , 
37191,434993,2014088681,6,67,67301,2014,8,5,1050,10,1,1,0,4,1, , ,N,1,2,0,3,0,1,2,2,N,N,40 01:37.420,75 02:27.884,1102, ,1057, ,0, ,N, ,3, , , , , , , , , ,2,0,0,0,0,0,2,0,0,0,0,1,1,0,1,0,0,0,0,0,0,0,0,0,0,0,0,0,0,0,0,0,0,0,0,4,0,40.0271,-75.0411, , 
37192,435003,2014106654,6,67,67301,2014,10,3,1840,18,3,1,0,4,1, , ,N,1,3,0,3,0,1,5,2,N,N,40 03:40.060,75 09:42.454,1858, ,1848, ,0, , , ,3, , , , , , , , , ,2,1,0,0,0,0,1,0,0,0,1,0,1,0,3,0,0,0,0,0,1,0,0,0,0,0,0,0,0,0,0,0,0,0,0,3,0,40.0611,-75.1618, , 
37193,435010,2014059090,6,67,67301,2014,4,4,1505,15,1,2,1,4,1, , ,N,1,3,0,3,0,3,4,3,N, ,39 57:22.935,75 12:52.250,1510, ,1510, ,0, , , ,3, , , , , , , , , ,3,3,0,0,0,0,0,0,0,0,0,3,3,0,0,0,0,0,0,0,1,0,0,0,0,0,0,0,0,0,0,0,0,0,0,4,0,39.9564,-75.2145, , 
37194,435026,2014078816,6,67,67301,2014,6,6,2048,20,3,1,0,5,6, , ,N,0,0,0,3,0,0,1,2,N,N,40 04:41.941,75 02:14.816,2050, ,2048, ,0, , , ,0, , , , , , , , , ,2,1,0,0,0,0,1,0,0,0,0,0,0,0,1,0,0,0,0,0,1,0,0,0,0,0,0,0,0,0,0,0,0,0,0,9,0,40.0783,-75.0374, , 
37195,435032,2014083086,6,67,67301,2014,6,5,2120,21,3,1,0,2,6, , ,N,0,0,0,3,0,1,1,2,N,N,39 59:50.395,75 10:02.141,2215, ,2200, ,0, ,N, ,0, , , , , , , , , ,2,1,0,0,0,0,1,0,0,0,0,0,1,1,0,0,0,0,0,0,0,1,0,0,0,0,0,0,0,0,0,0,0,0,0,8,0,39.9973,-75.1673, , 
37196,435034,2014087940,6,67,67301,2014,8,6,1353,13,1,1,0,4,1, , ,N,0,0,0,3,0,1,2,2,N,N,39 59:13.576,75 10:27.685,1356, ,1353,1,1,2,N, ,0,N, , , , , , , , ,1,1,0,0,0,0,0,0,1,0,0,1,1,0,0,0,0,0,0,0,1,0,0,0,0,0,0,0,0,0,0,0,0,0,0,4,0,39.9871,-75.1744, , 
37197,435037,2014091391,6,67,67301,2014,8,6,1747,17,1,1,0,1,1, , ,N,0,0,0,3,0,0,4,3,N, ,39 59:05.883,75 06:47.261,1835, ,1829, ,0, , , ,0, , , , , , , , , ,3,1,0,0,0,0,2,0,0,0,0,0,0,0,0,0,0,0,0,0,1,0,0,0,0,0,0,0,0,0,0,0,0,0,0,0,0,39.985,-75.1131, , 
37198,435045,2014099203,6,67,67301,2014,9,6,614,6,1,1,0,8,1, , ,N,1,2,0,3,0,1,2,2,N,N,40 00:05.763,75 09:10.529,635, ,629,1,1,2, , ,3,N, , , , , , , , ,1,1,0,0,0,0,0,0,0,0,1,0,1,0,0,0,0,0,0,0,0,0,0,0,0,0,0,0,0,0,0,0,1,0,0,3,0,40.0016,-75.1528, , 
37199,435051,2014104394,6,67,67301,2014,10,2,1250,12,1,1,0,1,1, , ,N,0,0,0,3,0,2,3,2,N,N,39 58:21.689,75 09:32.763,1306, ,1304,1,1,1,N, ,0,N, , , , , , , , ,2,1,0,0,0,0,0,1,0,0,0,2,2,0,0,0,0,0,0,0,0,0,0,0,0,0,0,0,0,0,0,0,0,0,0,4,0,39.9727,-75.1591, , 
37200,435064,2014016177,6,67,67301,2014,1,2,9999,99,1,1,0,4,1, , ,N,1,2,0,3,0,0,4,2,N, ,40 00:39.718,75 06:15.004,1210, ,1200, ,0, , , ,3, , , , , , , , , ,2,1,0,0,0,0,0,1,0,0,0,0,0,0,0,0,0,0,0,0,1,0,0,0,0,0,0,0,0,0,0,0,0,0,0,0,0,40.011,-75.1042, , 
37201,435067,2014065166,6,67,67301,2014,6,7,1428,14,1,1,0,1,1, , ,N,7,4,2,3,0,1,3,2,N,N,39 54:39.103,75 08:56.529,1513, ,1430, ,0, ,N, ,3, , , , , , , , , ,2,0,0,0,0,0,2,0,0,0,0,0,1,1,0,0,0,0,0,0,1,0,0,0,0,0,0,0,0,0,0,0,0,0,0,8,0,39.9109,-75.149, , 
37202,435082,2014084440,6,67,67301,2014,7,2,40,0,3,1,0,5,6, , ,N,0,0,0,3,0,1,1,3,N,N,40 02:31.238,75 13:33.184,40, ,31, ,0, ,N, ,0, , , , , , , , , ,3,3,0,0,0,0,0,0,0,0,1,0,1,0,0,0,0,0,0,0,1,0,0,0,0,0,0,0,0,0,0,0,0,0,0,3,0,40.042,-75.2259, , 
37203,435088,2014088838,6,67,67301,2014,8,2,1446,14,1,1,0,4,1, , ,N,1,3,0,3,0,2,4,4,N,N,40 01:39.979,75 07:49.699,9999, ,1447, ,0, ,N, ,3, , , , , , , , , ,4,2,0,0,0,0,1,1,0,0,1,1,2,0,1,0,0,0,0,0,0,0,0,0,0,0,0,0,0,0,0,0,0,0,0,3,0,40.0278,-75.1305, , 
37204,440531,2014093556,6,67,67301,2014,9,7,1230,12,1,1,0,8,1, , ,N,0,0,0,3,0,1,2,2,N,N,39 59:50.043,75 08:01.015,1230, ,1230, ,0, ,N, ,0, , , , , , , , , ,1,0,0,0,0,0,0,1,0,0,0,1,1,0,0,0,0,0,0,0,0,0,0,0,0,0,0,0,0,0,0,0,1,0,0,4,0,39.9972,-75.1336, , 
37205,440556,2014070980,6,67,67301,2014,7,4,305,3,3,1,0,7,2, , ,N,3,0,2,3,0,1,1,1,N,N,39 58:22.086,75 07:15.374,321, ,306,1,2,1,N, ,0,N, , , , , , , , ,1,1,0,0,0,0,0,0,0,0,0,1,1,0,0,0,0,0,0,0,0,0,0,0,0,0,0,0,0,0,0,0,0,0,0,4,0,39.9709,-75.1236, , 
37206,440560,2014087720,6,67,67301,2014,8,2,1430,14,1,1,0,6,1, , ,N,0,0,0,3,0,2,2,2,N,N,40 01:54.578,75 12:27.705,1438, ,1430, ,0, ,N, ,0, , , , , , , , , ,2,1,0,0,0,0,0,1,0,0,0,2,2,0,0,0,0,0,0,0,0,1,0,0,0,0,0,0,0,0,0,0,0,0,0,4,0,40.0318,-75.2077, , 
37207,440562,2014088948,6,67,67301,2014,7,5,1615,16,1,1,0,5,1, , ,N,3,2,0,3,0,1,2,2,N,N,40 01:47.170,75 06:16.717,2045, ,2045, ,0, ,N, ,3, , , , , , , , , ,2,2,0,0,0,0,0,0,0,0,0,0,1,1,0,0,0,0,0,0,0,0,0,0,0,0,0,0,0,0,0,0,0,0,0,8,0,40.0298,-75.1046, , 
37208,440563,2014088999,6,67,67301,2014,8,7,2329,23,3,1,0,8,1, , ,N,1,3,0,3,0,1,2,2,N,N,40 03:11.016,75 09:05.551,2350, ,2344, ,0, ,N, ,3, , , , , , , , , ,1,0,0,0,0,0,0,0,0,0,0,1,1,0,0,0,0,0,0,0,0,0,0,0,0,0,0,0,0,0,0,0,1,0,0,4,0,40.0531,-75.1515, , 
37209,440565,2014089759,6,67,67301,2014,7,5,1220,12,1,1,0,1,1, , ,N,1,2,0,3,0,0,4,3,N,N,39 57:28.635,75 14:00.646,1230, ,1230, ,0, ,N, ,3, , , , , , , , , ,3,2,0,0,0,0,1,0,0,0,0,0,0,0,0,0,0,0,0,0,1,0,0,0,0,0,0,0,0,0,0,0,0,0,0,0,0,39.958,-75.2335, , 
37210,440570,2014093499,6,67,67301,2014,9,3,2000,20,3,1,0,8,1, , ,N,0,0,0,3,0,1,2,2,N,N,40 02:09.157,75 04:50.862,2008, ,2006, ,0, ,N, ,0, , , , , , , , , ,1,0,0,0,0,0,1,0,0,0,0,0,1,1,0,0,0,0,0,0,1,0,0,0,0,0,0,0,0,0,0,0,1,0,0,8,0,40.0359,-75.0808, , 
37211,440583,2014113455,6,67,67301,2014,10,4,925,9,1,2,1,4,1, , ,N,1,3,2,3,0,0,2,2,N,N,39 59:11.983,75 12:29.919,940, ,926,1,1,3,N, ,3,N, , , , , , , , ,2,1,0,0,0,0,0,1,0,0,0,0,0,0,0,0,0,0,0,0,1,0,0,0,0,0,0,0,0,0,0,0,0,0,0,0,0,39.9867,-75.2083, , 
37212,440602,2014053830,6,67,67301,2014,5,3,1811,18,1,2,1,1,1, , ,N,0,0,0,3,0,1,3,2,N,N,40 00:34.869,75 03:52.653,1843, ,1834, ,0, ,N, ,0, , , , , , , , , ,2,0,0,0,0,0,0,2,0,0,0,1,1,0,0,0,0,0,0,0,2,0,0,0,0,0,0,0,0,0,0,0,0,0,0,4,0,40.0097,-75.0646, , 
37213,440611,2014078899,6,67,67301,2014,5,6,749,7,1,1,0,4,1, , ,N,1,3,0,3,0,5,5,3,N, ,40 03:26.326,75 08:26.228,812, ,810, ,0, , , ,3, , , , , , , , , ,3,3,0,0,0,0,0,0,0,1,0,1,5,3,0,0,0,0,0,0,1,1,0,0,0,0,0,0,0,0,0,0,0,0,0,2,0,40.0573,-75.1406, , 
37214,440614,2014081073,6,67,67301,2014,6,2,1124,11,1,1,0,1,1, , ,N,0,0,0,3,0,1,3,2,N, ,39 55:36.892,75 13:25.044,1142, ,1139, ,0, , , ,0, , , , , , , , , ,2,2,0,0,0,0,0,0,0,0,0,1,1,0,0,0,0,0,0,0,0,0,0,0,0,0,0,0,0,0,0,0,0,0,0,4,0,39.9269,-75.2236, , 
37215,440615,2014084288,6,67,67301,2014,7,6,1325,13,1,1,0,4,1, , ,N,1,2,0,3,0,2,4,2,N, ,40 03:13.772,75 05:10.794,9999, ,1329, ,0, , , ,3, , , , , , , , , ,2,2,0,0,0,0,0,0,0,0,0,2,2,0,0,0,0,0,0,0,0,0,0,0,0,0,0,0,0,0,0,0,0,0,0,4,0,40.0538,-75.0863, , 
37216,440617,2014088160,6,67,67301,2014,7,3,803,8,1,1,0,1,1, , ,N,1,2,0,3,0,1,3,2,N,N,40 02:08.965,75 10:29.000,830, ,822, ,0, ,N, ,3, , , , , , , , , ,2,1,0,0,0,0,0,0,0,0,0,1,1,0,1,0,0,0,0,0,0,0,0,0,0,0,0,0,0,0,0,0,0,0,0,4,0,40.0358,-75.1747, , 
37217,440619,2014089714,6,67,67301,2014,7,6,2119,21,3,1,0,8,1, , ,N,0,0,0,3,0,1,2,2,N,N,39 55:28.271,75 10:10.948,2132, ,2128, ,0, ,N, ,0, , , , , , , , , ,1,1,0,0,0,0,0,0,1,0,0,1,1,0,0,0,0,0,0,0,1,0,0,0,0,0,0,0,0,0,0,0,0,0,0,4,0,39.9245,-75.1697, , 
37218,440622,2014091312,6,67,67301,2014,8,1,1332,13,1,1,0,4,1, , ,N,1,2,0,3,0,1,2,2,N,N,39 54:39.830,75 13:50.027,1342, ,1334, ,0, ,N, ,3, , , , , , , , , ,1,0,0,0,0,0,1,0,1,0,0,1,1,0,0,0,0,0,0,0,0,0,0,0,0,0,0,0,0,0,0,0,0,0,0,4,0,39.9111,-75.2306, , 
37219,440633,2014106643,6,67,67301,2014,10,7,750,7,1,2,1,7,4, , ,N,0,0,0,3,0,1,1,1,N,N,40 00:44.062,75 10:53.914,810, ,755, ,0, ,N, ,0, , , , , , , , , ,1,1,0,0,0,0,0,0,0,0,0,1,1,0,0,0,0,0,0,0,0,0,0,1,0,0,0,0,0,0,0,0,0,0,0,4,0,40.0122,-75.1816, , 
37220,440647,2014065577,6,67,67301,2014,5,7,1522,15,1,1,0,1,1, , ,N,0,2,0,3,0,2,4,2,N,N,39 56:42.791,75 08:31.254,1635, ,1625, ,0, ,N, ,3, , , , , , , , , ,2,2,0,0,0,0,0,0,0,0,2,0,2,0,0,0,0,0,0,0,0,0,0,0,0,0,0,0,0,0,0,0,0,0,0,3,0,39.9452,-75.142, , 
37221,440654,2014010501,6,67,67301,2014,1,5,821,8,1,1,6,5,1, , ,N,0,0,0,3,0,2,2,2,N,N,39 55:27.787,75 08:49.710,835, ,821, ,0, ,N, ,0, , , , , , , , , ,2,1,0,0,0,0,1,0,0,0,1,1,2,0,0,0,0,0,0,0,0,0,0,0,0,0,0,0,0,0,0,0,0,0,0,3,0,39.9244,-75.1471, , 