objectid_1,objectid,crn,district,county,municipality,crash_year,crash_month,day_of_week,time_of_day,hour_of_day,illumination,weather,road_condition,collision_type,relation_to_road,work_zone_type,work_zone_loc,work_zone_ind,intersect_type,tcd_type,location_type,urban_rural,fatal_count,injury_count,person_count,total_units,sch_bus_ind,sch_zone_ind,latitude,longitude,arrival_tm,cons_zone_spd_lim,dispatch_tm,est_hrs_closed,lane_closed,ln_close_dir,ntfy_hiwy_maint,spec_juris_cd,tcd_func_cd,tfc_detour_ind,workers_pres,wz_close_detour,wz_flagger,wz_law_offcr_ind,wz_ln_closure,wz_moving,wz_other,wz_shlder_mdn,vehicle_count,automobile_count,motorcycle_count,bus_count,small_truck_count,heavy_truck_count,suv_count,van_count,bicycle_count,maj_inj_count,mod_inj_count,min_inj_count,tot_inj_count,unk_inj_deg_count,unk_inj_per_count,driver_count_16yr,driver_count_17yr,driver_count_18yr,driver_count_19yr,driver_count_20yr,driver_count_50_64yr,driver_count_65_74yr,driver_count_75plus,unbelted_occ_count,unb_death_count,unb_maj_inj_count,belted_death_count,belted_maj_inj_count,mcycle_death_count,mcycle_maj_inj_count,bicycle_death_count,bicycle_maj_inj_count,ped_count,ped_death_count,ped_maj_inj_count,max_severity_level,comm_veh_count,dec_lat,dec_long,rdwy_surf_type_cd,county_name
37290,440916,2014029897,6,67,67301,2014,2,3,833,8,1,1,0,4,1, , ,N,0,0,7,3,0,1,2,2,N,N,40 06:32.609,75 01:32.948,837, ,835,1,2,1,N, ,0,N, , , , , , , , ,2,1,0,0,0,0,0,1,0,0,0,0,1,1,0,0,0,0,0,0,0,0,0,0,0,0,0,0,0,0,0,0,0,0,0,8,0,40.1091,-75.0258, , 
37291,440933,2014049774,6,67,67301,2014,4,2,1000,10,1,1,0,4,1, , ,N,1,3,0,3,0,1,2,2,N,N,39 57:32.256,75 14:07.331,1022, ,1019, ,0, ,N, ,3, , , , , , , , , ,2,1,0,0,0,0,1,0,0,0,0,1,1,0,0,0,0,0,0,0,1,0,0,0,0,0,0,0,0,0,0,0,0,0,0,4,0,39.959,-75.2354, , 
37292,440977,2014096424,6,67,67301,2014,8,2,2330,23,3,1,0,2,1, , ,N,1,3,0,3,0,1,2,2,N,N,40 00:50.410,75 08:23.197,2359, ,2352, ,0, ,N, ,3, , , , , , , , , ,2,2,0,0,0,0,0,0,0,0,0,1,1,0,0,0,0,0,0,0,0,0,0,0,0,0,0,0,0,0,0,0,0,0,0,4,0,40.014,-75.1398, , 
37293,440979,2014099188,6,67,67301,2014,9,3,1828,18,1,1,0,4,1, , ,N,1,3,0,3,0,1,3,2,N,N,39 55:36.577,75 10:44.284,1833, ,1830, ,0, ,N, ,3, , , , , , , , , ,1,1,0,0,0,0,0,0,1,0,0,1,1,0,0,0,0,0,0,0,0,0,0,0,0,0,0,0,0,0,0,0,0,0,0,4,0,39.9268,-75.179, , 
37294,440980,2014099235,6,67,67301,2014,9,6,1930,19,3,1,0,4,1, , ,N,5,2,0,3,0,3,5,2,N,N,40 00:05.418,75 06:14.947,1935, ,1933,1,1,7, , ,3,N, , , , , , , , ,2,2,0,0,0,0,0,0,0,0,0,3,3,0,0,0,0,0,0,0,0,0,0,0,0,0,0,0,0,0,0,0,0,0,0,4,0,40.0015,-75.1042, , 
37295,440994,2014065496,6,67,67301,2014,5,2,1525,15,1,1,0,1,1, , ,N,0,0,0,3,0,3,5,2,N,N,40 05:15.725,74 58:19.187,1538, ,1526,1,1,4,N, ,0,N, , , , , , , , ,2,2,0,0,0,0,0,0,0,0,0,1,3,2,0,0,0,0,0,0,0,0,0,0,0,0,0,0,0,0,0,0,0,0,0,4,0,40.0877,-74.972, , 
37296,438331,2014059099,6,67,67301,2014,5,7,1945,19,1,2,1,7,4, , ,N,1,3,0,3,0,2,2,1,N,N,39 58:08.209,75 09:16.358,2000, ,1951, ,0, ,N, ,3, , , , , , , , , ,1,1,0,0,0,0,0,0,0,0,0,0,2,2,0,0,0,0,1,0,0,0,0,1,0,0,0,0,0,0,0,0,0,0,0,8,0,39.9689,-75.1545, , 
37297,438338,2014055532,6,67,67301,2014,6,1,1802,18,1,1,0,1,1, , ,N,0,0,0,3,0,2,7,4,N,N,39 56:57.117,75 08:29.371,1820, ,1803, ,0, ,N, ,0, , , , , , , , , ,4,1,0,0,1,0,1,1,0,0,0,2,2,0,1,0,0,0,0,0,1,0,0,0,0,0,0,0,0,0,0,0,0,0,0,4,0,39.9492,-75.1415, , 
37298,438341,2014058994,6,67,67301,2014,5,1,1834,18,1,1,0,8,1, , ,N,0,0,0,3,0,1,2,2,N,N,39 55:00.516,75 13:53.392,1839, ,1834, ,0, ,N, ,0, , , , , , , , , ,1,1,0,0,0,0,0,0,0,0,0,0,1,1,0,0,0,0,0,0,0,0,0,0,0,0,0,0,0,0,0,0,1,0,0,8,0,39.9168,-75.2315, , 
37299,438375,2014088145,6,67,67301,2014,7,2,745,7,1,1,0,4,1, , ,N,1,3,0,3,0,2,6,2,N,N,40 01:35.756,75 07:23.800,803, ,800, ,0, ,N, ,3, , , , , , , , , ,2,1,0,0,0,0,0,1,0,0,0,0,2,2,3,0,0,0,0,0,0,1,0,0,0,0,0,0,0,0,0,0,0,0,0,8,0,40.0266,-75.1233, , 
37300,438377,2014090486,6,67,67301,2014,9,1,841,8,1,1,0,4,1, , ,N,1,2,0,3,0,0,2,2,N,N,39 59:17.883,75 15:14.303,845, ,842,1,1,4,N, ,3,N, , , , , , , , ,2,0,0,0,1,0,1,0,0,0,0,0,0,0,0,0,0,0,0,0,1,0,0,0,0,0,0,0,0,0,0,0,0,0,0,0,0,39.9883,-75.254, , 
37301,438387,2014076008,6,67,67301,2014,6,4,2045,20,3,1,0,8,1, , ,N,1,2,0,3,0,1,3,2,N,N,40 02:02.652,75 10:35.500,2117, ,2117, ,0, ,N, ,3, , , , , , , , , ,1,1,0,0,0,0,0,0,0,0,0,0,1,1,0,0,0,0,0,0,0,0,0,0,0,0,0,0,0,0,0,0,1,0,0,8,0,40.0341,-75.1765, , 
37302,438402,2014087312,6,67,67301,2014,7,6,1338,13,1,1,0,8,1, , ,N,0,0,0,3,0,1,2,2,N, ,40 00:31.039,75 08:35.448,1348, ,1341, ,0, , , ,0, , , , , , , , , ,1,0,0,0,0,0,0,0,0,0,0,0,1,1,0,0,0,0,0,0,0,0,0,0,0,0,0,0,0,0,0,0,1,0,0,8,0,40.0086,-75.1432, , 
37303,438403,2014088657,6,67,67301,2014,8,2,730,7,1,1,0,1,1, , ,N,1,2,0,3,0,1,5,3,N,N,40 00:18.388,75 08:47.979,9999, ,730, ,0, , , ,3, , , , , , , , , ,3,2,0,0,0,0,0,1,0,0,0,0,1,1,1,0,0,0,0,0,0,1,0,0,0,0,0,0,0,0,0,0,0,0,0,8,0,40.0051,-75.1467, , 
37304,438415,2014104592,6,67,67301,2014,10,4,1928,19,3,1,0,8,1, , ,N,0,0,0,3,0,1,2,2,N,N,39 57:48.699,75 10:10.831,1929, ,1928, ,0, ,N, ,0, , , , , , , , , ,1,1,0,0,0,0,0,0,0,0,0,1,1,0,1,0,0,0,0,0,0,0,0,0,0,0,0,0,0,0,0,0,1,0,0,4,0,39.9635,-75.1697, , 
37305,438419,2014112647,6,67,67301,2014,6,2,1245,12,1,1,0,1,1, , ,N,3,2,0,3,0,1,3,2,N,N,40 03:14.353,75 07:35.903,0, ,0, ,0, ,N, ,3, , , , , , , , , ,2,1,0,0,0,0,0,0,0,0,0,0,1,1,0,0,0,0,0,0,0,1,0,0,0,0,0,0,0,0,0,0,0,0,0,8,0,40.054,-75.1266, , 
37306,438426,2014084412,6,67,67301,2014,7,6,1918,19,1,1,0,8,1, , ,N,2,2,0,3,0,1,3,3,N,N,40 03:43.260,75 05:05.283,1920, ,1920, ,0, ,N, ,3, , , , , , , , , ,1,1,0,0,0,0,0,0,0,0,0,1,1,0,0,0,0,0,0,0,1,0,0,0,0,0,0,0,0,0,0,0,2,0,0,4,0,40.062,-75.0848, , 
37307,438430,2014088908,6,67,67301,2014,8,5,835,8,1,1,0,4,1, , ,N,1,2,0,3,0,1,4,2,N,N,40 03:15.962,75 08:52.411,845, ,835, ,0, ,N, ,3, , , , , , , , , ,2,2,0,0,0,0,0,0,0,0,0,0,1,1,0,0,0,0,0,0,0,0,0,0,0,0,0,0,0,0,0,0,0,0,0,8,0,40.0544,-75.1479, , 
37308,438435,2014059123,6,67,67301,2014,5,1,1132,11,1,1,0,4,1, , ,N,1,2,0,3,0,1,3,3,N,N,40 03:14.351,75 02:56.006,1137, ,1132,2,2,1,N, ,3,Y, , , , , , , , ,3,3,0,0,0,0,0,0,0,0,0,1,1,0,0,0,0,0,0,0,0,0,0,0,0,0,0,0,0,0,0,0,0,0,0,4,0,40.054,-75.0489, , 
37309,438457,2014084496,6,67,67301,2014,6,1,1640,16,1,1,0,4,1, , ,N,0,0,0,3,0,3,3,2,N,N,39 57:17.714,75 11:03.183,1643, ,1640,3,2,3,N, ,0,Y, , , , , , , , ,2,2,0,0,0,0,0,0,0,2,0,1,3,0,0,0,0,0,0,0,1,0,0,0,0,0,0,2,0,0,0,0,0,0,0,2,0,39.9549,-75.1842, , 
37310,438462,2014088290,6,67,67301,2014,7,1,308,3,3,1,0,1,1, , ,N,1,2,0,3,0,0,3,2,N,N,40 01:29.049,75 07:49.427,315, ,310,1,1,2,N, ,3,Y, , , , , , , , ,2,1,0,0,1,0,0,0,0,0,0,0,0,0,0,0,0,0,0,1,0,0,0,0,0,0,0,0,0,0,0,0,0,0,0,0,0,40.0247,-75.1304, , 
37311,438464,2014091283,6,67,67301,2014,9,1,1802,18,1,1,0,8,1, , ,N,0,0,0,3,0,1,3,2,N,N,40 00:58.108,75 04:40.837,1820, ,1817,3,2,1, , ,0,Y, , , , , , , , ,1,1,0,0,0,0,0,0,0,0,1,0,1,0,0,0,0,0,1,0,0,0,0,0,0,0,0,0,0,0,0,0,1,0,0,3,0,40.0161,-75.078, , 
37312,438469,2014095900,6,67,67301,2014,9,6,1640,16,1,1,0,4,1, , ,N,5,2,2,3,0,1,2,2,N,N,39 57:26.357,75 08:38.887,1644, ,1640, ,0, ,N, ,3, , , , , , , , , ,2,2,0,0,0,0,0,0,0,0,0,1,1,0,0,0,0,0,0,0,1,0,0,0,0,0,0,0,0,0,0,0,0,0,0,4,0,39.9573,-75.1441, , 
37313,438471,2014096784,6,67,67301,2014,9,4,1523,15,1,1,0,8,1, , ,N,2,0,0,3,0,1,2,2,N,N,40 01:42.525,75 12:36.916,1533, ,1523, ,0, ,N, ,0, , , , , , , , , ,1,1,0,0,0,0,0,0,0,0,0,0,1,1,0,0,0,0,0,0,0,0,0,0,0,0,0,0,0,0,0,0,1,0,0,8,0,40.0285,-75.2103, , 
37314,432418,2014059042,6,67,67301,2014,5,1,439,4,3,1,0,1,1, , ,N,0,0,0,3,0,1,3,2,N,N,40 01:47.235,75 05:15.795,512, ,439, ,0, ,N, ,0, , , , , , , , , ,2,1,0,0,0,0,0,0,0,0,1,0,1,0,0,0,0,0,0,0,0,0,0,0,0,0,0,0,0,0,0,0,0,0,0,3,0,40.0298,-75.0877, , 
37315,432421,2014068599,6,67,67301,2014,5,3,1755,17,1,2,1,8,1, , ,N,1,2,0,3,0,1,2,2,N, ,39 55:11.072,75 13:29.970,1800, ,1755, ,0, , , ,3, , , , , , , , , ,1,0,0,0,0,0,0,1,0,0,0,0,1,1,0,0,0,0,0,0,0,0,0,0,0,0,0,0,0,0,0,0,1,0,0,8,0,39.9197,-75.225, , 
37316,432450,2014098690,6,67,67301,2014,8,1,2000,20,3,2,1,7,4, , ,N,2,3,0,3,1,0,1,1,N,N,39 59:11.518,75 04:33.585,2035, ,2030, ,0, ,N,0,3, , , , , , , , , ,1,1,0,0,0,0,0,0,0,0,0,0,0,0,0,0,0,0,0,0,1,0,0,0,0,0,0,0,0,0,0,0,0,0,0,1,0,39.9865,-75.076,2, 
37317,432493,2014087906,6,67,67301,2014,8,7,653,6,1,2,1,4,1, , ,N,2,2,0,3,0,1,2,2,N,N,39 53:06.572,75 15:00.329,730, ,721, ,0, ,N, ,3, , , , , , , , , ,2,1,0,0,0,1,0,0,0,0,1,0,1,0,0,0,0,0,0,0,0,1,0,0,0,0,0,0,0,0,0,0,0,0,0,3,1,39.885,-75.2502, , 
37318,432494,2014088014,6,67,67301,2014,7,6,9999,99,3,1,0,2,1, , ,N,1,2,0,3,0,1,2,2,N,N,40 00:56.894,75 08:28.039,2148, ,2141, ,0, ,N, ,3, , , , , , , , , ,2,0,0,0,0,0,1,1,0,0,0,1,1,0,0,0,0,0,0,0,0,0,0,0,0,0,0,0,0,0,0,0,0,0,0,4,0,40.0158,-75.1411, , 
37319,432495,2014088164,6,67,67301,2014,8,2,1806,18,1,1,0,5,1, , ,N,0,0,0,3,0,1,2,2,N,N,39 59:17.462,75 06:34.336,1810, ,1806, ,0, ,N, ,0, , , , , , , , , ,2,1,0,0,0,0,0,1,0,0,0,1,1,0,0,0,0,0,0,0,0,0,0,0,0,0,0,0,0,0,0,0,0,0,0,4,0,39.9882,-75.1095, , 
37320,432496,2014088721,6,67,67301,2014,8,3,1000,10,1,1,0,4,1, , ,N,1,2,0,3,0,2,3,2,N, ,40 02:45.600,75 04:56.341,1003, ,1001,3,2,5, , ,3,Y, , , , , , , , ,2,1,0,0,1,0,0,0,0,0,0,1,2,1,0,0,0,0,0,0,0,0,0,0,0,0,0,0,0,0,0,0,0,0,0,4,0,40.046,-75.0823, , 
37321,432497,2014089019,6,67,67301,2014,8,2,1742,17,1,1,0,4,1, , ,N,1,2,0,3,0,2,2,2,N,N,40 02:07.261,75 02:22.084,1744, ,1742,2,1,2, , ,3,Y, , , , , , , , ,2,2,0,0,0,0,0,0,0,0,0,2,2,0,0,0,0,0,0,0,0,0,0,0,0,0,0,0,0,0,0,0,0,0,0,4,0,40.0354,-75.0395, , 
37322,432516,2014067276,6,67,67301,2014,5,2,2346,23,3,1,0,1,1, , ,N,0,0,0,3,0,1,6,2,N,N,39 59:21.894,75 12:22.093,2349, ,2348, ,0, ,N, ,0, , , , , , , , , ,2,2,0,0,0,0,0,0,0,0,0,1,1,0,0,0,0,0,0,0,1,0,0,4,0,0,0,0,0,0,0,0,0,0,0,4,0,39.9894,-75.2061, , 
37323,432540,2014088674,6,67,67301,2014,8,7,1840,18,1,7,1,7,4, , ,N,0,0,0,3,0,1,1,1,N,N,39 59:32.248,75 11:40.361,1840, ,1840,9,1,2,N, ,0,N, , , , , , , , ,1,1,0,0,0,0,0,0,0,0,0,1,1,0,0,0,0,0,0,1,0,0,0,0,0,0,0,0,0,0,0,0,0,0,0,4,0,39.9923,-75.1945, , 
37324,432541,2014088713,6,67,67301,2014,7,3,715,7,1,9,1,1,1, , ,N,0,0,0,3,0,2,2,2,N,N,39 57:25.362,75 14:44.993,805, ,800,2,2,7, , ,0,Y, , , , , , , , ,2,1,0,0,0,0,0,1,0,0,0,2,2,0,0,0,0,0,0,0,1,0,0,2,0,0,0,0,0,0,0,0,0,0,0,4,0,39.957,-75.2458, , 
37325,432549,2014099250,6,67,67301,2014,9,4,1647,16,1,1,0,4,1, , ,N,1,3,0,3,0,1,2,2,N,N,40 00:21.214,75 09:42.303,1659, ,1650, ,0, ,N, ,3, , , , , , , , , ,1,0,0,0,1,0,0,0,1,0,1,0,1,0,0,0,0,0,0,0,0,1,0,0,0,0,0,0,0,0,0,0,0,0,0,3,0,40.0059,-75.1618, , 
37326,432555,2014067954,6,67,67301,2014,5,5,1510,15,1,1,0,8,1, , ,N,1,2,0,3,0,1,2,2,N,N,39 57:25.867,75 12:07.023,1520, ,1511, ,0, ,N, ,3, , , , , , , , , ,1,1,0,0,0,0,0,0,0,0,0,0,1,1,0,0,0,0,0,0,0,0,0,0,0,0,0,0,0,0,0,0,1,0,0,8,0,39.9571,-75.2019, , 
37327,432556,2014068035,6,67,67301,2014,6,7,1425,14,1,1,0,1,1, , ,N,0,0,0,3,0,4,7,4,N,N,39 59:18.383,75 11:13.584,1452, ,1446, ,0, ,N, ,0, , , , , , , , , ,4,3,0,0,0,0,0,1,0,0,0,3,4,1,0,0,0,0,0,0,2,0,0,0,0,0,0,0,0,0,0,0,0,0,0,4,0,39.9884,-75.1871, , 
37328,432566,2014025488,6,67,67301,2014,1,1,1559,15,1,1,0,7,4, , ,N,3,0,0,3,0,2,2,1,N,N,40 02:13.960,75 08:11.320,1630, ,1601, ,0, ,N, ,0, , , , , , , , , ,1,1,0,0,0,0,0,0,0,0,0,0,2,2,0,0,0,0,0,0,0,0,0,0,0,0,0,0,0,0,0,0,0,0,0,8,0,40.0372,-75.1365, , 
37329,432574,2014032439,6,67,67301,2014,2,1,2345,23,3,1,0,4,1, , ,N,1,2,0,3,0,0,2,2,N, ,39 56:35.977,75 08:49.865,2348, ,2348, ,0, , , ,3, , , , , , , , , ,2,2,0,0,0,0,0,0,0,0,0,0,0,0,0,0,0,0,0,1,0,0,0,0,0,0,0,0,0,0,0,0,0,0,0,0,0,39.9433,-75.1472, , 
37330,432587,2014049800,6,67,67301,2014,3,2,9999,99,1,1,0,2,1, , ,N,0,0,0,3,0,1,4,3,N, ,39 58:47.308,75 13:56.703,1158, ,1155,1,1,4, , ,0,Y, , , , , , , , ,3,3,0,0,0,0,0,0,0,0,0,1,1,0,0,0,0,0,0,0,1,1,1,0,0,0,0,0,0,0,0,0,0,0,0,4,0,39.9798,-75.2324, , 
37331,432600,2014074484,6,67,67301,2014,6,3,445,4,3,2,1,8,1, , ,N,0,0,0,3,1,0,2,2,N,N,39 55:31.486,75 14:02.877,450, ,449,3,2,5,N,0,0,Y, , , , , , , , ,1,1,0,0,0,0,0,0,0,0,0,0,0,0,0,0,0,0,0,0,1,0,0,0,0,0,0,0,0,0,0,0,1,1,0,1,0,39.9254,-75.2341,2, 
37332,435276,2014088336,6,67,67301,2014,7,1,130,1,3,1,0,8,1, , ,N,0,0,0,3,0,1,2,2,N,N,40 00:55.700,75 08:06.500,141, ,140, ,0, ,N, ,0, , , , , , , , , ,1,1,0,0,0,0,0,0,0,0,1,0,1,0,1,0,0,0,0,0,0,0,0,0,0,0,0,0,0,0,0,0,1,0,0,3,0,40.0155,-75.1351, , 
37333,435277,2014089342,6,67,67301,2014,8,1,1410,14,1,4,0,4,1, , ,N,1,0,0,3,0,1,3,2,N, ,39 57:38.167,75 10:11.971,1415, ,1415, ,0, , , ,0, , , , , , , , , ,2,2,0,0,0,0,0,0,0,0,0,1,1,0,2,0,0,0,0,0,0,0,0,0,0,0,0,0,0,0,0,0,0,0,0,4,0,39.9606,-75.17, , 
37334,435282,2014093183,6,67,67301,2014,7,3,9999,99,3,1,0,1,1, , ,N,0,0,0,3,0,0,2,2,N,N,40 03:14.580,75 08:28.861,9999, ,9999, ,0, ,N, ,0, , , , , , , , , ,2,0,0,0,0,0,2,0,0,0,0,0,0,0,2,0,0,0,0,0,1,0,0,0,0,0,0,0,0,0,0,0,0,0,0,9,0,40.0541,-75.1414, , 
37335,435290,2014098667,6,67,67301,2014,9,1,1738,17,1,1,0,8,1, , ,N,0,0,0,3,0,1,2,2,N,N,39 55:57.173,75 10:28.919,1743, ,1740, ,0, ,N, ,0, , , , , , , , , ,1,0,0,0,0,0,0,1,0,0,0,1,1,0,0,0,0,0,0,0,0,0,0,0,0,0,0,0,0,0,0,0,1,0,0,4,0,39.9325,-75.1747, , 
37336,435307,2014082741,6,67,67301,2014,8,6,435,4,3,2,7,0,1, , ,N,0,0,0,3,0,0,1,1,N,N,39 59:41.259,75 05:02.233,435, ,435,1,2,2,N, ,0,Y, , , , , , , , ,1,0,0,0,0,0,1,0,0,0,0,0,0,0,0,0,0,0,0,0,0,0,0,0,0,0,0,0,0,0,0,0,0,0,0,0,0,39.9948,-75.084, , 
37337,435313,2014099257,6,67,67301,2014,9,6,1700,17,1,1,0,1,1, , ,N,2,0,0,3,0,2,2,2,N,N,39 57:17.713,75 09:05.995,1712, ,1705,1,1,3, , ,0,N, , , , , , , , ,2,1,0,0,0,0,1,0,0,0,0,0,2,2,0,0,0,0,0,0,1,0,0,0,0,0,0,0,0,0,0,0,0,0,0,8,0,39.9549,-75.1517, , 
37338,435355,2014073881,6,67,67301,2014,7,7,1831,18,1,1,0,1,1, , ,N,0,0,0,3,0,1,6,3,N,N,39 58:07.767,75 11:29.342,1837, ,1833, ,0, ,N, ,0, , , , , , , , , ,3,3,0,0,0,0,0,0,0,0,0,1,1,0,0,0,0,0,1,0,0,0,0,0,0,0,0,0,0,0,0,0,0,0,0,4,0,39.9688,-75.1915, , 
37339,435356,2014068056,6,67,67301,2014,5,7,1406,14,1,1,0,8,1, , ,N,1,2,0,3,0,1,3,2,N,N,40 05:12.438,74 58:18.635,1412, ,1407, ,0, ,N, ,3, , , , , , , , , ,1,0,0,0,0,0,1,0,0,0,0,1,1,0,0,0,0,0,0,0,0,0,0,0,0,0,0,0,0,0,0,0,1,0,0,4,0,40.0868,-74.9718, , 
37340,435357,2014070977,6,67,67301,2014,6,7,1853,18,1,1,0,0,1, , ,N,0,0,0,3,0,1,1,1,N,N,39 58:54.970,75 12:26.412,1904, ,1858, ,0, ,N, ,0, , , , , , , , , ,1,0,1,0,0,0,0,0,0,0,0,0,1,1,0,0,0,0,0,0,0,0,0,0,0,0,0,0,0,0,0,0,0,0,0,8,0,39.9819,-75.2073, , 
37341,435373,2014087752,6,67,67301,2014,7,6,2302,23,3,1,0,8,1, , ,N,1,2,0,3,0,1,2,2,N, ,40 00:48.913,75 04:06.725,2305, ,2302, ,0, ,N, ,3, , , , , , , , , ,1,1,0,0,0,0,0,0,0,0,0,0,1,1,0,0,0,0,0,0,0,0,0,0,0,0,0,0,0,0,0,0,1,0,0,8,0,40.0136,-75.0685, , 
37342,435374,2014087964,6,67,67301,2014,7,2,1645,16,1,1,0,8,1, , ,N,5,2,0,3,0,1,2,2,N, ,39 58:50.031,75 10:20.683,1645, ,1645, ,0, , , ,3, , , , , , , , , ,1,0,0,0,0,0,1,0,0,0,1,0,1,0,0,0,0,0,0,0,0,0,0,0,0,0,0,0,0,0,0,0,1,0,0,3,0,39.9806,-75.1724, , 
37343,435400,2014068571,6,67,67301,2014,6,7,1701,17,1,1,0,4,1, , ,N,1,2,0,3,0,0,3,2,N,N,39 59:34.547,75 13:03.608,1705, ,1701,3,1,3,N, ,3,N, , , , , , , , ,2,0,0,0,0,0,2,0,0,0,0,0,0,0,0,0,1,0,0,0,0,0,0,0,0,0,0,0,0,0,0,0,0,0,0,0,0,39.993,-75.2176, , 
37344,435408,2014061926,6,67,67301,2014,5,3,1105,11,1,1,0,5,1, , ,N,0,0,0,3,0,1,2,2,N,N,40 00:09.418,75 11:40.034,1116, ,1107, ,0, ,N, ,0, , , , , , , , , ,2,1,0,0,0,1,0,0,0,0,0,0,1,1,0,0,0,0,0,0,2,0,0,0,0,0,0,0,0,0,0,0,0,0,0,8,1,40.0026,-75.1945, , 
37345,435413,2014065530,6,67,67301,2014,4,5,2245,22,3,1,0,1,1, , ,N,0,2,0,3,0,1,3,2,N,N,39 58:54.384,75 09:26.104,2340, ,2330, ,0, ,N, ,3, , , , , , , , , ,2,0,0,0,1,0,1,0,0,0,0,1,1,0,2,0,0,0,0,0,0,0,0,0,0,0,0,0,0,0,0,0,0,0,0,4,0,39.9817,-75.1573, , 
37346,435437,2014088846,6,67,67301,2014,6,6,2000,20,1,1,0,8,1, , ,N,1,2,0,3,0,1,2,2,N, ,39 56:18.900,75 11:54.432,2020, ,2015, ,0, , , ,3, , , , , , , , , ,1,0,0,0,0,0,1,0,0,0,0,1,1,0,0,0,0,0,0,0,0,0,0,0,0,0,0,0,0,0,0,0,1,0,0,4,0,39.9386,-75.1985, , 
37347,435448,2014068090,6,67,67301,2014,5,3,640,6,1,1,0,1,1, , ,N,1,2,0,3,0,1,3,3,N, ,40 01:12.662,75 08:55.511,9999, ,1554, ,0, , , ,3, , , , , , , , , ,3,2,0,1,0,0,0,0,0,0,1,0,1,0,1,0,0,0,0,0,0,0,0,0,0,0,0,0,0,0,0,0,0,0,0,3,1,40.0202,-75.1488, , 
37348,435449,2014068682,6,67,67301,2014,5,1,1838,18,1,1,0,8,1, , ,N,0,0,0,3,0,2,3,3,N,N,39 55:59.817,75 10:58.390,1846, ,1844, ,0, ,N, ,0, , , , , , , , , ,2,1,0,0,0,0,1,0,0,0,1,1,2,0,0,0,0,0,0,0,0,0,0,0,0,0,0,0,0,0,0,0,1,0,0,3,0,39.9333,-75.1829, , 
37349,435455,2014067620,6,67,67301,2014,6,1,427,4,3,1,0,7,2, , ,N,0,0,0,3,0,0,1,1,N,N,39 57:38.633,75 10:53.963,442, ,427, ,0, ,N, ,0, , , , , , , , , ,1,1,0,0,0,0,0,0,0,0,0,0,0,0,0,0,0,0,0,0,0,0,0,0,0,0,0,0,0,0,0,0,0,0,0,0,0,39.9607,-75.1817, , 
37350,441021,2014088059,6,67,67301,2014,8,1,40,0,3,2,1,4,1, , ,N,1,2,0,3,0,1,2,2,N,N,40 01:08.216,75 08:49.391,252, ,240, ,0, ,N, ,3, , , , , , , , , ,2,1,0,0,0,0,1,0,0,0,0,1,1,0,0,0,0,0,0,0,0,0,0,0,0,0,0,0,0,0,0,0,0,0,0,4,0,40.0189,-75.1471, , 
37351,441022,2014088898,6,67,67301,2014,8,7,816,8,1,1,0,4,1, , ,N,2,3,0,3,0,1,5,2,N, ,40 01:44.934,75 10:05.928,828, ,822,2,1,1,N, ,3,Y, , , , , , , , ,2,2,0,0,0,0,0,0,0,0,1,0,1,0,0,0,0,0,1,0,0,0,0,0,0,0,0,0,0,0,0,0,0,0,0,3,0,40.0291,-75.1683, , 
37352,441030,2014095966,6,67,67301,2014,9,3,1356,13,1,1,0,4,1, , ,N,2,2,2,3,0,1,2,2,N,N,39 54:43.967,75 09:02.402,1525, ,1525,2,1,1, , ,3,Y, , , , , , , , ,2,1,0,0,0,0,0,1,0,0,0,0,1,1,0,0,0,0,0,0,0,0,1,0,0,0,0,0,0,0,0,0,0,0,0,8,0,39.9122,-75.1507, , 
37353,441043,2014067976,6,67,67301,2014,6,2,1235,12,1,1,0,4,1, , ,N,1,3,0,3,0,2,3,2,N,N,40 03:30.297,75 02:48.137,1258, ,1248, ,0, ,N, ,3, , , , , , , , , ,2,1,0,0,0,0,1,0,0,0,0,2,2,0,0,0,0,0,0,0,0,0,0,0,0,0,0,0,0,0,0,0,0,0,0,4,0,40.0584,-75.0467, , 
37354,441044,2014068187,6,67,67301,2014,6,3,1909,19,1,1,1,4,1, , ,N,2,0,0,3,0,1,3,2,N, ,39 54:14.630,75 13:34.143,1916, ,1909, ,0, , , ,0, , , , , , , , , ,2,2,0,0,0,0,0,0,0,0,0,1,1,0,0,0,0,0,0,0,0,0,0,0,0,0,0,0,0,0,0,0,0,0,0,4,0,39.9041,-75.2262, , 
37355,441064,2014087414,6,67,67301,2014,9,6,1343,13,1,1,0,1,1, , ,N,0,0,0,3,0,1,2,2,N,N,39 58:37.038,75 11:52.255,1403, ,1356,2,1,3,N, ,0,N, , , , , , , , ,2,1,0,0,1,0,0,0,0,0,0,0,1,1,0,0,0,0,0,1,0,0,0,0,0,0,0,0,0,0,0,0,0,0,0,8,0,39.977,-75.1978, , 
37356,441072,2014098696,6,67,67301,2014,9,3,1530,15,1,1,0,4,1, , ,N,0,0,0,3,0,1,2,2,N,N,40 00:11.978,75 07:41.583,9999, ,9999, ,0, ,N, ,0, , , , , , , , , ,1,1,0,0,0,0,0,0,1,0,0,1,1,0,1,0,0,0,0,0,0,0,0,0,0,0,0,0,0,0,0,0,0,0,0,4,0,40.0033,-75.1282, , 