objectid_1,objectid,crn,district,county,municipality,crash_year,crash_month,day_of_week,time_of_day,hour_of_day,illumination,weather,road_condition,collision_type,relation_to_road,work_zone_type,work_zone_loc,work_zone_ind,intersect_type,tcd_type,location_type,urban_rural,fatal_count,injury_count,person_count,total_units,sch_bus_ind,sch_zone_ind,latitude,longitude,arrival_tm,cons_zone_spd_lim,dispatch_tm,est_hrs_closed,lane_closed,ln_close_dir,ntfy_hiwy_maint,spec_juris_cd,tcd_func_cd,tfc_detour_ind,workers_pres,wz_close_detour,wz_flagger,wz_law_offcr_ind,wz_ln_closure,wz_moving,wz_other,wz_shlder_mdn,vehicle_count,automobile_count,motorcycle_count,bus_count,small_truck_count,heavy_truck_count,suv_count,van_count,bicycle_count,maj_inj_count,mod_inj_count,min_inj_count,tot_inj_count,unk_inj_deg_count,unk_inj_per_count,driver_count_16yr,driver_count_17yr,driver_count_18yr,driver_count_19yr,driver_count_20yr,driver_count_50_64yr,driver_count_65_74yr,driver_count_75plus,unbelted_occ_count,unb_death_count,unb_maj_inj_count,belted_death_count,belted_maj_inj_count,mcycle_death_count,mcycle_maj_inj_count,bicycle_death_count,bicycle_maj_inj_count,ped_count,ped_death_count,ped_maj_inj_count,max_severity_level,comm_veh_count,dec_lat,dec_long,rdwy_surf_type_cd,county_name
37559,436009,2014074495,6,67,67301,2014,6,7,0,0,3,1,0,4,1, , ,N,1,3,0,3,0,1,2,2,N,N,39 56:13.880,75 09:23.842,10, ,5, ,0, ,N, ,3, , , , , , , , , ,1,1,0,0,0,0,0,0,1,0,0,1,1,0,0,0,0,0,0,0,0,0,0,0,0,0,0,0,0,0,0,0,0,0,0,4,0,39.9372,-75.1566, , 
37560,436020,2014082577,6,23,23103,2014,8,5,1730,17,1,1,0,1,1,1,3,Y,2,8,0,3,0,1,4,3,N,N,39 58:35.114,75 16:39.460,1733,99,1730,6,1,4,N, ,3,N,N, , ,N, , , , ,3,0,0,0,1,0,1,1,0,0,0,0,1,1,0,0,0,1,0,0,1,0,0,1,0,0,0,0,0,0,0,0,0,0,0,8,0,39.9763,-75.2776, , 
37561,436036,2014075976,6,67,67301,2014,6,6,1020,10,1,1,0,4,1, , ,N,1,3,0,3,0,1,2,2,N,N,39 59:48.098,75 07:39.730,1034, ,1028, ,0, ,N, ,3, , , , , , , , , ,1,1,0,0,0,0,0,0,1,0,0,1,1,0,1,0,0,0,0,0,0,0,0,0,0,0,0,0,0,0,0,0,0,0,0,4,0,39.9967,-75.1277, , 
37562,436044,2014085361,6,67,67301,2014,9,3,1530,15,1,1,0,4,1, , ,N,1,2,0,3,0,1,2,2,N,N,40 01:17.486,75 08:23.326,1537, ,1537,2,1,4,N, ,3,N, , , , , , , , ,2,2,0,0,0,0,0,0,0,0,0,0,1,1,0,0,0,0,0,0,0,0,0,0,0,0,0,0,0,0,0,0,0,0,0,8,0,40.0215,-75.1398, , 
37563,436048,2014088141,6,67,67301,2014,8,7,1910,19,1,1,0,8,1, , ,N,0,0,0,3,0,1,2,2,N, ,39 57:11.819,75 14:26.097,1926, ,1918, ,0, , , ,0, , , , , , , , , ,1,1,0,0,0,0,0,0,0,0,0,1,1,0,0,0,0,0,0,0,0,0,0,0,0,0,0,0,0,0,0,0,1,0,0,4,0,39.9533,-75.2406, , 
37564,436054,2014096381,6,67,67301,2014,9,6,1920,19,3,1,0,7,4, , ,N,0,0,0,3,0,1,1,1,N,N,40 00:14.515,75 11:26.426,1935, ,1928,1,1,2,N, ,0,N, , , , , , , , ,1,0,1,0,0,0,0,0,0,0,1,0,1,0,0,0,0,0,0,0,0,0,0,0,0,0,0,0,0,0,0,0,0,0,0,3,0,40.004,-75.1907, , 
37565,436055,2014096797,6,67,67301,2014,9,3,1520,15,1,1,0,4,1, , ,N,1,2,0,3,0,0,2,2,N,N,39 55:18.821,75 10:13.026,1523, ,1523, ,0, ,N, ,3, , , , , , , , , ,2,1,0,0,0,0,0,1,0,0,0,0,0,0,0,0,0,0,0,0,1,1,0,0,0,0,0,0,0,0,0,0,0,0,0,0,0,39.9219,-75.1702, , 
37566,441547,2014088966,6,67,67301,2014,7,4,700,7,1,1,0,8,1, , ,N,1,2,0,3,0,1,2,2,Y,N,39 56:51.762,75 09:03.936,749, ,749, ,0, ,N, ,3, , , , , , , , , ,1,0,0,0,1,0,0,0,0,0,0,1,1,0,0,0,0,0,0,0,0,0,0,0,0,0,0,0,0,0,0,0,1,0,0,4,0,39.9477,-75.1511, , 
37567,441551,2014091313,6,67,67301,2014,9,3,1620,16,1,1,0,1,1, , ,N,1,2,0,3,0,1,3,3,N,N,40 03:31.910,75 05:05.947,1627, ,1622, ,0, ,N, ,3, , , , , , , , , ,3,2,0,0,0,0,1,0,0,0,0,1,1,0,0,0,0,0,0,0,0,0,0,1,0,0,0,0,0,0,0,0,0,0,0,4,0,40.0589,-75.085, , 
37568,441554,2014096487,6,67,67301,2014,9,3,221,2,3,1,0,7,2, , ,N,6,0,2,3,0,0,1,1,N,N,39 57:41.763,75 10:57.486,225, ,222,2,2,4,N, ,0,Y, , , , , , , , ,1,1,0,0,0,0,0,0,0,0,0,0,0,0,0,0,0,0,0,0,0,0,0,0,0,0,0,0,0,0,0,0,0,0,0,0,0,39.9614,-75.1825, , 
37569,441564,2014061076,6,67,67301,2014,5,1,1733,17,1,1,0,1,1, , ,N,0,2,0,3,0,4,5,2,N, ,40 04:26.948,75 02:05.221,1736, ,1734,1,1,1, , ,3,N, , , , , , , , ,2,0,0,0,1,0,1,0,0,0,0,0,4,4,0,0,0,0,0,0,0,0,0,0,0,0,0,0,0,0,0,0,0,0,0,8,0,40.0742,-75.0348, , 
37570,441584,2014042745,6,67,67301,2014,3,7,1747,17,1,1,0,8,1, , ,N,2,2,0,3,0,1,3,2,N,N,40 02:41.444,75 01:02.862,1751, ,1749, ,0, ,N, ,3, , , , , , , , , ,1,1,0,0,0,0,0,0,0,0,0,0,1,1,0,0,0,0,0,0,0,0,1,0,0,0,0,0,0,0,0,0,1,0,0,8,0,40.0448,-75.0175, , 
37571,441600,2014054655,6,67,67301,2014,5,6,2130,21,1,1,0,4,1, , ,N,1,3,0,3,0,2,2,2,N,N,40 01:35.756,75 07:23.800,2130, ,2130, ,0, ,N, ,3, , , , , , , , , ,2,2,0,0,0,0,0,0,0,0,1,0,2,1,0,0,0,0,0,0,0,0,0,0,0,0,0,0,0,0,0,0,0,0,0,3,0,40.0266,-75.1233, , 
37572,441604,2014059098,6,67,67301,2014,5,4,1540,15,1,1,0,8,1, , ,N,5,2,0,3,0,1,2,2,N,N,39 57:43.083,75 12:00.429,1544, ,1544, ,0, ,N, ,3, , , , , , , , , ,1,1,0,0,0,0,0,0,0,0,0,1,1,0,0,0,0,0,0,1,0,0,0,0,0,0,0,0,0,0,0,0,1,0,0,4,0,39.962,-75.2001, , 
37573,441648,2014099242,6,67,67301,2014,9,1,1525,15,1,1,0,4,1, , ,N,1,2,0,3,0,1,2,2,N,N,40 02:37.429,75 05:06.333,1536, ,1533, ,0, ,N, ,3, , , , , , , , , ,2,1,1,0,0,0,0,0,0,0,0,0,1,1,0,0,0,0,0,0,1,0,0,0,0,0,0,0,0,0,0,0,0,0,0,8,0,40.0437,-75.0851, , 
37574,441662,2014067625,6,67,67301,2014,7,2,1517,15,1,1,0,1,1, , ,N,0,0,0,3,0,1,2,2,N,N,39 59:56.034,75 11:43.428,1537, ,1528, ,0, ,N, ,0, , , , , , , , , ,2,1,0,0,0,0,0,0,0,0,0,0,1,1,1,0,0,0,0,0,0,0,1,0,0,0,0,0,0,0,0,0,0,0,0,8,0,39.9989,-75.1954, , 
37575,441676,2014084254,6,67,67301,2014,7,2,1735,17,1,1,0,8,1, , ,N,2,0,0,3,0,1,2,2,N,N,39 57:30.772,75 12:46.744,1808, ,1747,9,1,3, , ,0,Y, , , , , , , , ,1,0,0,0,0,0,1,0,0,0,0,0,1,1,0,0,0,0,0,0,0,0,0,0,0,0,0,0,0,0,0,0,1,0,0,8,0,39.9585,-75.213, , 
37576,441696,2014104502,6,67,67301,2014,9,1,30,0,3,1,0,4,1, , ,N,1,3,0,3,0,0,2,2,N,N,40 00:57.967,75 07:50.861,35, ,30, ,0, ,N, ,3, , , , , , , , , ,2,2,0,0,0,0,0,0,0,0,0,0,0,0,1,0,0,0,0,0,0,0,0,0,0,0,0,0,0,0,0,0,0,0,0,9,0,40.0161,-75.1308, , 
37577,441699,2014106778,6,67,67301,2014,10,6,1135,11,1,1,0,4,1, , ,N,1,2,0,3,0,1,2,2,N,N,40 03:24.250,75 02:48.711,1155, ,1140,1,1,2,N, ,3,N, , , , , , , , ,2,1,0,0,0,0,0,1,0,0,0,1,1,0,0,0,0,0,0,0,0,0,0,0,0,0,0,0,0,0,0,0,0,0,0,4,0,40.0567,-75.0469, , 
37578,441700,2014106902,6,67,67301,2014,10,6,1116,11,1,1,0,5,1, , ,N,7,0,8,3,0,0,3,2,N,N,39 57:24.497,75 09:12.843,1123, ,1116,2,1,3,Y, ,0,N, , , , , , , , ,2,0,0,0,1,0,1,0,0,0,0,0,0,0,0,0,0,0,0,0,0,1,0,0,0,0,0,0,0,0,0,0,0,0,0,0,0,39.9568,-75.1536, , 
37579,441702,2014111485,6,67,67301,2014,10,4,2220,22,3,2,1,6,1, , ,N,2,0,0,3,0,1,2,2,N,N,40 07:04.443,75 00:24.231,2225, ,2222, ,0, ,N, ,0, , , , , , , , , ,2,1,0,0,0,0,1,0,0,0,0,0,1,1,1,0,0,0,0,0,0,0,0,0,0,0,0,0,0,0,0,0,0,0,0,8,0,40.1179,-75.0067, , 
37580,441707,2014068091,6,67,67301,2014,6,3,223,2,3,2,1,7,4, , ,N,1,3,0,3,0,1,1,2,N,N,39 55:22.764,75 11:18.725,315, ,223, ,0, ,N, ,3, , , , , , , , , ,1,0,0,0,0,0,1,0,0,0,0,1,1,0,0,0,0,0,0,0,0,0,0,0,0,0,0,0,0,0,0,0,0,0,0,4,0,39.923,-75.1885, , 
37581,441741,2014087895,6,67,67301,2014,7,5,1542,15,1,1,0,4,1, , ,N,1,2,0,3,0,1,2,2,N,N,39 54:14.563,75 14:24.409,1555, ,1650, ,0, ,N, ,3, , , , , , , , , ,1,1,0,0,0,0,0,0,1,0,0,1,1,0,0,0,0,0,0,0,0,0,0,0,0,0,0,0,0,0,0,0,0,0,0,4,0,39.904,-75.2401, , 
37582,441743,2014088751,6,67,67301,2014,8,7,9999,99,3,1,0,1,1, , ,N,0,0,0,3,0,2,3,2,N,N,40 01:14.423,75 08:25.698,215, ,211, ,0, ,N, ,0, , , , , , , , , ,2,2,0,0,0,0,0,0,0,0,0,2,2,0,1,0,0,0,0,0,0,1,0,0,0,0,0,0,0,0,0,0,0,0,0,4,0,40.0207,-75.1405, , 
37583,441747,2014091356,6,67,67301,2014,9,5,1638,16,1,1,0,4,1, , ,N,2,3,0,3,0,2,4,2,N,N,39 57:49.442,75 09:57.959,1655, ,1638, ,0, , , ,3, , , , , , , , , ,2,2,0,0,0,0,0,0,0,0,0,1,2,1,2,0,0,0,0,0,0,1,0,0,0,0,0,0,0,0,0,0,0,0,0,4,0,39.9637,-75.1661, , 
37584,429848,2014056992,6,67,67301,2014,2,4,820,8,1,1,0,1,1, , ,N,0,0,0,3,0,11,47,3,Y,N,40 03:31.617,75 03:02.309,849, ,843,9,2,4,N, ,0,Y, , , , , , , , ,3,0,0,1,0,0,0,1,0,0,0,0,11,11,0,0,0,0,0,0,0,0,0,1,0,0,0,0,0,0,0,0,0,0,0,8,1,40.0588,-75.0506, , 
37585,429851,2014059039,6,67,67301,2014,3,6,1150,11,1,2,1,4,1, , ,N,3,0,0,3,0,4,4,2,N, ,40 01:39.306,75 03:43.341,1158, ,1153, ,0, , , ,0, , , , , , , , , ,2,2,0,0,0,0,0,0,0,0,0,4,4,0,0,0,0,0,0,0,0,0,0,0,0,0,0,0,0,0,0,0,0,0,0,4,0,40.0275,-75.062, , 
37586,429860,2014024028,6,67,67301,2014,1,1,501,5,3,4,1,1,1, , ,N,0,7,0,3,0,3,3,2,N,N,39 58:32.971,75 11:42.580,501, ,501,2,2,3,N, ,4,Y, , , , , , , , ,2,2,0,0,0,0,0,0,0,0,0,0,3,3,0,0,0,0,0,0,0,0,0,2,0,0,0,0,0,0,0,0,0,0,0,8,0,39.9758,-75.1952, , 
37587,429873,2014032388,6,67,67301,2014,2,3,9999,99,1,1,8,1,1, , ,N,0,0,0,3,0,1,2,2,N,N,39 53:40.966,75 13:48.125,1226, ,1217,2,1,1,N, ,0,N, , , , , , , , ,2,0,0,0,1,1,0,0,0,0,0,0,1,1,0,0,0,0,0,0,1,0,0,0,0,0,0,0,0,0,0,0,0,0,0,8,1,39.8947,-75.23, , 
37588,429875,2014034779,6,67,67301,2014,3,5,1224,12,1,1,0,4,1, , ,N,6,4,8,3,0,1,4,2,N,N,39 54:43.878,75 10:15.988,1237, ,1224,1,1,4,N, ,3,N, , , , , , , , ,2,1,0,0,0,1,0,0,0,0,0,1,1,0,0,0,0,0,0,0,0,0,0,0,0,0,0,0,0,0,0,0,0,0,0,4,1,39.9122,-75.1711, , 
37589,429891,2014047624,6,67,67301,2014,5,3,1848,18,1,1,0,6,1, , ,N,0,0,0,3,0,1,2,2,N,N,40 00:03.611,75 04:44.703,1902, ,1848, ,0, ,N, ,0, , , , , , , , , ,2,2,0,0,0,0,0,0,0,0,0,1,1,0,0,0,0,0,0,0,0,0,1,0,0,0,0,0,0,0,0,0,0,0,0,4,0,40.001,-75.0791, , 
37590,429916,2014074482,6,67,67301,2014,5,6,2200,22,3,1,0,1,1, , ,N,0,0,0,3,0,3,5,2,N, ,40 00:25.340,75 12:49.963,2216, ,2208,2,1,1, , ,0,N, , , , , , , , ,2,2,0,0,0,0,0,0,0,0,0,1,3,2,0,0,0,0,0,0,0,0,0,0,0,0,0,0,0,0,0,0,0,0,0,4,0,40.007,-75.2139, , 
37591,429953,2014068160,6,67,67301,2014,4,1,2306,23,3,1,0,8,1, , ,N,1,2,0,3,0,1,2,2,N,N,39 58:11.966,75 08:35.145,30, ,28, ,0, , , ,3, , , , , , , , , ,1,0,0,0,0,0,0,0,0,0,1,0,1,0,0,0,0,0,0,0,0,0,0,0,0,0,0,0,0,0,0,0,1,0,0,3,0,39.9699,-75.1431, , 
37592,429956,2014069442,6,67,67301,2014,6,1,1909,19,1,1,1,8,1, , ,N,1,3,0,3,0,1,2,2,N,N,40 00:42.782,75 05:10.316,1915, ,1910, ,0, , , ,3, , , , , , , , , ,1,0,0,0,0,0,0,1,0,0,0,1,1,0,0,0,0,0,0,0,0,0,1,0,0,0,0,0,0,0,0,0,1,0,0,4,0,40.0119,-75.0862, , 
37593,429984,2014044279,6,67,67301,2014,4,2,120,1,3,1,0,1,1, , ,N,0,0,0,3,0,1,2,2,N,N,39 58:47.293,75 12:17.171,125, ,120, ,0, ,N, ,0, , , , , , , , , ,2,2,0,0,0,0,0,0,0,0,0,1,1,0,0,0,0,0,0,0,1,0,0,0,0,0,0,0,0,0,0,0,0,0,0,4,0,39.9798,-75.2048, , 
37594,429985,2014044627,6,67,67301,2014,3,1,2243,22,3,1,0,7,5, , ,N,0,0,0,3,0,1,2,1,N,N,40 04:04.162,75 09:56.408,2307, ,2300, ,0, ,N, ,0, , , , , , , , , ,1,1,0,0,0,0,0,0,0,0,0,1,1,0,0,0,0,0,0,0,0,0,0,0,0,0,0,0,0,0,0,0,0,0,0,4,0,40.0678,-75.1657, , 
37595,429987,2014049655,6,67,67301,2014,4,3,745,7,1,8,0,5,6, , ,N,0,0,0,3,0,1,2,3,N,N,39 56:13.523,75 10:36.273,753, ,748,2,2,2, , ,0,Y, , , , , , , , ,2,2,0,0,0,0,0,0,1,0,0,0,1,1,0,0,0,0,0,0,0,0,0,0,0,0,0,0,0,0,0,0,0,0,0,8,0,39.9371,-75.1767, , 
37596,429992,2014054475,6,67,67301,2014,4,1,0,0,3,1,0,4,1, , ,N,2,3,0,3,0,0,6,5,N, ,40 01:05.010,75 09:33.605,40, ,23,9,1,2, , ,3,N, , , , , , , , ,5,3,0,0,1,0,0,1,0,0,0,0,0,0,5,0,0,0,0,0,0,0,0,0,0,0,0,0,0,0,0,0,0,0,0,9,0,40.0181,-75.1593, , 
37597,429993,2014054485,6,67,67301,2014,4,5,2200,22,3,1,0,8,4, , ,N,1,3,0,3,0,1,2,2,N,N,40 02:03.260,75 07:32.577,2215, ,2200, ,0, ,N, ,3, , , , , , , , , ,1,1,0,0,0,0,0,0,0,0,0,0,1,1,0,0,0,0,0,0,0,0,0,0,0,0,0,0,0,0,0,0,1,0,0,8,0,40.0342,-75.1257, , 
37598,429994,2014054627,6,67,67301,2014,4,7,1210,12,1,1,0,4,1, , ,N,1,3,0,3,0,1,2,2,N,N,40 00:15.058,75 09:37.789,1223, ,1221, ,0, ,N, ,3, , , , , , , , , ,1,1,0,0,0,0,0,0,1,0,0,1,1,0,0,0,0,0,0,0,0,0,0,1,0,0,0,0,0,0,0,0,0,0,0,4,0,40.0042,-75.1605, , 
37599,430008,2014016134,6,67,67301,2014,1,2,1845,18,3,1,0,4,1, , ,N,0,0,7,3,0,2,3,2,N,N,40 00:24.588,75 07:24.672,1900, ,1855, ,0, ,N, ,0, , , , , , , , , ,2,2,0,0,0,0,0,0,0,0,0,2,2,0,0,0,0,0,0,0,0,0,0,0,0,0,0,0,0,0,0,0,0,0,0,4,0,40.0068,-75.1235, , 
37600,430012,2014024973,6,67,67301,2014,2,2,455,4,3,2,1,7,2, , ,N,7,0,2,3,0,0,1,1,N,N,39 56:55.117,75 11:09.395,511, ,502,2,2,4,N, ,0,Y, , , , , , , , ,1,0,0,0,1,0,0,0,0,0,0,0,0,0,1,0,0,0,0,0,0,0,0,0,0,0,0,0,0,0,0,0,0,0,0,9,0,39.9486,-75.1859, , 
37601,430016,2014030256,6,67,67301,2014,1,5,730,7,1,1,0,8,1, , ,N,1,2,0,3,0,1,2,2,N,N,40 01:13.023,75 04:49.359,1200, ,1159, ,0, ,N, ,3, , , , , , , , , ,1,0,0,0,0,0,0,0,0,0,0,1,1,0,0,0,0,0,0,0,0,0,0,0,0,0,0,0,0,0,0,0,1,0,0,4,0,40.0203,-75.0804, , 
37602,422207,2014028070,6,67,67301,2014,2,3,1800,18,4,1,1,8,1, , ,N,0,0,0,3,0,1,2,2,N, ,39 57:58.094,75 09:36.246,1820, ,1810, ,0, , , ,0, , , , , , , , , ,1,1,0,0,0,0,0,0,0,0,0,1,1,0,0,0,0,1,0,0,0,0,0,0,0,0,0,0,0,0,0,0,1,0,0,4,0,39.9661,-75.1601, , 
37603,422219,2014049508,6,46,46102,2014,4,7,2050,20,3,1,0,4,1, , ,N,1,2,0,3,0,1,2,2,N, ,40 03:55.027,75 05:25.289,2125, ,2102, ,0, , , ,3, , , , , , , , , ,2,0,0,0,0,0,2,0,0,0,0,0,1,1,0,0,0,0,0,0,0,0,0,0,0,0,0,0,0,0,0,0,0,0,0,8,0,40.0653,-75.0904, , 
37604,422220,2014049608,6,67,67301,2014,4,5,815,8,1,1,0,4,1, , ,N,1,3,0,3,0,1,2,2,N,N,39 57:01.504,75 14:42.907,820, ,816, ,0, , , ,3, , , , , , , , , ,2,1,0,0,0,0,1,0,0,0,0,1,1,0,0,0,0,0,0,0,1,0,0,0,0,0,0,0,0,0,0,0,0,0,0,4,0,39.9504,-75.2453, , 
37605,422227,2014058995,6,67,67301,2014,5,3,800,8,1,1,0,1,1, , ,N,1,2,0,3,0,1,3,2,N,N,40 02:37.165,75 08:59.326,835, ,827, ,0, ,N, ,3, , , , , , , , , ,2,1,0,0,0,0,1,0,0,0,0,1,1,0,0,0,0,0,0,0,1,0,0,0,0,0,0,0,0,0,0,0,0,0,0,4,0,40.0437,-75.1498, , 
37606,422243,2014008299,6,67,67301,2014,1,4,1919,19,3,1,0,1,1, , ,N,0,0,0,3,0,4,5,2,N,N,39 57:41.651,75 10:57.420,1948, ,1919, ,0, ,N, ,0, , , , , , , , , ,2,0,0,0,0,0,1,1,0,0,0,0,4,4,0,0,0,0,0,0,0,0,0,0,0,0,0,0,0,0,0,0,0,0,0,8,0,39.9616,-75.1826, , 
37607,422260,2014029884,6,67,67301,2014,2,6,1218,12,1,1,0,1,1, , ,N,0,2,0,3,0,1,6,2,N,N,39 59:50.074,75 10:02.283,1220, ,1220, ,0, , , ,3, , , , , , , , , ,2,1,0,0,1,0,0,0,0,0,0,1,1,0,0,0,0,0,1,0,0,0,0,0,0,0,0,0,0,0,0,0,0,0,0,4,0,39.9972,-75.1673, , 
37608,422266,2014034166,6,67,67301,2014,2,6,9999,99,3,1,0,4,1, , ,N,1,2,0,3,0,2,6,2,N, ,40 01:58.442,75 06:24.270,2005, ,1959, ,0, , , ,3, , , , , , , , , ,2,2,0,0,0,0,0,0,0,0,0,0,2,2,0,0,0,0,0,0,0,0,0,0,0,0,0,0,0,0,0,0,0,0,0,8,0,40.0329,-75.1067, , 
37609,422326,2014043182,6,67,67301,2014,4,2,1053,10,1,1,0,1,1, , ,N,0,0,0,3,0,1,5,2,N,N,39 55:07.994,75 08:52.032,1112, ,1056,3,2,1,N, ,0,N, , , , , , , , ,2,2,0,0,0,0,0,0,0,0,0,0,1,1,0,0,0,0,0,1,0,0,0,0,0,0,0,0,0,0,0,0,0,0,0,8,0,39.9189,-75.1478, , 
37610,422332,2014048794,6,67,67301,2014,5,1,430,4,3,1,0,1,1, , ,N,0,0,0,3,0,1,2,2,N,N,39 59:51.203,75 11:45.848,435, ,431, ,0, ,N, ,0, , , , , , , , , ,2,1,0,0,1,0,0,0,0,0,0,1,1,0,0,0,0,0,0,0,0,0,0,0,0,0,0,0,0,0,0,0,0,0,0,4,0,39.9976,-75.1961, , 
37611,422339,2014058996,6,67,67301,2014,5,3,2012,20,3,1,0,4,1, , ,N,1,2,0,3,0,1,2,6,N,N,40 02:17.896,75 04:31.313,2017, ,2014, ,0, ,N, ,3, , , , , , , , , ,6,5,0,0,0,0,1,0,0,0,0,0,1,1,0,0,0,0,0,0,0,0,0,0,0,0,0,0,0,0,0,0,0,0,0,8,0,40.0383,-75.0754, , 
37612,422347,2014068020,6,67,67301,2014,5,3,2208,22,3,2,1,8,1, , ,N,1,3,0,3,0,1,2,2,N, ,39 59:51.471,75 10:13.583,2212, ,2208, ,0, , , ,3, , , , , , , , , ,1,1,0,0,0,0,0,0,0,0,0,1,1,0,0,0,0,0,0,0,0,0,0,0,0,0,0,0,0,0,0,0,1,0,0,4,0,39.9976,-75.1704, , 
37613,422348,2014068186,6,67,67301,2014,6,2,654,6,1,1,0,2,4, , ,N,0,0,0,3,0,0,3,3,N,N,39 55:09.549,75 14:03.928,724, ,720, ,0, ,N, ,0, , , , , , , , , ,3,3,0,0,0,0,0,0,0,0,0,0,0,0,0,0,0,0,0,0,0,0,0,0,0,0,0,0,0,0,0,0,0,0,0,0,0,39.9193,-75.2344, , 
37614,422353,2014075225,6,67,67301,2014,6,4,2137,21,3,1,0,1,1, , ,N,1,2,0,3,0,4,6,2,N,N,40 00:30.146,75 08:39.534,2138, ,2137, ,0, ,N, ,3, , , , , , , , , ,2,1,0,0,1,0,0,0,0,0,0,0,4,4,0,0,0,0,0,0,0,0,0,0,0,0,0,0,0,0,0,0,0,0,0,8,0,40.0084,-75.1443, , 
37615,422364,2014087819,6,67,67301,2014,8,6,1642,16,1,1,0,1,1, , ,N,0,0,0,3,0,1,5,4,N,N,40 02:39.988,75 05:10.952,1655, ,1648,2,1,4,N, ,0,N, , , , , , , , ,4,3,0,0,0,0,1,0,0,0,0,1,1,0,0,0,0,0,0,0,4,0,0,0,0,0,0,0,0,0,0,0,0,0,0,4,0,40.0444,-75.0864, , 
37616,422390,2014058281,6,67,67301,2014,6,5,1122,11,1,1,0,7,4,2,4,Y,0,2,0,3,0,0,2,2,N,N,39 53:55.826,75 10:15.659,1134,45,1123,1,2,2,Y, ,3,Y,N,N,N,N,N,N,N,Y,2,1,0,0,0,0,0,1,0,0,0,0,0,0,1,0,0,0,0,0,1,0,0,0,0,0,0,0,0,0,0,0,0,0,0,9,0,39.8988,-75.171, , 
37617,422413,2014078784,6,67,67301,2014,6,4,801,8,1,1,0,8,1, , ,N,1,2,0,3,0,1,2,2,N,N,39 57:20.839,75 13:32.687,805, ,804, ,0, ,N, ,3, , , , , , , , , ,1,1,0,0,0,0,0,0,0,0,0,0,1,1,0,0,0,0,0,0,0,0,0,0,0,0,0,0,0,0,0,0,1,0,0,8,0,39.9558,-75.2257, , 
37618,422421,2014088155,6,67,67301,2014,7,5,655,6,1,1,0,1,1, , ,N,1,2,0,3,0,1,2,2,N, ,40 03:42.317,75 03:21.839,705, ,655,1,1,2, , ,3,Y, , , , , , , , ,2,2,0,0,0,0,0,0,0,0,0,0,1,1,0,0,0,0,0,0,0,0,0,0,0,0,0,0,0,0,0,0,0,0,0,8,0,40.0618,-75.0561, , 
37619,422443,2014016969,6,67,67301,2014,1,6,1755,17,3,2,1,4,1, , ,N,5,2,2,3,0,0,4,2,N,N,39 57:25.688,75 09:03.847,1804, ,1801, ,0, , , ,3, , , , , , , , , ,2,1,0,0,1,0,0,0,0,0,0,0,0,0,0,0,0,0,0,0,1,0,0,0,0,0,0,0,0,0,0,0,0,0,0,0,0,39.9571,-75.1511, , 
37620,426137,2014054648,6,67,67301,2014,5,6,1520,15,1,1,0,1,1, , ,N,6,0,2,3,0,1,3,2,N,N,40 06:32.507,74 59:44.998,1610, ,1535,1,1,2,N, ,0,N, , , , , , , , ,2,2,0,0,0,0,0,0,0,0,0,1,1,0,0,0,0,0,0,0,1,0,0,0,0,0,0,0,0,0,0,0,0,0,0,4,0,40.109,-74.9958, , 
37621,426143,2014003012,6,67,67301,2014,1,5,1955,19,3,4,3,7,2, , ,N,0,8,3,3,0,0,1,1,N,N,39 54:20.411,75 07:57.344,2000, ,1957,1,2,3,N, ,3,N, , , , , , , , ,1,0,0,0,1,0,0,0,0,0,0,0,0,0,0,0,0,0,0,0,0,0,0,0,0,0,0,0,0,0,0,0,0,0,0,0,0,39.9057,-75.1326, , 
37622,426169,2014039393,6,67,67301,2014,3,5,852,8,1,1,0,1,1, , ,N,0,2,0,3,0,2,4,3,N,N,40 03:41.274,75 09:04.497,901, ,854, ,0, ,N, ,3, , , , , , , , , ,3,1,0,0,0,0,2,0,0,0,0,2,2,0,0,0,0,0,0,0,3,0,0,0,0,0,0,0,0,0,0,0,0,0,0,4,0,40.0615,-75.1512, , 
37623,426178,2014046700,6,67,67301,2014,5,7,1008,10,1,1,0,7,7, , ,N,6,0,2,3,0,1,2,2,N,N,40 00:23.138,75 11:35.350,1028, ,1011,1,2,2,Y, ,0,N, , , , , , , , ,2,2,0,0,0,0,0,0,0,0,0,1,1,0,0,0,0,0,0,0,0,0,0,0,0,0,0,0,0,0,0,0,0,0,0,4,0,40.0064,-75.1932, , 
37624,426181,2014049451,6,67,67301,2014,4,3,203,2,3,1,0,6,6, , ,N,0,0,0,3,0,1,1,3,N,N,40 04:04.403,75 01:45.196,207, ,203,1,1,3,N, ,0,N, , , , , , , , ,3,3,0,0,0,0,0,0,0,0,0,1,1,0,0,0,0,0,0,0,0,0,0,0,0,0,0,0,0,0,0,0,0,0,0,4,0,40.0679,-75.0292, , 
37625,426182,2014049495,6,67,67301,2014,4,6,1248,12,1,1,0,7,5, , ,N,0,0,0,3,0,0,1,1,N,N,39 55:26.810,75 09:28.913,1251, ,1248, ,0, ,N, ,0, , , , , , , , , ,1,0,0,0,0,0,1,0,0,0,0,0,0,0,0,0,0,0,0,0,0,0,0,0,0,0,0,0,0,0,0,0,0,0,0,0,0,39.9241,-75.158, , 
37626,426183,2014049740,6,67,67301,2014,4,6,135,1,3,2,1,8,1, , ,N,0,0,0,3,0,1,2,2,N,N,39 57:39.949,75 08:46.914,145, ,142, ,0, ,N, ,0, , , , , , , , , ,1,0,0,0,0,0,0,1,0,0,1,0,1,0,0,0,0,0,0,0,0,0,0,0,0,0,0,0,0,0,0,0,1,0,0,3,0,39.9611,-75.1464, , 