objectid_1,objectid,crn,district,county,municipality,crash_year,crash_month,day_of_week,time_of_day,hour_of_day,illumination,weather,road_condition,collision_type,relation_to_road,work_zone_type,work_zone_loc,work_zone_ind,intersect_type,tcd_type,location_type,urban_rural,fatal_count,injury_count,person_count,total_units,sch_bus_ind,sch_zone_ind,latitude,longitude,arrival_tm,cons_zone_spd_lim,dispatch_tm,est_hrs_closed,lane_closed,ln_close_dir,ntfy_hiwy_maint,spec_juris_cd,tcd_func_cd,tfc_detour_ind,workers_pres,wz_close_detour,wz_flagger,wz_law_offcr_ind,wz_ln_closure,wz_moving,wz_other,wz_shlder_mdn,vehicle_count,automobile_count,motorcycle_count,bus_count,small_truck_count,heavy_truck_count,suv_count,van_count,bicycle_count,maj_inj_count,mod_inj_count,min_inj_count,tot_inj_count,unk_inj_deg_count,unk_inj_per_count,driver_count_16yr,driver_count_17yr,driver_count_18yr,driver_count_19yr,driver_count_20yr,driver_count_50_64yr,driver_count_65_74yr,driver_count_75plus,unbelted_occ_count,unb_death_count,unb_maj_inj_count,belted_death_count,belted_maj_inj_count,mcycle_death_count,mcycle_maj_inj_count,bicycle_death_count,bicycle_maj_inj_count,ped_count,ped_death_count,ped_maj_inj_count,max_severity_level,comm_veh_count,dec_lat,dec_long,rdwy_surf_type_cd,county_name
37694,426368,2014097852,6,67,67301,2014,10,6,2045,20,3,1,0,0,1, , ,N,0,0,0,3,0,0,2,2,N,N,39 53:54.918,75 10:52.729,2045, ,2045, ,0, ,N, ,0, , , , , , , , , ,2,1,0,0,0,0,1,0,0,0,0,0,0,0,0,0,0,0,0,0,0,0,0,0,0,0,0,0,0,0,0,0,0,0,0,0,0,39.8986,-75.1813, , 
37695,426395,2014013056,6,67,67301,2014,1,1,20,0,3,2,5,1,1, , ,N,0,0,0,3,0,1,3,2,N,N,40 06:24.382,75 02:13.768,633, ,626,2,2,3,N, ,0,N, , , , , , , , ,2,1,0,0,0,0,1,0,0,0,0,0,1,1,0,0,0,1,0,0,1,0,0,0,0,0,0,0,0,0,0,0,0,0,0,8,0,40.1068,-75.0372, , 
37696,426405,2014023737,6,67,67301,2014,2,2,1102,11,1,1,0,7,2, , ,N,0,0,0,3,0,0,1,1,N,N,39 58:42.201,75 06:37.725,1112, ,1103,1,2,1,Y, ,0,Y, , , , , , , , ,1,1,0,0,0,0,0,0,0,0,0,0,0,0,1,0,0,0,0,0,1,0,0,0,0,0,0,0,0,0,0,0,0,0,0,9,0,39.9784,-75.1105, , 
37697,426419,2014042672,6,67,67301,2014,4,3,1246,12,1,1,0,4,1, , ,N,1,2,0,3,0,3,3,3,N,N,39 59:12.447,75 10:50.908,1250, ,1246,1,1,5,N, ,3,Y, , , , , , , , ,3,1,0,0,0,0,2,0,0,0,1,2,3,0,0,0,0,0,0,0,0,1,0,0,0,0,0,0,0,0,0,0,0,0,0,3,0,39.9868,-75.1808, , 
37698,426420,2014042735,6,67,67301,2014,3,2,1930,19,1,1,0,8,1, , ,N,1,2,0,3,0,1,2,2,N, ,39 58:11.253,75 08:29.393,9999, ,9999, ,0, , , ,3, , , , , , , , , ,1,0,0,0,1,0,0,0,0,0,1,0,1,0,0,0,0,0,0,0,0,0,0,0,0,0,0,0,0,0,0,0,1,0,0,3,0,39.9697,-75.1416, , 
37699,426427,2014049773,6,67,67301,2014,4,6,1021,10,1,1,0,7,4, , ,N,0,0,0,3,0,3,3,1,N,N,39 54:48.705,75 13:37.507,1022, ,1022, ,0, , , ,0, , , , , , , , , ,1,1,0,0,0,0,0,0,0,0,0,0,3,3,0,0,0,0,0,0,0,0,0,0,0,0,0,0,0,0,0,0,0,0,0,8,0,39.9135,-75.2271, , 
37700,426455,2014025417,6,67,67301,2014,1,1,1714,17,3,8,1,4,1, , ,N,1,2,0,3,0,2,5,3,N,N,39 55:15.805,75 13:44.269,1717, ,1715,2,2,2,N, ,3,Y, , , , , , , , ,3,1,0,0,1,0,1,0,0,0,0,0,2,2,0,0,0,0,0,0,2,0,0,0,0,0,0,0,0,0,0,0,0,0,0,8,0,39.921,-75.2289, , 
37701,426459,2014031404,6,67,67301,2014,3,5,643,6,1,1,0,4,1, , ,N,0,0,0,3,0,1,2,2,N,N,40 00:34.830,75 03:52.785,705, ,653, ,0, ,N, ,0, , , , , , , , , ,2,0,0,0,0,0,2,0,0,0,0,1,1,0,0,0,0,0,0,0,0,0,0,0,0,0,0,0,0,0,0,0,0,0,0,4,0,40.0097,-75.0647, , 
37702,426472,2014042706,6,67,67301,2014,3,1,1645,16,1,2,1,4,1, , ,N,1,3,0,3,0,0,2,4,N, ,39 56:41.474,75 14:39.627,1710, ,1705, ,0, ,N, ,3, , , , , , , , , ,4,2,0,0,0,0,2,0,0,0,0,0,0,0,1,0,0,0,0,0,0,0,0,0,0,0,0,0,0,0,0,0,0,0,0,9,0,39.9449,-75.2443, , 
37703,426488,2014068047,6,67,67301,2014,5,7,242,2,3,1,0,7,4, , ,N,1,2,0,3,0,1,1,1,N,N,40 02:17.754,75 06:05.767,243, ,243, ,0, ,N, ,3, , , , , , , , , ,1,0,0,0,0,0,1,0,0,0,0,0,1,1,0,0,0,0,0,0,0,0,0,0,0,0,0,0,0,0,0,0,0,0,0,8,0,40.0383,-75.1016, , 
37704,426501,2014078883,6,67,67301,2014,6,6,9999,99,1,1,0,8,1, , ,N,0,0,0,3,0,1,2,2,N, ,40 00:28.640,75 09:57.158,1559, ,1558,2,2,3, , ,0,Y, , , , , , , , ,1,1,0,0,0,0,0,0,0,0,0,1,1,0,0,0,0,0,0,0,0,0,0,0,0,0,0,0,0,0,0,0,1,0,0,4,0,40.008,-75.1659, , 
37705,426505,2014087798,6,67,67301,2014,7,6,2319,23,3,1,0,4,1, , ,N,1,2,0,3,0,2,2,2,N,N,40 00:31.034,75 04:07.810,2330, ,2320,3,1,4,N, ,3,Y, , , , , , , , ,2,1,0,0,0,0,0,1,0,0,0,0,2,2,0,0,1,0,0,0,0,0,0,0,0,0,0,0,0,0,0,0,0,0,0,8,0,40.0086,-75.0688, , 
37706,426506,2014087881,6,67,67301,2014,6,5,9999,99,1,1,0,8,1, , ,N,0,0,0,3,0,1,4,2,N,N,39 56:09.895,75 10:57.458,1900, ,1848, ,0, ,N, ,0, , , , , , , , , ,1,0,0,0,0,0,1,0,0,0,0,1,1,0,0,0,0,0,0,0,0,0,0,0,0,0,0,0,0,0,0,0,1,0,0,4,0,39.9361,-75.1826, , 
37707,426515,2014095857,6,67,67301,2014,9,4,630,6,1,1,0,4,1, , ,N,1,2,0,3,0,1,3,2,Y,N,39 59:25.216,75 13:13.303,641, ,636, ,0, ,N, ,3, , , , , , , , , ,2,0,0,1,1,0,0,0,0,0,0,1,1,0,0,0,0,0,0,0,0,0,0,0,0,0,0,0,0,0,0,0,0,0,0,4,0,39.9903,-75.2204, , 
37708,426517,2014096846,6,67,67301,2014,9,7,639,6,5,1,0,7,4, , ,N,0,0,0,3,0,1,1,1,N,N,39 55:31.056,75 14:41.297,644, ,640, ,0, ,N, ,0, , , , , , , , , ,1,1,0,0,0,0,0,0,0,0,0,0,1,1,0,0,0,0,0,0,0,0,0,0,0,0,0,0,0,0,0,0,0,0,0,8,0,39.9253,-75.2448, , 
37709,426527,2014068575,6,67,67301,2014,6,2,9999,99,1,1,0,4,1, , ,N,1,3,0,3,0,1,2,2,N,N,39 59:37.419,75 06:31.297,850, ,850, ,0, ,N, ,3, , , , , , , , , ,1,1,0,0,0,0,0,0,1,0,0,1,1,0,0,0,0,0,0,0,0,0,0,0,0,0,0,0,0,0,0,0,0,0,0,4,0,39.9937,-75.1087, , 
37710,426553,2014025415,6,67,67301,2014,1,2,335,3,3,1,0,5,6, , ,N,0,0,0,3,0,0,1,4,N,N,40 02:58.293,75 09:02.440,341, ,340, ,0, ,N, ,0, , , , , , , , , ,4,1,0,0,2,0,1,0,0,0,0,0,0,0,0,0,0,0,0,0,0,0,0,0,0,0,0,0,0,0,0,0,0,0,0,0,0,40.0495,-75.1507, , 
37711,414406,2014042686,6,67,67301,2014,3,1,25,0,3,1,0,2,1, , ,N,0,0,0,3,0,1,3,2,N,N,39 57:48.351,75 08:07.513,114, ,114, ,0, ,N, ,0, , , , , , , , , ,2,1,0,0,0,0,1,0,0,0,0,1,1,0,0,0,0,0,0,0,0,0,0,0,0,0,0,0,0,0,0,0,0,0,0,4,0,39.9634,-75.1354, , 
37712,414410,2014049659,6,67,67301,2014,4,6,1740,17,4,1,0,5,6, , ,N,0,0,0,3,0,1,2,2,N,N,39 55:57.792,75 10:04.532,1755, ,1755, ,0, ,N, ,0, , , , , , , , , ,1,1,0,0,0,0,0,0,1,0,0,1,1,0,0,0,0,0,0,0,0,0,0,0,0,0,0,0,0,0,0,0,0,0,0,4,0,39.9327,-75.1679, , 
37713,414411,2014049777,6,67,67301,2014,4,5,1415,14,1,1,0,8,1, , ,N,0,0,0,3,0,1,2,2,N,N,40 02:07.508,75 02:36.733,1430, ,1420, ,0, , , ,0, , , , , , , , , ,1,0,0,0,1,0,0,0,0,0,0,1,1,0,0,0,0,0,0,0,0,0,0,0,0,0,0,0,0,0,0,0,1,0,0,4,0,40.0354,-75.0435, , 
37714,414447,2014030270,6,67,67301,2014,2,2,630,6,3,8,4,1,1, , ,N,1,2,0,3,0,1,3,2,N,N,40 02:03.403,75 04:28.523,655, ,634,1,1,2,N, ,3,N, , , , , , , , ,2,0,0,0,1,0,1,0,0,0,0,1,1,0,0,0,0,0,0,0,0,0,0,0,0,0,0,0,0,0,0,0,0,0,0,4,0,40.0343,-75.0746, , 
37715,414454,2014038965,6,67,67301,2014,3,3,855,8,1,1,0,4,1, , ,N,2,0,0,3,0,1,2,2,N,N,40 01:35.418,75 12:14.350,910, ,901,2,1,2,N, ,0,N, , , , , , , , ,2,2,0,0,0,0,0,0,0,0,0,1,1,0,0,0,0,0,0,0,0,0,0,0,0,0,0,0,0,0,0,0,0,0,0,4,0,40.0265,-75.204, , 
37716,414455,2014039004,6,67,67301,2014,3,7,425,4,3,1,0,4,1, , ,N,2,3,0,3,0,0,2,3,N, ,40 00:51.170,75 08:29.259,437, ,434, ,0, , , ,3, , , , , , , , , ,3,2,0,0,0,1,0,0,0,0,0,0,0,0,1,0,0,0,0,0,0,0,0,2,0,0,0,0,0,0,0,0,0,0,0,9,1,40.0142,-75.1415, , 
37717,414456,2014039392,6,67,67301,2014,3,1,605,6,3,2,1,4,1, , ,N,1,2,0,3,0,1,3,2,N,N,39 55:26.156,75 13:19.597,608, ,607, ,0, ,N, ,3, , , , , , , , , ,2,1,0,0,0,0,1,0,0,0,0,1,1,0,0,0,0,0,0,0,0,0,0,0,0,0,0,0,0,0,0,0,0,0,0,4,0,39.9239,-75.2221, , 
37718,414459,2014042683,6,67,67301,2014,3,6,736,7,1,2,1,4,1, , ,N,0,0,7,3,0,0,2,2,N,N,40 07:00.069,75 01:37.876,750, ,747,1,1,1,N, ,0,N, , , , , , , , ,2,2,0,0,0,0,0,0,0,0,0,0,0,0,0,0,0,0,0,0,0,1,0,0,0,0,0,0,0,0,0,0,0,0,0,0,0,40.1167,-75.0272, , 
37719,414467,2014049755,6,67,67301,2014,4,5,803,8,1,1,0,2,1, , ,N,0,0,0,3,0,2,2,2,N, ,40 02:54.214,75 05:48.342,809, ,804, ,0, , , ,0, , , , , , , , , ,2,2,0,0,0,0,0,0,0,0,0,2,2,0,0,0,0,0,0,0,0,0,0,0,0,0,0,0,0,0,0,0,0,0,0,4,0,40.0484,-75.0968, , 
37720,414514,2014039060,6,67,67301,2014,3,5,1715,17,1,1,0,4,1, , ,N,1,3,0,3,0,1,2,2,N, ,39 57:29.433,75 13:44.921,1725, ,1721, ,0, ,N, ,3, , , , , , , , , ,2,1,0,0,0,0,0,0,0,0,0,0,1,1,0,0,0,0,0,0,0,0,0,0,0,0,0,0,0,0,0,0,0,0,0,8,0,39.9582,-75.2291, , 
37721,414546,2014027710,6,67,67301,2014,2,7,2130,21,3,1,0,4,1, , ,N,0,0,0,3,0,3,4,2,N,N,39 56:17.998,75 13:39.349,2138, ,2136,2,2,6, , ,0,Y, , , , , , , , ,2,1,0,0,0,0,0,1,0,0,0,0,3,3,1,0,0,0,0,0,0,1,0,0,0,0,0,0,0,0,0,0,0,0,0,8,0,39.9383,-75.2276, , 
37722,414551,2014032461,6,67,67301,2014,2,3,1755,17,3,1,0,1,1, , ,N,1,2,0,3,0,1,2,2,N,N,40 01:41.801,75 07:12.241,2322, ,2319, ,0, ,N, ,3, , , , , , , , , ,2,2,0,0,0,0,0,0,0,0,1,0,1,0,0,0,0,0,0,0,0,0,0,0,0,0,0,0,0,0,0,0,0,0,0,3,0,40.0283,-75.1201, , 
37723,414555,2014035827,6,67,67301,2014,3,7,1005,10,1,2,1,4,1, , ,N,0,0,0,3,0,0,2,2,N,N,39 56:46.636,75 11:20.510,1020, ,1005,1,2,4,N, ,0,Y, , , , , , , , ,2,1,0,0,0,1,0,0,0,0,0,0,0,0,1,0,0,0,0,0,0,0,0,0,0,0,0,0,0,0,0,0,0,0,0,9,1,39.9463,-75.189, , 
37724,414575,2014003968,6,67,67301,2014,1,5,2027,20,3,4,3,5,1, , ,N,0,0,0,3,0,0,2,2,N,N,39 55:51.261,75 11:56.739,2027, ,2027,2,2,3,N, ,0,N, , , , , , , , ,2,1,0,0,0,0,1,0,0,0,0,0,0,0,0,0,0,0,0,0,0,0,0,0,0,0,0,0,0,0,0,0,0,0,0,0,0,39.9309,-75.1991, , 
37725,414590,2014018197,6,67,67301,2014,2,1,902,9,1,1,0,7,2, , ,N,0,0,0,3,0,2,2,1,N,N,39 54:09.507,75 09:03.586,908, ,904,1,1,2,N, ,0,N, , , , , , , , ,1,1,0,0,0,0,0,0,0,0,0,0,2,2,0,0,0,0,0,0,0,0,0,0,0,0,0,0,0,0,0,0,0,0,0,8,0,39.9026,-75.151, , 
37726,414593,2014025294,6,67,67301,2014,1,4,2046,20,3,1,0,4,1, , ,N,5,2,2,3,0,7,9,3,N,N,39 57:28.586,75 09:50.892,2052, ,2050, ,0, ,N, ,3, , , , , , , , , ,3,2,0,0,0,0,1,0,0,0,1,6,7,0,0,0,0,0,0,0,1,0,0,0,0,0,0,0,0,0,0,0,0,0,0,3,0,39.9579,-75.1641, , 
37727,414596,2014029908,6,67,67301,2014,1,5,928,9,1,1,0,5,6, , ,N,0,0,0,3,0,1,1,6,N,N,40 00:33.916,75 07:18.988,931, ,928,3,1,1,N, ,0,Y, , , , , , , , ,6,1,0,0,2,0,3,0,0,0,0,1,1,0,0,0,0,0,0,0,0,0,0,0,0,0,0,0,0,0,0,0,0,0,0,4,0,40.0094,-75.1219, , 
37728,414597,2014032332,6,67,67301,2014,2,7,635,6,1,8,5,7,4, , ,N,0,0,0,3,0,0,1,1,N,N,40 05:17.127,75 02:35.144,639, ,639, ,0, , , ,0, , , , , , , , , ,1,0,0,0,1,0,0,0,0,0,0,0,0,0,0,0,0,0,1,0,0,0,0,0,0,0,0,0,0,0,0,0,0,0,0,0,0,40.0881,-75.0431, , 
37729,418372,2014050302,6,67,67301,2014,4,4,736,7,1,1,0,4,1, , ,N,1,2,0,3,0,2,5,3,N,N,39 55:02.019,75 14:14.620,751, ,736,3,2,7,N, ,3,Y, , , , , , , , ,3,2,0,0,0,0,1,0,0,0,0,2,2,0,0,0,0,0,0,0,1,0,0,0,0,0,0,0,0,0,0,0,0,0,0,4,0,39.9172,-75.2374, , 
37730,418397,2014020023,6,67,67301,2014,2,7,1621,16,1,1,0,1,1, , ,N,0,0,0,3,0,0,2,2,N,N,39 57:33.956,75 10:27.417,1621, ,1621,1,2,4,N, ,0,Y, , , , , , , , ,2,0,0,0,0,0,2,0,0,0,0,0,0,0,0,0,1,0,0,0,0,0,0,1,0,0,0,0,0,0,0,0,0,0,0,0,0,39.9594,-75.1743, , 
37731,418400,2014025437,6,67,67301,2014,1,6,1403,14,1,1,0,1,1, , ,N,0,2,0,3,0,1,5,3,N,N,40 02:22.538,75 01:59.589,1416, ,1910, ,0, ,N, ,3, , , , , , , , , ,3,1,0,0,0,0,2,0,0,0,0,1,1,0,2,0,0,0,0,0,0,0,0,0,0,0,0,0,0,0,0,0,0,0,0,4,0,40.0396,-75.0332, , 
37732,418417,2014041250,6,67,67301,2014,3,5,2340,23,3,1,0,7,2, , ,N,0,0,0,3,0,2,2,2,N,N,39 56:10.351,75 11:58.226,2349, ,2342,3,2,4,Y, ,0,Y, , , , , , , , ,2,1,0,0,0,0,1,0,0,0,2,0,2,0,0,0,0,0,0,0,1,0,0,0,0,0,0,0,0,0,0,0,0,0,0,3,0,39.9362,-75.1995, , 
37733,418424,2014046695,6,67,67301,2014,5,5,1407,14,1,1,0,1,1, , ,N,0,0,0,3,0,1,4,3,N,N,39 59:06.115,75 05:39.774,1416, ,1407,1,2,1,N, ,0,N, , , , , , , , ,3,2,0,0,0,0,1,0,0,0,0,1,1,0,0,0,0,0,0,0,0,1,0,0,0,0,0,0,0,0,0,0,0,0,0,4,0,39.985,-75.0944, , 
37734,418439,2014078765,6,67,67301,2014,5,5,1200,12,1,1,0,5,6, , ,N,0,0,0,3,0,0,3,2,N,N,39 57:06.472,75 10:18.935,1217, ,1204,1,1,2,N, ,0,N, , , , , , , , ,2,1,0,0,0,0,0,1,0,0,0,0,0,0,0,0,0,0,1,0,0,0,0,0,0,0,0,0,0,0,0,0,0,0,0,0,0,39.9518,-75.1719, , 
37735,418446,2014088111,6,67,67301,2014,7,6,1107,11,1,1,0,7,4, , ,N,1,2,0,3,0,1,1,1,N,N,39 54:48.261,75 13:37.916,1124, ,1109, ,0, ,N, ,3, , , , , , , , , ,1,1,0,0,0,0,0,0,0,0,0,1,1,0,0,0,0,0,1,0,0,0,0,1,0,0,0,0,0,0,0,0,0,0,0,4,0,39.9134,-75.2272, , 
37736,418448,2014088635,6,67,67301,2014,7,6,1410,14,1,1,0,4,1, , ,N,1,3,0,3,0,3,4,2,N,N,40 03:47.592,75 11:01.827,1450, ,1442, ,0, ,N, ,3, , , , , , , , , ,2,2,0,0,0,0,0,0,0,0,0,2,3,1,1,0,0,0,0,0,0,0,0,0,0,0,0,0,0,0,0,0,0,0,0,4,0,40.0632,-75.1838, , 
37737,418496,2014030284,6,67,67301,2014,2,4,1500,15,1,3,1,4,1, , ,N,1,3,0,3,0,0,2,2,N,N,39 58:33.531,75 09:34.070,1520, ,1520, ,0, ,N, ,3, , , , , , , , , ,2,1,0,0,0,0,1,0,0,0,0,0,0,0,0,0,0,0,0,0,0,0,0,0,0,0,0,0,0,0,0,0,0,0,0,0,0,39.976,-75.1595, , 
37738,418497,2014032338,6,67,67301,2014,2,7,1200,12,1,8,5,5,6, , ,N,0,0,0,3,0,0,1,2,N,N,40 01:09.986,75 12:38.979,1210, ,1200, ,0, ,N, ,0, , , , , , , , , ,2,2,0,0,0,0,0,0,0,0,0,0,0,0,0,0,0,0,0,0,1,0,0,0,0,0,0,0,0,0,0,0,0,0,0,0,0,40.0194,-75.2108, , 
37739,418502,2014034844,6,67,67301,2014,2,7,2018,20,3,1,0,4,1, , ,N,1,2,0,3,0,1,5,2,N,N,40 01:37.801,75 09:04.478,2046, ,2044, ,0, ,N, ,3, , , , , , , , , ,2,1,0,0,0,0,1,0,0,0,0,1,1,0,0,0,0,0,0,0,0,0,0,0,0,0,0,0,0,0,0,0,0,0,0,4,0,40.0272,-75.1512, , 
37740,418517,2014049496,6,67,67301,2014,4,3,944,9,1,1,0,8,1, , ,N,5,2,2,3,0,1,2,2,N,N,39 57:28.586,75 09:50.892,948, ,944, ,0, ,N, ,3, , , , , , , , , ,1,0,0,0,1,0,0,0,0,0,1,0,1,0,0,0,0,0,0,0,1,0,0,0,0,0,0,0,0,0,0,0,1,0,0,3,0,39.9579,-75.1641, , 
37741,418518,2014049867,6,67,67301,2014,4,7,1900,19,4,1,0,5,6, , ,N,0,0,0,3,0,1,1,2,N,N,39 56:25.937,75 10:10.301,1940, ,1935, ,0, ,N, ,0, , , , , , , , , ,2,1,0,0,0,0,1,0,0,0,1,0,1,0,0,0,0,0,0,0,0,0,0,0,0,0,0,0,0,0,0,0,0,0,0,3,0,39.9405,-75.1695, , 
37742,418549,2014027702,6,67,67301,2014,1,6,2034,20,3,1,0,8,1, , ,N,0,0,0,3,0,1,2,2,N,N,39 56:53.394,75 13:16.626,2054, ,2034, ,0, ,N, ,0, , , , , , , , , ,1,1,0,0,0,0,0,0,0,0,0,0,1,1,0,0,0,0,0,0,0,0,0,0,0,0,0,0,0,0,0,0,1,0,0,8,0,39.9482,-75.2213, , 
37743,418587,2014020026,6,67,67301,2014,2,4,227,2,3,2,1,5,1, , ,N,0,0,0,3,0,0,2,2,N,N,39 58:15.733,75 11:35.134,238, ,230, ,0, ,N, ,0, , , , , , , , , ,2,1,0,0,0,0,0,0,0,0,0,0,0,0,1,0,0,0,0,0,0,0,0,0,0,0,0,0,0,0,0,0,0,0,0,9,0,39.971,-75.1931, , 
37744,418603,2014039021,6,67,67301,2014,3,3,1755,17,1,1,0,4,1, , ,N,1,2,0,3,0,3,6,2,N, ,40 00:13.290,75 10:51.870,1800, ,1758,2,1,4, , ,3,Y, , , , , , , , ,2,1,0,0,0,0,1,0,0,0,0,3,3,0,0,0,0,0,0,0,0,0,0,0,0,0,0,0,0,0,0,0,0,0,0,4,0,40.0037,-75.1811, , 
37745,418606,2014044276,6,67,67301,2014,4,6,1950,19,3,2,1,1,1, , ,N,0,0,0,3,0,0,4,2,N,N,39 57:27.707,75 09:37.919,2013, ,2000, ,0, ,N, ,0, , , , , , , , , ,2,2,0,0,0,0,0,0,0,0,0,0,0,0,0,0,0,0,0,0,0,0,0,0,0,0,0,0,0,0,0,0,0,0,0,0,0,39.9577,-75.1605, , 
37746,418643,2014025495,6,67,67301,2014,1,5,2142,21,1,1,0,4,1, , ,N,1,2,0,3,0,3,3,2,N,N,39 57:25.886,75 09:31.375,2151, ,2149, ,0, ,N, ,3, , , , , , , , , ,2,2,0,0,0,0,0,0,0,0,0,0,3,3,0,0,0,0,0,0,1,0,0,0,0,0,0,0,0,0,0,0,0,0,0,8,0,39.9572,-75.1587, , 
37747,422713,2014059310,6,67,67301,2014,5,6,1503,15,1,1,0,8,1, , ,N,1,2,0,3,0,1,3,2,N, ,39 56:29.824,75 13:12.602,1530, ,1515, ,0, , , ,3, , , , , , , , , ,1,0,0,0,0,1,0,0,0,0,1,0,1,0,0,0,0,0,0,0,1,0,0,0,0,0,0,0,0,0,0,0,1,0,0,3,1,39.9416,-75.2202, , 
37748,422717,2014065510,6,67,67301,2014,5,4,1134,11,1,1,0,4,1, , ,N,1,2,0,3,0,1,3,2,N, ,40 00:54.079,75 08:06.611,1134, ,1139,1,1,7, , ,3,Y, , , , , , , , ,2,1,0,0,1,0,0,0,0,0,0,0,1,1,2,0,0,0,0,1,0,0,0,0,0,0,0,0,0,0,0,0,0,0,0,8,0,40.015,-75.1352, , 
37749,422743,2014025316,6,67,67301,2014,1,6,1813,18,3,1,0,6,1, , ,N,0,0,0,3,0,0,2,3,N,N,39 59:12.923,75 10:27.856,1815, ,1814,9,2,5,N, ,0,Y, , , , , , , , ,3,2,0,0,0,0,1,0,0,0,0,0,0,0,0,0,1,0,0,0,0,0,0,0,0,0,0,0,0,0,0,0,0,0,0,0,0,39.9869,-75.1744, , 
37750,422744,2014025409,6,67,67301,2014,1,2,1448,14,1,1,0,4,1, , ,N,1,2,0,3,0,0,2,2,N,N,40 04:51.806,75 01:43.881,1503, ,1501,1,1,2,N, ,3,N, , , , , , , , ,2,2,0,0,0,0,0,0,0,0,0,0,0,0,0,0,0,0,0,0,1,0,0,0,0,0,0,0,0,0,0,0,0,0,0,0,0,40.0811,-75.0289, , 
37751,422755,2014043053,6,67,67301,2014,3,6,1210,12,1,1,0,4,1, , ,N,2,2,0,3,0,1,2,2,N,N,39 55:47.159,75 08:39.047,1224, ,1221, ,0, ,N, ,3, , , , , , , , , ,2,1,0,0,1,0,0,0,0,0,0,0,1,1,0,0,0,0,0,0,0,0,0,0,0,0,0,0,0,0,0,0,0,0,0,8,0,39.9298,-75.1442, , 
37752,422763,2014049845,6,67,67301,2014,4,7,9999,99,3,1,0,1,1, , ,N,1,2,0,3,0,3,5,3,N,N,40 00:45.986,75 09:25.210,2159, ,2155, ,0, , , ,3, , , , , , , , , ,3,2,0,0,0,0,1,0,0,0,3,0,3,0,0,0,0,0,2,0,0,1,0,0,0,0,0,0,0,0,0,0,0,0,0,3,0,40.0128,-75.157, , 
37753,422797,2014040421,6,67,67301,2014,3,6,900,9,1,1,0,4,1, , ,N,2,3,0,3,0,1,4,2,N,N,40 02:26.566,75 09:30.254,925, ,918, ,0, ,N, ,3, , , , , , , , , ,2,1,0,0,0,0,0,1,0,0,0,1,1,0,0,0,0,0,0,0,0,0,0,0,0,0,0,0,0,0,0,0,0,0,0,4,0,40.0407,-75.1584, , 
37754,422803,2014049697,6,67,67301,2014,4,4,920,9,1,1,0,4,1, , ,N,1,3,0,3,0,0,2,2,N, ,40 03:57.202,75 10:35.464,935, ,930, ,0, , , ,3, , , , , , , , , ,2,1,0,0,0,0,1,0,0,0,0,0,0,0,0,0,0,0,0,0,1,0,0,0,0,0,0,0,0,0,0,0,0,0,0,0,0,40.0659,-75.1765, , 
37755,422814,2014059101,6,67,67301,2014,5,6,740,7,1,2,1,8,1, , ,N,1,2,0,3,0,1,3,2,N,N,39 57:03.048,75 09:49.788,817, ,812, ,0, ,N, ,3, , , , , , , , , ,1,0,0,0,0,0,1,0,0,0,1,0,1,0,0,0,0,0,0,0,0,0,0,0,0,0,0,0,0,0,0,0,1,0,0,3,0,39.9508,-75.1638, , 
37756,422815,2014059257,6,67,67301,2014,4,4,9999,99,3,2,1,1,1, , ,N,1,2,0,3,0,0,3,3,N,N,39 56:45.520,75 11:03.285,9999, ,9999, ,0, ,N, ,3, , , , , , , , , ,3,3,0,0,0,0,0,0,0,0,0,0,0,0,3,0,0,0,0,0,0,0,0,0,0,0,0,0,0,0,0,0,0,0,0,9,0,39.946,-75.1842, , 
37757,422832,2014031405,6,67,67301,2014,3,5,1142,11,1,1,0,1,1, , ,N,0,0,0,3,0,1,2,2,N,N,40 00:40.130,75 03:42.393,1142, ,1142,1,1,2,N, ,0,N, , , , , , , , ,2,1,0,0,0,0,1,0,0,0,0,1,1,0,0,0,0,0,0,0,0,0,0,0,0,0,0,0,0,0,0,0,0,0,0,4,0,40.0111,-75.0618, , 
37758,422861,2014067971,6,67,67301,2014,5,7,2119,21,3,1,1,1,1, , ,N,0,2,0,3,0,0,9,4,N, ,40 00:47.156,75 07:09.953,2119, ,2119, ,0, ,N, ,3, , , , , , , , , ,4,1,0,0,1,0,0,2,0,0,0,0,0,0,0,0,0,0,0,1,2,0,0,0,0,0,0,0,0,0,0,0,0,0,0,0,0,40.0131,-75.1194, , 
37759,422890,2014038983,6,67,67301,2014,3,1,2120,21,3,1,0,4,1, , ,N,1,2,0,3,0,3,4,2,N,N,39 59:08.822,75 09:52.289,2126, ,2121,9,1,1,N, ,3,N, , , , , , , , ,2,1,0,0,0,0,0,1,0,0,0,0,3,3,0,0,0,0,0,0,1,0,0,0,0,0,0,0,0,0,0,0,0,0,0,8,0,39.9858,-75.1645, , 
37760,422897,2014042273,6,67,67301,2014,4,7,1627,16,1,1,0,5,1, , ,N,0,0,0,3,0,1,2,2,N,N,39 58:49.560,75 12:19.857,1639, ,1629, ,0, ,N, ,0, , , , , , , , , ,2,1,0,0,0,1,0,0,0,0,0,0,1,1,0,0,0,0,0,0,0,1,0,0,0,0,0,0,0,0,0,0,0,0,0,8,1,39.9804,-75.2055, , 
37761,422933,2014025526,6,67,67301,2014,1,7,1300,13,1,4,6,7,4, , ,N,0,0,0,3,0,1,1,1,N, ,40 04:09.979,75 00:28.115,1520, ,1514, ,0, , , ,0, , , , , , , , , ,1,1,0,0,0,0,0,0,0,0,0,1,1,0,0,0,0,0,0,0,0,0,0,0,0,0,0,0,0,0,0,0,0,0,0,4,0,40.0694,-75.0078, , 