objectid_1,objectid,crn,district,county,municipality,crash_year,crash_month,day_of_week,time_of_day,hour_of_day,illumination,weather,road_condition,collision_type,relation_to_road,work_zone_type,work_zone_loc,work_zone_ind,intersect_type,tcd_type,location_type,urban_rural,fatal_count,injury_count,person_count,total_units,sch_bus_ind,sch_zone_ind,latitude,longitude,arrival_tm,cons_zone_spd_lim,dispatch_tm,est_hrs_closed,lane_closed,ln_close_dir,ntfy_hiwy_maint,spec_juris_cd,tcd_func_cd,tfc_detour_ind,workers_pres,wz_close_detour,wz_flagger,wz_law_offcr_ind,wz_ln_closure,wz_moving,wz_other,wz_shlder_mdn,vehicle_count,automobile_count,motorcycle_count,bus_count,small_truck_count,heavy_truck_count,suv_count,van_count,bicycle_count,maj_inj_count,mod_inj_count,min_inj_count,tot_inj_count,unk_inj_deg_count,unk_inj_per_count,driver_count_16yr,driver_count_17yr,driver_count_18yr,driver_count_19yr,driver_count_20yr,driver_count_50_64yr,driver_count_65_74yr,driver_count_75plus,unbelted_occ_count,unb_death_count,unb_maj_inj_count,belted_death_count,belted_maj_inj_count,mcycle_death_count,mcycle_maj_inj_count,bicycle_death_count,bicycle_maj_inj_count,ped_count,ped_death_count,ped_maj_inj_count,max_severity_level,comm_veh_count,dec_lat,dec_long,rdwy_surf_type_cd,county_name
37829,423151,2014049527,6,67,67301,2014,4,4,1522,15,1,1,0,1,1, , ,N,2,0,0,3,0,1,2,2,N,N,40 02:40.306,75 06:06.623,1527, ,1523, ,0, ,N, ,0, , , , , , , , , ,2,2,0,0,0,0,0,0,0,0,0,1,1,0,0,0,0,0,0,0,1,0,0,0,0,0,0,0,0,0,0,0,0,0,0,4,0,40.0445,-75.1018, , 
37830,423157,2014010530,6,67,67301,2014,1,6,1800,18,3,8,3,1,1, , ,N,0,0,0,3,0,3,4,2,N,N,39 58:42.384,75 09:28.275,1800, ,1800, ,0, ,N, ,0, , , , , , , , , ,2,1,0,0,0,0,1,0,0,0,0,3,3,0,0,0,0,0,0,0,0,0,0,0,0,0,0,0,0,0,0,0,0,0,0,4,0,39.9784,-75.1579, , 
37831,423172,2014032650,6,67,67301,2014,3,1,1707,17,1,1,0,7,2, , ,N,0,0,0,3,0,0,2,1,N,N,39 54:12.335,75 09:01.327,1714, ,1707, ,0, ,N, ,0, , , , , , , , , ,1,1,0,0,0,0,0,0,0,0,0,0,0,0,0,0,0,0,0,0,0,0,0,0,0,0,0,0,0,0,0,0,0,0,0,0,0,39.9034,-75.1504, , 
37832,423177,2014034141,6,67,67301,2014,3,2,1441,14,1,4,1,4,1, , ,N,1,2,0,3,0,1,2,2,N,N,40 02:12.109,75 09:30.211,1507, ,1458, ,0, , , ,3, , , , , , , , , ,2,1,0,0,0,0,1,0,0,0,0,0,1,1,0,0,0,0,0,0,0,1,0,0,0,0,0,0,0,0,0,0,0,0,0,8,0,40.0367,-75.1584, , 
37833,423190,2014049724,6,67,67301,2014,4,7,1245,12,1,1,0,1,1, , ,N,0,0,0,3,0,1,3,2,N,N,40 01:41.026,75 07:56.100,1249, ,1245, ,0, ,N, ,0, , , , , , , , , ,2,2,0,0,0,0,0,0,0,0,0,1,1,0,0,0,0,0,0,0,1,0,0,1,0,0,0,0,0,0,0,0,0,0,0,4,0,40.0281,-75.1323, , 
37834,423198,2014059238,6,67,67301,2014,5,5,1655,16,1,1,0,4,1, , ,N,1,3,0,3,0,1,2,2,N,N,40 02:26.761,75 08:46.849,9999, ,1655, ,0, ,N, ,3, , , , , , , , , ,2,1,0,0,0,0,1,0,0,0,0,0,1,1,0,0,0,0,0,0,0,0,0,0,0,0,0,0,0,0,0,0,0,0,0,8,0,40.0408,-75.1463, , 
37835,423223,2014034250,6,67,67301,2014,2,5,9999,99,4,1,0,5,6, , ,N,0,0,0,3,0,0,1,2,N, ,39 56:26.805,75 10:21.650,1745, ,1745,1,2,1, , ,0,Y, , , , , , , , ,2,1,0,0,0,0,1,0,0,0,0,0,0,0,0,0,0,0,0,0,0,0,0,0,0,0,0,0,0,0,0,0,0,0,0,0,0,39.9408,-75.1727, , 
37836,423230,2014044545,6,67,67301,2014,3,2,1729,17,1,1,0,5,1, , ,N,0,0,0,3,0,1,5,4,N, ,40 06:56.371,74 59:07.928,1740, ,1730,1,1,1, , ,0,N, , , , , , , , ,4,1,0,0,1,0,2,0,0,0,0,0,1,1,1,0,0,0,0,0,2,1,0,0,0,0,0,0,0,0,0,0,0,0,0,8,0,40.1157,-74.9855, , 
37837,423234,2014049784,6,67,67301,2014,4,2,1605,16,1,1,0,6,1, , ,N,0,0,0,3,0,0,3,2,N,N,39 59:35.196,75 06:24.692,1615, ,1613, ,0, ,N, ,0, , , , , , , , , ,2,0,0,0,1,0,1,0,0,0,0,0,0,0,0,0,0,0,0,0,0,0,0,0,0,0,0,0,0,0,0,0,0,0,0,0,0,39.9931,-75.1069, , 
37838,423264,2014084292,6,67,67301,2014,6,2,2105,21,3,1,0,1,1, , ,N,1,2,0,3,0,1,3,2,N, ,39 57:07.894,75 14:26.897,2120, ,2115, ,0, , , ,3, , , , , , , , , ,2,2,0,0,0,0,0,0,0,0,0,0,1,1,0,0,0,0,0,0,0,0,0,0,0,0,0,0,0,0,0,0,0,0,0,8,0,39.9522,-75.2408, , 
37839,423268,2014087854,6,67,67301,2014,7,3,251,2,3,1,0,1,6, , ,N,0,0,0,3,0,0,1,3,N,N,39 55:19.333,75 14:22.092,312, ,311, ,0, , , ,0, , , , , , , , , ,3,1,0,0,0,0,0,2,0,0,0,0,0,0,1,0,0,0,0,0,0,0,0,0,0,0,0,0,0,0,0,0,0,0,0,9,0,39.922,-75.2395, , 
37840,426853,2014049554,6,67,67301,2014,3,2,2306,23,3,1,0,4,1, , ,N,1,3,0,3,0,2,3,2,N,N,39 58:30.752,75 13:56.956,2328, ,2326, ,0, ,N, ,3, , , , , , , , , ,2,2,0,0,0,0,0,0,0,0,0,2,2,0,0,0,0,0,0,0,1,0,0,0,0,0,0,0,0,0,0,0,0,0,0,4,0,39.9752,-75.2325, , 
37841,426854,2014049607,6,67,67301,2014,4,7,1044,10,1,1,0,4,1, , ,N,1,0,0,3,0,1,2,2,N, ,39 57:28.799,75 13:16.548,1046, ,1045, ,0, , , ,0, , , , , , , , , ,2,0,0,0,0,0,2,0,0,0,0,0,1,1,0,0,0,0,0,0,2,0,0,0,0,0,0,0,0,0,0,0,0,0,0,8,0,39.958,-75.2212, , 
37842,426857,2014051770,6,67,67301,2014,4,6,1636,16,1,1,0,8,1, , ,N,0,0,0,3,0,1,2,2,N, ,39 56:36.063,75 13:49.022,1640, ,1637, ,0, , , ,0, , , , , , , , , ,1,0,0,0,0,0,0,0,0,1,0,0,1,0,0,0,0,0,0,0,0,0,0,0,0,0,0,0,0,0,0,0,1,0,1,2,0,39.9434,-75.2303, , 
37843,426874,2014018193,6,67,67301,2014,1,1,1925,19,3,1,1,7,4, , ,N,0,0,0,3,0,1,1,1,N,N,39 55:54.244,75 11:59.468,1936, ,1926,1,1,3,Y, ,0,N, , , , , , , , ,1,1,0,0,0,0,0,0,0,0,0,0,1,1,0,0,0,0,0,0,0,0,0,0,0,0,0,0,0,0,0,0,0,0,0,8,0,39.9317,-75.1999, , 
37844,426883,2014029889,6,67,67301,2014,2,7,20,0,3,1,0,4,1, , ,N,1,3,0,3,0,1,4,5,N,N,39 58:09.192,75 13:42.211,22, ,22, ,0, ,N, ,3, , , , , , , , , ,5,1,0,0,2,0,2,0,0,0,0,0,1,1,0,0,0,0,0,0,0,0,0,0,0,0,0,0,0,0,0,0,0,0,0,8,0,39.9692,-75.2284, , 
37845,426898,2014049660,6,67,67301,2014,4,7,720,7,1,1,0,4,1, , ,N,1,2,0,3,0,1,2,2,N,N,39 59:52.878,75 07:31.459,755, ,752,3,1,2,N, ,3,N, , , , , , , , ,2,0,0,0,0,1,0,1,0,0,0,0,1,1,0,0,0,0,0,0,0,0,0,0,0,0,0,0,0,0,0,0,0,0,0,8,1,39.998,-75.1254, , 
37846,426948,2014049502,6,67,67301,2014,4,7,1733,17,1,1,0,1,1, , ,N,0,0,0,3,0,1,3,2,N,N,39 55:59.487,75 10:44.652,1805, ,1800, ,0, ,N, ,0, , , , , , , , , ,2,0,0,0,1,1,0,0,0,0,0,1,1,0,0,0,0,0,0,0,1,0,0,1,0,0,0,0,0,0,0,0,0,0,0,4,1,39.9332,-75.1791, , 
37847,426949,2014051749,6,67,67301,2014,4,5,700,7,1,1,0,4,1, , ,N,1,3,0,3,0,1,2,2,N, ,40 00:59.839,75 05:10.881,741, ,740, ,0, , , ,3, , , , , , , , , ,2,0,0,1,0,0,1,0,0,0,0,1,1,0,0,0,0,0,0,0,0,0,0,0,0,0,0,0,0,0,0,0,0,0,0,4,1,40.0166,-75.0864, , 
37848,426978,2014025351,6,67,67301,2014,1,4,300,3,2,4,1,7,4, , ,N,0,0,0,3,0,1,1,1,N,N,39 54:49.822,75 14:36.898,304, ,304, ,0, ,N, ,0, , , , , , , , , ,1,1,0,0,0,0,0,0,0,0,0,0,1,1,0,0,0,0,0,0,0,0,0,0,0,0,0,0,0,0,0,0,0,0,0,8,0,39.9138,-75.2436, , 
37849,427004,2014049903,6,67,67301,2014,4,6,1700,17,1,1,0,4,1, , ,N,1,3,0,3,0,1,3,2,N,N,39 57:31.338,75 14:00.034,1713, ,1710,2,2,7,N, ,3,Y, , , , , , , , ,2,1,0,0,0,0,1,0,0,0,0,0,1,1,0,0,0,0,0,0,1,0,0,0,0,0,0,0,0,0,0,0,0,0,0,8,0,39.9587,-75.2333, , 
37850,427035,2014027707,6,67,67301,2014,1,6,1820,18,3,1,0,5,1, , ,N,0,0,0,3,0,0,2,2,N, ,40 03:22.946,75 01:37.845,1824, ,1824, ,0, , , ,0, , , , , , , , , ,2,2,0,0,0,0,0,0,0,0,0,0,0,0,0,0,0,0,0,0,1,0,0,0,0,0,0,0,0,0,0,0,0,0,0,0,0,40.0564,-75.0272, , 
37851,427045,2014034254,6,67,67301,2014,2,2,1335,13,1,1,0,1,1, , ,N,0,0,0,3,0,2,3,2,N,N,40 01:53.083,75 01:17.759,1345, ,1338, ,0, , , ,0, , , , , , , , , ,2,1,0,1,0,0,0,0,0,0,1,1,2,0,0,0,0,0,0,0,2,0,0,1,0,0,0,0,0,0,0,0,0,0,0,3,1,40.0314,-75.0216, , 
37852,427084,2014033951,6,67,67301,2014,3,2,1239,12,1,1,0,1,1,1,4,Y,0,0,0,3,0,1,4,2,N,N,40 01:05.432,75 02:51.552,1258,45,1240,2,2,1,N, ,0,N,N,N,N,N,N,N,Y,N,2,1,0,0,1,0,0,0,0,0,0,0,1,1,0,0,0,0,0,0,1,0,0,0,0,0,0,0,0,0,0,0,0,0,0,8,0,40.0182,-75.0477, , 
37853,427152,2014065538,6,67,67301,2014,5,7,2133,21,3,1,0,5,6, , ,N,0,0,0,3,0,0,1,2,N,N,39 59:23.456,75 08:33.518,53, ,48, ,0, ,N, ,0, , , , , , , , , ,2,0,0,0,0,0,1,1,0,0,0,0,0,0,0,0,0,0,0,0,0,0,0,0,0,0,0,0,0,0,0,0,0,0,0,0,0,39.9898,-75.1426, , 
37854,427168,2014019109,6,67,67301,2014,1,2,921,9,1,1,0,4,1, , ,N,1,2,0,3,0,1,2,2,N,N,40 01:21.348,75 03:09.739,935, ,924, ,0, ,N, ,3, , , , , , , , , ,2,1,0,0,0,1,0,0,0,0,0,0,1,1,0,0,0,0,0,0,0,0,0,0,0,0,0,0,0,0,0,0,0,0,0,8,1,40.0226,-75.0527, , 
37855,427170,2014025899,6,67,67301,2014,1,4,1340,13,1,1,0,8,1, , ,N,0,0,0,3,0,1,2,2,N,N,40 01:20.952,75 04:40.561,1600, ,1600, ,0, ,N, ,0, , , , , , , , , ,1,0,0,0,0,0,0,1,0,0,0,0,1,1,0,0,0,0,0,0,0,0,0,0,0,0,0,0,0,0,0,0,1,0,0,8,0,40.0225,-75.0779, , 
37856,427183,2014042731,6,67,67301,2014,3,1,1324,13,1,2,1,7,5, , ,N,0,0,0,3,0,0,1,1,N, ,40 03:22.466,75 02:47.922,1330, ,1325, ,0, , , ,0, , , , , , , , , ,1,1,0,0,0,0,0,0,0,0,0,0,0,0,0,0,0,0,0,0,1,0,0,0,0,0,0,0,0,0,0,0,0,0,0,0,0,40.0562,-75.0466, , 
37857,427197,2014059055,6,67,67301,2014,5,4,1800,18,1,1,0,4,1, , ,N,1,2,0,3,0,1,2,2,N,N,40 06:46.663,75 01:22.836,1805, ,1800, ,0, ,N, ,3, , , , , , , , , ,2,2,0,0,0,0,0,0,0,0,0,1,1,0,0,0,0,0,0,0,1,1,0,0,0,0,0,0,0,0,0,0,0,0,0,4,0,40.113,-75.023, , 
37858,427230,2014030642,6,67,67301,2014,3,2,1800,18,1,1,0,1,1, , ,N,0,0,0,3,0,1,5,3,N,N,39 58:45.921,75 06:29.703,1810, ,1803, ,0, ,N, ,0, , , , , , , , , ,3,1,0,0,0,0,1,1,0,0,0,0,1,1,0,0,0,0,0,0,0,0,0,0,0,0,0,0,0,0,0,0,0,0,0,8,0,39.9794,-75.1083, , 
37859,414886,2014032488,6,67,67301,2014,2,7,1630,16,1,4,5,5,6, , ,N,0,0,0,3,0,0,1,3,N,N,40 04:11.348,75 11:52.652,1820, ,1800, ,0, ,N, ,0, , , , , , , , , ,3,2,0,0,0,0,1,0,0,0,0,0,0,0,0,0,0,0,0,0,0,0,0,0,0,0,0,0,0,0,0,0,0,0,0,0,0,40.0698,-75.198, , 
37860,414899,2014049440,6,67,67301,2014,4,7,2229,22,3,1,0,4,1, , ,N,1,2,0,3,0,2,2,2,N,N,39 58:26.859,75 12:15.536,2229, ,2229, ,0, ,N, ,3, , , , , , , , , ,2,1,0,0,0,0,1,0,0,0,0,2,2,0,0,0,0,0,0,0,0,0,0,0,0,0,0,0,0,0,0,0,0,0,0,4,0,39.9741,-75.2043, , 
37861,414916,2014013291,6,67,67301,2014,1,4,925,9,1,1,5,7,4, , ,N,0,0,4,3,0,0,1,1,N,N,39 57:02.571,75 08:27.945,940, ,925,2,2,1,N, ,0,N, , , , , , , , ,1,0,0,0,0,0,1,0,0,0,0,0,0,0,0,0,0,0,0,0,0,0,0,0,0,0,0,0,0,0,0,0,0,0,0,0,0,39.9507,-75.1411, , 
37862,414923,2014025900,6,67,67301,2014,1,6,2200,22,3,1,0,5,6, , ,N,0,0,0,3,0,0,2,4,N, ,39 58:08.483,75 14:10.045,2225, ,2217, ,0, , , ,0, , , , , , , , , ,4,3,0,0,0,0,0,1,0,0,0,0,0,0,0,0,0,0,0,0,0,0,0,0,0,0,0,0,0,0,0,0,0,0,0,0,0,39.969,-75.2361, , 
37863,414955,2014067914,6,67,67301,2014,6,1,1040,10,1,1,0,5,1, , ,N,1,2,0,3,0,3,9,4,N,N,40 06:09.264,75 01:43.891,1050, ,1046, ,0, ,N, ,3, , , , , , , , , ,4,3,0,0,0,0,1,0,0,0,0,0,3,3,0,0,0,0,0,0,3,1,0,0,0,0,0,0,0,0,0,0,0,0,0,8,0,40.1025,-75.0287, , 
37864,414980,2014067984,6,67,67301,2014,6,4,1228,12,1,1,0,4,1, , ,N,1,2,0,3,0,3,5,2,N,N,39 57:50.569,75 11:29.777,1230, ,1228, ,0, ,N, ,3, , , , , , , , , ,2,0,0,0,0,0,1,1,0,0,0,1,3,2,0,0,0,0,0,0,0,0,0,0,0,0,0,0,0,0,0,0,0,0,0,4,0,39.964,-75.1916, , 
37865,414984,2014074505,6,67,67301,2014,6,4,1230,12,1,1,0,1,1, , ,N,0,0,0,3,0,1,2,2,N,N,39 55:32.745,75 10:09.458,1245, ,1233, ,0, ,N, ,0, , , , , , , , , ,1,0,0,0,0,0,1,0,1,0,0,1,1,0,0,0,0,0,0,0,0,0,0,0,0,0,0,0,0,0,0,0,0,0,0,4,0,39.9258,-75.1693, , 
37866,414985,2014076002,6,67,67301,2014,6,4,750,7,1,1,0,4,1, , ,N,0,0,7,3,0,2,2,5,N,N,40 03:57.473,75 01:42.594,810, ,753, ,0, ,N, ,0, , , , , , , , , ,5,3,0,0,1,0,0,1,0,0,0,2,2,0,0,0,0,0,0,0,0,1,0,0,0,0,0,0,0,0,0,0,0,0,0,4,0,40.066,-75.0285, , 
37867,414986,2014077073,6,67,67301,2014,8,4,1606,16,1,1,0,1,1, , ,N,0,0,0,3,0,1,2,2,N,N,39 55:17.908,75 08:52.766,1606, ,1606,2,2,2,N, ,0,N, , , , , , , , ,2,2,0,0,0,0,0,0,0,0,0,0,1,1,0,0,0,0,0,0,1,0,1,1,0,0,0,0,0,0,0,0,0,0,0,8,0,39.9216,-75.148, , 
37868,414988,2014078836,6,67,67301,2014,6,7,1330,13,1,1,0,1,1, , ,N,0,0,3,3,0,1,3,3,N,N,40 07:49.144,75 00:46.929,1345, ,1340,1,1,1,N, ,0,Y, , , , , , , , ,3,1,0,0,0,0,2,0,0,0,0,1,1,0,0,0,0,0,0,0,2,0,0,2,0,0,0,0,0,0,0,0,0,0,0,4,0,40.1303,-75.013, , 
37869,414990,2014084493,6,67,67301,2014,6,7,1945,19,3,1,0,4,1, , ,N,1,2,0,3,0,1,4,2,N, ,39 56:47.632,75 14:45.701,2010, ,2005, ,0, , , ,3, , , , , , , , , ,2,1,0,0,0,0,0,1,0,0,0,0,1,1,0,0,0,0,0,0,0,0,0,0,0,0,0,0,0,0,0,0,0,0,0,8,0,39.9466,-75.246, , 
37870,414998,2014091786,6,67,67301,2014,8,2,210,2,2,1,0,4,1, , ,N,1,2,0,3,0,5,5,2,N,N,40 01:22.391,75 08:13.477,220, ,216, ,0, ,N, ,3, , , , , , , , , ,2,2,0,0,0,0,0,0,0,0,0,0,5,5,0,0,0,1,0,0,0,0,0,0,0,0,0,0,0,0,0,0,0,0,0,8,0,40.0229,-75.1371, , 
37871,415002,2014095973,6,67,67301,2014,9,5,1639,16,1,1,0,8,1, , ,N,0,0,0,3,0,1,2,2,N, ,39 59:23.218,75 06:14.002,1707, ,1659, ,0, , , ,0, , , , , , , , , ,1,0,0,0,0,0,1,0,0,0,0,1,1,0,0,0,0,0,0,0,1,0,0,0,0,0,0,0,0,0,0,0,1,0,0,4,0,39.9898,-75.1039, , 
37872,415024,2014034620,6,67,67301,2014,3,3,709,7,1,1,0,1,1, , ,N,6,0,0,3,0,0,2,2,N,N,39 53:35.717,75 13:42.269,758, ,713, ,0, ,N, ,0, , , , , , , , , ,2,1,0,0,0,0,1,0,0,0,0,0,0,0,0,0,0,0,0,0,0,0,0,0,0,0,0,0,0,0,0,0,0,0,0,0,0,39.8933,-75.2284, , 
37873,415045,2014059332,6,67,67301,2014,5,4,2100,21,3,1,0,4,1, , ,N,1,3,0,3,0,2,5,2,N, ,39 56:33.900,75 09:42.753,2101, ,2101,2,2,2, , ,3,Y, , , , , , , , ,2,2,0,0,0,0,0,0,0,0,0,0,2,2,0,0,0,0,0,0,0,0,0,0,0,0,0,0,0,0,0,0,0,0,0,8,0,39.9428,-75.1619, , 
37874,415061,2014013166,6,67,67301,2014,1,4,1515,15,1,1,0,5,1, , ,N,0,0,0,3,0,0,2,2,N,N,39 57:27.032,75 08:43.098,1525, ,1520, ,0, , , ,0, , , , , , , , , ,2,1,0,0,1,0,0,0,0,0,0,0,0,0,0,0,0,0,0,0,0,0,0,2,0,0,0,0,0,0,0,0,0,0,0,0,1,39.9575,-75.1453, , 
37875,415079,2014042920,6,67,67301,2014,2,7,1345,13,1,1,0,1,1, , ,N,0,0,0,3,0,1,4,2,N,N,39 58:49.003,75 06:18.909,1605, ,1600, ,0, ,N, ,0, , , , , , , , , ,2,1,0,0,1,0,0,0,0,0,0,1,1,0,0,0,0,0,0,0,0,0,0,0,0,0,0,0,0,0,0,0,0,0,0,4,0,39.9803,-75.1053, , 
37876,415082,2014049629,6,67,67301,2014,4,7,1840,18,1,1,0,4,1, , ,N,2,0,0,3,0,0,2,2,N, ,40 04:07.285,75 00:29.437,1920, ,1913, ,0, , , ,0, , , , , , , , , ,2,2,0,0,0,0,0,0,0,0,0,0,0,0,0,0,0,0,0,1,0,0,0,0,0,0,0,0,0,0,0,0,0,0,0,0,0,40.0685,-75.0082, , 
37877,418885,2014027708,6,67,67301,2014,2,6,2139,21,3,1,0,8,1, , ,N,5,2,0,3,0,1,2,2,N,N,39 58:10.092,75 08:22.485,2143, ,2140, ,0, , , ,3, , , , , , , , , ,1,1,0,0,0,0,0,0,0,0,0,0,1,1,0,0,0,0,0,0,0,0,0,0,0,0,0,0,0,0,0,0,1,0,0,8,0,39.9695,-75.1395, , 
37878,418890,2014039346,6,67,67301,2014,3,6,1455,14,1,1,0,7,5, , ,N,2,0,0,3,0,1,4,1,N, ,39 57:54.699,75 14:28.103,1715, ,1713, ,0, , , ,0, , , , , , , , , ,1,1,0,0,0,0,0,0,0,0,1,0,1,0,0,0,0,0,0,0,0,0,0,0,0,0,0,0,0,0,0,0,0,0,0,3,0,39.9652,-75.2411, , 
37879,418908,2014002627,6,46,46102,2014,1,3,654,6,3,1,0,1,1, , ,N,0,2,0,3,0,1,2,2,N,N,40 03:55.747,75 08:35.475,654, ,654, ,0, ,N, ,3, , , , , , , , , ,2,1,0,0,1,0,0,0,0,0,0,0,1,1,0,0,0,0,0,0,0,0,0,0,0,0,0,0,0,0,0,0,0,0,0,8,0,40.0655,-75.1432, , 
37880,418913,2014074867,6,67,67301,2014,6,5,930,9,1,1,0,4,1, , ,N,1,2,0,3,0,1,2,2,N, ,40 01:20.463,75 04:41.285,932, ,930, ,0, , , ,3, , , , , , , , , ,2,1,0,0,0,0,0,1,0,0,0,1,1,0,0,0,0,0,0,0,0,1,0,0,0,0,0,0,0,0,0,0,0,0,0,4,0,40.0224,-75.0781, , 
37881,418918,2014078859,6,67,67301,2014,6,6,1136,11,1,1,0,0,1, , ,N,0,0,0,3,0,1,1,1,N, ,39 56:00.989,75 08:35.651,1140, ,1136, ,0, , , ,0, , , , , , , , , ,1,0,1,0,0,0,0,0,0,0,0,0,1,1,0,0,0,0,0,0,0,0,0,0,0,0,0,0,0,0,0,0,0,0,0,8,0,39.9336,-75.1432, , 
37882,418924,2014088350,6,67,67301,2014,7,7,1215,12,1,1,0,4,1, , ,N,1,2,0,3,0,0,2,2,N,N,40 00:31.666,75 08:51.441,1225, ,1225, ,0, ,N, ,3, , , , , , , , , ,2,1,0,0,0,0,0,1,0,0,0,0,0,0,0,0,0,0,0,0,1,0,0,0,0,0,0,0,0,0,0,0,0,0,0,0,0,40.0088,-75.1476, , 
37883,418930,2014095910,6,67,67301,2014,9,1,1655,16,1,1,0,4,1, , ,N,2,2,0,3,0,1,2,2,N,N,39 57:41.833,75 09:10.486,9999, ,9999, ,0, ,N, ,3, , , , , , , , , ,1,1,0,0,0,0,0,0,1,0,0,1,1,0,0,0,0,0,1,0,0,0,0,0,0,0,0,0,0,0,0,0,0,0,0,4,0,39.9615,-75.1529, , 
37884,418951,2014130533,6,67,67301,2014,12,3,240,2,3,2,1,7,4, , ,N,0,0,0,3,0,1,3,2,N,N,40 00:58.674,75 07:50.717,247, ,240, ,0, , , ,0, , , , , , , , , ,1,0,0,0,0,0,1,0,0,0,0,0,1,1,0,0,0,0,0,0,0,0,0,0,0,0,0,0,0,0,0,0,0,0,0,8,0,40.0163,-75.1308, , 
37885,418994,2014044550,6,67,67301,2014,3,7,1215,12,1,1,0,1,1, , ,N,0,0,0,3,0,1,3,2,N,N,40 05:01.773,75 12:34.664,1300, ,1230, ,0, ,N, ,0, , , , , , , , , ,2,1,0,0,0,0,1,0,0,0,0,0,1,1,0,1,0,0,0,0,1,0,0,0,0,0,0,0,0,0,0,0,0,0,0,8,0,40.0838,-75.2096, , 
37886,419009,2014059341,6,67,67301,2014,3,7,1500,15,1,2,1,4,1, , ,N,1,2,0,3,0,2,9,3,N, ,39 58:11.966,75 08:35.145,1520, ,1500,9,1,3, , ,3,N, , , , , , , , ,3,1,0,0,0,0,2,0,0,0,1,1,2,0,0,0,0,0,0,0,0,0,0,0,0,0,0,0,0,0,0,0,0,0,0,3,0,39.9699,-75.1431, , 
37887,419017,2014068121,6,67,67301,2014,6,3,1213,12,1,1,0,1,1, , ,N,0,0,0,3,0,3,10,4,N,N,40 01:53.155,75 03:59.224,1221, ,1217,2,2,7, , ,0,N, , , , , , , , ,4,1,0,0,0,0,0,2,0,0,1,2,3,0,0,0,0,0,0,0,0,0,0,1,0,0,0,0,0,0,0,0,0,0,0,3,0,40.0314,-75.0665, , 
37888,419027,2014074724,6,67,67301,2014,7,2,242,2,3,2,1,0,1, , ,N,0,0,0,3,0,0,2,2,N,N,39 57:03.167,75 10:59.135,242, ,242,1,1,3,N, ,0,N, , , , , , , , ,2,1,1,0,0,0,0,0,0,0,0,0,0,0,0,0,0,0,0,0,1,0,0,0,0,0,0,0,0,0,0,0,0,0,0,0,0,39.9509,-75.1831, , 
37889,419042,2014084409,6,67,67301,2014,7,5,1225,12,1,1,0,4,1, , ,N,1,2,0,3,0,1,4,2,N,N,39 57:45.461,75 14:48.589,1245, ,1234, ,0, ,N, ,3, , , , , , , , , ,2,0,0,0,0,0,1,1,0,0,0,1,1,0,0,0,0,0,0,0,1,0,0,0,0,0,0,0,0,0,0,0,0,0,0,4,0,39.9626,-75.2468, , 
37890,419044,2014085490,6,67,67301,2014,8,1,1109,11,1,1,0,1,1, , ,N,0,0,0,3,0,1,3,2,N,N,39 56:01.591,75 12:00.183,1116, ,1110, ,0, ,N, ,0, , , , , , , , , ,2,1,0,0,0,1,0,0,0,0,0,0,1,1,0,0,0,0,0,0,0,0,0,0,0,0,0,0,0,0,0,0,0,0,0,8,0,39.9338,-75.2001, , 
37891,419050,2014089010,6,67,67301,2014,8,7,1210,12,1,1,0,1,1, , ,N,1,2,0,3,0,1,4,3,N, ,39 56:45.089,75 14:25.018,1257, ,1210, ,0, , , ,3, , , , , , , , , ,3,1,0,0,0,0,2,0,0,0,0,1,1,0,0,0,0,0,0,0,0,0,0,0,0,0,0,0,0,0,0,0,0,0,0,4,0,39.9459,-75.2403, , 
37892,419082,2014025375,6,67,67301,2014,1,7,405,4,3,1,1,5,6, , ,N,0,0,0,3,0,0,1,2,N,N,40 00:26.056,75 08:07.932,410, ,408, ,0, ,N, ,0, , , , , , , , , ,2,1,0,0,0,1,0,0,0,0,0,0,0,0,1,0,0,0,0,0,0,0,0,0,0,0,0,0,0,0,0,0,0,0,0,9,0,40.0072,-75.1355, , 
37893,419092,2014034242,6,67,67301,2014,3,3,1804,18,3,1,0,8,1, , ,N,0,0,0,3,0,1,2,2,N,N,40 04:09.374,75 03:03.091,1810, ,1805, ,0, ,N, ,0, , , , , , , , , ,1,0,0,0,1,0,0,0,0,0,0,1,1,0,0,0,0,0,0,0,1,0,0,0,0,0,0,0,0,0,0,0,1,0,0,4,0,40.0693,-75.0508, , 
37894,419143,2014029862,6,67,67301,2014,1,6,935,9,1,1,0,1,1, , ,N,0,0,0,3,0,2,5,4,N,N,40 02:49.956,75 08:26.528,954, ,952,1,1,4,N, ,0,N, , , , , , , , ,4,2,0,0,0,0,1,1,0,0,0,2,2,0,0,0,0,0,0,0,3,0,0,0,0,0,0,0,0,0,0,0,0,0,0,4,0,40.0472,-75.1407, , 
37895,423269,2014088142,6,67,67301,2014,6,2,1506,15,1,1,0,5,1, , ,N,0,0,0,3,0,1,2,2,N,N,39 56:56.063,75 12:51.797,1745, ,9999, ,0, ,N, ,0, , , , , , , , , ,1,1,0,0,0,0,0,0,1,0,1,0,1,0,0,0,0,0,0,0,0,0,0,0,0,0,0,0,0,0,0,0,0,0,0,3,0,39.9489,-75.2143, , 
37896,423271,2014088850,6,67,67301,2014,8,1,1338,13,1,1,0,1,1, , ,N,2,3,0,3,0,2,3,2,N, ,39 58:28.171,75 10:31.619,1355, ,1348, ,0, , , ,3, , , , , , , , , ,2,1,0,0,0,0,1,0,0,0,0,2,2,0,0,0,0,0,0,0,0,0,1,0,0,0,0,0,0,0,0,0,0,0,0,4,0,39.9745,-75.1754, , 