objectid_1,objectid,crn,district,county,municipality,crash_year,crash_month,day_of_week,time_of_day,hour_of_day,illumination,weather,road_condition,collision_type,relation_to_road,work_zone_type,work_zone_loc,work_zone_ind,intersect_type,tcd_type,location_type,urban_rural,fatal_count,injury_count,person_count,total_units,sch_bus_ind,sch_zone_ind,latitude,longitude,arrival_tm,cons_zone_spd_lim,dispatch_tm,est_hrs_closed,lane_closed,ln_close_dir,ntfy_hiwy_maint,spec_juris_cd,tcd_func_cd,tfc_detour_ind,workers_pres,wz_close_detour,wz_flagger,wz_law_offcr_ind,wz_ln_closure,wz_moving,wz_other,wz_shlder_mdn,vehicle_count,automobile_count,motorcycle_count,bus_count,small_truck_count,heavy_truck_count,suv_count,van_count,bicycle_count,maj_inj_count,mod_inj_count,min_inj_count,tot_inj_count,unk_inj_deg_count,unk_inj_per_count,driver_count_16yr,driver_count_17yr,driver_count_18yr,driver_count_19yr,driver_count_20yr,driver_count_50_64yr,driver_count_65_74yr,driver_count_75plus,unbelted_occ_count,unb_death_count,unb_maj_inj_count,belted_death_count,belted_maj_inj_count,mcycle_death_count,mcycle_maj_inj_count,bicycle_death_count,bicycle_maj_inj_count,ped_count,ped_death_count,ped_maj_inj_count,max_severity_level,comm_veh_count,dec_lat,dec_long,rdwy_surf_type_cd,county_name
38032,419496,2014016958,6,67,67301,2014,1,6,1915,19,3,2,1,4,1, , ,N,1,2,0,3,0,2,2,2,N,N,40 00:41.506,75 04:11.278,1924, ,1924, ,0, ,N, ,3, , , , , , , , , ,2,2,0,0,0,0,0,0,0,0,1,0,2,1,0,0,0,0,0,0,0,0,0,0,0,0,0,0,0,0,0,0,0,0,0,3,0,40.0115,-75.0698, , 
38033,419506,2014025485,6,67,67301,2014,1,2,1245,12,1,1,0,7,4, , ,N,0,0,0,3,0,1,1,1,N,N,40 04:20.316,75 12:40.866,1325, ,1315, ,0, ,N, ,0, , , , , , , , , ,1,1,0,0,0,0,0,0,0,0,0,1,1,0,0,0,0,0,0,0,0,0,1,0,0,0,0,0,0,0,0,0,0,0,0,4,0,40.0723,-75.2114, , 
38034,419508,2014027691,6,67,67301,2014,2,7,2350,23,3,1,1,6,1, , ,N,1,2,0,3,0,2,3,2,N,N,40 03:44.013,75 09:06.397,8, ,2,2,1,2, , ,3,Y, , , , , , , , ,2,1,0,0,1,0,0,0,0,0,0,2,2,0,0,0,0,0,0,0,1,0,0,0,0,0,0,0,0,0,0,0,0,0,0,4,0,40.0622,-75.1518, , 
38035,419510,2014030379,6,67,67301,2014,3,7,1501,15,1,1,0,1,1, , ,N,0,0,0,3,0,2,3,2,N,N,39 56:30.642,75 11:38.875,1509, ,1501,2,1,4,N, ,0,N, , , , , , , , ,2,2,0,0,0,0,0,0,0,0,0,2,2,0,0,0,0,0,0,0,0,0,0,0,0,0,0,0,0,0,0,0,0,0,0,4,0,39.9409,-75.195, , 
38036,419525,2014042752,6,67,67301,2014,3,5,2014,20,6,1,0,8,1, , ,N,0,0,0,3,0,1,2,2,N,N,40 03:13.143,75 10:45.818,2056, ,2014, ,0, ,N, ,0, , , , , , , , , ,1,0,0,0,0,0,0,0,0,0,0,1,1,0,0,0,0,0,0,0,0,0,0,0,0,0,0,0,0,0,0,0,1,0,0,4,0,40.0537,-75.1794, , 
38037,419526,2014043057,6,67,67301,2014,3,4,2010,20,3,1,0,8,1, , ,N,1,0,0,3,0,1,2,2,N,N,40 01:55.812,75 07:23.084,2150, ,2145, ,0, ,N, ,0, , , , , , , , , ,1,0,0,0,0,0,1,0,0,0,0,1,1,0,0,0,0,0,0,0,0,0,0,0,0,0,0,0,0,0,0,0,1,0,0,4,0,40.0322,-75.1231, , 
38038,419547,2014019099,6,67,67301,2014,1,4,1320,13,1,1,0,4,1, , ,N,1,2,0,3,0,3,4,2,N,N,40 06:06.588,75 01:38.906,1332, ,1321,9,1,3,N, ,3,N, , , , , , , , ,2,1,0,0,0,0,1,0,0,0,0,0,3,3,0,0,0,0,0,0,0,0,1,0,0,0,0,0,0,0,0,0,0,0,0,8,0,40.1018,-75.0275, , 
38039,419556,2014025280,6,67,67301,2014,1,7,300,3,3,1,6,1,1, , ,N,3,2,0,3,0,2,5,2,N,N,40 02:39.405,75 05:20.426,303, ,300, ,0, ,N, ,3, , , , , , , , , ,2,2,0,0,0,0,0,0,0,0,0,2,2,0,0,0,0,0,0,0,0,0,0,0,0,0,0,0,0,0,0,0,0,0,0,4,0,40.0443,-75.089, , 
38040,423690,2014067988,6,67,67301,2014,6,7,1550,15,1,1,0,4,1, , ,N,3,3,0,3,0,2,4,2,N, ,39 58:38.391,75 13:38.956,1555, ,1550, ,0, , , ,3, , , , , , , , , ,2,2,0,0,0,0,0,0,0,0,0,2,2,0,0,0,0,0,0,0,1,0,0,0,0,0,0,0,0,0,0,0,0,0,0,4,0,39.9773,-75.2275, , 
38041,423691,2014068675,6,67,67301,2014,6,2,1625,16,1,1,0,4,1, , ,N,1,2,0,3,0,0,4,2,N, ,39 56:15.342,75 09:52.613,1640, ,1634,2,2,3, , ,3,Y, , , , , , , , ,2,1,0,0,0,0,1,0,0,0,0,0,0,0,0,0,1,0,0,0,0,0,0,0,0,0,0,0,0,0,0,0,0,0,0,0,0,39.9376,-75.1646, , 
38042,423708,2014088923,6,67,67301,2014,8,3,9999,99,1,1,0,4,1, , ,N,1,3,8,3,0,0,3,2,N,N,40 00:53.565,75 12:23.985,940, ,936,3,1,2,N, ,3,N, , , , , , , , ,2,2,0,0,0,0,0,0,0,0,0,0,0,0,0,0,0,0,0,0,0,0,0,0,0,0,0,0,0,0,0,0,0,0,0,0,0,40.0149,-75.2067, , 
38043,423719,2014098705,6,67,67301,2014,9,6,755,7,1,1,0,5,1, , ,N,0,2,0,3,0,1,2,2,N,N,39 55:23.265,75 10:11.578,805, ,800, ,0, ,N, ,3, , , , , , , , , ,1,1,0,0,0,0,0,0,1,0,0,1,1,0,0,0,0,0,0,0,0,0,0,0,0,0,0,0,0,0,0,0,0,0,0,4,0,39.9231,-75.1699, , 
38044,423721,2014104504,6,67,67301,2014,10,7,40,0,3,2,1,7,4, , ,N,0,0,0,3,0,1,1,1,N,N,40 02:16.367,75 06:43.084,110, ,106, ,0, ,N, ,0, , , , , , , , , ,1,0,0,0,0,0,1,0,0,0,0,1,1,0,0,0,0,0,0,0,0,0,0,0,0,0,0,0,0,0,0,0,0,0,0,4,0,40.0379,-75.112, , 
38045,423748,2014020683,6,67,67301,2014,2,5,1415,14,1,4,4,7,2, , ,N,0,0,0,3,0,0,2,1,N,N,39 59:18.212,75 05:18.417,1427, ,1415, ,0, ,N, ,0, , , , , , , , , ,1,1,0,0,0,0,0,0,0,0,0,0,0,0,0,0,0,0,0,0,0,0,0,0,0,0,0,0,0,0,0,0,0,0,0,0,0,39.9884,-75.0884, , 
38046,423751,2014025514,6,67,67301,2014,1,1,2050,20,3,1,0,4,1, , ,N,1,3,0,3,0,1,6,2,N, ,39 57:34.894,75 13:43.795,2052, ,2050, ,0, , , ,3, , , , , , , , , ,2,1,0,0,1,0,0,0,0,0,0,0,1,1,0,0,0,0,0,0,1,0,0,0,0,0,0,0,0,0,0,0,0,0,0,8,0,39.9597,-75.2288, , 
38047,423752,2014029826,6,67,67301,2014,2,6,1247,12,1,1,0,8,1, , ,N,0,0,0,3,0,1,2,2,N, ,39 57:20.538,75 12:08.124,1248, ,1247, ,0, , , ,0, , , , , , , , , ,1,1,0,0,0,0,0,0,0,0,1,0,1,0,0,0,0,0,0,0,0,0,0,0,0,0,0,0,0,0,0,0,1,0,0,3,0,39.9557,-75.2023, , 
38048,423755,2014034271,6,67,67301,2014,2,2,1416,14,1,1,0,1,1, , ,N,1,2,0,3,0,1,2,2,N, ,39 53:40.603,75 14:12.181,1432, ,1430, ,0, ,N, ,3, , , , , , , , , ,2,1,0,0,0,0,1,0,0,0,0,1,1,0,0,0,0,0,0,0,0,0,0,0,0,0,0,0,0,0,0,0,0,0,0,4,0,39.8946,-75.2367, , 
38049,423797,2014016139,6,67,67301,2014,1,6,738,7,1,2,5,1,1, , ,N,2,2,0,3,0,1,3,3,N,N,39 54:23.986,75 11:00.103,742, ,738, ,0, ,N, ,3, , , , , , , , , ,3,2,0,1,0,0,0,0,0,0,0,1,1,0,0,0,0,0,0,0,2,0,0,0,0,0,0,0,0,0,0,0,0,0,0,4,1,39.9067,-75.1834, , 
38050,423814,2014038929,6,67,67301,2014,3,1,1041,10,1,1,0,4,1, , ,N,2,2,0,3,0,1,2,2,N,N,39 58:25.156,75 12:32.179,1044, ,1042, ,0, ,N, ,3, , , , , , , , , ,2,1,0,0,0,0,1,0,0,0,0,1,1,0,0,0,0,0,0,0,0,1,0,0,0,0,0,0,0,0,0,0,0,0,0,4,0,39.9736,-75.2089, , 
38051,423819,2014043668,6,67,67301,2014,4,6,1545,15,1,1,0,4,1, , ,N,1,3,0,3,0,1,2,2,N,N,40 00:10.828,75 09:04.647,1550, ,1549, ,0, ,N, ,9, , , , , , , , , ,2,1,1,0,0,0,0,0,0,0,0,1,1,0,0,0,0,0,0,1,0,0,0,0,0,0,0,0,0,0,0,0,0,0,0,4,0,40.003,-75.1513, , 
38052,423862,2014042709,6,67,67301,2014,3,6,820,8,1,2,1,4,1, , ,N,1,0,0,3,0,0,2,2,N, ,39 57:19.274,75 12:22.561,822, ,820, ,0, , , ,0, , , , , , , , , ,2,2,0,0,0,0,0,0,0,0,0,0,0,0,0,0,0,0,0,0,0,0,0,0,0,0,0,0,0,0,0,0,0,0,0,0,0,39.9554,-75.2063, , 
38053,423863,2014043044,6,67,67301,2014,3,6,2215,22,3,1,0,8,1, , ,N,1,2,0,3,0,1,2,2,N, ,39 57:28.635,75 14:00.646,2216, ,2216,1,1,4, , ,3,Y, , , , , , , , ,1,1,0,0,0,0,0,0,0,0,1,0,1,0,1,0,0,0,0,0,0,0,0,0,0,0,0,0,0,0,0,0,1,0,0,3,0,39.958,-75.2335, , 
38054,423893,2014028074,6,67,67301,2014,2,4,1016,10,1,2,1,4,1, , ,N,1,2,0,3,0,3,4,2,N,N,40 05:07.675,75 02:14.870,1019, ,1017,1,1,4,N, ,3,N, , , , , , , , ,2,2,0,0,0,0,0,0,0,0,0,0,3,3,0,0,0,0,0,0,2,0,0,0,0,0,0,0,0,0,0,0,0,0,0,8,0,40.0854,-75.0374, , 
38055,423900,2014039064,6,67,67301,2014,3,3,430,4,3,1,0,5,6, , ,N,0,0,0,3,0,0,1,2,N,N,40 02:08.117,75 08:18.232,436, ,433,2,2,6,N, ,0,N, , , , , , , , ,2,1,0,0,0,0,1,0,0,0,0,0,0,0,0,0,0,0,0,0,0,0,0,0,0,0,0,0,0,0,0,0,0,0,0,0,0,40.0356,-75.1384, , 
38056,423926,2014002407,6,67,67301,2014,1,5,2258,22,3,4,3,4,1, , ,N,0,0,0,3,0,0,2,2,N,N,39 56:08.372,75 11:59.315,2258, ,2258,1,2,3,N, ,0,N, , , , , , , , ,2,1,0,0,1,0,0,0,0,0,0,0,0,0,0,0,0,0,0,0,1,0,0,0,0,0,0,0,0,0,0,0,0,0,0,0,0,39.9341,-75.2, , 
38057,423949,2014029544,6,67,67301,2014,2,4,1835,18,3,1,1,1,1, , ,N,0,0,0,3,0,1,2,2,N,N,40 00:39.468,75 03:42.080,1842, ,1842, ,0, ,N, ,0, , , , , , , , , ,2,1,0,0,0,0,1,0,0,0,0,0,1,1,0,0,0,0,0,0,2,0,0,0,0,0,0,0,0,0,0,0,0,0,0,8,0,40.011,-75.0617, , 
38058,428265,2014058992,6,67,67301,2014,5,1,2235,22,3,1,0,8,1, , ,N,0,0,0,3,0,1,2,2,N,N,39 59:55.072,75 06:33.273,2348, ,2346, ,0, ,N, ,0, , , , , , , , , ,1,1,0,0,0,0,0,0,0,0,0,1,1,0,0,0,0,0,0,0,0,0,0,0,0,0,0,0,0,0,0,0,1,0,0,4,0,39.9986,-75.1092, , 
38059,428289,2014040471,6,67,67301,2014,4,1,250,2,3,1,0,7,2, , ,N,0,0,0,3,0,0,1,1,N,N,39 53:57.997,75 09:54.710,303, ,255,1,1,2,N, ,0,N, , , , , , , , ,1,1,0,0,0,0,0,0,0,0,0,0,0,0,1,0,0,0,0,0,0,0,0,0,0,0,0,0,0,0,0,0,0,0,0,9,0,39.8994,-75.1652, , 
38060,428290,2014041077,6,67,67301,2014,4,5,1409,14,1,1,0,4,1, , ,N,1,2,0,3,0,1,12,2,Y,N,39 58:10.092,75 08:22.485,1600, ,1537, ,0, ,N, ,3, , , , , , , , , ,2,1,0,1,0,0,0,0,0,0,0,0,1,1,0,0,0,0,0,0,0,0,0,0,0,0,0,0,0,0,0,0,0,0,0,8,1,39.9695,-75.1395, , 
38061,428297,2014049465,6,46,46102,2014,4,6,731,7,1,1,0,1,1, , ,N,0,2,0,3,0,0,2,2,N,N,40 04:19.512,75 09:17.396,758, ,739,1,1,2,N, ,3,N, , , , , , , , ,2,2,0,0,0,0,0,0,0,0,0,0,0,0,0,0,0,0,0,0,0,0,0,0,0,0,0,0,0,0,0,0,0,0,0,0,0,40.0721,-75.1548, , 
38062,428334,2014032464,6,67,67301,2014,1,4,1300,13,1,1,0,4,1, , ,N,2,3,0,3,0,1,2,2,N, ,39 55:21.021,75 10:41.966,1326, ,1313,1,2,7, , ,3,Y, , , , , , , , ,2,2,0,0,0,0,0,0,0,0,0,1,1,0,0,0,0,0,0,0,0,0,0,0,0,0,0,0,0,0,0,0,0,0,0,4,0,39.9225,-75.1783, , 
38063,428379,2014042653,6,67,67301,2014,3,1,2030,20,3,2,1,8,1, , ,N,5,2,0,3,0,1,2,2,N,N,40 01:47.791,75 09:11.771,1505, ,1505, ,0, ,N, ,3, , , , , , , , , ,1,1,0,0,0,0,0,0,0,1,0,0,1,0,0,0,0,0,0,0,1,0,0,0,0,0,0,0,0,0,0,0,1,0,1,2,0,40.0299,-75.1533, , 
38064,428384,2014047620,6,67,67301,2014,5,1,1328,13,1,1,0,4,1, , ,N,0,0,0,3,0,0,2,2,N,N,39 54:02.312,75 09:16.186,1355, ,1330,3,2,1,N, ,0,N, , , , , , , , ,2,1,0,0,0,0,1,0,0,0,0,0,0,0,0,0,0,0,0,0,0,0,0,0,0,0,0,0,0,0,0,0,0,0,0,0,0,39.9006,-75.1545, , 
38065,428387,2014049716,6,67,67301,2014,4,6,1018,10,1,1,0,6,1, , ,N,5,2,0,3,0,0,4,2,N,N,39 57:51.984,75 08:03.331,1027, ,1027, ,0, ,N, ,3, , , , , , , , , ,2,1,0,0,0,1,0,0,0,0,0,0,0,0,0,0,0,0,0,0,2,0,0,0,0,0,0,0,0,0,0,0,0,0,0,0,1,39.9644,-75.1343, , 
38066,428396,2014059250,6,67,67301,2014,4,5,1623,16,1,1,0,8,1, , ,N,2,0,0,3,0,1,2,2,N,N,40 03:15.146,75 00:15.013,1628, ,1623, ,0, ,N, ,0, , , , , , , , , ,1,1,0,0,0,0,0,0,0,0,0,1,1,0,0,0,0,0,0,0,0,1,0,0,0,0,0,0,0,0,0,0,1,0,0,4,0,40.0542,-75.0042, , 
38067,428418,2014020035,6,67,67301,2014,2,6,755,7,1,1,1,5,1, , ,N,0,0,0,3,0,1,2,2,N,N,40 00:06.586,75 11:40.353,804, ,756, ,0, ,N, ,0, , , , , , , , , ,2,1,0,0,0,0,0,0,0,0,0,1,1,0,1,0,0,0,0,0,0,0,0,0,0,0,0,0,0,0,0,0,0,0,0,4,0,40.0018,-75.1945, , 
38068,428492,2014042685,6,67,67301,2014,3,1,923,9,1,2,1,4,1, , ,N,1,2,0,3,0,1,2,2,N,N,40 05:04.051,75 02:18.090,932, ,927, ,0, ,N, ,3, , , , , , , , , ,2,2,0,0,0,0,0,0,0,0,0,1,1,0,0,0,0,0,0,0,1,0,0,0,0,0,0,0,0,0,0,0,0,0,0,4,0,40.0845,-75.0384, , 
38069,428499,2014049708,6,67,67301,2014,4,2,2325,23,3,1,0,3,6, , ,N,0,0,7,3,0,1,1,6,N,N,40 05:02.371,75 02:28.564,2337, ,2336, ,0, , , ,0, , , , , , , , , ,6,5,0,0,0,0,1,0,0,0,0,1,1,0,0,0,0,0,0,0,1,0,0,1,0,0,0,0,0,0,0,0,0,0,0,4,0,40.084,-75.0413, , 
38070,428544,2014088147,6,67,67301,2014,7,4,9999,99,1,1,0,4,1, , ,N,2,0,0,3,0,1,2,2,N,N,40 01:47.283,75 07:40.180,1619, ,1617,1,1,4, , ,0,Y, , , , , , , , ,2,1,1,0,0,0,0,0,0,0,0,1,1,0,0,0,0,0,0,0,0,0,0,0,0,0,0,0,0,0,0,0,0,0,0,4,0,40.0298,-75.1278, , 
38071,428545,2014088706,6,67,67301,2014,8,4,2000,20,3,1,0,6,6, , ,N,0,0,0,3,0,1,1,4,N,N,39 57:15.220,75 13:23.180,2035, ,2034,1,1,3,N, ,0,N, , , , , , , , ,4,3,0,0,0,0,0,1,0,0,0,1,1,0,0,0,0,0,0,0,0,0,0,0,0,0,0,0,0,0,0,0,0,0,0,4,0,39.9542,-75.2231, , 
38072,428546,2014088822,6,67,67301,2014,7,4,915,9,1,1,0,8,1, , ,N,0,0,0,3,0,1,2,2,N,N,39 59:41.359,75 09:12.193,945, ,936, ,0, , , ,0, , , , , , , , , ,1,0,0,0,0,0,0,1,0,0,0,1,1,0,1,0,0,0,0,0,0,0,0,0,0,0,0,0,0,0,0,0,1,0,0,4,0,39.9948,-75.1534, , 
38073,428547,2014091301,6,67,67301,2014,9,7,230,2,3,1,0,6,1, , ,N,2,0,0,3,0,0,2,2,N,N,40 02:05.345,75 02:20.528,234, ,234,3,2,7,N, ,0,Y, , , , , , , , ,2,2,0,0,0,0,0,0,0,0,0,0,0,0,2,0,0,0,0,0,0,0,0,0,0,0,0,0,0,0,0,0,0,0,0,9,0,40.0348,-75.039, , 
38074,428554,2014061928,6,67,67301,2014,5,6,223,2,3,1,0,7,2, , ,N,0,0,0,3,0,0,1,1,N,N,39 57:30.697,75 10:01.215,2208, ,224,1,2,4,N, ,0,N, , , , , , , , ,1,0,0,0,0,0,1,0,0,0,0,0,0,0,0,0,0,0,0,0,0,0,0,0,0,0,0,0,0,0,0,0,0,0,0,0,0,39.9585,-75.167, , 
38075,428560,2014012142,6,67,67301,2014,1,2,2348,23,3,1,0,7,2, , ,N,7,0,8,3,0,1,1,1,N,N,39 54:20.266,75 08:59.404,2352, ,2349, ,0, ,N, ,0, , , , , , , , , ,1,1,0,0,0,0,0,0,0,0,0,1,1,0,0,0,0,0,0,0,0,0,0,0,0,0,0,0,0,0,0,0,0,0,0,4,0,39.9056,-75.1498, , 
38076,415576,2014042643,6,67,67301,2014,4,4,2052,20,3,1,0,4,1, , ,N,1,2,0,3,0,2,2,2,N,N,40 03:26.473,75 04:36.598,2057, ,2055, ,0, ,N, ,3, , , , , , , , , ,2,2,0,0,0,0,0,0,0,0,0,0,2,2,0,0,0,0,0,0,0,1,0,0,0,0,0,0,0,0,0,0,0,0,0,8,0,40.0574,-75.0768, , 
38077,415577,2014044255,6,67,67301,2014,3,7,1300,13,1,1,0,1,1, , ,N,0,0,0,3,0,0,5,3,N,N,39 59:55.446,75 04:50.779,1315, ,1300, ,0, ,N, ,0, , , , , , , , , ,3,2,0,0,0,0,1,0,0,0,0,0,0,0,0,0,0,0,0,0,0,0,0,0,0,0,0,0,0,0,0,0,0,0,0,0,0,39.9987,-75.0808, , 
38078,415601,2014025319,6,67,67301,2014,2,1,1305,13,1,1,0,4,1, , ,N,1,2,0,3,0,1,2,2,N, ,39 59:19.554,75 07:12.678,1310, ,1309, ,0, , , ,3, , , , , , , , , ,2,1,0,0,0,0,1,0,0,0,0,0,1,1,1,0,0,0,0,0,0,0,0,0,0,0,0,0,0,0,0,0,0,0,0,8,0,39.9888,-75.1202, , 
38079,415610,2014034171,6,67,67301,2014,3,3,742,7,1,1,0,1,1, , ,N,1,2,0,3,0,1,3,3,N,N,40 02:06.421,75 04:15.407,747, ,747,1,1,2,N, ,3,N, , , , , , , , ,3,2,0,0,0,0,0,1,0,0,0,1,1,0,0,0,0,0,0,0,1,0,0,0,0,0,0,0,0,0,0,0,0,0,0,4,0,40.0351,-75.0709, , 
38080,415622,2014043060,6,67,67301,2014,3,5,2118,21,3,1,0,1,1, , ,N,0,0,0,3,0,0,2,2,N,N,39 57:12.263,75 08:23.224,2124, ,2120, ,0, , , ,0, , , , , , , , , ,2,2,0,0,0,0,0,0,0,0,0,0,0,0,0,0,0,0,0,0,0,0,0,0,0,0,0,0,0,0,0,0,0,0,0,0,0,39.9534,-75.1398, , 
38081,415623,2014044159,6,67,67301,2014,3,7,1949,19,3,2,1,8,1, , ,N,1,3,0,3,0,1,2,2,N,N,39 56:30.976,75 12:49.989,2001, ,2001, ,0, ,N, ,3, , , , , , , , , ,1,0,0,0,0,0,0,1,0,0,0,1,1,0,0,0,0,0,0,0,0,0,0,1,0,0,0,0,0,0,0,0,1,0,0,4,0,39.9419,-75.2139, , 
38082,415640,2014012148,6,67,67301,2014,1,2,810,8,1,1,1,1,1, , ,N,6,0,2,3,0,0,2,2,N,N,39 56:18.041,75 11:51.584,820, ,817, ,0, ,N, ,0, , , , , , , , , ,2,1,0,0,0,0,1,0,0,0,0,0,0,0,0,0,0,0,0,0,0,0,0,0,0,0,0,0,0,0,0,0,0,0,0,0,0,39.934,-75.1999, , 
38083,415657,2014028076,6,67,67301,2014,1,3,1035,10,1,4,3,7,4, , ,N,2,2,0,3,0,0,2,2,N, ,40 06:08.902,74 58:55.293,1125, ,1119, ,0, , , ,3, , , , , , , , , ,2,1,0,0,0,0,0,1,0,0,0,0,0,0,0,0,0,0,0,0,1,0,0,0,0,0,0,0,0,0,0,0,0,0,0,0,0,40.1025,-74.982, , 
38084,415675,2014044269,6,67,67301,2014,4,5,922,9,1,1,0,1,1, , ,N,0,0,0,3,0,0,2,2,N,N,39 58:01.023,75 08:01.344,934, ,926,1,1,1,N, ,0,N, , , , , , , , ,2,1,0,0,0,0,0,1,0,0,0,0,0,0,0,0,0,0,0,0,0,0,0,0,0,0,0,0,0,0,0,0,0,0,0,0,0,39.967,-75.1337, , 
38085,415700,2014021554,6,67,67301,2014,1,1,2000,20,6,9,0,0,1, , ,N,0,0,0,3,0,1,1,1,N,N,39 58:37.386,75 08:36.584,1220, ,1213, ,0, ,N, ,0, , , , , , , , , ,1,0,1,0,0,0,0,0,0,0,1,0,1,0,0,0,0,0,0,0,0,0,0,0,0,0,0,0,0,0,0,0,0,0,0,3,0,39.9771,-75.1435, , 
38086,415704,2014027689,6,67,67301,2014,2,1,2110,21,3,1,0,4,1, , ,N,1,2,0,3,0,1,2,2,N,N,39 59:07.310,75 09:40.971,2115, ,2115,3,2,2,N, ,3,Y, , , , , , , , ,2,2,0,0,0,0,0,0,0,0,0,0,1,1,0,0,0,0,0,0,1,0,0,0,0,0,0,0,0,0,0,0,0,0,0,8,0,39.9854,-75.1614, , 
38087,415707,2014030325,6,67,67301,2014,3,3,2035,20,2,1,0,7,3, , ,N,0,0,0,3,0,1,1,1,N,N,39 54:28.151,75 08:58.577,2049, ,2042,2,1,2,Y, ,0,N, , , , , , , , ,1,1,0,0,0,0,0,0,0,0,0,1,1,0,0,0,0,0,1,0,0,0,0,1,0,0,0,0,0,0,0,0,0,0,0,4,0,39.9078,-75.1496, , 
38088,415709,2014032419,6,67,67301,2014,2,3,34,0,3,1,0,7,5, , ,N,0,0,0,3,0,0,1,1,N,N,40 01:50.892,75 12:26.002,39, ,35, ,0, ,N, ,0, , , , , , , , , ,1,1,0,0,0,0,0,0,0,0,0,0,0,0,0,0,0,0,0,0,0,0,0,0,0,0,0,0,0,0,0,0,0,0,0,0,0,40.0308,-75.2072, , 
38089,415719,2014043095,6,67,67301,2014,3,6,1408,14,1,2,0,4,1, , ,N,2,3,0,3,0,1,11,2,N,N,39 55:17.742,75 14:24.338,1409, ,1409, ,0, ,N, ,3, , , , , , , , , ,2,0,0,0,0,0,0,1,0,0,0,1,1,0,0,0,0,0,0,0,0,0,0,0,0,0,0,0,0,0,0,0,0,0,0,4,0,39.9216,-75.2401, , 
38090,415742,2014070978,6,67,67301,2014,7,5,1229,12,1,1,0,1,1, , ,N,0,0,0,3,0,0,2,2,N,N,40 00:27.621,75 12:05.669,1239, ,1235, ,0, ,N, ,0, , , , , , , , , ,2,2,0,0,0,0,0,0,0,0,0,0,0,0,0,0,0,0,0,0,1,0,0,0,0,0,0,0,0,0,0,0,0,0,0,0,0,40.0077,-75.2016, , 
38091,415748,2014076770,6,67,67301,2014,8,1,202,2,3,2,1,1,1, , ,N,0,0,0,3,0,0,2,2,N,N,39 57:28.242,75 08:28.641,217, ,203,2,1,2,N, ,0,N, , , , , , , , ,2,1,0,0,0,0,1,0,0,0,0,0,0,0,0,0,0,0,0,0,0,0,0,0,0,0,0,0,0,0,0,0,0,0,0,0,0,39.9578,-75.1413, , 
38092,415750,2014078991,6,67,67301,2014,7,6,1948,19,1,1,0,5,1, , ,N,0,0,0,3,0,0,5,2,N,N,40 00:26.730,75 12:00.492,2007, ,1954, ,0, ,N, ,0, , , , , , , , , ,2,1,0,0,0,0,1,0,0,0,0,0,0,0,0,0,0,0,0,0,0,0,0,0,0,0,0,0,0,0,0,0,0,0,0,0,0,40.0074,-75.2001, , 
38093,415751,2014078995,6,67,67301,2014,8,3,1624,16,1,2,1,1,1, , ,N,0,0,0,3,0,1,3,3,N,N,39 57:27.634,75 09:37.367,1640, ,1626,1,1,4,N, ,0,N, , , , , , , , ,3,0,0,0,0,0,1,2,0,0,0,1,1,0,0,0,0,0,0,0,0,0,0,0,0,0,0,0,0,0,0,0,0,0,0,4,0,39.9577,-75.1604, , 
38094,415755,2014084206,6,67,67301,2014,6,2,2105,21,3,1,0,1,1, , ,N,1,2,0,3,0,5,6,3,N,N,40 00:09.705,75 10:27.076,2127, ,2120, ,0, ,N, ,3, , , , , , , , , ,3,3,0,0,0,0,0,0,0,0,0,0,5,5,1,0,0,0,0,1,0,0,0,0,0,0,0,0,0,0,0,0,0,0,0,8,0,40.0027,-75.1742, , 
38095,419607,2014025386,6,67,67301,2014,1,4,1236,12,1,4,3,8,1, , ,N,1,0,0,3,0,1,2,2,N,N,40 02:03.375,75 05:23.373,1239, ,1238, ,0, ,N, ,0, , , , , , , , , ,1,0,0,0,0,0,1,0,0,0,0,1,1,0,0,0,0,0,0,0,0,0,0,0,0,0,0,0,0,0,0,0,1,0,0,4,0,40.0343,-75.0898, , 
38096,419622,2014039041,6,67,67301,2014,3,2,1220,12,1,1,0,4,1, , ,N,1,2,0,3,0,1,4,2,N,N,40 06:18.581,75 01:58.245,1228, ,1228,1,1,2,N, ,3,N, , , , , , , , ,2,2,0,0,0,0,0,0,0,0,0,1,1,0,0,0,0,0,0,0,1,0,0,0,0,0,0,0,0,0,0,0,0,0,0,4,0,40.1052,-75.0328, , 
38097,419623,2014040387,6,67,67301,2014,4,3,1430,14,1,2,1,4,1, , ,N,1,2,0,3,0,0,2,2,N,N,40 00:14.047,75 08:57.044,1430, ,1429, ,0, ,N, ,3, , , , , , , , , ,2,1,0,0,1,0,0,0,0,0,0,0,0,0,0,0,0,0,0,0,1,0,0,0,0,0,0,0,0,0,0,0,0,0,0,0,0,40.0039,-75.1492, , 
38098,419649,2014025339,6,67,67301,2014,1,5,1508,15,1,1,0,1,1, , ,N,2,2,0,3,0,1,2,2,N,N,40 02:02.689,75 12:30.292,1508, ,1508,9,1,2,N, ,3,N, , , , , , , , ,2,2,0,0,0,0,0,0,0,0,0,1,1,0,0,0,0,0,0,0,0,0,0,0,0,0,0,0,0,0,0,0,0,0,0,4,0,40.0342,-75.2083, , 