objectid_1,objectid,crn,district,county,municipality,crash_year,crash_month,day_of_week,time_of_day,hour_of_day,illumination,weather,road_condition,collision_type,relation_to_road,work_zone_type,work_zone_loc,work_zone_ind,intersect_type,tcd_type,location_type,urban_rural,fatal_count,injury_count,person_count,total_units,sch_bus_ind,sch_zone_ind,latitude,longitude,arrival_tm,cons_zone_spd_lim,dispatch_tm,est_hrs_closed,lane_closed,ln_close_dir,ntfy_hiwy_maint,spec_juris_cd,tcd_func_cd,tfc_detour_ind,workers_pres,wz_close_detour,wz_flagger,wz_law_offcr_ind,wz_ln_closure,wz_moving,wz_other,wz_shlder_mdn,vehicle_count,automobile_count,motorcycle_count,bus_count,small_truck_count,heavy_truck_count,suv_count,van_count,bicycle_count,maj_inj_count,mod_inj_count,min_inj_count,tot_inj_count,unk_inj_deg_count,unk_inj_per_count,driver_count_16yr,driver_count_17yr,driver_count_18yr,driver_count_19yr,driver_count_20yr,driver_count_50_64yr,driver_count_65_74yr,driver_count_75plus,unbelted_occ_count,unb_death_count,unb_maj_inj_count,belted_death_count,belted_maj_inj_count,mcycle_death_count,mcycle_maj_inj_count,bicycle_death_count,bicycle_maj_inj_count,ped_count,ped_death_count,ped_maj_inj_count,max_severity_level,comm_veh_count,dec_lat,dec_long,rdwy_surf_type_cd,county_name
38099,419650,2014025361,6,67,67301,2014,1,6,1245,12,1,4,5,1,1, , ,N,0,0,0,3,0,1,4,4,N, ,39 59:09.533,75 06:40.274,1258, ,1253,9,1,1, , ,0,N, , , , , , , , ,4,3,0,0,1,0,0,0,0,0,0,0,1,1,0,0,0,0,0,0,0,1,0,0,0,0,0,0,0,0,0,0,0,0,0,8,0,39.986,-75.1112, , 
38100,419658,2014034227,6,67,67301,2014,3,2,1050,10,1,4,3,5,6, , ,N,0,0,0,3,0,0,1,3,N,N,40 01:00.714,75 09:30.255,1105, ,1100, ,0, ,N, ,0, , , , , , , , , ,3,1,0,0,1,0,1,0,0,0,0,0,0,0,0,0,0,0,0,0,1,0,0,0,0,0,0,0,0,0,0,0,0,0,0,0,0,40.0169,-75.1584, , 
38101,419661,2014035833,6,67,67301,2014,3,2,139,1,3,2,1,7,2, , ,N,0,0,2,3,0,1,1,1,N,N,39 57:26.458,75 08:32.812,203, ,143, ,0, ,N, ,0, , , , , , , , , ,1,1,0,0,0,0,0,0,0,0,0,0,1,1,0,0,0,0,0,1,0,0,0,1,0,0,0,0,0,0,0,0,0,0,0,8,0,39.9587,-75.1417, , 
38102,419703,2014016473,6,67,67301,2014,1,2,1844,18,3,1,0,7,2, , ,N,10,0,0,3,0,0,1,1,N,N,39 53:35.717,75 13:42.269,1849, ,1846, ,0, ,Y, ,0, , , , , , , , , ,1,0,0,0,1,0,0,0,0,0,0,0,0,0,0,0,0,0,0,0,1,0,0,0,0,0,0,0,0,0,0,0,0,0,0,0,0,39.8933,-75.2284, , 
38103,419727,2014039339,6,67,67301,2014,2,6,1820,18,3,1,1,4,1, , ,N,1,2,0,3,0,2,4,2,N, ,39 59:06.403,75 14:50.558,1911, ,1903, ,0, , , ,3, , , , , , , , , ,2,1,0,0,1,0,0,0,0,0,0,2,2,0,0,0,0,0,0,0,0,0,0,0,0,0,0,0,0,0,0,0,0,0,0,4,0,39.9851,-75.2474, , 
38104,419729,2014002410,6,67,67301,2014,1,6,333,3,3,1,3,1,1, , ,N,0,0,0,3,0,0,4,2,N,N,39 55:51.415,75 11:56.886,411, ,350,2,1,3,N, ,0,N, , , , , , , , ,2,1,0,0,0,0,0,0,0,0,0,0,0,0,1,0,0,0,0,0,0,0,0,0,0,0,0,0,0,0,0,0,0,0,0,9,0,39.9309,-75.1991, , 
38105,419750,2014030292,6,67,67301,2014,2,3,1000,10,1,1,0,4,1, , ,N,2,2,0,3,0,0,4,2,N, ,40 03:46.988,75 05:11.702,1045, ,1037, ,0, , , ,3, , , , , , , , , ,2,0,0,0,0,0,1,1,0,0,0,0,0,0,0,0,0,0,0,0,0,1,0,0,0,0,0,0,0,0,0,0,0,0,0,0,0,40.0631,-75.0866, , 
38106,419754,2014032341,6,67,67301,2014,2,6,730,7,1,6,1,4,1, , ,N,1,3,0,3,0,6,7,2,N,N,39 59:11.933,75 08:47.141,745, ,705, ,0, ,N, ,3, , , , , , , , , ,2,0,0,1,0,0,0,1,0,0,0,0,6,6,0,0,0,0,0,0,1,0,0,0,0,0,0,0,0,0,0,0,0,0,0,8,1,39.9866,-75.1464, , 
38107,419755,2014032364,6,67,67301,2014,2,7,1809,18,3,4,6,4,1, , ,N,1,2,0,3,0,0,3,2,N,N,40 01:26.924,75 07:59.558,1815, ,1811,1,2,2,N, ,2,N, , , , , , , , ,2,1,0,0,0,0,1,0,0,0,0,0,0,0,1,0,0,0,0,0,0,0,0,0,0,0,0,0,0,0,0,0,0,0,0,9,0,40.0242,-75.133, , 
38108,419756,2014032647,6,67,67301,2014,2,6,255,2,3,1,0,7,4, , ,N,7,0,2,3,0,0,1,1,N,N,39 59:57.902,75 04:48.046,321, ,301,1,2,3,Y, ,0,N, , , , , , , , ,1,1,0,0,0,0,0,0,0,0,0,0,0,0,1,0,0,0,0,0,0,0,0,0,0,0,0,0,0,0,0,0,0,0,0,9,0,39.9949,-75.0849, , 
38109,419769,2014049576,6,67,67301,2014,3,1,337,3,3,1,0,7,4, , ,N,1,2,0,3,0,2,2,1,N, ,40 00:06.501,75 09:16.312,341, ,338, ,0, , , ,3, , , , , , , , , ,1,1,0,0,0,0,0,0,0,1,1,0,2,0,0,0,0,0,0,0,0,0,0,0,0,0,0,0,0,0,0,0,0,0,0,2,0,40.0018,-75.1545, , 
38110,419770,2014049994,6,67,67301,2014,4,5,200,2,3,1,0,4,1, , ,N,1,3,0,3,0,0,2,3,N, ,39 57:24.296,75 13:02.938,230, ,220, ,0, , , ,3, , , , , , , , , ,3,3,0,0,0,0,0,0,0,0,0,0,0,0,0,0,0,0,0,0,0,0,0,0,0,0,0,0,0,0,0,0,0,0,0,0,0,39.9567,-75.2175, , 
38111,419811,2014043042,6,67,67301,2014,3,7,809,8,1,1,0,8,1, , ,N,0,0,0,3,0,1,2,2,N,N,40 03:33.304,75 14:16.054,815, ,809, ,0, ,N, ,0, , , , , , , , , ,1,1,0,0,0,0,0,0,0,0,0,0,1,1,0,0,0,0,0,0,0,1,0,1,0,0,0,0,0,0,0,0,1,0,0,8,0,40.0593,-75.2378, , 
38112,419818,2014050282,6,67,67301,2014,4,2,416,4,3,1,0,7,4, , ,N,0,0,0,3,0,0,1,1,N,N,40 05:27.524,75 01:58.066,417, ,416, ,0, , , ,0, , , , , , , , , ,1,0,0,0,0,0,1,0,0,0,0,0,0,0,1,0,0,0,0,0,0,0,0,0,0,0,0,0,0,0,0,0,0,0,0,9,0,40.091,-75.0328, , 
38113,423950,2014029873,6,67,67301,2014,2,2,9999,99,3,4,4,5,6, , ,N,0,0,0,3,0,0,1,3,N, ,40 00:17.726,75 08:14.877,9999, ,9999, ,0, , , ,0, , , , , , , , , ,3,2,0,0,1,0,0,0,0,0,0,0,0,0,0,0,0,0,0,0,0,0,0,0,0,0,0,0,0,0,0,0,0,0,0,0,0,40.0049,-75.1375, , 
38114,423961,2014039031,6,67,67301,2014,3,5,1230,12,1,1,0,1,1, , ,N,0,2,0,3,0,0,2,2,N, ,39 59:48.226,75 06:56.005,1230, ,1230, ,0, , , ,3, , , , , , , , , ,2,2,0,0,0,0,0,0,0,0,0,0,0,0,0,0,0,0,1,0,0,0,0,0,0,0,0,0,0,0,0,0,0,0,0,0,0,39.9967,-75.1156, , 
38115,423971,2014050299,6,67,67301,2014,3,3,1255,12,1,1,0,4,1, , ,N,0,0,7,3,0,0,2,2,N, ,40 06:24.426,74 58:41.278,1259, ,1257, ,0, , , ,0, , , , , , , , , ,2,2,0,0,0,0,0,0,0,0,0,0,0,0,0,0,0,1,0,0,0,0,0,0,0,0,0,0,0,0,0,0,0,0,0,0,0,40.1068,-74.9781, , 
38116,423999,2014088780,6,67,67301,2014,8,6,9999,99,3,1,0,8,1, , ,N,1,0,0,3,0,1,2,2,N, ,40 00:14.292,75 08:04.876,1536, ,1536, ,0, , , ,0, , , , , , , , , ,1,0,0,0,0,0,0,0,0,0,0,1,1,0,0,0,0,0,0,0,0,0,0,0,0,0,0,0,0,0,0,0,1,0,0,4,0,40.004,-75.1347, , 
38117,424016,2014104994,6,67,67301,2014,10,5,1940,19,4,1,0,5,1, , ,N,0,0,0,3,0,1,2,2,N,N,39 56:39.560,75 09:18.651,2005, ,2001, ,0, ,N, ,0, , , , , , , , , ,1,1,0,0,0,0,0,0,1,0,0,1,1,0,0,0,0,0,0,0,0,0,0,0,0,0,0,0,0,0,0,0,0,0,0,4,0,39.9443,-75.1552, , 
38118,424048,2014038328,6,67,67301,2014,3,7,758,7,1,2,1,5,1, , ,N,0,0,0,3,0,0,3,3,N,N,39 57:36.871,75 10:51.891,800, ,758,1,1,3,N, ,0,N, , , , , , , , ,3,2,0,0,0,0,0,1,0,0,0,0,0,0,0,0,0,0,0,0,1,0,0,0,0,0,0,0,0,0,0,0,0,0,0,0,0,39.9602,-75.1811, , 
38119,424053,2014044583,6,67,67301,2014,3,2,655,6,1,4,3,4,1, , ,N,1,2,0,3,0,2,9,3,Y,N,40 02:11.493,75 10:49.407,705, ,659, ,0, ,N, ,2, , , , , , , , , ,3,1,0,1,0,0,0,1,0,0,0,0,2,2,0,0,0,0,0,0,1,0,0,0,0,0,0,0,0,0,0,0,0,0,0,8,1,40.0365,-75.1804, , 
38120,424062,2014056684,6,67,67301,2014,4,7,220,2,3,2,1,4,1, , ,N,1,2,0,3,0,2,4,2,N,N,39 57:04.187,75 09:12.892,225, ,221,1,1,3,N, ,3,Y, , , , , , , , ,2,2,0,0,0,0,0,0,0,0,0,2,2,0,0,0,0,0,0,0,0,0,0,1,0,0,0,0,0,0,0,0,0,0,0,4,0,39.9511,-75.1536, , 
38121,424064,2014058998,6,67,67301,2014,5,3,1722,17,1,1,0,1,1, , ,N,0,0,0,3,0,0,2,2,N,N,40 00:42.709,75 07:13.155,1736, ,1723, ,0, ,N, ,0, , , , , , , , , ,2,1,0,0,0,0,0,1,0,0,0,0,0,0,0,0,0,0,0,0,0,0,0,0,0,0,0,0,0,0,0,0,0,0,0,0,0,40.0119,-75.1203, , 
38122,424092,2014031401,6,67,67301,2014,3,2,933,9,1,4,4,7,2, , ,N,0,0,3,3,0,0,1,2,N,N,39 53:59.111,75 09:45.697,933, ,933,1,1,2,N, ,0,N, , , , , , , , ,2,1,0,0,1,0,0,0,0,0,0,0,0,0,0,0,0,0,0,0,0,0,0,0,0,0,0,0,0,0,0,0,0,0,0,0,0,39.8998,-75.1627, , 
38123,424103,2014045448,6,67,67301,2014,4,3,809,8,1,1,0,1,1, , ,N,0,0,0,3,0,1,2,2,N,N,39 59:40.385,75 05:02.883,809, ,809, ,0, ,N, ,0, , , , , , , , , ,2,1,0,0,0,0,1,0,0,0,0,1,1,0,0,0,0,0,0,0,1,0,0,0,0,0,0,0,0,0,0,0,0,0,0,4,0,39.9946,-75.0841, , 
38124,424106,2014049562,6,67,67301,2014,4,3,1835,18,1,1,0,4,1, , ,N,4,4,0,3,0,4,6,2,N,N,40 01:04.924,75 05:49.177,1850, ,1845, ,0, ,N, ,3, , , , , , , , , ,2,2,0,0,0,0,0,0,0,0,0,0,4,4,0,0,0,0,0,0,0,0,0,4,0,0,0,0,0,0,0,0,0,0,0,8,0,40.018,-75.097, , 
38125,424107,2014049651,6,67,67301,2014,4,3,840,8,1,1,1,4,1, , ,N,1,3,0,3,0,2,3,2,N,N,39 57:33.487,75 12:01.753,850, ,846, ,0, ,N, ,3, , , , , , , , , ,2,1,0,0,1,0,0,0,0,0,0,2,2,0,0,0,0,0,0,0,0,0,0,0,0,0,0,0,0,0,0,0,0,0,0,4,0,39.9593,-75.2005, , 
38126,424111,2014054582,6,67,67301,2014,4,2,9999,99,1,1,1,7,4, , ,N,0,0,0,3,0,0,1,1,N,N,40 02:39.934,75 07:07.597,1915, ,1915, ,0, ,N, ,0, , , , , , , , , ,1,0,0,0,0,0,1,0,0,0,0,0,0,0,0,0,0,0,0,0,0,0,0,0,0,0,0,0,0,0,0,0,0,0,0,0,0,40.0444,-75.1188, , 
38127,424112,2014054605,6,67,67301,2014,4,3,2130,21,3,2,1,4,1, , ,N,1,3,0,3,0,1,3,2,N,N,40 01:34.525,75 08:54.369,2130, ,2130, ,0, ,N, ,3, , , , , , , , , ,2,1,0,0,0,0,1,0,0,0,0,1,1,0,0,0,0,0,0,0,0,0,0,1,0,0,0,0,0,0,0,0,0,0,0,4,0,40.0263,-75.1484, , 
38128,424148,2014043033,6,67,67301,2014,3,1,845,8,1,1,0,5,6, , ,N,0,0,0,3,0,0,1,4,N,N,39 56:52.677,75 09:21.222,850, ,849,3,1,1,N, ,0,N, , , , , , , , ,4,3,0,0,1,0,0,0,0,0,0,0,0,0,0,0,0,0,0,0,0,0,0,0,0,0,0,0,0,0,0,0,0,0,0,0,0,39.948,-75.1559, , 
38129,424151,2014044542,6,67,67301,2014,3,5,1945,19,3,1,0,1,1, , ,N,2,2,0,3,0,0,3,2,N,N,40 00:20.317,75 11:27.417,2002, ,1948, ,0, ,N, ,3, , , , , , , , , ,2,1,0,0,0,0,1,0,0,0,0,0,0,0,0,0,0,0,0,0,2,0,0,0,0,0,0,0,0,0,0,0,0,0,0,0,0,40.0056,-75.1909, , 
38130,424159,2014050308,6,67,67301,2014,4,1,1825,18,1,1,0,4,1, , ,N,1,2,0,3,0,0,5,3,N,N,40 01:27.102,75 05:43.897,1830, ,1825,1,1,1,N, ,3,N, , , , , , , , ,3,2,0,0,1,0,0,0,0,0,0,0,0,0,0,0,1,0,0,0,0,0,0,0,0,0,0,0,0,0,0,0,0,0,0,0,0,40.0242,-75.0955, , 
38131,424180,2014021567,6,67,67301,2014,1,7,1420,14,1,8,5,4,1, , ,N,3,0,0,3,0,2,4,2,N, ,39 53:56.128,75 10:13.503,1435, ,1420, ,0, , , ,0, , , , , , , , , ,2,0,0,0,0,0,2,0,0,0,2,0,2,0,0,0,0,0,0,0,0,0,0,0,0,0,0,0,0,0,0,0,0,0,0,3,0,39.8989,-75.1704, , 
38132,428569,2014021561,6,67,67301,2014,1,4,1912,19,3,1,0,4,1, , ,N,1,2,0,3,0,1,2,2,N,N,39 54:11.988,75 14:35.285,1921, ,1917,1,1,4,N, ,3,N, , , , , , , , ,2,1,0,0,0,0,0,1,0,0,0,0,1,1,0,0,0,0,0,0,1,0,0,0,0,0,0,0,0,0,0,0,0,0,0,8,0,39.9033,-75.2431, , 
38133,428587,2014042732,6,67,67301,2014,3,7,257,2,3,1,0,4,1, , ,N,1,2,0,3,0,2,5,4,N,N,39 56:28.388,75 10:33.005,259, ,258, ,0, ,N, ,3, , , , , , , , , ,4,3,0,0,0,0,1,0,0,0,0,2,2,0,0,0,0,0,0,0,0,0,0,0,0,0,0,0,0,0,0,0,0,0,0,4,0,39.9412,-75.1758, , 
38134,428588,2014043023,6,67,67301,2014,3,6,935,9,1,1,0,4,1, , ,N,1,2,0,3,0,0,2,2,N,N,40 01:17.505,75 03:06.381,943, ,942, ,0, ,N, ,3, , , , , , , , , ,2,1,0,0,0,1,0,0,0,0,0,0,0,0,0,0,0,0,0,0,1,0,0,0,0,0,0,0,0,0,0,0,0,0,0,0,1,40.0215,-75.0518, , 
38135,428592,2014049599,6,67,67301,2014,4,6,1015,10,1,1,0,4,1, , ,N,1,3,0,3,0,2,2,2,N,N,39 55:28.394,75 10:50.476,1021, ,1017, ,0, ,N, ,3, , , , , , , , , ,2,2,0,0,0,0,0,0,0,0,0,2,2,0,0,0,0,0,0,0,0,0,0,0,0,0,0,0,0,0,0,0,0,0,0,4,0,39.9246,-75.1807, , 
38136,428596,2014059261,6,67,67301,2014,5,6,2350,23,3,1,0,1,1, , ,N,1,2,0,3,0,2,5,2,N,N,40 05:07.675,75 02:14.870,3, ,2, ,0, ,N, ,3, , , , , , , , , ,2,0,0,0,0,0,2,0,0,0,0,2,2,0,0,0,0,0,0,0,1,0,0,0,0,0,0,0,0,0,0,0,0,0,0,4,0,40.0854,-75.0374, , 
38137,428612,2014069436,6,67,67301,2014,6,3,1226,12,1,1,0,4,1, , ,N,0,0,7,3,0,1,3,2,N, ,39 56:30.046,75 12:43.165,1248, ,1243,9,1,6, , ,0,N, , , , , , , , ,2,1,0,0,0,0,1,0,0,0,0,0,1,1,0,0,0,0,0,0,0,0,0,1,0,0,0,0,0,0,0,0,0,0,0,8,0,39.9417,-75.212, , 
38138,428619,2014074509,6,67,67301,2014,6,1,2110,21,3,1,0,4,1, , ,N,1,2,0,3,0,0,3,2,N,N,40 06:46.747,75 01:23.201,2114, ,2114, ,0, ,N, ,3, , , , , , , , , ,2,1,0,0,0,0,1,0,0,0,0,0,0,0,0,0,0,0,0,0,1,0,0,0,0,0,0,0,0,0,0,0,0,0,0,0,0,40.113,-75.023, , 
38139,428632,2014088629,6,67,67301,2014,7,5,1945,19,1,1,0,4,1, , ,N,0,0,0,3,0,1,2,2,N,N,39 53:46.800,75 14:58.500,2024, ,2024, ,0, ,N, ,0, , , , , , , , , ,1,1,0,0,0,0,0,0,1,0,0,1,1,0,0,0,0,0,0,0,0,0,0,0,0,0,0,0,0,0,0,0,0,0,0,4,0,39.8963,-75.2496, , 
38140,428633,2014088784,6,67,67301,2014,8,3,1335,13,1,1,0,1,1, , ,N,0,0,0,3,0,0,2,2,N,N,39 59:57.933,75 06:40.291,1346, ,1346,1,1,3,N, ,0,N, , , , , , , , ,2,1,0,0,0,0,1,0,0,0,0,0,0,0,0,0,0,0,0,1,0,0,0,0,0,0,0,0,0,0,0,0,0,0,0,0,0,39.9994,-75.1112, , 
38141,428638,2014091433,6,67,67301,2014,8,6,9999,99,1,1,0,5,1, , ,N,0,0,0,3,0,1,4,2,N,N,40 02:33.505,75 03:47.947,1835, ,1833, ,0, , , ,0, , , , , , , , , ,2,1,0,0,0,0,0,1,0,0,0,1,1,0,0,0,0,0,0,0,0,1,0,0,0,0,0,0,0,0,0,0,0,0,0,4,0,40.0426,-75.0633, , 
38142,428658,2014068004,6,67,67301,2014,5,4,1250,12,1,1,0,7,4,8,8,Y,2,3,0,3,0,1,1,2,N,N,40 04:27.181,75 09:46.065,1619,99,1613, ,0, , , ,3, ,U,U,U,U,U,U,U,U,1,1,0,0,0,0,0,0,0,0,0,1,1,0,0,0,0,0,0,0,0,0,0,0,0,0,0,0,0,0,0,0,0,0,0,4,0,40.0742,-75.1628, , 
38143,428674,2014078830,6,67,67301,2014,6,4,9999,99,1,1,0,4,1, , ,N,1,2,0,3,0,1,2,2,N, ,39 55:49.303,75 11:12.947,1137, ,1136,1,1,5, , ,3,Y, , , , , , , , ,2,2,0,0,0,0,0,0,0,0,0,1,1,0,0,0,0,0,0,0,1,0,0,0,0,0,0,0,0,0,0,0,0,0,0,4,0,39.9304,-75.1869, , 
38144,428675,2014078841,6,67,67301,2014,6,5,9999,99,1,1,1,4,1, , ,N,1,2,0,3,0,1,3,2,N,N,39 59:08.465,75 14:51.083,910, ,915,2,2,3,N, ,3,Y, , , , , , , , ,2,1,0,0,0,0,1,0,0,0,0,0,1,1,0,0,0,0,0,0,1,0,0,0,0,0,0,0,0,0,0,0,0,0,0,8,0,39.9857,-75.2475, , 
38145,428678,2014084365,6,67,67301,2014,7,3,2325,23,3,1,0,8,1, , ,N,2,0,0,3,0,1,2,2,N,N,40 07:07.266,74 59:36.808,2330, ,2325, ,0, , , ,0, , , , , , , , , ,1,0,0,0,0,0,0,0,0,0,1,0,1,0,0,0,0,0,0,0,0,0,0,0,0,0,0,0,0,0,0,0,1,0,0,3,0,40.1187,-74.9936, , 
38146,428680,2014088686,6,67,67301,2014,8,4,650,6,1,1,1,7,4, , ,N,0,0,0,3,0,1,1,1,N,N,39 59:28.901,75 11:45.583,701, ,658,1,1,4,N, ,0,N, , , , , , , , ,1,1,0,0,0,0,0,0,0,0,0,1,1,0,0,0,0,0,0,0,0,0,0,0,0,0,0,0,0,0,0,0,0,0,0,4,0,39.9914,-75.196, , 
38147,428684,2014092224,6,67,67301,2014,9,5,1606,16,1,1,0,5,1, , ,N,0,0,0,3,0,1,2,2,N,N,40 00:42.951,75 03:37.332,1648, ,1620, ,0, ,N, ,0, , , , , , , , , ,2,1,0,0,0,1,0,0,0,0,0,1,1,0,0,0,0,0,0,0,0,0,0,0,0,0,0,0,0,0,0,0,0,0,0,4,1,40.0119,-75.0604, , 
38148,428690,2014096087,6,67,67301,2014,9,1,102,1,3,1,0,7,2, , ,N,0,0,0,3,0,0,1,1,N,N,39 58:00.096,75 11:15.594,112, ,108,3,2,3,N, ,0,N, , , , , , , , ,1,1,0,0,0,0,0,0,0,0,0,0,0,0,0,0,0,1,0,0,0,0,0,0,0,0,0,0,0,0,0,0,0,0,0,0,0,39.9667,-75.1877, , 
38149,428703,2014068601,6,67,67301,2014,5,7,1236,12,1,1,0,1,1, , ,N,2,2,0,3,0,2,8,6,N,N,40 06:05.448,75 00:21.920,1240, ,1237,2,2,1,N, ,3,N, , , , , , , , ,6,5,0,0,0,0,0,1,0,0,0,2,2,0,0,0,0,0,0,0,0,1,1,0,0,0,0,0,0,0,0,0,0,0,0,4,0,40.1015,-75.0061, , 
38150,415761,2014088700,6,67,67301,2014,8,1,2200,22,3,1,0,1,1, , ,N,1,2,0,3,0,1,2,2,N, ,39 57:17.491,75 09:04.108,2204, ,2202, ,0, , , ,3, , , , , , , , , ,2,2,0,0,0,0,0,0,0,0,0,0,1,1,0,0,0,1,0,0,1,0,0,2,0,0,0,0,0,0,0,0,0,0,0,8,0,39.9549,-75.1511, , 
38151,415768,2014099189,6,67,67301,2014,9,4,1534,15,1,1,0,4,1, , ,N,1,0,1,3,0,1,2,3,N,N,39 55:39.554,75 11:15.100,1540, ,1534, ,0, ,N, ,0, , , , , , , , , ,3,2,0,0,0,0,1,0,0,0,0,1,1,0,0,0,0,0,0,0,1,0,0,0,0,0,0,0,0,0,0,0,0,0,0,4,0,39.9277,-75.1875, , 
38152,415774,2014106763,6,67,67301,2014,10,5,155,1,3,2,1,7,4, , ,N,2,2,0,3,0,1,4,1,N,N,39 59:58.649,75 11:26.101,205, ,200,1,1,2, , ,3,N, , , , , , , , ,1,1,0,0,0,0,0,0,0,0,1,0,1,0,0,0,0,0,0,0,0,0,0,1,0,0,0,0,0,0,0,0,0,0,0,3,0,39.9996,-75.1905, , 
38153,415783,2014013071,6,67,67301,2014,1,7,1258,12,1,4,3,7,4, , ,N,2,2,0,3,0,0,2,1,N,N,40 06:08.902,74 58:55.293,1305, ,1300, ,0, ,N, ,3, , , , , , , , , ,1,1,0,0,0,0,0,0,0,0,0,0,0,0,0,0,0,0,0,0,0,0,0,0,0,0,0,0,0,0,0,0,0,0,0,0,0,40.1025,-74.982, , 
38154,415791,2014025328,6,67,67301,2014,1,4,2104,21,3,1,0,1,1, , ,N,0,0,0,3,0,1,2,2,N,N,40 01:13.872,75 09:20.288,2115, ,2107,9,2,1,N, ,0,N, , , , , , , , ,2,2,0,0,0,0,0,0,0,0,0,0,1,1,0,0,0,0,0,0,0,0,0,0,0,0,0,0,0,0,0,0,0,0,0,8,0,40.0205,-75.1556, , 
38155,415792,2014025378,6,67,67301,2014,1,3,606,6,3,2,1,8,1, , ,N,1,2,0,3,0,1,2,2,N,N,39 55:30.716,75 10:33.742,609, ,607, ,0, ,N, ,3, , , , , , , , , ,1,1,0,0,0,0,0,0,0,0,0,1,1,0,0,0,0,0,1,0,0,0,0,0,0,0,0,0,0,0,0,0,1,0,0,4,0,39.9252,-75.1759, , 
38156,415799,2014031652,6,67,67301,2014,3,2,1038,10,1,4,1,7,4, , ,N,7,0,8,3,0,1,2,1,N,N,39 54:45.377,75 10:27.727,1038, ,1038,1,1,2,N, ,0,N, , , , , , , , ,1,0,0,0,1,0,0,0,0,0,0,1,1,0,0,0,0,0,0,0,0,0,0,0,0,0,0,0,0,0,0,0,0,0,0,4,0,39.9126,-75.1744, , 
38157,415802,2014032391,6,67,67301,2014,2,7,307,3,3,1,1,4,1, , ,N,0,0,0,3,0,0,2,3,N,N,40 04:40.823,75 10:29.839,307, ,307,2,2,7,N, ,0,Y, , , , , , , , ,3,2,0,0,1,0,0,0,0,0,0,0,0,0,0,0,0,0,0,0,0,1,0,0,0,0,0,0,0,0,0,0,0,0,0,0,0,40.078,-75.175, , 
38158,415803,2014033961,6,67,67301,2014,3,2,720,7,1,1,0,1,1,1,4,Y,6,0,2,3,0,0,3,3,N,N,40 01:33.330,75 01:38.875,750,25,725, ,0, ,N, ,0, ,N,N,N,N,N,N,Y,N,3,3,0,0,0,0,0,0,0,0,0,0,0,0,0,0,0,0,0,0,1,0,0,0,0,0,0,0,0,0,0,0,0,0,0,0,0,40.025,-75.0292, , 
38159,415804,2014034140,6,67,67301,2014,3,7,1300,13,1,1,0,4,1, , ,N,1,3,0,3,0,1,3,2,N,N,40 02:50.568,75 09:20.361,1324, ,1317, ,0, ,N, ,3, , , , , , , , , ,2,2,0,0,0,0,0,0,0,0,0,0,1,1,0,0,0,0,0,0,0,0,0,0,0,0,0,0,0,0,0,0,0,0,0,8,0,40.0474,-75.1557, , 
38160,415812,2014042040,6,67,67301,2014,4,2,2000,20,3,1,0,2,1, , ,N,1,2,0,3,0,1,6,2,N,N,39 59:10.748,75 09:22.524,2005, ,2000, ,0, ,N, ,3, , , , , , , , , ,2,1,1,0,0,0,0,0,0,0,0,0,1,1,0,0,0,0,0,0,0,0,0,0,0,0,0,0,0,0,0,0,0,0,0,8,0,39.9863,-75.1561, , 
38161,415821,2014049731,6,67,67301,2014,4,7,924,9,1,1,0,1,1, , ,N,1,2,0,3,0,2,4,2,N,N,39 55:16.534,75 11:37.854,932, ,927,9,1,3,N, ,3,N, , , , , , , , ,2,1,0,0,0,0,0,1,0,0,0,2,2,0,0,0,0,0,0,0,0,1,0,0,0,0,0,0,0,0,0,0,0,0,0,4,0,39.9211,-75.1938, , 
38162,415822,2014049761,6,67,67301,2014,4,6,200,2,3,1,0,1,1, , ,N,0,0,3,3,0,0,3,3,N,N,40 01:11.199,75 08:57.828,208, ,204, ,0, ,N, ,0, , , , , , , , , ,3,2,0,0,0,0,1,0,0,0,0,0,0,0,0,0,0,0,0,0,0,0,0,0,0,0,0,0,0,0,0,0,0,0,0,0,0,40.0197,-75.1489, , 
38163,415833,2014065549,6,67,67301,2014,5,7,1454,14,1,1,0,8,1, , ,N,0,0,0,3,0,1,2,2,N,N,39 57:25.963,75 12:30.358,1503, ,1500, ,0, , , ,0, , , , , , , , , ,1,0,0,0,0,0,1,0,0,0,1,0,1,0,0,0,0,0,0,0,0,0,0,0,0,0,0,0,0,0,0,0,1,0,0,3,0,39.9572,-75.2084, , 
38164,415844,2014076016,6,67,67301,2014,6,5,1855,18,1,1,0,8,1, , ,N,5,2,2,3,0,1,2,2,N,N,39 56:59.543,75 08:37.441,1905, ,1859, ,0, ,N, ,3, , , , , , , , , ,1,0,0,0,0,0,1,0,0,0,0,1,1,0,0,0,0,0,0,0,1,0,0,0,0,0,0,0,0,0,0,0,1,0,0,4,0,39.9499,-75.1437, , 
38165,415857,2014088326,6,67,67301,2014,7,7,9999,99,1,1,0,5,6, , ,N,0,0,0,3,0,0,1,4,N,N,40 01:36.585,75 07:01.679,1130, ,1130,1,1,2,N, ,0,N, , , , , , , , ,4,4,0,0,0,0,0,0,0,0,0,0,0,0,1,0,0,0,0,0,0,1,0,0,0,0,0,0,0,0,0,0,0,0,0,9,0,40.0268,-75.1171, , 
38166,415903,2014029819,6,67,67301,2014,2,1,956,9,1,1,0,1,1, , ,N,1,2,0,3,0,3,5,2,N,N,39 59:31.730,75 05:57.398,1026, ,1022,9,1,1,N, ,3,N, , , , , , , , ,2,1,0,0,0,0,1,0,0,0,0,2,3,1,0,0,0,0,0,0,0,0,0,0,0,0,0,0,0,0,0,0,0,0,0,4,0,39.9921,-75.0993, , 