objectid_1,objectid,crn,district,county,municipality,crash_year,crash_month,day_of_week,time_of_day,hour_of_day,illumination,weather,road_condition,collision_type,relation_to_road,work_zone_type,work_zone_loc,work_zone_ind,intersect_type,tcd_type,location_type,urban_rural,fatal_count,injury_count,person_count,total_units,sch_bus_ind,sch_zone_ind,latitude,longitude,arrival_tm,cons_zone_spd_lim,dispatch_tm,est_hrs_closed,lane_closed,ln_close_dir,ntfy_hiwy_maint,spec_juris_cd,tcd_func_cd,tfc_detour_ind,workers_pres,wz_close_detour,wz_flagger,wz_law_offcr_ind,wz_ln_closure,wz_moving,wz_other,wz_shlder_mdn,vehicle_count,automobile_count,motorcycle_count,bus_count,small_truck_count,heavy_truck_count,suv_count,van_count,bicycle_count,maj_inj_count,mod_inj_count,min_inj_count,tot_inj_count,unk_inj_deg_count,unk_inj_per_count,driver_count_16yr,driver_count_17yr,driver_count_18yr,driver_count_19yr,driver_count_20yr,driver_count_50_64yr,driver_count_65_74yr,driver_count_75plus,unbelted_occ_count,unb_death_count,unb_maj_inj_count,belted_death_count,belted_maj_inj_count,mcycle_death_count,mcycle_maj_inj_count,bicycle_death_count,bicycle_maj_inj_count,ped_count,ped_death_count,ped_maj_inj_count,max_severity_level,comm_veh_count,dec_lat,dec_long,rdwy_surf_type_cd,county_name
38167,415908,2014034174,6,67,67301,2014,3,4,27,0,3,1,0,5,6, , ,N,0,0,0,3,0,1,1,3,N,N,40 01:10.314,75 03:31.208,36, ,31,1,1,1,N, ,0,Y, , , , , , , , ,3,1,0,0,1,0,1,0,0,0,1,0,1,0,0,0,0,0,0,0,0,0,0,0,0,0,0,0,0,0,0,0,0,0,0,3,0,40.0195,-75.0587, , 
38168,419851,2014088280,6,67,67301,2014,7,5,1152,11,1,1,0,4,1, , ,N,1,2,0,3,0,1,2,2,N,N,39 55:23.275,75 10:11.576,1201, ,1156, ,0, ,N, ,3, , , , , , , , , ,1,1,0,0,0,0,0,0,1,0,0,1,1,0,0,0,0,0,0,0,1,0,0,0,0,0,0,0,0,0,0,0,0,0,0,4,0,39.9231,-75.1699, , 
38169,419859,2014096819,6,67,67301,2014,9,1,1401,14,1,1,0,1,1, , ,N,0,0,0,3,0,1,3,2,N, ,39 55:50.573,75 10:47.486,1401, ,1401,1,1,3, , ,0,Y, , , , , , , , ,2,2,0,0,0,0,0,0,0,0,0,0,1,1,0,0,0,0,0,0,0,0,0,0,0,0,0,0,0,0,0,0,0,0,0,8,0,39.9307,-75.1799, , 
38170,419865,2014104986,6,67,67301,2014,10,4,1732,17,4,1,0,4,1, , ,N,1,2,0,3,0,3,3,2,N,N,39 58:43.021,75 12:49.084,1743, ,1738, ,0, ,N, ,3, , , , , , , , , ,2,1,0,0,0,0,1,0,0,0,0,1,3,2,0,0,0,0,0,1,0,0,0,0,0,0,0,0,0,0,0,0,0,0,0,4,0,39.9786,-75.2136, , 
38171,419948,2014040470,6,67,67301,2014,4,5,2029,20,3,1,0,5,1, , ,N,0,0,0,3,0,0,2,2,N,N,39 57:27.602,75 10:49.233,2040, ,2030,2,1,3,N, ,0,N, , , , , , , , ,2,1,0,0,0,1,0,0,0,0,0,0,0,0,0,0,0,0,0,0,1,0,0,0,0,0,0,0,0,0,0,0,0,0,0,0,1,39.9577,-75.1803, , 
38172,419951,2014044579,6,67,67301,2014,3,5,1615,16,1,1,0,5,1, , ,N,0,0,0,3,0,0,2,2,N,N,39 58:31.416,75 11:23.698,1710, ,1703, ,0, ,N, ,0, , , , , , , , , ,2,2,0,0,0,0,0,0,0,0,0,0,0,0,0,0,0,0,0,0,2,0,0,0,0,0,0,0,0,0,0,0,0,0,0,0,0,39.9754,-75.1899, , 
38173,419959,2014049564,6,67,67301,2014,4,2,820,8,1,1,0,4,1, , ,N,1,2,0,3,0,0,3,3,N, ,40 03:05.090,75 09:48.178,840, ,826, ,0, , , ,3, , , , , , , , , ,3,3,0,0,0,0,0,0,0,0,0,0,0,0,1,0,0,0,0,0,0,0,0,0,0,0,0,0,0,0,0,0,0,0,0,9,0,40.0514,-75.1634, , 
38174,419960,2014054043,6,67,67301,2014,5,5,842,8,1,1,0,4,1, , ,N,1,2,0,3,0,1,3,2,Y,N,40 01:53.675,75 12:27.912,905, ,844,2,1,7,N, ,3,N, , , , , , , , ,2,0,0,1,0,0,1,0,0,0,0,1,1,0,0,0,0,0,0,0,1,0,0,0,0,0,0,0,0,0,0,0,0,0,0,4,1,40.0316,-75.2076, , 
38175,419980,2014081480,6,67,67301,2014,6,5,1347,13,1,1,0,8,1, , ,N,1,3,0,3,0,1,2,2,N,N,39 57:08.535,75 09:17.776,1354, ,1350, ,0, , , ,3, , , , , , , , , ,1,1,0,0,0,0,0,0,0,0,0,0,1,1,0,0,0,0,0,0,0,0,0,0,0,0,0,0,0,0,0,0,1,0,0,8,0,39.9524,-75.1549, , 
38176,419984,2014084233,6,67,67301,2014,7,5,1005,10,1,1,0,8,1, , ,N,0,0,0,3,0,1,2,2,N,N,39 56:13.027,75 10:07.359,1038, ,1030, ,0, ,N, ,0, , , , , , , , , ,1,0,0,0,0,0,1,0,0,0,0,1,1,0,0,0,0,0,0,0,0,0,0,0,0,0,0,0,0,0,0,0,1,0,0,4,0,39.937,-75.1687, , 
38177,419985,2014084482,6,67,67301,2014,7,1,326,3,3,1,0,2,1, , ,N,1,2,0,3,0,1,3,2,N,N,40 01:36.505,75 05:50.523,335, ,326,2,2,2,N, ,3,N, , , , , , , , ,2,1,0,0,1,0,0,0,0,0,1,0,1,0,0,0,0,0,0,0,0,0,0,0,0,0,0,0,0,0,0,0,0,0,0,3,0,40.0268,-75.0974, , 
38178,419995,2014095949,6,67,67301,2014,9,3,226,2,3,1,0,4,1, , ,N,2,3,0,3,0,1,2,3,N, ,40 00:27.108,75 06:05.111,229, ,227, ,0, , , ,3, , , , , , , , , ,3,3,0,0,0,0,0,0,0,0,0,1,1,0,1,0,0,0,0,0,0,0,0,0,0,0,0,0,0,0,0,0,0,0,0,4,0,40.0075,-75.1014, , 
38179,420002,2014104473,6,67,67301,2014,10,2,1741,17,1,1,0,4,1, , ,N,1,2,0,3,0,0,2,2,N,N,39 57:50.569,75 11:29.777,1741, ,1742, ,0, ,N, ,3, , , , , , , , , ,2,2,0,0,0,0,0,0,0,0,0,0,0,0,0,0,0,0,0,0,0,1,0,0,0,0,0,0,0,0,0,0,0,0,0,0,0,39.964,-75.1916, , 
38180,420009,2014109886,6,67,67301,2014,10,7,249,2,3,1,0,7,4, , ,N,0,0,0,3,0,1,2,1,N, ,40 02:40.622,75 11:00.709,255, ,253, ,0, , , ,0, , , , , , , , , ,1,1,0,0,0,0,0,0,0,0,0,0,1,1,0,0,0,0,0,0,0,0,0,0,0,0,0,0,0,0,0,0,0,0,0,8,0,40.0446,-75.1835, , 
38181,420042,2014039063,6,67,67301,2014,3,3,924,9,1,1,5,1,1, , ,N,0,0,0,3,0,1,2,2,N, ,39 59:34.091,75 07:57.169,1049, ,1045, ,0, , , ,0, , , , , , , , , ,2,1,0,0,0,0,1,0,0,0,0,1,1,0,0,0,0,0,0,0,0,0,0,0,0,0,0,0,0,0,0,0,0,0,0,4,0,39.9928,-75.1325, , 
38182,420051,2014049558,6,67,67301,2014,4,3,1655,16,1,2,1,5,1, , ,N,0,0,0,3,0,2,2,2,N,N,39 54:13.114,75 09:37.450,1704, ,1701, ,0, ,N, ,0, , , , , , , , , ,2,2,0,0,0,0,0,0,0,0,0,0,2,2,0,0,0,0,0,0,0,0,0,0,0,0,0,0,0,0,0,0,0,0,0,8,0,39.9036,-75.1604, , 
38183,420059,2014068151,6,67,67301,2014,6,1,2137,21,3,1,0,5,6, , ,N,0,0,0,3,0,1,1,4,N,N,40 01:37.164,75 07:02.676,2143, ,2139,2,2,5,N, ,0,Y, , , , , , , , ,4,2,0,0,1,0,1,0,0,0,0,0,1,1,0,0,0,0,0,0,0,0,0,0,0,0,0,0,0,0,0,0,0,0,0,8,0,40.027,-75.1174, , 
38184,420060,2014068196,6,67,67301,2014,6,4,1707,17,1,1,0,8,1, , ,N,1,2,0,3,0,1,2,2,N,N,39 56:51.762,75 09:03.936,1716, ,1713, ,0, , , ,3, , , , , , , , , ,1,1,0,0,0,0,0,0,0,0,0,1,1,0,0,0,0,0,0,0,1,0,0,0,0,0,0,0,0,0,0,0,1,0,0,4,0,39.9477,-75.1511, , 
38185,420064,2014071856,6,67,67301,2014,7,7,830,8,1,1,0,7,2, , ,N,0,0,0,3,0,1,2,1,N,N,40 01:44.197,75 01:21.485,835, ,830, ,0, ,N, ,0, , , , , , , , , ,1,1,0,0,0,0,0,0,0,0,0,0,1,1,0,0,0,0,0,0,0,0,0,0,0,0,0,0,0,0,0,0,0,0,0,8,0,40.0289,-75.0226, , 
38186,424181,2014022584,6,67,67301,2014,2,2,1930,19,3,1,0,7,4, , ,N,0,0,0,3,0,0,5,2,N,N,40 01:59.061,75 01:14.700,1958, ,1931,1,1,2,N, ,0,N, , , , , , , , ,2,1,0,0,0,0,0,0,0,0,0,0,0,0,1,0,0,0,0,0,0,0,0,0,0,0,0,0,0,0,0,0,0,0,0,9,0,40.0331,-75.0208, , 
38187,424184,2014025340,6,67,67301,2014,1,6,2020,20,3,1,0,1,1, , ,N,0,0,0,3,0,0,3,2,N,N,40 02:43.873,75 13:56.488,2020, ,2020,2,2,5,N, ,0,Y, , , , , , , , ,2,1,0,0,1,0,0,0,0,0,0,0,0,0,0,0,0,0,0,0,1,0,0,1,0,0,0,0,0,0,0,0,0,0,0,0,0,40.0455,-75.2324, , 
38188,424195,2014039371,6,67,67301,2014,3,1,9999,99,1,1,0,7,4, , ,N,0,0,0,3,0,0,1,1,N, ,40 02:43.740,75 04:17.549,9999, ,9999, ,0, , , ,0, , , , , , , , , ,1,0,0,0,1,0,0,0,0,0,0,0,0,0,0,0,0,0,0,0,1,0,0,0,0,0,0,0,0,0,0,0,0,0,0,0,0,40.0455,-75.0715, , 
38189,424203,2014047611,6,67,67301,2014,4,1,1246,12,1,1,0,1,1,1,4,Y,0,0,3,3,0,5,13,4,N,N,40 01:27.916,75 01:50.981,1322,45,1248, ,0, ,N, ,0, ,N,N,N,N,N,N,N,Y,4,1,0,0,1,0,2,0,0,0,0,0,5,5,0,0,0,0,0,0,0,1,0,0,0,0,0,0,0,0,0,0,0,0,0,8,0,40.0244,-75.0308, , 
38190,424242,2014040144,6,67,67301,2014,4,7,1540,15,1,1,0,1,1, , ,N,0,0,0,3,0,1,2,2,N,N,39 58:28.557,75 07:04.015,1548, ,1548,1,2,1,N, ,0,N, , , , , , , , ,2,2,0,0,0,0,0,0,0,0,0,0,1,1,0,0,0,0,0,0,0,0,0,0,0,0,0,0,0,0,0,0,0,0,0,8,0,39.9746,-75.1178, , 
38191,424246,2014049889,6,67,67301,2014,4,5,1358,13,1,1,0,4,1, , ,N,0,0,7,3,0,0,4,2,N, ,40 03:31.054,75 09:56.758,1546, ,1527, ,0, , , ,0, , , , , , , , , ,2,1,0,0,0,0,1,0,0,0,0,0,0,0,0,0,0,0,0,0,1,0,0,0,0,0,0,0,0,0,0,0,0,0,0,0,0,40.0586,-75.1658, , 
38192,424294,2014065592,6,67,67301,2014,5,2,1504,15,1,1,0,4,1, , ,N,1,3,0,3,0,1,2,3,N, ,40 01:15.747,75 03:15.058,1520, ,1520,1,1,3, , ,3,N, , , , , , , , ,3,3,0,0,0,0,0,0,0,0,0,1,1,0,0,0,0,1,0,0,0,0,0,0,0,0,0,0,0,0,0,0,0,0,0,4,0,40.021,-75.0542, , 
38193,424328,2014078994,6,67,67301,2014,8,2,237,2,3,1,0,4,1, , ,N,0,0,0,3,0,0,3,2,N,N,39 57:40.014,75 10:55.530,248, ,238, ,0, ,N, ,0, , , , , , , , , ,2,1,0,0,0,0,1,0,0,0,0,0,0,0,0,0,0,0,0,0,0,0,0,0,0,0,0,0,0,0,0,0,0,0,0,0,0,39.9611,-75.1821, , 
38194,424337,2014084454,6,67,67301,2014,7,3,9999,99,1,1,0,5,6, , ,N,0,0,0,3,0,1,4,4,N,N,39 56:32.571,75 10:20.755,1922, ,1913, ,0, ,N, ,0, , , , , , , , , ,4,0,0,0,0,0,3,1,0,0,0,0,1,1,3,0,0,0,0,0,0,0,0,0,0,0,0,0,0,0,0,0,0,0,0,8,0,39.9424,-75.1724, , 
38195,424345,2014088066,6,67,67301,2014,7,5,250,2,3,2,1,8,1, , ,N,1,3,0,3,0,1,2,2,N,N,39 55:47.154,75 11:31.397,318, ,315, ,0, , , ,3, , , , , , , , , ,1,0,0,0,0,0,0,0,0,0,1,0,1,0,0,0,0,0,0,0,0,0,0,0,0,0,0,0,0,0,0,0,1,0,0,3,0,39.9298,-75.1921, , 
38196,424348,2014096413,6,67,67301,2014,9,4,2010,20,3,1,0,4,6, , ,N,1,2,0,3,0,1,1,3,N,N,39 59:02.961,75 06:09.208,2051, ,2051, ,0, ,N, ,3, , , , , , , , , ,3,2,0,0,0,1,0,0,0,0,0,0,1,1,0,0,0,0,0,0,0,0,0,0,0,0,0,0,0,0,0,0,0,0,0,8,1,39.9842,-75.1026, , 
38197,424373,2014025422,6,67,67301,2014,1,6,2135,21,3,1,0,8,1, , ,N,1,2,0,3,0,1,2,2,N,N,39 57:26.251,75 14:52.347,2200, ,2135, ,0, ,N, ,3, , , , , , , , , ,1,1,0,0,0,0,0,0,0,0,0,1,1,0,0,0,0,0,0,0,0,0,0,0,0,0,0,0,0,0,0,0,1,0,0,4,0,39.9573,-75.2479, , 
38198,424402,2014065555,6,67,67301,2014,5,5,1618,16,1,1,0,8,1, , ,N,1,2,0,3,0,1,2,2,N,N,40 02:53.162,75 04:08.816,1634, ,1627, ,0, ,N, ,3, , , , , , , , , ,1,0,0,0,0,0,0,1,0,0,1,0,1,0,0,0,0,0,0,0,0,0,0,0,0,0,0,0,0,0,0,0,1,0,0,3,0,40.0481,-75.0691, , 
38199,424418,2014019367,6,67,67301,2014,1,4,1240,12,1,1,0,1,1, , ,N,0,0,0,3,0,2,3,3,N,N,39 58:45.848,75 06:27.681,1245, ,1245,3,2,1,N, ,0,N, , , , , , , , ,3,2,0,0,0,0,0,1,0,0,1,1,2,0,0,0,0,0,0,0,0,0,0,0,0,0,0,0,0,0,0,0,0,0,0,3,0,39.9794,-75.1077, , 
38200,424422,2014025372,6,67,67301,2014,1,3,9999,99,3,1,0,4,1, , ,N,1,2,0,3,0,2,4,2,N,N,40 00:40.651,75 06:21.920,1955, ,1952, ,0, ,N, ,3, , , , , , , , , ,2,1,0,0,0,0,0,1,0,0,0,0,2,2,0,0,0,0,0,0,1,0,0,0,0,0,0,0,0,0,0,0,0,0,0,8,0,40.0113,-75.1061, , 
38201,424423,2014025486,6,67,67301,2014,1,4,455,4,3,4,1,4,1, , ,N,1,2,0,3,0,2,2,4,N, ,40 02:22.366,75 02:44.910,500, ,459, ,0, , , ,3, , , , , , , , , ,4,3,0,0,0,0,1,0,0,0,0,1,2,1,0,0,0,1,0,0,0,0,0,0,0,0,0,0,0,0,0,0,0,0,0,4,0,40.0395,-75.0458, , 
38202,424461,2014015231,6,67,67301,2014,2,2,1146,11,1,4,4,7,2, , ,N,0,0,0,3,0,0,1,1,N,N,39 55:20.789,75 08:51.233,1155, ,1152, ,0, ,N, ,0, , , , , , , , , ,1,1,0,0,0,0,0,0,0,0,0,0,0,0,0,0,0,0,0,0,0,0,0,0,0,0,0,0,0,0,0,0,0,0,0,0,0,39.9224,-75.1476, , 
38203,424473,2014024765,6,67,67301,2014,2,1,106,1,3,1,0,5,1, , ,N,0,0,0,3,0,2,2,2,N,N,39 56:52.022,75 11:12.365,110, ,107,1,1,4,N, ,0,N, , , , , , , , ,2,2,0,0,0,0,0,0,0,0,0,2,2,0,0,0,0,0,0,0,0,0,0,1,0,0,0,0,0,0,0,0,0,0,0,4,0,39.9478,-75.1868, , 
38204,429554,2014054476,6,67,67301,2014,5,7,9999,99,1,1,0,4,1, , ,N,1,2,0,3,0,1,2,2,N,N,40 02:55.097,75 08:41.622,835, ,829, ,0, ,N, ,3, , , , , , , , , ,2,1,0,0,0,0,1,0,0,0,0,0,1,1,1,0,0,0,0,0,0,0,0,0,0,0,0,0,0,0,0,0,0,0,0,8,0,40.0486,-75.1449, , 
38205,429555,2014054632,6,67,67301,2014,3,5,350,3,3,1,0,7,5, , ,N,2,0,0,3,0,0,1,1,N,N,39 56:47.895,75 08:34.086,452, ,452, ,0, ,N, ,0, , , , , , , , , ,1,1,0,0,0,0,0,0,0,0,0,0,0,0,1,0,0,0,0,0,0,0,0,0,0,0,0,0,0,0,0,0,0,0,0,9,0,39.9466,-75.1428, , 
38206,429558,2014059028,6,67,67301,2014,5,5,1007,10,1,1,0,4,1, , ,N,1,2,0,3,0,2,2,2,N, ,40 02:41.686,75 04:49.238,1015, ,1010, ,0, , , ,3, , , , , , , , , ,2,1,0,0,0,0,0,1,0,0,0,1,2,1,0,0,0,0,0,0,1,1,0,0,0,0,0,0,0,0,0,0,0,0,0,4,0,40.0449,-75.0803, , 
38207,429582,2014078889,6,67,67301,2014,6,7,1958,19,1,1,0,4,1, , ,N,2,0,0,3,0,1,6,2,N,N,39 57:15.123,75 08:23.161,2012, ,2002,3,2,2,N, ,0,Y, , , , , , , , ,2,2,0,0,0,0,0,0,0,0,1,0,1,0,0,0,0,0,1,0,0,0,0,0,0,0,0,0,0,0,0,0,0,0,0,3,0,39.9543,-75.1395, , 
38208,429588,2014086576,6,67,67301,2014,8,5,652,6,1,1,0,7,2, , ,N,7,0,0,3,0,0,1,1,N,N,39 58:38.784,75 12:02.538,656, ,654,2,2,3,N, ,0,Y, , , , , , , , ,1,0,0,0,0,0,1,0,0,0,0,0,0,0,0,0,0,0,0,0,1,0,0,0,0,0,0,0,0,0,0,0,0,0,0,0,0,39.9774,-75.2007, , 
38209,429591,2014088804,6,67,67301,2014,8,2,9999,99,1,1,0,8,1, , ,N,2,0,0,3,0,1,2,2,N,N,39 58:03.388,75 14:07.832,1147, ,1144, ,0, ,N, ,0, , , , , , , , , ,1,1,0,0,0,0,0,0,0,0,0,0,1,1,0,0,0,0,0,0,0,0,0,0,0,0,0,0,0,0,0,0,1,0,0,8,0,39.9676,-75.2355, , 
38210,429608,2014104606,6,67,67301,2014,10,6,728,7,3,1,0,4,1, , ,N,1,2,0,3,0,1,2,2,N, ,40 00:31.034,75 04:07.810,735, ,732,1,1,2, , ,3,N, , , , , , , , ,2,2,0,0,0,0,0,0,0,0,0,1,1,0,0,0,0,0,0,0,0,0,1,0,0,0,0,0,0,0,0,0,0,0,0,4,0,40.0086,-75.0688, , 
38211,429642,2014039053,6,67,67301,2014,3,7,2015,20,3,1,0,1,1, , ,N,1,3,0,3,0,1,3,2,N,N,39 55:07.184,75 14:48.818,2025, ,2022, ,0, ,N, ,3, , , , , , , , , ,2,2,0,0,0,0,0,0,0,0,1,0,1,0,0,0,0,0,0,1,0,0,0,0,0,0,0,0,0,0,0,0,0,0,0,3,0,39.9189,-75.2469, , 
38212,429675,2014016933,6,67,67301,2014,1,4,9999,99,1,1,0,5,6, , ,N,0,0,0,3,0,0,1,5,N,N,39 58:18.645,75 13:26.983,836, ,831, ,0, , , ,0, , , , , , , , , ,5,5,0,0,0,0,0,0,0,0,0,0,0,0,1,0,0,0,0,0,0,0,0,0,0,0,0,0,0,0,0,0,0,0,0,9,0,39.9718,-75.2242, , 
38213,429685,2014032337,6,67,67301,2014,2,4,955,9,1,1,0,4,1, , ,N,1,2,0,3,0,0,2,2,N,N,39 57:31.231,75 10:19.587,1010, ,958, ,0, , , ,3, , , , , , , , , ,2,0,0,0,0,0,1,1,0,0,0,0,0,0,0,0,0,0,0,0,0,0,1,0,0,0,0,0,0,0,0,0,0,0,0,0,0,39.9587,-75.1721, , 
38214,429729,2014025309,6,67,67301,2014,1,4,1120,11,1,1,5,5,6, , ,N,0,0,0,3,0,1,1,2,N, ,40 02:22.063,75 06:08.683,1135, ,1123, ,0, , , ,0, , , , , , , , , ,2,2,0,0,0,0,0,0,0,0,0,1,1,0,0,0,0,0,0,0,0,0,1,0,0,0,0,0,0,0,0,0,0,0,0,4,0,40.0395,-75.1024, , 
38215,429749,2014046688,6,67,67301,2014,4,2,1554,15,1,1,0,5,1, , ,N,0,0,0,3,0,1,2,2,N,N,39 58:47.603,75 06:21.410,1607, ,1555,1,2,1,N, ,0,N, , , , , , , , ,2,0,1,0,1,0,0,0,0,0,1,0,1,0,0,0,0,0,0,0,0,0,0,0,0,0,0,0,0,0,0,0,0,0,0,3,0,39.9799,-75.1059, , 
38216,429773,2014068040,6,67,67301,2014,6,2,1035,10,1,1,0,6,1, , ,N,0,0,0,3,0,1,3,2,N, ,39 57:14.245,75 14:30.310,1036, ,1035, ,0, , , ,0, , , , , , , , , ,2,1,0,0,0,0,0,1,0,0,0,1,1,0,0,0,0,0,0,0,1,0,0,0,0,0,0,0,0,0,0,0,0,0,0,4,0,39.954,-75.2418, , 
38217,429786,2014079286,6,67,67301,2014,5,6,710,7,1,1,0,8,1, , ,N,1,2,0,3,0,1,2,2,N,N,39 57:06.693,75 10:18.893,716, ,714, ,0, ,N, ,3, , , , , , , , , ,1,1,0,0,0,0,0,0,0,0,0,0,1,1,0,0,0,0,0,0,0,0,0,0,0,0,0,0,0,0,0,0,1,0,0,8,0,39.9518,-75.1718, , 
38218,429795,2014084494,6,67,67301,2014,7,2,2100,21,1,1,0,4,1, , ,N,1,2,0,3,0,0,2,2,N, ,39 56:28.421,75 12:33.849,2115, ,2104, ,0, , , ,3, , , , , , , , , ,2,2,0,0,0,0,0,0,0,0,0,0,0,0,0,0,0,0,0,1,0,0,0,0,0,0,0,0,0,0,0,0,0,0,0,0,0,39.9412,-75.2094, , 
38219,429800,2014087933,6,67,67301,2014,7,6,1640,16,1,1,0,1,1, , ,N,3,2,0,3,0,1,2,2,N, ,40 04:57.151,75 02:15.941,1650, ,1650, ,0, , , ,3, , , , , , , , , ,2,1,0,0,0,0,1,0,0,0,0,1,1,0,0,0,0,0,0,0,2,0,0,0,0,0,0,0,0,0,0,0,0,0,0,4,0,40.0825,-75.0378, , 
38220,429801,2014087994,6,67,67301,2014,8,6,1034,10,1,1,0,1,1, , ,N,1,2,0,3,0,1,3,2,N, ,40 00:51.570,75 10:41.163,1052, ,1052, ,0, , , ,3, , , , , , , , , ,2,1,0,0,0,0,0,1,0,0,0,0,1,1,0,0,0,0,0,0,0,0,0,0,0,0,0,0,0,0,0,0,0,0,0,8,0,40.0143,-75.1781, , 
38221,429830,2014032416,6,67,67301,2014,2,5,729,7,1,1,5,7,4, , ,N,0,0,0,3,0,0,1,1,N,N,39 57:53.210,75 11:04.950,744, ,731,3,2,5,N, ,0,Y, , , , , , , , ,1,1,0,0,0,0,0,0,0,0,0,0,0,0,0,0,0,0,0,0,0,0,0,0,0,0,0,0,0,0,0,0,0,0,0,0,0,39.9648,-75.1847, , 
38222,415916,2014043086,6,67,67301,2014,3,6,700,7,1,1,0,4,1, , ,N,1,2,0,3,0,0,5,2,N,N,40 06:51.780,74 59:17.002,715, ,707,1,1,2,N, ,3,N, , , , , , , , ,2,2,0,0,0,0,0,0,0,0,0,0,0,0,0,0,0,1,0,0,1,0,0,0,0,0,0,0,0,0,0,0,0,0,0,0,0,40.1144,-74.9881, , 
38223,415920,2014050258,6,67,67301,2014,4,2,1634,16,1,1,0,4,1, , ,N,5,2,0,3,0,1,4,2,N, ,40 00:31.996,75 04:18.728,1649, ,1646,1,1,1, , ,3,N, , , , , , , , ,2,1,0,0,1,0,0,0,0,0,1,0,1,0,0,0,0,0,0,0,0,0,0,0,0,0,0,0,0,0,0,0,0,0,0,3,0,40.0089,-75.0719, , 
38224,415928,2014013101,6,67,67301,2014,1,4,2300,23,3,1,0,7,4, , ,N,1,0,0,3,0,1,2,1,N,N,40 00:15.609,75 07:41.037,2306, ,2303, ,0, ,N, ,0, , , , , , , , , ,1,1,0,0,0,0,0,0,0,0,0,1,1,0,0,0,0,0,0,0,0,0,0,0,0,0,0,0,0,0,0,0,0,0,0,4,0,40.0043,-75.1281, , 
38225,415934,2014025347,6,67,67301,2014,1,4,510,5,3,9,3,5,6, , ,N,0,0,0,3,0,0,2,3,N,N,40 01:21.626,75 09:17.823,525, ,520, ,0, ,N, ,0, , , , , , , , , ,3,2,0,0,0,0,1,0,0,0,0,0,0,0,0,0,0,0,0,0,0,0,0,2,0,0,0,0,0,0,0,0,0,0,0,0,0,40.0227,-75.155, , 
38226,415976,2014053828,6,67,67301,2014,5,2,2115,21,3,1,0,5,1, , ,N,6,0,2,3,0,2,4,2,N,N,39 53:04.770,75 14:38.828,2125, ,2117,2,1,1,N, ,0,N, , , , , , , , ,2,1,1,0,0,0,0,0,0,0,0,2,2,0,0,0,0,0,0,0,1,0,0,0,0,0,0,0,0,0,0,0,0,0,0,4,0,39.8847,-75.2441, , 
38227,415990,2014068025,6,67,67301,2014,5,7,200,2,3,1,0,4,1, , ,N,2,3,0,3,0,0,6,2,N, ,40 00:47.289,75 09:24.926,305, ,301, ,0, , , ,3, , , , , , , , , ,2,2,0,0,0,0,0,0,0,0,0,0,0,0,4,0,0,0,0,0,0,0,0,0,0,0,0,0,0,0,0,0,0,0,0,9,0,40.0131,-75.1569, , 
38228,415997,2014074534,6,67,67301,2014,6,1,620,6,3,1,0,7,5, , ,N,1,0,0,3,0,1,2,1,N,N,39 59:34.820,75 08:48.813,628, ,621, ,0, ,N, ,0, , , , , , , , , ,1,1,0,0,0,0,0,0,0,0,0,1,1,0,0,0,0,0,0,1,0,0,0,0,0,0,0,0,0,0,0,0,0,0,0,4,0,39.9929,-75.1469, , 
38229,416005,2014079469,6,67,67301,2014,7,5,1022,10,1,1,0,1,1,1,4,Y,0,0,0,3,0,0,3,2,N,N,40 01:20.946,75 02:13.240,1040,45,1022,2,1,1,N, ,0,N,N,N,N,N,N,N,N,Y,2,1,0,0,0,0,1,0,0,0,0,0,0,0,0,0,0,0,0,0,1,0,0,0,0,0,0,0,0,0,0,0,0,0,0,0,0,40.0225,-75.037, , 
38230,416015,2014087763,6,67,67301,2014,7,3,1910,19,1,1,0,5,1, , ,N,0,0,0,3,0,1,3,2,N,N,39 56:26.334,75 08:57.844,1915, ,1915, ,0, , , ,0, , , , , , , , , ,1,0,0,0,1,0,0,0,1,0,0,0,1,1,0,0,0,0,0,0,0,0,0,0,0,0,0,0,0,0,0,0,0,0,0,8,0,39.9406,-75.1494, , 
38231,416035,2014025359,6,67,67301,2014,1,6,2215,22,3,9,8,8,1, , ,N,1,2,0,3,0,1,2,2,N,N,39 56:19.856,75 10:29.074,2329, ,1329, ,0, ,N, ,3, , , , , , , , , ,1,0,0,0,0,0,1,0,0,0,1,0,1,0,0,0,0,0,0,0,0,0,0,0,0,0,0,0,0,0,0,0,1,0,0,3,0,39.9388,-75.1747, , 
38232,416037,2014027706,6,67,67301,2014,2,7,733,7,1,1,0,5,1, , ,N,5,0,2,3,0,1,2,2,N,N,39 57:25.759,75 09:03.782,742, ,740, ,0, ,N, ,0, , , , , , , , , ,2,1,0,0,0,0,0,1,0,0,0,1,1,0,0,0,0,0,0,0,0,0,0,0,0,0,0,0,0,0,0,0,0,0,0,4,0,39.9571,-75.1511, , 
38233,416098,2014049595,6,67,67301,2014,4,4,300,3,3,1,0,1,1, , ,N,0,0,0,3,0,0,1,3,N, ,39 55:09.606,75 08:58.941,305, ,302,1,2,3, , ,0,Y, , , , , , , , ,3,1,0,0,0,0,2,0,0,0,0,0,0,0,0,0,0,0,1,0,0,0,0,0,0,0,0,0,0,0,0,0,0,0,0,0,0,39.9193,-75.1497, , 