objectid_1,objectid,crn,district,county,municipality,crash_year,crash_month,day_of_week,time_of_day,hour_of_day,illumination,weather,road_condition,collision_type,relation_to_road,work_zone_type,work_zone_loc,work_zone_ind,intersect_type,tcd_type,location_type,urban_rural,fatal_count,injury_count,person_count,total_units,sch_bus_ind,sch_zone_ind,latitude,longitude,arrival_tm,cons_zone_spd_lim,dispatch_tm,est_hrs_closed,lane_closed,ln_close_dir,ntfy_hiwy_maint,spec_juris_cd,tcd_func_cd,tfc_detour_ind,workers_pres,wz_close_detour,wz_flagger,wz_law_offcr_ind,wz_ln_closure,wz_moving,wz_other,wz_shlder_mdn,vehicle_count,automobile_count,motorcycle_count,bus_count,small_truck_count,heavy_truck_count,suv_count,van_count,bicycle_count,maj_inj_count,mod_inj_count,min_inj_count,tot_inj_count,unk_inj_deg_count,unk_inj_per_count,driver_count_16yr,driver_count_17yr,driver_count_18yr,driver_count_19yr,driver_count_20yr,driver_count_50_64yr,driver_count_65_74yr,driver_count_75plus,unbelted_occ_count,unb_death_count,unb_maj_inj_count,belted_death_count,belted_maj_inj_count,mcycle_death_count,mcycle_maj_inj_count,bicycle_death_count,bicycle_maj_inj_count,ped_count,ped_death_count,ped_maj_inj_count,max_severity_level,comm_veh_count,dec_lat,dec_long,rdwy_surf_type_cd,county_name
38301,416334,2014038918,6,67,67301,2014,3,4,1530,15,1,2,1,1,1, , ,N,0,0,0,3,0,1,4,3,N,N,39 55:16.434,75 11:38.828,1540, ,1537,1,1,2,N, ,0,N, , , , , , , , ,3,3,0,0,0,0,0,0,0,0,0,1,1,0,0,0,0,0,0,0,1,0,0,0,0,0,0,0,0,0,0,0,0,0,0,4,0,39.9212,-75.1941, , 
38302,416335,2014038980,6,67,67301,2014,3,3,1555,15,1,1,0,4,1, , ,N,1,2,0,3,0,1,5,2,N,N,39 58:20.544,75 09:59.380,1608, ,1606, ,0, ,N, ,3, , , , , , , , , ,2,1,1,0,0,0,0,0,0,0,0,0,1,1,0,0,0,0,0,0,0,0,0,0,0,0,0,0,0,0,0,0,0,0,0,8,0,39.9724,-75.1665, , 
38303,416339,2014043049,6,67,67301,2014,3,1,1145,11,1,1,0,4,1, , ,N,1,2,0,3,0,1,3,2,N,N,40 01:07.773,75 05:03.580,1152, ,1152, ,0, , , ,3, , , , , , , , , ,2,1,0,0,0,0,0,1,0,0,0,1,1,0,0,0,0,0,0,0,0,0,0,0,0,0,0,0,0,0,0,0,0,0,0,4,0,40.0188,-75.0843, , 
38304,416343,2014049687,6,67,67301,2014,4,7,9999,99,1,1,0,4,1, , ,N,1,3,0,3,0,2,5,2,N,N,39 58:31.947,75 07:25.570,1138, ,1128, ,0, ,N, ,3, , , , , , , , , ,2,2,0,0,0,0,0,0,0,0,1,0,2,1,0,0,0,0,0,0,0,0,0,0,0,0,0,0,0,0,0,0,0,0,0,3,0,39.9755,-75.1238, , 
38305,416344,2014049863,6,67,67301,2014,4,3,1635,16,1,1,0,8,1, , ,N,1,2,0,3,0,1,2,2,N,N,39 56:52.017,75 13:52.855,1645, ,1640, ,0, , , ,3, , , , , , , , , ,1,0,0,0,0,0,1,0,0,0,0,1,1,0,0,0,0,0,0,0,0,0,0,0,0,0,0,0,0,0,0,0,1,0,0,4,0,39.9478,-75.2313, , 
38306,416378,2014025384,6,67,67301,2014,1,6,904,9,1,4,6,8,1, , ,N,1,2,0,3,0,1,2,2,N,N,39 56:51.874,75 09:38.843,909, ,907,1,2,3,N, ,3,Y, , , , , , , , ,1,0,0,0,0,0,0,1,0,0,0,1,1,0,0,0,0,0,0,0,0,0,0,0,0,0,0,0,0,0,0,0,1,0,0,4,0,39.9477,-75.1608, , 
38307,416379,2014025433,6,67,67301,2014,1,6,832,8,1,1,0,5,1, , ,N,0,0,0,3,0,1,3,2,N, ,39 58:18.200,75 09:34.032,850, ,837,3,1,2, , ,0,N, , , , , , , , ,2,2,0,0,0,0,0,0,0,0,0,0,1,1,0,0,0,0,0,0,0,0,0,0,0,0,0,0,0,0,0,0,0,0,0,8,0,39.9717,-75.1595, , 
38308,416414,2014021570,6,67,67301,2014,1,3,821,8,1,2,1,1,1, , ,N,2,2,0,3,0,1,3,2,N,N,40 02:42.082,75 05:39.051,824, ,821, ,0, , , ,3, , , , , , , , , ,2,1,0,0,0,0,0,1,0,0,0,1,1,0,0,0,0,0,1,0,0,0,0,0,0,0,0,0,0,0,0,0,0,0,0,4,0,40.045,-75.0942, , 
38309,416422,2014032660,6,67,67301,2014,3,2,746,7,1,4,4,7,2, , ,N,0,0,0,3,0,1,1,1,N,N,39 53:23.520,75 13:10.568,845, ,803, ,0, ,N, ,0, , , , , , , , , ,1,1,0,0,0,0,0,0,0,0,0,1,1,0,0,0,0,0,0,0,0,0,0,0,0,0,0,0,0,0,0,0,0,0,0,4,0,39.8899,-75.2196, , 
38310,416432,2014049635,6,67,67301,2014,4,3,1735,17,4,2,1,5,1, , ,N,0,0,0,3,0,1,2,2,N, ,40 03:31.036,75 00:31.964,1745, ,1735, ,0, , , ,0, , , , , , , , , ,2,1,0,0,0,0,0,1,0,0,0,1,1,0,0,0,0,0,0,0,0,0,1,0,0,0,0,0,0,0,0,0,0,0,0,4,0,40.0586,-75.0089, , 
38311,416433,2014049742,6,67,67301,2014,4,2,815,8,1,1,0,8,1, , ,N,1,2,0,3,0,1,2,2,N,N,39 57:02.541,75 09:45.727,818, ,816, ,0, ,N, ,3, , , , , , , , , ,1,0,0,0,0,0,1,0,0,0,0,0,1,1,0,0,0,0,0,0,1,0,0,0,0,0,0,0,0,0,0,0,1,0,0,8,0,39.9507,-75.1627, , 
38312,416436,2014053429,6,67,67301,2014,5,1,1858,18,4,1,0,7,3, , ,N,0,0,0,3,0,1,2,1,N,N,39 58:45.966,75 06:29.525,1905, ,1903,2,2,2,N, ,0,N, , , , , , , , ,1,1,0,0,0,0,0,0,0,0,0,1,1,0,0,0,0,0,1,0,0,0,0,2,0,0,0,0,0,0,0,0,0,0,0,4,0,39.9794,-75.1082, , 
38313,420291,2014044543,6,67,67301,2014,3,3,910,9,1,1,0,8,1, , ,N,1,3,0,3,0,1,2,2,N,N,40 02:53.847,75 03:57.279,926, ,921, ,0, ,N, ,3, , , , , , , , , ,1,1,0,0,0,0,0,0,0,0,0,0,1,1,0,0,0,0,0,0,0,1,0,0,0,0,0,0,0,0,0,0,1,0,0,8,0,40.0483,-75.0659, , 
38314,420297,2014049474,6,67,67301,2014,1,5,1059,10,1,1,0,2,1, , ,N,0,1,0,3,0,3,3,2,N,N,40 00:59.671,75 08:47.176,1103, ,1059,3,2,7,N, ,3,Y, , , , , , , , ,2,2,0,0,0,0,0,0,0,1,0,1,3,1,0,0,0,0,0,0,0,0,0,1,0,0,0,1,0,0,0,0,0,0,0,2,0,40.0166,-75.1464, , 
38315,420298,2014050280,6,67,67301,2014,4,2,705,7,1,1,0,1,6, , ,N,0,0,0,3,0,0,1,3,N,N,40 03:38.077,75 09:21.888,725, ,715,3,1,2,N, ,0,N, , , , , , , , ,3,2,0,0,0,0,1,0,0,0,0,0,0,0,0,0,0,1,0,0,0,0,0,0,0,0,0,0,0,0,0,0,0,0,0,0,0,40.0606,-75.1561, , 
38316,420328,2014025428,6,67,67301,2014,1,3,1300,13,1,4,5,4,1, , ,N,2,3,0,3,0,0,2,2,N, ,40 00:52.466,75 07:54.231,9999, ,1302, ,0, , , ,3, , , , , , , , , ,2,2,0,0,0,0,0,0,0,0,0,0,0,0,0,0,0,0,0,0,1,0,0,0,0,0,0,0,0,0,0,0,0,0,0,0,0,40.0146,-75.1317, , 
38317,420373,2014066903,6,67,67301,2014,6,7,812,8,3,1,0,1,3, , ,N,0,0,0,3,0,0,5,2,N,N,40 00:26.064,75 12:01.254,812, ,812,1,2,3,N, ,0,N, , , , , , , , ,2,1,0,0,0,0,1,0,0,0,0,0,0,0,0,0,0,0,0,0,0,0,1,0,0,0,0,0,0,0,0,0,0,0,0,0,0,40.0072,-75.2003, , 
38318,420387,2014082095,6,67,67301,2014,8,5,335,3,3,1,0,7,2, , ,N,0,0,8,3,0,0,1,1,N,N,39 57:19.832,75 08:53.295,337, ,337, ,0, ,N, ,0, , , , , , , , , ,1,1,0,0,0,0,0,0,0,0,0,0,0,0,0,0,0,0,0,0,0,0,0,0,0,0,0,0,0,0,0,0,0,0,0,0,0,39.9555,-75.1481, , 
38319,420389,2014087829,6,67,67301,2014,8,2,1740,17,1,1,0,8,1, , ,N,1,2,0,3,0,1,2,2,N,N,40 03:01.444,74 59:59.580,1746, ,1743, ,0, ,N, ,3, , , , , , , , , ,1,1,0,0,0,0,0,0,0,0,1,0,1,0,0,0,0,0,0,0,0,0,0,0,0,0,0,0,0,0,0,0,1,0,0,3,0,40.0504,-74.9999, , 
38320,420395,2014096827,6,67,67301,2014,9,6,2000,20,3,1,0,4,1, , ,N,2,2,0,3,0,0,4,2,N,N,39 55:26.726,75 08:37.130,2035, ,2025, ,0, ,N, ,3, , , , , , , , , ,2,1,0,0,0,1,0,0,0,0,0,0,0,0,0,0,0,0,0,0,0,0,0,0,0,0,0,0,0,0,0,0,0,0,0,0,1,39.924,-75.1433, , 
38321,420406,2014068143,6,67,67301,2014,6,2,2004,20,4,1,0,1,1, , ,N,3,2,0,3,0,1,3,2,N,N,39 56:00.699,75 12:55.912,2040, ,2035, ,0, ,N, ,3, , , , , , , , , ,2,2,0,0,0,0,0,0,0,0,0,1,1,0,0,0,0,0,0,0,0,0,0,0,0,0,0,0,0,0,0,0,0,0,0,4,0,39.9335,-75.2155, , 
38322,420426,2014029859,6,67,67301,2014,2,7,1519,15,1,8,5,1,1, , ,N,1,2,0,3,0,1,2,2,N,N,40 01:58.974,75 06:57.861,1521, ,1520, ,0, ,N, ,3, , , , , , , , , ,2,0,0,0,2,0,0,0,0,0,0,0,1,1,0,0,0,0,0,0,0,0,0,0,0,0,0,0,0,0,0,0,0,0,0,8,0,40.033,-75.1161, , 
38323,420430,2014034130,6,67,67301,2014,3,1,200,2,3,1,0,5,6, , ,N,0,0,0,3,0,0,1,2,N,N,39 58:12.852,75 09:09.515,205, ,200, ,0, ,N, ,0, , , , , , , , , ,2,1,0,0,0,0,1,0,0,0,0,0,0,0,0,0,0,0,0,0,0,0,0,0,0,0,0,0,0,0,0,0,0,0,0,0,0,39.9702,-75.1526, , 
38324,420431,2014035711,6,67,67301,2014,2,1,1117,11,1,9,8,1,1, , ,N,2,3,0,3,0,2,4,3,N,N,40 03:29.509,75 08:39.033,1204, ,1204, ,0, ,N, ,3, , , , , , , , , ,3,3,0,0,0,0,0,0,0,0,0,0,2,2,0,0,0,0,0,0,0,1,0,0,0,0,0,0,0,0,0,0,0,0,0,8,0,40.0582,-75.1442, , 
38325,420439,2014043184,6,67,67301,2014,4,4,1101,11,1,1,0,1,1, , ,N,0,0,0,3,0,0,2,2,N,N,39 57:43.737,75 10:57.516,1150, ,1122, ,0, ,N, ,0, , , , , , , , , ,2,2,0,0,0,0,0,0,0,0,0,0,0,0,0,0,0,0,0,0,0,0,0,0,0,0,0,0,0,0,0,0,0,0,0,0,0,39.9621,-75.1826, , 
38326,420450,2014054471,6,67,67301,2014,4,3,9999,99,3,1,0,4,1, , ,N,1,2,0,3,0,0,3,2,N, ,40 01:42.885,75 02:02.202,15, ,0, ,0, , , ,3, , , , , , , , , ,2,2,0,0,0,0,0,0,0,0,0,0,0,0,0,0,0,0,0,0,0,0,0,0,0,0,0,0,0,0,0,0,0,0,0,0,0,40.0286,-75.0339, , 
38327,420463,2014067941,6,67,67301,2014,5,6,1715,17,1,2,1,4,1, , ,N,1,2,0,3,0,2,2,2,N,N,39 57:34.998,75 14:06.748,1800, ,1715, ,0, ,N, ,3, , , , , , , , , ,2,2,0,0,0,0,0,0,0,0,0,1,2,1,0,0,0,0,0,0,0,0,0,0,0,0,0,0,0,0,0,0,0,0,0,4,0,39.9597,-75.2352, , 
38328,420471,2014078077,6,67,67301,2014,8,7,646,6,1,1,0,7,2, , ,N,0,0,0,3,0,0,1,1,N,N,39 59:11.654,75 12:28.495,648, ,647,1,2,4,N, ,0,N, , , , , , , , ,1,0,0,0,0,0,1,0,0,0,0,0,0,0,0,0,0,0,0,0,0,0,0,0,0,0,0,0,0,0,0,0,0,0,0,0,0,39.9866,-75.2079, , 
38329,420492,2014095965,6,67,67301,2014,9,4,847,8,1,1,0,1,1, , ,N,1,2,0,3,0,3,3,2,N, ,40 03:45.318,75 10:14.844,906, ,901,9,1,2, , ,3,N, , , , , , , , ,2,1,0,0,0,0,1,0,0,0,0,0,3,3,0,0,0,0,0,0,0,0,1,0,0,0,0,0,0,0,0,0,0,0,0,8,0,40.0626,-75.1708, , 
38330,420503,2014064838,6,67,67301,2014,6,6,853,8,1,1,0,1,1, , ,N,6,4,2,3,0,1,2,2,N,N,39 59:21.294,75 12:23.365,855, ,853,1,2,3,N, ,3,N, , , , , , , , ,2,1,0,0,1,0,0,0,0,0,0,1,1,0,0,0,0,0,0,0,0,0,0,0,0,0,0,0,0,0,0,0,0,0,0,4,0,39.9892,-75.2065, , 
38331,420511,2014025344,6,67,67301,2014,2,1,2325,23,3,1,1,1,1, , ,N,1,2,0,3,0,2,5,3,N,N,40 05:07.441,75 02:14.475,2327, ,2327, ,0, ,N, ,3, , , , , , , , , ,3,2,0,0,1,0,0,0,0,0,0,2,2,0,0,0,0,0,0,0,0,0,0,0,0,0,0,0,0,0,0,0,0,0,0,4,0,40.0854,-75.0374, , 
38332,424718,2014032509,6,67,67301,2014,2,1,828,8,1,1,6,8,1, , ,N,0,0,0,3,0,1,2,2,N,N,40 04:19.023,75 09:40.251,830, ,828, ,0, ,N, ,0, , , , , , , , , ,1,1,0,0,0,0,0,0,0,0,1,0,1,0,0,0,0,0,0,0,0,0,0,0,0,0,0,0,0,0,0,0,1,0,0,3,0,40.072,-75.1612, , 
38333,424727,2014039343,6,67,67301,2014,3,7,1053,10,1,1,0,1,1, , ,N,0,2,0,3,0,1,3,2,N, ,40 02:37.081,75 04:53.610,1135, ,1055, ,0, , , ,3, , , , , , , , , ,2,1,0,0,0,0,1,0,0,0,0,1,1,0,0,0,0,0,0,0,0,0,0,0,0,0,0,0,0,0,0,0,0,0,0,4,0,40.0436,-75.0816, , 
38334,424738,2014052130,6,67,67301,2014,5,4,1735,17,1,1,0,1,1, , ,N,0,0,0,3,0,2,3,3,N,N,39 59:40.737,75 05:01.597,1740, ,1735,1,1,2,N, ,0,N, , , , , , , , ,3,3,0,0,0,0,0,0,0,0,0,0,2,2,0,0,0,0,0,0,0,0,0,1,0,0,0,0,0,0,0,0,0,0,0,8,0,39.9946,-75.0838, , 
38335,424765,2014026989,6,67,67301,2014,2,4,1445,14,1,1,0,1,1, , ,N,0,0,0,3,0,0,3,2,Y,N,39 58:22.898,75 11:37.318,1551, ,1449, ,0, ,N, ,0, , , , , , , , , ,2,1,0,1,0,0,0,0,0,0,0,0,0,0,0,0,0,0,0,0,2,0,0,0,0,0,0,0,0,0,0,0,0,0,0,0,1,39.973,-75.1937, , 
38336,424815,2014084417,6,67,67301,2014,7,2,1357,13,1,1,0,5,6, , ,N,0,0,0,3,0,2,2,2,N,N,40 03:49.261,75 01:47.069,1532, ,1522, ,0, ,N, ,0, , , , , , , , , ,2,1,0,0,1,0,0,0,0,0,0,1,2,1,0,0,0,0,0,0,0,0,0,0,0,0,0,0,0,0,0,0,0,0,0,4,0,40.0637,-75.0297, , 
38337,424816,2014084475,6,67,67301,2014,7,5,1430,14,1,1,0,1,1, , ,N,0,0,0,3,0,2,3,2,N,N,40 02:40.251,75 03:15.979,1615, ,9999, ,0, ,N, ,0, , , , , , , , , ,2,1,0,0,0,0,0,0,0,0,0,0,2,2,0,0,0,0,0,0,1,0,0,0,0,0,0,0,0,0,0,0,0,0,0,8,0,40.0445,-75.0544, , 
38338,424819,2014088105,6,67,67301,2014,8,1,9999,99,1,1,0,8,5, , ,N,0,0,0,3,0,2,2,2,N,N,40 03:43.770,75 05:00.419,9999, ,644,9,1,1, , ,0,N, , , , , , , , ,1,0,0,0,0,0,1,0,0,0,0,2,2,0,0,0,0,0,0,0,0,0,0,0,0,0,0,0,0,0,0,0,1,0,0,4,0,40.0622,-75.0834, , 
38339,424828,2014099088,6,46,46102,2014,10,5,1144,11,1,1,0,1,1, , ,N,1,2,0,3,0,1,4,3,N,N,40 04:18.194,75 09:14.605,1148, ,1145,2,1,2,N, ,3,N, , , , , , , , ,3,1,0,0,0,0,0,2,0,0,0,0,1,1,0,0,0,0,0,0,1,0,0,0,0,0,0,0,0,0,0,0,0,0,0,8,0,40.0717,-75.1541, , 
38340,424854,2014025288,6,67,67301,2014,1,3,100,1,3,1,0,5,1, , ,N,0,0,0,3,0,0,3,2,N,N,39 55:26.084,75 14:12.498,105, ,105, ,0, ,N, ,0, , , , , , , , , ,2,1,0,0,0,0,1,0,0,0,0,0,0,0,0,0,0,0,0,0,0,0,0,0,0,0,0,0,0,0,0,0,0,0,0,0,0,39.9239,-75.2368, , 
38341,424855,2014025539,6,67,67301,2014,1,6,1507,15,1,1,0,5,1, , ,N,0,2,0,3,0,1,3,3,N,N,40 03:23.364,75 02:47.855,1525, ,1525,2,1,1,N, ,3,N, , , , , , , , ,3,0,0,1,0,0,1,1,0,0,0,1,1,0,0,0,0,0,0,0,1,0,0,0,0,0,0,0,0,0,0,0,0,0,0,4,1,40.0565,-75.0466, , 
38342,424861,2014042132,6,46,46108,2014,4,2,1253,12,1,1,0,7,5, , ,N,0,0,0,3,0,1,1,1,N,N,40 05:32.588,75 13:21.751,1258, ,1253, ,0, ,N, ,0, , , , , , , , , ,1,0,0,0,0,0,0,1,0,0,0,1,1,0,0,0,0,0,0,0,0,0,1,0,0,0,0,0,0,0,0,0,0,0,0,4,0,40.0924,-75.2227, , 
38343,424881,2014059094,6,67,67301,2014,5,7,1852,18,1,1,0,4,1, , ,N,1,2,0,3,0,1,2,2,N,N,39 58:12.826,75 08:42.073,1859, ,1852, ,0, ,N, ,3, , , , , , , , , ,2,1,0,0,0,0,1,0,0,1,0,0,1,0,0,0,0,0,0,0,1,0,0,0,0,0,0,0,0,0,0,0,0,0,0,2,0,39.9702,-75.1451, , 
38344,424912,2014032406,6,67,67301,2014,2,3,800,8,1,1,0,4,1, , ,N,2,3,0,3,0,0,5,2,N,Y,40 00:19.502,75 06:28.871,843, ,836, ,0, ,N, ,3, , , , , , , , , ,2,1,0,0,0,0,1,0,0,0,0,0,0,0,0,0,0,0,0,0,1,0,0,0,0,0,0,0,0,0,0,0,0,0,0,0,0,40.0054,-75.108, , 
38345,424915,2014035815,6,67,67301,2014,3,7,2231,22,3,1,0,7,2, , ,N,0,0,0,3,0,0,1,1,N,N,39 58:21.767,75 07:18.037,2252, ,2243,2,1,2,N, ,0,N, , , , , , , , ,1,0,0,0,1,0,0,0,0,0,0,0,0,0,0,0,0,0,0,0,0,0,0,0,0,0,0,0,0,0,0,0,0,0,0,0,0,39.9727,-75.1217, , 
38346,424949,2014088828,6,67,67301,2014,8,1,250,2,3,1,0,7,3, , ,N,5,2,0,3,0,1,1,1,N,N,40 02:03.671,75 04:29.368,300, ,255, ,0, ,N, ,3, , , , , , , , , ,1,0,0,0,1,0,0,0,0,0,0,0,1,1,0,0,0,0,0,0,0,0,0,0,0,0,0,0,0,0,0,0,0,0,0,8,0,40.0344,-75.0748, , 
38347,424955,2014093570,6,67,67301,2014,8,1,9999,99,3,1,0,8,1, , ,N,1,3,0,3,0,1,2,2,N,N,40 01:03.676,75 04:43.492,2008, ,2007, ,0, ,N, ,3, , , , , , , , , ,1,0,0,0,0,0,1,0,0,0,1,0,1,0,0,0,0,0,0,0,0,0,0,0,0,0,0,0,0,0,0,0,1,0,0,3,0,40.0177,-75.0787, , 
38348,424991,2014016479,6,67,67301,2014,2,1,2004,20,3,1,0,1,1, , ,N,0,0,0,3,0,1,3,3,N,N,40 00:11.624,75 04:39.490,2009, ,2006, ,0, ,N, ,0, , , , , , , , , ,3,2,0,0,0,0,1,0,0,0,0,0,1,1,1,0,0,0,0,0,0,0,0,0,0,0,0,0,0,0,0,0,0,0,0,8,0,40.0032,-75.0776, , 
38349,425012,2014042277,6,67,67301,2014,4,5,645,6,1,1,0,1,1, , ,N,0,0,0,3,0,0,2,2,N,N,39 57:50.749,75 11:04.773,654, ,647,2,1,3,N, ,0,N, , , , , , , , ,2,2,0,0,0,0,0,0,0,0,0,0,0,0,0,0,0,0,0,0,0,0,0,0,0,0,0,0,0,0,0,0,0,0,0,0,0,39.9641,-75.1847, , 
38350,425015,2014043064,6,67,67301,2014,3,1,1730,17,1,1,0,5,1, , ,N,0,0,0,3,0,0,3,3,N,N,40 01:18.616,75 08:22.197,2030, ,2030, ,0, ,N, ,0, , , , , , , , , ,3,1,0,0,0,0,1,1,0,0,0,0,0,0,0,0,0,0,0,0,1,1,0,0,0,0,0,0,0,0,0,0,0,0,0,0,0,40.0218,-75.1395, , 
38351,428711,2014020678,6,67,67301,2014,2,7,1014,10,1,1,0,5,1,1,4,Y,0,0,0,3,0,1,5,2,N,N,40 01:07.907,75 02:46.564,1017,45,1015, ,0, ,N, ,0, ,N,N,N,N,N,N,N,Y,2,0,0,0,0,0,2,0,0,0,0,0,1,1,0,0,0,0,0,0,0,0,0,0,0,0,0,0,0,0,0,0,0,0,0,8,0,40.0189,-75.0463, , 
38352,428719,2014034145,6,67,67301,2014,2,6,840,8,1,1,0,4,1, , ,N,1,2,0,3,0,3,3,5,N,Y,39 57:36.086,75 11:33.215,846, ,843,1,2,4,N, ,3,Y, , , , , , , , ,5,2,0,0,1,0,2,0,0,0,0,1,3,2,0,0,0,0,0,0,0,0,0,2,0,0,0,0,0,0,0,0,0,0,0,4,0,39.96,-75.1926, , 
38353,428728,2014049151,6,67,67301,2014,5,2,1635,16,1,1,0,7,2, , ,N,0,0,0,3,0,0,1,1,N,N,39 55:44.545,75 08:46.835,1642, ,1642, ,0, ,N, ,0, , , , , , , , , ,1,1,0,0,0,0,0,0,0,0,0,0,0,0,0,0,0,0,0,0,1,0,0,0,0,0,0,0,0,0,0,0,0,0,0,0,0,39.929,-75.1463, , 
38354,428756,2014021552,6,67,67301,2014,1,5,1643,16,3,1,6,4,1, , ,N,1,2,0,3,0,1,2,2,N,N,40 02:20.942,75 06:36.006,1925, ,1920, ,0, ,N, ,3, , , , , , , , , ,2,0,0,0,0,0,2,0,0,0,0,0,1,1,0,0,0,0,0,0,0,0,0,0,0,0,0,0,0,0,0,0,0,0,0,8,0,40.0392,-75.11, , 
38355,428763,2014029844,6,67,67301,2014,2,6,1645,16,1,1,0,4,1, , ,N,1,3,0,3,0,1,2,2,N,N,40 00:46.900,75 05:18.351,1725, ,1719, ,0, ,N, ,3, , , , , , , , , ,2,1,0,0,1,0,0,0,0,0,0,1,1,0,0,0,0,1,0,0,0,1,0,0,0,0,0,0,0,0,0,0,0,0,0,4,0,40.013,-75.0884, , 
38356,428775,2014041950,6,67,67301,2014,3,3,512,5,1,1,0,5,1, , ,N,0,0,3,3,0,1,6,2,N,N,39 53:53.720,75 12:37.596,520, ,515, ,0, , , ,0, , , , , , , , , ,2,1,0,0,0,0,0,1,0,0,0,1,1,0,0,0,0,0,0,0,0,1,0,0,0,0,0,0,0,0,0,0,0,0,0,4,0,39.8983,-75.2104, , 
38357,428785,2014051756,6,67,67301,2014,4,5,2236,22,3,1,0,4,1, , ,N,1,2,0,3,0,1,2,2,N, ,40 05:58.224,74 59:10.989,2236, ,1230,1,1,7, , ,3,Y, , , , , , , , ,2,2,0,0,0,0,0,0,0,0,0,0,1,1,0,0,0,0,1,0,0,0,0,0,0,0,0,0,0,0,0,0,0,0,0,8,0,40.0995,-74.9864, , 
38358,428798,2014049894,6,67,67301,2014,4,2,1922,19,3,2,1,4,1, , ,N,1,3,0,3,0,1,2,2,N, ,40 02:17.019,75 02:41.240,1925, ,1923,2,1,2, , ,3,Y, , , , , , , , ,2,1,0,0,0,0,1,0,0,0,0,1,1,0,0,0,0,0,0,0,0,0,0,0,0,0,0,0,0,0,0,0,0,0,0,4,0,40.0381,-75.0448, , 
38359,428850,2014013292,6,67,67301,2014,1,4,915,9,1,8,6,1,1, , ,N,0,0,0,3,0,0,2,2,N,N,39 54:02.534,75 09:14.789,942, ,935,2,2,1,N, ,0,Y, , , , , , , , ,2,2,0,0,0,0,0,0,0,0,0,0,0,0,0,0,0,0,0,0,1,0,0,0,0,0,0,0,0,0,0,0,0,0,0,0,0,39.9007,-75.1541, , 
38360,428860,2014025284,6,67,67301,2014,1,4,1350,13,1,1,0,1,1, , ,N,5,2,0,3,0,2,3,2,N,N,40 02:26.242,75 10:11.315,1700, ,1656, ,0, , , ,3, , , , , , , , , ,2,1,0,0,1,0,0,0,0,0,0,2,2,0,0,0,0,0,0,0,1,0,0,0,0,0,0,0,0,0,0,0,0,0,0,4,0,40.0406,-75.1698, , 
38361,428887,2014059327,6,67,67301,2014,5,1,515,5,1,1,0,7,4, , ,N,0,0,0,3,0,1,1,1,N,N,40 01:35.653,75 05:43.866,530, ,525, ,0, , , ,0, , , , , , , , , ,1,1,0,0,0,0,0,0,0,0,0,0,1,1,0,0,0,0,1,0,0,0,0,0,0,0,0,0,0,0,0,0,0,0,0,8,0,40.0266,-75.0955, , 
38362,428896,2014067981,6,67,67301,2014,6,4,2230,22,6,2,1,8,1, , ,N,3,0,0,3,0,1,2,2,N,N,40 03:16.228,75 10:32.519,20, ,2354, ,0, , , ,0, , , , , , , , , ,1,0,0,0,0,0,0,1,0,0,0,1,1,0,1,0,0,0,0,0,0,0,0,0,0,0,0,0,0,0,0,0,1,0,0,4,0,40.0545,-75.1757, , 
38363,428911,2014073882,6,67,67301,2014,7,6,725,7,1,1,0,1,1, , ,N,0,0,0,3,0,1,8,6,N,N,39 58:44.783,75 12:13.292,725, ,725,1,1,3,N, ,0,N, , , , , , , , ,6,5,0,0,1,0,0,0,0,0,0,1,1,0,0,0,0,0,0,0,4,0,0,0,0,0,0,0,0,0,0,0,0,0,0,4,0,39.9791,-75.2037, , 
38364,428919,2014081424,6,67,67301,2014,6,3,1830,18,1,1,0,5,1, , ,N,0,0,0,3,0,0,2,2,N,N,39 57:11.830,75 10:23.627,1840, ,1839,2,2,1,N, ,0,N, , , , , , , , ,2,2,0,0,0,0,0,0,0,0,0,0,0,0,0,0,0,0,0,0,0,1,0,0,0,0,0,0,0,0,0,0,0,0,0,0,0,39.9533,-75.1732, , 
38365,428923,2014087851,6,67,67301,2014,7,1,1230,12,1,1,0,1,1, , ,N,0,0,0,3,0,1,4,2,N,N,40 01:19.774,75 08:54.342,1530, ,1530, ,0, ,N, ,0, , , , , , , , , ,2,1,0,0,0,0,1,0,0,0,0,0,1,1,0,0,0,0,1,0,0,1,0,0,0,0,0,0,0,0,0,0,0,0,0,8,0,40.0222,-75.1484, , 
38366,428931,2014098651,6,67,67301,2014,9,4,1100,11,1,1,0,4,1, , ,N,1,1,0,3,0,1,3,2,N,N,39 57:52.149,75 10:57.115,1140, ,1133, ,0, , , ,3, , , , , , , , , ,2,1,0,0,1,0,0,0,0,0,0,1,1,0,0,0,0,0,0,0,0,1,0,3,0,0,0,0,0,0,0,0,0,0,0,4,0,39.9645,-75.1825, , 
38367,428933,2014099244,6,67,67301,2014,9,3,1240,12,1,1,0,1,1, , ,N,0,2,0,3,0,1,2,2,N, ,39 59:20.896,75 09:56.465,1310, ,1300, ,0, , , ,3, , , , , , , , , ,2,1,0,0,0,0,1,0,0,0,0,0,1,1,0,0,0,0,0,0,0,0,0,0,0,0,0,0,0,0,0,0,0,0,0,8,0,39.9891,-75.1657, , 
38368,428963,2014039337,6,67,67301,2014,3,5,1007,10,1,1,0,1,1, , ,N,0,0,0,3,0,1,3,2,N, ,40 04:14.405,74 58:53.113,1014, ,1012, ,0, , , ,0, , , , , , , , , ,2,0,0,0,1,0,0,1,0,0,0,0,1,1,0,0,0,0,0,0,0,0,0,0,0,0,0,0,0,0,0,0,0,0,0,8,0,40.0707,-74.9814, , 