objectid_1,objectid,crn,district,county,municipality,crash_year,crash_month,day_of_week,time_of_day,hour_of_day,illumination,weather,road_condition,collision_type,relation_to_road,work_zone_type,work_zone_loc,work_zone_ind,intersect_type,tcd_type,location_type,urban_rural,fatal_count,injury_count,person_count,total_units,sch_bus_ind,sch_zone_ind,latitude,longitude,arrival_tm,cons_zone_spd_lim,dispatch_tm,est_hrs_closed,lane_closed,ln_close_dir,ntfy_hiwy_maint,spec_juris_cd,tcd_func_cd,tfc_detour_ind,workers_pres,wz_close_detour,wz_flagger,wz_law_offcr_ind,wz_ln_closure,wz_moving,wz_other,wz_shlder_mdn,vehicle_count,automobile_count,motorcycle_count,bus_count,small_truck_count,heavy_truck_count,suv_count,van_count,bicycle_count,maj_inj_count,mod_inj_count,min_inj_count,tot_inj_count,unk_inj_deg_count,unk_inj_per_count,driver_count_16yr,driver_count_17yr,driver_count_18yr,driver_count_19yr,driver_count_20yr,driver_count_50_64yr,driver_count_65_74yr,driver_count_75plus,unbelted_occ_count,unb_death_count,unb_maj_inj_count,belted_death_count,belted_maj_inj_count,mcycle_death_count,mcycle_maj_inj_count,bicycle_death_count,bicycle_maj_inj_count,ped_count,ped_death_count,ped_maj_inj_count,max_severity_level,comm_veh_count,dec_lat,dec_long,rdwy_surf_type_cd,county_name
38436,427990,2014019082,6,67,67301,2014,1,6,945,9,1,3,6,4,1, , ,N,1,0,0,3,0,1,2,2,N, ,39 56:31.419,75 12:42.235,1110, ,945, ,0, , , ,0, , , , , , , , , ,2,0,0,0,1,0,0,1,0,0,0,1,1,0,1,0,0,0,0,0,0,0,0,0,0,0,0,0,0,0,0,0,0,0,0,4,0,39.9421,-75.2117, , 
38437,428017,2014049534,6,67,67301,2014,4,2,909,9,1,1,0,5,1, , ,N,0,0,0,3,0,1,3,3,N,N,40 06:59.059,74 59:05.287,914, ,911,1,1,2,Y, ,0,N, , , , , , , , ,3,2,0,0,1,0,0,0,0,0,0,0,1,1,0,0,0,0,0,0,1,0,0,0,0,0,0,0,0,0,0,0,0,0,0,8,0,40.1164,-74.9848, , 
38438,428018,2014049868,6,67,67301,2014,4,7,1220,12,1,1,0,4,1, , ,N,1,2,0,3,0,2,2,2,N, ,39 56:18.900,75 11:54.432,1235, ,1228, ,0, , , ,3, , , , , , , , , ,2,2,0,0,0,0,0,0,0,0,0,2,2,0,0,0,0,0,0,0,0,0,0,0,0,0,0,0,0,0,0,0,0,0,0,4,0,39.9386,-75.1985, , 
38439,428040,2014087773,6,67,67301,2014,7,6,1435,14,1,1,0,5,1, , ,N,0,0,0,3,0,1,5,2,N, ,39 55:24.246,75 13:43.027,1537, ,1536, ,0, , , ,0, , , , , , , , , ,2,0,1,0,0,0,1,0,0,0,0,0,1,1,0,0,0,0,0,0,0,0,0,0,0,0,0,0,0,0,0,0,0,0,0,8,0,39.9234,-75.2286, , 
38440,428041,2014091386,6,67,67301,2014,9,4,1830,18,1,1,0,8,1, , ,N,1,0,0,3,0,1,2,2,N, ,40 01:18.819,75 12:33.138,1842, ,1837,9,1,4, , ,0,N, , , , , , , , ,1,1,0,0,0,0,0,0,0,0,0,0,1,1,0,0,0,0,0,0,0,0,0,0,0,0,0,0,0,0,0,0,1,0,0,8,0,40.0219,-75.2092, , 
38441,428047,2014096814,6,67,67301,2014,9,7,1618,16,1,2,1,4,1, , ,N,1,2,0,3,0,1,5,3,N,N,39 56:32.336,75 14:01.801,1623, ,1621, ,0, , , ,3, , , , , , , , , ,3,3,0,0,0,0,0,0,0,0,0,1,1,0,0,0,0,0,0,0,1,1,0,0,0,0,0,0,0,0,0,0,0,0,0,4,0,39.9423,-75.2338, , 
38442,416633,2014049560,6,67,67301,2014,4,4,830,8,1,1,0,1,1, , ,N,0,2,0,3,0,1,2,2,N, ,40 03:41.329,74 59:18.975,924, ,920, ,0, , , ,3, , , , , , , , , ,2,1,0,0,0,0,1,0,0,0,0,1,1,0,0,0,0,0,0,0,0,0,0,0,0,0,0,0,0,0,0,0,0,0,0,4,0,40.0615,-74.9886, , 
38443,416634,2014050261,6,67,67301,2014,4,4,1714,17,1,2,1,3,1, , ,N,0,0,0,3,0,1,2,2,N,N,39 56:08.307,75 09:31.161,1725, ,1716, ,0, ,N, ,0, , , , , , , , , ,2,1,0,0,1,0,0,0,0,0,0,0,1,1,0,0,0,0,0,0,0,0,0,0,0,0,0,0,0,0,0,0,0,0,0,8,0,39.9356,-75.1587, , 
38444,416637,2014054551,6,67,67301,2014,5,5,9999,99,1,1,0,8,1, , ,N,1,2,0,3,0,1,2,2,N, ,39 59:32.825,75 10:46.468,854, ,852, ,0, , , ,3, , , , , , , , , ,1,1,0,0,0,0,0,0,0,0,0,1,1,0,0,0,0,0,0,0,0,0,0,0,0,0,0,0,0,0,0,0,1,0,0,4,0,39.9925,-75.1796, , 
38445,416681,2014049749,6,67,67301,2014,4,2,1854,18,4,1,0,7,5, , ,N,1,2,0,3,0,0,2,1,N,N,40 02:58.479,75 05:44.227,1935, ,1909, ,0, ,N, ,3, , , , , , , , , ,1,1,0,0,0,0,0,0,0,0,0,0,0,0,0,0,0,0,0,0,0,0,0,0,0,0,0,0,0,0,0,0,0,0,0,0,0,40.0496,-75.0956, , 
38446,416704,2014027700,6,67,67301,2014,1,6,1300,13,1,4,6,8,1, , ,N,1,2,0,3,0,1,2,2,N,Y,40 03:20.764,75 09:31.951,1312, ,1312, ,0, ,N, ,3, , , , , , , , , ,1,1,0,0,0,0,0,0,0,0,0,1,1,0,0,0,0,0,0,0,1,0,0,0,0,0,0,0,0,0,0,0,1,0,0,4,0,40.0558,-75.1589, , 
38447,416709,2014034905,6,67,67301,2014,3,3,1105,11,1,1,0,7,2, , ,N,0,0,2,3,0,1,1,1,N,N,39 53:08.693,75 14:38.481,1112, ,1107,2,1,2,Y, ,0,N, , , , , , , , ,1,1,0,0,0,0,0,0,0,0,0,1,1,0,0,0,0,0,0,0,0,0,0,0,0,0,0,0,0,0,0,0,0,0,0,4,0,39.8857,-75.244, , 
38448,416719,2014042610,6,67,67301,2014,3,3,2021,20,3,1,0,1,1, , ,N,6,4,2,3,0,1,4,2,N,N,40 00:47.390,75 10:49.073,2024, ,2023,3,2,4,N, ,3,N, , , , , , , , ,2,1,0,0,0,0,0,1,0,0,0,1,1,0,0,0,0,0,0,0,0,0,0,0,0,0,0,0,0,0,0,0,0,0,0,4,0,40.0137,-75.1796, , 
38449,416735,2014060629,6,67,67301,2014,6,6,634,6,1,6,1,7,2, , ,N,0,0,0,3,0,0,2,1,N,N,40 02:15.186,75 00:42.971,657, ,638,2,2,1,N, ,0,N, , , , , , , , ,1,1,0,0,0,0,0,0,0,0,0,0,0,0,0,0,0,0,0,0,0,0,0,0,0,0,0,0,0,0,0,0,0,0,0,0,0,40.0376,-75.0119, , 
38450,416765,2014029890,6,67,67301,2014,2,3,902,9,1,1,5,8,1, , ,N,0,0,0,3,0,1,2,2,N,N,40 01:56.193,75 09:27.566,950, ,945, ,0, ,N, ,0, , , , , , , , , ,1,1,0,0,0,0,0,0,0,0,0,1,1,0,0,0,0,0,0,0,0,0,0,0,0,0,0,0,0,0,0,0,1,0,0,4,0,40.0323,-75.1577, , 
38451,416767,2014032437,6,67,67301,2014,2,5,112,1,3,4,3,7,4, , ,N,3,2,0,3,0,1,1,1,N,N,39 57:20.601,75 10:50.529,124, ,114, ,0, ,N, ,3, , , , , , , , , ,1,1,0,0,0,0,0,0,0,0,0,1,1,0,0,0,0,0,0,0,0,0,0,0,0,0,0,0,0,0,0,0,0,0,0,4,0,39.9557,-75.1807, , 
38452,416788,2014067278,6,67,67301,2014,6,3,231,2,3,1,0,7,3, , ,N,0,0,0,3,0,0,1,1,N,N,39 55:45.517,75 08:46.618,300, ,244,1,1,2,N, ,0,N, , , , , , , , ,1,1,0,0,0,0,0,0,0,0,0,0,0,0,1,0,0,0,0,0,0,0,0,0,0,0,0,0,0,0,0,0,0,0,0,9,0,39.9293,-75.1463, , 
38453,416830,2014049524,6,67,67301,2014,4,3,1230,12,1,1,0,0,1, , ,N,0,0,0,3,0,1,1,1,N,N,40 04:53.201,74 59:56.239,1250, ,1245, ,0, , , ,0, , , , , , , , , ,1,0,1,0,0,0,0,0,0,0,0,1,1,0,0,0,0,0,0,0,1,0,0,0,0,0,0,0,0,0,0,0,0,0,0,4,0,40.0814,-74.999, , 
38454,416847,2014016966,6,67,67301,2014,1,4,1602,16,1,1,0,4,1, , ,N,2,0,0,3,0,1,2,4,N,N,39 57:17.713,75 09:05.995,1610, ,1607,2,1,3,N, ,0,N, , , , , , , , ,4,4,0,0,0,0,0,0,0,0,1,0,1,0,0,0,0,0,0,0,2,0,0,0,0,0,0,0,0,0,0,0,0,0,0,3,0,39.9549,-75.1517, , 
38455,416879,2014049601,6,67,67301,2014,4,2,9999,99,1,1,0,7,4, , ,N,0,0,0,3,0,1,1,1,N,N,39 59:54.221,75 09:31.105,1713, ,9999, ,0, ,N, ,0, , , , , , , , , ,1,0,1,0,0,0,0,0,0,1,0,0,1,0,0,0,0,0,0,1,0,0,0,0,0,0,0,0,0,1,0,0,0,0,0,2,0,39.9984,-75.1586, , 
38456,416882,2014054570,6,67,67301,2014,4,4,1427,14,1,2,1,4,1, , ,N,1,3,0,3,0,1,4,3,N,N,39 57:57.225,75 12:26.989,1513, ,1502, ,0, ,N, ,3, , , , , , , , , ,3,2,0,0,0,0,1,0,0,0,0,1,1,0,0,0,0,0,0,0,0,2,0,0,0,0,0,0,0,0,0,0,0,0,0,4,0,39.9659,-75.2075, , 
38457,416911,2014036231,6,67,67301,2014,3,2,1006,10,1,1,0,1,1, , ,N,0,0,0,3,0,1,3,3,N,N,39 59:40.003,75 05:03.166,1025, ,1017, ,0, ,N, ,0, , , , , , , , , ,3,2,0,0,1,0,0,0,0,0,0,0,1,1,0,0,0,0,0,0,1,0,0,0,0,0,0,0,0,0,0,0,0,0,0,8,0,39.9944,-75.0842, , 
38458,416930,2014061813,6,67,67301,2014,5,7,504,5,3,1,0,1,6, , ,N,0,0,0,3,0,0,2,2,N,N,40 01:02.819,75 09:04.145,508, ,505, ,0, , , ,0, , , , , , , , , ,2,0,0,0,0,0,1,1,0,0,0,0,0,0,2,0,1,0,0,0,0,0,0,0,0,0,0,0,0,0,0,0,0,0,0,9,0,40.0174,-75.1512, , 
38459,416940,2014013294,6,67,67301,2014,1,4,1917,19,3,1,0,1,1, , ,N,0,0,0,3,0,0,3,3,N,N,39 58:52.876,75 06:09.857,1929, ,1918, ,0, ,N, ,0, , , , , , , , , ,3,2,0,0,0,0,1,0,0,0,0,0,0,0,0,0,0,0,0,0,0,0,0,0,0,0,0,0,0,0,0,0,0,0,0,0,0,39.9814,-75.1027, , 
38460,420794,2014002408,6,67,67301,2014,1,6,227,2,3,4,3,7,2, , ,N,0,0,0,3,0,0,1,1,N,N,40 00:26.101,75 12:01.358,230, ,229,1,1,3,N, ,0,N, , , , , , , , ,1,1,0,0,0,0,0,0,0,0,0,0,0,0,0,0,0,0,0,0,1,0,0,0,0,0,0,0,0,0,0,0,0,0,0,0,0,40.0073,-75.2004, , 
38461,420835,2014059058,6,67,67301,2014,5,5,9999,99,3,1,0,4,1, , ,N,0,0,7,3,0,2,3,2,N,N,40 03:08.899,75 00:29.380,2055, ,2045, ,0, ,N, ,0, , , , , , , , , ,2,0,0,0,0,0,1,1,0,0,0,1,2,1,0,0,0,0,0,0,0,0,0,0,0,0,0,0,0,0,0,0,0,0,0,4,0,40.0525,-75.0082, , 
38462,420851,2014025310,6,67,67301,2014,1,1,140,1,3,1,0,2,1, , ,N,0,0,0,3,0,2,3,2,N, ,39 59:08.246,75 10:52.966,200, ,150, ,0, , , ,0, , , , , , , , , ,2,1,0,0,0,0,1,0,0,0,0,2,2,0,0,0,0,0,0,0,1,0,0,0,0,0,0,0,0,0,0,0,0,0,0,4,0,39.9856,-75.1814, , 
38463,420876,2014049719,6,67,67301,2014,4,1,359,3,3,1,0,5,6, , ,N,0,0,0,3,0,1,1,5,N, ,39 59:10.536,75 07:25.662,405, ,400,3,2,2, , ,0,Y, , , , , , , , ,5,1,0,0,1,0,0,3,0,0,0,1,1,0,0,0,0,0,0,0,0,0,0,0,0,0,0,0,0,0,0,0,0,0,0,4,0,39.9863,-75.1238, , 
38464,420877,2014049759,6,67,67301,2014,4,7,1337,13,1,1,0,4,1, , ,N,1,2,0,3,0,1,2,2,N, ,39 58:44.220,75 10:16.237,1337, ,1337, ,0, , , ,3, , , , , , , , , ,2,1,0,0,0,0,1,0,0,0,0,1,1,0,0,0,0,0,0,0,2,0,0,0,0,0,0,0,0,0,0,0,0,0,0,4,0,39.979,-75.1712, , 
38465,420915,2014028067,6,67,67301,2014,1,7,1149,11,1,4,3,1,1, , ,N,1,2,0,3,0,1,3,2,N,N,39 56:54.369,75 14:07.781,1156, ,1153, ,0, ,N, ,3, , , , , , , , , ,2,1,0,0,1,0,0,0,0,0,0,1,1,0,0,0,0,0,0,0,1,0,0,0,0,0,0,0,0,0,0,0,0,0,0,4,0,39.9484,-75.2355, , 
38466,420934,2014049469,6,67,67301,2014,4,6,1545,15,1,1,0,1,1, , ,N,0,0,0,3,0,0,2,2,N,N,39 57:28.928,75 10:32.743,1615, ,1608, ,0, ,N, ,0, , , , , , , , , ,2,0,0,0,0,0,1,1,0,0,0,0,0,0,0,0,0,0,0,0,0,0,0,2,0,0,0,0,0,0,0,0,0,0,0,0,0,39.958,-75.1758, , 
38467,420935,2014049489,6,67,67301,2014,3,2,1300,13,1,1,0,4,1, , ,N,1,3,0,3,0,1,4,2,N, ,39 55:15.805,75 13:44.269,1330, ,1320, ,0, , , ,3, , , , , , , , , ,2,0,0,0,1,0,0,1,0,0,1,0,1,0,0,0,0,0,0,0,2,0,0,0,0,0,0,0,0,0,0,0,0,0,0,3,0,39.921,-75.2289, , 
38468,420941,2014003973,6,67,67301,2014,1,2,756,7,1,2,1,1,1, , ,N,0,0,0,3,0,0,2,2,N,N,39 59:36.866,75 05:05.478,812, ,800,1,1,2,N, ,0,N, , , , , , , , ,2,0,0,0,2,0,0,0,0,0,0,0,0,0,1,0,0,0,0,0,1,0,0,0,0,0,0,0,0,0,0,0,0,0,0,9,0,39.9936,-75.0849, , 
38469,421005,2014025403,6,67,67301,2014,1,3,9999,99,1,4,5,1,1, , ,N,0,0,0,3,0,2,5,2,N,Y,40 00:58.917,75 10:15.172,9999, ,9999,9,1,2,N, ,0,N, , , , , , , , ,2,2,0,0,0,0,0,0,0,0,0,2,2,0,0,0,0,0,0,0,1,0,0,0,0,0,0,0,0,0,0,0,0,0,0,4,0,40.0164,-75.1709, , 
38470,421013,2014034135,6,67,67301,2014,2,5,1100,11,1,1,0,7,4, , ,N,0,0,0,3,0,2,2,2,N, ,39 55:19.728,75 11:25.725,1120, ,1108,3,2,3, , ,0,Y, , , , , , , , ,2,1,0,0,1,0,0,0,0,0,0,2,2,0,0,0,0,0,0,0,1,0,0,2,0,0,0,0,0,0,0,0,0,0,0,4,0,39.9221,-75.1905, , 
38471,421017,2014042705,6,67,67301,2014,3,4,1110,11,1,1,0,8,1, , ,N,0,0,0,3,0,1,2,2,N, ,39 57:36.507,75 13:57.300,1210, ,1201, ,0, , , ,0, , , , , , , , , ,1,1,0,0,0,0,0,0,0,0,0,1,1,0,0,0,0,0,0,0,0,0,0,0,0,0,0,0,0,0,0,0,1,0,0,4,0,39.9601,-75.2326, , 
38472,421058,2014020021,6,67,67301,2014,1,3,1150,11,1,1,3,5,1, , ,N,0,0,0,3,0,0,2,2,N,N,39 53:15.408,75 12:57.322,1214, ,1150, ,0, ,N, ,0, , , , , , , , , ,2,1,0,0,0,1,0,0,0,0,0,0,0,0,0,0,0,0,0,0,0,0,0,0,0,0,0,0,0,0,0,0,0,0,0,0,1,39.8876,-75.2159, , 
38473,421070,2014032369,6,67,67301,2014,2,2,850,8,1,1,0,8,1, , ,N,1,2,0,3,0,1,2,2,N,N,40 00:03.985,75 07:29.066,905, ,900,9,1,2, , ,3,Y, , , , , , , , ,1,0,0,0,0,0,1,0,0,0,0,0,1,1,0,0,0,0,0,0,1,0,0,0,0,0,0,0,0,0,0,0,1,0,0,8,0,40.0011,-75.1247, , 
38474,421094,2014016141,6,67,67301,2014,1,2,1654,16,3,1,0,4,1, , ,N,2,3,0,3,0,1,2,2,N,N,39 59:41.216,75 06:46.886,1830, ,1744, ,0, ,N, ,3, , , , , , , , , ,2,2,0,0,0,0,0,0,0,0,0,1,1,0,0,0,0,1,0,0,0,0,0,0,0,0,0,0,0,0,0,0,0,0,0,4,0,39.9948,-75.113, , 
38475,421112,2014032392,6,67,67301,2014,2,3,900,9,1,1,0,1,1, , ,N,0,0,0,3,0,1,3,2,N, ,40 03:44.082,75 01:17.528,905, ,901, ,0, , , ,0, , , , , , , , , ,2,1,0,0,1,0,0,0,0,0,0,0,1,1,1,0,0,0,0,0,0,0,0,0,0,0,0,0,0,0,0,0,0,0,0,8,0,40.0622,-75.0215, , 
38476,421142,2014020680,6,67,67301,2014,2,2,603,6,1,1,3,4,1, , ,N,0,0,0,3,0,1,2,2,N,N,39 53:30.237,75 13:22.108,640, ,622, ,0, ,N, ,0, , , , , , , , , ,2,1,0,0,0,0,1,0,0,0,0,1,1,0,0,0,0,0,0,0,1,0,0,1,0,0,0,0,0,0,0,0,0,0,0,4,0,39.8917,-75.2228, , 
38477,421145,2014025321,6,67,67301,2014,1,5,1615,16,1,1,0,4,1, , ,N,1,3,0,3,0,0,2,2,N,N,39 55:57.478,75 11:40.793,1625, ,1025, ,0, ,N, ,3, , , , , , , , , ,2,1,0,0,0,0,1,0,0,0,0,0,0,0,0,0,0,0,0,0,0,0,0,0,0,0,0,0,0,0,0,0,0,0,0,0,0,39.9326,-75.1947, , 
38478,425237,2014013285,6,67,67301,2014,1,7,1556,15,1,4,4,5,1, , ,N,0,0,0,3,0,0,3,2,N,N,39 53:19.913,75 13:06.621,1716, ,1608,3,2,1,N, ,0,N, , , , , , , , ,2,2,0,0,0,0,0,0,0,0,0,0,0,0,0,0,0,0,0,0,1,0,0,0,0,0,0,0,0,0,0,0,0,0,0,0,0,39.8889,-75.2185, , 
38479,425239,2014019158,6,67,67301,2014,1,6,735,7,1,2,5,4,1, , ,N,1,2,0,3,0,0,2,2,N,N,39 58:53.029,75 06:49.373,739, ,739, ,0, ,N, ,3, , , , , , , , , ,2,1,0,0,1,0,0,0,0,0,0,0,0,0,0,0,0,0,0,0,0,0,0,0,0,0,0,0,0,0,0,0,0,0,0,0,0,39.9814,-75.1137, , 
38480,425272,2014059145,6,67,67301,2014,4,6,9999,99,3,2,1,4,1, , ,N,1,2,0,3,0,4,8,3,N,N,39 58:31.286,75 14:43.805,1945, ,1934,3,1,2, , ,3,N, , , , , , , , ,3,1,0,0,1,0,0,1,0,0,0,4,4,0,0,0,0,0,0,0,0,1,0,0,0,0,0,0,0,0,0,0,0,0,0,4,0,39.9753,-75.2455, , 
38481,425297,2014025881,6,67,67301,2014,1,5,601,6,3,1,0,7,4, , ,N,0,0,0,3,0,0,1,1,N, ,40 01:14.793,75 12:58.676,607, ,601, ,0, , , ,0, , , , , , , , , ,1,1,0,0,0,0,0,0,0,0,0,0,0,0,0,0,0,0,0,1,0,0,0,0,0,0,0,0,0,0,0,0,0,0,0,0,0,40.0208,-75.2163, , 
38482,425382,2014013577,6,67,67301,2014,1,1,840,8,1,1,5,4,1, , ,N,0,0,0,3,0,0,1,2,N,N,40 03:39.588,75 00:34.306,843, ,843, ,0, , , ,0, , , , , , , , , ,2,2,0,0,0,0,0,0,0,0,0,0,0,0,0,0,0,0,0,1,0,0,0,0,0,0,0,0,0,0,0,0,0,0,0,0,0,40.061,-75.0095, , 
38483,425400,2014029198,6,67,67301,2014,3,2,1148,11,1,1,1,7,2, , ,N,0,0,0,3,0,0,1,1,N,N,39 55:21.477,75 08:51.967,1158, ,1150,1,1,2,N, ,0,N, , , , , , , , ,1,1,0,0,0,0,0,0,0,0,0,0,0,0,0,0,0,0,0,1,0,0,0,1,0,0,0,0,0,0,0,0,0,0,0,0,0,39.9226,-75.1478, , 
38484,425401,2014029835,6,67,67301,2014,2,7,1930,19,3,1,0,6,1, , ,N,5,2,0,3,0,0,3,3,N,N,39 56:45.165,75 14:24.752,1933, ,1931,2,1,3,N, ,3,Y, , , , , , , , ,3,3,0,0,0,0,0,0,0,0,0,0,0,0,0,0,0,0,0,0,1,0,0,0,0,0,0,0,0,0,0,0,0,0,0,0,0,39.9459,-75.2403, , 
38485,425406,2014042630,6,67,67301,2014,3,6,1025,10,1,2,1,4,1, , ,N,1,2,0,3,0,1,3,2,N,N,39 54:42.724,75 10:21.917,1028, ,1026, ,0, , , ,3, , , , , , , , , ,2,0,0,0,0,1,1,0,0,0,1,0,1,0,0,0,0,0,0,0,2,0,0,0,0,0,0,0,0,0,0,0,0,0,0,3,1,39.9119,-75.1728, , 
38486,425407,2014042750,6,67,67301,2014,3,7,2200,22,3,2,1,1,1, , ,N,0,0,0,3,0,4,4,3,N, ,39 58:40.497,75 10:11.133,2228, ,2227, ,0, , , ,0, , , , , , , , , ,3,1,0,0,0,0,2,0,0,0,3,0,4,1,0,0,0,0,0,0,1,0,0,0,0,0,0,0,0,0,0,0,0,0,0,3,0,39.9779,-75.1698, , 
38487,425437,2014032483,6,67,67301,2014,2,2,1010,10,1,1,0,4,1, , ,N,1,3,0,3,0,1,3,2,N,N,39 58:33.531,75 09:34.070,1016, ,1015, ,0, ,N, ,3, , , , , , , , , ,2,2,0,0,0,0,0,0,0,0,0,0,1,1,1,0,0,0,0,0,0,0,0,0,0,0,0,0,0,0,0,0,0,0,0,8,0,39.976,-75.1595, , 
38488,425441,2014039046,6,67,67301,2014,3,5,1545,15,1,1,0,8,1, , ,N,1,0,0,3,0,1,2,2,N,N,40 02:43.414,75 07:35.925,1550, ,1545, ,0, ,N, ,0, , , , , , , , , ,1,1,0,0,0,0,0,0,0,0,0,1,1,0,0,0,0,0,0,0,0,0,0,0,0,0,0,0,0,0,0,0,1,0,0,4,0,40.0454,-75.1266, , 
38489,425489,2014045445,6,67,67301,2014,4,4,129,1,3,1,0,1,1, , ,N,0,0,2,3,0,3,3,2,N,N,39 53:30.810,75 14:09.207,148, ,130,1,1,1,N, ,0,N, , , , , , , , ,2,1,0,0,1,0,0,0,0,0,0,3,3,0,0,0,0,0,0,0,1,0,0,0,0,0,0,0,0,0,0,0,0,0,0,4,0,39.8919,-75.2359, , 
38490,425497,2014054512,6,67,67301,2014,4,3,2040,20,3,2,1,4,1, , ,N,1,3,0,3,0,1,2,2,N,N,39 55:48.741,75 09:58.453,2050, ,2045, ,0, ,N, ,3, , , , , , , , , ,1,1,0,0,0,0,0,0,1,0,0,1,1,0,0,0,0,0,0,0,0,0,0,0,0,0,0,0,0,0,0,0,0,0,0,4,0,39.9302,-75.1662, , 
38491,425498,2014054639,6,67,67301,2014,4,2,1230,12,1,1,0,4,1, , ,N,1,2,0,3,0,3,5,3,N,N,40 02:03.403,75 04:28.523,1242, ,1233,2,2,2,N, ,3,Y, , , , , , , , ,3,2,0,0,0,0,1,0,0,0,0,0,3,3,0,0,0,0,0,0,1,0,0,1,0,0,0,0,0,0,0,0,0,0,0,8,0,40.0343,-75.0746, , 
38492,425510,2014065498,6,67,67301,2014,5,4,623,6,5,1,0,4,1, , ,N,1,2,0,3,0,0,2,2,N, ,40 04:50.725,75 01:42.964,647, ,636,2,1,1, , ,3,N, , , , , , , , ,2,0,0,0,0,0,1,1,0,0,0,0,0,0,0,0,0,0,0,0,1,0,0,0,0,0,0,0,0,0,0,0,0,0,0,0,0,40.0808,-75.0286, , 
38493,425521,2014019089,6,67,67301,2014,1,6,935,9,1,3,5,6,1, , ,N,0,0,0,3,0,0,4,2,N,N,40 03:16.133,75 03:15.162,1000, ,957,2,1,5,N, ,0,N, , , , , , , , ,2,1,0,0,0,1,0,0,0,0,0,0,0,0,0,0,0,0,0,0,0,0,0,0,0,0,0,0,0,0,0,0,0,0,0,0,1,40.0544,-75.0542, , 
38494,425524,2014025283,6,67,67301,2014,1,3,1602,16,1,4,3,7,5, , ,N,2,3,0,3,0,4,11,1,Y,N,40 02:11.932,75 10:08.559,1631, ,1613,3,2,7,N, ,3,Y, , , , , , , , ,1,0,0,1,0,0,0,0,0,0,0,4,4,0,0,0,0,0,0,0,0,0,0,0,0,0,0,0,0,0,0,0,0,0,0,4,1,40.0366,-75.169, , 
38495,425535,2014034173,6,67,67301,2014,3,2,405,4,3,4,3,7,4, , ,N,5,2,0,3,0,4,6,1,N,N,40 01:24.135,75 05:04.142,420, ,405, ,0, ,N, ,3, , , , , , , , , ,1,0,0,0,0,0,0,1,0,0,1,3,4,0,0,0,0,0,0,0,0,0,0,0,0,0,0,0,0,0,0,0,0,0,0,3,0,40.0234,-75.0845, , 
38496,427390,2014043116,6,67,67301,2014,3,6,1215,12,1,1,0,8,1, , ,N,1,2,0,3,0,1,2,2,N,N,40 02:11.152,75 07:49.835,1244, ,1239, ,0, ,N, ,3, , , , , , , , , ,1,0,0,0,0,0,1,0,0,0,1,0,1,0,0,0,0,0,0,0,0,0,0,0,0,0,0,0,0,0,0,0,1,0,0,3,0,40.0364,-75.1305, , 
38497,427415,2014073646,6,46,46104,2014,7,1,2140,21,3,1,0,1,1, , ,N,2,2,0,3,0,1,3,2,N,N,40 00:00.415,75 13:43.355,2142, ,2140, ,0, ,N, ,3, , , , , , , , , ,2,1,0,0,0,0,1,0,0,0,0,1,1,0,0,0,0,0,0,0,1,0,0,0,0,0,0,0,0,0,0,0,0,0,0,4,0,40.0001,-75.2287, , 
38498,427421,2014085479,6,67,67301,2014,8,6,900,9,1,1,0,1,1, , ,N,0,0,0,3,0,1,2,2,N,N,39 59:32.557,75 12:04.484,905, ,900, ,0, ,N, ,0, , , , , , , , , ,2,1,0,0,0,1,0,0,0,0,0,1,1,0,0,0,0,0,0,0,1,0,0,0,0,0,0,0,0,0,0,0,0,0,0,4,1,39.9924,-75.2012, , 
38499,427422,2014087757,6,67,67301,2014,7,1,1045,10,1,1,0,6,1, , ,N,0,0,0,3,0,1,3,2,N,N,40 03:20.077,75 11:35.408,1055, ,1047, ,0, ,N, ,0, , , , , , , , , ,2,0,0,0,0,0,2,0,0,0,0,1,1,0,0,0,0,0,0,0,1,0,0,0,0,0,0,0,0,0,0,0,0,0,0,4,0,40.0556,-75.1932, , 
38500,427478,2014091320,6,67,67301,2014,8,2,122,1,3,1,0,4,1, , ,N,1,3,0,3,0,3,3,2,N,N,40 01:20.924,75 08:40.156,134, ,130, ,0, ,N, ,3, , , , , , , , , ,2,2,0,0,0,0,0,0,0,0,0,0,3,3,0,0,0,0,0,0,0,0,0,0,0,0,0,0,0,0,0,0,0,0,0,8,0,40.0225,-75.1445, , 
38501,427481,2014096397,6,67,67301,2014,9,4,840,8,1,1,0,5,1, , ,N,2,2,0,3,0,1,2,2,N,N,39 56:45.926,75 11:54.625,907, ,900, ,0, ,N, ,3, , , , , , , , , ,2,1,0,0,0,0,1,0,0,0,1,0,1,0,0,0,0,0,0,0,1,1,0,0,0,0,0,0,0,0,0,0,0,0,0,3,0,39.9461,-75.1985, , 
38502,427494,2014049519,6,67,67301,2014,4,6,945,9,1,1,0,7,4, , ,N,0,0,0,3,0,1,1,1,N,N,39 58:16.888,75 13:33.034,1010, ,1001, ,0, ,N, ,0, , , , , , , , , ,1,1,0,0,0,0,0,0,0,0,0,1,1,0,0,0,0,0,0,0,0,0,0,0,0,0,0,0,0,0,0,0,0,0,0,4,0,39.9714,-75.2258, , 
38503,427495,2014049748,6,67,67301,2014,3,5,1953,19,3,1,0,4,1, , ,N,1,3,0,3,0,1,3,2,N,N,39 59:27.780,75 14:10.211,1955, ,1954, ,0, , , ,3, , , , , , , , , ,2,2,0,0,0,0,0,0,0,0,0,0,1,1,0,0,0,0,0,0,0,0,1,2,0,0,0,0,0,0,0,0,0,0,0,8,0,39.9911,-75.2362, , 