objectid_1,objectid,crn,district,county,municipality,crash_year,crash_month,day_of_week,time_of_day,hour_of_day,illumination,weather,road_condition,collision_type,relation_to_road,work_zone_type,work_zone_loc,work_zone_ind,intersect_type,tcd_type,location_type,urban_rural,fatal_count,injury_count,person_count,total_units,sch_bus_ind,sch_zone_ind,latitude,longitude,arrival_tm,cons_zone_spd_lim,dispatch_tm,est_hrs_closed,lane_closed,ln_close_dir,ntfy_hiwy_maint,spec_juris_cd,tcd_func_cd,tfc_detour_ind,workers_pres,wz_close_detour,wz_flagger,wz_law_offcr_ind,wz_ln_closure,wz_moving,wz_other,wz_shlder_mdn,vehicle_count,automobile_count,motorcycle_count,bus_count,small_truck_count,heavy_truck_count,suv_count,van_count,bicycle_count,maj_inj_count,mod_inj_count,min_inj_count,tot_inj_count,unk_inj_deg_count,unk_inj_per_count,driver_count_16yr,driver_count_17yr,driver_count_18yr,driver_count_19yr,driver_count_20yr,driver_count_50_64yr,driver_count_65_74yr,driver_count_75plus,unbelted_occ_count,unb_death_count,unb_maj_inj_count,belted_death_count,belted_maj_inj_count,mcycle_death_count,mcycle_maj_inj_count,bicycle_death_count,bicycle_maj_inj_count,ped_count,ped_death_count,ped_maj_inj_count,max_severity_level,comm_veh_count,dec_lat,dec_long,rdwy_surf_type_cd,county_name
38504,427504,2014025608,6,67,67301,2014,2,7,1524,15,1,1,0,1,1, , ,N,0,0,0,3,0,1,2,2,N,N,40 01:26.823,75 01:52.190,1546, ,1535, ,0, ,N, ,0, , , , , , , , , ,2,1,0,0,0,0,1,0,0,0,0,0,1,1,0,0,0,0,0,0,0,1,0,0,0,0,0,0,0,0,0,0,0,0,0,8,0,40.0241,-75.0312, , 
38505,427507,2014028037,6,67,67301,2014,3,5,1500,15,1,1,0,8,1, , ,N,1,2,0,3,0,1,3,2,N,N,39 58:40.787,75 09:09.269,1505, ,1504, ,0, ,N, ,3, , , , , , , , , ,1,0,0,0,0,0,0,1,0,0,1,0,1,0,0,0,1,0,0,0,0,0,0,0,0,0,0,0,0,0,0,0,1,0,0,3,0,39.9779,-75.1526, , 
38506,427522,2014042688,6,67,67301,2014,3,1,100,1,3,1,0,6,6, , ,N,0,0,0,3,0,0,1,4,N,N,39 58:46.160,75 08:12.948,115, ,109, ,0, ,N, ,0, , , , , , , , , ,4,2,0,0,0,0,2,0,0,0,0,0,0,0,1,0,0,0,0,0,0,0,0,0,0,0,0,0,0,0,0,0,0,0,0,9,0,39.9795,-75.1369, , 
38507,427534,2014059005,6,67,67301,2014,5,1,1321,13,1,1,0,8,1, , ,N,0,0,0,3,0,1,3,2,N, ,39 59:14.168,75 10:15.355,1335, ,1330, ,0, , , ,0, , , , , , , , , ,1,1,0,0,0,0,0,0,0,0,0,0,1,1,0,0,0,0,0,0,0,0,0,0,0,0,0,0,0,0,0,0,1,0,0,8,0,39.9873,-75.1709, , 
38508,427543,2014068022,6,67,67301,2014,5,4,1528,15,1,2,1,4,1, , ,N,2,3,0,3,0,0,2,2,N,N,40 00:54.950,75 11:53.843,1540, ,1535, ,0, ,N, ,3, , , , , , , , , ,2,1,0,0,0,0,1,0,0,0,0,0,0,0,0,0,0,0,0,0,0,0,0,0,0,0,0,0,0,0,0,0,0,0,0,0,0,40.0153,-75.1983, , 
38509,427544,2014068083,6,67,67301,2014,5,7,350,3,3,1,0,6,1, , ,N,2,0,0,3,0,0,3,2,N,N,39 58:51.223,75 05:58.785,431, ,427, ,0, ,N, ,0, , , , , , , , , ,2,1,0,0,0,1,0,0,0,0,0,0,0,0,0,0,0,0,0,0,0,0,0,2,0,0,0,0,0,0,0,0,0,0,0,0,0,39.9809,-75.0997, , 
38510,427545,2014068158,6,67,67301,2014,6,2,653,6,1,1,0,8,1, , ,N,1,3,0,3,0,1,2,2,N,N,39 55:01.315,75 13:53.882,830, ,821, ,0, ,N, ,3, , , , , , , , , ,1,1,0,0,0,0,0,0,0,0,0,1,1,0,0,0,0,0,0,0,0,0,0,0,0,0,0,0,0,0,0,0,1,0,0,4,0,39.917,-75.2316, , 
38511,427604,2014021557,6,67,67301,2014,1,6,723,7,1,1,0,8,1, , ,N,1,2,0,3,0,1,3,2,N,N,39 55:18.821,75 10:13.026,727, ,723, ,0, ,N, ,3, , , , , , , , , ,1,0,0,0,1,0,0,0,0,0,1,0,1,0,0,0,0,0,0,0,0,0,0,0,0,0,0,0,0,0,0,0,1,0,0,3,0,39.9219,-75.1702, , 
38512,427625,2014051187,6,67,67301,2014,5,6,1540,15,1,2,1,1,1, , ,N,0,0,0,3,0,1,2,2,N,N,39 57:26.923,75 09:02.471,1606, ,1602, ,0, ,N, ,0, , , , , , , , , ,2,1,0,0,0,0,1,0,0,0,0,1,1,0,0,0,0,0,0,0,0,0,0,0,0,0,0,0,0,0,0,0,0,0,0,4,0,39.9575,-75.1507, , 
38513,427628,2014054559,6,67,67301,2014,2,6,2207,22,3,1,0,4,1, , ,N,1,2,0,3,0,1,6,2,N,N,40 00:28.592,75 10:20.286,2215, ,2208,3,2,5, , ,3,Y, , , , , , , , ,2,1,0,0,0,1,0,0,0,0,1,0,1,0,0,0,0,0,0,0,1,0,0,0,0,0,0,0,0,0,0,0,0,0,0,3,1,40.0079,-75.1723, , 
38514,416997,2014025373,6,67,67301,2014,1,4,1316,13,1,4,3,7,4, , ,N,0,0,1,3,0,1,1,1,N,N,40 01:52.795,75 05:07.346,1318, ,1317, ,0, , , ,0, , , , , , , , , ,1,1,0,0,0,0,0,0,0,0,0,1,1,0,0,0,0,0,0,1,0,0,0,0,0,0,0,0,0,0,0,0,0,0,0,4,0,40.0313,-75.0854, , 
38515,417020,2014054546,6,67,67301,2014,4,5,810,8,1,1,0,2,1, , ,N,0,0,0,3,0,2,2,2,N,N,40 06:42.112,75 01:07.550,816, ,815,1,1,5,N, ,0,Y, , , , , , , , ,2,0,0,0,1,0,1,0,0,0,1,1,2,0,0,0,0,0,0,0,0,0,0,0,0,0,0,0,0,0,0,0,0,0,0,3,0,40.1117,-75.0188, , 
38516,417039,2014019958,6,67,67301,2014,2,3,640,6,5,1,0,1,1, , ,N,0,0,0,3,0,1,4,4,Y,N,39 59:43.656,75 11:51.882,650, ,640,2,2,3,N, ,0,N, , , , , , , , ,4,0,0,1,1,1,1,0,0,0,0,0,1,1,0,0,0,0,0,0,1,0,0,0,0,0,0,0,0,0,0,0,0,0,0,8,2,39.9955,-75.1977, , 
38517,417051,2014034267,6,67,67301,2014,2,4,950,9,1,4,6,1,1, , ,N,1,2,0,3,0,2,6,2,N,N,39 59:16.868,75 08:41.384,950, ,952, ,0, ,N, ,3, , , , , , , , , ,2,2,0,0,0,0,0,0,0,0,0,0,2,2,1,0,0,0,0,0,0,0,0,0,0,0,0,0,0,0,0,0,0,0,0,8,0,39.988,-75.1448, , 
38518,417105,2014029867,6,67,67301,2014,2,2,819,8,1,4,5,5,1, , ,N,0,3,0,3,0,1,12,2,N, ,40 00:01.982,75 05:48.492,822, ,819,3,2,6, , ,3,Y, , , , , , , , ,2,0,0,1,0,1,0,0,0,0,0,1,1,0,0,0,0,0,0,0,0,0,0,0,0,0,0,0,0,0,0,0,0,0,0,4,2,40.0006,-75.0968, , 
38519,417114,2014039054,6,67,67301,2014,3,2,900,9,1,1,0,8,1, , ,N,1,2,0,3,0,1,2,2,N,Y,40 03:20.764,75 09:31.951,904, ,902, ,0, ,N, ,3, , , , , , , , , ,1,1,0,0,0,0,0,0,0,0,0,1,1,0,0,0,0,0,0,0,0,0,0,0,0,0,0,0,0,0,0,0,1,0,0,4,0,40.0558,-75.1589, , 
38520,417122,2014044570,6,67,67301,2014,3,2,1030,10,1,4,6,7,4, , ,N,0,0,0,3,0,1,1,1,N,N,39 57:04.508,75 10:46.472,1046, ,1039, ,0, , , ,0, , , , , , , , , ,1,1,0,0,0,0,0,0,0,0,0,1,1,0,0,0,0,0,0,0,0,0,0,0,0,0,0,0,0,0,0,0,0,0,0,4,0,39.9513,-75.1796, , 
38521,417142,2014019154,6,67,67301,2014,1,3,1755,17,3,2,1,8,1, , ,N,1,2,0,3,0,1,2,2,N,N,39 56:23.917,75 12:49.859,1820, ,1813, ,0, ,N, ,3, , , , , , , , , ,1,1,0,0,0,0,0,0,0,0,0,1,1,0,1,0,0,0,0,0,0,0,0,0,0,0,0,0,0,0,0,0,1,0,0,4,0,39.94,-75.2138, , 
38522,417144,2014025418,6,67,67301,2014,1,5,2325,23,3,1,0,2,1, , ,N,0,0,0,3,0,1,1,2,N, ,40 03:50.290,75 00:11.960,2334, ,2330, ,0, , , ,0, , , , , , , , , ,2,2,0,0,0,0,0,0,0,0,0,0,1,1,0,0,0,0,0,0,1,0,0,0,0,0,0,0,0,0,0,0,0,0,0,8,0,40.064,-75.0033, , 
38523,417146,2014029195,6,67,67301,2014,3,1,1417,14,1,1,0,1,1, , ,N,0,0,0,3,0,1,5,3,N,N,39 58:47.748,75 06:23.078,1426, ,1420, ,0, ,N, ,0, , , , , , , , , ,3,3,0,0,0,0,0,0,0,0,0,0,1,1,0,0,0,0,0,0,0,0,0,0,0,0,0,0,0,0,0,0,0,0,0,8,0,39.9799,-75.1064, , 
38524,417164,2014042742,6,67,67301,2014,3,2,755,7,1,4,3,1,1, , ,N,5,2,0,3,0,3,13,2,Y, ,40 00:17.776,75 10:43.375,805, ,758, ,0, , , ,3, , , , , , , , , ,2,0,0,1,0,0,0,1,0,0,0,3,3,0,0,0,0,0,0,0,0,0,0,0,0,0,0,0,0,0,0,0,0,0,0,4,1,40.005,-75.1786, , 
38525,417165,2014043048,6,67,67301,2014,3,7,1750,17,1,1,0,1,1, , ,N,0,0,0,3,0,1,4,3,N,N,40 02:21.393,75 06:36.264,1800, ,1758, ,0, ,N, ,0, , , , , , , , , ,3,1,0,0,0,0,1,1,0,0,0,1,1,0,0,0,0,0,0,0,0,0,0,0,0,0,0,0,0,0,0,0,0,0,0,4,0,40.0393,-75.1101, , 
38526,417171,2014049712,6,67,67301,2014,4,3,1904,19,1,1,0,5,6, , ,N,0,0,0,3,0,0,1,3,N, ,40 00:57.765,75 03:50.176,2000, ,1956, ,0, , , ,0, , , , , , , , , ,3,3,0,0,0,0,0,0,0,0,0,0,0,0,0,0,0,0,0,0,0,0,0,0,0,0,0,0,0,0,0,0,0,0,0,0,0,40.016,-75.0639, , 
38527,417199,2014034277,6,67,67301,2014,2,5,1911,19,3,1,0,1,6, , ,N,0,0,0,3,0,1,2,4,N,N,39 58:38.768,75 07:53.170,1911, ,1911, ,0, ,N, ,0, , , , , , , , , ,4,3,0,0,0,0,1,0,0,0,0,1,1,0,0,0,0,0,0,0,0,0,0,0,0,0,0,0,0,0,0,0,0,0,0,4,0,39.9774,-75.1314, , 
38528,417200,2014034900,6,67,67301,2014,3,2,441,4,2,4,3,0,1, , ,N,0,0,3,3,0,0,1,1,N,N,39 55:42.311,75 08:46.537,451, ,442,3,1,1,N, ,0,N, , , , , , , , ,1,0,0,0,0,1,0,0,0,0,0,0,0,0,0,0,0,0,0,0,0,0,0,0,0,0,0,0,0,0,0,0,0,0,0,0,1,39.9284,-75.1463, , 
38529,417201,2014038959,6,67,67301,2014,3,3,1645,16,1,1,0,4,1, , ,N,0,0,7,3,0,1,3,2,N,N,40 01:28.586,75 08:52.024,1740, ,1730, ,0, ,N, ,0, , , , , , , , , ,2,2,0,0,0,0,0,0,0,0,0,0,1,1,1,0,0,0,0,0,1,0,0,0,0,0,0,0,0,0,0,0,0,0,0,8,0,40.0246,-75.1478, , 
38530,417205,2014042730,6,67,67301,2014,3,3,750,7,1,1,0,8,1, , ,N,1,2,0,3,0,1,2,2,N,N,39 58:43.230,75 09:28.092,750, ,750,1,1,3,N, ,3,N, , , , , , , , ,1,0,0,0,1,0,0,0,0,0,0,1,1,0,0,0,0,0,0,0,0,0,0,0,0,0,0,0,0,0,0,0,1,0,0,4,0,39.9787,-75.1578, , 
38531,417213,2014048553,6,67,67301,2014,5,1,1753,17,1,1,0,1,1, , ,N,0,0,0,3,0,1,4,2,N,N,39 57:30.407,75 10:02.439,1807, ,1757, ,0, ,N, ,0, , , , , , , , , ,2,1,0,0,0,0,0,1,0,0,0,0,1,1,0,0,0,0,0,0,0,1,0,0,0,0,0,0,0,0,0,0,0,0,0,8,0,39.9584,-75.1673, , 
38532,421152,2014032510,6,67,67301,2014,2,3,1050,10,1,4,5,8,1, , ,N,0,0,0,3,0,1,1,2,N, ,40 03:20.083,75 11:08.470,1100, ,1054, ,0, , , ,0, , , , , , , , , ,1,0,0,0,0,0,0,1,0,0,0,1,1,0,0,0,0,0,0,0,0,0,0,0,0,0,0,0,0,0,0,0,1,0,0,4,0,40.0556,-75.1857, , 
38533,421155,2014035700,6,67,67301,2014,3,1,836,8,1,1,0,7,3, , ,N,0,0,0,3,0,0,1,1,N,N,40 01:11.100,75 08:54.721,844, ,833,1,2,2, , ,0,N, , , , , , , , ,1,1,0,0,0,0,0,0,0,0,0,0,0,0,0,0,0,0,0,1,0,0,0,0,0,0,0,0,0,0,0,0,0,0,0,0,0,40.0198,-75.1485, , 
38534,421164,2014043041,6,67,67301,2014,3,7,500,5,3,1,0,5,6, , ,N,0,0,0,3,0,0,1,2,N, ,40 00:07.639,75 10:10.293,9999, ,9999, ,0, , , ,0, , , , , , , , , ,2,1,0,0,0,0,1,0,0,0,0,0,0,0,0,0,0,0,0,0,0,0,0,0,0,0,0,0,0,0,0,0,0,0,0,0,0,40.0021,-75.1695, , 
38535,421250,2014032381,6,67,67301,2014,2,1,330,3,3,4,6,6,6, , ,N,0,0,0,3,0,0,1,2,N, ,39 59:03.520,75 09:11.770,330, ,333, ,0, , , ,0, , , , , , , , , ,2,0,0,0,2,0,0,0,0,0,0,0,0,0,0,0,0,0,0,0,1,0,0,0,0,0,0,0,0,0,0,0,0,0,0,0,0,39.9843,-75.1533, , 
38536,421258,2014039370,6,67,67301,2014,3,2,1450,14,1,4,4,2,1, , ,N,0,0,0,3,0,4,5,4,N,N,40 03:15.893,75 00:30.587,1503, ,1458, ,0, , , ,0, , , , , , , , , ,4,1,0,0,2,0,1,0,0,0,0,4,4,0,0,0,0,0,0,0,2,0,0,4,0,0,0,0,0,0,0,0,0,0,0,4,0,40.0544,-75.0085, , 
38537,421306,2014042697,6,67,67301,2014,3,6,933,9,1,2,1,8,1, , ,N,1,0,0,3,0,1,2,2,N,N,40 02:32.695,75 06:18.240,943, ,935, ,0, ,N, ,0, , , , , , , , , ,1,0,0,0,0,0,0,1,0,0,0,1,1,0,0,0,0,0,0,0,0,0,0,0,0,0,0,0,0,0,0,0,1,0,0,4,0,40.0424,-75.1051, , 
38538,421308,2014043181,6,67,67301,2014,4,1,1754,17,1,1,0,0,1, , ,N,0,0,0,3,0,0,1,1,N,N,40 00:48.406,75 03:25.770,1756, ,1754,1,2,1,N, ,0,N, , , , , , , , ,1,1,0,0,0,0,0,0,0,0,0,0,0,0,0,0,0,0,0,0,0,0,1,0,0,0,0,0,0,0,0,0,0,0,0,0,0,40.0134,-75.0572, , 
38539,421321,2014059255,6,67,67301,2014,5,6,1940,19,4,1,0,5,6, , ,N,0,0,0,3,0,3,4,3,N,N,39 56:37.215,75 14:46.462,2006, ,1944,2,1,4,N, ,0,Y, , , , , , , , ,3,1,0,0,0,0,1,0,0,0,0,0,3,3,0,0,0,0,0,0,0,0,0,0,0,0,0,0,0,0,0,0,0,0,0,8,0,39.9437,-75.2462, , 
38540,421386,2014081427,6,67,67301,2014,6,1,1145,11,1,1,0,5,6, , ,N,0,0,0,3,0,0,2,3,N,N,39 59:43.418,75 06:08.010,1150, ,1150, ,0, ,N, ,0, , , , , , , , , ,2,1,0,0,0,0,1,0,0,0,0,0,0,0,0,0,0,0,0,0,0,0,0,0,0,0,0,0,0,0,0,0,0,0,0,0,0,39.9954,-75.1022, , 
38541,421393,2014088667,6,67,67301,2014,7,7,302,3,3,1,0,1,1, , ,N,0,0,0,3,0,1,2,2,N,N,39 59:55.665,75 13:53.453,318, ,316,9,1,3, , ,0,N, , , , , , , , ,2,0,1,0,0,0,1,0,0,0,1,0,1,0,0,0,0,0,0,0,0,0,0,0,0,0,0,0,0,0,0,0,0,0,0,3,0,39.9988,-75.2315, , 
38542,421395,2014089352,6,67,67301,2014,8,7,1245,12,1,1,0,4,1, , ,N,0,0,0,3,0,0,1,2,N,N,40 01:42.482,75 03:40.089,1345, ,1340,2,2,3,N, ,0,Y, , , , , , , , ,2,1,0,0,0,0,0,1,0,0,0,0,0,0,0,0,0,0,0,0,1,0,0,0,0,0,0,0,0,0,0,0,0,0,0,0,0,40.0285,-75.0611, , 
38543,421403,2014096395,6,67,67301,2014,9,6,1741,17,1,1,0,1,1, , ,N,0,0,0,3,0,1,7,3,N,N,40 05:00.679,75 02:21.495,1743, ,1741,1,1,1,N, ,0,N, , , , , , , , ,3,2,0,0,0,0,1,0,0,0,0,0,1,1,0,0,0,0,0,0,0,0,0,0,0,0,0,0,0,0,0,0,0,0,0,8,0,40.0823,-75.0407, , 
38544,421404,2014096411,6,67,67301,2014,9,2,2340,23,3,1,0,4,1, , ,N,1,3,0,3,0,0,4,2,N, ,40 00:31.212,75 09:34.394,5, ,2354, ,0, , , ,3, , , , , , , , , ,2,1,0,0,0,0,1,0,0,0,0,0,0,0,4,0,0,0,0,0,0,0,0,0,0,0,0,0,0,0,0,0,0,0,0,9,0,40.0087,-75.1596, , 
38545,421432,2014020018,6,67,67301,2014,1,3,1905,19,3,1,0,1,1, , ,N,0,0,0,3,0,0,3,2,N,N,40 00:01.070,75 11:42.527,1915, ,1909, ,0, ,N, ,0, , , , , , , , , ,2,1,0,0,1,0,0,0,0,0,0,0,0,0,0,0,0,0,0,0,0,0,0,0,0,0,0,0,0,0,0,0,0,0,0,0,0,40.0003,-75.1951, , 
38546,421445,2014025492,6,67,67301,2014,1,2,132,1,3,1,0,8,1, , ,N,1,2,0,3,0,1,2,2,N,N,39 56:54.970,75 10:03.935,1200, ,1200, ,0, ,N, ,3, , , , , , , , , ,1,1,0,0,0,0,0,0,0,0,1,0,1,0,0,0,0,0,0,0,0,0,0,0,0,0,0,0,0,0,0,0,1,0,0,3,0,39.9486,-75.1678, , 
38547,421447,2014030288,6,67,67301,2014,2,3,300,3,3,4,5,7,4, , ,N,1,2,0,3,0,0,4,1,N,N,39 56:45.881,75 14:31.459,1900, ,1900, ,0, ,N, ,3, , , , , , , , , ,1,1,0,0,0,0,0,0,0,0,0,0,0,0,0,0,0,0,0,0,0,0,0,0,0,0,0,0,0,0,0,0,0,0,0,0,0,39.9461,-75.2421, , 
38548,421453,2014039351,6,67,67301,2014,3,2,559,5,1,3,4,4,1, , ,N,3,2,0,3,0,1,3,3,Y, ,40 00:05.133,75 04:54.196,600, ,559, ,0, , , ,3, , , , , , , , , ,3,1,0,1,0,0,0,1,0,0,0,1,1,0,0,0,0,0,0,0,1,0,0,1,0,0,0,0,0,0,0,0,0,0,0,4,1,40.0014,-75.0816, , 
38549,421460,2014049811,6,67,67301,2014,4,3,1535,15,1,2,1,4,1, , ,N,0,0,7,3,0,1,2,2,N,N,39 58:13.266,75 09:39.490,1944, ,1944, ,0, , , ,0, , , , , , , , , ,2,1,0,0,0,0,1,0,0,0,0,1,1,0,0,0,0,0,0,0,0,0,0,0,0,0,0,0,0,0,0,0,0,0,0,4,0,39.9704,-75.161, , 
38550,421493,2014032379,6,67,67301,2014,2,7,1147,11,1,1,0,8,1, , ,N,1,2,0,3,0,1,5,2,N, ,39 57:20.808,75 09:32.558,1148, ,1148, ,0, , , ,3, , , , , , , , , ,1,1,0,0,0,0,0,0,0,0,0,0,1,1,0,0,0,0,0,0,0,0,0,0,0,0,0,0,0,0,0,0,1,0,0,8,0,39.9558,-75.159, , 
38551,425536,2014034263,6,67,67301,2014,3,3,1845,18,3,1,0,4,1, , ,N,1,2,0,3,0,1,2,2,N,N,40 01:50.847,75 06:43.088,1913, ,1907, ,0, ,N, ,3, , , , , , , , , ,2,1,0,0,1,0,0,0,0,0,0,1,1,0,0,0,0,0,0,0,0,0,0,0,0,0,0,0,0,0,0,0,0,0,0,4,0,40.0308,-75.112, , 
38552,425551,2014050273,6,67,67301,2014,4,2,1245,12,1,1,0,1,1, , ,N,0,0,0,3,0,1,3,2,N, ,40 03:52.964,74 59:57.876,9999, ,9999, ,0, , , ,0, , , , , , , , , ,2,0,0,0,1,0,1,0,0,1,0,0,1,0,0,0,0,0,0,0,1,1,0,0,0,0,0,0,0,0,0,0,0,0,0,2,0,40.0647,-74.9994, , 
38553,425580,2014029833,6,67,67301,2014,2,6,210,2,3,1,0,4,1, , ,N,1,2,0,3,0,0,3,2,N,N,40 00:35.379,75 09:03.622,213, ,213,2,1,1,N, ,3,N, , , , , , , , ,2,1,0,0,0,0,1,0,0,0,0,0,0,0,0,0,0,0,0,0,0,0,0,0,0,0,0,0,0,0,0,0,0,0,0,0,0,40.0098,-75.151, , 
38554,425589,2014038960,6,67,67301,2014,2,7,430,4,3,1,1,4,1, , ,N,0,0,0,3,0,1,2,2,N,N,39 58:35.676,75 13:31.430,438, ,434,1,1,4,N, ,0,N, , , , , , , , ,2,1,0,0,0,0,0,0,0,0,0,1,1,0,1,0,0,0,0,0,0,0,0,0,0,0,0,0,0,0,0,0,0,0,0,4,0,39.9766,-75.2254, , 
38555,425593,2014044566,6,67,67301,2014,3,5,1035,10,1,1,0,4,1, , ,N,1,2,0,3,0,1,2,2,N, ,39 57:19.443,75 10:16.111,1050, ,1045,2,2,4,N, ,3,Y, , , , , , , , ,2,1,0,0,0,0,1,0,0,0,0,1,1,0,0,0,0,0,0,0,0,0,0,0,0,0,0,0,0,0,0,0,0,0,0,4,0,39.9554,-75.1711, , 
38556,425596,2014052129,6,67,67301,2014,5,3,1718,17,1,1,0,1,1, , ,N,0,0,0,3,0,2,3,2,N,N,39 58:51.720,75 12:23.006,1753, ,1719, ,0, ,N, ,0, , , , , , , , , ,2,2,0,0,0,0,0,0,0,0,0,0,2,2,0,0,0,0,0,0,0,0,0,0,0,0,0,0,0,0,0,0,0,0,0,8,0,39.981,-75.2064, , 
38557,425598,2014054548,6,67,67301,2014,4,4,820,8,1,1,0,1,1, , ,N,0,0,0,3,0,3,3,2,N, ,40 05:38.761,75 03:05.267,825, ,820,2,2,2, , ,0,N, , , , , , , , ,2,0,0,0,1,1,0,0,0,0,0,0,3,3,0,0,0,0,0,0,0,0,0,1,0,0,0,0,0,0,0,0,0,0,0,8,1,40.0941,-75.0515, , 
38558,425602,2014059037,6,67,67301,2014,5,2,820,8,1,1,0,5,1, , ,N,0,0,0,3,0,1,3,3,N,N,39 58:25.325,75 12:27.371,836, ,824,1,2,3,N, ,0,Y, , , , , , , , ,3,2,0,0,0,0,0,0,0,0,0,1,1,0,0,0,0,0,0,0,0,0,0,0,0,0,0,0,0,0,0,0,0,0,0,4,0,39.9737,-75.2076, , 
38559,425603,2014059221,6,67,67301,2014,5,3,1620,16,1,1,0,5,1, , ,N,0,0,0,3,0,1,2,2,N,N,40 01:26.927,75 07:59.545,1630, ,1625,1,2,2,N, ,0,Y, , , , , , , , ,2,0,0,0,0,0,2,0,0,0,0,1,1,0,0,0,0,0,0,0,0,1,0,0,0,0,0,0,0,0,0,0,0,0,0,4,0,40.0241,-75.1332, , 
38560,425624,2014021656,6,67,67301,2014,2,4,230,2,3,1,0,7,2, , ,N,0,0,0,3,0,1,1,1,N,N,39 56:39.224,75 11:30.864,236, ,230,1,1,3,N, ,0,Y, , , , , , , , ,1,1,0,0,0,0,0,0,0,0,0,0,1,1,0,0,0,0,0,0,0,0,0,1,0,0,0,0,0,0,0,0,0,0,0,8,0,39.9428,-75.1933, , 
38561,425676,2014018201,6,67,67301,2014,2,5,817,8,1,1,0,1,1, , ,N,0,0,0,3,0,0,3,3,N,N,40 00:49.183,75 03:25.833,822, ,822, ,0, ,N, ,0, , , , , , , , , ,3,2,0,0,0,0,1,0,0,0,0,0,0,0,0,0,0,0,0,0,0,0,0,0,0,0,0,0,0,0,0,0,0,0,0,0,0,40.0137,-75.0572, , 
38562,425680,2014021125,6,67,67301,2014,2,7,1646,16,1,1,0,1,1, , ,N,0,0,0,3,0,0,2,2,N,N,40 00:06.359,75 04:42.678,1702, ,1647,1,1,1,N, ,0,N, , , , , , , , ,2,1,0,0,0,1,0,0,0,0,0,0,0,0,0,0,0,0,0,0,1,0,0,0,0,0,0,0,0,0,0,0,0,0,0,0,0,40.0018,-75.0785, , 
38563,425695,2014034168,6,67,67301,2014,2,3,9999,99,3,1,0,4,1, , ,N,1,2,0,3,0,1,2,2,N,N,39 55:45.425,75 10:06.785,2022, ,2020, ,0, , , ,3, , , , , , , , , ,1,1,0,0,0,0,0,0,1,0,0,0,1,1,0,0,0,0,0,0,0,0,0,0,0,0,0,0,0,0,0,0,0,0,0,8,0,39.9293,-75.1686, , 
38564,425703,2014042645,6,67,67301,2014,3,7,9999,99,3,1,0,1,1, , ,N,0,0,0,3,0,0,3,3,N,N,40 02:22.584,75 03:35.407,2045, ,2040, ,0, ,N, ,0, , , , , , , , , ,3,1,0,0,1,0,1,0,0,0,0,0,0,0,0,0,0,0,0,0,1,0,0,1,0,0,0,0,0,0,0,0,0,0,0,0,0,40.0396,-75.0598, , 
38565,425736,2014039030,6,67,67301,2014,3,1,9,0,3,1,0,5,6, , ,N,0,0,0,3,0,0,1,6,N, ,40 01:52.812,75 12:48.387,18, ,9, ,0, , , ,0, , , , , , , , , ,6,2,0,0,3,0,1,0,0,0,0,0,0,0,0,0,0,0,0,0,0,0,0,0,0,0,0,0,0,0,0,0,0,0,0,0,0,40.0313,-75.2134, , 
38566,425739,2014040908,6,67,67301,2014,4,3,1735,17,1,2,1,1,1, , ,N,0,0,0,3,0,1,2,2,N,N,39 59:22.480,75 05:14.165,1753, ,1741,1,1,1,N, ,0,N, , , , , , , , ,2,1,0,0,0,0,1,0,0,0,0,1,1,0,0,0,0,0,0,0,0,0,0,0,0,0,0,0,0,0,0,0,0,0,0,4,0,39.9896,-75.0873, , 
38567,425746,2014049602,6,67,67301,2014,4,4,720,7,1,1,0,8,1, , ,N,1,2,0,3,0,1,2,2,N,N,40 02:43.800,75 09:53.514,728, ,722, ,0, , , ,3, , , , , , , , , ,1,1,0,0,0,0,0,0,0,0,0,1,1,0,1,0,0,0,0,0,0,0,0,0,0,0,0,0,0,0,0,0,1,0,0,4,0,40.0455,-75.1649, , 
38568,425768,2014016126,6,67,67301,2014,1,6,1840,18,3,2,1,4,1, , ,N,1,2,0,3,0,1,2,3,N, ,40 03:02.755,75 08:55.321,1840, ,1840,2,2,7, , ,3,Y, , , , , , , , ,3,1,0,0,1,0,1,0,0,0,0,1,1,0,0,0,0,0,0,0,2,0,0,0,0,0,0,0,0,0,0,0,0,0,0,4,0,40.0507,-75.1487, , 
38569,428967,2014049575,6,67,67301,2014,4,5,2210,22,3,1,0,4,1, , ,N,1,2,0,3,0,1,3,2,N,N,40 02:51.581,75 03:35.828,2210, ,2200, ,0, ,N, ,3, , , , , , , , , ,2,2,0,0,0,0,0,0,0,0,0,0,1,1,0,0,0,0,0,0,0,0,0,0,0,0,0,0,0,0,0,0,0,0,0,8,0,40.0477,-75.06, , 
38570,429007,2014064844,6,67,67301,2014,6,4,839,8,1,1,0,5,1, , ,N,0,0,0,3,0,0,35,2,N,N,39 59:43.507,75 05:00.562,847, ,844,1,2,2,Y, ,0,N, , , , , , , , ,2,0,0,1,0,0,1,0,0,0,0,0,0,0,0,0,0,0,0,0,0,0,0,0,0,0,0,0,0,0,0,0,0,0,0,0,1,39.9954,-75.0835, , 