objectid_1,objectid,crn,district,county,municipality,crash_year,crash_month,day_of_week,time_of_day,hour_of_day,illumination,weather,road_condition,collision_type,relation_to_road,work_zone_type,work_zone_loc,work_zone_ind,intersect_type,tcd_type,location_type,urban_rural,fatal_count,injury_count,person_count,total_units,sch_bus_ind,sch_zone_ind,latitude,longitude,arrival_tm,cons_zone_spd_lim,dispatch_tm,est_hrs_closed,lane_closed,ln_close_dir,ntfy_hiwy_maint,spec_juris_cd,tcd_func_cd,tfc_detour_ind,workers_pres,wz_close_detour,wz_flagger,wz_law_offcr_ind,wz_ln_closure,wz_moving,wz_other,wz_shlder_mdn,vehicle_count,automobile_count,motorcycle_count,bus_count,small_truck_count,heavy_truck_count,suv_count,van_count,bicycle_count,maj_inj_count,mod_inj_count,min_inj_count,tot_inj_count,unk_inj_deg_count,unk_inj_per_count,driver_count_16yr,driver_count_17yr,driver_count_18yr,driver_count_19yr,driver_count_20yr,driver_count_50_64yr,driver_count_65_74yr,driver_count_75plus,unbelted_occ_count,unb_death_count,unb_maj_inj_count,belted_death_count,belted_maj_inj_count,mcycle_death_count,mcycle_maj_inj_count,bicycle_death_count,bicycle_maj_inj_count,ped_count,ped_death_count,ped_maj_inj_count,max_severity_level,comm_veh_count,dec_lat,dec_long,rdwy_surf_type_cd,county_name
38706,426019,2014028055,6,67,67301,2014,1,3,9999,99,1,4,3,1,1, , ,N,0,0,0,3,0,1,2,2,N,N,40 04:09.530,75 00:27.248,1040, ,1030, ,0, , , ,0, , , , , , , , , ,2,1,0,0,1,0,0,0,0,0,0,1,1,0,0,0,0,0,0,0,0,0,0,0,0,0,0,0,0,0,0,0,0,0,0,4,0,40.0693,-75.0076, , 
38707,426021,2014031993,6,67,67301,2014,2,6,1022,10,1,1,0,1,1, , ,N,0,0,0,3,0,0,3,3,N,N,40 01:28.539,75 07:49.598,1034, ,1031,1,1,2,N, ,0,N, , , , , , , , ,3,1,0,0,0,1,1,0,0,0,0,0,0,0,0,0,0,0,0,0,1,0,0,0,0,0,0,0,0,0,0,0,0,0,0,0,1,40.0246,-75.1304, , 
38708,426048,2014004282,6,67,67301,2014,1,6,733,7,1,3,5,7,3, , ,N,0,8,0,3,0,0,1,1,N,N,39 54:43.406,75 10:12.995,738, ,733,2,2,4,N, ,3,N, , , , , , , , ,1,1,0,0,0,0,0,0,0,0,0,0,0,0,0,0,0,0,0,0,0,0,0,0,0,0,0,0,0,0,0,0,0,0,0,0,0,39.9121,-75.1703, , 
38709,426050,2014010185,6,67,67301,2014,1,6,1735,17,3,1,0,1,1, , ,N,0,0,0,3,0,1,3,2,N,N,39 57:33.556,75 10:27.910,1809, ,1745,1,1,3,N, ,0,N, , , , , , , , ,2,1,0,0,1,0,0,0,0,0,0,1,1,0,0,0,0,0,0,0,0,0,0,0,0,0,0,0,0,0,0,0,0,0,0,4,0,39.9593,-75.1744, , 
38710,426058,2014019100,6,67,67301,2014,1,2,1730,17,1,1,0,7,4, , ,N,0,0,0,3,0,2,2,1,N,N,40 02:03.432,75 04:28.397,1740, ,1733, ,0, ,N, ,0, , , , , , , , , ,1,0,0,0,1,0,0,0,0,0,1,1,2,0,0,0,0,0,0,0,1,0,0,0,0,0,0,0,0,0,0,0,0,0,0,3,0,40.0343,-75.0746, , 
38711,426063,2014021565,6,67,67301,2014,1,3,1813,18,3,2,1,7,4, , ,N,2,3,0,3,0,0,3,1,N,N,39 56:42.961,75 08:35.170,1816, ,1813, ,0, ,N, ,3, , , , , , , , , ,1,1,0,0,0,0,0,0,0,0,0,0,0,0,0,0,0,0,1,0,0,0,0,1,0,0,0,0,0,0,0,0,0,0,0,0,0,39.9453,-75.1431, , 
38712,426114,2014025501,6,67,67301,2014,1,2,810,8,1,4,1,4,1, , ,N,2,2,6,3,0,0,2,2,N,N,39 53:57.390,75 10:29.307,835, ,817, ,0, ,N, ,3, , , , , , , , , ,2,1,0,0,0,0,1,0,0,0,0,0,0,0,0,0,0,0,0,0,1,0,0,1,0,0,0,0,0,0,0,0,0,0,0,0,0,39.8993,-75.1748, , 
38713,426121,2014038996,6,67,67301,2014,3,2,255,2,3,4,3,4,1, , ,N,1,0,0,3,0,0,2,3,N,N,39 57:24.200,75 13:24.793,300, ,255, ,0, , , ,0, , , , , , , , , ,3,2,0,0,0,0,1,0,0,0,0,0,0,0,0,0,0,0,0,0,0,0,0,0,0,0,0,0,0,0,0,0,0,0,0,0,0,39.9567,-75.2235, , 
38714,426123,2014042629,6,67,67301,2014,3,2,2115,21,3,1,0,5,1, , ,N,0,0,0,3,0,1,2,3,N,N,39 58:03.925,75 13:45.800,955, ,940, ,0, ,N, ,0, , , , , , , , , ,2,0,0,0,1,0,1,0,0,0,0,1,1,0,0,0,0,0,0,0,1,0,0,0,0,0,0,0,0,0,0,0,1,0,0,4,0,39.9678,-75.2294, , 
38715,426125,2014044621,6,67,67301,2014,3,2,1710,17,1,1,0,8,1, , ,N,1,2,0,3,0,1,2,2,N, ,40 00:11.393,75 09:08.837,1905, ,1847, ,0, , , ,3, , , , , , , , , ,1,1,0,0,0,0,0,0,0,0,0,0,1,1,0,0,0,0,0,0,0,0,0,0,0,0,0,0,0,0,0,0,1,0,0,8,0,40.0032,-75.1525, , 
38716,413905,2014014607,6,67,67301,2014,1,6,1223,12,1,1,0,7,4,1,2,Y,0,8,8,3,0,0,1,1,N,Y,39 54:39.188,75 08:55.033,1245,25,1228,1,1,1,N, ,3,N,N,N,N,N,N,N,N,Y,1,1,0,0,0,0,0,0,0,0,0,0,0,0,0,0,0,0,0,0,0,0,0,0,0,0,0,0,0,0,0,0,0,0,0,0,0,39.9109,-75.1486, , 
38717,413918,2014025393,6,67,67301,2014,1,2,9999,99,1,4,4,4,1, , ,N,1,2,0,3,0,0,2,2,N, ,39 59:38.349,75 07:48.907,1116, ,1113, ,0, , , ,3, , , , , , , , , ,2,0,0,0,0,1,0,1,0,0,0,0,0,0,0,0,0,0,0,0,0,0,0,0,0,0,0,0,0,0,0,0,0,0,0,0,1,39.994,-75.1303, , 
38718,413938,2014049836,6,67,67301,2014,4,7,1817,18,1,1,0,1,1, , ,N,1,2,0,3,0,1,2,2,N,N,40 01:34.840,75 05:50.934,1830, ,1820,1,1,1,N, ,3,N, , , , , , , , ,2,1,0,0,0,0,1,0,0,0,0,1,1,0,0,0,0,0,0,0,0,0,0,0,0,0,0,0,0,0,0,0,0,0,0,4,0,40.0263,-75.0975, , 
38719,413941,2014051839,6,67,67301,2014,5,7,1202,12,1,1,0,1,1, , ,N,0,0,0,3,0,0,3,2,N,N,39 57:30.515,75 10:03.343,1215, ,1203, ,0, ,N, ,0, , , , , , , , , ,2,1,0,0,0,0,1,0,0,0,0,0,0,0,0,0,0,0,0,0,0,0,0,0,0,0,0,0,0,0,0,0,0,0,0,0,0,39.9585,-75.1676, , 
38720,413963,2014024751,6,67,67301,2014,2,6,1335,13,1,1,0,1,1, , ,N,2,2,0,3,0,1,3,2,N,N,39 56:45.926,75 11:54.625,1352, ,1335,2,2,4,N, ,3,N, , , , , , , , ,2,0,0,0,2,0,0,0,0,0,0,0,1,1,0,0,0,0,0,0,0,0,0,1,0,0,0,0,0,0,0,0,0,0,0,8,0,39.9461,-75.1985, , 
38721,413979,2014039692,6,67,67301,2014,4,1,411,4,3,1,0,7,4, , ,N,1,2,0,3,0,0,1,1,N,N,40 03:04.263,75 07:06.962,413, ,411, ,0, ,N, ,3, , , , , , , , , ,1,0,0,0,0,0,0,1,0,0,0,0,0,0,1,0,0,0,0,0,0,0,0,0,0,0,0,0,0,0,0,0,0,0,0,9,0,40.0511,-75.1186, , 
38722,413981,2014043103,6,67,67301,2014,3,5,1517,15,1,1,0,4,1, , ,N,1,3,0,3,0,2,4,2,N,N,40 02:04.960,75 01:34.629,1519, ,1519,2,1,1,N, ,3,Y, , , , , , , , ,2,2,0,0,0,0,0,0,0,0,0,1,2,1,1,0,0,0,0,0,0,0,0,1,0,0,0,0,0,0,0,0,0,0,0,4,0,40.0347,-75.0263, , 
38723,413988,2014050274,6,67,67301,2014,4,5,1650,16,1,1,0,4,1, , ,N,2,2,7,3,0,4,4,2,N, ,40 04:44.486,75 01:30.863,1651, ,1651, ,0, , , ,3, , , , , , , , , ,2,0,0,0,0,0,2,0,0,0,0,3,4,1,0,0,0,0,0,1,0,0,0,0,0,0,0,0,0,0,0,0,0,0,0,4,0,40.0789,-75.0253, , 
38724,414005,2014016107,6,46,46102,2014,1,6,9999,99,1,8,5,5,1, , ,N,0,2,0,3,0,1,5,2,N,N,40 04:38.518,75 09:51.149,810, ,758, ,0, , , ,3, , , , , , , , , ,2,2,0,0,0,0,0,0,0,0,0,1,1,0,2,0,0,0,0,0,0,0,0,1,0,0,0,0,0,0,0,0,0,0,0,4,0,40.0774,-75.1642, , 
38725,414015,2014029876,6,67,67301,2014,1,3,1100,11,1,4,3,4,1, , ,N,1,2,0,3,0,0,6,2,N,N,39 58:00.185,75 09:37.919,1117, ,1107, ,0, , , ,3, , , , , , , , , ,2,2,0,0,0,0,0,0,0,0,0,0,0,0,1,0,0,0,0,0,0,0,0,0,0,0,0,0,0,0,0,0,0,0,0,9,0,39.9666,-75.1604, , 
38726,414075,2014034206,6,67,67301,2014,3,2,320,3,3,4,3,1,6, , ,N,0,0,0,3,0,0,1,3,N,N,40 06:51.469,75 00:55.234,345, ,330, ,0, , , ,0, , , , , , , , , ,3,1,0,0,0,0,2,0,0,0,0,0,0,0,0,0,0,0,0,0,0,0,0,0,0,0,0,0,0,0,0,0,0,0,0,0,0,40.1143,-75.0153, , 
38727,414076,2014034226,6,67,67301,2014,2,6,230,2,3,9,0,5,6, , ,N,0,0,0,3,0,3,3,2,N, ,40 01:01.015,75 09:05.437,245, ,241,9,1,2, , ,0,N, , , , , , , , ,2,2,0,0,0,0,0,0,0,0,0,0,3,3,0,0,0,0,0,0,0,0,0,1,0,0,0,0,0,0,0,0,0,0,0,8,0,40.0169,-75.1515, , 
38728,414081,2014044558,6,67,67301,2014,3,5,1350,13,1,1,0,1,6, , ,N,0,0,0,3,0,1,1,2,N,N,39 59:34.749,75 06:49.960,1353, ,1350, ,0, ,N, ,0, , , , , , , , , ,2,2,0,0,0,0,0,0,0,0,0,1,1,0,0,0,0,0,0,0,0,0,0,0,0,0,0,0,0,0,0,0,0,0,0,4,0,39.993,-75.1139, , 
38729,414115,2014024767,6,67,67301,2014,2,2,1506,15,1,1,0,1,1, , ,N,0,0,6,3,0,0,3,2,N,N,39 57:36.227,75 10:51.908,1532, ,1509, ,0, ,N, ,0, , , , , , , , , ,2,1,0,0,0,0,1,0,0,0,0,0,0,0,0,0,0,0,0,0,1,0,0,0,0,0,0,0,0,0,0,0,0,0,0,0,0,39.9601,-75.1811, , 
38730,414119,2014032378,6,67,67301,2014,2,7,30,0,3,1,1,7,4, , ,N,5,2,0,3,0,0,1,1,N,N,39 57:25.876,75 08:31.298,45, ,45,2,1,3,Y, ,3,N, , , , , , , , ,1,1,0,0,0,0,0,0,0,0,0,0,0,0,1,0,0,0,0,0,0,0,0,0,0,0,0,0,0,0,0,0,0,0,0,9,0,39.9567,-75.1423, , 
38731,414120,2014032489,6,67,67301,2014,2,2,1259,12,1,8,1,1,1, , ,N,0,0,0,3,0,2,3,4,N,N,40 01:30.849,75 10:02.594,1306, ,1300,2,2,5,N, ,0,Y, , , , , , , , ,4,1,0,0,0,1,2,0,0,0,0,0,2,2,0,0,0,0,0,0,1,1,0,0,0,0,0,0,0,0,0,0,0,0,0,8,1,40.0252,-75.1674, , 
38732,414134,2014050279,6,67,67301,2014,4,2,1320,13,1,1,0,1,1, , ,N,5,2,0,3,0,0,3,3,N,N,40 03:27.557,75 09:57.853,1355, ,1330, ,0, ,N, ,3, , , , , , , , , ,3,3,0,0,0,0,0,0,0,0,0,0,0,0,0,0,0,0,0,0,1,2,0,3,0,0,0,0,0,0,0,0,0,0,0,0,0,40.0577,-75.1661, , 
38733,414199,2014025515,6,67,67301,2014,1,6,1700,17,4,1,1,4,1, , ,N,1,2,0,3,0,1,2,2,N, ,40 00:00.102,75 09:11.758,1700, ,1700, ,0, , , ,3, , , , , , , , , ,2,1,0,0,0,0,0,1,0,0,0,1,1,0,1,0,0,0,0,0,0,0,0,0,0,0,0,0,0,0,0,0,0,0,0,4,0,40,-75.1531, , 
38734,417821,2014025323,6,67,67301,2014,1,5,1145,11,1,1,0,1,1, , ,N,0,0,0,3,0,1,2,2,N,N,40 01:00.630,75 10:26.060,1200, ,1150,1,1,3,N, ,0,N, , , , , , , , ,2,1,0,0,0,0,1,0,0,0,0,1,1,0,0,0,0,0,0,0,1,1,0,0,0,0,0,0,0,0,0,0,0,0,0,4,0,40.0168,-75.1739, , 
38735,417925,2014039040,6,67,67301,2014,3,5,950,9,1,1,0,5,1, , ,N,0,0,0,3,0,1,2,2,N,N,39 58:54.874,75 07:37.797,1100, ,1055, ,0, ,N, ,0, , , , , , , , , ,1,1,0,0,0,0,0,0,1,0,0,1,1,0,1,0,0,0,0,0,0,0,0,0,0,0,0,0,0,0,0,0,0,0,0,4,0,39.9819,-75.1272, , 
38736,417942,2014068689,6,67,67301,2014,5,5,2032,20,3,1,0,8,1, , ,N,1,2,0,3,0,1,3,2,N,N,39 57:46.033,75 14:04.433,2035, ,2034,1,1,1,N, ,3,N, , , , , , , , ,1,0,0,0,0,0,1,0,0,0,0,0,1,1,0,0,0,0,0,0,0,1,0,1,0,0,0,0,0,0,0,0,1,0,0,8,0,39.9628,-75.2346, , 
38737,417956,2014016953,6,67,67301,2014,1,4,1508,15,1,1,0,4,1, , ,N,1,2,0,3,0,2,2,2,N, ,39 57:15.980,75 12:18.387,1512, ,1510, ,0, ,N, ,3, , , , , , , , , ,2,1,0,0,1,0,0,0,0,0,0,2,2,0,0,0,0,0,0,0,0,0,0,0,0,0,0,0,0,0,0,0,0,0,0,4,0,39.9544,-75.205, , 
38738,417969,2014034127,6,67,67301,2014,2,3,1600,16,1,1,0,4,1, , ,N,1,2,0,3,0,2,4,2,N, ,39 56:54.283,75 10:34.471,1617, ,1607,2,1,2, , ,3,Y, , , , , , , , ,2,1,0,1,0,0,0,0,0,0,0,2,2,0,0,0,0,0,0,0,1,0,0,0,0,0,0,0,0,0,0,0,0,0,0,4,1,39.9484,-75.1762, , 
38739,417970,2014038930,6,67,67301,2014,3,4,527,5,1,1,0,4,1, , ,N,1,2,0,3,0,1,3,2,N,N,39 57:04.187,75 09:12.892,9999, ,532,2,2,2, , ,3,N, , , , , , , , ,2,1,0,1,0,0,0,0,0,0,0,1,1,0,0,0,0,0,0,0,1,0,0,0,0,0,0,0,0,0,0,0,0,0,0,4,1,39.9511,-75.1536, , 
38740,417971,2014043068,6,67,67301,2014,3,2,830,8,1,2,0,8,1, , ,N,0,0,0,3,0,1,2,2,N, ,39 57:25.225,75 14:45.206,1058, ,1054, ,0, , , ,0, , , , , , , , , ,1,1,0,0,0,0,0,0,0,0,0,1,1,0,0,0,0,0,0,0,0,0,0,0,0,0,0,0,0,0,0,0,1,0,0,4,0,39.957,-75.2459, , 
38741,418023,2014032490,6,67,67301,2014,2,3,800,8,1,1,1,5,1, , ,N,0,0,0,3,0,0,2,2,N, ,39 57:35.070,75 08:14.046,937, ,930, ,0, , , ,0, , , , , , , , , ,2,1,0,0,0,1,0,0,0,0,0,0,0,0,2,0,0,0,0,0,1,0,0,0,0,0,0,0,0,0,0,0,0,0,0,9,1,39.9597,-75.1372, , 
38742,418056,2014019124,6,67,67301,2014,1,2,1201,12,1,1,0,8,1, , ,N,1,2,0,3,0,1,2,2,N, ,39 57:10.616,75 09:34.855,1207, ,1205, ,0, , , ,3, , , , , , , , , ,1,1,0,0,0,0,0,0,0,0,0,0,1,1,0,0,0,0,0,0,0,0,0,1,0,0,0,0,0,0,0,0,1,0,0,8,0,39.9529,-75.1597, , 
38743,418063,2014025362,6,67,67301,2014,1,5,1410,14,1,1,0,8,1, , ,N,1,3,0,3,0,1,2,2,N,N,39 55:19.419,75 09:41.738,1522, ,1515, ,0, ,N, ,3, , , , , , , , , ,1,1,0,0,0,0,0,0,0,0,0,1,1,0,0,0,0,0,0,0,0,1,0,0,0,0,0,0,0,0,0,0,1,0,0,4,0,39.9221,-75.1616, , 
38744,418065,2014026025,6,67,67301,2014,2,5,2338,23,3,4,3,7,3, , ,N,0,0,0,3,0,0,1,1,N,N,39 59:17.749,75 05:20.117,2356, ,2339,1,1,2,N, ,0,N, , , , , , , , ,1,0,0,0,1,0,0,0,0,0,0,0,0,0,1,0,0,0,0,0,0,0,0,1,0,0,0,0,0,0,0,0,0,0,0,9,0,39.9883,-75.0889, , 
38745,418084,2014049757,6,67,67301,2014,3,4,300,3,3,1,6,5,1, , ,N,0,0,0,3,0,0,1,2,N,N,39 55:48.982,75 10:20.085,305, ,303, ,0, ,N, ,0, , , , , , , , , ,2,2,0,0,0,0,0,0,0,0,0,0,0,0,0,0,0,0,0,0,0,0,0,0,0,0,0,0,0,0,0,0,0,0,0,0,0,39.9303,-75.1722, , 
38746,418099,2014016960,6,67,67301,2014,1,6,939,9,1,3,5,1,1, , ,N,1,2,0,3,0,1,2,2,N,N,40 03:08.339,75 00:28.750,943, ,941, ,0, ,N, ,3, , , , , , , , , ,2,1,0,0,0,0,0,1,0,0,0,1,1,0,0,0,0,0,0,0,1,0,0,0,0,0,0,0,0,0,0,0,0,0,0,4,0,40.0523,-75.008, , 
38747,418117,2014039069,6,67,67301,2014,3,7,1057,10,1,1,0,5,1, , ,N,0,0,0,3,0,1,2,2,N, ,40 01:09.548,75 03:09.651,1058, ,1057, ,0, , , ,0, , , , , , , , , ,2,1,0,0,0,0,1,0,0,0,0,1,1,0,0,0,0,0,0,0,1,0,0,0,0,0,0,0,0,0,0,0,0,0,0,4,0,40.0193,-75.0527, , 
38748,418121,2014045610,6,67,67301,2014,4,4,1645,16,1,2,1,1,1, , ,N,0,0,0,3,0,1,2,2,N,N,40 00:21.890,75 11:51.769,1655, ,1645,1,1,3,N, ,0,N, , , , , , , , ,2,0,0,0,0,0,2,0,0,0,0,0,1,1,0,0,0,0,0,0,0,0,0,0,0,0,0,0,0,0,0,0,0,0,0,8,0,40.0061,-75.1977, , 
38749,418141,2014013045,6,67,67301,2014,1,4,630,6,3,1,0,7,4, , ,N,0,0,0,3,0,0,1,1,N,N,40 07:15.402,75 01:00.152,700, ,650,2,1,1,N, ,0,Y, , , , , , , , ,1,1,0,0,0,0,0,0,0,0,0,0,0,0,1,0,0,0,0,0,0,0,0,0,0,0,0,0,0,0,0,0,0,0,0,9,0,40.1209,-75.0167, , 
38750,418144,2014009589,6,67,67301,2014,1,4,1545,15,1,1,4,7,2, , ,N,0,0,0,3,0,0,1,1,N,N,39 55:08.592,75 11:23.429,1551, ,1547, ,0, ,N, ,0, , , , , , , , , ,1,1,0,0,0,0,0,0,0,0,0,0,0,0,0,0,0,0,0,0,0,1,0,0,0,0,0,0,0,0,0,0,0,0,0,0,0,39.9191,-75.1898, , 
38751,418175,2014043099,6,67,67301,2014,3,2,1537,15,1,1,1,1,1, , ,N,0,0,0,3,0,0,2,2,N,N,39 56:55.287,75 11:23.672,1537, ,1537, ,0, ,N, ,0, , , , , , , , , ,2,1,0,0,1,0,0,0,0,0,0,0,0,0,0,0,0,0,0,0,0,0,0,0,0,0,0,0,0,0,0,0,0,0,0,0,0,39.9487,-75.1899, , 
38752,422016,2014084305,6,67,67301,2014,7,6,1710,17,1,1,0,1,1, , ,N,1,2,0,3,0,1,3,3,N, ,39 58:30.545,75 11:17.083,1737, ,1734, ,0, , , ,3, , , , , , , , , ,3,2,0,0,1,0,0,0,0,0,0,1,1,0,0,0,0,0,0,0,1,0,0,0,0,0,0,0,0,0,0,0,0,0,0,4,0,39.9752,-75.1882, , 
38753,422017,2014084309,6,67,67301,2014,7,6,122,1,3,1,0,4,1, , ,N,2,2,0,3,0,1,3,2,N,N,39 53:31.043,75 14:31.507,130, ,122,1,1,2,N, ,3,N, , , , , , , , ,2,1,0,0,1,0,0,0,0,0,0,0,1,1,0,0,0,0,0,0,0,0,0,0,0,0,0,0,0,0,0,0,0,0,0,8,0,39.8919,-75.2419, , 
38754,422021,2014088074,6,67,67301,2014,7,5,1523,15,1,1,0,8,1, , ,N,0,0,0,3,0,1,2,2,N,N,39 56:24.340,75 10:00.360,1620, ,1618, ,0, ,N, ,0, , , , , , , , , ,1,0,0,0,1,0,0,0,0,1,0,0,1,0,0,0,0,0,0,0,0,0,0,0,0,0,0,0,0,0,0,0,1,0,1,2,0,39.9401,-75.1668, , 
38755,422022,2014088803,6,67,67301,2014,8,1,1229,12,1,1,0,4,1, , ,N,0,0,7,3,0,2,2,2,N,N,40 00:21.758,75 05:28.708,1230, ,1230, ,0, ,N, ,0, , , , , , , , , ,2,2,0,0,0,0,0,0,0,0,0,0,2,2,0,0,0,0,0,0,1,0,0,0,0,0,0,0,0,0,0,0,0,0,0,8,0,40.006,-75.0913, , 
38756,422032,2014096414,6,67,67301,2014,9,6,1504,15,1,1,0,8,1, , ,N,1,2,0,3,0,1,2,2,N,N,39 59:18.584,75 06:22.955,1650, ,1644, ,0, ,N, ,3, , , , , , , , , ,1,0,0,0,0,0,1,0,0,0,1,0,1,0,0,0,0,0,0,0,0,0,0,0,0,0,0,0,0,0,0,0,1,0,0,3,0,39.9885,-75.1064, , 
38757,422038,2014106852,6,67,67301,2014,9,6,814,8,1,1,0,4,1, , ,N,1,3,0,3,0,1,3,2,N,N,39 58:43.377,75 14:32.524,815, ,814,3,2,5,N, ,3,Y, , , , , , , , ,2,1,0,0,0,0,1,0,0,0,0,0,1,1,0,0,0,0,0,0,0,0,0,0,0,0,0,0,0,0,0,0,0,0,0,8,0,39.9787,-75.2424, , 
38758,422040,2014107945,6,46,46102,2014,11,7,1705,17,1,1,1,1,1, , ,N,2,3,0,3,0,1,2,2,N,N,40 03:53.254,75 05:22.242,1709, ,1705, ,0, ,N, ,3, , , , , , , , , ,2,1,0,0,0,0,0,1,0,0,0,1,1,0,0,0,0,0,0,0,0,0,0,1,0,0,0,0,0,0,0,0,0,0,0,4,0,40.0648,-75.0895, , 
38759,422055,2014016923,6,67,67301,2014,1,4,1810,18,3,1,1,8,1, , ,N,2,2,0,3,0,1,2,2,N,N,39 57:06.166,75 10:59.749,1818, ,1810,1,1,2,N, ,3,N, , , , , , , , ,1,1,0,0,0,0,0,0,0,0,0,0,1,1,0,0,0,0,0,0,0,0,0,1,0,0,0,0,0,0,0,0,1,0,0,8,0,39.9517,-75.1832, , 
38760,422067,2014029851,6,67,67301,2014,2,1,2320,23,3,4,5,7,4, , ,N,0,0,0,3,0,1,1,1,N,N,40 06:06.947,75 02:23.873,1, ,2359, ,0, , , ,0, , , , , , , , , ,1,1,0,0,0,0,0,0,0,0,0,1,1,0,0,0,0,0,0,0,0,0,0,0,0,0,0,0,0,0,0,0,0,0,0,4,0,40.1019,-75.04, , 
38761,422088,2014065523,6,67,67301,2014,5,3,1603,16,1,1,0,7,5, , ,N,0,0,0,3,0,0,1,1,N,N,40 04:14.405,74 58:53.113,1605, ,1603, ,0, ,N, ,0, , , , , , , , , ,1,1,0,0,0,0,0,0,0,0,0,0,0,0,0,0,0,0,0,0,0,0,0,0,0,0,0,0,0,0,0,0,0,0,0,0,0,40.0707,-74.9814, , 
38762,422089,2014065557,6,67,67301,2014,5,1,2310,23,3,1,0,5,6, , ,N,0,0,0,3,0,1,3,4,N,N,39 57:16.797,75 13:37.696,9999, ,2310,3,2,3,N, ,0,Y, , , , , , , , ,3,2,0,0,0,0,1,0,0,0,0,0,1,1,1,0,0,0,0,0,0,0,0,0,0,0,0,0,0,0,0,0,1,0,0,8,0,39.9547,-75.2271, , 
38763,422116,2014030279,6,67,67301,2014,1,3,1015,10,1,2,1,5,1, , ,N,0,0,0,3,0,0,1,3,N,N,39 57:22.683,75 14:23.461,1027, ,1020, ,0, ,N, ,0, , , , , , , , , ,3,2,0,0,0,0,1,0,0,0,0,0,0,0,0,0,0,0,0,0,1,0,0,0,0,0,0,0,0,0,0,0,0,0,0,0,0,39.9563,-75.2399, , 
38764,422125,2014042922,6,67,67301,2014,4,1,815,8,1,1,0,1,1, , ,N,0,0,2,3,0,0,2,2,N,N,39 59:17.298,75 12:27.293,828, ,828, ,0, ,N, ,0, , , , , , , , , ,2,1,0,0,1,0,0,0,0,0,0,0,0,0,0,0,0,0,0,0,1,0,0,0,0,0,0,0,0,0,0,0,0,0,0,0,0,39.9881,-75.2076, , 
38765,422128,2014044554,6,67,67301,2014,3,2,830,8,1,4,5,1,1, , ,N,0,0,0,3,0,0,2,2,N,N,40 03:49.598,75 14:56.315,930, ,910, ,0, ,N, ,0, , , , , , , , , ,2,1,0,0,0,0,1,0,0,0,0,0,0,0,0,0,0,0,0,0,0,0,0,0,0,0,0,0,0,0,0,0,0,0,0,0,0,40.0638,-75.249, , 
38766,422160,2014032370,6,67,67301,2014,2,7,246,2,3,1,0,5,6, , ,N,0,0,0,3,0,0,1,3,N,N,39 58:48.072,75 07:26.258,253, ,248, ,0, ,N, ,0, , , , , , , , , ,3,0,0,0,1,0,2,0,0,0,0,0,0,0,1,0,0,0,0,0,0,0,0,0,0,0,0,0,0,0,0,0,0,0,0,9,0,39.98,-75.124, , 
38767,422172,2014038868,6,67,67301,2014,3,2,1315,13,1,1,0,4,1, , ,N,1,2,0,3,0,0,4,2,N, ,40 01:43.905,75 06:21.601,1325, ,1320,1,1,1,N, ,3,N, , , , , , , , ,2,1,0,0,0,0,1,0,0,0,0,0,0,0,0,0,0,0,0,0,1,0,0,0,0,0,0,0,0,0,0,0,0,0,0,0,0,40.0289,-75.106, , 
38768,422173,2014039342,6,67,67301,2014,3,7,1030,10,1,1,0,4,1, , ,N,1,3,0,3,0,1,2,2,N, ,40 02:38.137,75 04:42.812,1038, ,1036, ,0, , , ,3, , , , , , , , , ,2,2,0,0,0,0,0,0,0,0,1,0,1,0,0,0,0,0,1,0,0,0,0,0,0,0,0,0,0,0,0,0,0,0,0,3,0,40.0439,-75.0786, , 
38769,422192,2014066229,6,67,67301,2014,7,3,1620,16,1,1,0,1,1, , ,N,0,0,3,3,0,0,2,2,N,N,39 54:39.232,75 09:39.710,1629, ,1628, ,0, ,N, ,0, , , , , , , , , ,2,2,0,0,0,0,0,0,0,0,0,0,0,0,0,0,0,0,1,1,0,0,0,0,0,0,0,0,0,0,0,0,0,0,0,0,0,39.9109,-75.161, , 
38770,460909,2014091350,6,67,67301,2014,8,5,2120,21,3,1,0,4,1, , ,N,1,2,0,3,0,0,2,2,N,N,40 01:16.536,75 08:49.556,2130, ,2125, ,0, ,N, ,3, , , , , , , , , ,2,2,0,0,0,0,0,0,0,0,0,0,0,0,0,0,0,0,0,1,0,0,0,0,0,0,0,0,0,0,0,0,0,0,0,0,0,40.0213,-75.1471, , 
38771,460938,2014059117,6,67,67301,2014,5,6,645,6,1,2,1,4,1, , ,N,1,2,0,3,0,1,2,2,N,N,39 57:29.289,75 09:01.655,648, ,646,2,1,4, , ,3,N, , , , , , , , ,2,0,0,0,1,0,1,0,0,0,0,1,1,0,0,0,0,0,0,0,0,0,0,0,0,0,0,0,0,0,0,0,0,0,0,4,0,39.9581,-75.1505, , 
38772,460949,2014075221,6,67,67301,2014,6,5,1200,12,1,1,0,8,1, , ,N,0,0,0,3,0,1,2,2,N, ,40 00:09.700,75 07:27.833,1212, ,1212, ,0, , , ,0, , , , , , , , , ,1,1,0,0,0,0,0,0,0,0,0,1,1,0,0,0,0,0,0,0,0,0,0,0,0,0,0,0,0,0,0,0,1,0,0,4,0,40.0027,-75.1244, , 
38773,460953,2014084321,6,67,67301,2014,6,1,1725,17,1,1,0,4,1, , ,N,1,2,0,3,0,1,2,2,N,N,40 04:51.446,75 12:09.698,1740, ,1726,1,1,3,N, ,3,Y, , , , , , , , ,2,0,1,0,0,0,1,0,0,0,0,0,1,1,0,0,0,0,0,0,0,0,0,0,0,0,0,0,0,0,0,0,0,0,0,8,0,40.0808,-75.2027, , 