objectid_1,objectid,crn,district,county,municipality,crash_year,crash_month,day_of_week,time_of_day,hour_of_day,illumination,weather,road_condition,collision_type,relation_to_road,work_zone_type,work_zone_loc,work_zone_ind,intersect_type,tcd_type,location_type,urban_rural,fatal_count,injury_count,person_count,total_units,sch_bus_ind,sch_zone_ind,latitude,longitude,arrival_tm,cons_zone_spd_lim,dispatch_tm,est_hrs_closed,lane_closed,ln_close_dir,ntfy_hiwy_maint,spec_juris_cd,tcd_func_cd,tfc_detour_ind,workers_pres,wz_close_detour,wz_flagger,wz_law_offcr_ind,wz_ln_closure,wz_moving,wz_other,wz_shlder_mdn,vehicle_count,automobile_count,motorcycle_count,bus_count,small_truck_count,heavy_truck_count,suv_count,van_count,bicycle_count,maj_inj_count,mod_inj_count,min_inj_count,tot_inj_count,unk_inj_deg_count,unk_inj_per_count,driver_count_16yr,driver_count_17yr,driver_count_18yr,driver_count_19yr,driver_count_20yr,driver_count_50_64yr,driver_count_65_74yr,driver_count_75plus,unbelted_occ_count,unb_death_count,unb_maj_inj_count,belted_death_count,belted_maj_inj_count,mcycle_death_count,mcycle_maj_inj_count,bicycle_death_count,bicycle_maj_inj_count,ped_count,ped_death_count,ped_maj_inj_count,max_severity_level,comm_veh_count,dec_lat,dec_long,rdwy_surf_type_cd,county_name
39043,458690,2014088032,6,67,67301,2014,8,3,1140,11,1,1,0,8,1, , ,N,1,3,0,3,0,1,2,2,N,N,39 59:00.564,75 08:49.689,1144, ,1140, ,0, , , ,3, , , , , , , , , ,1,0,0,1,0,0,0,0,0,0,0,0,1,1,1,0,0,0,0,0,0,0,0,0,0,0,0,0,0,0,0,0,1,0,0,8,1,39.9835,-75.1471, , 
39044,458692,2014088941,6,67,67301,2014,8,1,1830,18,4,1,0,1,1, , ,N,0,0,0,3,0,2,3,2,N,N,40 00:38.500,75 09:54.656,1838, ,1834, ,0, , , ,0, , , , , , , , , ,2,2,0,0,0,0,0,0,0,0,0,2,2,0,0,0,0,0,0,0,0,0,0,2,0,0,0,0,0,0,0,0,0,0,0,4,0,40.0107,-75.1652, , 
39045,458699,2014095899,6,67,67301,2014,9,7,2200,22,3,1,0,8,1, , ,N,0,0,0,3,0,1,2,2,N,N,39 57:10.101,75 14:00.585,1250, ,1246, ,0, ,N, ,0, , , , , , , , , ,1,1,0,0,0,0,0,0,0,0,1,0,1,0,0,0,0,0,0,0,0,0,1,0,0,0,0,0,0,0,0,0,1,0,0,3,0,39.9528,-75.2335, , 
39046,458765,2014048799,6,67,67301,2014,5,2,2145,21,3,1,0,0,1, , ,N,0,0,0,3,0,0,1,1,N,N,39 57:26.411,75 09:30.645,2159, ,2149,2,2,3,N, ,0,N, , , , , , , , ,1,0,0,0,0,0,0,1,0,0,0,0,0,0,0,0,0,0,0,0,0,0,0,0,0,0,0,0,0,0,0,0,0,0,0,0,0,39.9573,-75.1585, , 
39047,458766,2014049853,6,67,67301,2014,4,4,1619,16,1,1,0,4,1, , ,N,1,2,0,3,0,1,2,2,N,N,39 59:08.181,75 09:03.283,1649, ,1633, ,0, ,N, ,3, , , , , , , , , ,2,2,0,0,0,0,0,0,0,0,1,0,1,0,0,0,0,0,0,0,0,0,0,0,0,0,0,0,0,0,0,0,0,0,0,3,0,39.9856,-75.1509, , 
39048,458772,2014054525,6,67,67301,2014,4,1,2320,23,3,1,0,6,6, , ,N,0,0,0,3,0,0,2,2,N,N,39 55:00.048,75 14:17.427,2344, ,2341,1,2,6,N, ,0,N, , , , , , , , ,2,2,0,0,0,0,0,0,0,0,0,0,0,0,0,0,0,1,0,0,0,0,0,0,0,0,0,0,0,0,0,0,0,0,0,0,0,39.9167,-75.2382, , 
39049,458777,2014074188,6,67,67301,2014,7,7,1404,14,1,1,0,1,1, , ,N,0,0,0,3,0,2,4,3,N,N,40 01:38.650,75 01:28.980,1454, ,1424,2,2,1,N, ,0,N, , , , , , , , ,3,3,0,0,0,0,0,0,0,0,1,1,2,0,0,0,0,0,0,0,1,0,0,0,0,0,0,0,0,0,0,0,0,0,0,3,0,40.0274,-75.0247, , 
39050,458785,2014083038,6,67,67301,2014,8,1,2241,22,3,1,0,9,9, , ,N,0,2,0,3,0,1,2,2,N,N,39 55:39.444,75 10:08.076,2300, ,2242, ,0, ,N, ,3, , , , , , , , , ,1,0,0,0,0,0,0,0,1,0,0,0,1,1,1,0,0,0,0,0,0,0,0,0,0,0,0,0,0,0,0,0,0,0,0,8,0,39.9276,-75.1689, , 
39051,458816,2014067972,6,67,67301,2014,6,1,1400,14,1,1,0,4,1, , ,N,1,3,0,3,0,0,3,2,N,N,40 01:57.496,75 13:10.595,1408, ,1405, ,0, ,N, ,3, , , , , , , , , ,2,2,0,0,0,0,0,0,0,0,0,0,0,0,0,0,0,0,0,0,1,0,0,0,0,0,0,0,0,0,0,0,0,0,0,0,0,40.0326,-75.2196, , 
39052,458817,2014068057,6,67,67301,2014,5,5,1405,14,1,1,0,7,4, , ,N,0,0,0,3,0,1,1,1,N, ,40 03:40.840,74 59:34.038,1915, ,1410, ,0, , , ,0, , , , , , , , , ,1,1,0,0,0,0,0,0,0,0,1,0,1,0,0,0,0,0,0,0,0,1,0,0,0,0,0,0,0,0,0,0,0,0,0,3,0,40.0613,-74.9928, , 
39053,458818,2014069948,6,67,67301,2014,7,7,2152,21,3,1,0,7,4, , ,N,0,0,0,3,0,1,1,1,N,N,39 56:07.858,75 11:59.048,2200, ,2152,1,2,3,N, ,0,N, , , , , , , , ,1,1,0,0,0,0,0,0,0,0,0,0,1,1,0,0,0,0,0,0,0,0,0,0,0,0,0,0,0,0,0,0,0,0,0,8,0,39.9355,-75.1997, , 
39054,458845,2014104387,6,67,67301,2014,9,2,700,7,1,1,0,4,1, , ,N,1,3,0,3,0,1,2,2,N,N,39 58:52.464,75 14:28.449,755, ,753, ,0, ,N, ,3, , , , , , , , , ,2,2,0,0,0,0,0,0,0,0,0,1,1,0,1,0,0,0,0,0,0,0,0,0,0,0,0,0,0,0,0,0,0,0,0,4,0,39.9812,-75.2412, , 
39055,458855,2014110011,6,67,67301,2014,10,5,234,2,3,2,1,7,5, , ,N,0,0,0,3,0,0,1,1,N,N,39 57:36.375,75 10:49.794,242, ,235,1,2,3,N, ,0,N, , , , , , , , ,1,1,0,0,0,0,0,0,0,0,0,0,0,0,1,0,0,0,0,0,0,0,0,0,0,0,0,0,0,0,0,0,0,0,0,9,0,39.9601,-75.1805, , 
39056,458876,2014068129,6,67,67301,2014,6,5,2010,20,1,1,0,1,6, , ,N,0,0,0,3,0,1,1,3,N,N,39 58:57.770,75 07:06.626,2015, ,2010, ,0, , , ,0, , , , , , , , , ,3,2,0,0,0,0,1,0,0,0,0,0,1,1,0,0,0,0,0,0,1,0,0,0,0,0,0,0,0,0,0,0,0,0,0,8,0,39.9827,-75.1185, , 
39057,458883,2014074525,6,67,67301,2014,6,3,2215,22,3,1,0,5,6, , ,N,0,0,0,3,0,0,1,3,N,N,39 59:48.204,75 06:23.571,2220, ,2220, ,0, ,N, ,0, , , , , , , , , ,3,2,0,0,0,0,1,0,0,0,0,0,0,0,0,0,0,0,0,0,0,0,0,0,0,0,0,0,0,0,0,0,0,0,0,0,0,39.9967,-75.1065, , 
39058,458884,2014075026,6,67,67301,2014,7,3,938,9,1,1,0,1,1, , ,N,0,0,0,3,0,0,3,3,N,N,39 59:59.112,75 11:43.086,951, ,942,1,1,3,N, ,0,N, , , , , , , , ,3,1,0,0,0,0,2,0,0,0,0,0,0,0,0,0,0,0,0,0,0,1,0,0,0,0,0,0,0,0,0,0,0,0,0,0,0,39.9998,-75.1953, , 
39059,464482,2014104389,6,67,67301,2014,9,3,2102,21,3,1,0,4,1, , ,N,5,2,2,3,0,4,4,2,N, ,39 57:11.151,75 10:54.540,2104, ,2102,1,1,3, , ,3,N, , , , , , , , ,2,1,0,0,0,0,1,0,0,0,0,2,4,2,0,0,0,0,0,0,0,0,0,0,0,0,0,0,0,0,0,0,0,0,0,4,0,39.9531,-75.1819, , 
39060,464500,2014074489,6,67,67301,2014,5,7,2310,23,3,1,0,4,1, , ,N,1,2,0,3,0,3,6,2,N,N,39 57:37.816,75 13:43.179,2359, ,2358, ,0, , , ,3, , , , , , , , , ,2,2,0,0,0,0,0,0,0,0,0,3,3,0,0,0,0,1,0,0,0,0,0,5,0,0,0,0,0,0,0,0,0,0,0,4,0,39.9604,-75.2287, , 
39061,464518,2014078814,6,67,67301,2014,6,5,1600,16,1,2,1,8,1, , ,N,0,0,7,3,0,1,2,2,N,N,40 02:46.704,75 08:34.942,1635, ,1635, ,0, ,N, ,0, , , , , , , , , ,1,0,0,0,0,0,0,1,0,0,0,1,1,0,0,0,0,0,0,0,0,0,0,0,0,0,0,0,0,0,0,0,1,0,0,4,0,40.0463,-75.143, , 
39062,464525,2014082745,6,67,67301,2014,8,1,450,4,3,1,0,7,4, , ,N,0,0,0,3,0,2,2,1,N,N,39 57:05.598,75 08:27.619,502, ,455,1,1,1,N, ,0,N, , , , , , , , ,1,1,0,0,0,0,0,0,0,1,1,0,2,0,0,0,0,0,0,0,0,0,0,0,0,0,0,1,0,0,0,0,0,0,0,2,0,39.9516,-75.141, , 
39063,464526,2014084428,6,67,67301,2014,7,6,1119,11,1,1,1,4,1, , ,N,1,2,0,3,0,1,4,2,N, ,39 56:56.649,75 12:46.586,1125, ,1122,1,1,6, , ,3,Y, , , , , , , , ,2,1,0,0,0,0,1,0,0,0,0,1,1,0,0,0,0,0,0,1,0,0,0,1,0,0,0,0,0,0,0,0,0,0,0,4,0,39.9491,-75.2129, , 
39064,464531,2014087978,6,67,67301,2014,7,2,1330,13,1,1,0,1,1, , ,N,1,2,0,3,0,3,6,3,N,N,40 04:01.420,75 03:04.355,1335, ,1335,1,2,2,N, ,3,Y, , , , , , , , ,3,0,0,0,0,0,1,2,0,0,0,3,3,0,1,0,0,0,0,0,1,0,0,0,0,0,0,0,0,0,0,0,0,0,0,4,0,40.0671,-75.0512, , 
39065,464562,2014075990,6,67,67301,2014,6,6,100,1,3,2,1,5,6, , ,N,0,0,0,3,0,0,2,2,N,N,40 00:58.730,75 11:21.377,105, ,105, ,0, , , ,0, , , , , , , , , ,2,0,0,0,0,0,1,1,0,0,0,0,0,0,0,0,0,0,0,0,0,1,0,2,0,0,0,0,0,0,0,0,0,0,0,0,0,40.0163,-75.1893, , 
39066,464564,2014076403,6,67,67301,2014,8,2,352,3,3,1,0,1,1, , ,N,0,0,0,3,0,0,2,2,N,N,39 58:41.913,75 06:38.276,352, ,352,2,2,1,N, ,0,N, , , , , , , , ,2,1,0,0,0,0,0,1,0,0,0,0,0,0,0,0,0,0,0,0,0,0,0,0,0,0,0,0,0,0,0,0,0,0,0,0,0,39.9783,-75.1106, , 
39067,464565,2014078805,6,67,67301,2014,6,3,1635,16,1,2,1,6,1, , ,N,0,0,0,3,0,3,4,3,N,N,40 07:06.527,75 00:24.978,1643, ,1635,3,2,3,N, ,0,Y, , , , , , , , ,3,1,0,0,0,0,2,0,0,0,0,3,3,0,0,0,0,0,0,0,1,0,1,0,0,0,0,0,0,0,0,0,0,0,0,4,0,40.1185,-75.0069, , 
39068,464566,2014078909,6,67,67301,2014,6,6,1828,18,1,1,0,4,1, , ,N,2,2,7,3,0,0,2,2,N,N,39 55:11.208,75 11:17.768,1831, ,1831, ,0, ,N, ,3, , , , , , , , , ,2,1,0,0,0,0,0,1,0,0,0,0,0,0,0,0,0,0,0,0,0,0,0,0,0,0,0,0,0,0,0,0,0,0,0,0,0,39.9198,-75.1883, , 
39069,464588,2014103212,6,67,67301,2014,10,7,1150,11,1,1,0,1,1, , ,N,6,3,8,3,0,2,2,2,N,N,39 58:35.544,75 06:51.844,1203, ,1150,1,1,1,N, ,3,N, , , , , , , , ,2,2,0,0,0,0,0,0,0,0,0,0,2,2,0,0,0,0,0,1,1,0,0,0,0,0,0,0,0,0,0,0,0,0,0,8,0,39.9765,-75.1144, , 
39070,464596,2014054179,6,67,67301,2014,5,1,1415,14,1,1,0,1,1, , ,N,0,0,0,3,0,2,9,4,N,N,39 57:30.582,75 10:03.905,1431, ,1428, ,0, ,N, ,0, , , , , , , , , ,4,1,0,0,0,0,2,1,0,0,0,0,2,2,0,0,0,0,0,0,0,0,0,1,0,0,0,0,0,0,0,0,0,0,0,8,0,39.9585,-75.1678, , 
39071,464602,2014088008,6,67,67301,2014,8,4,1656,16,1,1,0,4,1, , ,N,1,2,0,3,0,1,2,2,N,N,40 02:07.796,75 10:43.589,1710, ,1701, ,0, ,N, ,3, , , , , , , , , ,2,1,0,0,0,0,0,1,0,0,0,0,1,1,0,0,0,0,0,0,0,1,0,0,0,0,0,0,0,0,0,0,0,0,0,8,0,40.0355,-75.1788, , 
39072,464612,2014105082,6,67,67301,2014,10,5,339,3,3,1,1,7,4, , ,N,0,0,0,3,0,0,1,1,N,N,39 59:01.466,75 12:29.795,350, ,342, ,0, ,N, ,0, , , , , , , , , ,1,1,0,0,0,0,0,0,0,0,0,0,0,0,0,0,0,0,0,0,0,0,0,0,0,0,0,0,0,0,0,0,0,0,0,0,0,39.9837,-75.2083, , 
39073,464620,2014111507,6,67,67301,2014,10,4,1426,14,1,2,1,2,1, , ,N,0,0,0,3,0,1,2,2,N,N,39 59:34.742,75 12:53.960,1705, ,1649,1,2,5,N, ,0,Y, , , , , , , , ,2,2,0,0,0,0,0,0,0,0,0,1,1,0,0,0,0,1,0,0,0,0,0,0,0,0,0,0,0,0,0,0,0,0,0,4,0,39.993,-75.215, , 
39074,464635,2014059273,6,67,67301,2014,5,2,830,8,1,1,0,8,1, , ,N,2,0,0,3,0,1,2,2,N,Y,40 00:18.428,75 08:54.337,853, ,843, ,0, ,N, ,0, , , , , , , , , ,1,1,0,0,0,0,0,0,0,0,0,0,1,1,1,0,0,0,0,0,1,0,0,1,0,0,0,0,0,0,0,0,1,0,0,8,0,40.0051,-75.1484, , 
39075,464642,2014067275,6,67,67301,2014,5,7,445,4,3,1,0,7,2, , ,N,0,0,3,3,0,0,1,1,N,N,39 59:01.693,75 05:48.823,455, ,447,1,1,1,Y, ,0,N, , , , , , , , ,1,1,0,0,0,0,0,0,0,0,0,0,0,0,0,0,0,0,0,0,0,0,0,0,0,0,0,0,0,0,0,0,0,0,0,0,0,39.9838,-75.0969, , 
39076,464677,2014087987,6,67,67301,2014,7,7,2315,23,3,1,0,5,6, , ,N,0,0,0,3,0,0,1,4,N,N,40 02:35.977,75 07:20.629,100, ,100,1,1,4,N, ,0,N, , , , , , , , ,4,1,0,0,1,0,1,1,0,0,0,0,0,0,0,0,0,0,0,0,1,0,0,0,0,0,0,0,0,0,0,0,0,0,0,0,0,40.0433,-75.1224, , 
39077,461823,2014099158,6,67,67301,2014,9,4,630,6,1,1,0,8,1, , ,N,1,0,0,3,0,1,2,2,N,N,40 02:28.179,75 09:05.414,630, ,630, ,0, ,N, ,0, , , , , , , , , ,1,1,0,0,0,0,0,0,1,0,0,0,1,1,1,0,0,0,0,0,0,0,0,0,0,0,0,0,0,0,0,0,0,0,0,8,0,40.0412,-75.1515, , 
39078,461830,2014104603,6,67,67301,2014,10,5,2038,20,3,1,0,8,1, , ,N,0,0,0,3,0,1,2,2,N,N,40 02:16.323,75 02:21.018,2044, ,2039, ,0, ,N, ,0, , , , , , , , , ,1,0,0,0,1,0,0,0,0,0,0,0,1,1,0,0,0,0,0,0,1,0,0,0,0,0,0,0,0,0,0,0,1,0,0,8,0,40.0379,-75.0392, , 
39079,461839,2014116203,6,67,67301,2014,11,2,1559,15,1,2,1,1,1, , ,N,0,0,0,3,0,1,2,2,N,N,39 57:33.026,75 10:19.920,1709, ,1649, ,0, ,N, ,0, , , , , , , , , ,2,1,0,0,0,0,1,0,0,0,0,1,1,0,0,0,0,0,0,0,1,0,0,0,0,0,0,0,0,0,0,0,0,0,0,4,0,39.9592,-75.1722, , 
39080,461844,2014123298,6,67,67301,2014,12,1,1605,16,1,1,0,1,1, , ,N,0,0,0,3,0,0,3,2,N,N,40 00:21.434,75 09:06.654,1608, ,1606, ,0, ,N, ,0, , , , , , , , , ,2,2,0,0,0,0,0,0,0,0,0,0,0,0,0,0,0,0,0,0,0,0,0,0,0,0,0,0,0,0,0,0,0,0,0,0,0,40.006,-75.1518, , 
39081,461855,2014067968,6,67,67301,2014,6,2,1330,13,1,1,0,8,1, , ,N,0,0,0,3,0,1,2,2,N,Y,39 59:05.762,75 09:31.424,1335, ,1330,1,1,3, , ,0,Y, , , , , , , , ,1,1,0,0,0,0,0,0,0,0,0,1,1,0,0,0,0,0,0,0,0,0,0,0,0,0,0,0,0,0,0,0,1,0,0,4,0,39.9849,-75.1587, , 
39082,461864,2014068053,6,67,67301,2014,6,5,640,6,1,2,1,4,1, , ,N,0,0,0,3,0,1,3,2,N,N,40 04:48.559,75 02:30.771,655, ,649, ,0, ,N, ,0, , , , , , , , , ,2,2,0,0,0,0,0,0,0,0,0,1,1,0,1,0,0,0,0,0,0,0,0,0,0,0,0,0,0,0,0,0,0,0,0,4,0,40.0802,-75.0419, , 
39083,461868,2014074517,6,67,67301,2014,6,1,1835,18,1,1,0,4,1, , ,N,1,2,0,3,0,1,2,2,N, ,39 56:50.431,75 14:01.113,1922, ,1920, ,0, , , ,3, , , , , , , , , ,2,2,0,0,0,0,0,0,0,0,0,1,1,0,0,0,0,0,0,0,0,1,0,0,0,0,0,0,0,0,0,0,0,0,0,4,0,39.9473,-75.2337, , 
39084,461887,2014087735,6,67,67301,2014,7,1,2350,23,3,2,1,4,1, , ,N,5,2,0,3,0,0,2,2,N,N,40 03:22.992,75 01:42.742,2358, ,2354, ,0, , , ,3, , , , , , , , , ,2,1,0,0,0,0,1,0,0,0,0,0,0,0,0,0,0,0,0,0,0,0,0,0,0,0,0,0,0,0,0,0,0,0,0,0,0,40.0564,-75.0285, , 
39085,461891,2014096803,6,67,67301,2014,9,4,1140,11,1,1,0,4,1, , ,N,1,2,0,3,0,3,3,2,N, ,40 03:12.823,75 10:40.715,9999, ,1146,3,1,3, , ,3,Y, , , , , , , , ,2,2,0,0,0,0,0,0,0,0,0,0,3,3,0,0,0,0,0,0,0,0,1,0,0,0,0,0,0,0,0,0,0,0,0,8,0,40.0536,-75.178, , 
39086,461898,2014058839,6,67,67301,2014,6,1,1839,18,1,1,0,7,1, , ,N,0,0,0,3,0,2,2,1,N,N,39 53:31.857,75 14:10.883,1850, ,1841,1,2,2,Y, ,0,Y, , , , , , , , ,1,0,1,0,0,0,0,0,0,0,0,2,2,0,0,0,0,0,0,0,0,0,0,0,0,0,0,0,0,0,0,0,0,0,0,4,0,39.8922,-75.2364, , 
39087,461916,2014081483,6,67,67301,2014,6,4,2034,20,3,1,0,5,6, , ,N,0,0,0,3,0,1,1,3,N,N,39 59:57.175,75 08:04.951,2040, ,2037, ,0, ,N, ,0, , , , , , , , , ,3,1,0,0,0,0,2,0,0,0,0,0,1,1,0,0,0,0,0,0,1,0,0,0,0,0,0,0,0,0,0,0,0,0,0,8,0,39.9992,-75.1347, , 
39088,461919,2014084264,6,67,67301,2014,7,2,1520,15,1,1,0,4,1, , ,N,1,0,0,3,0,1,3,2,N,N,40 02:58.682,75 02:43.144,1540, ,1530, ,0, ,N, ,0, , , , , , , , , ,2,2,0,0,0,0,0,0,0,0,0,1,1,0,0,0,0,0,0,1,0,0,0,0,0,0,0,0,0,0,0,0,0,0,0,4,0,40.0496,-75.0453, , 
39089,461923,2014088392,6,67,67301,2014,7,6,1715,17,1,1,0,1,1, , ,N,0,2,0,3,0,1,8,3,N,N,40 02:16.869,75 07:48.655,1726, ,1725, ,0, ,N, ,3, , , , , , , , , ,3,3,0,0,0,0,0,0,0,0,0,1,1,0,0,0,0,0,0,0,0,0,0,0,0,0,0,0,0,0,0,0,0,0,0,4,0,40.038,-75.1302, , 
39090,461927,2014089800,6,67,67301,2014,9,2,1624,16,1,2,1,7,2, , ,N,0,0,0,3,0,0,1,1,N,N,40 02:17.277,75 00:39.724,1643, ,1627, ,0, ,N, ,0, , , , , , , , , ,1,1,0,0,0,0,0,0,0,0,0,0,0,0,0,0,0,0,0,0,0,0,0,0,0,0,0,0,0,0,0,0,0,0,0,0,0,40.0381,-75.011, , 
39091,461940,2014106782,6,67,67301,2014,10,4,1354,13,1,1,0,4,1, , ,N,1,2,0,3,0,1,2,2,N,N,40 04:50.820,75 01:42.117,1410, ,1357,2,1,1,N, ,3,N, , , , , , , , ,2,1,0,0,0,0,1,0,0,0,0,0,1,1,0,0,0,0,1,0,0,0,0,0,0,0,0,0,0,0,0,0,0,0,0,8,0,40.0808,-75.0284, , 
39092,461953,2014065482,6,67,67301,2014,5,1,1819,18,1,1,0,8,1, , ,N,1,3,0,3,0,1,2,2,N,N,40 00:00.889,75 07:47.863,1826, ,1820, ,0, ,N, ,3, , , , , , , , , ,1,1,0,0,0,0,0,0,0,0,0,1,1,0,0,0,0,0,0,0,0,0,0,0,0,0,0,0,0,0,0,0,1,0,0,4,0,40.0002,-75.13, , 
39093,461954,2014065515,6,67,67301,2014,5,6,200,2,3,1,0,7,4, , ,N,1,2,0,3,0,1,1,1,N, ,40 00:05.705,75 09:10.074,210, ,210, ,0, , , ,3, , , , , , , , , ,1,1,0,0,0,0,0,0,0,0,0,1,1,0,0,0,0,0,0,0,0,0,0,0,0,0,0,0,0,0,0,0,0,0,0,4,0,40.0016,-75.1528, , 
39094,461977,2014088929,6,67,67301,2014,8,5,658,6,1,1,0,4,1, , ,N,2,0,0,3,0,1,6,2,N, ,39 59:54.329,75 07:43.119,720, ,720, ,0, , , ,0, , , , , , , , , ,2,0,0,0,0,0,2,0,0,0,0,0,1,1,2,0,0,0,0,0,0,0,0,0,0,0,0,0,0,0,0,0,0,0,0,8,0,39.9984,-75.1286, , 
39095,462008,2014130491,6,67,67301,2014,12,5,1551,15,1,1,0,1,1, , ,N,0,0,0,3,0,1,2,2,N,N,39 56:39.868,75 10:19.894,1553, ,1551, ,0, , , ,0, , , , , , , , , ,2,1,0,0,0,0,1,0,0,0,0,1,1,0,0,0,0,0,0,0,0,0,0,0,0,0,0,0,0,0,0,0,0,0,0,4,0,39.9444,-75.1722, , 
39096,456033,2014088792,6,67,67301,2014,8,2,2210,22,3,1,0,4,1, , ,N,1,2,0,3,0,1,3,3,N, ,40 01:12.586,75 09:01.958,2239, ,2235, ,0, , , ,2, , , , , , , , , ,3,0,0,0,0,1,2,0,0,0,0,1,1,0,2,0,0,0,0,0,0,0,0,0,0,0,0,0,0,0,0,0,0,0,0,4,1,40.0202,-75.1505, , 
39097,456034,2014088877,6,67,67301,2014,8,1,1346,13,1,1,0,8,1, , ,N,1,0,0,3,0,1,2,2,N,N,39 57:52.084,75 13:05.876,1515, ,1514, ,0, ,N, ,0, , , , , , , , , ,1,0,0,0,0,0,0,0,0,0,0,1,1,0,1,0,0,0,0,0,0,0,0,0,0,0,0,0,0,0,0,0,1,0,0,4,0,39.9645,-75.2183, , 
39098,456035,2014089031,6,67,67301,2014,8,2,1815,18,1,1,0,4,1, , ,N,1,2,0,3,0,1,2,2,N,N,39 56:34.191,75 09:01.951,1815, ,815, ,0, ,N, ,3, , , , , , , , , ,1,0,0,0,0,0,1,0,1,0,0,1,1,0,0,0,0,0,0,0,0,0,0,0,0,0,0,0,0,0,0,0,0,0,0,4,0,39.9428,-75.1505, , 
39099,456040,2014096384,6,67,67301,2014,9,2,9999,99,1,1,0,2,1, , ,N,1,3,0,3,0,1,5,2,N,N,39 58:52.093,75 09:53.035,9999, ,9999,1,2,2, , ,3,N, , , , , , , , ,2,2,0,0,0,0,0,0,0,0,0,0,1,1,3,0,0,0,0,0,1,0,0,0,0,0,0,0,0,0,0,0,0,0,0,8,0,39.9811,-75.1647, , 
39100,456044,2014104570,6,67,67301,2014,10,5,1910,19,1,1,0,4,1, , ,N,1,2,0,3,0,2,2,2,N,N,39 56:18.900,75 11:54.432,1915, ,1914,3,2,6,N, ,3,Y, , , , , , , , ,2,2,0,0,0,0,0,0,0,0,0,2,2,0,0,0,0,0,0,0,0,1,0,0,0,0,0,0,0,0,0,0,0,0,0,4,0,39.9386,-75.1985, , 
39101,456061,2014120298,6,67,67301,2014,11,6,1530,15,1,1,0,8,1, , ,N,1,2,0,3,0,1,3,2,N,N,39 58:25.604,75 14:43.036,1542, ,1540, ,0, , , ,3, , , , , , , , , ,1,1,0,0,0,0,0,0,0,0,0,1,1,0,0,0,0,0,0,0,0,0,0,0,0,0,0,0,0,0,0,0,1,0,0,4,0,39.9738,-75.2452, , 
39102,456071,2014075216,6,67,67301,2014,6,4,9999,99,1,1,0,1,1, , ,N,1,2,0,3,0,1,3,3,N,N,40 03:05.871,75 11:38.664,1920, ,1903, ,0, ,N, ,3, , , , , , , , , ,3,1,0,0,0,0,1,1,0,0,1,0,1,0,0,0,0,0,0,0,0,0,0,0,0,0,0,0,0,0,0,0,0,0,0,3,0,40.0516,-75.1941, , 
39103,456080,2014068080,6,67,67301,2014,6,4,9999,99,1,1,0,4,1, , ,N,0,0,0,3,0,1,2,2,N,N,39 59:17.010,75 10:54.840,618, ,618, ,0, ,N, ,0, , , , , , , , , ,1,1,0,0,0,0,0,0,1,0,0,1,1,0,0,0,0,0,0,0,0,0,0,0,0,0,0,0,0,0,0,0,0,0,0,4,0,39.9881,-75.1819, , 
39104,456100,2014087871,6,67,67301,2014,7,4,1846,18,1,1,0,4,1, , ,N,1,3,0,3,0,1,2,2,N,N,39 58:25.183,75 14:46.708,1855, ,1850, ,0, ,N, ,3, , , , , , , , , ,1,1,0,0,0,0,0,0,1,0,0,1,1,0,0,0,0,0,0,0,0,0,0,0,0,0,0,0,0,0,0,0,0,0,0,4,0,39.9737,-75.2463, , 
39105,456101,2014089069,6,67,67301,2014,8,6,9999,99,1,1,0,1,1, , ,N,0,3,0,3,0,1,2,2,N,N,39 58:50.564,75 11:19.686,1819, ,1817, ,0, ,N, ,3, , , , , , , , , ,2,1,0,0,0,0,1,0,0,0,0,0,1,1,0,0,0,0,0,0,0,0,0,0,0,0,0,0,0,0,0,0,0,0,0,8,0,39.9807,-75.1888, , 
39106,456118,2014059033,6,67,67301,2014,5,6,1915,19,1,1,0,8,1, , ,N,0,0,0,3,0,1,3,2,N,N,39 56:56.092,75 14:21.522,9999, ,1915, ,0, ,N, ,0, , , , , , , , , ,1,1,0,0,0,0,0,0,0,0,1,0,1,0,0,0,0,0,0,0,0,0,0,2,0,0,0,0,0,0,0,0,1,0,0,3,0,39.9489,-75.2393, , 
39107,456124,2014068209,6,67,67301,2014,6,1,1553,15,1,1,0,4,1, , ,N,0,0,0,3,0,2,6,2,N,N,39 57:13.274,75 13:05.321,1600, ,1553, ,0, ,N, ,0, , , , , , , , , ,2,1,0,0,0,0,1,0,0,0,0,0,2,2,4,0,0,0,0,0,0,0,0,0,0,0,0,0,0,0,0,0,0,0,0,8,0,39.9537,-75.2181, , 
39108,456128,2014073883,6,67,67301,2014,7,6,1110,11,1,1,0,9,1, , ,N,0,0,0,3,0,0,1,1,N,N,40 00:10.447,75 04:39.613,1125, ,1115, ,0, ,N, ,0, , , , , , , , , ,1,1,0,0,0,0,0,0,0,0,0,0,0,0,0,0,0,0,0,0,0,0,0,0,0,0,0,0,0,0,0,0,0,0,0,0,0,40.0029,-75.0777, , 
39109,456134,2014084436,6,67,67301,2014,6,5,1257,12,1,1,0,4,1, , ,N,1,3,0,3,0,0,2,2,N,N,40 01:52.345,75 13:13.619,1307, ,1257, ,0, ,N, ,3, , , , , , , , , ,2,2,0,0,0,0,0,0,0,0,0,0,0,0,0,0,0,0,0,0,2,0,0,0,0,0,0,0,0,0,0,0,0,0,0,0,0,40.0312,-75.2204, , 
39110,456192,2014088404,6,67,67301,2014,7,6,1004,10,1,1,0,4,1, , ,N,1,2,1,3,0,1,3,2,N,N,39 57:32.119,75 09:24.206,1025, ,1024, ,0, ,N, ,3, , , , , , , , , ,2,2,0,0,0,0,0,0,0,0,0,1,1,0,0,0,0,0,0,0,1,0,0,0,0,0,0,0,0,0,0,0,0,0,0,4,0,39.9589,-75.1567, , 