objectid_1,objectid,crn,district,county,municipality,crash_year,crash_month,day_of_week,time_of_day,hour_of_day,illumination,weather,road_condition,collision_type,relation_to_road,work_zone_type,work_zone_loc,work_zone_ind,intersect_type,tcd_type,location_type,urban_rural,fatal_count,injury_count,person_count,total_units,sch_bus_ind,sch_zone_ind,latitude,longitude,arrival_tm,cons_zone_spd_lim,dispatch_tm,est_hrs_closed,lane_closed,ln_close_dir,ntfy_hiwy_maint,spec_juris_cd,tcd_func_cd,tfc_detour_ind,workers_pres,wz_close_detour,wz_flagger,wz_law_offcr_ind,wz_ln_closure,wz_moving,wz_other,wz_shlder_mdn,vehicle_count,automobile_count,motorcycle_count,bus_count,small_truck_count,heavy_truck_count,suv_count,van_count,bicycle_count,maj_inj_count,mod_inj_count,min_inj_count,tot_inj_count,unk_inj_deg_count,unk_inj_per_count,driver_count_16yr,driver_count_17yr,driver_count_18yr,driver_count_19yr,driver_count_20yr,driver_count_50_64yr,driver_count_65_74yr,driver_count_75plus,unbelted_occ_count,unb_death_count,unb_maj_inj_count,belted_death_count,belted_maj_inj_count,mcycle_death_count,mcycle_maj_inj_count,bicycle_death_count,bicycle_maj_inj_count,ped_count,ped_death_count,ped_maj_inj_count,max_severity_level,comm_veh_count,dec_lat,dec_long,rdwy_surf_type_cd,county_name
39111,456199,2014104452,6,67,67301,2014,10,3,100,1,2,1,0,1,1, , ,N,1,2,0,3,0,0,3,3,N, ,40 02:12.109,75 09:30.211,1510, ,1510, ,0, , , ,3, , , , , , , , , ,3,1,0,0,0,1,1,0,0,0,0,0,0,0,0,0,0,0,0,0,0,0,0,0,0,0,0,0,0,0,0,0,0,0,0,0,1,40.0367,-75.1584, , 
39112,456201,2014108500,6,67,67301,2014,11,2,945,9,1,1,0,5,1, , ,N,0,0,0,3,0,0,1,2,N,N,40 05:04.824,75 01:11.811,1006, ,946,3,2,6,N, ,0,Y, , , , , , , , ,2,0,0,0,0,2,0,0,0,0,0,0,0,0,0,0,0,0,0,0,1,0,0,1,0,0,0,0,0,0,0,0,0,0,0,0,2,40.0847,-75.0199, , 
39113,456220,2014059256,6,67,67301,2014,5,1,1020,10,1,1,0,4,1, , ,N,2,2,0,3,0,0,6,2,N,N,39 58:28.009,75 12:06.339,1030, ,1025, ,0, ,N, ,3, , , , , , , , , ,2,1,0,0,0,0,0,1,0,0,0,0,0,0,0,0,0,0,0,0,0,0,0,0,0,0,0,0,0,0,0,0,0,0,0,0,0,39.9744,-75.2017, , 
39114,458900,2014088990,6,67,67301,2014,8,3,2255,22,3,1,0,7,2, , ,N,0,8,6,3,0,1,1,1,N, ,40 00:54.775,75 10:37.437,2302, ,2259,2,2,1, , ,3,Y, , , , , , , , ,1,1,0,0,0,0,0,0,0,0,0,1,1,0,0,0,0,0,0,0,0,0,0,0,0,0,0,0,0,0,0,0,0,0,0,4,0,40.0152,-75.1771, , 
39115,458905,2014091387,6,67,67301,2014,8,6,9999,99,1,1,0,4,1, , ,N,1,2,0,3,0,3,3,2,N, ,40 03:41.901,75 14:11.684,9999, ,9999,2,1,1, , ,3,N, , , , , , , , ,2,1,0,0,0,0,1,0,0,0,0,0,3,3,0,0,0,0,0,0,1,0,1,0,0,0,0,0,0,0,0,0,0,0,0,8,0,40.0616,-75.2366, , 
39116,458934,2014063472,6,67,67301,2014,6,2,1410,14,1,1,0,7,4, , ,N,7,0,2,3,0,0,1,1,N,N,39 57:06.152,75 08:29.297,1430, ,1426,2,1,2,N, ,0,N, , , , , , , , ,1,0,0,0,0,0,0,1,0,0,0,0,0,0,0,0,0,0,0,0,0,0,0,1,0,0,0,0,0,0,0,0,0,0,0,0,0,39.9517,-75.1415, , 
39117,458969,2014016925,6,67,67301,2014,1,6,1,0,3,4,3,4,1, , ,N,1,2,0,3,0,3,6,2,N,N,39 57:01.836,75 10:02.485,5, ,3, ,0, ,N, ,3, , , , , , , , , ,2,0,0,0,0,0,2,0,0,0,0,3,3,0,1,0,0,0,0,0,0,0,0,0,0,0,0,0,0,0,0,0,0,0,0,4,0,39.9505,-75.1674, , 
39118,458999,2014059068,6,67,67301,2014,5,3,1208,12,1,1,0,4,1, , ,N,1,3,0,3,0,2,3,2,N,N,39 57:49.914,75 14:35.069,1238, ,1228, ,0, ,N, ,3, , , , , , , , , ,2,2,0,0,0,0,0,0,0,0,0,2,2,0,0,0,0,0,1,0,0,0,0,0,0,0,0,0,0,0,0,0,0,0,0,4,0,39.9639,-75.2431, , 
39119,459012,2014058951,6,67,67301,2014,6,5,1330,13,1,2,1,8,1, , ,N,1,2,0,3,0,1,2,2,N,N,39 58:44.768,75 09:40.008,1347, ,1340, ,0, ,N, ,3, , , , , , , , , ,1,1,0,0,0,0,0,0,0,0,0,0,1,1,0,0,0,0,0,0,0,0,0,0,0,0,0,0,0,0,0,0,1,0,0,8,0,39.9791,-75.161, , 
39120,459019,2014054580,6,67,67301,2014,4,7,200,2,3,2,1,7,4, , ,N,0,0,0,3,0,0,1,1,N,N,39 54:13.861,75 14:24.193,320, ,9999, ,0, ,N, ,0, , , , , , , , , ,1,1,0,0,0,0,0,0,0,0,0,0,0,0,0,0,0,0,0,0,0,0,0,0,0,0,0,0,0,0,0,0,0,0,0,0,0,39.9039,-75.2401, , 
39121,459023,2014061102,6,67,67301,2014,5,5,810,8,1,1,1,5,1, , ,N,0,0,0,3,0,1,4,2,N,N,39 57:34.253,75 09:43.508,815, ,812, ,0, ,N, ,0, , , , , , , , , ,2,2,0,0,0,0,0,0,0,0,0,1,1,0,0,0,0,0,0,0,0,0,0,0,0,0,0,0,0,0,0,0,0,0,0,4,0,39.9595,-75.1621, , 
39122,459053,2015006041,6,67,67301,2014,12,2,826,8,1,1,0,4,1, , ,N,1,3,0,3,0,1,2,2,N,N,39 56:30.976,75 12:49.989,900, ,844, ,0, ,N, ,3, , , , , , , , , ,2,1,0,0,0,0,1,0,0,0,0,0,1,1,0,0,0,0,0,0,1,0,0,0,0,0,0,0,0,0,0,0,0,0,0,8,0,39.9419,-75.2139, , 
39123,459054,2015028490,6,67,67301,2014,10,4,810,8,1,1,0,1,1, , ,N,0,0,0,3,0,1,2,2,N,N,39 56:03.727,75 08:41.656,0, ,0, ,0, ,N, ,0, , , , , , , , , ,2,1,0,0,0,0,0,0,0,0,0,0,1,1,0,0,0,0,0,0,1,0,0,0,0,0,0,0,0,0,0,0,0,0,0,8,0,39.9344,-75.1449, , 
39124,459057,2014050266,6,67,67301,2014,4,3,1510,15,1,1,0,6,1, , ,N,0,0,0,3,0,1,2,2,N,N,40 02:29.559,75 08:49.140,1513, ,1512,1,2,3,N, ,0,Y, , , , , , , , ,2,1,0,0,0,0,1,0,0,0,0,0,1,1,0,0,0,0,0,0,1,0,0,0,0,0,0,0,0,0,0,0,0,0,0,8,0,40.0415,-75.147, , 
39125,459071,2014074515,6,67,67301,2014,6,3,1300,13,1,1,0,7,3, , ,N,0,0,0,3,0,1,1,1,N,N,40 03:01.315,75 03:03.440,1315, ,1310,1,1,2,N, ,0,N, , , , , , , , ,1,0,0,0,1,0,0,0,0,0,0,0,1,1,0,0,0,0,0,0,0,0,0,1,0,0,0,0,0,0,0,0,0,0,0,8,0,40.0504,-75.051, , 
39126,459088,2014088308,6,67,67301,2014,7,2,1356,13,1,1,0,1,1, , ,N,1,2,0,3,0,1,5,4,N, ,40 03:17.072,75 00:17.300,1402, ,1357, ,0, , , ,3, , , , , , , , , ,4,2,0,0,0,0,0,2,0,0,0,1,1,0,0,0,0,0,0,0,1,2,0,5,0,0,0,0,0,0,0,0,0,0,0,4,0,40.0547,-75.0048, , 
39127,459110,2014078855,6,67,67301,2014,6,3,1111,11,1,1,0,1,1, , ,N,1,2,0,3,0,0,4,2,N,N,40 01:59.665,75 01:44.885,1115, ,1111,9,2,7,N, ,3,Y, , , , , , , , ,2,1,0,0,0,0,1,0,0,0,0,0,0,0,1,0,0,0,0,0,1,0,0,0,0,0,0,0,0,0,0,0,0,0,0,9,0,40.0332,-75.0291, , 
39128,459112,2014074470,6,67,67301,2014,6,6,1519,15,1,1,0,4,1, , ,N,1,3,0,3,0,1,2,2,N,N,40 04:09.087,75 03:16.941,1522, ,1519, ,0, ,N, ,3, , , , , , , , , ,2,2,0,0,0,0,0,0,0,0,0,1,1,0,0,0,0,0,0,0,0,0,1,0,0,0,0,0,0,0,0,0,0,0,0,4,0,40.0692,-75.0547, , 
39129,459113,2014075222,6,67,67301,2014,6,1,2220,22,3,1,0,4,1, , ,N,1,3,0,3,0,0,2,2,N, ,39 55:57.327,75 11:04.959,2235, ,2230, ,0, , , ,3, , , , , , , , , ,2,2,0,0,0,0,0,0,0,0,0,0,0,0,0,0,0,0,0,1,0,0,0,0,0,0,0,0,0,0,0,0,0,0,0,0,0,39.9326,-75.1847, , 
39130,459121,2014078906,6,67,67301,2014,6,3,855,8,1,2,1,4,1, , ,N,1,3,0,3,0,2,4,2,N, ,39 58:25.032,75 13:55.919,855, ,855, ,0, , , ,3, , , , , , , , , ,2,0,0,0,0,0,1,1,0,0,0,2,2,0,0,0,0,0,0,0,0,0,0,0,0,0,0,0,0,0,0,0,0,0,0,4,0,39.9736,-75.2322, , 
39131,459130,2014087983,6,67,67301,2014,7,3,1546,15,1,1,0,7,4, , ,N,0,2,0,3,0,1,2,1,N,N,39 54:18.061,75 14:14.176,1553, ,1547, ,0, ,N, ,2, , , , , , , , , ,1,1,0,0,0,0,0,0,0,0,0,1,1,0,0,0,0,0,0,0,1,0,0,0,0,0,0,0,0,0,0,0,0,0,0,4,0,39.905,-75.2373, , 
39132,464678,2014090883,6,67,67301,2014,9,3,755,7,1,1,1,7,5, , ,N,1,2,1,3,0,0,1,1,N,N,39 57:25.244,75 08:56.346,755, ,755, ,0, ,N, ,3, , , , , , , , , ,1,1,0,0,0,0,0,0,0,0,0,0,0,0,0,0,0,0,0,0,0,0,0,0,0,0,0,0,0,0,0,0,0,0,0,0,0,39.957,-75.149, , 
39133,464700,2014088702,6,67,67301,2014,8,5,2310,23,3,1,0,7,4, , ,N,0,0,0,3,0,0,1,1,N, ,40 07:47.802,75 01:07.083,2319, ,2319,3,1,4, , ,0,N, , , , , , , , ,1,1,0,0,0,0,0,0,0,0,0,0,0,0,0,0,0,0,0,0,0,0,0,0,0,0,0,0,0,0,0,0,0,0,0,0,0,40.1299,-75.0186, , 
39134,464701,2014089737,6,67,67301,2014,8,1,638,6,1,1,0,4,1, , ,N,1,3,0,3,0,0,2,4,N, ,39 57:16.282,75 13:47.657,651, ,647, ,0, , , ,3, , , , , , , , , ,4,3,0,0,0,0,1,0,0,0,0,0,0,0,0,0,0,0,0,0,0,0,0,0,0,0,0,0,0,0,0,0,0,0,0,0,0,39.9545,-75.2299, , 
39135,464715,2014108626,6,67,67301,2014,11,7,1435,14,1,2,1,7,3, , ,N,0,0,0,3,0,0,1,1,N,N,39 57:27.348,75 08:53.652,1435, ,1435,1,1,3,N, ,0,N, , , , , , , , ,1,0,0,0,0,0,1,0,0,0,0,0,0,0,0,0,0,0,0,0,0,0,0,0,0,0,0,0,0,0,0,0,0,0,0,0,0,39.9576,-75.1482, , 
39136,464755,2014075964,6,67,67301,2014,6,2,958,9,1,1,0,4,1, , ,N,3,2,0,3,0,2,3,2,N,N,40 01:48.146,75 06:11.546,1006, ,1000,2,1,2, , ,3,N, , , , , , , , ,2,2,0,0,0,0,0,0,0,0,0,2,2,0,0,0,0,0,0,0,1,0,0,0,0,0,0,0,0,0,0,0,0,0,0,4,0,40.03,-75.1032, , 
39137,464792,2014062760,6,67,67301,2014,6,5,1546,15,8,2,1,1,1, , ,N,0,0,0,3,0,1,2,2,N,N,39 57:51.973,75 08:15.966,1546, ,1546,2,1,1,N, ,0,N, , , , , , , , ,2,0,0,0,0,0,1,1,0,0,0,1,1,0,0,0,0,0,0,0,1,0,0,0,0,0,0,0,0,0,0,0,0,0,0,4,0,39.9644,-75.1378, , 
39138,464807,2014084161,6,67,67301,2014,7,2,1640,16,1,1,0,1,1, , ,N,6,0,2,3,0,2,3,2,N,N,40 00:49.241,75 10:46.383,1705, ,1700,2,2,2,N, ,0,N, , , , , , , , ,2,2,0,0,0,0,0,0,0,0,0,2,2,0,0,0,0,0,0,0,0,0,0,0,0,0,0,0,0,0,0,0,0,0,0,4,0,40.0137,-75.1796, , 
39139,464810,2014088788,6,67,67301,2014,8,7,1644,16,1,2,1,8,1, , ,N,1,2,0,3,0,1,2,2,N,N,39 54:47.100,75 14:35.859,1650, ,1645, ,0, ,N, ,3, , , , , , , , , ,1,0,0,0,0,0,0,0,0,0,0,0,1,1,0,0,0,0,0,0,0,0,0,0,0,0,0,0,0,0,0,0,1,0,0,8,0,39.9131,-75.2433, , 
39140,464829,2014106705,6,67,67301,2014,10,6,1230,12,1,1,0,4,1, , ,N,1,2,0,3,0,2,5,3,N,N,39 57:19.443,75 10:16.111,1241, ,1235,1,1,2, , ,3,N, , , , , , , , ,3,1,0,1,0,0,1,0,0,0,0,2,2,0,0,0,0,0,0,0,0,0,0,0,0,0,0,0,0,0,0,0,0,0,0,4,1,39.9554,-75.1711, , 
39141,464844,2014060622,6,67,67301,2014,6,4,1201,12,1,1,0,1,1, , ,N,0,0,0,3,0,0,3,3,N,N,39 57:33.998,75 10:27.757,1201, ,1201,2,2,4,N, ,0,N, , , , , , , , ,3,3,0,0,0,0,0,0,0,0,0,0,0,0,0,0,0,0,0,0,1,0,0,0,0,0,0,0,0,0,0,0,0,0,0,0,0,39.9594,-75.1744, , 
39142,464858,2014087866,6,67,67301,2014,7,2,9999,99,1,1,0,4,1, , ,N,2,0,0,3,0,2,2,2,N,N,40 02:05.491,75 04:54.391,9999, ,1305,1,2,5, , ,0,N, , , , , , , , ,2,2,0,0,0,0,0,0,0,0,0,2,2,0,0,0,0,0,0,0,0,0,0,0,0,0,0,0,0,0,0,0,0,0,0,4,0,40.0349,-75.0818, , 
39143,464869,2014098716,6,67,67301,2014,9,4,1635,16,1,1,0,8,1, , ,N,2,2,0,3,0,1,2,2,N,N,39 53:31.043,75 14:31.507,1640, ,1640, ,0, , , ,3, , , , , , , , , ,1,0,0,0,0,0,0,0,0,0,0,0,1,1,0,0,0,0,0,0,0,0,0,0,0,0,0,0,0,0,0,0,1,0,0,8,0,39.8919,-75.2419, , 
39144,464875,2014106729,6,67,67301,2014,10,4,1900,19,3,2,1,4,1, , ,N,1,2,0,3,0,0,2,2,N,N,39 57:48.112,75 11:14.766,1913, ,1910,2,1,6,N, ,3,Y, , , , , , , , ,2,2,0,0,0,0,0,0,0,0,0,0,0,0,0,0,0,0,0,0,1,0,0,0,0,0,0,0,0,0,0,0,0,0,0,0,0,39.9634,-75.1875, , 
39145,464880,2014115654,6,67,67301,2014,11,4,625,6,1,1,0,4,1, , ,N,2,2,0,3,0,1,3,2,N,N,39 55:19.017,75 11:19.719,627, ,627, ,0, ,N, ,3, , , , , , , , , ,2,2,0,0,0,0,0,0,0,0,0,1,1,0,0,0,0,0,0,0,0,0,0,0,0,0,0,0,0,0,0,0,0,0,0,4,0,39.9219,-75.1888, , 
39146,464883,2014059061,6,67,67301,2014,5,3,1520,15,1,1,0,8,1, , ,N,1,2,0,3,0,2,5,4,N,Y,39 58:26.859,75 12:15.536,1530, ,1525,2,2,5,N, ,3,Y, , , , , , , , ,2,0,0,0,0,0,1,1,0,0,0,2,2,0,1,0,0,0,0,0,0,0,0,0,0,0,0,0,0,0,0,0,2,0,0,4,0,39.9741,-75.2043, , 
39147,464886,2014061096,6,67,67301,2014,5,2,800,8,1,1,0,8,1, , ,N,0,0,0,3,0,1,6,2,N,N,39 59:08.314,75 06:09.090,820, ,815, ,0, ,N, ,0, , , , , , , , , ,1,0,0,0,0,0,1,0,0,0,0,1,1,0,0,0,0,1,0,0,0,0,0,0,0,0,0,0,0,0,0,0,1,0,0,4,0,39.9856,-75.1025, , 
39148,464912,2014111470,6,67,67301,2014,10,7,1525,15,8,1,0,4,1, , ,N,1,3,0,3,0,2,3,3,N,N,40 02:12.433,75 04:09.245,1530, ,1528,2,2,2, , ,3,Y, , , , , , , , ,3,3,0,0,0,0,0,0,0,0,2,0,2,0,0,0,0,0,0,0,1,0,0,0,0,0,0,0,0,0,0,0,0,0,0,3,0,40.0368,-75.0692, , 
39149,464933,2014049772,6,67,67301,2014,4,5,1812,18,1,1,0,4,1, , ,N,1,3,0,3,0,2,2,2,N,N,40 03:31.504,75 03:02.099,1819, ,1814, ,0, ,N, ,3, , , , , , , , , ,2,2,0,0,0,0,0,0,0,1,0,1,2,0,0,0,0,0,0,0,0,0,1,0,0,0,0,0,0,0,0,0,0,0,0,2,0,40.0588,-75.0506, , 
39150,462019,2014120901,6,67,67301,2014,11,4,1340,13,1,1,0,4,1, , ,N,1,2,0,3,0,2,3,2,N,N,40 05:49.711,75 01:05.375,1420, ,1416, ,0, ,N, ,3, , , , , , , , , ,2,1,0,0,0,0,1,0,0,0,0,0,2,2,0,0,0,0,0,0,0,0,0,0,0,0,0,0,0,0,0,0,0,0,0,8,0,40.0971,-75.0182, , 
39151,462021,2014125068,6,67,67301,2014,11,5,2335,23,3,1,0,4,1, , ,N,0,0,7,3,0,2,5,2,N,Y,40 03:02.074,75 04:39.810,2340, ,2335,2,1,2,N, ,0,Y, , , , , , , , ,2,1,0,0,0,0,1,0,0,0,0,2,2,0,0,0,0,0,1,0,0,0,0,0,0,0,0,0,0,0,0,0,0,0,0,4,0,40.0506,-75.0777, , 
39152,462034,2014059154,6,67,67301,2014,5,3,1931,19,1,1,0,4,1, , ,N,1,3,0,3,0,1,3,2,N,N,40 01:48.057,75 04:01.999,1940, ,1937, ,0, ,N, ,3, , , , , , , , , ,1,1,0,0,0,0,0,0,1,0,1,0,1,0,0,0,0,0,0,0,0,0,0,0,0,0,0,0,0,0,0,0,0,0,0,3,0,40.03,-75.0672, , 
39153,462038,2014065545,6,67,67301,2014,5,6,1456,14,1,1,0,4,1, , ,N,2,0,7,3,0,3,3,2,N,N,39 55:59.851,75 08:41.348,1605, ,1558,3,2,3,N, ,0,N, , , , , , , , ,2,2,0,0,0,0,0,0,0,0,1,0,3,2,0,0,0,0,0,0,0,0,1,1,0,0,0,0,0,0,0,0,0,0,0,3,0,39.9333,-75.1448, , 
39154,462054,2014067918,6,67,67301,2014,5,7,1415,14,1,1,0,4,1, , ,N,1,3,0,3,0,1,2,2,N,N,39 59:50.607,75 10:25.571,1418, ,1418, ,0, ,N, ,3, , , , , , , , , ,2,1,0,0,0,0,1,0,0,0,0,0,1,1,0,0,0,0,0,0,0,0,0,0,0,0,0,0,0,0,0,0,0,0,0,8,0,39.9974,-75.1738, , 
39155,462069,2014093555,6,67,67301,2014,9,5,1721,17,1,1,0,2,1, , ,N,1,2,0,3,0,2,5,3,N,N,40 02:57.481,75 04:04.310,1733, ,1729,1,2,7, , ,3,Y, , , , , , , , ,3,3,0,0,0,0,0,0,0,0,2,0,2,0,0,0,0,0,0,0,0,0,0,0,0,0,0,0,0,0,0,0,0,0,0,3,0,40.0493,-75.0679, , 
39156,462093,2014061078,6,67,67301,2014,5,3,1647,16,1,1,0,4,1, , ,N,1,3,0,3,0,1,2,2,N, ,39 56:22.034,75 10:11.114,1651, ,1647, ,0, , , ,3, , , , , , , , , ,1,0,0,0,0,0,0,0,1,0,0,1,1,0,1,0,0,0,0,0,0,0,0,0,0,0,0,0,0,0,0,0,0,0,0,4,0,39.9395,-75.1698, , 
39157,462129,2014088285,6,67,67301,2014,7,4,920,9,1,1,0,8,1, , ,N,1,2,0,3,0,1,3,2,N,N,39 56:37.146,75 09:55.602,927, ,924, ,0, ,N, ,3, , , , , , , , , ,1,1,0,0,0,0,0,0,0,0,0,0,1,1,0,0,0,0,0,0,0,0,0,1,0,0,0,0,0,0,0,0,1,0,0,8,0,39.9437,-75.1654, , 
39158,462153,2014074519,6,67,67301,2014,6,2,1243,12,1,1,0,2,1, , ,N,0,0,0,3,0,2,5,4,N,N,40 02:32.438,75 06:18.628,1347, ,1345,1,2,5,N, ,0,Y, , , , , , , , ,4,3,0,0,1,0,0,0,0,0,0,0,2,2,0,0,0,0,0,0,0,1,0,0,0,0,0,0,0,0,0,0,0,0,0,8,0,40.0423,-75.1052, , 
39159,462154,2014078396,6,67,67301,2014,6,1,1732,17,1,1,0,1,6, , ,N,0,0,0,3,0,1,1,3,N,N,40 00:24.318,75 08:49.290,1745, ,1733,3,2,2,N, ,0,Y, , , , , , , , ,3,1,1,0,0,0,1,0,0,0,1,0,1,0,0,0,0,0,0,0,0,0,0,0,0,0,0,0,0,0,0,0,0,0,0,3,0,40.0068,-75.147, , 
39160,462155,2014078757,6,67,67301,2014,6,1,2130,21,3,1,0,4,1, , ,N,1,2,0,3,0,1,2,2,N,N,39 56:34.191,75 09:01.951,2130, ,2130, ,0, , , ,3, , , , , , , , , ,2,1,0,0,0,0,1,0,0,0,0,1,1,0,1,0,0,0,0,0,0,0,0,0,0,0,0,0,0,0,0,0,0,0,0,4,0,39.9428,-75.1505, , 
39161,462158,2014081446,6,67,67301,2014,6,6,1950,19,1,1,0,1,6, , ,N,2,0,0,3,0,1,4,2,N, ,40 02:18.099,75 05:08.113,2002, ,1955, ,0, , , ,0, , , , , , , , , ,2,1,0,0,0,0,0,1,0,0,0,1,1,0,0,0,0,0,0,0,0,0,0,1,0,0,0,0,0,0,0,0,0,0,0,4,0,40.0384,-75.0856, , 
39162,462164,2014087898,6,67,67301,2014,8,7,1100,11,1,1,0,4,1, , ,N,1,2,0,3,0,1,2,2,N,N,39 54:12.423,75 14:35.429,1223, ,1218, ,0, , , ,3, , , , , , , , , ,2,2,0,0,0,0,0,0,0,0,0,1,1,0,0,0,0,0,0,0,0,0,0,0,0,0,0,0,0,0,0,0,0,0,0,4,0,39.9035,-75.2432, , 
39163,462166,2014091281,6,67,67301,2014,8,2,2328,23,3,1,0,5,6, , ,N,0,0,0,3,0,1,1,4,N,N,39 57:48.585,75 14:24.691,2350, ,2341, ,0, , , ,0, , , , , , , , , ,4,3,0,0,1,0,0,0,0,0,1,0,1,0,0,0,0,0,0,0,0,0,0,0,0,0,0,0,0,0,0,0,0,0,0,3,0,39.9635,-75.2402, , 
39164,462180,2014099169,6,67,67301,2014,9,4,1415,14,1,1,0,8,1, , ,N,1,0,0,3,0,1,2,2,N,N,39 57:08.168,75 10:06.941,1425, ,1415, ,0, ,N, ,0, , , , , , , , , ,1,1,0,0,0,0,0,0,0,0,0,1,1,0,0,0,0,0,0,0,0,0,0,0,0,0,0,0,0,0,0,0,1,0,0,4,0,39.9523,-75.1686, , 
39165,462189,2014065552,6,67,67301,2014,5,3,1942,19,1,1,0,8,1, , ,N,0,0,0,3,0,1,4,2,N,N,39 59:59.049,75 07:07.946,1950, ,1946, ,0, ,N, ,0, , , , , , , , , ,1,1,0,0,0,0,0,0,0,0,0,1,1,0,0,0,0,0,0,1,0,0,0,0,0,0,0,0,0,0,0,0,1,0,0,4,0,39.9997,-75.1189, , 
39166,462197,2014125036,6,67,67301,2014,11,4,1715,17,3,2,1,8,1, , ,N,1,2,0,3,0,1,2,2,N, ,39 58:28.020,75 09:31.391,1805, ,1800, ,0, , , ,3, , , , , , , , , ,1,0,0,0,0,0,1,0,0,0,0,1,1,0,0,0,0,0,0,0,1,0,0,0,0,0,0,0,0,0,0,0,1,0,0,4,0,39.9745,-75.1587, , 
39167,462208,2015009675,6,67,67301,2014,11,7,1833,18,3,1,0,1,6, , ,N,0,0,0,3,0,0,1,4,N,N,40 03:13.554,75 01:39.651,1840, ,1833, ,0, ,N, ,0, , , , , , , , , ,4,2,0,0,1,0,1,0,0,0,0,0,0,0,0,0,0,0,0,0,0,0,0,0,0,0,0,0,0,0,0,0,0,0,0,0,0,40.0538,-75.0277, , 
39168,456221,2014059263,6,67,67301,2014,5,6,1811,18,1,1,1,2,1, , ,N,0,0,0,3,0,1,3,4,N,N,39 59:01.996,75 10:36.880,1814, ,1812,2,2,6, , ,0,Y, , , , , , , , ,4,3,0,0,0,0,1,0,0,0,0,0,1,1,0,0,0,0,0,0,0,1,0,0,0,0,0,0,0,0,0,0,0,0,0,8,0,39.9839,-75.1769, , 
39169,456228,2014067965,6,67,67301,2014,5,5,1630,16,1,1,0,8,1, , ,N,1,2,0,3,0,1,2,2,N,N,40 01:40.344,75 03:36.560,1648, ,1645, ,0, ,N, ,3, , , , , , , , , ,1,1,0,0,0,0,0,0,0,0,0,1,1,0,0,0,0,0,0,0,0,0,0,0,0,0,0,0,0,0,0,0,1,0,0,4,0,40.0278,-75.0601, , 
39170,456243,2014079269,6,67,67301,2014,5,7,9999,99,1,1,0,4,1, , ,N,2,2,0,3,0,1,2,3,N,N,39 59:39.656,75 11:08.861,640, ,639,9,2,1, , ,3,Y, , , , , , , , ,3,2,1,0,0,0,0,0,0,0,0,0,1,1,0,0,0,0,0,0,0,1,0,0,0,0,0,0,0,0,0,0,0,0,0,8,0,39.9943,-75.1858, , 
39171,456244,2014080602,6,67,67301,2014,6,6,2355,23,3,1,0,7,1, , ,N,0,0,0,3,0,3,9,3,N,N,40 00:01.233,75 11:41.536,2359, ,2356,2,2,4,N, ,0,N, , , , , , , , ,3,2,0,0,0,0,1,0,0,0,1,2,3,0,0,0,0,0,0,0,1,0,0,0,0,0,0,0,0,0,0,0,0,0,0,3,0,40.0003,-75.1949, , 
39172,456248,2014088957,6,67,67301,2014,8,6,1445,14,1,1,0,4,1, , ,N,1,2,1,3,0,1,2,2,N,N,39 56:02.515,75 11:10.165,1635, ,1505, ,0, ,N, ,3, , , , , , , , , ,1,1,0,0,0,0,0,0,1,0,0,1,1,0,0,0,0,0,0,0,0,0,0,0,0,0,0,0,0,0,0,0,0,0,0,4,0,39.934,-75.1862, , 
39173,456249,2014089009,6,67,67301,2014,7,6,9999,99,2,1,0,6,1, , ,N,0,2,0,3,0,4,4,3,N,N,40 01:50.536,75 07:04.945,2015, ,2010, ,0, ,N, ,3, , , , , , , , , ,3,2,0,0,0,0,1,0,0,0,0,4,4,0,0,0,0,0,0,0,1,0,0,0,0,0,0,0,0,0,0,0,0,0,0,4,0,40.0307,-75.118, , 
39174,456256,2014095881,6,67,67301,2014,9,4,611,6,3,1,0,4,1, , ,N,2,2,0,3,0,1,2,2,N, ,39 53:15.430,75 14:52.961,759, ,736, ,0, , , ,3, , , , , , , , , ,2,0,1,0,0,0,0,1,0,0,1,0,1,0,1,0,0,0,0,0,1,0,0,0,0,0,0,0,0,0,0,0,0,0,0,3,0,39.8875,-75.248, , 
39175,456262,2014058832,6,67,67301,2014,5,1,1554,15,1,1,0,7,4, , ,N,0,0,8,3,1,0,1,1,N,N,39 57:25.702,75 08:36.979,1601, ,1557,1,2,4,N,0,0,N, , , , , , , , ,1,0,1,0,0,0,0,0,0,0,0,0,0,0,0,0,0,0,0,0,0,0,0,0,0,0,0,0,1,0,0,0,0,0,0,1,0,39.9571,-75.1436,1, 
39176,456275,2014083938,6,67,67301,2014,8,7,239,2,3,1,0,7,2, , ,N,0,0,0,3,0,0,3,1,N,N,40 03:41.006,75 02:35.530,241, ,240,2,1,1,Y, ,0,N, , , , , , , , ,1,1,0,0,0,0,0,0,0,0,0,0,0,0,1,0,0,0,0,1,0,0,0,2,0,0,0,0,0,0,0,0,0,0,0,9,0,40.0614,-75.0432, , 
39177,456276,2014084379,6,67,67301,2014,6,1,9999,99,1,1,0,8,1, , ,N,0,0,0,3,0,1,2,2,N,N,40 01:10.041,75 09:32.180,9999, ,9999, ,0, ,N, ,0, , , , , , , , , ,1,0,0,0,0,0,1,0,0,0,0,0,1,1,0,0,0,0,0,0,0,0,0,0,0,0,0,0,0,0,0,0,1,0,0,8,0,40.0195,-75.1589, , 