objectid_1,objectid,crn,district,county,municipality,crash_year,crash_month,day_of_week,time_of_day,hour_of_day,illumination,weather,road_condition,collision_type,relation_to_road,work_zone_type,work_zone_loc,work_zone_ind,intersect_type,tcd_type,location_type,urban_rural,fatal_count,injury_count,person_count,total_units,sch_bus_ind,sch_zone_ind,latitude,longitude,arrival_tm,cons_zone_spd_lim,dispatch_tm,est_hrs_closed,lane_closed,ln_close_dir,ntfy_hiwy_maint,spec_juris_cd,tcd_func_cd,tfc_detour_ind,workers_pres,wz_close_detour,wz_flagger,wz_law_offcr_ind,wz_ln_closure,wz_moving,wz_other,wz_shlder_mdn,vehicle_count,automobile_count,motorcycle_count,bus_count,small_truck_count,heavy_truck_count,suv_count,van_count,bicycle_count,maj_inj_count,mod_inj_count,min_inj_count,tot_inj_count,unk_inj_deg_count,unk_inj_per_count,driver_count_16yr,driver_count_17yr,driver_count_18yr,driver_count_19yr,driver_count_20yr,driver_count_50_64yr,driver_count_65_74yr,driver_count_75plus,unbelted_occ_count,unb_death_count,unb_maj_inj_count,belted_death_count,belted_maj_inj_count,mcycle_death_count,mcycle_maj_inj_count,bicycle_death_count,bicycle_maj_inj_count,ped_count,ped_death_count,ped_maj_inj_count,max_severity_level,comm_veh_count,dec_lat,dec_long,rdwy_surf_type_cd,county_name
39245,456465,2014065584,6,67,67301,2014,5,3,2130,21,6,9,8,8,1, , ,N,0,0,0,3,0,1,2,2,N, ,39 58:55.442,75 10:37.454,2130, ,1950, ,0, , , ,0, , , , , , , , , ,1,1,0,0,0,0,0,0,0,0,0,0,1,1,0,0,0,0,0,0,0,1,0,0,0,0,0,0,0,0,0,0,1,0,0,8,0,39.9821,-75.1771, , 
39246,456486,2014087876,6,67,67301,2014,8,6,9999,99,1,1,0,1,1, , ,N,0,0,0,3,0,1,2,2,N,N,40 06:14.967,75 00:09.257,1032, ,1022,2,1,2,N, ,0,N, , , , , , , , ,2,2,0,0,0,0,0,0,0,0,0,1,1,0,0,0,0,0,0,0,0,0,1,0,0,0,0,0,0,0,0,0,0,0,0,4,0,40.1042,-75.0026, , 
39247,456524,2014042623,6,67,67301,2014,3,5,9999,99,1,1,0,8,1, , ,N,2,0,0,3,0,1,4,2,N,N,40 01:47.072,75 04:25.252,1620, ,1603, ,0, ,N, ,0, , , , , , , , , ,1,1,0,0,0,0,0,0,0,0,0,1,1,0,0,0,0,0,0,0,1,0,0,0,0,0,0,0,0,0,0,0,1,0,0,4,0,40.0297,-75.0737, , 
39248,456531,2014051757,6,67,67301,2014,4,1,1144,11,1,1,0,1,1, , ,N,1,2,0,3,0,0,3,3,N,N,40 02:46.600,75 11:32.477,1144, ,1144, ,0, ,N, ,3, , , , , , , , , ,3,1,0,0,0,0,1,1,0,0,0,0,0,0,0,0,0,0,0,0,0,1,0,0,0,0,0,0,0,0,0,0,0,0,0,0,0,40.0463,-75.1924, , 
39249,456543,2014064852,6,67,67301,2014,6,6,1345,13,1,1,0,1,1, , ,N,0,0,0,3,0,0,3,3,N,N,39 59:27.633,75 05:11.743,1402, ,1345, ,0, ,N, ,0, , , , , , , , , ,3,2,0,0,0,0,1,0,0,0,0,0,0,0,0,0,0,0,0,0,1,0,0,0,0,0,0,0,0,0,0,0,0,0,0,0,0,39.991,-75.0866, , 
39250,456579,2014091377,6,67,67301,2014,8,5,1855,18,1,1,0,4,1,8,8,Y,1,2,0,3,0,2,2,2,N,N,40 01:26.280,75 02:07.317,1909,99,1907, ,0, ,N, ,3, ,U,U,U,U,U,U,U,U,2,1,0,0,0,0,1,0,0,0,0,1,2,1,0,0,0,0,0,0,1,0,0,0,0,0,0,0,0,0,0,0,0,0,0,4,0,40.024,-75.0354, , 
39251,456583,2014093504,6,67,67301,2014,9,1,1137,11,1,1,0,1,1, , ,N,0,0,0,3,0,1,4,3,N,N,39 54:24.162,75 11:01.345,1155, ,1137,1,1,3,N, ,0,N, , , , , , , , ,3,2,0,0,0,0,1,0,0,0,1,0,1,0,0,0,0,0,0,0,1,0,0,0,0,0,0,0,0,0,0,0,0,0,0,3,0,39.9067,-75.1837, , 
39252,456598,2014068087,6,67,67301,2014,6,6,1225,12,1,1,0,4,1, , ,N,1,2,0,3,0,1,4,3,N,N,40 00:04.993,75 06:52.034,1235, ,1230, ,0, ,N, ,3, , , , , , , , , ,3,3,0,0,0,0,0,0,0,0,0,0,1,1,0,0,0,0,0,0,0,0,0,0,0,0,0,0,0,0,0,0,0,0,0,8,0,40.0014,-75.1145, , 
39253,456599,2014068138,6,67,67301,2014,6,7,1300,13,1,1,0,4,1, , ,N,0,0,7,3,0,0,3,3,N,N,39 56:22.130,75 11:53.326,1330, ,1313, ,0, ,N, ,0, , , , , , , , , ,3,1,0,0,0,0,1,1,0,0,0,0,0,0,1,0,0,0,0,0,2,0,0,0,0,0,0,0,0,0,0,0,0,0,0,9,0,39.9395,-75.1981, , 
39254,456603,2014091727,6,67,67301,2014,9,5,712,7,1,1,0,4,1, , ,N,1,2,0,3,0,4,6,2,Y,N,39 59:41.841,75 08:15.550,825, ,800,3,2,3,N, ,3,Y, , , , , , , , ,2,0,0,1,1,0,0,0,0,0,2,1,4,1,0,0,0,0,0,0,0,0,0,0,0,0,0,0,0,0,0,0,0,0,0,3,1,39.995,-75.1377, , 
39255,456609,2014094005,6,67,67301,2014,8,1,435,4,3,1,0,0,1, , ,N,0,0,0,3,0,1,1,1,N,N,39 59:54.505,75 04:51.482,444, ,436,1,1,1,N, ,0,N, , , , , , , , ,1,0,0,0,0,0,1,0,0,0,0,1,1,0,0,0,0,0,0,0,0,0,0,0,0,0,0,0,0,0,0,0,0,0,0,4,0,39.9985,-75.081, , 
39256,456615,2014098730,6,67,67301,2014,9,5,1154,11,1,1,1,4,1, , ,N,1,3,0,3,0,1,2,2,N, ,40 03:34.564,75 11:16.091,1205, ,1200, ,0, , , ,3, , , , , , , , , ,2,2,0,0,0,0,0,0,0,0,0,0,1,1,0,0,0,0,0,0,0,0,0,0,0,0,0,0,0,0,0,0,0,0,0,8,0,40.0596,-75.1878, , 
39257,456616,2014100101,6,67,67301,2014,10,7,1310,13,1,2,1,7,2, , ,N,0,0,2,3,0,0,1,1,N,N,39 57:18.899,75 08:52.886,1315, ,1313, ,0, ,N, ,0, , , , , , , , , ,1,1,0,0,0,0,0,0,0,0,0,0,0,0,0,0,0,0,0,0,0,0,0,0,0,0,0,0,0,0,0,0,0,0,0,0,0,39.9552,-75.148, , 
39258,459266,2014054557,6,67,67301,2014,5,5,1509,15,1,1,0,4,1, , ,N,0,0,7,3,0,0,4,2,N,N,40 05:13.583,75 02:26.604,1540, ,1521,9,1,4,N, ,0,N, , , , , , , , ,2,1,0,0,0,0,1,0,0,0,0,0,0,0,0,0,0,0,0,0,0,0,1,0,0,0,0,0,0,0,0,0,0,0,0,0,0,40.0871,-75.0407, , 
39259,459276,2014065534,6,67,67301,2014,5,4,1200,12,1,1,0,5,1, , ,N,0,0,0,3,0,0,2,2,N, ,40 00:43.657,75 07:54.267,1300, ,1300, ,0, , , ,0, , , , , , , , , ,2,1,0,0,0,0,1,0,0,0,0,0,0,0,0,0,0,0,0,0,0,0,0,0,0,0,0,0,0,0,0,0,0,0,0,0,0,40.0121,-75.1317, , 
39260,459291,2014078921,6,67,67301,2014,5,6,201,2,3,1,0,4,1, , ,N,1,2,0,3,0,2,4,2,N,N,39 57:16.485,75 13:33.593,204, ,202, ,0, ,N, ,3, , , , , , , , , ,2,1,0,0,0,0,1,0,0,0,1,1,2,0,0,0,0,0,0,0,0,0,0,0,0,0,0,0,0,0,0,0,0,0,0,3,0,39.9546,-75.226, , 
39261,459301,2014073683,6,67,67301,2014,7,2,1455,14,1,1,0,4,1, , ,N,2,2,0,3,0,2,5,2,N,N,39 59:01.993,75 09:30.509,1505, ,1500, ,0, ,N, ,3, , , , , , , , , ,2,2,0,0,0,0,0,0,0,0,0,2,2,0,1,0,0,0,0,0,0,0,0,0,0,0,0,0,0,0,0,0,0,0,0,4,0,39.9839,-75.1585, , 
39262,459302,2014074493,6,67,67301,2014,6,3,645,6,1,1,1,4,1, , ,N,1,3,0,3,0,1,2,3,N,N,39 55:07.503,75 09:21.139,653, ,649, ,0, ,N, ,3, , , , , , , , , ,3,1,0,0,1,0,0,1,0,0,0,0,1,1,0,0,0,0,0,0,1,0,0,0,0,0,0,0,0,0,0,0,0,0,0,8,0,39.9188,-75.1559, , 
39263,459331,2014087833,6,67,67301,2014,7,5,815,8,1,1,0,4,1, , ,N,2,3,0,3,0,2,5,8,N, ,40 00:34.916,75 07:05.242,815, ,815, ,0, , , ,3, , , , , , , , , ,8,2,0,0,1,0,4,1,0,0,0,2,2,0,0,0,0,0,0,0,1,0,0,0,0,0,0,0,0,0,0,0,0,0,0,4,0,40.0097,-75.1181, , 
39264,459342,2014098685,6,67,67301,2014,9,1,1000,10,1,1,0,4,1, , ,N,1,3,0,3,0,0,5,2,N,N,39 58:18.127,75 10:54.134,1010, ,1005, ,0, , , ,3, , , , , , , , , ,2,2,0,0,0,0,0,0,0,0,0,0,0,0,0,0,0,0,0,0,0,0,0,0,0,0,0,0,0,0,0,0,0,0,0,0,0,39.9717,-75.1817, , 
39265,459350,2014068176,6,67,67301,2014,6,1,10,0,3,1,0,4,1, , ,N,1,2,0,3,0,2,5,2,N,N,39 57:08.527,75 08:48.441,18, ,12,1,1,2,N, ,3,Y, , , , , , , , ,2,2,0,0,0,0,0,0,0,0,0,0,2,2,0,0,0,0,0,1,0,0,0,0,0,0,0,0,0,0,0,0,0,0,0,8,0,39.9524,-75.1468, , 
39266,459356,2014068094,6,67,67301,2014,6,6,1200,12,1,1,0,5,6, , ,N,0,0,0,3,0,1,1,2,N, ,40 04:05.088,75 10:49.209,1220, ,1215, ,0, , , ,0, , , , , , , , , ,2,2,0,0,0,0,0,0,0,0,0,1,1,0,0,0,0,0,1,0,0,0,0,0,0,0,0,0,0,0,0,0,0,0,0,4,0,40.0681,-75.1803, , 
39267,459372,2014082737,6,67,67301,2014,8,5,1641,16,1,1,0,1,1, , ,N,0,0,0,3,0,1,5,3,N,N,40 02:17.985,75 00:37.771,1654, ,1642,1,1,2,N, ,0,N, , , , , , , , ,3,2,0,0,0,0,1,0,0,0,0,0,1,1,0,0,0,0,0,1,0,0,0,0,0,0,0,0,0,0,0,0,0,0,0,8,0,40.0383,-75.0105, , 
39268,459376,2014088709,6,67,67301,2014,8,4,20,0,3,1,0,1,6, , ,N,2,0,0,3,0,1,1,3,N, ,40 02:49.034,75 05:02.579,23, ,11,1,2,6, , ,0,Y, , , , , , , , ,3,1,0,0,0,0,2,0,0,0,0,0,1,1,0,0,0,0,0,0,1,0,0,0,0,0,0,0,0,0,0,0,0,0,0,8,0,40.047,-75.084, , 
39269,459411,2014084426,6,67,67301,2014,7,1,2045,20,3,1,0,1,1, , ,N,3,3,0,3,0,1,3,2,N, ,40 04:31.404,75 02:30.580,2048, ,2047, ,0, , , ,3, , , , , , , , , ,2,2,0,0,0,0,0,0,0,0,0,0,1,1,0,0,0,0,0,0,0,0,0,0,0,0,0,0,0,0,0,0,0,0,0,8,0,40.0754,-75.0418, , 
39270,459444,2014061073,6,67,67301,2014,5,3,1930,19,4,1,0,1,6, , ,N,0,0,0,3,0,0,1,4,N, ,39 58:16.659,75 10:06.388,1950, ,1945, ,0, , , ,0, , , , , , , , , ,4,3,0,0,0,0,1,0,0,0,0,0,0,0,0,0,0,0,0,0,0,0,0,0,0,0,0,0,0,0,0,0,0,0,0,0,0,39.9713,-75.1684, , 
39271,459454,2014063178,6,67,67301,2014,6,1,612,6,1,1,0,7,3, , ,N,0,0,0,3,0,0,1,1,N,N,39 58:07.463,75 07:40.664,627, ,616, ,0, ,N, ,0, , , , , , , , , ,1,1,0,0,0,0,0,0,0,0,0,0,0,0,0,0,0,0,0,0,0,0,0,0,0,0,0,0,0,0,0,0,0,0,0,0,0,39.9687,-75.128, , 
39272,459465,2014078754,6,67,67301,2014,5,6,1845,18,1,1,0,8,1, , ,N,0,0,0,3,0,1,2,2,N,N,39 57:19.386,75 13:36.631,1340, ,1737, ,0, , , ,0, , , , , , , , , ,1,1,0,0,0,0,0,0,0,1,0,0,1,0,0,0,0,0,0,0,1,0,0,1,0,0,0,0,0,0,0,0,1,0,1,2,0,39.9554,-75.2268, , 
39273,459473,2014087938,6,67,67301,2014,7,6,1120,11,1,1,0,8,1, , ,N,2,0,0,3,0,1,2,2,N,N,39 59:23.964,75 06:40.492,1225, ,1204, ,0, , , ,0, , , , , , , , , ,1,0,0,0,1,0,0,0,0,0,0,0,1,1,0,0,0,0,0,0,1,0,0,0,0,0,0,0,0,0,0,0,1,0,0,8,0,39.99,-75.1112, , 
39274,459474,2014088051,6,67,67301,2014,7,5,852,8,1,1,0,1,1, , ,N,1,2,0,3,0,1,2,2,N,N,40 01:15.937,75 08:23.758,855, ,853, ,0, ,N, ,3, , , , , , , , , ,2,1,0,0,0,1,0,0,0,0,0,1,1,0,0,0,0,0,0,0,1,0,0,0,0,0,0,0,0,0,0,0,0,0,0,4,1,40.0211,-75.1399, , 
39275,459482,2014099228,6,67,67301,2014,9,2,1655,16,1,1,0,5,1, , ,N,0,0,0,3,0,2,2,2,N,N,40 01:26.266,75 06:48.373,1716, ,1716, ,0, , , ,0, , , , , , , , , ,2,2,0,0,0,0,0,0,0,0,0,2,2,0,0,0,0,0,0,0,0,0,0,0,0,0,0,0,0,0,0,0,0,0,0,4,0,40.024,-75.1134, , 
39276,465120,2014061081,6,67,67301,2014,5,6,1922,19,3,1,0,7,4, , ,N,0,0,0,3,0,1,1,1,N,N,40 00:21.512,75 09:55.125,1935, ,1935, ,0, , , ,0, , , , , , , , , ,1,0,0,0,1,0,0,0,0,0,0,0,1,1,0,0,0,0,0,0,1,0,0,0,0,0,0,0,0,0,0,0,0,0,0,8,0,40.006,-75.1653, , 
39277,465122,2014068191,6,67,67301,2014,6,6,1702,17,1,2,1,4,1, , ,N,0,0,7,3,0,0,3,2,N,N,40 01:48.182,75 02:07.119,1710, ,1710, ,0, ,N, ,0, , , , , , , , , ,2,2,0,0,0,0,0,0,0,0,0,0,0,0,0,0,0,0,0,0,0,0,0,0,0,0,0,0,0,0,0,0,0,0,0,0,0,40.0301,-75.0353, , 
39278,465141,2014084357,6,67,67301,2014,7,6,51,0,3,2,1,4,1, , ,N,1,2,0,3,0,0,2,2,N,N,39 57:38.428,75 08:28.873,51, ,51, ,0, ,N, ,3, , , , , , , , , ,2,1,0,0,0,0,1,0,0,0,0,0,0,0,0,0,0,0,0,0,0,0,0,0,0,0,0,0,0,0,0,0,0,0,0,0,0,39.9606,-75.1414, , 
39279,465146,2014088650,6,67,67301,2014,8,5,1845,18,1,1,0,8,1, , ,N,1,0,0,3,0,1,2,2,N,N,39 58:06.643,75 12:56.584,1853, ,1852, ,0, ,N, ,0, , , , , , , , , ,1,1,0,0,0,0,0,0,0,0,0,1,1,0,0,0,0,0,0,0,0,0,0,0,0,0,0,0,0,0,0,0,1,0,0,4,0,39.9685,-75.2157, , 
39280,465149,2014091368,6,67,67301,2014,9,3,1632,16,1,1,0,4,1, , ,N,0,0,7,3,0,1,2,2,N, ,40 00:36.733,75 10:27.909,1710, ,1703, ,0, , , ,0, , , , , , , , , ,2,2,0,0,0,0,0,0,0,0,0,1,1,0,0,0,0,0,0,0,0,0,0,0,0,0,0,0,0,0,0,0,0,0,0,4,0,40.0102,-75.1744, , 
39281,465151,2014093542,6,67,67301,2014,9,5,1757,17,1,1,0,6,1, , ,N,0,0,3,3,0,1,4,4,N, ,40 00:32.163,75 11:49.417,1804, ,1759,2,2,6, , ,0,Y, , , , , , , , ,4,2,0,0,0,0,1,1,0,0,0,1,1,0,0,0,0,0,0,0,0,1,0,0,0,0,0,0,0,0,0,0,0,0,0,4,0,40.0089,-75.1971, , 
39282,465169,2014109921,6,67,67301,2014,10,6,2238,22,3,1,0,1,1, , ,N,0,0,3,3,0,0,5,3,N, ,39 54:13.625,75 11:53.129,2258, ,2238, ,0, , , ,0, , , , , , , , , ,3,1,0,0,2,0,0,0,0,0,0,0,0,0,0,0,0,0,0,0,1,0,0,0,0,0,0,0,0,0,0,0,0,0,0,0,0,39.9038,-75.1981, , 
39283,465170,2014109927,6,67,67301,2014,10,4,2230,22,3,2,1,1,1, , ,N,1,2,0,3,0,1,2,2,N,N,39 57:44.941,75 12:24.826,2240, ,2234, ,0, ,N, ,3, , , , , , , , , ,1,1,0,0,0,0,0,0,1,0,0,1,1,0,0,0,0,0,0,0,0,0,0,1,0,0,0,0,0,0,0,0,0,0,0,4,0,39.9625,-75.2067, , 
39284,465199,2014078073,6,67,67301,2014,8,5,726,7,1,1,0,4,1, , ,N,0,0,0,3,0,0,3,3,N,N,39 52:55.483,75 14:43.559,737, ,727,2,1,1,N, ,0,N, , , , , , , , ,3,3,0,0,0,0,0,0,0,0,0,0,0,0,0,0,0,0,0,0,0,0,0,0,0,0,0,0,0,0,0,0,0,0,0,0,0,39.8821,-75.2454, , 
39285,465201,2014081499,6,67,67301,2014,6,6,1425,14,1,1,0,1,1, , ,N,0,0,0,3,0,1,5,4,N, ,39 57:11.983,75 11:55.795,1445, ,1435,9,1,1, , ,0,N, , , , , , , , ,4,3,0,0,0,0,1,0,0,0,1,0,1,0,0,0,0,0,0,0,1,0,0,0,0,0,0,0,0,0,0,0,0,0,0,3,0,39.9533,-75.1988, , 
39286,465202,2014084397,6,67,67301,2014,7,4,1225,12,1,1,0,4,1, , ,N,1,2,0,3,0,3,3,2,N,N,40 03:25.064,75 05:18.129,1242, ,1233,1,1,5,N, ,3,N, , , , , , , , ,2,1,0,0,0,0,0,1,0,0,0,3,3,0,0,0,0,0,0,0,1,1,0,0,0,0,0,0,0,0,0,0,0,0,0,4,0,40.057,-75.0884, , 
39287,465203,2014084437,6,67,67301,2014,7,3,2200,22,3,1,0,1,1, , ,N,0,0,3,3,0,2,2,2,N,N,39 54:10.263,75 14:23.091,2211, ,2209, ,0, ,N, ,0, , , , , , , , , ,2,2,0,0,0,0,0,0,0,0,1,0,2,1,0,0,0,0,0,0,0,0,0,1,0,0,0,0,0,0,0,0,0,0,0,3,0,39.9029,-75.2397, , 
39288,465208,2014091347,6,67,67301,2014,9,7,1559,15,1,1,0,8,1, , ,N,0,0,0,3,0,1,2,2,N,N,39 59:32.892,75 08:52.684,1615, ,1610, ,0, , , ,0, , , , , , , , , ,1,1,0,0,0,0,0,0,0,0,0,1,1,0,0,0,0,0,0,0,0,0,0,0,0,0,0,0,0,0,0,0,1,0,0,4,0,39.9925,-75.148, , 
39289,465222,2014104605,6,67,67301,2014,10,3,734,7,1,1,0,1,1, , ,N,0,0,0,3,0,1,2,2,N,N,40 06:24.455,74 59:42.986,741, ,735, ,0, , , ,0, , , , , , , , , ,2,2,0,0,0,0,0,0,0,0,0,0,1,1,0,0,0,0,1,0,0,0,1,0,0,0,0,0,0,0,0,0,0,0,0,8,0,40.1068,-74.9953, , 
39290,465236,2014110392,6,67,67301,2014,10,4,1255,12,1,2,1,4,1, , ,N,1,3,0,3,0,1,4,3,N,N,40 02:14.971,75 02:07.637,1302, ,1256, ,0, ,N, ,3, , , , , , , , , ,3,2,0,0,0,0,1,0,0,0,0,1,1,0,2,0,1,0,0,0,0,0,0,0,0,0,0,0,0,0,0,0,0,0,0,4,0,40.0375,-75.0355, , 
39291,465247,2014120853,6,67,67301,2014,11,4,915,9,1,1,0,4,1, , ,N,2,3,0,3,0,1,2,2,N,N,39 54:26.334,75 13:41.041,917, ,915, ,0, , , ,3, , , , , , , , , ,2,1,0,0,0,0,0,1,0,0,0,0,1,1,0,0,0,0,0,0,0,0,0,0,0,0,0,0,0,0,0,0,0,0,0,8,0,39.9073,-75.2281, , 
39292,465254,2014125093,6,67,67301,2014,11,2,855,8,1,2,1,1,1, , ,N,0,0,0,3,0,1,2,2,N,N,40 01:03.458,75 12:07.937,900, ,855,1,2,1,N, ,0,Y, , , , , , , , ,2,2,0,0,0,0,0,0,0,0,0,1,1,0,0,0,0,0,0,0,0,0,0,0,0,0,0,0,0,0,0,0,0,0,0,4,0,40.0176,-75.2022, , 
39293,465273,2014122442,6,67,67301,2014,11,5,750,7,1,2,1,5,6, , ,N,0,0,0,3,0,0,1,3,N,N,40 02:18.988,75 03:53.791,842, ,834, ,0, ,N, ,0, , , , , , , , , ,3,1,0,0,1,0,1,0,0,0,0,0,0,0,0,0,0,0,0,0,0,0,0,0,0,0,0,0,0,0,0,0,0,0,0,0,0,40.0386,-75.0649, , 
39294,462439,2014068145,6,67,67301,2014,6,3,2330,23,3,1,0,1,1, , ,N,0,0,0,3,0,2,2,2,N,N,40 01:46.235,75 02:10.854,2359, ,2354, ,0, ,N, ,0, , , , , , , , , ,2,1,0,0,1,0,0,0,0,0,0,2,2,0,0,0,0,0,0,0,0,0,0,0,0,0,0,0,0,0,0,0,0,0,0,4,0,40.0295,-75.0363, , 
39295,462461,2014084415,6,67,67301,2014,7,2,534,5,3,1,0,1,1, , ,N,0,0,0,3,0,2,3,3,N,N,40 00:55.540,75 10:37.027,536, ,534,2,2,2,N, ,0,N, , , , , , , , ,3,3,0,0,0,0,0,0,0,0,0,0,2,2,1,0,0,0,0,1,0,1,0,0,0,0,0,0,0,0,0,0,0,0,0,8,0,40.0154,-75.177, , 
39296,462480,2014059328,6,67,67301,2014,4,4,1300,13,1,2,1,4,1, , ,N,2,3,0,3,0,4,4,2,N,N,40 06:12.016,74 58:58.853,1310, ,1307, ,0, ,N, ,3, , , , , , , , , ,2,2,0,0,0,0,0,0,0,0,0,4,4,0,0,1,0,0,0,0,0,0,0,4,0,0,0,0,0,0,0,0,0,0,0,4,0,40.1033,-74.983, , 
39297,462493,2014075217,6,67,67301,2014,6,3,9999,99,1,1,0,4,1, , ,N,0,0,7,3,0,1,5,2,N,N,40 00:51.886,75 07:13.735,9999, ,9999, ,0, ,N, ,0, , , , , , , , , ,2,1,0,0,1,0,0,0,0,0,0,1,1,0,0,0,0,0,1,0,1,0,0,0,0,0,0,0,0,0,0,0,0,0,0,4,0,40.0144,-75.1205, , 
39298,462505,2014087856,6,67,67301,2014,7,2,2021,20,4,1,0,8,1, , ,N,0,0,0,3,0,1,2,2,N,N,39 59:37.741,75 08:43.634,2025, ,2021, ,0, ,N, ,0, , , , , , , , , ,1,1,0,0,0,0,0,0,0,1,0,0,1,0,0,0,0,0,0,0,0,0,0,0,0,0,0,0,0,0,0,0,1,0,1,2,0,39.9938,-75.1455, , 
39299,462510,2014096858,6,67,67301,2014,9,4,512,5,3,1,0,4,1, , ,N,1,2,0,3,0,2,2,2,N,N,39 57:36.745,75 11:27.211,513, ,513,1,1,2,N, ,3,Y, , , , , , , , ,2,2,0,0,0,0,0,0,0,0,1,1,2,0,0,0,0,0,0,0,2,0,0,1,0,0,0,0,0,0,0,0,0,0,0,3,0,39.9602,-75.1909, , 
39300,462517,2014104391,6,67,67301,2014,10,4,9999,99,1,1,0,7,4, , ,N,0,0,0,3,0,0,2,1,N,N,40 01:42.329,75 12:22.156,809, ,801, ,0, ,N, ,0, , , , , , , , , ,1,0,0,0,0,0,1,0,0,0,0,0,0,0,0,0,0,0,0,0,0,0,0,0,0,0,0,0,0,0,0,0,0,0,0,0,0,40.0284,-75.2062, , 
39301,462540,2014083072,6,67,67301,2014,6,5,1145,11,1,1,0,4,1, , ,N,1,2,0,3,0,1,2,2,N, ,39 57:01.634,75 11:33.356,1149, ,1149, ,0, , , ,3, , , , , , , , , ,1,1,0,0,0,0,0,0,1,0,0,1,1,0,0,0,0,0,0,0,1,0,0,1,0,0,0,0,0,0,0,0,0,0,0,4,0,39.9505,-75.1926, , 
39302,462542,2014084267,6,67,67301,2014,7,2,827,8,1,1,0,1,1, , ,N,5,2,0,3,0,1,5,2,N,N,39 58:42.978,75 07:07.319,901, ,900, ,0, ,N, ,3, , , , , , , , , ,2,2,0,0,0,0,0,0,0,0,0,0,1,1,0,0,0,0,0,0,0,0,0,0,0,0,0,0,0,0,0,0,0,0,0,8,0,39.9786,-75.1187, , 
39303,462547,2014088942,6,67,67301,2014,8,1,1745,17,1,1,0,8,1, , ,N,0,0,0,3,0,1,2,2,N, ,40 01:25.348,75 09:43.275,1825, ,1815, ,0, , , ,0, , , , , , , , , ,1,0,0,0,0,0,0,1,0,0,0,1,1,0,0,0,0,0,0,0,1,0,0,0,0,0,0,0,0,0,0,0,1,0,0,4,0,40.0237,-75.162, , 
39304,462590,2014088315,6,67,67301,2014,8,6,1704,17,1,1,0,4,1, , ,N,0,0,7,3,0,0,3,2,N,N,40 00:19.903,75 06:17.991,1755, ,1748,2,1,4,N, ,0,N, , , , , , , , ,2,2,0,0,0,0,0,0,0,0,0,0,0,0,0,0,0,1,0,0,1,0,0,0,0,0,0,0,0,0,0,0,0,0,0,0,0,40.0055,-75.105, , 
39305,462591,2014088912,6,67,67301,2014,8,6,1619,16,1,1,0,4,1, , ,N,0,0,0,3,0,1,3,2,N,N,39 55:36.548,75 10:56.996,1625, ,1621, ,0, ,N, ,0, , , , , , , , , ,1,1,0,0,0,0,0,0,1,0,0,1,1,0,0,0,0,0,0,0,1,0,0,0,0,0,0,0,0,0,0,0,0,0,0,4,0,39.9268,-75.1825, , 
39306,462604,2014103201,6,67,67301,2014,10,7,1012,10,1,2,1,1,1, , ,N,10,0,2,3,0,2,4,2,N,N,39 57:41.799,75 10:56.905,1016, ,1013, ,0, ,N, ,0, , , , , , , , , ,2,1,0,0,0,0,1,0,0,0,2,0,2,0,0,0,0,0,0,0,0,0,0,0,0,0,0,0,0,0,0,0,0,0,0,3,0,39.9614,-75.1825, , 
39307,462644,2014089718,6,67,67301,2014,8,7,1505,15,1,1,0,5,1, , ,N,0,0,0,3,0,0,2,2,N,N,40 00:31.460,75 09:02.123,1515, ,1515,1,1,1,N, ,0,N, , , , , , , , ,2,1,0,0,1,0,0,0,0,0,0,0,0,0,0,0,0,0,0,0,1,1,0,0,0,0,0,0,0,0,0,0,0,0,0,0,0,40.0087,-75.1506, , 
39308,462653,2014099677,6,67,67301,2014,10,5,921,9,1,1,0,1,1, , ,N,0,0,0,3,0,3,3,2,N,N,40 00:34.397,75 03:56.833,926, ,923,1,1,2,N, ,0,N, , , , , , , , ,2,1,0,0,0,1,0,0,0,0,0,3,3,0,0,0,0,0,0,0,0,0,0,0,0,0,0,0,0,0,0,0,0,0,0,4,1,40.0096,-75.0658, , 
39309,462664,2014111445,6,67,67301,2014,7,6,1830,18,1,1,0,1,6, , ,N,0,0,0,3,0,0,1,2,N,N,39 55:53.218,75 09:05.142,1917, ,1911, ,0, ,N, ,0, , , , , , , , , ,2,1,0,0,0,0,0,1,0,0,0,0,0,0,0,0,0,0,0,0,0,0,0,0,0,0,0,0,0,0,0,0,0,0,0,0,0,39.9314,-75.1514, , 
39310,462667,2014049591,6,67,67301,2014,4,2,2200,22,6,1,0,8,1, , ,N,1,3,0,3,0,1,2,2,N,N,39 58:51.174,75 14:47.541,2215, ,2213, ,0, ,N, ,3, , , , , , , , , ,1,0,0,0,0,0,1,0,0,0,0,1,1,0,0,0,0,0,0,0,0,1,0,0,0,0,0,0,0,0,0,0,1,0,0,4,0,39.9809,-75.2465, , 
39311,462668,2014049909,6,67,67301,2014,4,3,715,7,1,1,0,1,1, , ,N,0,0,0,3,0,1,2,2,N,N,40 00:13.223,75 05:39.902,722, ,720, ,0, , , ,0, , , , , , , , , ,2,0,0,0,0,1,1,0,0,0,0,1,1,0,0,0,0,0,0,0,0,0,0,0,0,0,0,0,0,0,0,0,0,0,0,4,1,40.0037,-75.0944, , 
39312,456617,2014101382,6,67,67301,2014,9,3,1714,17,1,1,0,5,1, , ,N,1,3,0,3,0,1,2,2,N,N,39 55:21.032,75 10:30.075,1720, ,1716,2,2,2,N, ,3,Y, , , , , , , , ,2,1,0,0,0,1,0,0,0,0,0,1,1,0,0,0,0,0,0,0,1,0,0,0,0,0,0,0,0,0,0,0,0,0,0,4,1,39.9225,-75.175, , 