objectid_1,objectid,crn,district,county,municipality,crash_year,crash_month,day_of_week,time_of_day,hour_of_day,illumination,weather,road_condition,collision_type,relation_to_road,work_zone_type,work_zone_loc,work_zone_ind,intersect_type,tcd_type,location_type,urban_rural,fatal_count,injury_count,person_count,total_units,sch_bus_ind,sch_zone_ind,latitude,longitude,arrival_tm,cons_zone_spd_lim,dispatch_tm,est_hrs_closed,lane_closed,ln_close_dir,ntfy_hiwy_maint,spec_juris_cd,tcd_func_cd,tfc_detour_ind,workers_pres,wz_close_detour,wz_flagger,wz_law_offcr_ind,wz_ln_closure,wz_moving,wz_other,wz_shlder_mdn,vehicle_count,automobile_count,motorcycle_count,bus_count,small_truck_count,heavy_truck_count,suv_count,van_count,bicycle_count,maj_inj_count,mod_inj_count,min_inj_count,tot_inj_count,unk_inj_deg_count,unk_inj_per_count,driver_count_16yr,driver_count_17yr,driver_count_18yr,driver_count_19yr,driver_count_20yr,driver_count_50_64yr,driver_count_65_74yr,driver_count_75plus,unbelted_occ_count,unb_death_count,unb_maj_inj_count,belted_death_count,belted_maj_inj_count,mcycle_death_count,mcycle_maj_inj_count,bicycle_death_count,bicycle_maj_inj_count,ped_count,ped_death_count,ped_maj_inj_count,max_severity_level,comm_veh_count,dec_lat,dec_long,rdwy_surf_type_cd,county_name
39313,456644,2014063877,6,67,67301,2014,6,4,1610,16,1,1,0,1,1, , ,N,0,0,0,3,0,2,4,3,N,N,39 57:42.735,75 10:57.556,1632, ,1620, ,0, ,N, ,0, , , , , , , , , ,3,2,0,0,0,0,0,0,0,0,0,2,2,0,1,0,0,0,0,0,0,0,0,0,0,0,0,0,0,0,0,0,0,0,0,4,0,39.9619,-75.1827, , 
39314,456654,2014059298,6,67,67301,2014,5,6,1600,16,1,2,1,1,1, , ,N,0,0,0,3,0,1,4,2,N,N,40 03:27.474,75 08:21.459,1700, ,1655, ,0, ,N, ,0, , , , , , , , , ,2,1,0,0,0,0,1,0,0,0,0,1,1,0,0,0,0,0,0,0,1,0,0,0,0,0,0,0,0,0,0,0,0,0,0,4,0,40.0576,-75.1393, , 
39315,456664,2014068661,6,67,67301,2014,6,6,2320,23,3,1,0,5,1, , ,N,0,0,3,3,0,1,3,3,N,N,40 00:32.381,75 11:22.912,9999, ,9999,1,2,2,N, ,0,Y, , , , , , , , ,3,3,0,0,0,0,0,0,0,0,0,0,1,1,0,0,0,0,0,0,1,0,0,0,0,0,0,0,0,0,0,0,0,0,0,8,0,40.0101,-75.1862, , 
39316,456677,2014084223,6,67,67301,2014,4,6,30,0,3,1,0,4,1, , ,N,1,2,0,3,0,2,2,2,N,N,39 58:28.437,75 14:17.876,31, ,30,3,2,7,N, ,3,Y, , , , , , , , ,2,2,0,0,0,0,0,0,0,0,0,1,2,1,0,0,0,0,0,0,0,1,0,0,0,0,0,0,0,0,0,0,0,0,0,4,0,39.9746,-75.2383, , 
39317,456678,2014084368,6,67,67301,2014,7,7,1936,19,1,1,0,2,1, , ,N,2,0,0,3,0,2,3,2,N, ,40 01:09.955,75 06:26.186,1943, ,1936,2,2,6,N, ,0,Y, , , , , , , , ,2,2,0,0,0,0,0,0,0,0,0,2,2,0,0,0,0,0,0,0,0,0,0,0,0,0,0,0,0,0,0,0,0,0,0,4,0,40.0194,-75.1073, , 
39318,456681,2014087303,6,67,67301,2014,7,2,1049,10,1,1,0,5,1, , ,N,0,0,0,3,0,0,3,5,N, ,40 00:49.016,75 07:08.614,1051, ,1049, ,0, , , ,0, , , , , , , , , ,5,2,0,0,1,0,1,0,0,0,0,0,0,0,0,0,0,0,0,0,0,0,0,0,0,0,0,0,0,0,0,0,0,0,0,0,0,40.0136,-75.1191, , 
39319,456682,2014088785,6,67,67301,2014,8,2,1517,15,1,1,0,2,6, , ,N,0,0,0,3,0,1,2,2,N, ,40 00:04.538,75 08:46.818,1519, ,1519, ,0, , , ,0, , , , , , , , , ,2,1,0,0,0,0,1,0,0,0,0,0,1,1,0,0,0,0,0,0,0,0,0,0,0,0,0,0,0,0,0,0,0,0,0,8,0,40.0013,-75.1463, , 
39320,456683,2014088972,6,67,67301,2014,8,6,1741,17,1,1,0,5,1, , ,N,1,2,0,3,0,1,2,2,N,N,39 56:12.386,75 09:35.812,1747, ,1742, ,0, ,N, ,3, , , , , , , , , ,1,1,0,0,0,0,0,0,1,0,0,0,1,1,0,0,0,0,0,0,0,0,0,0,0,0,0,0,0,0,0,0,0,0,0,8,0,39.9368,-75.1599, , 
39321,456684,2014089708,6,67,67301,2014,8,1,2340,23,3,1,0,1,1, , ,N,1,2,0,3,0,3,4,3,N,N,39 59:47.157,75 06:48.512,2341, ,2340, ,0, ,N, ,3, , , , , , , , , ,3,2,0,0,0,0,1,0,0,0,0,3,3,0,0,0,0,0,0,0,0,0,0,0,0,0,0,0,0,0,0,0,0,0,0,4,0,39.9964,-75.1135, , 
39322,456690,2014093506,6,67,67301,2014,9,2,157,1,3,1,0,7,5, , ,N,0,0,0,3,0,2,2,1,N,N,39 59:10.602,75 12:35.178,204, ,157, ,0, ,N, ,0, , , , , , , , , ,1,1,0,0,0,0,0,0,0,0,2,0,2,0,0,0,0,0,0,0,0,0,0,0,0,0,0,0,0,0,0,0,0,0,0,3,0,39.9863,-75.2098, , 
39323,456695,2014059082,6,67,67301,2014,5,5,1047,10,1,1,0,8,1, , ,N,2,2,0,3,0,1,2,2,N,N,39 57:19.007,75 11:13.487,1047, ,1047,1,1,3,N, ,3,N, , , , , , , , ,1,1,0,0,0,0,0,0,0,0,0,0,1,1,0,0,0,0,0,0,0,0,0,0,0,0,0,0,0,0,0,0,1,0,0,8,0,39.9553,-75.1871, , 
39324,456698,2014066906,6,67,67301,2014,7,3,1445,14,1,1,0,1,1, , ,N,6,4,2,3,0,2,6,2,N,N,39 58:34.136,75 11:44.141,1453, ,1453, ,0, ,N, ,3, , , , , , , , , ,2,2,0,0,0,0,0,0,0,0,0,0,2,2,0,0,0,0,0,0,1,0,0,1,0,0,0,0,0,0,0,0,0,0,0,8,0,39.9761,-75.1956, , 
39325,456712,2014088918,6,67,67301,2014,8,2,50,0,3,1,0,6,1, , ,N,0,0,0,3,0,2,4,7,N,N,40 00:55.720,75 08:18.803,55, ,55,3,1,4,N, ,0,N, , , , , , , , ,7,3,1,0,0,0,1,2,0,0,1,1,2,0,0,0,0,0,0,0,0,0,0,0,0,0,0,0,0,0,0,0,0,0,0,3,0,40.0155,-75.1386, , 
39326,456716,2014093754,6,67,67301,2014,9,4,427,4,3,1,0,7,3, , ,N,0,0,0,3,0,0,1,1,N,N,39 53:32.922,75 14:08.085,438, ,428, ,0, ,Y, ,0, , , , , , , , , ,1,1,0,0,0,0,0,0,0,0,0,0,0,0,0,0,0,0,0,0,0,0,0,0,0,0,0,0,0,0,0,0,0,0,0,0,0,39.8925,-75.2356, , 
39327,456725,2014104987,6,67,67301,2014,10,6,957,9,1,1,0,4,1,3,8,Y,1,2,0,3,0,0,2,2,N, ,40 07:00.043,75 01:11.647,1000,99,958, ,0, , , ,1, ,N,U,U,N,U,U,U,U,2,1,0,0,0,0,1,0,0,0,0,0,0,0,0,0,0,0,0,0,1,0,0,0,0,0,0,0,0,0,0,0,0,0,0,0,0,40.1167,-75.0198, , 
39328,456771,2014087878,6,67,67301,2014,7,3,1416,14,1,1,0,1,1, , ,N,0,0,0,3,0,1,2,2,N,N,40 05:56.549,75 01:48.756,1421, ,1420, ,0, , , ,0, , , , , , , , , ,2,2,0,0,0,0,0,0,0,0,0,0,1,1,0,0,0,0,0,0,0,0,0,0,0,0,0,0,0,0,0,0,0,0,0,8,0,40.099,-75.0302, , 
39329,456806,2014029882,6,67,67301,2014,2,1,624,6,5,4,3,4,1, , ,N,1,2,0,3,0,1,1,3,N,N,40 00:27.630,75 04:33.776,9999, ,9999, ,0, ,N, ,3, , , , , , , , , ,3,2,0,0,0,0,0,1,0,0,1,0,1,0,0,0,0,0,0,1,0,0,0,0,0,0,0,0,0,0,0,0,0,0,0,3,0,40.0077,-75.076, , 
39330,459484,2014100227,6,67,67301,2014,10,7,222,2,3,2,1,7,3, , ,N,1,2,0,3,0,0,1,1,N,N,40 02:07.511,75 04:10.636,228, ,225,2,1,7,Y, ,3,N, , , , , , , , ,1,0,0,0,0,0,0,1,0,0,0,0,0,0,1,0,0,0,0,0,0,0,0,0,0,0,0,0,0,0,0,0,0,0,0,9,0,40.0354,-75.0696, , 
39331,459510,2014076618,6,67,67301,2014,6,1,1421,14,1,1,0,4,1, , ,N,1,2,0,3,1,0,2,2,N,N,39 59:13.126,75 08:56.402,1433, ,1429,9,2,3,N,0,3,N, , , , , , , , ,2,0,1,0,0,0,1,0,0,0,0,0,0,0,0,0,0,0,0,0,0,0,0,0,0,0,0,0,1,0,0,0,0,0,0,1,0,39.987,-75.1489,2, 
39332,459511,2014077176,6,67,67301,2014,4,5,1158,11,1,1,0,7,4, , ,N,2,2,2,3,0,0,1,1,N,N,39 55:52.174,75 08:38.984,1158, ,1159,1,2,2,N, ,3,N, , , , , , , , ,1,1,0,0,0,0,0,0,0,0,0,0,0,0,0,0,0,0,0,0,0,0,0,0,0,0,0,0,0,0,0,0,0,0,0,0,0,39.9311,-75.1439, , 
39333,459516,2014083896,6,67,67301,2014,8,7,1300,13,1,1,0,1,1,1,4,Y,0,0,0,3,0,1,3,2,N,N,39 58:37.684,75 06:46.399,1310,45,1301, ,0, ,N, ,0, ,N,N,N,N,N,N,N,Y,2,2,0,0,0,0,0,0,0,0,0,1,1,0,0,0,0,0,0,0,0,0,1,0,0,0,0,0,0,0,0,0,0,0,0,4,0,39.9771,-75.1129, , 
39334,459517,2014084372,6,67,67301,2014,7,3,1745,17,1,2,1,4,1, , ,N,1,2,1,3,0,2,8,2,N,N,39 55:36.102,75 11:15.812,1756, ,1755,2,1,2,N, ,3,N, , , , , , , , ,2,1,0,0,0,0,0,1,0,0,0,2,2,0,0,0,0,0,1,0,0,1,0,0,0,0,0,0,0,0,0,0,0,0,0,4,0,39.9267,-75.1879, , 
39335,459520,2014088096,6,67,67301,2014,7,4,1730,17,1,1,0,4,1, , ,N,1,3,0,3,0,2,5,2,N, ,40 02:56.557,75 05:40.778,1732, ,1730, ,0, , , ,3, , , , , , , , , ,2,2,0,0,0,0,0,0,0,0,0,1,2,1,0,0,0,0,0,0,0,0,0,0,0,0,0,0,0,0,0,0,0,0,0,4,0,40.049,-75.0947, , 
39336,459521,2014088245,6,67,67301,2014,8,2,156,1,3,1,0,7,4, , ,N,7,0,0,3,0,0,1,1,N,N,39 53:26.133,75 13:14.839,210, ,158,2,2,2,Y, ,0,Y, , , , , , , , ,1,0,0,0,0,0,0,1,0,0,0,0,0,0,1,0,0,0,0,0,0,0,0,0,0,0,0,0,0,0,0,0,0,0,0,9,0,39.8906,-75.2208, , 
39337,459525,2014093535,6,67,67301,2014,9,2,1509,15,1,1,0,1,1, , ,N,1,2,0,3,0,3,3,2,N,N,39 57:32.561,75 13:01.166,1518, ,1516, ,0, ,N, ,3, , , , , , , , , ,2,2,0,0,0,0,0,0,0,0,0,3,3,0,0,0,0,0,0,0,0,0,0,0,0,0,0,0,0,0,0,0,0,0,0,4,0,39.959,-75.217, , 
39338,459529,2014097853,6,67,67301,2014,10,7,143,1,3,2,1,1,1,1,8,Y,0,0,0,3,0,0,5,2,N,N,40 01:21.021,75 02:13.008,151,45,144,2,1,1,N, ,0,N,N,N,N,N,Y,N,Y,Y,2,2,0,0,0,0,0,0,0,0,0,0,0,0,0,0,0,0,0,0,1,0,0,0,0,0,0,0,0,0,0,0,0,0,0,0,0,40.0225,-75.0369, , 
39339,459537,2014106678,6,67,67301,2014,10,2,835,8,1,1,0,5,1, , ,N,0,0,3,3,0,1,2,2,N,N,40 01:11.170,75 08:55.271,840, ,835,2,1,2,N, ,0,N, , , , , , , , ,2,2,0,0,0,0,0,0,0,0,1,0,1,0,0,0,0,0,0,0,0,0,0,0,0,0,0,0,0,0,0,0,0,0,0,3,0,40.0198,-75.1488, , 
39340,459559,2014082197,6,67,67301,2014,7,7,2219,22,3,1,0,7,4, , ,N,0,0,8,3,1,0,1,1,N,N,40 00:21.246,75 04:34.104,2238, ,2228,3,2,2,N,0,0,Y, , , , , , , , ,1,0,1,0,0,0,0,0,0,0,0,0,0,0,0,0,0,0,0,0,1,0,0,0,0,0,0,0,1,0,0,0,0,0,0,1,0,40.0059,-75.0761,1, 
39341,459563,2014088186,6,67,67301,2014,8,7,2020,20,3,1,0,7,4, , ,N,0,0,1,3,0,0,1,1,N, ,39 59:19.951,75 09:06.097,2040, ,2035, ,0, , , ,0, , , , , , , , , ,1,1,0,0,0,0,0,0,0,0,0,0,0,0,0,0,0,0,0,0,0,1,0,0,0,0,0,0,0,0,0,0,0,0,0,0,0,39.9889,-75.1517, , 
39342,459564,2014088684,6,67,67301,2014,8,2,1,0,3,1,0,7,4, , ,N,2,0,0,3,0,2,3,1,N,N,40 01:06.062,75 04:20.498,15, ,6, ,0, ,N, ,0, , , , , , , , , ,1,1,0,0,0,0,0,0,0,0,0,0,2,2,0,0,1,0,0,0,0,0,0,0,0,0,0,0,0,0,0,0,0,0,0,8,0,40.0184,-75.0724, , 
39343,459578,2014106673,6,67,67301,2014,10,4,1205,12,1,2,1,7,4, , ,N,0,0,0,3,0,2,2,1,N,N,40 05:11.842,75 03:17.449,1215, ,1205, ,0, ,N, ,0, , , , , , , , , ,1,0,0,0,0,0,1,0,0,0,1,1,2,0,0,0,0,0,0,0,0,0,0,0,0,0,0,0,0,0,0,0,0,0,0,3,0,40.0866,-75.0548, , 
39344,459586,2014061077,6,67,67301,2014,5,7,120,1,3,1,0,4,1, , ,N,1,2,2,3,0,0,3,2,N,N,39 57:25.881,75 08:31.297,243, ,239, ,0, ,N, ,3, , , , , , , , , ,2,2,0,0,0,0,0,0,0,0,0,0,0,0,0,0,0,0,0,0,0,0,0,0,0,0,0,0,0,0,0,0,0,0,0,0,0,39.9567,-75.1423, , 
39345,459608,2014081492,6,67,67301,2014,6,2,2030,20,3,9,0,4,1, , ,N,0,0,7,3,0,2,3,2,N,N,39 56:53.877,75 09:38.424,1635, ,1630, ,0, ,N, ,0, , , , , , , , , ,2,2,0,0,0,0,0,0,0,0,0,2,2,0,1,0,0,0,0,0,1,0,0,0,0,0,0,0,0,0,0,0,0,0,0,4,0,39.9483,-75.1607, , 
39346,459620,2014096845,6,67,67301,2014,9,2,2240,22,2,1,0,5,6, , ,N,0,0,0,3,0,0,1,2,N,N,40 01:37.272,75 02:22.466,2330, ,2245, ,0, ,N, ,0, , , , , , , , , ,2,1,0,0,0,0,0,1,0,0,0,0,0,0,0,0,0,0,0,0,0,0,0,1,0,0,0,0,0,0,0,0,0,0,0,0,0,40.027,-75.0396, , 
39347,459658,2014127482,6,67,67301,2014,11,6,1610,16,1,1,0,8,1, , ,N,5,2,0,3,0,2,3,3,N,N,40 00:11.467,75 09:09.273,1630, ,1619, ,0, ,N, ,3, , , , , , , , , ,1,1,0,0,0,0,0,0,0,0,0,2,2,0,0,0,0,0,0,0,0,0,0,0,0,0,0,0,0,0,0,0,2,0,0,4,0,40.0032,-75.1525, , 
39348,459682,2014120272,6,67,67301,2014,11,2,1740,17,1,1,0,8,1, , ,N,1,2,0,3,0,1,2,2,N, ,40 02:35.626,75 10:51.146,9999, ,9999, ,0, , , ,3, , , , , , , , , ,1,1,0,0,0,0,0,0,0,0,0,1,1,0,0,0,0,0,0,0,0,0,0,0,0,0,0,0,0,0,0,0,1,0,0,4,0,40.0432,-75.1809, , 
39349,465277,2014127548,6,67,67301,2014,12,7,510,5,3,1,1,6,6, , ,N,0,0,0,3,0,0,2,4,N,N,39 55:40.018,75 09:07.902,514, ,513,9,2,2,N, ,0,Y, , , , , , , , ,4,2,0,0,0,0,2,0,0,0,0,0,0,0,0,0,0,0,0,0,0,0,0,0,0,0,0,0,0,0,0,0,0,0,0,0,0,39.9278,-75.1522, , 
39350,465281,2014078844,6,67,67301,2014,6,2,1500,15,1,1,0,1,6, , ,N,0,0,0,3,0,1,1,3,N,N,40 07:23.757,75 01:58.324,1507, ,1504,9,1,4,N, ,0,N, , , , , , , , ,3,2,0,0,0,0,1,0,0,0,0,0,1,1,0,0,0,0,0,0,0,0,0,1,0,0,0,0,0,0,0,0,0,0,0,8,0,40.1233,-75.0329, , 
39351,465290,2014084456,6,67,67301,2014,7,4,1750,17,1,1,0,4,1, , ,N,1,2,0,3,0,0,3,2,N, ,40 02:57.663,75 04:04.482,1755, ,1755, ,0, , , ,3, , , , , , , , , ,2,2,0,0,0,0,0,0,0,0,0,0,0,0,0,0,0,0,0,1,1,0,0,0,0,0,0,0,0,0,0,0,0,0,0,0,0,40.0493,-75.0679, , 
39352,465294,2014091362,6,67,67301,2014,8,7,1201,12,1,1,0,1,1, , ,N,0,0,0,3,0,1,3,3,N, ,40 02:59.024,75 04:02.824,1204, ,1202, ,0, , , ,0, , , , , , , , , ,3,2,0,0,0,0,1,0,0,0,0,1,1,0,0,0,0,0,0,0,0,0,0,1,0,0,0,0,0,0,0,0,0,0,0,4,0,40.0497,-75.0675, , 
39353,465300,2014095896,6,67,67301,2014,9,6,2100,21,3,1,0,7,3, , ,N,0,0,0,3,0,0,1,1,N,N,39 58:02.015,75 10:49.145,2130, ,2124, ,0, ,N, ,0, , , , , , , , , ,1,1,0,0,0,0,0,0,0,0,0,0,0,0,0,0,0,0,0,0,0,0,0,0,0,0,0,0,0,0,0,0,0,0,0,0,0,39.9672,-75.1803, , 
39354,465301,2014096848,6,67,67301,2014,9,3,1105,11,1,1,0,4,1, , ,N,1,2,0,3,0,0,4,2,N,N,40 06:50.926,74 59:15.880,1109, ,1106,1,1,2,N, ,3,N, , , , , , , , ,2,1,0,0,0,0,1,0,0,0,0,0,0,0,0,0,0,0,0,0,0,1,0,0,0,0,0,0,0,0,0,0,0,0,0,0,0,40.1141,-74.9877, , 
39355,465323,2014065608,6,67,67301,2014,5,3,1230,12,1,1,0,4,1, , ,N,1,3,0,3,0,0,2,2,N,N,39 57:14.446,75 14:18.200,1234, ,1232, ,0, , , ,3, , , , , , , , , ,2,2,0,0,0,0,0,0,0,0,0,0,0,0,0,0,0,0,0,0,0,0,1,0,0,0,0,0,0,0,0,0,0,0,0,0,0,39.954,-75.2384, , 
39356,465332,2014068634,6,67,67301,2014,5,5,1830,18,1,1,0,1,1, , ,N,0,0,0,3,0,3,6,2,N,N,39 59:36.728,75 05:47.850,1840, ,1836,1,1,1, , ,0,Y, , , , , , , , ,2,1,0,0,1,0,0,0,0,0,0,3,3,0,0,0,0,0,0,0,0,0,0,0,0,0,0,0,0,0,0,0,0,0,0,4,0,39.9935,-75.0966, , 
39357,465333,2014069433,6,67,67301,2014,6,7,1245,12,1,1,0,4,1, , ,N,1,2,0,3,0,1,2,2,N,N,39 58:37.178,75 10:41.501,1249, ,1246, ,0, ,N, ,3, , , , , , , , , ,1,1,0,0,0,0,0,0,1,0,0,1,1,0,1,0,0,0,0,0,0,0,0,0,0,0,0,0,0,0,0,0,0,0,0,4,0,39.977,-75.1782, , 
39358,465355,2014106690,6,67,67301,2014,10,2,1515,15,1,1,0,4,1, , ,N,0,0,7,3,0,1,3,3,N,N,40 03:46.306,75 05:10.102,1530, ,1521, ,0, ,N, ,0, , , , , , , , , ,3,2,0,0,1,0,0,0,0,0,0,1,1,0,0,0,0,0,0,0,0,1,0,0,0,0,0,0,0,0,0,0,0,0,0,4,0,40.0629,-75.0861, , 
39359,465356,2014109900,6,67,67301,2014,10,5,1755,17,1,1,0,4,1, , ,N,1,2,0,3,1,0,2,2,N, ,39 54:51.468,75 10:18.968,1805, ,757, ,0, , ,0,3, , , , , , , , , ,2,2,0,0,0,0,0,0,0,0,0,0,0,0,0,0,0,0,0,0,0,0,1,0,0,0,0,0,0,0,0,0,0,0,0,1,0,39.9142,-75.1718,2, 
39360,465361,2014115517,6,67,67301,2014,5,2,1506,15,1,1,0,4,1, , ,N,1,2,0,3,0,0,2,2,N,N,39 55:26.156,75 13:19.597,0, ,0, ,0, ,N, ,3, , , , , , , , , ,2,1,0,0,1,0,0,0,0,0,0,0,0,0,1,0,0,0,1,0,0,0,0,0,0,0,0,0,0,0,0,0,0,0,0,9,0,39.9239,-75.2221, , 
39361,465368,2014095927,6,67,67301,2014,9,4,1808,18,1,1,0,1,1, , ,N,1,2,0,3,0,1,3,2,N,N,39 55:33.913,75 13:40.681,1818, ,1815, ,0, , , ,3, , , , , , , , , ,2,0,0,0,0,0,2,0,0,0,0,0,1,1,0,0,0,0,0,0,1,0,0,2,0,0,0,0,0,0,0,0,0,0,0,8,0,39.9261,-75.228, , 
39362,465375,2014078801,6,67,67301,2014,6,2,1615,16,1,1,0,4,1, , ,N,1,2,0,3,0,1,4,2,N, ,40 02:06.009,75 10:25.403,1640, ,1634, ,0, , , ,3, , , , , , , , , ,2,1,0,0,0,1,0,0,0,0,0,0,1,1,0,0,0,0,0,0,0,0,0,0,0,0,0,0,0,0,0,0,0,0,0,8,0,40.035,-75.1737, , 
39363,465379,2014088810,6,67,67301,2014,8,4,1300,13,1,1,0,8,1, , ,N,1,3,0,3,0,1,2,2,N, ,39 56:06.860,75 10:20.222,1300, ,300, ,0, , , ,3, , , , , , , , , ,1,1,0,0,0,0,0,0,0,0,0,1,1,0,0,0,0,0,0,0,0,1,0,0,0,0,0,0,0,0,0,0,1,0,0,4,0,39.9352,-75.1723, , 
39364,465380,2014091435,6,67,67301,2014,9,6,1909,19,1,1,0,2,1, , ,N,1,2,0,3,0,2,4,2,N,N,40 02:08.332,75 04:51.656,1909, ,1909, ,0, ,N, ,3, , , , , , , , , ,2,2,0,0,0,0,0,0,0,0,0,2,2,0,0,0,0,0,0,1,0,0,0,2,0,0,0,0,0,0,0,0,0,0,0,4,0,40.0356,-75.081, , 
39365,465397,2014109949,6,67,67301,2014,10,1,1125,11,1,1,0,4,1, , ,N,1,2,0,3,0,0,3,2,N, ,39 57:15.642,75 13:26.511,900, ,857, ,0, , , ,3, , , , , , , , , ,2,2,0,0,0,0,0,0,0,0,0,0,0,0,2,0,0,0,0,0,0,0,0,0,0,0,0,0,0,0,0,0,0,0,0,9,0,39.9543,-75.224, , 
39366,465413,2014059113,6,67,67301,2014,5,3,2350,23,3,1,0,4,1, , ,N,1,2,0,3,0,1,4,2,N,N,39 56:16.512,75 13:52.078,130, ,1200, ,0, ,N, ,3, , , , , , , , , ,2,2,0,0,0,0,0,0,0,0,0,0,1,1,0,0,0,0,0,1,0,0,0,0,0,0,0,0,0,0,0,0,0,0,0,8,0,39.9379,-75.2311, , 
39367,465414,2014059318,6,67,67301,2014,5,2,1725,17,1,2,0,5,1, , ,N,0,0,0,3,0,1,2,2,N,N,39 57:36.371,75 10:25.108,9999, ,9999, ,0, ,N, ,0, , , , , , , , , ,1,1,0,0,0,0,0,0,1,0,0,1,1,0,0,0,0,0,0,0,0,0,0,0,0,0,0,0,0,0,0,0,0,0,0,4,0,39.9601,-75.1736, , 
39368,462675,2014059337,6,67,67301,2014,5,2,1558,15,1,1,0,1,1, , ,N,0,0,0,3,0,2,3,2,N,N,40 02:00.082,75 07:52.185,1603, ,1558, ,0, , , ,0, , , , , , , , , ,2,0,0,0,0,0,2,0,0,0,0,2,2,0,0,0,0,0,0,0,1,0,0,0,0,0,0,0,0,0,0,0,0,0,0,4,0,40.0334,-75.1312, , 
39369,462678,2014084498,6,67,67301,2014,6,2,1650,16,1,1,0,8,1, , ,N,2,3,0,3,0,1,2,2,N, ,40 03:42.428,75 10:09.790,1220, ,1220, ,0, , , ,3, , , , , , , , , ,1,0,0,0,0,0,1,0,0,0,0,1,1,0,0,0,0,0,0,0,0,0,0,0,0,0,0,0,0,0,0,0,1,0,0,4,0,40.0618,-75.1694, , 
39370,462681,2014087783,6,67,67301,2014,7,1,0,0,3,1,0,1,1, , ,N,1,2,0,3,0,0,4,2,N,N,39 57:50.569,75 11:29.777,26, ,26, ,0, ,N, ,3, , , , , , , , , ,2,1,0,0,0,0,0,0,0,0,0,0,0,0,0,0,0,0,0,0,1,0,0,0,0,0,0,0,0,0,0,0,0,0,0,0,0,39.964,-75.1916, , 
39371,462702,2014116604,6,67,67301,2014,11,4,1030,10,1,1,0,1,1,2,4,Y,0,0,0,3,0,1,3,3,N,N,39 56:02.469,75 08:41.944,1035,45,1030, ,0, ,N, ,0, ,Y,N,N,N,N,N,N,Y,3,1,0,0,1,0,1,0,0,0,0,0,1,1,0,0,0,0,0,0,1,0,0,0,0,0,0,0,0,0,0,0,0,0,0,8,0,39.934,-75.145, , 
39372,462721,2014059282,6,67,67301,2014,5,5,2315,23,3,1,0,4,1, , ,N,1,2,0,3,0,1,8,4,N,N,39 56:45.502,75 12:50.327,2319, ,2317, ,0, ,N, ,3, , , , , , , , , ,4,3,0,0,0,0,1,0,0,0,0,1,1,0,0,0,0,1,0,0,0,0,0,0,0,0,0,0,0,0,0,0,0,0,0,4,0,39.946,-75.214, , 
39373,462727,2014098618,6,67,67301,2014,9,1,45,0,3,1,0,5,1, , ,N,0,0,0,3,0,2,2,4,N,N,40 01:18.073,75 09:06.625,100, ,46, ,0, ,N, ,0, , , , , , , , , ,4,4,0,0,0,0,0,0,0,0,0,2,2,0,0,0,0,0,0,0,0,0,0,0,0,0,0,0,0,0,0,0,0,0,0,4,0,40.0217,-75.1518, , 
39374,462734,2014058999,6,67,67301,2014,3,3,1057,10,1,1,0,8,1, , ,N,0,0,0,3,0,1,2,2,N,N,39 59:40.704,75 10:33.808,1108, ,1105,9,2,1,N, ,0,Y, , , , , , , , ,1,1,0,0,0,0,0,0,0,0,0,0,1,1,1,0,0,0,0,0,0,0,0,0,0,0,0,0,0,0,0,0,1,0,0,8,0,39.9946,-75.1761, , 
39375,462745,2014068124,6,67,67301,2014,5,3,1500,15,1,1,0,5,6, , ,N,0,0,0,3,0,0,1,3,N, ,39 59:00.196,75 07:45.289,1605, ,1600, ,0, , , ,0, , , , , , , , , ,3,1,0,0,1,0,1,0,0,0,0,0,0,0,0,0,0,0,0,0,0,0,0,1,0,0,0,0,0,0,0,0,0,0,0,0,0,39.9834,-75.1292, , 
39376,462748,2014074520,6,67,67301,2014,6,5,918,9,1,2,1,4,1, , ,N,1,2,0,3,1,1,3,2,N,N,40 02:17.754,75 06:05.767,925, ,921,3,2,1,N,0,3,Y, , , , , , , , ,2,1,0,0,0,0,0,1,0,1,0,0,1,0,0,0,0,0,0,0,0,1,0,1,0,0,0,0,0,0,0,0,0,0,0,1,0,40.0383,-75.1016,2, 
39377,462758,2014087946,6,67,67301,2014,8,4,1025,10,1,1,0,8,1, , ,N,5,2,1,3,0,1,2,2,N,N,39 59:19.892,75 07:38.391,1031, ,1030, ,0, ,N, ,3, , , , , , , , , ,1,1,0,0,0,0,0,0,0,0,0,1,1,0,0,0,0,0,1,0,0,0,0,0,0,0,0,0,0,0,0,0,1,0,0,4,0,39.9889,-75.1273, , 
39378,462759,2014088305,6,67,67301,2014,7,5,1135,11,1,1,0,4,1, , ,N,1,3,0,3,0,2,3,2,N,N,40 00:00.111,75 07:41.714,1345, ,1140, ,0, ,N, ,3, , , , , , , , , ,2,1,0,0,0,0,0,1,0,0,0,2,2,0,0,0,0,0,0,0,0,0,0,0,0,0,0,0,0,0,0,0,0,0,0,4,0,40,-75.1283, , 
39379,462769,2014104611,6,67,67301,2014,9,7,2235,22,3,1,0,4,1, , ,N,1,2,0,3,0,3,3,2,N, ,40 02:02.361,75 04:27.863,2235, ,2235,1,1,1, , ,3,N, , , , , , , , ,2,2,0,0,0,0,0,0,0,0,0,1,3,2,0,0,0,1,0,0,1,0,0,0,0,0,0,0,0,0,0,0,0,0,0,4,0,40.034,-75.0744, , 