objectid_1,objectid,crn,district,county,municipality,crash_year,crash_month,day_of_week,time_of_day,hour_of_day,illumination,weather,road_condition,collision_type,relation_to_road,work_zone_type,work_zone_loc,work_zone_ind,intersect_type,tcd_type,location_type,urban_rural,fatal_count,injury_count,person_count,total_units,sch_bus_ind,sch_zone_ind,latitude,longitude,arrival_tm,cons_zone_spd_lim,dispatch_tm,est_hrs_closed,lane_closed,ln_close_dir,ntfy_hiwy_maint,spec_juris_cd,tcd_func_cd,tfc_detour_ind,workers_pres,wz_close_detour,wz_flagger,wz_law_offcr_ind,wz_ln_closure,wz_moving,wz_other,wz_shlder_mdn,vehicle_count,automobile_count,motorcycle_count,bus_count,small_truck_count,heavy_truck_count,suv_count,van_count,bicycle_count,maj_inj_count,mod_inj_count,min_inj_count,tot_inj_count,unk_inj_deg_count,unk_inj_per_count,driver_count_16yr,driver_count_17yr,driver_count_18yr,driver_count_19yr,driver_count_20yr,driver_count_50_64yr,driver_count_65_74yr,driver_count_75plus,unbelted_occ_count,unb_death_count,unb_maj_inj_count,belted_death_count,belted_maj_inj_count,mcycle_death_count,mcycle_maj_inj_count,bicycle_death_count,bicycle_maj_inj_count,ped_count,ped_death_count,ped_maj_inj_count,max_severity_level,comm_veh_count,dec_lat,dec_long,rdwy_surf_type_cd,county_name
39448,462913,2014068206,6,67,67301,2014,5,1,1800,18,1,1,0,8,1, , ,N,0,0,0,3,0,2,3,2,N, ,40 00:00.676,75 07:04.306,1810, ,1804,1,2,3, , ,0,Y, , , , , , , , ,1,1,0,0,0,0,0,0,0,0,0,0,2,2,0,0,0,0,0,0,0,0,0,0,0,0,0,0,0,0,0,0,1,0,0,8,0,40.0002,-75.1179, , 
39449,462923,2014081481,6,67,67301,2014,6,6,1039,10,1,1,0,8,1, , ,N,1,3,0,3,0,1,2,2,N,N,39 55:26.745,75 09:28.537,1050, ,1042, ,0, ,N, ,3, , , , , , , , , ,1,1,0,0,0,0,0,0,0,0,0,1,1,0,0,0,0,0,0,0,0,0,0,0,0,0,0,0,0,0,0,0,1,0,0,4,0,39.9241,-75.1579, , 
39450,462926,2014084371,6,67,67301,2014,6,1,1215,12,1,1,0,4,1, , ,N,1,2,0,3,0,0,2,2,N,N,39 58:02.431,75 10:31.324,1220, ,1215, ,0, , , ,3, , , , , , , , , ,2,1,0,0,0,0,1,0,0,0,0,0,0,0,0,0,0,0,0,0,1,0,0,0,0,0,0,0,0,0,0,0,0,0,0,0,0,39.9673,-75.1754, , 
39451,462928,2014088165,6,67,67301,2014,7,7,2045,20,3,1,0,4,1, , ,N,2,2,0,3,0,0,2,2,N,N,40 04:47.936,74 59:50.275,2055, ,2055, ,0, , , ,3, , , , , , , , , ,2,1,0,0,0,0,1,0,0,0,0,0,0,0,0,0,0,0,0,0,1,0,1,0,0,0,0,0,0,0,0,0,0,0,0,0,0,40.08,-74.9973, , 
39452,462929,2014088374,6,67,67301,2014,7,2,1715,17,1,1,0,4,1, , ,N,0,0,7,3,0,2,5,2,N, ,39 59:34.955,75 05:52.012,1750, ,1745, ,0, , , ,0, , , , , , , , , ,2,2,0,0,0,0,0,0,0,0,0,2,2,0,0,0,0,0,0,0,0,0,0,0,0,0,0,0,0,0,0,0,0,0,0,4,0,39.993,-75.0978, , 
39453,462943,2014106753,6,67,67301,2014,10,7,722,7,1,1,0,5,1, , ,N,0,0,0,3,0,0,2,2,N,N,39 56:17.280,75 11:55.516,724, ,723,2,1,2,N, ,0,N, , , , , , , , ,2,1,0,0,0,0,1,0,0,0,0,0,0,0,0,0,0,0,0,0,1,0,0,0,0,0,0,0,0,0,0,0,0,0,0,0,0,39.9381,-75.1988, , 
39454,462983,2014087921,6,67,67301,2014,7,3,837,8,1,1,0,7,4, , ,N,0,0,0,3,0,0,1,2,N,N,40 03:42.007,74 59:17.879,838, ,837, ,0, , , ,0, , , , , , , , , ,1,1,0,0,0,0,0,0,0,0,0,0,0,0,0,0,0,0,0,0,0,0,0,0,0,0,0,0,0,0,0,0,0,0,0,0,0,40.0617,-74.9883, , 
39455,462984,2014088080,6,67,67301,2014,7,1,1430,14,1,1,0,4,1, , ,N,2,2,0,3,0,2,5,2,N,N,39 58:25.181,75 12:31.951,1550, ,1546, ,0, ,N, ,3, , , , , , , , , ,2,2,0,0,0,0,0,0,0,0,0,2,2,0,0,0,0,0,0,0,0,0,0,0,0,0,0,0,0,0,0,0,0,0,0,4,0,39.9736,-75.2089, , 
39456,462985,2014088143,6,67,67301,2014,8,3,705,7,1,1,1,5,6, , ,N,0,0,0,3,0,2,3,2,N,N,39 56:59.290,75 14:00.520,725, ,721, ,0, ,N, ,0, , , , , , , , , ,2,0,0,0,0,1,1,0,0,0,0,2,2,0,0,0,0,0,0,0,0,0,0,0,0,0,0,0,0,0,0,0,0,0,0,4,1,39.9498,-75.2335, , 
39457,462986,2014088410,6,67,67301,2014,7,4,33,0,3,1,0,1,6, , ,N,0,0,0,3,0,0,1,2,N,N,39 57:17.789,75 12:32.986,339, ,335, ,0, ,N, ,0, , , , , , , , , ,2,1,0,0,1,0,0,0,0,0,0,0,0,0,0,0,0,0,0,0,0,0,0,0,0,0,0,0,0,0,0,0,0,0,0,0,0,39.9549,-75.2092, , 
39458,457011,2014115989,6,67,67301,2014,2,6,815,8,1,2,1,5,1, , ,N,0,0,0,3,0,2,3,2,N,Y,40 02:07.832,75 01:29.067,0, ,0, ,0, ,N, ,0, , , , , , , , , ,2,0,0,0,0,0,0,0,0,0,2,0,2,0,0,0,0,0,0,0,0,1,0,0,0,0,0,0,0,0,0,0,0,0,0,3,0,40.0355,-75.0247, , 
39459,457018,2014120280,6,67,67301,2014,11,2,1735,17,1,1,0,2,1, , ,N,0,0,0,3,0,15,16,2,N,N,39 56:35.746,75 12:39.325,1744, ,1742, ,0, , , ,0, , , , , , , , , ,2,1,0,0,0,0,0,0,0,0,2,13,15,0,0,0,0,0,0,0,2,0,0,0,0,0,0,0,0,0,0,0,0,0,0,3,0,39.9433,-75.2109, , 
39460,457023,2014121481,6,67,67301,2014,11,4,2130,21,3,1,0,4,1, , ,N,1,2,0,3,0,1,4,3,N,N,40 05:22.585,75 03:25.253,2148, ,2145, ,0, ,N, ,3, , , , , , , , , ,3,1,0,0,0,0,1,1,0,0,0,0,1,1,0,0,0,0,0,0,2,0,0,0,0,0,0,0,0,0,0,0,0,0,0,8,0,40.0896,-75.057, , 
39461,457047,2014088701,6,67,67301,2014,9,2,9999,99,1,1,0,4,1, , ,N,2,2,0,3,0,3,3,2,N, ,39 54:38.005,75 11:08.323,1419, ,1416,1,1,3, , ,3,N, , , , , , , , ,2,1,0,0,0,0,1,0,0,0,0,3,3,0,0,0,0,0,0,0,0,0,0,1,0,0,0,0,0,0,0,0,0,0,0,4,0,39.9106,-75.1856, , 
39462,457057,2014099217,6,67,67301,2014,9,1,230,2,3,1,0,4,1, , ,N,1,2,0,3,0,1,2,2,N,N,39 57:07.661,75 09:41.216,305, ,256, ,0, , , ,3, , , , , , , , , ,2,2,0,0,0,0,0,0,0,0,1,0,1,0,0,0,0,0,0,0,0,0,0,0,0,0,0,0,0,0,0,0,0,0,0,3,0,39.9521,-75.1615, , 
39463,457081,2014059194,6,67,67301,2014,6,1,2048,20,3,1,0,9,1, , ,N,0,0,0,3,0,1,1,1,N,N,40 00:00.664,75 11:41.708,2054, ,2050, ,0, ,N, ,0, , , , , , , , , ,1,0,1,0,0,0,0,0,0,1,0,0,1,0,0,0,0,0,0,0,0,0,0,0,0,0,0,0,0,1,0,0,0,0,0,2,0,40.0002,-75.1949, , 
39464,457104,2014084381,6,67,67301,2014,6,7,939,9,1,1,0,1,1, , ,N,0,0,0,3,0,1,3,3,N,Y,39 57:48.168,75 10:06.539,941, ,940, ,0, ,N, ,0, , , , , , , , , ,3,2,0,0,0,0,1,0,0,0,0,1,1,0,1,0,0,0,0,0,1,0,0,0,0,0,0,0,0,0,0,0,0,0,0,4,0,39.9634,-75.1685, , 
39465,457107,2014089057,6,67,67301,2014,8,3,2308,23,3,1,0,2,1, , ,N,0,0,0,3,0,2,5,2,N,N,40 02:28.739,75 10:45.612,2314, ,2314, ,0, ,N, ,0, , , , , , , , , ,2,2,0,0,0,0,0,0,0,0,0,1,2,1,2,0,0,0,0,0,1,0,0,0,0,0,0,0,0,0,0,0,0,0,0,4,0,40.0413,-75.1793, , 
39466,457118,2014097850,6,67,67301,2014,10,5,2039,20,3,1,0,7,2, , ,N,0,0,0,3,0,1,1,1,N,N,40 02:58.819,74 59:42.289,2049, ,2040,1,2,2,N, ,0,N, , , , , , , , ,1,1,0,0,0,0,0,0,0,0,0,1,1,0,0,0,0,0,0,1,0,0,0,0,0,0,0,0,0,0,0,0,0,0,0,4,0,40.0497,-74.9951, , 
39467,457159,2014025878,6,67,67301,2014,1,4,1820,18,3,1,0,7,4, , ,N,0,0,0,3,0,1,2,2,N,N,40 00:48.651,75 10:09.762,1820, ,1820, ,0, ,N, ,0, , , , , , , , , ,1,1,0,0,0,0,0,0,0,0,0,0,1,1,0,0,0,0,0,1,0,0,0,0,0,0,0,0,0,0,0,0,1,0,0,8,0,40.0135,-75.1694, , 
39468,457165,2014032208,6,67,67301,2014,3,2,1319,13,1,1,1,7,2, , ,N,0,0,0,3,0,1,1,1,N,N,39 52:35.383,75 15:21.427,1320, ,1320, ,0, ,N, ,0, , , , , , , , , ,1,0,0,0,0,0,1,0,0,0,1,0,1,0,0,0,0,0,0,0,0,0,0,0,0,0,0,0,0,0,0,0,0,0,0,3,0,39.8765,-75.256, , 
39469,457174,2014054488,6,67,67301,2014,4,6,1440,14,1,1,0,7,4, , ,N,0,0,0,3,0,1,1,1,N, ,40 02:50.306,75 03:35.901,1455, ,1450, ,0, , , ,0, , , , , , , , , ,1,0,0,0,0,0,1,0,0,0,0,0,1,1,0,0,0,0,0,0,1,0,0,0,0,0,0,0,0,0,0,0,0,0,0,8,0,40.0473,-75.06, , 
39470,457181,2014068169,6,67,67301,2014,6,2,1134,11,1,1,0,8,1, , ,N,1,2,0,3,0,4,5,5,N,N,40 02:20.942,75 06:36.006,1140, ,1135,2,2,4,N, ,3,Y, , , , , , , , ,1,0,0,0,0,0,1,0,0,0,0,0,4,4,0,0,0,0,0,0,0,0,0,0,0,0,0,0,0,0,0,0,4,0,0,8,0,40.0392,-75.11, , 
39471,457191,2014022828,6,67,67301,2014,2,6,916,9,1,5,1,1,1, , ,N,1,3,0,3,0,3,14,2,N,N,39 59:07.758,75 08:14.790,945, ,917,3,1,1,N, ,3,N, , , , , , , , ,2,0,0,1,0,1,0,0,0,0,0,3,3,0,0,0,0,0,0,0,1,0,0,0,0,0,0,0,0,0,0,0,0,0,0,4,2,39.9855,-75.1375, , 
39472,457193,2014025487,6,67,67301,2014,2,1,1830,18,3,1,0,8,1, , ,N,1,2,0,3,0,1,2,2,N, ,40 01:56.512,75 03:03.514,1925, ,1921, ,0, , , ,3, , , , , , , , , ,1,1,0,0,0,0,0,0,0,0,0,1,1,0,0,0,0,0,0,0,0,0,0,0,0,0,0,0,0,0,0,0,1,0,0,4,0,40.0323,-75.051, , 
39473,457206,2014044553,6,67,67301,2014,3,6,820,8,1,1,0,3,1, , ,N,0,0,0,3,0,1,3,2,N,N,40 02:21.685,75 11:20.461,908, ,902,1,1,3,N, ,0,Y, , , , , , , , ,2,0,0,0,0,1,1,0,0,0,0,1,1,0,0,0,0,0,0,0,0,0,0,2,0,0,0,0,0,0,0,0,0,0,0,4,1,40.0394,-75.189, , 
39474,457214,2014053428,6,67,67301,2014,5,1,1129,11,1,1,0,7,2, , ,N,0,0,0,3,0,1,1,2,N,N,39 56:59.260,75 08:28.778,1143, ,1129,2,2,1,N, ,0,N, , , , , , , , ,1,1,0,0,0,0,0,0,0,0,0,1,1,0,0,0,0,1,0,0,0,0,0,0,0,0,0,0,0,0,0,0,0,0,0,4,0,39.9498,-75.1413, , 
39475,457265,2014087961,6,67,67301,2014,7,7,1315,13,1,1,0,4,1, , ,N,1,2,0,3,0,1,3,2,N,N,39 58:48.567,75 10:09.473,1322, ,1320, ,0, ,N, ,3, , , , , , , , , ,2,1,0,0,1,0,0,0,0,0,0,0,1,1,0,0,0,0,0,0,1,0,0,0,0,0,0,0,0,0,0,0,0,0,0,8,0,39.9802,-75.1693, , 
39476,459876,2014054497,6,67,67301,2014,4,7,320,3,3,1,1,7,4, , ,N,3,2,0,3,0,1,1,1,N,N,40 02:50.984,75 06:44.541,323, ,322, ,0, ,N, ,3, , , , , , , , , ,1,1,0,0,0,0,0,0,0,0,0,1,1,0,0,0,0,0,0,0,0,0,0,0,0,0,0,0,0,0,0,0,0,0,0,4,0,40.0475,-75.1124, , 
39477,459907,2014098703,6,67,67301,2014,9,2,1844,18,3,2,1,8,1, , ,N,1,3,0,3,0,1,2,2,N,N,39 56:31.282,75 10:03.298,1852, ,1850, ,0, ,N, ,3, , , , , , , , , ,1,1,0,0,0,0,0,0,0,0,0,0,1,1,0,0,0,0,0,0,0,0,1,0,0,0,0,0,0,0,0,0,1,0,0,8,0,39.942,-75.1676, , 
39478,459919,2014109953,6,67,67301,2014,10,1,30,0,3,1,0,5,6, , ,N,0,0,0,3,0,0,1,3,N,N,39 55:25.561,75 10:40.965,40, ,34, ,0, , , ,0, , , , , , , , , ,3,1,0,0,0,0,2,0,0,0,0,0,0,0,0,0,0,0,0,0,0,0,0,0,0,0,0,0,0,0,0,0,0,0,0,0,0,39.9238,-75.178, , 
39479,459934,2014067919,6,67,67301,2014,5,7,1539,15,1,1,0,4,1, , ,N,1,2,0,3,0,1,3,3,N,N,40 02:38.401,75 06:09.537,1541, ,1539,9,1,3,N, ,3,N, , , , , , , , ,3,2,0,0,0,0,1,0,0,0,0,1,1,0,0,0,0,0,0,0,0,1,0,0,0,0,0,0,0,0,0,0,0,0,0,4,0,40.044,-75.1026, , 
39480,459935,2014068110,6,67,67301,2014,5,6,1543,15,1,1,0,1,1, , ,N,0,0,0,3,0,3,4,3,N,N,40 04:04.952,75 03:58.342,1615, ,1602, ,0, ,N, ,0, , , , , , , , , ,3,3,0,0,0,0,0,0,0,0,0,0,3,3,0,0,0,0,0,1,0,0,0,1,0,0,0,0,0,0,0,0,0,0,0,8,0,40.068,-75.0662, , 
39481,459936,2014068658,6,67,67301,2014,5,4,1429,14,1,9,1,4,1, , ,N,1,2,0,3,0,6,6,3,N,N,39 59:43.508,75 06:19.956,1612, ,1610,3,1,1, , ,2,N, , , , , , , , ,3,3,0,0,0,0,0,0,0,0,0,6,6,0,0,0,0,1,0,0,0,1,0,0,0,0,0,0,0,0,0,0,0,0,0,4,0,39.9954,-75.1055, , 
39482,459941,2014071850,6,67,67301,2014,7,6,1253,12,1,1,0,1,1, , ,N,7,0,2,3,0,2,4,2,N,N,39 53:04.770,75 14:38.828,1322, ,1259, ,0, ,N, ,0, , , , , , , , , ,2,1,0,0,0,0,1,0,0,0,0,0,2,2,0,0,0,0,0,0,0,0,0,0,0,0,0,0,0,0,0,0,0,0,0,8,0,39.8847,-75.2441, , 
39483,459942,2014072763,6,67,67301,2014,7,2,1450,14,1,1,0,1,1, , ,N,0,0,0,3,0,0,3,3,N,N,39 57:27.036,75 09:32.872,1504, ,1455,2,2,4,N, ,0,Y, , , , , , , , ,3,2,0,0,0,1,0,0,0,0,0,0,0,0,0,0,0,0,0,0,1,0,0,0,0,0,0,0,0,0,0,0,0,0,0,0,1,39.9575,-75.1591, , 
39484,459948,2014078807,6,67,67301,2014,4,2,739,7,1,1,0,5,1, , ,N,1,2,0,3,0,3,19,2,Y, ,39 57:05.578,75 09:24.232,743, ,741,9,1,3, , ,3,N, , , , , , , , ,2,0,0,2,0,0,0,0,0,0,0,3,3,0,0,0,0,0,0,0,0,1,0,0,0,0,0,0,0,0,0,0,0,0,0,4,2,39.9515,-75.1567, , 
39485,459953,2014087957,6,67,67301,2014,8,1,836,8,1,1,0,7,4, , ,N,0,0,0,3,0,2,2,2,N,N,40 02:37.576,75 01:08.626,837, ,837, ,0, ,N, ,0, , , , , , , , , ,1,0,0,0,0,0,1,0,0,0,2,0,2,0,0,0,0,0,0,0,0,0,0,0,0,0,0,0,0,0,0,0,0,0,0,3,0,40.0438,-75.0191, , 
39486,459954,2014088335,6,67,67301,2014,7,3,1325,13,1,1,0,4,1, , ,N,1,2,0,3,0,3,3,2,N,N,40 01:24.369,75 08:21.713,1345, ,1330,2,2,7,N, ,3,Y, , , , , , , , ,2,1,0,0,0,0,1,0,0,0,0,1,3,2,0,0,0,0,0,0,2,0,0,0,0,0,0,0,0,0,0,0,0,0,0,4,0,40.0234,-75.1394, , 
39487,459963,2014098674,6,67,67301,2014,9,4,1445,14,1,1,0,8,1, , ,N,0,0,0,3,0,1,2,2,N, ,40 00:34.670,75 07:36.780,1550, ,1455, ,0, , , ,0, , , , , , , , , ,1,1,0,0,0,0,0,0,0,0,0,1,1,0,0,0,0,0,0,0,1,0,0,0,0,0,0,0,0,0,0,0,1,0,0,4,0,40.0096,-75.1269, , 
39488,459983,2014087791,6,67,67301,2014,7,3,2348,23,3,1,0,3,6, , ,N,0,0,0,3,0,0,2,3,N,N,39 55:37.600,75 10:51.907,25, ,20, ,0, , , ,0, , , , , , , , , ,3,2,0,0,0,0,1,0,0,0,0,0,0,0,1,0,0,0,0,0,0,0,0,0,0,0,0,0,0,0,0,0,0,0,0,9,0,39.9271,-75.1811, , 
39489,459994,2014104602,6,67,67301,2014,10,6,1735,17,1,1,0,1,1, , ,N,1,1,0,3,0,2,3,2,N,N,40 00:13.298,75 05:39.820,1752, ,1751, ,0, ,N, ,3, , , , , , , , , ,2,1,0,0,0,0,1,0,0,0,0,2,2,0,0,0,0,0,0,0,0,0,0,0,0,0,0,0,0,0,0,0,0,0,0,4,0,40.0037,-75.0944, , 
39490,459996,2014109899,6,67,67301,2014,9,4,1255,12,1,1,0,4,1, , ,N,1,2,0,3,0,1,5,2,N,N,39 57:23.324,75 13:17.716,1258, ,1257, ,0, ,N, ,3, , , , , , , , , ,2,2,0,0,0,0,0,0,0,0,0,0,1,1,0,0,0,0,0,0,1,0,0,0,0,0,0,0,0,0,0,0,0,0,0,8,0,39.9565,-75.2215, , 
39491,460006,2014125079,6,67,67301,2014,11,5,2200,22,3,1,0,1,1, , ,N,0,0,0,3,0,1,3,2,N,N,40 03:25.408,75 08:57.933,2220, ,2213, ,0, ,N, ,0, , , , , , , , , ,2,0,0,0,1,0,0,1,0,0,0,1,1,0,0,0,0,0,0,0,1,0,0,0,0,0,0,0,0,0,0,0,0,0,0,4,0,40.0571,-75.1494, , 
39492,460025,2014074469,6,67,67301,2014,6,3,9999,99,1,1,1,1,1, , ,N,0,0,0,3,0,2,5,3,N,N,40 01:40.957,75 05:31.781,9999, ,1327,1,1,2,N, ,0,N, , , , , , , , ,3,1,0,0,0,0,2,0,0,0,0,0,2,2,0,0,0,0,0,1,0,0,0,0,0,0,0,0,0,0,0,0,0,0,0,8,0,40.028,-75.0922, , 
39493,460043,2014074886,6,67,67301,2014,6,4,9999,99,1,1,0,7,4, , ,N,0,3,0,3,0,0,3,3,N, ,40 00:40.083,75 09:11.839,1450, ,1445, ,0, , , ,3, , , , , , , , , ,2,1,0,0,0,0,1,0,0,0,0,0,0,0,0,0,0,0,0,0,0,0,0,0,0,0,0,0,0,0,0,0,0,0,0,0,0,40.0111,-75.1533, , 
39494,465602,2014132270,6,67,67301,2014,12,2,753,7,1,1,0,1,1, , ,N,0,0,0,3,0,1,2,2,N,N,39 57:32.101,75 10:12.456,804, ,755,2,1,4,N, ,0,N, , , , , , , , ,2,0,0,0,0,0,2,0,0,0,0,0,1,1,0,0,0,0,0,0,1,0,0,0,0,0,0,0,0,0,0,0,0,0,0,8,0,39.9589,-75.1701, , 
39495,465606,2015006612,6,67,67301,2014,12,3,1435,14,1,2,1,8,1, , ,N,1,2,0,3,0,1,2,2,N, ,39 56:15.342,75 09:52.613,1503, ,1458, ,0, , , ,3, , , , , , , , , ,1,0,0,0,0,0,1,0,0,0,1,0,1,0,0,0,0,0,0,0,0,0,0,0,0,0,0,0,0,0,0,0,1,0,0,3,0,39.9376,-75.1646, , 
39496,465608,2015029856,6,67,67301,2014,10,5,550,5,5,2,1,1,1, , ,N,0,2,7,3,0,1,2,2,N,N,40 01:55.888,75 01:11.844,0, ,0, ,0, ,N, ,3, , , , , , , , , ,2,1,0,0,1,0,0,0,0,0,0,0,1,1,0,0,0,0,0,0,0,0,0,0,0,0,0,0,0,0,0,0,0,0,0,8,0,40.0323,-75.0198, , 
39497,465612,2014110410,6,67,67301,2014,6,5,1241,12,1,1,0,4,1, , ,N,1,3,0,3,0,2,3,2,N,N,39 59:22.866,75 09:28.871,1242, ,1241,2,2,4,N, ,3,Y, , , , , , , , ,2,1,0,0,0,0,1,0,0,2,0,0,2,0,0,0,0,0,0,0,0,0,0,1,0,1,0,0,0,0,0,0,0,0,0,2,0,39.9897,-75.158, , 
39498,465615,2014120902,6,67,67301,2014,11,2,1937,19,3,1,0,4,1, , ,N,2,2,7,3,0,2,3,2,N, ,40 01:51.956,75 10:40.006,1947, ,1940, ,0, , , ,3, , , , , , , , , ,1,0,0,0,0,0,0,1,1,0,0,2,2,0,0,0,0,0,0,0,0,0,0,0,0,0,0,0,0,0,0,0,0,0,0,4,0,40.0311,-75.1778, , 
39499,465618,2014127520,6,67,67301,2014,11,5,2149,21,3,1,0,1,1, , ,N,0,0,0,3,0,7,8,2,N,N,40 01:47.854,75 06:09.083,2230, ,2224,3,1,2,N, ,0,N, , , , , , , , ,2,1,0,0,0,0,1,0,0,0,0,5,7,2,0,0,0,0,0,0,0,0,0,0,0,0,0,0,0,0,0,0,0,0,0,4,0,40.03,-75.1025, , 
39500,465625,2015002729,6,67,67301,2014,12,5,1945,19,3,1,0,4,1, , ,N,1,2,0,3,0,2,2,2,N,N,40 04:57.920,75 01:55.334,1955, ,1948,1,1,4,N, ,3,N, , , , , , , , ,2,1,0,0,0,0,0,1,0,0,0,1,2,1,0,0,0,0,0,0,0,0,0,0,0,0,0,0,0,0,0,0,0,0,0,4,0,40.0827,-75.0321, , 
39501,465633,2014121463,6,67,67301,2014,11,5,1730,17,3,2,1,4,1, , ,N,1,3,0,3,0,1,2,2,N,N,40 01:32.304,75 08:37.597,9999, ,1900, ,0, ,N, ,3, , , , , , , , , ,1,0,0,0,0,0,1,0,1,0,0,1,1,0,0,0,0,0,0,0,0,0,0,0,0,0,0,0,0,0,0,0,0,0,0,4,0,40.0256,-75.1438, , 
39502,465650,2014120928,6,67,67301,2014,11,6,9999,99,1,1,0,8,1, , ,N,5,2,2,3,0,1,2,2,N,N,39 55:17.858,75 11:25.279,1742, ,1742, ,0, ,N, ,3, , , , , , , , , ,1,0,0,0,1,0,0,0,0,0,0,1,1,0,0,0,0,0,0,0,0,0,0,0,0,0,0,0,0,0,0,0,1,0,0,4,0,39.9216,-75.1904, , 
39503,465652,2014122033,6,67,67301,2014,11,6,23,0,3,2,1,7,4, , ,N,0,0,0,3,0,1,1,1,N,N,39 56:33.399,75 14:21.092,35, ,27, ,0, ,N, ,0, , , , , , , , , ,1,1,0,0,0,0,0,0,0,0,0,0,1,1,0,0,0,0,0,0,0,0,0,0,0,0,0,0,0,0,0,0,0,0,0,8,0,39.9426,-75.2392, , 
39504,465665,2014120286,6,67,67301,2014,11,5,2150,21,6,2,1,7,2, , ,N,0,0,0,3,0,1,1,1,N, ,40 01:38.308,75 11:34.075,2215, ,2156, ,0, , , ,0, , , , , , , , , ,1,0,0,0,0,0,0,1,0,0,0,0,1,1,0,0,0,0,0,0,1,0,0,0,0,0,0,0,0,0,0,0,0,0,0,8,0,40.0273,-75.1928, , 
39505,465670,2014127413,6,67,67301,2014,12,1,2125,21,3,1,0,5,6, , ,N,0,0,0,3,0,2,3,2,N,N,40 02:02.816,75 09:58.674,2130, ,2130, ,0, ,N, ,0, , , , , , , , , ,2,1,0,0,1,0,0,0,0,0,0,0,2,2,1,0,0,0,0,0,0,0,0,0,0,0,0,0,0,0,0,0,0,0,0,8,0,40.0341,-75.1663, , 
39506,465676,2014130508,6,67,67301,2014,12,5,846,8,1,1,0,4,1, , ,N,0,2,0,3,0,1,2,2,N, ,39 57:01.642,75 11:58.143,850, ,848, ,0, , , ,3, , , , , , , , , ,1,0,0,0,0,0,1,0,1,0,0,1,1,0,0,0,0,0,0,0,1,0,0,0,0,0,0,0,0,0,0,0,0,0,0,4,0,39.9504,-75.1995, , 
39507,465682,2015002706,6,67,67301,2014,12,3,1120,11,1,1,0,8,1, , ,N,3,2,0,3,0,1,2,2,N,N,39 59:01.367,75 10:36.022,1345, ,1344, ,0, ,N, ,3, , , , , , , , , ,1,1,0,0,0,0,0,0,0,0,0,0,1,1,0,0,0,0,0,0,0,0,0,0,0,0,0,0,0,0,0,0,1,0,0,8,0,39.9837,-75.1767, , 
39508,465686,2014113422,6,67,67301,2014,10,4,9999,99,1,1,0,8,1, , ,N,1,3,0,3,0,1,2,2,N,N,39 56:18.981,75 09:46.007,1408, ,1407, ,0, ,N, ,3, , , , , , , , , ,1,1,0,0,0,0,0,0,0,0,0,1,1,0,0,0,0,0,0,0,1,0,0,0,0,0,0,0,0,0,0,0,1,0,0,4,0,39.9386,-75.1628, , 
39509,465694,2014125080,6,67,67301,2014,11,2,2016,20,2,1,0,5,1, , ,N,2,0,0,3,0,1,2,2,N,N,40 03:00.590,75 09:04.550,2025, ,2017, ,0, ,N, ,0, , , , , , , , , ,2,1,0,0,0,0,1,0,0,0,0,1,1,0,0,0,0,0,0,0,0,0,1,0,0,0,0,0,0,0,0,0,0,0,0,4,0,40.0502,-75.1513, , 
39510,465702,2014113402,6,67,67301,2014,10,2,240,2,3,1,0,1,1, , ,N,1,2,0,3,0,2,3,2,N,N,40 02:24.861,75 03:30.268,248, ,242,1,1,1,N, ,3,Y, , , , , , , , ,2,2,0,0,0,0,0,0,0,0,2,0,2,0,0,0,0,0,0,1,0,0,0,0,0,0,0,0,0,0,0,0,0,0,0,3,0,40.0403,-75.0585, , 
39511,465707,2014115480,6,67,67301,2014,7,1,1900,19,1,1,0,1,1, , ,N,1,2,0,3,0,1,2,2,N,N,39 56:37.828,75 14:16.183,0, ,0, ,0, ,N, ,3, , , , , , , , , ,2,0,0,0,0,0,1,1,0,0,0,1,1,0,1,0,0,0,0,0,0,0,0,0,0,0,0,0,0,0,0,0,0,0,0,4,0,39.9438,-75.2378, , 
39512,462997,2014104558,6,67,67301,2014,10,4,1425,14,1,1,0,1,1, , ,N,5,2,0,3,0,1,5,3,N,N,40 00:21.613,75 05:30.664,1440, ,1435, ,0, , , ,3, , , , , , , , , ,3,2,0,0,1,0,0,0,0,0,0,0,1,1,0,0,0,0,0,0,2,0,0,0,0,0,0,0,0,0,0,0,0,0,0,8,0,40.006,-75.0919, , 
39513,463016,2014081474,6,67,67301,2014,6,2,2330,23,3,9,0,4,1, , ,N,1,3,0,3,0,1,2,2,N, ,39 58:43.896,75 07:03.165,1845, ,1845, ,0, , , ,3, , , , , , , , , ,1,1,0,0,0,0,0,0,1,0,0,1,1,0,0,0,0,0,0,0,0,0,0,0,0,0,0,0,0,0,0,0,0,0,0,4,0,39.9789,-75.1175, , 
39514,463020,2014088406,6,67,67301,2014,8,3,1019,10,1,1,0,4,6, , ,N,1,3,0,3,0,1,1,2,N,N,40 04:39.162,75 10:23.357,1035, ,1027,2,2,2,N, ,3,N, , , , , , , , ,2,2,0,0,0,0,0,0,0,0,0,0,1,1,0,0,0,0,0,0,1,0,0,0,0,0,0,0,0,0,0,0,0,0,0,8,0,40.0775,-75.1732, , 