objectid_1,objectid,crn,district,county,municipality,crash_year,crash_month,day_of_week,time_of_day,hour_of_day,illumination,weather,road_condition,collision_type,relation_to_road,work_zone_type,work_zone_loc,work_zone_ind,intersect_type,tcd_type,location_type,urban_rural,fatal_count,injury_count,person_count,total_units,sch_bus_ind,sch_zone_ind,latitude,longitude,arrival_tm,cons_zone_spd_lim,dispatch_tm,est_hrs_closed,lane_closed,ln_close_dir,ntfy_hiwy_maint,spec_juris_cd,tcd_func_cd,tfc_detour_ind,workers_pres,wz_close_detour,wz_flagger,wz_law_offcr_ind,wz_ln_closure,wz_moving,wz_other,wz_shlder_mdn,vehicle_count,automobile_count,motorcycle_count,bus_count,small_truck_count,heavy_truck_count,suv_count,van_count,bicycle_count,maj_inj_count,mod_inj_count,min_inj_count,tot_inj_count,unk_inj_deg_count,unk_inj_per_count,driver_count_16yr,driver_count_17yr,driver_count_18yr,driver_count_19yr,driver_count_20yr,driver_count_50_64yr,driver_count_65_74yr,driver_count_75plus,unbelted_occ_count,unb_death_count,unb_maj_inj_count,belted_death_count,belted_maj_inj_count,mcycle_death_count,mcycle_maj_inj_count,bicycle_death_count,bicycle_maj_inj_count,ped_count,ped_death_count,ped_maj_inj_count,max_severity_level,comm_veh_count,dec_lat,dec_long,rdwy_surf_type_cd,county_name
39583,465838,2014082731,6,67,67301,2014,8,7,2030,20,3,1,0,7,4,1,4,Y,6,0,2,3,0,0,1,1,N,N,40 01:14.657,75 02:34.057,2054,10,2034,2,1,2,N, ,0,N,Y,N,N,N,N,N,N,Y,1,0,0,0,0,0,1,0,0,0,0,0,0,0,0,0,0,0,0,0,0,0,0,0,0,0,0,0,0,0,0,0,0,0,0,0,0,40.0207,-75.0428, , 
39584,465841,2014084429,6,67,67301,2014,7,2,1135,11,1,1,0,4,1, , ,N,0,2,0,3,0,0,2,3,N,N,39 58:21.710,75 10:08.472,1210, ,1208, ,0, ,N, ,3, , , , , , , , , ,3,3,0,0,0,0,0,0,0,0,0,0,0,0,1,0,0,0,0,0,0,0,0,0,0,0,0,0,0,0,0,0,0,0,0,9,0,39.9727,-75.1689, , 
39585,463186,2014117449,6,67,67301,2014,3,6,1330,13,1,1,0,4,1, , ,N,1,2,0,3,0,1,2,2,N,N,39 56:45.089,75 14:25.018,0, ,0, ,0, ,N, ,3, , , , , , , , , ,2,0,0,0,0,1,1,0,0,0,0,0,1,1,1,0,0,0,0,0,0,0,0,0,0,0,0,0,0,0,0,0,0,0,0,8,1,39.9459,-75.2403, , 
39586,463201,2014078990,6,67,67301,2014,7,5,1555,15,1,1,0,1,1, , ,N,0,0,0,3,0,1,4,3,N,N,39 56:33.915,75 11:36.111,1630, ,1555, ,0, ,N, ,0, , , , , , , , , ,3,1,0,0,1,0,1,0,0,0,0,0,1,1,0,0,0,0,0,0,0,0,0,0,0,0,0,0,0,0,0,0,0,0,0,8,0,39.9428,-75.1934, , 
39587,463208,2014068089,6,67,67301,2014,6,1,230,2,3,1,0,7,4, , ,N,0,0,0,3,0,1,1,1,N,N,39 58:51.624,75 11:58.005,238, ,233, ,0, ,N, ,0, , , , , , , , , ,1,1,0,0,0,0,0,0,0,0,0,0,1,1,0,0,0,0,0,0,0,0,0,0,0,0,0,0,0,0,0,0,0,0,0,8,0,39.981,-75.1994, , 
39588,463228,2014089711,6,67,67301,2014,8,4,2255,22,3,1,0,1,6, , ,N,0,0,0,3,0,1,3,2,N,N,40 01:17.760,75 05:02.000,2315, ,2307, ,0, , , ,0, , , , , , , , , ,2,1,0,0,0,0,1,0,0,0,0,0,1,1,0,0,0,0,0,0,0,0,0,0,0,0,0,0,0,0,0,0,0,0,0,8,0,40.0216,-75.0839, , 
39589,463273,2014096382,6,67,67301,2014,9,3,240,2,3,1,0,1,1, , ,N,0,0,0,3,0,0,2,3,N, ,40 02:07.202,75 10:26.856,241, ,240,1,1,1, , ,0,N, , , , , , , , ,3,2,0,0,0,0,1,0,0,0,0,0,0,0,0,0,0,0,0,0,0,0,0,0,0,0,0,0,0,0,0,0,0,0,0,0,0,40.0353,-75.1741, , 
39590,463276,2014098642,6,67,67301,2014,9,5,1433,14,1,2,1,1,1, , ,N,2,2,0,3,0,1,5,2,N,N,40 01:38.505,75 05:56.834,1512, ,1507,1,1,1,N, ,3,N, , , , , , , , ,2,0,0,0,1,0,1,0,0,0,0,1,1,0,0,0,0,0,0,0,1,0,0,0,0,0,0,0,0,0,0,0,0,0,0,4,0,40.0274,-75.0991, , 
39591,463295,2014065582,6,67,67301,2014,5,6,1257,12,1,1,0,4,1, , ,N,1,2,0,3,0,1,2,2,N,N,39 58:57.685,75 10:31.026,1302, ,1259,1,1,7,N, ,3,N, , , , , , , , ,2,1,0,0,0,0,1,0,0,0,0,1,1,0,0,0,0,0,0,0,1,0,0,0,0,0,0,0,0,0,0,0,0,0,0,4,0,39.9827,-75.1753, , 
39592,463297,2014068211,6,67,67301,2014,6,5,1848,18,1,1,0,5,1, , ,N,3,2,0,3,0,0,6,3,N,N,39 57:34.816,75 14:50.653,1855, ,1851, ,0, , , ,3, , , , , , , , , ,3,3,0,0,0,0,0,0,0,0,0,0,0,0,0,0,0,0,0,1,0,0,0,0,0,0,0,0,0,0,0,0,0,0,0,0,0,39.9597,-75.2474, , 
39593,463298,2014068282,6,67,67301,2014,7,3,2057,20,2,2,1,1,1, , ,N,0,0,0,3,0,0,2,2,N,N,40 01:06.651,75 02:50.695,2117, ,2102, ,0, ,N, ,0, , , , , , , , , ,2,0,0,0,1,0,1,0,0,0,0,0,0,0,0,0,0,0,0,0,1,0,0,0,0,0,0,0,0,0,0,0,0,0,0,0,0,40.0185,-75.0474, , 
39594,463307,2014061020,6,67,67301,2014,6,1,1711,17,1,1,0,3,1, , ,N,1,2,2,3,0,1,4,2,N,N,39 54:36.812,75 09:48.100,1711, ,1711, ,0, ,N, ,3, , , , , , , , , ,2,0,1,0,0,0,0,1,0,0,1,0,1,0,0,0,0,0,0,0,0,0,0,0,0,0,0,0,0,0,0,0,0,0,0,3,0,39.9102,-75.1634, , 
39595,463329,2014074865,6,67,67301,2014,6,3,758,7,1,2,1,8,1, , ,N,2,0,0,3,0,1,2,2,N,N,39 59:25.520,75 06:57.522,800, ,758, ,0, ,N, ,0, , , , , , , , , ,1,1,0,0,0,0,0,0,0,0,0,1,1,0,0,0,0,0,0,0,0,0,0,0,0,0,0,0,0,0,0,0,1,0,0,4,0,39.9904,-75.116, , 
39596,463340,2014068077,6,67,67301,2014,6,1,1134,11,1,1,0,1,1, , ,N,1,2,0,3,0,4,4,3,N, ,40 04:46.310,75 02:31.846,1144, ,1142, ,0, , , ,3, , , , , , , , , ,3,2,0,0,0,0,1,0,0,0,0,3,4,1,0,0,0,0,0,0,2,0,0,0,0,0,0,0,0,0,0,0,0,0,0,4,0,40.0795,-75.0422, , 
39597,463343,2014075977,6,67,67301,2014,6,1,145,1,3,1,0,7,5, , ,N,0,0,7,3,0,0,2,1,N,N,40 04:57.237,75 12:52.304,230, ,220, ,0, ,N, ,0, , , , , , , , , ,1,1,0,0,0,0,0,0,0,0,0,0,0,0,0,0,0,0,0,0,0,0,0,0,0,0,0,0,0,0,0,0,0,0,0,0,0,40.0826,-75.2145, , 
39598,463350,2014083049,6,67,67301,2014,6,4,1705,17,1,1,0,5,1, , ,N,0,0,0,3,0,0,2,2,N,N,39 58:10.726,75 08:03.905,1705, ,1705, ,0, ,N, ,0, , , , , , , , , ,2,2,0,0,0,0,0,0,0,0,0,0,0,0,0,0,0,0,0,0,1,0,0,0,0,0,0,0,0,0,0,0,0,0,0,0,0,39.9696,-75.1344, , 
39599,463370,2014081426,6,67,67301,2014,6,5,1925,19,1,1,0,8,1, , ,N,0,0,0,3,0,1,2,2,N,N,40 01:28.261,75 07:03.280,1930, ,1926, ,0, , , ,0, , , , , , , , , ,1,1,0,0,0,0,0,0,0,0,0,1,1,0,0,0,0,0,0,0,0,0,0,0,0,0,0,0,0,0,0,0,1,0,0,4,0,40.0245,-75.1176, , 
39600,463378,2014088107,6,67,67301,2014,6,7,1435,14,1,1,0,4,1, , ,N,2,0,0,3,0,1,3,3,N,N,40 00:36.633,75 09:30.240,1445, ,1443,2,2,6,N, ,0,Y, , , , , , , , ,3,2,0,0,1,0,0,0,0,0,0,1,1,0,0,0,0,0,0,0,1,0,0,0,0,0,0,0,0,0,0,0,0,0,0,4,0,40.0102,-75.1584, , 
39601,463382,2014091447,6,67,67301,2014,9,3,1220,12,1,1,0,4,1, , ,N,0,0,0,3,0,1,2,2,N,N,39 58:16.187,75 09:34.469,1242, ,1237,2,1,2,N, ,0,N, , , , , , , , ,2,1,1,0,0,0,0,0,0,0,1,0,1,0,0,0,0,0,1,0,0,1,0,0,0,0,0,0,0,0,0,0,0,0,0,3,0,39.9712,-75.1596, , 
39602,463421,2014088755,6,67,67301,2014,8,7,1026,10,1,1,0,1,1, , ,N,0,0,3,3,0,0,1,2,N,N,39 53:51.961,75 12:41.537,1031, ,1026,3,2,3,N, ,0,Y, , , , , , , , ,2,0,0,0,1,0,1,0,0,0,0,0,0,0,0,0,0,0,0,0,0,0,0,0,0,0,0,0,0,0,0,0,0,0,0,0,0,39.8978,-75.2115, , 
39603,463430,2014098684,6,67,67301,2014,8,2,2055,20,3,1,0,7,4, , ,N,1,3,0,3,1,0,1,1,N, ,39 58:15.585,75 09:57.531,2109, ,2105, ,0, ,N,0,3, , , , , , , , , ,1,0,1,0,0,0,0,0,0,0,0,0,0,0,0,0,0,0,0,0,0,0,0,0,0,0,0,0,1,0,0,0,0,0,0,1,0,39.971,-75.166,2, 
39604,457352,2014110391,6,67,67301,2014,9,7,49,0,3,1,0,4,1, , ,N,2,2,0,3,0,1,2,2,N,N,39 56:48.462,75 14:09.078,9999, ,49,3,2,5,N, ,3,Y, , , , , , , , ,1,1,0,0,0,0,0,0,1,0,1,0,1,0,0,0,0,0,0,1,0,0,0,0,0,0,0,0,0,0,0,0,0,0,0,3,0,39.9468,-75.2358, , 
39605,457357,2014115477,6,67,67301,2014,7,6,1530,15,1,1,0,1,1, , ,N,1,2,0,3,0,2,3,2,N,N,39 55:10.650,75 14:24.889,0, ,0, ,0, ,N, ,3, , , , , , , , , ,2,1,0,0,0,0,0,0,0,0,0,0,2,2,1,0,0,0,0,0,0,0,0,0,0,0,0,0,0,0,0,0,0,0,0,8,0,39.9196,-75.2402, , 
39606,457391,2014104615,6,67,67301,2014,10,6,1559,15,1,1,0,8,1, , ,N,0,0,0,3,0,1,2,2,N,N,39 59:47.932,75 07:17.454,1650, ,1616,1,2,1,N, ,0,Y, , , , , , , , ,1,1,0,0,0,0,0,0,0,0,0,1,1,0,0,0,0,0,0,0,0,0,0,0,0,0,0,0,0,0,0,0,1,0,0,4,0,39.9966,-75.1215, , 
39607,457406,2014110437,6,67,67301,2014,10,2,1545,15,1,1,0,5,1, , ,N,1,3,0,3,0,4,5,2,N,N,39 58:27.123,75 09:23.824,9999, ,9999, ,0, ,N, ,3, , , , , , , , , ,2,1,0,0,0,0,1,0,0,0,0,0,4,4,0,0,0,0,0,0,1,0,0,0,0,0,0,0,0,0,0,0,0,0,0,8,0,39.9742,-75.1566, , 
39608,457409,2014115655,6,67,67301,2014,11,6,1600,16,3,1,0,4,1, , ,N,1,2,0,3,0,2,3,2,N,N,40 00:00.102,75 09:11.758,1710, ,1630, ,0, ,N, ,3, , , , , , , , , ,2,2,0,0,0,0,0,0,0,1,0,1,2,0,0,0,0,0,1,0,0,0,0,0,0,0,0,0,0,0,0,0,0,0,0,2,0,40,-75.1531, , 
39609,457411,2014116066,6,67,67301,2014,3,1,1830,18,1,1,0,1,1, , ,N,1,2,0,3,0,2,3,2,N,N,39 53:40.603,75 14:12.181,0, ,0, ,0, ,N, ,3, , , , , , , , , ,2,0,0,0,0,0,0,0,0,0,1,0,2,1,1,0,0,0,0,0,0,0,0,0,0,0,0,0,0,0,0,0,0,0,0,3,0,39.8946,-75.2367, , 
39610,457414,2014120285,6,67,67301,2014,11,5,1650,16,3,2,1,8,1, , ,N,1,2,0,3,0,1,2,2,N,N,40 03:41.901,75 14:11.684,1705, ,1656, ,0, , , ,3, , , , , , , , , ,1,1,0,0,0,0,0,0,0,0,1,0,1,0,0,0,0,0,0,0,0,1,0,0,0,0,0,0,0,0,0,0,1,0,0,3,0,40.0616,-75.2366, , 
39611,457419,2014125123,6,67,67301,2014,11,7,1734,17,3,1,0,2,6, , ,N,0,0,0,3,0,1,1,2,N,N,40 02:16.100,75 08:20.805,1750, ,1743, ,0, ,N, ,0, , , , , , , , , ,2,2,0,0,0,0,0,0,0,0,0,1,1,0,0,0,0,0,0,0,1,0,0,0,0,0,0,0,0,0,0,0,0,0,0,4,0,40.0378,-75.1391, , 
39612,457429,2014054483,6,67,67301,2014,5,5,1648,16,1,1,0,1,1, , ,N,0,0,0,3,0,8,10,2,N,N,39 58:26.806,75 12:17.060,1658, ,1648, ,0, ,N, ,0, , , , , , , , , ,2,0,0,1,1,0,0,0,0,0,0,0,8,8,0,0,0,0,0,0,0,1,0,0,0,0,0,0,0,0,0,0,0,0,0,8,2,39.9741,-75.2047, , 
39613,457433,2014065104,6,46,46102,2014,7,3,1150,11,1,1,0,1,1, , ,N,0,0,0,3,0,0,3,3,N,N,40 03:48.826,75 08:23.528,1157, ,1154,3,1,4,N, ,0,N, , , , , , , , ,3,2,0,0,0,0,1,0,0,0,0,0,0,0,0,0,0,0,0,0,1,0,0,0,0,0,0,0,0,0,0,0,0,0,0,0,0,40.0636,-75.1399, , 
39614,457436,2014067543,6,67,67301,2014,5,5,2035,20,3,1,0,0,1, , ,N,0,0,0,3,0,0,2,2,N,N,40 02:06.356,75 11:18.594,2045, ,2040,1,2,1, , ,0,Y, , , , , , , , ,2,1,1,0,0,0,0,0,0,0,0,0,0,0,0,0,0,0,0,0,0,0,0,0,0,0,0,0,0,0,0,0,0,0,0,0,0,40.0351,-75.1885, , 
39615,457437,2014068065,6,67,67301,2014,6,1,550,5,5,1,0,5,1, , ,N,0,0,0,3,0,0,1,2,N,N,39 56:14.666,75 11:34.745,557, ,553,2,1,3, , ,0,Y, , , , , , , , ,2,1,0,0,0,0,1,0,0,0,0,0,0,0,0,0,0,0,1,0,0,0,0,0,0,0,0,0,0,0,0,0,0,0,0,0,0,39.9374,-75.193, , 
39616,457438,2014068093,6,67,67301,2014,6,6,2014,20,3,1,0,4,1, , ,N,1,3,0,3,0,1,2,2,N,N,40 03:40.060,75 09:42.454,2100, ,2055, ,0, ,N, ,3, , , , , , , , , ,2,1,0,0,0,0,1,0,0,0,0,1,1,0,0,0,0,0,0,0,0,0,0,0,0,0,0,0,0,0,0,0,0,0,0,4,0,40.0611,-75.1618, , 
39617,457457,2014091291,6,67,67301,2014,9,5,1159,11,1,9,8,4,1, , ,N,1,0,0,3,0,1,3,2,N,N,39 55:59.851,75 08:41.348,1234, ,1234, ,0, ,N, ,0, , , , , , , , , ,2,1,1,0,0,0,0,0,0,0,0,1,1,0,0,0,0,0,0,0,0,0,0,0,0,0,0,0,0,0,0,0,0,0,0,4,0,39.9333,-75.1448, , 
39618,457477,2014127434,6,67,67301,2014,12,2,317,3,3,1,0,5,6, , ,N,0,0,0,3,0,0,1,4,N,N,40 01:51.595,75 07:28.367,321, ,321, ,0, ,N, ,0, , , , , , , , , ,4,0,0,0,1,0,2,0,0,0,0,0,0,0,0,0,0,0,0,0,0,0,0,0,0,0,0,0,0,0,0,0,0,0,0,0,0,40.031,-75.1245, , 
39619,457478,2014127488,6,67,67301,2014,12,2,1725,17,3,1,0,4,1, , ,N,0,3,7,3,0,1,4,4,N,N,40 07:58.269,75 00:27.386,1731, ,1730,2,2,3,N, ,3,Y, , , , , , , , ,4,1,0,0,0,0,1,0,0,0,0,1,1,0,0,0,0,0,0,0,2,1,0,0,0,0,0,0,0,0,0,0,0,0,0,4,0,40.1329,-75.0076, , 
39620,457512,2014043073,6,67,67301,2014,3,6,1830,18,4,1,0,5,1, , ,N,0,0,0,3,0,2,3,2,N,N,40 03:45.247,75 05:00.719,1900, ,1853, ,0, ,N, ,0, , , , , , , , , ,2,1,0,0,0,0,1,0,0,0,0,2,2,0,1,0,0,0,0,1,0,0,0,0,0,0,0,0,0,0,0,0,0,0,0,4,0,40.0626,-75.0835, , 
39621,457516,2014048792,6,67,67301,2014,5,6,1717,17,1,1,0,7,2, , ,N,0,0,0,3,0,1,2,1,N,N,39 57:58.388,75 08:10.244,1734, ,1722, ,0, ,Y, ,0, , , , , , , , , ,1,1,0,0,0,0,0,0,0,0,0,0,1,1,0,0,1,0,0,0,0,0,0,1,0,0,0,0,0,0,0,0,0,0,0,8,0,39.9662,-75.1362, , 
39622,460233,2014025867,6,67,67301,2014,1,7,1353,13,1,1,0,4,1, , ,N,1,3,0,3,0,1,2,2,N,N,39 59:13.077,75 14:04.844,1357, ,1354,2,1,2,N, ,3,N, , , , , , , , ,2,0,1,0,0,0,1,0,0,0,1,0,1,0,0,0,0,0,0,0,1,0,0,0,0,0,0,0,0,0,0,0,0,0,0,3,0,39.987,-75.2347, , 
39623,460250,2014042149,6,67,67301,2014,4,3,742,7,1,1,0,5,1, , ,N,0,0,2,3,0,0,3,3,N,N,39 54:41.020,75 09:25.088,743, ,743,1,1,3,N, ,0,N, , , , , , , , ,3,2,0,0,1,0,0,0,0,0,0,0,0,0,1,0,0,0,0,0,0,1,0,0,0,0,0,0,0,0,0,0,0,0,0,9,0,39.9114,-75.157, , 
39624,460257,2014050259,6,67,67301,2014,4,7,1720,17,1,1,0,4,1, , ,N,1,2,0,3,0,1,5,2,N,N,40 00:59.814,75 08:49.815,1720, ,1723, ,0, ,N, ,3, , , , , , , , , ,2,2,0,0,0,0,0,0,0,0,0,0,1,1,0,0,0,1,1,0,0,0,0,0,0,0,0,0,0,0,0,0,0,0,0,8,0,40.0166,-75.1472, , 
39625,460262,2014054486,6,67,67301,2014,4,1,220,2,3,1,0,4,1, , ,N,1,2,0,3,0,2,5,2,N,N,40 00:54.079,75 08:06.611,223, ,224,3,1,6, , ,3,Y, , , , , , , , ,2,2,0,0,0,0,0,0,0,0,0,0,2,2,0,0,0,0,0,0,0,0,0,0,0,0,0,0,0,0,0,0,0,0,0,8,0,40.015,-75.1352, , 
39626,460263,2014054643,6,67,67301,2014,4,6,9999,99,1,1,0,0,1, , ,N,1,2,0,3,0,1,1,2,N,N,39 57:27.432,75 08:44.473,9999, ,9999, ,0, , , ,3, , , , , , , , , ,1,0,1,0,0,0,0,0,0,0,0,1,1,0,0,0,0,0,0,0,0,0,0,0,0,0,0,0,0,0,0,0,0,0,0,4,0,39.9576,-75.1457, , 
39627,460301,2014089706,6,67,67301,2014,8,3,2300,23,3,1,0,8,6, , ,N,0,0,0,3,0,1,2,2,N,N,39 55:27.285,75 10:55.772,4, ,0, ,0, ,N, ,0, , , , , , , , , ,1,1,0,0,0,0,0,0,0,0,0,0,1,1,1,0,0,0,0,0,0,0,1,0,0,0,0,0,0,0,0,0,1,0,0,8,0,39.9242,-75.1822, , 
39628,460304,2014091314,6,67,67301,2014,9,1,1229,12,1,1,0,4,1, , ,N,1,2,0,3,0,0,2,2,N, ,40 02:22.401,75 05:03.893,1246, ,1231,2,1,1, , ,3,N, , , , , , , , ,2,1,0,0,0,0,1,0,0,0,0,0,0,0,0,0,0,0,0,0,0,0,0,1,0,0,0,0,0,0,0,0,0,0,0,0,0,40.0396,-75.0844, , 
39629,460313,2014074496,6,67,67301,2014,6,7,1856,18,1,1,0,4,1, , ,N,2,8,7,3,0,1,2,2,N,N,39 59:51.787,75 05:34.515,1935, ,1920, ,0, ,N, ,3, , , , , , , , , ,2,1,0,0,0,0,0,1,0,0,0,1,1,0,0,0,0,0,0,0,0,0,0,0,0,0,0,0,0,0,0,0,0,0,0,4,0,39.9977,-75.0929, , 
39630,460324,2014084300,6,67,67301,2014,7,3,920,9,1,1,0,1,1, , ,N,1,2,0,3,0,4,5,2,N,N,39 57:00.719,75 09:31.120,930, ,928,1,1,1,N, ,3,N, , , , , , , , ,2,1,0,0,0,0,0,1,0,0,0,4,4,0,0,0,0,0,0,0,0,0,0,0,0,0,0,0,0,0,0,0,0,0,0,4,0,39.9502,-75.1586, , 
39631,460334,2014099254,6,67,67301,2014,9,1,1733,17,1,1,0,6,1, , ,N,1,2,0,3,0,2,4,3,N,N,39 58:06.393,75 14:07.170,9999, ,9999, ,0, ,N, ,3, , , , , , , , , ,3,3,0,0,0,0,0,0,0,0,0,1,2,1,1,0,0,0,0,0,0,1,0,0,0,0,0,0,0,0,0,0,0,0,0,4,0,39.9684,-75.2353, , 
39632,460337,2014104431,6,67,67301,2014,9,3,1100,11,1,1,0,4,1, , ,N,1,2,0,3,0,1,3,2,N, ,39 57:45.461,75 14:48.589,1220, ,1215, ,0, , , ,3, , , , , , , , , ,2,1,0,0,0,0,1,0,0,0,0,0,1,1,0,0,0,0,0,0,0,0,0,0,0,0,0,0,0,0,0,0,0,0,0,8,0,39.9626,-75.2468, , 
39633,460343,2014109535,6,67,67301,2014,11,7,205,2,3,1,1,1,1, , ,N,0,0,0,3,0,1,8,2,N,N,40 00:06.804,75 11:40.314,207, ,205, ,0, ,N, ,0, , , , , , , , , ,2,2,0,0,0,0,0,0,0,0,1,0,1,0,0,0,0,0,0,1,0,0,0,1,0,0,0,0,0,0,0,0,0,0,0,3,0,40.0019,-75.1945, , 
39634,460350,2014113115,6,67,67301,2014,4,5,1535,15,1,1,0,5,7, , ,N,7,0,2,3,0,2,3,2,N,N,40 01:04.674,75 10:15.175,0, ,0, ,0, ,N, ,0, , , , , , , , , ,2,1,0,0,0,0,0,0,0,0,2,0,2,0,1,0,0,0,0,0,1,0,0,0,0,0,0,0,0,0,0,0,0,0,0,3,0,40.0182,-75.1688, , 
39635,460353,2014118186,6,67,67301,2014,10,6,1055,10,1,1,0,4,1, , ,N,3,2,0,3,0,2,3,2,N, ,40 01:33.252,75 12:11.489,1110, ,1108, ,0, , , ,3, , , , , , , , , ,2,0,0,0,2,0,0,0,0,0,0,2,2,0,0,0,0,0,0,0,0,1,0,3,0,0,0,0,0,0,0,0,0,0,0,4,0,40.0259,-75.2032, , 
39636,460357,2014049512,6,67,67301,2014,4,2,1316,13,1,1,0,4,1, , ,N,1,2,0,3,0,1,2,2,N,N,39 58:19.633,75 15:05.158,1342, ,1340, ,0, ,N, ,3, , , , , , , , , ,2,0,0,0,0,0,1,1,0,0,0,0,1,1,0,0,0,0,0,0,1,0,0,0,0,0,0,0,0,0,0,0,0,0,0,8,1,39.9721,-75.2514, , 
39637,460368,2014084294,6,67,67301,2014,7,5,1840,18,1,1,0,8,1, , ,N,0,0,7,3,0,2,3,3,N,N,40 02:29.449,75 05:16.584,1855, ,1852, ,0, ,N, ,0, , , , , , , , , ,1,0,0,0,0,0,0,1,0,0,0,0,2,2,0,0,0,0,0,0,0,0,0,0,0,0,0,0,0,0,0,0,2,0,0,8,0,40.0415,-75.0879, , 
39638,460372,2014087306,6,67,67301,2014,7,7,300,3,3,1,0,4,6, , ,N,2,3,0,3,0,0,2,2,N,N,40 00:51.508,75 06:17.186,327, ,325, ,0, , , ,3, , , , , , , , , ,2,2,0,0,0,0,0,0,0,0,0,0,0,0,0,0,0,0,0,0,0,0,0,0,0,0,0,0,0,0,0,0,0,0,0,0,0,40.0143,-75.1048, , 
39639,460381,2014093562,6,67,67301,2014,9,3,819,8,1,1,0,5,1, , ,N,0,0,0,3,0,0,2,2,N, ,40 01:26.615,75 11:45.478,910, ,901, ,0, , , ,0, , , , , , , , , ,2,1,0,1,0,0,0,0,0,0,0,0,0,0,1,0,0,0,0,0,0,0,0,0,0,0,0,0,0,0,0,0,0,0,0,9,1,40.0241,-75.196, , 
39640,465843,2014085880,6,67,67301,2014,8,5,2015,20,3,1,0,5,1, , ,N,0,0,0,3,0,1,4,3,N,N,39 58:03.174,75 11:20.877,2015, ,2015, ,0, ,N, ,0, , , , , , , , , ,3,1,1,0,0,0,0,1,0,0,0,0,1,1,0,0,0,0,0,0,0,0,0,2,0,0,0,0,0,0,0,0,0,0,0,8,0,39.9675,-75.1891, , 
39641,465846,2014088631,6,67,67301,2014,7,4,1451,14,1,1,0,8,1, , ,N,0,0,0,3,0,1,2,2,N,N,40 02:30.360,75 08:39.960,1503, ,1500, ,0, ,N, ,0, , , , , , , , , ,1,1,0,0,0,0,0,0,0,0,0,0,1,1,0,0,0,0,0,0,0,0,1,0,0,0,0,0,0,0,0,0,1,0,0,8,0,40.0418,-75.1444, , 
39642,465851,2014096863,6,67,67301,2014,9,2,745,7,1,1,0,4,1, , ,N,1,3,0,3,0,3,9,2,N,Y,39 59:10.687,75 06:42.883,915, ,858, ,0, , , ,3, , , , , , , , , ,2,2,0,0,0,0,0,0,0,0,0,3,3,0,0,0,0,0,0,0,0,0,0,0,0,0,0,0,0,0,0,0,0,0,0,4,0,39.9863,-75.1119, , 
39643,465864,2014096816,6,67,67301,2014,9,6,9999,99,1,1,0,1,1, , ,N,1,2,0,3,0,1,3,2,N,N,40 03:00.795,75 07:38.967,1528, ,1528, ,0, ,N, ,3, , , , , , , , , ,2,1,0,0,1,0,0,0,0,0,0,0,1,1,0,0,0,0,0,0,0,0,0,0,0,0,0,0,0,0,0,0,0,0,0,8,0,40.0502,-75.1275, , 
39644,465880,2014111495,6,67,67301,2014,10,1,1930,19,4,1,0,5,1, , ,N,0,0,0,3,0,1,2,2,N,N,39 55:15.101,75 14:28.132,2016, ,2016, ,0, , , ,0, , , , , , , , , ,1,1,0,0,0,0,0,0,1,0,0,0,1,1,1,0,0,0,0,0,0,0,0,0,0,0,0,0,0,0,0,0,0,0,0,8,0,39.9209,-75.2411, , 
39645,465885,2014054587,6,67,67301,2014,5,7,20,0,3,1,0,4,1, , ,N,1,2,0,3,0,0,2,2,N,N,40 01:53.151,75 09:17.114,35, ,27, ,0, , , ,3, , , , , , , , , ,2,2,0,0,0,0,0,0,0,0,0,0,0,0,0,0,0,0,0,0,1,0,0,0,0,0,0,0,0,0,0,0,0,0,0,0,0,40.0314,-75.1548, , 
39646,465891,2014061239,6,67,67301,2014,6,4,645,6,1,2,1,1,1, , ,N,0,0,0,3,0,0,3,3,N,N,39 57:45.665,75 11:00.465,645, ,645, ,0, ,N, ,0, , , , , , , , , ,3,2,0,0,0,0,1,0,0,0,0,0,0,0,0,0,0,0,0,0,1,0,0,0,0,0,0,0,0,0,0,0,0,0,0,0,0,39.9627,-75.1835, , 
39647,465898,2014068650,6,67,67301,2014,6,3,807,8,1,2,1,4,1, , ,N,1,2,0,3,0,1,3,2,N,N,40 00:27.502,75 07:38.377,820, ,814, ,0, , , ,3, , , , , , , , , ,2,0,0,0,0,0,2,0,0,0,0,0,1,1,0,0,0,1,0,0,0,0,0,0,0,0,0,0,0,0,0,0,0,0,0,8,0,40.0076,-75.1273, , 
39648,465917,2014104451,6,67,67301,2014,10,3,1920,19,3,1,0,1,1, , ,N,1,2,0,3,0,1,2,2,N,N,40 03:08.339,75 00:28.750,1920, ,1920, ,0, , , ,3, , , , , , , , , ,2,2,0,0,0,0,0,0,0,0,0,0,1,1,0,0,0,0,0,0,0,1,0,0,0,0,0,0,0,0,0,0,0,0,0,8,0,40.0523,-75.008, , 
39649,465918,2014104470,6,67,67301,2014,10,7,1330,13,1,1,0,5,1, , ,N,0,0,0,3,0,1,4,2,N,N,39 56:12.584,75 09:37.375,1336, ,1330, ,0, ,N, ,0, , , , , , , , , ,2,1,0,0,0,0,0,1,0,0,0,1,1,0,0,0,0,0,0,0,1,0,0,0,0,0,0,0,0,0,0,0,0,0,0,4,0,39.9368,-75.1604, , 