objectid_1,objectid,crn,district,county,municipality,crash_year,crash_month,day_of_week,time_of_day,hour_of_day,illumination,weather,road_condition,collision_type,relation_to_road,work_zone_type,work_zone_loc,work_zone_ind,intersect_type,tcd_type,location_type,urban_rural,fatal_count,injury_count,person_count,total_units,sch_bus_ind,sch_zone_ind,latitude,longitude,arrival_tm,cons_zone_spd_lim,dispatch_tm,est_hrs_closed,lane_closed,ln_close_dir,ntfy_hiwy_maint,spec_juris_cd,tcd_func_cd,tfc_detour_ind,workers_pres,wz_close_detour,wz_flagger,wz_law_offcr_ind,wz_ln_closure,wz_moving,wz_other,wz_shlder_mdn,vehicle_count,automobile_count,motorcycle_count,bus_count,small_truck_count,heavy_truck_count,suv_count,van_count,bicycle_count,maj_inj_count,mod_inj_count,min_inj_count,tot_inj_count,unk_inj_deg_count,unk_inj_per_count,driver_count_16yr,driver_count_17yr,driver_count_18yr,driver_count_19yr,driver_count_20yr,driver_count_50_64yr,driver_count_65_74yr,driver_count_75plus,unbelted_occ_count,unb_death_count,unb_maj_inj_count,belted_death_count,belted_maj_inj_count,mcycle_death_count,mcycle_maj_inj_count,bicycle_death_count,bicycle_maj_inj_count,ped_count,ped_death_count,ped_maj_inj_count,max_severity_level,comm_veh_count,dec_lat,dec_long,rdwy_surf_type_cd,county_name
39650,465924,2014113434,6,67,67301,2014,10,2,836,8,1,1,0,4,1, , ,N,1,3,0,3,0,2,3,2,N,N,39 56:14.168,75 10:12.813,843, ,838, ,0, ,N, ,3, , , , , , , , , ,2,1,0,0,0,0,0,1,0,0,0,0,2,2,0,0,0,0,0,0,0,0,0,0,0,0,0,0,0,0,0,0,0,0,0,8,0,39.9373,-75.1702, , 
39651,465925,2014113445,6,67,67301,2014,10,6,1851,18,3,1,0,4,1, , ,N,1,2,0,3,0,2,3,2,N,N,40 01:30.104,75 08:20.432,2120, ,2117, ,0, ,N, ,3, , , , , , , , , ,2,0,0,1,0,0,0,1,0,0,0,1,2,1,0,0,0,0,0,0,0,1,0,0,0,0,0,0,0,0,0,0,0,0,0,4,1,40.025,-75.139, , 
39652,465943,2014127530,6,67,67301,2014,12,6,2000,20,3,2,1,8,1, , ,N,1,2,0,3,0,1,2,2,N,N,39 57:03.483,75 09:07.159,2014, ,2008, ,0, ,N, ,3, , , , , , , , , ,1,1,0,0,0,0,0,0,0,0,1,0,1,0,1,0,0,0,0,0,0,0,0,0,0,0,0,0,0,0,0,0,1,0,0,3,0,39.9509,-75.152, , 
39653,465952,2014113426,6,67,67301,2014,10,4,1130,11,1,2,1,4,1, , ,N,2,3,0,3,0,1,2,2,N, ,40 03:59.087,74 58:56.193,1152, ,1146, ,0, , , ,3, , , , , , , , , ,2,1,0,0,0,0,0,1,0,0,0,0,1,1,0,0,0,0,0,0,0,0,0,0,0,0,0,0,0,0,0,0,0,0,0,8,0,40.0664,-74.9822, , 
39654,465963,2014078832,6,67,67301,2014,6,6,709,7,1,1,0,4,1, , ,N,0,3,0,3,0,1,3,2,N,N,39 55:23.163,75 11:19.906,711, ,709, ,0, ,N, ,3, , , , , , , , , ,2,1,0,0,0,0,1,0,0,0,0,0,1,1,0,0,0,0,0,0,0,0,0,0,0,0,0,0,0,0,0,0,0,0,0,8,0,39.9231,-75.1889, , 
39655,465987,2014098647,6,67,67301,2014,9,5,1125,11,1,2,1,7,2, , ,N,0,0,0,3,0,0,1,1,N, ,40 02:34.327,75 11:36.548,1135, ,1130,9,1,2, , ,0,N, , , , , , , , ,1,1,0,0,0,0,0,0,0,0,0,0,0,0,1,0,0,0,0,0,0,0,0,0,0,0,0,0,0,0,0,0,0,0,0,9,0,40.043,-75.1936, , 
39656,465992,2014104634,6,67,67301,2014,10,5,9999,99,1,1,0,4,1, , ,N,1,3,0,3,0,0,4,2,N, ,40 00:46.112,75 06:18.327,1750, ,1741, ,0, , , ,3, , , , , , , , , ,2,2,0,0,0,0,0,0,0,0,0,0,0,0,0,0,0,0,0,0,0,0,0,0,0,0,0,0,0,0,0,0,0,0,0,0,0,40.0128,-75.1051, , 
39657,465994,2015003851,6,67,67301,2014,12,7,1445,14,1,1,0,4,1, , ,N,1,2,0,3,0,3,5,2,N, ,40 04:50.449,75 01:42.488,1455, ,1450,2,2,1, , ,3,Y, , , , , , , , ,2,1,0,0,1,0,0,0,0,0,0,3,3,0,0,0,0,0,0,0,0,0,0,0,0,0,0,0,0,0,0,0,0,0,0,4,0,40.0808,-75.0284, , 
39658,463452,2014074497,6,67,67301,2014,6,1,5,0,3,1,0,4,1, , ,N,1,2,0,3,0,1,2,2,N, ,40 03:10.832,75 03:51.486,8, ,6, ,0, , , ,3, , , , , , , , , ,1,1,0,0,0,0,0,0,1,0,0,1,1,0,0,0,0,0,0,1,0,0,0,0,0,0,0,0,0,0,0,0,0,0,0,4,0,40.053,-75.0643, , 
39659,463469,2014087903,6,67,67301,2014,8,4,25,0,3,1,0,0,1, , ,N,0,0,0,3,0,1,1,1,N,N,39 54:57.232,75 13:14.071,35, ,30, ,0, ,N, ,0, , , , , , , , , ,1,0,0,0,0,0,1,0,0,0,0,0,1,1,0,0,0,0,0,0,0,0,0,0,0,0,0,0,0,0,0,0,0,0,0,8,0,39.9159,-75.2206, , 
39660,463485,2014059021,6,67,67301,2014,5,4,2239,22,3,1,0,4,1, , ,N,1,3,0,3,0,1,6,2,N,N,40 01:27.609,75 02:57.447,2310, ,2305, ,0, ,N, ,3, , , , , , , , , ,2,1,0,0,0,0,1,0,0,0,0,0,1,1,0,0,0,0,0,0,0,0,0,0,0,0,0,0,0,0,0,0,0,0,0,8,0,40.0243,-75.0493, , 
39661,463519,2014084224,6,67,67301,2014,7,5,859,8,1,1,0,1,1, , ,N,0,0,0,3,0,1,2,2,N,N,39 56:28.305,75 10:33.038,859, ,859, ,0, ,N, ,0, , , , , , , , , ,1,1,0,0,0,0,0,0,1,0,0,1,1,0,0,0,0,0,0,0,0,0,0,0,0,0,0,0,0,0,0,0,0,0,0,4,0,39.9412,-75.1758, , 
39662,463527,2014088988,6,67,67301,2014,8,5,1231,12,1,1,0,4,1, , ,N,1,0,7,3,0,2,3,2,N, ,40 03:20.764,75 09:31.951,1242, ,1239, ,0, , , ,0, , , , , , , , , ,2,1,0,0,0,0,1,0,0,0,0,1,2,1,0,0,0,0,0,0,1,1,0,2,0,0,0,0,0,0,0,0,0,0,0,4,0,40.0558,-75.1589, , 
39663,463535,2014054535,6,67,67301,2014,4,5,1838,18,1,1,0,8,1, , ,N,0,0,0,3,0,1,2,2,N,N,39 59:58.218,75 07:06.110,1841, ,1840,1,1,3,N, ,0,N, , , , , , , , ,1,1,0,0,0,0,0,0,0,0,0,1,1,0,0,0,0,0,0,0,0,0,0,0,0,0,0,0,0,0,0,0,1,0,0,4,0,39.9995,-75.1184, , 
39664,463537,2014059264,6,67,67301,2014,5,4,534,5,5,1,0,7,4, , ,N,0,0,0,3,0,1,1,1,N, ,40 00:49.496,75 06:01.670,540, ,536,3,2,6,N, ,0,Y, , , , , , , , ,1,1,0,0,0,0,0,0,0,0,0,0,1,1,0,0,0,0,0,0,0,0,0,0,0,0,0,0,0,0,0,0,0,0,0,8,0,40.0137,-75.1005, , 
39665,463542,2014068639,6,67,67301,2014,6,7,1759,17,1,1,1,4,1, , ,N,1,3,0,3,0,3,3,2,N,N,39 57:02.394,75 14:49.973,1800, ,1759, ,0, ,N, ,3, , , , , , , , , ,2,1,1,0,0,0,0,0,0,0,1,2,3,0,0,0,0,0,0,0,0,0,0,0,0,0,0,0,0,0,0,0,0,0,0,3,0,39.9507,-75.2472, , 
39666,463559,2014106655,6,67,67301,2014,10,7,235,2,3,2,1,7,4, , ,N,0,0,0,3,0,0,1,1,N,N,39 58:26.928,75 12:15.749,240, ,240, ,0, ,N, ,0, , , , , , , , , ,1,0,0,0,0,0,1,0,0,0,0,0,0,0,0,0,0,1,0,0,0,0,0,0,0,0,0,0,0,0,0,0,0,0,0,0,0,39.9741,-75.2044, , 
39667,463572,2014068662,6,67,67301,2014,6,5,4,0,3,1,0,9,1, , ,N,0,0,0,3,0,1,2,2,N, ,40 06:51.911,74 59:14.441,500, ,421,9,2,1, , ,0,Y, , , , , , , , ,2,0,0,0,0,1,1,0,0,0,0,1,1,0,0,0,0,0,0,0,1,0,0,0,0,0,0,0,0,0,0,0,0,0,0,4,1,40.1144,-74.9873, , 
39668,463574,2014072757,6,67,67301,2014,7,1,2225,22,3,1,0,7,4, , ,N,0,0,2,3,0,0,1,1,N,N,39 53:25.677,75 13:18.743,2300, ,2238, ,0, ,N, ,0, , , , , , , , , ,1,1,0,0,0,0,0,0,0,0,0,0,0,0,1,0,0,0,0,1,0,0,0,0,0,0,0,0,0,0,0,0,0,0,0,9,0,39.8905,-75.2219, , 
39669,463584,2014088062,6,67,67301,2014,7,4,1727,17,1,1,0,5,1, , ,N,0,0,0,3,0,1,3,2,N,N,39 56:25.314,75 08:58.326,1731, ,1729, ,0, ,N, ,0, , , , , , , , , ,1,1,0,0,0,0,0,0,1,0,0,1,1,0,0,0,0,0,0,1,0,0,0,0,0,0,0,0,0,0,0,0,0,0,0,4,0,39.9404,-75.1495, , 
39670,463588,2014093546,6,67,67301,2014,9,5,840,8,1,1,0,2,1, , ,N,1,2,0,3,0,0,3,3,N,N,39 59:49.084,75 07:02.675,901, ,857, ,0, ,N, ,3, , , , , , , , , ,2,2,0,0,0,0,0,0,0,0,0,0,0,0,0,0,0,0,0,0,1,0,0,0,0,0,0,0,0,0,0,0,0,0,0,0,0,39.997,-75.1174, , 
39671,463593,2014068097,6,67,67301,2014,6,5,1540,15,1,2,1,4,1, , ,N,1,3,0,3,0,1,3,2,N, ,39 59:57.041,75 08:03.904,1605, ,1600, ,0, , , ,3, , , , , , , , , ,2,1,0,0,1,0,0,0,0,0,0,0,1,1,0,0,0,0,0,1,0,0,0,0,0,0,0,0,0,0,0,0,0,0,0,8,0,39.9992,-75.1344, , 
39672,463594,2014068568,6,67,67301,2014,6,3,1645,16,1,2,1,1,1, , ,N,0,0,0,3,0,2,5,3,N,N,40 06:23.361,74 59:41.700,1654, ,1652,1,1,4,N, ,0,N, , , , , , , , ,3,2,0,0,0,0,1,0,0,0,0,1,2,1,0,0,0,0,0,0,0,0,0,0,0,0,0,0,0,0,0,0,0,0,0,4,0,40.1065,-74.9949, , 
39673,463603,2014078896,6,67,67301,2014,6,6,2026,20,4,1,0,8,1, , ,N,0,0,0,3,0,1,2,2,N,N,39 59:00.717,75 10:35.137,2036, ,2028, ,0, , , ,0, , , , , , , , , ,1,0,0,0,0,0,1,0,0,0,0,0,1,1,0,0,0,0,0,0,0,0,0,0,0,0,0,0,0,0,0,0,1,0,0,8,0,39.9835,-75.1764, , 
39674,463618,2014091437,6,67,67301,2014,8,6,428,4,3,1,0,4,1, , ,N,1,2,0,3,0,1,2,3,N,N,40 02:08.080,75 07:25.889,441, ,433,2,2,2,N, ,3,N, , , , , , , , ,3,3,0,0,0,0,0,0,0,0,0,1,1,0,0,0,0,0,0,0,0,0,0,0,0,0,0,0,0,0,0,0,0,0,0,4,0,40.0356,-75.1239, , 
39675,463665,2014088077,6,67,67301,2014,7,3,1950,19,1,1,0,7,4, , ,N,1,2,0,3,0,1,1,2,N,N,39 57:59.706,75 12:48.689,1955, ,1953, ,0, ,N, ,3, , , , , , , , , ,1,0,0,0,1,0,0,0,0,0,0,1,1,0,0,0,0,0,0,0,0,0,0,0,0,0,0,0,0,0,0,0,0,0,0,4,0,39.9666,-75.2135, , 
39676,457528,2014068681,6,67,67301,2014,6,3,1940,19,1,1,0,5,1, , ,N,0,0,0,3,0,1,2,2,N,N,39 55:33.010,75 11:10.150,1941, ,1940,1,2,2,N, ,0,Y, , , , , , , , ,1,1,0,0,0,0,0,0,1,0,0,0,1,1,0,0,0,0,0,0,1,0,0,1,0,0,0,0,0,0,0,0,0,0,0,8,0,39.9258,-75.1862, , 
39677,457536,2014076001,6,67,67301,2014,6,5,2110,21,3,1,0,4,1, , ,N,1,2,0,3,0,0,3,3,N,N,40 02:20.942,75 06:36.006,2115, ,2110, ,0, ,N, ,3, , , , , , , , , ,3,2,0,0,0,0,1,0,0,0,0,0,0,0,0,0,0,0,0,0,0,0,0,0,0,0,0,0,0,0,0,0,0,0,0,0,0,40.0392,-75.11, , 
39678,457547,2014088354,6,67,67301,2014,8,5,1113,11,1,1,0,4,1, , ,N,2,0,0,3,0,1,2,2,N,N,40 01:23.187,75 03:11.347,1117, ,1114, ,0, ,N, ,0, , , , , , , , , ,2,1,0,0,0,0,0,1,0,0,0,1,1,0,0,0,0,0,0,0,0,0,0,0,0,0,0,0,0,0,0,0,0,0,0,4,0,40.0231,-75.0532, , 
39679,457551,2014091405,6,67,67301,2014,8,7,5,0,3,1,0,1,1, , ,N,1,3,0,3,0,1,2,2,N,N,40 00:57.204,75 06:40.881,13, ,5, ,0, ,N, ,3, , , , , , , , , ,2,2,0,0,0,0,0,0,0,0,0,1,1,0,0,0,0,0,0,0,0,0,0,0,0,0,0,0,0,0,0,0,0,0,0,4,0,40.0159,-75.1114, , 
39680,457579,2014088625,6,67,67301,2014,7,3,240,2,3,1,0,4,1, , ,N,1,3,0,3,0,5,6,2,N,N,40 03:57.348,75 10:19.743,300, ,251, ,0, ,N, ,3, , , , , , , , , ,2,2,0,0,0,0,0,0,0,0,0,5,5,0,0,0,0,0,0,0,1,0,0,2,0,0,0,0,0,0,0,0,0,0,0,4,0,40.0659,-75.1722, , 
39681,457601,2014109959,6,67,67301,2014,10,3,1600,16,1,1,0,1,1, , ,N,1,2,0,3,0,1,3,2,N,N,40 00:16.358,75 08:22.210,1648, ,1644, ,0, ,N, ,3, , , , , , , , , ,2,2,0,0,0,0,0,0,0,0,0,1,1,0,1,0,0,0,0,0,0,1,0,0,0,0,0,0,0,0,0,0,0,0,0,4,0,40.0045,-75.1395, , 
39682,457605,2014113288,6,67,67301,2014,11,7,9999,99,3,1,1,4,1, , ,N,1,2,0,3,0,1,6,2,N,N,39 54:33.696,75 09:40.053,1853, ,1852, ,0, ,N, ,3, , , , , , , , , ,2,1,0,0,0,0,1,0,0,0,0,1,1,0,0,1,0,0,0,0,0,0,0,0,0,0,0,0,0,0,0,0,0,0,0,4,0,39.9094,-75.1611, , 
39683,457625,2014071858,6,67,67301,2014,7,1,1030,10,1,1,0,7,2, , ,N,0,0,0,3,0,2,2,1,N,N,39 53:56.013,75 10:21.157,1046, ,1031,1,1,1,N, ,0,N, , , , , , , , ,1,0,0,0,0,0,1,0,0,0,0,0,2,2,0,0,0,0,0,0,1,0,0,0,0,0,0,0,0,0,0,0,0,0,0,8,0,39.8989,-75.1725, , 
39684,457633,2014078993,6,67,67301,2014,7,5,1443,14,1,1,0,1,1, , ,N,0,0,0,3,0,1,2,2,N,N,39 58:08.612,75 07:38.105,1510, ,1445,2,1,1,N, ,0,N, , , , , , , , ,2,1,0,0,1,0,0,0,0,0,1,0,1,0,0,0,0,0,0,0,1,0,0,1,0,0,0,0,0,0,0,0,0,0,0,3,0,39.9691,-75.1273, , 
39685,457637,2014084173,6,67,67301,2014,7,7,1700,17,1,1,0,1,1, , ,N,0,0,0,3,0,4,10,3,N,N,39 56:56.930,75 12:12.280,1724, ,1707, ,0, , , ,0, , , , , , , , , ,3,1,0,0,0,0,1,0,0,0,0,4,4,0,0,0,0,0,0,0,1,0,0,0,0,0,0,0,0,0,0,0,0,0,0,4,0,39.9491,-75.2034, , 
39686,457639,2014086229,6,67,67301,2014,8,2,116,1,3,1,0,7,4, , ,N,0,0,0,3,0,1,1,1,N,N,39 57:25.254,75 08:29.113,129, ,120,1,1,2,N, ,0,N, , , , , , , , ,1,1,0,0,0,0,0,0,0,0,0,1,1,0,0,0,0,0,1,0,0,0,0,0,0,0,0,0,0,0,0,0,0,0,0,4,0,39.957,-75.1414, , 
39687,457644,2014087956,6,67,67301,2014,8,1,1705,17,1,1,0,1,1, , ,N,1,2,0,3,0,1,2,2,N,N,39 55:00.583,75 10:16.768,1720, ,1713, ,0, ,N, ,3, , , , , , , , , ,2,0,0,0,1,0,0,1,0,0,0,0,1,1,0,0,0,0,0,0,0,0,0,0,0,0,0,0,0,0,0,0,0,0,0,8,0,39.9168,-75.1713, , 
39688,457645,2014088933,6,67,67301,2014,8,7,2130,21,2,1,0,0,1, , ,N,0,0,0,3,0,1,1,1,N,N,39 59:39.530,75 06:04.070,2135, ,2132, ,0, ,N, ,0, , , , , , , , , ,1,0,1,0,0,0,0,0,0,0,0,1,1,0,0,0,0,0,0,0,0,0,0,0,0,0,0,0,0,0,0,0,0,0,0,4,0,39.9943,-75.1011, , 
39689,457659,2014059241,6,67,67301,2014,5,7,9999,99,3,2,1,8,1, , ,N,1,2,0,3,0,1,3,2,N,N,40 02:05.655,75 11:03.688,9999, ,9999, ,0, ,N, ,3, , , , , , , , , ,1,1,0,0,0,0,0,0,0,0,1,0,1,0,0,0,0,0,0,0,0,1,0,0,0,0,0,0,0,0,0,0,1,0,0,3,0,40.0349,-75.1844, , 
39690,457666,2014065573,6,67,67301,2014,5,5,1717,17,1,2,1,4,1, , ,N,0,0,7,3,0,2,3,2,N,N,40 02:21.769,75 06:34.755,1720, ,1719, ,0, ,N, ,0, , , , , , , , , ,2,1,0,0,0,0,1,0,0,0,0,2,2,0,0,0,0,0,0,0,0,0,0,0,0,0,0,0,0,0,0,0,0,0,0,4,0,40.0394,-75.1097, , 
39691,457675,2014078810,6,67,67301,2014,4,7,1919,19,1,1,0,8,1, , ,N,0,0,0,3,0,1,2,2,N, ,39 55:45.214,75 13:04.754,1925, ,1918, ,0, , , ,0, , , , , , , , , ,1,1,0,0,0,0,0,0,0,0,0,0,1,1,0,0,0,0,0,0,0,0,0,0,0,0,0,0,0,0,0,0,1,0,0,8,0,39.9292,-75.218, , 
39692,457680,2014084283,6,67,67301,2014,7,3,1130,11,1,1,0,4,1, , ,N,5,2,0,3,0,0,2,2,N,N,39 57:16.308,75 08:58.375,1140, ,1136, ,0, ,N, ,3, , , , , , , , , ,2,1,0,0,0,0,0,1,0,0,0,0,0,0,0,0,0,0,0,0,1,0,0,0,0,0,0,0,0,0,0,0,0,0,0,0,0,39.9547,-75.1495, , 
39693,457681,2014084327,6,67,67301,2014,7,3,321,3,3,1,0,6,6, , ,N,0,0,0,3,0,0,1,4,N, ,39 57:01.616,75 13:38.168,325, ,341, ,0, , , ,0, , , , , , , , , ,4,0,0,0,0,0,4,0,0,0,0,0,0,0,1,0,0,0,0,0,0,0,0,0,0,0,0,0,0,0,0,0,0,0,0,9,0,39.9504,-75.2273, , 
39694,460382,2014093564,6,67,67301,2014,9,4,1431,14,1,1,0,4,1, , ,N,1,2,0,3,0,1,2,2,N,N,40 01:31.355,75 04:23.942,1509, ,1507, ,0, ,N, ,3, , , , , , , , , ,2,2,0,0,0,0,0,0,0,0,0,1,1,0,0,0,0,0,1,0,0,0,0,0,0,0,0,0,0,0,0,0,0,0,0,4,0,40.0254,-75.0733, , 
39695,460397,2014117597,6,67,67301,2014,11,1,2300,23,3,1,0,7,4, , ,N,1,2,0,3,0,0,1,1,N,N,39 57:45.285,75 12:47.023,2310, ,2306, ,0, ,N, ,3, , , , , , , , , ,1,1,0,0,0,0,0,0,0,0,0,0,0,0,0,0,0,0,0,0,0,0,0,0,0,0,0,0,0,0,0,0,0,0,0,0,0,39.9626,-75.2127, , 
39696,460410,2014068663,6,67,67301,2014,6,7,1554,15,1,1,0,7,4, , ,N,2,0,0,3,0,0,2,2,N,N,40 03:17.712,75 03:45.522,1600, ,1556, ,0, ,N, ,0, , , , , , , , , ,1,1,0,0,0,0,0,0,0,0,0,0,0,0,0,0,0,0,0,0,0,0,0,0,0,0,0,0,0,0,0,0,0,0,0,0,0,40.0549,-75.0625, , 
39697,460415,2014070983,6,67,67301,2014,7,3,2144,21,2,2,1,7,3, , ,N,0,0,0,3,0,0,1,1,N,N,40 02:12.812,75 00:49.249,2156, ,2150,1,1,2,N, ,0,N, , , , , , , , ,1,1,0,0,0,0,0,0,0,0,0,0,0,0,0,0,0,0,0,0,0,0,0,0,0,0,0,0,0,0,0,0,0,0,0,0,0,40.0369,-75.0137, , 
39698,460426,2014084295,6,67,67301,2014,7,2,1957,19,3,2,1,4,1, , ,N,1,2,0,3,0,1,3,2,N,N,40 02:38.785,75 03:43.094,2003, ,2000,1,1,1, , ,3,Y, , , , , , , , ,2,2,0,0,0,0,0,0,0,0,0,1,1,0,0,0,0,0,0,0,1,0,1,0,0,0,0,0,0,0,0,0,0,0,0,4,0,40.0441,-75.0619, , 
39699,460430,2014088369,6,67,67301,2014,7,3,1304,13,1,1,0,4,1, , ,N,1,2,0,3,0,1,3,2,N,N,39 57:17.491,75 09:04.108,1306, ,1304, ,0, ,N, ,3, , , , , , , , , ,2,1,0,0,0,0,1,0,0,0,1,0,1,0,0,0,0,0,0,0,0,0,0,0,0,0,0,0,0,0,0,0,0,0,0,3,0,39.9549,-75.1511, , 
39700,460435,2014093528,6,67,67301,2014,9,7,2200,22,6,9,0,8,1, , ,N,0,0,0,3,0,1,2,2,N,N,40 01:04.418,75 08:26.059,9999, ,155, ,0, ,N, ,0, , , , , , , , , ,1,0,0,0,0,0,1,0,0,0,0,0,1,1,0,0,0,0,0,0,0,0,0,0,0,0,0,0,0,0,0,0,1,0,0,8,0,40.0179,-75.1406, , 
39701,460439,2014098681,6,67,67301,2014,9,5,901,9,1,2,1,4,1, , ,N,1,2,0,3,0,2,4,2,N,N,39 57:41.520,75 13:28.357,904, ,903, ,0, ,N, ,3, , , , , , , , , ,2,1,0,0,0,0,0,1,0,0,0,2,2,0,0,0,0,0,0,0,1,1,0,0,0,0,0,0,0,0,0,0,0,0,0,4,0,39.9615,-75.2245, , 
39702,460444,2014106664,6,67,67301,2014,10,1,1809,18,1,1,0,4,1, , ,N,1,2,0,3,0,1,2,2,N, ,39 54:20.727,75 11:38.377,1813, ,1810,1,1,4, , ,3,N, , , , , , , , ,2,1,0,0,0,1,0,0,0,0,0,1,1,0,0,0,0,0,0,0,0,0,0,1,0,0,0,0,0,0,0,0,0,0,0,4,1,39.9057,-75.1938, , 
39703,460470,2014111473,6,67,67301,2014,10,2,2340,23,3,1,0,4,1, , ,N,1,3,0,3,0,2,3,2,N,N,39 59:59.654,75 09:00.593,11, ,8, ,0, ,N, ,3, , , , , , , , , ,2,2,0,0,0,0,0,0,0,0,0,2,2,0,0,0,0,0,0,1,0,0,0,0,0,0,0,0,0,0,0,0,0,0,0,4,0,39.9999,-75.1502, , 
39704,460475,2014114492,6,67,67301,2014,1,4,1630,16,4,4,3,5,1, , ,N,0,0,0,3,0,2,3,2,N,N,39 56:34.490,75 13:33.582,0, ,0, ,0, ,N, ,0, , , , , , , , , ,2,0,0,0,0,0,0,1,0,0,0,0,2,2,0,0,0,0,0,0,0,0,0,0,0,0,0,0,0,0,0,0,0,0,0,8,0,39.9429,-75.226, , 
39705,460497,2014130468,6,67,67301,2014,12,7,212,2,3,1,0,4,1, , ,N,1,2,0,3,0,2,3,2,N,N,40 01:37.801,75 09:04.478,9999, ,212, ,0, ,N, ,3, , , , , , , , , ,2,2,0,0,0,0,0,0,0,0,0,0,2,2,0,0,0,0,0,0,0,0,0,0,0,0,0,0,0,0,0,0,0,0,0,8,0,40.0272,-75.1512, , 
39706,460510,2014062763,6,67,67301,2014,6,6,1624,16,1,1,0,1,1, , ,N,0,0,0,3,0,1,9,2,N,N,39 59:25.658,75 05:13.001,1700, ,1637, ,0, ,N, ,0, , , , , , , , , ,2,1,0,0,0,0,1,0,0,0,0,1,1,0,0,0,0,0,0,1,0,0,0,0,0,0,0,0,0,0,0,0,0,0,0,4,0,39.9905,-75.0869, , 
39707,460517,2014077277,6,67,67301,2014,5,2,1340,13,1,1,0,8,1, , ,N,0,0,0,3,1,0,2,2,N,N,39 58:13.614,75 09:02.395,1345, ,1345, ,0, , ,0,0, , , , , , , , , ,1,0,0,0,0,0,0,1,0,0,0,0,0,0,0,0,0,0,0,0,1,0,0,1,0,0,0,0,0,0,0,0,1,1,0,1,0,39.9704,-75.1507,2, 
39708,460522,2014084402,6,67,67301,2014,7,6,1900,19,1,1,0,5,1, , ,N,1,2,0,3,0,0,5,3,N,N,39 57:22.004,75 12:21.970,1905, ,1905, ,0, ,N, ,3, , , , , , , , , ,3,3,0,0,0,0,0,0,0,0,0,0,0,0,0,0,0,0,0,0,1,0,0,0,0,0,0,0,0,0,0,0,0,0,0,0,0,39.9561,-75.2061, , 
39709,460530,2014088902,6,67,67301,2014,8,3,1730,17,3,1,0,8,1, , ,N,1,2,0,3,0,1,2,2,N,N,39 58:05.382,75 13:30.517,1730, ,1730, ,0, ,N, ,3, , , , , , , , , ,1,1,0,0,0,0,0,0,0,0,0,1,1,0,1,0,0,0,0,0,0,0,0,0,0,0,0,0,0,0,0,0,1,0,0,4,0,39.9681,-75.2251, , 
39710,460547,2014059067,6,67,67301,2014,4,6,2129,21,3,2,1,2,1, , ,N,1,2,0,3,0,3,4,2,N,N,39 58:10.310,75 13:31.350,2215, ,2129, ,0, ,N, ,3, , , , , , , , , ,2,1,0,0,0,0,0,1,0,0,0,3,3,0,0,0,0,0,0,0,1,0,0,0,0,0,0,0,0,0,0,0,0,0,0,4,0,39.9695,-75.2254, , 
39711,460548,2014059322,6,67,67301,2014,5,7,1705,17,1,1,0,4,1, , ,N,1,2,0,3,0,1,2,2,N,N,39 55:43.884,75 14:07.770,1725, ,1715, ,0, ,N, ,3, , , , , , , , , ,1,1,0,0,0,0,0,0,1,0,1,0,1,0,0,0,0,0,0,0,0,0,0,0,0,0,0,0,0,0,0,0,0,0,0,3,0,39.9289,-75.2355, , 
39712,466012,2014087814,6,67,67301,2014,8,7,2002,20,3,1,0,1,1, , ,N,1,2,0,3,0,2,3,2,N,N,40 04:18.292,75 09:14.575,2054, ,2047, ,0, ,N, ,3, , , , , , , , , ,2,2,0,0,0,0,0,0,0,0,0,2,2,0,1,0,0,0,0,0,0,1,0,0,0,0,0,0,0,0,0,0,0,0,0,4,0,40.0717,-75.1541, , 
39713,466013,2014088021,6,67,67301,2014,7,4,1521,15,1,1,0,8,1, , ,N,0,0,0,3,0,1,2,2,N, ,40 00:10.843,75 07:58.432,1540, ,1530, ,0, , , ,0, , , , , , , , , ,1,0,0,0,0,0,1,0,0,0,0,1,1,0,0,0,0,0,0,0,0,0,0,0,0,0,0,0,0,0,0,0,1,0,0,4,0,40.003,-75.1329, , 
39714,466024,2014100544,6,67,67301,2014,10,6,1159,11,1,1,0,5,1, , ,N,6,4,2,3,0,1,6,4,N,N,39 58:58.586,75 12:29.050,1159, ,1159,2,1,3,N, ,3,N, , , , , , , , ,4,1,0,0,0,1,1,1,0,0,0,0,1,1,0,0,0,0,0,0,1,1,0,1,0,0,0,0,0,0,0,0,0,0,0,8,1,39.9829,-75.2081, , 
39715,466037,2014120300,6,67,67301,2014,11,1,2019,20,3,2,1,1,1, , ,N,1,2,0,3,0,4,5,3,N,N,40 01:32.829,75 07:58.227,2112, ,2056, ,0, ,N, ,3, , , , , , , , , ,3,2,0,0,0,0,1,0,0,0,0,0,4,4,1,0,0,0,0,0,0,0,0,0,0,0,0,0,0,0,0,0,0,0,0,8,0,40.0258,-75.1328, , 
39716,466039,2014122432,6,67,67301,2014,11,1,2324,23,3,2,1,4,1, , ,N,1,3,0,3,0,1,3,2,Y, ,40 01:18.818,75 04:08.687,2328, ,2328, ,0, , , ,3, , , , , , , , , ,2,0,0,0,0,0,1,1,0,0,0,1,1,0,0,0,0,0,0,0,0,1,0,0,0,0,0,0,0,0,0,0,0,0,0,4,0,40.0219,-75.0691, , 