objectid_1,objectid,crn,district,county,municipality,crash_year,crash_month,day_of_week,time_of_day,hour_of_day,illumination,weather,road_condition,collision_type,relation_to_road,work_zone_type,work_zone_loc,work_zone_ind,intersect_type,tcd_type,location_type,urban_rural,fatal_count,injury_count,person_count,total_units,sch_bus_ind,sch_zone_ind,latitude,longitude,arrival_tm,cons_zone_spd_lim,dispatch_tm,est_hrs_closed,lane_closed,ln_close_dir,ntfy_hiwy_maint,spec_juris_cd,tcd_func_cd,tfc_detour_ind,workers_pres,wz_close_detour,wz_flagger,wz_law_offcr_ind,wz_ln_closure,wz_moving,wz_other,wz_shlder_mdn,vehicle_count,automobile_count,motorcycle_count,bus_count,small_truck_count,heavy_truck_count,suv_count,van_count,bicycle_count,maj_inj_count,mod_inj_count,min_inj_count,tot_inj_count,unk_inj_deg_count,unk_inj_per_count,driver_count_16yr,driver_count_17yr,driver_count_18yr,driver_count_19yr,driver_count_20yr,driver_count_50_64yr,driver_count_65_74yr,driver_count_75plus,unbelted_occ_count,unb_death_count,unb_maj_inj_count,belted_death_count,belted_maj_inj_count,mcycle_death_count,mcycle_maj_inj_count,bicycle_death_count,bicycle_maj_inj_count,ped_count,ped_death_count,ped_maj_inj_count,max_severity_level,comm_veh_count,dec_lat,dec_long,rdwy_surf_type_cd,county_name
39920,451868,2014096817,6,67,67301,2014,9,5,1420,14,1,1,0,1,1, , ,N,0,0,0,3,0,1,3,3,N,N,40 07:14.676,75 00:37.841,1436, ,1435, ,0, ,N, ,0, , , , , , , , , ,3,2,0,0,0,0,1,0,0,0,0,0,1,1,0,0,0,0,0,0,0,1,0,0,0,0,0,0,0,0,0,0,0,0,0,8,0,40.1207,-75.0105, , 
39921,451891,2014056676,6,67,67301,2014,4,4,1124,11,1,1,0,7,4, , ,N,0,0,0,3,0,1,1,1,N,N,40 02:14.523,75 02:21.539,1132, ,1124,1,1,2,N, ,0,Y, , , , , , , , ,1,1,0,0,0,0,0,0,0,0,0,1,1,0,0,0,0,0,0,0,0,0,0,0,0,0,0,0,0,0,0,0,0,0,0,4,0,40.0374,-75.0393, , 
39922,451902,2014067538,6,67,67301,2014,6,1,115,1,3,1,0,5,1, , ,N,0,0,0,3,0,1,2,2,N, ,39 59:29.115,75 08:04.771,127, ,124, ,0, , , ,0, , , , , , , , , ,2,0,1,0,0,0,1,0,0,0,0,1,1,0,0,0,0,0,0,0,1,0,0,0,0,0,0,0,0,0,0,0,0,0,0,4,0,39.9914,-75.1347, , 
39923,451913,2014088134,6,67,67301,2014,7,7,2105,21,4,1,0,1,6, , ,N,0,0,0,3,0,1,2,2,N,N,40 01:05.901,75 03:49.917,2118, ,2116, ,0, ,N, ,0, , , , , , , , , ,2,1,0,0,0,0,1,0,0,0,1,0,1,0,0,0,0,0,0,0,0,0,0,0,0,0,0,0,0,0,0,0,0,0,0,3,0,40.0183,-75.0639, , 
39924,451916,2014091335,6,67,67301,2014,9,4,145,1,3,1,0,1,1, , ,N,0,0,0,3,0,0,1,3,N, ,39 55:17.854,75 10:36.825,200, ,148, ,0, , , ,0, , , , , , , , , ,3,1,0,0,0,0,1,1,0,0,0,0,0,0,0,0,0,0,0,0,0,0,0,1,0,0,0,0,0,0,0,0,0,0,0,0,0,39.9216,-75.1769, , 
39925,451917,2014091376,6,67,67301,2014,9,7,1755,17,1,2,1,8,1, , ,N,1,2,0,3,0,1,2,2,N, ,40 02:07.261,75 02:22.084,9999, ,1758, ,0, , , ,2, , , , , , , , , ,1,0,0,0,0,0,1,0,0,0,0,0,1,1,0,0,0,0,0,0,0,0,0,0,0,0,0,0,0,0,0,0,1,0,0,8,0,40.0354,-75.0395, , 
39926,451934,2014069429,6,67,67301,2014,5,2,740,7,1,1,0,8,1, , ,N,1,2,0,3,0,1,2,2,N,N,40 02:23.373,75 08:40.028,750, ,745, ,0, ,N, ,3, , , , , , , , , ,1,1,0,0,0,0,0,0,0,0,0,1,1,0,0,0,0,0,0,0,0,0,0,0,0,0,0,0,0,0,0,0,1,0,0,4,0,40.0398,-75.1445, , 
39927,451935,2014070335,6,67,67301,2014,7,2,923,9,1,1,0,1,1, , ,N,0,0,0,3,0,1,2,2,N,N,39 57:36.434,75 10:47.495,936, ,926,1,1,6,N, ,0,N, , , , , , , , ,2,1,0,0,0,0,1,0,0,0,0,0,1,1,0,0,0,0,0,0,0,1,0,0,0,0,0,0,0,0,0,0,0,0,0,8,0,39.9601,-75.1799, , 
39928,451943,2014084220,6,67,67301,2014,7,5,1544,15,1,1,0,1,1, , ,N,1,2,0,3,0,0,4,2,N,N,40 05:07.441,75 02:14.475,1615, ,1613,1,1,3,N, ,3,N, , , , , , , , ,2,0,0,0,1,1,0,0,0,0,0,0,0,0,0,0,0,0,0,0,0,0,0,0,0,0,0,0,0,0,0,0,0,0,0,0,1,40.0854,-75.0374, , 
39929,451946,2014091299,6,67,67301,2014,8,3,1815,18,1,1,0,4,1, , ,N,1,0,0,3,0,1,2,2,N,N,40 01:15.348,75 07:08.774,1848, ,1843, ,0, ,N, ,0, , , , , , , , , ,1,1,0,0,0,0,0,0,1,0,0,1,1,0,0,0,0,0,0,0,1,0,0,0,0,0,0,0,0,0,0,0,0,0,0,4,0,40.0209,-75.1191, , 
39930,442161,2014095976,6,67,67301,2014,9,3,2302,23,3,1,0,1,1, , ,N,2,0,0,3,0,3,3,2,N,N,40 02:24.357,75 00:18.074,2335, ,2314, ,0, ,N, ,0, , , , , , , , , ,2,0,0,0,0,0,1,1,0,0,0,3,3,0,0,0,0,0,0,0,0,0,0,0,0,0,0,0,0,0,0,0,0,0,0,4,0,40.0401,-75.0049, , 
39931,442173,2014112291,6,67,67301,2014,10,3,2045,20,3,1,0,1,6, , ,N,0,0,0,3,0,0,1,5,N,N,39 58:19.761,75 15:05.999,2045, ,2045,9,1,4,N, ,0,N, , , , , , , , ,5,2,0,0,1,0,1,1,0,0,0,0,0,0,0,0,0,0,0,0,0,0,0,0,0,0,0,0,0,0,0,0,0,0,0,0,0,39.9722,-75.2517, , 
39932,442178,2014116490,6,67,67301,2014,2,6,1630,16,1,1,0,1,6, , ,N,0,0,0,3,0,1,2,2,N,N,40 02:07.541,75 01:29.631,0, ,0, ,0, ,N, ,0, , , , , , , , , ,2,0,0,0,0,0,0,1,0,0,0,0,1,1,0,0,0,0,0,0,0,0,0,0,0,0,0,0,0,0,0,0,0,0,0,8,0,40.0354,-75.0249, , 
39933,442185,2014125004,6,67,67301,2014,11,4,1400,14,1,2,1,1,1, , ,N,0,0,0,3,0,2,2,2,N, ,40 01:11.227,75 08:58.043,1420, ,1413, ,0, , , ,0, , , , , , , , , ,2,2,0,0,0,0,0,0,0,0,0,2,2,0,0,0,0,0,0,0,0,0,0,0,0,0,0,0,0,0,0,0,0,0,0,4,0,40.0198,-75.1495, , 
39934,442193,2014054507,6,67,67301,2014,5,5,1440,14,1,1,0,1,1, , ,N,1,2,0,3,0,3,3,3,N,N,39 57:29.289,75 09:01.655,1446, ,1444, ,0, ,N, ,3, , , , , , , , , ,3,3,0,0,0,0,0,0,0,0,0,3,3,0,0,0,0,0,0,0,2,0,0,1,0,0,0,0,0,0,0,0,0,0,0,4,0,39.9581,-75.1505, , 
39935,442200,2014016180,6,67,67301,2014,1,6,1627,16,1,2,1,4,1, , ,N,1,2,0,3,0,1,3,2,N,N,39 59:16.335,75 09:21.302,1635, ,1630,2,2,3,N, ,3,Y, , , , , , , , ,2,1,0,0,1,0,0,0,0,0,0,0,1,1,0,0,0,0,0,0,0,0,0,0,0,0,0,0,0,0,0,0,0,0,0,8,0,39.9879,-75.1558, , 
39936,442201,2014016482,6,67,67301,2014,2,2,1530,15,1,4,1,1,1, , ,N,0,0,0,3,0,4,4,2,N,N,39 53:32.663,75 14:08.803,1552, ,1534, ,0, ,N, ,0, , , , , , , , , ,2,1,0,0,0,0,1,0,0,0,0,4,4,0,0,0,0,0,0,0,1,0,0,0,0,0,0,0,0,0,0,0,0,0,0,4,0,39.8924,-75.2358, , 
39937,442218,2014032333,6,67,67301,2014,2,1,1501,15,1,1,0,4,1, , ,N,1,2,0,3,0,3,6,2,N,N,39 59:31.689,75 08:24.712,1540, ,1534, ,0, , , ,3, , , , , , , , , ,2,2,0,0,0,0,0,0,0,0,0,3,3,0,0,0,0,0,0,0,0,0,0,0,0,0,0,0,0,0,0,0,0,0,0,4,0,39.992,-75.1402, , 
39938,442222,2014044574,6,67,67301,2014,3,6,2140,21,3,1,0,1,1, , ,N,0,0,0,3,0,1,4,3,N,N,40 00:06.799,75 09:10.301,2205, ,2205, ,0, ,N, ,0, , , , , , , , , ,3,2,0,0,1,0,0,0,0,0,0,0,1,1,0,0,0,0,0,0,0,0,0,0,0,0,0,0,0,0,0,0,0,0,0,8,0,40.0019,-75.1529, , 
39939,442226,2014046703,6,67,67301,2014,5,7,2234,22,3,1,1,5,1, , ,N,0,0,0,3,0,0,6,2,N,N,39 59:31.107,75 12:07.113,2311, ,2308, ,0, ,N, ,0, , , , , , , , , ,2,2,0,0,0,0,0,0,0,0,0,0,0,0,0,0,0,0,0,0,0,0,0,0,0,0,0,0,0,0,0,0,0,0,0,0,0,39.992,-75.202, , 
39940,442231,2014054611,6,67,67301,2014,4,5,350,3,3,1,0,7,4, , ,N,0,0,0,3,0,1,3,4,N,N,39 55:27.822,75 13:44.713,359, ,357, ,0, ,N, ,0, , , , , , , , , ,4,2,0,0,1,0,1,0,0,1,0,0,1,0,2,0,0,0,0,0,0,0,0,0,0,0,0,0,0,0,0,0,0,0,0,2,0,39.9244,-75.2291, , 
39941,442239,2014065532,6,67,67301,2014,5,4,1940,19,4,1,0,4,1, , ,N,2,2,0,3,0,1,2,2,N,N,39 56:52.017,75 13:52.855,2005, ,2001, ,0, ,N, ,3, , , , , , , , , ,2,2,0,0,0,0,0,0,0,0,0,1,1,0,0,0,0,0,0,0,0,0,0,0,0,0,0,0,0,0,0,0,0,0,0,4,0,39.9478,-75.2313, , 
39942,442241,2014068194,6,67,67301,2014,6,4,40,0,3,1,0,5,6, , ,N,0,0,0,3,0,1,1,3,N,N,39 56:24.255,75 09:04.169,40, ,40, ,0, ,N, ,0, , , , , , , , , ,3,2,0,0,0,0,0,1,0,0,0,0,1,1,0,0,0,0,0,0,0,1,0,0,0,0,0,0,0,0,0,0,0,0,0,8,0,39.9401,-75.1512, , 
39943,442245,2014074507,6,67,67301,2014,6,2,1730,17,1,1,0,8,1, , ,N,3,3,0,3,0,1,2,2,N,N,40 00:55.112,75 04:27.555,1800, ,1736, ,0, ,N, ,3, , , , , , , , , ,1,0,0,0,0,0,1,0,0,0,0,0,1,1,0,0,0,0,0,0,0,0,0,0,0,0,0,0,0,0,0,0,1,0,0,8,0,40.0153,-75.0743, , 
39944,442251,2014078849,6,67,67301,2014,6,5,9999,99,1,1,0,4,1, , ,N,1,2,0,3,0,1,2,2,N, ,40 07:07.975,75 01:04.685,1610, ,1602, ,0, , , ,3, , , , , , , , , ,2,2,0,0,0,0,0,0,0,0,1,0,1,0,1,0,0,0,1,0,0,0,0,0,0,0,0,0,0,0,0,0,0,0,0,3,0,40.1189,-75.018, , 
39945,442264,2014088682,6,67,67301,2014,7,2,9999,99,1,1,0,1,1, , ,N,0,0,7,3,0,3,4,3,N, ,39 59:06.215,75 09:23.079,1705, ,1700, ,0, , , ,0, , , , , , , , , ,3,1,0,0,0,0,2,0,0,0,0,1,3,2,0,0,0,0,0,0,0,0,0,0,0,0,0,0,0,0,0,0,0,0,0,4,0,39.9851,-75.1564, , 
39946,442272,2014096864,6,67,67301,2014,9,2,640,6,1,1,0,1,1, , ,N,1,2,0,3,0,0,3,3,N, ,40 01:13.197,75 04:49.613,850, ,827, ,0, , , ,3, , , , , , , , , ,3,2,0,0,1,0,0,0,0,0,0,0,0,0,1,0,0,0,0,0,2,0,0,0,0,0,0,0,0,0,0,0,0,0,0,9,0,40.0203,-75.0804, , 
39947,442273,2014098697,6,67,67301,2014,9,6,743,7,1,1,0,4,1, , ,N,1,2,0,3,0,1,4,3,N,N,40 02:07.432,75 02:59.146,745, ,743,1,1,4, , ,3,Y, , , , , , , , ,3,1,0,0,0,1,1,0,0,0,0,1,1,0,0,0,0,0,0,0,1,0,0,0,0,0,0,0,0,0,0,0,0,0,0,4,1,40.0354,-75.0498, , 
39948,445271,2014098695,6,67,67301,2014,9,2,1600,16,1,2,1,4,1, , ,N,1,3,0,3,0,2,3,2,N,N,39 55:34.096,75 09:50.129,1610, ,1607, ,0, , , ,3, , , , , , , , , ,1,1,0,0,0,0,0,0,1,0,0,2,2,0,0,0,0,0,0,0,0,0,1,0,0,0,0,0,0,0,0,0,0,0,0,4,0,39.9261,-75.1639, , 
39949,445279,2014049821,6,67,67301,2014,4,3,2338,23,3,1,0,4,1, , ,N,1,2,0,3,0,1,4,2,N,N,40 00:25.981,75 07:24.378,2348, ,2343, ,0, , , ,3, , , , , , , , , ,2,1,0,0,0,0,0,1,0,0,0,1,1,0,0,0,0,0,0,0,1,0,0,0,0,0,0,0,0,0,0,0,0,0,0,4,0,40.0072,-75.1234, , 
39950,445299,2014078759,6,67,67301,2014,6,3,1730,17,1,2,1,8,1, , ,N,1,2,0,3,0,1,2,2,N, ,39 57:23.109,75 09:52.045,1758, ,1739, ,0, , , ,3, , , , , , , , , ,1,0,0,0,0,0,1,0,0,0,0,1,1,0,1,0,0,0,0,0,0,0,0,0,0,0,0,0,0,0,0,0,1,0,0,4,0,39.9564,-75.1645, , 
39951,445305,2014084265,6,67,67301,2014,7,3,1830,18,1,9,0,8,1, , ,N,1,3,0,3,0,1,2,2,N,N,39 59:41.517,75 10:27.461,1835, ,1830, ,0, ,N, ,3, , , , , , , , , ,1,0,0,0,0,0,1,0,0,0,0,0,1,1,0,0,0,0,0,0,0,0,0,0,0,0,0,0,0,0,0,0,1,0,0,8,0,39.9949,-75.1743, , 
39952,445313,2014088108,6,67,67301,2014,8,6,9999,99,1,2,1,7,3, , ,N,0,0,0,3,0,2,4,2,N,N,40 01:00.382,75 12:09.238,9999, ,9999,9,1,5, , ,0,N, , , , , , , , ,2,2,0,0,0,0,0,0,0,0,0,2,2,0,0,0,0,0,0,0,1,0,0,0,0,0,0,0,0,0,0,0,0,0,0,4,0,40.0168,-75.2026, , 
39953,445322,2014005510,6,67,67301,2014,1,6,1540,15,1,1,1,5,1,1,4,Y,0,0,0,3,0,1,2,2,N,N,39 58:08.350,75 07:40.003,1550,45,1545,3,2,2,N, ,0,N,N,N,N,N,N,N,Y,N,2,1,0,0,0,1,0,0,0,0,0,0,1,1,0,0,0,0,0,0,1,0,0,0,0,0,0,0,0,0,0,0,0,0,0,8,1,39.969,-75.1278, , 
39954,445344,2014076018,6,67,67301,2014,6,4,906,9,1,1,0,4,1, , ,N,1,2,0,3,0,1,3,2,N,N,40 04:40.774,75 12:38.329,939, ,930, ,0, ,N, ,3, , , , , , , , , ,2,2,0,0,0,0,0,0,0,0,0,0,1,1,0,0,0,0,0,0,0,0,0,0,0,0,0,0,0,0,0,0,0,0,0,8,0,40.078,-75.2106, , 
39955,445381,2014078823,6,67,67301,2014,5,2,1203,12,1,1,0,4,1, , ,N,1,2,0,3,0,1,4,2,N, ,39 56:41.578,75 10:01.077,1230, ,1226, ,0, , , ,3, , , , , , , , , ,1,1,0,0,0,0,0,0,1,0,0,1,1,0,0,0,0,0,0,0,0,0,0,0,0,0,0,0,0,0,0,0,0,0,0,4,0,39.9449,-75.167, , 
39956,445404,2014099180,6,67,67301,2014,9,2,842,8,1,1,0,5,1, , ,N,0,0,0,3,0,0,2,2,N,N,39 57:28.313,75 09:56.582,909, ,844, ,0, ,N, ,0, , , , , , , , , ,2,0,0,1,0,0,1,0,0,0,0,0,0,0,0,0,0,0,0,0,0,0,0,0,0,0,0,0,0,0,0,0,0,0,0,0,1,39.9579,-75.1657, , 
39957,445407,2014104627,6,67,67301,2014,10,7,143,1,3,2,1,7,4, , ,N,1,3,0,3,0,0,1,6,N,N,40 01:12.273,75 08:16.069,149, ,143,3,2,1,N, ,3,Y, , , , , , , , ,6,5,0,0,0,0,1,0,0,0,0,0,0,0,0,0,0,0,0,0,0,0,0,0,0,0,0,0,0,0,0,0,0,0,0,0,0,40.0201,-75.1378, , 
39958,445411,2014108623,6,67,67301,2014,10,6,1320,13,1,1,0,1,1, , ,N,0,0,0,3,0,0,2,2,N,N,39 57:36.515,75 10:48.208,1350, ,1335, ,0, ,N, ,0, , , , , , , , , ,2,1,0,0,1,0,0,0,0,0,0,0,0,0,0,0,0,0,0,0,1,0,0,0,0,0,0,0,0,0,0,0,0,0,0,0,0,39.9601,-75.1801, , 
39959,445457,2014098734,6,67,67301,2014,9,2,809,8,1,1,0,8,1, , ,N,1,2,0,3,0,1,2,2,N,N,39 55:57.266,75 13:48.767,810, ,809, ,0, ,N, ,3, , , , , , , , , ,1,0,0,0,0,0,1,0,0,0,0,1,1,0,0,0,0,0,0,0,0,0,0,0,0,0,0,0,0,0,0,0,1,0,0,4,0,39.9325,-75.2303, , 
39960,445471,2014081434,6,67,67301,2014,6,2,1330,13,1,1,0,4,1, , ,N,0,0,7,3,0,1,2,2,N, ,39 53:29.771,75 14:28.961,1440, ,1440, ,0, ,N, ,0, , , , , , , , , ,2,1,1,0,0,0,0,0,0,0,1,0,1,0,0,0,0,0,0,1,0,0,0,0,0,0,0,0,0,0,0,0,0,0,0,3,0,39.8916,-75.2414, , 
39961,445475,2014068285,6,67,67301,2014,7,4,1831,18,1,1,0,5,1, , ,N,0,0,0,3,0,3,4,2,N,N,40 00:11.677,75 11:42.405,1846, ,1833, ,0, ,N, ,0, , , , , , , , , ,2,1,0,0,0,1,0,0,0,0,0,0,3,3,0,0,0,0,0,0,1,0,0,0,0,0,0,0,0,0,0,0,0,0,0,8,0,40.0032,-75.1951, , 
39962,445489,2014087885,6,67,67301,2014,8,3,1110,11,1,1,0,8,1, , ,N,1,3,0,3,0,1,2,2,N,N,40 01:40.303,75 08:55.964,2231, ,2230, ,0, ,N, ,3, , , , , , , , , ,1,1,0,0,0,0,0,0,0,0,0,1,1,0,1,0,0,0,0,0,0,0,0,0,0,0,0,0,0,0,0,0,1,0,0,4,0,40.0279,-75.1489, , 
39963,445490,2014088002,6,67,67301,2014,7,2,52,0,3,1,0,4,1, , ,N,2,2,0,3,0,0,2,2,N,N,40 03:40.549,75 11:30.758,52, ,52, ,0, ,N, ,3, , , , , , , , , ,2,1,0,0,0,0,1,0,0,0,0,0,0,0,1,0,0,0,0,0,0,1,0,0,0,0,0,0,0,0,0,0,0,0,0,9,0,40.0613,-75.1919, , 
39964,445491,2014088615,6,67,67301,2014,7,2,750,7,1,1,0,5,1, , ,N,0,0,0,3,0,1,2,2,N, ,39 57:38.301,75 09:23.704,758, ,756, ,0, , , ,0, , , , , , , , , ,1,1,0,0,0,0,0,0,1,0,0,0,1,1,0,0,0,0,0,0,0,0,0,0,0,0,0,0,0,0,0,0,0,0,0,8,0,39.9606,-75.1566, , 
39965,445492,2014088951,6,67,67301,2014,8,7,339,3,3,1,0,4,1, , ,N,1,2,0,3,0,2,6,2,N, ,39 54:57.588,75 09:52.288,425, ,415,3,2,4, , ,3,Y, , , , , , , , ,2,0,0,1,0,1,0,0,0,0,0,0,2,2,0,0,0,0,0,0,0,0,0,0,0,0,0,0,0,0,0,0,0,0,0,8,2,39.9159,-75.1645, , 
39966,448717,2014084386,6,67,67301,2014,7,3,9999,99,1,1,0,5,1, , ,N,0,0,0,3,0,1,2,2,N,N,39 58:42.871,75 15:09.545,1132, ,1129, ,0, ,N, ,0, , , , , , , , , ,2,1,1,0,0,0,0,0,0,0,0,1,1,0,0,0,0,0,0,0,0,0,0,0,0,0,0,0,0,0,0,0,0,0,0,4,0,39.9786,-75.2527, , 
39967,448722,2014087864,6,67,67301,2014,8,7,2125,21,3,1,0,0,1, , ,N,0,0,0,3,0,1,5,2,N,N,40 01:13.809,75 09:19.405,2130, ,2127,2,1,2,N, ,0,N, , , , , , , , ,2,1,0,0,0,0,0,1,0,0,1,0,1,0,0,0,0,0,0,0,0,0,0,0,0,0,0,0,0,0,0,0,0,0,0,3,0,40.0205,-75.1554, , 
39968,448752,2014065603,6,67,67301,2014,5,7,1945,19,4,1,0,8,1, , ,N,0,0,0,3,0,1,2,2,N,N,39 55:25.562,75 14:08.337,1952, ,1949, ,0, ,N, ,0, , , , , , , , , ,1,0,0,0,0,0,1,0,0,0,0,1,1,0,0,0,0,0,0,0,1,0,0,0,0,0,0,0,0,0,0,0,1,0,0,4,0,39.9238,-75.2356, , 
39969,448763,2014078782,6,67,67301,2014,6,7,1131,11,1,1,0,4,1, , ,N,1,2,0,3,0,1,2,2,N,N,39 57:41.833,75 09:10.486,1137, ,1134, ,0, , , ,3, , , , , , , , , ,1,1,0,0,0,0,0,0,1,1,0,0,1,0,0,0,0,0,0,0,0,0,0,0,0,0,0,0,0,0,0,1,0,0,0,2,0,39.9615,-75.1529, , 
39970,448780,2014092944,6,67,67301,2014,9,6,1501,15,1,1,0,5,1, , ,N,0,0,0,3,0,0,5,3,N,N,39 53:56.701,75 10:01.672,1609, ,1538, ,0, ,N, ,0, , , , , , , , , ,3,1,0,0,0,2,0,0,0,0,0,0,0,0,0,0,0,0,0,0,1,0,0,0,0,0,0,0,0,0,0,0,0,0,0,0,2,39.8991,-75.1671, , 
39971,448796,2014066795,6,67,67301,2014,7,2,1418,14,1,1,0,1,1, , ,N,1,2,0,3,0,2,3,2,N,N,40 01:30.637,75 07:31.531,1418, ,1418,3,1,1,N, ,3,N, , , , , , , , ,2,0,1,0,1,0,0,0,0,1,0,0,2,1,0,0,0,0,0,0,1,0,0,0,0,0,0,0,0,1,0,0,0,0,0,2,0,40.0252,-75.1254, , 
39972,448806,2014081497,6,67,67301,2014,6,6,1000,10,1,1,0,1,1, , ,N,1,2,0,3,0,1,2,2,N,N,40 01:41.728,75 06:35.304,1641, ,1640, ,0, ,N, ,3, , , , , , , , , ,2,1,0,0,0,0,1,0,0,0,0,1,1,0,0,0,0,0,0,0,1,0,0,0,0,0,0,0,0,0,0,0,0,0,0,4,0,40.0283,-75.1098, , 
39973,448827,2014099240,6,67,67301,2014,9,7,1230,12,1,1,0,8,1, , ,N,1,2,0,3,0,1,2,2,N, ,39 55:18.821,75 10:13.026,1245, ,1241, ,0, , , ,3, , , , , , , , , ,1,1,0,0,0,0,0,0,0,0,0,1,1,0,0,0,0,0,0,0,0,0,0,0,0,0,0,0,0,0,0,0,1,0,0,4,0,39.9219,-75.1702, , 
39974,448845,2014078771,6,67,67301,2014,5,3,9999,99,1,1,0,1,1, , ,N,0,0,0,3,0,1,4,2,N,N,39 56:20.980,75 11:33.060,1715, ,1713, ,0, ,N, ,0, , , , , , , , , ,2,1,0,0,0,0,0,1,0,0,0,1,1,0,0,0,0,0,0,0,0,0,0,0,0,0,0,0,0,0,0,0,0,0,0,4,0,39.9392,-75.1925, , 
39975,448852,2014084221,6,67,67301,2014,7,2,1650,16,1,1,0,4,1, , ,N,1,2,0,3,0,1,2,2,N,N,39 59:47.157,75 06:48.512,1746, ,1735, ,0, ,N, ,1, , , , , , , , , ,2,0,0,0,0,0,2,0,0,0,0,1,1,0,0,0,0,0,0,0,0,0,0,0,0,0,0,0,0,0,0,0,0,0,0,4,0,39.9964,-75.1135, , 
39976,448892,2014059308,6,67,67301,2014,5,3,1536,15,1,1,0,4,1, , ,N,1,2,0,3,0,0,2,2,N,N,40 03:13.772,75 05:10.794,1550, ,1545,9,1,4,N, ,3,N, , , , , , , , ,2,2,0,0,0,0,0,0,0,0,0,0,0,0,0,0,0,0,0,0,1,0,0,0,0,0,0,0,0,0,0,0,0,0,0,0,0,40.0538,-75.0863, , 
39977,448901,2014068082,6,67,67301,2014,5,7,1630,16,1,1,0,4,1, , ,N,1,3,0,3,0,1,2,2,N, ,39 57:42.814,75 13:37.667,1855, ,1845, ,0, , , ,3, , , , , , , , , ,1,1,0,0,0,0,0,0,1,0,0,1,1,0,0,0,0,0,0,0,0,0,0,0,0,0,0,0,0,0,0,0,0,0,0,4,0,39.9619,-75.2271, , 
39978,448904,2014078793,6,67,67301,2014,6,7,1315,13,1,1,0,4,1, , ,N,0,0,7,3,0,1,4,2,N, ,40 01:08.173,75 08:12.796,1330, ,1320, ,0, , , ,0, , , , , , , , , ,2,1,0,0,0,0,0,1,0,0,1,0,1,0,0,0,0,0,0,0,0,0,0,0,0,0,0,0,0,0,0,0,0,0,0,3,0,40.0189,-75.1369, , 
39979,448909,2014087843,6,67,67301,2014,7,1,2109,21,3,1,0,1,1, , ,N,1,2,0,3,0,8,8,3,N, ,40 04:27.539,75 02:05.367,2113, ,2110,2,2,1, , ,3,N, , , , , , , , ,3,2,0,0,0,0,1,0,0,0,0,0,8,8,0,0,0,0,0,0,0,0,0,0,0,0,0,0,0,0,0,0,0,0,0,8,0,40.0743,-75.0348, , 
39980,448963,2014084175,6,67,67301,2014,7,1,341,3,3,1,0,4,1, , ,N,1,3,0,3,0,3,5,2,N,N,39 55:22.612,75 10:41.645,345, ,342,4,2,3, , ,3,Y, , , , , , , , ,2,2,0,0,0,0,0,0,0,0,1,0,3,2,0,0,0,0,0,0,0,0,0,0,0,0,0,0,0,0,0,0,0,0,0,3,0,39.9229,-75.1782, , 
39981,448978,2014104609,6,67,67301,2014,9,2,9999,99,3,2,1,4,1, , ,N,2,3,0,3,0,1,2,2,N,N,39 55:21.270,75 13:58.832,1007, ,1007, ,0, ,N, ,3, , , , , , , , , ,2,2,0,0,0,0,0,0,0,0,0,1,1,0,1,0,0,0,0,1,0,0,0,0,0,0,0,0,0,0,0,0,0,0,0,4,0,39.9226,-75.233, , 
39982,448979,2014062757,6,67,67301,2014,6,3,750,7,1,1,0,1,1, , ,N,0,0,0,3,0,0,3,4,N,N,39 58:49.302,75 12:19.471,756, ,750,2,2,4,N, ,0,N, , , , , , , , ,4,2,0,0,0,1,1,0,0,0,0,0,0,0,0,0,0,0,0,0,1,0,0,0,0,0,0,0,0,0,0,0,0,0,0,0,1,39.9804,-75.2054, , 
39983,448988,2014078866,6,67,67301,2014,6,6,2205,22,3,1,0,1,1, , ,N,0,0,0,3,0,1,2,2,N,N,39 56:22.444,75 11:53.582,2345, ,2342, ,0, ,N, ,0, , , , , , , , , ,2,2,0,0,0,0,0,0,0,0,0,1,1,0,0,0,0,1,0,0,0,0,0,0,0,0,0,0,0,0,0,0,0,0,0,4,0,39.9396,-75.1982, , 
39984,451966,2014112387,6,67,67301,2014,10,1,148,1,3,1,0,1,1, , ,N,0,0,0,3,0,1,3,2,N,N,39 59:28.398,75 12:13.930,150, ,148,1,2,3,N, ,0,N, , , , , , , , ,2,1,0,0,0,0,1,0,0,0,0,1,1,0,0,0,0,0,0,0,0,0,0,0,0,0,0,0,0,0,0,0,0,0,0,4,0,39.9912,-75.2039, , 
39985,451968,2014114996,6,67,67301,2014,2,6,1515,15,1,1,0,1,1, , ,N,1,2,0,3,0,2,3,2,Y,N,39 55:51.402,75 10:54.004,0, ,0, ,0, ,N, ,3, , , , , , , , , ,2,0,0,1,1,0,0,0,0,0,1,0,2,1,0,0,0,0,0,0,0,0,0,0,0,0,0,0,0,0,0,0,0,0,0,3,1,39.9309,-75.1817, , 
39986,451971,2014120875,6,67,67301,2014,11,2,1445,14,1,1,0,4,1, , ,N,3,3,0,3,0,1,2,2,N, ,39 57:56.570,75 12:23.262,1451, ,1450, ,0, , , ,3, , , , , , , , , ,1,1,0,0,0,0,0,0,1,0,0,0,1,1,0,0,0,0,0,0,0,0,0,0,0,0,0,0,0,0,0,0,0,0,0,8,0,39.9657,-75.2065, , 