objectid_1,objectid,crn,district,county,municipality,crash_year,crash_month,day_of_week,time_of_day,hour_of_day,illumination,weather,road_condition,collision_type,relation_to_road,work_zone_type,work_zone_loc,work_zone_ind,intersect_type,tcd_type,location_type,urban_rural,fatal_count,injury_count,person_count,total_units,sch_bus_ind,sch_zone_ind,latitude,longitude,arrival_tm,cons_zone_spd_lim,dispatch_tm,est_hrs_closed,lane_closed,ln_close_dir,ntfy_hiwy_maint,spec_juris_cd,tcd_func_cd,tfc_detour_ind,workers_pres,wz_close_detour,wz_flagger,wz_law_offcr_ind,wz_ln_closure,wz_moving,wz_other,wz_shlder_mdn,vehicle_count,automobile_count,motorcycle_count,bus_count,small_truck_count,heavy_truck_count,suv_count,van_count,bicycle_count,maj_inj_count,mod_inj_count,min_inj_count,tot_inj_count,unk_inj_deg_count,unk_inj_per_count,driver_count_16yr,driver_count_17yr,driver_count_18yr,driver_count_19yr,driver_count_20yr,driver_count_50_64yr,driver_count_65_74yr,driver_count_75plus,unbelted_occ_count,unb_death_count,unb_maj_inj_count,belted_death_count,belted_maj_inj_count,mcycle_death_count,mcycle_maj_inj_count,bicycle_death_count,bicycle_maj_inj_count,ped_count,ped_death_count,ped_maj_inj_count,max_severity_level,comm_veh_count,dec_lat,dec_long,rdwy_surf_type_cd,county_name
40324,446339,2014082743,6,67,67301,2014,8,6,900,9,1,1,0,5,1, , ,N,0,0,0,3,0,1,2,2,N,N,39 58:14.899,75 11:34.838,905, ,900,1,1,4,N, ,0,N, , , , , , , , ,2,1,0,0,0,0,0,0,0,0,0,1,1,0,1,0,0,0,0,0,0,0,0,0,0,0,0,0,0,0,0,0,0,0,0,4,0,39.9708,-75.193, , 
40325,446343,2014088018,6,67,67301,2014,7,4,1835,18,1,1,0,8,1, , ,N,1,2,0,3,0,1,2,2,N,N,39 56:59.100,75 10:03.072,1840, ,1837, ,0, , , ,3, , , , , , , , , ,1,0,0,0,0,0,0,1,0,0,0,1,1,0,0,0,0,0,0,0,1,0,0,0,0,0,0,0,0,0,0,0,1,0,0,4,0,39.9497,-75.1674, , 
40326,446344,2014088366,6,67,67301,2014,8,5,2209,22,3,1,1,1,1, , ,N,0,0,3,3,0,1,2,2,N, ,39 58:30.895,75 11:40.645,2211, ,2210,3,1,4, , ,0,N, , , , , , , , ,2,1,0,0,0,0,1,0,0,0,0,1,1,0,0,0,0,0,0,0,2,0,0,0,0,0,0,0,0,0,0,0,0,0,0,4,0,39.9752,-75.1946, , 
40327,446355,2014110383,6,67,67301,2014,10,6,1835,18,2,1,0,6,1, , ,N,0,0,0,3,0,0,3,3,N,N,39 58:21.007,75 11:23.925,1846, ,1839,2,2,5,N, ,0,N, , , , , , , , ,3,2,0,0,0,0,1,0,0,0,0,0,0,0,0,0,0,0,0,0,1,0,0,0,0,0,0,0,0,0,0,0,0,0,0,0,0,39.9725,-75.19, , 
40328,446370,2014125149,6,67,67301,2014,11,1,1620,16,1,1,0,6,1, , ,N,0,0,0,3,0,0,5,2,N,N,39 55:30.070,75 10:28.684,1645, ,1630,1,1,3,N, ,0,N, , , , , , , , ,2,1,0,0,1,0,0,0,0,0,0,0,0,0,0,0,0,0,0,0,0,0,0,0,0,0,0,0,0,0,0,0,0,0,0,0,0,39.925,-75.1746, , 
40329,449779,2014103213,6,67,67301,2014,10,7,1223,12,1,1,0,1,1, , ,N,0,0,0,3,0,0,3,3,N,N,39 57:30.274,75 09:57.791,1232, ,1223,1,1,4,N, ,0,N, , , , , , , , ,3,1,0,0,0,0,1,1,0,0,0,0,0,0,0,0,0,0,0,0,0,1,0,0,0,0,0,0,0,0,0,0,0,0,0,0,0,39.9584,-75.1661, , 
40330,449790,2014113414,6,67,67301,2014,10,1,225,2,3,1,0,5,1, , ,N,0,0,0,3,0,1,4,3,N,N,40 00:57.802,75 10:33.287,233, ,227,2,2,2,N, ,0,N, , , , , , , , ,3,2,0,0,0,0,1,0,0,0,0,1,1,0,0,0,0,0,0,0,0,0,0,0,0,0,0,0,0,0,0,0,0,0,0,4,0,40.0161,-75.1759, , 
40331,449813,2014079281,6,67,67301,2014,6,5,9999,99,1,1,0,4,1, , ,N,5,3,0,3,0,2,3,2,N,N,39 58:42.110,75 08:35.519,1030, ,1024, ,0, , , ,3, , , , , , , , , ,2,1,0,0,0,0,1,0,0,0,1,0,2,1,0,0,0,0,0,0,1,0,0,2,0,0,0,0,0,0,0,0,0,0,0,3,0,39.9784,-75.1432, , 
40332,449815,2014081463,6,67,67301,2014,6,5,1655,16,1,1,0,4,1, , ,N,0,0,0,3,0,1,3,3,N,N,39 59:36.698,75 09:16.383,1705, ,1700, ,0, ,N, ,0, , , , , , , , , ,2,1,0,0,0,0,1,0,1,0,0,0,1,1,1,0,0,0,0,0,0,0,0,0,0,0,0,0,0,0,0,0,0,0,0,8,0,39.9935,-75.1546, , 
40333,449819,2014087758,6,67,67301,2014,8,6,1450,14,1,1,0,4,1, , ,N,0,0,0,3,0,1,3,2,N,N,39 59:24.000,75 06:13.004,1630, ,1630, ,0, ,N, ,0, , , , , , , , , ,1,1,0,0,0,0,0,0,1,0,0,1,1,0,0,0,0,0,0,0,0,0,0,0,0,0,0,0,0,0,0,0,0,0,0,4,0,39.99,-75.1036, , 
40334,449820,2014087914,6,67,67301,2014,7,7,545,5,1,1,0,4,1, , ,N,2,3,0,3,0,1,2,2,N,N,40 02:26.804,75 08:22.671,805, ,800, ,0, ,N, ,3, , , , , , , , , ,2,1,0,0,0,0,1,0,0,0,0,1,1,0,1,0,0,0,0,0,0,0,0,0,0,0,0,0,0,0,0,0,0,0,0,4,0,40.0408,-75.1396, , 
40335,449821,2014088047,6,67,67301,2014,8,7,9999,99,3,1,0,1,1, , ,N,1,2,0,3,0,0,5,2,N,N,40 02:37.165,75 08:59.326,9999, ,9999, ,0, ,N, ,3, , , , , , , , , ,2,2,0,0,0,0,0,0,0,0,0,0,0,0,0,0,0,0,0,0,0,0,0,0,0,0,0,0,0,0,0,0,0,0,0,0,0,40.0437,-75.1498, , 
40336,449823,2014091286,6,67,67301,2014,9,1,1000,10,1,1,0,5,1, , ,N,0,0,0,3,0,1,2,2,N,N,40 02:31.131,75 04:59.116,1013, ,1008, ,0, , , ,0, , , , , , , , , ,2,1,0,0,0,0,0,1,0,0,0,1,1,0,0,0,0,0,0,0,0,0,0,0,0,0,0,0,0,0,0,0,0,0,0,4,0,40.042,-75.0831, , 
40337,449856,2014059268,6,67,67301,2014,5,2,1700,17,1,1,0,4,1, , ,N,5,3,0,3,0,1,2,2,N,N,40 00:57.189,75 07:02.269,1840, ,1837, ,0, ,N, ,3, , , , , , , , , ,1,1,0,0,0,0,0,0,1,0,0,0,1,1,0,0,0,0,0,0,0,0,0,0,0,0,0,0,0,0,0,0,0,0,0,8,0,40.0159,-75.1173, , 
40338,449864,2014073878,6,67,67301,2014,6,3,1410,14,1,1,0,1,1, , ,N,0,0,0,3,0,3,3,2,N,N,40 03:07.717,74 59:15.756,1422, ,1413,3,1,2,Y, ,0,N, , , , , , , , ,2,1,0,0,0,0,1,0,0,0,1,2,3,0,0,0,0,0,0,0,0,0,0,1,0,0,0,0,0,0,0,0,0,0,0,3,0,40.0521,-74.9877, , 
40339,449871,2014079685,6,67,67301,2014,8,2,410,4,3,1,0,1,1, , ,N,0,0,0,3,0,0,2,2,N,N,39 58:42.703,75 06:36.737,410, ,410, ,0, ,N, ,0, , , , , , , , , ,2,2,0,0,0,0,0,0,0,0,0,0,0,0,0,0,0,0,0,0,2,0,0,0,0,0,0,0,0,0,0,0,0,0,0,0,0,39.9785,-75.1102, , 
40340,449876,2014081496,6,67,67301,2014,6,3,1520,15,1,1,0,1,6, , ,N,0,0,0,3,0,0,1,2,N,N,39 59:15.086,75 15:08.568,1540, ,1534, ,0, ,N, ,0, , , , , , , , , ,2,2,0,0,0,0,0,0,0,0,0,0,0,0,0,0,0,0,0,0,0,0,0,0,0,0,0,0,0,0,0,0,0,0,0,0,0,39.9875,-75.2524, , 
40341,449885,2014089000,6,67,67301,2014,8,1,225,2,3,1,0,4,1, , ,N,1,2,0,3,0,1,2,2,N,N,40 02:11.152,75 07:49.835,226, ,226,1,1,2,N, ,3,N, , , , , , , , ,2,2,0,0,0,0,0,0,0,0,0,1,1,0,0,0,0,0,0,1,0,0,0,0,0,0,0,0,0,0,0,0,0,0,0,4,0,40.0364,-75.1305, , 
40342,449904,2014071849,6,67,67301,2014,7,5,1220,12,1,1,0,1,1, , ,N,0,0,0,3,0,1,4,3,N,N,39 58:53.732,75 12:25.346,1226, ,1223,3,1,4,Y, ,0,N, , , , , , , , ,3,2,0,0,0,0,0,1,0,0,0,0,1,1,0,0,0,0,0,0,1,1,0,0,0,0,0,0,0,0,0,0,0,0,0,8,0,39.9816,-75.207, , 
40343,449905,2014072319,6,46,46104,2014,7,3,1440,14,1,1,0,1,1, , ,N,2,2,0,3,0,0,2,2,N,N,39 58:42.888,75 16:22.947,1450, ,1440, ,0, ,N, ,3, , , , , , , , , ,2,0,0,0,0,0,2,0,0,0,0,0,0,0,0,0,0,0,0,0,1,0,0,0,0,0,0,0,0,0,0,0,0,0,0,0,0,39.9785,-75.273, , 
40344,449907,2014074479,6,67,67301,2014,6,5,306,3,3,2,1,5,1, , ,N,6,4,2,3,0,1,4,2,N,N,40 01:05.053,75 09:55.730,306, ,306, ,0, ,N, ,3, , , , , , , , , ,2,1,0,0,0,0,1,0,0,0,0,1,1,0,0,0,0,0,0,0,0,0,0,0,0,0,0,0,0,0,0,0,0,0,0,4,0,40.0181,-75.1655, , 
40345,449909,2014078822,6,67,67301,2014,6,6,1635,16,1,1,0,1,1, , ,N,0,0,0,3,0,0,19,2,Y,Y,39 58:23.054,75 12:49.511,1645, ,1640, ,0, ,N, ,0, , , , , , , , , ,2,1,0,1,0,0,0,0,0,0,0,0,0,0,0,0,0,0,0,0,1,0,0,0,0,0,0,0,0,0,0,0,0,0,0,0,1,39.9731,-75.2138, , 
40346,449912,2014082742,6,67,67301,2014,8,6,815,8,1,1,0,1,1, , ,N,0,0,0,3,0,1,3,2,N,N,39 57:36.493,75 10:48.013,820, ,815, ,0, ,N, ,0, , , , , , , , , ,2,1,0,0,1,0,0,0,0,0,0,0,1,1,0,0,0,0,1,0,0,0,0,0,0,0,0,0,0,0,0,0,0,0,0,8,0,39.9601,-75.18, , 
40347,449919,2014088959,6,67,67301,2014,8,5,9999,99,3,2,1,8,1, , ,N,0,0,0,3,0,1,2,2,N,N,39 56:15.980,75 10:27.070,2003, ,2001, ,0, ,N, ,0, , , , , , , , , ,1,1,0,0,0,0,0,0,0,0,1,0,1,0,0,0,0,0,0,0,0,0,0,0,0,0,0,0,0,0,0,0,1,0,0,3,0,39.9378,-75.1742, , 
40348,453602,2014050303,6,67,67301,2014,4,5,746,7,1,1,0,6,1, , ,N,1,2,0,3,0,0,2,2,N,N,39 55:38.874,75 13:54.199,754, ,753,1,1,5,N, ,3,N, , , , , , , , ,2,2,0,0,0,0,0,0,0,0,0,0,0,0,0,0,0,0,0,0,2,0,0,0,0,0,0,0,0,0,0,0,0,0,0,0,0,39.9275,-75.2317, , 
40349,453605,2014051752,6,67,67301,2014,4,3,1130,11,1,1,0,6,6, , ,N,0,0,0,3,0,2,2,4,N, ,39 57:57.956,75 14:45.917,1310, ,1308, ,0, , , ,0, , , , , , , , , ,3,2,0,0,0,0,0,1,0,0,0,2,2,0,0,0,0,0,0,0,0,0,0,0,0,0,0,0,0,0,0,0,0,0,0,4,0,39.9661,-75.2461, , 
40350,453639,2014081471,6,67,67301,2014,6,5,1145,11,1,1,0,1,1, , ,N,1,2,0,3,0,2,2,2,N, ,39 58:42.573,75 06:52.947,1205, ,1159, ,0, , , ,3, , , , , , , , , ,2,1,0,0,0,0,1,0,0,0,0,0,2,2,0,0,0,0,0,0,0,0,0,0,0,0,0,0,0,0,0,0,0,0,0,8,0,39.9785,-75.1147, , 
40351,453645,2014087835,6,67,67301,2014,7,4,2200,22,3,1,0,4,6, , ,N,1,2,0,3,0,2,2,2,N,N,39 58:22.735,75 13:34.041,2216, ,2204, ,0, ,N, ,3, , , , , , , , , ,2,0,0,0,0,0,1,1,0,0,0,0,2,2,0,0,0,1,0,0,0,0,0,0,0,0,0,0,0,0,0,0,0,0,0,8,0,39.973,-75.2261, , 
40352,453646,2014087900,6,67,67301,2014,8,5,1232,12,1,1,0,2,1, , ,N,2,2,2,3,0,0,2,2,N, ,39 53:01.132,75 15:05.848,1242, ,1234, ,0, , , ,3, , , , , , , , , ,2,1,0,0,1,0,0,0,0,0,0,0,0,0,1,0,0,0,0,0,2,0,0,0,0,0,0,0,0,0,0,0,0,0,0,9,0,39.8836,-75.2515, , 
40353,453650,2014091319,6,67,67301,2014,8,4,1720,17,1,1,0,8,1, , ,N,0,0,0,3,0,1,2,2,N, ,39 59:39.575,75 06:41.479,1725, ,1725, ,0, , , ,0, , , , , , , , , ,1,0,0,1,0,0,0,0,0,0,0,1,1,0,0,0,0,0,0,0,0,0,0,0,0,0,0,0,0,0,0,0,1,0,0,4,1,39.9943,-75.1115, , 
40354,453676,2014031737,6,67,67301,2014,3,5,1730,17,1,1,0,1,1, , ,N,0,0,0,3,0,0,4,2,N,N,39 57:41.338,75 10:57.235,1742, ,1730, ,0, ,N, ,0, , , , , , , , , ,2,2,0,0,0,0,0,0,0,0,0,0,0,0,0,0,0,0,0,0,0,1,0,0,0,0,0,0,0,0,0,0,0,0,0,0,0,39.9615,-75.1826, , 
40355,453699,2014065543,6,67,67301,2014,5,6,1545,15,1,1,0,4,1, , ,N,1,2,0,3,0,3,4,2,N,N,39 59:43.909,75 09:15.275,1739, ,1735, ,0, ,N, ,3, , , , , , , , , ,2,1,0,0,1,0,0,0,0,0,1,0,3,2,0,0,0,0,0,0,2,0,0,0,0,0,0,0,0,0,0,0,0,0,0,3,0,39.9955,-75.1541, , 
40356,453725,2014084271,6,67,67301,2014,7,2,1755,17,1,1,0,7,4, , ,N,0,0,0,3,0,1,2,1,N,N,40 07:38.989,75 00:24.656,1805, ,1800,9,2,6,N, ,0,Y, , , , , , , , ,1,0,0,0,0,0,1,0,0,0,0,1,1,0,0,0,0,0,1,0,0,0,0,0,0,0,0,0,0,0,0,0,0,0,0,4,0,40.1275,-75.0068, , 
40357,453728,2014087780,6,67,67301,2014,6,7,9999,99,1,1,0,5,6, , ,N,0,0,0,3,0,1,1,3,N, ,39 59:40.630,75 07:41.220,1030, ,942, ,0, , , ,0, , , , , , , , , ,3,2,0,0,0,0,1,0,0,0,0,0,1,1,0,0,0,0,0,0,0,0,0,0,0,0,0,0,0,0,0,0,0,0,0,8,0,39.9946,-75.1281, , 
40358,453729,2014088045,6,67,67301,2014,7,1,1543,15,1,1,0,7,4, , ,N,1,2,0,3,0,0,1,1,N, ,39 58:52.605,75 07:40.031,1605, ,1554,3,2,7, , ,3,Y, , , , , , , , ,1,1,0,0,0,0,0,0,0,0,0,0,0,0,0,0,0,0,0,0,0,0,0,0,0,0,0,0,0,0,0,0,0,0,0,0,0,39.9813,-75.1278, , 
40359,453739,2014095866,6,67,67301,2014,9,3,1320,13,1,1,0,4,1, , ,N,1,2,0,3,0,1,2,2,N,N,39 56:39.123,75 09:41.612,1330, ,1325, ,0, , , ,3, , , , , , , , , ,2,0,0,0,0,0,0,2,0,0,0,0,1,1,0,0,0,0,0,0,1,0,0,2,0,0,0,0,0,0,0,0,0,0,0,8,0,39.9442,-75.1616, , 
40360,453741,2014096404,6,67,67301,2014,9,2,1250,12,1,1,0,5,6, , ,N,0,0,0,3,0,1,1,5,N,N,39 59:47.929,75 09:47.635,1335, ,1330, ,0, ,N, ,0, , , , , , , , , ,5,4,0,0,0,0,1,0,0,0,0,0,1,1,0,0,0,0,0,0,0,0,0,0,0,0,0,0,0,0,0,0,0,0,0,8,0,39.9966,-75.1632, , 
40361,453756,2014065565,6,67,67301,2014,5,7,605,6,1,1,0,4,1, , ,N,1,2,0,3,0,2,2,4,N,N,40 02:30.933,75 07:26.313,613, ,608,3,2,7,N, ,3,N, , , , , , , , ,4,3,0,0,0,0,1,0,0,0,2,0,2,0,0,0,0,0,0,0,0,1,0,0,0,0,0,0,0,0,0,0,0,0,0,3,0,40.0419,-75.124, , 
40362,453799,2014068017,6,67,67301,2014,6,5,1230,12,1,1,0,4,1, , ,N,1,2,0,3,0,1,2,2,N,N,39 56:25.580,75 10:10.347,1435, ,1430, ,0, ,N, ,3, , , , , , , , , ,2,2,0,0,0,0,0,0,0,0,0,1,1,0,0,0,0,0,0,0,0,0,1,2,0,0,0,0,0,0,0,0,0,0,0,4,0,39.9404,-75.1695, , 
40363,453815,2014087985,6,67,67301,2014,7,6,1520,15,1,1,0,4,1, , ,N,1,2,0,3,0,4,4,3,N, ,40 00:46.505,75 08:30.245,1721, ,1721, ,0, , , ,3, , , , , , , , , ,3,2,0,0,0,0,1,0,0,0,0,0,4,4,0,0,0,0,0,0,0,0,0,0,0,0,0,0,0,0,0,0,0,0,0,8,0,40.0129,-75.1417, , 
40364,453817,2014088732,6,67,67301,2014,8,2,850,8,1,1,0,1,1, , ,N,0,0,0,3,0,1,1,5,N, ,39 55:01.520,75 09:11.674,853, ,851, ,0, , , ,0, , , , , , , , , ,5,3,0,0,0,0,1,1,0,0,0,0,1,1,0,0,0,0,0,0,0,0,0,0,0,0,0,0,0,0,0,0,0,0,0,8,0,39.9171,-75.1532, , 
40365,453818,2014089027,6,67,67301,2014,8,7,307,3,3,1,0,4,1, , ,N,1,2,0,3,0,1,3,2,N,N,39 57:02.479,75 09:01.362,310, ,308,2,2,2,N, ,3,Y, , , , , , , , ,2,1,0,0,0,0,1,0,0,0,0,0,1,1,0,0,0,0,0,0,0,0,0,0,0,0,0,0,0,0,0,0,0,0,0,8,0,39.9507,-75.1504, , 
40366,443360,2014075987,6,67,67301,2014,6,5,1530,15,1,2,1,5,6, , ,N,0,0,0,3,0,0,2,8,N, ,39 59:16.889,75 06:26.192,1825, ,1821, ,0, , , ,0, , , , , , , , , ,8,6,0,0,1,0,1,0,0,0,0,0,0,0,0,0,0,0,0,0,0,0,0,0,0,0,0,0,0,0,0,0,0,0,0,0,0,39.988,-75.1073, , 
40367,443361,2014075991,6,67,67301,2014,6,3,844,8,1,1,0,1,1, , ,N,1,2,0,3,0,1,2,2,Y,N,39 57:01.633,75 13:36.684,844, ,844, ,0, ,N, ,3, , , , , , , , , ,2,1,0,1,0,0,0,0,0,0,0,1,1,0,0,0,0,0,0,0,1,1,0,0,0,0,0,0,0,0,0,0,0,0,0,4,1,39.9505,-75.2269, , 
40368,443383,2014098710,6,67,67301,2014,9,1,515,5,3,1,0,7,2, , ,N,0,0,3,3,0,2,2,1,N,N,40 00:42.150,75 12:18.750,525, ,518, ,0, ,N, ,0, , , , , , , , , ,1,1,0,0,0,0,0,0,0,0,0,2,2,0,0,0,0,0,0,1,0,0,0,2,0,0,0,0,0,0,0,0,0,0,0,4,0,40.0117,-75.2052, , 
40369,443397,2014054625,6,67,67301,2014,4,1,2125,21,3,1,0,8,1, , ,N,0,0,0,3,0,1,2,2,N, ,40 01:54.310,75 05:00.683,2135, ,2130,3,2,1, , ,0,Y, , , , , , , , ,1,0,0,0,0,0,1,0,0,1,0,0,1,0,0,0,0,0,0,0,0,0,0,0,0,0,0,0,0,0,0,0,1,0,1,2,0,40.0318,-75.0835, , 
40370,443399,2014058990,6,67,67301,2014,5,3,1645,16,1,1,0,8,1, , ,N,2,0,0,3,0,1,2,2,N,N,39 55:17.104,75 09:36.363,1655, ,1651, ,0, ,N, ,0, , , , , , , , , ,1,1,0,0,0,0,0,0,0,0,0,1,1,0,0,0,0,0,0,0,0,0,0,0,0,0,0,0,0,0,0,0,1,0,0,4,0,39.9214,-75.1601, , 
40371,443400,2014059011,6,67,67301,2014,5,4,9999,99,1,1,0,6,1, , ,N,0,0,0,3,0,1,2,3,N,N,40 01:58.900,75 04:22.681,1614, ,1600,2,2,6, , ,0,Y, , , , , , , , ,3,2,0,0,0,0,0,1,0,0,1,0,1,0,0,0,0,0,0,0,1,0,0,0,0,0,0,0,0,0,0,0,0,0,0,3,0,40.033,-75.073, , 
40372,443430,2014091318,6,67,67301,2014,9,3,2332,23,3,2,1,7,4, , ,N,0,0,0,3,0,0,1,1,N, ,40 05:46.786,74 59:26.024,2334, ,2332, ,0, , , ,0, , , , , , , , , ,1,0,0,0,1,0,0,0,0,0,0,0,0,0,0,0,0,0,0,0,0,0,0,0,0,0,0,0,0,0,0,0,0,0,0,0,0,40.0963,-74.9906, , 
40373,443439,2014098141,6,46,46102,2014,10,3,1230,12,1,1,0,5,1, , ,N,0,0,0,3,0,1,2,2,N,N,40 03:51.591,75 08:28.265,1237, ,1230, ,0, ,N, ,0, , , , , , , , , ,2,1,0,0,1,0,0,0,0,0,0,1,1,0,0,0,0,0,0,0,1,0,0,0,0,0,0,0,0,0,0,0,0,0,0,4,0,40.0643,-75.1412, , 
40374,443440,2014098673,6,67,67301,2014,9,6,2100,21,3,1,0,8,1, , ,N,0,0,0,3,0,1,2,3,N, ,40 01:25.680,75 07:03.471,2100, ,2100, ,0, , , ,0, , , , , , , , , ,2,2,0,0,0,0,0,0,0,0,0,0,1,1,0,0,0,0,0,0,0,0,0,0,0,0,0,0,0,0,0,0,1,0,0,8,0,40.0238,-75.1176, , 
40375,443443,2014049449,6,67,67301,2014,4,1,1338,13,1,1,0,1,1, , ,N,0,0,0,3,0,1,5,2,N, ,39 57:17.003,75 11:54.258,1342, ,1338, ,0, , , ,0, , , , , , , , , ,2,2,0,0,0,0,0,0,0,1,0,0,1,0,0,0,0,0,0,0,0,0,0,1,0,0,0,0,0,0,0,0,0,0,0,2,0,39.9547,-75.1984, , 
40376,443449,2014056735,6,67,67301,2014,6,1,1011,10,1,1,0,7,2, , ,N,0,0,0,3,0,1,2,1,N,N,40 01:55.876,75 01:16.532,1020, ,1013, ,0, ,N, ,0, , , , , , , , , ,1,1,0,0,0,0,0,0,0,0,0,0,1,1,0,0,0,0,0,0,1,0,0,0,0,0,0,0,0,0,0,0,0,0,0,8,0,40.0322,-75.0213, , 
40377,443451,2014068207,6,67,67301,2014,2,6,2150,21,3,1,0,1,1, , ,N,1,0,0,3,0,3,6,3,N,N,40 00:52.185,75 07:52.121,9999, ,2258, ,0, ,N, ,0, , , , , , , , , ,3,2,0,0,0,0,0,1,0,0,0,0,3,3,0,0,0,0,0,0,0,0,0,0,0,0,0,0,0,0,0,0,0,0,0,8,0,40.0145,-75.1311, , 
40378,443514,2014039338,6,67,67301,2014,2,6,1337,13,1,2,1,2,1, , ,N,1,3,0,3,0,3,4,2,N,N,39 58:44.601,75 14:20.972,1340, ,1337,3,2,5,N, ,3,Y, , , , , , , , ,2,1,0,0,0,0,0,1,0,0,0,3,3,0,0,0,0,0,0,0,0,0,0,0,0,0,0,0,0,0,0,0,0,0,0,4,0,39.9791,-75.2392, , 
40379,443527,2014049492,6,67,67301,2014,4,4,200,2,3,1,0,5,6, , ,N,0,0,0,3,0,0,1,4,N,N,40 02:51.961,75 13:34.964,700, ,653, ,0, ,N, ,0, , , , , , , , , ,4,1,0,0,1,0,1,1,0,0,0,0,0,0,1,0,0,0,0,0,0,0,0,0,0,0,0,0,0,0,0,0,0,0,0,9,0,40.0478,-75.2264, , 
40380,443528,2014049587,6,67,67301,2014,3,3,2245,22,3,4,1,1,1, , ,N,0,0,0,3,0,1,1,2,N,N,40 02:16.646,75 01:12.007,2300, ,2250, ,0, , , ,0, , , , , , , , , ,2,0,0,0,0,1,1,0,0,0,0,0,1,1,0,0,0,0,0,0,0,0,0,0,0,0,0,0,0,0,0,0,0,0,0,8,1,40.038,-75.02, , 
40381,443534,2014059142,6,67,67301,2014,5,5,1800,18,1,1,0,8,1, , ,N,2,0,0,3,0,1,2,2,N, ,40 01:12.831,75 07:59.192,2250, ,2250, ,0, , , ,0, , , , , , , , , ,1,0,0,0,0,0,1,0,0,0,1,0,1,0,0,0,0,0,0,0,0,0,0,0,0,0,0,0,0,0,0,0,1,0,0,3,0,40.0202,-75.1331, , 
40382,443537,2014061085,6,67,67301,2014,5,6,501,5,3,1,0,5,6, , ,N,0,0,0,3,0,0,1,2,N,N,39 56:22.362,75 13:58.101,509, ,509, ,0, ,N, ,0, , , , , , , , , ,2,2,0,0,0,0,0,0,0,0,0,0,0,0,0,0,0,0,0,0,0,0,0,0,0,0,0,0,0,0,0,0,0,0,0,0,0,39.9395,-75.2328, , 
40383,443552,2014088091,6,67,67301,2014,8,1,2145,21,3,1,0,1,6, , ,N,0,0,0,3,0,0,1,3,N,N,40 00:32.838,75 06:01.264,2150, ,2145, ,0, ,N, ,0, , , , , , , , , ,3,2,0,0,0,0,0,1,0,0,0,0,0,0,0,0,0,0,0,0,0,0,0,0,0,0,0,0,0,0,0,0,0,0,0,0,0,40.0091,-75.1004, , 
40384,443561,2014104555,6,67,67301,2014,8,7,100,1,3,1,0,4,1, , ,N,1,3,0,3,0,1,4,3,N,N,39 57:20.664,75 14:38.849,101, ,100, ,0, ,N, ,3, , , , , , , , , ,3,2,0,0,0,0,1,0,0,0,0,0,1,1,0,0,0,0,0,0,1,0,0,2,0,0,0,0,0,0,0,0,0,0,0,8,0,39.9557,-75.2441, , 
40385,446397,2014088291,6,67,67301,2014,7,1,9999,99,3,1,0,5,6, , ,N,0,0,0,3,0,0,1,4,N, ,39 56:44.523,75 13:06.398,232, ,230, ,0, ,N, ,0, , , , , , , , , ,4,2,0,0,0,0,2,0,0,0,0,0,0,0,0,0,0,0,0,0,0,0,0,0,0,0,0,0,0,0,0,0,0,0,0,0,0,39.9457,-75.2184, , 
40386,446405,2014099173,6,67,67301,2014,9,7,609,6,3,1,0,5,6, , ,N,0,0,0,3,0,0,1,3,N,N,39 55:32.829,75 13:28.401,840, ,838, ,0, ,N, ,0, , , , , , , , , ,3,2,0,0,1,0,0,0,0,0,0,0,0,0,0,0,0,0,0,0,0,0,0,0,0,0,0,0,0,0,0,0,0,0,0,0,0,39.9258,-75.2246, , 
40387,446413,2014106764,6,67,67301,2014,10,3,630,6,1,1,0,4,1, , ,N,1,0,0,3,0,3,3,2,N, ,40 03:08.005,75 03:21.585,835, ,830, ,0, , , ,0, , , , , , , , , ,2,2,0,0,0,0,0,0,0,0,0,3,3,0,0,0,0,0,0,0,0,1,0,0,0,0,0,0,0,0,0,0,0,0,0,4,0,40.0522,-75.056, , 
40388,446423,2014115604,6,67,67301,2014,11,5,2225,22,3,1,1,8,1, , ,N,2,0,0,3,0,1,2,2,N,N,39 56:44.412,75 10:54.721,2236, ,2229, ,0, ,N, ,0, , , , , , , , , ,1,1,0,0,0,0,0,0,0,0,0,0,1,1,0,0,0,0,0,0,0,0,0,0,0,0,0,0,0,0,0,0,1,0,0,8,0,39.9457,-75.1819, , 
40389,446437,2014087923,6,67,67301,2014,7,4,1734,17,1,1,0,4,1, , ,N,0,0,7,3,0,0,4,2,N,N,40 02:43.759,75 01:35.713,1800, ,1749, ,0, ,N, ,0, , , , , , , , , ,2,2,0,0,0,0,0,0,0,0,0,0,0,0,2,0,0,0,0,0,0,0,0,0,0,0,0,0,0,0,0,0,0,0,0,9,0,40.0455,-75.0266, , 
40390,446438,2014089755,6,67,67301,2014,8,7,302,3,3,1,0,8,1, , ,N,1,3,0,3,0,1,2,2,N,N,39 55:59.736,75 09:38.595,308, ,305, ,0, ,N, ,3, , , , , , , , , ,1,1,0,0,0,0,0,0,0,0,0,1,1,0,0,0,0,0,0,0,1,0,0,0,0,0,0,0,0,0,0,0,1,0,0,4,0,39.9333,-75.1607, , 