objectid_1,objectid,crn,district,county,municipality,crash_year,crash_month,day_of_week,time_of_day,hour_of_day,illumination,weather,road_condition,collision_type,relation_to_road,work_zone_type,work_zone_loc,work_zone_ind,intersect_type,tcd_type,location_type,urban_rural,fatal_count,injury_count,person_count,total_units,sch_bus_ind,sch_zone_ind,latitude,longitude,arrival_tm,cons_zone_spd_lim,dispatch_tm,est_hrs_closed,lane_closed,ln_close_dir,ntfy_hiwy_maint,spec_juris_cd,tcd_func_cd,tfc_detour_ind,workers_pres,wz_close_detour,wz_flagger,wz_law_offcr_ind,wz_ln_closure,wz_moving,wz_other,wz_shlder_mdn,vehicle_count,automobile_count,motorcycle_count,bus_count,small_truck_count,heavy_truck_count,suv_count,van_count,bicycle_count,maj_inj_count,mod_inj_count,min_inj_count,tot_inj_count,unk_inj_deg_count,unk_inj_per_count,driver_count_16yr,driver_count_17yr,driver_count_18yr,driver_count_19yr,driver_count_20yr,driver_count_50_64yr,driver_count_65_74yr,driver_count_75plus,unbelted_occ_count,unb_death_count,unb_maj_inj_count,belted_death_count,belted_maj_inj_count,mcycle_death_count,mcycle_maj_inj_count,bicycle_death_count,bicycle_maj_inj_count,ped_count,ped_death_count,ped_maj_inj_count,max_severity_level,comm_veh_count,dec_lat,dec_long,rdwy_surf_type_cd,county_name
40729,453373,2014074483,6,67,67301,2014,6,7,2115,21,3,1,0,4,1, , ,N,1,3,0,3,0,1,6,2,N,N,40 00:28.461,75 09:34.883,2120, ,2120, ,0, ,N, ,3, , , , , , , , , ,2,1,0,0,0,0,1,0,0,0,0,0,1,1,0,0,0,0,0,0,0,0,0,0,0,0,0,0,0,0,0,0,0,0,0,8,0,40.0079,-75.1597, , 
40730,453386,2014067998,6,67,67301,2014,6,2,637,6,1,2,1,7,2, , ,N,0,0,8,3,0,1,1,1,N,N,39 53:34.040,75 13:27.031,641, ,638,1,1,2,N, ,0,N, , , , , , , , ,1,0,0,0,0,0,1,0,0,0,0,1,1,0,0,0,0,0,0,0,0,0,0,0,0,0,0,0,0,0,0,0,0,0,0,4,0,39.8928,-75.2242, , 
40731,453388,2014068653,6,67,67301,2014,6,5,1139,11,1,2,1,4,1, , ,N,1,0,0,3,0,2,3,2,N, ,39 55:22.375,75 10:04.364,1220, ,1214, ,0, , , ,0, , , , , , , , , ,2,1,0,0,0,0,1,0,0,0,0,2,2,0,0,0,0,0,0,0,1,0,0,0,0,0,0,0,0,0,0,0,0,0,0,4,0,39.9229,-75.1679, , 
40732,453410,2014091399,6,67,67301,2014,8,5,9999,99,3,1,0,4,1, , ,N,1,2,0,3,0,3,4,2,N, ,40 03:45.043,75 00:33.961,9999, ,2020, ,0, , , ,3, , , , , , , , , ,2,2,0,0,0,0,0,0,0,0,0,3,3,0,0,0,0,0,0,1,0,1,0,0,0,0,0,0,0,0,0,0,0,0,0,4,0,40.0625,-75.0094, , 
40733,453411,2014091424,6,67,67301,2014,9,6,2314,23,3,1,0,2,1, , ,N,0,0,0,3,0,1,3,2,N,N,40 02:07.335,75 06:17.208,2350, ,2348,3,1,5,N, ,0,Y, , , , , , , , ,2,1,0,0,0,0,0,1,0,0,0,0,1,1,2,0,0,0,0,0,1,0,0,0,0,0,0,0,0,0,0,0,0,0,0,8,0,40.0354,-75.1048, , 
40734,444154,2014098737,6,67,67301,2014,9,6,1500,15,1,1,0,8,1, , ,N,1,0,0,3,0,1,2,2,N,N,39 59:55.564,75 07:52.533,1705, ,1700, ,0, ,N, ,0, , , , , , , , , ,1,1,0,0,0,0,0,0,0,0,0,1,1,0,1,0,0,0,0,0,0,0,0,0,0,0,0,0,0,0,0,0,1,0,0,4,0,39.9988,-75.1313, , 
40735,444156,2014099271,6,67,67301,2014,9,5,1300,13,1,1,0,6,9, , ,N,0,2,0,3,0,2,4,5,N,N,40 00:04.741,75 09:02.643,1320, ,1311, ,0, ,N, ,3, , , , , , , , , ,5,4,0,0,0,0,0,0,0,0,0,2,2,0,2,0,0,0,0,0,0,0,0,0,0,0,0,0,0,0,0,0,0,0,0,4,0,40.0013,-75.1507, , 
40736,444161,2014104578,6,67,67301,2014,10,6,450,4,3,1,0,7,4, , ,N,0,0,0,3,0,1,1,2,N,N,40 01:25.144,75 08:02.000,510, ,458, ,0, ,N, ,0, , , , , , , , , ,1,0,0,0,0,0,0,1,0,0,0,1,1,0,0,0,0,0,0,0,0,0,0,0,0,0,0,0,0,0,0,0,0,0,0,4,0,40.0237,-75.1339, , 
40737,444177,2014021551,6,67,67301,2014,1,2,811,8,1,1,0,8,1, , ,N,0,0,0,3,0,1,2,2,N, ,39 55:38.251,75 14:03.055,815, ,815, ,0, , , ,0, , , , , , , , , ,1,0,0,0,1,0,0,0,0,0,0,1,1,0,0,0,0,0,0,0,1,0,0,0,0,0,0,0,0,0,0,0,1,0,0,4,0,39.9273,-75.2342, , 
40738,444194,2014049483,6,67,67301,2014,4,4,1612,16,1,1,0,8,1, , ,N,1,2,0,3,0,1,3,2,N,N,39 56:31.243,75 09:08.398,1632, ,1622, ,0, ,N, ,3, , , , , , , , , ,1,1,0,0,0,0,0,0,0,0,1,0,1,0,0,0,0,0,0,0,0,0,0,0,0,0,0,0,0,0,0,0,1,0,0,3,0,39.942,-75.1523, , 
40739,444195,2014049763,6,67,67301,2014,4,4,2006,20,3,2,1,1,1, , ,N,0,0,0,3,0,1,2,2,N,N,39 55:35.973,75 09:32.228,2015, ,2012, ,0, , , ,0, , , , , , , , , ,2,1,0,0,0,0,1,0,0,0,0,1,1,0,0,0,0,0,0,1,0,0,0,0,0,0,0,0,0,0,0,0,0,0,0,4,0,39.9267,-75.159, , 
40740,444196,2014049835,6,67,67301,2014,4,3,1517,15,1,1,0,4,1, , ,N,1,2,0,3,0,1,2,2,N,N,40 02:25.798,75 03:31.964,1529, ,1520,1,1,2,N, ,3,N, , , , , , , , ,2,1,0,0,0,0,1,0,0,0,0,1,1,0,0,0,0,0,0,0,0,0,0,0,0,0,0,0,0,0,0,0,0,0,0,4,0,40.0405,-75.0589, , 
40741,444207,2014059147,6,67,67301,2014,5,6,800,8,1,1,0,4,1, , ,N,1,3,0,3,0,1,3,3,N, ,39 59:21.562,75 14:08.332,821, ,811, ,0, , , ,3, , , , , , , , , ,3,2,0,0,0,0,1,0,0,0,0,1,1,0,0,0,0,0,0,0,0,0,0,0,0,0,0,0,0,0,0,0,0,0,0,4,0,39.9893,-75.2356, , 
40742,444229,2014057838,6,67,67301,2014,6,6,1741,17,1,1,0,1,1,1,4,Y,0,0,0,3,0,3,5,4,N,N,39 58:02.147,75 07:57.692,1810,50,1754, ,0, ,N, ,0, ,N,N,N,N,Y,N,N,Y,4,4,0,0,0,0,0,0,0,0,0,3,3,0,0,0,0,0,0,1,0,0,0,0,0,0,0,0,0,0,0,0,0,0,0,4,0,39.9673,-75.1327, , 
40743,444234,2014064837,6,67,67301,2014,6,3,410,4,3,1,0,7,2, , ,N,7,0,2,3,0,0,1,1,N,N,39 57:45.053,75 10:59.961,427, ,415,1,1,3,N, ,0,N, , , , , , , , ,1,0,0,0,0,0,0,1,0,0,0,0,0,0,0,0,0,0,0,0,0,0,0,0,0,0,0,0,0,0,0,0,0,0,0,0,0,39.9625,-75.1833, , 
40744,444254,2014087874,6,67,67301,2014,7,1,757,7,1,1,0,4,1, , ,N,1,2,0,3,0,0,2,2,N,N,40 06:46.747,75 01:23.201,801, ,759, ,0, ,N, ,3, , , , , , , , , ,2,1,0,0,0,0,1,0,0,0,0,0,0,0,0,0,0,0,0,0,1,0,0,0,0,0,0,0,0,0,0,0,0,0,0,0,0,40.113,-75.023, , 
40745,444257,2014091397,6,67,67301,2014,8,4,1813,18,1,1,0,4,1, , ,N,1,2,0,3,0,2,2,2,N,N,39 57:44.941,75 12:24.826,1819, ,1815,3,2,3,N, ,3,Y, , , , , , , , ,2,1,0,0,0,0,0,1,0,0,0,2,2,0,0,0,0,0,0,0,1,0,0,0,0,0,0,0,0,0,0,0,0,0,0,4,0,39.9625,-75.2067, , 
40746,444267,2014059196,6,67,67301,2014,6,3,840,8,1,1,0,1,1, , ,N,0,0,0,3,0,1,4,4,N,N,40 00:33.564,75 03:57.876,844, ,840,1,1,1,N, ,0,N, , , , , , , , ,4,2,0,0,0,0,2,0,0,0,0,1,1,0,0,0,0,0,0,0,1,0,0,0,0,0,0,0,0,0,0,0,0,0,0,4,0,40.0093,-75.0661, , 
40747,444268,2014059258,6,67,67301,2014,5,3,1535,15,1,1,0,4,1, , ,N,0,0,7,3,0,4,5,7,N, ,40 06:29.435,75 00:02.816,1559, ,1546, ,0, , , ,0, , , , , , , , , ,7,5,0,0,0,0,2,0,0,0,0,3,4,1,0,0,0,0,0,0,0,0,0,0,0,0,0,0,0,0,0,0,0,0,0,4,0,40.1082,-75.0008, , 
40748,444280,2014084451,6,67,67301,2014,7,5,2345,23,3,1,0,4,1, , ,N,2,2,0,3,0,2,3,2,N,N,40 00:34.641,75 03:50.429,2352, ,2347,2,2,2, , ,3,Y, , , , , , , , ,2,1,0,0,1,0,0,0,0,0,0,2,2,0,1,0,0,0,0,0,0,1,0,0,0,0,0,0,0,0,0,0,0,0,0,4,0,40.0096,-75.064, , 
40749,444284,2014087749,6,67,67301,2014,7,3,2105,21,3,1,0,1,1, , ,N,2,2,0,3,0,1,2,2,N, ,39 53:40.546,75 14:48.116,2137, ,2129, ,0, ,N, ,3, , , , , , , , , ,2,1,0,0,0,0,1,0,0,0,0,0,1,1,0,0,0,0,0,0,0,0,0,0,0,0,0,0,0,0,0,0,0,0,0,8,0,39.8944,-75.2466, , 
40750,444329,2014068688,6,67,67301,2014,5,6,9999,99,3,1,0,5,1, , ,N,0,0,0,3,0,1,4,2,N,N,40 00:57.718,75 10:33.428,1125, ,1120, ,0, ,N, ,0, , , , , , , , , ,2,1,0,0,0,0,1,0,0,0,0,1,1,0,0,0,0,0,0,0,1,0,0,0,0,0,0,0,0,0,0,0,0,0,0,4,0,40.016,-75.176, , 
40751,444353,2014098733,6,67,67301,2014,9,3,940,9,1,1,0,5,1, , ,N,0,0,0,3,0,2,2,2,N,N,39 56:17.653,75 09:11.736,945, ,944, ,0, ,N, ,0, , , , , , , , , ,2,1,0,0,0,0,1,0,0,0,0,2,2,0,0,0,0,0,0,0,0,1,0,0,0,0,0,0,0,0,0,0,0,0,0,4,0,39.9382,-75.1533, , 
40752,447359,2014025423,6,67,67301,2014,1,7,2246,22,3,1,0,4,1, , ,N,1,2,0,3,0,1,7,2,N,N,39 57:01.634,75 11:33.356,2249, ,2246,1,1,3, , ,3,Y, , , , , , , , ,2,2,0,0,0,0,0,0,0,0,0,1,1,0,0,0,0,0,0,0,0,0,0,4,0,0,0,0,0,0,0,0,0,0,0,4,0,39.9505,-75.1926, , 
40753,447368,2014034248,6,67,67301,2014,2,6,1037,10,1,1,0,1,1, , ,N,0,0,0,3,0,0,2,2,N, ,40 05:41.448,75 01:50.428,1047, ,1045,1,1,1, , ,0,N, , , , , , , , ,2,1,0,0,0,0,1,0,0,0,0,0,0,0,0,0,0,0,0,0,1,1,0,0,0,0,0,0,0,0,0,0,0,0,0,0,0,40.0948,-75.0307, , 
40754,447388,2014063469,6,67,67301,2014,5,1,254,2,3,1,0,7,2, , ,N,0,0,0,3,0,0,1,1,N,N,39 59:27.653,75 12:15.288,254, ,254,1,1,3,N, ,0,N, , , , , , , , ,1,0,0,0,0,0,1,0,0,0,0,0,0,0,0,0,0,0,0,0,0,0,0,0,0,0,0,0,0,0,0,0,0,0,0,0,0,39.991,-75.2042, , 
40755,447415,2014032652,6,67,67301,2014,3,3,2012,20,3,1,0,4,1, , ,N,6,0,2,3,0,1,2,2,N,N,39 56:55.117,75 11:09.395,2022, ,2018,2,2,4,N, ,0,N, , , , , , , , ,2,2,0,0,0,0,0,0,0,0,0,1,1,0,0,0,0,0,0,0,0,0,0,0,0,0,0,0,0,0,0,0,0,0,0,4,0,39.9486,-75.1859, , 
40756,447439,2014050265,6,67,67301,2014,4,6,1210,12,1,1,0,4,1, , ,N,2,2,0,3,0,0,3,2,N,N,40 03:14.353,75 07:35.903,1212, ,1210, ,0, ,N, ,3, , , , , , , , , ,2,1,0,0,0,0,0,1,0,0,0,0,0,0,0,0,0,0,0,0,0,1,0,0,0,0,0,0,0,0,0,0,0,0,0,0,0,40.054,-75.1266, , 
40757,447442,2014047989,6,67,67301,2014,5,6,1200,12,1,1,0,0,1, , ,N,7,0,2,3,0,0,1,1,N,N,39 57:03.131,75 08:27.851,1206, ,1206,2,2,1,N, ,0,N, , , , , , , , ,1,1,0,0,0,0,0,0,0,0,0,0,0,0,0,0,0,0,0,0,0,0,0,1,0,0,0,0,0,0,0,0,0,0,0,0,0,39.9509,-75.1411, , 
40758,447473,2014083068,6,67,67301,2014,6,6,1330,13,1,1,0,1,1, , ,N,0,0,0,3,0,1,6,2,N, ,39 55:16.679,75 11:32.032,1410, ,1409, ,0, , , ,0, , , , , , , , , ,2,0,0,0,1,0,0,1,0,0,0,1,1,0,0,0,0,0,0,0,2,0,0,0,0,0,0,0,0,0,0,0,0,0,0,4,0,39.9213,-75.1922, , 
40759,447477,2014091009,6,67,67301,2014,9,2,1034,10,1,1,0,5,1, , ,N,0,0,0,3,0,0,1,2,N,N,39 56:06.026,75 08:41.131,1050, ,1035, ,0, ,N, ,0, , , , , , , , , ,2,1,0,0,0,0,0,0,0,0,0,0,0,0,0,0,0,0,0,0,0,0,0,0,0,0,0,0,0,0,0,0,0,0,0,0,1,39.935,-75.1448, , 
40760,447478,2014091305,6,67,67301,2014,8,7,1813,18,1,1,0,4,1, , ,N,1,2,0,3,0,1,3,2,N,N,40 02:25.164,75 03:30.735,1824, ,1821, ,0, ,N, ,3, , , , , , , , , ,2,1,0,0,0,0,1,0,0,0,0,1,1,0,0,0,0,0,0,0,1,0,0,0,0,0,0,0,0,0,0,0,0,0,0,4,0,40.0403,-75.0585, , 
40761,447508,2014068050,6,67,67301,2014,5,3,1646,16,1,2,1,4,1, , ,N,1,2,0,3,0,1,2,3,N, ,40 04:19.804,75 10:29.042,1658, ,1646, ,0, , , ,3, , , , , , , , , ,3,2,0,0,0,0,0,1,0,0,1,0,1,0,1,0,0,0,0,0,0,0,0,0,0,0,0,0,0,0,0,0,0,0,0,3,0,40.0722,-75.1747, , 
40762,447512,2014072765,6,67,67301,2014,7,4,1235,12,1,1,0,1,1, , ,N,0,0,0,3,0,0,3,3,N,N,39 56:55.881,75 11:07.914,1240, ,1235, ,0, ,N, ,0, , , , , , , , , ,3,2,0,0,0,0,1,0,0,0,0,0,0,0,0,0,0,0,0,0,0,0,0,0,0,0,0,0,0,0,0,0,0,0,0,0,0,39.9489,-75.1855, , 
40763,447517,2014081461,6,67,67301,2014,6,2,1540,15,1,1,0,4,1, , ,N,1,2,0,3,0,0,2,2,N, ,40 03:23.018,75 01:08.607,1550, ,1545, ,0, , , ,3, , , , , , , , , ,2,1,0,0,0,0,1,0,0,0,0,0,0,0,0,0,0,0,0,0,0,0,0,0,0,0,0,0,0,0,0,0,0,0,0,0,0,40.0564,-75.0191, , 
40764,447522,2014084298,6,67,67301,2014,7,1,1338,13,1,1,0,4,1, , ,N,1,3,0,3,0,1,2,2,N,N,40 02:20.277,75 02:47.065,1358, ,1354,1,1,1,N, ,3,N, , , , , , , , ,2,2,0,0,0,0,0,0,0,0,0,1,1,0,0,0,0,1,0,0,1,0,0,0,0,0,0,0,0,0,0,0,0,0,0,4,0,40.039,-75.0464, , 
40765,447523,2014084312,6,67,67301,2014,6,2,1044,10,1,1,0,1,1, , ,N,0,0,0,3,0,1,3,2,N, ,40 02:43.560,75 13:51.070,1052, ,1046, ,0, , , ,0, , , , , , , , , ,2,1,0,0,0,0,0,1,0,0,0,1,1,0,0,0,0,0,0,0,1,0,1,0,0,0,0,0,0,0,0,0,0,0,0,4,0,40.0454,-75.2309, , 
40766,447526,2014088029,6,67,67301,2014,7,3,855,8,1,1,0,4,1, , ,N,1,3,0,3,0,0,2,2,N,N,39 58:08.407,75 08:29.983,925, ,920, ,0, , , ,3, , , , , , , , , ,2,2,0,0,0,0,0,0,0,0,0,0,0,0,0,0,0,0,0,0,0,0,0,0,0,0,0,0,0,0,0,0,0,0,0,0,0,39.969,-75.1417, , 
40767,447527,2014088055,6,67,67301,2014,8,4,1100,11,1,1,0,1,1, , ,N,2,2,0,3,0,1,4,4,N,N,40 06:01.721,75 01:46.861,1108, ,1104,9,1,1,N, ,3,Y, , , , , , , , ,4,4,0,0,0,0,0,0,0,0,0,0,1,1,0,0,0,0,0,0,2,0,2,0,0,0,0,0,0,0,0,0,0,0,0,8,0,40.1005,-75.0297, , 
40768,447534,2014093561,6,67,67301,2014,9,4,700,7,1,1,0,1,1, , ,N,0,0,0,3,0,0,3,3,N,N,40 00:28.692,75 05:41.024,835, ,825, ,0, ,N, ,0, , , , , , , , , ,3,1,0,0,0,0,2,0,0,0,0,0,0,0,0,0,0,0,0,0,2,0,0,0,0,0,0,0,0,0,0,0,0,0,0,0,0,40.008,-75.0947, , 
40769,447562,2014025538,6,67,67301,2014,1,4,9999,99,1,4,3,6,1, , ,N,1,3,0,3,0,1,3,2,N, ,40 01:58.591,75 03:07.513,1340, ,1334, ,0, , , ,3, , , , , , , , , ,2,2,0,0,0,0,0,0,0,0,0,0,1,1,0,0,0,0,0,0,0,0,0,0,0,0,0,0,0,0,0,0,0,0,0,8,0,40.0329,-75.0521, , 
40770,447563,2014025873,6,67,67301,2014,1,5,904,9,1,1,0,8,1, , ,N,0,0,0,3,0,1,2,2,N,N,39 57:41.038,75 09:22.329,906, ,905, ,0, ,N, ,0, , , , , , , , , ,1,0,0,0,0,0,1,0,0,0,0,0,1,1,0,0,0,0,0,0,0,0,0,0,0,0,0,0,0,0,0,0,1,0,0,8,0,39.9614,-75.1562, , 
40771,451082,2014093513,6,67,67301,2014,9,3,9999,99,1,1,0,5,6, , ,N,0,0,0,3,0,0,2,4,N,N,39 57:42.399,75 08:28.396,9999, ,9999, ,0, ,N, ,0, , , , , , , , , ,3,2,0,0,0,0,1,0,0,0,0,0,0,0,0,0,0,0,0,0,0,0,0,0,0,0,0,0,0,0,0,0,1,0,0,0,0,39.9618,-75.1412, , 
40772,451103,2014123030,6,67,67301,2014,12,1,30,0,3,2,1,1,6, , ,N,1,2,0,3,0,0,1,2,N,N,39 58:48.767,75 09:26.884,40, ,35, ,0, ,N, ,3, , , , , , , , , ,2,1,0,0,1,0,0,0,0,0,0,0,0,0,0,0,0,0,0,0,0,0,0,0,0,0,0,0,0,0,0,0,0,0,0,0,0,39.9802,-75.1575, , 
40773,451112,2014058985,6,67,67301,2014,5,2,807,8,1,1,0,4,1, , ,N,1,0,2,3,0,0,2,2,N,N,39 59:11.983,75 12:29.919,814, ,809, ,0, ,N, ,0, , , , , , , , , ,2,0,0,0,0,0,2,0,0,0,0,0,0,0,0,0,0,0,0,0,0,0,0,0,0,0,0,0,0,0,0,0,0,0,0,0,0,39.9867,-75.2083, , 
40774,451139,2014106741,6,67,67301,2014,10,3,1054,10,1,1,0,8,1, , ,N,1,2,0,3,0,1,2,2,N,N,40 02:39.450,75 03:14.767,1100, ,1055, ,0, ,N, ,3, , , , , , , , , ,1,0,0,0,0,1,0,0,0,0,0,1,1,0,0,0,0,0,0,0,0,0,0,0,0,0,0,0,0,0,0,0,1,0,0,4,1,40.0443,-75.0541, , 
40775,451144,2014109883,6,67,67301,2014,10,5,1952,19,3,1,0,4,1, , ,N,0,0,7,3,0,1,2,2,N,N,40 03:02.579,75 08:31.480,2015, ,2004, ,0, ,N, ,0, , , , , , , , , ,1,0,0,0,0,0,1,0,1,0,0,0,1,1,0,0,0,0,0,0,1,0,0,0,0,0,0,0,0,0,0,0,0,0,0,8,0,40.0507,-75.1421, , 
40776,451145,2014110399,6,67,67301,2014,9,6,1922,19,3,1,0,8,1, , ,N,1,2,0,3,1,1,3,3,N, ,39 56:17.059,75 10:06.455,1927, ,1924,3,2,3, ,0,3,Y, , , , , , , , ,1,0,0,1,0,0,0,0,0,0,0,0,1,1,1,0,0,0,0,0,1,0,0,0,0,0,0,0,0,0,0,0,2,1,0,1,1,39.9381,-75.1685,2, 
40777,451157,2014054652,6,67,67301,2014,5,6,1639,16,1,1,0,8,1, , ,N,0,0,0,3,0,1,2,2,N,N,39 59:40.746,75 10:07.108,1640, ,1639, ,0, ,N, ,0, , , , , , , , , ,1,0,0,0,0,0,1,0,0,0,1,0,1,0,1,0,0,0,0,0,0,0,0,0,0,0,0,0,0,0,0,0,1,0,0,3,0,39.9947,-75.1686, , 
40778,451177,2014049626,6,67,67301,2014,4,5,2114,21,3,2,1,4,1, , ,N,1,2,0,3,0,1,2,2,N,N,39 59:38.137,75 08:30.674,2126, ,2115, ,0, ,N, ,3, , , , , , , , , ,2,1,0,0,0,0,0,1,0,0,0,0,1,1,0,0,0,0,0,0,0,0,0,0,0,0,0,0,0,0,0,0,0,0,0,8,0,39.9939,-75.1419, , 
40779,451196,2014074531,6,67,67301,2014,6,3,2305,23,3,1,0,4,1, , ,N,2,0,0,3,0,2,2,2,N, ,40 04:00.327,75 03:50.667,2315, ,2315, ,0, , , ,0, , , , , , , , , ,2,0,0,0,1,0,1,0,0,0,0,0,2,2,0,0,0,0,0,0,1,0,0,0,0,0,0,0,0,0,0,0,0,0,0,8,0,40.0668,-75.0641, , 
40780,451228,2015003339,6,67,67301,2014,12,4,955,9,1,1,0,5,1, , ,N,0,0,0,3,0,1,2,2,N,N,39 58:36.294,75 07:24.098,955, ,950, ,0, ,N, ,0, , , , , , , , , ,2,1,1,0,0,0,0,0,0,0,0,0,1,1,0,0,0,0,0,0,0,0,0,0,0,0,0,0,0,0,0,0,0,0,0,8,0,39.9767,-75.1234, , 
40781,451247,2014074529,6,67,67301,2014,6,6,1608,16,1,1,0,4,1, , ,N,1,3,0,3,0,1,2,2,N,N,40 01:17.961,75 03:37.202,1655, ,1644, ,0, ,N, ,3, , , , , , , , , ,2,0,0,0,0,0,2,0,0,0,0,1,1,0,0,0,0,0,0,0,0,0,0,0,0,0,0,0,0,0,0,0,0,0,0,4,0,40.0217,-75.0603, , 
40782,451256,2014084230,6,67,67301,2014,6,4,809,8,1,1,0,5,1, , ,N,0,0,0,3,0,0,1,3,N,N,40 02:45.930,75 00:32.885,820, ,814, ,0, ,N, ,0, , , , , , , , , ,3,2,0,0,0,0,1,0,0,0,0,0,0,0,0,0,0,0,0,0,0,0,0,1,0,0,0,0,0,0,0,0,0,0,0,0,0,40.0461,-75.0091, , 
40783,451265,2014076007,6,67,67301,2014,6,5,1842,18,1,1,0,4,1, , ,N,1,3,0,3,0,1,2,2,N, ,40 03:25.236,75 09:22.197,1904, ,1904, ,0, ,N, ,3, , , , , , , , , ,2,2,0,0,0,0,0,0,0,0,0,1,1,0,0,0,0,0,0,0,1,0,0,0,0,0,0,0,0,0,0,0,0,0,0,4,0,40.057,-75.1562, , 
40784,451270,2014078850,6,67,67301,2014,6,1,209,2,3,1,0,2,1, , ,N,1,2,0,3,0,1,2,2,N, ,40 00:46.940,75 07:10.109,215, ,209, ,0, , , ,3, , , , , , , , , ,2,2,0,0,0,0,0,0,0,0,0,1,1,0,0,0,0,0,0,1,0,0,0,0,0,0,0,0,0,0,0,0,0,0,0,4,0,40.013,-75.1194, , 
40785,451271,2014078858,6,67,67301,2014,6,4,1530,15,1,1,0,8,1, , ,N,1,2,0,3,0,1,2,2,N,N,39 58:12.826,75 08:42.073,1555, ,1551, ,0, ,N, ,3, , , , , , , , , ,1,0,0,0,0,0,1,0,0,0,0,1,1,0,0,0,0,0,0,0,0,0,0,0,0,0,0,0,0,0,0,0,1,0,0,4,0,39.9702,-75.1451, , 
40786,451279,2014091381,6,67,67301,2014,8,3,805,8,1,1,0,4,1, , ,N,1,3,0,3,0,1,3,3,N, ,40 00:12.358,75 09:04.348,810, ,807, ,0, , , ,3, , , , , , , , , ,3,1,1,0,0,0,0,1,0,0,0,1,1,0,0,0,0,0,0,0,0,0,0,0,0,0,0,0,0,0,0,0,0,0,0,4,0,40.0034,-75.1512, , 
40787,451323,2014127495,6,67,67301,2014,12,3,140,1,3,1,0,7,4, , ,N,2,0,0,3,0,0,1,1,N,N,40 00:18.964,75 08:58.567,145, ,143,1,2,5,N, ,0,N, , , , , , , , ,1,0,0,0,0,0,1,0,0,0,0,0,0,0,1,0,0,0,0,0,0,0,0,0,0,0,0,0,0,0,0,0,0,0,0,9,0,40.0053,-75.1496, , 
40788,451330,2015031410,6,67,67301,2014,12,7,1630,16,1,1,0,1,1, , ,N,0,0,0,3,0,1,3,3,N,N,40 01:41.484,75 06:00.382,0, ,0, ,0, ,N, ,0, , , , , , , , , ,3,2,0,0,0,0,0,0,0,0,1,0,1,0,0,0,0,0,0,0,1,0,0,0,0,0,0,0,0,0,0,0,0,0,0,3,0,40.0282,-75.1001, , 
40789,452823,2014096861,6,67,67301,2014,9,5,1615,16,1,1,0,8,1, , ,N,1,2,0,3,0,1,4,2,N,N,40 01:59.691,75 02:15.936,1620, ,1617,1,1,3,N, ,3,Y, , , , , , , , ,1,0,0,0,0,0,1,0,0,0,0,1,1,0,0,0,0,0,0,0,1,0,0,0,0,0,0,0,0,0,0,0,1,0,0,4,0,40.0332,-75.0378, , 
40790,452836,2014111633,6,67,67301,2014,10,2,1838,18,3,1,0,1,1, , ,N,0,0,0,3,0,1,8,2,N,N,39 59:38.732,75 11:56.852,1841, ,1838, ,0, ,N, ,0, , , , , , , , , ,2,1,1,0,0,0,0,0,0,0,1,0,1,0,0,0,0,0,0,0,0,0,0,0,0,0,0,0,0,0,0,0,0,0,0,3,0,39.9941,-75.1991, , 
40791,452849,2015003292,6,67,67301,2014,12,6,1020,10,1,1,0,4,1, , ,N,0,0,7,3,0,1,2,2,N,N,40 05:06.026,75 02:11.866,1023, ,1020, ,0, , , ,0, , , , , , , , , ,2,1,0,0,0,0,0,1,0,0,0,0,1,1,0,0,0,0,0,0,0,0,0,0,0,0,0,0,0,0,0,0,0,0,0,8,0,40.085,-75.0366, , 
40792,452851,2014113352,6,67,67301,2014,10,7,30,0,3,1,0,8,1, , ,N,0,0,0,3,0,1,2,2,N, ,40 02:18.290,75 10:19.066,35, ,34, ,0, , , ,0, , , , , , , , , ,1,1,0,0,0,0,0,0,0,0,0,1,1,0,0,0,0,0,0,0,0,0,0,0,0,0,0,0,0,0,0,0,1,0,0,4,0,40.0384,-75.172, , 
40793,452852,2014115600,6,67,67301,2014,11,3,2056,20,3,1,0,4,1, , ,N,1,2,0,3,0,0,3,2,N,N,40 03:41.901,75 14:11.684,2100, ,2056, ,0, ,N, ,3, , , , , , , , , ,2,1,0,0,0,0,1,0,0,0,0,0,0,0,0,0,0,0,0,0,1,0,0,0,0,0,0,0,0,0,0,0,0,0,0,0,0,40.0616,-75.2366, , 
40794,452856,2014117809,6,67,67301,2014,11,6,1845,18,3,1,0,1,1, , ,N,0,0,0,3,0,0,2,2,N,N,39 58:37.828,75 11:57.057,1926, ,1904, ,0, ,N, ,0, , , , , , , , , ,2,2,0,0,0,0,0,0,0,0,0,0,0,0,0,0,0,0,0,0,0,0,0,0,0,0,0,0,0,0,0,0,0,0,0,0,0,39.9772,-75.1992, , 
40795,452899,2014066911,6,67,67301,2014,7,7,558,5,1,1,0,7,2, , ,N,7,0,2,3,0,2,2,1,N,N,39 53:09.576,75 12:40.033,610, ,605, ,0, ,N, ,0, , , , , , , , , ,1,1,0,0,0,0,0,0,0,0,0,0,2,2,0,0,0,0,0,0,0,0,0,0,0,0,0,0,0,0,0,0,0,0,0,8,0,39.886,-75.2111, , 