objectid_1,objectid,crn,district,county,municipality,crash_year,crash_month,day_of_week,time_of_day,hour_of_day,illumination,weather,road_condition,collision_type,relation_to_road,work_zone_type,work_zone_loc,work_zone_ind,intersect_type,tcd_type,location_type,urban_rural,fatal_count,injury_count,person_count,total_units,sch_bus_ind,sch_zone_ind,latitude,longitude,arrival_tm,cons_zone_spd_lim,dispatch_tm,est_hrs_closed,lane_closed,ln_close_dir,ntfy_hiwy_maint,spec_juris_cd,tcd_func_cd,tfc_detour_ind,workers_pres,wz_close_detour,wz_flagger,wz_law_offcr_ind,wz_ln_closure,wz_moving,wz_other,wz_shlder_mdn,vehicle_count,automobile_count,motorcycle_count,bus_count,small_truck_count,heavy_truck_count,suv_count,van_count,bicycle_count,maj_inj_count,mod_inj_count,min_inj_count,tot_inj_count,unk_inj_deg_count,unk_inj_per_count,driver_count_16yr,driver_count_17yr,driver_count_18yr,driver_count_19yr,driver_count_20yr,driver_count_50_64yr,driver_count_65_74yr,driver_count_75plus,unbelted_occ_count,unb_death_count,unb_maj_inj_count,belted_death_count,belted_maj_inj_count,mcycle_death_count,mcycle_maj_inj_count,bicycle_death_count,bicycle_maj_inj_count,ped_count,ped_death_count,ped_maj_inj_count,max_severity_level,comm_veh_count,dec_lat,dec_long,rdwy_surf_type_cd,county_name
40796,452911,2014078815,6,67,67301,2014,6,6,9999,99,1,1,0,4,1, , ,N,1,3,0,3,0,2,2,2,N,N,40 05:11.788,75 01:41.969,1526, ,1524,1,1,1, , ,3,N, , , , , , , , ,2,2,0,0,0,0,0,0,0,0,0,2,2,0,0,0,0,0,0,0,0,0,0,0,0,0,0,0,0,0,0,0,0,0,0,4,0,40.0866,-75.0283, , 
40797,452923,2014100999,6,67,67301,2014,9,6,1300,13,1,1,0,7,2, , ,N,0,0,0,3,0,1,1,1,N,N,39 58:52.393,75 12:24.639,1309, ,1303,2,1,3,N, ,0,N, , , , , , , , ,1,1,0,0,0,0,0,0,0,0,0,0,1,1,0,0,0,0,0,0,0,0,0,0,0,0,0,0,0,0,0,0,0,0,0,8,0,39.9812,-75.2068, , 
40798,452929,2014107330,6,67,67301,2014,10,3,852,8,1,1,0,1,1, , ,N,0,0,2,3,0,1,7,4,N,N,39 57:08.177,75 08:28.262,917, ,854, ,0, ,N, ,0, , , , , , , , , ,4,3,0,0,0,0,0,1,0,0,0,1,1,0,0,0,0,0,0,0,0,0,0,0,0,0,0,0,0,0,0,0,0,0,0,4,0,39.9523,-75.1412, , 
40799,452932,2014110394,6,67,67301,2014,10,5,102,1,3,2,1,4,1, , ,N,1,2,0,3,0,1,2,4,N, ,39 55:09.408,75 13:53.500,107, ,104,9,1,1, , ,3,N, , , , , , , , ,4,2,0,0,1,0,1,0,0,0,0,1,1,0,0,0,0,0,0,0,0,0,0,1,0,0,0,0,0,0,0,0,0,0,0,4,0,39.9193,-75.2315, , 
40800,452964,2014096831,6,67,67301,2014,9,7,1705,17,1,2,1,7,4, , ,N,0,0,0,3,0,0,1,1,N,N,39 58:49.181,75 11:51.136,1705, ,1705,1,1,2,N, ,0,N, , , , , , , , ,1,1,0,0,0,0,0,0,0,0,0,0,0,0,1,0,0,0,0,0,0,0,0,0,0,0,0,0,0,0,0,0,0,0,0,9,0,39.9803,-75.1975, , 
40801,452986,2014059348,6,67,67301,2014,4,3,1645,16,1,2,1,8,1, , ,N,1,2,0,3,0,1,2,2,N,N,39 54:54.566,75 14:25.230,1707, ,1657,2,2,7,N, ,3,Y, , , , , , , , ,1,1,0,0,0,0,0,0,0,0,0,1,1,0,0,0,0,0,0,0,0,0,0,0,0,0,0,0,0,0,0,0,1,0,0,4,0,39.9152,-75.2403, , 
40802,453005,2014027714,6,67,67301,2014,2,1,711,7,1,1,0,1,1, , ,N,1,2,0,3,0,2,3,2,N,N,40 01:41.728,75 06:35.304,713, ,713,1,1,2,N, ,3,N, , , , , , , , ,2,0,0,0,1,0,0,1,0,0,0,2,2,0,0,0,0,0,0,0,0,0,0,0,0,0,0,0,0,0,0,0,0,0,0,4,0,40.0283,-75.1098, , 
40803,453012,2014034249,6,67,67301,2014,3,4,545,5,5,1,1,5,6, , ,N,0,0,0,3,0,0,1,2,N,N,39 59:11.079,75 05:53.091,616, ,552,1,2,2,N, ,0,Y, , , , , , , , ,2,1,0,0,0,0,1,0,0,0,0,0,0,0,1,0,0,0,0,0,0,0,0,0,0,0,0,0,0,0,0,0,0,0,0,9,0,39.9864,-75.0981, , 
40804,453055,2014087299,6,67,67301,2014,8,3,2120,21,3,1,0,1,1, , ,N,0,0,0,3,0,2,3,3,N,N,39 56:59.779,75 12:11.331,2123, ,2121,1,2,6,N, ,0,Y, , , , , , , , ,3,2,0,0,0,0,1,0,0,0,0,2,2,0,0,0,0,0,0,0,0,0,0,0,0,0,0,0,0,0,0,0,0,0,0,4,0,39.9499,-75.2031, , 
40805,453077,2014110367,6,67,67301,2014,6,5,1405,14,1,1,0,4,1, , ,N,1,2,0,3,0,1,2,2,N, ,40 05:53.765,75 02:49.794,1520, ,1407, ,0, , , ,3, , , , , , , , , ,2,1,0,0,0,0,1,0,0,0,0,1,1,0,0,0,0,0,0,0,1,0,0,0,0,0,0,0,0,0,0,0,0,0,0,4,0,40.0984,-75.0471, , 
40806,453078,2014110389,6,67,67301,2014,10,1,226,2,3,1,0,5,1, , ,N,0,0,0,3,0,1,3,2,N,N,39 57:06.091,75 08:25.113,232, ,229,2,2,1,N, ,0,N, , , , , , , , ,2,2,0,0,0,0,0,0,0,0,0,1,1,0,0,0,0,0,1,0,0,0,0,0,0,0,0,0,0,0,0,0,0,0,0,4,0,39.9517,-75.1403, , 
40807,444433,2014086500,6,67,67301,2014,9,6,1535,15,1,1,0,4,1, , ,N,1,2,0,3,0,0,2,2,N,N,39 58:48.797,75 09:27.327,1545, ,1540,9,1,2,N, ,3,N, , , , , , , , ,2,0,0,0,1,0,1,0,0,0,0,0,0,0,0,0,0,0,0,0,0,0,0,0,0,0,0,0,0,0,0,0,0,0,0,0,0,39.9802,-75.1575, , 
40808,444439,2014095873,6,67,67301,2014,9,2,1120,11,1,1,0,7,4, , ,N,0,0,0,3,0,1,1,1,N,N,40 02:46.171,75 08:07.195,1124, ,1122,3,2,4,N, ,0,Y, , , , , , , , ,1,1,0,0,0,0,0,0,0,0,0,0,1,1,0,0,0,0,0,0,0,0,1,0,0,0,0,0,0,0,0,0,0,0,0,8,0,40.0462,-75.1353, , 
40809,444440,2014096086,6,67,67301,2014,9,7,314,3,3,1,0,4,1, , ,N,0,0,0,3,0,2,10,3,N,N,39 58:52.401,75 12:24.648,330, ,321, ,0, ,N, ,0, , , , , , , , , ,2,2,0,0,0,0,0,0,0,0,0,2,2,0,0,0,0,0,0,0,0,0,0,0,0,0,0,0,0,0,0,0,0,0,0,4,0,39.9812,-75.2068, , 
40810,444450,2014104623,6,67,67301,2014,10,6,9999,99,3,1,0,1,6, , ,N,0,0,0,3,0,1,1,2,N,N,39 57:59.835,75 08:59.017,904, ,900, ,0, ,N, ,0, , , , , , , , , ,2,1,0,0,1,0,0,0,0,0,0,1,1,0,0,0,0,0,0,0,1,0,0,1,0,0,0,0,0,0,0,0,0,0,0,4,0,39.9666,-75.1497, , 
40811,444464,2014068278,6,67,67301,2014,6,7,214,2,3,1,0,1,1, , ,N,0,0,3,3,0,0,3,3,N,N,39 53:27.570,75 11:58.402,221, ,215,1,1,1,N, ,0,N, , , , , , , , ,3,3,0,0,0,0,0,0,0,0,0,0,0,0,0,0,0,0,0,0,0,0,0,0,0,0,0,0,0,0,0,0,0,0,0,0,0,39.891,-75.1996, , 
40812,444491,2014095884,6,67,67301,2014,9,7,606,6,3,1,0,1,1, , ,N,1,2,0,3,0,0,4,2,N,N,40 03:33.742,75 02:40.195,651, ,651,2,1,2, , ,3,N, , , , , , , , ,2,2,0,0,0,0,0,0,0,0,0,0,0,0,0,0,0,0,1,0,0,0,0,0,0,0,0,0,0,0,0,0,0,0,0,0,0,40.0594,-75.0445, , 
40813,444492,2014096423,6,67,67301,2014,5,6,1837,18,1,1,0,4,1, , ,N,1,2,0,3,0,1,6,2,N,N,40 00:49.975,75 07:33.617,1843, ,1839, ,0, ,N, ,3, , , , , , , , , ,2,0,1,0,0,0,0,1,0,1,0,0,1,0,0,0,0,0,0,0,1,0,0,0,0,0,0,0,0,1,0,0,0,0,0,2,0,40.0139,-75.126, , 
40814,444509,2014067997,6,67,67301,2014,5,5,732,7,1,1,8,4,1, , ,N,2,2,0,3,0,1,3,2,N,N,39 58:28.920,75 11:58.250,830, ,828, ,0, ,N, ,3, , , , , , , , , ,2,1,0,0,0,0,0,0,0,0,0,0,1,1,0,0,0,0,0,0,0,0,0,0,0,0,0,0,0,0,0,0,0,0,0,8,0,39.9746,-75.1995, , 
40815,444513,2014020030,6,67,67301,2014,2,1,1807,18,3,4,3,2,1, , ,N,0,0,0,3,0,2,5,2,N,N,39 56:58.579,75 08:30.529,1810, ,1810,1,1,2,N, ,0,N, , , , , , , , ,2,1,0,0,0,0,1,0,0,0,0,0,2,2,0,0,0,0,1,0,0,0,0,0,0,0,0,0,0,0,0,0,0,0,0,8,0,39.9496,-75.1418, , 
40816,444519,2014025377,6,67,67301,2014,1,7,816,8,1,1,0,4,1, , ,N,1,2,0,3,0,2,3,2,N,N,40 01:16.607,75 09:36.814,822, ,817,1,1,6, , ,3,N, , , , , , , , ,2,2,0,0,0,0,0,0,0,0,1,1,2,0,0,0,0,0,0,0,1,0,0,0,0,0,0,0,0,0,0,0,0,0,0,3,0,40.0213,-75.1602, , 
40817,444557,2014068122,6,67,67301,2014,6,5,1858,18,1,2,1,1,1, , ,N,1,2,0,3,0,2,6,3,N, ,39 59:31.689,75 08:24.712,2011, ,2010, ,0, , , ,3, , , , , , , , , ,3,0,0,0,1,0,2,0,0,0,0,2,2,0,0,0,0,0,0,0,0,0,0,0,0,0,0,0,0,0,0,0,0,0,0,4,0,39.992,-75.1402, , 
40818,444566,2014088079,6,67,67301,2014,8,7,115,1,3,8,1,4,1, , ,N,1,2,0,3,0,1,2,2,N,N,39 57:16.308,75 08:58.375,123, ,121,1,2,2, , ,3,N, , , , , , , , ,2,1,0,1,0,0,0,0,0,0,0,1,1,0,0,0,0,0,1,0,0,0,0,0,0,0,0,0,0,0,0,0,0,0,0,4,1,39.9547,-75.1495, , 
40819,444570,2014088651,6,67,67301,2014,8,4,10,0,3,1,0,4,1, , ,N,1,2,0,3,0,1,2,2,N,N,40 01:57.103,75 11:23.195,1218, ,1213, ,0, ,Y, ,1, , , , , , , , , ,2,1,0,0,0,0,1,0,0,0,0,1,1,0,0,0,0,0,0,0,0,0,0,0,0,0,0,0,0,0,0,0,0,0,0,4,0,40.0325,-75.1898, , 
40820,444575,2014093565,6,67,67301,2014,9,6,1540,15,1,1,0,4,1, , ,N,1,2,2,3,0,0,2,2,N,N,39 57:25.688,75 09:03.847,1548, ,1547, ,0, ,N, ,3, , , , , , , , , ,2,1,0,0,1,0,0,0,0,0,0,0,0,0,0,0,0,0,0,0,0,0,0,0,0,0,0,0,0,0,0,0,0,0,0,0,0,39.9571,-75.1511, , 
40821,444586,2014105919,6,67,67301,2014,10,7,920,9,1,1,0,9,1, , ,N,0,0,0,3,0,1,2,2,N,N,40 00:19.493,75 11:48.207,928, ,925,2,1,3,N, ,0,N, , , , , , , , ,2,1,0,0,1,0,0,0,0,0,0,1,1,0,0,0,0,0,0,0,2,0,0,0,0,0,0,0,0,0,0,0,0,0,0,4,0,40.0054,-75.1967, , 
40822,444600,2014074878,6,67,67301,2014,6,6,1830,18,1,2,0,8,1, , ,N,5,2,0,3,0,1,2,2,N,N,40 01:47.791,75 09:11.771,1850, ,1839, ,0, ,N, ,3, , , , , , , , , ,1,1,0,0,0,0,0,0,0,0,0,1,1,0,0,0,0,0,0,0,0,1,0,0,0,0,0,0,0,0,0,0,1,0,0,4,0,40.0299,-75.1533, , 
40823,444619,2014078774,6,67,67301,2014,6,5,2329,23,3,1,0,1,1, , ,N,0,0,0,3,0,1,2,2,N,N,39 55:38.098,75 14:36.496,2344, ,2342,3,2,6,N, ,0,Y, , , , , , , , ,2,1,0,0,0,0,1,0,0,0,0,0,1,1,1,0,0,0,0,0,0,0,0,0,0,0,0,0,0,0,0,0,0,0,0,8,0,39.9272,-75.2435, , 
40824,444628,2014087815,6,67,67301,2014,7,6,1400,14,1,1,0,8,1, , ,N,1,2,0,3,0,1,2,2,N,N,39 57:21.002,75 10:28.581,1417, ,1414, ,0, ,N, ,3, , , , , , , , , ,1,0,0,0,0,0,0,1,0,0,0,1,1,0,0,0,0,0,0,0,0,0,1,0,0,0,0,0,0,0,0,0,1,0,0,4,0,39.9558,-75.1746, , 
40825,447565,2014029818,6,67,67301,2014,2,3,1600,16,1,1,6,8,1,8,8,Y,1,2,0,3,0,1,2,2,N,N,40 00:21.442,75 05:35.994,1806,99,1758, ,0, , , ,3, ,U,U,U,U,U,U,U,U,1,0,0,0,0,0,1,0,0,0,1,0,1,0,0,0,0,0,0,0,0,0,0,0,0,0,0,0,0,0,0,0,1,0,0,3,0,40.006,-75.0933, , 
40826,447582,2014059153,6,67,67301,2014,5,4,1550,15,1,1,0,1,1, , ,N,0,2,0,3,0,3,7,2,N,N,39 59:45.570,75 06:46.774,1615, ,1612,1,1,3,N, ,3,N, , , , , , , , ,2,0,0,0,0,0,0,2,0,0,0,3,3,0,0,0,0,0,0,0,1,0,0,0,0,0,0,0,0,0,0,0,0,0,0,4,0,39.996,-75.113, , 
40827,447617,2014088283,6,67,67301,2014,8,2,1624,16,1,1,0,4,1, , ,N,3,2,0,3,0,1,2,2,N, ,39 58:30.545,75 11:17.083,1657, ,1644, ,0, , , ,3, , , , , , , , , ,1,0,0,0,0,0,1,0,1,0,0,1,1,0,0,0,0,0,0,0,1,0,0,1,0,0,0,0,0,0,0,0,0,0,0,4,0,39.9752,-75.1882, , 
40828,447619,2014088723,6,67,67301,2014,8,1,2130,21,3,1,0,5,1, , ,N,0,0,0,3,0,0,1,4,N,N,39 57:35.208,75 12:22.892,2313, ,2311,1,1,1,N, ,0,N, , , , , , , , ,4,3,0,0,0,0,1,0,0,0,0,0,0,0,0,0,0,0,0,0,0,0,0,0,0,0,0,0,0,0,0,0,0,0,0,0,0,39.9598,-75.2064, , 
40829,447620,2014088840,6,67,67301,2014,8,6,0,0,3,1,1,1,1, , ,N,2,2,0,3,0,2,3,3,N,N,40 01:33.170,75 07:10.932,10, ,5, ,0, ,N, ,3, , , , , , , , , ,3,3,0,0,0,0,0,0,0,0,0,2,2,0,0,0,0,0,0,0,0,1,0,0,0,0,0,0,0,0,0,0,0,0,0,4,0,40.0259,-75.1197, , 
40830,447621,2014091332,6,67,67301,2014,9,3,637,6,1,1,0,1,1, , ,N,0,2,0,3,0,0,3,3,N,N,40 01:52.347,75 05:08.088,700, ,649,1,1,1,N, ,3,N, , , , , , , , ,3,2,0,0,0,0,1,0,0,0,0,0,0,0,0,0,0,0,0,1,0,0,0,0,0,0,0,0,0,0,0,0,0,0,0,0,0,40.0312,-75.0856, , 
40831,447624,2014098359,6,46,46102,2014,10,3,1741,17,1,1,0,4,1, , ,N,2,3,0,3,0,3,4,2,N,N,40 04:18.194,75 09:14.605,1742, ,1741, ,0, ,N, ,3, , , , , , , , , ,2,1,0,0,0,0,1,0,0,1,1,1,3,0,0,0,0,0,0,0,1,0,0,0,0,0,0,1,0,0,0,0,0,0,0,2,0,40.0717,-75.1541, , 
40832,447654,2014120301,6,67,67301,2014,11,7,1204,12,1,1,0,1,1, , ,N,1,2,0,3,0,0,3,2,N,N,39 57:16.538,75 12:23.154,1332, ,1332, ,0, ,N, ,3, , , , , , , , , ,2,1,0,0,0,0,1,0,0,0,0,0,0,0,0,0,0,0,0,0,0,1,0,0,0,0,0,0,0,0,0,0,0,0,0,0,0,39.9546,-75.2064, , 
40833,447655,2014120874,6,67,67301,2014,11,7,1825,18,3,1,0,4,1, , ,N,1,2,0,3,0,4,4,3,N, ,39 57:50.770,75 12:59.018,1845, ,1838, ,0, , , ,3, , , , , , , , , ,3,3,0,0,0,0,0,0,0,0,4,0,4,0,0,0,0,0,0,0,1,1,0,0,0,0,0,0,0,0,0,0,0,0,0,3,0,39.9641,-75.2164, , 
40834,447704,2014034261,6,67,67301,2014,2,6,2121,21,3,1,0,4,1, , ,N,5,2,2,3,0,4,8,2,N, ,39 57:27.736,75 09:44.915,2128, ,2125, ,0, , , ,3, , , , , , , , , ,2,1,0,0,0,0,1,0,0,0,4,0,4,0,0,0,0,0,1,0,0,0,0,0,0,0,0,0,0,0,0,0,0,0,0,3,0,39.9577,-75.1624, , 
40835,447754,2014084159,6,67,67301,2014,7,7,2200,22,3,1,0,4,1, , ,N,1,2,0,3,0,1,2,2,N, ,39 56:45.165,75 14:24.752,2210, ,2205, ,0, , , ,3, , , , , , , , , ,1,1,0,0,0,0,0,0,1,0,0,1,1,0,0,0,0,0,0,0,0,0,0,0,0,0,0,0,0,0,0,0,0,0,0,4,0,39.9459,-75.2403, , 
40836,447759,2014093245,6,67,67301,2014,9,2,2215,22,3,1,0,1,1, , ,N,6,0,0,3,0,0,3,2,N,N,39 56:44.167,75 11:25.033,2220, ,2217,1,1,3,N, ,0,N, , , , , , , , ,2,1,0,0,0,0,1,0,0,0,0,0,0,0,0,0,0,0,0,0,0,0,0,0,0,0,0,0,0,0,0,0,0,0,0,0,0,39.9456,-75.1903, , 
40837,447763,2014095848,6,67,67301,2014,9,5,9999,99,3,1,0,8,1, , ,N,1,2,0,3,0,1,2,2,N,N,40 02:06.731,75 08:43.670,2040, ,2039, ,0, ,N, ,3, , , , , , , , , ,1,1,0,0,0,0,0,0,0,0,0,0,1,1,0,0,0,0,0,0,0,0,0,0,0,0,0,0,0,0,0,0,1,0,0,8,0,40.0352,-75.1455, , 
40838,447772,2014104566,6,67,67301,2014,10,6,904,9,1,1,0,5,1, , ,N,5,2,0,3,0,1,2,2,N, ,40 03:30.268,75 08:57.263,909, ,908, ,0, , , ,3, , , , , , , , , ,2,1,0,0,0,0,1,0,0,0,0,0,1,1,1,0,0,0,0,0,1,0,0,0,0,0,0,0,0,0,0,0,0,0,0,8,0,40.0584,-75.1492, , 
40839,447777,2014113395,6,67,67301,2014,10,4,735,7,1,1,6,8,1, , ,N,1,2,0,3,0,1,2,2,N,N,40 02:25.699,75 02:50.737,803, ,757, ,0, ,N, ,3, , , , , , , , , ,1,0,0,0,0,0,0,1,0,0,0,0,1,1,0,0,0,0,0,0,0,0,0,1,0,0,0,0,0,0,0,0,1,0,0,8,0,40.0405,-75.0474, , 
40840,447778,2014064833,6,67,67301,2014,6,4,758,7,1,2,1,1,1, , ,N,0,0,0,3,0,1,2,2,N,N,39 59:51.434,75 11:46.462,808, ,800,2,2,3,N, ,0,N, , , , , , , , ,2,1,0,0,0,0,1,0,0,0,1,0,1,0,0,0,0,0,0,0,1,0,0,0,0,0,0,0,0,0,0,0,0,0,0,3,0,39.9976,-75.1962, , 
40841,447783,2014068183,6,67,67301,2014,6,3,850,8,1,2,1,4,1, , ,N,1,2,0,3,0,2,2,2,N, ,39 58:21.692,75 10:08.332,853, ,851, ,0, , , ,3, , , , , , , , , ,2,0,0,0,0,0,1,1,0,0,0,1,2,1,0,0,0,0,0,0,1,0,0,2,0,0,0,0,0,0,0,0,0,0,0,4,0,39.9727,-75.169, , 
40842,447798,2014078880,6,67,67301,2014,6,7,1930,19,1,1,0,4,1, , ,N,1,3,0,3,0,2,7,2,N,N,40 01:59.417,75 05:00.206,1935, ,1932,9,1,2,N, ,3,Y, , , , , , , , ,2,2,0,0,0,0,0,0,0,0,0,0,2,2,0,0,0,0,0,0,1,0,0,0,0,0,0,0,0,0,0,0,0,0,0,8,0,40.0332,-75.0834, , 
40843,451333,2015020646,6,67,67301,2014,6,3,230,2,3,1,0,4,1, , ,N,5,2,2,3,0,4,4,2,N,N,39 57:24.276,75 09:08.534,234, ,233,9,1,2,N, ,2,N, , , , , , , , ,2,1,0,0,1,0,0,0,0,1,0,2,4,1,0,0,0,0,0,0,1,0,0,0,0,0,0,0,0,0,0,0,0,0,0,2,0,39.9566,-75.1524, , 
40844,451352,2014130532,6,67,67301,2014,12,4,40,0,3,1,1,4,1, , ,N,1,2,0,3,0,2,2,3,N,N,39 57:32.239,75 13:44.330,40, ,40,9,2,1,N, ,3,Y, , , , , , , , ,3,2,0,0,0,0,1,0,0,0,1,0,2,1,0,0,0,0,0,0,0,0,0,0,0,0,0,0,0,0,0,0,0,0,0,3,0,39.959,-75.229, , 
40845,451371,2014078864,6,67,67301,2014,6,7,7,0,3,1,0,4,1, , ,N,2,3,0,3,0,0,1,2,N, ,40 01:11.710,75 09:20.636,2359, ,2357, ,0, , , ,3, , , , , , , , , ,2,1,0,0,0,0,1,0,0,0,0,0,0,0,0,0,0,0,0,0,0,0,0,0,0,0,0,0,0,0,0,0,0,0,0,0,0,40.0199,-75.1557, , 
40846,451375,2014088365,6,67,67301,2014,7,7,1907,19,1,1,0,8,1, , ,N,0,0,0,3,0,1,5,2,N,N,39 56:10.082,75 11:35.739,1915, ,1911, ,0, ,N, ,0, , , , , , , , , ,1,1,0,0,0,0,0,0,0,0,0,0,1,1,0,0,0,0,0,0,0,0,0,0,0,0,0,0,0,0,0,0,1,0,0,8,0,39.9361,-75.1933, , 
40847,451378,2014091321,6,67,67301,2014,9,2,58,0,3,2,1,4,1, , ,N,1,2,0,3,0,3,5,2,N,N,40 01:25.771,75 05:32.905,110, ,101, ,0, ,N, ,3, , , , , , , , , ,2,0,0,0,0,0,1,1,0,0,0,0,3,3,0,0,0,0,0,0,0,0,0,0,0,0,0,0,0,0,0,0,0,0,0,8,0,40.0238,-75.0925, , 
40848,451386,2014095399,6,67,67301,2014,9,2,755,7,1,1,0,6,1, , ,N,0,0,0,3,0,1,2,2,Y,N,39 58:24.307,75 15:25.811,840, ,805,3,2,6,N, ,0,N, , , , , , , , ,2,0,0,1,0,0,1,0,0,0,0,1,1,0,0,0,0,0,0,0,0,1,0,0,0,0,0,0,0,0,0,0,0,0,0,4,1,39.9734,-75.2572, , 
40849,451388,2014095888,6,67,67301,2014,9,4,1035,10,1,1,0,1,1, , ,N,0,0,0,3,0,2,2,2,N, ,40 03:45.210,75 02:34.289,1045, ,1037,1,1,2, , ,0,N, , , , , , , , ,2,2,0,0,0,0,0,0,0,0,0,0,2,2,0,0,0,0,0,0,0,0,1,0,0,0,0,0,0,0,0,0,0,0,0,8,0,40.0626,-75.0429, , 
40850,451398,2014058275,6,67,67301,2014,5,4,1230,12,1,2,1,7,2, , ,N,0,0,0,3,0,1,1,2,N,N,40 02:20.514,75 00:28.605,1240, ,1231,2,1,1,Y, ,0,N, , , , , , , , ,1,0,0,0,0,1,0,0,0,0,0,0,1,1,0,0,0,0,0,0,0,0,0,0,0,0,0,0,0,0,0,0,0,0,0,8,1,40.039,-75.0079, , 
40851,451410,2014084497,6,67,67301,2014,6,1,2145,21,3,1,0,6,1, , ,N,0,0,0,3,0,1,2,2,N,N,40 04:02.913,75 11:42.352,1130, ,9999, ,0, , , ,0, , , , , , , , , ,2,1,0,0,0,0,1,0,0,0,0,0,1,1,1,0,0,0,0,0,0,0,0,0,0,0,0,0,0,0,0,0,0,0,0,8,0,40.0675,-75.1951, , 
40852,451412,2014087887,6,67,67301,2014,7,1,2048,20,3,1,0,4,1, , ,N,1,2,0,3,0,1,2,2,N,N,40 02:13.851,75 07:25.305,2056, ,2050,1,1,5,N, ,3,Y, , , , , , , , ,2,1,1,0,0,0,0,0,0,0,1,0,1,0,0,0,0,0,0,0,1,0,0,0,0,0,0,0,0,0,0,0,0,0,0,3,0,40.0372,-75.1237, , 
40853,451413,2014088078,6,67,67301,2014,6,6,2100,21,1,1,0,4,1, , ,N,2,2,8,3,0,1,2,2,N,N,39 57:50.764,75 11:03.472,2125, ,2120, ,0, , , ,3, , , , , , , , , ,1,1,0,0,0,0,0,0,1,0,0,0,1,1,0,0,0,0,0,0,1,0,0,0,0,0,0,0,0,0,0,0,0,0,0,8,0,39.964,-75.1845, , 
40854,451414,2014088675,6,67,67301,2014,8,2,420,4,3,1,0,4,1, , ,N,1,2,0,3,0,2,3,3,N,N,40 00:14.730,75 10:20.123,424, ,422, ,0, ,N, ,3, , , , , , , , , ,3,2,0,0,0,0,1,0,0,0,0,2,2,0,0,0,0,0,0,0,0,0,0,1,0,0,0,0,0,0,0,0,0,0,0,4,0,40.0041,-75.1723, , 
40855,451420,2014095971,6,67,67301,2014,9,1,1255,12,1,1,0,4,1, , ,N,1,2,0,3,0,1,2,2,N,N,39 58:26.116,75 12:23.386,1317, ,1313, ,0, ,N, ,3, , , , , , , , , ,2,1,0,0,0,0,1,0,0,0,0,1,1,0,0,0,0,0,0,0,1,0,0,0,0,0,0,0,0,0,0,0,0,0,0,4,0,39.9738,-75.2064, , 
40856,451478,2014089054,6,67,67301,2014,8,7,1844,18,1,1,0,4,1, , ,N,5,2,0,3,0,1,3,2,N,N,40 02:26.242,75 10:11.315,1855, ,1846, ,0, ,N, ,3, , , , , , , , , ,1,1,0,0,0,0,0,0,1,0,0,0,1,1,0,0,0,0,0,0,0,0,0,0,0,0,0,0,0,0,0,0,0,0,0,8,0,40.0406,-75.1698, , 
40857,451499,2014050290,6,67,67301,2014,4,5,822,8,1,1,0,8,1, , ,N,1,2,0,3,0,1,3,3,N, ,39 57:30.009,75 09:07.358,833, ,831,2,2,4, , ,3,Y, , , , , , , , ,2,1,1,0,0,0,0,0,0,0,0,0,1,1,0,0,0,0,0,0,0,0,0,0,0,0,0,0,0,0,0,0,1,0,0,8,0,39.9583,-75.152, , 
40858,451500,2014054641,6,67,67301,2014,4,3,1545,15,1,2,1,8,1, , ,N,1,2,0,3,0,1,3,2,N,N,40 02:06.975,75 07:17.098,1549, ,1545, ,0, ,N, ,3, , , , , , , , , ,1,1,0,0,0,0,0,0,0,0,0,1,1,0,0,0,0,0,0,0,0,0,0,1,0,0,0,0,0,0,0,0,1,0,0,4,0,40.0353,-75.1214, , 
40859,451503,2014056687,6,67,67301,2014,4,6,1029,10,1,1,0,4,1, , ,N,1,2,0,3,0,1,2,2,N,N,39 55:16.534,75 11:37.854,1040, ,1031, ,0, ,N, ,3, , , , , , , , , ,2,1,0,0,0,1,0,0,0,0,0,1,1,0,0,0,0,0,0,0,1,0,0,0,0,0,0,0,0,0,0,0,0,0,0,4,1,39.9211,-75.1938, , 
40860,451508,2014061064,6,67,67301,2014,5,1,1630,16,1,1,0,8,1, , ,N,1,2,0,3,0,1,2,2,N, ,39 57:32.159,75 14:29.156,1639, ,1638, ,0, , , ,3, , , , , , , , , ,1,1,0,0,0,0,0,0,0,0,0,1,1,0,1,0,0,0,0,0,0,0,0,0,0,0,0,0,0,0,0,0,1,0,0,4,0,39.9589,-75.2414, , 
40861,454362,2014084239,6,67,67301,2014,7,5,1230,12,1,1,0,8,1, , ,N,1,2,0,3,0,1,2,2,N, ,39 59:30.115,75 11:08.190,1150, ,1146, ,0, , , ,3, , , , , , , , , ,1,1,0,0,0,0,0,0,0,0,0,1,1,0,0,0,0,0,0,0,0,0,0,0,0,0,0,0,0,0,0,0,1,0,0,4,0,39.9917,-75.1856, , 
40862,454368,2014089015,6,67,67301,2014,8,5,501,5,5,1,0,5,6, , ,N,0,0,0,3,0,0,1,5,N,N,39 57:42.321,75 10:30.014,540, ,534, ,0, ,N, ,0, , , , , , , , , ,5,5,0,0,0,0,0,0,0,0,0,0,0,0,0,0,0,0,0,0,0,0,0,0,0,0,0,0,0,0,0,0,0,0,0,0,0,39.9618,-75.175, , 