objectid_1,objectid,crn,district,county,municipality,crash_year,crash_month,day_of_week,time_of_day,hour_of_day,illumination,weather,road_condition,collision_type,relation_to_road,work_zone_type,work_zone_loc,work_zone_ind,intersect_type,tcd_type,location_type,urban_rural,fatal_count,injury_count,person_count,total_units,sch_bus_ind,sch_zone_ind,latitude,longitude,arrival_tm,cons_zone_spd_lim,dispatch_tm,est_hrs_closed,lane_closed,ln_close_dir,ntfy_hiwy_maint,spec_juris_cd,tcd_func_cd,tfc_detour_ind,workers_pres,wz_close_detour,wz_flagger,wz_law_offcr_ind,wz_ln_closure,wz_moving,wz_other,wz_shlder_mdn,vehicle_count,automobile_count,motorcycle_count,bus_count,small_truck_count,heavy_truck_count,suv_count,van_count,bicycle_count,maj_inj_count,mod_inj_count,min_inj_count,tot_inj_count,unk_inj_deg_count,unk_inj_per_count,driver_count_16yr,driver_count_17yr,driver_count_18yr,driver_count_19yr,driver_count_20yr,driver_count_50_64yr,driver_count_65_74yr,driver_count_75plus,unbelted_occ_count,unb_death_count,unb_maj_inj_count,belted_death_count,belted_maj_inj_count,mcycle_death_count,mcycle_maj_inj_count,bicycle_death_count,bicycle_maj_inj_count,ped_count,ped_death_count,ped_maj_inj_count,max_severity_level,comm_veh_count,dec_lat,dec_long,rdwy_surf_type_cd,county_name
40931,451600,2014078786,6,67,67301,2014,6,5,1859,18,1,1,0,8,1, , ,N,1,2,0,3,0,1,2,2,N,N,40 07:24.878,75 00:55.666,1859, ,1859,3,2,2,N, ,3,Y, , , , , , , , ,1,1,0,0,0,0,0,0,0,0,1,0,1,0,0,0,0,0,0,0,0,0,0,0,0,0,0,0,0,0,0,0,1,0,0,3,0,40.1235,-75.0154, , 
40932,451608,2014083895,6,67,67301,2014,8,2,2128,21,3,1,0,1,1,1,4,Y,0,0,0,3,0,0,2,2,N,N,39 58:07.936,75 07:41.056,2154,45,2140,2,2,2,N, ,0,N,Y,N,N,Y,Y,N,N,Y,2,2,0,0,0,0,0,0,0,0,0,0,0,0,1,0,0,0,0,0,0,0,0,0,0,0,0,0,0,0,0,0,0,0,0,9,0,39.9689,-75.1281, , 
40933,451609,2014084488,6,67,67301,2014,7,6,9999,99,1,1,0,4,1, , ,N,1,2,0,3,0,2,3,2,N,N,39 56:43.728,75 12:30.945,1645, ,1630, ,0, ,N, ,3, , , , , , , , , ,2,0,0,0,1,0,1,0,0,0,0,0,2,2,0,0,0,0,0,0,1,0,0,0,0,0,0,0,0,0,0,0,0,0,0,8,0,39.9455,-75.2086, , 
40934,453469,2014068686,6,67,67301,2014,6,3,755,7,1,2,1,5,1, , ,N,0,0,0,3,0,1,2,2,N,N,39 57:12.027,75 11:01.715,800, ,758, ,0, ,N, ,0, , , , , , , , , ,1,0,0,0,0,0,1,0,1,0,0,0,1,1,0,0,0,0,0,0,0,0,0,0,0,0,0,0,0,0,0,0,0,0,0,8,0,39.9533,-75.1838, , 
40935,453489,2014065600,6,67,67301,2014,5,1,1715,17,1,1,0,8,1, , ,N,0,0,0,3,0,1,2,2,N, ,40 00:25.261,75 09:12.643,1720, ,1718, ,0, , , ,0, , , , , , , , , ,1,1,0,0,0,0,0,0,0,0,0,0,1,1,0,0,0,0,0,0,0,0,0,0,0,0,0,0,0,0,0,0,1,0,0,8,0,40.007,-75.1535, , 
40936,453505,2014088623,6,67,67301,2014,7,3,830,8,1,1,0,8,1, , ,N,0,0,0,3,0,1,2,2,N,N,39 55:45.384,75 10:07.261,1320, ,1302, ,0, ,N, ,0, , , , , , , , , ,1,1,0,0,0,0,0,0,0,0,0,0,1,1,0,0,0,0,0,0,0,0,0,0,0,0,0,0,0,0,0,0,1,0,0,8,0,39.9293,-75.1687, , 
40937,453514,2014059054,6,67,67301,2014,5,6,1622,16,1,2,1,1,1, , ,N,0,0,0,3,0,4,4,2,N, ,39 56:16.313,75 13:51.857,1626, ,625,2,2,5, , ,0,Y, , , , , , , , ,2,0,0,0,0,0,2,0,0,0,4,0,4,0,0,0,0,0,0,0,1,0,0,0,0,0,0,0,0,0,0,0,0,0,0,3,0,39.9379,-75.2311, , 
40938,453515,2014059355,6,67,67301,2014,5,1,1128,11,1,1,0,4,1, , ,N,1,3,0,3,0,1,3,4,N,N,39 56:56.040,75 14:44.033,1135, ,1128, ,0, ,N, ,3, , , , , , , , , ,4,1,0,0,1,0,0,2,0,0,0,0,1,1,0,0,0,1,0,0,0,0,0,1,0,0,0,0,0,0,0,0,0,0,0,8,0,39.9489,-75.2456, , 
40939,453516,2014059356,6,67,67301,2014,5,5,1745,17,1,1,0,4,1, , ,N,2,2,0,3,0,1,2,2,N,N,40 02:13.022,75 08:42.708,1810, ,1800, ,0, ,N, ,3, , , , , , , , , ,2,1,0,0,0,0,1,0,0,0,0,1,1,0,0,0,0,0,0,0,2,0,0,0,0,0,0,0,0,0,0,0,0,0,0,4,0,40.0369,-75.1451, , 
40940,453527,2014120893,6,67,67301,2014,11,1,2154,21,3,1,0,7,4, , ,N,0,0,0,3,0,0,2,1,N, ,40 04:14.287,74 58:53.126,2156, ,2156,1,1,1, , ,0,Y, , , , , , , , ,1,1,0,0,0,0,0,0,0,0,0,0,0,0,0,0,0,0,0,0,0,0,0,0,0,0,0,0,0,0,0,0,0,0,0,0,0,40.0706,-74.9814, , 
40941,453528,2014120923,6,67,67301,2014,11,5,1852,18,3,2,1,4,1, , ,N,5,2,0,3,0,0,2,2,N,N,40 00:17.776,75 10:43.375,1940, ,1932, ,0, ,N, ,3, , , , , , , , , ,2,1,0,0,0,0,1,0,0,0,0,0,0,0,0,0,0,0,0,0,0,0,0,0,0,0,0,0,0,0,0,0,0,0,0,0,0,40.005,-75.1786, , 
40942,453535,2014127428,6,67,67301,2014,6,1,1008,10,1,1,0,6,1, , ,N,0,0,0,3,0,3,3,2,N, ,40 00:04.328,75 11:12.094,1047, ,1041, ,0, , , ,0, , , , , , , , , ,2,2,0,0,0,0,0,0,0,0,0,3,3,0,0,0,0,0,0,0,0,1,0,0,0,0,0,0,0,0,0,0,0,0,0,4,0,40.0012,-75.1867, , 
40943,453536,2014127536,6,67,67301,2014,12,6,1015,10,1,1,0,5,1, , ,N,0,0,0,3,0,2,4,2,N,N,39 55:27.241,75 10:10.707,1035, ,1030, ,0, ,N, ,0, , , , , , , , , ,2,1,0,0,0,0,1,0,0,0,0,0,2,2,0,0,0,0,0,0,0,0,0,0,0,0,0,0,0,0,0,0,0,0,0,8,0,39.9242,-75.1696, , 
40944,453540,2014129887,6,67,67301,2014,9,2,2216,22,3,1,0,4,1, , ,N,1,3,0,3,0,1,2,2,N,N,39 55:28.999,75 09:45.464,2230, ,2226, ,0, ,N, ,3, , , , , , , , , ,1,1,0,0,0,0,0,0,1,0,0,0,1,1,0,0,0,0,0,0,0,0,0,0,0,0,0,0,0,0,0,0,0,0,0,8,0,39.9247,-75.1626, , 
40945,453545,2015002669,6,67,67301,2014,12,2,1757,17,3,2,1,5,1, , ,N,0,0,0,3,0,1,2,2,N, ,39 56:54.490,75 12:24.465,2100, ,1804, ,0, , , ,0, , , , , , , , , ,1,0,0,0,1,0,0,0,1,0,1,0,1,0,0,0,0,0,0,0,0,0,0,0,0,0,0,0,0,0,0,0,0,0,0,3,0,39.9485,-75.2068, , 
40946,453549,2014050335,6,67,67301,2014,5,1,954,9,1,1,0,4,1, , ,N,1,2,0,3,0,1,2,2,N,N,39 59:31.996,75 14:44.598,954, ,954, ,0, ,N, ,3, , , , , , , , , ,1,1,0,0,0,0,0,0,1,0,0,0,1,1,0,0,0,0,0,1,0,0,0,0,0,0,0,0,0,0,0,0,0,0,0,8,0,39.9922,-75.2457, , 
40947,453573,2014025318,6,67,67301,2014,2,7,2355,23,3,7,0,1,1, , ,N,1,2,0,3,0,3,4,2,N,N,40 00:20.131,75 06:11.812,25, ,23, ,0, , , ,3, , , , , , , , , ,2,0,0,0,1,0,1,0,0,0,0,3,3,0,1,0,0,0,0,0,1,0,0,1,0,0,0,0,0,0,0,0,0,0,0,4,0,40.0056,-75.1033, , 
40948,453575,2014030293,6,67,67301,2014,2,3,1722,17,4,1,5,4,1, , ,N,1,1,0,3,0,1,2,2,N, ,39 56:23.042,75 13:31.760,1737, ,1727,2,1,4, , ,3,Y, , , , , , , , ,1,0,0,0,0,0,0,0,1,0,0,1,1,0,0,0,0,0,0,0,0,0,0,0,0,0,0,0,0,0,0,0,0,0,0,4,0,39.9397,-75.2255, , 
40949,453581,2014034150,6,67,67301,2014,2,5,1620,16,1,1,0,4,1, , ,N,1,3,0,3,0,0,3,2,N,N,39 57:54.223,75 11:35.797,1718, ,1712,2,1,1,N, ,3,N, , , , , , , , ,2,1,0,0,0,0,1,0,0,0,0,0,0,0,0,0,0,0,0,0,0,0,0,0,0,0,0,0,0,0,0,0,0,0,0,0,0,39.9651,-75.1933, , 
40950,453590,2014038910,6,67,67301,2014,3,1,2325,23,3,1,0,4,1, , ,N,1,2,0,3,0,1,2,2,N,N,40 02:11.152,75 07:49.835,2336, ,2331, ,0, ,N, ,3, , , , , , , , , ,1,1,0,0,0,0,0,0,1,0,0,1,1,0,0,0,0,0,0,0,0,0,0,0,0,0,0,0,0,0,0,0,0,0,0,4,0,40.0364,-75.1305, , 
40951,453591,2014038946,6,67,67301,2014,3,4,9999,99,1,1,0,4,1, , ,N,1,3,0,3,0,0,5,3,N,N,40 01:23.484,75 07:27.893,1313, ,1311, ,0, ,N, ,3, , , , , , , , , ,3,1,0,0,0,1,1,0,0,0,0,0,0,0,0,0,0,0,0,0,0,0,0,0,0,0,0,0,0,0,0,0,0,0,0,0,1,40.0232,-75.1244, , 
40952,444880,2014049583,6,67,67301,2014,4,3,800,8,1,2,1,8,1, , ,N,0,3,7,3,0,2,3,3,N, ,40 00:28.782,75 09:11.620,825, ,820, ,0, , , ,3, , , , , , , , , ,1,1,0,0,0,0,0,0,0,0,0,0,2,2,0,0,0,0,0,0,0,0,1,0,0,0,0,0,0,0,0,0,2,0,0,8,0,40.008,-75.1532, , 
40953,444886,2014059218,6,67,67301,2014,5,5,9999,99,1,1,0,4,1, , ,N,1,3,0,3,0,2,4,2,N,N,40 00:10.512,75 07:37.113,1623, ,1621, ,0, , , ,3, , , , , , , , , ,2,1,0,0,0,0,0,1,0,0,0,0,2,2,0,0,0,0,0,0,1,0,0,0,0,0,0,0,0,0,0,0,0,0,0,8,0,40.0029,-75.127, , 
40954,444909,2014070338,6,67,67301,2014,7,3,1710,17,1,2,1,1,1, , ,N,0,0,0,3,0,3,4,4,N,N,39 53:23.173,75 14:25.480,1740, ,1719, ,0, ,N, ,0, , , , , , , , , ,4,4,0,0,0,0,0,0,0,0,0,3,3,0,0,0,0,0,0,0,1,0,0,0,0,0,0,0,0,0,0,0,0,0,0,4,0,39.8898,-75.2404, , 
40955,444915,2014077069,6,67,67301,2014,7,5,1038,10,1,1,0,1,1, , ,N,0,0,0,3,0,0,4,2,N,N,39 59:03.402,75 05:46.590,1039, ,1039, ,0, ,N, ,0, , , , , , , , , ,2,2,0,0,0,0,0,0,0,0,0,0,0,0,0,0,0,0,0,0,0,0,0,0,0,0,0,0,0,0,0,0,0,0,0,0,0,39.9843,-75.0963, , 
40956,444923,2014084248,6,67,67301,2014,7,3,1130,11,1,1,0,1,1, , ,N,1,2,0,3,0,3,3,2,N,N,39 57:58.876,75 10:45.435,1135, ,1130,2,2,1,N, ,3,Y, , , , , , , , ,2,1,0,0,0,0,0,1,0,0,0,0,3,3,0,0,0,0,0,0,1,1,0,0,0,0,0,0,0,0,0,0,0,0,0,8,0,39.9663,-75.1793, , 
40957,444924,2014084304,6,67,67301,2014,7,6,1325,13,1,1,0,8,1, , ,N,1,2,0,3,0,1,2,2,N,N,40 01:44.844,75 05:23.694,1430, ,1415, ,0, ,N, ,3, , , , , , , , , ,1,1,0,0,0,0,0,0,0,0,0,0,1,1,0,0,0,0,0,0,0,0,0,0,0,0,0,0,0,0,0,0,1,0,0,8,0,40.0291,-75.0899, , 
40958,444926,2014088137,6,67,67301,2014,7,5,1112,11,1,1,0,7,4, , ,N,0,0,0,3,0,3,4,1,N, ,40 00:25.270,75 10:08.790,1115, ,1112, ,0, , , ,0, , , , , , , , , ,1,1,0,0,0,0,0,0,0,0,0,3,3,0,1,0,0,0,0,0,0,0,0,0,0,0,0,0,0,0,0,0,0,0,0,4,0,40.007,-75.1691, , 
40959,444927,2014089348,6,67,67301,2014,7,7,1538,15,1,1,0,4,1, , ,N,1,2,0,3,0,0,2,2,N, ,39 57:31.985,75 10:07.573,1545, ,1543,3,2,1, , ,3,Y, , , , , , , , ,2,1,0,0,0,0,1,0,0,0,0,0,0,0,0,0,0,0,0,0,1,0,0,0,0,0,0,0,0,0,0,0,0,0,0,0,0,39.9589,-75.1688, , 
40960,444930,2014095947,6,67,67301,2014,9,7,1250,12,1,1,0,4,1, , ,N,1,3,0,3,0,1,2,2,N, ,39 59:27.276,75 06:17.600,1305, ,1300, ,0, , , ,3, , , , , , , , , ,2,0,0,0,1,0,1,0,0,0,0,1,1,0,0,0,0,0,0,0,0,1,0,0,0,0,0,0,0,0,0,0,0,0,0,4,0,39.9909,-75.1049, , 
40961,444943,2014084411,6,67,67301,2014,7,5,2130,21,3,1,0,8,1, , ,N,0,0,0,3,0,1,2,2,N,N,40 00:29.883,75 12:40.293,2130, ,2130,2,1,1,N, ,0,N, , , , , , , , ,1,1,0,0,0,0,0,0,0,0,0,1,1,0,0,0,0,0,0,0,0,0,0,0,0,0,0,0,0,0,0,0,1,0,0,4,0,40.0083,-75.2112, , 
40962,444971,2014088368,6,67,67301,2014,7,5,1500,15,1,1,0,4,1, , ,N,1,3,0,3,0,2,3,2,N,N,39 57:31.482,75 08:43.587,1510, ,1500, ,0, ,N, ,3, , , , , , , , , ,2,1,0,0,0,0,1,0,0,0,0,0,2,2,0,0,0,0,0,1,0,0,0,0,0,0,0,0,0,0,0,0,0,0,0,8,0,39.9587,-75.1454, , 
40963,444987,2014068115,6,67,67301,2014,5,3,9999,99,3,9,1,5,1, , ,N,0,0,6,3,0,1,3,2,N,N,40 01:37.965,75 06:49.499,2130, ,2128,1,1,2,N, ,0,N, , , , , , , , ,2,2,0,0,0,0,0,0,0,0,0,1,1,0,0,0,0,0,0,0,0,0,0,0,0,0,0,0,0,0,0,0,0,0,0,4,0,40.0272,-75.1137, , 
40964,444995,2014025424,6,67,67301,2014,1,6,250,2,3,1,0,2,1, , ,N,0,0,0,3,0,3,5,2,N,N,39 59:05.789,75 06:47.441,256, ,252,3,2,5,N, ,0,Y, , , , , , , , ,2,1,0,0,0,0,1,0,0,0,0,0,3,3,0,0,0,0,0,0,0,0,0,0,0,0,0,0,0,0,0,0,0,0,0,8,0,39.9849,-75.1132, , 
40965,445017,2014038937,6,67,67301,2014,2,1,136,1,3,1,0,1,1, , ,N,1,2,0,3,0,1,2,2,N, ,40 04:35.200,75 01:57.222,143, ,138, ,0, , , ,3, , , , , , , , , ,2,1,0,0,0,0,1,0,0,0,0,1,1,0,0,0,0,0,0,0,0,0,0,0,0,0,0,0,0,0,0,0,0,0,0,4,0,40.0765,-75.0327, , 
40966,445024,2014049758,6,67,67301,2014,4,1,256,2,3,1,0,5,6, , ,N,0,0,0,3,0,0,1,3,N,N,39 57:45.980,75 12:12.170,258, ,258, ,0, ,N, ,0, , , , , , , , , ,3,2,0,0,0,0,1,0,0,0,0,0,0,0,0,0,0,0,0,0,0,0,0,0,0,0,0,0,0,0,0,0,0,0,0,0,0,39.9628,-75.2034, , 
40967,445040,2014054609,6,67,67301,2014,3,3,1747,17,4,1,0,4,1, , ,N,2,3,0,3,0,0,2,2,N, ,39 56:06.029,75 14:06.873,1752, ,1748,2,2,6, , ,3,Y, , , , , , , , ,2,1,0,0,0,0,1,0,0,0,0,0,0,0,0,0,0,0,0,0,0,0,0,0,0,0,0,0,0,0,0,0,0,0,0,0,0,39.935,-75.2352, , 
40968,445044,2014025342,6,67,67301,2014,1,4,2140,21,3,1,0,4,1, , ,N,1,3,0,3,0,1,4,3,N,N,39 58:08.778,75 14:51.154,2140, ,2140,1,1,5,N, ,3,N, , , , , , , , ,3,2,0,0,0,0,1,0,0,0,0,1,1,0,1,0,0,0,0,0,0,0,0,0,0,0,0,0,0,0,0,0,0,0,0,4,0,39.9691,-75.2475, , 
40969,445058,2014038981,6,67,67301,2014,3,6,1530,15,1,1,0,4,1, , ,N,1,3,0,3,0,0,2,2,N,N,39 58:21.403,75 09:39.365,1618, ,1618,2,1,3,N, ,3,Y, , , , , , , , ,2,1,0,0,0,0,1,0,0,0,0,0,0,0,0,0,0,0,0,0,0,0,1,0,0,0,0,0,0,0,0,0,0,0,0,0,0,39.9726,-75.1609, , 
40970,448047,2014088880,6,67,67301,2014,8,1,1230,12,1,1,0,8,1, , ,N,1,2,0,3,0,1,2,2,N, ,39 55:35.378,75 13:59.188,1920, ,1904, ,0, , , ,3, , , , , , , , , ,1,1,0,0,0,0,0,0,0,0,1,0,1,0,0,0,0,0,0,0,0,0,0,0,0,0,0,0,0,0,0,0,1,0,0,3,0,39.9265,-75.2331, , 
40971,448065,2014114320,6,67,67301,2014,8,6,2340,23,6,1,0,1,1, , ,N,1,2,0,3,0,2,3,2,N,N,39 57:13.818,75 10:30.304,0, ,0, ,0, ,N, ,3, , , , , , , , , ,2,1,0,0,0,0,0,0,0,0,1,0,2,1,1,0,0,0,0,0,0,0,0,0,0,0,0,0,0,0,0,0,0,0,0,3,0,39.9538,-75.1751, , 
40972,448072,2014016941,6,67,67301,2014,1,4,1945,19,3,1,0,5,1, , ,N,0,0,0,3,0,0,2,5,N,N,39 55:00.717,75 09:03.167,1955, ,1956, ,0, ,N, ,0, , , , , , , , , ,5,3,0,0,0,0,0,2,0,0,0,0,0,0,0,0,0,0,0,0,0,0,0,0,0,0,0,0,0,0,0,0,0,0,0,0,0,39.9169,-75.1509, , 
40973,448123,2014059312,6,67,67301,2014,5,3,1910,19,1,1,1,8,1, , ,N,0,0,0,3,0,1,2,2,N, ,39 56:34.529,75 13:05.939,1915, ,1412,2,2,3, , ,0,Y, , , , , , , , ,1,0,0,0,0,0,1,0,0,0,1,0,1,0,0,0,0,0,0,1,0,0,0,0,0,0,0,0,0,0,0,0,1,0,0,3,0,39.9429,-75.2183, , 
40974,448124,2014016158,6,67,67301,2014,1,2,2247,22,3,1,0,4,1, , ,N,1,3,0,3,0,0,1,2,N,N,40 04:19.077,75 10:59.764,2251, ,2249, ,0, ,N, ,3, , , , , , , , , ,2,1,0,0,0,0,0,1,0,0,0,0,0,0,0,0,0,0,0,0,0,0,0,1,0,0,0,0,0,0,0,0,0,0,0,0,0,40.072,-75.1833, , 
40975,448136,2014035828,6,67,67301,2014,3,7,1402,14,1,2,1,1,1, , ,N,0,0,0,3,0,0,3,2,N,N,39 59:58.648,75 04:48.389,1435, ,1415, ,0, ,N, ,0, , , , , , , , , ,2,2,0,0,0,0,0,0,0,0,0,0,0,0,0,0,0,0,0,0,0,0,1,0,0,0,0,0,0,0,0,0,0,0,0,0,0,39.9996,-75.0801, , 
40976,448143,2014039050,6,67,67301,2014,3,3,1630,16,1,1,0,1,1, , ,N,0,2,0,3,0,1,2,2,N,N,40 00:49.299,75 09:31.307,9999, ,630, ,0, ,N, ,3, , , , , , , , , ,2,0,1,0,0,0,0,1,0,0,0,1,1,0,0,0,0,0,0,0,0,0,0,0,0,0,0,0,0,0,0,0,0,0,0,4,0,40.0137,-75.1587, , 
40977,448144,2014039052,6,67,67301,2014,3,3,300,3,3,1,0,7,4, , ,N,1,2,0,3,0,1,2,1,N,N,39 55:05.149,75 13:48.442,305, ,304, ,0, ,N, ,3, , , , , , , , , ,1,0,0,0,0,0,0,1,0,0,0,0,1,1,0,0,0,0,0,0,0,0,0,0,0,0,0,0,0,0,0,0,0,0,0,8,0,39.9181,-75.2301, , 
40978,448159,2014049733,6,67,67301,2014,4,5,2340,23,3,2,1,7,4, , ,N,6,4,2,3,0,1,1,1,N,N,40 01:11.152,75 08:36.668,2350, ,2345,1,2,2,N, ,3,Y, , , , , , , , ,1,0,0,0,0,0,1,0,0,0,0,1,1,0,0,0,0,0,0,0,1,0,0,0,0,0,0,0,0,0,0,0,0,0,0,4,0,40.0198,-75.1435, , 
40979,448198,2014088042,6,67,67301,2014,7,6,1718,17,1,1,0,8,1, , ,N,0,0,0,3,0,1,5,2,N,N,40 02:06.604,75 01:37.945,1732, ,1728, ,0, ,N, ,0, , , , , , , , , ,1,1,0,0,0,0,0,0,0,0,1,0,1,0,0,0,0,1,0,0,0,0,0,1,0,0,0,0,0,0,0,0,1,0,0,3,0,40.0352,-75.0272, , 
40980,448206,2014095951,6,67,67301,2014,9,4,714,7,1,1,0,4,1, , ,N,1,2,0,3,0,1,2,2,N,N,39 58:30.781,75 11:41.713,723, ,719, ,0, ,N, ,3, , , , , , , , , ,2,1,0,0,0,1,0,0,0,0,0,1,1,0,0,0,0,0,0,0,1,0,0,0,0,0,0,0,0,0,0,0,0,0,0,4,1,39.9751,-75.195, , 
40981,448222,2014103207,6,67,67301,2014,10,5,2026,20,3,1,0,1,1, , ,N,0,0,0,3,0,1,2,2,N,N,39 57:50.381,75 11:03.738,2039, ,2028,1,1,3,N, ,0,N, , , , , , , , ,2,1,0,0,0,0,1,0,0,0,0,0,1,1,0,0,0,0,0,0,0,0,0,0,0,0,0,0,0,0,0,0,0,0,0,8,0,39.964,-75.1844, , 
40982,448225,2014107146,6,67,67301,2014,10,7,1736,17,1,1,0,4,1, , ,N,2,3,0,3,0,1,3,2,N,N,39 59:51.445,75 14:03.163,1740, ,1737, ,0, ,N, ,3, , , , , , , , , ,2,1,0,0,0,0,1,0,0,0,0,1,1,0,0,0,0,0,0,0,0,1,0,0,0,0,0,0,0,0,0,0,0,0,0,4,0,39.9976,-75.2341, , 
40983,448241,2014121424,6,67,67301,2014,11,7,19,0,3,1,0,4,1, , ,N,0,0,7,3,0,1,5,3,N, ,40 02:04.817,75 03:49.839,1229, ,1227, ,0, , , ,0, , , , , , , , , ,3,3,0,0,0,0,0,0,0,0,0,0,1,1,1,0,0,0,0,0,0,0,0,0,0,0,0,0,0,0,0,0,0,0,0,8,0,40.0347,-75.0638, , 
40984,448255,2014068052,6,67,67301,2014,6,6,747,7,1,2,1,1,1, , ,N,0,0,0,3,0,2,5,3,N,N,40 01:16.907,75 08:24.462,843, ,842, ,0, ,Y, ,0, , , , , , , , , ,3,2,0,0,0,0,0,1,0,0,0,1,2,1,0,0,0,0,0,0,0,0,0,0,0,0,0,0,0,0,0,0,0,0,0,4,0,40.0214,-75.1401, , 
40985,448276,2014088312,6,67,67301,2014,7,2,9999,99,1,1,0,7,4, , ,N,0,0,0,3,0,0,2,1,N, ,40 02:25.584,75 10:43.536,9999, ,9999, ,0, , , ,0, , , , , , , , , ,1,1,0,0,0,0,0,0,0,0,0,0,0,0,0,0,0,0,0,0,1,0,0,0,0,0,0,0,0,0,0,0,0,0,0,0,0,40.0404,-75.1788, , 
40986,448278,2014088971,6,67,67301,2014,8,7,1745,17,1,1,0,2,1, , ,N,0,0,7,3,0,2,3,2,N,N,39 54:29.032,75 09:18.684,1800, ,1751, ,0, ,N, ,0, , , , , , , , , ,2,0,0,0,1,0,1,0,0,0,0,2,2,0,1,0,0,0,0,0,0,0,0,0,0,0,0,0,0,0,0,0,0,0,0,4,0,39.9081,-75.1552, , 
40987,448314,2014074508,6,67,67301,2014,6,6,1800,18,1,1,0,2,1, , ,N,1,2,0,3,0,2,2,2,N,N,40 01:41.801,75 07:12.241,1650, ,1650, ,0, ,N, ,3, , , , , , , , , ,2,2,0,0,0,0,0,0,0,0,1,0,2,1,0,0,0,0,0,0,0,0,0,0,0,0,0,0,0,0,0,0,0,0,0,3,0,40.0283,-75.1201, , 
40988,451611,2014089058,6,67,67301,2014,8,7,2100,21,3,2,1,2,1, , ,N,0,0,0,3,0,2,5,2,N,N,40 03:51.447,75 12:04.237,2115, ,2110,2,1,6,N, ,0,Y, , , , , , , , ,2,1,0,0,0,0,1,0,0,0,0,0,2,2,0,0,1,0,0,0,1,0,0,0,0,0,0,0,0,0,0,0,0,0,0,8,0,40.0643,-75.2012, , 
40989,451619,2014096837,6,67,67301,2014,9,7,130,1,3,1,0,4,1, , ,N,1,3,0,3,0,1,3,2,N, ,40 01:18.739,75 09:06.472,200, ,147, ,0, , , ,3, , , , , , , , , ,2,0,0,0,0,0,1,0,0,0,0,1,1,0,0,0,0,0,0,0,0,0,0,0,0,0,0,0,0,0,0,0,0,0,0,4,0,40.0219,-75.1518, , 
40990,451624,2014099249,6,67,67301,2014,9,7,830,8,1,1,0,8,1, , ,N,0,0,0,3,0,1,2,2,N,N,39 56:53.055,75 09:48.907,904, ,900, ,0, ,N, ,0, , , , , , , , , ,1,1,0,0,0,0,0,0,0,0,0,1,1,0,0,0,0,0,0,0,0,0,0,0,0,0,0,0,0,0,0,0,1,0,0,4,0,39.9481,-75.1636, , 
40991,451631,2014106345,6,67,67301,2014,10,5,340,3,3,1,0,1,1, , ,N,0,0,3,3,0,2,2,2,N,N,39 53:30.821,75 11:53.968,351, ,342, ,0, ,N, ,0, , , , , , , , , ,2,1,0,0,0,1,0,0,0,0,0,1,2,1,0,0,0,0,0,0,1,0,0,1,0,0,0,0,0,0,0,0,0,0,0,4,1,39.8919,-75.1983, , 
40992,451638,2014060445,6,67,67301,2014,6,2,1532,15,1,1,0,4,1, , ,N,1,2,0,3,0,1,8,2,Y,N,39 59:16.101,75 08:35.440,1620, ,1533,2,1,2,N, ,3,N, , , , , , , , ,2,1,0,1,0,0,0,0,0,0,0,1,1,0,0,0,0,0,0,0,0,0,0,0,0,0,0,0,0,0,0,0,0,0,0,4,1,39.9878,-75.1432, , 
40993,451647,2014075989,6,67,67301,2014,6,1,1955,19,4,1,0,4,1, , ,N,1,2,0,3,0,0,2,2,N,N,39 57:07.173,75 13:35.531,2022, ,2019, ,0, ,N, ,3, , , , , , , , , ,2,2,0,0,0,0,0,0,0,0,0,0,0,0,0,0,0,0,0,0,0,0,0,0,0,0,0,0,0,0,0,0,0,0,0,0,0,39.952,-75.2265, , 
40994,451664,2014093508,6,67,67301,2014,9,3,840,8,3,1,0,2,1, , ,N,0,0,0,3,0,1,2,2,N, ,39 55:01.329,75 10:24.149,846, ,845, ,0, , , ,0, , , , , , , , , ,1,0,0,0,1,0,0,0,1,0,0,1,1,0,0,0,0,0,0,0,0,0,0,1,0,0,0,0,0,0,0,0,0,0,0,4,0,39.917,-75.1734, , 
40995,451674,2014104084,6,67,67301,2014,10,1,1242,12,1,1,0,5,1, , ,N,0,0,0,3,0,2,2,2,N,N,39 57:56.743,75 08:12.832,1252, ,1245,1,2,2,N, ,0,N, , , , , , , , ,2,0,2,0,0,0,0,0,0,0,0,0,2,2,0,0,0,0,0,0,0,0,0,0,0,0,0,0,0,0,0,0,0,0,0,8,0,39.9658,-75.1369, , 
40996,451675,2014104560,6,67,67301,2014,9,1,1315,13,1,1,0,8,1, , ,N,0,3,0,3,0,1,2,2,N,N,39 57:14.623,75 14:03.202,1324, ,1323, ,0, ,N, ,3, , , , , , , , , ,1,0,0,0,0,0,1,0,0,0,0,0,1,1,0,0,0,0,0,0,0,0,0,0,0,0,0,0,0,0,0,0,1,0,0,8,0,39.9541,-75.2342, , 
40997,451680,2014111314,6,67,67301,2014,11,2,640,6,5,1,0,8,1, , ,N,1,2,0,3,0,1,2,2,N,N,39 58:48.767,75 09:26.884,720, ,715, ,0, ,N, ,3, , , , , , , , , ,1,1,0,0,0,0,0,0,0,0,0,0,1,1,1,0,0,0,0,0,0,0,0,0,0,0,0,0,0,0,0,0,1,0,0,8,0,39.9802,-75.1575, , 