objectid_1,objectid,crn,district,county,municipality,crash_year,crash_month,day_of_week,time_of_day,hour_of_day,illumination,weather,road_condition,collision_type,relation_to_road,work_zone_type,work_zone_loc,work_zone_ind,intersect_type,tcd_type,location_type,urban_rural,fatal_count,injury_count,person_count,total_units,sch_bus_ind,sch_zone_ind,latitude,longitude,arrival_tm,cons_zone_spd_lim,dispatch_tm,est_hrs_closed,lane_closed,ln_close_dir,ntfy_hiwy_maint,spec_juris_cd,tcd_func_cd,tfc_detour_ind,workers_pres,wz_close_detour,wz_flagger,wz_law_offcr_ind,wz_ln_closure,wz_moving,wz_other,wz_shlder_mdn,vehicle_count,automobile_count,motorcycle_count,bus_count,small_truck_count,heavy_truck_count,suv_count,van_count,bicycle_count,maj_inj_count,mod_inj_count,min_inj_count,tot_inj_count,unk_inj_deg_count,unk_inj_per_count,driver_count_16yr,driver_count_17yr,driver_count_18yr,driver_count_19yr,driver_count_20yr,driver_count_50_64yr,driver_count_65_74yr,driver_count_75plus,unbelted_occ_count,unb_death_count,unb_maj_inj_count,belted_death_count,belted_maj_inj_count,mcycle_death_count,mcycle_maj_inj_count,bicycle_death_count,bicycle_maj_inj_count,ped_count,ped_death_count,ped_maj_inj_count,max_severity_level,comm_veh_count,dec_lat,dec_long,rdwy_surf_type_cd,county_name
41066,483326,2014088395,6,67,67301,2014,8,7,345,3,3,2,1,7,5, , ,N,0,0,0,3,0,0,1,1,N,N,40 02:37.168,75 01:17.728,404, ,351, ,0, ,N, ,0, , , , , , , , , ,1,1,0,0,0,0,0,0,0,0,0,0,0,0,0,0,0,0,0,0,0,0,0,0,0,0,0,0,0,0,0,0,0,0,0,0,0,40.0437,-75.0216, , 
41067,483327,2014088811,6,67,67301,2014,8,1,1438,14,1,1,0,4,1, , ,N,1,2,0,3,0,1,2,2,N,N,39 56:26.296,75 10:16.039,1600, ,1546, ,0, ,N, ,3, , , , , , , , , ,1,1,0,0,0,0,0,0,1,0,1,0,1,0,0,0,0,0,0,0,1,0,0,1,0,0,0,0,0,0,0,0,0,0,0,3,0,39.9406,-75.1711, , 
41068,483336,2014102692,6,67,67301,2014,10,5,1054,10,1,1,0,5,1, , ,N,0,0,0,3,0,2,3,2,N,N,39 57:18.899,75 08:52.886,1055, ,1055, ,0, ,N, ,0, , , , , , , , , ,2,1,0,0,0,1,0,0,0,0,2,0,2,0,0,0,0,0,0,0,1,0,0,0,0,0,0,0,0,0,0,0,0,0,0,3,1,39.9552,-75.148, , 
41069,483353,2014120277,6,67,67301,2014,11,5,2230,22,3,4,1,7,4, , ,N,0,0,0,3,0,1,1,2,N,N,40 03:04.635,75 08:52.166,2239, ,2231, ,0, ,N, ,0, , , , , , , , , ,2,2,0,0,0,0,0,0,0,0,0,0,1,1,0,0,0,0,0,0,0,0,0,0,0,0,0,0,0,0,0,0,0,0,0,8,0,40.0513,-75.1478, , 
41070,483355,2015028123,6,67,67301,2014,9,6,654,6,1,1,0,1,1, , ,N,0,0,0,3,0,1,3,2,N,N,39 57:23.283,75 10:50.067,0, ,0, ,0, ,N, ,0, , , , , , , , , ,2,1,0,0,0,0,1,0,0,0,0,1,1,0,0,0,0,0,0,0,0,0,1,0,0,0,0,0,0,0,0,0,0,0,0,4,0,39.9565,-75.1806, , 
41071,483356,2014127620,6,67,67301,2014,12,3,808,8,1,1,0,5,1, , ,N,0,0,0,3,0,0,2,2,N,N,39 55:43.065,75 11:48.172,840, ,828, ,0, ,N, ,0, , , , , , , , , ,2,1,0,0,0,1,0,0,0,0,0,0,0,0,0,0,0,0,0,0,1,0,0,0,0,0,0,0,0,0,0,0,0,0,0,0,1,39.9286,-75.1967, , 
41072,483359,2014130559,6,67,67301,2014,11,4,1058,10,1,2,1,5,6, , ,N,0,0,0,3,0,3,3,3,N, ,39 56:55.770,75 13:15.834,1100, ,1058,1,1,5, , ,0,N, , , , , , , , ,3,3,0,0,0,0,0,0,0,0,0,0,3,3,0,0,0,0,0,0,2,0,0,0,0,0,0,0,0,0,0,0,0,0,0,8,0,39.9488,-75.2211, , 
41073,483367,2014132656,6,67,67301,2014,12,5,124,1,3,2,1,7,4, , ,N,0,0,0,3,0,2,2,1,N,N,39 57:38.501,75 10:53.782,126, ,125,2,1,4,N, ,0,N, , , , , , , , ,1,1,0,0,0,0,0,0,0,0,0,0,2,2,0,0,0,0,0,1,0,0,0,1,0,0,0,0,0,0,0,0,0,0,0,8,0,39.9607,-75.1816, , 
41074,483393,2014088711,6,67,67301,2014,8,6,1018,10,1,1,0,8,1, , ,N,1,2,0,3,0,1,2,2,N, ,39 57:11.367,75 09:11.303,1035, ,1022, ,0, , , ,3, , , , , , , , , ,1,1,0,0,0,0,0,0,0,0,1,0,1,0,0,0,0,0,0,0,1,0,0,0,0,0,0,0,0,0,0,0,1,0,0,3,0,39.9532,-75.1531, , 
41075,483397,2014093559,6,67,67301,2014,9,3,1240,12,1,1,0,7,2, , ,N,0,0,0,3,0,3,3,1,N,N,40 01:11.120,75 06:33.890,1252, ,1248,2,2,7, , ,0,Y, , , , , , , , ,1,1,0,0,0,0,0,0,0,0,3,0,3,0,0,0,0,0,1,0,0,0,0,1,0,0,0,0,0,0,0,0,0,0,0,3,0,40.0198,-75.1094, , 
41076,483403,2014083073,6,67,67301,2014,6,5,1409,14,1,2,1,1,1, , ,N,0,2,7,3,0,1,3,3,N,Y,40 05:29.623,75 00:41.634,1455, ,1449, ,0, , , ,3, , , , , , , , , ,3,0,0,0,2,0,1,0,0,0,0,0,1,1,2,0,0,0,0,0,0,0,1,0,0,0,0,0,0,0,0,0,0,0,0,8,0,40.0916,-75.0116, , 
41077,483414,2014095869,6,67,67301,2014,9,4,2031,20,3,1,0,8,1, , ,N,1,2,0,3,0,1,2,2,N,N,39 58:21.766,75 12:14.569,2035, ,2032, ,0, ,N, ,3, , , , , , , , , ,1,0,0,0,0,0,1,0,0,0,0,1,1,0,1,0,0,0,0,0,1,0,0,0,0,0,0,0,0,0,0,0,1,0,0,4,0,39.9727,-75.204, , 
41078,483415,2014095912,6,67,67301,2014,9,3,900,9,1,1,0,4,1, , ,N,1,2,0,3,0,1,2,2,N,N,39 57:20.669,75 12:56.254,950, ,943,2,2,4,N, ,3,Y, , , , , , , , ,2,2,0,0,0,0,0,0,0,0,0,1,1,0,0,0,0,0,0,0,1,0,0,0,0,0,0,0,0,0,0,0,0,0,0,4,0,39.9557,-75.2156, , 
41079,483417,2014096830,6,67,67301,2014,9,6,1435,14,1,1,0,0,1, , ,N,1,0,0,3,0,1,1,1,N, ,39 59:02.306,75 11:10.881,1445, ,1441, ,0, , , ,0, , , , , , , , , ,1,0,0,0,0,0,0,0,0,0,1,0,1,0,0,0,0,0,0,0,0,0,0,0,0,0,0,0,0,0,0,0,0,0,0,3,0,39.984,-75.1864, , 
41080,483442,2014131923,6,67,67301,2014,12,2,2037,20,3,1,0,1,1, , ,N,0,8,0,3,0,5,7,5,N,N,40 00:21.426,75 04:28.858,2047, ,2040,2,1,1,N, ,4,N, , , , , , , , ,4,0,0,0,2,0,2,0,0,0,1,1,5,3,0,0,0,0,0,0,0,0,0,0,0,0,0,0,0,0,0,0,1,0,0,3,0,40.006,-75.0747, , 
41081,483447,2014067929,6,67,67301,2014,6,5,2157,21,3,1,0,4,1, , ,N,1,3,0,3,0,3,3,2,N, ,40 02:24.144,75 01:39.268,2158, ,2158, ,0, , , ,3, , , , , , , , , ,2,1,0,0,0,0,1,0,0,0,0,3,3,0,0,0,0,0,0,0,1,0,0,0,0,0,0,0,0,0,0,0,0,0,0,4,0,40.04,-75.0276, , 
41082,483453,2015000389,6,67,67301,2014,11,6,1600,16,1,1,0,4,1, , ,N,2,3,0,3,0,2,5,3,N, ,40 00:27.108,75 06:05.111,9999, ,9999, ,0, , , ,3, , , , , , , , , ,3,1,0,0,0,0,2,0,0,0,0,0,2,2,2,0,0,0,0,0,0,0,0,0,0,0,0,0,0,0,0,0,0,0,0,8,0,40.0075,-75.1014, , 
41083,483455,2015003320,6,67,67301,2014,12,7,145,1,3,1,0,4,1, , ,N,1,2,0,3,0,3,5,5,N,N,39 58:07.419,75 08:03.924,147, ,145, ,0, , , ,3, , , , , , , , , ,2,1,0,0,0,0,1,0,0,0,0,0,3,3,1,0,0,0,0,0,0,0,0,0,0,0,0,0,0,0,0,0,3,0,0,8,0,39.9689,-75.1344, , 
41084,483458,2014115590,6,67,67301,2014,11,6,1300,13,1,1,0,1,1, , ,N,1,3,2,3,0,1,2,2,N,N,39 55:34.628,75 08:45.775,1323, ,1318, ,0, ,N, ,3, , , , , , , , , ,2,1,0,0,0,0,1,0,0,0,0,1,1,0,0,0,0,0,0,0,0,0,0,0,0,0,0,0,0,0,0,0,0,0,0,4,0,39.9263,-75.146, , 
41085,483463,2014124301,6,67,67301,2014,11,5,737,7,1,1,0,1,1, , ,N,0,0,0,3,0,0,2,2,N,N,39 56:55.377,75 08:29.813,800, ,737, ,0, ,N, ,0, , , , , , , , , ,2,2,0,0,0,0,0,0,0,0,0,0,0,0,0,0,0,0,0,0,0,0,0,0,0,0,0,0,0,0,0,0,0,0,0,0,0,39.9487,-75.1416, , 
41086,483464,2014125121,6,67,67301,2014,12,2,1215,12,1,1,0,8,1, , ,N,1,2,0,3,0,1,2,2,N,N,39 57:03.483,75 09:07.159,1215, ,1215, ,0, ,N, ,3, , , , , , , , , ,1,1,0,0,0,0,0,0,0,0,1,0,1,0,0,0,0,0,0,0,0,1,0,0,0,0,0,0,0,0,0,0,1,0,0,3,0,39.9509,-75.152, , 
41087,483477,2014113356,6,67,67301,2014,10,3,804,8,1,1,0,4,1, , ,N,1,0,0,3,0,1,2,2,N, ,39 57:06.746,75 10:41.980,804, ,804, ,0, , , ,0, , , , , , , , , ,1,0,0,0,0,0,0,0,1,0,0,1,1,0,1,0,0,0,0,0,0,0,0,0,0,0,0,0,0,0,0,0,0,0,0,4,0,39.9519,-75.1783, , 
41088,483480,2014115058,6,67,67301,2014,2,6,1230,12,1,1,5,1,1, , ,N,0,2,0,3,0,1,2,2,N,N,39 53:30.627,75 14:29.236,0, ,0, ,0, ,N, ,3, , , , , , , , , ,2,1,0,0,1,0,0,0,0,0,1,0,1,0,0,0,0,0,0,0,0,0,0,0,0,0,0,0,0,0,0,0,0,0,0,3,0,39.8918,-75.2415, , 
41089,483484,2014122600,6,67,67301,2014,12,5,644,6,1,1,0,1,1,1,4,Y,0,0,0,3,0,1,3,3,N,N,40 01:31.370,75 01:44.088,706,45,645, ,0, ,N, ,0, ,Y,N,N,N,N,N,N,Y,3,2,0,0,1,0,0,0,0,0,0,1,1,0,0,0,0,0,0,0,1,1,0,0,0,0,0,0,0,0,0,0,0,0,0,4,0,40.0254,-75.0289, , 
41090,483486,2014125011,6,67,67301,2014,11,3,530,5,6,1,0,6,1, , ,N,0,0,2,3,0,1,2,2,N, ,39 54:40.254,75 11:03.298,608, ,608, ,0, , , ,0, , , , , , , , , ,2,1,0,0,0,0,0,0,0,0,0,0,1,1,0,0,0,0,0,0,0,0,0,1,0,0,0,0,0,0,0,0,0,0,0,8,0,39.9112,-75.1842, , 
41091,483495,2015006634,6,67,67301,2014,12,6,515,5,3,1,0,8,1, , ,N,5,2,0,3,0,2,2,2,N,N,40 00:53.713,75 04:05.201,527, ,525, ,0, , , ,3, , , , , , , , , ,1,0,0,0,0,0,0,1,0,0,0,2,2,0,0,0,0,0,0,0,1,0,0,0,0,0,0,0,0,0,0,0,1,0,0,4,0,40.0149,-75.0681, , 
41092,483501,2014121438,6,67,67301,2014,11,1,1858,18,3,2,1,4,1, , ,N,1,2,0,3,0,1,4,2,N, ,40 02:21.129,75 04:00.301,1903, ,1859, ,0, , , ,3, , , , , , , , , ,2,1,0,0,0,0,1,0,0,0,0,1,1,0,0,0,0,0,0,0,0,1,0,1,0,0,0,0,0,0,0,0,0,0,0,4,0,40.0392,-75.0668, , 
41093,483503,2014125115,6,67,67301,2014,12,3,1108,11,1,2,1,1,1, , ,N,0,0,0,3,0,1,2,3,N, ,40 02:22.624,75 03:26.892,1112, ,1110, ,0, , , ,0, , , , , , , , , ,3,2,0,0,0,0,1,0,0,0,0,1,1,0,0,0,0,0,0,0,0,1,0,0,0,0,0,0,0,0,0,0,0,0,0,4,0,40.0396,-75.0575, , 
41094,483514,2015003317,6,67,67301,2014,12,4,1654,16,4,2,1,6,1, , ,N,0,0,0,3,0,0,6,3,N, ,40 00:10.039,75 04:45.674,1700, ,1655, ,0, , , ,0, , , , , , , , , ,3,2,0,0,0,0,1,0,0,0,0,0,0,0,0,0,0,0,0,0,0,1,0,0,0,0,0,0,0,0,0,0,0,0,0,0,0,40.0028,-75.0794, , 
41095,483522,2014017127,6,67,67301,2014,2,4,2140,21,3,1,0,5,1, , ,N,0,0,0,3,0,0,3,2,N,N,39 58:09.422,75 07:37.774,2200, ,2148, ,0, ,N, ,0, , , , , , , , , ,2,1,0,0,0,1,0,0,0,0,0,0,0,0,0,0,0,0,1,0,1,0,0,0,0,0,0,0,0,0,0,0,0,0,0,0,1,39.9693,-75.1272, , 
41096,477969,2014094004,6,67,67301,2014,8,7,228,2,3,1,0,1,1, , ,N,0,0,0,3,0,2,2,2,N,N,39 58:57.119,75 12:28.367,233, ,229,3,2,3,N, ,0,N, , , , , , , , ,2,2,0,0,0,0,0,0,0,0,1,1,2,0,0,0,0,0,0,0,0,0,0,0,0,0,0,0,0,0,0,0,0,0,0,3,0,39.9825,-75.2079, , 
41097,477990,2014063474,6,67,67301,2014,6,3,1559,15,1,1,0,1,1,1,4,Y,0,0,3,3,0,0,3,2,N,N,39 59:07.150,75 05:37.789,1614,55,1609,2,2,1,N, ,0,N,N,N,N,N,Y,Y,N,Y,2,1,0,0,1,0,0,0,0,0,0,0,0,0,0,0,0,0,0,0,1,0,0,0,0,0,0,0,0,0,0,0,0,0,0,0,0,39.9853,-75.0938, , 
41098,477998,2014067970,6,67,67301,2014,6,1,9999,99,1,1,0,1,6, , ,N,0,0,0,3,0,1,3,2,N,N,40 01:37.099,75 01:46.185,1806, ,1759,1,1,2, , ,0,N, , , , , , , , ,2,2,0,0,0,0,0,0,0,0,0,0,1,1,0,0,0,0,0,0,0,0,0,0,0,0,0,0,0,0,0,0,0,0,0,8,0,40.027,-75.0295, , 
41099,478033,2014088151,6,67,67301,2014,8,1,0,0,6,9,8,8,1, , ,N,2,2,2,3,0,1,2,2,N,N,39 56:29.692,75 08:31.694,215, ,210, ,0, ,N, ,3, , , , , , , , , ,1,1,0,0,0,0,0,0,0,0,0,1,1,0,1,0,0,0,0,0,0,0,0,0,0,0,0,0,0,0,0,0,1,0,0,4,0,39.9416,-75.1421, , 
41100,478059,2014121407,6,67,67301,2014,11,7,1500,15,1,1,0,7,3, , ,N,0,0,0,3,0,0,1,2,N,N,40 02:31.011,75 04:54.529,1512, ,1507, ,0, ,N, ,0, , , , , , , , , ,2,1,0,0,1,0,0,0,0,0,0,0,0,0,0,0,0,0,0,0,1,0,0,0,0,0,0,0,0,0,0,0,0,0,0,0,0,40.0419,-75.0818, , 
41101,478075,2015006671,6,67,67301,2014,12,2,2335,23,3,1,0,7,3, , ,N,7,0,2,3,0,1,3,1,N,N,40 00:38.272,75 11:04.414,2345, ,2342,1,2,2,N, ,0,N, , , , , , , , ,1,1,0,0,0,0,0,0,0,0,0,1,1,0,0,0,0,0,0,1,0,0,0,0,0,0,0,0,0,0,0,0,0,0,0,4,0,40.0106,-75.1846, , 
41102,478076,2014049521,6,67,67301,2014,4,4,830,8,1,2,1,6,1, , ,N,1,2,0,3,0,0,3,3,N,N,40 02:56.583,75 08:32.788,845, ,842,1,1,2,N, ,3,Y, , , , , , , , ,3,1,0,0,0,0,2,0,0,0,0,0,0,0,0,0,0,0,0,0,1,0,0,0,0,0,0,0,0,0,0,0,0,0,0,0,0,40.0491,-75.1424, , 
41103,478082,2014056369,6,67,67301,2014,4,6,2100,21,3,1,0,8,1, , ,N,0,0,0,3,1,0,2,2,N,N,39 52:47.241,75 14:52.014,2112, ,2104,3,2,1,N,0,0,N, , , , , , , , ,1,0,0,0,0,0,0,0,0,0,0,0,0,0,1,0,0,0,0,0,0,0,0,0,0,0,0,0,0,0,0,0,1,1,0,1,0,39.8798,-75.2478,2, 
41104,478092,2014071857,6,67,67301,2014,7,7,1245,12,1,1,0,5,1, , ,N,0,0,0,3,0,0,3,3,N,N,39 57:27.152,75 09:33.744,1307, ,1245,2,1,4,N, ,0,N, , , , , , , , ,3,2,0,0,0,0,1,0,0,0,0,0,0,0,0,0,0,0,0,0,0,0,0,0,0,0,0,0,0,0,0,0,0,0,0,0,0,39.9575,-75.1594, , 
41105,478110,2014088031,6,67,67301,2014,8,3,957,9,1,1,0,4,1,1,5,Y,1,0,2,3,0,2,3,2,N,N,39 58:15.192,75 07:19.859,959,99,959,1,2,1,N, ,0,Y,U,U,U,N,U,U,U,U,2,2,0,0,0,0,0,0,0,0,0,2,2,0,0,0,0,0,0,0,1,0,0,0,0,0,0,0,0,0,0,0,0,0,0,4,0,39.9706,-75.1233, , 
41106,478117,2014095863,6,67,67301,2014,9,5,749,7,1,1,0,1,1, , ,N,0,2,0,3,0,2,4,2,N,N,39 58:20.248,75 09:57.107,815, ,801, ,0, ,N, ,3, , , , , , , , , ,2,2,0,0,0,0,0,0,0,0,0,2,2,0,0,1,0,0,0,0,1,0,0,1,0,0,0,0,0,0,0,0,0,0,0,4,0,39.9723,-75.1659, , 
41107,478120,2014098727,6,67,67301,2014,9,3,1210,12,1,1,0,4,1, , ,N,0,0,0,3,0,1,2,2,N,N,39 56:03.256,75 13:18.926,1218, ,1215,2,1,4,N, ,0,N, , , , , , , , ,1,1,0,0,0,0,0,0,1,0,1,0,1,0,0,0,0,0,0,0,0,0,0,0,0,0,0,0,0,0,0,0,0,0,0,3,0,39.9342,-75.2219, , 
41108,478127,2014070979,6,67,67301,2014,7,1,1752,17,1,1,0,1,1, , ,N,0,0,0,3,0,0,3,3,N,N,39 59:07.927,75 12:29.339,1804, ,1755,1,1,4,N, ,0,N, , , , , , , , ,3,2,1,0,0,0,0,0,0,0,0,0,0,0,0,0,0,0,1,0,0,0,0,0,0,0,0,0,0,0,0,0,0,0,0,0,0,39.9855,-75.2081, , 
41109,478134,2014078898,6,67,67301,2014,6,2,1555,15,1,1,0,4,1, , ,N,1,2,0,3,0,1,2,2,N,N,39 57:50.117,75 10:22.220,1607, ,1605, ,0, , , ,3, , , , , , , , , ,2,1,0,0,0,0,1,0,0,0,0,1,1,0,0,0,0,0,0,0,0,0,0,0,0,0,0,0,0,0,0,0,0,0,0,4,0,39.9638,-75.1729, , 
41110,478137,2014083078,6,67,67301,2014,6,3,9999,99,1,1,0,4,1, , ,N,1,2,0,3,0,1,3,2,N, ,39 57:13.622,75 08:34.406,9999, ,1019,1,1,3, , ,3,N, , , , , , , , ,2,2,0,0,0,0,0,0,0,0,0,1,1,0,1,0,0,0,0,0,1,0,1,0,0,0,0,0,0,0,0,0,0,0,0,4,0,39.9538,-75.1429, , 
41111,478140,2014086489,6,67,67301,2014,6,1,1200,12,1,1,0,4,1, , ,N,1,2,0,3,0,0,6,3,N,N,40 01:28.740,75 07:25.247,1300, ,1300, ,0, , , ,3, , , , , , , , , ,3,3,0,0,0,0,0,0,0,0,0,0,0,0,0,0,0,0,0,0,0,0,0,4,0,0,0,0,0,0,0,0,0,0,0,0,0,40.0247,-75.1237, , 
41112,478152,2014125155,6,67,67301,2014,11,7,1212,12,1,1,0,8,1, , ,N,0,0,7,3,0,1,2,2,N,N,40 02:09.786,75 10:29.977,1217, ,1217, ,0, ,N, ,0, , , , , , , , , ,1,0,0,0,0,0,0,1,0,0,0,1,1,0,0,0,0,0,0,1,0,0,0,0,0,0,0,0,0,0,0,0,1,0,0,4,0,40.0361,-75.175, , 
41113,478154,2014127908,6,67,67301,2014,12,6,930,9,1,1,0,4,1, , ,N,1,2,0,3,0,0,3,5,N,N,39 57:36.086,75 11:33.215,941, ,939, ,0, ,N, ,3, , , , , , , , , ,5,3,0,0,0,0,2,0,0,0,0,0,0,0,0,0,0,0,0,0,0,1,0,0,0,0,0,0,0,0,0,0,0,0,0,0,0,39.96,-75.1926, , 
41114,478159,2015006599,6,67,67301,2014,12,6,1720,17,1,9,0,4,1, , ,N,1,0,0,3,0,0,2,2,N, ,40 02:46.543,75 10:39.976,1430, ,1430, ,0, , , ,0, , , , , , , , , ,2,2,0,0,0,0,0,0,0,0,0,0,0,0,1,0,0,0,0,0,0,0,0,0,0,0,0,0,0,0,0,0,0,0,0,9,0,40.0463,-75.1778, , 
41115,480723,2014126938,6,67,67301,2014,11,3,1600,16,1,1,0,4,1, , ,N,1,2,0,3,0,0,2,2,N,N,39 57:04.665,75 10:25.093,1620, ,1600, ,0, ,N, ,3, , , , , , , , , ,2,2,0,0,0,0,0,0,0,0,0,0,0,0,2,0,0,0,0,0,2,0,0,0,0,0,0,0,0,0,0,0,0,0,0,9,0,39.9513,-75.1736, , 
41116,480726,2014128242,6,67,67301,2014,12,6,820,8,1,1,0,5,1, , ,N,0,2,0,3,0,0,2,2,N,N,39 58:55.076,75 09:25.953,827, ,825, ,0, ,N, ,3, , , , , , , , , ,2,1,0,0,0,0,0,1,0,0,0,0,0,0,0,0,0,0,0,0,1,0,0,0,0,0,0,0,0,0,0,0,0,0,0,0,0,39.9821,-75.1572, , 
41117,480731,2015001657,6,67,67301,2014,12,4,1450,14,1,1,0,1,1,1,2,Y,6,0,2,3,0,1,3,2,N,N,39 58:32.229,75 06:56.891,1507,45,1500,1,1,1,N, ,0,N,N,N,N,N,Y,N,N,Y,2,0,0,0,0,0,2,0,0,0,0,1,1,0,0,0,0,0,0,0,1,0,0,0,0,0,0,0,0,0,0,0,0,0,0,4,0,39.9756,-75.1158, , 
41118,480733,2015006630,6,67,67301,2014,12,3,1758,17,3,1,0,7,5, , ,N,0,0,7,3,0,1,1,1,N, ,40 04:59.073,74 58:29.063,1805, ,1759, ,0, , , ,0, , , , , , , , , ,1,1,0,0,0,0,0,0,0,0,0,0,1,1,0,0,0,0,0,0,0,0,0,0,0,0,0,0,0,0,0,0,0,0,0,8,0,40.0831,-74.9747, , 
41119,480753,2014079272,6,67,67301,2014,3,7,58,0,3,1,0,8,1, , ,N,0,0,0,3,0,1,2,2,N,N,39 57:35.204,75 08:36.744,103, ,100,1,2,1, , ,0,Y, , , , , , , , ,1,0,0,0,0,0,1,0,0,0,0,0,1,1,0,0,0,0,0,0,0,0,0,0,0,0,0,0,0,0,0,0,1,0,0,8,0,39.9598,-75.1435, , 
41120,480758,2014081458,6,67,67301,2014,6,2,2208,22,3,1,0,4,1, , ,N,1,2,0,3,0,1,2,2,N,N,40 01:50.847,75 06:43.088,2209, ,2208, ,0, ,N, ,3, , , , , , , , , ,1,1,0,0,0,0,0,0,1,0,1,0,1,0,0,0,0,0,0,0,0,0,0,0,0,0,0,0,0,0,0,0,0,0,0,3,0,40.0308,-75.112, , 
41121,480766,2014087781,6,67,67301,2014,7,3,115,1,3,1,0,1,6, , ,N,1,3,0,3,0,0,1,3,N,N,40 00:30.340,75 05:47.417,522, ,519, ,0, ,N, ,3, , , , , , , , , ,3,3,0,0,0,0,0,0,0,0,0,0,0,0,0,0,0,0,0,0,0,0,0,0,0,0,0,0,0,0,0,0,0,0,0,0,0,40.0084,-75.0965, , 
41122,480767,2014088174,6,67,67301,2014,8,2,1200,12,1,1,0,8,1, , ,N,2,0,0,3,0,1,2,2,N, ,39 56:58.934,75 14:28.726,1530, ,1530, ,0, , , ,0, , , , , , , , , ,1,1,0,0,0,0,0,0,0,0,1,0,1,0,0,0,0,0,0,0,0,0,0,0,0,0,0,0,0,0,0,0,1,0,0,3,0,39.9497,-75.2413, , 
41123,480793,2014103553,6,67,67301,2014,9,6,9999,99,3,9,8,8,1, , ,N,0,0,0,3,0,1,2,2,N,N,40 00:15.238,75 08:55.338,9999, ,9999, ,0, , , ,0, , , , , , , , , ,1,1,0,0,0,0,0,0,0,0,0,0,1,1,1,0,0,0,0,0,0,1,0,0,0,0,0,0,0,0,0,0,1,0,0,8,0,40.0042,-75.1487, , 
41124,480797,2014106712,6,67,67301,2014,10,6,215,2,3,1,0,5,1, , ,N,1,2,0,3,0,1,2,2,N,N,39 58:30.545,75 11:17.083,253, ,230, ,0, ,N, ,3, , , , , , , , , ,1,0,0,0,0,0,0,0,1,0,0,1,1,0,0,0,0,0,0,0,0,0,0,0,0,0,0,0,0,0,0,0,0,0,0,4,0,39.9752,-75.1882, , 
41125,480804,2014125164,6,67,67301,2014,11,6,1954,19,3,1,0,1,1, , ,N,1,2,0,3,0,0,2,2,N, ,39 59:16.416,75 07:24.452,2010, ,1955, ,0, , , ,3, , , , , , , , , ,2,2,0,0,0,0,0,0,0,0,0,0,0,0,2,0,0,0,0,0,0,0,0,0,0,0,0,0,0,0,0,0,0,0,0,9,0,39.9879,-75.1235, , 
41126,480806,2014127475,6,67,67301,2014,11,1,200,2,3,1,0,4,1, , ,N,1,2,0,3,0,0,2,2,N, ,40 00:53.872,75 08:49.938,210, ,208, ,0, , , ,3, , , , , , , , , ,2,1,0,0,0,0,0,1,0,0,0,0,0,0,0,0,0,1,0,0,1,0,0,0,0,0,0,0,0,0,0,0,0,0,0,0,0,40.015,-75.1472, , 
41127,480828,2014106800,6,67,67301,2014,10,3,1940,19,3,1,0,8,1, , ,N,1,3,0,3,0,1,2,2,N, ,40 01:16.838,75 07:20.708,1941, ,1941,1,1,2, , ,3,N, , , , , , , , ,1,1,0,0,0,0,0,0,0,0,0,0,1,1,0,0,0,0,0,0,1,0,0,0,0,0,0,0,0,0,0,0,1,0,0,8,0,40.0213,-75.1224, , 
41128,480851,2014087844,6,67,67301,2014,7,6,350,3,3,1,0,4,1, , ,N,1,3,0,3,0,2,2,3,N,N,39 59:27.484,75 07:54.928,351, ,350,3,1,1,N, ,3,Y, , , , , , , , ,3,2,0,0,0,0,1,0,0,0,0,0,2,2,0,0,0,0,0,0,0,0,0,0,0,0,0,0,0,0,0,0,0,0,0,8,0,39.991,-75.1319, , 
41129,480854,2014089604,6,67,67301,2014,7,2,1750,17,1,1,0,4,1, , ,N,1,2,0,3,0,1,3,2, , ,39 57:08.527,75 08:48.441,1753, ,1751,3,2,2, , ,3,Y, , , , , , , , ,2,1,0,0,0,0,1,0,0,0,0,1,1,0,0,0,0,0,0,0,0,0,0,0,0,0,0,0,0,0,0,0,0,0,0,4,0,39.9524,-75.1468, , 
41130,480855,2014089760,6,67,67301,2014,8,5,2254,22,3,1,0,4,1, , ,N,1,2,0,3,0,0,3,2,N,N,39 57:48.112,75 11:14.766,2259, ,2258, ,0, ,N, ,3, , , , , , , , , ,2,1,0,0,0,0,1,0,0,0,0,0,0,0,0,0,0,0,0,0,0,0,0,0,0,0,0,0,0,0,0,0,0,0,0,0,0,39.9634,-75.1875, , 
41131,480859,2014091427,6,67,67301,2014,9,6,1659,16,1,1,0,8,1, , ,N,2,0,0,3,0,1,2,2,N,N,39 59:35.797,75 09:42.717,1706, ,1702, ,0, , , ,0, , , , , , , , , ,1,1,0,0,0,0,0,0,0,0,0,1,1,0,0,0,0,0,0,0,0,1,0,0,0,0,0,0,0,0,0,0,1,0,0,4,0,39.9933,-75.1619, , 
41132,480863,2014093566,6,67,67301,2014,9,7,1128,11,1,1,0,4,1, , ,N,1,2,0,3,0,0,2,2,N, ,39 56:54.579,75 09:26.606,1132, ,1132, ,0, ,N, ,3, , , , , , , , , ,2,2,0,0,0,0,0,0,0,0,0,0,0,0,0,0,0,0,1,0,1,0,0,0,0,0,0,0,0,0,0,0,0,0,0,0,0,39.9485,-75.1573, , 