objectid_1,objectid,crn,district,county,municipality,crash_year,crash_month,day_of_week,time_of_day,hour_of_day,illumination,weather,road_condition,collision_type,relation_to_road,work_zone_type,work_zone_loc,work_zone_ind,intersect_type,tcd_type,location_type,urban_rural,fatal_count,injury_count,person_count,total_units,sch_bus_ind,sch_zone_ind,latitude,longitude,arrival_tm,cons_zone_spd_lim,dispatch_tm,est_hrs_closed,lane_closed,ln_close_dir,ntfy_hiwy_maint,spec_juris_cd,tcd_func_cd,tfc_detour_ind,workers_pres,wz_close_detour,wz_flagger,wz_law_offcr_ind,wz_ln_closure,wz_moving,wz_other,wz_shlder_mdn,vehicle_count,automobile_count,motorcycle_count,bus_count,small_truck_count,heavy_truck_count,suv_count,van_count,bicycle_count,maj_inj_count,mod_inj_count,min_inj_count,tot_inj_count,unk_inj_deg_count,unk_inj_per_count,driver_count_16yr,driver_count_17yr,driver_count_18yr,driver_count_19yr,driver_count_20yr,driver_count_50_64yr,driver_count_65_74yr,driver_count_75plus,unbelted_occ_count,unb_death_count,unb_maj_inj_count,belted_death_count,belted_maj_inj_count,mcycle_death_count,mcycle_maj_inj_count,bicycle_death_count,bicycle_maj_inj_count,ped_count,ped_death_count,ped_maj_inj_count,max_severity_level,comm_veh_count,dec_lat,dec_long,rdwy_surf_type_cd,county_name
41470,478913,2014113246,6,67,67301,2014,10,5,2315,23,3,1,0,4,1, , ,N,1,2,0,3,0,1,2,2,N, ,40 01:40.946,75 06:36.204,2330, ,2325,2,1,2, , ,3,N, , , , , , , , ,2,1,0,0,0,0,1,0,0,0,0,1,1,0,0,0,0,0,0,0,1,0,0,0,0,0,0,0,0,0,0,0,0,0,0,4,0,40.028,-75.1101, , 
41471,478925,2014116208,6,67,67301,2014,11,3,2142,21,3,1,0,1,1, , ,N,0,0,0,3,0,2,2,2,N,N,39 59:47.783,75 04:56.391,2201, ,2151,2,2,1,N, ,0,N, , , , , , , , ,2,2,0,0,0,0,0,0,0,0,0,2,2,0,0,0,0,0,0,0,0,0,0,0,0,0,0,0,0,0,0,0,0,0,0,4,0,39.9966,-75.0823, , 
41472,478931,2014121483,6,67,67301,2014,11,7,215,2,3,1,0,2,6, , ,N,0,0,0,3,0,0,1,2,N, ,39 55:25.304,75 13:52.991,219, ,218, ,0, ,N, ,0, , , , , , , , , ,2,1,0,0,0,0,0,1,0,0,0,0,0,0,1,0,0,0,0,0,0,0,0,0,0,0,0,0,0,0,0,0,0,0,0,9,0,39.9237,-75.2314, , 
41473,478937,2014125047,6,67,67301,2014,11,7,420,4,3,1,0,1,1, , ,N,1,2,0,3,0,1,7,3,N, ,40 04:50.449,75 01:42.488,423, ,421,1,1,1, , ,3,Y, , , , , , , , ,3,1,0,0,0,0,2,0,0,0,0,1,1,0,0,0,0,0,0,0,2,0,0,0,0,0,0,0,0,0,0,0,0,0,0,4,0,40.0808,-75.0284, , 
41474,478951,2014095956,6,67,67301,2014,9,5,1240,12,1,1,0,5,6, , ,N,0,0,0,3,0,0,1,3,N,N,40 03:23.081,75 00:48.972,1243, ,1241, ,0, ,N, ,0, , , , , , , , , ,3,1,0,0,0,0,1,1,0,0,0,0,0,0,0,0,0,0,0,0,1,0,0,0,0,0,0,0,0,0,0,0,0,0,0,0,0,40.0564,-75.0136, , 
41475,478955,2014098625,6,67,67301,2014,9,5,1501,15,1,2,1,6,1, , ,N,0,0,0,3,0,2,3,3,N,N,39 58:18.260,75 11:24.039,1511, ,1501,2,2,1,N, ,0,Y, , , , , , , , ,3,1,0,0,0,0,2,0,0,0,0,2,2,0,0,0,0,0,0,0,1,0,0,0,0,0,0,0,0,0,0,0,0,0,0,4,0,39.9717,-75.19, , 
41476,478984,2014082744,6,67,67301,2014,8,6,1355,13,1,1,0,7,4, , ,N,7,0,2,3,0,1,1,1,N,N,39 55:29.773,75 11:36.074,1401, ,1358,2,2,3,N, ,0,Y, , , , , , , , ,1,1,0,0,0,0,0,0,0,1,0,0,1,0,0,0,0,0,0,0,0,0,0,0,0,0,0,1,0,0,0,0,0,0,0,2,0,39.9249,-75.1934, , 
41477,478989,2014088864,6,67,67301,2014,8,2,1500,15,1,1,0,8,1, , ,N,0,0,0,3,0,1,3,2,N,N,39 57:58.589,75 07:55.770,1522, ,1518, ,0, ,N, ,0, , , , , , , , , ,1,1,0,0,0,0,0,0,0,0,0,1,1,0,0,0,0,0,0,0,0,0,0,0,0,0,0,0,0,0,0,0,1,0,0,4,0,39.9663,-75.1322, , 
41478,478991,2014091791,6,67,67301,2014,8,1,1503,15,1,1,0,1,1, , ,N,6,4,2,3,0,0,5,2,N,N,40 00:47.390,75 10:49.073,1510, ,1505,9,1,2, , ,3,N, , , , , , , , ,2,1,0,0,0,0,1,0,0,0,0,0,0,0,0,0,0,0,0,0,1,0,0,0,0,0,0,0,0,0,0,0,0,0,0,0,0,40.0137,-75.1796, , 
41479,479006,2014106904,6,67,67301,2014,10,3,2311,23,3,1,0,7,2, , ,N,7,0,2,3,0,0,1,1,N,N,39 58:38.784,75 12:02.538,2315, ,2311,2,2,3,N, ,0,Y, , , , , , , , ,1,1,0,0,0,0,0,0,0,0,0,0,0,0,0,0,0,0,0,0,0,0,0,0,0,0,0,0,0,0,0,0,0,0,0,0,0,39.9774,-75.2007, , 
41480,479017,2014120863,6,67,67301,2014,11,2,1759,17,1,1,0,4,1, , ,N,0,0,0,3,0,2,3,2,N,N,39 59:45.963,75 10:16.671,1803, ,1759,2,2,3, , ,0,Y, , , , , , , , ,2,2,0,0,0,0,0,0,0,0,0,0,2,2,0,0,0,0,0,0,0,0,0,3,0,0,0,0,0,0,0,0,0,0,0,8,0,39.9961,-75.1712, , 
41481,481550,2014117613,6,67,67301,2014,11,1,9999,99,1,1,0,1,1, , ,N,0,0,0,3,0,2,3,2,N,N,40 01:26.270,75 08:02.623,1015, ,1010,1,1,2,N, ,0,N, , , , , , , , ,2,0,0,0,0,0,1,1,0,0,0,2,2,0,0,0,0,0,0,0,1,0,0,0,0,0,0,0,0,0,0,0,0,0,0,4,0,40.024,-75.1341, , 
41482,481564,2015006645,6,67,67301,2014,12,4,630,6,3,2,1,8,1, , ,N,1,2,0,3,0,1,2,2,N, ,39 57:24.012,75 11:52.849,9999, ,719, ,0, , , ,3, , , , , , , , , ,1,1,0,0,0,0,0,0,0,0,0,1,1,0,1,0,0,0,0,0,0,0,0,0,0,0,0,0,0,0,0,0,1,0,0,4,0,39.9566,-75.198, , 
41483,481565,2014113350,6,67,67301,2014,10,5,1930,19,4,1,0,8,1, , ,N,1,2,0,3,0,1,2,2,N,N,39 57:04.187,75 09:12.892,1933, ,1930, ,0, ,N, ,3, , , , , , , , , ,1,1,0,0,0,0,0,0,0,0,0,0,1,1,0,0,0,0,0,0,0,0,0,0,0,0,0,0,0,0,0,0,1,0,0,8,0,39.9511,-75.1536, , 
41484,481598,2014087795,6,67,67301,2014,8,4,1930,19,3,1,0,1,1, , ,N,2,0,0,3,0,2,3,3,N, ,39 55:02.085,75 10:26.605,2004, ,2002,9,1,3, , ,0,N, , , , , , , , ,3,2,0,0,0,0,1,0,0,0,0,2,2,0,0,0,0,0,0,0,1,0,0,0,0,0,0,0,0,0,0,0,0,0,0,4,0,39.9172,-75.1741, , 
41485,481599,2014088013,6,67,67301,2014,8,7,1230,12,1,1,0,4,1, , ,N,1,2,0,3,0,0,2,2,N,N,39 58:08.134,75 08:03.924,1240, ,1239, ,0, , , ,3, , , , , , , , , ,2,0,0,0,1,0,1,0,0,0,0,0,0,0,0,0,0,0,0,0,0,0,0,0,0,0,0,0,0,0,0,0,0,0,0,0,0,39.9689,-75.1344, , 
41486,481608,2014098634,6,67,67301,2014,9,1,230,2,3,1,0,4,1, , ,N,5,2,8,3,0,0,3,2,N,N,39 57:27.885,75 09:44.883,250, ,245, ,0, ,N, ,3, , , , , , , , , ,2,2,0,0,0,0,0,0,0,0,0,0,0,0,0,0,1,0,0,0,0,0,0,0,0,0,0,0,0,0,0,0,0,0,0,0,0,39.9577,-75.1624, , 
41487,481625,2014106686,6,67,67301,2014,10,5,1205,12,1,1,0,4,1, , ,N,0,0,7,3,0,3,3,2,N,N,40 03:23.696,75 01:41.763,1212, ,1209, ,0, ,N, ,0, , , , , , , , , ,2,1,0,0,0,0,1,0,0,0,0,3,3,0,0,0,0,0,0,0,0,0,1,0,0,0,0,0,0,0,0,0,0,0,0,4,0,40.0566,-75.0283, , 
41488,481630,2014115439,6,67,67301,2014,6,6,1100,11,1,1,0,4,1, , ,N,1,3,0,3,0,1,2,2,N,N,39 59:08.026,75 07:40.407,0, ,0, ,0, ,N, ,3, , , , , , , , , ,2,1,0,0,0,0,0,0,0,0,0,0,1,1,1,0,0,0,0,0,0,0,0,0,0,0,0,0,0,0,0,0,0,0,0,8,0,39.9856,-75.1279, , 
41489,481645,2014122019,6,67,67301,2014,11,4,652,6,1,5,1,4,1, , ,N,2,3,0,3,0,2,4,3,Y, ,39 55:04.342,75 13:27.274,704, ,701,3,2,6, , ,3,Y, , , , , , , , ,3,2,0,1,0,0,0,0,0,0,0,2,2,0,0,0,0,0,0,0,1,0,0,0,0,0,0,0,0,0,0,0,0,0,0,4,1,39.9179,-75.2242, , 
41490,481651,2014128372,6,67,67301,2014,12,3,25,0,3,2,1,7,4, , ,N,0,0,3,3,0,1,2,1,N,N,39 55:13.056,75 11:56.439,33, ,31, ,0, ,N, ,0, , , , , , , , , ,1,0,0,0,0,0,1,0,0,0,0,1,1,0,0,0,0,0,0,0,0,0,0,2,0,0,0,0,0,0,0,0,0,0,0,4,0,39.9203,-75.199, , 
41491,481653,2014129358,6,67,67301,2014,12,2,720,7,1,1,0,4,1, , ,N,1,2,0,3,0,1,23,2,Y,N,39 57:34.106,75 13:59.495,750, ,727,3,1,3,N, ,3,N, , , , , , , , ,2,0,0,2,0,0,0,0,0,0,0,1,1,0,0,0,0,0,0,0,0,0,0,0,0,0,0,0,0,0,0,0,0,0,0,4,2,39.9595,-75.2332, , 
41492,481681,2014125046,6,67,67301,2014,11,1,1808,18,3,1,0,4,1, , ,N,1,2,0,3,0,0,2,2,N, ,40 03:52.346,75 14:22.962,1820, ,1811,1,1,4, , ,3,N, , , , , , , , ,2,1,0,0,0,0,1,0,0,0,0,0,0,0,0,0,0,0,0,0,0,1,0,0,0,0,0,0,0,0,0,0,0,0,0,0,0,40.0645,-75.2397, , 
41493,481692,2015006604,6,67,67301,2014,12,4,1629,16,1,2,1,1,1, , ,N,0,0,0,3,0,1,2,2,N,N,39 55:26.236,75 09:59.031,1846, ,1845, ,0, ,N, ,0, , , , , , , , , ,2,1,0,0,1,0,0,0,0,0,0,1,1,0,0,0,0,0,0,0,0,0,0,0,0,0,0,0,0,0,0,0,0,0,0,4,0,39.924,-75.1664, , 
41494,481693,2015006617,6,67,67301,2014,12,3,1844,18,3,1,0,8,1, , ,N,2,2,0,3,0,1,2,2,N,N,39 56:57.854,75 10:26.579,1855, ,1852, ,0, , , ,3, , , , , , , , , ,1,1,0,0,0,0,0,0,0,0,0,1,1,0,0,0,0,0,0,0,0,1,0,0,0,0,0,0,0,0,0,0,1,0,0,4,0,39.9494,-75.174, , 
41495,481696,2015019062,6,67,67301,2014,10,6,1015,10,1,1,0,7,2, , ,N,0,0,0,3,0,0,1,1,N,N,40 00:20.863,75 04:30.446,1026, ,1015, ,0, ,N, ,0, , , , , , , , , ,1,1,0,0,0,0,0,0,0,0,0,0,0,0,0,0,0,0,0,0,0,0,0,0,0,0,0,0,0,0,0,0,0,0,0,0,0,40.0058,-75.0751, , 
41496,481703,2014125043,6,67,67301,2014,11,4,1240,12,1,3,1,8,1, , ,N,1,2,0,3,0,1,2,2,N,N,40 06:08.954,75 01:43.447,1250, ,1244,1,1,4,N, ,3,Y, , , , , , , , ,1,1,0,0,0,0,0,0,0,0,0,1,1,0,0,0,0,0,0,0,0,0,0,0,0,0,0,0,0,0,0,0,1,0,0,4,0,40.1025,-75.0287, , 
41497,481728,2015002705,6,67,67301,2014,12,2,1023,10,1,1,0,5,1, , ,N,0,0,0,3,0,1,2,2,N,N,39 57:19.765,75 11:19.792,1027, ,1025, ,0, ,N, ,0, , , , , , , , , ,1,0,0,0,0,0,0,1,1,0,0,1,1,0,0,0,0,0,0,0,0,1,0,0,0,0,0,0,0,0,0,0,0,0,0,4,0,39.9555,-75.1888, , 
41498,481729,2015006765,6,67,67301,2014,12,5,807,8,5,1,1,0,5, , ,N,0,0,0,3,0,1,1,1,N,N,39 58:51.688,75 12:23.779,809, ,807,1,1,3,N, ,0,N, , , , , , , , ,1,1,0,0,0,0,0,0,0,0,1,0,1,0,0,0,0,0,0,0,0,0,0,1,0,0,0,0,0,0,0,0,0,0,0,3,0,39.981,-75.2066, , 
41499,486846,2014097847,6,67,67301,2014,9,3,910,9,1,1,0,1,1, , ,N,0,0,0,3,0,0,3,3,N,N,39 57:29.704,75 09:56.550,943, ,910, ,0, ,N, ,0, , , , , , , , , ,3,2,0,0,0,0,1,0,0,0,0,0,0,0,0,0,0,0,0,0,1,0,0,0,0,0,0,0,0,0,0,0,0,0,0,0,0,39.9583,-75.1657, , 
41500,486847,2014098641,6,67,67301,2014,9,6,1300,13,1,1,0,4,1, , ,N,0,2,0,3,0,0,2,2,N,N,40 01:46.428,75 06:19.097,1312, ,1302, ,0, ,N, ,3, , , , , , , , , ,2,2,0,0,0,0,0,0,0,0,0,0,0,0,2,0,0,0,0,0,0,0,0,0,0,0,0,0,0,0,0,0,0,0,0,9,0,40.0296,-75.1053, , 
41501,486852,2014103202,6,67,67301,2014,10,4,1157,11,1,2,1,5,1,1,4,Y,0,0,0,3,0,0,2,2,N,N,39 58:29.880,75 07:01.449,1225,45,1213,1,2,1,N, ,0,N,Y,N,N,N,Y,N,N,N,2,1,0,0,0,1,0,0,0,0,0,0,0,0,0,0,0,0,1,0,1,0,0,0,0,0,0,0,0,0,0,0,0,0,0,0,1,39.975,-75.1171, , 
41502,486861,2014115568,6,67,67301,2014,11,1,1625,16,2,1,0,4,1, , ,N,1,0,1,3,0,0,3,2,N, ,39 58:07.829,75 08:10.292,1635, ,1625, ,0, , , ,0, , , , , , , , , ,2,1,0,0,0,0,1,0,0,0,0,0,0,0,0,0,0,0,0,1,0,0,0,0,0,0,0,0,0,0,0,0,0,0,0,0,0,39.9688,-75.1362, , 
41503,486868,2014122411,6,67,67301,2014,11,2,719,7,1,1,0,4,1, , ,N,1,2,0,3,0,1,2,2,N, ,39 55:11.072,75 13:29.970,727, ,725,2,1,4, , ,3,Y, , , , , , , , ,2,0,0,0,0,0,2,0,0,0,0,1,1,0,0,0,0,0,0,0,0,0,0,0,0,0,0,0,0,0,0,0,0,0,0,4,0,39.9197,-75.225, , 
41504,486896,2014084287,6,67,67301,2014,7,6,120,1,3,1,0,1,1, , ,N,2,2,0,3,0,0,2,2,N,N,39 53:31.043,75 14:31.507,225, ,224, ,0, ,N, ,3, , , , , , , , , ,2,0,0,0,0,0,1,1,0,0,0,0,0,0,1,0,0,0,0,0,1,1,0,0,0,0,0,0,0,0,0,0,0,0,0,9,0,39.8919,-75.2419, , 
41505,486899,2014091461,6,67,67301,2014,8,3,1235,12,1,1,0,8,1, , ,N,2,0,0,3,0,1,2,2,N,N,40 02:47.137,75 09:29.296,1251, ,1245, ,0, ,N, ,0, , , , , , , , , ,1,1,0,0,0,0,0,0,0,0,0,1,1,0,0,0,0,0,0,0,0,0,0,0,0,0,0,0,0,0,0,0,1,0,0,4,0,40.0464,-75.1581, , 
41506,486906,2014104546,6,67,67301,2014,8,6,1723,17,1,1,0,8,1, , ,N,1,0,0,3,0,1,2,2,N,N,39 56:10.896,75 09:30.326,1726, ,1725, ,0, ,N, ,0, , , , , , , , , ,1,0,1,0,0,0,0,0,0,0,0,0,1,1,1,0,0,0,0,0,0,0,0,0,0,0,0,0,0,0,0,0,1,0,0,8,0,39.9364,-75.1584, , 
41507,486909,2014109891,6,67,67301,2014,10,4,2215,22,3,1,0,8,1, , ,N,0,0,0,3,0,1,2,2,N,N,40 00:05.135,75 12:52.926,2221, ,2220,2,2,3,N, ,0,N, , , , , , , , ,1,1,0,0,0,0,0,0,0,0,0,0,1,1,0,0,0,0,0,0,0,0,1,0,0,0,0,0,0,0,0,0,1,0,0,8,0,40.0014,-75.2147, , 
41508,486915,2014114318,6,67,67301,2014,11,5,606,6,3,1,0,0,1, , ,N,0,8,2,3,0,1,1,1,N,N,39 57:20.369,75 08:52.245,620, ,616,4,1,4,N, ,3,Y, , , , , , , , ,1,0,0,0,0,1,0,0,0,0,0,1,1,0,0,0,0,0,0,0,0,0,0,0,0,0,0,0,0,0,0,0,0,0,0,4,1,39.9557,-75.1478, , 
41509,486918,2014104442,6,67,67301,2014,10,5,743,7,1,1,0,4,1, , ,N,1,0,1,3,0,1,2,2,N,N,39 56:20.835,75 11:06.525,750, ,745, ,0, ,N, ,0, , , , , , , , , ,2,1,0,0,0,0,1,0,0,0,1,0,1,0,0,0,0,0,0,0,0,0,0,1,0,0,0,0,0,0,0,0,0,0,0,3,0,39.9391,-75.1851, , 
41510,486944,2014132659,6,67,67301,2014,12,2,1427,14,1,1,0,1,1, , ,N,0,0,0,3,0,0,3,2,N,N,39 59:35.531,75 12:00.909,1427, ,1427,1,1,3,N, ,0,N, , , , , , , , ,2,0,0,0,0,0,2,0,0,0,0,0,0,0,0,0,0,0,0,0,1,0,0,0,0,0,0,0,0,0,0,0,0,0,0,0,0,39.9932,-75.2003, , 
41511,486946,2014059003,6,67,67301,2014,4,4,830,8,1,2,1,5,1, , ,N,3,0,0,3,0,1,2,2,N,N,40 00:53.682,75 12:24.450,908, ,858, ,0, , , ,0, , , , , , , , , ,2,2,0,0,0,0,0,0,0,0,0,0,1,1,0,0,0,0,0,0,1,0,0,0,0,0,0,0,0,0,0,0,0,0,0,8,0,40.0147,-75.2058, , 
41512,486967,2014091351,6,67,67301,2014,9,3,2010,20,3,2,1,4,1, , ,N,1,2,0,3,0,1,2,2,N,N,40 01:57.777,75 10:27.832,2018, ,2011, ,0, ,N, ,3, , , , , , , , , ,1,0,0,0,1,0,0,0,1,0,0,0,1,1,0,0,0,0,0,0,0,1,0,0,0,0,0,0,0,0,0,0,0,0,0,8,0,40.0327,-75.1744, , 
41513,486968,2014122410,6,67,67301,2014,11,2,1715,17,3,1,0,8,1, , ,N,2,2,0,3,0,1,2,2,N,N,40 01:45.754,75 06:22.752,1726, ,1716,1,1,2, , ,3,N, , , , , , , , ,1,0,0,0,0,0,0,1,0,0,0,0,1,1,1,0,0,0,0,0,0,0,0,0,0,0,0,0,0,0,0,0,1,0,0,8,0,40.0294,-75.1063, , 
41514,486984,2014120832,6,67,67301,2014,11,6,1830,18,3,1,0,5,1, , ,N,0,0,0,3,0,1,2,2,N,N,39 57:15.634,75 10:22.994,1855, ,1851, ,0, ,N, ,0, , , , , , , , , ,1,1,0,0,0,0,0,0,1,0,0,1,1,0,0,0,0,0,0,0,0,0,0,0,0,0,0,0,0,0,0,0,0,0,0,4,0,39.9543,-75.1731, , 
41515,486985,2014121494,6,67,67301,2014,11,3,1251,12,1,1,0,4,1, , ,N,1,2,0,3,0,1,2,2,N,N,40 03:00.400,75 03:50.622,1300, ,1300, ,0, ,N, ,3, , , , , , , , , ,2,2,0,0,0,0,0,0,0,0,0,1,1,0,0,0,0,0,0,1,0,0,0,1,0,0,0,0,0,0,0,0,0,0,0,4,0,40.0501,-75.0642, , 
41516,486987,2014125019,6,67,67301,2014,11,6,9999,99,1,1,0,8,1, , ,N,1,2,0,3,0,2,3,3,N, ,39 57:09.925,75 09:29.181,934, ,932, ,0, , , ,3, , , , , , , , , ,1,0,0,1,0,0,0,0,0,0,0,0,2,2,0,0,0,0,0,0,0,0,0,0,0,0,0,0,0,0,0,0,2,0,0,8,1,39.9528,-75.1581, , 
41517,484428,2014122453,6,67,67301,2014,11,5,650,6,1,1,0,4,1, , ,N,1,2,0,3,0,1,3,2,N,N,40 03:05.569,75 09:00.387,727, ,722, ,0, ,N, ,3, , , , , , , , , ,2,2,0,0,0,0,0,0,0,0,0,1,1,0,1,0,0,0,0,0,0,0,0,0,0,0,0,0,0,0,0,0,0,0,0,4,0,40.0515,-75.1501, , 
41518,484441,2015002782,6,67,67301,2014,12,7,1325,13,1,1,0,4,1, , ,N,1,3,0,3,0,2,2,2,N,N,39 57:32.256,75 14:07.331,1329, ,1328, ,0, , , ,3, , , , , , , , , ,2,1,0,0,0,0,1,0,0,0,0,2,2,0,0,0,0,0,0,0,0,0,1,0,0,0,0,0,0,0,0,0,0,0,0,4,0,39.959,-75.2354, , 
41519,484444,2015006644,6,67,67301,2014,12,4,1600,16,1,1,0,4,1, , ,N,0,2,7,3,0,1,2,2,N,N,39 56:14.047,75 09:41.330,1730, ,1718, ,0, ,N, ,9, , , , , , , , , ,1,1,0,0,0,0,0,0,1,0,0,1,1,0,1,0,0,0,0,0,0,0,0,0,0,0,0,0,0,0,0,0,0,0,0,4,0,39.9372,-75.1615, , 
41520,484456,2014072006,6,67,67301,2014,7,2,1003,10,1,1,0,4,1, , ,N,2,3,0,3,0,0,3,2,N,N,39 59:51.445,75 14:03.163,1004, ,1003, ,0, ,N, ,3, , , , , , , , , ,2,2,0,0,0,0,0,0,0,0,0,0,0,0,0,0,0,0,0,0,1,0,0,0,0,0,0,0,0,0,0,0,0,0,0,0,0,39.9976,-75.2341, , 
41521,484475,2014075029,6,67,67301,2014,7,2,832,8,1,1,0,1,1, , ,N,0,0,0,3,0,3,3,2,N,N,39 59:22.487,75 05:15.271,832, ,832,2,1,2,N, ,0,N, , , , , , , , ,2,0,0,0,0,1,0,1,0,0,1,2,3,0,0,0,0,0,0,0,0,0,0,0,0,0,0,0,0,0,0,0,0,0,0,3,1,39.9896,-75.0876, , 
41522,484480,2014076765,6,67,67301,2014,7,1,1050,10,1,1,0,1,1, , ,N,0,0,0,3,0,0,3,2,N,N,39 58:50.953,75 12:22.777,1051, ,1051, ,0, ,N, ,0, , , , , , , , , ,2,2,0,0,0,0,0,0,0,0,0,0,0,0,0,0,0,0,0,0,0,0,0,0,0,0,0,0,0,0,0,0,0,0,0,0,0,39.9808,-75.2063, , 
41523,484497,2014095978,6,67,67301,2014,9,6,9999,99,1,1,0,4,1, , ,N,1,2,0,3,0,2,4,3,N,N,40 03:08.640,75 04:23.775,1116, ,1114, ,0, ,N, ,3, , , , , , , , , ,3,1,0,0,1,0,1,0,0,0,0,2,2,0,0,0,0,0,0,0,0,0,0,0,0,0,0,0,0,0,0,0,0,0,0,4,0,40.0524,-75.0733, , 
41524,484502,2014099267,6,67,67301,2014,9,4,9999,99,1,1,0,4,1, , ,N,1,2,0,3,0,1,2,2,N, ,40 00:16.549,75 10:36.938,1158, ,1155, ,0, , , ,3, , , , , , , , , ,2,2,0,0,0,0,0,0,0,0,0,1,1,0,0,0,0,0,0,0,1,0,0,0,0,0,0,0,0,0,0,0,0,0,0,4,0,40.0047,-75.1769, , 
41525,484512,2014103556,6,67,67301,2014,9,2,1740,17,1,1,0,4,1, , ,N,1,2,0,3,0,0,5,4,N,N,40 03:17.359,75 09:09.802,1803, ,1800, ,0, ,N, ,3, , , , , , , , , ,4,3,0,0,0,0,0,1,0,0,0,0,0,0,0,0,0,0,0,0,1,1,0,0,0,0,0,0,0,0,0,0,0,0,0,0,0,40.0548,-75.1527, , 
41526,484514,2014104436,6,67,67301,2014,10,2,1955,19,3,2,1,7,4, , ,N,0,0,0,3,0,0,1,1,N,N,40 05:19.845,75 02:43.188,1959, ,1938, ,0, ,N, ,0, , , , , , , , , ,1,1,0,0,0,0,0,0,0,0,0,0,0,0,0,0,0,0,0,0,0,0,0,0,0,0,0,0,0,0,0,0,0,0,0,0,0,40.0888,-75.0453, , 
41527,484518,2014113383,6,67,67301,2014,10,4,1728,17,1,2,1,4,1, , ,N,1,3,0,3,0,0,2,3,N, ,40 01:43.874,75 12:28.853,1740, ,1732, ,0, , , ,3, , , , , , , , , ,3,1,0,0,0,0,2,0,0,0,0,0,0,0,0,0,0,0,0,0,0,1,0,0,0,0,0,0,0,0,0,0,0,0,0,0,0,40.0289,-75.208, , 
41528,484519,2014113475,6,67,67301,2014,10,3,1544,15,1,2,1,4,1, , ,N,0,0,7,3,0,1,6,2,N, ,40 04:38.507,75 05:07.627,1630, ,1626, ,0, , , ,0, , , , , , , , , ,2,1,0,0,0,0,0,1,0,0,0,0,1,1,0,0,1,0,0,0,0,0,0,0,0,0,0,0,0,0,0,0,0,0,0,8,0,40.0774,-75.0855, , 
41529,484526,2014132655,6,67,67301,2014,12,5,24,0,3,1,1,7,2, , ,N,0,0,0,3,0,1,1,1,N,N,39 56:57.744,75 11:04.558,33, ,28,2,2,3,N, ,0,Y, , , , , , , , ,1,0,0,0,0,0,1,0,0,0,0,1,1,0,0,0,0,0,0,0,0,0,0,0,0,0,0,0,0,0,0,0,0,0,0,4,0,39.9494,-75.1846, , 
41530,484529,2015006622,6,67,67301,2014,12,6,1315,13,1,1,0,4,1, , ,N,1,2,0,3,0,1,2,2,N, ,39 59:08.465,75 14:51.083,1320, ,1320, ,0, , , ,3, , , , , , , , , ,2,1,0,0,0,0,1,0,0,0,0,0,1,1,0,0,0,0,0,0,0,1,0,0,0,0,0,0,0,0,0,0,0,0,0,8,0,39.9857,-75.2475, , 
41531,484542,2014077071,6,67,67301,2014,8,3,732,7,1,1,0,1,1, , ,N,0,0,0,3,0,0,2,2,N,N,39 58:55.554,75 06:02.284,802, ,733, ,0, ,N, ,0, , , , , , , , , ,2,2,0,0,0,0,0,0,0,0,0,0,0,0,0,0,0,0,0,0,0,0,0,0,0,0,0,0,0,0,0,0,0,0,0,0,0,39.9821,-75.1006, , 
41532,484543,2014078919,6,67,67301,2014,5,7,1754,17,1,1,0,4,1, , ,N,2,0,0,3,0,13,14,2,N,N,39 53:10.783,75 14:56.531,1810, ,1804,9,2,3,N, ,0,Y, , , , , , , , ,2,1,0,1,0,0,0,0,0,1,0,0,13,12,0,0,0,0,0,0,0,0,0,0,0,0,0,0,0,0,0,0,0,0,0,2,1,39.8862,-75.2491, , 
41533,484546,2014083948,6,67,67301,2014,8,4,250,2,3,1,0,7,2, , ,N,0,0,0,3,0,1,1,1,N,N,40 01:34.962,75 05:38.213,256, ,251,2,2,1,Y, ,0,Y, , , , , , , , ,1,1,0,0,0,0,0,0,0,0,0,1,1,0,0,0,0,0,0,0,0,0,0,1,0,0,0,0,0,0,0,0,0,0,0,4,0,40.0264,-75.0939, , 
41534,484552,2014091360,6,67,67301,2014,8,1,2019,20,3,2,1,4,1, , ,N,3,3,7,3,0,1,6,2,N, ,40 01:56.196,75 05:04.634,2028, ,2021, ,0, , , ,3, , , , , , , , , ,2,1,0,0,0,0,1,0,0,0,0,1,1,0,0,0,0,0,0,0,1,0,0,1,0,0,0,0,0,0,0,0,0,0,0,4,0,40.0323,-75.0846, , 
41535,479023,2014104588,6,67,67301,2014,10,4,814,8,1,1,0,8,1, , ,N,1,2,0,3,0,1,2,2,N,N,39 59:53.463,75 06:04.518,840, ,838, ,0, , , ,3, , , , , , , , , ,1,1,0,0,0,0,0,0,0,0,0,1,1,0,0,0,0,0,0,0,1,0,0,0,0,0,0,0,0,0,0,0,1,0,0,4,0,39.9982,-75.1013, , 
41536,479033,2014114523,6,67,67301,2014,10,3,2200,22,3,1,0,7,4, , ,N,0,0,0,3,0,0,1,1,N, ,39 56:08.178,75 13:07.683,2200, ,2139,9,2,7, , ,0,N, , , , , , , , ,1,1,0,0,0,0,0,0,0,0,0,0,0,0,0,0,0,0,0,0,0,0,0,0,0,0,0,0,0,0,0,0,0,0,0,0,0,39.9356,-75.2188, , 