objectid_1,objectid,crn,district,county,municipality,crash_year,crash_month,day_of_week,time_of_day,hour_of_day,illumination,weather,road_condition,collision_type,relation_to_road,work_zone_type,work_zone_loc,work_zone_ind,intersect_type,tcd_type,location_type,urban_rural,fatal_count,injury_count,person_count,total_units,sch_bus_ind,sch_zone_ind,latitude,longitude,arrival_tm,cons_zone_spd_lim,dispatch_tm,est_hrs_closed,lane_closed,ln_close_dir,ntfy_hiwy_maint,spec_juris_cd,tcd_func_cd,tfc_detour_ind,workers_pres,wz_close_detour,wz_flagger,wz_law_offcr_ind,wz_ln_closure,wz_moving,wz_other,wz_shlder_mdn,vehicle_count,automobile_count,motorcycle_count,bus_count,small_truck_count,heavy_truck_count,suv_count,van_count,bicycle_count,maj_inj_count,mod_inj_count,min_inj_count,tot_inj_count,unk_inj_deg_count,unk_inj_per_count,driver_count_16yr,driver_count_17yr,driver_count_18yr,driver_count_19yr,driver_count_20yr,driver_count_50_64yr,driver_count_65_74yr,driver_count_75plus,unbelted_occ_count,unb_death_count,unb_maj_inj_count,belted_death_count,belted_maj_inj_count,mcycle_death_count,mcycle_maj_inj_count,bicycle_death_count,bicycle_maj_inj_count,ped_count,ped_death_count,ped_maj_inj_count,max_severity_level,comm_veh_count,dec_lat,dec_long,rdwy_surf_type_cd,county_name
41672,484823,2014089723,6,67,67301,2014,7,3,9999,99,1,1,0,4,1, , ,N,1,3,0,3,0,1,2,2,N, ,39 55:37.473,75 10:51.175,1535, ,1530, ,0, , , ,3, , , , , , , , , ,1,1,0,0,0,0,0,0,1,0,0,1,1,0,0,0,0,0,0,0,0,1,0,1,0,0,0,0,0,0,0,0,0,0,0,4,0,39.9271,-75.1809, , 
41673,484846,2014121433,6,67,67301,2014,11,2,1829,18,3,1,0,5,6, , ,N,0,0,0,3,0,0,1,2,N,N,39 59:38.609,75 06:41.991,1852, ,1852, ,0, ,N, ,0, , , , , , , , , ,2,2,0,0,0,0,0,0,0,0,0,0,0,0,0,0,0,0,0,0,0,0,0,0,0,0,0,0,0,0,0,0,0,0,0,0,0,39.9941,-75.1117, , 
41674,484847,2014121451,6,67,67301,2014,11,7,100,1,3,1,0,5,4, , ,N,0,0,0,3,0,0,1,2,N,N,39 59:21.573,75 05:23.460,106, ,100, ,0, ,N, ,0, , , , , , , , , ,2,1,0,0,0,0,0,1,0,0,0,0,0,0,0,0,0,0,0,0,0,0,0,0,0,0,0,0,0,0,0,0,0,0,0,0,0,39.9893,-75.0899, , 
41675,484860,2014070687,6,67,67301,2014,7,4,1622,16,1,1,0,7,2, , ,N,0,0,0,3,0,0,1,1,N,N,39 56:05.658,75 08:42.095,1638, ,1638,2,2,2,N, ,0,N, , , , , , , , ,1,0,0,0,0,0,1,0,0,0,0,0,0,0,0,0,0,0,0,0,1,0,0,0,0,0,0,0,0,0,0,0,0,0,0,0,0,39.9349,-75.145, , 
41676,484876,2014087777,6,67,67301,2014,8,6,1358,13,1,1,0,7,4, , ,N,0,0,0,3,0,0,1,1,N,N,40 00:53.329,75 10:39.616,1410, ,1400,1,1,1,N, ,0,N, , , , , , , , ,1,1,0,0,0,0,0,0,0,0,0,0,0,0,0,0,0,0,0,0,0,0,0,0,0,0,0,0,0,0,0,0,0,0,0,0,0,40.0148,-75.1777, , 
41677,484877,2014088909,6,67,67301,2014,8,4,1025,10,1,1,0,8,1, , ,N,1,3,0,3,0,1,2,2,N,N,39 55:40.994,75 10:43.323,1040, ,1036, ,0, ,N, ,3, , , , , , , , , ,1,0,0,0,0,0,1,0,0,0,0,1,1,0,0,0,0,0,0,0,0,0,0,1,0,0,0,0,0,0,0,0,1,0,0,4,0,39.9281,-75.1787, , 
41678,484880,2014091452,6,67,67301,2014,8,2,640,6,1,1,0,8,1, , ,N,2,2,0,3,0,1,2,2,N, ,40 02:24.310,75 13:27.374,640, ,640, ,0, , , ,3, , , , , , , , , ,1,0,0,0,1,0,0,0,0,0,1,0,1,0,0,0,0,0,0,0,0,0,0,0,0,0,0,0,0,0,0,0,1,0,0,3,0,40.0401,-75.2243, , 
41679,484895,2014098729,6,67,67301,2014,9,2,2055,20,3,1,0,7,5, , ,N,0,0,0,3,0,1,1,1,N,N,40 01:15.326,75 08:25.023,2104, ,2059, ,0, ,N, ,0, , , , , , , , , ,1,1,0,0,0,0,0,0,0,0,0,1,1,0,0,0,0,0,0,1,0,0,0,0,0,0,0,0,0,0,0,0,0,0,0,4,0,40.0209,-75.1403, , 
41680,484906,2014109811,6,46,46104,2014,10,2,1502,15,1,2,1,4,1, , ,N,1,2,0,3,0,2,5,3,N,N,39 58:44.064,75 16:20.216,1505, ,1502,1,1,1,N, ,3,N, , , , , , , , ,3,3,0,0,0,0,0,0,0,0,1,0,2,1,2,0,0,0,0,0,0,0,0,0,0,0,0,0,0,0,0,0,0,0,0,3,0,39.9788,-75.2722, , 
41681,484925,2014117787,6,67,67301,2014,11,4,630,6,3,1,0,0,1, , ,N,0,0,0,3,0,0,3,3,N,N,39 59:50.224,75 11:47.176,630, ,630, ,0, ,N, ,0, , , , , , , , , ,3,1,0,0,0,0,1,1,0,0,0,0,0,0,0,0,0,0,0,0,0,0,0,0,0,0,0,0,0,0,0,0,0,0,0,0,0,39.9973,-75.1964, , 
41682,479312,2014091402,6,67,67301,2014,8,4,648,6,1,1,0,1,1, , ,N,1,2,0,3,0,2,3,2,N, ,40 04:50.725,75 01:42.964,1230, ,1230, ,0, , , ,3, , , , , , , , , ,2,2,0,0,0,0,0,0,0,0,0,2,2,0,1,0,0,0,0,0,0,0,0,0,0,0,0,0,0,0,0,0,0,0,0,4,0,40.0808,-75.0286, , 
41683,479315,2014092942,6,67,67301,2014,9,6,1000,10,1,1,0,7,4, , ,N,0,0,0,3,0,1,1,1,N,N,40 00:33.523,75 04:01.136,1019, ,1000,2,1,2,N, ,0,Y, , , , , , , , ,1,1,0,0,0,0,0,0,0,0,0,1,1,0,0,0,0,0,0,0,0,0,0,0,0,0,0,0,0,0,0,0,0,0,0,4,0,40.0093,-75.067, , 
41684,479326,2014055887,6,67,67301,2014,5,7,1624,16,1,1,0,7,4, , ,N,0,0,0,3,0,1,1,1,N,N,39 59:45.365,75 04:59.181,1631, ,1634,2,2,2,N, ,0,N, , , , , , , , ,1,1,0,0,0,0,0,0,0,0,0,1,1,0,0,0,0,0,0,1,0,0,0,0,0,0,0,0,0,0,0,0,0,0,0,4,0,39.9959,-75.0831, , 
41685,479372,2014127617,6,67,67301,2014,12,6,113,1,3,1,0,7,2, , ,N,0,0,0,3,0,0,1,1,N,N,39 58:52.970,75 12:24.579,117, ,116,1,1,4,N, ,0,Y, , , , , , , , ,1,1,0,0,0,0,0,0,0,0,0,0,0,0,0,0,0,0,0,0,0,0,0,0,0,0,0,0,0,0,0,0,0,0,0,0,0,39.9814,-75.2068, , 
41686,479437,2014088073,6,67,67301,2014,8,7,1006,10,1,1,0,4,1, , ,N,1,2,0,3,0,1,3,2,N,N,40 03:04.368,75 03:57.572,1006, ,1006,9,1,4,N, ,3,N, , , , , , , , ,2,2,0,0,0,0,0,0,0,0,1,0,1,0,0,0,0,0,0,0,0,0,0,0,0,0,0,0,0,0,0,0,0,0,0,3,0,40.0512,-75.0661, , 
41687,479445,2014093554,6,67,67301,2014,9,2,2215,22,3,1,0,7,2, , ,N,7,8,2,3,0,1,1,1,N,N,40 00:05.577,75 11:40.535,2225, ,2220,9,2,1,N, ,3,Y, , , , , , , , ,1,0,1,0,0,0,0,0,0,1,0,0,1,0,0,0,0,0,0,0,0,0,0,0,0,0,0,0,0,1,0,0,0,0,0,2,0,40.0058,-75.1963, , 
41688,479475,2014087907,6,67,67301,2014,7,6,1625,16,1,1,0,8,1, , ,N,0,0,0,3,0,1,2,2,N, ,39 59:14.690,75 06:16.452,1640, ,1632,2,2,1, , ,0,Y, , , , , , , , ,1,0,0,0,1,0,0,0,0,0,1,0,1,0,0,0,0,0,1,0,0,0,0,0,0,0,0,0,0,0,0,0,1,0,0,3,0,39.9874,-75.1046, , 
41689,479476,2014087936,6,67,67301,2014,7,1,330,3,3,1,0,7,6, , ,N,0,0,0,3,0,0,1,1,N,N,39 56:04.918,75 10:18.821,337, ,335, ,0, ,N, ,0, , , , , , , , , ,1,0,0,0,0,0,0,1,0,0,0,0,0,0,0,0,0,0,0,0,0,0,0,0,0,0,0,0,0,0,0,0,0,0,0,0,0,39.9347,-75.1719, , 
41690,479478,2014089720,6,67,67301,2014,7,3,718,7,1,1,0,8,1, , ,N,0,0,0,3,0,1,2,2,N,N,40 02:14.906,75 08:15.519,1925, ,1921, ,0, ,N, ,0, , , , , , , , , ,1,1,0,0,0,0,0,0,0,0,0,0,1,1,0,0,0,0,1,0,0,0,0,0,0,0,0,0,0,0,0,0,1,0,0,8,0,40.0375,-75.1376, , 
41691,479486,2014096798,6,67,67301,2014,8,4,1850,18,1,1,0,8,1, , ,N,0,0,0,3,0,1,2,2,N,N,39 56:56.644,75 14:01.978,1856, ,1854, ,0, ,N, ,0, , , , , , , , , ,1,1,0,0,0,0,0,0,1,0,0,1,1,0,0,0,0,0,0,0,0,0,0,0,0,0,0,0,0,0,0,0,0,0,0,4,0,39.9491,-75.2339, , 
41692,479487,2014096809,6,67,67301,2014,9,3,815,8,1,1,1,2,1, , ,N,0,0,0,3,0,0,2,2,N,N,40 00:46.697,75 12:04.007,912, ,910, ,0, , , ,0, , , , , , , , , ,2,1,0,0,0,0,1,0,0,0,0,0,0,0,0,0,0,0,0,0,0,0,0,0,0,0,0,0,0,0,0,0,0,0,0,0,0,40.013,-75.2011, , 
41693,479508,2014087850,6,67,67301,2014,8,2,914,9,1,1,0,4,1, , ,N,1,2,0,3,0,4,4,3,N,N,40 03:17.359,75 09:09.802,917, ,915, ,0, ,N, ,3, , , , , , , , , ,3,2,0,0,0,0,1,0,0,0,0,0,4,4,0,0,0,0,0,1,1,0,0,0,0,0,0,0,0,0,0,0,0,0,0,8,0,40.0548,-75.1527, , 
41694,479509,2014088795,6,67,67301,2014,8,2,1847,18,1,1,0,4,1, , ,N,1,3,0,3,0,1,3,2,N,N,39 57:22.935,75 12:52.250,1851, ,1848, ,0, , , ,3, , , , , , , , , ,2,1,0,0,0,0,1,0,0,0,0,0,1,1,0,0,0,0,0,0,0,0,0,0,0,0,0,0,0,0,0,0,0,0,0,8,0,39.9564,-75.2145, , 
41695,479510,2014089023,6,67,67301,2014,6,2,2345,23,3,1,0,4,6, , ,N,1,3,0,3,0,0,1,2,N, ,39 55:14.307,75 10:49.159,2355, ,2352, ,0, , , ,3, , , , , , , , , ,2,2,0,0,0,0,0,0,0,0,0,0,0,0,0,0,0,0,0,0,0,0,0,1,0,0,0,0,0,0,0,0,0,0,0,0,0,39.9206,-75.1803, , 
41696,479519,2014068152,6,67,67301,2014,5,6,1145,11,1,1,0,4,1, , ,N,1,3,0,3,0,1,4,2,N,N,40 00:21.214,75 09:42.303,1153, ,1152, ,0, ,N, ,3, , , , , , , , , ,1,1,0,0,0,0,0,0,1,0,0,1,1,0,0,0,0,0,0,0,0,1,0,0,0,0,0,0,0,0,0,0,0,0,0,4,0,40.0059,-75.1618, , 
41697,479527,2014078871,6,67,67301,2014,6,5,1639,16,1,1,0,1,1, , ,N,0,0,0,3,0,1,4,3,N,N,39 56:46.609,75 10:42.247,1641, ,1640, ,0, ,N, ,0, , , , , , , , , ,3,1,0,0,0,0,0,2,0,0,0,1,1,0,1,0,0,0,0,0,1,0,0,0,0,0,0,0,0,0,0,0,0,0,0,4,0,39.9463,-75.1784, , 
41698,479533,2014084303,6,67,67301,2014,7,3,1104,11,1,1,0,7,3, , ,N,0,0,0,3,0,2,5,1,N,N,40 04:47.192,75 01:46.390,1110, ,1105, ,0, ,N, ,0, , , , , , , , , ,1,1,0,0,0,0,0,0,0,0,1,1,2,0,0,0,0,0,0,0,0,0,0,1,0,0,0,0,0,0,0,0,0,0,0,3,0,40.0798,-75.0296, , 
41699,479537,2014087811,6,67,67301,2014,7,4,1705,17,1,1,0,4,1, , ,N,0,0,0,3,0,0,2,2,N,N,39 58:50.600,75 12:17.800,1717, ,1708, ,0, ,N, ,0, , , , , , , , , ,2,1,0,0,0,0,1,0,0,0,0,0,0,0,0,0,0,0,0,0,0,0,0,0,0,0,0,0,0,0,0,0,0,0,0,0,0,39.9807,-75.2049, , 
41700,479540,2014091464,6,67,67301,2014,9,3,1630,16,1,1,0,8,1, , ,N,0,0,0,3,0,1,2,2,N,N,39 59:38.983,75 06:22.978,1035, ,1026, ,0, ,N, ,0, , , , , , , , , ,1,1,0,0,0,0,0,0,0,0,1,0,1,0,0,0,0,0,0,0,0,0,0,0,0,0,0,0,0,0,0,0,1,0,0,3,0,39.9942,-75.1064, , 
41701,482124,2014111458,6,67,67301,2014,10,2,1730,17,3,1,0,4,1, , ,N,1,3,0,3,0,1,3,2,N, ,39 58:09.440,75 09:48.286,1745, ,1735,9,1,1, , ,3,N, , , , , , , , ,2,2,0,0,0,0,0,0,0,0,0,1,1,0,0,0,0,0,0,0,0,0,0,0,0,0,0,0,0,0,0,0,0,0,0,4,0,39.9693,-75.1634, , 
41702,482149,2014065585,6,67,67301,2014,5,2,1830,18,1,1,0,8,1, , ,N,0,0,0,3,0,1,2,2,N, ,39 59:13.683,75 10:12.483,9999, ,1905, ,0, , , ,0, , , , , , , , , ,1,1,0,0,0,0,0,0,0,0,0,1,1,0,0,0,0,0,0,0,0,0,0,0,0,0,0,0,0,0,0,0,1,0,0,4,0,39.9871,-75.1701, , 
41703,482161,2014084272,6,67,67301,2014,7,2,1718,17,1,1,0,1,1, , ,N,1,3,0,3,0,1,2,2,N,N,40 01:17.814,75 02:39.397,1834, ,1833, ,0, ,N, ,3, , , , , , , , , ,2,2,0,0,0,0,0,0,0,0,0,1,1,0,1,0,0,0,0,0,0,0,0,0,0,0,0,0,0,0,0,0,0,0,0,4,0,40.0216,-75.0443, , 
41704,482162,2014084464,6,67,67301,2014,7,4,1530,15,1,1,0,4,1, , ,N,1,2,0,3,0,1,4,2,N,N,40 03:12.900,75 08:29.229,1540, ,1535, ,0, ,N, ,2, , , , , , , , , ,2,1,0,0,0,0,1,0,0,0,0,1,1,0,0,0,0,0,0,0,1,0,0,0,0,0,0,0,0,0,0,0,0,0,0,4,0,40.0537,-75.1414, , 
41705,482165,2014087771,6,67,67301,2014,7,6,1410,14,1,1,0,4,1, , ,N,2,2,0,3,0,3,5,5,N,N,39 55:01.268,75 12:57.480,1434, ,1428, ,0, ,N, ,3, , , , , , , , , ,5,2,0,0,2,0,1,0,0,0,0,3,3,0,0,0,0,0,0,0,3,0,0,0,0,0,0,0,0,0,0,0,0,0,0,4,0,39.9169,-75.2159, , 
41706,482166,2014087958,6,67,67301,2014,8,2,1500,15,1,1,0,4,1, , ,N,1,0,0,3,0,1,3,2,N, ,39 57:27.432,75 08:44.473,1517, ,1513, ,0, , , ,0, , , , , , , , , ,2,1,0,0,1,0,0,0,0,0,0,0,1,1,0,0,0,0,0,0,1,0,0,0,0,0,0,0,0,0,0,0,0,0,0,8,0,39.9576,-75.1457, , 
41707,482167,2014088296,6,67,67301,2014,7,7,930,9,1,2,1,4,1, , ,N,3,2,0,3,0,2,4,2,N,N,40 05:38.581,75 01:51.296,935, ,931,9,1,1,N, ,3,N, , , , , , , , ,2,0,0,0,1,0,0,1,0,0,0,2,2,0,0,0,0,0,0,0,1,0,0,0,0,0,0,0,0,0,0,0,0,0,0,4,0,40.0941,-75.0309, , 
41708,482172,2014095876,6,67,67301,2014,8,7,714,7,1,1,0,7,4, , ,N,0,0,0,3,1,0,1,1,N,N,39 54:54.035,75 08:16.026,719, ,714, ,0, ,N,0,0, , , , , , , , , ,1,1,0,0,0,0,0,0,0,0,0,0,0,0,0,0,0,0,0,0,0,0,0,0,0,0,1,0,0,0,0,0,0,0,0,1,0,39.915,-75.1378,2, 
41709,482179,2014106694,6,67,67301,2014,10,4,1631,16,1,1,0,1,6, , ,N,0,0,0,3,0,1,1,2,N,N,39 59:05.056,75 14:58.840,1650, ,1646, ,0, ,N, ,0, , , , , , , , , ,2,2,0,0,0,0,0,0,0,0,0,0,1,1,0,0,0,0,0,0,1,0,0,0,0,0,0,0,0,0,0,0,0,0,0,8,0,39.9847,-75.2497, , 
41710,482208,2014110393,6,67,67301,2014,10,4,657,6,5,2,1,8,1, , ,N,1,2,0,3,0,1,2,2,N,N,40 01:20.770,75 03:00.073,659, ,657, ,0, ,N, ,3, , , , , , , , , ,1,0,0,0,0,0,1,0,0,0,0,1,1,0,1,0,0,0,0,0,1,0,0,0,0,0,0,0,0,0,0,0,1,0,0,4,0,40.0224,-75.05, , 
41711,482211,2014111460,6,67,67301,2014,10,2,9999,99,1,1,0,6,1, , ,N,1,3,0,3,0,1,3,2,N, ,40 01:43.939,75 03:20.235,1550, ,1550,2,1,2, , ,3,N, , , , , , , , ,2,1,0,0,0,0,1,0,0,0,1,0,1,0,0,0,0,0,0,0,1,0,0,1,0,0,0,0,0,0,0,0,0,0,0,3,0,40.0289,-75.0556, , 
41712,482214,2014115564,6,67,67301,2014,11,4,133,1,3,1,0,4,1, , ,N,1,2,0,3,0,1,2,2,N,N,39 56:45.344,75 09:22.870,156, ,155, ,0, ,N, ,3, , , , , , , , , ,1,1,0,0,0,0,0,0,1,0,0,0,1,1,0,0,0,0,0,0,0,0,0,0,0,0,0,0,0,0,0,0,0,0,0,8,0,39.9459,-75.1564, , 
41713,482228,2014125168,6,67,67301,2014,11,3,1725,17,3,1,0,5,6, , ,N,0,0,0,3,0,1,2,4,N, ,40 01:33.824,75 02:34.848,1725, ,1816, ,0, , , ,0, , , , , , , , , ,4,1,0,0,0,0,2,1,0,0,0,1,1,0,1,0,0,0,0,0,0,0,0,0,0,0,0,0,0,0,0,0,0,0,0,4,0,40.0261,-75.043, , 
41714,482238,2015000385,6,67,67301,2014,12,1,37,0,3,1,0,7,3, , ,N,0,0,0,3,0,0,1,1,N,N,39 59:34.038,75 09:16.970,46, ,44,2,2,5,N, ,0,Y, , , , , , , , ,1,0,0,0,1,0,0,0,0,0,0,0,0,0,1,0,0,0,0,0,1,0,0,0,0,0,0,0,0,0,0,0,0,0,0,9,0,39.9928,-75.1547, , 
41715,482240,2014088383,6,67,67301,2014,7,2,2123,21,3,2,1,5,1, , ,N,0,0,3,3,0,1,2,2,N, ,39 55:09.257,75 12:19.016,2128, ,2126, ,0, , , ,0, , , , , , , , , ,2,1,0,0,1,0,0,0,0,0,0,0,1,1,0,0,0,0,0,0,1,0,0,0,0,0,0,0,0,0,0,0,0,0,0,8,0,39.9192,-75.2053, , 
41716,482253,2014127524,6,67,67301,2014,12,1,328,3,3,1,1,5,6, , ,N,0,0,0,3,0,0,1,3,N,N,40 02:30.663,75 08:51.100,336, ,333, ,0, ,N, ,0, , , , , , , , , ,3,3,0,0,0,0,0,0,0,0,0,0,0,0,0,0,0,0,0,0,0,0,0,0,0,0,0,0,0,0,0,0,0,0,0,0,0,40.0419,-75.1475, , 
41717,482262,2014061086,6,67,67301,2014,5,6,2254,22,3,1,0,4,1, , ,N,1,2,0,3,0,2,3,2,N,N,39 55:26.584,75 13:39.696,2325, ,1316, ,0, ,N, ,3, , , , , , , , , ,2,2,0,0,0,0,0,0,0,0,0,2,2,0,0,0,0,0,0,0,0,1,0,0,0,0,0,0,0,0,0,0,0,0,0,4,0,39.9241,-75.2277, , 
41718,482279,2014078797,6,67,67301,2014,6,7,2315,23,3,1,0,4,1, , ,N,1,2,3,3,0,1,2,2,N, ,39 57:29.829,75 09:50.647,2040, ,2030, ,0, , , ,3, , , , , , , , , ,1,0,0,0,0,0,0,0,1,1,0,0,1,0,0,0,0,0,0,0,0,0,0,0,0,0,0,0,0,0,0,1,0,0,0,2,0,39.9583,-75.1641, , 
41719,487312,2014125074,6,67,67301,2014,11,2,1222,12,1,1,0,4,1, , ,N,1,2,0,3,0,1,5,2,N,N,40 02:25.798,75 03:31.964,1237, ,1233,1,1,3,N, ,3,N, , , , , , , , ,2,0,0,0,0,0,2,0,0,0,0,1,1,0,0,0,0,0,0,0,1,0,0,0,0,0,0,0,0,0,0,0,0,0,0,4,0,40.0405,-75.0589, , 
41720,487314,2014127474,6,67,67301,2014,12,1,1605,16,3,1,0,4,1, , ,N,1,2,0,3,0,1,2,2,N,N,40 02:44.136,75 04:17.168,1647, ,1640, ,0, ,N, ,3, , , , , , , , , ,2,1,0,0,0,0,0,1,0,0,0,0,1,1,0,0,0,0,0,0,0,0,0,0,0,0,0,0,0,0,0,0,0,0,0,8,0,40.0456,-75.0714, , 
41721,487349,2014088832,6,67,67301,2014,8,4,2,0,3,2,1,1,1, , ,N,2,2,0,3,0,1,3,3,N,N,39 55:05.910,75 12:31.905,26, ,26, ,0, ,N, ,3, , , , , , , , , ,3,2,0,0,0,0,0,1,0,0,1,0,1,0,0,0,0,0,0,0,0,1,0,1,0,0,0,0,0,0,0,0,0,0,0,3,0,39.9183,-75.209, , 
41722,487350,2014088977,6,67,67301,2014,8,4,1435,14,1,1,0,4,1, , ,N,0,0,0,3,0,0,2,2,N,N,39 59:41.782,75 05:38.930,1435, ,1935, ,0, ,N, ,0, , , , , , , , , ,2,2,0,0,0,0,0,0,0,0,0,0,0,0,0,0,0,0,0,0,0,0,1,0,0,0,0,0,0,0,0,0,0,0,0,0,0,39.9949,-75.0941, , 
41723,487359,2014067911,6,67,67301,2014,6,2,1704,17,1,1,0,4,1, , ,N,2,0,0,3,0,1,2,2,N, ,40 00:29.592,75 05:41.301,1815, ,1800, ,0, , , ,0, , , , , , , , , ,2,2,0,0,0,0,0,0,0,0,0,1,1,0,0,0,0,0,0,0,0,0,0,0,0,0,0,0,0,0,0,0,0,0,0,4,0,40.0082,-75.0948, , 
41724,487373,2014091378,6,67,67301,2014,8,4,1722,17,1,1,0,5,1, , ,N,0,0,0,3,0,1,2,2,N, ,39 56:01.461,75 10:58.047,1732, ,1727, ,0, , , ,0, , , , , , , , , ,1,1,0,0,0,0,0,0,1,0,0,0,1,1,0,0,0,0,0,0,0,0,0,0,0,0,0,0,0,0,0,0,0,0,0,8,0,39.9337,-75.1828, , 
41725,487374,2014091395,6,67,67301,2014,9,4,1055,10,1,1,0,7,5, , ,N,0,0,0,3,0,0,2,1,N, ,40 00:17.843,75 10:44.265,1110, ,1104, ,0, , , ,0, , , , , , , , , ,1,1,0,0,0,0,0,0,0,0,0,0,0,0,2,0,0,0,0,0,0,0,0,0,0,0,0,0,0,0,0,0,0,0,0,9,0,40.005,-75.179, , 
41726,487380,2014095908,6,67,67301,2014,9,3,1630,16,1,1,0,4,1, , ,N,1,2,0,3,0,1,3,2,N,N,39 57:01.634,75 11:33.356,1630, ,1630, ,0, , , ,3, , , , , , , , , ,1,1,0,0,0,0,0,0,1,0,0,0,1,1,0,0,0,0,0,0,1,0,0,0,0,0,0,0,0,0,0,0,0,0,0,8,0,39.9505,-75.1926, , 
41727,487395,2014115602,6,67,67301,2014,10,5,815,8,1,1,0,8,1, , ,N,1,3,0,3,0,1,2,2,N,N,39 59:29.871,75 13:41.095,822, ,812,2,2,3,N, ,3,Y, , , , , , , , ,1,1,0,0,0,0,0,0,0,0,1,0,1,0,0,0,0,0,0,0,0,1,0,0,0,0,0,0,0,0,0,0,1,0,0,3,0,39.9916,-75.2281, , 
41728,487403,2014116601,6,67,67301,2014,11,3,1812,18,3,1,0,1,1, , ,N,0,0,0,3,0,1,2,2,N,N,39 58:20.503,75 11:37.209,1821, ,1816, ,0, ,N, ,0, , , , , , , , , ,2,2,0,0,0,0,0,0,0,0,0,0,1,1,0,0,0,0,0,0,0,0,0,0,0,0,0,0,0,0,0,0,0,0,0,8,0,39.9724,-75.1937, , 
41729,487416,2014125107,6,67,67301,2014,11,1,1032,10,1,1,0,1,6, , ,N,0,0,0,3,0,0,1,4,N,N,39 58:45.987,75 08:14.391,1055, ,1045,9,1,2,N, ,0,N, , , , , , , , ,4,2,0,0,2,0,0,0,0,0,0,0,0,0,1,0,0,0,0,0,0,0,0,0,0,0,0,0,0,0,0,0,0,0,0,9,0,39.9794,-75.1373, , 
41730,487418,2014127544,6,67,67301,2014,12,5,840,8,1,1,0,1,1, , ,N,0,0,0,3,0,1,4,2,N, ,40 00:23.032,75 07:54.008,855, ,855, ,0, , , ,0, , , , , , , , , ,2,2,0,0,0,0,0,0,0,0,0,0,1,1,0,0,0,0,0,0,0,0,0,0,0,0,0,0,0,0,0,0,0,0,0,8,0,40.0064,-75.1317, , 
41731,487426,2014122413,6,67,67301,2014,10,4,9999,99,1,1,0,4,1, , ,N,2,2,0,3,0,1,3,2,N,N,39 54:54.574,75 09:28.933,1540, ,1537,3,1,3,N, ,3,N, , , , , , , , ,2,1,1,0,0,0,0,0,0,0,0,1,1,0,0,0,0,0,0,0,1,0,0,0,0,0,0,0,0,0,0,0,0,0,0,4,0,39.9151,-75.158, , 
41732,487430,2014130390,6,67,67301,2014,12,1,215,2,3,1,0,5,1, , ,N,0,0,0,3,0,1,3,2,N,N,40 01:32.826,75 09:33.876,244, ,235, ,0, ,N, ,0, , , , , , , , , ,2,2,0,0,0,0,0,0,0,0,0,0,1,1,2,0,0,0,0,0,0,0,0,1,0,0,0,0,0,0,0,0,0,0,0,8,0,40.0258,-75.1594, , 
41733,487457,2014111491,6,67,67301,2014,9,1,1500,15,1,1,0,5,1, , ,N,0,0,0,3,0,1,3,2,N,N,39 55:56.838,75 09:51.280,2030, ,2030, ,0, ,N, ,0, , , , , , , , , ,1,1,0,0,0,0,0,0,1,0,0,1,1,0,0,0,0,0,0,0,0,0,0,0,0,0,0,0,0,0,0,0,0,0,0,4,0,39.9325,-75.1642, , 
41734,487468,2014121485,6,67,67301,2014,11,5,1435,14,1,1,0,1,1, , ,N,2,2,0,3,0,2,2,2,N,N,39 53:40.546,75 14:48.116,1500, ,1455,2,2,1,N, ,3,N, , , , , , , , ,2,1,0,0,0,0,0,1,0,0,0,2,2,0,0,0,0,0,0,1,0,0,0,0,0,0,0,0,0,0,0,0,0,0,0,4,0,39.8944,-75.2466, , 
41735,487474,2014127483,6,67,67301,2014,12,3,1113,11,1,2,1,4,1, , ,N,5,2,0,3,0,0,2,2,N,N,40 00:24.105,75 08:35.066,1125, ,1118, ,0, , , ,3, , , , , , , , , ,2,2,0,0,0,0,0,0,0,0,0,0,0,0,0,0,0,0,0,0,1,0,0,0,0,0,0,0,0,0,0,0,0,0,0,0,0,40.0067,-75.1431, , 
41736,487477,2014130529,6,67,67301,2014,11,3,1850,18,3,1,0,4,1, , ,N,2,3,0,3,0,1,2,2,N,N,39 56:48.507,75 14:52.803,1852, ,1850, ,0, ,N, ,3, , , , , , , , , ,2,1,1,0,0,0,0,0,0,0,1,0,1,0,0,0,0,0,0,0,0,0,0,0,0,0,0,0,0,0,0,0,0,0,0,3,0,39.9468,-75.248, , 
41737,484942,2014038900,6,67,67301,2014,2,6,836,8,1,1,0,8,1, , ,N,1,2,0,3,0,1,2,2,N,N,39 57:13.719,75 09:59.863,840, ,837, ,0, ,N, ,3, , , , , , , , , ,1,0,0,0,0,0,0,1,0,0,0,1,1,0,0,0,0,0,0,0,1,0,0,0,0,0,0,0,0,0,0,0,1,0,0,4,0,39.9538,-75.1666, , 
41738,484979,2014113485,6,67,67301,2014,10,5,1810,18,3,1,0,4,1, , ,N,2,0,0,3,0,0,3,3,N,N,40 02:18.806,75 12:41.675,1928, ,1810, ,0, ,N, ,0, , , , , , , , , ,3,1,0,0,0,0,1,1,0,0,0,0,0,0,0,0,0,0,0,0,0,0,0,3,0,0,0,0,0,0,0,0,0,0,0,0,0,40.0386,-75.2116, , 