objectid_1,objectid,crn,district,county,municipality,crash_year,crash_month,day_of_week,time_of_day,hour_of_day,illumination,weather,road_condition,collision_type,relation_to_road,work_zone_type,work_zone_loc,work_zone_ind,intersect_type,tcd_type,location_type,urban_rural,fatal_count,injury_count,person_count,total_units,sch_bus_ind,sch_zone_ind,latitude,longitude,arrival_tm,cons_zone_spd_lim,dispatch_tm,est_hrs_closed,lane_closed,ln_close_dir,ntfy_hiwy_maint,spec_juris_cd,tcd_func_cd,tfc_detour_ind,workers_pres,wz_close_detour,wz_flagger,wz_law_offcr_ind,wz_ln_closure,wz_moving,wz_other,wz_shlder_mdn,vehicle_count,automobile_count,motorcycle_count,bus_count,small_truck_count,heavy_truck_count,suv_count,van_count,bicycle_count,maj_inj_count,mod_inj_count,min_inj_count,tot_inj_count,unk_inj_deg_count,unk_inj_per_count,driver_count_16yr,driver_count_17yr,driver_count_18yr,driver_count_19yr,driver_count_20yr,driver_count_50_64yr,driver_count_65_74yr,driver_count_75plus,unbelted_occ_count,unb_death_count,unb_maj_inj_count,belted_death_count,belted_maj_inj_count,mcycle_death_count,mcycle_maj_inj_count,bicycle_death_count,bicycle_maj_inj_count,ped_count,ped_death_count,ped_maj_inj_count,max_severity_level,comm_veh_count,dec_lat,dec_long,rdwy_surf_type_cd,county_name
42278,472569,2014068107,6,67,67301,2014,5,7,9999,99,3,1,0,4,1, , ,N,1,2,0,3,0,1,2,2,N,N,40 02:09.477,75 02:33.014,38, ,33, ,0, , , ,3, , , , , , , , , ,2,1,0,0,0,0,0,1,0,0,0,1,1,0,0,0,0,0,0,0,0,0,0,0,0,0,0,0,0,0,0,0,0,0,0,4,0,40.0359,-75.0424, , 
42279,472572,2014069426,6,67,67301,2014,6,2,815,8,1,1,0,4,1, , ,N,1,0,0,3,0,2,3,3,N, ,40 03:30.710,75 04:43.351,840, ,9999, ,0, , , ,0, , , , , , , , , ,3,2,0,0,0,0,0,0,0,0,0,0,2,2,0,0,0,0,0,0,0,0,1,0,0,0,0,0,0,0,0,0,0,0,0,8,0,40.0585,-75.0788, , 
42280,472584,2014081080,6,67,67301,2014,7,2,207,2,3,1,0,7,4, , ,N,1,2,0,3,1,1,2,1,N,N,40 00:36.531,75 07:17.602,210, ,207,3,2,7, ,0,3,Y, , , , , , , , ,1,1,0,0,0,0,0,0,0,1,0,0,1,0,0,0,0,0,0,0,0,0,0,1,1,0,0,0,0,0,0,0,0,0,0,1,0,40.0101,-75.1214,2, 
42281,472590,2014083058,6,67,67301,2014,6,2,240,2,3,1,0,5,6, , ,N,0,0,0,3,0,0,1,6,N,N,39 56:35.896,75 14:19.036,250, ,245,3,1,4, , ,0,N, , , , , , , , ,6,4,0,0,0,0,2,0,0,0,0,0,0,0,0,0,0,0,0,0,0,0,0,0,0,0,0,0,0,0,0,0,0,0,0,0,0,39.9433,-75.2386, , 
42282,472592,2014068569,6,67,67301,2014,6,7,1535,15,1,1,0,9,1, , ,N,0,0,0,3,0,1,2,2,N,N,39 58:35.824,75 09:51.062,1540, ,1540, ,0, ,N, ,0, , , , , , , , , ,1,0,0,0,1,0,0,0,1,0,0,1,1,0,1,0,0,0,0,0,0,0,0,0,0,0,0,0,0,0,0,0,0,0,0,4,0,39.9766,-75.1642, , 
42283,472612,2015002715,6,67,67301,2014,12,5,1210,12,1,1,0,2,1, , ,N,0,2,0,3,0,1,2,2,N,N,39 54:10.402,75 10:26.428,1250, ,1226, ,0, ,N, ,2, , , , , , , , , ,2,2,0,0,0,0,0,0,0,0,1,0,1,0,0,0,0,0,0,0,1,0,0,0,0,0,0,0,0,0,0,0,0,0,0,3,0,39.9029,-75.174, , 
42284,472614,2015028128,6,67,67301,2014,9,2,1600,16,1,1,0,4,1, , ,N,1,3,0,3,0,4,5,2,N,N,39 59:13.857,75 09:02.072,0, ,0, ,0, ,N, ,3, , , , , , , , , ,2,0,0,0,0,0,1,0,0,0,4,0,4,0,0,0,0,0,0,0,1,0,0,0,0,0,0,0,0,0,0,0,0,0,0,3,0,39.9872,-75.1505, , 
42285,472615,2015031446,6,67,67301,2014,12,2,2000,20,3,1,0,7,5, , ,N,0,0,0,3,0,3,3,2,N,N,39 53:55.716,75 14:20.671,0, ,0, ,0, ,N, ,0, , , , , , , , , ,1,1,0,0,0,0,0,0,0,0,0,0,3,3,0,0,0,0,0,0,0,0,0,0,0,0,0,0,0,0,0,0,0,0,0,8,0,39.8988,-75.2391, , 
42286,472621,2014113428,6,67,67301,2014,10,6,334,3,3,1,0,7,4, , ,N,2,2,0,3,0,0,5,1,N, ,40 05:47.006,74 58:15.579,339, ,336,9,2,7,N, ,3,Y, , , , , , , , ,1,1,0,0,0,0,0,0,0,0,0,0,0,0,0,0,0,0,0,0,0,0,0,0,0,0,0,0,0,0,0,0,0,0,0,0,0,40.0964,-74.971, , 
42287,475117,2014087824,6,67,67301,2014,7,5,1220,12,1,1,0,5,1, , ,N,0,0,0,3,0,0,2,3,N,N,40 02:06.248,75 07:50.610,1225, ,1224,1,1,1,N, ,0,N, , , , , , , , ,3,3,0,0,0,0,0,0,0,0,0,0,0,0,0,0,0,0,0,0,0,0,0,2,0,0,0,0,0,0,0,0,0,0,0,0,0,40.0351,-75.1307, , 
42288,475119,2014088937,6,67,67301,2014,8,1,9999,99,3,1,0,4,1, , ,N,1,2,0,3,0,1,5,2,N,N,40 01:21.712,75 08:00.711,2226, ,2152,1,1,1, , ,3,N, , , , , , , , ,2,2,0,0,0,0,0,0,0,0,0,1,1,0,3,0,0,0,0,0,0,0,0,0,0,0,0,0,0,0,0,0,0,0,0,4,0,40.0227,-75.1335, , 
42289,475124,2014098615,6,67,67301,2014,9,6,1741,17,1,1,0,4,1, , ,N,1,2,0,3,0,0,2,2,N,N,40 00:02.469,75 08:52.972,1746, ,1746, ,0, ,N, ,3, , , , , , , , , ,2,1,0,0,0,0,1,0,0,0,0,0,0,0,0,0,0,0,0,0,0,0,0,0,0,0,0,0,0,0,0,0,0,0,0,0,0,40.0007,-75.148, , 
42290,475135,2014121441,6,67,67301,2014,9,7,156,1,3,1,0,7,4, , ,N,0,0,0,3,0,1,1,1,N,N,40 01:17.328,75 08:56.814,208, ,158,4,2,3,N, ,0,Y, , , , , , , , ,1,1,0,0,0,0,0,0,0,0,0,1,1,0,0,0,0,0,0,0,1,0,0,0,0,0,0,0,0,0,0,0,0,0,0,4,0,40.0215,-75.1491, , 
42291,475172,2014049609,6,67,67301,2014,4,6,1557,15,1,1,0,7,4, , ,N,1,2,0,3,0,2,2,2,N,N,40 03:28.882,75 03:09.932,1605, ,1600, ,0, , , ,3, , , , , , , , , ,1,1,0,0,0,0,0,0,0,0,0,0,2,2,0,0,0,0,0,0,0,0,0,0,0,0,0,0,0,0,0,0,1,0,0,8,0,40.058,-75.0527, , 
42292,475176,2014058991,6,67,67301,2014,4,5,9999,99,1,1,0,8,1, , ,N,0,0,0,3,0,1,2,2,N,N,39 57:53.626,75 09:51.630,2001, ,1958, ,0, ,N, ,0, , , , , , , , , ,1,1,0,0,0,0,0,0,0,0,0,1,1,0,0,0,0,0,0,0,0,0,0,0,0,0,0,0,0,0,0,0,1,0,0,4,0,39.9649,-75.1643, , 
42293,475177,2014059302,6,67,67301,2014,5,4,205,2,3,1,0,5,6, , ,N,0,0,0,3,0,1,1,4,N, ,39 59:36.928,75 06:39.141,212, ,211,3,1,4, , ,0,Y, , , , , , , , ,4,1,0,0,0,0,3,0,0,0,0,1,1,0,0,0,0,0,0,0,0,0,0,0,0,0,0,0,0,0,0,0,0,0,0,4,0,39.9936,-75.1109, , 
42294,475191,2014076405,6,67,67301,2014,8,2,1839,18,1,1,0,1,1, , ,N,0,0,0,3,0,2,2,2,N,N,40 00:10.024,75 11:40.037,1850, ,1842,1,1,4,N, ,0,N, , , , , , , , ,2,0,0,0,1,0,1,0,0,0,0,0,2,2,0,0,0,0,0,0,0,0,0,0,0,0,0,0,0,0,0,0,0,0,0,8,0,40.0028,-75.1945, , 
42295,475200,2014084358,6,67,67301,2014,7,5,938,9,1,1,0,5,1, , ,N,0,0,0,3,0,1,2,2,N,N,39 57:09.090,75 12:33.490,942, ,939, ,0, ,N, ,0, , , , , , , , , ,1,1,0,0,0,0,0,0,1,0,0,1,1,0,0,0,0,0,0,0,0,0,0,0,0,0,0,0,0,0,0,0,0,0,0,4,0,39.9525,-75.2093, , 
42296,475207,2014088106,6,67,67301,2014,7,3,1605,16,1,1,0,4,1, , ,N,1,2,0,3,0,1,2,2,N,N,40 01:24.369,75 08:21.713,1630, ,1620, ,0, ,N, ,2, , , , , , , , , ,2,2,0,0,0,0,0,0,0,0,0,1,1,0,0,0,0,0,0,0,0,0,0,0,0,0,0,0,0,0,0,0,0,0,0,4,0,40.0234,-75.1394, , 
42297,475208,2014088794,6,67,67301,2014,8,4,2315,23,3,1,0,1,1, , ,N,0,0,0,3,0,1,2,2,N,N,39 54:47.410,75 09:54.290,1228, ,1223, ,0, ,N, ,0, , , , , , , , , ,1,0,1,0,0,0,0,0,1,0,0,0,1,1,0,0,0,0,0,0,0,0,0,0,0,0,0,0,0,0,0,0,0,0,0,8,0,39.9132,-75.1651, , 
42298,475261,2014122471,6,67,67301,2014,11,5,1025,10,1,2,1,4,1, , ,N,1,3,0,3,0,1,2,2,N, ,39 57:34.894,75 13:43.795,1040, ,1038, ,0, , , ,3, , , , , , , , , ,2,2,0,0,0,0,0,0,0,0,0,1,1,0,0,0,0,0,0,0,0,0,0,0,0,0,0,0,0,0,0,0,0,0,0,4,0,39.9597,-75.2288, , 
42299,475266,2014127306,6,67,67301,2014,12,4,800,8,1,1,0,4,1, , ,N,1,2,0,3,0,1,2,2,N,N,39 58:42.242,75 09:20.526,805, ,800,1,1,3,N, ,3,Y, , , , , , , , ,2,1,0,0,0,1,0,0,0,0,0,1,1,0,0,0,0,0,0,0,1,0,0,0,0,0,0,0,0,0,0,0,0,0,0,4,1,39.9783,-75.1557, , 
42300,475288,2015006646,6,67,67301,2014,12,4,1608,16,4,2,2,7,4, , ,N,0,0,0,3,0,1,4,1,N,N,39 59:14.693,75 09:56.814,1614, ,1610, ,0, ,N, ,0, , , , , , , , , ,1,0,0,0,0,0,1,0,0,0,0,1,1,0,0,0,0,0,0,0,0,0,0,0,0,0,0,0,0,0,0,0,0,0,0,4,0,39.9874,-75.1658, , 
42301,475316,2014091380,6,67,67301,2014,8,6,1027,10,1,1,0,4,1, , ,N,1,2,0,3,0,1,2,2,N, ,40 00:36.435,75 07:17.178,1033, ,1029,2,2,6, , ,3,Y, , , , , , , , ,2,2,0,0,0,0,0,0,0,0,0,1,1,0,0,0,0,0,0,0,0,0,0,0,0,0,0,0,0,0,0,0,0,0,0,4,0,40.0101,-75.1214, , 
42302,475327,2014104551,6,67,67301,2014,9,5,1820,18,1,1,0,8,1, , ,N,2,2,0,3,0,1,2,2,N,N,39 56:56.025,75 11:22.873,1826, ,1825, ,0, ,N, ,3, , , , , , , , , ,1,1,0,0,0,0,0,0,0,0,0,0,1,1,0,0,0,0,0,0,1,0,0,0,0,0,0,0,0,0,0,0,1,0,0,8,0,39.9489,-75.1897, , 
42303,475329,2014107216,6,67,67301,2014,10,7,1515,15,1,2,1,5,1, , ,N,0,0,0,3,0,1,3,3,N,N,40 01:13.502,75 09:12.567,1531, ,1515,2,2,2,N, ,0,Y, , , , , , , , ,3,2,0,0,0,0,1,0,0,0,0,1,1,0,0,0,0,0,0,0,1,0,0,0,0,0,0,0,0,0,0,0,0,0,0,4,0,40.0204,-75.1535, , 
42304,475336,2014116034,6,67,67301,2014,5,7,2130,21,1,1,0,5,1, , ,N,0,0,0,3,0,0,3,2,N,N,39 58:04.487,75 11:24.950,0, ,0, ,0, ,N, ,0, , , , , , , , , ,2,0,0,0,1,0,0,0,0,0,0,0,0,0,1,0,0,0,0,0,1,0,0,0,0,0,0,0,0,0,0,0,0,0,0,9,0,39.9679,-75.1903, , 
42305,466966,2014073963,6,67,67301,2014,6,7,1145,11,1,1,0,1,1, , ,N,0,0,0,3,0,1,5,2,N,N,40 00:06.702,75 11:41.845,1150, ,1150, ,0, ,N, ,0, , , , , , , , , ,2,1,0,0,1,0,0,0,0,0,0,1,1,0,0,0,0,0,0,0,0,1,0,0,0,0,0,0,0,0,0,0,0,0,0,4,0,40.0019,-75.195, , 
42306,466972,2014088082,6,67,67301,2014,8,1,1520,15,1,1,0,4,1, , ,N,1,2,0,3,0,2,3,2,N,N,39 54:15.296,75 09:52.610,1626, ,1609, ,0, ,N, ,3, , , , , , , , , ,2,2,0,0,0,0,0,0,0,0,0,0,2,2,0,0,0,0,0,1,1,0,0,0,0,0,0,0,0,0,0,0,0,0,0,8,0,39.9042,-75.1646, , 
42307,466980,2014096804,6,67,67301,2014,9,5,1130,11,1,1,0,1,1, , ,N,2,2,0,3,0,1,3,2,N,N,40 01:50.524,75 03:42.293,1203, ,1150,1,1,4,N, ,3,N, , , , , , , , ,2,2,0,0,0,0,0,0,0,0,0,1,1,0,0,0,0,0,0,0,1,1,0,0,0,0,0,0,0,0,0,0,0,0,0,4,0,40.0307,-75.0617, , 
42308,466981,2014098652,6,67,67301,2014,9,6,230,2,3,1,0,5,6, , ,N,0,0,0,3,0,0,1,2,N,N,39 56:57.021,75 09:51.683,239, ,235, ,0, ,N, ,0, , , , , , , , , ,2,2,0,0,0,0,0,0,0,0,0,0,0,0,0,0,0,0,0,0,0,0,0,1,0,0,0,0,0,0,0,0,0,0,0,0,0,39.9492,-75.1644, , 
42309,467006,2014113316,6,67,67301,2014,10,6,1850,18,1,1,0,3,1, , ,N,1,3,0,3,0,1,4,2,Y, ,39 57:03.654,75 13:29.060,1026, ,1858, ,0, , , ,3, , , , , , , , , ,2,1,0,1,0,0,0,0,0,0,0,0,1,1,0,0,0,0,0,0,0,0,0,0,0,0,0,0,0,0,0,0,0,0,0,8,1,39.951,-75.2247, , 
42310,467011,2014119571,6,67,67301,2014,11,7,917,9,1,1,0,1,1, , ,N,0,0,0,3,0,0,6,3,N,N,39 58:22.317,75 11:37.146,928, ,920,1,1,4,N, ,0,N, , , , , , , , ,3,2,0,0,0,0,1,0,0,0,0,0,0,0,0,0,0,0,0,0,0,0,0,0,0,0,0,0,0,0,0,0,0,0,0,0,0,39.9729,-75.1937, , 
42311,467020,2014083081,6,67,67301,2014,6,3,1148,11,1,1,0,8,1, , ,N,0,0,0,3,0,1,2,2,N,N,39 57:22.133,75 09:43.577,1308, ,1258, ,0, , , ,0, , , , , , , , , ,1,1,0,0,0,0,0,0,0,0,0,1,1,0,0,0,0,0,0,0,0,0,0,0,0,0,0,0,0,0,0,0,1,0,0,4,0,39.9561,-75.1621, , 
42312,467022,2014087860,6,67,67301,2014,7,5,836,8,1,1,1,4,1, , ,N,3,0,0,3,0,1,2,2,N,N,39 58:04.262,75 10:48.560,837, ,806, ,0, , , ,0, , , , , , , , , ,1,0,0,0,0,0,1,0,1,0,0,1,1,0,0,0,0,0,0,0,1,0,0,0,0,0,0,0,0,0,0,0,0,0,0,4,0,39.9678,-75.1802, , 
42313,467025,2014095954,6,67,67301,2014,9,1,2126,21,3,1,0,4,1, , ,N,1,3,0,3,0,1,2,2,N, ,39 58:25.946,75 08:35.552,2134, ,2130,2,2,3, , ,3,Y, , , , , , , , ,1,1,0,0,0,0,0,0,1,0,1,0,1,0,0,0,0,0,0,0,1,0,0,0,0,0,0,0,0,0,0,0,0,0,0,3,0,39.9739,-75.1432, , 
42314,467026,2014096401,6,67,67301,2014,9,1,107,1,3,1,0,4,1, , ,N,0,0,0,3,0,5,6,3,N,N,39 57:46.426,75 12:06.810,112, ,108,2,2,4,N, ,0,Y, , , , , , , , ,3,2,0,0,0,0,0,0,0,0,0,5,5,0,0,0,0,0,0,0,0,0,0,0,0,0,0,0,0,0,0,0,0,0,0,4,0,39.9629,-75.2019, , 
42315,467027,2014097849,6,67,67301,2014,10,5,1717,17,1,1,0,7,4, , ,N,0,0,0,3,0,1,2,2,N,N,40 00:35.194,75 03:53.756,1724, ,1717,2,1,2,N, ,0,N, , , , , , , , ,2,1,0,0,0,0,0,1,0,0,0,1,1,0,0,0,0,0,0,0,0,0,0,1,0,0,0,0,0,0,0,0,0,0,0,4,0,40.0098,-75.0649, , 
42316,467038,2014110421,6,67,67301,2014,10,2,1100,11,1,1,0,8,1, , ,N,5,2,1,3,0,1,2,2,N, ,40 00:01.004,75 06:23.097,1100, ,1100, ,0, , , ,3, , , , , , , , , ,1,1,0,0,0,0,0,0,0,0,0,1,1,0,0,0,0,0,0,0,0,0,0,0,0,0,0,0,0,0,0,0,1,0,0,4,0,40.0003,-75.1064, , 
42317,467058,2014122440,6,67,67301,2014,11,1,1310,13,1,1,0,4,1, , ,N,1,2,0,3,0,4,6,2,N,N,40 03:58.061,75 03:46.964,1320, ,1310,3,1,1,N, ,3,N, , , , , , , , ,2,1,0,0,0,0,1,0,0,0,0,0,4,4,0,0,0,0,0,0,0,1,0,0,0,0,0,0,0,0,0,0,0,0,0,8,0,40.0661,-75.063, , 
42318,467060,2014124992,6,67,67301,2014,11,2,1805,18,4,1,0,4,1, , ,N,2,0,2,3,0,2,4,2,N,N,39 57:15.224,75 08:22.204,1810, ,9999,2,1,1,N, ,0,N, , , , , , , , ,2,2,0,0,0,0,0,0,0,0,0,2,2,0,0,0,0,0,0,0,1,0,0,0,0,0,0,0,0,0,0,0,0,0,0,4,0,39.9542,-75.1395, , 
42319,467087,2014110400,6,67,67301,2014,10,6,1822,18,4,1,0,4,1, , ,N,1,0,0,3,0,1,2,2,N,N,39 57:18.295,75 11:29.875,1824, ,1824, ,0, ,N, ,0, , , , , , , , , ,1,1,0,0,0,0,0,0,1,0,0,0,1,1,0,0,0,0,0,0,0,0,0,0,0,0,0,0,0,0,0,0,0,0,0,8,0,39.9551,-75.1916, , 
42320,467090,2014113346,6,67,67301,2014,10,5,941,9,1,2,1,7,2, , ,N,0,0,0,3,0,0,1,2,N,N,40 01:45.019,75 11:23.960,948, ,942,2,1,2,N, ,0,N, , , , , , , , ,1,1,0,0,0,0,0,0,0,0,0,0,0,0,0,0,0,0,0,0,1,0,0,0,0,0,0,0,0,0,0,0,0,0,0,0,0,40.0292,-75.19, , 
42321,467135,2014075021,6,67,67301,2014,7,3,1155,11,1,1,0,1,1, , ,N,0,0,0,3,0,0,2,2,N,N,40 03:01.008,74 59:29.023,1206, ,1200, ,0, ,N, ,0, , , , , , , , , ,2,0,0,0,1,0,0,1,0,0,0,0,0,0,0,1,0,0,0,0,0,0,0,0,0,0,0,0,0,0,0,0,0,0,0,0,0,40.0503,-74.9914, , 
42322,467137,2014075984,6,67,67301,2014,6,3,1145,11,1,1,0,4,1, , ,N,1,2,0,3,0,2,3,2,N, ,39 57:13.024,75 13:05.347,1148, ,1148,2,1,3, , ,3,Y, , , , , , , , ,2,1,0,0,0,0,0,1,0,0,0,1,2,1,0,0,0,0,0,0,0,1,0,0,0,0,0,0,0,0,0,0,0,0,0,4,0,39.9536,-75.2182, , 
42323,469731,2014073887,6,67,67301,2014,7,1,1044,10,1,1,0,1,1,1,4,Y,0,0,0,3,0,1,5,2,N,N,39 58:35.361,75 06:52.194,1044,45,1044,1,2,2,N, ,0,N,N,N,N,N,Y,N,N,N,2,2,0,0,0,0,0,0,0,0,0,0,1,1,0,0,0,0,0,0,1,0,0,0,0,0,0,0,0,0,0,0,0,0,0,8,0,39.9765,-75.1145, , 
42324,469739,2014084405,6,67,67301,2014,6,2,945,9,1,1,0,4,1, , ,N,1,2,0,3,0,1,2,2,N, ,39 56:18.452,75 10:17.734,953, ,953,1,1,6, , ,3,N, , , , , , , , ,2,0,0,0,0,0,1,1,0,0,0,1,1,0,0,0,0,0,0,0,0,0,0,0,0,0,0,0,0,0,0,0,0,0,0,4,0,39.9385,-75.1716, , 
42325,469748,2014115594,6,67,67301,2014,10,6,1731,17,1,1,0,1,1, , ,N,0,0,0,3,0,2,3,2,N, ,40 01:16.776,75 03:07.787,1742, ,1732, ,0, , , ,0, , , , , , , , , ,2,2,0,0,0,0,0,0,0,0,0,0,2,2,0,0,0,0,0,0,0,0,0,0,0,0,0,0,0,0,0,0,0,0,0,8,0,40.0213,-75.0522, , 
42326,469758,2014126223,6,67,67301,2014,12,1,432,4,3,1,0,5,1, , ,N,0,0,0,3,0,1,1,4,N,N,39 55:29.975,75 10:10.079,440, ,436, ,0, ,N, ,0, , , , , , , , , ,4,3,0,0,0,0,1,0,0,0,0,1,1,0,0,0,0,0,1,0,0,0,0,1,0,0,0,0,0,0,0,0,0,0,0,4,0,39.925,-75.1695, , 
42327,469780,2014130443,6,67,67301,2014,12,6,1500,15,1,1,0,5,6, , ,N,0,0,0,3,0,1,2,2,N, ,39 57:48.596,75 13:33.970,1540, ,1535, ,0, , , ,0, , , , , , , , , ,2,1,0,0,0,0,1,0,0,0,0,1,1,0,0,0,0,0,0,0,0,0,0,0,0,0,0,0,0,0,0,0,0,0,0,4,0,39.9635,-75.2261, , 
42328,469781,2014131918,6,67,67301,2014,12,4,213,2,3,1,1,7,2, , ,N,0,0,2,3,0,0,1,1,N,N,39 57:27.076,75 08:25.917,228, ,219,1,1,1,N, ,0,N, , , , , , , , ,1,1,0,0,0,0,0,0,0,0,0,0,0,0,1,0,0,0,0,0,0,0,0,0,0,0,0,0,0,0,0,0,0,0,0,9,0,39.9575,-75.1405, , 
42329,469814,2014130496,6,67,67301,2014,12,4,311,3,3,1,1,5,6, , ,N,0,0,0,3,0,0,2,2,N, ,39 59:20.111,75 07:11.580,9999, ,9999, ,0, , , ,0, , , , , , , , , ,2,1,0,0,1,0,0,0,0,0,0,0,0,0,2,0,0,0,0,0,0,0,0,0,0,0,0,0,0,0,0,0,0,0,0,9,0,39.9889,-75.1199, , 
42330,469819,2014120303,6,67,67301,2014,11,7,1225,12,1,1,0,8,1, , ,N,5,2,0,3,0,1,2,2,N,N,40 01:22.061,75 09:32.460,1310, ,1300, ,0, ,N, ,3, , , , , , , , , ,1,0,0,0,0,1,0,0,0,0,0,1,1,0,0,0,0,0,0,0,0,0,0,0,0,0,0,0,0,0,0,0,1,0,0,4,1,40.0228,-75.159, , 
42331,469826,2014130440,6,67,67301,2014,12,5,710,7,5,4,1,7,4, , ,N,2,3,0,3,0,0,1,1,N,N,40 01:56.924,75 13:24.682,731, ,730, ,0, ,N, ,3, , , , , , , , , ,1,1,0,0,0,0,0,0,0,0,0,0,0,0,0,0,0,0,0,0,0,0,0,0,0,0,0,0,0,0,0,0,0,0,0,0,0,40.0325,-75.2235, , 
42332,469831,2015018985,6,67,67301,2014,6,5,236,2,3,1,1,4,1, , ,N,1,2,0,3,0,1,2,2,N,N,39 57:17.234,75 09:58.979,240, ,236, ,0, ,N, ,3, , , , , , , , , ,1,1,0,0,0,0,0,0,1,0,0,0,1,1,0,0,0,0,0,0,1,0,0,0,0,0,0,0,0,0,0,0,0,0,0,8,0,39.9548,-75.1664, , 
42333,469832,2014043101,6,67,67301,2014,3,3,232,2,3,1,0,7,2, , ,N,0,0,0,3,0,0,1,1,N,N,40 00:37.128,75 11:07.696,242, ,236,1,1,2,N, ,0,N, , , , , , , , ,1,0,0,0,0,0,1,0,0,0,0,0,0,0,0,0,0,0,0,0,0,0,0,0,0,0,0,0,0,0,0,0,0,0,0,0,0,40.0103,-75.1855, , 
42334,469833,2014043106,6,67,67301,2014,3,1,9999,99,1,2,1,4,1, , ,N,0,0,7,3,0,2,2,2,N, ,39 59:38.375,75 09:17.828,1400, ,1330, ,0, , , ,0, , , , , , , , , ,2,1,0,0,1,0,0,0,0,0,1,0,2,1,0,0,0,1,0,0,0,0,0,0,0,0,0,0,0,0,0,0,0,0,0,3,0,39.994,-75.155, , 
42335,469842,2014045611,6,67,67301,2014,5,5,2233,22,3,1,0,7,2, , ,N,0,0,0,3,0,2,2,1,N,N,39 57:36.375,75 10:49.794,2251, ,2245,2,1,3,N, ,0,N, , , , , , , , ,1,1,0,0,0,0,0,0,0,0,1,1,2,0,0,0,0,0,0,0,0,0,0,0,0,0,0,0,0,0,0,0,0,0,0,3,0,39.9601,-75.1805, , 
42336,469843,2014045988,6,46,46102,2014,5,1,1339,13,1,2,1,7,2, , ,N,0,0,1,3,0,1,1,1,N,N,40 03:44.456,75 08:15.917,1342, ,1339,1,2,4,N, ,0,Y, , , , , , , , ,1,0,0,0,0,0,1,0,0,0,0,0,1,1,0,0,0,0,0,0,0,0,0,0,0,0,0,0,0,0,0,0,0,0,0,8,0,40.0623,-75.1378, , 
42337,469858,2014057075,6,67,67301,2014,6,2,1317,13,1,1,0,1,1, , ,N,0,0,0,3,0,1,2,2,N,N,40 00:40.014,75 03:41.098,1317, ,1317, ,0, ,N, ,0, , , , , , , , , ,2,1,0,0,0,0,1,0,0,0,0,0,1,1,0,0,0,0,1,0,1,0,0,0,0,0,0,0,0,0,0,0,0,0,0,8,0,40.0111,-75.0614, , 
42338,469860,2014104549,6,67,67301,2014,9,7,1850,18,3,1,1,4,1, , ,N,0,0,0,3,0,1,2,2,N,N,40 03:41.713,75 03:20.756,1853, ,1852, ,0, ,N, ,0, , , , , , , , , ,1,1,0,0,0,0,0,0,1,0,1,0,1,0,0,0,0,0,0,0,0,0,0,0,0,0,0,0,0,0,0,0,0,0,0,3,0,40.0616,-75.0558, , 
42339,469878,2014061927,6,67,67301,2014,5,1,1149,11,1,1,0,1,1, , ,N,7,0,2,3,0,1,2,2,N,N,39 57:27.342,75 10:48.754,1153, ,1153,1,1,4,N, ,0,N, , , , , , , , ,2,1,0,0,0,0,0,1,0,0,0,1,1,0,0,0,0,0,0,0,0,0,0,0,0,0,0,0,0,0,0,0,0,0,0,4,0,39.9576,-75.1802, , 
42340,469887,2014068646,6,67,67301,2014,6,1,9999,99,3,1,0,1,1, , ,N,1,2,0,3,0,0,3,2,N, ,40 02:10.729,75 03:51.497,9999, ,9999, ,0, , , ,2, , , , , , , , , ,2,2,0,0,0,0,0,0,0,0,0,0,0,0,1,0,0,0,0,0,1,0,0,0,0,0,0,0,0,0,0,0,0,0,0,9,0,40.0363,-75.0643, , 
42341,472624,2014115646,6,67,67301,2014,11,4,844,8,1,1,0,4,1, , ,N,2,3,0,3,0,1,2,2,N,N,40 00:34.916,75 07:05.242,852, ,850, ,0, ,N, ,3, , , , , , , , , ,2,2,0,0,0,0,0,0,0,0,0,1,1,0,0,0,0,0,0,0,0,0,0,0,0,0,0,0,0,0,0,0,0,0,0,4,0,40.0097,-75.1181, , 
42342,472625,2014120924,6,67,67301,2014,11,2,2043,20,3,1,1,6,6, , ,N,0,0,0,3,0,0,1,2,N,N,40 01:25.365,75 10:07.818,2058, ,2057, ,0, ,N, ,0, , , , , , , , , ,2,1,0,0,0,0,1,0,0,0,0,0,0,0,0,0,0,0,0,0,0,0,0,0,0,0,0,0,0,0,0,0,0,0,0,0,0,40.0237,-75.1688, , 
42343,472626,2014121415,6,67,67301,2014,11,7,56,0,3,1,0,1,4, , ,N,0,0,0,3,0,1,2,2,N,N,40 00:42.316,75 10:35.061,124, ,100, ,0, ,N, ,0, , , , , , , , , ,2,1,0,0,0,0,0,1,0,0,0,0,1,1,0,0,0,0,0,0,1,0,0,0,0,0,0,0,0,0,0,0,0,0,0,8,0,40.0118,-75.1764, , 
42344,472640,2014130425,6,67,67301,2014,12,4,825,8,1,1,1,1,1, , ,N,0,0,3,3,0,1,2,2,N,N,40 07:45.451,75 00:32.940,851, ,846, ,0, , , ,0, , , , , , , , , ,2,1,0,0,0,0,0,1,0,0,0,0,1,1,0,0,0,0,0,0,0,0,0,1,0,0,0,0,0,0,0,0,0,0,0,8,0,40.1293,-75.0092, , 