objectid_1,objectid,crn,district,county,municipality,crash_year,crash_month,day_of_week,time_of_day,hour_of_day,illumination,weather,road_condition,collision_type,relation_to_road,work_zone_type,work_zone_loc,work_zone_ind,intersect_type,tcd_type,location_type,urban_rural,fatal_count,injury_count,person_count,total_units,sch_bus_ind,sch_zone_ind,latitude,longitude,arrival_tm,cons_zone_spd_lim,dispatch_tm,est_hrs_closed,lane_closed,ln_close_dir,ntfy_hiwy_maint,spec_juris_cd,tcd_func_cd,tfc_detour_ind,workers_pres,wz_close_detour,wz_flagger,wz_law_offcr_ind,wz_ln_closure,wz_moving,wz_other,wz_shlder_mdn,vehicle_count,automobile_count,motorcycle_count,bus_count,small_truck_count,heavy_truck_count,suv_count,van_count,bicycle_count,maj_inj_count,mod_inj_count,min_inj_count,tot_inj_count,unk_inj_deg_count,unk_inj_per_count,driver_count_16yr,driver_count_17yr,driver_count_18yr,driver_count_19yr,driver_count_20yr,driver_count_50_64yr,driver_count_65_74yr,driver_count_75plus,unbelted_occ_count,unb_death_count,unb_maj_inj_count,belted_death_count,belted_maj_inj_count,mcycle_death_count,mcycle_maj_inj_count,bicycle_death_count,bicycle_maj_inj_count,ped_count,ped_death_count,ped_maj_inj_count,max_severity_level,comm_veh_count,dec_lat,dec_long,rdwy_surf_type_cd,county_name
42413,470021,2014089034,6,67,67301,2014,8,7,2334,23,3,1,0,7,4, , ,N,0,0,0,3,0,0,1,1,N,N,40 00:56.347,75 10:09.649,2346, ,2334,1,2,4,N, ,0,N, , , , , , , , ,1,1,0,0,0,0,0,0,0,0,0,0,0,0,0,0,0,0,0,0,0,0,0,0,0,0,0,0,0,0,0,0,0,0,0,0,0,40.0157,-75.1693, , 
42414,472802,2014068111,6,67,67301,2014,5,3,1545,15,1,1,0,8,1, , ,N,0,0,0,3,0,1,2,3,N,N,39 59:57.955,75 10:20.385,1630, ,1627, ,0, ,N, ,0, , , , , , , , , ,2,1,0,0,0,0,1,0,0,0,0,1,1,0,0,0,0,0,0,0,0,0,0,0,0,0,0,0,0,0,0,0,1,0,0,4,0,39.9994,-75.1723, , 
42415,472803,2014068184,6,67,67301,2014,5,7,200,2,3,1,0,7,4, , ,N,0,0,0,3,0,0,1,1,N, ,39 57:59.057,75 09:38.162,200, ,200, ,0, , , ,0, , , , , , , , , ,1,1,0,0,0,0,0,0,0,0,0,0,0,0,0,0,0,0,0,0,0,0,0,0,0,0,0,0,0,0,0,0,0,0,0,0,0,39.9664,-75.1606, , 
42416,472819,2014087913,6,67,67301,2014,8,3,848,8,1,1,0,4,1, , ,N,2,2,0,3,0,1,2,2,N,N,39 59:54.554,75 09:12.498,855, ,848, ,0, , , ,3, , , , , , , , , ,2,1,0,0,1,0,0,0,0,0,0,1,1,0,0,0,0,0,0,0,0,0,0,0,0,0,0,0,0,0,0,0,0,0,0,4,0,39.9985,-75.1535, , 
42417,472820,2014088897,6,67,67301,2014,8,6,856,8,3,1,0,4,1, , ,N,1,2,0,3,0,3,4,2,N,N,40 00:43.064,75 10:33.675,856, ,856, ,0, ,N, ,3, , , , , , , , , ,2,2,0,0,0,0,0,0,0,0,0,3,3,0,1,0,0,0,0,1,0,0,0,0,0,0,0,0,0,0,0,0,0,0,0,4,0,40.012,-75.176, , 
42418,472821,2014089075,6,67,67301,2014,8,1,340,3,6,1,0,1,1, , ,N,1,3,0,3,0,0,1,2,N,N,40 00:54.118,75 05:36.430,810, ,805, ,0, ,N, ,3, , , , , , , , , ,2,2,0,0,0,0,0,0,0,0,0,0,0,0,0,0,0,0,0,0,0,0,0,0,0,0,0,0,0,0,0,0,0,0,0,0,0,40.015,-75.0935, , 
42419,472852,2014122438,6,67,67301,2014,11,2,1500,15,1,9,1,4,1, , ,N,1,3,0,3,0,1,2,2,N,N,39 59:25.180,75 14:26.444,2021, ,2021, ,0, ,N, ,3, , , , , , , , , ,2,1,0,0,0,0,0,1,0,0,0,0,1,1,0,0,0,0,0,0,0,0,0,0,0,0,0,0,0,0,0,0,0,0,0,8,0,39.9903,-75.2407, , 
42420,472857,2014130536,6,67,67301,2014,12,4,1200,12,1,2,1,4,1, , ,N,1,2,0,3,0,1,3,3,N,N,39 58:17.779,75 14:34.145,1206, ,1202,2,2,6,N, ,3,Y, , , , , , , , ,3,0,0,1,1,0,1,0,0,0,0,0,1,1,0,0,0,0,0,0,1,0,0,0,0,0,0,0,0,0,0,0,0,0,0,8,1,39.9716,-75.2428, , 
42421,472864,2014127895,6,67,67301,2014,12,2,1800,18,3,1,0,1,1, , ,N,0,0,0,3,0,1,4,2,N,N,40 07:53.651,75 00:42.700,1834, ,1833,2,1,3,N, ,0,Y, , , , , , , , ,2,1,0,0,0,0,1,0,0,0,0,1,1,0,0,0,0,0,0,0,1,0,0,0,0,0,0,0,0,0,0,0,0,0,0,4,0,40.1316,-75.0119, , 
42422,472867,2015002758,6,67,67301,2014,12,6,1623,16,1,1,0,4,1, , ,N,1,3,0,3,0,1,3,2,N,N,40 01:07.140,75 03:58.010,1624, ,1623, ,0, , , ,3, , , , , , , , , ,2,1,0,0,0,0,1,0,0,0,1,0,1,0,0,0,0,1,0,0,0,0,0,0,0,0,0,0,0,0,0,0,0,0,0,3,0,40.0187,-75.0661, , 
42423,472879,2014108700,6,46,46108,2014,11,2,2010,20,3,1,0,4,1, , ,N,1,2,0,3,0,0,4,2,N,N,40 05:34.368,75 13:24.847,2010, ,2010, ,0, ,N, ,3, , , , , , , , , ,2,1,0,0,0,0,1,0,0,0,0,0,0,0,0,0,1,0,0,0,0,0,0,0,0,0,0,0,0,0,0,0,0,0,0,0,0,40.0929,-75.2236, , 
42424,472882,2014109433,6,67,67301,2014,5,3,755,7,1,1,0,1,6, , ,N,3,0,0,3,0,1,2,2,N,N,39 57:56.570,75 12:23.262,806, ,805, ,0, ,N, ,0, , , , , , , , , ,2,0,1,0,0,0,1,0,0,0,0,0,1,1,0,0,0,0,0,0,0,0,0,0,0,0,0,0,0,0,0,0,0,0,0,8,0,39.9657,-75.2065, , 
42425,472887,2014114895,6,67,67301,2014,1,6,1400,14,1,4,5,1,1, , ,N,0,0,0,3,0,4,5,2,N,N,40 02:57.121,75 11:02.066,0, ,0, ,0, ,N, ,0, , , , , , , , , ,2,0,0,0,0,0,2,0,0,0,0,0,4,4,0,0,0,0,0,0,0,0,0,0,0,0,0,0,0,0,0,0,0,0,0,8,0,40.0492,-75.1839, , 
42426,472948,2014106862,6,67,67301,2014,10,1,1041,10,1,1,0,8,1, , ,N,1,2,0,3,0,1,2,2,N,N,39 55:30.530,75 10:16.397,1045, ,1043, ,0, ,N, ,3, , , , , , , , , ,1,0,0,0,0,0,0,1,0,0,0,0,1,1,0,0,0,0,0,0,0,0,0,1,0,0,0,0,0,0,0,0,1,0,0,8,0,39.9252,-75.1711, , 
42427,472955,2014113292,6,67,67301,2014,10,6,1427,14,1,1,0,1,1, , ,N,2,2,0,3,0,2,4,3,N,N,40 04:57.003,75 02:25.844,1434, ,1429,3,1,1,N, ,3,N, , , , , , , , ,3,3,0,0,0,0,0,0,0,0,0,0,2,2,1,0,0,0,0,0,1,0,0,2,0,0,0,0,0,0,0,0,0,0,0,8,0,40.0825,-75.0405, , 
42428,472976,2014078760,6,67,67301,2014,3,1,343,3,3,2,1,6,6, , ,N,0,0,0,3,0,1,1,4,N,N,40 02:46.874,75 10:30.697,343, ,343, ,0, ,N, ,0, , , , , , , , , ,4,4,0,0,0,0,0,0,0,0,0,1,1,0,0,0,0,0,0,0,0,0,0,1,0,0,0,0,0,0,0,0,0,0,0,4,0,40.0464,-75.1752, , 
42429,472984,2014088003,6,67,67301,2014,7,5,2330,23,3,1,1,7,4, , ,N,0,0,0,3,0,1,2,1,N,N,40 02:10.425,75 09:30.560,2335, ,2330, ,0, ,N, ,0, , , , , , , , , ,1,1,0,0,0,0,0,0,0,0,0,1,1,0,0,0,0,0,0,0,1,0,0,0,0,0,0,0,0,0,0,0,0,0,0,4,0,40.0362,-75.1585, , 
42430,472990,2014093532,6,67,67301,2014,9,1,953,9,1,1,0,4,1, , ,N,2,2,0,3,0,1,2,2,N, ,40 01:39.456,75 05:57.322,956, ,954,9,1,1,N, ,3,N, , , , , , , , ,2,2,0,0,0,0,0,0,0,0,0,1,1,0,0,0,0,0,0,0,1,0,0,0,0,0,0,0,0,0,0,0,0,0,0,4,0,40.0279,-75.0996, , 
42431,472997,2014103194,6,67,67301,2014,9,1,1539,15,1,1,0,1,1, , ,N,0,0,0,3,0,0,4,4,N,N,39 58:44.176,75 12:12.363,1555, ,1540,1,1,3,N, ,0,N, , , , , , , , ,4,4,0,0,0,0,0,0,0,0,0,0,0,0,0,0,0,0,0,0,0,1,0,0,0,0,0,0,0,0,0,0,0,0,0,0,0,39.9789,-75.2034, , 
42432,475548,2015006629,6,67,67301,2014,12,6,919,9,1,1,0,0,5, , ,N,0,0,0,3,0,0,1,1,N,N,40 02:27.722,75 10:15.085,921, ,919, ,0, ,N, ,0, , , , , , , , , ,1,1,0,0,0,0,0,0,0,0,0,0,0,0,1,0,0,0,0,0,0,0,0,0,0,0,0,0,0,0,0,0,0,0,0,9,0,40.041,-75.1709, , 
42433,475553,2014124880,6,46,46108,2014,12,5,725,7,1,7,6,7,5, , ,N,0,0,3,3,0,0,1,1,N,N,40 05:15.392,75 13:44.320,730, ,725,2,2,5,N, ,0,Y, , , , , , , , ,1,0,0,0,0,0,1,0,0,0,0,0,0,0,0,0,0,0,0,0,0,0,0,0,0,0,0,0,0,0,0,0,0,0,0,0,0,40.0876,-75.229, , 
42434,475563,2015015627,6,67,67301,2014,12,7,1625,16,1,1,0,3,1, , ,N,0,0,0,3,0,0,1,2,N,N,40 00:14.107,75 10:15.297,1642, ,1642, ,0, ,N, ,0, , , , , , , , , ,2,1,0,0,0,0,1,0,0,0,0,0,0,0,0,0,0,0,0,0,0,0,0,0,0,0,0,0,0,0,0,0,0,0,0,0,0,40.0039,-75.1709, , 
42435,475564,2015018994,6,67,67301,2014,10,6,815,8,1,1,0,4,1, , ,N,5,2,0,3,0,5,7,6,N,N,40 00:11.393,75 09:08.837,819, ,815,2,2,4,N, ,3,N, , , , , , , , ,2,2,0,0,0,0,0,0,0,0,1,4,5,0,0,0,0,0,0,0,0,0,0,0,0,0,0,0,0,0,0,0,4,0,0,3,0,40.0032,-75.1525, , 
42436,475575,2014124051,6,67,67301,2014,12,6,2255,22,3,2,1,1,1, , ,N,6,0,0,3,0,3,3,3,N,N,39 57:26.617,75 08:49.702,2306, ,2256,2,2,1,N, ,0,Y, , , , , , , , ,2,2,0,0,0,0,0,0,0,1,1,1,3,0,0,0,0,0,0,0,0,0,0,0,0,0,0,0,0,0,0,0,1,0,1,2,0,39.9574,-75.1471, , 
42437,475580,2015002780,6,67,67301,2014,12,5,523,5,3,2,1,7,4, , ,N,1,2,0,3,0,0,1,1,N, ,39 56:28.421,75 12:33.849,525, ,523, ,0, , , ,3, , , , , , , , , ,1,1,0,0,0,0,0,0,0,0,0,0,0,0,0,0,0,0,0,0,0,0,0,0,0,0,0,0,0,0,0,0,0,0,0,0,0,39.9412,-75.2094, , 
42438,475583,2014104477,6,67,67301,2014,10,4,6,0,3,1,0,7,5, , ,N,0,0,0,3,0,1,2,1,N, ,40 00:11.967,75 09:08.712,106, ,102,2,1,1, , ,0,N, , , , , , , , ,1,0,0,0,0,0,0,1,0,0,0,1,1,0,0,0,0,0,0,0,0,0,0,0,0,0,0,0,0,0,0,0,0,0,0,4,0,40.0033,-75.1524, , 
42439,475595,2014116028,6,67,67301,2014,2,2,1735,17,3,1,5,5,6, , ,N,0,0,0,3,0,1,2,2,N,N,39 59:02.474,75 10:29.256,0, ,0, ,0, ,N, ,0, , , , , , , , , ,2,1,0,0,0,0,0,0,0,1,0,0,1,0,0,0,0,0,0,0,0,0,0,0,0,0,0,0,0,0,0,0,0,0,0,2,0,39.984,-75.1748, , 
42440,475615,2014113427,6,67,67301,2014,10,1,2354,23,3,1,0,5,6, , ,N,0,0,0,3,1,0,1,2,N,N,40 03:57.827,75 01:34.092,2357, ,2356,3,2,6,N,0,0,Y, , , , , , , , ,2,2,0,0,0,0,0,0,0,0,0,0,0,0,0,0,0,0,0,0,0,0,0,1,1,0,0,0,0,0,0,0,0,0,0,1,0,40.0661,-75.0261,2, 
42441,475634,2014111498,6,67,67301,2014,10,3,1730,17,4,1,0,1,1, , ,N,0,0,0,3,0,1,3,2,N, ,40 04:52.748,75 02:29.122,1836, ,1836, ,0, , , ,0, , , , , , , , , ,2,1,0,0,0,0,0,1,0,0,0,0,1,1,0,0,0,0,0,0,0,0,0,0,0,0,0,0,0,0,0,0,0,0,0,8,0,40.0813,-75.0414, , 
42442,475644,2014122491,6,67,67301,2014,11,5,1521,15,1,1,0,8,1, , ,N,0,0,0,3,0,1,2,2,Y,N,40 02:41.686,75 00:40.020,1531, ,1530,2,2,1,N, ,0,Y, , , , , , , , ,1,0,0,0,0,0,0,1,0,0,0,0,1,1,0,0,0,0,0,0,1,0,0,0,0,0,0,0,0,0,0,0,1,0,0,8,0,40.0449,-75.0111, , 
42443,475652,2015002704,6,67,67301,2014,10,2,2126,21,3,2,1,4,1, , ,N,1,2,0,3,0,0,4,2,N,N,39 57:34.444,75 11:49.297,2130, ,2127, ,0, , , ,3, , , , , , , , , ,2,1,0,0,0,0,1,0,0,0,0,0,0,0,0,0,0,0,0,0,0,0,0,0,0,0,0,0,0,0,0,0,0,0,0,0,0,39.9596,-75.197, , 
42444,475702,2014126761,6,67,67301,2014,12,6,1840,18,3,1,0,1,1, , ,N,6,4,2,3,0,2,3,2,N,N,39 57:59.464,75 11:14.628,1852, ,1840, ,0, ,N, ,3, , , , , , , , , ,2,1,0,0,0,0,1,0,0,0,0,2,2,0,0,0,0,0,0,0,0,0,0,0,0,0,0,0,0,0,0,0,0,0,0,4,0,39.9665,-75.1874, , 
42445,475724,2015003302,6,67,67301,2014,12,6,1314,13,1,1,0,4,1, , ,N,1,2,0,3,0,1,2,2,N,N,39 57:01.634,75 11:33.356,1316, ,1316, ,0, ,N, ,3, , , , , , , , , ,1,1,0,0,0,0,0,0,1,0,0,1,1,0,0,0,0,0,0,0,1,0,0,1,0,0,0,0,0,0,0,0,0,0,0,4,0,39.9505,-75.1926, , 
42446,475731,2014112681,6,67,67301,2014,4,1,1045,10,1,1,0,1,1, , ,N,0,0,0,3,0,1,4,2,N,N,39 57:36.111,75 10:44.628,0, ,0, ,0, ,N, ,0, , , , , , , , , ,2,1,0,0,0,0,1,0,0,0,0,1,1,0,1,0,0,0,0,0,0,0,0,0,0,0,0,0,0,0,0,0,0,0,0,4,0,39.96,-75.1791, , 
42447,475746,2014087883,6,67,67301,2014,7,3,740,7,1,1,0,4,1, , ,N,1,2,0,3,0,0,4,2,N,N,39 57:54.913,75 13:31.791,747, ,747, ,0, ,N, ,3, , , , , , , , , ,2,0,0,0,0,0,1,1,0,0,0,0,0,0,0,0,0,0,0,0,2,0,0,0,0,0,0,0,0,0,0,0,0,0,0,0,0,39.9653,-75.2255, , 
42448,475747,2014089062,6,67,67301,2014,8,3,1940,19,3,1,0,4,1, , ,N,0,0,7,3,0,1,2,2,N,N,40 04:14.210,75 11:39.318,1955, ,1946, ,0, ,N, ,0, , , , , , , , , ,1,1,0,0,0,0,0,0,1,0,0,0,1,1,0,0,0,0,0,0,0,0,0,0,0,0,0,0,0,0,0,0,0,0,0,8,0,40.0706,-75.1943, , 
42449,475749,2014091316,6,67,67301,2014,8,1,2030,20,3,1,0,4,1, , ,N,1,2,0,3,0,1,2,2,N, ,40 01:03.258,75 03:54.829,9999, ,9999, ,0, ,N, ,3, , , , , , , , , ,2,0,1,0,0,0,0,0,0,0,1,0,1,0,0,0,0,0,0,0,0,0,0,0,0,0,0,0,0,0,0,0,0,0,0,3,0,40.0175,-75.0651, , 
42450,475750,2014091406,6,67,67301,2014,9,5,1345,13,1,1,0,4,1, , ,N,1,3,0,3,0,1,3,2,N, ,39 59:25.314,75 09:46.684,1349, ,1347, ,0, , , ,3, , , , , , , , , ,2,2,0,0,0,0,0,0,0,0,0,0,1,1,0,0,0,0,0,0,2,0,0,0,0,0,0,0,0,0,0,0,0,0,0,8,0,39.9904,-75.163, , 
42451,467286,2014113303,6,67,67301,2014,11,7,2233,22,3,1,0,8,1, , ,N,1,2,0,3,0,1,2,2,N,N,39 56:00.337,75 13:23.656,2240, ,2233, ,0, ,N, ,3, , , , , , , , , ,1,0,0,0,0,0,0,0,0,0,0,1,1,0,0,0,0,0,0,0,0,0,0,0,0,0,0,0,0,0,0,0,1,0,0,4,0,39.9334,-75.2232, , 
42452,467312,2014084146,6,67,67301,2014,7,5,1210,12,1,1,0,5,1, , ,N,0,0,0,3,0,1,3,2,N, ,39 56:53.779,75 09:32.628,1230, ,1225, ,0, , , ,0, , , , , , , , , ,2,1,0,1,0,0,0,0,0,0,0,0,1,1,0,0,0,0,0,0,0,1,0,0,0,0,0,0,0,0,0,0,0,0,0,8,1,39.9483,-75.1591, , 
42453,467313,2014084156,6,67,67301,2014,7,4,656,6,1,9,0,1,1, , ,N,0,0,7,3,0,1,2,2,N,N,40 01:25.580,75 09:35.607,657, ,657, ,0, ,N, ,0, , , , , , , , , ,2,1,0,0,0,0,1,0,0,0,0,0,1,1,0,0,0,0,0,0,0,0,0,0,0,0,0,0,0,0,0,0,0,0,0,8,0,40.0238,-75.1599, , 
42454,467317,2014087304,6,67,67301,2014,8,3,1314,13,1,1,0,1,1, , ,N,0,0,0,3,0,1,2,2,N,N,39 57:21.471,75 13:02.733,1348, ,1346,9,1,4,N, ,0,N, , , , , , , , ,2,2,0,0,0,0,0,0,0,0,0,0,1,1,0,0,0,0,0,0,1,0,0,0,0,0,0,0,0,0,0,0,0,0,0,8,0,39.956,-75.2174, , 
42455,467318,2014088698,6,67,67301,2014,8,2,107,1,3,1,0,4,6, , ,N,2,3,0,3,0,2,3,2,N,N,40 02:26.916,75 04:53.453,110, ,107, ,0, ,N, ,3, , , , , , , , , ,2,2,0,0,0,0,0,0,0,0,1,1,2,0,0,0,0,0,0,0,1,0,0,0,0,0,0,0,0,0,0,0,0,0,0,3,0,40.0408,-75.0815, , 
42456,467345,2014054630,6,67,67301,2014,5,5,1605,16,1,1,0,5,1, , ,N,0,0,0,3,0,2,3,2,N,N,39 57:07.458,75 09:39.564,1605, ,1605,2,1,4,N, ,0,N, , , , , , , , ,2,1,0,0,0,0,1,0,0,0,0,0,2,2,0,0,0,0,0,0,1,0,0,0,0,0,0,0,0,0,0,0,0,0,0,8,0,39.9521,-75.161, , 
42457,467351,2014103559,6,67,67301,2014,9,4,1340,13,1,1,0,1,1, , ,N,0,0,0,3,0,0,3,3,N,N,40 02:41.885,75 03:15.475,1344, ,1340,2,1,2,N, ,0,N, , , , , , , , ,3,1,0,0,0,0,0,2,0,0,0,0,0,0,0,0,0,0,0,0,1,0,0,0,0,0,0,0,0,0,0,0,0,0,0,0,0,40.045,-75.0543, , 
42458,467359,2014113398,6,67,67301,2014,10,3,1020,10,1,1,0,1,1, , ,N,1,2,0,3,0,1,2,2,N,N,39 55:51.967,75 10:23.350,1027, ,1025, ,0, ,N, ,3, , , , , , , , , ,2,1,0,0,0,0,1,0,0,0,0,0,1,1,0,0,0,0,0,0,0,0,0,0,0,0,0,0,0,0,0,0,0,0,0,8,0,39.9311,-75.1732, , 
42459,467362,2014051768,6,67,67301,2014,4,6,712,7,1,1,0,5,6, , ,N,0,0,0,3,0,0,1,5,N, ,39 56:34.011,75 13:10.516,722, ,713,3,1,2, , ,0,N, , , , , , , , ,5,2,0,0,0,1,1,1,0,0,0,0,0,0,0,0,0,0,0,0,0,0,0,0,0,0,0,0,0,0,0,0,0,0,0,0,1,39.9428,-75.2196, , 
42460,467368,2014059135,6,67,67301,2014,5,5,953,9,1,1,0,7,3, , ,N,0,0,0,3,0,0,3,2,N,N,40 03:11.195,75 03:00.051,1000, ,954,2,2,2,N, ,0,N, , , , , , , , ,2,0,0,0,1,0,0,1,0,0,0,0,0,0,0,0,0,0,0,1,0,0,0,0,0,0,0,0,0,0,0,0,0,0,0,0,0,40.0531,-75.05, , 
42461,467392,2014088932,6,67,67301,2014,8,1,1650,16,1,1,0,4,1, , ,N,0,0,0,3,0,1,3,2,N,N,39 54:56.924,75 09:47.140,1658, ,1655, ,0, ,N, ,0, , , , , , , , , ,1,1,0,0,0,0,0,0,1,0,0,0,1,1,0,0,0,0,0,0,0,0,0,0,0,0,0,0,0,0,0,0,0,0,0,8,0,39.9158,-75.1631, , 
42462,467405,2014084168,6,67,67301,2014,7,4,1740,17,1,1,0,4,1, , ,N,1,2,0,3,0,1,3,2,N,N,39 56:03.465,75 09:02.912,1742, ,1742, ,0, ,N, ,3, , , , , , , , , ,1,0,0,0,0,0,1,0,1,0,0,0,1,1,0,0,0,0,0,0,0,0,0,0,0,0,0,0,0,0,0,0,0,0,0,8,0,39.9343,-75.1508, , 
42463,467406,2014084218,6,67,67301,2014,7,1,1425,14,1,1,0,4,1, , ,N,1,3,0,3,0,2,3,2,N,N,39 59:47.115,75 07:32.807,1619, ,1619, ,0, , , ,3, , , , , , , , , ,2,1,1,0,0,0,0,0,0,0,0,0,2,2,0,0,0,0,0,0,0,1,0,0,0,0,0,0,0,0,0,0,0,0,0,8,0,39.9964,-75.1258, , 
42464,467410,2014087406,6,67,67301,2014,8,2,2212,22,3,1,0,1,1, , ,N,0,0,0,3,0,2,2,2,N,N,39 57:21.505,75 08:29.600,2224, ,2214,2,1,2,Y, ,0,N, , , , , , , , ,2,0,0,0,0,0,1,1,0,1,1,0,2,0,0,0,0,0,0,0,1,0,0,0,0,0,0,0,0,0,0,0,0,0,0,2,0,39.956,-75.1416, , 
42465,467411,2014087934,6,67,67301,2014,8,4,1325,13,1,1,0,4,1, , ,N,1,2,0,3,0,0,2,2,N, ,40 04:50.725,75 01:42.964,1533, ,1531, ,0, , , ,3, , , , , , , , , ,2,1,0,0,0,0,1,0,0,0,0,0,0,0,0,0,0,0,0,0,0,0,0,0,0,0,0,0,0,0,0,0,0,0,0,0,0,40.0808,-75.0286, , 
42466,467412,2014087984,6,67,67301,2014,8,6,1855,18,1,1,0,4,1, , ,N,2,0,0,3,0,2,4,3,N,N,40 02:33.215,75 04:28.018,1900, ,1900, ,0, , , ,0, , , , , , , , , ,3,2,0,0,0,0,0,1,0,0,2,0,2,0,0,0,0,0,0,0,0,0,0,1,0,0,0,0,0,0,0,0,0,0,0,3,0,40.0425,-75.0744, , 
42467,467414,2014088668,6,67,67301,2014,8,6,219,2,3,1,0,6,6, , ,N,0,0,0,3,0,1,1,3,N,N,39 58:35.673,75 14:19.485,219, ,219, ,0, ,N, ,0, , , , , , , , , ,3,1,0,0,0,0,2,0,0,0,0,0,1,1,0,0,0,0,0,0,0,0,0,0,0,0,0,0,0,0,0,0,0,0,0,8,0,39.9766,-75.2387, , 
42468,467417,2014091392,6,67,67301,2014,8,2,1930,19,4,1,0,7,5, , ,N,2,0,0,3,0,1,1,1,N,N,39 59:34.728,75 07:42.466,2000, ,1949, ,0, ,N, ,0, , , , , , , , , ,1,0,0,0,0,0,1,0,0,0,0,0,1,1,0,0,0,0,0,0,0,0,0,1,0,0,0,0,0,0,0,0,0,0,0,8,0,39.993,-75.1285, , 
42469,470029,2014095968,6,67,67301,2014,8,7,1700,17,1,1,0,4,1, , ,N,2,3,0,3,0,1,2,2,N,N,39 57:32.714,75 14:33.645,1707, ,1703, ,0, ,N, ,3, , , , , , , , , ,1,1,0,0,0,0,0,0,1,0,0,1,1,0,0,0,0,0,0,0,0,0,0,0,0,0,0,0,0,0,0,0,0,0,0,4,0,39.9591,-75.2427, , 
42470,470040,2014106685,6,67,67301,2014,10,7,1821,18,1,1,0,8,1, , ,N,1,3,0,3,0,1,2,2,N,N,39 56:58.131,75 13:08.453,1823, ,1822,1,1,1, , ,3,Y, , , , , , , , ,1,1,0,0,0,0,0,0,0,0,0,1,1,0,0,0,0,0,0,0,0,1,0,0,0,0,0,0,0,0,0,0,1,0,0,4,0,39.9495,-75.219, , 
42471,470043,2014116194,6,67,67301,2014,11,4,1553,15,1,1,0,1,1, , ,N,0,0,0,3,0,0,3,3,N,N,39 57:18.225,75 10:51.132,1606, ,1556,1,2,4,N, ,0,N, , , , , , , , ,3,2,0,0,1,0,0,0,0,0,0,0,0,0,0,0,0,0,0,0,0,0,0,0,0,0,0,0,0,0,0,0,0,0,0,0,0,39.9551,-75.1809, , 
42472,470049,2014125126,6,67,67301,2014,11,4,2005,20,2,2,1,8,1, , ,N,1,2,0,3,0,1,2,2,N, ,40 00:07.962,75 09:27.759,2015, ,2010, ,0, , , ,3, , , , , , , , , ,1,1,0,0,0,0,0,0,0,0,0,1,1,0,0,0,0,0,0,1,0,0,0,0,0,0,0,0,0,0,0,0,1,0,0,4,0,40.0022,-75.1576, , 
42473,470053,2015002768,6,67,67301,2014,12,7,1800,18,3,1,0,4,1, , ,N,1,2,0,3,0,1,2,2,N,N,40 01:37.801,75 09:04.478,1845, ,1800, ,0, ,N, ,3, , , , , , , , , ,2,1,0,0,1,0,0,0,0,0,0,1,1,0,0,0,0,0,0,0,1,0,0,0,0,0,0,0,0,0,0,0,0,0,0,4,0,40.0272,-75.1512, , 
42474,470054,2014120845,6,67,67301,2014,11,3,2010,20,3,1,0,5,6, , ,N,0,0,0,3,0,1,2,3,N,N,40 01:42.300,75 02:18.400,2010, ,2010, ,0, ,N, ,0, , , , , , , , , ,3,2,0,0,0,0,1,0,0,0,0,1,1,0,0,0,0,0,0,0,0,0,0,1,0,0,0,0,0,0,0,0,0,0,0,4,0,40.0284,-75.0384, , 
42475,470060,2014126744,6,67,67301,2014,12,1,1137,11,1,1,0,7,2, , ,N,0,0,0,3,0,0,2,1,N,N,39 54:39.990,75 08:56.366,1139, ,1137,1,1,2,N, ,0,N, , , , , , , , ,1,1,0,0,0,0,0,0,0,0,0,0,0,0,0,0,0,0,0,0,0,0,0,0,0,0,0,0,0,0,0,0,0,0,0,0,0,39.9111,-75.149, , 
42476,470066,2015006058,6,67,67301,2014,12,5,1722,17,3,1,0,4,1, , ,N,1,2,0,3,0,4,5,3,N,N,39 57:29.691,75 13:23.712,1725, ,1723,3,2,2,N, ,3,Y, , , , , , , , ,3,3,0,0,0,0,0,0,0,0,1,3,4,0,0,0,0,0,0,0,0,1,0,0,0,0,0,0,0,0,0,0,0,0,0,3,0,39.9582,-75.2232, , 
42477,470079,2014076769,6,67,67301,2014,8,7,2330,23,3,1,0,1,1, , ,N,0,0,0,3,0,0,5,2,N,N,39 58:41.714,75 06:40.021,2340, ,2330,2,1,2,N, ,0,N, , , , , , , , ,2,2,0,0,0,0,0,0,0,0,0,0,0,0,0,0,0,0,0,0,1,0,0,0,0,0,0,0,0,0,0,0,0,0,0,0,0,39.9783,-75.1111, , 
42478,470084,2014083087,6,67,67301,2014,6,6,1453,14,1,1,0,4,1, , ,N,1,2,0,3,0,0,2,2,N,N,40 03:23.018,75 01:08.607,1533, ,1522, ,0, , , ,3, , , , , , , , , ,2,2,0,0,0,0,0,0,0,0,0,0,0,0,0,0,0,0,0,0,0,0,0,0,0,0,0,0,0,0,0,0,0,0,0,0,0,40.0564,-75.0191, , 
42479,470091,2014089726,6,67,67301,2014,7,7,9999,99,1,1,0,4,1, , ,N,1,2,0,3,0,1,3,2,N,N,40 02:06.009,75 10:25.403,9999, ,9999, ,0, ,N, ,3, , , , , , , , , ,2,1,0,0,0,0,1,0,0,0,0,1,1,0,0,0,0,0,0,0,1,1,0,0,0,0,0,0,0,0,0,0,0,0,0,4,0,40.035,-75.1737, , 