objectid_1,objectid,crn,district,county,municipality,crash_year,crash_month,day_of_week,time_of_day,hour_of_day,illumination,weather,road_condition,collision_type,relation_to_road,work_zone_type,work_zone_loc,work_zone_ind,intersect_type,tcd_type,location_type,urban_rural,fatal_count,injury_count,person_count,total_units,sch_bus_ind,sch_zone_ind,latitude,longitude,arrival_tm,cons_zone_spd_lim,dispatch_tm,est_hrs_closed,lane_closed,ln_close_dir,ntfy_hiwy_maint,spec_juris_cd,tcd_func_cd,tfc_detour_ind,workers_pres,wz_close_detour,wz_flagger,wz_law_offcr_ind,wz_ln_closure,wz_moving,wz_other,wz_shlder_mdn,vehicle_count,automobile_count,motorcycle_count,bus_count,small_truck_count,heavy_truck_count,suv_count,van_count,bicycle_count,maj_inj_count,mod_inj_count,min_inj_count,tot_inj_count,unk_inj_deg_count,unk_inj_per_count,driver_count_16yr,driver_count_17yr,driver_count_18yr,driver_count_19yr,driver_count_20yr,driver_count_50_64yr,driver_count_65_74yr,driver_count_75plus,unbelted_occ_count,unb_death_count,unb_maj_inj_count,belted_death_count,belted_maj_inj_count,mcycle_death_count,mcycle_maj_inj_count,bicycle_death_count,bicycle_maj_inj_count,ped_count,ped_death_count,ped_maj_inj_count,max_severity_level,comm_veh_count,dec_lat,dec_long,rdwy_surf_type_cd,county_name
42884,475876,2014113439,6,67,67301,2014,10,5,1236,12,1,1,0,7,4, , ,N,0,0,0,3,0,1,1,1,N,N,40 01:03.523,75 12:07.977,1245, ,1236,2,1,2,N, ,0,N, , , , , , , , ,1,0,0,0,0,0,1,0,0,0,0,0,1,1,0,0,0,0,0,0,0,0,0,0,0,0,0,0,0,0,0,0,0,0,0,8,0,40.0176,-75.2022, , 
42885,475880,2014117810,6,67,67301,2014,11,6,2050,20,3,1,0,1,1,1,4,Y,0,0,0,3,0,0,2,2,N,N,40 01:15.988,75 02:28.304,2110,45,2100,1,2,1,N, ,0,N,Y,N,N,N,Y,Y,N,Y,2,2,0,0,0,0,0,0,0,0,0,0,0,0,0,0,0,0,0,0,0,0,0,0,0,0,0,0,0,0,0,0,0,0,0,0,0,40.0211,-75.0412, , 
42886,475881,2014121488,6,67,67301,2014,11,1,1714,17,4,1,0,4,1, , ,N,1,3,0,3,0,2,4,2,N, ,39 56:23.870,75 13:51.772,1830, ,1820, ,0, , , ,3, , , , , , , , , ,2,2,0,0,0,0,0,0,0,0,0,0,2,2,0,0,0,1,0,0,0,1,0,0,0,0,0,0,0,0,0,0,0,0,0,8,0,39.94,-75.231, , 
42887,475905,2014030286,6,67,67301,2014,2,3,630,6,5,4,4,4,1, , ,N,3,2,0,3,0,1,2,2,N,N,40 02:50.984,75 06:44.541,1440, ,1440, ,0, ,N, ,3, , , , , , , , , ,2,1,0,0,0,0,1,0,0,0,0,1,1,0,0,0,0,0,0,0,1,0,0,0,0,0,0,0,0,0,0,0,0,0,0,4,0,40.0475,-75.1124, , 
42888,475934,2014122485,6,67,67301,2014,11,5,1425,14,1,1,0,1,1, , ,N,0,0,0,3,0,2,3,2,N,N,39 57:28.182,75 13:56.981,1430, ,1430, ,0, , , ,0, , , , , , , , , ,2,1,0,0,0,0,0,1,0,0,0,2,2,0,0,0,0,0,0,0,1,0,0,1,0,0,0,0,0,0,0,0,0,0,0,4,0,39.9578,-75.2325, , 
42889,468216,2014059081,6,67,67301,2014,5,7,1506,15,1,1,0,3,1, , ,N,0,0,7,3,0,1,3,2,N,N,40 00:47.889,75 03:24.634,1608, ,1604, ,0, ,N, ,0, , , , , , , , , ,1,1,0,0,0,0,0,0,1,0,0,1,1,0,0,0,0,0,0,0,0,0,0,0,0,0,0,0,0,0,0,0,0,0,0,4,0,40.0133,-75.0568, , 
42890,468236,2014078856,6,67,67301,2014,6,6,810,8,1,1,0,7,5, , ,N,1,2,0,3,0,1,1,1,N,N,40 02:03.071,75 04:17.001,819, ,812, ,0, ,N, ,3, , , , , , , , , ,1,0,0,0,0,0,1,0,0,0,0,1,1,0,0,0,0,0,0,0,0,0,0,0,0,0,0,0,0,0,0,0,0,0,0,4,0,40.0342,-75.0714, , 
42891,468238,2014081450,6,67,67301,2014,6,3,1008,10,1,1,0,4,1, , ,N,1,0,0,3,0,1,2,2,N,N,40 05:37.163,74 58:48.657,1015, ,1013,9,1,6,N, ,0,N, , , , , , , , ,2,2,0,0,0,0,0,0,0,0,0,1,1,0,0,0,0,0,0,0,0,0,0,0,0,0,0,0,0,0,0,0,0,0,0,4,0,40.0935,-74.9802, , 
42892,468241,2014086493,6,67,67301,2014,7,6,225,2,3,1,0,4,1, , ,N,1,3,0,3,0,0,5,2,N,N,39 57:37.092,75 08:20.094,245, ,239, ,0, , , ,3, , , , , , , , , ,2,2,0,0,0,0,0,0,0,0,0,0,0,0,5,0,0,0,0,0,0,0,0,0,0,0,0,0,0,0,0,0,0,0,0,9,0,39.9603,-75.1389, , 
42893,468244,2014088778,6,67,67301,2014,7,4,1905,19,1,1,0,5,6, , ,N,0,0,0,3,0,1,2,2,N, ,39 57:04.342,75 11:56.939,1912, ,1910, ,0, , , ,0, , , , , , , , , ,2,1,0,0,0,1,0,0,0,0,0,0,1,1,0,0,0,0,0,0,1,0,0,0,0,0,0,0,0,0,0,0,0,0,0,8,1,39.9512,-75.1991, , 
42894,468251,2014093512,6,67,67301,2014,9,7,1210,12,1,1,0,5,1, , ,N,1,2,0,3,0,4,8,2,N, ,39 57:16.308,75 08:58.375,1225, ,1219, ,0, , , ,3, , , , , , , , , ,2,1,0,0,0,0,1,0,0,0,0,4,4,0,0,0,0,0,0,0,0,0,0,1,0,0,0,0,0,0,0,0,0,0,0,4,0,39.9547,-75.1495, , 
42895,468260,2014115652,6,67,67301,2014,11,7,1235,12,1,2,1,4,1, , ,N,5,2,0,3,0,1,2,2,N,N,40 03:30.268,75 08:57.263,1340, ,1320, ,0, ,N, ,3, , , , , , , , , ,2,0,0,0,0,0,1,1,0,0,0,1,1,0,0,0,0,0,0,0,1,0,0,1,0,0,0,0,0,0,0,0,0,0,0,4,0,40.0584,-75.1492, , 
42896,468269,2015001511,6,67,67301,2014,12,3,1620,16,2,2,1,4,1, , ,N,1,3,0,3,0,0,2,2,N,N,40 02:56.557,75 05:40.778,1630, ,1624, ,0, ,N, ,3, , , , , , , , , ,2,0,0,0,0,0,2,0,0,0,0,0,0,0,0,0,0,0,0,0,0,0,0,0,0,0,0,0,0,0,0,0,0,0,0,0,0,40.049,-75.0947, , 
42897,468271,2015015596,6,67,67301,2014,12,7,640,6,5,1,0,6,1, , ,N,0,0,0,3,0,1,1,4,N,N,40 03:09.115,75 05:01.323,810, ,804, ,0, ,N, ,0, , , , , , , , , ,4,3,0,0,0,0,1,0,0,0,0,1,1,0,0,0,0,0,0,0,0,0,0,0,0,0,0,0,0,0,0,0,0,0,0,4,0,40.0525,-75.0837, , 
42898,468273,2014109919,6,67,67301,2014,10,7,615,6,1,1,0,4,6, , ,N,5,2,0,3,0,0,1,2,N,N,39 59:13.221,75 07:20.575,701, ,700, ,0, ,N, ,3, , , , , , , , , ,2,1,0,0,0,0,0,1,0,0,0,0,0,0,1,0,0,0,0,0,0,0,0,0,0,0,0,0,0,0,0,0,0,0,0,9,0,39.9871,-75.1223, , 
42899,468279,2014115569,6,67,67301,2014,11,5,835,8,1,2,1,1,1, , ,N,0,0,0,3,0,0,3,2,N,N,40 01:15.363,75 08:24.947,840, ,835,1,1,1,N, ,0,N, , , , , , , , ,2,2,0,0,0,0,0,0,0,0,0,0,0,0,0,0,0,0,0,0,1,0,0,0,0,0,0,0,0,0,0,0,0,0,0,0,0,40.0209,-75.1403, , 
42900,468280,2014115661,6,67,67301,2014,10,5,136,1,3,1,1,4,1, , ,N,1,2,0,3,0,1,2,2,N, ,40 01:53.078,75 05:05.038,145, ,143,3,1,1, , ,3,Y, , , , , , , , ,2,0,0,0,0,0,2,0,0,0,1,0,1,0,0,0,0,0,0,0,0,0,0,0,0,0,0,0,0,0,0,0,0,0,0,3,0,40.0314,-75.0847, , 
42901,468304,2015002674,6,67,67301,2014,11,2,1300,13,1,1,0,4,1, , ,N,0,3,7,3,0,1,2,2,N,N,39 59:45.168,75 13:06.521,1303, ,1302,1,1,2,N, ,3,N, , , , , , , , ,2,2,0,0,0,0,0,0,0,0,0,0,1,1,0,0,0,0,0,0,1,0,1,0,0,0,0,0,0,0,0,0,0,0,0,8,0,39.9959,-75.2185, , 
42902,468305,2015009672,6,67,67301,2014,12,2,1325,13,1,1,0,8,1, , ,N,0,2,0,3,0,1,3,2,N,N,39 55:29.288,75 10:22.887,1327, ,1327, ,0, ,N, ,3, , , , , , , , , ,1,1,0,0,0,0,0,0,0,0,0,0,1,1,0,0,0,0,0,0,0,0,0,0,0,0,0,0,0,0,0,0,1,0,0,8,0,39.9248,-75.173, , 
42903,468311,2014125033,6,67,67301,2014,11,4,1235,12,1,1,0,8,1, , ,N,1,2,0,3,0,1,2,2,N,N,40 02:27.297,75 11:14.369,1243, ,1241, ,0, ,N, ,3, , , , , , , , , ,1,0,0,0,0,0,0,1,0,0,0,1,1,0,0,0,0,0,0,0,1,0,0,0,0,0,0,0,0,0,0,0,1,0,0,4,0,40.0409,-75.1873, , 
42904,468341,2014087863,6,67,67301,2014,7,5,1943,19,3,2,1,1,1, , ,N,0,0,0,3,0,11,11,3,N,N,40 06:13.700,75 00:09.879,1948, ,1944,3,2,1,N, ,0,Y, , , , , , , , ,3,1,0,0,0,0,2,0,0,0,5,6,11,0,0,0,0,0,0,0,1,0,0,0,0,0,0,0,0,0,0,0,0,0,0,3,0,40.1038,-75.0027, , 
42905,468342,2014087960,6,67,67301,2014,8,2,2115,21,3,1,0,4,1, , ,N,1,2,0,3,0,0,3,2,N, ,40 02:59.510,75 04:32.444,2121, ,2116, ,0, , , ,3, , , , , , , , , ,2,1,0,0,0,0,1,0,0,0,0,0,0,0,0,0,0,0,0,0,1,0,0,0,0,0,0,0,0,0,0,0,0,0,0,0,0,40.0499,-75.0757, , 
42906,468343,2014088887,6,67,67301,2014,8,6,950,9,1,1,0,1,1, , ,N,1,2,0,3,0,1,2,2,N, ,39 56:51.874,75 09:38.843,1005, ,1000, ,0, , , ,3, , , , , , , , , ,1,1,0,0,0,0,0,0,1,0,1,0,1,0,1,0,0,0,0,0,0,0,0,0,0,0,0,0,0,0,0,0,0,0,0,3,0,39.9477,-75.1608, , 
42907,471069,2014120266,6,67,67301,2014,11,7,1059,10,1,1,0,4,1, , ,N,1,2,0,3,0,0,2,2,N,N,40 04:38.723,75 10:31.829,1059, ,1059, ,0, , , ,3, , , , , , , , , ,2,1,0,0,0,0,1,0,0,0,0,0,0,0,0,0,0,0,0,0,1,1,0,0,0,0,0,0,0,0,0,0,0,0,0,0,0,40.0774,-75.1755, , 
42908,471070,2014120837,6,67,67301,2014,11,6,9999,99,1,1,0,4,1, , ,N,2,0,0,3,0,1,2,2,N, ,39 57:37.983,75 10:30.921,754, ,752, ,0, ,N, ,0, , , , , , , , , ,2,1,0,0,0,0,1,0,0,0,0,1,1,0,0,0,0,0,0,0,0,0,0,0,0,0,0,0,0,0,0,0,0,0,0,4,0,39.9606,-75.1753, , 
42909,471074,2014123634,6,67,67301,2014,12,1,1238,12,1,1,0,1,1, , ,N,0,0,0,3,0,0,5,2,N,N,40 00:25.240,75 11:58.956,1243, ,1241,1,1,3,N, ,0,N, , , , , , , , ,2,1,0,0,0,0,1,0,0,0,0,0,0,0,0,0,0,0,0,0,0,1,0,0,0,0,0,0,0,0,0,0,0,0,0,0,0,40.007,-75.1997, , 
42910,471075,2014125135,6,67,67301,2014,11,4,1841,18,3,2,1,8,1, , ,N,1,2,0,3,0,1,2,2,N,N,39 55:24.611,75 09:46.436,1849, ,1846, ,0, , , ,3, , , , , , , , , ,1,0,0,0,0,0,1,0,0,0,1,0,1,0,0,0,0,0,0,1,0,0,0,0,0,0,0,0,0,0,0,0,1,0,0,3,0,39.9235,-75.1628, , 
42911,471083,2015015592,6,67,67301,2014,12,3,1445,14,1,2,1,4,1, , ,N,1,2,0,3,0,1,2,2,N,N,40 02:57.663,75 04:04.482,1515, ,1526, ,0, ,N, ,3, , , , , , , , , ,2,1,0,0,0,0,1,0,0,0,0,0,1,1,0,0,0,0,0,0,2,0,0,0,0,0,0,0,0,0,0,0,0,0,0,8,0,40.0493,-75.0679, , 
42912,471095,2014120437,6,67,67301,2014,11,7,435,4,3,1,0,7,4, , ,N,0,0,6,3,0,2,2,1,N,N,39 57:31.071,75 10:49.208,435, ,435,2,2,3,Y, ,0,Y, , , , , , , , ,1,1,0,0,0,0,0,0,0,0,2,0,2,0,0,0,0,0,0,0,0,0,0,0,0,0,0,0,0,0,0,0,0,0,0,3,0,39.9586,-75.1803, , 
42913,471098,2014122401,6,67,67301,2014,11,7,820,8,1,1,0,4,1, , ,N,2,2,6,3,0,1,6,3,N,N,40 01:39.788,75 05:55.565,822, ,820,9,1,2, , ,3,N, , , , , , , , ,3,1,0,0,1,0,0,1,0,0,0,1,1,0,0,0,0,0,0,0,1,0,0,0,0,0,0,0,0,0,0,0,0,0,0,4,0,40.0277,-75.0988, , 
42914,471099,2014125024,6,67,67301,2014,11,7,1440,14,1,1,0,1,1, , ,N,1,2,0,3,0,2,4,3,N, ,39 57:52.149,75 10:57.115,1447, ,1443,1,1,4, , ,3,N, , , , , , , , ,3,1,0,0,0,0,2,0,0,0,1,1,2,0,0,0,0,0,1,0,1,0,0,0,0,0,0,0,0,0,0,0,0,0,0,3,0,39.9645,-75.1825, , 
42915,471124,2014088719,6,67,67301,2014,8,7,9999,99,1,1,0,7,4, , ,N,0,0,0,3,0,1,1,1,N,N,39 59:57.192,75 04:30.414,9999, ,9999, ,0, ,N, ,0, , , , , , , , , ,1,1,0,0,0,0,0,0,0,0,0,1,1,0,0,0,0,0,0,0,0,0,0,0,0,0,0,0,0,0,0,0,0,0,0,4,0,39.9992,-75.0751, , 
42916,471130,2014093521,6,67,67301,2014,9,7,300,3,3,1,0,5,6, , ,N,0,0,0,3,0,0,1,3,N,N,39 56:42.298,75 09:00.309,304, ,302,2,2,4, , ,0,Y, , , , , , , , ,3,2,0,0,0,0,1,0,0,0,0,0,0,0,0,0,0,0,0,0,0,0,0,0,0,0,0,0,0,0,0,0,0,0,0,0,0,39.9451,-75.1501, , 
42917,471133,2014095250,6,67,67301,2014,9,2,2349,23,3,1,0,8,1, , ,N,1,2,1,3,0,1,3,2,N,N,39 58:44.727,75 09:39.689,2351, ,2350, ,0, ,N, ,3, , , , , , , , , ,1,1,0,0,0,0,0,0,0,0,0,0,1,1,0,0,0,0,0,0,0,0,0,2,0,0,0,0,0,0,0,0,1,0,0,8,0,39.9791,-75.161, , 
42918,471134,2014096405,6,67,67301,2014,9,5,1253,12,1,1,0,4,1, , ,N,1,3,0,3,0,1,2,2,N,N,39 56:03.274,75 12:59.057,1310, ,1308, ,0, ,N, ,3, , , , , , , , , ,2,2,0,0,0,0,0,0,0,0,0,0,1,1,0,0,0,0,0,0,0,1,0,0,0,0,0,0,0,0,0,0,0,0,0,8,0,39.9342,-75.2164, , 
42919,471163,2014120309,6,67,67301,2014,11,3,1505,15,1,1,0,8,1, , ,N,0,0,0,3,0,1,2,2,N, ,40 02:42.954,75 09:54.264,1558, ,1548, ,0, , , ,0, , , , , , , , , ,1,1,0,0,0,0,0,0,0,0,0,1,1,0,0,0,0,0,0,0,0,0,0,0,0,0,0,0,0,0,0,0,1,0,0,4,0,40.0453,-75.1651, , 
42920,471166,2014120909,6,67,67301,2014,11,2,731,7,1,1,0,8,1, , ,N,1,2,0,3,0,1,2,2,N,N,40 02:20.942,75 06:36.006,745, ,731, ,0, ,N, ,3, , , , , , , , , ,1,0,0,0,0,0,1,0,0,0,0,0,1,1,0,0,0,0,0,0,0,0,0,0,0,0,0,0,0,0,0,0,1,0,0,8,0,40.0392,-75.11, , 
42921,471178,2015002698,6,67,67301,2014,12,1,1401,14,1,1,0,4,1, , ,N,1,2,0,3,0,1,2,2,N,N,39 56:01.291,75 08:44.379,1407, ,1404, ,0, ,N, ,3, , , , , , , , , ,2,2,0,0,0,0,0,0,0,0,0,1,1,0,0,0,0,0,0,0,0,0,0,1,0,0,0,0,0,0,0,0,0,0,0,4,0,39.9337,-75.1457, , 
42922,471181,2014123627,6,67,67301,2014,12,2,510,5,3,2,1,7,3, , ,N,0,0,0,3,0,0,1,1,N,N,39 57:35.723,75 10:45.065,519, ,516,3,1,3,N, ,0,N, , , , , , , , ,1,1,0,0,0,0,0,0,0,0,0,0,0,0,0,0,0,0,0,0,0,0,0,0,0,0,0,0,0,0,0,0,0,0,0,0,0,39.9599,-75.1792, , 
42923,471202,2014111442,6,67,67301,2014,9,5,2310,23,3,1,0,4,1, , ,N,0,0,7,3,0,2,4,2,N, ,40 00:46.021,75 07:10.295,2325, ,2317, ,0, , , ,0, , , , , , , , , ,2,1,0,0,0,0,1,0,0,0,0,0,2,2,0,0,0,0,0,1,1,0,0,0,0,0,0,0,0,0,0,0,0,0,0,8,0,40.0128,-75.1195, , 
42924,471203,2014111480,6,67,67301,2014,9,6,9999,99,4,1,0,5,1, , ,N,0,0,0,3,0,1,2,2,N,N,39 57:05.682,75 10:01.746,1926, ,1924, ,0, ,N, ,0, , , , , , , , , ,1,1,0,0,0,0,0,0,1,0,0,1,1,0,0,0,0,0,0,0,0,0,0,0,0,0,0,0,0,0,0,0,0,0,0,4,0,39.9516,-75.1672, , 
42925,473885,2014130420,6,67,67301,2014,12,3,35,0,2,1,0,7,4, , ,N,0,0,0,3,0,0,1,1,N,N,40 04:16.008,75 02:57.124,42, ,42, ,0, , , ,0, , , , , , , , , ,1,1,0,0,0,0,0,0,0,0,0,0,0,0,0,0,0,0,0,0,0,0,0,0,0,0,0,0,0,0,0,0,0,0,0,0,0,40.0711,-75.0492, , 
42926,473897,2014120284,6,67,67301,2014,11,4,615,6,1,6,1,4,1, , ,N,1,2,0,3,0,2,2,2,N,N,40 05:18.096,75 02:38.680,629, ,629, ,0, ,N, ,3, , , , , , , , , ,2,1,0,0,0,0,1,0,0,0,0,2,2,0,0,0,0,0,0,0,1,1,0,0,0,0,0,0,0,0,0,0,0,0,0,4,0,40.0884,-75.044, , 
42927,473902,2014129485,6,67,67301,2014,12,7,1700,17,3,1,0,1,1,1,8,Y,7,2,2,3,0,2,4,2,N,N,40 01:40.821,75 01:27.042,1714,25,1700, ,0, ,N, ,3, ,N,N,N,N,N,N,N,Y,2,1,0,0,0,0,0,0,0,0,0,0,2,2,1,0,0,0,0,0,0,0,0,0,0,0,0,0,0,0,0,0,0,0,0,8,0,40.028,-75.0242, , 
42928,473906,2014106865,6,67,67301,2014,9,2,2052,20,3,1,0,8,1, , ,N,1,2,0,3,0,1,2,2,N,N,39 57:21.085,75 11:29.255,9999, ,9999, ,0, , , ,3, , , , , , , , , ,1,1,0,0,0,0,0,0,0,0,0,0,1,1,0,0,0,0,0,0,0,1,0,0,0,0,0,0,0,0,0,0,1,0,0,8,0,39.9558,-75.1915, , 
42929,473912,2014113313,6,67,67301,2014,10,5,659,6,1,1,0,7,4, , ,N,0,0,0,3,0,3,3,2,N,N,40 02:06.042,75 08:44.233,825, ,821, ,0, ,N, ,0, , , , , , , , , ,1,0,0,0,0,0,1,0,0,0,3,0,3,0,0,0,0,0,0,0,1,0,0,0,0,0,0,0,0,0,0,0,0,0,0,3,0,40.035,-75.1456, , 
42930,473917,2014117611,6,67,67301,2014,10,6,425,4,3,1,0,5,6, , ,N,0,0,0,3,0,1,2,5,N,N,40 01:52.755,75 08:52.929,437, ,432, ,0, , , ,0, , , , , , , , , ,5,4,0,0,0,0,1,0,0,0,0,0,1,1,1,0,0,0,0,0,0,0,0,0,0,0,0,0,0,0,0,0,0,0,0,8,0,40.0313,-75.148, , 
42931,473956,2014127916,6,67,67301,2014,12,6,1355,13,1,1,0,7,4, , ,N,1,2,0,3,0,1,1,2,N,N,39 58:14.012,75 08:59.857,1420, ,1410,1,2,3,N, ,3,N, , , , , , , , ,1,1,0,0,0,0,0,0,0,0,0,1,1,0,0,0,0,0,0,0,0,0,0,0,0,0,0,0,0,0,0,0,0,0,0,4,0,39.9704,-75.15, , 
42932,473959,2015009676,6,67,67301,2014,12,4,9999,99,3,1,0,8,1, , ,N,2,0,0,3,0,1,2,2,N,N,40 05:35.998,74 57:43.476,1930, ,1930, ,0, ,N, ,0, , , , , , , , , ,1,1,0,0,0,0,0,0,0,0,1,0,1,0,0,0,0,0,0,0,0,0,0,0,0,0,0,0,0,0,0,0,1,0,0,3,0,40.0933,-74.9621, , 
42933,473983,2014096428,6,67,67301,2014,9,7,1536,15,1,2,1,2,1, , ,N,0,0,0,3,0,1,2,2,N,N,39 59:47.877,75 11:49.171,1730, ,1724,2,1,6,N, ,0,N, , , , , , , , ,2,1,0,0,0,0,1,0,0,0,1,0,1,0,1,0,0,0,0,0,0,0,0,1,0,0,0,0,0,0,0,0,0,0,0,3,0,39.9966,-75.197, , 
42934,473988,2014102202,6,67,67301,2014,10,6,1459,14,1,1,0,2,1, , ,N,0,0,0,3,0,1,7,2,Y,Y,39 58:56.355,75 14:59.121,1520, ,1515,2,2,6,N, ,0,Y, , , , , , , , ,2,0,0,1,0,1,0,0,0,0,0,0,1,1,0,0,0,0,0,0,1,0,0,0,0,0,0,0,0,0,0,0,0,0,0,8,2,39.9823,-75.2498, , 
42935,473994,2014104467,6,67,67301,2014,10,6,1948,19,3,1,0,7,4, , ,N,0,0,0,3,0,0,1,1,N,N,39 56:10.687,75 08:52.011,1957, ,1953,3,2,6,N, ,0,Y, , , , , , , , ,1,1,0,0,0,0,0,0,0,0,0,0,0,0,0,0,0,0,0,0,0,0,0,0,0,0,0,0,0,0,0,0,0,0,0,0,0,39.9363,-75.1478, , 
42936,473998,2014106702,6,67,67301,2014,10,1,1148,11,1,1,0,4,1, , ,N,0,0,7,3,0,0,2,2,N,N,39 58:39.198,75 07:09.035,1153, ,1149,1,2,1,N, ,0,Y, , , , , , , , ,2,1,0,0,0,0,1,0,0,0,0,0,0,0,0,0,0,0,0,0,0,0,0,0,0,0,0,0,0,0,0,0,0,0,0,0,0,39.9776,-75.1192, , 
42937,474008,2015006626,6,67,67301,2014,12,2,845,8,1,1,0,4,1, , ,N,1,3,0,3,0,2,9,2,N,N,39 56:10.582,75 11:37.939,852, ,850,1,2,5,N, ,3,N, , , , , , , , ,2,1,0,1,0,0,0,0,0,0,0,2,2,0,0,0,0,0,0,0,1,1,0,0,0,0,0,0,0,0,0,0,0,0,0,4,1,39.9363,-75.1939, , 
42938,474036,2014122018,6,67,67301,2014,11,4,1303,13,1,1,0,7,5, , ,N,1,3,0,3,0,1,2,2,N,N,40 03:31.504,75 03:02.099,9999, ,1305, ,0, ,N, ,3, , , , , , , , , ,1,1,0,0,0,0,0,0,0,0,0,1,1,0,0,0,0,0,0,0,0,0,0,0,0,0,0,0,0,0,0,0,0,0,0,4,0,40.0588,-75.0506, , 
42939,474041,2014125152,6,67,67301,2014,11,3,1721,17,3,1,0,1,1, , ,N,2,3,0,3,0,1,4,2,N,N,40 02:27.564,75 09:49.334,1750, ,1743, ,0, ,N, ,3, , , , , , , , , ,2,1,0,0,0,0,1,0,0,0,0,0,1,1,0,0,0,0,0,0,1,0,0,0,0,0,0,0,0,0,0,0,0,0,0,8,0,40.041,-75.1637, , 
42940,474066,2014072759,6,67,67301,2014,7,3,2057,20,2,2,1,7,4, , ,N,0,0,0,3,0,1,1,1,N,N,40 02:19.903,75 00:32.485,2117, ,2102,2,1,2,N, ,0,N, , , , , , , , ,1,1,0,0,0,0,0,0,0,1,0,0,1,0,0,0,0,0,0,0,0,0,0,1,0,1,0,0,0,0,0,0,0,0,0,2,0,40.0389,-75.009, , 
42941,474079,2014088061,6,67,67301,2014,7,3,1231,12,1,1,0,8,1, , ,N,1,3,0,3,0,1,2,2,N,N,39 55:17.340,75 08:50.248,1310, ,1305, ,0, , , ,3, , , , , , , , , ,1,0,0,0,0,0,1,0,0,0,0,1,1,0,0,0,0,0,0,0,0,0,0,0,0,0,0,0,0,0,0,0,1,0,0,4,0,39.9215,-75.1473, , 
42942,474088,2014113282,6,67,67301,2014,10,4,715,7,1,1,0,8,1, , ,N,1,2,0,3,0,1,2,2,N,Y,39 58:39.389,75 07:52.816,845, ,830, ,0, ,N, ,3, , , , , , , , , ,1,1,0,0,0,0,0,0,0,0,1,0,1,0,0,0,0,0,0,0,0,0,0,0,0,0,0,0,0,0,0,0,1,0,0,3,0,39.9776,-75.1313, , 
42943,477203,2014120306,6,67,67301,2014,11,6,920,9,1,1,0,4,1, , ,N,1,3,0,3,0,1,3,2,N,N,40 01:33.510,75 02:30.415,945, ,929,2,2,7, , ,3,Y, , , , , , , , ,2,1,0,0,0,0,1,0,0,0,0,1,1,0,0,0,0,0,0,0,0,0,0,0,0,0,0,0,0,0,0,0,0,0,0,4,0,40.026,-75.0418, , 
42944,477205,2014122412,6,67,67301,2014,11,1,215,2,3,1,0,5,6, , ,N,0,0,0,3,0,0,1,2,N, ,40 04:01.682,75 09:40.701,223, ,220, ,0, , , ,0, , , , , , , , , ,2,1,0,0,0,0,1,0,0,0,0,0,0,0,0,0,0,0,0,0,0,0,0,0,0,0,0,0,0,0,0,0,0,0,0,0,0,40.0671,-75.1613, , 
42945,477216,2015012320,6,67,67301,2014,11,2,1545,15,1,1,1,8,1, , ,N,2,3,0,3,0,1,2,2,N,N,40 07:04.320,74 59:28.340,2001, ,2000, ,0, ,N, ,3, , , , , , , , , ,1,1,0,0,0,0,0,0,0,0,1,0,1,0,0,0,0,0,0,0,1,0,0,0,0,0,0,0,0,0,0,0,1,0,0,3,0,40.1179,-74.9912, , 
42946,477220,2014096491,6,67,67301,2014,10,4,1449,14,1,1,0,7,3, , ,N,0,0,0,3,0,0,1,1,N,N,39 54:02.532,75 09:14.799,1506, ,1455,2,2,1,N, ,0,N, , , , , , , , ,1,1,0,0,0,0,0,0,0,0,0,0,0,0,0,0,0,0,0,0,0,0,0,0,0,0,0,0,0,0,0,0,0,0,0,0,0,39.9007,-75.1541, , 
42947,477233,2014119581,6,67,67301,2014,11,2,404,4,3,1,1,7,7, , ,N,0,0,0,3,0,0,2,2,N,N,39 57:38.730,75 10:54.085,515, ,503,3,1,4,N, ,0,N, , , , , , , , ,2,0,0,0,0,2,0,0,0,0,0,0,0,0,0,0,0,0,0,0,0,0,0,0,0,0,0,0,0,0,0,0,0,0,0,0,1,39.9608,-75.1817, , 
42948,477235,2014122489,6,67,67301,2014,11,1,1225,12,1,1,0,1,1, , ,N,1,2,0,3,0,2,3,2,N,N,39 56:47.637,75 10:49.900,1345, ,1342, ,0, ,N, ,3, , , , , , , , , ,2,1,0,0,0,0,1,0,0,0,0,0,2,2,1,0,1,0,0,0,0,0,0,0,0,0,0,0,0,0,0,0,0,0,0,8,0,39.9466,-75.1805, , 
42949,477238,2014125132,6,67,67301,2014,11,3,1015,10,1,1,0,8,1, , ,N,0,0,0,3,0,1,2,2,N, ,39 59:49.214,75 10:41.808,1035, ,1030,1,1,3, , ,0,Y, , , , , , , , ,1,0,0,0,1,0,0,0,0,0,1,0,1,0,0,0,0,0,0,0,1,0,0,0,0,0,0,0,0,0,0,0,1,0,0,3,0,39.997,-75.1783, , 
42950,477259,2014122015,6,67,67301,2014,11,5,804,8,1,1,0,7,4, , ,N,1,2,0,3,0,2,2,2,N,N,39 55:26.156,75 13:19.597,905, ,857, ,0, ,N, ,3, , , , , , , , , ,2,0,0,0,0,0,0,2,0,0,2,0,2,0,0,0,0,0,0,0,2,0,0,0,0,0,0,0,0,0,0,0,0,0,0,3,0,39.9239,-75.2221, , 
42951,477264,2014125038,6,67,67301,2014,12,3,9999,99,1,2,1,1,1, , ,N,1,2,0,3,0,1,2,2,N,N,40 04:15.148,75 14:28.555,1601, ,1548, ,0, ,N, ,3, , , , , , , , , ,2,1,0,0,0,0,1,0,0,0,1,0,1,0,0,0,0,0,0,0,0,0,0,0,0,0,0,0,0,0,0,0,0,0,0,3,0,40.0709,-75.2413, , 