objectid_1,objectid,crn,district,county,municipality,crash_year,crash_month,day_of_week,time_of_day,hour_of_day,illumination,weather,road_condition,collision_type,relation_to_road,work_zone_type,work_zone_loc,work_zone_ind,intersect_type,tcd_type,location_type,urban_rural,fatal_count,injury_count,person_count,total_units,sch_bus_ind,sch_zone_ind,latitude,longitude,arrival_tm,cons_zone_spd_lim,dispatch_tm,est_hrs_closed,lane_closed,ln_close_dir,ntfy_hiwy_maint,spec_juris_cd,tcd_func_cd,tfc_detour_ind,workers_pres,wz_close_detour,wz_flagger,wz_law_offcr_ind,wz_ln_closure,wz_moving,wz_other,wz_shlder_mdn,vehicle_count,automobile_count,motorcycle_count,bus_count,small_truck_count,heavy_truck_count,suv_count,van_count,bicycle_count,maj_inj_count,mod_inj_count,min_inj_count,tot_inj_count,unk_inj_deg_count,unk_inj_per_count,driver_count_16yr,driver_count_17yr,driver_count_18yr,driver_count_19yr,driver_count_20yr,driver_count_50_64yr,driver_count_65_74yr,driver_count_75plus,unbelted_occ_count,unb_death_count,unb_maj_inj_count,belted_death_count,belted_maj_inj_count,mcycle_death_count,mcycle_maj_inj_count,bicycle_death_count,bicycle_maj_inj_count,ped_count,ped_death_count,ped_maj_inj_count,max_severity_level,comm_veh_count,dec_lat,dec_long,rdwy_surf_type_cd,county_name
42952,477275,2015006686,6,67,67301,2014,12,3,1426,14,1,2,1,7,4, , ,N,0,0,0,3,0,1,1,1,N,N,39 58:13.169,75 11:22.862,1433, ,1426,2,2,1,N, ,0,N, , , , , , , , ,1,0,0,0,0,0,1,0,0,0,0,1,1,0,0,0,0,0,0,0,1,0,0,0,0,0,0,0,0,0,0,0,0,0,0,4,0,39.9703,-75.1897, , 
42953,477278,2014067277,6,67,67301,2014,5,2,1928,19,1,1,0,7,2, , ,N,0,0,2,3,0,1,1,1,N,N,39 54:38.817,75 08:55.393,1937, ,1928,1,1,1,N, ,0,N, , , , , , , , ,1,0,1,0,0,0,0,0,0,1,0,0,1,0,0,0,0,0,0,0,0,0,0,0,0,0,0,0,0,1,0,0,0,0,0,2,0,39.9108,-75.1487, , 
42954,477284,2014067542,6,67,67301,2014,5,6,1500,15,1,1,0,8,1, , ,N,2,0,0,3,0,1,2,2,N,N,40 03:29.984,75 08:49.390,1630, ,1533, ,0, ,N, ,0, , , , , , , , , ,1,1,0,0,0,0,0,0,0,0,0,1,1,0,0,0,0,0,0,0,0,0,0,0,0,0,0,0,0,0,0,0,1,0,0,4,0,40.0583,-75.1471, , 
42955,477285,2014069790,6,46,46102,2014,7,3,910,9,1,1,0,4,1, , ,N,0,0,7,3,0,0,2,2,N,N,40 04:31.720,75 09:38.836,917, ,913,1,1,4,N, ,0,N, , , , , , , , ,2,2,0,0,0,0,0,0,0,0,0,0,0,0,0,0,0,0,0,0,0,0,1,0,0,0,0,0,0,0,0,0,0,0,0,0,0,40.0755,-75.1608, , 
42956,477292,2014075212,6,67,67301,2014,6,4,2350,23,3,1,0,5,6, , ,N,0,0,0,3,0,0,1,6,N,N,39 55:55.725,75 10:23.016,2354, ,2352,2,2,2, , ,0,Y, , , , , , , , ,6,3,0,0,0,0,3,0,0,0,0,0,0,0,1,0,0,0,0,0,1,0,0,0,0,0,0,0,0,0,0,0,0,0,0,9,0,39.9321,-75.1731, , 
42957,477302,2014088063,6,67,67301,2014,8,4,1545,15,1,1,0,8,1, , ,N,0,0,0,3,0,1,2,2,N,N,39 55:17.101,75 09:36.075,1609, ,1608, ,0, ,N, ,0, , , , , , , , , ,1,0,0,0,0,0,1,0,0,0,0,1,1,0,0,0,0,0,0,0,0,1,0,0,0,0,0,0,0,0,0,0,1,0,0,4,0,39.9214,-75.16, , 
42958,477303,2014088883,6,67,67301,2014,9,2,850,8,1,1,1,4,1, , ,N,1,3,0,3,0,0,2,2,N,N,39 55:29.089,75 09:33.742,900, ,853, ,0, ,N, ,3, , , , , , , , , ,2,1,0,0,0,0,1,0,0,0,0,0,0,0,0,0,0,0,0,0,0,0,0,0,0,0,0,0,0,0,0,0,0,0,0,0,0,39.9247,-75.1594, , 
42959,477307,2014091346,6,67,67301,2014,9,5,1018,10,1,1,0,4,1, , ,N,0,0,0,3,0,1,2,2,N,N,39 59:01.382,75 07:31.389,1028, ,1021, ,0, , , ,0, , , , , , , , , ,1,1,0,0,0,0,0,0,1,0,0,0,1,1,0,0,0,0,1,0,0,0,0,0,0,0,0,0,0,0,0,0,0,0,0,8,0,39.9837,-75.1254, , 
42960,477311,2014098694,6,67,67301,2014,9,7,1720,17,1,1,0,4,1, , ,N,1,2,0,3,0,1,2,2,N,N,40 07:53.956,75 00:43.926,1730, ,1724, ,0, ,N, ,3, , , , , , , , , ,2,2,0,0,0,0,0,0,0,0,0,0,1,1,0,0,0,0,0,0,0,0,1,0,0,0,0,0,0,0,0,0,0,0,0,8,0,40.1317,-75.0122, , 
42961,468344,2014089038,6,67,67301,2014,8,2,830,8,1,1,0,4,1, , ,N,1,3,0,3,0,1,2,3,N,N,39 57:12.441,75 13:48.482,1638, ,1632, ,0, ,N, ,3, , , , , , , , , ,3,2,0,0,0,0,1,0,0,0,0,1,1,0,0,0,0,0,0,0,0,0,1,0,0,0,0,0,0,0,0,0,0,0,0,4,0,39.9535,-75.2301, , 
42962,468348,2014091473,6,67,67301,2014,9,3,1445,14,1,1,0,8,9, , ,N,1,0,0,3,0,1,2,2,N,N,40 00:48.913,75 04:06.725,1640, ,1635, ,0, ,N, ,0, , , , , , , , , ,1,1,0,0,0,0,0,0,0,0,0,1,1,0,0,0,0,0,0,0,0,0,0,0,0,0,0,0,0,0,0,0,1,0,0,4,0,40.0136,-75.0685, , 
42963,468356,2014098817,6,67,67301,2014,10,1,300,3,3,1,0,7,2, , ,N,0,0,0,3,0,0,2,1,N,N,39 56:44.598,75 11:24.476,333, ,300, ,0, ,N, ,0, , , , , , , , , ,1,1,0,0,0,0,0,0,0,0,0,0,0,0,0,0,0,0,0,0,0,0,0,0,0,0,0,0,0,0,0,0,0,0,0,0,0,39.9457,-75.1901, , 
42964,468358,2014099667,6,67,67301,2014,8,7,1224,12,1,1,0,7,4, , ,N,7,0,2,3,0,1,1,1,N,N,39 54:39.103,75 08:56.529,1233, ,1225,1,2,2,Y, ,0,N, , , , , , , , ,1,0,1,0,0,0,0,0,0,1,0,0,1,0,0,0,0,0,0,0,0,0,0,0,0,0,0,0,0,1,0,0,0,0,0,2,0,39.9109,-75.149, , 
42965,468363,2014104428,6,67,67301,2014,10,6,106,1,3,1,0,4,1, , ,N,2,0,0,3,0,1,3,3,N,N,39 58:28.305,75 07:59.213,112, ,109, ,0, ,N, ,0, , , , , , , , , ,3,2,0,0,0,0,1,0,0,0,1,0,1,0,1,0,0,0,0,0,0,0,0,0,0,0,0,0,0,0,0,0,0,0,0,3,0,39.9745,-75.1331, , 
42966,468367,2014078067,6,67,67301,2014,7,1,45,0,3,1,0,1,1, , ,N,0,0,1,3,0,1,3,2,N,N,39 57:14.866,75 10:52.441,53, ,47,2,1,4,N, ,0,N, , , , , , , , ,2,1,0,0,1,0,0,0,0,0,1,0,1,0,0,0,0,0,0,1,0,0,0,0,0,0,0,0,0,0,0,0,0,0,0,3,0,39.9541,-75.1812, , 
42967,468387,2014099216,6,67,67301,2014,9,2,915,9,1,1,8,8,1,1,4,Y,2,0,0,3,0,1,2,2,N, ,39 59:18.625,75 07:40.695,1115,99,1100, ,0, , , ,0, ,U, , ,N, , , , ,1,0,0,0,1,0,0,0,0,0,0,1,1,0,0,0,0,0,0,0,0,0,0,0,0,0,0,0,0,0,0,0,1,0,0,4,0,39.9885,-75.128, , 
42968,468403,2014117616,6,67,67301,2014,11,3,1657,16,1,1,0,4,1, , ,N,1,3,0,3,0,0,2,2,N,N,40 03:15.670,75 09:18.658,1717, ,1715,2,2,7,N, ,3,Y, , , , , , , , ,2,0,0,0,0,0,2,0,0,0,0,0,0,0,2,0,0,0,0,0,0,0,0,0,0,0,0,0,0,0,0,0,0,0,0,9,0,40.0544,-75.1552, , 
42969,468405,2014059019,6,67,67301,2014,5,3,1700,17,1,1,0,1,1, , ,N,0,0,0,3,0,1,2,2,N, ,39 54:57.359,75 09:50.513,1704, ,1702, ,0, , , ,0, , , , , , , , , ,2,1,0,0,0,0,1,0,0,0,0,1,1,0,0,0,0,0,0,0,0,0,1,0,0,0,0,0,0,0,0,0,0,0,0,4,0,39.9159,-75.164, , 
42970,468422,2014127535,6,67,67301,2014,12,2,1712,17,3,1,0,8,1, , ,N,1,2,1,3,0,1,2,2,N,N,39 59:23.298,75 07:31.934,1715, ,1712, ,0, ,N, ,3, , , , , , , , , ,1,0,0,0,0,0,0,0,0,0,0,1,1,0,0,0,0,0,0,0,0,0,0,0,0,0,0,0,0,0,0,0,1,0,0,4,0,39.9898,-75.1255, , 
42971,468424,2014128012,6,67,67301,2014,12,7,1355,13,1,2,1,1,1, , ,N,6,0,2,3,0,1,4,2,N,N,39 56:57.647,75 11:03.883,1428, ,1417, ,0, ,N, ,0, , , , , , , , , ,2,0,0,0,0,0,2,0,0,0,0,1,1,0,1,0,0,1,0,0,1,0,0,0,0,0,0,0,0,0,0,0,0,0,0,4,0,39.9487,-75.1855, , 
42972,468447,2014084281,6,67,67301,2014,7,4,2155,21,3,2,1,4,1, , ,N,5,2,2,3,0,0,3,2,N,N,39 57:25.688,75 09:03.847,2328, ,2326, ,0, , , ,3, , , , , , , , , ,2,1,0,0,0,0,1,0,0,0,0,0,0,0,0,0,0,0,0,0,0,0,0,0,0,0,0,0,0,0,0,0,0,0,0,0,0,39.9571,-75.1511, , 
42973,468494,2014116391,6,67,67301,2014,2,4,9999,99,3,1,5,7,3, , ,N,6,0,2,3,0,1,1,2,N,N,40 00:33.653,75 12:18.287,0, ,0, ,0, ,N, ,0, , , , , , , , , ,1,1,0,0,0,0,0,0,0,0,0,0,1,1,0,0,0,0,0,0,0,0,0,0,0,0,0,0,0,0,0,0,0,0,0,8,0,40.0093,-75.2051, , 
42974,468510,2014122437,6,67,67301,2014,11,5,1549,15,1,2,1,1,1, , ,N,2,2,0,3,0,2,3,3,N,N,40 04:53.936,74 59:39.961,1600, ,1549, ,0, ,N, ,3, , , , , , , , , ,3,1,0,0,0,0,2,0,0,0,0,0,2,2,0,0,0,0,0,0,1,0,0,0,0,0,0,0,0,0,0,0,0,0,0,8,0,40.0816,-74.9944, , 
42975,468516,2014127444,6,67,67301,2014,11,4,1755,17,3,2,1,8,1, , ,N,1,2,0,3,0,1,2,2,N, ,39 58:41.837,75 14:46.077,1800, ,1756, ,0, , , ,3, , , , , , , , , ,1,1,0,0,0,0,0,0,0,0,0,0,1,1,1,0,0,0,0,0,0,0,0,0,0,0,0,0,0,0,0,0,1,0,0,8,0,39.9783,-75.2461, , 
42976,468527,2015006095,6,67,67301,2014,12,4,1050,10,1,2,1,4,1, , ,N,5,2,0,3,0,1,2,2,N,N,39 58:07.388,75 12:40.729,1112, ,1102, ,0, ,N, ,3, , , , , , , , , ,2,2,0,0,0,0,0,0,0,0,0,0,1,1,0,0,0,0,0,0,2,0,0,0,0,0,0,0,0,0,0,0,0,0,0,8,0,39.9687,-75.2113, , 
42977,468541,2014111446,6,67,67301,2014,10,5,1014,10,1,1,1,1,6, , ,N,1,2,0,3,0,0,1,3,N, ,39 57:04.309,75 13:58.126,1040, ,1040, ,0, , , ,3, , , , , , , , , ,3,0,0,0,0,0,3,0,0,0,0,0,0,0,0,0,0,0,0,0,1,0,0,0,0,0,0,0,0,0,0,0,0,0,0,0,0,39.9512,-75.2328, , 
42978,468545,2014113300,6,67,67301,2014,10,1,349,3,3,1,0,5,6, , ,N,0,0,0,3,0,0,1,2,N,N,39 54:38.365,75 14:53.059,527, ,514,2,2,5,N, ,0,Y, , , , , , , , ,2,2,0,0,0,0,0,0,0,0,0,0,0,0,1,0,0,0,0,0,0,0,0,0,0,0,0,0,0,0,0,0,0,0,0,9,0,39.9107,-75.2481, , 
42979,471210,2014113270,6,67,67301,2014,10,4,1910,19,3,1,0,5,6, , ,N,0,0,0,3,0,0,1,2,N, ,39 57:32.424,75 09:00.961,1920, ,1916, ,0, , , ,0, , , , , , , , , ,2,1,0,0,0,0,1,0,0,0,0,0,0,0,1,0,0,0,0,0,1,0,0,0,0,0,0,0,0,0,0,0,0,0,0,9,0,39.959,-75.1503, , 
42980,471213,2014115587,6,67,67301,2014,11,7,1530,15,1,2,1,1,1, , ,N,1,2,0,3,0,1,4,2,N,N,40 02:12.235,75 03:52.193,1536, ,1533,9,1,2,N, ,3,N, , , , , , , , ,2,1,0,0,0,0,1,0,0,0,0,0,1,1,0,0,0,0,0,0,0,0,0,0,0,0,0,0,0,0,0,0,0,0,0,8,0,40.0366,-75.0645, , 
42981,471220,2014121435,6,67,67301,2014,11,5,1053,10,1,1,0,4,1, , ,N,1,3,0,3,0,0,2,2,N,N,39 57:54.104,75 13:06.113,1237, ,1053, ,0, ,N, ,3, , , , , , , , , ,2,2,0,0,0,0,0,0,0,0,0,0,0,0,0,0,0,0,0,0,0,0,0,0,0,0,0,0,0,0,0,0,0,0,0,0,0,39.965,-75.2184, , 
42982,471239,2014120304,6,67,67301,2014,11,7,248,2,3,1,0,1,1, , ,N,1,2,0,3,0,1,4,3,N, ,39 57:17.622,75 12:31.637,310, ,307, ,0, , , ,3, , , , , , , , , ,3,3,0,0,0,0,0,0,0,0,1,0,1,0,0,0,0,0,0,0,0,0,0,0,0,0,0,0,0,0,0,0,0,0,0,3,0,39.9549,-75.2087, , 
42983,471252,2014130520,6,67,67301,2014,12,3,745,7,1,2,1,8,1, , ,N,0,0,0,3,0,1,2,2,N,Y,40 00:49.312,75 08:37.888,756, ,751, ,0, ,N, ,0, , , , , , , , , ,1,1,0,0,0,0,0,0,0,0,1,0,1,0,0,0,0,0,0,0,0,0,1,0,0,0,0,0,0,0,0,0,1,0,0,3,0,40.0137,-75.1439, , 
42984,471257,2014065556,6,67,67301,2014,5,2,1930,19,1,1,0,4,1, , ,N,1,2,0,3,0,1,3,2,N, ,39 58:23.617,75 11:01.532,1949, ,1930,2,1,5, , ,3,Y, , , , , , , , ,2,0,0,0,0,0,2,0,0,0,0,1,1,0,0,0,0,0,0,0,1,0,0,0,0,0,0,0,0,0,0,0,0,0,0,4,0,39.9732,-75.1838, , 
42985,471272,2014081485,6,67,67301,2014,6,2,2115,21,3,1,0,4,1, , ,N,5,2,0,3,0,1,2,2,N, ,40 00:32.156,75 04:19.191,2125, ,2120, ,0, , , ,3, , , , , , , , , ,2,1,0,0,0,0,1,0,0,0,0,1,1,0,0,0,0,0,0,0,0,0,0,0,0,0,0,0,0,0,0,0,0,0,0,4,0,40.0089,-75.0719, , 
42986,471280,2014088891,6,67,67301,2014,8,5,1510,15,1,1,0,5,1, , ,N,0,0,0,3,0,1,2,2,N,N,39 58:22.788,75 09:32.525,1633, ,1630, ,0, ,N, ,0, , , , , , , , , ,1,0,0,0,0,0,1,0,1,0,1,0,1,0,0,0,0,0,0,0,0,0,0,0,0,0,0,0,0,0,0,0,0,0,0,3,0,39.973,-75.159, , 
42987,471281,2014088916,6,67,67301,2014,8,7,1250,12,1,1,0,1,1, , ,N,2,2,0,3,0,1,4,2,N,N,40 05:00.849,75 01:35.146,1250, ,1250,1,1,2,N, ,3,N, , , , , , , , ,2,1,0,0,1,0,0,0,0,0,0,0,1,1,1,0,0,0,0,0,0,0,0,0,0,0,0,0,0,0,0,0,0,0,0,8,0,40.0836,-75.0264, , 
42988,471282,2014088983,6,67,67301,2014,8,7,1102,11,1,1,0,4,1, , ,N,1,3,0,3,0,0,5,3,N,N,39 56:49.135,75 12:54.644,1110, ,1108, ,0, ,N, ,3, , , , , , , , , ,3,2,0,0,0,0,1,0,0,0,0,0,0,0,0,0,0,0,0,0,0,1,0,2,0,0,0,0,0,0,0,0,0,0,0,0,0,39.947,-75.2152, , 
42989,471290,2014098645,6,67,67301,2014,9,7,145,1,3,1,0,7,4, , ,N,5,2,0,3,0,1,2,3,N,N,40 03:30.268,75 08:57.263,153, ,149, ,0, , , ,3, , , , , , , , , ,3,3,0,0,0,0,0,0,0,0,0,1,1,0,0,0,0,1,0,0,0,0,0,0,0,0,0,0,0,0,0,0,0,0,0,4,0,40.0584,-75.1492, , 
42990,471291,2014099184,6,67,67301,2014,9,7,1310,13,1,1,0,5,1, , ,N,0,8,1,3,0,2,4,2,N,N,39 55:23.194,75 11:18.629,1310, ,1310,1,2,2,N, ,3,Y, , , , , , , , ,2,0,0,0,0,0,2,0,0,0,0,0,2,2,0,0,0,0,0,0,2,0,0,0,0,0,0,0,0,0,0,0,0,0,0,8,0,39.9231,-75.1885, , 
42991,471292,2014099208,6,67,67301,2014,9,3,1540,15,1,1,0,4,1, , ,N,1,2,0,3,0,1,3,2,N,N,40 02:23.726,75 07:13.540,1623, ,1620, ,0, ,N, ,3, , , , , , , , , ,2,1,0,0,0,0,1,0,0,0,0,1,1,0,0,0,0,0,0,0,0,0,0,0,0,0,0,0,0,0,0,0,0,0,0,4,0,40.0399,-75.1204, , 
42992,471295,2014104990,6,67,67301,2014,9,2,9999,99,1,1,0,4,1, , ,N,1,0,0,3,0,3,3,2,N, ,40 00:42.501,75 06:35.945,944, ,940, ,0, , , ,0, , , , , , , , , ,2,2,0,0,0,0,0,0,0,0,1,2,3,0,0,0,0,0,0,0,0,0,1,0,0,0,0,0,0,0,0,0,0,0,0,3,0,40.0118,-75.11, , 
42993,471298,2014106695,6,67,67301,2014,10,6,630,6,3,1,0,8,1, , ,N,2,2,0,3,0,1,2,2,N,N,39 55:00.228,75 10:52.435,635, ,632,1,1,2,N, ,3,Y, , , , , , , , ,1,1,0,0,0,0,0,0,0,0,0,0,1,1,0,0,0,0,0,0,1,0,0,0,0,0,0,0,0,0,0,0,1,0,0,8,0,39.9167,-75.1812, , 
42994,471309,2014104494,6,67,67301,2014,10,7,1850,18,3,2,1,4,1, , ,N,1,3,0,3,0,1,2,2,N,N,40 01:43.798,75 04:31.490,1856, ,1851, ,0, ,N, ,3, , , , , , , , , ,1,1,0,0,0,0,0,0,1,0,0,1,1,0,0,0,0,0,0,0,0,0,0,0,0,0,0,0,0,0,0,0,0,0,0,4,0,40.0288,-75.0754, , 
42995,471326,2014127460,6,67,67301,2014,12,3,200,2,3,1,0,7,4, , ,N,0,0,0,3,0,1,1,1,N,N,40 01:10.694,75 09:38.022,218, ,212, ,0, ,N, ,0, , , , , , , , , ,1,0,0,0,0,0,1,0,0,0,0,0,1,1,0,0,0,0,0,0,0,0,0,0,0,0,0,0,0,0,0,0,0,0,0,8,0,40.0196,-75.1606, , 
42996,471332,2014130535,6,67,67301,2014,12,4,1923,19,3,1,0,8,1, , ,N,1,3,0,3,0,1,2,2,N,N,40 01:45.825,75 08:13.473,1924, ,1924,9,1,4,N, ,3,N, , , , , , , , ,1,1,0,0,0,0,0,0,0,0,0,1,1,0,0,0,0,0,0,0,0,0,0,0,0,0,0,0,0,0,0,0,1,0,0,4,0,40.0294,-75.1371, , 
42997,474101,2014084448,6,67,67301,2014,7,2,932,9,1,1,0,4,1, , ,N,1,2,0,3,0,1,5,2,N,N,39 56:23.459,75 12:41.033,937, ,934, ,0, , , ,3, , , , , , , , , ,2,0,1,0,0,1,0,0,0,0,0,1,1,0,0,0,0,0,0,0,1,0,0,0,0,0,0,0,0,0,0,0,0,0,0,4,1,39.9398,-75.2114, , 
42998,474104,2014088865,6,67,67301,2014,8,7,1641,16,1,1,0,4,1, , ,N,1,2,0,3,0,1,2,2,N, ,39 58:47.528,75 08:34.317,1645, ,1641, ,0, , , ,3, , , , , , , , , ,2,0,0,0,0,0,2,0,0,0,0,0,1,1,0,0,0,0,0,0,0,1,0,0,0,0,0,0,0,0,0,0,0,0,0,8,0,39.9799,-75.1429, , 
42999,474106,2014089729,6,67,67301,2014,8,7,1807,18,1,2,0,4,1, , ,N,1,3,0,3,0,1,3,2,N,N,39 59:42.417,75 07:38.521,1807, ,1807, ,0, ,N, ,3, , , , , , , , , ,2,2,0,0,0,0,0,0,0,0,0,1,1,0,0,0,0,1,0,0,0,0,0,2,0,0,0,0,0,0,0,0,0,0,0,4,0,39.9951,-75.1274, , 
43000,474113,2014096808,6,67,67301,2014,9,5,2028,20,3,1,0,4,1, , ,N,1,0,2,3,0,1,2,2,N,N,40 00:53.487,75 12:23.665,2030, ,2028, ,0, , , ,0, , , , , , , , , ,2,1,0,0,0,0,1,0,0,0,0,1,1,0,0,0,0,0,0,0,0,0,0,0,0,0,0,0,0,0,0,0,0,0,0,4,0,40.0149,-75.2067, , 
43001,474130,2014120939,6,67,67301,2014,10,2,1412,14,1,1,0,1,1, , ,N,0,0,0,3,0,1,2,2,N, ,39 59:37.422,75 09:10.510,9999, ,9999, ,0, , , ,0, , , , , , , , , ,2,2,0,0,0,0,0,0,0,0,0,1,1,0,0,0,0,0,0,0,0,0,0,0,0,0,0,0,0,0,0,0,0,0,0,4,0,39.9937,-75.1529, , 
43002,474133,2014131934,6,67,67301,2014,12,4,1505,15,1,6,1,7,2, , ,N,0,0,0,3,0,2,2,1,N,N,39 58:57.309,75 12:27.900,1510, ,1510, ,0, ,N, ,0, , , , , , , , , ,1,0,0,0,1,0,0,0,0,0,0,0,2,2,0,0,0,0,0,0,0,0,0,0,0,0,0,0,0,0,0,0,0,0,0,8,0,39.9826,-75.2078, , 
43003,474137,2014111387,6,67,67301,2014,10,5,1531,15,1,1,0,1,1, , ,N,1,0,0,3,0,0,4,2,N,N,39 59:28.204,75 14:52.677,1535, ,1532, ,0, ,N, ,0, , , , , , , , , ,2,0,0,0,0,0,2,0,0,0,0,0,0,0,0,0,0,0,0,0,1,0,0,0,0,0,0,0,0,0,0,0,0,0,0,0,0,39.9911,-75.2479, , 
43004,474139,2014112726,6,67,67301,2014,6,2,1510,15,1,1,0,4,1, , ,N,1,2,0,3,0,2,3,2,N,N,40 00:54.079,75 08:06.611,0, ,0, ,0, ,N, ,3, , , , , , , , , ,2,0,0,0,0,0,0,0,0,0,1,0,2,1,0,0,0,0,0,0,0,0,1,0,0,0,0,0,0,0,0,0,0,0,0,3,0,40.015,-75.1352, , 
43005,474142,2014115064,6,67,67301,2014,7,7,1545,15,1,9,0,4,1, , ,N,3,3,0,3,0,0,2,2,N,N,39 58:35.832,75 11:21.931,0, ,0, ,0, ,N, ,3, , , , , , , , , ,2,1,0,0,0,0,1,0,0,0,0,0,0,0,1,0,0,0,0,0,0,0,0,0,0,0,0,0,0,0,0,0,0,0,0,9,0,39.9765,-75.1894, , 
43006,474146,2014118308,6,67,67301,2014,11,7,2210,22,3,1,0,1,1, , ,N,0,0,0,3,0,0,5,2,N,N,39 55:38.472,75 11:43.206,2237, ,2226,2,1,3,N, ,0,N, , , , , , , , ,2,1,0,0,0,0,0,1,0,0,0,0,0,0,0,0,0,0,0,0,0,0,0,0,0,0,0,0,0,0,0,0,0,0,0,0,0,39.9274,-75.1953, , 
43007,474162,2014111459,6,67,67301,2014,10,5,756,7,1,2,1,4,1, , ,N,1,3,0,3,0,1,2,2,N,N,39 58:14.952,75 09:52.433,801, ,757, ,0, ,N, ,3, , , , , , , , , ,1,1,0,0,0,0,0,0,1,0,0,1,1,0,0,0,0,0,0,0,0,0,0,0,0,0,0,0,0,0,0,0,0,0,0,4,0,39.9708,-75.1646, , 
43008,474164,2014113456,6,67,67301,2014,10,6,950,9,1,1,0,4,1, , ,N,1,3,0,3,0,1,3,2,N,N,39 57:48.643,75 11:29.421,1000, ,955,1,1,2,N, ,3,N, , , , , , , , ,2,1,0,0,0,1,0,0,0,0,0,0,1,1,0,0,0,0,0,0,0,0,0,0,0,0,0,0,0,0,0,0,0,0,0,8,1,39.9635,-75.1915, , 
43009,474170,2014120858,6,67,67301,2014,11,5,9999,99,3,2,1,1,1, , ,N,5,2,0,3,0,2,5,4,N,N,40 02:25.526,75 03:55.923,1959, ,1958,1,1,2, , ,3,N, , , , , , , , ,4,2,0,0,0,0,0,1,0,0,0,2,2,0,0,0,0,0,0,0,0,0,0,0,0,0,0,0,0,0,0,0,0,0,0,4,0,40.0404,-75.0655, , 
43010,474171,2014121624,6,67,67301,2014,12,2,855,8,1,1,0,1,1, , ,N,0,0,0,3,0,1,2,2,N,N,39 59:37.095,75 11:57.882,910, ,855,2,1,4,N, ,0,N, , , , , , , , ,2,1,0,0,0,1,0,0,0,0,1,0,1,0,0,0,0,0,0,0,0,0,0,0,0,0,0,0,0,0,0,0,0,0,0,3,1,39.9936,-75.1994, , 
43011,474194,2014129488,6,67,67301,2014,12,1,1729,17,3,1,0,0,1, , ,N,0,0,0,3,0,0,1,1,N,N,39 59:09.148,75 05:35.304,1742, ,1742, ,0, ,N, ,0, , , , , , , , , ,1,1,0,0,0,0,0,0,0,0,0,0,0,0,0,0,0,0,0,0,0,0,0,0,0,0,0,0,0,0,0,0,0,0,0,0,0,39.9859,-75.0931, , 
43012,474216,2014106667,6,67,67301,2014,10,5,2333,23,3,1,0,4,1, , ,N,2,2,0,3,0,0,2,2,N,N,40 04:57.003,75 02:25.844,2334, ,2333, ,0, ,N, ,3, , , , , , , , , ,2,2,0,0,0,0,0,0,0,0,0,0,0,0,0,0,0,0,0,0,0,0,0,0,0,0,0,0,0,0,0,0,0,0,0,0,0,40.0825,-75.0405, , 
43013,474314,2014096849,6,67,67301,2014,9,1,1800,18,1,1,0,1,1, , ,N,0,0,0,3,0,1,5,4,N,N,40 02:56.772,75 01:57.926,1812, ,1810,1,1,4,N, ,0,N, , , , , , , , ,4,2,0,0,0,0,1,1,0,0,0,0,1,1,4,0,0,0,0,0,1,0,0,0,0,0,0,0,0,0,0,0,0,0,0,8,0,40.0491,-75.0328, , 
43014,474320,2014104581,6,67,67301,2014,10,4,1355,13,1,1,0,4,1, , ,N,1,3,0,3,0,0,2,2,N,N,39 58:33.106,75 12:22.514,1559, ,1556, ,0, ,N, ,3, , , , , , , , , ,2,1,0,0,0,0,1,0,0,0,0,0,0,0,1,0,0,0,0,0,1,1,0,0,0,0,0,0,0,0,0,0,0,0,0,9,0,39.9759,-75.2063, , 
43015,476297,2014117593,6,67,67301,2014,10,6,946,9,1,1,0,4,1, , ,N,0,0,7,3,0,2,3,2,N,N,40 00:27.154,75 07:40.551,955, ,948, ,0, ,N, ,0, , , , , , , , , ,2,2,0,0,0,0,0,0,0,0,0,2,2,0,0,0,0,0,0,0,1,0,0,0,0,0,0,0,0,0,0,0,0,0,0,4,0,40.0075,-75.1279, , 
43016,476307,2014130456,6,67,67301,2014,12,6,41,0,3,1,0,4,1, , ,N,1,2,0,3,0,0,2,2,N,N,40 04:28.594,75 02:06.267,43, ,42,1,1,2,N, ,3,Y, , , , , , , , ,2,1,0,1,0,0,0,0,0,0,0,0,0,0,0,0,0,0,0,0,1,0,0,0,0,0,0,0,0,0,0,0,0,0,0,0,1,40.0746,-75.0351, , 
43017,476308,2014130522,6,67,67301,2014,12,3,1515,15,1,2,1,4,1, , ,N,1,3,0,3,0,1,2,2,N,N,39 57:43.221,75 11:33.907,1717, ,1716, ,0, ,N, ,3, , , , , , , , , ,2,1,0,0,0,0,1,0,0,0,0,0,1,1,0,0,0,0,0,0,0,0,0,0,0,0,0,0,0,0,0,0,0,0,0,8,0,39.962,-75.1928, , 
43018,476336,2014065554,6,67,67301,2014,5,7,233,2,3,1,0,4,1, , ,N,5,2,0,3,1,0,3,2,N,N,39 58:10.092,75 08:22.485,239, ,237,4,2,3,N,0,3,Y, , , , , , , , ,1,1,0,0,0,0,0,0,1,0,0,0,0,0,0,0,0,0,0,0,0,0,0,0,0,0,0,0,0,0,1,0,0,0,0,1,0,39.9695,-75.1395,2, 