objectid_1,objectid,crn,district,county,municipality,crash_year,crash_month,day_of_week,time_of_day,hour_of_day,illumination,weather,road_condition,collision_type,relation_to_road,work_zone_type,work_zone_loc,work_zone_ind,intersect_type,tcd_type,location_type,urban_rural,fatal_count,injury_count,person_count,total_units,sch_bus_ind,sch_zone_ind,latitude,longitude,arrival_tm,cons_zone_spd_lim,dispatch_tm,est_hrs_closed,lane_closed,ln_close_dir,ntfy_hiwy_maint,spec_juris_cd,tcd_func_cd,tfc_detour_ind,workers_pres,wz_close_detour,wz_flagger,wz_law_offcr_ind,wz_ln_closure,wz_moving,wz_other,wz_shlder_mdn,vehicle_count,automobile_count,motorcycle_count,bus_count,small_truck_count,heavy_truck_count,suv_count,van_count,bicycle_count,maj_inj_count,mod_inj_count,min_inj_count,tot_inj_count,unk_inj_deg_count,unk_inj_per_count,driver_count_16yr,driver_count_17yr,driver_count_18yr,driver_count_19yr,driver_count_20yr,driver_count_50_64yr,driver_count_65_74yr,driver_count_75plus,unbelted_occ_count,unb_death_count,unb_maj_inj_count,belted_death_count,belted_maj_inj_count,mcycle_death_count,mcycle_maj_inj_count,bicycle_death_count,bicycle_maj_inj_count,ped_count,ped_death_count,ped_maj_inj_count,max_severity_level,comm_veh_count,dec_lat,dec_long,rdwy_surf_type_cd,county_name
43086,474578,2014067960,6,67,67301,2014,6,3,1230,12,1,1,0,8,1, , ,N,0,0,0,3,0,1,2,2,N, ,39 56:43.006,75 14:30.806,1244, ,1244, ,0, , , ,0, , , , , , , , , ,1,0,0,0,0,0,0,1,0,0,0,1,1,0,0,0,0,0,0,0,0,1,0,0,0,0,0,0,0,0,0,0,1,0,0,4,0,39.9453,-75.2419, , 
43087,474585,2014068139,6,67,67301,2014,6,3,1950,19,1,1,0,4,1, , ,N,2,2,0,3,0,2,2,2,N,N,39 55:01.268,75 12:57.480,2005, ,1959, ,0, ,N, ,3, , , , , , , , , ,2,2,0,0,0,0,0,0,0,0,0,0,2,2,0,0,0,0,0,0,0,0,1,0,0,0,0,0,0,0,0,0,0,0,0,8,0,39.9169,-75.2159, , 
43088,475938,2014125031,6,67,67301,2014,11,6,1929,19,3,1,0,5,1, , ,N,0,0,0,3,0,3,5,2,N, ,40 03:01.588,75 10:58.209,2000, ,1944, ,0, , , ,0, , , , , , , , , ,2,2,0,0,0,0,0,0,0,0,1,0,3,2,0,0,0,0,0,0,1,1,0,0,0,0,0,0,0,0,0,0,0,0,0,3,0,40.0504,-75.1828, , 
43089,475941,2015002733,6,67,67301,2014,9,1,1847,18,1,1,0,8,1, , ,N,0,0,0,3,0,1,2,2,N,N,39 58:13.281,75 12:29.570,1854, ,1852, ,0, ,N, ,0, , , , , , , , , ,1,0,0,0,0,0,1,0,0,1,0,0,1,0,1,0,0,0,0,0,0,0,0,0,0,0,0,0,0,0,0,0,1,0,1,2,0,39.9704,-75.2082, , 
43090,475943,2015030924,6,67,67301,2014,12,2,700,7,1,1,0,1,1, , ,N,5,2,0,3,0,1,2,2,N,N,39 57:51.728,75 10:34.926,0, ,0, ,0, ,N, ,3, , , , , , , , , ,2,1,0,0,0,0,0,0,0,0,1,0,1,0,0,0,0,0,0,0,1,0,0,0,0,0,0,0,0,0,0,0,0,0,0,3,0,39.9644,-75.1764, , 
43091,475947,2014104396,6,67,67301,2014,10,4,929,9,1,1,0,3,1, , ,N,0,0,0,3,0,2,3,2,N,N,40 00:20.449,75 06:03.180,1003, ,1003, ,0, ,N, ,0, , , , , , , , , ,2,1,0,0,1,0,0,0,0,0,0,0,2,2,0,0,0,0,0,0,0,0,0,0,0,0,0,0,0,0,0,0,0,0,0,8,0,40.0057,-75.1009, , 
43092,475948,2014104478,6,67,67301,2014,10,2,2037,20,3,1,0,4,1, , ,N,1,3,0,3,0,1,2,2,N, ,39 59:44.386,75 07:10.937,2115, ,2103, ,0, , , ,3, , , , , , , , , ,1,0,0,0,0,0,1,0,1,0,0,1,1,0,0,0,0,0,0,0,0,0,0,0,0,0,0,0,0,0,0,0,0,0,0,4,0,39.9957,-75.1197, , 
43093,475949,2014104479,6,67,67301,2014,9,1,1400,14,1,1,0,8,6, , ,N,0,0,0,3,0,1,2,2,N,N,39 57:03.603,75 10:15.164,1525, ,1526, ,0, ,N, ,0, , , , , , , , , ,1,0,0,0,0,0,1,0,0,0,0,0,1,1,0,0,0,0,0,0,0,0,0,1,0,0,0,0,0,0,0,0,1,0,0,8,0,39.951,-75.1709, , 
43094,475952,2014106749,6,67,67301,2014,10,3,754,7,1,1,0,1,1, , ,N,0,0,0,3,0,1,5,5,N,N,40 00:48.750,75 10:47.096,757, ,755, ,0, ,N, ,0, , , , , , , , , ,5,5,0,0,0,0,0,0,0,0,0,1,1,0,0,0,0,0,0,0,0,0,0,0,0,0,0,0,0,0,0,0,0,0,0,4,0,40.0135,-75.1797, , 
43095,475953,2014110411,6,67,67301,2014,10,7,114,1,3,1,0,1,1, , ,N,0,2,0,3,0,0,2,2,N, ,40 00:58.185,75 09:14.374,212, ,203, ,0, , , ,3, , , , , , , , , ,2,1,0,0,0,0,1,0,0,0,0,0,0,0,0,0,0,0,0,0,1,0,0,0,0,0,0,0,0,0,0,0,0,0,0,0,0,40.0162,-75.154, , 
43096,475965,2015015555,6,67,67301,2014,12,4,925,9,1,1,0,4,1, , ,N,1,2,0,3,0,1,2,2,N,N,39 57:12.978,75 09:54.168,945, ,940, ,0, ,N, ,3, , , , , , , , , ,2,1,0,0,0,0,1,0,0,0,0,1,1,0,0,0,0,0,0,0,0,0,0,0,0,0,0,0,0,0,0,0,0,0,0,4,0,39.9536,-75.165, , 
43097,475967,2015003427,6,67,67301,2014,12,7,1643,16,4,1,0,1,1,1,4,Y,0,0,0,3,0,0,2,2,N,N,40 01:41.924,75 01:23.906,1714,45,1655, ,0, ,N, ,0, ,N,N,N,N,N,N,Y,N,2,1,0,0,0,0,1,0,0,0,0,0,0,0,0,0,0,0,0,0,0,0,0,1,0,0,0,0,0,0,0,0,0,0,0,0,0,40.0283,-75.0233, , 
43098,475975,2014121464,6,67,67301,2014,11,1,100,1,3,1,0,1,1, , ,N,1,2,0,3,0,4,4,2,N,N,40 03:02.097,75 08:31.585,115, ,115, ,0, ,N, ,3, , , , , , , , , ,2,1,0,0,0,0,1,0,0,0,0,1,4,3,0,0,1,0,0,0,0,0,0,2,0,0,0,0,0,0,0,0,0,0,0,4,0,40.0506,-75.1421, , 
43099,475981,2014084167,6,67,67301,2014,7,7,1559,15,1,1,0,4,1, , ,N,1,2,0,3,0,1,3,2,N,N,40 02:13.179,75 04:47.311,1607, ,1604,2,1,1,N, ,3,N, , , , , , , , ,2,2,0,0,0,0,0,0,0,0,0,0,1,1,0,0,0,0,0,0,0,1,0,0,0,0,0,0,0,0,0,0,0,0,0,8,0,40.0369,-75.0798, , 
43100,476004,2014114329,6,67,67301,2014,8,2,1830,18,1,1,0,1,1, , ,N,1,0,0,3,0,2,2,2,N,N,40 01:17.161,75 04:45.952,0, ,0, ,0, ,N, ,0, , , , , , , , , ,2,1,0,0,1,0,0,0,0,0,0,0,2,2,0,0,0,0,0,0,1,0,0,0,0,0,0,0,0,0,0,0,0,0,0,8,0,40.0214,-75.0794, , 
43101,476005,2014116607,6,67,67301,2014,11,5,848,8,1,1,0,1,1, , ,N,0,0,0,3,0,0,2,2,N,N,40 01:24.197,75 02:01.598,855, ,848, ,0, ,N, ,0, , , , , , , , , ,2,1,0,0,0,0,1,0,0,0,0,0,0,0,0,0,0,0,0,0,0,0,0,0,0,0,0,0,0,0,0,0,0,0,0,0,0,40.0234,-75.0338, , 
43102,476029,2015024988,6,67,67301,2014,10,1,100,1,3,1,0,1,1, , ,N,1,2,0,3,0,2,3,2,N,N,40 02:38.691,75 07:43.766,114, ,107, ,0, , , ,3, , , , , , , , , ,2,0,0,0,1,0,1,0,0,0,0,1,2,1,0,0,0,0,0,0,0,1,0,0,0,0,0,0,0,0,0,0,0,0,0,4,0,40.0441,-75.1288, , 
43103,476038,2014068153,6,67,67301,2014,5,3,145,1,6,1,0,8,6, , ,N,0,0,0,3,0,1,2,3,N, ,40 02:13.010,75 10:25.020,158, ,158, ,0, , , ,0, , , , , , , , , ,2,2,0,0,0,0,0,0,0,0,0,1,1,0,0,0,0,0,0,0,0,0,0,0,0,0,0,0,0,0,0,0,1,0,0,4,0,40.0369,-75.1736, , 
43104,476053,2014087909,6,67,67301,2014,7,1,3,0,3,1,0,4,1, , ,N,3,2,0,3,0,0,2,2,N,N,40 00:21.955,75 10:35.772,4, ,3, ,0, ,N, ,3, , , , , , , , , ,2,2,0,0,0,0,0,0,0,0,0,0,0,0,0,0,0,0,0,0,0,0,0,0,0,0,0,0,0,0,0,0,0,0,0,0,0,40.006,-75.1766, , 
43105,476101,2014091010,6,67,67301,2014,9,2,1634,16,1,1,0,1,1, , ,N,0,0,0,3,0,1,2,2,N,N,39 54:57.532,75 08:51.985,1658, ,1634,1,1,2,N, ,0,N, , , , , , , , ,2,2,0,0,0,0,0,0,0,0,0,1,1,0,0,0,0,0,0,0,0,0,0,0,0,0,0,0,0,0,0,0,0,0,0,4,0,39.916,-75.1478, , 
43106,476104,2014095871,6,67,67301,2014,9,3,1759,17,1,1,0,8,1, , ,N,0,0,0,3,0,1,2,2,N, ,39 59:27.672,75 08:39.296,1802, ,1800,1,2,1, , ,0,Y, , , , , , , , ,1,0,0,0,0,0,1,0,0,0,1,0,1,0,0,0,0,0,0,0,0,0,0,0,0,0,0,0,0,0,0,0,1,0,0,3,0,39.991,-75.1442, , 
43107,468734,2014087901,6,67,67301,2014,8,5,1232,12,1,1,0,1,1, , ,N,2,2,2,3,0,1,4,3,N, ,39 52:54.167,75 15:12.160,1242, ,1234, ,0, , , ,3, , , , , , , , , ,3,2,0,0,0,0,0,1,0,0,0,0,1,1,0,0,0,0,0,0,1,0,0,0,0,0,0,0,0,0,0,0,0,0,0,8,0,39.8814,-75.2535, , 
43108,468737,2014088703,6,67,67301,2014,8,5,2055,20,3,2,1,5,1, , ,N,0,0,0,3,0,1,2,2,N,N,40 01:24.177,75 08:10.505,2103, ,2055,1,1,2,N, ,0,N, , , , , , , , ,2,0,0,0,0,0,2,0,0,0,0,1,1,0,0,0,0,0,0,0,0,0,0,0,0,0,0,0,0,0,0,0,0,0,0,4,0,40.0233,-75.1366, , 
43109,468739,2014091324,6,67,67301,2014,9,7,9999,99,1,1,0,4,1, , ,N,1,2,0,3,0,2,2,2,N, ,39 58:50.844,75 10:26.522,1035, ,1032,1,1,3, , ,3,N, , , , , , , , ,2,1,0,0,0,0,0,1,0,2,0,0,2,0,0,0,0,0,0,0,0,0,0,0,0,0,0,0,0,0,0,0,0,0,0,2,0,39.9808,-75.174, , 
43110,468740,2014091343,6,67,67301,2014,8,1,250,2,3,1,0,5,6, , ,N,0,0,0,3,0,2,3,4,N,N,39 59:21.717,75 08:27.150,255, ,251,1,1,1, , ,0,N, , , , , , , , ,4,4,0,0,0,0,0,0,0,0,1,1,2,0,0,0,0,0,0,0,0,0,0,2,0,0,0,0,0,0,0,0,0,0,0,3,0,39.9894,-75.1409, , 
43111,468750,2014107214,6,67,67301,2014,10,3,2028,20,3,1,0,1,1, , ,N,0,0,0,3,0,1,6,4,N,N,40 03:28.201,75 00:54.310,2039, ,2034, ,0, , , ,0, , , , , , , , , ,4,3,0,0,0,1,0,0,0,0,0,0,1,1,0,0,0,0,0,0,1,0,0,0,0,0,0,0,0,0,0,0,0,0,0,8,1,40.0578,-75.0151, , 
43112,468753,2014108618,6,67,67301,2014,10,3,937,9,1,1,0,7,7, , ,N,7,0,2,3,0,0,1,1,N,N,39 58:34.136,75 11:44.141,940, ,940,1,2,4,Y, ,0,N, , , , , , , , ,1,0,0,0,0,0,1,0,0,0,0,0,0,0,0,0,0,0,0,0,1,0,0,0,0,0,0,0,0,0,0,0,0,0,0,0,0,39.9761,-75.1956, , 
43113,468755,2014112294,6,67,67301,2014,10,5,705,7,3,2,1,4,1, , ,N,1,2,0,3,0,2,2,2,N, ,40 04:57.634,75 01:55.598,707, ,705,1,1,3, , ,3,N, , , , , , , , ,2,1,0,0,1,0,0,0,0,0,0,2,2,0,0,0,0,0,0,0,0,0,0,0,0,0,0,0,0,0,0,0,0,0,0,4,0,40.0827,-75.0321, , 
43114,468769,2014068105,6,67,67301,2014,6,7,1138,11,1,1,0,1,1, , ,N,1,4,0,3,0,1,2,2,N,N,40 04:08.982,75 00:26.173,1149, ,1149, ,0, ,N, ,3, , , , , , , , , ,2,1,0,0,0,0,0,1,0,0,0,1,1,0,0,0,0,0,0,0,1,0,0,0,0,0,0,0,0,0,0,0,0,0,0,4,0,40.0692,-75.0073, , 
43115,468784,2014084155,6,67,67301,2014,6,4,1545,15,1,1,0,1,1, , ,N,0,0,0,3,0,1,3,3,N,N,40 03:52.177,75 14:23.433,1750, ,1745, ,0, ,N, ,0, , , , , , , , , ,3,0,0,0,0,0,2,0,0,0,0,1,1,0,0,0,0,0,0,0,0,0,0,0,0,0,0,0,0,0,0,0,0,0,0,4,0,40.0645,-75.2398, , 
43116,468808,2014084399,6,67,67301,2014,7,3,1514,15,1,1,0,3,1, , ,N,2,2,7,3,0,0,2,2,N,N,40 05:36.471,75 01:52.949,1556, ,1549, ,0, , , ,3, , , , , , , , , ,2,2,0,0,0,0,0,0,0,0,0,0,0,0,1,0,0,0,0,0,0,0,0,0,0,0,0,0,0,0,0,0,0,0,0,9,0,40.0934,-75.0313, , 
43117,468816,2014091785,6,67,67301,2014,8,4,1715,17,1,1,0,1,1, , ,N,1,0,0,3,0,4,5,3,N, ,39 55:26.880,75 14:43.716,1730, ,1723, ,0, , , ,0, , , , , , , , , ,3,3,0,0,0,0,0,0,0,0,0,4,4,0,0,0,0,0,0,0,1,0,0,0,0,0,0,0,0,0,0,0,0,0,0,4,0,39.9241,-75.2455, , 
43118,468821,2014095989,6,67,67301,2014,9,5,1755,17,1,1,0,5,1, , ,N,0,0,3,3,0,1,3,2,N,N,39 58:31.420,75 11:35.851,1801, ,1759, ,0, ,N, ,0, , , , , , , , , ,2,2,0,0,0,0,0,0,0,0,0,1,1,0,0,0,0,0,1,0,0,0,0,0,0,0,0,0,0,0,0,0,0,0,0,4,0,39.9754,-75.1933, , 
43119,468832,2014109932,6,67,67301,2014,10,6,850,8,1,1,0,4,1, , ,N,1,2,0,3,0,0,2,3,N,N,40 03:14.457,75 08:41.146,9999, ,9999,1,2,7,N, ,3,Y, , , , , , , , ,3,2,0,0,1,0,0,0,0,0,0,0,0,0,1,0,0,0,1,0,0,0,0,0,0,0,0,0,0,0,0,0,0,0,0,9,0,40.054,-75.1448, , 
43120,468838,2014113405,6,67,67301,2014,10,2,1507,15,1,1,0,1,1, , ,N,2,3,0,3,0,1,3,2,N,N,40 03:21.074,75 02:06.521,1518, ,1511, ,0, ,N, ,3, , , , , , , , , ,2,2,0,0,0,0,0,0,0,0,0,0,1,1,0,0,0,0,0,0,1,0,0,0,0,0,0,0,0,0,0,0,0,0,0,8,0,40.0559,-75.0351, , 
43121,468855,2014075967,6,67,67301,2014,6,3,2035,20,3,2,1,4,1, , ,N,1,2,0,3,0,1,4,2,N,N,40 02:50.956,75 05:30.725,2045, ,2041, ,0, ,N, ,3, , , , , , , , , ,2,2,0,0,0,0,0,0,0,0,0,0,1,1,0,0,0,0,0,0,1,0,0,0,0,0,0,0,0,0,0,0,0,0,0,8,0,40.0475,-75.0919, , 
43122,468857,2014078902,6,67,67301,2014,5,6,652,6,1,1,0,4,1, , ,N,1,2,0,3,0,1,2,2,N,N,39 56:47.166,75 10:46.214,735, ,731,2,1,4, , ,3,N, , , , , , , , ,2,0,0,0,0,0,1,1,0,0,0,1,1,0,0,0,0,0,0,0,1,0,0,1,0,0,0,0,0,0,0,0,0,0,0,4,0,39.9464,-75.1795, , 
43123,468864,2014088302,6,67,67301,2014,7,6,1743,17,1,1,0,4,1, , ,N,0,0,0,3,0,2,5,2,N,N,39 59:25.482,75 07:36.654,9999, ,9999, ,0, ,N, ,0, , , , , , , , , ,2,0,0,0,0,0,2,0,0,0,0,2,2,0,0,0,0,0,0,0,0,0,0,0,0,0,0,0,0,0,0,0,0,0,0,4,0,39.9904,-75.1268, , 
43124,468868,2014095894,6,67,67301,2014,9,2,1450,14,1,1,0,1,1, , ,N,1,2,0,3,0,1,2,2,N,N,39 54:57.588,75 09:52.288,1659, ,1649, ,0, ,N, ,3, , , , , , , , , ,2,2,0,0,0,0,0,0,0,0,0,1,1,0,0,0,0,0,0,0,1,0,0,0,0,0,0,0,0,0,0,0,0,0,0,4,0,39.9159,-75.1645, , 
43125,471507,2014111474,6,67,67301,2014,10,5,1609,16,1,1,1,8,1, , ,N,2,3,0,3,0,1,2,2,N, ,39 55:23.901,75 14:20.655,1626, ,1622, ,0, , , ,3, , , , , , , , , ,1,1,0,0,0,0,0,0,0,0,0,1,1,0,0,0,0,0,0,0,0,0,0,0,0,0,0,0,0,0,0,0,1,0,0,4,0,39.9233,-75.2391, , 
43126,471516,2014120322,6,67,67301,2014,11,1,354,3,3,1,0,7,4, , ,N,0,0,0,3,0,2,3,1,N, ,39 58:53.647,75 14:20.978,404, ,354, ,0, , , ,0, , , , , , , , , ,1,1,0,0,0,0,0,0,0,0,0,0,2,2,0,0,0,0,1,0,0,0,0,0,0,0,0,0,0,0,0,0,0,0,0,8,0,39.9816,-75.2392, , 
43127,471518,2014059125,6,67,67301,2014,4,6,2150,21,3,2,1,1,1, , ,N,1,2,0,3,0,2,4,2,N, ,40 03:31.188,75 02:39.382,2350, ,2350, ,0, , , ,3, , , , , , , , , ,2,2,0,0,0,0,0,0,0,0,0,0,2,2,0,0,0,0,0,0,1,0,0,0,0,0,0,0,0,0,0,0,0,0,0,8,0,40.0587,-75.0443, , 
43128,471521,2014060639,6,67,67301,2014,6,1,1557,15,1,1,0,0,1,1,4,Y,7,0,2,3,0,0,4,1,N,N,39 58:00.714,75 08:02.349,1616,20,1610,2,2,1,N, ,0,Y,N,N,N,N,N,Y,N,Y,1,1,0,0,0,0,0,0,0,0,0,0,0,0,0,0,0,0,0,0,0,0,0,0,0,0,0,0,0,0,0,0,0,0,0,0,0,39.9684,-75.129, , 
43129,471528,2014069435,6,67,67301,2014,5,7,1029,10,1,1,0,5,6, , ,N,0,0,0,3,0,1,3,2,N, ,40 01:08.029,75 12:51.213,1034, ,1030, ,0, , , ,0, , , , , , , , , ,1,1,0,0,0,0,0,0,1,0,0,1,1,0,0,0,0,0,0,0,0,0,0,0,0,0,0,0,0,0,0,0,0,0,0,4,0,40.0189,-75.2142, , 
43130,471538,2014082643,6,67,67301,2014,6,7,1120,11,1,1,0,1,1, , ,N,0,0,0,3,0,1,2,2,N,N,39 55:00.703,75 10:17.046,1140, ,1130, ,0, ,N, ,0, , , , , , , , , ,2,1,0,1,0,0,0,0,0,0,0,1,1,0,0,0,0,0,0,0,0,0,0,0,0,0,0,0,0,0,0,0,0,0,0,4,1,39.9169,-75.1714, , 
43131,471549,2014127897,6,67,67301,2014,12,7,1925,19,3,2,1,8,1, , ,N,1,2,0,3,0,1,2,2,N,N,40 02:58.613,75 03:29.519,1944, ,1937, ,0, , , ,3, , , , , , , , , ,1,1,0,0,0,0,0,0,0,0,1,0,1,0,0,0,0,0,0,0,1,0,0,0,0,0,0,0,0,0,0,0,1,0,0,3,0,40.0496,-75.0582, , 
43132,471555,2015002685,6,67,67301,2014,12,6,2305,23,3,1,0,5,1, , ,N,0,0,0,3,0,1,2,2,N,N,39 57:47.327,75 09:59.776,43, ,41, ,0, ,N, ,0, , , , , , , , , ,1,1,0,0,0,0,0,0,1,0,0,0,1,1,0,0,0,0,0,0,0,0,0,0,0,0,0,0,0,0,0,0,0,0,0,8,0,39.9631,-75.1666, , 
43133,471571,2014106725,6,67,67301,2014,10,3,1540,15,1,1,0,1,1, , ,N,3,2,0,3,0,1,7,3,N, ,40 05:38.456,75 01:51.854,1547, ,1545,1,1,2,N, ,3,N, , , , , , , , ,3,3,0,0,0,0,0,0,0,0,0,0,1,1,0,0,0,0,0,0,0,0,1,0,0,0,0,0,0,0,0,0,0,0,0,8,0,40.0941,-75.0309, , 
43134,471599,2014104444,6,67,67301,2014,9,1,1320,13,1,1,0,4,1, , ,N,1,3,0,3,0,3,4,3,N,N,39 57:21.643,75 12:41.414,1340, ,1335, ,0, ,N, ,3, , , , , , , , , ,3,1,0,0,0,0,2,0,0,0,0,1,3,2,0,0,0,0,0,0,1,1,0,0,0,0,0,0,0,0,0,0,0,0,0,4,0,39.956,-75.2115, , 
43135,471601,2014110402,6,67,67301,2014,10,3,1645,16,1,1,0,4,1, , ,N,1,2,0,3,0,1,3,2,N,N,40 00:44.009,75 09:01.745,1649, ,1647, ,0, , , ,3, , , , , , , , , ,2,1,1,0,0,0,0,0,0,0,0,1,1,0,0,0,0,0,1,0,1,0,0,0,0,0,0,0,0,0,0,0,0,0,0,4,0,40.0122,-75.1505, , 
43136,471606,2014049765,6,67,67301,2014,3,2,1531,15,1,1,0,4,1, , ,N,0,0,0,3,0,1,2,2,N,N,39 55:25.722,75 08:36.473,1536, ,1533,3,2,2,N, ,0,Y, , , , , , , , ,1,1,0,0,0,0,0,0,1,0,1,0,1,0,0,0,0,0,0,0,0,0,0,0,0,0,0,0,0,0,0,0,0,0,0,3,0,39.9238,-75.1435, , 
43137,471607,2014049801,6,67,67301,2014,4,4,934,9,1,2,1,4,1, , ,N,1,3,0,3,0,3,3,2,N, ,40 02:40.989,75 07:17.032,1008, ,1004,2,1,3, , ,3,Y, , , , , , , , ,2,2,0,0,0,0,0,0,0,0,0,3,3,0,0,0,0,0,0,0,0,0,0,0,0,0,0,0,0,0,0,0,0,0,0,4,0,40.0447,-75.1214, , 
43138,471636,2014074506,6,67,67301,2014,6,6,2200,22,3,1,0,5,6, , ,N,0,0,0,3,0,0,1,3,N, ,39 59:13.088,75 06:28.173,2350, ,2350, ,0, , , ,0, , , , , , , , , ,3,1,0,0,1,0,1,0,0,0,0,0,0,0,1,0,0,0,0,0,0,0,0,1,0,0,0,0,0,0,0,0,0,0,0,9,0,39.987,-75.1078, , 
43139,471648,2014067935,6,67,67301,2014,5,4,1630,16,1,9,0,8,1, , ,N,0,0,0,3,0,1,2,2,N,N,39 57:02.073,75 09:31.107,9999, ,2105, ,0, ,N, ,0, , , , , , , , , ,1,1,0,0,0,0,0,0,0,0,0,1,1,0,0,0,0,0,0,0,0,0,0,0,0,0,0,0,0,0,0,0,1,0,0,4,0,39.9506,-75.1586, , 
43140,471659,2014078881,6,67,67301,2014,6,3,1525,15,1,1,0,4,1, , ,N,1,3,0,3,0,3,4,3,N,N,40 02:33.975,75 08:55.816,1545, ,1535, ,0, ,N, ,3, , , , , , , , , ,3,1,0,0,1,0,1,0,0,0,1,0,3,2,0,0,0,0,0,0,0,0,0,0,0,0,0,0,0,0,0,0,0,0,0,3,0,40.0428,-75.1488, , 
43141,471676,2014109923,6,67,67301,2014,10,1,1140,11,1,1,0,1,1, , ,N,2,2,0,3,0,0,3,2,N,N,40 05:52.988,75 01:49.773,1148, ,1146,1,1,2,N, ,3,N, , , , , , , , ,2,1,0,0,0,0,1,0,0,0,0,0,0,0,0,0,0,0,0,0,0,0,0,0,0,0,0,0,0,0,0,0,0,0,0,0,0,40.0981,-75.0303, , 
43142,471701,2014078917,6,67,67301,2014,5,6,51,0,3,1,0,4,1, , ,N,1,2,0,3,0,1,2,3,N, ,39 54:53.920,75 14:15.385,54, ,51,3,1,5, , ,3,Y, , , , , , , , ,3,2,0,0,0,0,0,1,0,0,1,0,1,0,0,0,0,0,0,0,0,0,0,0,0,0,0,0,0,0,0,0,0,0,0,3,0,39.915,-75.2376, , 
43143,474596,2014088152,6,67,67301,2014,8,3,1345,13,1,1,0,8,1, , ,N,1,3,0,3,0,1,2,2,N,N,39 57:15.426,75 09:16.196,1530, ,1525, ,0, ,N, ,3, , , , , , , , , ,1,1,0,0,0,0,0,0,0,0,0,1,1,0,0,0,0,0,0,0,1,0,0,0,0,0,0,0,0,0,0,0,1,0,0,4,0,39.9543,-75.1545, , 
43144,474605,2014095922,6,67,67301,2014,9,4,746,7,1,1,0,4,1, , ,N,1,3,0,3,0,2,2,2,N, ,40 01:15.575,75 10:56.764,752, ,750,9,1,3, , ,3,N, , , , , , , , ,2,1,0,0,0,0,1,0,0,0,0,0,2,2,0,0,0,0,0,0,1,0,0,0,0,0,0,0,0,0,0,0,0,0,0,8,0,40.021,-75.1824, , 
43145,474616,2014113324,6,67,67301,2014,11,1,105,1,3,2,1,7,4, , ,N,0,0,0,3,0,0,2,2,N,N,39 59:40.614,75 04:43.435,107, ,106, ,0, ,N, ,0, , , , , , , , , ,1,1,0,0,0,0,0,0,0,0,0,0,0,0,0,0,0,0,0,0,0,0,0,0,0,0,0,0,0,0,0,0,0,0,0,0,0,39.9946,-75.0787, , 
43146,474691,2014117604,6,67,67301,2014,10,7,1105,11,1,2,1,1,1, , ,N,0,0,3,3,0,1,2,2,N,N,40 00:43.148,75 12:17.382,1105, ,1105,2,1,1,N, ,0,Y, , , , , , , , ,2,0,0,0,0,0,2,0,0,0,1,0,1,0,0,0,0,0,0,0,0,0,0,0,0,0,0,0,0,0,0,0,0,0,0,3,0,40.012,-75.2048, , 
43147,474720,2014068154,6,67,67301,2014,5,3,1430,14,1,1,0,1,1, , ,N,0,0,0,3,0,2,2,2,N,N,40 02:22.171,75 09:15.604,1501, ,1509, ,0, ,N, ,0, , , , , , , , , ,2,2,0,0,0,0,0,0,0,0,0,2,2,0,0,0,0,0,0,0,0,0,0,0,0,0,0,0,0,0,0,0,0,0,0,4,0,40.0395,-75.1543, , 
43148,474721,2014068197,6,67,67301,2014,5,1,1435,14,1,1,0,1,1, , ,N,3,2,0,3,0,1,2,2,N,N,40 01:32.812,75 12:11.306,1500, ,1446, ,0, ,N, ,3, , , , , , , , , ,2,2,0,0,0,0,0,0,0,0,0,0,1,1,0,0,0,0,0,0,1,0,0,0,0,0,0,0,0,0,0,0,0,0,0,8,0,40.0259,-75.2032, , 
43149,474722,2014068636,6,67,67301,2014,5,7,1840,18,1,1,0,8,1, , ,N,2,0,0,3,0,1,2,2,N,N,39 59:57.955,75 06:42.112,1950, ,1950, ,0, ,N, ,0, , , , , , , , , ,1,0,0,0,0,0,1,0,0,0,0,1,1,0,0,0,0,0,0,0,0,0,0,0,0,0,0,0,0,0,0,0,1,0,0,4,0,39.9994,-75.1117, , 
43150,474739,2014125020,6,67,67301,2014,11,3,1848,18,3,1,0,8,1, , ,N,0,0,0,3,0,1,2,2,N,N,39 55:16.991,75 08:47.597,1853, ,1851, ,0, ,N, ,0, , , , , , , , , ,1,0,0,0,0,0,1,0,0,0,1,0,1,0,0,0,0,0,0,0,1,0,0,0,0,0,0,0,0,0,0,0,1,0,0,3,0,39.9214,-75.1466, , 
43151,474749,2014064133,6,67,67301,2014,6,7,2333,23,3,1,0,4,1, , ,N,1,2,0,3,0,2,4,2,N,N,40 02:40.636,75 03:16.819,24, ,2,3,1,7,N, ,3,N, , , , , , , , ,2,1,0,0,0,0,1,0,0,0,1,1,2,0,0,0,0,0,0,0,0,0,0,2,0,0,0,0,0,0,0,0,0,0,0,3,0,40.0446,-75.0547, , 
43152,474759,2014084158,6,67,67301,2014,7,7,1850,18,1,1,0,4,1, , ,N,1,0,0,3,0,1,2,2,N, ,39 56:12.616,75 13:16.197,1903, ,1900, ,0, , , ,0, , , , , , , , , ,1,0,0,0,0,0,1,0,1,0,0,1,1,0,0,0,0,0,0,0,1,0,0,0,0,0,0,0,0,0,0,0,0,0,0,4,0,39.9368,-75.2212, , 
43153,474768,2014091371,6,67,67301,2014,9,3,915,9,1,1,0,4,1, , ,N,0,0,7,3,0,1,2,2,N, ,40 05:43.488,75 00:57.953,940, ,918, ,0, , , ,0, , , , , , , , , ,2,2,0,0,0,0,0,0,0,0,0,1,1,0,0,0,0,0,0,0,0,0,0,0,0,0,0,0,0,0,0,0,0,0,0,4,0,40.0954,-75.0161, , 