objectid_1,objectid,crn,district,county,municipality,crash_year,crash_month,day_of_week,time_of_day,hour_of_day,illumination,weather,road_condition,collision_type,relation_to_road,work_zone_type,work_zone_loc,work_zone_ind,intersect_type,tcd_type,location_type,urban_rural,fatal_count,injury_count,person_count,total_units,sch_bus_ind,sch_zone_ind,latitude,longitude,arrival_tm,cons_zone_spd_lim,dispatch_tm,est_hrs_closed,lane_closed,ln_close_dir,ntfy_hiwy_maint,spec_juris_cd,tcd_func_cd,tfc_detour_ind,workers_pres,wz_close_detour,wz_flagger,wz_law_offcr_ind,wz_ln_closure,wz_moving,wz_other,wz_shlder_mdn,vehicle_count,automobile_count,motorcycle_count,bus_count,small_truck_count,heavy_truck_count,suv_count,van_count,bicycle_count,maj_inj_count,mod_inj_count,min_inj_count,tot_inj_count,unk_inj_deg_count,unk_inj_per_count,driver_count_16yr,driver_count_17yr,driver_count_18yr,driver_count_19yr,driver_count_20yr,driver_count_50_64yr,driver_count_65_74yr,driver_count_75plus,unbelted_occ_count,unb_death_count,unb_maj_inj_count,belted_death_count,belted_maj_inj_count,mcycle_death_count,mcycle_maj_inj_count,bicycle_death_count,bicycle_maj_inj_count,ped_count,ped_death_count,ped_maj_inj_count,max_severity_level,comm_veh_count,dec_lat,dec_long,rdwy_surf_type_cd,county_name
43221,474843,2014110533,6,67,67301,2014,9,6,1955,19,3,1,0,1,1, , ,N,0,0,0,3,0,2,3,3,N,N,39 59:43.253,75 11:52.252,1955, ,1955, ,0, ,N, ,0, , , , , , , , , ,3,3,0,0,0,0,0,0,0,0,0,0,2,2,0,0,0,0,0,2,0,0,0,0,0,0,0,0,0,0,0,0,0,0,0,8,0,39.9953,-75.1978, , 
43222,474844,2014111516,6,67,67301,2014,10,6,700,7,1,1,0,4,1, , ,N,1,2,0,3,0,1,2,2,N,N,39 59:07.172,75 08:10.229,850, ,850, ,0, ,N, ,2, , , , , , , , , ,2,0,0,0,1,0,0,1,0,0,1,0,1,0,0,0,0,0,0,0,0,0,0,0,0,0,0,0,0,0,0,0,0,0,0,3,0,39.9853,-75.1362, , 
43223,474848,2014120906,6,67,67301,2014,11,7,9999,99,3,1,0,7,4, , ,N,0,0,0,3,0,3,3,1,N,N,40 01:38.713,75 11:33.736,9999, ,9999, ,0, ,N, ,0, , , , , , , , , ,1,0,0,0,0,0,1,0,0,0,0,3,3,0,0,0,0,0,0,0,0,0,0,0,0,0,0,0,0,0,0,0,0,0,0,4,0,40.0274,-75.1927, , 
43224,474850,2014125165,6,67,67301,2014,11,7,0,0,3,1,0,4,1, , ,N,1,3,0,3,0,0,3,2,N, ,39 55:51.578,75 09:11.372,17, ,10, ,0, , , ,3, , , , , , , , , ,2,2,0,0,0,0,0,0,0,0,0,0,0,0,0,0,0,0,0,0,0,0,0,0,0,0,0,0,0,0,0,0,0,0,0,0,0,39.931,-75.1532, , 
43225,474857,2014060825,6,67,67301,2014,5,5,1225,12,1,1,0,1,1, , ,N,1,2,0,3,0,1,3,2,N,N,39 59:25.750,75 14:57.164,1247, ,1227, ,0, ,N, ,3, , , , , , , , , ,2,0,0,0,0,0,1,1,0,0,0,0,1,1,0,0,0,0,0,0,0,0,0,0,0,0,0,0,0,0,0,0,0,0,0,8,0,39.9905,-75.2492, , 
43226,474875,2014059357,6,67,67301,2014,5,7,1650,16,1,1,0,8,1, , ,N,1,2,0,3,0,1,6,2,N,N,40 01:54.231,75 10:43.900,1705, ,1659, ,0, ,N, ,3, , , , , , , , , ,1,1,0,0,0,0,0,0,0,0,0,0,1,1,5,0,0,0,0,0,0,0,0,0,0,0,0,0,0,0,0,0,1,0,0,8,0,40.0317,-75.1789, , 
43227,474884,2014065605,6,67,67301,2014,5,2,1830,18,1,1,0,5,1, , ,N,0,0,0,3,0,1,2,2,N,N,39 56:55.728,75 12:54.874,1836, ,1832, ,0, , , ,0, , , , , , , , , ,1,1,0,0,0,0,0,0,1,0,0,1,1,0,0,0,0,0,0,0,0,0,0,0,0,0,0,0,0,0,0,0,0,0,0,4,0,39.9488,-75.2152, , 
43228,474894,2014075992,6,67,67301,2014,6,2,1747,17,1,1,0,8,1, , ,N,1,2,0,3,0,1,2,2,N,N,39 59:49.087,75 07:02.700,1752, ,1749,2,1,3,N, ,3,Y, , , , , , , , ,1,1,0,0,0,0,0,0,0,0,0,1,1,0,0,0,0,0,0,0,0,0,0,0,0,0,0,0,0,0,0,0,1,0,0,4,0,39.997,-75.1174, , 
43229,474902,2014088188,6,67,67301,2014,8,2,946,9,1,1,0,4,1, , ,N,1,0,0,3,0,1,2,2,N,N,40 02:34.544,75 08:59.852,951, ,946, ,0, ,N, ,0, , , , , , , , , ,2,1,1,0,0,0,0,0,0,0,0,0,1,1,0,0,0,0,0,0,0,0,0,0,0,0,0,0,0,0,0,0,0,0,0,8,0,40.0429,-75.15, , 
43230,474903,2014088953,6,67,67301,2014,7,1,155,1,3,1,0,4,1, , ,N,2,0,0,3,0,0,3,2,N,N,39 53:56.856,75 10:29.425,220, ,216, ,0, ,N, ,0, , , , , , , , , ,2,0,0,0,0,0,1,1,0,0,0,0,0,0,0,0,0,0,0,0,0,0,0,0,0,0,0,0,0,0,0,0,0,0,0,0,0,39.8991,-75.1748, , 
43231,474907,2014095986,6,67,67301,2014,9,2,1314,13,1,1,0,4,1, , ,N,1,2,0,3,0,1,4,2,N,N,40 04:02.966,75 10:45.507,1338, ,1332,9,1,3,N, ,3,N, , , , , , , , ,2,2,0,0,0,0,0,0,0,0,0,0,1,1,0,0,0,0,0,0,0,0,0,0,0,0,0,0,0,0,0,0,0,0,0,8,0,40.0675,-75.1793, , 
43232,474915,2014104673,6,67,67301,2014,9,1,235,2,3,1,0,7,4, , ,N,0,0,0,3,0,0,1,1,N,N,39 58:37.506,75 11:57.811,254, ,240,1,1,4,N, ,0,N, , , , , , , , ,1,1,0,0,0,0,0,0,0,0,0,0,0,0,1,0,0,0,0,0,0,0,0,0,0,0,0,0,0,0,0,0,0,0,0,9,0,39.9771,-75.1994, , 
43233,476642,2014091453,6,67,67301,2014,8,4,1600,16,1,1,0,1,1, , ,N,3,0,0,3,0,0,2,2,N,N,40 00:55.125,75 12:21.179,1615, ,1607, ,0, , , ,0, , , , , , , , , ,2,2,0,0,0,0,0,0,0,0,0,0,0,0,0,0,0,0,0,0,0,0,0,0,0,0,0,0,0,0,0,0,0,0,0,0,0,40.0153,-75.2059, , 
43234,476662,2014074487,6,67,67301,2014,6,4,1435,14,1,1,0,4,1, , ,N,1,2,0,3,0,1,2,2,N,N,39 58:58.770,75 06:05.073,1450, ,1440, ,0, ,N, ,3, , , , , , , , , ,2,0,0,0,1,0,1,0,0,0,0,1,1,0,0,0,0,0,0,0,1,0,0,0,0,0,0,0,0,0,0,0,0,0,0,4,0,39.983,-75.1014, , 
43235,476685,2014095964,6,67,67301,2014,9,4,2250,22,3,1,0,1,2, , ,N,0,0,0,3,0,0,2,2,N,N,40 02:31.860,75 03:01.510,2310, ,2305,2,1,3,N, ,0,N, , , , , , , , ,2,1,0,0,0,0,1,0,0,0,0,0,0,0,0,0,0,0,0,1,0,0,0,0,0,0,0,0,0,0,0,0,0,0,0,0,0,40.0422,-75.0504, , 
43236,476725,2014083047,6,67,67301,2014,6,2,1310,13,1,1,0,4,1, , ,N,1,2,0,3,0,2,3,2,N,N,40 00:40.651,75 06:21.920,1315, ,1312, ,0, ,N, ,3, , , , , , , , , ,2,2,0,0,0,0,0,0,0,0,0,0,2,2,0,0,0,0,0,0,0,0,0,0,0,0,0,0,0,0,0,0,0,0,0,8,0,40.0113,-75.1061, , 
43237,476731,2014087939,6,67,67301,2014,8,4,1637,16,1,1,0,8,1, , ,N,1,2,0,3,0,1,2,2,N,N,39 55:23.275,75 10:11.576,9999, ,9999, ,0, , , ,3, , , , , , , , , ,1,0,0,0,1,0,0,0,0,1,0,0,1,0,0,0,0,0,0,0,0,0,0,0,0,0,0,0,0,0,0,0,1,0,1,2,1,39.9231,-75.1699, , 
43238,476746,2014109895,6,67,67301,2014,10,5,1350,13,1,1,0,5,1, , ,N,0,0,0,3,0,1,2,2,N,N,40 04:15.764,75 10:46.713,1353, ,1350, ,0, ,N, ,0, , , , , , , , , ,2,0,0,0,0,0,2,0,0,0,0,0,1,1,0,0,0,0,0,0,1,1,0,0,0,0,0,0,0,0,0,0,0,0,0,8,0,40.071,-75.1796, , 
43239,476747,2014110417,6,67,67301,2014,10,4,1803,18,1,1,0,5,1, , ,N,0,0,0,3,0,1,2,2,N, ,39 56:55.295,75 13:38.002,1811, ,1807, ,0, , , ,0, , , , , , , , , ,1,1,0,0,0,0,0,0,1,0,1,0,1,0,0,0,0,0,0,0,0,0,0,0,0,0,0,0,0,0,0,0,0,0,0,3,0,39.9487,-75.2272, , 
43240,476751,2014113268,6,67,67301,2014,10,7,1252,12,1,2,1,4,1, , ,N,1,3,0,3,0,1,2,2,N,N,40 00:37.548,75 05:57.656,1257, ,1255,3,2,7,N, ,3,Y, , , , , , , , ,2,1,0,0,0,0,1,0,0,0,1,0,1,0,0,1,0,0,0,0,0,0,0,0,0,0,0,0,0,0,0,0,0,0,0,3,0,40.0104,-75.0993, , 
43241,476758,2014121475,6,67,67301,2014,11,6,1300,13,1,1,0,1,1, , ,N,0,2,0,3,0,1,3,2,N, ,39 59:38.369,75 09:17.777,1800, ,1730, ,0, , , ,3, , , , , , , , , ,2,1,0,0,1,0,0,0,0,0,0,1,1,0,0,0,0,0,0,0,1,0,0,0,0,0,0,0,0,0,0,0,0,0,0,4,0,39.994,-75.1549, , 
43242,476760,2014123635,6,67,67301,2014,12,1,1443,14,1,1,0,1,1, , ,N,0,0,0,3,0,0,5,3,N,N,39 59:28.489,75 12:12.481,1445, ,1443, ,0, ,N, ,0, , , , , , , , , ,3,3,0,0,0,0,0,0,0,0,0,0,0,0,0,0,0,0,0,0,0,0,0,0,0,0,0,0,0,0,0,0,0,0,0,0,0,39.9912,-75.2035, , 
43243,476766,2014130501,6,67,67301,2014,12,7,50,0,3,2,1,4,1, , ,N,5,2,0,3,0,1,4,2,N,N,39 59:13.382,75 07:20.404,105, ,102,2,1,3,N, ,3,N, , , , , , , , ,2,2,0,0,0,0,0,0,0,0,0,1,1,0,0,0,0,0,0,0,0,0,0,0,0,0,0,0,0,0,0,0,0,0,0,4,0,39.9871,-75.1223, , 
43244,476776,2014059126,6,67,67301,2014,5,6,116,1,3,1,0,7,3, , ,N,0,0,0,3,0,0,1,1,N,N,40 01:46.558,75 06:13.827,116, ,116,2,1,1,Y, ,0,N, , , , , , , , ,1,0,0,0,0,0,1,0,0,0,0,0,0,0,0,0,0,0,0,0,0,0,0,0,0,0,0,0,0,0,0,0,0,0,0,0,0,40.0296,-75.1038, , 
43245,476777,2014059689,6,67,67301,2014,6,5,145,1,3,6,1,7,2, , ,N,0,0,0,3,0,1,1,1,N,N,39 57:49.771,75 08:19.539,154, ,149, ,0, ,N, ,0, , , , , , , , , ,1,1,0,0,0,0,0,0,0,0,0,1,1,0,0,0,0,0,0,0,0,0,0,1,0,0,0,0,0,0,0,0,0,0,0,4,0,39.9638,-75.1388, , 
43246,476779,2014061236,6,67,67301,2014,6,2,648,6,1,1,0,1,1, , ,N,0,0,0,3,0,1,2,2,N,N,39 55:38.507,75 11:43.238,706, ,652,1,1,4,N, ,0,N, , , , , , , , ,2,1,0,0,0,0,1,0,0,0,1,0,1,0,0,0,0,0,0,0,0,0,0,1,0,0,0,0,0,0,0,0,0,0,0,3,0,39.9274,-75.1953, , 
43247,476783,2014065618,6,46,46102,2014,7,4,1732,17,1,1,0,4,1, , ,N,0,0,0,3,0,0,3,2,N,N,40 04:25.777,75 09:28.497,1740, ,1734,1,1,4,N, ,0,N, , , , , , , , ,2,2,0,0,0,0,0,0,0,0,0,0,0,0,0,0,0,0,0,0,0,0,0,0,0,0,0,0,0,0,0,0,0,0,0,0,0,40.0738,-75.1579, , 
43248,476787,2014068619,6,67,67301,2014,6,5,2211,22,3,2,1,8,1, , ,N,0,0,0,3,0,1,2,2,N,N,39 59:24.745,75 08:54.157,2215, ,2211, ,0, , , ,0, , , , , , , , , ,1,0,0,0,1,0,0,0,0,0,0,1,1,0,0,0,0,0,0,0,0,0,0,0,0,0,0,0,0,0,0,0,1,0,0,4,0,39.9902,-75.1484, , 
43249,476794,2014078916,6,67,67301,2014,5,7,1910,19,1,1,0,8,1, , ,N,0,0,0,3,0,1,2,2,N,N,39 56:03.091,75 13:35.641,1911, ,1911, ,0, ,N, ,0, , , , , , , , , ,1,0,0,0,0,0,1,0,0,0,0,1,1,0,0,0,0,1,0,0,0,0,0,0,0,0,0,0,0,0,0,0,1,0,0,4,0,39.9342,-75.2266, , 
43250,476801,2014121429,6,67,67301,2014,11,6,1905,19,3,1,0,4,1, , ,N,1,2,0,3,0,0,2,2,N,N,40 04:51.448,75 01:44.242,1910, ,1906,1,1,2,N, ,3,N, , , , , , , , ,2,1,0,0,0,0,1,0,0,0,0,0,0,0,0,0,0,0,0,0,1,0,0,0,0,0,0,0,0,0,0,0,0,0,0,0,0,40.0809,-75.0288, , 
43251,469047,2014116198,6,67,67301,2014,11,7,1732,17,3,1,0,7,2, , ,N,7,0,2,3,0,3,4,2,N,N,40 00:05.577,75 11:40.535,1738, ,1735,2,2,4,N, ,0,N, , , , , , , , ,1,1,0,0,0,0,0,0,0,0,0,2,3,1,0,0,0,0,0,0,0,0,0,0,0,0,0,0,0,0,0,0,0,0,0,4,0,40.0058,-75.1963, , 
43252,469060,2014124055,6,67,67301,2014,12,3,15,0,3,2,1,7,2, , ,N,6,0,2,3,0,0,1,1,N,N,39 57:34.053,75 10:50.657,28, ,17,1,2,4,N, ,0,N, , , , , , , , ,1,1,0,0,0,0,0,0,0,0,0,0,0,0,0,0,0,0,0,0,0,0,0,0,0,0,0,0,0,0,0,0,0,0,0,0,0,39.9595,-75.1807, , 
43253,469082,2014084170,6,67,67301,2014,7,6,1545,15,1,1,0,4,1, , ,N,1,2,0,3,0,0,2,2,N,N,39 57:09.508,75 10:41.403,1615, ,1600,1,2,2,N, ,3,Y, , , , , , , , ,2,2,0,0,0,0,0,0,0,0,0,0,0,0,0,0,0,0,0,0,1,0,0,0,0,0,0,0,0,0,0,0,0,0,0,0,0,39.9526,-75.1781, , 
43254,469084,2014088119,6,67,67301,2014,7,5,813,8,1,1,0,1,1, , ,N,0,0,0,3,0,0,3,2,N,N,39 54:29.855,75 14:30.364,824, ,820,1,1,2,N, ,0,N, , , , , , , , ,2,2,0,0,0,0,0,0,0,0,0,0,0,0,0,0,0,0,0,0,0,0,0,0,0,0,0,0,0,0,0,0,0,0,0,0,0,39.9083,-75.2418, , 
43255,469085,2014088343,6,67,67301,2014,7,7,1454,14,1,1,0,4,1, , ,N,1,3,0,3,0,0,3,3,N, ,40 04:36.212,75 10:34.207,1511, ,1458, ,0, , , ,3, , , , , , , , , ,3,3,0,0,0,0,0,0,0,0,0,0,0,0,0,0,0,0,0,0,2,0,0,0,0,0,0,0,0,0,0,0,0,0,0,0,0,40.0767,-75.1762, , 
43256,469102,2014049475,6,67,67301,2014,3,5,1610,16,1,1,0,8,1, , ,N,1,2,0,3,0,1,2,2,N, ,39 59:03.239,75 05:56.509,1615, ,1614, ,0, , , ,3, , , , , , , , , ,1,1,0,0,0,0,0,0,0,0,0,1,1,0,0,0,0,0,0,0,0,0,0,0,0,0,0,0,0,0,0,0,1,0,0,4,0,39.9842,-75.099, , 
43257,469110,2014054628,6,67,67301,2014,4,4,1839,18,1,1,0,4,1, , ,N,1,2,0,3,0,4,5,2,N, ,40 00:11.036,75 09:51.469,1844, ,1841,1,2,3, , ,3,Y, , , , , , , , ,2,0,0,0,0,0,0,2,0,0,0,3,4,1,0,0,0,0,0,0,0,1,0,0,0,0,0,0,0,0,0,0,0,0,0,4,0,40.0031,-75.1643, , 
43258,469129,2014078813,6,67,67301,2014,6,3,1620,16,1,8,1,5,1, , ,N,0,0,0,3,0,1,2,3,N, ,39 58:34.329,75 12:47.049,1720, ,1712,3,1,1,N, ,0,N, , , , , , , , ,3,3,0,0,0,0,0,0,0,0,1,0,1,0,0,0,0,0,0,0,1,0,0,0,0,0,0,0,0,0,0,0,0,0,0,3,0,39.9762,-75.2131, , 
43259,469144,2014084350,6,67,67301,2014,6,2,1430,14,1,1,0,8,1, , ,N,1,2,0,3,0,1,2,2,N, ,39 56:59.816,75 10:08.819,1455, ,1450, ,0, , , ,3, , , , , , , , , ,1,0,0,0,0,0,0,1,0,0,0,0,1,1,0,0,0,0,0,0,1,0,0,0,0,0,0,0,0,0,0,0,1,0,0,8,0,39.9499,-75.169, , 
43260,469147,2014087973,6,67,67301,2014,7,7,300,3,3,1,0,7,5, , ,N,0,0,0,3,0,0,1,1,N, ,39 57:17.114,75 12:27.656,435, ,430, ,0, , , ,0, , , , , , , , , ,1,0,0,0,0,0,1,0,0,0,0,0,0,0,0,0,0,0,0,0,0,0,0,0,0,0,0,0,0,0,0,0,0,0,0,0,0,39.9548,-75.2077, , 
43261,469148,2014088085,6,67,67301,2014,7,7,815,8,1,1,0,1,1, , ,N,0,0,0,3,0,1,2,2,N,N,39 56:03.367,75 08:34.366,823, ,818, ,0, , , ,0, , , , , , , , , ,2,2,0,0,0,0,0,0,0,0,0,0,1,1,0,0,1,0,0,0,0,0,0,0,0,0,0,0,0,0,0,0,0,0,0,8,0,39.9343,-75.1429, , 
43262,469155,2014095852,6,67,67301,2014,9,6,1934,19,1,1,0,4,1, , ,N,5,2,2,3,0,1,3,2,N, ,39 57:26.357,75 08:38.887,1937, ,1936,2,1,4, , ,3,N, , , , , , , , ,2,1,0,0,0,0,1,0,0,0,0,1,1,0,0,0,0,0,0,0,0,0,0,0,0,0,0,0,0,0,0,0,0,0,0,4,0,39.9573,-75.1441, , 
43263,469160,2014098671,6,67,67301,2014,9,3,2315,23,3,1,0,1,1, , ,N,1,2,0,3,0,1,2,2,N,N,40 01:39.836,75 06:35.867,2330, ,2326, ,0, ,N, ,3, , , , , , , , , ,2,1,0,0,0,1,0,0,0,0,0,1,1,0,0,0,0,0,0,0,0,0,0,0,0,0,0,0,0,0,0,0,0,0,0,4,1,40.0277,-75.11, , 
43264,469167,2014101879,6,67,67301,2014,9,3,316,3,3,1,0,7,2, , ,N,0,0,0,3,0,1,2,2,N,N,40 01:01.270,75 02:18.330,320, ,318,6,2,5,Y, ,0,Y, , , , , , , , ,2,0,0,0,0,1,0,1,0,1,0,0,1,0,0,0,0,0,0,0,1,0,0,0,0,0,0,1,0,0,0,0,0,0,0,2,1,40.017,-75.0384, , 
43265,469173,2014074869,6,67,67301,2014,6,4,929,9,1,1,0,4,1, , ,N,1,2,0,3,0,0,5,2,N,N,40 04:51.446,75 12:09.698,939, ,929, ,0, ,N, ,3, , , , , , , , , ,2,1,0,0,0,0,1,0,0,0,0,0,0,0,0,0,0,0,0,0,1,0,0,0,0,0,0,0,0,0,0,0,0,0,0,0,0,40.0808,-75.2027, , 
43266,469191,2014068592,6,67,67301,2014,6,2,1110,11,1,1,0,5,1, , ,N,0,0,0,3,0,0,2,2,N,N,39 57:43.110,75 11:38.716,1113, ,1110, ,0, ,N, ,0, , , , , , , , , ,2,0,0,0,1,0,1,0,0,0,0,0,0,0,0,0,0,0,0,0,0,0,0,0,0,0,0,0,0,0,0,0,0,0,0,0,0,39.962,-75.1941, , 
43267,469200,2014078078,6,67,67301,2014,8,7,1146,11,1,1,0,7,4,1,4,Y,0,0,0,3,0,1,4,2,N,N,39 58:05.392,75 07:49.063,1158,45,1146,1,1,1,N, ,0,N,N,N,N,N,N,N,Y,N,2,1,0,0,0,0,1,0,0,0,0,0,1,1,0,0,0,0,0,0,0,0,0,0,0,0,0,0,0,0,0,0,0,0,0,8,0,39.9682,-75.1303, , 
43268,469213,2014089738,6,67,67301,2014,8,3,2037,20,3,1,0,1,1, , ,N,0,2,0,3,0,2,2,2,N, ,39 56:45.456,75 14:28.004,2127, ,2126, ,0, , , ,3, , , , , , , , , ,2,2,0,0,0,0,0,0,0,0,0,2,2,0,0,0,0,0,0,0,0,0,0,1,0,0,0,0,0,0,0,0,0,0,0,4,0,39.946,-75.2411, , 
43269,471896,2014084499,6,67,67301,2014,6,1,1315,13,1,1,0,5,6, , ,N,0,0,0,3,0,1,1,3,N,N,40 02:48.850,75 09:52.400,1327, ,1318, ,0, ,N, ,0, , , , , , , , , ,3,2,0,0,0,0,1,0,0,0,0,1,1,0,0,0,0,0,0,0,0,0,0,1,0,0,0,0,0,0,0,0,0,0,0,4,0,40.0469,-75.1646, , 
43270,471897,2014088307,6,67,67301,2014,7,3,2050,20,3,1,0,5,1, , ,N,0,0,0,3,0,1,2,2,N,N,39 59:43.850,75 07:48.460,2100, ,2050, ,0, ,N, ,0, , , , , , , , , ,1,1,0,0,0,0,0,0,1,0,0,1,1,0,0,0,0,0,0,0,0,0,0,0,0,0,0,0,0,0,0,0,0,0,0,4,0,39.9955,-75.1301, , 
43271,471903,2014096374,6,67,67301,2014,9,6,2344,23,3,1,0,4,1, , ,N,1,2,0,3,0,2,3,2,N,N,40 02:02.039,75 04:27.141,2348, ,2346,2,2,7,N, ,3,N, , , , , , , , ,2,1,0,0,1,0,0,0,0,0,1,1,2,0,0,0,0,0,0,0,0,1,0,2,0,0,0,0,0,0,0,0,0,0,0,3,0,40.034,-75.0744, , 
43272,471916,2014110378,6,67,67301,2014,9,1,419,4,3,1,0,7,4, , ,N,1,2,0,3,0,4,4,1,N,N,39 58:33.078,75 07:12.081,419, ,419,9,2,7,N, ,3,Y, , , , , , , , ,1,0,0,0,0,0,1,0,0,0,0,0,4,4,0,0,0,0,0,0,0,0,0,4,0,0,0,0,0,0,0,0,0,0,0,8,0,39.9759,-75.12, , 
43273,471922,2014115624,6,67,67301,2014,11,3,215,2,3,1,0,7,4, , ,N,0,0,0,3,0,1,1,1,N, ,40 01:31.345,75 10:11.800,230, ,226,1,1,5, , ,0,N, , , , , , , , ,1,1,0,0,0,0,0,0,0,0,1,0,1,0,0,0,0,0,0,0,0,0,0,0,0,0,0,0,0,0,0,0,0,0,0,3,0,40.0254,-75.1699, , 
43274,471949,2014096433,6,67,67301,2014,9,2,110,1,3,1,0,5,6, , ,N,0,0,0,3,0,0,1,2,N,N,40 02:21.438,75 02:46.090,125, ,117, ,0, ,N, ,0, , , , , , , , , ,2,2,0,0,0,0,0,0,0,0,0,0,0,0,0,0,0,0,0,1,0,0,0,0,0,0,0,0,0,0,0,0,0,0,0,0,0,40.0393,-75.0461, , 
43275,471950,2014098626,6,67,67301,2014,7,7,2042,20,4,1,0,8,1, , ,N,0,0,0,3,0,1,2,2,N, ,39 59:26.408,75 08:25.999,2049, ,2044, ,0, , , ,0, , , , , , , , , ,1,0,0,0,0,0,0,1,0,0,0,1,1,0,0,0,0,0,0,0,0,0,0,0,0,0,0,0,0,0,0,0,1,0,0,4,0,39.9907,-75.1406, , 
43276,471953,2014104414,6,67,67301,2014,10,4,1500,15,1,1,0,8,1, , ,N,0,0,0,3,0,1,3,2,N,N,39 55:36.557,75 10:43.902,1517, ,1514, ,0, ,N, ,0, , , , , , , , , ,1,1,0,0,0,0,0,0,0,0,0,1,1,0,0,0,0,0,0,0,1,0,0,0,0,0,0,0,0,0,0,0,1,0,0,4,0,39.9268,-75.1789, , 
43277,471955,2014104978,6,67,67301,2014,9,4,1000,10,1,1,0,1,1, , ,N,0,0,0,3,0,2,5,3,N,N,40 06:40.867,74 59:31.675,1010, ,1004,3,1,2,N, ,0,N, , , , , , , , ,3,2,0,0,0,1,0,0,0,0,1,0,2,1,0,0,0,0,0,0,0,1,0,2,0,0,0,0,0,0,0,0,0,0,0,3,1,40.1114,-74.9921, , 
43278,471965,2014055520,6,67,67301,2014,5,5,1217,12,1,1,0,1,1, , ,N,0,0,0,3,0,0,3,3,N,N,39 56:46.809,75 08:32.775,1217, ,1217,1,1,2,N, ,0,N, , , , , , , , ,3,3,0,0,0,0,0,0,0,0,0,0,0,0,0,0,0,0,1,0,1,0,1,1,0,0,0,0,0,0,0,0,0,0,0,0,0,39.9463,-75.1424, , 
43279,471966,2014059236,6,67,67301,2014,5,7,1000,10,1,1,2,7,4, , ,N,0,0,0,3,0,1,1,1,N,N,40 07:42.668,75 00:49.690,1010, ,1004,3,2,1,N, ,0,Y, , , , , , , , ,1,0,0,0,0,0,1,0,0,0,0,0,1,1,0,0,0,0,0,0,1,0,0,0,0,0,0,0,0,0,0,0,0,0,0,8,0,40.1285,-75.0138, , 
43280,471975,2014068201,6,67,67301,2014,5,4,950,9,1,1,0,7,4, , ,N,0,0,0,3,0,0,1,1,N,N,40 01:38.776,75 11:33.788,1005, ,955, ,0, ,N, ,0, , , , , , , , , ,1,1,0,0,0,0,0,0,0,0,0,0,0,0,0,0,0,0,0,0,0,0,0,0,0,0,0,0,0,0,0,0,0,0,0,0,0,40.0274,-75.1927, , 
43281,471982,2014078834,6,67,67301,2014,6,2,1417,14,1,1,0,4,1, , ,N,2,3,0,3,0,1,2,3,N,N,40 02:13.781,75 02:22.718,1430, ,1417, ,0, ,N, ,3, , , , , , , , , ,3,1,0,0,1,0,1,0,0,0,0,1,1,0,0,0,0,0,0,0,2,0,0,0,0,0,0,0,0,0,0,0,0,0,0,4,0,40.0372,-75.0396, , 
43282,471990,2014087855,6,67,67301,2014,7,3,631,6,5,1,0,7,4, , ,N,1,2,0,3,0,0,1,1,N,N,40 00:09.954,75 08:16.245,710, ,705, ,0, , , ,3, , , , , , , , , ,1,1,0,0,0,0,0,0,0,0,0,0,0,0,0,0,0,0,0,0,0,0,0,0,0,0,0,0,0,0,0,0,0,0,0,0,0,40.0028,-75.1378, , 
43283,471997,2014095851,6,67,67301,2014,9,6,1425,14,1,1,0,4,1, , ,N,0,0,7,3,0,0,3,2,N, ,39 57:33.116,75 09:06.922,1543, ,1543, ,0, , , ,0, , , , , , , , , ,2,1,0,0,0,0,0,1,0,0,0,0,0,0,0,0,0,0,0,0,0,0,0,0,0,0,0,0,0,0,0,0,0,0,0,0,0,39.9592,-75.1519, , 
43284,472004,2014104975,6,67,67301,2014,10,6,730,7,1,1,0,4,1, , ,N,1,2,0,3,0,1,3,2,N, ,40 01:39.836,75 06:35.867,744, ,735,1,1,1, , ,3,Y, , , , , , , , ,2,2,0,0,0,0,0,0,0,0,0,0,1,1,0,0,0,1,0,0,0,0,0,0,0,0,0,0,0,0,0,0,0,0,0,8,0,40.0277,-75.11, , 
43285,472007,2014107210,6,67,67301,2014,10,4,949,9,1,1,0,2,1, , ,N,0,0,0,3,0,1,2,2,N, ,40 02:37.612,75 11:27.877,957, ,950, ,0, , , ,0, , , , , , , , , ,2,0,1,0,0,0,1,0,0,0,0,1,1,0,0,0,0,0,0,0,1,0,0,0,0,0,0,0,0,0,0,0,0,0,0,4,0,40.0438,-75.1911, , 
43286,472008,2014107211,6,67,67301,2014,10,4,938,9,1,1,0,4,1, , ,N,0,0,0,3,0,2,3,3,N,N,40 02:47.594,75 09:49.744,1016, ,1014, ,0, ,N, ,0, , , , , , , , , ,3,2,0,0,0,0,0,1,0,0,0,2,2,0,0,0,0,0,0,0,0,0,0,0,0,0,0,0,0,0,0,0,0,0,0,4,0,40.0466,-75.1638, , 
43287,474916,2014110438,6,67,67301,2014,10,3,1807,18,1,1,0,8,1, , ,N,0,0,0,3,0,1,2,2,N,N,40 01:26.136,75 12:49.881,1812, ,1807, ,0, ,N, ,0, , , , , , , , , ,1,0,0,0,0,0,1,0,0,0,0,1,1,0,1,0,0,0,0,0,0,0,0,0,0,0,0,0,0,0,0,0,1,0,0,4,0,40.0239,-75.2139, , 