objectid_1,objectid,crn,district,county,municipality,crash_year,crash_month,day_of_week,time_of_day,hour_of_day,illumination,weather,road_condition,collision_type,relation_to_road,work_zone_type,work_zone_loc,work_zone_ind,intersect_type,tcd_type,location_type,urban_rural,fatal_count,injury_count,person_count,total_units,sch_bus_ind,sch_zone_ind,latitude,longitude,arrival_tm,cons_zone_spd_lim,dispatch_tm,est_hrs_closed,lane_closed,ln_close_dir,ntfy_hiwy_maint,spec_juris_cd,tcd_func_cd,tfc_detour_ind,workers_pres,wz_close_detour,wz_flagger,wz_law_offcr_ind,wz_ln_closure,wz_moving,wz_other,wz_shlder_mdn,vehicle_count,automobile_count,motorcycle_count,bus_count,small_truck_count,heavy_truck_count,suv_count,van_count,bicycle_count,maj_inj_count,mod_inj_count,min_inj_count,tot_inj_count,unk_inj_deg_count,unk_inj_per_count,driver_count_16yr,driver_count_17yr,driver_count_18yr,driver_count_19yr,driver_count_20yr,driver_count_50_64yr,driver_count_65_74yr,driver_count_75plus,unbelted_occ_count,unb_death_count,unb_maj_inj_count,belted_death_count,belted_maj_inj_count,mcycle_death_count,mcycle_maj_inj_count,bicycle_death_count,bicycle_maj_inj_count,ped_count,ped_death_count,ped_maj_inj_count,max_severity_level,comm_veh_count,dec_lat,dec_long,rdwy_surf_type_cd,county_name
43288,474920,2014081476,6,67,67301,2014,6,2,1330,13,1,1,0,8,1, , ,N,1,0,0,3,0,1,2,2,N,N,40 03:17.100,75 09:04.633,1415, ,1415, ,0, , , ,0, , , , , , , , , ,1,0,0,0,0,0,0,0,0,0,0,0,1,1,1,0,0,0,0,0,0,0,0,0,0,0,0,0,0,0,0,0,1,0,0,8,0,40.0548,-75.1513, , 
43289,474924,2014084492,6,67,67301,2014,6,5,2330,23,3,1,0,4,1, , ,N,1,3,0,3,0,2,4,2,N, ,39 57:10.789,75 14:04.394,2337, ,2335, ,0, , , ,3, , , , , , , , , ,2,1,0,0,0,0,1,0,0,0,0,2,2,0,0,0,0,0,0,0,0,0,0,0,0,0,0,0,0,0,0,0,0,0,0,4,0,39.953,-75.2346, , 
43290,474927,2014093509,6,67,67301,2014,9,6,1731,17,1,1,0,4,7, , ,N,2,0,2,3,0,1,2,2,N,N,39 58:29.370,75 11:54.251,1801, ,1750, ,0, ,N, ,0, , , , , , , , , ,2,1,0,0,1,0,0,0,0,0,0,1,1,0,0,0,0,0,0,0,1,0,0,0,0,0,0,0,0,0,0,0,0,0,0,4,0,39.9748,-75.1984, , 
43291,474940,2014104979,6,67,67301,2014,10,1,1410,14,1,1,0,4,1, , ,N,1,2,0,3,0,2,4,2,N,N,40 01:54.059,75 05:01.805,1425, ,1415, ,0, ,N, ,3, , , , , , , , , ,2,1,0,0,0,0,1,0,0,0,0,0,2,2,0,0,0,0,1,0,1,0,0,0,0,0,0,0,0,0,0,0,0,0,0,8,0,40.0317,-75.0838, , 
43292,474943,2014106714,6,67,67301,2014,10,7,1730,17,4,2,1,4,1, , ,N,1,2,0,3,0,0,3,2,N,N,40 00:51.570,75 10:41.163,1750, ,1745, ,0, ,N, ,3, , , , , , , , , ,2,2,0,0,0,0,0,0,0,0,0,0,0,0,0,0,0,0,0,0,1,0,0,0,0,0,0,0,0,0,0,0,0,0,0,0,0,40.0143,-75.1781, , 
43293,474956,2014081421,6,67,67301,2014,6,2,1445,14,1,1,0,5,1, , ,N,1,2,0,3,0,6,8,2,N, ,40 00:09.630,75 08:55.719,1450, ,1455, ,0, , , ,3, , , , , , , , , ,2,0,0,1,0,0,1,0,0,0,5,1,6,0,0,0,0,0,0,0,1,0,0,0,0,0,0,0,0,0,0,0,0,0,0,3,1,40.0027,-75.1488, , 
43294,474961,2014087899,6,67,67301,2014,8,2,950,9,1,1,0,8,1, , ,N,2,2,0,3,0,1,2,2,N, ,39 56:16.525,75 14:02.111,1031, ,1031, ,0, ,N, ,3, , , , , , , , , ,1,1,0,0,0,0,0,0,0,0,0,1,1,0,0,0,0,0,0,0,0,0,0,0,0,0,0,0,0,0,0,0,1,0,0,4,0,39.9379,-75.2339, , 
43295,474964,2014091408,6,67,67301,2014,8,6,1035,10,1,1,0,4,1, , ,N,1,2,0,3,0,2,4,2,N,N,40 02:02.039,75 04:27.141,1039, ,1035,9,2,1,N, ,3,Y, , , , , , , , ,2,2,0,0,0,0,0,0,0,0,1,0,2,1,0,0,0,0,0,0,1,0,0,0,0,0,0,0,0,0,0,0,0,0,0,3,0,40.034,-75.0744, , 
43296,474972,2014065561,6,67,67301,2014,5,6,9999,99,5,9,0,5,6, , ,N,0,0,0,3,0,0,1,3,N,N,40 04:20.532,75 10:05.527,754, ,754,2,1,4,N, ,0,N, , , , , , , , ,3,1,0,0,0,0,2,0,0,0,0,0,0,0,0,0,0,0,0,0,0,0,0,0,0,0,0,0,0,0,0,0,0,0,0,0,0,40.0724,-75.1682, , 
43297,474984,2014080606,6,67,67301,2014,8,6,1240,12,1,1,0,1,1, , ,N,0,0,0,3,0,0,2,2,N,N,39 59:28.291,75 12:14.129,1246, ,1241, ,0, ,N, ,0, , , , , , , , , ,2,0,0,0,1,0,0,1,0,0,0,0,0,0,0,0,0,0,0,0,0,0,0,0,0,0,0,0,0,0,0,0,0,0,0,0,0,39.9912,-75.2039, , 
43298,474988,2014084219,6,67,67301,2014,7,5,1500,15,1,1,0,1,1, , ,N,0,0,0,3,0,1,3,2,N,N,40 05:19.261,75 02:03.014,1502, ,1501, ,0, ,N, ,0, , , , , , , , , ,2,2,0,0,0,0,0,0,0,0,0,1,1,0,0,0,0,0,0,0,1,0,0,0,0,0,0,0,0,0,0,0,0,0,0,4,0,40.0887,-75.0342, , 
43299,474993,2014088182,6,67,67301,2014,7,4,849,8,1,1,0,8,1, , ,N,1,3,0,3,0,1,2,2,N, ,39 56:36.304,75 13:12.928,850, ,850, ,0, , , ,3, , , , , , , , , ,1,1,0,0,0,0,0,0,0,0,0,1,1,0,0,0,0,0,0,0,1,0,0,0,0,0,0,0,0,0,0,0,1,0,0,4,0,39.9434,-75.2203, , 
43300,474998,2014092839,6,67,67301,2014,9,2,749,7,1,1,0,1,1, , ,N,0,0,0,3,0,1,3,3,N,N,39 57:32.971,75 10:50.074,749, ,749, ,0, ,N, ,0, , , , , , , , , ,3,2,0,0,0,0,1,0,0,0,0,0,1,1,0,0,0,0,0,0,2,0,0,0,0,0,0,0,0,0,0,0,0,0,0,8,0,39.9592,-75.1806, , 
43301,474999,2014093516,6,67,67301,2014,9,4,1700,17,1,1,0,2,2, , ,N,0,0,0,3,0,0,2,4,N,N,39 59:54.686,75 07:01.092,1830, ,1820, ,0, ,N, ,0, , , , , , , , , ,4,2,1,0,0,0,0,0,0,0,0,0,0,0,2,0,0,0,0,0,0,0,0,0,0,0,0,0,0,0,0,0,0,0,0,9,0,39.9985,-75.117, , 
43302,475003,2014094445,6,67,67301,2014,9,4,2340,23,3,2,1,7,4, , ,N,3,0,2,3,0,0,1,1,N,N,39 57:33.594,75 10:49.812,2348, ,2343,1,1,3,Y, ,0,N, , , , , , , , ,1,1,0,0,0,0,0,0,0,0,0,0,0,0,0,0,0,0,0,0,0,0,0,0,0,0,0,0,0,0,0,0,0,0,0,0,0,39.9593,-75.1805, , 
43303,475004,2014095880,6,67,67301,2014,8,7,2136,21,3,1,0,8,1, , ,N,1,2,0,3,0,1,2,2,N, ,39 57:18.234,75 13:47.243,2143, ,2138, ,0, , , ,3, , , , , , , , , ,1,1,0,0,0,0,0,0,0,1,0,0,1,0,0,0,0,0,0,0,0,0,0,0,0,0,0,0,0,0,0,0,1,0,1,2,0,39.9551,-75.2298, , 
43304,475005,2014096799,6,67,67301,2014,9,5,1532,15,1,1,0,4,1, , ,N,1,2,0,3,0,2,3,2,N, ,39 58:11.253,75 08:29.393,1644, ,1636, ,0, , , ,3, , , , , , , , , ,2,2,0,0,0,0,0,0,0,0,0,2,2,0,0,0,0,0,0,0,1,0,1,0,0,0,0,0,0,0,0,0,0,0,0,4,0,39.9697,-75.1416, , 
43305,466644,2014088920,6,67,67301,2014,8,5,1853,18,1,1,0,5,6, , ,N,0,0,0,3,0,1,2,7,N,N,40 02:42.930,75 09:47.980,1900, ,1853, ,0, , , ,0, , , , , , , , , ,7,5,1,0,1,0,0,0,0,0,0,1,1,0,0,0,0,0,0,0,0,0,0,0,0,0,0,0,0,0,0,0,0,0,0,4,0,40.0453,-75.1633, , 
43306,466650,2014095920,6,67,67301,2014,9,5,857,8,1,1,0,8,1, , ,N,0,0,0,3,0,1,2,2,N,N,39 58:34.925,75 07:10.919,908, ,904, ,0, ,N, ,0, , , , , , , , , ,1,1,0,0,0,0,0,0,0,0,0,1,1,0,0,0,0,0,0,0,0,0,0,0,0,0,0,0,0,0,0,0,1,0,0,4,0,39.9764,-75.1197, , 
43307,466652,2014098822,6,67,67301,2014,10,3,2309,23,3,2,1,5,2, , ,N,0,0,0,3,0,1,2,2,N,N,39 58:56.685,75 12:27.555,2330, ,2317, ,0, ,N, ,0, , , , , , , , , ,2,1,0,0,0,0,0,0,0,0,1,0,1,0,1,0,0,0,0,0,0,0,0,0,0,0,0,0,0,0,0,0,0,0,0,3,0,39.9824,-75.2077, , 
43308,466665,2014088866,6,67,67301,2014,8,1,1822,18,1,1,0,4,1, , ,N,1,2,0,3,0,3,3,2,N,N,39 58:26.116,75 12:23.386,1831, ,1824, ,0, ,N, ,3, , , , , , , , , ,2,2,0,0,0,0,0,0,0,0,1,2,3,0,0,0,0,0,0,0,0,1,0,0,0,0,0,0,0,0,0,0,0,0,0,3,0,39.9738,-75.2064, , 
43309,466673,2014093524,6,67,67301,2014,9,6,1631,16,1,1,0,8,1, , ,N,0,0,0,3,0,1,3,2,N, ,40 04:43.468,75 12:28.630,1703, ,1702, ,0, , , ,0, , , , , , , , , ,1,0,0,0,0,0,1,0,0,0,1,0,1,0,0,0,0,0,0,0,0,0,0,0,0,0,0,0,0,0,0,0,1,0,0,3,0,40.0787,-75.208, , 
43310,466675,2014070195,6,67,67301,2014,6,2,1803,18,1,1,0,7,2, , ,N,0,0,0,3,0,0,1,1,N,N,39 55:19.685,75 08:51.473,1814, ,1807,1,2,1,N, ,0,N, , , , , , , , ,1,0,0,0,1,0,0,0,0,0,0,0,0,0,0,1,0,0,0,0,0,0,0,0,0,0,0,0,0,0,0,0,0,0,0,0,0,39.9221,-75.1476, , 
43311,466696,2014084502,6,67,67301,2014,7,6,2230,22,3,1,0,7,5, , ,N,1,3,0,3,0,1,1,1,N,N,39 58:25.287,75 08:30.357,2250, ,2245, ,0, ,N, ,3, , , , , , , , , ,1,1,0,0,0,0,0,0,0,0,0,1,1,0,0,0,0,0,0,0,0,1,0,0,0,0,0,0,0,0,0,0,0,0,0,4,0,39.9737,-75.1418, , 
43312,466701,2014088860,6,67,67301,2014,8,1,707,7,1,1,0,8,1, , ,N,0,0,0,3,0,1,2,2,N,N,39 59:01.210,75 08:00.690,715, ,707, ,0, ,N, ,0, , , , , , , , , ,1,0,0,0,0,0,1,0,0,0,0,0,1,1,0,0,0,0,0,0,1,0,0,0,0,0,0,0,0,0,0,0,1,0,0,8,0,39.9837,-75.1335, , 
43313,466725,2014117624,6,67,67301,2014,10,2,1020,10,1,1,0,4,1, , ,N,1,3,0,3,0,3,5,2,N,N,39 59:38.590,75 07:50.732,1033, ,1030,2,1,3,N, ,3,Y, , , , , , , , ,2,0,0,0,0,1,0,0,0,0,0,0,3,3,0,0,0,0,0,1,0,0,0,1,0,0,0,0,0,0,0,0,0,0,0,8,1,39.9941,-75.1308, , 
43314,466741,2014130477,6,67,67301,2014,12,5,2345,23,3,1,0,5,6, , ,N,0,0,0,3,0,0,1,5,N, ,39 58:27.908,75 07:58.126,227, ,225,2,2,3, , ,0,Y, , , , , , , , ,5,4,0,0,0,0,1,0,0,0,0,0,0,0,0,0,0,0,0,0,1,0,0,0,0,0,0,0,0,0,0,0,0,0,0,0,0,39.9744,-75.1328, , 
43315,466744,2015002723,6,67,67301,2014,12,7,554,5,3,1,0,5,6, , ,N,0,0,0,3,0,0,1,3,N,N,39 59:10.373,75 06:38.664,615, ,613,9,2,1,N, ,0,N, , , , , , , , ,3,1,0,0,0,0,0,2,0,0,0,0,0,0,0,0,0,0,0,0,0,0,0,0,0,0,0,0,0,0,0,0,0,0,0,0,0,39.9862,-75.1107, , 
43316,466745,2015002781,6,67,67301,2014,12,2,1934,19,3,2,1,4,1, , ,N,1,2,0,3,0,2,4,2,N,N,40 00:04.340,75 13:35.009,2210, ,1934, ,0, ,N, ,3, , , , , , , , , ,2,1,0,0,0,0,0,1,0,0,0,0,2,2,1,0,0,0,0,0,0,1,0,0,0,0,0,0,0,0,0,0,0,0,0,8,0,40.0012,-75.2264, , 
43317,466755,2014117602,6,67,67301,2014,10,1,105,1,3,1,0,1,1, , ,N,1,2,0,3,0,0,3,2,N,N,40 03:08.339,75 00:28.750,110, ,110, ,0, , , ,3, , , , , , , , , ,2,0,0,0,0,0,2,0,0,0,0,0,0,0,0,0,0,0,0,0,1,0,0,0,0,0,0,0,0,0,0,0,0,0,0,0,0,40.0523,-75.008, , 
43318,466761,2014121403,6,67,67301,2014,9,3,9999,99,3,1,0,4,1, , ,N,1,2,0,3,0,1,3,2,N,N,39 59:23.298,75 07:31.934,251, ,251,9,2,4,N, ,3,Y, , , , , , , , ,2,2,0,0,0,0,0,0,0,0,0,1,1,0,1,0,0,0,0,0,0,0,0,0,0,0,0,0,0,0,0,0,0,0,0,4,0,39.9898,-75.1255, , 
43319,466762,2014122407,6,67,67301,2014,11,4,1,0,3,1,0,4,1, , ,N,1,2,0,3,0,2,4,2,N,N,39 57:50.770,75 12:59.018,21, ,19,3,2,7,N, ,2,Y, , , , , , , , ,2,2,0,0,0,0,0,0,0,0,0,0,2,2,1,0,0,0,0,0,1,0,0,0,0,0,0,0,0,0,0,0,0,0,0,8,0,39.9641,-75.2164, , 
43320,466763,2014122414,6,67,67301,2014,11,2,9999,99,1,2,1,4,1, , ,N,1,3,0,3,0,1,2,2,N,N,40 03:51.696,75 11:04.642,9999, ,9999, ,0, ,N, ,3, , , , , , , , , ,2,1,0,0,0,0,1,0,0,0,1,0,1,0,0,0,0,0,0,0,1,0,0,0,0,0,0,0,0,0,0,0,0,0,0,3,0,40.0644,-75.1846, , 
43321,466772,2014127556,6,67,67301,2014,12,2,1730,17,3,2,1,8,1, , ,N,5,2,0,3,0,1,2,2,N, ,40 02:30.909,75 04:29.910,1757, ,1755, ,0, , , ,3, , , , , , , , , ,1,1,0,0,0,0,0,0,0,0,0,1,1,0,0,0,0,0,0,0,0,0,0,0,0,0,0,0,0,0,0,0,1,0,0,4,0,40.0419,-75.075, , 
43322,466795,2014082739,6,67,67301,2014,8,6,414,4,3,2,7,0,1, , ,N,0,0,0,3,0,0,1,1,N,N,39 59:41.259,75 05:02.233,435, ,416,1,2,2,N, ,0,Y, , , , , , , , ,1,1,0,0,0,0,0,0,0,0,0,0,0,0,0,0,0,0,0,0,0,0,0,0,0,0,0,0,0,0,0,0,0,0,0,0,0,39.9948,-75.084, , 
43323,469227,2014106737,6,67,67301,2014,10,7,1850,18,3,1,1,4,1, , ,N,2,2,0,3,0,1,2,2,N, ,40 05:44.901,74 59:28.492,1905, ,1900, ,0, , , ,3, , , , , , , , , ,2,1,0,0,1,0,0,0,0,0,0,1,1,0,0,0,0,0,0,0,0,0,1,0,0,0,0,0,0,0,0,0,0,0,0,4,0,40.0958,-74.9912, , 
43324,469234,2014081468,6,67,67301,2014,6,4,1250,12,1,1,0,8,1, , ,N,1,3,0,3,0,1,4,2,N,N,39 59:52.119,75 10:19.081,1301, ,1251,2,1,4, , ,3,Y, , , , , , , , ,1,1,0,0,0,0,0,0,0,0,0,1,1,0,0,0,0,0,0,0,0,1,0,0,0,0,0,0,0,0,0,0,1,0,0,4,0,39.9978,-75.172, , 
43325,469238,2014087818,6,67,67301,2014,7,2,1400,14,1,1,0,7,6, , ,N,0,0,0,3,0,1,1,2,N, ,39 58:58.140,75 05:39.770,1620, ,1610, ,0, , , ,0, , , , , , , , , ,1,1,0,0,0,0,0,0,0,0,1,0,1,0,0,0,0,0,0,0,0,0,0,0,0,0,0,0,0,0,0,0,0,0,0,3,0,39.9828,-75.0944, , 
43326,469239,2014087861,6,67,67301,2014,7,2,1650,16,1,1,0,4,1, , ,N,1,2,0,3,0,1,2,2,N,N,40 02:21.129,75 04:00.301,1654, ,1651, ,0, ,N, ,3, , , , , , , , , ,2,2,0,0,0,0,0,0,0,0,0,1,1,0,0,0,0,0,0,0,1,0,0,0,0,0,0,0,0,0,0,0,0,0,0,4,0,40.0392,-75.0668, , 
43327,469249,2014096780,6,67,67301,2014,9,4,120,1,2,1,0,6,6, , ,N,0,0,0,3,0,1,1,4,N,N,40 03:28.542,75 09:26.689,136, ,129, ,0, ,N, ,0, , , , , , , , , ,4,3,0,0,0,0,1,0,0,0,0,0,1,1,0,0,0,0,0,0,0,0,0,0,0,0,0,0,0,0,0,0,0,0,0,8,0,40.0579,-75.1574, , 
43328,469250,2014096801,6,67,67301,2014,9,4,1223,12,1,1,0,6,1, , ,N,1,2,0,3,0,1,3,2,N,N,39 58:28.752,75 07:18.052,1252, ,1250, ,0, ,N, ,3, , , , , , , , , ,2,1,0,0,0,0,0,1,0,0,0,1,1,0,0,0,0,0,0,0,1,0,0,0,0,0,0,0,0,0,0,0,0,0,0,4,0,39.9747,-75.1217, , 
43329,469298,2014074866,6,67,67301,2014,6,5,1800,18,1,2,1,4,1, , ,N,1,2,0,3,0,1,4,3,N,N,39 55:15.755,75 13:26.897,1820, ,1817, ,0, , , ,3, , , , , , , , , ,3,2,0,0,0,0,0,1,0,0,0,0,1,1,0,0,0,0,0,1,1,0,0,0,0,0,0,0,0,0,0,0,0,0,0,8,0,39.9211,-75.2242, , 
43330,469326,2014110419,6,67,67301,2014,10,1,347,3,3,1,0,5,6, , ,N,0,0,0,3,0,0,1,3,N,N,40 00:29.379,75 05:41.198,352, ,348, ,0, ,N, ,0, , , , , , , , , ,3,1,0,0,0,0,1,1,0,0,0,0,0,0,0,0,0,1,0,0,0,0,0,0,0,0,0,0,0,0,0,0,0,0,0,0,0,40.0082,-75.0948, , 
43331,469356,2014049581,6,67,67301,2014,4,3,106,1,3,1,0,1,1, , ,N,0,0,0,3,0,1,2,2,N,N,39 58:19.604,75 07:30.233,109, ,109, ,0, ,N, ,0, , , , , , , , , ,2,0,1,0,0,0,1,0,0,0,0,0,1,1,0,0,0,0,0,0,0,0,0,0,0,0,0,0,0,0,0,0,0,0,0,8,0,39.9721,-75.1251, , 
43332,469370,2014020027,6,67,67301,2014,2,5,1220,12,1,1,5,7,2, , ,N,6,0,2,3,0,0,1,1,N,N,40 01:24.359,75 02:00.959,1247, ,1221, ,0, ,N, ,0, , , , , , , , , ,1,0,0,0,0,0,1,0,0,0,0,0,0,0,0,0,0,0,0,0,1,0,0,0,0,0,0,0,0,0,0,0,0,0,0,0,0,40.0234,-75.0336, , 
43333,469379,2014067973,6,67,67301,2014,6,1,1535,15,1,1,0,1,1, , ,N,0,0,0,3,0,1,2,2,N,N,40 00:54.206,75 12:26.223,1555, ,1535, ,0, ,N, ,0, , , , , , , , , ,2,1,0,0,0,0,1,0,0,0,0,0,1,1,0,0,0,0,0,0,0,0,0,0,0,0,0,0,0,0,0,0,0,0,0,8,0,40.0151,-75.2073, , 
43334,469380,2014068021,6,67,67301,2014,5,6,1010,10,1,1,0,4,1, , ,N,1,2,0,3,0,2,2,3,N,N,40 03:02.755,75 08:55.321,1012, ,1011,2,1,6,N, ,3,Y, , , , , , , , ,3,3,0,0,0,0,0,0,0,0,0,0,2,2,0,0,0,0,0,0,1,0,0,0,0,0,0,0,0,0,0,0,0,0,0,8,0,40.0507,-75.1487, , 
43335,469403,2014092936,6,67,67301,2014,9,1,406,4,3,1,0,7,3, , ,N,7,0,2,3,0,0,2,1,N,N,39 57:31.564,75 10:48.973,417, ,413,3,2,3,N, ,0,Y, , , , , , , , ,1,0,0,0,0,0,1,0,0,0,0,0,0,0,0,0,0,0,0,0,0,0,0,0,0,0,0,0,0,0,0,0,0,0,0,0,0,39.9595,-75.1808, , 
43336,469443,2014087774,6,67,67301,2014,7,7,2044,20,3,1,0,5,1, , ,N,1,2,0,3,0,1,2,2,N,N,39 59:27.116,75 09:18.941,2315, ,2306,3,2,1,N, ,3,Y, , , , , , , , ,2,2,0,0,0,0,0,0,0,0,1,0,1,0,0,0,0,0,0,0,2,0,0,0,0,0,0,0,0,0,0,0,0,0,0,3,0,39.9909,-75.1551, , 
43337,469444,2014087888,6,67,67301,2014,6,6,1730,17,1,1,0,1,1, , ,N,1,2,0,3,0,0,2,2,N, ,40 00:38.808,75 07:35.921,1736, ,1736, ,0, , , ,3, , , , , , , , , ,2,2,0,0,0,0,0,0,0,0,0,0,0,0,0,0,0,0,0,0,1,0,0,0,0,0,0,0,0,0,0,0,0,0,0,0,0,40.0108,-75.1266, , 
43338,469456,2014106346,6,67,67301,2014,10,5,1949,19,3,1,0,1,1, , ,N,0,0,3,3,0,1,4,3,N,N,39 53:46.088,75 11:31.042,1951, ,1949,1,2,2,N, ,0,N, , , , , , , , ,3,1,0,0,0,0,2,0,0,0,0,1,1,0,0,0,0,0,0,0,1,0,0,1,0,0,0,0,0,0,0,0,0,0,0,4,0,39.8961,-75.192, , 
43339,469457,2014106661,6,67,67301,2014,10,1,200,2,3,1,0,7,2, , ,N,0,0,0,3,0,0,1,1,N,N,40 00:30.228,75 11:27.651,210, ,202, ,0, ,N, ,0, , , , , , , , , ,1,1,0,0,0,0,0,0,0,0,0,0,0,0,0,0,0,0,0,0,0,0,0,0,0,0,0,0,0,0,0,0,0,0,0,0,0,40.0084,-75.191, , 
43340,469471,2014068029,6,67,67301,2014,6,1,1220,12,1,1,0,4,1, , ,N,1,3,0,3,0,1,2,5,N, ,39 59:35.664,75 10:11.063,1231, ,1227, ,0, , , ,3, , , , , , , , , ,5,3,0,0,0,0,2,0,0,0,0,0,1,1,0,0,0,0,0,0,0,1,0,0,0,0,0,0,0,0,0,0,0,0,0,8,0,39.9932,-75.1697, , 
43341,472029,2014095948,6,67,67301,2014,9,1,1040,10,1,1,0,6,6, , ,N,0,2,0,3,0,1,1,5,N, ,39 58:44.708,75 06:54.829,1105, ,1100,1,1,4, , ,3,Y, , , , , , , , ,5,3,0,0,0,0,1,1,0,0,0,0,1,1,0,0,0,0,0,0,0,0,0,0,0,0,0,0,0,0,0,0,0,0,0,8,0,39.9791,-75.1152, , 
43342,472032,2014099234,6,67,67301,2014,9,2,1130,11,1,1,0,4,1, , ,N,1,0,0,3,0,0,5,2,N,N,39 57:45.942,75 14:48.128,1220, ,1212, ,0, ,N, ,0, , , , , , , , , ,2,2,0,0,0,0,0,0,0,0,0,0,0,0,2,0,0,0,0,1,1,0,0,0,0,0,0,0,0,0,0,0,0,0,0,9,0,39.9627,-75.2467, , 
43343,472049,2014115577,6,67,67301,2014,11,1,1908,19,2,1,0,7,1,1,8,Y,0,0,0,3,0,0,1,1,N,N,40 01:20.005,75 12:36.474,1914,99,1910, ,0, ,N, ,0, ,U, , ,U, , , , ,1,1,0,0,0,0,0,0,0,0,0,0,0,0,0,0,0,0,0,0,0,0,0,0,0,0,0,0,0,0,0,0,0,0,0,0,0,40.0222,-75.2101, , 
43344,472051,2014088895,6,67,67301,2014,8,6,1830,18,1,1,0,4,1, , ,N,3,3,0,3,0,0,3,2,N, ,39 58:17.961,75 11:08.293,1835, ,1834, ,0, , , ,3, , , , , , , , , ,2,1,0,0,1,0,0,0,0,0,0,0,0,0,1,0,0,0,0,0,0,0,0,0,0,0,0,0,0,0,0,0,0,0,0,9,0,39.9717,-75.1856, , 
43345,472056,2014095933,6,67,67301,2014,9,5,2145,21,3,1,0,4,1, , ,N,0,0,0,3,0,3,4,2,N,N,40 03:08.632,75 08:26.487,24, ,13, ,0, ,N, ,0, , , , , , , , , ,2,0,0,0,0,0,2,0,0,0,0,0,3,3,0,0,0,0,0,0,0,0,0,0,0,0,0,0,0,0,0,0,0,0,0,8,0,40.0524,-75.1407, , 
43346,472057,2014096492,6,67,67301,2014,10,4,1723,17,1,1,0,1,1, , ,N,0,0,0,3,0,0,2,2,N,N,40 00:40.859,75 03:39.584,1740, ,1724, ,0, ,N, ,0, , , , , , , , , ,2,1,0,0,0,1,0,0,0,0,0,0,0,0,0,0,0,0,0,0,0,0,0,1,0,0,0,0,0,0,0,0,0,0,0,0,1,40.0113,-75.061, , 
43347,472058,2014096805,6,67,67301,2014,9,4,9999,99,1,1,0,4,1, , ,N,1,3,0,3,0,2,3,2,N, ,39 59:21.076,75 08:31.981,1722, ,1717, ,0, , , ,3, , , , , , , , , ,2,1,0,0,0,1,0,0,0,0,0,1,2,1,0,0,0,0,0,0,1,0,0,0,0,0,0,0,0,0,0,0,0,0,0,4,0,39.9892,-75.1422, , 
43348,472061,2014097846,6,67,67301,2014,8,5,1711,17,1,1,0,1,1, , ,N,0,0,0,3,0,4,4,4,N,N,39 59:44.130,75 11:51.487,1715, ,1711,1,1,3,N, ,0,N, , , , , , , , ,4,3,0,0,0,0,1,0,0,1,0,3,4,0,0,0,0,0,0,0,0,0,0,1,0,0,0,1,0,0,0,0,0,0,0,2,0,39.9956,-75.1976, , 
43349,472067,2014104572,6,67,67301,2014,9,7,2330,23,3,1,0,1,1, , ,N,2,0,0,3,0,0,2,2,N, ,39 56:48.520,75 14:52.891,2338, ,2334,9,1,2, , ,0,N, , , , , , , , ,2,1,0,0,0,0,1,0,0,0,0,0,0,0,0,0,0,0,0,0,0,0,0,0,0,0,0,0,0,0,0,0,0,0,0,0,0,39.9468,-75.248, , 
43350,472069,2014109168,6,67,67301,2014,11,3,1941,19,3,1,0,1,1, , ,N,0,0,0,3,0,1,2,2,N,N,39 54:22.284,75 10:24.677,1944, ,1942, ,0, ,N, ,0, , , , , , , , , ,2,1,0,0,0,0,0,1,0,0,1,0,1,0,0,0,0,0,0,0,1,0,0,1,0,0,0,0,0,0,0,0,0,0,0,3,0,39.9062,-75.1735, , 
43351,472083,2014106711,6,67,67301,2014,10,5,2159,21,3,1,0,7,4, , ,N,0,0,0,3,0,1,2,1,N, ,39 58:48.710,75 11:50.972,2215, ,2159, ,0, ,Y, ,0, , , , , , , , , ,1,1,0,0,0,0,0,0,0,0,0,1,1,0,0,0,0,0,0,0,0,0,0,0,0,0,0,0,0,0,0,0,0,0,0,4,0,39.9802,-75.1975, , 
43352,472084,2014106858,6,67,67301,2014,9,2,1350,13,1,1,0,5,1, , ,N,0,0,0,3,0,1,3,2,N,N,39 57:02.602,75 13:07.215,1923, ,1421, ,0, ,N, ,0, , , , , , , , , ,2,2,0,0,0,0,0,0,0,0,0,1,1,0,0,0,0,0,0,0,0,0,0,1,0,0,0,0,0,0,0,0,0,0,0,4,0,39.9507,-75.2187, , 
43353,472097,2014106351,6,67,67301,2014,10,2,721,7,1,1,0,1,1, , ,N,0,0,0,3,0,1,2,2,N,N,40 01:22.566,75 02:07.946,748, ,722,2,1,1,N, ,0,N, , , , , , , , ,2,1,0,0,0,0,1,0,0,0,1,0,1,0,0,0,0,0,1,0,0,0,0,0,0,0,0,0,0,0,0,0,0,0,0,3,0,40.0229,-75.0355, , 
43354,472098,2014106855,6,67,67301,2014,10,4,1510,15,1,1,0,8,1, , ,N,0,0,0,3,0,1,2,3,N, ,40 02:30.504,75 04:47.902,1613, ,1611, ,0, , , ,0, , , , , , , , , ,2,2,0,0,0,0,0,0,0,0,0,1,1,0,0,0,0,0,0,0,0,0,0,0,0,0,0,0,0,0,0,0,1,0,0,4,0,40.0418,-75.08, , 
43355,472134,2014092220,6,67,67301,2014,9,4,1514,15,1,1,0,1,1, , ,N,0,0,0,3,0,2,3,3,N,N,39 55:37.324,75 11:42.742,1619, ,1559, ,0, ,N, ,0, , , , , , , , , ,3,3,0,0,0,0,0,0,0,0,1,1,2,0,0,0,0,0,0,0,1,1,0,0,0,0,0,0,0,0,0,0,0,0,0,3,0,39.927,-75.1952, , 