objectid_1,objectid,crn,district,county,municipality,crash_year,crash_month,day_of_week,time_of_day,hour_of_day,illumination,weather,road_condition,collision_type,relation_to_road,work_zone_type,work_zone_loc,work_zone_ind,intersect_type,tcd_type,location_type,urban_rural,fatal_count,injury_count,person_count,total_units,sch_bus_ind,sch_zone_ind,latitude,longitude,arrival_tm,cons_zone_spd_lim,dispatch_tm,est_hrs_closed,lane_closed,ln_close_dir,ntfy_hiwy_maint,spec_juris_cd,tcd_func_cd,tfc_detour_ind,workers_pres,wz_close_detour,wz_flagger,wz_law_offcr_ind,wz_ln_closure,wz_moving,wz_other,wz_shlder_mdn,vehicle_count,automobile_count,motorcycle_count,bus_count,small_truck_count,heavy_truck_count,suv_count,van_count,bicycle_count,maj_inj_count,mod_inj_count,min_inj_count,tot_inj_count,unk_inj_deg_count,unk_inj_per_count,driver_count_16yr,driver_count_17yr,driver_count_18yr,driver_count_19yr,driver_count_20yr,driver_count_50_64yr,driver_count_65_74yr,driver_count_75plus,unbelted_occ_count,unb_death_count,unb_maj_inj_count,belted_death_count,belted_maj_inj_count,mcycle_death_count,mcycle_maj_inj_count,bicycle_death_count,bicycle_maj_inj_count,ped_count,ped_death_count,ped_maj_inj_count,max_severity_level,comm_veh_count,dec_lat,dec_long,rdwy_surf_type_cd,county_name
43356,472146,2014106649,6,67,67301,2014,10,5,1130,11,1,1,0,8,1, , ,N,1,2,0,3,0,1,2,2,N,Y,40 02:22.238,75 09:15.873,1131, ,1130, ,0, ,N, ,3, , , , , , , , , ,1,1,0,0,0,0,0,0,0,0,0,1,1,0,0,0,0,0,0,0,0,1,0,0,0,0,0,0,0,0,0,0,1,0,0,4,0,40.0395,-75.1544, , 
43357,472169,2014088812,6,67,67301,2014,7,7,1750,17,1,1,0,8,1, , ,N,0,0,0,3,0,1,2,2,N,N,39 56:16.879,75 11:22.016,1800, ,1755, ,0, ,N, ,0, , , , , , , , , ,1,1,0,0,0,0,0,0,0,0,0,1,1,0,0,0,0,0,0,0,0,0,0,0,0,0,0,0,0,0,0,0,1,0,0,4,0,39.938,-75.1894, , 
43358,472193,2014114221,6,67,67301,2014,11,1,2115,21,2,2,1,7,5, , ,N,0,1,0,3,0,0,1,1,N,N,40 02:51.025,75 08:34.215,2120, ,2118, ,0, ,N, ,3, , , , , , , , , ,1,1,0,0,0,0,0,0,0,0,0,0,0,0,0,0,0,0,0,0,0,0,0,0,0,0,0,0,0,0,0,0,0,0,0,0,0,40.0475,-75.1428, , 
43359,472194,2014115592,6,67,67301,2014,11,5,15,0,3,2,1,4,1, , ,N,1,2,0,3,0,4,4,2,N,N,40 04:51.806,75 01:43.881,25, ,20, ,0, ,N, ,3, , , , , , , , , ,2,2,0,0,0,0,0,0,0,0,2,1,4,1,0,0,0,0,0,0,1,0,0,2,0,0,0,0,0,0,0,0,0,0,0,3,0,40.0809,-75.0288, , 
43360,505779,2015006676,6,67,67301,2014,12,7,9999,99,1,9,8,8,1, , ,N,1,3,0,3,0,1,2,2,N,N,40 03:20.772,75 08:45.545,1530, ,1530, ,0, ,N, ,3, , , , , , , , , ,1,1,0,0,0,0,0,0,0,0,1,0,1,0,0,0,0,0,0,0,0,0,0,0,0,0,0,0,0,0,0,0,1,0,0,3,0,40.0558,-75.146, , 
43361,505785,2014113320,6,67,67301,2014,10,5,1430,14,1,1,0,1,1, , ,N,2,0,0,3,0,1,2,2,N,N,40 07:59.003,75 00:39.090,1439, ,1434, ,0, ,N, ,0, , , , , , , , , ,2,1,0,0,1,0,0,0,0,0,0,1,1,0,0,0,0,0,0,0,1,0,0,0,0,0,0,0,0,0,0,0,0,0,0,4,0,40.133,-75.0108, , 
43362,505799,2014128368,6,67,67301,2014,12,7,230,2,3,2,1,4,1, , ,N,1,2,0,3,0,2,2,2,N,N,40 05:04.029,75 02:18.148,232, ,230, ,0, ,N, ,3, , , , , , , , , ,2,1,0,0,0,0,1,0,0,0,2,0,2,0,0,0,0,0,0,1,0,0,0,0,0,0,0,0,0,0,0,0,0,0,0,3,0,40.0845,-75.0384, , 
43363,505812,2014103563,6,67,67301,2014,9,1,125,1,3,1,0,6,1, , ,N,1,2,0,3,0,0,4,2,N, ,40 00:11.393,75 09:08.837,145, ,135, ,0, , , ,3, , , , , , , , , ,2,2,0,0,0,0,0,0,0,0,0,0,0,0,2,0,0,0,0,1,1,0,0,2,0,0,0,0,0,0,0,0,0,0,0,9,0,40.0032,-75.1525, , 
43364,505813,2014104548,6,67,67301,2014,8,1,2033,20,4,1,0,8,1, , ,N,1,2,0,3,0,1,2,2,N, ,40 07:24.747,75 00:55.270,2040, ,2033, ,0, , , ,3, , , , , , , , , ,1,0,0,0,0,0,0,0,0,0,0,0,1,1,0,0,0,0,0,0,0,0,0,0,0,0,0,0,0,0,0,0,1,0,0,8,0,40.1235,-75.0154, , 
43365,505814,2014104575,6,67,67301,2014,9,2,1230,12,1,1,0,4,1, , ,N,2,2,0,3,0,1,3,3,N, ,39 53:43.557,75 14:00.547,1240, ,1235, ,0, , , ,3, , , , , , , , , ,3,3,0,0,0,0,0,0,0,0,0,1,1,0,0,0,0,0,0,0,1,0,0,0,0,0,0,0,0,0,0,0,0,0,0,4,0,39.8954,-75.2335, , 
43366,505829,2015001645,6,67,67301,2014,12,1,24,0,3,1,0,7,4, , ,N,0,0,0,3,0,0,3,1,N,N,39 57:35.530,75 10:43.534,24, ,24,1,1,3,N, ,0,N, , , , , , , , ,1,1,0,0,0,0,0,0,0,0,0,0,0,0,0,0,0,0,0,0,0,0,0,0,0,0,0,0,0,0,0,0,0,0,0,0,0,39.9599,-75.1788, , 
43367,505831,2015030502,6,67,67301,2014,11,5,330,3,3,1,0,4,1, , ,N,1,2,0,3,0,6,7,2,N,N,40 00:19.420,75 06:33.689,0, ,0, ,0, ,N, ,3, , , , , , , , , ,2,1,0,0,0,1,0,0,0,3,0,2,6,1,0,0,0,0,0,0,1,0,0,0,0,0,0,3,0,0,0,0,0,0,0,2,1,40.0054,-75.1094, , 
43368,505840,2014115619,6,67,67301,2014,11,4,809,8,1,1,0,6,6, , ,N,0,0,0,3,0,1,3,4,N,N,39 57:54.752,75 14:24.439,832, ,811, ,0, ,N, ,0, , , , , , , , , ,4,2,0,0,0,0,0,0,0,0,0,1,1,0,0,0,0,0,0,0,1,1,0,0,0,0,0,0,0,0,0,0,0,0,0,4,0,39.9652,-75.2401, , 
43369,505845,2014120925,6,67,67301,2014,11,7,1005,10,1,1,0,5,1, , ,N,0,0,0,3,0,0,2,2,N,N,40 03:34.489,75 03:07.109,1013, ,1009, ,0, ,N, ,0, , , , , , , , , ,2,2,0,0,0,0,0,0,0,0,0,0,0,0,0,0,0,0,0,0,1,0,0,0,0,0,0,0,0,0,0,0,0,0,0,0,0,40.0596,-75.052, , 
43370,505859,2015030424,6,67,67301,2014,11,3,1120,11,1,1,0,1,1, , ,N,2,3,0,3,0,3,4,2,N,N,39 54:26.334,75 13:41.041,0, ,0, ,0, ,N, ,3, , , , , , , , , ,2,2,0,0,0,0,0,0,0,3,0,0,3,0,0,0,0,0,0,0,0,0,0,0,0,0,0,3,0,0,0,0,0,0,0,2,0,39.9073,-75.2281, , 
43371,505861,2014129890,6,67,67301,2014,11,6,1815,18,3,1,0,8,1, , ,N,1,3,0,3,0,1,2,2,N,N,39 56:22.808,75 10:16.798,1820, ,1818, ,0, ,N, ,3, , , , , , , , , ,1,1,0,0,0,0,0,0,0,0,0,1,1,0,0,0,0,0,0,0,1,0,0,0,0,0,0,0,0,0,0,0,1,0,0,4,0,39.9397,-75.1713, , 
43372,505866,2015020609,6,67,67301,2014,7,3,850,8,1,1,0,4,1, , ,N,1,2,0,3,0,1,2,3,N,N,39 58:41.188,75 09:52.480,948, ,943, ,0, ,N, ,3, , , , , , , , , ,3,2,0,0,0,0,0,0,0,0,0,1,1,0,0,0,0,0,0,0,0,0,0,0,0,0,0,0,0,0,0,0,0,0,0,4,0,39.9781,-75.1646, , 
43373,505895,2015025046,6,67,67301,2014,12,6,1630,16,4,1,0,2,1, , ,N,1,2,0,3,0,3,6,4,N,N,40 03:25.988,75 00:04.335,1643, ,1633, ,0, ,N, ,3, , , , , , , , , ,4,2,0,0,0,0,1,0,0,0,0,0,3,3,0,0,0,0,1,0,1,0,0,0,0,0,0,0,0,0,0,0,0,0,0,8,0,40.0572,-75.0012, , 
43374,505905,2014081140,6,67,67301,2014,8,2,1533,15,1,1,0,1,1, , ,N,0,0,0,3,0,1,2,2,N,N,39 59:44.097,75 11:51.515,1540, ,1535, ,0, ,N, ,0, , , , , , , , , ,2,0,1,0,0,0,1,0,0,0,0,0,1,1,0,0,0,0,0,0,1,0,0,0,0,0,0,0,0,0,0,0,0,0,0,8,0,39.9956,-75.1976, , 
43375,505911,2014088115,6,67,67301,2014,8,5,1840,18,1,1,0,4,1, , ,N,1,3,0,3,0,2,2,2,N,N,40 01:08.120,75 02:58.216,1920, ,1909, ,0, ,N, ,3, , , , , , , , , ,2,2,0,0,0,0,0,0,0,0,0,2,2,0,0,0,0,0,0,0,1,0,0,0,0,0,0,0,0,0,0,0,0,0,0,4,0,40.0189,-75.0495, , 
43376,505935,2015002667,6,67,67301,2014,9,5,1240,12,1,2,1,6,1, , ,N,0,0,0,3,0,6,6,4,N,N,39 59:07.618,75 12:08.693,1256, ,1246,3,2,5,N, ,0,Y, , , , , , , , ,4,3,0,0,0,0,1,0,0,1,0,0,6,5,0,0,0,0,0,0,0,2,1,0,0,0,0,1,0,0,0,0,0,0,0,2,0,39.9854,-75.2024, , 
43377,505938,2015020768,6,67,67301,2014,12,7,545,5,5,9,8,1,6, , ,N,0,0,0,3,0,3,3,2,N,N,39 59:59.420,75 05:55.462,730, ,718, ,0, ,N, ,0, , , , , , , , , ,2,1,0,0,0,0,0,0,0,0,0,0,3,3,0,0,0,0,0,0,0,0,0,0,0,0,0,0,0,0,0,0,0,0,0,8,0,39.9998,-75.0987, , 
43378,505947,2015002689,6,67,67301,2014,11,1,715,7,1,1,0,8,1, , ,N,0,0,0,3,0,1,2,2,N, ,39 59:25.426,75 07:38.969,754, ,740, ,0, , , ,0, , , , , , , , , ,1,1,0,0,0,0,0,0,0,1,0,0,1,0,0,0,0,0,0,0,0,0,0,0,0,0,0,0,0,0,0,0,1,0,1,2,0,39.9904,-75.1275, , 
43379,505957,2015020619,6,67,67301,2014,7,7,7,0,3,1,0,4,1, , ,N,0,0,0,3,0,3,5,2,N,N,39 59:50.497,75 05:36.277,44, ,40,3,2,6,N, ,0,Y, , , , , , , , ,2,2,0,0,0,0,0,0,0,2,0,1,3,0,0,0,0,0,0,0,0,0,0,2,0,1,0,1,0,0,0,0,0,0,0,2,0,39.9974,-75.0934, , 
43380,505977,2014130396,6,67,67301,2014,12,6,1249,12,1,1,0,5,1, , ,N,0,0,0,3,0,1,2,2,N,N,39 57:12.895,75 10:25.184,1258, ,1253,1,1,3,N, ,0,Y, , , , , , , , ,2,2,0,0,0,0,0,0,0,1,0,0,1,0,0,0,0,0,0,0,1,0,0,0,0,0,0,1,0,0,0,0,0,0,0,2,0,39.9536,-75.1737, , 
43381,505986,2014106348,6,67,67301,2014,10,6,2321,23,3,1,0,1,1,1,4,Y,0,0,0,3,0,3,8,3,N,N,40 01:05.943,75 02:52.137,2341,45,2321,2,1,2,N, ,0,N,Y,N,N,N,Y,N,N,Y,3,2,0,0,0,0,1,0,0,0,0,0,3,3,0,1,0,0,0,0,0,0,0,0,0,0,0,0,0,0,0,0,0,0,0,8,0,40.0183,-75.0478, , 
43382,505987,2014106651,6,67,67301,2014,10,1,938,9,1,1,0,4,1, , ,N,0,0,7,3,0,1,3,2,N,N,39 54:17.416,75 14:17.075,945, ,941,2,1,3, , ,0,N, , , , , , , , ,2,1,0,0,0,0,1,0,0,0,0,1,1,0,0,0,0,0,0,0,0,0,1,0,0,0,0,0,0,0,0,0,0,0,0,4,0,39.9048,-75.2381, , 
43383,505992,2014113304,6,67,67301,2014,10,2,1520,15,1,1,0,4,1, , ,N,1,2,0,3,0,1,2,2,N,N,39 55:26.880,75 14:43.716,1530, ,1530, ,0, , , ,3, , , , , , , , , ,2,1,0,0,0,0,1,0,0,0,0,0,1,1,0,0,0,0,0,0,1,1,0,0,0,0,0,0,0,0,0,0,0,0,0,8,0,39.9241,-75.2455, , 
43384,506016,2014121449,6,67,67301,2014,11,5,1814,18,2,1,0,4,1, , ,N,1,3,0,3,0,1,2,2,N,N,39 55:32.642,75 09:38.829,1824, ,1814, ,0, ,N, ,3, , , , , , , , , ,1,0,0,0,0,0,0,1,1,0,0,0,1,1,0,0,0,0,0,0,0,1,0,0,0,0,0,0,0,0,0,0,0,0,0,8,0,39.9257,-75.1608, , 
43385,506017,2014121477,6,67,67301,2014,11,6,1545,15,1,1,0,4,1, , ,N,1,3,0,3,0,0,2,2,N,N,40 01:11.910,75 07:28.883,1600, ,1558, ,0, ,N, ,3, , , , , , , , , ,2,0,0,0,0,0,0,2,0,0,0,0,0,0,0,0,0,0,0,0,1,0,0,0,0,0,0,0,0,0,0,0,0,0,0,0,0,40.02,-75.1247, , 
43386,506024,2014130416,6,67,67301,2014,12,7,138,1,3,1,0,7,4, , ,N,0,0,0,3,0,0,1,1,N,N,40 02:11.001,75 05:16.846,143, ,140,4,2,6,N, ,0,Y, , , , , , , , ,1,1,0,0,0,0,0,0,0,0,0,0,0,0,0,0,0,0,0,0,0,0,0,0,0,0,0,0,0,0,0,0,0,0,0,0,0,40.0364,-75.088, , 
43387,506040,2015006682,6,67,67301,2014,12,1,245,2,3,1,0,1,2, , ,N,0,0,0,3,0,1,3,2,N, ,39 58:20.740,75 08:40.180,314, ,255, ,0, , , ,0, , , , , , , , , ,2,1,0,0,0,0,0,0,0,0,1,0,1,0,0,0,0,0,0,0,0,0,0,0,0,0,0,0,0,0,0,0,0,0,0,3,0,39.9724,-75.1445, , 
43388,506043,2014125138,6,67,67301,2014,11,1,2000,20,3,1,0,4,1, , ,N,1,3,0,3,0,1,2,2,N,N,40 03:31.504,75 03:02.099,2055, ,2050, ,0, , , ,3, , , , , , , , , ,2,2,0,0,0,0,0,0,0,0,0,1,1,0,0,0,0,0,0,1,1,0,0,0,0,0,0,0,0,0,0,0,0,0,0,4,0,40.0588,-75.0506, , 
43389,506047,2014130438,6,67,67301,2014,12,7,19,0,3,1,0,1,1, , ,N,1,2,0,3,0,0,3,3,N,N,39 56:37.139,75 09:55.997,21, ,19, ,0, ,N, ,3, , , , , , , , , ,3,2,0,0,0,0,1,0,0,0,0,0,0,0,0,0,0,0,0,0,1,0,0,0,0,0,0,0,0,0,0,0,0,0,0,0,0,39.9437,-75.1654, , 
43390,506056,2014125008,6,67,67301,2014,11,4,733,7,1,2,1,5,1, , ,N,2,2,0,3,0,0,2,2,N,N,39 57:36.624,75 08:13.909,849, ,844, ,0, ,N, ,3, , , , , , , , , ,2,1,0,0,0,1,0,0,0,0,0,0,0,0,0,0,0,0,0,0,0,0,0,0,0,0,0,0,0,0,0,0,0,0,0,0,1,39.9602,-75.1372, , 
43391,506060,2014127551,6,67,67301,2014,12,1,9999,99,3,1,0,8,1, , ,N,5,2,1,3,0,1,2,2,N,N,39 59:56.641,75 06:31.521,9999, ,9999, ,0, ,N, ,3, , , , , , , , , ,1,1,0,0,0,0,0,0,0,0,1,0,1,0,0,0,0,0,0,0,0,0,0,0,0,0,0,0,0,0,0,0,1,0,0,3,0,39.9991,-75.1088, , 
43392,506069,2015006704,6,67,67301,2014,12,6,655,6,1,1,0,5,6, , ,N,0,0,0,3,0,0,1,5,N,N,40 00:50.684,75 08:50.294,659, ,655, ,0, ,N, ,0, , , , , , , , , ,5,2,0,0,0,0,1,2,0,0,0,0,0,0,0,0,0,0,0,0,0,0,0,0,0,0,0,0,0,0,0,0,0,0,0,0,0,40.0141,-75.1473, , 
43393,506073,2015000387,6,67,67301,2014,12,6,1120,11,1,1,0,5,1, , ,N,0,0,0,3,0,2,3,2,N,N,39 57:04.131,75 10:43.446,1130, ,1124, ,0, ,N, ,0, , , , , , , , , ,2,0,0,1,0,0,1,0,0,0,2,0,2,0,0,0,0,0,0,0,0,0,1,0,0,0,0,0,0,0,0,0,0,0,0,3,1,39.9511,-75.1787, , 
43394,506075,2015006103,6,67,67301,2014,12,3,1450,14,1,2,1,6,1, , ,N,0,0,0,3,0,2,2,2,N,N,39 58:52.360,75 12:00.191,1457, ,1457,1,2,1,N, ,0,Y, , , , , , , , ,2,2,0,0,0,0,0,0,0,0,0,0,2,2,0,0,0,0,0,0,1,0,0,0,0,0,0,0,0,0,0,0,0,0,0,8,0,39.9812,-75.2001, , 
43395,506090,2014130391,6,67,67301,2014,12,1,1600,16,1,1,0,4,1, , ,N,1,2,0,3,0,0,5,3,N,N,40 04:38.723,75 10:31.829,1623, ,1621,2,2,6,N, ,3,Y, , , , , , , , ,3,1,0,0,0,0,2,0,0,0,0,0,0,0,0,0,0,0,0,0,1,0,0,0,0,0,0,0,0,0,0,0,0,0,0,0,0,40.0774,-75.1755, , 
43396,500431,2014120933,6,67,67301,2014,11,2,830,8,1,1,0,4,1, , ,N,1,2,0,3,0,1,2,2,N,N,40 01:27.102,75 05:43.897,9999, ,830, ,0, ,N, ,3, , , , , , , , , ,2,1,0,0,1,0,0,0,0,0,0,1,1,0,0,0,0,0,0,0,1,0,0,0,0,0,0,0,0,0,0,0,0,0,0,4,0,40.0242,-75.0955, , 
43397,500439,2015006616,6,67,67301,2014,12,4,1829,18,3,1,0,1,1, , ,N,1,2,0,3,0,1,3,2,N,N,39 59:05.257,75 10:41.330,1833, ,1830, ,0, ,N, ,3, , , , , , , , , ,2,1,0,0,1,0,0,0,0,0,0,0,1,1,0,0,0,0,0,0,0,0,0,0,0,0,0,0,0,0,0,0,0,0,0,8,0,39.9848,-75.1781, , 
43398,500440,2015006651,6,67,67301,2014,12,4,1621,16,1,1,0,4,1, , ,N,0,0,7,3,0,0,2,2,N,N,40 07:22.902,75 00:56.188,1640, ,1632, ,0, , , ,0, , , , , , , , , ,2,1,0,0,1,0,0,0,0,0,0,0,0,0,0,0,0,0,0,0,0,0,0,0,0,0,0,0,0,0,0,0,0,0,0,0,0,40.123,-75.0156, , 
43399,500452,2014131805,6,67,67301,2014,12,2,845,8,1,1,0,4,1, , ,N,1,2,0,3,0,0,3,3,N,N,40 06:50.926,74 59:15.880,930, ,926,9,1,1,N, ,3,N, , , , , , , , ,3,2,0,0,1,0,0,0,0,0,0,0,0,0,0,0,0,0,0,0,0,1,0,0,0,0,0,0,0,0,0,0,0,0,0,0,0,40.1141,-74.9877, , 
43400,500460,2014104591,6,67,67301,2014,10,7,1820,18,1,1,0,4,1, , ,N,1,2,0,3,0,1,2,2,N, ,39 58:56.395,75 06:42.922,1837, ,1835, ,0, , , ,3, , , , , , , , , ,2,1,0,0,0,0,1,0,0,0,0,1,1,0,0,0,0,0,0,0,0,0,0,0,0,0,0,0,0,0,0,0,0,0,0,4,0,39.9823,-75.1119, , 
43401,500470,2014113254,6,67,67301,2014,10,1,9999,99,1,1,0,1,1, , ,N,0,0,0,3,0,0,4,3,N,N,40 00:25.017,75 12:50.759,1340, ,1331, ,0, ,N, ,0, , , , , , , , , ,3,3,0,0,0,0,0,0,0,0,0,0,0,0,0,0,0,0,0,0,0,0,0,0,0,0,0,0,0,0,0,0,0,0,0,0,0,40.0069,-75.2141, , 
43402,500471,2014113301,6,67,67301,2014,11,7,1650,16,4,2,1,4,1, , ,N,1,2,0,3,0,1,2,2,N,N,39 59:05.157,75 07:00.015,9999, ,1659, ,0, ,N, ,3, , , , , , , , , ,2,2,0,0,0,0,0,0,0,0,1,0,1,0,0,0,0,0,0,0,1,0,0,0,0,0,0,0,0,0,0,0,0,0,0,3,0,39.9848,-75.1167, , 
43403,500472,2014113312,6,67,67301,2014,10,4,1635,16,1,2,1,8,1, , ,N,0,2,0,3,0,1,2,2,N,N,39 55:55.179,75 12:59.687,1655, ,1643, ,0, ,N, ,3, , , , , , , , , ,1,1,0,0,0,0,0,0,0,0,0,1,1,0,0,0,0,0,0,0,1,0,0,0,0,0,0,0,0,0,0,0,1,0,0,4,0,39.932,-75.2166, , 
43404,500478,2014115658,6,67,67301,2014,11,5,1703,17,3,2,1,8,1, , ,N,3,0,0,3,0,1,2,2,N, ,40 00:01.386,75 09:59.579,1714, ,1707, ,0, , , ,0, , , , , , , , , ,1,1,0,0,0,0,0,0,0,0,0,1,1,0,1,0,0,0,0,0,0,0,0,0,0,0,0,0,0,0,0,0,1,0,0,4,0,40.0004,-75.1665, , 
43405,500489,2014127442,6,67,67301,2014,12,7,115,1,3,2,1,6,1, , ,N,2,0,0,3,0,0,2,2,N,N,40 01:13.039,75 09:46.119,124, ,119, ,0, ,N, ,0, , , , , , , , , ,2,1,0,0,1,0,0,0,0,0,0,0,0,0,0,0,0,0,0,0,0,0,0,0,0,0,0,0,0,0,0,0,0,0,0,0,0,40.0203,-75.1628, , 
43406,500498,2014099207,6,67,67301,2014,9,2,9999,99,1,1,0,4,1, , ,N,1,3,0,3,0,1,2,2,N,N,40 02:26.275,75 09:05.486,1838, ,1836, ,0, ,N, ,3, , , , , , , , , ,1,1,0,0,0,0,0,0,1,0,0,1,1,0,0,0,0,0,0,0,0,0,0,0,0,0,0,0,0,0,0,0,0,0,0,4,0,40.0406,-75.1515, , 
43407,500509,2014107208,6,67,67301,2014,10,3,1750,17,1,1,0,1,1, , ,N,5,2,0,3,0,1,2,2,N,N,39 59:00.507,75 10:53.502,1800, ,1753, ,0, ,N, ,3, , , , , , , , , ,2,2,0,0,0,0,0,0,0,0,0,1,1,0,0,0,0,0,0,0,0,0,0,0,0,0,0,0,0,0,0,0,0,0,0,4,0,39.9835,-75.1815, , 
43408,500511,2014109910,6,67,67301,2014,10,2,2320,23,3,1,0,7,5, , ,N,0,0,0,3,0,1,1,1,N,N,39 59:49.178,75 12:17.532,2335, ,2326, ,0, ,N, ,0, , , , , , , , , ,1,0,0,0,0,0,1,0,0,0,0,1,1,0,0,0,0,0,0,0,0,0,0,0,0,0,0,0,0,0,0,0,0,0,0,4,0,39.997,-75.2049, , 
43409,500532,2014130410,6,67,67301,2014,12,2,1740,17,3,2,1,8,1, , ,N,1,2,0,3,0,1,2,2,N,N,39 57:07.402,75 10:24.565,1810, ,1754, ,0, ,N, ,3, , , , , , , , , ,1,0,0,0,0,0,1,0,0,0,0,1,1,0,0,0,0,0,0,0,0,1,0,0,0,0,0,0,0,0,0,0,1,0,0,4,0,39.952,-75.1734, , 
43410,500545,2014104991,6,67,67301,2014,9,7,1327,13,1,1,0,4,1, , ,N,1,2,0,3,0,4,5,2,N, ,39 56:25.327,75 14:11.791,1334, ,1328, ,0, , , ,3, , , , , , , , , ,2,1,0,0,0,0,1,0,0,0,0,0,4,4,0,0,0,0,0,0,0,0,0,0,0,0,0,0,0,0,0,0,0,0,0,8,0,39.9404,-75.2366, , 
43411,500570,2015002753,6,67,67301,2014,12,6,804,8,1,1,0,4,1, , ,N,1,2,0,3,0,1,4,2,N, ,40 01:43.697,75 05:23.235,814, ,804,9,1,1, , ,3,N, , , , , , , , ,2,2,0,0,0,0,0,0,0,0,0,1,1,0,0,0,0,0,1,0,0,0,0,0,0,0,0,0,0,0,0,0,0,0,0,4,0,40.0288,-75.0898, , 
43412,500576,2014113286,6,67,67301,2014,10,4,1800,18,3,2,1,5,6, , ,N,0,0,0,3,0,0,1,2,N,N,39 54:52.807,75 10:48.261,1820, ,1819, ,0, ,N, ,0, , , , , , , , , ,2,2,0,0,0,0,0,0,0,0,0,0,0,0,0,0,0,0,0,0,1,0,0,0,0,0,0,0,0,0,0,0,0,0,0,0,0,39.9147,-75.1801, , 
43413,500584,2014120282,6,67,67301,2014,11,7,150,1,3,1,0,1,1, , ,N,5,2,0,3,0,0,2,2,N,N,40 02:26.242,75 10:11.315,156, ,156, ,0, ,N, ,3, , , , , , , , , ,2,2,0,0,0,0,0,0,0,0,0,0,0,0,0,0,0,0,0,0,1,0,0,1,0,0,0,0,0,0,0,0,0,0,0,0,0,40.0406,-75.1698, , 
43414,502900,2015006074,6,67,67301,2014,12,3,1300,13,1,2,1,8,1, , ,N,1,2,0,3,0,1,2,2,N, ,39 58:17.205,75 09:33.736,1315, ,1310, ,0, , , ,3, , , , , , , , , ,1,1,0,0,0,0,0,0,0,0,0,0,1,1,0,0,0,0,0,0,0,0,0,0,0,0,0,0,0,0,0,0,1,0,0,8,0,39.9714,-75.1594, , 
43415,502909,2014130484,6,67,67301,2014,11,4,425,4,3,1,0,4,1, , ,N,1,1,0,3,0,1,2,2,N, ,39 57:25.085,75 13:31.946,430, ,426, ,0, , , ,3, , , , , , , , , ,2,1,0,0,0,0,1,0,0,0,1,0,1,0,0,0,0,0,0,0,1,0,0,0,0,0,0,0,0,0,0,0,0,0,0,3,0,39.957,-75.2255, , 
43416,502920,2014127471,6,67,67301,2014,11,5,2250,22,3,8,1,7,5, , ,N,1,0,0,3,0,2,2,1,N,N,39 57:17.946,75 14:39.393,2250, ,2240, ,0, ,N, ,0, , , , , , , , , ,1,0,0,0,0,0,1,0,0,0,0,0,2,2,0,0,0,0,0,0,0,0,0,0,0,0,0,0,0,0,0,0,0,0,0,8,0,39.955,-75.2443, , 
43417,502930,2014096850,6,67,67301,2014,8,7,529,5,3,1,0,8,1, , ,N,1,2,0,3,1,0,2,2,N,N,40 01:24.369,75 08:21.713,536, ,532,3,2,5,N,0,3,Y, , , , , , , , ,1,0,0,0,0,0,0,0,0,0,0,0,0,0,1,0,0,0,0,0,0,0,0,0,0,0,0,0,0,0,0,0,1,1,0,1,0,40.0234,-75.1394,2, 
43418,502944,2015006133,6,67,67301,2014,12,2,9999,99,3,1,0,4,1, , ,N,1,3,0,3,0,1,3,3,N, ,40 01:23.210,75 07:26.428,2030, ,1900, ,0, , , ,3, , , , , , , , , ,3,1,0,0,0,0,1,1,0,0,0,1,1,0,2,0,0,0,0,0,0,1,0,0,0,0,0,0,0,0,0,0,0,0,0,4,0,40.0231,-75.124, , 
43419,502945,2015009583,6,67,67301,2014,11,1,230,2,3,1,0,7,4, , ,N,0,0,0,3,1,0,1,1,N,N,39 54:50.048,75 08:16.548,231, ,232,9,2,2,N,0,0,Y, , , , , , , , ,1,1,0,0,0,0,0,0,0,0,0,0,0,0,0,0,0,0,0,0,0,0,0,0,0,0,0,0,0,0,0,0,0,0,0,1,0,39.9139,-75.1379,2, 
43420,502946,2015030534,6,67,67301,2014,11,4,1130,11,1,1,0,1,1, , ,N,0,2,0,3,0,1,2,2,N,N,40 03:13.142,75 05:29.925,0, ,0, ,0, ,N, ,3, , , , , , , , , ,2,0,0,0,0,0,0,1,0,0,0,0,1,1,0,0,0,0,0,0,0,0,0,0,0,0,0,0,0,0,0,0,0,0,0,8,0,40.0537,-75.0916, , 
43421,502947,2014095942,6,67,67301,2014,8,5,1325,13,1,1,0,4,1, , ,N,1,3,0,3,0,1,3,2,N,N,39 56:59.870,75 14:06.658,1325, ,1325, ,0, ,N, ,3, , , , , , , , , ,2,2,0,0,0,0,0,0,0,1,0,0,1,0,0,0,0,0,0,0,1,1,0,0,0,0,0,0,0,0,0,0,0,0,0,2,0,39.95,-75.2352, , 
43422,502957,2014106787,6,67,67301,2014,9,6,2030,20,3,1,0,4,1, , ,N,1,3,0,3,1,3,4,2,N,N,40 03:42.926,75 10:49.843,2035, ,2032,4,2,7, ,0,3,Y, , , , , , , , ,2,1,0,0,0,0,1,0,0,0,0,1,3,2,0,0,0,0,0,0,0,1,0,0,0,0,0,0,0,0,0,0,0,0,0,1,0,40.0619,-75.1805,1, 