objectid_1,objectid,crn,district,county,municipality,crash_year,crash_month,day_of_week,time_of_day,hour_of_day,illumination,weather,road_condition,collision_type,relation_to_road,work_zone_type,work_zone_loc,work_zone_ind,intersect_type,tcd_type,location_type,urban_rural,fatal_count,injury_count,person_count,total_units,sch_bus_ind,sch_zone_ind,latitude,longitude,arrival_tm,cons_zone_spd_lim,dispatch_tm,est_hrs_closed,lane_closed,ln_close_dir,ntfy_hiwy_maint,spec_juris_cd,tcd_func_cd,tfc_detour_ind,workers_pres,wz_close_detour,wz_flagger,wz_law_offcr_ind,wz_ln_closure,wz_moving,wz_other,wz_shlder_mdn,vehicle_count,automobile_count,motorcycle_count,bus_count,small_truck_count,heavy_truck_count,suv_count,van_count,bicycle_count,maj_inj_count,mod_inj_count,min_inj_count,tot_inj_count,unk_inj_deg_count,unk_inj_per_count,driver_count_16yr,driver_count_17yr,driver_count_18yr,driver_count_19yr,driver_count_20yr,driver_count_50_64yr,driver_count_65_74yr,driver_count_75plus,unbelted_occ_count,unb_death_count,unb_maj_inj_count,belted_death_count,belted_maj_inj_count,mcycle_death_count,mcycle_maj_inj_count,bicycle_death_count,bicycle_maj_inj_count,ped_count,ped_death_count,ped_maj_inj_count,max_severity_level,comm_veh_count,dec_lat,dec_long,rdwy_surf_type_cd,county_name
43760,507389,2013010616,6,67,67301,2013,1,6,1156,11,1,1,0,1,1,1,4,Y,0,0,0,3,0,0,3,2,N,N,40 01:34.077,75 01:37.469,1213,45,1206,1,1,1,N, ,0,N,Y,N,N,Y,Y,N,N,N,2,1,0,0,0,0,0,1,0,0,0,0,0,0,0,0,0,0,0,0,0,1,0,0,0,0,0,0,0,0,0,0,0,0,0,0,0,40.026,-75.0273, , 
43761,507392,2013018531,6,67,67301,2013,2,5,1800,18,3,1,0,1,1, , ,N,0,0,0,3,0,1,2,2,N,N,39 59:11.688,75 05:29.081,1836, ,1814, ,0, ,N, ,0, , , , , , , , , ,2,1,0,0,0,0,1,0,0,0,0,0,1,1,0,0,0,0,0,0,1,0,0,0,0,0,0,0,0,0,0,0,0,0,0,8,0,39.9865,-75.0915, , 
43762,507404,2013043415,6,67,67301,2013,3,4,2235,22,3,1,0,8,1, , ,N,1,2,0,3,0,1,2,2,N,N,39 57:25.085,75 13:31.946,2235, ,2235, ,0, , , ,3, , , , , , , , , ,1,1,0,0,0,0,0,0,0,0,0,1,1,0,0,0,0,0,0,0,0,0,0,0,0,0,0,0,0,0,0,0,1,0,0,4,0,39.957,-75.2255, , 
43763,507420,2013065522,6,67,67301,2013,5,2,1154,11,1,2,1,4,1, , ,N,1,2,0,3,0,1,4,2,N,N,40 00:35.506,75 10:00.508,1200, ,1156,1,1,4,N, ,3,N, , , , , , , , ,2,1,0,0,1,0,0,0,0,0,0,0,1,1,0,0,0,0,0,0,0,0,0,0,0,0,0,0,0,0,0,0,0,0,0,8,0,40.0098,-75.1669, , 
43764,507423,2013070947,6,67,67301,2013,6,3,1830,18,1,1,0,4,1, , ,N,1,3,0,3,0,1,2,2,N,N,40 01:05.649,75 06:39.103,2040, ,2036, ,0, ,N, ,3, , , , , , , , , ,1,1,0,0,0,0,0,0,1,0,0,1,1,0,0,0,0,0,0,0,0,0,0,0,0,0,0,0,0,0,0,0,0,0,0,4,0,40.0182,-75.1109, , 
43765,501316,2015020737,6,67,67301,2014,11,5,924,9,1,1,0,4,1, , ,N,1,2,0,3,0,0,2,2,N, ,40 02:05.655,75 11:03.688,929, ,925, ,0, , , ,3, , , , , , , , , ,2,2,0,0,0,0,0,0,0,0,0,0,0,0,2,0,0,0,0,0,0,0,0,0,0,0,0,0,0,0,0,0,0,0,0,9,0,40.0349,-75.1844, , 
43766,501322,2014106750,6,67,67301,2014,10,5,936,9,1,1,0,5,1, , ,N,1,3,0,3,0,1,2,2,N,N,39 56:26.746,75 09:26.873,1100, ,936, ,0, ,N, ,3, , , , , , , , , ,1,0,0,0,0,0,1,0,1,0,0,1,1,0,0,0,0,0,0,0,0,1,0,0,0,0,0,0,0,0,0,0,0,0,0,4,0,39.9408,-75.1575, , 
43767,501328,2014113490,6,67,67301,2014,10,2,1453,14,1,1,0,5,6, , ,N,0,0,0,3,0,1,1,2,N, ,40 01:35.309,75 06:28.411,1459, ,1453,1,2,1, , ,0,Y, , , , , , , , ,2,1,0,0,0,0,1,0,0,0,0,0,1,1,0,0,0,0,0,0,0,0,0,0,0,0,0,0,0,0,0,0,0,0,0,8,0,40.0265,-75.1079, , 
43768,501347,2014109926,6,67,67301,2014,10,2,800,8,1,1,0,4,6, , ,N,1,3,0,3,0,1,3,2,Y, ,40 00:22.489,75 08:27.049,813, ,810, ,0, , , ,3, , , , , , , , , ,2,0,0,1,0,0,0,1,0,0,0,1,1,0,0,0,0,0,0,0,0,0,0,0,0,0,0,0,0,0,0,0,0,0,0,4,1,40.0062,-75.1408, , 
43769,501359,2014120919,6,67,67301,2014,11,7,1832,18,3,2,1,1,1, , ,N,0,0,0,3,0,1,2,2,N, ,39 57:09.671,75 14:55.828,1856, ,1851, ,0, ,N, ,0, , , , , , , , , ,2,1,0,0,0,0,1,0,0,0,0,1,1,0,0,0,0,0,0,0,1,0,0,0,0,0,0,0,0,0,0,0,0,0,0,4,0,39.9527,-75.2488, , 
43770,501360,2014120934,6,67,67301,2014,11,3,120,1,3,1,0,5,1, , ,N,0,0,0,3,0,1,1,2,N,N,39 59:47.313,75 04:46.480,126, ,123, ,0, , , ,0, , , , , , , , , ,2,1,0,0,1,0,0,0,0,0,1,0,1,0,0,0,0,0,0,0,0,0,0,0,0,0,0,0,0,0,0,0,0,0,0,3,0,39.9965,-75.0796, , 
43771,501364,2015006693,6,67,67301,2014,12,3,1610,16,4,2,1,1,1, , ,N,0,0,0,3,0,1,2,2,N,N,39 57:14.076,75 12:03.011,1616, ,1615, ,0, ,N, ,0, , , , , , , , , ,1,1,0,0,0,0,0,0,1,0,0,1,1,0,0,0,0,0,0,0,0,0,1,0,0,0,0,0,0,0,0,0,0,0,0,4,0,39.9539,-75.2008, , 
43772,501367,2015015582,6,67,67301,2014,12,2,1719,17,3,1,0,8,1, , ,N,1,2,0,3,0,1,2,2,N,N,40 01:27.245,75 02:47.562,1719, ,1719, ,0, ,N, ,3, , , , , , , , , ,1,1,0,0,0,0,0,0,0,0,0,1,1,0,0,0,0,0,0,0,0,0,0,0,0,0,0,0,0,0,0,0,1,0,0,4,0,40.0242,-75.0465, , 
43773,501369,2014088946,6,67,67301,2014,8,2,1107,11,1,1,0,1,1, , ,N,0,0,0,3,0,1,2,2,N,N,40 01:04.048,75 10:19.748,1109, ,1108, ,0, ,N, ,0, , , , , , , , , ,2,2,0,0,0,0,0,0,0,0,0,1,1,0,0,0,0,0,0,0,1,0,0,0,0,0,0,0,0,0,0,0,0,0,0,4,0,40.0178,-75.1722, , 
43774,501373,2014095891,6,67,67301,2014,9,7,1340,13,1,2,1,4,1, , ,N,0,0,0,3,0,4,5,3,N, ,40 03:11.399,75 02:24.970,1344, ,1341,3,2,6, , ,0,Y, , , , , , , , ,3,1,0,0,2,0,0,0,0,0,1,3,4,0,0,0,0,0,0,0,0,0,0,1,0,0,0,0,0,0,0,0,0,0,0,3,0,40.0532,-75.0403, , 
43775,501380,2014104593,6,67,67301,2014,9,6,1806,18,1,1,0,4,1, , ,N,1,2,0,3,0,5,5,2,N,N,39 56:12.246,75 13:37.826,1806, ,1806,9,2,7, , ,3,Y, , , , , , , , ,2,1,0,0,0,0,1,0,0,0,0,5,5,0,0,0,0,0,0,0,0,1,0,0,0,0,0,0,0,0,0,0,0,0,0,4,0,39.9367,-75.2272, , 
43776,501385,2014109942,6,67,67301,2014,10,6,1100,11,1,1,0,6,1, , ,N,1,2,0,3,0,3,6,2,N,N,40 02:00.178,75 07:52.165,1540, ,1536, ,0, ,N, ,3, , , , , , , , , ,2,2,0,0,0,0,0,0,0,0,1,2,3,0,0,0,0,0,0,0,1,0,0,1,0,0,0,0,0,0,0,0,0,0,0,3,0,40.0334,-75.1312, , 
43777,501406,2014106742,6,67,67301,2014,10,6,1605,16,1,1,0,4,1, , ,N,2,2,0,3,0,2,2,2,N,N,39 53:23.517,75 14:44.676,1620, ,1611, ,0, ,N, ,3, , , , , , , , , ,2,2,0,0,0,0,0,0,0,0,0,0,2,2,0,0,0,0,0,0,0,0,0,1,0,0,0,0,0,0,0,0,0,0,0,8,0,39.8899,-75.2457, , 
43778,501418,2014120261,6,67,67301,2014,10,4,859,8,1,2,1,2,1, , ,N,0,0,1,3,1,2,3,2,N,N,39 58:30.860,75 11:39.230,908, ,900,3,2,5,N,0,0,Y, , , , , , , , ,2,0,0,0,0,0,2,0,0,0,0,1,2,1,0,0,0,0,0,0,0,0,0,0,0,0,0,0,0,0,0,0,0,0,0,1,0,39.9752,-75.1942,2, 
43779,501432,2015002790,6,67,67301,2014,12,6,2110,21,3,1,0,8,1, , ,N,0,0,0,3,0,1,2,2,N, ,40 02:24.047,75 06:31.312,2116, ,2110, ,0, , , ,0, , , , , , , , , ,1,0,0,0,0,0,0,0,0,0,0,0,1,1,0,0,0,0,0,0,0,0,0,0,0,0,0,0,0,0,0,0,1,0,0,8,0,40.04,-75.1087, , 
43780,501436,2015015615,6,67,67301,2014,12,3,1610,16,4,2,1,7,4, , ,N,0,0,0,3,0,3,3,1,N,N,40 04:14.034,75 01:51.758,1616, ,1612, ,0, , , ,0, , , , , , , , , ,1,0,0,0,0,0,1,0,0,0,2,0,3,1,0,0,0,0,0,0,0,0,0,0,0,0,0,0,0,0,0,0,0,0,0,3,0,40.0706,-75.031, , 
43781,501440,2014111450,6,67,67301,2014,10,7,1520,15,1,1,0,4,1, , ,N,2,0,0,3,0,1,4,2,N,N,39 57:15.358,75 08:22.158,1538, ,1532,2,1,2, , ,0,N, , , , , , , , ,2,1,0,0,0,0,1,0,0,0,0,0,1,1,0,0,0,0,0,0,1,0,0,0,0,0,0,0,0,0,0,0,0,0,0,8,0,39.9543,-75.1395, , 
43782,501443,2014117622,6,67,67301,2014,10,4,1710,17,4,2,1,1,1, , ,N,0,0,0,3,0,1,3,2,N, ,40 03:48.459,75 12:01.462,1751, ,1727, ,0, , , ,0, , , , , , , , , ,2,1,0,0,0,0,0,1,0,0,0,1,1,0,0,0,0,0,0,0,2,0,0,0,0,0,0,0,0,0,0,0,0,0,0,4,0,40.0635,-75.2004, , 
43783,503867,2014122034,6,67,67301,2014,11,7,927,9,1,1,0,1,1, , ,N,1,2,0,3,0,1,4,3,N,N,39 59:03.239,75 05:56.509,955, ,945, ,0, ,N, ,3, , , , , , , , , ,3,3,0,0,0,0,0,0,0,0,1,0,1,0,0,0,0,0,0,0,1,0,0,0,0,0,0,0,0,0,0,0,0,0,0,3,0,39.9842,-75.099, , 
43784,503878,2015015603,6,67,67301,2014,12,3,1636,16,1,1,0,4,1, , ,N,0,0,7,3,0,0,2,2,N,N,39 55:36.600,75 10:15.200,1638, ,1636, ,0, ,N, ,0, , , , , , , , , ,2,1,0,0,0,1,0,0,0,0,0,0,0,0,0,0,0,0,0,0,1,0,0,0,0,0,0,0,0,0,0,0,0,0,0,0,1,39.9268,-75.1709, , 
43785,503879,2015030529,6,67,67301,2014,11,3,930,9,1,1,0,1,1, , ,N,0,0,0,3,0,1,2,2,N,N,39 56:59.216,75 10:04.000,0, ,0, ,0, ,N, ,0, , , , , , , , , ,2,2,0,0,0,0,0,0,0,0,0,0,1,1,0,0,0,0,0,0,0,0,0,0,0,0,0,0,0,0,0,0,0,0,0,8,0,39.9498,-75.1678, , 
43786,503884,2014097438,6,46,46102,2014,10,1,1440,14,1,1,0,8,2, , ,N,1,2,0,3,0,1,2,2,N,N,40 04:30.988,75 09:37.550,1445, ,1442, ,0, ,N, ,3, , , , , , , , , ,1,1,0,0,0,0,0,0,0,0,1,0,1,0,0,0,0,0,0,0,0,0,0,0,0,0,0,0,0,0,0,0,1,0,0,3,0,40.0753,-75.1604, , 
43787,503906,2014124984,6,67,67301,2014,11,1,759,7,1,1,0,4,1, , ,N,1,2,0,3,0,1,2,4,N,N,39 53:50.886,75 15:07.506,820, ,9999,2,1,2,N, ,3,N, , , , , , , , ,4,3,0,0,0,0,1,0,0,0,0,1,1,0,0,0,0,0,0,0,1,0,0,0,0,0,0,0,0,0,0,0,0,0,0,4,0,39.8974,-75.2522, , 
43788,503913,2014104610,6,67,67301,2014,9,3,9999,99,1,1,0,8,1, , ,N,0,0,0,3,0,1,2,2,N,N,39 57:14.593,75 09:37.031,1416, ,1413, ,0, ,N, ,0, , , , , , , , , ,1,1,0,0,0,0,0,0,0,0,0,0,1,1,0,0,0,0,0,0,0,0,1,0,0,0,0,0,0,0,0,0,1,0,0,8,0,39.9541,-75.1603, , 
43789,503922,2014115918,6,67,67301,2014,5,5,1915,19,1,2,1,1,1, , ,N,0,0,0,3,0,1,3,2,N,N,40 00:21.279,75 10:14.142,0, ,0, ,0, ,N, ,0, , , , , , , , , ,2,2,0,0,0,0,0,0,0,1,0,0,1,0,1,0,0,0,0,0,0,0,0,0,0,0,0,1,0,0,0,0,0,0,0,2,0,40.0059,-75.1706, , 
43790,503948,2015030418,6,67,67301,2014,11,3,1530,15,1,1,0,1,1, , ,N,5,2,0,3,0,1,3,3,N,N,40 01:41.707,75 09:07.390,0, ,0, ,0, ,N, ,3, , , , , , , , , ,3,0,0,0,0,0,0,0,0,0,0,0,1,1,0,0,0,0,0,0,1,0,0,0,0,0,0,0,0,0,0,0,0,0,0,8,0,40.0283,-75.1521, , 
43791,503956,2014106781,6,67,67301,2014,10,4,1745,17,1,2,1,1,1, , ,N,1,2,0,3,0,4,4,2,N,N,40 06:00.676,75 01:18.249,1747, ,1746,2,2,5,N, ,3,Y, , , , , , , , ,2,1,0,0,0,0,0,1,0,0,1,3,4,0,0,0,0,0,0,0,0,1,0,0,0,0,0,0,0,0,0,0,0,0,0,3,0,40.1002,-75.0217, , 
43792,503962,2014115650,6,67,67301,2014,11,7,1430,14,1,2,1,4,1, , ,N,0,0,7,3,0,1,3,3,N,N,40 03:58.245,75 09:32.544,1500, ,1430,3,2,4,N, ,0,Y, , , , , , , , ,3,0,0,0,0,0,3,0,0,0,0,0,1,1,0,0,0,0,0,0,1,0,0,0,0,0,0,0,0,0,0,0,0,0,0,8,0,40.0662,-75.159, , 
43793,503965,2014120258,6,67,67301,2014,11,7,9999,99,1,1,0,5,1, , ,N,0,0,0,3,0,0,2,2,N,N,40 00:14.684,75 13:12.952,905, ,847, ,0, ,N, ,0, , , , , , , , , ,2,0,0,0,1,1,0,0,0,0,0,0,0,0,1,0,0,0,0,0,0,0,0,0,0,0,0,0,0,0,0,0,0,0,0,9,1,40.0041,-75.2203, , 
43794,503966,2014122439,6,67,67301,2014,11,5,1411,14,1,1,0,4,1, , ,N,1,2,0,3,0,1,3,2,N, ,39 57:25.253,75 12:48.054,1418, ,1411, ,0, , , ,3, , , , , , , , , ,2,1,0,0,0,0,1,0,0,0,0,0,1,1,1,0,0,0,0,0,0,0,0,3,0,0,0,0,0,0,0,0,0,0,0,8,0,39.957,-75.2133, , 
43795,503974,2014130524,6,67,67301,2014,11,7,2306,23,3,1,0,1,1, , ,N,2,2,0,3,0,1,2,2,N,N,39 56:45.926,75 11:54.625,2308, ,2300,9,1,2, , ,3,N, , , , , , , , ,2,1,0,0,0,0,1,0,0,0,0,0,1,1,1,0,0,0,0,0,0,0,0,1,0,0,0,0,0,0,0,0,0,0,0,8,0,39.9461,-75.1985, , 
43796,503981,2015020641,6,67,67301,2014,5,2,122,1,3,1,0,2,1, , ,N,0,0,0,3,0,4,6,3,N,N,39 55:02.770,75 12:48.474,125, ,122, ,0, ,N, ,0, , , , , , , , , ,2,2,0,0,0,0,0,0,0,2,0,2,4,0,0,0,0,0,0,0,0,0,0,0,0,0,0,0,0,0,0,0,0,0,0,2,0,39.9174,-75.2135, , 
43797,503982,2015020727,6,67,67301,2014,8,4,1325,13,1,1,0,4,1, , ,N,1,2,0,3,0,1,2,2,N,N,39 55:17.302,75 09:24.832,1340, ,1335, ,0, ,N, ,3, , , , , , , , , ,1,0,0,0,0,0,1,0,1,0,1,0,1,0,0,0,0,0,0,0,0,0,0,0,0,0,0,0,0,0,0,0,0,0,0,3,0,39.9215,-75.1569, , 
43798,503983,2015028617,6,67,67301,2014,10,7,2240,22,3,1,0,1,1, , ,N,1,2,0,3,0,1,2,2,N,N,39 58:07.843,75 14:43.849,0, ,0, ,0, ,N, ,3, , , , , , , , , ,2,2,0,0,0,0,0,0,0,0,0,0,1,1,0,0,0,0,0,0,0,0,0,0,0,0,0,0,0,0,0,0,0,0,0,8,0,39.9688,-75.2454, , 
43799,503996,2015009670,6,67,67301,2014,12,3,1254,12,1,2,1,1,1, , ,N,5,2,0,3,0,1,4,3,N, ,40 03:47.120,75 03:05.897,1258, ,1258, ,0, , , ,3, , , , , , , , , ,3,2,0,0,0,0,1,0,0,0,0,0,1,1,0,0,0,0,1,0,1,0,1,0,0,0,0,0,0,0,0,0,0,0,0,8,0,40.0631,-75.0516, , 
43800,504002,2014122468,6,67,67301,2014,11,2,1800,18,3,2,1,1,1, , ,N,1,2,0,3,0,1,2,2,N,N,40 04:33.706,75 10:36.476,1817, ,1805, ,0, ,N, ,3, , , , , , , , , ,2,1,0,0,0,0,1,0,0,0,0,1,1,0,0,0,0,0,0,0,1,0,1,0,0,0,0,0,0,0,0,0,0,0,0,4,0,40.076,-75.1768, , 
43801,510630,2013046395,6,67,67301,2013,3,5,2310,23,2,1,0,5,1, , ,N,0,0,0,3,0,2,4,3,N, ,40 01:11.574,75 08:58.303,2338, ,2315,3,1,2, , ,0,N, , , , , , , , ,3,1,0,0,0,0,2,0,0,0,0,2,2,0,0,0,0,0,0,0,1,0,0,0,0,0,0,0,0,0,0,0,0,0,0,4,0,40.0199,-75.1495, , 
43802,510631,2013050299,6,67,67301,2013,4,5,9999,99,3,1,0,4,1, , ,N,1,2,0,3,0,1,4,2,N,N,39 56:45.089,75 14:25.018,124, ,116, ,0, ,N, ,3, , , , , , , , , ,2,1,0,0,0,0,1,0,0,0,0,0,1,1,0,0,0,0,0,0,0,0,0,0,0,0,0,0,0,0,0,0,0,0,0,8,0,39.9459,-75.2403, , 
43803,510632,2013050319,6,67,67301,2013,4,4,1900,19,1,1,0,4,1, , ,N,2,0,2,3,0,1,4,2,N,N,39 57:15.358,75 08:22.158,1920, ,1918, ,0, ,N, ,0, , , , , , , , , ,2,2,0,0,0,0,0,0,0,0,0,1,1,0,0,0,0,0,0,0,0,0,0,0,0,0,0,0,0,0,0,0,0,0,0,4,0,39.9543,-75.1395, , 
43804,510638,2013055537,6,67,67301,2013,5,7,1711,17,1,1,0,4,1, , ,N,0,0,0,3,0,1,2,2,N,N,40 05:15.936,75 03:09.212,1727, ,1724,9,1,4,N, ,0,N, , , , , , , , ,1,1,0,0,0,0,0,0,1,0,0,1,1,0,0,0,1,0,0,0,0,0,0,0,0,0,0,0,0,0,0,0,0,0,0,4,0,40.0878,-75.0526, , 
43805,510655,2013016144,6,67,67301,2013,1,2,1035,10,1,1,0,8,1, , ,N,1,0,0,3,0,1,2,2,N,N,39 56:55.280,75 09:08.917,1035, ,1035, ,0, , , ,0, , , , , , , , , ,1,0,0,0,0,0,0,1,0,0,0,0,1,1,0,0,0,0,0,0,0,0,0,0,0,0,0,0,0,0,0,0,1,0,0,8,0,39.9487,-75.1525, , 
43806,510657,2013018520,6,67,67301,2013,1,5,154,1,3,2,1,7,2, , ,N,0,0,0,3,0,0,1,1,N,N,39 59:42.455,75 11:52.135,154, ,154, ,0, ,N, ,0, , , , , , , , , ,1,1,0,0,0,0,0,0,0,0,0,0,0,0,0,0,0,0,0,0,0,0,0,0,0,0,0,0,0,0,0,0,0,0,0,0,0,39.9951,-75.1978, , 
43807,510659,2013022777,6,67,67301,2013,2,6,1016,10,1,1,0,1,1,1,4,Y,0,0,0,3,0,0,2,2,N,N,40 01:18.101,75 02:21.968,1030,45,1021, ,0, ,N, ,0, ,Y,N,N,N,N,N,N,Y,2,0,0,0,0,0,2,0,0,0,0,0,0,0,0,0,0,0,0,0,0,0,0,0,0,0,0,0,0,0,0,0,0,0,0,0,0,40.0216,-75.0396, , 
43808,510669,2013035081,6,67,67301,2013,3,6,2138,21,3,1,0,4,1, , ,N,1,2,0,3,0,1,4,2,N,N,40 00:20.425,75 06:03.822,2148, ,2145,1,1,4,N, ,3,N, , , , , , , , ,2,1,0,0,0,0,1,0,0,0,0,1,1,0,0,0,0,0,0,0,0,0,0,0,0,0,0,0,0,0,0,0,0,0,0,4,0,40.0057,-75.1011, , 
43809,510675,2013044125,6,67,67301,2013,3,6,643,6,1,1,0,4,1, , ,N,1,3,0,3,0,2,16,2,Y,Y,40 03:36.165,75 10:12.032,656, ,652,3,1,7,N, ,3,Y, , , , , , , , ,2,0,0,1,0,0,1,0,0,0,0,2,2,0,0,0,0,0,0,0,1,0,0,0,0,0,0,0,0,0,0,0,0,0,0,4,1,40.06,-75.17, , 
43810,510691,2013074745,6,67,67301,2013,6,7,530,5,1,1,0,2,1, , ,N,1,2,0,3,0,2,4,4,N, ,39 59:07.481,75 14:53.054,547, ,538, ,0, , , ,3, , , , , , , , , ,4,4,0,0,0,0,0,0,0,0,0,1,2,1,0,0,0,0,0,0,1,1,0,0,0,0,0,0,0,0,0,0,0,0,0,4,0,39.9854,-75.2481, , 
43811,510727,2013035109,6,67,67301,2013,2,1,2042,20,3,1,0,4,1, , ,N,1,3,0,3,0,2,3,2,N,N,39 59:12.339,75 06:30.121,2327, ,2324, ,0, ,N, ,3, , , , , , , , , ,2,2,0,0,0,0,0,0,0,0,0,0,2,2,1,0,0,0,1,0,0,0,0,0,0,0,0,0,0,0,0,0,0,0,0,8,0,39.9868,-75.1084, , 
43812,510740,2013053109,6,67,67301,2013,4,4,1125,11,1,1,0,8,1, , ,N,0,0,0,3,0,1,2,2,N,N,39 57:26.510,75 14:08.380,1125, ,1125,1,1,5, , ,0,Y, , , , , , , , ,1,1,0,0,0,0,0,0,0,0,0,1,1,0,0,0,0,0,0,0,0,0,0,0,0,0,0,0,0,0,0,0,1,0,0,4,0,39.9574,-75.2357, , 
43813,510760,2013015643,6,67,67301,2013,1,2,2236,22,2,4,4,5,1, , ,N,0,0,0,3,0,0,5,2,N,N,39 53:56.135,75 10:10.359,2307, ,2250,2,1,1,N, ,0,N, , , , , , , , ,2,1,0,0,0,0,0,1,0,0,0,0,0,0,0,0,0,0,0,0,0,0,0,0,0,0,0,0,0,0,0,0,0,0,0,0,0,39.8989,-75.1695, , 
43814,510804,2013029878,6,67,67301,2013,3,7,938,9,1,1,0,1,1, , ,N,0,0,0,3,0,2,6,4,N,N,39 57:36.527,75 10:48.321,940, ,939,1,1,4,N, ,0,N, , , , , , , , ,4,1,0,0,0,0,2,1,0,0,0,2,2,0,0,0,0,0,0,1,1,2,0,0,0,0,0,0,0,0,0,0,0,0,0,4,0,39.9601,-75.1801, , 
43815,510807,2013039598,6,67,67301,2013,4,7,815,8,1,1,0,7,4, , ,N,0,0,0,3,0,0,1,1,N,N,39 57:31.470,75 08:28.740,822, ,819,1,2,3,N, ,0,N, , , , , , , , ,1,1,0,0,0,0,0,0,0,0,0,0,0,0,0,0,0,0,0,0,0,0,0,0,0,0,0,0,0,0,0,0,0,0,0,0,0,39.9587,-75.1413, , 
43816,510812,2013046297,6,67,67301,2013,4,2,1700,17,1,1,0,1,1, , ,N,0,0,0,3,0,1,3,2,N,N,40 02:30.239,75 09:31.507,1704, ,1700, ,0, ,N, ,0, , , , , , , , , ,2,1,0,0,0,0,0,1,0,0,0,0,1,1,0,0,0,0,0,0,1,0,0,0,0,0,0,0,0,0,0,0,0,0,0,8,0,40.0417,-75.1588, , 
43817,510816,2013055365,6,67,67301,2013,5,6,137,1,3,1,0,8,1, , ,N,1,1,0,3,0,1,2,2,N,N,39 57:21.085,75 11:29.255,137, ,137, ,0, ,N, ,3, , , , , , , , , ,1,1,0,0,0,0,0,0,0,0,1,0,1,0,0,0,0,0,0,0,0,0,0,0,0,0,0,0,0,0,0,0,1,0,0,3,0,39.9558,-75.1915, , 
43818,510817,2013055629,6,67,67301,2013,5,4,1640,16,1,1,0,4,1, , ,N,0,0,7,3,0,1,3,2,N,N,39 59:27.842,75 06:04.830,1648, ,1644, ,0, ,N, ,0, , , , , , , , , ,2,1,0,0,1,0,0,0,0,0,0,1,1,0,0,0,0,0,0,0,2,0,0,0,0,0,0,0,0,0,0,0,0,0,0,4,0,39.9911,-75.1013, , 
43819,507428,2013077422,6,67,67301,2013,7,3,2100,21,2,2,1,7,2, , ,N,0,0,0,3,0,0,2,1,N,N,39 58:52.146,75 11:59.710,2102, ,2102,1,1,2, , ,0,N, , , , , , , , ,1,1,0,0,0,0,0,0,0,0,0,0,0,0,0,0,0,0,0,0,0,0,0,0,0,0,0,0,0,0,0,0,0,0,0,0,0,39.9812,-75.1999, , 
43820,507446,2013024939,6,67,67301,2013,2,2,1515,15,1,1,8,1,1, , ,N,0,0,0,3,0,2,4,2,N,N,39 59:49.516,75 06:44.607,1610, ,1555, ,0, ,N, ,0, , , , , , , , , ,2,2,0,0,0,0,0,0,0,0,0,2,2,0,0,0,0,0,1,0,0,0,0,0,0,0,0,0,0,0,0,0,0,0,0,4,0,39.9971,-75.1124, , 
43821,507462,2013035056,6,67,67301,2013,2,3,1140,11,1,1,0,5,1, , ,N,2,3,0,3,0,1,4,2,N,N,39 59:23.859,75 07:01.843,1141, ,1140, ,0, , , ,3, , , , , , , , , ,2,1,0,0,0,0,0,1,0,0,0,0,1,1,0,0,0,0,0,0,0,1,0,0,0,0,0,0,0,0,0,0,0,0,0,8,0,39.99,-75.1172, , 
43822,507463,2013035137,6,67,67301,2013,2,7,2036,20,3,1,5,8,1, , ,N,1,0,0,3,0,1,2,2,N,N,39 55:56.906,75 13:28.606,2039, ,2037, ,0, ,N, ,0, , , , , , , , , ,1,0,0,0,0,0,1,0,0,0,0,1,1,0,0,0,0,0,0,0,0,0,0,0,0,0,0,0,0,0,0,0,1,0,0,4,0,39.9325,-75.2246, , 
43823,507474,2013045509,6,67,67301,2013,4,7,1125,11,1,1,0,1,1, , ,N,0,0,0,3,0,4,9,3,N,N,39 57:25.242,75 09:19.353,1135, ,1126,1,2,4,N, ,0,N, , , , , , , , ,3,2,0,0,0,0,1,0,0,0,0,0,4,4,0,0,0,0,0,0,1,0,0,0,0,0,0,0,0,0,0,0,0,0,0,8,0,39.957,-75.1554, , 
43824,507488,2013013583,6,67,67301,2013,1,2,2112,21,3,4,3,7,2, , ,N,0,0,0,3,0,0,2,1,N,N,39 55:58.197,75 08:43.789,2112, ,2112, ,0, ,N, ,0, , , , , , , , , ,1,0,0,0,1,0,0,0,0,0,0,0,0,0,0,0,0,0,0,0,0,0,0,0,0,0,0,0,0,0,0,0,0,0,0,0,0,39.9329,-75.1455, , 
43825,507506,2013035149,6,67,67301,2013,2,7,2105,21,3,2,1,4,1, , ,N,1,2,0,3,0,1,4,2,N,N,39 58:10.092,75 08:22.485,2110, ,2109,1,1,1,N, ,3,N, , , , , , , , ,2,1,0,0,1,0,0,0,0,0,0,0,1,1,0,0,0,0,0,0,0,0,0,0,0,0,0,0,0,0,0,0,0,0,0,8,0,39.9695,-75.1396, , 
43826,507507,2013036250,6,67,67301,2013,3,6,2137,21,3,1,0,4,1, , ,N,1,3,0,3,0,2,4,2,N,N,40 01:44.014,75 07:59.505,2150, ,2138,1,2,7,N, ,3,Y, , , , , , , , ,2,2,0,0,0,0,0,0,0,0,0,2,2,0,0,0,0,0,0,0,0,0,0,0,0,0,0,0,0,0,0,0,0,0,0,4,0,40.0289,-75.1332, , 
43827,507539,2013013584,6,67,67301,2013,1,4,939,9,1,1,1,7,2, , ,N,7,0,2,3,0,0,1,1,N,N,40 01:22.756,75 02:09.397,1010, ,942, ,0, ,N, ,0, , , , , , , , , ,1,1,0,0,0,0,0,0,0,0,0,0,0,0,0,0,0,0,0,0,0,0,0,0,0,0,0,0,0,0,0,0,0,0,0,0,0,40.023,-75.0359, , 