objectid_1,objectid,crn,district,county,municipality,crash_year,crash_month,day_of_week,time_of_day,hour_of_day,illumination,weather,road_condition,collision_type,relation_to_road,work_zone_type,work_zone_loc,work_zone_ind,intersect_type,tcd_type,location_type,urban_rural,fatal_count,injury_count,person_count,total_units,sch_bus_ind,sch_zone_ind,latitude,longitude,arrival_tm,cons_zone_spd_lim,dispatch_tm,est_hrs_closed,lane_closed,ln_close_dir,ntfy_hiwy_maint,spec_juris_cd,tcd_func_cd,tfc_detour_ind,workers_pres,wz_close_detour,wz_flagger,wz_law_offcr_ind,wz_ln_closure,wz_moving,wz_other,wz_shlder_mdn,vehicle_count,automobile_count,motorcycle_count,bus_count,small_truck_count,heavy_truck_count,suv_count,van_count,bicycle_count,maj_inj_count,mod_inj_count,min_inj_count,tot_inj_count,unk_inj_deg_count,unk_inj_per_count,driver_count_16yr,driver_count_17yr,driver_count_18yr,driver_count_19yr,driver_count_20yr,driver_count_50_64yr,driver_count_65_74yr,driver_count_75plus,unbelted_occ_count,unb_death_count,unb_maj_inj_count,belted_death_count,belted_maj_inj_count,mcycle_death_count,mcycle_maj_inj_count,bicycle_death_count,bicycle_maj_inj_count,ped_count,ped_death_count,ped_maj_inj_count,max_severity_level,comm_veh_count,dec_lat,dec_long,rdwy_surf_type_cd,county_name
43828,507548,2013022264,6,67,67301,2013,1,5,945,9,1,1,0,5,1, , ,N,2,0,0,3,0,0,2,2,N,N,39 57:13.136,75 09:10.943,957, ,949,2,1,2,N, ,0,N, , , , , , , , ,2,2,0,0,0,0,0,0,0,0,0,0,0,0,0,0,0,0,0,0,0,0,0,0,0,0,0,0,0,0,0,0,0,0,0,0,0,39.9536,-75.153, , 
43829,507564,2013035084,6,67,67301,2013,3,7,1206,12,1,1,0,4,1, , ,N,2,3,0,3,0,1,3,2,N,N,40 02:27.826,75 02:29.849,1215, ,1207,1,2,5,N, ,3,N, , , , , , , , ,2,0,1,0,0,0,1,0,0,0,0,0,1,1,0,0,0,0,0,0,0,1,0,0,0,0,0,0,0,0,0,0,0,0,0,8,0,40.0411,-75.0416, , 
43830,507570,2013037422,6,67,67301,2013,3,6,1214,12,1,1,0,1,1, , ,N,1,2,0,3,0,2,2,2,N,N,39 54:42.724,75 10:21.917,1216, ,1215, ,0, ,N, ,3, , , , , , , , , ,2,1,0,0,1,0,0,0,0,0,1,1,2,0,0,0,0,0,0,0,0,0,0,0,0,0,0,0,0,0,0,0,0,0,0,3,0,39.9119,-75.1728, , 
43831,507637,2013022785,6,67,67301,2013,2,3,705,7,1,1,0,7,3, , ,N,0,0,0,3,0,0,1,1,N,N,39 55:01.212,75 08:51.865,724, ,708,1,1,2,N, ,0,N, , , , , , , , ,1,1,0,0,0,0,0,0,0,0,0,0,0,0,0,0,0,0,0,0,1,0,0,0,0,0,0,0,0,0,0,0,0,0,0,0,0,39.9171,-75.1478, , 
43832,507644,2013032463,6,46,46104,2013,2,2,25,0,3,1,0,4,1, , ,N,1,2,0,3,0,0,2,2,N,N,40 00:14.091,75 13:14.544,108, ,59,3,1,1, , ,3,N, , , , , , , , ,2,2,0,0,0,0,0,0,0,0,0,0,0,0,0,0,0,0,0,0,0,0,0,0,0,0,0,0,0,0,0,0,0,0,0,0,0,40.0039,-75.2207, , 
43833,507649,2013035606,6,67,67301,2013,3,7,1349,13,1,1,0,4,1, , ,N,1,2,0,3,0,1,4,2,N,N,40 01:38.505,75 05:56.834,1400, ,1355,2,1,1,N, ,3,N, , , , , , , , ,2,1,0,0,0,0,1,0,0,0,1,0,1,0,0,0,0,0,0,0,1,1,0,0,0,0,0,0,0,0,0,0,0,0,0,3,0,40.0274,-75.0991, , 
43834,507698,2013041305,6,67,67301,2013,3,7,2012,20,3,1,0,4,1, , ,N,1,3,0,3,0,0,3,2,N,N,39 57:36.482,75 12:19.195,2024, ,2024, ,0, ,N, ,3, , , , , , , , , ,2,1,0,0,1,0,0,0,0,0,0,0,0,0,1,0,0,0,0,0,1,0,0,0,0,0,0,0,0,0,0,0,0,0,0,9,0,39.9601,-75.2053, , 
43835,507703,2013046415,6,67,67301,2013,4,4,1720,17,1,1,0,8,6, , ,N,0,0,0,3,0,1,2,2,N,N,39 55:42.553,75 10:32.664,1745, ,1740, ,0, ,N, ,0, , , , , , , , , ,1,1,0,0,0,0,0,0,0,0,0,0,1,1,0,0,0,0,0,0,0,0,0,0,0,0,0,0,0,0,0,0,1,0,0,8,0,39.9285,-75.1757, , 
43836,507707,2013050193,6,67,67301,2013,4,3,1200,12,1,1,0,8,1, , ,N,0,0,0,3,0,1,2,2,N,N,39 56:58.444,75 09:57.807,1540, ,1530, ,0, ,N, ,0, , , , , , , , , ,1,1,0,0,0,0,0,0,0,0,0,0,1,1,0,0,0,0,0,0,0,0,0,0,0,0,0,0,0,0,0,0,1,0,0,8,0,39.9496,-75.1661, , 
43837,507708,2013050199,6,67,67301,2013,4,7,2130,21,3,1,0,7,2, , ,N,0,0,0,3,0,0,1,1,N,N,39 59:43.224,75 09:50.691,2135, ,2133, ,0, ,N, ,0, , , , , , , , , ,1,0,0,0,1,0,0,0,0,0,0,0,0,0,0,0,0,0,0,0,0,0,0,0,0,0,0,0,0,0,0,0,0,0,0,0,0,39.9953,-75.1641, , 
43838,501444,2014118306,6,67,67301,2014,11,4,1736,17,3,1,0,1,1, , ,N,0,0,0,3,0,3,4,3,N,N,39 55:45.821,75 11:51.224,1844, ,1745, ,0, ,N, ,0, , , , , , , , , ,3,3,0,0,0,0,0,0,0,0,2,1,3,0,0,0,0,0,0,0,0,1,0,0,0,0,0,0,0,0,0,0,0,0,0,3,0,39.9294,-75.1976, , 
43839,501445,2014120323,6,67,67301,2014,11,7,1015,10,1,1,0,1,1, , ,N,2,2,0,3,0,1,3,2,N,N,40 00:00.100,75 13:17.248,1030, ,1020, ,0, ,N, ,3, , , , , , , , , ,2,1,0,0,1,0,0,0,0,0,0,0,1,1,0,0,0,0,0,0,0,0,1,1,0,0,0,0,0,0,0,0,0,0,0,8,0,40,-75.2215, , 
43840,501450,2014122490,6,67,67301,2014,11,1,2300,23,3,1,0,1,1, , ,N,2,0,0,3,0,1,4,2,N,N,40 01:08.324,75 03:08.584,2315, ,2311, ,0, ,N, ,0, , , , , , , , , ,2,2,0,0,0,0,0,0,0,0,0,1,1,0,0,0,0,0,0,0,0,0,0,0,0,0,0,0,0,0,0,0,0,0,0,4,0,40.019,-75.0524, , 
43841,501451,2014122496,6,67,67301,2014,11,4,836,8,1,1,0,6,1, , ,N,2,0,0,3,0,1,2,2,N,Y,39 59:40.081,75 06:54.633,849, ,848, ,0, ,N, ,0, , , , , , , , , ,1,1,0,0,0,0,0,0,1,0,1,0,1,0,0,0,0,0,0,0,0,0,0,0,0,0,0,0,0,0,0,0,0,0,0,3,0,39.9945,-75.1152, , 
43842,501456,2015006052,6,67,67301,2014,12,6,138,1,3,1,0,5,6, , ,N,0,0,0,3,0,1,2,4,N,N,39 57:18.989,75 12:42.685,145, ,141, ,0, ,N, ,0, , , , , , , , , ,3,3,0,0,0,0,0,0,0,0,1,0,1,0,0,0,0,0,0,0,0,0,0,0,0,0,0,0,0,0,0,0,0,0,0,3,0,39.9553,-75.2119, , 
43843,501465,2014122446,6,67,67301,2014,11,1,1445,14,1,1,0,8,4, , ,N,0,0,0,3,0,2,2,3,N,N,40 01:19.426,75 04:39.615,1455, ,1450, ,0, ,N, ,0, , , , , , , , , ,1,1,0,0,0,0,0,0,0,0,0,2,2,0,0,0,0,0,0,0,0,0,0,0,0,0,0,0,0,0,0,0,1,0,0,4,0,40.0221,-75.0777, , 
43844,501492,2014120848,6,67,67301,2014,10,7,9999,99,3,1,0,5,1, , ,N,0,0,0,3,0,0,2,2,N,N,40 04:49.603,75 01:43.306,9999, ,9999, ,0, ,N, ,0, , , , , , , , , ,2,2,0,0,0,0,0,0,0,0,0,0,0,0,0,0,0,0,0,0,1,0,0,0,0,0,0,0,0,0,0,0,0,0,0,0,0,40.0804,-75.0287, , 
43845,501495,2014122027,6,67,67301,2014,11,2,1243,12,1,1,0,4,1, , ,N,1,2,0,3,0,1,3,3,N,N,40 01:40.095,75 05:55.134,1245, ,1243,9,1,2,N, ,3,N, , , , , , , , ,3,1,0,0,1,0,0,1,0,0,0,1,1,0,0,0,0,0,0,0,0,0,0,0,0,0,0,0,0,0,0,0,0,0,0,4,0,40.0277,-75.0988, , 
43846,501501,2014125015,6,67,67301,2014,11,1,123,1,3,1,0,5,1, , ,N,0,0,0,3,0,0,2,2,N,N,39 54:54.252,75 10:36.219,123, ,123, ,0, , , ,0, , , , , , , , , ,2,1,0,0,0,0,0,1,0,0,0,0,0,0,0,0,0,0,0,0,0,0,0,2,0,0,0,0,0,0,0,0,0,0,0,0,0,39.9151,-75.1767, , 
43847,501515,2014110384,6,67,67301,2014,10,6,1820,18,4,1,0,8,1, , ,N,2,3,0,3,0,1,2,2,N,N,39 55:48.957,75 13:19.160,1826, ,1825, ,0, ,N, ,3, , , , , , , , , ,1,1,0,0,0,0,0,0,0,0,0,0,1,1,0,0,0,0,0,0,1,0,0,0,0,0,0,0,0,0,0,0,1,0,0,8,0,39.9303,-75.222, , 
43848,501518,2014112767,6,67,67301,2014,10,2,113,1,3,1,0,8,1, , ,N,1,2,0,3,0,1,2,2,N,N,40 02:21.930,75 04:38.559,117, ,116, ,0, ,N, ,3, , , , , , , , , ,1,0,0,0,0,0,0,0,0,0,1,0,1,0,0,0,0,0,0,0,0,0,0,0,0,0,0,0,0,0,0,0,1,0,0,3,0,40.0394,-75.0774, , 
43849,501520,2014113275,6,67,67301,2014,10,5,1442,14,1,1,0,1,1, , ,N,3,3,0,3,0,1,2,2,N, ,40 03:43.175,75 05:00.400,1545, ,1542, ,0, , , ,3, , , , , , , , , ,2,1,0,0,1,0,0,0,0,0,0,0,1,1,0,0,0,0,0,0,0,0,0,0,0,0,0,0,0,0,0,0,0,0,0,8,0,40.062,-75.0834, , 
43850,501521,2014113283,6,67,67301,2014,11,3,1830,18,3,1,0,1,1, , ,N,0,0,0,3,0,1,4,3,N, ,40 02:33.556,75 03:46.076,1835, ,1831, ,0, , , ,0, , , , , , , , , ,3,3,0,0,0,0,0,0,0,0,0,1,1,0,0,0,0,0,1,0,0,0,0,0,0,0,0,0,0,0,0,0,0,0,0,4,0,40.0427,-75.0628, , 
43851,501530,2014116603,6,67,67301,2014,11,4,850,8,1,1,0,1,1, , ,N,0,0,0,3,0,0,2,2,N,N,39 57:28.670,75 09:45.192,917, ,850, ,0, ,N, ,0, , , , , , , , , ,2,1,0,0,0,0,0,1,0,0,0,0,0,0,1,0,0,0,0,0,0,0,0,0,0,0,0,0,0,0,0,0,0,0,0,9,0,39.958,-75.1626, , 
43852,501543,2014127547,6,67,67301,2014,12,6,1919,19,3,2,1,4,1, , ,N,1,3,0,3,0,1,2,2,N, ,39 56:35.646,75 10:38.553,1930, ,1927, ,0, , , ,3, , , , , , , , , ,2,1,0,0,0,0,1,0,0,0,0,0,1,1,0,0,0,0,0,0,0,0,0,0,0,0,0,0,0,0,0,0,0,0,0,8,0,39.9432,-75.1774, , 
43853,501546,2015001660,6,67,67301,2014,12,4,2330,23,3,1,0,7,4, , ,N,0,0,0,3,0,0,3,1,N,N,40 00:05.233,75 11:41.866,2335, ,2332,1,1,3,N, ,0,N, , , , , , , , ,1,0,0,0,0,0,1,0,0,0,0,0,0,0,0,0,0,0,0,0,0,0,0,0,0,0,0,0,0,0,0,0,0,0,0,0,0,40.0015,-75.195, , 
43854,501560,2014130452,6,67,67301,2014,12,4,1730,17,3,1,0,8,1, , ,N,0,0,0,3,0,1,2,2,N,N,39 59:03.228,75 13:49.224,2005, ,1945, ,0, ,N, ,0, , , , , , , , , ,1,1,0,0,0,0,0,0,0,0,1,0,1,0,1,0,0,0,0,0,0,0,0,0,0,0,0,0,0,0,0,0,1,0,0,3,0,39.9842,-75.2303, , 
43855,501572,2014093531,6,67,67301,2014,9,3,1700,17,1,1,0,5,1, , ,N,1,2,0,3,0,1,3,2,N,N,39 58:30.302,75 11:42.002,1800, ,1800, ,0, ,N, ,3, , , , , , , , , ,2,2,0,0,0,0,0,0,0,0,0,0,1,1,0,0,0,0,0,0,0,0,0,0,0,0,0,0,0,0,0,0,0,0,0,8,0,39.9751,-75.195, , 
43856,501577,2014095919,6,67,67301,2014,9,1,2025,20,3,1,0,6,1, , ,N,0,0,0,3,0,1,2,2,N,N,39 54:34.811,75 09:03.854,2033, ,2032, ,0, ,N, ,0, , , , , , , , , ,2,1,0,0,0,0,0,1,0,0,0,1,1,0,0,0,0,0,0,0,0,0,0,0,0,0,0,0,0,0,0,0,0,0,0,4,0,39.9097,-75.1511, , 
43857,504009,2015002692,6,67,67301,2014,8,2,302,3,3,1,0,7,4, , ,N,0,0,0,3,0,1,1,1,N,N,40 07:53.772,75 00:41.614,307, ,306, ,0, ,N, ,0, , , , , , , , , ,1,0,1,0,0,0,0,0,0,1,0,0,1,0,0,0,0,0,0,0,0,0,0,0,0,0,0,0,0,1,0,0,0,0,0,2,0,40.1316,-75.0116, , 
43858,504011,2015006670,6,67,67301,2014,12,4,920,9,1,2,1,4,1, , ,N,1,2,0,3,0,1,4,2,N,N,40 01:34.401,75 07:02.499,930, ,923,1,1,1,N, ,3,N, , , , , , , , ,1,0,0,0,0,0,1,0,1,0,1,0,1,0,0,0,0,0,0,0,1,0,0,0,0,0,0,0,0,0,0,0,0,0,0,3,0,40.0262,-75.1174, , 
43859,504036,2015006605,6,67,67301,2014,12,6,127,1,3,1,0,4,1, , ,N,1,2,0,3,0,1,6,2,N, ,39 59:17.883,75 15:14.303,134, ,131, ,0, , , ,2, , , , , , , , , ,2,2,0,0,0,0,0,0,0,0,0,1,1,0,4,0,0,0,0,0,0,0,0,1,0,0,0,0,0,0,0,0,0,0,0,4,0,39.9883,-75.254, , 
43860,504046,2014103590,6,67,67301,2014,10,3,1729,17,1,1,0,5,1, , ,N,2,2,0,3,0,1,25,2,Y,N,39 58:54.128,75 09:25.715,1732, ,1730,2,1,2,N, ,3,Y, , , , , , , , ,2,0,0,1,0,1,0,0,0,0,0,1,1,0,0,0,0,0,0,0,0,0,0,1,0,0,0,0,0,0,0,0,0,0,0,4,1,39.9817,-75.1571, , 
43861,504049,2014106785,6,67,67301,2014,10,7,2330,23,3,1,0,4,1, , ,N,1,2,0,3,0,2,2,2,N,N,40 00:31.034,75 04:07.810,24, ,16, ,0, , , ,3, , , , , , , , , ,2,2,0,0,0,0,0,0,0,0,0,2,2,0,0,0,0,0,0,0,0,0,0,0,0,0,0,0,0,0,0,0,0,0,0,4,0,40.0086,-75.0688, , 
43862,504063,2014117617,6,67,67301,2014,11,2,1705,17,1,1,0,4,1, , ,N,1,2,0,3,0,1,4,3,N,N,40 02:08.080,75 07:25.889,1712, ,1710, ,0, ,N, ,3, , , , , , , , , ,3,2,0,0,0,0,1,0,0,0,0,1,1,0,0,0,0,0,0,0,1,0,0,0,0,0,0,0,0,0,0,0,0,0,0,4,0,40.0356,-75.1239, , 
43863,504065,2014118747,6,67,67301,2014,10,6,1527,15,1,1,0,2,1, , ,N,0,0,0,3,0,1,1,2,N,N,40 03:12.494,75 03:54.139,1529, ,1528,3,1,6,N, ,0,Y, , , , , , , , ,2,1,0,0,0,0,1,0,0,1,0,0,1,0,0,0,0,0,0,0,0,1,0,0,0,0,0,0,0,0,0,0,0,0,0,2,0,40.0535,-75.065, , 
43864,504086,2014130552,6,67,67301,2014,12,5,1630,16,4,1,1,4,1, , ,N,1,3,0,3,0,2,3,2,N,N,40 02:04.164,75 02:53.357,1639, ,1634, ,0, ,N, ,3, , , , , , , , , ,2,2,0,0,0,0,0,0,0,0,0,2,2,0,0,0,0,0,0,0,0,0,0,0,0,0,0,0,0,0,0,0,0,0,0,4,0,40.0345,-75.0482, , 
43865,504091,2015009586,6,67,67301,2014,12,7,231,2,3,1,0,5,1, , ,N,0,0,0,3,0,0,1,4,N,N,39 55:09.581,75 09:57.166,239, ,233, ,0, , , ,0, , , , , , , , , ,4,0,0,0,0,0,4,0,0,0,0,0,0,0,1,0,0,0,0,0,0,0,0,0,0,0,0,0,0,0,0,0,0,0,0,9,0,39.9193,-75.1659, , 
43866,504109,2014125010,6,67,67301,2014,11,1,1020,10,1,1,0,4,1, , ,N,1,2,0,3,0,1,5,2,N,N,39 58:01.765,75 09:55.285,1035, ,1023, ,0, ,N, ,3, , , , , , , , , ,2,2,0,0,0,0,0,0,0,0,0,1,1,0,0,0,0,0,0,1,0,0,0,0,0,0,0,0,0,0,0,0,0,0,0,4,0,39.9672,-75.1654, , 
43867,504110,2014125041,6,67,67301,2014,11,2,1453,14,1,1,0,4,1, , ,N,1,3,0,3,0,1,3,2,N,N,40 03:08.305,75 12:05.257,1535, ,1528, ,0, ,N, ,3, , , , , , , , , ,2,1,0,0,0,0,1,0,0,0,0,0,1,1,0,0,1,0,0,0,0,1,0,0,0,0,0,0,0,0,0,0,0,0,0,8,0,40.0523,-75.2015, , 
43868,504125,2015009584,6,67,67301,2014,12,4,1139,11,1,1,0,8,1, , ,N,1,2,0,3,0,1,2,2,N,N,39 58:02.632,75 10:43.087,1145, ,1140, ,0, , , ,3, , , , , , , , , ,1,0,0,0,0,1,0,0,0,0,0,1,1,0,0,0,0,0,0,0,1,0,0,0,0,0,0,0,0,0,0,0,1,0,0,4,1,39.9674,-75.1786, , 
43869,504138,2014104088,6,67,67301,2014,10,3,2125,21,3,2,1,1,1, , ,N,0,0,0,3,0,2,2,2,N,N,40 02:59.316,74 59:39.827,2125, ,2125,1,1,2,N, ,0,N, , , , , , , , ,2,2,0,0,0,0,0,0,0,0,1,1,2,0,0,0,0,0,0,0,2,0,0,0,0,0,0,0,0,0,0,0,0,0,0,3,0,40.0498,-74.9944, , 
43870,504147,2014121470,6,67,67301,2014,11,5,356,3,3,1,0,7,4, , ,N,0,0,0,3,0,0,1,1,N, ,40 02:38.615,75 03:15.653,401, ,357, ,0, , , ,0, , , , , , , , , ,1,1,0,0,0,0,0,0,0,0,0,0,0,0,0,0,0,0,0,0,0,0,0,0,0,0,0,0,0,0,0,0,0,0,0,0,0,40.0441,-75.0543, , 
43871,504159,2015003341,6,67,67301,2014,12,6,1435,14,1,1,0,4,1, , ,N,0,0,7,3,0,2,4,2,N,N,40 07:53.738,75 00:47.562,1520, ,1511, ,0, ,N, ,0, , , , , , , , , ,2,0,0,0,1,0,1,0,0,0,0,0,2,2,0,0,0,0,0,0,0,0,0,0,0,0,0,0,0,0,0,0,0,0,0,8,0,40.1316,-75.0132, , 
43872,504161,2015030461,6,67,67301,2014,11,2,1600,16,1,2,1,1,1, , ,N,1,2,0,3,0,2,4,3,N,N,40 02:54.566,75 05:37.204,0, ,0, ,0, ,N, ,3, , , , , , , , , ,3,1,0,0,0,0,1,0,0,0,0,0,2,2,0,0,0,0,0,0,0,0,0,0,0,0,0,0,0,0,0,0,0,0,0,8,0,40.0485,-75.0937, , 
43873,504196,2014113421,6,67,67301,2014,11,7,138,1,3,1,0,8,1, , ,N,1,2,0,3,0,1,2,2,N,N,39 57:53.251,75 12:26.287,143, ,139,3,2,7,N, ,3,Y, , , , , , , , ,1,0,0,0,0,0,0,0,0,0,1,0,1,0,1,0,0,0,0,0,0,0,0,0,0,0,0,0,0,0,0,0,1,0,0,3,0,39.9648,-75.2073, , 
43874,504200,2014115192,6,67,67301,2014,10,1,257,2,3,1,0,7,2, , ,N,0,0,2,3,0,2,3,1,N,N,39 57:28.114,75 08:25.402,257, ,257,1,2,1,N, ,0,N, , , , , , , , ,1,1,0,0,0,0,0,0,0,0,0,2,2,0,0,0,0,0,0,0,0,0,0,1,0,0,0,0,0,0,0,0,0,0,0,4,0,39.9578,-75.1404, , 
43875,510830,2013065315,6,67,67301,2013,5,3,1744,17,1,2,1,6,1, , ,N,10,0,0,3,0,0,2,2,N, ,40 01:55.830,75 05:39.433,1815, ,1806, ,0, , , ,0, , , , , , , , , ,2,0,0,0,1,0,0,1,0,0,0,0,0,0,0,0,0,0,0,0,0,0,1,0,0,0,0,0,0,0,0,0,0,0,0,0,0,40.0322,-75.0943, , 
43876,510833,2013070166,6,67,67301,2013,6,3,1737,17,1,1,0,4,1, , ,N,2,3,0,3,0,0,3,2,N,N,39 57:18.680,75 13:14.991,1802, ,1751, ,0, , , ,3, , , , , , , , , ,2,1,0,0,1,0,0,0,0,0,0,0,0,0,0,0,0,0,0,0,0,0,0,0,0,0,0,0,0,0,0,0,0,0,0,0,0,39.9552,-75.2208, , 
43877,510834,2013070536,6,67,67301,2013,6,6,1328,13,1,1,0,4,1, , ,N,1,2,0,3,0,2,4,2,N,N,39 53:56.856,75 10:29.425,1330, ,1330, ,0, ,N, ,3, , , , , , , , , ,2,1,1,0,0,0,0,0,0,0,1,1,2,0,0,0,0,0,0,0,0,0,0,0,0,0,0,0,0,0,0,0,0,0,0,3,0,39.899,-75.1749, , 
43878,510865,2013034607,6,67,67301,2013,2,2,1500,15,1,1,0,4,1, , ,N,0,0,0,3,0,0,1,2,N,N,40 04:02.425,75 01:49.552,1700, ,1642, ,0, ,N, ,0, , , , , , , , , ,2,1,0,0,0,0,0,0,0,0,0,0,0,0,1,0,0,0,0,0,0,0,0,0,0,0,0,0,0,0,0,0,0,0,0,9,0,40.0673,-75.0304, , 
43879,510912,2013037099,6,67,67301,2013,3,7,414,4,3,1,0,5,1,1,4,Y,0,0,0,3,0,0,2,2,N,N,39 58:13.321,75 07:31.518,448,45,414,1,2,2,N, ,0,Y,N,N,N,N,N,N,N,Y,2,1,0,0,0,1,0,0,0,0,0,0,0,0,0,0,0,0,0,0,0,0,0,0,0,0,0,0,0,0,0,0,0,0,0,0,1,39.9704,-75.1254, , 
43880,510922,2013047259,6,67,67301,2013,4,4,1246,12,1,1,0,4,1, , ,N,1,3,0,3,0,1,2,2,N,N,39 59:18.528,75 13:52.978,1258, ,1256, ,0, ,N, ,3, , , , , , , , , ,2,1,0,0,0,0,0,1,0,0,0,1,1,0,0,0,0,0,0,0,0,1,0,0,0,0,0,0,0,0,0,0,0,0,0,4,0,39.9885,-75.2314, , 
43881,510929,2013050339,6,67,67301,2013,4,7,1950,19,1,1,0,4,1, , ,N,1,3,0,3,0,1,2,2,N,N,40 00:54.118,75 05:36.430,9999, ,9999, ,0, , , ,3, , , , , , , , , ,1,1,0,0,0,0,0,0,1,0,0,1,1,0,0,0,0,0,0,0,0,0,0,0,0,0,0,0,0,0,0,0,0,0,0,4,0,40.015,-75.0935, , 
43882,510937,2013009123,6,67,67301,2013,1,4,626,6,3,2,1,1,1, , ,N,0,0,0,3,0,0,2,2,N,N,39 56:41.530,75 11:27.834,655, ,643,1,1,3,N, ,0,N, , , , , , , , ,2,1,0,0,0,0,1,0,0,0,0,0,0,0,0,0,0,0,0,0,0,0,0,0,0,0,0,0,0,0,0,0,0,0,0,0,0,39.9449,-75.1911, , 
43883,510949,2013026978,6,67,67301,2013,2,4,845,8,1,1,0,5,1, , ,N,0,0,0,3,0,0,2,2,N, ,39 54:36.126,75 14:32.735,847, ,845, ,0, , , ,0, , , , , , , , , ,2,0,0,0,0,0,1,0,0,0,0,0,0,0,0,0,0,0,0,0,0,0,0,0,0,0,0,0,0,0,0,0,0,0,0,0,0,39.91,-75.2424, , 
43884,510962,2013035617,6,67,67301,2013,3,4,2215,22,3,2,1,1,1, , ,N,1,2,0,3,0,2,3,2,N,N,39 56:42.547,75 08:31.306,2305, ,2300,2,1,2,N, ,3,N, , , , , , , , ,2,2,0,0,0,0,0,0,0,0,0,2,2,0,0,0,0,0,0,0,0,0,0,0,0,0,0,0,0,0,0,0,0,0,0,4,0,39.9452,-75.1418, , 
43885,510972,2013043763,6,67,67301,2013,3,7,1105,11,1,1,0,4,1, , ,N,1,2,0,3,0,0,4,2,N,N,40 05:49.711,75 01:05.375,1113, ,1110,1,1,4,N, ,3,N, , , , , , , , ,2,2,0,0,0,0,0,0,0,0,0,0,0,0,0,0,0,0,0,0,1,0,0,0,0,0,0,0,0,0,0,0,0,0,0,0,0,40.0971,-75.0182, , 
43886,510979,2013055387,6,67,67301,2013,5,4,1230,12,1,8,1,1,1, , ,N,1,2,0,3,0,0,3,2,N, ,40 08:03.425,75 00:32.780,1252, ,1238, ,0, , , ,3, , , , , , , , , ,2,2,0,0,0,0,0,0,0,0,0,0,0,0,0,0,0,0,1,0,0,0,1,0,0,0,0,0,0,0,0,0,0,0,0,0,0,40.1343,-75.0091, , 
43887,510980,2013055456,6,67,67301,2013,4,2,2232,22,3,1,0,4,1, , ,N,1,2,0,3,0,1,3,2,N, ,39 58:11.253,75 08:29.393,2315, ,2309, ,0, , , ,3, , , , , , , , , ,2,2,0,0,0,0,0,0,0,0,0,0,1,1,0,0,0,0,0,0,1,0,0,0,0,0,0,0,0,0,0,0,0,0,0,8,0,39.9697,-75.1416, , 
43888,510987,2013009130,6,67,67301,2013,1,6,1702,17,4,1,0,1,1,1,4,Y,0,0,3,3,0,1,3,3,N,N,39 53:34.541,75 11:48.425,1734,55,1708,2,2,1,N, ,0,N,N,N,N,N,Y,N,N,N,3,2,0,0,0,0,1,0,0,0,0,0,1,1,0,0,0,0,0,0,1,0,0,0,0,0,0,0,0,0,0,0,0,0,0,8,0,39.8929,-75.1968, , 
43889,510992,2013012077,6,67,67301,2013,1,3,1919,19,3,1,0,4,1, , ,N,2,0,0,3,0,1,1,2,N, ,40 02:29.338,75 05:16.364,1921, ,1920, ,0, , , ,0, , , , , , , , , ,2,1,0,0,0,1,0,0,0,0,0,1,1,0,0,0,0,0,0,0,0,0,0,0,0,0,0,0,0,0,0,0,0,0,0,4,1,40.0415,-75.0879, , 
43890,510993,2013016194,6,67,67301,2013,1,2,2049,20,3,2,1,2,1, , ,N,1,0,0,3,0,1,2,2,N,N,40 03:01.444,74 59:59.580,2052, ,2050, ,0, , , ,0, , , , , , , , , ,2,2,0,0,0,0,0,0,0,0,0,1,1,0,0,0,0,1,0,0,0,0,0,0,0,0,0,0,0,0,0,0,0,0,0,4,0,40.0504,-74.9999, , 
43891,511011,2013037380,6,67,67301,2013,3,7,1110,11,1,4,1,4,1, , ,N,1,2,0,3,0,2,3,2,N,N,40 05:41.192,75 03:02.752,1125, ,1120,1,1,1,N, ,3,Y, , , , , , , , ,2,2,0,0,0,0,0,0,0,0,0,2,2,0,0,0,0,0,0,0,0,0,0,0,0,0,0,0,0,0,0,0,0,0,0,4,0,40.0948,-75.0508, , 
43892,511016,2013047346,6,67,67301,2013,4,3,440,4,3,1,0,7,3, , ,N,1,2,0,3,0,0,1,1,N,N,39 58:30.302,75 11:42.002,500, ,451, ,0, ,N, ,3, , , , , , , , , ,1,0,0,0,0,0,1,0,0,0,0,0,0,0,0,0,0,0,0,0,1,0,0,0,0,0,0,0,0,0,0,0,0,0,0,0,0,39.9751,-75.195, , 
43893,507715,2013053067,6,67,67301,2013,4,2,1330,13,1,1,0,8,2, , ,N,0,0,0,3,0,1,2,2,N, ,39 58:43.723,75 08:44.710,1650, ,1632, ,0, , , ,0, , , , , , , , , ,1,0,0,0,0,0,0,1,0,0,0,1,1,0,0,0,0,0,0,0,0,0,0,0,0,0,0,0,0,0,0,0,1,0,0,4,0,39.9788,-75.1458, , 
43894,507732,2013016277,6,67,67301,2013,1,6,1718,17,4,1,0,4,1, , ,N,2,3,0,3,0,5,11,9,N,N,40 00:25.851,75 08:52.483,1725, ,1719, ,0, ,N, ,3, , , , , , , , , ,9,7,0,0,1,0,1,0,0,0,0,0,2,2,0,0,0,0,0,0,2,0,1,0,0,0,0,0,0,0,0,0,0,0,0,8,0,40.0072,-75.1479, , 