objectid_1,objectid,crn,district,county,municipality,crash_year,crash_month,day_of_week,time_of_day,hour_of_day,illumination,weather,road_condition,collision_type,relation_to_road,work_zone_type,work_zone_loc,work_zone_ind,intersect_type,tcd_type,location_type,urban_rural,fatal_count,injury_count,person_count,total_units,sch_bus_ind,sch_zone_ind,latitude,longitude,arrival_tm,cons_zone_spd_lim,dispatch_tm,est_hrs_closed,lane_closed,ln_close_dir,ntfy_hiwy_maint,spec_juris_cd,tcd_func_cd,tfc_detour_ind,workers_pres,wz_close_detour,wz_flagger,wz_law_offcr_ind,wz_ln_closure,wz_moving,wz_other,wz_shlder_mdn,vehicle_count,automobile_count,motorcycle_count,bus_count,small_truck_count,heavy_truck_count,suv_count,van_count,bicycle_count,maj_inj_count,mod_inj_count,min_inj_count,tot_inj_count,unk_inj_deg_count,unk_inj_per_count,driver_count_16yr,driver_count_17yr,driver_count_18yr,driver_count_19yr,driver_count_20yr,driver_count_50_64yr,driver_count_65_74yr,driver_count_75plus,unbelted_occ_count,unb_death_count,unb_maj_inj_count,belted_death_count,belted_maj_inj_count,mcycle_death_count,mcycle_maj_inj_count,bicycle_death_count,bicycle_maj_inj_count,ped_count,ped_death_count,ped_maj_inj_count,max_severity_level,comm_veh_count,dec_lat,dec_long,rdwy_surf_type_cd,county_name
43895,507752,2013038689,6,67,67301,2013,4,5,811,8,1,1,0,1,1, , ,N,0,0,0,3,0,0,3,3,N,N,39 57:35.913,75 10:42.945,847, ,813, ,0, ,N, ,0, , , , , , , , , ,3,3,0,0,0,0,0,0,0,0,0,0,0,0,1,0,0,0,0,0,1,0,0,0,0,0,0,0,0,0,0,0,0,0,0,9,0,39.96,-75.1786, , 
43896,507757,2013046298,6,67,67301,2013,4,3,1500,15,1,1,0,4,1, , ,N,2,0,0,3,0,2,4,3,N,N,39 57:03.164,75 14:57.197,1605, ,1600, ,0, , , ,0, , , , , , , , , ,3,3,0,0,0,0,0,0,0,0,0,2,2,0,0,0,0,0,0,0,1,0,1,0,0,0,0,0,0,0,0,0,0,0,0,4,0,39.9509,-75.2492, , 
43897,507760,2013047820,6,67,67301,2013,4,4,1303,13,1,1,0,1,1, , ,N,1,2,0,3,0,1,2,2,N,N,39 57:01.633,75 13:36.684,1310, ,1303, ,0, ,N, ,3, , , , , , , , , ,2,2,0,0,0,0,0,0,0,0,0,0,1,1,0,0,0,0,0,0,0,0,0,0,0,0,0,0,0,0,0,0,0,0,0,8,0,39.9505,-75.2269, , 
43898,507793,2013035012,6,67,67301,2013,3,1,1853,18,3,1,0,7,4, , ,N,10,0,0,3,0,0,3,1,N, ,39 53:32.197,75 14:45.013,2032, ,1916, ,0, , , ,0, , , , , , , , , ,1,1,0,0,0,0,0,0,0,0,0,0,0,0,0,0,0,0,0,0,0,0,0,0,0,0,0,0,0,0,0,0,0,0,0,0,0,39.8923,-75.2458, , 
43899,507806,2013047823,6,67,67301,2013,4,1,1430,14,1,1,0,6,1, , ,N,2,3,0,3,0,1,5,2,N,N,40 00:01.220,75 08:36.387,1524, ,1458, ,0, , , ,3, , , , , , , , , ,2,1,0,0,0,0,0,0,0,0,0,1,1,0,0,0,0,0,0,0,0,0,0,0,0,0,0,0,0,0,0,0,0,0,0,4,0,40.0003,-75.1434, , 
43900,507828,2013024989,6,67,67301,2013,2,3,1505,15,1,2,1,8,1, , ,N,1,3,0,3,0,1,2,2,N,N,40 02:45.747,75 03:55.065,1632, ,1625, ,0, ,N, ,3, , , , , , , , , ,1,1,0,0,0,0,0,0,0,0,0,0,1,1,0,0,0,0,0,0,0,0,0,0,0,0,0,0,0,0,0,0,1,0,0,8,0,40.046,-75.0653, , 
43901,507833,2013029691,6,67,67301,2013,2,7,945,9,1,1,0,4,1, , ,N,1,2,0,3,0,1,2,2,N,N,40 02:12.848,75 08:02.883,950, ,947, ,0, ,N, ,3, , , , , , , , , ,2,0,0,0,2,0,0,0,0,0,0,1,1,0,0,0,0,0,0,0,0,0,0,1,0,0,0,0,0,0,0,0,0,0,0,4,0,40.0369,-75.1341, , 
43902,507834,2013029805,6,67,67301,2013,2,6,1625,16,1,1,0,6,1, , ,N,1,0,0,3,0,1,2,2,N,N,39 58:48.399,75 07:32.105,1628, ,1626, ,0, ,N, ,0, , , , , , , , , ,2,1,0,0,0,0,1,0,0,0,0,1,1,0,0,0,0,0,0,0,0,0,0,0,0,0,0,0,0,0,0,0,0,0,0,4,0,39.9801,-75.1256, , 
43903,507893,2013035112,6,67,67301,2013,3,3,9999,99,3,1,0,4,1, , ,N,0,0,0,3,0,1,2,2,N,Y,40 03:19.565,75 00:30.524,9999, ,1809,2,1,3,N, ,0,N, , , , , , , , ,2,2,0,0,0,0,0,0,0,0,0,1,1,0,0,0,0,0,0,0,1,0,0,0,0,0,0,0,0,0,0,0,0,0,0,4,0,40.0554,-75.0085, , 
43904,507894,2013035130,6,67,67301,2013,3,6,1727,17,1,1,0,8,1, , ,N,1,2,0,3,0,1,2,2,N,N,40 02:12.142,75 02:27.052,1729, ,1728, ,0, ,N, ,3, , , , , , , , , ,1,1,0,0,0,0,0,0,0,0,0,1,1,0,0,0,0,0,0,0,0,0,0,0,0,0,0,0,0,0,0,0,1,0,0,4,0,40.0368,-75.0407, , 
43905,507895,2013035258,6,67,67301,2013,2,3,1310,13,1,1,0,4,1, , ,N,0,0,0,3,0,0,3,2,N, ,39 59:59.150,75 12:36.140,1333, ,1328, ,0, , , ,0, , , , , , , , , ,2,2,0,0,0,0,0,0,0,0,0,0,0,0,1,0,0,0,0,0,1,0,0,0,0,0,0,0,0,0,0,0,0,0,0,9,0,39.9998,-75.21, , 
43906,507899,2013037368,6,67,67301,2013,3,5,1320,13,1,1,0,4,2, , ,N,1,3,0,3,0,0,1,2,N, ,40 02:09.301,75 12:49.283,9999, ,130, ,0, , , ,3, , , , , , , , , ,2,2,0,0,0,0,0,0,0,0,0,0,0,0,0,0,0,0,0,0,0,0,0,0,0,0,0,0,0,0,0,0,0,0,0,0,0,40.0359,-75.2137, , 
43907,507934,2013026944,6,67,67301,2013,2,3,1945,19,3,9,0,8,1, , ,N,1,3,0,3,0,1,2,2,N,N,39 56:08.275,75 13:33.130,1020, ,1014, ,0, ,N, ,3, , , , , , , , , ,1,1,0,0,0,0,0,0,0,0,0,1,1,0,1,0,0,0,0,0,0,0,0,0,0,0,0,0,0,0,0,0,1,0,0,4,0,39.9356,-75.2259, , 
43908,507935,2013028599,6,67,67301,2013,3,7,1039,10,1,1,0,1,1, , ,N,0,0,0,3,0,4,5,3,N,N,40 02:37.008,75 00:10.877,1048, ,1046,2,1,1,N, ,0,N, , , , , , , , ,3,2,0,0,1,0,0,0,0,0,0,0,4,4,0,0,0,0,0,0,0,0,0,0,0,0,0,0,0,0,0,0,0,0,0,8,0,40.0436,-75.003, , 
43909,507939,2013035233,6,67,67301,2013,3,6,135,1,3,1,0,4,1, , ,N,1,2,0,3,0,2,2,8,N,N,39 57:33.040,75 14:36.283,135, ,55, ,0, ,N, ,3, , , , , , , , , ,8,7,0,0,0,0,1,0,0,1,1,0,2,0,0,0,0,0,0,0,1,0,0,1,0,0,0,1,0,0,0,0,0,0,0,2,0,39.9592,-75.2434, , 
43910,507955,2013055437,6,67,67301,2013,5,4,2320,23,3,1,0,1,1, , ,N,0,0,0,3,0,0,3,2,N,N,39 57:24.566,75 08:56.460,2333, ,2331,2,2,2,N, ,0,N, , , , , , , , ,2,1,0,0,0,0,1,0,0,0,0,0,0,0,0,0,0,0,0,0,0,0,0,0,0,0,0,0,0,0,0,0,0,0,0,0,0,39.9568,-75.149, , 
43911,501579,2014099325,6,67,67301,2014,9,1,1652,16,1,1,0,7,2, , ,N,0,0,0,3,0,1,2,1,N,N,39 53:01.944,75 14:40.530,1703, ,1657, ,0, ,N, ,0, , , , , , , , , ,1,1,0,0,0,0,0,0,0,0,0,0,1,1,0,0,0,0,0,0,1,0,0,0,0,0,0,0,0,0,0,0,0,0,0,8,0,39.8839,-75.2446, , 
43912,501580,2014100553,6,67,67301,2014,10,6,2000,20,3,1,0,1,1, , ,N,0,0,0,3,0,0,5,4,N,N,39 59:40.931,75 11:53.606,2000, ,2000,2,2,4,N, ,0,N, , , , , , , , ,4,2,0,0,0,0,2,0,0,0,0,0,0,0,0,0,0,0,0,0,2,0,0,0,0,0,0,0,0,0,0,0,0,0,0,0,0,39.9947,-75.1982, , 
43913,501584,2014103568,6,67,67301,2014,9,7,1909,19,3,1,0,4,1, , ,N,1,2,0,3,0,2,7,4,N,N,39 59:56.925,75 10:12.475,1915, ,1911,3,2,4, , ,3,Y, , , , , , , , ,4,2,0,0,1,0,0,1,0,0,0,2,2,0,0,0,0,0,0,0,0,1,0,0,0,0,0,0,0,0,0,0,0,0,0,4,0,39.9991,-75.1701, , 
43914,501609,2014125103,6,67,67301,2014,11,4,9999,99,1,2,1,5,1, , ,N,0,0,0,3,0,0,2,2,N,N,40 01:33.805,75 11:39.003,1100, ,1055, ,0, ,N, ,0, , , , , , , , , ,2,0,0,0,0,0,2,0,0,0,0,0,0,0,0,0,0,0,0,0,0,0,0,0,0,0,0,0,0,0,0,0,0,0,0,0,0,40.0261,-75.1942, , 
43915,501632,2015006236,6,67,67301,2014,12,4,443,4,3,2,1,0,1, , ,N,0,0,0,3,0,1,1,1,N,N,39 57:36.736,75 10:49.952,453, ,445,3,2,4,Y, ,0,Y, , , , , , , , ,1,0,0,0,0,1,0,0,0,0,0,1,1,0,0,0,0,0,0,0,1,0,0,0,0,0,0,0,0,0,0,0,0,0,0,4,1,39.9602,-75.1805, , 
43916,501661,2014119585,6,67,67301,2014,11,4,1327,13,1,2,1,1,1, , ,N,0,0,0,3,0,0,3,3,Y,N,39 53:55.882,75 10:13.916,1331, ,1329, ,0, ,N, ,0, , , , , , , , , ,3,2,0,1,0,0,0,0,0,0,0,0,0,0,0,0,0,0,0,0,1,0,0,0,0,0,0,0,0,0,0,0,0,0,0,0,1,39.8989,-75.1705, , 
43917,501674,2015001502,6,67,67301,2014,12,6,1815,18,3,1,0,4,1, , ,N,1,2,0,3,0,1,2,2,N, ,40 00:21.442,75 05:35.994,1930, ,9999, ,0, , , ,3, , , , , , , , , ,1,0,0,0,0,0,0,1,1,0,0,0,1,1,0,0,0,0,0,0,0,0,0,0,0,0,0,0,0,0,0,0,0,0,0,8,0,40.006,-75.0933, , 
43918,501677,2014095688,6,67,67301,2014,9,1,2324,23,3,1,0,7,5, , ,N,0,0,0,3,0,0,2,1,N,N,39 59:56.634,75 11:43.185,2324, ,2324,1,1,4,N, ,0,N, , , , , , , , ,1,1,0,0,0,0,0,0,0,0,0,0,0,0,0,0,0,0,0,0,1,0,0,0,0,0,0,0,0,0,0,0,0,0,0,0,0,39.9991,-75.1953, , 
43919,501686,2014101000,6,67,67301,2014,9,2,714,7,1,1,0,1,1, , ,N,6,0,2,3,0,0,2,2,N,N,39 56:55.117,75 11:09.395,727, ,715,2,1,4,N, ,0,N, , , , , , , , ,2,1,0,0,0,0,1,0,0,0,0,0,0,0,0,0,0,0,0,0,0,0,0,0,0,0,0,0,0,0,0,0,0,0,0,0,0,39.9486,-75.1859, , 
43920,501695,2014106669,6,67,67301,2014,10,4,2330,23,3,2,1,4,1, , ,N,1,2,0,3,0,0,2,2,N,N,39 54:38.552,75 09:56.365,2340, ,2334, ,0, ,N, ,3, , , , , , , , , ,2,2,0,0,0,0,0,0,0,0,0,0,0,0,0,0,0,0,0,1,0,0,0,0,0,0,0,0,0,0,0,0,0,0,0,0,0,39.9107,-75.1657, , 
43921,501698,2015088277,6,67,67301,2014,11,6,1630,16,1,1,0,4,1, , ,N,1,2,0,3,0,4,5,2,N,N,40 00:27.502,75 07:38.377,0, ,0, ,0, ,N, ,3, , , , , , , , , ,2,1,0,0,0,0,1,0,0,0,0,0,4,4,0,0,0,0,0,0,1,1,0,0,0,0,0,0,0,0,0,0,0,0,0,8,0,40.0076,-75.1273, , 
43922,501713,2014120876,6,67,67301,2014,11,3,1530,15,1,1,0,1,1, , ,N,0,0,0,3,0,1,2,2,N,N,39 57:41.580,75 12:58.802,1605, ,1600, ,0, ,N, ,0, , , , , , , , , ,2,1,0,0,0,0,0,1,0,0,0,1,1,0,1,0,0,0,0,0,0,1,0,0,0,0,0,0,0,0,0,0,0,0,0,4,0,39.9616,-75.2163, , 
43923,501721,2014130557,6,67,67301,2014,12,5,159,1,3,4,1,7,4, , ,N,0,0,0,3,0,1,1,1,N,N,39 58:52.389,75 11:59.643,209, ,202, ,0, , , ,0, , , , , , , , , ,1,1,0,0,0,0,0,0,0,0,0,1,1,0,0,0,0,0,0,0,0,0,0,0,0,0,0,0,0,0,0,0,0,0,0,4,0,39.9812,-75.1999, , 
43924,501739,2014115572,6,67,67301,2014,11,4,1605,16,4,1,0,5,1, , ,N,0,0,0,3,0,1,4,3,Y,N,39 59:40.297,75 08:50.965,1720, ,1715, ,0, ,N, ,0, , , , , , , , , ,3,1,0,1,0,0,1,0,0,0,0,1,1,0,0,0,0,0,0,0,0,0,0,0,0,0,0,0,0,0,0,0,0,0,0,4,1,39.9945,-75.1475, , 
43925,501745,2014120935,6,67,67301,2014,11,2,9999,99,1,1,0,8,1, , ,N,2,0,0,3,0,1,2,2,N, ,39 55:17.742,75 14:24.338,940, ,940, ,0, , , ,0, , , , , , , , , ,1,0,0,0,0,0,0,0,0,0,0,1,1,0,0,0,0,0,0,0,0,0,0,0,0,0,0,0,0,0,0,0,1,0,0,4,0,39.9216,-75.2401, , 
43926,501746,2014121045,6,67,67301,2014,12,2,1329,13,1,1,0,7,4, , ,N,7,0,2,3,0,1,1,1,N,N,39 56:55.117,75 11:09.395,1410, ,1330,1,1,4,Y, ,0,N, , , , , , , , ,1,1,0,0,0,0,0,0,0,0,0,1,1,0,0,0,0,0,0,0,0,0,0,0,0,0,0,0,0,0,0,0,0,0,0,4,0,39.9486,-75.1859, , 
43927,501758,2015006620,6,67,67301,2014,12,2,2100,21,1,1,0,4,1, , ,N,1,3,0,3,0,1,2,2,N,N,39 56:45.772,75 12:59.363,2110, ,2100, ,0, ,N, ,3, , , , , , , , , ,2,1,0,0,0,0,1,0,0,0,0,0,1,1,0,0,0,0,0,0,1,0,1,1,0,0,0,0,0,0,0,0,0,0,0,8,0,39.946,-75.2165, , 
43928,501759,2015010685,6,67,67301,2014,12,1,754,7,1,1,0,5,6, , ,N,0,0,0,3,0,0,1,4,N, ,39 56:37.176,75 08:58.196,759, ,756, ,0, , , ,0, , , , , , , , , ,4,3,0,0,0,0,1,0,0,0,0,0,0,0,0,0,0,0,0,0,0,0,0,0,0,0,0,0,0,0,0,0,0,0,0,0,0,39.9437,-75.1495, , 
43929,501766,2014119586,6,67,67301,2014,11,4,1327,13,1,4,1,1,1, , ,N,0,0,0,3,0,0,2,2,N,N,39 53:55.414,75 10:13.855,1331, ,1329, ,0, ,N, ,0, , , , , , , , , ,2,2,0,0,0,0,0,0,0,0,0,0,0,0,0,0,0,0,0,0,1,0,0,0,0,0,0,0,0,0,0,0,0,0,0,0,0,39.8987,-75.1705, , 
43930,504219,2014130485,6,67,67301,2014,12,7,1138,11,1,1,0,4,1, , ,N,1,2,0,3,0,1,3,2,N,N,39 57:34.998,75 14:06.748,1145, ,1145, ,0, , , ,3, , , , , , , , , ,2,1,0,0,0,0,0,1,0,0,1,0,1,0,0,0,0,0,0,0,0,0,0,0,0,0,0,0,0,0,0,0,0,0,0,3,0,39.9597,-75.2352, , 
43931,504223,2015002741,6,67,67301,2014,12,7,2330,23,3,2,1,7,1, , ,N,1,2,1,3,0,0,2,2,N,N,39 57:37.020,75 13:36.682,2338, ,2338, ,0, , , ,3, , , , , , , , , ,2,2,0,0,0,0,0,0,0,0,0,0,0,0,0,0,0,0,0,0,0,0,0,0,0,0,0,0,0,0,0,0,0,0,0,0,0,39.9602,-75.2269, , 
43932,504231,2014125169,6,67,67301,2014,11,6,9999,99,8,1,0,8,1, , ,N,5,2,0,3,0,1,2,2,N,N,40 00:17.776,75 10:43.375,9999, ,9999,1,1,3,N, ,3,Y, , , , , , , , ,1,0,0,0,0,0,0,1,0,0,0,0,1,1,1,0,0,0,0,0,1,0,0,0,0,0,0,0,0,0,0,0,1,0,0,8,0,40.0049,-75.1787, , 
43933,504258,2014104535,6,67,67301,2014,9,2,1923,19,3,1,1,2,1, , ,N,0,0,0,3,0,1,3,3,N, ,40 04:51.744,75 13:18.048,2015, ,1959, ,0, , , ,0, , , , , , , , , ,3,3,0,0,0,0,0,0,0,0,0,0,1,1,1,0,0,0,0,0,1,0,0,0,0,0,0,0,0,0,0,0,0,0,0,8,0,40.081,-75.2217, , 
43934,504262,2014106863,6,67,67301,2014,10,4,1011,10,1,1,0,4,1, , ,N,1,3,0,3,0,1,2,2,N, ,39 56:07.213,75 09:42.821,1013, ,1011, ,0, , , ,3, , , , , , , , , ,2,2,0,0,0,0,0,0,0,0,0,1,1,0,0,0,0,0,0,0,1,0,0,0,0,0,0,0,0,0,0,0,0,0,0,4,0,39.9353,-75.1619, , 
43935,504291,2014108616,6,67,67301,2014,10,1,1006,10,1,1,0,1,1, , ,N,0,0,0,3,0,1,3,3,N,N,39 59:15.433,75 12:26.888,1023, ,1006, ,0, ,N, ,0, , , , , , , , , ,3,3,0,0,0,0,0,0,0,0,0,1,1,0,1,0,0,0,0,0,0,0,1,0,0,0,0,0,0,0,0,0,0,0,0,4,0,39.9876,-75.2075, , 
43936,504295,2014111462,6,67,67301,2014,10,1,1215,12,1,1,0,5,1, , ,N,0,0,0,3,0,0,4,2,N,N,39 58:17.236,75 07:35.917,1219, ,1219,1,1,3, , ,0,Y, , , , , , , , ,2,1,0,0,0,0,1,0,0,0,0,0,0,0,0,0,0,0,0,0,0,0,0,0,0,0,0,0,0,0,0,0,0,0,0,0,0,39.9714,-75.1269, , 
43937,504297,2014113470,6,67,67301,2014,10,3,1545,15,1,1,0,4,1, , ,N,1,2,0,3,0,1,2,2,N,N,39 56:18.009,75 09:11.372,1558, ,1557, ,0, ,N, ,3, , , , , , , , , ,1,1,0,0,0,0,0,0,1,0,0,0,1,1,0,0,0,0,0,0,0,0,0,0,0,0,0,0,0,0,0,0,0,0,0,8,0,39.9383,-75.1532, , 
43938,504306,2014121474,6,67,67301,2014,11,7,1638,16,3,1,0,8,1, , ,N,0,0,0,3,0,1,2,2,N,N,40 00:48.175,75 09:33.221,1642, ,1640, ,0, , , ,0, , , , , , , , , ,1,1,0,0,0,0,0,0,0,0,0,1,1,0,0,0,0,0,0,0,0,0,0,0,0,0,0,0,0,0,0,0,1,0,0,4,0,40.0134,-75.1592, , 
43939,504315,2014127613,6,67,67301,2014,12,3,1022,10,1,2,1,7,3, , ,N,0,0,0,3,0,0,1,1,N,N,39 56:51.696,75 08:31.858,1040, ,1030,1,1,2,N, ,0,N, , , , , , , , ,1,1,0,0,0,0,0,0,0,0,0,0,0,0,0,0,0,0,0,0,0,0,0,0,0,0,0,0,0,0,0,0,0,0,0,0,0,39.9477,-75.1422, , 
43940,504317,2014130486,6,67,67301,2014,12,4,1032,10,1,1,0,4,1, , ,N,1,2,0,3,0,1,2,2,N,N,40 00:39.342,75 05:19.369,1035, ,1033,1,1,2,Y, ,3,N, , , , , , , , ,2,2,0,0,0,0,0,0,0,0,0,1,1,0,0,0,0,0,0,0,0,0,1,0,0,0,0,0,0,0,0,0,0,0,0,4,0,40.0109,-75.0887, , 
43941,504318,2014130514,6,67,67301,2014,12,4,1017,10,1,2,1,4,1, , ,N,2,0,0,3,0,0,3,2,N,N,39 58:28.374,75 12:45.389,1032, ,1029, ,0, ,N, ,0, , , , , , , , , ,2,0,0,0,0,1,1,0,0,0,0,0,0,0,0,0,0,0,0,0,0,0,0,0,0,0,0,0,0,0,0,0,0,0,0,0,1,39.9747,-75.2125, , 
43942,504330,2014115573,6,67,67301,2014,11,2,9999,99,1,1,0,1,1, , ,N,0,0,0,3,0,1,2,2,N,N,39 57:17.019,75 10:25.967,839, ,833, ,0, ,N, ,0, , , , , , , , , ,2,0,0,0,0,0,2,0,0,0,0,1,1,0,0,0,0,0,0,0,0,0,0,0,0,0,0,0,0,0,0,0,0,0,0,4,0,39.9547,-75.1739, , 
43943,504349,2015002681,6,67,67301,2014,12,7,1800,18,3,1,0,5,6, , ,N,0,0,0,3,0,1,2,2,N, ,39 55:07.812,75 12:35.589,9999, ,9999, ,0, , , ,0, , , , , , , , , ,2,1,0,0,0,0,0,0,0,0,0,0,1,1,0,0,0,0,0,0,1,0,0,0,0,0,0,0,0,0,0,0,0,0,0,8,0,39.9188,-75.2099, , 
43944,504350,2015014358,6,67,67301,2014,11,5,330,3,3,1,0,8,1, , ,N,2,0,0,3,1,0,2,2,N,N,40 02:56.223,75 07:39.968,339, ,337,3,2,5,N,0,0,Y, , , , , , , , ,1,0,0,0,0,0,1,0,0,0,0,0,0,0,0,0,0,0,0,0,1,0,0,0,0,0,0,0,0,0,0,0,1,1,0,1,0,40.049,-75.1278,2, 
43945,504364,2014127481,6,67,67301,2014,11,1,738,7,1,1,0,4,1, , ,N,1,2,0,3,0,1,2,2,N,N,39 57:18.169,75 09:09.806,745, ,740, ,0, ,N, ,3, , , , , , , , , ,2,2,0,0,0,0,0,0,0,0,0,0,1,1,0,0,0,0,0,0,0,1,0,2,0,0,0,0,0,0,0,0,0,0,0,8,0,39.955,-75.1527, , 
43946,504377,2014104997,6,67,67301,2014,10,2,1520,15,1,1,0,4,1, , ,N,1,3,0,3,0,0,2,2,N,N,39 57:49.219,75 11:24.233,1530, ,1525, ,0, ,N, ,3, , , , , , , , , ,2,2,0,0,0,0,0,0,0,0,0,0,0,0,0,0,0,0,0,0,2,0,0,0,0,0,0,0,0,0,0,0,0,0,0,0,0,39.9637,-75.1901, , 
43947,504409,2015006092,6,67,67301,2014,12,3,1206,12,1,2,1,5,1, , ,N,0,0,0,3,0,2,3,2,N,N,39 56:03.365,75 14:10.107,1206, ,1206, ,0, ,N, ,0, , , , , , , , , ,2,1,0,0,0,0,1,0,0,0,2,0,2,0,0,0,0,0,0,0,0,0,0,0,0,0,0,0,0,0,0,0,0,0,0,3,0,39.9343,-75.2361, , 
43948,511022,2013055302,6,67,67301,2013,5,5,1208,12,1,1,0,8,1, , ,N,0,0,0,3,0,1,2,2,N,N,39 58:03.752,75 13:10.574,1228, ,1218, ,0, ,N, ,0, , , , , , , , , ,1,1,0,0,0,0,0,0,0,0,0,0,1,1,0,0,0,0,0,0,0,0,0,0,0,0,0,0,0,0,0,0,1,0,0,8,0,39.9677,-75.2196, , 
43949,511027,2013062673,6,67,67301,2013,4,6,2230,22,3,1,0,7,2, , ,N,0,0,0,3,0,0,1,1,N, ,39 55:01.013,75 12:57.725,2240, ,2234, ,0, , , ,0, , , , , , , , , ,1,0,0,0,0,0,0,1,0,0,0,0,0,0,0,0,0,0,0,0,0,0,0,0,0,0,0,0,0,0,0,0,0,0,0,0,0,39.9163,-75.2197, , 
43950,511035,2013006129,6,67,67301,2013,1,4,756,7,1,1,0,4,1, , ,N,2,3,0,3,0,2,2,2,N,N,40 01:49.767,75 06:55.609,830, ,824, ,0, ,N, ,3, , , , , , , , , ,2,2,0,0,0,0,0,0,0,0,0,2,2,0,0,0,0,0,0,0,0,0,0,0,0,0,0,0,0,0,0,0,0,0,0,4,0,40.0305,-75.1154, , 
43951,511052,2013032481,6,67,67301,2013,2,1,2150,21,3,1,0,1,1, , ,N,2,2,0,3,0,0,3,2,N,N,40 04:19.712,75 01:58.660,2311, ,2306, ,0, ,N, ,3, , , , , , , , , ,2,2,0,0,0,0,0,0,0,0,0,0,0,0,1,0,0,0,0,0,0,0,0,0,0,0,0,0,0,0,0,0,0,0,0,9,0,40.0721,-75.033, , 
43952,511068,2013050334,6,67,67301,2013,4,2,1233,12,1,2,1,4,1, , ,N,0,0,0,3,0,2,5,3,N,N,39 56:09.910,75 14:04.294,1237, ,1236, ,0, ,N, ,0, , , , , , , , , ,3,1,0,0,0,0,2,0,0,0,0,0,2,2,3,0,0,0,0,0,0,0,0,0,0,0,0,0,0,0,0,0,0,0,0,8,0,39.9361,-75.2345, , 
43953,511071,2013053081,6,67,67301,2013,4,7,2130,21,3,1,0,1,1, , ,N,1,2,0,3,0,2,4,3,N,N,39 58:53.344,75 07:02.419,2133, ,2133,2,2,3,N, ,3,Y, , , , , , , , ,3,2,0,0,1,0,0,0,0,0,1,1,2,0,0,0,0,0,0,0,0,0,0,0,0,0,0,0,0,0,0,0,0,0,0,3,0,39.9815,-75.1173, , 
43954,511100,2013030105,6,67,67301,2013,2,6,155,1,3,1,0,7,2, , ,N,0,0,0,3,0,0,1,1,N,N,40 03:50.363,75 11:59.035,205, ,200, ,0, ,N, ,0, , , , , , , , , ,1,1,0,0,0,0,0,0,0,0,0,0,0,0,0,0,0,0,0,0,0,0,0,0,0,0,0,0,0,0,0,0,0,0,0,0,0,40.064,-75.1997, , 
43955,511143,2013024113,6,67,67301,2013,2,6,739,7,1,1,0,5,1, , ,N,0,0,0,3,0,0,2,2,N,N,40 00:22.594,75 04:28.277,801, ,740,1,1,2,N, ,0,N, , , , , , , , ,2,1,0,0,0,1,0,0,0,0,0,0,0,0,0,0,0,0,0,0,1,0,0,0,0,0,0,0,0,0,0,0,0,0,0,0,0,40.0063,-75.0745, , 
43956,511144,2013025007,6,67,67301,2013,1,1,1958,19,1,1,0,4,1, , ,N,0,0,0,3,0,1,3,2,N, ,40 01:16.287,75 08:01.881,2012, ,2005, ,0, , , ,0, , , , , , , , , ,2,1,0,0,1,0,0,0,0,0,0,0,1,1,1,0,0,0,0,0,0,0,0,0,0,0,0,0,0,0,0,0,0,0,0,8,0,40.0212,-75.1339, , 
43957,511163,2013053094,6,67,67301,2013,4,5,1745,17,1,1,0,1,1, , ,N,0,0,0,3,0,0,6,5,N,N,39 54:47.421,75 11:32.635,1800, ,1745, ,0, ,N, ,0, , , , , , , , , ,5,2,0,0,0,0,3,0,0,0,0,0,0,0,0,0,0,0,0,0,1,0,0,0,0,0,0,0,0,0,0,0,0,0,0,0,0,39.9132,-75.1924, , 
43958,511165,2013055582,6,67,67301,2013,5,1,9999,99,1,1,0,8,1, , ,N,0,0,0,3,0,1,2,2,N, ,40 00:52.243,75 04:17.929,1919, ,1916, ,0, , , ,0, , , , , , , , , ,1,1,0,0,0,0,0,0,0,0,0,1,1,0,0,0,0,0,0,0,0,0,0,0,0,0,0,0,0,0,0,0,1,0,0,4,0,40.0145,-75.0716, , 
43959,511204,2013035082,6,67,67301,2013,3,4,1716,17,1,2,1,8,1, , ,N,1,2,0,3,0,1,2,2,N,N,39 59:05.340,75 06:48.076,1721, ,1719, ,0, ,N, ,3, , , , , , , , , ,1,1,0,0,0,0,0,0,0,0,0,1,1,0,0,0,0,0,0,0,0,0,0,0,0,0,0,0,0,0,0,0,1,0,0,4,0,39.9848,-75.1134, , 
43960,511207,2013037495,6,67,67301,2013,3,5,1600,16,1,1,0,4,1, , ,N,1,2,0,3,0,1,5,4,N,N,39 59:56.641,75 06:31.521,1600, ,1600, ,0, ,N, ,3, , , , , , , , , ,4,3,0,0,0,0,0,1,0,0,0,0,1,1,0,0,0,0,0,0,0,0,0,0,0,0,0,0,0,0,0,0,0,0,0,8,0,39.9991,-75.1088, , 
43961,511212,2013041340,6,67,67301,2013,3,5,2005,20,3,1,0,4,6, , ,N,0,0,0,3,0,0,1,3,N,N,40 06:29.559,75 01:25.262,2027, ,2024, ,0, ,N, ,0, , , , , , , , , ,3,2,0,0,0,0,1,0,0,0,0,0,0,0,0,0,0,0,0,0,0,0,0,0,0,0,0,0,0,0,0,0,0,0,0,0,0,40.1082,-75.0237, , 