objectid_1,objectid,crn,district,county,municipality,crash_year,crash_month,day_of_week,time_of_day,hour_of_day,illumination,weather,road_condition,collision_type,relation_to_road,work_zone_type,work_zone_loc,work_zone_ind,intersect_type,tcd_type,location_type,urban_rural,fatal_count,injury_count,person_count,total_units,sch_bus_ind,sch_zone_ind,latitude,longitude,arrival_tm,cons_zone_spd_lim,dispatch_tm,est_hrs_closed,lane_closed,ln_close_dir,ntfy_hiwy_maint,spec_juris_cd,tcd_func_cd,tfc_detour_ind,workers_pres,wz_close_detour,wz_flagger,wz_law_offcr_ind,wz_ln_closure,wz_moving,wz_other,wz_shlder_mdn,vehicle_count,automobile_count,motorcycle_count,bus_count,small_truck_count,heavy_truck_count,suv_count,van_count,bicycle_count,maj_inj_count,mod_inj_count,min_inj_count,tot_inj_count,unk_inj_deg_count,unk_inj_per_count,driver_count_16yr,driver_count_17yr,driver_count_18yr,driver_count_19yr,driver_count_20yr,driver_count_50_64yr,driver_count_65_74yr,driver_count_75plus,unbelted_occ_count,unb_death_count,unb_maj_inj_count,belted_death_count,belted_maj_inj_count,mcycle_death_count,mcycle_maj_inj_count,bicycle_death_count,bicycle_maj_inj_count,ped_count,ped_death_count,ped_maj_inj_count,max_severity_level,comm_veh_count,dec_lat,dec_long,rdwy_surf_type_cd,county_name
44029,511357,2013055621,6,67,67301,2013,5,3,1740,17,1,1,0,5,1, , ,N,0,0,0,3,0,1,2,2,N,N,39 55:59.470,75 09:44.452,1740, ,1740, ,0, ,N, ,0, , , , , , , , , ,1,1,0,0,0,0,0,0,1,0,0,1,1,0,0,0,0,0,0,0,1,0,0,0,0,0,0,0,0,0,0,0,0,0,0,4,0,39.9332,-75.1623, , 
44030,511361,2013059003,6,67,67301,2013,4,3,2214,22,3,1,0,1,1, , ,N,0,0,2,3,0,2,3,3,N,N,40 00:08.016,75 11:41.687,2214, ,2214,1,2,2,N, ,0,N, , , , , , , , ,3,2,0,0,0,0,1,0,0,0,0,0,2,2,0,0,0,0,0,0,0,0,0,1,0,0,0,0,0,0,0,0,0,0,0,8,0,40.0022,-75.1949, , 
44031,511386,2013016430,6,67,67301,2013,1,5,38,0,3,2,1,7,2, , ,N,0,0,0,3,0,0,3,1,N,N,39 58:56.107,75 12:27.172,52, ,40, ,0, ,N, ,0, , , , , , , , , ,1,1,0,0,0,0,0,0,0,0,0,0,0,0,0,0,0,0,0,0,0,0,0,0,0,0,0,0,0,0,0,0,0,0,0,0,0,39.9823,-75.2075, , 
44032,511389,2013022282,6,67,67301,2013,1,4,1810,18,3,1,0,7,2, , ,N,1,0,0,3,0,1,2,1,N,N,39 59:04.941,75 08:37.921,1818, ,1815, ,0, ,N, ,0, , , , , , , , , ,1,1,0,0,0,0,0,0,0,0,0,0,1,1,0,0,0,0,0,0,0,0,0,0,0,0,0,0,0,0,0,0,0,0,0,8,0,39.9847,-75.1439, , 
44033,511398,2013032953,6,67,67301,2013,2,4,9999,99,3,2,1,8,1, , ,N,2,0,0,3,0,1,2,2,N, ,39 58:11.074,75 13:56.665,2140, ,2101, ,0, , , ,0, , , , , , , , , ,1,1,0,0,0,0,0,0,0,0,0,0,1,1,0,0,0,0,0,0,1,0,0,0,0,0,0,0,0,0,0,0,1,0,0,8,0,39.9697,-75.2324, , 
44034,511400,2013037656,6,67,67301,2013,3,6,1540,15,1,1,0,1,1, , ,N,0,0,0,3,0,2,3,3,N,N,39 58:49.934,75 06:14.653,1558, ,1547,2,1,5,N, ,0,N, , , , , , , , ,3,2,0,0,1,0,0,0,0,0,0,0,2,2,1,0,0,0,0,0,0,1,0,0,0,0,0,0,0,0,0,0,0,0,0,8,0,39.9805,-75.1042, , 
44035,511413,2013046375,6,67,67301,2013,4,4,1600,16,1,1,0,6,1, , ,N,1,2,0,3,0,1,4,2,N,N,40 04:40.775,75 01:25.271,1630, ,1623, ,0, , , ,3, , , , , , , , , ,2,1,0,0,0,0,0,1,0,0,0,0,1,1,0,0,0,0,0,0,0,0,0,0,0,0,0,0,0,0,0,0,0,0,0,8,0,40.078,-75.0237, , 
44036,511414,2013046439,6,67,67301,2013,4,5,1038,10,1,1,0,8,1, , ,N,2,0,0,3,0,1,2,2,N,N,39 57:08.789,75 10:18.384,1045, ,1038, ,0, ,N, ,0, , , , , , , , , ,1,1,0,0,0,0,0,0,0,0,1,0,1,0,0,0,0,0,0,0,0,0,0,0,0,0,0,0,0,0,0,0,1,0,0,3,0,39.9524,-75.1718, , 
44037,511423,2013022191,6,67,67301,2013,1,3,800,8,3,1,6,8,1, , ,N,1,2,0,3,0,1,2,2,N, ,40 02:28.908,75 01:41.719,1824, ,1814, ,0, , , ,3, , , , , , , , , ,1,1,0,0,0,0,0,0,0,0,0,1,1,0,0,0,0,0,0,0,0,0,0,0,0,0,0,0,0,0,0,0,1,0,0,4,0,40.0414,-75.0283, , 
44038,511439,2013037483,6,67,67301,2013,3,7,2125,21,3,7,1,4,1, , ,N,1,3,0,3,0,4,6,2,N,N,39 59:49.588,75 12:17.053,2155, ,2132, ,0, ,N, ,3, , , , , , , , , ,2,1,0,0,0,0,0,1,0,0,0,4,4,0,0,0,0,0,0,0,1,0,0,2,0,0,0,0,0,0,0,0,0,0,0,4,0,39.9971,-75.2047, , 
44039,511460,2013070512,6,67,67301,2013,5,6,1630,16,1,1,0,1,1, , ,N,0,0,0,3,0,1,6,2,N,N,40 03:34.212,75 08:17.325,1636, ,1636, ,0, ,N, ,0, , , , , , , , , ,2,1,0,0,0,0,1,0,0,0,0,1,1,0,1,0,0,0,0,0,0,1,0,0,0,0,0,0,0,0,0,0,0,0,0,4,0,40.0595,-75.1381, , 
44040,511461,2013070569,6,67,67301,2013,6,1,1500,15,1,1,0,8,2, , ,N,0,0,0,3,0,1,2,2,N,N,40 01:04.839,75 06:59.364,1901, ,1900, ,0, ,N, ,0, , , , , , , , , ,1,1,0,0,0,0,0,0,0,0,0,1,1,0,0,0,0,0,0,0,0,0,0,0,0,0,0,0,0,0,0,0,1,0,0,4,0,40.018,-75.1165, , 
44041,508250,2013006091,6,67,67301,2013,1,3,2050,20,3,1,0,1,1, , ,N,1,2,0,3,0,0,2,2,N,N,40 02:16.191,75 02:16.971,2055, ,2055,1,1,1,N, ,3,N, , , , , , , , ,2,1,0,0,0,0,1,0,0,0,0,0,0,0,0,0,0,0,0,0,0,0,0,0,0,0,0,0,0,0,0,0,0,0,0,0,0,40.0378,-75.0379, , 
44042,508264,2013026921,6,67,67301,2013,2,3,225,2,3,5,1,7,5, , ,N,0,0,0,3,0,1,1,1,N,N,40 07:06.690,75 00:25.257,238, ,233, ,0, , , ,0, , , , , , , , , ,1,1,0,0,0,0,0,0,0,0,0,1,1,0,0,0,0,0,0,0,0,0,0,0,0,0,0,0,0,0,0,0,0,0,0,4,0,40.1185,-75.007, , 
44043,508283,2013047349,6,67,67301,2013,4,6,1140,11,1,1,0,4,1, , ,N,0,0,0,3,0,1,2,2,N,N,39 56:25.620,75 10:40.717,1150, ,1148, ,0, ,N, ,0, , , , , , , , , ,1,1,0,0,0,0,0,0,1,0,0,0,1,1,0,0,0,0,0,0,0,0,0,0,0,0,0,0,0,0,0,0,0,0,0,8,0,39.9405,-75.178, , 
44044,508285,2013050323,6,67,67301,2013,4,1,1955,19,4,1,0,8,1, , ,N,0,0,0,3,0,1,2,2,N,N,39 59:13.527,75 10:11.312,2000, ,0, ,0, ,N, ,0, , , , , , , , , ,1,1,0,0,0,0,0,0,0,0,1,0,1,0,1,0,0,0,0,0,0,0,0,0,0,0,0,0,0,0,0,0,1,0,0,3,0,39.9871,-75.1698, , 
44045,508292,2013055396,6,67,67301,2013,5,2,1710,17,1,1,0,4,1, , ,N,0,0,0,3,0,0,2,2,N,N,40 07:38.647,75 01:18.717,1721, ,1716,1,1,6,N, ,0,N, , , , , , , , ,2,1,0,0,0,0,1,0,0,0,0,0,0,0,0,0,0,0,0,0,1,1,0,0,0,0,0,0,0,0,0,0,0,0,0,0,0,40.1274,-75.0219, , 
44046,508300,2013007401,6,67,67301,2013,1,2,1946,19,3,1,0,1,1, , ,N,0,4,2,3,0,1,3,3,N,N,39 56:46.387,75 11:21.208,1959, ,1951,2,2,4,N, ,3,N, , , , , , , , ,3,1,0,0,0,0,2,0,0,0,0,1,1,0,0,0,0,0,0,0,0,0,0,0,0,0,0,0,0,0,0,0,0,0,0,4,0,39.9462,-75.1892, , 
44047,508323,2013025309,6,67,67301,2013,1,4,1755,17,3,2,1,4,1, , ,N,1,3,0,3,0,2,3,2,N, ,39 57:30.295,75 08:55.469,1809, ,1805, ,0, , , ,3, , , , , , , , , ,2,2,0,0,0,0,0,0,0,0,0,2,2,0,0,0,0,0,0,0,0,0,0,0,0,0,0,0,0,0,0,0,0,0,0,4,0,39.9584,-75.1487, , 
44048,508326,2013029369,6,67,67301,2013,3,3,1528,15,1,1,1,7,2, , ,N,0,0,0,3,0,1,1,1,N,N,39 55:54.150,75 11:58.816,1625, ,1612, ,0, ,N, ,0, , , , , , , , , ,1,1,0,0,0,0,0,0,0,0,0,0,1,1,0,0,0,0,0,0,0,0,0,0,0,0,0,0,0,0,0,0,0,0,0,8,0,39.9317,-75.1997, , 
44049,508328,2013031359,6,67,67301,2013,1,1,611,6,3,1,0,1,1, , ,N,0,0,0,3,0,3,6,2,N,N,39 53:05.115,75 14:38.620,628, ,617,3,1,2,N, ,0,N, , , , , , , , ,2,0,0,0,0,1,0,1,0,3,0,0,3,0,0,0,0,0,0,0,1,0,0,2,0,2,0,1,0,0,0,0,0,0,0,2,1,39.8848,-75.2441, , 
44050,508334,2013037439,6,67,67301,2013,3,4,1545,15,1,1,0,4,1, , ,N,0,0,0,3,0,0,4,2,N, ,39 55:25.100,75 13:17.133,1550, ,1545, ,0, , , ,0, , , , , , , , , ,2,2,0,0,0,0,0,0,0,0,0,0,0,0,0,0,0,0,0,1,0,0,0,0,0,0,0,0,0,0,0,0,0,0,0,0,0,39.9236,-75.2214, , 
44051,508361,2013022247,6,67,67301,2013,1,1,938,9,8,5,1,1,1, , ,N,0,0,0,3,0,0,1,3,N,N,39 58:24.319,75 15:11.966,944, ,941, ,0, ,N, ,0, , , , , , , , , ,3,1,0,0,0,0,2,0,0,0,0,0,0,0,0,0,0,0,0,0,0,0,0,0,0,0,0,0,0,0,0,0,0,0,0,0,0,39.9734,-75.2533, , 
44052,508387,2013055484,6,67,67301,2013,5,7,935,9,1,1,0,4,1, , ,N,1,2,0,3,0,5,6,3,N,N,39 57:46.071,75 09:52.682,1050, ,1030,3,2,6,N, ,3,Y, , , , , , , , ,3,0,0,0,0,1,2,0,0,0,0,5,5,0,0,0,0,0,0,0,2,0,0,3,0,0,0,0,0,0,0,0,0,0,0,4,1,39.9628,-75.1646, , 
44053,508409,2013025019,6,67,67301,2013,1,2,1844,18,3,1,0,8,1, , ,N,0,0,0,3,0,1,2,2,N,N,39 58:56.168,75 07:30.025,1850, ,1845, ,0, ,N, ,0, , , , , , , , , ,1,1,0,0,0,0,0,0,0,0,0,0,1,1,0,0,0,0,0,0,0,0,0,0,0,0,0,0,0,0,0,0,1,0,0,8,0,39.9823,-75.125, , 
44054,508419,2013037395,6,67,67301,2013,3,5,1050,10,1,1,0,1,1, , ,N,0,0,0,3,0,1,3,2,N,N,40 01:36.342,75 08:50.326,1100, ,1054,3,1,1,N, ,0,N, , , , , , , , ,2,0,0,0,1,0,0,1,0,0,0,0,1,1,0,0,0,0,0,0,1,0,0,1,0,0,0,0,0,0,0,0,0,0,0,8,0,40.0268,-75.1473, , 
44055,508429,2013055837,6,67,67301,2013,5,2,633,6,1,1,0,4,2, , ,N,0,0,0,3,0,5,5,2,N, ,40 00:55.642,75 08:18.229,1836, ,1835, ,0, , , ,0, , , , , , , , , ,2,1,0,0,0,0,1,0,0,0,0,1,5,4,0,0,0,0,0,1,0,0,0,0,0,0,0,0,0,0,0,0,0,0,0,4,0,40.0155,-75.1384, , 
44056,508461,2013026276,6,67,67301,2013,3,7,26,0,3,1,0,1,1,1,4,Y,0,0,0,3,0,4,4,2,N,N,39 58:02.664,75 07:56.012,34,45,28,1,2,1,N, ,0,Y,N,N,N,N,N,N,N,Y,2,2,0,0,0,0,0,0,0,0,0,4,4,0,0,0,0,0,0,0,1,0,0,0,0,0,0,0,0,0,0,0,0,0,0,4,0,39.9674,-75.1323, , 
44057,508467,2013029724,6,67,67301,2013,2,7,200,2,3,1,1,4,1, , ,N,0,0,0,3,0,1,3,6,N,N,39 59:17.908,75 05:40.621,212, ,205,4,2,2,N, ,0,Y, , , , , , , , ,4,3,0,0,1,0,0,0,0,0,0,1,1,0,0,0,0,0,0,0,0,0,0,0,0,0,0,0,0,0,0,0,2,0,0,4,1,39.9883,-75.0946, , 
44058,508474,2013035075,6,67,67301,2013,2,2,132,1,3,1,0,4,1, , ,N,1,2,0,3,0,3,5,3,N,N,40 01:13.249,75 08:02.518,135, ,134, ,0, ,N, ,3, , , , , , , , , ,3,1,0,0,0,0,1,1,0,0,0,3,3,0,0,0,0,0,0,0,0,0,0,0,0,0,0,0,0,0,0,0,0,0,0,4,0,40.0203,-75.134, , 
44059,502023,2014104474,6,67,67301,2014,10,7,934,9,1,2,1,5,1, , ,N,0,0,0,3,0,1,4,2,N,N,40 00:43.813,75 10:54.275,941, ,931,1,2,2,N, ,0,N, , , , , , , , ,2,2,0,0,0,0,0,0,0,0,0,1,1,0,0,0,1,0,0,0,0,0,0,0,0,0,0,0,0,0,0,0,0,0,0,4,0,40.0122,-75.1817, , 
44060,502029,2014113265,6,67,67301,2014,10,5,555,5,3,1,0,8,1, , ,N,2,0,0,3,0,1,2,2,N, ,39 55:34.957,75 08:49.557,9999, ,559, ,0, , , ,0, , , , , , , , , ,1,0,0,0,1,0,0,0,0,0,0,1,1,0,0,0,0,0,0,0,1,0,0,1,0,0,0,0,0,0,0,0,1,0,0,4,0,39.9264,-75.1471, , 
44061,502039,2015010698,6,67,67301,2014,12,7,1624,16,1,1,0,1,1, , ,N,2,2,0,3,0,0,2,2,N, ,39 57:40.430,75 08:47.717,1638, ,1635, ,0, , , ,3, , , , , , , , , ,2,0,0,0,0,0,2,0,0,0,0,0,0,0,0,0,0,0,0,0,0,0,0,0,0,0,0,0,0,0,0,0,0,0,0,0,0,39.9612,-75.1466, , 
44062,502047,2014112644,6,67,67301,2014,4,3,2358,23,6,2,1,7,9, , ,N,1,2,0,3,0,2,2,1,N,N,39 59:23.298,75 07:31.934,0, ,0, ,0, ,N, ,3, , , , , , , , , ,1,1,0,0,0,0,0,0,0,0,0,0,2,2,0,0,0,0,0,0,0,0,0,0,0,0,0,0,0,0,0,0,0,0,0,8,0,39.9898,-75.1255, , 
44063,502048,2014113477,6,67,67301,2014,10,7,1424,14,1,1,0,4,1, , ,N,1,3,0,3,0,5,5,2,N, ,40 04:02.316,75 00:31.866,1429, ,1425, ,0, , , ,3, , , , , , , , , ,2,1,0,0,0,0,1,0,0,0,0,4,5,1,0,0,0,0,0,0,1,0,0,0,0,0,0,0,0,0,0,0,0,0,0,4,0,40.0673,-75.0089, , 
44064,502056,2014122416,6,67,67301,2014,11,2,610,6,3,2,1,8,1, , ,N,1,4,0,3,0,1,2,2,N,N,40 02:10.346,75 03:51.114,612, ,612, ,0, , , ,3, , , , , , , , , ,1,1,0,0,0,0,0,0,0,0,0,1,1,0,0,0,0,0,0,0,0,0,0,1,0,0,0,0,0,0,0,0,1,0,0,4,0,40.0362,-75.0642, , 
44065,502072,2014111489,6,67,67301,2014,10,7,812,8,1,1,0,4,1, , ,N,1,2,0,3,0,2,2,2,N, ,40 01:53.078,75 05:05.038,818, ,815,2,1,3, , ,3,Y, , , , , , , , ,2,2,0,0,0,0,0,0,0,0,0,2,2,0,0,0,0,0,0,0,0,0,1,0,0,0,0,0,0,0,0,0,0,0,0,4,0,40.0314,-75.0847, , 
44066,502078,2014115621,6,67,67301,2014,11,6,2245,22,3,1,0,8,1, , ,N,1,2,0,3,0,1,2,2,N, ,40 02:01.052,75 02:48.431,2311, ,2309, ,0, , , ,3, , , , , , , , , ,1,1,0,0,0,0,0,0,0,1,0,0,1,0,0,0,0,0,0,0,0,0,0,0,0,0,0,0,0,0,0,0,1,0,1,2,0,40.0336,-75.0468, , 
44067,502085,2014120914,6,67,67301,2014,11,7,36,0,3,1,0,4,1, , ,N,1,2,0,3,0,4,5,2,N,N,39 57:48.112,75 11:14.766,40, ,36, ,0, ,N, ,3, , , , , , , , , ,2,1,0,0,0,0,1,0,0,0,0,0,4,4,1,0,0,0,0,1,1,0,0,0,0,0,0,0,0,0,0,0,0,0,0,8,0,39.9634,-75.1875, , 
44068,502097,2014112769,6,67,67301,2014,11,2,700,7,1,1,0,4,1, , ,N,1,2,0,3,0,1,2,2,N,N,39 57:33.501,75 09:35.521,740, ,730, ,0, ,N, ,2, , , , , , , , , ,1,1,0,0,0,0,0,0,1,0,0,1,1,0,0,0,0,0,0,0,0,0,0,0,0,0,0,0,0,0,0,0,0,0,0,4,0,39.9593,-75.1599, , 
44069,502109,2014124985,6,67,67301,2014,12,2,946,9,1,1,0,4,1, , ,N,2,0,0,3,0,1,3,2,N,N,40 07:47.388,75 00:36.176,950, ,946, ,0, , , ,0, , , , , , , , , ,2,0,0,0,0,0,2,0,0,0,0,1,1,0,0,0,0,0,0,0,0,0,0,0,0,0,0,0,0,0,0,0,0,0,0,4,0,40.1298,-75.01, , 
44070,502117,2015003312,6,67,67301,2014,12,7,1150,11,1,1,0,4,1, , ,N,0,0,7,3,0,1,3,2,N,N,40 03:03.770,75 03:58.250,1155, ,1155, ,0, ,N, ,0, , , , , , , , , ,2,0,0,0,1,0,1,0,0,0,0,0,1,1,0,0,0,0,1,0,0,0,0,0,0,0,0,0,0,0,0,0,0,0,0,8,0,40.051,-75.0662, , 
44071,502133,2014111475,6,67,67301,2014,10,6,940,9,1,1,0,5,6, , ,N,0,0,0,3,0,1,1,2,N,N,39 54:40.010,75 13:32.203,949, ,940, ,0, ,N, ,0, , , , , , , , , ,2,2,0,0,0,0,0,0,0,0,0,1,1,0,0,0,0,0,0,0,0,0,0,0,0,0,0,0,0,0,0,0,0,0,0,4,0,39.9111,-75.2256, , 
44072,502134,2014111508,6,67,67301,2014,10,4,906,9,1,2,1,5,1, , ,N,0,0,0,3,0,1,2,2,N,N,39 58:35.552,75 12:36.362,1026, ,1023, ,0, ,N, ,0, , , , , , , , , ,2,2,0,0,0,0,0,0,0,0,0,1,1,0,1,0,0,0,0,0,0,0,0,0,0,0,0,0,0,0,0,0,0,0,0,4,0,39.9765,-75.2101, , 
44073,502143,2014128369,6,67,67301,2014,12,4,715,7,1,1,0,4,1, , ,N,1,2,0,3,0,1,2,2,N,N,40 02:12.848,75 08:02.883,735, ,133, ,0, ,N, ,3, , , , , , , , , ,2,1,0,1,0,0,0,0,0,0,0,1,1,0,0,0,0,0,0,0,0,0,0,0,0,0,0,0,0,0,0,0,0,0,0,4,1,40.0369,-75.1341, , 
44074,502146,2014130516,6,67,67301,2014,12,7,920,9,1,4,1,4,1, , ,N,0,0,7,3,0,0,3,2,N,N,40 03:51.525,74 59:54.510,945, ,930, ,0, ,N, ,0, , , , , , , , , ,2,1,0,0,0,0,1,0,0,0,0,0,0,0,0,0,0,0,0,0,0,0,1,0,0,0,0,0,0,0,0,0,0,0,0,0,0,40.0643,-74.9985, , 
44075,502150,2014127557,6,67,67301,2014,12,5,1645,16,3,1,0,8,1, , ,N,0,0,0,3,0,1,2,2,N, ,40 03:03.828,75 03:58.546,1648, ,1646, ,0, , , ,0, , , , , , , , , ,1,1,0,0,0,0,0,0,0,0,0,1,1,0,0,0,0,0,0,0,1,0,0,0,0,0,0,0,0,0,0,0,1,0,0,4,0,40.0511,-75.0663, , 
44076,502152,2015006655,6,67,67301,2014,12,2,900,9,1,1,0,1,1, , ,N,6,4,2,3,0,2,3,2,N,N,40 06:22.731,74 59:41.839,915, ,905,1,1,3,N, ,3,N, , , , , , , , ,2,1,0,0,1,0,0,0,0,0,0,2,2,0,0,0,0,0,0,0,0,0,0,0,0,0,0,0,0,0,0,0,0,0,0,4,0,40.1063,-74.995, , 
44077,504571,2014115660,6,67,67301,2014,11,7,2349,23,3,2,1,7,4, , ,N,0,0,0,3,0,0,2,1,N,N,39 58:12.734,75 11:22.830,2355, ,2348, ,0, ,N, ,0, , , , , , , , , ,1,1,0,0,0,0,0,0,0,0,0,0,0,0,0,0,0,0,0,0,0,0,0,0,0,0,0,0,0,0,0,0,0,0,0,0,0,39.9702,-75.1897, , 
44078,504576,2014117806,6,67,67301,2014,11,6,1715,17,3,1,0,5,1, , ,N,0,0,0,3,0,0,2,2,N,N,40 00:07.958,75 04:42.338,1740, ,1717,2,1,2,N, ,0,N, , , , , , , , ,2,2,0,0,0,0,0,0,0,0,0,0,0,0,0,0,0,0,0,0,0,0,0,0,0,0,0,0,0,0,0,0,0,0,0,0,0,40.0022,-75.0784, , 
44079,504588,2014130611,6,67,67301,2014,12,6,103,1,3,1,0,7,2,1,4,Y,0,0,0,3,0,0,1,1,N,N,39 58:02.559,75 07:56.354,117,45,104,2,2,1,N, ,0,N,Y,N,N,N,Y,Y,N,Y,1,1,0,0,0,0,0,0,0,0,0,0,0,0,0,0,0,0,0,0,0,0,0,0,0,0,0,0,0,0,0,0,0,0,0,0,0,39.9674,-75.1323, , 
44080,504592,2014106706,6,67,67301,2014,10,2,745,7,1,1,0,4,1, , ,N,5,2,0,3,0,3,3,2,N,N,39 59:13.382,75 07:20.404,747, ,745, ,0, ,N, ,3, , , , , , , , , ,2,1,0,0,1,0,0,0,0,0,0,3,3,0,0,0,0,0,0,0,0,0,0,0,0,0,0,0,0,0,0,0,0,0,0,4,0,39.9871,-75.1223, , 
44081,504615,2014113279,6,67,67301,2014,10,6,1805,18,3,1,0,4,1, , ,N,2,3,0,3,0,0,2,2,N,N,40 01:32.502,75 12:09.049,1820, ,1817, ,0, ,N, ,3, , , , , , , , , ,2,1,0,0,0,0,1,0,0,0,0,0,0,0,0,0,0,0,0,0,1,0,0,0,0,0,0,0,0,0,0,0,0,0,0,0,0,40.0257,-75.2025, , 
44082,504646,2014109907,6,67,67301,2014,10,3,9999,99,3,1,0,1,1, , ,N,1,2,0,3,0,1,2,2,N,N,40 01:08.216,75 08:49.391,1100, ,1100, ,0, ,N, ,3, , , , , , , , , ,2,2,0,0,0,0,0,0,0,0,0,0,1,1,0,0,0,0,0,0,1,0,0,0,0,0,0,0,0,0,0,0,0,0,0,8,0,40.0189,-75.1471, , 
44083,504676,2014130515,6,67,67301,2014,12,3,1811,18,3,2,1,8,1, , ,N,1,2,0,3,0,1,2,2,N,N,40 05:18.096,75 02:38.680,1836, ,1820, ,0, ,N, ,3, , , , , , , , , ,1,1,0,0,0,0,0,0,0,0,1,0,1,0,0,0,0,0,0,0,0,0,0,0,0,0,0,0,0,0,0,0,1,0,0,3,0,40.0884,-75.044, , 
44084,504693,2014104426,6,67,67301,2014,10,4,1654,16,1,1,0,8,1, , ,N,1,3,0,3,0,1,2,2,N, ,39 58:44.101,75 08:07.846,9999, ,1654, ,0, , , ,3, , , , , , , , , ,1,0,0,0,1,0,0,0,0,0,0,1,1,0,0,0,0,0,0,0,0,0,0,1,0,0,0,0,0,0,0,0,1,0,0,4,0,39.9789,-75.1355, , 
44085,504695,2014106854,6,67,67301,2014,10,7,2158,21,2,1,0,4,1, , ,N,1,2,0,3,0,1,4,2,N, ,40 05:37.163,74 58:48.657,2200, ,2159,1,1,3, , ,3,Y, , , , , , , , ,2,1,0,0,1,0,0,0,0,0,0,1,1,0,0,0,1,0,0,0,0,0,0,0,0,0,0,0,0,0,0,0,0,0,0,4,0,40.0935,-74.9802, , 
44086,504710,2015006706,6,67,67301,2014,12,6,9999,99,3,1,0,4,1, , ,N,1,2,0,3,0,3,4,2,N,N,39 59:48.618,75 09:13.788,145, ,131,3,1,1,N, ,3,N, , , , , , , , ,2,1,0,0,0,0,1,0,0,0,0,2,3,1,1,0,0,0,0,0,1,0,0,0,0,0,0,0,0,0,0,0,0,0,0,4,0,39.9968,-75.1538, , 
44087,504731,2014128450,6,67,67301,2014,12,3,1924,19,3,2,1,7,2, , ,N,0,0,0,3,0,0,2,1,N,N,39 58:45.768,75 12:14.815,1933, ,1926, ,0, ,N, ,0, , , , , , , , , ,1,1,0,0,0,0,0,0,0,0,0,0,0,0,0,0,0,0,0,0,1,0,0,0,0,0,0,0,0,0,0,0,0,0,0,0,0,39.9794,-75.2041, , 
44088,504768,2014125090,6,67,67301,2014,11,4,1207,12,1,1,0,4,1, , ,N,1,2,0,3,0,0,2,3,N, ,39 59:13.077,75 14:04.844,1341, ,1334, ,0, , , ,3, , , , , , , , , ,3,2,0,0,0,0,1,0,0,0,0,0,0,0,0,0,0,0,0,0,0,0,1,0,0,0,0,0,0,0,0,0,0,0,0,0,0,39.987,-75.2347, , 
44089,504769,2014125226,6,67,67301,2014,12,4,1448,14,1,2,1,1,1, , ,N,0,0,0,3,0,0,6,2,N,N,39 57:26.617,75 08:49.702,1448, ,1448, ,0, ,N, ,0, , , , , , , , , ,2,1,0,0,0,0,1,0,0,0,0,0,0,0,0,0,0,0,0,0,0,1,0,0,0,0,0,0,0,0,0,0,0,0,0,0,0,39.9574,-75.1471, , 
44090,504775,2014130475,6,67,67301,2014,12,6,1731,17,4,1,0,1,1, , ,N,0,2,0,3,0,0,3,2,N,N,39 57:21.377,75 14:12.507,1745, ,1735, ,0, ,N, ,3, , , , , , , , , ,2,1,0,0,0,0,1,0,0,0,0,0,0,0,1,0,0,0,0,0,0,0,0,0,0,0,0,0,0,0,0,0,0,0,0,9,0,39.9559,-75.2368, , 
44091,504777,2014131928,6,67,67301,2014,12,1,1203,12,1,1,0,4,1, , ,N,0,0,0,3,0,1,2,2,N,N,39 58:10.942,75 07:34.125,1215, ,1203,2,1,1,N, ,0,N, , , , , , , , ,2,2,0,0,0,0,0,0,0,1,0,0,1,0,0,0,0,0,0,0,1,0,0,0,0,0,0,1,0,0,0,0,0,0,0,2,0,39.9697,-75.1261, , 
44092,504781,2015015625,6,67,67301,2014,12,1,1823,18,1,2,1,4,1, , ,N,0,0,7,3,0,1,4,2,N,N,40 01:00.980,75 10:17.601,1916, ,1825, ,0, ,N, ,0, , , , , , , , , ,2,2,0,0,0,0,0,0,0,0,0,0,1,1,0,0,0,0,0,0,0,0,0,0,0,0,0,0,0,0,0,0,0,0,0,8,0,40.0169,-75.1716, , 
44093,504797,2014120289,6,67,67301,2014,9,4,1140,11,1,1,0,4,1, , ,N,1,2,0,3,0,1,2,2,N, ,39 57:41.416,75 14:12.594,1216, ,1213, ,0, , , ,3, , , , , , , , , ,1,1,0,0,0,0,0,0,1,0,0,0,1,1,0,0,0,0,0,0,0,0,0,0,0,0,0,0,0,0,0,0,0,0,0,8,0,39.9615,-75.2368, , 
44094,504809,2015002730,6,67,67301,2014,12,2,1445,14,1,1,0,4,1, , ,N,2,3,0,3,0,1,3,2,N,N,40 07:20.686,74 59:56.273,1605, ,1602, ,0, , , ,3, , , , , , , , , ,2,1,0,0,0,0,1,0,0,0,0,1,1,0,0,0,1,0,0,0,0,0,0,0,0,0,0,0,0,0,0,0,0,0,0,4,0,40.1224,-74.999, , 
44095,511463,2013072336,6,67,67301,2013,7,3,703,7,1,1,0,4,1, , ,N,0,0,0,3,0,2,3,2,Y,N,39 57:40.134,75 08:23.902,735, ,706, ,0, ,N, ,0, , , , , , , , , ,2,1,0,1,0,0,0,0,0,0,0,0,2,2,0,0,0,0,0,0,1,0,0,0,0,0,0,0,0,0,0,0,0,0,0,8,1,39.961,-75.14, , 
44096,511488,2013037473,6,67,67301,2013,3,4,1215,12,1,1,0,1,1, , ,N,0,0,0,3,0,1,3,2,N, ,39 59:00.775,75 06:56.157,1229, ,1227, ,0, , , ,0, , , , , , , , , ,2,1,0,0,0,0,1,0,0,0,1,0,1,0,0,0,0,0,0,0,0,0,1,0,0,0,0,0,0,0,0,0,0,0,0,3,0,39.9948,-75.0945, , 