objectid_1,objectid,crn,district,county,municipality,crash_year,crash_month,day_of_week,time_of_day,hour_of_day,illumination,weather,road_condition,collision_type,relation_to_road,work_zone_type,work_zone_loc,work_zone_ind,intersect_type,tcd_type,location_type,urban_rural,fatal_count,injury_count,person_count,total_units,sch_bus_ind,sch_zone_ind,latitude,longitude,arrival_tm,cons_zone_spd_lim,dispatch_tm,est_hrs_closed,lane_closed,ln_close_dir,ntfy_hiwy_maint,spec_juris_cd,tcd_func_cd,tfc_detour_ind,workers_pres,wz_close_detour,wz_flagger,wz_law_offcr_ind,wz_ln_closure,wz_moving,wz_other,wz_shlder_mdn,vehicle_count,automobile_count,motorcycle_count,bus_count,small_truck_count,heavy_truck_count,suv_count,van_count,bicycle_count,maj_inj_count,mod_inj_count,min_inj_count,tot_inj_count,unk_inj_deg_count,unk_inj_per_count,driver_count_16yr,driver_count_17yr,driver_count_18yr,driver_count_19yr,driver_count_20yr,driver_count_50_64yr,driver_count_65_74yr,driver_count_75plus,unbelted_occ_count,unb_death_count,unb_maj_inj_count,belted_death_count,belted_maj_inj_count,mcycle_death_count,mcycle_maj_inj_count,bicycle_death_count,bicycle_maj_inj_count,ped_count,ped_death_count,ped_maj_inj_count,max_severity_level,comm_veh_count,dec_lat,dec_long,rdwy_surf_type_cd,county_name
44097,511502,2013053056,6,67,67301,2013,4,6,240,2,3,1,0,7,3, , ,N,0,0,0,3,0,0,2,1,N,N,40 02:03.193,75 04:31.445,431, ,427, ,0, ,N, ,0, , , , , , , , , ,1,1,0,0,0,0,0,0,0,0,0,0,0,0,0,0,0,0,0,0,0,0,0,2,0,0,0,0,0,0,0,0,0,0,0,0,0,40.0342,-75.0754, , 
44098,511507,2013063113,6,67,67301,2013,5,6,120,1,3,2,1,4,1, , ,N,1,2,0,3,0,1,2,2,N,N,39 57:42.366,75 09:22.144,129, ,128,1,1,3,N, ,3,N, , , , , , , , ,1,0,0,0,1,0,0,0,1,0,1,0,1,0,0,0,0,0,0,0,0,0,0,0,0,0,0,0,0,0,0,0,0,0,0,3,0,39.9617,-75.1561, , 
44099,511511,2013070929,6,67,67301,2013,6,7,2224,22,3,1,0,1,1, , ,N,0,0,0,3,0,3,3,4,N,N,40 00:00.431,75 08:29.076,2232, ,2226, ,0, ,N, ,0, , , , , , , , , ,4,1,0,0,2,0,1,0,0,0,0,0,3,3,0,0,0,0,0,0,0,0,0,0,0,0,0,0,0,0,0,0,0,0,0,8,0,40.0001,-75.1414, , 
44100,511542,2013050285,6,67,67301,2013,4,1,100,1,3,1,0,1,1, , ,N,0,0,0,3,0,1,2,2,N,N,39 56:27.182,75 08:38.716,1020, ,115, ,0, ,N, ,0, , , , , , , , , ,2,0,1,0,0,0,1,0,0,0,0,1,1,0,0,0,0,0,0,0,0,0,0,0,0,0,0,0,0,0,0,0,0,0,0,4,0,39.9409,-75.1441, , 
44101,511545,2013054640,6,67,67301,2013,4,5,1829,18,1,1,0,4,1, , ,N,1,0,0,3,0,1,6,2,N, ,40 01:03.320,75 11:27.445,1847, ,1845, ,0, , , ,0, , , , , , , , , ,2,1,0,0,0,0,1,0,0,0,0,0,1,1,0,0,0,0,1,0,0,0,0,0,0,0,0,0,0,0,0,0,0,0,0,8,0,40.0176,-75.191, , 
44102,511548,2013058708,6,67,67301,2013,4,3,447,4,3,2,1,7,2, , ,N,0,0,0,3,0,0,1,1,N,N,39 58:54.163,75 12:26.377,504, ,449,1,1,3,N, ,0,N, , , , , , , , ,1,1,0,0,0,0,0,0,0,0,0,0,0,0,0,0,0,0,0,0,0,0,0,0,0,0,0,0,0,0,0,0,0,0,0,0,0,39.9817,-75.2073, , 
44103,511592,2013035114,6,67,67301,2013,2,5,1457,14,1,1,0,5,1, , ,N,1,0,0,3,0,1,2,2,N,N,39 57:28.256,75 11:27.797,1501, ,1500,1,1,2,N, ,0,N, , , , , , , , ,2,1,0,0,1,0,0,0,0,0,0,1,1,0,0,0,0,0,0,0,0,1,0,0,0,0,0,0,0,0,0,0,0,0,0,4,0,39.9578,-75.1911, , 
44104,511593,2013037410,6,67,67301,2013,3,6,1615,16,1,1,0,8,1, , ,N,0,0,0,3,0,1,2,2,N,N,40 00:31.780,75 05:13.848,1618, ,1616,1,2,2,N, ,0,Y, , , , , , , , ,1,1,0,0,0,0,0,0,0,0,0,0,1,1,0,0,0,0,0,0,0,0,0,0,0,0,0,0,0,0,0,0,1,0,0,8,0,40.0088,-75.0872, , 
44105,511596,2013043747,6,67,67301,2013,3,7,1715,17,1,1,0,4,2, , ,N,0,0,0,3,0,1,3,2,N,N,39 58:57.326,75 12:53.397,1725, ,1725,1,1,3,N, ,0,N, , , , , , , , ,1,1,0,0,0,0,0,0,1,0,0,1,1,0,0,0,0,0,0,0,0,1,0,0,0,0,0,0,0,0,0,0,0,0,0,4,0,39.9826,-75.2148, , 
44106,511631,2013029614,6,67,67301,2013,1,2,1511,15,1,2,1,4,1, , ,N,1,2,0,3,0,1,14,2,Y,N,40 03:42.317,75 03:21.839,1513, ,1511,3,2,1,N, ,3,Y, , , , , , , , ,2,0,0,1,0,0,1,0,0,1,0,0,1,0,11,0,0,0,0,0,0,1,0,0,0,0,0,0,0,0,0,0,0,0,0,2,1,40.0618,-75.0561, , 
44107,511654,2013065590,6,67,67301,2013,5,4,1020,10,1,1,0,4,1, , ,N,1,2,0,3,0,1,2,2,N, ,39 55:58.105,75 11:11.075,1020, ,1020, ,0, , , ,3, , , , , , , , , ,1,1,0,0,0,0,0,0,1,0,0,1,1,0,0,0,0,0,0,0,0,0,0,0,0,0,0,0,0,0,0,0,0,0,0,4,0,39.9328,-75.1864, , 
44108,511671,2013022209,6,67,67301,2013,1,3,855,8,1,8,6,4,1, , ,N,0,0,0,3,0,0,5,4,N, ,40 01:33.708,75 11:58.599,905, ,858, ,0, , , ,0, , , , , , , , , ,4,4,0,0,0,0,0,0,0,0,0,0,0,0,0,0,0,0,0,0,0,1,0,0,0,0,0,0,0,0,0,0,0,0,0,0,0,40.026,-75.1996, , 
44109,511678,2013029809,6,67,67301,2013,2,4,2030,20,3,1,0,8,1, , ,N,1,2,0,3,0,1,2,2,N, ,40 03:25.988,75 00:04.335,2043, ,2037, ,0, , , ,3, , , , , , , , , ,1,1,0,0,0,0,0,0,0,0,0,0,1,1,0,0,0,0,0,0,0,0,0,0,0,0,0,0,0,0,0,0,1,0,0,8,0,40.0572,-75.0012, , 
44110,511689,2013047249,6,67,67301,2013,4,7,1708,17,1,1,0,4,1, , ,N,1,2,0,3,0,3,4,2,N,N,40 01:21.712,75 08:00.711,1722, ,1709,9,2,3,N, ,3,Y, , , , , , , , ,2,2,0,0,0,0,0,0,0,0,0,0,3,3,1,0,0,0,0,0,0,0,0,0,0,0,0,0,0,0,0,0,0,0,0,8,0,40.0227,-75.1335, , 
44111,511697,2013055402,6,67,67301,2013,5,7,2230,22,3,1,0,4,1, , ,N,1,3,0,3,0,1,4,2,N, ,40 02:38.137,75 04:42.812,2237, ,2230,3,1,2, , ,3,Y, , , , , , , , ,2,2,0,0,0,0,0,0,0,0,0,0,1,1,1,0,0,0,0,0,1,0,0,0,0,0,0,0,0,0,0,0,0,0,0,8,0,40.0439,-75.0786, , 
44112,511719,2013026127,6,67,67301,2013,2,3,749,7,1,4,1,4,1, , ,N,0,0,0,3,0,1,1,5,N,N,40 01:29.986,75 06:33.698,800, ,752, ,0, ,N, ,0, , , , , , , , , ,5,2,0,0,1,0,1,1,0,0,0,1,1,0,0,0,0,0,0,0,0,0,0,0,0,0,0,0,0,0,0,0,0,0,0,4,0,40.025,-75.1094, , 
44113,508504,2013033048,6,67,67301,2013,3,5,835,8,1,1,0,7,2, , ,N,0,0,0,3,0,0,1,3,N,N,39 54:04.410,75 09:09.092,845, ,835, ,0, ,Y, ,0, , , , , , , , , ,3,1,0,0,1,1,0,0,0,0,0,0,0,0,0,0,0,0,0,0,1,0,0,0,0,0,0,0,0,0,0,0,0,0,0,0,1,39.9012,-75.1525, , 
44114,508505,2013035268,6,67,67301,2013,2,7,1810,18,4,2,1,1,1, , ,N,0,0,0,3,0,1,3,2,N,N,40 00:05.619,75 06:15.328,1830, ,1810, ,0, ,N, ,0, , , , , , , , , ,2,1,0,0,1,0,0,0,0,0,0,1,1,0,0,0,0,0,0,0,1,0,0,0,0,0,0,0,0,0,0,0,0,0,0,4,0,40.0016,-75.1043, , 
44115,508518,2013046359,6,67,67301,2013,4,7,249,2,3,1,0,5,1, , ,N,0,0,0,3,0,0,1,3,N, ,39 59:09.798,75 13:51.621,255, ,249, ,0, , , ,0, , , , , , , , , ,3,2,0,0,0,0,0,1,0,0,0,0,0,0,0,0,0,0,1,0,0,0,0,1,0,0,0,0,0,0,0,0,0,0,0,0,0,39.9861,-75.231, , 
44116,508530,2013055431,6,67,67301,2013,5,6,615,6,1,1,0,4,1, , ,N,1,2,0,3,0,0,2,2,N,N,39 57:46.530,75 11:29.044,619, ,617, ,0, ,N, ,3, , , , , , , , , ,2,2,0,0,0,0,0,0,0,0,0,0,0,0,0,0,0,0,1,0,0,0,0,0,0,0,0,0,0,0,0,0,0,0,0,0,0,39.9629,-75.1913, , 
44117,508554,2013037337,6,67,67301,2013,3,4,1252,12,1,1,0,8,1, , ,N,0,0,0,3,0,1,2,2,N,N,39 57:55.429,75 12:26.427,1254, ,1252, ,0, ,N, ,0, , , , , , , , , ,1,0,0,0,0,0,1,0,0,0,0,0,1,1,0,0,0,0,0,0,0,0,0,0,0,0,0,0,0,0,0,0,1,0,0,8,0,39.9654,-75.2073, , 
44118,508578,2013065572,6,67,67301,2013,5,4,1545,15,1,1,0,4,1, , ,N,1,0,0,3,0,1,2,2,N, ,39 56:44.919,75 10:11.931,1555, ,1548, ,0, , , ,0, , , , , , , , , ,2,1,1,0,0,0,0,0,0,0,0,0,1,1,0,0,0,0,0,0,1,0,0,0,0,0,0,0,0,0,0,0,0,0,0,8,0,39.9458,-75.17, , 
44119,508593,2013016190,6,67,67301,2013,1,5,1350,13,1,1,0,4,6, , ,N,0,0,0,3,0,0,2,2,N,N,40 00:31.399,75 05:55.863,1350, ,1350, ,0, , , ,0, , , , , , , , , ,2,2,0,0,0,0,0,0,0,0,0,0,0,0,0,0,0,0,0,0,0,0,1,0,0,0,0,0,0,0,0,0,0,0,0,0,0,40.0087,-75.0989, , 
44120,508612,2013041350,6,67,67301,2013,3,4,645,6,1,1,0,4,1, , ,N,0,0,7,3,0,0,2,2,N,N,40 04:06.138,75 09:25.305,655, ,650, ,0, ,N, ,0, , , , , , , , , ,2,2,0,0,0,0,0,0,0,0,0,0,0,0,0,0,0,0,0,0,1,0,0,0,0,0,0,0,0,0,0,0,0,0,0,0,0,40.0684,-75.157, , 
44121,508617,2013047326,6,67,67301,2013,4,3,1804,18,1,1,0,8,1, , ,N,1,3,0,3,0,1,2,2,N,N,40 01:50.602,75 02:39.155,1807, ,1805, ,0, ,N, ,3, , , , , , , , , ,1,1,0,0,0,0,0,0,0,0,0,1,1,0,0,0,0,0,0,0,0,0,0,0,0,0,0,0,0,0,0,0,1,0,0,4,0,40.0307,-75.0442, , 
44122,508643,2013016143,6,67,67301,2013,1,3,1922,19,3,1,1,4,1, , ,N,9,6,0,3,0,2,2,2,N,N,40 00:18.056,75 04:32.350,1925, ,1923,1,2,7,N, ,1,Y, , , , , , , , ,1,1,0,0,0,0,0,0,0,0,0,0,2,2,0,0,0,0,0,0,1,0,0,0,0,0,0,0,0,0,0,0,0,0,0,8,0,40.005,-75.0757, , 
44123,508652,2013023511,6,67,67301,2013,1,5,2218,22,3,1,0,1,1, , ,N,1,2,0,3,0,1,4,2,N, ,40 02:22.048,75 04:38.765,2220, ,2220, ,0, , , ,3, , , , , , , , , ,2,0,0,0,0,0,2,0,0,0,0,0,1,1,3,0,0,0,0,0,0,0,0,0,0,0,0,0,0,0,0,0,0,0,0,8,0,40.0394,-75.0774, , 
44124,508676,2013055511,6,67,67301,2013,5,4,715,7,1,1,0,4,1, , ,N,0,0,0,3,0,1,4,2,N,N,39 54:53.646,75 08:59.344,723, ,717,1,2,5,N, ,0,Y, , , , , , , , ,2,0,0,0,0,0,1,1,0,0,0,0,1,1,0,0,0,0,0,0,2,0,0,0,0,0,0,0,0,0,0,0,0,0,0,8,0,39.9149,-75.1498, , 
44125,508710,2013047313,6,67,67301,2013,4,7,715,7,1,1,0,8,1, , ,N,1,3,1,3,0,1,2,2,N,N,39 54:50.374,75 10:11.283,1237, ,1233, ,0, , , ,3, , , , , , , , , ,1,0,0,0,0,0,0,0,0,0,1,0,1,0,0,0,0,0,0,0,0,0,0,0,0,0,0,0,0,0,0,0,1,0,0,3,0,39.914,-75.1698, , 
44126,508717,2013055552,6,67,67301,2013,4,3,9999,99,1,1,0,8,1, , ,N,2,0,0,3,0,1,2,2,N,Y,39 55:35.020,75 11:07.317,1610, ,1607, ,0, , , ,0, , , , , , , , , ,1,1,0,0,0,0,0,0,0,0,0,0,1,1,0,0,0,0,0,0,0,0,0,0,0,0,0,0,0,0,0,0,1,0,0,8,0,39.9264,-75.1854, , 
44127,508733,2013016276,6,67,67301,2013,1,6,236,2,3,1,0,5,1, , ,N,0,0,0,3,0,1,1,3,N,N,39 55:54.056,75 10:04.923,2240, ,240, ,0, ,N, ,0, , , , , , , , , ,3,1,0,0,0,0,1,1,0,0,0,1,1,0,0,0,0,0,0,0,0,0,0,0,0,0,0,0,0,0,0,0,0,0,0,4,0,39.9318,-75.168, , 
44128,508755,2013042786,6,67,67301,2013,4,5,2150,21,3,1,0,1,1, , ,N,0,0,0,3,0,0,2,2,N,N,39 57:30.397,75 10:49.471,2215, ,2159, ,0, ,N, ,0, , , , , , , , , ,2,2,0,0,0,0,0,0,0,0,0,0,0,0,0,0,0,0,0,0,0,0,0,0,0,0,0,0,0,0,0,0,0,0,0,0,0,39.9584,-75.1804, , 
44129,508756,2013043470,6,67,67301,2013,3,3,1030,10,1,1,0,4,1, , ,N,1,3,0,3,0,3,3,2,N,N,40 03:17.100,75 09:04.633,1035, ,1030, ,0, ,N, ,3, , , , , , , , , ,2,2,0,0,0,0,0,0,0,0,0,3,3,0,0,0,0,0,0,0,1,0,0,0,0,0,0,0,0,0,0,0,0,0,0,4,0,40.0548,-75.1513, , 
44130,508759,2013045093,6,67,67301,2013,4,5,208,2,3,1,0,0,1, , ,N,0,0,2,3,0,1,1,1,N,N,39 54:42.982,75 08:56.581,216, ,209, ,0, ,N, ,0, , , , , , , , , ,1,0,1,0,0,0,0,0,0,0,0,0,1,1,0,0,0,0,0,0,0,0,0,0,0,0,0,0,0,0,0,0,0,0,0,8,0,39.9119,-75.1491, , 
44131,502158,2014122420,6,67,67301,2014,11,5,2005,20,3,1,0,8,1, , ,N,1,3,2,3,0,1,2,2,N,N,40 01:13.974,75 09:13.247,2056, ,2052, ,0, ,N, ,3, , , , , , , , , ,1,1,0,0,0,0,0,0,0,0,0,0,1,1,0,0,0,0,0,0,0,0,0,0,0,0,0,0,0,0,0,0,1,0,0,8,0,40.0204,-75.1521, , 
44132,502159,2014122433,6,67,67301,2014,11,1,1325,13,1,1,0,4,1, , ,N,1,2,0,3,0,1,2,2,N, ,39 58:23.617,75 11:01.532,1328, ,1328, ,0, , , ,3, , , , , , , , , ,2,2,0,0,0,0,0,0,0,0,0,0,1,1,0,0,0,0,0,0,1,0,1,0,0,0,0,0,0,0,0,0,0,0,0,8,0,39.9732,-75.1838, , 
44133,502164,2014104989,6,67,67301,2014,10,4,1630,16,1,1,0,4,1, , ,N,2,2,0,3,0,1,2,2,N, ,39 55:34.561,75 11:03.741,1640, ,1635, ,0, , , ,3, , , , , , , , , ,1,1,0,0,0,0,0,0,1,1,0,0,1,0,0,0,0,0,0,0,0,0,0,0,0,0,0,0,0,0,0,1,0,0,0,2,0,39.9263,-75.1843, , 
44134,502172,2014111479,6,67,67301,2014,10,6,1840,18,3,1,0,1,1, , ,N,5,2,0,3,0,1,2,2,N, ,40 02:28.966,75 04:51.549,1850, ,1850, ,0, , , ,3, , , , , , , , , ,2,1,0,0,0,0,1,0,0,0,0,1,1,0,0,0,0,0,0,0,0,0,0,0,0,0,0,0,0,0,0,0,0,0,0,4,0,40.0414,-75.0809, , 
44135,502185,2014127902,6,67,67301,2014,11,4,1405,14,1,1,1,4,1, , ,N,0,0,0,3,0,1,2,2,N,N,40 03:28.551,75 03:33.393,1415, ,1410, ,0, , , ,0, , , , , , , , , ,2,2,0,0,0,0,0,0,0,0,0,0,1,1,1,0,0,0,0,0,0,0,0,0,0,0,0,0,0,0,0,0,0,0,0,8,0,40.0579,-75.0593, , 
44136,502188,2014130460,6,67,67301,2014,12,4,2344,23,3,1,0,7,4, , ,N,1,2,0,3,0,1,1,1,N,N,40 03:29.036,75 03:34.841,2346, ,2345, ,0, ,N, ,3, , , , , , , , , ,1,1,0,0,0,0,0,0,0,0,0,1,1,0,0,0,0,0,0,0,0,0,0,1,0,0,0,0,0,0,0,0,0,0,0,4,0,40.058,-75.0596, , 
44137,502208,2015019000,6,67,67301,2014,12,1,150,1,3,1,0,7,3, , ,N,0,0,0,3,0,2,2,1,N, ,40 00:38.906,75 11:02.874,210, ,203,3,1,2, , ,0,N, , , , , , , , ,1,1,0,0,0,0,0,0,0,0,0,0,2,2,0,0,0,0,0,0,1,0,0,0,0,0,0,0,0,0,0,0,0,0,0,8,0,40.0108,-75.1841, , 
44138,502215,2014113165,6,67,67301,2014,4,4,1930,19,1,2,1,5,7, , ,N,7,0,2,3,0,3,3,2,N,N,40 00:42.920,75 12:17.697,0, ,0, ,0, ,N, ,0, , , , , , , , , ,2,1,0,0,0,0,0,0,0,2,0,1,3,0,0,0,0,0,1,0,0,0,0,0,0,0,0,2,0,0,0,0,0,0,0,2,0,40.014,-75.2046, , 
44139,502239,2015018979,6,67,67301,2014,10,5,1724,17,1,1,0,4,1, , ,N,1,2,0,3,0,1,2,2,N,N,39 57:18.043,75 14:17.451,1726, ,1725,9,2,7,N, ,3,Y, , , , , , , , ,2,0,1,0,0,0,1,0,0,1,0,0,1,0,0,0,0,0,0,0,0,0,0,0,0,0,0,0,0,1,0,0,0,0,0,2,0,39.955,-75.2382, , 
44140,502240,2015028650,6,67,67301,2014,10,1,2300,23,3,1,0,1,1, , ,N,0,2,0,3,0,1,2,2,N,N,40 01:06.664,75 08:49.401,0, ,0, ,0, ,N, ,3, , , , , , , , , ,2,1,0,0,0,0,1,0,0,0,0,0,1,1,0,0,0,0,1,0,0,0,0,0,0,0,0,0,0,0,0,0,0,0,0,8,0,40.0185,-75.1471, , 
44141,502259,2014106740,6,67,67301,2014,10,5,1130,11,1,1,0,4,1, , ,N,1,2,0,3,0,1,3,3,N,N,40 01:40.095,75 05:55.134,1140, ,1135,2,2,2,N, ,3,Y, , , , , , , , ,3,1,0,0,1,0,0,1,0,0,0,0,1,1,1,0,0,0,0,1,1,0,0,0,0,0,0,0,0,0,0,0,0,0,0,8,0,40.0277,-75.0988, , 
44142,502268,2014116195,6,67,67301,2014,11,5,1850,18,3,2,1,5,1, , ,N,0,0,0,3,0,1,2,2,N,N,39 58:34.963,75 11:44.105,1903, ,1850, ,0, ,N, ,0, , , , , , , , , ,2,1,0,0,0,0,1,0,0,0,0,0,1,1,0,0,0,0,0,0,0,0,0,0,0,0,0,0,0,0,0,0,0,0,0,8,0,39.9764,-75.1956, , 
44143,502275,2014130610,6,67,67301,2014,12,3,749,7,1,1,0,1,1,1,4,Y,0,0,0,3,0,0,2,2,N,N,40 01:29.977,75 01:46.636,828,45,758, ,0, ,N, ,0, ,Y,N,N,N,Y,N,N,Y,2,1,0,0,0,0,0,1,0,0,0,0,0,0,0,0,0,0,0,0,0,0,0,0,0,0,0,0,0,0,0,0,0,0,0,0,0,40.025,-75.0296, , 
44144,502279,2015088059,6,67,67301,2014,9,6,1600,16,1,1,0,1,1, , ,N,3,3,0,3,0,1,2,2,N,N,40 00:42.487,75 08:03.551,0, ,0, ,0, ,N, ,3, , , , , , , , , ,2,0,0,0,0,0,1,0,0,0,0,0,1,1,0,0,1,0,0,0,0,0,0,0,0,0,0,0,0,0,0,0,0,0,0,8,0,40.0118,-75.1343, , 
44145,502294,2014122493,6,67,67301,2014,11,1,1425,14,1,1,0,1,1, , ,N,0,0,0,3,0,0,2,2,N, ,40 04:31.188,75 00:05.351,1450, ,1447, ,0, , , ,0, , , , , , , , , ,2,1,0,0,0,0,1,0,0,0,0,0,0,0,0,0,0,1,0,0,0,0,0,0,0,0,0,0,0,0,0,0,0,0,0,0,0,40.0753,-75.0015, , 
44146,502302,2014130493,6,67,67301,2014,12,6,2112,21,3,1,0,6,1, , ,N,0,0,0,3,0,3,3,2,N, ,39 59:23.540,75 06:27.327,2113, ,2113,2,2,6, , ,0,Y, , , , , , , , ,2,1,0,0,0,0,0,1,0,0,0,0,3,3,0,0,0,0,0,0,0,0,0,0,0,0,0,0,0,0,0,0,0,0,0,8,0,39.9899,-75.1076, , 
44147,502328,2014127516,6,67,67301,2014,12,5,840,8,3,1,0,1,6, , ,N,0,0,0,3,0,0,1,2,N,N,40 03:38.530,75 02:49.542,1843, ,843, ,0, , , ,0, , , , , , , , , ,2,1,0,0,1,0,0,0,0,0,0,0,0,0,0,0,0,0,0,0,1,0,0,0,0,0,0,0,0,0,0,0,0,0,0,0,0,40.0607,-75.0471, , 
44148,502335,2015002793,6,67,67301,2014,12,3,1253,12,1,2,1,1,1, , ,N,1,0,0,3,0,2,3,2,N,N,40 00:41.992,75 09:47.094,1310, ,1302, ,0, ,N, ,0, , , , , , , , , ,2,2,0,0,0,0,0,0,0,0,0,1,2,1,1,0,0,0,0,0,1,0,0,0,0,0,0,0,0,0,0,0,0,0,0,4,0,40.0116,-75.163, , 
44149,504827,2014109956,6,67,67301,2014,10,6,235,2,3,1,0,8,1, , ,N,2,0,0,3,0,1,2,2,N,N,40 01:16.165,75 07:34.193,240, ,234, ,0, ,N, ,0, , , , , , , , , ,1,0,0,0,0,0,1,0,0,0,0,0,1,1,1,0,0,0,0,0,0,0,0,0,0,0,0,0,0,0,0,0,1,0,0,8,0,40.0212,-75.1262, , 
44150,504855,2014120899,6,67,67301,2014,9,4,119,1,3,1,0,7,4, , ,N,1,3,1,3,0,0,2,2,N,N,39 59:26.131,75 09:11.051,9999, ,9999,3,2,1, , ,3,Y, , , , , , , , ,1,1,0,0,0,0,0,0,0,0,0,0,0,0,0,0,0,0,0,0,0,0,0,0,0,0,0,0,0,0,0,0,0,0,0,0,0,39.9906,-75.1531, , 
44151,504857,2014127436,6,67,67301,2014,12,4,1645,16,3,2,1,4,1, , ,N,2,0,0,3,0,0,2,2,N,N,39 55:48.957,75 13:19.160,1725, ,1720, ,0, ,N, ,0, , , , , , , , , ,2,1,0,0,0,0,1,0,0,0,0,0,0,0,0,0,0,0,0,0,1,1,0,0,0,0,0,0,0,0,0,0,0,0,0,0,0,39.9303,-75.222, , 
44152,504866,2014131802,6,67,67301,2014,12,3,1200,12,1,2,1,5,1, , ,N,0,0,0,3,0,3,4,2,N,N,39 58:28.808,75 07:18.906,1210, ,1208, ,0, ,N, ,0, , , , , , , , , ,2,2,0,0,0,0,0,0,0,0,0,2,3,1,0,0,0,0,0,0,1,0,0,0,0,0,0,0,0,0,0,0,0,0,0,4,0,39.9747,-75.1219, , 
44153,504881,2014104576,6,67,67301,2014,8,5,150,1,3,1,0,2,1, , ,N,0,0,0,3,0,3,4,2,N,N,40 00:21.302,75 09:07.107,154, ,150,4,2,5,N, ,0,Y, , , , , , , , ,2,1,0,0,1,0,0,0,0,0,1,2,3,0,1,0,0,0,0,0,0,0,0,0,0,0,0,0,0,0,0,0,0,0,0,3,0,40.0059,-75.152, , 
44154,504906,2014125052,6,67,67301,2014,11,3,912,9,1,1,0,7,4, , ,N,0,0,0,3,0,1,1,1,N, ,39 59:14.726,75 09:42.854,917, ,914, ,0, , , ,0, , , , , , , , , ,1,0,0,0,0,0,1,0,0,0,0,1,1,0,0,0,0,0,0,0,0,0,1,0,0,0,0,0,0,0,0,0,0,0,0,4,0,39.9874,-75.1619, , 
44155,504909,2014127407,6,67,67301,2014,11,4,1008,10,1,3,1,8,1, , ,N,1,2,0,3,0,1,2,2,N, ,39 57:11.414,75 10:11.809,1015, ,1011, ,0, , , ,3, , , , , , , , , ,1,1,0,0,0,0,0,0,0,0,0,0,1,1,0,0,0,0,0,0,0,0,0,0,0,0,0,0,0,0,0,0,1,0,0,8,0,39.9532,-75.17, , 
44156,504921,2014111471,6,67,67301,2014,10,6,1514,15,1,1,0,4,1, , ,N,2,0,0,3,0,2,3,3,N,N,40 01:25.051,75 03:12.976,1520, ,1515, ,0, ,N, ,0, , , , , , , , , ,3,2,0,0,0,0,0,1,0,0,0,0,2,2,0,0,0,0,0,0,0,1,0,0,0,0,0,0,0,0,0,0,0,0,0,8,0,40.0236,-75.0536, , 
44157,504925,2014115614,6,67,67301,2014,11,5,1740,17,4,2,1,8,1, , ,N,2,3,0,3,0,1,2,2,N,N,39 55:52.723,75 08:46.251,1920, ,1910, ,0, ,N, ,3, , , , , , , , , ,1,0,0,0,0,0,1,0,0,0,0,0,1,1,0,0,0,0,0,0,0,0,0,0,0,0,0,0,0,0,0,0,1,0,0,8,0,39.9313,-75.1462, , 
44158,504978,2015006680,6,67,67301,2014,12,6,1230,12,1,1,0,4,1, , ,N,1,2,0,3,0,0,5,2,N,N,39 58:14.012,75 08:59.857,1300, ,1230, ,0, , , ,3, , , , , , , , , ,2,1,0,0,0,0,1,0,0,0,0,0,0,0,0,0,0,0,0,0,1,0,0,0,0,0,0,0,0,0,0,0,0,0,0,0,0,39.9704,-75.15, , 
44159,504980,2014106773,6,67,67301,2014,10,4,1248,12,1,2,1,7,4, , ,N,0,0,0,3,0,2,3,2,N,N,40 00:58.093,75 12:14.601,1249, ,1248,3,2,1,N, ,0,Y, , , , , , , , ,2,2,0,0,0,0,0,0,0,0,0,2,2,0,0,0,0,0,0,0,0,0,0,2,0,0,0,0,0,0,0,0,0,0,0,4,0,40.0161,-75.2041, , 
44160,504997,2014125081,6,67,67301,2014,11,6,815,8,1,1,0,4,1, , ,N,1,2,0,3,0,4,6,3,N, ,39 58:08.398,75 14:14.222,829, ,818, ,0, , , ,3, , , , , , , , , ,3,2,0,0,0,0,1,0,0,0,0,0,4,4,1,0,0,0,0,0,0,0,0,0,0,0,0,0,0,0,0,0,0,0,0,8,0,39.969,-75.2372, , 
44161,505028,2014111464,6,67,67301,2014,10,4,2020,20,3,2,1,1,1, , ,N,1,2,0,3,0,1,3,2,N,N,39 59:25.567,75 07:37.312,2042, ,2033, ,0, ,N, ,3, , , , , , , , , ,2,2,0,0,0,0,0,0,0,0,0,0,1,1,0,0,0,0,0,0,0,0,0,0,0,0,0,0,0,0,0,0,0,0,0,8,0,39.9903,-75.127, , 
44162,505031,2014113419,6,67,67301,2014,10,3,1608,16,1,1,0,5,1, , ,N,0,0,0,3,0,2,4,2,N,N,39 56:22.650,75 10:52.011,1618, ,1618, ,0, ,N, ,0, , , , , , , , , ,2,0,0,0,0,0,0,2,0,0,0,2,2,0,0,0,0,0,0,0,0,0,0,0,0,0,0,0,0,0,0,0,0,0,0,4,0,39.9396,-75.1811, , 
44163,505049,2015015544,6,67,67301,2014,12,3,1513,15,1,1,0,4,1, , ,N,2,3,0,3,0,1,2,2,N,N,39 55:37.984,75 13:45.926,1625, ,1618, ,0, ,N, ,3, , , , , , , , , ,2,1,0,0,0,0,0,1,0,0,0,0,1,1,0,0,0,0,0,0,1,0,0,0,0,0,0,0,0,0,0,0,0,0,0,8,0,39.9272,-75.2294, , 