objectid_1,objectid,crn,district,county,municipality,crash_year,crash_month,day_of_week,time_of_day,hour_of_day,illumination,weather,road_condition,collision_type,relation_to_road,work_zone_type,work_zone_loc,work_zone_ind,intersect_type,tcd_type,location_type,urban_rural,fatal_count,injury_count,person_count,total_units,sch_bus_ind,sch_zone_ind,latitude,longitude,arrival_tm,cons_zone_spd_lim,dispatch_tm,est_hrs_closed,lane_closed,ln_close_dir,ntfy_hiwy_maint,spec_juris_cd,tcd_func_cd,tfc_detour_ind,workers_pres,wz_close_detour,wz_flagger,wz_law_offcr_ind,wz_ln_closure,wz_moving,wz_other,wz_shlder_mdn,vehicle_count,automobile_count,motorcycle_count,bus_count,small_truck_count,heavy_truck_count,suv_count,van_count,bicycle_count,maj_inj_count,mod_inj_count,min_inj_count,tot_inj_count,unk_inj_deg_count,unk_inj_per_count,driver_count_16yr,driver_count_17yr,driver_count_18yr,driver_count_19yr,driver_count_20yr,driver_count_50_64yr,driver_count_65_74yr,driver_count_75plus,unbelted_occ_count,unb_death_count,unb_maj_inj_count,belted_death_count,belted_maj_inj_count,mcycle_death_count,mcycle_maj_inj_count,bicycle_death_count,bicycle_maj_inj_count,ped_count,ped_death_count,ped_maj_inj_count,max_severity_level,comm_veh_count,dec_lat,dec_long,rdwy_surf_type_cd,county_name
44232,505143,2015002697,6,67,67301,2014,12,7,1315,13,1,2,1,7,3, , ,N,0,0,0,3,0,1,1,1,N,N,40 01:04.052,75 08:59.379,1320, ,1315, ,0, ,N, ,0, , , , , , , , , ,1,1,0,0,0,0,0,0,0,0,0,1,1,0,0,0,0,0,0,0,0,0,0,0,0,0,0,0,0,0,0,0,0,0,0,4,0,40.0178,-75.1498, , 
44233,505146,2014113457,6,67,67301,2014,11,7,9999,99,3,1,0,4,1, , ,N,1,2,0,3,0,1,2,2,N,N,39 58:23.685,75 12:43.721,2159, ,2158, ,0, , , ,3, , , , , , , , , ,2,1,0,0,0,0,0,1,0,0,0,0,1,1,0,0,0,0,0,0,0,1,0,0,0,0,0,0,0,0,0,0,0,0,0,8,0,39.9732,-75.2121, , 
44234,505174,2014111484,6,67,67301,2014,10,2,1620,16,1,1,0,1,1, , ,N,0,2,0,3,0,1,4,2,N,N,39 56:56.058,75 10:03.979,1650, ,1638, ,0, ,N, ,3, , , , , , , , , ,2,0,0,0,0,0,1,1,0,0,0,1,1,0,0,0,0,0,0,0,0,0,0,0,0,0,0,0,0,0,0,0,0,0,0,4,0,39.9489,-75.1678, , 
44235,505184,2014113314,6,67,67301,2014,10,5,1105,11,1,1,0,4,1, , ,N,1,2,0,3,0,1,4,2,N,N,40 02:49.411,75 05:27.941,9999, ,1105, ,0, ,N, ,3, , , , , , , , , ,2,0,0,0,0,0,2,0,0,0,0,1,1,0,0,0,0,0,0,0,0,0,0,0,0,0,0,0,0,0,0,0,0,0,0,4,0,40.0471,-75.0911, , 
44236,505208,2015003327,6,67,67301,2014,12,5,3,0,3,1,0,0,1, , ,N,0,0,0,3,0,0,1,1,N,N,40 01:33.657,75 05:46.446,5, ,3, ,0, ,N, ,0, , , , , , , , , ,1,1,0,0,0,0,0,0,0,0,0,0,0,0,0,0,0,0,0,0,0,0,0,0,0,0,0,0,0,0,0,0,0,0,0,0,0,40.026,-75.0962, , 
44237,505213,2015020753,6,67,67301,2014,12,3,1122,11,1,1,0,8,1, , ,N,1,2,0,3,0,1,2,2,N, ,39 56:29.824,75 13:12.602,1146, ,1135, ,0, , , ,3, , , , , , , , , ,1,0,0,0,0,0,0,1,0,0,0,0,1,1,0,0,0,0,0,0,0,0,0,0,0,0,0,0,0,0,0,0,1,0,0,8,0,39.9416,-75.2201, , 
44238,505216,2014113273,6,67,67301,2014,10,5,2110,21,3,1,0,5,6, , ,N,0,0,0,3,0,0,1,3,N,N,39 58:47.499,75 10:29.755,2130, ,2110, ,0, , , ,0, , , , , , , , , ,3,0,0,0,1,0,1,1,0,0,0,0,0,0,0,0,0,0,0,0,0,0,0,0,0,0,0,0,0,0,0,0,0,0,0,0,0,39.9799,-75.1749, , 
44239,505230,2014121622,6,67,67301,2014,11,6,1535,15,1,1,0,5,1, , ,N,0,0,0,3,0,0,2,2,N,N,39 55:37.076,75 11:41.927,1540, ,1535, ,0, ,N, ,0, , , , , , , , , ,2,0,0,0,0,1,1,0,0,0,0,0,0,0,1,0,0,0,0,0,1,0,0,0,0,0,0,0,0,0,0,0,0,0,0,9,1,39.927,-75.195, , 
44240,505231,2014125048,6,67,67301,2014,11,7,2215,22,3,1,0,8,1, , ,N,0,0,0,3,0,1,2,2,N,N,40 02:39.324,75 01:05.720,2215, ,2215, ,0, , , ,0, , , , , , , , , ,1,1,0,0,0,0,0,0,0,0,0,0,1,1,0,0,0,0,0,0,0,0,0,0,0,0,0,0,0,0,0,0,1,0,0,8,0,40.0443,-75.0183, , 
44241,512022,2013055401,6,67,67301,2013,5,6,1705,17,1,1,1,8,1, , ,N,0,0,0,3,0,1,2,2,N,N,39 59:54.693,75 09:55.764,1722, ,1716, ,0, ,N, ,0, , , , , , , , , ,1,0,0,0,0,0,1,0,0,0,0,1,1,0,0,0,0,0,0,0,0,0,0,0,0,0,0,0,0,0,0,0,1,0,0,4,0,39.9985,-75.1655, , 
44242,512028,2013065308,6,67,67301,2013,5,1,557,5,5,2,1,8,1, , ,N,1,2,0,3,0,1,2,2,N,N,40 02:51.086,75 08:34.404,606, ,605,1,1,2,N, ,3,N, , , , , , , , ,1,1,0,0,0,0,0,0,0,0,0,1,1,0,0,0,0,0,0,0,0,0,0,0,0,0,0,0,0,0,0,0,1,0,0,4,0,40.0475,-75.1428, , 
44243,512035,2013077490,6,67,67301,2013,7,1,915,9,1,1,0,4,1, , ,N,1,2,0,3,0,3,5,3,N,N,40 02:02.361,75 04:27.863,922, ,916,1,1,1,N, ,3,N, , , , , , , , ,3,3,0,0,0,0,0,0,0,0,0,3,3,0,0,0,0,0,0,0,0,0,0,0,0,0,0,0,0,0,0,0,0,0,0,4,0,40.034,-75.0744, , 
44244,512036,2013077546,6,67,67301,2013,6,7,1200,12,1,1,0,8,1, , ,N,0,0,0,3,0,1,2,2,N,N,39 59:00.193,75 09:51.361,1218, ,1211, ,0, ,N, ,0, , , , , , , , , ,1,0,0,0,1,0,0,0,0,0,0,0,1,1,0,0,0,0,0,0,0,0,0,0,0,0,0,0,0,0,0,0,1,0,0,8,0,39.9834,-75.1643, , 
44245,512043,2013002439,6,67,67301,2013,1,6,1716,17,3,1,0,1,1, , ,N,0,0,0,3,0,1,3,3,N,N,39 59:45.522,75 04:58.049,1719, ,1716, ,0, ,N, ,0, , , , , , , , , ,3,3,0,0,0,0,0,0,0,0,0,1,1,0,0,0,0,0,0,1,0,0,0,0,0,0,0,0,0,0,0,0,0,0,0,4,0,39.9959,-75.0829, , 
44246,512058,2013024938,6,67,67301,2013,2,2,738,7,1,8,6,1,1, , ,N,0,0,0,3,0,0,3,3,N, ,40 00:34.621,75 07:03.352,751, ,748, ,0, , , ,0, , , , , , , , , ,3,1,0,0,0,0,1,1,0,0,0,0,0,0,0,0,0,0,0,0,1,0,0,0,0,0,0,0,0,0,0,0,0,0,0,0,0,40.0096,-75.1176, , 
44247,512063,2013033051,6,67,67301,2013,3,2,1006,10,1,1,0,4,1, , ,N,0,0,0,3,0,1,2,2,N,N,39 56:41.184,75 08:33.960,1020, ,1010,1,1,2,N, ,0,N, , , , , , , , ,2,1,0,0,1,0,0,0,0,0,1,0,1,0,0,0,0,0,0,0,1,0,0,0,0,0,0,0,0,0,0,0,0,0,0,3,0,39.9448,-75.1428, , 
44248,512072,2013042781,6,67,67301,2013,4,3,2004,20,1,1,0,1,1, , ,N,0,0,0,3,0,1,3,3,N,N,39 55:31.381,75 08:48.927,2021, ,2010,2,1,1,N, ,0,N, , , , , , , , ,3,2,0,0,0,0,0,1,0,1,0,0,1,0,0,0,0,0,0,0,0,0,0,0,0,0,0,1,0,0,0,0,0,0,0,2,0,39.9253,-75.1469, , 
44249,512105,2013023526,6,67,67301,2013,1,3,1305,13,1,9,5,4,1, , ,N,1,2,0,3,0,1,2,2,N,N,40 00:20.401,75 08:53.861,1318, ,1310, ,0, ,N, ,3, , , , , , , , , ,2,1,0,0,1,0,0,0,0,0,0,1,1,0,0,0,0,0,0,0,0,0,0,0,0,0,0,0,0,0,0,0,0,0,0,4,0,40.0057,-75.1483, , 
44250,512108,2013024876,6,67,67301,2013,1,2,1325,13,1,1,1,4,1, , ,N,2,3,0,3,0,0,2,2,N,N,39 58:39.345,75 09:38.332,1350, ,1347, ,0, , , ,3, , , , , , , , , ,2,2,0,0,0,0,0,0,0,0,0,0,0,0,1,0,0,0,0,0,0,0,0,0,0,0,0,0,0,0,0,0,0,0,0,9,0,39.9776,-75.1606, , 
44251,512110,2013029789,6,67,67301,2013,2,3,1510,15,1,2,1,4,1, , ,N,1,2,0,3,0,0,2,2,N,N,39 53:28.870,75 10:33.563,1540, ,1530, ,0, ,N, ,3, , , , , , , , , ,2,1,0,0,0,0,0,1,0,0,0,0,0,0,0,0,0,0,0,0,1,0,0,0,0,0,0,0,0,0,0,0,0,0,0,0,0,39.8914,-75.176, , 
44252,512116,2013036079,6,67,67301,2013,3,1,3,0,3,1,0,0,1, , ,N,0,0,8,3,0,0,1,1,N,N,39 59:41.405,75 04:52.102,6, ,3,3,2,3,N, ,0,Y, , , , , , , , ,1,0,0,0,0,0,1,0,0,0,0,0,0,0,0,0,0,0,0,0,0,0,0,0,0,0,0,0,0,0,0,0,0,0,0,0,0,39.9948,-75.0811, , 
44253,512135,2013053048,6,67,67301,2013,4,1,35,0,3,1,0,8,1, , ,N,1,2,0,3,0,1,2,2,N,N,39 54:17.114,75 10:06.769,45, ,37, ,0, ,N, ,3, , , , , , , , , ,1,1,0,0,0,0,0,0,0,0,1,0,1,0,0,0,0,0,0,0,0,0,0,0,0,0,0,0,0,0,0,0,1,0,0,3,0,39.9048,-75.1685, , 
44254,512140,2013007397,6,67,67301,2013,1,1,252,2,3,4,1,0,1, , ,N,0,0,4,3,0,1,3,1,N,N,39 56:37.408,75 08:34.737,308, ,255,1,1,2,N, ,0,N, , , , , , , , ,1,1,0,0,0,0,0,0,0,0,0,1,1,0,0,0,0,0,0,0,0,0,0,0,0,0,0,0,0,0,0,0,0,0,0,4,0,39.9437,-75.143, , 
44255,512153,2013029643,6,67,67301,2013,2,7,1400,14,1,1,0,4,1, , ,N,0,0,0,3,0,0,2,2,N,N,40 03:56.246,75 05:05.082,1421, ,1410,9,1,4,N, ,0,N, , , , , , , , ,2,2,0,0,0,0,0,0,0,0,0,0,0,0,0,0,0,0,0,0,1,1,0,0,0,0,0,0,0,0,0,0,0,0,0,0,0,40.0656,-75.0847, , 
44256,512159,2013035162,6,67,67301,2013,3,2,2020,20,3,1,0,4,1, , ,N,2,2,0,3,0,1,2,2,N,N,39 57:47.719,75 11:18.597,2020, ,2020, ,0, ,N, ,3, , , , , , , , , ,1,1,0,0,0,0,0,0,1,0,0,1,1,0,0,0,0,0,0,0,0,0,0,0,0,0,0,0,0,0,0,0,0,0,0,4,0,39.9633,-75.1885, , 
44257,512173,2013055930,6,67,67301,2013,4,5,52,0,3,1,0,2,1, , ,N,0,0,0,3,0,3,3,3,N,N,40 02:49.785,75 05:52.642,52, ,52,2,2,5,N, ,0,Y, , , , , , , , ,3,2,0,0,1,0,0,0,0,0,0,0,3,3,0,0,0,0,0,0,0,0,0,0,0,0,0,0,0,0,0,0,0,0,0,8,0,40.0472,-75.098, , 
44258,512182,2013065549,6,67,67301,2013,5,3,1547,15,1,1,0,4,1, , ,N,1,0,0,3,0,1,3,3,N, ,39 56:18.900,75 11:54.432,1556, ,1554, ,0, , , ,0, , , , , , , , , ,3,2,0,0,0,0,1,0,0,0,0,1,1,0,0,0,0,0,0,1,0,0,0,0,0,0,0,0,0,0,0,0,0,0,0,4,0,39.9386,-75.1985, , 
44259,512229,2013055466,6,67,67301,2013,5,4,2339,23,3,2,1,7,5, , ,N,0,0,0,3,0,1,1,1,N,N,39 57:09.372,75 11:31.681,2344, ,2340,1,1,2,N, ,0,N, , , , , , , , ,1,1,0,0,0,0,0,0,0,0,0,1,1,0,0,0,0,0,0,0,0,0,0,0,0,0,0,0,0,0,0,0,0,0,0,4,0,39.9526,-75.1921, , 
44260,508989,2013044141,6,67,67301,2013,3,7,1643,16,1,1,0,4,1, , ,N,1,2,0,3,0,5,9,3,N,N,40 01:02.991,75 03:54.641,1708, ,1704, ,0, ,N, ,3, , , , , , , , , ,3,3,0,0,0,0,0,0,0,0,0,0,5,5,0,0,0,0,0,0,1,1,0,0,0,0,0,0,0,0,0,0,0,0,0,8,0,40.0176,-75.065, , 
44261,508993,2013047267,6,67,67301,2013,4,2,2315,23,3,1,0,4,1, , ,N,1,2,0,3,0,1,2,2,N,N,40 02:58.479,75 05:44.227,2355, ,2315,9,1,2,N, ,3,N, , , , , , , , ,2,2,0,0,0,0,0,0,0,0,0,1,1,0,0,0,0,0,0,0,1,0,0,0,0,0,0,0,0,0,0,0,0,0,0,4,0,40.0496,-75.0956, , 
44262,508996,2013050267,6,67,67301,2013,4,7,452,4,3,2,1,5,6, , ,N,0,0,0,3,0,0,1,5,N, ,39 56:37.536,75 10:38.154,455, ,453, ,0, , , ,0, , , , , , , , , ,5,5,0,0,0,0,0,0,0,0,0,0,0,0,0,0,0,0,0,0,0,0,0,0,0,0,0,0,0,0,0,0,0,0,0,0,0,39.9438,-75.1773, , 
44263,509021,2013012122,6,67,67301,2013,1,2,1515,15,1,1,0,8,1, , ,N,1,2,0,3,0,1,2,2,N,Y,40 02:44.262,75 07:42.522,1524, ,1518, ,0, ,N, ,3, , , , , , , , , ,1,0,0,0,0,0,1,0,0,0,0,1,1,0,0,0,0,0,0,0,0,1,0,0,0,0,0,0,0,0,0,0,1,0,0,4,0,40.0456,-75.1285, , 
44264,509032,2013024893,6,67,67301,2013,2,2,1058,10,1,1,0,1,1, , ,N,0,0,0,3,0,1,2,2,N,N,39 55:27.552,75 14:24.813,1130, ,1122, ,0, ,N, ,0, , , , , , , , , ,2,1,0,0,0,0,0,0,0,0,0,0,1,1,0,0,0,0,0,0,0,0,0,0,0,0,0,0,0,0,0,0,0,0,0,8,0,39.9243,-75.2402, , 
44265,509036,2013029665,6,67,67301,2013,2,1,230,2,3,1,0,6,1, , ,N,0,0,0,3,0,0,1,2,N,N,40 02:39.465,75 03:31.784,247, ,243, ,0, ,N, ,0, , , , , , , , , ,2,2,0,0,0,0,0,0,0,0,0,0,0,0,1,0,0,0,0,0,0,0,0,0,0,0,0,0,0,0,0,0,0,0,0,9,0,40.0443,-75.0588, , 
44266,509046,2013035249,6,67,67301,2013,3,7,30,0,3,1,0,5,2, , ,N,0,0,0,3,0,0,1,2,N, ,39 55:32.876,75 14:02.338,56, ,49, ,0, , , ,0, , , , , , , , , ,2,2,0,0,0,0,0,0,0,0,0,0,0,0,0,0,0,0,1,0,0,0,0,0,0,0,0,0,0,0,0,0,0,0,0,0,0,39.9258,-75.234, , 
44267,509059,2013045511,6,67,67301,2013,4,4,1500,15,1,1,0,1,1, , ,N,0,0,0,3,0,1,3,3,N,N,39 59:45.990,75 11:49.216,1513, ,1507,1,2,3,N, ,0,N, , , , , , , , ,3,2,0,0,0,0,1,0,0,0,0,0,1,1,0,0,0,0,0,0,0,0,0,0,0,0,0,0,0,0,0,0,0,0,0,8,0,39.9961,-75.197, , 
44268,509060,2013046340,6,67,67301,2013,3,2,730,7,1,1,0,1,1, , ,N,0,2,0,3,0,1,2,2,N,N,39 58:58.222,75 09:24.822,734, ,730, ,0, ,N, ,3, , , , , , , , , ,2,1,0,0,0,0,1,0,0,0,0,1,1,0,0,0,0,0,0,0,0,0,0,2,0,0,0,0,0,0,0,0,0,0,0,4,0,39.9828,-75.1569, , 
44269,509061,2013046448,6,67,67301,2013,4,1,1839,18,1,1,0,4,1, , ,N,0,2,7,3,0,0,5,3,N, ,40 04:59.699,75 01:33.428,1852, ,1850, ,0, , , ,3, , , , , , , , , ,3,3,0,0,0,0,0,0,0,0,0,0,0,0,0,0,1,0,0,0,0,0,0,0,0,0,0,0,0,0,0,0,0,0,0,0,0,40.0832,-75.0262, , 
44270,509075,2013018525,6,67,67301,2013,2,2,446,4,3,1,0,5,1, , ,N,0,0,0,3,0,1,2,2,N,N,39 58:06.064,75 07:46.777,501, ,447,2,2,2,N, ,0,Y, , , , , , , , ,2,1,0,0,0,1,0,0,0,0,0,0,1,1,0,0,0,0,0,0,0,0,0,0,0,0,0,0,0,0,0,0,0,0,0,8,1,39.9684,-75.1296, , 
44271,509082,2013024902,6,67,67301,2013,2,7,1343,13,1,1,0,4,1, , ,N,5,2,0,3,0,6,6,2,N,N,39 57:46.426,75 12:06.810,1343, ,1345, ,0, , , ,3, , , , , , , , , ,2,2,0,0,0,0,0,0,0,0,0,6,6,0,0,0,0,0,0,0,0,0,0,0,0,0,0,0,0,0,0,0,0,0,0,4,0,39.9629,-75.2019, , 
44272,509115,2013012005,6,67,67301,2013,1,7,635,6,3,1,0,5,1, , ,N,1,2,0,3,0,0,1,2,N,N,39 58:15.186,75 09:54.831,1846, ,1840, ,0, ,N, ,3, , , , , , , , , ,2,0,0,0,2,0,0,0,0,0,0,0,0,0,0,0,0,0,0,0,0,0,0,0,0,0,0,0,0,0,0,0,0,0,0,0,0,39.9709,-75.1652, , 
44273,509128,2013031486,6,67,67301,2013,2,5,1120,11,1,1,0,1,1, , ,N,0,0,0,3,0,1,3,2,N,N,39 55:50.595,75 09:05.659,1200, ,1127, ,0, ,N, ,0, , , , , , , , , ,2,2,0,0,0,0,0,0,0,0,0,0,1,1,0,0,0,0,0,0,0,0,0,0,0,0,0,0,0,0,0,0,0,0,0,8,0,39.9307,-75.1516, , 
44274,509138,2013041290,6,67,67301,2013,3,5,650,6,1,1,0,8,1, , ,N,1,2,0,3,0,1,2,2,N,N,39 58:03.012,75 10:47.758,705, ,703, ,0, ,N, ,3, , , , , , , , , ,1,1,0,0,0,0,0,0,0,0,1,0,1,0,0,0,0,0,0,0,0,1,0,0,0,0,0,0,0,0,0,0,1,0,0,3,0,39.9675,-75.1799, , 
44275,509142,2013050195,6,67,67301,2013,4,7,102,1,3,2,1,5,1, , ,N,1,2,0,3,0,1,3,2,N,N,39 53:26.026,75 10:07.557,107, ,102, ,0, , , ,3, , , , , , , , , ,2,2,0,0,0,0,0,0,0,0,0,1,1,0,0,0,0,0,0,0,0,0,0,0,0,0,0,0,0,0,0,0,0,0,0,4,0,39.8906,-75.1688, , 
44276,509145,2013055590,6,67,67301,2013,4,5,1630,16,1,1,0,1,1,8,8,Y,0,0,0,3,0,0,3,3,N,N,39 54:19.627,75 11:39.561,1639,99,1630, ,0, , , ,0, ,U,U,U,U,U,U,U,U,3,2,0,0,0,0,1,0,0,0,0,0,0,0,0,0,0,0,0,0,0,0,0,0,0,0,0,0,0,0,0,0,0,0,0,0,0,39.9055,-75.1943, , 
44277,509157,2013070518,6,67,67301,2013,5,5,1010,10,1,1,0,4,1, , ,N,1,2,0,3,0,2,2,2,N,N,40 02:06.512,75 06:29.945,1014, ,1011, ,0, ,N, ,3, , , , , , , , , ,2,1,0,0,0,0,0,1,0,0,0,0,2,2,0,0,0,0,0,0,2,0,0,0,0,0,0,0,0,0,0,0,0,0,0,8,0,40.0353,-75.1085, , 
44278,509176,2013023560,6,67,67301,2013,1,6,813,8,1,1,0,6,1, , ,N,1,2,0,3,0,1,2,2,N,N,39 59:14.842,75 07:22.556,819, ,815, ,0, ,N, ,3, , , , , , , , , ,2,2,0,0,0,0,0,0,0,0,0,1,1,0,0,0,0,0,0,0,0,0,0,1,0,0,0,0,0,0,0,0,0,0,0,4,0,39.9875,-75.1229, , 
44279,502508,2015028109,6,67,67301,2014,9,4,1530,15,1,2,1,5,6, , ,N,0,0,0,3,0,0,5,2,N,N,39 59:10.053,75 05:22.754,0, ,0, ,0, ,N, ,0, , , , , , , , , ,2,1,0,0,0,0,0,0,0,0,0,0,0,0,0,0,0,0,0,0,0,0,0,0,0,0,0,0,0,0,0,0,0,0,0,0,0,39.9861,-75.0897, , 
44280,502509,2014111478,6,67,67301,2014,10,3,1100,11,1,1,0,4,1, , ,N,1,2,0,3,0,1,3,2,N, ,39 55:26.584,75 13:39.696,1105, ,1101,2,1,3, , ,3,N, , , , , , , , ,2,0,0,0,0,0,2,0,0,0,0,1,1,0,0,0,0,0,0,0,0,0,0,0,0,0,0,0,0,0,0,0,0,0,0,4,0,39.9241,-75.2277, , 
44281,502531,2015029967,6,67,67301,2014,11,7,400,4,3,1,0,1,1, , ,N,1,2,0,3,0,2,3,2,N,N,39 55:14.271,75 14:29.219,0, ,0, ,0, ,N, ,3, , , , , , , , , ,2,1,0,0,0,0,0,0,0,0,0,0,2,2,0,0,0,0,0,0,0,0,0,0,0,0,0,0,0,0,0,0,0,0,0,8,0,39.9206,-75.2414, , 
44282,502534,2014109888,6,67,67301,2014,10,2,1330,13,1,1,0,8,6, , ,N,0,0,0,3,0,1,2,2,N,N,40 02:42.002,75 09:48.768,1340, ,9999, ,0, ,N, ,0, , , , , , , , , ,1,1,0,0,0,0,0,0,0,0,0,0,1,1,0,0,0,0,0,0,0,0,0,0,0,0,0,0,0,0,0,0,1,0,0,8,0,40.045,-75.1635, , 
44283,502535,2014110442,6,67,67301,2014,10,7,1030,10,1,1,0,5,6, , ,N,0,0,0,3,0,0,1,2,N,N,39 56:07.998,75 09:37.796,1046, ,1037,2,2,4, , ,0,Y, , , , , , , , ,2,2,0,0,0,0,0,0,0,0,0,0,0,0,0,0,0,0,0,0,0,0,0,0,0,0,0,0,0,0,0,0,0,0,0,0,0,39.9356,-75.1605, , 
44284,502548,2015006077,6,67,67301,2014,12,3,2243,22,3,2,1,4,1, , ,N,1,3,0,3,0,1,3,3,N,N,39 59:37.989,75 10:16.370,2244, ,2243,2,2,7,N, ,3,N, , , , , , , , ,3,2,0,0,0,0,1,0,0,0,0,0,1,1,0,0,0,0,0,0,0,0,0,1,0,0,0,0,0,0,0,0,0,0,0,8,0,39.9939,-75.1712, , 
44285,502549,2015028582,6,67,67301,2014,10,7,1000,10,1,2,1,1,1, , ,N,3,2,0,3,0,3,4,2,N,N,40 04:57.151,75 02:15.941,0, ,0, ,0, ,N, ,3, , , , , , , , , ,2,0,0,0,0,0,0,1,0,1,0,2,3,0,0,0,0,0,0,0,1,0,0,0,0,0,0,1,0,0,0,0,0,0,0,2,0,40.0825,-75.0378, , 
44286,502558,2014106671,6,67,67301,2014,10,3,555,5,3,1,1,8,1, , ,N,1,2,0,3,0,1,2,2,N,N,40 00:36.733,75 05:53.140,610, ,606, ,0, ,N, ,3, , , , , , , , , ,1,0,0,0,0,0,1,0,0,0,0,0,1,1,0,0,0,0,0,0,0,0,0,0,0,0,0,0,0,0,0,0,1,0,0,8,0,40.0102,-75.0981, , 
44287,502563,2014113293,6,67,67301,2014,10,6,914,9,1,1,0,4,1, , ,N,1,2,0,3,0,1,2,2,N, ,40 03:12.464,75 03:17.783,925, ,914, ,0, , , ,3, , , , , , , , , ,2,1,0,0,1,0,0,0,0,0,0,0,1,1,0,0,0,0,0,0,0,0,0,0,0,0,0,0,0,0,0,0,0,0,0,8,0,40.0535,-75.0549, , 
44288,502575,2014127404,6,67,67301,2014,12,7,56,0,3,2,1,4,1, , ,N,0,0,0,3,0,0,2,2,N,Y,40 00:54.507,75 09:20.080,109, ,103,2,1,4,N, ,0,N, , , , , , , , ,2,2,0,0,0,0,0,0,0,0,0,0,0,0,0,0,0,0,0,0,0,0,0,1,0,0,0,0,0,0,0,0,0,0,0,0,0,40.0151,-75.1556, , 
44289,502579,2014130434,6,67,67301,2014,12,5,9999,99,1,4,6,7,4, , ,N,2,3,0,3,0,1,1,1,N, ,40 02:26.635,75 13:00.519,840, ,18, ,0, , , ,3, , , , , , , , , ,1,0,0,0,0,0,1,0,0,0,0,0,1,1,0,0,0,0,0,0,0,0,0,0,0,0,0,0,0,0,0,0,0,0,0,8,0,40.0407,-75.2168, , 
44290,502588,2014113325,6,67,67301,2014,10,5,1228,12,1,1,0,8,1, , ,N,1,2,0,3,0,1,2,2,N,N,40 01:39.133,75 03:44.544,1235, ,1233, ,0, ,N, ,3, , , , , , , , , ,1,1,0,0,0,0,0,0,0,0,0,0,1,1,0,0,0,0,0,0,0,0,0,0,0,0,0,0,0,0,0,0,1,0,0,8,0,40.0275,-75.0624, , 
44291,502590,2014115497,6,67,67301,2014,5,7,921,9,1,1,0,1,7, , ,N,7,0,2,3,0,2,3,2,N,N,39 58:06.099,75 07:44.559,0, ,0, ,0, ,N, ,0, , , , , , , , , ,2,1,0,0,0,0,0,0,0,0,0,2,2,0,1,0,0,0,0,0,0,0,0,0,0,0,0,0,0,0,0,0,0,0,0,4,0,39.9684,-75.129, , 
44292,502597,2014104489,6,67,67301,2014,10,5,2025,20,3,1,0,4,1, , ,N,1,2,0,3,0,1,3,2,N,N,40 04:27.539,75 02:05.367,2040, ,2032,1,2,6,N, ,3,Y, , , , , , , , ,2,2,0,0,0,0,0,0,0,0,0,1,1,0,0,0,0,0,0,0,0,0,0,0,0,0,0,0,0,0,0,0,0,0,0,4,0,40.0745,-75.035, , 
44293,502601,2014111514,6,67,67301,2014,10,3,715,7,1,1,0,5,1, , ,N,0,0,0,3,0,1,1,2,N, ,39 59:58.171,75 07:24.992,732, ,732, ,0, , , ,0, , , , , , , , , ,2,0,0,0,0,1,0,1,0,0,0,1,1,0,0,0,0,0,0,0,0,0,0,0,0,0,0,0,0,0,0,0,0,0,0,4,1,39.9995,-75.1236, , 
44294,502605,2014115457,6,67,67301,2014,7,5,1100,11,1,1,0,4,1, , ,N,1,2,0,3,0,1,2,2,N,N,40 00:29.406,75 08:33.738,0, ,0, ,0, ,N, ,3, , , , , , , , , ,2,1,0,0,0,0,0,0,0,0,0,0,1,1,1,0,0,0,0,0,0,0,0,0,0,0,0,0,0,0,0,0,0,0,0,8,0,40.0082,-75.1427, , 
44295,502608,2014116533,6,67,67301,2014,10,4,2005,20,3,2,1,8,1, , ,N,2,0,0,3,0,1,2,2,N,N,39 57:24.288,75 14:52.761,2010, ,2005,3,2,7,N, ,0,Y, , , , , , , , ,1,1,0,0,0,0,0,0,0,0,0,0,1,1,0,0,0,0,0,0,0,0,0,0,0,0,0,0,0,0,0,0,1,0,0,8,0,39.9567,-75.248, , 
44296,502619,2014125023,6,67,67301,2014,11,4,1147,11,1,2,1,8,1, , ,N,1,2,0,3,0,1,2,2,N,N,39 57:00.014,75 09:25.417,1147, ,1145, ,0, ,N, ,3, , , , , , , , , ,1,1,0,0,0,0,0,0,0,0,1,0,1,0,0,0,0,0,0,0,1,0,0,0,0,0,0,0,0,0,0,0,1,0,0,3,0,39.95,-75.157, , 
44297,505254,2014122454,6,67,67301,2014,11,5,1400,14,1,1,0,5,1, , ,N,0,0,0,3,0,1,2,2,N,N,40 00:47.799,75 05:12.605,1402, ,1402, ,0, ,N, ,0, , , , , , , , , ,2,2,0,0,0,0,0,0,0,1,0,0,1,0,0,0,0,0,0,0,1,0,0,0,0,0,0,1,0,0,0,0,0,0,0,2,0,40.0133,-75.0868, , 
44298,505266,2014113438,6,67,67301,2014,10,6,615,6,3,1,0,7,5, , ,N,3,0,0,3,0,0,1,1,N, ,40 00:48.312,75 07:20.668,625, ,615, ,0, , , ,0, , , , , , , , , ,1,0,0,0,1,0,0,0,0,0,0,0,0,0,1,0,0,0,0,0,0,0,0,0,0,0,0,0,0,0,0,0,0,0,0,9,0,40.0134,-75.1224, , 