objectid_1,objectid,crn,district,county,municipality,crash_year,crash_month,day_of_week,time_of_day,hour_of_day,illumination,weather,road_condition,collision_type,relation_to_road,work_zone_type,work_zone_loc,work_zone_ind,intersect_type,tcd_type,location_type,urban_rural,fatal_count,injury_count,person_count,total_units,sch_bus_ind,sch_zone_ind,latitude,longitude,arrival_tm,cons_zone_spd_lim,dispatch_tm,est_hrs_closed,lane_closed,ln_close_dir,ntfy_hiwy_maint,spec_juris_cd,tcd_func_cd,tfc_detour_ind,workers_pres,wz_close_detour,wz_flagger,wz_law_offcr_ind,wz_ln_closure,wz_moving,wz_other,wz_shlder_mdn,vehicle_count,automobile_count,motorcycle_count,bus_count,small_truck_count,heavy_truck_count,suv_count,van_count,bicycle_count,maj_inj_count,mod_inj_count,min_inj_count,tot_inj_count,unk_inj_deg_count,unk_inj_per_count,driver_count_16yr,driver_count_17yr,driver_count_18yr,driver_count_19yr,driver_count_20yr,driver_count_50_64yr,driver_count_65_74yr,driver_count_75plus,unbelted_occ_count,unb_death_count,unb_maj_inj_count,belted_death_count,belted_maj_inj_count,mcycle_death_count,mcycle_maj_inj_count,bicycle_death_count,bicycle_maj_inj_count,ped_count,ped_death_count,ped_maj_inj_count,max_severity_level,comm_veh_count,dec_lat,dec_long,rdwy_surf_type_cd,county_name
44299,505274,2014120835,6,67,67301,2014,11,3,1249,12,1,1,0,1,1, , ,N,3,0,0,3,0,1,2,2,N,N,39 59:37.964,75 07:46.012,1249, ,1249, ,0, ,N, ,0, , , , , , , , , ,2,1,1,0,0,0,0,0,0,0,0,0,1,1,0,0,0,0,0,0,0,0,0,0,0,0,0,0,0,0,0,0,0,0,0,8,0,39.9939,-75.1294, , 
44300,505275,2014122435,6,67,67301,2014,11,6,1739,17,4,1,1,4,1, , ,N,1,3,0,3,0,2,4,2,N,N,40 03:07.828,75 05:35.123,1741, ,1741, ,0, ,N, ,3, , , , , , , , , ,2,0,0,0,1,0,1,0,0,0,0,1,2,1,1,0,0,0,0,0,1,0,0,0,0,0,0,0,0,0,0,0,0,0,0,4,0,40.0522,-75.0931, , 
44301,505286,2014061109,6,67,67301,2014,5,7,110,1,3,1,0,7,4, , ,N,0,0,0,3,0,0,1,1,N,N,39 56:44.970,75 10:26.922,150, ,142, ,0, ,N, ,0, , , , , , , , , ,1,1,0,0,0,0,0,0,0,0,0,0,0,0,1,0,0,0,0,0,0,0,0,0,0,0,0,0,0,0,0,0,0,0,0,9,0,39.9458,-75.1741, , 
44302,505290,2014065553,6,67,67301,2014,5,7,1921,19,1,1,0,4,1, , ,N,2,3,0,3,0,1,2,2,N,N,40 02:29.432,75 11:06.363,1930, ,1922, ,0, ,N, ,3, , , , , , , , , ,1,1,0,0,0,0,0,0,1,0,0,1,1,0,0,0,0,0,0,0,0,0,0,1,0,0,0,0,0,0,0,0,0,0,0,4,0,40.0415,-75.1851, , 
44303,505303,2014088094,6,67,67301,2014,7,3,2217,22,3,1,0,8,1, , ,N,0,0,0,3,0,1,2,2,N,N,39 59:38.393,75 09:16.010,2232, ,2224, ,0, ,N, ,0, , , , , , , , , ,1,0,0,0,0,1,0,0,0,0,0,1,1,0,0,0,0,0,0,0,0,0,0,0,0,0,0,0,0,0,0,0,1,0,0,4,1,39.994,-75.1544, , 
44304,505305,2014091413,6,67,67301,2014,8,3,9999,99,3,1,0,4,6, , ,N,2,3,0,3,0,0,1,2,N,N,40 03:31.658,75 09:27.874,318, ,316, ,0, ,N, ,3, , , , , , , , , ,2,1,0,0,0,0,0,1,0,0,0,0,0,0,0,0,0,0,0,0,0,0,0,0,0,0,0,0,0,0,0,0,0,0,0,0,0,40.0588,-75.1577, , 
44305,505313,2014126756,6,67,67301,2014,12,5,1645,16,3,1,0,1,1, , ,N,0,0,0,3,0,2,3,3,N,N,39 57:22.591,75 10:49.579,1708, ,1645,2,1,4,N, ,0,N, , , , , , , , ,3,1,0,0,0,1,1,0,0,0,1,1,2,0,0,0,0,0,0,1,1,0,0,1,0,0,0,0,0,0,0,0,0,0,0,3,1,39.9563,-75.1804, , 
44306,505350,2015006675,6,67,67301,2014,12,4,920,9,1,2,1,4,1, , ,N,1,2,0,3,0,0,2,2,N, ,39 57:22.704,75 09:46.009,1415, ,1415, ,0, , , ,3, , , , , , , , , ,2,1,0,0,0,0,1,0,0,0,0,0,0,0,0,0,0,0,0,0,0,0,0,0,0,0,0,0,0,0,0,0,0,0,0,0,0,39.9562,-75.1627, , 
44307,505366,2014116185,6,67,67301,2014,10,7,204,2,3,1,0,7,2, , ,N,0,0,0,3,0,2,2,1,N,N,39 54:00.387,75 09:35.371,209, ,208,2,1,2,N, ,0,N, , , , , , , , ,1,1,0,0,0,0,0,0,0,1,0,1,2,0,0,0,0,0,0,0,0,0,0,2,0,1,0,0,0,0,0,0,0,0,0,2,0,39.9001,-75.1598, , 
44308,505367,2014116212,6,67,67301,2014,11,4,1715,17,3,1,0,1,1,1,2,Y,0,0,0,3,0,0,3,2,N,N,40 00:35.353,75 03:51.169,1756,45,1726, ,0, ,N, ,0, ,N,N,N,N,Y,Y,N,Y,2,1,0,0,0,0,1,0,0,0,0,0,0,0,0,0,0,0,0,0,0,0,0,0,0,0,0,0,0,0,0,0,0,0,0,0,0,40.0098,-75.0642, , 
44309,505377,2014127514,6,67,67301,2014,12,3,1425,14,1,2,1,4,1, , ,N,0,0,7,3,0,1,2,2,N,N,40 03:53.240,74 59:12.598,1455, ,1452, ,0, ,N, ,0, , , , , , , , , ,2,2,0,0,0,0,0,0,0,0,0,0,1,1,0,0,0,0,0,0,0,1,1,1,0,0,0,0,0,0,0,0,0,0,0,8,0,40.0648,-74.9868, , 
44310,505381,2015005179,6,67,67301,2014,12,1,312,3,3,1,0,5,1, , ,N,0,0,0,3,0,0,2,2,N,N,39 56:55.506,75 11:08.635,325, ,320, ,0, ,N, ,0, , , , , , , , , ,2,1,0,0,0,0,0,0,0,0,0,0,0,0,1,0,0,0,0,0,0,0,0,0,0,0,0,0,0,0,0,0,0,0,0,9,0,39.9488,-75.1857, , 
44311,505390,2014125085,6,67,67301,2014,11,2,750,7,1,2,1,1,1, , ,N,1,0,0,3,0,1,2,2,N, ,40 04:02.316,75 00:31.866,752, ,752, ,0, , , ,0, , , , , , , , , ,2,1,0,0,0,0,1,0,0,0,0,0,1,1,0,0,0,0,0,0,1,0,0,0,0,0,0,0,0,0,0,0,0,0,0,8,0,40.0673,-75.0089, , 
44312,505397,2015003337,6,67,67301,2014,12,6,1545,15,1,1,0,4,1, , ,N,0,0,0,3,0,1,3,2,N, ,39 59:30.111,75 08:12.481,1550, ,1545, ,0, , , ,0, , , , , , , , , ,2,1,0,0,0,0,0,1,0,0,0,0,1,1,0,0,0,0,0,2,0,0,0,0,0,0,0,0,0,0,0,0,0,0,0,8,0,39.9917,-75.1368, , 
44313,505413,2014118751,6,67,67301,2014,11,2,936,9,1,1,0,8,1, , ,N,1,2,0,3,0,1,2,2,N,N,40 00:04.340,75 13:35.009,945, ,939, ,0, ,N, ,3, , , , , , , , , ,1,0,0,0,0,0,1,0,0,0,1,0,1,0,0,0,0,0,0,0,0,0,0,0,0,0,0,0,0,0,0,0,1,0,0,3,0,40.0012,-75.2264, , 
44314,505433,2014122030,6,67,67301,2014,11,6,2035,20,3,1,0,5,6, , ,N,0,2,0,3,0,1,2,2,N,N,39 57:19.446,75 12:46.377,2038, ,2035,9,1,3, , ,3,N, , , , , , , , ,2,1,0,0,0,1,0,0,0,0,0,0,1,1,0,0,0,0,0,0,0,0,0,0,0,0,0,0,0,0,0,0,0,0,0,8,1,39.9554,-75.2129, , 
44315,512263,2013044117,6,67,67301,2013,3,5,820,8,1,1,0,4,1, , ,N,1,3,0,3,0,1,3,2,N,N,40 01:32.113,75 04:48.125,822, ,820, ,0, ,N, ,3, , , , , , , , , ,2,1,0,0,0,0,1,0,0,0,0,0,1,1,0,0,0,0,0,1,1,0,0,0,0,0,0,0,0,0,0,0,0,0,0,8,0,40.0256,-75.08, , 
44316,512265,2013046424,6,67,67301,2013,4,6,2200,22,3,1,0,1,7, , ,N,6,0,2,3,0,2,3,2,N,N,40 00:34.234,75 11:14.082,2205, ,2200, ,0, ,N, ,0, , , , , , , , , ,2,1,0,0,0,0,0,1,0,0,0,2,2,0,0,0,0,0,0,0,0,0,0,0,0,0,0,0,0,0,0,0,0,0,0,4,0,40.0099,-75.1863, , 
44317,512279,2013055638,6,67,67301,2013,5,1,9999,99,1,1,0,8,1, , ,N,0,0,0,3,0,1,2,2,N,N,39 55:23.720,75 13:55.195,9999, ,9999, ,0, ,N, ,0, , , , , , , , , ,1,1,0,0,0,0,0,0,0,0,0,1,1,0,0,0,0,0,0,0,1,0,0,0,0,0,0,0,0,0,0,0,1,0,0,4,0,39.9233,-75.232, , 
44318,512292,2013016212,6,67,67301,2013,1,6,2225,22,3,2,1,4,1, , ,N,1,2,0,3,0,1,2,2,N, ,40 02:06.568,75 08:41.251,2231, ,2228, ,0, , , ,3, , , , , , , , , ,2,2,0,0,0,0,0,0,0,0,0,0,1,1,0,0,0,0,0,0,0,0,0,0,0,0,0,0,0,0,0,0,0,0,0,8,0,40.0352,-75.1448, , 
44319,512294,2013022249,6,67,67301,2013,1,5,800,8,1,1,0,8,1, , ,N,1,2,0,3,0,1,2,2,N,Y,40 00:17.801,75 10:43.939,824, ,820, ,0, ,N, ,3, , , , , , , , , ,1,1,0,0,0,0,0,0,0,0,0,1,1,0,0,0,0,0,0,0,0,0,0,0,0,0,0,0,0,0,0,0,1,0,0,4,0,40.0049,-75.1787, , 
44320,512303,2013028980,6,67,67301,2013,3,6,1802,18,3,1,0,1,2, , ,N,0,0,0,3,0,1,2,2,N,N,39 58:28.712,75 11:39.707,1810, ,1805,2,2,3,N, ,0,N, , , , , , , , ,2,1,0,0,1,0,0,0,0,0,0,0,1,1,0,0,0,0,0,0,0,0,0,1,0,0,0,0,0,0,0,0,0,0,0,8,0,39.9746,-75.1944, , 
44321,512321,2013055541,6,67,67301,2013,5,6,1235,12,1,1,0,4,1, , ,N,2,0,0,3,0,2,3,2,N, ,40 01:06.326,75 09:34.630,1245, ,1239, ,0, , , ,0, , , , , , , , , ,2,1,0,0,0,0,1,0,0,0,0,1,2,1,0,0,0,0,0,0,1,0,0,0,0,0,0,0,0,0,0,0,0,0,0,4,0,40.0184,-75.1596, , 
44322,512357,2013035189,6,67,67301,2013,3,4,1057,10,1,2,1,7,4, , ,N,1,0,0,3,0,1,1,1,N,N,40 03:11.312,75 05:12.436,1113, ,1110, ,0, ,N, ,0, , , , , , , , , ,1,1,0,0,0,0,0,0,0,0,0,1,1,0,0,0,0,0,1,0,0,0,0,0,0,0,0,0,0,0,0,0,0,0,0,4,0,40.0531,-75.0868, , 
44323,512369,2013049953,6,67,67301,2013,4,2,1150,11,1,1,0,7,2, , ,N,0,0,0,3,0,2,2,1,N,N,39 59:26.933,75 05:11.128,1155, ,1150,2,2,1,Y, ,0,N, , , , , , , , ,1,0,0,0,0,0,0,1,0,0,0,0,2,2,0,0,0,0,0,0,0,0,0,1,0,0,0,0,0,0,0,0,0,0,0,8,0,39.9907,-75.0865, , 
44324,512383,2013005328,6,67,67301,2013,1,6,1315,13,1,1,0,1,1, , ,N,0,0,0,3,0,2,6,2,N,N,39 57:24.842,75 09:14.358,1321, ,1316,1,2,4,N, ,0,N, , , , , , , , ,2,1,0,0,0,0,0,1,0,0,0,0,2,2,0,0,0,0,1,0,0,1,0,0,0,0,0,0,0,0,0,0,0,0,0,8,0,39.9569,-75.154, , 
44325,512409,2013036797,6,67,67301,2013,3,1,1845,18,1,2,1,1,1, , ,N,0,0,0,3,0,2,4,2,N,N,39 57:35.911,75 10:42.928,1953, ,1848, ,0, ,N, ,0, , , , , , , , , ,2,1,0,0,0,0,0,1,0,0,0,1,2,1,0,0,0,1,0,0,0,0,0,0,0,0,0,0,0,0,0,0,0,0,0,4,0,39.96,-75.1786, , 
44326,512446,2013022244,6,67,67301,2013,1,7,9999,99,3,1,0,4,6, , ,N,0,0,0,3,0,0,1,3,N, ,40 00:01.400,75 06:23.266,253, ,250, ,0, , , ,0, , , , , , , , , ,3,1,0,0,1,0,0,1,0,0,0,0,0,0,0,0,0,0,0,0,0,0,0,0,0,0,0,0,0,0,0,0,0,0,0,0,0,40.0004,-75.1065, , 
44327,512451,2013029365,6,67,67301,2013,3,3,234,2,3,1,0,7,3,1,4,Y,0,0,0,3,0,1,1,1,N,N,40 00:57.553,75 03:09.020,242,45,235,2,2,2,Y, ,0,U,N,N,N,N,N,N,Y,N,1,1,0,0,0,0,0,0,0,0,0,0,1,1,0,0,0,0,0,0,0,0,0,1,0,0,0,0,0,0,0,0,0,0,0,8,0,40.016,-75.0525, , 
44328,512452,2013029752,6,67,67301,2013,2,1,1046,10,1,1,0,7,2, , ,N,0,0,4,3,0,0,1,1,N,N,39 57:50.853,75 10:48.744,1123, ,1116, ,0, ,N, ,0, , , , , , , , , ,1,0,0,0,0,0,0,1,0,0,0,0,0,0,0,0,0,0,0,0,0,0,0,0,0,0,0,0,0,0,0,0,0,0,0,0,0,39.9641,-75.1802, , 
44329,512471,2013054614,6,67,67301,2013,4,3,2032,20,3,1,0,4,1, , ,N,5,2,0,3,1,0,4,2,N,N,40 01:45.685,75 03:45.831,2036, ,2035,3,2,7,N,0,3,Y, , , , , , , , ,2,1,1,0,0,0,0,0,0,0,0,0,0,0,0,0,0,0,0,0,1,0,0,0,0,0,0,0,1,0,0,0,0,0,0,1,0,40.0294,-75.0627,2, 
44330,512489,2013016197,6,67,67301,2013,1,6,9999,99,1,2,1,7,5, , ,N,0,0,0,3,0,0,1,1,N,N,40 01:02.132,75 12:08.323,1401, ,1352,1,2,1,N, ,0,N, , , , , , , , ,1,1,0,0,0,0,0,0,0,0,0,0,0,0,0,0,0,0,1,0,0,0,0,0,0,0,0,0,0,0,0,0,0,0,0,0,0,40.0173,-75.2023, , 
44331,512490,2013016224,6,67,67301,2013,1,3,2147,21,3,1,0,4,1, , ,N,5,2,0,3,0,1,2,2,N,N,40 01:38.846,75 03:44.583,2153, ,2149, ,0, ,N, ,3, , , , , , , , , ,2,1,0,0,1,0,0,0,0,0,0,0,1,1,0,0,0,0,0,0,0,0,0,0,0,0,0,0,0,0,0,0,0,0,0,8,0,40.0275,-75.0624, , 
44332,512500,2013029786,6,67,67301,2013,2,7,53,0,3,2,1,4,2, , ,N,0,0,0,3,0,1,1,2,N,N,40 02:41.649,75 01:51.394,115, ,100,1,1,3,N, ,0,N, , , , , , , , ,2,1,0,0,1,0,0,0,0,0,0,1,1,0,0,0,0,0,0,1,0,0,0,0,0,0,0,0,0,0,0,0,0,0,0,4,0,40.0449,-75.0309, , 
44333,509193,2013043820,6,67,67301,2013,3,6,215,2,3,1,0,7,4, , ,N,0,0,0,3,0,0,1,1,N,N,39 54:44.179,75 13:19.496,220, ,218,2,1,4, , ,0,Y, , , , , , , , ,1,1,0,0,0,0,0,0,0,0,0,0,0,0,0,0,0,0,0,0,0,0,0,0,0,0,0,0,0,0,0,0,0,0,0,0,0,39.9131,-75.2219, , 
44334,509222,2013026932,6,67,67301,2013,2,7,235,2,3,4,4,4,1, , ,N,2,0,0,3,0,0,2,2,N,N,39 57:52.131,75 11:15.536,240, ,235, ,0, ,N, ,0, , , , , , , , , ,2,2,0,0,0,0,0,0,0,0,0,0,0,0,1,0,0,0,0,0,0,0,0,0,0,0,0,0,0,0,0,0,0,0,0,9,0,39.9645,-75.1876, , 
44335,509241,2013047220,6,67,67301,2013,4,7,1530,15,1,1,0,7,5, , ,N,0,0,0,3,0,0,1,2,N,N,40 01:00.958,75 04:50.980,1635, ,1630, ,0, ,N, ,0, , , , , , , , , ,2,0,0,0,0,1,0,1,0,0,0,0,0,0,0,0,0,0,0,0,0,0,0,0,0,0,0,0,0,0,0,0,0,0,0,0,0,40.0169,-75.0808, , 
44336,509255,2013006177,6,67,67301,2013,1,4,2320,23,3,1,1,1,1, , ,N,1,2,0,3,0,0,3,3,N,N,39 57:17.840,75 11:01.951,2345, ,2335, ,0, ,N, ,3, , , , , , , , , ,3,3,0,0,0,0,0,0,0,0,0,0,0,0,0,0,0,0,0,0,0,0,0,0,0,0,0,0,0,0,0,0,0,0,0,0,0,39.955,-75.184, , 
44337,509287,2013050223,6,67,67301,2013,4,3,735,7,1,1,0,8,1, , ,N,1,2,0,3,0,1,2,2,N,N,39 58:30.604,75 09:11.469,812, ,735, ,0, ,N, ,3, , , , , , , , , ,1,1,0,0,0,0,0,0,0,0,0,1,1,0,0,0,0,0,0,0,0,0,0,0,0,0,0,0,0,0,0,0,1,0,0,4,0,39.9752,-75.1532, , 
44338,509294,2013055563,6,67,67301,2013,5,4,356,3,6,1,0,4,1, , ,N,0,0,0,3,0,0,1,2,N,N,40 03:02.544,75 08:06.033,413, ,356, ,0, ,N, ,0, , , , , , , , , ,2,1,0,0,0,0,1,0,0,0,0,0,0,0,1,0,0,0,0,0,0,0,0,0,0,0,0,0,0,0,0,0,0,0,0,9,0,40.0507,-75.135, , 
44339,509299,2013063314,6,67,67301,2013,6,6,835,8,1,2,1,7,4, , ,N,7,0,2,3,0,1,6,1,N,N,39 57:26.940,75 08:48.293,847, ,835,1,2,1,N, ,0,N, , , , , , , , ,1,0,0,0,0,0,0,1,0,0,0,0,1,1,3,0,0,0,0,0,0,0,0,1,0,0,0,0,0,0,0,0,0,0,0,8,1,39.9575,-75.1467, , 
44340,509300,2013063670,6,67,67301,2013,6,5,1930,19,1,1,0,0,2, , ,N,0,0,0,3,0,0,2,1,N,N,39 58:20.506,75 11:36.610,1935, ,1935,1,1,4,N, ,0,N, , , , , , , , ,1,1,0,0,0,0,0,0,0,0,0,0,0,0,0,0,0,0,0,0,0,0,0,0,0,0,0,0,0,0,0,0,0,0,0,0,0,39.9724,-75.1935, , 
44341,509305,2013012018,6,67,67301,2013,1,5,2050,20,3,1,0,1,6, , ,N,0,0,0,3,0,1,1,2,N,N,40 00:34.808,75 09:33.591,2055, ,2053,3,2,1,N, ,0,N, , , , , , , , ,2,1,0,0,0,0,0,1,0,0,1,0,1,0,0,0,0,0,0,0,0,0,0,0,0,0,0,0,0,0,0,0,0,0,0,3,0,40.0097,-75.1593, , 
44342,509306,2013012026,6,67,67301,2013,1,4,1747,17,3,1,0,4,1, , ,N,0,0,7,3,0,1,2,2,N,N,40 00:27.181,75 07:40.414,1812, ,1809, ,0, ,N, ,0, , , , , , , , , ,2,2,0,0,0,0,0,0,0,0,0,1,1,0,0,0,0,0,0,1,1,0,0,0,0,0,0,0,0,0,0,0,0,0,0,4,0,40.0076,-75.1279, , 
44343,509310,2013022231,6,67,67301,2013,1,7,1400,14,1,1,1,4,1, , ,N,1,2,0,3,0,0,4,2,N,N,39 55:30.729,75 10:16.566,1402, ,1402,1,1,3,N, ,3,Y, , , , , , , , ,2,1,0,0,1,0,0,0,0,0,0,0,0,0,0,0,0,0,0,0,1,0,0,2,0,0,0,0,0,0,0,0,0,0,0,0,0,39.9252,-75.1711, , 
44344,509329,2013050478,6,67,67301,2013,5,5,2048,20,3,1,0,7,2, , ,N,0,0,0,3,0,0,1,1,N,N,39 53:32.708,75 14:08.687,2054, ,2050, ,0, ,N, ,0, , , , , , , , , ,1,1,0,0,0,0,0,0,0,0,0,0,0,0,0,0,0,0,0,0,0,0,0,0,0,0,0,0,0,0,0,0,0,0,0,0,0,39.8924,-75.2357, , 
44345,509330,2013052708,6,67,67301,2013,5,1,1230,12,1,1,0,1,1,1,4,Y,0,0,0,3,0,1,3,2,N,N,40 01:14.359,75 02:32.834,1242,45,1232,2,1,1,N, ,0,N,N,N,N,N,Y,Y,N,Y,2,2,0,0,0,0,0,0,0,0,0,1,1,0,0,0,0,0,0,1,0,0,0,0,0,0,0,0,0,0,0,0,0,0,0,4,0,40.0206,-75.0426, , 
44346,509337,2013062111,6,67,67301,2013,5,1,1908,19,1,1,0,4,1, , ,N,1,2,0,3,1,4,5,2,N,N,39 58:12.871,75 07:49.819,1914, ,1910, ,0, , ,0,3, , , , , , , , , ,2,2,0,0,0,0,0,0,0,0,0,0,4,4,0,0,0,0,0,0,0,0,0,1,1,0,0,0,0,0,0,0,0,0,0,1,0,39.9701,-75.1304,2, 
44347,509342,2013070054,6,67,67301,2013,6,6,1700,17,1,1,0,8,1, , ,N,0,0,0,3,0,1,2,2,N,N,40 00:17.170,75 04:38.240,1704, ,1702,1,2,2,N, ,0,Y, , , , , , , , ,1,0,0,0,0,0,1,0,0,0,0,1,1,0,0,0,0,0,0,0,0,0,0,0,0,0,0,0,0,0,0,0,1,0,0,4,0,40.0048,-75.0773, , 
44348,509352,2013007411,6,67,67301,2013,1,5,1125,11,1,1,0,1,1, , ,N,0,0,0,3,0,2,2,2,N,N,39 57:34.406,75 10:51.535,1134, ,1129,1,1,4,N, ,0,N, , , , , , , , ,2,1,0,0,0,0,1,0,0,0,0,2,2,0,0,0,0,0,0,0,0,0,0,0,0,0,0,0,0,0,0,0,0,0,0,4,0,39.9596,-75.181, , 
44349,509372,2013022187,6,67,67301,2013,1,6,100,1,3,1,0,8,1, , ,N,2,2,0,3,0,1,2,2,N,N,39 58:25.156,75 12:32.179,1020, ,1020, ,0, ,N, ,3, , , , , , , , , ,1,0,0,0,0,0,1,0,0,0,1,0,1,0,0,0,0,0,0,0,0,0,0,0,0,0,0,0,0,0,0,0,1,0,0,3,0,39.9736,-75.2089, , 
44350,509391,2013041310,6,67,67301,2013,3,6,1709,17,1,1,0,5,1, , ,N,6,2,0,3,0,1,3,2,N,N,39 53:22.529,75 13:54.909,1750, ,1725,2,1,4,N, ,3,N, , , , , , , , ,2,1,0,0,0,1,0,0,0,0,0,0,1,1,0,0,0,0,0,0,0,0,0,0,0,0,0,0,0,0,0,0,0,0,0,8,1,39.8901,-75.2303, , 
44351,509393,2013044147,6,67,67301,2013,3,2,1300,13,1,2,1,1,1, , ,N,2,2,0,3,0,2,9,3,N, ,39 56:24.382,75 12:02.446,1309, ,1306, ,0, , , ,3, , , , , , , , , ,3,2,0,0,1,0,0,0,0,0,0,0,2,2,0,0,0,0,1,0,1,0,0,0,0,0,0,0,0,0,0,0,0,0,0,8,0,39.9401,-75.2007, , 
44352,502621,2014127904,6,67,67301,2014,12,6,2348,23,3,2,1,8,1, , ,N,1,2,0,3,0,1,2,2,N,N,39 56:11.083,75 13:08.439,25, ,15, ,0, ,N, ,3, , , , , , , , , ,1,0,0,0,0,0,1,0,0,0,1,0,1,0,0,0,0,0,0,0,0,0,0,0,0,0,0,0,0,0,0,0,1,0,0,3,0,39.9364,-75.219, , 
44353,502629,2014093515,6,67,67301,2014,9,2,233,2,3,1,0,7,4, , ,N,0,0,0,3,0,0,1,1,N, ,40 02:28.809,75 03:52.641,239, ,235,9,2,5, , ,0,Y, , , , , , , , ,1,1,0,0,0,0,0,0,0,0,0,0,0,0,0,0,0,0,0,0,0,0,0,0,0,0,0,0,0,0,0,0,0,0,0,0,0,40.0413,-75.0646, , 
44354,502652,2015002760,6,67,67301,2014,12,5,1730,17,3,1,1,1,1, , ,N,0,2,0,3,0,1,3,2,N,N,39 55:04.282,75 10:16.219,2005, ,2000, ,0, , , ,3, , , , , , , , , ,2,1,0,0,0,0,1,0,0,0,0,0,1,1,1,0,0,0,0,0,0,0,0,0,0,0,0,0,0,0,0,0,0,0,0,8,0,39.9179,-75.1712, , 
44355,502653,2015018953,6,67,67301,2014,9,1,1130,11,1,1,0,4,1, , ,N,1,2,0,3,0,1,3,2,N, ,39 54:42.724,75 10:21.917,1134, ,1130, ,0, , , ,3, , , , , , , , , ,2,1,0,0,0,0,1,0,0,0,0,0,1,1,0,0,0,0,0,0,0,0,0,0,0,0,0,0,0,0,0,0,0,0,0,8,0,39.9119,-75.1728, , 
44356,502658,2014104559,6,67,67301,2014,9,6,1823,18,1,1,0,4,1, , ,N,1,3,0,3,0,2,2,2,N, ,39 57:26.802,75 14:37.600,1845, ,1840, ,0, , , ,3, , , , , , , , , ,2,1,0,0,0,0,1,0,0,0,0,1,2,1,0,0,0,0,0,0,0,0,0,0,0,0,0,0,0,0,0,0,0,0,0,4,0,39.9574,-75.2438, , 
44357,502661,2014106796,6,67,67301,2014,10,4,149,1,3,2,1,4,1, , ,N,0,0,7,3,0,2,3,2,N,N,40 00:27.309,75 07:53.115,151, ,150,3,2,5,N, ,0,Y, , , , , , , , ,2,2,0,0,0,0,0,0,0,2,0,0,2,0,0,0,0,0,0,0,0,0,0,0,0,0,0,0,0,0,0,0,0,0,0,2,0,40.0076,-75.1314, , 
44358,502686,2014131801,6,67,67301,2014,12,3,1000,10,1,2,1,1,1, , ,N,0,0,0,3,0,1,5,2,N, ,39 58:31.811,75 07:15.185,1035, ,1030, ,0, , , ,0, , , , , , , , , ,2,1,0,0,0,0,0,1,0,0,0,1,1,0,0,0,0,0,0,0,2,0,0,0,0,0,0,0,0,0,0,0,0,0,0,4,0,39.9755,-75.1209, , 
44359,502696,2014121468,6,67,67301,2014,11,5,1355,13,1,1,0,4,1, , ,N,1,2,0,3,0,2,5,2,N, ,40 01:13.862,75 03:13.412,1356, ,1356, ,0, , , ,3, , , , , , , , , ,2,0,0,0,0,0,0,2,0,0,1,1,2,0,3,0,0,0,0,0,0,0,0,0,0,0,0,0,0,0,0,0,0,0,0,3,0,40.0205,-75.0537, , 
44360,502713,2014120315,6,67,67301,2014,11,5,1705,17,3,2,1,5,1, , ,N,1,2,0,3,0,0,4,3,N,N,39 56:45.165,75 14:24.752,1708, ,1705, ,0, ,N, ,3, , , , , , , , , ,3,3,0,0,0,0,0,0,0,0,0,0,0,0,0,0,0,0,0,1,0,0,0,0,0,0,0,0,0,0,0,0,0,0,0,0,0,39.9459,-75.2403, , 
44361,502714,2014120882,6,67,67301,2014,11,3,9999,99,1,1,0,1,1, , ,N,1,2,0,3,0,2,6,3,N, ,39 57:28.342,75 10:32.807,1020, ,1015, ,0, , , ,3, , , , , , , , , ,3,0,0,0,0,0,1,2,0,0,0,2,2,0,0,0,0,0,0,0,1,0,0,0,0,0,0,0,0,0,0,0,0,0,0,4,0,39.9579,-75.1758, , 
44362,502717,2014125040,6,67,67301,2014,11,4,840,8,1,2,1,6,1, , ,N,0,0,0,3,0,1,3,2,N,N,39 55:58.628,75 13:31.002,902, ,859, ,0, ,N, ,0, , , , , , , , , ,2,1,0,0,1,0,0,0,0,0,0,1,1,0,0,0,0,0,0,0,0,0,0,0,0,0,0,0,0,0,0,0,0,0,0,4,0,39.933,-75.2253, , 
44363,502718,2014125178,6,67,67301,2014,11,3,1712,17,3,1,0,8,1, , ,N,0,2,0,3,0,1,2,2,N,N,39 54:55.911,75 14:07.184,1720, ,1712, ,0, ,N, ,3, , , , , , , , , ,1,1,0,0,0,0,0,0,0,0,0,0,1,1,0,0,0,0,0,0,0,0,0,0,0,0,0,0,0,0,0,0,1,0,0,8,0,39.9155,-75.2353, , 
44364,502737,2014130448,6,67,67301,2014,12,3,1447,14,1,2,1,4,1, , ,N,1,2,0,3,0,1,2,3,N, ,40 04:12.522,75 10:00.271,1659, ,1655, ,0, , , ,3, , , , , , , , , ,3,3,0,0,0,0,0,0,0,0,0,0,1,1,0,0,0,0,0,0,1,0,0,0,0,0,0,0,0,0,0,0,0,0,0,8,0,40.0701,-75.1667, , 
44365,502739,2015002679,6,67,67301,2014,12,5,908,9,1,1,0,7,4, , ,N,1,3,0,3,0,0,3,1,N, ,40 03:05.418,75 09:34.912,908, ,908, ,0, , , ,3, , , , , , , , , ,1,0,0,0,0,0,1,0,0,0,0,0,0,0,3,0,0,0,0,0,0,0,0,0,0,0,0,0,0,0,0,0,0,0,0,9,0,40.0515,-75.1597, , 
44366,502743,2014107209,6,67,67301,2014,10,4,1100,11,1,1,0,8,1, , ,N,1,3,0,3,0,1,2,2,N,N,39 58:35.688,75 09:50.817,1100, ,1100, ,0, ,N, ,9, , , , , , , , , ,1,1,0,0,0,0,0,0,0,0,0,0,1,1,1,0,0,0,0,0,0,0,0,0,0,0,0,0,0,0,0,0,1,0,0,8,0,39.9766,-75.1641, , 