objectid_1,objectid,crn,district,county,municipality,crash_year,crash_month,day_of_week,time_of_day,hour_of_day,illumination,weather,road_condition,collision_type,relation_to_road,work_zone_type,work_zone_loc,work_zone_ind,intersect_type,tcd_type,location_type,urban_rural,fatal_count,injury_count,person_count,total_units,sch_bus_ind,sch_zone_ind,latitude,longitude,arrival_tm,cons_zone_spd_lim,dispatch_tm,est_hrs_closed,lane_closed,ln_close_dir,ntfy_hiwy_maint,spec_juris_cd,tcd_func_cd,tfc_detour_ind,workers_pres,wz_close_detour,wz_flagger,wz_law_offcr_ind,wz_ln_closure,wz_moving,wz_other,wz_shlder_mdn,vehicle_count,automobile_count,motorcycle_count,bus_count,small_truck_count,heavy_truck_count,suv_count,van_count,bicycle_count,maj_inj_count,mod_inj_count,min_inj_count,tot_inj_count,unk_inj_deg_count,unk_inj_per_count,driver_count_16yr,driver_count_17yr,driver_count_18yr,driver_count_19yr,driver_count_20yr,driver_count_50_64yr,driver_count_65_74yr,driver_count_75plus,unbelted_occ_count,unb_death_count,unb_maj_inj_count,belted_death_count,belted_maj_inj_count,mcycle_death_count,mcycle_maj_inj_count,bicycle_death_count,bicycle_maj_inj_count,ped_count,ped_death_count,ped_maj_inj_count,max_severity_level,comm_veh_count,dec_lat,dec_long,rdwy_surf_type_cd,county_name
44367,502754,2014124048,6,67,67301,2014,12,3,1835,18,2,2,1,1,1, , ,N,0,0,0,3,0,1,2,2,N,N,40 02:33.934,75 00:12.719,1900, ,1835, ,0, ,N, ,0, , , , , , , , , ,2,1,0,0,0,0,1,0,0,0,0,0,1,1,0,0,0,0,0,0,1,1,0,0,0,0,0,0,0,0,0,0,0,0,0,8,0,40.0428,-75.0035, , 
44368,502755,2014124580,6,67,67301,2014,12,3,615,6,3,2,1,7,2, , ,N,0,0,0,3,0,0,1,1,N,N,39 56:44.761,75 11:24.265,626, ,620, ,0, ,N, ,0, , , , , , , , , ,1,1,0,0,0,0,0,0,0,0,0,0,0,0,0,0,0,0,0,0,0,0,0,0,0,0,0,0,0,0,0,0,0,0,0,0,0,39.9458,-75.1901, , 
44369,502756,2014125029,6,67,67301,2014,11,3,1852,18,3,1,0,5,6, , ,N,0,0,0,3,0,0,2,2,N,N,40 01:41.614,75 08:49.171,1900, ,1854, ,0, ,N, ,0, , , , , , , , , ,2,1,0,0,0,0,1,0,0,0,0,0,0,0,0,0,0,0,1,0,0,0,0,0,0,0,0,0,0,0,0,0,0,0,0,0,0,40.0282,-75.147, , 
44370,505452,2014127918,6,67,67301,2014,12,3,1753,17,3,2,1,8,1, , ,N,0,0,0,3,0,2,4,4,N,N,40 02:24.293,75 04:18.115,1753, ,1753,1,2,6,N, ,0,Y, , , , , , , , ,1,1,0,0,0,0,0,0,0,0,0,2,2,0,0,0,0,0,0,0,0,0,0,0,0,0,0,0,0,0,0,0,3,0,0,4,0,40.0401,-75.0717, , 
44371,505460,2015003305,6,67,67301,2014,12,7,310,3,3,1,0,1,6, , ,N,0,0,0,3,0,0,2,3,N,N,39 58:19.732,75 09:45.473,340, ,332,3,2,1,N, ,0,Y, , , , , , , , ,3,2,0,0,0,0,1,0,0,0,0,0,0,0,0,0,0,0,0,0,0,0,0,0,0,0,0,0,0,0,0,0,0,0,0,0,0,39.9721,-75.1626, , 
44372,505461,2015009061,6,67,67301,2014,12,6,1730,17,3,1,0,6,6, , ,N,0,0,0,3,0,1,1,2,N,N,40 04:39.180,74 59:38.331,1750, ,1740, ,0, ,N, ,0, , , , , , , , , ,2,2,0,0,0,0,0,0,0,0,0,0,1,1,0,0,0,0,0,0,1,0,0,0,0,0,0,0,0,0,0,0,0,0,0,8,0,40.0776,-74.994, , 
44373,505467,2014107631,6,67,67301,2014,10,5,703,7,1,1,0,1,1, , ,N,0,0,0,3,0,2,3,2,N,N,40 02:22.140,75 00:27.007,711, ,705, ,0, ,N, ,0, , , , , , , , , ,2,0,0,0,0,0,2,0,0,0,0,0,2,2,0,0,0,0,0,0,0,1,0,0,0,0,0,0,0,0,0,0,0,0,0,8,0,40.0395,-75.0075, , 
44374,505470,2014112673,6,67,67301,2014,6,6,2230,22,3,1,0,1,1, , ,N,0,0,0,3,0,1,2,2,N,N,39 58:13.257,75 11:22.962,0, ,0, ,0, ,N, ,0, , , , , , , , , ,2,1,0,0,0,0,0,0,0,0,1,0,1,0,0,0,0,0,0,0,0,0,0,0,0,0,0,0,0,0,0,0,0,0,0,3,0,39.9703,-75.1897, , 
44375,505489,2015002684,6,67,67301,2014,12,3,1735,17,3,2,1,4,1, , ,N,2,2,7,3,0,3,3,2,N,N,39 55:11.208,75 11:17.768,1745, ,1740, ,0, ,N, ,3, , , , , , , , , ,2,2,0,0,0,0,0,0,0,0,0,3,3,0,0,0,0,0,0,1,0,0,0,0,0,0,0,0,0,0,0,0,0,0,0,4,0,39.9198,-75.1883, , 
44376,505490,2015040581,6,67,67301,2014,12,1,1430,14,1,1,0,8,1, , ,N,1,2,0,3,0,1,2,2,N,N,39 58:33.009,75 09:30.309,1435, ,1432, ,0, ,N, ,3, , , , , , , , , ,1,0,0,0,0,0,1,0,0,1,0,0,1,0,0,0,0,0,0,0,1,0,0,0,0,0,0,0,0,0,0,0,1,0,1,2,0,39.9758,-75.1584, , 
44377,505492,2014131787,6,67,67301,2014,12,4,2235,22,3,1,0,1,1, , ,N,0,0,3,3,0,1,3,3,N,N,40 01:12.164,75 09:40.994,2245, ,2237,1,1,2,N, ,0,N, , , , , , , , ,3,2,0,0,0,0,1,0,0,0,0,1,1,0,2,0,0,0,0,0,1,0,0,0,0,0,0,0,0,0,0,0,0,0,0,4,0,40.02,-75.1614, , 
44378,505501,2015003304,6,67,67301,2014,11,6,1157,11,1,1,0,5,1, , ,N,0,0,0,3,0,4,6,2,N, ,39 57:05.917,75 09:18.403,1202, ,1157, ,0, , , ,0, , , , , , , , , ,2,1,0,0,0,0,1,0,0,0,0,0,4,4,0,0,0,0,0,0,0,0,0,0,0,0,0,0,0,0,0,0,0,0,0,8,0,39.9516,-75.1551, , 
44379,505508,2014116442,6,67,67301,2014,2,2,1830,18,3,1,0,5,1, , ,N,0,0,0,3,0,1,2,2,N,N,40 05:34.507,75 01:53.609,0, ,0, ,0, ,N, ,0, , , , , , , , , ,2,1,0,0,0,0,0,0,0,0,0,1,1,0,0,0,0,0,0,0,0,0,0,0,0,0,0,0,0,0,0,0,0,0,0,4,0,40.0929,-75.0316, , 
44380,505519,2014130426,6,67,67301,2014,12,2,1326,13,1,1,0,6,6, , ,N,0,0,0,3,0,3,4,2,N, ,39 59:13.538,75 14:23.132,1333, ,1328, ,0, , , ,0, , , , , , , , , ,2,1,0,0,1,0,0,0,0,0,2,1,3,0,0,0,0,0,0,0,0,0,0,0,0,0,0,0,0,0,0,0,0,0,0,3,0,39.9871,-75.2398, , 
44381,505520,2014130608,6,67,67301,2014,12,7,355,3,3,2,1,7,3, , ,N,0,0,0,3,0,0,2,1,N,N,40 03:05.117,74 59:22.032,412, ,400,2,2,2,N, ,0,N, , , , , , , , ,1,1,0,0,0,0,0,0,0,0,0,0,0,0,0,0,0,0,0,0,0,0,0,0,0,0,0,0,0,0,0,0,0,0,0,0,0,40.0514,-74.9895, , 
44382,505531,2014108614,6,67,67301,2014,9,6,1541,15,1,1,0,1,1, , ,N,0,0,0,3,0,1,2,2,N,N,39 57:26.940,75 08:48.293,1602, ,1558,2,1,4,N, ,0,N, , , , , , , , ,2,2,0,0,0,0,0,0,0,0,0,0,1,1,1,0,0,0,0,0,1,0,0,0,0,0,0,0,0,0,0,0,0,0,0,8,0,39.9575,-75.1467, , 
44383,505535,2014117621,6,67,67301,2014,11,6,500,5,3,1,0,7,4, , ,N,0,0,0,3,0,1,1,1,N, ,40 04:07.956,75 04:03.581,512, ,506, ,0, , , ,0, , , , , , , , , ,1,0,0,0,0,0,1,0,0,0,0,1,1,0,0,0,0,0,0,0,0,0,0,0,0,0,0,0,0,0,0,0,0,0,0,4,0,40.0689,-75.0677, , 
44384,505542,2014122032,6,67,67301,2014,11,1,1322,13,1,1,0,5,1, , ,N,0,2,0,3,0,0,2,2,N,N,39 56:01.378,75 12:56.771,1335, ,1330, ,0, ,N, ,3, , , , , , , , , ,2,2,0,0,0,0,0,0,0,0,0,0,0,0,0,0,0,0,0,0,0,1,0,0,0,0,0,0,0,0,0,0,0,0,0,0,0,39.9337,-75.2158, , 
44385,505561,2014113360,6,67,67301,2014,10,6,1825,18,4,1,0,1,1, , ,N,2,3,0,3,0,1,2,2,N,N,40 01:55.923,75 08:02.889,1918, ,1916, ,0, ,N, ,3, , , , , , , , , ,2,2,0,0,0,0,0,0,0,0,0,1,1,0,0,0,0,0,0,0,0,0,0,0,0,0,0,0,0,0,0,0,0,0,0,4,0,40.0322,-75.1341, , 
44386,505574,2015002726,6,67,67301,2014,8,7,859,8,1,1,0,4,1, , ,N,1,2,0,3,0,1,4,3,N, ,39 59:57.271,75 08:50.495,900, ,859, ,0, , , ,3, , , , , , , , , ,3,2,0,0,1,0,0,0,0,0,0,0,1,1,2,0,0,0,0,0,2,0,0,0,0,0,0,0,0,0,0,0,0,0,0,8,0,39.9992,-75.1474, , 
44387,505576,2015020613,6,67,67301,2014,12,6,1445,14,1,1,0,4,1, , ,N,1,2,0,3,0,2,2,2,N,N,40 01:00.648,75 08:58.512,1448, ,1446,3,1,2,N, ,3,N, , , , , , , , ,2,1,0,0,0,0,0,1,0,0,0,2,2,0,0,0,0,0,0,0,1,0,0,0,0,0,0,0,0,0,0,0,0,0,0,4,0,40.0169,-75.1495, , 
44388,505580,2014115663,6,67,67301,2014,11,5,831,8,1,2,1,7,4, , ,N,1,2,1,3,0,1,1,1,N,N,40 00:25.549,75 05:38.543,926, ,923, ,0, ,N, ,3, , , , , , , , , ,1,1,0,0,0,0,0,0,0,0,0,1,1,0,0,0,0,0,0,0,1,0,0,0,0,0,0,0,0,0,0,0,0,0,0,4,0,40.0071,-75.094, , 
44389,512506,2013035071,6,67,67301,2013,3,4,1354,13,1,1,0,5,1, , ,N,0,0,0,3,0,1,2,2,N,N,39 56:41.161,75 09:06.166,1358, ,1354, ,0, ,N, ,0, , , , , , , , , ,1,0,0,0,1,0,0,0,1,0,0,1,1,0,0,0,0,0,0,0,0,0,0,0,0,0,0,0,0,0,0,0,0,0,0,4,0,39.9448,-75.1517, , 
44390,512515,2013047827,6,67,67301,2013,3,2,237,2,3,1,0,7,2, , ,N,0,0,0,3,0,1,1,1,N, ,40 03:23.130,75 00:45.608,238, ,238,4,1,3, , ,0,Y, , , , , , , , ,1,1,0,0,0,0,0,0,0,0,0,0,1,1,0,0,0,0,0,0,0,0,0,0,0,0,0,0,0,0,0,0,0,0,0,8,0,40.0564,-75.0127, , 
44391,512529,2013005309,6,67,67301,2013,1,4,425,4,3,1,0,3,1, , ,N,0,0,0,3,0,4,5,2,N,N,39 56:39.959,75 11:30.118,432, ,428,1,2,3,N, ,0,Y, , , , , , , , ,2,1,0,0,0,0,1,0,0,0,3,1,4,0,0,0,0,0,0,2,0,0,0,2,0,0,0,0,0,0,0,0,0,0,0,3,0,39.9444,-75.1917, , 
44392,512541,2013016171,6,67,67301,2013,1,6,2043,20,3,2,1,4,1, , ,N,1,2,0,3,0,1,3,2,N, ,39 54:40.810,75 14:33.592,2056, ,2056, ,0, , , ,3, , , , , , , , , ,2,2,0,0,0,0,0,0,0,0,0,0,1,1,0,0,0,0,0,0,0,0,0,0,0,0,0,0,0,0,0,0,0,0,0,8,0,39.9113,-75.2427, , 
44393,512553,2013035289,6,67,67301,2013,3,7,1530,15,1,1,0,1,1, , ,N,1,2,0,3,0,0,3,2,N,N,40 03:46.988,75 05:11.702,1555, ,1545, ,0, ,N, ,3, , , , , , , , , ,2,1,0,0,0,0,1,0,0,0,0,0,0,0,1,0,0,0,0,0,0,0,0,0,0,0,0,0,0,0,0,0,0,0,0,9,0,40.0631,-75.0866, , 
44394,512566,2013046428,6,67,67301,2013,4,1,2027,20,2,1,0,8,1, , ,N,0,0,0,3,0,1,3,2,N, ,40 04:06.665,74 58:53.607,2040, ,2027, ,0, , , ,0, , , , , , , , , ,1,0,0,0,0,0,0,1,0,0,0,0,1,1,0,0,0,0,0,0,0,0,0,0,0,0,0,0,0,0,0,0,1,0,0,8,0,40.0685,-74.9816, , 
44395,512585,2013016206,6,67,67301,2013,1,4,9999,99,1,2,1,8,1, , ,N,1,2,0,3,0,1,2,2,N, ,40 02:12.848,75 08:02.883,1535, ,1530, ,0, , , ,3, , , , , , , , , ,1,1,0,0,0,0,0,0,0,0,0,1,1,0,0,0,0,0,0,0,0,1,0,0,0,0,0,0,0,0,0,0,1,0,0,4,0,40.0369,-75.1341, , 
44396,512589,2013022325,6,67,67301,2013,1,1,315,3,3,1,0,1,1, , ,N,1,2,0,3,0,0,2,2,N,N,39 56:59.449,75 09:43.045,520, ,515, ,0, , , ,3, , , , , , , , , ,2,1,0,0,1,0,0,0,0,0,0,0,0,0,0,0,0,0,0,0,0,0,0,0,0,0,0,0,0,0,0,0,0,0,0,0,0,39.9498,-75.162, , 
44397,512643,2013035290,6,67,67301,2013,3,4,1001,10,1,1,0,4,1, , ,N,0,0,7,3,0,1,3,2,N, ,40 04:07.575,75 05:12.760,1015, ,1006, ,0, , , ,0, , , , , , , , , ,2,0,0,0,2,0,0,0,0,0,0,1,1,0,0,0,0,0,0,0,1,0,0,0,0,0,0,0,0,0,0,0,0,0,0,4,0,40.0688,-75.0869, , 
44398,512649,2013046416,6,67,67301,2013,4,2,1424,14,1,1,0,7,2, , ,N,0,0,0,3,0,0,1,1,N,N,39 54:23.949,75 11:37.274,1430, ,1426,1,1,1,N, ,0,N, , , , , , , , ,1,1,0,0,0,0,0,0,0,0,0,0,0,0,1,0,0,0,0,0,1,0,0,0,0,0,0,0,0,0,0,0,0,0,0,9,0,39.9067,-75.1937, , 
44399,512655,2013055653,6,67,67301,2013,5,5,1313,13,1,1,0,4,1, , ,N,0,0,0,3,0,1,2,2,N,N,39 58:24.724,75 14:42.870,1316, ,1314,3,2,5,N, ,0,Y, , , , , , , , ,2,1,1,0,0,0,0,0,0,0,0,0,1,1,0,0,0,0,0,0,1,0,0,0,0,0,0,0,0,0,0,0,0,0,0,8,0,39.9735,-75.2452, , 
44400,512664,2013070139,6,67,67301,2013,6,4,1301,13,1,1,0,1,1, , ,N,1,2,0,3,0,1,2,2,N,N,40 03:40.446,75 05:00.751,1309, ,1305, ,0, ,N, ,3, , , , , , , , , ,2,1,0,0,1,0,0,0,0,0,0,0,1,1,0,0,0,0,0,0,0,0,0,0,0,0,0,0,0,0,0,0,0,0,0,8,0,40.0612,-75.0835, , 
44401,512667,2013072349,6,67,67301,2013,7,7,1848,18,1,2,1,1,1, , ,N,0,0,0,3,0,0,2,2,N,N,39 59:05.856,75 05:41.620,1906, ,1900,1,2,2,N, ,0,N, , , , , , , , ,2,1,0,0,1,0,0,0,0,0,0,0,0,0,0,0,0,0,0,0,0,0,0,0,0,0,0,0,0,0,0,0,0,0,0,0,0,39.985,-75.0949, , 
44402,512672,2013075147,6,67,67301,2013,6,4,1425,14,1,1,0,4,1, , ,N,1,2,0,3,0,4,5,2,N,N,39 58:04.732,75 14:01.361,1525, ,1525, ,0, , , ,3, , , , , , , , , ,2,2,0,0,0,0,0,0,0,0,0,0,4,4,0,0,0,0,0,0,0,0,0,0,0,0,0,0,0,0,0,0,0,0,0,8,0,39.968,-75.2337, , 
44403,512727,2013005316,6,67,67301,2013,1,5,414,4,3,1,0,7,4, , ,N,7,0,2,3,0,1,1,1,N,N,39 59:50.584,75 04:55.205,436, ,418,1,1,4,N, ,0,Y, , , , , , , , ,1,1,0,0,0,0,0,0,0,0,0,1,1,0,0,0,0,0,0,0,0,0,0,0,0,0,0,0,0,0,0,0,0,0,0,4,0,39.9974,-75.082, , 
44404,512743,2013029622,6,67,67301,2013,2,1,145,1,3,1,0,7,5, , ,N,2,2,0,3,0,1,1,1,N,Y,40 02:21.230,75 10:39.416,150, ,148, ,0, ,N, ,3, , , , , , , , , ,1,1,0,0,0,0,0,0,0,0,0,0,1,1,0,0,0,0,0,0,0,0,0,0,0,0,0,0,0,0,0,0,0,0,0,8,0,40.0392,-75.1776, , 
44405,512754,2013035031,6,67,67301,2013,3,2,2135,21,3,1,0,8,1, , ,N,0,0,0,3,0,1,2,2,N, ,40 05:02.324,75 02:28.053,2147, ,2135, ,0, , , ,0, , , , , , , , , ,1,1,0,0,0,0,0,0,0,0,0,0,1,1,0,0,0,0,0,0,0,0,0,1,0,0,0,0,0,0,0,0,1,0,0,8,0,40.084,-75.0411, , 
44406,512759,2013041331,6,67,67301,2013,3,7,1800,18,3,1,0,4,1, , ,N,1,2,0,3,0,1,3,3,N, ,40 01:24.369,75 08:21.713,2010, ,2000, ,0, , , ,3, , , , , , , , , ,3,2,0,0,1,0,0,0,0,0,0,1,1,0,0,0,0,0,0,0,1,0,0,0,0,0,0,0,0,0,0,0,0,0,0,4,0,40.0234,-75.1394, , 
44407,509395,2013046304,6,67,67301,2013,4,2,1144,11,1,1,0,8,1, , ,N,1,0,0,3,0,1,2,2,N,N,40 02:20.173,75 09:56.131,1215, ,1207, ,0, ,N, ,0, , , , , , , , , ,1,1,0,0,0,0,0,0,0,0,0,1,1,0,0,0,0,0,0,0,0,0,0,1,0,0,0,0,0,0,0,0,1,0,0,4,0,40.0389,-75.1656, , 
44408,509408,2013023550,6,67,67301,2013,1,1,911,9,1,1,0,7,5, , ,N,0,0,0,3,0,2,2,1,N,N,39 56:20.684,75 10:35.335,913, ,911, ,0, ,N, ,0, , , , , , , , , ,1,1,0,0,0,0,0,0,0,2,0,0,2,0,0,0,0,0,0,0,1,0,0,2,0,2,0,0,0,0,0,0,0,0,0,2,0,39.9391,-75.1765, , 
44409,509409,2013024882,6,67,67301,2013,1,6,1400,14,1,9,8,1,1, , ,N,1,0,0,3,0,3,4,2,N, ,40 02:30.038,75 09:31.175,1735, ,1730, ,0, , , ,0, , , , , , , , , ,2,2,0,0,0,0,0,0,0,0,0,0,3,3,0,0,0,0,0,0,0,0,0,0,0,0,0,0,0,0,0,0,0,0,0,8,0,40.0417,-75.1587, , 
44410,509427,2013043469,6,67,67301,2013,3,2,720,7,1,2,1,4,1, , ,N,1,3,0,3,0,2,4,2,N, ,39 56:00.045,75 10:15.841,745, ,740, ,0, , , ,3, , , , , , , , , ,2,1,0,0,1,0,0,0,0,0,0,0,2,2,0,0,0,0,0,0,0,0,0,1,0,0,0,0,0,0,0,0,0,0,0,8,0,39.9333,-75.1711, , 
44411,509429,2013050194,6,67,67301,2013,4,6,2152,21,3,2,1,4,6, , ,N,0,0,0,3,0,1,1,2,N, ,40 02:04.660,75 06:37.162,2335, ,2152, ,0, , , ,0, , , , , , , , , ,2,0,0,0,2,0,0,0,0,0,0,1,1,0,0,0,0,0,0,0,0,0,0,0,0,0,0,0,0,0,0,0,0,0,0,4,0,40.0346,-75.1103, , 
44412,509436,2013055392,6,67,67301,2013,5,6,1505,15,1,1,0,4,1, , ,N,2,0,0,3,0,3,3,2,N,N,40 03:01.317,75 03:27.256,1642, ,1638,2,1,1, , ,0,Y, , , , , , , , ,2,2,0,0,0,0,0,0,0,0,0,3,3,0,0,0,0,0,0,0,1,0,0,0,0,0,0,0,0,0,0,0,0,0,0,4,0,40.0504,-75.0576, , 
44413,509437,2013055868,6,67,67301,2013,5,4,210,2,3,1,1,4,6, , ,N,0,0,0,3,0,1,2,3,N,N,40 06:11.926,75 01:47.564,212, ,211, ,0, , , ,0, , , , , , , , , ,3,2,0,0,0,0,1,0,0,0,0,1,1,0,0,0,0,0,0,0,0,0,0,1,0,0,0,0,0,0,0,0,0,0,0,4,0,40.1033,-75.0299, , 
44414,509450,2013007399,6,67,67301,2013,1,7,1755,17,3,2,1,7,4, , ,N,6,0,2,3,0,0,1,1,N,N,39 57:06.095,75 08:29.301,1806, ,1806,1,1,2,N, ,0,N, , , , , , , , ,1,1,0,0,0,0,0,0,0,0,0,0,0,0,1,0,0,0,0,0,0,0,0,0,0,0,0,0,0,0,0,0,0,0,0,9,0,39.9517,-75.1415, , 
44415,509463,2013025010,6,67,67301,2013,2,4,1636,16,1,1,0,4,1, , ,N,2,2,0,3,0,0,2,2,N,N,40 01:52.459,75 01:18.271,1644, ,1639,1,1,2, , ,3,N, , , , , , , , ,2,0,0,0,0,0,1,1,0,0,0,0,0,0,0,0,0,0,0,0,0,0,1,0,0,0,0,0,0,0,0,0,0,0,0,0,0,40.0312,-75.0217, , 
44416,509464,2013025023,6,67,67301,2013,2,6,1228,12,1,1,0,2,1, , ,N,1,2,0,3,0,2,2,2,N,N,40 07:45.224,75 01:29.651,1236, ,1230, ,0, ,N, ,3, , , , , , , , , ,2,1,0,0,1,0,0,0,0,0,0,2,2,0,0,0,0,0,0,0,1,0,1,1,0,0,0,0,0,0,0,0,0,0,0,4,0,40.1292,-75.0249, , 
44417,509467,2013025627,6,46,46102,2013,3,7,1342,13,1,1,0,4,1, , ,N,1,0,0,3,0,2,7,2,N,N,40 04:26.865,75 09:30.131,1352, ,1343, ,0, ,N, ,0, , , , , , , , , ,2,2,0,0,0,0,0,0,0,0,0,0,2,2,0,0,0,0,0,0,1,0,0,0,0,0,0,0,0,0,0,0,0,0,0,8,0,40.0741,-75.1584, , 
44418,509478,2013041330,6,67,67301,2013,3,7,1810,18,1,1,0,4,1, , ,N,1,2,0,3,0,4,4,2,N,N,40 01:37.801,75 09:04.478,1832, ,1829, ,0, ,N, ,3, , , , , , , , , ,2,0,0,0,1,0,1,0,0,0,3,1,4,0,0,0,0,0,0,0,0,0,0,4,0,0,0,0,0,0,0,0,0,0,0,3,0,40.0272,-75.1512, , 
44419,509480,2013043160,6,67,67301,2013,4,4,1646,16,1,1,0,1,1, , ,N,0,0,0,3,0,2,5,3,N,N,39 57:36.862,75 08:25.060,1657, ,1647,1,1,1,N, ,0,N, , , , , , , , ,3,2,0,0,0,0,1,0,0,0,0,0,2,2,0,0,0,0,0,0,0,0,0,2,0,0,0,0,0,0,0,0,0,0,0,8,0,39.9601,-75.1403, , 
44420,509522,2013022274,6,67,67301,2013,1,1,1547,15,1,1,0,5,1, , ,N,2,3,0,3,0,2,4,2,N,N,40 03:43.597,75 01:17.271,1557, ,1553, ,0, ,N, ,3, , , , , , , , , ,2,2,0,0,0,0,0,0,0,0,0,1,2,1,0,0,0,0,0,0,0,0,0,0,0,0,0,0,0,0,0,0,0,0,0,4,0,40.0621,-75.0215, , 
44421,509523,2013022288,6,67,67301,2013,1,1,1916,19,3,1,0,2,1, , ,N,1,2,0,3,0,5,5,2,N,N,40 02:37.429,75 05:06.333,1920, ,1917,2,2,3,N, ,3,Y, , , , , , , , ,2,2,0,0,0,0,0,0,0,0,0,0,5,5,0,0,0,0,0,0,0,0,0,0,0,0,0,0,0,0,0,0,0,0,0,8,0,40.0437,-75.0851, , 
44422,509539,2013041358,6,67,67301,2013,3,5,1957,19,3,1,0,4,1, , ,N,1,2,0,3,0,0,3,2,N,Y,40 01:57.777,75 10:27.832,2012, ,2003, ,0, ,N, ,3, , , , , , , , , ,2,1,0,0,0,0,1,0,0,0,0,0,0,0,0,1,0,0,0,0,1,0,0,0,0,0,0,0,0,0,0,0,0,0,0,0,0,40.0327,-75.1744, , 
44423,509575,2013035014,6,67,67301,2013,3,2,944,9,1,1,0,5,1, , ,N,0,0,0,3,0,0,3,3,N,N,39 56:57.073,75 11:58.443,946, ,945, ,0, ,N, ,0, , , , , , , , , ,3,2,0,0,0,0,1,0,0,0,0,0,0,0,0,0,0,0,0,0,1,0,0,0,0,0,0,0,0,0,0,0,0,0,0,0,0,39.9492,-75.1996, , 
44424,509576,2013035216,6,67,67301,2013,3,7,1320,13,1,1,0,1,1, , ,N,1,2,0,3,0,1,3,2,N,N,40 00:08.203,75 13:12.492,1353, ,1331,2,1,1, , ,3,N, , , , , , , , ,2,1,0,0,0,0,1,0,0,0,0,0,1,1,0,0,0,0,0,0,1,0,0,0,0,0,0,0,0,0,0,0,0,0,0,8,0,40.0023,-75.2201, , 
44425,502767,2014120287,6,67,67301,2014,11,3,801,8,1,2,0,4,1, , ,N,0,0,0,3,0,1,2,2,N,N,40 01:02.389,75 10:19.324,845, ,844, ,0, ,N, ,0, , , , , , , , , ,2,0,0,0,0,0,1,1,0,0,0,1,1,0,0,0,0,0,0,0,0,1,0,0,0,0,0,0,0,0,0,0,0,0,0,4,0,40.0173,-75.172, , 
44426,502770,2014123488,6,67,67301,2014,12,2,1116,11,1,1,0,7,2, , ,N,0,0,3,3,0,1,3,1,N,N,39 55:03.577,75 11:24.605,1123, ,1118,1,1,3,N, ,0,N, , , , , , , , ,1,1,0,0,0,0,0,0,0,0,0,1,1,0,0,0,0,0,0,0,0,1,0,0,0,0,0,0,0,0,0,0,0,0,0,4,0,39.9177,-75.1902, , 
44427,502773,2014125092,6,67,67301,2014,12,2,859,8,1,1,0,5,1, , ,N,0,0,0,3,0,1,2,2,N, ,40 04:15.877,75 14:29.003,905, ,901, ,0, , , ,0, , , , , , , , , ,2,0,0,0,0,0,2,0,0,0,0,1,1,0,0,0,0,0,0,0,0,0,0,0,0,0,0,0,0,0,0,0,0,0,0,4,0,40.0711,-75.2414, , 
44428,502785,2014127534,6,67,67301,2014,12,1,1204,12,1,1,0,1,1, , ,N,0,2,0,3,0,2,6,3,N, ,39 58:05.425,75 08:23.385,1208, ,1205,2,1,2, , ,3,N, , , , , , , , ,3,3,0,0,0,0,0,0,0,0,0,1,2,1,1,0,0,0,0,0,0,0,0,1,0,0,0,0,0,0,0,0,0,0,0,4,0,39.9682,-75.1398, , 
44429,502799,2015002675,6,67,67301,2014,12,1,9999,99,1,1,0,4,1, , ,N,1,2,0,3,0,2,3,2,N, ,39 59:53.714,75 07:38.470,9999, ,1256, ,0, , , ,3, , , , , , , , , ,2,1,0,0,0,0,1,0,0,0,0,2,2,0,0,0,0,0,0,0,1,1,0,0,0,0,0,0,0,0,0,0,0,0,0,4,0,39.9983,-75.1274, , 
44430,502801,2014110444,6,67,67301,2014,10,7,2053,20,3,1,0,4,1, , ,N,1,2,0,3,0,3,3,2,N, ,39 56:50.431,75 14:01.113,2125, ,2123, ,0, , , ,3, , , , , , , , , ,2,0,0,0,0,0,1,1,0,0,0,3,3,0,0,0,0,0,0,0,0,0,0,0,0,0,0,0,0,0,0,0,0,0,0,4,0,39.9473,-75.2337, , 
44431,502803,2014111515,6,67,67301,2014,10,2,855,8,1,1,0,4,1, , ,N,1,3,0,3,0,1,3,2,N, ,40 01:43.906,75 05:09.211,859, ,856, ,0, , , ,3, , , , , , , , , ,2,0,0,0,0,0,1,1,0,0,0,1,1,0,0,0,0,0,0,0,1,0,0,0,0,0,0,0,0,0,0,0,0,0,0,4,0,40.0289,-75.0859, , 
44432,502812,2014122443,6,67,67301,2014,11,6,1415,14,1,1,0,1,1, , ,N,0,0,0,3,0,1,2,2,N,N,40 02:45.034,75 04:06.327,1436, ,1428, ,0, , , ,0, , , , , , , , , ,2,0,0,0,1,0,1,0,0,0,0,1,1,0,0,0,0,0,0,0,2,0,0,0,0,0,0,0,0,0,0,0,0,0,0,4,0,40.0458,-75.0684, , 
44433,502817,2014130525,6,67,67301,2014,12,2,1541,15,1,1,0,1,1, , ,N,0,0,0,3,0,1,2,2,N,N,39 54:33.328,75 11:35.690,1555, ,1546, ,0, ,N, ,0, , , , , , , , , ,2,0,0,0,0,0,0,2,0,0,0,1,1,0,0,0,0,0,0,0,1,0,0,0,0,0,0,0,0,0,0,0,0,0,0,4,0,39.9093,-75.1932, , 