objectid_1,objectid,crn,district,county,municipality,crash_year,crash_month,day_of_week,time_of_day,hour_of_day,illumination,weather,road_condition,collision_type,relation_to_road,work_zone_type,work_zone_loc,work_zone_ind,intersect_type,tcd_type,location_type,urban_rural,fatal_count,injury_count,person_count,total_units,sch_bus_ind,sch_zone_ind,latitude,longitude,arrival_tm,cons_zone_spd_lim,dispatch_tm,est_hrs_closed,lane_closed,ln_close_dir,ntfy_hiwy_maint,spec_juris_cd,tcd_func_cd,tfc_detour_ind,workers_pres,wz_close_detour,wz_flagger,wz_law_offcr_ind,wz_ln_closure,wz_moving,wz_other,wz_shlder_mdn,vehicle_count,automobile_count,motorcycle_count,bus_count,small_truck_count,heavy_truck_count,suv_count,van_count,bicycle_count,maj_inj_count,mod_inj_count,min_inj_count,tot_inj_count,unk_inj_deg_count,unk_inj_per_count,driver_count_16yr,driver_count_17yr,driver_count_18yr,driver_count_19yr,driver_count_20yr,driver_count_50_64yr,driver_count_65_74yr,driver_count_75plus,unbelted_occ_count,unb_death_count,unb_maj_inj_count,belted_death_count,belted_maj_inj_count,mcycle_death_count,mcycle_maj_inj_count,bicycle_death_count,bicycle_maj_inj_count,ped_count,ped_death_count,ped_maj_inj_count,max_severity_level,comm_veh_count,dec_lat,dec_long,rdwy_surf_type_cd,county_name
44703,492441,2014127443,6,67,67301,2014,12,1,200,2,3,2,1,7,4, , ,N,0,0,0,3,0,1,1,1,N,N,39 58:50.663,75 11:54.703,205, ,203, ,0, ,N, ,0, , , , , , , , , ,1,1,0,0,0,0,0,0,0,0,0,1,1,0,0,0,0,0,0,0,0,0,0,0,0,0,0,0,0,0,0,0,0,0,0,4,0,39.9807,-75.1985, , 
44704,492448,2015002767,6,67,67301,2014,12,2,1915,19,3,1,0,8,1, , ,N,2,0,0,3,0,1,2,2,N,N,40 02:39.523,75 08:58.732,1925, ,1920, ,0, ,N, ,0, , , , , , , , , ,1,1,0,0,0,0,0,0,0,0,1,0,1,0,0,0,0,0,0,0,0,0,0,0,0,0,0,0,0,0,0,0,1,0,0,3,0,40.0443,-75.1496, , 
44705,492449,2015020712,6,67,67301,2014,10,2,1642,16,1,1,0,4,1, , ,N,2,0,0,3,0,1,2,2,N,N,40 00:59.152,75 12:38.052,1645, ,1643, ,0, ,N, ,0, , , , , , , , , ,2,0,1,0,0,0,1,0,0,1,0,0,1,0,0,0,0,0,0,0,1,0,0,0,0,0,0,0,0,1,0,0,0,0,0,2,0,40.0164,-75.2106, , 
44706,492469,2014125078,6,67,67301,2014,11,1,9999,99,1,1,0,4,1, , ,N,1,2,0,3,0,1,3,2,N, ,39 59:14.726,75 13:56.711,931, ,929, ,0, , , ,3, , , , , , , , , ,2,2,0,0,0,0,0,0,0,0,0,1,1,0,0,0,0,0,0,1,1,0,0,0,0,0,0,0,0,0,0,0,0,0,0,4,0,39.9874,-75.2324, , 
44707,492475,2014127494,6,67,67301,2014,12,7,529,5,3,1,1,4,1, , ,N,0,0,0,3,0,2,2,2,N,N,40 02:53.860,75 08:33.381,548, ,542, ,0, ,N, ,0, , , , , , , , , ,2,2,0,0,0,0,0,0,0,0,1,1,2,0,0,0,0,0,1,0,1,0,0,0,0,0,0,0,0,0,0,0,0,0,0,3,0,40.0483,-75.1426, , 
44708,492490,2014068164,6,67,67301,2014,6,5,1800,18,1,1,0,4,1, , ,N,1,3,0,3,0,3,5,2,N,N,39 59:18.578,75 08:12.530,1810, ,1800, ,0, , , ,3, , , , , , , , , ,2,2,0,0,0,0,0,0,0,0,0,3,3,0,0,0,0,0,0,1,0,0,0,0,0,0,0,0,0,0,0,0,0,0,0,4,0,39.9885,-75.1368, , 
44709,492519,2014124460,6,67,67301,2014,11,1,2350,23,3,1,0,1,1, , ,N,0,0,0,3,0,1,2,2,N,N,40 04:56.974,75 00:00.266,2359, ,2353, ,0, ,N, ,0, , , , , , , , , ,2,2,0,0,0,0,0,0,0,0,0,1,1,0,0,0,0,0,0,0,2,0,0,0,0,0,0,0,0,0,0,0,0,0,0,4,0,40.0825,-75.0001, , 
44710,492531,2014121469,6,67,67301,2014,7,6,1120,11,1,1,0,8,5, , ,N,0,2,0,3,4,3,7,5,N,N,40 00:04.238,75 08:53.693,1210, ,1145,6,2,7,N,0,3,Y, , , , , , , , ,1,0,0,0,0,0,1,0,0,0,0,3,3,0,0,0,0,0,0,0,0,0,0,3,0,0,0,0,0,0,0,0,4,4,0,1,0,40.0012,-75.1482,2, 
44711,492532,2014124449,6,67,67301,2014,11,2,945,9,1,1,0,8,1, , ,N,1,3,0,3,0,1,2,2,N,N,39 58:40.872,75 16:13.072,1040, ,1033, ,0, ,N, ,3, , , , , , , , , ,1,1,0,0,0,0,0,0,0,0,0,1,1,0,0,0,0,0,0,0,0,1,0,0,0,0,0,0,0,0,0,0,1,0,0,4,0,39.978,-75.2703, , 
44712,492541,2015030500,6,67,67301,2014,11,4,1610,16,1,1,0,5,1, , ,N,1,2,0,3,0,1,2,2,N,N,40 00:54.079,75 08:06.611,0, ,0, ,0, ,N, ,3, , , , , , , , , ,2,0,0,0,0,0,1,0,0,0,0,0,1,1,0,0,0,0,0,0,1,0,0,0,0,0,0,0,0,0,0,0,0,0,0,8,0,40.015,-75.1352, , 
44713,492549,2014104482,6,67,67301,2014,10,5,546,5,3,1,0,4,1, , ,N,3,3,0,3,0,2,2,2,N,N,39 55:51.548,75 14:34.636,558, ,550,1,1,2,N, ,3,N, , , , , , , , ,2,0,0,0,0,0,1,1,0,0,0,0,2,2,0,0,0,0,0,0,1,0,0,0,0,0,0,0,0,0,0,0,0,0,0,8,0,39.931,-75.243, , 
44714,492559,2014099065,6,67,67301,2014,10,5,828,8,1,1,0,7,4, , ,N,7,8,2,3,0,1,1,1,N,N,39 55:24.160,75 11:32.076,828, ,828,1,2,2,N, ,3,Y, , , , , , , , ,1,1,0,0,0,0,0,0,0,0,0,1,1,0,0,0,0,0,0,0,0,0,0,0,0,0,0,0,0,0,0,0,0,0,0,4,0,39.9234,-75.1922, , 
44715,492565,2014106744,6,67,67301,2014,10,7,2025,20,3,2,1,5,6, , ,N,0,0,0,3,0,4,6,3,N,N,40 02:24.072,75 11:17.275,2027, ,2026,2,2,7,N, ,0,Y, , , , , , , , ,3,3,0,0,0,0,0,0,0,0,0,1,4,3,0,0,0,0,0,0,0,1,0,0,0,0,0,0,0,0,0,0,0,0,0,4,0,40.04,-75.1881, , 
44716,492572,2014113391,6,67,67301,2014,10,3,1655,16,1,1,0,4,1, , ,N,1,2,0,3,0,1,2,2,N, ,39 56:26.991,75 10:21.593,1700, ,1658, ,0, , , ,3, , , , , , , , , ,2,1,0,0,0,0,1,0,0,0,0,1,1,0,0,0,0,0,0,0,1,0,0,1,0,0,0,0,0,0,0,0,0,0,0,4,0,39.9408,-75.1727, , 
44717,495432,2014113387,6,67,67301,2014,10,2,825,8,1,1,0,4,1, , ,N,1,3,0,3,0,1,2,2,N, ,39 58:14.361,75 08:14.801,838, ,834, ,0, ,N, ,3, , , , , , , , , ,1,0,0,0,0,0,1,0,1,0,0,0,1,1,0,0,0,0,0,0,0,0,0,0,0,0,0,0,0,0,0,0,0,0,0,8,0,39.9707,-75.1374, , 
44718,495440,2014120898,6,67,67301,2014,11,3,710,7,1,1,0,8,1, , ,N,1,2,0,3,0,1,2,2,N, ,39 56:59.100,75 10:03.072,715, ,710, ,0, , , ,3, , , , , , , , , ,1,1,0,0,0,0,0,0,0,0,0,1,1,0,0,0,0,0,0,0,0,1,0,0,0,0,0,0,0,0,0,0,1,0,0,4,0,39.9497,-75.1674, , 
44719,495455,2014112770,6,67,67301,2014,10,6,1904,19,3,1,0,8,1, , ,N,1,2,0,3,0,1,2,2,N, ,39 55:57.266,75 13:48.767,1907, ,1904, ,0, , , ,3, , , , , , , , , ,1,1,0,0,0,0,0,0,1,0,0,0,1,1,0,0,0,0,0,0,0,0,0,0,0,0,0,0,0,0,0,0,0,0,0,8,0,39.9326,-75.2302, , 
44720,495456,2014113106,6,67,67301,2014,4,5,1600,16,1,1,0,4,1, , ,N,1,3,0,3,0,1,2,2,N,N,40 02:04.164,75 02:53.357,0, ,0, ,0, ,N, ,3, , , , , , , , , ,2,1,0,0,1,0,0,0,0,0,1,0,1,0,0,0,0,0,0,0,1,0,0,0,0,0,0,0,0,0,0,0,0,0,0,3,0,40.0345,-75.0482, , 
44721,495458,2014115601,6,67,67301,2014,10,5,9999,99,3,1,0,4,1, , ,N,1,3,0,3,0,1,2,4,N, ,40 03:31.107,75 10:17.266,1950, ,1944, ,0, , , ,3, , , , , , , , , ,4,4,0,0,0,0,0,0,0,0,0,1,1,0,0,0,0,0,0,0,0,0,0,0,0,0,0,0,0,0,0,0,0,0,0,4,0,40.0586,-75.1715, , 
44722,495481,2014108621,6,67,67301,2014,10,5,2310,23,3,1,0,7,2, , ,N,0,0,0,3,0,0,3,1,N,N,39 53:32.636,75 14:08.873,2325, ,2312, ,0, ,N, ,0, , , , , , , , , ,1,1,0,0,0,0,0,0,0,0,0,0,0,0,0,0,0,0,0,0,0,0,0,0,0,0,0,0,0,0,0,0,0,0,0,0,0,39.8924,-75.2358, , 
44723,495485,2014109908,6,67,67301,2014,10,5,2018,20,3,1,0,8,1, , ,N,3,2,0,3,0,1,2,2,N,N,39 56:39.527,75 14:40.212,2020, ,2218, ,0, , , ,3, , , , , , , , , ,1,0,0,0,0,0,1,0,0,0,0,1,1,0,0,0,0,0,0,0,0,0,0,0,0,0,0,0,0,0,0,0,1,0,0,4,0,39.9443,-75.2445, , 
44724,495501,2014120979,6,67,67301,2014,11,4,634,6,5,2,1,1,1, , ,N,6,4,2,3,0,1,3,2,N,N,39 56:48.978,75 11:16.980,658, ,635,1,1,4,N, ,3,N, , , , , , , , ,2,1,0,0,0,0,0,1,0,0,0,1,1,0,0,0,0,0,0,0,0,0,0,0,0,0,0,0,0,0,0,0,0,0,0,4,0,39.9469,-75.1881, , 
44725,495505,2014113287,6,67,67301,2014,11,1,1100,11,1,1,0,8,1, , ,N,0,0,0,3,0,1,2,2,N,N,39 59:13.887,75 10:01.801,1112, ,1109, ,0, ,N, ,0, , , , , , , , , ,1,0,0,0,0,0,0,1,0,0,0,1,1,0,0,0,0,0,0,0,1,0,0,0,0,0,0,0,0,0,0,0,1,0,0,4,0,39.9872,-75.1672, , 
44726,495511,2014122486,6,67,67301,2014,11,7,412,4,3,1,0,5,6, , ,N,0,0,0,3,0,0,1,2,N,N,39 57:30.620,75 12:47.998,418, ,412, ,0, ,N, ,0, , , , , , , , , ,2,1,0,0,0,0,0,1,0,0,0,0,0,0,0,0,0,0,0,0,0,0,0,0,0,0,0,0,0,0,0,0,0,0,0,0,0,39.9585,-75.2133, , 
44727,495547,2015031414,6,67,67301,2014,12,7,1315,13,1,1,0,8,1, , ,N,1,2,0,3,0,1,2,2,N,N,39 56:51.959,75 13:31.380,0, ,0, ,0, ,N, ,3, , , , , , , , , ,1,0,0,0,0,0,1,0,0,0,0,0,1,1,0,0,0,0,0,0,1,0,0,0,0,0,0,0,0,0,0,0,1,0,0,8,0,39.9478,-75.2254, , 
44728,495548,2014103569,6,67,67301,2014,9,6,1617,16,1,1,0,1,1, , ,N,0,0,0,3,0,2,5,3,N,N,39 55:15.710,75 13:44.156,1625, ,1619, ,0, ,N, ,0, , , , , , , , , ,3,2,0,0,0,0,1,0,0,0,0,2,2,0,0,0,0,0,0,0,0,0,0,1,0,0,0,0,0,0,0,0,0,0,0,4,0,39.921,-75.2289, , 
44729,495570,2015006614,6,67,67301,2014,12,6,1533,15,1,1,0,1,1, , ,N,0,0,0,3,0,2,5,2,N, ,40 03:39.007,75 03:15.832,1544, ,1536, ,0, , , ,0, , , , , , , , , ,2,1,0,0,0,0,1,0,0,0,0,2,2,0,0,0,0,0,0,0,0,0,0,0,0,0,0,0,0,0,0,0,0,0,0,4,0,40.0608,-75.0544, , 
44730,495576,2014098614,6,67,67301,2014,9,5,646,6,1,2,1,8,1, , ,N,1,2,0,3,0,1,2,2,N, ,39 58:13.317,75 13:01.912,652, ,647, ,0, , , ,3, , , , , , , , , ,1,0,0,0,0,0,0,1,0,0,0,0,1,1,0,0,0,0,0,0,0,0,0,0,0,0,0,0,0,0,0,0,1,0,0,8,0,39.9704,-75.2172, , 
44731,495579,2014099248,6,67,67301,2014,9,4,744,7,1,1,0,1,1, , ,N,1,2,0,3,0,2,3,2,N,N,40 04:55.524,75 13:11.308,825, ,803,9,1,1,N, ,3,N, , , , , , , , ,2,0,0,0,1,0,0,1,0,0,0,0,2,2,0,0,0,0,0,0,1,0,0,0,0,0,0,0,0,0,0,0,0,0,0,8,0,40.0821,-75.2198, , 
44732,495603,2014088716,6,67,67301,2014,8,7,1045,10,1,1,0,8,6, , ,N,0,0,0,3,0,1,2,2,N,N,39 57:08.470,75 10:08.839,1050, ,1047, ,0, ,N, ,0, , , , , , , , , ,1,0,0,0,0,0,0,1,0,0,0,1,1,0,0,0,0,0,0,0,0,0,0,0,0,0,0,0,0,0,0,0,1,0,0,4,0,39.9524,-75.1691, , 
44733,495606,2014092949,6,67,67301,2014,9,7,1423,14,1,1,0,1,1, , ,N,0,0,0,3,0,0,5,4,N,N,39 56:31.386,75 11:38.140,1439, ,1426,1,1,4,N, ,0,N, , , , , , , , ,4,3,0,0,0,0,1,0,0,0,0,0,0,0,1,0,0,0,0,1,0,0,0,0,0,0,0,0,0,0,0,0,0,0,0,9,0,39.9421,-75.1939, , 
44734,495616,2014106704,6,67,67301,2014,10,4,1340,13,1,1,0,4,1, , ,N,1,3,2,3,0,3,5,2,N, ,39 57:35.612,75 10:31.307,1348, ,1342, ,0, , , ,3, , , , , , , , , ,2,1,0,0,1,0,0,0,0,0,0,3,3,0,0,0,0,0,0,0,1,0,1,0,0,0,0,0,0,0,0,0,0,0,0,4,0,39.9599,-75.1754, , 
44735,498028,2014098629,6,67,67301,2014,9,3,1801,18,1,1,0,5,1, , ,N,1,2,0,3,0,1,2,2,N,N,39 56:17.923,75 12:58.510,1822, ,1801, ,0, ,N, ,3, , , , , , , , , ,1,1,0,0,0,0,0,0,1,0,0,1,1,0,0,0,0,0,0,0,0,0,0,0,0,0,0,0,0,0,0,0,0,0,0,4,0,39.9383,-75.2163, , 
44736,498029,2014098678,6,67,67301,2014,9,7,2100,21,3,1,0,4,1, , ,N,1,2,0,3,0,1,2,2,N, ,40 03:52.974,75 03:05.349,2105, ,2103,9,1,2, , ,3,N, , , , , , , , ,2,0,1,0,0,0,1,0,0,0,1,0,1,0,0,0,0,0,0,0,0,0,1,0,0,0,0,0,0,0,0,0,0,0,0,3,0,40.0631,-75.0516, , 
44737,498043,2014112287,6,67,67301,2014,10,4,1850,18,3,2,1,4,1, , ,N,1,3,0,3,0,0,4,2,N, ,39 58:04.573,75 08:36.700,1910, ,1900, ,0, , , ,3, , , , , , , , , ,2,0,0,0,0,0,2,0,0,0,0,0,0,0,0,0,0,0,0,0,0,0,0,0,0,0,0,0,0,0,0,0,0,0,0,0,0,39.9679,-75.1435, , 
44738,498044,2014113489,6,67,67301,2014,10,3,1921,19,3,1,0,2,1, , ,N,0,0,0,3,0,1,2,4,N,N,40 01:19.398,75 03:39.013,1940, ,1934, ,0, ,N, ,0, , , , , , , , , ,4,3,0,0,0,0,1,0,0,0,0,0,1,1,1,0,0,0,1,0,0,0,0,0,0,0,0,0,0,0,0,0,0,0,0,8,0,40.0221,-75.0608, , 
44739,498080,2014121454,6,67,67301,2014,11,5,2104,21,3,1,0,4,1, , ,N,1,2,0,3,0,2,2,2,N,N,40 01:36.153,75 07:02.268,2113, ,2110,2,2,2,N, ,3,Y, , , , , , , , ,2,2,0,0,0,0,0,0,0,0,2,0,2,0,0,0,0,0,0,0,1,0,0,0,0,0,0,0,0,0,0,0,0,0,0,3,0,40.0267,-75.1173, , 
44740,498083,2014125174,6,67,67301,2014,11,4,1201,12,1,2,1,8,1, , ,N,1,2,0,3,0,1,2,2,N, ,40 00:21.354,75 06:48.614,1218, ,1202, ,0, , , ,3, , , , , , , , , ,1,0,0,0,1,0,0,0,0,0,0,0,1,1,0,0,0,0,0,0,0,0,0,0,0,0,0,0,0,0,0,0,1,0,0,8,0,40.0059,-75.1135, , 
44741,498084,2014127521,6,67,67301,2014,12,7,225,2,3,2,1,4,1, , ,N,1,0,0,3,0,1,3,2,N,N,39 59:57.796,75 06:14.972,235, ,230, ,0, ,N, ,0, , , , , , , , , ,2,1,0,0,0,0,1,0,0,0,0,1,1,0,0,0,0,0,0,0,0,0,0,0,0,0,0,0,0,0,0,0,0,0,0,4,0,39.9994,-75.1042, , 
44742,498085,2014127896,6,67,67301,2014,11,1,2200,22,3,1,0,1,1, , ,N,0,0,0,3,0,1,3,3,N,N,39 59:29.533,75 13:34.154,2210, ,2200,2,2,6,N, ,0,Y, , , , , , , , ,3,1,0,0,0,0,1,0,0,1,0,0,1,0,0,0,0,0,0,0,0,0,0,0,0,0,0,1,0,0,0,0,0,0,0,2,0,39.9915,-75.2262, , 
44743,498089,2015002724,6,67,67301,2014,12,4,2110,21,3,1,0,1,1, , ,N,2,3,0,3,0,1,7,2,N,N,40 06:02.178,74 58:47.002,2118, ,2116, ,0, ,N, ,3, , , , , , , , , ,2,1,0,0,0,0,0,1,0,0,0,1,1,0,0,0,0,0,0,0,0,1,0,0,0,0,0,0,0,0,0,0,0,0,0,4,0,40.1006,-74.9797, , 
44744,498091,2015006129,6,67,67301,2014,12,7,215,2,3,1,0,5,1, , ,N,0,0,0,3,0,0,1,3,N,N,40 02:36.130,75 07:44.390,256, ,245, ,0, ,N, ,0, , , , , , , , , ,3,1,0,0,1,0,0,0,0,0,0,0,0,0,0,0,0,0,0,0,0,0,0,0,0,0,0,0,0,0,0,0,0,0,0,0,0,40.0434,-75.129, , 
44745,498105,2015027168,6,67,67301,2014,9,1,100,1,3,1,0,4,1, , ,N,2,2,0,3,0,1,2,2,N,N,39 55:05.910,75 12:31.905,0, ,0, ,0, ,N, ,3, , , , , , , , , ,2,0,0,0,0,0,1,0,0,0,0,1,1,0,0,0,0,0,0,0,0,0,0,0,0,0,0,0,0,0,0,0,0,0,0,4,0,39.9182,-75.2088, , 
44746,498117,2014120435,6,67,67301,2014,11,6,1853,18,3,1,0,5,3, , ,N,0,0,0,3,0,1,2,2,N,N,39 59:26.306,75 05:11.534,1905, ,1853,2,1,1,N, ,0,N, , , , , , , , ,2,1,0,0,0,0,1,0,0,0,0,0,1,1,0,0,0,0,0,0,0,0,0,0,0,0,0,0,0,0,0,0,0,0,0,8,0,39.9906,-75.0865, , 
44747,498122,2014129482,6,67,67301,2014,12,6,1831,18,3,1,0,1,1, , ,N,0,0,0,3,0,2,4,3,N,N,39 59:45.017,75 04:59.439,1900, ,1837,2,2,2,N, ,0,N, , , , , , , , ,3,3,0,0,0,0,0,0,0,0,0,0,2,2,0,0,0,0,0,1,2,0,0,0,0,0,0,0,0,0,0,0,0,0,0,8,0,39.9958,-75.0832, , 
44748,498134,2014074504,6,67,67301,2014,6,5,803,8,1,1,0,4,1, , ,N,1,2,0,3,0,1,2,2,N,N,39 56:21.404,75 10:41.645,804, ,803, ,0, , , ,3, , , , , , , , , ,2,0,0,0,0,1,0,1,0,0,0,0,1,1,0,0,0,0,0,0,1,0,0,1,0,0,0,0,0,0,0,0,0,0,0,8,1,39.9393,-75.1782, , 
44749,498171,2014125025,6,67,67301,2014,11,2,1727,17,3,2,1,8,1, , ,N,1,2,0,3,0,1,2,2,N,N,39 57:04.568,75 10:01.915,1931, ,1929, ,0, ,N, ,3, , , , , , , , , ,1,0,0,0,0,0,1,0,0,1,0,0,1,0,0,0,0,0,0,0,0,0,0,0,0,0,0,0,0,0,0,0,1,0,1,2,0,39.9512,-75.1665, , 
44750,498172,2014125233,6,67,67301,2014,12,3,1852,18,3,2,1,1,1, , ,N,0,0,3,3,0,0,4,3,N,N,39 58:15.424,75 07:28.301,1907, ,1855, ,0, ,N, ,0, , , , , , , , , ,3,2,0,0,0,0,1,0,0,0,0,0,0,0,0,0,0,0,0,1,0,0,0,0,0,0,0,0,0,0,0,0,0,0,0,0,0,39.971,-75.1245, , 
44751,498208,2014106639,6,67,67301,2014,10,5,435,4,3,2,1,8,1, , ,N,1,2,0,3,0,1,2,2,N,N,39 58:30.545,75 11:17.083,441, ,436,1,1,4,N, ,3,N, , , , , , , , ,1,0,0,0,0,0,1,0,0,0,0,0,1,1,0,0,0,0,0,0,1,0,0,0,0,0,0,0,0,0,0,0,1,0,0,8,0,39.9752,-75.1882, , 
44752,498219,2014121452,6,67,67301,2014,9,1,1847,18,1,1,0,8,1, , ,N,0,0,0,3,0,1,2,2,N,N,39 58:13.281,75 12:29.570,1854, ,1852, ,0, ,N, ,0, , , , , , , , , ,1,0,0,0,0,0,1,0,0,1,0,0,1,0,1,0,0,0,0,0,0,0,0,0,0,0,0,0,0,0,0,0,1,0,1,2,0,39.9704,-75.2082, , 
44753,489728,2014088829,6,67,67301,2014,8,6,800,8,1,2,7,0,1, , ,N,3,0,0,3,0,1,1,1,N,N,39 55:29.862,75 11:35.293,830, ,820, ,0, ,N, ,0, , , , , , , , , ,1,1,0,0,0,0,0,0,0,0,0,0,1,1,0,0,0,0,1,0,0,0,0,0,0,0,0,0,0,0,0,0,0,0,0,8,0,39.925,-75.1931, , 
44754,489748,2014109903,6,67,67301,2014,10,5,9999,99,1,1,0,4,1, , ,N,0,0,7,3,0,3,6,2,N,N,39 59:29.454,75 13:34.278,1812, ,1800, ,0, ,N, ,0, , , , , , , , , ,2,1,0,0,0,0,0,1,0,0,0,0,3,3,2,0,0,0,0,0,1,0,0,0,0,0,0,0,0,0,0,0,0,0,0,8,0,39.9915,-75.2262, , 
44755,489750,2014110415,6,67,67301,2014,10,7,1503,15,1,1,0,4,1, , ,N,1,2,0,3,0,1,2,2,N,N,39 56:02.072,75 08:53.350,1507, ,1503, ,0, ,N, ,3, , , , , , , , , ,1,1,0,0,0,0,0,0,1,0,0,1,1,0,0,0,0,0,0,0,0,0,0,0,0,0,0,0,0,0,0,0,0,0,0,4,0,39.9339,-75.1482, , 
44756,489753,2014114327,6,67,67301,2014,8,4,1815,18,1,1,0,1,1, , ,N,0,0,0,3,0,1,2,2,N,N,40 01:07.360,75 12:50.730,0, ,0, ,0, ,N, ,0, , , , , , , , , ,2,1,0,0,0,0,0,0,0,0,1,0,1,0,1,0,0,0,0,0,1,0,0,0,0,0,0,0,0,0,0,0,0,0,0,3,0,40.0187,-75.2141, , 
44757,489766,2014113482,6,67,67301,2014,10,6,1500,15,1,1,0,4,1, , ,N,3,3,0,3,0,1,2,2,N, ,40 04:16.331,75 09:16.364,9999, ,9999, ,0, , , ,3, , , , , , , , , ,2,2,0,0,0,0,0,0,0,0,0,0,1,1,0,0,0,0,0,0,1,1,0,0,0,0,0,0,0,0,0,0,0,0,0,8,0,40.0713,-75.1545, , 
44758,489775,2014127418,6,67,67301,2014,11,7,335,3,3,2,7,8,1, , ,N,1,2,0,3,1,0,5,3,N,N,40 00:22.203,75 09:06.487,358, ,345,9,2,5,N,0,3,Y, , , , , , , , ,2,2,0,0,0,0,0,0,0,0,0,0,0,0,1,0,0,0,1,0,0,0,0,0,0,0,0,0,0,0,0,0,1,1,0,1,0,40.0062,-75.1518,2, 
44759,489776,2014127899,6,67,67301,2014,12,6,1650,16,2,1,0,4,1, , ,N,2,3,0,3,0,1,2,4,N, ,39 57:33.984,75 11:55.262,1705, ,1700, ,0, , , ,3, , , , , , , , , ,4,3,0,0,0,0,1,0,0,0,1,0,1,0,0,0,0,0,0,0,0,0,0,0,0,0,0,0,0,0,0,0,0,0,0,3,0,39.9594,-75.1987, , 
44760,489789,2015006618,6,67,67301,2014,12,2,955,9,1,1,0,5,6, , ,N,0,0,0,3,0,1,2,2,N,N,39 57:45.559,75 09:48.594,1008, ,1005, ,0, , , ,0, , , , , , , , , ,1,1,0,0,0,0,0,0,1,0,0,1,1,0,1,0,0,0,0,0,0,0,0,0,0,0,0,0,0,0,0,0,0,0,0,4,0,39.9627,-75.1635, , 
44761,489791,2014106674,6,67,67301,2014,10,1,108,1,3,1,0,7,4, , ,N,0,0,0,3,0,1,2,1,N,N,40 00:25.233,75 07:18.595,108, ,108,9,1,3, , ,0,N, , , , , , , , ,1,0,0,0,0,0,0,1,0,1,0,0,1,0,0,0,0,0,0,0,0,0,0,0,0,0,0,1,0,0,0,0,0,0,0,2,0,40.007,-75.1218, , 
44762,489794,2014109901,6,67,67301,2014,10,4,1532,15,1,2,1,6,1, , ,N,0,0,0,3,0,2,2,2,N,N,40 03:52.367,75 12:02.740,1540, ,1536, ,0, ,N, ,0, , , , , , , , , ,2,2,0,0,0,0,0,0,0,0,0,2,2,0,0,0,0,0,0,0,0,0,0,0,0,0,0,0,0,0,0,0,0,0,0,4,0,40.0645,-75.2008, , 
44763,489797,2014110422,6,67,67301,2014,6,7,1625,16,2,1,0,8,1, , ,N,0,0,0,3,0,1,2,2,N, ,39 59:24.374,75 07:12.788,1700, ,1653, ,0, , , ,0, , , , , , , , , ,1,1,0,0,0,0,0,0,0,0,1,0,1,0,0,0,0,0,0,0,1,0,0,0,0,0,0,0,0,0,0,0,1,0,0,3,0,39.9901,-75.1202, , 
44764,489811,2014128018,6,67,67301,2014,12,7,900,9,1,1,0,1,1, , ,N,0,0,0,3,0,1,2,2,N,N,39 58:02.992,75 11:20.445,901, ,900, ,0, ,N, ,0, , , , , , , , , ,2,2,0,0,0,0,0,0,0,0,0,1,1,0,0,0,0,0,0,0,1,0,0,0,0,0,0,0,0,0,0,0,0,0,0,4,0,39.9675,-75.189, , 
44765,489814,2015024985,6,67,67301,2014,10,3,1638,16,1,1,0,5,6, , ,N,0,0,0,3,0,2,3,4,N,N,40 03:34.097,75 09:55.866,1638, ,1638,3,1,6, , ,0,Y, , , , , , , , ,3,1,0,0,0,0,2,0,0,0,0,2,2,0,1,0,0,0,0,0,0,0,0,0,0,0,0,0,0,0,0,0,1,0,0,4,0,40.0595,-75.1655, , 
44766,489827,2014129481,6,67,67301,2014,12,6,1415,14,1,1,0,1,1, , ,N,0,0,0,3,0,0,4,2,N,N,40 01:18.418,75 02:21.004,1455, ,1425,1,1,1,N, ,0,N, , , , , , , , ,2,1,0,0,0,0,1,0,0,0,0,0,0,0,0,0,0,0,0,0,0,0,0,0,0,0,0,0,0,0,0,0,0,0,0,0,0,40.0218,-75.0392, , 
44767,489828,2014130550,6,67,67301,2014,12,4,1100,11,1,2,1,8,1, , ,N,1,2,0,3,0,1,2,2,N, ,39 57:22.741,75 14:23.794,1105, ,1102, ,0, , , ,3, , , , , , , , , ,1,0,0,0,0,0,0,1,0,0,0,0,1,1,0,0,0,0,0,0,0,0,0,0,0,0,0,0,0,0,0,0,1,0,0,8,0,39.9563,-75.2399, , 
44768,489831,2015006657,6,67,67301,2014,12,1,1942,19,2,2,1,4,1, , ,N,1,3,0,3,0,1,2,2,N, ,40 02:26.901,75 04:22.717,2057, ,2057, ,0, , , ,3, , , , , , , , , ,2,2,0,0,0,0,0,0,0,0,0,1,1,0,0,0,0,0,0,0,1,0,0,0,0,0,0,0,0,0,0,0,0,0,0,4,0,40.0408,-75.073, , 
44769,489842,2014068633,6,67,67301,2014,5,7,1810,18,1,1,0,4,1, , ,N,1,0,0,3,0,1,3,2,N, ,39 59:42.603,75 09:50.696,1810, ,1810, ,0, , , ,0, , , , , , , , , ,2,1,1,0,0,0,0,0,0,0,0,1,1,0,0,0,0,0,0,0,0,0,0,2,0,0,0,0,0,0,0,0,0,0,0,4,0,39.9952,-75.1641, , 