objectid_1,objectid,crn,district,county,municipality,crash_year,crash_month,day_of_week,time_of_day,hour_of_day,illumination,weather,road_condition,collision_type,relation_to_road,work_zone_type,work_zone_loc,work_zone_ind,intersect_type,tcd_type,location_type,urban_rural,fatal_count,injury_count,person_count,total_units,sch_bus_ind,sch_zone_ind,latitude,longitude,arrival_tm,cons_zone_spd_lim,dispatch_tm,est_hrs_closed,lane_closed,ln_close_dir,ntfy_hiwy_maint,spec_juris_cd,tcd_func_cd,tfc_detour_ind,workers_pres,wz_close_detour,wz_flagger,wz_law_offcr_ind,wz_ln_closure,wz_moving,wz_other,wz_shlder_mdn,vehicle_count,automobile_count,motorcycle_count,bus_count,small_truck_count,heavy_truck_count,suv_count,van_count,bicycle_count,maj_inj_count,mod_inj_count,min_inj_count,tot_inj_count,unk_inj_deg_count,unk_inj_per_count,driver_count_16yr,driver_count_17yr,driver_count_18yr,driver_count_19yr,driver_count_20yr,driver_count_50_64yr,driver_count_65_74yr,driver_count_75plus,unbelted_occ_count,unb_death_count,unb_maj_inj_count,belted_death_count,belted_maj_inj_count,mcycle_death_count,mcycle_maj_inj_count,bicycle_death_count,bicycle_maj_inj_count,ped_count,ped_death_count,ped_maj_inj_count,max_severity_level,comm_veh_count,dec_lat,dec_long,rdwy_surf_type_cd,county_name
44838,489984,2014088868,6,67,67301,2014,8,5,730,7,1,1,0,5,1, , ,N,3,2,0,3,0,0,2,2,N,N,39 58:21.476,75 13:03.992,857, ,850, ,0, ,N, ,3, , , , , , , , , ,2,1,0,0,0,0,1,0,0,0,0,0,0,0,1,0,0,0,0,1,0,0,0,0,0,0,0,0,0,0,0,0,0,0,0,9,0,39.9726,-75.2178, , 
44839,489992,2014068000,6,67,67301,2014,5,7,9999,99,1,1,0,5,1, , ,N,1,3,0,3,0,2,3,2,N, ,39 59:48.062,75 08:21.127,1921, ,1920, ,0, , , ,3, , , , , , , , , ,2,2,0,0,0,0,0,0,0,0,0,2,2,0,1,0,0,0,0,0,0,1,0,0,0,0,0,0,0,0,0,0,0,0,0,4,0,39.9967,-75.1392, , 
44840,490014,2015002769,6,67,67301,2014,12,3,1850,18,3,2,1,4,1, , ,N,0,0,0,3,0,1,2,2,N,N,39 54:41.563,75 13:48.588,1905, ,1904,1,1,3,N, ,0,N, , , , , , , , ,2,1,0,0,0,0,0,1,0,0,0,1,1,0,0,0,0,0,0,0,0,0,0,0,0,0,0,0,0,0,0,0,0,0,0,4,0,39.9115,-75.2302, , 
44841,490015,2015003321,6,67,67301,2014,12,2,2313,23,3,2,1,4,1, , ,N,1,2,2,3,0,1,2,2,N, ,40 00:52.738,75 10:42.411,2335, ,2327, ,0, , , ,3, , , , , , , , , ,2,2,0,0,0,0,0,0,0,0,0,1,1,0,0,0,0,0,1,0,1,0,0,0,0,0,0,0,0,0,0,0,0,0,0,4,0,40.0146,-75.1784, , 
44842,490016,2015030908,6,67,67301,2014,12,4,1620,16,1,1,0,4,1, , ,N,0,0,0,3,0,1,2,2,N,N,39 55:30.123,75 10:18.504,0, ,0, ,0, ,N, ,0, , , , , , , , , ,2,1,0,0,0,0,0,0,0,0,0,0,1,1,0,0,0,0,0,0,1,0,0,0,0,0,0,0,0,0,0,0,0,0,0,8,0,39.925,-75.1718, , 
44843,492782,2014087930,6,46,46102,2014,7,5,9999,99,1,1,0,4,1, , ,N,1,2,0,3,0,0,5,4,N, ,40 04:30.988,75 09:37.550,1229, ,1224,3,2,5, , ,3,Y, , , , , , , , ,4,3,0,0,0,0,1,0,0,0,0,0,0,0,5,0,0,0,0,0,1,0,0,0,0,0,0,0,0,0,0,0,0,0,0,9,0,40.0753,-75.1604, , 
44844,492783,2014091537,6,67,67301,2014,8,5,1225,12,1,1,0,1,1, , ,N,6,0,2,3,0,0,5,2,N,N,39 56:55.117,75 11:09.395,1238, ,1225,1,1,4,N, ,0,N, , , , , , , , ,2,2,0,0,0,0,0,0,0,0,0,0,0,0,0,0,0,0,0,0,0,0,0,0,0,0,0,0,0,0,0,0,0,0,0,0,0,39.9486,-75.1859, , 
44845,492799,2014098670,6,67,67301,2014,9,7,2224,22,3,1,0,4,1, , ,N,1,2,0,3,0,2,6,3,N, ,40 02:03.403,75 04:28.523,2245, ,2233, ,0, , , ,3, , , , , , , , , ,3,3,0,0,0,0,0,0,0,0,0,2,2,0,0,0,0,0,0,0,0,0,0,0,0,0,0,0,0,0,0,0,0,0,0,4,0,40.0343,-75.0746, , 
44846,492806,2014112388,6,67,67301,2014,10,7,1919,19,3,1,0,7,2, , ,N,0,0,2,3,0,0,1,1,N,N,40 00:37.168,75 12:22.828,1941, ,1924, ,0, ,N, ,0, , , , , , , , , ,1,1,0,0,0,0,0,0,0,0,0,0,0,0,0,0,0,0,0,0,0,0,0,0,0,0,0,0,0,0,0,0,0,0,0,0,0,40.0103,-75.2063, , 
44847,492818,2014056373,6,67,67301,2014,6,3,1549,15,1,1,1,1,1, , ,N,0,0,0,3,0,1,8,2,N,N,39 56:49.206,75 08:32.270,1554, ,1551,1,1,2,N, ,0,N, , , , , , , , ,2,0,0,0,0,0,2,0,0,0,0,1,1,0,0,0,0,0,0,0,0,0,0,1,0,0,0,0,0,0,0,0,0,0,0,4,0,39.947,-75.1423, , 
44848,492820,2014059275,6,67,67301,2014,5,5,1701,17,1,1,0,4,1, , ,N,1,2,0,3,0,1,3,2,N,N,40 01:13.197,75 04:49.613,1745, ,1742, ,0, ,N, ,3, , , , , , , , , ,1,0,0,0,0,0,0,1,1,0,0,1,1,0,0,0,0,0,0,0,1,0,0,0,0,0,0,0,0,0,0,0,0,0,0,4,0,40.0203,-75.0804, , 
44849,492846,2015006685,6,67,67301,2014,12,4,1127,11,1,1,0,4,1, , ,N,2,3,0,3,0,0,2,2,N,N,40 01:13.039,75 09:46.119,1138, ,1131,9,1,2,N, ,3,N, , , , , , , , ,2,0,0,0,0,0,1,1,0,0,0,0,0,0,0,0,0,0,0,0,0,0,0,0,0,0,0,0,0,0,0,0,0,0,0,0,0,40.0203,-75.1628, , 
44850,492855,2015001497,6,67,67301,2014,11,2,1955,19,3,2,1,4,1, , ,N,2,3,7,3,0,1,4,2,N,N,39 55:21.669,75 08:49.869,1959, ,1955, ,0, ,N, ,3, , , , , , , , , ,2,1,0,0,0,0,1,0,0,0,0,1,1,0,0,0,0,0,0,0,0,0,0,0,0,0,0,0,0,0,0,0,0,0,0,4,0,39.9227,-75.1472, , 
44851,492869,2014127920,6,67,67301,2014,12,4,718,7,1,2,1,4,1, , ,N,0,0,0,3,0,1,2,3,N,N,40 00:04.388,75 08:59.918,735, ,726, ,0, ,N, ,0, , , , , , , , , ,3,2,0,0,0,0,1,0,0,0,0,0,1,1,1,0,0,0,0,0,1,0,0,0,0,0,0,0,0,0,0,0,0,0,0,8,0,40.0012,-75.15, , 
44852,492883,2014127522,6,67,67301,2014,12,5,1530,15,1,1,0,7,4, , ,N,0,0,0,3,0,1,1,1,N,N,40 03:17.972,75 11:54.902,1620, ,1611, ,0, ,N, ,0, , , , , , , , , ,1,1,0,0,0,0,0,0,0,0,0,0,1,1,0,0,0,0,0,0,0,0,0,0,0,0,0,0,0,0,0,0,0,0,0,8,0,40.055,-75.1986, , 
44853,492939,2014087857,6,67,67301,2014,8,3,836,8,1,1,0,8,1, , ,N,2,0,0,3,0,1,2,2,N,N,40 00:24.409,75 07:55.714,841, ,838, ,0, , , ,0, , , , , , , , , ,1,1,0,0,0,0,0,0,0,0,0,1,1,0,0,0,0,0,0,0,0,0,0,0,0,0,0,0,0,0,0,0,1,0,0,4,0,40.0068,-75.1321, , 
44854,492940,2014087965,6,67,67301,2014,7,3,1250,12,1,1,0,5,6, , ,N,0,0,0,3,0,1,1,3,N, ,39 58:36.195,75 09:47.473,1250, ,1252,2,2,2, , ,0,Y, , , , , , , , ,3,2,0,0,0,0,1,0,0,0,0,0,1,1,0,0,0,0,0,0,0,0,0,0,0,0,0,0,0,0,0,0,0,0,0,8,0,39.9767,-75.1632, , 
44855,492941,2014088746,6,67,67301,2014,8,3,1630,16,1,2,1,8,1, , ,N,1,2,0,3,0,1,2,2,N,N,39 57:50.117,75 10:22.220,1638, ,1636, ,0, ,N, ,3, , , , , , , , , ,1,0,0,0,0,0,1,0,0,0,0,1,1,0,0,0,0,0,0,0,0,0,0,0,0,0,0,0,0,0,0,0,1,0,0,4,0,39.9638,-75.1729, , 
44856,492951,2014065500,6,67,67301,2014,5,2,2205,22,3,1,0,7,4, , ,N,0,0,0,3,0,0,2,1,N,N,40 07:28.167,75 00:54.163,2305, ,2258, ,0, , , ,0, , , , , , , , , ,1,1,0,0,0,0,0,0,0,0,0,0,0,0,0,0,0,0,0,0,0,0,0,0,0,0,0,0,0,0,0,0,0,0,0,0,0,40.1245,-75.015, , 
44857,492961,2014078074,6,67,67301,2014,8,5,1340,13,1,1,0,1,1, , ,N,6,4,8,3,0,0,2,2,N,N,39 57:34.246,75 10:50.766,1400, ,1344,1,1,4,N, ,3,N, , , , , , , , ,2,0,0,0,0,0,2,0,0,0,0,0,0,0,0,0,0,0,0,0,0,1,0,0,0,0,0,0,0,0,0,0,0,0,0,0,0,39.9595,-75.1807, , 
44858,492965,2014084500,6,67,67301,2014,6,2,1012,10,1,1,0,4,1, , ,N,1,2,0,3,0,0,2,3,N, ,40 04:12.010,75 09:45.872,1020, ,1012,2,1,3, , ,3,Y, , , , , , , , ,3,2,0,0,1,0,0,0,0,0,0,0,0,0,0,0,0,0,0,0,0,2,0,0,0,0,0,0,0,0,0,0,0,0,0,0,0,40.07,-75.1627, , 
44859,492968,2014087963,6,67,67301,2014,7,5,2000,20,3,1,0,4,1, , ,N,3,2,0,3,0,0,2,2,N,N,39 58:31.433,75 11:23.825,2133, ,9999, ,0, ,N, ,3, , , , , , , , , ,2,1,0,0,0,0,1,0,0,0,0,0,0,0,0,0,0,0,0,0,0,0,0,0,0,0,0,0,0,0,0,0,0,0,0,0,0,39.9754,-75.19, , 
44860,492969,2014089128,6,67,67301,2014,9,7,37,0,3,1,0,5,1, , ,N,0,0,0,3,0,0,2,2,N,N,39 59:19.571,75 05:18.002,45, ,38, ,0, ,Y, ,0, , , , , , , , , ,2,1,0,0,1,0,0,0,0,0,0,0,0,0,0,0,0,0,0,0,1,0,0,0,0,0,0,0,0,0,0,0,0,0,0,0,0,39.9888,-75.0883, , 
44861,492970,2014091469,6,67,67301,2014,9,5,9999,99,1,1,0,5,1, , ,N,0,0,0,3,0,0,2,2,N,N,39 55:26.742,75 09:28.825,9999, ,9999, ,0, ,N, ,0, , , , , , , , , ,2,0,0,0,0,0,1,0,0,0,0,0,0,0,1,0,0,0,0,0,0,0,0,1,0,0,0,0,0,0,0,0,0,0,0,9,0,39.9241,-75.158, , 
44862,495801,2014127538,6,67,67301,2014,11,6,430,4,3,1,0,5,6, , ,N,0,0,0,3,0,1,1,5,N,N,40 02:59.221,75 10:26.916,430, ,430, ,0, ,N, ,0, , , , , , , , , ,5,3,0,0,1,0,1,0,0,0,1,0,1,0,0,0,0,0,0,0,0,0,0,1,0,0,0,0,0,0,0,0,0,0,0,3,0,40.0498,-75.1741, , 
44863,495809,2014109436,6,67,67301,2014,10,2,615,6,3,1,0,8,1, , ,N,1,0,0,3,0,1,2,2,N,N,40 03:11.930,75 07:36.436,730, ,717, ,0, ,N, ,0, , , , , , , , , ,1,1,0,0,0,0,0,0,0,0,0,1,1,0,0,0,0,0,0,0,0,0,1,0,0,0,0,0,0,0,0,0,1,0,0,4,0,40.0533,-75.1268, , 
44864,495812,2014110445,6,67,67301,2014,9,2,2013,20,3,2,1,7,4, , ,N,0,0,0,3,0,3,4,1,N, ,39 59:21.540,75 05:23.431,2016, ,2013, ,0, , , ,0, , , , , , , , , ,1,1,0,0,0,0,0,0,0,0,0,0,3,3,0,0,0,0,0,0,0,0,0,0,0,0,0,0,0,0,0,0,0,0,0,8,0,39.9893,-75.0898, , 
44865,495846,2014113368,6,67,67301,2014,10,2,1602,16,1,1,1,4,1, , ,N,1,3,0,3,0,1,2,3,N, ,39 57:21.643,75 12:41.414,9999, ,1715, ,0, , , ,3, , , , , , , , , ,3,2,0,0,0,0,0,1,0,0,0,1,1,0,1,0,0,0,0,0,0,0,0,0,0,0,0,0,0,0,0,0,0,0,0,4,0,39.956,-75.2115, , 
44866,495855,2014121437,6,67,67301,2014,11,4,2135,21,3,1,0,1,1, , ,N,0,2,7,3,0,1,4,4,N,N,40 02:23.142,75 06:32.680,2139, ,2136,2,2,5,N, ,3,Y, , , , , , , , ,4,2,0,0,0,0,1,1,0,0,0,1,1,0,0,0,0,0,0,0,1,0,0,0,0,0,0,0,0,0,0,0,0,0,0,4,0,40.0398,-75.1091, , 
44867,495891,2014103652,6,67,67301,2014,10,1,2257,22,2,1,0,1,1, , ,N,0,0,0,3,0,1,4,2,N,N,40 01:17.962,75 02:22.391,2303, ,2258, ,0, ,N, ,0, , , , , , , , , ,2,1,0,0,0,0,1,0,0,0,0,1,1,0,0,0,0,0,0,0,0,0,0,2,0,0,0,0,0,0,0,0,0,0,0,4,0,40.0217,-75.0396, , 
44868,495893,2014104677,6,67,67301,2014,10,3,544,5,3,1,0,1,1, , ,N,0,0,2,3,0,0,2,2,N,N,40 01:28.047,75 01:47.630,604, ,554, ,0, ,N, ,0, , , , , , , , , ,2,1,0,0,0,0,1,0,0,0,0,0,0,0,0,0,0,0,0,0,1,0,0,0,0,0,0,0,0,0,0,0,0,0,0,0,0,40.0245,-75.0299, , 
44869,495896,2014106697,6,67,67301,2014,10,6,1904,19,3,1,0,4,1, , ,N,1,3,0,3,0,1,2,2,N,N,39 57:48.931,75 09:26.380,1909, ,1904, ,0, ,N, ,3, , , , , , , , , ,1,0,0,0,0,0,1,0,1,0,0,1,1,0,0,0,0,0,0,0,1,0,0,0,0,0,0,0,0,0,0,0,0,0,0,4,0,39.9636,-75.1573, , 
44870,495897,2014106723,6,67,67301,2014,10,2,1656,16,1,1,0,4,1, , ,N,1,3,0,3,0,1,3,2,N,N,40 01:51.513,75 07:43.510,1656, ,1656,2,2,1,N, ,3,Y, , , , , , , , ,1,1,0,0,0,0,0,0,1,0,0,0,1,1,0,0,0,0,0,0,0,0,0,0,0,0,0,0,0,0,0,0,0,0,0,8,0,40.031,-75.1288, , 
44871,495909,2014109534,6,67,67301,2014,10,5,1636,16,1,1,0,1,1, , ,N,0,0,0,3,0,0,2,2,N,N,39 59:30.263,75 05:10.061,1659, ,1642, ,0, ,N, ,0, , , , , , , , , ,2,0,0,0,1,0,1,0,0,0,0,0,0,0,0,0,0,0,0,0,1,0,1,0,0,0,0,0,0,0,0,0,0,0,0,0,0,39.9917,-75.0861, , 
44872,495910,2014109925,6,67,67301,2014,10,6,9999,99,3,1,0,4,1, , ,N,1,2,0,3,0,2,3,2,N,N,40 01:17.486,75 08:23.326,445, ,438, ,0, ,N, ,3, , , , , , , , , ,2,1,0,0,0,0,1,0,0,0,0,2,2,0,0,0,0,0,0,0,0,0,0,0,0,0,0,0,0,0,0,0,0,0,0,4,0,40.0215,-75.1398, , 
44873,495932,2015003346,6,67,67301,2014,12,6,1800,18,3,1,0,4,1, , ,N,2,3,0,3,0,0,6,2,N,N,40 02:23.387,75 01:57.264,1925, ,1920, ,0, , , ,3, , , , , , , , , ,2,2,0,0,0,0,0,0,0,0,0,0,0,0,0,0,0,0,0,0,1,0,0,0,0,0,0,0,0,0,0,0,0,0,0,0,0,40.0398,-75.0325, , 
44874,495933,2015006113,6,67,67301,2014,12,5,1645,16,1,1,0,8,1, , ,N,0,0,0,3,0,1,2,2,N,N,39 56:15.849,75 13:51.341,1650, ,1648, ,0, ,N, ,0, , , , , , , , , ,1,1,0,0,0,0,0,0,0,0,0,1,1,0,0,0,0,0,0,0,1,0,0,0,0,0,0,0,0,0,0,0,1,0,0,4,0,39.9377,-75.2309, , 
44875,495975,2014082736,6,67,67301,2014,8,5,1415,14,1,1,0,1,1, , ,N,6,0,2,3,0,1,3,2,N,N,39 57:34.053,75 10:50.657,1445, ,1425, ,0, ,N, ,0, , , , , , , , , ,2,1,0,0,0,0,1,0,0,0,0,1,1,0,1,0,0,0,0,0,0,0,0,0,0,0,0,0,0,0,0,0,0,0,0,4,0,39.9595,-75.1807, , 
44876,495977,2014084307,6,67,67301,2014,7,2,1050,10,1,1,0,4,1, , ,N,2,2,0,3,0,1,3,2,N, ,39 57:14.857,75 12:09.311,1051, ,1050, ,0, , , ,3, , , , , , , , , ,1,1,0,0,0,0,0,0,1,0,0,1,1,0,0,0,0,0,0,0,0,0,0,0,0,0,0,0,0,0,0,0,0,0,0,4,0,39.9541,-75.2025, , 
44877,495990,2014098711,6,67,67301,2014,9,7,1630,16,1,1,0,8,4, , ,N,0,0,0,3,0,1,2,2,N,N,40 01:38.859,75 06:37.324,1640, ,1635, ,0, ,N, ,0, , , , , , , , , ,1,0,0,0,0,0,1,0,0,0,0,0,1,1,0,0,0,0,0,1,0,0,0,0,0,0,0,0,0,0,0,0,1,0,0,8,0,40.0275,-75.1104, , 
44878,496003,2014120260,6,67,67301,2014,11,5,541,5,3,2,1,4,1, , ,N,1,2,0,3,0,1,2,2,N,N,40 03:17.667,75 03:14.537,546, ,542, ,0, ,N, ,3, , , , , , , , , ,2,1,0,0,0,0,0,1,0,0,0,1,1,0,0,0,0,0,0,0,1,0,0,0,0,0,0,0,0,0,0,0,0,0,0,4,0,40.0549,-75.0539, , 
44879,496007,2014124455,6,67,67301,2014,11,3,826,8,1,2,0,5,1, , ,N,0,0,0,3,0,1,2,2,Y,N,39 57:34.590,75 14:50.790,9999, ,9999,1,1,2, , ,0,Y, , , , , , , , ,2,1,0,1,0,0,0,0,0,0,0,0,1,1,0,0,0,0,0,0,1,0,0,0,0,0,0,0,0,0,0,0,0,0,0,8,1,39.9596,-75.2474, , 
44880,499889,2015028189,6,67,67301,2014,10,7,1125,11,1,2,1,1,1, , ,N,2,0,0,3,0,1,3,2,N,N,40 03:15.289,75 09:37.670,0, ,0, ,0, ,N, ,0, , , , , , , , , ,2,1,0,0,0,0,0,0,0,0,0,0,1,1,0,0,0,0,0,0,0,0,0,0,0,0,0,0,0,0,0,0,0,0,0,8,0,40.0542,-75.1605, , 
44881,499890,2015028638,6,67,67301,2014,10,1,1745,17,1,1,0,4,1, , ,N,1,2,0,3,0,2,2,2,N,N,40 01:20.289,75 09:43.290,0, ,0, ,0, ,N, ,3, , , , , , , , , ,2,0,0,0,0,0,0,1,0,0,0,0,2,2,0,0,0,0,0,0,0,0,0,0,0,0,0,0,0,0,0,0,0,0,0,8,0,40.0223,-75.162, , 
44882,499904,2014120436,6,67,67301,2014,11,5,2131,21,3,2,1,7,4, , ,N,6,0,0,3,0,0,1,1,N,N,39 57:36.094,75 10:47.782,2239, ,2139, ,0, ,N, ,0, , , , , , , , , ,1,1,0,0,0,0,0,0,0,0,0,0,0,0,0,0,0,0,0,0,0,0,0,0,0,0,0,0,0,0,0,0,0,0,0,0,0,39.96,-75.1799, , 
44883,499918,2014127919,6,67,67301,2014,12,5,817,8,1,1,0,4,1, , ,N,0,0,7,3,0,0,2,2,N, ,40 03:06.864,75 04:02.582,834, ,834,1,1,4, , ,0,N, , , , , , , , ,2,1,0,0,0,0,1,0,0,0,0,0,0,0,0,0,0,0,0,0,0,1,0,0,0,0,0,0,0,0,0,0,0,0,0,0,0,40.0519,-75.0674, , 
44884,499927,2015042805,6,67,67301,2014,3,2,1655,16,1,1,0,4,1, , ,N,1,2,0,3,0,2,2,2,N,N,40 01:24.369,75 08:21.713,1837, ,1815, ,0, ,N, ,3, , , , , , , , , ,2,1,0,0,0,0,1,0,0,2,0,0,2,0,0,0,0,0,0,0,2,0,0,0,0,0,0,0,0,0,0,0,0,0,0,2,0,40.0234,-75.1394, , 
44885,499937,2014124052,6,67,67301,2014,12,1,30,0,3,1,1,7,5, , ,N,0,0,0,3,0,2,2,1,N,N,39 58:57.309,75 12:27.900,41, ,33,3,2,4,Y, ,0,N, , , , , , , , ,1,1,0,0,0,0,0,0,0,0,0,0,2,2,0,0,0,0,0,0,0,0,0,2,0,0,0,0,0,0,0,0,0,0,0,8,0,39.9826,-75.2078, , 
44886,499938,2014124448,6,67,67301,2014,11,6,1526,15,1,1,0,4,1, , ,N,1,3,0,3,0,1,4,2,N,N,40 00:25.851,75 08:52.483,1647, ,1643, ,0, ,N, ,3, , , , , , , , , ,2,1,0,0,0,0,0,1,0,0,0,0,1,1,1,0,0,0,0,0,1,0,0,0,0,0,0,0,0,0,0,0,0,0,0,8,0,40.0072,-75.1479, , 
44887,499944,2014130429,6,67,67301,2014,12,3,2210,22,3,2,1,7,4, , ,N,0,0,0,3,0,0,1,1,N, ,39 58:27.702,75 12:15.825,2220, ,2215, ,0, , , ,0, , , , , , , , , ,1,1,0,0,0,0,0,0,0,0,0,0,0,0,0,0,0,0,0,0,0,0,0,0,0,0,0,0,0,0,0,0,0,0,0,0,0,39.9744,-75.2044, , 
44888,499957,2014127523,6,67,67301,2014,12,3,1644,16,3,2,1,1,1, , ,N,1,2,0,3,0,1,4,3,N,N,40 01:54.735,75 07:53.327,1647, ,1644, ,0, ,N, ,3, , , , , , , , , ,3,2,0,0,0,0,1,0,0,0,0,1,1,0,0,0,0,0,0,0,2,0,0,0,0,0,0,0,0,0,0,0,0,0,0,4,0,40.0319,-75.1315, , 
44889,499978,2014125136,6,67,67301,2014,12,2,823,8,1,1,0,5,1, , ,N,0,0,0,3,0,2,2,2,N,N,39 54:08.118,75 09:01.382,855, ,846,2,2,4,N, ,0,N, , , , , , , , ,2,1,0,0,0,1,0,0,0,0,0,2,2,0,0,0,0,0,0,0,1,0,0,0,0,0,0,0,0,0,0,0,0,0,0,4,1,39.9023,-75.1504, , 
44890,499988,2014120317,6,67,67301,2014,11,2,655,6,1,1,0,4,1, , ,N,1,2,0,3,0,0,2,2,N, ,40 04:55.524,75 13:11.308,705, ,700, ,0, , , ,3, , , , , , , , , ,2,2,0,0,0,0,0,0,0,0,0,0,0,0,0,0,0,0,0,0,0,0,0,0,0,0,0,0,0,0,0,0,0,0,0,0,0,40.0821,-75.2198, , 
44891,500021,2014059077,6,67,67301,2014,5,5,930,9,1,2,1,8,1, , ,N,1,2,0,3,0,1,2,2,N, ,39 59:33.987,75 08:42.421,9999, ,9999, ,0, , , ,3, , , , , , , , , ,1,0,0,0,1,0,0,0,0,0,1,0,1,0,1,0,0,0,0,0,0,0,0,0,0,0,0,0,0,0,0,0,1,0,0,3,0,39.9927,-75.1451, , 
44892,500023,2014061067,6,67,67301,2014,5,2,2100,21,3,1,0,4,1, , ,N,1,0,0,3,0,1,3,2,N,N,40 01:50.743,75 05:35.516,2124, ,2122,1,2,5, , ,0,Y, , , , , , , , ,2,0,1,0,0,0,0,1,0,0,0,0,1,1,0,0,0,0,1,0,0,0,0,0,0,0,0,0,0,0,0,0,0,0,0,8,0,40.0308,-75.0932, , 
44893,500024,2014061097,6,67,67301,2014,5,1,610,6,1,1,0,7,3, , ,N,1,2,0,3,0,1,1,1,N,N,40 03:15.517,75 02:58.198,620, ,615,2,2,2,Y, ,3,Y, , , , , , , , ,1,1,0,0,0,0,0,0,0,0,0,0,1,1,0,0,0,0,0,0,0,0,0,0,0,0,0,0,0,0,0,0,0,0,0,8,0,40.0542,-75.0493, , 
44894,500031,2014068085,6,67,67301,2014,5,1,2154,21,3,1,0,7,5, , ,N,0,0,0,3,0,0,1,1,N, ,40 01:33.326,75 13:18.789,2204, ,2157, ,0, , , ,0, , , , , , , , , ,1,1,0,0,0,0,0,0,0,0,0,0,0,0,0,0,0,0,0,0,0,0,0,0,0,0,0,0,0,0,0,0,0,0,0,0,0,40.0259,-75.2219, , 
44895,500040,2014075215,6,67,67301,2014,6,6,2252,22,3,1,0,8,1, , ,N,1,2,0,3,1,0,2,2,N,N,40 02:22.057,75 02:00.117,2300, ,2252, ,0, ,N,0,3, , , , , , , , , ,1,1,0,0,0,0,0,0,0,0,0,0,0,0,0,0,0,0,0,0,0,0,0,1,0,0,0,0,0,0,0,0,1,1,0,1,0,40.0395,-75.0334,2, 
44896,500053,2014088783,6,67,67301,2014,8,1,326,3,3,1,0,5,6, , ,N,0,0,0,3,0,0,2,11,N,N,39 59:38.587,75 08:27.769,340, ,338, ,0, ,N, ,0, , , , , , , , , ,11,5,0,0,1,0,3,2,0,0,0,0,0,0,0,0,0,0,0,0,1,0,0,0,0,0,0,0,0,0,0,0,0,0,0,0,0,39.9941,-75.141, , 
44897,500059,2014096851,6,67,67301,2014,9,3,851,8,1,1,0,1,1, , ,N,0,0,0,3,0,0,2,2,N, ,39 59:00.490,75 12:54.265,917, ,914, ,0, , , ,0, , , , , , , , , ,2,2,0,0,0,0,0,0,0,0,0,0,0,0,0,0,0,0,0,0,0,0,0,0,0,0,0,0,0,0,0,0,0,0,0,0,0,39.9835,-75.2151, , 
44898,500072,2014114392,6,67,67301,2014,11,2,1037,10,1,2,1,1,1, , ,N,0,2,0,3,0,3,4,4,N,N,40 03:56.780,75 05:23.600,1042, ,1038, ,0, ,N, ,3, , , , , , , , , ,4,2,0,0,0,0,0,2,0,0,0,3,3,0,1,0,0,0,0,0,1,0,0,0,0,0,0,0,0,0,0,0,0,0,0,4,0,40.0658,-75.0899, , 
44899,490027,2014081490,6,67,67301,2014,6,7,2245,22,3,1,0,4,1, , ,N,2,2,0,3,0,2,4,3,N,N,40 02:12.961,75 08:42.306,2255, ,2245, ,0, ,N, ,3, , , , , , , , , ,3,3,0,0,0,0,0,0,0,0,0,2,2,0,0,0,0,0,0,0,0,0,0,0,0,0,0,0,0,0,0,0,0,0,0,4,0,40.0369,-75.1451, , 
44900,490030,2014089007,6,67,67301,2014,8,7,1658,16,1,2,1,4,1, , ,N,2,2,0,3,0,2,2,2,N,N,39 58:25.156,75 12:32.179,1700, ,1659, ,0, , , ,3, , , , , , , , , ,2,1,0,0,0,0,0,1,0,0,0,0,2,2,0,0,0,0,0,0,2,0,0,0,0,0,0,0,0,0,0,0,0,0,0,8,0,39.9736,-75.2089, , 
44901,490072,2014117607,6,67,67301,2014,11,2,700,7,1,1,0,4,1, , ,N,1,3,0,3,0,2,2,2,N, ,39 57:37.092,75 08:20.094,750, ,720, ,0, , , ,3, , , , , , , , , ,2,1,0,0,0,0,0,1,0,0,2,0,2,0,0,0,0,0,0,0,1,0,0,0,0,0,0,0,0,0,0,0,0,0,0,3,0,39.9603,-75.1389, , 
44902,490085,2014127507,6,67,67301,2014,12,2,9999,99,1,1,0,1,1, , ,N,1,2,0,3,0,2,5,2,N,N,40 02:54.625,75 14:06.990,9999, ,1004, ,0, ,N, ,3, , , , , , , , , ,2,1,0,0,1,0,0,0,0,0,0,0,2,2,0,0,0,0,0,0,2,0,0,0,0,0,0,0,0,0,0,0,0,0,0,8,0,40.0485,-75.2353, , 
44903,490087,2014127898,6,67,67301,2014,12,4,910,9,1,2,1,1,1, , ,N,0,0,0,3,0,2,4,2,N,N,40 05:13.930,74 58:20.681,1120, ,1110, ,0, ,N, ,0, , , , , , , , , ,2,0,0,0,0,0,1,1,0,0,0,2,2,0,0,0,0,0,0,0,0,1,0,0,0,0,0,0,0,0,0,0,0,0,0,4,0,40.0872,-74.9724, , 
44904,490094,2015006153,6,67,67301,2014,12,6,1240,12,1,1,0,8,1, , ,N,0,0,7,3,0,1,3,2,N,N,39 55:14.140,75 08:41.960,1255, ,1241, ,0, ,N, ,0, , , , , , , , , ,1,1,0,0,0,0,0,0,0,0,1,0,1,0,0,0,0,0,0,0,0,0,0,0,0,0,0,0,0,0,0,0,1,0,0,3,0,39.9206,-75.145, , 