objectid_1,objectid,crn,district,county,municipality,crash_year,crash_month,day_of_week,time_of_day,hour_of_day,illumination,weather,road_condition,collision_type,relation_to_road,work_zone_type,work_zone_loc,work_zone_ind,intersect_type,tcd_type,location_type,urban_rural,fatal_count,injury_count,person_count,total_units,sch_bus_ind,sch_zone_ind,latitude,longitude,arrival_tm,cons_zone_spd_lim,dispatch_tm,est_hrs_closed,lane_closed,ln_close_dir,ntfy_hiwy_maint,spec_juris_cd,tcd_func_cd,tfc_detour_ind,workers_pres,wz_close_detour,wz_flagger,wz_law_offcr_ind,wz_ln_closure,wz_moving,wz_other,wz_shlder_mdn,vehicle_count,automobile_count,motorcycle_count,bus_count,small_truck_count,heavy_truck_count,suv_count,van_count,bicycle_count,maj_inj_count,mod_inj_count,min_inj_count,tot_inj_count,unk_inj_deg_count,unk_inj_per_count,driver_count_16yr,driver_count_17yr,driver_count_18yr,driver_count_19yr,driver_count_20yr,driver_count_50_64yr,driver_count_65_74yr,driver_count_75plus,unbelted_occ_count,unb_death_count,unb_maj_inj_count,belted_death_count,belted_maj_inj_count,mcycle_death_count,mcycle_maj_inj_count,bicycle_death_count,bicycle_maj_inj_count,ped_count,ped_death_count,ped_maj_inj_count,max_severity_level,comm_veh_count,dec_lat,dec_long,rdwy_surf_type_cd,county_name
45174,496506,2014124999,6,67,67301,2014,11,1,1632,16,1,1,0,4,1, , ,N,5,2,2,3,0,0,3,2,N,N,39 53:56.856,75 10:29.425,1650, ,1640,2,2,1,N, ,3,Y, , , , , , , , ,2,0,0,0,1,0,0,1,0,0,0,0,0,0,0,0,0,0,0,0,1,0,0,0,0,0,0,0,0,0,0,0,0,0,0,0,0,39.8991,-75.1748, , 
45175,498252,2014125044,6,67,67301,2014,11,4,1017,10,1,4,1,5,1, , ,N,0,0,0,3,0,0,2,2,N,N,39 57:14.863,75 11:24.433,1021, ,1018,1,2,4,N, ,0,N, , , , , , , , ,2,1,0,0,0,0,1,0,0,0,0,0,0,0,0,0,0,0,0,0,0,0,0,0,0,0,0,0,0,0,0,0,0,0,0,0,0,39.9541,-75.1901, , 
45176,498260,2015006070,6,67,67301,2014,12,7,2315,23,3,1,0,4,1, , ,N,0,0,0,3,0,0,2,2,N,N,39 57:37.083,75 13:29.270,2330, ,2323, ,0, ,N, ,0, , , , , , , , , ,2,2,0,0,0,0,0,0,0,0,0,0,0,0,0,0,0,0,0,0,0,0,0,0,0,0,0,0,0,0,0,0,0,0,0,0,0,39.9603,-75.2248, , 
45177,498261,2015009660,6,67,67301,2014,12,6,20,0,3,1,1,7,5, , ,N,0,0,0,3,1,0,1,1,N,N,39 56:10.980,75 12:47.610,52, ,48,3,1,4, ,0,0,N, , , , , , , , ,1,1,0,0,0,0,0,0,0,0,0,0,0,0,0,0,0,0,0,0,0,0,0,1,1,0,0,0,0,0,0,0,0,0,0,1,0,39.9364,-75.2132,1, 
45178,498263,2014121409,6,67,67301,2014,11,6,9999,99,3,1,0,4,1, , ,N,0,0,7,3,0,1,2,2,N,N,39 59:32.107,75 08:30.768,2015, ,2007, ,0, ,N, ,0, , , , , , , , , ,2,0,0,0,0,0,1,1,0,0,0,1,1,0,0,0,0,0,0,0,0,0,0,0,0,0,0,0,0,0,0,0,0,0,0,4,0,39.9923,-75.1419, , 
45179,498269,2014130459,6,67,67301,2014,12,1,2113,21,3,1,0,4,1, , ,N,0,0,7,3,0,1,2,3,N,N,40 03:21.100,75 08:25.370,2129, ,2128, ,0, ,N, ,0, , , , , , , , , ,3,3,0,0,0,0,0,0,0,0,0,0,1,1,0,0,0,0,0,0,0,0,0,0,0,0,0,0,0,0,0,0,0,0,0,8,0,40.0559,-75.1404, , 
45180,498277,2014112282,6,67,67301,2014,10,1,2305,23,3,1,0,1,1, , ,N,1,2,0,3,0,1,3,3,N,N,40 02:44.262,75 07:42.522,20, ,2314, ,0, ,N, ,3, , , , , , , , , ,3,2,0,0,0,0,0,0,0,0,0,0,1,1,1,0,0,0,1,0,1,0,0,0,0,0,0,0,0,0,0,0,0,0,0,8,0,40.0456,-75.1285, , 
45181,498287,2014121489,6,67,67301,2014,11,5,9999,99,1,1,0,4,1, , ,N,1,3,0,3,0,1,2,2,N, ,39 59:57.041,75 08:03.904,820, ,816, ,0, , , ,3, , , , , , , , , ,1,1,0,0,0,0,0,0,1,0,0,0,1,1,0,0,0,0,0,0,0,0,0,0,0,0,0,0,0,0,0,0,0,0,0,8,0,39.9992,-75.1344, , 
45182,498288,2014122020,6,67,67301,2014,11,3,842,8,1,1,0,4,1,1,3,Y,0,0,0,3,0,1,2,2,N, ,39 57:11.211,75 10:55.017,848,35,845, ,0, ,N, ,0, ,U, , ,N, , , ,Y,1,0,0,0,1,0,0,0,1,0,0,1,1,0,0,0,0,0,0,0,0,0,0,1,0,0,0,0,0,0,0,0,0,0,0,4,0,39.9531,-75.1819, , 
45183,498295,2015003300,6,67,67301,2014,12,6,1500,15,1,1,0,4,1, , ,N,1,3,0,3,0,0,11,2,Y,N,39 55:41.394,75 09:36.802,1509, ,1509,1,2,1,N, ,3,N, , , , , , , , ,2,1,0,1,0,0,0,0,0,0,0,0,0,0,0,0,0,0,0,0,1,0,1,0,0,0,0,0,0,0,0,0,0,0,0,0,1,39.9282,-75.1602, , 
45184,498304,2015002752,6,67,67301,2014,12,6,2351,23,3,1,0,4,1, , ,N,1,2,0,3,0,1,5,2,N,N,39 55:38.874,75 13:54.199,30, ,28, ,0, ,N, ,3, , , , , , , , , ,2,2,0,0,0,0,0,0,0,0,0,1,1,0,0,0,0,0,0,1,0,0,0,0,0,0,0,0,0,0,0,0,0,0,0,4,0,39.9275,-75.2317, , 
45185,498305,2015003332,6,67,67301,2014,12,2,1137,11,1,1,0,8,1, , ,N,1,2,0,3,0,1,2,2,N, ,40 02:25.699,75 02:50.737,1140, ,1137, ,0, , , ,3, , , , , , , , , ,1,1,0,0,0,0,0,0,0,0,0,1,1,0,0,0,0,0,0,0,0,0,0,0,0,0,0,0,0,0,0,0,1,0,0,4,0,40.0405,-75.0474, , 
45186,498310,2015028121,6,67,67301,2014,9,5,9999,99,1,1,0,1,1, , ,N,0,0,0,3,0,1,2,2,N,N,39 57:27.147,75 08:40.455,0, ,0, ,0, ,N, ,0, , , , , , , , , ,2,1,0,0,0,0,1,0,0,0,0,0,1,1,0,0,0,0,0,0,0,0,0,0,0,0,0,0,0,0,0,0,0,0,0,8,0,39.9575,-75.1446, , 
45187,498314,2014084166,6,67,67301,2014,7,1,1930,19,1,1,0,4,1, , ,N,1,2,0,3,0,1,3,2,N,N,40 02:17.754,75 06:05.767,1945, ,1941,1,1,1,N, ,3,N, , , , , , , , ,2,0,1,0,0,0,1,0,0,0,0,0,1,1,0,0,0,0,0,0,1,0,0,1,0,0,0,0,0,0,0,0,0,0,0,8,0,40.0383,-75.1016, , 
45188,498319,2014087407,6,67,67301,2014,8,1,655,6,1,1,0,7,4, , ,N,0,0,0,3,0,0,1,1,N,N,39 57:20.254,75 10:50.997,702, ,656, ,0, ,Y, ,0, , , , , , , , , ,1,1,0,0,0,0,0,0,0,0,0,0,0,0,0,0,0,0,0,0,0,0,0,1,0,0,0,0,0,0,0,0,0,0,0,0,0,39.9556,-75.1808, , 
45189,498320,2014088100,6,67,67301,2014,7,3,1329,13,1,1,0,5,6, , ,N,0,0,0,3,0,1,1,2,N,N,40 03:06.087,75 07:34.683,1725, ,1717, ,0, , , ,0, , , , , , , , , ,2,1,0,0,0,0,1,0,0,1,0,0,1,0,0,0,0,0,0,0,0,0,1,0,0,0,0,0,0,0,0,0,0,0,0,2,0,40.0517,-75.1263, , 
45190,498321,2014088665,6,67,67301,2014,8,2,1050,10,1,1,0,1,6, , ,N,0,0,0,3,0,3,3,2,N, ,40 03:12.774,75 00:12.330,1055, ,1049,1,1,4, , ,0,N, , , , , , , , ,2,2,0,0,0,0,0,0,0,0,0,1,3,2,0,0,0,0,0,0,0,0,0,0,0,0,0,0,0,0,0,0,0,0,0,4,0,40.0535,-75.0034, , 
45191,498349,2015020674,6,67,67301,2014,2,2,616,6,2,4,1,8,1, , ,N,1,2,0,3,0,1,2,2,N, ,40 02:23.726,75 07:13.540,617, ,617,3,2,6, , ,3,Y, , , , , , , , ,1,0,0,0,0,0,1,0,0,0,0,0,1,1,0,0,0,0,0,0,0,0,0,0,0,0,0,0,0,0,0,0,1,0,0,8,0,40.0399,-75.1204, , 
45192,498371,2014120873,6,67,67301,2014,11,3,1529,15,1,1,0,4,1, , ,N,0,0,0,3,0,0,2,2,N,N,39 58:22.503,75 12:43.494,1531, ,1529, ,0, ,N, ,0, , , , , , , , , ,2,2,0,0,0,0,0,0,0,0,0,0,0,0,0,0,0,0,0,0,0,0,0,0,0,0,0,0,0,0,0,0,0,0,0,0,0,39.9729,-75.2121, , 
45193,498383,2015000388,6,67,67301,2014,12,4,1905,19,8,8,1,2,1, , ,N,2,3,0,3,0,0,2,2,N,N,39 57:10.882,75 13:48.813,9999, ,9999, ,0, ,N, ,3, , , , , , , , , ,2,2,0,0,0,0,0,0,0,0,0,0,0,0,2,0,0,0,0,0,0,0,0,0,0,0,0,0,0,0,0,0,0,0,0,9,0,39.953,-75.2302, , 
45194,490834,2015000386,6,67,67301,2014,12,2,1350,13,1,1,0,1,1, , ,N,0,0,0,3,0,2,3,3,N,Y,40 04:04.516,75 03:03.982,1358, ,1350, ,0, ,N, ,0, , , , , , , , , ,3,2,0,0,0,0,1,0,0,0,2,0,2,0,0,0,0,0,0,0,0,0,0,0,0,0,0,0,0,0,0,0,0,0,0,3,0,40.0679,-75.0511, , 
45195,490836,2015009579,6,67,67301,2014,12,1,1225,12,1,1,0,4,1, , ,N,1,2,0,3,0,1,3,2,N,N,39 58:25.573,75 15:29.593,1231, ,1231, ,0, ,N, ,3, , , , , , , , , ,2,0,0,0,1,0,1,0,0,0,0,1,1,0,0,0,0,0,0,0,2,0,0,0,0,0,0,0,0,0,0,0,0,0,0,4,0,39.9738,-75.2582, , 
45196,490846,2014119587,6,67,67301,2014,11,5,831,8,1,8,1,7,4, , ,N,0,0,0,3,0,0,1,1,N,N,39 57:36.748,75 10:50.033,840, ,835,2,1,3,N, ,0,N, , , , , , , , ,1,1,0,0,0,0,0,0,0,0,0,0,0,0,0,0,0,0,0,0,0,0,0,0,0,0,0,0,0,0,0,0,0,0,0,0,0,39.9602,-75.1806, , 
45197,490853,2014127527,6,67,67301,2014,12,6,9999,99,6,9,1,8,1, , ,N,1,3,0,3,0,1,2,2,N,N,39 55:58.681,75 13:57.334,2035, ,2031, ,0, , , ,3, , , , , , , , , ,1,0,0,0,0,0,0,0,0,0,0,0,1,1,1,0,0,0,0,0,0,0,0,0,0,0,0,0,0,0,0,0,1,0,0,8,0,39.933,-75.2326, , 
45198,490856,2014130528,6,67,67301,2014,12,5,1721,17,3,1,0,8,1, , ,N,2,3,0,3,0,1,2,2,N,N,40 02:04.266,75 12:58.757,1730, ,1723, ,0, ,N, ,3, , , , , , , , , ,1,0,0,0,0,0,1,0,0,0,0,1,1,0,0,0,0,0,0,0,0,0,0,0,0,0,0,0,0,0,0,0,1,0,0,4,0,40.0345,-75.2163, , 
45199,490864,2014068113,6,67,67301,2014,6,4,9999,99,1,1,0,4,1, , ,N,2,3,0,3,0,0,2,2,N, ,40 01:11.632,75 10:52.208,1545, ,1545,9,1,4,N, ,3,N, , , , , , , , ,2,2,0,0,0,0,0,0,0,0,0,0,0,0,0,0,0,0,0,0,0,0,0,0,0,0,0,0,0,0,0,0,0,0,0,0,0,40.0199,-75.1812, , 
45200,490883,2014078848,6,67,67301,2014,6,4,110,1,3,1,0,4,1, , ,N,1,2,0,3,0,0,2,2,N,N,40 03:14.662,75 09:19.914,114, ,111, ,0, ,N, ,3, , , , , , , , , ,2,2,0,0,0,0,0,0,0,0,0,0,0,0,0,0,0,0,0,0,0,0,0,0,0,0,0,0,0,0,0,0,0,0,0,0,0,40.0541,-75.1555, , 
45201,490884,2014078914,6,67,67301,2014,6,2,1134,11,1,1,0,4,1, , ,N,0,0,0,3,0,1,4,2,N,N,40 05:02.938,75 02:19.416,1137, ,1136, ,0, , , ,0, , , , , , , , , ,2,1,0,0,0,0,1,0,0,0,0,0,1,1,0,0,0,0,0,0,2,0,0,0,0,0,0,0,0,0,0,0,0,0,0,8,0,40.0842,-75.0387, , 
45202,490890,2014084154,6,67,67301,2014,7,5,945,9,1,1,0,4,1, , ,N,1,3,0,3,0,0,2,2,N,N,40 02:26.574,75 01:47.778,950, ,949,2,1,1, , ,3,N, , , , , , , , ,2,2,0,0,0,0,0,0,0,0,0,0,0,0,0,0,0,0,0,0,0,0,0,2,0,0,0,0,0,0,0,0,0,0,0,0,0,40.0407,-75.0299, , 
45203,490895,2014088140,6,67,67301,2014,8,6,1805,18,1,2,1,1,1, , ,N,0,2,0,3,0,3,4,2,N,N,40 01:39.529,75 05:58.366,1815, ,1806,2,1,1,N, ,3,N, , , , , , , , ,2,1,0,0,0,1,0,0,0,0,0,3,3,0,0,0,0,0,0,1,0,0,0,0,0,0,0,0,0,0,0,0,0,0,0,4,1,40.0276,-75.0995, , 
45204,490896,2014088289,6,67,67301,2014,7,4,1508,15,1,1,0,1,1, , ,N,2,3,0,3,0,0,2,2,N, ,40 03:06.102,75 10:53.421,1555, ,1549, ,0, , , ,3, , , , , , , , , ,2,2,0,0,0,0,0,0,0,0,0,0,0,0,1,0,0,0,0,0,0,0,0,0,0,0,0,0,0,0,0,0,0,0,0,9,0,40.0517,-75.1815, , 
45205,490900,2014091544,6,67,67301,2014,9,3,730,7,1,2,1,1,1, , ,N,0,0,0,3,0,0,2,2,N,N,39 59:56.603,75 11:43.969,805, ,730, ,0, ,N, ,0, , , , , , , , , ,2,1,0,0,1,0,0,0,0,0,0,0,0,0,0,0,0,0,0,0,0,0,0,0,0,0,0,0,0,0,0,0,0,0,0,0,0,39.9991,-75.1955, , 
45206,490934,2014130464,6,67,67301,2014,12,5,1925,19,3,1,0,8,1, , ,N,1,2,0,3,0,1,2,2,N,N,39 57:52.201,75 10:40.231,1935, ,1932, ,0, , , ,3, , , , , , , , , ,1,0,0,0,0,0,1,0,0,0,1,0,1,0,0,0,0,0,0,0,0,0,0,0,0,0,0,0,0,0,0,0,1,0,0,3,0,39.9645,-75.1779, , 
45207,490943,2014109894,6,67,67301,2014,10,2,2210,22,3,1,0,7,4, , ,N,0,0,0,3,0,0,5,1,N,N,39 57:59.449,75 13:19.560,2240, ,2230, ,0, ,N, ,0, , , , , , , , , ,1,1,0,0,0,0,0,0,0,0,0,0,0,0,0,0,0,0,0,0,0,0,0,5,0,0,0,0,0,0,0,0,0,0,0,0,0,39.9665,-75.2221, , 
45208,490967,2014115496,6,67,67301,2014,5,4,830,8,1,1,0,5,1, , ,N,0,0,0,3,0,1,3,2,N,N,39 57:19.627,75 11:29.598,0, ,0, ,0, ,N, ,0, , , , , , , , , ,1,1,0,0,0,0,0,0,1,0,0,1,1,0,0,0,0,0,0,0,0,0,0,1,0,0,0,0,0,0,0,0,0,0,0,4,0,39.9555,-75.1916, , 
45209,490968,2014115616,6,67,67301,2014,11,6,1505,15,1,1,0,4,1, , ,N,1,2,0,3,0,0,4,3,N,N,40 05:40.718,75 00:54.707,1514, ,1505,1,1,2,N, ,3,N, , , , , , , , ,3,3,0,0,0,0,0,0,0,0,0,0,0,0,0,0,0,0,1,1,1,0,0,0,0,0,0,0,0,0,0,0,0,0,0,0,0,40.0946,-75.0152, , 
45210,490974,2015002740,6,67,67301,2014,12,6,9999,99,3,1,0,8,1, , ,N,0,0,0,3,0,1,2,2,N,N,40 02:20.318,75 08:57.390,2028, ,2025,1,2,3,N, ,0,Y, , , , , , , , ,1,0,0,0,1,0,0,0,0,0,0,1,1,0,0,0,0,0,0,0,0,0,0,0,0,0,0,0,0,0,0,0,1,0,0,4,0,40.039,-75.1493, , 
45211,490986,2014104598,6,67,67301,2014,9,7,1230,12,1,1,0,4,1, , ,N,1,2,0,3,0,2,5,2,N,N,39 59:11.022,75 14:15.223,2000, ,1950, ,0, ,N, ,3, , , , , , , , , ,2,1,0,0,0,0,1,0,0,0,2,0,2,0,1,0,0,0,0,0,1,0,0,0,0,0,0,0,0,0,0,0,0,0,0,3,0,39.9864,-75.2376, , 
45212,490990,2014111644,6,67,67301,2014,11,6,1820,18,3,1,0,1,1, , ,N,0,0,0,3,0,1,2,2,N,N,40 03:12.240,74 59:11.863,1915, ,1820, ,0, ,N, ,0, , , , , , , , , ,2,1,0,0,0,0,0,1,0,0,0,0,1,1,0,0,0,0,0,0,0,0,0,0,0,0,0,0,0,0,0,0,0,0,0,8,0,40.0534,-74.9866, , 
45213,493732,2014111449,6,67,67301,2014,10,6,848,8,1,1,0,4,1, , ,N,1,1,0,3,0,1,2,2,N, ,40 03:51.246,75 03:13.903,925, ,917, ,0, , , ,3, , , , , , , , , ,2,0,0,0,0,0,1,1,0,0,0,1,1,0,0,0,0,0,0,0,1,1,0,0,0,0,0,0,0,0,0,0,0,0,0,4,0,40.0643,-75.0537, , 
45214,493733,2014115584,6,67,67301,2014,11,4,1731,17,3,1,0,4,1, , ,N,2,0,0,3,0,2,2,2,N,N,40 00:08.643,75 07:20.204,1908, ,1905, ,0, ,N, ,0, , , , , , , , , ,2,2,0,0,0,0,0,0,0,0,2,0,2,0,0,0,0,0,0,0,0,0,0,0,0,0,0,0,0,0,0,0,0,0,0,3,0,40.0024,-75.1223, , 
45215,493747,2015001515,6,67,67301,2014,12,1,1830,18,3,1,0,4,1, , ,N,1,2,0,3,0,2,4,2,N, ,40 00:49.221,75 05:50.493,1840, ,1840, ,0, , , ,3, , , , , , , , , ,2,2,0,0,0,0,0,0,0,0,0,2,2,0,0,0,0,0,0,0,0,0,0,0,0,0,0,0,0,0,0,0,0,0,0,4,0,40.0137,-75.0974, , 
45216,493748,2015002672,6,67,67301,2014,12,6,2230,22,3,1,0,4,1, , ,N,1,2,0,3,0,1,2,2,N, ,39 55:00.583,75 10:16.768,2115, ,2050, ,0, , , ,3, , , , , , , , , ,2,1,0,0,0,1,0,0,0,0,1,0,1,0,0,0,0,0,0,0,1,0,0,0,0,0,0,0,0,0,0,0,0,0,0,3,1,39.9168,-75.1713, , 
45217,493750,2015006146,6,67,67301,2014,12,3,1307,13,1,2,1,7,4, , ,N,0,0,0,3,0,0,1,1,N,N,39 59:03.285,75 12:11.688,1314, ,1310,2,2,2,N, ,0,N, , , , , , , , ,1,1,0,0,0,0,0,0,0,0,0,0,0,0,0,0,0,0,0,0,1,0,0,0,0,0,0,0,0,0,0,0,0,0,0,0,0,39.9842,-75.2032, , 
45218,493759,2014120915,6,67,67301,2014,11,3,1619,16,1,1,0,1,1, , ,N,2,2,2,3,0,1,3,2,N,N,39 58:28.976,75 11:54.231,1640, ,1634,2,1,3,N, ,3,N, , , , , , , , ,2,2,0,0,0,0,0,0,0,0,0,0,1,1,0,0,0,0,0,0,1,0,0,0,0,0,0,0,0,0,0,0,0,0,0,8,0,39.9747,-75.1984, , 
45219,493790,2014125151,6,67,67301,2014,11,7,1636,16,1,1,0,1,1, , ,N,0,0,0,3,0,1,1,3,N,N,40 02:08.015,75 11:07.771,1639, ,1638, ,0, ,N, ,0, , , , , , , , , ,3,0,0,0,0,0,3,0,0,0,0,0,1,1,0,0,0,0,0,0,0,0,0,0,0,0,0,0,0,0,0,0,0,0,0,8,0,40.0356,-75.1855, , 
45220,493796,2014127553,6,67,67301,2014,11,4,1925,19,3,2,1,8,1, , ,N,1,2,0,3,0,1,2,2,N,N,40 01:26.933,75 07:49.341,1934, ,1929,1,1,3,N, ,3,N, , , , , , , , ,1,1,0,0,0,0,0,0,0,0,1,0,1,0,0,0,0,0,0,0,1,0,0,0,0,0,0,0,0,0,0,0,1,0,0,3,0,40.0243,-75.1304, , 
45221,493804,2014131789,6,67,67301,2014,12,2,1801,18,3,1,0,1,1, , ,N,0,0,0,3,0,0,3,5,N, ,39 55:25.679,75 13:20.445,1815, ,1812, ,0, ,N, ,0, , , , , , , , , ,5,3,0,1,0,0,0,1,0,0,0,0,0,0,0,0,0,0,0,0,0,1,0,0,0,0,0,0,0,0,0,0,0,0,0,0,1,39.9238,-75.2223, , 
45222,493816,2014125131,6,67,67301,2014,11,7,1111,11,1,1,0,2,1, , ,N,0,0,0,3,0,3,3,3,N, ,39 58:44.113,75 09:34.935,1113, ,1111, ,0, , , ,0, , , , , , , , , ,3,0,0,0,2,0,1,0,0,0,0,1,3,2,0,0,0,0,0,0,1,0,0,0,0,0,0,0,0,0,0,0,0,0,0,4,0,39.9789,-75.1597, , 
45223,493830,2014104508,6,67,67301,2014,10,6,15,0,3,1,0,8,1, , ,N,0,0,0,3,0,1,3,2,N, ,40 04:01.443,75 01:40.208,29, ,25,1,1,4, , ,0,N, , , , , , , , ,1,0,0,0,0,0,1,0,0,0,0,1,1,0,0,0,0,0,0,0,0,0,0,0,0,0,0,0,0,0,0,0,1,0,0,4,0,40.0671,-75.0278, , 
45224,493836,2014113126,6,67,67301,2014,4,3,1300,13,1,1,0,4,1, , ,N,1,3,0,3,0,1,2,2,N,N,39 57:27.720,75 13:31.247,0, ,0, ,0, ,N, ,3, , , , , , , , , ,2,2,0,0,0,0,0,0,0,0,0,0,1,1,1,0,0,0,0,0,1,0,0,0,0,0,0,0,0,0,0,0,0,0,0,8,0,39.9577,-75.2253, , 
45225,493851,2015002665,6,67,67301,2014,11,5,343,3,3,4,1,1,6, , ,N,0,0,0,3,0,1,1,2,N, ,39 57:09.996,75 09:23.252,346, ,345,9,2,2, , ,0,Y, , , , , , , , ,2,1,0,0,0,0,0,1,0,0,1,0,1,0,0,0,0,0,0,0,0,0,0,0,0,0,0,0,0,0,0,0,0,0,0,3,0,39.9528,-75.1565, , 
45226,493852,2015020644,6,67,67301,2014,9,6,2312,23,3,1,0,1,6, , ,N,1,2,0,3,0,1,2,4,N,N,40 00:04.735,75 09:02.593,2313, ,2312,3,1,1,N, ,3,Y, , , , , , , , ,3,2,0,0,0,0,0,1,0,0,1,0,1,0,0,0,0,0,0,0,0,0,0,0,0,0,0,0,0,0,0,0,1,0,0,3,0,40.0013,-75.1507, , 
45227,493860,2014115657,6,67,67301,2014,11,3,825,8,1,1,0,8,1, , ,N,1,2,0,3,0,1,2,2,N,N,40 00:27.502,75 07:38.377,828, ,825, ,0, , , ,3, , , , , , , , , ,1,1,0,0,0,0,0,0,0,0,0,0,1,1,0,0,0,0,0,0,0,0,0,0,0,0,0,0,0,0,0,0,1,0,0,8,0,40.0076,-75.1273, , 
45228,493864,2014121461,6,67,67301,2014,11,6,20,0,3,1,0,2,1, , ,N,0,0,0,3,0,1,2,2,N,N,40 02:10.129,75 09:20.401,42, ,24, ,0, ,N, ,0, , , , , , , , , ,2,1,0,0,1,0,0,0,0,0,0,1,1,0,0,0,0,0,0,0,0,0,0,0,0,0,0,0,0,0,0,0,0,0,0,4,0,40.0361,-75.1557, , 
45229,493867,2014125106,6,67,67301,2014,11,6,1350,13,1,1,0,4,1, , ,N,2,3,0,3,0,1,5,2,N,N,40 00:12.240,75 04:55.621,1421, ,1353, ,0, ,N, ,3, , , , , , , , , ,2,2,0,0,0,0,0,0,0,0,0,1,1,0,0,0,0,0,0,0,1,0,0,0,0,0,0,0,0,0,0,0,0,0,0,4,0,40.0034,-75.0821, , 
45230,493872,2014131925,6,67,67301,2014,12,3,1927,19,3,2,1,7,7, , ,N,0,0,0,3,0,0,1,1,N,N,39 53:33.746,75 13:31.327,1941, ,1927, ,0, ,Y, ,0, , , , , , , , , ,1,1,0,0,0,0,0,0,0,0,0,0,0,0,1,0,0,0,0,0,1,0,0,0,0,0,0,0,0,0,0,0,0,0,0,9,0,39.8927,-75.2254, , 
45231,496514,2014121436,6,67,67301,2014,11,7,520,5,3,1,0,1,1, , ,N,0,0,0,3,0,0,2,2,N,N,40 06:40.313,75 00:01.814,533, ,527,1,2,4,N, ,0,N, , , , , , , , ,2,1,0,0,0,0,0,0,0,0,0,0,0,0,0,0,0,0,0,0,0,0,0,0,0,0,0,0,0,0,0,0,0,0,0,0,0,40.1112,-75.0005, , 
45232,496515,2014121465,6,67,67301,2014,11,5,2259,22,3,2,1,5,6, , ,N,0,0,0,3,0,0,1,3,N,N,40 00:24.562,75 04:40.242,2335, ,2330,2,2,1,N, ,0,Y, , , , , , , , ,3,0,0,0,1,0,1,1,0,0,0,0,0,0,0,0,0,0,0,0,0,0,0,0,0,0,0,0,0,0,0,0,0,0,0,0,0,40.0068,-75.0778, , 
45233,496528,2015020634,6,67,67301,2014,8,3,203,2,3,1,0,4,1, , ,N,2,2,0,3,0,1,2,2,N,N,39 58:17.238,75 12:42.807,209, ,204,3,1,5,N, ,3,N, , , , , , , , ,2,1,0,0,0,0,1,0,0,0,1,0,1,0,0,0,0,0,0,0,0,0,0,0,0,0,0,0,0,0,0,0,0,0,0,3,0,39.9715,-75.2118, , 
45234,496548,2014084227,6,67,67301,2014,6,1,1938,19,1,1,0,4,1, , ,N,1,3,0,3,0,1,2,2,N, ,39 57:03.232,75 14:05.913,1945, ,1940, ,0, , , ,3, , , , , , , , , ,1,1,0,0,0,0,0,0,1,0,0,0,1,1,0,0,0,0,0,0,0,1,0,0,0,0,0,0,0,0,0,0,0,0,0,8,0,39.9509,-75.235, , 
45235,496553,2014088989,6,67,67301,2014,7,4,2220,22,3,2,1,7,4, , ,N,0,8,1,3,0,0,1,1,N, ,40 01:13.780,75 04:48.660,2311, ,2231, ,0, , , ,3, , , , , , , , , ,1,0,0,0,0,1,0,0,0,0,0,0,0,0,0,0,0,0,0,0,0,0,0,0,0,0,0,0,0,0,0,0,0,0,0,0,1,40.0205,-75.0802, , 
45236,496569,2014104419,6,67,67301,2014,10,1,1602,16,1,1,0,5,1, , ,N,0,0,0,3,0,1,2,2,N, ,39 59:22.408,75 10:48.739,1609, ,1605,1,1,1, , ,0,N, , , , , , , , ,2,1,0,1,0,0,0,0,0,0,1,0,1,0,0,0,0,0,0,0,1,0,0,0,0,0,0,0,0,0,0,0,0,0,0,3,1,39.9896,-75.1802, , 
45237,496570,2014104531,6,67,67301,2014,10,6,1324,13,1,1,0,4,1, , ,N,2,3,0,3,0,1,1,2,N, ,39 55:03.637,75 14:16.601,1324, ,1324,2,2,2, , ,3,Y, , , , , , , , ,2,2,0,0,0,0,0,0,0,0,1,0,1,0,0,0,0,0,0,0,0,0,0,0,0,0,0,0,0,0,0,0,0,0,0,3,0,39.9177,-75.2379, , 
45238,496589,2014121414,6,67,67301,2014,11,6,1300,13,1,1,0,4,1, , ,N,0,2,7,3,0,4,4,2,N,N,40 02:15.917,75 06:43.592,1315, ,1307,3,1,2, , ,3,Y, , , , , , , , ,2,1,0,0,0,0,1,0,0,0,0,3,4,1,0,0,0,0,0,0,0,0,0,0,0,0,0,0,0,0,0,0,0,0,0,4,0,40.0378,-75.1121, , 
45239,496600,2014125656,6,67,67301,2014,9,1,0,0,3,1,0,5,1, , ,N,6,0,8,3,0,0,2,2,N,N,39 57:36.094,75 10:47.782,12, ,1,1,2,3,N, ,0,N, , , , , , , , ,2,1,0,0,0,1,0,0,0,0,0,0,0,0,0,0,0,0,0,0,1,0,0,1,0,0,0,0,0,0,0,0,0,0,0,0,1,39.96,-75.1799, , 
45240,496604,2014127906,6,67,67301,2014,12,3,1530,15,1,2,1,8,1, , ,N,0,0,0,3,0,1,2,2,N,N,39 57:44.487,75 08:59.538,1540, ,1537, ,0, ,N, ,0, , , , , , , , , ,1,1,0,0,0,0,0,0,0,0,0,1,1,0,0,0,0,0,0,0,0,0,0,0,0,0,0,0,0,0,0,0,1,0,0,4,0,39.9624,-75.1499, , 
45241,496612,2014123632,6,67,67301,2014,12,7,2358,23,3,2,1,7,2,1,4,Y,0,0,0,3,0,0,1,1,N,N,39 58:11.790,75 07:32.849,0,45,2359,1,1,1,N, ,0,N,N,N,N,N,N,N,N,Y,1,1,0,0,0,0,0,0,0,0,0,0,0,0,0,0,0,0,0,0,0,0,0,0,0,0,0,0,0,0,0,0,0,0,0,0,0,39.9699,-75.1258, , 