objectid_1,objectid,crn,district,county,municipality,crash_year,crash_month,day_of_week,time_of_day,hour_of_day,illumination,weather,road_condition,collision_type,relation_to_road,work_zone_type,work_zone_loc,work_zone_ind,intersect_type,tcd_type,location_type,urban_rural,fatal_count,injury_count,person_count,total_units,sch_bus_ind,sch_zone_ind,latitude,longitude,arrival_tm,cons_zone_spd_lim,dispatch_tm,est_hrs_closed,lane_closed,ln_close_dir,ntfy_hiwy_maint,spec_juris_cd,tcd_func_cd,tfc_detour_ind,workers_pres,wz_close_detour,wz_flagger,wz_law_offcr_ind,wz_ln_closure,wz_moving,wz_other,wz_shlder_mdn,vehicle_count,automobile_count,motorcycle_count,bus_count,small_truck_count,heavy_truck_count,suv_count,van_count,bicycle_count,maj_inj_count,mod_inj_count,min_inj_count,tot_inj_count,unk_inj_deg_count,unk_inj_per_count,driver_count_16yr,driver_count_17yr,driver_count_18yr,driver_count_19yr,driver_count_20yr,driver_count_50_64yr,driver_count_65_74yr,driver_count_75plus,unbelted_occ_count,unb_death_count,unb_maj_inj_count,belted_death_count,belted_maj_inj_count,mcycle_death_count,mcycle_maj_inj_count,bicycle_death_count,bicycle_maj_inj_count,ped_count,ped_death_count,ped_maj_inj_count,max_severity_level,comm_veh_count,dec_lat,dec_long,rdwy_surf_type_cd,county_name
45242,496620,2014130474,6,67,67301,2014,12,1,1125,11,1,1,0,7,5, , ,N,0,0,0,3,0,0,1,1,N,N,39 57:51.246,75 12:14.668,1130, ,1130, ,0, ,N, ,0, , , , , , , , , ,1,1,0,0,0,0,0,0,0,0,0,0,0,0,0,0,0,0,0,0,0,0,0,1,0,0,0,0,0,0,0,0,0,0,0,0,0,39.9642,-75.2041, , 
45243,496625,2015002687,6,67,67301,2014,10,5,2100,21,3,1,0,2,1, , ,N,0,0,0,3,0,1,2,2,N,N,39 59:38.257,75 11:29.456,2103, ,2102,2,2,3,N, ,0,Y, , , , , , , , ,2,0,1,0,0,0,0,1,0,0,1,0,1,0,1,0,0,0,0,0,0,0,0,0,0,0,0,0,0,0,0,0,0,0,0,3,0,39.994,-75.1915, , 
45244,496628,2015028599,6,67,67301,2014,10,3,645,6,1,1,0,1,1, , ,N,1,2,0,3,0,1,2,2,N,N,39 57:26.251,75 14:52.347,0, ,0, ,0, ,N, ,3, , , , , , , , , ,2,1,0,0,0,0,0,0,0,1,0,0,1,0,0,0,0,0,0,0,1,0,0,0,0,0,0,1,0,0,0,0,0,0,0,2,0,39.9573,-75.2479, , 
45245,496638,2014115651,6,67,67301,2014,10,6,9999,99,5,1,0,4,1, , ,N,1,3,0,3,0,3,3,2,N,N,40 03:40.629,75 10:19.427,1959, ,1954, ,0, , , ,3, , , , , , , , , ,2,1,0,0,0,0,1,0,0,0,0,3,3,0,0,0,0,0,0,0,1,0,0,0,0,0,0,0,0,0,0,0,0,0,0,4,0,40.0613,-75.1721, , 
45246,496643,2014120888,6,67,67301,2014,11,1,640,6,5,1,0,5,6, , ,N,0,0,0,3,0,0,1,2,N,N,40 02:52.573,75 08:09.106,645, ,640, ,0, ,N, ,0, , , , , , , , , ,2,2,0,0,0,0,0,0,0,0,0,0,0,0,1,0,0,0,0,0,0,0,0,0,0,0,0,0,0,0,0,0,0,0,0,9,0,40.0479,-75.1359, , 
45247,496655,2015006097,6,67,67301,2014,12,4,630,6,3,2,1,8,1, , ,N,1,2,0,3,0,1,2,2,N, ,39 57:32.561,75 13:01.166,645, ,631, ,0, , , ,3, , , , , , , , , ,1,0,0,0,1,0,0,0,0,0,0,1,1,0,0,0,0,0,0,0,1,0,0,0,0,0,0,0,0,0,0,0,1,0,0,4,0,39.959,-75.217, , 
45248,496665,2014111477,6,67,67301,2014,10,7,1157,11,1,1,0,4,1, , ,N,1,2,0,3,0,0,6,3,N,N,40 04:15.813,75 02:16.676,1203, ,1158,1,2,4,N, ,3,Y, , , , , , , , ,3,3,0,0,0,0,0,0,0,0,0,0,0,0,0,0,0,0,0,0,1,0,1,0,0,0,0,0,0,0,0,0,0,0,0,0,0,40.0711,-75.038, , 
45249,496672,2014117813,6,67,67301,2014,11,1,217,2,3,1,0,7,7, , ,N,7,0,2,3,0,0,1,1,N,N,39 53:56.745,75 10:42.154,225, ,220,1,1,1,Y, ,0,N, , , , , , , , ,1,0,0,0,0,0,1,0,0,0,0,0,0,0,0,0,0,0,0,0,0,0,0,0,0,0,0,0,0,0,0,0,0,0,0,0,0,39.8991,-75.1784, , 
45250,499471,2014098814,6,67,67301,2014,9,7,1439,14,1,1,0,1,1, , ,N,0,0,0,3,0,2,5,2,N,N,40 00:07.442,75 04:41.881,1510, ,1444,2,2,1,N, ,0,N, , , , , , , , ,2,2,0,0,0,0,0,0,0,0,0,2,2,0,0,0,0,0,0,0,1,0,0,0,0,0,0,0,0,0,0,0,0,0,0,4,0,40.0021,-75.0783, , 
45251,499480,2014107205,6,67,67301,2014,10,5,1220,12,1,1,0,4,1, , ,N,1,2,0,3,0,0,3,2,N,N,40 03:12.900,75 08:29.229,1240, ,1227, ,0, ,N, ,3, , , , , , , , , ,2,1,0,0,0,0,1,0,0,0,0,0,0,0,0,0,0,0,0,0,0,0,1,0,0,0,0,0,0,0,0,0,0,0,0,0,0,40.0537,-75.1414, , 
45252,499488,2014125059,6,67,67301,2014,11,1,1515,15,1,1,0,4,1, , ,N,1,3,0,3,0,0,2,3,N,N,39 58:12.334,75 10:07.499,1536, ,1531, ,0, , , ,3, , , , , , , , , ,3,3,0,0,0,0,0,0,0,0,0,0,0,0,0,0,0,0,0,0,0,0,0,0,0,0,0,0,0,0,0,0,0,0,0,0,0,39.9701,-75.1687, , 
45253,499498,2014106784,6,67,67301,2014,10,4,9999,99,1,2,1,4,1, , ,N,0,0,7,3,0,1,2,2,N, ,40 00:28.257,75 04:28.984,1735, ,1730, ,0, , , ,0, , , , , , , , , ,2,1,0,0,0,0,1,0,0,0,0,0,1,1,0,0,0,0,0,0,0,0,0,0,0,0,0,0,0,0,0,0,0,0,0,8,0,40.0078,-75.0747, , 
45254,499518,2015009058,6,67,67301,2014,12,6,820,8,1,1,0,6,1, , ,N,0,0,0,3,0,0,3,3,N,N,40 05:55.024,75 02:24.892,825, ,822,2,2,6,N, ,0,Y, , , , , , , , ,3,0,0,0,0,0,3,0,0,0,0,0,0,0,1,0,0,0,0,0,1,0,0,0,0,0,0,0,0,0,0,0,0,0,0,9,0,40.0986,-75.0402, , 
45255,499522,2014121453,6,67,67301,2014,11,5,1717,17,3,1,0,1,1, , ,N,0,0,0,3,0,1,3,3,N,N,40 00:58.425,75 10:32.236,1723, ,1720,1,1,2,N, ,0,N, , , , , , , , ,3,2,0,0,0,0,1,0,0,0,0,1,1,0,0,0,0,0,0,0,1,1,0,0,0,0,0,0,0,0,0,0,0,0,0,4,0,40.0162,-75.1756, , 
45256,499544,2014125063,6,67,67301,2014,11,4,9999,99,3,2,1,4,1, , ,N,1,2,0,3,0,1,2,2,N, ,39 58:38.230,75 10:09.859,1815, ,1800, ,0, , , ,3, , , , , , , , , ,2,1,0,0,0,0,0,1,0,0,0,1,1,0,0,0,0,0,1,0,0,0,0,0,0,0,0,0,0,0,0,0,0,0,0,4,0,39.9773,-75.1694, , 
45257,499547,2014126750,6,67,67301,2014,12,4,1431,14,1,1,0,1,1,1,4,Y,0,0,0,3,0,0,2,2,Y,N,40 01:13.659,75 02:34.562,1450,45,1431, ,0, ,N, ,0, ,N,N,N,N,N,N,Y,N,2,0,0,1,0,0,1,0,0,0,0,0,0,0,0,0,0,0,0,0,1,0,0,0,0,0,0,0,0,0,0,0,0,0,0,0,1,40.0205,-75.0429, , 
45258,499555,2014125087,6,67,67301,2014,11,4,1640,16,3,2,1,5,1, , ,N,0,0,0,3,0,1,2,2,N,N,40 01:29.538,75 03:46.299,1650, ,1644, ,0, ,N, ,0, , , , , , , , , ,2,1,0,0,0,0,1,0,0,0,0,0,1,1,0,0,0,0,0,0,0,1,0,0,0,0,0,0,0,0,0,0,0,0,0,8,0,40.0249,-75.0629, , 
45259,499567,2014121440,6,67,67301,2014,11,7,135,1,3,1,0,1,1, , ,N,0,2,0,3,0,1,4,3,N,N,39 56:24.678,75 14:11.041,145, ,138, ,0, ,N, ,3, , , , , , , , , ,3,1,0,0,0,0,0,1,0,0,0,1,1,0,0,0,0,0,0,0,2,0,0,0,0,0,0,0,0,0,0,0,0,0,0,4,0,39.9402,-75.2364, , 
45260,499588,2015001514,6,67,67301,2014,12,5,1310,13,1,1,0,4,1, , ,N,1,2,0,3,0,1,2,2,N, ,39 58:53.612,75 07:02.654,1312, ,1310, ,0, , , ,3, , , , , , , , , ,2,1,0,0,0,0,1,0,0,0,0,1,1,0,0,0,0,0,0,0,0,0,0,0,0,0,0,0,0,0,0,0,0,0,0,4,0,39.9815,-75.1173, , 
45261,499589,2015006627,6,67,67301,2014,12,5,104,1,3,2,1,5,6, , ,N,0,0,0,3,0,1,2,3,N,N,40 02:16.252,75 10:44.166,106, ,104, ,0, ,N, ,0, , , , , , , , , ,3,1,0,0,1,0,1,0,0,0,0,1,1,0,0,0,0,0,0,0,0,0,1,0,0,0,0,0,0,0,0,0,0,0,0,4,0,40.0378,-75.1789, , 
45262,499599,2014120827,6,67,67301,2014,11,7,9999,99,6,1,0,5,6, , ,N,0,0,0,3,0,0,1,2,N, ,39 59:05.460,75 09:15.231,259, ,240, ,0, , , ,0, , , , , , , , , ,2,2,0,0,0,0,0,0,0,0,0,0,0,0,0,0,0,0,1,0,0,0,0,0,0,0,0,0,0,0,0,0,0,0,0,0,0,39.9849,-75.1542, , 
45263,499600,2014120852,6,67,67301,2014,11,6,9999,99,3,1,0,1,1, , ,N,0,0,0,3,0,1,2,2,N, ,40 01:00.528,75 04:00.034,1935, ,1930, ,0, , , ,0, , , , , , , , , ,2,1,0,0,0,0,1,0,0,0,0,0,1,1,0,0,0,0,0,0,0,0,0,0,0,0,0,0,0,0,0,0,0,0,0,8,0,40.0168,-75.0667, , 
45264,499635,2014109887,6,67,67301,2014,10,5,1741,17,1,1,0,4,1, , ,N,1,3,0,3,0,1,2,2,N,N,40 04:22.774,75 09:34.598,1915, ,1858, ,0, ,N, ,3, , , , , , , , , ,2,2,0,0,0,0,0,0,0,0,0,0,1,1,1,0,0,0,0,0,0,0,0,0,0,0,0,0,0,0,0,0,0,0,0,8,0,40.073,-75.1596, , 
45265,499641,2014115627,6,67,67301,2014,11,7,1105,11,1,1,0,4,1, , ,N,1,2,0,3,0,2,5,2,N,N,40 04:51.806,75 01:43.881,1115, ,1109,1,2,2,N, ,3,Y, , , , , , , , ,2,2,0,0,0,0,0,0,0,0,0,2,2,0,0,0,0,0,0,0,0,0,0,0,0,0,0,0,0,0,0,0,0,0,0,4,0,40.0811,-75.0289, , 
45266,499673,2014122424,6,67,67301,2014,11,1,2239,22,3,2,1,6,1, , ,N,0,0,0,3,0,1,2,2,N, ,39 56:16.997,75 10:05.554,2246, ,2243, ,0, , , ,0, , , , , , , , , ,1,1,0,0,0,0,0,0,1,0,0,0,1,1,0,0,0,0,0,0,1,0,0,0,0,0,0,0,0,0,0,0,0,0,0,8,0,39.9381,-75.1682, , 
45267,499703,2014104614,6,67,67301,2014,10,7,1725,17,1,1,0,6,6, , ,N,0,0,0,3,0,0,1,2,N, ,40 04:01.450,75 10:30.869,1750, ,1726,2,1,6, , ,0,N, , , , , , , , ,2,2,0,0,0,0,0,0,0,0,0,0,0,0,1,0,0,0,0,0,0,0,0,0,0,0,0,0,0,0,0,0,0,0,0,9,0,40.0671,-75.1752, , 
45268,499709,2014110398,6,67,67301,2014,10,1,2000,20,3,1,0,8,1, , ,N,0,0,0,3,0,1,2,2,N,N,40 01:20.776,75 03:48.945,2026, ,2026, ,0, ,N, ,0, , , , , , , , , ,1,1,0,0,0,0,0,0,0,0,0,1,1,0,0,0,0,0,0,0,0,0,0,0,0,0,0,0,0,0,0,0,1,0,0,4,0,40.0224,-75.0636, , 
45269,490998,2014122456,6,67,67301,2014,11,5,1614,16,1,2,1,4,1, , ,N,1,3,0,3,0,0,3,2,N, ,40 01:36.217,75 03:22.736,1621, ,1618,3,1,4,N, ,3,N, , , , , , , , ,2,2,0,0,0,0,0,0,0,0,0,0,0,0,0,0,0,0,1,0,1,0,0,0,0,0,0,0,0,0,0,0,0,0,0,0,0,40.0267,-75.0563, , 
45270,490999,2014125035,6,67,67301,2014,11,4,630,6,1,2,1,8,1, , ,N,1,2,0,3,0,1,2,2,N,Y,40 03:15.451,75 04:17.588,644, ,639, ,0, ,N, ,3, , , , , , , , , ,1,0,0,0,0,0,1,0,0,0,0,1,1,0,0,0,0,0,0,0,0,0,0,0,0,0,0,0,0,0,0,0,1,0,0,4,0,40.0543,-75.0716, , 
45271,491007,2014130487,6,67,67301,2014,12,1,100,1,3,1,0,4,1, , ,N,1,2,0,3,0,0,2,2,N, ,40 00:55.051,75 08:13.761,115, ,100, ,0, , , ,3, , , , , , , , , ,2,2,0,0,0,0,0,0,0,0,0,0,0,0,0,0,0,0,0,0,0,0,0,2,0,0,0,0,0,0,0,0,0,0,0,0,0,40.0153,-75.1372, , 
45272,491026,2014066094,6,67,67301,2014,7,4,745,7,1,1,0,2,1, , ,N,0,0,0,3,0,1,2,2,N,N,39 59:21.742,75 05:15.909,754, ,747, ,0, ,N, ,0, , , , , , , , , ,2,2,0,0,0,0,0,0,0,0,0,1,1,0,0,0,0,0,0,0,0,0,0,0,0,0,0,0,0,0,0,0,0,0,0,4,0,39.9894,-75.0878, , 
45273,491032,2014081462,6,67,67301,2014,6,4,2345,23,3,2,1,5,6, , ,N,0,0,0,3,0,0,1,2,N,N,39 59:24.190,75 09:38.600,9999, ,850, ,0, ,N, ,0, , , , , , , , , ,2,1,0,0,0,0,0,0,0,0,0,0,0,0,0,0,0,0,0,0,0,0,0,0,0,0,0,0,0,0,0,0,0,0,0,0,0,39.9901,-75.1607, , 
45274,491033,2014081486,6,67,67301,2014,7,3,1650,16,1,1,0,5,6, , ,N,0,0,0,3,0,1,1,2,N,N,39 57:20.404,75 08:32.712,1659, ,1658, ,0, ,N, ,0, , , , , , , , , ,2,2,0,0,0,0,0,0,0,0,0,1,1,0,0,0,0,0,0,0,0,0,0,0,0,0,0,0,0,0,0,0,0,0,0,4,0,39.9557,-75.1424, , 
45275,491041,2014089734,6,67,67301,2014,5,6,1305,13,1,1,0,1,1, , ,N,0,0,6,3,0,1,4,4,N,N,40 02:33.866,75 03:20.700,1310, ,1305,1,2,1,N, ,0,Y, , , , , , , , ,4,4,0,0,0,0,0,0,0,0,0,1,1,0,0,0,0,0,0,0,0,0,0,0,0,0,0,0,0,0,0,0,0,0,0,4,0,40.0427,-75.0558, , 
45276,491056,2014106640,6,67,67301,2014,10,3,812,8,1,1,1,4,1, , ,N,0,2,7,3,0,0,4,2,N,N,39 55:05.327,75 12:33.039,820, ,812, ,0, ,N, ,3, , , , , , , , , ,2,2,0,0,0,0,0,0,0,0,0,0,0,0,2,0,0,0,0,0,1,0,0,0,0,0,0,0,0,0,0,0,0,0,0,9,0,39.9181,-75.2092, , 
45277,491069,2014074518,6,67,67301,2014,6,6,1415,14,1,1,0,4,1, , ,N,0,0,7,3,0,1,2,2,N,N,40 01:46.426,75 04:25.982,1430, ,1420, ,0, , , ,0, , , , , , , , , ,2,0,1,0,0,0,1,0,0,0,1,0,1,0,0,0,0,0,0,1,1,0,0,0,0,0,0,0,0,0,0,0,0,0,0,3,0,40.0296,-75.0739, , 
45278,491074,2014078808,6,67,67301,2014,5,1,400,4,3,1,0,7,4, , ,N,0,0,0,3,0,1,1,1,N, ,40 00:55.334,75 10:11.999,416, ,412,3,2,5, , ,0,Y, , , , , , , , ,1,0,0,0,0,0,0,1,0,1,0,0,1,0,0,0,0,0,0,0,0,0,0,0,0,0,0,0,0,0,0,0,0,0,0,2,0,40.0154,-75.17, , 
45279,491079,2014084247,6,67,67301,2014,7,6,1055,10,1,1,0,4,1, , ,N,1,2,0,3,0,3,3,3,N,N,39 58:22.893,75 10:55.678,1103, ,1100, ,0, ,N, ,3, , , , , , , , , ,3,2,0,0,0,0,1,0,0,0,0,2,3,1,0,0,0,0,0,0,2,0,0,0,0,0,0,0,0,0,0,0,0,0,0,4,0,39.973,-75.1821, , 
45280,491080,2014084258,6,67,67301,2014,7,5,9999,99,1,1,0,8,1, , ,N,2,3,0,3,0,1,2,2,N,N,40 03:15.003,75 03:15.967,1335, ,1330, ,0, ,N, ,3, , , , , , , , , ,1,1,0,0,0,0,0,0,0,0,0,1,1,0,0,0,0,0,0,0,1,0,0,1,0,0,0,0,0,0,0,0,1,0,0,4,0,40.0541,-75.0544, , 
45281,491084,2014088985,6,67,67301,2014,8,6,1140,11,1,1,0,4,1, , ,N,5,2,0,3,0,0,2,2,N, ,40 00:48.913,75 04:06.725,1500, ,1456, ,0, , , ,3, , , , , , , , , ,2,1,0,0,0,0,0,1,0,0,0,0,0,0,0,0,0,0,0,0,0,0,0,0,0,0,0,0,0,0,0,0,0,0,0,0,0,40.0136,-75.0685, , 
45282,491110,2014116200,6,67,67301,2014,11,1,2150,21,3,2,1,7,7, , ,N,7,0,2,3,0,0,1,1,N,N,40 00:12.647,75 04:38.645,2157, ,2152, ,0, ,N, ,0, , , , , , , , , ,1,1,0,0,0,0,0,0,0,0,0,0,0,0,0,0,0,0,0,0,1,0,0,0,0,0,0,0,0,0,0,0,0,0,0,0,0,40.0035,-75.0774, , 
45283,491127,2014081031,6,67,67301,2014,6,3,2330,23,3,1,0,1,6, , ,N,0,0,0,3,0,1,1,2,N,N,40 01:49.223,75 02:05.108,2359, ,2354, ,0, ,N, ,0, , , , , , , , , ,2,1,0,0,1,0,0,0,0,0,0,1,1,0,0,0,0,0,0,0,0,0,0,0,0,0,0,0,0,0,0,0,0,0,0,4,0,40.0303,-75.0348, , 
45284,491131,2014084401,6,67,67301,2014,7,6,1327,13,1,1,0,4,1, , ,N,0,0,7,3,0,0,3,2,N,N,39 56:53.121,75 11:55.637,1330, ,1328, ,0, , , ,0, , , , , , , , , ,2,1,0,0,0,0,1,0,0,0,0,0,0,0,0,0,0,0,0,0,0,0,0,0,0,0,0,0,0,0,0,0,0,0,0,0,0,39.9481,-75.1988, , 
45285,491136,2014088064,6,67,67301,2014,8,6,9999,99,1,1,0,8,1, , ,N,0,0,0,3,0,1,2,2,N,N,39 54:56.276,75 09:42.119,9999, ,9999,1,1,4,N, ,0,N, , , , , , , , ,1,1,0,0,0,0,0,0,0,0,0,1,1,0,0,0,0,0,0,0,0,0,0,0,0,0,0,0,0,0,0,0,1,0,0,4,0,39.9156,-75.1617, , 
45286,491153,2014084459,6,67,67301,2014,7,7,1735,17,1,1,0,5,6, , ,N,0,0,0,3,0,1,1,4,N,N,39 56:23.200,75 08:54.560,1740, ,1735, ,0, ,N, ,0, , , , , , , , , ,4,2,0,0,0,0,1,1,0,0,1,0,1,0,0,0,0,0,0,0,0,0,0,1,0,0,0,0,0,0,0,0,0,0,0,3,0,39.9398,-75.1485, , 
45287,491159,2014096781,6,67,67301,2014,9,1,2022,20,3,1,0,5,1, , ,N,0,0,0,3,0,0,1,4,N,N,40 01:29.500,75 07:36.055,2026, ,2024,3,2,1,N, ,0,Y, , , , , , , , ,4,3,0,0,0,0,1,0,0,0,0,0,0,0,0,0,0,0,0,0,0,0,0,0,0,0,0,0,0,0,0,0,0,0,0,0,0,40.0249,-75.1267, , 
45288,493916,2014130607,6,67,67301,2014,12,7,315,3,3,2,1,7,2, , ,N,0,0,0,3,0,0,1,1,N,N,39 58:56.934,75 12:27.706,324, ,316,1,1,4,N, ,0,N, , , , , , , , ,1,1,0,0,0,0,0,0,0,0,0,0,0,0,0,0,0,0,0,0,0,0,0,0,0,0,0,0,0,0,0,0,0,0,0,0,0,39.9825,-75.2077, , 
45289,493926,2014110116,6,46,46108,2014,11,5,2020,20,3,2,1,4,1, , ,N,1,2,0,3,0,0,2,2,N,N,40 05:09.819,75 13:49.871,2025, ,2020,2,1,4,N, ,3,N, , , , , , , , ,2,1,0,0,0,0,1,0,0,0,0,0,0,0,0,0,0,0,0,0,0,0,0,0,0,0,0,0,0,0,0,0,0,0,0,0,0,40.0861,-75.2305, , 
45290,493949,2015003330,6,67,67301,2014,12,4,1219,12,1,1,0,4,6, , ,N,1,2,0,3,0,0,1,4,N, ,40 02:25.152,75 00:55.542,1221, ,1221,2,1,3, , ,3,N, , , , , , , , ,4,4,0,0,0,0,0,0,0,0,0,0,0,0,0,0,0,0,0,0,0,0,0,1,0,0,0,0,0,0,0,0,0,0,0,0,0,40.0403,-75.0154, , 
45291,493951,2015029947,6,67,67301,2014,11,4,1730,17,4,2,1,1,1, , ,N,1,2,0,3,0,1,2,2,N,N,40 06:08.954,75 01:43.447,0, ,0, ,0, ,N, ,3, , , , , , , , , ,2,0,0,0,0,0,2,0,0,0,0,0,1,1,0,0,0,0,0,0,1,0,0,0,0,0,0,0,0,0,0,0,0,0,0,8,0,40.1025,-75.0287, , 
45292,493953,2014111512,6,67,67301,2014,10,6,320,3,3,1,0,4,1, , ,N,1,2,0,3,0,1,2,3,N,N,40 02:44.514,75 01:53.568,327, ,321,2,2,2,N, ,3,Y, , , , , , , , ,3,2,0,0,0,0,1,0,0,0,0,0,1,1,0,0,0,0,0,0,0,0,0,0,0,0,0,0,0,0,0,0,0,0,0,8,0,40.0457,-75.0315, , 
45293,493961,2015009621,6,67,67301,2014,12,4,1530,15,1,1,0,4,1, , ,N,1,2,0,3,0,0,4,4,N,N,40 03:08.339,75 00:28.750,1544, ,1533,2,2,1,N, ,3,Y, , , , , , , , ,4,4,0,0,0,0,0,0,0,0,0,0,0,0,0,0,0,0,0,0,1,1,0,0,0,0,0,0,0,0,0,0,0,0,0,0,0,40.0523,-75.008, , 
45294,493962,2015028114,6,67,67301,2014,9,6,1210,12,1,1,0,4,1, , ,N,3,0,0,3,0,3,5,2,N,N,39 57:37.983,75 10:30.921,0, ,0, ,0, ,N, ,0, , , , , , , , , ,2,1,0,0,0,0,0,0,0,0,3,0,3,0,0,0,0,0,0,0,1,0,0,0,0,0,0,0,0,0,0,0,0,0,0,3,0,39.9606,-75.1753, , 
45295,493963,2014095878,6,67,67301,2014,9,5,305,3,3,1,0,9,6, , ,N,0,0,0,3,0,1,1,1,N, ,40 03:41.470,74 59:36.890,311, ,306,2,2,3, , ,0,Y, , , , , , , , ,1,0,0,0,0,0,1,0,0,0,0,0,1,1,0,0,0,0,0,0,0,0,0,0,0,0,0,0,0,0,0,0,0,0,0,8,0,40.0615,-74.9936, , 
45296,493964,2014095883,6,67,67301,2014,9,6,1655,16,1,1,0,7,3, , ,N,0,0,0,3,0,0,1,1,N, ,40 05:24.491,74 59:02.232,1910, ,1905, ,0, , , ,0, , , , , , , , , ,1,1,0,0,0,0,0,0,0,0,0,0,0,0,0,0,0,0,0,0,1,0,0,0,0,0,0,0,0,0,0,0,0,0,0,0,0,40.0901,-74.984, , 
45297,493966,2014099199,6,67,67301,2014,9,4,2209,22,3,1,0,7,4, , ,N,1,3,0,3,0,1,1,1,N,N,40 02:39.224,75 08:54.682,2213, ,2210, ,0, ,N, ,3, , , , , , , , , ,1,0,0,0,1,0,0,0,0,0,0,1,1,0,0,0,0,0,0,0,1,0,0,0,0,0,0,0,0,0,0,0,0,0,0,4,0,40.0442,-75.1485, , 
45298,493982,2014115638,6,67,67301,2014,11,5,1508,15,1,2,1,8,1, , ,N,1,2,0,3,0,1,3,2,N,N,39 56:03.465,75 09:02.912,1511, ,1510, ,0, ,N, ,3, , , , , , , , , ,1,1,0,0,0,0,0,0,0,0,0,1,1,0,0,0,0,0,0,0,1,0,0,0,0,0,0,0,0,0,0,0,1,0,0,4,0,39.9343,-75.1508, , 
45299,493983,2014115649,6,67,67301,2014,10,6,1400,14,1,1,0,6,1, , ,N,0,0,0,3,0,0,2,2,N, ,40 05:21.798,75 03:25.764,1725, ,9999, ,0, , , ,0, , , , , , , , , ,2,1,0,0,0,0,1,0,0,0,0,0,0,0,0,0,0,0,0,0,0,0,0,0,0,0,0,0,0,0,0,0,0,0,0,0,0,40.0894,-75.0572, , 
45300,493986,2014121399,6,67,67301,2014,11,6,1650,16,3,1,0,4,1, , ,N,1,3,0,3,0,1,4,2,N, ,39 58:57.522,75 09:51.872,1726, ,1720,1,2,3, , ,3,Y, , , , , , , , ,2,2,0,0,0,0,0,0,0,0,0,1,1,0,0,0,0,0,0,0,0,0,0,0,0,0,0,0,0,0,0,0,0,0,0,4,0,39.9826,-75.1644, , 
45301,493994,2014128361,6,67,67301,2014,12,3,2352,23,3,2,1,8,1, , ,N,2,2,0,3,0,1,2,2,N,N,40 04:05.322,75 01:46.758,2357, ,2357,1,1,2,N, ,3,Y, , , , , , , , ,1,0,0,0,0,0,1,0,0,0,0,1,1,0,0,0,0,0,0,0,0,1,0,0,0,0,0,0,0,0,0,0,1,0,0,4,0,40.0681,-75.0297, , 
45302,493999,2014131933,6,67,67301,2014,12,4,1418,14,1,2,1,1,1, , ,N,0,0,0,3,0,0,5,3,N,N,39 56:29.548,75 11:39.953,1428, ,1422,2,1,4,N, ,0,N, , , , , , , , ,3,1,0,0,0,0,2,0,0,0,0,0,0,0,0,0,1,0,0,0,0,0,0,0,0,0,0,0,0,0,0,0,0,0,0,0,0,39.9415,-75.1944, , 
45303,494010,2014098635,6,67,67301,2014,9,5,1333,13,1,1,0,1,1, , ,N,0,2,0,3,0,3,4,3,N,N,39 59:22.058,75 15:05.042,1340, ,1337,1,2,1,N, ,3,Y, , , , , , , , ,3,1,0,0,0,0,2,0,0,0,0,1,3,2,0,0,0,0,0,0,1,1,1,0,0,0,0,0,0,0,0,0,0,0,0,4,0,39.9895,-75.2514, , 
45304,494011,2014099174,6,67,67301,2014,9,5,2348,23,3,1,0,4,1, , ,N,0,0,0,3,0,1,3,2,N,N,39 55:24.654,75 09:12.226,2351, ,2349,1,2,4,N, ,0,Y, , , , , , , , ,1,1,0,0,0,0,0,0,1,0,0,1,1,0,0,0,0,0,0,0,0,0,0,2,0,0,0,0,0,0,0,0,0,0,0,4,0,39.9235,-75.1534, , 
45305,494037,2015003296,6,67,67301,2014,12,2,1400,14,1,9,0,5,6, , ,N,0,0,0,3,0,0,1,2,N, ,39 59:25.526,75 07:16.233,915, ,915, ,0, , , ,0, , , , , , , , , ,2,0,0,0,1,0,0,1,0,0,0,0,0,0,1,0,0,0,0,0,0,0,0,0,0,0,0,0,0,0,0,0,0,0,0,9,0,39.9904,-75.1212, , 
45306,494038,2015006592,6,67,67301,2014,12,4,1600,16,1,2,1,1,1, , ,N,0,2,0,3,0,2,4,2,N,N,40 03:22.552,75 02:47.836,1653, ,1651, ,0, ,N, ,3, , , , , , , , , ,2,1,0,0,0,0,0,1,0,0,0,0,2,2,0,0,0,0,0,0,1,0,0,0,0,0,0,0,0,0,0,0,0,0,0,8,0,40.0563,-75.0466, , 
45307,496673,2014119567,6,67,67301,2014,10,5,154,1,3,2,1,7,2, , ,N,0,0,0,3,0,1,1,1,N,N,39 58:59.020,75 12:28.619,155, ,155,2,1,4,N, ,0,N, , , , , , , , ,1,0,0,0,0,0,1,0,0,0,0,0,1,1,0,0,0,0,0,0,0,0,0,0,0,0,0,0,0,0,0,0,0,0,0,8,0,39.9831,-75.2079, , 
45308,496689,2014113315,6,67,67301,2014,10,1,1505,15,1,1,0,8,1, , ,N,0,0,0,3,0,1,2,2,N, ,40 01:08.140,75 12:30.466,1522, ,1514, ,0, , , ,0, , , , , , , , , ,1,0,0,0,1,0,0,0,0,0,0,0,1,1,0,0,0,0,0,0,0,0,0,0,0,0,0,0,0,0,0,0,1,0,0,8,0,40.0189,-75.2085, , 