objectid_1,objectid,crn,district,county,municipality,crash_year,crash_month,day_of_week,time_of_day,hour_of_day,illumination,weather,road_condition,collision_type,relation_to_road,work_zone_type,work_zone_loc,work_zone_ind,intersect_type,tcd_type,location_type,urban_rural,fatal_count,injury_count,person_count,total_units,sch_bus_ind,sch_zone_ind,latitude,longitude,arrival_tm,cons_zone_spd_lim,dispatch_tm,est_hrs_closed,lane_closed,ln_close_dir,ntfy_hiwy_maint,spec_juris_cd,tcd_func_cd,tfc_detour_ind,workers_pres,wz_close_detour,wz_flagger,wz_law_offcr_ind,wz_ln_closure,wz_moving,wz_other,wz_shlder_mdn,vehicle_count,automobile_count,motorcycle_count,bus_count,small_truck_count,heavy_truck_count,suv_count,van_count,bicycle_count,maj_inj_count,mod_inj_count,min_inj_count,tot_inj_count,unk_inj_deg_count,unk_inj_per_count,driver_count_16yr,driver_count_17yr,driver_count_18yr,driver_count_19yr,driver_count_20yr,driver_count_50_64yr,driver_count_65_74yr,driver_count_75plus,unbelted_occ_count,unb_death_count,unb_maj_inj_count,belted_death_count,belted_maj_inj_count,mcycle_death_count,mcycle_maj_inj_count,bicycle_death_count,bicycle_maj_inj_count,ped_count,ped_death_count,ped_maj_inj_count,max_severity_level,comm_veh_count,dec_lat,dec_long,rdwy_surf_type_cd,county_name
45309,496699,2014125088,6,67,67301,2014,11,4,2202,22,3,2,1,4,1, , ,N,1,2,0,3,0,2,5,2,N,N,40 00:29.331,75 04:20.880,2240, ,2237, ,0, ,N, ,3, , , , , , , , , ,2,1,0,0,0,1,0,0,0,0,0,2,2,0,0,0,0,0,0,0,0,0,0,4,0,0,0,0,0,0,0,0,0,0,0,4,1,40.0081,-75.0725, , 
45310,496714,2014107224,6,67,67301,2014,10,7,1730,17,1,1,0,8,1, , ,N,1,2,0,3,0,1,2,2,N,N,40 00:54.079,75 08:06.611,9999, ,9999, ,0, ,N, ,3, , , , , , , , , ,1,1,0,0,0,0,0,0,0,0,0,1,1,0,0,0,0,0,0,0,0,0,0,0,0,0,0,0,0,0,0,0,1,0,0,4,0,40.015,-75.1352, , 
45311,496718,2014113297,6,67,67301,2014,10,4,250,2,3,1,0,1,1, , ,N,1,2,0,3,0,4,7,2,N, ,40 01:30.637,75 07:31.531,300, ,257,2,1,1, , ,3,N, , , , , , , , ,2,1,0,0,0,0,0,1,0,0,0,4,4,0,0,0,0,0,0,0,1,0,0,2,0,0,0,0,0,0,0,0,0,0,0,4,0,40.0252,-75.1254, , 
45312,496730,2014084251,6,67,67301,2014,7,7,1814,18,1,1,0,4,1, , ,N,1,2,0,3,0,0,3,3,N, ,39 57:07.894,75 14:26.897,1830, ,1826, ,0, , , ,3, , , , , , , , , ,3,2,0,0,0,0,1,0,0,0,0,0,0,0,0,0,0,0,0,0,1,0,0,0,0,0,0,0,0,0,0,0,0,0,0,0,0,39.9522,-75.2408, , 
45313,496731,2014087919,6,67,67301,2014,7,5,1000,10,1,1,0,7,4, , ,N,2,2,0,3,0,0,1,1,N, ,40 04:32.724,74 58:45.246,1014, ,1004, ,0, , , ,3, , , , , , , , , ,1,0,0,0,0,0,0,1,0,0,0,0,0,0,0,0,0,0,0,0,1,0,0,0,0,0,0,0,0,0,0,0,0,0,0,0,0,40.0758,-74.9792, , 
45314,496735,2014093545,6,67,67301,2014,9,3,1135,11,1,1,0,1,1, , ,N,1,2,0,3,0,0,2,2,N, ,40 00:24.065,75 07:09.565,1142, ,1138, ,0, , , ,3, , , , , , , , , ,2,2,0,0,0,0,0,0,0,0,0,0,0,0,0,0,0,0,0,0,1,0,0,0,0,0,0,0,0,0,0,0,0,0,0,0,0,40.0067,-75.1193, , 
45315,496748,2014109933,6,67,67301,2014,10,4,1435,14,1,2,1,8,6, , ,N,0,0,0,3,0,1,2,2,N,N,39 55:26.393,75 11:12.994,1435, ,1435, ,0, ,N, ,0, , , , , , , , , ,1,0,0,0,1,0,0,0,0,0,0,0,1,1,0,0,0,0,0,0,0,0,0,0,0,0,0,0,0,0,0,0,1,0,0,8,0,39.924,-75.1869, , 
45316,496757,2014130469,6,67,67301,2014,12,2,209,2,3,1,0,1,1, , ,N,0,0,0,3,0,2,2,4,N,N,40 03:04.701,75 07:38.316,213, ,211, ,0, ,N, ,0, , , , , , , , , ,4,2,0,0,0,0,0,0,0,0,0,2,2,0,0,0,0,0,0,0,0,0,0,0,0,0,0,0,0,0,0,0,0,0,0,4,0,40.0513,-75.1273, , 
45317,496780,2014127542,6,67,67301,2014,11,7,1800,18,3,1,0,1,1, , ,N,0,0,3,3,0,3,8,4,N,N,39 53:55.698,75 12:33.165,1810, ,1800,1,1,3,N, ,0,N, , , , , , , , ,4,3,0,0,0,0,1,0,0,0,0,0,3,3,0,0,0,0,0,0,0,0,0,0,0,0,0,0,0,0,0,0,0,0,0,8,0,39.8988,-75.2092, , 
45318,496788,2015006075,6,67,67301,2014,12,7,1114,11,1,1,0,4,1, , ,N,1,3,0,3,0,1,3,2,N,N,39 58:26.407,75 09:18.244,1123, ,1119, ,0, ,N, ,3, , , , , , , , , ,2,2,0,0,0,0,0,0,0,0,0,0,1,1,0,0,0,0,0,0,1,1,0,0,0,0,0,0,0,0,0,0,0,0,0,8,0,39.974,-75.1551, , 
45319,496789,2015006659,6,67,67301,2014,12,4,2344,23,3,2,1,8,1, , ,N,2,0,0,3,0,1,2,2,N,N,40 02:49.642,75 09:03.891,2350, ,2347,1,1,1,N, ,0,N, , , , , , , , ,1,0,0,0,1,0,0,0,0,0,1,0,1,0,0,0,0,0,0,0,0,0,1,0,0,0,0,0,0,0,0,0,1,0,0,3,0,40.0471,-75.1511, , 
45320,496793,2014120861,6,67,67301,2014,11,7,1837,18,3,1,0,4,1, , ,N,1,2,0,3,0,0,3,3,N,N,40 01:53.078,75 05:05.038,1845, ,1840,1,1,1,N, ,3,N, , , , , , , , ,3,1,0,0,0,0,1,1,0,0,0,0,0,0,0,0,0,0,0,0,2,0,0,0,0,0,0,0,0,0,0,0,0,0,0,0,0,40.0314,-75.0847, , 
45321,496796,2014122470,6,67,67301,2014,10,6,1643,16,1,1,0,1,1, , ,N,0,0,0,3,0,1,3,3,N,N,39 57:24.908,75 14:39.274,1845, ,1832, ,0, ,N, ,0, , , , , , , , , ,3,0,0,0,0,0,1,2,0,0,0,1,1,0,0,0,0,0,0,0,2,0,0,0,0,0,0,0,0,0,0,0,0,0,0,4,0,39.9569,-75.2442, , 
45322,496800,2014125172,6,67,67301,2014,11,7,1530,15,1,1,0,4,1, , ,N,1,2,0,3,0,2,4,3,N, ,40 00:31.666,75 08:51.441,1533, ,1531,9,2,1, , ,2,Y, , , , , , , , ,3,0,0,0,1,0,1,0,0,0,0,0,2,2,0,0,0,0,0,0,2,0,0,1,0,0,0,0,0,0,0,0,0,0,0,8,0,40.0088,-75.1476, , 
45323,496818,2015012672,6,67,67301,2014,12,3,1715,17,3,2,1,8,1, , ,N,0,0,0,3,1,0,3,3,N,N,40 02:14.235,75 00:38.543,1730, ,1720, ,0, ,N,0,0, , , , , , , , , ,2,1,0,0,0,0,0,0,0,0,0,0,0,0,0,0,0,0,0,0,0,0,0,0,0,0,0,0,0,0,0,0,1,1,0,1,0,40.0373,-75.0107,2, 
45324,496837,2014120308,6,67,67301,2014,11,2,9999,99,3,1,0,7,3, , ,N,0,0,6,3,0,3,4,1,N,N,40 02:47.035,75 03:09.994,2215, ,2209, ,0, ,N, ,0, , , , , , , , , ,1,1,0,0,0,0,0,0,0,0,0,3,3,0,0,0,0,0,0,0,0,0,0,0,0,0,0,0,0,0,0,0,0,0,0,4,0,40.0464,-75.0528, , 
45325,498716,2014120879,6,67,67301,2014,11,2,1340,13,1,1,0,4,1, , ,N,1,2,0,3,0,0,2,2,N, ,40 03:08.339,75 00:28.750,1350, ,1344, ,0, , , ,3, , , , , , , , , ,2,2,0,0,0,0,0,0,0,0,0,0,0,0,0,0,0,0,1,0,1,0,0,0,0,0,0,0,0,0,0,0,0,0,0,0,0,40.0523,-75.008, , 
45326,498717,2014120940,6,67,67301,2014,11,4,1204,12,1,1,0,5,1, , ,N,0,0,0,3,0,1,2,2,N,N,39 57:00.194,75 11:29.025,1320, ,1318, ,0, , , ,0, , , , , , , , , ,1,0,0,0,0,0,0,1,1,0,0,1,1,0,0,0,0,0,0,0,1,0,0,0,0,0,0,0,0,0,0,0,0,0,0,4,0,39.9501,-75.1914, , 
45327,498719,2014121400,6,67,67301,2014,11,5,1510,15,1,1,0,8,1, , ,N,1,2,0,3,0,1,2,2,N,N,39 59:12.570,75 10:21.975,1544, ,1535, ,0, ,N, ,3, , , , , , , , , ,1,1,0,0,0,0,0,0,0,0,0,0,1,1,0,0,0,0,0,0,0,0,0,0,0,0,0,0,0,0,0,0,1,0,0,8,0,39.9868,-75.1728, , 
45328,498721,2014122462,6,67,67301,2014,11,4,1724,17,3,1,0,8,1, , ,N,2,0,0,3,0,1,2,2,N, ,39 59:19.628,75 07:27.958,1729, ,1729,2,1,3, , ,0,N, , , , , , , , ,1,1,0,0,0,0,0,0,0,0,0,1,1,0,0,0,0,0,0,0,0,0,0,0,0,0,0,0,0,0,0,0,1,0,0,4,0,39.9888,-75.1244, , 
45329,498726,2014127519,6,67,67301,2014,12,4,1435,14,1,2,1,4,1, , ,N,2,3,0,3,0,1,2,2,N,N,39 59:44.480,75 10:05.213,1455, ,1450, ,0, , , ,3, , , , , , , , , ,1,1,0,0,0,0,0,0,1,0,0,1,1,0,0,0,0,0,0,0,0,0,0,0,0,0,0,0,0,0,0,0,0,0,0,4,0,39.9957,-75.1681, , 
45330,498737,2015006155,6,67,67301,2014,12,4,610,6,3,1,0,1,1, , ,N,0,0,0,3,0,1,2,2,N,N,40 01:01.579,75 06:39.931,1221, ,1217, ,0, ,N, ,0, , , , , , , , , ,2,2,0,0,0,0,0,0,0,0,0,0,1,1,1,0,0,0,0,0,0,0,0,0,0,0,0,0,0,0,0,0,0,0,0,8,0,40.0171,-75.1111, , 
45331,498752,2015002247,6,67,67301,2014,12,6,214,2,3,1,0,5,1, , ,N,0,0,0,3,0,1,3,2,N,N,39 57:15.969,75 10:52.013,223, ,216,3,2,4,N, ,0,Y, , , , , , , , ,2,2,0,0,0,0,0,0,0,0,0,0,1,1,0,0,0,0,0,0,0,0,0,0,0,0,0,0,0,0,0,0,0,0,0,8,0,39.9544,-75.1811, , 
45332,498753,2015003323,6,67,67301,2014,12,1,710,7,1,1,0,4,1, , ,N,1,2,0,3,0,2,2,2,N,N,40 01:53.078,75 05:05.038,718, ,711,1,2,1,N, ,3,Y, , , , , , , , ,2,1,0,0,1,0,0,0,0,0,0,2,2,0,0,0,0,0,0,0,1,0,0,0,0,0,0,0,0,0,0,0,0,0,0,4,0,40.0314,-75.0847, , 
45333,498759,2014127465,6,67,67301,2014,12,7,48,0,3,2,1,4,1, , ,N,1,3,0,3,0,0,4,2,N, ,40 07:17.929,75 01:19.606,48, ,48, ,0, , , ,3, , , , , , , , , ,2,2,0,0,0,0,0,0,0,0,0,0,0,0,0,0,0,0,0,1,0,0,0,0,0,0,0,0,0,0,0,0,0,0,0,0,0,40.1216,-75.0221, , 
45334,498763,2014087981,6,67,67301,2014,8,3,1450,14,1,2,1,1,1, , ,N,2,2,0,3,0,1,2,2,N,N,40 06:39.135,75 00:12.689,1525, ,1458, ,0, ,N, ,3, , , , , , , , , ,2,0,0,0,0,0,1,1,0,0,0,0,1,1,0,0,0,0,0,0,1,0,0,0,0,0,0,0,0,0,0,0,0,0,0,8,0,40.1109,-75.0035, , 
45335,498780,2014106755,6,67,67301,2014,10,4,1045,10,1,1,0,5,6, , ,N,0,0,0,3,0,1,3,2,N,N,39 58:07.975,75 12:28.569,1111, ,1105,2,1,1,N, ,0,N, , , , , , , , ,2,1,0,0,0,0,0,1,0,0,0,1,1,0,0,0,0,0,0,0,1,0,0,2,0,0,0,0,0,0,0,0,0,0,0,4,0,39.9689,-75.2079, , 
45336,498785,2014116413,6,67,67301,2014,2,3,1745,17,1,1,0,4,1, , ,N,1,2,0,3,0,1,2,2,N,N,40 02:05.146,75 04:15.791,0, ,0, ,0, ,N, ,3, , , , , , , , , ,2,2,0,0,0,0,0,0,0,0,0,0,1,1,0,0,0,0,0,1,0,0,0,0,0,0,0,0,0,0,0,0,0,0,0,8,0,40.0348,-75.0711, , 
45337,498804,2014113377,6,67,67301,2014,10,6,1842,18,3,1,0,0,1, , ,N,2,2,0,3,0,1,1,1,N,N,39 54:53.180,75 09:18.118,1847, ,1843,1,1,4,N, ,3,N, , , , , , , , ,1,0,1,0,0,0,0,0,0,0,0,1,1,0,0,0,0,0,0,0,0,0,0,0,0,0,0,0,0,0,0,0,0,0,0,4,0,39.9147,-75.155, , 
45338,498813,2014099182,6,67,67301,2014,9,5,2120,21,3,1,0,4,1, , ,N,1,2,0,3,0,1,3,3,N,N,39 55:20.053,75 13:49.322,2125, ,2120, ,0, ,N, ,3, , , , , , , , , ,3,1,0,0,0,0,2,0,0,0,0,1,1,0,0,0,0,0,0,0,1,0,0,0,0,0,0,0,0,0,0,0,0,0,0,4,0,39.9222,-75.2303, , 
45339,498826,2014113361,6,67,67301,2014,11,7,525,5,3,2,1,7,3, , ,N,0,0,0,3,0,0,1,1,N,N,39 58:09.163,75 07:34.748,530, ,528,1,1,1,N, ,0,N, , , , , , , , ,1,0,0,0,0,0,1,0,0,0,0,0,0,0,0,0,0,0,0,0,0,0,0,0,0,0,0,0,0,0,0,0,0,0,0,0,0,39.9692,-75.1263, , 
45340,498829,2014116190,6,67,67301,2014,11,7,655,6,1,1,0,7,3, , ,N,0,0,0,3,0,0,2,1,N,N,39 58:57.309,75 12:27.900,659, ,656,3,2,4,N, ,0,N, , , , , , , , ,1,0,0,0,0,0,1,0,0,0,0,0,0,0,0,0,0,0,0,0,0,0,0,0,0,0,0,0,0,0,0,0,0,0,0,0,0,39.9826,-75.2078, , 
45341,498841,2015002791,6,67,67301,2014,12,7,1726,17,3,2,1,8,1, , ,N,3,0,0,3,0,1,5,2,N,N,40 00:34.514,75 05:22.410,1726, ,1726, ,0, ,N, ,0, , , , , , , , , ,1,0,0,0,0,0,0,1,0,1,0,0,1,0,0,0,0,0,0,0,1,0,0,0,0,0,0,0,0,0,0,0,1,0,1,2,0,40.0096,-75.0896, , 
45342,498851,2014121627,6,67,67301,2014,12,3,1820,18,3,2,1,0,1, , ,N,0,0,0,3,0,0,1,1,N,N,39 58:06.230,75 11:28.019,1835, ,1820,1,2,3,N, ,0,N, , , , , , , , ,1,1,0,0,0,0,0,0,0,0,0,0,0,0,0,0,0,0,0,0,0,1,0,0,0,0,0,0,0,0,0,0,0,0,0,0,0,39.9684,-75.1911, , 
45343,498855,2014126745,6,67,67301,2014,12,3,606,6,3,2,1,1,1, , ,N,0,0,0,3,0,1,2,2,N,N,39 57:36.586,75 10:48.806,655, ,634, ,0, ,N, ,0, , , , , , , , , ,2,1,0,0,0,0,1,0,0,0,0,1,1,0,0,0,0,0,0,0,0,0,0,0,0,0,0,0,0,0,0,0,0,0,0,4,0,39.9602,-75.1802, , 
45344,491160,2014099225,6,67,67301,2014,9,7,450,4,3,1,0,1,1, , ,N,1,2,0,3,0,2,3,2,N, ,40 01:13.249,75 08:02.518,502, ,500, ,0, , , ,3, , , , , , , , , ,2,2,0,0,0,0,0,0,0,0,0,1,2,1,0,0,0,0,0,0,1,0,0,2,0,0,0,0,0,0,0,0,0,0,0,4,0,40.0203,-75.134, , 
45345,491163,2015002728,6,67,67301,2014,12,7,32,0,3,1,0,8,1, , ,N,0,0,0,3,0,1,2,2,N,N,39 59:50.267,75 06:16.098,108, ,106, ,0, ,N, ,0, , , , , , , , , ,1,0,0,0,0,0,0,1,0,0,0,1,1,0,0,0,0,0,0,0,0,0,0,0,0,0,0,0,0,0,0,0,1,0,0,4,0,39.9973,-75.1045, , 
45346,491167,2014119572,6,67,67301,2014,11,1,2205,22,3,1,0,7,2, , ,N,0,0,0,3,0,0,1,1,N,N,39 58:47.498,75 06:21.770,2224, ,2210,1,2,1,N, ,0,Y, , , , , , , , ,1,1,0,0,0,0,0,0,0,0,0,0,0,0,0,0,0,0,0,0,1,0,0,0,0,0,0,0,0,0,0,0,0,0,0,0,0,39.9799,-75.106, , 
45347,491176,2014131943,6,67,67301,2014,12,7,1728,17,2,1,0,1,1,1,4,Y,0,0,0,3,0,0,2,2,N,N,40 01:06.149,75 02:51.717,1825,45,1745, ,0, ,N, ,0, ,N,N,N,N,N,N,Y,N,2,2,0,0,0,0,0,0,0,0,0,0,0,0,0,0,0,0,0,0,0,0,0,1,0,0,0,0,0,0,0,0,0,0,0,0,0,40.0184,-75.0477, , 
45348,491181,2015020836,6,67,67301,2014,11,6,1257,12,1,1,0,4,1, , ,N,1,2,0,3,0,3,4,2,N, ,39 59:23.112,75 07:03.787,1258, ,1258, ,0, , , ,3, , , , , , , , , ,2,1,0,0,0,0,1,0,0,0,0,1,3,2,0,0,0,0,0,0,2,0,0,0,0,0,0,0,0,0,0,0,0,0,0,4,0,39.9898,-75.1177, , 
45349,491212,2014122480,6,67,67301,2014,11,3,738,7,1,1,0,4,1, , ,N,2,3,0,3,0,3,3,2,N,N,40 05:48.361,75 00:53.153,807, ,804,1,1,1,N, ,3,N, , , , , , , , ,2,2,0,0,0,0,0,0,0,0,2,0,3,1,0,0,0,0,0,0,0,1,0,2,0,0,0,0,0,0,0,0,0,0,0,3,0,40.0968,-75.0148, , 
45350,491230,2014054615,6,67,67301,2014,4,1,1422,14,1,1,0,5,1, , ,N,1,2,0,3,0,1,2,2,N,N,39 53:40.603,75 14:12.181,1455, ,1422, ,0, ,N, ,3, , , , , , , , , ,2,0,0,0,0,0,1,1,0,0,0,0,1,1,1,0,0,0,0,0,0,1,0,0,0,0,0,0,0,0,0,0,0,0,0,8,0,39.8946,-75.2367, , 
45351,491270,2014122017,6,67,67301,2014,11,4,1100,11,1,1,0,7,4, , ,N,1,2,0,3,0,0,2,1,N, ,40 03:33.971,75 05:09.267,1114, ,1111, ,0, , , ,3, , , , , , , , , ,1,1,0,0,0,0,0,0,0,0,0,0,0,0,0,0,0,0,0,0,1,0,0,0,0,0,0,0,0,0,0,0,0,0,0,0,0,40.0594,-75.0859, , 
45352,491273,2014130415,6,67,67301,2014,12,7,9999,99,1,1,0,4,1, , ,N,2,2,0,3,0,2,2,2,N,N,40 04:19.712,75 01:58.660,1359, ,1351, ,0, , , ,3, , , , , , , , , ,2,1,0,0,0,0,1,0,0,0,2,0,2,0,0,0,0,0,0,0,0,0,0,0,0,0,0,0,0,0,0,0,0,0,0,3,0,40.0721,-75.033, , 
45353,491274,2014130450,6,67,67301,2014,12,4,1715,17,3,1,0,1,1, , ,N,1,2,0,3,0,0,3,2,N, ,39 59:51.790,75 07:23.708,1825, ,1825,3,1,3, , ,3,N, , , , , , , , ,2,1,0,0,0,0,1,0,0,0,0,0,0,0,0,0,0,0,1,0,1,0,0,0,0,0,0,0,0,0,0,0,0,0,0,0,0,39.9977,-75.1232, , 
45354,491275,2014131717,6,67,67301,2014,12,6,1318,13,1,1,0,7,4, , ,N,0,0,0,3,0,1,25,1,Y,N,40 00:30.918,75 11:24.281,1332, ,1324,3,1,1,N, ,0,N, , , , , , , , ,1,0,0,1,0,0,0,0,0,0,1,0,1,0,0,0,0,0,0,0,0,0,0,0,0,0,0,0,0,0,0,0,0,0,0,3,1,40.0086,-75.1901, , 
45355,491277,2015018978,6,67,67301,2014,12,5,2035,20,3,1,0,6,1, , ,N,3,2,0,3,0,2,2,2,N,N,40 03:12.351,75 00:30.527,2052, ,2049,9,2,7,N, ,3,Y, , , , , , , , ,2,1,0,0,0,0,1,0,0,1,1,0,2,0,0,0,0,0,0,0,2,0,0,0,0,0,0,0,0,0,0,0,0,0,0,2,0,40.0536,-75.0085, , 
45356,491295,2014075972,6,67,67301,2014,6,1,1719,17,1,1,0,1,1, , ,N,0,0,0,3,0,1,3,3,N,N,40 00:56.355,75 08:24.085,1721, ,1721, ,0, ,N, ,0, , , , , , , , , ,3,2,0,0,0,0,1,0,0,0,1,0,1,0,0,0,0,0,0,0,0,0,0,0,0,0,0,0,0,0,0,0,0,0,0,3,0,40.0157,-75.14, , 
45357,491310,2014121410,6,67,67301,2014,9,1,55,0,3,1,0,7,4, , ,N,0,2,0,3,0,1,1,1,N,N,40 01:15.305,75 08:25.067,9999, ,55, ,0, ,N, ,3, , , , , , , , , ,1,0,1,0,0,0,0,0,0,0,0,1,1,0,0,0,0,0,0,0,0,0,0,0,0,0,0,0,0,0,0,0,0,0,0,4,0,40.0209,-75.1403, , 
45358,491311,2014122124,6,67,67301,2014,12,4,659,6,1,2,1,1,1, , ,N,7,0,0,3,0,1,1,2,N,N,40 00:12.647,75 04:38.645,745, ,701,3,2,2,N, ,0,N, , , , , , , , ,2,1,0,0,0,0,0,0,0,0,1,0,1,0,0,0,0,0,0,0,0,1,0,0,0,0,0,0,0,0,0,0,0,0,0,3,0,40.0035,-75.0774, , 
45359,491316,2014123626,6,67,67301,2014,11,1,2041,20,3,1,0,5,1, , ,N,0,0,0,3,0,0,2,2,N,N,39 56:36.837,75 08:34.851,2056, ,2042, ,0, ,N, ,0, , , , , , , , , ,2,2,0,0,0,0,0,0,0,0,0,0,0,0,0,0,1,0,0,0,0,0,0,0,0,0,0,0,0,0,0,0,0,0,0,0,0,39.9436,-75.143, , 
45360,491326,2015020648,6,67,67301,2014,8,6,713,7,1,1,0,4,1, , ,N,1,2,0,3,0,2,2,2,N,N,40 01:52.420,75 08:44.761,715, ,713, ,0, ,N, ,3, , , , , , , , , ,2,1,0,0,0,0,1,0,0,0,2,0,2,0,0,0,0,0,0,0,1,0,0,0,0,0,0,0,0,0,0,0,0,0,0,3,0,40.0312,-75.1458, , 
45361,491336,2014109078,6,67,67301,2014,10,5,406,4,3,2,1,7,2, , ,N,0,0,0,3,0,0,1,1,N,N,39 57:24.951,75 09:10.130,421, ,408,2,2,3,N, ,0,N, , , , , , , , ,1,0,0,0,0,1,0,0,0,0,0,0,0,0,0,0,0,0,0,0,0,0,0,0,0,0,0,0,0,0,0,0,0,0,0,0,1,39.9569,-75.1528, , 
45362,494050,2014115198,6,67,67301,2014,11,1,2201,22,3,2,1,7,3, , ,N,0,0,2,3,0,0,3,2,N,N,39 57:38.730,75 10:54.085,2228, ,2216, ,0, ,N, ,0, , , , , , , , , ,2,1,0,0,0,0,1,0,0,0,0,0,0,0,0,0,0,0,0,0,1,1,0,0,0,0,0,0,0,0,0,0,0,0,0,0,0,39.9608,-75.1817, , 
45363,494051,2014109911,6,67,67301,2014,10,5,545,5,3,2,1,2,1, , ,N,1,2,0,3,0,1,2,2,N,N,40 00:43.542,75 06:43.855,620, ,615, ,0, ,N, ,3, , , , , , , , , ,2,1,0,0,0,0,0,0,0,0,0,1,1,0,0,0,0,0,0,0,0,0,0,0,0,0,0,0,0,0,0,0,0,0,0,4,0,40.0121,-75.1122, , 
45364,494060,2014121431,6,67,67301,2014,11,1,1355,13,1,1,0,7,4, , ,N,0,0,1,3,0,1,1,1,N,N,40 00:05.314,75 08:37.506,1400, ,1355,1,2,5,N, ,0,Y, , , , , , , , ,1,1,0,0,0,0,0,0,0,0,0,1,1,0,0,0,0,0,0,0,0,0,0,0,0,0,0,0,0,0,0,0,0,0,0,4,0,40.0017,-75.1439, , 
45365,494071,2017015974,6,67,67301,2014,10,1,9999,99,1,1,0,1,1, , ,N,1,3,0,3,0,1,2,2,N,N,39 56:56.158,75 14:22.009,0, ,0, ,0, ,N, ,3, , , , , , , , , ,2,1,0,0,0,0,0,0,0,0,0,0,1,1,1,0,0,0,0,0,0,0,0,0,0,0,0,0,0,0,0,0,0,0,0,8,0,39.9489,-75.2394, , 
45366,494095,2014081456,6,67,67301,2014,6,2,1045,10,1,1,0,5,1, , ,N,2,2,0,3,0,1,2,2,N, ,39 56:58.996,75 11:58.539,1105, ,1055, ,0, , , ,3, , , , , , , , , ,2,1,0,0,1,0,0,0,0,0,0,0,1,1,0,0,0,0,0,0,1,0,0,0,0,0,0,0,0,0,0,0,0,0,0,8,0,39.9496,-75.1997, , 
45367,494106,2014128339,6,67,67301,2014,12,3,1332,13,1,1,0,7,2, , ,N,0,0,2,3,0,1,2,1,N,N,39 54:38.172,75 09:31.690,1333, ,1333, ,0, ,N, ,0, , , , , , , , , ,1,1,0,0,0,0,0,0,0,0,0,0,1,1,0,0,0,0,1,0,0,0,0,0,0,0,0,0,0,0,0,0,0,0,0,8,0,39.9106,-75.1588, , 
45368,494123,2014114647,6,67,67301,2014,11,1,1725,17,3,1,0,1,1, , ,N,0,0,0,3,0,0,3,3,N,N,39 58:52.640,75 12:24.916,1737, ,1728,2,1,3,N, ,0,N, , , , , , , , ,3,2,0,0,0,0,1,0,0,0,0,0,0,0,0,0,0,0,0,0,0,0,0,1,0,0,0,0,0,0,0,0,0,0,0,0,0,39.9813,-75.2069, , 
45369,494125,2014116432,6,67,67301,2014,2,5,1015,10,1,1,0,1,1, , ,N,0,0,0,3,0,1,2,2,Y,N,39 58:28.746,75 07:04.835,0, ,0, ,0, ,N, ,0, , , , , , , , , ,2,1,0,0,0,1,0,0,0,0,0,1,1,0,0,0,0,0,0,0,1,0,0,0,0,0,0,0,0,0,0,0,0,0,0,4,1,39.9747,-75.118, , 
45370,494157,2014096815,6,67,67301,2014,9,6,1530,15,1,1,0,1,1, , ,N,0,0,0,3,0,2,2,2,N,N,39 53:40.686,75 10:34.604,1800, ,1752,2,1,2,N, ,0,N, , , , , , , , ,2,2,0,0,0,0,0,0,0,0,0,2,2,0,0,0,0,0,0,0,0,0,0,0,0,0,0,0,0,0,0,0,0,0,0,4,0,39.8946,-75.1763, , 
45371,494163,2014106653,6,67,67301,2014,10,2,2226,22,3,2,1,4,1, , ,N,1,2,0,3,0,1,2,2,N,N,40 01:54.231,75 10:43.900,2300, ,2226, ,0, , , ,3, , , , , , , , , ,2,2,0,0,0,0,0,0,0,0,0,1,1,0,0,0,0,0,0,0,1,0,0,0,0,0,0,0,0,0,0,0,0,0,0,4,0,40.0317,-75.1789, , 
45372,494164,2014106760,6,67,67301,2014,10,7,959,9,1,2,1,7,4, , ,N,0,0,0,3,0,1,1,1,N,N,39 59:48.463,75 11:52.581,1007, ,1005, ,0, ,N, ,0, , , , , , , , , ,1,1,0,0,0,0,0,0,0,0,0,0,1,1,0,0,0,0,0,0,0,0,0,0,0,0,0,0,0,0,0,0,0,0,0,8,0,39.9968,-75.1979, , 
45373,494165,2014106766,6,67,67301,2014,10,6,1313,13,1,1,0,6,6, , ,N,0,0,0,3,0,0,4,3,N, ,39 59:44.256,75 06:20.492,1317, ,1313, ,0, , , ,0, , , , , , , , , ,3,2,0,0,0,0,1,0,0,0,0,0,0,0,0,0,0,0,0,0,0,0,0,0,0,0,0,0,0,0,0,0,0,0,0,0,0,39.9956,-75.1057, , 
45374,494185,2015002676,6,67,67301,2014,12,3,900,9,1,2,1,4,1, , ,N,2,3,0,3,0,1,2,3,N, ,40 04:48.642,75 02:13.476,930, ,930, ,0, , , ,2, , , , , , , , , ,3,3,0,0,0,0,0,0,0,0,0,1,1,0,0,0,0,0,0,0,0,0,0,0,0,0,0,0,0,0,0,0,0,0,0,4,0,40.0802,-75.0371, , 
45375,494186,2015006047,6,67,67301,2014,12,4,9999,99,1,2,1,6,1, , ,N,0,0,0,3,0,0,4,3,N,N,40 03:43.904,75 12:00.727,1613, ,1335, ,0, ,N, ,0, , , , , , , , , ,3,1,0,0,0,0,2,0,0,0,0,0,0,0,2,0,0,0,0,0,1,0,0,0,0,0,0,0,0,0,0,0,0,0,0,9,0,40.0622,-75.2002, , 