objectid_1,objectid,crn,district,county,municipality,crash_year,crash_month,day_of_week,time_of_day,hour_of_day,illumination,weather,road_condition,collision_type,relation_to_road,work_zone_type,work_zone_loc,work_zone_ind,intersect_type,tcd_type,location_type,urban_rural,fatal_count,injury_count,person_count,total_units,sch_bus_ind,sch_zone_ind,latitude,longitude,arrival_tm,cons_zone_spd_lim,dispatch_tm,est_hrs_closed,lane_closed,ln_close_dir,ntfy_hiwy_maint,spec_juris_cd,tcd_func_cd,tfc_detour_ind,workers_pres,wz_close_detour,wz_flagger,wz_law_offcr_ind,wz_ln_closure,wz_moving,wz_other,wz_shlder_mdn,vehicle_count,automobile_count,motorcycle_count,bus_count,small_truck_count,heavy_truck_count,suv_count,van_count,bicycle_count,maj_inj_count,mod_inj_count,min_inj_count,tot_inj_count,unk_inj_deg_count,unk_inj_per_count,driver_count_16yr,driver_count_17yr,driver_count_18yr,driver_count_19yr,driver_count_20yr,driver_count_50_64yr,driver_count_65_74yr,driver_count_75plus,unbelted_occ_count,unb_death_count,unb_maj_inj_count,belted_death_count,belted_maj_inj_count,mcycle_death_count,mcycle_maj_inj_count,bicycle_death_count,bicycle_maj_inj_count,ped_count,ped_death_count,ped_maj_inj_count,max_severity_level,comm_veh_count,dec_lat,dec_long,rdwy_surf_type_cd,county_name
45780,542403,2013041379,6,67,67301,2013,2,3,1840,18,3,2,1,8,1, , ,N,5,2,0,3,0,1,2,2,N,N,40 03:30.268,75 08:57.263,1859, ,1847,3,2,7,N, ,3,Y, , , , , , , , ,1,1,0,0,0,0,0,0,0,0,1,0,1,0,0,0,0,0,0,0,0,0,0,0,0,0,0,0,0,0,0,0,1,0,0,3,0,40.0584,-75.1492, , 
45781,542408,2013046371,6,67,67301,2013,4,1,210,2,3,1,0,1,6, , ,N,0,0,0,3,0,0,1,2,N,N,40 02:51.147,75 04:17.839,219, ,210,9,1,4,N, ,0,N, , , , , , , , ,2,1,0,0,0,0,1,0,0,0,0,0,0,0,0,0,0,0,0,0,0,0,0,0,0,0,0,0,0,0,0,0,0,0,0,0,0,40.0475,-75.0716, , 
45782,542413,2013055318,6,67,67301,2013,4,2,2140,21,3,2,1,4,1, , ,N,1,3,0,3,0,0,3,2,N, ,39 57:51.685,75 10:14.890,2200, ,2147,1,1,1, , ,3,N, , , , , , , , ,2,2,0,0,0,0,0,0,0,0,0,0,0,0,0,0,0,0,0,1,0,0,0,0,0,0,0,0,0,0,0,0,0,0,0,0,0,39.9644,-75.1708, , 
45783,528757,2013035148,6,67,67301,2013,3,5,1415,14,1,1,0,8,1, , ,N,0,0,0,3,0,1,2,2,N, ,39 58:44.968,75 07:32.149,1925, ,1421, ,0, , , ,0, , , , , , , , , ,1,1,0,0,0,0,0,0,0,0,0,0,1,1,1,0,0,0,0,0,0,0,0,0,0,0,0,0,0,0,0,0,1,0,0,8,0,39.9792,-75.1256, , 
45784,528758,2013035231,6,67,67301,2013,3,1,9999,99,1,1,0,4,1, , ,N,1,3,0,3,0,1,2,3,N, ,39 55:36.678,75 10:32.541,1401, ,356, ,0, , , ,3, , , , , , , , , ,3,2,0,0,0,0,1,0,0,0,0,1,1,0,0,0,0,0,0,0,1,0,0,0,0,0,0,0,0,0,0,0,0,0,0,4,0,39.9269,-75.1757, , 
45785,528759,2013035232,6,67,67301,2013,2,4,1230,12,1,1,0,1,1, , ,N,1,2,0,3,0,3,4,3,N,N,39 57:43.161,75 14:26.866,1245, ,1238, ,0, ,N, ,3, , , , , , , , , ,3,2,0,0,0,0,0,1,0,0,3,0,3,0,0,0,0,0,0,0,0,0,0,0,0,0,0,0,0,0,0,0,0,0,0,3,0,39.9619,-75.2408, , 
45786,528765,2013043447,6,67,67301,2013,3,1,9999,99,1,2,1,5,6, , ,N,0,0,0,3,0,0,1,2,N,N,40 00:22.526,75 05:44.177,902, ,901, ,0, , , ,0, , , , , , , , , ,2,1,0,0,0,0,1,0,0,0,0,0,0,0,0,0,0,0,0,0,0,0,0,0,0,0,0,0,0,0,0,0,0,0,0,0,0,40.0063,-75.0956, , 
45787,528772,2013047912,6,67,67301,2013,4,1,15,0,3,1,0,1,1, , ,N,2,2,0,3,0,1,3,2,N,N,39 53:57.300,75 10:31.816,24, ,24,1,1,2,N, ,3,N, , , , , , , , ,2,2,0,0,0,0,0,0,0,0,0,1,1,0,0,0,0,0,0,0,0,0,0,0,0,0,0,0,0,0,0,0,0,0,0,4,0,39.8993,-75.1755, , 
45788,528774,2013051129,6,67,67301,2013,4,4,1940,19,3,1,0,4,1, , ,N,0,0,7,3,0,1,2,2,N, ,39 58:28.918,75 11:28.583,1945, ,1942,1,2,2,N, ,0,Y, , , , , , , , ,2,0,1,0,0,0,1,0,0,0,1,0,1,0,0,0,0,0,0,0,1,0,0,0,0,0,0,0,0,0,0,0,0,0,0,3,0,39.9747,-75.1913, , 
45789,528796,2013028610,6,67,67301,2013,3,6,1433,14,1,1,1,1,1, , ,N,0,0,0,3,0,0,4,2,N,N,39 58:49.009,75 06:18.892,1513, ,1448, ,0, ,N, ,0, , , , , , , , , ,2,1,0,0,0,0,1,0,0,0,0,0,0,0,0,0,0,0,0,0,1,1,0,0,0,0,0,0,0,0,0,0,0,0,0,0,0,39.9803,-75.1052, , 
45790,528807,2013047685,6,67,67301,2013,4,7,1041,10,1,1,0,5,1, , ,N,0,0,0,3,0,2,3,2,N,N,39 57:25.310,75 09:22.419,1046, ,1041, ,0, ,N, ,0, , , , , , , , , ,2,2,0,0,0,0,0,0,0,0,0,2,2,0,0,0,0,0,0,0,1,0,0,0,0,0,0,0,0,0,0,0,0,0,0,4,0,39.957,-75.1562, , 
45791,528815,2013055391,6,67,67301,2013,5,2,1913,19,1,1,0,1,1, , ,N,0,2,0,3,0,4,6,3,N,N,39 57:13.269,75 11:56.494,1916, ,1914, ,0, ,N, ,3, , , , , , , , , ,3,2,0,0,0,0,0,1,0,0,0,0,4,4,0,0,0,0,0,0,1,0,0,0,0,0,0,0,0,0,0,0,0,0,0,8,0,39.9537,-75.199, , 
45792,528826,2013070942,6,67,67301,2013,6,3,30,0,3,1,0,4,1, , ,N,1,2,0,3,0,0,2,2,N,N,39 58:28.546,75 11:58.192,1150, ,1150, ,0, ,N, ,3, , , , , , , , , ,2,1,0,0,1,0,0,0,0,0,0,0,0,0,0,0,0,0,0,0,0,0,0,0,0,0,0,0,0,0,0,0,0,0,0,0,0,39.9746,-75.1995, , 
45793,528892,2013016195,6,67,67301,2013,1,2,2334,23,3,2,1,4,1, , ,N,1,2,0,3,0,1,2,2,N,N,40 02:51.581,75 03:35.828,2337, ,2335, ,0, ,N, ,3, , , , , , , , , ,1,1,0,0,0,0,0,0,1,0,0,1,1,0,0,0,0,0,0,0,0,0,0,0,0,0,0,0,0,0,0,0,0,0,0,4,0,40.0477,-75.06, , 
45794,528901,2013029673,6,67,67301,2013,2,6,9999,99,3,1,0,7,2, , ,N,0,0,0,3,0,2,2,1,N,N,40 05:16.956,74 58:21.741,1900, ,1855,1,2,4, , ,0,Y, , , , , , , , ,1,0,0,0,0,0,1,0,0,0,1,1,2,0,0,0,0,1,0,0,0,0,0,0,0,0,0,0,0,0,0,0,0,0,0,3,0,40.088,-74.9727, , 
45795,528906,2013035595,6,67,67301,2013,3,1,116,1,3,1,0,1,1, , ,N,0,0,0,3,0,2,4,2,N, ,39 54:23.637,75 13:25.408,125, ,120,3,2,6, , ,0,Y, , , , , , , , ,2,1,0,0,0,0,1,0,0,0,1,0,2,1,1,0,0,0,0,0,0,0,0,2,0,0,0,0,0,0,0,0,0,0,0,3,0,39.9066,-75.2237, , 
45796,528910,2013037392,6,67,67301,2013,3,7,623,6,1,1,0,5,1, , ,N,1,2,0,3,0,3,4,3,N,N,40 01:17.505,75 03:06.381,630, ,627, ,0, ,N, ,3, , , , , , , , , ,3,0,0,0,0,0,2,1,0,0,0,3,3,0,0,0,0,0,0,0,1,0,0,0,0,0,0,0,0,0,0,0,0,0,0,4,0,40.0215,-75.0518, , 
45797,528914,2013041347,6,67,67301,2013,3,4,950,9,1,1,0,4,1, , ,N,1,2,0,3,0,0,3,2,N,N,40 04:51.033,75 12:09.605,958, ,951, ,0, ,N, ,3, , , , , , , , , ,2,2,0,0,0,0,0,0,0,0,0,0,0,0,0,0,0,0,0,0,1,0,1,0,0,0,0,0,0,0,0,0,0,0,0,0,0,40.0808,-75.2027, , 
45798,528933,2013012064,6,67,67301,2013,1,2,1339,13,1,1,0,1,1, , ,N,1,2,0,3,0,0,2,2,N,N,39 58:29.625,75 09:43.354,1342, ,1341, ,0, ,N, ,3, , , , , , , , , ,2,1,0,0,1,0,0,0,0,0,0,0,0,0,0,0,0,0,0,0,1,0,0,0,0,0,0,0,0,0,0,0,0,0,0,0,0,39.9749,-75.162, , 
45799,528945,2013025464,6,67,67301,2013,3,6,0,0,3,1,0,5,1, , ,N,1,2,0,3,0,3,4,3,N,N,40 01:37.420,75 02:27.884,25, ,14,4,2,7,N, ,3,Y, , , , , , , , ,3,1,0,0,0,1,1,0,0,0,2,1,3,0,0,0,0,0,0,0,0,0,0,2,0,0,0,0,0,0,0,0,0,0,0,3,1,40.0271,-75.0411, , 
45800,528950,2013028982,6,67,67301,2013,3,3,2027,20,3,1,0,1,1, , ,N,0,0,0,3,0,0,7,5,N,N,39 57:48.859,75 11:02.345,2038, ,2030,2,2,4,N, ,0,N, , , , , , , , ,5,3,0,0,0,0,2,0,0,0,0,0,0,0,0,0,0,0,0,1,0,0,0,0,0,0,0,0,0,0,0,0,0,0,0,0,0,39.9636,-75.184, , 
45801,532191,2013054623,6,67,67301,2013,4,7,510,5,3,1,0,7,5, , ,N,0,0,0,3,0,1,1,1,N, ,39 58:26.466,75 07:06.102,510, ,510, ,0, , , ,0, , , , , , , , , ,1,1,0,0,0,0,0,0,0,0,0,1,1,0,0,0,0,0,0,0,0,0,0,0,0,0,0,0,0,0,0,0,0,0,0,4,0,39.974,-75.1185, , 
45802,532192,2013055407,6,67,67301,2013,5,5,1705,17,1,1,0,8,1, , ,N,2,3,0,3,0,1,2,2,N, ,39 55:35.972,75 10:51.527,1707, ,1707, ,0, , , ,3, , , , , , , , , ,1,0,0,0,0,0,1,0,0,0,0,0,1,1,0,0,0,0,0,0,1,0,0,0,0,0,0,0,0,0,0,0,1,0,0,8,0,39.9267,-75.181, , 
45803,532214,2013022330,6,67,67301,2013,1,1,430,4,3,1,0,4,6, , ,N,0,0,0,3,0,1,1,2,N,N,39 59:30.786,75 14:04.599,455, ,447, ,0, ,N, ,0, , , , , , , , , ,2,1,0,0,0,0,1,0,0,0,0,0,1,1,0,0,0,0,0,0,0,0,0,0,0,0,0,0,0,0,0,0,0,0,0,8,0,39.9919,-75.2346, , 
45804,532226,2013035003,6,67,67301,2013,2,5,9999,99,3,1,0,4,1, , ,N,2,3,0,3,0,2,5,2,N,N,39 59:41.658,75 09:27.676,9999, ,9999,3,2,1,N, ,3,Y, , , , , , , , ,2,2,0,0,0,0,0,0,0,0,0,2,2,0,0,0,0,0,0,0,0,0,0,0,0,0,0,0,0,0,0,0,0,0,0,4,0,39.9949,-75.1577, , 
45805,532227,2013035226,6,67,67301,2013,2,2,1140,11,1,1,0,4,1, , ,N,1,3,0,3,0,1,2,3,N,N,39 59:37.419,75 06:31.297,1150, ,1149, ,0, ,N, ,3, , , , , , , , , ,3,2,0,0,1,0,0,0,0,0,0,1,1,0,0,0,0,0,0,0,2,0,0,0,0,0,0,0,0,0,0,0,0,0,0,4,0,39.9937,-75.1087, , 
45806,532229,2013037401,6,67,67301,2013,3,7,1430,14,1,3,1,4,1, , ,N,0,0,7,3,0,1,3,2,N,N,40 05:44.974,75 00:59.801,1515, ,1512,2,1,3,N, ,0,N, , , , , , , , ,2,1,0,0,1,0,0,0,0,0,0,0,1,1,0,0,0,0,0,1,0,0,0,2,0,0,0,0,0,0,0,0,0,0,0,8,0,40.0958,-75.0166, , 
45807,532230,2013037466,6,67,67301,2013,1,2,10,0,3,1,0,7,5, , ,N,1,3,0,3,0,0,1,3,N,N,39 55:32.984,75 14:12.649,25, ,23,3,2,5,N, ,3,Y, , , , , , , , ,3,1,0,0,1,0,0,1,0,0,0,0,0,0,1,0,0,0,0,0,0,0,0,0,0,0,0,0,0,0,0,0,0,0,0,9,0,39.9258,-75.2368, , 
45808,532234,2013041296,6,67,67301,2013,3,2,30,0,3,1,0,8,2, , ,N,2,3,0,3,0,1,2,2,N,N,40 02:22.475,75 12:47.107,45, ,30, ,0, ,N, ,3, , , , , , , , , ,1,1,0,0,0,0,0,0,0,0,0,1,1,0,0,0,0,1,0,0,0,0,0,0,0,0,0,0,0,0,0,0,1,0,0,4,0,40.0396,-75.2131, , 
45809,532245,2013053095,6,67,67301,2013,4,3,1051,10,1,1,0,4,1, , ,N,1,2,0,3,0,0,3,2,N,N,40 04:50.820,75 01:42.117,1057, ,1052,1,1,1,N, ,3,N, , , , , , , , ,2,2,0,0,0,0,0,0,0,0,0,0,0,0,0,0,0,0,0,0,1,0,0,0,0,0,0,0,0,0,0,0,0,0,0,0,0,40.0808,-75.0284, , 
45810,532277,2013037415,6,67,67301,2013,3,3,1401,14,1,2,1,1,1, , ,N,0,0,0,3,0,0,4,3,N,N,40 01:14.036,75 09:23.434,1404, ,1402,1,2,3,N, ,0,Y, , , , , , , , ,3,1,0,0,0,0,2,0,0,0,0,0,0,0,0,0,0,0,0,0,0,1,0,0,0,0,0,0,0,0,0,0,0,0,0,0,0,40.0206,-75.1565, , 
45811,532324,2013050240,6,67,67301,2013,4,1,140,1,3,1,0,1,1, , ,N,1,2,0,3,0,3,8,2,N, ,40 00:27.560,75 09:05.322,151, ,147,3,1,1, , ,3,N, , , , , , , , ,2,2,0,0,0,0,0,0,0,0,1,2,3,0,0,0,0,1,0,0,1,0,0,0,0,0,0,0,0,0,0,0,0,0,0,3,0,40.0077,-75.1515, , 
45812,532328,2013055597,6,67,67301,2013,5,4,1525,15,1,1,0,8,1, , ,N,0,0,0,3,0,1,2,2,N,N,39 55:12.547,75 09:23.245,1535, ,1531, ,0, ,N, ,0, , , , , , , , , ,1,1,0,0,0,0,0,0,0,0,0,1,1,0,0,0,0,1,0,0,0,0,0,0,0,0,0,0,0,0,0,0,1,0,0,4,0,39.9202,-75.1565, , 
45813,532338,2013065380,6,67,67301,2013,5,2,2320,23,3,1,0,4,1, , ,N,1,3,0,3,0,1,2,2,N,N,40 01:32.304,75 08:37.597,24, ,21, ,0, ,N, ,3, , , , , , , , , ,2,1,0,0,0,0,0,0,0,0,0,1,1,0,0,0,0,0,0,0,0,0,0,0,0,0,0,0,0,0,0,0,0,0,0,4,0,40.0256,-75.1438, , 
45814,532339,2013065670,6,67,67301,2013,6,1,1258,12,1,1,0,1,1, , ,N,0,0,0,3,0,0,2,2,N,N,40 02:58.589,74 59:38.400,1312, ,1300,1,1,1,N, ,0,N, , , , , , , , ,2,0,0,0,2,0,0,0,0,0,0,0,0,0,0,0,0,0,0,0,1,0,0,0,0,0,0,0,0,0,0,0,0,0,0,0,0,40.0496,-74.9941, , 
45815,532355,2013026954,6,67,67301,2013,2,2,1500,15,1,2,1,1,1, , ,N,1,2,0,3,0,0,2,2,N,N,39 54:36.252,75 09:48.020,1525, ,1518, ,0, ,N, ,3, , , , , , , , , ,2,1,0,0,1,0,0,0,0,0,0,0,0,0,0,0,0,0,0,0,1,0,0,0,0,0,0,0,0,0,0,0,0,0,0,0,0,39.9101,-75.1633, , 
45816,532360,2013029747,6,67,67301,2013,2,1,1306,13,1,1,1,7,4, , ,N,1,0,0,3,0,1,1,1,N,N,39 56:38.108,75 10:43.863,1306, ,1306, ,0, ,N, ,0, , , , , , , , , ,1,0,0,0,0,0,0,1,0,0,0,1,1,0,0,0,0,0,0,0,0,0,1,1,0,0,0,0,0,0,0,0,0,0,0,4,0,39.9439,-75.1789, , 
45817,532368,2013035043,6,67,67301,2013,3,3,0,0,3,1,0,4,1, , ,N,1,2,0,3,0,0,4,2,N,N,39 56:33.464,75 08:56.209,10, ,6, ,0, , , ,3, , , , , , , , , ,2,0,0,1,0,0,1,0,0,0,0,0,0,0,2,0,0,0,0,0,1,0,0,0,0,0,0,0,0,0,0,0,0,0,0,9,1,39.9426,-75.1489, , 
45818,532381,2013047224,6,67,67301,2013,4,3,808,8,1,1,0,1,1, , ,N,1,0,0,3,0,0,2,2,N, ,40 00:33.277,75 09:04.079,815, ,811, ,0, , , ,0, , , , , , , , , ,2,1,0,0,0,0,1,0,0,0,0,0,0,0,0,0,0,0,0,0,1,0,0,0,0,0,0,0,0,0,0,0,0,0,0,0,0,40.0092,-75.1511, , 
45819,538921,2013026920,6,67,67301,2013,1,6,1731,17,3,2,1,8,1, , ,N,0,0,0,3,1,0,3,3,N, ,39 54:27.775,75 11:23.031,1740, ,1735,4,2,6, ,0,0,Y, , , , , , , , ,2,1,0,0,0,0,0,0,0,0,0,0,0,0,0,0,0,0,0,0,0,0,0,0,0,0,0,0,0,0,0,0,1,1,0,1,0,39.9077,-75.1897,2, 
45820,538924,2013037433,6,67,67301,2013,3,4,1530,15,1,1,0,8,1, , ,N,0,0,0,3,0,1,2,2,N,N,40 01:49.612,75 08:42.039,1801, ,1800, ,0, ,N, ,0, , , , , , , , , ,1,0,0,0,0,0,0,0,0,0,1,0,1,0,0,0,0,0,0,0,0,0,0,0,0,0,0,0,0,0,0,0,1,0,0,3,0,40.0304,-75.145, , 
45821,538942,2013053001,6,67,67301,2013,4,7,1750,17,1,1,0,1,1, , ,N,1,2,0,3,0,1,2,2,N,N,40 04:09.272,75 00:25.666,1803, ,1753, ,0, , , ,3, , , , , , , , , ,2,1,0,0,1,0,0,0,0,0,0,1,1,0,0,0,0,0,0,0,1,1,0,0,0,0,0,0,0,0,0,0,0,0,0,4,0,40.0692,-75.0073, , 
45822,538959,2013016255,6,67,67301,2013,1,6,245,2,6,1,0,2,1, , ,N,0,0,0,3,0,0,2,2,N, ,40 01:43.582,75 13:04.404,255, ,245, ,0, , , ,0, , , , , , , , , ,2,2,0,0,0,0,0,0,0,0,0,0,0,0,0,0,0,0,0,0,0,0,0,2,0,0,0,0,0,0,0,0,0,0,0,0,0,40.0288,-75.2179, , 
45823,538974,2013035613,6,67,67301,2013,2,7,1503,15,1,2,1,1,1, , ,N,0,0,2,3,0,1,3,2,N,N,39 53:36.357,75 13:40.477,1503, ,1503, ,0, ,N, ,0, , , , , , , , , ,2,1,0,0,0,0,1,0,0,0,0,1,1,0,0,1,0,0,0,0,0,0,0,0,0,0,0,0,0,0,0,0,0,0,0,4,0,39.8934,-75.2279, , 
45824,538986,2013055884,6,67,67301,2013,5,4,1248,12,1,1,0,4,1, , ,N,1,2,0,3,0,2,2,2,N,N,40 01:34.998,75 07:01.744,1255, ,1250,2,2,1,N, ,3,N, , , , , , , , ,2,0,0,0,1,0,0,1,0,0,2,0,2,0,0,0,0,0,0,0,1,0,0,0,0,0,0,0,0,0,0,0,0,0,0,3,0,40.0264,-75.1172, , 
45825,539004,2013012078,6,67,67301,2013,1,5,1520,15,1,8,0,8,1, , ,N,1,2,0,3,0,1,2,2,N, ,40 03:34.390,75 03:07.429,1548, ,1532, ,0, , , ,3, , , , , , , , , ,1,1,0,0,0,0,0,0,0,0,1,0,1,0,0,0,0,0,0,0,0,0,1,0,0,0,0,0,0,0,0,0,1,0,0,3,0,40.0595,-75.052, , 
45826,539033,2013041271,6,67,67301,2013,3,6,1654,16,1,1,0,7,2, , ,N,1,2,0,3,0,1,1,2,N,N,40 00:45.495,75 09:39.526,9999, ,1701, ,0, , , ,3, , , , , , , , , ,1,0,0,1,0,0,0,0,0,0,0,0,1,1,0,0,0,0,0,0,0,0,0,0,0,0,0,0,0,0,0,0,0,0,0,8,1,40.0126,-75.1609, , 
45827,539035,2013043163,6,67,67301,2013,4,4,202,2,3,1,0,7,2, , ,N,0,0,2,3,0,0,1,1,N,N,39 57:41.439,75 10:57.603,207, ,203,1,1,3,N, ,0,N, , , , , , , , ,1,1,0,0,0,0,0,0,0,0,0,0,0,0,0,0,0,0,0,0,0,0,0,1,0,0,0,0,0,0,0,0,0,0,0,0,0,39.9615,-75.1827, , 
45828,539061,2013027675,6,67,67301,2013,2,6,1915,19,3,9,8,8,1, , ,N,1,2,0,3,0,1,2,2,N,N,39 59:33.831,75 07:13.101,1110, ,1100, ,0, ,N, ,3, , , , , , , , , ,1,1,0,0,0,0,0,0,0,0,0,1,1,0,1,0,0,0,0,0,0,0,0,0,0,0,0,0,0,0,0,0,1,0,0,4,0,39.9927,-75.1203, , 
45829,539085,2013047789,6,67,67301,2013,3,3,2123,21,3,1,0,4,1, , ,N,1,2,0,3,0,2,3,3,N,N,39 57:54.150,75 13:29.723,2125, ,2123, ,0, ,N, ,3, , , , , , , , , ,3,2,0,0,1,0,0,0,0,0,0,1,2,1,0,0,0,0,0,0,1,1,0,0,0,0,0,0,0,0,0,0,0,0,0,4,0,39.9649,-75.2246, , 
45830,539091,2013055620,6,67,67301,2013,5,1,1135,11,1,1,0,8,1, , ,N,0,0,0,3,0,1,2,2,N,N,39 55:26.578,75 10:10.852,1158, ,1155, ,0, ,N, ,0, , , , , , , , , ,1,0,0,0,1,0,0,0,0,0,0,1,1,0,0,0,0,0,0,0,1,0,0,0,0,0,0,0,0,0,0,0,1,0,0,4,0,39.924,-75.1697, , 
45831,539156,2013018534,6,67,67301,2013,2,5,2005,20,3,1,0,1,1, , ,N,0,0,0,3,0,0,4,4,N,N,39 55:41.540,75 11:46.047,2018, ,2010,1,1,4,N, ,0,N, , , , , , , , ,4,4,0,0,0,0,0,0,0,0,0,0,0,0,0,0,0,0,0,0,1,0,0,0,0,0,0,0,0,0,0,0,0,0,0,0,0,39.9282,-75.1961, , 
45832,539157,2013019413,6,67,67301,2013,2,7,1756,17,3,1,0,1,1, , ,N,0,0,0,3,0,0,5,3,N,N,39 58:41.129,75 12:06.496,1802, ,1758,1,2,3,N, ,0,N, , , , , , , , ,3,3,0,0,0,0,0,0,0,0,0,0,0,0,0,0,0,0,0,0,0,0,0,0,0,0,0,0,0,0,0,0,0,0,0,0,0,39.9781,-75.2018, , 
45833,539166,2013024895,6,67,67301,2013,2,6,9999,99,1,1,0,4,2, , ,N,0,0,7,3,0,0,3,2,N, ,39 59:23.246,75 09:19.789,9999, ,9999, ,0, , , ,0, , , , , , , , , ,2,2,0,0,0,0,0,0,0,0,0,0,0,0,1,0,0,0,0,0,0,0,0,0,0,0,0,0,0,0,0,0,0,0,0,9,0,39.9898,-75.1555, , 
45834,539177,2013035224,6,67,67301,2013,3,7,1813,18,6,1,0,4,1, , ,N,2,0,0,3,0,0,2,2,N,N,39 59:02.756,75 06:57.952,2000, ,2000, ,0, ,N, ,0, , , , , , , , , ,2,2,0,0,0,0,0,0,0,0,0,0,0,0,2,0,0,0,0,0,0,0,0,0,0,0,0,0,0,0,0,0,0,0,0,9,0,39.9841,-75.1161, , 
45835,539191,2013005330,6,67,67301,2013,1,6,1920,19,3,2,1,1,1, , ,N,0,0,0,3,0,2,7,2,N,N,39 57:38.104,75 10:53.238,1935, ,1928, ,0, ,N, ,0, , , , , , , , , ,2,1,0,0,0,0,1,0,0,0,0,2,2,0,0,0,0,1,0,0,0,0,0,0,0,0,0,0,0,0,0,0,0,0,0,4,0,39.9606,-75.1815, , 
45836,539203,2013016237,6,67,67301,2013,1,3,1607,16,1,1,0,7,4, , ,N,1,2,0,3,0,0,1,2,N,N,40 02:35.626,75 10:51.146,1609, ,1609, ,0, ,N, ,3, , , , , , , , , ,1,1,0,0,0,0,0,0,0,0,0,0,0,0,0,0,0,0,0,0,0,0,1,0,0,0,0,0,0,0,0,0,0,0,0,0,0,40.0432,-75.1809, , 
45837,536130,2013035197,6,67,67301,2013,3,3,1420,14,1,2,1,4,1, , ,N,3,2,0,3,0,1,2,2,N,N,40 02:06.512,75 06:29.945,1530, ,518,2,1,4,N, ,3,N, , , , , , , , ,2,2,0,0,0,0,0,0,0,0,0,1,1,0,0,0,0,0,0,0,1,0,0,0,0,0,0,0,0,0,0,0,0,0,0,4,0,40.0353,-75.1085, , 
45838,536135,2013038551,6,67,67301,2013,3,6,2130,21,3,1,0,4,1, , ,N,1,0,0,3,0,0,2,2,N, ,40 01:50.930,75 13:36.350,2136, ,2135, ,0, , , ,0, , , , , , , , , ,2,2,0,0,0,0,0,0,0,0,0,0,0,0,0,0,0,0,0,0,0,0,0,0,0,0,0,0,0,0,0,0,0,0,0,0,0,40.0308,-75.2268, , 
45839,536150,2013055426,6,67,67301,2013,5,4,1015,10,1,1,0,4,1, , ,N,1,2,0,3,0,1,2,2,N,N,39 58:49.315,75 10:15.272,1028, ,1026,2,2,7, , ,3,Y, , , , , , , , ,2,0,0,0,1,0,1,0,0,0,0,0,1,1,0,0,0,0,0,0,1,0,0,0,0,0,0,0,0,0,0,0,0,0,0,8,0,39.9804,-75.1709, , 
45840,536151,2013055471,6,67,67301,2013,5,1,255,2,3,1,0,7,5, , ,N,1,2,0,3,0,1,2,1,N, ,40 02:28.908,75 01:41.719,258, ,250, ,0, , , ,2, , , , , , , , , ,1,1,0,0,0,0,0,0,0,0,1,0,1,0,0,0,0,0,0,0,0,0,0,0,0,0,0,0,0,0,0,0,0,0,0,3,0,40.0414,-75.0283, , 
45841,536152,2013055856,6,67,67301,2013,5,2,1723,17,1,1,0,8,1, , ,N,0,0,0,3,0,1,2,2,N,N,39 59:05.532,75 06:52.578,1943, ,1940, ,0, ,N, ,0, , , , , , , , , ,1,0,0,0,0,0,1,0,0,0,0,1,1,0,0,0,0,0,0,0,0,0,0,0,0,0,0,0,0,0,0,0,1,0,0,4,0,39.9849,-75.1146, , 
45842,536161,2013016182,6,67,67301,2013,1,5,2118,21,3,1,0,2,1, , ,N,1,2,0,3,0,1,2,2,N,N,39 58:01.765,75 09:55.285,2123, ,2123, ,0, ,N, ,3, , , , , , , , , ,2,1,0,0,0,0,0,1,0,0,0,0,1,1,0,0,0,0,0,1,0,0,0,0,0,0,0,0,0,0,0,0,0,0,0,8,0,39.9672,-75.1654, , 
45843,536171,2013023709,6,67,67301,2013,2,7,420,4,3,4,1,7,2, , ,N,0,0,0,3,0,1,1,1,N,N,39 54:01.327,75 09:27.764,435, ,422,1,1,2,N, ,0,Y, , , , , , , , ,1,1,0,0,0,0,0,0,0,0,0,0,1,1,0,0,0,0,0,0,0,0,0,0,0,0,0,0,0,0,0,0,0,0,0,8,0,39.9004,-75.1577, , 
45844,536176,2013032954,6,67,67301,2013,2,4,1212,12,1,1,0,4,1, , ,N,0,0,0,3,0,0,3,2,N, ,40 02:00.826,75 11:16.594,1218, ,1216,2,1,2, , ,0,N, , , , , , , , ,2,2,0,0,0,0,0,0,0,0,0,0,0,0,0,0,0,0,0,0,0,0,0,0,0,0,0,0,0,0,0,0,0,0,0,0,0,40.0336,-75.1879, , 
45845,536187,2013046264,6,67,67301,2013,4,1,9999,99,1,1,0,8,1, , ,N,1,2,0,3,0,1,2,2,N, ,39 56:15.342,75 09:52.613,1133, ,9999, ,0, , , ,3, , , , , , , , , ,1,0,0,0,1,0,0,0,0,0,1,0,1,0,0,0,0,0,0,0,0,0,0,0,0,0,0,0,0,0,0,0,1,0,0,3,0,39.9376,-75.1646, , 
45846,536203,2013079991,6,67,67301,2013,7,6,900,9,1,1,0,4,1, , ,N,2,2,0,3,0,5,5,2,N,N,40 01:45.919,75 07:28.901,915, ,900, ,0, ,N, ,3, , , , , , , , , ,2,1,0,0,0,0,1,0,0,0,0,2,5,3,0,0,0,0,0,0,1,0,0,0,0,0,0,0,0,0,0,0,0,0,0,4,0,40.0294,-75.1247, , 
45847,536214,2013012001,6,67,67301,2013,1,7,1505,15,1,1,1,2,1, , ,N,0,0,0,3,0,2,2,2,N, ,40 03:51.555,75 09:12.952,1519, ,1518,1,1,2, , ,0,Y, , , , , , , , ,2,1,0,0,1,0,0,0,0,0,0,0,2,2,0,0,0,0,0,0,0,0,1,2,0,0,0,0,0,0,0,0,0,0,0,8,0,40.0643,-75.1536, , 