objectid_1,objectid,crn,district,county,municipality,crash_year,crash_month,day_of_week,time_of_day,hour_of_day,illumination,weather,road_condition,collision_type,relation_to_road,work_zone_type,work_zone_loc,work_zone_ind,intersect_type,tcd_type,location_type,urban_rural,fatal_count,injury_count,person_count,total_units,sch_bus_ind,sch_zone_ind,latitude,longitude,arrival_tm,cons_zone_spd_lim,dispatch_tm,est_hrs_closed,lane_closed,ln_close_dir,ntfy_hiwy_maint,spec_juris_cd,tcd_func_cd,tfc_detour_ind,workers_pres,wz_close_detour,wz_flagger,wz_law_offcr_ind,wz_ln_closure,wz_moving,wz_other,wz_shlder_mdn,vehicle_count,automobile_count,motorcycle_count,bus_count,small_truck_count,heavy_truck_count,suv_count,van_count,bicycle_count,maj_inj_count,mod_inj_count,min_inj_count,tot_inj_count,unk_inj_deg_count,unk_inj_per_count,driver_count_16yr,driver_count_17yr,driver_count_18yr,driver_count_19yr,driver_count_20yr,driver_count_50_64yr,driver_count_65_74yr,driver_count_75plus,unbelted_occ_count,unb_death_count,unb_maj_inj_count,belted_death_count,belted_maj_inj_count,mcycle_death_count,mcycle_maj_inj_count,bicycle_death_count,bicycle_maj_inj_count,ped_count,ped_death_count,ped_maj_inj_count,max_severity_level,comm_veh_count,dec_lat,dec_long,rdwy_surf_type_cd,county_name
46118,539933,2013029639,6,67,67301,2013,2,6,1448,14,1,1,0,4,6, , ,N,0,0,0,3,0,1,1,2,N, ,39 59:25.546,75 06:57.454,1711, ,1708, ,0, , , ,0, , , , , , , , , ,2,1,0,0,0,0,1,0,0,0,0,1,1,0,0,0,0,0,0,0,1,0,0,0,0,0,0,0,0,0,0,0,0,0,0,4,0,39.9904,-75.116, , 
46119,539943,2013043793,6,67,67301,2013,3,1,2330,23,3,8,1,7,5, , ,N,0,0,0,3,0,0,3,1,N, ,40 05:58.203,75 00:41.313,2340, ,2335,3,2,2, , ,0,Y, , , , , , , , ,1,0,0,0,1,0,0,0,0,0,0,0,0,0,0,0,0,0,0,0,0,0,0,0,0,0,0,0,0,0,0,0,0,0,0,0,0,40.0995,-75.0115, , 
46120,539946,2013046233,6,67,67301,2013,4,3,1349,13,1,1,0,8,1, , ,N,0,0,0,3,0,1,2,2,N, ,40 00:34.264,75 09:07.606,1351, ,1350, ,0, , , ,0, , , , , , , , , ,1,1,0,0,0,0,0,0,0,0,0,0,1,1,0,0,0,0,0,0,0,0,0,0,0,0,0,0,0,0,0,0,1,0,0,8,0,40.0095,-75.1521, , 
46121,539947,2013046444,6,67,67301,2013,4,6,1654,16,1,1,0,3,7, , ,N,1,2,2,3,0,1,2,2,N,N,40 00:33.068,75 04:08.444,1715, ,1709, ,0, , , ,3, , , , , , , , , ,2,1,0,0,0,1,0,0,0,0,0,0,1,1,1,0,0,0,0,0,0,0,0,0,0,0,0,0,0,0,0,0,0,0,0,8,1,40.0092,-75.069, , 
46122,539951,2013057466,6,67,67301,2013,5,4,1217,12,1,1,0,1,1, , ,N,0,0,0,3,0,4,4,2,N,N,39 57:50.108,75 11:04.226,1223, ,1219,1,1,3,N, ,0,N, , , , , , , , ,2,1,0,0,0,0,1,0,0,0,0,4,4,0,0,0,0,0,0,0,0,0,0,0,0,0,0,0,0,0,0,0,0,0,0,4,0,39.9639,-75.1845, , 
46123,539983,2013022295,6,67,67301,2013,1,6,1800,18,3,4,3,8,1, , ,N,2,0,0,3,0,1,2,2,N,N,39 55:25.878,75 11:24.205,1808, ,1803, ,0, ,N, ,0, , , , , , , , , ,1,0,0,0,0,0,0,1,0,0,0,1,1,0,0,0,0,0,0,0,0,0,0,0,0,0,0,0,0,0,0,0,1,0,0,4,0,39.9239,-75.1901, , 
46124,539991,2013029804,6,67,67301,2013,1,3,1645,16,1,1,0,4,1, , ,N,0,0,0,3,0,0,2,2,N, ,39 59:27.034,75 07:51.439,1710, ,1702, ,0, , , ,0, , , , , , , , , ,2,2,0,0,0,0,0,0,0,0,0,0,0,0,0,0,0,0,0,0,0,0,0,0,0,0,0,0,0,0,0,0,0,0,0,0,0,39.9908,-75.131, , 
46125,539999,2013035222,6,67,67301,2013,3,3,1345,13,1,1,0,1,1, , ,N,1,2,0,3,0,4,5,2,N,N,40 01:47.231,75 05:16.817,1350, ,1345,2,1,1,N, ,3,N, , , , , , , , ,2,0,0,0,0,1,1,0,0,0,0,4,4,0,0,0,0,0,0,0,0,0,0,0,0,0,0,0,0,0,0,0,0,0,0,4,1,40.0298,-75.088, , 
46126,540038,2013046324,6,67,67301,2013,3,5,1425,14,1,1,0,1,1, , ,N,2,2,0,3,0,1,3,3,N,N,40 06:35.672,75 01:30.401,1435, ,1430, ,0, ,N, ,3, , , , , , , , , ,3,2,0,0,1,0,0,0,0,0,0,1,1,0,0,0,0,0,1,0,2,0,0,0,0,0,0,0,0,0,0,0,0,0,0,4,0,40.1099,-75.0251, , 
46127,540076,2013024914,6,67,67301,2013,2,1,311,3,3,4,3,4,1, , ,N,2,3,0,3,0,0,2,2,N, ,39 56:21.059,75 14:06.781,311, ,311,1,1,1, , ,3,Y, , , , , , , , ,2,2,0,0,0,0,0,0,0,0,0,0,0,0,0,0,0,0,0,0,0,0,0,0,0,0,0,0,0,0,0,0,0,0,0,0,0,39.9392,-75.2352, , 
46128,536914,2013043767,6,67,67301,2013,3,2,1900,19,6,9,8,4,6, , ,N,0,0,0,3,0,0,1,2,N,N,39 59:05.647,75 08:43.684,218, ,218, ,0, ,N, ,0, , , , , , , , , ,2,1,0,1,0,0,0,0,0,0,0,0,0,0,1,0,0,0,0,0,0,0,0,0,0,0,0,0,0,0,0,0,0,0,0,9,1,39.9849,-75.1455, , 
46129,536945,2013022333,6,67,67301,2013,1,3,1830,18,3,2,1,1,1, , ,N,1,2,0,3,0,1,2,2,N, ,40 01:12.662,75 08:55.511,9999, ,9999, ,0, , , ,3, , , , , , , , , ,2,1,0,0,0,0,0,0,0,0,0,0,1,1,0,0,0,0,0,0,0,0,0,0,0,0,0,0,0,0,0,0,0,0,0,8,0,40.0202,-75.1488, , 
46130,536961,2013035045,6,67,67301,2013,3,6,100,1,3,1,0,1,1, , ,N,2,2,0,3,0,0,2,2,N,N,39 57:15.080,75 10:11.059,108, ,105,1,2,1,N, ,3,Y, , , , , , , , ,2,0,0,0,0,0,2,0,0,0,0,0,0,0,2,0,0,0,0,0,0,0,0,0,0,0,0,0,0,0,0,0,0,0,0,9,0,39.9542,-75.1697, , 
46131,536976,2013055398,6,67,67301,2013,5,3,2220,22,3,1,0,4,1, , ,N,0,0,0,3,0,2,2,5,N, ,40 07:11.172,75 02:15.147,2320, ,2315, ,0, , , ,0, , , , , , , , , ,5,4,0,0,1,0,0,0,0,0,1,1,2,0,0,0,0,0,0,0,0,0,0,0,0,0,0,0,0,0,0,0,0,0,0,3,0,40.1198,-75.0375, , 
46132,537002,2013029717,6,67,67301,2013,2,2,9999,99,1,2,1,7,3, , ,N,0,0,0,3,0,0,1,1,N,N,39 57:28.356,75 10:16.937,829, ,828, ,0, , , ,0, , , , , , , , , ,1,1,0,0,0,0,0,0,0,0,0,0,0,0,0,0,0,0,0,0,0,0,1,0,0,0,0,0,0,0,0,0,0,0,0,0,0,39.9579,-75.1714, , 
46133,537008,2013034988,6,67,67301,2013,3,6,1430,14,1,1,0,1,1, , ,N,1,2,0,3,0,2,4,3,N,N,39 53:23.105,75 14:01.659,1943, ,1937, ,0, ,N, ,3, , , , , , , , , ,3,0,0,0,0,0,3,0,0,0,0,2,2,0,0,0,0,0,0,0,0,0,0,0,0,0,0,0,0,0,0,0,0,0,0,4,0,39.8898,-75.2338, , 
46134,537020,2013046257,6,67,67301,2013,4,4,2115,21,3,1,0,4,1, , ,N,1,3,0,3,0,2,4,2,N,N,39 55:08.922,75 10:07.273,2121, ,2116, ,0, ,N, ,3, , , , , , , , , ,2,2,0,0,0,0,0,0,0,0,0,2,2,0,0,0,0,0,0,1,0,0,0,0,0,0,0,0,0,0,0,0,0,0,0,4,0,39.9191,-75.1687, , 
46135,537040,2013025305,6,67,67301,2013,1,5,1550,15,1,1,0,8,1, , ,N,0,0,0,3,0,1,2,2,N,N,39 57:29.034,75 10:08.204,1620, ,1611, ,0, ,N, ,0, , , , , , , , , ,1,0,0,0,0,0,0,1,0,0,0,1,1,0,0,0,0,0,0,0,1,0,0,0,0,0,0,0,0,0,0,0,1,0,0,4,0,39.9581,-75.1689, , 
46136,537046,2013032698,6,67,67301,2013,3,3,1700,17,1,1,0,1,1,1,4,Y,0,0,0,3,0,1,2,2,N,N,39 58:01.953,75 08:00.673,1710,45,1707,1,1,2,N, ,0,N,N,N,N,N,N,N,N,Y,2,1,0,0,0,0,1,0,0,0,0,0,1,1,0,0,0,0,0,0,1,0,0,0,0,0,0,0,0,0,0,0,0,0,0,8,0,39.9672,-75.1335, , 
46137,537050,2013035143,6,67,67301,2013,3,6,1003,10,1,4,1,1,1, , ,N,3,2,0,3,0,1,2,2,N,N,39 54:04.758,75 14:21.973,1012, ,1003, ,0, ,N, ,3, , , , , , , , , ,2,1,0,0,1,0,0,0,0,0,0,0,1,1,0,0,0,0,0,0,0,0,0,1,0,0,0,0,0,0,0,0,0,0,0,8,1,39.9014,-75.2393, , 
46138,537063,2013046239,6,67,67301,2013,4,2,1200,12,1,1,0,8,5, , ,N,0,0,0,3,0,1,2,3,N,N,39 58:13.031,75 09:34.641,1225, ,1215, ,0, ,N, ,0, , , , , , , , , ,2,1,0,0,1,0,0,0,0,0,0,1,1,0,0,0,0,0,0,0,0,0,0,0,0,0,0,0,0,0,0,0,1,0,0,4,0,39.9703,-75.1598, , 
46139,537064,2013046443,6,67,67301,2013,4,1,2130,21,3,1,0,4,1, , ,N,1,2,0,3,0,2,5,2,N,N,40 00:47.439,75 04:13.514,2135, ,2133,1,2,7,N, ,3,N, , , , , , , , ,2,1,0,0,0,0,1,0,0,0,0,1,2,1,1,0,0,0,0,0,1,0,0,0,0,0,0,0,0,0,0,0,0,0,0,4,0,40.0132,-75.0704, , 
46140,537067,2013050228,6,67,67301,2013,4,4,1100,11,1,1,0,8,1, , ,N,2,2,0,3,0,1,3,2,N,N,39 57:06.693,75 10:18.893,1405, ,1400, ,0, ,N, ,3, , , , , , , , , ,1,1,0,0,0,0,0,0,0,0,0,1,1,0,2,0,0,0,0,0,0,0,0,0,0,0,0,0,0,0,0,0,1,0,0,4,0,39.9519,-75.1719, , 
46141,537090,2013023505,6,67,67301,2013,1,5,1120,11,1,1,0,4,1, , ,N,0,0,0,3,0,0,1,3,N,N,40 01:12.048,75 10:30.428,1121, ,1120,1,1,5,N, ,0,N, , , , , , , , ,3,2,0,0,0,0,0,0,0,0,0,0,0,0,1,0,0,0,0,0,1,0,0,0,0,0,0,0,0,0,0,0,0,0,0,9,0,40.02,-75.1751, , 
46142,537099,2013035069,6,67,67301,2013,2,2,1342,13,1,1,0,8,1, , ,N,1,2,0,3,0,1,2,2,N, ,39 59:54.633,75 07:45.412,1411, ,1342, ,0, , , ,3, , , , , , , , , ,1,0,0,0,1,0,0,0,0,0,0,1,1,0,0,0,0,0,0,0,0,0,0,0,0,0,0,0,0,0,0,0,1,0,0,4,0,39.9985,-75.1293, , 
46143,537102,2013037352,6,67,67301,2013,3,4,727,7,1,1,0,8,1, , ,N,0,0,0,3,1,0,2,2,N,N,39 56:57.073,75 11:58.443,728, ,727, ,0, ,N,0,0, , , , , , , , , ,1,0,0,0,0,0,1,0,0,0,0,0,0,0,0,0,0,0,0,0,0,0,0,0,0,0,0,0,0,0,0,0,1,1,0,1,0,39.9492,-75.1996,9, 
46144,537103,2013037435,6,67,67301,2013,2,4,2000,20,3,1,0,4,1, , ,N,1,2,0,3,0,1,2,2,N,N,40 01:08.216,75 08:49.391,2020, ,2015,3,1,1,N, ,3,N, , , , , , , , ,2,1,0,0,0,0,1,0,0,0,0,1,1,0,0,0,0,0,0,0,0,0,0,0,0,0,0,0,0,0,0,0,0,0,0,4,0,40.0189,-75.1471, , 
46145,537113,2013046321,6,67,67301,2013,4,6,835,8,1,2,1,7,3, , ,N,0,0,0,3,0,2,2,1,Y,N,39 54:49.669,75 13:37.754,905, ,902, ,0, ,N, ,0, , , , , , , , , ,1,0,0,1,0,0,0,0,0,0,0,0,2,2,0,0,0,0,0,0,0,0,0,0,0,0,0,0,0,0,0,0,0,0,0,8,1,39.9138,-75.2272, , 
46146,529772,2013036799,6,67,67301,2013,4,2,1349,13,1,1,0,7,2, , ,N,0,0,0,3,0,0,1,1,N,N,39 58:38.586,75 12:01.964,1400, ,1350,1,1,3,N, ,0,N, , , , , , , , ,1,1,0,0,0,0,0,0,0,0,0,0,0,0,0,0,0,0,0,0,0,0,0,0,0,0,0,0,0,0,0,0,0,0,0,0,0,39.9774,-75.2005, , 
46147,529782,2013043446,6,67,67301,2013,3,7,2243,22,3,1,0,8,1, , ,N,0,0,0,3,0,2,3,3,N,N,39 57:58.132,75 14:10.801,2245, ,2243, ,0, , , ,0, , , , , , , , , ,2,1,0,0,0,0,0,1,0,0,0,0,2,2,0,0,0,0,0,0,0,0,0,0,0,0,0,0,0,0,0,0,1,0,0,8,0,39.9661,-75.2363, , 
46148,529788,2013047303,6,67,67301,2013,4,4,845,8,1,8,0,6,1, , ,N,1,0,0,3,0,0,2,2,N, ,39 57:32.371,75 10:26.147,855, ,850, ,0, , , ,0, , , , , , , , , ,2,1,0,0,1,0,0,0,0,0,0,0,0,0,0,0,0,0,0,0,0,0,0,0,0,0,0,0,0,0,0,0,0,0,0,0,0,39.959,-75.1739, , 
46149,529789,2013047335,6,67,67301,2013,4,4,1530,15,1,1,0,1,1, , ,N,1,2,0,3,0,1,2,2,N,N,40 01:47.658,75 08:45.592,1640, ,1640, ,0, ,N, ,3, , , , , , , , , ,2,1,0,0,0,0,1,0,0,0,0,0,1,1,0,0,0,0,0,0,0,0,0,0,0,0,0,0,0,0,0,0,0,0,0,8,0,40.0299,-75.146, , 
46150,529792,2013050271,6,67,67301,2013,4,1,837,8,1,1,0,4,1, , ,N,1,2,0,3,0,2,2,2,N,N,39 57:28.095,75 09:50.999,845, ,843,3,1,2,N, ,2,Y, , , , , , , , ,2,2,0,0,0,0,0,0,0,0,2,0,2,0,0,0,0,0,0,0,0,0,0,1,0,0,0,0,0,0,0,0,0,0,0,3,0,39.9579,-75.1641, , 
46151,529798,2013010612,6,67,67301,2013,1,5,1017,10,1,1,0,1,1,1,4,Y,0,0,0,3,0,2,3,3,N,N,39 58:03.840,75 07:54.253,1028,45,1019, ,0, ,N, ,0, ,Y,N,N,N,N,N,N,Y,3,2,0,0,1,0,0,0,0,0,0,2,2,0,0,0,0,0,0,0,0,0,0,0,0,0,0,0,0,0,0,0,0,0,0,4,1,39.9677,-75.1317, , 
46152,529800,2013016302,6,67,67301,2013,1,4,1020,10,1,1,0,1,1, , ,N,1,2,0,3,0,0,2,2,N,N,39 57:47.805,75 10:37.724,1040, ,1030, ,0, ,N, ,3, , , , , , , , , ,2,1,0,0,0,0,1,0,0,0,0,0,0,0,0,0,0,0,0,0,0,0,0,0,0,0,0,0,0,0,0,0,0,0,0,0,0,39.9633,-75.1771, , 
46153,529808,2013023527,6,67,67301,2013,1,7,1205,12,1,1,0,4,1, , ,N,1,2,0,3,0,4,4,2,N,N,40 00:44.524,75 09:02.023,1205, ,1204, ,0, ,N, ,3, , , , , , , , , ,2,2,0,0,0,0,0,0,0,0,4,0,4,0,0,0,0,0,0,0,0,1,0,1,0,0,0,0,0,0,0,0,0,0,0,3,0,40.0122,-75.1505, , 
46154,529826,2013050480,6,67,67301,2013,5,6,1519,15,1,1,0,1,1, , ,N,0,0,2,3,0,1,3,2,N,N,39 57:37.868,75 10:55.172,1544, ,1530, ,0, ,N, ,0, , , , , , , , , ,2,1,0,0,1,0,0,0,0,0,0,1,1,0,0,0,0,0,0,0,0,0,0,0,0,0,0,0,0,0,0,0,0,0,0,4,0,39.9605,-75.182, , 
46155,529853,2013022240,6,67,67301,2013,1,3,2255,22,3,2,1,4,1, , ,N,1,2,0,3,0,3,3,2,N, ,39 55:26.156,75 13:19.597,2305, ,2301,1,2,7, , ,3,N, , , , , , , , ,2,1,0,0,0,0,1,0,0,0,0,0,3,3,0,0,0,0,0,0,0,0,0,2,0,0,0,0,0,0,0,0,0,0,0,8,0,39.9239,-75.2221, , 
46156,529855,2013026934,6,67,67301,2013,2,3,1306,13,1,1,1,4,1, , ,N,2,3,0,3,0,3,3,2,N, ,39 57:10.702,75 14:19.017,1330, ,1306, ,0, , , ,3, , , , , , , , , ,2,2,0,0,0,0,0,0,0,0,0,3,3,0,0,0,0,0,0,0,0,0,0,0,0,0,0,0,0,0,0,0,0,0,0,4,0,39.953,-75.2386, , 
46157,529860,2013029629,6,67,67301,2013,1,3,613,6,5,1,0,2,1, , ,N,0,0,0,3,0,3,3,2,N,N,39 54:29.660,75 14:31.023,839, ,835,9,2,2,N, ,0,Y, , , , , , , , ,2,1,0,0,0,0,1,0,0,1,1,1,3,0,0,0,0,0,0,0,1,0,0,0,0,0,0,0,0,0,0,0,0,0,0,2,0,39.9082,-75.242, , 
46158,529861,2013029702,6,67,67301,2013,2,1,1630,16,1,1,0,1,1, , ,N,1,2,0,3,0,1,4,3,N,N,39 56:08.815,75 13:42.823,1710, ,1707, ,0, ,N, ,3, , , , , , , , , ,3,0,0,0,0,0,2,1,0,0,0,0,1,1,0,0,0,0,0,0,2,0,0,0,0,0,0,0,0,0,0,0,0,0,0,8,0,39.9358,-75.2286, , 
46159,529892,2013012114,6,67,67301,2013,1,4,9999,99,1,1,0,1,1, , ,N,0,0,0,3,0,0,3,2,N, ,40 04:06.405,75 04:03.565,1150, ,1141, ,0, , , ,0, , , , , , , , , ,2,1,0,0,0,0,1,0,0,0,0,0,0,0,0,0,0,0,0,0,1,0,0,0,0,0,0,0,0,0,0,0,0,0,0,0,0,40.0684,-75.0677, , 
46160,529893,2013013078,6,46,46102,2013,2,6,758,7,1,1,0,1,1, , ,N,1,2,0,3,0,1,3,2,N,N,40 03:16.724,75 07:29.999,758, ,758, ,0, ,N, ,3, , , , , , , , , ,2,2,0,0,0,0,0,0,0,0,0,0,1,1,0,0,0,0,0,0,0,0,0,0,0,0,0,0,0,0,0,0,0,0,0,8,0,40.0546,-75.125, , 
46161,529894,2013013585,6,67,67301,2013,1,4,1546,15,1,1,0,1,1, , ,N,6,4,2,3,0,1,2,2,N,N,39 56:44.167,75 11:25.033,1552, ,1552, ,0, ,N, ,3, , , , , , , , , ,2,1,0,0,0,0,1,0,0,0,0,1,1,0,0,0,0,0,0,0,1,0,0,0,0,0,0,0,0,0,0,0,0,0,0,4,0,39.9456,-75.1903, , 
46162,529897,2013016225,6,67,67301,2013,1,3,1935,19,3,1,0,2,1, , ,N,1,2,0,3,0,2,4,2,N, ,40 01:12.662,75 08:55.511,1940, ,1935, ,0, , , ,3, , , , , , , , , ,2,1,0,1,0,0,0,0,0,0,0,2,2,0,0,0,0,0,0,0,1,0,0,0,0,0,0,0,0,0,0,0,0,0,0,4,1,40.0202,-75.1488, , 
46163,529901,2013024915,6,67,67301,2013,1,4,1635,16,1,1,0,4,7, , ,N,1,2,2,3,0,1,4,2,N,N,39 57:28.354,75 09:50.944,1637, ,1636, ,0, ,N, ,3, , , , , , , , , ,2,2,0,0,0,0,0,0,0,0,0,0,1,1,0,0,0,0,0,0,0,0,0,1,0,0,0,0,0,0,0,0,0,0,0,8,0,39.9579,-75.1641, , 
46164,533287,2013029720,6,67,67301,2013,2,6,9999,99,1,1,0,8,1, , ,N,0,0,0,3,0,1,2,2,N,N,39 59:34.078,75 08:46.081,1630, ,1623, ,0, ,N, ,0, , , , , , , , , ,1,0,0,0,0,0,0,1,0,0,0,0,1,1,0,0,0,0,0,0,0,0,0,0,0,0,0,0,0,0,0,0,1,0,0,8,0,39.9928,-75.1461, , 
46165,533288,2013030066,6,67,67301,2013,2,6,459,4,5,1,0,5,7, , ,N,6,0,2,3,0,1,2,2,N,N,40 05:07.699,74 58:10.087,510, ,459,1,1,4,N, ,0,N, , , , , , , , ,2,2,0,0,0,0,0,0,0,0,0,0,1,1,0,0,0,0,0,0,1,0,0,0,0,0,0,0,0,0,0,0,0,0,0,8,0,40.0855,-74.9695, , 
46166,533303,2013043465,6,67,67301,2013,3,4,1730,17,1,1,0,4,1, , ,N,1,2,0,3,0,2,3,2,N,N,40 02:03.671,75 04:29.368,1738, ,1735,9,1,2,N, ,3,N, , , , , , , , ,2,2,0,0,0,0,0,0,0,0,0,2,2,0,0,0,0,0,0,0,0,0,0,1,0,0,0,0,0,0,0,0,0,0,0,4,0,40.0344,-75.0748, , 
46167,533304,2013045359,6,67,67301,2013,3,6,1720,17,1,1,0,8,2, , ,N,0,0,0,3,0,1,2,2,N,N,39 55:21.631,75 11:05.377,1725, ,1720, ,0, ,N, ,0, , , , , , , , , ,1,1,0,0,0,0,0,0,0,0,0,1,1,0,0,0,0,0,0,0,0,0,0,0,0,0,0,0,0,0,0,0,1,0,0,4,0,39.9226,-75.1853, , 
46168,533324,2013024909,6,67,67301,2013,1,4,1345,13,1,1,0,4,1, , ,N,5,2,0,3,0,4,4,2,N, ,40 03:23.726,75 01:42.707,1352, ,1352,1,1,3, , ,3,N, , , , , , , , ,2,2,0,0,0,0,0,0,0,0,0,1,4,3,0,0,0,0,0,0,0,0,0,0,0,0,0,0,0,0,0,0,0,0,0,4,0,40.0566,-75.0285, , 
46169,533412,2013016228,6,67,67301,2013,1,5,9999,99,3,1,0,4,1, , ,N,1,2,0,3,0,2,3,2,N, ,40 01:02.392,75 06:58.530,1825, ,820, ,0, , , ,3, , , , , , , , , ,2,2,0,0,0,0,0,0,0,0,0,0,2,2,0,0,0,0,0,1,0,0,0,0,0,0,0,0,0,0,0,0,0,0,0,8,0,40.0173,-75.1163, , 
46170,533417,2013022182,6,67,67301,2013,1,7,1348,13,1,1,0,8,2, , ,N,0,0,0,3,0,1,2,2,N,N,40 02:13.980,75 10:33.501,1511, ,1510,1,1,2,N, ,0,N, , , , , , , , ,1,1,0,0,0,0,0,0,0,0,0,0,1,1,0,0,0,0,0,0,0,0,0,0,0,0,0,0,0,0,0,0,1,0,0,8,0,40.0372,-75.176, , 
46171,533425,2013026958,6,67,67301,2013,2,3,9999,99,1,1,0,4,1, , ,N,0,0,0,3,0,1,2,2,N, ,40 01:42.276,75 09:44.545,848, ,830, ,0, , , ,0, , , , , , , , , ,2,2,0,0,0,0,0,0,0,0,0,1,1,0,0,0,0,0,0,0,0,0,0,0,0,0,0,0,0,0,0,0,0,0,0,4,0,40.0284,-75.1624, , 
46172,533438,2013055430,6,67,67301,2013,5,7,158,1,3,2,1,2,1, , ,N,2,2,0,3,0,1,3,2,N,N,40 00:49.519,75 09:00.935,230, ,223,1,1,2,N, ,3,Y, , , , , , , , ,2,2,0,0,0,0,0,0,0,0,0,0,1,1,0,0,0,0,0,1,0,0,0,0,0,0,0,0,0,0,0,0,0,0,0,8,0,40.0137,-75.1502, , 
46173,533464,2013017594,6,67,67301,2013,1,1,1204,12,1,1,0,7,2, , ,N,2,0,0,3,0,1,1,1,N,N,40 01:01.667,75 09:04.024,1206, ,1205,9,1,2,Y, ,0,N, , , , , , , , ,1,1,0,0,0,0,0,0,0,0,0,0,1,1,0,0,0,0,0,0,0,0,0,1,0,0,0,0,0,0,0,0,0,0,0,8,0,40.0171,-75.1511, , 
46174,533468,2013024947,6,67,67301,2013,2,6,2250,22,3,1,0,2,1, , ,N,1,2,0,3,0,1,2,2,N, ,39 57:31.442,75 13:37.864,2300, ,2300, ,0, , , ,3, , , , , , , , , ,2,1,0,0,0,0,1,0,0,0,0,0,1,1,0,0,0,0,0,0,1,0,0,0,0,0,0,0,0,0,0,0,0,0,0,8,0,39.9587,-75.2272, , 
46175,533469,2013024977,6,67,67301,2013,2,6,815,8,1,1,0,4,1, , ,N,1,2,0,3,0,0,2,2,N, ,39 57:19.425,75 09:21.185,820, ,818,1,2,3, , ,3,Y, , , , , , , , ,2,2,0,0,0,0,0,0,0,0,0,0,0,0,0,0,0,0,0,0,1,1,0,0,0,0,0,0,0,0,0,0,0,0,0,0,0,39.9554,-75.1559, , 
46176,533477,2013031382,6,67,67301,2013,3,7,1604,16,1,2,1,7,2, , ,N,0,0,0,3,0,0,4,1,N,N,39 57:26.002,75 08:29.008,1622, ,1610, ,0, ,N, ,0, , , , , , , , , ,1,1,0,0,0,0,0,0,0,0,0,0,0,0,0,0,0,0,0,0,0,0,0,0,0,0,0,0,0,0,0,0,0,0,0,0,0,39.9573,-75.1414, , 
46177,533492,2013046301,6,67,67301,2013,4,6,1005,10,1,2,1,4,1, , ,N,1,0,0,3,0,2,3,2,N,N,40 03:17.806,75 03:14.481,1013, ,1010, ,0, ,N, ,0, , , , , , , , , ,2,2,0,0,0,0,0,0,0,0,0,0,2,2,0,0,0,0,0,0,0,1,0,0,0,0,0,0,0,0,0,0,0,0,0,8,0,40.0549,-75.0539, , 
46178,533498,2013050230,6,67,67301,2013,4,5,11,0,3,1,0,4,4, , ,N,0,0,0,3,0,0,1,2,N, ,40 01:55.670,75 09:45.632,118, ,114, ,0, , , ,0, , , , , , , , , ,2,0,0,0,0,0,1,1,0,0,0,0,0,0,0,0,0,0,0,0,0,0,0,0,0,0,0,0,0,0,0,0,0,0,0,0,0,40.0321,-75.1627, , 
46179,533519,2013024917,6,67,67301,2013,1,3,9999,99,3,2,1,7,4, , ,N,2,0,0,3,0,0,1,1,N,N,39 59:22.010,75 10:05.059,125, ,120,1,2,1, , ,0,Y, , , , , , , , ,1,1,0,0,0,0,0,0,0,0,0,0,0,0,0,0,0,0,0,0,0,0,0,0,0,0,0,0,0,0,0,0,0,0,0,0,0,39.9894,-75.1681, , 
46180,533539,2013055332,6,67,67301,2013,5,3,5,0,3,1,0,4,1, , ,N,2,2,0,3,0,0,3,2,N,N,39 58:28.009,75 12:06.339,152, ,142, ,0, ,N, ,3, , , , , , , , , ,2,1,0,0,1,0,0,0,0,0,0,0,0,0,0,0,0,0,0,0,0,0,0,0,0,0,0,0,0,0,0,0,0,0,0,0,0,39.9744,-75.2017, , 
46181,533540,2013055551,6,67,67301,2013,5,5,710,7,1,1,0,4,1, , ,N,1,2,0,3,0,2,2,2,N,N,40 01:11.191,75 03:48.891,728, ,724,1,1,2,N, ,3,N, , , , , , , , ,2,1,0,0,1,0,0,0,0,0,1,1,2,0,0,0,0,0,0,0,1,0,0,0,0,0,0,0,0,0,0,0,0,0,0,3,0,40.0198,-75.0636, , 
46182,540081,2013029660,6,67,67301,2013,2,3,2005,20,3,1,0,8,1, , ,N,0,0,0,3,0,1,2,2,N, ,40 01:17.457,75 07:26.979,2010, ,2010,1,1,3, , ,0,Y, , , , , , , , ,1,1,0,0,0,0,0,0,0,0,0,1,1,0,0,0,0,0,0,0,0,0,0,0,0,0,0,0,0,0,0,0,1,0,0,4,0,40.0215,-75.1242, , 
46183,540082,2013031379,6,67,67301,2013,3,5,2021,20,3,1,0,1,1, , ,N,0,0,0,3,0,1,6,4,N,N,39 59:43.640,75 11:51.897,2032, ,2025,1,1,3,N, ,0,N, , , , , , , , ,4,2,0,0,0,0,0,2,0,0,0,1,1,0,0,0,0,0,0,0,1,1,0,0,0,0,0,0,0,0,0,0,0,0,0,4,0,39.9955,-75.1977, , 
46184,540087,2013035035,6,67,67301,2013,3,6,1725,17,1,1,0,4,1, , ,N,2,0,0,3,0,0,3,2,N,Y,40 02:29.158,75 02:26.926,1806, ,1756, ,0, ,N, ,0, , , , , , , , , ,2,2,0,0,0,0,0,0,0,0,0,0,0,0,0,0,0,0,0,0,1,0,0,0,0,0,0,0,0,0,0,0,0,0,0,0,0,40.0414,-75.0408, , 