objectid_1,objectid,crn,district,county,municipality,crash_year,crash_month,day_of_week,time_of_day,hour_of_day,illumination,weather,road_condition,collision_type,relation_to_road,work_zone_type,work_zone_loc,work_zone_ind,intersect_type,tcd_type,location_type,urban_rural,fatal_count,injury_count,person_count,total_units,sch_bus_ind,sch_zone_ind,latitude,longitude,arrival_tm,cons_zone_spd_lim,dispatch_tm,est_hrs_closed,lane_closed,ln_close_dir,ntfy_hiwy_maint,spec_juris_cd,tcd_func_cd,tfc_detour_ind,workers_pres,wz_close_detour,wz_flagger,wz_law_offcr_ind,wz_ln_closure,wz_moving,wz_other,wz_shlder_mdn,vehicle_count,automobile_count,motorcycle_count,bus_count,small_truck_count,heavy_truck_count,suv_count,van_count,bicycle_count,maj_inj_count,mod_inj_count,min_inj_count,tot_inj_count,unk_inj_deg_count,unk_inj_per_count,driver_count_16yr,driver_count_17yr,driver_count_18yr,driver_count_19yr,driver_count_20yr,driver_count_50_64yr,driver_count_65_74yr,driver_count_75plus,unbelted_occ_count,unb_death_count,unb_maj_inj_count,belted_death_count,belted_maj_inj_count,mcycle_death_count,mcycle_maj_inj_count,bicycle_death_count,bicycle_maj_inj_count,ped_count,ped_death_count,ped_maj_inj_count,max_severity_level,comm_veh_count,dec_lat,dec_long,rdwy_surf_type_cd,county_name
46320,533894,2013016289,6,67,67301,2013,1,4,655,6,1,8,1,8,1, , ,N,0,2,0,3,0,1,2,2,N, ,40 05:42.969,75 03:00.904,1135, ,9999, ,0, , , ,3, , , , , , , , , ,1,0,0,0,0,0,0,0,0,0,0,1,1,0,0,0,0,0,0,0,0,0,0,0,0,0,0,0,0,0,0,0,1,0,0,4,0,40.0953,-75.0503, , 
46321,533921,2013041311,6,67,67301,2013,3,3,1240,12,1,1,1,5,1, , ,N,0,0,0,3,0,1,2,2,N,N,40 02:33.976,75 03:21.590,1310, ,1300,1,1,1,N, ,0,N, , , , , , , , ,2,1,0,0,0,0,0,1,0,0,0,0,1,1,0,0,0,0,0,0,0,0,0,0,0,0,0,0,0,0,0,0,0,0,0,8,0,40.0428,-75.056, , 
46322,533934,2013055999,6,67,67301,2013,4,2,1914,19,1,1,0,7,2, , ,N,0,0,3,3,1,0,2,2,N,N,39 58:24.983,75 11:37.308,1918, ,1915,4,1,3,N,0,0,N, , , , , , , , ,2,0,1,0,0,0,0,1,0,0,0,0,0,0,0,0,0,0,0,0,1,0,0,0,0,0,0,0,1,0,0,0,0,0,0,1,0,39.9736,-75.1937,1, 
46323,533953,2013022290,6,67,67301,2013,1,1,1740,17,3,1,0,2,1, , ,N,1,2,0,3,0,5,6,2,N, ,40 00:20.178,75 04:32.071,1748, ,1743, ,0, , , ,3, , , , , , , , , ,2,1,0,0,0,0,1,0,0,0,0,0,5,5,0,0,0,0,0,0,0,0,1,0,0,0,0,0,0,0,0,0,0,0,0,8,0,40.0056,-75.0756, , 
46324,533966,2013035238,6,67,67301,2013,2,5,825,8,1,1,7,4,1, , ,N,1,2,0,3,0,1,3,2,N, ,40 00:45.346,75 09:39.342,829, ,829, ,0, , , ,3, , , , , , , , , ,2,2,0,0,0,0,0,0,0,0,0,0,1,1,1,0,0,0,0,0,0,0,0,0,0,0,0,0,0,0,0,0,0,0,0,8,0,40.0126,-75.1609, , 
46325,533976,2013047908,6,67,67301,2013,4,3,428,4,3,1,0,7,4, , ,N,0,0,0,3,0,1,1,1,N,N,40 00:28.692,75 12:05.950,448, ,439,2,1,4,N, ,0,Y, , , , , , , , ,1,1,0,0,0,0,0,0,0,0,0,0,1,1,0,0,0,0,0,0,0,0,0,0,0,0,0,0,0,0,0,0,0,0,0,8,0,40.008,-75.2017, , 
46326,533979,2013049320,6,67,67301,2013,5,1,1605,16,1,1,0,7,5, , ,N,0,0,0,3,0,1,1,1,N,N,39 58:36.580,75 09:16.056,1610, ,1608, ,0, ,N, ,0, , , , , , , , , ,1,0,0,0,0,0,0,0,0,0,0,0,1,1,0,0,0,1,0,0,0,0,0,0,0,0,0,0,0,0,0,0,0,0,0,8,0,39.9768,-75.1545, , 
46327,534017,2013035087,6,67,67301,2013,3,2,350,3,3,1,0,4,1, , ,N,1,2,0,3,0,1,3,4,N,N,40 01:57.810,75 06:23.231,404, ,358,2,1,3, , ,3,N, , , , , , , , ,4,2,0,0,2,0,0,0,0,0,0,0,1,1,0,0,0,0,0,0,0,1,0,0,0,0,0,0,0,0,0,0,0,0,0,8,0,40.0327,-75.1065, , 
46328,540564,2013026955,6,67,67301,2013,2,4,1151,11,1,1,0,4,1, , ,N,1,2,0,3,0,0,2,2,N, ,39 55:09.777,75 10:14.532,1158, ,1152, ,0, , , ,3, , , , , , , , , ,2,1,0,0,1,0,0,0,0,0,0,0,0,0,0,0,0,0,0,0,0,0,0,0,0,0,0,0,0,0,0,0,0,0,0,0,0,39.9194,-75.1707, , 
46329,540577,2013042797,6,67,67301,2013,4,4,1500,15,1,1,0,5,2, , ,N,0,0,0,3,0,3,4,4,N,N,39 53:11.138,75 12:24.242,1522, ,1507,3,1,2,N, ,0,N, , , , , , , , ,4,2,0,0,1,1,0,0,0,0,0,0,3,3,0,0,0,0,0,0,1,0,0,0,0,0,0,0,0,0,0,0,0,0,0,8,1,39.8864,-75.2068, , 
46330,540579,2013044104,6,67,67301,2013,3,4,1300,13,1,1,0,1,1, , ,N,1,2,0,3,0,3,4,2,N, ,39 55:21.701,75 09:23.883,1320, ,1315, ,0, , , ,3, , , , , , , , , ,2,2,0,0,0,0,0,0,0,0,0,1,3,2,0,0,0,0,0,0,0,1,0,0,0,0,0,0,0,0,0,0,0,0,0,4,0,39.9227,-75.1565, , 
46331,540581,2013046308,6,67,67301,2013,4,3,1420,14,1,1,0,4,1, , ,N,1,2,0,3,0,0,2,2,N,N,39 57:30.652,75 09:56.236,1430, ,1425, ,0, ,N, ,3, , , , , , , , , ,2,2,0,0,0,0,0,0,0,0,0,0,0,0,0,0,0,0,0,0,1,0,0,0,0,0,0,0,0,0,0,0,0,0,0,0,0,39.9585,-75.1656, , 
46332,540648,2013012008,6,67,67301,2013,1,4,9999,99,3,1,0,7,5, , ,N,0,0,0,3,0,0,1,1,N,N,40 00:23.011,75 09:55.717,520, ,517, ,0, ,N, ,0, , , , , , , , , ,1,1,0,0,0,0,0,0,0,0,0,0,0,0,1,0,0,0,0,0,0,0,0,0,0,0,0,0,0,0,0,0,0,0,0,9,0,40.0064,-75.1655, , 
46333,540660,2013026925,6,67,67301,2013,2,3,906,9,1,4,1,4,1, , ,N,1,2,0,3,0,0,2,2,N,N,40 01:43.107,75 12:20.348,925, ,913, ,0, ,N, ,3, , , , , , , , , ,2,2,0,0,0,0,0,0,0,0,0,0,0,0,0,0,0,0,0,1,1,0,0,0,0,0,0,0,0,0,0,0,0,0,0,0,0,40.0287,-75.2055, , 
46334,540674,2013037346,6,67,67301,2013,3,5,1300,13,1,1,0,6,1, , ,N,1,3,0,3,0,2,3,2,N,N,39 58:25.388,75 13:52.359,1325, ,1313, ,0, ,N, ,3, , , , , , , , , ,2,1,0,0,1,0,0,0,0,0,1,1,2,0,1,0,0,0,0,0,0,0,0,0,0,0,0,0,0,0,0,0,0,0,0,3,0,39.9737,-75.2312, , 
46335,540677,2013042796,6,67,67301,2013,4,4,746,7,1,1,0,1,1,1,4,Y,0,0,0,3,0,3,5,2,N,N,40 00:36.767,75 03:47.498,812,45,801, ,0, ,N, ,0, ,Y,N,N,N,Y,N,N,Y,2,2,0,0,0,0,0,0,0,0,0,3,3,0,0,0,0,0,0,0,0,0,0,0,0,0,0,0,0,0,0,0,0,0,0,4,0,40.0102,-75.0633, , 
46336,540700,2013023554,6,67,67301,2013,1,7,1145,11,1,1,1,1,1, , ,N,0,0,0,3,0,0,2,2,N,N,40 03:53.102,75 09:37.511,1205, ,1159,9,1,3,N, ,0,N, , , , , , , , ,2,2,0,0,0,0,0,0,0,0,0,0,0,0,0,0,0,0,0,0,1,0,0,0,0,0,0,0,0,0,0,0,0,0,0,0,0,40.0648,-75.1604, , 
46337,540715,2013046259,6,67,67301,2013,4,2,820,8,1,1,0,4,1, , ,N,0,3,0,3,0,6,8,2,N,Y,39 58:48.802,75 10:47.506,839, ,834, ,0, ,N, ,3, , , , , , , , , ,2,1,0,0,0,0,1,0,0,0,0,6,6,0,0,0,0,0,0,0,0,0,0,0,0,0,0,0,0,0,0,0,0,0,0,4,0,39.9802,-75.1799, , 
46338,540723,2013052364,6,67,67301,2013,5,6,1632,16,1,1,0,1,1, , ,N,0,0,0,3,0,0,2,2,N,N,39 57:28.056,75 09:42.938,1701, ,1634, ,0, ,N, ,0, , , , , , , , , ,2,1,0,0,0,0,1,0,0,0,0,0,0,0,0,0,0,0,0,0,2,0,0,0,0,0,0,0,0,0,0,0,0,0,0,0,0,39.9578,-75.1619, , 
46339,540746,2013013200,6,67,67301,2013,1,4,1545,15,1,1,0,5,1, , ,N,2,2,0,3,0,1,2,3,N,N,39 57:17.713,75 09:05.995,1546, ,1545,2,1,3, , ,3,N, , , , , , , , ,3,2,0,0,0,0,1,0,0,0,0,1,1,0,0,0,0,0,1,0,0,1,0,0,0,0,0,0,0,0,0,0,0,0,0,4,0,39.9549,-75.1517, , 
46340,540764,2013035212,6,67,67301,2013,3,7,1520,15,1,1,0,8,1, , ,N,0,0,0,3,0,1,2,2,N,N,40 01:26.659,75 08:52.446,1824, ,1824, ,0, ,N, ,0, , , , , , , , , ,1,1,0,0,0,0,0,0,0,0,0,1,1,0,0,0,0,0,0,0,0,1,0,0,0,0,0,0,0,0,0,0,1,0,0,4,0,40.0241,-75.1479, , 
46341,540774,2013046460,6,67,67301,2013,4,4,9999,99,1,1,0,8,1, , ,N,2,0,0,3,0,1,2,2,N,N,40 04:25.734,75 09:59.810,1725, ,1704, ,0, , , ,0, , , , , , , , , ,1,1,0,0,0,0,0,0,0,0,0,1,1,0,0,0,0,0,0,0,1,0,0,0,0,0,0,0,0,0,0,0,1,0,0,4,0,40.0738,-75.1666, , 
46342,540790,2013019414,6,67,67301,2013,2,7,1827,18,3,1,0,1,1, , ,N,0,0,0,3,0,2,8,3,N,N,39 59:26.495,75 12:17.188,1833, ,1829, ,0, ,N, ,0, , , , , , , , , ,3,2,0,0,0,0,1,0,0,0,0,2,2,0,0,0,0,1,0,0,0,0,0,0,0,0,0,0,0,0,0,0,0,0,0,4,0,39.9907,-75.2048, , 
46343,540795,2013024127,6,67,67301,2013,2,7,226,2,3,2,1,7,3, , ,N,7,0,2,3,0,0,4,1,N,N,39 57:37.115,75 10:54.549,226, ,226,1,2,4,N, ,0,Y, , , , , , , , ,1,1,0,0,0,0,0,0,0,0,0,0,0,0,0,0,0,0,0,1,0,0,0,0,0,0,0,0,0,0,0,0,0,0,0,0,0,39.9596,-75.181, , 
46344,540796,2013024904,6,67,67301,2013,1,4,1730,17,3,1,0,4,1, , ,N,1,0,0,3,0,1,2,2,N, ,39 56:52.447,75 12:49.931,1730, ,1730, ,0, , , ,0, , , , , , , , , ,2,1,0,0,0,0,0,0,0,0,0,0,1,1,0,0,0,0,0,0,1,0,0,0,0,0,0,0,0,0,0,0,0,0,0,8,0,39.9479,-75.2139, , 
46345,540804,2013035163,6,67,67301,2013,3,6,800,8,1,4,1,1,1, , ,N,0,3,6,3,0,1,9,2,Y,N,40 00:49.262,75 10:44.493,816, ,808,2,1,4,N, ,3,N, , , , , , , , ,2,1,0,0,0,0,0,1,0,0,1,0,1,0,0,0,0,0,0,0,1,0,0,0,0,0,0,0,0,0,0,0,0,0,0,3,0,40.0137,-75.179, , 
46346,537536,2013043427,6,67,67301,2013,3,2,1830,18,1,2,1,4,7, , ,N,6,0,2,3,0,4,8,3,N,N,40 01:14.305,75 09:22.116,1840, ,1830,1,1,2,N, ,0,N, , , , , , , , ,3,1,0,0,0,0,2,0,0,0,0,4,4,0,0,0,0,0,0,0,0,0,0,4,0,0,0,0,0,0,0,0,0,0,0,4,0,40.0205,-75.1543, , 
46347,537544,2013053936,6,67,67301,2013,5,6,1539,15,1,1,1,1,1, , ,N,0,0,0,3,0,0,2,2,N,N,39 57:27.257,75 09:02.684,1606, ,1549,1,1,4,N, ,0,N, , , , , , , , ,2,1,0,0,0,0,1,0,0,0,0,0,0,0,0,0,0,0,0,1,1,0,0,0,0,0,0,0,0,0,0,0,0,0,0,0,0,39.9576,-75.1507, , 
46348,537567,2013016291,6,67,67301,2013,1,4,1540,15,1,1,0,4,1, , ,N,1,2,0,3,0,2,5,2,N, ,40 05:12.438,74 58:18.635,1545, ,1541, ,0, ,N, ,3, , , , , , , , , ,2,2,0,0,0,0,0,0,0,0,0,2,2,0,0,0,0,0,0,0,1,0,0,0,0,0,0,0,0,0,0,0,0,0,0,4,0,40.0868,-74.9718, , 
46349,537575,2013022195,6,67,67301,2013,1,6,2339,23,3,1,0,2,1, , ,N,1,2,0,3,0,3,3,2,N,N,40 02:46.693,75 11:32.436,1250, ,1249,3,2,5,N, ,3,Y, , , , , , , , ,2,2,0,0,0,0,0,0,0,0,3,0,3,0,0,0,1,0,0,0,0,0,0,0,0,0,0,0,0,0,0,0,0,0,0,3,0,40.0463,-75.1923, , 
46350,537578,2013026128,6,67,67301,2013,1,2,1048,10,1,4,4,7,1, , ,N,1,3,0,3,0,2,2,2,N, ,39 56:04.402,75 11:58.224,1053, ,1050,2,2,7, , ,3,Y, , , , , , , , ,2,1,0,0,1,0,0,0,0,0,0,0,2,2,0,0,0,0,0,0,2,0,0,0,0,0,0,0,0,0,0,0,0,0,0,8,0,39.9346,-75.1995, , 
46351,537579,2013028611,6,67,67301,2013,3,6,1710,17,1,1,0,7,3, , ,N,0,0,0,3,0,0,1,1,N,N,39 53:48.802,75 11:22.496,1724, ,1718,2,1,1,N, ,0,N, , , , , , , , ,1,1,0,0,0,0,0,0,0,0,0,0,0,0,0,0,0,0,0,0,0,0,0,0,0,0,0,0,0,0,0,0,0,0,0,0,0,39.8969,-75.1896, , 
46352,537585,2013035622,6,67,67301,2013,2,5,1700,17,1,1,0,4,1, , ,N,1,3,0,3,0,1,2,2,N,N,40 02:09.349,75 07:35.780,1720, ,1714, ,0, ,N, ,3, , , , , , , , , ,2,1,1,0,0,0,0,0,0,0,0,1,1,0,0,0,0,0,0,0,0,0,0,0,0,0,0,0,0,0,0,0,0,0,0,4,0,40.0359,-75.1266, , 
46353,537601,2013053050,6,67,67301,2013,4,7,1206,12,1,1,0,4,1, , ,N,1,2,0,3,0,1,3,2,N,N,39 56:16.216,75 10:00.536,1207, ,1207, ,0, ,N, ,3, , , , , , , , , ,2,1,1,0,0,0,0,0,0,0,0,1,1,0,0,0,0,0,0,0,0,0,0,0,0,0,0,0,0,0,0,0,0,0,0,4,0,39.9379,-75.1667, , 
46354,537604,2013007413,6,67,67301,2013,1,6,550,5,3,4,6,7,4, , ,N,0,0,0,3,0,0,1,1,N,N,39 57:34.406,75 10:51.535,559, ,554, ,0, ,N, ,0, , , , , , , , , ,1,1,0,0,0,0,0,0,0,0,0,0,0,0,0,0,0,0,1,0,0,0,0,0,0,0,0,0,0,0,0,0,0,0,0,0,0,39.9596,-75.181, , 
46355,537609,2013016191,6,67,67301,2013,1,3,1319,13,1,1,0,4,1, , ,N,2,3,0,3,0,2,3,2,N,N,39 58:13.038,75 12:50.032,1322, ,1320,1,1,4,N, ,3,N, , , , , , , , ,2,1,0,0,0,0,0,0,0,0,0,0,2,2,1,0,0,0,0,0,0,1,0,0,0,0,0,0,0,0,0,0,0,0,0,8,0,39.9703,-75.2139, , 
46356,537622,2013031380,6,67,67301,2013,3,6,1358,13,1,1,0,5,1, , ,N,0,0,0,3,0,3,4,3,N,N,39 59:09.746,75 05:32.809,1425, ,1422,2,2,1,N, ,0,N, , , , , , , , ,3,2,0,0,0,1,0,0,0,0,0,0,3,3,0,0,0,0,1,0,0,0,0,0,0,0,0,0,0,0,0,0,0,0,0,8,1,39.986,-75.0926, , 
46357,537643,2013055425,6,67,67301,2013,5,6,1114,11,1,1,0,8,1, , ,N,1,0,0,3,0,1,2,2,N,N,39 58:47.413,75 10:27.321,1117, ,1115, ,0, ,N, ,0, , , , , , , , , ,1,1,0,0,0,0,0,0,0,0,0,1,1,0,0,0,0,0,0,0,0,1,0,0,0,0,0,0,0,0,0,0,1,0,0,4,0,39.9798,-75.1743, , 
46358,537648,2013063441,6,67,67301,2013,5,1,1320,13,1,2,1,7,2, , ,N,0,0,0,3,0,0,1,1,N,N,40 01:02.240,75 12:08.090,1328, ,1322, ,0, ,N, ,0, , , , , , , , , ,1,1,0,0,0,0,0,0,0,0,0,0,0,0,0,0,0,0,0,0,0,0,0,0,0,0,0,0,0,0,0,0,0,0,0,0,0,40.0173,-75.2022, , 
46359,537658,2013022301,6,67,67301,2013,1,4,1140,11,1,1,0,1,1, , ,N,0,0,0,3,0,1,6,2,N,N,40 00:10.465,75 09:47.062,1155, ,1140, ,0, ,N, ,0, , , , , , , , , ,2,0,0,0,1,0,0,1,0,0,0,0,1,1,0,0,0,0,1,0,0,0,0,4,0,0,0,0,0,0,0,0,0,0,0,8,0,40.0029,-75.1631, , 
46360,537661,2013029784,6,67,67301,2013,2,2,1315,13,1,8,1,7,2, , ,N,0,0,0,3,0,1,1,1,N,N,39 59:39.857,75 11:32.352,1330, ,1320,2,2,1,N, ,0,Y, , , , , , , , ,1,1,0,0,0,0,0,0,0,0,1,0,1,0,0,0,0,0,0,0,0,0,0,0,0,0,0,0,0,0,0,0,0,0,0,3,0,39.9944,-75.1923, , 
46361,537670,2013044095,6,67,67301,2013,3,5,1525,15,1,1,0,5,6, , ,N,0,0,0,3,0,2,6,4,N,N,39 59:18.592,75 08:07.854,1641, ,1530, ,0, ,N, ,0, , , , , , , , , ,4,3,0,0,0,1,0,0,0,0,0,2,2,0,0,0,0,0,0,0,0,0,0,0,0,0,0,0,0,0,0,0,0,0,0,4,1,39.9885,-75.1355, , 
46362,537671,2013044127,6,67,67301,2013,3,3,1523,15,1,1,0,4,1, , ,N,1,2,0,3,0,5,5,2,N, ,40 02:57.663,75 04:04.482,1527, ,1523, ,0, , , ,3, , , , , , , , , ,2,0,0,0,0,0,2,0,0,0,0,0,5,5,0,0,0,0,0,0,0,0,0,0,0,0,0,0,0,0,0,0,0,0,0,8,0,40.0493,-75.0679, , 
46363,537674,2013046446,6,67,67301,2013,4,7,9999,99,3,1,0,7,5, , ,N,0,0,0,3,0,1,1,1,N,N,40 02:02.740,75 01:27.783,9999, ,243, ,0, ,N, ,0, , , , , , , , , ,1,0,0,0,1,0,0,0,0,0,0,0,1,1,0,0,0,0,0,0,0,0,0,0,0,0,0,0,0,0,0,0,0,0,0,8,0,40.0341,-75.0244, , 
46364,530344,2013026271,6,67,67301,2013,2,3,617,6,3,1,0,1,1, , ,N,0,0,0,3,0,1,3,2,N,N,39 58:36.515,75 06:49.990,627, ,620, ,0, ,N, ,0, , , , , , , , , ,2,1,0,0,0,0,0,1,0,0,0,0,1,1,0,0,0,0,0,0,1,0,0,0,0,0,0,0,0,0,0,0,0,0,0,8,0,39.9768,-75.1139, , 
46365,530367,2013050256,6,67,67301,2013,4,4,2246,22,3,1,0,6,2, , ,N,0,0,0,3,0,1,1,6,N,N,39 59:18.675,75 06:34.444,2302, ,2300, ,0, ,N, ,0, , , , , , , , , ,6,3,0,0,1,0,1,1,0,0,0,0,1,1,0,0,0,0,0,0,0,0,0,0,0,0,0,0,0,0,0,0,0,0,0,8,0,39.9885,-75.1096, , 
46366,530394,2013032498,6,67,67301,2013,2,1,1950,19,3,1,0,4,1, , ,N,0,0,0,3,0,2,2,2,N, ,39 55:46.224,75 14:36.180,1954, ,1952,2,1,4, , ,0,Y, , , , , , , , ,2,2,0,0,0,0,0,0,0,0,0,0,2,2,0,0,0,0,0,0,0,0,0,1,0,0,0,0,0,0,0,0,0,0,0,8,0,39.9295,-75.2434, , 
46367,530398,2013035310,6,67,67301,2013,2,4,700,7,1,1,0,4,1, , ,N,1,2,0,3,0,1,2,2,N,N,40 02:15.144,75 08:16.569,1105, ,1100, ,0, ,N, ,3, , , , , , , , , ,2,2,0,0,0,0,0,0,0,0,0,1,1,0,0,0,0,0,0,0,0,1,0,0,0,0,0,0,0,0,0,0,0,0,0,4,0,40.0375,-75.1379, , 
46368,530399,2013035313,6,67,67301,2013,3,7,1411,14,1,1,0,4,1, , ,N,0,0,7,3,0,0,3,3,N, ,40 00:11.494,75 05:58.542,1413, ,1411, ,0, , , ,0, , , , , , , , , ,3,3,0,0,0,0,0,0,0,0,0,0,0,0,0,0,1,0,0,0,0,0,0,0,0,0,0,0,0,0,0,0,0,0,0,0,0,40.0032,-75.0996, , 
46369,530414,2013053409,6,67,67301,2013,5,2,928,9,1,1,0,1,1, , ,N,0,0,0,3,0,0,2,2,N,N,40 00:30.390,75 12:13.505,957, ,938, ,0, ,N, ,0, , , , , , , , , ,2,1,0,0,0,0,1,0,0,0,0,0,0,0,0,0,0,0,0,0,0,0,0,0,0,0,0,0,0,0,0,0,0,0,0,0,0,40.0084,-75.2038, , 
46370,530436,2013023537,6,67,67301,2013,1,1,215,2,3,1,0,4,1, , ,N,1,2,0,3,0,2,5,2,N, ,39 57:28.502,75 08:55.805,225, ,221,1,1,2, , ,3,N, , , , , , , , ,2,0,0,0,0,0,2,0,0,0,0,0,2,2,0,0,0,0,0,0,0,0,0,0,0,0,0,0,0,0,0,0,0,0,0,8,0,39.9579,-75.1488, , 
46371,530441,2013030112,6,67,67301,2013,2,5,1143,11,1,1,0,8,1, , ,N,1,2,0,3,0,1,2,2,N,N,39 59:39.070,75 06:41.033,1355, ,1350, ,0, ,N, ,3, , , , , , , , , ,1,0,0,0,0,0,0,0,0,0,1,0,1,0,0,0,0,0,0,0,0,0,0,0,0,0,0,0,0,0,0,0,1,0,0,3,0,39.9942,-75.1114, , 
46372,530457,2013050261,6,67,67301,2013,4,3,959,9,1,1,0,4,6, , ,N,0,0,0,3,0,0,1,2,N,N,39 57:10.630,75 09:35.427,1015, ,1011, ,0, ,N, ,0, , , , , , , , , ,2,1,0,0,0,0,1,0,0,0,0,0,0,0,0,0,0,0,0,0,0,0,0,0,0,0,0,0,0,0,0,0,0,0,0,0,0,39.953,-75.1598, , 
46373,530502,2013034998,6,67,67301,2013,3,1,9999,99,3,1,0,7,2, , ,N,0,0,0,3,0,0,1,1,N,N,39 59:48.345,75 10:26.040,2250, ,2247,1,1,2,N, ,0,N, , , , , , , , ,1,1,0,0,0,0,0,0,0,0,0,0,0,0,0,0,0,0,0,0,0,0,0,0,0,0,0,0,0,0,0,0,0,0,0,0,0,39.9968,-75.1739, , 
46374,530505,2013037487,6,67,67301,2013,3,1,2153,21,3,1,0,4,6, , ,N,0,0,0,3,0,0,1,2,N,N,40 05:33.975,75 02:37.150,2156, ,2154,1,1,2,N, ,0,N, , , , , , , , ,2,2,0,0,0,0,0,0,0,0,0,0,0,0,0,0,0,0,0,0,0,0,0,1,0,0,0,0,0,0,0,0,0,0,0,0,0,40.0928,-75.0437, , 
46375,530508,2013044483,6,67,67301,2013,1,6,2212,22,3,1,0,5,1, , ,N,0,0,0,3,0,1,2,2,N,N,39 54:09.800,75 09:03.367,2243, ,2232, ,0, ,N, ,0, , , , , , , , , ,2,2,0,0,0,0,0,0,0,0,0,1,1,0,0,0,0,0,0,0,0,0,0,0,0,0,0,0,0,0,0,0,0,0,0,4,0,39.9027,-75.1509, , 
46376,530540,2013035278,6,67,67301,2013,3,4,1032,10,1,2,1,1,1, , ,N,0,2,0,3,0,2,2,3,N, ,39 56:44.167,75 09:13.305,1058, ,1049,9,1,2, , ,3,N, , , , , , , , ,3,2,0,0,0,0,1,0,0,0,0,2,2,0,0,0,0,0,0,0,1,0,0,0,0,0,0,0,0,0,0,0,0,0,0,4,0,39.9456,-75.1537, , 
46377,530557,2013055376,6,67,67301,2013,5,7,145,1,3,1,0,7,5, , ,N,0,0,0,3,0,0,2,1,N,N,39 55:24.150,75 11:30.290,150, ,150,1,1,1,N, ,0,N, , , , , , , , ,1,1,0,0,0,0,0,0,0,0,0,0,0,0,0,0,0,0,0,0,0,0,0,0,0,0,0,0,0,0,0,0,0,0,0,0,0,39.9234,-75.1917, , 
46378,530585,2013021391,6,67,67301,2013,2,1,1535,15,1,1,0,1,1, , ,N,6,0,2,3,0,0,3,2,N,N,39 56:55.117,75 11:09.395,1537, ,1536, ,0, ,N, ,0, , , , , , , , , ,2,2,0,0,0,0,0,0,0,0,0,0,0,0,0,0,0,0,0,0,1,0,0,0,0,0,0,0,0,0,0,0,0,0,0,0,0,39.9486,-75.1859, , 
46379,530598,2013037450,6,67,67301,2013,3,5,2050,20,3,4,1,4,1, , ,N,1,2,0,3,0,0,2,2,N,N,40 00:30.704,75 12:38.642,2200, ,2110, ,0, ,N, ,3, , , , , , , , , ,2,2,0,0,0,0,0,0,0,0,0,0,0,0,0,0,0,0,0,0,1,0,0,0,0,0,0,0,0,0,0,0,0,0,0,0,0,40.0084,-75.211, , 
46380,530609,2013043810,6,67,67301,2013,3,2,910,9,1,4,1,8,1, , ,N,1,1,0,3,0,1,2,2,N,N,39 57:02.541,75 09:45.727,925, ,920, ,0, ,N, ,2, , , , , , , , , ,1,1,0,0,0,0,0,0,0,0,0,1,1,0,0,0,0,0,0,0,0,0,0,0,0,0,0,0,0,0,0,0,1,0,0,4,0,39.9507,-75.1627, , 
46381,530633,2013032476,6,67,67301,2013,2,1,1400,14,1,1,0,4,1, , ,N,1,3,0,3,0,0,2,2,N,N,39 56:58.131,75 13:08.453,1500, ,1440, ,0, ,N, ,3, , , , , , , , , ,2,2,0,0,0,0,0,0,0,0,0,0,0,0,0,0,0,0,0,0,0,0,2,0,0,0,0,0,0,0,0,0,0,0,0,0,0,39.9495,-75.219, , 
46382,530641,2013037426,6,67,67301,2013,3,4,813,8,1,1,0,7,2, , ,N,0,0,0,3,0,1,1,1,N,N,40 03:16.133,75 02:55.142,825, ,813, ,0, ,N, ,0, , , , , , , , , ,1,1,0,0,0,0,0,0,0,0,0,1,1,0,0,0,0,0,0,0,1,0,0,0,0,0,0,0,0,0,0,0,0,0,0,4,0,40.0545,-75.0487, , 
46383,534024,2013046362,6,67,67301,2013,4,6,2220,22,3,1,0,4,1, , ,N,0,0,7,3,0,1,2,3,N,N,40 02:09.769,75 07:16.524,2223, ,2222,2,1,2,N, ,0,Y, , , , , , , , ,3,2,0,0,0,0,1,0,0,0,0,1,1,0,0,0,0,0,0,0,0,0,0,1,0,0,0,0,0,0,0,0,0,0,0,4,0,40.036,-75.1213, , 
46384,534049,2013025310,6,67,67301,2013,2,1,1600,16,1,1,0,5,1, , ,N,2,2,0,3,0,0,4,2,N,N,40 01:14.063,75 08:26.428,1612, ,1602,2,1,2,N, ,3,Y, , , , , , , , ,2,1,0,0,0,1,0,0,0,0,0,0,0,0,0,0,0,0,0,0,0,0,0,0,0,0,0,0,0,0,0,0,0,0,0,0,1,40.0206,-75.1407, , 
46385,534065,2013043440,6,67,67301,2013,3,3,2000,20,3,1,0,8,1, , ,N,0,0,0,3,0,1,2,2,N, ,40 02:28.431,75 04:29.163,2008, ,2001, ,0, , , ,0, , , , , , , , , ,1,0,0,0,0,0,0,0,0,0,1,0,1,0,0,0,0,0,0,0,0,0,0,0,0,0,0,0,0,0,0,0,1,0,0,3,0,40.0412,-75.0748, , 
46386,534066,2013044109,6,67,67301,2013,3,5,1950,19,1,1,0,4,1, , ,N,1,3,0,3,0,2,3,2,N, ,39 57:14.446,75 14:18.200,2010, ,2000, ,0, , , ,3, , , , , , , , , ,2,1,0,0,0,0,1,0,0,0,0,0,2,2,0,0,0,0,0,0,1,0,0,3,0,0,0,0,0,0,0,0,0,0,0,8,0,39.954,-75.2384, , 
46387,534078,2013053077,6,67,67301,2013,4,2,845,8,1,2,1,8,1, , ,N,1,2,0,3,0,1,2,2,N, ,39 57:00.345,75 12:39.981,850, ,845, ,0, , , ,3, , , , , , , , , ,1,1,0,0,0,0,0,0,0,0,0,0,1,1,0,0,0,0,0,0,0,0,0,1,0,0,0,0,0,0,0,0,1,0,0,8,0,39.9501,-75.2111, , 