objectid_1,objectid,crn,district,county,municipality,crash_year,crash_month,day_of_week,time_of_day,hour_of_day,illumination,weather,road_condition,collision_type,relation_to_road,work_zone_type,work_zone_loc,work_zone_ind,intersect_type,tcd_type,location_type,urban_rural,fatal_count,injury_count,person_count,total_units,sch_bus_ind,sch_zone_ind,latitude,longitude,arrival_tm,cons_zone_spd_lim,dispatch_tm,est_hrs_closed,lane_closed,ln_close_dir,ntfy_hiwy_maint,spec_juris_cd,tcd_func_cd,tfc_detour_ind,workers_pres,wz_close_detour,wz_flagger,wz_law_offcr_ind,wz_ln_closure,wz_moving,wz_other,wz_shlder_mdn,vehicle_count,automobile_count,motorcycle_count,bus_count,small_truck_count,heavy_truck_count,suv_count,van_count,bicycle_count,maj_inj_count,mod_inj_count,min_inj_count,tot_inj_count,unk_inj_deg_count,unk_inj_per_count,driver_count_16yr,driver_count_17yr,driver_count_18yr,driver_count_19yr,driver_count_20yr,driver_count_50_64yr,driver_count_65_74yr,driver_count_75plus,unbelted_occ_count,unb_death_count,unb_maj_inj_count,belted_death_count,belted_maj_inj_count,mcycle_death_count,mcycle_maj_inj_count,bicycle_death_count,bicycle_maj_inj_count,ped_count,ped_death_count,ped_maj_inj_count,max_severity_level,comm_veh_count,dec_lat,dec_long,rdwy_surf_type_cd,county_name
46523,531047,2013011213,6,67,67301,2013,1,1,1852,18,3,1,0,1,1, , ,N,0,0,0,3,0,0,3,2,N,N,40 00:28.183,75 12:07.272,1900, ,1855, ,0, ,N, ,0, , , , , , , , , ,2,2,0,0,0,0,0,0,0,0,0,0,0,0,0,0,0,0,0,0,1,0,0,0,0,0,0,0,0,0,0,0,0,0,0,0,0,40.0078,-75.202, , 
46524,531071,2013035239,6,67,67301,2013,2,2,1248,12,1,1,0,5,1, , ,N,1,2,0,3,0,0,2,2,N,N,40 00:13.178,75 10:08.095,1300, ,1248, ,0, ,N, ,3, , , , , , , , , ,2,1,0,0,0,1,0,0,0,0,0,0,0,0,1,0,0,0,0,0,1,0,0,0,0,0,0,0,0,0,0,0,0,0,0,9,1,40.0037,-75.1689, , 
46525,531072,2013035395,6,67,67301,2013,3,6,1106,11,1,1,0,1,1, , ,N,0,0,3,3,0,0,3,3,N,N,39 56:40.456,75 11:29.051,1117, ,1117,1,1,3,N, ,0,Y, , , , , , , , ,3,3,0,0,0,0,0,0,0,0,0,0,0,0,0,0,0,0,1,0,0,0,0,0,0,0,0,0,0,0,0,0,0,0,0,0,0,39.9436,-75.1924, , 
46526,531086,2013053016,6,67,67301,2013,4,2,1830,18,1,1,0,1,1, , ,N,0,0,0,3,0,1,2,2,N,N,39 57:16.940,75 11:41.025,1842, ,1838, ,0, ,N, ,0, , , , , , , , , ,1,1,0,0,0,0,0,0,1,0,0,1,1,0,0,0,0,0,0,0,0,0,0,0,0,0,0,0,0,0,0,0,0,0,0,4,0,39.9547,-75.1947, , 
46527,534658,2013053043,6,67,67301,2013,4,3,9,0,3,1,0,1,1, , ,N,0,0,0,3,0,1,2,2,N,N,40 02:17.581,75 13:22.390,15, ,9, ,0, ,N, ,0, , , , , , , , , ,2,2,0,0,0,0,0,0,0,0,0,0,1,1,1,0,0,0,0,0,0,0,0,0,0,0,0,0,0,0,0,0,0,0,0,8,0,40.0382,-75.2229, , 
46528,534669,2013016278,6,67,67301,2013,1,3,1136,11,1,1,0,4,1, , ,N,1,2,0,3,0,0,2,2,N, ,40 01:24.687,75 08:00.078,1139, ,1138, ,0, , , ,3, , , , , , , , , ,2,0,0,0,0,0,2,0,0,0,0,0,0,0,0,0,0,0,0,0,1,0,0,0,0,0,0,0,0,0,0,0,0,0,0,0,0,40.0235,-75.1334, , 
46529,534681,2013032494,6,67,67301,2013,2,7,2245,22,3,1,0,7,3, , ,N,2,2,0,3,0,0,2,1,N,N,40 02:46.084,75 13:04.094,2310, ,2305, ,0, ,N, ,3, , , , , , , , , ,1,0,0,0,1,0,0,0,0,0,0,0,0,0,0,0,0,0,0,0,0,0,0,0,0,0,0,0,0,0,0,0,0,0,0,0,0,40.0461,-75.2178, , 
46530,534694,2013041371,6,67,67301,2013,2,6,2108,21,3,2,1,4,1, , ,N,1,2,0,3,0,4,6,5,N,N,39 57:04.866,75 11:56.817,2110, ,2108,3,2,2,N, ,3,Y, , , , , , , , ,2,1,0,0,1,0,0,0,0,0,0,1,4,3,0,0,0,0,0,0,1,0,0,1,0,0,0,0,0,0,0,0,3,0,0,4,0,39.9514,-75.1991, , 
46531,534712,2013016270,6,67,67301,2013,1,6,1807,18,3,2,1,8,1, , ,N,1,0,0,3,0,1,2,2,N, ,40 03:19.147,75 04:24.059,1822, ,1815, ,0, , , ,0, , , , , , , , , ,1,0,0,0,0,0,1,0,0,0,0,1,1,0,0,0,0,0,0,0,0,0,0,0,0,0,0,0,0,0,0,0,1,0,0,4,0,40.0553,-75.0733, , 
46532,534717,2013022320,6,67,67301,2013,1,2,1150,11,1,2,1,4,1, , ,N,1,3,0,3,0,2,3,2,N,N,40 01:08.120,75 02:58.216,1225, ,1221, ,0, ,N, ,3, , , , , , , , , ,2,0,0,0,0,0,1,1,0,0,0,2,2,0,0,0,0,0,0,0,0,0,0,2,0,0,0,0,0,0,0,0,0,0,0,4,0,40.0189,-75.0495, , 
46533,534727,2013029678,6,67,67301,2013,1,3,640,6,1,1,0,8,1, , ,N,1,3,1,3,0,1,2,2,Y, ,40 01:15.553,75 09:50.223,700, ,654,9,2,5, , ,3,N, , , , , , , , ,1,1,0,0,0,0,0,0,0,0,0,1,1,0,0,0,0,0,0,0,0,0,0,0,0,0,0,0,0,0,0,0,1,0,0,4,0,40.021,-75.164, , 
46534,534729,2013031726,6,67,67301,2013,3,3,823,8,1,2,1,1,1, , ,N,0,0,0,3,0,6,7,5,N,N,40 01:08.916,75 02:46.124,835, ,827,2,1,2,N, ,0,N, , , , , , , , ,5,4,0,0,0,0,1,0,0,0,0,6,6,0,0,0,0,0,0,0,0,0,0,0,0,0,0,0,0,0,0,0,0,0,0,4,0,40.0192,-75.0461, , 
46535,534742,2013046344,6,67,67301,2013,4,1,1024,10,1,1,0,6,1, , ,N,2,2,0,3,0,1,4,2,N, ,39 59:20.032,75 09:49.801,1038, ,1033, ,0, , , ,3, , , , , , , , , ,2,1,0,0,1,0,0,0,0,0,0,1,1,0,0,0,0,0,0,0,0,0,0,0,0,0,0,0,0,0,0,0,0,0,0,4,0,39.9889,-75.1638, , 
46536,534763,2013010608,6,67,67301,2013,1,4,1128,11,1,1,0,1,1, , ,N,0,0,0,3,0,0,2,2,N,N,40 00:33.091,75 12:16.979,1140, ,1130, ,0, ,N, ,0, , , , , , , , , ,2,2,0,0,0,0,0,0,0,0,0,0,0,0,0,0,0,0,0,0,0,1,0,0,0,0,0,0,0,0,0,0,0,0,0,0,0,40.0092,-75.2047, , 
46537,534797,2013047232,6,67,67301,2013,4,3,1700,17,1,1,0,1,7, , ,N,2,2,2,3,0,1,4,2,N,N,39 56:19.213,75 08:31.586,1900, ,1850, ,0, ,N, ,3, , , , , , , , , ,2,1,0,0,0,1,0,0,0,0,0,0,1,1,0,0,0,0,0,0,0,0,0,0,0,0,0,0,0,0,0,0,0,0,0,8,1,39.9386,-75.1421, , 
46538,534801,2013050248,6,67,67301,2013,4,4,643,6,1,1,0,4,1, , ,N,1,2,0,3,0,0,4,2,N,N,40 00:57.319,75 07:46.466,731, ,730, ,0, ,N, ,3, , , , , , , , , ,2,2,0,0,0,0,0,0,0,0,0,0,0,0,3,0,0,0,0,0,0,0,0,3,0,0,0,0,0,0,0,0,0,0,0,9,0,40.0159,-75.1296, , 
46539,534813,2013016229,6,67,67301,2013,1,6,843,8,1,1,0,4,1, , ,N,1,2,0,3,0,1,2,2,N,N,40 02:11.789,75 03:52.061,844, ,844,2,1,2,N, ,3,N, , , , , , , , ,2,2,0,0,0,0,0,0,0,0,0,0,1,1,0,0,0,0,0,0,0,1,0,0,0,0,0,0,0,0,0,0,0,0,0,8,0,40.0366,-75.0645, , 
46540,534815,2013019420,6,67,67301,2013,2,2,1829,18,3,1,1,1,1, , ,N,0,0,0,3,0,0,3,3,N,N,40 00:28.094,75 12:04.299,1836, ,1829,1,2,4,N, ,0,N, , , , , , , , ,3,3,0,0,0,0,0,0,0,0,0,0,0,0,0,0,0,0,0,0,0,0,0,0,0,0,0,0,0,0,0,0,0,0,0,0,0,40.0078,-75.2012, , 
46541,534837,2013035041,6,67,67301,2013,3,1,1007,10,1,1,0,4,1, , ,N,2,3,0,3,0,1,2,2,N,N,39 56:59.866,75 09:46.799,1012, ,1010, ,0, ,N, ,3, , , , , , , , , ,2,2,0,0,0,0,0,0,0,0,0,0,1,1,1,0,0,0,0,0,1,0,0,0,0,0,0,0,0,0,0,0,0,0,0,8,0,39.95,-75.163, , 
46542,534838,2013035618,6,67,67301,2013,3,3,1610,16,1,2,1,4,1, , ,N,1,2,0,3,0,0,3,2,N, ,39 58:20.238,75 09:57.031,1645, ,1643, ,0, , , ,3, , , , , , , , , ,2,1,0,0,0,0,1,0,0,0,0,0,0,0,0,0,0,0,0,0,2,0,0,0,0,0,0,0,0,0,0,0,0,0,0,0,0,39.9723,-75.1658, , 
46543,534844,2013043443,6,67,67301,2013,3,5,605,6,3,4,1,4,1, , ,N,1,3,0,3,0,1,2,2,N,N,40 03:08.474,75 07:54.656,610, ,608, ,0, ,N, ,3, , , , , , , , , ,2,2,0,0,0,0,0,0,0,0,0,0,1,1,0,0,0,0,0,1,0,0,0,0,0,0,0,0,0,0,0,0,0,0,0,8,0,40.0524,-75.1318, , 
46544,534846,2013045360,6,67,67301,2013,3,5,1320,13,1,1,0,4,2, , ,N,0,0,7,3,0,1,2,2,N,N,39 55:04.395,75 10:48.604,1335, ,1330,1,1,3,N, ,0,N, , , , , , , , ,2,0,0,0,0,0,2,0,0,0,0,0,1,1,0,0,0,0,0,0,0,0,1,0,0,0,0,0,0,0,0,0,0,0,0,8,0,39.9179,-75.1802, , 
46545,541201,2013051116,6,67,67301,2013,4,2,1139,11,1,1,0,8,4, , ,N,2,0,0,3,0,1,2,2,N,N,39 57:27.327,75 11:20.752,1146, ,1141, ,0, ,N, ,0, , , , , , , , , ,1,1,0,0,0,0,0,0,0,0,0,1,1,0,0,0,0,0,0,0,0,0,1,0,0,0,0,0,0,0,0,0,1,0,0,4,0,39.9576,-75.1891, , 
46546,541203,2013055557,6,67,67301,2013,5,4,1705,17,1,1,0,4,1, , ,N,2,2,0,3,0,1,3,2,N,N,39 55:00.970,75 12:57.138,1725, ,1719,1,1,4,N, ,3,Y, , , , , , , , ,2,1,0,0,0,0,0,1,0,0,0,0,1,1,0,0,0,0,0,0,0,0,1,0,0,0,0,0,0,0,0,0,0,0,0,8,0,39.9169,-75.2159, , 
46547,541220,2013005323,6,67,67301,2013,1,5,727,7,1,1,0,1,1, , ,N,0,0,0,3,0,0,2,2,N,N,39 57:57.120,75 08:12.293,737, ,730,2,1,2,N, ,0,N, , , , , , , , ,2,0,0,0,1,0,1,0,0,0,0,0,0,0,0,0,0,0,0,0,0,0,0,0,0,0,0,0,0,0,0,0,0,0,0,0,0,39.9659,-75.1367, , 
46548,541278,2013025011,6,67,67301,2013,1,7,1530,15,1,1,0,1,1, , ,N,1,2,0,3,0,0,3,3,N,N,39 56:21.084,75 11:35.786,1538, ,1530, ,0, ,N, ,3, , , , , , , , , ,3,2,0,0,1,0,0,0,0,0,0,0,0,0,0,0,0,0,0,0,2,0,0,1,0,0,0,0,0,0,0,0,0,0,0,0,0,39.9392,-75.1933, , 
46549,541283,2013029744,6,67,67301,2013,2,3,1025,10,1,1,0,7,5, , ,N,0,0,0,3,0,0,1,1,N,N,40 01:24.916,75 12:18.817,1042, ,1032, ,0, ,N, ,0, , , , , , , , , ,1,0,0,0,0,0,1,0,0,0,0,0,0,0,0,0,0,0,0,0,1,0,0,0,0,0,0,0,0,0,0,0,0,0,0,0,0,40.0236,-75.2052, , 
46550,541308,2013053928,6,67,67301,2013,5,3,1735,17,1,1,0,1,1, , ,N,0,0,0,3,0,0,2,2,N,N,39 57:27.588,75 09:37.023,1749, ,1738, ,0, ,N, ,0, , , , , , , , , ,2,0,0,0,0,0,2,0,0,0,0,0,0,0,0,0,0,0,0,0,1,0,0,0,0,0,0,0,0,0,0,0,0,0,0,0,0,39.9577,-75.1603, , 
46551,541310,2013055861,6,67,67301,2013,5,7,812,8,1,1,0,4,2, , ,N,0,0,0,3,0,1,1,3,N,N,39 57:27.235,75 12:18.322,821, ,821, ,0, ,N, ,0, , , , , , , , , ,3,3,0,0,0,0,0,0,0,0,0,1,1,0,0,0,0,0,0,0,0,0,0,0,0,0,0,0,0,0,0,0,0,0,0,4,0,39.9576,-75.2051, , 
46552,541318,2013013202,6,67,67301,2013,1,4,1605,16,1,1,0,1,1, , ,N,1,0,0,3,0,1,2,2,N,N,40 03:06.785,75 03:01.974,1620, ,1612,1,1,1,N, ,0,N, , , , , , , , ,2,2,0,0,0,0,0,0,0,0,0,1,1,0,0,0,0,0,0,0,0,0,0,0,0,0,0,0,0,0,0,0,0,0,0,4,0,40.0519,-75.0505, , 
46553,541330,2013022207,6,67,67301,2013,1,5,1145,11,1,1,0,4,1, , ,N,1,2,0,3,0,1,2,2,N,N,40 04:51.077,75 01:43.585,1150, ,1148,1,1,2,N, ,3,N, , , , , , , , ,2,1,0,0,1,0,0,0,0,0,0,1,1,0,0,0,0,0,0,0,1,1,0,0,0,0,0,0,0,0,0,0,0,0,0,4,0,40.0809,-75.0288, , 
46554,541335,2013024997,6,67,67301,2013,1,4,1200,12,1,8,1,1,1, , ,N,1,2,0,3,0,1,2,2,N, ,39 56:08.275,75 13:33.130,1220, ,1211,1,1,3, , ,3,N, , , , , , , , ,2,2,0,0,0,0,0,0,0,0,0,1,1,0,1,0,0,1,0,0,0,1,0,0,0,0,0,0,0,0,0,0,0,0,0,4,0,39.9356,-75.2259, , 
46555,541349,2013050335,6,67,67301,2013,4,5,2039,20,3,1,0,7,2, , ,N,0,0,0,3,0,0,1,2,N,N,39 54:11.235,75 14:23.993,2047, ,2039, ,0, ,N, ,0, , , , , , , , , ,1,1,0,0,0,0,0,0,0,0,0,0,0,0,0,0,0,0,0,0,1,0,0,0,0,0,0,0,0,0,0,0,0,0,0,0,0,39.9032,-75.2399, , 
46556,541352,2013055460,6,67,67301,2013,5,3,1823,18,1,1,0,8,1, , ,N,1,2,0,3,0,1,2,2,N, ,39 56:12.483,75 13:47.092,1823, ,1823,3,2,2, , ,3,Y, , , , , , , , ,1,1,0,0,0,0,0,0,0,0,0,1,1,0,0,0,0,0,0,0,0,0,0,0,0,0,0,0,0,0,0,0,1,0,0,4,0,39.9368,-75.2297, , 
46557,541398,2013032524,6,67,67301,2013,2,3,802,8,1,1,0,1,1, , ,N,0,0,0,3,0,0,3,2,N,N,40 05:52.508,74 58:43.788,810, ,805, ,0, ,N, ,0, , , , , , , , , ,2,2,0,0,0,0,0,0,0,0,0,0,0,0,0,0,0,0,0,0,0,0,0,0,0,0,0,0,0,0,0,0,0,0,0,0,0,40.0979,-74.9788, , 
46558,541420,2013055587,6,67,67301,2013,5,4,837,8,1,2,1,8,1, , ,N,1,2,0,3,0,1,2,2,N,N,40 03:25.671,75 02:04.150,844, ,839, ,0, ,N, ,3, , , , , , , , , ,1,1,0,0,0,0,0,0,0,0,0,1,1,0,0,0,0,0,0,0,0,0,0,0,0,0,0,0,0,0,0,0,1,0,0,4,0,40.0571,-75.0345, , 
46559,541452,2013086671,6,67,67301,2013,7,2,33,0,3,2,1,1,6, , ,N,0,2,0,3,0,1,2,4,N,N,39 57:22.276,75 12:24.151,34, ,33,3,1,7,N, ,3,N, , , , , , , , ,4,4,0,0,0,0,0,0,0,0,0,0,1,1,0,0,0,0,0,0,1,0,0,0,0,0,0,0,0,0,0,0,0,0,0,8,0,39.9562,-75.2067, , 
46560,541453,2013086686,6,67,67301,2013,6,4,1341,13,1,1,0,4,1, , ,N,1,2,0,3,0,2,4,2,N,N,39 57:23.632,75 12:35.044,1354, ,1343,3,2,2,N, ,3,Y, , , , , , , , ,2,1,0,1,0,0,0,0,0,0,1,0,2,1,0,0,0,0,0,0,0,0,0,1,0,0,0,0,0,0,0,0,0,0,0,3,1,39.9566,-75.2098, , 
46561,541480,2013035092,6,67,67301,2013,2,4,1613,16,1,1,0,8,1, , ,N,1,2,0,3,0,1,2,2,N,N,39 55:35.601,75 10:01.358,1640, ,1631, ,0, , , ,3, , , , , , , , , ,1,0,0,0,0,0,1,0,0,0,1,0,1,0,0,0,0,0,0,0,1,0,0,0,0,0,0,0,0,0,0,0,1,0,0,3,0,39.9266,-75.167, , 
46562,541499,2013055619,6,67,67301,2013,5,2,1020,10,1,1,0,8,1, , ,N,1,2,0,3,0,1,3,2,N,N,39 59:53.719,75 07:38.508,1029, ,1025, ,0, ,N, ,3, , , , , , , , , ,1,1,0,0,0,0,0,0,0,0,1,0,1,0,0,0,0,0,0,0,0,0,0,0,0,0,0,0,0,0,0,0,1,0,0,3,0,39.9983,-75.1274, , 
46563,538250,2013032438,6,67,67301,2013,2,4,1530,15,1,9,0,8,1, , ,N,1,3,0,3,0,1,2,2,N,N,39 57:40.298,75 14:27.484,845, ,845, ,0, ,N, ,3, , , , , , , , , ,1,1,0,0,0,0,0,0,0,0,1,0,1,0,0,0,0,0,0,0,0,0,0,0,0,0,0,0,0,0,0,0,1,0,0,3,0,39.9612,-75.241, , 
46564,538255,2013037383,6,67,67301,2013,3,2,150,1,3,1,0,8,1, , ,N,2,0,0,3,0,1,2,2,N,N,39 56:27.981,75 08:42.122,405, ,400, ,0, ,N, ,0, , , , , , , , , ,1,1,0,0,0,0,0,0,0,0,0,1,1,0,0,0,0,0,0,0,0,0,0,0,0,0,0,0,0,0,0,0,1,0,0,4,0,39.9411,-75.145, , 
46565,538256,2013037406,6,67,67301,2013,3,7,9999,99,1,1,0,1,1, , ,N,2,2,0,3,0,1,2,2,N,N,40 01:32.390,75 07:30.507,835, ,825,2,1,2,N, ,3,N, , , , , , , , ,2,1,0,0,0,0,1,0,0,0,0,0,1,1,1,0,0,0,0,0,0,0,0,0,0,0,0,0,0,0,0,0,0,0,0,8,0,40.0257,-75.1251, , 
46566,538298,2013031719,6,67,67301,2013,3,5,1414,14,1,1,0,5,1,1,4,Y,0,0,0,3,0,0,3,2,N,N,39 58:04.001,75 07:51.535,1420,45,1415,2,1,1,N, ,0,N,Y,N,N,N,N,N,N,Y,2,1,0,0,0,0,0,1,0,0,0,0,0,0,0,0,0,0,0,0,0,0,0,0,0,0,0,0,0,0,0,0,0,0,0,0,0,39.9677,-75.1311, , 
46567,538321,2013065566,6,67,67301,2013,5,3,1907,19,1,2,1,4,1, , ,N,1,2,0,3,0,0,3,2,N,N,40 02:36.261,75 11:28.345,1915, ,1910, ,0, , , ,3, , , , , , , , , ,2,2,0,0,0,0,0,0,0,0,0,0,0,0,0,0,0,0,0,0,0,1,0,2,0,0,0,0,0,0,0,0,0,0,0,0,0,40.0434,-75.1912, , 
46568,538322,2013067347,6,67,67301,2013,4,6,9999,99,3,1,0,1,1, , ,N,1,2,0,3,0,1,2,2,N,N,40 00:19.420,75 06:33.689,0, ,0, ,0, ,N, ,3, , , , , , , , , ,2,2,0,0,0,0,0,0,0,0,1,0,1,0,1,0,0,0,0,0,1,0,0,0,0,0,0,0,0,0,0,0,0,0,0,3,0,40.0054,-75.1094, , 
46569,538332,2013012051,6,67,67301,2013,1,2,1900,19,3,1,0,8,2, , ,N,0,0,0,3,0,1,2,2,N,N,39 59:43.569,75 06:19.840,2337, ,2337, ,0, ,N, ,0, , , , , , , , , ,1,0,0,0,1,0,0,0,0,0,1,0,1,0,1,0,0,0,0,0,1,0,0,0,0,0,0,0,0,0,0,0,1,0,0,3,0,39.9954,-75.1055, , 
46570,538379,2013011985,6,67,67301,2013,1,6,1730,17,3,1,0,4,1, , ,N,2,3,0,3,0,0,2,2,N,N,39 57:15.535,75 08:23.018,1816, ,1814, ,0, ,N, ,3, , , , , , , , , ,2,1,0,0,0,0,1,0,0,0,0,0,0,0,0,0,0,0,0,0,0,0,0,0,0,0,0,0,0,0,0,0,0,0,0,0,0,39.9543,-75.1395, , 
46571,538392,2013022193,6,67,67301,2013,1,7,9999,99,3,1,0,1,1, , ,N,1,2,0,3,0,3,4,2,N, ,39 53:32.915,75 13:21.046,1130, ,1120,3,2,2, , ,3,Y, , , , , , , , ,2,0,0,0,0,0,2,0,0,0,3,0,3,0,1,0,0,0,0,0,0,0,0,0,0,0,0,0,0,0,0,0,0,0,0,3,0,39.8925,-75.2225, , 
46572,538400,2013030175,6,67,67301,2013,2,1,153,1,3,4,1,7,2, , ,N,0,0,0,3,0,1,2,1,N,N,39 53:10.732,75 12:25.683,208, ,155,1,1,2,N, ,0,N, , , , , , , , ,1,1,0,0,0,0,0,0,0,0,0,0,1,1,0,0,0,0,0,0,0,0,0,0,0,0,0,0,0,0,0,0,0,0,0,8,0,39.8863,-75.2071, , 
46573,538404,2013035158,6,67,67301,2013,3,6,1515,15,1,1,1,1,1, , ,N,1,2,0,3,0,1,4,2,N,N,40 04:28.071,75 02:05.821,1535, ,1523,1,1,2,N, ,3,N, , , , , , , , ,2,2,0,0,0,0,0,0,0,0,0,1,1,0,0,0,0,0,1,0,0,0,0,0,0,0,0,0,0,0,0,0,0,0,0,4,0,40.0745,-75.035, , 
46574,538424,2013009125,6,67,67301,2013,1,5,2117,21,3,1,0,1,1, , ,N,6,0,2,3,0,0,3,3,N,N,39 57:34.053,75 10:50.657,2139, ,2118,1,1,4,N, ,0,N, , , , , , , , ,3,3,0,0,0,0,0,0,0,0,0,0,0,0,0,0,0,0,0,0,1,0,0,0,0,0,0,0,0,0,0,0,0,0,0,0,0,39.9595,-75.1807, , 
46575,538438,2013024972,6,67,67301,2013,2,2,745,7,1,1,1,5,1, , ,N,0,0,0,3,0,0,3,3,N,N,40 01:48.464,75 02:06.579,750, ,748, ,0, , , ,0, , , , , , , , , ,3,2,0,0,1,0,0,0,0,0,0,0,0,0,0,0,0,0,0,0,0,0,0,0,0,0,0,0,0,0,0,0,0,0,0,0,0,40.0301,-75.0352, , 
46576,538439,2013025345,6,67,67301,2013,2,2,1430,14,1,1,0,4,1, , ,N,0,0,7,3,0,0,3,2,N,N,40 00:03.670,75 13:34.720,1435, ,1430, ,0, ,N, ,0, , , , , , , , , ,2,1,0,0,0,0,1,0,0,0,0,0,0,0,0,0,0,1,0,0,0,0,0,0,0,0,0,0,0,0,0,0,0,0,0,0,0,40.001,-75.2263, , 
46577,538441,2013032472,6,67,67301,2013,2,2,1610,16,1,1,0,8,1, , ,N,0,0,0,3,0,1,2,2,N, ,40 01:17.296,75 04:29.773,1635, ,1620,1,1,3, , ,0,N, , , , , , , , ,1,0,0,1,0,0,0,0,0,0,0,1,1,0,0,0,0,0,0,0,0,0,0,0,0,0,0,0,0,0,0,0,1,0,0,4,1,40.0215,-75.0749, , 
46578,538447,2013035066,6,67,67301,2013,2,4,800,8,1,2,1,8,1, , ,N,1,2,0,3,0,1,2,2,N,N,40 02:44.262,75 07:42.522,1120, ,1115, ,0, ,N, ,3, , , , , , , , , ,1,0,0,0,1,0,0,0,0,0,0,1,1,0,0,0,0,0,0,0,0,0,0,0,0,0,0,0,0,0,0,0,1,0,0,4,0,40.0456,-75.1285, , 
46579,538463,2013054639,6,67,67301,2013,4,4,1332,13,1,1,0,7,5, , ,N,0,0,0,3,0,0,1,1,N,N,39 57:28.760,75 14:24.216,1335, ,1333, ,0, ,N, ,0, , , , , , , , , ,1,1,0,0,0,0,0,0,0,0,0,0,0,0,0,0,0,0,0,0,1,0,0,1,0,0,0,0,0,0,0,0,0,0,0,0,0,39.958,-75.2401, , 
46580,538465,2013055454,6,67,67301,2013,5,1,2113,21,3,1,0,4,1, , ,N,1,2,0,3,0,1,2,2,N,N,39 54:07.750,75 14:49.138,2118, ,2114,3,1,4,N, ,3,N, , , , , , , , ,2,1,0,0,1,0,0,0,0,0,0,0,1,1,0,0,0,0,0,0,1,0,0,0,0,0,0,0,0,0,0,0,0,0,0,8,0,39.9022,-75.247, , 
46581,531108,2013016205,6,67,67301,2013,1,7,9999,99,3,1,0,4,1, , ,N,1,3,0,3,0,3,4,2,N,N,39 59:47.554,75 09:00.521,2202, ,2158, ,0, ,N, ,3, , , , , , , , , ,2,2,0,0,0,0,0,0,0,0,0,3,3,0,0,0,0,0,0,0,0,0,0,0,0,0,0,0,0,0,0,0,0,0,0,4,0,39.9965,-75.1501, , 
46582,531130,2013035101,6,67,67301,2013,2,6,1907,19,2,1,0,8,1, , ,N,0,0,0,3,0,1,2,2,N,N,40 00:15.753,75 07:40.843,1910, ,1907, ,0, ,N, ,0, , , , , , , , , ,1,0,0,0,0,0,1,0,0,0,0,1,1,0,0,0,0,0,0,0,1,0,0,0,0,0,0,0,0,0,0,0,1,0,0,4,0,40.0044,-75.128, , 
46583,531131,2013037469,6,67,67301,2013,3,4,1043,10,1,1,0,7,5, , ,N,0,0,0,3,0,2,2,1,N,N,40 01:00.960,75 04:18.585,1110, ,1107,2,2,1,N, ,0,N, , , , , , , , ,1,0,0,0,0,0,1,0,0,0,2,0,2,0,0,0,0,0,0,0,1,0,0,0,0,0,0,0,0,0,0,0,0,0,0,3,0,40.0169,-75.0718, , 
46584,531135,2013043782,6,67,67301,2013,3,3,2248,22,3,1,0,8,1, , ,N,0,0,0,3,0,1,2,2,N, ,39 55:28.228,75 14:09.432,2254, ,2251, ,0, , , ,0, , , , , , , , , ,1,0,0,0,0,0,0,0,0,0,0,1,1,0,0,0,0,0,0,0,0,0,0,0,0,0,0,0,0,0,0,0,1,0,0,4,0,39.9245,-75.236, , 
46585,531139,2013005332,6,67,67301,2013,1,6,2252,22,3,2,1,1,1,2,4,Y,0,3,0,3,0,0,2,2,N,N,40 02:38.753,75 00:10.042,2252,55,2252, ,0, ,N, ,3, ,Y,N,N,Y,Y,N,N,N,2,2,0,0,0,0,0,0,0,0,0,0,0,0,0,0,1,0,0,0,0,0,0,0,0,0,0,0,0,0,0,0,0,0,0,0,0,40.0441,-75.0028, , 
46586,531159,2013029769,6,67,67301,2013,2,2,1831,18,3,2,1,8,1, , ,N,1,3,0,3,0,1,2,2,N,N,40 00:38.700,75 04:52.931,1930, ,1930, ,0, ,N, ,3, , , , , , , , , ,1,1,0,0,0,0,0,0,0,0,0,1,1,0,0,0,0,0,0,0,0,0,0,0,0,0,0,0,0,0,0,0,1,0,0,4,0,40.0108,-75.0814, , 
46587,531200,2013022784,6,67,67301,2013,2,2,2030,20,3,1,0,7,3, , ,N,0,0,0,3,0,0,2,1,N,N,39 58:57.064,75 12:28.339,2045, ,2036,2,2,3,N, ,0,N, , , , , , , , ,1,1,0,0,0,0,0,0,0,0,0,0,0,0,0,0,1,0,0,0,0,0,0,0,0,0,0,0,0,0,0,0,0,0,0,0,0,39.9825,-75.2079, , 
46588,531234,2013046363,6,67,67301,2013,4,1,715,7,1,1,0,7,5, , ,N,0,0,0,3,0,1,3,1,N,N,39 57:44.417,75 12:30.437,720, ,718, ,0, ,N, ,0, , , , , , , , , ,1,1,0,0,0,0,0,0,0,0,0,1,1,0,0,0,0,0,0,0,0,0,0,0,0,0,0,0,0,0,0,0,0,0,0,4,0,39.9623,-75.2085, , 
46589,531282,2013051128,6,67,67301,2013,4,1,632,6,1,1,0,4,2, , ,N,0,0,0,3,0,1,1,4,N,N,40 02:55.024,75 09:06.422,638, ,634,2,1,4,N, ,0,Y, , , , , , , , ,4,2,0,0,1,0,1,0,0,0,0,0,1,1,0,0,0,0,0,0,0,0,0,0,0,0,0,0,0,0,0,0,0,0,0,8,0,40.0486,-75.1518, , 