objectid_1,objectid,crn,district,county,municipality,crash_year,crash_month,day_of_week,time_of_day,hour_of_day,illumination,weather,road_condition,collision_type,relation_to_road,work_zone_type,work_zone_loc,work_zone_ind,intersect_type,tcd_type,location_type,urban_rural,fatal_count,injury_count,person_count,total_units,sch_bus_ind,sch_zone_ind,latitude,longitude,arrival_tm,cons_zone_spd_lim,dispatch_tm,est_hrs_closed,lane_closed,ln_close_dir,ntfy_hiwy_maint,spec_juris_cd,tcd_func_cd,tfc_detour_ind,workers_pres,wz_close_detour,wz_flagger,wz_law_offcr_ind,wz_ln_closure,wz_moving,wz_other,wz_shlder_mdn,vehicle_count,automobile_count,motorcycle_count,bus_count,small_truck_count,heavy_truck_count,suv_count,van_count,bicycle_count,maj_inj_count,mod_inj_count,min_inj_count,tot_inj_count,unk_inj_deg_count,unk_inj_per_count,driver_count_16yr,driver_count_17yr,driver_count_18yr,driver_count_19yr,driver_count_20yr,driver_count_50_64yr,driver_count_65_74yr,driver_count_75plus,unbelted_occ_count,unb_death_count,unb_maj_inj_count,belted_death_count,belted_maj_inj_count,mcycle_death_count,mcycle_maj_inj_count,bicycle_death_count,bicycle_maj_inj_count,ped_count,ped_death_count,ped_maj_inj_count,max_severity_level,comm_veh_count,dec_lat,dec_long,rdwy_surf_type_cd,county_name
46657,531504,2013041318,6,67,67301,2013,3,6,928,9,1,1,0,4,1, , ,N,1,2,0,3,0,2,2,2,N,N,40 02:44.262,75 07:42.522,935, ,930,2,1,4,N, ,3,Y, , , , , , , , ,2,1,0,0,0,0,0,1,0,0,0,2,2,0,0,0,0,0,0,0,0,0,0,0,0,0,0,0,0,0,0,0,0,0,0,4,0,40.0456,-75.1285, , 
46658,531514,2013047202,6,67,67301,2013,4,2,843,8,1,1,0,4,1, , ,N,0,0,0,3,0,1,5,2,N, ,40 03:36.406,75 02:02.112,850, ,845, ,0, , , ,0, , , , , , , , , ,2,1,0,0,0,0,1,0,0,0,0,0,1,1,0,0,0,0,0,0,1,0,0,0,0,0,0,0,0,0,0,0,0,0,0,8,0,40.0601,-75.0339, , 
46659,531536,2013016169,6,67,67301,2013,1,4,1158,11,1,1,0,5,1, , ,N,1,2,0,3,0,0,4,3,N,N,39 54:57.135,75 13:59.847,1204, ,1158, ,0, ,N, ,3, , , , , , , , , ,3,1,0,0,2,0,0,0,0,0,0,0,0,0,0,0,0,0,0,0,1,0,0,0,0,0,0,0,0,0,0,0,0,0,0,0,0,39.9159,-75.2333, , 
46660,531542,2013022211,6,67,67301,2013,1,5,9999,99,6,9,8,1,6, , ,N,0,0,0,3,0,0,1,2,N, ,40 04:52.989,75 10:26.616,1415, ,9999, ,0, ,N, ,0, , , , , , , , , ,2,1,0,0,0,0,0,0,0,0,0,0,0,0,1,0,0,0,0,0,0,0,0,0,0,0,0,0,0,0,0,0,0,0,0,9,0,40.0814,-75.1741, , 
46661,531560,2013043765,6,67,67301,2013,3,1,2044,20,3,2,1,1,1, , ,N,0,0,0,3,0,1,3,2,N,N,39 59:16.026,75 10:48.594,2046, ,2046, ,0, ,N, ,0, , , , , , , , , ,2,2,0,0,0,0,0,0,0,0,1,0,1,0,1,0,0,0,0,0,1,0,0,0,0,0,0,0,0,0,0,0,0,0,0,3,0,39.9878,-75.1802, , 
46662,531563,2013046327,6,67,67301,2013,4,5,315,3,3,1,0,4,1, , ,N,0,0,0,3,0,1,2,2,N,N,39 56:17.019,75 10:56.751,336, ,334,9,1,2,N, ,0,N, , , , , , , , ,1,1,0,0,0,0,0,0,1,0,0,1,1,0,0,0,0,0,0,0,0,0,0,0,0,0,0,0,0,0,0,0,0,0,0,4,0,39.9381,-75.1824, , 
46663,531564,2013047342,6,67,67301,2013,4,7,1425,14,1,1,0,8,1, , ,N,0,0,0,3,0,1,2,2,N, ,39 55:08.752,75 13:52.910,1431, ,1429, ,0, , , ,0, , , , , , , , , ,1,1,0,0,0,0,0,0,0,0,0,1,1,0,0,0,0,0,0,0,0,0,0,1,0,0,0,0,0,0,0,0,1,0,0,4,0,39.9191,-75.2314, , 
46664,531589,2013024566,6,67,67301,2013,2,2,735,7,1,1,0,1,1, , ,N,0,0,0,3,0,2,4,2,N,N,40 02:39.211,75 00:09.824,752, ,739, ,0, ,N, ,0, , , , , , , , , ,2,1,0,0,0,0,0,1,0,0,0,2,2,0,0,0,0,0,0,0,0,0,0,0,0,0,0,0,0,0,0,0,0,0,0,4,0,40.0442,-75.0027, , 
46665,531610,2013052137,6,67,67301,2013,5,1,546,5,3,2,1,4,1, , ,N,0,0,0,3,0,0,2,2,N,N,39 58:31.530,75 11:41.168,616, ,610, ,0, ,N, ,0, , , , , , , , , ,2,2,0,0,0,0,0,0,0,0,0,0,0,0,0,0,0,0,0,0,0,0,0,0,0,0,0,0,0,0,0,0,0,0,0,0,0,39.9754,-75.1948, , 
46666,531615,2013055547,6,67,67301,2013,5,1,1719,17,1,1,0,4,1, , ,N,1,2,0,3,0,2,5,2,N,N,39 57:10.335,75 12:43.862,1722, ,1720, ,0, , , ,3, , , , , , , , , ,2,2,0,0,0,0,0,0,0,0,0,2,2,0,0,0,0,0,0,0,0,0,0,0,0,0,0,0,0,0,0,0,0,0,0,4,0,39.9529,-75.2122, , 
46667,531616,2013055584,6,67,67301,2013,4,1,1452,14,1,1,0,4,1, , ,N,1,2,0,3,0,3,3,2,N,N,39 57:28.076,75 09:36.864,1454, ,1452,9,2,4,N, ,3,Y, , , , , , , , ,2,2,0,0,0,0,0,0,0,1,0,2,3,0,0,0,0,0,0,0,0,0,0,0,0,0,0,0,0,0,0,0,0,0,0,2,0,39.9578,-75.1602, , 
46668,531645,2013032507,6,67,67301,2013,2,2,800,8,1,2,1,8,1, , ,N,1,2,0,3,0,1,2,2,N,N,39 58:25.604,75 14:43.036,845, ,840, ,0, ,N, ,3, , , , , , , , , ,1,1,0,0,0,0,0,0,0,0,0,0,1,1,0,0,0,0,0,0,0,0,0,0,0,0,0,0,0,0,0,0,1,0,0,8,0,39.9738,-75.2452, , 
46669,531655,2013046350,6,67,67301,2013,3,6,215,2,3,1,0,4,6, , ,N,0,0,0,3,0,0,1,3,N,N,40 01:47.089,75 07:28.574,226, ,221, ,0, ,N, ,0, , , , , , , , , ,3,3,0,0,0,0,0,0,0,0,0,0,0,0,0,0,0,1,0,0,0,0,0,0,0,0,0,0,0,0,0,0,0,0,0,0,0,40.0297,-75.1246, , 
46670,531663,2013055623,6,67,67301,2013,5,5,1845,18,1,1,0,8,1, , ,N,1,3,0,3,0,1,2,2,N,N,39 55:04.119,75 09:29.768,1855, ,1850, ,0, , , ,3, , , , , , , , , ,1,0,0,0,0,0,0,1,1,0,0,1,1,0,0,0,0,0,0,0,0,0,0,0,0,0,0,0,0,0,0,0,0,0,0,4,0,39.9178,-75.1583, , 
46671,531692,2013024901,6,67,67301,2013,2,7,240,2,3,1,0,7,4, , ,N,1,2,0,3,0,2,3,1,N,N,39 57:31.834,75 12:22.607,245, ,243, ,0, ,N, ,3, , , , , , , , , ,1,1,0,0,0,0,0,0,0,0,0,2,2,0,0,0,0,0,0,0,0,0,0,0,0,0,0,0,0,0,0,0,0,0,0,4,0,39.9588,-75.2063, , 
46672,535076,2013035125,6,67,67301,2013,3,6,9999,99,1,4,6,4,6, , ,N,0,0,0,3,0,1,1,2,N,N,40 04:01.459,75 05:18.693,9999, ,854, ,0, ,N, ,0, , , , , , , , , ,2,2,0,0,0,0,0,0,0,0,0,0,1,1,0,0,0,0,0,0,0,0,0,0,0,0,0,0,0,0,0,0,0,0,0,8,0,40.0671,-75.0885, , 
46673,535077,2013035396,6,67,67301,2013,3,4,728,7,1,1,0,1,1,1,4,Y,0,0,0,3,0,1,2,2,N,N,40 01:04.309,75 02:53.804,738,45,730,1,2,1,N, ,0,N,N,N,N,N,Y,N,N,N,2,2,0,0,0,0,0,0,0,0,0,0,1,1,0,0,0,1,0,0,0,0,0,0,0,0,0,0,0,0,0,0,0,0,0,8,0,40.0178,-75.0484, , 
46674,535078,2013035619,6,67,67301,2013,3,1,427,4,3,1,0,5,1, , ,N,0,0,0,3,0,0,1,2,N,N,39 57:02.268,75 13:44.011,428, ,47, ,0, , , ,0, , , , , , , , , ,2,1,0,0,0,0,1,0,0,0,0,0,0,0,0,0,0,0,0,0,0,0,0,0,0,0,0,0,0,0,0,0,0,0,0,0,0,39.9506,-75.2289, , 
46675,535089,2013050307,6,67,67301,2013,4,7,1630,16,1,1,0,4,1, , ,N,1,3,0,3,0,2,3,2,N, ,40 04:43.561,75 10:35.983,1659, ,1649, ,0, , , ,3, , , , , , , , , ,2,1,0,0,0,0,1,0,0,0,0,2,2,0,0,0,0,0,0,0,1,1,0,0,0,0,0,0,0,0,0,0,0,0,0,4,0,40.0788,-75.1767, , 
46676,535117,2013035110,6,67,67301,2013,2,3,2140,21,3,2,1,7,2, , ,N,1,2,0,3,0,1,1,1,N,N,40 00:49.975,75 07:33.617,2148, ,2148, ,0, ,N, ,3, , , , , , , , , ,1,1,0,0,0,0,0,0,0,0,0,1,1,0,0,0,0,0,0,0,0,0,0,0,0,0,0,0,0,0,0,0,0,0,0,4,0,40.0139,-75.126, , 
46677,535127,2013043431,6,67,67301,2013,1,7,1823,18,1,1,0,5,1, , ,N,1,3,0,3,0,0,2,2,N,N,39 58:34.863,75 08:02.432,1830, ,1823, ,0, ,N, ,3, , , , , , , , , ,2,2,0,0,0,0,0,0,0,0,0,0,0,0,0,0,0,0,0,0,1,0,0,0,0,0,0,0,0,0,0,0,0,0,0,0,0,39.9764,-75.134, , 
46678,535128,2013043456,6,67,67301,2013,3,3,713,7,1,1,0,4,1, , ,N,1,3,0,3,0,1,2,2,N, ,39 59:47.554,75 09:00.521,1732, ,718, ,0, , , ,3, , , , , , , , , ,1,1,0,0,0,0,0,0,1,0,0,1,1,0,0,0,0,0,0,0,1,0,0,0,0,0,0,0,0,0,0,0,0,0,0,4,0,39.9965,-75.1501, , 
46679,535129,2013043768,6,67,67301,2013,3,4,2107,21,3,1,0,4,1, , ,N,1,2,0,3,0,0,2,2,N, ,40 03:40.446,75 05:00.751,2125, ,2117, ,0, , , ,3, , , , , , , , , ,2,1,0,0,0,0,1,0,0,0,0,0,0,0,0,0,0,0,0,0,0,0,0,0,0,0,0,0,0,0,0,0,0,0,0,0,0,40.0612,-75.0835, , 
46680,535133,2013046247,6,67,67301,2013,4,1,18,0,3,1,0,7,5, , ,N,0,0,0,3,0,1,1,1,N,N,40 03:27.716,75 08:19.431,48, ,39, ,0, ,N, ,0, , , , , , , , , ,1,1,0,0,0,0,0,0,0,0,0,1,1,0,0,0,0,0,0,0,0,0,0,0,0,0,0,0,0,0,0,0,0,0,0,4,0,40.0577,-75.1387, , 
46681,535154,2013017587,6,67,67301,2013,1,6,1820,18,3,1,0,1,1, , ,N,0,0,0,3,0,2,3,2,N, ,40 03:47.095,75 05:11.463,1840, ,1824, ,0, , , ,0, , , , , , , , , ,2,2,0,0,0,0,0,0,0,0,0,0,2,2,0,0,0,0,0,0,0,0,0,0,0,0,0,0,0,0,0,0,0,0,0,8,0,40.0631,-75.0865, , 
46682,535157,2013022303,6,67,67301,2013,1,4,1930,19,3,1,0,1,1, , ,N,1,2,0,3,0,2,4,4,N,N,40 02:09.477,75 02:33.014,1940, ,1940, ,0, ,N, ,3, , , , , , , , , ,4,2,0,0,0,0,2,0,0,0,0,2,2,0,0,0,0,0,0,0,0,0,0,0,0,0,0,0,0,0,0,0,0,0,0,4,0,40.0359,-75.0424, , 
46683,535169,2013037371,6,67,67301,2013,3,4,1550,15,1,1,0,4,1, , ,N,2,0,0,3,0,2,2,2,N,N,40 00:51.091,75 07:42.974,1615, ,1615, ,0, ,N, ,0, , , , , , , , , ,2,2,0,0,0,0,0,0,0,0,0,2,2,0,0,0,0,1,0,0,1,0,0,0,0,0,0,0,0,0,0,0,0,0,0,4,0,40.0142,-75.1286, , 
46684,535174,2013041281,6,67,67301,2013,3,4,1419,14,1,1,0,1,1, , ,N,1,2,0,3,0,2,3,3,N,N,40 02:25.152,75 00:55.542,1429, ,1427,1,2,5,N, ,3,Y, , , , , , , , ,3,1,0,0,1,0,0,0,0,0,0,1,2,1,1,0,0,0,0,0,1,1,0,0,0,0,0,0,0,0,0,0,0,0,0,4,0,40.0403,-75.0154, , 
46685,535177,2013044351,6,67,67301,2013,4,4,1025,10,8,1,0,1,1, , ,N,0,0,4,3,0,1,3,2,N,N,39 57:03.732,75 10:58.777,1033, ,1025,1,1,4,N, ,0,N, , , , , , , , ,2,1,0,0,0,0,0,1,0,0,0,1,1,0,0,0,0,0,0,0,1,0,0,0,0,0,0,0,0,0,0,0,0,0,0,4,0,39.951,-75.183, , 
46686,535204,2013025001,6,67,67301,2013,1,3,230,2,3,6,1,1,1, , ,N,1,2,0,3,0,0,2,2,N, ,40 00:25.572,75 12:49.396,248, ,248, ,0, , , ,3, , , , , , , , , ,2,2,0,0,0,0,0,0,0,0,0,0,0,0,0,0,0,0,0,0,0,0,0,0,0,0,0,0,0,0,0,0,0,0,0,0,0,40.0071,-75.2137, , 
46687,535235,2013051792,6,67,67301,2013,5,2,645,6,1,1,0,7,2, , ,N,0,3,0,3,0,1,1,1,N,N,39 58:57.362,75 05:51.927,800, ,750,4,2,6,N, ,3,Y, , , , , , , , ,1,0,0,0,0,1,0,0,0,0,0,1,1,0,0,0,0,0,0,0,0,0,0,0,0,0,0,0,0,0,0,0,0,0,0,4,1,39.9826,-75.0978, , 
46688,535246,2013023502,6,67,67301,2013,1,5,1959,19,3,1,0,4,1, , ,N,2,2,0,3,0,2,4,2,N,N,40 05:04.128,75 13:40.807,2030, ,2026, ,0, ,N, ,3, , , , , , , , , ,2,2,0,0,0,0,0,0,0,0,0,2,2,0,0,0,0,0,0,0,1,0,0,0,0,0,0,0,0,0,0,0,0,0,0,4,0,40.0845,-75.228, , 
46689,535259,2013032691,6,67,67301,2013,3,7,1114,11,1,1,0,1,1, , ,N,0,0,0,3,0,0,2,2,N,N,40 02:58.026,74 59:46.138,1124, ,1115, ,0, ,N, ,0, , , , , , , , , ,2,1,0,0,0,0,1,0,0,0,0,0,0,0,0,0,0,0,0,0,2,0,0,0,0,0,0,0,0,0,0,0,0,0,0,0,0,40.0495,-74.9961, , 
46690,541666,2013022324,6,67,67301,2013,1,6,1540,15,1,1,0,6,1, , ,N,1,2,0,3,0,1,4,2,N,N,39 57:15.782,75 08:52.382,1643, ,1639, ,0, ,N, ,3, , , , , , , , , ,2,2,0,0,0,0,0,0,0,0,0,1,1,0,0,0,1,0,0,0,0,0,0,0,0,0,0,0,0,0,0,0,0,0,0,4,0,39.9544,-75.1479, , 
46691,541671,2013026267,6,67,67301,2013,2,6,1514,15,1,1,0,1,1,1,4,Y,0,0,0,3,0,4,8,6,N,N,40 01:08.799,75 02:46.360,1638,45,1520,3,2,2,N, ,0,N,Y,N,N,N,N,N,N,Y,6,5,0,0,0,1,0,0,0,0,0,1,4,3,0,0,0,0,0,0,1,0,0,0,0,0,0,0,0,0,0,0,0,0,0,4,1,40.0191,-75.0462, , 
46692,541683,2013032458,6,67,67301,2013,2,2,1746,17,4,1,0,4,1, , ,N,1,2,0,3,0,1,2,2,N,N,40 04:43.216,74 59:54.741,1758, ,1755, ,0, ,N, ,3, , , , , , , , , ,1,0,0,0,1,0,0,0,1,0,0,1,1,0,0,0,0,0,0,0,1,0,0,0,0,0,0,0,0,0,0,0,0,0,0,4,0,40.0787,-74.9985, , 
46693,541722,2013035195,6,67,67301,2013,3,2,730,7,1,1,0,1,1, , ,N,1,2,0,3,0,1,2,2,N,N,40 01:24.687,75 08:00.078,845, ,840, ,0, ,N, ,3, , , , , , , , , ,2,1,0,0,0,0,0,0,0,0,0,0,1,1,1,0,0,0,1,0,0,0,0,0,0,0,0,0,0,0,0,0,0,0,0,8,0,40.0235,-75.1334, , 
46694,541729,2013042294,6,67,67301,2013,4,7,2100,21,3,1,0,1,1, , ,N,1,2,0,3,0,1,6,3,N,N,39 59:10.572,75 09:22.129,2106, ,2103, ,0, ,N, ,3, , , , , , , , , ,3,3,0,0,0,0,0,0,0,0,0,1,1,0,0,0,0,0,0,1,1,0,0,0,0,0,0,0,0,0,0,0,0,0,0,4,0,39.9863,-75.1561, , 
46695,541733,2013047814,6,67,67301,2013,4,3,1628,16,1,1,0,4,1, , ,N,0,3,0,3,0,1,3,2,N, ,40 03:05.540,75 07:27.523,1704, ,1707, ,0, , , ,3, , , , , , , , , ,2,0,0,0,1,0,1,0,0,0,0,0,1,1,0,0,0,0,0,0,2,0,0,0,0,0,0,0,0,0,0,0,0,0,0,8,0,40.0515,-75.1243, , 
46696,541742,2013055421,6,67,67301,2013,4,2,9999,99,1,2,1,4,1, , ,N,5,2,0,3,0,1,2,2,N,N,39 59:33.831,75 07:13.101,200, ,152, ,0, , , ,3, , , , , , , , , ,1,0,0,0,0,0,1,0,1,0,0,1,1,0,0,0,0,0,0,0,1,0,0,0,0,0,0,0,0,0,0,0,0,0,0,4,0,39.9927,-75.1203, , 
46697,541780,2013029630,6,67,67301,2013,2,7,44,0,3,2,1,4,1, , ,N,0,0,0,3,0,4,4,3,N,N,39 55:51.185,75 08:38.146,50, ,46,2,2,1, , ,0,Y, , , , , , , , ,2,1,0,0,0,1,0,0,0,0,1,3,4,0,0,0,0,0,0,0,0,0,0,1,0,0,0,0,0,0,0,0,1,0,0,3,1,39.9309,-75.1439, , 
46698,541784,2013034983,6,67,67301,2013,3,7,1730,17,1,1,0,4,1, , ,N,1,3,0,3,0,3,3,2,N, ,39 57:34.009,75 14:21.443,1805, ,1800, ,0, , , ,3, , , , , , , , , ,2,1,0,0,0,0,1,0,0,0,0,0,3,3,0,0,0,0,0,1,1,0,0,0,0,0,0,0,0,0,0,0,0,0,0,8,0,39.9594,-75.2393, , 
46699,541814,2013026270,6,67,67301,2013,2,1,1444,14,1,1,0,1,1, , ,N,0,0,0,3,0,1,3,3,N,N,39 57:35.000,75 10:35.773,1448, ,1445, ,0, ,N, ,0, , , , , , , , , ,3,3,0,0,0,0,0,0,0,0,0,1,1,0,0,0,0,0,0,0,0,0,0,0,0,0,0,0,0,0,0,0,0,0,0,4,0,39.9597,-75.1766, , 
46700,541817,2013027662,6,67,67301,2013,2,6,153,1,3,1,0,7,5, , ,N,0,0,0,3,0,1,1,1,N,N,40 01:05.946,75 11:22.855,156, ,153,2,1,1,N, ,0,Y, , , , , , , , ,1,1,0,0,0,0,0,0,0,0,0,1,1,0,0,0,0,0,0,0,0,0,0,0,0,0,0,0,0,0,0,0,0,0,0,4,0,40.0183,-75.1897, , 
46701,541823,2013037458,6,67,67301,2013,3,2,2205,22,3,2,1,4,1, , ,N,1,3,0,3,0,4,5,2,N,N,40 01:20.856,75 07:53.943,2255, ,2247, ,0, ,N, ,3, , , , , , , , , ,2,2,0,0,0,0,0,0,0,0,0,0,4,4,0,0,0,0,0,0,0,0,0,3,0,0,0,0,0,0,0,0,0,0,0,8,0,40.0225,-75.1317, , 
46702,541831,2013047808,6,67,67301,2013,4,4,1354,13,1,1,0,6,1, , ,N,0,0,0,3,0,2,3,2,N,N,40 05:23.776,75 02:31.513,1415, ,1410, ,0, ,N, ,0, , , , , , , , , ,2,2,0,0,0,0,0,0,0,0,0,2,2,0,0,0,0,1,0,0,0,0,0,0,0,0,0,0,0,0,0,0,0,0,0,4,0,40.0899,-75.0421, , 
46703,541842,2013055899,6,67,67301,2013,5,1,335,3,3,2,1,1,1, , ,N,1,2,0,3,0,0,2,2,N,N,40 02:44.262,75 07:42.522,351, ,347, ,0, ,N, ,3, , , , , , , , , ,2,2,0,0,0,0,0,0,0,0,0,0,0,0,0,0,0,0,0,1,0,0,0,0,0,0,0,0,0,0,0,0,0,0,0,0,0,40.0456,-75.1285, , 
46704,541860,2013022243,6,67,67301,2013,1,4,9999,99,3,1,7,2,1, , ,N,2,3,0,3,0,2,2,2,N, ,39 55:07.184,75 14:48.818,9999, ,9999, ,0, , , ,3, , , , , , , , , ,2,2,0,0,0,0,0,0,0,0,0,2,2,0,0,0,0,0,0,0,1,0,0,0,0,0,0,0,0,0,0,0,0,0,0,4,0,39.9187,-75.2469, , 
46705,541924,2013047297,6,67,67301,2013,4,1,100,1,3,1,0,6,1, , ,N,0,0,0,3,0,5,7,4,N,N,40 01:18.184,75 07:32.822,110, ,100,4,2,6, , ,0,Y, , , , , , , , ,4,1,0,0,2,0,1,0,0,1,1,3,5,0,0,0,0,0,0,1,0,0,0,0,0,0,0,1,0,0,0,0,0,0,0,2,0,40.0217,-75.1258, , 
46706,541927,2013050310,6,67,67301,2013,4,3,740,7,1,1,0,1,1, , ,N,1,2,0,3,0,0,2,2,N,N,40 03:03.985,75 09:32.569,750, ,742, ,0, ,N, ,3, , , , , , , , , ,2,1,0,0,0,0,1,0,0,0,0,0,0,0,0,0,0,0,0,0,0,0,0,0,0,0,0,0,0,0,0,0,0,0,0,0,0,40.0511,-75.159, , 
46707,541928,2013053017,6,67,67301,2013,4,5,524,5,5,1,0,7,2, , ,N,0,0,0,3,0,0,1,1,N,N,40 04:20.177,75 02:11.713,540, ,528,2,1,1,Y, ,0,N, , , , , , , , ,1,1,0,0,0,0,0,0,0,0,0,0,0,0,1,0,0,0,0,0,0,0,0,0,0,0,0,0,0,0,0,0,0,0,0,9,0,40.0723,-75.0366, , 
46708,538725,2013023506,6,67,67301,2013,1,6,1239,12,1,1,0,1,1, , ,N,3,2,0,3,0,1,2,2,N,N,40 01:52.626,75 05:06.090,1255, ,1241,1,1,1,N, ,3,N, , , , , , , , ,2,1,0,0,1,0,0,0,0,0,0,1,1,0,0,0,0,0,0,0,1,0,0,0,0,0,0,0,0,0,0,0,0,0,0,4,0,40.0313,-75.085, , 
46709,538728,2013024565,6,67,67301,2013,2,6,6,0,3,1,0,7,4, , ,N,7,0,2,3,0,0,1,1,N,N,39 56:42.208,75 11:26.989,14, ,7,1,1,3,N, ,0,N, , , , , , , , ,1,1,0,0,0,0,0,0,0,0,0,0,0,0,1,0,0,0,0,0,0,0,0,0,0,0,0,0,0,0,0,0,0,0,0,9,0,39.9451,-75.1908, , 
46710,538730,2013024881,6,67,67301,2013,2,6,1349,13,1,1,0,1,1, , ,N,2,0,0,3,0,2,2,2,N,N,40 06:11.588,75 02:12.942,1415, ,1411,1,1,5,N, ,0,Y, , , , , , , , ,2,2,0,0,0,0,0,0,0,0,2,0,2,0,0,0,0,0,0,0,0,0,0,0,0,0,0,0,0,0,0,0,0,0,0,3,0,40.1032,-75.0369, , 
46711,538737,2013032697,6,67,67301,2013,3,3,1700,17,1,1,0,1,1,1,4,Y,0,0,0,3,0,0,3,3,N,N,39 58:01.953,75 08:00.673,1710,45,1707,1,1,2,N, ,0,N,N,N,N,N,N,N,N,Y,3,2,0,0,1,0,0,0,0,0,0,0,0,0,0,0,0,0,0,0,0,0,0,0,0,0,0,0,0,0,0,0,0,0,0,0,0,39.9672,-75.1335, , 
46712,538752,2013053066,6,67,67301,2013,4,3,9999,99,1,1,0,1,1, , ,N,0,0,0,3,0,0,6,2,N, ,39 59:23.013,75 07:59.491,9999, ,9999, ,0, , , ,0, , , , , , , , , ,2,1,0,0,0,0,1,0,0,0,0,0,0,0,0,0,0,0,0,0,0,0,0,0,0,0,0,0,0,0,0,0,0,0,0,0,0,39.9897,-75.1332, , 
46713,538778,2013029806,6,67,67301,2013,2,7,910,9,1,1,0,8,1, , ,N,1,2,0,3,0,1,2,2,N, ,39 58:19.726,75 07:29.308,920, ,914, ,0, , , ,3, , , , , , , , , ,1,1,0,0,0,0,0,0,0,0,1,0,1,0,0,0,0,0,0,0,1,0,0,0,0,0,0,0,0,0,0,0,1,0,0,3,0,39.9721,-75.1248, , 
46714,538785,2013036989,6,46,46102,2013,4,4,1045,10,1,1,0,4,1, , ,N,1,2,2,3,0,0,3,2,N,N,40 03:42.744,75 08:12.512,1052, ,1049,1,1,2,N, ,3,N, , , , , , , , ,2,1,0,0,0,0,1,0,0,0,0,0,0,0,0,0,0,0,0,0,0,1,0,0,0,0,0,0,0,0,0,0,0,0,0,0,0,40.0619,-75.1368, , 
46715,538786,2013037391,6,67,67301,2013,3,7,2029,20,3,2,1,4,1, , ,N,1,3,0,3,0,0,2,2,N,N,40 01:29.780,75 03:47.699,2117, ,2115, ,0, , , ,3, , , , , , , , , ,2,1,0,0,0,0,0,1,0,0,0,0,0,0,0,0,0,1,0,0,0,0,0,0,0,0,0,0,0,0,0,0,0,0,0,0,0,40.0249,-75.0632, , 
46716,538789,2013046400,6,67,67301,2013,4,7,725,7,5,1,0,4,1, , ,N,1,2,0,3,0,3,3,3,N,N,39 58:30.302,75 11:42.002,727, ,725,2,2,7,N, ,3,Y, , , , , , , , ,3,2,0,0,0,0,1,0,0,0,0,0,3,3,0,0,0,0,0,0,1,0,0,1,0,0,0,0,0,0,0,0,0,0,0,8,0,39.9751,-75.195, , 
46717,538799,2013055438,6,67,67301,2013,5,5,259,2,3,1,0,7,5, , ,N,0,0,0,3,0,1,1,1,N, ,40 03:12.183,75 11:35.708,307, ,305, ,0, , , ,0, , , , , , , , , ,1,1,0,0,0,0,0,0,0,0,1,0,1,0,0,0,0,0,0,0,0,0,0,1,0,0,0,0,0,0,0,0,0,0,0,3,0,40.0534,-75.1933, , 
46718,538800,2013055909,6,67,67301,2013,5,2,1758,17,1,1,0,8,1, , ,N,2,0,7,3,0,1,3,2,N, ,40 02:40.254,75 06:06.700,1800, ,1800, ,0, , , ,0, , , , , , , , , ,1,1,0,0,0,0,0,0,0,0,0,1,1,0,0,0,0,0,0,1,0,0,0,0,0,0,0,0,0,0,0,0,1,0,0,4,0,40.0445,-75.1019, , 
46719,538821,2013024905,6,67,67301,2013,1,4,1550,15,1,2,1,6,6, , ,N,0,0,0,3,0,1,1,3,N, ,40 04:16.467,75 10:32.368,1701, ,1646,1,1,6, , ,0,Y, , , , , , , , ,3,3,0,0,0,0,0,0,0,0,0,1,1,0,0,0,0,0,0,0,1,0,0,0,0,0,0,0,0,0,0,0,0,0,0,4,0,40.0712,-75.1757, , 
46720,538834,2013035177,6,67,67301,2013,3,3,1650,16,1,2,1,7,2, , ,N,2,0,0,3,0,1,1,1,N,N,40 07:53.956,75 00:43.926,1740, ,1731, ,0, ,N, ,0, , , , , , , , , ,1,1,0,0,0,0,0,0,0,0,0,0,1,1,0,0,0,0,0,0,0,0,0,0,0,0,0,0,0,0,0,0,0,0,0,8,0,40.1317,-75.0122, , 
46721,538841,2013044137,6,67,67301,2013,3,1,1315,13,1,1,0,6,1, , ,N,2,0,0,3,0,0,2,2,N,N,39 55:42.917,75 08:40.122,1319, ,1316,2,1,2,N, ,0,N, , , , , , , , ,2,2,0,0,0,0,0,0,0,0,0,0,0,0,0,0,0,0,0,0,1,0,0,0,0,0,0,0,0,0,0,0,0,0,0,0,0,39.9286,-75.1445, , 
46722,538849,2013051125,6,67,67301,2013,4,2,655,6,1,1,0,8,1, , ,N,2,3,0,3,0,1,2,2,N,N,40 01:23.912,75 05:41.927,715, ,715, ,0, ,N, ,3, , , , , , , , , ,1,1,0,0,0,0,0,0,0,0,0,1,1,0,0,0,0,0,0,0,0,0,0,0,0,0,0,0,0,0,0,0,1,0,0,4,0,40.0233,-75.095, , 
46723,538879,2013032510,6,67,67301,2013,2,3,1253,12,1,1,0,4,1, , ,N,2,3,0,3,0,1,2,3,N, ,39 57:34.765,75 09:11.977,1300, ,1256,1,1,1, , ,3,Y, , , , , , , , ,3,2,0,0,1,0,0,0,0,0,0,0,1,1,0,0,0,0,0,0,1,0,0,0,0,0,0,0,0,0,0,0,0,0,0,8,0,39.9597,-75.1533, , 
46724,538892,2013043436,6,67,67301,2013,3,4,1000,10,1,1,0,4,1, , ,N,2,3,0,3,0,1,3,2,N, ,39 59:46.551,75 06:15.031,1010, ,1004,1,1,5, , ,3,Y, , , , , , , , ,2,1,0,0,0,0,1,0,0,0,0,1,1,0,0,0,0,0,0,0,0,0,0,1,0,0,0,0,0,0,0,0,0,0,0,4,0,39.9963,-75.1042, , 