objectid_1,objectid,crn,district,county,municipality,crash_year,crash_month,day_of_week,time_of_day,hour_of_day,illumination,weather,road_condition,collision_type,relation_to_road,work_zone_type,work_zone_loc,work_zone_ind,intersect_type,tcd_type,location_type,urban_rural,fatal_count,injury_count,person_count,total_units,sch_bus_ind,sch_zone_ind,latitude,longitude,arrival_tm,cons_zone_spd_lim,dispatch_tm,est_hrs_closed,lane_closed,ln_close_dir,ntfy_hiwy_maint,spec_juris_cd,tcd_func_cd,tfc_detour_ind,workers_pres,wz_close_detour,wz_flagger,wz_law_offcr_ind,wz_ln_closure,wz_moving,wz_other,wz_shlder_mdn,vehicle_count,automobile_count,motorcycle_count,bus_count,small_truck_count,heavy_truck_count,suv_count,van_count,bicycle_count,maj_inj_count,mod_inj_count,min_inj_count,tot_inj_count,unk_inj_deg_count,unk_inj_per_count,driver_count_16yr,driver_count_17yr,driver_count_18yr,driver_count_19yr,driver_count_20yr,driver_count_50_64yr,driver_count_65_74yr,driver_count_75plus,unbelted_occ_count,unb_death_count,unb_maj_inj_count,belted_death_count,belted_maj_inj_count,mcycle_death_count,mcycle_maj_inj_count,bicycle_death_count,bicycle_maj_inj_count,ped_count,ped_death_count,ped_maj_inj_count,max_severity_level,comm_veh_count,dec_lat,dec_long,rdwy_surf_type_cd,county_name
47062,514220,2013005942,6,67,67301,2013,1,4,1728,17,3,1,0,1,1, , ,N,6,0,0,3,0,0,3,2,N,N,40 00:12.565,75 04:38.714,1803, ,1732, ,0, ,N, ,0, , , , , , , , , ,2,0,0,0,1,0,1,0,0,0,0,0,0,0,0,0,0,0,0,0,1,0,0,0,0,0,0,0,0,0,0,0,0,0,0,0,0,40.0035,-75.0774, , 
47063,514223,2013013193,6,67,67301,2013,1,6,1532,15,1,1,0,5,1, , ,N,5,2,0,3,0,2,4,2,N,N,40 03:33.132,75 02:38.341,1539, ,1534,1,2,2,N, ,3,N, , , , , , , , ,2,1,0,1,0,0,0,0,0,0,0,2,2,0,1,0,0,0,0,0,0,0,0,0,0,0,0,0,0,0,0,0,0,0,0,4,1,40.0592,-75.044, , 
47064,514288,2013038541,6,67,67301,2013,3,4,1650,16,1,1,0,1,1, , ,N,0,2,0,3,0,1,2,2,N,N,39 59:50.112,75 06:43.154,1708, ,1706, ,0, ,N, ,3, , , , , , , , , ,2,2,0,0,0,0,0,0,0,0,0,0,1,1,0,0,0,0,0,0,0,0,0,0,0,0,0,0,0,0,0,0,0,0,0,8,0,39.9973,-75.112, , 
47065,514293,2013043046,6,67,67301,2013,3,3,1217,12,1,1,0,7,5, , ,N,0,0,0,3,0,1,1,1,N,N,39 58:15.326,75 11:24.398,1229, ,1218,3,2,5,N, ,0,Y, , , , , , , , ,1,1,0,0,0,0,0,0,0,1,0,0,1,0,0,0,0,0,0,0,0,1,0,0,0,0,0,0,0,0,0,0,0,0,0,2,0,39.9709,-75.1901, , 
47066,514294,2013043781,6,67,67301,2013,3,2,1940,19,6,2,1,4,1, , ,N,0,0,0,3,0,1,2,3,N,N,39 55:22.878,75 13:12.677,2026, ,2021, ,0, ,N, ,0, , , , , , , , , ,3,2,0,0,1,0,0,0,0,0,0,1,1,0,0,0,0,0,0,0,0,0,0,2,0,0,0,0,0,0,0,0,0,0,0,4,0,39.923,-75.2202, , 
47067,514300,2013050275,6,67,67301,2013,4,1,1645,16,1,1,0,5,1, , ,N,0,0,0,3,0,0,2,2,N,N,39 58:25.349,75 11:40.793,1646, ,1646, ,0, ,N, ,0, , , , , , , , , ,2,2,0,0,0,0,0,0,0,0,0,0,0,0,0,0,0,0,0,0,2,0,0,0,0,0,0,0,0,0,0,0,0,0,0,0,0,39.9737,-75.1947, , 
47068,514301,2013051127,6,67,67301,2013,4,6,1621,16,1,1,0,4,1, , ,N,0,0,7,3,0,1,2,2,N, ,40 03:52.751,74 58:57.322,1625, ,1621,9,2,2, , ,0,Y, , , , , , , , ,2,1,0,0,1,0,0,0,0,0,0,0,1,1,0,0,0,0,0,0,1,0,0,0,0,0,0,0,0,0,0,0,0,0,0,8,0,40.0647,-74.9826, , 
47069,514321,2013012104,6,67,67301,2013,1,2,1840,18,3,1,0,4,1, , ,N,1,0,0,3,0,1,3,2,N,N,40 02:43.580,75 06:18.694,1846, ,1844, ,0, ,N, ,0, , , , , , , , , ,2,1,0,0,0,0,1,0,0,0,0,1,1,0,0,0,0,0,0,0,1,0,0,0,0,0,0,0,0,0,0,0,0,0,0,4,0,40.0454,-75.1052, , 
47070,514332,2013024990,6,67,67301,2013,2,4,1819,18,3,1,0,1,1, , ,N,1,0,0,3,0,1,2,2,N,N,40 04:11.391,75 04:44.447,1922, ,1917, ,0, , , ,0, , , , , , , , , ,2,1,0,0,0,0,1,0,0,0,0,0,1,1,0,0,0,1,0,0,1,0,0,0,0,0,0,0,0,0,0,0,0,0,0,8,0,40.0698,-75.079, , 
47071,514342,2013035181,6,67,67301,2013,3,3,1000,10,8,2,1,4,1, , ,N,1,0,0,3,0,2,2,2,N,N,40 04:01.087,75 09:29.811,1010, ,1002, ,0, ,N, ,0, , , , , , , , , ,2,2,0,0,0,0,0,0,0,0,0,0,2,2,0,0,0,0,0,0,0,1,0,0,0,0,0,0,0,0,0,0,0,0,0,8,0,40.067,-75.1583, , 
47072,514343,2013035208,6,67,67301,2013,2,3,840,8,1,1,0,1,1, , ,N,0,0,0,3,0,2,3,2,N,N,40 02:13.938,75 08:56.961,840, ,840,1,2,2,N, ,0,N, , , , , , , , ,2,2,0,0,0,0,0,0,0,0,0,2,2,0,0,0,0,0,0,0,0,0,0,0,0,0,0,0,0,0,0,0,0,0,0,4,0,40.0372,-75.1492, , 
47073,514345,2013037423,6,67,67301,2013,3,1,2125,21,3,1,0,5,6, , ,N,0,0,0,3,0,0,1,5,N, ,40 03:28.607,75 11:29.684,2230, ,2222,9,2,4, , ,0,N, , , , , , , , ,5,5,0,0,0,0,0,0,0,0,0,0,0,0,0,0,1,0,0,0,0,0,0,0,0,0,0,0,0,0,0,0,0,0,0,0,0,40.0579,-75.1916, , 
47074,517963,2013043413,6,67,67301,2013,3,3,825,8,1,1,0,4,1, , ,N,1,2,0,3,0,1,2,2,N,N,40 00:17.589,75 09:14.000,852, ,832,2,1,2,Y, ,3,Y, , , , , , , , ,2,2,0,0,0,0,0,0,0,0,0,1,1,0,0,0,0,0,0,0,0,0,0,0,0,0,0,0,0,0,0,0,0,0,0,4,0,40.0049,-75.1539, , 
47075,517964,2013043827,6,67,67301,2013,3,2,1829,18,1,2,1,7,2, , ,N,0,0,0,3,0,0,2,1,N,N,39 59:32.957,75 11:38.595,1854, ,1854, ,0, ,N, ,0, , , , , , , , , ,1,0,0,0,0,0,1,0,0,0,0,0,0,0,0,0,0,0,0,0,0,0,0,0,0,0,0,0,0,0,0,0,0,0,0,0,0,39.9925,-75.1941, , 
47076,517971,2013053034,6,67,67301,2013,4,7,1521,15,1,1,0,8,1, , ,N,0,0,0,3,0,1,2,2,N,N,39 59:18.675,75 10:05.898,1657, ,1654, ,0, ,N, ,0, , , , , , , , , ,1,1,0,0,0,0,0,0,0,0,0,0,1,1,1,0,0,0,0,0,0,0,0,0,0,0,0,0,0,0,0,0,1,0,0,8,0,39.9885,-75.1683, , 
47077,517975,2013058713,6,67,67301,2013,5,4,1500,15,1,1,0,1,1, , ,N,0,0,0,3,0,0,3,3,N,N,40 02:36.567,75 00:11.088,1600, ,1530,1,1,2,N, ,0,N, , , , , , , , ,3,3,0,0,0,0,0,0,0,0,0,0,0,0,0,0,0,0,0,1,0,0,0,0,0,0,0,0,0,0,0,0,0,0,0,0,0,40.0435,-75.0031, , 
47078,517999,2013027407,6,67,67301,2013,2,1,2345,23,3,1,0,5,1, , ,N,0,0,0,3,0,0,2,2,N,N,39 58:47.606,75 06:21.398,2345, ,2345,1,2,1,N, ,0,N, , , , , , , , ,2,2,0,0,0,0,0,0,0,0,0,0,0,0,1,0,0,0,0,0,1,0,0,0,0,0,0,0,0,0,0,0,0,0,0,9,0,39.9798,-75.1061, , 
47079,518019,2013047210,6,67,67301,2013,4,7,1145,11,1,1,0,8,1, , ,N,1,2,0,3,0,2,3,3,N, ,39 56:58.408,75 12:33.123,1145, ,1145, ,0, , , ,3, , , , , , , , , ,1,0,0,0,0,0,0,1,0,0,0,0,2,2,0,0,0,0,0,0,0,0,0,0,0,0,0,0,0,0,0,0,2,0,0,8,0,39.9495,-75.2093, , 
47080,518030,2013009120,6,67,67301,2013,1,3,2248,22,3,1,0,1,1, , ,N,7,3,0,3,0,1,4,3,N,N,40 00:39.639,75 12:22.116,2302, ,2256,1,1,1,N, ,3,N, , , , , , , , ,3,2,0,0,0,0,1,0,0,0,0,1,1,0,0,0,0,0,0,0,0,0,0,1,0,0,0,0,0,0,0,0,0,0,0,4,0,40.011,-75.2061, , 
47081,518033,2013012119,6,67,67301,2013,1,7,124,1,3,1,0,1,2, , ,N,0,0,0,3,0,1,1,3,N, ,39 59:53.828,75 04:17.658,145, ,140, ,0, , , ,0, , , , , , , , , ,3,1,0,0,1,0,1,0,0,0,0,1,1,0,0,0,0,0,0,0,0,0,0,0,0,0,0,0,0,0,0,0,0,0,0,4,0,39.9983,-75.0716, , 
47082,518035,2013016290,6,67,67301,2013,1,5,800,8,1,1,0,8,1, , ,N,1,2,0,3,0,1,2,2,N,N,40 05:07.441,75 02:14.475,800, ,800,1,1,3,N, ,3,Y, , , , , , , , ,1,1,0,0,0,0,0,0,0,0,0,1,1,0,0,0,0,0,0,0,0,0,1,0,0,0,0,0,0,0,0,0,1,0,0,4,0,40.0854,-75.0374, , 
47083,518045,2013022267,6,67,67301,2013,1,2,1545,15,1,2,1,4,1, , ,N,1,2,0,3,0,1,2,2,N, ,39 57:20.286,75 12:08.187,1555, ,1545, ,0, , , ,3, , , , , , , , , ,1,1,0,0,0,0,0,0,1,0,0,1,1,0,0,0,0,0,0,0,0,1,0,0,0,0,0,0,0,0,0,0,0,0,0,4,0,39.9556,-75.2023, , 
47084,518064,2013055897,6,67,67301,2013,5,1,630,6,1,1,0,8,1, , ,N,1,2,0,3,0,1,2,2,N, ,39 55:00.583,75 10:16.768,735, ,730,4,2,7, , ,3,Y, , , , , , , , ,1,1,0,0,0,0,0,0,0,0,0,0,1,1,0,0,0,0,0,0,0,0,0,0,0,0,0,0,0,0,0,0,1,0,0,8,0,39.9168,-75.1713, , 
47085,518076,2013013188,6,67,67301,2013,1,6,910,9,1,1,0,4,1, , ,N,1,2,0,3,0,1,6,2,N,N,40 05:40.718,75 00:54.707,920, ,915,1,1,1,N, ,3,N, , , , , , , , ,2,2,0,0,0,0,0,0,0,0,0,1,1,0,0,0,0,0,0,0,0,0,0,0,0,0,0,0,0,0,0,0,0,0,0,4,0,40.0946,-75.0152, , 
47086,518080,2013016266,6,67,67301,2013,1,2,559,5,3,5,1,1,1, , ,N,1,2,0,3,0,1,2,2,N,N,40 04:51.077,75 01:43.585,642, ,619, ,0, ,N, ,3, , , , , , , , , ,2,2,0,0,0,0,0,0,0,0,0,1,1,0,0,0,0,0,0,0,1,0,0,0,0,0,0,0,0,0,0,0,0,0,0,4,0,40.0809,-75.0288, , 
47087,518101,2013046318,6,67,67301,2013,4,6,2320,23,3,2,1,4,1, , ,N,2,3,0,3,0,1,2,2,N,N,39 54:14.630,75 13:34.143,2330, ,2326,2,2,2,N, ,3,Y, , , , , , , , ,2,2,0,0,0,0,0,0,0,0,0,1,1,0,0,0,0,0,0,0,0,0,0,0,0,0,0,0,0,0,0,0,0,0,0,4,0,39.9041,-75.2262, , 
47088,518102,2013046392,6,67,67301,2013,4,4,1725,17,1,1,0,8,5, , ,N,0,0,0,3,0,1,2,2,N, ,40 06:22.434,75 01:37.711,1735, ,1730, ,0, , , ,0, , , , , , , , , ,1,0,0,0,0,0,1,0,0,0,0,1,1,0,0,0,0,0,0,0,0,0,0,0,0,0,0,0,0,0,0,0,1,0,0,4,0,40.1062,-75.0271, , 
47089,518107,2013050192,6,67,67301,2013,4,6,1545,15,1,1,0,8,1, , ,N,2,0,0,3,0,1,2,2,N,N,40 01:42.642,75 12:36.980,1550, ,1545, ,0, ,N, ,0, , , , , , , , , ,1,1,0,0,0,0,0,0,0,0,0,0,1,1,0,0,0,0,0,0,0,0,0,1,0,0,0,0,0,0,0,0,1,0,0,8,0,40.0285,-75.2103, , 
47090,518125,2013016432,6,67,67301,2013,2,1,1113,11,1,1,0,7,2, , ,N,0,0,0,3,0,1,1,1,N,N,39 58:16.031,75 11:35.232,1115, ,1115,1,2,4,Y, ,0,Y, , , , , , , , ,1,1,0,0,0,0,0,0,0,0,0,1,1,0,0,0,0,0,0,0,0,0,0,1,0,0,0,0,0,0,0,0,0,0,0,4,0,39.9711,-75.1931, , 
47091,518146,2013035244,6,67,67301,2013,2,7,702,7,3,2,1,4,1, , ,N,0,0,7,3,0,0,3,2,N,N,40 05:51.219,75 01:07.777,705, ,702,1,1,4,N, ,0,N, , , , , , , , ,2,2,0,0,0,0,0,0,0,0,0,0,0,0,0,0,0,0,0,1,0,0,0,0,0,0,0,0,0,0,0,0,0,0,0,0,0,40.0976,-75.0188, , 
47092,522116,2013047302,6,67,67301,2013,4,4,1810,18,1,1,0,4,1, , ,N,3,3,0,3,0,3,5,5,N,N,39 58:08.659,75 09:53.726,1813, ,1811,2,2,4, , ,3,Y, , , , , , , , ,4,2,0,0,2,0,0,0,0,0,0,3,3,0,0,0,0,0,0,0,1,0,0,0,0,0,0,0,0,0,0,0,1,0,0,4,0,39.9691,-75.1649, , 
47093,522117,2013047530,6,67,67301,2013,4,5,222,2,3,1,0,5,1, , ,N,0,0,2,3,0,0,2,2,N,N,39 54:44.013,75 09:06.101,233, ,226,2,1,2,N, ,0,N, , , , , , , , ,2,1,0,0,0,1,0,0,0,0,0,0,0,0,0,0,0,0,0,0,1,0,0,0,0,0,0,0,0,0,0,0,0,0,0,0,1,39.9122,-75.1517, , 
47094,522149,2013029636,6,67,67301,2013,2,4,1708,17,1,1,0,8,4, , ,N,0,0,0,3,0,2,2,3,N,N,39 59:00.243,75 10:42.380,1711, ,1710, ,0, ,N, ,0, , , , , , , , , ,2,1,0,0,0,0,0,0,0,0,1,1,2,0,0,0,0,0,0,0,0,0,0,0,0,0,0,0,0,0,0,0,1,0,0,3,0,39.9834,-75.1784, , 
47095,522152,2013035624,6,67,67301,2013,3,3,1720,17,1,1,0,1,1, , ,N,1,2,0,3,0,1,3,3,N,N,39 56:36.193,75 14:23.398,1755, ,1753, ,0, ,N, ,3, , , , , , , , , ,3,2,0,0,0,0,0,1,0,0,0,1,1,0,0,0,0,0,0,0,1,0,0,0,0,0,0,0,0,0,0,0,0,0,0,4,0,39.9434,-75.2398, , 
47096,522155,2013041966,6,67,67301,2013,3,6,1410,14,1,1,0,1,1, , ,N,0,0,0,3,0,5,9,2,N,N,39 58:23.604,75 09:32.348,1414, ,1412,2,1,2,N, ,0,N, , , , , , , , ,2,1,0,1,0,0,0,0,0,0,0,0,5,5,0,0,0,0,1,0,0,0,0,0,0,0,0,0,0,0,0,0,0,0,0,8,1,39.9733,-75.1591, , 
47097,522157,2013044112,6,67,67301,2013,3,5,2301,23,3,1,0,1,1, , ,N,1,2,0,3,0,1,3,3,N, ,40 01:48.341,75 05:17.340,2312, ,2301, ,0, , , ,3, , , , , , , , , ,3,1,0,0,0,0,0,0,0,0,0,1,1,0,0,0,0,0,0,0,0,0,0,0,0,0,0,0,0,0,0,0,0,0,0,4,0,40.0301,-75.0882, , 
47098,522183,2013012070,6,67,67301,2013,1,5,9999,99,3,1,0,8,1, , ,N,0,0,0,3,0,1,2,2,N,N,39 59:47.032,75 07:32.552,1818, ,1808, ,0, ,N, ,0, , , , , , , , , ,1,0,0,0,0,0,1,0,0,0,0,1,1,0,0,0,0,0,0,0,0,0,0,0,0,0,0,0,0,0,0,0,1,0,0,4,0,39.9964,-75.1257, , 
47099,522192,2013025009,6,67,67301,2013,2,2,1049,10,1,1,5,4,1, , ,N,1,2,0,3,0,0,2,2,N, ,40 03:05.806,75 05:57.148,1142, ,1125, ,0, , , ,3, , , , , , , , , ,2,1,0,0,0,0,1,0,0,0,0,0,0,0,0,0,0,0,0,0,1,0,0,0,0,0,0,0,0,0,0,0,0,0,0,0,0,40.0516,-75.0992, , 
47100,522198,2013029605,6,67,67301,2013,2,1,715,7,1,1,0,4,1, , ,N,2,3,0,3,0,0,2,2,N, ,39 59:22.866,75 09:28.871,825, ,819, ,0, , , ,3, , , , , , , , , ,2,1,0,0,0,0,0,0,0,0,0,0,0,0,0,0,0,0,0,0,0,0,0,0,0,0,0,0,0,0,0,0,0,0,0,0,0,39.9897,-75.158, , 
47101,522202,2013032635,6,67,67301,2013,1,3,130,1,3,4,3,7,5, , ,N,0,0,0,3,0,0,1,1,N,N,39 53:55.468,75 10:12.780,152, ,134, ,0, ,N, ,0, , , , , , , , , ,1,1,0,0,0,0,0,0,0,0,0,0,0,0,0,0,0,0,0,0,0,0,0,0,0,0,0,0,0,0,0,0,0,0,0,0,0,39.8987,-75.1702, , 
47102,522204,2013035090,6,67,67301,2013,2,6,1727,17,4,1,0,5,1, , ,N,0,0,0,3,0,1,2,3,N,N,39 54:10.761,75 13:40.469,1732, ,1732,9,1,3,N, ,0,N, , , , , , , , ,3,2,0,0,1,0,0,0,0,0,0,0,1,1,0,0,0,0,0,0,0,0,0,0,0,0,0,0,0,0,0,0,0,0,0,8,0,39.903,-75.2279, , 
47103,522205,2013035586,6,67,67301,2013,3,4,1645,16,1,2,1,8,6, , ,N,0,0,0,3,0,1,3,2,N,N,39 57:57.604,75 09:37.986,1700, ,1655, ,0, ,N, ,0, , , , , , , , , ,1,0,0,0,0,0,1,0,0,0,0,1,1,0,0,0,0,0,0,0,0,0,0,0,0,0,0,0,0,0,0,0,1,0,0,4,0,39.9668,-75.1605, , 
47104,522212,2013043457,6,67,67301,2013,3,2,1815,18,4,2,1,4,1, , ,N,1,2,0,3,0,1,2,2,N,N,39 59:31.689,75 08:24.712,1833, ,1828, ,0, ,N, ,3, , , , , , , , , ,2,2,0,0,0,0,0,0,0,0,0,0,1,1,0,0,0,0,0,1,0,0,0,0,0,0,0,0,0,0,0,0,0,0,0,8,0,39.992,-75.1402, , 
47105,522226,2013006103,6,67,67301,2013,1,5,9999,99,1,1,0,4,1, , ,N,1,3,0,3,0,0,2,3,N, ,40 02:30.692,75 04:49.843,1555, ,1542, ,0, , , ,3, , , , , , , , , ,3,2,0,0,1,0,0,0,0,0,0,0,0,0,0,0,0,0,0,0,1,0,0,0,0,0,0,0,0,0,0,0,0,0,0,0,0,40.0419,-75.0805, , 
47106,522256,2013035054,6,67,67301,2013,3,5,840,8,3,1,1,1,1, , ,N,1,2,0,3,0,1,2,2,N,N,39 59:30.184,75 10:12.169,908, ,906, ,0, ,N, ,3, , , , , , , , , ,2,0,0,0,0,0,2,0,0,0,0,0,1,1,0,0,0,0,0,0,1,0,0,0,0,0,0,0,0,0,0,0,0,0,0,8,0,39.9917,-75.17, , 
47107,522273,2013005333,6,67,67301,2013,1,7,2319,23,3,2,1,5,1,2,4,Y,0,3,0,3,0,1,2,2,N,N,40 02:29.130,75 00:16.717,2319,55,2319,5,1,2,Y, ,3,N,Y,N,N,Y,Y,N,N,N,2,1,0,0,0,0,1,0,0,0,1,0,1,0,0,0,0,0,0,0,1,0,0,0,0,0,0,0,0,0,0,0,0,0,0,3,0,40.0414,-75.0046, , 
47108,522286,2013016433,6,67,67301,2013,2,2,159,1,3,1,0,7,4, , ,N,6,0,2,3,0,0,1,1,N,N,39 58:06.224,75 07:44.162,224, ,159,1,2,3,N, ,0,N, , , , , , , , ,1,1,0,0,0,0,0,0,0,0,0,0,0,0,0,0,0,0,0,0,0,0,0,0,0,0,0,0,0,0,0,0,0,0,0,0,0,39.9684,-75.129, , 
47109,522306,2013044053,6,67,67301,2013,4,6,1053,10,1,1,0,4,1, , ,N,1,2,0,3,0,0,2,2,N,N,39 58:57.093,75 09:05.770,1053, ,1053, ,0, ,N, ,3, , , , , , , , , ,2,2,0,0,0,0,0,0,0,0,0,0,0,0,1,0,0,0,0,0,0,0,0,0,0,0,0,0,0,0,0,0,0,0,0,9,0,39.9825,-75.1516, , 
47110,526154,2013035057,6,67,67301,2013,2,3,2200,22,3,2,1,4,1, , ,N,2,3,0,3,0,0,2,2,N,N,40 00:04.157,75 05:49.913,2230, ,2200, ,0, ,N, ,3, , , , , , , , , ,2,2,0,0,0,0,0,0,0,0,0,0,0,0,0,0,0,0,0,0,0,0,0,2,0,0,0,0,0,0,0,0,0,0,0,0,0,40.0012,-75.0972, , 
47111,526155,2013037390,6,67,67301,2013,3,4,2037,20,3,1,0,8,1, , ,N,1,2,0,3,0,1,2,2,N,N,39 59:12.570,75 10:21.975,2038, ,2038, ,0, ,N, ,3, , , , , , , , , ,1,0,0,0,0,0,1,0,0,0,0,1,1,0,0,0,0,0,0,0,0,0,0,0,0,0,0,0,0,0,0,0,1,0,0,4,0,39.9868,-75.1728, , 
47112,526168,2013055408,6,67,67301,2013,5,4,203,2,3,1,0,7,4, , ,N,3,3,0,3,0,0,1,1,N,N,40 04:31.148,75 02:25.936,209, ,206, ,0, ,N, ,3, , , , , , , , , ,1,1,0,0,0,0,0,0,0,0,0,0,0,0,0,0,0,0,0,0,0,0,0,1,0,0,0,0,0,0,0,0,0,0,0,0,0,40.0753,-75.0405, , 
47113,526169,2013055639,6,67,67301,2013,5,3,625,6,1,1,0,5,1, , ,N,2,2,0,3,0,1,2,2,N,N,40 03:01.364,75 03:05.380,633, ,628,1,1,2,N, ,3,N, , , , , , , , ,2,1,0,0,1,0,0,0,0,0,1,0,1,0,0,0,0,0,0,0,0,0,0,0,0,0,0,0,0,0,0,0,0,0,0,3,0,40.0504,-75.0515, , 
47114,526183,2013012083,6,67,67301,2013,1,4,931,9,1,1,0,5,1, , ,N,1,0,0,3,0,2,3,2,N,N,39 57:40.298,75 14:27.484,931, ,931, ,0, ,N, ,0, , , , , , , , , ,2,2,0,0,0,0,0,0,0,0,0,2,2,0,0,0,0,0,0,0,0,1,0,0,0,0,0,0,0,0,0,0,0,0,0,4,0,39.9612,-75.241, , 
47115,526205,2013037344,6,67,67301,2013,2,2,1027,10,1,1,0,4,1, , ,N,1,2,0,3,0,2,2,2,N, ,39 57:12.114,75 12:58.132,1100, ,1027, ,0, , , ,3, , , , , , , , , ,2,1,0,0,0,0,1,0,0,0,0,0,2,2,0,0,0,0,0,0,1,0,0,0,0,0,0,0,0,0,0,0,0,0,0,8,0,39.9534,-75.2161, , 
47116,526211,2013046410,6,67,67301,2013,3,2,1335,13,1,1,0,8,1, , ,N,0,0,0,3,0,1,2,2,N,N,39 59:42.749,75 09:51.826,1337, ,1337,9,1,4, , ,0,N, , , , , , , , ,1,0,0,0,1,0,0,0,0,1,0,0,1,0,0,0,0,0,0,0,0,0,0,0,0,0,0,0,0,0,0,0,1,0,1,2,0,39.9952,-75.1644, , 
47117,526214,2013053093,6,67,67301,2013,4,5,1810,18,4,1,0,5,7, , ,N,1,2,2,3,0,2,3,2,N,N,39 57:26.357,75 08:38.887,1827, ,1819,2,1,4,N, ,3,N, , , , , , , , ,2,2,0,0,0,0,0,0,0,0,0,0,2,2,0,0,0,0,0,0,0,0,0,0,0,0,0,0,0,0,0,0,0,0,0,8,0,39.9573,-75.1441, , 
47118,526215,2013055424,6,67,67301,2013,5,4,1420,14,1,2,1,7,5, , ,N,0,0,0,3,0,1,1,1,N,N,40 02:56.590,75 14:45.850,1439, ,1434, ,0, ,N, ,0, , , , , , , , , ,1,0,0,0,1,0,0,0,0,0,0,0,1,1,0,0,0,0,0,0,0,0,0,0,0,0,0,0,0,0,0,0,0,0,0,8,0,40.0491,-75.2461, , 
47119,526237,2013024923,6,67,67301,2013,2,2,830,8,1,4,5,1,1, , ,N,1,2,0,3,0,1,3,3,N, ,40 01:06.992,75 10:59.131,850, ,845, ,0, , , ,3, , , , , , , , , ,3,1,0,0,0,0,0,1,0,0,0,1,1,0,0,0,0,0,0,0,0,0,0,0,0,0,0,0,0,0,0,0,0,0,0,4,0,40.0186,-75.1831, , 
47120,526260,2013044341,6,67,67301,2013,4,1,325,3,3,1,0,1,1,2,4,Y,7,8,2,3,0,0,2,2,N,N,39 54:39.013,75 08:56.545,332,35,327,1,2,2,N, ,3,Y,N,N,N,N,Y,N,N,N,2,2,0,0,0,0,0,0,0,0,0,0,0,0,1,0,0,0,0,1,0,0,0,0,0,0,0,0,0,0,0,0,0,0,0,9,0,39.9109,-75.149, , 
47121,526282,2013016166,6,67,67301,2013,1,6,844,8,1,1,0,4,1, , ,N,0,0,0,3,0,1,1,2,N, ,39 55:15.080,75 12:54.060,848, ,844, ,0, , , ,0, , , , , , , , , ,2,1,0,0,0,1,0,0,0,1,0,0,1,0,0,0,0,0,0,0,0,0,0,0,0,0,0,1,0,0,0,0,0,0,0,2,1,39.9209,-75.215, , 
47122,526304,2013046373,6,67,67301,2013,4,6,9999,99,3,1,0,4,1, , ,N,1,2,0,3,0,3,5,2,N,N,40 02:11.152,75 07:49.835,9999, ,9999, ,0, ,N, ,3, , , , , , , , , ,2,1,0,0,0,1,0,0,0,0,0,0,3,3,0,0,0,0,0,0,1,0,0,0,0,0,0,0,0,0,0,0,0,0,0,8,1,40.0364,-75.1305, , 
47123,526311,2013055637,6,67,67301,2013,5,5,2030,20,4,1,0,4,1, , ,N,0,3,6,3,0,2,2,2,N,N,39 53:35.220,75 14:09.282,2030, ,2023,3,1,2, , ,3,N, , , , , , , , ,2,2,0,0,0,0,0,0,0,0,1,1,2,0,0,0,0,0,1,0,1,0,0,0,0,0,0,0,0,0,0,0,0,0,0,3,0,39.8931,-75.2359, , 
47124,526333,2013035316,6,67,67301,2013,2,3,2032,20,3,2,1,8,1, , ,N,2,0,0,3,0,1,2,2,N,N,39 56:01.338,75 09:26.571,2049, ,2049, ,0, ,N, ,0, , , , , , , , , ,1,0,0,0,0,0,0,0,0,0,0,0,1,1,0,0,0,0,0,0,0,0,0,0,0,0,0,0,0,0,0,0,1,0,0,8,0,39.9337,-75.1574, , 
47125,526335,2013035625,6,67,67301,2013,3,7,1210,12,1,1,0,5,1, , ,N,1,2,0,3,0,0,2,2,N,N,39 57:04.866,75 11:56.817,1220, ,1215, ,0, , , ,3, , , , , , , , , ,2,2,0,0,0,0,0,0,0,0,0,0,0,0,0,0,0,0,0,0,0,0,0,0,0,0,0,0,0,0,0,0,0,0,0,0,0,39.9514,-75.1991, , 
47126,526336,2013035653,6,67,67301,2013,2,1,1725,17,1,1,0,2,1, , ,N,1,3,0,3,0,0,3,2,N,N,40 02:40.966,75 07:32.631,1748, ,1730, ,0, ,N, ,3, , , , , , , , , ,2,1,0,0,0,0,1,0,0,0,0,0,0,0,0,0,0,0,0,0,0,0,0,0,0,0,0,0,0,0,0,0,0,0,0,0,0,40.0447,-75.1257, , 
47127,526354,2013053047,6,67,67301,2013,4,4,1405,14,1,1,0,4,1, , ,N,0,0,0,3,0,0,2,2,N, ,39 54:45.011,75 08:17.952,1406, ,1406, ,0, ,N, ,0, , , , , , , , , ,2,2,0,0,0,0,0,0,0,0,0,0,0,0,0,0,0,0,0,0,0,0,0,0,0,0,0,0,0,0,0,0,0,0,0,0,0,39.9125,-75.1383, , 
47128,514384,2013022328,6,67,67301,2013,1,4,1412,14,1,1,0,4,1, , ,N,1,2,0,3,0,0,4,2,N,N,40 01:53.211,75 05:04.703,1450, ,1433,1,1,4,N, ,3,N, , , , , , , , ,2,1,0,0,1,0,0,0,0,0,0,0,0,0,0,0,0,0,0,0,2,0,0,0,0,0,0,0,0,0,0,0,0,0,0,0,0,40.0314,-75.0846, , 
47129,514385,2013023542,6,67,67301,2013,1,1,2019,20,8,1,0,1,6, , ,N,0,0,0,3,0,0,1,2,N,N,40 03:13.957,75 02:55.316,2023, ,2021, ,0, ,N, ,0, , , , , , , , , ,2,2,0,0,0,0,0,0,0,0,0,0,0,0,0,0,0,0,0,0,0,0,0,0,0,0,0,0,0,0,0,0,0,0,0,0,0,40.0539,-75.0487, , 