objectid_1,objectid,crn,district,county,municipality,crash_year,crash_month,day_of_week,time_of_day,hour_of_day,illumination,weather,road_condition,collision_type,relation_to_road,work_zone_type,work_zone_loc,work_zone_ind,intersect_type,tcd_type,location_type,urban_rural,fatal_count,injury_count,person_count,total_units,sch_bus_ind,sch_zone_ind,latitude,longitude,arrival_tm,cons_zone_spd_lim,dispatch_tm,est_hrs_closed,lane_closed,ln_close_dir,ntfy_hiwy_maint,spec_juris_cd,tcd_func_cd,tfc_detour_ind,workers_pres,wz_close_detour,wz_flagger,wz_law_offcr_ind,wz_ln_closure,wz_moving,wz_other,wz_shlder_mdn,vehicle_count,automobile_count,motorcycle_count,bus_count,small_truck_count,heavy_truck_count,suv_count,van_count,bicycle_count,maj_inj_count,mod_inj_count,min_inj_count,tot_inj_count,unk_inj_deg_count,unk_inj_per_count,driver_count_16yr,driver_count_17yr,driver_count_18yr,driver_count_19yr,driver_count_20yr,driver_count_50_64yr,driver_count_65_74yr,driver_count_75plus,unbelted_occ_count,unb_death_count,unb_maj_inj_count,belted_death_count,belted_maj_inj_count,mcycle_death_count,mcycle_maj_inj_count,bicycle_death_count,bicycle_maj_inj_count,ped_count,ped_death_count,ped_maj_inj_count,max_severity_level,comm_veh_count,dec_lat,dec_long,rdwy_surf_type_cd,county_name
47197,527923,2013022218,6,67,67301,2013,1,6,635,6,1,4,1,2,1, , ,N,1,2,0,3,0,0,2,2,N,N,39 57:28.354,75 09:50.944,721, ,718, ,0, ,N, ,3, , , , , , , , , ,2,1,0,0,0,0,1,0,0,0,0,0,0,0,2,0,0,0,0,0,0,0,0,0,0,0,0,0,0,0,0,0,0,0,0,9,0,39.9579,-75.1641, , 
47198,527929,2013024872,6,67,67301,2013,2,6,1541,15,1,1,0,1,1, , ,N,1,2,0,3,0,1,2,2,N,N,39 53:23.105,75 14:01.659,1625, ,1511,2,1,1,N, ,3,N, , , , , , , , ,2,1,0,0,0,1,0,0,0,0,0,1,1,0,0,0,0,0,0,0,0,0,0,0,0,0,0,0,0,0,0,0,0,0,0,4,1,39.8898,-75.2338, , 
47199,527944,2013041327,6,67,67301,2013,3,7,1738,17,3,2,1,8,1, , ,N,1,2,0,3,0,1,3,2,N,N,39 58:12.826,75 08:42.073,1944, ,1940,1,1,6,N, ,3,N, , , , , , , , ,1,1,0,0,0,0,0,0,0,0,0,0,1,1,0,0,0,0,0,0,0,0,0,0,0,0,0,0,0,0,0,0,1,0,0,8,0,39.9702,-75.1451, , 
47200,527949,2013044207,6,67,67301,2013,4,4,1543,15,1,1,0,1,1, , ,N,0,0,0,3,0,0,2,2,N,N,39 57:26.412,75 09:28.180,1544, ,1544, ,0, ,N, ,0, , , , , , , , , ,2,1,0,0,1,0,0,0,0,0,0,0,0,0,0,0,0,0,1,0,1,0,0,0,0,0,0,0,0,0,0,0,0,0,0,0,0,39.9573,-75.1578, , 
47201,527999,2013046437,6,67,67301,2013,3,6,1340,13,1,1,0,8,1, , ,N,0,0,0,3,0,1,2,2,N, ,39 57:05.954,75 09:56.350,1411, ,1403, ,0, ,N, ,0, , , , , , , , , ,1,1,0,0,0,0,0,0,0,0,0,0,1,1,0,0,0,0,0,0,1,0,0,1,0,0,0,0,0,0,0,0,1,0,0,8,0,39.9517,-75.1657, , 
47202,514563,2013013047,6,67,67301,2013,1,2,618,6,3,1,0,9,1, , ,N,0,0,0,3,0,0,1,1,N,N,39 55:50.268,75 08:44.730,641, ,626, ,0, ,N, ,0, , , , , , , , , ,1,0,0,0,1,0,0,0,0,0,0,0,0,0,0,0,0,0,0,0,0,1,0,0,0,0,0,0,0,0,0,0,0,0,0,0,0,39.9305,-75.1458, , 
47203,514572,2013035201,6,67,67301,2013,3,3,1620,16,1,8,1,4,1, , ,N,1,3,0,3,0,0,2,2,N, ,40 03:56.012,75 10:45.123,1630, ,1622, ,0, , , ,3, , , , , , , , , ,2,1,0,0,0,0,1,0,0,0,0,0,0,0,0,0,0,0,0,0,1,0,0,0,0,0,0,0,0,0,0,0,0,0,0,0,0,40.0656,-75.1792, , 
47204,514577,2013043833,6,67,67301,2013,3,5,10,0,3,1,0,7,5, , ,N,1,0,0,3,0,1,1,2,N,N,40 06:59.274,75 01:49.123,12, ,11, ,0, ,N, ,0, , , , , , , , , ,1,1,0,0,0,0,0,0,0,0,0,1,1,0,0,1,0,0,0,0,0,0,0,0,0,0,0,0,0,0,0,0,0,0,0,4,0,40.1165,-75.0303, , 
47205,514588,2013053932,6,67,67301,2013,5,4,1720,17,1,1,0,1,1,1,4,Y,0,0,0,3,0,0,5,2,N,N,40 00:27.661,75 04:19.966,1809,90,1729, ,0, ,N, ,0, ,Y,N,N,N,N,N,N,Y,2,1,0,0,0,0,1,0,0,0,0,0,0,0,0,0,0,0,0,0,0,0,0,0,0,0,0,0,0,0,0,0,0,0,0,0,0,40.0077,-75.0722, , 
47206,514600,2013070405,6,67,67301,2013,6,5,1500,15,1,1,0,8,1, , ,N,1,0,0,3,0,1,2,2,N,N,39 58:12.826,75 08:42.073,2145, ,2140, ,0, ,N, ,0, , , , , , , , , ,1,1,0,0,0,0,0,0,0,0,0,1,1,0,0,0,0,0,0,0,0,0,0,0,0,0,0,0,0,0,0,0,1,0,0,4,0,39.9702,-75.1451, , 
47207,514625,2013035002,6,67,67301,2013,3,2,1411,14,1,1,0,4,1, , ,N,2,2,0,3,0,1,3,2,N,N,39 57:27.558,75 08:55.942,1415, ,1412, ,0, , , ,3, , , , , , , , , ,2,0,0,0,1,0,1,0,0,0,0,1,1,0,0,0,0,0,0,0,0,0,0,0,0,0,0,0,0,0,0,0,0,0,0,4,0,39.9577,-75.1489, , 
47208,514644,2013047243,6,67,67301,2013,3,7,1620,16,1,1,0,4,1, , ,N,0,0,0,3,0,1,2,2,N,N,39 59:48.462,75 10:35.996,1626, ,1624, ,0, ,N, ,0, , , , , , , , , ,2,1,0,0,0,0,0,0,0,0,0,1,1,0,0,0,0,0,0,0,0,0,0,0,0,0,0,0,0,0,0,0,0,0,0,4,0,39.9968,-75.1767, , 
47209,514676,2013035077,6,67,67301,2013,2,5,1926,19,3,1,0,1,1, , ,N,0,2,0,3,0,1,2,2,N, ,40 01:28.005,75 07:23.909,1834, ,1825, ,0, , , ,3, , , , , , , , , ,2,2,0,0,0,0,0,0,0,0,0,1,1,0,0,0,0,0,0,0,0,0,0,1,0,0,0,0,0,0,0,0,0,0,0,4,0,40.0244,-75.1233, , 
47210,514677,2013035108,6,67,67301,2013,3,2,1535,15,1,1,0,4,1, , ,N,1,3,0,3,0,1,2,2,N, ,39 56:50.067,75 13:04.418,1606, ,1604,1,1,1, , ,3,N, , , , , , , , ,2,2,0,0,0,0,0,0,0,0,1,0,1,0,0,0,0,0,0,0,1,0,0,0,0,0,0,0,0,0,0,0,0,0,0,3,0,39.9472,-75.2179, , 
47211,514684,2013047277,6,67,67301,2013,3,2,9999,99,3,2,1,4,1, , ,N,0,0,0,3,0,1,2,2,N, ,40 00:07.722,75 09:25.879,2106, ,2106, ,0, , , ,0, , , , , , , , , ,2,1,0,0,0,0,1,0,0,0,0,0,1,1,0,0,0,0,0,0,0,0,0,0,0,0,0,0,0,0,0,0,0,0,0,8,0,40.0021,-75.1572, , 
47212,514685,2013047914,6,67,67301,2013,5,4,310,3,2,1,0,1,1, , ,N,0,0,0,3,0,0,3,2,N,N,39 58:19.794,75 11:36.399,323, ,313,2,2,4,N, ,0,N, , , , , , , , ,2,1,0,0,0,0,0,0,0,0,0,0,0,0,1,0,0,0,0,0,0,0,0,0,0,0,0,0,0,0,0,0,0,0,0,9,0,39.9722,-75.1934, , 
47213,514720,2013023518,6,67,67301,2013,1,4,740,7,1,1,0,1,1, , ,N,1,2,0,3,0,0,2,2,N,N,39 59:45.557,75 05:31.730,820, ,811, ,0, , , ,3, , , , , , , , , ,2,1,0,0,0,0,0,1,0,0,0,0,0,0,0,0,0,0,0,0,1,0,0,1,0,0,0,0,0,0,0,0,0,0,0,0,0,39.9959,-75.0921, , 
47214,514722,2013024122,6,67,67301,2013,2,6,1110,11,1,1,0,1,1,1,2,Y,7,0,2,3,0,0,2,2,N,N,39 53:26.133,75 13:14.839,1137,45,1114, ,0, ,N, ,0, ,Y,N,N,N,N,N,Y,N,2,1,0,0,0,1,0,0,0,0,0,0,0,0,0,0,0,0,0,0,1,0,0,0,0,0,0,0,0,0,0,0,0,0,0,0,1,39.8906,-75.2208, , 
47215,514724,2013026129,6,67,67301,2013,1,6,330,3,3,1,0,1,6, , ,N,0,0,0,3,0,0,1,6,N, ,39 58:46.856,75 07:45.711,340, ,333, ,0, , , ,0, , , , , , , , , ,6,3,0,0,2,0,1,0,0,0,0,0,0,0,0,0,0,0,0,0,0,0,0,0,0,0,0,0,0,0,0,0,0,0,0,0,0,39.9797,-75.1294, , 
47216,514741,2013050297,6,67,67301,2013,4,2,1338,13,1,1,0,4,1, , ,N,2,3,0,3,0,2,2,2,N, ,39 56:12.096,75 13:27.702,1345, ,1343,1,2,6, , ,3,Y, , , , , , , , ,2,2,0,0,0,0,0,0,0,0,0,2,2,0,0,0,0,0,0,0,0,1,0,0,0,0,0,0,0,0,0,0,0,0,0,4,0,39.9367,-75.2244, , 
47217,514747,2013055315,6,67,67301,2013,5,4,2045,20,3,1,0,2,1, , ,N,0,0,0,3,0,0,2,2,N, ,40 05:41.958,75 00:54.385,2050, ,2045,2,1,2, , ,0,N, , , , , , , , ,2,2,0,0,0,0,0,0,0,0,0,0,0,0,0,0,0,0,0,0,0,0,0,0,0,0,0,0,0,0,0,0,0,0,0,0,0,40.095,-75.0151, , 
47218,514748,2013055335,6,67,67301,2013,5,6,9999,99,3,1,0,4,1, , ,N,1,3,0,3,0,1,2,2,N, ,39 59:48.444,75 10:49.069,9999, ,9999, ,0, , , ,3, , , , , , , , , ,2,2,0,0,0,0,0,0,0,0,1,0,1,0,0,0,0,0,0,0,0,0,0,0,0,0,0,0,0,0,0,0,0,0,0,3,0,39.9968,-75.1803, , 
47219,514763,2013024944,6,67,67301,2013,1,3,1404,14,1,1,0,7,4, , ,N,0,0,0,3,0,1,1,1,N,Y,40 04:42.960,74 58:41.199,1430, ,1426,9,2,5,N, ,0,N, , , , , , , , ,1,1,0,0,0,0,0,0,0,0,0,1,1,0,0,0,0,0,0,0,0,1,0,0,0,0,0,0,0,0,0,0,0,0,0,4,0,40.0786,-74.9781, , 
47220,514765,2013027335,6,67,67301,2013,2,4,925,9,1,1,0,4,1, , ,N,1,2,0,3,0,2,5,2,N,N,39 55:33.889,75 13:29.313,934, ,928, ,0, ,N, ,3, , , , , , , , , ,2,1,0,0,1,0,0,0,0,0,0,0,2,2,0,0,0,0,0,0,0,0,0,0,0,0,0,0,0,0,0,0,0,0,0,8,0,39.9261,-75.2248, , 
47221,518407,2013050217,6,67,67301,2013,4,6,1955,19,3,1,0,4,1, , ,N,2,2,0,3,0,1,2,2,N,N,39 59:35.984,75 09:47.527,2008, ,2007, ,0, ,N, ,3, , , , , , , , , ,2,2,0,0,0,0,0,0,0,0,0,1,1,0,0,0,0,0,1,0,1,0,0,0,0,0,0,0,0,0,0,0,0,0,0,4,0,39.9933,-75.1632, , 
47222,518420,2013022306,6,67,67301,2013,1,2,751,7,1,1,0,7,3, , ,N,0,0,0,3,0,1,1,1,N,N,39 54:53.449,75 13:34.708,808, ,805,2,1,4,N, ,0,N, , , , , , , , ,1,1,0,0,0,0,0,0,0,0,0,1,1,0,0,0,0,0,0,0,0,0,0,0,0,0,0,0,0,0,0,0,0,0,0,4,0,39.9148,-75.2263, , 
47223,518444,2013055883,6,67,67301,2013,5,1,1448,14,1,1,0,4,1, , ,N,0,0,0,3,0,1,2,2,N,N,39 57:49.319,75 13:10.546,1458, ,1450, ,0, ,N, ,0, , , , , , , , , ,2,2,0,0,0,0,0,0,0,0,0,0,1,1,1,0,0,0,0,0,0,1,0,0,0,0,0,0,0,0,0,0,0,0,0,8,0,39.9637,-75.2196, , 
47224,518454,2013065535,6,67,67301,2013,5,3,1853,18,1,1,0,8,1, , ,N,0,0,0,3,0,1,5,2,N,N,39 58:07.012,75 10:05.203,1856, ,1854, ,0, ,N, ,0, , , , , , , , , ,1,0,0,0,0,0,1,0,0,0,0,1,1,0,0,0,0,0,0,0,0,0,0,0,0,0,0,0,0,0,0,0,1,0,0,4,0,39.9686,-75.1681, , 
47225,518478,2013026928,6,67,67301,2013,2,6,1735,17,2,8,1,4,1, , ,N,1,2,0,3,0,2,3,2,N,N,39 57:42.674,75 09:27.834,1755, ,1750, ,0, ,N, ,3, , , , , , , , , ,2,1,0,1,0,0,0,0,0,0,0,0,2,2,0,0,0,0,0,0,1,0,0,0,0,0,0,0,0,0,0,0,0,0,0,8,1,39.9617,-75.1577, , 
47226,518483,2013032460,6,67,67301,2013,1,1,1120,11,1,1,0,4,1, , ,N,1,2,0,3,0,4,4,2,N,N,39 57:27.914,75 13:09.434,1135, ,1129, ,0, ,Y, ,3, , , , , , , , , ,2,1,0,0,0,0,0,1,0,1,2,0,4,1,0,0,0,0,0,0,0,0,0,0,0,0,0,0,0,0,0,0,0,0,0,2,0,39.9578,-75.2193, , 
47227,518502,2013053112,6,67,67301,2013,4,7,1218,12,1,1,0,1,1, , ,N,2,2,0,3,0,4,6,3,N,N,39 55:27.368,75 10:07.809,1232, ,1228, ,0, ,N, ,3, , , , , , , , , ,3,3,0,0,0,0,0,0,0,0,0,4,4,0,0,0,0,0,0,0,1,0,1,0,0,0,0,0,0,0,0,0,0,0,0,4,0,39.9243,-75.1688, , 
47228,518525,2013033049,6,67,67301,2013,3,7,2108,21,2,2,1,7,2, , ,N,7,0,8,3,0,2,2,1,N,N,39 57:35.743,75 10:45.221,2118, ,2112,2,2,3,N, ,0,Y, , , , , , , , ,1,1,0,0,0,0,0,0,0,0,0,2,2,0,0,0,0,0,0,0,0,0,0,0,0,0,0,0,0,0,0,0,0,0,0,4,0,39.9598,-75.1785, , 
47229,518527,2013038553,6,67,67301,2013,3,6,2230,22,3,9,1,8,6, , ,N,0,0,0,3,0,1,2,2,N, ,39 58:25.578,75 11:40.884,1605, ,1605, ,0, , , ,0, , , , , , , , , ,1,0,0,0,0,0,0,0,0,0,0,0,1,1,0,0,0,0,0,0,0,0,0,0,0,0,0,0,0,0,0,0,1,0,0,8,0,39.9738,-75.1947, , 
47230,518534,2013047304,6,67,67301,2013,4,1,1321,13,1,1,0,5,1, , ,N,0,0,0,3,0,1,10,5,N,N,39 57:32.540,75 13:46.777,1405, ,1401,3,1,3,N, ,0,N, , , , , , , , ,5,0,0,0,0,0,1,1,0,0,0,1,1,0,0,0,0,0,0,0,0,0,0,0,0,0,0,0,0,0,0,0,0,0,0,4,0,39.959,-75.2297, , 
47231,518540,2013055873,6,67,67301,2013,4,7,1607,16,1,1,0,8,1, , ,N,0,0,0,3,0,1,2,2,N,N,39 59:09.643,75 10:14.847,1610, ,1609, ,0, ,N, ,0, , , , , , , , , ,1,0,0,0,0,0,1,0,0,0,1,0,1,0,0,0,0,0,0,0,0,0,0,0,0,0,0,0,0,0,0,0,1,0,0,3,0,39.986,-75.1708, , 
47232,518551,2013080365,6,67,67301,2013,8,6,1024,10,1,1,0,1,1, , ,N,0,0,0,3,0,2,2,2,N,N,40 00:24.249,75 07:10.985,1119, ,1033,2,1,4,N, ,0,N, , , , , , , , ,2,1,0,0,0,1,0,0,0,0,0,0,2,2,0,0,0,0,0,0,0,0,0,0,0,0,0,0,0,0,0,0,0,0,0,8,1,40.0067,-75.1197, , 
47233,518586,2013046252,6,67,67301,2013,4,4,1742,17,1,1,0,4,1, , ,N,0,0,0,3,0,0,1,2,N,N,39 59:34.836,75 10:52.086,1746, ,1744, ,0, ,N, ,0, , , , , , , , , ,2,2,0,0,0,0,0,0,0,0,0,0,0,0,0,0,0,0,0,0,0,0,0,0,0,0,0,0,0,0,0,0,0,0,0,0,0,39.993,-75.1811, , 
47234,518587,2013046269,6,67,67301,2013,4,5,1600,16,1,1,0,4,1, , ,N,1,2,0,3,0,1,2,2,N, ,39 56:45.165,75 14:24.752,1455, ,1445, ,0, , , ,3, , , , , , , , , ,1,1,0,0,0,0,0,0,1,0,0,1,1,0,0,0,0,0,0,0,0,0,0,0,0,0,0,0,0,0,0,0,0,0,0,4,0,39.9459,-75.2403, , 
47235,518588,2013047805,6,67,67301,2013,4,5,1550,15,1,1,0,8,1, , ,N,1,3,0,3,0,1,2,2,N,N,39 57:42.562,75 13:35.561,1757, ,9999, ,0, ,N, ,3, , , , , , , , , ,1,0,0,0,0,0,1,0,0,0,0,1,1,0,1,0,0,0,0,0,0,0,0,0,0,0,0,0,0,0,0,0,1,0,0,4,0,39.9618,-75.2265, , 
47236,518622,2013035210,6,67,67301,2013,3,5,1910,19,3,1,0,4,1, , ,N,1,3,0,3,0,2,3,2,N,N,40 03:24.843,75 08:33.032,9999, ,1940, ,0, ,N, ,3, , , , , , , , , ,2,2,0,0,0,0,0,0,0,0,0,1,2,1,0,0,0,0,0,0,0,0,0,0,0,0,0,0,0,0,0,0,0,0,0,4,0,40.0569,-75.1425, , 
47237,518630,2013043420,6,67,67301,2013,3,3,1438,14,1,1,0,7,5, , ,N,2,2,0,3,0,1,1,1,N,N,39 57:20.203,75 10:50.673,1505, ,1458, ,0, ,N, ,3, , , , , , , , , ,1,1,0,0,0,0,0,0,0,0,0,1,1,0,0,0,0,0,0,0,0,0,0,0,0,0,0,0,0,0,0,0,0,0,0,4,0,39.9556,-75.1807, , 
47238,518643,2013053020,6,67,67301,2013,4,6,817,8,1,1,0,0,1, , ,N,1,3,0,3,0,1,1,1,N,N,40 03:14.320,75 11:50.625,835, ,827, ,0, , , ,3, , , , , , , , , ,1,0,1,0,0,0,0,0,0,0,1,0,1,0,0,0,0,0,0,0,1,0,0,0,0,0,0,0,0,0,0,0,0,0,0,3,0,40.054,-75.1974, , 
47239,522609,2013070076,6,67,67301,2013,6,3,713,7,1,1,0,4,1, , ,N,1,3,0,3,0,1,3,2,N,N,40 02:11.605,75 08:13.937,720, ,715, ,0, ,N, ,3, , , , , , , , , ,2,2,0,0,0,0,0,0,0,0,0,1,1,0,0,0,0,0,0,0,1,0,0,0,0,0,0,0,0,0,0,0,0,0,0,4,0,40.0366,-75.1372, , 
47240,522612,2013005505,6,67,67301,2013,1,2,744,7,1,1,1,1,1, , ,N,0,0,0,3,0,0,4,3,N,N,39 57:27.589,75 08:57.426,754, ,752,1,1,3,N, ,0,N, , , , , , , , ,3,2,0,0,0,0,0,1,0,0,0,0,0,0,0,0,0,0,0,0,1,0,0,0,0,0,0,0,0,0,0,0,0,0,0,0,0,39.9577,-75.1493, , 
47241,522618,2013009650,6,67,67301,2013,1,6,1350,13,1,1,0,4,2, , ,N,0,0,0,3,0,1,1,2,Y,N,40 00:25.545,75 08:49.779,1405, ,1350,3,1,4,N, ,0,N, , , , , , , , ,2,1,0,1,0,0,0,0,0,0,0,1,1,0,0,0,0,0,0,0,0,0,0,0,0,0,0,0,0,0,0,0,0,0,0,4,1,40.0071,-75.1472, , 
47242,522634,2013035010,6,67,67301,2013,3,2,1213,12,1,1,0,1,1, , ,N,0,0,0,3,0,0,3,2,N,N,40 03:14.814,75 02:55.545,1216, ,1214,1,1,1,N, ,0,N, , , , , , , , ,2,1,0,0,0,0,1,0,0,0,0,0,0,0,0,0,0,0,0,0,0,0,0,0,0,0,0,0,0,0,0,0,0,0,0,0,0,40.0541,-75.0488, , 
47243,522636,2013036577,6,46,46102,2013,4,3,713,7,1,1,0,1,1, , ,N,0,0,0,3,0,0,3,2,N,N,40 04:09.924,75 09:00.374,717, ,713, ,0, ,N, ,0, , , , , , , , , ,2,0,0,0,0,0,2,0,0,0,0,0,0,0,0,0,0,0,0,0,0,0,0,0,0,0,0,0,0,0,0,0,0,0,0,0,0,40.0694,-75.1501, , 
47244,522662,2013005393,6,67,67301,2013,1,6,1314,13,1,1,0,1,1, , ,N,0,0,0,3,0,2,7,2,N,N,39 57:24.842,75 09:14.358,1321, ,1316,1,2,4,N, ,0,N, , , , , , , , ,2,2,0,0,0,0,0,0,0,0,0,0,2,2,0,0,0,0,1,0,0,1,0,0,0,0,0,0,0,0,0,0,0,0,0,8,0,39.9569,-75.154, , 
47245,522667,2013016261,6,67,67301,2013,1,5,644,6,1,1,0,4,1, , ,N,1,2,0,3,0,1,2,2,N,N,39 57:34.444,75 11:49.297,712, ,711, ,0, ,N, ,3, , , , , , , , , ,2,1,0,0,1,0,0,0,0,0,0,1,1,0,0,0,0,0,0,0,0,0,0,2,0,0,0,0,0,0,0,0,0,0,0,4,0,39.9596,-75.197, , 
47246,522668,2013017682,6,67,67301,2013,2,6,1530,15,1,1,0,1,1, , ,N,0,0,0,3,0,1,2,2,N,N,39 59:11.615,75 12:28.506,1532, ,1532,1,1,4,N, ,0,N, , , , , , , , ,2,1,0,0,0,0,0,1,0,0,0,1,1,0,0,0,0,0,1,0,0,0,0,0,0,0,0,0,0,0,0,0,0,0,0,4,0,39.9866,-75.2079, , 
47247,522699,2013058706,6,67,67301,2013,4,7,315,3,3,1,0,7,2, , ,N,0,0,0,3,0,0,1,1,N,N,40 00:32.381,75 04:07.045,321, ,316, ,0, ,N, ,0, , , , , , , , , ,1,1,0,0,0,0,0,0,0,0,0,0,0,0,0,0,0,0,0,0,0,0,0,0,0,0,0,0,0,0,0,0,0,0,0,0,0,40.009,-75.0686, , 
47248,522702,2013062552,6,67,67301,2013,5,2,2210,22,3,1,0,7,5, , ,N,0,0,0,3,0,0,1,1,N,N,39 58:38.677,75 11:55.842,2220, ,2210, ,0, , , ,0, , , , , , , , , ,1,1,0,0,0,0,0,0,0,0,0,0,0,0,0,0,0,0,0,0,0,0,0,0,0,0,0,0,0,0,0,0,0,0,0,0,0,39.9774,-75.1988, , 
47249,522703,2013062671,6,67,67301,2013,5,5,1100,11,1,1,0,1,1, , ,N,0,0,0,3,0,0,3,3,N,N,40 01:34.722,75 10:09.673,1107, ,1104,2,2,5,N, ,0,Y, , , , , , , , ,3,1,0,0,1,0,0,1,0,0,0,0,0,0,0,0,0,0,0,0,1,1,0,0,0,0,0,0,0,0,0,0,0,0,0,0,0,40.0263,-75.1694, , 
47250,522717,2013016232,6,67,67301,2013,1,1,235,2,3,5,0,1,1, , ,N,1,2,0,3,0,0,3,2,N,N,39 55:28.531,75 10:16.770,240, ,238, ,0, ,N, ,3, , , , , , , , , ,2,2,0,0,0,0,0,0,0,0,0,0,0,0,0,0,0,0,0,0,0,0,0,0,0,0,0,0,0,0,0,0,0,0,0,0,0,39.9246,-75.1713, , 
47251,522722,2013022199,6,67,67301,2013,1,3,1557,15,1,1,0,1,1, , ,N,0,0,0,3,0,2,4,3,N,N,40 05:59.986,74 59:14.279,1600, ,1558,2,1,4,N, ,0,N, , , , , , , , ,3,1,0,0,1,0,0,1,0,0,0,2,2,0,0,0,0,0,0,0,1,0,0,0,0,0,0,0,0,0,0,0,0,0,0,4,0,40.1,-74.9873, , 
47252,522733,2013035044,6,67,67301,2013,3,7,932,9,1,1,0,8,1, , ,N,0,0,0,3,0,1,3,2,N,N,39 59:02.605,75 11:14.582,932, ,932,2,2,6,N, ,0,Y, , , , , , , , ,1,1,0,0,0,0,0,0,0,0,1,0,1,0,0,0,0,0,0,0,0,0,1,0,0,0,0,0,0,0,0,0,1,0,0,3,0,39.9841,-75.1874, , 
47253,522741,2013043401,6,67,67301,2013,3,6,2009,20,3,1,0,8,1, , ,N,1,0,0,3,0,1,2,2,N,N,39 57:33.040,75 14:36.283,2015, ,2009, ,0, ,N, ,0, , , , , , , , , ,1,1,0,0,0,0,0,0,0,0,0,0,1,1,0,0,0,0,0,0,0,0,0,0,0,0,0,0,0,0,0,0,1,0,0,8,0,39.9592,-75.2434, , 
47254,522761,2013009517,6,67,67301,2013,1,6,1734,17,3,1,0,1,1, , ,N,0,0,0,3,0,1,3,2,N,N,39 57:35.547,75 10:40.102,1748, ,1737, ,0, ,N, ,0, , , , , , , , , ,2,1,0,0,0,0,1,0,0,0,0,1,1,0,0,0,0,0,0,0,1,0,0,0,0,0,0,0,0,0,0,0,0,0,0,4,0,39.9599,-75.1778, , 
47255,522774,2013026946,6,67,67301,2013,2,4,318,3,3,1,0,7,4, , ,N,0,0,0,3,0,0,1,1,N,N,40 04:10.556,75 02:29.194,333, ,326, ,0, ,N, ,0, , , , , , , , , ,1,1,0,0,0,0,0,0,0,0,0,0,0,0,0,0,0,0,0,0,0,0,0,0,0,0,0,0,0,0,0,0,0,0,0,0,0,40.0696,-75.0414, , 
47256,522786,2013044345,6,67,67301,2013,4,2,1224,12,1,1,0,1,1, , ,N,0,0,0,3,0,2,4,3,N,N,39 57:31.998,75 10:15.428,1232, ,1225, ,0, ,N, ,0, , , , , , , , , ,3,3,0,0,0,0,0,0,0,0,0,2,2,0,0,0,0,0,0,0,1,0,0,1,0,0,0,0,0,0,0,0,0,0,0,4,0,39.9589,-75.171, , 
47257,522789,2013045354,6,67,67301,2013,3,7,500,5,3,1,0,7,2, , ,N,1,2,0,3,0,1,1,1,N, ,39 56:04.178,75 13:18.249,505, ,504, ,0, , , ,3, , , , , , , , , ,1,1,0,0,0,0,0,0,0,0,0,1,1,0,0,0,0,0,0,0,1,0,0,0,0,0,0,0,0,0,0,0,0,0,0,4,0,39.9345,-75.2217, , 
47258,526744,2013047203,6,67,67301,2013,4,4,1130,11,1,1,0,4,1, , ,N,1,3,0,3,0,1,2,2,N,N,39 58:14.361,75 08:14.801,1138, ,1125, ,0, ,N, ,3, , , , , , , , , ,1,1,0,0,0,0,0,0,1,0,0,1,1,0,0,0,0,0,0,0,1,0,0,0,0,0,0,0,0,0,0,0,0,0,0,4,0,39.9707,-75.1374, , 
47259,526768,2013024999,6,67,67301,2013,1,5,158,1,3,2,1,7,3, , ,N,1,2,0,3,0,1,2,1,N,N,40 01:46.545,75 06:13.959,215, ,200, ,0, ,N, ,3, , , , , , , , , ,1,1,0,0,0,0,0,0,0,0,0,1,1,0,0,0,0,0,0,0,0,0,0,0,0,0,0,0,0,0,0,0,0,0,0,4,0,40.0296,-75.1039, , 
47260,526784,2013046268,6,67,67301,2013,4,4,2224,22,3,2,1,1,1, , ,N,3,2,0,3,0,0,2,2,N, ,40 05:38.581,75 01:51.296,2229, ,2229, ,0, , , ,3, , , , , , , , , ,2,1,0,0,0,0,1,0,0,0,0,0,0,0,0,0,0,0,0,0,0,0,0,0,0,0,0,0,0,0,0,0,0,0,0,0,0,40.0941,-75.0309, , 
47261,526785,2013046310,6,67,67301,2013,3,6,1527,15,1,1,0,4,1, , ,N,0,0,7,3,0,2,6,2,N,N,39 59:27.034,75 07:51.439,1552, ,1550, ,0, ,N, ,0, , , , , , , , , ,2,1,0,0,0,0,0,1,0,0,0,2,2,0,2,0,0,0,0,0,0,0,0,4,0,0,0,0,0,0,0,0,0,0,0,4,0,39.9908,-75.131, , 
47262,526786,2013046433,6,67,67301,2013,4,6,1757,17,1,1,0,4,1, , ,N,1,2,0,3,0,1,2,2,N,N,40 01:34.998,75 07:01.744,1758, ,1757,2,1,1,N, ,3,N, , , , , , , , ,2,2,0,0,0,0,0,0,0,0,1,0,1,0,0,0,0,0,0,1,0,0,1,1,0,0,0,0,0,0,0,0,0,0,0,3,0,40.0262,-75.1174, , 
47263,526795,2013055935,6,67,67301,2013,5,2,1650,16,1,1,0,1,1, , ,N,0,0,0,3,0,1,18,2,Y,N,40 01:44.633,75 06:54.773,1729, ,1650, ,0, ,N, ,0, , , , , , , , , ,2,1,0,1,0,0,0,0,0,0,0,0,1,1,0,0,0,0,0,0,0,0,0,0,0,0,0,0,0,0,0,0,0,0,0,8,1,40.0291,-75.1152, , 
47264,526828,2013031371,6,67,67301,2013,3,3,1427,14,1,2,1,5,1, , ,N,0,0,0,3,0,0,5,3,N,N,39 59:35.269,75 05:05.635,1522, ,1503, ,0, ,N, ,0, , , , , , , , , ,3,2,0,0,1,0,0,0,0,0,0,0,0,0,0,0,0,0,0,0,1,0,0,0,0,0,0,0,0,0,0,0,0,0,0,0,0,39.993,-75.085, , 