objectid_1,objectid,crn,district,county,municipality,crash_year,crash_month,day_of_week,time_of_day,hour_of_day,illumination,weather,road_condition,collision_type,relation_to_road,work_zone_type,work_zone_loc,work_zone_ind,intersect_type,tcd_type,location_type,urban_rural,fatal_count,injury_count,person_count,total_units,sch_bus_ind,sch_zone_ind,latitude,longitude,arrival_tm,cons_zone_spd_lim,dispatch_tm,est_hrs_closed,lane_closed,ln_close_dir,ntfy_hiwy_maint,spec_juris_cd,tcd_func_cd,tfc_detour_ind,workers_pres,wz_close_detour,wz_flagger,wz_law_offcr_ind,wz_ln_closure,wz_moving,wz_other,wz_shlder_mdn,vehicle_count,automobile_count,motorcycle_count,bus_count,small_truck_count,heavy_truck_count,suv_count,van_count,bicycle_count,maj_inj_count,mod_inj_count,min_inj_count,tot_inj_count,unk_inj_deg_count,unk_inj_per_count,driver_count_16yr,driver_count_17yr,driver_count_18yr,driver_count_19yr,driver_count_20yr,driver_count_50_64yr,driver_count_65_74yr,driver_count_75plus,unbelted_occ_count,unb_death_count,unb_maj_inj_count,belted_death_count,belted_maj_inj_count,mcycle_death_count,mcycle_maj_inj_count,bicycle_death_count,bicycle_maj_inj_count,ped_count,ped_death_count,ped_maj_inj_count,max_severity_level,comm_veh_count,dec_lat,dec_long,rdwy_surf_type_cd,county_name
47400,523294,2013024984,6,67,67301,2013,2,7,6,0,3,1,0,1,6,8,8,Y,0,0,0,3,0,0,1,3,N,N,40 02:13.938,75 08:56.961,18,99,16,1,1,1,N, ,0,Y,U,U,U,U,U,U,U,U,3,2,0,0,0,0,1,0,0,0,0,0,0,0,0,0,0,0,1,0,0,0,0,0,0,0,0,0,0,0,0,0,0,0,0,0,0,40.0372,-75.1492, , 
47401,523297,2013032449,6,67,67301,2013,2,3,2140,21,3,1,0,4,1, , ,N,1,3,0,3,0,1,2,2,N,N,39 59:30.796,75 09:04.179,2149, ,2147, ,0, , , ,3, , , , , , , , , ,2,1,0,0,0,0,0,0,0,0,0,1,1,0,0,0,0,0,0,0,0,0,0,1,0,0,0,0,0,0,0,0,0,0,0,4,0,39.9919,-75.1512, , 
47402,523298,2013032457,6,67,67301,2013,2,1,450,4,3,1,0,1,6, , ,N,0,0,0,3,0,0,1,3,N, ,39 57:06.417,75 11:01.723,454, ,454, ,0, , , ,0, , , , , , , , , ,3,2,0,0,0,0,1,0,0,0,0,0,0,0,0,0,0,0,0,0,0,0,0,0,0,0,0,0,0,0,0,0,0,0,0,0,0,39.9518,-75.1838, , 
47403,523299,2013035000,6,67,67301,2013,2,4,1549,15,1,1,0,1,1, , ,N,1,4,0,3,0,1,2,2,N,N,39 54:14.563,75 14:24.409,1630, ,1622, ,0, ,N, ,3, , , , , , , , , ,2,0,0,0,1,0,1,0,0,0,0,1,1,0,0,0,0,0,0,0,0,1,0,0,0,0,0,0,0,0,0,0,0,0,0,4,0,39.904,-75.2401, , 
47404,528000,2013047314,6,67,67301,2013,4,4,1223,12,1,1,0,5,1, , ,N,2,3,0,3,0,2,3,2,N,N,39 55:15.736,75 11:01.773,1235, ,1225, ,0, ,N, ,3, , , , , , , , , ,2,2,0,0,0,0,0,0,0,0,0,2,2,0,0,0,0,0,0,0,1,0,0,0,0,0,0,0,0,0,0,0,0,0,0,4,0,39.921,-75.1838, , 
47405,528007,2013057009,6,67,67301,2013,6,1,1440,14,1,1,0,1,1, , ,N,0,0,0,3,0,0,2,2,N,N,39 55:54.605,75 08:43.740,1518, ,1502, ,0, ,N, ,0, , , , , , , , , ,2,1,0,0,0,0,1,0,0,0,0,0,0,0,0,0,0,0,0,0,0,0,0,0,0,0,0,0,0,0,0,0,0,0,0,0,0,39.9317,-75.1455, , 
47406,528033,2013050220,6,67,67301,2013,4,2,1521,15,1,1,0,4,1, , ,N,2,3,0,3,0,1,2,2,N,N,39 57:47.866,75 11:17.165,1537, ,1531, ,0, ,N, ,3, , , , , , , , , ,1,0,0,0,1,0,0,0,1,0,0,1,1,0,0,0,0,0,0,0,0,0,0,0,0,0,0,0,0,0,0,0,0,0,0,4,0,39.9633,-75.1881, , 
47407,528037,2013053092,6,67,67301,2013,4,4,2200,22,3,1,0,1,1, , ,N,0,0,0,3,0,3,4,2,N, ,39 57:13.813,75 09:16.548,2214, ,2212, ,0, , , ,0, , , , , , , , , ,2,2,0,0,0,0,0,0,0,0,0,3,3,0,0,0,0,0,0,0,0,0,0,0,0,0,0,0,0,0,0,0,0,0,0,4,0,39.9538,-75.1546, , 
47408,528081,2013037382,6,67,67301,2013,3,7,1408,14,1,2,1,4,1, , ,N,0,0,0,3,0,2,2,2,N, ,39 58:39.292,75 11:37.720,1425, ,1418,1,1,5, , ,0,N, , , , , , , , ,2,2,0,0,0,0,0,0,0,0,0,0,2,2,0,0,0,0,0,0,0,0,0,0,0,0,0,0,0,0,0,0,0,0,0,8,0,39.9776,-75.1938, , 
47409,528090,2013045358,6,67,67301,2013,3,4,2123,21,3,1,0,4,1, , ,N,1,3,0,3,0,0,3,2,N,N,39 55:08.846,75 13:36.014,2127, ,2123, ,0, ,N, ,3, , , , , , , , , ,2,2,0,0,0,0,0,0,0,0,0,0,0,0,0,0,0,0,0,0,0,0,0,0,0,0,0,0,0,0,0,0,0,0,0,0,0,39.9191,-75.2266, , 
47410,528091,2013047270,6,67,67301,2013,4,4,2014,20,3,1,0,4,1, , ,N,2,0,7,3,0,2,10,2,N,N,39 59:31.469,75 10:46.764,2017, ,2014, ,0, ,N, ,0, , , , , , , , , ,2,1,0,1,0,0,0,0,0,0,0,0,2,2,0,0,0,0,0,0,0,1,0,0,0,0,0,0,0,0,0,0,0,0,0,8,1,39.9921,-75.1796, , 
47411,528092,2013047337,6,67,67301,2013,4,5,9999,99,1,1,0,8,1, , ,N,0,0,0,3,0,1,2,2,N,N,40 01:11.589,75 04:46.516,9999, ,1517, ,0, ,N, ,0, , , , , , , , , ,1,1,0,0,0,0,0,0,0,0,0,0,1,1,0,0,0,0,0,0,1,0,0,0,0,0,0,0,0,0,0,0,1,0,0,8,0,40.0199,-75.0796, , 
47412,528096,2013050344,6,67,67301,2013,4,1,1510,15,1,1,0,8,1, , ,N,0,0,0,3,0,1,2,2,N,N,40 00:16.992,75 04:39.025,1545, ,1538, ,0, , , ,0, , , , , , , , , ,1,1,0,0,0,0,0,0,0,0,0,1,1,0,0,0,0,0,0,0,0,0,0,0,0,0,0,0,0,0,0,0,1,0,0,4,0,40.0047,-75.0775, , 
47413,528101,2013053031,6,67,67301,2013,4,4,800,8,1,1,0,1,1, , ,N,7,0,2,3,0,1,2,2,N,N,40 00:58.180,75 12:16.051,809, ,807, ,0, , , ,0, , , , , , , , , ,2,2,0,0,0,0,0,0,0,0,0,0,1,1,0,0,0,0,0,0,0,0,0,0,0,0,0,0,0,0,0,0,0,0,0,8,0,40.0162,-75.2045, , 
47414,528103,2013055310,6,67,67301,2013,5,4,1305,13,1,1,8,4,1, , ,N,1,2,0,3,0,2,6,2,N, ,39 58:53.796,75 08:40.041,1310, ,1306,1,1,2, , ,3,N, , , , , , , , ,2,1,0,0,0,0,0,1,0,0,0,2,2,0,0,0,0,0,0,1,0,1,0,0,0,0,0,0,0,0,0,0,0,0,0,4,0,39.9816,-75.1445, , 
47415,528106,2013007406,6,67,67301,2013,1,4,630,6,3,2,1,1,1,1,4,Y,0,0,0,3,0,2,2,2,N,N,39 58:05.953,75 07:45.044,638,45,632,1,1,1,N, ,0,N,N,N,N,N,N,N,N,Y,2,0,0,0,0,0,2,0,0,0,0,2,2,0,0,0,0,0,0,0,0,1,0,0,0,0,0,0,0,0,0,0,0,0,0,4,0,39.9683,-75.1293, , 
47416,528108,2013006884,6,67,67301,2013,1,5,1602,16,1,1,0,4,1, , ,N,0,2,0,3,0,3,8,2,N,N,40 01:39.556,75 06:42.469,1605, ,1603,2,1,2,N, ,3,N, , , , , , , , ,2,0,0,2,0,0,0,0,0,0,0,3,3,0,0,0,0,0,0,0,0,0,0,0,0,0,0,0,0,0,0,0,0,0,0,4,2,40.0277,-75.1118, , 
47417,528112,2013016428,6,67,67301,2013,1,4,37,0,3,1,0,7,7, , ,N,0,0,0,3,0,1,1,1,N,N,39 57:30.062,75 08:26.609,42, ,37,2,2,1,Y, ,0,Y, , , , , , , , ,1,0,0,0,0,0,1,0,0,0,0,0,1,1,0,0,0,0,0,0,0,0,0,0,0,0,0,0,0,0,0,0,0,0,0,8,0,39.9582,-75.1407, , 
47418,528116,2013022270,6,67,67301,2013,1,6,9999,99,3,1,0,4,1, , ,N,1,2,0,3,0,0,3,2,N,N,40 05:04.029,75 02:18.148,1758, ,1751, ,0, ,N, ,3, , , , , , , , , ,2,0,0,0,1,0,1,0,0,0,0,0,0,0,0,0,0,0,0,0,0,0,0,0,0,0,0,0,0,0,0,0,0,0,0,0,0,40.0845,-75.0384, , 
47419,528119,2013024936,6,67,67301,2013,1,4,1715,17,3,2,1,4,1, , ,N,0,0,0,3,0,0,2,2,N, ,39 56:00.312,75 08:44.419,1720, ,1716,1,1,2, , ,0,Y, , , , , , , , ,2,2,0,0,0,0,0,0,0,0,0,0,0,0,0,0,0,0,0,0,1,0,0,0,0,0,0,0,0,0,0,0,0,0,0,0,0,39.9334,-75.1457, , 
47420,528128,2013032433,6,67,67301,2013,2,2,2231,22,3,1,0,8,1, , ,N,1,3,0,3,0,1,3,2,N,N,39 57:10.080,75 13:13.115,2236, ,2233,2,1,7,N, ,3,Y, , , , , , , , ,1,0,0,0,0,0,1,0,0,0,0,1,1,0,0,0,0,0,0,0,0,0,0,0,0,0,0,0,0,0,0,0,1,0,0,4,0,39.9528,-75.2203, , 
47421,528140,2013047909,6,67,67301,2013,4,3,805,8,1,1,0,5,1, , ,N,0,0,0,3,0,1,2,2,N,N,39 58:47.844,75 06:20.579,816, ,807,2,1,5,N, ,0,N, , , , , , , , ,2,1,0,0,0,1,0,0,0,0,1,0,1,0,0,0,0,0,0,0,1,0,0,0,0,0,0,0,0,0,0,0,0,0,0,3,1,39.9799,-75.1059, , 
47422,515232,2013053026,6,67,67301,2013,4,4,1236,12,1,1,0,8,6, , ,N,0,0,0,3,0,1,2,2,N, ,39 57:14.103,75 12:03.227,1236, ,1236, ,0, , , ,0, , , , , , , , , ,1,1,0,0,0,0,0,0,0,0,0,1,1,0,0,0,0,0,0,0,0,0,0,0,0,0,0,0,0,0,0,0,1,0,0,4,0,39.9539,-75.2009, , 
47423,515244,2013010610,6,67,67301,2013,1,4,2216,22,3,1,0,5,1, , ,N,0,0,0,3,0,1,4,2,N,N,39 57:24.834,75 09:14.828,2227, ,2220,1,1,4,N, ,0,N, , , , , , , , ,2,1,0,0,0,0,1,0,0,0,0,1,1,0,0,1,0,0,0,0,0,0,0,0,0,0,0,0,0,0,0,0,0,0,0,4,0,39.9569,-75.1541, , 
47424,515261,2013032496,6,67,67301,2013,2,1,1300,13,1,1,0,8,1, , ,N,1,2,0,3,0,1,2,2,N, ,39 57:16.822,75 11:40.080,1318, ,1316, ,0, , , ,3, , , , , , , , , ,1,0,0,0,0,0,0,1,0,0,0,0,1,1,0,0,0,0,0,0,0,0,0,0,0,0,0,0,0,0,0,0,1,0,0,8,0,39.9547,-75.1945, , 
47425,515272,2013041372,6,67,67301,2013,3,5,950,9,1,1,0,4,1, , ,N,1,3,0,3,0,4,4,2,N,N,39 57:45.834,75 12:13.931,1000, ,958, ,0, ,N, ,3, , , , , , , , , ,2,0,0,0,0,0,2,0,0,0,0,0,4,4,0,0,0,0,0,0,0,1,0,4,0,0,0,0,0,0,0,0,0,0,0,8,0,39.9627,-75.2039, , 
47426,515275,2013045362,6,67,67301,2013,3,2,909,9,1,1,0,4,1, , ,N,0,0,3,3,0,0,2,2,N,N,40 00:44.144,75 12:18.865,925, ,917,2,1,4,N, ,0,N, , , , , , , , ,2,2,0,0,0,0,0,0,0,0,0,0,0,0,0,0,0,0,0,0,0,0,0,0,0,0,0,0,0,0,0,0,0,0,0,0,0,40.0123,-75.2052, , 
47427,515290,2013013048,6,67,67301,2013,1,2,618,6,3,1,0,9,1, , ,N,0,0,0,3,0,0,1,1,N,N,39 55:50.268,75 08:44.730,641, ,621, ,0, ,N, ,0, , , , , , , , , ,1,1,0,0,0,0,0,0,0,0,0,0,0,0,0,0,0,0,0,0,0,0,0,0,0,0,0,0,0,0,0,0,0,0,0,0,0,39.9305,-75.1458, , 
47428,515309,2013037349,6,67,67301,2013,3,5,1525,15,1,1,0,1,1, , ,N,0,0,0,3,0,2,3,2,N,N,40 01:26.508,75 07:54.773,1553, ,1527, ,0, ,N, ,0, , , , , , , , , ,2,1,0,0,0,0,0,1,0,0,0,0,2,2,0,0,0,0,0,0,0,0,0,0,0,0,0,0,0,0,0,0,0,0,0,8,0,40.024,-75.1319, , 
47429,515313,2013041965,6,67,67301,2013,3,3,9999,99,1,1,0,4,1, , ,N,1,3,0,3,0,1,2,2,N, ,39 55:05.952,75 10:19.837,1630, ,1616, ,0, , , ,3, , , , , , , , , ,2,1,0,0,1,0,0,0,0,0,0,1,1,0,0,0,0,0,0,0,2,0,0,0,0,0,0,0,0,0,0,0,0,0,0,4,0,39.9183,-75.1722, , 
47430,515318,2013046397,6,67,67301,2013,4,2,250,2,3,1,0,7,2, , ,N,0,0,0,3,0,0,1,1,N, ,40 02:48.746,75 03:08.357,258, ,252, ,0, , , ,0, , , , , , , , , ,1,1,0,0,0,0,0,0,0,0,0,0,0,0,0,0,0,0,0,1,0,0,0,0,0,0,0,0,0,0,0,0,0,0,0,0,0,40.0469,-75.0523, , 
47431,515320,2013047317,6,67,67301,2013,3,2,1058,10,1,1,0,4,1, , ,N,1,3,0,3,0,1,2,6,N,N,39 58:57.522,75 09:51.872,9999, ,1058,3,2,7,N, ,3,Y, , , , , , , , ,6,5,0,0,0,0,1,0,0,0,0,1,1,0,0,0,0,0,0,0,1,0,0,0,0,0,0,0,0,0,0,0,0,0,0,4,0,39.9826,-75.1644, , 
47432,515321,2013047362,6,67,67301,2013,4,6,9999,99,1,1,0,4,1, , ,N,0,0,7,3,0,1,2,2,N, ,40 02:24.622,75 10:44.500,1459, ,1459, ,0, , , ,0, , , , , , , , , ,2,0,1,0,1,0,0,0,0,0,0,1,1,0,0,0,0,0,0,0,0,1,0,0,0,0,0,0,0,0,0,0,0,0,0,4,0,40.0402,-75.179, , 
47433,515330,2013055611,6,67,67301,2013,4,3,1330,13,1,1,0,1,1, , ,N,2,2,0,3,0,1,2,2,N,N,39 57:28.586,75 09:50.892,1359, ,1346, ,0, ,N, ,3, , , , , , , , , ,2,1,0,0,0,0,1,0,0,0,0,0,1,1,0,0,0,0,0,0,1,0,0,0,0,0,0,0,0,0,0,0,0,0,0,8,0,39.9579,-75.1641, , 
47434,515360,2013037375,6,67,67301,2013,3,1,1057,10,1,1,0,4,1, , ,N,1,2,0,3,0,1,2,2,N,N,39 58:24.024,75 14:05.125,1057, ,1057,9,1,1,N, ,3,N, , , , , , , , ,2,2,0,0,0,0,0,0,0,0,1,0,1,0,0,0,0,0,0,0,0,0,0,0,0,0,0,0,0,0,0,0,0,0,0,3,0,39.9733,-75.2348, , 
47435,515367,2013047292,6,67,67301,2013,4,4,1615,16,1,1,0,4,1, , ,N,1,3,0,3,0,1,4,3,N,N,39 57:46.318,75 11:50.257,1620, ,1615,2,2,1,N, ,3,Y, , , , , , , , ,3,1,0,0,1,0,0,0,0,0,0,1,1,0,0,0,0,0,0,0,1,0,0,0,0,0,0,0,0,0,0,0,0,0,0,4,0,39.9629,-75.1973, , 
47436,515386,2013016183,6,67,67301,2013,1,2,1835,18,3,1,0,8,4, , ,N,1,2,0,3,0,1,2,2,N,N,40 02:07.261,75 02:22.084,1836, ,1836,2,2,3,N, ,2,Y, , , , , , , , ,1,0,0,0,1,0,0,0,0,0,1,0,1,0,0,0,0,0,0,0,0,0,0,1,0,0,0,0,0,0,0,0,1,0,0,3,0,40.0354,-75.0395, , 
47437,515394,2013022578,6,67,67301,2013,2,5,40,0,3,1,0,1,1,2,4,Y,0,0,0,3,0,2,3,2,N,N,39 54:01.727,75 09:24.529,45,55,43,2,2,2,N, ,0,N,Y,N,N,Y,Y,Y,N,N,2,1,0,0,0,0,1,0,0,0,0,2,2,0,0,0,0,0,0,1,1,0,0,1,0,0,0,0,0,0,0,0,0,0,0,4,0,39.9005,-75.1568, , 
47438,515395,2013023545,6,67,67301,2013,1,3,1745,17,3,1,0,8,1, , ,N,1,2,0,3,0,1,2,2,N,N,40 03:10.938,74 58:57.912,1818, ,1810, ,0, ,N, ,3, , , , , , , , , ,1,1,0,0,0,0,0,0,0,0,0,1,1,0,1,0,0,0,0,0,0,0,0,0,0,0,0,0,0,0,0,0,1,0,0,4,0,40.053,-74.9827, , 
47439,515396,2013024912,6,67,67301,2013,1,5,1135,11,1,1,0,8,1, , ,N,0,0,0,3,0,1,5,2,N,N,40 01:35.940,75 09:08.380,1150, ,1145, ,0, ,N, ,0, , , , , , , , , ,1,1,0,0,0,0,0,0,0,0,1,0,1,0,0,0,0,0,0,0,0,0,0,3,0,0,0,0,0,0,0,0,1,0,0,3,0,40.0267,-75.1523, , 
47440,519132,2013055321,6,67,67301,2013,5,7,1725,17,1,1,0,4,1, , ,N,0,0,0,3,0,3,3,2,N,N,39 57:19.147,75 11:29.697,1734, ,1730, ,0, ,N, ,0, , , , , , , , , ,2,2,0,0,0,0,0,0,0,0,2,0,3,1,0,0,0,0,0,0,0,0,1,0,0,0,0,0,0,0,0,0,0,0,0,3,0,39.9553,-75.1916, , 
47441,519152,2013022782,6,67,67301,2013,2,2,1411,14,1,1,0,1,1, , ,N,6,4,2,3,0,1,3,2,N,N,39 56:44.167,75 11:25.033,1425, ,1415,1,1,4,N, ,3,N, , , , , , , , ,2,1,0,0,0,0,1,0,0,0,0,0,1,1,0,0,0,0,0,0,0,0,0,0,0,0,0,0,0,0,0,0,0,0,0,8,0,39.9456,-75.1903, , 
47442,519161,2013030108,6,67,67301,2013,2,6,1745,17,3,2,1,4,1, , ,N,1,2,0,3,0,2,4,2,N,N,39 57:11.721,75 14:11.587,1755, ,1745, ,0, , , ,3, , , , , , , , , ,2,2,0,0,0,0,0,0,0,0,0,0,2,2,0,0,0,0,0,0,0,1,0,0,0,0,0,0,0,0,0,0,0,0,0,8,0,39.9533,-75.2366, , 
47443,519169,2013035155,6,67,67301,2013,3,6,2025,20,4,1,0,8,1, , ,N,1,2,0,3,0,1,2,2,N,N,39 56:52.000,75 13:38.791,2025, ,2025, ,0, ,N, ,3, , , , , , , , , ,1,0,0,0,1,0,0,0,0,0,1,0,1,0,0,0,0,0,0,0,0,0,0,0,0,0,0,0,0,0,0,0,1,0,0,3,0,39.9478,-75.2274, , 
47444,519170,2013035612,6,67,67301,2013,2,4,1700,17,1,1,0,4,1, , ,N,3,0,0,3,0,1,5,3,N, ,39 59:55.504,75 09:12.757,1715, ,1710, ,0, , , ,0, , , , , , , , , ,3,3,0,0,0,0,0,0,0,0,0,1,1,0,0,0,0,0,0,0,0,0,0,0,0,0,0,0,0,0,0,0,0,0,0,4,0,39.9987,-75.1534, , 
47445,519175,2013043414,6,67,67301,2013,3,3,2010,20,3,1,0,8,1, , ,N,0,0,0,3,0,1,2,2,N,N,40 00:34.209,75 10:03.284,2017, ,2016, ,0, ,N, ,0, , , , , , , , , ,1,1,0,0,0,0,0,0,0,0,1,0,1,0,0,0,0,0,0,0,0,0,0,0,0,0,0,0,0,0,0,0,1,0,0,3,0,40.0095,-75.1676, , 
47446,519197,2013024448,6,46,46104,2013,2,5,657,6,1,1,0,4,1, , ,N,1,2,0,3,0,2,2,2,N,N,39 59:17.883,75 15:14.303,703, ,658,2,2,2,N, ,3,Y, , , , , , , , ,2,1,0,0,0,0,1,0,0,0,0,0,2,2,0,0,0,0,0,0,0,0,0,0,0,0,0,0,0,0,0,0,0,0,0,8,0,39.9883,-75.254, , 
47447,519200,2013026126,6,67,67301,2013,1,2,1850,18,4,2,1,8,1, , ,N,1,2,0,3,0,1,2,2,N,N,39 57:12.138,75 10:17.638,1920, ,1910, ,0, ,N, ,3, , , , , , , , , ,1,1,0,0,0,0,0,0,0,0,0,0,1,1,0,0,0,0,0,0,0,0,0,0,0,0,0,0,0,0,0,0,1,0,0,8,0,39.9534,-75.1716, , 
47448,519206,2013029745,6,67,67301,2013,2,2,815,8,1,2,1,7,4, , ,N,0,0,0,3,0,9,9,1,N,N,39 58:56.213,75 12:22.131,833, ,821,2,2,5,N, ,0,Y, , , , , , , , ,1,0,0,0,0,0,0,1,0,0,0,9,9,0,0,0,0,0,0,0,0,0,0,0,0,0,0,0,0,0,0,0,0,0,0,4,0,39.9823,-75.2061, , 
47449,519212,2013032949,6,67,67301,2013,2,2,1225,12,1,1,0,8,1, , ,N,1,3,0,3,0,1,2,2,N, ,39 56:59.046,75 13:15.470,1241, ,1225, ,0, , , ,3, , , , , , , , , ,1,1,0,0,0,0,0,0,0,0,0,1,1,0,0,0,0,0,0,0,0,0,0,0,0,0,0,0,0,0,0,0,1,0,0,4,0,39.9497,-75.221, , 
47450,519220,2013046266,6,67,67301,2013,4,6,1143,11,1,2,1,5,1, , ,N,0,0,0,3,0,0,2,2,N,N,39 59:10.251,75 12:56.578,1210, ,1206, ,0, ,N, ,0, , , , , , , , , ,2,1,0,0,1,0,0,0,0,0,0,0,0,0,0,0,0,0,0,0,0,0,0,0,0,0,0,0,0,0,0,0,0,0,0,0,0,39.9862,-75.2157, , 
47451,519232,2013005943,6,67,67301,2013,1,2,501,5,3,5,1,5,1, , ,N,0,0,0,3,0,0,2,2,N,N,39 58:50.726,75 12:22.455,502, ,502,1,1,3,N, ,0,N, , , , , , , , ,2,1,0,0,0,0,1,0,0,0,0,0,0,0,0,0,0,0,0,0,1,0,0,0,0,0,0,0,0,0,0,0,0,0,0,0,0,39.9808,-75.2062, , 
47452,519262,2013037441,6,67,67301,2013,3,7,337,3,3,1,0,1,1, , ,N,1,2,0,3,0,3,3,2,N,N,40 00:57.144,75 09:13.828,339, ,338,1,2,7,N, ,3,Y, , , , , , , , ,2,2,0,0,0,0,0,0,0,0,1,1,3,1,0,0,0,0,0,0,0,0,0,2,0,0,0,0,0,0,0,0,0,0,0,3,0,40.0159,-75.1538, , 
47453,519277,2013055495,6,67,67301,2013,5,5,1554,15,1,1,0,4,1, , ,N,0,0,7,3,0,1,2,2,N,N,39 59:52.987,75 04:39.054,1610, ,1606, ,0, ,N, ,0, , , , , , , , , ,1,1,0,0,0,0,0,0,1,0,0,1,1,0,0,0,0,0,0,0,1,0,0,0,0,0,0,0,0,0,0,0,0,0,0,4,0,39.9981,-75.0775, , 
47454,519301,2013035220,6,67,67301,2013,3,2,1629,16,1,1,0,1,1, , ,N,2,2,0,3,0,0,6,5,N,N,40 01:41.058,75 05:27.008,1636, ,1631,2,1,1,N, ,3,N, , , , , , , , ,5,2,0,0,0,0,2,1,0,0,0,0,0,0,0,0,0,0,0,0,2,0,0,0,0,0,0,0,0,0,0,0,0,0,0,0,0,40.0281,-75.0908, , 
47455,519302,2013035623,6,67,67301,2013,3,6,2300,23,3,1,0,1,2, , ,N,1,0,0,3,0,0,1,4,N,N,40 01:49.519,75 06:58.726,2345, ,2330, ,0, ,N, ,0, , , , , , , , , ,4,3,0,0,0,0,0,0,0,0,0,0,0,0,0,0,0,0,0,0,0,0,0,0,0,0,0,0,0,0,0,0,0,0,0,0,0,40.0304,-75.1163, , 
47456,519307,2013043757,6,67,67301,2013,3,2,1220,12,1,4,1,1,1, , ,N,1,2,0,3,0,1,3,2,N,N,39 58:48.797,75 09:27.327,1220, ,1220, ,0, ,N, ,3, , , , , , , , , ,2,1,0,0,0,0,1,0,0,0,0,1,1,0,0,0,0,0,0,0,1,0,0,0,0,0,0,0,0,0,0,0,0,0,0,4,0,39.9802,-75.1575, , 
47457,519357,2013043410,6,67,67301,2013,3,1,1805,18,3,2,1,7,4, , ,N,0,0,0,3,0,0,1,1,N,N,39 59:07.720,75 08:10.165,1925, ,1915, ,0, , , ,0, , , , , , , , , ,1,1,0,0,0,0,0,0,0,0,0,0,0,0,1,0,1,0,0,0,0,0,0,0,0,0,0,0,0,0,0,0,0,0,0,9,0,39.9855,-75.1362, , 
47458,523315,2013047106,6,67,67301,2013,5,6,1440,14,1,1,0,1,1, , ,N,2,2,0,3,0,1,4,2,N, ,39 54:09.565,75 09:08.096,1500, ,1440,2,1,2,N, ,3,N, , , , , , , , ,2,0,0,0,1,1,0,0,0,0,0,1,1,0,0,0,0,0,0,0,1,1,0,0,0,0,0,0,0,0,0,0,0,0,0,4,1,39.9027,-75.1522, , 
47459,523320,2013053003,6,67,67301,2013,4,3,1627,16,1,1,0,4,1, , ,N,2,3,0,3,0,3,4,2,N,N,39 57:39.963,75 14:24.723,1639, ,1639, ,0, , , ,3, , , , , , , , , ,2,2,0,0,0,0,0,0,0,0,0,3,3,0,0,0,0,1,0,0,0,0,0,1,0,0,0,0,0,0,0,0,0,0,0,4,0,39.9611,-75.2402, , 
47460,523349,2013022216,6,67,67301,2013,1,4,2045,20,3,8,1,4,1, , ,N,1,2,0,3,0,0,2,2,N,N,39 56:44.732,75 10:00.371,2105, ,2057,1,2,3,N, ,3,Y, , , , , , , , ,2,2,0,0,0,0,0,0,0,0,0,0,0,0,0,0,0,0,0,0,0,0,0,0,0,0,0,0,0,0,0,0,0,0,0,0,0,39.9458,-75.1668, , 
47461,523352,2013025015,6,46,46102,2013,1,1,1214,12,1,1,0,4,1, , ,N,0,0,0,3,0,1,2,2,N,N,40 04:35.466,75 09:45.515,1224, ,1216, ,0, ,N, ,0, , , , , , , , , ,2,1,0,0,0,0,0,0,0,0,0,0,1,1,0,0,0,0,0,0,0,0,1,0,0,0,0,0,0,0,0,0,0,0,0,8,0,40.0765,-75.1626, , 
47462,523356,2013029692,6,67,67301,2013,2,6,2009,20,3,1,0,4,1, , ,N,0,0,0,3,0,1,1,3,N,N,39 57:33.595,75 10:02.748,2027, ,2019, ,0, ,N, ,0, , , , , , , , , ,3,3,0,0,0,0,0,0,0,0,0,1,1,0,0,0,0,0,0,0,0,0,0,0,0,0,0,0,0,0,0,0,0,0,0,4,0,39.9593,-75.1674, , 
47463,523360,2013032509,6,67,67301,2013,2,2,1636,16,1,1,0,5,1, , ,N,1,0,0,3,0,1,3,2,N, ,39 57:11.738,75 09:44.747,1704, ,1701, ,0, , , ,0, , , , , , , , , ,2,1,0,1,0,0,0,0,0,0,0,0,1,1,0,0,0,0,0,0,0,0,0,2,0,0,0,0,0,0,0,0,0,0,0,8,1,39.9533,-75.1625, , 
47464,523366,2013041342,6,67,67301,2013,3,7,2120,21,3,1,0,4,1, , ,N,0,0,0,3,0,0,1,5,N, ,40 02:06.788,75 10:49.472,2130, ,2125,1,2,4,N, ,0,Y, , , , , , , , ,5,4,0,0,0,0,1,0,0,0,0,0,0,0,0,0,0,0,0,0,1,0,0,0,0,0,0,0,0,0,0,0,0,0,0,0,0,40.0352,-75.1804, , 
47465,523372,2013047332,6,67,67301,2013,4,1,139,1,3,1,0,1,2, , ,N,0,0,0,3,0,1,1,2,N,N,40 01:51.452,75 07:27.103,149, ,144, ,0, ,N, ,0, , , , , , , , , ,2,0,0,0,1,0,1,0,0,0,0,1,1,0,0,0,0,0,0,0,0,0,0,1,0,0,0,0,0,0,0,0,0,0,0,4,0,40.031,-75.1242, , 
47466,523412,2013037363,6,67,67301,2013,3,4,2029,20,3,2,1,7,4, , ,N,0,0,3,3,0,1,1,1,N,N,39 56:40.965,75 14:19.820,2031, ,2031,3,2,5, , ,0,Y, , , , , , , , ,1,0,0,0,1,0,0,0,0,0,0,1,1,0,0,0,0,0,0,0,1,0,0,1,0,0,0,0,0,0,0,0,0,0,0,4,0,39.9447,-75.2388, , 