objectid_1,objectid,crn,district,county,municipality,crash_year,crash_month,day_of_week,time_of_day,hour_of_day,illumination,weather,road_condition,collision_type,relation_to_road,work_zone_type,work_zone_loc,work_zone_ind,intersect_type,tcd_type,location_type,urban_rural,fatal_count,injury_count,person_count,total_units,sch_bus_ind,sch_zone_ind,latitude,longitude,arrival_tm,cons_zone_spd_lim,dispatch_tm,est_hrs_closed,lane_closed,ln_close_dir,ntfy_hiwy_maint,spec_juris_cd,tcd_func_cd,tfc_detour_ind,workers_pres,wz_close_detour,wz_flagger,wz_law_offcr_ind,wz_ln_closure,wz_moving,wz_other,wz_shlder_mdn,vehicle_count,automobile_count,motorcycle_count,bus_count,small_truck_count,heavy_truck_count,suv_count,van_count,bicycle_count,maj_inj_count,mod_inj_count,min_inj_count,tot_inj_count,unk_inj_deg_count,unk_inj_per_count,driver_count_16yr,driver_count_17yr,driver_count_18yr,driver_count_19yr,driver_count_20yr,driver_count_50_64yr,driver_count_65_74yr,driver_count_75plus,unbelted_occ_count,unb_death_count,unb_maj_inj_count,belted_death_count,belted_maj_inj_count,mcycle_death_count,mcycle_maj_inj_count,bicycle_death_count,bicycle_maj_inj_count,ped_count,ped_death_count,ped_maj_inj_count,max_severity_level,comm_veh_count,dec_lat,dec_long,rdwy_surf_type_cd,county_name
47534,523551,2013031487,6,67,67301,2013,2,5,530,5,5,1,1,5,1, , ,N,0,0,0,3,0,0,1,3,N,N,39 56:29.439,75 13:27.274,743, ,740, ,0, ,N, ,0, , , , , , , , , ,3,3,0,0,0,0,0,0,0,0,0,0,0,0,1,0,0,0,0,0,0,0,0,0,0,0,0,0,0,0,0,0,0,0,0,9,0,39.9415,-75.2242, , 
47535,523559,2013045361,6,67,67301,2013,3,1,9999,99,4,1,0,5,2, , ,N,1,2,0,3,0,0,1,2,N,N,40 01:20.660,75 04:41.477,1625, ,1620, ,0, , , ,3, , , , , , , , , ,2,2,0,0,0,0,0,0,0,0,0,0,0,0,0,0,0,0,0,0,0,0,0,0,0,0,0,0,0,0,0,0,0,0,0,0,0,40.0224,-75.0781, , 
47536,523591,2013024931,6,67,67301,2013,1,7,823,8,1,1,4,4,1, , ,N,0,0,7,3,0,1,2,3,N,N,40 06:00.936,74 59:06.702,838, ,334, ,0, , , ,0, , , , , , , , , ,3,0,0,0,0,0,3,0,0,0,0,1,1,0,0,0,0,0,0,0,1,1,0,0,0,0,0,0,0,0,0,0,0,0,0,4,0,40.1003,-74.9852, , 
47537,523601,2013035609,6,67,67301,2013,3,7,9999,99,3,1,0,4,1, , ,N,1,0,0,3,0,1,2,2,N,N,39 54:20.727,75 11:38.377,9999, ,9999, ,0, , , ,0, , , , , , , , , ,2,2,0,0,0,0,0,0,0,0,0,1,1,0,0,0,0,0,0,0,0,0,0,0,0,0,0,0,0,0,0,0,0,0,0,4,0,39.9057,-75.1938, , 
47538,523632,2013012053,6,67,67301,2013,1,6,1320,13,1,1,0,1,2, , ,N,0,0,0,3,0,0,2,2,N,N,40 01:10.358,75 04:00.966,1325, ,1322, ,0, ,N, ,0, , , , , , , , , ,2,1,0,0,0,0,1,0,0,0,0,0,0,0,0,0,0,0,0,0,0,1,0,0,0,0,0,0,0,0,0,0,0,0,0,0,0,40.0195,-75.0669, , 
47539,523637,2013022256,6,67,67301,2013,1,2,824,8,1,1,0,4,1, , ,N,1,2,0,3,0,0,1,5,N,N,39 59:40.347,75 10:04.137,825, ,825,1,1,5,N, ,3,N, , , , , , , , ,5,4,0,0,0,0,0,1,0,0,0,0,0,0,1,0,0,0,0,0,0,1,0,0,0,0,0,0,0,0,0,0,0,0,0,9,0,39.9945,-75.1678, , 
47540,523638,2013022316,6,67,67301,2013,1,7,155,1,3,1,0,4,1, , ,N,1,2,0,3,0,0,3,2,N,N,39 55:02.019,75 14:14.620,201, ,201, ,0, ,N, ,3, , , , , , , , , ,2,2,0,0,0,0,0,0,0,0,0,0,0,0,0,0,0,0,0,0,0,0,0,0,0,0,0,0,0,0,0,0,0,0,0,0,0,39.9172,-75.2374, , 
47541,523639,2013023510,6,67,67301,2013,1,1,219,2,3,1,0,1,1, , ,N,0,2,0,3,0,3,3,2,N,N,40 01:21.130,75 08:12.206,225, ,221,1,1,1,N, ,3,Y, , , , , , , , ,2,2,0,0,0,0,0,0,0,0,0,0,3,3,0,0,0,0,0,0,0,0,0,0,0,0,0,0,0,0,0,0,0,0,0,8,0,40.0226,-75.1369, , 
47542,523652,2013035076,6,67,67301,2013,2,3,2300,23,3,2,1,5,6, , ,N,0,0,0,3,0,0,1,3,N,N,39 59:48.408,75 08:14.168,2304, ,2302, ,0, ,N, ,0, , , , , , , , , ,3,2,0,0,0,0,1,0,0,0,0,0,0,0,0,0,0,0,0,0,0,0,0,0,0,0,0,0,0,0,0,0,0,0,0,0,0,39.9968,-75.1373, , 
47543,523675,2013012012,6,67,67301,2013,1,2,1435,14,1,1,0,1,1, , ,N,1,2,0,3,0,2,3,2,N,N,40 01:37.420,75 02:27.884,1438, ,1437, ,0, , , ,3, , , , , , , , , ,2,1,0,1,0,0,0,0,0,0,0,2,2,0,0,0,0,0,0,0,0,0,0,0,0,0,0,0,0,0,0,0,0,0,0,4,1,40.0271,-75.0411, , 
47544,523676,2013012049,6,67,67301,2013,1,6,1050,10,1,1,0,4,1, , ,N,1,2,0,3,0,0,2,2,N, ,39 57:27.359,75 09:31.193,1104, ,1103,1,1,4, , ,3,N, , , , , , , , ,2,0,0,0,0,0,2,0,0,0,0,0,0,0,0,0,0,0,0,0,0,1,0,0,0,0,0,0,0,0,0,0,0,0,0,0,0,39.9576,-75.1586, , 
47545,523677,2013012076,6,67,67301,2013,1,2,1950,19,3,1,0,7,5, , ,N,0,0,0,3,0,2,2,2,N,N,40 04:01.383,75 05:01.946,2006, ,2006, ,0, ,N, ,0, , , , , , , , , ,2,0,0,0,0,0,0,2,0,0,0,2,2,0,0,0,0,0,0,0,0,0,0,0,0,0,0,0,0,0,0,0,0,0,0,4,0,40.0671,-75.0839, , 
47546,523700,2013038546,6,67,67301,2013,3,6,1819,18,1,1,0,5,2, , ,N,0,0,0,3,0,1,2,3,N,N,39 59:42.921,75 06:56.548,1819, ,1819, ,0, ,N, ,0, , , , , , , , , ,2,1,0,0,0,0,0,1,0,0,0,1,1,0,0,0,0,0,0,0,0,0,0,0,0,0,0,0,0,0,0,0,1,0,0,4,0,39.9953,-75.1157, , 
47547,523704,2013041295,6,67,67301,2013,3,3,1804,18,1,1,0,0,1, , ,N,0,0,0,3,0,1,1,1,N,N,39 54:12.387,75 09:30.567,1807, ,1804, ,0, , , ,0, , , , , , , , , ,1,0,1,0,0,0,0,0,0,0,1,0,1,0,0,0,0,0,0,0,0,0,0,0,0,0,0,0,0,0,0,0,0,0,0,3,0,39.9034,-75.1585, , 
47548,523710,2013047689,6,67,67301,2013,5,7,234,2,3,1,0,5,1, , ,N,0,0,0,3,0,4,4,2,N,N,39 53:57.029,75 10:40.388,242, ,237,1,1,2,N, ,0,N, , , , , , , , ,2,1,0,0,1,0,0,0,0,0,2,2,4,0,0,0,0,0,0,0,0,0,0,2,0,0,0,0,0,0,0,0,0,0,0,3,0,39.8992,-75.1779, , 
47549,527221,2013055446,6,67,67301,2013,4,2,1420,14,1,2,1,4,1, , ,N,0,0,0,3,0,0,3,3,N,N,40 01:04.149,75 12:40.920,1443, ,441,1,1,2,N, ,0,N, , , , , , , , ,3,1,0,0,1,1,0,0,0,0,0,0,0,0,0,0,0,0,0,0,2,0,0,0,0,0,0,0,0,0,0,0,0,0,0,0,1,40.0179,-75.2114, , 
47550,527251,2013023981,6,67,67301,2013,2,5,2209,22,3,1,0,4,1, , ,N,1,2,0,3,0,1,3,2,N,N,40 00:30.704,75 12:38.642,2212, ,2210, ,0, ,N, ,3, , , , , , , , , ,2,2,0,0,0,0,0,0,0,0,0,1,1,0,0,0,0,0,0,0,0,0,0,1,0,0,0,0,0,0,0,0,0,0,0,4,0,40.0084,-75.211, , 
47551,527271,2013050265,6,67,67301,2013,4,3,800,8,1,1,0,8,1, , ,N,0,0,0,3,0,1,2,2,N,N,39 57:49.253,75 14:20.783,835, ,830, ,0, ,N, ,0, , , , , , , , , ,1,1,0,0,0,0,0,0,0,0,0,0,1,1,0,0,0,0,0,0,0,1,0,0,0,0,0,0,0,0,0,0,1,0,0,8,0,39.9637,-75.2391, , 
47552,527317,2013047219,6,67,67301,2013,4,6,9999,99,1,1,0,1,1, , ,N,1,2,0,3,0,1,2,2,N,N,39 59:47.549,75 11:15.520,9999, ,1620, ,0, ,N, ,3, , , , , , , , , ,2,0,0,0,2,0,0,0,0,0,0,1,1,0,0,0,0,0,0,0,0,0,0,0,0,0,0,0,0,0,0,0,0,0,0,4,0,39.9966,-75.1876, , 
47553,527321,2013050347,6,67,67301,2013,4,2,2156,21,3,1,0,4,1, , ,N,1,2,0,3,0,1,2,2,N,N,39 57:25.688,75 12:51.554,2200, ,2156, ,0, ,N, ,3, , , , , , , , , ,2,2,0,0,0,0,0,0,0,0,0,0,1,1,0,0,0,0,0,0,0,0,0,0,0,0,0,0,0,0,0,0,0,0,0,8,0,39.9571,-75.2143, , 
47554,527326,2013054616,6,67,67301,2013,4,1,130,1,3,6,6,1,2, , ,N,0,0,0,3,0,1,1,3,N, ,39 59:55.879,75 04:13.644,142, ,135,9,1,1, , ,0,N, , , , , , , , ,3,2,0,0,0,0,0,1,0,0,0,1,1,0,0,0,0,0,0,0,0,0,0,0,0,0,0,0,0,0,0,0,0,0,0,4,0,39.9989,-75.0705, , 
47555,527339,2013012093,6,67,67301,2013,1,1,940,9,1,1,1,4,1, , ,N,2,0,0,3,0,2,2,2,N,N,40 06:37.877,75 01:28.898,948, ,945, ,0, ,N, ,0, , , , , , , , , ,2,2,0,0,0,0,0,0,0,0,0,0,2,2,0,0,0,0,0,0,0,0,0,0,0,0,0,0,0,0,0,0,0,0,0,8,0,40.1105,-75.0247, , 
47556,527365,2013042780,6,67,67301,2013,4,6,2205,22,3,1,0,1,1, , ,N,0,0,0,3,0,0,3,3,N,N,39 59:43.274,75 11:51.404,2208, ,2207,1,1,4,N, ,0,N, , , , , , , , ,3,3,0,0,0,0,0,0,0,0,0,0,0,0,0,0,0,0,0,0,0,0,0,0,0,0,0,0,0,0,0,0,0,0,0,0,0,39.9954,-75.1976, , 
47557,527405,2013043789,6,67,67301,2013,3,3,940,9,1,2,1,7,3, , ,N,0,0,1,3,0,1,1,1,N,N,39 55:17.447,75 11:26.117,946, ,941,1,2,2, , ,0,Y, , , , , , , , ,1,1,0,0,0,0,0,0,0,0,1,0,1,0,0,0,0,0,0,0,0,0,0,0,0,0,0,0,0,0,0,0,0,0,0,3,0,39.9215,-75.1906, , 
47558,527407,2013045092,6,67,67301,2013,4,3,944,9,1,1,0,1,1, , ,N,0,0,0,3,0,1,2,2,N,N,39 57:24.534,75 09:12.490,958, ,945,1,1,3,N, ,0,N, , , , , , , , ,2,2,0,0,0,0,0,0,0,0,0,1,1,0,0,0,0,0,0,1,0,0,0,0,0,0,0,0,0,0,0,0,0,0,0,4,0,39.9568,-75.1535, , 
47559,527410,2013047201,6,67,67301,2013,4,6,2255,22,3,2,1,1,1, , ,N,0,0,0,3,0,4,5,3,N, ,39 56:45.089,75 14:25.018,2329, ,2327, ,0, , , ,0, , , , , , , , , ,3,3,0,0,0,0,0,0,0,0,0,4,4,0,0,0,0,0,0,0,1,0,0,0,0,0,0,0,0,0,0,0,0,0,0,4,0,39.9459,-75.2403, , 
47560,527426,2013070296,6,67,67301,2013,6,2,1657,16,1,1,0,7,5, , ,N,1,2,0,3,0,1,3,2,N,N,39 58:28.020,75 09:31.391,9999, ,1657, ,0, ,N, ,3, , , , , , , , , ,2,2,0,0,0,0,0,0,0,0,0,1,1,0,0,0,0,1,0,0,0,0,0,0,0,0,0,0,0,0,0,0,0,0,0,4,0,39.9745,-75.1587, , 
47561,527442,2013029618,6,67,67301,2013,2,3,842,8,1,1,0,8,1, , ,N,1,2,0,3,0,1,2,2,N,N,40 04:17.013,75 09:40.693,842, ,842, ,0, ,N, ,3, , , , , , , , , ,1,0,0,0,0,0,1,0,0,0,0,1,1,0,0,0,0,0,0,0,1,0,0,0,0,0,0,0,0,0,0,0,1,0,0,4,0,40.0714,-75.1613, , 
47562,527471,2013062977,6,67,67301,2013,6,5,1854,18,1,2,1,7,2, , ,N,0,0,0,3,0,0,1,1,N,N,39 55:56.153,75 12:00.424,1905, ,1854,2,1,4,Y, ,0,N, , , , , , , , ,1,0,0,0,0,1,0,0,0,0,0,0,0,0,0,0,0,0,0,0,0,0,0,0,0,0,0,0,0,0,0,0,0,0,0,0,1,39.9323,-75.2001, , 
47563,527502,2013029685,6,67,67301,2013,2,2,1045,10,1,1,0,8,1, , ,N,0,0,0,3,0,1,2,2,N,N,40 01:41.164,75 10:21.432,1056, ,1049, ,0, ,N, ,0, , , , , , , , , ,1,1,0,0,0,0,0,0,0,0,0,1,1,0,0,0,0,0,0,0,0,0,0,0,0,0,0,0,0,0,0,0,1,0,0,4,0,40.0281,-75.1726, , 
47564,527506,2013035033,6,67,67301,2013,3,3,1741,17,1,1,0,8,1, , ,N,0,0,7,3,0,1,2,2,N, ,40 06:06.808,75 02:22.895,1755, ,1043, ,0, , , ,0, , , , , , , , , ,1,1,0,0,0,0,0,0,0,0,0,0,1,1,0,0,0,0,0,0,1,0,0,0,0,0,0,0,0,0,0,0,1,0,0,8,0,40.1019,-75.0397, , 
47565,527513,2013041314,6,67,67301,2013,3,7,24,0,3,1,0,7,5, , ,N,0,0,0,3,0,0,4,1,N,N,39 58:10.658,75 13:28.108,46, ,37, ,0, ,N, ,0, , , , , , , , , ,1,1,0,0,0,0,0,0,0,0,0,0,0,0,0,0,0,0,0,0,0,0,0,0,0,0,0,0,0,0,0,0,0,0,0,0,0,39.9696,-75.2245, , 
47566,527517,2013047532,6,67,67301,2013,5,7,16,0,3,1,0,1,1,2,4,Y,0,0,0,3,0,0,2,2,N,N,40 02:09.076,75 01:01.348,40,45,19, ,0, ,N, ,0, ,Y,N,N,N,Y,N,N,Y,2,1,0,0,0,0,0,1,0,0,0,0,0,0,0,0,0,0,0,0,1,0,0,0,0,0,0,0,0,0,0,0,0,0,0,0,0,40.0359,-75.017, , 
47567,527520,2013050083,6,67,67301,2013,4,1,127,1,3,1,0,7,3, , ,N,0,0,0,3,0,1,1,1,N,N,39 52:36.248,75 15:17.414,135, ,128, ,0, ,N, ,0, , , , , , , , , ,1,1,0,0,0,0,0,0,0,0,1,0,1,0,0,0,0,0,0,0,0,0,0,0,0,0,0,0,0,0,0,0,0,0,0,3,0,39.8767,-75.2548, , 
47568,515741,2013030107,6,67,67301,2013,2,5,1820,18,3,1,0,8,1, , ,N,2,2,0,3,0,1,3,2,N,N,40 01:26.924,75 07:59.558,1835, ,1825,1,2,3,N, ,3,N, , , , , , , , ,1,1,0,0,0,0,0,0,0,0,1,0,1,0,0,0,0,0,0,0,0,0,0,0,0,0,0,0,0,0,0,0,1,0,0,3,0,40.0241,-75.1332, , 
47569,515756,2013046274,6,67,67301,2013,4,6,2112,21,3,1,0,8,1, , ,N,0,0,0,3,0,1,3,2,N,N,39 59:05.557,75 10:12.068,2116, ,2115, ,0, ,N, ,0, , , , , , , , , ,1,0,0,0,0,0,1,0,0,0,1,0,1,0,0,0,0,0,0,0,1,0,0,0,0,0,0,0,0,0,0,0,1,0,0,3,0,39.9849,-75.17, , 
47570,515788,2013041326,6,67,67301,2013,2,1,130,1,3,4,1,4,1, , ,N,1,2,0,3,0,1,4,2,N,N,40 00:28.314,75 10:20.141,327, ,317, ,0, ,N, ,3, , , , , , , , , ,2,2,0,0,0,0,0,0,0,1,0,0,1,0,1,0,0,0,0,0,0,0,0,0,0,0,0,1,0,0,0,0,0,0,0,2,0,40.0079,-75.1723, , 
47571,515790,2013047815,6,67,67301,2013,4,7,1030,10,1,1,0,4,1, , ,N,0,0,0,3,0,1,2,2,N,N,40 05:39.002,75 01:51.076,1030, ,1030,1,1,1,N, ,0,N, , , , , , , , ,1,1,0,0,0,0,0,0,1,0,1,0,1,0,0,0,0,0,1,0,0,0,0,0,0,0,0,0,0,0,0,0,0,0,0,3,0,40.0942,-75.0309, , 
47572,515797,2013055340,6,67,67301,2013,5,7,1229,12,1,1,0,4,1, , ,N,1,2,2,3,0,1,3,2,N,N,39 59:12.208,75 12:27.247,1235, ,1229, ,0, ,N, ,9, , , , , , , , , ,2,2,0,0,0,0,0,0,0,0,0,0,1,1,0,0,0,0,0,0,1,0,0,0,0,0,0,0,0,0,0,0,0,0,0,8,0,39.9867,-75.2076, , 
47573,515804,2013062631,6,67,67301,2013,5,4,1540,15,1,1,0,4,1, , ,N,1,3,0,3,0,2,3,2,N,N,40 01:12.550,75 04:42.977,1545, ,1545, ,0, ,N, ,3, , , , , , , , , ,2,2,0,0,0,0,0,0,0,0,1,1,2,0,0,0,0,0,0,1,0,0,0,1,0,0,0,0,0,0,0,0,0,0,0,3,0,40.0202,-75.0786, , 
47574,515805,2013062976,6,67,67301,2013,6,4,640,6,1,1,0,1,1,1,4,Y,0,0,0,3,0,0,5,4,N,N,40 01:27.916,75 01:50.981,657,45,640,1,2,1,N, ,0,Y,N,N,N,N,N,N,Y,N,4,1,0,0,1,0,2,0,0,0,0,0,0,0,1,0,0,0,0,0,0,0,0,0,0,0,0,0,0,0,0,0,0,0,0,9,0,40.0244,-75.0308, , 
47575,515806,2013065559,6,67,67301,2013,5,7,1637,16,1,1,0,8,1, , ,N,2,3,0,3,0,1,2,2,N,N,40 01:34.093,75 07:40.519,1735, ,1659, ,0, ,N, ,3, , , , , , , , , ,1,1,0,0,0,0,0,0,0,0,0,1,1,0,0,0,0,0,0,0,0,0,0,0,0,0,0,0,0,0,0,0,1,0,0,4,0,40.0261,-75.1279, , 
47576,515819,2013011987,6,67,67301,2013,1,3,1829,18,1,1,0,1,1, , ,N,0,0,0,3,0,0,1,2,N,N,40 01:35.178,75 05:44.893,1846, ,1820,1,1,2,N, ,0,N, , , , , , , , ,2,1,0,0,0,0,1,0,0,0,0,0,0,0,0,0,0,0,0,0,0,1,0,0,0,0,0,0,0,0,0,0,0,0,0,0,0,40.0264,-75.0958, , 
47577,515828,2013024919,6,67,67301,2013,1,5,1424,14,1,1,0,1,1, , ,N,0,0,0,3,0,0,2,2,N,N,40 04:53.938,74 59:40.757,1640, ,1639, ,0, ,N, ,0, , , , , , , , , ,2,1,0,0,1,0,0,0,0,0,0,0,0,0,0,0,0,0,0,0,0,0,0,0,0,0,0,0,0,0,0,0,0,0,0,0,0,40.0816,-74.9947, , 
47578,515834,2013030109,6,67,67301,2013,2,4,1650,16,1,1,0,4,1, , ,N,1,2,0,3,0,1,3,2,N,N,40 02:12.235,75 03:52.193,1705, ,1655, ,0, ,N, ,3, , , , , , , , , ,2,1,0,0,0,0,0,1,0,0,0,1,1,0,0,0,0,0,0,1,0,0,0,0,0,0,0,0,0,0,0,0,0,0,0,4,0,40.0367,-75.0645, , 
47579,515838,2013032488,6,67,67301,2013,2,7,2145,21,3,1,0,4,1, , ,N,1,3,0,3,0,3,3,3,N, ,40 02:04.768,75 06:37.094,2155, ,2150, ,0, , , ,3, , , , , , , , , ,2,0,0,0,1,0,0,1,0,0,0,1,3,2,0,0,0,0,0,0,0,0,0,0,0,0,0,0,0,0,0,0,0,0,0,4,0,40.0347,-75.1103, , 
47580,515891,2013038999,6,67,67301,2013,3,3,119,1,3,2,1,7,2, , ,N,0,0,0,3,0,0,1,1,N,N,39 57:38.799,75 10:54.172,126, ,123,1,2,4,N, ,0,Y, , , , , , , , ,1,1,0,0,0,0,0,0,0,0,0,0,0,0,0,0,0,0,0,0,0,0,0,0,0,0,0,0,0,0,0,0,0,0,0,0,0,39.9608,-75.1817, , 
47581,515914,2013012109,6,67,67301,2013,1,2,1500,15,1,1,0,5,1, , ,N,0,0,0,3,0,1,7,2,Y,N,40 01:34.517,75 07:15.705,1515, ,1503,1,2,2,N, ,0,Y, , , , , , , , ,2,0,0,1,1,0,0,0,0,0,0,1,1,0,0,0,0,0,0,0,0,0,0,0,0,0,0,0,0,0,0,0,0,0,0,4,1,40.0263,-75.121, , 
47582,515925,2013026981,6,67,67301,2013,2,6,1850,18,6,1,0,8,1, , ,N,1,3,0,3,0,1,2,2,N,N,39 56:06.640,75 10:31.933,1910, ,1900, ,0, ,N, ,3, , , , , , , , , ,1,0,0,0,0,0,1,0,0,0,0,1,1,0,0,0,0,0,0,0,0,1,0,0,0,0,0,0,0,0,0,0,1,0,0,4,0,39.9352,-75.1755, , 
47583,515953,2013055475,6,67,67301,2013,5,7,1920,19,1,1,0,4,1, , ,N,1,2,0,3,0,2,2,2,N, ,39 58:51.848,75 14:34.202,1938, ,1935,2,2,7, , ,3,N, , , , , , , , ,2,2,0,0,0,0,0,0,0,0,0,1,2,1,0,0,0,0,0,0,1,0,0,1,0,0,0,0,0,0,0,0,0,0,0,4,0,39.9811,-75.2428, , 
47584,515984,2013030097,6,67,67301,2013,2,4,725,7,1,1,0,1,1, , ,N,0,0,0,3,0,0,7,3,N,N,40 02:42.082,75 07:25.567,731, ,729, ,0, ,N, ,0, , , , , , , , , ,3,1,0,0,0,0,1,1,0,0,0,0,0,0,0,0,0,0,0,0,2,0,0,0,0,0,0,0,0,0,0,0,0,0,0,0,0,40.045,-75.1238, , 
47585,515997,2013041352,6,67,67301,2013,3,7,1255,12,1,1,0,4,7, , ,N,7,0,2,3,0,2,5,2,N,N,40 00:38.272,75 11:04.414,1305, ,1256,1,1,2,N, ,0,N, , , , , , , , ,2,2,0,0,0,0,0,0,0,0,0,2,2,0,0,0,0,0,0,0,0,0,0,0,0,0,0,0,0,0,0,0,0,0,0,4,0,40.0106,-75.1846, , 
47586,519604,2013050225,6,67,67301,2013,4,5,804,8,1,1,0,4,7, , ,N,1,3,2,3,0,1,2,2,N,N,39 59:11.983,75 12:29.919,812, ,809, ,0, ,N, ,3, , , , , , , , , ,2,2,0,0,0,0,0,0,0,0,0,0,1,1,0,0,0,0,0,0,1,0,0,0,0,0,0,0,0,0,0,0,0,0,0,8,0,39.9867,-75.2083, , 
47587,519618,2013009133,6,67,67301,2013,1,7,1247,12,1,1,0,7,2, , ,N,0,0,0,3,0,1,2,1,N,N,39 58:49.617,75 12:20.750,1254, ,1248,1,1,4,N, ,0,N, , , , , , , , ,1,0,0,0,0,0,1,0,0,0,0,0,1,1,0,0,0,0,0,1,0,0,0,0,0,0,0,0,0,0,0,0,0,0,0,8,0,39.9804,-75.2058, , 
47588,519629,2013026652,6,67,67301,2013,2,6,630,6,5,1,0,1,1, , ,N,0,0,0,3,0,0,2,2,N,N,40 02:19.052,75 00:34.832,647, ,632, ,0, ,N, ,0, , , , , , , , , ,2,2,0,0,0,0,0,0,0,0,0,0,0,0,0,0,0,0,0,0,0,0,0,0,0,0,0,0,0,0,0,0,0,0,0,0,0,40.0386,-75.0097, , 
47589,519646,2013043402,6,67,67301,2013,3,7,2150,21,3,1,0,4,1, , ,N,0,0,0,3,0,1,1,2,N,N,39 59:42.576,75 06:06.829,25, ,18, ,0, , , ,0, , , , , , , , , ,2,1,0,0,1,0,0,0,0,0,0,0,1,1,0,0,0,0,0,0,0,0,1,0,0,0,0,0,0,0,0,0,0,0,0,8,0,39.9952,-75.1019, , 
47590,519647,2013043773,6,67,67301,2013,3,7,125,1,3,1,0,4,1, , ,N,1,3,0,3,0,4,4,4,N,N,39 55:14.869,75 09:05.601,207, ,207,9,2,7,N, ,3,Y, , , , , , , , ,4,4,0,0,0,0,0,0,0,0,0,4,4,0,0,0,1,0,0,0,0,0,0,0,0,0,0,0,0,0,0,0,0,0,0,4,0,39.9208,-75.1516, , 
47591,519660,2013062547,6,67,67301,2013,4,2,1431,14,1,2,1,4,1, , ,N,1,3,0,3,0,1,2,3,N,N,39 59:51.432,75 07:46.127,1635, ,1633, ,0, ,N, ,3, , , , , , , , , ,3,1,0,0,0,0,0,2,0,0,0,0,1,1,0,0,0,0,0,0,1,0,0,2,0,0,0,0,0,0,0,0,0,0,0,8,0,39.9976,-75.1295, , 
47592,519672,2013024921,6,67,67301,2013,2,2,140,1,3,1,1,4,1, , ,N,1,3,0,3,0,2,4,2,N,N,39 56:12.858,75 09:00.809,147, ,143, ,0, ,N, ,3, , , , , , , , , ,2,2,0,0,0,0,0,0,0,0,0,2,2,0,0,0,0,0,0,0,0,0,0,0,0,0,0,0,0,0,0,0,0,0,0,4,0,39.9369,-75.1502, , 
47593,519673,2013026933,6,67,67301,2013,2,2,806,8,1,2,1,4,1, , ,N,1,1,0,3,0,1,2,2,N,N,39 55:47.512,75 08:40.032,811, ,806,2,1,2,N, ,3,N, , , , , , , , ,2,0,0,0,0,0,0,2,0,0,0,1,1,0,0,0,0,0,0,0,0,0,0,0,0,0,0,0,0,0,0,0,0,0,0,4,0,39.9299,-75.1445, , 
47594,519674,2013027677,6,67,67301,2013,2,7,841,8,1,1,0,1,1, , ,N,1,2,0,3,0,5,7,2,N,N,39 56:38.601,75 10:07.543,849, ,841, ,0, ,N, ,3, , , , , , , , , ,2,2,0,0,0,0,0,0,0,0,0,5,5,0,0,0,0,0,0,0,0,0,0,7,0,0,0,0,0,0,0,0,0,0,0,4,0,39.9441,-75.1688, , 
47595,519695,2013055486,6,67,67301,2013,5,4,707,7,1,2,1,6,1, , ,N,0,0,0,3,0,1,2,2,N,N,39 59:07.141,75 12:44.788,710, ,707, ,0, ,N, ,0, , , , , , , , , ,2,1,0,0,0,0,0,1,0,0,0,0,1,1,0,0,0,0,0,0,0,0,0,0,0,0,0,0,0,0,0,0,0,0,0,8,0,39.9853,-75.2124, , 
47596,519746,2013044103,6,67,67301,2013,3,4,700,7,1,1,0,4,6, , ,N,0,0,0,3,0,0,1,2,N,N,39 54:53.301,75 09:19.056,725, ,718, ,0, ,N, ,0, , , , , , , , , ,2,0,0,0,1,0,1,0,0,0,0,0,0,0,0,0,0,0,0,0,0,0,0,1,0,0,0,0,0,0,0,0,0,0,0,0,0,39.9148,-75.1553, , 
47597,519774,2013024968,6,67,67301,2013,2,2,900,9,1,1,1,8,5, , ,N,1,2,0,3,0,1,2,2,N,N,40 05:41.833,75 00:55.566,930, ,930, ,0, ,N, ,3, , , , , , , , , ,1,0,0,0,1,0,0,0,0,0,0,0,1,1,0,0,0,0,0,0,0,0,0,0,0,0,0,0,0,0,0,0,1,0,0,8,0,40.095,-75.0154, , 
47598,519780,2013029670,6,67,67301,2013,2,6,855,8,1,2,1,4,1, , ,N,0,0,0,3,0,0,2,2,N, ,40 05:48.958,74 58:14.487,902, ,856, ,0, , , ,0, , , , , , , , , ,2,1,0,0,0,0,1,0,0,0,0,0,0,0,0,0,0,0,0,0,0,0,0,0,0,0,0,0,0,0,0,0,0,0,0,0,0,40.0969,-74.9707, , 
47599,519795,2013038691,6,67,67301,2013,4,6,440,4,3,2,1,7,2, , ,N,0,0,0,3,0,0,2,1,N,N,39 56:42.247,75 11:27.484,452, ,443, ,0, ,N, ,0, , , , , , , , , ,1,1,0,0,0,0,0,0,0,0,0,0,0,0,0,0,0,0,0,0,0,0,0,0,0,0,0,0,0,0,0,0,0,0,0,0,0,39.9451,-75.191, , 
47600,519815,2013012015,6,67,67301,2013,1,3,731,7,1,1,0,7,5, , ,N,0,0,0,3,0,1,1,1,N,N,40 01:16.140,75 04:35.518,737, ,731,9,1,4, , ,0,N, , , , , , , , ,1,1,0,0,0,0,0,0,0,0,0,1,1,0,0,0,0,0,0,0,0,0,0,0,0,0,0,0,0,0,0,0,0,0,0,4,0,40.0212,-75.0765, , 
47601,519821,2013016286,6,67,67301,2013,1,6,740,7,1,1,0,4,1, , ,N,1,2,0,3,0,4,4,2,N,N,40 02:33.169,75 07:44.993,749, ,749,3,2,7,N, ,3,Y, , , , , , , , ,2,1,0,0,0,0,1,0,0,0,2,2,4,0,0,0,0,0,0,0,0,0,0,0,0,0,0,0,0,0,0,0,0,0,0,3,0,40.0425,-75.1292, , 