objectid_1,objectid,crn,district,county,municipality,crash_year,crash_month,day_of_week,time_of_day,hour_of_day,illumination,weather,road_condition,collision_type,relation_to_road,work_zone_type,work_zone_loc,work_zone_ind,intersect_type,tcd_type,location_type,urban_rural,fatal_count,injury_count,person_count,total_units,sch_bus_ind,sch_zone_ind,latitude,longitude,arrival_tm,cons_zone_spd_lim,dispatch_tm,est_hrs_closed,lane_closed,ln_close_dir,ntfy_hiwy_maint,spec_juris_cd,tcd_func_cd,tfc_detour_ind,workers_pres,wz_close_detour,wz_flagger,wz_law_offcr_ind,wz_ln_closure,wz_moving,wz_other,wz_shlder_mdn,vehicle_count,automobile_count,motorcycle_count,bus_count,small_truck_count,heavy_truck_count,suv_count,van_count,bicycle_count,maj_inj_count,mod_inj_count,min_inj_count,tot_inj_count,unk_inj_deg_count,unk_inj_per_count,driver_count_16yr,driver_count_17yr,driver_count_18yr,driver_count_19yr,driver_count_20yr,driver_count_50_64yr,driver_count_65_74yr,driver_count_75plus,unbelted_occ_count,unb_death_count,unb_maj_inj_count,belted_death_count,belted_maj_inj_count,mcycle_death_count,mcycle_maj_inj_count,bicycle_death_count,bicycle_maj_inj_count,ped_count,ped_death_count,ped_maj_inj_count,max_severity_level,comm_veh_count,dec_lat,dec_long,rdwy_surf_type_cd,county_name
47669,520033,2013037409,6,67,67301,2013,3,5,1931,19,3,1,0,6,1, , ,N,2,0,0,3,0,0,2,2,N,N,39 56:27.423,75 13:05.933,1934, ,1934, ,0, ,N, ,0, , , , , , , , , ,2,2,0,0,0,0,0,0,0,0,0,0,0,0,0,0,0,0,0,0,0,0,0,0,0,0,0,0,0,0,0,0,0,0,0,0,0,39.941,-75.2183, , 
47670,520034,2013037419,6,67,67301,2013,3,6,1000,10,1,1,0,4,1, , ,N,2,0,0,3,0,1,4,3,N,N,40 00:47.880,75 11:02.857,1016, ,1013, ,0, ,N, ,0, , , , , , , , , ,2,2,0,0,0,0,0,0,0,1,0,0,1,0,0,0,0,0,0,0,0,1,0,0,0,0,0,0,0,0,0,0,1,0,1,2,0,40.0134,-75.1841, , 
47671,520040,2013042788,6,67,67301,2013,4,6,1254,12,1,2,1,7,2, , ,N,0,0,0,3,0,1,1,1,N,N,40 02:30.184,75 00:15.708,1305, ,1254, ,0, ,N, ,0, , , , , , , , , ,1,0,0,0,0,0,1,0,0,0,0,0,1,1,0,0,0,0,0,0,0,0,0,0,0,0,0,0,0,0,0,0,0,0,0,8,0,40.0417,-75.0044, , 
47672,520047,2013047308,6,67,67301,2013,4,4,1145,11,1,1,0,4,1, , ,N,2,3,0,3,0,1,3,2,N, ,39 59:47.900,75 10:20.017,1149, ,1148, ,0, , , ,3, , , , , , , , , ,1,1,0,0,0,0,0,0,1,0,0,1,1,0,0,0,0,0,0,0,0,0,0,0,0,0,0,0,0,0,0,0,0,0,0,4,0,39.9966,-75.1722, , 
47673,520071,2013037493,6,67,67301,2013,3,1,126,1,3,1,1,4,1, , ,N,2,0,0,3,0,2,3,2,N,N,40 02:20.379,75 08:54.812,132, ,128,3,2,6,N, ,0,Y, , , , , , , , ,2,2,0,0,0,0,0,0,0,0,1,1,2,0,0,0,0,1,0,0,0,0,0,1,0,0,0,0,0,0,0,0,0,0,0,3,0,40.039,-75.1486, , 
47674,520074,2013042798,6,67,67301,2013,4,5,46,0,3,1,0,7,7, , ,N,7,0,2,3,0,0,1,1,N,N,39 57:41.799,75 10:56.905,56, ,49,2,1,4,Y, ,0,N, , , , , , , , ,1,1,0,0,0,0,0,0,0,0,0,0,0,0,0,0,0,0,1,0,0,0,0,0,0,0,0,0,0,0,0,0,0,0,0,0,0,39.9616,-75.1825, , 
47675,520093,2013063111,6,67,67301,2013,5,2,1635,16,1,1,0,7,2, , ,N,0,0,6,3,0,1,1,2,N,N,40 04:04.635,75 02:26.272,1648, ,1643,2,1,2,N, ,0,N, , , , , , , , ,1,1,0,0,0,0,0,0,0,0,0,1,1,0,0,0,0,1,0,0,0,0,0,0,0,0,0,0,0,0,0,0,0,0,0,4,0,40.0678,-75.0407, , 
47676,520101,2013005320,6,67,67301,2013,1,4,2142,21,3,1,0,1,1,1,4,Y,0,0,0,3,0,1,6,4,N,N,40 00:57.056,75 03:08.391,2148,45,2146,1,1,1,N, ,0,N,Y,N,N,Y,Y,N,N,Y,4,4,0,0,0,0,0,0,0,0,0,1,1,0,0,0,0,0,0,0,1,0,0,2,0,0,0,0,0,0,0,0,0,0,0,4,0,40.0158,-75.0524, , 
47677,520130,2013035165,6,67,67301,2013,3,5,2044,20,3,2,1,8,1, , ,N,0,0,0,3,0,1,2,2,N,N,40 02:57.069,75 02:39.854,2055, ,2045,2,1,1, , ,0,N, , , , , , , , ,1,1,0,0,0,0,0,0,0,0,1,0,1,0,1,0,0,0,0,0,0,0,0,0,0,0,0,0,0,0,0,0,1,0,0,3,0,40.0492,-75.0444, , 
47678,520145,2013055490,6,67,67301,2013,5,7,1811,18,1,1,0,4,1, , ,N,1,2,0,3,0,1,4,2,N,N,39 54:52.617,75 09:53.387,1817, ,1813,2,1,4,N, ,3,N, , , , , , , , ,2,0,0,0,1,0,1,0,0,0,1,0,1,0,0,0,0,0,0,0,0,0,0,0,0,0,0,0,0,0,0,0,0,0,0,3,0,39.9146,-75.1648, , 
47679,523901,2013043879,6,67,67301,2013,4,2,1546,15,1,1,0,1,1, , ,N,0,0,0,3,0,0,3,2,N,N,39 57:26.214,75 09:26.688,1546, ,1546, ,0, ,N, ,0, , , , , , , , , ,2,2,0,0,0,0,0,0,0,0,0,0,0,0,0,0,1,0,1,0,0,0,0,0,0,0,0,0,0,0,0,0,0,0,0,0,0,39.9573,-75.1574, , 
47680,523903,2013045508,6,67,67301,2013,2,6,2225,22,3,1,0,5,1, , ,N,0,0,0,3,0,1,2,2,N,N,39 59:02.329,75 05:48.907,2240, ,2228,2,1,2,N, ,0,N, , , , , , , , ,2,1,0,0,0,0,1,0,0,0,0,1,1,0,0,0,0,0,0,0,1,0,0,0,0,0,0,0,0,0,0,0,0,0,0,4,0,39.984,-75.0969, , 
47681,523914,2013017095,6,67,67301,2013,2,1,2359,23,3,4,1,7,2, , ,N,0,0,0,3,0,0,2,2,N,N,39 55:38.114,75 11:42.878,27, ,20, ,0, ,N, ,0, , , , , , , , , ,2,2,0,0,0,0,0,0,0,0,0,0,0,0,0,0,0,0,0,0,0,0,0,0,0,0,0,0,0,0,0,0,0,0,0,0,0,39.9273,-75.1952, , 
47682,523925,2013027679,6,67,67301,2013,2,7,2347,23,3,1,0,4,3, , ,N,1,0,0,3,0,2,2,2,N,N,40 00:41.644,75 06:28.900,2350, ,2348,3,2,7,N, ,0,Y, , , , , , , , ,2,1,0,0,1,0,0,0,0,0,0,2,2,0,0,0,0,0,0,0,1,0,0,0,0,0,0,0,0,0,0,0,0,0,0,4,0,40.0116,-75.108, , 
47683,523952,2013053010,6,67,67301,2013,4,4,850,8,1,1,0,4,1, , ,N,1,3,0,3,0,1,2,2,N, ,39 59:47.382,75 13:43.683,1030, ,6, ,0, , , ,3, , , , , , , , , ,2,1,0,0,1,0,0,0,0,0,0,0,1,1,0,0,0,0,0,0,0,0,1,0,0,0,0,0,0,0,0,0,0,0,0,8,0,39.9965,-75.2288, , 
47684,523953,2013055317,6,67,67301,2013,5,2,2200,22,3,1,0,4,1, , ,N,0,2,7,3,0,2,3,2,N,N,40 02:21.953,75 06:36.584,2250, ,2247, ,0, ,N, ,3, , , , , , , , , ,2,2,0,0,0,0,0,0,0,0,0,2,2,0,0,0,0,0,0,0,0,0,0,0,0,0,0,0,0,0,0,0,0,0,0,4,0,40.0394,-75.1102, , 
47685,524002,2013047237,6,67,67301,2013,4,3,235,2,3,1,0,7,5, , ,N,0,0,0,3,0,1,1,1,N,N,40 02:04.192,75 04:17.795,242, ,238,2,1,1,Y, ,0,Y, , , , , , , , ,1,1,0,0,0,0,0,0,0,0,0,0,1,1,0,0,0,0,0,0,0,0,0,0,0,0,0,0,0,0,0,0,0,0,0,8,0,40.0345,-75.0716, , 
47686,524027,2013039252,6,67,67301,2013,3,7,1744,17,1,1,0,1,1, , ,N,0,0,0,3,0,0,3,2,N,N,39 58:19.977,75 07:20.225,1748, ,1744, ,0, ,N, ,0, , , , , , , , , ,2,1,0,0,0,0,1,0,0,0,0,0,0,0,0,0,0,0,0,0,1,0,0,0,0,0,0,0,0,0,0,0,0,0,0,0,0,39.9721,-75.1224, , 
47687,524036,2013047338,6,67,67301,2013,4,5,2317,23,3,1,0,4,1, , ,N,1,2,0,3,0,2,2,2,N,N,39 55:26.800,75 10:03.408,2327, ,2323,3,1,4,N, ,3,Y, , , , , , , , ,2,1,0,0,0,0,1,0,0,0,0,2,2,0,0,0,0,0,0,0,1,0,0,0,0,0,0,0,0,0,0,0,0,0,0,4,0,39.9241,-75.1676, , 
47688,524037,2013047840,6,67,67301,2013,5,3,1615,16,1,1,0,4,1, , ,N,0,0,0,3,0,0,2,2,N,N,39 59:02.316,75 09:23.930,1623, ,1620,1,1,1,N, ,0,N, , , , , , , , ,2,1,0,0,0,0,1,0,0,0,0,0,0,0,0,0,0,0,0,0,0,0,0,0,0,0,0,0,0,0,0,0,0,0,0,0,0,39.984,-75.1566, , 
47689,524048,2013066849,6,67,67301,2013,3,6,450,4,6,1,0,1,1, , ,N,1,2,0,3,0,1,2,2,N,N,39 55:11.208,75 11:17.768,0, ,0, ,0, ,N, ,3, , , , , , , , , ,2,2,0,0,0,0,0,0,0,0,0,0,1,1,1,0,1,0,0,0,0,0,0,0,0,0,0,0,0,0,0,0,0,0,0,8,0,39.9198,-75.1883, , 
47690,524056,2013007310,6,67,67301,2013,1,5,655,6,1,1,0,2,1, , ,N,1,2,0,3,0,2,2,2,N,N,40 05:18.096,75 02:38.680,704, ,658,3,2,3,N, ,3,Y, , , , , , , , ,2,2,0,0,0,0,0,0,0,0,0,2,2,0,0,0,0,0,0,0,0,1,1,0,0,0,0,0,0,0,0,0,0,0,0,4,0,40.0884,-75.044, , 
47691,524061,2013016177,6,67,67301,2013,1,2,1520,15,1,1,0,8,1, , ,N,1,2,0,3,0,1,2,2,N,N,39 58:26.859,75 12:15.536,1526, ,1525, ,0, ,N, ,3, , , , , , , , , ,1,0,0,0,0,0,1,0,0,0,0,1,1,0,0,0,0,0,0,0,0,0,0,0,0,0,0,0,0,0,0,0,1,0,0,4,0,39.9741,-75.2043, , 
47692,524067,2013022294,6,67,67301,2013,1,7,230,2,3,1,0,7,2, , ,N,0,2,0,3,0,0,2,1,N,N,40 01:43.546,75 06:04.445,240, ,230, ,0, ,Y, ,3, , , , , , , , , ,1,1,0,0,0,0,0,0,0,0,0,0,0,0,0,0,0,0,0,0,0,0,0,0,0,0,0,0,0,0,0,0,0,0,0,0,0,40.0288,-75.1012, , 
47693,524088,2013046313,6,67,67301,2013,4,1,9999,99,1,1,0,8,1, , ,N,0,0,0,3,0,1,2,2,N,N,39 59:20.666,75 08:12.145,1727, ,1715, ,0, ,N, ,0, , , , , , , , , ,1,1,0,0,0,0,0,0,0,0,1,0,1,0,0,0,0,0,0,0,0,0,0,1,0,0,0,0,0,0,0,0,1,0,0,3,0,39.9891,-75.1367, , 
47694,524110,2013024869,6,67,67301,2013,2,7,1500,15,1,1,0,5,6, , ,N,0,0,0,3,0,1,1,4,N,N,39 57:46.939,75 11:25.569,1511, ,1510, ,0, ,N, ,0, , , , , , , , , ,4,3,0,0,1,0,0,0,0,0,0,1,1,0,0,0,0,0,0,0,1,0,0,0,0,0,0,0,0,0,0,0,0,0,0,4,0,39.963,-75.1904, , 
47695,524119,2013035004,6,67,67301,2013,2,5,1150,11,1,1,0,4,1, , ,N,1,3,0,3,0,2,4,2,N,N,40 02:12.433,75 04:09.245,1225, ,1221, ,0, ,N, ,3, , , , , , , , , ,2,1,0,0,0,0,1,0,0,0,0,0,2,2,0,0,0,0,0,0,1,0,0,0,0,0,0,0,0,0,0,0,0,0,0,8,0,40.0368,-75.0692, , 
47696,524142,2013070017,6,67,67301,2013,6,3,251,2,3,2,1,7,5, , ,N,0,0,0,3,0,1,1,1,N, ,40 02:19.404,75 06:34.980,258, ,253,3,2,6, , ,0,Y, , , , , , , , ,1,1,0,0,0,0,0,0,0,0,0,0,1,1,0,0,0,0,0,0,0,0,0,0,0,0,0,0,0,0,0,0,0,0,0,8,0,40.0387,-75.1097, , 
47697,524143,2013070968,6,67,67301,2013,6,4,2315,23,3,1,0,4,1, , ,N,1,2,0,3,0,0,2,2,N,N,39 57:36.745,75 11:27.211,2315, ,2315, ,0, ,N, ,3, , , , , , , , , ,2,0,0,0,0,0,2,0,0,0,0,0,0,0,0,0,0,0,0,0,0,0,0,0,0,0,0,0,0,0,0,0,0,0,0,0,0,39.9602,-75.1909, , 
47698,525951,2013029734,6,67,67301,2013,1,4,1611,16,1,1,0,2,1, , ,N,1,2,0,3,0,3,4,3,N, ,39 59:09.031,75 12:56.230,1614, ,1612,2,1,2, , ,3,N, , , , , , , , ,3,3,0,0,0,0,0,0,0,0,0,3,3,0,0,0,0,0,0,0,3,0,0,0,0,0,0,0,0,0,0,0,0,0,0,4,0,39.9858,-75.2156, , 
47699,525956,2013035111,6,67,67301,2013,3,7,1237,12,1,1,0,8,1, , ,N,2,3,0,3,0,1,2,2,N,N,39 59:18.574,75 08:55.215,1243, ,1240, ,0, , , ,3, , , , , , , , , ,1,0,0,0,0,0,1,0,0,0,0,1,1,0,0,0,0,0,0,0,1,0,0,0,0,0,0,0,0,0,0,0,1,0,0,4,0,39.9885,-75.1487, , 
47700,525973,2013054369,6,67,67301,2013,5,6,1320,13,1,2,1,1,1, , ,N,0,0,0,3,0,0,2,2,N,N,39 56:58.542,75 11:03.370,1339, ,1321,1,2,3,N, ,0,N, , , , , , , , ,2,2,0,0,0,0,0,0,0,0,0,0,0,0,0,0,0,0,0,0,0,0,0,0,0,0,0,0,0,0,0,0,0,0,0,0,0,39.9496,-75.1843, , 
47701,525989,2013012057,6,67,67301,2013,1,4,900,9,1,1,0,1,1, , ,N,1,2,0,3,0,1,2,2,N,N,40 02:45.643,75 07:55.661,903, ,901, ,0, ,N, ,3, , , , , , , , , ,2,1,0,0,0,0,0,1,0,0,0,1,1,0,0,0,0,0,0,0,1,0,0,0,0,0,0,0,0,0,0,0,0,0,0,4,0,40.046,-75.1321, , 
47702,526006,2013024887,6,67,67301,2013,1,5,1459,14,1,1,0,8,1, , ,N,1,2,0,3,0,1,2,2,N,N,39 57:12.850,75 10:23.484,1502, ,1500, ,0, ,N, ,3, , , , , , , , , ,1,1,0,0,0,0,0,0,0,1,0,0,1,0,0,0,0,0,0,0,1,0,0,0,0,0,0,0,0,0,0,0,1,0,1,2,0,39.9536,-75.1732, , 
47703,526018,2013043790,6,67,67301,2013,3,7,245,2,3,1,0,5,1, , ,N,1,0,0,3,0,0,3,2,N,N,39 58:12.142,75 08:38.778,300, ,253, ,0, ,N, ,0, , , , , , , , , ,2,1,0,1,0,0,0,0,0,0,0,0,0,0,0,0,0,0,0,0,0,0,0,0,0,0,0,0,0,0,0,0,0,0,0,0,1,39.97,-75.1441, , 
47704,526053,2013035641,6,67,67301,2013,3,2,830,8,1,1,0,8,1, , ,N,2,2,0,3,0,1,2,2,N,N,39 57:04.885,75 09:18.588,830, ,830, ,0, ,N, ,3, , , , , , , , , ,1,1,0,0,0,0,0,0,0,1,0,0,1,0,0,0,0,0,0,0,1,0,0,0,0,0,0,0,0,0,0,0,1,0,1,2,0,39.9513,-75.1551, , 
47705,526088,2013022236,6,67,67301,2013,1,7,637,6,1,1,0,8,1, , ,N,1,2,0,3,0,1,2,2,N,N,39 57:14.549,75 10:36.033,641, ,638, ,0, ,N, ,3, , , , , , , , , ,1,0,0,0,1,0,0,0,0,0,0,0,1,1,0,0,0,0,0,0,0,0,0,0,0,0,0,0,0,0,0,0,1,0,0,8,0,39.954,-75.1767, , 
47706,526093,2013035272,6,67,67301,2013,3,3,710,7,1,1,0,4,1, , ,N,0,0,0,3,0,2,2,2,N,N,40 00:30.837,75 05:01.066,712, ,711, ,0, ,N, ,0, , , , , , , , , ,2,2,0,0,0,0,0,0,0,0,1,1,2,0,0,0,0,0,0,0,0,0,0,0,0,0,0,0,0,0,0,0,0,0,0,3,0,40.0086,-75.0836, , 
47707,526096,2013038548,6,67,67301,2013,3,1,2355,23,3,1,0,5,6, , ,N,0,0,0,3,0,1,2,4,N,N,40 03:47.832,75 09:42.602,0, ,2357, ,0, ,N, ,0, , , , , , , , , ,4,2,0,0,2,0,0,0,0,0,1,0,1,0,0,0,0,0,0,0,0,0,0,0,0,0,0,0,0,0,0,0,0,0,0,3,0,40.0633,-75.1618, , 
47708,526104,2013050875,6,67,67301,2013,5,3,1723,17,1,1,0,1,1, , ,N,0,0,0,3,0,1,4,2,N,N,39 56:09.093,75 11:59.122,1730, ,1730, ,0, ,N, ,0, , , , , , , , , ,2,2,0,0,0,0,0,0,0,0,0,0,1,1,0,0,0,0,0,0,0,0,0,0,0,0,0,0,0,0,0,0,0,0,0,8,0,39.9343,-75.2, , 
47709,526109,2013065377,6,67,67301,2013,6,1,1326,13,1,1,0,4,1, , ,N,1,2,0,3,0,0,3,2,N,N,40 01:50.524,75 03:42.293,1327, ,1326, ,0, ,N, ,3, , , , , , , , , ,2,1,0,0,0,0,1,0,0,0,0,0,0,0,1,0,0,0,0,0,0,0,0,0,0,0,0,0,0,0,0,0,0,0,0,9,0,40.0307,-75.0617, , 
47710,526110,2013065505,6,67,67301,2013,5,7,2050,20,3,2,1,4,1, , ,N,0,2,0,3,0,0,3,3,N,N,40 01:30.536,75 13:22.124,2055, ,2050,1,1,1,N, ,3,N, , , , , , , , ,3,2,0,0,0,0,1,0,0,0,0,0,0,0,0,0,0,0,0,0,1,1,0,2,0,0,0,0,0,0,0,0,0,0,0,0,0,40.0251,-75.2228, , 
47711,526114,2013070914,6,67,67301,2013,6,6,630,6,1,2,1,4,1, , ,N,1,2,0,3,0,1,2,4,N,N,39 55:23.140,75 09:35.033,642, ,635,1,1,3,N, ,3,N, , , , , , , , ,4,4,0,0,0,0,0,0,0,0,0,1,1,0,0,0,0,0,0,0,2,0,0,0,0,0,0,0,0,0,0,0,0,0,0,4,0,39.9231,-75.1597, , 
47712,526123,2013077393,6,67,67301,2013,6,7,1955,19,1,1,0,4,1, , ,N,1,2,0,3,0,0,3,2,N,N,39 56:39.850,75 09:47.285,2003, ,2000,1,2,1, , ,3,Y, , , , , , , , ,2,2,0,0,0,0,0,0,0,0,0,0,0,0,0,0,0,1,0,0,0,0,0,0,0,0,0,0,0,0,0,0,0,0,0,0,0,39.9444,-75.1631, , 
47713,526125,2013003497,6,67,67301,2013,1,5,1136,11,1,1,0,1,1, , ,N,0,0,0,3,0,2,3,3,N,N,39 55:24.320,75 08:50.465,1143, ,1140,2,1,1,N, ,0,N, , , , , , , , ,3,1,0,0,0,1,0,1,0,0,0,2,2,0,0,0,0,0,0,0,1,0,0,1,0,0,0,0,0,0,0,0,0,0,0,4,1,39.9233,-75.1474, , 
47714,526127,2013005308,6,67,67301,2013,1,4,119,1,3,1,0,7,4, , ,N,2,2,0,3,0,1,1,1,N,N,40 03:35.273,75 00:33.035,119, ,119,3,2,7,N, ,3,Y, , , , , , , , ,1,1,0,0,0,0,0,0,0,0,0,1,1,0,0,0,0,1,0,0,0,0,0,1,0,0,0,0,0,0,0,0,0,0,0,4,0,40.0598,-75.0092, , 
47715,526147,2013029735,6,67,67301,2013,2,2,1131,11,1,2,1,4,1, , ,N,0,0,0,3,0,2,3,2,N,N,40 02:04.285,75 04:55.878,1140, ,1132, ,0, ,N, ,0, , , , , , , , , ,2,1,0,0,1,0,0,0,0,0,0,2,2,0,0,0,0,0,0,1,1,0,0,0,0,0,0,0,0,0,0,0,0,0,0,4,0,40.0345,-75.0822, , 
47716,516289,2013055859,6,67,67301,2013,5,3,1844,18,1,1,0,4,1, , ,N,1,3,0,3,0,1,2,3,N,N,39 57:46.263,75 13:20.146,1850, ,1846, ,0, ,N, ,3, , , , , , , , , ,3,2,0,0,0,0,1,0,0,0,0,0,1,1,1,0,0,0,0,0,0,0,0,1,0,0,0,0,0,0,0,0,0,0,0,8,0,39.9629,-75.2223, , 
47717,516304,2013011988,6,67,67301,2013,1,3,530,5,3,1,0,7,5, , ,N,0,0,0,3,0,1,1,1,N, ,39 55:02.651,75 12:49.104,600, ,546, ,0, , , ,0, , , , , , , , , ,1,0,0,0,0,0,0,1,0,0,0,1,1,0,0,0,0,0,0,0,0,0,0,0,0,0,0,0,0,0,0,0,0,0,0,4,0,39.9172,-75.2145, , 
47718,516313,2013018533,6,67,67301,2013,2,5,1849,18,3,1,0,1,1, , ,N,0,0,0,3,0,3,6,5,N,N,39 55:36.459,75 11:41.362,1849, ,1849,1,2,3,N, ,0,N, , , , , , , , ,5,3,0,0,1,0,0,1,0,0,0,0,3,3,1,0,0,0,0,0,2,0,0,0,0,0,0,0,0,0,0,0,0,0,0,8,0,39.9268,-75.1948, , 
47719,516317,2013022305,6,67,67301,2013,1,2,2055,20,3,4,5,4,1, , ,N,0,0,3,3,0,4,6,6,N,N,39 56:27.591,75 12:16.802,2100, ,2053, ,0, ,Y, ,0, , , , , , , , , ,6,6,0,0,0,0,0,0,0,0,0,4,4,0,0,0,0,0,0,0,2,0,0,0,0,0,0,0,0,0,0,0,0,0,0,4,0,39.941,-75.2047, , 
47720,516321,2013024896,6,67,67301,2013,2,1,1707,17,1,1,0,4,4, , ,N,1,2,0,3,0,1,1,2,N,N,39 58:54.478,75 10:54.811,1709, ,1707, ,0, ,N, ,3, , , , , , , , , ,2,2,0,0,0,0,0,0,0,0,0,0,1,1,0,0,0,0,0,0,0,0,0,0,0,0,0,0,0,0,0,0,0,0,0,8,0,39.9818,-75.1819, , 
47721,516327,2013029648,6,67,67301,2013,2,5,1917,19,3,1,0,8,1, , ,N,1,3,0,3,0,1,2,2,N,Y,40 03:10.886,75 11:19.982,1930, ,1927, ,0, , , ,3, , , , , , , , , ,1,0,0,0,0,0,1,0,0,0,0,0,1,1,0,0,0,0,0,0,1,0,0,0,0,0,0,0,0,0,0,0,1,0,0,8,0,40.053,-75.1889, , 
47722,516334,2013035303,6,67,67301,2013,3,7,2054,20,3,1,0,7,4, , ,N,1,2,0,3,0,1,1,1,N,N,40 01:37.269,75 04:31.638,9999, ,2118, ,0, ,N, ,3, , , , , , , , , ,1,1,0,0,0,0,0,0,0,0,0,0,1,1,0,0,0,0,0,0,0,0,0,0,0,0,0,0,0,0,0,0,0,0,0,8,0,40.027,-75.0755, , 
47723,516350,2013012037,6,67,67301,2013,1,3,955,9,1,1,0,5,1, , ,N,0,0,0,3,0,1,3,2,N,N,40 02:32.290,75 09:44.319,957, ,957,1,2,3, , ,0,Y, , , , , , , , ,2,1,0,0,1,0,0,0,0,0,0,1,1,0,0,0,0,0,0,0,0,0,0,3,0,0,0,0,0,0,0,0,0,0,0,4,0,40.0423,-75.1623, , 
47724,516370,2013037096,6,67,67301,2013,3,6,1140,11,1,1,0,7,4, , ,N,0,0,0,3,0,2,2,1,N,N,39 54:53.062,75 08:52.252,1149, ,1140,2,1,1,N, ,0,N, , , , , , , , ,1,0,0,0,0,0,1,0,0,0,2,0,2,0,0,0,0,0,0,0,0,0,0,2,0,0,0,0,0,0,0,0,0,0,0,3,0,39.9146,-75.1479, , 
47725,516391,2013010622,6,67,67301,2013,1,7,1000,10,1,1,0,1,1,1,4,Y,0,0,0,3,0,4,7,4,N,N,40 01:14.404,75 02:32.721,1009,45,1002,2,2,1,N, ,0,N,N,N,N,N,Y,N,N,Y,4,3,0,0,1,0,0,0,0,0,0,4,4,0,0,0,0,0,0,0,0,0,0,0,0,0,0,0,0,0,0,0,0,0,0,4,0,40.0206,-75.0426, , 
47726,516411,2013029703,6,67,67301,2013,1,1,454,4,3,1,0,7,2, , ,N,2,2,0,3,0,0,1,1,N,N,40 00:53.164,75 05:07.676,504, ,454, ,0, ,N, ,3, , , , , , , , , ,1,1,0,0,0,0,0,0,0,0,0,0,0,0,0,0,0,0,0,0,0,0,0,0,0,0,0,0,0,0,0,0,0,0,0,0,0,40.0148,-75.0855, , 
47727,516413,2013032512,6,67,67301,2013,2,3,1437,14,1,2,1,4,1, , ,N,2,3,0,3,0,4,4,3,N, ,39 56:41.103,75 09:12.059,1446, ,1442, ,0, , , ,3, , , , , , , , , ,3,3,0,0,0,0,0,0,0,0,4,0,4,0,0,0,0,0,0,0,0,1,1,0,0,0,0,0,0,0,0,0,0,0,0,3,0,39.9448,-75.1533, , 
47728,516415,2013037388,6,67,67301,2013,3,7,1535,15,1,1,0,4,1, , ,N,2,0,0,3,0,0,2,3,N, ,40 00:02.593,75 07:29.366,1543, ,1543, ,0, , , ,0, , , , , , , , , ,3,2,0,0,0,0,1,0,0,0,0,0,0,0,0,0,0,0,0,0,1,0,0,1,0,0,0,0,0,0,0,0,0,0,0,0,0,40.0007,-75.1248, , 
47729,516425,2013046230,6,67,67301,2013,4,6,909,9,1,1,0,0,1, , ,N,1,2,0,3,0,1,1,2,N,N,39 57:33.918,75 14:43.386,9999, ,9999, ,0, ,N, ,3, , , , , , , , , ,2,0,0,0,0,1,0,1,0,0,0,1,1,0,0,0,0,0,0,0,1,0,0,1,0,0,0,0,0,0,0,0,0,0,0,4,1,39.9594,-75.2453, , 
47730,516432,2013053089,6,67,67301,2013,4,5,9999,99,1,1,0,1,1, , ,N,1,2,0,3,0,3,4,2,N,N,40 00:31.996,75 04:18.728,1246, ,1243, ,0, , , ,3, , , , , , , , , ,2,1,0,0,0,0,0,1,0,0,0,0,3,3,0,0,0,0,0,0,1,0,0,0,0,0,0,0,0,0,0,0,0,0,0,8,0,40.0089,-75.0719, , 
47731,516445,2013012024,6,67,67301,2013,1,4,1539,15,1,1,0,8,1, , ,N,1,0,0,3,0,1,2,2,N,N,39 59:51.162,75 06:14.547,1612, ,1602, ,0, , , ,0, , , , , , , , , ,1,1,0,0,0,0,0,0,0,0,0,1,1,0,0,0,0,0,0,0,0,0,0,0,0,0,0,0,0,0,0,0,1,0,0,4,0,39.9975,-75.104, , 
47732,516452,2013023517,6,67,67301,2013,1,1,1659,16,1,1,0,4,1, , ,N,1,3,0,3,0,0,4,2,N,N,39 56:15.410,75 08:47.234,1724, ,1702, ,0, ,N, ,3, , , , , , , , , ,2,1,0,0,1,0,0,0,0,0,0,0,0,0,0,0,0,0,0,0,0,0,0,0,0,0,0,0,0,0,0,0,0,0,0,0,0,39.9376,-75.1465, , 
47733,516464,2013032514,6,67,67301,2013,2,4,625,6,3,1,0,8,1, , ,N,0,0,0,3,0,1,2,2,N,N,39 57:02.955,75 11:43.623,635, ,625, ,0, ,N, ,0, , , , , , , , , ,1,1,0,0,0,0,0,0,0,0,0,1,1,0,0,0,0,0,0,0,0,0,0,0,0,0,0,0,0,0,0,0,1,0,0,4,0,39.9508,-75.1955, , 
47734,520155,2013006160,6,67,67301,2013,1,4,1615,16,1,1,0,8,1, , ,N,0,0,0,3,0,1,2,2,N, ,40 05:59.607,74 58:53.713,1630, ,1625, ,0, , , ,0, , , , , , , , , ,1,1,0,0,0,0,0,0,0,0,0,0,1,1,0,0,0,0,0,0,1,0,0,0,0,0,0,0,0,0,0,0,1,0,0,8,0,40.0999,-74.9816, , 
47735,520265,2013023503,6,67,67301,2013,1,6,1509,15,1,1,0,8,1, , ,N,1,2,0,3,0,1,2,2,N, ,39 57:51.984,75 08:03.331,1517, ,1511,1,2,1, , ,3,Y, , , , , , , , ,1,1,0,0,0,0,0,0,0,0,1,0,1,0,0,0,0,0,0,0,0,0,0,0,0,0,0,0,0,0,0,0,1,0,0,3,0,39.9644,-75.1343, , 
47736,520267,2013029653,6,67,67301,2013,2,7,1100,11,1,1,0,1,1, , ,N,0,0,0,3,0,0,1,3,N,N,39 57:20.260,75 09:27.000,1135, ,1135, ,0, ,N, ,0, , , , , , , , , ,3,2,0,0,0,0,0,1,0,0,0,0,0,0,1,0,0,0,0,0,0,0,0,0,0,0,0,0,0,0,0,0,0,0,0,9,0,39.9556,-75.1575, , 