objectid_1,objectid,crn,district,county,municipality,crash_year,crash_month,day_of_week,time_of_day,hour_of_day,illumination,weather,road_condition,collision_type,relation_to_road,work_zone_type,work_zone_loc,work_zone_ind,intersect_type,tcd_type,location_type,urban_rural,fatal_count,injury_count,person_count,total_units,sch_bus_ind,sch_zone_ind,latitude,longitude,arrival_tm,cons_zone_spd_lim,dispatch_tm,est_hrs_closed,lane_closed,ln_close_dir,ntfy_hiwy_maint,spec_juris_cd,tcd_func_cd,tfc_detour_ind,workers_pres,wz_close_detour,wz_flagger,wz_law_offcr_ind,wz_ln_closure,wz_moving,wz_other,wz_shlder_mdn,vehicle_count,automobile_count,motorcycle_count,bus_count,small_truck_count,heavy_truck_count,suv_count,van_count,bicycle_count,maj_inj_count,mod_inj_count,min_inj_count,tot_inj_count,unk_inj_deg_count,unk_inj_per_count,driver_count_16yr,driver_count_17yr,driver_count_18yr,driver_count_19yr,driver_count_20yr,driver_count_50_64yr,driver_count_65_74yr,driver_count_75plus,unbelted_occ_count,unb_death_count,unb_maj_inj_count,belted_death_count,belted_maj_inj_count,mcycle_death_count,mcycle_maj_inj_count,bicycle_death_count,bicycle_maj_inj_count,ped_count,ped_death_count,ped_maj_inj_count,max_severity_level,comm_veh_count,dec_lat,dec_long,rdwy_surf_type_cd,county_name
47737,520278,2013044136,6,67,67301,2013,3,7,9999,99,1,1,0,8,2, , ,N,0,0,0,3,0,1,2,2,N, ,39 57:10.198,75 10:02.041,1245, ,1240, ,0, , , ,0, , , , , , , , , ,1,1,0,0,0,0,0,0,0,0,0,0,1,1,0,0,0,0,0,0,0,0,0,0,0,0,0,0,0,0,0,0,1,0,0,8,0,39.9528,-75.1672, , 
47738,520289,2013065564,6,67,67301,2013,6,7,1531,15,1,1,0,1,1, , ,N,0,0,0,3,0,2,7,3,N,N,40 01:47.837,75 05:15.714,1538, ,1534,2,2,1,N, ,0,Y, , , , , , , , ,3,2,0,0,0,0,1,0,0,0,1,1,2,0,0,0,0,0,0,0,2,0,0,0,0,0,0,0,0,0,0,0,0,0,0,3,0,40.03,-75.0877, , 
47739,520302,2013016242,6,67,67301,2013,1,6,1119,11,1,1,0,4,1, , ,N,1,2,3,3,0,0,2,2,N,N,40 00:29.747,75 11:40.309,1146, ,1121,2,1,7,N, ,3,Y, , , , , , , , ,2,1,0,0,1,0,0,0,0,0,0,0,0,0,0,0,0,0,0,0,2,0,0,0,0,0,0,0,0,0,0,0,0,0,0,0,0,40.0083,-75.1945, , 
47740,520313,2013036794,6,67,67301,2013,3,7,1430,14,1,1,0,7,2, , ,N,0,0,3,3,0,1,2,2,N,N,39 53:39.067,75 11:42.725,1449, ,1430,2,2,2,N, ,0,N, , , , , , , , ,2,1,0,0,0,1,0,0,0,0,0,1,1,0,0,0,0,0,0,0,0,0,0,0,0,0,0,0,0,0,0,0,0,0,0,4,1,39.8942,-75.1952, , 
47741,520316,2013043619,6,46,46108,2013,4,4,2337,23,3,1,1,7,2, , ,N,1,2,0,3,0,0,2,2,N,N,40 05:15.200,75 12:51.480,2339, ,2337,2,1,2,N, ,3,N, , , , , , , , ,1,0,0,0,1,0,0,0,0,0,0,0,0,0,0,0,0,0,0,0,0,0,0,0,0,0,0,0,0,0,0,0,0,0,0,0,0,40.0876,-75.2143, , 
47742,520320,2013046365,6,67,67301,2013,3,1,1428,14,1,1,0,1,1, , ,N,0,0,0,3,0,1,4,2,N,N,40 00:56.299,75 10:12.352,1431, ,1430, ,0, ,N, ,0, , , , , , , , , ,2,2,0,0,0,0,0,0,0,0,0,1,1,0,0,0,0,0,0,0,0,0,0,0,0,0,0,0,0,0,0,0,0,0,0,4,0,40.0156,-75.1701, , 
47743,520332,2013055591,6,67,67301,2013,4,6,1800,18,1,1,0,1,1, , ,N,1,2,0,3,0,1,6,2,N, ,40 06:23.287,74 59:55.982,1815, ,1805,1,2,3, , ,3,Y, , , , , , , , ,2,0,0,0,0,0,2,0,0,0,0,0,1,1,0,0,0,0,0,0,1,0,0,0,0,0,0,0,0,0,0,0,0,0,0,8,0,40.1062,-74.9989, , 
47744,520378,2013041334,6,67,67301,2013,3,7,1955,19,3,1,0,1,1, , ,N,1,2,0,3,0,4,6,2,N,N,39 59:20.627,75 05:22.626,2210, ,2205, ,0, ,N, ,3, , , , , , , , , ,2,0,0,0,1,0,0,1,0,0,0,0,4,4,1,0,0,0,0,0,0,0,0,0,0,0,0,0,0,0,0,0,0,0,0,8,0,39.9891,-75.0896, , 
47745,520403,2013025005,6,67,67301,2013,1,6,1727,17,3,1,0,4,1, , ,N,1,3,0,3,0,1,2,2,N, ,39 58:25.273,75 15:03.002,1845, ,1819, ,0, , , ,3, , , , , , , , , ,2,1,0,0,0,0,0,1,0,0,0,1,1,0,0,0,0,0,0,0,0,0,0,0,0,0,0,0,0,0,0,0,0,0,0,4,0,39.9737,-75.2508, , 
47746,520412,2013035029,6,67,67301,2013,2,6,715,7,1,1,0,4,1, , ,N,1,3,0,3,0,1,3,3,N,N,40 03:05.713,75 11:49.095,720, ,717, ,0, ,N, ,3, , , , , , , , , ,3,2,0,1,0,0,0,0,0,0,0,0,1,1,0,0,0,0,0,0,1,0,0,0,0,0,0,0,0,0,0,0,0,0,0,8,1,40.0516,-75.197, , 
47747,520421,2013047197,6,67,67301,2013,4,4,1650,16,1,1,0,8,1, , ,N,0,0,0,3,0,1,2,2,N,N,40 00:52.494,75 04:15.409,1710, ,1658, ,0, , , ,0, , , , , , , , , ,1,1,0,0,0,0,0,0,0,0,0,0,1,1,0,0,0,0,0,0,1,0,0,0,0,0,0,0,0,0,0,0,1,0,0,8,0,40.0146,-75.0709, , 
47748,520425,2013050219,6,67,67301,2013,4,2,1111,11,1,1,0,4,2, , ,N,2,3,0,3,0,1,2,2,N,N,39 54:16.588,75 14:19.147,1115, ,1114,9,1,3,N, ,3,N, , , , , , , , ,1,1,0,0,0,0,0,0,1,0,0,1,1,0,0,0,0,0,0,0,0,1,0,0,0,0,0,0,0,0,0,0,0,0,0,4,0,39.9046,-75.2387, , 
47749,520429,2013055481,6,67,67301,2013,5,3,911,9,1,1,0,4,1, , ,N,1,2,0,3,0,2,3,2,N,N,39 59:04.850,75 09:23.377,917, ,913, ,0, ,N, ,3, , , , , , , , , ,2,1,0,0,0,0,1,0,0,0,0,1,2,1,0,0,0,0,0,0,0,1,0,0,0,0,0,0,0,0,0,0,0,0,0,4,0,39.9847,-75.1565, , 
47750,520456,2013024988,6,67,67301,2013,1,5,1945,19,3,1,0,7,5, , ,N,0,0,0,3,0,1,1,1,N, ,39 59:55.267,75 07:50.265,2010, ,1958, ,0, , , ,0, , , , , , , , , ,1,0,0,0,0,0,1,0,0,0,0,1,1,0,0,0,0,0,0,0,0,0,0,0,0,0,0,0,0,0,0,0,0,0,0,4,0,39.9987,-75.1306, , 
47751,520468,2013036245,6,67,67301,2013,3,3,1535,15,1,1,0,8,1, , ,N,1,2,0,3,0,1,2,2,N,N,40 03:23.345,75 02:47.046,1550, ,1540, ,0, ,N, ,3, , , , , , , , , ,1,1,0,0,0,0,0,0,0,0,0,1,1,0,0,0,0,0,0,0,1,0,0,0,0,0,0,0,0,0,0,0,1,0,0,4,0,40.0566,-75.0466, , 
47752,524170,2013024907,6,67,67301,2013,1,5,9999,99,1,1,0,8,1, , ,N,3,3,0,3,0,1,2,2,N, ,39 55:21.579,75 14:28.787,1655, ,1644, ,0, , , ,3, , , , , , , , , ,1,1,0,0,0,0,0,0,0,0,0,1,1,0,0,0,0,0,0,0,0,0,0,0,0,0,0,0,0,0,0,0,1,0,0,4,0,39.9227,-75.2413, , 
47753,524176,2013037163,6,67,67301,2013,3,3,2110,21,2,1,1,1,1, , ,N,0,0,0,3,0,2,2,2,N,N,39 56:47.720,75 11:18.888,2126, ,2110, ,0, ,N, ,0, , , , , , , , , ,2,2,0,0,0,0,0,0,0,0,0,1,2,1,0,0,0,0,0,0,0,0,0,0,0,0,0,0,0,0,0,0,0,0,0,4,0,39.9466,-75.1886, , 
47754,524179,2013038686,6,67,67301,2013,4,3,2220,22,3,1,0,1,1, , ,N,6,4,2,3,0,0,2,2,N,N,39 56:43.369,75 11:25.410,2234, ,2225,1,2,4,N, ,3,N, , , , , , , , ,2,2,0,0,0,0,0,0,0,0,0,0,0,0,0,0,0,0,0,0,0,0,0,0,0,0,0,0,0,0,0,0,0,0,0,0,0,39.9454,-75.1904, , 
47755,524187,2013046299,6,67,67301,2013,3,1,2055,20,3,1,0,8,1, , ,N,1,2,0,3,0,1,2,2,N, ,39 57:59.670,75 14:23.337,2200, ,2100, ,0, ,N, ,3, , , , , , , , , ,1,1,0,0,0,0,0,0,0,0,0,1,1,0,0,0,0,0,0,0,0,0,0,0,0,0,0,0,0,0,0,0,1,0,0,4,0,39.9666,-75.2398, , 
47756,524191,2013050229,6,67,67301,2013,4,6,1702,17,1,1,0,4,1, , ,N,1,3,0,3,0,0,5,2,N,N,39 59:46.503,75 07:27.397,1715, ,1710, ,0, ,N, ,3, , , , , , , , , ,2,0,0,0,0,0,1,1,0,0,0,0,0,0,0,0,0,0,0,0,0,0,0,1,0,0,0,0,0,0,0,0,0,0,0,0,0,39.9963,-75.1243, , 
47757,524195,2013053076,6,67,67301,2013,4,7,312,3,3,2,1,4,1, , ,N,0,0,0,3,0,0,1,3,N,N,39 54:58.032,75 09:20.386,313, ,313, ,0, ,N, ,0, , , , , , , , , ,3,2,0,0,0,0,1,0,0,0,0,0,0,0,1,0,0,0,0,0,0,0,0,0,0,0,0,0,0,0,0,0,0,0,0,9,0,39.9161,-75.1557, , 
47758,524217,2013031489,6,67,67301,2013,2,3,1740,17,3,4,1,4,1, , ,N,1,2,0,3,0,1,2,7,N,N,39 58:59.767,75 07:32.979,1901, ,1901, ,0, ,N, ,3, , , , , , , , , ,7,5,0,0,1,0,1,0,0,0,1,0,1,0,0,0,0,0,1,0,0,0,0,0,0,0,0,0,0,0,0,0,0,0,0,3,0,39.9833,-75.1258, , 
47759,524233,2013053063,6,67,67301,2013,4,2,1928,19,3,2,1,4,1, , ,N,1,3,0,3,0,1,2,2,N,N,40 01:42.866,75 04:44.633,1953, ,1943, ,0, ,N, ,3, , , , , , , , , ,2,2,0,0,0,0,0,0,0,0,0,0,1,1,0,0,0,0,0,0,1,0,0,0,0,0,0,0,0,0,0,0,0,0,0,8,0,40.0286,-75.0791, , 
47760,524278,2013050308,6,67,67301,2013,4,5,9999,99,1,1,0,1,1, , ,N,0,2,0,3,0,2,2,3,N,N,40 02:53.660,75 07:54.966,9999, ,9999,1,2,3,N, ,3,N, , , , , , , , ,3,2,0,0,0,0,1,0,0,0,1,0,2,1,0,0,0,0,0,0,1,0,0,0,0,0,0,0,0,0,0,0,0,0,0,3,0,40.0482,-75.1319, , 
47761,524305,2013016247,6,67,67301,2013,1,4,740,7,1,1,0,4,1, , ,N,1,3,0,3,0,1,2,2,N, ,39 56:58.095,75 13:30.251,755, ,749, ,0, , , ,3, , , , , , , , , ,2,1,0,0,1,0,0,0,0,0,0,1,1,0,0,0,0,0,0,0,0,0,1,0,0,0,0,0,0,0,0,0,0,0,0,4,0,39.9495,-75.2251, , 
47762,524306,2013018539,6,67,67301,2013,2,1,21,0,3,1,0,7,3, , ,N,0,0,0,3,0,0,1,1,N,N,39 58:42.391,75 12:09.638,28, ,28,2,2,3,N, ,0,N, , , , , , , , ,1,1,0,0,0,0,0,0,0,0,0,0,0,0,0,0,0,0,0,0,0,0,0,0,0,0,0,0,0,0,0,0,0,0,0,0,0,39.9784,-75.2027, , 
47763,524325,2013038696,6,67,67301,2013,4,1,1745,17,1,1,0,5,1, , ,N,0,0,0,3,0,0,2,2,N,N,39 58:33.053,75 11:42.673,1840, ,1750,2,1,3,N, ,0,N, , , , , , , , ,2,1,0,0,0,1,0,0,0,0,0,0,0,0,0,0,0,0,0,0,0,0,0,0,0,0,0,0,0,0,0,0,0,0,0,0,1,39.9758,-75.1952, , 
47764,524347,2013012073,6,67,67301,2013,1,5,925,9,1,1,0,4,1, , ,N,0,0,0,3,0,1,4,2,N,N,40 04:39.051,75 02:11.113,1003, ,1003,2,1,4,N, ,0,Y, , , , , , , , ,2,1,0,0,0,0,0,1,0,0,0,1,1,0,0,0,0,0,0,0,1,0,0,0,0,0,0,0,0,0,0,0,0,0,0,4,0,40.0775,-75.0364, , 
47765,524363,2013029619,6,67,67301,2013,2,3,1800,18,6,9,8,8,1, , ,N,1,2,0,3,0,1,2,2,N,N,40 03:35.442,75 09:00.370,1230, ,1230, ,0, ,N, ,3, , , , , , , , , ,1,1,0,0,0,0,0,0,0,0,0,1,1,0,0,0,0,0,0,0,0,0,0,0,0,0,0,0,0,0,0,0,1,0,0,4,0,40.0598,-75.1501, , 
47766,524378,2013043445,6,67,67301,2013,3,5,1630,16,1,1,0,8,1, , ,N,0,0,0,3,0,1,3,2,N,N,39 58:12.579,75 14:20.860,1650, ,1630, ,0, ,N, ,0, , , , , , , , , ,1,1,0,0,0,0,0,0,0,0,1,0,1,0,0,0,0,0,0,0,0,0,0,0,0,0,0,0,0,0,0,0,1,0,0,3,0,39.9702,-75.2391, , 
47767,524381,2013046413,6,67,67301,2013,4,3,1500,15,1,1,0,4,1, , ,N,1,2,0,3,0,7,7,2,N,N,40 05:07.830,75 12:37.886,1515, ,1504, ,0, ,N, ,3, , , , , , , , , ,2,1,0,0,0,0,0,1,0,0,5,2,7,0,0,0,0,0,0,0,1,0,0,0,0,0,0,0,0,0,0,0,0,0,0,3,0,40.0853,-75.2104, , 
47768,524382,2013046447,6,67,67301,2013,4,6,1040,10,1,1,0,8,1, , ,N,0,0,0,3,0,1,2,2,N,N,40 01:10.588,75 03:19.749,1040, ,1040, ,0, ,N, ,0, , , , , , , , , ,1,0,0,0,0,0,0,1,0,1,0,0,1,0,0,0,0,0,0,0,0,1,0,0,0,0,0,0,0,0,0,0,1,0,1,2,0,40.0196,-75.0555, , 
47769,524392,2013006099,6,67,67301,2013,1,3,1350,13,1,1,0,1,1, , ,N,1,2,0,3,0,1,2,2,N,N,39 57:12.504,75 08:23.145,1403, ,1357, ,0, , , ,3, , , , , , , , , ,2,2,0,0,0,0,0,0,0,0,0,1,1,0,0,0,0,0,0,0,1,0,0,0,0,0,0,0,0,0,0,0,0,0,0,4,0,39.9535,-75.1398, , 
47770,527550,2013035193,6,67,67301,2013,2,6,1830,18,3,1,0,1,1, , ,N,1,2,0,3,0,1,3,3,N,N,40 00:09.524,75 07:27.871,1845, ,1845, ,0, ,N, ,3, , , , , , , , , ,3,2,0,0,0,0,0,1,0,0,1,0,1,0,0,0,0,0,0,0,2,0,0,0,0,0,0,0,0,0,0,0,0,0,0,3,0,40.0026,-75.1244, , 
47771,527551,2013037156,6,67,67301,2013,3,6,721,7,1,1,0,7,5, , ,N,0,0,0,3,0,1,1,1,N,N,39 53:21.977,75 14:26.806,733, ,721, ,0, ,N, ,0, , , , , , , , , ,1,1,0,0,0,0,0,0,0,1,0,0,1,0,0,0,0,0,0,0,0,0,0,1,0,1,0,0,0,0,0,0,0,0,0,2,0,39.8894,-75.2408, , 
47772,527567,2013055510,6,67,67301,2013,5,6,916,9,1,1,0,1,1, , ,N,0,0,0,3,0,1,2,2,N,N,40 05:05.539,75 01:30.621,926, ,916,1,2,2,N, ,0,N, , , , , , , , ,2,0,0,0,2,0,0,0,0,1,0,0,1,0,0,0,0,0,0,0,0,0,0,0,0,0,0,1,0,0,0,0,0,0,0,2,0,40.0847,-75.0251, , 
47773,527582,2013022246,6,67,67301,2013,1,5,405,4,2,2,1,2,2, , ,N,0,0,0,3,0,1,1,2,N,N,40 00:10.944,75 04:27.516,417, ,407, ,0, ,N, ,0, , , , , , , , , ,2,1,0,0,0,1,0,0,0,0,0,1,1,0,0,0,0,0,0,0,1,0,0,0,0,0,0,0,0,0,0,0,0,0,0,4,1,40.003,-75.0743, , 
47774,527588,2013034384,6,67,67301,2013,3,4,548,5,3,1,0,1,1, , ,N,0,0,0,3,0,0,2,2,N,N,39 56:47.902,75 11:18.616,555, ,550, ,0, ,N, ,0, , , , , , , , , ,2,1,0,0,1,0,0,0,0,0,0,0,0,0,0,0,0,0,0,0,1,0,0,0,0,0,0,0,0,0,0,0,0,0,0,0,0,39.9466,-75.1885, , 
47775,527600,2013047192,6,67,67301,2013,4,4,1835,18,1,1,0,6,1, , ,N,1,0,0,3,0,1,1,6,N, ,39 58:28.686,75 15:06.785,1900, ,1640,2,2,7, , ,0,N, , , , , , , , ,6,4,0,0,0,0,2,0,0,0,0,0,1,1,0,0,0,0,0,0,0,0,0,0,0,0,0,0,0,0,0,0,0,0,0,8,0,39.9746,-75.2519, , 
47776,527608,2013055325,6,67,67301,2013,5,5,900,9,1,1,0,5,1, , ,N,0,0,0,3,0,1,3,3,N,N,39 59:15.983,75 12:58.521,915, ,906,2,1,2,N, ,0,N, , , , , , , , ,3,2,0,0,0,0,1,0,0,0,0,0,1,1,0,0,1,0,0,0,0,1,0,0,0,0,0,0,0,0,0,0,0,0,0,8,0,39.9878,-75.2163, , 
47777,527629,2013012108,6,67,67301,2013,1,6,9999,99,1,1,0,8,1, , ,N,1,2,0,3,0,1,2,2,N,N,40 03:04.093,75 07:07.134,1550, ,1543, ,0, ,N, ,3, , , , , , , , , ,1,0,0,0,0,0,1,0,0,0,1,0,1,0,0,0,0,0,0,0,0,0,0,0,0,0,0,0,0,0,0,0,1,0,0,3,0,40.0511,-75.1186, , 
47778,527642,2013032456,6,67,67301,2013,2,5,1950,19,3,1,0,4,1, , ,N,1,2,0,3,0,1,4,2,N, ,40 01:02.991,75 03:54.641,2110, ,2101, ,0, , , ,3, , , , , , , , , ,2,1,0,0,0,0,0,1,0,0,0,0,1,1,0,0,0,0,0,0,1,0,0,0,0,0,0,0,0,0,0,0,0,0,0,8,0,40.0176,-75.065, , 
47779,527647,2013035005,6,67,67301,2013,2,7,932,9,1,2,1,4,1, , ,N,2,2,0,3,0,0,3,2,N,N,39 57:19.443,75 10:16.111,945, ,935, ,0, , , ,3, , , , , , , , , ,2,2,0,0,0,0,0,0,0,0,0,0,0,0,0,0,0,0,0,0,0,0,0,3,0,0,0,0,0,0,0,0,0,0,0,0,0,39.9554,-75.1711, , 
47780,527648,2013035015,6,67,67301,2013,3,2,805,8,1,5,0,1,1, , ,N,0,0,0,3,0,4,5,3,N, ,40 03:39.352,75 08:14.171,815, ,810, ,0, , , ,0, , , , , , , , , ,3,2,0,0,0,0,1,0,0,0,0,4,4,0,0,0,0,0,0,0,1,0,0,0,0,0,0,0,0,0,0,0,0,0,0,4,0,40.0609,-75.1373, , 
47781,527682,2013016192,6,67,67301,2013,1,4,1112,11,1,1,0,7,2, , ,N,1,3,0,3,0,1,1,1,N,N,40 07:15.819,75 01:39.770,1116, ,1112, ,0, ,N, ,3, , , , , , , , , ,1,1,0,0,0,0,0,0,0,0,1,0,1,0,0,0,0,0,0,0,1,0,0,0,0,0,0,0,0,0,0,0,0,0,0,3,0,40.1211,-75.0277, , 
47782,527697,2013032523,6,67,67301,2013,2,7,230,2,3,4,3,4,2, , ,N,0,0,0,3,0,0,1,2,N,N,39 55:49.184,75 09:11.858,245, ,240, ,0, ,N, ,0, , , , , , , , , ,2,2,0,0,0,0,0,0,0,0,0,0,0,0,0,0,0,0,0,0,0,0,0,0,0,0,0,0,0,0,0,0,0,0,0,0,0,39.9303,-75.1533, , 
47783,527701,2013037362,6,67,67301,2013,3,2,1554,15,1,2,1,1,1, , ,N,2,2,0,3,0,3,4,2,N,N,39 58:57.511,75 11:18.156,1612, ,1608,3,1,1, , ,3,N, , , , , , , , ,2,1,0,0,0,0,1,0,0,0,0,0,3,3,0,0,0,0,0,0,0,0,0,0,0,0,0,0,0,0,0,0,0,0,0,8,0,39.9826,-75.1884, , 
47784,527710,2013042777,6,67,67301,2013,3,3,1002,10,1,2,1,7,5, , ,N,0,0,0,3,0,0,2,1,N,N,39 56:44.739,75 11:24.294,1011, ,1003, ,0, ,N, ,0, , , , , , , , , ,1,1,0,0,0,0,0,0,0,0,0,0,0,0,0,0,0,0,0,0,1,0,0,0,0,0,0,0,0,0,0,0,0,0,0,0,0,39.9458,-75.1901, , 
47785,527717,2013050227,6,67,67301,2013,4,2,1220,12,1,1,0,4,1, , ,N,2,3,0,3,0,2,4,2,N,N,39 59:45.963,75 10:16.671,1230, ,1221, ,0, ,N, ,3, , , , , , , , , ,2,1,0,0,0,0,1,0,0,0,0,0,2,2,0,0,0,0,0,0,0,0,0,0,0,0,0,0,0,0,0,0,0,0,0,8,0,39.9961,-75.1713, , 
47786,527753,2013055870,6,67,67301,2013,5,6,1355,13,1,1,0,3,2, , ,N,0,0,0,3,0,1,2,2,N,N,39 55:28.838,75 10:10.822,1400, ,1357, ,0, ,N, ,0, , , , , , , , , ,2,1,0,0,0,1,0,0,0,0,0,0,1,1,0,0,0,0,0,0,0,0,0,0,0,0,0,0,0,0,0,0,0,0,0,8,1,39.9247,-75.1697, , 
47787,527759,2013060736,6,67,67301,2013,6,4,2219,22,3,1,0,1,1, , ,N,0,0,0,3,0,2,2,2,N,N,39 53:55.824,75 10:16.727,2244, ,2231,1,2,2,N, ,0,N, , , , , , , , ,2,1,0,0,1,0,0,0,0,0,0,2,2,0,0,0,0,0,0,0,1,0,0,0,0,0,0,0,0,0,0,0,0,0,0,4,0,39.8988,-75.1713, , 
47788,516474,2013043771,6,67,67301,2013,3,6,2030,20,3,1,0,4,1, , ,N,2,2,0,3,0,4,5,2,N,N,39 53:25.696,75 14:42.046,2040, ,2035,3,2,7,N, ,3,Y, , , , , , , , ,2,1,0,0,0,0,1,0,0,0,0,4,4,0,0,0,0,1,0,0,0,0,0,0,0,0,0,0,0,0,0,0,0,0,0,4,0,39.8903,-75.245, , 
47789,516481,2013050273,6,67,67301,2013,4,7,416,4,3,1,0,5,1, , ,N,2,2,0,3,0,0,2,2,N, ,39 56:59.100,75 10:03.072,418, ,416, ,0, , , ,3, , , , , , , , , ,2,1,0,0,0,0,0,0,0,0,0,0,0,0,1,0,0,0,0,0,0,0,0,0,0,0,0,0,0,0,0,0,0,0,0,9,0,39.9498,-75.1675, , 
47790,516482,2013052270,6,67,67301,2013,5,3,1505,15,1,1,0,4,1, , ,N,1,2,0,3,0,1,3,2,N,N,39 58:40.787,75 09:09.269,1518, ,9999,1,1,1,N, ,3,Y, , , , , , , , ,2,2,0,0,0,0,0,0,0,0,0,0,1,1,0,0,0,0,0,0,0,0,0,0,0,0,0,0,0,0,0,0,0,0,0,8,0,39.9779,-75.1526, , 
47791,516501,2013023557,6,67,67301,2013,1,3,915,9,1,1,0,1,1, , ,N,1,2,0,3,0,2,3,2,N,N,39 58:13.818,75 08:53.306,925, ,919, ,0, ,N, ,3, , , , , , , , , ,2,2,0,0,0,0,0,0,0,0,0,0,2,2,0,0,0,0,0,0,0,1,0,0,0,0,0,0,0,0,0,0,0,0,0,8,0,39.9704,-75.1482, , 
47792,516523,2013055337,6,67,67301,2013,5,1,650,6,1,1,0,4,1, , ,N,1,2,0,3,0,2,2,2,N, ,40 01:33.789,75 08:50.885,655, ,653,1,1,1, , ,3,N, , , , , , , , ,2,0,0,0,0,0,2,0,0,0,0,1,2,1,0,0,0,0,0,0,0,0,0,0,0,0,0,0,0,0,0,0,0,0,0,4,0,40.0261,-75.1475, , 
47793,516526,2013057783,6,67,67301,2013,5,4,245,2,3,1,0,7,5, , ,N,0,0,0,3,0,0,1,1,N, ,40 00:19.410,75 06:33.445,252, ,250, ,0, , , ,0, , , , , , , , , ,1,1,0,0,0,0,0,0,0,0,0,0,0,0,0,0,0,0,0,0,1,0,0,0,0,0,0,0,0,0,0,0,0,0,0,0,0,40.0054,-75.1093, , 
47794,516548,2013026914,6,67,67301,2013,2,2,820,8,1,1,6,4,1, , ,N,2,0,0,3,0,0,2,2,N,N,39 58:31.669,75 11:30.344,835, ,833, ,0, ,N, ,0, , , , , , , , , ,2,2,0,0,0,0,0,0,0,0,0,0,0,0,0,0,0,0,0,0,1,0,0,0,0,0,0,0,0,0,0,0,0,0,0,0,0,39.9755,-75.1918, , 
47795,516553,2013035227,6,67,67301,2013,2,2,9999,99,1,1,0,4,1, , ,N,0,0,0,3,0,1,2,4,N, ,39 58:44.192,75 06:32.671,1411, ,1408, ,0, , , ,0, , , , , , , , , ,4,2,0,0,1,0,1,0,0,0,0,1,1,0,0,0,0,0,0,0,0,0,0,0,0,0,0,0,0,0,0,0,0,0,0,4,0,39.9789,-75.1091, , 
47796,516556,2013037424,6,67,67301,2013,3,7,1610,16,1,4,4,7,4, , ,N,0,0,0,3,0,2,4,3,N,N,40 02:40.120,75 11:01.320,1625, ,1615,2,2,6,N, ,0,Y, , , , , , , , ,3,3,0,0,0,0,0,0,0,0,0,2,2,0,0,0,0,0,0,0,1,0,0,0,0,0,0,0,0,0,0,0,0,0,0,4,0,40.0445,-75.1837, , 
47797,516557,2013037491,6,67,67301,2013,1,3,1555,15,1,1,0,7,5, , ,N,1,2,0,3,0,3,3,2,N, ,40 00:49.975,75 07:33.617,1601, ,1600, ,0, , , ,3, , , , , , , , , ,2,1,0,0,0,0,0,1,0,0,0,3,3,0,0,0,0,0,0,0,0,0,0,1,0,0,0,0,0,0,0,0,0,0,0,4,0,40.0139,-75.126, , 
47798,516574,2013065440,6,67,67301,2013,5,3,1740,17,1,2,1,7,4, , ,N,0,0,0,3,0,0,1,1,N,N,40 02:35.031,75 11:36.824,1753, ,1745,9,1,1,N, ,0,N, , , , , , , , ,1,0,0,0,0,0,1,0,0,0,0,0,0,0,0,0,0,0,0,0,0,0,0,0,0,0,0,0,0,0,0,0,0,0,0,0,0,40.0431,-75.1936, , 
47799,516594,2013024886,6,67,67301,2013,1,4,1920,19,3,2,1,8,1, , ,N,1,2,0,3,0,1,2,2,N,N,39 57:15.080,75 10:11.059,1929, ,1921, ,0, ,N, ,3, , , , , , , , , ,1,0,0,0,0,0,1,0,0,0,0,0,1,1,0,0,0,0,0,0,1,0,0,0,0,0,0,0,0,0,0,0,1,0,0,8,0,39.9542,-75.1697, , 
47800,516600,2013026912,6,67,67301,2013,2,4,935,9,1,8,1,1,1, , ,N,0,0,0,3,0,1,2,2,N,N,39 56:54.267,75 12:33.111,948, ,937, ,0, ,N, ,0, , , , , , , , , ,2,1,0,0,0,0,0,0,0,0,0,1,1,0,0,0,0,0,0,0,0,0,0,0,0,0,0,0,0,0,0,0,0,0,0,4,0,39.9484,-75.2092, , 
47801,516614,2013046449,6,67,67301,2013,3,7,556,5,5,1,0,7,1, , ,N,2,2,0,3,0,0,1,1,N,N,40 01:50.757,75 11:15.933,623, ,609,1,2,1,N, ,3,N, , , , , , , , ,1,1,0,0,0,0,0,0,0,0,0,0,0,0,0,0,0,0,0,0,0,0,0,0,0,0,0,0,0,0,0,0,0,0,0,0,0,40.0308,-75.1878, , 
47802,516626,2013064224,6,67,67301,2013,6,2,1510,15,1,2,1,5,2, , ,N,0,0,0,3,0,0,3,2,N,N,39 58:53.762,75 09:18.108,1515, ,1510, ,0, ,N, ,0, , , , , , , , , ,2,1,0,0,0,0,1,0,0,0,0,0,0,0,0,0,0,0,0,0,0,0,0,0,0,0,0,0,0,0,0,0,0,0,0,0,0,39.9816,-75.155, , 
47803,516650,2013037445,6,67,67301,2013,3,2,2035,20,3,2,1,8,1, , ,N,1,2,0,3,0,1,2,2,N,N,39 57:01.634,75 11:33.356,2038, ,2038, ,0, ,N, ,3, , , , , , , , , ,1,1,0,0,0,0,0,0,0,0,0,0,1,1,0,0,0,0,0,0,1,0,0,0,0,0,0,0,0,0,0,0,1,0,0,8,0,39.9505,-75.1926, , 