objectid_1,objectid,crn,district,county,municipality,crash_year,crash_month,day_of_week,time_of_day,hour_of_day,illumination,weather,road_condition,collision_type,relation_to_road,work_zone_type,work_zone_loc,work_zone_ind,intersect_type,tcd_type,location_type,urban_rural,fatal_count,injury_count,person_count,total_units,sch_bus_ind,sch_zone_ind,latitude,longitude,arrival_tm,cons_zone_spd_lim,dispatch_tm,est_hrs_closed,lane_closed,ln_close_dir,ntfy_hiwy_maint,spec_juris_cd,tcd_func_cd,tfc_detour_ind,workers_pres,wz_close_detour,wz_flagger,wz_law_offcr_ind,wz_ln_closure,wz_moving,wz_other,wz_shlder_mdn,vehicle_count,automobile_count,motorcycle_count,bus_count,small_truck_count,heavy_truck_count,suv_count,van_count,bicycle_count,maj_inj_count,mod_inj_count,min_inj_count,tot_inj_count,unk_inj_deg_count,unk_inj_per_count,driver_count_16yr,driver_count_17yr,driver_count_18yr,driver_count_19yr,driver_count_20yr,driver_count_50_64yr,driver_count_65_74yr,driver_count_75plus,unbelted_occ_count,unb_death_count,unb_maj_inj_count,belted_death_count,belted_maj_inj_count,mcycle_death_count,mcycle_maj_inj_count,bicycle_death_count,bicycle_maj_inj_count,ped_count,ped_death_count,ped_maj_inj_count,max_severity_level,comm_veh_count,dec_lat,dec_long,rdwy_surf_type_cd,county_name
47804,516660,2013046393,6,67,67301,2013,4,6,115,1,3,1,0,7,5, , ,N,0,0,0,3,0,1,1,1,N,N,39 56:45.360,75 11:54.888,125, ,123, ,0, ,Y, ,0, , , , , , , , , ,1,1,0,0,0,0,0,0,0,0,0,1,1,0,0,0,0,0,0,0,0,0,0,0,0,0,0,0,0,0,0,0,0,0,0,4,0,39.9459,-75.1986, , 
47805,516702,2013030102,6,67,67301,2013,2,1,40,0,3,1,0,4,1, , ,N,1,2,0,3,0,1,3,2,N, ,39 57:12.030,75 11:01.741,40, ,40, ,0, , , ,3, , , , , , , , , ,2,2,0,0,0,0,0,0,0,0,0,1,1,0,0,0,0,0,0,0,1,0,0,0,0,0,0,0,0,0,0,0,0,0,0,4,0,39.9533,-75.1838, , 
47806,520508,2013037358,6,67,67301,2013,3,5,1232,12,1,1,0,4,1, , ,N,1,2,0,3,0,0,4,2,N,N,40 02:30.603,75 11:31.679,1236, ,1233, ,0, ,N, ,3, , , , , , , , , ,2,2,0,0,0,0,0,0,0,0,0,0,0,0,0,0,0,0,0,0,1,0,0,0,0,0,0,0,0,0,0,0,0,0,0,0,0,40.0418,-75.1921, , 
47807,520524,2013053024,6,67,67301,2013,4,1,208,2,3,1,0,7,2, , ,N,0,0,0,3,0,0,1,1,N, ,39 58:04.062,75 12:40.421,211, ,208, ,0, , , ,0, , , , , , , , , ,1,1,0,0,0,0,0,0,0,0,0,0,0,0,1,0,0,0,0,0,0,0,0,1,0,0,0,0,0,0,0,0,0,0,0,9,0,39.9678,-75.2112, , 
47808,520537,2013005506,6,67,67301,2013,1,2,847,8,1,1,0,1,1, , ,N,0,0,0,3,0,0,6,4,N,N,39 59:21.894,75 12:22.093,853, ,848, ,0, ,N, ,0, , , , , , , , , ,4,3,0,0,0,0,0,1,0,0,0,0,0,0,0,0,0,0,0,0,1,0,0,0,0,0,0,0,0,0,0,0,0,0,0,0,0,39.9894,-75.2061, , 
47809,520556,2013034749,6,67,67301,2013,3,5,2358,23,3,1,0,7,4, , ,N,6,0,2,3,0,0,1,1,N,N,39 57:31.441,75 08:26.459,8, ,4,1,1,1,N, ,0,N, , , , , , , , ,1,1,0,0,0,0,0,0,0,0,0,0,0,0,0,0,0,0,0,0,0,0,0,0,0,0,0,0,0,0,0,0,0,0,0,0,0,39.9557,-75.1407, , 
47810,520558,2013037161,6,67,67301,2013,3,2,2223,22,3,2,1,7,3, , ,N,0,0,0,3,0,0,3,2,N,N,40 02:06.337,75 01:06.565,2242, ,2230, ,0, ,N, ,0, , , , , , , , , ,2,2,0,0,0,0,0,0,0,0,0,0,0,0,0,0,0,0,0,0,0,0,0,0,0,0,0,0,0,0,0,0,0,0,0,0,0,40.0351,-75.0185, , 
47811,520562,2013041359,6,67,67301,2013,2,6,2012,20,3,1,0,4,1, , ,N,1,2,0,3,0,1,2,2,N, ,40 02:22.057,75 02:00.117,2015, ,2014, ,0, , , ,3, , , , , , , , , ,2,0,0,0,0,0,1,0,0,1,0,0,1,0,0,0,0,0,0,0,0,0,0,0,0,0,0,0,0,0,0,0,0,0,0,2,0,40.0395,-75.0334, , 
47812,520564,2013042785,6,67,67301,2013,4,4,1054,10,1,1,0,1,1, , ,N,0,0,0,3,0,0,5,3,N,N,39 58:36.190,75 11:50.791,1055, ,1055,1,1,3,N, ,0,N, , , , , , , , ,3,3,0,0,0,0,0,0,0,0,0,0,0,0,0,0,0,0,0,0,1,0,0,0,0,0,0,0,0,0,0,0,0,0,0,0,0,39.9767,-75.1974, , 
47813,520579,2013055457,6,67,67301,2013,5,5,1018,10,1,1,0,1,1, , ,N,1,2,0,3,0,2,3,3,N, ,40 02:20.942,75 06:36.006,1040, ,1029,1,1,1, , ,2,N, , , , , , , , ,3,2,0,0,0,0,0,0,0,0,0,2,2,0,0,0,0,0,0,0,0,0,0,0,0,0,0,0,0,0,0,0,0,0,0,4,0,40.0392,-75.11, , 
47814,520598,2013026977,6,67,67301,2013,2,4,1820,18,3,1,0,8,5, , ,N,1,2,0,3,0,1,2,2,N, ,39 57:02.132,75 09:42.447,1835, ,1827, ,0, , , ,3, , , , , , , , , ,1,1,0,0,0,0,0,0,0,0,0,1,1,0,0,0,0,0,0,0,0,0,0,0,0,0,0,0,0,0,0,0,1,0,0,4,0,39.9506,-75.1618, , 
47815,520635,2013012052,6,67,67301,2013,1,6,1300,13,1,1,0,2,1, , ,N,0,0,0,3,0,1,1,5,N,N,40 00:21.805,75 05:28.304,1307, ,1305,3,2,5,N, ,0,Y, , , , , , , , ,5,4,0,0,0,0,1,0,0,0,0,0,1,1,0,0,0,0,0,0,0,0,0,0,0,0,0,0,0,0,0,0,0,0,0,8,0,40.0061,-75.0912, , 
47816,520643,2013022217,6,67,67301,2013,1,4,920,9,1,2,1,5,1, , ,N,2,0,0,3,0,1,2,2,N,N,39 56:58.710,75 09:59.943,1700, ,930, ,0, ,N, ,0, , , , , , , , , ,1,0,0,0,1,0,0,0,1,0,0,1,1,0,0,0,0,0,0,0,0,0,0,0,0,0,0,0,0,0,0,0,0,0,0,4,0,39.9496,-75.1667, , 
47817,520645,2013024878,6,67,67301,2013,2,1,820,8,1,1,0,6,1, , ,N,1,2,0,3,0,1,2,2,N,N,40 00:05.705,75 09:10.074,826, ,824,3,1,1,N, ,3,Y, , , , , , , , ,2,1,0,0,1,0,0,0,0,0,1,0,1,0,0,0,0,0,0,0,0,0,0,0,0,0,0,0,0,0,0,0,0,0,0,3,0,40.0016,-75.1528, , 
47818,520665,2013047347,6,67,67301,2013,4,5,830,8,1,1,0,4,1, , ,N,1,2,0,3,0,1,2,2,N,N,40 04:28.594,75 02:06.267,840, ,836,1,1,2,N, ,3,N, , , , , , , , ,2,1,0,0,1,0,0,0,0,0,0,1,1,0,0,0,0,0,0,0,0,0,0,0,0,0,0,0,0,0,0,0,0,0,0,4,0,40.0746,-75.0351, , 
47819,520686,2013016221,6,67,67301,2013,1,6,1300,13,1,2,1,7,2, , ,N,0,0,0,3,0,0,1,1,N,N,39 55:26.550,75 14:43.853,1315, ,1309, ,0, , , ,0, , , , , , , , , ,1,1,0,0,0,0,0,0,0,0,0,0,0,0,0,0,0,0,0,0,0,0,0,0,0,0,0,0,0,0,0,0,0,0,0,0,0,39.924,-75.2455, , 
47820,520701,2013032473,6,67,67301,2013,2,3,1000,10,1,9,8,4,1, , ,N,1,2,0,3,0,1,2,2,N, ,39 59:02.342,75 09:04.582,2110, ,2108, ,0, , , ,3, , , , , , , , , ,2,1,0,0,0,0,0,0,0,0,0,0,1,1,0,0,0,0,0,0,0,0,0,0,0,0,0,0,0,0,0,0,0,0,0,8,0,39.984,-75.1513, , 
47821,520707,2013035168,6,67,67301,2013,3,4,1440,14,1,1,0,7,4, , ,N,1,2,0,3,0,1,1,1,N, ,40 01:32.333,75 10:54.003,1443, ,1441,1,1,4, , ,3,N, , , , , , , , ,1,0,0,0,0,0,1,0,0,0,0,0,1,1,0,0,0,0,0,0,0,0,0,1,0,0,0,0,0,0,0,0,0,0,0,8,0,40.0256,-75.1817, , 
47822,520710,2013037484,6,67,67301,2013,3,1,535,5,3,1,0,7,2, , ,N,0,0,0,3,0,1,1,1,N,N,39 59:30.696,75 12:46.242,539, ,537, ,0, ,N, ,0, , , , , , , , , ,1,1,0,0,0,0,0,0,0,0,0,1,1,0,0,0,0,1,0,0,0,0,0,0,0,0,0,0,0,0,0,0,0,0,0,4,0,39.9919,-75.2128, , 
47823,520742,2013022228,6,67,67301,2013,1,7,1850,18,3,1,0,6,1, , ,N,0,0,0,3,0,0,1,2,N,N,39 59:29.436,75 07:20.766,1908, ,1856, ,0, ,N, ,0, , , , , , , , , ,2,2,0,0,0,0,0,0,0,0,0,0,0,0,0,0,0,0,0,0,0,0,0,0,0,0,0,0,0,0,0,0,0,0,0,0,0,39.9915,-75.1224, , 
47824,520744,2013023504,6,67,67301,2013,1,4,1415,14,1,1,0,4,1, , ,N,5,3,0,3,0,0,2,2,N, ,39 58:35.875,75 08:30.026,1416, ,1415, ,0, , , ,3, , , , , , , , , ,2,1,0,0,0,0,1,0,0,0,0,0,0,0,0,0,0,0,0,0,0,1,0,0,0,0,0,0,0,0,0,0,0,0,0,0,0,39.9766,-75.1417, , 
47825,524403,2013024908,6,67,67301,2013,1,5,1540,15,1,1,0,4,1, , ,N,1,3,0,3,0,0,8,2,N,N,40 03:50.306,75 03:34.568,1545, ,1540,1,1,4,N, ,3,N, , , , , , , , ,2,1,0,0,0,0,1,0,0,0,0,0,0,0,0,0,0,0,0,0,0,0,0,0,0,0,0,0,0,0,0,0,0,0,0,0,0,40.064,-75.0596, , 
47826,524412,2013035230,6,67,67301,2013,2,5,925,9,1,1,0,4,1, , ,N,0,0,0,3,0,2,2,2,N,N,40 03:14.102,75 14:09.787,1000, ,928, ,0, ,N, ,0, , , , , , , , , ,2,2,0,0,0,0,0,0,0,0,0,2,2,0,0,0,0,0,0,0,0,0,0,0,0,0,0,0,0,0,0,0,0,0,0,4,0,40.0539,-75.2361, , 
47827,524427,2013050872,6,67,67301,2013,5,2,1442,14,1,1,0,7,2, , ,N,0,0,0,3,0,2,3,2,N,N,39 56:11.452,75 08:40.407,1445, ,1444,4,1,1,N, ,0,N, , , , , , , , ,2,1,0,0,0,1,0,0,0,0,0,2,2,0,0,0,0,0,0,0,0,0,0,0,0,0,0,0,0,0,0,0,0,0,0,4,1,39.9365,-75.1446, , 
47828,524448,2013012111,6,67,67301,2013,1,7,1235,12,1,1,0,5,1, , ,N,2,1,0,3,0,1,2,2,N,N,39 58:27.676,75 12:06.216,1257, ,1248, ,0, ,N, ,3, , , , , , , , , ,2,0,0,0,2,0,0,0,0,0,0,1,1,0,0,0,0,0,0,0,1,0,0,2,0,0,0,0,0,0,0,0,0,0,0,4,0,39.9744,-75.2017, , 
47829,524454,2013019410,6,67,67301,2013,2,6,3,0,3,1,0,1,1, , ,N,0,0,0,3,0,1,2,2,N,N,39 58:08.127,75 07:40.564,23, ,5,1,1,2,N, ,0,N, , , , , , , , ,2,1,0,0,0,0,1,0,0,0,1,0,1,0,0,0,0,0,0,0,0,0,0,0,0,0,0,0,0,0,0,0,0,0,0,3,0,39.9689,-75.1279, , 
47830,524456,2013020205,6,67,67301,2013,2,5,1615,16,1,1,0,1,1, , ,N,0,0,0,3,0,1,2,2,N,N,39 58:49.100,75 06:18.627,1625, ,1625, ,0, ,N, ,0, , , , , , , , , ,2,1,0,0,0,0,0,1,0,0,0,0,1,1,0,0,0,0,0,0,0,0,0,0,0,0,0,0,0,0,0,0,0,0,0,8,0,39.9803,-75.1052, , 
47831,524479,2013065389,6,67,67301,2013,5,7,2310,23,3,2,1,4,1, , ,N,1,3,0,3,0,2,4,2,N,N,40 02:40.966,75 07:32.631,2330, ,2323, ,0, ,N, ,3, , , , , , , , , ,2,0,0,0,1,0,1,0,0,0,0,2,2,0,0,0,0,0,0,0,0,0,0,1,0,0,0,0,0,0,0,0,0,0,0,4,0,40.0447,-75.1257, , 
47832,524481,2013070159,6,67,67301,2013,6,2,17,0,3,2,1,4,1, , ,N,1,3,0,3,0,0,4,2,N,N,39 59:38.230,75 08:56.680,115, ,107, ,0, ,N, ,3, , , , , , , , , ,2,2,0,0,0,0,0,0,0,0,0,0,0,0,0,0,0,0,0,0,0,0,0,0,0,0,0,0,0,0,0,0,0,0,0,0,0,39.994,-75.1491, , 
47833,524482,2013070338,6,67,67301,2013,6,7,850,8,1,1,0,4,1, , ,N,0,0,0,3,0,2,4,2,N,N,39 59:26.998,75 07:51.160,854, ,852, ,0, ,N, ,0, , , , , , , , , ,2,0,0,1,0,0,1,0,0,0,0,2,2,0,0,0,0,0,0,0,2,0,0,0,0,0,0,0,0,0,0,0,0,0,0,4,1,39.9908,-75.1309, , 
47834,524493,2013015229,6,46,46104,2013,1,2,1538,15,1,1,0,4,1, , ,N,1,2,0,3,0,0,2,2,N,N,39 59:17.883,75 15:14.303,1541, ,1538, ,0, ,N, ,3, , , , , , , , , ,2,0,0,0,0,0,1,1,0,0,0,0,0,0,0,0,0,0,0,0,1,0,0,0,0,0,0,0,0,0,0,0,0,0,0,0,0,39.9883,-75.254, , 
47835,524500,2013023519,6,67,67301,2013,1,5,1205,12,1,1,0,4,1, , ,N,1,2,0,3,0,0,3,3,N,N,39 59:39.085,75 06:28.154,1220, ,1216, ,0, , , ,3, , , , , , , , , ,3,2,0,0,0,0,0,1,0,0,0,0,0,0,0,0,0,0,0,0,0,0,0,0,0,0,0,0,0,0,0,0,0,0,0,0,0,39.9942,-75.1078, , 
47836,524506,2013029656,6,67,67301,2013,2,4,530,5,3,9,8,8,1, , ,N,1,2,0,3,0,1,2,2,N,N,40 02:28.801,75 06:24.126,1005, ,959, ,0, ,N, ,3, , , , , , , , , ,1,1,0,0,0,0,0,0,0,0,0,0,1,1,1,0,0,0,0,0,0,0,0,0,0,0,0,0,0,0,0,0,1,0,0,8,0,40.0413,-75.1067, , 
47837,524514,2013037034,6,67,67301,2013,2,1,935,9,1,1,0,8,5, , ,N,0,0,0,3,1,2,3,3,N,N,40 01:35.126,75 04:07.262,939, ,936,9,2,7, ,0,0,N, , , , , , , , ,1,0,0,0,0,0,0,1,0,1,0,0,2,1,0,0,0,0,0,0,0,0,0,1,0,1,0,0,0,0,0,0,2,1,0,1,0,40.0264,-75.0687,2, 
47838,524523,2013046367,6,67,67301,2013,4,3,1247,12,1,1,0,8,1, , ,N,0,2,0,3,0,2,3,3,N,N,39 57:59.969,75 13:29.555,1255, ,1251,9,1,5,N, ,3,N, , , , , , , , ,2,2,0,0,0,0,0,0,0,0,0,0,2,2,1,0,0,0,0,0,0,0,0,2,0,0,0,0,0,0,0,0,1,0,0,8,0,39.9667,-75.2249, , 
47839,524529,2013053039,6,67,67301,2013,4,7,1854,18,1,1,0,1,2, , ,N,1,2,0,3,0,1,1,4,N,N,40 01:37.983,75 10:15.634,1858, ,1858, ,0, ,N, ,3, , , , , , , , , ,4,4,0,0,0,0,0,0,0,0,0,0,1,1,0,0,0,0,0,0,0,0,0,0,0,0,0,0,0,0,0,0,0,0,0,8,0,40.0272,-75.171, , 
47840,524544,2013019758,6,67,67301,2013,2,4,1410,14,1,1,0,1,1, , ,N,0,0,0,3,0,2,3,2,N,N,39 56:52.398,75 11:14.271,1412, ,1412,1,1,3,N, ,0,N, , , , , , , , ,2,0,0,0,0,0,0,1,0,0,0,2,2,0,1,0,0,0,0,0,0,0,0,0,0,0,0,0,0,0,0,0,0,0,0,4,0,39.9479,-75.1873, , 
47841,524548,2013025079,6,67,67301,2013,2,4,25,0,3,2,1,1,1, , ,N,0,0,0,3,0,1,3,2,N,N,39 56:44.846,75 11:23.207,37, ,32, ,0, ,N, ,0, , , , , , , , , ,2,2,0,0,0,0,0,0,0,0,0,0,1,1,0,0,0,0,1,0,0,0,0,0,0,0,0,0,0,0,0,0,0,0,0,8,0,39.9458,-75.1898, , 
47842,524557,2013035059,6,67,67301,2013,3,6,1530,15,1,1,0,4,1, , ,N,1,3,0,3,0,1,2,2,N, ,40 04:20.236,75 14:20.957,1540, ,1530,9,1,3, , ,3,Y, , , , , , , , ,2,1,0,0,1,0,0,0,0,0,0,0,1,1,1,0,0,0,0,0,0,0,0,0,0,0,0,0,0,0,0,0,0,0,0,8,0,40.0723,-75.2392, , 
47843,526597,2013047205,6,67,67301,2013,4,4,905,9,1,1,0,4,1, , ,N,2,3,0,3,0,3,4,2,N, ,39 59:55.435,75 06:01.518,925, ,911, ,0, , , ,3, , , , , , , , , ,2,1,0,0,0,0,0,1,0,0,0,0,3,3,1,0,0,0,0,0,1,0,0,0,0,0,0,0,0,0,0,0,0,0,0,8,0,39.9987,-75.1004, , 
47844,526598,2013047293,6,67,67301,2013,4,4,1527,15,1,1,0,7,2, , ,N,0,0,3,3,0,1,1,1,N, ,40 03:25.372,75 02:03.317,1540, ,1530,2,1,3, , ,0,N, , , , , , , , ,1,1,0,0,0,0,0,0,0,0,0,0,1,1,0,0,0,0,0,0,0,0,0,0,0,0,0,0,0,0,0,0,0,0,0,8,0,40.057,-75.0343, , 
47845,526612,2013007407,6,67,67301,2013,1,4,1338,13,1,2,1,5,1, , ,N,6,0,2,3,0,6,7,3,N,N,39 57:21.022,75 08:26.682,1350, ,1343,2,1,1,N, ,0,N, , , , , , , , ,3,1,0,0,0,0,0,2,0,0,0,3,6,3,0,0,0,0,0,0,1,0,0,0,0,0,0,0,0,0,0,0,0,0,0,4,0,39.9557,-75.1407, , 
47846,526630,2013037394,6,67,67301,2013,3,4,835,8,1,1,0,8,1, , ,N,0,0,0,3,0,1,2,2,N,N,40 01:59.318,75 07:26.709,850, ,840, ,0, ,N, ,0, , , , , , , , , ,1,1,0,0,0,0,0,0,0,0,0,1,1,0,0,0,0,0,0,0,0,0,0,0,0,0,0,0,0,0,0,0,1,0,0,4,0,40.0331,-75.1241, , 
47847,526631,2013037465,6,67,67301,2013,3,6,1618,16,1,1,0,0,1, , ,N,0,0,0,3,0,1,1,1,N,N,39 55:51.920,75 10:41.005,1618, ,1618, ,0, ,N, ,0, , , , , , , , , ,1,0,1,0,0,0,0,0,0,0,0,0,1,1,0,0,0,0,0,0,0,0,0,0,0,0,0,0,0,0,0,0,0,0,0,8,0,39.9311,-75.1781, , 
47848,526633,2013039254,6,67,67301,2013,4,7,115,1,3,1,0,7,3, , ,N,0,0,0,3,0,0,1,1,N,N,39 55:57.490,75 12:00.127,126, ,120,1,1,4,N, ,0,N, , , , , , , , ,1,1,0,0,0,0,0,0,0,0,0,0,0,0,0,0,0,0,0,0,0,0,0,0,0,0,0,0,0,0,0,0,0,0,0,0,0,39.9326,-75.2, , 
47849,526640,2013041959,6,67,67301,2013,3,2,754,7,1,1,0,4,1, , ,N,2,3,0,3,0,0,2,2,N,N,39 54:26.168,75 13:41.483,818, ,810,2,1,1,N, ,3,N, , , , , , , , ,2,1,0,0,1,0,0,0,0,0,0,0,0,0,0,0,0,0,0,0,1,0,1,0,0,0,0,0,0,0,0,0,0,0,0,0,1,39.9073,-75.2282, , 
47850,526642,2013047260,6,67,67301,2013,4,7,1856,18,1,1,0,4,1, , ,N,0,0,0,3,0,0,4,2,N,N,39 54:53.224,75 09:18.460,1902, ,1858, ,0, ,N, ,0, , , , , , , , , ,2,2,0,0,0,0,0,0,0,0,0,0,0,0,0,0,1,0,0,0,0,0,0,0,0,0,0,0,0,0,0,0,0,0,0,0,0,39.9148,-75.1551, , 
47851,526644,2013050341,6,67,67301,2013,4,7,1213,12,1,1,0,4,1, , ,N,0,0,0,3,0,1,2,2,N,N,40 01:30.856,75 01:38.236,1230, ,1218,2,1,1, , ,0,N, , , , , , , , ,2,1,0,0,0,0,1,0,0,0,0,1,1,0,0,0,0,0,0,0,0,1,0,0,0,0,0,0,0,0,0,0,0,0,0,4,0,40.0252,-75.0273, , 
47852,526645,2013051508,6,46,46102,2013,5,1,1235,12,1,2,1,4,1, , ,N,0,3,7,3,0,1,3,2,N,N,40 04:46.111,75 10:03.984,1245, ,1236, ,0, ,N, ,3, , , , , , , , , ,2,2,0,0,0,0,0,0,0,0,0,0,1,1,0,0,0,0,0,0,1,0,0,0,0,0,0,0,0,0,0,0,0,0,0,8,0,40.0795,-75.1678, , 
47853,526648,2013055577,6,67,67301,2013,5,7,638,6,1,2,1,4,1, , ,N,1,2,0,3,0,2,2,2,N,N,40 01:37.801,75 09:04.478,655, ,47, ,0, ,N, ,3, , , , , , , , , ,2,1,0,0,0,0,1,0,0,0,0,2,2,0,0,0,0,0,0,0,0,0,0,0,0,0,0,0,0,0,0,0,0,0,0,4,0,40.0272,-75.1512, , 
47854,526652,2013065288,6,67,67301,2013,5,7,840,8,1,1,0,4,1, , ,N,0,0,0,3,0,1,1,2,N,N,40 01:30.633,75 03:38.231,9999, ,908, ,0, ,N, ,0, , , , , , , , , ,2,2,0,0,0,0,0,0,0,0,0,0,1,1,0,0,0,0,0,0,0,0,0,0,0,0,0,0,0,0,0,0,0,0,0,8,0,40.0252,-75.0606, , 
47855,526670,2013024985,6,67,67301,2013,1,2,1354,13,1,2,1,4,1, , ,N,2,0,0,3,0,0,2,2,N,N,40 02:13.960,75 08:11.320,1400, ,1355, ,0, ,N, ,0, , , , , , , , , ,2,1,0,0,1,0,0,0,0,0,0,0,0,0,2,0,0,0,0,0,1,0,0,0,0,0,0,0,0,0,0,0,0,0,0,9,0,40.0372,-75.1365, , 
47856,526676,2013029766,6,67,67301,2013,2,4,1913,19,3,2,1,4,1, , ,N,2,0,0,3,0,1,6,2,N, ,40 00:01.275,75 05:58.505,2025, ,2013, ,0, , , ,0, , , , , , , , , ,2,1,0,0,1,0,0,0,0,0,0,1,1,0,0,0,0,0,0,0,0,0,0,0,0,0,0,0,0,0,0,0,0,0,0,4,0,40.0004,-75.0996, , 
47857,526688,2013046295,6,67,67301,2013,4,6,9999,99,1,1,0,4,1, , ,N,1,2,0,3,0,0,3,3,N,N,39 58:39.716,75 09:41.201,1330, ,1328, ,0, ,N, ,3, , , , , , , , , ,3,2,0,0,0,0,1,0,0,0,0,0,0,0,0,0,0,0,0,0,0,0,0,0,0,0,0,0,0,0,0,0,0,0,0,0,0,39.9777,-75.1614, , 
47858,526714,2013012063,6,67,67301,2013,1,2,705,7,1,1,0,4,1, , ,N,1,3,0,3,0,3,6,2,N,N,39 58:49.087,75 10:26.903,736, ,734, ,0, , , ,3, , , , , , , , , ,2,1,0,0,0,0,1,0,0,0,0,0,3,3,0,0,0,0,0,0,1,0,0,0,0,0,0,0,0,0,0,0,0,0,0,8,0,39.9803,-75.1741, , 
47859,526741,2013046425,6,67,67301,2013,4,6,1400,14,1,1,0,4,1, , ,N,1,3,0,3,0,1,2,2,N,N,40 01:17.997,75 09:00.781,1405, ,1400, ,0, ,N, ,3, , , , , , , , , ,2,2,0,0,0,0,0,0,0,0,0,1,1,0,0,0,0,0,0,0,0,0,0,1,0,0,0,0,0,0,0,0,0,0,0,4,0,40.0217,-75.1502, , 
47860,526742,2013046436,6,67,67301,2013,4,2,9999,99,4,1,0,7,4, , ,N,1,3,0,3,0,0,1,1,N,N,40 03:05.950,74 59:53.199,2010, ,2007, ,0, , , ,3, , , , , , , , , ,1,0,0,0,0,0,1,0,0,0,0,0,0,0,0,0,0,0,0,0,0,0,0,0,0,0,0,0,0,0,0,0,0,0,0,0,0,40.0517,-74.9981, , 
47861,516706,2013035096,6,67,67301,2013,2,5,809,8,1,2,1,8,1, , ,N,0,0,0,3,0,1,2,2,N,N,40 02:14.587,75 08:02.483,811, ,810,1,1,5,N, ,0,Y, , , , , , , , ,1,1,0,0,0,0,0,0,0,0,0,0,1,1,0,0,0,0,0,0,0,0,0,0,0,0,0,0,0,0,0,0,1,0,0,8,0,40.0374,-75.134, , 
47862,516712,2013047231,6,67,67301,2013,4,2,958,9,1,1,0,5,1, , ,N,0,0,0,3,0,0,2,5,N, ,39 57:11.383,75 11:41.642,1007, ,1000, ,0, , , ,0, , , , , , , , , ,5,2,0,0,1,0,1,1,0,0,0,0,0,0,0,0,0,0,0,0,0,0,0,0,0,0,0,0,0,0,0,0,0,0,0,0,0,39.9532,-75.1949, , 
47863,516713,2013047288,6,67,67301,2013,4,6,1245,12,1,1,0,8,1, , ,N,0,0,0,3,0,1,3,2,N,N,40 00:30.776,75 05:29.493,1255, ,1247, ,0, , , ,0, , , , , , , , , ,1,0,0,0,0,0,1,0,0,0,0,1,1,0,0,0,0,0,0,0,0,0,0,0,0,0,0,0,0,0,0,0,1,0,0,4,0,40.0085,-75.0915, , 
47864,516715,2013047816,6,67,67301,2013,4,7,1250,12,1,1,0,4,1, , ,N,0,0,0,3,0,1,2,2,N,N,40 07:20.292,75 00:57.487,1308, ,1257, ,0, ,N, ,0, , , , , , , , , ,2,0,1,0,0,0,1,0,0,0,0,0,1,1,0,0,0,0,0,0,1,0,0,0,0,0,0,0,0,0,0,0,0,0,0,8,0,40.1223,-75.016, , 
47865,516717,2013050313,6,67,67301,2013,4,6,1340,13,1,1,0,8,1, , ,N,1,0,0,3,0,1,2,2,N,Y,39 56:57.098,75 14:07.234,1348, ,1345, ,0, ,N, ,0, , , , , , , , , ,1,1,0,0,0,0,0,0,0,0,0,0,1,1,0,0,0,0,0,0,0,0,0,0,0,0,0,0,0,0,0,0,1,0,0,8,0,39.9492,-75.2353, , 
47866,516723,2013055385,6,67,67301,2013,5,6,817,8,1,1,0,4,1, , ,N,0,0,0,3,0,4,6,2,N,N,40 00:19.885,75 06:18.466,847, ,845, ,0, ,N, ,0, , , , , , , , , ,2,0,0,0,1,0,0,1,0,0,0,4,4,0,0,0,0,0,1,0,0,0,0,4,0,0,0,0,0,0,0,0,0,0,0,4,0,40.0055,-75.1051, , 
47867,516740,2013035287,6,67,67301,2013,3,6,1030,10,1,1,0,1,1, , ,N,1,2,0,3,0,1,2,2,N,N,40 04:28.071,75 02:05.821,1040, ,1034, ,0, ,N, ,3, , , , , , , , , ,2,2,0,0,0,0,0,0,0,0,0,1,1,0,0,0,0,0,0,0,1,0,0,0,0,0,0,0,0,0,0,0,0,0,0,4,0,40.0745,-75.035, , 
47868,516745,2013037396,6,67,67301,2013,3,2,2142,21,3,1,0,1,1, , ,N,0,2,0,3,0,4,8,3,N,N,39 56:29.551,75 12:43.465,2224, ,2214, ,0, ,N, ,3, , , , , , , , , ,3,2,0,0,0,0,0,1,0,0,0,4,4,0,0,0,0,0,0,0,2,0,0,0,0,0,0,0,0,0,0,0,0,0,0,4,0,39.9415,-75.2121, , 
47869,516746,2013037437,6,67,67301,2013,3,1,923,9,1,1,0,1,1, , ,N,1,2,0,3,0,5,6,2,N,N,39 58:15.014,75 09:14.922,923, ,923,1,1,4,N, ,3,N, , , , , , , , ,2,1,0,0,1,0,0,0,0,0,0,0,5,5,0,0,0,0,0,0,0,0,1,0,0,0,0,0,0,0,0,0,0,0,0,8,0,39.9707,-75.1541, , 
47870,516755,2013046279,6,67,67301,2013,3,6,1545,15,1,1,0,1,1, , ,N,2,2,7,3,0,1,2,2,N,N,40 04:44.129,75 01:31.222,1610, ,1559, ,0, ,N, ,3, , , , , , , , , ,2,0,0,0,2,0,0,0,0,0,0,0,1,1,0,0,0,0,0,0,1,0,0,0,0,0,0,0,0,0,0,0,0,0,0,8,0,40.0789,-75.0253, , 
47871,516783,2013016235,6,67,67301,2013,1,3,1300,13,1,1,0,4,1, , ,N,0,0,0,3,0,0,4,2,N,N,40 02:13.962,75 11:34.041,1315, ,1310, ,0, ,N, ,0, , , , , , , , , ,2,2,0,0,0,0,0,0,0,0,0,0,0,0,0,0,0,0,0,1,0,0,0,0,0,0,0,0,0,0,0,0,0,0,0,0,0,40.0372,-75.1928, , 