objectid_1,objectid,crn,district,county,municipality,crash_year,crash_month,day_of_week,time_of_day,hour_of_day,illumination,weather,road_condition,collision_type,relation_to_road,work_zone_type,work_zone_loc,work_zone_ind,intersect_type,tcd_type,location_type,urban_rural,fatal_count,injury_count,person_count,total_units,sch_bus_ind,sch_zone_ind,latitude,longitude,arrival_tm,cons_zone_spd_lim,dispatch_tm,est_hrs_closed,lane_closed,ln_close_dir,ntfy_hiwy_maint,spec_juris_cd,tcd_func_cd,tfc_detour_ind,workers_pres,wz_close_detour,wz_flagger,wz_law_offcr_ind,wz_ln_closure,wz_moving,wz_other,wz_shlder_mdn,vehicle_count,automobile_count,motorcycle_count,bus_count,small_truck_count,heavy_truck_count,suv_count,van_count,bicycle_count,maj_inj_count,mod_inj_count,min_inj_count,tot_inj_count,unk_inj_deg_count,unk_inj_per_count,driver_count_16yr,driver_count_17yr,driver_count_18yr,driver_count_19yr,driver_count_20yr,driver_count_50_64yr,driver_count_65_74yr,driver_count_75plus,unbelted_occ_count,unb_death_count,unb_maj_inj_count,belted_death_count,belted_maj_inj_count,mcycle_death_count,mcycle_maj_inj_count,bicycle_death_count,bicycle_maj_inj_count,ped_count,ped_death_count,ped_maj_inj_count,max_severity_level,comm_veh_count,dec_lat,dec_long,rdwy_surf_type_cd,county_name
48007,556817,2013079497,6,67,67301,2013,7,2,1500,15,1,1,0,8,1, , ,N,2,3,0,3,0,1,2,2,N,N,39 54:57.347,75 14:42.963,1532, ,1524, ,0, ,N, ,3, , , , , , , , , ,1,1,0,0,0,0,0,0,0,0,0,0,1,1,0,0,0,0,0,1,0,0,0,0,0,0,0,0,0,0,0,0,1,0,0,8,0,39.9159,-75.2453, , 
48008,556855,2013022342,6,67,67301,2013,1,6,1507,15,1,1,0,8,1, , ,N,0,0,0,3,0,1,2,2,N,Y,39 59:30.477,75 08:18.132,1850, ,1847, ,0, ,N, ,0, , , , , , , , , ,1,0,0,0,0,0,1,0,0,0,0,1,1,0,0,0,0,0,0,1,0,0,0,0,0,0,0,0,0,0,0,0,1,0,0,4,0,39.9918,-75.1384, , 
48009,556889,2013010603,6,67,67301,2013,1,1,1900,19,3,6,1,6,1, , ,N,7,2,2,3,0,1,5,4,N,N,39 55:34.690,75 08:49.024,1916, ,1909,2,2,2,N, ,3,N, , , , , , , , ,4,3,0,0,1,0,0,0,0,0,0,1,1,0,1,0,0,0,0,0,0,1,0,0,0,0,0,0,0,0,0,0,0,0,0,4,0,39.9263,-75.1469, , 
48010,556902,2013101266,6,67,67301,2013,9,6,715,7,1,1,0,4,1, , ,N,1,3,0,3,0,3,4,4,N, ,40 01:20.398,75 07:50.350,720, ,717,4,2,7, , ,3,Y, , , , , , , , ,3,2,0,0,0,0,1,0,0,1,1,1,3,0,0,0,0,0,0,1,1,0,0,0,0,0,0,0,0,0,0,0,1,0,1,2,0,40.0223,-75.1307, , 
48011,556917,2013121555,6,67,67301,2013,10,6,2200,22,3,1,0,4,1, , ,N,2,3,0,3,0,2,2,2,N,N,40 01:56.435,75 10:09.213,2201, ,2200, ,0, ,N, ,3, , , , , , , , , ,2,2,0,0,0,0,0,0,0,0,0,2,2,0,0,0,0,0,0,0,0,0,0,0,0,0,0,0,0,0,0,0,0,0,0,4,0,40.0323,-75.1692, , 
48012,556922,2013124824,6,67,67301,2013,11,4,417,4,3,2,1,7,2, , ,N,0,0,0,3,0,0,1,1,N,N,39 57:35.178,75 10:40.744,430, ,419,1,1,1,N, ,0,N, , , , , , , , ,1,1,0,0,0,0,0,0,0,0,0,0,0,0,0,0,0,0,0,0,0,0,0,0,0,0,0,0,0,0,0,0,0,0,0,0,0,39.9598,-75.178, , 
48013,556927,2013129417,6,67,67301,2013,11,5,530,5,3,1,0,8,1, , ,N,1,3,0,3,0,1,2,2,N, ,39 59:39.339,75 10:10.286,533, ,530, ,0, , , ,3, , , , , , , , , ,1,1,0,0,0,0,0,0,0,0,0,1,1,0,0,0,0,0,0,0,0,0,0,0,0,0,0,0,0,0,0,0,1,0,0,4,0,39.9943,-75.1695, , 
48014,556942,2013076787,6,67,67301,2013,7,3,740,7,1,1,0,1,1, , ,N,0,0,0,3,0,1,3,3,N,N,40 00:33.524,75 03:58.081,752, ,746,1,1,1,N, ,0,N, , , , , , , , ,3,3,0,0,0,0,0,0,0,0,0,1,1,0,0,0,0,0,1,0,0,0,0,0,0,0,0,0,0,0,0,0,0,0,0,4,0,40.0093,-75.0663, , 
48015,556957,2013093677,6,67,67301,2013,9,3,1212,12,1,1,0,1,1, , ,N,0,0,0,3,0,1,2,2,N,N,40 01:10.901,75 02:40.517,1231, ,1217, ,0, ,N, ,0, , , , , , , , , ,2,0,0,0,0,0,2,0,0,0,0,1,1,0,0,0,0,0,0,0,0,1,1,0,0,0,0,0,0,0,0,0,0,0,0,4,0,40.0196,-75.0447, , 
48016,556961,2013103954,6,67,67301,2013,9,7,1330,13,1,1,0,8,4, , ,N,0,0,0,3,0,1,2,2,N,N,40 01:18.544,75 09:00.720,1740, ,1730, ,0, ,N, ,0, , , , , , , , , ,1,0,0,0,0,0,0,0,0,0,0,1,1,0,1,0,0,0,0,0,0,0,0,0,0,0,0,0,0,0,0,0,1,0,0,4,0,40.0218,-75.1502, , 
48017,556983,2013065442,6,67,67301,2013,5,3,2152,21,3,1,0,4,1, , ,N,2,0,0,3,0,2,2,2,N,N,39 58:56.703,75 05:01.832,2200, ,2155,2,2,5,N, ,0,Y, , , , , , , , ,2,1,0,0,0,0,1,0,0,0,2,0,2,0,0,0,0,0,0,0,1,0,0,0,0,0,0,0,0,0,0,0,0,0,0,3,0,39.9824,-75.0838, , 
48018,556986,2013067171,6,67,67301,2013,1,3,1520,15,1,1,0,1,1,1,4,Y,0,0,0,3,0,3,4,2,N,N,39 58:09.351,75 07:37.908,0,99,0, ,0, ,N, ,0, ,U, , ,U, , , , ,2,0,0,0,0,1,0,1,0,0,0,0,3,3,1,0,0,0,0,0,1,0,0,0,0,0,0,0,0,0,0,0,0,0,0,8,1,39.9693,-75.1272, , 
48019,556989,2013070116,6,67,67301,2013,6,6,1355,13,1,2,1,4,1, , ,N,2,3,0,3,0,1,3,2,N,N,39 55:36.613,75 13:47.920,1610, ,1405, ,0, ,N, ,3, , , , , , , , , ,2,2,0,0,0,0,0,0,0,0,0,0,1,1,0,0,0,0,0,0,0,0,0,0,0,0,0,0,0,0,0,0,0,0,0,8,0,39.9268,-75.23, , 
48020,556990,2013070352,6,67,67301,2013,6,3,1300,13,1,1,0,4,1, , ,N,1,2,0,3,0,3,3,2,N,N,39 57:15.642,75 13:26.511,1315, ,1310, ,0, , , ,3, , , , , , , , , ,2,0,0,0,0,0,2,0,0,0,0,0,3,3,0,0,0,1,0,0,0,0,0,1,0,0,0,0,0,0,0,0,0,0,0,8,0,39.9543,-75.224, , 
48021,557017,2013094665,6,67,67301,2013,8,5,1815,18,1,1,0,1,1, , ,N,1,2,0,3,0,2,5,2,N,N,40 02:06.975,75 07:17.098,0, ,0, ,0, ,N, ,3, , , , , , , , , ,2,0,0,0,0,0,0,2,0,0,1,1,2,0,1,0,0,0,0,0,1,0,0,1,0,0,0,0,0,0,0,0,0,0,0,3,0,40.0353,-75.1214, , 
48022,557049,2013070078,6,67,67301,2013,6,5,2000,20,3,2,1,4,1, , ,N,1,0,0,3,0,1,3,2,N,N,39 59:55.424,75 05:40.664,2024, ,2020, ,0, , , ,0, , , , , , , , , ,2,1,0,0,0,0,1,0,0,0,0,1,1,0,0,0,0,0,0,0,1,0,0,0,0,0,0,0,0,0,0,0,0,0,0,4,0,39.9987,-75.0946, , 
48023,559719,2013101128,6,67,67301,2013,9,2,1000,10,1,1,0,4,1, , ,N,1,2,0,3,0,1,2,2,N,N,39 57:58.791,75 13:00.094,1015, ,1000, ,0, ,N, ,3, , , , , , , , , ,2,1,0,0,1,0,0,0,0,0,0,0,1,1,0,0,0,0,1,0,1,0,0,0,0,0,0,0,0,0,0,0,0,0,0,8,0,39.9663,-75.2167, , 
48024,559723,2013104379,6,67,67301,2013,9,6,9999,99,1,1,0,4,1, , ,N,2,3,0,3,0,1,2,2,N,N,40 00:24.004,75 08:38.583,1050, ,1040, ,0, ,N, ,3, , , , , , , , , ,1,0,0,0,1,0,0,0,1,0,0,1,1,0,1,0,0,0,0,0,0,0,0,0,0,0,0,0,0,0,0,0,0,0,0,4,0,40.0067,-75.1441, , 
48025,559732,2013079540,6,67,67301,2013,7,2,1640,16,1,1,0,4,1, , ,N,1,2,0,3,0,1,3,2,N,N,39 56:42.885,75 10:12.385,1650, ,1644, ,0, ,N, ,3, , , , , , , , , ,2,2,0,0,0,0,0,0,0,0,0,0,1,1,0,0,0,0,0,0,1,0,0,0,0,0,0,0,0,0,0,0,0,0,0,8,0,39.9452,-75.1701, , 
48026,559751,2013083983,6,67,67301,2013,7,6,910,9,1,1,0,2,1, , ,N,1,2,0,3,0,1,2,2,Y,N,39 59:16.101,75 08:35.440,935, ,924, ,0, ,N, ,3, , , , , , , , , ,2,0,0,1,0,0,1,0,0,0,1,0,1,0,0,0,0,0,0,0,0,0,0,0,0,0,0,0,0,0,0,0,0,0,0,3,1,39.9878,-75.1432, , 
48027,559777,2013074765,6,67,67301,2013,6,2,1423,14,1,1,0,5,1, , ,N,0,0,0,3,0,1,2,2,N,N,40 05:08.883,74 58:11.918,1426, ,1423,9,1,3,N, ,0,N, , , , , , , , ,2,1,0,0,1,0,0,0,0,0,0,1,1,0,0,0,0,0,0,0,1,0,0,0,0,0,0,0,0,0,0,0,0,0,0,4,0,40.0858,-74.97, , 
48028,559789,2013084036,6,67,67301,2013,6,4,1740,17,1,1,0,8,1, , ,N,0,0,0,3,0,1,4,2,N,N,40 03:04.798,75 07:38.078,1742, ,1741,2,2,5,N, ,0,Y, , , , , , , , ,1,1,0,0,0,0,0,0,0,0,0,0,1,1,0,0,0,0,0,0,0,0,0,0,0,0,0,0,0,0,0,0,1,0,0,8,0,40.0513,-75.1272, , 
48029,559802,2013097557,6,67,67301,2013,9,6,2143,21,3,1,0,7,7, , ,N,0,0,0,3,0,0,2,1,N,N,39 57:35.627,75 10:44.300,2153, ,2143,1,1,3,N, ,0,N, , , , , , , , ,1,0,0,0,0,0,1,0,0,0,0,0,0,0,0,0,0,0,1,0,0,0,0,0,0,0,0,0,0,0,0,0,0,0,0,0,0,39.9599,-75.179, , 
48030,559804,2013101115,6,67,67301,2013,9,2,1250,12,1,1,0,4,1, , ,N,1,2,0,3,0,0,2,2,N,N,40 03:40.050,75 14:10.506,1323, ,1300,2,1,2, , ,3,N, , , , , , , , ,2,1,0,0,1,0,0,0,0,0,0,0,0,0,0,0,0,0,0,0,1,0,0,0,0,0,0,0,0,0,0,0,0,0,0,0,0,40.0611,-75.2363, , 
48031,559805,2013101132,6,67,67301,2013,8,7,2030,20,3,1,0,4,1, , ,N,1,3,0,3,0,1,2,2,N,N,39 59:04.171,75 13:46.149,25, ,20, ,0, ,N, ,3, , , , , , , , , ,2,1,0,0,0,0,1,0,0,0,0,1,1,0,0,0,0,1,0,0,0,0,0,0,0,0,0,0,0,0,0,0,0,0,0,4,0,39.9845,-75.2295, , 
48032,559820,2013111721,6,67,67301,2013,10,5,1700,17,1,2,1,1,1, , ,N,0,0,0,3,0,1,2,2,N,N,40 04:15.339,75 02:57.747,1710, ,1700, ,0, ,N, ,0, , , , , , , , , ,2,1,0,1,0,0,0,0,0,0,0,1,1,0,0,0,0,0,0,0,1,0,0,1,0,0,0,0,0,0,0,0,0,0,0,4,1,40.0709,-75.0494, , 
48033,559824,2013062575,6,67,67301,2013,5,1,2145,21,3,1,0,7,5, , ,N,0,0,0,3,0,1,1,1,N,N,40 07:23.016,75 00:56.520,2201, ,2152, ,0, ,N, ,0, , , , , , , , , ,1,0,0,0,0,0,0,1,0,0,1,0,1,0,0,0,0,0,0,0,0,0,0,0,0,0,0,0,0,0,0,0,0,0,0,3,0,40.1231,-75.0157, , 
48034,559854,2013083963,6,67,67301,2013,7,3,300,3,3,2,1,4,2, , ,N,0,0,0,3,0,0,1,2,N,N,39 57:32.220,75 13:59.880,305, ,300, ,0, ,N, ,0, , , , , , , , , ,2,2,0,0,0,0,0,0,0,0,0,0,0,0,0,0,0,0,0,0,0,0,0,0,0,0,0,0,0,0,0,0,0,0,0,0,0,39.959,-75.2333, , 
48035,559855,2013083970,6,67,67301,2013,7,3,1013,10,1,1,0,4,1, , ,N,0,0,7,3,0,1,2,2,N, ,39 57:00.847,75 10:17.085,1020, ,1015,1,2,4, , ,0,Y, , , , , , , , ,1,1,0,0,0,0,0,0,1,0,0,1,1,0,0,0,0,0,0,0,0,0,0,0,0,0,0,0,0,0,0,0,0,0,0,4,0,39.9502,-75.1714, , 
48036,559874,2013052998,6,67,67301,2013,4,5,1845,18,1,1,0,4,7, , ,N,2,2,2,3,0,2,3,2,N,N,39 58:28.951,75 11:54.461,1852, ,1846, ,0, ,N, ,3, , , , , , , , , ,2,1,0,0,0,0,1,0,0,0,0,0,2,2,0,0,0,0,0,0,1,0,0,0,0,0,0,0,0,0,0,0,0,0,0,8,0,39.9747,-75.1984, , 
48037,559875,2013053102,6,67,67301,2013,4,2,1009,10,1,2,1,5,1, , ,N,0,0,0,3,0,1,2,2,N,N,40 00:18.942,75 05:33.608,1040, ,1037, ,0, ,N, ,0, , , , , , , , , ,2,1,0,0,0,0,1,0,0,0,0,0,1,1,0,0,0,0,0,0,0,0,0,0,0,0,0,0,0,0,0,0,0,0,0,8,0,40.0053,-75.0927, , 
48038,559909,2013099777,6,67,67301,2013,10,1,440,4,2,1,0,7,4, , ,N,0,0,0,3,0,1,1,1,N,N,39 55:04.918,75 08:52.407,455, ,445,2,1,2,N, ,0,N, , , , , , , , ,1,1,0,0,0,0,0,0,0,0,1,0,1,0,0,0,0,0,0,0,0,0,0,1,0,0,0,0,0,0,0,0,0,0,0,3,0,39.918,-75.1479, , 
48039,559921,2013055521,6,67,67301,2013,5,2,1201,12,1,1,0,7,5, , ,N,0,0,7,3,0,1,1,1,N,N,39 53:57.410,75 15:08.740,1215, ,1202,1,2,7,N, ,0,Y, , , , , , , , ,1,0,0,0,0,0,0,1,0,0,0,1,1,0,0,0,0,0,0,0,1,0,0,1,0,0,0,0,0,0,0,0,0,0,0,4,0,39.8993,-75.2524, , 
48040,559933,2013017679,6,67,67301,2013,1,5,847,8,1,1,0,4,1, , ,N,0,0,0,3,0,1,2,2,N,N,39 59:48.154,75 13:07.344,847, ,847,1,2,4,N, ,0,N, , , , , , , , ,2,1,0,0,0,0,1,0,0,0,0,1,1,0,0,0,0,0,0,0,1,0,0,0,0,0,0,0,0,0,0,0,0,0,0,4,0,39.9967,-75.2187, , 
48041,562883,2013078962,6,67,67301,2013,7,7,856,8,1,1,0,1,1, , ,N,0,0,0,3,0,1,7,3,N,N,39 57:25.503,75 09:23.862,903, ,857,1,1,3,N, ,0,N, , , , , , , , ,3,1,0,0,0,0,1,1,0,0,0,0,1,1,0,0,0,0,1,0,2,0,0,1,0,0,0,0,0,0,0,0,0,0,0,8,0,39.9571,-75.1566, , 
48042,562899,2013096450,6,67,67301,2013,8,5,1837,18,1,1,0,1,1, , ,N,1,2,0,3,0,2,2,2,N,N,40 02:35.649,75 03:08.136,1842, ,1840, ,0, , , ,3, , , , , , , , , ,2,1,0,0,1,0,0,0,0,0,1,1,2,0,0,0,0,0,0,0,2,0,0,0,0,0,0,0,0,0,0,0,0,0,0,3,0,40.0432,-75.0523, , 
48043,562907,2013067041,6,67,67301,2013,6,1,2149,21,3,1,0,5,1, , ,N,0,0,0,3,0,0,2,2,N,N,39 57:09.368,75 08:29.366,2223, ,2154, ,0, ,N, ,0, , , , , , , , , ,2,2,0,0,0,0,0,0,0,0,0,0,0,0,1,0,0,0,0,0,1,0,0,0,0,0,0,0,0,0,0,0,0,0,0,9,0,39.9526,-75.1415, , 
48044,562921,2013062623,6,67,67301,2013,4,2,945,9,1,2,1,7,3, , ,N,0,0,0,3,0,1,1,1,N,N,40 02:38.920,75 07:02.077,1030, ,1025, ,0, ,N, ,0, , , , , , , , , ,1,0,0,0,0,0,1,0,0,0,0,1,1,0,0,0,0,0,0,0,0,0,0,0,0,0,0,0,0,0,0,0,0,0,0,4,0,40.0441,-75.1172, , 
48045,562950,2013096046,6,67,67301,2013,8,6,1455,14,1,1,0,4,1, , ,N,1,3,0,3,0,0,2,2,N,N,39 59:12.976,75 05:52.839,1502, ,1500,1,1,3,N, ,3,Y, , , , , , , , ,2,2,0,0,0,0,0,0,0,0,0,0,0,0,0,0,0,0,0,0,0,0,0,0,0,0,0,0,0,0,0,0,0,0,0,0,0,39.9869,-75.098, , 
48046,562966,2013070480,6,67,67301,2013,6,7,40,0,3,2,1,6,1, , ,N,0,0,0,3,0,0,1,2,N,N,40 00:38.271,75 04:36.760,42, ,40, ,0, ,N, ,0, , , , , , , , , ,2,0,0,0,1,0,1,0,0,0,0,0,0,0,0,0,0,0,0,0,0,0,0,0,0,0,0,0,0,0,0,0,0,0,0,0,0,40.0106,-75.0769, , 
48047,562993,2013103154,6,67,67301,2013,10,1,333,3,3,1,0,7,2, , ,N,6,0,2,3,0,0,1,1,N,N,40 00:12.647,75 04:38.645,333, ,333,1,1,2,N, ,0,N, , , , , , , , ,1,1,0,0,0,0,0,0,0,0,0,0,0,0,0,0,0,0,0,0,0,0,0,0,0,0,0,0,0,0,0,0,0,0,0,0,0,40.0035,-75.0774, , 
48048,563001,2013065298,6,67,67301,2013,5,4,2130,21,3,1,0,5,1, , ,N,1,0,0,3,0,1,2,2,N,N,39 57:37.116,75 10:26.115,1755, ,1745, ,0, ,N, ,0, , , , , , , , , ,1,1,0,0,0,0,0,0,1,0,0,1,1,0,0,0,0,0,0,0,1,0,0,0,0,0,0,0,0,0,0,0,0,0,0,4,0,39.9603,-75.1737, , 
48049,563012,2013070247,6,67,67301,2013,6,3,1642,16,1,1,0,5,1, , ,N,0,0,0,3,0,1,2,2,N,N,39 57:35.678,75 14:12.276,1645, ,1642, ,0, ,N, ,0, , , , , , , , , ,2,1,1,0,0,0,0,0,0,0,0,1,1,0,1,0,0,0,0,0,0,0,0,0,0,0,0,0,0,0,0,0,0,0,0,4,0,39.9599,-75.2368, , 
48050,563020,2013077374,6,67,67301,2013,6,6,759,7,1,1,0,4,1, , ,N,2,2,0,3,0,0,2,2,N,N,39 59:11.558,75 12:18.363,805, ,801, ,0, ,N, ,3, , , , , , , , , ,2,1,0,0,0,0,1,0,0,0,0,0,0,0,0,0,0,0,0,0,1,0,0,0,0,0,0,0,0,0,0,0,0,0,0,0,0,39.9865,-75.2051, , 
48051,563022,2013079454,6,67,67301,2013,6,6,1954,19,1,1,0,5,1, , ,N,1,0,0,3,0,3,5,5,N,N,39 58:58.770,75 06:05.073,1955, ,1954, ,0, , , ,0, , , , , , , , , ,5,1,0,0,1,0,0,0,0,0,0,3,3,0,1,0,0,0,0,0,1,0,0,1,0,0,0,0,0,0,0,0,0,0,0,4,0,39.983,-75.1014, , 
48052,563028,2013086751,6,67,67301,2013,7,5,1648,16,1,1,0,8,1, , ,N,1,2,0,3,0,1,2,2,N,N,39 55:29.812,75 13:24.391,1708, ,1658, ,0, ,N, ,3, , , , , , , , , ,1,1,0,0,0,0,0,0,0,1,0,0,1,0,0,0,0,0,0,0,0,0,0,0,0,0,0,0,0,0,0,0,1,0,1,2,0,39.9249,-75.2234, , 
48053,563029,2013086943,6,67,67301,2013,7,5,1643,16,1,1,0,8,1, , ,N,5,2,0,3,0,1,2,2,N, ,39 57:26.442,75 10:14.506,1647, ,1644, ,0, , , ,3, , , , , , , , , ,1,0,0,0,0,0,1,0,0,0,0,1,1,0,0,0,0,0,0,0,0,0,0,0,0,0,0,0,0,0,0,0,1,0,0,4,0,39.9573,-75.1707, , 
48054,563037,2013099764,6,67,67301,2013,9,2,1558,15,1,1,0,0,1, , ,N,0,0,0,3,0,1,1,1,N,N,39 53:12.993,75 12:55.373,1614, ,1559,2,1,1,N, ,0,N, , , , , , , , ,1,0,0,0,0,0,1,0,0,0,0,0,1,1,0,0,0,0,0,0,1,0,0,1,0,0,0,0,0,0,0,0,0,0,0,8,0,39.8869,-75.2154, , 
48055,563058,2013078985,6,67,67301,2013,8,1,630,6,1,1,0,4,1, , ,N,0,0,0,3,0,0,2,2,N,N,39 57:35.951,75 10:46.737,632, ,630,1,1,3,N, ,0,N, , , , , , , , ,2,1,0,0,0,0,0,1,0,0,0,0,0,0,0,0,0,0,0,0,1,1,0,0,0,0,0,0,0,0,0,0,0,0,0,0,0,39.96,-75.1796, , 
48056,563060,2013079478,6,67,67301,2013,7,2,9999,99,3,1,0,4,1, , ,N,0,0,0,3,0,1,1,3,N,N,39 59:12.253,75 10:19.491,453, ,433, ,0, , , ,0, , , , , , , , , ,3,2,0,0,0,0,0,1,0,0,0,1,1,0,0,0,0,0,0,0,0,0,0,0,0,0,0,0,0,0,0,0,0,0,0,4,0,39.9867,-75.1721, , 
48057,563077,2013095959,6,67,67301,2013,8,1,1916,19,4,1,0,4,2, , ,N,2,0,0,3,0,0,2,2,N,N,40 03:04.129,75 07:21.028,1917, ,1917, ,0, ,N, ,0, , , , , , , , , ,2,1,0,0,0,0,1,0,0,0,0,0,0,0,0,0,0,0,0,0,0,0,0,0,0,0,0,0,0,0,0,0,0,0,0,0,0,40.0511,-75.1225, , 
48058,563098,2013067502,6,67,67301,2013,6,7,1739,17,1,1,0,1,1, , ,N,0,0,0,3,0,1,3,2,N,N,39 57:25.352,75 09:22.734,1756, ,1740, ,0, ,N, ,0, , , , , , , , , ,2,0,0,0,1,0,1,0,0,0,0,0,1,1,0,0,0,0,0,0,1,0,0,0,0,0,0,0,0,0,0,0,0,0,0,8,0,39.957,-75.1563, , 
48059,568200,2013098371,6,67,67301,2013,8,7,1755,17,1,1,0,8,1, , ,N,0,0,0,3,0,1,2,2,N, ,39 56:14.679,75 13:21.723,1805, ,1800,2,2,5, , ,0,Y, , , , , , , , ,1,1,0,0,0,0,0,0,0,0,0,1,1,0,0,0,0,0,0,0,0,0,0,0,0,0,0,0,0,0,0,0,1,0,0,4,0,39.9374,-75.2227, , 
48060,568201,2013098440,6,67,67301,2013,9,3,2212,22,3,1,0,4,1, , ,N,1,2,0,3,0,1,2,2,N,N,39 57:01.634,75 11:33.356,2215, ,2212, ,0, ,N, ,3, , , , , , , , , ,1,1,0,0,0,0,0,0,1,0,0,1,1,0,0,0,0,0,0,0,0,0,0,0,0,0,0,0,0,0,0,0,0,0,0,4,0,39.9505,-75.1926, , 
48061,568209,2013055846,6,67,67301,2013,4,3,718,7,1,1,1,2,1, , ,N,0,0,0,3,0,2,4,3,N,N,39 59:41.905,75 11:31.609,740, ,728, ,0, ,N, ,0, , , , , , , , , ,3,3,0,0,0,0,0,0,0,0,0,0,2,2,0,0,0,0,0,0,1,0,0,0,0,0,0,0,0,0,0,0,0,0,0,8,0,39.995,-75.1921, , 
48062,568225,2013086918,6,67,67301,2013,8,5,920,9,1,2,1,8,1, , ,N,1,2,0,3,0,1,2,2,N,N,39 59:17.068,75 09:26.951,1025, ,1021, ,0, ,N, ,9, , , , , , , , , ,1,1,0,0,0,0,0,0,0,0,0,1,1,0,1,0,0,0,0,0,0,0,0,0,0,0,0,0,0,0,0,0,1,0,0,4,0,39.9881,-75.1575, , 
48063,568226,2013086926,6,67,67301,2013,7,4,600,6,1,1,0,7,5, , ,N,0,0,0,3,0,0,1,1,N, ,40 03:28.286,75 02:26.877,607, ,602, ,0, , , ,0, , , , , , , , , ,1,1,0,0,0,0,0,0,0,0,0,0,0,0,0,0,0,0,0,0,0,0,0,0,0,0,0,0,0,0,0,0,0,0,0,0,0,40.0579,-75.0408, , 
48064,568231,2013090139,6,67,67301,2013,9,6,1849,18,4,1,0,1,1, , ,N,0,0,0,3,0,0,2,2,N,N,39 57:26.693,75 09:30.289,1913, ,1859,1,2,4,N, ,0,N, , , , , , , , ,2,2,0,0,0,0,0,0,0,0,0,0,0,0,0,0,0,0,0,0,0,0,0,0,0,0,0,0,0,0,0,0,0,0,0,0,0,39.9574,-75.1584, , 
48065,568235,2013098418,6,67,67301,2013,9,4,1602,16,1,1,0,4,1, , ,N,1,2,0,3,0,3,3,2,N, ,40 01:36.580,75 05:52.985,1610, ,1603,1,1,1, , ,3,N, , , , , , , , ,2,1,0,0,0,0,1,0,0,0,0,3,3,0,0,0,0,0,0,0,0,0,0,0,0,0,0,0,0,0,0,0,0,0,0,4,0,40.0268,-75.0981, , 
48066,568236,2013098427,6,67,67301,2013,9,3,1347,13,1,1,0,1,1, , ,N,0,0,0,3,0,1,6,3,N,N,39 54:57.709,75 09:53.226,1405, ,1359,1,1,4,N, ,0,N, , , , , , , , ,3,2,0,0,0,0,1,0,0,0,0,1,1,0,0,0,0,0,0,1,0,0,0,1,0,0,0,0,0,0,0,0,0,0,0,4,0,39.916,-75.1648, , 
48067,568254,2013053921,6,67,67301,2013,5,5,1601,16,1,1,0,4,1,1,2,Y,0,0,0,3,0,3,3,2,N,N,39 58:06.904,75 07:44.007,1620,55,1609,2,1,2,Y, ,0,N,Y,N,N,N,Y,N,N,Y,2,1,0,0,0,0,0,1,0,0,2,1,3,0,0,0,0,0,0,0,0,0,0,0,0,0,0,0,0,0,0,0,0,0,0,3,0,39.9686,-75.1288, , 
48068,568255,2013054641,6,67,67301,2013,4,1,2055,20,6,1,0,1,1, , ,N,1,0,0,3,0,1,2,2,N, ,40 00:07.962,75 09:27.759,108, ,103, ,0, , , ,0, , , , , , , , , ,2,2,0,0,0,0,0,0,0,0,0,0,1,1,1,0,0,0,0,0,0,0,0,0,0,0,0,0,0,0,0,0,0,0,0,8,0,40.0022,-75.1577, , 
48069,568256,2013055842,6,67,67301,2013,5,5,1550,15,1,1,0,8,1, , ,N,1,2,0,3,0,1,2,2,N, ,39 56:51.284,75 10:10.599,1613, ,1606, ,0, , , ,3, , , , , , , , , ,1,0,0,0,1,0,0,0,0,0,1,0,1,0,0,0,0,0,0,0,0,0,0,0,0,0,0,0,0,0,0,0,1,0,0,3,0,39.9476,-75.1696, , 
48070,568268,2013082404,6,46,46102,2013,8,5,2130,21,3,1,0,4,1, , ,N,5,2,0,3,0,3,3,2,N,N,40 04:27.217,75 09:30.365,2135, ,2130, ,0, ,N, ,3, , , , , , , , , ,2,2,0,0,0,0,0,0,0,0,0,3,3,0,0,0,0,0,0,0,0,0,0,0,0,0,0,0,0,0,0,0,0,0,0,4,0,40.0741,-75.1584, , 
48071,568293,2013109420,6,67,67301,2013,9,5,1127,11,1,1,0,7,5, , ,N,2,3,0,3,0,1,1,1,N, ,40 01:15.985,75 07:13.792,1129, ,1129, ,0, , , ,3, , , , , , , , , ,1,1,0,0,0,0,0,0,0,0,0,0,1,1,0,0,0,0,0,0,0,0,0,1,0,0,0,0,0,0,0,0,0,0,0,8,0,40.0211,-75.1205, , 
48072,568307,2013065508,6,67,67301,2013,5,4,1746,17,1,1,0,5,1, , ,N,1,2,0,3,0,1,2,2,N,N,39 57:13.622,75 08:34.406,1815, ,1804, ,0, , , ,3, , , , , , , , , ,1,1,0,0,0,0,0,0,1,0,0,0,1,1,1,0,0,0,0,0,0,0,0,0,0,0,0,0,0,0,0,0,0,0,0,8,0,39.9538,-75.1429, , 
48073,568327,2013086864,6,67,67301,2013,8,2,420,4,3,1,0,4,1, , ,N,2,0,0,3,0,0,1,3,N,N,40 01:04.584,75 06:31.183,750, ,744, ,0, ,N, ,0, , , , , , , , , ,3,3,0,0,0,0,0,0,0,0,0,0,0,0,1,0,0,0,0,0,0,0,0,0,0,0,0,0,0,0,0,0,0,0,0,9,0,40.0179,-75.1087, , 