objectid_1,objectid,crn,district,county,municipality,crash_year,crash_month,day_of_week,time_of_day,hour_of_day,illumination,weather,road_condition,collision_type,relation_to_road,work_zone_type,work_zone_loc,work_zone_ind,intersect_type,tcd_type,location_type,urban_rural,fatal_count,injury_count,person_count,total_units,sch_bus_ind,sch_zone_ind,latitude,longitude,arrival_tm,cons_zone_spd_lim,dispatch_tm,est_hrs_closed,lane_closed,ln_close_dir,ntfy_hiwy_maint,spec_juris_cd,tcd_func_cd,tfc_detour_ind,workers_pres,wz_close_detour,wz_flagger,wz_law_offcr_ind,wz_ln_closure,wz_moving,wz_other,wz_shlder_mdn,vehicle_count,automobile_count,motorcycle_count,bus_count,small_truck_count,heavy_truck_count,suv_count,van_count,bicycle_count,maj_inj_count,mod_inj_count,min_inj_count,tot_inj_count,unk_inj_deg_count,unk_inj_per_count,driver_count_16yr,driver_count_17yr,driver_count_18yr,driver_count_19yr,driver_count_20yr,driver_count_50_64yr,driver_count_65_74yr,driver_count_75plus,unbelted_occ_count,unb_death_count,unb_maj_inj_count,belted_death_count,belted_maj_inj_count,mcycle_death_count,mcycle_maj_inj_count,bicycle_death_count,bicycle_maj_inj_count,ped_count,ped_death_count,ped_maj_inj_count,max_severity_level,comm_veh_count,dec_lat,dec_long,rdwy_surf_type_cd,county_name
48142,563192,2013108946,6,67,67301,2013,9,7,2340,23,3,1,0,4,1, , ,N,2,1,7,3,1,2,3,2,N,N,40 02:13.084,75 00:41.603,0, ,2350,3,2,5,N,0,3,Y, , , , , , , , ,2,1,0,0,0,0,0,1,0,0,2,0,2,0,0,0,0,0,0,0,1,0,0,0,0,0,0,0,0,0,0,0,0,0,0,1,0,40.037,-75.0114,2, 
48143,563195,2013111750,6,67,67301,2013,10,3,1800,18,3,1,0,4,1, , ,N,0,0,0,3,0,1,2,2,N,N,40 02:31.138,75 04:30.016,1840, ,1838,1,1,2,N, ,0,N, , , , , , , , ,2,2,0,0,0,0,0,0,0,0,0,1,1,0,1,0,0,0,0,0,0,0,0,0,0,0,0,0,0,0,0,0,0,0,0,4,0,40.042,-75.075, , 
48144,563196,2013070982,6,67,67301,2013,6,6,827,8,1,1,0,5,1, , ,N,0,0,0,3,0,0,1,3,N,N,40 05:24.903,75 03:33.843,835, ,829, ,0, ,N, ,0, , , , , , , , , ,3,3,0,0,0,0,0,0,0,0,0,0,0,0,0,0,0,0,1,0,0,0,0,0,0,0,0,0,0,0,0,0,0,0,0,0,0,40.0903,-75.0594, , 
48145,563222,2013070384,6,67,67301,2013,6,2,1515,15,1,1,0,4,1, , ,N,1,3,0,3,0,1,2,2,N,N,40 03:38.408,75 01:44.317,1516, ,1515, ,0, ,N, ,3, , , , , , , , , ,2,1,0,0,0,0,1,0,0,0,0,0,1,1,0,0,1,0,0,0,0,0,0,0,0,0,0,0,0,0,0,0,0,0,0,8,0,40.0607,-75.029, , 
48146,563227,2013078979,6,67,67301,2013,8,6,2142,21,3,1,0,1,1, , ,N,6,0,2,3,0,0,4,2,N,N,39 56:44.163,75 11:24.252,2148, ,2142, ,0, ,N, ,0, , , , , , , , , ,2,1,0,0,0,0,1,0,0,0,0,0,0,0,0,0,0,0,0,0,0,0,0,0,0,0,0,0,0,0,0,0,0,0,0,0,0,39.9456,-75.1901, , 
48147,563228,2013079509,6,67,67301,2013,7,7,1700,17,1,1,0,4,1, , ,N,0,0,0,3,0,1,3,2,N,N,40 01:45.860,75 12:22.338,1710, ,1700,2,1,2,N, ,0,N, , , , , , , , ,2,1,1,0,0,0,0,0,0,0,0,1,1,0,0,0,0,0,0,0,1,0,1,0,0,0,0,0,0,0,0,0,0,0,0,4,0,40.0294,-75.2062, , 
48148,563229,2013079569,6,67,67301,2013,7,4,753,7,1,1,0,4,1, , ,N,1,4,0,3,0,1,2,2,N,N,40 04:09.505,75 00:26.083,758, ,755, ,0, ,N, ,3, , , , , , , , , ,2,1,0,0,0,0,1,0,0,0,0,0,1,1,0,0,0,0,0,0,0,1,0,0,0,0,0,0,0,0,0,0,0,0,0,8,0,40.0692,-75.0073, , 
48149,563239,2013093026,6,67,67301,2013,8,2,2326,23,3,1,0,7,2, , ,N,1,0,0,3,0,1,1,2,N,N,40 01:31.012,75 07:25.742,2340, ,2326, ,0, ,N, ,0, , , , , , , , , ,1,1,0,0,0,0,0,0,0,1,0,0,1,0,0,0,0,0,0,0,0,0,0,0,0,0,0,1,0,0,0,0,0,0,0,2,0,40.0253,-75.1238, , 
48150,557263,2013065499,6,67,67301,2013,5,5,1310,13,1,1,0,4,1, , ,N,5,2,0,3,0,2,5,3,Y,N,39 54:40.772,75 14:34.179,1334, ,1334, ,0, , , ,3, , , , , , , , , ,3,2,0,0,1,0,0,0,0,1,0,1,2,0,0,0,0,0,0,0,0,1,0,0,0,0,0,0,0,0,0,0,0,0,0,2,0,39.9113,-75.2427, , 
48151,557274,2013070379,6,67,67301,2013,6,3,2058,20,3,2,1,1,1, , ,N,2,0,0,3,0,2,3,2,N,N,40 05:13.149,75 02:09.041,2106, ,2100, ,0, ,N, ,0, , , , , , , , , ,2,1,0,0,0,0,0,1,0,0,0,0,2,2,0,1,0,0,0,0,0,0,0,0,0,0,0,0,0,0,0,0,0,0,0,8,0,40.087,-75.0358, , 
48152,557280,2013062599,6,67,67301,2013,5,5,1600,16,1,2,1,4,1, , ,N,1,2,0,3,0,1,2,2,N,N,39 55:26.880,75 14:43.716,1645, ,1640, ,0, ,N, ,3, , , , , , , , , ,2,1,0,1,0,0,0,0,0,0,0,1,1,0,0,0,0,0,0,0,1,0,0,0,0,0,0,0,0,0,0,0,0,0,0,4,1,39.9241,-75.2455, , 
48153,557291,2013070102,6,67,67301,2013,6,6,2300,23,3,2,1,4,1, , ,N,2,3,0,3,0,0,2,2,N,N,40 01:29.362,75 08:14.708,208, ,9999, ,0, ,N, ,3, , , , , , , , , ,2,1,0,0,0,0,1,0,0,0,0,0,0,0,0,0,0,0,0,0,0,0,0,0,0,0,0,0,0,0,0,0,0,0,0,0,0,40.0248,-75.1374, , 
48154,557298,2013073304,6,67,67301,2013,6,1,544,5,5,1,0,7,5, , ,N,0,0,0,3,0,2,2,1,N,N,39 54:56.105,75 08:51.424,554, ,544,2,2,1,Y, ,0,N, , , , , , , , ,1,1,0,0,0,0,0,0,0,0,2,0,2,0,0,0,0,0,0,0,0,0,0,0,0,0,0,0,0,0,0,0,0,0,0,3,0,39.9154,-75.1477, , 
48155,557309,2013086689,6,67,67301,2013,8,3,1258,12,1,1,0,4,1, , ,N,1,2,0,3,0,1,2,2,N,N,40 01:57.810,75 06:23.231,1305, ,1300, ,0, ,N, ,3, , , , , , , , , ,2,1,0,0,0,0,1,0,0,0,0,0,1,1,0,0,0,0,0,0,0,0,0,0,0,0,0,0,0,0,0,0,0,0,0,8,0,40.0327,-75.1065, , 
48156,557320,2013073307,6,67,67301,2013,7,6,1656,16,1,1,0,4,1, , ,N,0,0,0,3,0,3,3,2,N,N,39 59:34.125,75 12:03.009,1700, ,1657,2,1,4,N, ,0,N, , , , , , , , ,2,1,0,0,0,0,1,0,0,0,3,0,3,0,0,0,0,0,0,0,0,0,0,0,0,0,0,0,0,0,0,0,0,0,0,3,0,39.9928,-75.2008, , 
48157,557322,2013080040,6,67,67301,2013,7,4,1306,13,1,1,0,4,1, , ,N,1,2,0,3,0,2,4,2,N, ,39 59:38.150,75 09:16.063,1528, ,1306, ,0, , , ,3, , , , , , , , , ,2,1,0,0,1,0,0,0,0,0,0,0,2,2,0,0,0,0,0,0,0,0,0,0,0,0,0,0,0,0,0,0,0,0,0,8,0,39.9939,-75.1545, , 
48158,557339,2013065446,6,67,67301,2013,5,6,1243,12,1,1,0,8,1, , ,N,1,3,0,3,0,2,3,3,N,N,39 56:33.039,75 09:48.758,1249, ,1246, ,0, ,N, ,3, , , , , , , , , ,1,1,0,0,0,0,0,0,0,0,0,2,2,0,0,0,0,0,0,0,0,1,0,0,0,0,0,0,0,0,0,0,2,0,0,4,0,39.9425,-75.1635, , 
48159,557353,2013083976,6,67,67301,2013,7,1,1058,10,1,1,0,4,1, , ,N,1,3,0,3,0,1,4,2,N,N,39 57:40.780,75 13:21.320,1100, ,1057,2,1,7,N, ,3,Y, , , , , , , , ,2,2,0,0,0,0,0,0,0,0,0,1,1,0,0,0,1,0,0,0,0,0,0,0,0,0,0,0,0,0,0,0,0,0,0,4,0,39.9613,-75.2226, , 
48160,557362,2013093037,6,67,67301,2013,8,4,1545,15,1,1,0,4,1, , ,N,2,3,0,3,0,1,2,2,N,N,40 00:59.443,75 05:28.193,1627, ,1625, ,0, , , ,3, , , , , , , , , ,2,2,0,0,0,0,0,0,0,0,0,0,1,1,0,0,0,0,0,0,0,0,0,0,0,0,0,0,0,0,0,0,0,0,0,8,0,40.0165,-75.0912, , 
48161,557363,2013093288,6,67,67301,2013,9,6,814,8,1,1,0,1,1, , ,N,0,0,3,3,0,0,2,2,N,N,39 57:36.442,75 10:47.560,824, ,817,1,2,4,N, ,0,N, , , , , , , , ,2,0,0,0,0,0,2,0,0,0,0,0,0,0,0,0,0,0,0,0,0,0,0,0,0,0,0,0,0,0,0,0,0,0,0,0,0,39.9601,-75.1799, , 
48162,557379,2013029728,6,67,67301,2013,2,6,1210,12,1,1,0,4,1, , ,N,0,0,0,3,0,1,4,3,N,N,39 55:04.922,75 09:35.946,1215, ,1212, ,0, , , ,0, , , , , , , , , ,3,0,0,0,0,0,1,1,0,0,0,0,1,1,0,0,0,0,0,0,0,1,0,0,0,0,0,0,0,0,0,0,0,0,0,8,0,39.918,-75.16, , 
48163,557389,2013037345,6,67,67301,2013,3,5,2015,20,3,1,0,1,1, , ,N,2,0,0,3,0,0,3,3,N, ,39 56:51.715,75 11:55.544,2044, ,2040, ,0, , , ,0, , , , , , , , , ,3,0,0,0,1,0,1,0,0,0,0,0,0,0,1,0,0,0,0,0,0,0,0,0,0,0,0,0,0,0,0,0,0,0,0,9,0,39.9477,-75.1986, , 
48164,557430,2013086920,6,67,67301,2013,8,7,1714,17,1,1,0,6,1, , ,N,1,3,0,3,0,0,2,2,N,N,39 59:24.028,75 11:06.172,1738, ,1737, ,0, ,N, ,3, , , , , , , , , ,2,2,0,0,0,0,0,0,0,0,0,0,0,0,0,0,0,0,0,0,0,0,0,0,0,0,0,0,0,0,0,0,0,0,0,0,0,39.99,-75.185, , 
48165,557462,2013055469,6,67,67301,2013,4,6,1912,19,1,1,0,4,1, , ,N,1,2,0,3,0,1,2,2,N,N,39 56:28.852,75 13:03.932,1924, ,1916,9,1,1, , ,3,N, , , , , , , , ,1,0,0,0,1,0,0,0,1,0,0,0,1,1,0,0,0,0,0,0,0,0,0,0,0,0,0,0,0,0,0,0,0,0,0,8,0,39.9413,-75.2178, , 
48166,557480,2013023565,6,67,67301,2013,1,6,1642,16,3,4,3,1,5, , ,N,0,0,0,3,0,0,1,2,N,N,40 06:08.977,75 03:01.314,1725, ,1719, ,0, ,N, ,0, , , , , , , , , ,2,0,0,0,1,0,0,1,0,0,0,0,0,0,0,0,0,0,0,0,1,0,0,0,0,0,0,0,0,0,0,0,0,0,0,0,0,40.1025,-75.0504, , 
48167,557484,2013024963,6,67,67301,2013,2,6,1825,18,1,1,0,1,1, , ,N,1,2,0,3,0,3,4,2,N, ,40 03:19.755,75 05:08.882,1830, ,1825, ,0, , , ,3, , , , , , , , , ,2,2,0,0,0,0,0,0,0,0,0,0,3,3,1,0,0,0,0,0,0,1,0,0,0,0,0,0,0,0,0,0,0,0,0,8,0,40.0555,-75.0858, , 
48168,560189,2013086865,6,67,67301,2013,7,3,1850,18,1,1,0,8,1, , ,N,1,2,0,3,0,1,2,2,N,N,39 55:14.358,75 10:14.006,1857, ,1856, ,0, ,N, ,3, , , , , , , , , ,1,0,0,0,1,0,0,0,0,0,0,1,1,0,0,0,0,0,0,0,0,0,0,0,0,0,0,0,0,0,0,0,1,0,0,4,0,39.9206,-75.1704, , 
48169,560202,2013095990,6,67,67301,2013,8,4,1130,11,1,2,1,1,1, , ,N,1,2,0,3,0,1,4,2,Y,N,40 00:05.705,75 09:10.074,1140, ,1139,2,1,6, , ,3,Y, , , , , , , , ,2,1,0,1,0,0,0,0,0,0,0,0,1,1,2,0,0,0,0,0,0,0,0,0,0,0,0,0,0,0,0,0,0,0,0,8,1,40.0016,-75.1528, , 
48170,560214,2013065593,6,67,67301,2013,5,4,1524,15,1,1,0,1,1, , ,N,0,2,0,3,0,1,3,2,N, ,39 54:19.136,75 11:40.634,1524, ,1525, ,0, , , ,3, , , , , , , , , ,2,0,0,0,1,0,1,0,0,0,0,1,1,0,0,0,0,0,0,0,0,0,0,0,0,0,0,0,0,0,0,0,0,0,0,4,0,39.9053,-75.1946, , 
48171,560231,2013074771,6,67,67301,2013,6,3,1500,15,1,1,0,4,1, , ,N,5,2,2,3,0,1,4,2,N,N,39 57:28.586,75 09:50.892,1625, ,1623, ,0, ,N, ,3, , , , , , , , , ,2,2,0,0,0,0,0,0,0,0,0,1,1,0,0,0,0,0,0,0,0,0,0,0,0,0,0,0,0,0,0,0,0,0,0,4,0,39.9579,-75.1641, , 
48172,560240,2013079498,6,67,67301,2013,7,4,1619,16,1,1,0,4,1, , ,N,0,2,0,3,0,1,2,2,N,N,39 52:53.970,75 15:12.337,1625, ,1621,3,1,3,N, ,3,Y, , , , , , , , ,2,1,0,0,0,0,1,0,0,0,1,0,1,0,0,0,0,0,0,0,1,1,0,0,0,0,0,0,0,0,0,0,0,0,0,3,0,39.8817,-75.2534, , 
48173,560256,2013098403,6,67,67301,2013,8,4,1517,15,1,1,0,8,1, , ,N,0,0,0,3,0,1,2,2,N,N,39 57:12.499,75 14:17.737,1526, ,1517, ,0, , , ,0, , , , , , , , , ,1,1,0,0,0,0,0,0,0,0,0,0,1,1,0,0,0,0,0,0,0,1,0,0,0,0,0,0,0,0,0,0,1,0,0,8,0,39.9535,-75.2383, , 
48174,560261,2013070976,6,67,67301,2013,6,6,1800,18,4,2,1,4,1, , ,N,1,2,0,3,0,1,4,2,N,N,40 04:19.382,75 00:46.920,1825, ,1815, ,0, ,N, ,3, , , , , , , , , ,2,2,0,0,0,0,0,0,0,0,0,1,1,0,0,0,0,0,0,0,0,0,0,0,0,0,0,0,0,0,0,0,0,0,0,4,0,40.0721,-75.013, , 
48175,560278,2013079980,6,67,67301,2013,7,6,1330,13,1,1,0,8,1, , ,N,1,2,0,3,0,1,2,2,N,N,40 02:04.528,75 02:41.665,1400, ,1330, ,0, ,N, ,3, , , , , , , , , ,1,0,0,0,1,0,0,0,0,0,0,0,1,1,0,0,0,0,0,0,1,0,0,0,0,0,0,0,0,0,0,0,1,0,0,8,0,40.0346,-75.0449, , 
48176,560292,2013095317,6,67,67301,2013,9,5,2319,23,3,1,0,1,1, , ,N,7,2,2,3,0,0,2,2,N,N,39 56:26.540,75 08:36.700,2328, ,2323, ,0, ,N, ,3, , , , , , , , , ,2,0,0,0,0,0,1,1,0,0,0,0,0,0,0,0,0,0,0,0,0,0,0,0,0,0,0,0,0,0,0,0,0,0,0,0,0,39.9407,-75.1435, , 
48177,560302,2013101751,6,67,67301,2013,9,6,0,0,3,1,0,5,1, , ,N,0,0,0,3,0,1,3,2,N,N,39 57:02.201,75 10:27.957,10, ,5, ,0, ,N, ,0, , , , , , , , , ,2,1,0,1,0,0,0,0,0,0,0,1,1,0,0,0,0,0,0,0,0,0,0,0,0,0,0,0,0,0,0,0,0,0,0,4,1,39.9506,-75.1744, , 
48178,560312,2013062595,6,67,67301,2013,5,3,1855,18,1,1,1,4,1, , ,N,1,2,0,3,0,3,4,2,N,N,40 00:38.808,75 07:35.921,1925, ,1900, ,0, , , ,3, , , , , , , , , ,2,1,0,0,0,0,0,1,0,0,0,3,3,0,0,0,0,0,0,0,1,0,0,0,0,0,0,0,0,0,0,0,0,0,0,4,0,40.0108,-75.1266, , 
48179,560321,2013065524,6,67,67301,2013,5,3,830,8,1,1,0,4,1, , ,N,1,2,0,3,0,0,4,2,N, ,40 00:54.823,75 10:11.829,842, ,835, ,0, , , ,3, , , , , , , , , ,2,2,0,0,0,0,0,0,0,0,0,0,0,0,0,0,0,0,0,0,2,0,0,0,0,0,0,0,0,0,0,0,0,0,0,0,0,40.0152,-75.1699, , 
48180,560329,2013070015,6,67,67301,2013,6,4,1235,12,1,1,0,8,1, , ,N,1,2,0,3,0,1,2,2,N,N,39 57:24.359,75 12:40.877,1240, ,1238, ,0, ,N, ,3, , , , , , , , , ,1,1,0,0,0,0,0,0,0,0,1,0,1,0,0,0,0,0,0,0,0,1,0,0,0,0,0,0,0,0,0,0,1,0,0,3,0,39.9568,-75.2114, , 
48181,560330,2013070373,6,67,67301,2013,6,4,1820,18,1,1,0,1,1, , ,N,0,0,0,3,0,1,3,2,N,N,39 55:57.511,75 10:54.217,1831, ,1825, ,0, ,N, ,0, , , , , , , , , ,2,0,0,1,0,0,0,0,0,0,0,1,1,0,0,0,0,0,0,0,0,0,0,0,0,0,0,0,0,0,0,0,0,0,0,4,1,39.9326,-75.1817, , 
48182,560340,2013080055,6,67,67301,2013,7,4,1710,17,1,1,0,8,2, , ,N,1,2,0,3,0,1,2,2,N,N,40 00:52.752,75 09:24.063,1736, ,1734, ,0, , , ,3, , , , , , , , , ,1,1,0,0,0,0,0,0,0,0,0,1,1,0,0,0,0,0,0,0,0,0,0,0,0,0,0,0,0,0,0,0,1,0,0,4,0,40.0146,-75.1567, , 
48183,560366,2013070457,6,67,67301,2013,5,6,1227,12,1,1,0,4,1, , ,N,1,3,0,3,0,0,2,3,N,N,40 04:19.941,75 05:06.057,1236, ,1230, ,0, ,N, ,3, , , , , , , , , ,3,3,0,0,0,0,0,0,0,0,0,0,0,0,0,0,0,0,1,0,0,0,0,0,0,0,0,0,0,0,0,0,0,0,0,0,0,40.0722,-75.085, , 
48184,560369,2013073303,6,67,67301,2013,6,7,2333,23,3,1,0,0,1, , ,N,0,0,0,3,0,1,1,2,N,N,39 54:01.133,75 09:25.589,2337, ,2333,1,1,1,N, ,0,N, , , , , , , , ,1,0,1,0,0,0,0,0,0,0,0,1,1,0,0,0,0,0,0,0,0,0,0,0,0,0,0,0,0,0,0,0,0,0,0,4,0,39.9003,-75.1571, , 
48185,560372,2013074672,6,67,67301,2013,6,7,9,0,3,1,0,6,1, , ,N,0,0,0,3,0,0,1,2,N,N,40 02:36.600,75 09:18.900,13, ,10, ,0, ,N, ,0, , , , , , , , , ,2,2,0,0,0,0,0,0,0,0,0,0,0,0,0,0,0,0,0,0,0,0,0,1,0,0,0,0,0,0,0,0,0,0,0,0,0,40.0435,-75.1553, , 
48186,565718,2013080053,6,67,67301,2013,7,3,1629,16,1,1,0,8,1, , ,N,1,2,0,3,0,1,2,2,N,N,40 00:33.325,75 09:04.460,1630, ,1630,2,2,6,N, ,3,Y, , , , , , , , ,1,0,0,0,0,0,1,0,0,0,0,0,1,1,0,0,0,0,0,0,0,0,0,0,0,0,0,0,0,0,0,0,1,0,0,8,0,40.0092,-75.1511, , 
48187,565748,2013115443,6,67,67301,2013,10,5,600,6,3,1,0,1,1, , ,N,0,8,0,3,0,1,2,2,N,N,40 01:15.788,75 02:28.901,600, ,600,2,2,1,N, ,4,N, , , , , , , , ,2,0,0,0,1,1,0,0,0,0,1,0,1,0,0,0,0,0,0,0,1,0,0,0,0,0,0,0,0,0,0,0,0,0,0,3,0,40.021,-75.0415, , 
48188,565754,2013074750,6,67,67301,2013,6,5,1903,19,1,2,1,7,2, , ,N,0,0,1,3,0,0,2,1,N, ,39 56:42.573,75 11:54.100,1908, ,1906, ,0, , , ,0, , , , , , , , , ,1,0,0,0,0,0,1,0,0,0,0,0,0,0,0,0,0,0,0,0,0,0,0,0,0,0,0,0,0,0,0,0,0,0,0,0,0,39.9452,-75.1984, , 
48189,565765,2013074913,6,67,67301,2013,7,1,2328,23,3,1,0,1,1,1,4,Y,0,0,0,3,0,0,6,4,N,N,40 00:48.875,75 03:26.443,2356,45,2341,1,1,2,N, ,0,N,N,N,N,N,Y,N,N,Y,4,4,0,0,0,0,0,0,0,0,0,0,0,0,1,0,1,0,0,0,0,0,0,0,0,0,0,0,0,0,0,0,0,0,0,9,0,40.0136,-75.0573, , 
48190,565773,2013079470,6,67,67301,2013,7,4,2250,22,3,1,0,4,1, , ,N,1,2,0,3,0,4,5,3,N,N,40 02:24.861,75 03:30.268,2305, ,2254,1,1,1,N, ,3,N, , , , , , , , ,3,2,0,0,0,0,1,0,0,0,0,0,4,4,0,0,0,0,0,0,1,0,0,0,0,0,0,0,0,0,0,0,0,0,0,8,0,40.0403,-75.0585, , 
48191,565779,2013093061,6,67,67301,2013,8,3,1157,11,1,1,0,7,5, , ,N,1,2,0,3,0,1,1,1,N, ,40 00:57.319,75 07:46.466,1200, ,1157,3,2,6, , ,3,Y, , , , , , , , ,1,1,0,0,0,0,0,0,0,0,1,0,1,0,0,0,0,0,0,0,0,0,0,0,0,0,0,0,0,0,0,0,0,0,0,3,0,40.0159,-75.1296, , 
48192,565787,2013104411,6,67,67301,2013,9,5,2155,21,3,1,0,8,1, , ,N,0,0,0,3,0,1,2,2,N,N,40 02:47.749,75 08:34.714,27, ,25, ,0, ,N, ,0, , , , , , , , , ,1,1,0,0,0,0,0,0,0,0,1,0,1,0,0,0,0,0,0,0,0,0,0,0,0,0,0,0,0,0,0,0,1,0,0,3,0,40.0466,-75.143, , 
48193,565801,2013072351,6,67,67301,2013,7,7,2018,20,1,1,0,1,1, , ,N,0,0,0,3,0,1,4,2,N,N,39 57:57.972,75 11:12.714,2134, ,2126, ,0, ,N, ,0, , , , , , , , , ,2,2,0,0,0,0,0,0,0,0,0,0,1,1,1,0,0,0,0,0,0,0,0,0,0,0,0,0,0,0,0,0,0,0,0,8,0,39.9661,-75.1869, , 
48194,565819,2013077497,6,67,67301,2013,7,2,1149,11,1,2,1,4,1, , ,N,1,2,0,3,0,1,3,2,N,N,40 00:31.197,75 04:08.216,1205, ,1155, ,0, ,N, ,3, , , , , , , , , ,2,2,0,0,0,0,0,0,0,0,0,1,1,0,0,0,0,0,0,0,1,0,0,0,0,0,0,0,0,0,0,0,0,0,0,4,0,40.0086,-75.0688, , 
48195,565822,2013079589,6,67,67301,2013,7,6,9999,99,1,8,0,4,1, , ,N,1,3,0,3,0,0,2,2,N,N,40 02:56.832,75 05:04.214,1600, ,1554,1,1,1, , ,3,Y, , , , , , , , ,2,1,0,0,0,0,0,1,0,0,0,0,0,0,0,0,0,0,0,0,1,0,0,0,0,0,0,0,0,0,0,0,0,0,0,0,0,40.0491,-75.0845, , 
48196,565853,2013065534,6,67,67301,2013,5,2,1130,11,1,1,0,8,1, , ,N,0,0,0,3,0,1,3,2,N,N,40 02:15.666,75 09:37.332,1139, ,1134,2,2,7,N, ,0,N, , , , , , , , ,1,1,0,0,0,0,0,0,0,0,1,0,1,0,0,0,0,0,0,0,0,0,0,0,0,0,0,0,0,0,0,0,1,0,0,3,0,40.0377,-75.1604, , 
48197,565870,2013070447,6,67,67301,2013,6,1,1454,14,1,1,0,4,1, , ,N,0,0,0,3,0,1,2,2,N,N,40 02:10.310,75 11:11.739,1510, ,1502,3,2,2,N, ,0,N, , , , , , , , ,2,2,0,0,0,0,0,0,0,0,0,1,1,0,0,0,0,0,0,1,0,0,0,0,0,0,0,0,0,0,0,0,0,0,0,4,0,40.0362,-75.1866, , 
48198,565871,2013070495,6,67,67301,2013,6,3,2330,23,3,1,0,7,5, , ,N,0,0,0,3,0,1,1,1,N,N,39 59:37.243,75 09:16.263,2332, ,2330,1,2,1,N, ,0,Y, , , , , , , , ,1,1,0,0,0,0,0,0,0,0,1,0,1,0,0,0,0,0,0,0,0,0,0,0,0,0,0,0,0,0,0,0,0,0,0,3,0,39.9937,-75.1545, , 
48199,565881,2013079951,6,67,67301,2013,7,4,2312,23,3,1,0,7,5, , ,N,0,0,0,3,0,0,1,1,N,N,40 02:59.823,75 07:58.191,2348, ,2342, ,0, ,N, ,0, , , , , , , , , ,1,1,0,0,0,0,0,0,0,0,0,0,0,0,1,0,0,0,0,0,0,0,0,0,0,0,0,0,0,0,0,0,0,0,0,9,0,40.05,-75.1328, , 
48200,565887,2013086181,6,67,67301,2013,8,2,1715,17,1,1,0,8,1, , ,N,0,0,0,3,0,1,3,2,N, ,40 01:48.787,75 09:55.584,1725, ,1720, ,0, , , ,0, , , , , , , , , ,1,0,0,0,0,0,1,0,0,0,1,0,1,0,0,0,0,0,0,0,1,0,0,0,0,0,0,0,0,0,0,0,1,0,0,3,0,40.0302,-75.1654, , 
48201,565888,2013086775,6,67,67301,2013,8,3,429,4,3,1,0,4,1, , ,N,1,2,0,3,0,1,2,2,N,N,39 58:02.378,75 14:44.992,429, ,429, ,0, ,N, ,3, , , , , , , , , ,2,2,0,0,0,0,0,0,0,0,0,0,1,1,0,0,0,0,0,0,0,0,0,2,0,0,0,0,0,0,0,0,0,0,0,8,0,39.9673,-75.2457, , 
48202,565901,2013064729,6,67,67301,2013,6,5,2255,22,3,1,0,5,1, , ,N,0,0,0,3,0,1,2,2,N,N,39 58:50.146,75 12:21.564,2309, ,2257,1,1,3,N, ,0,N, , , , , , , , ,2,2,0,0,0,0,0,0,0,0,0,0,1,1,0,0,0,0,0,1,0,0,0,0,0,0,0,0,0,0,0,0,0,0,0,8,0,39.9806,-75.206, , 
48203,565902,2013070259,6,67,67301,2013,6,7,304,3,3,2,1,4,1, , ,N,1,2,0,3,0,3,4,3,N,N,39 54:59.439,75 10:09.463,310, ,307,2,2,1,N, ,3,Y, , , , , , , , ,3,2,0,0,0,0,1,0,0,0,0,1,3,2,0,0,0,0,0,0,0,0,0,1,0,0,0,0,0,0,0,0,0,0,0,4,0,39.9165,-75.1693, , 
48204,563244,2013002434,6,67,67301,2013,1,5,1806,18,3,1,0,1,1, , ,N,0,0,0,3,0,0,5,3,N,N,39 58:00.642,75 11:15.632,1824, ,1816, ,0, ,N, ,0, , , , , , , , , ,3,1,0,0,1,0,1,0,0,0,0,0,0,0,0,0,0,0,0,0,1,0,0,0,0,0,0,0,0,0,0,0,0,0,0,0,0,39.9668,-75.1877, , 
48205,563262,2013077411,6,67,67301,2013,7,4,631,6,1,1,0,4,2, , ,N,2,3,0,3,0,0,1,2,N,N,40 07:13.537,75 02:11.507,720, ,718, ,0, ,N, ,3, , , , , , , , , ,2,2,0,0,0,0,0,0,0,0,0,0,0,0,0,0,0,0,0,0,0,0,0,0,0,0,0,0,0,0,0,0,0,0,0,0,0,40.1204,-75.0365, , 
48206,563263,2013077551,6,67,67301,2013,6,1,720,7,1,1,0,1,2, , ,N,0,0,0,3,0,0,1,3,N,N,39 57:11.403,75 11:41.792,730, ,725, ,0, ,N, ,0, , , , , , , , , ,3,3,0,0,0,0,0,0,0,0,0,0,0,0,0,0,0,0,0,0,0,0,0,0,0,0,0,0,0,0,0,0,0,0,0,0,0,39.9532,-75.1949, , 
48207,563271,2013086208,6,67,67301,2013,7,4,1730,17,1,1,0,1,1, , ,N,0,0,0,3,0,0,3,3,N, ,40 00:48.609,75 09:00.745,1805, ,1756, ,0, , , ,0, , , , , , , , , ,3,3,0,0,0,0,0,0,0,0,0,0,0,0,0,0,0,0,0,0,0,2,0,0,0,0,0,0,0,0,0,0,0,0,0,0,0,40.0135,-75.1502, , 
48208,563275,2013093207,6,67,67301,2013,8,7,1145,11,1,1,0,4,1, , ,N,1,0,0,3,0,1,4,2,N, ,40 01:23.484,75 07:27.893,1158, ,1147, ,0, , , ,0, , , , , , , , , ,2,2,0,0,0,0,0,0,0,0,0,0,1,1,3,0,0,0,0,0,1,0,0,1,0,0,0,0,0,0,0,0,0,0,0,8,0,40.0232,-75.1244, , 