objectid_1,objectid,crn,district,county,municipality,crash_year,crash_month,day_of_week,time_of_day,hour_of_day,illumination,weather,road_condition,collision_type,relation_to_road,work_zone_type,work_zone_loc,work_zone_ind,intersect_type,tcd_type,location_type,urban_rural,fatal_count,injury_count,person_count,total_units,sch_bus_ind,sch_zone_ind,latitude,longitude,arrival_tm,cons_zone_spd_lim,dispatch_tm,est_hrs_closed,lane_closed,ln_close_dir,ntfy_hiwy_maint,spec_juris_cd,tcd_func_cd,tfc_detour_ind,workers_pres,wz_close_detour,wz_flagger,wz_law_offcr_ind,wz_ln_closure,wz_moving,wz_other,wz_shlder_mdn,vehicle_count,automobile_count,motorcycle_count,bus_count,small_truck_count,heavy_truck_count,suv_count,van_count,bicycle_count,maj_inj_count,mod_inj_count,min_inj_count,tot_inj_count,unk_inj_deg_count,unk_inj_per_count,driver_count_16yr,driver_count_17yr,driver_count_18yr,driver_count_19yr,driver_count_20yr,driver_count_50_64yr,driver_count_65_74yr,driver_count_75plus,unbelted_occ_count,unb_death_count,unb_maj_inj_count,belted_death_count,belted_maj_inj_count,mcycle_death_count,mcycle_maj_inj_count,bicycle_death_count,bicycle_maj_inj_count,ped_count,ped_death_count,ped_maj_inj_count,max_severity_level,comm_veh_count,dec_lat,dec_long,rdwy_surf_type_cd,county_name
48209,563308,2013070267,6,67,67301,2013,6,7,2315,23,3,1,0,1,1, , ,N,0,0,0,3,0,1,2,2,N,N,39 57:39.525,75 08:42.909,2349, ,2347,2,2,3,N, ,0,N, , , , , , , , ,2,0,0,0,1,0,1,0,0,0,0,0,1,1,0,0,0,0,0,0,0,0,0,0,0,0,0,0,0,0,0,0,0,0,0,8,0,39.961,-75.1453, , 
48210,563327,2013093160,6,67,67301,2013,8,7,1530,15,1,1,0,6,1, , ,N,0,0,0,3,0,1,6,2,N,N,40 04:15.258,75 10:33.546,1600, ,1553, ,0, ,N, ,0, , , , , , , , , ,2,2,0,0,0,0,0,0,0,0,0,0,1,1,0,0,0,0,0,0,0,0,0,0,0,0,0,0,0,0,0,0,0,0,0,8,0,40.0709,-75.176, , 
48211,563335,2013098399,6,67,67301,2013,9,1,1342,13,1,1,0,4,1, , ,N,1,0,0,3,0,0,2,2,N,N,39 58:01.668,75 08:49.739,1348, ,1342, ,0, ,N, ,0, , , , , , , , , ,2,2,0,0,0,0,0,0,0,0,0,0,0,0,0,0,0,0,0,0,1,0,0,0,0,0,0,0,0,0,0,0,0,0,0,0,0,39.9671,-75.1471, , 
48212,563353,2013079543,6,67,67301,2013,7,6,1445,14,1,1,0,4,1, , ,N,1,2,0,3,0,2,2,2,N,N,39 58:50.309,75 14:47.378,1605, ,1602, ,0, ,N, ,3, , , , , , , , , ,2,2,0,0,0,0,0,0,0,0,0,0,2,2,0,0,0,0,0,0,2,0,0,0,0,0,0,0,0,0,0,0,0,0,0,8,0,39.9806,-75.2465, , 
48213,563362,2013083985,6,67,67301,2013,7,3,1540,15,1,1,0,5,6, , ,N,0,0,0,3,0,2,4,2,N,N,40 03:33.517,75 11:38.282,1555, ,1548, ,0, ,N, ,0, , , , , , , , , ,2,1,0,0,1,0,0,0,0,0,0,2,2,0,0,0,0,0,0,0,1,0,0,0,0,0,0,0,0,0,0,0,0,0,0,4,0,40.0593,-75.194, , 
48214,563365,2013086774,6,67,67301,2013,8,5,2140,21,3,1,1,4,1, , ,N,1,2,2,3,0,1,3,2,N,N,39 57:25.688,75 09:03.847,2145, ,2140, ,0, ,N, ,3, , , , , , , , , ,2,0,0,0,1,0,0,1,0,0,0,1,1,0,0,0,0,0,0,0,0,0,0,0,0,0,0,0,0,0,0,0,0,0,0,4,0,39.9571,-75.1511, , 
48215,563369,2013096099,6,67,67301,2013,8,2,2310,23,3,1,0,5,1, , ,N,0,0,0,3,0,0,1,3,N, ,39 56:47.719,75 12:47.175,35, ,33, ,0, , , ,0, , , , , , , , , ,3,2,0,0,0,0,1,0,0,0,0,0,0,0,0,0,0,0,0,0,0,0,0,0,0,0,0,0,0,0,0,0,0,0,0,0,0,39.9466,-75.2131, , 
48216,563371,2013096434,6,67,67301,2013,8,4,2100,21,3,1,0,3,5, , ,N,1,0,0,3,0,2,2,2,N,N,40 01:57.513,75 01:49.053,2140, ,2135, ,0, ,N, ,0, , , , , , , , , ,2,2,0,0,0,0,0,0,0,0,0,1,2,1,0,0,0,0,0,1,0,0,0,0,0,0,0,0,0,0,0,0,0,0,0,4,0,40.0326,-75.0303, , 
48217,563377,2013101783,6,67,67301,2013,9,6,1328,13,1,1,0,7,5, , ,N,0,0,0,3,0,1,1,1,N,N,40 00:25.561,75 07:21.131,1329, ,1328, ,0, , , ,0, , , , , , , , , ,1,0,0,0,0,0,0,1,0,0,0,0,1,1,0,0,0,0,0,0,0,0,0,0,0,0,0,0,0,0,0,0,0,0,0,8,0,40.0071,-75.1225, , 
48218,563402,2013067046,6,67,67301,2013,6,6,1332,13,1,1,0,1,1, , ,N,6,0,2,3,0,2,3,2,N,N,39 54:39.103,75 08:56.529,1343, ,1335, ,0, ,N, ,0, , , , , , , , , ,2,2,0,0,0,0,0,0,0,0,0,2,2,0,0,0,0,0,0,0,0,0,0,0,0,0,0,0,0,0,0,0,0,0,0,4,0,39.9109,-75.149, , 
48219,563407,2013070418,6,67,67301,2013,6,4,1504,15,1,1,0,4,1, , ,N,0,0,0,3,0,1,4,2,N,N,40 01:52.661,75 01:18.451,1511, ,1509,9,1,2,N, ,0,N, , , , , , , , ,2,2,0,0,0,0,0,0,0,0,0,0,1,1,0,0,0,0,0,0,0,0,0,0,0,0,0,0,0,0,0,0,0,0,0,8,0,40.0313,-75.0218, , 
48220,563411,2013076378,6,67,67301,2013,7,3,1730,17,1,1,0,1,1, , ,N,0,0,0,3,0,1,2,2,N,N,39 58:32.511,75 11:40.993,1730, ,1730,1,2,4,N, ,0,N, , , , , , , , ,2,1,1,0,0,0,0,0,0,0,1,0,1,0,0,0,0,0,0,0,1,0,0,0,0,0,0,0,0,0,0,0,0,0,0,3,0,39.9757,-75.1947, , 
48221,563412,2013077408,6,67,67301,2013,7,7,1513,15,1,1,0,4,1, , ,N,1,2,0,3,0,0,2,2,N,N,39 55:58.508,75 08:55.373,1533, ,1527, ,0, ,N, ,3, , , , , , , , , ,2,1,0,0,0,0,1,0,0,0,0,0,0,0,0,0,0,0,0,0,0,1,0,0,0,0,0,0,0,0,0,0,0,0,0,0,0,39.9329,-75.1487, , 
48222,563419,2013086660,6,67,67301,2013,7,5,1800,18,1,1,0,4,1, , ,N,1,2,0,3,0,1,2,2,N,N,39 58:58.770,75 06:05.073,1835, ,9999, ,0, , , ,9, , , , , , , , , ,1,1,0,0,0,0,0,0,1,0,0,0,1,1,0,0,0,0,0,0,0,0,0,0,0,0,0,0,0,0,0,0,0,0,0,8,0,39.983,-75.1014, , 
48223,557492,2013035257,6,67,67301,2013,2,7,2253,22,3,2,1,4,1, , ,N,1,2,0,3,0,5,5,2,N,N,39 59:23.112,75 07:03.787,2257, ,2255, ,0, ,N, ,3, , , , , , , , , ,2,2,0,0,0,0,0,0,0,0,2,3,5,0,0,0,0,0,0,1,0,0,0,2,0,0,0,0,0,0,0,0,0,0,0,3,0,39.9898,-75.1177, , 
48224,557495,2013037407,6,67,67301,2013,3,3,250,2,3,9,8,8,1, , ,N,1,0,0,3,0,1,2,2,N,N,40 01:18.141,75 07:32.411,1424, ,1422, ,0, ,N, ,0, , , , , , , , , ,1,0,0,0,1,0,0,0,0,0,1,0,1,0,0,0,0,0,0,0,0,0,0,0,0,0,0,0,0,0,0,0,1,0,0,3,0,40.0217,-75.1257, , 
48225,557510,2013043818,6,67,67301,2013,3,5,1,0,3,1,0,4,1, , ,N,1,3,0,3,0,1,2,4,N,N,39 56:26.361,75 13:44.774,15, ,3,3,2,7,N, ,3,Y, , , , , , , , ,4,3,0,0,1,0,0,0,0,0,0,0,1,1,0,0,0,1,0,0,0,0,0,0,0,0,0,0,0,0,0,0,0,0,0,8,0,39.9407,-75.2291, , 
48226,557525,2013103985,6,67,67301,2013,9,6,1545,15,1,1,0,8,1, , ,N,1,2,0,3,0,1,2,2,N, ,39 59:34.792,75 08:04.235,9999, ,9999, ,0, , , ,3, , , , , , , , , ,1,1,0,0,0,0,0,0,0,0,1,0,1,0,0,0,0,0,0,0,0,0,0,0,0,0,0,0,0,0,0,0,1,0,0,3,0,39.993,-75.1345, , 
48227,557526,2013103997,6,67,67301,2013,9,5,1030,10,1,1,0,7,5, , ,N,0,0,7,3,0,1,2,1,N,N,39 56:56.878,75 09:22.567,1040, ,1038, ,0, ,N, ,0, , , , , , , , , ,1,1,0,0,0,0,0,0,0,0,0,0,1,1,0,0,0,0,0,0,0,0,1,0,0,0,0,0,0,0,0,0,0,0,0,8,0,39.9491,-75.1563, , 
48228,557527,2013104374,6,67,67301,2013,9,2,1600,16,4,1,0,7,2, , ,N,2,8,0,3,0,0,2,1,N, ,39 52:39.878,75 12:48.477,1600, ,1600, ,0, ,N, ,3, , , , , , , , , ,1,0,0,0,1,0,0,0,0,0,0,0,0,0,0,0,0,0,0,0,0,0,0,0,0,0,0,0,0,0,0,0,0,0,0,0,0,39.8777,-75.2135, , 
48229,557533,2013111718,6,67,67301,2013,10,2,2240,22,3,1,0,8,1, , ,N,1,2,0,3,0,1,3,2,N,N,39 57:20.998,75 14:09.675,2345, ,2240, ,0, ,N, ,3, , , , , , , , , ,1,0,0,0,0,0,0,1,0,0,0,0,1,1,0,0,0,0,0,0,0,0,0,0,0,0,0,0,0,0,0,0,1,0,0,8,0,39.9558,-75.236, , 
48230,557541,2013121441,6,67,67301,2013,10,2,746,7,1,1,0,8,1, , ,N,0,0,0,3,0,1,2,2,N,N,40 00:21.200,75 06:19.220,758, ,756, ,0, ,N, ,0, , , , , , , , , ,1,1,0,0,0,0,0,0,0,0,0,1,1,0,0,0,0,0,0,0,0,0,0,0,0,0,0,0,0,0,0,0,1,0,0,4,0,40.0059,-75.1053, , 
48231,557567,2013065480,6,67,67301,2013,5,3,851,8,1,1,0,4,1, , ,N,1,3,0,3,0,1,2,2,N,N,39 57:30.398,75 13:52.701,910, ,906, ,0, ,N, ,3, , , , , , , , , ,2,2,0,0,0,0,0,0,0,0,0,0,1,1,0,0,0,0,0,0,0,0,0,0,0,0,0,0,0,0,0,0,0,0,0,8,0,39.9584,-75.2313, , 
48232,557575,2013070246,6,67,67301,2013,6,7,532,5,5,1,0,5,1, , ,N,1,0,0,3,0,0,2,2,N,N,39 58:13.941,75 12:51.518,539, ,535, ,0, ,N, ,0, , , , , , , , , ,2,1,0,0,0,0,1,0,0,0,0,0,0,0,0,0,0,0,0,0,1,0,0,0,0,0,0,0,0,0,0,0,0,0,0,0,0,39.9705,-75.2143, , 
48233,557577,2013074713,6,67,67301,2013,3,6,9999,99,1,1,0,4,1, , ,N,1,2,0,3,0,1,4,2,N, ,39 57:53.269,75 14:17.390,720, ,715, ,0, , , ,3, , , , , , , , , ,2,2,0,0,0,0,0,0,0,0,0,0,1,1,0,0,0,0,0,0,0,0,0,0,0,0,0,0,0,0,0,0,0,0,0,8,0,39.9648,-75.2382, , 
48234,557584,2013079977,6,67,67301,2013,7,3,929,9,1,1,0,2,1, , ,N,3,3,0,3,0,1,3,2,N,N,39 58:30.545,75 11:17.083,934, ,930, ,0, ,N, ,3, , , , , , , , , ,2,1,0,1,0,0,0,0,0,0,0,1,1,0,0,0,0,0,0,0,0,0,0,0,0,0,0,0,0,0,0,0,0,0,0,4,1,39.9752,-75.1881, , 
48235,557585,2013080020,6,67,67301,2013,7,6,1530,15,1,2,1,4,1, , ,N,1,2,0,3,0,2,2,2,N, ,39 55:06.954,75 13:33.265,2008, ,2007, ,0, , , ,3, , , , , , , , , ,2,1,0,0,0,0,1,0,0,0,0,1,2,1,0,0,0,0,0,0,1,0,0,0,0,0,0,0,0,0,0,0,0,0,0,4,0,39.9185,-75.2259, , 
48236,557592,2013086205,6,67,67301,2013,8,6,2010,20,4,1,0,0,1, , ,N,0,0,0,3,0,0,1,2,N,N,39 54:29.350,75 11:21.183,2023, ,2010, ,0, , , ,0, , , , , , , , , ,1,0,0,0,0,0,1,0,0,0,0,0,0,0,0,0,0,0,0,0,0,0,0,0,0,0,0,0,0,0,0,0,0,0,0,0,0,39.9082,-75.1892, , 
48237,557608,2013053075,6,67,67301,2013,4,2,31,0,3,1,0,4,1, , ,N,1,3,0,3,0,1,2,2,N,N,39 59:03.638,75 07:48.799,32, ,31, ,0, ,N, ,3, , , , , , , , , ,1,0,0,0,0,0,1,0,1,0,0,0,1,1,0,0,0,0,0,0,0,0,0,0,0,0,0,0,0,0,0,0,0,0,0,8,0,39.9843,-75.1302, , 
48238,557627,2013070450,6,67,67301,2013,6,7,1540,15,1,1,0,5,4, , ,N,0,0,0,3,0,0,1,4,N,N,40 03:17.096,75 10:23.480,1600, ,1553, ,0, ,N, ,0, , , , , , , , , ,4,3,0,0,0,0,0,1,0,0,0,0,0,0,0,0,0,0,0,0,0,0,0,0,0,0,0,0,0,0,0,0,0,0,0,0,0,40.0547,-75.1732, , 
48239,557648,2013093104,6,67,67301,2013,8,4,605,6,1,1,0,5,1, , ,N,0,0,0,3,0,0,1,2,N,N,39 57:42.730,75 12:02.752,615, ,615, ,0, ,N, ,0, , , , , , , , , ,2,1,0,0,0,0,1,0,0,0,0,0,0,0,1,0,0,0,0,0,0,0,0,0,0,0,0,0,0,0,0,0,0,0,0,9,0,39.9619,-75.2008, , 
48240,557650,2013098382,6,67,67301,2013,8,7,1400,14,1,1,0,4,1, , ,N,1,3,0,3,0,3,3,3,N,N,39 58:15.196,75 12:37.249,1430, ,1420, ,0, ,N, ,3, , , , , , , , , ,3,2,0,0,0,0,1,0,0,0,0,0,3,3,0,0,0,0,0,1,1,0,0,1,0,0,0,0,0,0,0,0,0,0,0,8,0,39.9709,-75.2103, , 
48241,560381,2013093155,6,67,67301,2013,8,7,1814,18,1,1,0,1,1, , ,N,1,2,0,3,0,1,5,3,N,N,40 03:44.577,75 02:33.887,1818, ,1815,1,1,1,N, ,3,N, , , , , , , , ,3,2,0,0,0,0,1,0,0,0,0,1,1,0,0,0,0,0,0,0,1,0,0,0,0,0,0,0,0,0,0,0,0,0,0,4,0,40.0624,-75.0427, , 
48242,560386,2013096442,6,67,67301,2013,8,5,1455,14,1,1,0,4,1, , ,N,1,3,0,3,0,1,5,2,N, ,40 02:29.562,75 04:39.817,1501, ,1500, ,0, , , ,3, , , , , , , , , ,2,1,0,0,0,0,1,0,0,0,0,1,1,0,0,0,0,0,0,0,1,0,0,0,0,0,0,0,0,0,0,0,0,0,0,4,0,40.0415,-75.0777, , 
48243,560399,2013108624,6,67,67301,2013,10,2,1157,11,1,1,0,1,1, , ,N,0,0,0,3,0,0,2,2,N,N,39 57:41.322,75 10:57.226,1206, ,1158,1,1,3,N, ,0,N, , , , , , , , ,2,0,0,0,0,0,2,0,0,0,0,0,0,0,0,0,0,0,0,0,0,0,0,0,0,0,0,0,0,0,0,0,0,0,0,0,0,39.9615,-75.1826, , 
48244,560415,2013022248,6,67,67301,2013,1,6,1335,13,1,1,1,1,1, , ,N,1,2,0,3,0,1,3,2,N,N,40 01:00.965,75 09:05.545,1354, ,1349, ,0, ,N, ,3, , , , , , , , , ,2,0,0,0,2,0,0,0,0,0,0,1,1,0,0,0,0,0,0,0,1,0,0,0,0,0,0,0,0,0,0,0,0,0,0,4,0,40.0169,-75.1516, , 
48245,560421,2013027409,6,67,67301,2013,2,3,2319,23,3,2,1,7,4, , ,N,0,0,0,3,0,1,1,1,N,N,40 02:19.317,75 00:34.098,2341, ,2333,1,1,2,N, ,0,Y, , , , , , , , ,1,1,0,0,0,0,0,0,0,0,0,1,1,0,0,0,0,0,0,0,0,0,0,0,0,0,0,0,0,0,0,0,0,0,0,4,0,40.0387,-75.0095, , 
48246,560423,2013029801,6,67,67301,2013,2,6,1025,10,1,2,1,5,4, , ,N,0,0,0,3,0,0,2,4,N,N,39 58:53.742,75 07:48.979,1053, ,1053, ,0, ,N, ,0, , , , , , , , , ,4,3,0,0,1,0,0,0,0,0,0,0,0,0,0,0,0,0,0,0,0,1,0,0,0,0,0,0,0,0,0,0,0,0,0,0,0,39.9816,-75.1303, , 
48247,560427,2013035607,6,67,67301,2013,3,7,1700,17,1,1,0,5,1, , ,N,0,0,0,3,0,2,5,2,N,N,39 58:16.575,75 09:27.202,1710, ,1705, ,0, ,N, ,0, , , , , , , , , ,2,0,0,0,0,0,2,0,0,0,0,2,2,0,0,0,0,0,0,0,0,0,0,0,0,0,0,0,0,0,0,0,0,0,0,4,0,39.9713,-75.1576, , 
48248,560430,2013036667,6,67,67301,2013,3,7,2355,23,3,1,0,4,1, , ,N,1,3,0,3,0,1,3,2,N,N,39 56:15.936,75 09:11.872,28, ,20, ,0, ,N, ,3, , , , , , , , , ,2,1,0,0,0,0,1,0,0,0,0,1,1,0,0,0,0,0,0,0,0,0,0,0,0,0,0,0,0,0,0,0,0,0,0,4,0,39.9378,-75.1533, , 
48249,560451,2013054620,6,67,67301,2013,4,2,1515,15,1,2,1,1,1, , ,N,0,0,0,3,0,0,5,3,N,N,39 58:02.502,75 09:36.924,1522, ,1520, ,0, ,N, ,0, , , , , , , , , ,3,3,0,0,0,0,0,0,0,0,0,0,0,0,0,0,0,0,0,0,1,1,0,0,0,0,0,0,0,0,0,0,0,0,0,0,0,39.9674,-75.1603, , 
48250,560457,2013065562,6,67,67301,2013,5,1,1826,18,1,1,0,8,1, , ,N,0,0,0,3,0,1,3,2,N,N,40 02:30.837,75 04:54.217,1835, ,1830,2,1,4,N, ,0,Y, , , , , , , , ,1,1,0,0,0,0,0,0,0,0,0,1,1,0,0,0,0,0,0,0,0,0,0,0,0,0,0,0,0,0,0,0,1,0,0,4,0,40.0419,-75.0817, , 
48251,560480,2013093107,6,67,67301,2013,8,2,1530,15,1,1,0,4,1, , ,N,1,2,0,3,0,0,2,2,N,N,39 56:45.045,75 10:29.351,1537, ,1534, ,0, ,N, ,3, , , , , , , , , ,2,2,0,0,0,0,0,0,0,0,0,0,0,0,0,0,0,0,0,0,0,0,0,0,0,0,0,0,0,0,0,0,0,0,0,0,0,39.9458,-75.1748, , 
48252,560490,2013103903,6,67,67301,2013,9,7,1936,19,3,2,1,4,1, , ,N,1,3,0,3,0,1,3,2,N,N,40 05:53.196,75 02:09.041,1945, ,1943,1,1,2,N, ,3,N, , , , , , , , ,2,2,0,0,0,0,0,0,0,0,0,0,1,1,0,0,0,0,0,0,0,0,1,0,0,0,0,0,0,0,0,0,0,0,0,8,0,40.0981,-75.0358, , 
48253,560498,2013077399,6,67,67301,2013,7,2,1116,11,1,2,1,7,2, , ,N,0,0,0,3,0,0,1,1,N,N,40 03:52.050,75 12:02.990,1135, ,1129, ,0, ,N, ,0, , , , , , , , , ,1,1,0,0,0,0,0,0,0,0,0,0,0,0,0,0,0,0,0,0,1,0,0,0,0,0,0,0,0,0,0,0,0,0,0,0,0,40.0645,-75.2008, , 
48254,560499,2013077469,6,67,67301,2013,6,6,1325,13,1,1,0,4,1, , ,N,1,0,0,3,0,1,2,2,N,N,39 55:56.100,75 10:20.380,1335, ,1331, ,0, ,N, ,0, , , , , , , , , ,1,1,0,0,0,0,0,0,1,0,0,1,1,0,0,0,0,0,0,0,1,0,0,0,0,0,0,0,0,0,0,0,0,0,0,4,0,39.9323,-75.1723, , 
48255,560500,2013077502,6,67,67301,2013,7,2,523,5,1,1,0,1,1, , ,N,2,2,0,3,0,1,2,2,N, ,40 06:08.900,74 58:55.293,525, ,523, ,0, , , ,3, , , , , , , , , ,2,2,0,0,0,0,0,0,0,0,0,1,1,0,1,0,0,0,0,0,0,0,0,0,0,0,0,0,0,0,0,0,0,0,0,4,0,40.1025,-74.982, , 
48256,560501,2013079536,6,67,67301,2013,7,7,1545,15,1,1,0,1,1, , ,N,0,0,0,3,0,2,5,2,N, ,39 55:16.015,75 11:38.856,1610, ,1600, ,0, , , ,0, , , , , , , , , ,2,2,0,0,0,0,0,0,0,0,0,0,2,2,0,0,0,0,0,0,0,0,0,0,0,0,0,0,0,0,0,0,0,0,0,8,0,39.9211,-75.1943, , 
48257,560533,2013096026,6,67,67301,2013,8,6,745,7,1,1,0,8,1, , ,N,2,2,0,3,0,1,2,2,N,N,39 56:46.746,75 14:16.817,800, ,747, ,0, , , ,3, , , , , , , , , ,1,1,0,0,0,0,0,0,0,0,0,1,1,0,0,0,0,0,0,0,0,0,0,0,0,0,0,0,0,0,0,0,1,0,0,4,0,39.9463,-75.238, , 
48258,560535,2013098362,6,67,67301,2013,9,5,850,8,1,1,0,6,1, , ,N,0,0,7,3,0,1,2,2,N,N,39 58:12.952,75 09:34.658,900, ,805, ,0, ,N, ,0, , , , , , , , , ,2,2,0,0,0,0,0,0,0,0,0,0,1,1,0,0,0,0,0,0,2,0,0,0,0,0,0,0,0,0,0,0,0,0,0,8,0,39.9703,-75.1596, , 
48259,565904,2013072344,6,67,67301,2013,7,6,1515,15,1,1,0,1,1, , ,N,0,0,0,3,0,2,5,2,N,N,40 02:23.895,75 00:23.779,1522, ,1517, ,0, ,N, ,0, , , , , , , , , ,2,0,0,0,0,0,2,0,0,0,0,2,2,0,0,0,0,0,0,0,1,0,0,0,0,0,0,0,0,0,0,0,0,0,0,4,0,40.04,-75.0066, , 
48260,565920,2013084027,6,67,67301,2013,7,1,1203,12,1,1,0,6,1, , ,N,1,2,0,3,0,1,2,2,N,N,39 56:50.107,75 13:36.654,1208, ,1205, ,0, ,N, ,3, , , , , , , , , ,2,1,0,0,0,0,1,0,0,0,0,1,1,0,0,0,0,0,0,1,0,0,0,0,0,0,0,0,0,0,0,0,0,0,0,4,0,39.9473,-75.2268, , 
48261,565944,2013065386,6,67,67301,2013,5,4,1545,15,1,1,0,4,1, , ,N,1,3,0,3,0,1,2,2,N,N,39 55:52.244,75 11:36.092,1551, ,1549, ,0, ,N, ,3, , , , , , , , , ,1,1,0,0,0,0,0,0,1,0,0,0,1,1,0,0,0,0,0,0,0,0,0,0,0,0,0,0,0,0,0,0,0,0,0,8,0,39.9312,-75.1934, , 
48262,565955,2013077488,6,67,67301,2013,6,4,1128,11,1,1,0,5,1, , ,N,0,0,0,3,0,0,1,2,N, ,40 03:04.374,75 00:02.862,1133, ,1130, ,0, , , ,0, , , , , , , , , ,2,1,0,0,1,0,0,0,0,0,0,0,0,0,0,0,0,1,0,0,0,0,0,0,0,0,0,0,0,0,0,0,0,0,0,0,0,40.0512,-75.0008, , 
48263,565956,2013077499,6,67,67301,2013,7,3,1640,16,1,1,0,7,2, , ,N,1,0,0,3,0,1,5,1,N,N,40 03:49.016,75 03:15.527,1655, ,1650, ,0, ,N, ,0, , , , , , , , , ,1,1,0,0,0,0,0,0,0,0,0,1,1,0,0,0,0,0,1,0,0,0,0,0,0,0,0,0,0,0,0,0,0,0,0,4,0,40.0636,-75.0543, , 
48264,565962,2013086916,6,67,67301,2013,7,2,902,9,1,1,0,1,1, , ,N,0,0,0,3,0,1,3,2,N,N,39 58:28.963,75 11:04.864,9999, ,9999, ,0, ,N, ,0, , , , , , , , , ,2,1,0,0,0,0,1,0,0,0,0,1,1,0,0,0,0,0,0,0,0,0,0,0,0,0,0,0,0,0,0,0,0,0,0,4,0,39.9747,-75.1847, , 
48265,565968,2013094942,6,67,67301,2013,9,2,28,0,3,1,0,7,2, , ,N,0,0,0,3,0,1,2,1,N,N,39 58:56.752,75 12:28.176,35, ,30,1,2,3,N, ,0,N, , , , , , , , ,1,1,0,0,0,0,0,0,0,0,1,0,1,0,0,0,0,0,0,0,0,0,0,0,0,0,0,0,0,0,0,0,0,0,0,3,0,39.9824,-75.2078, , 
48266,565969,2013095998,6,67,67301,2013,9,1,1030,10,1,1,0,1,6, , ,N,0,0,0,3,0,1,1,2,N,N,40 01:53.830,75 08:46.496,1035, ,1030, ,0, ,N, ,0, , , , , , , , , ,2,1,0,0,0,0,0,1,0,0,0,0,1,1,0,0,0,0,0,0,0,0,0,0,0,0,0,0,0,0,0,0,0,0,0,8,0,40.0316,-75.1462, , 
48267,565973,2013098413,6,67,67301,2013,8,6,2143,21,3,1,0,5,1, , ,N,0,0,0,3,0,0,1,2,N,N,40 01:40.203,75 09:41.526,2326, ,2322, ,0, ,N, ,0, , , , , , , , , ,2,1,0,0,0,0,1,0,0,0,0,0,0,0,0,0,0,0,0,0,0,0,0,0,0,0,0,0,0,0,0,0,0,0,0,0,0,40.0278,-75.1615, , 
48268,565975,2013101232,6,67,67301,2013,9,1,2135,21,3,1,0,8,1, , ,N,1,2,0,3,0,1,2,2,N,N,39 58:18.769,75 09:45.745,2215, ,2209, ,0, ,N, ,3, , , , , , , , , ,1,1,0,0,0,0,0,0,0,0,1,0,1,0,1,0,0,0,0,0,0,0,0,0,0,0,0,0,0,0,0,0,1,0,0,3,0,39.9719,-75.1627, , 
48269,565981,2013104179,6,67,67301,2013,10,5,1835,18,4,1,0,4,1, , ,N,1,2,0,3,0,1,2,2,N,N,40 00:22.203,75 09:06.487,1837, ,1835, ,0, ,N, ,3, , , , , , , , , ,2,2,0,0,0,0,0,0,0,0,0,0,1,1,0,0,0,0,1,0,0,0,0,0,0,0,0,0,0,0,0,0,0,0,0,8,0,40.0062,-75.1518, , 
48270,566003,2013070207,6,67,67301,2013,6,5,5,0,3,1,0,7,5, , ,N,0,0,0,3,0,0,2,1,N,N,40 02:26.735,75 10:43.959,11, ,9, ,0, , , ,0, , , , , , , , , ,1,1,0,0,0,0,0,0,0,0,0,0,0,0,2,0,0,0,0,0,0,0,0,0,0,0,0,0,0,0,0,0,0,0,0,9,0,40.0408,-75.1789, , 
48271,566019,2013086243,6,67,67301,2013,8,5,1505,15,1,2,1,4,1, , ,N,1,3,0,3,0,3,3,3,N,N,39 57:33.134,75 14:14.312,1508, ,1503,2,1,1, , ,3,Y, , , , , , , , ,3,0,0,0,0,0,0,3,0,0,0,0,3,3,0,0,0,0,0,0,0,0,0,0,0,0,0,0,0,0,0,0,0,0,0,8,0,39.9592,-75.2373, , 
48272,566033,2013104397,6,67,67301,2013,9,5,1830,18,1,1,0,1,1, , ,N,0,0,0,3,0,1,3,3,N, ,39 58:26.463,75 12:17.309,2135, ,2130, ,0, , , ,0, , , , , , , , , ,3,0,0,0,2,0,1,0,0,0,0,1,1,0,0,0,0,0,0,0,0,0,0,0,0,0,0,0,0,0,0,0,0,0,0,4,0,39.974,-75.2048, , 
48273,566055,2013070316,6,67,67301,2013,6,4,2052,20,1,1,0,5,1, , ,N,1,2,0,3,0,2,5,3,N,N,40 02:51.581,75 03:35.828,2054, ,2054, ,0, , , ,3, , , , , , , , , ,3,3,0,0,0,0,0,0,0,0,0,2,2,0,0,0,0,0,0,0,1,1,0,0,0,0,0,0,0,0,0,0,0,0,0,4,0,40.0477,-75.06, , 
48274,566056,2013070473,6,67,67301,2013,6,4,9999,99,1,1,0,2,1, , ,N,0,0,0,3,0,0,4,3,N,N,39 59:47.670,75 08:49.041,915, ,847,2,1,5,N, ,0,Y, , , , , , , , ,3,2,0,0,0,0,0,1,0,0,0,0,0,0,2,0,0,0,0,0,1,0,0,0,0,0,0,0,0,0,0,0,0,0,0,9,0,39.9966,-75.147, , 
48275,566057,2013070924,6,67,67301,2013,6,2,1215,12,1,1,0,1,1, , ,N,0,0,0,3,0,2,6,2,N,N,40 05:19.469,75 02:03.214,1220, ,1219, ,0, ,N, ,0, , , , , , , , , ,2,1,0,0,0,0,0,1,0,0,0,2,2,0,0,0,0,0,0,0,0,0,0,3,0,0,0,0,0,0,0,0,0,0,0,4,0,40.0887,-75.0342, , 
48276,566068,2013083971,6,67,67301,2013,7,1,340,3,3,1,0,1,1, , ,N,0,2,0,3,0,1,2,2,N,N,40 02:52.055,75 11:31.749,347, ,344, ,0, ,N, ,3, , , , , , , , , ,2,2,0,0,0,0,0,0,0,0,0,0,1,1,1,0,0,0,0,0,0,0,0,0,0,0,0,0,0,0,0,0,0,0,0,8,0,40.0478,-75.1922, , 