objectid_1,objectid,crn,district,county,municipality,crash_year,crash_month,day_of_week,time_of_day,hour_of_day,illumination,weather,road_condition,collision_type,relation_to_road,work_zone_type,work_zone_loc,work_zone_ind,intersect_type,tcd_type,location_type,urban_rural,fatal_count,injury_count,person_count,total_units,sch_bus_ind,sch_zone_ind,latitude,longitude,arrival_tm,cons_zone_spd_lim,dispatch_tm,est_hrs_closed,lane_closed,ln_close_dir,ntfy_hiwy_maint,spec_juris_cd,tcd_func_cd,tfc_detour_ind,workers_pres,wz_close_detour,wz_flagger,wz_law_offcr_ind,wz_ln_closure,wz_moving,wz_other,wz_shlder_mdn,vehicle_count,automobile_count,motorcycle_count,bus_count,small_truck_count,heavy_truck_count,suv_count,van_count,bicycle_count,maj_inj_count,mod_inj_count,min_inj_count,tot_inj_count,unk_inj_deg_count,unk_inj_per_count,driver_count_16yr,driver_count_17yr,driver_count_18yr,driver_count_19yr,driver_count_20yr,driver_count_50_64yr,driver_count_65_74yr,driver_count_75plus,unbelted_occ_count,unb_death_count,unb_maj_inj_count,belted_death_count,belted_maj_inj_count,mcycle_death_count,mcycle_maj_inj_count,bicycle_death_count,bicycle_maj_inj_count,ped_count,ped_death_count,ped_maj_inj_count,max_severity_level,comm_veh_count,dec_lat,dec_long,rdwy_surf_type_cd,county_name
48344,566205,2013080432,6,67,67301,2013,6,5,1140,11,1,1,0,5,1, , ,N,0,0,3,3,0,2,3,3,N,N,39 55:09.361,75 12:18.455,1220, ,1200, ,0, ,N, ,0, , , , , , , , , ,3,2,0,0,0,1,0,0,0,0,0,2,2,0,0,0,0,0,0,0,1,0,0,0,0,0,0,0,0,0,0,0,0,0,0,4,1,39.9193,-75.205, , 
48345,566221,2013094693,6,67,67301,2013,6,6,930,9,1,1,0,1,1, , ,N,0,2,0,3,0,1,2,2,N,N,40 01:22.900,75 08:00.370,0, ,0, ,0, ,N, ,3, , , , , , , , , ,2,0,0,0,0,0,0,2,0,0,0,0,1,1,1,0,0,0,0,0,1,0,0,0,0,0,0,0,0,0,0,0,0,0,0,8,0,40.023,-75.1334, , 
48346,566226,2013096031,6,67,67301,2013,8,5,1645,16,1,1,0,1,1, , ,N,2,2,0,3,0,1,5,3,N,N,40 03:02.108,75 00:36.644,9999, ,1645, ,0, ,N, ,3, , , , , , , , , ,3,3,0,0,0,0,0,0,0,0,0,0,1,1,0,0,0,0,0,0,1,0,0,0,0,0,0,0,0,0,0,0,0,0,0,8,0,40.0506,-75.0102, , 
48347,566239,2013078963,6,67,67301,2013,7,7,1208,12,1,1,0,1,1, , ,N,0,0,0,3,0,1,8,3,N,N,39 57:30.838,75 10:06.054,1220, ,1209, ,0, ,N, ,0, , , , , , , , , ,3,0,0,0,0,0,3,0,0,0,0,0,1,1,0,0,0,0,0,0,1,0,0,0,0,0,0,0,0,0,0,0,0,0,0,8,0,39.9586,-75.1683, , 
48348,566251,2013092648,6,67,67301,2013,8,3,1654,16,1,1,0,4,1, , ,N,1,2,0,3,1,0,2,2,N, ,40 00:58.803,75 03:42.545,1657, ,1656, ,0, , ,0,3, , , , , , , , , ,2,1,1,0,0,0,0,0,0,0,0,0,0,0,0,0,0,0,0,0,0,0,0,0,0,0,0,0,1,0,0,0,0,0,0,1,0,40.0163,-75.0618,2, 
48349,566264,2013106773,6,67,67301,2013,9,5,1000,10,1,1,0,7,5, , ,N,1,3,0,3,0,0,1,1,N,N,39 56:54.340,75 09:41.273,1007, ,1005,3,2,1,N, ,3,N, , , , , , , , ,1,0,0,0,0,0,1,0,0,0,0,0,0,0,0,0,0,0,0,0,0,0,0,0,0,0,0,0,0,0,0,0,0,0,0,0,0,39.9484,-75.1615, , 
48350,563660,2013086862,6,67,67301,2013,7,4,1720,17,1,1,0,1,1, , ,N,0,0,2,3,0,2,3,2,N, ,39 56:52.177,75 11:13.977,2246, ,2240, ,0, , , ,0, , , , , , , , , ,2,1,0,0,0,0,0,0,0,0,0,2,2,0,0,0,0,0,0,0,1,0,0,0,0,0,0,0,0,0,0,0,0,0,0,4,0,39.9478,-75.1872, , 
48351,563678,2013046283,6,67,67301,2013,4,2,855,8,1,1,0,1,1, , ,N,1,2,0,3,0,1,3,2,N,N,40 00:07.962,75 09:27.759,905, ,900, ,0, ,N, ,3, , , , , , , , , ,2,0,0,0,1,0,1,0,0,0,0,0,1,1,0,0,0,0,0,0,1,0,0,0,0,0,0,0,0,0,0,0,0,0,0,8,0,40.0022,-75.1577, , 
48352,563679,2013046429,6,67,67301,2013,4,7,1218,12,1,1,3,4,1, , ,N,0,0,0,3,0,1,2,2,N, ,40 02:52.641,75 00:48.273,1223, ,1222, ,0, , , ,0, , , , , , , , , ,2,0,1,0,0,0,1,0,0,0,0,0,1,1,0,0,0,0,0,0,1,0,0,0,0,0,0,0,0,0,0,0,0,0,0,8,0,40.048,-75.0134, , 
48353,563689,2013070241,6,67,67301,2013,6,3,840,8,1,1,0,4,1, , ,N,1,3,0,3,0,2,3,3,N,N,39 58:39.910,75 14:56.921,907, ,857, ,0, ,N, ,3, , , , , , , , , ,3,3,0,0,0,0,0,0,0,0,0,2,2,0,0,0,0,0,0,0,1,0,0,0,0,0,0,0,0,0,0,0,0,0,0,4,0,39.9778,-75.2491, , 
48354,563692,2013072592,6,67,67301,2013,6,4,2104,21,3,1,0,7,2, , ,N,0,0,0,3,1,0,1,1,N,N,39 53:00.330,75 12:45.300,2112, ,2106,9,2,5,N,0,0,N, , , , , , , , ,1,0,1,0,0,0,0,0,0,0,0,0,0,0,0,0,0,0,0,0,0,0,0,0,0,0,0,0,1,0,0,0,0,0,0,1,0,39.8834,-75.2126,2, 
48355,563696,2013074764,6,67,67301,2013,5,4,9999,99,4,1,0,4,1, , ,N,2,3,0,3,0,1,2,2,N,N,40 04:58.681,74 59:18.729,1925, ,1919,9,1,3, , ,3,N, , , , , , , , ,2,0,0,0,0,0,2,0,0,0,1,0,1,0,0,0,1,0,0,0,0,1,0,0,0,0,0,0,0,0,0,0,0,0,0,3,0,40.083,-74.9885, , 
48356,563700,2013082166,6,67,67301,2013,8,7,2105,21,3,1,0,7,7, , ,N,6,0,2,3,0,1,2,1,N,N,39 58:06.137,75 07:46.529,2125, ,2107,1,1,2,Y, ,0,N, , , , , , , , ,1,1,0,0,0,0,0,0,0,0,1,0,1,0,0,0,0,0,0,0,0,0,0,0,0,0,0,0,0,0,0,0,0,0,0,3,0,39.9684,-75.1296, , 
48357,563712,2013098377,6,67,67301,2013,9,5,1710,17,1,1,0,8,1, , ,N,0,0,0,3,0,1,2,2,N,N,40 00:48.458,75 04:08.913,1715, ,1713, ,0, ,N, ,0, , , , , , , , , ,1,1,0,0,0,0,0,0,0,0,0,1,1,0,0,0,0,0,0,0,1,0,0,0,0,0,0,0,0,0,0,0,1,0,0,4,0,40.0135,-75.0691, , 
48358,563722,2013110555,6,67,67301,2013,11,6,6,0,3,1,1,1,1, , ,N,0,0,2,3,0,1,5,3,N,N,39 57:23.592,75 08:58.856,24, ,7, ,0, ,N, ,0, , , , , , , , , ,3,1,0,0,0,0,2,0,0,0,0,1,1,0,0,0,0,0,1,0,0,0,0,0,0,0,0,0,0,0,0,0,0,0,0,4,0,39.9566,-75.1497, , 
48359,563730,2013070201,6,67,67301,2013,6,6,1243,12,1,1,0,7,5, , ,N,0,0,0,3,0,2,2,2,N,N,40 02:01.610,75 10:03.770,1248, ,1246,3,2,2,N, ,0,Y, , , , , , , , ,1,1,0,0,0,0,0,0,0,0,1,1,2,0,0,0,0,0,0,0,0,0,0,0,0,0,0,0,0,0,0,0,1,0,0,3,0,40.0338,-75.1677, , 
48360,563733,2013070115,6,67,67301,2013,6,6,1631,16,1,2,1,1,1, , ,N,1,2,0,3,0,2,3,2,N, ,40 00:56.894,75 08:28.039,9999, ,1731, ,0, , , ,3, , , , , , , , , ,2,2,0,0,0,0,0,0,0,0,0,0,2,2,0,0,1,0,0,0,0,0,0,0,0,0,0,0,0,0,0,0,0,0,0,8,0,40.0158,-75.1411, , 
48361,563734,2013070248,6,67,67301,2013,5,7,1915,19,1,1,0,4,1, , ,N,0,0,0,3,0,1,2,2,N,N,39 58:38.568,75 14:50.064,2018, ,2010, ,0, ,N, ,0, , , , , , , , , ,1,0,0,0,1,0,0,0,1,0,0,0,1,1,0,0,0,0,0,0,1,0,0,0,0,0,0,0,0,0,0,0,0,0,0,8,0,39.9774,-75.2472, , 
48362,563736,2013074758,6,67,67301,2013,6,5,1915,19,4,2,1,4,1, , ,N,1,2,0,3,0,0,2,2,N,N,39 56:50.225,75 13:36.792,1925, ,1922, ,0, , , ,3, , , , , , , , , ,2,1,0,0,1,0,0,0,0,0,0,0,0,0,2,0,0,0,0,0,0,0,0,0,0,0,0,0,0,0,0,0,0,0,0,9,0,39.9473,-75.2269, , 
48363,563747,2013083836,6,67,67301,2013,8,5,2154,21,3,1,0,7,3,1,4,Y,0,0,0,3,0,1,1,1,N,N,40 01:27.134,75 01:51.351,2158,45,2154,2,2,1,Y, ,0,N,N,N,N,N,N,N,N,Y,1,1,0,0,0,0,0,0,0,0,1,0,1,0,0,0,0,0,0,0,0,0,0,1,0,0,0,0,0,0,0,0,0,0,0,3,0,40.0242,-75.0311, , 
48364,563751,2013086182,6,67,67301,2013,8,3,9999,99,5,1,0,5,1, , ,N,1,2,0,3,0,1,2,2,N,N,39 58:31.257,75 07:57.508,736, ,730, ,0, ,N, ,3, , , , , , , , , ,1,1,0,0,0,0,0,0,1,0,0,0,1,1,0,0,0,0,0,0,0,0,0,0,0,0,0,0,0,0,0,0,0,0,0,8,0,39.9753,-75.1326, , 
48365,563753,2013086857,6,67,67301,2013,7,7,224,2,3,2,1,5,2, , ,N,0,0,0,3,0,0,1,4,N,N,39 58:23.604,75 09:32.348,929, ,2224, ,0, ,N, ,0, , , , , , , , , ,4,4,0,0,0,0,0,0,0,0,0,0,0,0,0,0,0,0,0,0,0,0,0,1,0,0,0,0,0,0,0,0,0,0,0,0,0,39.9732,-75.159, , 
48366,563754,2013086877,6,67,67301,2013,8,5,1435,14,1,2,1,8,1, , ,N,1,2,0,3,0,1,2,2,N,N,39 55:45.184,75 13:45.242,1440, ,1439, ,0, ,N, ,9, , , , , , , , , ,1,0,0,0,0,0,0,1,0,0,1,0,1,0,0,0,0,0,0,0,0,0,0,0,0,0,0,0,0,0,0,0,1,0,0,3,0,39.9292,-75.2292, , 
48367,563756,2013091541,6,67,67301,2013,9,3,1641,16,1,1,0,5,4, , ,N,0,0,0,3,0,0,1,4,N,N,39 57:34.890,75 11:43.610,1641, ,1641,2,1,3,N, ,0,N, , , , , , , , ,4,3,1,0,0,0,0,0,0,0,0,0,0,0,1,0,0,0,0,0,0,0,0,0,0,0,0,0,0,0,0,0,0,0,0,9,0,39.9597,-75.1954, , 
48368,557820,2013062586,6,67,67301,2013,5,2,2200,22,3,1,0,4,1, , ,N,5,2,0,3,0,1,2,2,N,N,39 59:13.382,75 07:20.404,2205, ,2203,2,2,5,N, ,3,Y, , , , , , , , ,2,0,0,0,0,0,1,1,0,0,0,1,1,0,0,0,0,0,0,0,0,0,0,0,0,0,0,0,0,0,0,0,0,0,0,4,0,39.9871,-75.1223, , 
48369,557822,2013065536,6,67,67301,2013,5,4,1647,16,1,1,0,7,5, , ,N,2,0,0,3,0,3,3,2,N,N,39 57:05.896,75 09:55.699,1651, ,651, ,0, ,N, ,0, , , , , , , , , ,1,1,0,0,0,0,0,0,0,0,1,2,3,0,0,0,0,0,0,0,0,0,0,0,0,0,0,0,0,0,0,0,1,0,0,3,0,39.9516,-75.1655, , 
48370,557840,2013080063,6,67,67301,2013,7,6,221,2,3,1,0,7,3, , ,N,0,0,0,3,0,0,1,1,N, ,39 59:53.070,75 09:01.870,310, ,300, ,0, , , ,0, , , , , , , , , ,1,1,0,0,0,0,0,0,0,0,0,0,0,0,0,0,0,0,0,0,0,0,0,1,0,0,0,0,0,0,0,0,0,0,0,0,0,39.9981,-75.1505, , 
48371,557857,2013070274,6,67,67301,2013,6,6,1411,14,1,1,0,1,1, , ,N,0,0,0,3,0,2,2,2,N, ,40 00:25.162,75 07:49.824,1418, ,1412, ,0, ,N, ,0, , , , , , , , , ,2,2,0,0,0,0,0,0,0,1,0,1,2,0,0,0,0,0,0,0,1,0,0,0,0,0,0,1,0,0,0,0,0,0,0,2,0,40.007,-75.1305, , 
48372,557859,2013074782,6,67,67301,2013,6,2,9999,99,3,2,1,1,1, , ,N,1,2,0,3,0,0,4,2,N,N,39 57:49.770,75 13:12.150,2148, ,2113, ,0, , , ,3, , , , , , , , , ,2,1,0,0,0,0,1,0,0,0,0,0,0,0,0,0,0,0,0,0,1,0,0,0,0,0,0,0,0,0,0,0,0,0,0,0,0,39.9637,-75.2196, , 
48373,557878,2013093176,6,67,67301,2013,8,1,9999,99,3,2,1,7,5, , ,N,0,0,0,3,0,4,4,1,N, ,40 00:56.299,75 10:12.352,559, ,555,1,1,5, , ,0,Y, , , , , , , , ,1,1,0,0,0,0,0,0,0,0,0,0,4,4,0,0,0,0,0,0,0,0,0,0,0,0,0,0,0,0,0,0,0,0,0,8,0,40.0156,-75.1701, , 
48374,557896,2013056887,6,67,67301,2013,5,5,1549,15,1,1,0,1,1, , ,N,0,0,0,3,0,2,4,2,N,N,40 03:04.502,74 59:20.962,1655, ,1623, ,0, ,N, ,0, , , , , , , , , ,2,2,0,0,0,0,0,0,0,0,0,2,2,0,0,0,0,0,0,0,0,0,0,0,0,0,0,0,0,0,0,0,0,0,0,4,0,40.0512,-74.9893, , 
48375,557913,2013077498,6,67,67301,2013,7,3,1225,12,1,1,0,2,1, , ,N,0,0,0,3,0,1,3,3,N,N,40 04:35.465,75 04:19.893,1230, ,1226,2,2,1,N, ,0,Y, , , , , , , , ,3,2,0,0,0,0,0,1,0,0,0,1,1,0,0,0,0,0,0,0,0,1,0,0,0,0,0,0,0,0,0,0,0,0,0,4,0,40.0765,-75.0722, , 
48376,557946,2013070395,6,67,67301,2013,6,1,220,2,3,1,0,7,4, , ,N,0,0,0,3,0,0,5,1,N,N,39 55:49.493,75 08:38.521,230, ,224,1,2,1, , ,0,Y, , , , , , , , ,1,1,0,0,0,0,0,0,0,0,0,0,0,0,0,0,0,0,0,0,0,0,0,0,0,0,0,0,0,0,0,0,0,0,0,0,0,39.9304,-75.144, , 
48377,557950,2013070292,6,67,67301,2013,6,5,1650,16,1,1,0,8,1, , ,N,0,0,0,3,0,1,2,2,N, ,40 02:34.105,75 04:09.300,1657, ,1651, ,0, , , ,0, , , , , , , , , ,1,1,0,0,0,0,0,0,0,0,0,1,1,0,0,0,0,0,0,0,0,0,0,0,0,0,0,0,0,0,0,0,1,0,0,4,0,40.0428,-75.0693, , 
48378,557955,2013077550,6,67,67301,2013,6,1,628,6,1,1,0,8,1, , ,N,2,2,0,3,0,1,2,2,N,N,39 57:06.166,75 10:59.749,632, ,628, ,0, ,N, ,3, , , , , , , , , ,1,1,0,0,0,0,0,0,0,0,0,0,1,1,1,0,0,0,0,0,0,0,0,1,0,0,0,0,0,0,0,0,1,0,0,8,0,39.9517,-75.1833, , 
48379,557969,2013086966,6,67,67301,2013,7,4,2105,21,3,1,0,4,1, , ,N,2,0,2,3,0,2,3,2,N,N,39 57:15.535,75 08:23.018,2109, ,2106, ,0, ,N, ,0, , , , , , , , , ,2,2,0,0,0,0,0,0,0,0,1,1,2,0,0,0,0,0,0,0,1,0,0,0,0,0,0,0,0,0,0,0,0,0,0,3,0,39.9543,-75.1395, , 
48380,557975,2013096475,6,67,67301,2013,8,7,1215,12,1,1,0,4,1, , ,N,3,2,0,3,0,2,2,2,N,N,40 00:25.755,75 10:28.143,1223, ,1219,2,2,3,N, ,3,Y, , , , , , , , ,2,2,0,0,0,0,0,0,0,0,2,0,2,0,0,0,0,0,0,0,0,0,0,0,0,0,0,0,0,0,0,0,0,0,0,3,0,40.0072,-75.1745, , 
48381,557980,2013098372,6,67,67301,2013,9,2,1255,12,1,2,1,1,1, , ,N,0,2,0,3,0,1,3,2,N, ,39 56:56.606,75 08:57.710,1305, ,1302, ,0, , , ,3, , , , , , , , , ,2,1,0,0,0,0,1,0,0,0,1,0,1,0,0,0,0,0,0,0,0,0,0,0,0,0,0,0,0,0,0,0,0,0,0,3,0,39.9491,-75.1494, , 
48382,557981,2013098450,6,67,67301,2013,8,2,9999,99,4,1,0,1,1, , ,N,1,2,0,3,0,1,4,2,N,N,40 02:29.408,75 09:30.138,9999, ,2101, ,0, ,N, ,3, , , , , , , , , ,2,1,0,0,0,0,0,1,0,0,0,1,1,0,0,0,0,0,0,0,0,0,0,1,0,0,0,0,0,0,0,0,0,0,0,4,0,40.0415,-75.1584, , 
48383,557984,2013100999,6,67,67301,2013,9,3,300,3,3,1,0,7,5, , ,N,0,0,0,3,0,0,1,1,N,N,40 04:36.220,75 02:16.526,325, ,318, ,0, , , ,0, , , , , , , , , ,1,1,0,0,0,0,0,0,0,0,0,0,0,0,0,0,0,0,0,0,0,0,0,0,0,0,0,0,0,0,0,0,0,0,0,0,0,40.0767,-75.0379, , 
48384,557990,2013109379,6,67,67301,2013,9,1,221,2,3,1,0,4,1, , ,N,5,2,0,3,0,1,2,2,N, ,39 57:17.234,75 09:58.979,225, ,221, ,0, , , ,3, , , , , , , , , ,1,0,0,0,0,0,0,0,1,0,0,0,1,1,0,0,0,0,0,0,0,0,0,0,0,0,0,0,0,0,0,0,0,0,0,8,0,39.9548,-75.1664, , 
48385,557998,2013074785,6,67,67301,2013,5,6,1715,17,1,1,0,8,1, , ,N,1,3,0,3,0,1,2,2,N,N,40 07:30.036,75 01:03.799,1743, ,1734,3,2,6,N, ,3,Y, , , , , , , , ,1,1,0,0,0,0,0,0,0,0,0,0,1,1,0,0,0,0,0,0,0,0,0,1,0,0,0,0,0,0,0,0,1,0,0,8,0,40.125,-75.0177, , 
48386,558007,2013079482,6,67,67301,2013,7,4,2018,20,1,1,0,8,1, , ,N,0,0,0,3,1,0,2,2,N,N,39 56:12.764,75 10:43.402,2021, ,2021, ,0, , ,0,0, , , , , , , , , ,1,1,0,0,0,0,0,0,0,0,0,0,0,0,0,0,0,0,0,0,0,0,1,0,0,0,0,0,0,0,0,0,1,1,0,1,0,39.9369,-75.1787,2, 
48387,560726,2013096084,6,67,67301,2013,8,7,1800,18,1,1,0,4,1, , ,N,1,2,0,3,0,3,3,2,N,N,39 57:32.806,75 09:29.825,1809, ,1807, ,0, ,N, ,3, , , , , , , , , ,2,2,0,0,0,0,0,0,0,0,3,0,3,0,0,0,0,0,0,0,1,0,0,0,0,0,0,0,0,0,0,0,0,0,0,3,0,39.9591,-75.1583, , 
48388,560727,2013098520,6,67,67301,2013,9,6,1931,19,3,1,0,1,7,1,4,Y,6,8,2,3,0,0,2,2,N,N,40 01:30.469,75 01:44.324,1951,45,1932, ,0, ,N, ,3, ,N,N,N,N,Y,N,N,Y,2,1,0,0,0,0,1,0,0,0,0,0,0,0,0,0,0,0,0,0,0,0,0,0,0,0,0,0,0,0,0,0,0,0,0,0,0,40.025,-75.0292, , 
48389,560732,2013101273,6,67,67301,2013,9,5,925,9,1,1,0,4,1, , ,N,5,0,0,3,0,1,2,2,N,N,40 04:07.154,75 09:24.456,1014, ,958, ,0, ,N, ,0, , , , , , , , , ,2,2,0,0,0,0,0,0,0,0,0,1,1,0,0,0,0,0,0,0,0,1,0,0,0,0,0,0,0,0,0,0,0,0,0,4,0,40.0687,-75.1568, , 
48390,560757,2013070050,6,67,67301,2013,6,4,1800,18,1,1,0,1,1, , ,N,0,0,0,3,0,1,2,2,N, ,40 05:02.576,75 01:32.447,1825, ,1812, ,0, , , ,0, , , , , , , , , ,2,1,0,0,1,0,0,0,0,0,0,1,1,0,0,0,0,0,0,0,1,0,0,0,0,0,0,0,0,0,0,0,0,0,0,4,0,40.084,-75.0257, , 
48391,560772,2013093172,6,67,67301,2013,8,3,1515,15,1,1,0,4,1, , ,N,1,2,0,3,0,1,3,2,N,N,39 59:57.469,75 06:38.357,1525, ,1522, ,0, ,N, ,3, , , , , , , , , ,2,2,0,0,0,0,0,0,0,0,1,0,1,0,0,0,0,0,0,0,0,0,0,0,0,0,0,0,0,0,0,0,0,0,0,3,0,39.9993,-75.1107, , 
48392,560778,2013101112,6,67,67301,2013,8,7,1610,16,1,1,0,1,1, , ,N,1,0,0,3,0,1,2,2,N,N,40 01:03.539,75 12:40.978,1618, ,1615, ,0, ,N, ,0, , , , , , , , , ,2,2,0,0,0,0,0,0,0,0,0,1,1,0,0,0,0,0,0,0,0,0,0,1,0,0,0,0,0,0,0,0,0,0,0,4,0,40.0178,-75.2114, , 
48393,560798,2013074664,6,67,67301,2013,6,4,932,9,1,1,0,4,1, , ,N,1,2,0,3,0,0,2,2,N, ,40 01:12.662,75 08:55.511,941, ,934, ,0, , , ,3, , , , , , , , , ,2,2,0,0,0,0,0,0,0,0,0,0,0,0,0,0,0,0,1,0,0,0,0,0,0,0,0,0,0,0,0,0,0,0,0,0,0,40.0202,-75.1488, , 
48394,560799,2013074799,6,67,67301,2013,3,3,644,6,5,2,1,8,1, , ,N,0,0,0,3,0,1,2,2,N,N,40 01:32.399,75 03:19.399,645, ,644,2,1,4,N, ,0,N, , , , , , , , ,1,0,0,0,0,0,0,1,0,1,0,0,1,0,0,0,0,0,0,0,0,0,0,0,0,0,0,0,0,0,0,0,1,0,1,2,0,40.0257,-75.0554, , 
48395,560808,2013086886,6,67,67301,2013,8,7,1258,12,1,1,0,7,4, , ,N,0,0,0,3,0,1,2,1,N,N,40 05:42.607,75 00:53.724,1308, ,1301,1,1,2,Y, ,0,N, , , , , , , , ,1,0,0,0,0,0,1,0,0,0,0,1,1,0,0,0,0,0,0,0,1,0,0,0,0,0,0,0,0,0,0,0,0,0,0,4,0,40.0952,-75.0149, , 
48396,560831,2013101006,6,67,67301,2013,3,2,1635,16,1,1,0,1,1, , ,N,2,3,0,3,0,1,1,2,N, ,39 58:28.171,75 10:31.619,1636, ,1635, ,0, , , ,3, , , , , , , , , ,2,2,0,0,0,0,0,0,0,0,1,0,1,0,0,0,0,0,0,0,1,0,0,0,0,0,0,0,0,0,0,0,0,0,0,3,0,39.9745,-75.1754, , 
48397,560836,2013055369,6,67,67301,2013,5,4,810,8,1,1,0,8,1, , ,N,0,3,0,3,0,1,2,2,N,Y,40 06:50.962,75 01:30.067,950, ,943, ,0, ,N, ,3, , , , , , , , , ,1,1,0,0,0,0,0,0,0,0,0,0,1,1,0,0,0,0,0,0,0,0,0,0,0,0,0,0,0,0,0,0,1,0,0,8,0,40.1142,-75.025, , 
48398,560848,2013074727,6,67,67301,2013,6,4,1640,16,1,1,0,4,1, , ,N,1,2,0,3,0,1,2,2,N,N,39 57:31.363,75 09:43.712,1641, ,1640, ,0, ,N, ,3, , , , , , , , , ,2,2,0,0,0,0,0,0,0,0,0,1,1,0,0,0,0,0,0,0,1,0,0,0,0,0,0,0,0,0,0,0,0,0,0,4,0,39.9587,-75.1621, , 
48399,560850,2013077424,6,67,67301,2013,7,6,2245,22,3,1,0,4,1, , ,N,2,3,0,3,0,1,2,2,N,N,39 56:27.340,75 09:20.901,2300, ,2359, ,0, ,N, ,3, , , , , , , , , ,1,1,0,0,0,0,0,0,1,0,0,0,1,1,0,0,0,0,0,0,0,0,0,0,0,0,0,0,0,0,0,0,0,0,0,8,0,39.9409,-75.1558, , 
48400,560899,2013070900,6,67,67301,2013,5,2,1830,18,1,1,0,1,1, , ,N,0,2,0,3,0,5,7,4,N,N,40 02:44.809,75 00:58.451,1840, ,1832,2,1,2,N, ,3,N, , , , , , , , ,4,3,0,0,0,0,1,0,0,0,0,0,5,5,0,0,0,0,0,0,0,0,0,1,0,0,0,0,0,0,0,0,0,0,0,8,0,40.0458,-75.0162, , 
48401,560907,2013077392,6,67,67301,2013,7,2,9999,99,1,2,1,4,1, , ,N,1,2,0,3,0,1,2,2,N, ,39 58:15.096,75 07:25.112,1010, ,1007, ,0, , , ,3, , , , , , , , , ,1,1,0,0,0,0,0,0,1,0,0,1,1,0,0,0,0,0,0,0,0,0,0,0,0,0,0,0,0,0,0,0,0,0,0,4,0,39.9709,-75.1236, , 
48402,560908,2013079448,6,67,67301,2013,7,5,1358,13,1,1,0,4,1, , ,N,1,2,0,3,0,1,3,2,N,N,40 03:15.666,75 11:38.176,1505, ,1458, ,0, ,N, ,3, , , , , , , , , ,2,1,0,0,1,0,0,0,0,0,0,1,1,0,0,0,0,0,0,0,1,0,0,3,0,0,0,0,0,0,0,0,0,0,0,4,0,40.0544,-75.194, , 
48403,560909,2013079987,6,67,67301,2013,5,4,720,7,1,1,0,1,1, , ,N,1,0,0,3,0,1,3,2,N,N,39 55:30.729,75 10:16.566,731, ,728, ,0, ,N, ,0, , , , , , , , , ,2,1,0,0,0,0,1,0,0,0,0,0,1,1,0,0,0,0,0,0,1,0,0,0,0,0,0,0,0,0,0,0,0,0,0,8,0,39.9252,-75.1711, , 
48404,560924,2013096077,6,67,67301,2013,8,3,1044,10,1,1,0,4,1, , ,N,1,2,0,3,0,5,5,2,N,N,39 57:46.426,75 12:06.810,1058, ,1049, ,0, ,N, ,3, , , , , , , , , ,2,2,0,0,0,0,0,0,0,0,0,2,5,3,0,0,0,0,0,0,0,0,0,0,0,0,0,0,0,0,0,0,0,0,0,4,0,39.9629,-75.2019, , 
48405,566277,2013121566,6,67,67301,2013,10,3,1736,17,1,1,0,4,1, , ,N,1,2,0,3,0,1,2,2,N,N,40 03:24.250,75 02:48.711,1738, ,1737, ,0, ,N, ,3, , , , , , , , , ,2,1,0,0,1,0,0,0,0,0,0,1,1,0,0,0,0,0,0,0,0,1,0,0,0,0,0,0,0,0,0,0,0,0,0,4,0,40.0567,-75.0469, , 
48406,566293,2013070932,6,67,67301,2013,6,3,1056,10,1,1,0,4,1, , ,N,1,2,0,3,0,2,2,2,N,N,39 56:34.767,75 09:36.842,1103, ,1059, ,0, ,N, ,3, , , , , , , , , ,2,2,0,0,0,0,0,0,0,0,0,1,2,1,0,0,0,0,0,0,1,0,0,0,0,0,0,0,0,0,0,0,0,0,0,4,0,39.943,-75.1602, , 
48407,566365,2013101218,6,67,67301,2013,9,5,1910,19,3,2,1,8,5, , ,N,1,2,0,3,0,1,2,2,N,N,39 55:00.775,75 10:16.636,1915, ,1913, ,0, ,N, ,3, , , , , , , , , ,1,0,0,0,0,0,1,0,0,0,1,0,1,0,0,0,0,0,0,0,1,0,0,0,0,0,0,0,0,0,0,0,1,0,0,3,0,39.9169,-75.1713, , 
48408,566367,2013103144,6,67,67301,2013,10,6,200,2,3,2,1,7,2, , ,N,0,0,0,3,0,0,1,1,N,N,39 58:54.101,75 12:25.686,206, ,201,1,1,4,N, ,0,N, , , , , , , , ,1,1,0,0,0,0,0,0,0,0,0,0,0,0,0,0,0,0,0,0,0,0,0,0,0,0,0,0,0,0,0,0,0,0,0,0,0,39.9817,-75.2071, , 
48409,566378,2013062062,6,67,67301,2013,1,7,225,2,3,1,0,1,6, , ,N,0,0,0,3,1,0,1,2,N,N,40 02:53.455,75 00:11.612,227, ,225, ,0, ,N,0,0, , , , , , , , , ,2,1,0,0,0,1,0,0,0,0,0,0,0,0,0,0,0,0,0,0,0,0,0,0,0,0,0,0,0,0,0,0,0,0,0,1,1,40.0482,-75.0032,2, 
48410,566401,2013073316,6,67,67301,2013,7,4,343,3,3,1,0,7,4, , ,N,0,0,0,3,0,0,2,1,N,N,39 58:43.444,75 12:11.253,343, ,343,1,1,3,N, ,0,N, , , , , , , , ,1,0,0,0,0,0,1,0,0,0,0,0,0,0,0,0,0,0,0,0,0,0,0,0,0,0,0,0,0,0,0,0,0,0,0,0,0,39.9787,-75.2031, , 