objectid_1,objectid,crn,district,county,municipality,crash_year,crash_month,day_of_week,time_of_day,hour_of_day,illumination,weather,road_condition,collision_type,relation_to_road,work_zone_type,work_zone_loc,work_zone_ind,intersect_type,tcd_type,location_type,urban_rural,fatal_count,injury_count,person_count,total_units,sch_bus_ind,sch_zone_ind,latitude,longitude,arrival_tm,cons_zone_spd_lim,dispatch_tm,est_hrs_closed,lane_closed,ln_close_dir,ntfy_hiwy_maint,spec_juris_cd,tcd_func_cd,tfc_detour_ind,workers_pres,wz_close_detour,wz_flagger,wz_law_offcr_ind,wz_ln_closure,wz_moving,wz_other,wz_shlder_mdn,vehicle_count,automobile_count,motorcycle_count,bus_count,small_truck_count,heavy_truck_count,suv_count,van_count,bicycle_count,maj_inj_count,mod_inj_count,min_inj_count,tot_inj_count,unk_inj_deg_count,unk_inj_per_count,driver_count_16yr,driver_count_17yr,driver_count_18yr,driver_count_19yr,driver_count_20yr,driver_count_50_64yr,driver_count_65_74yr,driver_count_75plus,unbelted_occ_count,unb_death_count,unb_maj_inj_count,belted_death_count,belted_maj_inj_count,mcycle_death_count,mcycle_maj_inj_count,bicycle_death_count,bicycle_maj_inj_count,ped_count,ped_death_count,ped_maj_inj_count,max_severity_level,comm_veh_count,dec_lat,dec_long,rdwy_surf_type_cd,county_name
48411,566408,2013077489,6,67,67301,2013,7,2,1420,14,1,2,1,4,1, , ,N,0,0,0,3,0,0,4,2,N,N,39 59:33.090,75 08:09.610,1542, ,1540, ,0, ,N, ,0, , , , , , , , , ,2,2,0,0,0,0,0,0,0,0,0,0,0,0,0,0,0,0,1,0,0,0,0,0,0,0,0,0,0,0,0,0,0,0,0,0,0,39.9925,-75.136, , 
48412,566413,2013079981,6,67,67301,2013,7,5,1125,11,1,1,0,4,7, , ,N,6,2,2,3,0,1,2,2,N,N,39 57:23.629,75 08:56.644,1147, ,1144, ,0, ,N, ,3, , , , , , , , , ,2,1,0,0,0,1,0,0,0,0,0,1,1,0,0,0,0,0,0,0,1,0,0,0,0,0,0,0,0,0,0,0,0,0,0,4,1,39.9566,-75.1491, , 
48413,566419,2013086267,6,67,67301,2013,8,7,206,2,3,1,0,1,4, , ,N,0,0,0,3,0,1,1,2,N, ,40 03:55.224,75 00:33.854,206, ,206, ,0, , , ,0, , , , , , , , , ,2,2,0,0,0,0,0,0,0,0,0,1,1,0,0,0,0,0,0,0,0,0,0,1,0,0,0,0,0,0,0,0,0,0,0,4,0,40.0653,-75.0094, , 
48414,566420,2013086928,6,67,67301,2013,7,1,355,3,3,1,0,5,4, , ,N,0,0,0,3,0,0,1,3,N,N,40 03:45.403,75 01:53.749,405, ,401, ,0, , , ,0, , , , , , , , , ,3,1,0,0,0,0,1,1,0,0,0,0,0,0,0,0,0,0,0,0,0,0,0,1,0,0,0,0,0,0,0,0,0,0,0,0,0,40.0626,-75.0316, , 
48415,566429,2013059007,6,67,67301,2013,5,4,1455,14,1,1,0,1,1, , ,N,0,0,0,3,0,0,4,2,N,N,39 58:36.924,75 06:49.210,1505, ,1455,1,2,1,N, ,0,N, , , , , , , , ,2,2,0,0,0,0,0,0,0,0,0,0,0,0,0,0,0,0,0,0,1,0,0,0,0,0,0,0,0,0,0,0,0,0,0,0,0,39.9769,-75.1136, , 
48416,566432,2013055573,6,67,67301,2013,5,6,240,2,3,1,0,6,1, , ,N,0,0,0,3,0,1,2,2,N, ,39 57:33.498,75 13:26.601,250, ,246, ,0, , , ,0, , , , , , , , , ,1,1,0,0,0,0,0,0,1,0,0,0,1,1,0,0,0,0,0,0,0,0,0,0,0,0,0,0,0,0,0,0,0,0,0,8,0,39.9593,-75.2241, , 
48417,566447,2013070339,6,67,67301,2013,6,6,2250,22,3,1,0,4,1, , ,N,2,2,0,3,0,1,2,2,N, ,39 59:17.962,75 08:07.915,2315, ,2309, ,0, , , ,3, , , , , , , , , ,1,1,0,0,0,0,0,0,1,0,0,1,1,0,0,0,0,0,0,0,0,0,0,1,0,0,0,0,0,0,0,0,0,0,0,4,0,39.9883,-75.1355, , 
48418,566452,2013074686,6,67,67301,2013,6,3,718,7,1,1,0,1,6, , ,N,0,0,0,3,0,1,1,2,N,N,40 02:20.997,75 07:26.528,735, ,727, ,0, ,N, ,0, , , , , , , , , ,2,1,0,0,0,0,0,1,0,0,0,0,1,1,0,0,0,0,0,0,0,0,0,1,0,0,0,0,0,0,0,0,0,0,0,8,0,40.0392,-75.124, , 
48419,566457,2013079938,6,67,67301,2013,7,2,1645,16,1,1,0,1,1, , ,N,0,0,0,3,0,1,1,2,N,N,40 01:32.657,75 07:14.450,1646, ,1646,3,1,3,N, ,0,N, , , , , , , , ,2,0,0,0,0,0,1,1,0,0,0,0,1,1,0,0,0,0,0,0,0,0,0,1,0,0,0,0,0,0,0,0,0,0,0,8,0,40.0257,-75.1207, , 
48420,566471,2013096071,6,67,67301,2013,8,1,1615,16,1,1,0,5,2, , ,N,0,0,0,3,0,1,1,2,N,N,40 02:27.890,75 09:27.422,1620, ,1619, ,0, ,N, ,0, , , , , , , , , ,2,1,1,0,0,0,0,0,0,0,0,0,1,1,0,0,0,0,0,0,0,0,0,0,0,0,0,0,0,0,0,0,0,0,0,8,0,40.0411,-75.1576, , 
48421,566477,2013070970,6,67,67301,2013,6,2,1920,19,1,1,0,8,1, , ,N,0,0,0,3,0,1,3,2,N,N,39 57:38.839,75 13:51.535,1922, ,1920, ,0, ,N, ,0, , , , , , , , , ,1,1,0,0,0,0,0,0,0,0,0,0,1,1,0,0,0,0,0,0,0,0,0,0,0,0,0,0,0,0,0,0,1,0,0,8,0,39.9608,-75.231, , 
48422,566488,2013078982,6,67,67301,2013,8,7,1505,15,1,1,0,1,1, , ,N,0,0,0,3,0,2,4,2,N,N,40 00:48.927,75 03:26.342,1538, ,1515,2,1,2,N, ,0,N, , , , , , , , ,2,1,0,0,0,0,1,0,0,0,0,0,2,2,0,0,0,0,0,0,1,1,0,0,0,0,0,0,0,0,0,0,0,0,0,8,0,40.0136,-75.0573, , 
48423,566491,2013079668,6,67,67301,2013,8,2,1738,17,1,1,0,1,1, , ,N,0,0,0,3,0,1,2,2,N,N,39 59:44.815,75 11:50.123,1749, ,1739, ,0, ,N, ,0, , , , , , , , , ,2,2,0,0,0,0,0,0,0,0,0,1,1,0,0,0,0,0,0,0,0,0,0,0,0,0,0,0,0,0,0,0,0,0,0,4,0,39.9958,-75.1973, , 
48424,563768,2013101789,6,67,67301,2013,9,5,1548,15,1,1,0,7,3, , ,N,0,0,0,3,0,0,1,1,N,N,39 55:00.078,75 13:02.955,1553, ,1550,2,1,3,N, ,0,Y, , , , , , , , ,1,1,0,0,0,0,0,0,0,0,0,0,0,0,0,0,0,0,0,0,0,0,1,0,0,0,0,0,0,0,0,0,0,0,0,0,0,39.9157,-75.221, , 
48425,563772,2013104129,6,67,67301,2013,10,6,50,0,3,2,1,4,1, , ,N,1,3,0,3,0,0,2,2,N,N,39 57:40.705,75 08:18.862,137, ,102,3,2,2,N, ,3,N, , , , , , , , ,2,2,0,0,0,0,0,0,0,0,0,0,0,0,0,0,0,0,0,0,0,0,0,0,0,0,0,0,0,0,0,0,0,0,0,0,0,39.9613,-75.1386, , 
48426,563790,2013077388,6,67,67301,2013,7,5,1741,17,1,1,0,4,1, , ,N,1,3,0,3,0,1,2,2,N,N,39 58:35.688,75 09:50.817,1747, ,1743, ,0, , , ,3, , , , , , , , , ,1,1,0,0,0,0,0,0,1,0,0,0,1,1,0,0,0,0,0,0,0,0,0,0,0,0,0,0,0,0,0,0,0,0,0,8,0,39.9766,-75.1641, , 
48427,563795,2013080008,6,67,67301,2013,7,6,1622,16,1,1,0,4,1, , ,N,1,2,0,3,0,1,3,2,N,N,40 02:50.956,75 05:30.725,1635, ,1632, ,0, ,N, ,3, , , , , , , , , ,2,2,0,0,0,0,0,0,0,0,0,1,1,0,0,0,0,0,0,0,1,0,0,1,0,0,0,0,0,0,0,0,0,0,0,4,0,40.0475,-75.0919, , 
48428,563812,2013088827,6,67,67301,2013,6,6,1356,13,1,1,0,0,1, , ,N,1,2,7,3,0,1,1,2,N,N,39 55:14.271,75 14:29.219,1356, ,1356,1,1,2,N, ,3,Y, , , , , , , , ,1,0,1,0,0,0,0,0,0,0,0,1,1,0,0,0,0,0,0,0,0,0,0,0,0,0,0,0,0,0,0,0,0,0,0,4,0,39.9206,-75.2414, , 
48429,563813,2013091540,6,67,67301,2013,9,3,127,1,3,1,0,5,1, , ,N,0,0,0,3,0,0,2,2,N,N,39 57:48.537,75 08:18.893,137, ,128,1,2,1,N, ,0,N, , , , , , , , ,2,1,0,0,0,0,1,0,0,0,0,0,0,0,0,0,0,0,0,0,0,0,0,0,0,0,0,0,0,0,0,0,0,0,0,0,0,39.9634,-75.1387, , 
48430,563832,2013084403,6,67,67301,2013,7,6,32,0,3,1,0,4,1, , ,N,1,3,1,3,0,3,5,2,N,N,39 58:14.108,75 09:03.120,32, ,32,2,1,4,N, ,3,N, , , , , , , , ,2,2,0,0,0,0,0,0,0,0,2,1,3,0,0,0,0,0,0,0,0,0,0,0,0,0,0,0,0,0,0,0,0,0,0,3,0,39.9705,-75.151, , 
48431,563835,2013086927,6,67,67301,2013,7,7,2244,22,3,2,1,1,1, , ,N,1,2,0,3,0,1,4,2,N,N,40 03:44.577,75 02:33.887,2320, ,2257,1,1,1,N, ,3,N, , , , , , , , ,2,2,0,0,0,0,0,0,0,0,0,1,1,0,0,0,0,0,0,0,0,0,0,0,0,0,0,0,0,0,0,0,0,0,0,4,0,40.0624,-75.0427, , 
48432,563836,2013086953,6,67,67301,2013,8,1,1606,16,1,1,0,1,1, , ,N,1,2,0,3,0,2,3,2,N,N,40 03:30.195,75 14:02.108,1623, ,1606, ,0, ,N, ,3, , , , , , , , , ,2,2,0,0,0,0,0,0,0,0,0,2,2,0,0,0,0,0,0,0,0,0,0,0,0,0,0,0,0,0,0,0,0,0,0,4,0,40.0584,-75.2339, , 
48433,563848,2013103992,6,67,67301,2013,9,5,1210,12,1,1,0,8,1, , ,N,1,2,0,3,0,1,2,2,N,N,39 57:22.420,75 09:45.641,1220, ,1215, ,0, ,N, ,3, , , , , , , , , ,1,0,0,0,1,0,0,0,0,0,0,1,1,0,0,0,0,0,0,0,0,0,0,0,0,0,0,0,0,0,0,0,1,0,0,4,0,39.9562,-75.1627, , 
48434,563852,2013109368,6,67,67301,2013,10,6,1445,14,1,1,0,4,1, , ,N,1,3,0,3,0,1,6,2,N,N,39 55:45.627,75 09:12.725,1500, ,1449, ,0, ,N, ,3, , , , , , , , , ,2,0,0,0,1,0,0,0,0,0,0,1,1,0,0,0,0,0,0,0,1,0,0,0,0,0,0,0,0,0,0,0,0,0,0,4,0,39.9293,-75.1535, , 
48435,563856,2013111875,6,67,67301,2013,10,6,2256,22,3,1,0,8,1, , ,N,0,0,0,3,1,0,2,2,N, ,40 01:01.534,75 09:30.895,2351, ,2345, ,0, , ,0,0, , , , , , , , , ,1,0,0,0,0,0,0,0,0,0,0,0,0,0,0,0,0,0,0,0,0,0,0,0,0,0,0,0,0,0,0,0,1,1,0,1,0,40.0171,-75.1586,2, 
48436,563872,2013053085,6,67,67301,2013,4,5,1200,12,1,1,0,8,1, , ,N,1,3,0,3,0,1,2,2,N,N,39 58:00.541,75 11:52.976,1400, ,1400, ,0, ,N, ,3, , , , , , , , , ,1,0,0,0,1,0,0,0,0,0,0,0,1,1,1,0,0,0,0,0,0,0,0,0,0,0,0,0,0,0,0,0,1,0,0,8,0,39.9668,-75.198, , 
48437,563873,2013053123,6,67,67301,2013,4,4,1640,16,1,1,0,5,1, , ,N,2,2,0,3,0,1,3,2,N,N,39 57:09.624,75 09:54.855,1646, ,1642, ,0, ,N, ,3, , , , , , , , , ,2,0,0,1,0,1,0,0,0,0,0,0,1,1,0,0,0,0,0,0,0,0,0,1,0,0,0,0,0,0,0,0,0,0,0,8,2,39.9527,-75.1652, , 
48438,563884,2013080433,6,67,67301,2013,6,1,1645,16,1,1,0,4,1, , ,N,2,0,0,3,0,1,3,2,N,N,39 57:15.535,75 08:23.018,1645, ,1645, ,0, ,N, ,0, , , , , , , , , ,2,0,0,0,0,0,1,1,0,0,0,1,1,0,0,0,0,0,0,0,1,0,0,0,0,0,0,0,0,0,0,0,0,0,0,4,0,39.9543,-75.1395, , 
48439,563895,2013093040,6,67,67301,2013,8,4,1735,17,1,1,0,4,1, , ,N,1,3,0,3,0,1,3,3,N,N,40 02:33.824,75 04:22.947,1751, ,1750, ,0, , , ,3, , , , , , , , , ,3,1,0,0,1,0,1,0,0,0,0,1,1,0,0,0,0,0,0,0,0,0,0,1,0,0,0,0,0,0,0,0,0,0,0,4,0,40.0427,-75.073, , 
48440,563904,2013101089,6,67,67301,2013,9,6,1710,17,1,1,0,4,1, , ,N,1,2,0,3,0,1,2,2,N,N,40 01:48.790,75 05:17.559,1710, ,1710,1,1,2,N, ,3,N, , , , , , , , ,2,1,0,0,0,0,0,1,0,0,0,1,1,0,0,0,0,0,0,0,0,0,0,0,0,0,0,0,0,0,0,0,0,0,0,4,0,40.0301,-75.0882, , 
48441,563911,2013106670,6,67,67301,2013,9,1,1824,18,4,1,0,8,1, , ,N,0,0,0,3,0,1,2,2,N,N,40 01:57.446,75 01:42.981,2011, ,1953, ,0, ,N, ,0, , , , , , , , , ,1,0,0,0,0,0,0,1,0,0,0,1,1,0,0,0,0,0,0,0,0,0,0,0,0,0,0,0,0,0,0,0,1,0,0,4,0,40.0326,-75.0286, , 
48442,558009,2013086804,6,67,67301,2013,7,4,2042,20,2,1,0,1,1, , ,N,2,2,7,3,0,1,2,2,N,N,39 56:00.741,75 12:55.882,2052, ,2052, ,0, ,N, ,3, , , , , , , , , ,2,1,1,0,0,0,0,0,0,0,0,0,1,1,0,0,0,0,0,1,0,0,0,0,0,0,0,0,0,0,0,0,0,0,0,8,0,39.9335,-75.2155, , 
48443,558010,2013086900,6,67,67301,2013,7,4,210,2,3,1,0,8,1, , ,N,1,2,0,3,0,1,2,2,N,N,40 00:47.439,75 04:13.514,217, ,211, ,0, ,N, ,3, , , , , , , , , ,1,1,0,0,0,0,0,0,0,0,0,1,1,0,0,0,0,0,0,0,0,0,0,0,0,0,0,0,0,0,0,0,1,0,0,4,0,40.0132,-75.0704, , 
48444,558011,2013086912,6,67,67301,2013,8,7,125,1,3,1,0,1,1, , ,N,1,2,0,3,0,0,3,2,N, ,39 54:51.468,75 10:18.968,134, ,131, ,0, , , ,3, , , , , , , , , ,2,2,0,0,0,0,0,0,0,0,0,0,0,0,1,0,0,0,0,0,0,0,0,0,0,0,0,0,0,0,0,0,0,0,0,9,0,39.9142,-75.1718, , 
48445,558022,2013096092,6,67,67301,2013,8,2,1749,17,1,1,0,6,1, , ,N,0,0,0,3,0,1,2,2,N, ,39 56:34.148,75 10:57.014,1753, ,1749, ,0, , , ,0, , , , , , , , , ,1,1,0,0,0,0,0,0,1,0,0,1,1,0,0,0,0,0,0,0,0,0,0,0,0,0,0,0,0,0,0,0,0,0,0,4,0,39.9428,-75.1825, , 
48446,558042,2013052999,6,67,67301,2013,4,6,2330,23,3,1,0,7,6, , ,N,0,0,0,3,0,1,1,1,N,N,40 03:27.170,75 09:49.240,2335, ,2335, ,0, ,N, ,0, , , , , , , , , ,1,1,0,0,0,0,0,0,0,0,0,1,1,0,0,0,0,0,0,0,1,0,0,0,0,0,0,0,0,0,0,0,0,0,0,4,0,40.0575,-75.1637, , 
48447,558043,2013053013,6,67,67301,2013,4,4,9999,99,1,1,0,1,1, , ,N,1,0,0,3,0,1,4,2,N,N,40 01:08.973,75 04:53.510,432, ,431, ,0, , , ,0, , , , , , , , , ,2,2,0,0,0,0,0,0,0,0,0,0,1,1,2,0,0,0,0,0,0,1,0,0,0,0,0,0,0,0,0,0,0,0,0,8,0,40.0191,-75.0815, , 
48448,558053,2013075115,6,67,67301,2013,7,1,157,1,6,1,0,5,1, , ,N,0,0,0,3,0,0,1,2,N,N,39 55:28.862,75 09:45.540,210, ,207,3,2,2,N, ,0,Y, , , , , , , , ,2,1,0,0,0,1,0,0,0,0,0,0,0,0,1,0,0,0,0,0,0,0,0,0,0,0,0,0,0,0,0,0,0,0,0,9,0,39.9247,-75.1627, , 
48449,558056,2013079598,6,67,67301,2013,7,1,1416,14,1,1,0,1,1, , ,N,0,0,0,3,0,1,5,2,N,N,39 56:31.369,75 09:10.677,1426, ,1425,1,1,3,N, ,0,N, , , , , , , , ,2,2,0,0,0,0,0,0,0,0,0,0,1,1,0,0,0,0,0,0,0,0,0,0,0,0,0,0,0,0,0,0,0,0,0,8,0,39.942,-75.153, , 
48450,558057,2013080010,6,67,67301,2013,7,7,1755,17,1,1,0,4,1, , ,N,1,3,0,3,0,2,3,2,N,N,40 01:08.120,75 02:58.216,1805, ,1756,1,1,4,N, ,3,N, , , , , , , , ,2,2,0,0,0,0,0,0,0,0,0,2,2,0,0,0,0,0,0,0,0,1,0,0,0,0,0,0,0,0,0,0,0,0,0,4,0,40.0189,-75.0495, , 
48451,558066,2013088105,6,67,67301,2013,8,7,500,5,3,1,0,4,1, , ,N,0,0,0,3,0,1,3,3,N,N,40 00:21.744,75 12:57.885,507, ,505,2,2,1,N, ,0,N, , , , , , , , ,3,1,0,0,0,0,2,0,0,0,1,0,1,0,0,0,0,0,0,0,0,0,0,0,0,0,0,0,0,0,0,0,0,0,0,3,0,40.006,-75.2161, , 
48452,558074,2013101277,6,67,67301,2013,9,6,1728,17,1,1,0,4,1, , ,N,2,3,0,3,0,0,4,2,N,N,39 57:09.709,75 12:19.637,1734, ,1734,2,1,4,N, ,3,Y, , , , , , , , ,2,2,0,0,0,0,0,0,0,0,0,0,0,0,0,0,0,0,0,0,0,0,0,0,0,0,0,0,0,0,0,0,0,0,0,0,0,39.9527,-75.2055, , 
48453,558114,2013084013,6,67,67301,2013,7,4,840,8,1,1,0,4,1, , ,N,1,2,0,3,0,1,2,2,N,N,39 57:26.654,75 09:25.623,849, ,847,2,1,1,N, ,3,N, , , , , , , , ,2,0,0,0,0,0,2,0,0,0,0,1,1,0,0,0,0,0,0,0,0,0,0,0,0,0,0,0,0,0,0,0,0,0,0,4,0,39.9574,-75.1571, , 
48454,558119,2013089318,6,67,67301,2013,9,5,737,7,1,1,0,1,1, , ,N,0,0,0,3,0,1,2,2,N,N,40 00:33.603,75 03:57.682,752, ,739, ,0, ,N, ,0, , , , , , , , , ,2,1,1,0,0,0,0,0,0,0,1,0,1,0,0,0,0,0,0,0,2,0,0,0,0,0,0,0,0,0,0,0,0,0,0,3,0,40.0093,-75.0662, , 
48455,558130,2013101121,6,67,67301,2013,9,3,1415,14,1,9,8,4,1, , ,N,1,0,0,3,0,1,2,2,N,N,39 55:43.881,75 10:42.707,9999, ,9999, ,0, ,N, ,0, , , , , , , , , ,1,0,0,0,0,0,0,0,1,0,0,1,1,0,0,0,0,0,0,0,0,0,0,0,0,0,0,0,0,0,0,0,0,0,0,4,0,39.9289,-75.1785, , 
48456,558131,2013101763,6,67,67301,2013,9,6,1845,18,1,1,0,8,1, , ,N,2,3,7,3,0,2,3,3,N,N,40 06:09.770,74 58:03.647,1852, ,1847, ,0, ,N, ,3, , , , , , , , , ,1,0,0,0,0,0,1,0,0,0,0,0,2,2,0,0,0,0,0,0,0,0,0,0,0,0,0,0,0,0,0,0,2,0,0,8,0,40.1027,-74.9677, , 
48457,558143,2013070033,6,67,67301,2013,6,6,1750,17,1,1,0,8,1, , ,N,0,0,0,3,0,1,2,2,N,N,40 01:23.804,75 03:41.551,1755, ,1753, ,0, , , ,0, , , , , , , , , ,1,1,0,0,0,0,0,0,0,0,0,1,1,0,0,0,0,0,0,0,0,0,0,0,0,0,0,0,0,0,0,0,1,0,0,4,0,40.0233,-75.0615, , 
48458,558144,2013070096,6,67,67301,2013,5,6,1703,17,1,1,0,3,1, , ,N,1,0,0,3,0,1,2,2,N, ,40 02:44.934,74 59:40.960,1724, ,1721, ,0, , , ,0, , , , , , , , , ,2,1,0,0,1,0,0,0,0,0,0,1,1,0,0,0,0,0,0,0,0,0,0,0,0,0,0,0,0,0,0,0,0,0,0,4,0,40.0458,-74.9947, , 
48459,558145,2013070385,6,67,67301,2013,6,6,1638,16,1,2,1,1,1, , ,N,5,2,0,3,0,1,4,2,N, ,40 03:22.262,75 01:41.903,1705, ,1702, ,0, , , ,3, , , , , , , , , ,2,1,0,0,1,0,0,0,0,0,0,0,1,1,0,0,0,0,0,0,0,0,0,0,0,0,0,0,0,0,0,0,0,0,0,8,0,40.0562,-75.0283, , 
48460,560931,2013058705,6,67,67301,2013,4,7,405,4,3,1,0,7,2,1,4,Y,0,0,0,3,0,0,1,1,N,N,39 53:58.895,75 09:43.813,427,50,408,2,1,1,N, ,0,N,N,N,N,N,Y,N,N,N,1,0,0,0,0,0,1,0,0,0,0,0,0,0,1,0,0,0,0,0,0,0,0,0,0,0,0,0,0,0,0,0,0,0,0,9,0,39.8997,-75.1622, , 
48461,560935,2013065027,6,67,67301,2013,6,6,2208,22,3,2,1,4,1, , ,N,0,0,0,3,0,0,2,2,N,N,39 57:28.227,75 08:28.644,2214, ,2210,1,2,2,N, ,0,N, , , , , , , , ,2,1,0,0,1,0,0,0,0,0,0,0,0,0,0,0,0,0,0,0,1,0,0,0,0,0,0,0,0,0,0,0,0,0,0,0,0,39.9579,-75.1413, , 
48462,560937,2013053053,6,67,67301,2013,4,5,9999,99,1,1,0,8,1, , ,N,0,0,0,3,0,1,2,2,N,N,39 59:02.076,75 10:30.543,9999, ,9999, ,0, ,N, ,0, , , , , , , , , ,1,0,0,0,0,0,0,0,0,0,0,0,1,1,0,0,0,0,0,0,0,0,0,0,0,0,0,0,0,0,0,0,1,0,0,8,0,39.9839,-75.1752, , 
48463,560955,2013077511,6,67,67301,2013,6,6,40,0,3,1,0,6,1, , ,N,0,0,0,3,0,0,6,2,N,N,40 03:03.037,75 00:35.460,100, ,51, ,0, ,N, ,0, , , , , , , , , ,2,2,0,0,0,0,0,0,0,0,0,0,0,0,0,0,1,0,0,0,0,0,0,0,0,0,0,0,0,0,0,0,0,0,0,0,0,40.0508,-75.0099, , 
48464,560956,2013079592,6,67,67301,2013,7,6,2201,22,3,1,0,7,5, , ,N,1,2,0,3,0,1,1,1,N,N,40 01:57.777,75 10:27.832,2240, ,2235, ,0, ,N, ,3, , , , , , , , , ,1,1,0,0,0,0,0,0,0,0,0,0,1,1,0,0,0,0,1,0,0,0,0,0,0,0,0,0,0,0,0,0,0,0,0,8,0,40.0327,-75.1744, , 
48465,560982,2013070398,6,67,67301,2013,6,6,0,0,3,2,1,4,1, , ,N,1,3,0,3,0,0,2,2,N,N,39 58:42.034,75 08:34.976,35, ,30, ,0, ,N, ,3, , , , , , , , , ,2,2,0,0,0,0,0,0,0,0,0,0,0,0,0,0,0,0,0,0,0,0,0,2,0,0,0,0,0,0,0,0,0,0,0,0,0,39.9783,-75.143, , 
48466,560983,2013070546,6,67,67301,2013,6,7,2319,23,3,1,0,4,1, , ,N,2,0,0,3,0,3,6,2,N,N,39 55:42.820,75 08:40.147,2335, ,2327,2,2,2,N, ,0,N, , , , , , , , ,2,1,0,0,0,0,1,0,0,0,0,3,3,0,0,0,0,0,0,0,1,0,0,0,0,0,0,0,0,0,0,0,0,0,0,4,0,39.9286,-75.1445, , 
48467,560986,2013062978,6,67,67301,2013,6,6,225,2,3,1,0,7,2, , ,N,0,0,0,3,0,1,1,1,N,N,39 53:32.928,75 13:31.710,244, ,225, ,0, ,N, ,0, , , , , , , , , ,1,0,0,0,0,0,1,0,0,0,0,1,1,0,0,0,0,0,0,0,0,0,0,0,0,0,0,0,0,0,0,0,0,0,0,4,0,39.8925,-75.2255, , 
48468,561018,2013101054,6,67,67301,2013,9,3,2105,21,3,1,0,8,1, , ,N,1,0,0,3,0,1,2,2,N,N,40 01:01.180,75 11:17.957,2109, ,2106, ,0, ,N, ,0, , , , , , , , , ,1,1,0,0,0,0,0,0,0,0,0,1,1,0,0,0,0,0,0,0,0,0,0,0,0,0,0,0,0,0,0,0,1,0,0,4,0,40.017,-75.1883, , 
48469,561019,2013101158,6,67,67301,2013,9,2,703,7,1,1,0,4,1, , ,N,0,0,7,3,0,0,3,2,N, ,40 04:05.055,74 58:49.711,726, ,719, ,0, , , ,0, , , , , , , , , ,2,1,0,0,0,0,1,0,0,0,0,0,0,0,0,0,0,0,0,0,1,0,0,0,0,0,0,0,0,0,0,0,0,0,0,0,0,40.0681,-74.9805, , 
48470,561020,2013101248,6,67,67301,2013,9,7,15,0,3,1,0,8,1, , ,N,1,3,0,3,0,1,4,2,N,N,39 58:46.587,75 09:54.116,16, ,16, ,0, ,N, ,3, , , , , , , , , ,1,1,0,0,0,0,0,0,0,0,0,0,1,1,0,0,0,0,0,0,0,0,0,0,0,0,0,0,0,0,0,0,1,0,0,8,0,39.9796,-75.165, , 
48471,561028,2013063443,6,67,67301,2013,5,3,1442,14,1,1,0,1,1, , ,N,0,0,0,3,0,1,6,4,N, ,40 00:36.139,75 11:10.750,1504, ,1452,1,2,2, , ,0,N, , , , , , , , ,4,3,0,0,1,0,0,0,0,0,1,0,1,0,0,0,0,0,0,0,2,0,0,0,0,0,0,0,0,0,0,0,0,0,0,3,0,40.01,-75.1863, , 
48472,561031,2013064099,6,67,67301,2013,6,6,1317,13,1,1,0,5,1, , ,N,0,0,0,3,0,1,2,2,N,N,40 01:34.956,75 01:35.816,1400, ,1324,2,1,1,N, ,0,N, , , , , , , , ,2,1,0,0,0,1,0,0,0,0,0,0,1,1,0,0,0,0,0,0,1,0,0,0,0,0,0,0,0,0,0,0,0,0,0,8,1,40.0263,-75.0268, , 
48473,561052,2013101053,6,67,67301,2013,9,6,1755,17,1,1,0,8,1, , ,N,3,4,0,3,0,1,2,2,N, ,40 01:11.366,75 11:29.821,1912, ,1909, ,0, ,N, ,3, , , , , , , , , ,1,1,0,0,0,0,0,0,0,0,0,1,1,0,1,0,0,0,0,0,0,0,0,0,0,0,0,0,0,0,0,0,1,0,0,4,0,40.0198,-75.1916, , 
48474,561053,2013101091,6,67,67301,2013,9,6,745,7,1,1,0,6,1, , ,N,1,2,0,3,0,2,3,2,N,N,40 02:46.150,75 04:44.993,751, ,749, ,0, ,N, ,3, , , , , , , , , ,2,2,0,0,0,0,0,0,0,0,0,2,2,0,0,0,0,0,0,0,0,1,0,0,0,0,0,0,0,0,0,0,0,0,0,4,0,40.0462,-75.0792, , 
48475,561060,2013103910,6,67,67301,2013,9,4,1553,15,1,1,0,5,1, , ,N,0,0,0,3,0,1,2,2,N, ,39 57:19.565,75 12:02.275,1555, ,1554, ,0, , , ,0, , , , , , , , , ,2,0,0,0,1,0,1,0,0,0,0,1,1,0,0,0,0,0,0,0,0,0,0,2,0,0,0,0,0,0,0,0,0,0,0,4,0,39.9554,-75.2006, , 
48476,561061,2013106702,6,67,67301,2013,9,6,2205,22,3,2,1,7,5, , ,N,1,2,0,3,0,1,2,2,N,N,39 57:28.586,75 09:50.892,2207, ,2205, ,0, ,N, ,3, , , , , , , , , ,1,1,0,0,0,0,0,0,0,0,1,0,1,0,0,0,0,0,0,0,1,0,0,0,0,0,0,0,0,0,0,0,0,0,0,3,0,39.9583,-75.1641, , 
48477,561066,2013109406,6,67,67301,2013,10,7,421,4,3,1,0,5,2, , ,N,1,2,0,3,0,0,2,2,N,N,40 01:44.450,75 08:02.954,450, ,421, ,0, ,N, ,3, , , , , , , , , ,2,2,0,0,0,0,0,0,0,0,0,0,0,0,2,0,0,0,0,0,0,0,0,0,0,0,0,0,0,0,0,0,0,0,0,9,0,40.029,-75.1342, , 
48478,561070,2013114105,6,67,67301,2013,11,5,1328,13,8,2,1,1,1, , ,N,0,0,0,3,0,0,4,3,N,N,39 57:25.483,75 09:07.968,1343, ,1333, ,0, ,N, ,0, , , , , , , , , ,3,1,0,0,1,0,0,1,0,0,0,0,0,0,0,0,0,0,0,0,1,0,0,2,0,0,0,0,0,0,0,0,0,0,0,0,0,39.9571,-75.1522, , 