objectid_1,objectid,crn,district,county,municipality,crash_year,crash_month,day_of_week,time_of_day,hour_of_day,illumination,weather,road_condition,collision_type,relation_to_road,work_zone_type,work_zone_loc,work_zone_ind,intersect_type,tcd_type,location_type,urban_rural,fatal_count,injury_count,person_count,total_units,sch_bus_ind,sch_zone_ind,latitude,longitude,arrival_tm,cons_zone_spd_lim,dispatch_tm,est_hrs_closed,lane_closed,ln_close_dir,ntfy_hiwy_maint,spec_juris_cd,tcd_func_cd,tfc_detour_ind,workers_pres,wz_close_detour,wz_flagger,wz_law_offcr_ind,wz_ln_closure,wz_moving,wz_other,wz_shlder_mdn,vehicle_count,automobile_count,motorcycle_count,bus_count,small_truck_count,heavy_truck_count,suv_count,van_count,bicycle_count,maj_inj_count,mod_inj_count,min_inj_count,tot_inj_count,unk_inj_deg_count,unk_inj_per_count,driver_count_16yr,driver_count_17yr,driver_count_18yr,driver_count_19yr,driver_count_20yr,driver_count_50_64yr,driver_count_65_74yr,driver_count_75plus,unbelted_occ_count,unb_death_count,unb_maj_inj_count,belted_death_count,belted_maj_inj_count,mcycle_death_count,mcycle_maj_inj_count,bicycle_death_count,bicycle_maj_inj_count,ped_count,ped_death_count,ped_maj_inj_count,max_severity_level,comm_veh_count,dec_lat,dec_long,rdwy_surf_type_cd,county_name
48479,566503,2013086740,6,67,67301,2013,8,5,1250,12,1,2,1,7,4, , ,N,0,0,0,3,0,2,3,1,N,N,39 58:13.396,75 11:23.103,1300, ,1257, ,0, ,N, ,0, , , , , , , , , ,1,1,0,0,0,0,0,0,0,0,0,0,2,2,0,0,0,0,0,0,0,0,0,0,0,0,0,0,0,0,0,0,0,0,0,8,0,39.9704,-75.1898, , 
48480,566522,2013065376,6,67,67301,2013,5,3,1641,16,1,2,1,4,1, , ,N,1,2,0,3,0,1,2,2,N,N,40 01:21.348,75 03:09.739,1652, ,1649, ,0, ,N, ,3, , , , , , , , , ,2,2,0,0,0,0,0,0,0,0,0,0,1,1,0,0,0,0,0,0,0,1,0,0,0,0,0,0,0,0,0,0,0,0,0,8,0,40.0226,-75.0527, , 
48481,566526,2013070430,6,67,67301,2013,6,6,1050,10,1,2,1,1,1, , ,N,0,0,0,3,0,2,2,2,N,N,40 03:27.565,75 12:00.115,1115, ,1108,3,1,5,N, ,0,Y, , , , , , , , ,2,1,0,0,0,0,1,0,0,0,2,0,2,0,0,0,0,0,0,0,0,1,0,0,0,0,0,0,0,0,0,0,0,0,0,3,0,40.0577,-75.2, , 
48482,566559,2013096070,6,67,67301,2013,8,5,9999,99,1,1,0,8,1, , ,N,0,0,0,3,0,1,2,2,N,N,40 03:16.567,75 04:50.358,547, ,543, ,0, , , ,0, , , , , , , , , ,1,0,0,0,1,0,0,0,0,0,0,0,1,1,0,0,0,0,0,0,1,0,0,0,0,0,0,0,0,0,0,0,1,0,0,8,0,40.0546,-75.0807, , 
48483,566574,2013050214,6,67,67301,2013,4,6,1345,13,1,2,1,8,1, , ,N,2,0,0,3,0,1,2,2,N,N,39 57:06.663,75 10:01.437,1405, ,1400,1,1,1,N, ,0,Y, , , , , , , , ,1,0,0,0,0,0,1,0,0,0,0,0,1,1,0,0,0,0,0,0,0,0,0,0,0,0,0,0,0,0,0,0,1,0,0,8,0,39.9519,-75.1671, , 
48484,566577,2013072210,6,67,67301,2013,6,3,1053,10,1,1,0,4,6, , ,N,0,0,0,3,0,2,2,3,N,N,39 58:36.933,75 09:47.667,1054, ,1053,2,2,2,N, ,0,Y, , , , , , , , ,3,2,0,0,1,0,0,0,0,0,0,2,2,0,0,0,0,0,0,0,0,0,0,0,0,0,0,0,0,0,0,0,0,0,0,4,0,39.9769,-75.1632, , 
48485,566595,2013086672,6,67,67301,2013,8,7,1343,13,1,1,0,4,1, , ,N,1,2,0,3,0,2,4,2,N,N,40 00:45.131,75 04:23.853,1400, ,1354, ,0, , , ,3, , , , , , , , , ,2,1,0,0,0,0,1,0,0,0,0,0,2,2,0,0,0,0,0,0,0,0,0,0,0,0,0,0,0,0,0,0,0,0,0,8,0,40.0125,-75.0733, , 
48486,566596,2013086735,6,67,67301,2013,7,1,35,0,3,2,1,4,1, , ,N,5,2,0,3,0,2,4,2,N,N,40 03:05.569,75 09:00.387,35, ,35, ,0, ,N, ,3, , , , , , , , , ,2,2,0,0,0,0,0,0,0,0,0,0,2,2,2,0,0,0,0,0,0,0,0,0,0,0,0,0,0,0,0,0,0,0,0,8,0,40.0515,-75.1501, , 
48487,566603,2013095980,6,67,67301,2013,8,3,605,6,3,2,1,8,1, , ,N,1,2,0,3,0,1,2,2,N,N,39 59:23.298,75 07:31.934,615, ,610, ,0, ,N, ,3, , , , , , , , , ,1,1,0,0,0,0,0,0,0,0,0,0,1,1,0,0,0,0,0,1,0,0,0,0,0,0,0,0,0,0,0,0,1,0,0,8,0,39.9898,-75.1255, , 
48488,566604,2013096458,6,67,67301,2013,8,7,735,7,1,1,0,8,1, , ,N,1,3,0,3,0,1,2,2,N,N,39 57:19.659,75 13:40.367,750, ,740, ,0, , , ,3, , , , , , , , , ,1,0,0,0,0,0,1,0,0,0,0,0,1,1,0,0,0,0,0,0,0,0,0,0,0,0,0,0,0,0,0,0,1,0,0,8,0,39.9555,-75.2279, , 
48489,566625,2013055449,6,67,67301,2013,5,1,2023,20,3,1,0,4,1, , ,N,0,0,0,3,0,1,3,2,N,N,40 02:28.445,75 06:42.418,2135, ,2133, ,0, ,N, ,0, , , , , , , , , ,2,2,0,0,0,0,0,0,0,0,1,0,1,0,0,0,0,0,0,0,0,0,0,0,0,0,0,0,0,0,0,0,0,0,0,3,0,40.0412,-75.1118, , 
48490,566639,2013074783,6,67,67301,2013,6,5,620,6,1,1,0,4,1, , ,N,1,3,0,3,0,1,2,2,N, ,40 02:33.824,75 04:22.947,625, ,621,9,1,4, , ,3,Y, , , , , , , , ,2,2,0,0,0,0,0,0,0,0,0,0,1,1,0,0,0,0,0,0,1,0,0,0,0,0,0,0,0,0,0,0,0,0,0,8,0,40.0427,-75.073, , 
48491,566650,2013084014,6,67,67301,2013,7,7,1600,16,1,1,0,5,6, , ,N,0,0,0,3,0,1,2,2,N,N,40 02:34.020,75 03:46.370,1800, ,800, ,0, ,N, ,0, , , , , , , , , ,2,1,0,0,1,0,0,0,0,0,1,0,1,0,0,0,0,0,0,0,0,0,0,0,0,0,0,0,0,0,0,0,0,0,0,3,0,40.0428,-75.0629, , 
48492,566656,2013086808,6,67,67301,2013,8,7,2328,23,3,1,0,1,1, , ,N,1,2,0,3,0,1,3,2,N, ,40 03:08.516,75 14:10.540,2334, ,2334, ,0, , , ,3, , , , , , , , , ,2,1,0,0,0,0,1,0,0,0,0,1,1,0,1,0,0,0,0,0,1,0,0,0,0,0,0,0,0,0,0,0,0,0,0,4,0,40.0524,-75.2363, , 
48493,566663,2013093137,6,67,67301,2013,8,7,1806,18,1,1,0,8,1, , ,N,0,0,7,3,0,1,3,3,N, ,40 05:13.943,74 58:20.349,1810, ,1808, ,0, , , ,0, , , , , , , , , ,1,1,0,0,0,0,0,0,0,0,0,0,1,1,0,0,0,0,0,0,0,0,0,0,0,0,0,0,0,0,0,0,2,0,0,8,0,40.0872,-74.9723, , 
48494,566664,2013093206,6,67,67301,2013,8,6,1141,11,1,1,0,6,1, , ,N,1,0,0,3,0,1,2,2,N, ,39 59:51.332,75 07:20.146,1141, ,1141,1,1,4, , ,0,N, , , , , , , , ,2,1,1,0,0,0,0,0,0,0,0,0,1,1,0,0,0,0,0,0,1,0,0,0,0,0,0,0,0,0,0,0,0,0,0,8,0,39.9976,-75.1223, , 
48495,566674,2013086848,6,67,67301,2013,7,6,1817,18,1,1,0,4,1, , ,N,2,2,0,3,0,1,2,2,N,N,39 56:37.703,75 14:45.142,1846, ,1843, ,0, ,N, ,3, , , , , , , , , ,2,2,0,0,0,0,0,0,0,0,0,0,1,1,0,0,0,0,0,0,1,0,0,0,0,0,0,0,0,0,0,0,0,0,0,8,0,39.9438,-75.2459, , 
48496,566689,2013110722,6,67,67301,2013,10,6,1345,13,1,1,0,4,1, , ,N,0,0,7,3,0,1,2,2,N,N,40 07:57.526,75 00:40.872,1435, ,1420, ,0, ,N, ,0, , , , , , , , , ,2,2,0,0,0,0,0,0,0,0,0,1,1,0,1,0,0,0,0,0,0,1,0,0,0,0,0,0,0,0,0,0,0,0,0,4,0,40.1326,-75.0114, , 
48497,563925,2013056779,6,46,46102,2013,6,2,1626,16,1,2,1,1,1, , ,N,0,0,0,3,0,0,3,3,N,N,40 03:09.234,75 06:02.487,1628, ,1626,1,1,4,N, ,0,N, , , , , , , , ,3,2,0,0,0,0,1,0,0,0,0,0,0,0,1,0,0,0,0,0,0,0,0,0,0,0,0,0,0,0,0,0,0,0,0,9,0,40.0526,-75.1007, , 
48498,563936,2013070519,6,67,67301,2013,5,6,2235,22,3,2,1,4,1, , ,N,1,2,0,3,0,4,4,2,N, ,40 05:29.578,74 57:56.181,2251, ,2244,1,1,2, , ,3,N, , , , , , , , ,2,2,0,0,0,0,0,0,0,0,0,1,4,3,0,0,0,0,0,0,0,0,0,0,0,0,0,0,0,0,0,0,0,0,0,4,0,40.0915,-74.9656, , 
48499,563946,2013077432,6,67,67301,2013,6,6,1659,16,1,2,1,4,1, , ,N,2,3,0,3,0,2,8,2,N, ,39 54:57.347,75 14:42.963,1735, ,1730, ,0, , , ,3, , , , , , , , , ,2,2,0,0,0,0,0,0,0,0,0,0,2,2,0,0,0,0,0,0,1,0,0,0,0,0,0,0,0,0,0,0,0,0,0,8,0,39.9159,-75.2453, , 
48500,563947,2013077509,6,67,67301,2013,7,3,1110,11,1,2,1,1,1, , ,N,1,2,0,3,0,2,4,2,N, ,40 01:17.505,75 03:06.381,1123, ,1117, ,0, , , ,3, , , , , , , , , ,2,1,0,0,0,0,0,1,0,0,0,2,2,0,0,0,0,0,0,0,1,0,0,0,0,0,0,0,0,0,0,0,0,0,0,4,0,40.0215,-75.0518, , 
48501,563949,2013079593,6,67,67301,2013,7,4,2055,20,3,1,0,4,1, , ,N,3,3,0,3,0,1,2,2,N,N,40 03:21.661,75 09:30.110,2101, ,2100, ,0, ,N, ,3, , , , , , , , , ,1,1,0,0,0,0,0,0,1,0,0,1,1,0,0,0,0,0,0,0,0,0,0,0,0,0,0,0,0,0,0,0,0,0,0,4,0,40.056,-75.1584, , 
48502,563950,2013080032,6,67,67301,2013,7,7,1015,10,1,1,0,6,1, , ,N,1,3,0,3,0,1,2,2,N, ,39 57:21.819,75 13:39.910,1025, ,1020, ,0, , , ,3, , , , , , , , , ,1,1,0,0,0,0,0,0,1,0,0,0,1,1,1,0,0,0,0,0,0,0,0,0,0,0,0,0,0,0,0,0,0,0,0,8,0,39.9561,-75.2278, , 
48503,563951,2013080799,6,67,67301,2013,8,1,125,1,3,1,0,4,1, , ,N,1,2,0,3,0,1,2,2,N,N,40 00:22.203,75 09:06.487,130, ,128, ,0, ,N, ,3, , , , , , , , , ,2,1,1,0,0,0,0,0,0,0,1,0,1,0,1,0,0,0,0,0,0,0,0,1,0,0,0,0,0,0,0,0,0,0,0,3,0,40.0062,-75.1518, , 
48504,563967,2013101011,6,67,67301,2013,9,5,1415,14,1,1,0,5,1, , ,N,1,2,0,3,0,1,2,2,N,N,39 57:18.608,75 11:54.435,1722, ,1722, ,0, ,N, ,3, , , , , , , , , ,1,0,0,0,0,0,1,0,1,0,0,1,1,0,0,0,0,0,0,0,0,0,0,0,0,0,0,0,0,0,0,0,0,0,0,4,0,39.9552,-75.1983, , 
48505,563970,2013062646,6,67,67301,2013,5,6,935,9,1,2,1,4,1, , ,N,1,2,0,3,0,0,3,2,N,N,40 04:29.716,75 12:16.494,943, ,939, ,0, ,N, ,3, , , , , , , , , ,2,1,0,0,1,0,0,0,0,0,0,0,0,0,0,0,0,0,0,0,0,0,0,0,0,0,0,0,0,0,0,0,0,0,0,0,0,40.0749,-75.2046, , 
48506,563972,2013065527,6,67,67301,2013,5,4,9999,99,1,1,0,1,1, , ,N,2,3,0,3,0,0,2,2,N, ,39 56:31.984,75 12:59.518,1216, ,1209, ,0, ,N, ,3, , , , , , , , , ,2,2,0,0,0,0,0,0,0,0,0,0,0,0,0,0,0,0,0,0,0,0,0,0,0,0,0,0,0,0,0,0,0,0,0,0,0,39.9422,-75.2165, , 
48507,563979,2013070528,6,67,67301,2013,6,3,1600,16,1,1,0,4,1, , ,N,1,2,0,3,0,1,2,2,N,N,40 07:44.528,75 01:30.881,1653, ,1653, ,0, ,N, ,3, , , , , , , , , ,2,2,0,0,0,0,0,0,0,0,0,0,1,1,0,0,0,0,0,0,0,1,0,0,0,0,0,0,0,0,0,0,0,0,0,8,0,40.129,-75.0252, , 
48508,563983,2013074696,6,67,67301,2013,6,4,9999,99,1,1,0,1,1, , ,N,0,0,7,3,0,0,2,2,N,N,40 00:35.212,75 11:55.724,1056, ,1048,1,1,2,N, ,0,N, , , , , , , , ,2,1,0,0,0,0,1,0,0,0,0,0,0,0,0,0,0,0,0,0,2,0,0,0,0,0,0,0,0,0,0,0,0,0,0,0,0,40.0098,-75.1988, , 
48509,563985,2013077523,6,67,67301,2013,7,2,2050,20,4,1,0,4,1, , ,N,2,3,0,3,0,1,2,2,N, ,40 02:32.017,75 03:30.751,2105, ,2051, ,0, , , ,3, , , , , , , , , ,2,1,1,0,0,0,0,0,0,0,1,0,1,0,0,0,0,1,0,0,0,0,0,0,0,0,0,0,0,0,0,0,0,0,0,3,0,40.0422,-75.0585, , 
48510,563994,2013097488,6,67,67301,2013,9,2,400,4,3,1,0,5,1, , ,N,0,0,0,3,0,2,3,2,N,N,39 57:08.556,75 10:56.091,405, ,401,2,2,3,N, ,0,Y, , , , , , , , ,2,1,0,0,0,0,1,0,0,0,0,0,2,2,0,0,0,0,1,0,1,0,0,0,0,0,0,0,0,0,0,0,0,0,0,8,0,39.9524,-75.1822, , 
48511,564005,2013104138,6,67,67301,2013,10,3,1835,18,3,1,0,1,1, , ,N,0,0,0,3,0,2,4,4,N,N,39 59:28.226,75 05:10.300,1905, ,1842,3,2,1,N, ,0,N, , , , , , , , ,4,2,0,0,1,0,1,0,0,0,0,1,2,1,0,0,0,0,0,0,2,0,0,0,0,0,0,0,0,0,0,0,0,0,0,4,0,39.9911,-75.0863, , 
48512,564014,2013111823,6,67,67301,2013,10,5,2020,20,3,1,2,7,5, , ,N,0,0,1,3,0,2,3,1,N,N,39 59:23.938,75 13:13.302,2058, ,2045, ,0, ,N, ,0, , , , , , , , , ,1,1,0,0,0,0,0,0,0,0,0,2,2,0,0,0,0,0,0,0,0,0,0,0,0,0,0,0,0,0,0,0,0,0,0,4,0,39.99,-75.2204, , 
48513,564016,2013055645,6,67,67301,2013,5,6,9999,99,1,1,0,1,1, , ,N,1,2,0,3,0,1,2,2,N,N,40 01:46.177,75 06:12.060,9999, ,9999, ,0, , , ,3, , , , , , , , , ,2,2,0,0,0,0,0,0,0,0,0,0,1,1,0,0,0,0,0,0,0,0,0,0,0,0,0,0,0,0,0,0,0,0,0,8,0,40.0296,-75.1039, , 
48514,564049,2013101167,6,67,67301,2013,9,2,1207,12,1,1,0,8,1, , ,N,0,0,0,3,0,1,2,2,N,N,40 02:30.865,75 00:45.461,1215, ,1208,9,1,2,N, ,0,N, , , , , , , , ,1,1,0,0,0,0,0,0,0,0,0,0,1,1,0,0,0,0,0,0,1,0,0,0,0,0,0,0,0,0,0,0,1,0,0,8,0,40.0419,-75.0126, , 
48515,558154,2013074800,6,67,67301,2013,6,4,803,8,1,1,0,1,1, , ,N,3,2,0,3,0,1,3,3,N,N,39 58:31.433,75 11:23.825,819, ,813, ,0, ,N, ,3, , , , , , , , , ,3,1,0,0,1,0,0,1,0,0,0,1,1,0,0,0,0,0,0,0,1,0,0,0,0,0,0,0,0,0,0,0,0,0,0,4,0,39.9754,-75.19, , 
48516,558159,2013080054,6,67,67301,2013,7,4,1553,15,1,1,0,4,1, , ,N,1,2,0,3,0,1,2,2,N,N,40 00:37.002,75 09:33.091,1610, ,1609,1,1,4,N, ,3,N, , , , , , , , ,2,2,0,0,0,0,0,0,0,0,0,1,1,0,1,0,0,0,0,0,1,0,0,0,0,0,0,0,0,0,0,0,0,0,0,4,0,40.0103,-75.1592, , 
48517,558160,2013080094,6,67,67301,2013,7,6,1753,17,1,1,0,5,1, , ,N,5,3,0,3,0,2,4,4,N,N,39 55:00.750,75 10:19.708,1759, ,1757,2,2,3,N, ,3,Y, , , , , , , , ,4,3,0,0,0,0,1,0,0,0,1,0,2,1,0,0,0,0,0,0,1,0,0,0,0,0,0,0,0,0,0,0,0,0,0,3,0,39.9169,-75.1721, , 
48518,558164,2013086683,6,67,67301,2013,7,7,1956,19,3,1,0,4,1, , ,N,0,0,0,3,0,1,2,2,N,N,39 55:17.427,75 10:12.857,1956, ,1954,1,1,1,N, ,0,Y, , , , , , , , ,1,1,0,0,0,0,0,0,1,0,1,0,1,0,0,0,0,0,0,0,0,0,0,0,0,0,0,0,0,0,0,0,0,0,0,3,0,39.9215,-75.1702, , 
48519,558165,2013086901,6,67,67301,2013,8,1,1030,10,1,1,0,6,1, , ,N,0,0,0,3,0,1,1,3,N,N,40 01:59.324,75 02:35.683,1037, ,1034,9,1,6, , ,0,N, , , , , , , , ,3,2,0,0,1,0,0,0,0,0,1,0,1,0,0,0,0,0,0,0,1,0,0,0,0,0,0,0,0,0,0,0,0,0,0,3,0,40.0331,-75.0432, , 
48520,558171,2013090852,6,67,67301,2013,8,6,123,1,3,1,0,7,2, , ,N,0,0,0,3,0,0,2,1,N,N,39 59:20.620,75 05:16.935,126, ,124,1,1,2,N, ,0,N, , , , , , , , ,1,1,0,0,0,0,0,0,0,0,0,0,0,0,0,0,0,0,0,0,0,0,0,0,0,0,0,0,0,0,0,0,0,0,0,0,0,39.9891,-75.088, , 
48521,558178,2013096053,6,67,67301,2013,8,7,355,3,3,1,0,2,1, , ,N,0,0,0,3,0,1,1,2,N, ,40 01:09.517,75 06:53.408,358, ,356, ,0, , , ,0, , , , , , , , , ,2,2,0,0,0,0,0,0,0,0,0,0,1,1,0,0,0,0,0,0,0,0,0,0,0,0,0,0,0,0,0,0,0,0,0,8,0,40.0193,-75.1148, , 
48522,558204,2013086747,6,67,67301,2013,7,3,1240,12,1,1,0,4,1, , ,N,2,2,0,3,0,1,3,2,N,N,39 58:28.752,75 07:18.052,1349, ,1348, ,0, ,N, ,3, , , , , , , , , ,2,0,0,0,0,1,1,0,0,0,0,1,1,0,0,0,0,0,0,0,0,0,1,0,0,0,0,0,0,0,0,0,0,0,0,4,1,39.9747,-75.1217, , 
48523,558205,2013086931,6,67,67301,2013,7,2,1230,12,1,1,0,8,1, , ,N,0,0,7,3,0,1,2,2,N,N,40 03:13.440,75 08:31.850,9999, ,1240, ,0, ,N, ,0, , , , , , , , , ,1,0,0,0,0,0,1,0,0,0,0,1,1,0,0,0,0,0,0,0,0,0,0,0,0,0,0,0,0,0,0,0,1,0,0,4,0,40.0537,-75.1422, , 
48524,558210,2013093122,6,67,67301,2013,8,4,317,3,3,1,0,0,1, , ,N,0,0,0,3,0,1,1,1,N,N,40 05:15.907,75 04:25.585,328, ,321, ,0, ,N, ,0, , , , , , , , , ,1,1,0,0,0,0,0,0,0,0,0,1,1,0,0,0,0,0,0,1,0,0,0,0,0,0,0,0,0,0,0,0,0,0,0,4,0,40.0878,-75.0738, , 
48525,558214,2013096131,6,67,67301,2013,8,6,9999,99,3,1,0,4,1, , ,N,2,2,0,3,0,1,2,2,N, ,39 58:02.175,75 10:16.852,2030, ,2025, ,0, , , ,3, , , , , , , , , ,2,0,1,0,0,0,1,0,0,0,0,0,1,1,0,0,0,0,0,0,1,0,0,0,0,0,0,0,0,0,0,0,0,0,0,8,0,39.9673,-75.1713, , 
48526,558227,2013109390,6,67,67301,2013,9,6,9999,99,3,1,0,7,5, , ,N,1,2,0,3,0,1,1,1,N,N,40 00:29.434,75 08:33.954,1953, ,1950,3,1,2,N, ,3,Y, , , , , , , , ,1,1,0,0,0,0,0,0,0,0,0,1,1,0,0,0,0,0,0,1,0,0,0,0,0,0,0,0,0,0,0,0,0,0,0,4,0,40.0082,-75.1428, , 
48527,558228,2013111857,6,67,67301,2013,10,4,825,8,1,1,0,1,6, , ,N,0,0,0,3,0,0,1,2,N, ,40 01:53.919,75 12:47.263,832, ,828, ,0, , , ,0, , , , , , , , , ,2,2,0,0,0,0,0,0,0,0,0,0,0,0,0,0,0,0,0,0,0,0,0,0,0,0,0,0,0,0,0,0,0,0,0,0,0,40.0316,-75.2131, , 
48528,558237,2013065359,6,67,67301,2013,5,7,2136,21,3,2,1,8,1,8,8,Y,2,0,0,3,0,1,2,2,N,N,39 54:37.227,75 10:34.795,2157,99,2152, ,0, ,N, ,0, ,U, , ,U, , , , ,1,1,0,0,0,0,0,0,0,0,0,1,1,0,0,0,0,0,0,0,1,0,0,0,0,0,0,0,0,0,0,0,1,0,0,4,0,39.9103,-75.1763, , 
48529,558243,2013074747,6,67,67301,2013,6,6,1735,17,1,2,1,4,1, , ,N,0,0,0,3,0,1,2,2,N, ,40 05:56.634,75 02:44.271,1755, ,1745,1,1,2, , ,0,N, , , , , , , , ,2,2,0,0,0,0,0,0,0,0,0,0,1,1,0,0,1,0,0,0,0,0,0,0,0,0,0,0,0,0,0,0,0,0,0,8,0,40.0991,-75.0456, , 
48530,558245,2013076174,6,67,67301,2013,7,2,953,9,1,1,0,4,1, , ,N,2,3,0,3,0,1,2,2,N,N,40 01:47.248,75 04:25.610,1036, ,1055,3,2,5,N, ,3,Y, , , , , , , , ,2,0,0,0,0,1,1,0,0,0,0,0,1,1,0,0,0,0,0,0,0,0,0,0,0,0,0,0,0,0,0,0,0,0,0,8,1,40.0297,-75.0737, , 
48531,558253,2013085068,6,67,67301,2013,8,7,2205,22,3,1,0,1,1, , ,N,0,0,0,3,0,1,5,3,N,N,39 55:39.692,75 10:08.022,2207, ,2205, ,0, ,N, ,0, , , , , , , , , ,3,2,0,0,0,0,1,0,0,0,0,0,1,1,0,0,0,0,0,0,0,0,0,0,0,0,0,0,0,0,0,0,0,0,0,8,0,39.9278,-75.1689, , 
48532,558262,2013096030,6,67,67301,2013,7,6,1120,11,1,1,0,5,1, , ,N,1,2,0,3,0,1,2,2,N, ,39 57:02.479,75 09:01.362,1127, ,1124, ,0, , , ,3, , , , , , , , , ,2,0,0,0,1,0,1,0,0,0,0,1,1,0,0,0,0,0,0,0,0,0,0,0,0,0,0,0,0,0,0,0,0,0,0,4,0,39.9507,-75.1504, , 
48533,561086,2013065465,6,67,67301,2013,5,3,810,8,1,1,0,8,1, , ,N,1,0,0,3,0,1,2,2,N,N,39 55:53.421,75 09:59.637,816, ,812, ,0, ,N, ,0, , , , , , , , , ,1,0,0,0,0,0,0,1,0,0,1,0,1,0,0,0,0,0,0,0,0,0,0,0,0,0,0,0,0,0,0,0,1,0,0,3,0,39.9315,-75.1666, , 
48534,561089,2013066738,6,67,67301,2013,3,5,9999,99,1,1,0,1,1, , ,N,2,3,0,3,0,1,2,2,N,N,40 00:42.487,75 08:03.551,0, ,0, ,0, ,N, ,3, , , , , , , , , ,2,2,0,0,0,0,0,0,0,0,0,0,1,1,1,0,0,0,0,0,0,0,0,0,0,0,0,0,0,0,0,0,0,0,0,8,0,40.0118,-75.1343, , 
48535,561097,2013079940,6,67,67301,2013,7,5,1640,16,1,1,0,4,1, , ,N,0,0,7,3,0,2,5,2,N, ,39 57:29.754,75 14:51.514,1645, ,1640,1,1,2, , ,0,N, , , , , , , , ,2,2,0,0,0,0,0,0,0,0,0,1,2,1,1,0,0,0,0,0,0,0,0,0,0,0,0,0,0,0,0,0,0,0,0,4,0,39.9583,-75.2476, , 
48536,561105,2013086539,6,67,67301,2013,8,2,1053,10,1,1,0,7,3, , ,N,0,0,0,3,0,1,1,1,N,N,39 58:40.103,75 06:43.092,1101, ,1055,1,1,2,N, ,0,N, , , , , , , , ,1,1,0,0,0,0,0,0,0,0,0,1,1,0,0,0,0,0,0,0,0,0,0,0,0,0,0,0,0,0,0,0,0,0,0,4,0,39.9778,-75.112, , 
48537,561106,2013086876,6,67,67301,2013,8,1,1655,16,1,1,0,0,1, , ,N,1,2,0,3,0,1,1,1,N, ,39 56:04.912,75 13:57.835,1710, ,1705, ,0, , , ,3, , , , , , , , , ,1,0,1,0,0,0,0,0,0,0,0,1,1,0,0,0,0,0,0,0,0,0,0,0,0,0,0,0,0,0,0,0,0,0,0,4,0,39.9347,-75.2327, , 
48538,561115,2013091204,6,67,67301,2013,9,2,1644,16,1,1,0,1,1, , ,N,0,0,0,3,0,1,2,2,N,N,39 58:52.531,75 06:10.615,1713, ,1652, ,0, ,N, ,0, , , , , , , , , ,2,2,0,0,0,0,0,0,0,0,0,0,1,1,0,0,0,0,0,0,0,0,0,0,0,0,0,0,0,0,0,0,0,0,0,8,0,39.9813,-75.1029, , 
48539,561144,2013087311,6,67,67301,2013,8,5,450,4,3,1,0,7,2,1,4,Y,0,0,0,3,0,0,1,1,N,N,39 58:06.070,75 07:46.758,505,45,451,1,1,2,N, ,0,N,N,N,N,N,Y,N,N,Y,1,0,0,0,0,0,1,0,0,0,0,0,0,0,0,0,0,0,0,0,0,0,0,0,0,0,0,0,0,0,0,0,0,0,0,0,0,39.9684,-75.1297, , 
48540,561163,2013111428,6,67,67301,2013,10,5,1845,18,3,1,1,0,1, , ,N,0,0,0,3,0,1,7,4,N,N,40 00:00.890,75 11:41.640,1845, ,1845,1,2,4,N, ,0,N, , , , , , , , ,4,4,0,0,0,0,0,0,0,0,1,0,1,0,0,0,0,0,0,0,0,0,0,1,0,0,0,0,0,0,0,0,0,0,0,3,0,40.0002,-75.1949, , 
48541,561172,2013070195,6,67,67301,2013,6,7,1113,11,1,1,0,4,1, , ,N,2,2,0,3,0,1,2,2,N,N,39 56:56.025,75 11:22.873,1114, ,1113, ,0, ,N, ,3, , , , , , , , , ,2,1,0,0,0,0,1,0,0,0,0,0,1,1,0,0,0,0,0,0,1,0,0,0,0,0,0,0,0,0,0,0,0,0,0,8,0,39.9489,-75.1897, , 
48542,561173,2013070372,6,67,67301,2013,6,1,1045,10,1,1,0,1,1, , ,N,1,2,0,3,0,2,5,2,N,N,39 56:26.991,75 10:21.593,1059, ,1058, ,0, ,N, ,3, , , , , , , , , ,2,1,0,0,1,0,0,0,0,0,0,2,2,0,0,0,0,0,0,0,0,0,0,0,0,0,0,0,0,0,0,0,0,0,0,4,0,39.9408,-75.1727, , 
48543,561190,2013062984,6,67,67301,2013,6,7,1731,17,1,1,0,1,1, , ,N,0,0,0,3,0,2,4,2,N,N,39 57:34.064,75 10:28.290,1755, ,1740,1,2,4,N, ,0,N, , , , , , , , ,2,1,0,0,0,0,0,1,0,0,0,0,2,2,0,0,0,0,0,0,0,0,0,0,0,0,0,0,0,0,0,0,0,0,0,8,0,39.9595,-75.1745, , 
48544,561195,2013070122,6,67,67301,2013,6,5,1548,15,1,1,0,4,1, , ,N,1,3,0,3,0,1,3,2,N,N,40 01:21.280,75 03:19.890,1600, ,1553, ,0, ,N, ,3, , , , , , , , , ,2,1,0,0,0,1,0,0,0,0,0,0,1,1,0,0,0,0,0,1,0,0,0,0,0,0,0,0,0,0,0,0,0,0,0,8,1,40.0226,-75.0555, , 
48545,561204,2013077382,6,67,67301,2013,6,1,9999,99,3,1,0,8,1, , ,N,1,2,0,3,0,1,2,2,N,N,39 55:21.975,75 14:18.329,105, ,54, ,0, ,N, ,3, , , , , , , , , ,1,1,0,0,0,0,0,0,0,0,0,1,1,0,0,0,0,0,0,0,1,0,0,1,0,0,0,0,0,0,0,0,1,0,0,4,0,39.9228,-75.2384, , 