objectid_1,objectid,crn,district,county,municipality,crash_year,crash_month,day_of_week,time_of_day,hour_of_day,illumination,weather,road_condition,collision_type,relation_to_road,work_zone_type,work_zone_loc,work_zone_ind,intersect_type,tcd_type,location_type,urban_rural,fatal_count,injury_count,person_count,total_units,sch_bus_ind,sch_zone_ind,latitude,longitude,arrival_tm,cons_zone_spd_lim,dispatch_tm,est_hrs_closed,lane_closed,ln_close_dir,ntfy_hiwy_maint,spec_juris_cd,tcd_func_cd,tfc_detour_ind,workers_pres,wz_close_detour,wz_flagger,wz_law_offcr_ind,wz_ln_closure,wz_moving,wz_other,wz_shlder_mdn,vehicle_count,automobile_count,motorcycle_count,bus_count,small_truck_count,heavy_truck_count,suv_count,van_count,bicycle_count,maj_inj_count,mod_inj_count,min_inj_count,tot_inj_count,unk_inj_deg_count,unk_inj_per_count,driver_count_16yr,driver_count_17yr,driver_count_18yr,driver_count_19yr,driver_count_20yr,driver_count_50_64yr,driver_count_65_74yr,driver_count_75plus,unbelted_occ_count,unb_death_count,unb_maj_inj_count,belted_death_count,belted_maj_inj_count,mcycle_death_count,mcycle_maj_inj_count,bicycle_death_count,bicycle_maj_inj_count,ped_count,ped_death_count,ped_maj_inj_count,max_severity_level,comm_veh_count,dec_lat,dec_long,rdwy_surf_type_cd,county_name
48546,561213,2013083990,6,67,67301,2013,6,1,1300,13,1,1,0,7,5, , ,N,0,0,0,3,0,1,1,1,N, ,40 02:41.946,75 13:28.779,9999, ,9999, ,0, , , ,0, , , , , , , , , ,1,1,0,0,0,0,0,0,0,0,0,0,1,1,0,0,0,0,0,0,0,0,1,0,0,0,0,0,0,0,0,0,0,0,0,8,0,40.045,-75.2247, , 
48547,561241,2013106600,6,67,67301,2013,10,5,1635,16,1,1,0,4,1, , ,N,1,2,0,3,0,0,2,2,N,N,40 06:18.581,75 01:58.245,1657, ,1655, ,0, ,N, ,3, , , , , , , , , ,2,2,0,0,0,0,0,0,0,0,0,0,0,0,0,0,0,0,0,0,0,1,0,0,0,0,0,0,0,0,0,0,0,0,0,0,0,40.1052,-75.0328, , 
48548,561259,2013128386,6,67,67301,2013,12,7,2033,20,3,3,4,7,2, , ,N,0,0,0,3,0,0,1,1,N,N,39 53:19.239,75 13:05.548,2052, ,2035,1,2,1,N, ,0,N, , , , , , , , ,1,1,0,0,0,0,0,0,0,0,0,0,0,0,0,0,0,0,0,0,0,0,0,0,0,0,0,0,0,0,0,0,0,0,0,0,0,39.8887,-75.2182, , 
48549,561268,2013070138,6,67,67301,2013,6,3,815,8,1,1,0,5,1, , ,N,0,0,0,3,0,1,3,2,N,N,40 02:18.795,75 01:07.849,835, ,830, ,0, ,N, ,0, , , , , , , , , ,2,2,0,0,0,0,0,0,0,0,0,1,1,0,0,0,0,0,0,0,1,0,0,0,0,0,0,0,0,0,0,0,0,0,0,4,0,40.0386,-75.0188, , 
48550,561270,2013070308,6,67,67301,2013,5,4,1300,13,1,1,0,1,1, , ,N,1,2,0,3,0,2,3,2,N,N,39 56:24.885,75 10:04.702,1340, ,1333, ,0, ,N, ,3, , , , , , , , , ,2,2,0,0,0,0,0,0,0,0,0,0,2,2,0,0,0,0,0,0,0,0,0,2,0,0,0,0,0,0,0,0,0,0,0,8,0,39.9402,-75.168, , 
48551,561272,2013080098,6,67,67301,2013,7,7,650,6,1,1,0,1,6, , ,N,0,0,0,3,0,0,3,3,N,N,39 57:20.448,75 12:09.480,655, ,655, ,0, ,N, ,0, , , , , , , , , ,3,3,0,0,0,0,0,0,0,0,0,0,0,0,0,0,0,0,0,0,1,0,0,0,0,0,0,0,0,0,0,0,0,0,0,0,0,39.9557,-75.2027, , 
48552,566693,2013111890,6,67,67301,2013,10,7,1404,14,1,1,0,1,1, , ,N,1,2,0,3,0,2,4,2,N, ,39 59:51.784,75 07:23.658,1540, ,1540, ,0, , , ,3, , , , , , , , , ,2,2,0,0,0,0,0,0,0,0,0,0,2,2,0,0,0,0,0,0,1,0,0,0,0,0,0,0,0,0,0,0,0,0,0,8,0,39.9977,-75.1232, , 
48553,566694,2013112786,6,67,67301,2013,11,3,1755,17,3,1,0,1,1, , ,N,0,0,0,3,0,1,3,3,N,N,40 03:14.969,74 59:09.192,1825, ,1759, ,0, ,N, ,0, , , , , , , , , ,3,0,0,0,0,0,3,0,0,0,0,1,1,0,0,0,0,0,0,0,0,0,0,0,0,0,0,0,0,0,0,0,0,0,0,4,0,40.0542,-74.9859, , 
48554,566708,2013124663,6,67,67301,2013,11,6,1215,12,1,2,1,6,1, , ,N,0,0,0,3,0,2,4,2,N, ,39 58:16.488,75 11:24.456,1235, ,1224,2,2,1, , ,0,Y, , , , , , , , ,2,1,0,0,1,0,0,0,0,0,0,1,2,1,0,0,0,0,0,0,0,0,0,4,0,0,0,0,0,0,0,0,0,0,0,4,0,39.9712,-75.1901, , 
48555,566712,2013130087,6,67,67301,2013,11,2,1600,16,1,1,0,1,1, , ,N,0,0,7,3,0,1,4,2,N,N,39 55:04.790,75 12:35.911,1620, ,1618, ,0, ,N, ,0, , , , , , , , , ,2,0,0,0,1,0,1,0,0,0,0,1,1,0,0,0,0,0,0,0,1,1,0,0,0,0,0,0,0,0,0,0,0,0,0,4,0,39.918,-75.21, , 
48556,566718,2013065309,6,67,67301,2013,5,3,2050,20,3,1,0,1,1, , ,N,1,2,0,3,0,2,3,2,N,N,39 59:27.397,75 06:05.681,2130, ,2124, ,0, ,N, ,3, , , , , , , , , ,2,0,0,0,1,0,1,0,0,0,0,0,2,2,0,0,0,0,0,0,0,0,0,0,0,0,0,0,0,0,0,0,0,0,0,8,0,39.9909,-75.1016, , 
48557,566727,2013073318,6,67,67301,2013,7,4,1229,12,1,1,0,1,1, , ,N,0,0,0,3,0,0,3,2,N,N,39 58:36.494,75 11:52.399,1232, ,1229, ,0, ,N, ,0, , , , , , , , , ,2,2,0,0,0,0,0,0,0,0,0,0,0,0,0,0,1,0,0,0,0,0,0,0,0,0,0,0,0,0,0,0,0,0,0,0,0,39.9768,-75.1979, , 
48558,566732,2013079553,6,67,67301,2013,7,5,9999,99,1,2,1,1,1, , ,N,0,0,0,3,0,1,2,2,N, ,40 01:37.200,75 05:21.738,915, ,910, ,0, , , ,0, , , , , , , , , ,2,1,0,0,0,0,1,0,0,0,0,1,1,0,0,0,0,1,0,0,0,0,0,0,0,0,0,0,0,0,0,0,0,0,0,4,0,40.0271,-75.0893, , 
48559,566733,2013080068,6,67,67301,2013,7,7,839,8,1,1,0,7,4, , ,N,0,0,1,3,0,1,1,1,N,N,39 59:24.070,75 07:31.050,855, ,850, ,0, ,N, ,0, , , , , , , , , ,1,1,0,0,0,0,0,0,0,0,0,1,1,0,0,0,0,0,0,0,0,0,0,0,0,0,0,0,0,0,0,0,0,0,0,4,0,39.99,-75.1253, , 
48560,566749,2013103959,6,67,67301,2013,9,5,2007,20,3,1,0,8,1, , ,N,1,2,0,3,0,1,2,2,N, ,40 02:16.960,75 13:21.542,2009, ,2009, ,0, , , ,3, , , , , , , , , ,1,0,0,0,1,0,0,0,0,0,1,0,1,0,0,0,0,0,0,0,0,0,0,0,0,0,0,0,0,0,0,0,1,0,0,3,0,40.038,-75.2227, , 
48561,566750,2013104036,6,67,67301,2013,8,7,2359,23,3,1,0,8,1, , ,N,0,0,0,3,1,0,3,2,N,N,39 58:16.941,75 13:35.308,5, ,2, ,0, ,N,0,0, , , , , , , , , ,1,1,0,0,0,0,0,0,0,0,0,0,0,0,0,0,0,0,0,0,0,0,0,0,0,0,0,0,0,0,0,0,1,1,0,1,0,39.9714,-75.2265,2, 
48562,566753,2013106604,6,67,67301,2013,9,1,5,0,3,2,1,8,1, , ,N,1,2,0,3,0,1,2,2,N,N,39 57:14.798,75 11:22.991,13, ,8, ,0, ,N, ,3, , , , , , , , , ,1,1,0,0,0,0,0,0,0,0,0,1,1,0,0,0,0,0,1,0,0,0,0,0,0,0,0,0,0,0,0,0,1,0,0,4,0,39.9541,-75.1897, , 
48563,566766,2013065329,6,67,67301,2013,5,6,1429,14,1,1,0,8,1, , ,N,1,2,0,3,0,1,2,2,N,N,39 56:43.472,75 10:47.006,9999, ,1434, ,0, ,N, ,3, , , , , , , , , ,1,0,0,0,0,0,0,1,0,0,0,1,1,0,0,0,0,0,0,0,1,0,0,0,0,0,0,0,0,0,0,0,1,0,0,4,0,39.9454,-75.1797, , 
48564,566797,2013122936,6,67,67301,2013,11,2,1442,14,1,1,0,7,5, , ,N,0,0,0,3,0,1,1,1,N, ,40 00:48.330,75 07:19.927,1445, ,1443,9,2,6, , ,0,Y, , , , , , , , ,1,0,0,0,1,0,0,0,0,0,0,1,1,0,0,0,0,0,0,0,0,0,0,0,0,0,0,0,0,0,0,0,0,0,0,4,0,40.0134,-75.1222, , 
48565,566806,2013130053,6,67,67301,2013,11,5,1330,13,1,1,0,8,2, , ,N,0,0,7,3,0,1,2,2,N, ,39 57:04.459,75 10:38.196,2020, ,2015, ,0, , , ,0, , , , , , , , , ,1,0,0,0,0,0,0,0,0,0,0,1,1,0,0,0,0,0,0,0,0,0,0,0,0,0,0,0,0,0,0,0,1,0,0,4,0,39.9512,-75.1773, , 
48566,566834,2013080036,6,67,67301,2013,7,6,2350,23,3,1,0,1,1, , ,N,2,2,0,3,0,0,5,3,N,N,39 56:24.382,75 12:02.446,8, ,7, ,0, ,N, ,3, , , , , , , , , ,3,2,0,0,0,0,1,0,0,0,0,0,0,0,0,0,0,0,0,0,1,0,0,0,0,0,0,0,0,0,0,0,0,0,0,0,0,39.9401,-75.2007, , 
48567,566835,2013080423,6,67,67301,2013,7,3,2210,22,3,1,0,4,1, , ,N,2,3,0,3,0,3,3,2,N,N,39 59:29.871,75 13:41.095,2239, ,2229,2,1,3,N, ,3,N, , , , , , , , ,2,1,0,0,0,0,0,1,0,0,0,3,3,0,0,0,0,0,0,0,0,0,0,0,0,0,0,0,0,0,0,0,0,0,0,4,0,39.9916,-75.2281, , 
48568,566860,2013070341,6,67,67301,2013,6,5,2040,20,4,1,1,8,1, , ,N,0,0,0,3,0,1,2,2,N,N,40 01:36.796,75 08:13.128,2043, ,2041, ,0, ,N, ,0, , , , , , , , , ,1,0,0,0,0,0,0,1,0,0,0,1,1,0,0,0,0,0,0,0,0,0,0,0,0,0,0,0,0,0,0,0,1,0,0,4,0,40.0269,-75.137, , 
48569,566866,2013065428,6,67,67301,2013,5,3,1715,17,1,1,0,4,1, , ,N,1,3,0,3,0,1,2,2,N, ,39 57:31.482,75 08:43.587,1750, ,1735, ,0, , , ,3, , , , , , , , , ,2,2,0,0,0,0,0,0,0,0,0,1,1,0,0,0,0,0,0,0,1,0,0,0,0,0,0,0,0,0,0,0,0,0,0,4,0,39.9587,-75.1454, , 
48570,564068,2013055539,6,67,67301,2013,5,3,1350,13,1,2,1,4,1, , ,N,0,0,7,3,0,1,2,2,N,N,40 00:59.603,75 08:58.740,1438, ,1430, ,0, ,N, ,0, , , , , , , , , ,2,2,0,0,0,0,0,0,0,0,0,0,1,1,0,0,0,0,0,0,0,0,0,0,0,0,0,0,0,0,0,0,0,0,0,8,0,40.0166,-75.1497, , 
48571,564069,2013057465,6,67,67301,2013,5,4,835,8,1,1,0,1,1, , ,N,0,0,0,3,0,0,3,3,N,N,39 58:54.529,75 12:26.049,838, ,838, ,0, ,N, ,0, , , , , , , , , ,3,3,0,0,0,0,0,0,0,0,0,0,0,0,0,0,0,0,0,0,1,0,0,0,0,0,0,0,0,0,0,0,0,0,0,0,0,39.9818,-75.2072, , 
48572,564072,2013070524,6,67,67301,2013,5,6,1900,19,1,1,0,4,1, , ,N,7,0,2,3,0,5,5,2,N,N,40 05:09.676,74 58:12.680,1903, ,1901,1,1,3,N, ,0,N, , , , , , , , ,2,1,0,0,0,0,0,1,0,0,0,5,5,0,0,0,0,0,0,0,0,0,0,0,0,0,0,0,0,0,0,0,0,0,0,4,0,40.086,-74.9702, , 
48573,564076,2013077520,6,67,67301,2013,7,4,1301,13,1,2,1,7,5, , ,N,0,0,0,3,0,1,1,1,N,N,40 03:05.728,75 08:54.656,1314, ,1305, ,0, ,N, ,0, , , , , , , , , ,1,1,0,0,0,0,0,0,0,0,1,0,1,0,0,0,0,0,0,0,0,0,0,0,0,0,0,0,0,0,0,0,0,0,0,3,0,40.0516,-75.1485, , 
48574,564092,2013093035,6,67,67301,2013,8,6,1435,14,1,1,0,4,1, , ,N,1,3,0,3,0,1,3,2,N, ,40 01:58.504,75 04:33.304,1518, ,1510, ,0, , , ,3, , , , , , , , , ,1,1,0,0,0,0,0,0,1,0,0,0,1,1,0,0,0,0,0,0,1,0,0,0,0,0,0,0,0,0,0,0,0,0,0,8,0,40.0329,-75.0759, , 
48575,564102,2013103961,6,67,67301,2013,9,7,2345,23,3,2,1,7,2, , ,N,0,0,0,3,0,1,1,1,N,N,40 01:00.876,75 12:08.927,2354, ,2352, ,0, ,N, ,0, , , , , , , , , ,1,1,0,0,0,0,0,0,0,0,0,1,1,0,0,0,0,1,0,0,0,0,0,0,0,0,0,0,0,0,0,0,0,0,0,4,0,40.0169,-75.2025, , 
48576,564112,2013063072,6,67,67301,2013,6,5,1240,12,1,1,0,2,1, , ,N,1,2,0,3,0,1,3,2,N,N,39 58:41.518,75 09:14.922,1245, ,1240, ,0, ,N, ,3, , , , , , , , , ,2,1,0,0,0,0,1,0,0,0,0,1,1,0,0,0,0,0,0,0,0,0,1,0,0,0,0,0,0,0,0,0,0,0,0,4,0,39.9781,-75.1541, , 
48577,564117,2013065334,6,67,67301,2013,5,4,1025,10,1,7,0,1,1, , ,N,0,0,0,3,0,0,2,2,N, ,40 02:19.295,75 06:34.922,1030, ,1028, ,0, , , ,0, , , , , , , , , ,2,1,0,0,0,0,1,0,0,0,0,0,0,0,0,0,0,0,0,0,0,0,0,1,0,0,0,0,0,0,0,0,0,0,0,0,0,40.0387,-75.1097, , 
48578,564224,2013084398,6,67,67301,2013,7,4,1259,12,1,1,0,4,1, , ,N,2,0,0,3,0,1,3,3,N, ,39 54:51.547,75 09:05.490,1310, ,1308, ,0, , , ,0, , , , , , , , , ,3,2,0,0,0,0,1,0,0,0,1,0,1,0,0,0,0,0,0,0,0,1,0,0,0,0,0,0,0,0,0,0,0,0,0,3,0,39.9142,-75.1515, , 
48579,564234,2013091679,6,67,67301,2013,9,6,1445,14,1,8,0,4,1, , ,N,1,3,0,3,0,1,2,2,N,N,39 58:47.067,75 09:13.733,1445, ,1445, ,0, ,N, ,3, , , , , , , , , ,1,0,0,0,0,0,1,0,1,0,0,1,1,0,0,0,0,0,0,0,0,0,0,0,0,0,0,0,0,0,0,0,0,0,0,4,0,39.9797,-75.1538, , 
48580,564260,2013055844,6,67,67301,2013,5,1,1410,14,1,1,0,6,1, , ,N,0,0,0,3,0,1,2,2,N,N,39 58:51.177,75 11:55.353,1420, ,1415,1,1,5,N, ,0,N, , , , , , , , ,2,1,0,0,1,0,0,0,0,0,0,1,1,0,0,0,0,0,0,1,0,0,0,0,0,0,0,0,0,0,0,0,0,0,0,4,0,39.9809,-75.1987, , 
48581,564269,2013070516,6,67,67301,2013,5,6,2105,21,3,1,0,1,1, , ,N,1,3,0,3,0,1,2,2,N,N,40 03:23.708,75 01:42.215,2210, ,2206, ,0, , , ,3, , , , , , , , , ,2,2,0,0,0,0,0,0,0,0,0,0,1,1,0,0,0,0,0,0,0,0,0,0,0,0,0,0,0,0,0,0,0,0,0,8,0,40.0564,-75.0284, , 
48582,564274,2013077379,6,67,67301,2013,7,5,1705,17,1,1,0,2,1, , ,N,2,3,0,3,0,4,6,2,N,N,40 00:59.443,75 05:28.193,1735, ,730, ,0, ,N, ,3, , , , , , , , , ,2,2,0,0,0,0,0,0,0,0,0,4,4,0,0,0,0,0,0,0,2,0,0,0,0,0,0,0,0,0,0,0,0,0,0,4,0,40.0165,-75.0912, , 
48583,564296,2013109438,6,67,67301,2013,9,4,1800,18,1,1,0,8,1, , ,N,2,3,0,3,0,1,2,2,N, ,39 59:54.020,75 07:05.707,1810, ,1802, ,0, , , ,3, , , , , , , , , ,1,1,0,0,0,0,0,0,0,0,0,0,1,1,0,0,0,0,0,0,0,0,0,0,0,0,0,0,0,0,0,0,1,0,0,8,0,39.9983,-75.1183, , 
48584,564299,2013112349,6,67,67301,2013,10,5,1442,14,1,2,1,4,1, , ,N,1,3,0,3,0,0,2,2,N,N,39 57:57.538,75 10:20.416,1516, ,1513, ,0, ,N, ,3, , , , , , , , , ,2,2,0,0,0,0,0,0,0,0,0,0,0,0,0,0,0,0,0,0,0,1,0,0,0,0,0,0,0,0,0,0,0,0,0,0,0,39.966,-75.1723, , 
48585,564318,2013065284,6,67,67301,2013,5,6,1520,15,1,1,0,4,1, , ,N,2,3,0,3,0,1,2,2,N,N,39 58:30.493,75 14:51.021,1545, ,1540,2,1,3,N, ,3,Y, , , , , , , , ,2,2,0,0,0,0,0,0,0,0,0,1,1,0,0,0,0,0,0,0,0,0,0,0,0,0,0,0,0,0,0,0,0,0,0,4,0,39.9751,-75.2475, , 
48586,564344,2013101118,6,67,67301,2013,9,2,1908,19,1,1,0,8,1, , ,N,0,0,0,3,1,0,2,2,N, ,40 00:28.172,75 04:29.634,1910, ,1908, ,0, , ,0,0, , , , , , , , , ,1,1,0,0,0,0,0,0,0,0,0,0,0,0,0,0,0,0,0,0,0,0,0,0,0,0,0,0,0,0,0,0,1,1,0,1,0,40.0078,-75.0749,2, 
48587,564374,2013070550,6,67,67301,2013,6,6,1535,15,1,1,0,8,2, , ,N,0,0,0,3,0,1,2,2,N,N,40 01:43.965,75 09:47.284,1538, ,1538, ,0, ,N, ,0, , , , , , , , , ,1,1,0,0,0,0,0,0,0,0,0,0,1,1,0,0,0,0,0,0,0,0,0,0,0,0,0,0,0,0,0,0,1,0,0,8,0,40.0289,-75.1631, , 
48588,558270,2013105332,6,67,67301,2013,9,3,1625,16,1,1,0,7,5, , ,N,0,3,0,3,0,0,3,2,N,N,39 58:57.342,75 14:35.098,1627, ,1625, ,0, ,N, ,3, , , , , , , , , ,2,2,0,0,0,0,0,0,0,0,0,0,0,0,0,0,0,0,0,0,0,0,0,0,0,0,0,0,0,0,0,0,0,0,0,0,0,39.9826,-75.2431, , 
48589,558281,2013111907,6,67,67301,2013,10,4,1836,18,4,1,0,1,1, , ,N,0,2,0,3,0,4,6,2,N,N,40 00:03.236,75 06:00.109,1843, ,1842, ,0, , , ,3, , , , , , , , , ,2,1,0,0,0,0,0,1,0,0,0,1,4,3,2,0,0,0,0,1,1,0,0,0,0,0,0,0,0,0,0,0,0,0,0,4,0,40.0009,-75.1, , 
48590,558296,2013062590,6,67,67301,2013,5,1,915,9,1,1,0,1,1, , ,N,0,0,0,3,0,1,2,2,N, ,40 00:30.275,75 10:21.622,1605, ,1556, ,0, , , ,0, , , , , , , , , ,2,2,0,0,0,0,0,0,0,0,0,0,1,1,1,0,0,0,0,0,0,0,0,0,0,0,0,0,0,0,0,0,0,0,0,8,0,40.0084,-75.1727, , 
48591,558315,2013086180,6,67,67301,2013,8,5,1825,18,1,1,0,8,1, , ,N,1,2,0,3,0,1,2,2,N,N,40 04:44.472,75 10:26.371,1832, ,1830, ,0, ,N, ,3, , , , , , , , , ,1,1,0,0,0,0,0,0,0,0,0,1,1,0,0,0,0,0,0,0,0,0,0,0,0,0,0,0,0,0,0,0,1,0,0,4,0,40.079,-75.174, , 
48592,558331,2013050209,6,67,67301,2013,4,1,1327,13,1,1,0,8,1, , ,N,1,2,0,3,0,1,2,2,N,N,39 58:02.906,75 10:51.624,1338, ,1333,1,1,3,N, ,3,Y, , , , , , , , ,1,1,0,0,0,0,0,0,0,0,0,1,1,0,0,0,0,0,0,1,0,0,0,0,0,0,0,0,0,0,0,0,1,0,0,4,0,39.9675,-75.181, , 
48593,558334,2013053121,6,67,67301,2013,4,7,1353,13,1,1,0,4,1, , ,N,1,2,0,3,0,0,4,2,N,N,39 57:26.251,75 14:52.347,1406, ,1403, ,0, ,N, ,3, , , , , , , , , ,2,1,1,0,0,0,0,0,0,0,0,0,0,0,0,0,0,0,0,0,0,0,0,0,0,0,0,0,0,0,0,0,0,0,0,0,0,39.9573,-75.2479, , 
48594,558343,2013066784,6,67,67301,2013,2,7,400,4,6,1,0,4,1, , ,N,1,9,0,3,0,1,2,3,N,N,40 00:46.291,75 04:18.659,0, ,0, ,0, ,N, ,9, , , , , , , , , ,3,0,0,0,1,0,1,0,0,0,1,0,1,0,1,0,0,0,0,0,0,0,0,0,0,0,0,0,0,0,0,0,0,0,0,3,0,40.0129,-75.0718, , 
48595,558356,2013077249,6,67,67301,2013,7,2,300,3,3,1,7,7,4,1,8,Y,0,0,0,3,0,0,1,1,N,N,40 00:54.719,75 03:14.718,311,45,301,1,1,2,N, ,0,N,N,N,N,N,N,N,N,Y,1,0,0,0,0,0,1,0,0,0,0,0,0,0,0,0,0,0,0,0,0,0,0,0,0,0,0,0,0,0,0,0,0,0,0,0,0,40.0152,-75.0541, , 
48596,558370,2013093575,6,67,67301,2013,8,7,33,0,3,1,0,4,1, , ,N,1,2,0,3,0,4,4,2,N,N,40 01:55.785,75 05:03.553,37, ,33,1,1,2,N, ,3,Y, , , , , , , , ,2,2,0,0,0,0,0,0,0,0,0,0,4,4,0,0,0,0,0,0,0,0,0,0,0,0,0,0,0,0,0,0,0,0,0,8,0,40.0322,-75.0841, , 
48597,558375,2013096433,6,67,67301,2013,8,5,2109,21,3,1,0,1,2, , ,N,0,0,0,3,0,1,1,3,N,N,39 55:23.552,75 13:27.170,2111, ,2111,2,1,2,N, ,0,Y, , , , , , , , ,3,3,0,0,0,0,0,0,0,0,0,0,1,1,0,0,0,0,0,0,0,0,0,0,0,0,0,0,0,0,0,0,0,0,0,8,0,39.9232,-75.2242, , 
48598,558379,2013056373,6,67,67301,2013,6,1,200,2,3,1,0,5,6, , ,N,0,0,0,3,0,0,1,3,N,N,39 58:52.050,75 09:38.577,206, ,206,1,2,1,N, ,0,Y, , , , , , , , ,3,3,0,0,0,0,0,0,0,0,0,0,0,0,0,0,0,0,0,0,0,0,0,0,0,0,0,0,0,0,0,0,0,0,0,0,0,39.9811,-75.1607, , 
48599,558394,2013023531,6,67,67301,2013,1,2,2250,22,6,2,1,7,5, , ,N,2,3,0,3,0,0,3,1,N,N,40 00:12.427,75 08:34.022,2250, ,2250, ,0, ,N, ,3, , , , , , , , , ,1,1,0,0,0,0,0,0,0,0,0,0,0,0,0,0,0,0,0,0,0,0,0,0,0,0,0,0,0,0,0,0,0,0,0,0,0,40.0035,-75.1428, , 
48600,558417,2013047211,6,67,67301,2013,4,3,1500,15,1,1,0,1,1, , ,N,1,2,0,3,0,0,2,2,N,N,39 57:01.144,75 09:56.951,1520, ,1505, ,0, ,N, ,3, , , , , , , , , ,2,1,0,0,0,0,1,0,0,0,0,0,0,0,0,0,0,0,0,0,0,1,0,0,0,0,0,0,0,0,0,0,0,0,0,0,0,39.9503,-75.1658, , 
48601,558421,2013050279,6,67,67301,2013,4,1,30,0,3,1,0,6,1, , ,N,1,2,0,3,0,1,4,2,N,N,40 03:33.971,75 05:09.267,45, ,40, ,0, ,N, ,3, , , , , , , , , ,2,0,0,0,0,0,2,0,0,0,0,1,1,0,0,0,0,0,0,0,0,0,0,0,0,0,0,0,0,0,0,0,0,0,0,4,0,40.0594,-75.0859, , 
48602,558432,2013012099,6,67,67301,2013,1,1,1110,11,1,1,0,1,1, , ,N,1,2,0,3,0,1,3,3,N,N,40 04:16.241,75 02:17.269,1135, ,1130, ,0, ,N, ,3, , , , , , , , , ,3,2,0,0,0,0,1,0,0,0,0,1,1,0,1,0,0,0,0,0,1,0,0,0,0,0,0,0,0,0,0,0,0,0,0,4,0,40.0712,-75.0381, , 
48603,558440,2013070933,6,67,67301,2013,6,1,103,1,3,1,0,6,1, , ,N,1,3,0,3,0,1,3,2,N,N,40 00:30.528,75 06:31.319,110, ,105, ,0, ,N, ,3, , , , , , , , , ,2,2,0,0,0,0,0,0,0,0,0,0,1,1,0,0,0,0,0,0,0,0,0,0,0,0,0,0,0,0,0,0,0,0,0,8,0,40.0085,-75.1087, , 
48604,558450,2013079666,6,67,67301,2013,8,2,1529,15,1,1,0,1,1, , ,N,0,0,0,3,0,1,2,2,N,N,39 53:56.974,75 10:28.999,1544, ,1530,1,1,2,N, ,0,N, , , , , , , , ,2,1,1,0,0,0,0,0,0,0,0,0,1,1,1,0,0,0,0,0,1,0,0,0,0,0,0,0,0,0,0,0,0,0,0,8,0,39.8992,-75.1747, , 
48605,558467,2013101148,6,67,67301,2013,8,6,1850,18,1,1,0,4,1, , ,N,0,0,0,3,0,1,2,2,N,N,39 59:22.956,75 08:44.894,1852, ,1850, ,0, ,N, ,0, , , , , , , , , ,1,1,0,0,0,0,0,0,1,0,0,1,1,0,0,0,0,0,0,0,0,0,0,1,0,0,0,0,0,0,0,0,0,0,0,4,0,39.9897,-75.1458, , 
48606,561274,2013084011,6,67,67301,2013,7,6,1750,17,1,1,0,2,1, , ,N,1,3,0,3,0,1,4,2,N,N,39 58:35.875,75 08:30.026,9999, ,9999, ,0, ,N, ,3, , , , , , , , , ,2,2,0,0,0,0,0,0,0,0,1,0,1,0,0,0,0,0,0,0,0,1,0,1,0,0,0,0,0,0,0,0,0,0,0,3,0,39.9766,-75.1417, , 
48607,561283,2013092424,6,67,67301,2013,9,2,1605,16,1,1,0,5,1, , ,N,1,0,0,3,0,2,2,2,N, ,40 00:35.396,75 10:00.737,1619, ,1619, ,0, , , ,0, , , , , , , , , ,2,0,0,1,0,0,1,0,0,0,0,0,2,2,0,0,0,0,0,0,0,0,0,0,0,0,0,0,0,0,0,0,0,0,0,8,1,40.0098,-75.1669, , 
48608,561295,2013100984,6,67,67301,2013,9,5,1004,10,1,1,0,4,1, , ,N,1,2,0,3,0,0,2,2,N,N,40 01:47.231,75 05:16.817,1005, ,1005, ,0, ,N, ,3, , , , , , , , , ,2,1,0,0,0,0,1,0,0,0,0,0,0,0,0,0,0,0,0,0,0,0,0,0,0,0,0,0,0,0,0,0,0,0,0,0,0,40.0298,-75.088, , 
48609,561296,2013101247,6,67,67301,2013,8,3,1907,19,1,1,0,5,1, , ,N,0,0,0,3,0,1,4,2,N, ,39 55:34.266,75 11:37.579,1910, ,1908, ,0, , , ,0, , , , , , , , , ,2,1,0,0,0,0,1,0,0,0,0,1,1,0,0,0,0,0,0,0,0,0,0,0,0,0,0,0,0,0,0,0,0,0,0,4,0,39.9262,-75.1938, , 
48610,561310,2013122976,6,67,67301,2013,11,6,9,0,3,1,0,5,6, , ,N,0,0,0,3,0,0,1,3,N,N,39 55:20.938,75 09:54.964,17, ,13, ,0, ,N, ,0, , , , , , , , , ,3,3,0,0,0,0,0,0,0,0,0,0,0,0,0,0,0,0,0,0,0,0,0,0,0,0,0,0,0,0,0,0,0,0,0,0,0,39.9225,-75.1653, , 
48611,561318,2013070472,6,67,67301,2013,6,7,2330,23,3,1,0,4,1, , ,N,2,0,0,3,0,1,2,2,N,N,40 01:14.653,75 08:02.151,17, ,9,1,1,2,N, ,0,N, , , , , , , , ,2,2,0,0,0,0,0,0,0,0,0,1,1,0,0,0,0,0,0,0,1,0,0,0,0,0,0,0,0,0,0,0,0,0,0,4,0,40.0207,-75.1339, , 
48612,561321,2013070129,6,67,67301,2013,6,7,1724,17,1,1,0,1,1, , ,N,0,0,0,3,0,1,2,2,N,N,40 03:17.912,75 07:32.063,1736, ,1730, ,0, ,N, ,0, , , , , , , , , ,2,1,0,0,0,0,1,0,0,0,0,1,1,0,0,0,0,0,0,0,1,0,0,1,0,0,0,0,0,0,0,0,0,0,0,4,0,40.055,-75.1256, , 
48613,561329,2013077527,6,67,67301,2013,6,6,1600,16,4,1,0,8,1, , ,N,0,0,0,3,0,1,2,2,N,N,39 57:30.347,75 13:28.988,1906, ,1906, ,0, ,N, ,0, , , , , , , , , ,1,1,0,0,0,0,0,0,0,0,0,0,1,1,0,0,0,0,0,0,1,0,0,1,0,0,0,0,0,0,0,0,1,0,0,8,0,39.9584,-75.2247, , 