objectid_1,objectid,crn,district,county,municipality,crash_year,crash_month,day_of_week,time_of_day,hour_of_day,illumination,weather,road_condition,collision_type,relation_to_road,work_zone_type,work_zone_loc,work_zone_ind,intersect_type,tcd_type,location_type,urban_rural,fatal_count,injury_count,person_count,total_units,sch_bus_ind,sch_zone_ind,latitude,longitude,arrival_tm,cons_zone_spd_lim,dispatch_tm,est_hrs_closed,lane_closed,ln_close_dir,ntfy_hiwy_maint,spec_juris_cd,tcd_func_cd,tfc_detour_ind,workers_pres,wz_close_detour,wz_flagger,wz_law_offcr_ind,wz_ln_closure,wz_moving,wz_other,wz_shlder_mdn,vehicle_count,automobile_count,motorcycle_count,bus_count,small_truck_count,heavy_truck_count,suv_count,van_count,bicycle_count,maj_inj_count,mod_inj_count,min_inj_count,tot_inj_count,unk_inj_deg_count,unk_inj_per_count,driver_count_16yr,driver_count_17yr,driver_count_18yr,driver_count_19yr,driver_count_20yr,driver_count_50_64yr,driver_count_65_74yr,driver_count_75plus,unbelted_occ_count,unb_death_count,unb_maj_inj_count,belted_death_count,belted_maj_inj_count,mcycle_death_count,mcycle_maj_inj_count,bicycle_death_count,bicycle_maj_inj_count,ped_count,ped_death_count,ped_maj_inj_count,max_severity_level,comm_veh_count,dec_lat,dec_long,rdwy_surf_type_cd,county_name
48614,561341,2013086731,6,67,67301,2013,7,6,2109,21,3,1,0,4,1, , ,N,3,2,0,3,0,3,4,2,N,N,39 58:31.433,75 11:23.825,2116, ,2116,3,1,6,N, ,3,Y, , , , , , , , ,2,2,0,0,0,0,0,0,0,0,0,0,3,3,0,0,0,0,0,0,2,0,0,0,0,0,0,0,0,0,0,0,0,0,0,8,0,39.9754,-75.19, , 
48615,561350,2013095976,6,67,67301,2013,8,4,9999,99,1,1,0,5,1, , ,N,0,0,0,3,0,1,1,3,N, ,40 00:13.280,75 07:58.616,1749, ,1739, ,0, , , ,0, , , , , , , , , ,3,1,1,0,0,0,0,1,0,0,1,0,1,0,0,0,0,0,0,0,0,0,0,0,0,0,0,0,0,0,0,0,0,0,0,3,0,40.0037,-75.1329, , 
48616,561354,2013097182,6,67,67301,2013,9,2,800,8,1,1,0,1,1, , ,N,0,0,0,3,0,2,4,3,N,N,39 59:01.939,75 09:01.602,803, ,800,1,1,3,N, ,0,N, , , , , , , , ,3,2,0,0,0,0,1,0,0,0,2,0,2,0,0,0,0,0,0,0,0,1,0,0,0,0,0,0,0,0,0,0,0,0,0,3,0,39.9839,-75.1504, , 
48617,561368,2013055900,6,67,67301,2013,5,7,1820,18,1,2,1,4,1, , ,N,1,2,0,3,0,2,4,2,N,N,39 59:39.677,75 09:28.125,1850, ,1849,2,1,1,N, ,3,Y, , , , , , , , ,2,1,0,0,0,0,1,0,0,0,0,2,2,0,0,0,0,0,0,0,1,0,0,0,0,0,0,0,0,0,0,0,0,0,0,4,0,39.9943,-75.1577, , 
48618,561400,2013086974,6,67,67301,2013,7,3,1835,18,1,1,0,8,1, , ,N,0,0,0,3,0,1,2,2,N,N,40 03:09.608,75 03:48.970,1836, ,1835, ,0, ,N, ,0, , , , , , , , , ,1,1,0,0,0,0,0,0,0,0,0,0,1,1,0,0,0,0,0,0,0,0,0,0,0,0,0,0,0,0,0,0,1,0,0,8,0,40.0527,-75.0636, , 
48619,561415,2013051126,6,67,67301,2013,4,4,2245,22,3,1,0,1,1, , ,N,1,2,0,3,0,2,2,2,N,N,39 59:03.239,75 05:56.509,2305, ,2300, ,0, , , ,3, , , , , , , , , ,2,1,0,0,0,0,0,1,0,0,0,0,2,2,0,0,0,0,0,0,0,0,0,0,0,0,0,0,0,0,0,0,0,0,0,8,0,39.9842,-75.099, , 
48620,561424,2013068714,6,67,67301,2013,7,5,653,6,1,1,0,7,2, , ,N,0,0,0,3,0,1,1,1,N,N,39 57:29.985,75 09:55.610,659, ,655,2,2,4,N, ,0,N, , , , , , , , ,1,1,0,0,0,0,0,0,0,0,1,0,1,0,0,0,0,0,0,0,0,0,0,1,0,0,0,0,0,0,0,0,0,0,0,3,0,39.9583,-75.1654, , 
48621,561427,2013070554,6,67,67301,2013,6,6,1125,11,1,2,1,7,5, , ,N,0,0,0,3,0,0,1,1,N,N,40 01:10.998,75 08:53.926,1136, ,1129,1,1,2,N, ,0,N, , , , , , , , ,1,0,0,0,0,0,1,0,0,0,0,0,0,0,0,0,0,0,0,0,1,0,0,0,0,0,0,0,0,0,0,0,0,0,0,0,0,40.0197,-75.1483, , 
48622,561440,2013080027,6,67,67301,2013,7,1,948,9,1,1,0,4,1, , ,N,1,2,0,3,0,1,4,2,N,N,39 57:50.569,75 11:29.777,950, ,950,1,1,2,N, ,3,N, , , , , , , , ,2,2,0,0,0,0,0,0,0,0,0,0,1,1,0,0,0,0,0,0,0,0,0,0,0,0,0,0,0,0,0,0,0,0,0,8,0,39.964,-75.1916, , 
48623,561443,2013083837,6,67,67301,2013,8,6,1258,12,1,1,0,1,1,1,4,Y,0,8,0,3,0,1,6,3,N,N,40 01:42.920,75 01:22.739,1306,55,1258,1,1,1,N, ,3,Y,Y,N,N,N,Y,N,N,Y,3,0,0,0,1,1,0,1,0,0,0,0,1,1,0,0,0,0,0,0,1,0,0,0,0,0,0,0,0,0,0,0,0,0,0,8,1,40.0284,-75.0232, , 
48624,566867,2013065529,6,67,67301,2013,6,7,9999,99,3,1,0,4,1, , ,N,0,0,0,3,0,0,1,3,N,N,40 00:47.619,75 09:27.497,40, ,47,3,2,4,N, ,0,Y, , , , , , , , ,3,2,0,0,0,0,1,0,0,0,0,0,0,0,0,0,0,0,0,0,0,0,0,0,0,0,0,0,0,0,0,0,0,0,0,0,0,40.0132,-75.1576, , 
48625,566876,2013077540,6,67,67301,2013,6,3,1430,14,1,2,1,1,1, , ,N,2,2,0,3,0,2,3,2,N,N,40 02:44.449,75 00:58.925,1430, ,1430, ,0, ,N, ,3, , , , , , , , , ,2,2,0,0,0,0,0,0,0,0,0,2,2,0,0,0,0,0,0,0,0,0,0,0,0,0,0,0,0,0,0,0,0,0,0,4,0,40.0457,-75.0164, , 
48626,566900,2013101720,6,67,67301,2013,9,2,10,0,3,1,0,5,6, , ,N,0,0,0,3,0,0,1,4,N, ,40 02:08.357,75 13:02.768,12, ,12, ,0, , , ,0, , , , , , , , , ,4,1,0,0,1,0,2,0,0,0,0,0,0,0,0,0,0,0,0,0,1,0,0,0,0,0,0,0,0,0,0,0,0,0,0,0,0,40.0357,-75.2174, , 
48627,566901,2013103990,6,67,67301,2013,9,7,748,7,1,1,0,2,1, , ,N,3,0,0,3,0,2,4,2,N,N,40 01:04.618,75 03:04.984,828, ,823, ,0, ,N, ,0, , , , , , , , , ,2,2,0,0,0,0,0,0,0,0,0,2,2,0,0,0,0,0,0,0,0,0,0,0,0,0,0,0,0,0,0,0,0,0,0,4,0,40.0179,-75.0514, , 
48628,566908,2013055406,6,67,67301,2013,5,2,1510,15,1,1,0,4,2, , ,N,0,0,0,3,0,2,2,3,N,N,40 03:54.626,75 03:01.090,1520, ,1515,2,1,3,N, ,0,N, , , , , , , , ,3,2,0,0,1,0,0,0,0,0,0,0,2,2,0,0,0,0,0,0,0,0,0,0,0,0,0,0,0,0,0,0,0,0,0,8,0,40.0652,-75.0503, , 
48629,566909,2013055432,6,67,67301,2013,4,2,1450,14,1,1,0,4,1, , ,N,0,0,7,3,0,1,2,2,N, ,40 04:23.854,75 02:02.211,1535, ,1525, ,0, , , ,0, , , , , , , , , ,2,2,0,0,0,0,0,0,0,0,0,1,1,0,1,0,0,0,0,0,0,0,0,0,0,0,0,0,0,0,0,0,0,0,0,4,0,40.0733,-75.0339, , 
48630,566917,2013063669,6,67,67301,2013,6,5,1655,16,1,1,0,1,1, , ,N,0,0,0,3,0,1,2,2,N,N,39 58:28.359,75 11:38.932,1655, ,1655, ,0, ,N, ,0, , , , , , , , , ,2,2,0,0,0,0,0,0,0,0,0,1,1,0,0,0,0,0,0,0,1,0,0,0,0,0,0,0,0,0,0,0,0,0,0,4,0,39.9745,-75.1941, , 
48631,566927,2013074773,6,67,67301,2013,6,4,1839,18,1,1,0,8,1, , ,N,1,4,6,3,0,1,2,2,N,N,40 02:10.346,75 03:51.114,1846, ,1841,1,1,1,N, ,3,Y, , , , , , , , ,1,1,0,0,0,0,0,0,0,0,0,0,1,1,0,0,0,0,0,0,1,0,0,0,0,0,0,0,0,0,0,0,1,0,0,8,0,40.0362,-75.0642, , 
48632,566938,2013086873,6,67,67301,2013,8,2,2120,21,3,1,0,4,1, , ,N,1,2,0,3,0,2,3,2,N,N,39 57:39.360,75 14:42.201,2122, ,2121,3,2,3,N, ,3,Y, , , , , , , , ,2,2,0,0,0,0,0,0,0,0,0,0,2,2,1,0,0,0,0,0,0,0,0,1,0,0,0,0,0,0,0,0,0,0,0,8,0,39.9609,-75.2451, , 
48633,566949,2013101007,6,67,67301,2013,9,3,1722,17,1,1,0,8,1, , ,N,2,2,7,3,0,1,2,2,N, ,40 00:30.383,75 10:13.649,1726, ,1725, ,0, , , ,3, , , , , , , , , ,1,1,0,0,0,0,0,0,0,0,0,1,1,0,0,0,0,0,0,0,0,0,0,0,0,0,0,0,0,0,0,0,1,0,0,4,0,40.0084,-75.1704, , 
48634,566955,2013070401,6,67,67301,2013,6,4,235,2,3,1,0,1,1,8,8,Y,0,0,0,3,0,0,1,3,N,N,39 58:54.487,75 08:45.945,2250,99,245, ,0, ,N, ,0, ,U,U,U,U,U,U,U,U,3,2,0,0,0,0,1,0,0,0,0,0,0,0,0,0,0,0,0,0,0,0,0,0,0,0,0,0,0,0,0,0,0,0,0,0,0,39.9818,-75.1461, , 
48635,566956,2013070416,6,67,67301,2013,5,1,207,2,3,2,1,4,1, , ,N,0,0,0,3,0,1,3,4,N,N,40 03:43.304,75 01:41.318,212, ,207,2,2,6, , ,0,Y, , , , , , , , ,4,2,0,0,1,0,0,1,0,0,0,0,1,1,0,0,0,0,1,0,0,0,0,1,0,0,0,0,0,0,0,0,0,0,0,8,0,40.062,-75.0281, , 
48636,566957,2013072551,6,67,67301,2013,7,4,900,9,1,1,0,4,1, , ,N,1,2,0,3,0,0,3,2,N,N,39 58:41.518,75 09:14.922,905, ,904, ,0, ,N, ,3, , , , , , , , , ,2,1,0,0,0,0,1,0,0,0,0,0,0,0,0,0,0,0,0,0,2,0,0,0,0,0,0,0,0,0,0,0,0,0,0,0,0,39.9781,-75.1541, , 
48637,566961,2013066834,6,67,67301,2013,5,6,1030,10,1,1,0,1,1, , ,N,1,2,0,3,0,1,3,2,N,N,40 01:36.153,75 07:02.268,0, ,0, ,0, ,N, ,3, , , , , , , , , ,2,1,0,0,0,0,0,0,0,0,0,1,1,0,0,0,0,0,0,0,1,0,0,0,0,0,0,0,0,0,0,0,0,0,0,4,0,40.0267,-75.1173, , 
48638,566982,2013098428,6,67,67301,2013,9,5,715,7,1,1,0,4,1, , ,N,1,2,0,3,0,1,2,2,N, ,39 54:42.724,75 10:21.917,734, ,729,1,1,2, , ,3,N, , , , , , , , ,2,1,0,0,1,0,0,0,0,0,0,1,1,0,0,0,0,0,0,0,0,0,0,1,0,0,0,0,0,0,0,0,0,0,0,4,0,39.9119,-75.1728, , 
48639,567011,2013065405,6,67,67301,2013,5,1,1200,12,1,2,1,8,1, , ,N,1,2,0,3,0,1,3,2,N,N,39 58:39.896,75 10:23.203,1213, ,1210, ,0, , , ,3, , , , , , , , , ,1,1,0,0,0,0,0,0,0,0,0,1,1,0,0,0,0,0,0,0,0,0,0,0,0,0,0,0,0,0,0,0,1,0,0,4,0,39.9777,-75.1731, , 
48640,567013,2013065974,6,67,67301,2013,5,4,114,1,3,1,0,4,1, , ,N,1,2,0,3,0,1,4,3,N,N,39 57:16.601,75 09:53.486,118, ,115,3,2,6,N, ,3,N, , , , , , , , ,3,2,0,0,0,0,0,1,0,0,0,0,1,1,0,0,0,0,0,0,0,0,0,0,0,0,0,0,0,0,0,0,0,0,0,8,0,39.9546,-75.1649, , 
48641,567018,2013070553,6,67,67301,2013,6,6,1130,11,1,1,0,8,1, , ,N,1,2,0,3,0,1,2,2,N, ,39 57:12.784,75 09:22.668,1145, ,1144, ,0, , , ,3, , , , , , , , , ,1,0,0,0,0,0,0,1,0,0,0,0,1,1,0,0,0,0,0,0,0,0,0,1,0,0,0,0,0,0,0,0,1,0,0,8,0,39.9536,-75.1563, , 
48642,564378,2013073722,6,67,67301,2013,7,6,2300,23,3,1,0,1,1, , ,N,1,2,0,3,0,2,4,3,N,N,40 04:51.033,75 12:09.605,15, ,7,3,1,1,N, ,3,N, , , , , , , , ,3,3,0,0,0,0,0,0,0,0,0,2,2,0,0,0,0,0,0,0,1,0,0,0,0,0,0,0,0,0,0,0,0,0,0,4,0,40.0808,-75.2027, , 
48643,564382,2013079957,6,67,67301,2013,7,6,1700,17,1,2,1,8,1, , ,N,1,3,0,3,0,1,2,2,N,N,40 01:21.781,75 13:03.226,1305, ,1305, ,0, , , ,2, , , , , , , , , ,1,1,0,0,0,0,0,0,0,0,0,1,1,0,1,0,0,0,0,0,0,0,0,0,0,0,0,0,0,0,0,0,1,0,0,4,0,40.0227,-75.2176, , 
48644,564385,2013084006,6,67,67301,2013,7,7,700,7,1,1,0,7,2, , ,N,0,2,0,3,0,1,1,1,N,N,39 58:19.711,75 07:29.325,719, ,717, ,0, ,N, ,3, , , , , , , , , ,1,1,0,0,0,0,0,0,0,0,0,0,1,1,0,0,0,0,0,0,0,0,0,0,0,0,0,0,0,0,0,0,0,0,0,8,0,39.9721,-75.1248, , 
48645,564390,2013095697,6,67,67301,2013,8,2,2338,23,3,1,0,1,1, , ,N,0,0,0,3,0,0,2,2,N,N,39 56:55.620,75 11:06.972,2347, ,2341, ,0, ,N, ,0, , , , , , , , , ,2,2,0,0,0,0,0,0,0,0,0,0,0,0,0,0,0,0,0,0,0,0,0,0,0,0,0,0,0,0,0,0,0,0,0,0,0,39.9488,-75.1853, , 
48646,564397,2013101077,6,67,67301,2013,8,2,1434,14,1,1,0,4,1, , ,N,1,2,0,3,0,3,6,3,N,N,39 58:49.346,75 10:55.934,1440, ,1435, ,0, ,N, ,3, , , , , , , , , ,3,3,0,0,0,0,0,0,0,0,0,3,3,0,0,0,0,0,0,0,0,1,0,0,0,0,0,0,0,0,0,0,0,0,0,4,0,39.9804,-75.1822, , 
48647,564399,2013103924,6,67,67301,2013,9,5,1640,16,1,1,0,4,1, , ,N,1,2,0,3,0,1,2,2,N, ,39 58:53.926,75 10:25.967,1708, ,1706, ,0, , , ,3, , , , , , , , , ,1,0,0,0,0,0,1,0,1,0,0,1,1,0,0,0,0,0,0,0,0,0,0,0,0,0,0,0,0,0,0,0,0,0,0,4,0,39.9816,-75.1739, , 
48648,564403,2013065286,6,67,67301,2013,5,1,1957,19,2,1,1,4,1, , ,N,1,3,0,3,0,1,2,2,N,N,40 02:26.761,75 08:46.849,2037, ,2035, ,0, ,N, ,3, , , , , , , , , ,2,2,0,0,0,0,0,0,0,0,0,0,1,1,0,0,0,0,0,0,0,0,0,0,0,0,0,0,0,0,0,0,0,0,0,8,0,40.0408,-75.1463, , 
48649,564404,2013065310,6,67,67301,2013,5,7,1442,14,1,2,1,0,1, , ,N,1,2,0,3,0,1,1,2,N,N,39 56:37.050,75 09:55.623,1446, ,1444,1,1,1, , ,3,N, , , , , , , , ,1,0,1,0,0,0,0,0,0,0,0,1,1,0,0,0,0,0,0,0,0,0,0,0,0,0,0,0,0,0,0,0,0,0,0,4,0,39.9437,-75.1654, , 
48650,564408,2013070016,6,67,67301,2013,6,6,130,1,3,1,0,4,1, , ,N,1,2,0,3,0,1,2,2,N,N,39 57:20.839,75 13:32.687,140, ,135, ,0, ,N, ,3, , , , , , , , , ,1,0,0,0,0,0,1,0,1,0,0,1,1,0,0,0,0,0,0,0,0,0,0,0,0,0,0,0,0,0,0,0,0,0,0,4,0,39.9558,-75.2257, , 
48651,564430,2013094748,6,67,67301,2013,6,1,2000,20,6,1,0,4,1, , ,N,1,0,0,3,0,0,2,2,N,N,40 00:07.592,75 07:57.262,0, ,0, ,0, ,N, ,0, , , , , , , , , ,2,0,0,0,0,0,0,1,0,0,0,0,0,0,1,0,0,0,0,0,0,0,0,0,0,0,0,0,0,0,0,0,0,0,0,9,0,40.0021,-75.1326, , 
48652,564439,2013101141,6,67,67301,2013,9,1,9999,99,1,1,0,4,1, , ,N,1,2,0,3,0,1,4,2,N,N,39 58:47.528,75 08:34.317,9999, ,9999, ,0, ,N, ,3, , , , , , , , , ,2,2,0,0,0,0,0,0,0,0,0,1,1,0,0,0,0,0,0,0,1,0,0,0,0,0,0,0,0,0,0,0,0,0,0,4,0,39.9799,-75.1429, , 
48653,564451,2013062669,6,67,67301,2013,5,2,1728,17,1,1,0,7,4, , ,N,0,0,0,3,0,1,1,1,N,N,40 00:28.998,75 04:23.377,1728, ,1728, ,0, ,N, ,0, , , , , , , , , ,1,1,0,0,0,0,0,0,0,0,0,1,1,0,0,0,0,0,0,0,0,0,0,0,0,0,0,0,0,0,0,0,0,0,0,4,0,40.0081,-75.0732, , 
48654,564473,2013086680,6,67,67301,2013,8,7,155,1,3,1,0,7,5, , ,N,0,0,0,3,0,1,1,1,N,N,40 05:18.152,75 02:37.769,200, ,157, ,0, ,N, ,0, , , , , , , , , ,1,0,0,0,1,0,0,0,0,0,0,0,1,1,0,0,0,0,0,0,0,0,0,0,0,0,0,0,0,0,0,0,0,0,0,8,0,40.0884,-75.0438, , 
48655,564488,2013106718,6,67,67301,2013,9,4,1258,12,1,1,0,4,1, , ,N,1,2,0,3,0,2,3,2,N,N,40 04:51.077,75 01:43.585,1317, ,1259,1,1,2,N, ,3,N, , , , , , , , ,2,1,0,0,0,0,1,0,0,0,0,2,2,0,0,0,0,0,0,0,0,0,0,0,0,0,0,0,0,0,0,0,0,0,0,4,0,40.0809,-75.0288, , 
48656,564489,2013106734,6,67,67301,2013,9,1,735,7,1,1,0,7,5, , ,N,0,0,0,3,0,1,1,1,N, ,39 55:41.937,75 08:48.516,741, ,738, ,0, , , ,0, , , , , , , , , ,1,1,0,0,0,0,0,0,0,0,0,0,1,1,0,0,0,0,0,0,0,0,0,0,0,0,0,0,0,0,0,0,0,0,0,8,0,39.9283,-75.1468, , 
48657,564490,2013106752,6,67,67301,2013,9,2,1713,17,1,1,0,4,1, , ,N,2,3,0,3,0,1,2,2,N,N,39 57:48.031,75 09:40.062,1720, ,1713, ,0, ,N, ,3, , , , , , , , , ,2,2,0,0,0,0,0,0,0,0,0,1,1,0,0,0,0,0,0,0,1,0,0,0,0,0,0,0,0,0,0,0,0,0,0,4,0,39.9633,-75.1611, , 
48658,564524,2013093170,6,67,67301,2013,8,6,1856,18,1,1,1,4,1, , ,N,1,2,0,3,0,1,3,2,N,N,40 04:50.725,75 01:42.964,1859, ,1857,1,1,1, , ,3,N, , , , , , , , ,2,2,0,0,0,0,0,0,0,0,0,0,1,1,0,0,0,0,0,1,0,0,0,0,0,0,0,0,0,0,0,0,0,0,0,8,0,40.0808,-75.0286, , 
48659,564528,2013098524,6,67,67301,2013,9,2,2231,22,3,1,0,5,1, , ,N,0,0,0,3,0,0,2,2,N,N,39 55:51.284,75 11:56.125,2234, ,2233,2,2,4,N, ,0,Y, , , , , , , , ,2,2,0,0,0,0,0,0,0,0,0,0,0,0,1,0,0,0,0,0,0,0,0,0,0,0,0,0,0,0,0,0,0,0,0,9,0,39.9309,-75.1989, , 
48660,558468,2013101178,6,67,67301,2013,9,5,1545,15,1,1,0,1,1, , ,N,1,2,0,3,0,8,13,4,N,N,39 58:33.978,75 14:18.941,1600, ,1600, ,0, ,N, ,3, , , , , , , , , ,4,2,0,0,1,0,0,1,0,0,0,0,8,8,1,0,0,0,0,0,2,0,0,0,0,0,0,0,0,0,0,0,0,0,0,8,0,39.9761,-75.2386, , 
48661,558538,2013025003,6,67,67301,2013,1,4,1040,10,1,1,1,8,1, , ,N,2,2,0,3,0,1,2,2,N, ,39 57:01.913,75 10:25.643,1045, ,1040, ,0, , , ,3, , , , , , , , , ,1,1,0,0,0,0,0,0,0,0,0,0,1,1,0,0,0,0,0,0,1,0,0,0,0,0,0,0,0,0,0,0,1,0,0,8,0,39.9505,-75.1738, , 
48662,558545,2013032471,6,67,67301,2013,2,6,1650,16,4,1,0,4,2, , ,N,0,0,0,3,0,2,2,2,N,N,39 59:32.722,75 10:07.269,1658, ,1654, ,0, ,N, ,0, , , , , , , , , ,2,2,0,0,0,0,0,0,0,0,0,2,2,0,0,0,0,0,0,0,0,0,0,0,0,0,0,0,0,0,0,0,0,0,0,4,0,39.9924,-75.1687, , 
48663,558548,2013035234,6,67,67301,2013,2,6,1120,11,1,1,0,1,1, , ,N,0,0,0,3,0,0,2,2,N, ,40 01:59.341,75 11:12.534,1130, ,1125, ,0, , , ,0, , , , , , , , , ,2,0,0,1,0,0,1,0,0,0,0,0,0,0,0,0,0,0,0,0,0,0,0,0,0,0,0,0,0,0,0,0,0,0,0,0,1,40.0332,-75.1868, , 
48664,558550,2013037481,6,67,67301,2013,3,6,1709,17,1,1,0,8,1, , ,N,0,0,0,3,0,1,2,2,N,N,39 57:38.941,75 08:16.318,1709, ,1709, ,0, ,N, ,0, , , , , , , , , ,1,0,0,0,1,0,0,0,0,0,1,0,1,0,0,0,0,0,0,0,0,0,0,0,0,0,0,0,0,0,0,0,1,0,0,3,0,39.9608,-75.1379, , 
48665,558560,2013043750,6,67,67301,2013,3,7,0,0,3,1,0,5,1, , ,N,0,0,0,3,0,2,4,2,N,N,39 53:06.276,75 15:01.215,115, ,38,1,1,2,N, ,0,N, , , , , , , , ,2,2,0,0,0,0,0,0,0,0,0,2,2,0,2,0,0,0,0,0,1,0,0,0,0,0,0,0,0,0,0,0,0,0,0,4,0,39.8851,-75.2503, , 
48666,558581,2013070190,6,67,67301,2013,4,4,2234,22,3,1,0,7,5, , ,N,0,0,0,3,0,1,2,1,N,N,39 56:45.360,75 11:54.888,2234, ,2234,3,1,4,N, ,0,N, , , , , , , , ,1,1,0,0,0,0,0,0,0,0,0,1,1,0,0,0,0,0,0,0,0,0,0,0,0,0,0,0,0,0,0,0,0,0,0,4,0,39.9459,-75.1986, , 
48667,558595,2013083844,6,67,67301,2013,8,7,1415,14,1,1,0,1,1,1,2,Y,0,0,0,3,0,0,2,2,N,N,40 00:34.817,75 03:52.829,1426,50,1423,1,1,1,N, ,0,N,Y,N,N,N,Y,N,N,Y,2,2,0,0,0,0,0,0,0,0,0,0,0,0,0,0,0,0,0,0,1,0,0,1,0,0,0,0,0,0,0,0,0,0,0,0,0,40.0096,-75.0648, , 
48668,558599,2013086745,6,67,67301,2013,8,1,2230,22,3,1,0,5,6, , ,N,0,0,0,3,0,0,1,3,N,N,39 59:19.248,75 11:09.474,122, ,120, ,0, ,N, ,0, , , , , , , , , ,3,2,0,0,0,0,0,0,0,0,0,0,0,0,0,0,0,0,0,0,0,0,0,0,0,0,0,0,0,0,0,0,0,0,0,0,0,39.9887,-75.186, , 
48669,558614,2013106394,6,67,67301,2013,10,6,1024,10,1,1,0,1,1, , ,N,0,0,0,3,0,1,2,2,N,N,39 57:35.659,75 10:40.974,1024, ,1024,1,1,4,N, ,0,N, , , , , , , , ,2,1,0,0,0,0,1,0,0,0,0,1,1,0,0,0,0,0,0,0,0,0,0,0,0,0,0,0,0,0,0,0,0,0,0,4,0,39.9599,-75.178, , 
48670,558617,2013111872,6,67,67301,2013,10,4,1530,15,1,1,0,8,1, , ,N,0,0,0,3,0,1,2,2,N,N,39 59:46.604,75 10:21.632,1545, ,1543,1,2,6,N, ,0,N, , , , , , , , ,1,1,0,0,0,0,0,0,0,0,0,1,1,0,0,0,0,0,0,0,0,0,0,0,0,0,0,0,0,0,0,0,1,0,0,4,0,39.9963,-75.1727, , 
48671,558641,2013070963,6,67,67301,2013,6,3,1300,13,1,2,1,1,1, , ,N,0,2,0,3,0,1,3,3,N,N,40 03:47.832,75 09:42.602,1315, ,1302,2,2,3,N, ,3,N, , , , , , , , ,3,2,0,0,0,0,1,0,0,0,1,0,1,0,0,0,0,0,0,0,0,1,0,0,0,0,0,0,0,0,0,0,0,0,0,3,0,40.0633,-75.1618, , 
48672,558655,2013084402,6,67,67301,2013,7,5,2030,20,8,1,0,1,1, , ,N,1,2,0,3,0,1,2,2,N,N,39 58:19.726,75 07:29.308,2045, ,2035, ,0, , , ,3, , , , , , , , , ,2,1,0,0,0,0,1,0,0,0,0,0,1,1,1,0,0,0,0,0,0,0,0,0,0,0,0,0,0,0,0,0,0,0,0,8,0,39.9721,-75.1248, , 
48673,558663,2013095987,6,67,67301,2013,9,1,649,6,1,1,0,7,5, , ,N,1,0,0,3,0,0,1,1,N,N,39 56:05.712,75 09:11.188,656, ,649, ,0, ,N, ,0, , , , , , , , , ,1,0,0,0,0,0,1,0,0,0,0,0,0,0,0,0,1,0,0,0,0,0,0,1,0,0,0,0,0,0,0,0,0,0,0,0,0,39.9349,-75.1531, , 
48674,558664,2013096083,6,67,67301,2013,8,1,1050,10,1,1,0,1,1, , ,N,0,2,0,3,0,1,5,2,N, ,40 04:56.345,75 01:52.299,1053, ,1051, ,0, , , ,3, , , , , , , , , ,2,0,0,0,0,0,1,1,0,0,0,1,1,0,0,0,0,0,0,0,0,0,0,0,0,0,0,0,0,0,0,0,0,0,0,4,0,40.0823,-75.0312, , 
48675,558689,2013064731,6,67,67301,2013,6,7,356,3,3,1,0,7,2, , ,N,0,0,0,3,0,2,2,1,N,N,39 53:18.308,75 14:30.200,413, ,400,2,2,2,Y, ,0,N, , , , , , , , ,1,0,0,0,0,0,1,0,0,0,0,1,2,1,0,0,0,0,0,0,0,0,0,0,0,0,0,0,0,0,0,0,0,0,0,4,0,39.8884,-75.2417, , 
48676,558697,2013070188,6,67,67301,2013,6,6,1930,19,1,1,0,8,1, , ,N,0,0,0,3,0,1,2,2,N,N,39 57:09.399,75 14:08.448,1945, ,1940, ,0, ,N, ,0, , , , , , , , , ,1,1,0,0,0,0,0,0,0,0,0,1,1,0,0,0,0,0,0,0,0,0,0,0,0,0,0,0,0,0,0,0,1,0,0,4,0,39.9526,-75.2357, , 
48677,558698,2013070543,6,67,67301,2013,5,6,840,8,1,1,0,4,1, , ,N,1,2,0,3,0,3,6,2,N,N,40 00:57.319,75 07:46.466,843, ,840, ,0, ,N, ,3, , , , , , , , , ,2,1,0,0,0,0,1,0,0,0,0,3,3,0,0,0,0,0,0,0,1,0,0,0,0,0,0,0,0,0,0,0,0,0,0,4,0,40.0159,-75.1296, , 
48678,558700,2013074915,6,67,67301,2013,7,3,57,0,3,2,1,2,1, , ,N,0,0,0,3,0,0,5,3,N,N,39 58:54.163,75 12:26.377,104, ,100,2,1,3,N, ,0,N, , , , , , , , ,3,2,0,0,0,0,0,1,0,0,0,0,0,0,0,0,0,0,0,0,0,0,0,0,0,0,0,0,0,0,0,0,0,0,0,0,0,39.9817,-75.2073, , 
48679,561462,2013060734,6,67,67301,2013,6,6,735,7,1,2,1,7,2, , ,N,1,2,2,3,0,0,1,1,N,N,39 53:30.821,75 13:25.611,800, ,735, ,0, ,N, ,3, , , , , , , , , ,1,1,0,0,0,0,0,0,0,0,0,0,0,0,0,0,0,0,0,0,1,0,0,0,0,0,0,0,0,0,0,0,0,0,0,0,0,39.8919,-75.2238, , 
48680,561475,2013026125,6,67,67301,2013,1,4,1102,11,1,1,0,4,1, , ,N,0,4,6,3,0,1,2,2,N,N,40 01:41.961,75 05:57.966,1107, ,1104, ,0, ,N, ,3, , , , , , , , , ,2,1,0,0,0,0,1,0,0,0,1,0,1,0,0,0,0,0,0,0,1,0,0,0,0,0,0,0,0,0,0,0,0,0,0,3,0,40.0283,-75.0994, , 