objectid_1,objectid,crn,district,county,municipality,crash_year,crash_month,day_of_week,time_of_day,hour_of_day,illumination,weather,road_condition,collision_type,relation_to_road,work_zone_type,work_zone_loc,work_zone_ind,intersect_type,tcd_type,location_type,urban_rural,fatal_count,injury_count,person_count,total_units,sch_bus_ind,sch_zone_ind,latitude,longitude,arrival_tm,cons_zone_spd_lim,dispatch_tm,est_hrs_closed,lane_closed,ln_close_dir,ntfy_hiwy_maint,spec_juris_cd,tcd_func_cd,tfc_detour_ind,workers_pres,wz_close_detour,wz_flagger,wz_law_offcr_ind,wz_ln_closure,wz_moving,wz_other,wz_shlder_mdn,vehicle_count,automobile_count,motorcycle_count,bus_count,small_truck_count,heavy_truck_count,suv_count,van_count,bicycle_count,maj_inj_count,mod_inj_count,min_inj_count,tot_inj_count,unk_inj_deg_count,unk_inj_per_count,driver_count_16yr,driver_count_17yr,driver_count_18yr,driver_count_19yr,driver_count_20yr,driver_count_50_64yr,driver_count_65_74yr,driver_count_75plus,unbelted_occ_count,unb_death_count,unb_maj_inj_count,belted_death_count,belted_maj_inj_count,mcycle_death_count,mcycle_maj_inj_count,bicycle_death_count,bicycle_maj_inj_count,ped_count,ped_death_count,ped_maj_inj_count,max_severity_level,comm_veh_count,dec_lat,dec_long,rdwy_surf_type_cd,county_name
48681,561493,2013047809,6,67,67301,2013,4,1,200,2,3,1,0,4,1, , ,N,0,0,0,3,0,3,3,2,N, ,39 53:06.276,75 15:01.215,210, ,201,3,1,3, , ,0,Y, , , , , , , , ,2,2,0,0,0,0,0,0,0,1,0,1,3,1,0,0,0,0,0,0,0,0,0,0,0,0,0,0,0,0,0,0,0,0,0,2,0,39.8851,-75.2503, , 
48682,561496,2013050090,6,67,67301,2013,5,7,726,7,1,1,0,5,1, , ,N,0,0,0,3,0,7,7,2,N,N,39 53:58.333,75 09:51.991,744, ,738,2,2,2,N, ,0,Y, , , , , , , , ,2,1,0,0,0,0,0,1,0,1,0,0,7,6,0,0,0,0,0,0,1,0,0,3,0,1,0,0,0,0,0,0,0,0,0,2,0,39.8995,-75.1644, , 
48683,561504,2013055901,6,67,67301,2013,5,6,1558,15,1,1,0,4,1, , ,N,1,3,0,3,0,0,4,2,N,N,39 59:04.959,75 09:41.497,1600, ,1600, ,0, ,N, ,3, , , , , , , , , ,2,1,0,0,0,0,1,0,0,0,0,0,0,0,0,0,0,0,1,0,0,0,0,0,0,0,0,0,0,0,0,0,0,0,0,0,0,39.9847,-75.1615, , 
48684,561524,2013035106,6,67,67301,2013,1,1,810,8,1,1,0,4,1, , ,N,1,2,0,3,0,1,2,2,N,N,40 02:56.546,75 10:29.688,811, ,810,3,1,2,N, ,3,Y, , , , , , , , ,2,2,0,0,0,0,0,0,0,0,0,1,1,0,0,0,0,0,0,0,0,0,0,0,0,0,0,0,0,0,0,0,0,0,0,4,0,40.049,-75.1749, , 
48685,561540,2013050298,6,67,67301,2013,4,3,1650,16,1,1,0,1,1, , ,N,1,2,0,3,0,2,3,2,N, ,39 55:57.266,75 13:48.767,1731, ,1731, ,0, , , ,3, , , , , , , , , ,2,2,0,0,0,0,0,0,0,0,0,2,2,0,0,0,0,0,0,0,0,0,0,0,0,0,0,0,0,0,0,0,0,0,0,4,0,39.9326,-75.2302, , 
48686,561549,2013062546,6,67,67301,2013,5,2,2320,23,3,1,0,4,1, , ,N,1,2,0,3,0,1,2,2,N, ,39 56:33.952,75 09:56.688,2324, ,2320, ,0, , , ,3, , , , , , , , , ,2,0,0,0,0,0,1,1,0,0,0,0,1,1,0,0,0,0,0,0,1,0,0,0,0,0,0,0,0,0,0,0,0,0,0,8,0,39.9428,-75.1656, , 
48687,561558,2013070342,6,67,67301,2013,6,7,1315,13,1,1,0,4,1, , ,N,2,3,0,3,0,1,2,2,N,N,40 07:22.609,75 00:51.321,1325, ,1316,1,1,3,N, ,3,Y, , , , , , , , ,2,2,0,0,0,0,0,0,0,0,1,0,1,0,0,0,0,0,0,0,1,0,0,0,0,0,0,0,0,0,0,0,0,0,0,3,0,40.1229,-75.0143, , 
48688,561559,2013070563,6,67,67301,2013,6,3,9999,99,1,1,0,5,1, , ,N,0,0,0,3,0,1,2,2,N, ,40 00:10.573,75 04:47.679,9999, ,9999, ,0, , , ,0, , , , , , , , , ,1,0,0,0,0,0,1,0,1,0,0,1,1,0,0,0,0,0,0,0,0,0,0,0,0,0,0,0,0,0,0,0,0,0,0,4,0,40.0029,-75.0799, , 
48689,561575,2013024962,6,67,67301,2013,2,6,1825,18,3,1,0,4,1, , ,N,2,3,0,3,0,1,3,2,N, ,40 02:51.581,75 03:35.828,1830, ,1825, ,0, , , ,3, , , , , , , , , ,2,2,0,0,0,0,0,0,0,0,0,0,1,1,0,1,0,0,0,0,0,0,0,0,0,0,0,0,0,0,0,0,0,0,0,8,0,40.0477,-75.06, , 
48690,561579,2013035083,6,67,67301,2013,3,2,1136,11,1,1,0,7,5, , ,N,0,0,0,3,0,1,2,1,N, ,40 00:42.940,75 09:20.019,1202, ,1200, ,0, , , ,0, , , , , , , , , ,1,1,0,0,0,0,0,0,0,0,0,0,1,1,0,0,0,0,0,0,1,0,0,0,0,0,0,0,0,0,0,0,0,0,0,8,0,40.0119,-75.1556, , 
48691,561593,2013050354,6,67,67301,2013,1,3,2319,23,3,1,0,8,1, , ,N,5,3,0,3,0,1,2,2,N,N,40 01:02.542,75 04:29.639,9999, ,118, ,0, ,N, ,3, , , , , , , , , ,1,0,0,0,0,0,0,0,0,1,0,0,1,0,1,0,0,0,0,0,0,0,0,0,0,0,0,0,0,0,0,0,1,0,1,2,0,40.0174,-75.0749, , 
48692,561594,2013051124,6,46,46102,2013,4,7,710,7,5,1,0,4,1, , ,N,1,2,0,3,0,1,2,2,N,N,40 04:30.988,75 09:37.550,715, ,715, ,0, ,N, ,3, , , , , , , , , ,2,1,0,0,0,0,1,0,0,0,0,1,1,0,0,0,0,0,0,0,0,0,0,2,0,0,0,0,0,0,0,0,0,0,0,4,0,40.0753,-75.1604, , 
48693,561621,2013070130,6,67,67301,2013,6,2,9999,99,1,1,0,1,1, , ,N,1,2,0,3,0,1,3,2,N, ,39 58:23.685,75 12:43.721,1135, ,1133,1,1,2, , ,3,N, , , , , , , , ,2,1,0,0,0,0,1,0,0,0,0,1,1,0,0,0,0,0,0,0,1,0,0,0,0,0,0,0,0,0,0,0,0,0,0,4,0,39.9732,-75.2121, , 
48694,561646,2013096014,6,67,67301,2013,8,5,2016,20,1,1,0,8,1, , ,N,1,2,0,3,0,1,2,2,N, ,39 57:04.796,75 11:57.319,2018, ,2016, ,0, , , ,3, , , , , , , , , ,1,1,0,0,0,0,0,0,0,0,0,1,1,0,0,0,0,0,0,0,0,0,0,0,0,0,0,0,0,0,0,0,1,0,0,4,0,39.9513,-75.1991, , 
48695,561657,2013064723,6,67,67301,2013,4,5,2244,22,3,1,0,7,5, , ,N,0,0,0,3,0,0,1,1,N,N,39 58:57.917,75 12:28.192,2250, ,2248, ,0, ,N, ,0, , , , , , , , , ,1,1,0,0,0,0,0,0,0,0,0,0,0,0,0,0,0,0,0,0,1,0,0,0,0,0,0,0,0,0,0,0,0,0,0,0,0,39.9828,-75.2078, , 
48696,561658,2013064735,6,67,67301,2013,6,2,855,8,1,1,0,1,1,1,4,Y,0,0,0,3,0,1,2,2,N,N,40 01:21.466,75 02:11.630,907,45,857,1,1,1,N, ,0,N,Y,N,N,N,N,N,N,Y,2,2,0,0,0,0,0,0,0,0,0,1,1,0,0,0,0,0,0,0,0,0,1,0,0,0,0,0,0,0,0,0,0,0,0,4,0,40.0226,-75.0366, , 
48697,567052,2013066730,6,67,67301,2013,2,2,9999,99,8,9,8,1,1, , ,N,0,0,0,3,0,1,2,2,N,N,39 59:44.456,75 10:05.022,0, ,0, ,0, ,N, ,0, , , , , , , , , ,2,0,0,0,1,0,0,0,0,0,0,0,1,1,1,0,0,0,0,0,0,0,0,0,0,0,0,0,0,0,0,0,0,0,0,8,0,39.9957,-75.1681, , 
48698,567054,2013070047,6,67,67301,2013,6,5,2025,20,3,1,0,8,1, , ,N,1,2,0,3,0,0,2,2,N,N,39 57:56.462,75 13:20.110,2030, ,2027, ,0, ,N, ,3, , , , , , , , , ,1,0,0,0,0,0,0,1,0,0,0,0,0,0,0,0,0,0,0,0,1,0,0,0,0,0,0,0,0,0,0,0,1,0,0,0,0,39.9657,-75.2223, , 
48699,567055,2013070081,6,67,67301,2013,6,7,1809,18,1,1,0,8,1, , ,N,0,0,0,3,0,1,2,2,N,N,39 58:06.106,75 11:57.375,1815, ,1811, ,0, ,N, ,0, , , , , , , , , ,1,1,0,0,0,0,0,0,0,0,0,1,1,0,0,0,0,0,0,0,0,0,0,1,0,0,0,0,0,0,0,0,1,0,0,4,0,39.9684,-75.1993, , 
48700,567062,2013079575,6,67,67301,2013,7,6,1930,19,1,1,0,8,1, , ,N,0,0,0,3,0,1,2,2,N, ,39 58:49.702,75 10:41.599,1955, ,1948, ,0, , , ,0, , , , , , , , , ,1,0,1,0,0,0,0,0,0,0,0,1,1,0,0,0,0,0,0,1,0,0,0,0,0,0,0,0,0,0,0,0,1,0,0,4,0,39.9805,-75.1782, , 
48701,567090,2013111844,6,67,67301,2013,10,7,2335,23,3,1,0,1,2, , ,N,0,0,0,3,0,0,1,3,N, ,40 06:01.681,74 59:48.811,2348, ,2346, ,0, , , ,0, , , , , , , , , ,3,2,0,0,0,0,1,0,0,0,0,0,0,0,0,0,0,0,0,0,1,0,0,0,0,0,0,0,0,0,0,0,0,0,0,0,0,40.1005,-74.9969, , 
48702,567096,2013122067,6,67,67301,2013,10,5,9999,99,3,2,1,4,1, , ,N,2,0,0,3,0,0,5,2,N,N,40 01:14.225,75 08:55.554,9999, ,9999, ,0, ,N, ,0, , , , , , , , , ,2,1,0,0,1,0,0,0,0,0,0,0,0,0,0,0,0,0,0,1,0,0,0,0,0,0,0,0,0,0,0,0,0,0,0,0,0,40.0208,-75.1486, , 
48703,567118,2013073314,6,67,67301,2013,7,3,1653,16,1,1,2,7,9, , ,N,0,0,2,3,0,0,1,1,N,N,39 57:40.004,75 10:56.852,1704, ,1700,1,1,3,Y, ,0,N, , , , , , , , ,1,1,0,0,0,0,0,0,0,0,0,0,0,0,0,0,0,0,0,0,0,1,0,0,0,0,0,0,0,0,0,0,0,0,0,0,0,39.9611,-75.1825, , 
48704,567131,2013086859,6,67,67301,2013,7,6,1121,11,1,1,0,1,1, , ,N,0,0,0,3,0,1,2,2,N,N,39 56:25.204,75 12:05.902,1125, ,1122, ,0, ,N, ,0, , , , , , , , , ,2,2,0,0,0,0,0,0,0,0,0,1,1,0,0,0,0,0,0,0,1,0,0,0,0,0,0,0,0,0,0,0,0,0,0,4,0,39.9403,-75.2016, , 
48705,567141,2013097489,6,67,67301,2013,9,2,440,4,3,1,0,1,1, , ,N,0,0,0,3,0,1,2,2,N,N,39 57:27.228,75 10:49.246,446, ,441,1,1,3,N, ,0,N, , , , , , , , ,2,0,0,0,1,1,0,0,0,0,0,1,1,0,0,0,0,0,0,0,0,0,0,0,0,0,0,0,0,0,0,0,0,0,0,4,1,39.9576,-75.1803, , 
48706,567162,2013073300,6,67,67301,2013,6,3,842,8,1,1,0,1,1, , ,N,0,0,0,3,0,1,3,2,Y,N,39 58:37.074,75 11:52.481,902, ,850, ,0, ,N, ,0, , , , , , , , , ,2,0,0,1,0,0,1,0,0,0,0,1,1,0,0,0,0,0,0,0,0,0,0,0,0,0,0,0,0,0,0,0,0,0,0,4,1,39.977,-75.1979, , 
48707,567185,2013096029,6,67,67301,2013,8,4,1130,11,1,6,1,8,1, , ,N,1,2,0,3,0,1,2,2,N, ,39 57:54.315,75 09:38.699,1215, ,1205, ,0, , , ,3, , , , , , , , , ,1,1,0,0,0,0,0,0,0,0,0,1,1,0,0,0,0,0,0,1,0,0,0,0,0,0,0,0,0,0,0,0,1,0,0,4,0,39.9651,-75.1607, , 
48708,567192,2013101063,6,67,67301,2013,9,5,1145,11,1,1,0,5,1, , ,N,0,0,0,3,0,1,2,2,N,N,39 57:03.693,75 11:50.560,1205, ,9999, ,0, ,N, ,0, , , , , , , , , ,1,0,0,0,0,0,0,0,1,0,0,1,1,0,0,0,0,0,0,0,0,0,0,0,0,0,0,0,0,0,0,0,0,0,0,4,0,39.951,-75.1974, , 
48709,567194,2013055561,6,67,67301,2013,5,7,154,1,3,2,1,1,1, , ,N,0,0,0,3,0,0,2,2,N,N,40 01:44.125,75 06:22.490,9999, ,156, ,0, ,N, ,0, , , , , , , , , ,2,1,0,0,0,0,0,0,0,0,0,0,0,0,0,0,0,0,0,0,0,0,0,0,0,0,0,0,0,0,0,0,0,0,0,0,0,40.0289,-75.1062, , 
48710,567221,2013030098,6,67,67301,2013,2,6,905,9,1,1,0,1,1, , ,N,1,2,0,3,0,1,5,4,N,N,40 00:16.358,75 08:22.210,912, ,909, ,0, ,N, ,3, , , , , , , , , ,4,4,0,0,0,0,0,0,0,0,0,1,1,0,0,0,0,0,0,0,2,0,0,0,0,0,0,0,0,0,0,0,0,0,0,4,0,40.0045,-75.1395, , 
48711,567224,2013035587,6,67,67301,2013,3,3,1804,18,1,1,0,8,5, , ,N,1,2,0,3,0,1,2,2,N,N,39 55:32.198,75 14:03.722,1804, ,1804, ,0, , , ,3, , , , , , , , , ,1,1,0,0,0,0,0,0,0,0,0,1,1,0,0,0,0,0,0,0,1,0,0,0,0,0,0,0,0,0,0,0,1,0,0,4,0,39.9256,-75.2344, , 
48712,567225,2013036672,6,67,67301,2013,3,7,1308,13,1,1,0,7,4, , ,N,0,2,3,3,0,0,1,2,N,N,39 57:23.622,75 09:04.685,1317, ,1314, ,0, ,N, ,3, , , , , , , , , ,1,1,0,0,0,0,0,0,0,0,0,0,0,0,0,0,0,0,0,0,0,0,1,0,0,0,0,0,0,0,0,0,0,0,0,0,0,39.9566,-75.1513, , 
48713,567233,2013043171,6,67,67301,2013,4,7,1635,16,1,1,0,1,1,1,4,Y,0,0,0,3,0,0,2,2,N,N,40 01:02.601,75 02:57.230,1724,55,1724,1,2,1,N, ,0,N,Y,N,N,N,Y,N,N,Y,2,0,0,0,0,0,2,0,0,0,0,0,0,0,0,0,0,0,0,0,1,0,0,0,0,0,0,0,0,0,0,0,0,0,0,0,0,40.0173,-75.0493, , 
48714,567234,2013043435,6,67,67301,2013,3,3,920,9,1,1,0,4,1, , ,N,1,3,0,3,0,1,3,3,N, ,39 59:42.619,75 10:21.266,925, ,920, ,0, , , ,3, , , , , , , , , ,3,1,0,0,0,0,2,0,0,1,0,0,1,0,0,0,0,0,0,0,1,0,0,0,0,0,0,1,0,0,0,0,0,0,0,2,0,39.9952,-75.1726, , 
48715,567238,2013050331,6,67,67301,2013,4,5,1600,16,1,1,0,8,1, , ,N,1,2,0,3,0,1,2,2,N,N,39 58:56.395,75 06:42.922,1621, ,1620,3,2,3,N, ,3,Y, , , , , , , , ,1,1,0,0,0,0,0,0,0,1,0,0,1,0,0,0,0,0,0,0,0,0,0,0,0,0,0,0,0,0,0,0,1,0,1,2,0,39.9823,-75.1119, , 
48716,564529,2013101279,6,67,67301,2013,9,3,834,8,1,1,0,4,1, , ,N,3,4,0,3,0,1,2,2,N, ,40 02:28.579,75 09:28.736,900, ,834, ,0, , , ,3, , , , , , , , , ,2,0,1,0,0,0,0,1,0,0,0,0,1,1,0,0,0,0,0,0,0,0,0,0,0,0,0,0,0,0,0,0,0,0,0,8,0,40.0413,-75.158, , 
48717,564535,2013109428,6,67,67301,2013,10,5,1500,15,1,1,0,5,1, , ,N,0,0,0,3,0,1,1,2,N, ,40 00:13.217,75 10:08.400,1528, ,1520, ,0, , , ,0, , , , , , , , , ,2,0,0,0,0,0,2,0,0,0,0,0,1,1,0,0,0,0,0,0,0,0,0,0,0,0,0,0,0,0,0,0,0,0,0,8,0,40.0037,-75.169, , 
48718,564538,2013111735,6,67,67301,2013,10,6,1304,13,1,2,1,1,1, , ,N,1,2,0,3,0,2,2,2,N,N,40 07:30.042,75 00:53.360,1310, ,1304, ,0, ,N, ,3, , , , , , , , , ,2,1,0,0,0,0,1,0,0,0,0,1,2,1,0,0,0,0,0,0,1,0,0,0,0,0,0,0,0,0,0,0,0,0,0,4,0,40.125,-75.0147, , 
48719,564545,2013055409,6,67,67301,2013,4,1,357,3,3,1,0,1,1, , ,N,0,0,0,3,0,0,2,2,N,N,39 58:22.060,75 13:04.951,405, ,400,1,1,4,N, ,0,Y, , , , , , , , ,2,0,0,0,0,0,1,0,0,0,0,0,0,0,0,0,0,0,0,0,0,0,0,0,0,0,0,0,0,0,0,0,0,0,0,0,0,39.9728,-75.218, , 
48720,564546,2013055612,6,67,67301,2013,5,2,1546,15,1,1,0,4,1, , ,N,1,2,0,3,0,1,2,2,N, ,40 03:47.371,75 09:43.047,1607, ,1601,9,1,7, , ,3,N, , , , , , , , ,2,1,0,0,0,0,0,1,0,0,0,1,1,0,0,0,0,0,0,0,1,0,0,0,0,0,0,0,0,0,0,0,0,0,0,4,0,40.0632,-75.162, , 
48721,564573,2013034987,6,67,67301,2013,3,1,332,3,3,1,0,4,1, , ,N,1,2,0,3,0,0,2,2,N,N,39 57:23.616,75 14:30.901,338, ,336,9,1,4,N, ,3,N, , , , , , , , ,2,2,0,0,0,0,0,0,0,0,0,0,0,0,0,0,0,0,0,0,0,0,0,0,0,0,0,0,0,0,0,0,0,0,0,0,0,39.9566,-75.2419, , 
48722,564582,2013047227,6,67,67301,2013,4,2,1542,15,1,1,0,1,1, , ,N,0,0,0,3,0,1,3,4,N,N,40 00:30.121,75 09:02.001,1605, ,1545, ,0, ,N, ,0, , , , , , , , , ,4,2,0,0,0,0,2,0,0,0,0,1,1,0,0,0,0,0,0,0,1,1,0,1,0,0,0,0,0,0,0,0,0,0,0,4,0,40.0084,-75.1506, , 
48723,564592,2013054633,6,67,67301,2013,4,1,2250,22,3,2,1,1,1, , ,N,1,2,0,3,0,2,2,2,N, ,39 59:40.362,75 09:33.546,2250, ,2250, ,0, , , ,3, , , , , , , , , ,2,1,0,0,0,0,0,1,0,0,0,0,2,2,0,0,0,0,0,0,0,0,0,0,0,0,0,0,0,0,0,0,0,0,0,8,0,39.9945,-75.1593, , 
48724,564602,2013079472,6,67,67301,2013,7,2,1413,14,1,1,0,4,1, , ,N,1,2,0,3,0,2,4,2,N,N,40 00:35.396,75 10:00.737,1510, ,1416,1,2,7, , ,3,Y, , , , , , , , ,2,1,0,0,0,0,1,0,0,0,0,0,2,2,0,0,0,0,1,0,1,0,0,0,0,0,0,0,0,0,0,0,0,0,0,8,0,40.0098,-75.1669, , 
48725,564616,2013101098,6,67,67301,2013,9,6,1519,15,1,1,0,1,1, , ,N,0,2,0,3,0,3,5,2,N, ,40 02:57.695,75 04:04.104,1545, ,1538, ,0, , , ,3, , , , , , , , , ,2,1,0,0,0,0,0,1,0,0,0,0,3,3,0,0,0,0,0,0,1,0,0,0,0,0,0,0,0,0,0,0,0,0,0,8,0,40.0494,-75.0678, , 
48726,564622,2013106756,6,67,67301,2013,9,3,1928,19,3,1,0,4,1, , ,N,1,3,0,3,0,1,2,2,N,N,40 01:17.857,75 09:54.435,1935, ,1931,1,2,5,N, ,3,Y, , , , , , , , ,1,0,0,0,0,0,1,0,1,0,0,1,1,0,1,0,0,0,0,0,0,0,0,0,0,0,0,0,0,0,0,0,0,0,0,4,0,40.0216,-75.1651, , 
48727,564663,2013070383,6,67,67301,2013,6,4,1110,11,1,1,0,7,5, , ,N,0,0,0,3,1,0,1,1,N,N,40 03:12.898,75 01:55.948,1125, ,1116, ,0, ,N,0,0, , , , , , , , , ,1,1,0,0,0,0,0,0,0,0,0,0,0,0,0,0,0,0,0,0,0,0,1,1,1,0,0,0,0,0,0,0,0,0,0,1,0,40.0536,-75.0322,2, 
48728,564670,2013074754,6,67,67301,2013,6,1,655,6,1,1,0,4,1, , ,N,1,2,0,3,0,3,4,4,N, ,39 57:00.719,75 09:31.120,745, ,740,3,2,3, , ,3,Y, , , , , , , , ,2,1,0,0,0,0,1,0,0,0,0,0,3,3,0,0,0,0,0,0,0,0,0,0,0,0,0,0,0,0,0,0,2,0,0,8,0,39.9502,-75.1586, , 
48729,564676,2013080003,6,67,67301,2013,7,7,9999,99,1,1,0,5,1, , ,N,0,0,0,3,0,1,1,4,N,N,39 55:45.519,75 14:32.535,1048, ,1042, ,0, ,N, ,0, , , , , , , , , ,4,3,0,0,0,0,1,0,0,0,1,0,1,0,0,0,0,0,0,0,0,0,0,0,0,0,0,0,0,0,0,0,0,0,0,3,0,39.9293,-75.2424, , 
48730,564696,2013062975,6,67,67301,2013,6,3,900,9,1,1,0,1,1, , ,N,0,0,0,3,0,0,2,2,N,N,39 57:31.233,75 10:09.296,915, ,900, ,0, ,N, ,0, , , , , , , , , ,2,2,0,0,0,0,0,0,0,0,0,0,0,0,2,0,0,0,0,0,0,0,0,0,0,0,0,0,0,0,0,0,0,0,0,9,0,39.9587,-75.1692, , 
48731,564698,2013077441,6,67,67301,2013,7,6,2245,22,3,1,0,8,6, , ,N,0,0,0,3,0,1,2,2,N,N,40 01:37.750,75 08:36.769,35, ,25, ,0, ,N, ,0, , , , , , , , , ,1,0,0,0,1,0,0,0,0,0,1,0,1,0,0,0,0,0,0,0,0,0,0,0,0,0,0,0,0,0,0,0,1,0,0,3,0,40.0272,-75.1435, , 
48732,564710,2013086265,6,67,67301,2013,7,7,9999,99,1,1,1,1,1, , ,N,1,2,0,3,0,1,2,2,N, ,40 03:23.018,75 01:08.607,1700, ,1656, ,0, , , ,3, , , , , , , , , ,2,2,0,0,0,0,0,0,0,0,0,1,1,0,0,0,0,0,0,0,1,0,0,1,0,0,0,0,0,0,0,0,0,0,0,4,0,40.0564,-75.0191, , 
48733,564739,2013074734,6,67,67301,2013,6,7,1750,17,1,1,0,4,1, , ,N,1,2,0,3,0,0,5,2,N,N,39 55:38.651,75 08:42.007,1752, ,1752,1,1,2,N, ,3,N, , , , , , , , ,2,2,0,0,0,0,0,0,0,0,0,0,0,0,0,0,0,0,0,0,0,0,0,0,0,0,0,0,0,0,0,0,0,0,0,0,0,39.9273,-75.1448, , 
48734,558712,2013086878,6,67,67301,2013,8,6,1247,12,1,1,0,8,1, , ,N,1,2,0,3,0,1,2,2,N,N,39 55:28.412,75 13:59.232,1319, ,1315, ,0, ,N, ,3, , , , , , , , , ,1,1,0,0,0,0,0,0,0,0,0,1,1,0,0,0,0,0,0,0,1,0,0,0,0,0,0,0,0,0,0,0,1,0,0,4,0,39.9246,-75.2331, , 
48735,558715,2013050465,6,67,67301,2013,4,1,314,3,3,1,0,7,4, , ,N,0,0,0,3,0,0,1,1,N,N,39 57:47.540,75 08:21.167,321, ,317,1,1,2,N, ,0,N, , , , , , , , ,1,1,0,0,0,0,0,0,0,0,0,0,0,0,1,0,0,0,0,0,0,0,0,0,0,0,0,0,0,0,0,0,0,0,0,9,0,39.9632,-75.1392, , 
48736,558724,2013012120,6,67,67301,2013,1,5,931,9,1,1,0,6,1, , ,N,0,0,0,3,0,1,3,3,N,N,40 00:34.622,75 03:50.490,1012, ,1011, ,0, ,N, ,0, , , , , , , , , ,3,2,0,0,0,1,0,0,0,0,0,0,1,1,1,0,0,0,0,0,1,0,1,0,0,0,0,0,0,0,0,0,0,0,0,8,1,40.0096,-75.064, , 
48737,558728,2013016170,6,67,67301,2013,1,3,1600,16,1,1,0,2,1, , ,N,1,2,0,3,0,0,2,2,N, ,39 53:51.964,75 15:06.973,1640, ,1622, ,0, , , ,3, , , , , , , , , ,2,0,0,0,0,0,1,1,0,0,0,0,0,0,1,0,0,0,0,0,0,0,0,0,0,0,0,0,0,0,0,0,0,0,0,9,0,39.8978,-75.2519, , 
48738,558749,2013047358,6,67,67301,2013,4,3,800,8,1,1,0,4,1, , ,N,1,2,0,3,0,1,2,2,N,N,39 56:18.878,75 11:54.439,809, ,809, ,0, ,N, ,3, , , , , , , , , ,2,2,0,0,0,0,0,0,0,0,1,0,1,0,0,0,0,0,0,0,0,0,0,1,0,0,0,0,0,0,0,0,0,0,0,3,0,39.9386,-75.1985, , 
48739,558750,2013047361,6,67,67301,2013,4,3,1715,17,1,1,0,8,1, , ,N,1,3,0,3,0,1,2,2,N,N,40 01:37.297,75 07:50.285,9999, ,1715, ,0, ,N, ,3, , , , , , , , , ,1,1,0,0,0,0,0,0,0,0,0,1,1,0,0,0,0,0,0,0,0,0,0,1,0,0,0,0,0,0,0,0,1,0,0,4,0,40.027,-75.1306, , 
48740,558755,2013052136,6,67,67301,2013,5,7,1803,18,1,2,1,7,4, , ,N,7,0,2,3,0,0,1,1,N,N,39 58:06.081,75 07:46.720,1806, ,1805, ,0, ,N, ,0, , , , , , , , , ,1,0,0,0,0,0,1,0,0,0,0,0,0,0,0,0,0,0,0,0,0,0,0,0,0,0,0,0,0,0,0,0,0,0,0,0,0,39.9684,-75.1296, , 
48741,558766,2013062521,6,67,67301,2013,4,7,1300,13,1,1,0,4,1, , ,N,1,2,0,3,0,1,2,2,N, ,39 59:29.442,75 08:10.101,1345, ,1306, ,0, , , ,3, , , , , , , , , ,2,2,0,0,0,0,0,0,0,0,0,1,1,0,0,0,0,0,0,0,1,0,1,0,0,0,0,0,0,0,0,0,0,0,0,4,0,39.9915,-75.1361, , 
48742,558795,2013095962,6,67,67301,2013,8,6,1320,13,1,1,0,6,1, , ,N,0,0,7,3,0,1,2,2,N,N,39 57:13.420,75 12:32.893,1335, ,1325,1,1,4,N, ,0,Y, , , , , , , , ,2,2,0,0,0,0,0,0,0,0,0,1,1,0,0,0,0,0,0,0,0,0,0,0,0,0,0,0,0,0,0,0,0,0,0,4,0,39.9537,-75.2091, , 
48743,558802,2013101776,6,67,67301,2013,9,7,2100,21,3,1,0,4,1, , ,N,2,3,0,3,0,1,2,2,N,N,40 04:21.086,75 10:57.871,2112, ,2108, ,0, ,N, ,3, , , , , , , , , ,2,1,0,0,0,0,0,1,0,0,0,1,1,0,0,0,0,0,0,0,0,0,0,0,0,0,0,0,0,0,0,0,0,0,0,4,0,40.0725,-75.1827, , 
48744,558810,2013106770,6,67,67301,2013,9,5,1613,16,1,1,0,4,1, , ,N,1,2,0,3,0,2,3,2,N,N,40 02:25.699,75 02:50.737,1700, ,1648, ,0, ,N, ,3, , , , , , , , , ,2,2,0,0,0,0,0,0,0,0,1,0,2,1,0,0,0,1,0,0,1,0,0,0,0,0,0,0,0,0,0,0,0,0,0,3,0,40.0405,-75.0474, , 
48745,558811,2013055439,6,67,67301,2013,5,6,2242,22,3,1,0,1,1, , ,N,1,2,0,3,0,2,4,2,N,N,40 02:17.558,75 11:24.246,2317, ,2307, ,0, ,N, ,3, , , , , , , , , ,2,2,0,0,0,0,0,0,0,0,0,2,2,0,0,0,0,0,0,0,0,0,0,0,0,0,0,0,0,0,0,0,0,0,0,4,0,40.0382,-75.1901, , 
48746,558812,2013055892,6,67,67301,2013,5,1,9999,99,1,1,0,4,1, , ,N,1,2,0,3,0,3,5,2,N,N,40 01:44.500,75 08:46.197,9999, ,9999,2,1,2,N, ,3,N, , , , , , , , ,2,1,0,0,0,0,0,1,0,0,0,3,3,0,0,0,0,0,0,0,0,0,0,2,0,0,0,0,0,0,0,0,0,0,0,4,0,40.029,-75.1462, , 
48747,558845,2013103310,6,67,67301,2013,10,4,43,0,3,1,0,8,1, , ,N,1,2,0,3,0,1,2,2,N,N,40 00:27.560,75 09:05.322,46, ,43, ,0, ,N, ,3, , , , , , , , , ,1,1,0,0,0,0,0,0,0,0,0,0,1,1,0,0,0,0,0,0,0,0,0,0,0,0,0,0,0,0,0,0,1,0,0,8,0,40.0077,-75.1515, , 
48748,558853,2013111749,6,67,67301,2013,10,7,331,3,3,1,0,7,5, , ,N,2,0,0,3,0,0,3,1,N,N,40 00:22.658,75 08:56.353,335, ,332, ,0, ,N, ,0, , , , , , , , , ,1,1,0,0,0,0,0,0,0,0,0,0,0,0,0,0,0,0,0,0,0,0,0,0,0,0,0,0,0,0,0,0,0,0,0,0,0,40.0063,-75.149, , 