objectid_1,objectid,crn,district,county,municipality,crash_year,crash_month,day_of_week,time_of_day,hour_of_day,illumination,weather,road_condition,collision_type,relation_to_road,work_zone_type,work_zone_loc,work_zone_ind,intersect_type,tcd_type,location_type,urban_rural,fatal_count,injury_count,person_count,total_units,sch_bus_ind,sch_zone_ind,latitude,longitude,arrival_tm,cons_zone_spd_lim,dispatch_tm,est_hrs_closed,lane_closed,ln_close_dir,ntfy_hiwy_maint,spec_juris_cd,tcd_func_cd,tfc_detour_ind,workers_pres,wz_close_detour,wz_flagger,wz_law_offcr_ind,wz_ln_closure,wz_moving,wz_other,wz_shlder_mdn,vehicle_count,automobile_count,motorcycle_count,bus_count,small_truck_count,heavy_truck_count,suv_count,van_count,bicycle_count,maj_inj_count,mod_inj_count,min_inj_count,tot_inj_count,unk_inj_deg_count,unk_inj_per_count,driver_count_16yr,driver_count_17yr,driver_count_18yr,driver_count_19yr,driver_count_20yr,driver_count_50_64yr,driver_count_65_74yr,driver_count_75plus,unbelted_occ_count,unb_death_count,unb_maj_inj_count,belted_death_count,belted_maj_inj_count,mcycle_death_count,mcycle_maj_inj_count,bicycle_death_count,bicycle_maj_inj_count,ped_count,ped_death_count,ped_maj_inj_count,max_severity_level,comm_veh_count,dec_lat,dec_long,rdwy_surf_type_cd,county_name
48749,558865,2013063318,6,67,67301,2013,6,5,1646,16,1,1,0,5,1, , ,N,0,0,0,3,0,2,4,2,N,N,40 03:11.675,74 59:10.864,1651, ,1647,2,2,1,Y, ,0,N, , , , , , , , ,2,1,0,0,1,0,0,0,0,0,0,1,2,1,0,0,0,0,0,0,0,0,0,0,0,0,0,0,0,0,0,0,0,0,0,4,0,40.0532,-74.9864, , 
48750,558877,2013079457,6,67,67301,2013,7,7,312,3,3,1,0,1,1, , ,N,0,0,0,3,0,0,1,3,N,N,40 02:31.230,75 13:33.176,315, ,313, ,0, ,N, ,0, , , , , , , , , ,3,2,0,0,0,0,1,0,0,0,0,0,0,0,0,0,0,0,0,0,0,0,0,0,0,0,0,0,0,0,0,0,0,0,0,0,0,40.042,-75.2259, , 
48751,558884,2013084017,6,67,67301,2013,7,5,1405,14,1,1,0,2,1, , ,N,2,2,0,3,0,2,2,2,N,N,40 04:57.225,75 02:26.171,1418, ,1417,1,1,1,N, ,3,N, , , , , , , , ,2,2,0,0,0,0,0,0,0,0,2,0,2,0,0,0,0,0,0,0,1,0,0,0,0,0,0,0,0,0,0,0,0,0,0,3,0,40.0825,-75.0405, , 
48752,561661,2013066789,6,67,67301,2013,1,5,1300,13,1,1,0,9,1, , ,N,2,3,0,3,0,1,3,2,N,N,39 57:50.320,75 08:43.238,0, ,0, ,0, ,N, ,3, , , , , , , , , ,2,1,0,0,1,0,0,0,0,0,0,0,1,1,2,0,0,0,0,0,2,0,0,0,0,0,0,0,0,0,0,0,0,0,0,8,0,39.964,-75.1453, , 
48753,561669,2013070062,6,67,67301,2013,5,7,938,9,1,1,0,4,1, , ,N,0,0,7,3,0,0,3,3,N, ,40 05:19.875,74 58:09.971,950, ,945, ,0, , , ,0, , , , , , , , , ,2,1,0,0,0,0,0,1,0,0,0,0,0,0,0,0,0,0,0,0,0,0,0,0,0,0,0,0,0,0,0,0,0,0,0,0,0,40.0889,-74.9694, , 
48754,561670,2013070513,6,67,67301,2013,5,6,1858,18,1,1,0,4,1, , ,N,2,0,0,3,0,1,2,2,N,N,40 01:30.457,75 08:02.698,1905, ,1858, ,0, ,N, ,0, , , , , , , , , ,1,1,0,0,0,0,0,0,1,0,1,0,1,0,0,0,0,0,0,0,0,0,0,0,0,0,0,0,0,0,0,0,0,0,0,3,0,40.0251,-75.1341, , 
48755,561679,2013086198,6,67,67301,2013,7,2,1318,13,1,1,0,1,1, , ,N,0,0,0,3,0,2,2,2,N,N,40 04:03.410,75 01:03.280,1342, ,1337, ,0, , , ,0, , , , , , , , , ,2,2,0,0,0,0,0,0,0,0,1,0,2,1,0,0,0,0,0,0,0,0,0,2,0,0,0,0,0,0,0,0,0,0,0,3,0,40.0676,-75.0176, , 
48756,561703,2013055462,6,67,67301,2013,5,1,1405,14,1,1,0,4,1, , ,N,1,2,0,3,0,1,2,2,N,N,39 57:47.719,75 11:18.597,1416, ,1411, ,0, ,N, ,3, , , , , , , , , ,1,1,0,0,0,0,0,0,1,0,1,0,1,0,0,0,0,0,0,0,1,0,0,0,0,0,0,0,0,0,0,0,0,0,0,3,0,39.9633,-75.1885, , 
48757,561707,2013067497,6,67,67301,2013,6,6,1650,16,1,2,1,5,1, , ,N,0,0,0,3,0,1,4,4,N,N,39 58:07.537,75 07:42.097,1707, ,1657,1,1,2,N, ,0,N, , , , , , , , ,4,1,0,0,0,0,1,2,0,0,0,0,1,1,0,0,0,0,0,0,1,1,0,0,0,0,0,0,0,0,0,0,0,0,0,8,0,39.9688,-75.1284, , 
48758,561709,2013070487,6,46,46102,2013,6,6,1418,14,1,1,0,4,1, , ,N,0,0,7,3,0,1,4,2,N,N,40 04:25.361,75 09:27.718,1514, ,1507, ,0, ,N, ,0, , , , , , , , , ,2,0,0,0,0,0,2,0,0,0,0,1,1,0,0,0,0,0,0,0,1,0,0,0,0,0,0,0,0,0,0,0,0,0,0,4,0,40.0737,-75.1576, , 
48759,561720,2013077383,6,67,67301,2013,7,7,2244,22,3,1,0,8,3, , ,N,0,0,0,3,0,1,2,2,N,N,40 01:44.051,75 09:47.424,1129, ,2244, ,0, ,N, ,0, , , , , , , , , ,1,0,0,0,0,0,0,1,0,0,0,1,1,0,1,0,0,0,0,0,0,0,0,0,0,0,0,0,0,0,0,0,1,0,0,4,0,40.0289,-75.1632, , 
48760,561752,2013066825,6,67,67301,2013,3,2,1530,15,1,2,1,5,1, , ,N,0,0,0,3,0,1,2,2,N,N,40 00:07.053,75 09:10.245,0, ,0, ,0, ,N, ,0, , , , , , , , , ,2,0,0,0,0,1,0,1,0,0,0,0,1,1,0,0,0,0,0,0,0,0,0,1,0,0,0,0,0,0,0,0,0,0,0,8,1,40.002,-75.1528, , 
48761,561788,2013106662,6,67,67301,2013,10,5,9999,99,1,1,0,4,1, , ,N,1,2,0,3,0,1,3,2,N,N,40 01:04.383,75 04:57.342,1546, ,1538,2,2,4,N, ,3,Y, , , , , , , , ,2,0,1,0,0,0,1,0,0,0,0,0,1,1,0,0,0,0,0,0,0,0,0,0,0,0,0,0,0,0,0,0,0,0,0,8,0,40.0179,-75.0826, , 
48762,561798,2013061073,6,67,67301,2013,6,1,412,4,3,1,1,7,2, , ,N,0,0,0,3,0,1,2,2,N,N,39 58:54.163,75 12:26.377,420, ,414, ,0, ,N, ,0, , , , , , , , , ,2,2,0,0,0,0,0,0,0,0,0,0,1,1,0,0,0,0,0,0,1,0,0,0,0,0,0,0,0,0,0,0,0,0,0,8,0,39.9817,-75.2073, , 
48763,561804,2013065506,6,67,67301,2013,5,5,2358,23,3,1,0,4,1, , ,N,1,2,0,3,0,1,2,2,N, ,39 57:19.425,75 09:21.185,30, ,25, ,0, , , ,3, , , , , , , , , ,2,2,0,0,0,0,0,0,0,0,0,1,1,0,0,0,0,0,0,1,1,0,0,0,0,0,0,0,0,0,0,0,0,0,0,4,0,39.9554,-75.1559, , 
48764,561811,2013070280,6,67,67301,2013,6,5,1640,16,1,1,0,5,6, , ,N,0,0,0,3,0,1,2,2,N,N,39 57:28.916,75 14:15.205,1913, ,1913, ,0, ,N, ,0, , , , , , , , , ,2,1,0,0,0,0,0,1,0,0,0,0,1,1,0,0,0,0,0,0,1,0,0,0,0,0,0,0,0,0,0,0,0,0,0,8,0,39.958,-75.2376, , 
48765,561824,2013079523,6,67,67301,2013,7,4,137,1,3,1,0,4,1, , ,N,5,2,0,3,0,0,2,2,N,N,39 57:31.435,75 09:18.489,143, ,141, ,0, ,N, ,3, , , , , , , , , ,2,2,0,0,0,0,0,0,0,0,0,0,0,0,1,0,0,0,0,0,0,0,0,0,0,0,0,0,0,0,0,0,0,0,0,9,0,39.9587,-75.1551, , 
48766,561825,2013079582,6,67,67301,2013,7,6,1608,16,1,1,0,8,1, , ,N,0,0,0,3,0,1,2,2,N, ,40 03:04.537,75 05:38.327,1612, ,1608, ,0, , , ,0, , , , , , , , , ,1,1,0,0,0,0,0,0,0,0,0,0,1,1,0,0,0,0,0,0,1,0,0,0,0,0,0,0,0,0,0,0,1,0,0,8,0,40.0513,-75.094, , 
48767,561826,2013079985,6,67,67301,2013,7,4,1553,15,1,1,0,4,1, , ,N,1,2,0,3,0,1,3,2,N,N,40 03:42.317,75 03:21.839,1557, ,1554,1,1,3,N, ,3,Y, , , , , , , , ,2,2,0,0,0,0,0,0,0,0,0,1,1,0,1,0,0,0,0,0,0,0,0,0,0,0,0,0,0,0,0,0,0,0,0,4,0,40.0618,-75.0561, , 
48768,561844,2013067276,6,67,67301,2013,3,2,1215,12,1,9,8,4,4, , ,N,2,2,7,3,0,1,2,2,N,N,39 54:09.565,75 09:08.096,0, ,0, ,0, ,N, ,3, , , , , , , , , ,2,1,0,0,0,1,0,0,0,0,0,0,1,1,0,0,0,0,0,0,2,0,0,0,0,0,0,0,0,0,0,0,0,0,0,8,1,39.9027,-75.1522, , 
48769,561849,2013072352,6,67,67301,2013,7,1,1533,15,1,1,0,1,7, , ,N,6,0,2,3,0,1,3,2,N,N,39 56:57.647,75 11:03.883,1541, ,1534, ,0, ,N, ,0, , , , , , , , , ,2,1,0,0,0,0,1,0,0,0,0,0,1,1,0,0,0,0,0,0,0,0,0,0,0,0,0,0,0,0,0,0,0,0,0,8,0,39.9493,-75.1844, , 
48770,567270,2013096438,6,67,67301,2013,8,7,1945,19,1,1,0,1,4, , ,N,1,2,0,3,0,0,7,3,N,N,40 01:30.637,75 07:31.531,2005, ,1948,1,2,1,N, ,3,Y, , , , , , , , ,3,0,0,0,0,0,0,3,0,0,0,0,0,0,0,0,0,0,0,0,0,1,0,0,0,0,0,0,0,0,0,0,0,0,0,0,0,40.025,-75.1257, , 
48771,567277,2013103617,6,67,67301,2013,10,3,1827,18,6,1,0,7,3, , ,N,0,0,0,3,0,0,1,1,N,N,40 02:50.904,74 59:59.605,1843, ,1829,3,1,1,N, ,0,N, , , , , , , , ,1,1,0,0,0,0,0,0,0,0,0,0,0,0,0,0,0,0,1,0,0,0,0,0,0,0,0,0,0,0,0,0,0,0,0,0,0,40.0474,-75, , 
48772,567278,2013103960,6,67,67301,2013,9,6,1326,13,1,1,0,4,1, , ,N,1,2,0,3,0,1,2,2,N, ,40 01:27.102,75 05:43.897,1814, ,1814,1,1,4, , ,3,N, , , , , , , , ,2,2,0,0,0,0,0,0,0,0,0,1,1,0,0,0,0,0,0,0,1,0,0,0,0,0,0,0,0,0,0,0,0,0,0,4,0,40.0242,-75.0955, , 
48773,567294,2013065560,6,67,67301,2013,5,5,1922,19,1,1,0,6,2, , ,N,0,0,0,3,0,0,1,2,N,N,40 02:07.119,75 07:25.999,1930, ,1924,1,2,5,N, ,0,Y, , , , , , , , ,2,0,0,0,0,0,2,0,0,0,0,0,0,0,1,0,0,0,0,0,0,0,0,0,0,0,0,0,0,0,0,0,0,0,0,9,0,40.0353,-75.1239, , 
48774,567308,2013086867,6,67,67301,2013,8,1,3,0,3,1,0,4,1, , ,N,1,3,0,3,0,3,4,2,N,N,40 00:36.252,75 09:51.843,15, ,14, ,0, ,N, ,3, , , , , , , , , ,2,2,0,0,0,0,0,0,0,0,0,1,3,2,0,0,0,0,0,0,1,0,0,0,0,0,0,0,0,0,0,0,0,0,0,4,0,40.0101,-75.1644, , 
48775,567313,2013094648,6,67,67301,2013,5,3,800,8,1,8,0,4,1, , ,N,1,0,0,3,0,0,2,2,N,N,40 01:53.868,75 07:02.148,0, ,0, ,0, ,N, ,0, , , , , , , , , ,2,1,0,0,0,0,0,0,0,0,0,0,0,0,0,0,0,0,0,0,0,1,1,0,0,0,0,0,0,0,0,0,0,0,0,0,0,40.0316,-75.1173, , 
48776,567315,2013101781,6,67,67301,2013,9,1,1747,17,1,1,0,1,1, , ,N,1,2,0,3,0,2,4,2,N,N,40 03:08.339,75 00:28.750,1758, ,1753, ,0, , , ,3, , , , , , , , , ,2,2,0,0,0,0,0,0,0,0,0,2,2,0,0,0,0,0,0,0,0,1,0,0,0,0,0,0,0,0,0,0,0,0,0,4,0,40.0523,-75.008, , 
48777,567319,2013104382,6,67,67301,2013,9,3,1700,17,1,1,0,8,1, , ,N,1,0,0,3,0,1,2,2,N,N,40 01:50.847,75 06:43.088,1720, ,1710, ,0, ,N, ,0, , , , , , , , , ,1,1,0,0,0,0,0,0,0,0,0,0,1,1,1,0,0,0,0,0,0,0,0,0,0,0,0,0,0,0,0,0,1,0,0,8,0,40.0308,-75.112, , 
48778,567344,2013066734,6,67,67301,2013,1,5,900,9,1,1,0,6,1, , ,N,0,0,7,3,0,2,6,3,N,N,40 00:55.431,75 12:30.025,0, ,0, ,0, ,N, ,0, , , , , , , , , ,3,1,0,0,0,1,0,1,0,0,0,0,2,2,4,0,0,0,0,0,1,0,0,0,0,0,0,0,0,0,0,0,0,0,0,8,1,40.0155,-75.2085, , 
48779,567363,2013084043,6,67,67301,2013,7,2,1530,15,1,1,0,4,1, , ,N,2,0,0,3,0,0,2,2,N,N,40 03:01.737,75 03:53.616,1600, ,1552,1,1,3,N, ,0,N, , , , , , , , ,2,2,0,0,0,0,0,0,0,0,0,0,0,0,0,0,0,0,0,1,1,0,0,0,0,0,0,0,0,0,0,0,0,0,0,0,0,40.0505,-75.0649, , 
48780,567367,2013086263,6,67,67301,2013,7,4,1850,18,1,1,0,8,1, , ,N,0,0,0,3,0,1,2,2,N,N,39 58:11.366,75 14:54.178,1858, ,1852, ,0, , , ,0, , , , , , , , , ,1,1,0,0,0,0,0,0,0,0,1,0,1,0,0,0,0,0,0,0,0,0,0,0,0,0,0,0,0,0,0,0,1,0,0,3,0,39.9698,-75.2484, , 
48781,567372,2013093171,6,67,67301,2013,8,2,1800,18,1,1,0,6,1, , ,N,0,0,0,3,0,1,2,2,N,N,40 00:38.685,75 06:07.761,1840, ,1837, ,0, , , ,0, , , , , , , , , ,1,0,0,0,0,0,0,1,1,0,0,1,1,0,0,0,0,0,0,0,0,0,0,0,0,0,0,0,0,0,0,0,0,0,0,4,0,40.0107,-75.1022, , 
48782,567387,2013057463,6,67,67301,2013,5,3,1530,15,1,2,1,1,3, , ,N,0,0,0,3,0,2,4,2,N,N,39 57:25.960,75 09:07.379,1544, ,1544, ,0, ,N, ,0, , , , , , , , , ,2,2,0,0,0,0,0,0,0,0,0,1,2,1,0,0,0,0,0,0,1,0,0,0,0,0,0,0,0,0,0,0,0,0,0,4,0,39.9572,-75.152, , 
48783,567399,2013070031,6,67,67301,2013,6,5,1910,19,1,1,0,4,1, , ,N,1,3,0,3,0,1,3,2,N,N,39 57:49.636,75 11:59.103,1947, ,1943,1,1,1,N, ,3,N, , , , , , , , ,2,2,0,0,0,0,0,0,0,0,0,1,1,0,0,0,0,0,0,0,0,0,0,0,0,0,0,0,0,0,0,0,0,0,0,4,0,39.9638,-75.1998, , 
48784,567424,2013093152,6,67,67301,2013,8,2,1516,15,1,1,0,4,1, , ,N,1,2,0,3,0,0,2,2,N,N,40 01:40.946,75 06:36.204,1528, ,1517,1,1,2,N, ,3,N, , , , , , , , ,2,1,0,0,1,0,0,0,0,0,0,0,0,0,1,0,0,0,1,0,1,0,0,0,0,0,0,0,0,0,0,0,0,0,0,9,0,40.028,-75.1101, , 
48785,567451,2013077487,6,67,67301,2013,6,4,1000,10,1,1,0,8,2, , ,N,0,0,0,3,0,1,2,2,N, ,40 02:29.306,75 01:40.617,1424, ,1422, ,0, , , ,0, , , , , , , , , ,1,1,0,0,0,0,0,0,0,0,0,1,1,0,0,0,0,0,0,0,0,0,0,0,0,0,0,0,0,0,0,0,1,0,0,4,0,40.0415,-75.0279, , 
48786,567452,2013077496,6,67,67301,2013,7,3,1703,17,1,1,0,4,1, , ,N,1,2,0,3,0,1,2,2,N,N,39 55:18.821,75 10:13.026,1706, ,1705, ,0, ,N, ,3, , , , , , , , , ,1,0,0,0,1,0,0,0,1,0,0,0,1,1,0,0,0,0,0,0,1,0,0,0,0,0,0,0,0,0,0,0,0,0,0,8,0,39.9219,-75.1702, , 
48787,567464,2013089312,6,67,67301,2013,8,3,17,0,3,1,0,5,1, , ,N,0,0,0,3,0,1,2,2,N,N,39 57:26.772,75 09:03.098,20, ,18, ,0, ,N, ,0, , , , , , , , , ,2,1,1,0,0,0,0,0,0,1,0,0,1,0,0,0,0,0,0,0,0,0,0,0,0,0,0,0,0,1,0,0,0,0,0,2,0,39.9574,-75.1509, , 
48788,567467,2013093179,6,67,67301,2013,8,4,9999,99,1,1,0,4,1, , ,N,1,2,0,3,0,1,2,2,N,N,39 55:22.375,75 10:04.364,1727, ,1722, ,0, ,N, ,3, , , , , , , , , ,1,1,0,0,0,0,0,0,1,0,0,0,1,1,0,0,0,0,0,0,0,1,0,1,0,0,0,0,0,0,0,0,0,0,0,8,0,39.9229,-75.1679, , 
48789,564740,2013074761,6,67,67301,2013,6,1,1330,13,1,1,0,5,6, , ,N,0,0,0,3,0,2,2,3,N,N,40 00:16.113,75 09:46.346,1635, ,1630, ,0, ,N, ,0, , , , , , , , , ,3,2,0,0,1,0,0,0,0,0,1,1,2,0,0,0,0,0,0,0,0,0,0,0,0,0,0,0,0,0,0,0,0,0,0,3,0,40.0045,-75.1629, , 
48790,564741,2013074910,6,67,67301,2013,7,1,531,5,5,1,0,7,4, , ,N,0,0,0,3,0,1,2,1,N,N,40 01:15.446,75 02:29.903,541, ,532,1,1,1,Y, ,0,N, , , , , , , , ,1,0,0,0,0,0,1,0,0,0,0,1,1,0,0,0,0,0,0,0,0,0,0,0,0,0,0,0,0,0,0,0,0,0,0,4,0,40.0209,-75.0418, , 
48791,564742,2013075151,6,67,67301,2013,6,1,1634,16,1,2,1,7,3, , ,N,0,0,0,3,0,1,5,2,N,N,39 58:52.462,75 11:59.812,1642, ,1635,2,2,5,N, ,0,N, , , , , , , , ,2,1,0,0,1,0,0,0,0,0,0,1,1,0,0,0,1,0,0,0,0,0,0,0,0,0,0,0,0,0,0,0,0,0,0,4,0,39.9812,-75.1999, , 
48792,564752,2013022200,6,67,67301,2013,1,7,1213,12,1,1,0,4,1, , ,N,2,3,0,3,0,1,2,2,N, ,40 01:22.699,75 13:01.451,1245, ,1237, ,0, , , ,3, , , , , , , , , ,1,1,0,0,0,0,0,0,1,1,0,0,1,0,0,0,0,0,0,0,0,0,0,0,0,0,0,0,0,0,0,1,0,0,0,2,0,40.023,-75.2171, , 
48793,564767,2013044101,6,67,67301,2013,3,1,1448,14,1,2,1,4,1, , ,N,0,0,7,3,0,0,2,2,N,N,39 59:28.968,75 08:03.632,1600, ,1548, ,0, ,N, ,0, , , , , , , , , ,2,2,0,0,0,0,0,0,0,0,0,0,0,0,0,0,0,0,0,0,0,0,0,0,0,0,0,0,0,0,0,0,0,0,0,0,0,39.9914,-75.1344, , 
48794,564774,2013047355,6,67,67301,2013,4,1,1432,14,1,1,0,4,1, , ,N,2,0,0,3,0,2,3,2,N,N,40 00:50.026,75 04:01.845,1437, ,1432, ,0, ,N, ,0, , , , , , , , , ,2,1,1,0,0,0,0,0,0,1,0,1,2,0,0,0,0,0,0,0,0,1,0,0,0,0,0,0,0,1,0,0,0,0,0,2,0,40.0139,-75.0672, , 
48795,564779,2013050295,6,67,67301,2013,4,3,1157,11,1,1,0,5,1, , ,N,3,2,0,3,0,1,2,2,N, ,39 54:14.619,75 14:25.049,1238, ,1233, ,0, , , ,3, , , , , , , , , ,2,1,0,0,0,0,1,0,0,0,0,1,1,0,0,0,0,0,0,0,0,0,0,0,0,0,0,0,0,0,0,0,0,0,0,4,0,39.904,-75.2401, , 
48796,564782,2013053022,6,67,67301,2013,4,5,2049,20,1,1,0,8,1, , ,N,1,2,0,3,0,1,2,2,N, ,39 59:20.627,75 05:22.626,9999, ,9999, ,0, , , ,3, , , , , , , , , ,1,1,0,0,0,0,0,0,0,0,0,1,1,0,0,0,0,0,0,0,0,0,0,0,0,0,0,0,0,0,0,0,1,0,0,4,0,39.9891,-75.0896, , 
48797,564793,2013065475,6,67,67301,2013,5,6,9999,99,1,1,0,8,1, , ,N,1,2,0,3,0,1,2,2,N, ,39 55:55.819,75 10:53.043,1228, ,1225, ,0, , , ,3, , , , , , , , , ,1,1,0,0,0,0,0,0,0,0,0,1,1,0,0,0,0,0,0,0,1,0,0,0,0,0,0,0,0,0,0,0,1,0,0,4,0,39.9322,-75.1814, , 
48798,564820,2013086679,6,67,67301,2013,8,3,2305,23,2,1,0,1,2, , ,N,0,0,0,3,0,0,4,5,N,N,40 02:34.055,75 01:45.577,2329, ,2305, ,0, ,N, ,0, , , , , , , , , ,5,4,0,0,0,0,0,1,0,0,0,0,0,0,1,0,0,0,0,0,0,0,0,0,0,0,0,0,0,0,0,0,0,0,0,9,0,40.0428,-75.0293, , 
48799,564826,2013091206,6,67,67301,2013,9,3,821,8,1,1,0,1,1, , ,N,0,0,0,3,0,0,3,3,N,N,39 57:25.685,75 09:22.714,837, ,832,1,1,4,N, ,0,N, , , , , , , , ,3,2,0,0,0,0,1,0,0,0,0,0,0,0,0,0,0,0,0,0,1,0,0,0,0,0,0,0,0,0,0,0,0,0,0,0,0,39.9571,-75.1563, , 
48800,564905,2013083841,6,67,67301,2013,8,6,1204,12,1,1,0,7,3, , ,N,0,0,0,3,0,1,1,1,Y,N,39 53:35.186,75 13:50.257,1227, ,1209, ,0, ,N, ,0, , , , , , , , , ,1,1,0,0,0,0,0,0,0,0,1,0,1,0,0,0,0,0,0,0,0,0,0,1,0,0,0,0,0,0,0,0,0,0,0,3,0,39.8931,-75.2306, , 
48801,564916,2013098511,6,67,67301,2013,8,4,1310,13,1,2,1,7,4, , ,N,0,0,0,3,0,1,1,1,N,N,40 01:59.443,75 01:13.110,1321, ,1310,2,1,1,N, ,0,N, , , , , , , , ,1,0,0,0,0,0,1,0,0,0,0,1,1,0,0,0,0,0,0,0,0,0,0,0,0,0,0,0,0,0,0,0,0,0,0,4,0,40.0331,-75.0204, , 
48802,564918,2013101039,6,67,67301,2013,9,6,1132,11,1,1,0,5,1, , ,N,0,0,0,3,0,1,2,2,N,N,39 56:29.025,75 08:51.723,1132, ,1132, ,0, ,N, ,0, , , , , , , , , ,1,0,0,0,0,0,0,1,1,0,0,0,1,1,0,0,0,0,0,0,1,0,0,0,0,0,0,0,0,0,0,0,0,0,0,8,0,39.9414,-75.1477, , 
48803,564941,2013070288,6,67,67301,2013,6,2,1135,11,1,1,0,4,1, , ,N,1,2,0,3,0,1,3,2,N,N,40 05:18.096,75 02:38.680,1141, ,1139, ,0, ,N, ,3, , , , , , , , , ,2,2,0,0,0,0,0,0,0,0,0,0,1,1,0,0,0,0,0,0,0,0,2,0,0,0,0,0,0,0,0,0,0,0,0,8,0,40.0884,-75.044, , 
48804,564942,2013070566,6,67,67301,2013,6,5,1128,11,1,2,1,4,1, , ,N,1,2,0,3,0,1,2,2,N,N,40 03:17.284,75 11:55.637,1147, ,1140, ,0, ,N, ,9, , , , , , , , , ,2,1,0,0,1,0,0,0,0,0,0,1,1,0,0,0,0,0,0,0,0,0,0,0,0,0,0,0,0,0,0,0,0,0,0,4,0,40.0548,-75.1988, , 
48805,564949,2013077019,6,67,67301,2013,7,2,220,2,3,1,0,1,1, , ,N,1,2,0,3,0,1,2,2,N,N,40 02:07.817,75 04:11.352,220, ,220, ,0, , , ,3, , , , , , , , , ,2,1,0,0,1,0,0,0,0,0,0,1,1,0,0,0,0,0,0,0,0,0,0,0,0,0,0,0,0,0,0,0,0,0,0,4,0,40.0355,-75.0698, , 
48806,564961,2013086822,6,67,67301,2013,7,3,1540,15,1,1,0,4,1, , ,N,0,0,0,3,0,1,2,2,N,N,39 59:31.217,75 08:09.852,1550, ,1545, ,0, ,N, ,0, , , , , , , , , ,2,2,0,0,0,0,0,0,0,0,0,0,1,1,0,0,0,0,0,0,0,0,0,0,0,0,0,0,0,0,0,0,0,0,0,8,0,39.992,-75.1361, , 
48807,558891,2013093571,6,67,67301,2013,8,7,1635,16,1,1,0,0,1, , ,N,1,2,0,3,0,1,1,1,N,N,39 59:08.812,75 12:56.169,1655, ,1642, ,0, ,N, ,3, , , , , , , , , ,1,0,1,0,0,0,0,0,0,0,0,1,1,0,0,0,0,0,0,0,0,0,0,0,0,0,0,0,0,0,0,0,0,0,0,4,0,39.9858,-75.2156, , 
48808,558897,2013104002,6,67,67301,2013,9,7,9999,99,3,2,7,8,1, , ,N,2,0,0,3,0,1,2,2,N, ,39 57:26.823,75 11:16.299,2215, ,2210,1,1,2, , ,0,N, , , , , , , , ,1,1,0,0,0,0,0,0,0,0,0,1,1,0,0,0,0,0,0,0,0,0,0,1,0,0,0,0,0,0,0,0,1,0,0,4,0,39.9575,-75.1879, , 
48809,558926,2013079176,6,67,67301,2013,8,2,153,1,3,1,0,4,1, , ,N,0,0,0,3,0,3,3,2,N,N,39 56:59.178,75 11:02.580,208, ,154,2,2,3,N, ,0,Y, , , , , , , , ,2,2,0,0,0,0,0,0,0,0,0,0,3,3,0,0,0,0,0,0,0,0,0,0,0,0,0,0,0,0,0,0,0,0,0,8,0,39.9498,-75.1841, , 
48810,558938,2013086239,6,67,67301,2013,8,6,935,9,1,1,0,8,1, , ,N,0,0,0,3,0,1,2,2,N,N,40 01:33.372,75 07:58.091,950, ,946, ,0, ,N, ,0, , , , , , , , , ,1,0,0,0,0,0,1,0,0,0,0,1,1,0,0,0,0,0,0,0,0,1,0,1,0,0,0,0,0,0,0,0,1,0,0,4,0,40.0259,-75.1328, , 
48811,558944,2013093197,6,67,67301,2013,8,4,1406,14,1,1,0,4,1, , ,N,1,3,0,3,0,1,2,2,N,N,39 56:16.321,75 09:13.399,1536, ,1536,1,1,4,N, ,3,N, , , , , , , , ,1,1,0,0,0,0,0,0,1,0,0,1,1,0,0,0,0,0,0,0,0,0,0,0,0,0,0,0,0,0,0,0,0,0,0,4,0,39.9379,-75.1537, , 
48812,558946,2013095954,6,67,67301,2013,8,3,1625,16,1,1,0,4,1, , ,N,2,2,0,3,0,2,2,2,N,N,40 02:57.718,75 13:12.416,1636, ,1631, ,0, , , ,3, , , , , , , , , ,2,1,0,0,0,0,0,1,0,0,0,2,2,0,0,0,0,0,0,0,0,0,0,0,0,0,0,0,0,0,0,0,0,0,0,4,0,40.0494,-75.2201, , 
48813,558947,2013096097,6,67,67301,2013,8,4,1412,14,1,1,0,1,1, , ,N,5,2,0,3,0,4,8,4,N,N,39 59:52.195,75 06:39.459,1805, ,1754, ,0, ,N, ,3, , , , , , , , , ,4,0,0,0,1,0,0,1,0,0,0,4,4,0,0,0,0,0,0,0,1,0,0,0,0,0,0,0,0,0,0,0,0,0,0,4,0,39.9978,-75.111, , 
48814,558952,2013104128,6,67,67301,2013,10,7,456,4,3,1,0,7,3, , ,N,0,0,0,3,0,0,2,1,N,N,40 01:30.469,75 01:44.324,502, ,456,1,1,1,N, ,0,N, , , , , , , , ,1,1,0,0,0,0,0,0,0,0,0,0,0,0,0,0,0,0,0,0,0,0,0,0,0,0,0,0,0,0,0,0,0,0,0,0,0,40.025,-75.0292, , 
48815,558973,2013080038,6,67,67301,2013,7,6,1023,10,1,1,0,1,1, , ,N,1,0,0,3,0,4,5,2,N,N,39 59:15.108,75 06:19.896,1113, ,1113, ,0, ,N, ,0, , , , , , , , , ,2,0,0,0,1,0,1,0,0,0,0,1,4,3,0,0,0,0,0,0,0,0,0,2,0,0,0,0,0,0,0,0,0,0,0,4,0,39.9875,-75.1055, , 