objectid_1,objectid,crn,district,county,municipality,crash_year,crash_month,day_of_week,time_of_day,hour_of_day,illumination,weather,road_condition,collision_type,relation_to_road,work_zone_type,work_zone_loc,work_zone_ind,intersect_type,tcd_type,location_type,urban_rural,fatal_count,injury_count,person_count,total_units,sch_bus_ind,sch_zone_ind,latitude,longitude,arrival_tm,cons_zone_spd_lim,dispatch_tm,est_hrs_closed,lane_closed,ln_close_dir,ntfy_hiwy_maint,spec_juris_cd,tcd_func_cd,tfc_detour_ind,workers_pres,wz_close_detour,wz_flagger,wz_law_offcr_ind,wz_ln_closure,wz_moving,wz_other,wz_shlder_mdn,vehicle_count,automobile_count,motorcycle_count,bus_count,small_truck_count,heavy_truck_count,suv_count,van_count,bicycle_count,maj_inj_count,mod_inj_count,min_inj_count,tot_inj_count,unk_inj_deg_count,unk_inj_per_count,driver_count_16yr,driver_count_17yr,driver_count_18yr,driver_count_19yr,driver_count_20yr,driver_count_50_64yr,driver_count_65_74yr,driver_count_75plus,unbelted_occ_count,unb_death_count,unb_maj_inj_count,belted_death_count,belted_maj_inj_count,mcycle_death_count,mcycle_maj_inj_count,bicycle_death_count,bicycle_maj_inj_count,ped_count,ped_death_count,ped_maj_inj_count,max_severity_level,comm_veh_count,dec_lat,dec_long,rdwy_surf_type_cd,county_name
49086,556658,2013074791,6,67,67301,2013,6,5,1350,13,1,1,0,4,1, , ,N,2,2,0,3,0,1,2,2,N,N,39 56:37.021,75 09:24.595,1911, ,1908, ,0, , , ,3, , , , , , , , , ,1,0,0,0,0,0,0,1,1,0,0,1,1,0,1,0,0,0,0,0,1,0,0,0,0,0,0,0,0,0,0,0,0,0,0,4,0,39.9436,-75.1568, , 
49087,556661,2013077495,6,67,67301,2013,7,2,9999,99,1,2,1,5,1, , ,N,0,0,0,3,0,1,2,4,N,N,40 00:34.550,75 04:35.920,330, ,326, ,0, , , ,0, , , , , , , , , ,4,0,0,0,2,0,1,1,0,0,0,1,1,0,0,0,0,0,0,0,1,0,0,0,0,0,0,0,0,0,0,0,0,0,0,4,0,40.0096,-75.0766, , 
49088,556665,2013079519,6,67,67301,2013,7,6,2230,22,3,9,0,0,1, , ,N,0,0,0,3,0,1,1,1,N,N,39 56:41.964,75 08:56.191,9999, ,9999, ,0, ,N, ,0, , , , , , , , , ,1,0,1,0,0,0,0,0,0,0,0,1,1,0,0,0,0,0,0,0,0,0,0,0,0,0,0,0,0,0,0,0,0,0,0,4,0,39.945,-75.1489, , 
49089,556674,2013084039,6,67,67301,2013,7,7,1006,10,1,1,0,4,1, , ,N,1,2,0,3,0,1,3,2,N,N,40 02:02.039,75 04:27.141,1007, ,1006,1,1,1,N, ,3,N, , , , , , , , ,2,2,0,0,0,0,0,0,0,0,1,0,1,0,0,0,0,0,0,0,0,0,0,0,0,0,0,0,0,0,0,0,0,0,0,3,0,40.0339,-75.0742, , 
49090,556728,2013109370,6,67,67301,2013,9,3,1735,17,1,1,0,1,1, , ,N,0,0,0,3,0,1,5,2,N,N,40 01:11.307,75 08:58.639,1750, ,1740,1,1,1,N, ,0,N, , , , , , , , ,2,1,0,0,0,0,1,0,0,0,0,1,1,0,0,0,0,0,0,0,0,0,0,0,0,0,0,0,0,0,0,0,0,0,0,4,0,40.0198,-75.1496, , 
49091,556744,2013070113,6,67,67301,2013,6,6,1030,10,1,1,0,4,4, , ,N,1,2,0,3,0,0,5,2,N,N,40 01:57.103,75 11:23.195,1040, ,1030, ,0, ,N, ,3, , , , , , , , , ,2,2,0,0,0,0,0,0,0,0,0,0,0,0,0,0,0,0,0,0,1,0,0,0,0,0,0,0,0,0,0,0,0,0,0,0,0,40.0325,-75.1898, , 
49092,556758,2013070483,6,67,67301,2013,6,6,1455,14,1,2,1,1,1, , ,N,9,5,0,3,0,2,5,2,N,N,40 04:15.886,75 05:03.439,1510, ,1502, ,0, ,N, ,3, , , , , , , , , ,2,2,0,0,0,0,0,0,0,0,0,0,2,2,1,0,0,0,0,0,0,0,0,0,0,0,0,0,0,0,0,0,0,0,0,8,0,40.0695,-75.0843, , 
49093,556767,2013075141,6,67,67301,2013,6,1,1247,12,1,2,1,4,1, , ,N,1,2,0,3,0,2,4,2,N,N,40 04:15.478,75 02:58.362,1250, ,1248, ,0, ,N, ,3, , , , , , , , , ,2,1,0,1,0,0,0,0,0,0,0,2,2,0,0,0,0,0,0,0,0,0,1,0,0,0,0,0,0,0,0,0,0,0,0,4,1,40.0709,-75.0494, , 
49094,556775,2013086661,6,67,67301,2013,7,3,814,8,1,1,0,8,1, , ,N,0,0,0,3,0,1,2,2,N,Y,39 58:58.868,75 08:30.141,820, ,816,1,2,2,N, ,0,Y, , , , , , , , ,1,1,0,0,0,0,0,0,0,0,0,1,1,0,0,0,0,0,0,0,0,0,0,0,0,0,0,0,0,0,0,0,1,0,0,4,0,39.983,-75.1417, , 
49095,556776,2013086768,6,67,67301,2013,7,1,2350,23,3,1,0,7,5, , ,N,2,0,0,3,0,1,1,1,N,N,40 02:23.058,75 01:57.384,2356, ,2353, ,0, , , ,0, , , , , , , , , ,1,1,0,0,0,0,0,0,0,0,0,0,1,1,0,0,0,0,0,0,0,0,0,0,0,0,0,0,0,0,0,0,0,0,0,8,0,40.0397,-75.0326, , 
49096,550153,2013022786,6,67,67301,2013,2,3,1224,12,1,2,1,7,3, , ,N,0,0,0,3,0,1,1,1,N,N,39 55:57.345,75 12:00.117,1235, ,1225,1,1,4,N, ,0,N, , , , , , , , ,1,0,0,0,0,0,0,1,0,0,0,1,1,0,0,0,0,0,0,0,0,0,0,0,0,0,0,0,0,0,0,0,0,0,0,4,0,39.9326,-75.2, , 
49097,550163,2013035088,6,67,67301,2013,2,6,1836,18,2,1,0,8,1, , ,N,0,0,0,3,0,1,2,2,N,N,39 54:50.486,75 09:00.195,1836, ,1836, ,0, , , ,0, , , , , , , , , ,1,0,0,0,1,0,0,0,0,0,0,0,1,1,0,0,0,0,0,0,0,0,0,0,0,0,0,0,0,0,0,0,1,0,0,8,0,39.914,-75.1501, , 
49098,550167,2013037032,6,67,67301,2013,2,5,1200,12,1,1,0,8,6, , ,N,0,0,0,3,1,0,3,2,N,N,40 00:33.032,75 09:04.524,945, ,945, ,0, ,N,0,0, , , , , , , , , ,1,0,0,0,0,0,1,0,0,0,0,0,0,0,0,0,0,0,0,0,0,0,0,0,0,0,0,0,0,0,0,0,1,1,0,1,0,40.0092,-75.1513,2, 
49099,550175,2013043830,6,67,67301,2013,3,4,1529,15,1,1,0,4,1, , ,N,0,0,7,3,0,4,7,2,N,N,39 58:50.678,75 13:44.095,1550, ,1546, ,0, ,N, ,0, , , , , , , , , ,2,0,0,0,0,0,0,2,0,0,0,0,4,4,0,0,0,0,0,0,0,0,0,0,0,0,0,0,0,0,0,0,0,0,0,8,0,39.9807,-75.2289, , 
49100,550179,2013047284,6,67,67301,2013,4,7,2335,23,3,1,0,1,1, , ,N,0,0,0,3,0,2,3,2,N,N,40 01:04.443,75 10:16.368,2345, ,2339, ,0, ,N, ,0, , , , , , , , , ,2,2,0,0,0,0,0,0,0,0,0,2,2,0,1,0,0,0,1,0,0,0,0,1,0,0,0,0,0,0,0,0,0,0,0,4,0,40.0179,-75.1712, , 
49101,550207,2013038554,6,67,67301,2013,3,6,845,8,1,4,1,1,1, , ,N,0,0,0,3,0,1,2,2,N,N,39 59:43.893,75 08:21.933,855, ,855, ,0, , , ,0, , , , , , , , , ,2,1,0,0,0,0,1,0,0,0,0,1,1,0,0,0,0,0,0,0,1,0,0,0,0,0,0,0,0,0,0,0,0,0,0,4,0,39.9955,-75.1394, , 
49102,550219,2013050272,6,67,67301,2013,4,3,1130,11,1,1,0,8,1, , ,N,0,0,0,3,0,1,5,2,N, ,40 00:51.004,75 09:12.664,1130, ,1130,1,1,1, , ,0,N, , , , , , , , ,1,0,0,0,0,0,0,1,0,0,0,0,1,1,0,0,0,0,0,0,0,0,0,0,0,0,0,0,0,0,0,0,1,0,0,8,0,40.0142,-75.1535, , 
49103,550262,2013086700,6,67,67301,2013,8,1,9999,99,1,1,0,7,2, , ,N,1,0,0,3,0,0,1,1,N,N,39 57:34.460,75 11:49.790,1728, ,1726, ,0, ,N, ,0, , , , , , , , , ,1,1,0,0,0,0,0,0,0,0,0,0,0,0,0,0,0,0,0,0,0,0,0,0,0,0,0,0,0,0,0,0,0,0,0,0,0,39.9596,-75.197, , 
49104,550274,2013101772,6,67,67301,2013,9,1,343,3,3,1,0,7,2, , ,N,1,2,0,3,0,1,1,1,N,N,40 04:01.087,75 09:29.811,427, ,412, ,0, ,N, ,3, , , , , , , , , ,1,1,0,0,0,0,0,0,0,0,0,0,1,1,0,0,0,0,0,0,0,0,0,0,0,0,0,0,0,0,0,0,0,0,0,8,0,40.067,-75.1583, , 
49105,550275,2013101793,6,67,67301,2013,9,1,1618,16,1,1,0,8,1, , ,N,1,2,0,3,0,1,2,2,N,N,39 59:37.172,75 09:08.597,1650, ,1631, ,0, ,N, ,3, , , , , , , , , ,1,1,0,0,0,0,0,0,1,0,0,1,1,0,0,0,0,0,0,0,0,0,0,0,0,0,0,0,0,0,0,0,0,0,0,4,0,39.9937,-75.1524, , 
49106,550298,2013025016,6,67,67301,2013,1,2,1513,15,1,2,1,8,1, , ,N,5,2,0,3,0,1,3,2,N,N,39 58:18.181,75 07:33.198,1520, ,1514, ,0, ,N, ,3, , , , , , , , , ,1,1,0,0,0,0,0,0,0,0,0,1,1,0,0,0,0,0,0,0,0,0,0,0,0,0,0,0,0,0,0,0,1,0,0,4,0,39.9717,-75.1259, , 
49107,550310,2013035265,6,67,67301,2013,3,3,718,7,1,1,0,4,1, , ,N,0,0,0,3,0,2,2,2,N,N,40 02:01.086,75 09:02.952,723, ,720, ,0, ,N, ,0, , , , , , , , , ,2,0,0,0,0,0,1,1,0,0,2,0,2,0,0,0,0,0,0,0,1,0,0,0,0,0,0,0,0,0,0,0,0,0,0,3,0,40.0336,-75.1508, , 
49108,550329,2013003326,6,67,67301,2013,1,3,856,8,1,1,0,5,1, , ,N,0,0,0,3,0,2,2,2,N,N,39 53:10.692,75 14:35.256,905, ,857,2,1,2,Y, ,0,N, , , , , , , , ,2,1,0,0,0,1,0,0,0,0,1,1,2,0,0,0,0,0,0,0,1,0,0,0,0,0,0,0,0,0,0,0,0,0,0,3,0,39.8863,-75.2431, , 
49109,550341,2013024863,6,67,67301,2013,1,3,706,7,1,1,0,7,5, , ,N,1,0,0,3,0,1,2,1,N, ,40 01:59.616,75 05:00.016,911, ,909, ,0, , , ,0, , , , , , , , , ,1,0,0,0,0,0,1,0,0,0,0,1,1,0,0,0,0,0,0,0,0,0,0,0,0,0,0,0,0,0,0,0,0,0,0,4,0,40.0332,-75.0833, , 
49110,550360,2013046369,6,67,67301,2013,4,3,2300,23,3,1,0,5,2, , ,N,0,0,0,3,0,0,1,2,N,N,39 53:56.561,75 10:29.489,2357, ,2355, ,0, ,N, ,0, , , , , , , , , ,2,2,0,0,0,0,0,0,0,0,0,0,0,0,1,0,0,0,0,0,0,0,0,0,0,0,0,0,0,0,0,0,0,0,0,9,0,39.899,-75.1749, , 
49111,550404,2013032477,6,67,67301,2013,2,5,1953,19,3,1,0,4,1, , ,N,5,2,0,3,0,1,2,2,N,N,40 01:47.862,75 05:14.656,2002, ,1955,1,1,1, , ,3,N, , , , , , , , ,2,2,0,0,0,0,0,0,0,0,0,0,1,1,0,0,0,0,0,0,0,0,1,0,0,0,0,0,0,0,0,0,0,0,0,8,0,40.03,-75.0874, , 
49112,550406,2013033852,6,46,46104,2013,3,5,1334,13,1,1,0,2,1, , ,N,1,2,0,3,0,1,6,3,N,N,39 59:17.883,75 15:14.303,1337, ,1334,1,1,2,N, ,3,N, , , , , , , , ,3,3,0,0,0,0,0,0,0,0,0,1,1,0,2,0,0,0,0,0,1,0,1,0,0,0,0,0,0,0,0,0,0,0,0,4,0,39.9883,-75.254, , 
49113,550412,2013037489,6,67,67301,2013,3,2,9999,99,1,1,0,4,1, , ,N,0,0,0,3,0,1,1,5,N, ,40 02:13.738,75 04:11.454,9999, ,9999,3,2,6, , ,0,Y, , , , , , , , ,5,4,0,0,1,0,0,0,0,0,0,0,1,1,0,0,0,0,0,0,0,0,0,0,0,0,0,0,0,0,0,0,0,0,0,8,0,40.0371,-75.0698, , 
49114,553443,2013101019,6,67,67301,2013,9,6,2113,21,3,1,0,4,1, , ,N,1,2,0,3,0,1,2,2,N,N,40 03:47.297,75 03:06.176,2115, ,2113,9,1,3, , ,3,N, , , , , , , , ,2,1,0,0,0,0,1,0,0,0,0,0,1,1,0,0,0,0,0,1,0,0,0,0,0,0,0,0,0,0,0,0,0,0,0,8,0,40.0631,-75.0516, , 
49115,553455,2013111739,6,67,67301,2013,10,5,312,3,3,1,0,7,4, , ,N,1,2,0,3,0,1,2,1,N,N,40 01:40.095,75 05:55.134,317, ,312,2,2,2,N, ,3,N, , , , , , , , ,1,1,0,0,0,0,0,0,0,0,1,0,1,0,1,0,0,0,0,0,0,0,0,1,0,0,0,0,0,0,0,0,0,0,0,3,0,40.0277,-75.0988, , 
49116,553469,2013016271,6,67,67301,2013,1,4,1543,15,1,2,1,8,1, , ,N,1,2,0,3,0,1,2,2,N,N,40 00:05.763,75 09:10.529,1615, ,1610, ,0, ,N, ,3, , , , , , , , , ,1,1,0,0,0,0,0,0,0,0,0,1,1,0,0,0,0,0,0,0,0,0,0,0,0,0,0,0,0,0,0,0,1,0,0,4,0,40.0016,-75.1528, , 
49117,553472,2013022269,6,67,67301,2013,1,4,815,8,1,9,1,7,5, , ,N,1,2,0,3,0,1,1,2,N,N,40 01:37.801,75 09:04.478,825, ,819, ,0, ,N, ,3, , , , , , , , , ,1,0,0,0,0,0,1,0,0,0,0,0,1,1,0,0,0,0,0,0,1,0,0,0,0,0,0,0,0,0,0,0,0,0,0,8,0,40.0272,-75.1512, , 
49118,553479,2013029367,6,67,67301,2013,3,3,335,3,3,2,1,4,1, , ,N,0,0,0,3,0,0,1,2,N,N,39 58:57.164,75 12:28.391,349, ,342,1,1,4,N, ,0,N, , , , , , , , ,2,0,0,0,0,2,0,0,0,0,0,0,0,0,0,0,0,0,0,0,0,0,0,0,0,0,0,0,0,0,0,0,0,0,0,0,1,39.9825,-75.2079, , 
49119,553480,2013029770,6,67,67301,2013,2,3,843,8,1,4,1,8,1, , ,N,2,3,0,3,0,1,2,2,N,N,39 58:30.493,75 14:51.021,852, ,847, ,0, ,N, ,3, , , , , , , , , ,1,0,0,0,0,0,1,0,0,0,1,0,1,0,0,0,0,0,0,0,1,0,0,0,0,0,0,0,0,0,0,0,1,0,0,3,0,39.9751,-75.2475, , 
49120,553487,2013041319,6,67,67301,2013,3,4,9999,99,3,1,0,6,6, , ,N,0,0,0,3,0,0,1,4,N, ,40 00:44.929,75 08:30.613,116, ,109, ,0, , , ,0, , , , , , , , , ,4,2,0,0,0,0,0,0,0,0,0,0,0,0,0,0,0,0,0,0,0,0,0,0,0,0,0,0,0,0,0,0,0,0,0,0,0,40.0125,-75.1418, , 
49121,553489,2013041963,6,67,67301,2013,3,4,1506,15,1,1,0,1,1, , ,N,0,0,0,3,0,1,4,3,N, ,40 05:39.635,75 00:55.749,1515, ,1509,1,1,1, , ,0,N, , , , , , , , ,3,2,0,0,0,0,1,0,0,0,0,0,1,1,0,0,0,0,0,0,1,0,0,0,0,0,0,0,0,0,0,0,0,0,0,8,0,40.0943,-75.0155, , 
49122,553494,2013043794,6,67,67301,2013,4,2,750,7,1,1,1,1,1, , ,N,0,0,0,3,0,1,4,3,N,N,40 06:09.073,75 03:01.051,810, ,807,2,1,3,N, ,0,N, , , , , , , , ,3,0,0,0,0,0,1,2,0,0,0,0,1,1,0,0,0,0,0,0,2,0,0,0,0,0,0,0,0,0,0,0,0,0,0,8,0,40.1025,-75.0503, , 
49123,553525,2013070131,6,67,67301,2013,6,3,2110,21,3,2,1,4,1, , ,N,1,2,0,3,0,0,3,2,N, ,40 02:54.851,75 05:13.124,2125, ,2112,1,2,4, , ,3,N, , , , , , , , ,2,2,0,0,0,0,0,0,0,0,0,0,0,0,0,0,0,0,1,0,0,0,0,0,0,0,0,0,0,0,0,0,0,0,0,0,0,40.0486,-75.087, , 
49124,553526,2013070556,6,67,67301,2013,6,6,1342,13,1,2,1,8,1, , ,N,1,0,0,3,0,1,2,2,N,N,39 57:18.295,75 11:29.875,9999, ,1342, ,0, ,N, ,0, , , , , , , , , ,1,1,0,0,0,0,0,0,0,0,0,1,1,0,0,0,0,0,0,0,0,0,0,0,0,0,0,0,0,0,0,0,1,0,0,4,0,39.9551,-75.1916, , 
49125,553550,2013096109,6,67,67301,2013,8,7,145,1,3,1,0,8,1, , ,N,1,2,0,3,0,1,2,2,N, ,40 00:11.788,75 09:57.272,1356, ,1352, ,0, , , ,3, , , , , , , , , ,1,1,0,0,0,0,0,0,0,0,1,0,1,0,1,0,0,0,0,0,0,0,0,0,0,0,0,0,0,0,0,0,1,0,0,3,0,40.0033,-75.1659, , 
49126,553565,2013070271,6,67,67301,2013,6,7,2340,23,3,1,0,4,1, , ,N,0,0,0,3,0,2,5,2,N,N,39 58:25.122,75 12:29.170,31, ,30, ,0, ,N, ,0, , , , , , , , , ,2,1,0,0,0,0,1,0,0,0,0,2,2,0,0,0,0,0,0,1,0,0,0,0,0,0,0,0,0,0,0,0,0,0,0,4,0,39.9736,-75.2081, , 
49127,553568,2013072346,6,67,67301,2013,7,7,1610,16,1,1,1,1,1, , ,N,0,0,0,3,0,2,4,3,N,N,40 03:05.211,74 59:21.853,1620, ,1615, ,0, ,N, ,0, , , , , , , , , ,3,2,0,0,0,0,1,0,0,0,0,2,2,0,0,0,0,0,0,0,2,0,0,0,0,0,0,0,0,0,0,0,0,0,0,4,0,40.0514,-74.9894, , 
49128,553572,2013074670,6,67,67301,2013,6,3,1610,16,1,1,0,2,6, , ,N,0,0,0,3,0,1,2,4,N, ,40 03:01.522,75 09:12.574,1625, ,1620,9,1,6, , ,0,Y, , , , , , , , ,4,3,0,0,1,0,0,0,0,0,0,1,1,0,0,0,0,0,0,0,0,1,0,0,0,0,0,0,0,0,0,0,0,0,0,4,0,40.0504,-75.1535, , 
49129,553575,2013079943,6,67,67301,2013,7,6,1404,14,1,1,0,3,1, , ,N,2,3,0,3,0,1,2,2,N,N,39 56:54.304,75 13:52.319,1405, ,1405, ,0, ,N, ,3, , , , , , , , , ,2,1,0,0,1,0,0,0,0,0,0,1,1,0,0,0,0,0,0,0,0,0,0,0,0,0,0,0,0,0,0,0,0,0,0,4,0,39.9484,-75.2312, , 
49130,553580,2013088005,6,67,67301,2013,9,3,132,1,3,1,0,4,1, , ,N,1,2,0,3,0,1,2,2,N,N,39 59:03.796,75 09:15.868,325, ,319, ,0, ,N, ,3, , , , , , , , , ,1,0,0,0,0,0,1,0,1,0,0,0,1,1,1,0,0,0,0,0,0,0,0,0,0,0,0,0,0,0,0,0,0,0,0,8,0,39.9844,-75.1544, , 
49131,553590,2013103921,6,67,67301,2013,9,4,814,8,1,1,0,1,1, , ,N,0,0,0,3,0,1,2,2,N,N,40 01:10.905,75 12:04.071,820, ,814,1,2,5,N, ,0,N, , , , , , , , ,2,0,0,0,1,0,1,0,0,0,0,1,1,0,0,0,0,0,0,0,1,0,0,0,0,0,0,0,0,0,0,0,0,0,0,4,0,40.0197,-75.2011, , 
49132,542655,2013046037,6,67,67301,2013,5,5,1742,17,1,1,0,5,2, , ,N,0,2,0,3,0,0,2,2,N,N,39 58:43.230,75 09:28.092,1747, ,1746, ,0, ,N, ,3, , , , , , , , , ,2,2,0,0,0,0,0,0,0,0,0,0,0,0,0,0,0,0,0,0,0,0,0,1,0,0,0,0,0,0,0,0,0,0,0,0,0,39.9787,-75.1578, , 
49133,542659,2013050239,6,67,67301,2013,4,2,610,6,3,1,0,4,2, , ,N,0,0,0,3,0,0,1,2,N,N,40 01:25.838,75 07:18.818,905, ,903, ,0, ,N, ,0, , , , , , , , , ,2,1,0,0,0,0,0,0,0,0,0,0,0,0,1,0,0,0,0,0,0,0,0,0,0,0,0,0,0,0,0,0,0,0,0,9,0,40.0238,-75.1219, , 
49134,542693,2013035301,6,67,67301,2013,3,7,9999,99,1,1,0,8,1, , ,N,0,0,0,3,0,1,2,2,N, ,40 02:20.409,75 04:40.345,1227, ,1220, ,0, , , ,0, , , , , , , , , ,1,0,0,0,0,0,0,0,0,0,0,1,1,0,0,0,0,0,0,0,0,0,0,0,0,0,0,0,0,0,0,0,1,0,0,4,0,40.039,-75.0779, , 
49135,542709,2013053120,6,67,67301,2013,4,3,1820,18,1,8,8,1,1, , ,N,2,4,0,3,0,1,3,2,N, ,39 54:36.851,75 11:10.474,1835, ,1830, ,0, , , ,3, , , , , , , , , ,2,0,0,0,1,0,1,0,0,0,0,1,1,0,0,0,0,0,0,0,0,0,0,1,0,0,0,0,0,0,0,0,0,0,0,4,0,39.9101,-75.1862, , 
49136,542735,2013024967,6,67,67301,2013,1,7,944,9,1,1,1,1,1, , ,N,0,0,0,3,0,1,2,2,N,N,40 04:27.769,75 02:04.429,949, ,945,1,1,1,N, ,0,N, , , , , , , , ,2,1,0,0,0,0,1,0,0,0,0,1,1,0,0,0,0,0,0,0,0,0,0,1,0,0,0,0,0,0,0,0,0,0,0,4,0,40.0744,-75.0346, , 
49137,542748,2013042931,6,67,67301,2013,4,6,2057,20,3,2,1,0,1, , ,N,0,0,0,3,0,0,2,1,N,N,39 54:06.927,75 09:05.251,2109, ,2058, ,0, ,N, ,0, , , , , , , , , ,1,1,0,0,0,0,0,0,0,0,0,0,0,0,0,0,0,0,0,0,0,0,0,0,0,0,0,0,0,0,0,0,0,0,0,0,0,39.9019,-75.1515, , 
49138,542755,2013050328,6,67,67301,2013,4,2,9999,99,3,2,1,6,2, , ,N,0,0,0,3,0,1,1,2,N,N,40 01:23.325,75 08:54.481,335, ,324, ,0, ,N, ,0, , , , , , , , , ,2,1,0,0,1,0,0,0,0,1,0,0,1,0,0,0,0,0,0,0,0,0,0,0,0,0,0,0,0,0,0,0,0,0,0,2,0,40.0231,-75.1485, , 
49139,542758,2013055867,6,67,67301,2013,4,7,1409,14,1,1,0,8,1, , ,N,0,0,0,3,0,1,2,2,N,N,40 04:44.536,75 05:07.695,1418, ,1409, ,0, , , ,0, , , , , , , , , ,1,0,0,0,0,0,1,0,0,0,0,0,1,1,0,0,0,0,0,0,0,0,0,1,0,0,0,0,0,0,0,0,1,0,0,8,0,40.079,-75.0855, , 
49140,542773,2013022298,6,67,67301,2013,1,5,9999,99,1,9,0,8,1, , ,N,1,0,0,3,0,1,2,2,N, ,40 01:35.986,75 10:38.045,1023, ,1019, ,0, , , ,0, , , , , , , , , ,1,1,0,0,0,0,0,0,0,0,0,0,1,1,0,0,0,0,0,0,0,0,0,0,0,0,0,0,0,0,0,0,1,0,0,8,0,40.0267,-75.1772, , 
49141,542776,2013027406,6,67,67301,2013,1,3,400,4,3,1,0,4,1, , ,N,1,2,0,3,0,3,3,2,N,N,39 57:29.829,75 09:50.647,400, ,400,3,2,7,N, ,3,N, , , , , , , , ,2,1,0,0,0,0,1,0,0,1,1,0,3,1,0,0,0,0,0,0,1,0,0,2,0,1,0,0,0,0,0,0,0,0,0,2,0,39.9583,-75.1641, , 
49142,542798,2013047280,6,67,67301,2013,4,6,345,3,3,2,1,5,6, , ,N,0,0,0,3,0,0,2,2,N,N,40 05:04.225,75 02:37.471,400, ,352, ,0, , , ,0, , , , , , , , , ,2,0,0,0,0,0,1,1,0,0,0,0,0,0,0,0,0,0,0,0,0,0,0,0,0,0,0,0,0,0,0,0,0,0,0,0,0,40.0845,-75.0437, , 
49143,542803,2013055378,6,67,67301,2013,5,2,1800,18,1,1,0,8,1, , ,N,1,2,0,3,0,1,2,2,N, ,40 01:06.336,75 08:56.889,1810, ,1800, ,0, , , ,3, , , , , , , , , ,1,1,0,0,0,0,0,0,0,0,0,1,1,0,0,0,0,0,0,0,1,0,0,0,0,0,0,0,0,0,0,0,1,0,0,4,0,40.0184,-75.1491, , 
49144,542804,2013055580,6,67,67301,2013,4,3,1242,12,1,1,0,4,1, , ,N,0,0,0,3,0,2,2,2,N,N,39 56:27.749,75 11:51.788,1300, ,1255, ,0, ,N, ,0, , , , , , , , , ,2,0,0,0,0,0,2,0,0,0,0,2,2,0,0,0,0,0,0,0,0,0,0,0,0,0,0,0,0,0,0,0,0,0,0,4,0,39.941,-75.1977, , 
49145,542822,2013022302,6,67,67301,2013,1,3,900,9,1,1,6,8,2, , ,N,1,0,0,3,0,1,2,2,N, ,39 55:14.358,75 10:14.006,905, ,903, ,0, , , ,0, , , , , , , , , ,1,1,0,0,0,0,0,0,0,0,0,1,1,0,0,0,0,0,0,0,0,0,1,0,0,0,0,0,0,0,0,0,1,0,0,4,0,39.9206,-75.1704, , 
49146,542840,2013041357,6,67,67301,2013,3,6,1700,17,3,1,0,1,1, , ,N,0,0,0,3,0,2,3,2,N,N,39 57:32.436,75 10:26.482,1910, ,1905, ,0, , , ,0, , , , , , , , , ,2,2,0,0,0,0,0,0,0,0,0,0,2,2,0,0,0,0,0,0,1,0,0,0,0,0,0,0,0,0,0,0,0,0,0,8,0,39.959,-75.174, , 
49147,542875,2013032478,6,67,67301,2013,2,4,730,7,1,1,0,1,1, , ,N,0,0,0,3,0,0,2,2,N, ,39 54:10.324,75 11:36.837,735, ,730,1,1,3, , ,0,N, , , , , , , , ,2,2,0,0,0,0,0,0,0,0,0,0,0,0,0,0,0,0,0,0,1,0,0,0,0,0,0,0,0,0,0,0,0,0,0,0,0,39.9029,-75.1936, , 
49148,542884,2013044145,6,67,67301,2013,3,1,2135,21,3,2,1,4,1, , ,N,0,0,0,3,0,5,6,2,N,N,39 59:09.679,75 12:51.944,2148, ,2136,3,2,6,N, ,0,Y, , , , , , , , ,2,2,0,0,0,0,0,0,0,0,0,0,5,5,0,0,0,0,0,0,0,0,0,0,0,0,0,0,0,0,0,0,0,0,0,8,0,39.986,-75.2144, , 
49149,542894,2013055479,6,67,67301,2013,5,2,430,4,3,1,0,7,5, , ,N,0,0,0,3,0,1,1,1,N,N,40 02:56.504,75 01:57.431,447, ,445,4,1,3, , ,0,Y, , , , , , , , ,1,1,0,0,0,0,0,0,0,0,0,1,1,0,0,0,0,0,0,0,0,0,0,0,0,0,0,0,0,0,0,0,0,0,0,4,0,40.049,-75.0326, , 
49150,542912,2013010621,6,67,67301,2013,1,7,1000,10,1,1,0,5,1,1,4,Y,0,0,0,3,0,1,4,3,N,N,40 01:14.404,75 02:32.721,1009,45,1002,2,2,1,N, ,0,N,N,N,N,N,Y,N,N,N,3,3,0,0,0,0,0,0,0,0,0,1,1,0,0,0,0,0,0,0,0,0,0,0,0,0,0,0,0,0,0,0,0,0,0,4,0,40.0206,-75.0426, , 
49151,546345,2013035190,6,67,67301,2013,2,7,1046,10,1,2,1,8,1, , ,N,1,3,0,3,0,1,2,2,N,N,39 56:06.640,75 10:31.933,1048, ,1048, ,0, ,N, ,3, , , , , , , , , ,1,1,0,0,0,0,0,0,0,0,0,0,1,1,0,0,0,0,0,0,0,0,0,0,0,0,0,0,0,0,0,0,1,0,0,8,0,39.9352,-75.1755, , 
49152,546356,2013043756,6,67,67301,2013,3,6,1815,18,1,1,0,7,3, , ,N,2,2,0,3,0,1,1,1,N,N,40 02:12.213,75 03:45.165,1821, ,1817,1,1,1,Y, ,3,N, , , , , , , , ,1,1,0,0,0,0,0,0,0,0,1,0,1,0,0,0,0,0,0,0,0,0,0,0,0,0,0,0,0,0,0,0,0,0,0,3,0,40.0367,-75.0625, , 