objectid_1,objectid,crn,district,county,municipality,crash_year,crash_month,day_of_week,time_of_day,hour_of_day,illumination,weather,road_condition,collision_type,relation_to_road,work_zone_type,work_zone_loc,work_zone_ind,intersect_type,tcd_type,location_type,urban_rural,fatal_count,injury_count,person_count,total_units,sch_bus_ind,sch_zone_ind,latitude,longitude,arrival_tm,cons_zone_spd_lim,dispatch_tm,est_hrs_closed,lane_closed,ln_close_dir,ntfy_hiwy_maint,spec_juris_cd,tcd_func_cd,tfc_detour_ind,workers_pres,wz_close_detour,wz_flagger,wz_law_offcr_ind,wz_ln_closure,wz_moving,wz_other,wz_shlder_mdn,vehicle_count,automobile_count,motorcycle_count,bus_count,small_truck_count,heavy_truck_count,suv_count,van_count,bicycle_count,maj_inj_count,mod_inj_count,min_inj_count,tot_inj_count,unk_inj_deg_count,unk_inj_per_count,driver_count_16yr,driver_count_17yr,driver_count_18yr,driver_count_19yr,driver_count_20yr,driver_count_50_64yr,driver_count_65_74yr,driver_count_75plus,unbelted_occ_count,unb_death_count,unb_maj_inj_count,belted_death_count,belted_maj_inj_count,mcycle_death_count,mcycle_maj_inj_count,bicycle_death_count,bicycle_maj_inj_count,ped_count,ped_death_count,ped_maj_inj_count,max_severity_level,comm_veh_count,dec_lat,dec_long,rdwy_surf_type_cd,county_name
49153,546361,2013047330,6,67,67301,2013,4,1,2112,21,3,1,0,5,2, , ,N,0,0,0,3,0,1,3,2,N,N,40 00:30.970,75 05:22.563,2139, ,2134, ,0, ,N, ,0, , , , , , , , , ,2,2,0,0,0,0,0,0,0,0,0,1,1,0,0,0,0,0,0,0,0,0,1,0,0,0,0,0,0,0,0,0,0,0,0,4,0,40.0086,-75.0896, , 
49154,546369,2013055488,6,67,67301,2013,5,4,9999,99,3,1,0,4,1, , ,N,1,2,0,3,0,2,3,2,N,N,39 59:22.466,75 09:25.981,211, ,211, ,0, ,N, ,3, , , , , , , , , ,2,1,0,0,0,0,0,1,0,0,0,2,2,0,0,0,0,0,0,0,0,0,0,0,0,0,0,0,0,0,0,0,0,0,0,4,0,39.9896,-75.1572, , 
49155,546406,2013038556,6,67,67301,2013,3,5,2023,20,3,1,0,5,2, , ,N,2,0,0,3,0,0,1,2,N,N,40 04:26.454,75 09:38.285,2038, ,2034,1,1,4,N, ,0,N, , , , , , , , ,2,2,0,0,0,0,0,0,0,0,0,0,0,0,0,0,0,0,0,0,0,0,0,0,0,0,0,0,0,0,0,0,0,0,0,0,0,40.074,-75.1606, , 
49156,546421,2013059005,6,67,67301,2013,5,6,1644,16,1,1,0,1,1, , ,N,0,0,0,3,0,0,3,3,N,N,39 58:54.848,75 06:03.806,1704, ,1652, ,0, ,N, ,0, , , , , , , , , ,3,2,0,0,0,0,1,0,0,0,0,0,0,0,0,0,0,1,0,0,1,1,0,0,0,0,0,0,0,0,0,0,0,0,0,0,0,39.9818,-75.1012, , 
49157,546432,2013022307,6,67,67301,2013,1,4,1935,19,3,1,1,2,1, , ,N,1,2,0,3,0,2,2,2,N, ,39 57:26.294,75 10:10.652,1950, ,1945,1,1,4, , ,3,Y, , , , , , , , ,2,2,0,0,0,0,0,0,0,0,0,2,2,0,0,0,0,0,0,0,0,0,0,0,0,0,0,0,0,0,0,0,0,0,0,4,0,39.9573,-75.1696, , 
49158,546436,2013023547,6,67,67301,2013,1,3,1700,17,8,9,8,8,1, , ,N,1,2,0,3,0,1,2,2,N,N,40 00:00.790,75 08:31.774,1531, ,1531, ,0, ,N, ,3, , , , , , , , , ,1,0,0,0,0,0,1,0,0,0,1,0,1,0,0,0,0,0,0,0,0,0,0,0,0,0,0,0,0,0,0,0,1,0,0,3,0,40.0002,-75.1422, , 
49159,546448,2013035008,6,67,67301,2013,3,5,1809,18,3,1,0,1,1, , ,N,1,2,0,3,0,1,2,2,N,N,39 55:44.943,75 11:13.894,1813, ,1810, ,0, ,N, ,3, , , , , , , , , ,2,0,0,0,0,0,2,0,0,0,0,1,1,0,0,0,0,0,0,0,0,0,0,0,0,0,0,0,0,0,0,0,0,0,0,4,0,39.9292,-75.1872, , 
49160,546454,2013041300,6,67,67301,2013,3,6,1618,16,1,1,0,1,1, , ,N,0,0,0,3,0,1,2,2,N, ,40 00:30.333,75 07:52.471,1620, ,1619, ,0, , , ,0, , , , , , , , , ,2,2,0,0,0,0,0,0,0,0,1,0,1,0,0,0,0,0,0,0,0,0,0,0,0,0,0,0,0,0,0,0,0,0,0,3,0,40.0084,-75.1312, , 
49161,546465,2013050332,6,67,67301,2013,4,1,220,2,3,1,0,5,6, , ,N,0,0,0,3,0,1,1,3,N,N,40 07:32.196,75 01:07.788,230, ,220, ,0, , , ,0, , , , , , , , , ,3,2,0,0,1,0,0,0,0,0,0,1,1,0,0,0,0,0,0,0,0,0,0,0,0,0,0,0,0,0,0,0,0,0,0,4,0,40.1256,-75.0188, , 
49162,546473,2013050349,6,67,67301,2013,4,1,1056,10,1,1,0,5,1, , ,N,0,0,0,3,0,1,4,4,N, ,40 02:02.086,75 01:47.085,1100, ,1056, ,0, , , ,0, , , , , , , , , ,4,4,0,0,0,0,0,0,0,0,0,1,1,0,0,0,0,0,0,0,0,0,0,0,0,0,0,0,0,0,0,0,0,0,0,4,0,40.0339,-75.0297, , 
49163,546479,2013007402,6,67,67301,2013,1,2,2136,21,3,2,1,7,3, , ,N,0,0,0,3,0,0,1,1,N,N,39 57:41.359,75 08:24.678,2137, ,2137, ,0, ,N, ,0, , , , , , , , , ,1,1,0,0,0,0,0,0,0,0,0,0,0,0,0,0,0,0,0,0,0,0,0,0,0,0,0,0,0,0,0,0,0,0,0,0,0,39.9615,-75.1402, , 
49164,546487,2013016185,6,67,67301,2013,1,7,2154,21,3,1,0,5,6, , ,N,0,0,0,3,0,0,2,5,N,N,39 54:13.237,75 14:36.196,2216, ,2213,1,2,4,N, ,0,N, , , , , , , , ,5,5,0,0,0,0,0,0,0,0,0,0,0,0,2,0,0,0,0,0,0,1,0,0,0,0,0,0,0,0,0,0,0,0,0,9,0,39.9037,-75.2434, , 
49165,546491,2013024130,6,67,67301,2013,2,7,2230,22,3,2,1,7,2, , ,N,0,0,3,3,0,1,1,1,N,N,39 57:35.648,75 10:44.468,2239, ,2233,1,1,3,N, ,0,N, , , , , , , , ,1,1,0,0,0,0,0,0,0,0,0,1,1,0,0,0,0,0,0,0,0,0,0,0,0,0,0,0,0,0,0,0,0,0,0,4,0,39.9599,-75.179, , 
49166,546500,2013037405,6,67,67301,2013,3,2,5,0,3,1,0,4,1, , ,N,0,2,7,3,0,0,2,2,N,N,39 54:37.199,75 09:51.073,25, ,18, ,0, , , ,3, , , , , , , , , ,2,1,0,0,0,1,0,0,0,0,0,0,0,0,1,0,0,0,0,0,0,0,0,0,0,0,0,0,0,0,0,0,0,0,0,9,1,39.9103,-75.1642, , 
49167,546503,2013041961,6,67,67301,2013,3,7,133,1,3,1,0,4,2, , ,N,0,0,0,3,0,0,1,3,N,N,39 56:39.553,75 09:18.657,135, ,133, ,0, , , ,0, , , , , , , , , ,3,2,0,0,0,0,1,0,0,0,0,0,0,0,0,0,0,0,0,0,0,0,0,0,0,0,0,0,0,0,0,0,0,0,0,0,0,39.9443,-75.1552, , 
49168,546535,2013024875,6,67,67301,2013,2,1,259,2,3,4,3,4,1, , ,N,1,3,0,3,0,0,3,2,N,N,39 56:59.866,75 09:46.799,259, ,259, ,0, , , ,3, , , , , , , , , ,2,1,0,0,1,0,0,0,0,0,0,0,0,0,0,0,0,0,0,0,0,0,0,0,0,0,0,0,0,0,0,0,0,0,0,0,0,39.95,-75.163, , 
49169,546547,2013043471,6,67,67301,2013,3,1,1655,16,1,1,0,1,1, , ,N,0,0,0,3,0,3,5,2,N,N,40 01:28.840,75 07:48.159,1700, ,1655,1,1,2,N, ,0,N, , , , , , , , ,2,0,0,0,0,0,1,1,0,0,0,3,3,0,0,0,0,0,0,0,1,0,0,1,0,0,0,0,0,0,0,0,0,0,0,4,0,40.0247,-75.13, , 
49170,550443,2013022283,6,67,67301,2013,1,6,2230,22,2,1,0,7,5, , ,N,0,0,0,3,0,1,1,1,N, ,39 59:18.139,75 08:51.590,2250, ,2245, ,0, ,N, ,0, , , , , , , , , ,1,1,0,0,0,0,0,0,0,0,0,1,1,0,0,0,0,0,0,0,0,0,0,0,0,0,0,0,0,0,0,0,0,0,0,4,0,39.9884,-75.1477, , 
49171,550454,2013035225,6,67,67301,2013,2,1,2315,23,3,1,0,4,2, , ,N,0,0,0,3,0,1,1,5,N,N,39 59:42.936,75 06:56.865,45, ,34, ,0, ,N, ,0, , , , , , , , , ,5,3,0,0,0,0,1,1,0,0,0,0,1,1,0,0,0,0,0,0,0,0,0,0,0,0,0,0,0,0,0,0,0,0,0,8,0,39.9953,-75.1158, , 
49172,550467,2013046314,6,67,67301,2013,4,4,1258,12,1,1,0,1,1, , ,N,0,0,0,3,0,1,3,2,N,N,39 55:06.110,75 14:19.716,1302, ,1301, ,0, ,N, ,0, , , , , , , , , ,2,1,0,0,0,0,1,0,0,0,0,1,1,0,0,0,0,0,0,0,0,0,0,0,0,0,0,0,0,0,0,0,0,0,0,4,0,39.9184,-75.2388, , 
49173,550487,2013023535,6,67,67301,2013,1,1,1640,16,1,1,0,4,1, , ,N,1,2,0,3,0,1,2,2,N,N,39 58:13.274,75 14:08.548,1645, ,1635, ,0, ,N, ,3, , , , , , , , , ,2,2,0,0,0,0,0,0,0,0,1,0,1,0,0,0,0,0,0,1,0,0,0,0,0,0,0,0,0,0,0,0,0,0,0,3,0,39.9704,-75.2357, , 
49174,550500,2013046346,6,67,67301,2013,4,6,1545,15,1,1,0,8,1, , ,N,2,0,0,3,0,1,2,2,N, ,39 57:40.906,75 09:41.616,1605, ,1600, ,0, , , ,0, , , , , , , , , ,1,1,0,0,0,0,0,0,0,0,0,0,1,1,0,0,0,0,0,0,0,0,0,0,0,0,0,0,0,0,0,0,1,0,0,8,0,39.9614,-75.1616, , 
49175,550520,2013065285,6,67,67301,2013,5,3,1520,15,1,1,0,8,1, , ,N,1,2,0,3,0,1,2,2,N, ,39 56:26.512,75 13:26.950,1526, ,1524, ,0, ,N, ,3, , , , , , , , , ,1,1,0,0,0,0,0,0,0,0,0,1,1,0,0,0,0,0,0,0,0,0,0,0,0,0,0,0,0,0,0,0,1,0,0,4,0,39.9407,-75.2242, , 
49176,550521,2013065533,6,67,67301,2013,6,1,1020,10,1,1,0,1,1, , ,N,1,2,0,3,0,1,4,2,N,N,40 07:07.975,75 01:04.685,1035, ,1027, ,0, ,N, ,3, , , , , , , , , ,2,1,0,0,0,0,0,1,0,0,0,0,1,1,0,0,0,0,0,0,0,0,0,0,0,0,0,0,0,0,0,0,0,0,0,8,0,40.1189,-75.018, , 
49177,550529,2013070436,6,67,67301,2013,6,5,1959,19,4,2,1,8,1, , ,N,1,3,0,3,0,1,2,2,N, ,40 02:20.171,75 02:06.073,2009, ,2001, ,0, , , ,3, , , , , , , , , ,1,1,0,0,0,0,0,0,0,0,0,0,1,1,0,0,0,0,0,0,0,0,0,0,0,0,0,0,0,0,0,0,1,0,0,8,0,40.0388,-75.0353, , 
49178,550545,2013084414,6,67,67301,2013,7,2,1346,13,1,1,0,4,1, , ,N,1,2,0,3,0,2,2,2,N, ,39 58:01.981,75 10:06.869,1349, ,1346, ,0, , , ,3, , , , , , , , , ,2,2,0,0,0,0,0,0,0,0,0,2,2,0,0,0,0,0,0,0,0,0,0,0,0,0,0,0,0,0,0,0,0,0,0,4,0,39.9672,-75.1686, , 
49179,550554,2013093183,6,67,67301,2013,8,3,2100,21,3,1,0,1,1, , ,N,1,2,0,3,0,1,2,2,N,N,39 59:06.525,75 09:35.319,2108, ,2105, ,0, , , ,3, , , , , , , , , ,2,1,0,0,0,0,1,0,0,0,0,0,1,1,0,0,0,0,0,0,1,1,0,0,0,0,0,0,0,0,0,0,0,0,0,8,0,39.9851,-75.1598, , 
49180,550595,2013029657,6,67,67301,2013,2,2,912,9,1,1,0,1,1, , ,N,0,0,0,3,0,1,2,2,N,N,40 02:30.528,75 08:38.468,914, ,913, ,0, ,N, ,0, , , , , , , , , ,1,1,0,0,0,0,0,0,1,0,0,1,1,0,0,0,0,0,0,0,0,0,0,0,0,0,0,0,0,0,0,0,0,0,0,4,0,40.0418,-75.144, , 
49181,550608,2013053144,6,67,67301,2013,4,7,2223,22,3,1,0,4,1, , ,N,2,0,7,3,0,1,2,2,N, ,40 01:43.255,75 02:37.845,2230, ,2224, ,0, , , ,0, , , , , , , , , ,1,0,0,0,1,0,0,0,1,0,0,1,1,0,0,0,0,0,0,0,0,0,0,0,0,0,0,0,0,0,0,0,0,0,0,4,0,40.0287,-75.0438, , 
49182,550609,2013055468,6,67,67301,2013,5,7,347,3,3,2,1,4,2, , ,N,0,0,0,3,0,1,1,4,N, ,39 55:13.879,75 14:28.986,353, ,347,2,1,1, , ,0,N, , , , , , , , ,4,3,0,0,0,0,1,0,0,0,0,0,1,1,0,0,0,0,0,0,0,0,0,0,0,0,0,0,0,0,0,0,0,0,0,8,0,39.9205,-75.2414, , 
49183,550613,2013063131,6,67,67301,2013,5,4,1954,19,1,1,0,8,1, , ,N,0,0,0,3,0,1,2,2,N,N,40 00:35.859,75 09:15.757,2004, ,1959, ,0, ,N, ,0, , , , , , , , , ,1,1,0,0,0,0,0,0,0,0,0,1,1,0,0,0,0,0,0,0,0,0,0,0,0,0,0,0,0,0,0,0,1,0,0,4,0,40.01,-75.1544, , 
49184,550617,2013072198,6,67,67301,2013,6,2,1245,12,1,1,0,8,1, , ,N,2,2,0,3,0,1,2,2,N,N,39 57:12.784,75 09:22.668,1246, ,1245, ,0, , , ,3, , , , , , , , , ,1,1,0,0,0,0,0,0,0,0,0,1,1,0,0,0,0,0,0,0,0,0,0,0,0,0,0,0,0,0,0,0,1,0,0,4,0,39.9536,-75.1563, , 
49185,550647,2013037432,6,67,67301,2013,3,1,0,0,3,2,1,8,1, , ,N,1,3,0,3,0,1,2,2,N, ,39 57:36.615,75 14:42.795,1, ,0, ,0, , , ,3, , , , , , , , , ,1,1,0,0,0,0,0,0,0,0,0,1,1,0,0,0,0,0,0,0,0,0,0,0,0,0,0,0,0,0,0,0,1,0,0,4,0,39.9602,-75.2452, , 
49186,550652,2013043168,6,67,67301,2013,4,6,1739,17,1,1,1,1,1, , ,N,0,0,0,3,0,1,5,3,N,N,39 58:46.863,75 06:24.025,1750, ,1742,1,2,1,N, ,0,N, , , , , , , , ,3,3,0,0,0,0,0,0,0,0,0,1,1,0,0,0,0,0,0,0,1,0,0,0,0,0,0,0,0,0,0,0,0,0,0,4,0,39.9796,-75.1068, , 
49187,550665,2013052135,6,67,67301,2013,5,7,1637,16,1,2,1,1,1, , ,N,0,0,0,3,0,1,7,3,N,N,39 57:27.882,75 09:41.644,1653, ,1637, ,0, ,N, ,0, , , , , , , , , ,3,2,0,0,0,0,1,0,0,0,0,0,1,1,0,0,0,0,0,0,0,0,0,0,0,0,0,0,0,0,0,0,0,0,0,8,0,39.9577,-75.1616, , 
49188,553591,2013106397,6,67,67301,2013,10,3,1820,18,3,1,0,1,1,1,4,Y,0,0,0,3,0,0,3,2,N,N,40 01:13.699,75 02:34.464,1840,45,1827,1,2,1,N, ,0,N,N,N,N,N,Y,Y,N,Y,2,1,0,0,0,0,1,0,0,0,0,0,0,0,0,0,0,0,0,0,0,0,0,0,0,0,0,0,0,0,0,0,0,0,0,0,0,40.0204,-75.0431, , 
49189,553605,2013055463,6,67,67301,2013,5,5,904,9,1,1,0,8,1, , ,N,1,2,0,3,0,1,2,2,N,N,40 02:46.543,75 10:39.976,912, ,911, ,0, ,N, ,3, , , , , , , , , ,1,0,0,0,0,0,1,0,0,0,0,1,1,0,0,0,0,0,0,0,0,0,0,0,0,0,0,0,0,0,0,0,1,0,0,4,0,40.0463,-75.1778, , 
49190,553615,2013062619,6,67,67301,2013,5,4,1555,15,1,1,0,4,1, , ,N,1,2,0,3,0,2,5,2,N,N,40 02:25.798,75 03:31.964,1556, ,1556,1,1,2,N, ,3,N, , , , , , , , ,2,2,0,0,0,0,0,0,0,0,0,2,2,0,0,0,0,1,0,0,0,1,0,0,0,0,0,0,0,0,0,0,0,0,0,4,0,40.0405,-75.0589, , 
49191,553616,2013062964,6,67,67301,2013,6,5,2012,20,3,1,1,5,4, , ,N,0,0,0,3,0,0,3,2,N,N,39 58:56.125,75 12:27.800,2021, ,2014,1,1,3,N, ,0,N, , , , , , , , ,2,0,0,0,1,0,1,0,0,0,0,0,0,0,0,0,0,0,0,0,0,0,0,0,0,0,0,0,0,0,0,0,0,0,0,0,0,39.9823,-75.2077, , 
49192,553622,2013070990,6,67,67301,2013,6,5,2001,20,1,1,0,8,1, , ,N,1,2,0,3,0,1,2,2,N, ,39 57:04.885,75 09:18.588,2010, ,2008, ,0, , , ,3, , , , , , , , , ,1,1,0,0,0,0,0,0,0,0,0,1,1,0,0,0,0,0,0,0,0,0,0,0,0,0,0,0,0,0,0,0,1,0,0,4,0,39.9513,-75.1551, , 
49193,553628,2013077367,6,67,67301,2013,7,3,1939,19,1,2,1,4,1, , ,N,5,2,0,3,0,1,2,2,N,N,39 57:42.623,75 09:27.136,1940, ,1939,2,2,4, , ,3,Y, , , , , , , , ,2,1,0,0,0,0,1,0,0,0,0,1,1,0,0,0,0,0,0,0,0,0,0,0,0,0,0,0,0,0,0,0,0,0,0,4,0,39.9617,-75.1575, , 
49194,553634,2013086946,6,67,67301,2013,8,3,855,8,1,1,1,4,1, , ,N,2,3,0,3,0,1,2,2,N, ,39 58:39.900,75 13:35.268,907, ,906, ,0, , , ,3, , , , , , , , , ,1,0,0,0,0,0,0,1,1,0,0,1,1,0,0,0,0,0,0,0,1,0,0,0,0,0,0,0,0,0,0,0,0,0,0,4,0,39.9777,-75.2264, , 
49195,553654,2013053040,6,67,67301,2013,4,5,1430,14,1,1,0,1,1, , ,N,3,2,0,3,0,1,3,2,N, ,40 06:02.907,75 00:27.961,1603, ,1603, ,0, , , ,2, , , , , , , , , ,2,2,0,0,0,0,0,0,0,0,0,1,1,0,0,0,0,0,0,0,1,0,0,0,0,0,0,0,0,0,0,0,0,0,0,4,0,40.1008,-75.0078, , 
49196,553668,2013023563,6,67,67301,2013,1,3,1514,15,1,1,0,1,1, , ,N,1,2,0,3,0,1,2,2,N,N,40 05:04.029,75 02:18.148,1610, ,1607,1,1,2,N, ,3,N, , , , , , , , ,2,1,0,0,0,0,1,0,0,0,0,0,1,1,0,0,0,0,0,0,1,0,0,0,0,0,0,0,0,0,0,0,0,0,0,8,0,40.0845,-75.0384, , 
49197,553672,2013029775,6,67,67301,2013,2,5,9999,99,1,1,0,8,1, , ,N,0,0,0,3,0,1,2,2,N,N,40 01:42.214,75 07:45.955,1225, ,1222,1,1,6,N, ,0,Y, , , , , , , , ,1,1,0,0,0,0,0,0,0,0,0,1,1,0,0,0,0,0,0,0,1,0,0,0,0,0,0,0,0,0,0,0,1,0,0,4,0,40.0284,-75.1294, , 
49198,553677,2013041301,6,67,67301,2013,3,7,2056,20,3,2,1,4,1, , ,N,1,0,0,3,0,1,2,2,N,N,39 58:28.305,75 07:59.213,2101, ,2058, ,0, ,N, ,0, , , , , , , , , ,1,1,0,0,0,0,0,0,1,0,0,1,1,0,0,0,0,0,0,0,0,0,0,0,0,0,0,0,0,0,0,0,0,0,0,4,0,39.9745,-75.1331, , 
49199,553690,2013065532,6,67,67301,2013,5,6,1700,17,1,1,0,4,1, , ,N,1,2,0,3,0,2,2,2,N,N,40 03:34.337,75 09:55.640,1705, ,1701, ,0, ,N, ,3, , , , , , , , , ,2,2,0,0,0,0,0,0,0,0,0,1,2,1,0,0,0,0,0,0,0,1,0,0,0,0,0,0,0,0,0,0,0,0,0,4,0,40.0595,-75.1655, , 
49200,553698,2013070140,6,67,67301,2013,6,7,1145,11,1,1,0,4,1, , ,N,1,2,0,3,0,2,3,2,N,N,40 02:40.636,75 03:16.819,1158, ,1153, ,0, , , ,3, , , , , , , , , ,2,1,0,0,1,0,0,0,0,0,0,2,2,0,1,0,0,0,0,0,1,1,0,0,0,0,0,0,0,0,0,0,0,0,0,4,0,40.0446,-75.0547, , 
49201,553699,2013070335,6,67,67301,2013,6,4,1640,16,1,1,0,4,1, , ,N,0,0,0,3,0,1,2,2,N, ,39 58:39.154,75 14:10.464,1658, ,653, ,0, , , ,0, , , , , , , , , ,1,1,0,0,0,0,0,0,1,0,0,1,1,0,0,0,0,0,0,0,0,0,0,0,0,0,0,0,0,0,0,0,0,0,0,4,0,39.9775,-75.2362, , 
49202,553714,2013065571,6,67,67301,2013,5,3,1145,11,1,1,0,4,1, , ,N,0,0,7,3,0,1,2,2,N, ,39 55:51.344,75 13:36.314,1200, ,1145, ,0, , , ,0, , , , , , , , , ,2,1,0,0,0,0,1,0,0,0,0,1,1,0,0,0,0,0,1,0,1,0,0,0,0,0,0,0,0,0,0,0,0,0,0,4,0,39.9309,-75.2268, , 
49203,553721,2013074735,6,67,67301,2013,6,4,1800,18,1,1,0,4,1, , ,N,1,3,0,3,0,1,4,2,N,N,39 56:11.263,75 08:48.105,1805, ,1805, ,0, ,N, ,3, , , , , , , , , ,2,2,0,0,0,0,0,0,0,0,0,1,1,0,0,0,0,0,0,0,0,1,0,2,0,0,0,0,0,0,0,0,0,0,0,4,0,39.9365,-75.1467, , 
49204,553744,2013094668,6,67,67301,2013,6,7,2330,23,6,2,1,9,9, , ,N,1,0,0,3,0,1,1,1,N,N,39 59:00.370,75 07:08.921,0, ,0, ,0, ,N, ,0, , , , , , , , , ,1,1,0,0,0,0,0,0,0,0,0,0,1,1,0,0,0,0,0,0,1,0,0,0,0,0,0,0,0,0,0,0,0,0,0,8,0,39.9834,-75.1191, , 
49205,553759,2013016146,6,67,67301,2013,1,1,755,7,1,6,1,7,2, , ,N,0,0,0,3,0,1,1,1,N,N,40 01:10.421,75 03:00.218,950, ,940, ,0, ,N, ,0, , , , , , , , , ,1,1,0,0,0,0,0,0,0,0,0,0,1,1,0,0,0,0,0,0,0,0,0,0,0,0,0,0,0,0,0,0,0,0,0,8,0,40.0196,-75.0501, , 
49206,542925,2013030104,6,67,67301,2013,2,4,1838,18,3,2,1,8,1, , ,N,1,2,0,3,0,1,2,2,N, ,39 56:22.379,75 11:53.331,1846, ,1843, ,0, , , ,3, , , , , , , , , ,1,0,0,0,0,0,0,1,0,0,0,1,1,0,0,0,0,0,0,0,1,0,0,0,0,0,0,0,0,0,0,0,1,0,0,4,0,39.9395,-75.1981, , 
49207,542935,2013046419,6,67,67301,2013,4,3,1120,11,1,1,0,7,3, , ,N,1,2,0,3,0,1,1,1,N,N,40 03:42.317,75 03:21.839,1125, ,1125,1,1,2,N, ,3,N, , , , , , , , ,1,1,0,0,0,0,0,0,0,0,0,0,1,1,0,0,0,0,0,0,0,0,0,0,0,0,0,0,0,0,0,0,0,0,0,8,0,40.0618,-75.0561, , 
49208,542939,2013055403,6,67,67301,2013,5,1,1757,17,1,1,0,4,1, , ,N,1,2,0,3,0,1,3,2,N,N,39 56:38.115,75 09:06.879,1805, ,1757, ,0, ,N, ,3, , , , , , , , , ,1,1,0,0,0,0,0,0,1,0,0,0,1,1,0,0,0,0,0,0,1,0,0,0,0,0,0,0,0,0,0,0,0,0,0,8,0,39.9439,-75.1519, , 
49209,542940,2013055480,6,67,67301,2013,5,4,1201,12,1,1,0,1,1, , ,N,1,2,0,3,0,1,8,2,Y, ,39 55:36.102,75 11:15.812,1203, ,1201, ,0, , , ,3, , , , , , , , , ,2,1,0,1,0,0,0,0,0,0,0,1,1,0,0,0,0,0,0,0,2,0,0,0,0,0,0,0,0,0,0,0,0,0,0,4,1,39.9267,-75.1877, , 
49210,542947,2013065583,6,67,67301,2013,5,4,825,8,1,1,2,4,1, , ,N,2,2,0,3,0,1,2,2,N,N,40 00:34.506,75 10:49.505,835, ,830, ,0, ,N, ,3, , , , , , , , , ,1,1,0,0,0,0,0,0,1,0,1,0,1,0,0,0,0,0,0,0,0,0,0,0,0,0,0,0,0,0,0,0,0,0,0,3,0,40.0096,-75.1803, , 
49211,542962,2013054625,6,67,67301,2013,4,7,1500,15,1,1,0,1,1, , ,N,0,0,0,3,0,1,3,2,N,N,39 58:43.080,75 12:34.530,2008, ,2007, ,0, ,N, ,0, , , , , , , , , ,2,1,0,0,0,0,0,0,0,0,0,1,1,0,0,0,0,0,0,0,0,0,0,0,0,0,0,0,0,0,0,0,0,0,0,4,0,39.9786,-75.2096, , 
49212,542973,2013067500,6,67,67301,2013,6,5,1838,18,1,1,1,5,1, , ,N,0,0,0,3,0,1,4,2,N,N,39 53:49.818,75 11:19.752,1852, ,1840,1,1,2,N, ,0,N, , , , , , , , ,2,1,0,0,0,0,1,0,0,0,0,0,1,1,0,0,0,0,0,0,0,0,0,0,0,0,0,0,0,0,0,0,0,0,0,8,0,39.8972,-75.1888, , 
49213,542981,2013070277,6,67,67301,2013,5,1,1000,10,1,2,1,7,2, , ,N,0,0,0,3,0,1,2,1,N, ,40 02:56.504,75 01:57.431,1010, ,1000, ,0, ,N, ,0, , , , , , , , , ,1,1,0,0,0,0,0,0,0,0,1,0,1,0,0,0,0,0,0,0,0,1,0,0,0,0,0,0,0,0,0,0,0,0,0,3,0,40.049,-75.0326, , 
49214,542984,2013073299,6,67,67301,2013,5,1,2321,23,3,1,0,4,1, , ,N,0,0,0,3,0,1,3,2,N,N,39 55:12.205,75 08:53.538,2342, ,2322, ,0, ,N, ,0, , , , , , , , , ,2,2,0,0,0,0,0,0,0,0,0,1,1,0,1,0,0,0,0,0,0,0,0,0,0,0,0,0,0,0,0,0,0,0,0,4,0,39.9201,-75.1482, , 
49215,542989,2013079584,6,67,67301,2013,7,6,928,9,1,1,0,8,1, , ,N,1,2,0,3,0,1,2,2,N,N,40 02:08.965,75 10:29.000,930, ,9999,1,1,4,N, ,3,N, , , , , , , , ,1,1,0,0,0,0,0,0,0,0,0,0,1,1,0,0,0,0,0,0,0,1,0,0,0,0,0,0,0,0,0,0,1,0,0,8,0,40.0358,-75.1747, , 
49216,543030,2013032479,6,67,67301,2013,2,6,1433,14,1,1,0,4,1, , ,N,1,2,0,3,0,0,2,2,N,N,40 04:50.725,75 01:42.964,1440, ,1433, ,0, ,N, ,3, , , , , , , , , ,2,2,0,0,0,0,0,0,0,0,0,0,0,0,0,0,0,0,0,0,1,0,1,0,0,0,0,0,0,0,0,0,0,0,0,0,0,40.0808,-75.0286, , 
49217,543036,2013035094,6,67,67301,2013,3,7,209,2,3,1,0,1,6, , ,N,0,0,0,3,0,1,1,2,N,N,39 57:59.122,75 07:48.844,209, ,209, ,0, ,N, ,0, , , , , , , , , ,2,2,0,0,0,0,0,0,0,0,1,0,1,0,0,0,0,0,0,0,0,0,0,0,0,0,0,0,0,0,0,0,0,0,0,3,0,39.9664,-75.1302, , 
49218,543058,2013021888,6,67,67301,2013,2,5,1404,14,1,1,0,5,1, , ,N,0,0,0,3,0,0,4,4,N,N,39 58:28.720,75 11:39.032,1417, ,1408, ,0, ,N, ,0, , , , , , , , , ,4,3,0,0,0,1,0,0,0,0,0,0,0,0,0,0,0,0,0,0,1,0,0,0,0,0,0,0,0,0,0,0,0,0,0,0,1,39.9746,-75.1942, , 
49219,543069,2013035151,6,67,67301,2013,3,6,1945,19,2,1,0,8,1, , ,N,0,3,0,3,0,1,2,2,N, ,39 59:05.577,75 07:31.500,9999, ,1945, ,0, ,N, ,3, , , , , , , , , ,1,1,0,0,0,0,0,0,0,0,0,1,1,0,0,0,0,0,0,0,0,0,0,0,0,0,0,0,0,0,0,0,1,0,0,4,0,39.9849,-75.1254, , 
49220,543075,2013037336,6,67,67301,2013,2,1,245,2,3,1,0,7,3, , ,N,2,0,0,3,0,1,1,1,N,N,40 03:15.289,75 09:37.670,248, ,247, ,0, ,N, ,0, , , , , , , , , ,1,1,0,0,0,0,0,0,0,0,0,1,1,0,0,0,0,0,0,0,0,0,0,0,0,0,0,0,0,0,0,0,0,0,0,4,0,40.0542,-75.1605, , 