objectid_1,objectid,crn,district,county,municipality,crash_year,crash_month,day_of_week,time_of_day,hour_of_day,illumination,weather,road_condition,collision_type,relation_to_road,work_zone_type,work_zone_loc,work_zone_ind,intersect_type,tcd_type,location_type,urban_rural,fatal_count,injury_count,person_count,total_units,sch_bus_ind,sch_zone_ind,latitude,longitude,arrival_tm,cons_zone_spd_lim,dispatch_tm,est_hrs_closed,lane_closed,ln_close_dir,ntfy_hiwy_maint,spec_juris_cd,tcd_func_cd,tfc_detour_ind,workers_pres,wz_close_detour,wz_flagger,wz_law_offcr_ind,wz_ln_closure,wz_moving,wz_other,wz_shlder_mdn,vehicle_count,automobile_count,motorcycle_count,bus_count,small_truck_count,heavy_truck_count,suv_count,van_count,bicycle_count,maj_inj_count,mod_inj_count,min_inj_count,tot_inj_count,unk_inj_deg_count,unk_inj_per_count,driver_count_16yr,driver_count_17yr,driver_count_18yr,driver_count_19yr,driver_count_20yr,driver_count_50_64yr,driver_count_65_74yr,driver_count_75plus,unbelted_occ_count,unb_death_count,unb_maj_inj_count,belted_death_count,belted_maj_inj_count,mcycle_death_count,mcycle_maj_inj_count,bicycle_death_count,bicycle_maj_inj_count,ped_count,ped_death_count,ped_maj_inj_count,max_severity_level,comm_veh_count,dec_lat,dec_long,rdwy_surf_type_cd,county_name
49491,556310,2013050327,6,67,67301,2013,4,7,2138,21,3,1,0,7,5, , ,N,1,0,0,3,0,0,1,1,N,N,39 59:43.468,75 10:27.033,2143, ,2138, ,0, ,N, ,0, , , , , , , , , ,1,1,0,0,0,0,0,0,0,0,0,0,0,0,0,0,0,0,0,0,0,0,0,0,0,0,0,0,0,0,0,0,0,0,0,0,0,39.9954,-75.1742, , 
49492,556328,2013067395,6,67,67301,2013,7,3,1628,16,1,1,0,4,1, , ,N,1,2,0,3,0,1,2,2,N,N,39 59:05.784,75 09:29.717,1630, ,1630, ,0, ,N, ,3, , , , , , , , , ,1,1,0,0,0,0,0,0,1,0,0,1,1,0,0,0,0,0,0,0,0,0,0,0,0,0,0,0,0,0,0,0,0,0,0,4,0,39.9849,-75.1583, , 
49493,556329,2013070027,6,67,67301,2013,6,4,2208,22,3,1,0,8,1, , ,N,1,2,0,3,0,1,2,2,N,N,40 03:40.658,75 05:00.623,2217, ,2210, ,0, ,N, ,3, , , , , , , , , ,1,1,0,0,0,0,0,0,0,0,0,0,1,1,0,0,0,0,0,0,0,0,0,0,0,0,0,0,0,0,0,0,1,0,0,8,0,40.0612,-75.0835, , 
49494,556370,2013086744,6,67,67301,2013,8,5,1730,17,1,2,1,4,1, , ,N,1,2,0,3,0,1,6,3,N,N,39 58:27.041,75 10:49.571,9999, ,9999, ,0, ,N, ,3, , , , , , , , , ,3,2,0,0,0,0,0,1,0,0,0,0,1,1,0,0,0,0,0,0,0,0,0,1,0,0,0,0,0,0,0,0,0,0,0,8,0,39.9742,-75.1804, , 
49495,556375,2013094935,6,67,67301,2013,9,6,324,3,3,1,0,5,1, , ,N,0,0,0,3,0,1,2,2,N,N,39 58:48.576,75 06:20.260,331, ,326,1,1,2,N, ,0,N, , , , , , , , ,2,1,0,0,0,1,0,0,0,0,0,1,1,0,0,0,0,0,0,0,1,0,0,1,0,0,0,0,0,0,0,0,0,0,0,4,1,39.9802,-75.1056, , 
49496,556377,2013096129,6,67,67301,2013,8,1,2200,22,3,1,0,1,1, , ,N,0,0,0,3,0,1,4,2,N,N,40 00:36.095,75 11:09.310,2203, ,2202,1,1,1,N, ,0,N, , , , , , , , ,2,1,0,0,0,0,1,0,0,0,0,1,1,0,0,0,0,0,0,0,0,0,0,0,0,0,0,0,0,0,0,0,0,0,0,4,0,40.01,-75.1859, , 
49497,543854,2013046518,6,67,67301,2013,4,6,1734,17,1,1,0,1,1,1,4,Y,0,8,0,3,0,4,4,3,N,N,39 58:06.282,75 07:43.983,1743,45,1737,1,1,1,N, ,3,N,N,N,N,N,N,N,Y,N,3,0,0,0,1,0,1,1,0,0,0,2,4,2,0,0,0,0,0,0,0,0,0,0,0,0,0,0,0,0,0,0,0,0,0,4,0,39.9684,-75.129, , 
49498,543860,2013052359,6,67,67301,2013,5,5,833,8,1,2,1,1,1, , ,N,6,4,2,3,0,1,2,2,N,N,39 56:44.167,75 11:25.033,855, ,839,1,1,3,N, ,3,N, , , , , , , , ,2,2,0,0,0,0,0,0,0,0,0,1,1,0,0,0,0,0,0,0,0,0,0,0,0,0,0,0,0,0,0,0,0,0,0,4,0,39.9456,-75.1903, , 
49499,543863,2013055614,6,67,67301,2013,5,4,45,0,3,2,1,7,2, , ,N,0,0,0,3,0,1,2,1,N,N,40 05:03.890,75 13:40.951,52, ,49, ,0, ,N, ,0, , , , , , , , , ,1,0,0,0,0,0,1,0,0,0,0,1,1,0,0,0,0,0,0,0,0,0,0,0,0,0,0,0,0,0,0,0,0,0,0,4,0,40.0844,-75.228, , 
49500,543877,2013019418,6,67,67301,2013,2,2,641,6,3,2,1,5,1, , ,N,0,4,0,3,0,1,3,3,N,N,39 57:25.576,75 09:21.893,652, ,646,1,2,4,Y, ,3,N, , , , , , , , ,3,1,0,0,2,0,0,0,0,0,0,0,1,1,0,0,0,0,0,0,2,0,0,0,0,0,0,0,0,0,0,0,0,0,0,8,0,39.9571,-75.1561, , 
49501,543887,2013029617,6,67,67301,2013,2,5,1750,17,1,1,0,8,1, , ,N,1,3,0,3,0,1,2,2,N, ,40 03:01.382,75 09:42.191,9999, ,9999, ,0, , , ,3, , , , , , , , , ,1,0,0,0,0,0,1,0,0,0,0,1,1,0,0,0,0,0,0,0,0,0,0,0,0,0,0,0,0,0,0,0,1,0,0,4,0,40.0504,-75.1617, , 
49502,543914,2013046534,6,46,46102,2013,5,6,1745,17,1,1,0,5,1, , ,N,0,0,0,3,0,0,3,2,N,N,40 04:26.865,75 09:30.131,1748, ,1745,1,1,4,N, ,0,N, , , , , , , , ,2,1,0,0,0,0,1,0,0,0,0,0,0,0,0,0,0,0,0,0,0,0,0,0,0,0,0,0,0,0,0,0,0,0,0,0,0,40.0741,-75.1584, , 
49503,543938,2013032639,6,67,67301,2013,3,2,1757,17,1,2,1,1,1, , ,N,0,0,0,3,0,0,2,2,N,N,40 02:44.044,75 00:07.334,1815, ,1800, ,0, ,N, ,0, , , , , , , , , ,2,1,0,0,0,0,1,0,0,0,0,0,0,0,0,0,0,0,0,1,0,0,0,0,0,0,0,0,0,0,0,0,0,0,0,0,0,40.0456,-75.002, , 
49504,543940,2013035128,6,67,67301,2013,2,4,1940,19,1,1,0,8,1, , ,N,1,2,0,3,0,1,2,2,N,N,40 00:27.502,75 07:38.377,1940, ,1940, ,0, ,N, ,3, , , , , , , , , ,1,1,0,0,0,0,0,0,0,0,0,0,1,1,0,0,0,0,0,0,0,0,0,0,0,0,0,0,0,0,0,0,1,0,0,8,0,40.0076,-75.1273, , 
49505,543949,2013046434,6,67,67301,2013,4,6,722,7,1,2,1,1,1, , ,N,1,2,0,3,0,0,2,2,N, ,40 03:20.701,75 05:22.429,735, ,723, ,0, , , ,3, , , , , , , , , ,2,2,0,0,0,0,0,0,0,0,0,0,0,0,0,0,0,0,0,0,2,0,0,0,0,0,0,0,0,0,0,0,0,0,0,0,0,40.0558,-75.0896, , 
49506,543950,2013047328,6,67,67301,2013,4,4,1654,16,1,1,0,8,1, , ,N,0,0,0,3,0,1,2,2,Y, ,39 55:47.146,75 09:13.374,1705, ,1657, ,0, , , ,0, , , , , , , , , ,1,0,0,1,0,0,0,0,0,0,0,1,1,0,0,0,0,0,0,0,0,0,0,0,0,0,0,0,0,0,0,0,1,0,0,4,1,39.9298,-75.1537, , 
49507,543978,2013023559,6,67,67301,2013,1,3,2050,20,3,1,0,4,1, , ,N,1,2,0,3,0,0,3,3,N, ,39 59:03.987,75 08:30.724,2110, ,2054,2,2,1, , ,3,N, , , , , , , , ,3,1,0,0,0,0,1,1,0,0,0,0,0,0,0,0,0,0,0,0,0,0,1,0,0,0,0,0,0,0,0,0,0,0,0,0,0,39.9844,-75.1419, , 
49508,543991,2013035166,6,67,67301,2013,3,7,600,6,3,1,0,8,1, , ,N,1,3,0,3,0,1,2,2,N,N,40 01:44.695,75 03:56.210,2355, ,2355, ,0, ,N, ,3, , , , , , , , , ,1,1,0,0,0,0,0,0,0,0,0,0,1,1,0,0,0,0,0,0,0,0,0,0,0,0,0,0,0,0,0,0,1,0,0,8,0,40.0291,-75.0656, , 
49509,544028,2013024916,6,67,67301,2013,1,2,740,7,1,3,1,8,1, , ,N,1,2,0,3,0,1,2,2,N,N,40 00:33.277,75 09:04.079,755, ,740, ,0, ,N, ,3, , , , , , , , , ,1,1,0,0,0,0,0,0,0,0,0,1,1,0,0,0,0,0,0,0,1,0,0,0,0,0,0,0,0,0,0,0,1,0,0,4,0,40.0092,-75.1511, , 
49510,544029,2013025020,6,67,67301,2013,1,1,1940,19,3,1,0,2,1, , ,N,1,2,0,3,0,3,4,2,N,N,39 59:13.221,75 07:20.575,1955, ,1945, ,0, ,N, ,3, , , , , , , , , ,2,1,0,0,1,0,0,0,0,0,0,2,3,1,0,0,0,0,0,0,1,0,0,0,0,0,0,0,0,0,0,0,0,0,0,4,0,39.9871,-75.1223, , 
49511,544035,2013037351,6,67,67301,2013,3,2,2127,21,3,6,1,8,1, , ,N,1,2,0,3,0,1,2,2,N,N,39 57:16.485,75 13:33.593,2133, ,2130, ,0, , , ,3, , , , , , , , , ,1,0,0,0,0,0,0,1,0,0,0,1,1,0,0,0,0,0,0,0,0,0,0,0,0,0,0,0,0,0,0,0,1,0,0,4,0,39.9546,-75.226, , 
49512,544042,2013050231,6,67,67301,2013,4,1,1015,10,1,1,0,4,1, , ,N,1,2,0,3,0,4,4,2,N, ,39 57:27.432,75 08:44.473,1020, ,1015, ,0, , , ,3, , , , , , , , , ,2,2,0,0,0,0,0,0,0,0,0,4,4,0,0,0,0,0,0,0,0,0,0,0,0,0,0,0,0,0,0,0,0,0,0,4,0,39.9576,-75.1457, , 
49513,544043,2013050236,6,67,67301,2013,4,5,2134,21,3,1,0,1,1, , ,N,0,0,0,3,0,0,2,3,N, ,40 04:57.461,75 02:16.032,2138, ,2134, ,0, ,N, ,0, , , , , , , , , ,3,2,0,0,0,0,1,0,0,0,0,0,0,0,0,0,0,0,1,0,0,0,0,0,0,0,0,0,0,0,0,0,0,0,0,0,0,40.0826,-75.0378, , 
49514,544048,2013055576,6,67,67301,2013,4,6,2024,20,3,1,0,4,1, , ,N,0,2,7,3,0,1,3,2,N,N,39 54:52.201,75 09:10.549,2027, ,2026,2,2,3, , ,3,Y, , , , , , , , ,2,0,1,0,0,0,1,0,0,1,0,0,1,0,0,0,0,0,0,0,0,0,0,0,0,0,0,0,0,1,0,0,0,0,0,2,0,39.9145,-75.1529, , 
49515,547610,2013086673,6,67,67301,2013,7,7,1714,17,1,1,0,1,1, , ,N,0,0,0,3,0,3,5,3,N,N,40 04:32.718,75 00:03.555,1717, ,1716,3,2,1,N, ,0,Y, , , , , , , , ,3,2,0,1,0,0,0,0,0,0,1,2,3,0,0,0,0,0,0,0,0,1,0,0,0,0,0,0,0,0,0,0,0,0,0,3,1,40.0758,-75.001, , 
49516,547632,2013006372,6,67,67301,2013,1,7,47,0,3,2,1,7,2, , ,N,0,0,0,3,0,1,1,1,N,N,39 56:15.508,75 11:54.192,116, ,57, ,0, ,N, ,0, , , , , , , , , ,1,0,0,0,0,0,1,0,0,0,0,1,1,0,0,0,0,0,0,0,0,0,0,0,0,0,0,0,0,0,0,0,0,0,0,4,0,39.9367,-75.1992, , 
49517,547635,2013009516,6,67,67301,2013,1,1,1052,10,1,1,0,7,2, , ,N,0,0,0,3,0,1,1,1,N,N,39 58:52.815,75 12:24.402,1057, ,1053,2,1,4,N, ,0,N, , , , , , , , ,1,1,0,0,0,0,0,0,0,0,0,1,1,0,0,0,0,0,0,0,0,0,0,1,0,0,0,0,0,0,0,0,0,0,0,4,0,39.9813,-75.2068, , 
49518,547652,2013022335,6,67,67301,2013,1,7,9999,99,1,1,0,1,1, , ,N,0,0,0,3,0,0,2,2,N,N,39 56:08.408,75 10:46.142,1345, ,1341, ,0, ,N, ,0, , , , , , , , , ,2,1,0,0,0,0,1,0,0,0,0,0,0,0,0,0,0,0,0,0,1,0,0,0,0,0,0,0,0,0,0,0,0,0,0,0,0,39.9357,-75.1795, , 
49519,547660,2013035037,6,67,67301,2013,3,1,1835,18,1,1,0,4,1, , ,N,1,2,0,3,0,2,8,2,N, ,40 01:03.313,75 03:54.722,1836, ,1836,9,1,2,N, ,3,N, , , , , , , , ,2,1,0,0,0,0,1,0,0,0,0,0,2,2,0,0,0,1,0,0,0,0,0,2,0,0,0,0,0,0,0,0,0,0,0,8,0,40.0176,-75.065, , 
49520,547661,2013035463,6,67,67301,2013,3,5,2307,23,3,1,0,8,1, , ,N,1,2,0,3,0,1,2,2,N,N,39 58:59.480,75 09:24.548,2314, ,2312, ,0, ,N, ,3, , , , , , , , , ,1,1,0,0,0,0,0,0,0,0,0,0,1,1,1,0,0,0,0,0,0,0,0,0,0,0,0,0,0,0,0,0,1,0,0,8,0,39.9832,-75.1568, , 
49521,547668,2013041321,6,67,67301,2013,3,3,2045,20,3,1,0,4,1, , ,N,1,2,0,3,0,1,2,2,N,N,39 58:15.383,75 07:42.530,2155, ,2153, ,0, ,N, ,3, , , , , , , , , ,2,2,0,0,0,0,0,0,0,0,1,0,1,0,0,0,0,0,0,0,0,0,0,0,0,0,0,0,0,0,0,0,0,0,0,3,0,39.9708,-75.1284, , 
49522,547691,2013029778,6,67,67301,2013,2,4,1834,18,3,6,1,8,4, , ,N,2,3,0,3,0,1,3,2,N,N,39 57:53.089,75 11:46.237,1843, ,1840, ,0, ,N, ,3, , , , , , , , , ,1,1,0,0,0,0,0,0,0,0,0,1,1,0,0,0,0,0,0,0,0,0,0,2,0,0,0,0,0,0,0,0,1,0,0,4,0,39.9647,-75.1962, , 
49523,547703,2013046457,6,67,67301,2013,4,6,1251,12,1,2,1,1,1, , ,N,1,3,0,3,0,2,3,3,N, ,40 02:48.501,75 01:44.637,1300, ,1251, ,0, , , ,3, , , , , , , , , ,2,1,0,0,0,0,0,0,0,0,0,2,2,0,0,0,0,0,0,0,0,0,0,0,0,0,0,0,0,0,0,0,1,0,0,4,0,40.0468,-75.0291, , 
49524,547758,2013032451,6,67,67301,2013,2,7,2012,20,2,2,1,8,1, , ,N,0,0,0,3,0,1,2,2,N,N,39 58:51.715,75 10:32.448,2015, ,2012, ,0, ,N, ,0, , , , , , , , , ,1,0,0,0,1,0,0,0,0,0,0,0,1,1,0,0,0,0,0,0,0,0,0,0,0,0,0,0,0,0,0,0,1,0,0,8,0,39.981,-75.1757, , 
49525,547769,2013046366,6,67,67301,2013,4,3,1701,17,1,1,0,1,1, , ,N,0,0,0,3,0,1,5,3,N,N,40 05:26.096,75 01:58.442,1701, ,1701,9,1,1,N, ,0,N, , , , , , , , ,3,0,0,0,2,0,1,0,0,0,0,0,1,1,0,0,0,0,0,0,2,0,0,0,0,0,0,0,0,0,0,0,0,0,0,8,0,40.0906,-75.0329, , 
49526,547774,2013055601,6,67,67301,2013,4,2,1530,15,1,2,1,2,1, , ,N,0,0,0,3,0,4,4,3,N,N,39 59:32.104,75 11:40.624,1545, ,1535,2,2,5,N, ,0,Y, , , , , , , , ,3,2,0,0,0,0,0,1,0,0,0,4,4,0,0,0,0,0,0,0,2,1,0,0,0,0,0,0,0,0,0,0,0,0,0,4,0,39.9923,-75.1946, , 
49527,547788,2013017596,6,67,67301,2013,1,1,2139,21,3,9,8,8,1, , ,N,1,2,0,3,0,1,3,2,N,N,40 00:54.079,75 08:06.611,2140, ,2140, ,0, ,N, ,3, , , , , , , , , ,1,1,0,0,0,0,0,0,0,0,1,0,1,0,0,0,0,0,0,0,0,0,0,0,0,0,0,0,0,0,0,0,1,0,0,3,0,40.015,-75.1352, , 
49528,547817,2013053015,6,67,67301,2013,4,6,2148,21,3,2,1,8,1, , ,N,0,2,7,3,0,1,2,2,N,N,40 01:59.987,75 01:05.175,2205, ,2156,1,1,2, , ,3,N, , , , , , , , ,1,0,0,0,0,0,0,1,0,0,1,0,1,0,0,0,1,0,0,0,0,0,0,0,0,0,0,0,0,0,0,0,1,0,0,3,0,40.0333,-75.0181, , 
49529,547824,2013001118,6,67,67301,2013,1,4,1542,15,1,1,0,1,1, , ,N,0,0,0,3,0,0,5,2,N,N,39 56:28.043,75 11:41.445,1619, ,1549, ,0, ,N, ,0, , , , , , , , , ,2,2,0,0,0,0,0,0,0,0,0,0,0,0,0,0,0,0,1,0,0,0,0,0,0,0,0,0,0,0,0,0,0,0,0,0,0,39.9402,-75.1957, , 
49530,547841,2013029638,6,67,67301,2013,2,4,1500,15,1,1,0,5,6, , ,N,0,0,0,3,0,1,2,2,N,N,39 56:37.130,75 13:32.820,1600, ,1523,2,1,3, , ,0,N, , , , , , , , ,2,1,0,0,0,0,0,1,0,0,0,1,1,0,0,0,0,0,0,0,0,1,0,0,0,0,0,0,0,0,0,0,0,0,0,4,0,39.9436,-75.2258, , 
49531,547842,2013029729,6,67,67301,2013,2,7,514,5,3,1,0,4,1, , ,N,1,2,0,3,0,3,3,2,N,N,40 01:39.836,75 06:35.867,522, ,518,1,1,1,N, ,3,N, , , , , , , , ,2,1,0,0,1,0,0,0,0,0,0,0,3,3,0,0,0,0,0,0,0,0,0,0,0,0,0,0,0,0,0,0,0,0,0,8,0,40.0277,-75.11, , 
49532,547843,2013032952,6,67,67301,2013,2,1,1520,15,1,1,0,8,1, , ,N,1,2,0,3,0,1,2,2,N,N,39 58:06.410,75 14:07.231,9999, ,1637, ,0, ,N, ,3, , , , , , , , , ,1,1,0,0,0,0,0,0,0,0,0,1,1,0,0,0,0,0,0,0,0,0,0,0,0,0,0,0,0,0,0,0,1,0,0,4,0,39.9684,-75.2353, , 
49533,551557,2013035024,6,67,67301,2013,2,3,220,2,3,1,0,5,1, , ,N,2,3,0,3,0,3,5,2,N,N,40 02:23.521,75 09:53.452,225, ,220, ,0, , , ,3, , , , , , , , , ,2,0,0,0,1,0,1,0,0,0,0,2,3,1,0,0,0,0,0,0,1,0,0,0,0,0,0,0,0,0,0,0,0,0,0,4,0,40.0399,-75.1648, , 
49534,551578,2013062520,6,67,67301,2013,4,6,1100,11,1,1,0,4,1, , ,N,2,0,0,3,0,1,2,2,N,N,40 01:14.257,75 08:55.161,1118, ,1100, ,0, ,N, ,0, , , , , , , , , ,2,1,0,0,0,0,1,0,0,0,0,1,1,0,0,0,0,0,0,0,1,0,0,0,0,0,0,0,0,0,0,0,0,0,0,4,0,40.0206,-75.1487, , 
49535,551579,2013065283,6,67,67301,2013,6,7,223,2,3,1,0,1,1, , ,N,2,2,0,3,0,1,2,2,N,N,40 01:43.905,75 06:21.601,225, ,223,1,1,1,N, ,3,Y, , , , , , , , ,2,2,0,0,0,0,0,0,0,0,0,0,1,1,1,0,0,0,0,0,0,0,0,0,0,0,0,0,0,0,0,0,0,0,0,8,0,40.0289,-75.106, , 
49536,551600,2013024131,6,67,67301,2013,2,7,2345,23,3,1,1,7,3, , ,N,0,0,0,3,0,1,1,1,N,N,39 58:56.582,75 12:28.074,2355, ,2346, ,0, ,N, ,0, , , , , , , , , ,1,1,0,0,0,0,0,0,0,0,0,1,1,0,0,0,0,1,0,0,0,0,0,0,0,0,0,0,0,0,0,0,0,0,0,4,0,39.9824,-75.2078, , 
49537,551602,2013024920,6,67,67301,2013,2,3,1135,11,1,1,1,4,1, , ,N,1,2,0,3,0,1,3,2,N,N,39 58:26.116,75 12:23.386,1208, ,1204,2,1,4,N, ,3,N, , , , , , , , ,2,1,0,0,1,0,0,0,0,0,0,1,1,0,0,0,0,0,0,0,0,1,1,0,0,0,0,0,0,0,0,0,0,0,0,4,0,39.9738,-75.2064, , 
49538,551603,2013024933,6,67,67301,2013,1,2,735,7,8,7,1,6,1, , ,N,0,0,0,3,0,1,5,4,N,N,40 01:20.019,75 11:56.453,745, ,740,1,2,1,N, ,0,Y, , , , , , , , ,4,4,0,0,0,0,0,0,0,0,0,1,1,0,0,0,0,0,0,0,0,0,0,0,0,0,0,0,0,0,0,0,0,0,0,4,0,40.0222,-75.199, , 
49539,551605,2013029802,6,67,67301,2013,2,1,400,4,3,1,0,5,1, , ,N,1,2,0,3,0,1,4,2,N,N,39 58:10.092,75 08:22.485,410, ,405, ,0, ,N, ,3, , , , , , , , , ,2,1,0,0,0,0,1,0,0,0,0,1,1,0,0,0,0,0,0,0,0,0,0,0,0,0,0,0,0,0,0,0,0,0,0,4,0,39.9695,-75.1396, , 
49540,551613,2013035646,6,67,67301,2013,3,3,2131,21,3,1,0,1,1, , ,N,1,2,0,3,0,3,4,3,N,N,39 57:54.373,75 12:19.715,2149, ,2149,1,2,6,N, ,3,Y, , , , , , , , ,3,2,0,0,1,0,0,0,0,0,0,1,3,2,1,0,0,0,0,0,2,1,0,0,0,0,0,0,0,0,0,0,0,0,0,4,0,39.9651,-75.2055, , 
49541,551617,2013041348,6,67,67301,2013,3,5,825,8,1,1,0,4,1, , ,N,1,3,0,3,0,2,3,2,N,N,39 59:58.408,75 07:26.378,829, ,827,4,2,4,N, ,3,Y, , , , , , , , ,2,1,0,0,0,1,0,0,0,0,1,1,2,0,0,0,0,0,0,0,0,0,0,0,0,0,0,0,0,0,0,0,0,0,0,3,1,39.9996,-75.124, , 
49542,551626,2013047223,6,67,67301,2013,4,6,1400,14,1,1,0,2,1, , ,N,3,2,7,3,0,0,3,2,N,N,40 00:54.937,75 12:28.613,1445, ,1434, ,0, ,N, ,3, , , , , , , , , ,2,1,0,0,0,0,1,0,0,0,0,0,0,0,0,0,0,0,0,0,0,0,0,0,0,0,0,0,0,0,0,0,0,0,0,0,0,40.0153,-75.2081, , 
49543,551657,2013035277,6,67,67301,2013,2,5,1820,18,3,1,0,1,1, , ,N,0,0,0,3,0,1,5,3,N,N,39 56:34.818,75 14:04.592,1915, ,1913, ,0, ,N, ,0, , , , , , , , , ,3,0,0,0,3,0,0,0,0,0,0,1,1,0,0,0,0,0,0,0,0,0,0,0,0,0,0,0,0,0,0,0,0,0,0,4,0,39.943,-75.2346, , 
49544,551668,2013046302,6,67,67301,2013,4,6,826,8,1,2,1,1,1, , ,N,1,2,0,3,0,2,3,2,N,N,40 01:31.774,75 07:31.582,855, ,851,2,1,2,N, ,3,N, , , , , , , , ,2,1,0,0,0,0,0,0,0,0,0,2,2,0,0,0,0,0,0,0,0,0,0,0,0,0,0,0,0,0,0,0,0,0,0,4,0,40.0255,-75.1254, , 
49545,551669,2013047198,6,67,67301,2013,4,3,830,8,1,1,0,4,1, , ,N,0,0,0,3,0,1,4,2,N,N,40 00:34.376,75 09:04.231,846, ,845, ,0, ,N, ,0, , , , , , , , , ,2,0,0,1,0,0,1,0,0,0,0,0,1,1,0,1,0,0,0,0,0,0,0,2,0,0,0,0,0,0,0,0,0,0,0,8,1,40.0095,-75.1512, , 
49546,551675,2013052703,6,67,67301,2013,4,3,344,3,3,2,1,7,2, , ,N,7,0,2,3,0,0,1,1,N,N,39 56:26.520,75 08:36.704,356, ,349,1,1,2,N, ,0,N, , , , , , , , ,1,1,0,0,0,0,0,0,0,0,0,0,0,0,0,0,0,0,0,0,0,0,0,0,0,0,0,0,0,0,0,0,0,0,0,0,0,39.9407,-75.1435, , 
49547,551680,2013055334,6,67,67301,2013,5,6,9999,99,1,1,0,7,5, , ,N,0,0,0,3,0,1,2,1,N,N,40 03:19.293,75 04:09.104,1530, ,1522, ,0, ,N, ,0, , , , , , , , , ,1,0,0,0,0,0,1,0,0,0,0,1,1,0,0,0,0,0,0,0,0,0,0,0,0,0,0,0,0,0,0,0,0,0,0,4,0,40.0554,-75.0692, , 
49548,551681,2013055571,6,67,67301,2013,5,5,2002,20,3,1,0,4,1, , ,N,1,2,0,3,0,1,2,2,N, ,39 57:01.633,75 13:36.684,2015, ,1958, ,0, , , ,3, , , , , , , , , ,2,1,0,0,0,0,0,1,0,0,0,0,1,1,0,0,0,0,0,0,1,0,0,0,0,0,0,0,0,0,0,0,0,0,0,8,0,39.9505,-75.2269, , 
49549,551682,2013055908,6,67,67301,2013,5,6,1215,12,1,1,0,8,1, , ,N,0,0,0,3,0,1,2,2,N, ,39 59:26.750,75 07:44.086,1655, ,1655, ,0, , , ,0, , , , , , , , , ,1,0,0,0,0,0,0,1,0,0,0,1,1,0,0,0,0,0,0,0,0,0,0,0,0,0,0,0,0,0,0,0,1,0,0,4,0,39.9908,-75.1289, , 
49550,551691,2013015160,6,67,67301,2013,1,3,235,2,3,1,0,8,1, , ,N,0,0,0,3,1,0,2,2,N, ,40 00:31.130,75 12:37.790,250, ,246,3,2,1, ,0,0,Y, , , , , , , , ,1,1,0,0,0,0,0,0,0,0,0,0,0,0,1,0,0,0,0,0,0,0,0,0,0,0,0,0,0,0,0,0,1,1,0,1,0,40.0086,-75.2105,2, 
49551,555312,2013032464,6,67,67301,2013,2,7,1600,16,1,1,0,7,5, , ,N,0,0,0,3,0,0,1,1,N,N,40 04:57.499,74 58:00.887,1615, ,1600,1,2,4,Y, ,0,Y, , , , , , , , ,1,0,0,0,0,0,0,1,0,0,0,0,0,0,0,0,0,0,0,0,0,0,0,0,0,0,0,0,0,0,0,0,0,0,0,0,0,40.0826,-74.9669, , 
49552,555316,2013034756,6,67,67301,2013,3,2,2050,20,3,2,1,7,4, , ,N,6,0,2,3,0,0,1,1,N,N,39 58:51.225,75 06:11.792,2053, ,2050, ,0, ,Y, ,0, , , , , , , , , ,1,0,0,0,1,0,0,0,0,0,0,0,0,0,0,0,0,0,0,0,1,0,0,0,0,0,0,0,0,0,0,0,0,0,0,0,0,39.9823,-75.1002, , 
49553,555334,2013055647,6,67,67301,2013,5,7,810,8,1,2,1,1,1, , ,N,1,2,0,3,0,1,4,3,N,N,40 06:00.676,75 01:18.249,812, ,812,1,1,3,N, ,3,N, , , , , , , , ,3,2,0,0,1,0,0,0,0,0,0,1,1,0,0,0,0,0,0,0,0,0,0,0,0,0,0,0,0,0,0,0,0,0,0,4,0,40.1002,-75.0217, , 
49554,555389,2013070484,6,67,67301,2013,6,4,2115,21,3,1,0,8,1, , ,N,0,0,0,3,0,1,2,2,N,N,40 01:34.024,75 05:02.824,2125, ,2116, ,0, ,N, ,0, , , , , , , , , ,1,0,0,0,0,0,1,0,0,0,0,1,1,0,0,0,0,0,0,0,0,0,0,1,0,0,0,0,0,0,0,0,1,0,0,4,0,40.0261,-75.0841, , 
49555,555422,2013100644,6,67,67301,2013,10,2,1749,17,1,1,8,3,1, , ,N,0,0,0,3,0,0,2,2,N,N,39 57:34.358,75 10:34.256,1749, ,1749, ,0, ,N, ,0, , , , , , , , , ,2,0,0,0,1,0,1,0,0,0,0,0,0,0,0,0,0,0,0,0,1,0,0,0,0,0,0,0,0,0,0,0,0,0,0,0,0,39.9595,-75.1762, , 
49556,555424,2013101013,6,67,67301,2013,9,4,1424,14,1,1,0,8,1, , ,N,1,2,0,3,0,1,2,2,N, ,39 57:05.273,75 10:07.548,1429, ,1426, ,0, , , ,3, , , , , , , , , ,1,0,0,0,1,0,0,0,0,0,0,1,1,0,0,0,0,0,0,0,0,0,0,0,0,0,0,0,0,0,0,0,1,0,0,4,0,39.9515,-75.1688, , 
49557,555431,2013106713,6,67,67301,2013,9,7,210,2,3,1,0,6,1, , ,N,1,2,0,3,0,1,2,2,N,N,39 57:10.026,75 10:00.662,245, ,215, ,0, ,N, ,3, , , , , , , , , ,2,2,0,0,0,0,0,0,0,0,0,0,1,1,0,0,0,0,0,0,0,0,0,0,0,0,0,0,0,0,0,0,0,0,0,8,0,39.9528,-75.1669, , 