objectid_1,objectid,crn,district,county,municipality,crash_year,crash_month,day_of_week,time_of_day,hour_of_day,illumination,weather,road_condition,collision_type,relation_to_road,work_zone_type,work_zone_loc,work_zone_ind,intersect_type,tcd_type,location_type,urban_rural,fatal_count,injury_count,person_count,total_units,sch_bus_ind,sch_zone_ind,latitude,longitude,arrival_tm,cons_zone_spd_lim,dispatch_tm,est_hrs_closed,lane_closed,ln_close_dir,ntfy_hiwy_maint,spec_juris_cd,tcd_func_cd,tfc_detour_ind,workers_pres,wz_close_detour,wz_flagger,wz_law_offcr_ind,wz_ln_closure,wz_moving,wz_other,wz_shlder_mdn,vehicle_count,automobile_count,motorcycle_count,bus_count,small_truck_count,heavy_truck_count,suv_count,van_count,bicycle_count,maj_inj_count,mod_inj_count,min_inj_count,tot_inj_count,unk_inj_deg_count,unk_inj_per_count,driver_count_16yr,driver_count_17yr,driver_count_18yr,driver_count_19yr,driver_count_20yr,driver_count_50_64yr,driver_count_65_74yr,driver_count_75plus,unbelted_occ_count,unb_death_count,unb_maj_inj_count,belted_death_count,belted_maj_inj_count,mcycle_death_count,mcycle_maj_inj_count,bicycle_death_count,bicycle_maj_inj_count,ped_count,ped_death_count,ped_maj_inj_count,max_severity_level,comm_veh_count,dec_lat,dec_long,rdwy_surf_type_cd,county_name
49558,555446,2013062517,6,67,67301,2013,4,7,2355,23,3,1,0,4,1, , ,N,1,2,0,3,0,2,2,2,N, ,40 01:37.801,75 09:04.478,2359, ,2355, ,0, , , ,3, , , , , , , , , ,2,1,0,0,1,0,0,0,0,0,0,0,2,2,0,0,0,0,0,0,0,0,0,0,0,0,0,0,0,0,0,0,0,0,0,8,0,40.0272,-75.1512, , 
49559,555449,2013070181,6,67,67301,2013,6,6,1010,10,1,1,0,6,2, , ,N,0,0,0,3,0,1,1,2,N, ,39 58:52.590,75 07:01.758,1035, ,1025,1,1,4, , ,0,N, , , , , , , , ,2,1,0,0,0,0,1,0,0,0,0,0,1,1,0,0,0,0,0,0,0,0,0,0,0,0,0,0,0,0,0,0,0,0,0,8,0,39.9813,-75.1172, , 
49560,555450,2013070486,6,67,67301,2013,6,3,1621,16,1,1,0,5,6, , ,N,0,0,0,3,0,0,1,3,N,N,40 04:51.866,75 10:40.209,1700, ,1648, ,0, ,N, ,0, , , , , , , , , ,3,2,0,0,0,0,1,0,0,0,0,0,0,0,0,0,0,0,0,0,1,0,0,0,0,0,0,0,0,0,0,0,0,0,0,0,0,40.0811,-75.1778, , 
49561,555451,2013070981,6,67,67301,2013,6,5,1519,15,1,1,0,1,1, , ,N,0,0,0,3,0,2,2,2,N,N,40 05:58.282,75 03:44.546,1540, ,1535, ,0, ,N, ,0, , , , , , , , , ,2,2,0,0,0,0,0,0,0,0,0,0,2,2,0,1,0,0,0,0,0,0,0,1,0,0,0,0,0,0,0,0,0,0,0,8,0,40.0995,-75.0624, , 
49562,555456,2013075498,6,67,67301,2013,7,4,710,7,1,1,0,1,1,1,4,Y,0,0,0,3,0,1,4,4,N,N,39 58:07.375,75 07:42.561,722,45,712,1,1,2,N, ,0,N,Y,N,N,N,Y,N,N,Y,4,1,0,0,0,0,2,1,0,0,0,1,1,0,0,0,0,0,0,0,1,0,0,0,0,0,0,0,0,0,0,0,0,0,0,4,0,39.9687,-75.1285, , 
49563,555457,2013077449,6,67,67301,2013,7,4,1900,19,1,1,0,5,1, , ,N,1,2,0,3,0,1,2,2,N,N,40 01:50.025,75 08:47.329,1925, ,1915, ,0, ,N, ,3, , , , , , , , , ,2,1,0,0,1,0,0,0,0,0,0,1,1,0,0,0,0,0,0,0,0,0,0,0,0,0,0,0,0,0,0,0,0,0,0,4,0,40.0306,-75.1465, , 
49564,555466,2013083960,6,67,67301,2013,6,7,9999,99,1,1,0,6,1, , ,N,1,0,0,3,0,1,2,2,N, ,39 58:10.746,75 12:41.274,905, ,901, ,0, , , ,0, , , , , , , , , ,2,0,0,0,0,0,1,1,0,0,0,0,1,1,0,0,0,0,0,0,2,0,0,0,0,0,0,0,0,0,0,0,0,0,0,8,0,39.9697,-75.2115, , 
49565,555470,2013086664,6,67,67301,2013,7,7,9999,99,1,1,0,4,1, , ,N,2,0,0,3,0,0,5,2,N,N,40 02:09.049,75 08:59.276,9999, ,1810, ,0, ,N, ,0, , , , , , , , , ,2,2,0,0,0,0,0,0,0,0,0,0,0,0,1,0,0,0,0,0,0,0,0,0,0,0,0,0,0,0,0,0,0,0,0,9,0,40.0358,-75.1498, , 
49566,555474,2013093065,6,67,67301,2013,8,4,10,0,3,1,0,1,6, , ,N,0,0,0,3,0,2,3,4,N,N,40 00:23.266,75 05:37.258,22, ,18, ,0, ,N, ,0, , , , , , , , , ,4,2,0,0,2,0,0,0,0,0,0,0,2,2,0,0,0,0,0,0,0,0,0,1,0,0,0,0,0,0,0,0,0,0,0,8,0,40.0065,-75.0937, , 
49567,555488,2013062573,6,67,67301,2013,5,3,9999,99,3,1,0,7,5, , ,N,1,2,0,3,0,1,1,1,N,N,39 57:44.928,75 12:58.376,139, ,134, ,0, ,N, ,3, , , , , , , , , ,1,0,1,0,0,0,0,0,0,0,0,1,1,0,0,0,0,0,0,0,0,0,0,0,0,0,0,0,0,0,0,0,0,0,0,4,0,39.9624,-75.2158, , 
49568,555509,2013070402,6,67,67301,2013,6,5,500,5,1,1,0,8,1, , ,N,1,2,0,3,0,1,2,2,N,N,39 58:10.379,75 08:22.482,540, ,527, ,0, , , ,3, , , , , , , , , ,1,1,0,0,0,0,0,0,0,0,0,1,1,0,0,0,0,0,0,0,0,0,0,0,0,0,0,0,0,0,0,0,1,0,0,4,0,39.9695,-75.1395, , 
49569,555514,2013074759,6,67,67301,2013,6,6,1959,19,4,2,1,5,1, , ,N,0,0,0,3,0,1,1,3,N, ,40 02:00.500,75 02:16.213,2010, ,1959, ,0, , , ,0, , , , , , , , , ,3,2,0,0,0,0,0,1,0,0,0,0,1,1,0,0,0,0,0,0,0,0,0,0,0,0,0,0,0,0,0,0,0,0,0,8,0,40.0335,-75.0378, , 
49570,544072,2013012013,6,67,67301,2013,1,2,1814,18,3,1,0,4,1, , ,N,0,0,7,3,0,1,2,2,N,N,40 02:01.354,75 03:49.141,1856, ,1856, ,0, ,N, ,0, , , , , , , , , ,2,1,0,0,0,0,1,0,0,0,0,1,1,0,0,0,0,0,0,0,0,0,0,0,0,0,0,0,0,0,0,0,0,0,0,4,0,40.0337,-75.0637, , 
49571,544073,2013012107,6,67,67301,2013,1,5,725,7,3,1,0,4,1, , ,N,1,2,0,3,0,1,2,2,N, ,40 01:57.808,75 04:19.924,752, ,740, ,0, , , ,3, , , , , , , , , ,2,1,0,0,0,0,0,1,0,0,1,0,1,0,0,0,0,0,0,0,0,0,0,0,0,0,0,0,0,0,0,0,0,0,0,3,0,40.0327,-75.0722, , 
49572,544076,2013016165,6,67,67301,2013,1,3,9999,99,1,1,0,8,1, , ,N,1,2,0,3,0,1,2,2,N, ,40 03:20.764,75 09:31.951,825, ,823, ,0, , , ,3, , , , , , , , , ,1,1,0,0,0,0,0,0,0,0,0,1,1,0,0,0,0,0,0,0,0,0,0,1,0,0,0,0,0,0,0,0,1,0,0,4,0,40.0558,-75.1589, , 
49573,544080,2013021389,6,67,67301,2013,2,1,255,2,3,1,0,7,3, , ,N,0,0,0,3,0,0,1,1,N,N,39 59:31.056,75 12:07.207,308, ,304,2,2,4,N, ,0,N, , , , , , , , ,1,1,0,0,0,0,0,0,0,0,0,0,0,0,1,0,0,0,0,0,0,0,0,0,0,0,0,0,0,0,0,0,0,0,0,9,0,39.992,-75.202, , 
49574,544100,2013047904,6,67,67301,2013,3,3,1140,11,1,1,0,5,1, , ,N,0,0,0,3,0,2,4,2,N,N,39 56:58.091,75 11:04.014,1200, ,1140,2,1,3,N, ,0,N, , , , , , , , ,2,1,0,0,1,0,0,0,0,0,1,1,2,0,0,0,0,0,0,0,0,0,0,2,0,0,0,0,0,0,0,0,0,0,0,3,0,39.9495,-75.1844, , 
49575,544101,2013048942,6,67,67301,2013,5,6,2135,21,3,1,0,1,1, , ,N,0,0,0,3,0,1,1,2,N,N,39 55:32.832,75 10:09.503,2146, ,2145,1,1,5,N, ,0,N, , , , , , , , ,2,1,0,0,0,0,0,0,0,0,0,0,1,1,0,0,0,0,0,0,0,0,0,0,0,0,0,0,0,0,0,0,0,0,0,8,0,39.9259,-75.1693, , 
49576,544102,2013050203,6,67,67301,2013,4,7,9999,99,3,2,1,7,5, , ,N,2,0,0,3,0,0,1,1,N,N,39 56:39.483,75 08:36.016,445, ,443, ,0, ,N, ,0, , , , , , , , , ,1,1,0,0,0,0,0,0,0,0,0,0,0,0,1,0,0,0,0,0,0,0,0,0,0,0,0,0,0,0,0,0,0,0,0,9,0,39.9443,-75.1433, , 
49577,544103,2013050286,6,67,67301,2013,4,1,11,0,3,1,0,4,1, , ,N,1,2,0,3,0,0,4,2,N,N,39 55:32.186,75 10:45.249,15, ,11, ,0, ,N, ,3, , , , , , , , , ,2,1,0,0,0,0,1,0,0,0,0,0,0,0,2,0,0,0,0,0,0,0,0,0,0,0,0,0,0,0,0,0,0,0,0,9,0,39.9256,-75.1792, , 
49578,544111,2013002858,6,67,67301,2013,1,2,1411,14,1,1,0,1,1, , ,N,0,0,0,3,0,0,1,2,N,N,39 56:42.039,75 11:27.205,1423, ,1412, ,0, ,N, ,0, , , , , , , , , ,2,1,0,0,0,0,1,0,0,0,0,0,0,0,0,0,0,0,0,0,0,0,0,0,0,0,0,0,0,0,0,0,0,0,0,0,0,39.945,-75.1909, , 
49579,544133,2013032236,6,46,46102,2013,3,4,2338,23,3,1,0,1,1, , ,N,0,0,0,3,0,1,2,2,N,N,40 04:37.001,75 09:48.225,2338, ,2338,3,1,4,N, ,0,N, , , , , , , , ,2,2,0,0,0,0,0,0,0,0,0,0,1,1,0,0,0,0,0,0,1,0,0,0,0,0,0,0,0,0,0,0,0,0,0,8,0,40.0769,-75.1634, , 
49580,544140,2013037446,6,67,67301,2013,3,1,1336,13,1,1,0,8,1, , ,N,3,0,0,3,0,1,2,2,N,N,39 58:17.174,75 14:30.451,1343, ,1340, ,0, ,N, ,0, , , , , , , , , ,1,1,0,0,0,0,0,0,0,0,0,1,1,0,0,0,0,0,0,0,1,0,0,1,0,0,0,0,0,0,0,0,1,0,0,4,0,39.9714,-75.2418, , 
49581,544141,2013037459,6,67,67301,2013,3,1,1121,11,1,1,0,4,1, , ,N,0,0,0,3,0,3,4,2,N,N,39 59:33.326,75 08:24.355,1135, ,1130, ,0, ,N, ,0, , , , , , , , , ,2,1,0,0,0,0,1,0,0,0,0,3,3,0,0,0,0,0,0,0,1,0,0,0,0,0,0,0,0,0,0,0,0,0,0,4,0,39.9926,-75.1401, , 
49582,544169,2013032487,6,67,67301,2013,2,7,1140,11,1,2,1,8,4, , ,N,2,0,0,3,0,1,2,2,N,N,40 00:35.627,75 04:49.705,1147, ,1145, ,0, ,N, ,0, , , , , , , , , ,1,0,0,0,0,0,0,1,0,0,0,1,1,0,0,0,0,0,0,0,0,0,0,1,0,0,0,0,0,0,0,0,1,0,0,4,0,40.0099,-75.0805, , 
49583,544170,2013035638,6,67,67301,2013,1,6,2135,21,1,1,0,4,1, , ,N,0,0,0,3,0,2,3,2,N,N,40 02:39.213,75 02:05.200,25, ,22,3,2,2, , ,0,Y, , , , , , , , ,2,2,0,0,0,0,0,0,0,0,2,0,2,0,0,0,0,0,0,0,1,1,0,0,0,0,0,0,0,0,0,0,0,0,0,3,0,40.0442,-75.0348, , 
49584,544185,2013050207,6,67,67301,2013,4,7,140,1,3,2,1,5,6, , ,N,0,0,0,3,0,0,1,3,N,N,40 06:59.562,75 01:49.677,149, ,144,1,2,4,N, ,0,N, , , , , , , , ,3,3,0,0,0,0,0,0,0,0,0,0,0,0,0,0,0,0,0,0,0,0,0,0,0,0,0,0,0,0,0,0,0,0,0,0,0,40.1165,-75.0305, , 
49585,544193,2013055648,6,67,67301,2013,4,3,1707,17,1,1,0,1,1, , ,N,1,2,0,3,0,1,2,2,N, ,39 56:22.681,75 11:53.378,1715, ,1711, ,0, , , ,3, , , , , , , , , ,2,2,0,0,0,0,0,0,0,0,0,1,1,0,0,0,0,0,0,0,0,0,0,0,0,0,0,0,0,0,0,0,0,0,0,4,0,39.9396,-75.1982, , 
49586,544222,2013031366,6,67,67301,2013,3,7,244,2,3,1,0,7,4, , ,N,0,0,0,3,0,0,1,1,N,N,39 57:30.062,75 08:26.609,259, ,257,1,2,1,N, ,0,Y, , , , , , , , ,1,0,0,0,0,0,0,1,0,0,0,0,0,0,0,0,0,0,1,0,0,0,0,0,0,0,0,0,0,0,0,0,0,0,0,0,0,39.9582,-75.1407, , 
49587,544225,2013037322,6,67,67301,2013,4,5,1112,11,1,1,0,5,1, , ,N,0,0,6,3,0,0,3,2,N,N,40 06:46.582,74 59:24.604,1152, ,1115,3,1,2,N, ,0,N, , , , , , , , ,2,0,0,0,0,1,0,1,0,0,0,0,0,0,0,0,0,0,0,0,1,0,0,0,0,0,0,0,0,0,0,0,0,0,0,0,1,40.1129,-74.9902, , 
49588,544230,2013046325,6,67,67301,2013,4,2,405,4,3,1,0,1,1, , ,N,1,2,0,3,0,0,2,2,N,N,39 59:18.584,75 06:22.955,423, ,415, ,0, ,N, ,3, , , , , , , , , ,2,1,0,0,0,0,1,0,0,0,0,0,0,0,1,0,0,0,0,0,1,0,0,0,0,0,0,0,0,0,0,0,0,0,0,9,0,39.9885,-75.1064, , 
49589,547846,2013034991,6,67,67301,2013,3,4,1320,13,1,2,1,7,3, , ,N,0,0,0,3,0,0,1,1,N,N,39 56:45.247,75 11:54.258,1328, ,1325, ,0, ,N, ,0, , , , , , , , , ,1,0,0,0,1,0,0,0,0,0,0,0,0,0,0,0,0,0,0,0,0,0,0,0,0,0,0,0,0,0,0,0,0,0,0,0,0,39.9459,-75.1984, , 
49590,547847,2013035006,6,67,67301,2013,3,7,9999,99,6,1,0,5,1, , ,N,2,3,0,3,0,1,3,2,N,N,39 56:58.829,75 08:31.653,2145, ,2130, ,0, ,N, ,3, , , , , , , , , ,2,2,0,0,0,0,0,0,0,0,0,1,1,0,0,0,0,0,0,0,0,0,0,1,0,0,0,0,0,0,0,0,0,0,0,4,0,39.9497,-75.1421, , 
49591,547860,2013047214,6,67,67301,2013,4,1,1540,15,1,1,0,4,1, , ,N,1,3,0,3,0,0,2,2,N,N,40 04:36.267,75 10:13.036,1550, ,1543, ,0, ,N, ,3, , , , , , , , , ,2,2,0,0,0,0,0,0,0,0,0,0,0,0,0,0,0,0,0,0,0,0,1,2,0,0,0,0,0,0,0,0,0,0,0,0,0,40.0767,-75.1703, , 
49592,547900,2013037478,6,67,67301,2013,3,4,9999,99,1,2,1,4,1, , ,N,0,0,0,3,0,1,3,2,N, ,39 55:32.314,75 13:46.408,9999, ,941, ,0, , , ,0, , , , , , , , , ,2,1,0,0,0,0,1,0,0,0,0,0,1,1,0,0,0,0,0,0,1,0,0,1,0,0,0,0,0,0,0,0,0,0,0,8,0,39.9256,-75.2296, , 
49593,547911,2013043428,6,67,67301,2013,3,1,1925,19,3,1,0,2,1, , ,N,1,2,0,3,0,1,2,2,N,N,39 58:35.644,75 07:10.993,1928, ,1927, ,0, ,N, ,3, , , , , , , , , ,2,1,0,0,0,0,1,0,0,0,0,1,1,0,0,0,0,0,0,0,1,0,0,0,0,0,0,0,0,0,0,0,0,0,0,4,0,39.9759,-75.12, , 
49594,547933,2013016273,6,67,67301,2013,1,3,2318,23,3,2,1,4,1, , ,N,1,2,0,3,0,1,3,2,N,N,39 55:40.490,75 11:14.888,2322, ,2320, ,0, ,N, ,3, , , , , , , , , ,2,1,0,0,1,0,0,0,0,0,0,0,1,1,0,0,0,0,0,0,0,0,0,0,0,0,0,0,0,0,0,0,0,0,0,8,0,39.9279,-75.1875, , 
49595,547941,2013026979,6,67,67301,2013,2,6,27,0,3,1,0,7,5, , ,N,0,0,0,3,0,1,1,1,N,N,40 02:09.668,75 03:14.792,137, ,132, ,0, , , ,0, , , , , , , , , ,1,1,0,0,0,0,0,0,0,0,0,1,1,0,0,0,0,0,0,0,0,0,0,0,0,0,0,0,0,0,0,0,0,0,0,4,0,40.036,-75.0541, , 
49596,547978,2013064105,6,67,67301,2013,6,7,2344,23,3,1,0,7,4,1,3,Y,0,0,0,3,0,0,1,1,N,N,39 58:05.545,75 07:46.395,2358,45,2354, ,0, ,Y, ,0, ,N,N,N,N,Y,N,N,Y,1,1,0,0,0,0,0,0,0,0,0,0,0,0,0,0,0,0,0,0,0,0,0,0,0,0,0,0,0,0,0,0,0,0,0,0,0,39.9682,-75.1297, , 
49597,547979,2013065324,6,67,67301,2013,5,1,1346,13,1,2,1,4,1, , ,N,1,0,0,3,0,1,3,2,N,N,39 57:48.643,75 11:29.421,1357, ,1346, ,0, ,N, ,0, , , , , , , , , ,2,2,0,0,0,0,0,0,0,0,0,1,1,0,0,0,0,0,0,0,1,0,0,1,0,0,0,0,0,0,0,0,0,0,0,4,0,39.9635,-75.1915, , 
49598,547984,2013070305,6,67,67301,2013,6,4,2233,22,3,1,0,7,5, , ,N,0,0,0,3,0,1,1,1,N,N,39 58:12.229,75 11:21.180,2247, ,2235, ,0, ,N, ,0, , , , , , , , , ,1,0,1,0,0,0,0,0,0,0,1,0,1,0,0,0,0,0,0,0,0,0,0,0,0,0,0,0,0,0,0,0,0,0,0,3,0,39.9701,-75.1892, , 
49599,548008,2013093747,6,67,67301,2013,9,5,2100,21,3,1,0,1,1, , ,N,1,1,0,3,0,1,2,2,N,N,39 59:48.618,75 09:13.788,2115, ,2115, ,0, ,N, ,3, , , , , , , , , ,2,1,0,0,0,0,1,0,0,0,0,1,1,0,0,0,0,0,0,0,0,0,0,1,0,0,0,0,0,0,0,0,0,0,0,4,0,39.9968,-75.1538, , 
49600,548037,2013035089,6,67,67301,2013,3,6,1937,19,3,1,0,8,1, , ,N,1,2,0,3,0,1,2,2,N, ,39 59:07.310,75 09:40.971,1955, ,1947, ,0, ,N, ,3, , , , , , , , , ,1,0,0,0,0,0,1,0,0,0,0,1,1,0,0,0,0,0,0,0,0,0,0,0,0,0,0,0,0,0,0,0,1,0,0,4,0,39.9854,-75.1614, , 
49601,548048,2013043828,6,67,67301,2013,3,1,1343,13,1,1,0,8,1, , ,N,0,0,0,3,0,1,2,2,N,N,40 00:10.130,75 07:34.104,1346, ,1345,1,2,4,N, ,0,Y, , , , , , , , ,1,1,0,0,0,0,0,0,0,0,0,0,1,1,0,0,0,0,0,0,0,0,0,0,0,0,0,0,0,0,0,0,1,0,0,8,0,40.0028,-75.1261, , 
49602,548054,2013055512,6,67,67301,2013,5,3,1117,11,1,1,0,1,1, , ,N,1,3,0,3,0,1,3,2,N,N,39 56:02.619,75 09:26.283,1140, ,1134, ,0, ,N, ,3, , , , , , , , , ,2,2,0,0,0,0,0,0,0,0,0,1,1,0,0,0,0,0,0,0,0,0,0,0,0,0,0,0,0,0,0,0,0,0,0,4,0,39.9341,-75.1573, , 
49603,548062,2013062610,6,67,67301,2013,5,6,2113,21,4,1,0,4,1, , ,N,1,3,0,3,0,1,2,2,N,N,40 01:03.407,75 09:17.178,2117, ,2115, ,0, ,N, ,3, , , , , , , , , ,1,1,0,0,0,0,0,0,1,0,0,1,1,0,0,0,0,0,0,0,0,0,0,0,0,0,0,0,0,0,0,0,0,0,0,4,0,40.0176,-75.1548, , 
49604,548072,2013008887,6,46,46104,2013,1,6,1715,17,3,2,1,4,1, , ,N,1,2,0,3,0,3,4,2,N,N,40 00:14.091,75 13:14.544,1715, ,1715, ,0, ,N, ,3, , , , , , , , , ,2,2,0,0,0,0,0,0,0,0,0,0,3,3,0,0,0,0,0,0,0,1,0,1,0,0,0,0,0,0,0,0,0,0,0,8,0,40.0039,-75.2207, , 
49605,548086,2013035229,6,67,67301,2013,2,1,1230,12,1,1,0,6,1, , ,N,2,3,0,3,0,1,2,2,N,N,40 03:38.142,75 14:19.435,1249, ,1247, ,0, ,N, ,3, , , , , , , , , ,2,2,0,0,0,0,0,0,0,0,0,0,1,1,0,0,0,0,0,0,1,1,0,0,0,0,0,0,0,0,0,0,0,0,0,8,0,40.0607,-75.2385, , 
49606,548087,2013037367,6,67,67301,2013,3,7,156,1,3,1,0,5,6, , ,N,0,0,0,3,0,0,1,4,N,N,40 01:28.543,75 12:58.563,206, ,157,3,2,5,N, ,0,Y, , , , , , , , ,4,3,0,0,0,0,1,0,0,0,0,0,0,0,0,0,0,0,0,0,0,0,0,1,0,0,0,0,0,0,0,0,0,0,0,0,0,40.0246,-75.2163, , 
49607,551708,2013035585,6,67,67301,2013,2,2,1734,17,4,1,0,1,1, , ,N,0,0,0,3,0,2,4,4,N,N,40 03:23.967,75 08:57.948,1945, ,1945, ,0, ,N, ,0, , , , , , , , , ,4,3,0,0,0,0,1,0,0,0,0,1,2,1,0,0,0,0,0,0,3,0,0,0,0,0,0,0,0,0,0,0,0,0,0,4,0,40.0567,-75.1494, , 
49608,551709,2013035647,6,67,67301,2013,3,6,1931,19,3,1,0,8,1, , ,N,1,2,0,3,0,1,2,2,N,N,40 06:16.828,75 00:05.336,1942, ,1933,1,1,3,N, ,3,N, , , , , , , , ,1,0,0,0,1,0,0,0,0,0,0,1,1,0,0,0,0,0,0,0,0,0,0,0,0,0,0,0,0,0,0,0,1,0,0,4,0,40.1048,-75.0016, , 
49609,551725,2013055527,6,67,67301,2013,5,6,1505,15,1,1,0,8,1, , ,N,0,0,0,3,0,1,2,2,N,N,40 00:38.253,75 05:45.549,1620, ,1618, ,0, , , ,0, , , , , , , , , ,1,1,0,0,0,0,0,0,0,0,0,1,1,0,0,0,0,0,0,0,0,0,0,0,0,0,0,0,0,0,0,0,1,0,0,4,0,40.0106,-75.096, , 
49610,551744,2013032445,6,67,67301,2013,2,7,1657,16,1,2,1,5,1, , ,N,0,0,0,3,0,0,6,2,N, ,39 56:59.915,75 12:06.883,1659, ,1657, ,0, , , ,0, , , , , , , , , ,2,2,0,0,0,0,0,0,0,0,0,0,0,0,0,0,0,0,0,1,0,0,0,0,0,0,0,0,0,0,0,0,0,0,0,0,0,39.95,-75.2019, , 
49611,551751,2013047206,6,67,67301,2013,4,6,1438,14,1,1,1,1,1, , ,N,0,2,0,3,0,0,2,2,N,N,40 01:38.716,75 05:57.150,1505, ,1442,1,1,1,N, ,3,N, , , , , , , , ,2,2,0,0,0,0,0,0,0,0,0,0,0,0,0,0,0,0,0,0,0,0,0,0,0,0,0,0,0,0,0,0,0,0,0,0,0,40.0274,-75.0992, , 
49612,551757,2013055626,6,67,67301,2013,5,5,49,0,2,1,0,7,5, , ,N,0,0,0,3,0,0,1,1,N,N,40 02:10.728,75 13:05.194,55, ,49, ,0, ,N, ,0, , , , , , , , , ,1,1,0,0,0,0,0,0,0,0,0,0,0,0,0,0,0,0,0,0,0,0,0,1,0,0,0,0,0,0,0,0,0,0,0,0,0,40.0363,-75.2181, , 
49613,551758,2013055893,6,67,67301,2013,5,1,2227,22,3,3,1,1,1, , ,N,0,0,0,3,0,3,4,3,N,N,40 02:06.082,75 07:51.002,2230, ,2228,1,2,1,N, ,0,N, , , , , , , , ,3,1,0,0,1,0,1,0,0,0,0,3,3,0,0,0,0,0,0,0,0,1,0,0,0,0,0,0,0,0,0,0,0,0,0,4,0,40.035,-75.1308, , 
49614,551770,2013070374,6,67,67301,2013,6,2,1520,15,1,2,1,4,1, , ,N,0,0,7,3,0,1,2,2,N, ,39 56:09.140,75 10:05.700,1625, ,1621, ,0, , , ,0, , , , , , , , , ,2,2,0,0,0,0,0,0,0,0,0,0,1,1,0,0,0,0,0,0,1,0,0,0,0,0,0,0,0,0,0,0,0,0,0,8,0,39.9359,-75.1683, , 
49615,551786,2013065486,6,67,67301,2013,5,6,9999,99,3,1,0,7,2, , ,N,1,2,0,3,0,0,2,1,N,N,39 54:42.724,75 10:21.917,9999, ,1209, ,0, ,N, ,3, , , , , , , , , ,1,1,0,0,0,0,0,0,0,0,0,0,0,0,0,0,0,0,0,1,0,0,0,0,0,0,0,0,0,0,0,0,0,0,0,0,0,39.9119,-75.1728, , 
49616,551789,2013068276,6,67,67301,2013,7,2,655,6,1,1,0,1,1, , ,N,6,4,2,3,0,1,2,2,N,N,39 58:09.893,75 07:33.422,712, ,657, ,0, ,N, ,3, , , , , , , , , ,2,1,0,0,1,0,0,0,0,0,0,1,1,0,0,0,0,0,0,0,0,1,0,0,0,0,0,0,0,0,0,0,0,0,0,4,0,39.9684,-75.1274, , 
49617,551815,2013093169,6,67,67301,2013,8,5,1645,16,1,1,0,4,1, , ,N,1,2,0,3,0,1,4,2,N, ,40 05:40.718,75 00:54.707,1649, ,1646,2,1,1, , ,3,N, , , , , , , , ,2,1,0,0,1,0,0,0,0,0,0,0,1,1,0,0,0,0,0,0,0,0,0,0,0,0,0,0,0,0,0,0,0,0,0,8,0,40.0946,-75.0152, , 
49618,551817,2013096128,6,67,67301,2013,8,1,1320,13,1,1,0,4,1, , ,N,2,0,0,3,0,1,2,2,N,N,39 59:58.826,75 08:46.359,1345, ,1326, ,0, ,N, ,0, , , , , , , , , ,2,1,1,0,0,0,0,0,0,0,1,0,1,0,0,0,0,0,0,0,0,0,0,0,0,0,0,0,0,0,0,0,0,0,0,3,0,39.9997,-75.1462, , 
49619,551826,2013067318,6,67,67301,2013,2,5,1215,12,1,1,1,1,1, , ,N,0,2,0,3,0,2,4,3,N,N,40 02:44.303,75 07:42.839,0, ,0, ,0, ,N, ,3, , , , , , , , , ,3,1,0,0,1,0,1,0,0,1,0,1,2,0,2,0,0,0,0,0,1,0,0,0,0,0,0,1,0,0,0,0,0,0,0,2,0,40.0456,-75.1286, , 
49620,551845,2013035122,6,67,67301,2013,3,1,15,0,3,1,0,7,2, , ,N,2,2,0,3,0,0,1,1,N,N,39 53:40.927,75 13:46.057,101, ,57, ,0, ,N, ,3, , , , , , , , , ,1,1,0,0,0,0,0,0,0,0,0,0,0,0,1,0,0,0,0,0,0,0,0,0,0,0,0,0,0,0,0,0,0,0,0,9,0,39.8946,-75.2296, , 
49621,551889,2013023533,6,67,67301,2013,1,3,823,8,1,1,0,8,1, , ,N,1,3,0,3,0,1,2,2,N,N,40 02:49.736,75 03:49.885,827, ,824, ,0, , , ,3, , , , , , , , , ,1,1,0,0,0,0,0,0,0,0,0,1,1,0,0,0,0,0,0,0,1,0,0,0,0,0,0,0,0,0,0,0,1,0,0,4,0,40.0471,-75.0639, , 
49622,551902,2013032641,6,67,67301,2013,3,3,1655,16,1,1,0,1,1,1,4,Y,0,0,0,3,0,1,4,4,N,N,39 58:08.098,75 07:40.637,1721,55,1700, ,0, ,N, ,0, ,N,N,N,N,Y,N,N,Y,4,4,0,0,0,0,0,0,0,0,0,0,1,1,0,0,0,0,0,0,0,0,0,0,0,0,0,0,0,0,0,0,0,0,0,8,0,39.9689,-75.1279, , 
49623,551905,2013035269,6,67,67301,2013,2,7,2210,22,3,2,1,4,1, , ,N,2,0,0,3,0,1,3,2,N, ,40 00:04.157,75 05:49.913,2215, ,2210, ,0, , , ,0, , , , , , , , , ,2,2,0,0,0,0,0,0,0,0,1,0,1,0,1,0,0,0,1,0,0,0,0,0,0,0,0,0,0,0,0,0,0,0,0,3,0,40.0012,-75.0972, , 
49624,551912,2013046331,6,67,67301,2013,4,7,41,0,3,1,0,4,1, , ,N,1,2,0,3,0,1,3,2,N,N,40 01:47.231,75 05:16.817,43, ,41,9,1,1, , ,3,N, , , , , , , , ,2,2,0,0,0,0,0,0,0,0,0,0,1,1,0,0,0,0,0,1,0,0,0,0,0,0,0,0,0,0,0,0,0,0,0,8,0,40.0298,-75.088, , 