objectid_1,objectid,crn,district,county,municipality,crash_year,crash_month,day_of_week,time_of_day,hour_of_day,illumination,weather,road_condition,collision_type,relation_to_road,work_zone_type,work_zone_loc,work_zone_ind,intersect_type,tcd_type,location_type,urban_rural,fatal_count,injury_count,person_count,total_units,sch_bus_ind,sch_zone_ind,latitude,longitude,arrival_tm,cons_zone_spd_lim,dispatch_tm,est_hrs_closed,lane_closed,ln_close_dir,ntfy_hiwy_maint,spec_juris_cd,tcd_func_cd,tfc_detour_ind,workers_pres,wz_close_detour,wz_flagger,wz_law_offcr_ind,wz_ln_closure,wz_moving,wz_other,wz_shlder_mdn,vehicle_count,automobile_count,motorcycle_count,bus_count,small_truck_count,heavy_truck_count,suv_count,van_count,bicycle_count,maj_inj_count,mod_inj_count,min_inj_count,tot_inj_count,unk_inj_deg_count,unk_inj_per_count,driver_count_16yr,driver_count_17yr,driver_count_18yr,driver_count_19yr,driver_count_20yr,driver_count_50_64yr,driver_count_65_74yr,driver_count_75plus,unbelted_occ_count,unb_death_count,unb_maj_inj_count,belted_death_count,belted_maj_inj_count,mcycle_death_count,mcycle_maj_inj_count,bicycle_death_count,bicycle_maj_inj_count,ped_count,ped_death_count,ped_maj_inj_count,max_severity_level,comm_veh_count,dec_lat,dec_long,rdwy_surf_type_cd,county_name
49828,552277,2013029634,6,67,67301,2013,2,6,9999,99,3,1,0,4,1, , ,N,1,3,0,3,0,1,2,2,N,N,40 02:48.494,75 05:38.374,1836, ,1819,1,2,7,N, ,3,Y, , , , , , , , ,2,2,0,0,0,0,0,0,0,0,0,0,1,1,0,0,0,0,0,0,0,0,0,0,0,0,0,0,0,0,0,0,0,0,0,8,0,40.0468,-75.094, , 
49829,552278,2013032482,6,67,67301,2013,3,6,1015,10,1,1,0,4,1, , ,N,1,3,0,3,0,0,2,2,N,N,39 58:25.075,75 09:44.355,1026, ,1025,1,2,7,N, ,3,Y, , , , , , , , ,2,2,0,0,0,0,0,0,0,0,0,0,0,0,1,0,0,0,0,0,0,2,0,0,0,0,0,0,0,0,0,0,0,0,0,9,0,39.9736,-75.1623, , 
49830,552295,2013055383,6,67,67301,2013,5,5,1435,14,1,1,0,4,1, , ,N,1,2,0,3,0,2,4,2,N,N,40 00:54.823,75 10:11.829,1441, ,1440, ,0, ,N, ,3, , , , , , , , , ,2,2,0,0,0,0,0,0,0,0,0,2,2,0,2,0,0,0,0,1,0,0,0,0,0,0,0,0,0,0,0,0,0,0,0,4,0,40.0152,-75.1699, , 
49831,552308,2013046248,6,67,67301,2013,4,7,1930,19,3,1,0,8,1, , ,N,1,3,0,3,0,1,3,2,N,N,39 59:44.894,75 08:40.001,1946, ,1942, ,0, ,N, ,3, , , , , , , , , ,1,1,0,0,0,0,0,0,0,0,0,1,1,0,0,0,0,0,0,0,0,0,0,0,0,0,0,0,0,0,0,0,1,0,0,4,0,39.9958,-75.1444, , 
49832,552316,2013016288,6,67,67301,2013,1,2,450,4,3,5,1,1,1, , ,N,2,3,0,3,0,1,2,2,N,N,40 05:25.231,75 03:39.293,459, ,454, ,0, ,N, ,3, , , , , , , , , ,2,2,0,0,0,0,0,0,0,0,0,1,1,0,0,0,0,0,0,0,0,0,0,0,0,0,0,0,0,0,0,0,0,0,0,4,0,40.0903,-75.0609, , 
49833,552321,2013021899,6,67,67301,2013,2,1,1443,14,1,1,0,1,1, , ,N,0,0,0,3,0,3,5,2,N,N,39 57:33.130,75 10:20.758,1512, ,1500,2,2,4,N, ,0,N, , , , , , , , ,2,1,0,0,0,0,1,0,0,0,0,0,3,3,0,0,0,0,0,0,1,0,0,0,0,0,0,0,0,0,0,0,0,0,0,8,0,39.9592,-75.1724, , 
49834,552331,2013035144,6,67,67301,2013,3,7,950,9,1,1,0,4,1, , ,N,1,3,0,3,0,1,2,2,N,N,40 02:46.472,75 09:57.862,1005, ,1002, ,0, ,N, ,3, , , , , , , , , ,2,2,0,0,0,0,0,0,0,0,0,1,1,0,0,0,0,0,0,0,0,0,0,0,0,0,0,0,0,0,0,0,0,0,0,4,0,40.0462,-75.1661, , 
49835,552332,2013036798,6,67,67301,2013,3,1,1900,19,2,2,1,5,1, , ,N,0,0,0,3,0,0,3,2,N,N,39 56:53.588,75 08:30.268,1920, ,1910, ,0, ,N, ,0, , , , , , , , , ,2,1,0,0,0,0,1,0,0,0,0,0,0,0,3,0,0,0,0,0,0,0,0,0,0,0,0,0,0,0,0,0,0,0,0,9,0,39.9481,-75.1418, , 
49836,552339,2013042801,6,67,67301,2013,4,6,1525,15,1,1,0,1,1,1,4,Y,0,0,0,3,0,1,2,2,N,N,40 00:59.394,75 03:03.685,1525,45,1525, ,0, ,N, ,0, ,Y,N,N,N,N,N,N,Y,2,2,0,0,0,0,0,0,0,0,0,0,1,1,0,0,0,0,0,0,0,0,0,0,0,0,0,0,0,0,0,0,0,0,0,8,0,40.0164,-75.0511, , 
49837,552343,2013055459,6,67,67301,2013,5,5,1810,18,1,1,1,8,1, , ,N,0,0,0,3,0,1,2,2,N,N,39 59:35.710,75 09:38.678,1821, ,810, ,0, ,N, ,0, , , , , , , , , ,1,1,0,0,0,0,0,0,0,0,0,1,1,0,1,0,0,0,0,0,0,0,0,0,0,0,0,0,0,0,0,0,1,0,0,4,0,39.9933,-75.1607, , 
49838,552344,2013055882,6,67,67301,2013,5,3,1555,15,1,1,0,7,5, , ,N,0,0,0,3,0,1,1,1,N,N,40 01:43.816,75 03:45.431,1610, ,1602, ,0, ,N, ,0, , , , , , , , , ,1,1,0,0,0,0,0,0,0,0,0,0,1,1,0,0,0,0,0,0,1,0,0,0,0,0,0,0,0,0,0,0,0,0,0,8,0,40.0288,-75.0626, , 
49839,552360,2013054622,6,67,67301,2013,4,6,1930,19,4,1,0,8,1, , ,N,0,0,0,3,0,1,2,2,N,N,39 55:52.186,75 09:17.096,1953, ,1944, ,0, ,N, ,0, , , , , , , , , ,1,0,0,0,0,0,0,0,0,0,0,0,1,1,0,0,0,0,0,0,0,0,0,0,0,0,0,0,0,0,0,0,1,0,0,8,0,39.9312,-75.1547, , 
49840,552361,2013055595,6,67,67301,2013,5,4,1120,11,1,1,0,1,1, , ,N,1,2,0,3,0,1,2,2,N,N,40 01:15.937,75 08:23.758,1128, ,1122,2,2,5,N, ,3,N, , , , , , , , ,2,0,0,0,2,0,0,0,0,0,1,0,1,0,0,0,0,0,0,0,1,0,0,0,0,0,0,0,0,0,0,0,0,0,0,3,0,40.0211,-75.1399, , 
49841,552379,2013077541,6,67,67301,2013,6,5,1155,11,1,1,0,5,1, , ,N,0,0,0,3,0,2,3,2,N,N,40 02:43.714,75 01:52.976,9999, ,1155, ,0, ,N, ,0, , , , , , , , , ,2,2,0,0,0,0,0,0,0,2,0,0,2,0,0,0,0,0,0,0,0,0,0,0,0,0,0,0,0,0,0,0,0,0,0,2,0,40.0455,-75.0314, , 
49842,552385,2013086536,6,67,67301,2013,8,2,1447,14,1,1,0,1,1,1,4,Y,0,0,0,3,0,0,3,2,N,N,40 01:17.352,75 02:26.426,1504,45,1450, ,0, ,N, ,0, ,N,N,N,N,N,N,Y,N,2,2,0,0,0,0,0,0,0,0,0,0,0,0,0,0,0,0,0,1,0,0,0,0,0,0,0,0,0,0,0,0,0,0,0,0,0,40.0215,-75.0407, , 
49843,552392,2013093186,6,67,67301,2013,8,4,2235,22,3,1,0,4,1, , ,N,1,2,0,3,0,0,2,2,N,N,40 03:08.339,75 00:28.750,2326, ,2256, ,0, ,N, ,3, , , , , , , , , ,2,1,0,0,1,0,0,0,0,0,0,0,0,0,0,0,0,0,0,0,0,0,0,0,0,0,0,0,0,0,0,0,0,0,0,0,0,40.0523,-75.008, , 
49844,552419,2013025777,6,67,67301,2013,3,7,1511,15,1,1,0,0,2, , ,N,0,0,0,3,0,0,2,1,N,N,39 55:30.740,75 11:36.125,1514, ,1512,1,1,4,N, ,0,N, , , , , , , , ,1,1,0,0,0,0,0,0,0,0,0,0,0,0,0,0,0,0,0,0,0,0,0,0,0,0,0,0,0,0,0,0,0,0,0,0,0,39.9252,-75.1934, , 
49845,555784,2013074899,6,67,67301,2013,7,2,703,7,1,1,0,1,1,1,4,Y,0,0,0,3,0,0,4,3,N,N,40 01:17.199,75 02:26.897,719,45,705,1,2,2,N, ,0,N,Y,N,N,N,N,N,N,Y,3,2,0,0,0,0,1,0,0,0,0,0,0,0,0,0,0,0,0,0,1,0,0,0,0,0,0,0,0,0,0,0,0,0,0,0,0,40.0214,-75.0408, , 
49846,555809,2013103952,6,67,67301,2013,9,5,510,5,3,1,0,2,1, , ,N,0,0,0,3,0,0,2,2,N, ,39 59:59.305,75 05:29.072,525, ,521,9,1,6, , ,0,N, , , , , , , , ,2,0,0,0,0,0,2,0,0,0,0,0,0,0,0,0,0,0,0,0,0,1,0,2,0,0,0,0,0,0,0,0,0,0,0,0,0,39.9998,-75.0914, , 
49847,555837,2013072337,6,67,67301,2013,7,4,1618,16,1,1,0,1,1, , ,N,0,0,0,3,0,0,2,2,N,N,39 59:00.827,75 05:52.243,1641, ,1624,1,1,2,N, ,0,N, , , , , , , , ,2,1,0,0,0,0,0,1,0,0,0,0,0,0,0,0,0,0,0,0,0,0,0,0,0,0,0,0,0,0,0,0,0,0,0,0,0,39.9836,-75.0978, , 
49848,555844,2013084000,6,67,67301,2013,7,4,1420,14,1,1,0,8,2, , ,N,2,0,0,3,0,1,2,2,N,N,39 57:23.680,75 09:55.915,1430, ,1425, ,0, ,N, ,0, , , , , , , , , ,1,1,0,0,0,0,0,0,0,0,0,0,1,1,0,0,0,0,0,0,0,0,0,0,0,0,0,0,0,0,0,0,1,0,0,8,0,39.9566,-75.1655, , 
49849,555850,2013086676,6,67,67301,2013,8,1,2350,23,3,1,0,5,6, , ,N,0,0,0,3,0,1,1,4,N,N,39 58:32.643,75 12:28.606,28, ,20, ,0, ,N, ,0, , , , , , , , , ,4,1,0,0,1,0,1,1,0,0,0,1,1,0,0,0,0,0,0,0,0,0,0,0,0,0,0,0,0,0,0,0,0,0,0,4,0,39.9757,-75.2079, , 
49850,555857,2013104131,6,67,67301,2013,10,7,1345,13,1,1,0,1,1, , ,N,0,0,0,3,0,2,7,3,N,N,39 57:29.970,75 09:58.780,1518, ,1401, ,0, ,N, ,0, , , , , , , , , ,3,0,0,0,0,0,2,0,0,0,0,2,2,0,1,0,0,0,0,0,0,0,0,0,0,0,0,0,0,0,0,0,0,0,0,4,0,39.9583,-75.1663, , 
49851,555863,2013109453,6,67,67301,2013,9,3,1645,16,1,1,0,1,1, , ,N,1,2,0,3,0,1,3,3,N,N,40 03:27.557,75 09:57.853,1030, ,1020, ,0, ,N, ,3, , , , , , , , , ,3,2,0,0,0,0,0,0,0,0,0,0,1,1,2,0,0,0,0,0,0,0,0,0,0,0,0,0,0,0,0,0,0,0,0,8,0,40.0577,-75.1661, , 
49852,555868,2013111833,6,67,67301,2013,10,6,2220,22,3,1,1,4,1, , ,N,1,2,0,3,0,1,2,2,N, ,39 58:25.573,75 15:29.593,2230, ,2220, ,0, , , ,3, , , , , , , , , ,2,1,0,0,0,0,1,0,0,0,1,0,1,0,0,0,0,0,1,0,1,0,0,0,0,0,0,0,0,0,0,0,0,0,0,3,0,39.9738,-75.2582, , 
49853,555899,2013041302,6,67,67301,2013,3,7,1655,16,1,3,1,8,1, , ,N,2,2,0,3,0,1,2,2,N,N,39 58:20.730,75 15:11.867,1703, ,1700, ,0, ,N, ,3, , , , , , , , , ,1,1,0,0,0,0,0,0,0,0,0,1,1,0,0,0,0,0,0,0,1,0,0,0,0,0,0,0,0,0,0,0,1,0,0,4,0,39.9724,-75.2533, , 
49854,555905,2013043769,6,67,67301,2013,3,5,1511,15,1,1,0,8,1, , ,N,0,0,0,3,0,1,2,2,N,N,39 58:01.829,75 10:00.109,1517, ,1512, ,0, ,N, ,0, , , , , , , , , ,1,1,0,0,0,0,0,0,0,0,0,1,1,0,0,0,0,0,0,0,0,0,0,0,0,0,0,0,0,0,0,0,1,0,0,4,0,39.9672,-75.1667, , 
49855,555911,2013047236,6,67,67301,2013,4,6,2250,22,3,2,1,1,1, , ,N,0,0,0,3,0,0,2,2,N,N,40 01:02.622,75 09:02.484,2305, ,2300,1,1,2,N, ,0,N, , , , , , , , ,2,2,0,0,0,0,0,0,0,0,0,0,0,0,0,0,0,1,0,0,0,0,0,0,0,0,0,0,0,0,0,0,0,0,0,0,0,40.0174,-75.1507, , 
49856,555912,2013047311,6,67,67301,2013,3,1,2200,22,3,1,0,4,1, , ,N,2,3,0,3,0,2,2,2,N,N,40 03:34.337,75 09:55.640,2224, ,2220,2,1,2,N, ,3,Y, , , , , , , , ,2,2,0,0,0,0,0,0,0,0,0,0,2,2,0,0,0,0,0,0,0,0,0,0,0,0,0,0,0,0,0,0,0,0,0,8,0,40.0595,-75.1655, , 
49857,555918,2013055303,6,67,67301,2013,5,7,1620,16,1,1,0,8,1, , ,N,1,2,0,3,0,1,2,2,N,N,39 57:20.839,75 13:32.687,2115, ,2115, ,0, , , ,3, , , , , , , , , ,1,1,0,0,0,0,0,0,0,0,1,0,1,0,0,0,0,0,0,0,0,0,0,0,0,0,0,0,0,0,0,0,1,0,0,3,0,39.9558,-75.2257, , 
49858,555919,2013055631,6,67,67301,2013,5,5,9999,99,1,1,0,4,1, , ,N,1,2,0,3,0,3,5,2,N, ,40 02:32.725,75 04:57.598,9999, ,1238,1,1,2, , ,3,N, , , , , , , , ,2,0,0,0,0,0,1,1,0,0,0,3,3,0,0,0,0,0,0,0,1,0,0,0,0,0,0,0,0,0,0,0,0,0,0,4,0,40.0424,-75.0827, , 
49859,555921,2013070234,6,67,67301,2013,6,2,1518,15,1,2,1,4,1, , ,N,1,3,0,3,0,1,4,2,N, ,39 57:45.190,75 13:57.158,1524, ,1521, ,0, , , ,3, , , , , , , , , ,2,1,0,0,0,0,0,1,0,0,0,1,1,0,0,0,0,0,0,0,0,0,1,0,0,0,0,0,0,0,0,0,0,0,0,4,0,39.9626,-75.2325, , 
49860,555922,2013070361,6,67,67301,2013,6,2,9999,99,1,2,1,4,1, , ,N,0,0,0,3,0,3,3,2,N,N,39 59:35.309,75 11:35.843,1615, ,1610, ,0, ,N, ,0, , , , , , , , , ,2,2,0,0,0,0,0,0,0,0,0,0,3,3,0,0,0,0,0,0,0,0,0,0,0,0,0,0,0,0,0,0,0,0,0,8,0,39.9931,-75.1933, , 
49861,555927,2013062212,6,67,67301,2013,2,7,2119,21,3,1,0,5,1,1,4,Y,0,0,0,3,0,2,3,2,N,N,40 01:16.685,75 02:26.223,2130,45,2123,1,1,1,N, ,0,N,N,N,N,N,Y,N,N,Y,2,2,0,0,0,0,0,0,0,0,0,2,2,0,1,0,0,0,0,0,0,0,0,0,0,0,0,0,0,0,0,0,0,0,0,4,0,40.0212,-75.0408, , 
49862,555936,2013070541,6,67,67301,2013,6,4,1720,17,1,1,0,4,1, , ,N,1,3,0,3,0,0,3,2,N,N,40 01:19.484,75 03:08.111,1740, ,1740,3,1,4, , ,3,N, , , , , , , , ,2,2,0,0,0,0,0,0,0,0,0,0,0,0,0,0,0,0,0,0,0,0,0,0,0,0,0,0,0,0,0,0,0,0,0,0,0,40.0221,-75.0523, , 
49863,545005,2013039023,6,67,67301,2013,2,6,756,7,1,1,0,1,1,1,4,Y,0,0,0,3,0,2,4,4,N,N,40 01:27.916,75 01:50.981,803,45,758,3,2,2,N, ,0,N,Y,N,N,N,N,N,N,Y,4,2,0,0,0,1,1,0,0,0,0,1,2,1,0,0,0,0,0,0,2,0,0,0,0,0,0,0,0,0,0,0,0,0,0,4,1,40.0244,-75.0308, , 
49864,545009,2013041351,6,67,67301,2013,3,2,1340,13,1,1,0,4,1, , ,N,1,2,0,3,0,3,5,3,N,N,40 02:12.235,75 03:52.193,1358, ,1346,2,1,2,N, ,3,N, , , , , , , , ,3,2,0,0,0,0,1,0,0,0,1,2,3,0,0,0,0,0,0,0,1,0,0,1,0,0,0,0,0,0,0,0,0,0,0,3,0,40.0367,-75.0645, , 
49865,545020,2013055329,6,67,67301,2013,4,2,1515,15,1,2,1,1,1, , ,N,1,2,0,3,0,1,2,2,N,N,40 01:21.612,75 08:12.364,1530, ,1520,1,1,1,N, ,3,N, , , , , , , , ,2,1,0,0,1,0,0,0,0,0,0,1,1,0,0,0,0,0,0,0,1,0,0,0,0,0,0,0,0,0,0,0,0,0,0,4,0,40.0227,-75.1368, , 
49866,545021,2013055628,6,67,67301,2013,5,7,1330,13,1,1,0,4,1, , ,N,0,0,7,3,0,2,8,2,N,N,40 01:13.350,75 04:49.471,1430, ,1430, ,0, ,N, ,0, , , , , , , , , ,2,2,0,0,0,0,0,0,0,0,0,2,2,0,0,0,0,0,0,0,0,0,0,0,0,0,0,0,0,0,0,0,0,0,0,4,0,40.0204,-75.0804, , 
49867,545041,2013020199,6,67,67301,2013,2,6,605,6,3,2,1,1,1, , ,N,7,0,2,3,0,1,3,2,N,N,39 57:21.022,75 08:26.682,655, ,630,2,1,1,N, ,0,N, , , , , , , , ,2,1,0,0,0,1,0,0,0,0,0,1,1,0,0,0,0,0,0,0,1,0,0,0,0,0,0,0,0,0,0,0,0,0,0,4,1,39.9557,-75.1407, , 
49868,545048,2013027671,6,67,67301,2013,2,2,9999,99,1,2,1,3,1, , ,N,1,2,0,3,0,2,4,2,N,N,40 00:07.236,75 09:22.067,1408, ,1405, ,0, , , ,3, , , , , , , , , ,2,2,0,0,0,0,0,0,0,0,0,2,2,0,0,0,0,0,0,0,0,0,0,0,0,0,0,0,0,0,0,0,0,0,0,4,0,40.002,-75.1561, , 
49869,545051,2013029680,6,67,67301,2013,2,4,2005,20,3,2,1,4,1, , ,N,1,2,0,3,0,0,2,2,N,N,39 57:18.748,75 09:15.505,2016, ,2012, ,0, ,N, ,3, , , , , , , , , ,2,2,0,0,0,0,0,0,0,0,0,0,0,0,0,0,0,0,0,0,0,0,0,0,0,0,0,0,0,0,0,0,0,0,0,0,0,39.9552,-75.1543, , 
49870,545063,2013046345,6,67,67301,2013,4,2,546,5,3,1,0,1,1, , ,N,0,0,0,3,0,2,4,3,N,N,40 00:49.921,75 10:45.394,610, ,604,1,1,2,N, ,0,N, , , , , , , , ,3,2,0,0,0,0,0,1,0,0,0,0,2,2,0,0,0,0,0,0,1,0,0,0,0,0,0,0,0,0,0,0,0,0,0,8,0,40.0139,-75.1793, , 
49871,545065,2013047359,6,67,67301,2013,4,2,2315,23,3,1,0,4,2, , ,N,1,0,0,3,0,1,1,2,N,N,40 00:25.117,75 06:32.446,2336, ,2333, ,0, , , ,0, , , , , , , , , ,2,2,0,0,0,0,0,0,0,0,0,1,1,0,0,0,0,1,0,0,0,0,0,0,0,0,0,0,0,0,0,0,0,0,0,4,0,40.007,-75.109, , 
49872,545081,2013012118,6,67,67301,2013,1,7,1530,15,1,1,0,7,5, , ,N,0,0,0,3,0,0,1,2,N,N,40 00:07.236,75 10:08.670,1606, ,1600, ,0, ,N, ,0, , , , , , , , , ,2,1,1,0,0,0,0,0,0,0,0,0,0,0,0,0,0,0,0,0,0,1,0,0,0,0,0,0,0,0,0,0,0,0,0,0,0,40.002,-75.1691, , 
49873,545096,2013030113,6,67,67301,2013,2,2,1213,12,1,2,1,4,1, , ,N,1,2,0,3,0,0,2,2,N,N,39 56:28.421,75 12:33.849,1220, ,1215, ,0, ,N, ,3, , , , , , , , , ,2,1,0,0,0,0,1,0,0,0,0,0,0,0,0,0,0,0,0,0,0,0,0,0,0,0,0,0,0,0,0,0,0,0,0,0,0,39.9412,-75.2094, , 
49874,545100,2013035116,6,67,67301,2013,3,3,1045,10,1,2,1,1,1, , ,N,1,0,0,3,0,1,2,2,N,N,39 59:28.296,75 07:58.428,1055, ,1049, ,0, ,N, ,0, , , , , , , , , ,2,1,0,0,0,0,1,0,0,0,0,1,1,0,0,0,0,0,0,0,1,0,0,0,0,0,0,0,0,0,0,0,0,0,0,4,0,39.9911,-75.1329, , 
49875,545101,2013035184,6,67,67301,2013,2,5,1952,19,3,1,0,1,1, , ,N,0,2,6,3,0,2,3,2,N,N,40 02:00.399,75 04:41.548,2016, ,1954,1,1,2,N, ,3,N, , , , , , , , ,2,1,0,0,0,0,0,0,0,0,0,2,2,0,0,0,0,0,0,0,1,0,0,0,0,0,0,0,0,0,0,0,0,0,0,4,0,40.0334,-75.0782, , 
49876,545103,2013037429,6,67,67301,2013,3,5,2018,20,3,1,0,4,1, , ,N,1,2,0,3,0,0,2,2,N,N,40 03:24.250,75 02:48.711,2031, ,2022,1,1,2,N, ,3,N, , , , , , , , ,2,1,0,0,0,0,1,0,0,0,0,0,0,0,0,0,0,0,0,0,0,0,1,0,0,0,0,0,0,0,0,0,0,0,0,0,0,40.0567,-75.0469, , 
49877,545114,2013047533,6,67,67301,2013,5,7,1548,15,1,1,0,1,1, , ,N,0,0,0,3,0,1,4,3,N,N,40 02:43.438,75 00:07.670,1615, ,1557, ,0, ,N, ,0, , , , , , , , , ,3,1,0,0,1,0,1,0,0,0,0,1,1,0,0,0,0,0,0,0,1,0,0,0,0,0,0,0,0,0,0,0,0,0,0,4,0,40.0454,-75.0021, , 
49878,545144,2013024874,6,67,67301,2013,1,6,2300,23,3,2,1,8,1, , ,N,0,0,0,3,0,1,6,2,N, ,39 59:28.527,75 08:00.214,2358, ,2308,2,1,4, , ,0,N, , , , , , , , ,1,1,0,0,0,0,0,0,0,0,0,0,1,1,0,0,0,0,0,0,0,0,0,0,0,0,0,0,0,0,0,0,1,0,0,8,0,39.9913,-75.1334, , 
49879,545149,2013032519,6,67,67301,2013,2,7,329,3,3,2,1,7,5, , ,N,2,2,0,3,0,0,1,1,N, ,39 58:31.854,75 15:19.407,342, ,336, ,0, , , ,3, , , , , , , , , ,1,1,0,0,0,0,0,0,0,0,0,0,0,0,0,0,0,0,0,0,0,0,0,0,0,0,0,0,0,0,0,0,0,0,0,0,0,39.9755,-75.2554, , 
49880,545158,2013044140,6,67,67301,2013,3,6,1750,17,1,1,0,1,1, , ,N,0,0,0,3,0,2,2,2,N,N,40 01:46.937,75 12:11.109,1758, ,1755, ,0, ,N, ,0, , , , , , , , , ,2,1,0,0,1,0,0,0,0,0,0,1,2,1,0,0,0,1,0,0,0,0,0,0,0,0,0,0,0,0,0,0,0,0,0,4,0,40.0297,-75.2031, , 
49881,548615,2013032638,6,67,67301,2013,3,5,1330,13,1,1,0,5,1,1,4,Y,0,0,0,3,0,0,2,2,N,N,40 01:17.957,75 02:22.405,1342,45,1339, ,0, ,N, ,0, ,Y,N,N,N,N,N,N,Y,2,0,0,0,0,0,1,1,0,0,0,0,0,0,0,0,0,0,0,0,0,0,0,0,0,0,0,0,0,0,0,0,0,0,0,0,0,40.0216,-75.0397, , 
49882,548619,2013037103,6,67,67301,2013,4,3,801,8,1,1,0,5,1, , ,N,0,0,0,3,0,0,2,2,N,N,39 59:29.523,75 12:11.575,813, ,807,1,2,3,N, ,0,N, , , , , , , , ,2,1,0,0,0,1,0,0,0,0,0,0,0,0,0,0,0,0,0,0,1,0,0,1,0,0,0,0,0,0,0,0,0,0,0,0,1,39.9915,-75.2032, , 
49883,548631,2013046404,6,67,67301,2013,4,3,1443,14,1,1,0,4,1, , ,N,1,2,0,3,0,1,2,2,N, ,40 04:50.820,75 01:42.117,1450, ,1444,1,1,1, , ,3,N, , , , , , , , ,2,2,0,0,0,0,0,0,0,0,0,1,1,0,0,0,0,0,0,0,0,0,1,0,0,0,0,0,0,0,0,0,0,0,0,4,0,40.0808,-75.0284, , 
49884,548656,2013024995,6,67,67301,2013,2,4,1557,15,1,1,0,8,5, , ,N,0,0,0,3,0,1,2,2,N,N,39 56:54.266,75 09:24.074,1629, ,1622, ,0, , , ,0, , , , , , , , , ,1,1,0,0,0,0,0,0,0,0,0,1,1,0,0,0,0,0,0,0,0,0,0,0,0,0,0,0,0,0,0,0,1,0,0,4,0,39.9484,-75.1567, , 
49885,548661,2013035393,6,67,67301,2013,3,1,2232,22,3,1,0,5,1, , ,N,0,0,0,3,0,0,3,2,N,N,39 58:05.752,75 07:45.710,2300, ,2247, ,0, ,N, ,0, , , , , , , , , ,2,1,0,0,0,0,0,0,0,0,0,0,0,0,1,0,0,0,0,0,0,0,0,0,0,0,0,0,0,0,0,0,0,0,0,9,0,39.9682,-75.1295, , 
49886,548664,2013037479,6,67,67301,2013,3,3,2120,21,3,1,0,4,1, , ,N,2,2,0,3,0,0,1,2,N, ,39 58:21.514,75 15:34.689,2130, ,2125, ,0, ,N, ,3, , , , , , , , , ,2,1,0,0,1,0,0,0,0,0,0,0,0,0,0,0,0,0,0,0,0,0,0,0,0,0,0,0,0,0,0,0,0,0,0,0,0,39.9726,-75.2596, , 
49887,548709,2013019405,6,67,67301,2013,2,7,2018,20,2,1,0,1,1,1,4,Y,0,0,0,3,0,5,10,4,N,N,40 01:00.849,75 03:02.393,2025,55,2021,2,2,2,N, ,0,N,N,N,N,N,Y,N,N,Y,4,3,0,0,0,0,0,1,0,0,2,3,5,0,0,0,0,0,0,0,0,0,0,7,0,0,0,0,0,0,0,0,0,0,0,3,0,40.0169,-75.0506, , 
49888,548712,2013022277,6,67,67301,2013,1,1,2213,22,3,1,0,1,1, , ,N,1,2,0,3,0,3,12,4,N,N,40 05:05.539,75 01:30.621,2235, ,2215, ,0, ,N, ,3, , , , , , , , , ,4,3,0,0,0,0,1,0,0,0,0,0,3,3,9,0,0,0,0,0,0,0,0,1,0,0,0,0,0,0,0,0,0,0,0,8,0,40.0847,-75.0251, , 
49889,548740,2013055428,6,67,67301,2013,5,3,935,9,1,1,0,1,1, , ,N,0,0,0,3,0,0,2,2,N,N,40 02:40.475,75 03:15.742,938, ,936,1,1,2,N, ,0,N, , , , , , , , ,2,1,0,0,0,0,1,0,0,0,0,0,0,0,0,0,0,0,0,0,1,0,0,0,0,0,0,0,0,0,0,0,0,0,0,0,0,40.0446,-75.0544, , 
49890,548741,2013055879,6,67,67301,2013,5,2,1417,14,1,1,0,7,3, , ,N,0,0,1,3,0,5,5,1,N, ,40 01:01.356,75 05:00.139,1421, ,1417,2,2,1, , ,0,Y, , , , , , , , ,1,1,0,0,0,0,0,0,0,0,0,0,5,5,0,0,0,0,0,0,1,0,0,0,0,0,0,0,0,0,0,0,0,0,0,8,0,40.017,-75.0834, , 
49891,548764,2013024958,6,67,67301,2013,1,3,1540,15,1,1,1,1,1, , ,N,1,2,0,3,0,4,5,2,N, ,39 55:36.102,75 11:15.812,1547, ,1545, ,0, , , ,3, , , , , , , , , ,2,1,0,0,0,0,1,0,0,0,0,0,4,4,0,0,0,0,0,0,0,0,1,0,0,0,0,0,0,0,0,0,0,0,0,8,0,39.9267,-75.1877, , 
49892,548767,2013029773,6,67,67301,2013,2,7,240,2,3,1,0,1,1, , ,N,0,2,0,3,0,1,5,4,N,N,40 02:34.453,75 08:37.613,246, ,244, ,0, ,N, ,3, , , , , , , , , ,4,4,0,0,0,0,0,0,0,0,0,0,1,1,1,0,0,0,0,0,0,0,0,0,0,0,0,0,0,0,0,0,0,0,0,8,0,40.0429,-75.1438, , 
49893,548771,2013034386,6,67,67301,2013,3,6,1452,14,1,1,0,1,1,1,4,Y,0,0,0,3,0,1,2,2,N,N,40 01:25.297,75 01:57.259,1533,55,1501, ,0, ,N, ,0, ,Y,N,N,N,N,N,Y,N,2,1,0,0,0,0,1,0,0,0,0,0,1,1,0,0,0,0,0,0,0,0,0,0,0,0,0,0,0,0,0,0,0,0,0,8,0,40.0237,-75.0327, , 
49894,548782,2013043452,6,67,67301,2013,3,1,1830,18,4,2,1,6,1, , ,N,0,0,0,3,0,0,2,3,N,N,39 59:12.930,75 06:28.850,1835, ,1830,2,2,5,N, ,0,Y, , , , , , , , ,3,2,0,0,1,0,0,0,0,0,0,0,0,0,0,0,0,0,0,0,0,0,0,0,0,0,0,0,0,0,0,0,0,0,0,0,0,39.9869,-75.108, , 