objectid_1,objectid,crn,district,county,municipality,crash_year,crash_month,day_of_week,time_of_day,hour_of_day,illumination,weather,road_condition,collision_type,relation_to_road,work_zone_type,work_zone_loc,work_zone_ind,intersect_type,tcd_type,location_type,urban_rural,fatal_count,injury_count,person_count,total_units,sch_bus_ind,sch_zone_ind,latitude,longitude,arrival_tm,cons_zone_spd_lim,dispatch_tm,est_hrs_closed,lane_closed,ln_close_dir,ntfy_hiwy_maint,spec_juris_cd,tcd_func_cd,tfc_detour_ind,workers_pres,wz_close_detour,wz_flagger,wz_law_offcr_ind,wz_ln_closure,wz_moving,wz_other,wz_shlder_mdn,vehicle_count,automobile_count,motorcycle_count,bus_count,small_truck_count,heavy_truck_count,suv_count,van_count,bicycle_count,maj_inj_count,mod_inj_count,min_inj_count,tot_inj_count,unk_inj_deg_count,unk_inj_per_count,driver_count_16yr,driver_count_17yr,driver_count_18yr,driver_count_19yr,driver_count_20yr,driver_count_50_64yr,driver_count_65_74yr,driver_count_75plus,unbelted_occ_count,unb_death_count,unb_maj_inj_count,belted_death_count,belted_maj_inj_count,mcycle_death_count,mcycle_maj_inj_count,bicycle_death_count,bicycle_maj_inj_count,ped_count,ped_death_count,ped_maj_inj_count,max_severity_level,comm_veh_count,dec_lat,dec_long,rdwy_surf_type_cd,county_name
50030,549171,2013055405,6,67,67301,2013,5,7,1855,18,1,1,0,8,1, , ,N,0,0,0,3,0,1,2,2,N, ,40 02:05.654,75 04:38.758,1857, ,1855, ,0, , , ,0, , , , , , , , , ,1,0,0,0,0,0,1,0,0,0,0,0,1,1,0,0,0,0,0,0,0,0,0,0,0,0,0,0,0,0,0,0,1,0,0,8,0,40.0349,-75.0774, , 
50031,549174,2013068702,6,67,67301,2013,6,6,1541,15,1,1,0,0,2, , ,N,0,0,8,3,0,1,1,1,N,N,39 54:42.997,75 08:54.043,1600, ,1552,1,2,1,N, ,0,N, , , , , , , , ,1,0,1,0,0,0,0,0,0,0,1,0,1,0,0,0,0,0,0,0,1,0,0,0,0,0,0,0,0,0,0,0,0,0,0,3,0,39.9119,-75.1483, , 
50032,549176,2013070042,6,67,67301,2013,6,5,2228,22,3,1,1,8,1, , ,N,1,2,0,3,0,1,3,2,N, ,39 59:42.556,75 06:44.112,2231, ,2230, ,0, , , ,3, , , , , , , , , ,1,0,0,0,0,0,1,0,0,0,0,1,1,0,0,0,0,0,0,0,0,0,0,0,0,0,0,0,0,0,0,0,1,0,0,4,0,39.9952,-75.1123, , 
50033,549188,2013025018,6,67,67301,2013,1,6,1120,11,1,1,0,5,1, , ,N,0,0,0,3,0,1,2,2,Y, ,39 58:11.264,75 08:31.715,1140, ,1135, ,0, ,N, ,0, , , , , , , , , ,2,1,0,1,0,0,0,0,0,0,0,1,1,0,0,0,0,0,0,0,0,0,0,0,0,0,0,0,0,0,0,0,0,0,0,4,1,39.9698,-75.1421, , 
50034,549250,2013035107,6,67,67301,2013,3,1,1248,12,1,1,0,4,2, , ,N,1,0,0,3,0,0,1,3,N,N,39 56:50.067,75 13:04.418,1300, ,1254, ,0, ,N, ,0, , , , , , , , , ,3,3,0,0,0,0,0,0,0,0,0,0,0,0,0,0,0,0,0,0,0,0,0,0,0,0,0,0,0,0,0,0,0,0,0,0,0,39.9472,-75.2179, , 
50035,549271,2013007412,6,67,67301,2013,1,5,1658,16,3,1,0,1,1, , ,N,0,0,0,3,0,0,4,4,N,N,40 00:27.024,75 12:03.976,1706, ,1700,1,1,3,N, ,0,N, , , , , , , , ,4,1,0,0,1,1,0,1,0,0,0,0,0,0,0,0,0,0,0,0,0,0,0,0,0,0,0,0,0,0,0,0,0,0,0,0,0,40.0075,-75.2011, , 
50036,549286,2013022315,6,67,67301,2013,1,6,854,8,1,9,0,8,1, , ,N,1,2,0,3,0,1,2,2,N,N,40 02:35.649,75 03:08.136,907, ,906, ,0, ,N, ,3, , , , , , , , , ,1,0,0,0,1,0,0,0,0,0,1,0,1,0,0,0,0,0,0,0,0,0,0,0,0,0,0,0,0,0,0,0,1,0,0,3,0,40.0432,-75.0523, , 
50037,549292,2013026974,6,67,67301,2013,2,6,1502,15,1,2,1,8,1, , ,N,1,2,0,3,0,1,2,2,N,N,39 59:04.930,75 06:10.941,1626, ,1024, ,0, ,N, ,3, , , , , , , , , ,1,1,0,0,0,0,0,0,0,0,0,1,1,0,0,0,0,0,0,0,0,0,0,0,0,0,0,0,0,0,0,0,1,0,0,4,0,39.9847,-75.103, , 
50038,549301,2013035608,6,67,67301,2013,3,2,1250,12,1,1,0,4,1, , ,N,1,0,7,3,0,1,4,2,N, ,39 59:13.104,75 05:15.972,1255, ,1254, ,0, , , ,0, , , , , , , , , ,2,1,0,0,0,0,1,0,0,0,0,1,1,0,2,0,0,0,0,0,1,0,0,0,0,0,0,0,0,0,0,0,0,0,0,4,0,39.987,-75.0878, , 
50039,549314,2013055618,6,67,67301,2013,4,2,2154,21,3,1,1,4,1, , ,N,0,0,0,3,0,1,3,2,N,N,40 03:41.455,75 10:08.089,2200, ,2200,1,1,5,N, ,0,N, , , , , , , , ,2,2,0,0,0,0,0,0,0,0,0,0,1,1,0,0,0,0,0,0,0,0,0,0,0,0,0,0,0,0,0,0,0,0,0,8,0,40.0615,-75.1689, , 
50040,549316,2013057786,6,67,67301,2013,5,5,1508,15,1,1,0,8,2, , ,N,1,2,0,3,0,1,2,2,N, ,39 55:02.019,75 14:14.620,1632, ,1631, ,0, , , ,3, , , , , , , , , ,1,1,0,0,0,0,0,0,0,0,1,0,1,0,0,0,0,0,0,0,0,0,0,0,0,0,0,0,0,0,0,0,1,0,0,3,0,39.9172,-75.2374, , 
50041,549320,2013012075,6,67,67301,2013,1,7,2055,20,3,1,0,5,1, , ,N,1,2,0,3,0,1,5,2,N,N,39 57:46.609,75 08:27.409,9999, ,205, ,0, ,N, ,3, , , , , , , , , ,2,2,0,0,0,0,0,0,0,0,0,1,1,0,0,0,0,0,0,0,0,0,0,1,0,0,0,0,0,0,0,0,0,0,0,4,0,39.9629,-75.1409, , 
50042,549333,2013025021,6,67,67301,2013,1,3,9999,99,1,1,0,4,1, , ,N,1,0,0,3,0,0,3,2,N,N,39 58:19.726,75 07:29.308,9999, ,9999, ,0, ,N, ,0, , , , , , , , , ,2,1,0,0,1,0,0,0,0,0,0,0,0,0,0,0,0,0,0,0,1,0,0,0,0,0,0,0,0,0,0,0,0,0,0,0,0,39.9721,-75.1248, , 
50043,549347,2013037486,6,67,67301,2013,3,7,1045,10,1,2,1,1,1, , ,N,6,4,2,3,0,0,2,2,N,N,40 00:47.483,75 12:23.247,1055, ,1048,1,1,2,N, ,3,N, , , , , , , , ,2,1,0,0,0,0,0,1,0,0,0,0,0,0,0,0,0,1,0,0,0,1,0,0,0,0,0,0,0,0,0,0,0,0,0,0,0,40.0132,-75.2065, , 
50044,549358,2013046237,6,67,67301,2013,3,7,1907,19,4,1,0,4,1, , ,N,0,0,7,3,0,2,4,2,N,N,40 03:36.981,75 02:36.616,1917, ,1909, ,0, ,N, ,0, , , , , , , , , ,2,2,0,0,0,0,0,0,0,0,0,2,2,0,0,0,0,0,0,0,0,0,1,0,0,0,0,0,0,0,0,0,0,0,0,4,0,40.0603,-75.0435, , 
50045,549399,2013047255,6,67,67301,2013,4,4,825,8,1,1,1,4,1, , ,N,2,2,0,3,0,0,2,2,N,N,39 57:47.143,75 11:23.844,834, ,834, ,0, ,N, ,3, , , , , , , , , ,2,1,0,0,0,0,1,0,0,0,0,0,0,0,0,0,0,0,0,0,1,0,0,0,0,0,0,0,0,0,0,0,0,0,0,0,0,39.9631,-75.19, , 
50046,552881,2013066831,6,67,67301,2013,5,4,800,8,1,2,1,4,1, , ,N,0,0,0,3,0,1,2,2,N,N,39 56:45.457,75 14:28.016,0, ,0, ,0, ,N, ,0, , , , , , , , , ,2,1,0,0,0,0,0,0,0,0,0,1,1,0,0,0,0,0,0,0,0,0,0,0,0,0,0,0,0,0,0,0,0,0,0,4,0,39.946,-75.2411, , 
50047,552884,2013055633,6,67,67301,2013,5,7,708,7,1,8,1,4,1, , ,N,1,2,0,3,0,1,2,2,N,N,40 00:54.823,75 10:11.829,714, ,711, ,0, ,N, ,3, , , , , , , , , ,2,2,0,0,0,0,0,0,0,0,0,1,1,0,0,0,0,0,0,0,0,0,0,0,0,0,0,0,0,0,0,0,0,0,0,4,0,40.0152,-75.1699, , 
50048,552888,2013055562,6,67,67301,2013,5,6,725,7,1,1,0,4,1, , ,N,1,2,0,3,0,3,3,2,N,N,40 02:23.454,75 08:40.429,730, ,728,1,1,1,N, ,3,N, , , , , , , , ,2,2,0,0,0,0,0,0,0,0,0,3,3,0,0,0,0,0,0,0,0,1,0,0,0,0,0,0,0,0,0,0,0,0,0,4,0,40.0398,-75.1445, , 
50049,552893,2013058314,6,67,67301,2013,5,3,1705,17,1,2,1,7,2, , ,N,0,0,0,3,0,0,1,1,N,N,39 53:58.183,75 09:53.210,1732, ,1714,1,1,2,N, ,0,Y, , , , , , , , ,1,1,0,0,0,0,0,0,0,0,0,0,0,0,0,0,0,0,0,0,0,0,0,0,0,0,0,0,0,0,0,0,0,0,0,0,0,39.8995,-75.1647, , 
50050,552903,2013065501,6,67,67301,2013,5,7,2048,20,3,2,1,1,1, , ,N,1,2,0,3,0,2,4,2,N,N,39 57:20.098,75 14:02.378,2048, ,2048, ,0, ,N, ,3, , , , , , , , , ,2,1,0,0,0,0,1,0,0,0,0,2,2,0,0,0,0,0,0,0,1,0,0,0,0,0,0,0,0,0,0,0,0,0,0,4,0,39.9556,-75.234, , 
50051,552912,2013077510,6,67,67301,2013,6,4,1955,19,1,1,0,4,1, , ,N,2,2,0,3,0,1,2,2,N,N,40 04:43.744,74 59:54.869,2004, ,1959, ,0, ,N, ,3, , , , , , , , , ,1,0,0,0,0,0,1,0,1,0,0,1,1,0,1,0,0,0,0,0,0,0,0,0,0,0,0,0,0,0,0,0,0,0,0,4,0,40.0787,-74.9985, , 
50052,552913,2013077530,6,67,67301,2013,7,6,1330,13,1,1,0,1,1, , ,N,0,0,0,3,0,2,6,3,N,N,39 59:32.638,75 05:56.456,1400, ,1345, ,0, ,N, ,0, , , , , , , , , ,3,1,0,0,0,0,2,0,0,0,0,0,2,2,0,0,0,0,0,0,2,0,1,0,0,0,0,0,0,0,0,0,0,0,0,8,0,39.9924,-75.099, , 
50053,552960,2013084408,6,67,67301,2013,7,5,1444,14,1,1,0,4,1, , ,N,2,2,0,3,0,1,3,2,N,N,39 57:26.165,75 11:28.187,1446, ,1444, ,0, ,N, ,3, , , , , , , , , ,1,0,0,0,0,1,0,0,1,0,0,1,1,0,0,0,0,0,0,0,0,0,0,0,0,0,0,0,0,0,0,0,0,0,0,4,1,39.9573,-75.1912, , 
50054,552961,2013086204,6,67,67301,2013,7,7,1510,15,1,1,0,4,1, , ,N,1,0,0,3,0,1,5,2,N,N,40 03:22.996,75 01:32.792,1515, ,1512, ,0, ,N, ,0, , , , , , , , , ,2,0,0,0,0,0,2,0,0,0,0,0,1,1,0,0,0,0,0,0,1,0,0,0,0,0,0,0,0,0,0,0,0,0,0,8,0,40.0564,-75.0258, , 
50055,552968,2013093200,6,67,67301,2013,8,6,1000,10,1,1,0,7,5, , ,N,1,2,0,3,0,1,1,1,N,N,40 00:19.420,75 06:33.689,1007, ,1005, ,0, ,N, ,3, , , , , , , , , ,1,1,0,0,0,0,0,0,0,0,0,0,1,1,0,0,0,0,0,0,0,0,0,0,0,0,0,0,0,0,0,0,0,0,0,8,0,40.0054,-75.1094, , 
50056,552975,2013098396,6,67,67301,2013,9,5,1505,15,1,1,0,1,1, , ,N,1,2,0,3,0,2,3,2,N,N,40 04:46.310,75 02:31.846,1510, ,1507, ,0, ,N, ,3, , , , , , , , , ,2,2,0,0,0,0,0,0,0,0,2,0,2,0,0,0,0,0,0,0,1,0,0,0,0,0,0,0,0,0,0,0,0,0,0,3,0,40.0795,-75.0422, , 
50057,552988,2013070108,6,67,67301,2013,6,5,1410,14,1,1,0,4,1, , ,N,1,3,0,3,0,3,3,2,N, ,40 01:19.484,75 03:08.111,1412, ,1410, ,0, , , ,9, , , , , , , , , ,2,1,0,0,0,0,1,0,0,0,0,0,3,3,0,0,0,0,0,0,0,0,0,0,0,0,0,0,0,0,0,0,0,0,0,8,0,40.0221,-75.0523, , 
50058,552989,2013070355,6,67,67301,2013,6,7,1514,15,1,1,0,4,1, , ,N,1,2,0,3,0,1,5,3,N,N,39 57:26.251,75 14:52.347,1541, ,1537,1,1,1,N, ,3,N, , , , , , , , ,3,3,0,0,0,0,0,0,0,0,0,1,1,0,0,0,1,0,0,0,1,0,0,0,0,0,0,0,0,0,0,0,0,0,0,4,0,39.9573,-75.2479, , 
50059,552995,2013078957,6,67,67301,2013,5,3,2242,22,3,2,1,7,4, , ,N,0,0,0,3,0,0,1,1,N,N,39 57:21.021,75 10:50.068,2252, ,2243,4,2,6,Y, ,0,Y, , , , , , , , ,1,0,0,0,0,1,0,0,0,0,0,0,0,0,0,0,0,0,0,0,0,0,0,0,0,0,0,0,0,0,0,0,0,0,0,0,1,39.9558,-75.1806, , 
50060,553002,2013086275,6,67,67301,2013,8,4,1109,11,1,1,0,4,1, , ,N,2,2,0,3,0,3,3,2,N, ,40 03:47.944,74 59:07.865,1130, ,1125, ,0, , , ,3, , , , , , , , , ,2,2,0,0,0,0,0,0,0,0,0,0,3,3,0,0,0,0,0,0,1,0,0,0,0,0,0,0,0,0,0,0,0,0,0,8,0,40.0633,-74.9855, , 
50061,553003,2013086801,6,67,67301,2013,7,3,650,6,1,1,0,5,1, , ,N,0,0,0,3,0,2,3,2,N,N,39 57:24.286,75 11:53.976,728, ,724, ,0, ,N, ,0, , , , , , , , , ,2,2,0,0,0,0,0,0,0,0,0,2,2,0,1,0,0,0,0,0,0,1,0,0,0,0,0,0,0,0,0,0,0,0,0,4,0,39.9567,-75.1983, , 
50062,553017,2013106396,6,67,67301,2013,10,3,807,8,1,1,0,5,1, , ,N,0,0,0,3,0,1,4,3,Y,N,39 57:25.952,75 09:06.249,820, ,812, ,0, ,N, ,0, , , , , , , , , ,3,2,0,1,0,0,0,0,0,0,0,0,1,1,0,0,0,1,0,0,1,0,0,0,0,0,0,0,0,0,0,0,0,0,0,8,1,39.9572,-75.1517, , 
50063,553018,2013106597,6,67,67301,2013,10,3,610,6,5,1,0,8,1, , ,N,1,0,0,3,0,1,2,2,N,N,40 01:48.464,75 02:06.579,618, ,613, ,0, ,N, ,0, , , , , , , , , ,1,1,0,0,0,0,0,0,0,0,0,1,1,0,0,0,0,0,0,0,1,0,0,0,0,0,0,0,0,0,0,0,1,0,0,4,0,40.0301,-75.0352, , 
50064,555940,2013075146,6,67,67301,2013,6,1,706,7,1,1,0,1,1, , ,N,0,0,0,3,0,1,1,3,N,N,40 06:00.752,75 02:14.010,713, ,711,2,1,2,N, ,0,N, , , , , , , , ,3,2,0,0,0,0,1,0,0,0,0,0,1,1,0,0,0,0,0,0,0,0,0,0,0,0,0,0,0,0,0,0,0,0,0,8,0,40.1002,-75.0372, , 
50065,555945,2013079520,6,67,67301,2013,7,6,2110,21,3,1,0,4,1, , ,N,0,0,0,3,0,1,3,2,N,N,39 57:14.534,75 08:42.114,2117, ,2116, ,0, ,N, ,0, , , , , , , , , ,2,2,0,0,0,0,0,0,0,0,0,1,1,0,0,0,0,0,0,0,1,0,0,0,0,0,0,0,0,0,0,0,0,0,0,4,0,39.954,-75.145, , 
50066,555981,2013078980,6,67,67301,2013,8,7,712,7,1,1,0,0,1, , ,N,0,0,0,3,0,1,1,1,N,N,39 56:44.130,75 11:25.081,712, ,712,1,1,4,N, ,0,N, , , , , , , , ,1,0,1,0,0,0,0,0,0,0,1,0,1,0,0,0,0,0,0,0,0,0,0,0,0,0,0,0,0,0,0,0,0,0,0,3,0,39.9456,-75.1903, , 
50067,555989,2013086829,6,67,67301,2013,7,4,2230,22,3,1,0,5,6, , ,N,0,0,0,3,0,0,1,5,N,N,40 06:00.932,75 03:41.497,2306, ,2305, ,0, , , ,0, , , , , , , , , ,5,3,0,0,1,0,1,0,0,0,0,0,0,0,0,0,0,0,0,1,0,0,0,0,0,0,0,0,0,0,0,0,0,0,0,0,0,40.1003,-75.0615, , 
50068,555996,2013096113,6,67,67301,2013,8,3,530,5,3,1,0,8,1, , ,N,1,2,0,3,0,1,2,2,N, ,40 01:36.631,75 07:01.363,533, ,531,9,1,3,N, ,3,N, , , , , , , , ,1,0,0,0,0,0,1,0,0,0,0,1,1,0,0,0,0,0,0,0,1,0,0,0,0,0,0,0,0,0,0,0,1,0,0,4,0,40.0268,-75.117, , 
50069,555998,2013101256,6,67,67301,2013,9,7,420,4,3,1,0,7,5, , ,N,0,0,1,3,0,0,1,1,N,N,40 02:01.742,75 08:22.889,433, ,425, ,0, ,N, ,0, , , , , , , , , ,1,1,0,0,0,0,0,0,0,0,0,0,0,0,1,0,0,0,0,0,0,0,0,0,0,0,0,0,0,0,0,0,0,0,0,9,0,40.0338,-75.1397, , 
50070,556008,2013111786,6,67,67301,2013,10,6,841,8,1,2,1,1,1, , ,N,0,0,0,3,0,2,3,3,N,N,40 02:39.036,75 06:46.922,848, ,845, ,0, ,N, ,0, , , , , , , , , ,3,2,0,0,1,0,0,0,0,0,0,2,2,0,0,0,0,0,0,0,1,0,0,0,0,0,0,0,0,0,0,0,0,0,0,4,0,40.0442,-75.113, , 
50071,556020,2013093210,6,67,67301,2013,8,7,2019,20,3,1,0,4,1, , ,N,2,2,0,3,0,1,2,2,N,N,39 58:55.682,75 09:37.742,2020, ,2019,1,2,1,N, ,3,N, , , , , , , , ,1,1,0,0,0,0,0,0,1,0,1,0,1,0,0,0,0,0,0,0,0,0,0,0,0,0,0,0,0,0,0,0,0,0,0,3,0,39.9821,-75.1605, , 
50072,556033,2013022254,6,67,67301,2013,1,6,1309,13,1,1,0,1,1, , ,N,1,2,0,3,0,2,4,3,N,N,39 58:39.875,75 12:48.192,1318, ,1315, ,0, ,N, ,3, , , , , , , , , ,3,3,0,0,0,0,0,0,0,0,0,2,2,0,0,0,0,0,0,0,0,0,0,0,0,0,0,0,0,0,0,0,0,0,0,4,0,39.9777,-75.2134, , 
50073,556055,2013050086,6,67,67301,2013,4,3,941,9,1,1,0,1,1,1,4,Y,0,0,0,3,0,3,3,2,N,N,39 53:17.407,75 12:12.189,946,45,942,1,1,1,N, ,0,N,Y,N,N,Y,Y,N,N,N,2,1,0,0,1,0,0,0,0,0,0,2,3,1,0,0,0,0,0,0,1,1,0,0,0,0,0,0,0,0,0,0,0,0,0,4,0,39.8882,-75.2034, , 
50074,556070,2013070025,6,67,67301,2013,6,3,1345,13,1,2,1,8,1, , ,N,1,2,0,3,0,1,2,2,N,N,39 57:02.541,75 09:45.727,1535, ,1529, ,0, ,N, ,3, , , , , , , , , ,1,1,0,0,0,0,0,0,0,0,0,1,1,0,0,0,0,0,0,0,0,0,0,0,0,0,0,0,0,0,0,0,1,0,0,4,0,39.9507,-75.1627, , 
50075,556071,2013070260,6,67,67301,2013,6,2,2300,23,3,2,1,4,1, , ,N,0,0,0,3,0,1,2,2,N,N,39 55:29.197,75 10:10.282,2316, ,2313,9,1,2,N, ,0,N, , , , , , , , ,2,2,0,0,0,0,0,0,0,0,0,1,1,0,0,0,0,0,0,1,0,0,0,0,0,0,0,0,0,0,0,0,0,0,0,4,0,39.9248,-75.1695, , 
50076,556079,2013077406,6,67,67301,2013,7,3,1830,18,1,2,1,4,1, , ,N,1,0,0,3,0,1,2,2,N,N,39 57:48.060,75 11:34.623,1845, ,1835, ,0, ,N, ,0, , , , , , , , , ,1,1,0,0,0,0,0,0,1,0,0,0,1,1,0,0,0,0,0,0,0,0,0,0,0,0,0,0,0,0,0,0,0,0,0,8,0,39.9634,-75.193, , 
50077,556115,2013053062,6,67,67301,2013,4,1,9999,99,1,1,0,4,1, , ,N,1,2,0,3,0,1,3,2,N,N,40 01:27.102,75 05:43.897,1145, ,1137,1,1,3,N, ,3,N, , , , , , , , ,2,1,0,0,0,0,1,0,0,0,0,1,1,0,0,0,0,0,0,0,0,0,0,0,0,0,0,0,0,0,0,0,0,0,0,4,0,40.0242,-75.0955, , 
50078,556116,2013053090,6,67,67301,2013,4,7,803,8,1,1,0,5,6, , ,N,0,0,0,3,0,1,2,2,N, ,40 01:21.271,75 04:40.089,811, ,810, ,0, , , ,0, , , , , , , , , ,2,2,0,0,0,0,0,0,0,0,0,1,1,0,0,0,0,0,0,0,0,0,0,0,0,0,0,0,0,0,0,0,0,0,0,4,0,40.0226,-75.0778, , 
50079,556127,2013062674,6,67,67301,2013,4,1,1710,17,1,1,0,7,5, , ,N,0,0,0,3,0,0,2,1,N,N,40 02:27.056,75 07:26.223,1745, ,1740, ,0, , , ,0, , , , , , , , , ,1,1,0,0,0,0,0,0,0,0,0,0,0,0,0,0,0,1,0,0,0,0,0,2,0,0,0,0,0,0,0,0,0,0,0,0,0,40.0408,-75.124, , 
50080,556137,2013070431,6,67,67301,2013,6,6,1536,15,1,1,0,4,1, , ,N,0,0,0,3,0,0,6,4,N,N,40 00:07.832,75 04:48.320,1629, ,1615, ,0, ,N, ,0, , , , , , , , , ,4,2,0,0,1,0,0,0,0,0,0,0,0,0,1,0,0,0,0,0,1,1,0,0,0,0,0,0,0,0,0,0,0,0,0,9,0,40.0022,-75.0801, , 
50081,556146,2013074912,6,67,67301,2013,7,1,1705,17,1,1,0,1,1, , ,N,0,0,0,3,0,1,3,3,N,N,39 58:36.698,75 11:53.484,1707, ,1706, ,0, ,N, ,0, , , , , , , , , ,3,3,0,0,0,0,0,0,0,0,0,0,1,1,0,0,0,0,0,0,0,0,0,0,0,0,0,0,0,0,0,0,0,0,0,8,0,39.9769,-75.1982, , 
50082,545715,2013026965,6,67,67301,2013,2,3,1725,17,3,4,1,8,1, , ,N,0,2,0,3,0,1,2,2,N,N,40 01:44.302,75 06:20.362,1735, ,1727, ,0, ,N, ,3, , , , , , , , , ,1,0,0,0,1,0,0,0,0,0,0,1,1,0,0,0,0,0,0,0,0,0,0,0,0,0,0,0,0,0,0,0,1,0,0,4,0,40.029,-75.1057, , 
50083,545718,2013029781,6,67,67301,2013,2,2,1448,14,1,2,1,0,1, , ,N,0,0,2,3,0,1,1,1,N, ,40 06:31.570,74 59:40.798,1451, ,1448,2,2,1, , ,0,Y, , , , , , , , ,1,0,0,0,0,0,1,0,0,0,1,0,1,0,0,0,0,0,0,0,0,0,0,0,0,0,0,0,0,0,0,0,0,0,0,3,0,40.1088,-74.9947, , 
50084,545723,2013035652,6,67,67301,2013,2,6,1200,12,1,1,0,4,1, , ,N,2,0,0,3,0,2,2,2,N, ,39 59:38.230,75 08:56.680,1225, ,1216, ,0, , , ,0, , , , , , , , , ,2,1,0,0,0,0,0,1,0,0,2,0,2,0,0,0,0,0,0,0,2,0,0,0,0,0,0,0,0,0,0,0,0,0,0,3,0,39.994,-75.1491, , 
50085,545762,2013025301,6,67,67301,2013,1,4,1245,12,1,1,1,1,1, , ,N,1,2,0,3,0,2,3,4,N,N,40 00:21.351,75 06:48.588,1245, ,1245, ,0, ,N, ,3, , , , , , , , , ,4,2,0,0,0,0,1,1,0,0,0,0,2,2,0,1,0,0,0,0,0,0,0,0,0,0,0,0,0,0,0,0,0,0,0,8,0,40.0059,-75.1135, , 
50086,545764,2013029705,6,67,67301,2013,2,1,1513,15,1,1,6,1,1, , ,N,0,0,0,3,0,1,2,3,N,N,39 59:48.915,75 08:13.934,1522, ,1521,1,2,1,N, ,0,N, , , , , , , , ,3,1,0,0,0,0,0,0,0,0,0,0,1,1,0,0,0,0,0,0,0,0,0,1,0,0,0,0,0,0,0,0,0,0,0,8,0,39.9969,-75.1372, , 
50087,545776,2013050249,6,67,67301,2013,4,4,815,8,1,1,0,1,1, , ,N,1,2,0,3,0,1,2,2,N, ,40 00:57.319,75 07:46.466,817, ,815, ,0, , , ,3, , , , , , , , , ,2,1,0,0,1,0,0,0,0,0,0,0,1,1,0,0,0,0,0,0,0,0,0,2,0,0,0,0,0,0,0,0,0,0,0,8,0,40.0159,-75.1296, , 
50088,545803,2013009128,6,67,67301,2013,1,6,1337,13,1,1,0,1,1, , ,N,0,0,0,3,0,0,4,3,N,N,40 00:20.562,75 04:29.911,1354, ,1346,1,1,1,N, ,0,N, , , , , , , , ,3,2,0,0,0,0,1,0,0,0,0,0,0,0,0,0,0,0,0,0,1,0,0,0,0,0,0,0,0,0,0,0,0,0,0,0,0,40.0056,-75.0751, , 
50089,545829,2013037430,6,67,67301,2013,3,2,637,6,1,1,0,1,1, , ,N,0,0,0,3,0,0,2,2,N,N,40 01:05.932,75 10:08.662,705, ,640,1,1,2,N, ,0,N, , , , , , , , ,2,1,0,0,0,0,0,1,0,0,0,0,0,0,1,0,0,0,0,0,0,0,0,0,0,0,0,0,0,0,0,0,0,0,0,9,0,40.0183,-75.1691, , 
50090,545837,2013046516,6,67,67301,2013,4,4,1530,15,1,1,0,5,1, , ,N,0,0,0,3,0,0,2,2,N,N,39 59:13.012,75 12:28.024,1530, ,1530, ,0, ,N, ,0, , , , , , , , , ,2,1,0,0,1,0,0,0,0,0,0,0,0,0,1,0,0,0,0,0,0,1,0,0,0,0,0,0,0,0,0,0,0,0,0,9,0,39.9869,-75.2078, , 
50091,545849,2013011214,6,67,67301,2013,1,1,428,4,3,1,0,4,3, , ,N,0,0,0,3,0,0,2,2,N,N,39 58:29.039,75 11:39.808,446, ,429,1,1,3,N, ,0,N, , , , , , , , ,2,2,0,0,0,0,0,0,0,0,0,0,0,0,1,0,0,0,0,1,0,0,0,0,0,0,0,0,0,0,0,0,0,0,0,9,0,39.9747,-75.1944, , 
50092,545877,2013045708,6,67,67301,2013,5,4,1718,17,1,1,0,4,1, , ,N,1,2,0,3,0,1,2,2,N,N,40 05:09.739,75 12:42.976,1720, ,1718, ,0, ,N, ,3, , , , , , , , , ,2,1,0,0,0,0,1,0,0,0,0,1,1,0,0,0,0,0,0,0,0,0,0,0,0,0,0,0,0,0,0,0,0,0,0,4,0,40.0861,-75.2119, , 
50093,545881,2013050304,6,67,67301,2013,4,6,2300,23,3,1,0,8,1, , ,N,2,0,0,3,0,1,2,2,N, ,40 02:47.443,75 02:42.968,1040, ,1035, ,0, , , ,0, , , , , , , , , ,1,1,0,0,0,0,0,0,0,1,0,0,1,0,0,0,0,0,0,0,0,0,0,0,0,0,0,0,0,0,0,0,1,0,1,2,0,40.0465,-75.0453, , 
50094,545909,2013026273,6,67,67301,2013,2,4,852,8,1,2,1,5,1, , ,N,0,0,0,3,0,1,6,2,N,N,39 53:55.591,75 10:46.182,856, ,856,2,1,2,N, ,0,N, , , , , , , , ,2,1,0,0,0,0,1,0,0,0,0,0,1,1,4,0,0,0,0,0,1,0,0,0,0,0,0,0,0,0,0,0,0,0,0,8,0,39.8988,-75.1795, , 
50095,545913,2013029701,6,67,67301,2013,2,3,930,9,1,2,1,8,1, , ,N,1,3,0,3,0,1,2,2,N,N,39 58:43.330,75 08:44.865,940, ,938, ,0, , , ,3, , , , , , , , , ,1,1,0,0,0,0,0,0,0,0,0,1,1,0,0,0,0,0,0,0,0,0,0,0,0,0,0,0,0,0,0,0,1,0,0,4,0,39.9787,-75.1458, , 
50096,545915,2013035274,6,67,67301,2013,3,7,1429,14,1,1,0,8,1, , ,N,2,0,0,3,0,1,2,2,N,N,40 00:28.836,75 04:59.980,1430, ,1429, ,0, ,N, ,0, , , , , , , , , ,1,1,0,0,0,0,0,0,0,1,0,0,1,0,0,0,0,0,0,0,0,0,0,0,0,0,0,0,0,0,0,0,1,0,1,2,0,40.008,-75.0833, , 