objectid_1,objectid,crn,district,county,municipality,crash_year,crash_month,day_of_week,time_of_day,hour_of_day,illumination,weather,road_condition,collision_type,relation_to_road,work_zone_type,work_zone_loc,work_zone_ind,intersect_type,tcd_type,location_type,urban_rural,fatal_count,injury_count,person_count,total_units,sch_bus_ind,sch_zone_ind,latitude,longitude,arrival_tm,cons_zone_spd_lim,dispatch_tm,est_hrs_closed,lane_closed,ln_close_dir,ntfy_hiwy_maint,spec_juris_cd,tcd_func_cd,tfc_detour_ind,workers_pres,wz_close_detour,wz_flagger,wz_law_offcr_ind,wz_ln_closure,wz_moving,wz_other,wz_shlder_mdn,vehicle_count,automobile_count,motorcycle_count,bus_count,small_truck_count,heavy_truck_count,suv_count,van_count,bicycle_count,maj_inj_count,mod_inj_count,min_inj_count,tot_inj_count,unk_inj_deg_count,unk_inj_per_count,driver_count_16yr,driver_count_17yr,driver_count_18yr,driver_count_19yr,driver_count_20yr,driver_count_50_64yr,driver_count_65_74yr,driver_count_75plus,unbelted_occ_count,unb_death_count,unb_maj_inj_count,belted_death_count,belted_maj_inj_count,mcycle_death_count,mcycle_maj_inj_count,bicycle_death_count,bicycle_maj_inj_count,ped_count,ped_death_count,ped_maj_inj_count,max_severity_level,comm_veh_count,dec_lat,dec_long,rdwy_surf_type_cd,county_name
50300,587104,2013070493,6,67,67301,2013,6,3,1910,19,1,1,0,1,1, , ,N,2,0,0,3,0,1,5,3,N,N,40 00:51.091,75 07:42.974,1925, ,1920, ,0, , , ,0, , , , , , , , , ,3,1,0,0,1,0,0,1,0,0,0,1,1,0,0,0,0,0,0,0,0,0,0,0,0,0,0,0,0,0,0,0,0,0,0,4,0,40.0142,-75.1286, , 
50301,581332,2013077506,6,67,67301,2013,6,1,1253,12,1,2,1,5,6, , ,N,0,0,0,3,0,2,4,2,N,N,39 57:41.691,75 14:02.648,1318, ,1310, ,0, ,N, ,0, , , , , , , , , ,2,2,0,0,0,0,0,0,0,0,0,2,2,0,2,0,0,0,0,0,0,0,0,0,0,0,0,0,0,0,0,0,0,0,0,4,0,39.9616,-75.2341, , 
50302,581348,2013086814,6,67,67301,2013,8,6,1930,19,1,1,0,4,1, , ,N,0,0,0,3,0,1,2,2,N,N,39 57:59.446,75 14:53.192,1933, ,1931, ,0, ,N, ,0, , , , , , , , , ,1,0,0,0,0,0,1,0,1,0,0,0,1,1,0,0,0,0,0,0,0,0,0,0,0,0,0,0,0,0,0,0,0,0,0,8,0,39.9665,-75.2481, , 
50303,581354,2013093071,6,67,67301,2013,8,1,2153,21,3,1,0,1,1, , ,N,0,0,0,3,0,1,4,2,N,N,40 03:33.393,75 02:38.224,2210, ,2205, ,0, ,N, ,0, , , , , , , , , ,2,0,0,0,0,0,1,1,0,0,0,1,1,0,0,0,0,0,0,0,0,0,0,1,0,0,0,0,0,0,0,0,0,0,0,4,0,40.0593,-75.044, , 
50304,581363,2013070053,6,67,67301,2013,6,4,1810,18,1,1,0,6,1, , ,N,1,3,0,3,0,1,2,3,N,N,39 58:56.426,75 07:36.268,1835, ,1830, ,0, ,N, ,3, , , , , , , , , ,3,2,0,0,0,0,0,0,0,0,0,1,1,0,0,0,0,0,0,0,0,0,0,0,0,0,0,0,0,0,0,0,0,0,0,4,0,39.9823,-75.1267, , 
50305,581364,2013070085,6,67,67301,2013,6,1,9,0,3,1,0,5,1, , ,N,0,0,0,3,0,1,2,2,N,N,39 57:17.443,75 11:45.069,11, ,10,1,1,3,N, ,0,N, , , , , , , , ,1,1,0,0,0,0,0,0,1,0,0,1,1,0,0,0,0,0,0,0,0,0,0,0,0,0,0,0,0,0,0,0,0,0,0,4,0,39.9548,-75.1959, , 
50306,581365,2013070144,6,67,67301,2013,6,4,1300,13,1,9,8,8,2, , ,N,0,0,0,3,0,1,2,2,N, ,40 00:26.060,75 05:12.392,1242, ,1240, ,0, , , ,0, , , , , , , , , ,1,0,0,0,0,0,0,0,0,0,0,1,1,0,1,0,0,0,0,0,0,0,0,0,0,0,0,0,0,0,0,0,1,0,0,4,0,40.0072,-75.0868, , 
50307,581369,2013079606,6,67,67301,2013,7,1,0,0,3,1,0,4,1, , ,N,0,0,0,3,0,0,1,2,N,N,40 00:22.568,75 08:38.281,20, ,8, ,0, ,N, ,0, , , , , , , , , ,2,0,0,0,0,0,1,0,0,0,0,0,0,0,1,0,0,0,0,0,0,0,0,0,0,0,0,0,0,0,0,0,0,0,0,9,0,40.0063,-75.144, , 
50308,581374,2013070092,6,67,67301,2013,6,4,1345,13,1,1,0,4,1, , ,N,1,3,0,3,0,2,3,2,N,N,39 57:52.815,75 13:19.390,1308, ,1305, ,0, , , ,3, , , , , , , , , ,2,2,0,0,0,0,0,0,0,0,2,0,2,0,1,0,0,0,0,0,0,0,0,0,0,0,0,0,0,0,0,0,0,0,0,3,0,39.9647,-75.2221, , 
50309,581375,2013070991,6,67,67301,2013,6,5,1313,13,1,1,0,4,1, , ,N,2,3,0,3,0,3,8,3,N, ,39 57:19.460,75 08:21.659,1318, ,1315, ,0, , , ,3, , , , , , , , , ,3,3,0,0,0,0,0,0,0,0,0,0,3,3,0,0,0,1,0,0,0,0,0,8,0,0,0,0,0,0,0,0,0,0,0,8,0,39.9554,-75.1391, , 
50310,581382,2013077370,6,67,67301,2013,7,4,2253,22,3,2,1,0,7, , ,N,6,0,2,3,0,1,1,1,N,N,40 01:11.152,75 08:36.668,2307, ,2253,1,1,2,N, ,0,N, , , , , , , , ,1,1,0,0,0,0,0,0,0,0,0,0,1,1,0,0,0,0,0,0,0,0,0,0,0,0,0,0,0,0,0,0,0,0,0,8,0,40.0198,-75.1435, , 
50311,581388,2013086831,6,67,67301,2013,8,5,940,9,1,1,0,2,1, , ,N,2,3,0,3,0,3,4,2,N, ,40 04:44.742,75 02:12.368,950, ,945,1,1,4, , ,3,Y, , , , , , , , ,2,2,0,0,0,0,0,0,0,0,0,3,3,0,0,0,0,0,0,0,0,0,1,0,0,0,0,0,0,0,0,0,0,0,0,4,0,40.0791,-75.0368, , 
50312,581414,2013055833,6,67,67301,2013,5,5,749,7,1,2,1,4,1, , ,N,2,3,0,3,0,1,3,3,N, ,39 56:43.936,75 13:38.369,905, ,901,3,1,1, , ,3,N, , , , , , , , ,3,2,0,0,1,0,0,0,0,0,0,1,1,0,0,0,0,0,0,0,0,0,0,0,0,0,0,0,0,0,0,0,0,0,0,4,0,39.9455,-75.2273, , 
50313,581427,2013070225,6,67,67301,2013,6,7,1715,17,1,1,0,4,1, , ,N,1,2,0,3,0,1,4,2,N,N,39 58:10.453,75 12:41.538,1719, ,1717,1,1,6, , ,3,Y, , , , , , , , ,2,0,0,0,0,0,2,0,0,0,0,1,1,0,0,0,0,0,0,0,0,0,0,0,0,0,0,0,0,0,0,0,0,0,0,4,0,39.9697,-75.2115, , 
50314,581428,2013070515,6,67,67301,2013,6,6,1234,12,1,2,1,1,1, , ,N,1,2,0,3,0,2,5,2,N,N,40 02:40.301,75 11:35.235,1315, ,1308, ,0, ,N, ,3, , , , , , , , , ,2,1,0,0,0,0,1,0,0,0,0,2,2,0,0,0,0,0,0,0,1,0,0,1,0,0,0,0,0,0,0,0,0,0,0,4,0,40.0445,-75.1931, , 
50315,581440,2013086233,6,67,67301,2013,8,1,1945,19,1,1,0,5,1, , ,N,1,0,0,3,0,0,2,2,N,N,39 58:12.826,75 08:42.073,1945, ,945, ,0, ,N, ,0, , , , , , , , , ,2,2,0,0,0,0,0,0,0,0,0,0,0,0,0,0,0,0,0,1,0,0,0,2,0,0,0,0,0,0,0,0,0,0,0,0,0,39.9702,-75.1451, , 
50316,581442,2013086903,6,67,67301,2013,8,6,1845,18,1,1,0,8,1, , ,N,0,0,0,3,0,1,3,2,N,N,40 00:34.462,75 09:59.900,1849, ,1849, ,0, ,N, ,0, , , , , , , , , ,1,0,0,0,0,0,0,1,0,0,1,0,1,0,0,0,0,0,0,0,1,0,0,1,0,0,0,0,0,0,0,0,1,0,0,3,0,40.0096,-75.1666, , 
50317,581461,2013055910,6,67,67301,2013,5,7,904,9,1,1,0,4,1, , ,N,1,2,0,3,0,3,3,2,N,N,40 00:02.702,75 08:36.116,947, ,944, ,0, ,N, ,3, , , , , , , , , ,2,1,0,0,0,0,1,0,0,0,0,2,3,1,0,0,0,0,0,0,0,0,0,0,0,0,0,0,0,0,0,0,0,0,0,4,0,40.0008,-75.1434, , 
50318,581468,2013062617,6,67,67301,2013,5,1,1015,10,1,2,1,4,1, , ,N,1,2,0,3,0,5,16,2,N,N,40 02:12.235,75 03:52.193,1025, ,1020,1,1,2,N, ,3,N, , , , , , , , ,2,0,0,0,0,0,0,2,0,0,0,0,5,5,0,0,0,0,0,0,1,0,0,0,0,0,0,0,0,0,0,0,0,0,0,8,0,40.0367,-75.0645, , 
50319,584086,2013086785,6,67,67301,2013,8,5,2232,22,3,1,0,4,1, , ,N,1,3,0,3,0,0,3,2,N, ,40 02:48.344,75 10:00.907,2251, ,2247, ,0, , , ,3, , , , , , , , , ,2,2,0,0,0,0,0,0,0,0,0,0,0,0,2,0,0,0,0,0,0,0,0,0,0,0,0,0,0,0,0,0,0,0,0,9,0,40.0468,-75.1669, , 
50320,584097,2013096122,6,67,67301,2013,8,3,1005,10,1,1,0,6,7, , ,N,2,2,2,3,0,3,4,3,N, ,40 00:01.256,75 05:01.626,1015, ,1006, ,0, , , ,3, , , , , , , , , ,3,2,0,0,1,0,0,0,0,0,0,0,3,3,0,0,0,0,0,0,0,0,0,0,0,0,0,0,0,0,0,0,0,0,0,8,0,40.0003,-75.0837, , 
50321,584100,2013098363,6,67,67301,2013,9,5,1958,19,4,1,0,4,1, , ,N,1,3,0,3,0,0,4,2,N,N,39 59:35.462,75 06:24.911,2009, ,2000, ,0, ,N, ,3, , , , , , , , , ,2,1,0,0,0,0,0,1,0,0,0,0,0,0,0,0,0,0,0,0,1,0,0,0,0,0,0,0,0,0,0,0,0,0,0,0,0,39.9932,-75.1069, , 
50322,584101,2013098433,6,67,67301,2013,9,4,1645,16,1,1,0,1,1, , ,N,2,0,0,3,0,1,2,2,N,N,40 02:30.370,75 06:44.466,1655, ,1649, ,0, ,N, ,0, , , , , , , , , ,2,1,0,0,1,0,0,0,0,0,0,1,1,0,0,0,0,1,0,0,0,0,0,0,0,0,0,0,0,0,0,0,0,0,0,4,0,40.0418,-75.1124, , 
50323,584108,2013106665,6,67,67301,2013,9,1,1407,14,1,1,0,4,1, , ,N,1,2,0,3,0,1,2,2,N,N,39 57:10.551,75 14:48.235,1414, ,1410, ,0, ,N, ,3, , , , , , , , , ,2,1,1,0,0,0,0,0,0,0,1,0,1,0,0,0,0,0,0,0,0,0,0,0,0,0,0,0,0,0,0,0,0,0,0,3,0,39.9529,-75.2467, , 
50324,584120,2013070077,6,67,67301,2013,6,5,1235,12,1,1,0,5,1, , ,N,0,0,0,3,0,1,2,2,N,N,39 59:33.853,75 07:13.051,1307, ,1255, ,0, ,N, ,0, , , , , , , , , ,1,0,0,1,0,0,0,0,1,0,0,0,1,1,0,0,0,0,0,0,0,0,0,0,0,0,0,0,0,0,0,0,0,0,0,8,1,39.9927,-75.1203, , 
50325,584122,2013016211,6,67,67301,2013,1,5,1640,16,1,1,0,8,1, , ,N,1,2,0,3,0,1,2,2,Y,N,40 01:20.463,75 04:41.285,2227, ,2222, ,0, ,N, ,3, , , , , , , , , ,1,0,0,0,0,0,0,1,0,0,0,1,1,0,1,0,0,0,0,0,0,0,0,0,0,0,0,0,0,0,0,0,1,0,0,4,0,40.0224,-75.0781, , 
50326,584134,2013032692,6,67,67301,2013,3,1,821,8,1,1,0,5,1, , ,N,0,0,0,3,0,4,4,2,N,N,39 57:49.433,75 11:02.855,827, ,823, ,0, ,N, ,0, , , , , , , , , ,2,1,0,0,0,0,1,0,0,0,1,3,4,0,0,0,0,0,0,0,0,0,0,1,0,0,0,0,0,0,0,0,0,0,0,3,0,39.9637,-75.1841, , 
50327,584158,2013064724,6,67,67301,2013,5,7,408,4,3,1,0,1,1, , ,N,0,0,0,3,0,1,3,2,N,N,39 57:36.641,75 10:49.259,410, ,409, ,0, ,N, ,0, , , , , , , , , ,2,2,0,0,0,0,0,0,0,0,0,1,1,0,0,0,0,0,0,0,0,0,0,0,0,0,0,0,0,0,0,0,0,0,0,4,0,39.9602,-75.1803, , 
50328,584167,2013055572,6,67,67301,2013,5,6,2020,20,3,1,0,5,1, , ,N,1,0,0,3,0,2,3,3,N, ,39 56:52.017,75 13:52.855,2025, ,2021, ,0, , , ,0, , , , , , , , , ,3,2,0,0,0,0,0,1,0,0,0,2,2,0,0,1,0,0,0,0,0,0,0,0,0,0,0,0,0,0,0,0,0,0,0,4,0,39.9478,-75.2313, , 
50329,584169,2013065434,6,67,67301,2013,5,5,1720,17,1,1,0,4,1, , ,N,3,2,0,3,0,1,2,2,N,N,40 01:33.252,75 12:11.489,1740, ,1723,4,1,2,N, ,3,Y, , , , , , , , ,2,1,1,0,0,0,0,0,0,0,1,0,1,0,0,0,0,0,0,0,0,0,0,0,0,0,0,0,0,0,0,0,0,0,0,3,0,40.0259,-75.2032, , 
50330,584174,2013070162,6,67,67301,2013,5,5,1049,10,1,1,0,4,1, , ,N,1,2,0,3,0,1,3,2,N,N,39 56:45.502,75 12:50.327,1105, ,1058, ,0, , , ,3, , , , , , , , , ,2,1,0,1,0,0,0,0,0,0,0,1,1,0,0,0,0,0,0,0,0,0,0,0,0,0,0,0,0,0,0,0,0,0,0,4,1,39.946,-75.214, , 
50331,584185,2013080024,6,67,67301,2013,7,2,1725,17,1,1,0,1,1, , ,N,0,0,0,3,0,2,4,2,N,N,39 58:10.690,75 12:42.740,1733, ,1730, ,0, ,N, ,0, , , , , , , , , ,2,1,0,1,0,0,0,0,0,0,0,2,2,0,0,0,0,0,0,0,0,0,0,0,0,0,0,0,0,0,0,0,0,0,0,4,1,39.9696,-75.2119, , 
50332,584190,2013086227,6,67,67301,2013,7,3,1220,12,1,1,1,4,1, , ,N,0,0,7,3,0,1,2,2,N, ,39 58:47.370,75 16:08.324,1225, ,1220, ,0, , , ,0, , , , , , , , , ,1,1,0,0,0,0,0,0,1,0,0,1,1,0,0,0,0,0,0,0,0,0,0,1,0,0,0,0,0,0,0,0,0,0,0,4,0,39.9798,-75.269, , 
50333,584199,2013099770,6,67,67301,2013,10,6,612,6,3,1,0,4,7, , ,N,6,0,2,3,0,1,2,2,N,N,39 58:01.077,75 11:16.366,621, ,621,1,2,4,N, ,0,N, , , , , , , , ,2,2,0,0,0,0,0,0,0,0,0,1,1,0,0,0,0,0,0,1,0,0,0,0,0,0,0,0,0,0,0,0,0,0,0,4,0,39.967,-75.1879, , 
50334,584200,2013101056,6,67,67301,2013,9,7,1350,13,1,1,0,4,1, , ,N,1,2,0,3,0,2,2,2,N,N,40 02:43.800,75 09:53.514,9999, ,1350, ,0, ,N, ,3, , , , , , , , , ,2,2,0,0,0,0,0,0,0,0,0,0,2,2,0,0,0,0,0,0,0,0,0,0,0,0,0,0,0,0,0,0,0,0,0,8,0,40.0455,-75.1649, , 
50335,584201,2013101099,6,67,67301,2013,9,6,1825,18,1,1,0,8,1, , ,N,1,0,0,3,0,1,2,2,N, ,40 03:34.246,75 03:07.165,1850, ,1844, ,0, , , ,0, , , , , , , , , ,1,1,0,0,0,0,0,0,0,0,0,0,1,1,0,0,0,0,0,0,0,1,0,0,0,0,0,0,0,0,0,0,1,0,0,8,0,40.0595,-75.052, , 
50336,584218,2013068717,6,67,67301,2013,7,6,1515,15,1,1,0,6,1, , ,N,0,0,0,3,0,1,3,2,N,N,40 00:15.087,75 04:36.510,1540, ,1516, ,0, ,N, ,0, , , , , , , , , ,2,2,0,0,0,0,0,0,0,0,0,1,1,0,0,0,0,0,0,0,0,0,0,0,0,0,0,0,0,0,0,0,0,0,0,4,0,40.0042,-75.0768, , 
50337,587109,2013070052,6,67,67301,2013,6,7,1610,16,1,1,0,1,1, , ,N,3,0,0,3,0,1,3,2,N,N,40 05:13.428,75 02:26.887,1613, ,1613, ,0, ,N, ,0, , , , , , , , , ,2,1,1,0,0,0,0,0,0,0,0,1,1,0,2,0,0,0,0,0,1,0,0,0,0,0,0,0,0,0,0,0,0,0,0,4,0,40.0871,-75.0408, , 
50338,587132,2013086238,6,67,67301,2013,8,1,1053,10,1,1,0,4,1, , ,N,1,3,0,3,0,3,3,2,N,N,40 02:24.799,75 07:22.061,1110, ,1059,1,1,1,N, ,3,Y, , , , , , , , ,2,2,0,0,0,0,0,0,0,0,0,0,3,3,0,0,0,0,0,0,0,0,1,0,0,0,0,0,0,0,0,0,0,0,0,8,0,40.0402,-75.1228, , 
50339,587142,2013093885,6,67,67301,2013,7,6,1340,13,1,1,0,4,1, , ,N,0,0,0,3,0,0,1,7,N,N,40 01:22.872,75 13:09.418,1350, ,1346, ,0, ,N, ,0, , , , , , , , , ,7,4,0,0,0,0,3,0,0,0,0,0,0,0,0,0,0,0,0,0,0,0,1,0,0,0,0,0,0,0,0,0,0,0,0,0,0,40.023,-75.2193, , 
50340,587145,2013094743,6,67,67301,2013,6,6,2300,23,6,1,0,1,1, , ,N,0,2,0,3,0,0,2,2,N,N,39 56:17.821,75 08:31.567,0, ,0, ,0, ,N, ,3, , , , , , , , , ,2,2,0,0,0,0,0,0,0,0,0,0,0,0,1,0,0,0,1,0,0,0,0,0,0,0,0,0,0,0,0,0,0,0,0,9,0,39.9383,-75.1421, , 
50341,587160,2013066726,6,67,67301,2013,5,4,610,6,1,1,0,1,1, , ,N,1,2,0,3,0,1,2,2,N,N,40 04:51.448,75 01:44.242,0, ,0, ,0, ,N, ,3, , , , , , , , , ,2,2,0,0,0,0,0,0,0,0,1,0,1,0,1,0,0,0,0,0,1,0,0,0,0,0,0,0,0,0,0,0,0,0,0,3,0,40.0809,-75.0288, , 
50342,587210,2013077416,6,67,67301,2013,6,3,1610,16,8,2,1,8,1, , ,N,1,2,0,3,0,1,4,3,N,N,40 02:07.013,75 01:30.652,1622, ,1612, ,0, ,N, ,3, , , , , , , , , ,2,2,0,0,0,0,0,0,0,0,0,1,1,0,0,0,0,0,0,0,0,0,0,0,0,0,0,0,0,0,0,0,1,0,0,4,0,40.0353,-75.0252, , 
50343,587211,2013077529,6,67,67301,2013,7,2,1700,17,1,1,0,4,1, , ,N,1,3,0,3,0,1,6,2,N,N,39 57:37.519,75 13:40.752,1740, ,1705,1,1,4,N, ,3,N, , , , , , , , ,2,2,0,0,0,0,0,0,0,0,0,1,1,0,0,0,0,0,1,0,0,0,1,0,0,0,0,0,0,0,0,0,0,0,0,4,0,39.9603,-75.228, , 
50344,587214,2013081197,6,67,67301,2013,7,3,730,7,1,1,0,1,1, , ,N,0,0,7,3,0,1,4,3,N, ,40 00:54.180,75 07:46.960,740, ,737, ,0, , , ,0, , , , , , , , , ,3,3,0,0,0,0,0,0,0,0,0,1,1,0,0,0,0,0,0,0,0,0,0,0,0,0,0,0,0,0,0,0,0,0,0,4,0,40.0151,-75.1297, , 
50345,587229,2013095994,6,67,67301,2013,8,7,1825,18,1,1,0,8,1, , ,N,0,0,0,3,0,1,3,2,N, ,39 55:38.110,75 10:30.176,1844, ,1843, ,0, ,N, ,0, , , , , , , , , ,1,0,0,0,0,0,1,0,0,0,0,0,1,1,0,0,0,0,0,0,0,0,0,0,0,0,0,0,0,0,0,0,1,0,0,8,0,39.9273,-75.175, , 
50346,587243,2013070332,6,67,67301,2013,5,5,2100,21,3,1,0,1,1, , ,N,1,2,0,3,0,1,2,2,N, ,40 00:04.594,75 13:35.224,9999, ,1120, ,0, , , ,3, , , , , , , , , ,2,2,0,0,0,0,0,0,0,0,0,1,1,0,0,0,0,0,0,0,0,0,0,0,0,0,0,0,0,0,0,0,0,0,0,4,0,40.0012,-75.2264, , 
50347,587262,2013077536,6,67,67301,2013,6,6,1617,16,1,2,1,4,1, , ,N,1,2,0,3,0,2,3,2,N,N,39 59:59.964,75 09:11.322,1634, ,1617, ,0, ,N, ,3, , , , , , , , , ,2,2,0,0,0,0,0,0,0,0,0,2,2,0,0,0,0,0,0,0,0,0,0,0,0,0,0,0,0,0,0,0,0,0,0,4,0,40,-75.1531, , 
50348,587267,2013086777,6,67,67301,2013,7,6,121,1,3,1,0,1,6, , ,N,0,0,0,3,0,0,1,3,N,N,40 03:25.405,75 08:23.917,123, ,122,9,2,6,N, ,0,Y, , , , , , , , ,3,2,0,0,0,0,1,0,0,0,0,0,0,0,0,0,0,0,0,1,0,0,0,0,0,0,0,0,0,0,0,0,0,0,0,0,0,40.0571,-75.14, , 
50349,587268,2013088111,6,67,67301,2013,7,2,1330,13,1,1,0,4,1, , ,N,2,2,0,3,0,1,3,2,N,N,39 57:34.088,75 13:59.355,1631, ,1631, ,0, ,N, ,3, , , , , , , , , ,2,1,0,0,0,0,1,0,0,0,1,0,1,0,0,0,0,0,0,0,0,0,0,0,0,0,0,0,0,0,0,0,0,0,0,3,0,39.9595,-75.2332, , 
50350,587276,2013093086,6,67,67301,2013,8,2,1850,18,1,1,0,8,1, , ,N,0,0,0,3,0,1,2,2,N, ,40 05:26.096,75 01:58.442,2220, ,2215, ,0, , , ,0, , , , , , , , , ,1,0,0,0,0,0,0,0,0,0,0,1,1,0,0,0,0,0,0,0,0,0,0,0,0,0,0,0,0,0,0,0,1,0,0,4,0,40.0906,-75.0329, , 
50351,587277,2013093292,6,67,67301,2013,9,6,2237,22,3,1,0,1,1, , ,N,0,0,0,3,0,2,4,3,N,N,39 58:40.790,75 12:05.853,2257, ,2237,1,2,4,N, ,0,N, , , , , , , , ,3,3,0,0,0,0,0,0,0,1,0,1,2,0,0,0,0,0,0,0,0,0,0,0,0,0,0,1,0,0,0,0,0,0,0,2,0,39.978,-75.2016, , 
50352,587280,2013096035,6,67,67301,2013,8,7,438,4,3,1,0,4,1, , ,N,1,3,0,3,0,1,3,3,N, ,39 57:20.944,75 12:35.661,445, ,438, ,0, , , ,3, , , , , , , , , ,3,3,0,0,0,0,0,0,0,0,0,0,1,1,0,0,0,0,0,0,0,0,0,0,0,0,0,0,0,0,0,0,0,0,0,8,0,39.9558,-75.2099, , 
50353,587312,2013079974,6,67,67301,2013,7,7,1350,13,1,1,0,5,1, , ,N,0,0,0,3,0,1,2,2,N,N,40 00:14.335,75 09:32.396,1402, ,1400, ,0, ,N, ,0, , , , , , , , , ,1,1,0,0,0,0,0,0,1,0,0,1,1,0,0,0,0,0,0,0,0,0,0,0,0,0,0,0,0,0,0,0,0,0,0,4,0,40.004,-75.159, , 
50354,587322,2013093058,6,67,67301,2013,8,7,2351,23,3,1,0,8,1, , ,N,2,3,0,3,0,1,2,2,N,N,39 59:30.580,75 06:49.841,2358, ,2354, ,0, ,N, ,3, , , , , , , , , ,1,0,0,0,1,0,0,0,0,0,0,0,1,1,0,0,0,0,0,0,0,0,0,0,0,0,0,0,0,0,0,0,1,0,0,8,0,39.9918,-75.1138, , 
50355,592558,2013077528,6,67,67301,2013,7,7,2025,20,3,1,0,5,1, , ,N,5,2,0,3,0,0,3,3,N,N,40 02:10.833,75 03:51.268,2038, ,2036, ,0, ,N, ,3, , , , , , , , , ,3,2,0,0,0,0,1,0,0,0,0,0,0,0,0,0,0,0,0,0,0,1,0,0,0,0,0,0,0,0,0,0,0,0,0,0,0,40.0362,-75.0642, , 
50356,592567,2013086725,6,67,67301,2013,8,5,9999,99,1,2,1,4,1, , ,N,1,2,0,3,0,0,2,2,N,N,39 58:19.903,75 14:41.959,1455, ,1450, ,0, ,N, ,3, , , , , , , , , ,2,1,0,0,0,1,0,0,0,0,0,0,0,0,0,0,0,0,0,0,0,1,0,0,0,0,0,0,0,0,0,0,0,0,0,0,1,39.9722,-75.2449, , 
50357,592568,2013086795,6,67,67301,2013,7,7,130,1,3,1,0,1,1, , ,N,0,0,0,3,0,2,3,4,N,N,39 59:15.169,75 08:28.370,137, ,134,3,2,1,N, ,0,Y, , , , , , , , ,4,2,0,0,2,0,0,0,0,0,2,0,2,0,0,0,0,0,0,0,0,0,0,0,0,0,0,0,0,0,0,0,0,0,0,3,0,39.9875,-75.1412, , 
50358,592582,2013103153,6,67,67301,2013,10,1,25,0,3,1,1,1,1,1,4,Y,0,0,0,3,0,0,7,3,N,N,40 01:27.483,75 01:52.072,46,45,39,2,2,2,N, ,0,N,N,N,N,N,N,N,N,Y,3,3,0,0,0,0,0,0,0,0,0,0,0,0,0,0,0,0,0,0,0,0,0,0,0,0,0,0,0,0,0,0,0,0,0,0,0,40.0243,-75.0311, , 
50359,592585,2013109544,6,67,67301,2013,8,4,2215,22,3,1,0,5,1, , ,N,0,0,0,3,1,1,3,3,N,N,39 57:45.580,75 10:59.620,2226, ,2221,2,2,4,N,0,0,N, , , , , , , , ,3,1,2,0,0,0,0,0,0,0,0,0,1,1,0,0,0,0,0,0,0,0,0,0,0,0,0,0,1,0,0,0,0,0,0,1,0,39.964,-75.1844,1, 
50360,592588,2013111775,6,67,67301,2013,10,5,2325,23,3,2,1,5,2, , ,N,0,0,0,3,0,0,2,2,N,N,39 58:25.120,75 12:32.508,2344, ,2332, ,0, ,N, ,0, , , , , , , , , ,2,2,0,0,0,0,0,0,0,0,0,0,0,0,0,0,0,0,0,0,0,0,0,0,0,0,0,0,0,0,0,0,0,0,0,0,0,39.9736,-75.209, , 
50361,592595,2013084137,6,67,67301,2013,8,7,1214,12,1,2,1,1,1, , ,N,0,0,0,3,0,0,4,3,N,N,39 59:56.307,75 11:44.087,1216, ,1216,1,2,4,N, ,0,N, , , , , , , , ,3,1,0,0,0,0,2,0,0,0,0,0,0,0,0,0,0,0,1,0,0,0,0,0,0,0,0,0,0,0,0,0,0,0,0,0,0,39.999,-75.1956, , 
50362,592597,2013086733,6,67,67301,2013,8,5,1815,18,1,2,1,7,5, , ,N,1,0,0,3,0,0,1,1,N,N,39 56:37.730,75 09:30.203,1825, ,1820, ,0, ,Y, ,0, , , , , , , , , ,1,1,0,0,0,0,0,0,0,0,0,0,0,0,0,0,0,1,0,0,0,0,0,0,0,0,0,0,0,0,0,0,0,0,0,0,0,39.9438,-75.1584, , 
50363,592601,2013086908,6,67,67301,2013,7,5,516,5,5,1,0,5,2, , ,N,0,0,0,3,0,0,2,4,N,N,40 02:27.340,75 04:22.230,522, ,520, ,0, ,N, ,0, , , , , , , , , ,4,0,0,0,0,0,4,0,0,0,0,0,0,0,1,0,0,0,0,0,0,0,0,0,0,0,0,0,0,0,0,0,0,0,0,9,0,40.0409,-75.0728, , 
50364,592614,2013096032,6,67,67301,2013,8,3,2009,20,3,1,0,1,1, , ,N,0,0,0,3,0,1,2,2,N, ,40 05:41.518,75 01:50.855,2015, ,2009, ,0, , , ,0, , , , , , , , , ,2,2,0,0,0,0,0,0,0,0,0,0,1,1,0,0,0,0,0,0,0,0,0,0,0,0,0,0,0,0,0,0,0,0,0,8,0,40.0949,-75.0308, , 
50365,592645,2013065516,6,67,67301,2013,5,1,1356,13,1,2,1,2,1, , ,N,0,0,0,3,0,5,5,2,N,N,39 56:34.868,75 14:20.495,1400, ,1358, ,0, , , ,0, , , , , , , , , ,2,1,0,0,0,0,1,0,0,0,0,3,5,2,0,0,0,0,0,0,0,0,0,3,0,0,0,0,0,0,0,0,0,0,0,4,0,39.943,-75.239, , 
50366,592648,2013070034,6,67,67301,2013,6,4,1818,18,1,1,0,1,1, , ,N,1,3,0,3,0,2,3,2,N, ,39 56:30.926,75 09:31.759,1825, ,1824, ,0, , , ,3, , , , , , , , , ,2,1,0,0,0,0,0,1,0,0,0,1,2,1,0,0,0,0,0,0,1,0,0,0,0,0,0,0,0,0,0,0,0,0,0,4,0,39.9419,-75.1588, , 