objectid_1,objectid,crn,district,county,municipality,crash_year,crash_month,day_of_week,time_of_day,hour_of_day,illumination,weather,road_condition,collision_type,relation_to_road,work_zone_type,work_zone_loc,work_zone_ind,intersect_type,tcd_type,location_type,urban_rural,fatal_count,injury_count,person_count,total_units,sch_bus_ind,sch_zone_ind,latitude,longitude,arrival_tm,cons_zone_spd_lim,dispatch_tm,est_hrs_closed,lane_closed,ln_close_dir,ntfy_hiwy_maint,spec_juris_cd,tcd_func_cd,tfc_detour_ind,workers_pres,wz_close_detour,wz_flagger,wz_law_offcr_ind,wz_ln_closure,wz_moving,wz_other,wz_shlder_mdn,vehicle_count,automobile_count,motorcycle_count,bus_count,small_truck_count,heavy_truck_count,suv_count,van_count,bicycle_count,maj_inj_count,mod_inj_count,min_inj_count,tot_inj_count,unk_inj_deg_count,unk_inj_per_count,driver_count_16yr,driver_count_17yr,driver_count_18yr,driver_count_19yr,driver_count_20yr,driver_count_50_64yr,driver_count_65_74yr,driver_count_75plus,unbelted_occ_count,unb_death_count,unb_maj_inj_count,belted_death_count,belted_maj_inj_count,mcycle_death_count,mcycle_maj_inj_count,bicycle_death_count,bicycle_maj_inj_count,ped_count,ped_death_count,ped_maj_inj_count,max_severity_level,comm_veh_count,dec_lat,dec_long,rdwy_surf_type_cd,county_name
50502,587537,2013070184,6,67,67301,2013,6,3,1452,14,1,1,0,4,1, , ,N,1,3,0,3,0,1,3,2,N, ,39 57:01.659,75 14:20.864,1453, ,1453, ,0, , , ,3, , , , , , , , , ,2,2,0,0,0,0,0,0,0,0,0,1,1,0,0,0,0,0,0,0,0,0,0,0,0,0,0,0,0,0,0,0,0,0,0,4,0,39.9505,-75.2391, , 
50503,587538,2013070501,6,67,67301,2013,5,3,1634,16,1,2,1,1,6, , ,N,0,0,0,3,0,0,1,2,N,N,40 03:22.258,75 01:00.258,1654, ,1647, ,0, , , ,0, , , , , , , , , ,2,2,0,0,0,0,0,0,0,0,0,0,0,0,1,0,0,0,0,0,0,0,0,0,0,0,0,0,0,0,0,0,0,0,0,9,0,40.0562,-75.0167, , 
50504,587543,2013016245,6,67,67301,2013,1,5,1740,17,3,1,0,1,1, , ,N,0,0,0,3,0,0,2,2,N,N,40 00:14.758,75 10:20.339,1751, ,1749,1,1,4,N, ,0,N, , , , , , , , ,2,2,0,0,0,0,0,0,0,0,0,0,0,0,1,0,0,0,0,0,1,0,0,0,0,0,0,0,0,0,0,0,0,0,0,9,0,40.0041,-75.1723, , 
50505,587548,2013024121,6,67,67301,2013,2,6,900,9,1,1,0,1,1, , ,N,0,0,0,3,0,0,3,2,N,N,39 56:53.437,75 08:30.306,922, ,902, ,0, ,N, ,0, , , , , , , , , ,2,1,0,0,0,0,1,0,0,0,0,0,0,0,0,0,0,0,0,0,1,0,0,0,0,0,0,0,0,0,0,0,0,0,0,0,0,39.9481,-75.1418, , 
50506,587564,2013041284,6,67,67301,2013,3,7,823,8,1,1,0,5,1, , ,N,0,0,0,3,0,0,1,2,N,N,39 58:12.640,75 10:58.317,830, ,825, ,0, ,N, ,0, , , , , , , , , ,2,2,0,0,0,0,0,0,0,0,0,0,0,0,0,0,0,0,0,0,0,0,0,0,0,0,0,0,0,0,0,0,0,0,0,0,0,39.9702,-75.1829, , 
50507,587566,2013042778,6,67,67301,2013,4,4,1607,16,1,1,0,1,1, , ,N,0,0,0,3,0,0,5,2,N,N,39 59:07.541,75 05:38.388,1620, ,1607, ,0, ,N, ,0, , , , , , , , , ,2,1,0,0,0,0,1,0,0,0,0,0,0,0,0,0,0,0,0,0,0,0,0,0,0,0,0,0,0,0,0,0,0,0,0,0,0,39.9854,-75.094, , 
50508,587568,2013043458,6,67,67301,2013,3,4,1609,16,1,1,0,8,1, , ,N,1,2,0,3,0,1,2,2,N,N,40 01:59.665,75 01:44.885,1624, ,1611, ,0, , , ,3, , , , , , , , , ,1,0,0,0,1,0,0,0,0,0,0,1,1,0,0,0,0,0,0,0,0,0,0,0,0,0,0,0,0,0,0,0,1,0,0,4,0,40.0332,-75.0291, , 
50509,587575,2013055416,6,67,67301,2013,5,7,815,8,1,1,1,4,1, , ,N,1,3,0,3,0,1,2,2,N,N,40 03:01.904,75 09:22.593,937, ,937, ,0, ,N, ,3, , , , , , , , , ,2,2,0,0,0,0,0,0,0,0,0,1,1,0,0,0,0,0,0,0,0,0,0,0,0,0,0,0,0,0,0,0,0,0,0,4,0,40.0505,-75.1563, , 
50510,587585,2013062539,6,67,67301,2013,5,5,1345,13,1,1,0,0,1, , ,N,2,2,0,3,0,6,7,2,N,N,40 01:28.275,75 09:57.888,1351, ,1349,9,2,5,N, ,3,Y, , , , , , , , ,2,1,0,1,0,0,0,0,0,0,1,3,6,2,0,0,0,0,0,0,0,0,0,0,0,0,0,0,0,0,0,0,0,0,0,3,1,40.0245,-75.1661, , 
50511,587595,2013077986,6,67,67301,2013,7,1,223,2,3,1,0,7,2, , ,N,0,0,0,3,0,0,1,1,N,N,39 55:21.937,75 08:51.864,232, ,224, ,0, ,N, ,0, , , , , , , , , ,1,1,0,0,0,0,0,0,0,0,0,0,0,0,0,0,0,0,1,0,0,0,0,0,0,0,0,0,0,0,0,0,0,0,0,0,0,39.9228,-75.1477, , 
50512,587598,2013079450,6,67,67301,2013,7,3,2208,22,3,1,0,4,1, , ,N,1,2,0,3,0,1,5,3,N,N,39 54:19.501,75 10:24.816,2235, ,2229, ,0, , , ,3, , , , , , , , , ,3,1,0,0,2,0,0,0,0,0,0,1,1,0,0,0,0,0,0,0,0,0,0,0,0,0,0,0,0,0,0,0,0,0,0,4,0,39.9054,-75.1736, , 
50513,587600,2013082164,6,67,67301,2013,8,7,323,3,3,1,0,7,2, , ,N,0,0,0,3,0,1,1,1,N,N,40 00:27.254,75 04:19.656,338, ,325,1,1,1,N, ,0,N, , , , , , , , ,1,1,0,0,0,0,0,0,0,0,0,1,1,0,0,0,0,0,0,0,0,0,0,0,0,0,0,0,0,0,0,0,0,0,0,4,0,40.0075,-75.0723, , 
50514,587686,2013072599,6,67,67301,2013,7,4,1400,14,1,1,0,4,1, , ,N,1,2,0,3,0,2,8,2,N,N,39 59:05.017,75 08:38.576,1457, ,1425,2,1,4,N, ,3,N, , , , , , , , ,2,0,0,1,0,0,0,0,0,0,1,1,2,0,0,0,0,0,0,0,0,1,0,0,0,0,0,0,0,0,0,0,0,0,0,3,1,39.9847,-75.144, , 
50515,587696,2013079597,6,67,67301,2013,7,2,445,4,3,1,0,7,2, , ,N,0,0,0,3,0,0,1,1,N,N,39 58:37.215,75 06:46.067,559, ,545, ,0, ,N, ,0, , , , , , , , , ,1,0,0,0,1,0,0,0,0,0,0,0,0,0,0,0,0,0,0,0,0,0,0,0,0,0,0,0,0,0,0,0,0,0,0,0,0,39.977,-75.1128, , 
50516,587713,2013096435,6,67,67301,2013,8,6,1900,19,1,1,0,1,1, , ,N,2,2,0,3,0,0,3,3,N,N,39 57:52.225,75 09:39.634,1923, ,1920, ,0, ,N, ,3, , , , , , , , , ,3,2,0,0,1,0,0,0,0,0,0,0,0,0,0,0,0,0,0,0,1,0,0,3,0,0,0,0,0,0,0,0,0,0,0,0,0,39.9644,-75.1609, , 
50517,587714,2013096439,6,67,67301,2013,8,4,39,0,3,1,0,4,1, , ,N,1,2,0,3,0,1,4,2,N,N,39 57:26.251,75 14:52.347,47, ,46, ,0, ,N, ,3, , , , , , , , , ,2,0,1,0,0,0,1,0,0,0,0,0,1,1,0,0,0,0,0,1,0,0,0,0,0,0,0,0,0,0,0,0,0,0,0,8,0,39.9573,-75.2479, , 
50518,587740,2013070273,6,67,67301,2013,6,4,9999,99,1,1,0,8,1, , ,N,2,0,7,3,0,1,3,2,N, ,40 02:59.564,75 08:39.044,1035, ,1030, ,0, , , ,0, , , , , , , , , ,1,1,0,0,0,0,0,0,0,0,0,0,1,1,0,0,0,0,0,0,0,0,1,0,0,0,0,0,0,0,0,0,1,0,0,8,0,40.0499,-75.1442, , 
50519,587747,2013080069,6,67,67301,2013,7,4,9999,99,1,1,0,4,1, , ,N,1,2,2,3,0,0,3,2,N,N,39 54:36.252,75 09:48.020,9999, ,9999, ,0, ,N, ,3, , , , , , , , , ,2,1,0,0,0,0,0,1,0,0,0,0,0,0,1,0,0,0,0,0,0,1,1,0,0,0,0,0,0,0,0,0,0,0,0,9,0,39.9101,-75.1633, , 
50520,581934,2013098407,6,67,67301,2013,8,5,2055,20,3,1,0,4,1, , ,N,1,2,0,3,0,1,2,2,N,N,40 00:09.524,75 07:27.871,2055, ,2055, ,0, ,N, ,3, , , , , , , , , ,2,1,0,0,0,0,0,0,0,1,0,0,1,0,0,0,0,0,0,0,0,0,0,0,0,0,0,0,0,0,0,0,0,0,0,2,0,40.0026,-75.1244, , 
50521,581935,2013098439,6,67,67301,2013,8,7,2355,23,3,1,0,8,1, , ,N,1,2,0,3,0,1,2,2,N, ,39 57:06.318,75 12:11.069,4, ,3, ,0, , , ,3, , , , , , , , , ,1,1,0,0,0,0,0,0,0,0,0,1,1,0,0,0,0,0,0,0,0,0,0,0,0,0,0,0,0,0,0,0,1,0,0,4,0,39.9518,-75.2031, , 
50522,581937,2013100144,6,67,67301,2013,9,1,1115,11,1,1,0,4,1, , ,N,1,2,0,3,0,1,5,2,N,N,40 02:17.896,75 04:31.313,1121, ,1120, ,0, ,N, ,3, , , , , , , , , ,2,2,0,0,0,0,0,0,0,0,0,1,1,0,0,0,0,0,0,0,1,0,0,0,0,0,0,0,0,0,0,0,0,0,0,4,0,40.0383,-75.0754, , 
50523,581965,2013074730,6,67,67301,2013,6,4,2240,22,3,1,0,4,1, , ,N,1,2,0,3,0,1,3,2,N,N,39 58:23.685,75 12:43.721,2247, ,2240, ,0, ,N, ,3, , , , , , , , , ,1,1,0,0,0,0,0,0,1,0,0,0,1,1,0,0,0,0,0,0,0,0,0,0,0,0,0,0,0,0,0,0,0,0,0,8,0,39.9732,-75.2121, , 
50524,581982,2013093100,6,67,67301,2013,8,5,1922,19,1,1,0,5,1, , ,N,0,0,0,3,0,0,3,2,N,N,40 01:40.909,75 03:26.838,1930, ,1924, ,0, ,N, ,0, , , , , , , , , ,2,1,0,0,0,0,1,0,0,0,0,0,0,0,2,0,0,0,0,0,1,0,0,0,0,0,0,0,0,0,0,0,0,0,0,9,0,40.028,-75.0575, , 
50525,581997,2013062622,6,67,67301,2013,4,2,2045,20,3,2,1,4,1, , ,N,1,2,0,3,0,2,4,2,N,N,40 02:41.988,75 07:24.833,2135, ,2130, ,0, ,N, ,3, , , , , , , , , ,2,2,0,0,0,0,0,0,0,0,0,2,2,0,0,0,0,0,0,0,0,0,0,0,0,0,0,0,0,0,0,0,0,0,0,4,0,40.045,-75.1235, , 
50526,582002,2013070147,6,67,67301,2013,6,2,738,7,1,2,1,1,1,1,4,Y,0,8,0,3,0,2,3,2,N,N,40 01:02.685,75 10:22.662,750,50,740,2,1,3,N, ,3,N,Y,U,U,N,Y,U,Y,Y,2,2,0,0,0,0,0,0,0,0,0,2,2,0,0,0,0,0,0,0,0,0,0,0,0,0,0,0,0,0,0,0,0,0,0,4,0,40.0174,-75.173, , 
50527,582003,2013070452,6,67,67301,2013,6,3,1813,18,1,1,0,4,1, , ,N,1,2,0,3,0,1,2,2,N, ,40 00:20.958,75 05:49.284,1833, ,1827, ,0, , , ,3, , , , , , , , , ,1,0,0,0,0,0,0,1,1,0,1,0,1,0,0,0,0,0,0,0,0,0,0,0,0,0,0,0,0,0,0,0,0,0,0,3,0,40.0058,-75.097, , 
50528,582035,2013070105,6,67,67301,2013,6,2,1545,15,1,2,1,4,1, , ,N,0,0,0,3,0,1,2,3,N,N,40 03:24.278,75 08:28.788,1638, ,1633, ,0, , , ,0, , , , , , , , , ,3,2,0,0,1,0,0,0,0,0,0,1,1,0,0,0,0,0,0,0,0,0,0,0,0,0,0,0,0,0,0,0,0,0,0,4,0,40.0567,-75.1413, , 
50529,582036,2013070189,6,67,67301,2013,6,3,2340,23,3,1,0,5,1, , ,N,0,0,0,3,0,0,1,2,N,N,39 57:59.662,75 14:23.712,2344, ,2344, ,0, ,N, ,0, , , , , , , , , ,2,1,0,0,1,0,0,0,0,0,0,0,0,0,0,0,0,0,0,0,0,0,0,0,0,0,0,0,0,0,0,0,0,0,0,0,0,39.9666,-75.2399, , 
50530,582043,2013074709,6,67,67301,2013,6,2,1115,11,1,1,0,4,1, , ,N,1,3,0,3,0,0,3,2,N,N,40 03:40.629,75 10:19.427,1150, ,1142, ,0, ,N, ,3, , , , , , , , , ,2,2,0,0,0,0,0,0,0,0,0,0,0,0,1,0,0,1,0,0,0,0,0,0,0,0,0,0,0,0,0,0,0,0,0,9,0,40.0613,-75.1721, , 
50531,582046,2013070065,6,67,67301,2013,6,2,1450,14,1,2,1,4,1, , ,N,1,2,0,3,0,1,2,2,N,N,39 55:34.561,75 11:03.741,1503, ,1501, ,0, ,N, ,3, , , , , , , , , ,1,1,0,0,0,0,0,0,1,0,0,1,1,0,0,0,0,0,0,0,1,0,0,0,0,0,0,0,0,0,0,0,0,0,0,4,0,39.9263,-75.1844, , 
50532,582085,2013066122,6,67,67301,2013,6,1,1231,12,1,1,0,7,2, , ,N,0,0,0,3,0,0,4,1,N,N,39 59:45.755,75 04:58.891,1236, ,1231,1,1,2,N, ,0,N, , , , , , , , ,1,1,0,0,0,0,0,0,0,0,0,0,0,0,0,0,0,0,0,0,1,0,0,0,0,0,0,0,0,0,0,0,0,0,0,0,0,39.9961,-75.083, , 
50533,582086,2013066600,6,67,67301,2013,1,5,745,7,1,1,0,1,1, , ,N,1,2,0,3,0,1,2,2,N,N,40 02:33.857,75 06:48.818,0, ,0, ,0, ,N, ,3, , , , , , , , , ,2,2,0,0,0,0,0,0,0,0,1,0,1,0,1,0,0,0,0,0,0,0,0,0,0,0,0,0,0,0,0,0,0,0,0,3,0,40.0427,-75.1136, , 
50534,582132,2013064100,6,67,67301,2013,6,6,1540,15,1,1,0,4,1, , ,N,0,0,0,3,0,0,10,5,N,N,39 55:57.353,75 12:00.118,1547, ,1540,1,1,4,N, ,0,N, , , , , , , , ,5,4,0,0,0,1,0,0,0,0,0,0,0,0,0,0,0,0,0,0,1,1,0,0,0,0,0,0,0,0,0,0,0,0,0,0,1,39.9326,-75.2, , 
50535,582142,2013063112,6,67,67301,2013,5,5,1615,16,1,2,1,1,1, , ,N,2,2,0,3,0,1,3,3,N,N,39 56:00.699,75 12:55.912,1912, ,1906, ,0, ,N, ,3, , , , , , , , , ,3,1,0,0,0,2,0,0,0,1,0,0,1,0,0,0,0,0,0,0,3,0,0,0,0,0,0,0,0,0,0,0,0,0,0,2,2,39.9335,-75.2155, , 
50536,582150,2013074718,6,67,67301,2013,6,2,1800,18,1,1,0,4,1, , ,N,1,0,0,3,0,1,2,2,N,N,39 57:18.255,75 10:22.378,1915, ,1850, ,0, ,N, ,0, , , , , , , , , ,1,1,0,0,0,0,0,0,1,0,0,0,1,1,0,0,0,0,0,0,0,0,0,0,0,0,0,0,0,0,0,0,0,0,0,8,0,39.9551,-75.1729, , 
50537,582153,2013079479,6,67,67301,2013,6,3,1605,16,1,1,0,6,1, , ,N,0,0,0,3,1,1,2,2,N,N,40 02:05.010,75 11:17.874,1618, ,1610,3,2,5,N,0,0,Y, , , , , , , , ,2,1,0,0,1,0,0,0,0,1,0,0,1,0,0,0,0,0,1,0,0,0,0,0,0,0,0,0,0,0,0,0,0,0,0,1,0,40.0347,-75.1883,2, 
50538,584586,2013090510,6,67,67301,2013,9,2,1729,17,1,1,0,4,1, , ,N,1,2,0,3,0,3,4,2,N,N,39 59:17.883,75 15:14.303,1729, ,1729, ,0, ,N, ,3, , , , , , , , , ,2,2,0,0,0,0,0,0,0,0,0,3,3,0,0,0,0,0,1,0,1,0,0,0,0,0,0,0,0,0,0,0,0,0,0,4,0,39.9883,-75.254, , 
50539,584600,2013062672,6,67,67301,2013,5,6,1935,19,4,1,1,4,1, , ,N,1,2,0,3,0,0,2,2,N,N,39 57:27.432,75 08:44.473,9999, ,1942, ,0, ,N, ,3, , , , , , , , , ,2,2,0,0,0,0,0,0,0,0,0,0,0,0,0,0,0,0,0,0,0,0,0,0,0,0,0,0,0,0,0,0,0,0,0,0,0,39.9576,-75.1457, , 
50540,584604,2013055860,6,67,67301,2013,5,4,1000,10,1,8,1,7,5, , ,N,0,0,0,3,0,1,1,1,N,N,39 59:35.138,75 12:54.655,1136, ,1124, ,0, ,N, ,0, , , , , , , , , ,1,0,0,0,0,0,0,1,0,0,0,1,1,0,0,0,0,0,0,0,0,0,0,0,0,0,0,0,0,0,0,0,0,0,0,4,0,39.9931,-75.2152, , 
50541,584617,2013070463,6,67,67301,2013,6,5,1845,18,1,1,0,4,1, , ,N,1,3,0,3,0,0,2,3,N,N,39 57:20.944,75 12:35.661,1853, ,1850, ,0, ,N, ,3, , , , , , , , , ,3,3,0,0,0,0,0,0,0,0,0,0,0,0,0,0,0,0,0,0,0,0,0,0,0,0,0,0,0,0,0,0,0,0,0,0,0,39.9558,-75.2099, , 
50542,584627,2013086752,6,67,67301,2013,7,3,2128,21,3,1,0,2,1, , ,N,2,0,0,3,0,1,5,2,N,N,39 55:38.879,75 14:36.471,2128, ,2128,9,1,4,N, ,0,Y, , , , , , , , ,2,0,1,0,1,0,0,0,0,0,0,1,1,0,0,0,0,0,0,0,0,0,0,0,0,0,0,0,0,0,0,0,0,0,0,4,0,39.9275,-75.2435, , 
50543,584632,2013093147,6,67,67301,2013,8,5,1600,16,1,1,0,4,1, , ,N,2,3,0,3,0,1,3,2,N,N,40 04:12.388,74 59:07.843,1608, ,1605, ,0, , , ,3, , , , , , , , , ,2,2,0,0,0,0,0,0,0,0,0,0,1,1,1,0,0,0,1,0,0,0,0,0,0,0,0,0,0,0,0,0,0,0,0,8,0,40.0701,-74.9855, , 
50544,584639,2013101250,6,67,67301,2013,8,6,1050,10,1,1,0,4,1, , ,N,1,2,0,3,0,1,3,2,N,N,39 58:16.003,75 13:43.507,1055, ,1050, ,0, ,N, ,3, , , , , , , , , ,2,1,0,0,1,0,0,0,0,0,0,1,1,0,0,0,0,0,0,0,2,0,0,0,0,0,0,0,0,0,0,0,0,0,0,4,0,39.9711,-75.2288, , 
50545,584651,2013057904,6,67,67301,2013,6,3,100,1,3,1,0,7,2, , ,N,0,0,0,3,0,2,2,1,N,N,39 59:01.415,75 12:29.263,105, ,101,1,1,4,N, ,0,N, , , , , , , , ,1,1,0,0,0,0,0,0,0,0,1,1,2,0,0,0,0,0,0,0,0,0,0,2,0,0,0,0,0,0,0,0,0,0,0,3,0,39.9837,-75.2081, , 
50546,584656,2013088211,6,67,67301,2013,8,5,447,4,3,1,0,5,1, , ,N,0,0,0,3,0,0,2,2,N,N,40 00:32.335,75 04:07.256,456, ,448,1,1,2,N, ,0,N, , , , , , , , ,2,1,0,0,0,1,0,0,0,0,0,0,0,0,0,0,0,0,0,0,0,0,0,0,0,0,0,0,0,0,0,0,0,0,0,0,1,40.009,-75.0687, , 
50547,584666,2013103914,6,67,67301,2013,9,5,1728,17,1,1,0,8,1, , ,N,1,2,0,3,0,1,2,2,N,N,39 58:49.315,75 10:15.272,1733, ,1731, ,0, ,N, ,3, , , , , , , , , ,1,1,0,0,0,0,0,0,0,0,0,1,1,0,0,0,0,0,0,0,0,0,0,0,0,0,0,0,0,0,0,0,1,0,0,4,0,39.9804,-75.1709, , 
50548,584673,2013111760,6,67,67301,2013,10,6,620,6,6,2,1,8,1, , ,N,1,2,0,3,0,1,2,2,N, ,40 03:47.120,75 03:05.897,715, ,710, ,0, ,N, ,3, , , , , , , , , ,1,0,0,0,0,0,1,0,0,0,0,0,1,1,0,0,0,0,0,0,1,0,0,0,0,0,0,0,0,0,0,0,1,0,0,8,0,40.0631,-75.0516, , 
50549,584681,2013120575,6,67,67301,2013,11,3,1208,12,1,2,1,7,5, , ,N,0,0,2,3,0,1,1,1,N,N,39 54:35.926,75 09:30.090,1212, ,1210,1,2,3,N, ,0,Y, , , , , , , , ,1,0,0,0,1,0,0,0,0,0,0,1,1,0,0,0,0,0,0,0,1,0,0,1,0,0,0,0,0,0,0,0,0,0,0,4,0,39.91,-75.1584, , 
50550,584690,2013054366,6,67,67301,2013,5,2,946,9,1,1,0,1,1, , ,N,0,0,0,3,0,1,4,3,N,N,39 58:22.415,75 07:16.805,951, ,946,1,1,2,N, ,0,N, , , , , , , , ,3,3,0,0,0,0,0,0,0,0,0,1,1,0,0,0,0,0,0,0,0,1,0,0,0,0,0,0,0,0,0,0,0,0,0,4,0,39.9729,-75.1213, , 
50551,584691,2013055374,6,67,67301,2013,5,1,2300,23,3,1,0,2,1, , ,N,5,2,0,3,0,2,3,2,N, ,39 59:13.382,75 07:20.404,2342, ,2336,2,1,6, , ,3,N, , , , , , , , ,2,2,0,0,0,0,0,0,0,0,2,0,2,0,0,0,0,0,0,0,0,0,0,0,0,0,0,0,0,0,0,0,0,0,0,3,0,39.9871,-75.1223, , 
50552,584696,2013065306,6,67,67301,2013,5,1,1420,14,1,2,1,8,1, , ,N,0,0,0,3,0,1,3,2,N, ,39 56:10.363,75 13:07.629,1428, ,1425, ,0, , , ,0, , , , , , , , , ,1,1,0,0,0,0,0,0,0,0,0,1,1,0,0,0,0,0,0,0,0,0,0,0,0,0,0,0,0,0,0,0,1,0,0,4,0,39.9362,-75.2188, , 
50553,584699,2013070382,6,67,67301,2013,6,2,1642,16,1,2,1,4,1, , ,N,0,0,7,3,0,4,4,2,N,N,40 02:03.146,75 00:59.498,1647, ,1643, ,0, , , ,0, , , , , , , , , ,2,2,0,0,0,0,0,0,0,0,0,0,4,4,0,0,0,0,0,0,0,0,0,0,0,0,0,0,0,0,0,0,0,0,0,8,0,40.0342,-75.0165, , 
50554,584700,2013075145,6,67,67301,2013,6,7,1420,14,1,1,0,4,1, , ,N,1,2,0,3,0,0,2,3,N,N,40 03:10.159,75 11:44.213,1620, ,1620,9,1,2,N, ,3,N, , , , , , , , ,3,3,0,0,0,0,0,0,0,0,0,0,0,0,0,0,1,0,0,0,0,0,0,0,0,0,0,0,0,0,0,0,0,0,0,0,0,40.0528,-75.1956, , 
50555,584706,2013079473,6,67,67301,2013,7,1,1539,15,1,1,0,1,1, , ,N,0,0,0,3,0,2,3,3,N,N,39 58:58.288,75 09:25.250,1554, ,1553, ,0, ,N, ,0, , , , , , , , , ,3,1,0,0,1,0,1,0,0,0,0,0,2,2,1,0,0,0,0,0,0,0,0,0,0,0,0,0,0,0,0,0,0,0,0,8,0,39.9829,-75.157, , 
50556,590241,2013064727,6,67,67301,2013,6,3,849,8,1,1,0,1,1,1,4,Y,0,0,2,3,0,1,2,2,N,N,40 01:25.788,75 01:51.765,918,35,850, ,0, ,N, ,0, ,Y,N,N,N,Y,N,N,Y,2,1,0,0,0,0,0,1,0,0,0,1,1,0,0,0,0,0,0,0,0,0,0,0,0,0,0,0,0,0,0,0,0,0,0,4,0,40.0238,-75.031, , 
50557,590269,2013101745,6,67,67301,2013,9,4,1903,19,1,1,0,4,1, , ,N,1,3,0,3,0,1,2,2,N,N,39 58:05.624,75 12:02.138,1915, ,1912, ,0, ,N, ,2, , , , , , , , , ,1,0,0,0,0,0,0,1,1,0,0,1,1,0,0,0,0,0,0,0,0,0,0,0,0,0,0,0,0,0,0,0,0,0,0,4,0,39.9682,-75.2006, , 
50558,590283,2013070093,6,67,67301,2013,6,7,625,6,1,1,0,6,1, , ,N,0,0,0,3,0,0,1,4,N,N,39 57:22.046,75 13:54.310,630, ,625,1,2,1,N, ,0,Y, , , , , , , , ,4,2,0,0,0,0,1,1,0,0,0,0,0,0,1,0,0,0,0,1,0,0,0,0,0,0,0,0,0,0,0,0,0,0,0,9,0,39.9561,-75.2318, , 
50559,590326,2013121525,6,67,67301,2013,10,1,1125,11,1,1,0,4,1, , ,N,1,2,0,3,0,1,2,2,N, ,39 54:39.813,75 13:49.242,1133, ,1129, ,0, , , ,3, , , , , , , , , ,2,2,0,0,0,0,0,0,0,0,0,0,1,1,0,0,0,0,0,0,1,1,0,1,0,0,0,0,0,0,0,0,0,0,0,8,0,39.9111,-75.2303, , 
50560,590330,2013059012,6,67,67301,2013,6,5,1423,14,1,1,0,1,1,1,4,Y,0,0,0,3,0,1,2,2,N,N,40 01:16.742,75 02:28.308,1446,45,1428, ,0, ,N, ,0, ,Y,N,N,N,Y,N,N,N,2,2,0,0,0,0,0,0,0,0,0,0,1,1,0,0,0,0,0,0,0,0,0,0,0,0,0,0,0,0,0,0,0,0,0,8,0,40.0213,-75.0412, , 
50561,590348,2013077022,6,67,67301,2013,6,5,1220,12,1,1,0,4,1, , ,N,1,2,1,3,0,3,4,2,N,N,39 55:36.179,75 11:16.425,1223, ,1215,2,1,1,N, ,3,N, , , , , , , , ,2,2,0,0,0,0,0,0,0,3,0,0,3,0,0,0,0,0,0,0,0,0,0,0,0,0,0,0,0,0,0,0,0,0,0,2,0,39.9267,-75.1879, , 
50562,590351,2013079173,6,67,67301,2013,7,6,2055,20,4,1,0,5,1, , ,N,0,0,0,3,0,1,3,3,N,N,39 53:00.585,75 14:41.362,2110, ,2100, ,0, ,N, ,0, , , , , , , , , ,3,2,0,0,0,0,1,0,0,0,0,1,1,0,0,0,0,0,0,0,1,0,0,0,0,0,0,0,0,0,0,0,0,0,0,4,0,39.8835,-75.2448, , 
50563,590360,2013086214,6,67,67301,2013,8,5,1110,11,8,2,1,4,1, , ,N,1,3,0,3,0,1,2,2,N,N,39 57:43.984,75 14:36.544,1129, ,1110, ,0, ,N, ,3, , , , , , , , , ,2,1,0,0,1,0,0,0,0,0,0,0,1,1,0,0,0,1,0,0,1,0,0,0,0,0,0,0,0,0,0,0,0,0,0,8,0,39.9622,-75.2435, , 
50564,590383,2013070545,6,67,67301,2013,6,6,1606,16,1,2,1,8,1, , ,N,2,3,0,3,0,1,3,2,N,N,40 04:34.363,75 05:06.295,1628, ,1618, ,0, ,N, ,3, , , , , , , , , ,1,1,0,0,0,0,0,0,0,0,0,0,1,1,0,0,0,0,0,0,0,0,0,0,0,0,0,0,0,0,0,0,1,0,0,8,0,40.0762,-75.0851, , 
50565,590386,2013072350,6,67,67301,2013,7,7,1900,19,1,1,1,1,1, , ,N,0,0,0,3,0,0,4,2,N,N,39 57:33.292,75 10:22.067,1909, ,1904,1,1,4,N, ,0,N, , , , , , , , ,2,2,0,0,0,0,0,0,0,0,0,0,0,0,0,0,0,0,0,0,1,0,0,0,0,0,0,0,0,0,0,0,0,0,0,0,0,39.9592,-75.1728, , 
50566,590392,2013077454,6,67,67301,2013,7,6,15,0,2,1,0,8,1, , ,N,0,0,0,3,0,1,3,2,N,N,40 00:03.944,75 06:43.640,17, ,17, ,0, ,N, ,0, , , , , , , , , ,1,0,0,0,0,0,1,0,0,0,1,0,1,0,0,0,0,0,0,0,0,0,0,0,0,0,0,0,0,0,0,0,1,0,0,3,0,40.0011,-75.1121, , 
50567,590412,2013104400,6,67,67301,2013,9,6,1345,13,1,1,0,1,1, , ,N,0,0,0,3,0,1,2,4,N,N,39 57:55.644,75 10:39.656,1415, ,1356,2,1,3,N, ,0,Y, , , , , , , , ,4,4,0,0,0,0,0,0,0,0,0,1,1,0,0,0,0,0,0,0,0,1,0,0,0,0,0,0,0,0,0,0,0,0,0,4,0,39.9655,-75.1777, , 
50568,590435,2013066608,6,67,67301,2013,4,6,1450,14,1,1,0,1,1, , ,N,0,2,0,3,0,1,2,2,N,N,39 55:09.830,75 14:24.030,0, ,0, ,0, ,N, ,3, , , , , , , , , ,2,0,0,0,0,0,1,0,0,0,0,1,1,0,1,0,0,0,0,0,0,0,0,0,0,0,0,0,0,0,0,0,0,0,0,4,0,39.9194,-75.24, , 
50569,590460,2013098515,6,67,67301,2013,9,7,1958,19,3,2,1,1,1,1,4,Y,6,3,8,3,0,2,4,2,N,N,40 01:40.821,75 01:27.042,2012,45,2000,1,1,1,N, ,3,N,N,N,N,N,N,N,N,Y,2,1,0,0,0,0,1,0,0,0,0,0,2,2,0,0,0,0,0,0,0,0,0,0,0,0,0,0,0,0,0,0,0,0,0,8,0,40.028,-75.0242, , 