objectid_1,objectid,crn,district,county,municipality,crash_year,crash_month,day_of_week,time_of_day,hour_of_day,illumination,weather,road_condition,collision_type,relation_to_road,work_zone_type,work_zone_loc,work_zone_ind,intersect_type,tcd_type,location_type,urban_rural,fatal_count,injury_count,person_count,total_units,sch_bus_ind,sch_zone_ind,latitude,longitude,arrival_tm,cons_zone_spd_lim,dispatch_tm,est_hrs_closed,lane_closed,ln_close_dir,ntfy_hiwy_maint,spec_juris_cd,tcd_func_cd,tfc_detour_ind,workers_pres,wz_close_detour,wz_flagger,wz_law_offcr_ind,wz_ln_closure,wz_moving,wz_other,wz_shlder_mdn,vehicle_count,automobile_count,motorcycle_count,bus_count,small_truck_count,heavy_truck_count,suv_count,van_count,bicycle_count,maj_inj_count,mod_inj_count,min_inj_count,tot_inj_count,unk_inj_deg_count,unk_inj_per_count,driver_count_16yr,driver_count_17yr,driver_count_18yr,driver_count_19yr,driver_count_20yr,driver_count_50_64yr,driver_count_65_74yr,driver_count_75plus,unbelted_occ_count,unb_death_count,unb_maj_inj_count,belted_death_count,belted_maj_inj_count,mcycle_death_count,mcycle_maj_inj_count,bicycle_death_count,bicycle_maj_inj_count,ped_count,ped_death_count,ped_maj_inj_count,max_severity_level,comm_veh_count,dec_lat,dec_long,rdwy_surf_type_cd,county_name
50637,590534,2013077419,6,67,67301,2013,7,3,1107,11,1,2,1,4,1, , ,N,2,3,7,3,0,1,2,2,N,N,39 54:49.360,75 08:51.602,1113, ,1108,2,1,3,N, ,3,N, , , , , , , , ,2,2,0,0,0,0,0,0,0,0,0,0,1,1,0,0,0,0,0,0,0,0,1,0,0,0,0,0,0,0,0,0,0,0,0,8,0,39.9137,-75.1477, , 
50638,590538,2013081194,6,67,67301,2013,7,3,159,1,3,1,0,7,2, , ,N,0,0,0,3,0,2,2,1,N,N,40 01:17.126,75 07:51.085,210, ,205, ,0, ,N, ,0, , , , , , , , , ,1,0,0,0,1,0,0,0,0,0,1,1,2,0,0,0,0,0,0,1,0,0,0,0,0,0,0,0,0,0,0,0,0,0,0,3,0,40.0214,-75.1309, , 
50639,590544,2013083989,6,67,67301,2013,7,3,1215,12,1,1,0,8,1, , ,N,0,0,0,3,0,1,2,2,N,N,40 00:17.035,75 10:36.832,1215, ,1215, ,0, ,N, ,0, , , , , , , , , ,1,1,0,0,0,0,0,0,0,0,0,0,1,1,0,0,0,0,0,0,0,1,0,0,0,0,0,0,0,0,0,0,1,0,0,8,0,40.0047,-75.1769, , 
50640,590570,2013041289,6,67,67301,2013,3,7,2200,22,3,1,0,4,1, , ,N,1,2,2,3,0,3,4,2,N,N,39 57:27.542,75 09:44.544,2215, ,2208,3,2,4, , ,3,Y, , , , , , , , ,2,0,0,0,0,0,1,1,0,0,0,0,3,3,0,0,0,0,0,0,1,0,0,0,0,0,0,0,0,0,0,0,0,0,0,8,0,39.9577,-75.1624, , 
50641,590573,2013043883,6,67,67301,2013,4,1,2025,20,3,1,0,7,2, , ,N,0,0,0,3,0,2,5,1,N,N,39 58:52.786,75 12:24.368,2037, ,2030, ,0, ,N, ,0, , , , , , , , , ,1,0,0,0,0,0,1,0,0,0,0,0,2,2,0,0,0,0,0,0,0,0,0,0,0,0,0,0,0,0,0,0,0,0,0,8,0,39.9813,-75.2068, , 
50642,590577,2013053038,6,67,67301,2013,4,3,149,1,3,1,0,8,9, , ,N,0,0,0,3,0,1,2,2,N,N,39 59:47.611,75 10:43.241,155, ,149, ,0, , , ,0, , , , , , , , , ,1,1,0,0,0,0,0,0,0,0,1,0,1,0,0,0,0,0,0,0,0,0,0,0,0,0,0,0,0,0,0,0,1,0,0,3,0,39.9966,-75.1787, , 
50643,590585,2013074673,6,67,67301,2013,6,4,2007,20,3,2,1,5,1, , ,N,0,0,0,3,0,1,2,2,N,N,40 02:37.980,75 06:56.132,2021, ,2007, ,0, ,N, ,0, , , , , , , , , ,1,1,0,0,0,0,0,0,1,0,1,0,1,0,0,0,0,0,0,0,0,0,0,0,0,0,0,0,0,0,0,0,0,0,0,3,0,40.0439,-75.1156, , 
50644,590591,2013080006,6,67,67301,2013,6,6,1500,15,1,1,0,8,1, , ,N,0,0,0,3,0,1,2,2,N, ,39 57:44.981,75 14:48.326,1002, ,935, ,0, , , ,0, , , , , , , , , ,1,1,0,0,0,0,0,0,0,0,0,1,1,0,0,0,0,0,0,0,0,0,0,0,0,0,0,0,0,0,0,0,1,0,0,4,0,39.9625,-75.2468, , 
50645,590620,2013065364,6,67,67301,2013,5,6,655,6,1,1,0,4,1, , ,N,5,0,2,3,0,1,2,2,N,N,39 55:17.183,75 11:29.074,700, ,657, ,0, ,N, ,0, , , , , , , , , ,2,1,0,0,0,0,0,1,0,0,0,1,1,0,0,0,0,0,0,0,0,0,0,0,0,0,0,0,0,0,0,0,0,0,0,4,0,39.9214,-75.1914, , 
50646,590640,2013086955,6,67,67301,2013,8,5,830,8,1,2,1,1,6, , ,N,0,0,0,3,0,0,2,2,N,N,40 01:58.533,75 06:24.017,830, ,830,2,1,4, , ,0,Y, , , , , , , , ,2,2,0,0,0,0,0,0,0,0,0,0,0,0,0,0,0,0,0,0,0,0,0,0,0,0,0,0,0,0,0,0,0,0,0,0,0,40.0329,-75.1067, , 
50647,590668,2013079947,6,67,67301,2013,7,5,1536,15,1,1,0,8,1, , ,N,1,2,0,3,0,1,2,2,N, ,39 57:10.095,75 11:31.530,1544, ,1540, ,0, , , ,3, , , , , , , , , ,1,1,0,0,0,0,0,0,0,0,0,1,1,0,0,0,0,0,0,0,0,0,0,0,0,0,0,0,0,0,0,0,1,0,0,4,0,39.9528,-75.1921, , 
50648,590669,2013080071,6,67,67301,2013,7,6,1635,16,1,1,0,4,1, , ,N,1,2,0,3,0,1,2,2,N,N,39 56:36.373,75 10:44.230,1651, ,1648, ,0, ,N, ,3, , , , , , , , , ,2,1,0,0,0,0,1,0,0,0,0,1,1,0,0,0,0,0,1,0,0,0,0,0,0,0,0,0,0,0,0,0,0,0,0,4,0,39.9434,-75.179, , 
50649,587915,2013103917,6,67,67301,2013,9,6,1644,16,1,1,0,4,1, , ,N,1,3,0,3,0,1,2,2,N,N,39 56:14.827,75 13:12.964,1725, ,1725, ,0, ,N, ,3, , , , , , , , , ,2,2,0,0,0,0,0,0,0,0,0,0,1,1,0,0,0,0,0,0,1,0,0,0,0,0,0,0,0,0,0,0,0,0,0,8,0,39.9375,-75.2203, , 
50650,587918,2013070244,6,67,67301,2013,6,6,900,9,1,2,1,4,1, , ,N,1,3,0,3,0,1,2,2,N,N,39 59:19.323,75 06:16.815,911, ,906, ,0, ,N, ,3, , , , , , , , , ,2,1,0,0,0,0,1,0,0,0,0,0,1,1,0,0,0,0,0,0,0,0,0,0,0,0,0,0,0,0,0,0,0,0,0,8,0,39.9887,-75.1047, , 
50651,587923,2013074683,6,67,67301,2013,6,6,2000,20,4,9,8,8,1, , ,N,2,3,0,3,0,1,2,2,N,N,40 00:10.139,75 09:44.547,1815, ,9999, ,0, ,N, ,3, , , , , , , , , ,1,1,0,0,0,0,0,0,0,0,0,0,1,1,0,0,0,0,0,0,0,0,0,0,0,0,0,0,0,0,0,0,1,0,0,8,0,40.0028,-75.1624, , 
50652,587924,2013074789,6,67,67301,2013,6,1,1255,12,1,1,0,4,1, , ,N,1,2,0,3,0,0,3,2,N,N,39 57:32.371,75 10:26.147,1300, ,1230, ,0, ,N, ,3, , , , , , , , , ,2,1,0,0,1,0,0,0,0,0,0,0,0,0,0,0,0,0,0,0,1,0,0,0,0,0,0,0,0,0,0,0,0,0,0,0,0,39.959,-75.1739, , 
50653,587927,2013070470,6,67,67301,2013,6,3,1648,16,1,1,0,7,2, , ,N,0,0,0,3,0,1,1,1,N,N,40 01:39.996,75 11:26.992,1655, ,1648,1,2,2,Y, ,0,N, , , , , , , , ,1,1,0,0,0,0,0,0,0,0,0,1,1,0,0,0,0,0,0,0,0,0,0,0,0,0,0,0,0,0,0,0,0,0,0,4,0,40.0278,-75.1908, , 
50654,587942,2013086794,6,67,67301,2013,8,2,1640,16,1,1,0,8,1, , ,N,2,3,0,3,0,1,2,2,N,N,40 01:43.795,75 09:51.227,1643, ,1640, ,0, ,N, ,3, , , , , , , , , ,1,1,0,0,0,0,0,0,0,0,0,0,1,1,0,0,0,0,0,0,0,0,0,0,0,0,0,0,0,0,0,0,1,0,0,8,0,40.0288,-75.1642, , 
50655,587943,2013086828,6,67,67301,2013,8,5,1500,15,1,2,1,1,1, , ,N,1,2,0,3,0,2,3,2,N,N,39 55:56.906,75 13:28.606,47, ,45, ,0, ,N, ,3, , , , , , , , , ,2,1,0,0,0,0,0,1,0,0,0,2,2,0,0,0,0,0,0,0,1,0,0,0,0,0,0,0,0,0,0,0,0,0,0,4,0,39.9325,-75.2246, , 
50656,587954,2013101291,6,67,67301,2013,9,7,9999,99,1,1,0,1,1, , ,N,1,0,0,3,0,1,3,2,N, ,39 56:22.379,75 11:53.331,9999, ,9999, ,0, , , ,0, , , , , , , , , ,2,2,0,0,0,0,0,0,0,0,0,0,1,1,0,0,0,0,0,0,0,0,0,0,0,0,0,0,0,0,0,0,0,0,0,8,0,39.9396,-75.1982, , 
50657,587962,2013106703,6,67,67301,2013,9,2,2032,20,1,1,0,8,1, , ,N,1,2,0,3,0,1,2,2,N,N,39 57:08.987,75 10:37.232,2050, ,2042, ,0, ,N, ,3, , , , , , , , , ,1,1,0,0,0,0,0,0,0,0,0,1,1,0,0,0,0,0,0,0,0,0,0,1,0,0,0,0,0,0,0,0,1,0,0,4,0,39.9525,-75.177, , 
50658,587977,2013074679,6,67,67301,2013,6,7,815,8,1,1,0,4,1, , ,N,1,2,0,3,0,1,2,2,N, ,40 00:57.144,75 09:13.828,819, ,816, ,0, , , ,3, , , , , , , , , ,2,2,0,0,0,0,0,0,0,0,0,1,1,0,0,0,0,0,0,0,0,0,0,0,0,0,0,0,0,0,0,0,0,0,0,4,0,40.0159,-75.1538, , 
50659,587996,2013096446,6,67,67301,2013,8,5,9999,99,3,1,0,7,5, , ,N,2,2,0,3,0,1,1,1,N,N,39 57:26.624,75 10:15.323,2215, ,2213, ,0, , , ,3, , , , , , , , , ,1,0,1,0,0,0,0,0,0,1,0,0,1,0,0,0,0,0,0,0,0,0,0,0,0,0,0,0,0,1,0,0,0,0,0,2,0,39.9574,-75.1709, , 
50660,588002,2013106691,6,67,67301,2013,9,6,2103,21,3,1,0,0,1, , ,N,0,0,0,3,0,1,1,1,N,N,39 54:38.674,75 13:32.592,2107, ,2105,2,1,3,N, ,0,N, , , , , , , , ,1,0,1,0,0,0,0,0,0,0,0,1,1,0,0,0,0,0,0,0,0,0,0,0,0,0,0,0,0,0,0,0,0,0,0,4,0,39.9107,-75.2257, , 
50661,588011,2013121363,6,67,67301,2013,10,5,1522,15,1,2,1,1,1, , ,N,2,2,0,3,0,1,3,3,N,N,40 07:20.334,75 00:47.260,1558, ,1555, ,0, ,N, ,3, , , , , , , , , ,3,1,0,0,0,0,0,0,0,0,0,1,1,0,0,0,0,0,0,0,0,0,0,0,0,0,0,0,0,0,0,0,0,0,0,4,0,40.1223,-75.0131, , 
50662,588024,2013079979,6,67,67301,2013,7,1,1356,13,1,1,0,8,1, , ,N,1,2,0,3,0,1,2,2,N,N,39 56:05.323,75 09:43.228,1400, ,1358, ,0, ,N, ,3, , , , , , , , , ,1,0,0,0,0,0,1,0,1,0,0,1,1,0,0,0,0,0,0,0,0,0,0,0,0,0,0,0,0,0,0,0,0,0,0,4,0,39.9348,-75.162, , 
50663,588037,2013093180,6,67,67301,2013,8,6,2130,21,3,1,0,4,1, , ,N,1,2,0,3,0,1,2,2,N,N,40 02:01.460,75 02:48.262,2225, ,2215, ,0, ,N, ,3, , , , , , , , , ,1,1,0,0,0,0,0,0,1,0,0,1,1,0,0,0,0,0,0,0,0,0,0,0,0,0,0,0,0,0,0,0,0,0,0,4,0,40.0336,-75.0468, , 
50664,588040,2013095944,6,67,67301,2013,8,7,1405,14,1,1,0,6,1, , ,N,3,3,0,3,0,1,2,2,N,N,39 58:22.961,75 13:06.430,1419, ,1411, ,0, ,N, ,3, , , , , , , , , ,1,0,0,0,0,0,1,0,1,0,0,1,1,0,0,0,0,0,0,0,0,0,0,0,0,0,0,0,0,0,0,0,0,0,0,4,0,39.973,-75.2185, , 
50665,588044,2013101182,6,67,67301,2013,9,5,1230,12,1,1,0,8,1, , ,N,1,2,0,3,0,1,3,2,N,N,39 56:29.263,75 10:39.964,1232, ,1231, ,0, ,N, ,3, , , , , , , , , ,1,0,0,0,0,0,1,0,0,0,0,1,1,0,0,0,0,0,0,0,1,0,0,0,0,0,0,0,0,0,0,0,1,0,0,4,0,39.9415,-75.1778, , 
50666,588069,2013076789,6,67,67301,2013,7,1,1719,17,1,2,1,1,1, , ,N,0,0,0,3,0,2,3,2,N,N,40 02:26.275,75 00:20.177,1728, ,1721, ,0, ,N, ,0, , , , , , , , , ,2,2,0,0,0,0,0,0,0,0,0,0,2,2,0,0,0,0,0,0,0,0,0,0,0,0,0,0,0,0,0,0,0,0,0,8,0,40.0406,-75.0056, , 
50667,582339,2013079459,6,67,67301,2013,7,2,640,6,1,2,1,4,1, , ,N,0,0,7,3,0,0,2,2,N, ,40 01:44.013,75 12:21.002,702, ,655,9,1,2, , ,0,N, , , , , , , , ,2,2,0,0,0,0,0,0,0,0,0,0,0,0,0,0,0,0,0,0,1,0,0,0,0,0,0,0,0,0,0,0,0,0,0,0,0,40.0289,-75.2058, , 
50668,582368,2013114451,6,67,67301,2013,10,6,2316,23,3,1,0,4,1, , ,N,1,2,0,3,0,1,7,2,N,N,40 06:08.954,75 01:43.447,2318, ,2318, ,0, ,N, ,3, , , , , , , , , ,2,1,0,0,1,0,0,0,0,0,0,0,1,1,0,0,0,1,0,0,1,0,0,0,0,0,0,0,0,0,0,0,0,0,0,8,0,40.1025,-75.0287, , 
50669,582371,2013047817,6,67,67301,2013,4,1,139,1,3,1,0,5,1, , ,N,0,0,0,3,0,0,2,2,N, ,40 00:52.773,75 10:40.429,143, ,139,2,2,1, , ,0,N, , , , , , , , ,2,1,0,0,1,0,0,0,0,0,0,0,0,0,1,0,0,0,0,0,0,0,0,0,0,0,0,0,0,0,0,0,0,0,0,9,0,40.0147,-75.1779, , 
50670,582379,2013055313,6,67,67301,2013,5,7,623,6,1,1,0,4,3, , ,N,1,3,0,3,0,1,3,2,N,N,39 59:59.139,75 09:47.066,638, ,626, ,0, ,N, ,3, , , , , , , , , ,2,2,0,0,0,0,0,0,0,0,0,0,1,1,0,0,0,0,0,0,1,0,0,0,0,0,0,0,0,0,0,0,0,0,0,8,0,39.9998,-75.1631, , 
50671,582398,2013070978,6,67,67301,2013,6,6,830,8,1,2,1,6,1, , ,N,1,3,0,3,0,2,3,2,N,N,40 00:45.378,75 08:26.717,835, ,832,2,1,4,N, ,3,N, , , , , , , , ,2,2,0,0,0,0,0,0,0,0,0,2,2,0,0,0,0,0,0,1,0,0,0,0,0,0,0,0,0,0,0,0,0,0,0,4,0,40.0126,-75.1408, , 
50672,582426,2013063665,6,67,67301,2013,6,1,1454,14,1,1,0,1,1, , ,N,0,0,0,3,0,1,2,2,N,N,40 00:24.812,75 04:23.986,1510, ,1505, ,0, ,N, ,0, , , , , , , , , ,2,2,0,0,0,0,0,0,0,0,0,1,1,0,0,0,0,0,0,0,1,0,0,0,0,0,0,0,0,0,0,0,0,0,0,4,0,40.0068,-75.0735, , 
50673,582436,2013070525,6,67,67301,2013,5,4,1940,19,1,1,0,8,1, , ,N,0,0,0,3,0,1,2,2,N,N,40 00:36.540,75 08:36.315,1946, ,1944, ,0, ,N, ,0, , , , , , , , , ,1,1,0,0,0,0,0,0,0,0,0,1,1,0,0,0,0,0,0,0,0,0,0,0,0,0,0,0,0,0,0,0,1,0,0,4,0,40.0102,-75.1434, , 
50674,582439,2013072201,6,67,67301,2013,6,5,9999,99,3,6,1,5,6, , ,N,0,0,0,3,0,0,1,2,N,N,39 57:49.190,75 11:29.610,933, ,930, ,0, ,N, ,0, , , , , , , , , ,2,1,0,0,0,0,0,0,0,0,0,0,0,0,0,0,0,0,0,0,0,0,0,0,0,0,0,0,0,0,0,0,0,0,0,0,0,39.9637,-75.1916, , 
50675,582447,2013077437,6,67,67301,2013,6,6,9999,99,1,1,0,5,1, , ,N,2,2,0,3,0,1,3,2,N,N,39 57:29.061,75 09:44.627,838, ,838, ,0, , , ,3, , , , , , , , , ,2,1,0,0,0,1,0,0,0,0,1,0,1,0,0,0,0,0,0,0,0,0,0,0,0,0,0,0,0,0,0,0,0,0,0,3,1,39.9579,-75.1623, , 
50676,582474,2013065325,6,67,67301,2013,5,3,28,0,3,1,0,4,1, , ,N,1,2,0,3,0,1,2,2,N,N,40 02:11.789,75 03:52.061,35, ,28,1,1,1,N, ,3,Y, , , , , , , , ,2,2,0,0,0,0,0,0,0,0,1,0,1,0,0,0,0,0,1,0,1,0,0,0,0,0,0,0,0,0,0,0,0,0,0,3,0,40.0366,-75.0645, , 
50677,582477,2013070245,6,67,67301,2013,6,6,1245,12,1,2,1,1,1, , ,N,0,0,0,3,0,1,3,2,N,N,39 59:22.152,75 07:30.105,1255, ,1250, ,0, ,N, ,0, , , , , , , , , ,2,0,0,0,1,0,0,0,0,0,0,1,1,0,0,0,0,0,0,0,2,0,0,0,0,0,0,0,0,0,0,0,0,0,0,4,0,39.9895,-75.125, , 
50678,582480,2013077375,6,67,67301,2013,7,2,1008,10,1,2,1,7,2, , ,N,0,0,0,3,0,0,1,1,N,N,40 00:27.210,75 11:54.200,1014, ,1008, ,0, ,N, ,0, , , , , , , , , ,1,1,0,0,0,0,0,0,0,0,0,0,0,0,0,0,0,0,0,0,0,0,0,0,0,0,0,0,0,0,0,0,0,0,0,0,0,40.0076,-75.1984, , 
50679,582503,2013101730,6,67,67301,2013,9,6,2113,21,3,1,0,8,1, , ,N,1,2,0,3,0,1,2,2,N,N,39 56:39.850,75 09:47.285,2117, ,2115, ,0, ,N, ,3, , , , , , , , , ,1,1,0,0,0,0,0,0,0,0,0,0,1,1,0,0,0,0,0,0,0,1,0,0,0,0,0,0,0,0,0,0,1,0,0,8,0,39.9444,-75.1631, , 
50680,582506,2013104396,6,67,67301,2013,9,4,1830,18,1,1,0,4,1, , ,N,1,3,0,3,0,1,2,2,N,N,40 02:18.470,75 02:48.771,2310, ,2310, ,0, ,N, ,3, , , , , , , , , ,1,1,0,0,0,0,0,0,1,0,1,0,1,0,1,0,0,0,0,0,0,0,0,0,0,0,0,0,0,0,0,0,0,0,0,3,0,40.0385,-75.0469, , 
50681,582509,2013106646,6,67,67301,2013,9,1,111,1,3,1,0,1,1, , ,N,0,0,0,3,0,2,3,2,N,N,40 05:08.790,75 02:13.802,120, ,111, ,0, ,N, ,0, , , , , , , , , ,2,2,0,0,0,0,0,0,0,0,0,0,2,2,0,0,0,0,0,0,0,0,0,0,0,0,0,0,0,0,0,0,0,0,0,8,0,40.0858,-75.0372, , 
50682,582510,2013106656,6,67,67301,2013,10,3,1450,14,1,1,0,4,1, , ,N,0,0,7,3,0,0,3,4,N,N,40 02:57.822,75 04:04.330,1520, ,1515,1,1,5,N, ,0,N, , , , , , , , ,4,3,0,0,0,0,1,0,0,0,0,0,0,0,1,0,0,0,0,0,0,3,0,0,0,0,0,0,0,0,0,0,0,0,0,9,0,40.0494,-75.0679, , 
50683,582518,2013111792,6,67,67301,2013,9,2,1917,19,3,1,0,7,5, , ,N,0,0,0,3,0,1,1,1,N,N,39 53:42.421,75 14:13.593,1925, ,1918,3,2,2, , ,0,Y, , , , , , , , ,1,1,0,0,0,0,0,0,0,1,0,0,1,0,0,0,0,0,0,0,0,0,0,0,0,0,0,1,0,0,0,0,0,0,0,2,0,39.8951,-75.2371, , 
50684,582519,2013065362,6,67,67301,2013,5,1,2000,20,4,1,0,1,1, , ,N,2,2,0,3,0,2,3,2,N,N,39 58:02.175,75 10:16.852,2007, ,2005, ,0, ,N, ,3, , , , , , , , , ,2,2,0,0,0,0,0,0,0,0,0,1,2,1,0,0,0,0,0,0,0,0,0,0,0,0,0,0,0,0,0,0,0,0,0,4,0,39.9673,-75.1713, , 
50685,584974,2013101031,6,67,67301,2013,9,6,1947,19,4,1,0,4,1, , ,N,0,0,7,3,0,1,3,2,N,N,40 02:10.932,75 04:48.187,1954, ,1952, ,0, ,N, ,0, , , , , , , , , ,1,1,0,0,0,0,0,0,1,0,0,0,1,1,0,0,0,0,0,0,0,0,0,0,0,0,0,0,0,0,0,0,0,0,0,8,0,40.0364,-75.0801, , 
50686,585004,2013076375,6,67,67301,2013,7,2,1321,13,1,1,0,7,2, , ,N,0,0,0,3,0,1,3,1,N,N,39 58:21.934,75 11:37.637,1326, ,1323, ,0, ,N, ,0, , , , , , , , , ,1,0,0,0,0,0,1,0,0,0,0,0,1,1,0,0,0,0,0,0,1,0,0,0,0,0,0,0,0,0,0,0,0,0,0,8,0,39.9728,-75.1938, , 
50687,585012,2013086756,6,67,67301,2013,7,6,1514,15,1,1,0,1,1, , ,N,1,2,0,3,0,1,3,2,N,N,40 06:50.926,74 59:15.880,1525, ,1514,1,2,1,N, ,3,N, , , , , , , , ,2,1,0,0,0,0,0,1,0,0,0,1,1,0,0,0,0,1,0,0,0,0,0,0,0,0,0,0,0,0,0,0,0,0,0,4,0,40.1141,-74.9877, , 
50688,585013,2013086802,6,67,67301,2013,8,6,1145,11,1,1,0,1,1, , ,N,2,2,0,3,0,2,8,2,N,N,40 06:35.729,75 01:30.785,1152, ,1147,2,1,2,N, ,3,N, , , , , , , , ,2,0,0,0,0,0,2,0,0,0,0,1,2,1,3,0,0,0,0,0,0,1,0,0,0,0,0,0,0,0,0,0,0,0,0,4,0,40.1099,-75.0251, , 
50689,585026,2013103971,6,67,67301,2013,9,4,1830,18,1,1,0,8,1, , ,N,1,2,0,3,0,1,2,2,N,N,39 55:45.184,75 13:45.242,2130, ,2130, ,0, ,N, ,3, , , , , , , , , ,1,0,0,0,0,0,1,0,0,0,1,0,1,0,0,0,0,0,0,0,0,0,0,0,0,0,0,0,0,0,0,0,1,0,0,3,0,39.9292,-75.2292, , 
50690,585027,2013055895,6,67,67301,2013,5,4,830,8,1,2,1,8,1, , ,N,0,0,0,3,0,1,2,2,N,N,40 01:48.990,75 09:32.796,840, ,838, ,0, ,N, ,0, , , , , , , , , ,1,1,0,0,0,0,0,0,0,0,0,0,1,1,0,0,0,0,0,0,0,0,0,0,0,0,0,0,0,0,0,0,1,0,0,8,0,40.0303,-75.1591, , 
50691,585035,2013067045,6,67,67301,2013,6,6,826,8,1,1,0,1,1, , ,N,0,0,0,3,0,0,2,2,N,N,39 59:51.525,75 11:46.408,834, ,828, ,0, ,N, ,0, , , , , , , , , ,2,0,0,0,0,0,1,1,0,0,0,0,0,0,0,0,0,0,0,0,0,0,0,0,0,0,0,0,0,0,0,0,0,0,0,0,0,39.9976,-75.1962, , 
50692,585068,2013093116,6,67,67301,2013,8,6,1200,12,1,1,0,8,1, , ,N,3,2,0,3,0,1,2,2,N,N,40 00:57.319,75 07:46.466,1244, ,1230, ,0, , , ,3, , , , , , , , , ,1,0,0,0,1,0,0,0,0,0,0,0,1,1,0,0,0,0,0,0,1,0,0,0,0,0,0,0,0,0,0,0,1,0,0,8,0,40.0159,-75.1296, , 
50693,585073,2013096447,6,67,67301,2013,8,2,1840,18,1,1,0,1,1, , ,N,1,2,0,3,0,1,2,2,N,N,39 58:13.489,75 08:47.550,1910, ,1906, ,0, ,N, ,3, , , , , , , , , ,2,2,0,0,0,0,0,0,0,0,0,1,1,0,0,0,0,0,0,0,1,0,0,0,0,0,0,0,0,0,0,0,0,0,0,4,0,39.9703,-75.1466, , 
50694,585106,2013093098,6,67,67301,2013,8,5,855,8,1,1,0,8,1, , ,N,1,2,0,3,0,1,3,2,N,N,39 58:39.875,75 12:48.192,905, ,859, ,0, ,N, ,3, , , , , , , , , ,1,0,0,0,0,0,1,0,0,0,1,0,1,0,0,0,0,0,0,0,1,0,0,0,0,0,0,0,0,0,0,0,1,0,0,3,0,39.9777,-75.2134, , 
50695,585109,2013095995,6,67,67301,2013,8,2,1009,10,1,1,0,5,2, , ,N,0,0,0,3,0,1,1,2,N, ,39 58:54.804,75 10:43.370,1010, ,1009, ,0, , , ,0, , , , , , , , , ,2,1,0,0,1,0,0,0,0,0,0,0,1,1,0,0,0,0,0,0,0,0,0,0,0,0,0,0,0,0,0,0,0,0,0,8,0,39.9819,-75.1787, , 
50696,585116,2013101107,6,67,67301,2013,9,4,9999,99,5,1,0,4,1, , ,N,3,0,0,3,0,1,3,2,N,N,40 03:24.898,75 05:08.542,59, ,657,1,2,1, , ,0,Y, , , , , , , , ,2,2,0,0,0,0,0,0,0,0,0,1,1,0,0,0,0,0,0,2,0,0,0,0,0,0,0,0,0,0,0,0,0,0,0,4,0,40.0569,-75.0857, , 
50697,585123,2013062639,6,67,67301,2013,5,5,1838,18,1,1,0,5,2, , ,N,1,0,0,3,0,0,1,6,N,N,39 55:21.496,75 09:35.395,1850, ,1843, ,0, ,N, ,0, , , , , , , , , ,6,2,0,0,0,0,1,3,0,0,0,0,0,0,1,0,0,0,0,0,1,0,0,0,0,0,0,0,0,0,0,0,0,0,0,9,0,39.9226,-75.1598, , 
50698,585126,2013065445,6,67,67301,2013,5,5,1935,19,4,1,0,4,1, , ,N,0,0,0,3,0,1,6,3,N, ,39 56:32.006,75 09:15.814,1935, ,1935,2,2,3, , ,0,Y, , , , , , , , ,2,1,0,0,0,0,1,0,1,0,1,0,1,0,0,0,0,0,0,0,0,0,0,0,0,0,0,0,0,0,0,0,0,0,0,3,0,39.9422,-75.1544, , 
50699,585147,2013074658,6,67,67301,2013,6,1,0,0,3,1,0,4,1, , ,N,1,0,0,3,0,1,3,2,N, ,40 00:43.066,75 08:09.135,20, ,15, ,0, , , ,0, , , , , , , , , ,2,2,0,0,0,0,0,0,0,0,1,0,1,0,0,0,0,0,0,0,2,0,0,1,0,0,0,0,0,0,0,0,0,0,0,3,0,40.012,-75.1359, , 
50700,585158,2013086272,6,67,67301,2013,7,7,2205,22,3,1,0,4,1, , ,N,1,2,0,3,0,1,2,2,N,N,40 04:14.015,75 11:04.774,2210, ,2207, ,0, ,N, ,3, , , , , , , , , ,2,1,0,0,0,0,1,0,0,0,0,0,1,1,0,0,0,0,0,0,0,0,0,0,0,0,0,0,0,0,0,0,0,0,0,8,0,40.0706,-75.1847, , 
50701,585183,2013086851,6,67,67301,2013,7,7,2334,23,6,1,0,1,1, , ,N,1,2,0,3,0,0,5,4,N,N,39 56:59.424,75 12:20.905,2335, ,2335, ,0, ,N, ,3, , , , , , , , , ,4,4,0,0,0,0,0,0,0,0,0,0,0,0,1,0,0,0,0,0,0,0,0,0,0,0,0,0,0,0,0,0,0,0,0,9,0,39.9498,-75.2058, , 
50702,585230,2013070492,6,67,67301,2013,6,2,130,1,3,2,1,4,1, , ,N,1,0,0,3,0,0,3,2,N,N,40 02:11.152,75 07:49.835,143, ,137, ,0, ,N, ,0, , , , , , , , , ,2,1,0,0,0,0,1,0,0,0,0,0,0,0,0,0,0,0,0,0,0,0,0,0,0,0,0,0,0,0,0,0,0,0,0,0,0,40.0364,-75.1305, , 
50703,590690,2013083993,6,67,67301,2013,7,2,9999,99,1,1,0,4,1, , ,N,1,2,0,3,0,2,6,2,N,N,39 54:14.563,75 14:24.409,1705, ,1700, ,0, ,N, ,3, , , , , , , , , ,2,2,0,0,0,0,0,0,0,0,0,2,2,0,0,0,0,0,0,0,0,0,0,0,0,0,0,0,0,0,0,0,0,0,0,4,0,39.904,-75.2401, , 