objectid_1,objectid,crn,district,county,municipality,crash_year,crash_month,day_of_week,time_of_day,hour_of_day,illumination,weather,road_condition,collision_type,relation_to_road,work_zone_type,work_zone_loc,work_zone_ind,intersect_type,tcd_type,location_type,urban_rural,fatal_count,injury_count,person_count,total_units,sch_bus_ind,sch_zone_ind,latitude,longitude,arrival_tm,cons_zone_spd_lim,dispatch_tm,est_hrs_closed,lane_closed,ln_close_dir,ntfy_hiwy_maint,spec_juris_cd,tcd_func_cd,tfc_detour_ind,workers_pres,wz_close_detour,wz_flagger,wz_law_offcr_ind,wz_ln_closure,wz_moving,wz_other,wz_shlder_mdn,vehicle_count,automobile_count,motorcycle_count,bus_count,small_truck_count,heavy_truck_count,suv_count,van_count,bicycle_count,maj_inj_count,mod_inj_count,min_inj_count,tot_inj_count,unk_inj_deg_count,unk_inj_per_count,driver_count_16yr,driver_count_17yr,driver_count_18yr,driver_count_19yr,driver_count_20yr,driver_count_50_64yr,driver_count_65_74yr,driver_count_75plus,unbelted_occ_count,unb_death_count,unb_maj_inj_count,belted_death_count,belted_maj_inj_count,mcycle_death_count,mcycle_maj_inj_count,bicycle_death_count,bicycle_maj_inj_count,ped_count,ped_death_count,ped_maj_inj_count,max_severity_level,comm_veh_count,dec_lat,dec_long,rdwy_surf_type_cd,county_name
50704,590697,2013093158,6,67,67301,2013,8,3,1605,16,1,1,0,1,1, , ,N,0,0,0,3,0,1,4,2,N,N,40 03:07.503,75 08:30.406,1625, ,1617, ,0, ,N, ,0, , , , , , , , , ,2,1,0,1,0,0,0,0,0,0,0,1,1,0,0,0,0,0,0,0,0,0,0,0,0,0,0,0,0,0,0,0,0,0,0,4,1,40.0521,-75.1418, , 
50705,590700,2013096445,6,67,67301,2013,8,7,9999,99,1,1,0,5,6, , ,N,0,0,0,3,0,0,1,3,N,N,39 58:20.873,75 10:30.391,1355, ,1347, ,0, , , ,0, , , , , , , , , ,3,3,0,0,0,0,0,0,0,0,0,0,0,0,1,0,0,0,0,0,0,1,0,0,0,0,0,0,0,0,0,0,0,0,0,9,0,39.9725,-75.1751, , 
50706,590709,2013101156,6,67,67301,2013,9,3,1559,15,1,1,0,4,1, , ,N,0,0,7,3,0,2,3,2,N,N,40 05:40.212,75 01:50.610,1624, ,1020, ,0, , , ,0, , , , , , , , , ,2,1,0,0,0,0,1,0,0,0,0,0,2,2,0,0,0,0,0,0,0,1,0,0,0,0,0,0,0,0,0,0,0,0,0,8,0,40.0945,-75.0307, , 
50707,590719,2013062592,6,67,67301,2013,4,1,422,4,3,1,0,5,1, , ,N,0,0,0,3,0,0,1,4,N, ,39 59:49.124,75 09:06.030,525, ,517, ,0, , , ,0, , , , , , , , , ,4,3,0,0,1,0,0,0,0,0,0,0,0,0,0,0,1,0,0,0,0,0,0,1,0,0,0,0,0,0,0,0,0,0,0,0,0,39.997,-75.1517, , 
50708,590720,2013063724,6,46,46108,2013,6,6,1214,12,1,1,0,4,1, , ,N,1,2,0,3,0,1,2,2,N,N,40 05:34.368,75 13:24.847,1215, ,1214,1,1,1,N, ,3,N, , , , , , , , ,2,0,1,0,0,0,0,0,0,0,0,0,1,1,0,0,0,0,0,0,1,0,0,0,0,0,0,0,0,0,0,0,0,0,0,8,0,40.0929,-75.2236, , 
50709,590725,2013082903,6,67,67301,2013,8,1,26,0,3,1,0,7,3, , ,N,1,2,0,3,0,1,2,2,N,N,39 59:10.572,75 09:22.129,26, ,26,3,2,1,N, ,3,Y, , , , , , , , ,2,2,0,0,0,0,0,0,0,0,0,0,1,1,0,0,0,0,0,1,0,0,0,1,0,0,0,0,0,0,0,0,0,0,0,8,0,39.9863,-75.1561, , 
50710,590729,2013086210,6,67,67301,2013,8,4,943,9,1,1,0,4,1, , ,N,1,2,0,3,0,0,3,2,N,N,40 02:21.627,75 11:05.396,950, ,947, ,0, ,N, ,2, , , , , , , , , ,2,2,0,0,0,0,0,0,0,0,0,0,0,0,1,0,0,0,0,0,0,0,0,0,0,0,0,0,0,0,0,0,0,0,0,9,0,40.0393,-75.1848, , 
50711,590740,2013097631,6,67,67301,2013,10,3,1300,13,1,1,0,4,1, , ,N,0,0,0,3,0,0,2,3,N,N,39 55:25.629,75 09:46.224,1300, ,1300, ,0, ,N, ,0, , , , , , , , , ,3,2,0,1,0,0,0,0,0,0,0,0,0,0,0,0,0,0,0,0,0,0,0,0,0,0,0,0,0,0,0,0,0,0,0,0,1,39.9238,-75.1628, , 
50712,590751,2013111865,6,67,67301,2013,10,6,2124,21,3,2,1,2,6, , ,N,0,0,0,3,0,0,1,2,N,N,39 59:42.356,75 05:54.556,2132, ,2130, ,0, ,N, ,0, , , , , , , , , ,2,1,0,0,0,0,1,0,0,0,0,0,0,0,0,0,0,0,0,0,0,0,0,0,0,0,0,0,0,0,0,0,0,0,0,0,0,39.9951,-75.0985, , 
50713,590780,2013070021,6,67,67301,2013,6,6,1300,13,1,2,1,4,1, , ,N,1,2,0,3,0,1,10,2,N,N,40 01:24.369,75 08:21.713,1317, ,1315, ,0, ,N, ,3, , , , , , , , , ,2,0,0,0,1,0,1,0,0,0,1,0,1,0,0,0,0,0,0,0,0,0,0,0,0,0,0,0,0,0,0,0,0,0,0,3,0,40.0234,-75.1394, , 
50714,590781,2013070329,6,67,67301,2013,4,7,1049,10,1,1,0,5,1, , ,N,2,0,0,3,0,1,2,3,N,N,39 58:19.115,75 14:45.085,1058, ,1050, ,0, , , ,0, , , , , , , , , ,3,3,0,0,0,0,0,0,0,0,0,0,1,1,0,0,0,0,0,0,0,0,0,0,0,0,0,0,0,0,0,0,0,0,0,8,0,39.972,-75.2459, , 
50715,590808,2013103994,6,67,67301,2013,9,2,1520,15,1,1,0,3,6, , ,N,0,0,0,3,0,1,1,2,N,N,39 57:23.468,75 08:39.591,1530, ,1527, ,0, ,N, ,0, , , , , , , , , ,2,1,0,0,0,0,0,0,0,0,0,1,1,0,0,0,0,0,0,0,1,0,0,0,0,0,0,0,0,0,0,0,0,0,0,4,0,39.9565,-75.1443, , 
50716,590809,2013104393,6,67,67301,2013,9,7,1035,10,1,1,0,1,1, , ,N,0,2,0,3,0,1,4,2,N,N,40 00:54.528,75 12:27.294,9999, ,0, ,0, ,N, ,9, , , , , , , , , ,2,2,0,0,0,0,0,0,0,0,0,1,1,0,2,0,0,0,0,0,1,0,0,0,0,0,0,0,0,0,0,0,0,0,0,4,0,40.0152,-75.2078, , 
50717,590810,2013104394,6,67,67301,2013,9,2,9999,99,1,1,0,1,1, , ,N,1,2,0,3,0,1,3,2,N,N,40 00:41.506,75 04:11.278,9999, ,9999,1,1,2, , ,3,N, , , , , , , , ,2,2,0,0,0,0,0,0,0,0,0,1,1,0,0,0,0,0,0,0,0,0,0,0,0,0,0,0,0,0,0,0,0,0,0,4,0,40.0115,-75.0698, , 
50718,590823,2013065574,6,67,67301,2013,5,3,1746,17,1,1,0,4,1, , ,N,1,2,0,3,0,1,3,2,N,N,40 02:35.626,75 10:51.146,1820, ,1809, ,0, ,N, ,3, , , , , , , , , ,2,1,0,0,1,0,0,0,0,0,0,1,1,0,0,0,0,0,0,0,1,0,0,0,0,0,0,0,0,0,0,0,0,0,0,4,0,40.0432,-75.1809, , 
50719,590829,2013070101,6,67,67301,2013,6,5,2010,20,4,2,1,8,4, , ,N,1,3,0,3,0,1,2,2,N,N,40 03:01.414,75 09:11.224,2010, ,2010, ,0, ,N, ,3, , , , , , , , , ,1,1,0,0,0,0,0,0,0,0,0,1,1,0,0,0,0,0,0,0,0,0,0,0,0,0,0,0,0,0,0,0,1,0,0,4,0,40.0504,-75.1531, , 
50720,590830,2013070381,6,67,67301,2013,6,5,715,7,1,1,0,4,1, , ,N,2,2,0,3,0,1,2,2,N,N,39 57:33.501,75 09:35.521,721, ,720, ,0, ,N, ,3, , , , , , , , , ,2,1,0,0,0,0,1,0,0,0,0,1,1,0,0,0,0,0,0,0,0,1,0,0,0,0,0,0,0,0,0,0,0,0,0,4,0,39.9593,-75.1599, , 
50721,588083,2013079445,6,67,67301,2013,7,6,758,7,1,1,0,2,1, , ,N,0,0,0,3,0,2,3,2,N,N,39 59:11.988,75 14:53.671,807, ,802,3,1,1,N, ,0,N, , , , , , , , ,2,2,0,0,0,0,0,0,0,0,0,1,2,1,0,0,0,0,0,0,1,0,0,0,0,0,0,0,0,0,0,0,0,0,0,4,0,39.9867,-75.2482, , 
50722,588112,2013070320,6,67,67301,2013,6,1,1529,15,1,1,0,8,1, , ,N,1,0,0,3,0,1,2,2,N, ,39 59:34.512,75 09:33.073,1532, ,1529, ,0, , , ,0, , , , , , , , , ,1,1,0,0,0,0,0,0,0,0,0,0,1,1,0,0,0,0,0,0,0,0,0,0,0,0,0,0,0,0,0,0,1,0,0,8,0,39.9929,-75.1592, , 
50723,588114,2013072205,6,67,67301,2013,6,7,718,7,1,1,0,4,1, , ,N,2,3,0,3,0,1,2,2,N,N,40 01:35.013,75 05:38.100,722, ,719,2,1,1,N, ,3,N, , , , , , , , ,2,2,0,0,0,0,0,0,0,0,0,1,1,0,0,0,0,0,0,0,1,0,0,0,0,0,0,0,0,0,0,0,0,0,0,4,0,40.0264,-75.0939, , 
50724,588115,2013074756,6,67,67301,2013,6,6,9999,99,1,1,0,4,1, , ,N,1,2,0,3,0,1,3,2,N,N,39 57:16.504,75 10:22.784,1000, ,908, ,0, ,N, ,3, , , , , , , , , ,2,2,0,0,0,0,0,0,0,1,0,0,1,0,0,0,0,0,0,0,0,0,0,0,0,0,0,0,0,0,0,0,0,0,0,2,0,39.9546,-75.173, , 
50725,588116,2013075378,6,67,67301,2013,7,6,940,9,1,1,0,1,1, , ,N,0,0,0,3,0,1,2,2,N,N,39 58:50.023,75 09:27.058,945, ,940, ,0, ,N, ,0, , , , , , , , , ,2,2,0,0,0,0,0,0,0,0,0,1,1,0,0,0,0,0,0,1,0,0,0,0,0,0,0,0,0,0,0,0,0,0,0,4,0,39.9806,-75.1575, , 
50726,588127,2013074678,6,67,67301,2013,6,7,2006,20,4,1,0,8,1, , ,N,0,0,0,3,0,1,2,2,N,N,39 56:01.114,75 11:06.129,2007, ,2007, ,0, ,N, ,0, , , , , , , , , ,1,1,0,0,0,0,0,0,0,0,0,1,1,0,0,0,0,0,0,0,0,0,0,0,0,0,0,0,0,0,0,0,1,0,0,4,0,39.9336,-75.185, , 
50727,588144,2013093072,6,67,67301,2013,8,3,9999,99,1,1,1,4,1, , ,N,2,3,0,3,0,1,2,2,N,N,40 02:43.674,75 08:21.951,1655, ,1651, ,0, ,N, ,3, , , , , , , , , ,1,0,0,0,1,0,0,0,1,0,0,1,1,0,0,0,0,0,0,0,1,0,0,0,0,0,0,0,0,0,0,0,0,0,0,4,0,40.0455,-75.1394, , 
50728,588145,2013093981,6,67,67301,2013,9,1,1037,10,1,1,0,1,1, , ,N,0,0,0,3,0,2,3,2,N,N,39 56:22.846,75 08:37.385,1045, ,1037,1,1,2,N, ,0,N, , , , , , , , ,2,1,0,0,0,0,1,0,0,0,1,1,2,0,0,0,0,0,0,0,0,0,0,0,0,0,0,0,0,0,0,0,0,0,0,3,0,39.9397,-75.1437, , 
50729,588154,2013103938,6,67,67301,2013,9,1,1600,16,1,1,0,7,5, , ,N,0,2,0,3,0,0,1,1,N,N,40 01:38.216,75 06:50.630,1612, ,1603,9,1,2,N, ,3,N, , , , , , , , ,1,1,0,0,0,0,0,0,0,0,0,0,0,0,1,0,0,0,0,0,0,0,0,0,0,0,0,0,0,0,0,0,0,0,0,9,0,40.0273,-75.1141, , 
50730,588161,2013067758,6,67,67301,2013,6,1,1525,15,1,1,0,5,1, , ,N,3,0,0,3,0,2,3,2,N,N,40 06:02.907,75 00:27.961,1530, ,1526,2,2,2,N, ,0,N, , , , , , , , ,2,1,0,0,0,0,1,0,0,0,1,1,2,0,0,0,0,0,0,0,2,0,0,0,0,0,0,0,0,0,0,0,0,0,0,3,0,40.1008,-75.0078, , 
50731,588169,2013070411,6,67,67301,2013,6,1,422,4,3,1,0,1,6, , ,N,0,0,0,3,0,0,2,2,N,N,40 00:22.564,75 05:36.562,427, ,422, ,0, ,N, ,0, , , , , , , , , ,2,0,0,0,0,0,2,0,0,0,0,0,0,0,0,0,0,0,0,0,1,0,0,0,0,0,0,0,0,0,0,0,0,0,0,0,0,40.0063,-75.0935, , 
50732,588174,2013080023,6,67,67301,2013,7,6,1023,10,1,1,0,8,1, , ,N,5,2,0,3,0,1,2,2,N,N,40 00:11.467,75 09:09.273,1030, ,1025, ,0, ,N, ,3, , , , , , , , , ,1,1,0,0,0,0,0,0,0,0,0,1,1,0,0,0,0,0,0,0,0,1,0,0,0,0,0,0,0,0,0,0,1,0,0,4,0,40.0032,-75.1525, , 
50733,588187,2013098386,6,67,67301,2013,5,1,1435,14,1,2,1,4,1, , ,N,0,0,0,3,0,0,1,3,N,N,40 00:29.884,75 08:37.479,1605, ,1600, ,0, ,N, ,0, , , , , , , , , ,3,1,0,0,0,0,2,0,0,0,0,0,0,0,1,0,0,0,0,0,0,0,0,0,0,0,0,0,0,0,0,0,0,0,0,9,0,40.0083,-75.1437, , 
50734,588197,2013111781,6,67,67301,2013,10,7,1355,13,1,1,0,4,1, , ,N,1,3,0,3,0,0,2,2,N, ,39 57:18.241,75 13:11.438,1408, ,1401, ,0, , , ,3, , , , , , , , , ,2,1,0,0,0,0,1,0,0,0,0,0,0,0,0,0,0,0,0,0,1,0,1,0,0,0,0,0,0,0,0,0,0,0,0,0,0,39.9551,-75.2198, , 
50735,588211,2013065517,6,67,67301,2013,5,1,1935,19,1,1,0,4,1, , ,N,0,0,7,3,0,4,10,2,N,N,39 55:05.326,75 12:34.930,1942, ,1938, ,0, ,N, ,0, , , , , , , , , ,2,2,0,0,0,0,0,0,0,0,0,4,4,0,6,0,0,0,0,0,0,0,0,0,0,0,0,0,0,0,0,0,0,0,0,4,0,39.918,-75.2106, , 
50736,588231,2013079504,6,67,67301,2013,7,6,208,2,3,1,0,5,1, , ,N,1,0,0,3,0,1,4,2,N, ,39 57:06.275,75 09:29.915,208, ,208, ,0, , , ,0, , , , , , , , , ,2,2,0,0,0,0,0,0,0,0,0,1,1,0,0,0,0,0,0,0,0,0,0,0,0,0,0,0,0,0,0,0,0,0,0,4,0,39.9517,-75.1582, , 
50737,588239,2013087226,6,67,67301,2013,8,6,1140,11,1,1,0,8,1, , ,N,1,2,0,3,0,1,3,2,N,N,39 58:50.962,75 09:01.180,1145, ,1143, ,0, ,N, ,3, , , , , , , , , ,1,1,0,0,0,0,0,0,0,0,0,0,1,1,0,0,0,0,0,0,0,1,0,0,0,0,0,0,0,0,0,0,1,0,0,8,0,39.9808,-75.1503, , 
50738,588242,2013088966,6,67,67301,2013,9,1,1419,14,1,1,0,1,1, , ,N,0,0,0,3,0,0,11,3,N,N,40 01:09.401,75 02:43.547,1427, ,1425,1,1,1,N, ,0,N, , , , , , , , ,3,1,0,0,0,0,2,0,0,0,0,0,0,0,0,0,0,0,0,0,1,0,0,0,0,0,0,0,0,0,0,0,0,0,0,0,0,40.0192,-75.0456, , 
50739,582520,2013065537,6,67,67301,2013,5,5,9999,99,1,1,0,4,1, , ,N,1,2,0,3,0,1,2,2,N,N,39 56:59.920,75 10:43.442,1115, ,1109, ,0, , , ,3, , , , , , , , , ,1,0,0,0,0,0,0,1,1,1,0,0,1,0,0,0,0,0,0,0,0,0,0,0,0,0,0,0,0,0,0,1,0,0,0,2,0,39.95,-75.1787, , 
50740,582523,2013068716,6,67,67301,2013,7,6,1413,14,1,1,0,1,1, , ,N,0,0,0,3,0,3,3,2,N,N,39 58:02.056,75 11:19.336,1418, ,1414,1,1,3,N, ,0,N, , , , , , , , ,2,1,0,0,0,0,1,0,0,0,0,0,3,3,0,0,0,0,0,0,0,0,0,0,0,0,0,0,0,0,0,0,0,0,0,8,0,39.9672,-75.1887, , 
50741,582527,2013070502,6,67,67301,2013,6,5,830,8,1,1,0,4,1, , ,N,3,0,0,3,0,1,4,2,N,N,39 58:11.956,75 10:04.673,845, ,835,1,2,2,N, ,0,Y, , , , , , , , ,2,2,0,0,0,0,0,0,0,0,0,1,1,0,0,0,0,0,0,0,0,1,0,0,0,0,0,0,0,0,0,0,0,0,0,4,0,39.97,-75.168, , 
50742,582548,2013079669,6,67,67301,2013,8,3,1809,18,1,1,0,1,1, , ,N,0,0,0,3,0,1,4,4,N,N,39 58:55.704,75 06:03.632,1820, ,1817,2,1,2,N, ,0,N, , , , , , , , ,4,4,0,0,0,0,0,0,0,0,0,0,1,1,0,0,0,0,1,0,0,0,0,0,0,0,0,0,0,0,0,0,0,0,0,8,0,39.9821,-75.101, , 
50743,582549,2013079961,6,67,67301,2013,7,4,1844,18,1,1,0,4,1, , ,N,0,0,7,3,0,3,5,2,N,N,40 02:49.574,75 08:34.316,1847, ,1845,2,2,1,N, ,0,Y, , , , , , , , ,2,1,0,0,0,0,1,0,0,0,0,2,3,1,1,0,0,1,0,0,0,0,0,0,0,0,0,0,0,0,0,0,0,0,0,4,0,40.0471,-75.1429, , 
50744,582550,2013080075,6,67,67301,2013,7,7,2348,23,3,1,0,8,1, , ,N,0,0,1,3,0,1,2,2,N,N,39 57:38.065,75 08:25.490,2350, ,2348, ,0, ,N, ,0, , , , , , , , , ,1,1,0,0,0,0,0,0,0,0,1,0,1,0,0,0,0,0,0,0,0,0,0,0,0,0,0,0,0,0,0,0,1,0,0,3,0,39.9606,-75.1404, , 
50745,582562,2013094713,6,67,67301,2013,6,1,2300,23,6,1,0,1,1, , ,N,2,2,0,3,0,1,2,2,N,N,40 00:59.828,75 08:05.348,0, ,0, ,0, ,N, ,3, , , , , , , , , ,2,1,0,0,1,0,0,0,0,0,0,0,1,1,1,0,0,0,0,0,0,0,0,0,0,0,0,0,0,0,0,0,0,0,0,8,0,40.0166,-75.1348, , 
50746,582579,2013070307,6,67,67301,2013,5,3,1615,16,1,1,0,8,1, , ,N,0,0,0,3,0,1,2,2,N,N,39 56:07.818,75 11:16.814,1616, ,1615, ,0, ,N, ,0, , , , , , , , , ,1,1,0,0,0,0,0,0,0,0,0,1,1,0,0,0,0,0,0,0,1,0,0,0,0,0,0,0,0,0,0,0,1,0,0,4,0,39.9355,-75.188, , 
50747,582580,2013070350,6,67,67301,2013,5,1,545,5,1,1,0,1,1, , ,N,0,2,0,3,0,2,3,2,N,N,39 57:39.527,75 13:57.160,600, ,9999, ,0, ,N, ,3, , , , , , , , , ,2,1,0,0,0,0,0,1,0,1,1,0,2,0,1,0,0,0,0,0,0,0,0,0,0,0,0,0,0,0,0,0,0,0,0,2,0,39.961,-75.2325, , 
50748,582592,2013077481,6,67,67301,2013,7,6,1630,16,1,1,0,8,1, , ,N,0,0,0,3,0,2,3,3,N,N,40 00:34.580,75 10:03.184,1637, ,1633, ,0, ,N, ,0, , , , , , , , , ,1,0,0,0,0,0,1,0,0,0,0,0,2,2,0,0,0,0,0,0,0,0,0,0,0,0,0,0,0,0,0,0,2,0,0,8,0,40.0096,-75.1676, , 
50749,582601,2013086755,6,67,67301,2013,8,3,830,8,1,1,0,1,1, , ,N,2,2,0,3,0,1,2,2,N,N,39 56:25.494,75 12:38.066,931, ,921, ,0, ,N, ,3, , , , , , , , , ,2,1,0,0,0,0,1,0,0,0,0,1,1,0,0,0,0,0,0,0,0,0,0,0,0,0,0,0,0,0,0,0,0,0,0,4,0,39.9404,-75.2106, , 
50750,582629,2013024894,6,67,67301,2013,2,7,2331,23,3,4,1,5,1, , ,N,0,0,0,3,0,1,1,2,N,N,39 59:14.740,75 10:39.439,2348, ,2346, ,0, ,N, ,0, , , , , , , , , ,2,1,0,0,1,0,0,0,0,0,0,0,1,1,0,0,0,0,0,0,0,0,0,0,0,0,0,0,0,0,0,0,0,0,0,8,0,39.9874,-75.1776, , 
50751,582634,2013026923,6,67,67301,2013,2,5,142,1,3,1,0,8,1, , ,N,1,2,0,3,0,1,2,2,N,N,40 01:54.231,75 10:43.900,150, ,144, ,0, ,N, ,3, , , , , , , , , ,1,1,0,0,0,0,0,0,0,0,0,0,1,1,0,0,0,0,0,0,0,0,0,0,0,0,0,0,0,0,0,0,1,0,0,8,0,40.0317,-75.1789, , 
50752,582637,2013029771,6,67,67301,2013,2,5,511,5,1,1,0,4,1, , ,N,1,2,0,3,0,1,3,2,N,N,39 57:25.688,75 09:03.847,1540, ,1520,1,1,1,N, ,3,N, , , , , , , , ,2,1,0,0,0,0,1,0,0,0,0,0,1,1,0,0,0,0,0,0,0,0,0,0,0,0,0,0,0,0,0,0,0,0,0,8,0,39.9571,-75.1511, , 
50753,582642,2013035049,6,67,67301,2013,3,1,135,1,3,1,0,7,5, , ,N,1,2,0,3,0,0,1,1,N,N,39 59:31.689,75 08:24.712,135, ,135, ,0, ,N, ,3, , , , , , , , , ,1,1,0,0,0,0,0,0,0,0,0,0,0,0,0,0,0,0,0,0,0,0,0,0,0,0,0,0,0,0,0,0,0,0,0,0,0,39.992,-75.1402, , 
50754,582644,2013036787,6,67,67301,2013,3,6,244,2,3,1,0,5,1, , ,N,3,0,0,3,0,0,2,2,N,N,39 57:24.497,75 09:12.843,253, ,247, ,0, ,N, ,0, , , , , , , , , ,2,1,0,0,0,0,1,0,0,0,0,0,0,0,1,0,0,0,0,0,0,0,0,1,0,0,0,0,0,0,0,0,0,0,0,9,0,39.9568,-75.1536, , 
50755,582645,2013037476,6,67,67301,2013,3,2,707,7,1,1,0,8,1, , ,N,0,0,0,3,0,1,2,2,N,N,40 03:57.736,75 05:01.489,725, ,716, ,0, ,N, ,0, , , , , , , , , ,1,0,0,0,1,0,0,0,0,0,0,1,1,0,0,0,0,0,0,0,0,0,0,0,0,0,0,0,0,0,0,0,1,0,0,4,0,40.066,-75.0837, , 
50756,582647,2013041349,6,67,67301,2013,3,4,1612,16,1,1,0,8,1, , ,N,0,0,0,3,0,1,2,2,N, ,40 02:00.944,75 01:03.454,1621, ,1614,1,1,2, , ,0,N, , , , , , , , ,1,0,0,0,0,0,0,1,0,0,0,0,1,1,0,0,0,0,0,0,1,0,0,0,0,0,0,0,0,0,0,0,1,0,0,8,0,40.0336,-75.0176, , 
50757,585235,2013080059,6,67,67301,2013,7,5,1328,13,1,1,0,8,1, , ,N,0,0,0,3,0,1,2,2,N,N,39 59:28.177,75 07:57.504,1328, ,1328, ,0, ,N, ,0, , , , , , , , , ,1,1,0,0,0,0,0,0,0,0,0,1,1,0,0,0,0,0,0,0,0,0,0,0,0,0,0,0,0,0,0,0,1,0,0,4,0,39.9912,-75.1326, , 
50758,585242,2013088106,6,67,67301,2013,7,4,2135,21,3,1,0,6,1, , ,N,0,0,0,3,0,1,2,2,N, ,39 58:09.734,75 09:35.860,2139, ,2139,1,2,2, , ,0,N, , , , , , , , ,1,1,0,0,0,0,0,0,1,0,0,1,1,0,0,0,0,0,0,0,0,0,0,1,0,0,0,0,0,0,0,0,0,0,0,4,0,39.9694,-75.16, , 
50759,585262,2013114500,6,67,67301,2013,10,7,1505,15,1,1,0,6,1, , ,N,1,3,0,3,0,1,3,2,N,N,39 58:46.408,75 15:12.527,1558, ,1549, ,0, ,N, ,3, , , , , , , , , ,2,1,0,1,0,0,0,0,0,0,0,1,1,0,0,0,0,0,0,0,0,0,0,0,0,0,0,0,0,0,0,0,0,0,0,4,1,39.9796,-75.2535, , 
50760,585273,2013074914,6,67,67301,2013,7,2,1002,10,1,1,0,7,7, , ,N,7,0,2,3,0,1,1,1,N,N,39 58:59.494,75 05:55.161,1010, ,1009,1,2,2,Y, ,0,N, , , , , , , , ,1,1,0,0,0,0,0,0,0,0,0,1,1,0,0,0,0,0,0,0,0,0,0,0,0,0,0,0,0,0,0,0,0,0,0,4,0,39.9832,-75.0987, , 
50761,585281,2013070560,6,67,67301,2013,6,2,646,6,1,2,1,4,1, , ,N,0,0,0,3,0,2,2,2,N,N,40 02:18.965,75 01:07.519,9999, ,647, ,0, ,N, ,0, , , , , , , , , ,2,2,0,0,0,0,0,0,0,0,0,2,2,0,0,0,0,0,0,0,0,0,0,0,0,0,0,0,0,0,0,0,0,0,0,4,0,40.0386,-75.0188, , 
50762,585301,2013098405,6,67,67301,2013,9,4,1530,15,1,1,0,4,1, , ,N,1,2,0,3,0,1,2,2,N, ,39 55:04.486,75 10:45.530,1539, ,1536,3,2,3, , ,3,Y, , , , , , , , ,2,2,0,0,0,0,0,0,0,0,0,0,1,1,0,0,0,0,0,0,0,1,0,0,0,0,0,0,0,0,0,0,0,0,0,8,0,39.9179,-75.1793, , 
50763,585302,2013101059,6,67,67301,2013,9,4,2140,21,3,1,0,4,1, , ,N,1,3,0,3,0,1,2,2,N, ,39 57:15.609,75 12:50.083,2147, ,2144, ,0, , , ,3, , , , , , , , , ,1,1,0,0,0,0,0,0,1,0,0,1,1,0,0,0,0,0,0,0,0,0,0,1,0,0,0,0,0,0,0,0,0,0,0,4,0,39.9543,-75.2139, , 
50764,585320,2013062537,6,67,67301,2013,4,7,24,0,3,1,0,4,1, , ,N,1,2,0,3,0,2,2,2,N,N,39 56:37.683,75 13:22.061,35, ,30, ,0, ,N, ,3, , , , , , , , , ,2,2,0,0,0,0,0,0,0,0,0,2,2,0,0,0,0,0,0,0,0,0,0,1,0,0,0,0,0,0,0,0,0,0,0,4,0,39.9438,-75.2228, , 
50765,585323,2013066839,6,67,67301,2013,3,5,620,6,1,1,0,1,1, , ,N,0,0,0,3,0,1,2,2,N,N,39 55:05.997,75 12:31.586,0, ,0, ,0, ,N, ,0, , , , , , , , , ,2,2,0,0,0,0,0,0,0,0,0,0,1,1,1,0,0,0,0,0,0,0,0,0,0,0,0,0,0,0,0,0,0,0,0,8,0,39.9182,-75.2097, , 
50766,585355,2013086156,6,67,67301,2013,8,3,1835,18,1,1,0,8,1, , ,N,0,0,0,3,0,1,2,2,N,N,39 54:24.232,75 10:24.571,1842, ,1840, ,0, ,N, ,0, , , , , , , , , ,1,0,0,0,0,0,0,0,0,0,0,0,1,1,1,0,0,0,0,0,0,0,0,0,0,0,0,0,0,0,0,0,1,0,0,8,0,39.9067,-75.1735, , 
50767,585356,2013086217,6,67,67301,2013,7,7,2328,23,3,1,0,7,7, , ,N,0,0,0,3,0,1,1,1,N, ,40 03:12.376,75 11:47.704,2341, ,2338, ,0, , , ,0, , , , , , , , , ,1,1,0,0,0,0,0,0,0,0,0,0,1,1,0,0,0,0,0,0,0,0,0,0,0,0,0,0,0,0,0,0,0,0,0,8,0,40.0534,-75.1966, , 
50768,585357,2013086738,6,67,67301,2013,8,6,55,0,3,1,0,1,6, , ,N,0,0,0,3,0,0,1,3,N,N,40 00:10.331,75 09:09.068,59, ,57, ,0, , , ,0, , , , , , , , , ,3,2,0,0,0,0,1,0,0,0,0,0,0,0,0,0,0,0,0,0,0,0,0,1,0,0,0,0,0,0,0,0,0,0,0,0,0,40.0029,-75.1525, , 
50769,585377,2013053082,6,67,67301,2013,4,7,2159,21,3,1,0,7,5, , ,N,1,3,0,3,0,0,1,1,N, ,39 58:43.766,75 07:34.247,2205, ,2159, ,0, , , ,3, , , , , , , , , ,1,1,0,0,0,0,0,0,0,0,0,0,0,0,0,0,0,0,0,0,0,0,0,0,0,0,0,0,0,0,0,0,0,0,0,0,0,39.9788,-75.1262, , 
50770,585396,2013070907,6,67,67301,2013,6,7,2040,20,3,1,0,1,1, , ,N,1,0,0,3,0,1,2,2,N, ,39 57:31.392,75 09:44.125,2045, ,2042, ,0, , , ,0, , , , , , , , , ,2,1,0,0,1,0,0,0,0,0,0,1,1,0,0,0,0,0,0,0,0,0,0,0,0,0,0,0,0,0,0,0,0,0,0,4,0,39.9587,-75.1621, , 
50771,585397,2013070938,6,67,67301,2013,6,6,1115,11,1,6,1,4,1, , ,N,1,2,0,3,0,2,3,2,N,N,39 57:34.444,75 11:49.297,1130, ,1123, ,0, ,N, ,3, , , , , , , , , ,2,0,0,0,0,0,1,1,0,0,0,1,2,1,0,0,0,0,0,0,0,0,0,0,0,0,0,0,0,0,0,0,0,0,0,4,0,39.9596,-75.197, , 