objectid_1,objectid,crn,district,county,municipality,crash_year,crash_month,day_of_week,time_of_day,hour_of_day,illumination,weather,road_condition,collision_type,relation_to_road,work_zone_type,work_zone_loc,work_zone_ind,intersect_type,tcd_type,location_type,urban_rural,fatal_count,injury_count,person_count,total_units,sch_bus_ind,sch_zone_ind,latitude,longitude,arrival_tm,cons_zone_spd_lim,dispatch_tm,est_hrs_closed,lane_closed,ln_close_dir,ntfy_hiwy_maint,spec_juris_cd,tcd_func_cd,tfc_detour_ind,workers_pres,wz_close_detour,wz_flagger,wz_law_offcr_ind,wz_ln_closure,wz_moving,wz_other,wz_shlder_mdn,vehicle_count,automobile_count,motorcycle_count,bus_count,small_truck_count,heavy_truck_count,suv_count,van_count,bicycle_count,maj_inj_count,mod_inj_count,min_inj_count,tot_inj_count,unk_inj_deg_count,unk_inj_per_count,driver_count_16yr,driver_count_17yr,driver_count_18yr,driver_count_19yr,driver_count_20yr,driver_count_50_64yr,driver_count_65_74yr,driver_count_75plus,unbelted_occ_count,unb_death_count,unb_maj_inj_count,belted_death_count,belted_maj_inj_count,mcycle_death_count,mcycle_maj_inj_count,bicycle_death_count,bicycle_maj_inj_count,ped_count,ped_death_count,ped_maj_inj_count,max_severity_level,comm_veh_count,dec_lat,dec_long,rdwy_surf_type_cd,county_name
50772,585404,2013077448,6,67,67301,2013,7,2,1810,18,1,7,0,5,1, , ,N,1,2,0,3,0,2,3,2,N,N,40 01:16.956,75 08:54.571,1830, ,1816, ,0, ,N, ,3, , , , , , , , , ,2,1,0,0,0,0,1,0,0,0,0,2,2,0,0,0,0,0,0,0,1,0,0,0,0,0,0,0,0,0,0,0,0,0,0,4,0,40.0214,-75.1485, , 
50773,585406,2013079976,6,67,67301,2013,7,7,2042,20,1,1,0,4,1, , ,N,2,3,0,3,0,1,4,2,N, ,39 57:31.471,75 13:23.318,2114, ,2052, ,0, , , ,3, , , , , , , , , ,2,2,0,0,0,0,0,0,0,0,1,0,1,0,2,0,0,0,0,0,1,0,0,0,0,0,0,0,0,0,0,0,0,0,0,3,0,39.9587,-75.2231, , 
50774,585418,2013094796,6,67,67301,2013,8,6,1945,19,1,1,0,4,1, , ,N,0,0,0,3,0,4,5,2,N,N,40 01:21.560,75 09:17.550,0, ,0, ,0, ,Y, ,0, , , , , , , , , ,2,0,0,0,0,0,2,0,0,0,4,0,4,0,1,0,0,0,0,0,1,0,0,0,0,0,0,0,0,0,0,0,0,0,0,3,0,40.0227,-75.1549, , 
50775,585420,2013098434,6,67,67301,2013,8,4,45,0,3,1,0,1,6, , ,N,0,0,0,3,0,0,1,2,N, ,39 59:52.238,75 07:56.773,50, ,45, ,0, , , ,0, , , , , , , , , ,2,2,0,0,0,0,0,0,0,0,0,0,0,0,0,0,0,0,0,0,0,0,0,1,0,0,0,0,0,0,0,0,0,0,0,0,0,39.9978,-75.1324, , 
50776,590836,2013086890,6,67,67301,2013,8,6,2215,22,3,1,0,8,1, , ,N,0,0,0,3,0,1,2,2,N,N,40 00:33.270,75 09:22.230,25, ,15, ,0, ,N, ,0, , , , , , , , , ,1,1,0,0,0,0,0,0,0,0,0,1,1,0,0,0,0,0,0,0,0,0,0,0,0,0,0,0,0,0,0,0,1,0,0,4,0,40.0092,-75.1562, , 
50777,590843,2013096074,6,67,67301,2013,8,5,1436,14,1,1,0,7,4, , ,N,0,0,0,3,0,1,1,1,N, ,40 00:29.798,75 04:15.947,1436, ,436, ,0, , , ,0, , , , , , , , , ,1,1,0,0,0,0,0,0,0,0,1,0,1,0,0,0,0,0,0,0,0,0,0,0,0,0,0,0,0,0,0,0,0,0,0,3,0,40.0083,-75.0711, , 
50778,590884,2013101002,6,67,67301,2013,9,1,1159,11,1,1,0,1,1, , ,N,0,2,0,3,0,1,3,2,N, ,39 56:36.184,75 11:47.243,1227, ,1201, ,0, , , ,3, , , , , , , , , ,2,1,0,0,0,0,1,0,0,0,0,1,1,0,0,0,0,0,0,0,2,0,0,0,0,0,0,0,0,0,0,0,0,0,0,4,0,39.9439,-75.1965, , 
50779,590905,2013122910,6,67,67301,2013,11,2,750,7,1,1,0,1,1, , ,N,1,2,0,3,0,1,2,2,N,N,39 57:31.213,75 10:19.608,755, ,750,1,1,3,N, ,3,N, , , , , , , , ,2,2,0,0,0,0,0,0,0,0,0,0,1,1,0,0,0,0,0,0,0,0,0,0,0,0,0,0,0,0,0,0,0,0,0,8,0,39.9587,-75.1721, , 
50780,590914,2013101014,6,67,67301,2013,9,2,834,8,1,1,0,8,1, , ,N,1,2,0,3,0,1,3,2,N, ,39 57:37.620,75 14:28.063,834, ,834, ,0, , , ,3, , , , , , , , , ,1,1,0,0,0,0,0,0,0,0,0,0,1,1,0,0,0,0,0,0,0,0,0,0,0,0,0,0,0,0,0,0,1,0,0,8,0,39.9605,-75.2411, , 
50781,590931,2013093167,6,67,67301,2013,7,5,128,1,3,1,0,1,1, , ,N,0,0,0,3,0,1,2,2,N,N,40 05:50.442,74 58:38.359,133, ,128, ,0, ,N, ,0, , , , , , , , , ,2,2,0,0,0,0,0,0,0,0,0,0,1,1,1,0,0,0,0,0,0,0,0,0,0,0,0,0,0,0,0,0,0,0,0,8,0,40.0973,-74.9773, , 
50782,590962,2013077457,6,67,67301,2013,7,6,400,4,3,1,0,7,2, , ,N,0,0,0,3,0,0,2,1,N, ,40 04:42.060,75 03:14.170,450, ,440, ,0, , , ,0, , , , , , , , , ,1,1,0,0,0,0,0,0,0,0,0,0,0,0,0,0,0,1,0,0,0,0,0,0,0,0,0,0,0,0,0,0,0,0,0,0,0,40.0784,-75.0539, , 
50783,590964,2013080169,6,67,67301,2013,8,5,219,2,3,2,0,5,1, , ,N,0,0,0,3,0,0,3,2,N,N,40 00:45.017,75 03:33.587,230, ,220, ,0, ,N, ,0, , , , , , , , , ,2,2,0,0,0,0,0,0,0,0,0,0,0,0,1,0,0,0,0,0,0,0,0,0,0,0,0,0,0,0,0,0,0,0,0,9,0,40.0125,-75.0593, , 
50784,590974,2013084145,6,67,67301,2013,8,5,1445,14,1,1,0,1,1, , ,N,0,0,0,3,0,0,3,2,N,N,39 59:29.324,75 12:10.731,1513, ,1500, ,0, ,N, ,0, , , , , , , , , ,2,2,0,0,0,0,0,0,0,0,0,0,0,0,0,0,0,0,0,0,0,0,0,0,0,0,0,0,0,0,0,0,0,0,0,0,0,39.9915,-75.203, , 
50785,590995,2013104030,6,67,67301,2013,9,5,845,8,1,1,0,2,1, , ,N,1,2,0,3,0,2,2,3,N,Y,40 02:34.484,75 06:15.533,900, ,850, ,0, ,N, ,3, , , , , , , , , ,3,1,0,0,0,0,1,1,0,0,0,2,2,0,0,0,0,0,0,0,1,0,0,0,0,0,0,0,0,0,0,0,0,0,0,4,0,40.0429,-75.1043, , 
50786,591004,2013055847,6,67,67301,2013,5,1,1412,14,1,1,0,4,1, , ,N,2,3,0,3,0,1,2,2,N,N,40 01:21.320,75 07:57.547,1436, ,1436, ,0, ,N, ,3, , , , , , , , , ,2,2,0,0,0,0,0,0,0,0,1,0,1,0,0,0,0,0,0,0,1,0,0,0,0,0,0,0,0,0,0,0,0,0,0,3,0,40.0226,-75.1327, , 
50787,591024,2013093192,6,67,67301,2013,8,7,2323,23,3,1,0,4,1, , ,N,1,2,0,3,0,2,3,2,N, ,39 56:23.917,75 12:49.859,2330, ,2329, ,0, , , ,3, , , , , , , , , ,2,1,0,0,0,0,0,1,0,0,0,2,2,0,0,0,0,0,0,0,1,0,0,2,0,0,0,0,0,0,0,0,0,0,0,4,0,39.94,-75.2138, , 
50788,591037,2013110713,6,67,67301,2013,10,1,9999,99,3,1,0,1,1, , ,N,1,2,0,3,0,1,4,2,N,N,39 57:22.453,75 11:38.974,2248, ,2247, ,0, ,N, ,3, , , , , , , , , ,2,1,0,1,0,0,0,0,0,0,0,0,1,1,0,0,0,0,0,0,1,0,0,1,0,0,0,0,0,0,0,0,0,0,0,8,1,39.9562,-75.1941, , 
50789,591051,2013126529,6,67,67301,2013,10,6,242,2,3,1,0,7,5, , ,N,2,0,0,3,0,2,2,1,N,N,40 00:34.737,75 10:49.079,249, ,244, ,0, ,N, ,0, , , , , , , , , ,1,0,0,0,0,0,1,0,0,0,2,0,2,0,0,0,0,0,0,0,0,0,0,0,0,0,0,0,0,0,0,0,0,0,0,3,0,40.0096,-75.1803, , 
50790,591056,2013065453,6,67,67301,2013,6,7,830,8,1,1,0,7,2, , ,N,2,2,0,3,0,1,1,1,N,N,40 01:45.922,75 11:20.353,837, ,835,1,1,2,Y, ,3,N, , , , , , , , ,1,1,0,0,0,0,0,0,0,0,0,1,1,0,0,0,0,0,0,0,0,0,0,0,0,0,0,0,0,0,0,0,0,0,0,4,0,40.0294,-75.189, , 
50791,591074,2013076384,6,67,67301,2013,7,6,1241,12,1,1,0,1,1, , ,N,0,0,0,3,0,1,6,2,N,N,39 59:15.987,75 05:22.566,1250, ,1248, ,0, ,N, ,0, , , , , , , , , ,2,1,0,0,0,0,1,0,0,0,0,0,1,1,0,0,0,0,0,0,0,0,0,0,0,0,0,0,0,0,0,0,0,0,0,8,0,39.9878,-75.0896, , 
50792,591090,2013099772,6,67,67301,2013,10,6,1835,18,3,1,0,1,1, , ,N,0,0,0,3,0,1,5,4,N,N,39 57:29.569,75 09:55.416,1840, ,1835, ,0, ,N, ,0, , , , , , , , , ,4,2,0,0,0,0,2,0,0,0,0,0,1,1,0,0,0,0,0,0,0,0,0,0,0,0,0,0,0,0,0,0,0,0,0,8,0,39.9582,-75.1654, , 
50793,591093,2013101190,6,67,67301,2013,9,3,1430,14,1,1,0,4,3, , ,N,1,3,0,3,0,2,2,2,N,N,40 04:28.167,75 10:21.014,1505, ,1455, ,0, ,N, ,3, , , , , , , , , ,2,1,0,0,0,0,0,1,0,0,0,2,2,0,0,0,0,0,0,0,0,0,0,0,0,0,0,0,0,0,0,0,0,0,0,4,0,40.0745,-75.1725, , 
50794,588247,2013093676,6,67,67301,2013,9,7,2121,21,3,1,0,7,4, , ,N,0,0,0,3,0,0,1,1,N,N,39 57:40.904,75 10:55.195,2128, ,2121,1,1,4,N, ,0,N, , , , , , , , ,1,1,0,0,0,0,0,0,0,0,0,0,0,0,0,0,0,0,0,0,0,0,0,0,0,0,0,0,0,0,0,0,0,0,0,0,0,39.9614,-75.182, , 
50795,588251,2013096819,6,67,67301,2013,9,7,2045,20,3,1,0,2,1, , ,N,1,2,0,3,0,1,2,2,N,N,39 59:06.525,75 09:35.319,2055, ,2050,1,1,3,N, ,3,Y, , , , , , , , ,2,0,0,0,0,0,0,1,0,0,0,0,1,1,0,0,0,0,0,1,0,0,0,0,0,0,0,0,0,0,0,0,0,0,0,8,0,39.9851,-75.1598, , 
50796,588269,2013062511,6,67,67301,2013,5,4,1820,18,1,1,0,4,1, , ,N,3,2,0,3,0,0,2,2,N, ,39 59:15.720,75 12:58.139,1825, ,1822,1,1,2, , ,3,N, , , , , , , , ,2,1,0,0,0,0,1,0,0,0,0,0,0,0,0,0,0,0,0,0,1,0,0,0,0,0,0,0,0,0,0,0,0,0,0,0,0,39.9877,-75.2161, , 
50797,588270,2013065397,6,67,67301,2013,5,6,1610,16,1,1,0,8,1, , ,N,1,2,0,3,0,1,3,2,N, ,39 57:15.869,75 09:47.496,1622, ,1613, ,0, , , ,3, , , , , , , , , ,1,1,0,0,0,0,0,0,0,0,0,0,1,1,0,0,0,0,0,0,0,0,0,0,0,0,0,0,0,0,0,0,1,0,0,8,0,39.9544,-75.1631, , 
50798,588278,2013070460,6,67,67301,2013,6,7,1151,11,1,1,0,1,6, , ,N,0,0,0,3,0,0,2,3,N,N,40 01:13.264,75 03:14.569,1156, ,1154, ,0, ,N, ,0, , , , , , , , , ,3,1,0,0,0,0,2,0,0,0,0,0,0,0,0,0,0,0,0,0,0,0,1,0,0,0,0,0,0,0,0,0,0,0,0,0,0,40.0204,-75.054, , 
50799,588282,2013074737,6,67,67301,2013,6,2,645,6,1,1,0,4,1, , ,N,1,3,0,3,0,0,2,2,N,N,40 03:23.540,75 10:44.216,720, ,716, ,0, , , ,3, , , , , , , , , ,2,2,0,0,0,0,0,0,0,0,0,0,0,0,0,0,0,0,0,0,0,0,0,0,0,0,0,0,0,0,0,0,0,0,0,0,0,40.0565,-75.1789, , 
50800,588288,2013081731,6,67,67301,2013,8,2,1448,14,1,1,0,1,1, , ,N,0,0,0,3,0,1,2,2,N,N,39 57:31.573,75 10:08.200,1547, ,1533, ,0, ,N, ,0, , , , , , , , , ,2,2,0,0,0,0,0,0,0,0,0,1,1,0,0,0,0,0,0,0,0,0,0,0,0,0,0,0,0,0,0,0,0,0,0,4,0,39.9588,-75.1689, , 
50801,588303,2013101794,6,67,67301,2013,9,3,1727,17,1,1,0,8,1, , ,N,1,2,0,3,0,1,2,2,N,N,39 59:07.310,75 09:40.971,1740, ,1727, ,0, , , ,3, , , , , , , , , ,1,0,1,0,0,0,0,0,0,1,0,0,1,0,0,0,0,0,0,0,0,0,0,0,0,0,0,0,0,0,0,0,1,0,1,2,0,39.9854,-75.1614, , 
50802,588317,2013093161,6,67,67301,2013,8,1,1930,19,3,1,0,4,1, , ,N,2,2,0,3,0,0,2,2,N,N,40 00:21.969,75 11:16.284,2003, ,2001, ,0, ,N, ,3, , , , , , , , , ,2,2,0,0,0,0,0,0,0,0,0,0,0,0,0,0,0,0,0,0,0,0,0,0,0,0,0,0,0,0,0,0,0,0,0,0,0,40.0061,-75.1879, , 
50803,588318,2013095021,6,67,67301,2013,9,3,230,2,3,1,0,7,5, , ,N,1,2,0,3,0,1,1,1,N,N,39 59:05.784,75 09:29.717,232, ,230, ,0, ,N, ,3, , , , , , , , , ,1,1,0,0,0,0,0,0,0,0,0,0,1,1,0,0,0,0,0,0,0,0,0,0,0,0,0,0,0,0,0,0,0,0,0,8,0,39.9849,-75.1583, , 
50804,588324,2013101050,6,67,67301,2013,9,6,855,8,3,1,0,6,1, , ,N,1,2,0,3,0,2,3,2,N, ,39 59:45.293,75 05:31.432,900, ,855, ,0, , , ,3, , , , , , , , , ,2,1,0,0,0,0,0,1,0,0,0,2,2,0,0,0,0,0,0,0,0,0,0,0,0,0,0,0,0,0,0,0,0,0,0,4,0,39.9959,-75.0921, , 
50805,588325,2013101242,6,67,67301,2013,9,1,1145,11,1,1,0,4,1, , ,N,1,3,0,3,0,0,3,2,N,N,39 59:56.680,75 10:10.631,1458, ,1458, ,0, , , ,3, , , , , , , , , ,2,2,0,0,0,0,0,0,0,0,0,0,0,0,1,0,0,0,0,0,1,0,0,0,0,0,0,0,0,0,0,0,0,0,0,9,0,39.9991,-75.1696, , 
50806,588326,2013101733,6,67,67301,2013,8,7,2000,20,3,1,0,8,1, , ,N,0,0,0,3,0,1,2,2,N,N,40 00:34.815,75 08:51.680,2043, ,2041, ,0, ,N, ,0, , , , , , , , , ,1,1,0,0,0,0,0,0,0,0,0,0,1,1,0,0,0,0,0,0,1,0,0,0,0,0,0,0,0,0,0,0,1,0,0,8,0,40.0097,-75.1477, , 
50807,588332,2013106701,6,67,67301,2013,9,5,1045,10,1,1,0,8,1, , ,N,1,2,0,3,0,1,2,2,N,N,39 56:59.816,75 10:08.819,1450, ,1436, ,0, ,N, ,3, , , , , , , , , ,1,1,0,0,0,0,0,0,0,0,0,0,1,1,0,0,0,0,0,0,0,0,0,0,0,0,0,0,0,0,0,0,1,0,0,8,0,39.9499,-75.1691, , 
50808,588363,2013062665,6,67,67301,2013,5,1,854,8,1,1,0,6,7, , ,N,2,2,2,3,0,2,6,3,N,N,40 00:01.228,75 05:01.679,856, ,854,1,1,1,N, ,3,N, , , , , , , , ,3,3,0,0,0,0,0,0,0,0,1,1,2,0,0,0,0,0,0,0,1,0,0,2,0,0,0,0,0,0,0,0,0,0,0,3,0,40.0003,-75.0837, , 
50809,588374,2013075137,6,67,67301,2013,6,4,1920,19,1,1,0,4,1, , ,N,1,0,0,3,0,1,2,2,N,N,40 00:56.408,75 08:24.331,1938, ,1933, ,0, ,N, ,0, , , , , , , , , ,1,1,0,0,0,0,0,0,1,0,0,1,1,0,0,0,0,0,0,0,0,0,0,0,0,0,0,0,0,0,0,0,0,0,0,4,0,40.0157,-75.1401, , 
50810,588388,2013086766,6,67,67301,2013,8,3,130,1,3,1,0,7,7, , ,N,7,0,2,3,0,0,1,1,N, ,39 57:46.416,75 10:42.726,144, ,143,5,2,3, , ,0,Y, , , , , , , , ,1,1,0,0,0,0,0,0,0,0,0,0,0,0,0,0,0,0,0,0,0,0,0,0,0,0,0,0,0,0,0,0,0,0,0,0,0,39.9629,-75.1784, , 
50811,588401,2013063312,6,67,67301,2013,6,5,1232,12,1,1,0,1,1, , ,N,0,0,0,3,0,1,3,2,N,N,39 58:14.711,75 11:35.302,1236, ,1232,1,2,3,N, ,0,N, , , , , , , , ,2,2,0,0,0,0,0,0,0,0,0,1,1,0,0,0,0,0,0,0,0,0,0,0,0,0,0,0,0,0,0,0,0,0,0,4,0,39.9708,-75.1931, , 
50812,588413,2013065351,6,67,67301,2013,5,5,1810,18,1,2,1,7,5, , ,N,0,0,0,3,0,0,1,1,N, ,40 02:43.745,75 14:54.165,1915, ,1915, ,0, , , ,0, , , , , , , , , ,1,1,0,0,0,0,0,0,0,0,0,0,0,0,0,0,0,0,0,0,0,0,0,0,0,0,0,0,0,0,0,0,0,0,0,0,0,40.0455,-75.2484, , 
50813,582685,2013084034,6,67,67301,2013,6,5,1208,12,1,1,0,4,1, , ,N,0,0,7,3,0,1,4,3,N,N,40 00:07.547,75 09:24.506,1211, ,1209,9,2,6,N, ,0,Y, , , , , , , , ,3,3,0,0,0,0,0,0,0,0,0,1,1,0,0,0,0,0,0,0,0,0,0,0,0,0,0,0,0,0,0,0,0,0,0,4,0,40.0021,-75.1568, , 
50814,582686,2013084413,6,67,67301,2013,7,2,2150,21,3,1,0,4,1, , ,N,1,2,0,3,0,0,2,2,N,N,39 57:14.245,75 10:35.797,2157, ,2152, ,0, ,N, ,3, , , , , , , , , ,2,2,0,0,0,0,0,0,0,0,0,0,0,0,0,0,0,0,0,0,1,0,0,0,0,0,0,0,0,0,0,0,0,0,0,0,0,39.954,-75.1767, , 
50815,582694,2013094766,6,67,67301,2013,6,3,1802,18,1,9,0,1,1, , ,N,1,3,0,3,0,1,1,2,N,N,39 59:22.038,75 06:38.739,0, ,0, ,0, ,Y, ,3, , , , , , , , , ,2,1,0,0,0,0,0,0,0,0,1,0,1,0,0,0,0,0,0,0,0,0,0,0,0,0,0,0,0,0,0,0,0,0,0,3,0,39.9895,-75.1108, , 
50816,582698,2013098516,6,67,67301,2013,9,1,204,2,3,2,1,7,2, , ,N,0,0,0,3,0,1,1,1,N,N,39 58:51.956,75 12:23.332,228, ,222, ,0, ,N, ,0, , , , , , , , , ,1,1,0,0,0,0,0,0,0,0,0,1,1,0,0,0,0,0,0,0,0,0,0,0,0,0,0,0,0,0,0,0,0,0,0,4,0,39.9811,-75.2065, , 
50817,582710,2013112348,6,67,67301,2013,10,6,1835,18,3,2,1,4,1, , ,N,5,2,0,3,0,1,3,2,N, ,40 00:17.776,75 10:43.375,1840, ,1835,9,1,5, , ,3,N, , , , , , , , ,2,1,0,0,1,0,0,0,0,0,0,1,1,0,0,0,0,0,0,0,0,0,0,0,0,0,0,0,0,0,0,0,0,0,0,4,0,40.005,-75.1786, , 
50818,582719,2013065368,6,67,67301,2013,5,1,1645,16,1,2,1,7,4, , ,N,0,0,0,3,0,0,1,1,N,N,40 03:27.565,75 12:00.115,1655, ,1650, ,0, ,N, ,0, , , , , , , , , ,1,1,0,0,0,0,0,0,0,0,0,0,0,0,0,0,0,0,0,0,1,0,0,0,0,0,0,0,0,0,0,0,0,0,0,0,0,40.0577,-75.2, , 
50819,582748,2013091195,6,67,67301,2013,7,1,541,5,5,1,0,7,5, , ,N,0,0,0,3,0,1,1,1,N,N,39 57:49.456,75 11:02.877,617, ,607,2,1,4,N, ,0,N, , , , , , , , ,1,1,0,0,0,0,0,0,0,0,1,0,1,0,0,0,0,0,0,0,0,0,0,0,0,0,0,0,0,0,0,0,0,0,0,3,0,39.9637,-75.1841, , 
50820,582751,2013093119,6,67,67301,2013,8,7,1405,14,1,1,0,4,1, , ,N,2,0,7,3,0,0,3,2,N,N,40 06:37.877,75 01:28.898,1415, ,1412, ,0, ,N, ,0, , , , , , , , , ,2,1,0,0,1,0,0,0,0,0,0,0,0,0,0,0,0,0,0,0,0,0,1,0,0,0,0,0,0,0,0,0,0,0,0,0,0,40.1105,-75.0247, , 
50821,582755,2013096002,6,67,67301,2013,8,2,1008,10,1,1,0,4,1, , ,N,2,0,0,3,0,1,2,2,N, ,40 02:33.077,75 04:27.822,1055, ,1050, ,0, , , ,0, , , , , , , , , ,1,1,0,0,0,0,0,0,1,0,0,1,1,0,0,0,0,0,0,0,0,0,0,0,0,0,0,0,0,0,0,0,0,0,0,4,0,40.0425,-75.0744, , 
50822,582757,2013101134,6,67,67301,2013,9,5,945,9,1,1,0,5,1, , ,N,3,0,0,3,0,0,3,3,N,N,39 58:15.736,75 10:03.853,1023, ,1014,2,2,2,N, ,0,Y, , , , , , , , ,3,1,0,1,1,0,0,0,0,0,0,0,0,0,0,0,0,0,0,0,2,0,0,0,0,0,0,0,0,0,0,0,0,0,0,0,1,39.971,-75.1677, , 
50823,582766,2013055307,6,67,67301,2013,5,4,1426,14,1,1,0,4,1, , ,N,1,2,0,3,0,1,3,2,N,N,39 57:32.806,75 09:29.825,1451, ,1448,2,1,4,N, ,3,N, , , , , , , , ,2,2,0,0,0,0,0,0,0,0,0,1,1,0,0,0,0,0,0,0,0,0,0,0,0,0,0,0,0,0,0,0,0,0,0,4,0,39.9591,-75.1583, , 
50824,582772,2013062613,6,67,67301,2013,5,7,2210,22,3,2,1,4,1, , ,N,0,0,7,3,0,1,3,2,N, ,40 03:25.255,75 00:49.788,2319, ,2309, ,0, , , ,0, , , , , , , , , ,2,2,0,0,0,0,0,0,0,0,0,1,1,0,0,0,0,0,0,0,0,0,0,0,0,0,0,0,0,0,0,0,0,0,0,4,0,40.057,-75.0138, , 
50825,582802,2013083964,6,67,67301,2013,7,3,1920,19,1,1,0,8,1, , ,N,0,0,0,3,0,1,2,2,N, ,39 57:14.112,75 13:45.393,9999, ,1920, ,0, , , ,0, , , , , , , , , ,1,1,0,0,0,0,0,0,0,0,0,0,1,1,0,0,0,0,0,0,0,0,0,0,0,0,0,0,0,0,0,0,1,0,0,8,0,39.9539,-75.2293, , 
50826,582803,2013086868,6,67,67301,2013,7,4,1551,15,1,1,0,4,1, , ,N,3,3,0,3,0,1,4,2,N,N,40 03:22.262,75 01:41.903,1555, ,1553, ,0, ,N, ,3, , , , , , , , , ,2,2,0,0,0,0,0,0,0,0,0,0,1,1,0,0,1,0,0,0,0,0,0,0,0,0,0,0,0,0,0,0,0,0,0,8,0,40.0562,-75.0283, , 
50827,582814,2013055528,6,67,67301,2013,5,5,2119,21,3,1,0,2,1, , ,N,1,2,0,3,0,1,3,2,N, ,39 57:00.784,75 14:13.909,2153, ,2152,3,1,3,N, ,3,N, , , , , , , , ,2,1,0,0,0,0,1,0,0,0,0,1,1,0,0,0,0,0,0,0,0,0,0,0,0,0,0,0,0,0,0,0,0,0,0,4,0,39.9502,-75.2372, , 
50828,582825,2013074665,6,67,67301,2013,5,3,1140,11,1,2,1,8,1, , ,N,1,2,0,3,0,1,3,2,N, ,40 00:26.697,75 08:12.693,1310, ,1304, ,0, , , ,3, , , , , , , , , ,1,0,0,0,0,0,1,0,0,0,1,0,1,0,0,0,0,0,0,0,0,0,0,2,0,0,0,0,0,0,0,0,1,0,0,3,0,40.0074,-75.1368, , 
50829,582855,2013109552,6,67,67301,2013,10,1,1620,16,1,1,0,1,1, , ,N,0,0,0,3,0,2,6,3,N,N,39 57:32.340,75 10:14.386,1626, ,1620, ,0, ,N, ,0, , , , , , , , , ,3,2,0,0,0,0,1,0,0,0,0,2,2,0,2,0,0,0,0,0,0,0,0,0,0,0,0,0,0,0,0,0,0,0,0,4,0,39.959,-75.1707, , 
50830,582860,2013058714,6,67,67301,2013,6,1,1247,12,1,1,0,1,1, , ,N,0,0,0,3,0,0,3,3,N,N,39 58:37.252,75 11:56.491,1254, ,1249, ,0, ,N, ,0, , , , , , , , , ,3,2,0,0,1,0,0,0,0,0,0,0,0,0,0,0,0,0,0,0,0,0,0,0,0,0,0,0,0,0,0,0,0,0,0,0,0,39.977,-75.199, , 
50831,582866,2013079993,6,67,67301,2013,7,5,1024,10,1,1,1,1,1, , ,N,0,0,0,3,0,2,3,2,N,N,40 02:47.446,75 07:41.826,1024, ,1024, ,0, ,N, ,0, , , , , , , , , ,2,1,0,0,0,0,1,0,0,0,0,2,2,0,0,0,0,0,0,0,1,0,0,2,0,0,0,0,0,0,0,0,0,0,0,4,0,40.0465,-75.1283, , 
50832,585428,2013070178,6,67,67301,2013,6,3,1950,19,4,2,1,7,4, , ,N,1,2,0,3,0,1,1,1,N, ,39 57:41.043,75 08:53.373,2015, ,2005, ,0, , , ,3, , , , , , , , , ,1,0,0,0,0,0,1,0,0,0,0,1,1,0,0,0,0,0,0,0,0,0,0,0,0,0,0,0,0,0,0,0,0,0,0,4,0,39.9614,-75.1482, , 
50833,585429,2013070363,6,67,67301,2013,5,1,2320,23,3,6,1,4,1, , ,N,1,2,0,3,0,2,2,2,N, ,40 06:17.915,75 00:06.176,2330, ,2325,1,1,1, , ,3,Y, , , , , , , , ,2,1,0,0,1,0,0,0,0,0,0,2,2,0,0,0,0,0,0,0,1,0,0,0,0,0,0,0,0,0,0,0,0,0,0,4,0,40.1048,-75.0016, , 
50834,585433,2013077248,6,67,67301,2013,7,4,1728,17,1,1,0,1,1, , ,N,0,0,0,3,0,0,3,3,N,N,40 01:35.538,75 01:36.471,1735, ,1728,1,2,2,Y, ,0,N, , , , , , , , ,3,2,0,0,0,0,1,0,0,0,0,0,0,0,0,0,0,0,0,0,0,0,0,0,0,0,0,0,0,0,0,0,0,0,0,0,0,40.0265,-75.0268, , 
50835,585441,2013086817,6,67,67301,2013,8,1,1630,16,1,1,0,4,1, , ,N,1,2,0,3,0,1,2,2,N,N,39 59:48.427,75 06:12.178,1637, ,1633, ,0, ,N, ,3, , , , , , , , , ,1,1,0,0,0,0,0,0,1,0,0,0,1,1,0,0,0,0,0,0,0,0,0,0,0,0,0,0,0,0,0,0,0,0,0,8,0,39.9968,-75.1034, , 
50836,585442,2013086967,6,67,67301,2013,7,1,1658,16,1,2,1,8,1, , ,N,1,2,0,3,0,1,2,2,N, ,39 57:06.266,75 09:29.838,1703, ,1702, ,0, , , ,3, , , , , , , , , ,1,1,0,0,0,0,0,0,0,0,0,0,1,1,0,0,0,0,0,0,0,0,0,0,0,0,0,0,0,0,0,0,1,0,0,8,0,39.9517,-75.1582, , 
50837,585454,2013101166,6,67,67301,2013,9,6,2014,20,3,1,0,7,5, , ,N,2,1,0,3,0,1,1,1,N,N,40 03:16.012,74 59:39.101,2020, ,2015, ,0, ,N, ,3, , , , , , , , , ,1,1,0,0,0,0,0,0,0,0,0,0,1,1,0,0,0,0,0,0,1,0,0,0,0,0,0,0,0,0,0,0,0,0,0,8,0,40.0544,-74.9942, , 
50838,585455,2013101194,6,67,67301,2013,8,7,1130,11,1,1,0,4,1, , ,N,2,0,0,3,0,0,3,2,N,N,40 01:49.663,75 09:37.655,1205, ,1200, ,0, ,N, ,0, , , , , , , , , ,2,2,0,0,0,0,0,0,0,0,0,0,0,0,0,0,0,0,0,0,0,0,0,0,0,0,0,0,0,0,0,0,0,0,0,0,0,40.0305,-75.1605, , 