objectid_1,objectid,crn,district,county,municipality,crash_year,crash_month,day_of_week,time_of_day,hour_of_day,illumination,weather,road_condition,collision_type,relation_to_road,work_zone_type,work_zone_loc,work_zone_ind,intersect_type,tcd_type,location_type,urban_rural,fatal_count,injury_count,person_count,total_units,sch_bus_ind,sch_zone_ind,latitude,longitude,arrival_tm,cons_zone_spd_lim,dispatch_tm,est_hrs_closed,lane_closed,ln_close_dir,ntfy_hiwy_maint,spec_juris_cd,tcd_func_cd,tfc_detour_ind,workers_pres,wz_close_detour,wz_flagger,wz_law_offcr_ind,wz_ln_closure,wz_moving,wz_other,wz_shlder_mdn,vehicle_count,automobile_count,motorcycle_count,bus_count,small_truck_count,heavy_truck_count,suv_count,van_count,bicycle_count,maj_inj_count,mod_inj_count,min_inj_count,tot_inj_count,unk_inj_deg_count,unk_inj_per_count,driver_count_16yr,driver_count_17yr,driver_count_18yr,driver_count_19yr,driver_count_20yr,driver_count_50_64yr,driver_count_65_74yr,driver_count_75plus,unbelted_occ_count,unb_death_count,unb_maj_inj_count,belted_death_count,belted_maj_inj_count,mcycle_death_count,mcycle_maj_inj_count,bicycle_death_count,bicycle_maj_inj_count,ped_count,ped_death_count,ped_maj_inj_count,max_severity_level,comm_veh_count,dec_lat,dec_long,rdwy_surf_type_cd,county_name
51042,583341,2013065433,6,67,67301,2013,5,4,1700,17,1,1,0,4,1, , ,N,2,2,0,3,0,0,2,2,N,N,40 02:24.561,75 12:50.924,1705, ,1700, ,0, ,N, ,3, , , , , , , , , ,2,1,0,0,1,0,0,0,0,0,0,0,0,0,0,0,0,0,0,0,0,0,1,0,0,0,0,0,0,0,0,0,0,0,0,0,0,40.0403,-75.2142, , 
51043,583349,2013065448,6,67,67301,2013,5,6,1850,18,1,1,0,4,1, , ,N,1,2,0,3,0,3,5,3,N, ,40 00:51.570,75 10:41.163,1900, ,1855, ,0, , , ,3, , , , , , , , , ,3,3,0,0,0,0,0,0,0,0,1,2,3,0,2,0,0,0,0,1,0,1,0,0,0,0,0,0,0,0,0,0,0,0,0,3,0,40.0143,-75.1781, , 
51044,583355,2013070133,6,67,67301,2013,6,5,2201,22,3,1,0,5,1, , ,N,0,0,0,3,0,2,4,2,N,N,40 06:19.048,75 01:57.278,5, ,2, ,0, ,N, ,0, , , , , , , , , ,2,2,0,0,0,0,0,0,0,0,0,2,2,0,0,0,0,0,0,0,1,0,0,0,0,0,0,0,0,0,0,0,0,0,0,4,0,40.1053,-75.0326, , 
51045,583359,2013074695,6,67,67301,2013,6,3,926,9,1,1,0,8,1, , ,N,0,0,0,3,0,1,2,2,N,N,39 59:48.700,75 09:08.920,939, ,939, ,0, ,N, ,0, , , , , , , , , ,1,1,0,0,0,0,0,0,0,0,0,0,1,1,0,0,0,0,0,0,0,0,1,0,0,0,0,0,0,0,0,0,1,0,0,8,0,39.9969,-75.1525, , 
51046,583360,2013074897,6,67,67301,2013,7,7,1530,15,1,1,0,1,1,1,4,Y,0,8,0,3,0,1,10,4,N,N,40 01:35.333,75 01:36.846,1608,45,1540,1,1,2,N, ,3,Y,U,N,N,N,Y,N,N,Y,4,3,0,0,0,0,1,0,0,0,0,0,1,1,0,0,0,0,0,0,0,0,0,0,0,0,0,0,0,0,0,0,0,0,0,8,0,40.0265,-75.0269, , 
51047,583361,2013077378,6,67,67301,2013,7,6,1704,17,1,1,0,1,1, , ,N,1,2,0,3,0,1,3,2,N, ,40 05:05.539,75 01:30.621,9999, ,1723,1,2,2, , ,3,N, , , , , , , , ,2,1,0,0,0,0,1,0,0,0,0,1,1,0,0,0,0,0,0,0,0,0,0,1,0,0,0,0,0,0,0,0,0,0,0,4,0,40.0849,-75.0252, , 
51048,583364,2013082629,6,67,67301,2013,8,3,830,8,1,2,1,1,1,1,4,Y,0,0,0,3,0,1,2,2,N,N,40 01:01.763,75 03:00.555,939,45,920, ,0, ,N, ,0, ,N,N,N,N,N,N,Y,N,2,2,0,0,0,0,0,0,0,0,0,1,1,0,0,0,0,0,0,0,1,0,0,0,0,0,0,0,0,0,0,0,0,0,0,4,0,40.0172,-75.0502, , 
51049,585870,2013074724,6,67,67301,2013,7,2,1451,14,1,2,1,7,3, , ,N,0,0,0,3,0,2,2,1,N,N,40 00:58.030,75 12:17.110,1451, ,1451,1,2,1,N, ,0,N, , , , , , , , ,1,1,0,0,0,0,0,0,0,0,0,0,2,2,0,0,0,0,0,0,0,0,0,0,0,0,0,0,0,0,0,0,0,0,0,8,0,40.0161,-75.2048, , 
51050,585880,2013084138,6,67,67301,2013,8,7,1730,17,1,1,0,7,2, , ,N,0,0,0,3,0,0,3,2,N,N,39 57:30.119,75 10:48.952,1736, ,1731, ,0, ,Y, ,0, , , , , , , , , ,2,2,0,0,0,0,0,0,0,0,0,0,0,0,0,0,0,0,0,0,0,0,0,0,0,0,0,0,0,0,0,0,0,0,0,0,0,39.9584,-75.1803, , 
51051,585889,2013096082,6,67,67301,2013,8,5,1613,16,1,2,1,1,1, , ,N,1,2,0,3,0,3,3,2,N,N,39 53:40.546,75 14:48.116,1643, ,1631,9,1,1,N, ,3,N, , , , , , , , ,2,1,0,0,0,0,1,0,0,0,0,0,3,3,0,0,0,0,0,0,0,0,0,0,0,0,0,0,0,0,0,0,0,0,0,8,0,39.8944,-75.2466, , 
51052,585915,2013101051,6,67,67301,2013,7,5,1729,17,1,1,0,4,1, , ,N,0,2,0,3,0,1,2,2,N,N,40 01:45.754,75 06:22.752,1735, ,1732,3,1,2,N, ,3,N, , , , , , , , ,1,0,0,0,0,0,1,0,1,0,0,0,1,1,0,0,0,0,0,0,0,0,0,0,0,0,0,0,0,0,0,0,0,0,0,8,0,40.0292,-75.1066, , 
51053,585922,2013106748,6,67,67301,2013,10,5,1638,16,1,1,0,4,1, , ,N,1,3,0,3,0,1,2,2,N, ,40 02:38.360,75 01:53.896,1650, ,1638, ,0, , , ,3, , , , , , , , , ,1,1,0,0,0,0,0,0,1,0,0,1,1,0,0,0,0,0,0,1,0,0,0,0,0,0,0,0,0,0,0,0,0,0,0,4,0,40.044,-75.0316, , 
51054,585927,2013110725,6,67,67301,2013,9,7,9999,99,3,1,0,1,1, , ,N,1,2,0,3,0,2,3,2,N,N,39 56:37.703,75 14:45.142,2336, ,2030, ,0, , , ,3, , , , , , , , , ,2,1,0,0,1,0,0,0,0,0,0,2,2,0,1,0,0,0,0,0,0,0,0,0,0,0,0,0,0,0,0,0,0,0,0,4,0,39.9438,-75.2459, , 
51055,585933,2013121552,6,67,67301,2013,10,6,952,9,1,1,0,1,6, , ,N,0,0,0,3,0,1,1,4,N,N,39 58:07.164,75 13:41.909,9999, ,9999, ,0, ,N, ,0, , , , , , , , , ,4,4,0,0,0,0,0,0,0,0,1,0,1,0,0,0,0,0,0,0,0,0,0,1,0,0,0,0,0,0,0,0,0,0,0,3,0,39.9687,-75.2283, , 
51056,585941,2013057450,6,67,67301,2013,5,4,124,1,3,1,0,7,4, , ,N,0,0,0,3,0,1,1,1,N,N,39 57:36.436,75 10:47.511,135, ,127,1,2,3,N, ,0,N, , , , , , , , ,1,1,0,0,0,0,0,0,0,0,0,1,1,0,0,0,0,0,0,0,0,0,0,1,0,0,0,0,0,0,0,0,0,0,0,4,0,39.9601,-75.1799, , 
51057,585965,2013080046,6,67,67301,2013,7,5,1840,18,1,1,0,5,1, , ,N,0,0,0,3,0,1,2,3,N,N,40 01:51.120,75 09:40.000,1850, ,1842, ,0, ,N, ,0, , , , , , , , , ,3,3,0,0,0,0,0,0,0,0,0,1,1,0,0,0,0,0,0,0,0,0,1,0,0,0,0,0,0,0,0,0,0,0,0,4,0,40.0309,-75.1611, , 
51058,585984,2013100985,6,67,67301,2013,8,1,1030,10,1,1,0,5,1, , ,N,1,0,0,3,0,1,2,2,N,N,39 58:08.526,75 08:14.037,9999, ,1030, ,0, ,N, ,0, , , , , , , , , ,2,1,1,0,0,0,0,0,0,0,0,0,1,1,0,0,0,0,0,0,0,0,0,0,0,0,0,0,0,0,0,0,0,0,0,8,0,39.969,-75.1372, , 
51059,586019,2013093077,6,67,67301,2013,8,7,2137,21,3,1,0,5,2, , ,N,0,0,0,3,0,1,1,3,N, ,39 59:55.928,75 08:49.916,2240, ,2237, ,0, , , ,0, , , , , , , , , ,3,1,0,0,0,0,1,1,0,0,0,1,1,0,0,0,0,0,0,0,0,0,0,0,0,0,0,0,0,0,0,0,0,0,0,4,0,39.9989,-75.1472, , 
51060,586024,2013101024,6,67,67301,2013,9,1,850,8,1,1,0,1,1, , ,N,1,2,0,3,0,2,4,2,N, ,40 01:59.118,75 10:52.400,1703, ,1702, ,0, , , ,3, , , , , , , , , ,2,1,0,0,0,0,1,0,0,0,0,2,2,0,0,0,0,0,0,0,0,1,0,0,0,0,0,0,0,0,0,0,0,0,0,4,0,40.0331,-75.1812, , 
51061,586025,2013101199,6,67,67301,2013,9,7,600,6,5,9,8,5,1, , ,N,0,0,0,3,0,0,2,2,N,N,39 59:45.941,75 08:49.493,700, ,700, ,0, ,N, ,0, , , , , , , , , ,2,2,0,0,0,0,0,0,0,0,0,0,0,0,1,0,0,0,0,0,0,0,0,0,0,0,0,0,0,0,0,0,0,0,0,9,0,39.9961,-75.1471, , 
51062,586035,2013114499,6,67,67301,2013,10,7,1730,17,1,1,0,1,1, , ,N,1,2,0,3,0,1,3,2,N,N,39 58:43.230,75 09:28.092,1920, ,1920, ,0, , , ,3, , , , , , , , , ,2,1,0,0,0,0,1,0,0,0,0,1,1,0,0,0,0,0,0,1,0,0,0,0,0,0,0,0,0,0,0,0,0,0,0,4,0,39.9787,-75.1578, , 
51063,586053,2013075143,6,67,67301,2013,6,2,1315,13,1,1,0,8,1, , ,N,0,0,0,3,0,1,2,2,N,N,39 57:48.257,75 11:13.383,1337, ,1335, ,0, ,N, ,0, , , , , , , , , ,1,0,0,0,0,0,1,0,1,0,1,0,1,0,0,0,0,0,0,0,0,0,0,0,0,0,0,0,0,0,0,0,0,0,0,3,0,39.9634,-75.1871, , 
51064,586057,2013077417,6,67,67301,2013,6,6,1250,12,1,1,0,5,1, , ,N,0,0,0,3,0,1,2,2,N,N,40 04:24.283,75 02:02.579,1259, ,1255, ,0, ,N, ,0, , , , , , , , , ,2,2,0,0,0,0,0,0,0,0,0,0,1,1,0,0,0,0,0,0,0,0,0,0,0,0,0,0,0,0,0,0,0,0,0,8,0,40.0734,-75.034, , 
51065,586088,2013070106,6,67,67301,2013,6,5,256,2,3,1,0,4,6, , ,N,0,0,0,3,0,1,1,2,N,N,39 55:56.463,75 13:28.200,258, ,258,1,1,2,N, ,0,N, , , , , , , , ,2,0,0,0,1,0,1,0,0,0,0,1,1,0,0,0,0,0,0,0,0,0,0,0,0,0,0,0,0,0,0,0,0,0,0,4,0,39.9324,-75.2245, , 
51066,586096,2013066756,6,67,67301,2013,4,3,1600,16,1,1,0,4,1, , ,N,1,2,0,3,0,1,2,2,N,N,40 00:29.406,75 08:33.738,0, ,0, ,0, ,N, ,3, , , , , , , , , ,2,2,0,0,0,0,0,0,0,0,0,0,1,1,1,0,0,0,0,0,1,0,0,0,0,0,0,0,0,0,0,0,0,0,0,8,0,40.0082,-75.1427, , 
51067,591600,2013082351,6,67,67301,2013,8,1,248,2,3,1,0,1,1, , ,N,0,0,0,3,0,2,3,2,N,N,39 57:27.949,75 10:49.228,255, ,253,2,2,3,N, ,0,N, , , , , , , , ,2,0,0,0,0,0,2,0,0,0,1,1,2,0,1,0,0,0,0,0,0,0,0,1,0,0,0,0,0,0,0,0,0,0,0,3,0,39.9578,-75.1803, , 
51068,591604,2013084144,6,67,67301,2013,8,5,550,5,5,1,0,1,1, , ,N,0,0,0,3,0,2,3,2,N,N,40 00:05.866,75 04:43.878,604, ,550, ,0, ,N, ,0, , , , , , , , , ,2,2,0,0,0,0,0,0,0,0,0,2,2,0,0,0,0,0,0,0,0,0,0,0,0,0,0,0,0,0,0,0,0,0,0,4,0,40.0016,-75.0789, , 
51069,591609,2013093148,6,67,67301,2013,8,5,1325,13,1,1,0,8,1, , ,N,1,3,0,3,0,1,2,2,N, ,40 03:47.232,75 09:56.599,9999, ,9999, ,0, , , ,3, , , , , , , , , ,1,0,0,0,0,0,0,0,0,0,0,0,1,1,0,0,0,0,0,0,0,0,0,0,0,0,0,0,0,0,0,0,1,0,0,8,0,40.0631,-75.1657, , 
51070,591624,2013065576,6,67,67301,2013,5,1,2140,21,3,1,0,1,1, , ,N,1,2,0,3,0,2,3,2,N,N,39 58:34.052,75 13:36.149,2155, ,2153, ,0, ,N, ,3, , , , , , , , , ,2,2,0,0,0,0,0,0,0,0,0,0,2,2,0,0,0,0,0,0,1,0,0,0,0,0,0,0,0,0,0,0,0,0,0,8,0,39.9762,-75.2267, , 
51071,591629,2013070432,6,67,67301,2013,6,4,1329,13,1,1,0,4,1, , ,N,2,2,0,3,0,1,2,2,N,N,40 01:44.574,75 06:01.934,1332, ,1330,2,2,1,N, ,3,Y, , , , , , , , ,2,1,0,0,0,0,0,1,0,0,0,1,1,0,0,0,0,0,0,0,0,1,0,0,0,0,0,0,0,0,0,0,0,0,0,4,0,40.029,-75.1005, , 
51072,591642,2013065317,6,67,67301,2013,5,6,1524,15,1,1,0,1,1, , ,N,1,2,0,3,0,1,2,2,N,N,39 58:52.612,75 11:19.251,1532, ,1529, ,0, ,N, ,3, , , , , , , , , ,2,1,0,0,0,0,1,0,0,0,0,1,1,0,1,0,0,0,0,0,0,0,0,0,0,0,0,0,0,0,0,0,0,0,0,4,0,39.9814,-75.1887, , 
51073,591648,2013070235,6,67,67301,2013,6,2,1351,13,1,2,1,4,1, , ,N,1,3,0,3,0,1,2,2,N,N,39 56:33.039,75 09:48.758,1354, ,1352, ,0, ,N, ,2, , , , , , , , , ,1,1,0,0,0,0,0,0,1,0,0,1,1,0,0,0,0,0,0,0,1,0,0,0,0,0,0,0,0,0,0,0,0,0,0,4,0,39.9425,-75.1635, , 
51074,591651,2013074762,6,67,67301,2013,6,1,9999,99,1,1,1,4,1, , ,N,1,2,0,3,0,1,3,2,N,N,40 00:16.889,75 10:36.864,1925, ,1923, ,0, ,N, ,3, , , , , , , , , ,1,0,0,1,0,0,0,0,1,0,0,1,1,0,0,0,0,0,0,0,1,0,0,0,0,0,0,0,0,0,0,0,0,0,0,4,1,40.0047,-75.1769, , 
51075,591669,2013100946,6,67,67301,2013,10,5,1434,14,1,2,1,8,1, , ,N,2,0,0,3,0,1,4,2,N,N,40 00:15.836,75 09:00.176,1520, ,1442,3,1,3,N, ,0,N, , , , , , , , ,1,1,0,0,0,0,0,0,0,0,0,0,1,1,0,0,0,0,0,0,0,0,0,0,0,0,0,0,0,0,0,0,1,0,0,8,0,40.0044,-75.15, , 
51076,591672,2013104012,6,67,67301,2013,9,5,1243,12,1,1,0,4,1, , ,N,1,3,0,3,0,1,2,2,N, ,40 02:37.451,75 03:11.289,1307, ,1307, ,0, , , ,3, , , , , , , , , ,1,1,0,0,0,0,0,0,1,0,0,1,1,0,1,0,0,0,0,0,0,0,0,0,0,0,0,0,0,0,0,0,0,0,0,4,0,40.0437,-75.0531, , 
51077,591680,2013075153,6,67,67301,2013,6,4,1930,19,1,4,0,1,1, , ,N,1,2,0,3,0,1,2,2,N,N,39 57:13.496,75 09:28.376,9999, ,9999, ,0, , , ,3, , , , , , , , , ,1,1,0,0,0,0,0,0,1,0,0,0,1,1,0,0,0,0,0,0,0,0,0,0,0,0,0,0,0,0,0,0,0,0,0,8,0,39.9537,-75.1579, , 
51078,591695,2013086750,6,67,67301,2013,8,2,1640,16,1,1,0,8,1, , ,N,1,2,0,3,0,1,2,2,N,N,39 57:00.353,75 09:50.402,1649, ,1647, ,0, ,N, ,3, , , , , , , , , ,1,0,0,0,0,0,1,0,0,0,0,0,1,1,0,0,0,0,0,0,0,0,0,0,0,0,0,0,0,0,0,0,1,0,0,8,0,39.9501,-75.164, , 
51079,591717,2013109338,6,67,67301,2013,10,2,1012,10,1,2,1,7,2, , ,N,0,0,0,3,0,0,1,1,N,N,40 01:17.037,75 12:00.432,1013, ,1012,1,2,1,N, ,0,N, , , , , , , , ,1,1,0,0,0,0,0,0,0,0,0,0,0,0,0,0,0,0,0,0,0,0,0,0,0,0,0,0,0,0,0,0,0,0,0,0,0,40.0214,-75.2001, , 
51080,591727,2013055305,6,67,67301,2013,5,6,9999,99,1,1,0,4,1, , ,N,2,3,0,3,0,1,5,2,N,N,40 00:00.702,75 13:22.724,1705, ,1645, ,0, ,N, ,3, , , , , , , , , ,2,1,0,0,0,0,1,0,0,0,0,1,1,0,0,0,0,0,0,0,0,0,0,0,0,0,0,0,0,0,0,0,0,0,0,4,0,40.0002,-75.223, , 
51081,591748,2013086781,6,67,67301,2013,8,3,1600,16,1,1,0,4,1, , ,N,0,0,7,3,0,0,2,2,N,N,39 58:47.498,75 13:19.273,1701, ,1701, ,0, ,N, ,0, , , , , , , , , ,2,2,0,0,0,0,0,0,0,0,0,0,0,0,0,0,0,0,0,0,0,0,0,0,0,0,0,0,0,0,0,0,0,0,0,0,0,39.9799,-75.222, , 
51082,591749,2013086823,6,67,67301,2013,7,5,1641,16,1,1,0,8,1, , ,N,0,0,0,3,0,1,2,2,N,N,39 57:00.471,75 13:59.034,1650, ,1644, ,0, , , ,0, , , , , , , , , ,1,1,0,0,0,0,0,0,0,0,0,1,1,0,0,0,0,0,0,0,0,0,1,0,0,0,0,0,0,0,0,0,1,0,0,4,0,39.9501,-75.2331, , 
51083,591756,2013094651,6,67,67301,2013,6,3,430,4,6,2,1,1,1, , ,N,0,0,0,3,0,0,5,2,N,N,39 56:45.334,75 14:27.013,0, ,0, ,0, ,N, ,0, , , , , , , , , ,2,0,0,0,0,0,1,1,0,0,0,0,0,0,5,0,0,0,0,0,0,0,0,0,0,0,0,0,0,0,0,0,0,0,0,9,0,39.9459,-75.2408, , 
51084,591761,2013101140,6,67,67301,2013,8,5,9999,99,1,2,1,4,1, , ,N,1,2,0,3,0,0,2,3,N, ,39 59:17.703,75 08:06.003,1702, ,1655,2,2,7, , ,3,Y, , , , , , , , ,3,1,0,0,2,0,0,0,0,0,0,0,0,0,1,0,0,0,0,0,1,0,0,0,0,0,0,0,0,0,0,0,0,0,0,9,0,39.9883,-75.135, , 
51085,589001,2013086688,6,67,67301,2013,8,3,1018,10,1,1,0,4,1, , ,N,1,2,0,3,0,0,6,2,N, ,40 02:50.956,75 05:30.725,1030, ,1030, ,0, , , ,3, , , , , , , , , ,2,2,0,0,0,0,0,0,0,0,0,0,0,0,0,0,0,0,0,0,0,1,0,0,0,0,0,0,0,0,0,0,0,0,0,0,0,40.0475,-75.0919, , 
51086,589008,2013093060,6,67,67301,2013,8,4,544,5,5,1,0,5,1, , ,N,1,3,0,3,0,1,2,2,N,N,39 59:44.756,75 05:43.919,605, ,604, ,0, ,N, ,3, , , , , , , , , ,2,0,0,0,0,0,1,1,0,0,0,1,1,0,0,0,0,0,0,0,0,0,0,1,0,0,0,0,0,0,0,0,0,0,0,4,0,39.9958,-75.0955, , 
51087,589019,2013104414,6,67,67301,2013,9,1,9999,99,4,1,0,8,1, , ,N,0,0,0,3,0,1,2,2,N, ,39 58:57.957,75 06:28.065,1926, ,1925, ,0, , , ,0, , , , , , , , , ,1,1,0,0,0,0,0,0,0,0,0,1,1,0,0,0,0,0,0,0,0,0,0,0,0,0,0,0,0,0,0,0,1,0,0,4,0,39.9828,-75.1078, , 
51088,589022,2013106686,6,67,67301,2013,9,5,1638,16,1,1,0,4,1, , ,N,1,3,0,3,0,2,3,3,N,N,39 57:07.390,75 12:51.785,1641, ,1638, ,0, ,N, ,3, , , , , , , , , ,3,3,0,0,0,0,0,0,0,0,1,0,2,1,0,0,0,0,0,0,0,0,0,0,0,0,0,0,0,0,0,0,0,0,0,3,0,39.9521,-75.2144, , 
51089,589027,2013070075,6,67,67301,2013,6,1,504,5,1,1,0,7,5, , ,N,0,2,0,3,0,1,1,1,N,N,40 02:49.699,75 06:44.665,524, ,519,1,2,1,N, ,3,Y, , , , , , , , ,1,0,0,0,0,0,0,1,0,0,0,1,1,0,0,0,0,0,0,0,0,0,0,0,0,0,0,0,0,0,0,0,0,0,0,4,0,40.0471,-75.1124, , 
51090,589038,2013084423,6,67,67301,2013,7,5,9999,99,1,1,0,4,1, , ,N,1,2,0,3,0,0,2,2,N, ,39 56:50.600,75 10:04.875,9999, ,9999, ,0, , , ,3, , , , , , , , , ,2,1,0,0,0,0,1,0,0,0,0,0,0,0,2,0,0,0,0,0,1,0,0,0,0,0,0,0,0,0,0,0,0,0,0,9,0,39.9474,-75.168, , 
51091,589040,2013086266,6,67,67301,2013,8,1,2205,22,3,1,0,4,1, , ,N,1,3,0,3,0,1,2,2,N,N,40 04:29.035,74 59:21.321,2213, ,2210, ,0, ,N, ,3, , , , , , , , , ,1,1,0,0,0,0,0,0,1,0,0,1,1,0,0,0,0,0,0,0,0,0,1,0,0,0,0,0,0,0,0,0,0,0,0,4,0,40.0747,-74.9893, , 
51092,589045,2013093567,6,67,67301,2013,8,7,2340,23,2,1,0,4,1, , ,N,1,3,0,3,0,1,3,2,N,N,40 00:32.490,75 06:46.166,125, ,125, ,0, ,N, ,3, , , , , , , , , ,2,2,0,0,0,0,0,0,0,0,1,0,1,0,0,0,0,0,0,0,0,0,0,2,0,0,0,0,0,0,0,0,0,0,0,3,0,40.009,-75.1128, , 
51093,589070,2013121398,6,67,67301,2013,10,5,605,6,5,1,0,2,6, , ,N,0,0,0,3,0,0,1,4,N,N,40 03:22.759,75 00:09.047,615, ,609, ,0, ,N, ,0, , , , , , , , , ,4,3,0,0,0,0,1,0,0,0,0,0,0,0,0,0,0,0,0,0,0,0,0,1,0,0,0,0,0,0,0,0,0,0,0,0,0,40.0563,-75.0025, , 
51094,589081,2013070141,6,67,67301,2013,6,3,1730,17,1,1,0,4,1, , ,N,2,0,0,3,0,1,3,2,N,N,40 02:18.939,75 04:41.440,1736, ,1734,2,1,1,N, ,0,N, , , , , , , , ,2,1,0,0,1,0,0,0,0,0,0,0,1,1,0,0,0,0,0,0,1,0,0,0,0,0,0,0,0,0,0,0,0,0,0,8,0,40.0386,-75.0782, , 
51095,589093,2013086790,6,67,67301,2013,8,6,1444,14,1,1,0,5,2, , ,N,0,0,0,3,0,1,2,2,N,N,40 04:11.690,75 11:52.810,1600, ,1546, ,0, ,N, ,0, , , , , , , , , ,1,1,0,0,0,0,0,0,1,0,0,0,1,1,0,0,0,0,0,0,0,0,0,0,0,0,0,0,0,0,0,0,0,0,0,8,0,40.0699,-75.198, , 
51096,589101,2013094752,6,67,67301,2013,6,7,2315,23,6,1,0,1,1, , ,N,1,1,0,3,0,2,2,2,N,N,39 57:34.998,75 14:06.748,0, ,0, ,0, ,Y, ,3, , , , , , , , , ,2,2,0,0,0,0,0,0,0,0,0,0,2,2,0,0,0,0,0,0,0,0,0,0,0,0,0,0,0,0,0,0,0,0,0,8,0,39.9597,-75.2352, , 
51097,589106,2013107145,6,67,67301,2013,9,5,2022,20,3,2,1,4,1, , ,N,1,2,0,3,0,1,2,2,N, ,39 59:29.442,75 08:10.101,2028, ,2025, ,0, , , ,3, , , , , , , , , ,1,0,0,0,0,0,1,0,1,0,0,1,1,0,0,0,0,0,0,0,0,0,0,0,0,0,0,0,0,0,0,0,0,0,0,4,0,39.9915,-75.1361, , 
51098,589111,2013111834,6,67,67301,2013,10,3,935,9,1,1,0,4,1, , ,N,1,2,0,3,0,1,3,2,N, ,40 02:11.789,75 03:52.061,936, ,938,2,2,2, , ,3,Y, , , , , , , , ,2,2,0,0,0,0,0,0,0,0,0,0,1,1,0,0,0,0,0,0,0,2,0,0,0,0,0,0,0,0,0,0,0,0,0,8,0,40.0366,-75.0645, , 
51099,589118,2013122947,6,67,67301,2013,10,2,627,6,5,1,0,8,1, , ,N,1,0,0,3,0,1,2,2,N,N,40 02:46.600,75 11:32.477,1940, ,1934, ,0, ,N, ,0, , , , , , , , , ,1,1,0,0,0,0,0,0,0,0,0,1,1,0,0,0,0,0,0,0,0,0,0,0,0,0,0,0,0,0,0,0,1,0,0,4,0,40.0463,-75.1924, , 
51100,589123,2013070446,6,67,67301,2013,6,6,2130,21,3,2,1,4,1, , ,N,1,0,0,3,0,0,2,2,N,N,40 03:20.170,75 10:52.667,9999, ,9999, ,0, ,N, ,0, , , , , , , , , ,2,2,0,0,0,0,0,0,0,0,0,0,0,0,1,0,0,0,0,0,0,0,0,0,0,0,0,0,0,0,0,0,0,0,0,9,0,40.0556,-75.1813, , 
51101,589129,2013073311,6,67,67301,2013,7,6,1845,18,1,2,1,7,4, , ,N,0,0,0,3,0,0,1,1,N,N,39 54:22.560,75 08:59.688,1902, ,1845, ,0, ,Y, ,0, , , , , , , , , ,1,1,0,0,0,0,0,0,0,0,0,0,0,0,0,0,0,0,0,0,0,0,0,0,0,0,0,0,0,0,0,0,0,0,0,0,0,39.9063,-75.1499, , 
51102,589137,2013086853,6,67,67301,2013,8,4,852,8,1,1,0,1,2, , ,N,0,0,0,3,0,2,3,2,N,N,39 55:22.875,75 10:12.135,900, ,52,1,1,2,N, ,0,N, , , , , , , , ,2,2,0,0,0,0,0,0,0,0,0,0,2,2,0,0,0,0,0,0,0,0,0,0,0,0,0,0,0,0,0,0,0,0,0,8,0,39.923,-75.17, , 
51103,583365,2013084430,6,67,67301,2013,7,2,1810,18,1,1,0,1,1, , ,N,0,0,0,3,0,1,3,3,N,N,40 04:08.052,75 04:03.777,1825, ,1812,1,1,3, , ,0,N, , , , , , , , ,3,0,0,0,0,0,2,1,0,0,0,0,1,1,2,0,0,0,0,0,1,0,0,0,0,0,0,0,0,0,0,0,0,0,0,8,0,40.0689,-75.0677, , 
51104,583369,2013086675,6,67,67301,2013,8,3,1845,18,1,1,0,3,1, , ,N,0,0,0,3,0,1,1,4,N,N,40 00:36.885,75 06:22.701,1940, ,1932, ,0, ,N, ,0, , , , , , , , , ,4,3,0,0,0,0,1,0,0,0,0,0,1,1,0,0,0,0,0,0,0,0,0,0,0,0,0,0,0,0,0,0,0,0,0,8,0,40.0102,-75.1063, , 
51105,583380,2013096107,6,67,67301,2013,8,7,1055,10,1,1,0,4,1, , ,N,2,0,0,3,0,1,4,2,N,N,40 01:14.628,75 07:03.158,1058, ,1057, ,0, , , ,0, , , , , , , , , ,2,2,0,0,0,0,0,0,0,0,0,1,1,0,0,0,0,1,0,0,0,0,0,0,0,0,0,0,0,0,0,0,0,0,0,4,0,40.0207,-75.1175, , 
51106,583397,2013070956,6,67,67301,2013,6,3,1355,13,1,2,1,4,1, , ,N,2,3,0,3,0,1,3,2,N, ,40 00:13.294,75 09:23.605,1403, ,1359, ,0, , , ,3, , , , , , , , , ,2,1,0,0,0,0,0,1,0,0,0,1,1,0,1,0,0,0,0,0,0,0,0,0,0,0,0,0,0,0,0,0,0,0,0,4,0,40.0037,-75.1566, , 
51107,583402,2013062213,6,67,67301,2013,3,4,1030,10,1,1,0,7,2,1,4,Y,0,0,0,3,0,0,3,3,N,N,40 01:36.501,75 01:34.715,1051,45,1035,1,1,2,N, ,0,N,Y,N,N,N,Y,N,N,Y,3,3,0,0,0,0,0,0,0,0,0,0,0,0,1,0,0,0,0,0,1,0,0,0,0,0,0,0,0,0,0,0,0,0,0,9,0,40.0268,-75.0263, , 
51108,583405,2013068023,6,67,67301,2013,7,5,1510,15,1,1,0,5,1, , ,N,0,0,0,3,0,0,2,2,N,N,39 58:13.501,75 07:35.806,1510, ,1510, ,0, ,N, ,0, , , , , , , , , ,2,2,0,0,0,0,0,0,0,0,0,0,0,0,0,0,0,1,0,0,0,0,0,0,0,0,0,0,0,0,0,0,0,0,0,0,0,39.9704,-75.1266, , 