objectid_1,objectid,crn,district,county,municipality,crash_year,crash_month,day_of_week,time_of_day,hour_of_day,illumination,weather,road_condition,collision_type,relation_to_road,work_zone_type,work_zone_loc,work_zone_ind,intersect_type,tcd_type,location_type,urban_rural,fatal_count,injury_count,person_count,total_units,sch_bus_ind,sch_zone_ind,latitude,longitude,arrival_tm,cons_zone_spd_lim,dispatch_tm,est_hrs_closed,lane_closed,ln_close_dir,ntfy_hiwy_maint,spec_juris_cd,tcd_func_cd,tfc_detour_ind,workers_pres,wz_close_detour,wz_flagger,wz_law_offcr_ind,wz_ln_closure,wz_moving,wz_other,wz_shlder_mdn,vehicle_count,automobile_count,motorcycle_count,bus_count,small_truck_count,heavy_truck_count,suv_count,van_count,bicycle_count,maj_inj_count,mod_inj_count,min_inj_count,tot_inj_count,unk_inj_deg_count,unk_inj_per_count,driver_count_16yr,driver_count_17yr,driver_count_18yr,driver_count_19yr,driver_count_20yr,driver_count_50_64yr,driver_count_65_74yr,driver_count_75plus,unbelted_occ_count,unb_death_count,unb_maj_inj_count,belted_death_count,belted_maj_inj_count,mcycle_death_count,mcycle_maj_inj_count,bicycle_death_count,bicycle_maj_inj_count,ped_count,ped_death_count,ped_maj_inj_count,max_severity_level,comm_veh_count,dec_lat,dec_long,rdwy_surf_type_cd,county_name
51244,589466,2013070091,6,67,67301,2013,6,4,750,7,1,1,0,8,1, , ,N,2,2,0,3,0,1,2,2,N,N,39 57:16.399,75 10:52.674,855, ,852, ,0, ,N, ,3, , , , , , , , , ,1,1,0,0,0,0,0,0,0,0,0,1,1,0,0,0,0,0,0,0,0,0,0,0,0,0,0,0,0,0,0,0,1,0,0,4,0,39.9546,-75.1814, , 
51245,589471,2013079535,6,67,67301,2013,7,3,105,1,3,2,1,4,1, , ,N,1,2,0,3,0,6,8,2,N, ,39 57:25.376,75 14:45.124,112, ,107, ,0, , , ,3, , , , , , , , , ,2,0,0,1,1,0,0,0,0,0,0,3,6,3,0,0,0,0,0,0,0,0,0,5,0,0,0,0,0,0,0,0,0,0,0,4,1,39.957,-75.2459, , 
51246,589484,2013096080,6,67,67301,2013,8,3,1154,11,1,1,0,1,1, , ,N,0,0,0,3,0,3,5,4,N,N,40 07:19.075,75 00:45.162,1210, ,1158, ,0, ,N, ,0, , , , , , , , , ,4,2,0,0,1,1,0,0,0,0,0,0,3,3,0,0,0,0,0,0,2,0,0,0,0,0,0,0,0,0,0,0,0,0,0,8,1,40.122,-75.0125, , 
51247,583700,2013104381,6,67,67301,2013,9,1,150,1,3,2,1,4,1, , ,N,1,2,0,3,0,3,4,2,N,N,40 00:43.064,75 10:33.675,157, ,153, ,0, ,N, ,3, , , , , , , , , ,2,2,0,0,0,0,0,0,0,0,0,3,3,0,0,0,0,0,0,0,0,0,0,0,0,0,0,0,0,0,0,0,0,0,0,4,0,40.012,-75.176, , 
51248,583707,2013109432,6,67,67301,2013,9,7,950,9,1,1,0,4,1, , ,N,1,3,0,3,0,1,2,3,N,N,39 55:30.950,75 13:44.824,951, ,950,2,1,4,N, ,3,N, , , , , , , , ,3,3,0,0,0,0,0,0,0,0,0,0,1,1,0,0,0,1,0,0,0,0,0,0,0,0,0,0,0,0,0,0,0,0,0,8,0,39.9253,-75.2291, , 
51249,583716,2013121492,6,67,67301,2013,10,3,104,1,3,1,0,1,1, , ,N,0,0,0,3,0,0,3,2,N, ,39 57:15.211,75 10:12.138,110, ,106,2,2,4, , ,0,N, , , , , , , , ,2,2,0,0,0,0,0,0,0,0,0,0,0,0,0,0,0,0,0,0,0,0,0,0,0,0,0,0,0,0,0,0,0,0,0,0,0,39.9542,-75.17, , 
51250,583757,2013105973,6,67,67301,2013,10,7,514,5,3,1,0,7,2,1,4,Y,0,0,0,3,0,0,1,1,N,N,40 01:16.012,75 02:28.231,540,45,526,2,1,1,N, ,0,N,N,N,N,N,Y,N,N,Y,1,1,0,0,0,0,0,0,0,0,0,0,0,0,0,0,0,0,0,0,0,0,0,0,0,0,0,0,0,0,0,0,0,0,0,0,0,40.0211,-75.0413, , 
51251,583758,2013106682,6,67,67301,2013,10,4,718,7,1,1,0,4,1, , ,N,2,2,0,3,0,1,2,2,N,N,39 53:50.658,75 10:31.911,725, ,721, ,0, ,N, ,3, , , , , , , , , ,1,1,0,0,0,0,0,0,1,0,0,1,1,0,0,0,0,0,0,0,0,0,0,0,0,0,0,0,0,0,0,0,0,0,0,4,0,39.8974,-75.1755, , 
51252,583767,2013121521,6,67,67301,2013,10,5,9999,99,3,1,0,7,2, , ,N,0,0,2,3,0,1,1,1,N,N,40 01:09.221,75 08:41.373,107, ,1254,1,2,1,N, ,0,Y, , , , , , , , ,1,1,0,0,0,0,0,0,0,0,0,1,1,0,0,0,0,0,1,0,0,0,0,0,0,0,0,0,0,0,0,0,0,0,0,4,0,40.0192,-75.1448, , 
51253,583775,2013062585,6,67,67301,2013,5,3,1143,11,1,2,1,8,1, , ,N,0,0,0,3,0,1,2,2,N,N,39 59:48.175,75 06:55.613,1149, ,1144, ,0, ,N, ,0, , , , , , , , , ,1,1,0,0,0,0,0,0,0,0,0,1,1,0,0,0,0,0,0,0,0,0,0,0,0,0,0,0,0,0,0,0,1,0,0,4,0,39.9967,-75.1154, , 
51254,583793,2013063104,6,67,67301,2013,5,6,1817,18,1,1,0,1,1, , ,N,0,0,0,3,0,1,2,2,N,N,39 57:12.571,75 08:23.122,1825, ,1817,2,1,1,N, ,0,Y, , , , , , , , ,2,2,0,0,0,0,0,0,0,0,0,1,1,0,0,0,0,0,0,1,0,0,0,0,0,0,0,0,0,0,0,0,0,0,0,4,0,39.9535,-75.1398, , 
51255,583797,2013065385,6,67,67301,2013,5,6,1719,17,1,1,0,4,1, , ,N,1,3,0,3,0,3,3,2,N,N,40 03:07.828,75 05:35.123,1721, ,1720, ,0, ,N, ,3, , , , , , , , , ,2,2,0,0,0,0,0,0,0,0,3,0,3,0,0,0,0,0,0,0,1,0,0,0,0,0,0,0,0,0,0,0,0,0,0,3,0,40.0522,-75.0931, , 
51256,583798,2013065548,6,67,67301,2013,5,5,1640,16,1,1,0,8,1, , ,N,0,0,0,3,0,1,2,2,N,N,39 55:20.295,75 09:41.543,1648, ,1644, ,0, ,N, ,0, , , , , , , , , ,1,0,0,0,0,0,0,1,0,0,1,0,1,0,0,0,0,0,0,0,1,0,0,1,0,0,0,0,0,0,0,0,1,0,0,3,0,39.9223,-75.1615, , 
51257,583807,2013075152,6,67,67301,2013,6,1,1728,17,1,1,0,8,1, , ,N,0,0,0,3,0,1,2,2,N,N,40 04:11.594,75 09:26.996,1736, ,1728, ,0, ,N, ,0, , , , , , , , , ,1,1,0,0,0,0,0,0,0,0,0,0,1,1,0,0,0,0,0,0,0,0,0,0,0,0,0,0,0,0,0,0,1,0,0,8,0,40.0699,-75.1575, , 
51258,583821,2013093184,6,67,67301,2013,8,3,950,9,1,2,1,4,1, , ,N,1,2,0,3,0,0,4,3,N,N,39 59:06.953,75 10:43.660,954, ,952, ,0, ,Y, ,2, , , , , , , , , ,3,2,0,0,0,0,0,0,0,0,0,0,0,0,0,0,0,0,0,0,0,1,0,0,0,0,0,0,0,0,0,0,0,0,0,0,0,39.9853,-75.1788, , 
51259,583830,2013043774,6,67,67301,2013,3,5,1053,10,1,1,1,1,1, , ,N,1,2,0,3,0,0,2,2,N,N,39 59:29.198,75 13:29.395,1130, ,1120, ,0, ,N, ,3, , , , , , , , , ,2,2,0,0,0,0,0,0,0,0,0,0,0,0,0,0,0,0,0,0,0,0,0,0,0,0,0,0,0,0,0,0,0,0,0,0,0,39.9914,-75.2248, , 
51260,583848,2013065406,6,67,67301,2013,5,6,1800,18,1,1,0,8,1, , ,N,0,0,0,3,0,1,2,2,N,N,39 58:04.951,75 13:41.332,1805, ,1801, ,0, ,N, ,0, , , , , , , , , ,1,0,0,0,1,0,0,0,0,0,0,1,1,0,0,0,0,0,0,0,0,0,0,0,0,0,0,0,0,0,0,0,1,0,0,4,0,39.968,-75.2281, , 
51261,583858,2013077384,6,67,67301,2013,7,2,2200,22,3,1,1,8,1, , ,N,1,2,0,3,0,1,2,2,N, ,39 58:31.121,75 14:44.055,2228, ,2215,2,2,7, , ,3,Y, , , , , , , , ,1,1,0,0,0,0,0,0,0,1,0,0,1,0,0,0,0,0,0,1,0,0,0,0,0,0,0,0,0,0,0,0,1,0,1,2,0,39.9753,-75.2455, , 
51262,583861,2013079665,6,67,67301,2013,8,1,1620,16,1,1,0,5,1, , ,N,3,0,2,3,0,1,2,2,N,N,39 57:03.489,75 08:27.800,1630, ,1624,2,1,1,N, ,0,N, , , , , , , , ,2,1,1,0,0,0,0,0,0,0,0,0,1,1,0,0,0,0,0,0,0,0,0,0,0,0,0,0,0,0,0,0,0,0,0,8,0,39.9509,-75.1411, , 
51263,583879,2013065582,6,67,67301,2013,5,7,1444,14,1,2,1,4,1, , ,N,1,2,0,3,0,1,2,2,N, ,39 56:32.336,75 14:01.801,1530, ,1445, ,0, , , ,3, , , , , , , , , ,2,1,0,0,1,0,0,0,0,0,0,1,1,0,0,0,0,0,0,0,1,0,0,0,0,0,0,0,0,0,0,0,0,0,0,4,0,39.9423,-75.2338, , 
51264,583881,2013066841,6,67,67301,2013,5,6,1600,16,1,1,0,7,5, , ,N,1,2,0,3,0,1,4,2,N,N,40 00:57.319,75 07:46.466,0, ,0, ,0, ,N, ,3, , , , , , , , , ,1,0,0,0,0,0,0,0,0,0,1,0,1,0,0,0,0,0,0,0,0,0,0,0,0,0,0,0,0,0,0,0,0,0,0,3,0,40.0159,-75.1296, , 
51265,586413,2013098753,6,67,67301,2013,7,1,100,1,3,1,0,1,1, , ,N,0,0,0,3,0,1,2,2,N,N,40 01:59.191,75 06:57.679,140, ,132, ,0, ,N, ,0, , , , , , , , , ,2,1,0,0,1,0,0,0,0,1,0,0,1,0,0,0,0,0,0,0,0,0,0,0,0,0,0,0,0,0,0,0,0,0,0,2,0,40.0331,-75.116, , 
51266,586416,2013101184,6,67,67301,2013,9,2,755,7,1,1,0,8,1, , ,N,1,2,0,3,0,1,2,2,N,N,39 57:34.154,75 09:43.529,859, ,856, ,0, ,N, ,3, , , , , , , , , ,1,0,0,0,0,0,0,1,0,1,0,0,1,0,0,0,0,0,0,0,0,0,0,0,0,0,0,0,0,0,0,0,1,0,1,2,0,39.9595,-75.162, , 
51267,586419,2013104029,6,67,67301,2013,9,7,1545,15,1,1,0,8,1, , ,N,1,2,0,3,0,1,2,2,N,N,40 02:02.390,75 12:56.882,1657, ,1657, ,0, ,N, ,3, , , , , , , , , ,1,1,0,0,0,0,0,0,0,0,0,1,1,0,1,0,0,0,0,0,0,0,0,0,0,0,0,0,0,0,0,0,1,0,0,4,0,40.034,-75.2158, , 
51268,586425,2013065346,6,67,67301,2013,5,1,500,5,5,2,1,7,5, , ,N,0,0,3,3,0,0,1,1,N,N,39 55:13.573,75 11:55.655,525, ,521,2,1,4,N, ,0,N, , , , , , , , ,1,1,0,0,0,0,0,0,0,0,0,0,0,0,1,0,0,0,0,0,0,0,0,0,0,0,0,0,0,0,0,0,0,0,0,9,0,39.9205,-75.1987, , 
51269,586430,2013069753,6,67,67301,2013,7,6,300,3,3,1,0,7,2, , ,N,0,0,0,3,0,0,3,1,N,N,40 00:18.873,75 11:43.715,306, ,300,2,2,4,N, ,0,N, , , , , , , , ,1,1,0,0,0,0,0,0,0,0,0,0,0,0,0,0,0,0,1,0,0,0,0,0,0,0,0,0,0,0,0,0,0,0,0,0,0,40.0052,-75.1955, , 
51270,586446,2013093198,6,67,67301,2013,8,3,1017,10,1,1,0,4,1, , ,N,1,2,0,3,0,1,3,2,N,N,39 55:15.805,75 13:44.269,1027, ,1023,2,1,4,N, ,3,N, , , , , , , , ,2,1,0,0,1,0,0,0,0,0,0,1,1,0,0,0,0,0,1,0,0,0,0,0,0,0,0,0,0,0,0,0,0,0,0,4,0,39.9211,-75.229, , 
51271,586465,2013115348,6,67,67301,2013,10,5,149,1,3,1,0,1,2, , ,N,0,0,0,3,0,0,1,2,N,N,40 00:14.025,75 10:14.662,204, ,201, ,0, ,N, ,0, , , , , , , , , ,2,2,0,0,0,0,0,0,0,0,0,0,0,0,1,0,0,0,0,0,0,0,0,0,0,0,0,0,0,0,0,0,0,0,0,9,0,40.0039,-75.1707, , 
51272,586481,2013077500,6,67,67301,2013,7,4,1130,11,1,1,0,4,1, , ,N,1,2,0,3,0,1,2,2,N,N,40 06:46.663,75 01:22.836,1132, ,1132, ,0, ,N, ,3, , , , , , , , , ,2,2,0,0,0,0,0,0,0,0,0,0,1,1,0,0,0,0,0,0,0,1,1,0,0,0,0,0,0,0,0,0,0,0,0,8,0,40.113,-75.023, , 
51273,586489,2013086810,6,67,67301,2013,8,3,1811,18,1,1,0,8,1, , ,N,1,0,0,3,0,1,2,2,N,N,39 57:17.491,75 09:04.108,1835, ,1821, ,0, ,N, ,0, , , , , , , , , ,1,0,0,0,1,0,0,0,0,0,0,1,1,0,0,0,0,0,0,0,0,0,0,0,0,0,0,0,0,0,0,0,1,0,0,4,0,39.9549,-75.1511, , 
51274,586495,2013095701,6,67,67301,2013,9,3,1027,10,1,1,0,5,1, , ,N,6,0,2,3,0,0,4,3,N,N,39 58:34.136,75 11:44.141,1037, ,1027, ,0, ,N, ,0, , , , , , , , , ,3,1,0,0,1,1,0,0,0,0,0,0,0,0,0,0,0,0,0,0,1,0,0,0,0,0,0,0,0,0,0,0,0,0,0,0,1,39.9761,-75.1956, , 
51275,586506,2013101094,6,67,67301,2013,9,7,1430,14,1,1,0,5,1, , ,N,0,0,0,3,0,1,4,2,N,N,39 57:27.238,75 13:04.006,1545, ,1539,3,2,3,N, ,0,N, , , , , , , , ,2,1,0,0,0,0,1,0,0,0,0,1,1,0,1,0,0,0,0,0,1,0,0,0,0,0,0,0,0,0,0,0,0,0,0,4,0,39.9576,-75.2178, , 
51276,586509,2013111729,6,67,67301,2013,10,5,1347,13,1,2,1,1,1, , ,N,2,2,0,3,0,3,3,2,N,N,40 06:17.372,75 00:05.762,1405, ,1354,1,1,2,N, ,3,N, , , , , , , , ,2,1,0,0,1,0,0,0,0,0,2,1,3,0,0,0,0,0,0,0,1,1,0,0,0,0,0,0,0,0,0,0,0,0,0,3,0,40.1048,-75.0016, , 
51277,586516,2013065490,6,67,67301,2013,5,6,1245,12,1,1,0,1,1, , ,N,0,0,0,3,0,1,5,3,N,N,40 05:02.127,75 02:19.788,1300, ,1250, ,0, , , ,0, , , , , , , , , ,3,2,0,0,1,0,0,0,0,0,0,0,1,1,0,0,0,0,0,0,0,1,0,0,0,0,0,0,0,0,0,0,0,0,0,8,0,40.0839,-75.0388, , 
51278,586526,2013077459,6,67,67301,2013,7,7,1818,18,1,1,0,1,1, , ,N,0,0,7,3,0,0,2,2,N,N,40 06:13.999,75 03:05.793,1822, ,1819, ,0, ,N, ,0, , , , , , , , , ,2,2,0,0,0,0,0,0,0,0,0,0,0,0,0,0,0,0,0,0,2,0,0,0,0,0,0,0,0,0,0,0,0,0,0,0,0,40.1039,-75.0516, , 
51279,586552,2013095977,6,67,67301,2013,8,1,9999,99,3,1,0,4,1, , ,N,1,3,0,3,0,1,3,3,N,N,40 01:08.482,75 07:01.739,119, ,119,3,1,4, , ,3,N, , , , , , , , ,3,1,0,0,0,0,2,0,0,0,0,1,1,0,1,0,0,0,0,0,0,0,0,0,0,0,0,0,0,0,0,0,0,0,0,4,0,40.019,-75.1171, , 
51280,586587,2013070370,6,67,67301,2013,6,5,1101,11,1,1,0,8,1, , ,N,1,2,0,3,0,1,2,2,N,N,39 57:06.984,75 09:35.699,1101, ,1101,1,1,3,N, ,3,Y, , , , , , , , ,1,1,0,0,0,0,0,0,0,0,0,1,1,0,0,0,0,0,0,0,0,0,0,0,0,0,0,0,0,0,0,0,1,0,0,4,0,39.9519,-75.1598, , 
51281,586591,2013077400,6,67,67301,2013,7,5,1552,15,1,1,0,4,1, , ,N,1,2,0,3,0,1,5,2,N,N,40 00:21.442,75 05:35.994,1626, ,1625, ,0, ,N, ,3, , , , , , , , , ,2,1,0,0,0,0,0,0,0,0,0,0,1,1,0,0,0,0,0,0,0,0,0,0,0,0,0,0,0,0,0,0,0,0,0,8,0,40.006,-75.0933, , 
51282,586595,2013079496,6,67,67301,2013,7,5,9999,99,3,1,0,8,1, , ,N,1,2,0,3,0,1,2,2,N,N,39 59:38.223,75 07:04.994,2117, ,2117, ,0, , , ,3, , , , , , , , , ,1,0,0,0,1,0,0,0,0,0,1,0,1,0,0,0,0,0,0,0,0,0,0,0,0,0,0,0,0,0,0,0,1,0,0,3,0,39.994,-75.1181, , 
51283,592089,2013079591,6,67,67301,2013,7,7,1934,19,3,1,0,4,1, , ,N,2,0,0,3,0,1,2,2,N,N,40 04:23.306,75 11:21.255,1940, ,1938, ,0, ,N, ,0, , , , , , , , , ,2,1,1,0,0,0,0,0,0,0,0,0,1,1,0,0,0,0,0,1,0,0,0,0,0,0,0,0,0,0,0,0,0,0,0,8,0,40.0731,-75.1892, , 
51284,592093,2013086858,6,67,67301,2013,7,5,645,6,5,1,0,4,1, , ,N,1,3,0,3,0,0,2,3,N, ,39 56:00.816,75 11:32.211,653, ,650, ,0, , , ,3, , , , , , , , , ,3,2,0,0,1,0,0,0,0,0,0,0,0,0,0,0,0,0,0,0,0,0,0,0,0,0,0,0,0,0,0,0,0,0,0,0,0,39.9336,-75.1923, , 
51285,592095,2013088970,6,67,67301,2013,9,4,1808,18,1,1,0,1,1, , ,N,0,0,0,3,0,2,2,2,N,N,40 02:32.866,75 00:13.504,1820, ,1811, ,0, ,N, ,0, , , , , , , , , ,2,2,0,0,0,0,0,0,0,0,0,1,2,1,0,0,0,0,0,0,0,0,0,0,0,0,0,0,0,0,0,0,0,0,0,4,0,40.0425,-75.0038, , 
51286,592107,2013105968,6,67,67301,2013,10,5,1751,17,3,1,0,1,1, , ,N,0,0,0,3,0,1,4,3,N,N,39 58:57.309,75 12:27.900,1756, ,1751,1,2,4,N, ,0,N, , , , , , , , ,3,2,0,0,0,0,1,0,0,0,0,0,1,1,0,0,0,0,0,0,1,0,0,0,0,0,0,0,0,0,0,0,0,0,0,8,0,39.9826,-75.2078, , 
51287,592114,2013079462,6,67,67301,2013,7,1,1537,15,1,1,0,4,1, , ,N,2,3,0,3,0,1,2,3,N,N,40 00:44.384,75 08:19.139,1542, ,1542, ,0, ,N, ,3, , , , , , , , , ,3,3,0,0,0,0,0,0,0,0,0,1,1,0,0,0,0,0,0,0,1,0,0,0,0,0,0,0,0,0,0,0,0,0,0,4,0,40.0123,-75.1386, , 
51288,592117,2013084407,6,67,67301,2013,6,4,500,5,3,1,0,8,1, , ,N,0,0,0,3,0,1,2,2,N,N,39 55:29.161,75 08:51.702,501, ,500,9,2,5,N, ,0,Y, , , , , , , , ,1,0,0,0,0,0,0,0,0,0,0,0,1,1,0,0,0,0,0,0,0,0,0,0,0,0,0,0,0,0,0,0,1,0,0,8,0,39.9248,-75.1477, , 
51289,592119,2013070390,6,67,67301,2013,6,1,9999,99,1,1,0,4,1, , ,N,2,0,0,3,0,1,4,2,N,N,39 56:46.567,75 13:41.553,1344, ,1341, ,0, , , ,0, , , , , , , , , ,2,1,0,0,0,1,0,0,0,0,0,1,1,0,0,0,0,0,0,0,0,0,0,0,0,0,0,0,0,0,0,0,0,0,0,4,1,39.9463,-75.2282, , 
51290,592127,2013078958,6,67,67301,2013,5,5,414,4,3,1,0,1,1, , ,N,0,0,0,3,0,2,2,2,N,N,40 02:51.041,74 59:59.422,423, ,418,1,1,1,Y, ,0,N, , , , , , , , ,2,2,0,0,0,0,0,0,0,0,0,0,2,2,0,0,0,0,1,0,0,0,0,0,0,0,0,0,0,0,0,0,0,0,0,8,0,40.0474,-74.9999, , 
51291,592128,2013079583,6,67,67301,2013,7,7,1604,16,1,1,0,4,1, , ,N,1,2,0,3,0,1,2,2,N, ,40 03:21.873,75 03:50.497,1609, ,1605, ,0, , , ,3, , , , , , , , , ,2,2,0,0,0,0,0,0,0,0,0,1,1,0,0,0,0,0,0,0,0,0,0,0,0,0,0,0,0,0,0,0,0,0,0,4,0,40.0561,-75.064, , 
51292,592139,2013086940,6,67,67301,2013,7,7,2025,20,3,1,0,4,1, , ,N,1,2,0,3,0,1,2,2,N,N,39 56:57.099,75 09:46.986,2040, ,2029, ,0, ,N, ,3, , , , , , , , , ,1,1,0,0,0,0,0,0,1,0,0,1,1,0,0,0,0,0,0,0,0,0,0,0,0,0,0,0,0,0,0,0,0,0,0,4,0,39.9492,-75.1631, , 
51293,592160,2013053122,6,67,67301,2013,4,2,9999,99,3,1,0,1,1, , ,N,1,2,0,3,0,1,2,2,N,N,39 55:05.700,75 12:32.987,1241, ,1238, ,0, , , ,3, , , , , , , , , ,2,1,0,0,0,0,1,0,0,0,0,0,1,1,0,0,0,0,0,0,0,0,0,0,0,0,0,0,0,0,0,0,0,0,0,8,0,39.9181,-75.21, , 
51294,592180,2013101183,6,67,67301,2013,9,4,1015,10,1,1,0,4,1, , ,N,0,0,0,3,0,1,2,2,N,N,39 57:06.253,75 09:52.939,1038, ,1034, ,0, , , ,0, , , , , , , , , ,1,1,0,0,0,0,0,0,1,0,0,1,1,0,0,0,0,0,0,0,1,0,0,0,0,0,0,0,0,0,0,0,0,0,0,4,0,39.9517,-75.1647, , 
51295,592182,2013104007,6,67,67301,2013,9,7,420,4,3,1,0,1,1, , ,N,0,0,0,3,0,1,2,2,N, ,39 55:22.329,75 14:17.856,433, ,432, ,0, , , ,0, , , , , , , , , ,2,1,0,0,0,0,0,0,0,0,0,0,1,1,0,0,0,0,0,0,0,0,0,0,0,0,0,0,0,0,0,0,0,0,0,8,0,39.9229,-75.2383, , 
51296,592209,2013084038,6,67,67301,2013,7,5,700,7,1,1,0,4,1, , ,N,2,3,0,3,0,0,2,2,N,N,39 57:45.792,75 13:16.611,715, ,705, ,0, ,N, ,3, , , , , , , , , ,2,2,0,0,0,0,0,0,0,0,0,0,0,0,0,0,0,0,0,0,0,0,1,0,0,0,0,0,0,0,0,0,0,0,0,0,0,39.9627,-75.2213, , 
51297,592218,2013070022,6,67,67301,2013,6,2,1757,17,1,2,1,6,1, , ,N,0,0,0,3,0,0,2,2,N, ,40 05:03.940,75 13:31.728,1805, ,1800, ,0, , , ,0, , , , , , , , , ,2,2,0,0,0,0,0,0,0,0,0,0,0,0,0,0,0,0,0,0,1,0,0,0,0,0,0,0,0,0,0,0,0,0,0,0,0,40.0844,-75.2255, , 
51298,592231,2013086758,6,67,67301,2013,7,5,607,6,1,1,0,4,1, , ,N,2,0,0,3,0,0,2,2,N,N,40 00:52.963,75 08:46.237,630, ,607,3,2,6, , ,0,Y, , , , , , , , ,2,2,0,0,0,0,0,0,0,0,0,0,0,0,0,0,0,0,0,0,0,0,0,0,0,0,0,0,0,0,0,0,0,0,0,0,0,40.0147,-75.1462, , 
51299,592246,2013101740,6,67,67301,2013,9,1,2005,20,3,1,0,5,6, , ,N,0,0,0,3,0,0,1,3,N,N,40 05:34.483,74 58:20.056,2014, ,2010, ,0, ,N, ,0, , , , , , , , , ,3,3,0,0,0,0,0,0,0,0,0,0,0,0,0,0,0,0,0,0,0,0,0,0,0,0,0,0,0,0,0,0,0,0,0,0,0,40.0929,-74.9722, , 
51300,592277,2013099775,6,67,67301,2013,10,7,1539,15,1,1,0,1,1,1,4,Y,0,0,0,3,0,3,18,7,N,N,40 01:13.890,75 02:34.002,1605,45,1545,2,2,1,N, ,0,N,Y,N,N,N,Y,Y,N,Y,7,5,0,0,0,0,2,0,0,0,0,1,3,2,1,0,0,0,0,0,1,0,0,0,0,0,0,0,0,0,0,0,0,0,0,4,0,40.0205,-75.0429, , 
51301,589485,2013096565,6,67,67301,2013,9,6,743,7,1,1,0,7,2, , ,N,0,0,0,3,0,1,1,1,N,N,39 59:25.915,75 12:17.124,749, ,743, ,0, ,N, ,0, , , , , , , , , ,1,1,0,0,0,0,0,0,0,0,0,1,1,0,0,0,0,0,0,0,0,0,0,0,0,0,0,0,0,0,0,0,0,0,0,4,0,39.9905,-75.2048, , 
51302,589487,2013100148,6,67,67301,2013,9,1,1800,18,4,1,0,8,1, , ,N,0,0,0,3,0,1,2,2,N,N,39 58:03.709,75 13:26.425,2330, ,2330, ,0, ,N, ,0, , , , , , , , , ,1,0,0,0,0,0,1,0,0,0,0,1,1,0,0,0,0,0,0,0,1,0,0,0,0,0,0,0,0,0,0,0,1,0,0,4,0,39.9677,-75.224, , 
51303,589495,2013108638,6,67,67301,2013,10,6,1540,15,1,1,0,1,1, , ,N,0,0,0,3,0,1,2,2,N,N,39 58:47.936,75 12:17.406,1540, ,1540,1,2,4,N, ,0,N, , , , , , , , ,2,2,0,0,0,0,0,0,0,0,0,1,1,0,0,0,0,0,0,0,0,0,0,0,0,0,0,0,0,0,0,0,0,0,0,4,0,39.98,-75.2048, , 
51304,589511,2013077401,6,67,67301,2013,7,7,321,3,3,1,0,1,1, , ,N,1,3,0,3,0,2,3,2,N, ,40 00:30.340,75 05:47.417,402, ,359, ,0, , , ,3, , , , , , , , , ,2,1,0,0,0,0,1,0,0,0,0,2,2,0,0,0,0,0,0,0,1,0,0,0,0,0,0,0,0,0,0,0,0,0,0,4,0,40.0084,-75.0965, , 
51305,589518,2013067295,6,67,67301,2013,3,6,1000,10,1,1,0,4,1, , ,N,0,0,7,3,0,1,2,2,N,N,39 56:37.960,75 13:31.400,0, ,0, ,0, ,N, ,0, , , , , , , , , ,2,1,0,0,0,0,0,0,0,0,0,0,1,1,1,0,0,0,0,0,0,0,0,0,0,0,0,0,0,0,0,0,0,0,0,8,0,39.9439,-75.2254, , 
51306,589566,2013077395,6,67,67301,2013,7,5,2355,23,3,1,0,8,1, , ,N,1,2,0,3,0,1,4,2,N,N,39 59:50.885,75 07:16.672,9999, ,2355,9,1,3,N, ,3,N, , , , , , , , ,1,1,0,0,0,0,0,0,0,0,0,1,1,0,0,0,0,0,0,0,0,0,0,1,0,0,0,0,0,0,0,0,1,0,0,4,0,39.9975,-75.1213, , 
51307,589568,2013079460,6,67,67301,2013,6,3,18,0,3,1,0,0,1, , ,N,2,0,0,3,1,0,2,2,N,N,40 01:13.039,75 09:46.119,19, ,19,3,2,6,N,0,0,Y, , , , , , , , ,2,1,1,0,0,0,0,0,0,0,0,0,0,0,0,0,0,0,0,0,0,0,0,0,0,0,0,0,1,0,0,0,0,0,0,1,0,40.0203,-75.1628,2, 
51308,589577,2013086824,6,67,67301,2013,8,1,545,5,1,1,0,4,1, , ,N,1,1,0,3,0,0,3,2,N,N,39 57:32.561,75 13:01.166,550, ,546, ,0, ,N, ,2, , , , , , , , , ,2,1,0,0,0,0,0,1,0,0,0,0,0,0,0,0,0,0,0,1,0,1,0,0,0,0,0,0,0,0,0,0,0,0,0,0,0,39.959,-75.217, , 
51309,589624,2013086846,6,67,67301,2013,8,2,1500,15,1,1,0,1,1, , ,N,1,2,0,3,0,1,3,2,N,N,39 58:01.623,75 09:37.609,1533, ,1525, ,0, ,N, ,3, , , , , , , , , ,2,2,0,0,0,0,0,0,0,0,0,1,1,0,0,0,0,0,0,0,0,0,0,0,0,0,0,0,0,0,0,0,0,0,0,4,0,39.967,-75.1603, , 
51310,589636,2013097551,6,67,67301,2013,9,1,818,8,1,1,0,7,2, , ,N,0,0,0,3,0,1,1,1,N,N,39 58:17.456,75 11:35.700,828, ,821, ,0, ,N, ,0, , , , , , , , , ,1,1,0,0,0,0,0,0,0,0,0,0,1,1,0,0,0,0,0,0,0,0,0,0,0,0,0,0,0,0,0,0,0,0,0,8,0,39.9715,-75.1933, , 
51311,589642,2013106392,6,67,67301,2013,10,4,244,2,3,1,0,5,1, , ,N,0,0,0,3,0,0,2,2,N,N,39 53:33.525,75 13:30.578,256, ,246, ,0, ,N, ,0, , , , , , , , , ,2,0,0,0,0,0,2,0,0,0,0,0,0,0,0,0,0,0,0,0,0,0,0,0,0,0,0,0,0,0,0,0,0,0,0,0,0,39.8926,-75.2252, , 