objectid_1,objectid,crn,district,county,municipality,crash_year,crash_month,day_of_week,time_of_day,hour_of_day,illumination,weather,road_condition,collision_type,relation_to_road,work_zone_type,work_zone_loc,work_zone_ind,intersect_type,tcd_type,location_type,urban_rural,fatal_count,injury_count,person_count,total_units,sch_bus_ind,sch_zone_ind,latitude,longitude,arrival_tm,cons_zone_spd_lim,dispatch_tm,est_hrs_closed,lane_closed,ln_close_dir,ntfy_hiwy_maint,spec_juris_cd,tcd_func_cd,tfc_detour_ind,workers_pres,wz_close_detour,wz_flagger,wz_law_offcr_ind,wz_ln_closure,wz_moving,wz_other,wz_shlder_mdn,vehicle_count,automobile_count,motorcycle_count,bus_count,small_truck_count,heavy_truck_count,suv_count,van_count,bicycle_count,maj_inj_count,mod_inj_count,min_inj_count,tot_inj_count,unk_inj_deg_count,unk_inj_per_count,driver_count_16yr,driver_count_17yr,driver_count_18yr,driver_count_19yr,driver_count_20yr,driver_count_50_64yr,driver_count_65_74yr,driver_count_75plus,unbelted_occ_count,unb_death_count,unb_maj_inj_count,belted_death_count,belted_maj_inj_count,mcycle_death_count,mcycle_maj_inj_count,bicycle_death_count,bicycle_maj_inj_count,ped_count,ped_death_count,ped_maj_inj_count,max_severity_level,comm_veh_count,dec_lat,dec_long,rdwy_surf_type_cd,county_name
51312,589644,2013114110,6,67,67301,2013,11,7,1815,18,3,1,0,1,1, , ,N,0,0,0,3,0,0,2,2,N,N,39 57:35.240,75 10:37.696,1900, ,1820,1,1,4,N, ,0,N, , , , , , , , ,2,1,0,0,0,0,1,0,0,0,0,0,0,0,0,0,0,0,0,0,0,0,0,0,0,0,0,0,0,0,0,0,0,0,0,0,0,39.9598,-75.1771, , 
51313,589653,2013065320,6,67,67301,2013,5,6,1600,16,1,1,0,4,1, , ,N,2,2,0,3,1,2,5,2,N,N,40 04:39.076,75 02:38.141,1610, ,1605, ,0, ,N,0,3, , , , , , , , , ,2,1,0,0,0,0,0,1,0,0,0,2,2,0,0,0,0,0,0,0,0,1,1,0,0,0,1,0,0,0,0,0,0,0,0,1,0,40.0775,-75.0438,2, 
51314,589709,2013070080,6,67,67301,2013,6,6,1803,18,1,1,0,8,1, , ,N,1,0,0,3,0,1,2,2,N,N,39 59:04.357,75 07:28.695,1817, ,1815, ,0, ,N, ,0, , , , , , , , , ,1,0,0,0,1,0,0,0,0,0,0,1,1,0,0,0,0,0,0,0,0,0,0,0,0,0,0,0,0,0,0,0,1,0,0,4,0,39.9845,-75.1246, , 
51315,589710,2013070331,6,67,67301,2013,5,4,1130,11,1,1,0,7,5, , ,N,0,0,0,3,0,1,5,1,N,Y,39 58:44.201,75 13:49.711,1134, ,1134,2,1,3,N, ,0,N, , , , , , , , ,1,0,0,0,0,0,0,1,0,0,0,1,1,0,0,0,0,0,0,0,0,0,0,0,0,0,0,0,0,0,0,0,0,0,0,4,0,39.9789,-75.2305, , 
51316,589711,2013074777,6,67,67301,2013,6,5,608,6,1,2,1,4,1, , ,N,1,3,0,3,0,0,6,2,N,N,40 01:52.664,75 03:58.343,617, ,613,1,2,3,N, ,3,Y, , , , , , , , ,2,1,0,0,0,0,0,1,0,0,0,0,0,0,0,0,0,0,0,1,0,0,0,0,0,0,0,0,0,0,0,0,0,0,0,0,0,40.0313,-75.0662, , 
51317,589714,2013079480,6,67,67301,2013,7,6,1820,18,1,1,0,4,1, , ,N,1,2,0,3,0,4,5,2,N,N,39 58:07.803,75 14:43.549,1825, ,1820,3,1,6,N, ,3,N, , , , , , , , ,2,2,0,0,0,0,0,0,0,0,2,1,4,1,0,0,1,0,0,0,0,0,0,0,0,0,0,0,0,0,0,0,0,0,0,3,0,39.9688,-75.2454, , 
51318,589717,2013086932,6,67,67301,2013,7,3,2331,23,3,1,0,4,1, , ,N,1,2,0,3,0,2,4,2,N,N,39 57:03.938,75 10:19.451,2337, ,2336, ,0, ,N, ,3, , , , , , , , , ,2,1,1,0,0,0,0,0,0,0,1,1,2,0,0,0,0,0,0,0,0,0,0,1,0,0,0,0,0,0,0,0,0,0,0,3,0,39.9511,-75.1721, , 
51319,589726,2013098392,6,67,67301,2013,9,1,159,1,3,1,0,4,1, , ,N,1,0,0,3,0,0,2,2,N,N,39 57:15.325,75 14:25.306,216, ,210, ,0, , , ,0, , , , , , , , , ,2,2,0,0,0,0,0,0,0,0,0,0,0,0,0,0,0,0,0,1,1,0,0,0,0,0,0,0,0,0,0,0,0,0,0,0,0,39.9543,-75.2404, , 
51320,583884,2013070674,6,67,67301,2013,7,5,2342,23,3,1,0,1,1, , ,N,0,0,0,3,0,1,6,2,N,N,39 59:31.079,75 12:07.165,2342, ,2342, ,0, ,N, ,0, , , , , , , , , ,2,1,0,0,0,0,1,0,0,0,0,1,1,0,0,0,0,0,0,0,0,0,0,0,0,0,0,0,0,0,0,0,0,0,0,4,0,39.992,-75.202, , 
51321,583903,2013086273,6,67,67301,2013,7,4,9999,99,3,1,0,8,1, , ,N,1,2,0,3,0,1,2,2,N,N,40 03:23.636,75 02:47.581,2157, ,2153, ,0, , , ,3, , , , , , , , , ,1,1,0,0,0,0,0,0,0,0,0,1,1,0,0,0,0,0,0,0,0,0,0,0,0,0,0,0,0,0,0,0,1,0,0,4,0,40.0566,-75.0466, , 
51322,583926,2013064089,6,67,67301,2013,6,7,116,1,3,2,1,0,1, , ,N,0,0,0,3,0,1,2,2,N,N,40 02:38.321,75 00:10.248,137, ,118,1,1,2,N, ,0,N, , , , , , , , ,2,1,0,0,0,0,1,0,0,0,0,1,1,0,0,0,0,0,0,1,0,0,0,0,0,0,0,0,0,0,0,0,0,0,0,4,0,40.044,-75.0028, , 
51323,583927,2013072341,6,67,67301,2013,7,5,1630,16,1,1,0,1,1, , ,N,0,0,0,3,0,2,3,3,N,N,39 57:34.044,75 10:28.129,1639, ,1630,1,2,4,N, ,0,N, , , , , , , , ,3,3,0,0,0,0,0,0,0,0,0,1,2,1,0,0,1,0,0,0,0,1,0,0,0,0,0,0,0,0,0,0,0,0,0,4,0,39.9595,-75.1745, , 
51324,583943,2013086667,6,67,67301,2013,8,5,1835,18,1,1,0,4,1, , ,N,3,0,0,3,0,0,2,2,N,N,40 03:48.970,75 12:00.871,1900, ,1845, ,0, , , ,0, , , , , , , , , ,2,0,0,0,0,0,2,0,0,0,0,0,0,0,0,0,0,0,1,0,0,1,0,0,0,0,0,0,0,0,0,0,0,0,0,0,0,40.0636,-75.2002, , 
51325,583952,2013101209,6,67,67301,2013,9,6,1720,17,1,1,0,8,1, , ,N,1,2,0,3,0,1,2,2,N,N,39 57:26.638,75 09:25.497,1723, ,1720, ,0, ,N, ,3, , , , , , , , , ,1,1,0,0,0,0,0,0,0,0,1,0,1,0,0,0,0,0,0,0,0,0,0,0,0,0,0,0,0,0,0,0,1,0,0,3,0,39.9574,-75.1571, , 
51326,583955,2013105256,6,67,67301,2013,10,2,840,8,1,1,0,4,1, , ,N,1,2,0,3,0,1,2,2,N,N,40 00:11.467,75 09:09.273,846, ,845, ,0, ,N, ,3, , , , , , , , , ,1,1,0,0,0,0,0,0,1,0,0,1,1,0,0,0,0,0,0,0,0,0,0,1,0,0,0,0,0,0,0,0,0,0,0,4,0,40.0032,-75.1525, , 
51327,583971,2013065350,6,67,67301,2013,5,1,211,2,3,1,0,8,1, , ,N,0,0,0,3,0,1,3,2,N, ,40 01:46.128,75 06:11.398,218, ,212,3,2,1, , ,0,Y, , , , , , , , ,1,1,0,0,0,0,0,0,0,0,1,0,1,0,0,0,0,0,0,0,0,0,0,0,0,0,0,0,0,0,0,0,1,0,0,3,0,40.0295,-75.1032, , 
51328,583977,2013073308,6,67,67301,2013,7,7,1501,15,1,1,0,1,1, , ,N,0,0,0,3,0,1,7,3,N,N,39 57:25.878,75 09:26.662,1514, ,1504, ,0, ,N, ,0, , , , , , , , , ,3,1,0,0,1,0,1,0,0,0,0,1,1,0,0,0,0,0,0,0,1,0,0,0,0,0,0,0,0,0,0,0,0,0,0,4,0,39.9572,-75.1574, , 
51329,583982,2013075501,6,67,67301,2013,7,5,1446,14,1,1,0,1,1, , ,N,0,0,0,3,0,1,4,3,N,N,39 57:30.542,75 10:03.575,1447, ,1446, ,0, ,N, ,0, , , , , , , , , ,3,3,0,0,0,0,0,0,0,0,0,0,1,1,0,0,0,0,0,0,0,0,0,0,0,0,0,0,0,0,0,0,0,0,0,8,0,39.9585,-75.1677, , 
51330,583988,2013079527,6,67,67301,2013,7,4,2330,23,3,1,0,0,1, , ,N,2,0,0,3,0,0,1,2,N, ,39 59:11.558,75 12:18.363,15, ,1, ,0, , , ,0, , , , , , , , , ,1,0,0,0,0,0,1,0,0,0,0,0,0,0,0,0,0,0,0,0,1,0,0,0,0,0,0,0,0,0,0,0,0,0,0,0,0,39.9865,-75.2051, , 
51331,583999,2013086665,6,67,67301,2013,8,7,1605,16,1,1,0,4,1, , ,N,2,2,0,3,0,2,4,2,N, ,39 57:29.526,75 14:07.849,1629, ,1620, ,0, , , ,3, , , , , , , , , ,2,1,0,0,0,0,0,1,0,0,2,0,2,0,0,0,0,0,0,0,2,0,0,0,0,0,0,0,0,0,0,0,0,0,0,3,0,39.9582,-75.2355, , 
51332,584006,2013096125,6,67,67301,2013,8,7,1830,18,1,1,0,8,1, , ,N,1,0,0,3,0,1,2,2,N,N,39 56:13.246,75 10:30.496,1910, ,1900, ,0, , , ,0, , , , , , , , , ,1,1,0,0,0,0,0,0,0,0,0,1,1,0,0,0,0,0,0,0,1,0,0,0,0,0,0,0,0,0,0,0,1,0,0,4,0,39.937,-75.1751, , 
51333,584007,2013098367,6,67,67301,2013,9,3,2025,20,3,1,0,1,1, , ,N,0,2,0,3,0,1,2,2,N,N,39 57:13.221,75 11:56.112,2120, ,2113, ,0, ,N, ,3, , , , , , , , , ,2,0,0,0,1,0,0,1,0,0,0,0,1,1,0,0,0,0,0,0,0,0,0,0,0,0,0,0,0,0,0,0,0,0,0,8,0,39.9537,-75.1989, , 
51334,584022,2013064095,6,67,67301,2013,6,1,239,2,3,1,0,7,3, , ,N,0,0,0,3,0,0,1,1,N,N,39 57:24.586,75 10:49.200,246, ,240, ,0, ,N, ,0, , , , , , , , , ,1,0,0,0,0,0,0,1,0,0,0,0,0,0,0,0,0,0,0,0,0,0,0,0,0,0,0,0,0,0,0,0,0,0,0,0,0,39.9568,-75.1803, , 
51335,584054,2013098355,6,67,67301,2013,8,5,207,2,3,8,1,1,1, , ,N,0,0,0,3,0,1,6,2,N,N,39 59:21.751,75 09:19.678,209, ,207, ,0, ,N, ,0, , , , , , , , , ,2,2,0,0,0,0,0,0,0,0,1,0,1,0,0,0,0,0,0,0,0,0,0,0,0,0,0,0,0,0,0,0,0,0,0,3,0,39.9894,-75.1555, , 
51336,584082,2013080426,6,67,67301,2013,7,5,850,8,1,1,0,4,1, , ,N,2,0,0,3,0,1,2,2,N, ,39 57:28.220,75 09:19.288,907, ,900, ,0, , , ,0, , , , , , , , , ,1,1,0,0,0,0,0,0,1,0,0,1,1,0,0,0,0,0,0,0,0,0,0,1,0,0,0,0,0,0,0,0,0,0,0,4,0,39.9578,-75.1554, , 
51337,584085,2013086196,6,67,67301,2013,7,2,1602,16,1,1,0,1,1, , ,N,0,0,0,3,0,1,3,3,N,N,40 02:12.690,75 08:18.220,1602, ,1602,2,1,4,N, ,0,Y, , , , , , , , ,3,2,0,0,0,0,1,0,0,0,0,1,1,0,2,0,0,0,0,0,1,0,0,1,0,0,0,0,0,0,0,0,0,0,0,4,0,40.0369,-75.1384, , 
51338,586602,2013083999,6,67,67301,2013,7,6,1943,19,1,1,0,4,1, , ,N,1,2,0,3,0,1,5,2,N,N,40 02:25.817,75 03:32.713,1945, ,1943,1,1,2,N, ,3,N, , , , , , , , ,2,2,0,0,0,0,0,0,0,0,0,1,1,0,0,0,0,0,0,1,0,0,0,0,0,0,0,0,0,0,0,0,0,0,0,4,0,40.0405,-75.0591, , 
51339,586603,2013084424,6,67,67301,2013,7,4,9999,99,1,1,0,2,1, , ,N,0,0,0,3,0,0,3,3,N, ,39 59:41.560,75 06:06.000,9999, ,1930, ,0, , , ,0, , , , , , , , , ,3,2,0,0,1,0,0,0,0,0,0,0,0,0,0,0,0,0,0,0,0,0,0,1,0,0,0,0,0,0,0,0,0,0,0,0,0,39.9949,-75.1017, , 
51340,586609,2013101130,6,67,67301,2013,9,5,1315,13,1,1,0,8,1, , ,N,1,2,0,3,0,1,2,2,N, ,39 57:25.867,75 12:07.023,1340, ,9999, ,0, , , ,3, , , , , , , , , ,1,0,0,0,0,0,0,0,0,0,0,1,1,0,0,0,0,0,0,0,0,0,0,0,0,0,0,0,0,0,0,0,1,0,0,4,0,39.9571,-75.2019, , 
51341,586611,2013103937,6,67,67301,2013,9,7,2015,20,3,2,1,8,1, , ,N,3,0,0,3,0,1,2,2,N, ,39 58:25.999,75 12:24.461,2025, ,2017, ,0, , , ,0, , , , , , , , , ,1,0,0,0,0,0,0,0,0,0,1,0,1,0,1,0,0,0,0,0,0,0,0,0,0,0,0,0,0,0,0,0,1,0,0,3,0,39.9738,-75.2068, , 
51342,586614,2013055535,6,67,67301,2013,4,6,1017,10,1,1,0,4,1, , ,N,0,0,0,3,0,2,4,2,N,N,39 58:27.964,75 12:06.738,1025, ,1017, ,0, ,N, ,0, , , , , , , , , ,2,1,0,0,0,0,0,0,0,0,0,2,2,0,1,0,0,0,0,0,0,0,0,0,0,0,0,0,0,0,0,0,0,0,0,4,0,39.9744,-75.2019, , 
51343,586622,2013065441,6,67,67301,2013,5,6,2130,21,3,1,0,8,1, , ,N,0,0,0,3,0,1,2,2,N,N,40 01:56.470,75 12:50.172,2200, ,2159, ,0, ,N, ,0, , , , , , , , , ,1,1,0,0,0,0,0,0,0,0,0,0,1,1,0,0,0,0,0,0,0,1,0,0,0,0,0,0,0,0,0,0,1,0,0,8,0,40.0324,-75.2139, , 
51344,586639,2013093295,6,67,67301,2013,9,7,1440,14,1,1,0,7,1,1,2,Y,0,0,0,3,0,0,1,1,N,N,40 01:44.136,75 01:21.540,1500,45,1440, ,0, ,N, ,0, ,N,N,N,N,N,N,N,Y,1,1,0,0,0,0,0,0,0,0,0,0,0,0,0,0,0,0,0,1,0,0,0,0,0,0,0,0,0,0,0,0,0,0,0,0,0,40.0288,-75.0228, , 
51345,586644,2013101805,6,67,67301,2013,9,4,1730,17,1,1,0,5,1, , ,N,0,0,0,3,0,0,2,2,N, ,40 05:44.901,74 59:28.514,1745, ,1738, ,0, , , ,0, , , , , , , , , ,2,1,0,0,0,0,1,0,0,0,0,0,0,0,0,0,0,0,0,0,1,0,0,0,0,0,0,0,0,0,0,0,0,0,0,0,0,40.0958,-74.9913, , 
51346,586645,2013103146,6,67,67301,2013,10,6,429,4,3,2,7,7,2, , ,N,0,0,0,3,0,0,3,1,N,N,39 57:07.102,75 10:56.899,439, ,431,1,2,3,N, ,0,N, , , , , , , , ,1,1,0,0,0,0,0,0,0,0,0,0,0,0,0,0,0,0,0,0,0,0,0,0,0,0,0,0,0,0,0,0,0,0,0,0,0,39.952,-75.1825, , 
51347,586676,2013070406,6,67,67301,2013,6,6,1141,11,1,1,0,4,1, , ,N,1,2,0,3,0,1,2,2,N,N,39 55:28.531,75 10:16.770,1147, ,1143,1,1,2,N, ,3,Y, , , , , , , , ,1,1,0,0,0,0,0,0,1,0,0,0,1,1,0,0,0,0,0,0,0,0,0,0,0,0,0,0,0,0,0,0,0,0,0,8,0,39.9246,-75.1713, , 
51348,586677,2013070453,6,67,67301,2013,6,5,2013,20,3,2,1,6,1, , ,N,1,2,0,3,0,1,2,2,N,N,39 57:18.767,75 11:53.908,9999, ,9999, ,0, ,N, ,3, , , , , , , , , ,1,0,1,0,0,0,0,0,1,0,1,0,1,0,0,0,0,0,0,0,0,0,0,0,0,0,0,0,0,0,0,0,0,0,0,3,0,39.9552,-75.1983, , 
51349,586694,2013086793,6,67,67301,2013,7,5,9999,99,1,1,0,1,1, , ,N,1,2,0,3,0,0,3,3,N, ,39 58:23.579,75 09:32.853,2020, ,2018, ,0, ,N, ,3, , , , , , , , , ,3,2,0,0,1,0,0,0,0,0,0,0,0,0,0,0,0,0,0,0,1,0,0,0,0,0,0,0,0,0,0,0,0,0,0,0,0,39.9732,-75.159, , 
51350,586695,2013086893,6,67,67301,2013,8,5,1432,14,1,2,1,1,1, , ,N,0,0,3,3,0,0,2,2,N, ,40 06:03.190,75 01:26.550,1608, ,1606,2,1,3, , ,0,N, , , , , , , , ,2,1,0,0,0,0,1,0,0,0,0,0,0,0,0,0,0,0,0,1,0,0,0,0,0,0,0,0,0,0,0,0,0,0,0,0,0,40.1009,-75.024, , 
51351,586696,2013086952,6,67,67301,2013,8,6,530,5,1,1,0,1,1, , ,N,1,2,0,3,0,2,4,2,N,N,40 03:22.881,75 14:09.500,9999, ,535, ,0, , , ,9, , , , , , , , , ,2,1,0,0,1,0,0,0,0,0,0,2,2,0,0,0,0,0,0,0,1,0,0,1,0,0,0,0,0,0,0,0,0,0,0,4,0,40.0564,-75.236, , 
51352,586701,2013095985,6,67,67301,2013,8,3,55,0,3,1,0,1,1, , ,N,0,0,0,3,0,2,2,2,N,N,39 54:46.316,75 11:32.875,102, ,100,2,2,2,N, ,0,N, , , , , , , , ,2,1,0,0,1,0,0,0,0,0,0,0,2,2,0,0,0,0,0,0,0,1,0,0,0,0,0,0,0,0,0,0,0,0,0,8,0,39.9129,-75.1925, , 
51353,586705,2013101744,6,67,67301,2013,9,1,1932,19,3,1,0,4,1, , ,N,2,0,0,3,0,1,2,2,N,N,39 57:45.204,75 12:37.981,1932, ,1932, ,0, ,N, ,0, , , , , , , , , ,1,1,0,0,0,0,0,0,1,0,0,1,1,0,0,0,0,0,0,0,1,0,0,0,0,0,0,0,0,0,0,0,0,0,0,4,0,39.9626,-75.2106, , 
51354,586714,2013055609,6,67,67301,2013,4,7,1437,14,1,1,0,1,1, , ,N,2,2,0,3,0,0,2,2,N,N,39 57:02.767,75 10:32.497,1445, ,1437, ,0, , , ,3, , , , , , , , , ,2,2,0,0,0,0,0,0,0,0,0,0,0,0,1,0,0,0,0,0,0,1,0,0,0,0,0,0,0,0,0,0,0,0,0,9,0,39.9508,-75.1757, , 
51355,586722,2013079663,6,67,67301,2013,7,2,2118,21,3,1,0,0,1, , ,N,0,0,0,3,0,1,1,1,N,N,39 58:39.028,75 06:45.164,2124, ,2119,2,2,2,N, ,0,N, , , , , , , , ,1,0,1,0,0,0,0,0,0,0,1,0,1,0,0,0,0,0,0,0,0,0,0,0,0,0,0,0,0,0,0,0,0,0,0,3,0,39.9775,-75.1125, , 
51356,586734,2013093047,6,67,67301,2013,8,3,1509,15,1,1,1,8,2, , ,N,1,0,0,3,0,1,2,2,N,N,40 02:28.777,75 10:32.714,1512, ,1010, ,0, ,N, ,0, , , , , , , , , ,1,1,0,0,0,0,0,0,0,0,0,1,1,0,0,0,0,0,0,0,0,0,0,0,0,0,0,0,0,0,0,0,1,0,0,4,0,40.0413,-75.1758, , 
51357,592280,2013101743,6,67,67301,2013,9,6,2203,22,3,1,0,1,1, , ,N,0,0,0,3,0,2,3,2,N,N,39 57:43.230,75 12:58.741,2320, ,2313, ,0, ,N, ,0, , , , , , , , , ,2,1,0,0,0,0,1,0,0,0,0,0,2,2,0,0,0,0,0,0,1,0,0,0,0,0,0,0,0,0,0,0,0,0,0,8,0,39.962,-75.2163, , 
51358,592304,2013074682,6,67,67301,2013,6,6,2032,20,1,1,0,8,1, , ,N,1,2,0,3,0,1,2,2,N,N,40 00:35.524,75 09:21.688,2034, ,2033, ,0, ,N, ,3, , , , , , , , , ,1,1,0,0,0,0,0,0,0,0,0,1,1,0,0,0,0,0,0,0,0,0,0,0,0,0,0,0,0,0,0,0,1,0,0,4,0,40.0099,-75.156, , 
51359,592312,2013080034,6,67,67301,2013,7,6,340,3,3,1,0,7,5, , ,N,1,2,0,3,0,1,1,1,N,N,40 00:54.823,75 10:11.829,347, ,347, ,0, ,N, ,3, , , , , , , , , ,1,1,0,0,0,0,0,0,0,0,0,1,1,0,0,0,0,0,0,0,0,0,0,1,0,0,0,0,0,0,0,0,0,0,0,4,0,40.0152,-75.1699, , 
51360,592316,2013083968,6,67,67301,2013,7,3,1424,14,1,1,0,8,1, , ,N,1,3,0,3,0,1,2,2,N, ,39 57:14.058,75 12:37.123,1450, ,1446, ,0, , , ,3, , , , , , , , , ,1,0,0,0,0,0,1,0,0,0,0,1,1,0,1,0,0,0,0,0,0,0,0,0,0,0,0,0,0,0,0,0,1,0,0,4,0,39.9539,-75.2103, , 
51361,592326,2013101179,6,67,67301,2013,9,6,0,0,3,2,1,4,1, , ,N,2,3,0,3,0,2,3,2,N,N,39 59:22.246,75 07:06.039,224, ,224,2,1,2,N, ,3,N, , , , , , , , ,2,1,0,0,1,0,0,0,0,0,0,2,2,0,0,0,0,0,0,0,1,0,0,0,0,0,0,0,0,0,0,0,0,0,0,4,0,39.9895,-75.1183, , 
51362,592327,2013101223,6,67,67301,2013,9,2,1755,17,1,1,0,8,1, , ,N,0,0,0,3,0,1,2,3,N, ,39 55:31.641,75 14:11.320,1757, ,1755, ,0, ,N, ,0, , , , , , , , , ,2,1,0,0,0,0,0,1,0,0,0,1,1,0,0,0,0,0,0,0,0,0,0,0,0,0,0,0,0,0,0,0,1,0,0,4,0,39.9255,-75.2365, , 
51363,592337,2013106653,6,67,67301,2013,9,7,2355,23,3,1,0,4,1, , ,N,2,3,0,3,0,1,2,2,N,N,39 54:42.570,75 10:40.195,5, ,1, ,0, ,N, ,3, , , , , , , , , ,1,1,0,0,0,0,0,0,1,0,0,0,1,1,0,0,0,0,0,0,0,0,0,1,0,0,0,0,0,0,0,0,0,0,0,8,0,39.9118,-75.1778, , 
51364,592356,2013053129,6,67,67301,2013,4,3,710,7,1,1,0,4,1, , ,N,1,2,0,3,0,2,2,2,N,N,40 02:22.366,75 02:44.910,718, ,715, ,0, ,N, ,3, , , , , , , , , ,2,0,0,0,1,0,1,0,0,0,0,2,2,0,0,0,0,0,0,0,1,0,0,0,0,0,0,0,0,0,0,0,0,0,0,4,0,40.0395,-75.0458, , 
51365,592405,2013072348,6,67,67301,2013,7,7,1729,17,1,2,1,7,3, , ,N,0,0,0,3,0,0,4,2,N,N,39 55:52.088,75 11:56.888,1745, ,1731, ,0, ,N, ,0, , , , , , , , , ,2,1,0,0,0,0,1,0,0,0,0,0,0,0,0,0,0,0,0,1,0,0,0,0,0,0,0,0,0,0,0,0,0,0,0,0,0,39.9311,-75.1991, , 
51366,592411,2013103947,6,67,67301,2013,9,1,842,8,1,8,0,4,1, , ,N,2,2,0,3,0,1,4,2,N, ,40 00:46.755,75 12:07.063,849, ,842,1,1,5, , ,3,Y, , , , , , , , ,2,2,0,0,0,0,0,0,0,0,0,0,1,1,2,0,0,0,0,0,1,0,0,0,0,0,0,0,0,0,0,0,0,0,0,8,0,40.013,-75.202, , 
51367,592424,2013115356,6,67,67301,2013,10,2,1723,17,1,1,0,1,1, , ,N,0,0,0,3,0,2,8,3,N,N,40 01:15.579,75 05:40.316,1727, ,1725,9,1,1,N, ,0,N, , , , , , , , ,3,0,0,0,0,0,2,1,0,0,0,0,2,2,0,0,0,0,0,0,1,0,0,0,0,0,0,0,0,0,0,0,0,0,0,8,0,40.0212,-75.0944, , 
51368,592434,2013121356,6,67,67301,2013,10,7,1154,11,1,1,0,8,1, , ,N,1,2,0,3,0,1,4,2,N,N,39 56:33.464,75 08:56.209,1210, ,1205, ,0, ,N, ,3, , , , , , , , , ,1,1,0,0,0,0,0,0,0,0,0,1,1,0,0,0,0,0,0,0,0,0,0,0,0,0,0,0,0,0,0,0,1,0,0,4,0,39.9426,-75.1489, , 
51369,592439,2013125922,6,67,67301,2013,11,7,925,9,1,1,0,8,1, , ,N,2,2,0,3,0,1,2,2,N,N,40 03:04.129,75 07:21.028,940, ,929, ,0, , , ,3, , , , , , , , , ,1,0,0,0,0,0,1,0,0,0,1,0,1,0,0,0,0,0,0,0,0,0,0,1,0,0,0,0,0,0,0,0,1,0,0,3,0,40.0511,-75.1225, , 
51370,592480,2013101201,6,67,67301,2013,9,2,1245,12,1,1,0,1,1, , ,N,0,2,0,3,0,0,2,2,N,N,40 01:38.951,75 05:54.321,1247, ,1246,2,1,2,N, ,3,N, , , , , , , , ,2,2,0,0,0,0,0,0,0,0,0,0,0,0,0,0,0,0,0,0,1,0,0,0,0,0,0,0,0,0,0,0,0,0,0,0,0,40.0275,-75.0984, , 
51371,592521,2013086767,6,67,67301,2013,8,4,1043,10,1,1,0,4,1, , ,N,2,2,0,3,0,1,2,2,N, ,39 56:53.426,75 10:27.573,1050, ,1046, ,0, , , ,3, , , , , , , , , ,1,1,0,0,0,0,0,0,1,0,0,1,1,0,0,0,0,0,0,0,0,0,0,0,0,0,0,0,0,0,0,0,0,0,0,4,0,39.9482,-75.1743, , 
51372,592530,2013101026,6,67,67301,2013,8,5,1429,14,1,1,0,2,1, , ,N,0,0,0,3,0,0,3,3,N,N,40 02:21.005,75 11:06.032,1514, ,1514, ,0, ,N, ,0, , , , , , , , , ,3,2,0,0,1,0,0,0,0,0,0,0,0,0,0,0,0,0,0,0,2,0,0,0,0,0,0,0,0,0,0,0,0,0,0,0,0,40.0392,-75.185, , 
51373,592549,2013065412,6,67,67301,2013,5,4,735,7,1,1,0,8,1, , ,N,1,3,0,3,0,1,2,2,N, ,39 56:16.447,75 11:48.310,735, ,735, ,0, , , ,3, , , , , , , , , ,1,1,0,0,0,0,0,0,0,0,0,1,1,0,0,0,0,0,0,0,0,0,0,0,0,0,0,0,0,0,0,0,1,0,0,4,0,39.9379,-75.1968, , 
51374,592556,2013075154,6,67,67301,2013,6,1,1803,18,1,1,0,5,1, , ,N,1,0,0,3,0,1,3,2,N,N,39 59:45.483,75 05:31.069,1810, ,1806, ,0, , , ,0, , , , , , , , , ,2,1,0,0,1,0,0,0,0,0,0,1,1,0,0,0,0,0,0,0,1,0,0,0,0,0,0,0,0,0,0,0,0,0,0,4,0,39.9959,-75.0921, , 
51375,581090,2013074743,6,67,67301,2013,6,5,1654,16,1,1,0,7,4, , ,N,0,0,0,3,0,1,1,1,N,N,40 03:15.159,75 05:42.554,1700, ,1654, ,0, ,N, ,0, , , , , , , , , ,1,0,0,0,0,0,1,0,0,0,0,0,1,1,0,0,0,0,0,0,0,0,0,0,0,0,0,0,0,0,0,0,0,0,0,8,0,40.0542,-75.0952, , 
51376,581097,2013086883,6,67,67301,2013,8,2,1233,12,1,1,0,6,1, , ,N,0,0,0,3,0,1,2,2,N,N,40 01:46.759,75 09:52.005,1245, ,1233, ,0, ,N, ,0, , , , , , , , , ,2,2,0,0,0,0,0,0,0,0,0,0,1,1,1,0,0,0,0,0,0,0,0,1,0,0,0,0,0,0,0,0,0,0,0,8,0,40.0297,-75.1644, , 
51377,581109,2013098375,6,67,67301,2013,8,4,1257,12,1,2,1,0,1, , ,N,0,0,0,3,0,1,1,4,N,N,39 58:46.564,75 09:09.978,1258, ,1258,4,2,7,N, ,0,Y, , , , , , , , ,4,4,0,0,0,0,0,0,0,0,0,0,1,1,0,0,0,0,0,0,1,0,0,0,0,0,0,0,0,0,0,0,0,0,0,8,0,39.9796,-75.1528, , 
51378,581115,2013101726,6,67,67301,2013,8,7,52,0,3,1,0,2,6, , ,N,0,0,0,3,0,0,1,2,N, ,40 03:07.451,74 59:03.209,105, ,52, ,0, , , ,0, , , , , , , , , ,2,2,0,0,0,0,0,0,0,0,0,0,0,0,0,0,0,0,1,0,0,0,0,0,0,0,0,0,0,0,0,0,0,0,0,0,0,40.0521,-74.9842, , 