objectid_1,objectid,crn,district,county,municipality,crash_year,crash_month,day_of_week,time_of_day,hour_of_day,illumination,weather,road_condition,collision_type,relation_to_road,work_zone_type,work_zone_loc,work_zone_ind,intersect_type,tcd_type,location_type,urban_rural,fatal_count,injury_count,person_count,total_units,sch_bus_ind,sch_zone_ind,latitude,longitude,arrival_tm,cons_zone_spd_lim,dispatch_tm,est_hrs_closed,lane_closed,ln_close_dir,ntfy_hiwy_maint,spec_juris_cd,tcd_func_cd,tfc_detour_ind,workers_pres,wz_close_detour,wz_flagger,wz_law_offcr_ind,wz_ln_closure,wz_moving,wz_other,wz_shlder_mdn,vehicle_count,automobile_count,motorcycle_count,bus_count,small_truck_count,heavy_truck_count,suv_count,van_count,bicycle_count,maj_inj_count,mod_inj_count,min_inj_count,tot_inj_count,unk_inj_deg_count,unk_inj_per_count,driver_count_16yr,driver_count_17yr,driver_count_18yr,driver_count_19yr,driver_count_20yr,driver_count_50_64yr,driver_count_65_74yr,driver_count_75plus,unbelted_occ_count,unb_death_count,unb_maj_inj_count,belted_death_count,belted_maj_inj_count,mcycle_death_count,mcycle_maj_inj_count,bicycle_death_count,bicycle_maj_inj_count,ped_count,ped_death_count,ped_maj_inj_count,max_severity_level,comm_veh_count,dec_lat,dec_long,rdwy_surf_type_cd,county_name
51379,581142,2013079545,6,67,67301,2013,7,1,1130,11,1,1,0,4,1, , ,N,0,0,7,3,0,2,3,2,N,N,39 58:20.348,75 14:56.234,9999, ,2020, ,0, ,N, ,0, , , , , , , , , ,2,2,0,0,0,0,0,0,0,0,0,1,2,1,1,0,0,0,0,0,0,0,1,0,0,0,0,0,0,0,0,0,0,0,0,4,0,39.9723,-75.249, , 
51380,581167,2013101376,6,67,67301,2013,9,2,1711,17,1,1,0,1,1,1,4,Y,0,0,0,3,0,3,12,3,N,N,39 53:58.790,75 09:44.666,1721,55,1712,3,2,1,Y, ,0,Y,N,N,N,N,Y,N,N,Y,3,1,0,0,0,1,0,1,0,0,0,0,3,3,0,0,0,0,0,0,0,0,0,0,0,0,0,0,0,0,0,0,0,0,0,8,1,39.8997,-75.1624, , 
51381,581173,2013070049,6,67,67301,2013,6,3,2015,20,1,1,0,4,1, , ,N,1,2,0,3,0,0,2,2,N,N,39 57:06.984,75 09:35.699,9999, ,2245, ,0, , , ,3, , , , , , , , , ,2,1,0,0,1,0,0,0,0,0,0,0,0,0,0,0,0,0,0,0,0,0,0,0,0,0,0,0,0,0,0,0,0,0,0,0,0,39.9519,-75.1598, , 
51382,581178,2013063438,6,67,67301,2013,5,4,1605,16,1,1,0,4,1, , ,N,1,0,0,3,0,1,2,2,N, ,40 01:10.776,75 04:30.529,1610, ,1610, ,0, , , ,0, , , , , , , , , ,2,2,0,0,0,0,0,0,0,0,0,1,1,0,0,0,0,1,0,0,0,0,0,0,0,0,0,0,0,0,0,0,0,0,0,4,0,40.0197,-75.0751, , 
51383,581181,2013065030,6,67,67301,2013,6,3,1238,12,1,2,1,7,2, , ,N,0,0,0,3,0,0,1,1,N,N,39 56:48.088,75 08:31.529,1247, ,1242,1,1,1,N, ,0,N, , , , , , , , ,1,1,0,0,0,0,0,0,0,0,0,0,0,0,0,0,0,0,0,0,0,0,0,0,0,0,0,0,0,0,0,0,0,0,0,0,0,39.9466,-75.1421, , 
51384,581187,2013070160,6,67,67301,2013,6,7,2050,20,3,1,0,4,1, , ,N,1,2,0,3,0,1,2,2,N,N,40 00:05.705,75 09:10.074,2100, ,2055, ,0, , , ,3, , , , , , , , , ,1,0,0,0,1,0,0,0,1,0,0,1,1,0,0,0,0,0,0,0,1,0,0,0,0,0,0,0,0,0,0,0,0,0,0,4,0,40.0016,-75.1528, , 
51385,581205,2013093185,6,67,67301,2013,8,2,1736,17,1,1,0,4,1, , ,N,1,0,0,3,0,1,2,2,N, ,40 03:52.885,74 58:56.121,1742, ,1736, ,0, , , ,0, , , , , , , , , ,2,1,0,0,0,0,1,0,0,0,0,1,1,0,0,0,0,0,0,0,0,0,0,0,0,0,0,0,0,0,0,0,0,0,0,4,0,40.0647,-74.9823, , 
51386,581268,2013055640,6,67,67301,2013,5,2,133,1,3,1,0,1,1, , ,N,1,2,0,3,0,1,2,2,N,N,39 57:41.735,75 09:16.329,136, ,136,1,1,2, , ,3,N, , , , , , , , ,2,1,0,0,1,0,0,0,0,0,0,0,1,1,0,0,0,0,0,0,0,0,0,0,0,0,0,0,0,0,0,0,0,0,0,8,0,39.9616,-75.1545, , 
51387,581276,2013058311,6,67,67301,2013,5,2,1014,10,1,1,0,7,2, , ,N,0,0,2,3,0,0,1,1,N,N,39 54:42.982,75 08:56.581,1025, ,1016, ,0, ,N, ,0, , , , , , , , , ,1,0,0,0,0,0,1,0,0,0,0,0,0,0,0,0,0,0,0,0,0,0,0,0,0,0,0,0,0,0,0,0,0,0,0,0,0,39.9119,-75.1491, , 
51388,581281,2013062682,6,67,67301,2013,5,5,207,2,3,1,0,7,5, , ,N,0,0,0,3,0,0,1,1,N,N,40 03:08.034,75 03:02.227,207, ,207,9,1,1,Y, ,0,N, , , , , , , , ,1,1,0,0,0,0,0,0,0,0,0,0,0,0,0,0,0,0,0,0,0,0,0,0,0,0,0,0,0,0,0,0,0,0,0,0,0,40.0522,-75.0506, , 
51389,581291,2013070137,6,67,67301,2013,6,7,1354,13,1,1,0,4,1, , ,N,0,0,7,3,0,1,2,2,N, ,40 02:55.694,75 04:31.864,1357, ,1355, ,0, , , ,0, , , , , , , , , ,1,1,0,0,0,0,0,0,1,0,0,1,1,0,0,0,0,0,0,0,0,1,0,0,0,0,0,0,0,0,0,0,0,0,0,4,0,40.0488,-75.0755, , 
51390,581292,2013074690,6,67,67301,2013,6,1,2028,20,1,1,0,5,1, , ,N,0,0,0,3,0,1,2,2,N,N,39 59:39.807,75 08:22.830,2036, ,2036, ,0, , , ,0, , , , , , , , , ,1,0,0,0,0,0,0,0,1,0,0,1,1,0,1,0,0,0,0,0,0,0,0,0,0,0,0,0,0,0,0,0,0,0,0,4,0,39.9944,-75.1397, , 
51391,581317,2013062615,6,67,67301,2013,5,6,1930,19,1,1,0,4,1, , ,N,1,2,0,3,0,1,2,2,N,N,40 03:23.018,75 01:08.607,1945, ,1943, ,0, ,N, ,3, , , , , , , , , ,2,1,0,0,0,0,1,0,0,0,0,0,1,1,0,0,0,0,0,0,0,0,0,0,0,0,0,0,0,0,0,0,0,0,0,8,0,40.0564,-75.0191, , 
51392,581323,2013070966,6,67,67301,2013,6,4,854,8,1,1,0,1,1, , ,N,0,0,0,3,0,2,2,2,N,N,39 59:40.408,75 09:33.914,856, ,954, ,0, ,N, ,0, , , , , , , , , ,2,2,0,0,0,0,0,0,0,0,0,2,2,0,0,0,0,0,0,0,0,0,0,0,0,0,0,0,0,0,0,0,0,0,0,4,0,39.9946,-75.1594, , 
51393,581328,2013074667,6,67,67301,2013,6,4,1432,14,1,1,0,4,1, , ,N,3,2,0,3,0,0,3,2,N,N,39 54:04.971,75 14:21.471,1523, ,1513, ,0, ,N, ,3, , , , , , , , , ,2,2,0,0,0,0,0,0,0,0,0,0,0,0,0,0,1,0,0,0,0,0,0,0,0,0,0,0,0,0,0,0,0,0,0,0,0,39.9014,-75.2393, , 
51394,574859,2013065366,6,67,67301,2013,5,5,1340,13,1,1,1,1,1, , ,N,1,2,0,3,0,2,3,2,N,N,40 02:34.004,75 06:48.689,1710, ,1200, ,0, ,N, ,3, , , , , , , , , ,2,1,0,0,0,0,1,0,0,0,2,0,2,0,1,0,0,0,0,0,2,0,0,0,0,0,0,0,0,0,0,0,0,0,0,3,0,40.0427,-75.1136, , 
51395,574862,2013070253,6,67,67301,2013,5,5,35,0,3,1,0,6,6, , ,N,0,0,0,3,0,0,1,4,N,N,40 02:00.016,75 06:24.022,40, ,35, ,0, ,N, ,0, , , , , , , , , ,4,2,0,0,0,0,0,2,0,0,0,0,0,0,1,0,0,0,0,0,0,0,0,0,0,0,0,0,0,0,0,0,0,0,0,9,0,40.0333,-75.1067, , 
51396,574870,2013075148,6,67,67301,2013,6,1,250,2,3,1,0,7,2, , ,N,0,0,0,3,0,1,1,1,N,N,40 01:44.529,75 07:09.962,254, ,250, ,0, ,N, ,0, , , , , , , , , ,1,1,0,0,0,0,0,0,0,0,0,1,1,0,0,0,0,0,0,0,0,0,0,0,0,0,0,0,0,0,0,0,0,0,0,4,0,40.029,-75.1194, , 
51397,574885,2013086782,6,67,67301,2013,8,2,915,9,1,1,0,4,1, , ,N,1,0,0,3,0,2,4,2,N,N,40 02:12.577,75 04:09.489,920, ,917,2,1,2,N, ,0,Y, , , , , , , , ,2,1,0,0,1,0,0,0,0,0,1,1,2,0,0,0,0,0,0,1,0,0,0,0,0,0,0,0,0,0,0,0,0,0,0,3,0,40.0368,-75.0692, , 
51398,574895,2013098409,6,67,67301,2013,9,1,2110,21,3,1,0,8,1, , ,N,1,3,0,3,0,1,2,2,N,N,40 01:05.649,75 06:39.103,2116, ,2114, ,0, ,N, ,3, , , , , , , , , ,1,0,0,0,0,0,0,1,0,0,0,1,1,0,0,0,0,0,0,0,0,0,0,0,0,0,0,0,0,0,0,0,1,0,0,4,0,40.0182,-75.1109, , 
51399,574898,2013101101,6,67,67301,2013,9,7,1630,16,1,1,0,8,1, , ,N,0,0,0,3,0,1,2,2,N,N,40 01:05.066,75 08:22.516,1730, ,1702, ,0, ,N, ,0, , , , , , , , , ,1,1,0,0,0,0,0,0,0,0,0,1,1,0,0,0,0,0,0,0,0,0,0,0,0,0,0,0,0,0,0,0,1,0,0,4,0,40.0181,-75.1396, , 
51400,574905,2013055411,6,67,67301,2013,5,6,1343,13,1,1,0,6,1, , ,N,0,0,0,3,0,0,1,3,N, ,40 04:46.630,75 12:33.410,1354, ,1344, ,0, , , ,0, , , , , , , , , ,3,2,0,0,1,0,0,0,0,0,0,0,0,0,1,0,0,0,0,0,1,0,0,0,0,0,0,0,0,0,0,0,0,0,0,9,0,40.0796,-75.2093, , 
51401,574923,2013075136,6,67,67301,2013,6,7,1740,17,1,1,0,1,1, , ,N,2,0,0,3,0,4,10,6,N,N,40 02:50.984,75 06:44.541,1750, ,1743,3,2,5, , ,0,Y, , , , , , , , ,6,4,0,0,1,0,1,0,0,0,0,2,4,2,0,0,0,0,0,0,2,0,0,1,0,0,0,0,0,0,0,0,0,0,0,4,0,40.0475,-75.1124, , 
51402,574929,2013077989,6,67,67301,2013,7,4,1448,14,1,1,0,1,1, , ,N,0,0,0,3,0,0,3,2,N,N,39 52:36.723,75 15:19.638,1501, ,1451, ,0, ,N, ,0, , , , , , , , , ,2,2,0,0,0,0,0,0,0,0,0,0,0,0,0,0,0,0,0,0,0,0,0,0,0,0,0,0,0,0,0,0,0,0,0,0,0,39.8769,-75.2555, , 
51403,574930,2013079975,6,67,67301,2013,7,1,1450,14,1,1,0,4,1, , ,N,1,3,0,3,0,2,4,2,N, ,39 55:33.491,75 10:55.428,1452, ,1450, ,0, ,N, ,3, , , , , , , , , ,2,1,0,0,0,0,1,0,0,0,0,2,2,0,0,0,1,0,0,0,0,0,0,0,0,0,0,0,0,0,0,0,0,0,0,4,0,39.926,-75.1821, , 
51404,574936,2013086838,6,67,67301,2013,8,1,1300,13,1,1,0,4,1, , ,N,1,2,0,3,0,2,3,2,N,N,40 03:10.684,75 08:12.112,1307, ,1304,9,1,4,N, ,3,Y, , , , , , , , ,2,1,0,0,0,0,1,0,0,0,0,2,2,0,0,0,0,0,0,0,0,0,0,0,0,0,0,0,0,0,0,0,0,0,0,4,0,40.053,-75.1367, , 
51405,574950,2013101001,6,67,67301,2013,9,3,1058,10,1,1,0,5,1, , ,N,1,2,0,3,0,4,10,2,N,N,39 57:24.012,75 11:52.849,1103, ,1100, ,0, ,N, ,3, , , , , , , , , ,2,0,0,0,1,0,0,1,0,0,0,4,4,0,0,0,0,0,0,0,1,0,0,0,0,0,0,0,0,0,0,0,0,0,0,4,0,39.9567,-75.198, , 
51406,574955,2013043418,6,67,67301,2013,3,2,12,0,3,1,0,4,1, , ,N,0,0,0,3,0,1,6,2,N,N,40 02:46.176,75 08:07.285,15, ,14,1,1,3,N, ,0,N, , , , , , , , ,2,1,0,0,0,0,1,0,0,0,0,1,1,0,0,0,0,0,0,0,0,0,0,0,0,0,0,0,0,0,0,0,0,0,0,4,0,40.0462,-75.1354, , 
51407,574971,2013074702,6,67,67301,2013,6,7,1802,18,1,1,0,5,1, , ,N,0,0,0,3,0,1,2,2,N,N,40 01:39.851,75 03:37.567,1820, ,1811, ,0, ,N, ,0, , , , , , , , , ,1,1,0,0,0,0,0,0,1,0,0,1,1,0,0,0,0,0,0,0,0,0,0,0,0,0,0,0,0,0,0,0,0,0,0,4,0,40.0277,-75.0604, , 
51408,574973,2013077472,6,67,67301,2013,7,2,835,8,1,2,1,4,1, , ,N,1,3,0,3,0,1,2,2,N,N,39 58:46.600,75 13:26.440,842, ,835, ,0, ,N, ,3, , , , , , , , , ,2,1,0,0,0,0,1,0,0,0,0,0,1,1,1,0,0,0,0,0,0,0,0,0,0,0,0,0,0,0,0,0,0,0,0,8,0,39.9796,-75.224, , 
51409,574997,2013106764,6,67,67301,2013,9,2,1500,15,1,1,0,8,1, , ,N,0,0,0,3,0,1,2,2,N,Y,39 57:50.702,75 09:46.137,9999, ,9999, ,0, , , ,0, , , , , , , , , ,1,0,0,0,0,0,1,0,0,0,0,0,1,1,0,0,0,0,0,0,0,0,0,0,0,0,0,0,0,0,0,0,1,0,0,8,0,39.9641,-75.1628, , 
51410,575017,2013059002,6,67,67301,2013,4,2,1706,17,1,1,0,7,2, , ,N,0,0,0,3,0,1,1,1,N,N,39 53:56.582,75 10:06.185,1724, ,1718, ,0, ,N, ,0, , , , , , , , , ,1,0,0,0,0,0,1,0,0,0,0,1,1,0,0,0,0,0,0,0,0,0,0,0,0,0,0,0,0,0,0,0,0,0,0,4,0,39.8991,-75.1684, , 
51411,575023,2013065526,6,67,67301,2013,5,5,650,6,1,9,0,4,1, , ,N,1,2,0,3,0,2,3,3,N,N,40 02:27.780,75 07:46.232,1000, ,1000, ,0, ,N, ,3, , , , , , , , , ,3,2,0,0,0,0,1,0,0,0,0,2,2,0,0,0,0,0,0,0,0,0,0,0,0,0,0,0,0,0,0,0,0,0,0,4,0,40.0411,-75.1295, , 
51412,575053,2013055350,6,67,67301,2013,5,2,1653,16,1,1,0,5,1, , ,N,0,0,0,3,0,1,3,2,N,N,39 57:00.018,75 09:47.628,1658, ,1654, ,0, ,N, ,0, , , , , , , , , ,1,0,0,0,0,0,1,0,1,0,1,0,1,0,0,0,0,0,0,0,0,0,0,0,0,0,0,0,0,0,0,0,0,0,0,3,0,39.95,-75.1632, , 
51413,577884,2013053037,6,67,67301,2013,4,6,714,7,1,1,0,4,1, , ,N,1,3,0,3,0,1,2,2,N,N,40 01:10.776,75 04:30.529,720, ,716, ,0, ,N, ,3, , , , , , , , , ,1,1,0,0,0,0,0,0,1,0,0,1,1,0,0,0,0,0,0,0,0,0,0,0,0,0,0,0,0,0,0,0,0,0,0,4,0,40.0197,-75.0751, , 
51414,577894,2013055559,6,67,67301,2013,5,4,1910,19,4,2,0,1,1, , ,N,1,2,0,3,0,4,5,3,N, ,40 02:07.380,75 02:21.834,1925, ,1915,1,1,4, , ,3,N, , , , , , , , ,3,1,0,0,2,0,0,0,0,0,0,3,4,1,0,0,0,1,0,0,1,0,0,0,0,0,0,0,0,0,0,0,0,0,0,4,0,40.0354,-75.0395, , 
51415,577917,2013036249,6,67,67301,2013,3,2,1300,13,1,1,0,4,1, , ,N,0,0,7,3,0,1,2,2,N,N,39 59:32.176,75 05:56.545,1335, ,1325, ,0, ,N, ,0, , , , , , , , , ,2,1,0,0,1,0,0,0,0,0,0,1,1,0,0,0,0,0,0,0,1,0,1,0,0,0,0,0,0,0,0,0,0,0,0,4,0,39.9924,-75.0987, , 
51416,577926,2013046328,6,67,67301,2013,4,6,320,3,3,2,1,4,1, , ,N,1,1,0,3,0,0,2,2,N,N,40 02:44.262,75 07:42.522,339, ,329, ,0, ,N, ,3, , , , , , , , , ,2,0,0,0,1,0,1,0,0,0,0,0,0,0,1,0,0,0,0,0,0,0,0,0,0,0,0,0,0,0,0,0,0,0,0,9,0,40.0456,-75.1285, , 
51417,577967,2013086193,6,67,67301,2013,8,6,345,3,3,1,0,7,5, , ,N,1,2,2,3,0,0,1,1,N,N,39 58:28.966,75 11:54.320,358, ,354, ,0, ,N, ,3, , , , , , , , , ,1,1,0,0,0,0,0,0,0,0,0,0,0,0,0,0,0,0,0,0,0,0,0,0,0,0,0,0,0,0,0,0,0,0,0,0,0,39.9747,-75.1984, , 
51418,577994,2013062510,6,67,67301,2013,5,5,1519,15,1,2,1,4,1, , ,N,1,3,0,3,0,1,2,2,N,N,40 02:40.164,75 10:46.503,1600, ,1551, ,0, ,N, ,3, , , , , , , , , ,2,2,0,0,0,0,0,0,0,0,0,1,1,0,0,0,0,1,0,0,1,0,0,0,0,0,0,0,0,0,0,0,0,0,0,4,0,40.0445,-75.1796, , 
51419,577995,2013062788,6,67,67301,2013,5,4,705,7,1,1,0,1,1, , ,N,0,0,3,3,0,1,5,4,N,N,39 53:36.480,75 11:45.776,711, ,705,1,1,1,N, ,0,N, , , , , , , , ,4,0,0,0,3,0,1,0,0,0,0,1,1,0,1,0,0,0,0,0,1,0,0,0,0,0,0,0,0,0,0,0,0,0,0,4,0,39.8935,-75.196, , 
51420,577998,2013058222,6,67,67301,2013,5,6,830,8,1,1,0,8,1, , ,N,2,2,0,3,0,1,2,2,N,N,39 59:26.114,75 07:44.310,840, ,830, ,0, ,N, ,3, , , , , , , , , ,1,1,0,0,0,0,0,0,0,0,0,0,1,1,0,0,0,0,0,0,0,0,0,0,0,0,0,0,0,0,0,0,1,0,0,8,0,39.9906,-75.129, , 
51421,578004,2013062652,6,67,67301,2013,5,1,1900,19,1,1,0,4,1, , ,N,1,3,0,3,0,1,2,2,N,N,40 04:28.167,75 10:21.014,1915, ,1911, ,0, ,N, ,3, , , , , , , , , ,2,1,0,0,1,0,0,0,0,0,0,1,1,0,0,0,0,0,0,0,0,0,0,2,0,0,0,0,0,0,0,0,0,0,0,4,0,40.0745,-75.1725, , 
51422,578012,2013065394,6,67,67301,2013,5,5,1253,12,1,1,0,4,1, , ,N,1,2,0,3,0,0,2,2,N,N,40 04:51.077,75 01:43.585,1257, ,1254,1,1,2, , ,3,N, , , , , , , , ,2,0,0,0,1,0,0,1,0,0,0,0,0,0,0,0,0,0,0,0,0,0,0,0,0,0,0,0,0,0,0,0,0,0,0,0,0,40.0809,-75.0288, , 
51423,578017,2013070444,6,67,67301,2013,6,7,146,1,3,2,1,7,2, , ,N,0,0,0,3,0,0,1,2,N,N,40 04:32.885,75 12:46.131,155, ,149, ,0, ,N, ,0, , , , , , , , , ,1,1,0,0,0,0,0,0,0,0,0,0,0,0,0,0,0,0,1,0,0,0,0,0,0,0,0,0,0,0,0,0,0,0,0,0,0,40.0758,-75.2128, , 
51424,578027,2013080025,6,67,67301,2013,7,3,1604,16,1,1,0,4,1, , ,N,2,2,2,3,0,0,3,2,Y,N,39 58:29.424,75 11:53.775,1615, ,1611, ,0, ,N, ,3, , , , , , , , , ,2,1,0,1,0,0,0,0,0,0,0,0,0,0,0,0,0,0,0,0,0,1,0,0,0,0,0,0,0,0,0,0,0,0,0,0,1,39.9747,-75.1983, , 
51425,578028,2013080044,6,67,67301,2013,7,6,9999,99,1,1,0,1,1, , ,N,2,3,0,3,0,1,2,2,N,N,40 03:18.500,75 08:27.970,1255, ,1259, ,0, ,N, ,3, , , , , , , , , ,2,2,0,0,0,0,0,0,0,0,0,1,1,0,0,0,0,0,0,0,0,0,0,0,0,0,0,0,0,0,0,0,0,0,0,4,0,40.0551,-75.1411, , 
51426,578037,2013062574,6,67,67301,2013,5,5,1410,14,1,1,0,8,1, , ,N,0,0,0,3,0,1,2,2,N, ,40 07:22.165,75 00:56.555,1414, ,1414, ,0, ,N, ,0, , , , , , , , , ,1,1,0,0,0,0,0,0,0,0,0,1,1,0,0,0,0,0,0,0,0,1,0,0,0,0,0,0,0,0,0,0,1,0,0,4,0,40.1228,-75.0157, , 
51427,578052,2013086269,6,67,67301,2013,7,5,1432,14,1,1,0,8,6, , ,N,0,0,0,3,0,1,2,2,N,N,39 55:34.377,75 11:37.593,1438, ,1436, ,0, ,N, ,0, , , , , , , , , ,1,0,0,0,0,0,1,0,0,0,0,1,1,0,0,0,0,0,0,0,0,0,0,0,0,0,0,0,0,0,0,0,1,0,0,4,0,39.9262,-75.1938, , 
51428,578064,2013101753,6,67,67301,2013,9,1,2034,20,3,1,0,4,1, , ,N,1,2,0,3,0,1,5,2,N, ,39 58:52.935,75 08:33.241,2038, ,2036,2,2,1, , ,3,Y, , , , , , , , ,1,1,0,0,0,0,0,0,1,1,0,0,1,0,0,0,0,0,0,0,0,0,0,0,0,0,0,0,0,0,0,1,0,0,0,2,0,39.9814,-75.1426, , 
51429,578084,2013121463,6,67,67301,2013,10,6,700,7,1,1,0,4,1, , ,N,0,0,0,3,0,1,2,2,N,N,40 03:34.820,75 14:06.266,708, ,705,2,1,2,N, ,0,N, , , , , , , , ,2,2,0,0,0,0,0,0,0,0,0,1,1,0,0,0,0,0,0,0,0,0,0,0,0,0,0,0,0,0,0,0,0,0,0,4,0,40.0597,-75.2351, , 
51430,578106,2013086703,6,67,67301,2013,7,4,2220,22,3,1,0,1,1, , ,N,0,0,0,3,0,2,2,2,N,N,40 02:48.447,75 04:13.014,2223, ,2223, ,0, ,N, ,0, , , , , , , , , ,2,1,0,0,1,0,0,0,0,0,0,0,2,2,0,0,0,0,0,0,1,0,0,0,0,0,0,0,0,0,0,0,0,0,0,8,0,40.0468,-75.0703, , 
51431,568561,2013088037,6,67,67301,2013,9,3,740,7,1,1,0,1,1, , ,N,0,0,0,3,0,0,2,2,Y, ,39 59:16.083,75 05:31.542,810, ,810, ,0, , , ,0, , , , , , , , , ,2,1,0,1,0,0,0,0,0,0,0,0,0,0,0,0,0,0,0,0,0,0,0,0,0,0,0,0,0,0,0,0,0,0,0,0,1,39.9878,-75.0921, , 
51432,568569,2013095973,6,67,67301,2013,8,4,630,6,1,1,0,8,1, , ,N,0,0,0,3,0,1,2,2,N,N,40 01:41.466,75 08:41.377,1440, ,1440, ,0, ,N, ,0, , , , , , , , , ,1,1,0,0,0,0,0,0,0,0,0,0,1,1,0,0,0,0,0,0,1,0,0,0,0,0,0,0,0,0,0,0,1,0,0,8,0,40.0282,-75.1448, , 
51433,568570,2013096467,6,67,67301,2013,8,7,9999,99,3,1,0,4,1, , ,N,0,0,0,3,0,1,2,2,N, ,40 01:10.880,75 08:03.044,2335, ,2320, ,0, , , ,0, , , , , , , , , ,2,0,1,0,1,0,0,0,0,0,0,1,1,0,0,0,0,0,0,0,0,0,0,0,0,0,0,0,0,0,0,0,0,0,0,4,0,40.0197,-75.1342, , 
51434,568579,2013101876,6,67,67301,2013,10,6,406,4,3,2,7,7,3, , ,N,0,0,0,3,0,0,1,1,N,N,39 56:55.465,75 11:08.714,419, ,410,1,1,3,N, ,0,N, , , , , , , , ,1,1,0,0,0,0,0,0,0,0,0,0,0,0,0,0,0,0,0,0,0,0,0,1,0,0,0,0,0,0,0,0,0,0,0,0,0,39.9487,-75.1858, , 
51435,568582,2013104135,6,67,67301,2013,10,1,1857,18,3,1,0,1,1, , ,N,0,0,0,3,0,2,7,3,N,N,40 01:06.771,75 02:48.860,1902, ,1858, ,0, ,N, ,0, , , , , , , , , ,3,2,0,0,0,0,1,0,0,0,0,1,2,1,0,0,0,0,0,0,0,0,0,0,0,0,0,0,0,0,0,0,0,0,0,4,0,40.0185,-75.0471, , 
51436,568598,2013070351,6,67,67301,2013,6,2,1415,14,1,1,0,4,1, , ,N,1,2,0,3,0,1,3,3,N,N,39 57:24.462,75 14:38.029,1710, ,1655, ,0, , , ,3, , , , , , , , , ,3,1,0,0,1,0,0,1,0,0,0,0,1,1,0,0,0,0,0,0,2,0,0,0,0,0,0,0,0,0,0,0,0,0,0,8,0,39.9568,-75.2439, , 
51437,568611,2013086236,6,67,67301,2013,5,4,1940,19,1,1,0,8,1, , ,N,0,0,0,3,0,1,2,2,N,N,39 59:36.538,75 07:56.560,1947, ,1946, ,0, , , ,0, , , , , , , , , ,1,0,1,0,0,0,0,0,0,1,0,0,1,0,0,0,0,0,0,0,0,0,0,0,0,0,0,0,0,0,0,0,1,0,1,2,0,39.9935,-75.1324, , 
51438,568615,2013087668,6,67,67301,2013,8,5,2200,22,3,1,0,8,1, , ,N,0,0,0,3,0,1,2,2,N,N,39 59:01.971,75 09:42.742,2215, ,2215, ,0, ,N, ,0, , , , , , , , , ,1,0,0,0,0,0,0,0,0,0,0,0,1,1,0,0,0,0,0,0,0,0,0,0,0,0,0,0,0,0,0,0,1,0,0,8,0,39.9839,-75.1619, , 
51439,568622,2013093554,6,67,67301,2013,8,1,1630,16,1,1,0,1,1, , ,N,3,0,0,3,0,2,2,4,N,N,39 56:43.342,75 10:45.890,1637, ,1634,3,2,3, , ,0,Y, , , , , , , , ,4,3,0,0,1,0,0,0,0,0,0,0,2,2,0,0,0,0,0,0,0,0,0,0,0,0,0,0,0,0,0,0,0,0,0,8,0,39.9454,-75.1794, , 
51440,568638,2013055652,6,67,67301,2013,5,7,822,8,1,1,0,1,1, , ,N,0,2,0,3,0,1,4,3,N,N,40 01:45.449,75 06:18.405,830, ,823,1,1,1,N, ,3,N, , , , , , , , ,3,2,0,0,0,0,0,1,0,0,0,1,1,0,0,0,0,0,0,0,2,0,0,0,0,0,0,0,0,0,0,0,0,0,0,4,0,40.0293,-75.1051, , 
51441,568642,2013062538,6,67,67301,2013,5,5,830,8,1,2,1,4,1, , ,N,0,0,0,3,0,3,3,2,N,N,40 00:47.132,75 12:03.335,840, ,838,1,2,3, , ,0,Y, , , , , , , , ,2,2,0,0,0,0,0,0,0,0,1,1,3,1,0,0,0,0,0,0,0,0,0,0,0,0,0,0,0,0,0,0,0,0,0,3,0,40.0131,-75.2009, , 
51442,568695,2013063435,6,67,67301,2013,5,5,300,3,3,1,0,4,1, , ,N,1,2,0,3,0,1,3,2,N,N,40 05:37.163,74 58:48.657,301, ,300, ,0, ,N, ,3, , , , , , , , , ,2,2,0,0,0,0,0,0,0,0,0,0,1,1,0,0,0,0,0,0,0,0,0,0,0,0,0,0,0,0,0,0,0,0,0,8,0,40.0935,-74.9802, , 
51443,568699,2013065569,6,67,67301,2013,5,1,2214,22,3,2,1,5,1, , ,N,0,0,0,3,0,0,2,2,N,N,39 55:28.845,75 14:42.856,2324, ,2214,2,2,5,N, ,0,Y, , , , , , , , ,2,2,0,0,0,0,0,0,0,0,0,0,0,0,0,0,0,0,0,0,0,0,0,0,0,0,0,0,0,0,0,0,0,0,0,0,0,39.9247,-75.2452, , 
51444,568727,2013093136,6,67,67301,2013,8,3,920,9,1,2,1,7,5, , ,N,1,2,0,3,0,1,1,1,N, ,40 02:44.514,75 01:53.568,924, ,920,9,1,3, , ,3,N, , , , , , , , ,1,0,0,0,1,0,0,0,0,0,0,0,1,1,0,0,0,0,0,0,1,0,0,0,0,0,0,0,0,0,0,0,0,0,0,8,0,40.0457,-75.0315, , 
51445,568740,2013052715,6,67,67301,2013,5,2,1855,18,1,1,0,7,3,1,4,Y,0,0,0,3,0,1,1,1,N,N,39 53:56.174,75 10:26.327,1912,55,1903,2,2,1,N, ,0,N,N,N,N,N,Y,N,N,Y,1,0,0,0,0,0,1,0,0,0,1,0,1,0,0,0,0,0,0,0,0,0,0,0,0,0,0,0,0,0,0,0,0,0,0,3,0,39.8989,-75.174, , 
51446,568750,2013022313,6,67,67301,2013,1,2,1953,19,1,1,0,2,1, , ,N,0,0,7,3,0,1,2,2,N,N,39 59:32.946,75 08:24.411,1953, ,1652, ,0, ,N, ,0, , , , , , , , , ,1,0,0,0,0,0,0,0,1,0,0,1,1,0,0,0,0,0,0,0,0,0,0,0,0,0,0,0,0,0,0,0,0,0,0,4,0,39.9925,-75.1401, , 