objectid_1,objectid,crn,district,county,municipality,crash_year,crash_month,day_of_week,time_of_day,hour_of_day,illumination,weather,road_condition,collision_type,relation_to_road,work_zone_type,work_zone_loc,work_zone_ind,intersect_type,tcd_type,location_type,urban_rural,fatal_count,injury_count,person_count,total_units,sch_bus_ind,sch_zone_ind,latitude,longitude,arrival_tm,cons_zone_spd_lim,dispatch_tm,est_hrs_closed,lane_closed,ln_close_dir,ntfy_hiwy_maint,spec_juris_cd,tcd_func_cd,tfc_detour_ind,workers_pres,wz_close_detour,wz_flagger,wz_law_offcr_ind,wz_ln_closure,wz_moving,wz_other,wz_shlder_mdn,vehicle_count,automobile_count,motorcycle_count,bus_count,small_truck_count,heavy_truck_count,suv_count,van_count,bicycle_count,maj_inj_count,mod_inj_count,min_inj_count,tot_inj_count,unk_inj_deg_count,unk_inj_per_count,driver_count_16yr,driver_count_17yr,driver_count_18yr,driver_count_19yr,driver_count_20yr,driver_count_50_64yr,driver_count_65_74yr,driver_count_75plus,unbelted_occ_count,unb_death_count,unb_maj_inj_count,belted_death_count,belted_maj_inj_count,mcycle_death_count,mcycle_maj_inj_count,bicycle_death_count,bicycle_maj_inj_count,ped_count,ped_death_count,ped_maj_inj_count,max_severity_level,comm_veh_count,dec_lat,dec_long,rdwy_surf_type_cd,county_name
51514,568892,2013070679,6,67,67301,2013,7,4,1613,16,1,1,0,1,1, , ,N,0,0,0,3,0,1,2,2,N,N,39 59:37.869,75 11:56.955,1614, ,1613,1,1,4,N, ,0,N, , , , , , , , ,2,2,0,0,0,0,0,0,0,0,0,0,1,1,0,0,0,0,0,0,1,0,0,0,0,0,0,0,0,0,0,0,0,0,0,8,0,39.9939,-75.1992, , 
51515,568901,2013086842,6,67,67301,2013,7,1,9999,99,3,1,0,1,2, , ,N,0,0,0,3,0,1,2,3,N, ,40 03:41.353,75 00:58.658,2205, ,2157, ,0, , , ,0, , , , , , , , , ,3,3,0,0,0,0,0,0,0,0,0,1,1,0,0,0,0,0,0,0,0,0,0,0,0,0,0,0,0,0,0,0,0,0,0,4,0,40.0615,-75.0163, , 
51516,568906,2013093141,6,67,67301,2013,8,7,900,9,1,1,0,5,1, , ,N,1,2,0,3,0,1,7,2,N,N,39 56:21.404,75 10:41.645,903, ,901, ,0, ,N, ,3, , , , , , , , , ,2,1,0,0,0,0,0,1,0,0,0,0,1,1,0,0,0,0,0,0,0,0,0,6,0,0,0,0,0,0,0,0,0,0,0,8,0,39.9393,-75.1782, , 
51517,568912,2013095988,6,67,67301,2013,8,3,1030,10,1,1,0,8,1, , ,N,1,2,0,3,0,1,2,2,N, ,39 57:32.159,75 14:29.156,1040, ,1035, ,0, , , ,3, , , , , , , , , ,1,1,0,0,0,0,0,0,0,0,0,0,1,1,0,0,0,0,0,0,0,0,0,0,0,0,0,0,0,0,0,0,1,0,0,8,0,39.9589,-75.2414, , 
51518,568921,2013104524,6,67,67301,2013,9,2,1054,10,1,1,0,1,1, , ,N,0,0,0,3,0,5,7,6,Y,N,39 57:36.016,75 10:43.785,1100, ,1054,3,1,4,N, ,0,N, , , , , , , , ,6,2,0,2,0,0,1,1,0,0,0,0,5,5,1,0,0,0,0,0,3,0,0,0,0,0,0,0,0,0,0,0,0,0,0,8,2,39.96,-75.1788, , 
51519,568954,2013046357,6,67,67301,2013,4,1,0,0,3,1,0,8,1, , ,N,1,3,0,3,0,1,2,2,N,N,39 56:15.936,75 09:11.872,10, ,5, ,0, ,N, ,3, , , , , , , , , ,1,1,0,0,0,0,0,0,0,0,0,1,1,0,0,0,1,0,0,0,0,0,0,0,0,0,0,0,0,0,0,0,1,0,0,4,0,39.9378,-75.1533, , 
51520,568962,2013055911,6,67,67301,2013,5,3,2250,22,3,2,1,7,2, , ,N,0,0,0,3,0,1,1,1,N,N,40 01:10.586,75 08:53.016,2319, ,2310,2,1,1,N, ,0,N, , , , , , , , ,1,1,0,0,0,0,0,0,0,0,0,1,1,0,0,0,0,0,0,0,0,0,0,0,0,0,0,0,0,0,0,0,0,0,0,4,0,40.0196,-75.1481, , 
51521,572139,2013083987,6,67,67301,2013,7,2,1630,16,1,1,0,4,1, , ,N,1,2,0,3,0,1,2,2,N,N,39 58:43.230,75 09:28.092,1637, ,1635, ,0, ,N, ,3, , , , , , , , , ,1,1,0,0,0,0,0,0,1,0,0,0,1,1,0,0,0,0,0,0,1,0,0,0,0,0,0,0,0,0,0,0,0,0,0,8,0,39.9787,-75.1578, , 
51522,572142,2013086896,6,67,67301,2013,8,5,1553,15,1,1,0,0,1, , ,N,0,0,2,3,0,1,3,2,N,N,40 06:33.412,74 59:44.786,1606, ,1603,1,1,2, , ,0,N, , , , , , , , ,2,2,0,0,0,0,0,0,0,0,0,1,1,0,0,0,0,0,1,0,0,0,1,0,0,0,0,0,0,0,0,0,0,0,0,4,0,40.1093,-74.9958, , 
51523,572156,2013096089,6,67,67301,2013,8,2,230,2,3,1,0,4,1, , ,N,1,3,0,3,0,2,5,2,N,N,39 57:37.092,75 08:20.094,239, ,236, ,0, ,N, ,3, , , , , , , , , ,2,2,0,0,0,0,0,0,0,0,0,2,2,0,0,0,0,0,0,0,0,0,0,0,0,0,0,0,0,0,0,0,0,0,0,4,0,39.9603,-75.1389, , 
51524,572182,2013100274,6,67,67301,2013,10,2,1745,17,1,2,1,1,1, , ,N,0,0,0,3,0,2,4,4,N,N,40 00:05.646,75 04:43.203,1800, ,1750,2,1,2,N, ,0,N, , , , , , , , ,4,3,0,0,0,0,1,0,0,0,0,0,2,2,0,0,0,0,0,0,0,0,0,0,0,0,0,0,0,0,0,0,0,0,0,8,0,40.0015,-75.0787, , 
51525,572195,2013114470,6,67,67301,2013,9,2,2105,21,3,1,0,7,4, , ,N,0,0,0,3,1,0,1,1,N,N,40 01:46.136,75 06:16.138,2109, ,2106,9,2,1,N,0,0,Y, , , , , , , , ,1,1,0,0,0,0,0,0,0,0,0,0,0,0,0,0,0,0,0,0,0,0,0,1,1,0,0,0,0,0,0,0,0,0,0,1,0,40.0295,-75.1045,2, 
51526,572211,2013067496,6,67,67301,2013,5,1,520,5,3,1,0,7,5, , ,N,0,0,0,3,0,0,4,1,N,N,39 59:29.906,75 05:09.276,617, ,527,2,1,1,N, ,0,N, , , , , , , , ,1,0,0,0,0,0,1,0,0,0,0,0,0,0,0,0,0,0,0,0,0,0,0,0,0,0,0,0,0,0,0,0,0,0,0,0,0,39.9915,-75.086, , 
51527,572214,2013065525,6,67,67301,2013,5,3,1600,16,1,2,1,1,1, , ,N,0,0,0,3,0,2,2,2,N,N,40 02:58.120,75 07:22.080,1640, ,1635, ,0, ,N, ,0, , , , , , , , , ,2,1,0,0,0,0,0,1,0,0,0,2,2,0,0,0,0,0,0,0,0,1,0,0,0,0,0,0,0,0,0,0,0,0,0,4,0,40.0495,-75.1228, , 
51528,572219,2013070343,6,67,67301,2013,6,6,1005,10,1,2,1,4,1, , ,N,0,0,7,3,0,1,2,2,N,N,40 05:02.193,75 02:25.419,1025, ,1019, ,0, ,N, ,0, , , , , , , , , ,2,2,0,0,0,0,0,0,0,0,0,1,1,0,0,0,0,0,0,0,0,0,0,0,0,0,0,0,0,0,0,0,0,0,0,4,0,40.0839,-75.0404, , 
51529,572226,2013079522,6,67,67301,2013,7,2,1330,13,1,1,0,1,1, , ,N,0,2,0,3,0,1,2,2,N, ,39 56:40.158,75 09:18.032,1340, ,1330,1,1,2, , ,3,Y, , , , , , , , ,2,0,1,0,1,0,0,0,0,0,0,1,1,0,0,0,0,0,0,0,2,0,0,1,0,0,0,0,0,0,0,0,0,0,0,4,0,39.9445,-75.155, , 
51530,572228,2013080089,6,67,67301,2013,7,7,1950,19,4,1,0,1,1, , ,N,1,2,0,3,0,4,4,2,N,N,39 59:48.459,75 09:14.287,1954, ,1953, ,0, ,N, ,3, , , , , , , , , ,2,1,0,0,0,0,0,1,0,0,0,3,4,1,0,0,0,0,0,0,0,0,0,0,0,0,0,0,0,0,0,0,0,0,0,4,0,39.9968,-75.1538, , 
51531,572234,2013086938,6,67,67301,2013,7,3,1550,15,1,2,1,8,1, , ,N,1,0,0,3,0,1,2,2,N,N,39 57:14.416,75 10:05.601,1605, ,1559, ,0, ,N, ,0, , , , , , , , , ,1,1,0,0,0,0,0,0,0,0,0,0,1,1,0,0,0,0,0,0,0,0,0,0,0,0,0,0,0,0,0,0,1,0,0,8,0,39.954,-75.1682, , 
51532,572273,2013076391,6,67,67301,2013,7,1,1357,13,1,1,0,1,1, , ,N,0,0,0,3,0,2,4,4,N,N,39 58:43.694,75 12:11.633,1406, ,1358,1,1,3,N, ,0,N, , , , , , , , ,4,4,0,0,0,0,0,0,0,0,0,0,2,2,0,0,0,1,0,0,0,0,0,0,0,0,0,0,0,0,0,0,0,0,0,8,0,39.9788,-75.2032, , 
51533,572275,2013077451,6,67,67301,2013,7,4,1431,14,1,1,0,3,1, , ,N,2,3,0,3,0,2,3,2,N, ,39 57:14.032,75 09:04.820,1439, ,1436, ,0, , , ,3, , , , , , , , , ,2,2,0,0,0,0,0,0,0,0,2,0,2,0,0,0,0,0,0,0,2,0,0,0,0,0,0,0,0,0,0,0,0,0,0,3,0,39.9539,-75.1513, , 
51534,572276,2013077521,6,67,67301,2013,6,5,2320,23,3,1,0,4,1, , ,N,2,3,2,3,0,2,3,2,N,N,40 02:53.193,74 59:50.313,2340, ,2332,2,1,3,N, ,3,N, , , , , , , , ,2,1,0,0,0,0,1,0,0,0,0,2,2,0,0,0,0,0,0,0,0,0,0,2,0,0,0,0,0,0,0,0,0,0,0,4,0,40.0481,-74.9973, , 
51535,572281,2013079564,6,67,67301,2013,7,7,2203,22,3,1,0,1,1, , ,N,1,2,0,3,0,1,5,9,N,N,40 01:12.877,75 06:50.707,2209, ,2204, ,0, ,N, ,3, , , , , , , , , ,9,7,0,0,0,0,0,2,0,0,0,1,1,0,3,0,0,0,0,0,1,0,0,0,0,0,0,0,0,0,0,0,0,0,0,4,0,40.0202,-75.1141, , 
51536,572288,2013086834,6,67,67301,2013,8,3,1600,16,1,1,0,4,1, , ,N,0,0,7,3,0,1,3,2,N,N,40 04:01.948,75 03:43.408,1610, ,1607,1,2,5,N, ,0,Y, , , , , , , , ,2,1,0,0,0,0,0,1,0,0,0,0,1,1,0,0,0,0,0,0,1,1,0,0,0,0,0,0,0,0,0,0,0,0,0,8,0,40.0672,-75.0621, , 
51537,572291,2013093113,6,67,67301,2013,8,4,212,2,3,1,0,5,2, , ,N,0,0,0,3,0,1,1,4,N,N,40 00:17.600,75 08:12.195,214, ,212,2,2,6,N, ,0,Y, , , , , , , , ,4,2,0,0,0,0,1,1,0,0,0,1,1,0,0,0,0,0,0,0,0,0,0,0,0,0,0,0,0,0,0,0,0,0,0,4,0,40.0049,-75.1367, , 
51538,572301,2013062678,6,67,67301,2013,5,7,241,2,3,1,0,4,1, , ,N,1,3,0,3,0,0,2,2,N,N,39 56:29.911,75 09:52.437,304, ,241, ,0, , , ,3, , , , , , , , , ,2,2,0,0,0,0,0,0,0,0,0,0,0,0,0,0,1,0,0,0,0,0,0,0,0,0,0,0,0,0,0,0,0,0,0,0,0,39.9416,-75.1646, , 
51539,575258,2013070168,6,67,67301,2013,6,2,2100,21,3,2,1,5,1, , ,N,0,0,0,3,0,1,3,2,N,N,39 57:16.972,75 11:41.289,2230, ,2223, ,0, , , ,0, , , , , , , , , ,2,1,0,1,0,0,0,0,0,0,0,0,1,1,0,0,0,0,0,0,0,0,0,0,0,0,0,0,0,0,0,0,0,0,0,8,1,39.9547,-75.1948, , 
51540,575262,2013079555,6,67,67301,2013,7,1,1912,19,1,1,0,4,1, , ,N,1,2,0,3,0,2,5,4,N,N,40 01:40.946,75 06:36.204,1922, ,1915,3,1,1,N, ,3,N, , , , , , , , ,4,1,0,0,0,0,3,0,0,0,0,2,2,0,0,0,0,0,0,0,1,0,0,0,0,0,0,0,0,0,0,0,0,0,0,4,0,40.028,-75.1101, , 
51541,575263,2013079587,6,67,67301,2013,7,7,2129,21,3,2,1,5,1, , ,N,1,0,0,3,0,2,2,2,N,N,40 06:46.663,75 01:22.836,2129, ,2129, ,0, ,N, ,0, , , , , , , , , ,2,2,0,0,0,0,0,0,0,0,2,0,2,0,0,0,0,0,0,0,0,0,0,0,0,0,0,0,0,0,0,0,0,0,0,3,0,40.113,-75.023, , 
51542,575286,2013104770,6,67,67301,2013,10,5,1428,14,1,1,0,1,1, , ,N,0,0,0,3,0,0,2,2,N,N,39 57:25.985,75 10:48.922,1441, ,1430,1,1,4,N, ,0,N, , , , , , , , ,2,2,0,0,0,0,0,0,0,0,0,0,0,0,1,0,0,1,0,0,0,0,0,0,0,0,0,0,0,0,0,0,0,0,0,9,0,39.9572,-75.1803, , 
51543,575313,2013024974,6,67,67301,2013,1,5,1804,18,3,1,0,8,1, , ,N,0,0,0,3,0,1,2,2,N,N,39 56:53.469,75 14:46.312,1910, ,1904, ,0, , , ,0, , , , , , , , , ,1,1,0,0,0,0,0,0,0,0,0,0,1,1,0,0,0,0,0,0,1,0,0,0,0,0,0,0,0,0,0,0,1,0,0,8,0,39.9482,-75.2462, , 
51544,575318,2013029721,6,67,67301,2013,2,6,2045,20,3,1,0,4,1, , ,N,2,0,0,3,0,1,2,2,N,N,39 58:27.868,75 07:03.916,2100, ,2045, ,0, ,N, ,0, , , , , , , , , ,1,1,0,0,0,0,0,0,1,0,0,0,1,1,1,0,0,0,0,0,0,0,0,0,0,0,0,0,0,0,0,0,0,0,0,8,0,39.9744,-75.1178, , 
51545,575323,2013035086,6,67,67301,2013,3,3,2246,22,3,1,0,4,1, , ,N,1,2,0,3,0,1,3,2,N,N,40 05:23.607,74 59:03.265,2251, ,2248, ,0, , , ,3, , , , , , , , , ,2,1,0,0,0,0,1,0,0,0,0,1,1,0,0,0,0,0,0,0,0,0,0,0,0,0,0,0,0,0,0,0,0,0,0,4,0,40.0899,-74.9842, , 
51546,575355,2013080035,6,67,67301,2013,7,7,1427,14,1,1,0,5,6, , ,N,0,0,0,3,0,0,2,5,N, ,39 56:26.599,75 11:05.373,1559, ,1558, ,0, , , ,0, , , , , , , , , ,5,4,0,0,0,0,1,0,0,0,0,0,0,0,2,0,0,0,0,0,0,0,0,0,0,0,0,0,0,0,0,0,0,0,0,9,0,39.9407,-75.1848, , 
51547,575369,2013093053,6,67,67301,2013,8,1,2110,21,2,1,0,1,2, , ,N,0,0,0,3,0,1,1,2,N,N,39 55:11.344,75 12:44.330,2130, ,2115, ,0, ,N, ,0, , , , , , , , , ,2,0,0,0,0,0,2,0,0,0,0,0,1,1,0,0,0,0,0,0,0,0,0,0,0,0,0,0,0,0,0,0,0,0,0,8,0,39.9198,-75.2123, , 
51548,575379,2013108637,6,67,67301,2013,10,6,1210,12,1,1,0,5,1, , ,N,0,0,0,3,0,0,2,2,N,N,39 58:42.697,75 12:09.250,1214, ,1212, ,0, ,N, ,0, , , , , , , , , ,2,1,0,0,0,1,0,0,0,0,0,0,0,0,0,0,0,0,0,0,1,0,0,0,0,0,0,0,0,0,0,0,0,0,0,0,0,39.9785,-75.2026, , 
51549,575383,2013111849,6,67,67301,2013,9,3,1240,12,1,1,0,7,2, , ,N,0,0,0,3,0,6,6,1,N,N,39 55:55.876,75 10:54.220,1243, ,1241, ,0, , , ,0, , , , , , , , , ,1,1,0,0,0,0,0,0,0,0,1,5,6,0,0,0,0,0,0,0,0,0,0,6,0,0,0,0,0,0,0,0,0,0,0,3,0,39.9322,-75.1817, , 
51550,575400,2013072974,6,67,67301,2013,7,7,2311,23,3,1,0,4,1, , ,N,2,2,0,3,0,1,3,2,N,N,39 59:23.350,75 15:03.019,2315, ,2311,2,1,2,N, ,3,N, , , , , , , , ,2,2,0,0,0,0,0,0,0,0,0,0,1,1,0,0,0,0,0,0,1,0,0,0,0,0,0,0,0,0,0,0,0,0,0,8,0,39.9897,-75.2508, , 
51551,575402,2013075496,6,67,67301,2013,7,1,2328,23,3,1,0,1,1,1,4,Y,0,0,0,3,0,0,3,2,N,N,40 00:48.875,75 03:26.443,2356,45,2341,1,1,2,N, ,0,N,N,N,N,N,Y,N,N,Y,2,2,0,0,0,0,0,0,0,0,0,0,0,0,0,0,0,0,0,1,0,0,0,0,0,0,0,0,0,0,0,0,0,0,0,0,0,40.0136,-75.0573, , 
51552,575408,2013082627,6,67,67301,2013,8,2,826,8,1,1,0,1,1,1,4,Y,0,8,0,3,0,2,7,6,N,N,40 01:35.995,75 01:33.864,850,45,831,1,1,1,N, ,3,Y,Y,N,N,N,Y,N,N,Y,6,3,0,0,1,0,2,0,0,0,0,0,2,2,0,0,0,0,0,0,1,0,0,0,0,0,0,0,0,0,0,0,0,0,0,8,0,40.0265,-75.0263, , 
51553,575413,2013093050,6,67,67301,2013,8,2,2100,21,1,1,0,4,1, , ,N,1,2,0,3,0,5,6,2,N,N,40 03:23.701,75 08:23.774,2120, ,2116, ,0, ,N, ,3, , , , , , , , , ,2,1,0,0,1,0,0,0,0,0,0,0,5,5,1,0,0,0,0,0,0,0,0,0,0,0,0,0,0,0,0,0,0,0,0,8,0,40.0566,-75.1399, , 
51554,575414,2013093163,6,67,67301,2013,8,6,652,6,1,1,0,5,1, , ,N,0,0,6,3,0,2,2,2,N,N,40 03:02.581,75 03:03.343,652, ,652,2,2,1,N, ,0,N, , , , , , , , ,2,1,0,0,1,0,0,0,0,0,0,0,2,2,0,0,0,0,0,0,0,0,0,0,0,0,0,0,0,0,0,0,0,0,0,8,0,40.0507,-75.0509, , 
51555,575423,2013098437,6,67,67301,2013,8,6,9999,99,1,1,0,4,1, , ,N,1,2,0,3,0,1,7,3,N,N,40 01:53.299,75 10:20.452,1551, ,1509, ,0, ,N, ,3, , , , , , , , , ,3,0,0,1,2,0,0,0,0,0,0,1,1,0,0,0,0,0,0,0,0,1,0,1,0,0,0,0,0,0,0,0,0,0,0,4,1,40.0315,-75.1723, , 
51556,575431,2013109418,6,67,67301,2013,10,6,1925,19,3,1,0,2,1, , ,N,5,2,0,3,0,1,4,3,N, ,39 59:40.590,75 09:35.349,2000, ,1956, ,0, , , ,3, , , , , , , , , ,3,2,0,0,1,0,0,0,0,0,0,0,1,1,0,0,0,0,0,0,0,0,0,0,0,0,0,0,0,0,0,0,0,0,0,8,0,39.9946,-75.1598, , 
51557,578383,2013074238,6,67,67301,2013,7,3,1050,10,1,1,0,7,1, , ,N,0,8,1,3,0,1,1,1,N,N,40 00:26.939,75 04:59.236,1105, ,1051,3,1,6,N, ,3,Y, , , , , , , , ,1,0,0,0,0,1,0,0,0,0,1,0,1,0,0,0,0,0,1,0,0,0,0,0,0,0,0,0,0,0,0,0,0,0,0,3,1,40.0075,-75.0831, , 
51558,578400,2013095970,6,67,67301,2013,8,3,1930,19,1,1,0,5,1, , ,N,0,0,0,3,0,1,2,2,N, ,39 58:16.146,75 09:27.235,1940, ,1934, ,0, , , ,0, , , , , , , , , ,2,1,1,0,0,0,0,0,0,0,0,1,1,0,0,0,0,0,0,0,0,0,0,0,0,0,0,0,0,0,0,0,0,0,0,4,0,39.9712,-75.1576, , 
51559,578404,2013101090,6,67,67301,2013,9,3,906,9,1,1,0,4,1, , ,N,5,2,0,3,0,1,2,2,N,N,40 02:03.671,75 04:29.368,920, ,907,1,1,4,N, ,3,N, , , , , , , , ,2,1,0,0,0,0,0,1,0,0,0,1,1,0,0,0,0,0,0,0,1,0,0,0,0,0,0,0,0,0,0,0,0,0,0,4,0,40.0344,-75.0748, , 
51560,578409,2013111893,6,67,67301,2013,10,7,9999,99,1,1,0,6,1, , ,N,1,2,0,3,0,1,2,2,N, ,39 57:31.260,75 10:01.857,819, ,819, ,0, , , ,3, , , , , , , , , ,2,2,0,0,0,0,0,0,0,0,0,1,1,0,0,0,0,0,0,0,0,1,0,0,0,0,0,0,0,0,0,0,0,0,0,4,0,39.9583,-75.1673, , 
51561,578433,2013062554,6,67,67301,2013,5,5,1506,15,1,1,0,8,1, , ,N,0,2,7,3,0,1,2,2,N,N,39 54:53.273,75 09:21.345,1510, ,1506,1,1,3, , ,3,Y, , , , , , , , ,1,0,0,0,0,0,1,0,0,0,0,1,1,0,0,0,0,0,0,0,0,0,0,0,0,0,0,0,0,0,0,0,1,0,0,4,0,39.9148,-75.1559, , 
51562,578440,2013068706,6,67,67301,2013,7,2,929,9,1,2,1,1,1,1,4,Y,6,3,2,3,0,1,2,2,N,N,40 01:24.491,75 02:00.443,939,25,933, ,0, ,N, ,3, ,Y,N,N,N,N,N,N,Y,2,1,0,0,0,0,1,0,0,0,0,0,1,1,0,0,0,0,0,0,0,1,0,0,0,0,0,0,0,0,0,0,0,0,0,8,0,40.0234,-75.0336, , 
51563,578442,2013070272,6,67,67301,2013,6,7,1640,16,1,1,0,1,1, , ,N,1,2,0,3,0,2,4,2,N,N,39 59:40.590,75 09:35.349,1646, ,1640, ,0, ,N, ,3, , , , , , , , , ,2,2,0,0,0,0,0,0,0,0,0,2,2,0,1,0,0,0,0,0,0,0,0,0,0,0,0,0,0,0,0,0,0,0,0,4,0,39.9946,-75.1598, , 
51564,578465,2013105959,6,67,67301,2013,9,1,1930,19,3,1,0,7,5, , ,N,0,0,0,3,0,2,2,1,N,N,39 59:10.877,75 05:31.988,1932, ,1930,1,1,2,N, ,0,N, , , , , , , , ,1,1,0,0,0,0,0,0,0,0,0,2,2,0,0,0,0,0,0,0,0,0,0,0,0,0,0,0,0,0,0,0,0,0,0,4,0,39.9864,-75.0922, , 
51565,578480,2013080091,6,67,67301,2013,7,6,1740,17,1,2,1,4,1, , ,N,1,0,0,3,0,1,2,2,N, ,39 54:47.100,75 14:35.859,1805, ,1758,9,1,5, , ,0,N, , , , , , , , ,2,2,0,0,0,0,0,0,0,0,0,1,1,0,0,0,0,0,0,0,0,0,0,0,0,0,0,0,0,0,0,0,0,0,0,4,0,39.9131,-75.2433, , 
51566,578483,2013081311,6,67,67301,2013,7,3,1306,13,1,1,0,5,1, , ,N,6,0,2,3,0,1,2,2,N,N,39 59:35.013,75 05:06.819,1309, ,1306, ,0, ,N, ,0, , , , , , , , , ,2,2,0,0,0,0,0,0,0,0,0,1,1,0,0,0,0,0,0,0,0,0,1,0,0,0,0,0,0,0,0,0,0,0,0,4,0,39.9931,-75.0852, , 
51567,578506,2013101093,6,67,67301,2013,8,7,2013,20,4,1,0,8,1, , ,N,0,0,0,3,0,1,2,2,N,N,39 56:57.098,75 13:45.681,2019, ,2013, ,0, ,N, ,0, , , , , , , , , ,1,0,0,0,0,0,0,0,0,0,1,0,1,0,0,0,0,0,0,0,0,0,0,0,0,0,0,0,0,0,0,0,1,0,0,3,0,39.9492,-75.2294, , 
51568,578509,2013101782,6,67,67301,2013,9,2,1012,10,1,1,0,1,1, , ,N,0,0,0,3,0,3,5,3,N,N,40 04:44.439,75 01:30.780,1028, ,1025,1,2,4,N, ,0,Y, , , , , , , , ,3,2,0,0,0,0,1,0,0,0,0,0,3,3,0,0,0,0,0,0,2,0,0,0,0,0,0,0,0,0,0,0,0,0,0,8,0,40.079,-75.0252, , 
51569,578525,2013070422,6,67,67301,2013,6,7,2136,21,3,1,0,4,1, , ,N,1,2,0,3,0,3,3,2,N,N,40 02:25.798,75 03:31.964,2139, ,2137,2,2,7,N, ,3,Y, , , , , , , , ,2,2,0,0,0,0,0,0,0,0,2,1,3,0,0,0,0,0,0,0,0,0,0,0,0,0,0,0,0,0,0,0,0,0,0,3,0,40.0405,-75.0589, , 
51570,578528,2013065975,6,67,67301,2013,5,4,1813,18,1,1,0,1,1, , ,N,0,2,0,3,0,1,3,2,N,N,39 57:46.675,75 10:43.531,1820, ,1813, ,0, ,N, ,3, , , , , , , , , ,2,1,0,0,0,0,1,0,0,0,0,1,1,0,2,0,0,0,0,1,0,0,0,0,0,0,0,0,0,0,0,0,0,0,0,4,0,39.963,-75.1788, , 
51571,578533,2013070380,6,67,67301,2013,6,3,2227,22,3,1,0,4,1, , ,N,1,2,0,3,0,0,2,2,N,N,39 57:20.808,75 09:32.558,2324, ,2319,2,1,3, , ,3,N, , , , , , , , ,2,2,0,0,0,0,0,0,0,0,0,0,0,0,0,0,0,0,0,0,0,0,1,0,0,0,0,0,0,0,0,0,0,0,0,0,0,39.9558,-75.159, , 
51572,578563,2013101216,6,67,67301,2013,9,3,29,0,3,1,0,6,1, , ,N,1,2,0,3,0,1,2,2,N,N,40 00:44.009,75 09:01.745,36, ,34, ,0, ,N, ,3, , , , , , , , , ,2,1,0,0,1,0,0,0,0,0,1,0,1,0,0,0,0,0,0,0,0,0,0,0,0,0,0,0,0,0,0,0,0,0,0,3,0,40.0122,-75.1505, , 
51573,578564,2013101293,6,67,67301,2013,8,4,726,7,1,1,1,4,1, , ,N,1,0,0,3,0,0,2,2,N,N,39 57:04.796,75 11:57.319,727, ,727, ,0, ,N, ,0, , , , , , , , , ,2,2,0,0,0,0,0,0,0,0,0,0,0,0,0,0,0,0,0,0,0,0,0,0,0,0,0,0,0,0,0,0,0,0,0,0,0,39.9513,-75.1991, , 
51574,578577,2013062583,6,67,67301,2013,5,6,1430,14,1,2,1,6,1, , ,N,0,0,0,3,0,1,2,3,N,N,40 00:41.454,75 06:28.836,1450, ,1450, ,0, , , ,0, , , , , , , , , ,3,0,0,0,1,0,2,0,0,0,0,0,1,1,0,0,0,0,0,0,1,0,0,0,0,0,0,0,0,0,0,0,0,0,0,8,0,40.0115,-75.108, , 
51575,568988,2013079177,6,67,67301,2013,8,2,1053,10,1,1,0,1,1, , ,N,0,0,0,3,0,2,2,2,N,N,39 53:57.888,75 09:55.589,1102, ,1054,1,1,2,N, ,0,N, , , , , , , , ,2,2,0,0,0,0,0,0,0,0,1,1,2,0,0,0,0,0,0,0,0,1,0,0,0,0,0,0,0,0,0,0,0,0,0,3,0,39.8994,-75.1654, , 
51576,568992,2013084032,6,67,67301,2013,7,2,1915,19,1,1,0,4,1, , ,N,2,0,0,3,0,1,2,2,N,N,39 57:05.909,75 14:56.616,1930, ,1926, ,0, , , ,0, , , , , , , , , ,2,2,0,0,0,0,0,0,0,0,1,0,1,0,0,0,0,0,0,0,1,0,0,0,0,0,0,0,0,0,0,0,0,0,0,3,0,39.9516,-75.2491, , 
51577,569044,2013035314,6,67,67301,2013,3,3,27,0,3,1,0,2,1, , ,N,1,2,0,3,0,0,2,3,N,N,39 59:42.613,75 06:44.162,45, ,43,9,1,3,N, ,3,N, , , , , , , , ,3,2,0,0,0,0,0,0,0,0,0,0,0,0,0,0,0,0,0,0,2,0,0,1,0,0,0,0,0,0,0,0,0,0,0,0,0,39.9952,-75.1123, , 
51578,569066,2013070174,6,67,67301,2013,6,5,1440,14,1,1,0,8,1, , ,N,2,0,0,3,0,1,2,2,N, ,40 00:35.830,75 04:57.590,1650, ,1642, ,0, , , ,0, , , , , , , , , ,1,0,0,0,0,0,1,0,0,0,0,0,1,1,0,0,0,0,0,0,1,0,0,0,0,0,0,0,0,0,0,0,1,0,0,8,0,40.01,-75.0827, , 
51579,569085,2013079570,6,67,67301,2013,7,2,1405,14,1,1,0,1,1, , ,N,0,0,0,3,0,2,2,2,N,N,40 02:46.380,75 08:08.768,1407, ,1406, ,0, ,N, ,0, , , , , , , , , ,2,1,0,0,0,0,1,0,0,0,0,2,2,0,0,0,0,0,0,0,2,0,0,0,0,0,0,0,0,0,0,0,0,0,0,4,0,40.0462,-75.1358, , 
51580,569095,2013093191,6,67,67301,2013,8,7,920,9,1,1,0,7,2, , ,N,0,0,3,3,0,1,1,1,N,N,40 01:47.718,75 05:15.930,932, ,925,2,2,1, , ,0,N, , , , , , , , ,1,0,0,0,0,0,1,0,0,0,0,0,1,1,0,0,0,0,0,0,1,0,0,0,0,0,0,0,0,0,0,0,0,0,0,8,0,40.0299,-75.0878, , 