objectid_1,objectid,crn,district,county,municipality,crash_year,crash_month,day_of_week,time_of_day,hour_of_day,illumination,weather,road_condition,collision_type,relation_to_road,work_zone_type,work_zone_loc,work_zone_ind,intersect_type,tcd_type,location_type,urban_rural,fatal_count,injury_count,person_count,total_units,sch_bus_ind,sch_zone_ind,latitude,longitude,arrival_tm,cons_zone_spd_lim,dispatch_tm,est_hrs_closed,lane_closed,ln_close_dir,ntfy_hiwy_maint,spec_juris_cd,tcd_func_cd,tfc_detour_ind,workers_pres,wz_close_detour,wz_flagger,wz_law_offcr_ind,wz_ln_closure,wz_moving,wz_other,wz_shlder_mdn,vehicle_count,automobile_count,motorcycle_count,bus_count,small_truck_count,heavy_truck_count,suv_count,van_count,bicycle_count,maj_inj_count,mod_inj_count,min_inj_count,tot_inj_count,unk_inj_deg_count,unk_inj_per_count,driver_count_16yr,driver_count_17yr,driver_count_18yr,driver_count_19yr,driver_count_20yr,driver_count_50_64yr,driver_count_65_74yr,driver_count_75plus,unbelted_occ_count,unb_death_count,unb_maj_inj_count,belted_death_count,belted_maj_inj_count,mcycle_death_count,mcycle_maj_inj_count,bicycle_death_count,bicycle_maj_inj_count,ped_count,ped_death_count,ped_maj_inj_count,max_severity_level,comm_veh_count,dec_lat,dec_long,rdwy_surf_type_cd,county_name
51581,569097,2013094745,6,67,67301,2013,7,7,1715,17,4,1,0,1,1, , ,N,3,3,0,3,0,3,4,2,N,N,39 56:51.981,75 13:33.808,0, ,0, ,0, ,N, ,3, , , , , , , , , ,2,1,0,0,0,0,0,0,0,0,3,0,3,0,1,0,0,0,0,0,0,0,0,0,0,0,0,0,0,0,0,0,0,0,0,3,0,39.9478,-75.2261, , 
51582,569104,2013106716,6,67,67301,2013,9,7,1552,15,1,1,0,4,1, , ,N,1,2,0,3,0,1,2,2,N, ,39 59:27.154,75 05:28.375,1610, ,1603, ,0, , , ,3, , , , , , , , , ,2,1,0,0,1,0,0,0,0,0,0,1,1,0,0,0,0,0,0,0,0,0,0,0,0,0,0,0,0,0,0,0,0,0,0,4,0,39.9909,-75.0912, , 
51583,569111,2013114975,6,67,67301,2013,11,2,24,0,3,1,0,7,2, , ,N,0,0,0,3,0,0,1,1,N,N,39 57:56.170,75 11:09.859,36, ,30,1,2,4,N, ,0,N, , , , , , , , ,1,1,0,0,0,0,0,0,0,0,0,0,0,0,0,0,0,0,0,0,0,0,0,1,0,0,0,0,0,0,0,0,0,0,0,0,0,39.9656,-75.1861, , 
51584,569142,2013093886,6,67,67301,2013,7,2,2300,23,3,1,0,4,1, , ,N,1,2,0,3,0,1,2,2,N, ,40 05:12.685,74 58:19.097,2308, ,2305,1,2,3, , ,3,Y, , , , , , , , ,1,0,0,0,0,0,1,0,1,0,0,0,1,1,0,0,0,0,0,0,1,0,0,0,0,0,0,0,0,0,0,0,0,0,0,8,0,40.0868,-74.9718, , 
51585,569165,2013123006,6,67,67301,2013,11,7,1630,16,1,1,0,4,1, , ,N,3,2,0,3,0,1,2,2,N, ,40 00:21.955,75 10:35.772,1658, ,1653,1,1,2, , ,3,N, , , , , , , , ,2,2,0,0,0,0,0,0,0,0,0,0,1,1,0,0,0,0,1,0,0,1,0,0,0,0,0,0,0,0,0,0,0,0,0,8,0,40.006,-75.1766, , 
51586,569177,2013070435,6,67,67301,2013,6,1,1532,15,1,1,0,7,2, , ,N,1,2,0,3,0,1,1,1,N,N,40 01:34.401,75 07:02.499,1545, ,1543, ,0, ,N, ,3, , , , , , , , , ,1,0,1,0,0,0,0,0,0,0,1,0,1,0,0,0,0,0,0,0,0,0,0,0,0,0,0,0,0,0,0,0,0,0,0,3,0,40.0262,-75.1174, , 
51587,569182,2013077450,6,67,67301,2013,7,4,2002,20,1,1,0,4,1, , ,N,1,2,0,3,0,3,5,2,N,N,39 57:14.932,75 09:39.712,2003, ,2002, ,0, ,N, ,3, , , , , , , , , ,2,1,0,0,0,0,1,0,0,0,2,1,3,0,0,0,0,0,0,0,1,0,0,0,0,0,0,0,0,0,0,0,0,0,0,3,0,39.9541,-75.161, , 
51588,569194,2013086225,6,67,67301,2013,7,4,1326,13,1,1,0,1,1, , ,N,1,2,0,3,0,2,2,2,N,N,39 58:33.978,75 14:18.941,1359, ,1356, ,0, ,N, ,3, , , , , , , , , ,2,1,0,0,1,0,0,0,0,0,0,0,2,2,0,0,0,0,0,0,0,0,0,0,0,0,0,0,0,0,0,0,0,0,0,8,0,39.9761,-75.2386, , 
51589,569219,2013055390,6,67,67301,2013,5,6,1820,18,1,1,0,8,1, , ,N,0,0,0,3,0,1,2,2,N,N,40 01:23.636,75 09:22.840,1846, ,1845, ,0, ,N, ,0, , , , , , , , , ,1,1,0,0,0,0,0,0,0,0,1,0,1,0,0,0,0,0,0,1,0,0,0,0,0,0,0,0,0,0,0,0,1,0,0,3,0,40.0232,-75.1563, , 
51590,569226,2013074790,6,67,67301,2013,6,5,2210,22,3,2,1,2,1, , ,N,0,0,0,3,0,2,2,2,N,N,40 04:49.870,75 13:23.990,2350, ,2350, ,0, ,N, ,0, , , , , , , , , ,2,1,0,0,0,0,1,0,0,0,0,2,2,0,0,0,0,0,0,0,0,0,0,0,0,0,0,0,0,0,0,0,0,0,0,4,0,40.0805,-75.2233, , 
51591,569240,2013083994,6,67,67301,2013,6,7,9999,99,3,2,1,4,1, , ,N,1,3,0,3,0,3,5,2,N,N,39 57:12.592,75 14:18.596,333, ,330, ,0, ,N, ,3, , , , , , , , , ,2,1,0,0,0,0,1,0,0,0,1,2,3,0,0,0,0,0,0,0,0,0,0,0,0,0,0,0,0,0,0,0,0,0,0,3,0,39.9535,-75.2385, , 
51592,569263,2013101243,6,67,67301,2013,9,2,1758,17,1,1,0,4,1, , ,N,0,8,0,3,0,0,2,2,N,N,40 00:54.567,75 10:38.563,1806, ,1802,1,2,4,N, ,3,N, , , , , , , , ,2,2,0,0,0,0,0,0,0,0,0,0,0,0,0,0,0,0,0,0,1,0,0,0,0,0,0,0,0,0,0,0,0,0,0,0,0,40.0152,-75.1774, , 
51593,572314,2013062670,6,67,67301,2013,5,1,2330,23,3,1,0,1,1, , ,N,0,0,0,3,0,1,2,2,N,N,40 00:57.126,75 10:13.074,13, ,12, ,0, ,N, ,0, , , , , , , , , ,2,1,0,0,0,0,1,0,0,0,0,0,1,1,0,0,0,0,0,0,1,0,0,1,0,0,0,0,0,0,0,0,0,0,0,8,0,40.0159,-75.1703, , 
51594,572320,2013070517,6,67,67301,2013,6,1,242,2,3,1,0,7,5, , ,N,0,0,0,3,0,1,1,1,N,N,40 05:16.882,74 58:21.638,250, ,245, ,0, ,N, ,0, , , , , , , , , ,1,1,0,0,0,0,0,0,0,0,1,0,1,0,0,0,0,0,0,0,0,0,0,0,0,0,0,0,0,0,0,0,0,0,0,3,0,40.088,-74.9727, , 
51595,572329,2013083979,6,67,67301,2013,7,4,1530,15,1,1,0,4,1, , ,N,1,2,0,3,0,0,4,2,N,N,40 03:44.013,75 09:06.397,1557, ,1552,1,1,2,N, ,3,N, , , , , , , , ,2,1,0,0,0,0,1,0,0,0,0,0,0,0,0,0,0,1,0,0,1,0,0,0,0,0,0,0,0,0,0,0,0,0,0,0,0,40.0622,-75.1518, , 
51596,572350,2013053548,6,67,67301,2013,4,6,9999,99,1,1,0,4,1, , ,N,1,2,0,3,0,5,6,2,N, ,39 59:53.719,75 07:38.508,1011, ,947, ,0, , , ,3, , , , , , , , , ,2,2,0,0,0,0,0,0,0,0,0,5,5,0,0,0,0,0,0,0,0,0,0,0,0,0,0,0,0,0,0,0,0,0,0,4,0,39.9983,-75.1274, , 
51597,572419,2013101144,6,67,67301,2013,9,3,150,1,3,1,0,7,5, , ,N,1,3,0,3,0,1,1,1,N, ,39 58:57.363,75 08:25.310,200, ,150, ,0, , , ,3, , , , , , , , , ,1,0,0,0,0,0,1,0,0,0,0,1,1,0,0,0,0,0,0,0,0,0,0,0,0,0,0,0,0,0,0,0,0,0,0,4,0,39.9826,-75.1404, , 
51598,572424,2013106636,6,67,67301,2013,9,6,650,6,1,1,0,1,1, , ,N,0,0,0,3,0,0,2,3,N,N,40 01:50.927,75 07:04.616,951, ,949, ,0, ,N, ,0, , , , , , , , , ,2,1,0,0,1,0,0,0,0,0,0,0,0,0,1,0,0,0,0,0,0,0,0,1,0,0,0,0,0,0,0,0,0,0,0,9,0,40.0308,-75.1179, , 
51599,572451,2013064611,6,67,67301,2013,6,3,1224,12,1,1,0,4,1, , ,N,3,3,0,3,0,2,2,2,N,N,40 00:26.055,75 10:28.017,1225, ,1224, ,0, , , ,3, , , , , , , , , ,2,2,0,0,0,0,0,0,0,0,0,0,2,2,0,0,0,0,0,0,0,0,0,0,0,0,0,0,0,0,0,0,0,0,0,8,0,40.0072,-75.1745, , 
51600,572452,2013065439,6,67,67301,2013,5,1,339,3,3,2,1,7,5, , ,N,2,2,0,3,0,0,1,1,N,N,40 07:06.945,75 00:25.153,355, ,342, ,0, , , ,3, , , , , , , , , ,1,1,0,0,0,0,0,0,0,0,0,0,0,0,1,0,0,0,0,0,0,0,0,0,0,0,0,0,0,0,0,0,0,0,0,9,0,40.1186,-75.007, , 
51601,572459,2013074711,6,67,67301,2013,3,4,1143,11,1,1,0,8,1, , ,N,5,2,2,3,0,1,2,2,N, ,39 57:27.542,75 09:44.544,1210, ,1205,2,1,3, , ,3,N, , , , , , , , ,1,0,0,0,0,0,0,1,0,0,0,0,1,1,0,0,0,0,1,0,0,0,0,0,0,0,0,0,0,0,0,0,1,0,0,8,0,39.9577,-75.1624, , 
51602,572475,2013094684,6,67,67301,2013,8,5,2330,23,6,1,0,1,1, , ,N,0,9,0,3,0,1,2,2,N,N,39 59:30.845,75 11:12.029,0, ,0, ,0, ,N, ,9, , , , , , , , , ,2,1,0,0,0,0,0,0,0,0,0,0,1,1,1,0,0,0,0,0,0,0,0,0,0,0,0,0,0,0,0,0,0,0,0,8,0,39.9919,-75.1867, , 
51603,572489,2013109414,6,67,67301,2013,9,1,1015,10,1,1,0,8,1, , ,N,0,0,0,3,0,1,2,2,N,N,39 58:38.233,75 13:39.662,1023, ,1021, ,0, ,N, ,0, , , , , , , , , ,1,1,0,0,0,0,0,0,0,0,0,1,1,0,0,0,0,0,0,0,0,1,0,0,0,0,0,0,0,0,0,0,1,0,0,4,0,39.9773,-75.2277, , 
51604,572513,2013070200,6,67,67301,2013,6,7,1915,19,4,1,0,8,1, , ,N,0,0,0,3,0,1,3,2,N,N,39 54:16.524,75 10:02.722,1920, ,1920, ,0, ,N, ,0, , , , , , , , , ,1,1,0,0,0,0,0,0,0,0,1,0,1,0,0,0,0,0,0,0,0,0,0,0,0,0,0,0,0,0,0,0,1,0,0,3,0,39.9046,-75.1674, , 
51605,572520,2013074798,6,67,67301,2013,6,7,1930,19,1,1,0,8,5, , ,N,0,0,0,3,0,1,2,2,N,N,40 01:47.045,75 02:09.300,1938, ,1936, ,0, ,N, ,0, , , , , , , , , ,1,0,0,1,0,0,0,0,0,0,0,1,1,0,0,0,0,0,0,0,0,0,0,0,0,0,0,0,0,0,0,0,1,0,0,4,1,40.0297,-75.0359, , 
51606,572537,2013103931,6,67,67301,2013,9,5,1257,12,1,1,0,7,4, , ,N,2,3,0,3,0,1,1,1,N,N,39 52:57.144,75 13:33.841,1310, ,1258,3,2,5,N, ,3,Y, , , , , , , , ,1,1,0,0,0,0,0,0,0,0,0,1,1,0,0,0,0,0,0,0,0,0,0,0,0,0,0,0,0,0,0,0,0,0,0,4,0,39.8825,-75.2261, , 
51607,572538,2013103933,6,67,67301,2013,4,4,1406,14,1,1,0,4,1, , ,N,1,2,0,3,0,0,2,2,N,N,39 57:45.749,75 09:47.159,1418, ,1409,1,1,4,N, ,3,N, , , , , , , , ,2,2,0,0,0,0,0,0,0,0,0,0,0,0,0,0,0,0,0,0,0,1,1,0,0,0,0,0,0,0,0,0,0,0,0,0,0,39.9627,-75.1631, , 
51608,572544,2013053410,6,67,67301,2013,5,3,820,8,1,1,0,1,1, , ,N,0,0,0,3,0,1,4,2,N,N,39 56:46.409,75 11:20.849,828, ,825, ,0, ,N, ,0, , , , , , , , , ,2,1,0,0,0,0,1,0,0,0,0,1,1,0,0,0,0,0,0,0,1,0,0,0,0,0,0,0,0,0,0,0,0,0,0,4,0,39.9462,-75.1891, , 
51609,572558,2013071522,6,67,67301,2013,7,1,1735,17,1,1,0,6,1, , ,N,1,2,0,3,0,0,4,2,N,N,39 59:08.181,75 09:03.283,1740, ,1740, ,0, ,N, ,3, , , , , , , , , ,2,2,0,0,0,0,0,0,0,0,0,0,0,0,1,0,0,0,0,0,0,0,0,0,0,0,0,0,0,0,0,0,0,0,0,9,0,39.9856,-75.1509, , 
51610,572562,2013077410,6,67,67301,2013,6,6,1803,18,1,1,0,5,2, , ,N,0,0,0,3,0,0,1,2,N, ,39 58:57.009,75 07:35.694,1806, ,1805, ,0, , , ,0, , , , , , , , , ,2,2,0,0,0,0,0,0,0,0,0,0,0,0,1,0,0,0,0,0,0,0,0,0,0,0,0,0,0,0,0,0,0,0,0,9,0,39.9825,-75.1266, , 
51611,575439,2013053098,6,67,67301,2013,4,2,1755,17,1,1,0,1,1, , ,N,0,2,0,3,0,1,4,2,N,N,39 55:12.410,75 13:48.698,1815, ,1812, ,0, ,N, ,3, , , , , , , , , ,2,2,0,0,0,0,0,0,0,0,0,0,1,1,0,0,0,0,0,0,0,0,0,0,0,0,0,0,0,0,0,0,0,0,0,8,0,39.9201,-75.2302, , 
51612,575441,2013055838,6,67,67301,2013,5,7,410,4,3,1,0,7,2, , ,N,1,2,0,3,0,1,1,1,N,N,40 05:12.438,74 58:18.635,416, ,413,2,2,1,N, ,3,Y, , , , , , , , ,1,0,0,0,0,0,1,0,0,0,1,0,1,0,0,0,0,0,0,0,0,0,0,1,0,0,0,0,0,0,0,0,0,0,0,3,0,40.0868,-74.9718, , 
51613,575450,2013077519,6,67,67301,2013,6,7,1253,12,1,1,0,1,1, , ,N,1,3,0,3,0,3,8,3,N,N,40 02:52.901,75 05:34.215,1301, ,1254,1,2,4,N, ,3,Y, , , , , , , , ,3,2,0,0,0,0,1,0,0,0,0,3,3,0,0,0,0,0,0,0,1,0,0,0,0,0,0,0,0,0,0,0,0,0,0,4,0,40.048,-75.0928, , 
51614,575451,2013077532,6,67,67301,2013,6,4,219,2,3,1,0,7,2, , ,N,5,2,0,3,0,0,1,1,N,N,40 03:23.039,75 01:43.855,233, ,219, ,0, , , ,3, , , , , , , , , ,1,1,0,0,0,0,0,0,0,0,0,0,0,0,1,0,0,0,0,0,0,0,0,0,0,0,0,0,0,0,0,0,0,0,0,9,0,40.0564,-75.0288, , 
51615,575456,2013086708,6,67,67301,2013,7,2,1724,17,1,1,0,4,1, , ,N,1,2,0,3,0,1,3,2,N,N,39 55:05.640,75 12:31.416,1727, ,1726, ,0, ,N, ,3, , , , , , , , , ,2,1,0,0,0,0,1,0,0,0,0,1,1,0,0,0,0,0,0,0,0,0,0,0,0,0,0,0,0,0,0,0,0,0,0,4,0,39.9182,-75.2088, , 
51616,575488,2013065370,6,67,67301,2013,5,1,1620,16,1,2,1,4,2, , ,N,0,0,0,3,0,0,2,3,N,N,40 03:27.565,75 12:00.115,1635, ,1635, ,0, , , ,0, , , , , , , , , ,3,3,0,0,0,0,0,0,0,0,0,0,0,0,2,0,0,0,0,0,0,0,0,0,0,0,0,0,0,0,0,0,0,0,0,9,0,40.0577,-75.2, , 
51617,575494,2013067335,6,67,67301,2013,4,2,2005,20,3,1,0,1,1, , ,N,3,2,0,3,0,1,2,2,N,N,40 02:50.984,75 06:44.541,0, ,0, ,0, ,N, ,3, , , , , , , , , ,2,2,0,0,0,0,0,0,0,0,0,1,1,0,1,0,0,0,0,0,0,0,0,0,0,0,0,0,0,0,0,0,0,0,0,4,0,40.0475,-75.1124, , 
51618,575504,2013074650,6,67,67301,2013,6,6,1645,16,1,1,0,8,1, , ,N,0,0,0,3,0,1,2,2,N, ,39 56:41.938,75 10:48.190,1649, ,1646, ,0, , , ,0, , , , , , , , , ,1,1,0,0,0,0,0,0,0,0,1,0,1,0,0,0,0,0,0,0,0,0,1,0,0,0,0,0,0,0,0,0,1,0,0,3,0,39.945,-75.1801, , 
51619,575505,2013074676,6,67,67301,2013,6,5,1925,19,1,2,1,4,2, , ,N,2,3,0,3,0,1,3,2,N,N,39 59:51.548,75 07:21.826,1930, ,1925,2,1,3,N, ,3,N, , , , , , , , ,1,0,0,0,0,0,1,0,1,0,0,1,1,0,0,0,0,0,0,0,0,0,0,0,0,0,0,0,0,0,0,0,0,0,0,4,0,39.9977,-75.1227, , 
51620,575506,2013074769,6,67,67301,2013,5,4,813,8,1,1,0,8,1, , ,N,2,0,0,3,0,1,2,2,N,Y,40 01:04.954,75 09:26.539,824, ,822, ,0, , , ,0, , , , , , , , , ,1,0,0,0,0,0,0,1,0,0,1,0,1,0,0,0,0,0,0,0,0,0,0,0,0,0,0,0,0,0,0,0,1,0,0,3,0,40.018,-75.1574, , 
51621,575508,2013077493,6,67,67301,2013,7,1,2120,21,3,1,0,4,1, , ,N,0,0,0,3,0,0,3,2,N,N,40 02:11.792,75 03:19.047,2212, ,2153, ,0, ,N, ,0, , , , , , , , , ,2,2,0,0,0,0,0,0,0,0,0,0,0,0,0,0,0,0,0,1,0,0,0,0,0,0,0,0,0,0,0,0,0,0,0,0,0,40.0366,-75.0553, , 
51622,575535,2013059832,6,67,67301,2013,5,5,902,9,1,1,0,1,1,1,5,Y,0,0,0,3,0,1,2,2,N,N,40 00:42.551,75 03:38.052,912,50,902, ,0, ,N, ,0, ,Y,N,N,N,Y,Y,N,Y,2,0,0,0,0,0,1,1,0,0,0,1,1,0,0,0,0,0,1,0,1,0,0,1,0,0,0,0,0,0,0,0,0,0,0,4,0,40.0118,-75.0605, , 
51623,575541,2013070934,6,67,67301,2013,6,7,9999,99,1,1,0,4,1, , ,N,1,2,0,3,0,0,3,2,N,N,39 54:59.440,75 10:23.109,1736, ,1724, ,0, ,N, ,3, , , , , , , , , ,2,1,0,0,1,0,0,0,0,0,0,0,0,0,1,0,0,0,0,0,1,0,0,0,0,0,0,0,0,0,0,0,0,0,0,9,0,39.9165,-75.1731, , 
51624,575549,2013077462,6,67,67301,2013,6,1,1515,15,1,2,1,8,1, , ,N,0,0,0,3,0,1,2,2,N, ,39 56:34.904,75 13:33.769,1532, ,1526, ,0, , , ,0, , , , , , , , , ,1,1,0,0,0,0,0,0,0,0,0,1,1,0,0,0,0,0,0,0,0,0,0,0,0,0,0,0,0,0,0,0,1,0,0,4,0,39.943,-75.226, , 
51625,575550,2013079995,6,67,67301,2013,7,6,9999,99,1,1,0,4,1, , ,N,1,2,0,3,0,0,3,2,N,N,40 03:11.919,75 08:21.649,1000, ,954, ,0, ,N, ,3, , , , , , , , , ,2,2,0,0,0,0,0,0,0,0,0,0,0,0,2,0,0,0,0,0,0,0,0,0,0,0,0,0,0,0,0,0,0,0,0,9,0,40.0533,-75.1393, , 
51626,575569,2013101048,6,67,67301,2013,9,6,1700,17,1,1,0,5,1, , ,N,0,0,0,3,0,1,2,2,N,N,39 55:09.515,75 10:15.070,1735, ,1730, ,0, ,N, ,0, , , , , , , , , ,2,1,0,1,0,0,0,0,0,0,0,1,1,0,0,0,0,0,1,0,0,0,0,0,0,0,0,0,0,0,0,0,0,0,0,4,1,39.9193,-75.1709, , 
51627,575586,2013093093,6,67,67301,2013,8,1,445,4,3,9,0,1,1, , ,N,1,2,0,3,0,1,2,2,N,N,40 04:14.685,75 09:26.643,46, ,46, ,0, ,N, ,3, , , , , , , , , ,2,2,0,0,0,0,0,0,0,0,0,1,1,0,1,0,0,0,0,0,0,1,0,0,0,0,0,0,0,0,0,0,0,0,0,4,0,40.0707,-75.1574, , 
51628,575615,2013121553,6,67,67301,2013,10,6,130,1,3,1,0,5,6, , ,N,0,0,0,3,0,0,1,6,N,N,39 58:44.185,75 10:57.056,133, ,131, ,0, ,N, ,0, , , , , , , , , ,6,4,0,0,0,0,2,0,0,0,0,0,0,0,0,0,0,0,0,0,0,0,0,0,0,0,0,0,0,0,0,0,0,0,0,0,0,39.9789,-75.1825, , 
51629,578579,2013063311,6,67,67301,2013,6,4,1030,10,1,1,0,0,1, , ,N,0,4,2,3,0,1,1,1,N,N,39 57:24.600,75 08:59.594,1040, ,1030,3,2,3,N, ,3,Y, , , , , , , , ,1,0,0,0,0,1,0,0,0,0,0,0,1,1,0,0,0,0,0,0,0,0,0,0,0,0,0,0,0,0,0,0,0,0,0,8,1,39.9568,-75.1499, , 
51630,578593,2013079978,6,67,67301,2013,7,5,0,0,3,1,0,4,1, , ,N,1,2,0,3,0,3,5,3,N,N,39 59:58.819,75 07:30.180,100, ,49,3,2,5,N, ,3,Y, , , , , , , , ,3,1,0,0,1,1,0,0,0,0,0,3,3,0,1,0,0,0,0,0,0,0,0,0,0,0,0,0,0,0,0,0,0,0,0,4,0,39.9997,-75.1251, , 
51631,578604,2013093284,6,67,67301,2013,9,7,645,6,1,8,0,7,5, , ,N,0,1,0,3,0,1,1,1,N,N,39 53:56.735,75 10:01.394,659, ,646,2,2,1,Y, ,3,N, , , , , , , , ,1,0,0,0,0,0,1,0,0,0,0,1,1,0,0,0,0,0,0,0,0,1,0,0,0,0,0,0,0,0,0,0,0,0,0,4,0,39.8991,-75.1671, , 
51632,578638,2013086176,6,67,67301,2013,7,6,304,3,3,1,0,7,5, , ,N,1,2,0,3,0,1,1,1,N,N,39 54:54.566,75 14:25.230,304, ,302, ,0, ,N, ,3, , , , , , , , , ,1,1,0,0,0,0,0,0,0,0,0,0,1,1,0,0,0,0,0,0,0,0,0,0,0,0,0,0,0,0,0,0,0,0,0,8,0,39.9152,-75.2403, , 
51633,578645,2013101152,6,67,67301,2013,9,1,544,5,5,1,0,4,1, , ,N,2,0,0,3,0,4,4,3,N,N,39 55:43.774,75 14:23.647,600, ,544,2,2,2,N, ,0,Y, , , , , , , , ,3,2,0,0,0,0,1,0,0,0,0,1,4,3,0,0,0,0,0,0,0,0,0,0,0,0,0,0,0,0,0,0,0,0,0,4,0,39.9288,-75.2399, , 
51634,578650,2013106708,6,67,67301,2013,9,2,1455,14,1,1,0,8,1, , ,N,1,2,0,3,0,1,2,2,N, ,39 55:09.777,75 10:14.532,1633, ,1631, ,0, , , ,3, , , , , , , , , ,1,1,0,0,0,0,0,0,0,0,0,1,1,0,0,0,0,0,0,0,0,1,0,0,0,0,0,0,0,0,0,0,1,0,0,4,0,39.9194,-75.1707, , 
51635,578654,2013109457,6,67,67301,2013,9,1,19,0,3,1,0,7,2, , ,N,0,0,0,3,0,0,2,2,N,N,39 59:54.798,75 09:12.445,105, ,258, ,0, ,N, ,0, , , , , , , , , ,2,1,0,0,0,0,1,0,0,0,0,0,0,0,0,0,0,0,0,0,1,0,0,0,0,0,0,0,0,0,0,0,0,0,0,0,0,39.9986,-75.1535, , 
51636,578665,2013098430,6,67,67301,2013,9,4,800,8,1,1,0,8,1, , ,N,0,0,0,3,0,1,3,2,N,N,40 04:36.404,75 05:00.740,815, ,807, ,0, , , ,0, , , , , , , , , ,1,1,0,0,0,0,0,0,0,0,1,0,1,0,0,0,0,0,0,0,0,1,0,0,0,0,0,0,0,0,0,0,1,0,0,3,0,40.0768,-75.0835, , 
51637,578677,2013077460,6,67,67301,2013,6,4,2145,21,3,1,1,5,6, , ,N,0,0,0,3,0,1,1,4,N,N,40 01:04.552,75 08:04.384,2215, ,2210, ,0, ,N, ,0, , , , , , , , , ,4,3,0,0,0,0,0,1,0,0,0,1,1,0,0,0,0,0,0,0,0,0,0,0,0,0,0,0,0,0,0,0,0,0,0,4,0,40.0179,-75.1346, , 
51638,578715,2013064397,6,67,67301,2013,6,3,1445,14,1,2,1,2,1, , ,N,1,2,0,3,0,2,2,2,N,N,39 59:12.112,75 12:27.590,1455, ,1448,2,1,2,N, ,3,N, , , , , , , , ,2,2,0,0,0,0,0,0,0,0,0,2,2,0,0,0,0,0,0,0,0,0,0,0,0,0,0,0,0,0,0,0,0,0,0,4,0,39.9867,-75.2076, , 
51639,578722,2013093049,6,67,67301,2013,8,7,1745,17,1,4,0,4,1, , ,N,1,2,0,3,0,3,7,2,N,N,40 03:07.556,75 08:30.811,1810, ,1800, ,0, ,N, ,3, , , , , , , , , ,2,2,0,0,0,0,0,0,0,0,0,3,3,0,0,0,0,0,0,0,0,0,0,2,0,0,0,0,0,0,0,0,0,0,0,4,0,40.0521,-75.1418, , 
51640,578726,2013096130,6,67,67301,2013,8,1,539,5,3,1,0,7,7, , ,N,6,0,2,3,0,1,1,1,N,N,40 00:23.138,75 11:35.350,544, ,539,1,1,1,N, ,0,Y, , , , , , , , ,1,0,0,0,0,0,0,1,0,0,0,1,1,0,0,0,0,0,0,0,0,0,0,0,0,0,0,0,0,0,0,0,0,0,0,4,0,40.0077,-75.2018, , 
51641,578730,2013104032,6,67,67301,2013,9,3,720,7,1,1,0,4,1, , ,N,2,2,0,3,0,4,4,2,N, ,39 54:32.712,75 14:31.675,740, ,729,3,1,1, , ,3,N, , , , , , , , ,2,2,0,0,0,0,0,0,0,0,3,0,4,1,0,0,0,0,0,0,0,0,0,0,0,0,0,0,0,0,0,0,0,0,0,3,0,39.909,-75.2419, , 
51642,578731,2013104525,6,67,67301,2013,10,1,1725,17,1,1,0,1,1, , ,N,0,0,0,3,0,2,4,3,N,N,39 57:36.527,75 10:48.321,1749, ,1726, ,0, ,N, ,0, , , , , , , , , ,3,2,0,0,0,0,0,1,0,0,0,2,2,0,0,0,1,0,0,1,0,0,0,0,0,0,0,0,0,0,0,0,0,0,0,4,0,39.9601,-75.1801, , 
51643,578767,2013065474,6,67,67301,2013,5,3,1200,12,1,1,0,1,1, , ,N,1,2,0,3,0,1,2,2,N, ,39 56:22.379,75 11:53.331,1212, ,1210,1,1,4, , ,3,N, , , , , , , , ,2,1,0,0,1,0,0,0,0,0,0,1,1,0,0,0,0,0,0,0,0,0,0,0,0,0,0,0,0,0,0,0,0,0,0,4,0,39.9396,-75.1982, , 
51644,578785,2013079476,6,67,67301,2013,7,6,1638,16,1,1,0,7,5, , ,N,1,0,0,3,0,0,1,2,N, ,39 56:34.069,75 09:19.411,1650, ,1038, ,0, , , ,0, , , , , , , , , ,2,1,0,0,0,0,1,0,0,0,0,0,0,0,0,0,0,0,0,0,0,1,0,0,0,0,0,0,0,0,0,0,0,0,0,0,0,39.9428,-75.1554, , 
51645,578792,2013086962,6,67,67301,2013,8,6,831,8,1,1,0,8,1, , ,N,2,2,0,3,0,1,2,2,N,N,40 02:12.212,75 11:15.028,840, ,832,1,1,2,N, ,3,N, , , , , , , , ,1,0,0,0,0,0,1,0,0,0,0,0,1,1,1,0,0,0,0,0,0,0,0,0,0,0,0,0,0,0,0,0,1,0,0,8,0,40.0367,-75.1875, , 
51646,578799,2013093177,6,67,67301,2013,8,2,1500,15,1,1,0,8,1, , ,N,1,2,0,3,0,1,2,2,N, ,40 00:38.569,75 09:04.826,9999, ,9999, ,0, , , ,3, , , , , , , , , ,1,1,0,0,0,0,0,0,0,0,0,0,1,1,0,0,0,0,0,0,0,0,0,0,0,0,0,0,0,0,0,0,1,0,0,8,0,40.0107,-75.1513, , 
51647,569264,2013047242,6,67,67301,2013,4,7,9999,99,3,1,0,4,1, , ,N,1,2,0,3,0,0,2,2,N, ,40 04:57.327,74 57:57.675,2100, ,2118, ,0, , , ,3, , , , , , , , , ,2,0,0,0,0,0,1,1,0,0,0,0,0,0,0,0,0,0,0,0,0,0,0,0,0,0,0,0,0,0,0,0,0,0,0,0,0,40.0826,-74.966, , 
51648,569282,2013070319,6,67,67301,2013,6,6,1415,14,1,2,1,6,1, , ,N,1,3,0,3,0,1,3,2,N,N,39 58:34.118,75 10:42.124,9999, ,9999, ,0, ,N, ,3, , , , , , , , , ,2,0,0,0,2,0,0,0,0,0,0,0,1,1,1,0,0,0,0,0,0,0,0,0,0,0,0,0,0,0,0,0,0,0,0,8,0,39.9761,-75.1784, , 