objectid_1,objectid,crn,district,county,municipality,crash_year,crash_month,day_of_week,time_of_day,hour_of_day,illumination,weather,road_condition,collision_type,relation_to_road,work_zone_type,work_zone_loc,work_zone_ind,intersect_type,tcd_type,location_type,urban_rural,fatal_count,injury_count,person_count,total_units,sch_bus_ind,sch_zone_ind,latitude,longitude,arrival_tm,cons_zone_spd_lim,dispatch_tm,est_hrs_closed,lane_closed,ln_close_dir,ntfy_hiwy_maint,spec_juris_cd,tcd_func_cd,tfc_detour_ind,workers_pres,wz_close_detour,wz_flagger,wz_law_offcr_ind,wz_ln_closure,wz_moving,wz_other,wz_shlder_mdn,vehicle_count,automobile_count,motorcycle_count,bus_count,small_truck_count,heavy_truck_count,suv_count,van_count,bicycle_count,maj_inj_count,mod_inj_count,min_inj_count,tot_inj_count,unk_inj_deg_count,unk_inj_per_count,driver_count_16yr,driver_count_17yr,driver_count_18yr,driver_count_19yr,driver_count_20yr,driver_count_50_64yr,driver_count_65_74yr,driver_count_75plus,unbelted_occ_count,unb_death_count,unb_maj_inj_count,belted_death_count,belted_maj_inj_count,mcycle_death_count,mcycle_maj_inj_count,bicycle_death_count,bicycle_maj_inj_count,ped_count,ped_death_count,ped_maj_inj_count,max_severity_level,comm_veh_count,dec_lat,dec_long,rdwy_surf_type_cd,county_name
51784,580793,2013062572,6,67,67301,2013,5,2,1822,18,1,1,0,4,1, , ,N,1,2,0,3,0,1,2,2,N,N,39 57:51.138,75 11:24.597,1830, ,1824, ,0, ,N, ,3, , , , , , , , , ,1,1,0,0,0,0,0,0,1,0,0,1,1,0,0,0,0,0,0,0,0,1,0,0,0,0,0,0,0,0,0,0,0,0,0,4,0,39.9642,-75.1902, , 
51785,580801,2013074661,6,67,67301,2013,6,3,9999,99,1,1,0,4,1, , ,N,2,2,0,3,0,1,2,2,N,N,39 59:54.675,75 09:12.937,952, ,950, ,0, ,N, ,3, , , , , , , , , ,2,1,0,0,0,0,0,1,0,0,0,1,1,0,0,0,0,0,0,0,1,0,0,0,0,0,0,0,0,0,0,0,0,0,0,4,0,39.9985,-75.1535, , 
51786,580804,2013079986,6,67,67301,2013,7,2,9999,99,1,1,0,1,2, , ,N,0,0,0,3,0,0,2,2,N,N,39 54:57.530,75 14:19.770,1606, ,1604,3,1,2,N, ,0,N, , , , , , , , ,2,1,0,0,0,0,1,0,0,0,0,0,0,0,0,0,0,0,0,0,0,0,0,0,0,0,0,0,0,0,0,0,0,0,0,0,0,39.916,-75.2388, , 
51787,580837,2013065375,6,67,67301,2013,5,3,555,5,1,1,0,4,1, , ,N,1,2,0,3,0,0,2,2,N, ,39 57:36.745,75 11:27.211,605, ,600, ,0, , , ,3, , , , , , , , , ,2,2,0,0,0,0,0,0,0,0,0,0,0,0,0,0,0,0,0,0,0,0,0,0,0,0,0,0,0,0,0,0,0,0,0,0,0,39.9602,-75.1909, , 
51788,580852,2013022331,6,67,67301,2013,1,4,545,5,3,1,0,4,1, , ,N,0,0,0,3,0,0,3,2,N,N,39 54:46.236,75 11:32.514,557, ,554, ,0, ,N, ,0, , , , , , , , , ,2,1,0,0,0,0,0,1,0,0,0,0,0,0,2,0,0,0,0,0,1,1,0,0,0,0,0,0,0,0,0,0,0,0,0,9,0,39.9128,-75.1924, , 
51789,580863,2013035237,6,67,67301,2013,3,1,1330,13,1,1,0,8,1, , ,N,0,0,0,3,0,1,2,2,N,N,40 00:35.470,75 09:13.129,1355, ,1350, ,0, ,N, ,0, , , , , , , , , ,1,1,0,0,0,0,0,0,0,0,0,1,1,0,0,0,0,0,0,0,1,0,0,0,0,0,0,0,0,0,0,0,1,0,0,4,0,40.0099,-75.1536, , 
51790,580867,2013041293,6,67,67301,2013,3,7,1025,10,1,1,0,1,1, , ,N,1,2,0,3,0,1,6,2,N,N,39 57:36.745,75 11:27.211,1032, ,1030,1,1,4,N, ,3,N, , , , , , , , ,2,2,0,0,0,0,0,0,0,0,0,0,1,1,0,0,0,0,0,0,0,0,0,0,0,0,0,0,0,0,0,0,0,0,0,8,0,39.9602,-75.1909, , 
51791,580876,2013046391,6,67,67301,2013,4,7,1929,19,3,1,0,4,1, , ,N,2,2,0,3,0,2,4,4,N,N,40 03:47.826,75 08:21.544,1950, ,1945,1,1,3,N, ,3,N, , , , , , , , ,4,3,0,0,1,0,0,0,0,0,2,0,2,0,0,0,0,0,0,0,1,1,0,1,0,0,0,0,0,0,0,0,0,0,0,3,0,40.0633,-75.1393, , 
51792,580880,2013050336,6,67,67301,2013,4,1,2029,20,3,1,0,7,4, , ,N,1,2,0,3,0,1,1,1,N,N,39 59:23.298,75 07:31.934,2037, ,2034, ,0, ,N, ,3, , , , , , , , , ,1,1,0,0,0,0,0,0,0,0,0,1,1,0,0,0,0,0,0,0,0,0,0,0,0,0,0,0,0,0,0,0,0,0,0,4,0,39.9898,-75.1255, , 
51793,569606,2013055917,6,67,67301,2013,3,2,2332,23,3,2,1,4,6, , ,N,0,0,0,3,0,0,1,2,N,N,39 56:10.539,75 13:08.007,2, ,2349, ,0, ,N, ,0, , , , , , , , , ,2,1,0,0,1,0,0,0,0,0,0,0,0,0,0,0,0,0,0,0,0,0,0,0,0,0,0,0,0,0,0,0,0,0,0,0,0,39.9363,-75.2189, , 
51794,569629,2013086189,6,67,67301,2013,8,1,238,2,3,1,0,4,1, , ,N,1,2,0,3,0,1,4,5,N,N,39 58:53.029,75 06:49.373,243, ,240,3,2,7,N, ,3,Y, , , , , , , , ,5,2,0,0,2,0,1,0,0,0,0,0,1,1,0,0,0,0,0,0,0,0,0,0,0,0,0,0,0,0,0,0,0,0,0,8,0,39.9814,-75.1137, , 
51795,569639,2013093182,6,67,67301,2013,8,3,2300,23,3,1,0,1,1, , ,N,1,2,0,3,0,0,2,2,N, ,39 55:09.777,75 10:14.532,2305, ,2305, ,0, , , ,3, , , , , , , , , ,2,1,1,0,0,0,0,0,0,0,0,0,0,0,0,0,0,0,0,0,0,0,0,0,0,0,0,0,0,0,0,0,0,0,0,0,0,39.9194,-75.1707, , 
51796,569647,2013101788,6,67,67301,2013,9,2,1632,16,1,1,0,4,1, , ,N,1,2,0,3,0,6,6,3,N,N,39 55:00.970,75 12:57.138,1638, ,1634,9,1,4, , ,3,N, , , , , , , , ,3,2,0,0,0,0,1,0,0,0,0,6,6,0,0,0,0,0,0,0,0,0,0,5,0,0,0,0,0,0,0,0,0,0,0,4,0,39.9169,-75.2159, , 
51797,569653,2013065403,6,67,67301,2013,5,3,1338,13,1,2,1,4,1, , ,N,1,2,0,3,0,1,2,2,N,N,40 03:07.221,75 03:44.755,1355, ,1345, ,0, ,N, ,3, , , , , , , , , ,2,1,0,0,0,0,0,1,0,0,0,0,1,1,0,0,0,0,0,0,0,0,0,0,0,0,0,0,0,0,0,0,0,0,0,8,0,40.052,-75.0624, , 
51798,569673,2013086825,6,67,67301,2013,7,7,1300,13,1,1,0,4,1, , ,N,2,0,0,3,0,1,2,2,N,N,39 56:30.400,75 09:14.371,1430, ,1424, ,0, ,N, ,0, , , , , , , , , ,1,1,0,0,0,0,0,0,1,0,0,1,1,0,0,0,0,0,0,0,1,0,0,0,0,0,0,0,0,0,0,0,0,0,0,4,0,39.9418,-75.154, , 
51799,569674,2013093046,6,67,67301,2013,8,4,847,8,1,1,0,5,1, , ,N,0,0,0,3,0,0,2,2,N,N,40 02:27.259,75 10:44.390,857, ,857, ,0, ,N, ,0, , , , , , , , , ,2,2,0,0,0,0,0,0,0,0,0,0,0,0,0,0,0,0,0,0,1,1,0,0,0,0,0,0,0,0,0,0,0,0,0,0,0,40.0409,-75.179, , 
51800,569676,2013096041,6,67,67301,2013,8,1,2230,22,3,1,0,4,1, , ,N,1,2,0,3,0,1,2,2,N,N,40 02:54.625,75 14:06.990,2242, ,2235, ,0, ,N, ,3, , , , , , , , , ,1,0,0,0,0,0,1,0,1,0,1,0,1,0,0,0,0,0,0,0,1,0,0,0,0,0,0,0,0,0,0,0,0,0,0,3,0,40.0485,-75.2353, , 
51801,569680,2013098431,6,67,67301,2013,9,6,2200,22,3,1,0,8,1, , ,N,5,2,0,3,0,1,2,2,N,N,39 54:19.501,75 10:24.816,2200, ,2200, ,0, ,N, ,3, , , , , , , , , ,1,1,0,0,0,0,0,0,0,0,0,0,1,1,0,0,0,0,0,0,0,0,0,0,0,0,0,0,0,0,0,0,1,0,0,8,0,39.9054,-75.1736, , 
51802,569687,2013107138,6,67,67301,2013,9,3,845,8,3,1,0,8,1, , ,N,1,2,0,3,0,1,2,2,N,N,39 58:20.976,75 10:02.753,903, ,901, ,0, ,N, ,3, , , , , , , , , ,1,0,0,1,0,0,0,0,0,0,0,0,1,1,0,0,0,0,0,0,0,0,0,0,0,0,0,0,0,0,0,0,1,0,0,8,1,39.9725,-75.1674, , 
51803,569705,2013080088,6,67,67301,2013,7,5,541,5,5,1,0,5,6, , ,N,0,0,0,3,0,0,1,3,N,N,39 55:41.077,75 08:48.750,542, ,542,1,1,2,N, ,0,N, , , , , , , , ,3,1,0,0,1,0,1,0,0,0,0,0,0,0,0,0,0,0,0,0,0,0,0,1,0,0,0,0,0,0,0,0,0,0,0,0,0,39.9281,-75.1469, , 
51804,569749,2013070532,6,67,67301,2013,6,6,1607,16,1,2,1,8,1, , ,N,1,3,0,3,0,1,2,2,N,N,40 02:28.777,75 10:32.714,1623, ,1618, ,0, , , ,3, , , , , , , , , ,1,1,0,0,0,0,0,0,0,0,0,1,1,0,1,0,0,0,0,0,0,0,1,0,0,0,0,0,0,0,0,0,1,0,0,4,0,40.0413,-75.1758, , 
51805,569771,2013083974,6,67,67301,2013,7,2,1736,17,1,1,0,4,1, , ,N,0,0,0,3,0,1,2,2,N,N,40 02:25.181,75 04:55.055,1741, ,1739, ,0, ,N, ,0, , , , , , , , , ,1,1,0,0,0,0,0,0,1,0,0,0,1,1,0,0,0,0,0,0,0,0,0,0,0,0,0,0,0,0,0,0,0,0,0,8,0,40.0403,-75.082, , 
51806,569807,2013070090,6,67,67301,2013,6,1,437,4,3,1,0,7,3, , ,N,1,2,0,3,0,0,1,1,N,N,39 58:07.829,75 08:10.292,441, ,440,1,1,6,Y, ,3,N, , , , , , , , ,1,1,0,0,0,0,0,0,0,0,0,0,0,0,0,0,0,0,0,0,0,0,0,0,0,0,0,0,0,0,0,0,0,0,0,0,0,39.9688,-75.1362, , 
51807,569812,2013074710,6,67,67301,2013,6,2,9999,99,3,2,1,4,1, , ,N,1,0,0,3,0,0,2,2,N,N,39 57:29.663,75 13:23.484,2039, ,2039, ,0, ,N, ,0, , , , , , , , , ,2,2,0,0,0,0,0,0,0,0,0,0,0,0,1,0,0,0,0,0,0,0,0,1,0,0,0,0,0,0,0,0,0,0,0,9,0,39.9582,-75.2232, , 
51808,569824,2013097561,6,67,67301,2013,9,1,1652,16,1,1,0,7,2, , ,N,0,0,0,3,0,0,1,1,N,N,39 58:46.029,75 06:29.279,1703, ,1659,2,2,2,N, ,0,N, , , , , , , , ,1,1,0,0,0,0,0,0,0,0,0,0,0,0,0,0,0,0,0,0,0,0,0,0,0,0,0,0,0,0,0,0,0,0,0,0,0,39.9795,-75.1081, , 
51809,569835,2013107142,6,67,67301,2013,9,4,100,1,3,1,0,5,1, , ,N,0,0,0,3,0,0,2,4,N,N,39 58:50.296,75 08:03.091,125, ,120, ,0, ,N, ,0, , , , , , , , , ,4,3,0,0,1,0,0,0,0,0,0,0,0,0,0,0,0,0,0,0,0,0,0,0,0,0,0,0,0,0,0,0,0,0,0,0,0,39.9806,-75.1342, , 
51810,569838,2013109366,6,67,67301,2013,10,6,1332,13,1,1,0,4,1, , ,N,1,2,0,3,0,3,4,2,N,N,39 56:34.767,75 09:36.842,1332, ,1332, ,0, ,N, ,3, , , , , , , , , ,2,0,0,0,0,0,2,0,0,0,1,2,3,0,0,0,0,0,0,0,0,0,0,0,0,0,0,0,0,0,0,0,0,0,0,3,0,39.943,-75.1602, , 
51811,572953,2013093164,6,67,67301,2013,8,7,2037,20,3,1,0,4,1, , ,N,1,2,0,3,0,0,7,2,N,N,40 00:57.319,75 07:46.466,2104, ,2100, ,0, ,N, ,3, , , , , , , , , ,2,1,0,0,0,0,0,1,0,0,0,0,0,0,0,0,0,0,0,0,0,0,0,0,0,0,0,0,0,0,0,0,0,0,0,0,0,40.0159,-75.1296, , 
51812,572975,2013055440,6,67,67301,2013,5,7,1551,15,1,1,0,4,2, , ,N,0,0,0,3,0,0,1,2,N, ,40 02:46.991,75 11:32.305,1615, ,1611,1,1,2, , ,0,Y, , , , , , , , ,2,2,0,0,0,0,0,0,0,0,0,0,0,0,1,0,0,0,0,0,0,0,0,0,0,0,0,0,0,0,0,0,0,0,0,9,0,40.0464,-75.1923, , 
51813,572997,2013121748,6,67,67301,2013,11,6,1942,19,3,2,1,1,1, , ,N,6,0,0,3,0,1,5,3,N,N,39 56:33.062,75 11:36.947,1954, ,1946,1,2,4,N, ,0,N, , , , , , , , ,3,3,0,0,0,0,0,0,0,0,0,1,1,0,0,0,0,0,0,0,0,0,0,0,0,0,0,0,0,0,0,0,0,0,0,4,0,39.9411,-75.195, , 
51814,572998,2013122096,6,67,67301,2013,10,5,2040,20,3,1,0,4,1, , ,N,1,2,0,3,0,0,3,2,N,N,39 55:03.752,75 10:39.799,2105, ,2055,1,2,4,N, ,3,Y, , , , , , , , ,2,2,0,0,0,0,0,0,0,0,0,0,0,0,0,0,0,0,0,0,1,0,0,0,0,0,0,0,0,0,0,0,0,0,0,0,0,39.9177,-75.1777, , 
51815,573002,2013065530,6,67,67301,2013,5,3,637,6,1,1,0,4,1, , ,N,1,0,0,3,0,1,2,2,N, ,40 01:04.738,75 09:18.009,640, ,638, ,0, , , ,0, , , , , , , , , ,2,2,0,0,0,0,0,0,0,0,0,0,1,1,0,0,0,0,0,0,1,1,0,0,0,0,0,0,0,0,0,0,0,0,0,8,0,40.018,-75.155, , 
51816,573005,2013070391,6,67,67301,2013,6,4,1048,10,1,1,0,5,6, , ,N,0,0,0,3,0,1,1,2,N,N,39 55:22.846,75 13:14.696,1051, ,1050, ,0, ,N, ,0, , , , , , , , , ,2,2,0,0,0,0,0,0,0,0,0,1,1,0,0,0,0,0,0,0,0,0,0,0,0,0,0,0,0,0,0,0,0,0,0,4,0,39.923,-75.2207, , 
51817,573009,2013077533,6,67,67301,2013,6,6,2149,21,3,2,1,4,1, , ,N,1,2,1,3,0,1,2,2,N, ,39 56:06.914,75 11:09.185,2153, ,2152, ,0, , , ,3, , , , , , , , , ,1,1,0,0,0,0,0,0,1,0,0,1,1,0,0,0,0,0,0,0,0,0,0,1,0,0,0,0,0,0,0,0,0,0,0,4,0,39.9353,-75.1859, , 
51818,573010,2013080082,6,67,67301,2013,7,6,1937,19,1,1,0,4,1, , ,N,0,0,0,3,0,1,2,2,N, ,40 03:19.800,75 10:34.140,2204, ,2202, ,0, , , ,0, , , , , , , , , ,1,1,0,0,0,0,0,0,1,0,1,0,1,0,0,0,0,0,0,0,0,0,0,0,0,0,0,0,0,0,0,0,0,0,0,3,0,40.0555,-75.1762, , 
51819,573018,2013086274,6,67,67301,2013,8,2,645,6,1,1,0,4,1, , ,N,2,0,0,3,0,2,2,2,N, ,40 03:59.087,74 58:56.193,712, ,706, ,0, , , ,0, , , , , , , , , ,2,2,0,0,0,0,0,0,0,0,0,0,2,2,0,0,0,0,0,0,0,2,0,0,0,0,0,0,0,0,0,0,0,0,0,8,0,40.0664,-74.9822, , 
51820,573043,2013126990,6,67,67301,2013,11,1,1107,11,1,1,0,4,1, , ,N,3,0,0,3,0,1,2,2,N,N,40 01:11.366,75 11:29.821,1113, ,1109, ,0, ,N, ,0, , , , , , , , , ,1,0,0,0,0,0,1,0,1,0,0,0,1,1,0,0,0,0,0,0,1,0,0,0,0,0,0,0,0,0,0,0,0,0,0,8,0,40.0198,-75.1916, , 
51821,573052,2014009740,6,67,67301,2013,11,5,1431,14,1,1,0,8,1, , ,N,0,0,0,3,0,1,2,2,N, ,39 57:00.005,75 10:10.332,1440, ,1431, ,0, , , ,0, , , , , , , , , ,1,0,0,0,0,0,1,0,0,0,1,0,1,0,0,0,0,0,0,0,0,0,0,0,0,0,0,0,0,0,0,0,1,0,0,3,0,39.95,-75.1695, , 
51822,573064,2013065372,6,67,67301,2013,5,6,1720,17,1,2,0,8,1, , ,N,0,0,0,3,0,1,2,2,N,N,39 59:52.494,75 07:42.207,1735, ,1725, ,0, ,N, ,0, , , , , , , , , ,1,1,0,0,0,0,0,0,0,0,0,1,1,0,0,0,0,0,0,0,0,0,0,0,0,0,0,0,0,0,0,0,1,0,0,4,0,39.9979,-75.1284, , 
51823,573065,2013065413,6,67,67301,2013,5,6,2131,21,3,1,0,8,1, , ,N,1,2,0,3,0,1,3,2,N, ,39 59:18.584,75 06:22.955,2140, ,2130, ,0, , , ,3, , , , , , , , , ,1,1,0,0,0,0,0,0,0,0,0,0,1,1,0,0,0,0,0,0,0,1,0,0,0,0,0,0,0,0,0,0,1,0,0,8,0,39.9885,-75.1064, , 
51824,573066,2013065494,6,67,67301,2013,5,6,1700,17,1,1,0,4,1, , ,N,1,2,0,3,0,1,2,2,N,N,39 55:01.128,75 10:19.770,1712, ,1700, ,0, , , ,3, , , , , , , , , ,1,0,0,0,0,0,1,0,1,0,0,1,1,0,1,0,0,0,0,0,0,0,0,0,0,0,0,0,0,0,0,0,0,0,0,4,0,39.9169,-75.1721, , 
51825,573068,2013070336,6,67,67301,2013,6,2,1522,15,1,1,0,1,1, , ,N,0,0,0,3,0,2,3,2,N, ,40 00:38.685,75 06:07.761,1705, ,1703, ,0, , , ,0, , , , , , , , , ,2,0,0,0,1,0,0,1,0,0,0,2,2,0,0,0,0,0,0,0,0,0,0,0,0,0,0,0,0,0,0,0,0,0,0,4,0,40.0107,-75.1022, , 
51826,573084,2013096136,6,67,67301,2013,8,7,2259,22,3,1,0,4,1, , ,N,1,2,0,3,0,0,4,2,N,N,40 01:40.752,75 03:26.701,2348, ,2348, ,0, ,N, ,3, , , , , , , , , ,2,1,0,0,0,0,1,0,0,0,0,0,0,0,0,0,0,0,0,0,0,1,0,0,0,0,0,0,0,0,0,0,0,0,0,0,0,40.028,-75.0574, , 
51827,573093,2013109393,6,67,67301,2013,10,4,1721,17,1,1,0,4,1, , ,N,1,2,0,3,0,2,3,2,N,N,39 55:26.156,75 13:19.597,1724, ,1723, ,0, ,N, ,3, , , , , , , , , ,2,1,0,0,0,0,1,0,0,0,0,2,2,0,0,0,0,0,0,0,0,0,0,0,0,0,0,0,0,0,0,0,0,0,0,4,0,39.9239,-75.2221, , 
51828,573120,2013087309,6,67,67301,2013,8,2,1800,18,1,1,0,1,1, , ,N,0,0,0,3,0,1,2,2,N,N,39 58:35.768,75 11:48.733,1805, ,1801, ,0, ,N, ,0, , , , , , , , , ,2,1,0,0,0,0,1,0,0,0,0,1,1,0,0,0,0,0,0,0,1,0,0,0,0,0,0,0,0,0,0,0,0,0,0,4,0,39.9766,-75.1969, , 
51829,575990,2013094780,6,67,67301,2013,8,7,100,1,3,1,0,8,1, , ,N,0,0,0,3,0,2,3,3,N,N,39 57:15.968,75 08:25.795,0, ,0, ,0, ,N, ,0, , , , , , , , , ,1,0,0,0,0,0,0,0,0,1,1,0,2,0,0,0,0,0,0,0,0,0,0,0,0,0,0,0,0,0,0,0,2,0,1,2,0,39.9544,-75.1405, , 
51830,575993,2013096078,6,67,67301,2013,8,7,1000,10,1,1,0,4,1, , ,N,1,3,0,3,0,1,2,2,N,N,39 57:32.616,75 12:12.967,1912, ,1908, ,0, ,N, ,3, , , , , , , , , ,1,1,0,0,0,0,0,0,1,0,0,1,1,0,0,0,0,0,0,0,0,0,0,0,0,0,0,0,0,0,0,0,0,0,0,4,0,39.9591,-75.2036, , 
51831,575998,2013101285,6,67,67301,2013,9,3,700,7,1,1,0,4,1, , ,N,1,2,0,3,0,2,5,2,Y,N,40 01:23.700,75 04:36.637,715, ,710,3,2,1,N, ,3,Y, , , , , , , , ,2,0,0,1,0,0,1,0,0,0,0,2,2,0,0,0,0,0,0,0,0,0,0,0,0,0,0,0,0,0,0,0,0,0,0,4,1,40.0233,-75.0768, , 
51832,575999,2013103148,6,67,67301,2013,10,6,649,6,3,2,1,7,3, , ,N,0,0,0,3,0,0,2,1,N,N,39 56:55.465,75 11:08.714,650, ,650,1,1,3,N, ,0,N, , , , , , , , ,1,1,0,0,0,0,0,0,0,0,0,0,0,0,0,0,0,0,0,0,0,0,0,0,0,0,0,0,0,0,0,0,0,0,0,0,0,39.9487,-75.1858, , 
51833,576003,2013106644,6,67,67301,2013,9,3,900,9,1,1,0,5,1, , ,N,0,0,0,3,0,1,2,2,N, ,39 58:02.456,75 08:49.668,910, ,900, ,0, , , ,0, , , , , , , , , ,1,0,0,0,0,0,1,0,1,0,0,0,1,1,0,0,0,0,0,0,0,0,0,0,0,0,0,0,0,0,0,0,0,0,0,8,0,39.9673,-75.1471, , 
51834,576029,2013086812,6,67,67301,2013,7,7,1324,13,1,1,0,4,1, , ,N,1,2,0,3,0,1,3,2,N, ,39 56:24.382,75 12:02.446,1328, ,1326, ,0, , , ,3, , , , , , , , , ,2,2,0,0,0,0,0,0,0,0,0,1,1,0,0,0,0,0,0,0,0,0,0,2,0,0,0,0,0,0,0,0,0,0,0,4,0,39.9401,-75.2007, , 
51835,576049,2013111851,6,67,67301,2013,10,3,2140,21,2,1,0,4,1, , ,N,1,2,0,3,0,2,3,2,N, ,40 00:36.243,75 09:03.825,2147, ,2146, ,0, , , ,3, , , , , , , , , ,2,1,0,0,1,0,0,0,0,0,0,0,2,2,1,0,0,0,0,0,0,0,0,1,0,0,0,0,0,0,0,0,0,0,0,8,0,40.0098,-75.151, , 
51836,576055,2013121483,6,67,67301,2013,10,2,751,7,1,1,0,8,1, , ,N,1,2,0,3,0,1,2,2,N,N,39 59:29.442,75 08:10.101,818, ,751, ,0, , , ,3, , , , , , , , , ,1,0,0,0,0,0,1,0,0,0,0,1,1,0,0,0,0,0,0,0,0,0,0,0,0,0,0,0,0,0,0,0,1,0,0,4,0,39.9915,-75.1361, , 
51837,576066,2013055624,6,67,67301,2013,5,1,1651,16,1,1,0,1,1, , ,N,0,2,0,3,0,1,3,2,N,N,39 55:56.719,75 08:37.882,1705, ,1651, ,0, ,N, ,3, , , , , , , , , ,2,1,0,0,1,0,0,0,0,0,1,0,1,0,0,0,0,0,0,0,0,0,0,1,0,0,0,0,0,0,0,0,0,0,0,3,0,39.9324,-75.1439, , 
51838,576069,2013057452,6,67,67301,2013,5,4,707,7,1,1,0,1,1, , ,N,0,0,0,3,0,0,3,2,N,N,39 56:45.089,75 11:22.835,717, ,709, ,0, ,N, ,0, , , , , , , , , ,2,2,0,0,0,0,0,0,0,0,0,0,0,0,0,0,0,0,0,0,0,0,0,0,0,0,0,0,0,0,0,0,0,0,0,0,0,39.9459,-75.1897, , 
51839,576099,2013101284,6,67,67301,2013,8,3,1510,15,1,1,0,4,1, , ,N,1,2,0,3,0,1,2,2,N,N,40 05:45.431,74 58:36.412,1510, ,1510, ,0, ,N, ,3, , , , , , , , , ,2,2,0,0,0,0,0,0,0,0,0,0,1,1,0,0,0,0,0,1,0,0,0,0,0,0,0,0,0,0,0,0,0,0,0,8,0,40.096,-74.9768, , 
51840,576104,2013103901,6,67,67301,2013,9,5,1746,17,1,1,0,1,1, , ,N,1,2,0,3,0,2,4,3,N,N,39 57:38.428,75 08:28.873,1801, ,1746, ,0, ,N, ,3, , , , , , , , , ,3,2,0,0,0,0,1,0,0,0,0,2,2,0,0,0,0,0,0,0,1,0,0,0,0,0,0,0,0,0,0,0,0,0,0,4,0,39.9606,-75.1414, , 
51841,576121,2013093146,6,67,67301,2013,8,4,1935,19,4,1,0,4,1, , ,N,0,0,7,3,0,0,2,2,N,N,39 54:50.849,75 09:00.089,1940, ,1939, ,0, ,N, ,0, , , , , , , , , ,2,0,0,0,0,0,2,0,0,0,0,0,0,0,0,0,0,0,0,0,1,0,0,0,0,0,0,0,0,0,0,0,0,0,0,0,0,39.9141,-75.15, , 
51842,576122,2013093580,6,67,67301,2013,8,6,1851,18,1,1,1,4,1, , ,N,1,0,0,3,0,1,3,2,N,N,40 04:12.439,74 59:16.457,1853, ,1851,9,1,3, , ,0,N, , , , , , , , ,2,1,0,0,1,0,0,0,0,0,0,1,1,0,0,0,0,0,0,0,0,1,0,0,0,0,0,0,0,0,0,0,0,0,0,4,0,40.0701,-74.9879, , 
51843,576127,2013101078,6,46,46108,2013,8,7,1743,17,1,1,0,4,1, , ,N,2,3,0,3,0,0,2,2,N,N,40 04:26.990,75 11:13.271,1800, ,1753, ,0, ,N, ,3, , , , , , , , , ,2,2,0,0,0,0,0,0,0,0,0,0,0,0,1,0,0,0,0,0,1,0,0,0,0,0,0,0,0,0,0,0,0,0,0,9,0,40.0742,-75.187, , 
51844,576128,2013101731,6,67,67301,2013,9,3,1938,19,1,1,0,4,1, , ,N,1,3,0,3,0,1,2,2,N,N,40 02:01.143,75 11:28.001,1956, ,1938, ,0, ,N, ,3, , , , , , , , , ,1,1,0,0,0,0,0,0,1,0,0,0,1,1,0,0,0,0,0,0,1,0,0,0,0,0,0,0,0,0,0,0,0,0,0,8,0,40.0337,-75.1911, , 
51845,576148,2013065550,6,67,67301,2013,5,1,1300,13,1,1,0,4,1, , ,N,2,0,0,3,0,1,2,2,N, ,39 57:33.908,75 13:29.937,1310, ,1300,9,1,1, , ,0,N, , , , , , , , ,2,0,1,0,0,0,1,0,0,0,0,1,1,0,0,0,0,0,0,0,2,0,0,0,0,0,0,0,0,0,0,0,0,0,0,4,0,39.9594,-75.225, , 
51846,576152,2013070397,6,67,67301,2013,6,1,2245,22,6,1,0,1,1, , ,N,1,2,0,3,0,0,2,2,N,N,39 58:13.489,75 08:47.550,2300, ,2250, ,0, ,N, ,3, , , , , , , , , ,2,2,0,0,0,0,0,0,0,0,0,0,0,0,0,0,0,0,0,0,0,0,0,0,0,0,0,0,0,0,0,0,0,0,0,0,0,39.9703,-75.1466, , 
51847,579810,2013101088,6,67,67301,2013,9,4,838,8,1,1,0,8,1, , ,N,1,2,0,3,0,1,2,2,N,N,39 57:26.413,75 09:08.132,845, ,838,2,1,4,N, ,3,N, , , , , , , , ,1,1,0,0,0,0,0,0,0,0,1,0,1,0,0,0,0,0,0,0,0,0,0,0,0,0,0,0,0,0,0,0,1,0,0,3,0,39.9573,-75.1523, , 
51848,579819,2013109376,6,67,67301,2013,10,6,1305,13,1,1,0,4,1, , ,N,0,0,7,3,0,1,2,2,N,N,40 01:59.112,75 06:24.613,1312, ,1308, ,0, ,N, ,0, , , , , , , , , ,2,1,0,0,0,0,1,0,0,0,0,1,1,0,0,0,0,0,0,0,1,0,0,0,0,0,0,0,0,0,0,0,0,0,0,4,0,40.0331,-75.1068, , 
51849,579820,2013109385,6,67,67301,2013,10,4,1725,17,1,1,0,1,1, , ,N,0,0,0,3,0,0,5,2,N,N,40 03:49.917,75 05:00.519,1734, ,1729,1,1,1, , ,0,N, , , , , , , , ,2,1,0,1,0,0,0,0,0,0,0,0,0,0,0,0,0,0,0,0,0,0,0,0,0,0,0,0,0,0,0,0,0,0,0,0,1,40.0639,-75.0835, , 
51850,579829,2013070223,6,67,67301,2013,6,5,1200,12,1,1,1,4,1, , ,N,1,0,0,3,0,1,2,2,N, ,39 59:27.862,75 07:55.061,1220, ,1215,1,2,4, , ,0,Y, , , , , , , , ,2,2,0,0,0,0,0,0,0,0,0,0,1,1,0,0,0,0,0,0,0,0,0,0,0,0,0,0,0,0,0,0,0,0,0,8,0,39.991,-75.1319, , 