objectid_1,objectid,crn,district,county,municipality,crash_year,crash_month,day_of_week,time_of_day,hour_of_day,illumination,weather,road_condition,collision_type,relation_to_road,work_zone_type,work_zone_loc,work_zone_ind,intersect_type,tcd_type,location_type,urban_rural,fatal_count,injury_count,person_count,total_units,sch_bus_ind,sch_zone_ind,latitude,longitude,arrival_tm,cons_zone_spd_lim,dispatch_tm,est_hrs_closed,lane_closed,ln_close_dir,ntfy_hiwy_maint,spec_juris_cd,tcd_func_cd,tfc_detour_ind,workers_pres,wz_close_detour,wz_flagger,wz_law_offcr_ind,wz_ln_closure,wz_moving,wz_other,wz_shlder_mdn,vehicle_count,automobile_count,motorcycle_count,bus_count,small_truck_count,heavy_truck_count,suv_count,van_count,bicycle_count,maj_inj_count,mod_inj_count,min_inj_count,tot_inj_count,unk_inj_deg_count,unk_inj_per_count,driver_count_16yr,driver_count_17yr,driver_count_18yr,driver_count_19yr,driver_count_20yr,driver_count_50_64yr,driver_count_65_74yr,driver_count_75plus,unbelted_occ_count,unb_death_count,unb_maj_inj_count,belted_death_count,belted_maj_inj_count,mcycle_death_count,mcycle_maj_inj_count,bicycle_death_count,bicycle_maj_inj_count,ped_count,ped_death_count,ped_maj_inj_count,max_severity_level,comm_veh_count,dec_lat,dec_long,rdwy_surf_type_cd,county_name
51986,576459,2013053060,6,67,67301,2013,4,3,1821,18,1,1,0,4,1, , ,N,1,3,0,3,0,0,3,3,N, ,40 02:04.164,75 02:53.357,1835, ,1827,2,1,4, , ,3,N, , , , , , , , ,3,3,0,0,0,0,0,0,0,0,0,0,0,0,1,0,0,0,0,0,0,1,0,0,0,0,0,0,0,0,0,0,0,0,0,9,0,40.0345,-75.0482, , 
51987,576460,2013053136,6,67,67301,2013,4,2,2137,21,3,2,1,8,1, , ,N,2,0,0,3,0,1,2,2,N,N,39 55:51.740,75 09:46.709,2141, ,2138, ,0, ,N, ,0, , , , , , , , , ,1,0,0,0,1,0,0,0,0,0,0,0,1,1,0,0,0,0,0,0,0,0,0,0,0,0,0,0,0,0,0,0,1,0,0,8,0,39.931,-75.163, , 
51988,576462,2013055364,6,67,67301,2013,5,5,2243,22,3,1,0,6,1, , ,N,0,0,0,3,0,0,2,2,N, ,40 01:42.073,75 10:02.065,2250, ,2240, ,0, , , ,0, , , , , , , , , ,2,1,0,0,1,0,0,0,0,0,0,0,0,0,0,0,0,0,0,0,1,0,0,0,0,0,0,0,0,0,0,0,0,0,0,0,0,40.0284,-75.1672, , 
51989,576473,2013065521,6,67,67301,2013,5,2,934,9,1,2,1,4,1, , ,N,1,2,0,3,0,1,2,2,N,N,40 01:11.208,75 09:02.246,940, ,936, ,0, ,N, ,3, , , , , , , , , ,2,0,0,0,2,0,0,0,0,0,0,0,1,1,1,0,0,0,0,0,1,0,0,0,0,0,0,0,0,0,0,0,0,0,0,8,0,40.0198,-75.1506, , 
51990,576478,2013070535,6,67,67301,2013,6,2,856,8,8,2,1,1,1, , ,N,0,0,0,3,0,1,2,2,N,N,40 00:24.687,75 07:14.372,917, ,907, ,0, ,N, ,0, , , , , , , , , ,2,1,0,0,0,0,1,0,0,0,0,1,1,0,0,0,0,0,0,0,1,0,0,0,0,0,0,0,0,0,0,0,0,0,0,4,0,40.0069,-75.1207, , 
51991,576492,2013086190,6,67,67301,2013,7,2,823,8,5,1,0,4,1, , ,N,5,2,0,3,0,0,3,2,N,N,39 59:13.382,75 07:20.404,900, ,823, ,0, ,N, ,3, , , , , , , , , ,2,0,0,0,2,0,0,0,0,0,0,0,0,0,0,0,0,0,0,0,1,0,0,0,0,0,0,0,0,0,0,0,0,0,0,0,0,39.9871,-75.1223, , 
51992,576493,2013086259,6,67,67301,2013,7,2,1907,19,1,1,0,1,1, , ,N,5,2,0,3,0,1,2,2,N,N,40 01:53.211,75 05:04.703,1921, ,1906,1,1,1,N, ,3,N, , , , , , , , ,2,1,0,0,0,0,1,0,0,0,0,1,1,0,0,0,0,0,1,0,1,0,0,0,0,0,0,0,0,0,0,0,0,0,0,4,0,40.0314,-75.0846, , 
51993,580887,2013053132,6,67,67301,2013,4,1,200,2,3,1,0,7,5, , ,N,1,3,0,3,0,1,2,1,N,N,39 58:40.742,75 14:54.067,210, ,210, ,0, ,N, ,3, , , , , , , , , ,1,0,0,0,0,0,1,0,0,0,0,1,1,0,1,0,0,0,0,0,0,0,0,0,0,0,0,0,0,0,0,0,0,0,0,4,0,39.978,-75.2484, , 
51994,580892,2013062968,6,67,67301,2013,6,6,2034,20,3,2,1,7,2, , ,N,0,0,0,3,0,0,1,1,N,N,39 53:14.666,75 12:56.004,2043, ,2035, ,0, ,N, ,0, , , , , , , , , ,1,1,0,0,0,0,0,0,0,0,0,0,0,0,0,0,0,0,0,0,0,0,0,0,0,0,0,0,0,0,0,0,0,0,0,0,0,39.8874,-75.2156, , 
51995,580895,2013067300,6,67,67301,2013,3,3,630,6,5,9,8,1,7, , ,N,7,0,2,3,0,1,2,2,N,N,40 00:28.486,75 11:30.684,0, ,0, ,0, ,N, ,0, , , , , , , , , ,2,1,0,0,0,0,1,0,0,0,0,0,1,1,0,0,0,0,0,0,0,0,0,0,0,0,0,0,0,0,0,0,0,0,0,8,0,40.0079,-75.1919, , 
51996,580899,2013070490,6,67,67301,2013,6,3,1440,14,1,1,0,4,1, , ,N,2,2,0,3,0,1,2,2,N, ,40 06:35.729,75 01:30.785,1601, ,1600, ,0, , , ,3, , , , , , , , , ,2,2,0,0,0,0,0,0,0,0,0,0,1,1,0,0,0,0,0,0,1,0,0,0,0,0,0,0,0,0,0,0,0,0,0,8,0,40.1099,-75.0251, , 
51997,580919,2013096010,6,67,67301,2013,8,1,1332,13,1,1,0,6,6, , ,N,0,0,0,3,0,2,2,4,N,N,39 55:23.498,75 13:13.778,1335, ,1332, ,0, ,N, ,0, , , , , , , , , ,4,3,0,0,1,0,0,0,0,0,0,2,2,0,0,0,0,0,0,0,0,0,0,0,0,0,0,0,0,0,0,0,0,0,0,4,0,39.9232,-75.2205, , 
51998,580928,2013062578,6,67,67301,2013,5,3,1556,15,1,1,0,1,1, , ,N,0,2,0,3,0,0,3,2,N, ,40 00:25.988,75 10:28.145,1606, ,1600, ,0, , , ,3, , , , , , , , , ,2,0,0,0,0,0,1,1,0,0,0,0,0,0,3,0,0,0,0,0,1,0,0,0,0,0,0,0,0,0,0,0,0,0,0,9,0,40.0072,-75.1745, , 
51999,580932,2013065299,6,67,67301,2013,5,4,1930,19,1,1,0,4,1, , ,N,1,0,0,3,0,1,2,2,N,N,39 55:38.431,75 10:58.990,1940, ,1938, ,0, ,N, ,0, , , , , , , , , ,1,1,0,0,0,0,0,0,1,0,0,0,1,1,0,0,0,0,0,0,1,0,0,1,0,0,0,0,0,0,0,0,0,0,0,8,0,39.9273,-75.1831, , 
52000,580968,2013098755,6,67,67301,2013,8,2,2307,23,3,1,0,7,5, , ,N,1,0,0,3,0,1,1,2,N,N,39 59:50.211,75 07:11.429,2312, ,2307,3,2,6,N, ,0,Y, , , , , , , , ,1,1,0,0,0,0,0,0,0,0,0,0,1,1,0,0,0,0,0,0,0,0,0,0,0,0,0,0,0,0,0,0,0,0,0,8,0,39.9973,-75.1198, , 
52001,580977,2013070570,6,67,67301,2013,5,7,1839,18,1,1,0,4,1, , ,N,1,2,0,3,0,3,3,2,N,N,39 58:25.603,75 15:29.678,1843, ,1840, ,0, ,N, ,3, , , , , , , , , ,2,1,0,0,0,0,1,0,0,0,0,0,3,3,0,0,0,0,0,0,0,0,0,0,0,0,0,0,0,0,0,0,0,0,0,8,0,39.9738,-75.2582, , 
52002,580996,2013086741,6,67,67301,2013,7,2,1645,16,1,1,0,4,1, , ,N,1,2,0,3,0,1,2,2,N,N,39 58:26.145,75 12:23.120,1649, ,1645, ,0, ,N, ,3, , , , , , , , , ,1,1,0,0,0,0,0,0,1,0,0,1,1,0,0,0,0,0,0,0,0,0,0,1,0,0,0,0,0,0,0,0,0,0,0,4,0,39.9738,-75.2064, , 
52003,581008,2013095964,6,67,67301,2013,8,6,1920,19,1,1,0,1,1, , ,N,1,2,0,3,0,2,3,2,N,N,39 57:20.669,75 12:56.254,1936, ,1928, ,0, ,N, ,3, , , , , , , , , ,2,0,0,0,1,0,1,0,0,0,0,0,2,2,0,0,0,0,0,0,0,0,0,0,0,0,0,0,0,0,0,0,0,0,0,8,0,39.9557,-75.2156, , 
52004,581018,2013101797,6,67,67301,2013,9,2,825,8,1,1,0,4,1, , ,N,1,3,0,3,0,2,3,3,N, ,40 01:22.525,75 09:47.379,838, ,830,2,1,1, , ,3,N, , , , , , , , ,2,2,0,0,0,0,0,0,0,0,0,0,2,2,0,0,0,0,0,0,1,0,0,0,0,0,0,0,0,0,0,0,1,0,0,8,0,40.0229,-75.1632, , 
52005,581019,2013104380,6,67,67301,2013,9,7,47,0,3,1,0,4,1, , ,N,1,2,0,3,0,0,2,2,N,N,39 59:38.150,75 09:16.063,49, ,47, ,0, ,N, ,3, , , , , , , , , ,2,0,0,1,0,0,1,0,0,0,0,0,0,0,0,0,0,0,0,0,0,0,0,0,0,0,0,0,0,0,0,0,0,0,0,0,1,39.9939,-75.1545, , 
52006,581025,2013053019,6,67,67301,2013,4,1,752,7,1,1,0,4,1, , ,N,2,2,0,3,0,2,4,2,N, ,40 04:37.016,75 09:48.203,810, ,800, ,0, , , ,3, , , , , , , , , ,2,2,0,0,0,0,0,0,0,0,0,0,2,2,0,0,0,0,0,0,0,0,1,0,0,0,0,0,0,0,0,0,0,0,0,8,0,40.0769,-75.1634, , 
52007,581026,2013054127,6,67,67301,2013,5,2,1530,15,1,1,0,7,4, , ,N,0,0,0,3,0,2,2,1,N,N,40 02:18.219,75 00:37.127,1559, ,1538,2,1,2,N, ,0,N, , , , , , , , ,1,1,0,0,0,0,0,0,0,1,0,1,2,0,0,0,0,0,0,0,0,0,0,0,0,0,0,1,0,0,0,0,0,0,0,2,0,40.0384,-75.0103, , 
52008,581045,2013086669,6,67,67301,2013,8,2,1818,18,1,1,0,4,1, , ,N,0,0,0,3,0,1,2,2,N, ,39 57:06.763,75 09:36.141,1823, ,1821, ,0, , , ,0, , , , , , , , , ,2,2,0,0,0,0,0,0,0,1,0,0,1,0,0,0,0,0,0,0,0,0,0,0,0,0,0,1,0,0,0,0,0,0,0,2,0,39.9519,-75.16, , 
52009,581052,2013090735,6,67,67301,2013,9,4,1145,11,1,1,0,4,1, , ,N,1,2,0,3,1,1,3,2,N,N,39 57:17.491,75 09:04.108,1147, ,1147,2,2,1,N,0,3,Y, , , , , , , , ,2,1,0,0,0,1,0,0,0,0,1,0,1,0,0,0,0,0,0,0,0,0,1,0,0,0,1,0,0,0,0,0,0,0,0,1,1,39.9549,-75.1511,2, 
52010,581058,2013098366,6,67,67301,2013,9,3,1300,13,1,1,0,4,1, , ,N,1,2,0,3,0,1,4,2,N, ,39 57:13.024,75 13:05.347,1312, ,1300, ,0, , , ,3, , , , , , , , , ,2,1,0,0,1,0,0,0,0,0,0,1,1,0,0,0,0,0,0,0,0,0,0,0,0,0,0,0,0,0,0,0,0,0,0,4,0,39.9536,-75.2182, , 
52011,570199,2013070254,6,67,67301,2013,6,5,821,8,3,2,1,8,1, , ,N,0,0,0,3,0,1,2,2,N,N,39 59:57.080,75 06:06.782,821, ,821, ,0, ,N, ,0, , , , , , , , , ,1,1,0,0,0,0,0,0,0,0,0,1,1,0,0,0,0,0,0,0,0,0,0,1,0,0,0,0,0,0,0,0,1,0,0,4,0,39.9992,-75.1019, , 
52012,570203,2013079573,6,67,67301,2013,7,4,9999,99,3,1,0,1,1, , ,N,1,2,0,3,0,0,2,2,N,N,40 01:26.870,75 07:49.644,9999, ,9999, ,0, ,N, ,3, , , , , , , , , ,2,2,0,0,0,0,0,0,0,0,0,0,0,0,0,0,0,0,1,0,0,0,0,0,0,0,0,0,0,0,0,0,0,0,0,0,0,40.0243,-75.1304, , 
52013,570232,2013043419,6,67,67301,2013,3,6,1002,10,1,1,0,4,1, , ,N,2,3,0,3,0,2,3,2,N, ,40 02:28.885,75 05:52.522,1010, ,1006, ,0, , , ,3, , , , , , , , , ,2,1,0,0,1,0,0,0,0,0,0,1,2,1,0,0,0,0,0,0,0,0,0,0,0,0,0,0,0,0,0,0,0,0,0,4,0,40.0414,-75.0979, , 
52014,570240,2013055360,6,67,67301,2013,4,2,1103,11,1,2,1,5,1, , ,N,0,0,0,3,0,1,2,2,N,N,39 57:44.270,75 14:26.530,1959, ,1920,9,1,5,N, ,0,N, , , , , , , , ,2,1,0,0,1,0,0,0,0,0,0,1,1,0,0,0,0,0,0,0,0,0,0,0,0,0,0,0,0,0,0,0,0,0,0,4,0,39.9623,-75.2407, , 
52015,570246,2013062650,6,67,67301,2013,5,4,1209,12,1,1,0,4,1, , ,N,2,2,6,3,0,1,4,2,N, ,40 01:47.170,75 06:16.717,1211, ,1210,2,1,2, , ,3,N, , , , , , , , ,2,2,0,0,0,0,0,0,0,0,0,1,1,0,0,0,0,0,0,0,0,0,0,0,0,0,0,0,0,0,0,0,0,0,0,4,0,40.0298,-75.1043, , 
52016,570251,2013065319,6,67,67301,2013,5,3,1418,14,1,1,0,4,1, , ,N,1,3,0,3,0,1,2,2,N,N,39 57:47.991,75 13:34.381,1424, ,1418,3,2,7, , ,3,Y, , , , , , , , ,1,0,0,0,1,0,0,0,1,0,1,0,1,0,0,0,0,0,0,0,0,0,0,0,0,0,0,0,0,0,0,0,0,0,0,3,0,39.9633,-75.2262, , 
52017,570258,2013070323,6,67,67301,2013,6,3,1130,11,1,1,0,1,6, , ,N,0,0,0,3,0,1,1,2,N, ,39 59:36.952,75 10:59.498,1140, ,1135, ,0, , , ,0, , , , , , , , , ,2,2,0,0,0,0,0,0,0,0,0,0,1,1,0,0,0,0,0,0,0,1,0,0,0,0,0,0,0,0,0,0,0,0,0,8,0,39.9936,-75.1832, , 
52018,570267,2013082554,6,67,67301,2013,8,6,1238,12,1,1,0,4,1, , ,N,1,3,0,3,0,1,2,2,Y,N,39 56:32.020,75 10:39.356,1335, ,1315, ,0, ,N, ,3, , , , , , , , , ,1,0,0,1,0,0,0,0,1,0,0,1,1,0,0,0,0,0,0,0,0,0,0,0,0,0,0,0,0,0,0,0,0,0,0,4,1,39.9422,-75.1776, , 
52019,570271,2013090131,6,67,67301,2013,8,3,2201,22,3,1,0,7,2,1,4,Y,6,0,2,3,0,0,2,2,N,N,39 58:14.535,75 07:29.657,2216,45,2204, ,0, ,N, ,0, ,N,N,N,N,N,N,N,Y,2,0,0,0,0,1,1,0,0,0,0,0,0,0,0,0,1,0,0,0,0,0,0,0,0,0,0,0,0,0,0,0,0,0,0,0,1,39.9765,-75.1144, , 
52020,570278,2013055848,6,67,67301,2013,5,6,1855,18,1,1,0,4,1, , ,N,1,3,0,3,0,1,7,2,N,N,39 55:58.044,75 09:04.089,1905, ,1900, ,0, ,N, ,3, , , , , , , , , ,2,0,0,0,0,0,1,1,0,0,0,1,1,0,0,0,0,0,0,0,0,0,0,1,0,0,0,0,0,0,0,0,0,0,0,4,0,39.9328,-75.1511, , 
52021,570287,2013062648,6,67,67301,2013,5,7,1500,15,1,1,0,8,2, , ,N,2,0,0,3,0,1,2,2,N,N,39 57:05.961,75 14:27.272,1520, ,1511, ,0, ,N, ,0, , , , , , , , , ,1,1,0,0,0,0,0,0,0,0,0,1,1,0,0,0,1,0,0,0,0,0,0,0,0,0,0,0,0,0,0,0,1,0,0,4,0,39.9517,-75.2409, , 
52022,570327,2013074697,6,67,67301,2013,6,5,1044,10,1,1,0,4,1, , ,N,1,2,0,3,0,1,2,2,N,N,39 56:21.685,75 13:03.003,1044, ,1044,2,1,1,N, ,3,N, , , , , , , , ,2,2,0,0,0,0,0,0,0,0,0,1,1,0,0,0,0,0,0,1,0,0,0,0,0,0,0,0,0,0,0,0,0,0,0,4,0,39.9394,-75.2175, , 
52023,570331,2013077405,6,67,67301,2013,7,7,2038,20,3,1,0,5,1, , ,N,0,0,0,3,0,4,5,2,N,N,39 59:16.379,75 10:51.437,2045, ,2039, ,0, , , ,0, , , , , , , , , ,2,1,0,0,1,0,0,0,0,0,0,0,4,4,0,0,0,0,0,0,1,0,0,0,0,0,0,0,0,0,0,0,0,0,0,8,0,39.9879,-75.181, , 
52024,570353,2013083842,6,67,67301,2013,8,6,1523,15,1,1,0,1,1, , ,N,0,0,0,3,0,0,3,3,N,N,40 01:16.685,75 02:26.223,1606, ,1536,1,1,1,N, ,0,N, , , , , , , , ,3,1,0,0,0,0,2,0,0,0,0,0,0,0,0,0,0,0,0,0,0,1,0,0,0,0,0,0,0,0,0,0,0,0,0,0,0,40.0212,-75.0408, , 
52025,570366,2013095972,6,67,67301,2013,8,4,1201,12,1,2,1,4,1, , ,N,0,0,7,3,0,3,3,2,N,N,40 02:53.206,75 08:33.941,1230, ,1226, ,0, ,N, ,0, , , , , , , , , ,2,2,0,0,0,0,0,0,0,0,0,0,3,3,0,0,0,0,0,0,0,0,1,0,0,0,0,0,0,0,0,0,0,0,0,8,0,40.0481,-75.1428, , 
52026,570371,2013104136,6,67,67301,2013,10,2,1824,18,3,1,0,1,1, , ,N,0,0,0,3,0,1,2,2,N,N,39 57:30.676,75 10:04.698,1841, ,1830, ,0, ,N, ,0, , , , , , , , , ,2,2,0,0,0,0,0,0,0,0,0,0,1,1,0,0,0,0,0,0,0,0,0,0,0,0,0,0,0,0,0,0,0,0,0,8,0,39.9585,-75.168, , 
52027,570376,2013055434,6,67,67301,2013,5,7,9999,99,1,1,0,4,1, , ,N,1,2,0,3,0,1,3,4,N, ,39 55:03.039,75 10:34.125,1410, ,1407,2,2,2, , ,3,Y, , , , , , , , ,4,4,0,0,0,0,0,0,0,0,0,0,1,1,0,0,0,0,0,0,0,1,0,0,0,0,0,0,0,0,0,0,0,0,0,8,0,39.9175,-75.1761, , 
52028,570417,2013053259,6,67,67301,2013,5,1,206,2,3,2,1,7,4, , ,N,0,0,0,3,0,0,1,1,N,N,39 58:58.451,75 12:28.414,230, ,206, ,0, ,N, ,0, , , , , , , , , ,1,1,0,0,0,0,0,0,0,0,0,0,0,0,0,0,0,0,0,0,0,0,0,0,0,0,0,0,0,0,0,0,0,0,0,0,0,39.9829,-75.2079, , 
52029,573455,2013103615,6,67,67301,2013,9,5,2324,23,3,1,0,7,2, , ,N,0,0,3,3,0,2,2,1,N,N,39 53:16.845,75 12:12.939,2343, ,2331, ,0, ,N, ,0, , , , , , , , , ,1,1,0,0,0,0,0,0,0,0,0,0,2,2,0,0,0,0,0,0,0,0,0,2,0,0,0,0,0,0,0,0,0,0,0,8,0,39.888,-75.2036, , 
52030,573466,2013065335,6,67,67301,2013,5,4,818,8,1,1,0,1,1, , ,N,0,0,0,3,0,1,2,2,N,N,39 57:46.702,75 10:43.611,1100, ,818, ,0, ,N, ,0, , , , , , , , , ,2,2,0,0,0,0,0,0,0,0,0,1,1,0,0,0,0,0,0,0,1,0,0,0,0,0,0,0,0,0,0,0,0,0,0,4,0,39.963,-75.1788, , 
52031,573467,2013065472,6,67,67301,2013,5,5,820,8,1,2,1,4,1, , ,N,0,0,0,3,0,1,2,2,N, ,39 57:45.568,75 13:56.946,835, ,825, ,0, , , ,0, , , , , , , , , ,2,1,0,0,0,0,1,0,0,0,0,1,1,0,0,0,0,0,0,0,0,0,0,0,0,0,0,0,0,0,0,0,0,0,0,4,0,39.9627,-75.2325, , 
52032,573469,2013018536,6,67,67301,2013,2,7,813,8,1,1,1,7,2, , ,N,0,0,0,3,0,0,1,1,N,N,39 52:55.819,75 14:44.620,834, ,814, ,0, ,N, ,0, , , , , , , , , ,1,1,0,0,0,0,0,0,0,0,0,0,0,0,0,0,0,0,0,0,0,0,0,0,0,0,0,0,0,0,0,0,0,0,0,0,0,39.8822,-75.2457, , 
52033,573483,2013030100,6,67,67301,2013,2,4,9999,99,1,1,0,1,1, , ,N,1,2,0,3,0,1,2,2,N,N,39 59:27.011,75 07:51.262,9999, ,9999,1,2,4,N, ,3,Y, , , , , , , , ,2,2,0,0,0,0,0,0,0,0,0,1,1,0,0,0,0,0,0,0,0,0,0,0,0,0,0,0,0,0,0,0,0,0,0,4,0,39.9908,-75.1309, , 
52034,573487,2013032448,6,67,67301,2013,2,6,1640,16,1,1,0,4,1, , ,N,1,2,0,3,0,1,2,2,N,N,39 57:21.085,75 11:29.255,1650, ,1645, ,0, ,N, ,3, , , , , , , , , ,1,1,0,0,0,0,0,0,1,0,0,1,1,0,0,0,0,0,0,0,0,0,0,0,0,0,0,0,0,0,0,0,0,0,0,4,0,39.9556,-75.1895, , 
52035,573497,2013046320,6,67,67301,2013,4,6,800,8,1,2,1,1,1, , ,N,0,0,0,3,0,1,3,2,N,N,39 55:07.036,75 14:48.833,814, ,814, ,0, ,N, ,0, , , , , , , , , ,2,0,0,1,0,0,1,0,0,0,0,0,1,1,0,0,0,0,0,0,1,0,0,0,0,0,0,0,0,0,0,0,0,0,0,8,1,39.9186,-75.2469, , 
52036,573508,2013043817,6,67,67301,2013,4,2,1550,15,1,1,0,1,1, , ,N,0,0,0,3,0,1,5,3,N,N,40 05:58.203,75 00:41.313,1615, ,1607, ,0, ,N, ,0, , , , , , , , , ,3,2,0,0,1,0,0,0,0,0,0,1,1,0,0,0,0,0,0,0,1,0,0,0,0,0,0,0,0,0,0,0,0,0,0,4,0,40.0995,-75.0115, , 
52037,573521,2013062559,6,67,67301,2013,5,3,1102,11,1,2,1,5,6, , ,N,0,0,0,3,0,0,1,2,N,N,40 00:15.775,75 08:57.638,1102, ,1102,2,2,1,N, ,0,Y, , , , , , , , ,2,1,0,0,1,0,0,0,0,0,0,0,0,0,0,0,0,0,0,0,0,0,0,0,0,0,0,0,0,0,0,0,0,0,0,0,0,40.0044,-75.1493, , 
52038,573525,2013065411,6,67,67301,2013,5,7,1804,18,1,1,0,4,1, , ,N,0,0,0,3,0,1,2,2,N, ,39 56:09.438,75 10:08.220,1809, ,1804, ,0, , , ,0, , , , , , , , , ,1,1,0,0,0,0,0,0,1,0,0,0,1,1,0,0,0,1,0,0,0,0,0,0,0,0,0,0,0,0,0,0,0,0,0,8,0,39.936,-75.169, , 
52039,573527,2013070057,6,67,67301,2013,6,1,9999,99,1,1,0,4,1, , ,N,1,2,0,3,0,0,2,2,N, ,39 57:32.806,75 09:29.825,1526, ,9999, ,0, , , ,3, , , , , , , , , ,2,2,0,0,0,0,0,0,0,0,0,0,0,0,0,0,0,0,0,0,1,0,0,0,0,0,0,0,0,0,0,0,0,0,0,0,0,39.9591,-75.1583, , 
52040,573530,2013074688,6,67,67301,2013,6,4,2132,21,3,1,0,4,1, , ,N,1,2,0,3,0,1,2,2,N,N,40 01:00.648,75 08:58.512,2140, ,2138, ,0, , , ,3, , , , , , , , , ,1,1,0,0,0,0,0,0,1,0,0,0,1,1,0,0,0,0,0,0,1,0,0,0,0,0,0,0,0,0,0,0,0,0,0,8,0,40.0169,-75.1495, , 
52041,573547,2013091199,6,67,67301,2013,9,7,1601,16,1,1,0,1,1,1,4,Y,0,0,0,3,0,0,2,2,N,N,40 01:18.428,75 02:20.975,1633,45,1603,1,1,1,N, ,0,Y,U,N,N,N,Y,N,N,Y,2,2,0,0,0,0,0,0,0,0,0,0,0,0,0,0,0,0,0,0,0,0,0,0,0,0,0,0,0,0,0,0,0,0,0,0,0,40.0217,-75.0393, , 
52042,573555,2013096451,6,67,67301,2013,8,5,1756,17,1,1,0,7,3, , ,N,2,2,0,3,0,2,2,1,N,N,39 54:04.971,75 14:21.471,1806, ,1804,9,1,2,N, ,3,N, , , , , , , , ,1,1,0,0,0,0,0,0,0,0,0,0,2,2,0,0,0,0,0,0,0,0,0,0,0,0,0,0,0,0,0,0,0,0,0,8,0,39.9014,-75.2393, , 
52043,573573,2013022312,6,67,67301,2013,1,6,1720,17,3,4,4,5,1, , ,N,1,2,0,3,0,0,2,2,N,N,39 57:01.379,75 08:50.098,1823, ,1750, ,0, ,N, ,3, , , , , , , , , ,2,2,0,0,0,0,0,0,0,0,0,0,0,0,0,0,0,0,1,0,0,0,0,0,0,0,0,0,0,0,0,0,0,0,0,0,0,39.9503,-75.1473, , 
52044,573574,2013022337,6,67,67301,2013,1,6,1841,18,3,2,0,7,2, , ,N,1,2,0,3,0,2,3,3,N, ,40 01:28.513,75 07:23.473,1849, ,1844, ,0, , , ,3, , , , , , , , , ,3,2,0,0,1,0,0,0,0,0,0,0,2,2,0,0,0,0,0,0,0,0,0,0,0,0,0,0,0,0,0,0,0,0,0,8,0,40.0246,-75.1232, , 
52045,573596,2013050084,6,67,67301,2013,4,1,404,4,3,1,0,5,1,1,4,Y,0,0,0,3,0,2,8,2,N,N,39 58:03.514,75 07:53.164,415,45,405,2,1,1,N, ,0,N,N,N,N,N,N,N,N,Y,2,2,0,0,0,0,0,0,0,0,2,0,2,0,0,0,0,0,0,0,0,0,0,0,0,0,0,0,0,0,0,0,0,0,0,3,0,39.9676,-75.1315, , 
52046,573619,2013074898,6,67,67301,2013,7,1,1528,15,1,1,0,1,1, , ,N,0,0,0,3,0,1,8,4,N,N,39 57:30.530,75 09:59.816,1535, ,1530,1,1,4,N, ,0,N, , , , , , , , ,4,2,0,0,2,0,0,0,0,0,0,1,1,0,0,0,0,0,0,0,0,0,0,0,0,0,0,0,0,0,0,0,0,0,0,4,0,39.9585,-75.1666, , 
52047,573625,2013082165,6,67,67301,2013,8,7,1518,15,1,1,0,1,1, , ,N,0,0,0,3,0,3,6,3,N,N,39 59:49.555,75 11:47.574,1524, ,1519,1,1,3,N, ,0,N, , , , , , , , ,3,3,0,0,0,0,0,0,0,0,0,3,3,0,0,0,0,0,0,0,0,0,0,0,0,0,0,0,0,0,0,0,0,0,0,4,0,39.9971,-75.1965, , 
52048,576501,2013055641,6,67,67301,2013,3,3,1707,17,1,1,0,4,1, , ,N,0,0,0,3,0,1,2,2,N,N,39 57:52.821,75 13:25.127,1715, ,1709,1,1,3, , ,0,N, , , , , , , , ,2,1,0,0,0,0,0,0,0,0,0,0,1,1,0,1,0,0,0,0,0,0,0,0,0,0,0,0,0,0,0,0,0,0,0,8,0,39.9647,-75.2236, , 
52049,576513,2013086839,6,67,67301,2013,8,4,1703,17,1,1,0,4,1, , ,N,0,0,0,3,0,0,2,2,N,N,40 03:37.786,75 08:24.238,1720, ,1717, ,0, ,N, ,0, , , , , , , , , ,2,1,0,0,0,0,1,0,0,0,0,0,0,0,0,0,0,0,0,0,1,0,0,0,0,0,0,0,0,0,0,0,0,0,0,0,0,40.0605,-75.1401, , 
52050,576514,2013086975,6,67,67301,2013,7,3,1913,19,1,1,0,7,3, , ,N,1,2,0,3,0,1,1,1,N,N,40 03:24.439,75 03:39.177,1919, ,1914,9,1,1,N, ,3,N, , , , , , , , ,1,1,0,0,0,0,0,0,0,0,0,0,1,1,0,0,0,0,0,0,1,0,0,0,0,0,0,0,0,0,0,0,0,0,0,8,0,40.0567,-75.0608, , 
52051,576528,2013101157,6,67,67301,2013,9,7,1012,10,1,1,0,1,1, , ,N,0,0,0,3,0,2,4,2,N, ,40 04:40.787,75 05:10.197,1016, ,1012, ,0, , , ,0, , , , , , , , , ,2,1,0,0,0,0,1,0,0,0,0,2,2,0,0,0,0,0,0,0,1,0,0,0,0,0,0,0,0,0,0,0,0,0,0,4,0,40.078,-75.0862, , 
52052,576548,2013070392,6,67,67301,2013,6,5,1453,14,1,1,0,4,1, , ,N,2,0,0,3,0,0,3,2,N,N,39 53:10.783,75 14:56.531,1617, ,1606,3,1,3,N, ,0,N, , , , , , , , ,2,1,0,0,0,1,0,0,0,0,0,0,0,0,0,0,0,0,0,0,0,0,0,0,0,0,0,0,0,0,0,0,0,0,0,0,1,39.8862,-75.2491, , 