objectid_1,objectid,crn,district,county,municipality,crash_year,crash_month,day_of_week,time_of_day,hour_of_day,illumination,weather,road_condition,collision_type,relation_to_road,work_zone_type,work_zone_loc,work_zone_ind,intersect_type,tcd_type,location_type,urban_rural,fatal_count,injury_count,person_count,total_units,sch_bus_ind,sch_zone_ind,latitude,longitude,arrival_tm,cons_zone_spd_lim,dispatch_tm,est_hrs_closed,lane_closed,ln_close_dir,ntfy_hiwy_maint,spec_juris_cd,tcd_func_cd,tfc_detour_ind,workers_pres,wz_close_detour,wz_flagger,wz_law_offcr_ind,wz_ln_closure,wz_moving,wz_other,wz_shlder_mdn,vehicle_count,automobile_count,motorcycle_count,bus_count,small_truck_count,heavy_truck_count,suv_count,van_count,bicycle_count,maj_inj_count,mod_inj_count,min_inj_count,tot_inj_count,unk_inj_deg_count,unk_inj_per_count,driver_count_16yr,driver_count_17yr,driver_count_18yr,driver_count_19yr,driver_count_20yr,driver_count_50_64yr,driver_count_65_74yr,driver_count_75plus,unbelted_occ_count,unb_death_count,unb_maj_inj_count,belted_death_count,belted_maj_inj_count,mcycle_death_count,mcycle_maj_inj_count,bicycle_death_count,bicycle_maj_inj_count,ped_count,ped_death_count,ped_maj_inj_count,max_severity_level,comm_veh_count,dec_lat,dec_long,rdwy_surf_type_cd,county_name
52121,576773,2013086960,6,67,67301,2013,8,2,1221,12,1,1,0,4,1, , ,N,0,0,7,3,0,2,2,2,N,N,39 55:00.590,75 13:00.135,1228, ,1223,3,1,4,N, ,0,Y, , , , , , , , ,2,1,0,0,1,0,0,0,0,0,0,0,2,2,0,0,0,0,0,0,0,0,0,0,0,0,0,0,0,0,0,0,0,0,0,8,0,39.9161,-75.2204, , 
52122,576782,2013096115,6,67,67301,2013,8,3,2330,23,3,1,0,4,1, , ,N,1,2,0,3,0,0,6,2,N,N,40 01:45.310,75 05:23.878,2335, ,2333,9,1,2,N, ,3,N, , , , , , , , ,2,1,0,0,0,0,0,1,0,0,0,0,0,0,0,0,0,0,0,0,0,0,0,0,0,0,0,0,0,0,0,0,0,0,0,0,0,40.0291,-75.0899, , 
52123,576816,2013046356,6,67,67301,2013,3,1,220,2,3,1,0,4,1, , ,N,1,2,0,3,0,2,3,2,N,N,39 54:23.410,75 14:06.655,232, ,226,3,1,6,N, ,3,Y, , , , , , , , ,2,2,0,0,0,0,0,0,0,0,2,0,2,0,0,0,0,0,0,0,0,0,0,1,0,0,0,0,0,0,0,0,0,0,0,3,0,39.9065,-75.2352, , 
52124,576823,2013055501,6,67,67301,2013,4,3,810,8,1,1,0,4,1, , ,N,1,2,0,3,0,0,2,2,N, ,39 57:40.702,75 10:30.178,810, ,810,1,1,4, , ,3,Y, , , , , , , , ,2,1,0,0,0,0,1,0,0,0,0,0,0,0,0,0,0,0,0,0,0,0,0,0,0,0,0,0,0,0,0,0,0,0,0,0,0,39.9613,-75.175, , 
52125,576843,2013046284,6,67,67301,2013,4,3,2000,20,3,1,0,7,5, , ,N,2,3,0,3,0,2,2,1,N, ,40 00:14.349,75 09:32.097,2036, ,2033, ,0, , , ,3, , , , , , , , , ,1,0,0,0,1,0,0,0,0,0,0,0,2,2,0,0,0,1,0,0,0,0,0,0,0,0,0,0,0,0,0,0,0,0,0,8,0,40.004,-75.1589, , 
52126,576848,2013050306,6,67,67301,2013,4,1,9999,99,3,1,0,5,1, , ,N,1,2,0,3,0,2,3,2,N,N,40 04:12.680,75 10:49.758,58, ,58, ,0, ,N, ,3, , , , , , , , , ,2,2,0,0,0,0,0,0,0,0,0,2,2,0,0,0,0,0,0,0,0,1,0,0,0,0,0,0,0,0,0,0,0,0,0,4,0,40.0702,-75.1805, , 
52127,576863,2013063129,6,67,67301,2013,5,7,135,1,3,1,0,4,6, , ,N,0,0,0,3,0,0,1,3,N, ,39 58:35.382,75 08:21.832,147, ,147, ,0, , , ,0, , , , , , , , , ,3,2,0,0,1,0,0,0,0,0,0,0,0,0,1,0,0,0,0,0,0,0,0,0,0,0,0,0,0,0,0,0,0,0,0,9,0,39.9765,-75.1394, , 
52128,576870,2013070083,6,67,67301,2013,6,3,2220,22,3,1,0,1,1, , ,N,3,2,0,3,0,2,3,2,N,N,40 07:06.945,75 00:25.153,9999, ,9999, ,0, ,N, ,3, , , , , , , , , ,2,2,0,0,0,0,0,0,0,0,0,2,2,0,0,0,0,0,0,0,0,0,0,1,0,0,0,0,0,0,0,0,0,0,0,4,0,40.1186,-75.007, , 
52129,576879,2013079458,6,67,67301,2013,7,2,2017,20,4,1,0,2,2, , ,N,0,0,0,3,0,0,4,4,N,N,40 02:30.912,75 10:06.592,2038, ,2037, ,0, ,N, ,0, , , , , , , , , ,4,2,0,0,1,0,1,0,0,0,0,0,0,0,1,0,0,0,1,0,0,0,0,0,0,0,0,0,0,0,0,0,0,0,0,9,0,40.0419,-75.1685, , 
52130,576906,2013086715,6,67,67301,2013,7,4,1103,11,1,1,0,4,1, , ,N,1,2,0,3,0,1,2,2,N,N,39 56:35.977,75 08:49.865,1113, ,1105,9,1,3,N, ,3,N, , , , , , , , ,2,0,0,0,1,0,1,0,0,0,0,1,1,0,0,0,0,0,0,0,1,0,0,0,0,0,0,0,0,0,0,0,0,0,0,4,0,39.9433,-75.1472, , 
52131,576915,2013093297,6,67,67301,2013,9,7,1815,18,1,1,0,7,3, , ,N,0,0,0,3,0,0,1,1,N,N,39 56:36.858,75 11:32.736,1825, ,1815, ,0, ,N, ,0, , , , , , , , , ,1,1,0,0,0,0,0,0,0,0,0,0,0,0,0,0,0,0,0,0,0,0,0,0,0,0,0,0,0,0,0,0,0,0,0,0,0,39.9426,-75.1934, , 
52132,576921,2013103982,6,67,67301,2013,9,6,1531,15,1,1,0,1,1, , ,N,1,2,0,3,0,0,2,2,N,N,40 02:05.146,75 04:15.791,1545, ,1536,2,1,1,N, ,3,N, , , , , , , , ,2,2,0,0,0,0,0,0,0,0,0,0,0,0,0,0,0,0,0,1,0,0,0,0,0,0,0,0,0,0,0,0,0,0,0,0,0,40.0348,-75.0711, , 
52133,576923,2013105962,6,67,67301,2013,10,2,1703,17,1,1,2,1,1, , ,N,0,0,0,3,0,1,2,2,N,N,39 58:56.125,75 12:27.800,1704, ,1703, ,0, ,N, ,0, , , , , , , , , ,2,1,0,0,0,0,1,0,0,0,0,0,1,1,1,0,0,0,0,0,0,0,0,0,0,0,0,0,0,0,0,0,0,0,0,8,0,39.9823,-75.2077, , 
52134,576938,2013057339,6,67,67301,2013,4,5,747,7,1,1,0,8,1, , ,N,0,0,0,3,0,1,2,2,N,N,39 56:40.653,75 10:24.711,753, ,750, ,0, ,N, ,0, , , , , , , , , ,1,0,0,0,0,0,1,0,0,0,0,1,1,0,1,0,0,0,0,0,0,0,0,0,0,0,0,0,0,0,0,0,1,0,0,4,0,39.9446,-75.1735, , 
52135,576944,2013065436,6,67,67301,2013,6,2,137,1,3,2,1,7,5, , ,N,1,0,0,3,0,1,1,1,N,N,39 59:05.330,75 05:58.225,156, ,153, ,0, , , ,0, , , , , , , , , ,1,0,0,0,1,0,0,0,0,0,1,0,1,0,0,0,0,0,0,0,0,0,0,0,0,0,0,0,0,0,0,0,0,0,0,3,0,39.9848,-75.0995, , 
52136,576947,2013068705,6,67,67301,2013,6,7,1536,15,1,1,0,1,1, , ,N,0,0,0,3,0,1,9,3,N,N,39 59:23.601,75 12:21.021,1558, ,1538, ,0, ,N, ,0, , , , , , , , , ,3,0,0,0,0,0,3,0,0,0,0,0,1,1,0,0,0,0,0,0,0,0,0,0,0,0,0,0,0,0,0,0,0,0,0,8,0,39.9899,-75.2058, , 
52137,576950,2013077524,6,67,67301,2013,6,4,1531,15,1,1,0,1,1, , ,N,0,0,0,3,0,1,2,2,N, ,40 03:05.067,74 59:07.127,1533, ,1531, ,0, , , ,0, , , , , , , , , ,2,1,1,0,0,0,0,0,0,0,0,0,1,1,0,0,0,0,0,0,0,0,1,0,0,0,0,0,0,0,0,0,0,0,0,8,0,40.0514,-74.9853, , 
52138,576958,2013086694,6,46,46102,2013,8,2,956,9,1,1,0,1,1, , ,N,1,2,0,3,0,0,2,2,N,N,40 04:10.003,75 08:59.910,1119, ,1113, ,0, ,N, ,3, , , , , , , , , ,2,2,0,0,0,0,0,0,0,0,0,0,0,0,0,0,0,0,0,0,0,0,0,1,0,0,0,0,0,0,0,0,0,0,0,0,0,40.0694,-75.15, , 
52139,576980,2013070364,6,67,67301,2013,6,2,700,7,1,2,1,1,1, , ,N,1,2,0,3,0,0,2,2,N,N,39 53:40.603,75 14:12.181,818, ,813,9,1,2, , ,3,N, , , , , , , , ,2,1,0,0,0,0,1,0,0,0,0,0,0,0,0,0,0,0,0,0,0,0,0,0,0,0,0,0,0,0,0,0,0,0,0,0,0,39.8946,-75.2367, , 
52140,580268,2013070908,6,67,67301,2013,6,3,1425,14,1,1,0,5,1, , ,N,0,0,0,3,0,1,2,2,N,N,39 57:55.800,75 10:57.530,1425, ,1425, ,0, ,N, ,0, , , , , , , , , ,1,1,0,0,0,0,0,0,1,0,0,1,1,0,1,0,0,0,0,0,1,0,0,0,0,0,0,0,0,0,0,0,0,0,0,4,0,39.9655,-75.1826, , 
52141,580278,2013086978,6,67,67301,2013,8,4,1455,14,1,1,1,7,5, , ,N,0,0,0,3,0,1,1,1,N,N,40 01:13.730,75 12:02.255,1506, ,1456,2,2,1,N, ,0,N, , , , , , , , ,1,1,0,0,0,0,0,0,0,0,0,1,1,0,0,0,0,0,0,0,0,0,1,0,0,0,0,0,0,0,0,0,0,0,0,4,0,40.0205,-75.2006, , 
52142,580283,2013093036,6,67,67301,2013,8,7,1610,16,1,1,0,4,1, , ,N,0,0,0,3,0,2,3,2,N, ,40 04:58.648,75 03:11.766,1638, ,1632, ,0, , , ,0, , , , , , , , , ,2,2,0,0,0,0,0,0,0,0,0,0,2,2,0,0,0,0,0,0,0,0,0,1,0,0,0,0,0,0,0,0,0,0,0,8,0,40.083,-75.0533, , 
52143,580294,2013111836,6,67,67301,2013,10,2,1530,15,1,2,1,4,1, , ,N,5,2,0,3,0,1,4,2,N,N,39 58:02.976,75 13:55.022,1545, ,1540, ,0, ,N, ,3, , , , , , , , , ,2,1,0,0,0,0,1,0,0,0,0,0,1,1,0,0,0,0,0,0,0,0,0,0,0,0,0,0,0,0,0,0,0,0,0,8,0,39.9675,-75.232, , 
52144,580301,2013055578,6,67,67301,2013,5,1,1545,15,1,1,0,4,1, , ,N,1,2,0,3,0,0,2,2,N, ,39 54:13.685,75 10:25.724,1555, ,1553, ,0, , , ,3, , , , , , , , , ,2,1,0,0,0,0,1,0,0,0,0,0,0,0,0,0,0,0,0,0,0,0,0,0,0,0,0,0,0,0,0,0,0,0,0,0,0,39.9038,-75.1738, , 
52145,580302,2013055878,6,67,67301,2013,5,7,801,8,3,1,0,8,1, , ,N,1,2,0,3,0,1,2,2,N,N,39 57:13.525,75 10:30.134,807, ,801, ,0, ,N, ,3, , , , , , , , , ,1,0,0,0,0,1,0,0,0,0,0,1,1,0,0,0,0,0,0,0,0,0,0,0,0,0,0,0,0,0,0,0,1,0,0,4,1,39.9538,-75.1751, , 
52146,580346,2013111863,6,67,67301,2013,10,6,1522,15,1,2,1,1,1, , ,N,2,0,0,3,0,3,4,4,N,N,40 00:48.175,75 11:02.809,1538, ,1530, ,0, ,N, ,0, , , , , , , , , ,4,1,0,0,1,0,1,1,0,3,0,0,3,0,0,0,0,0,0,0,0,1,0,0,0,0,0,0,0,0,0,0,0,0,0,2,0,40.0134,-75.1841, , 
52147,580348,2013114485,6,67,67301,2013,10,7,954,9,1,1,0,4,1, , ,N,1,2,0,3,0,2,3,2,N,N,39 55:45.667,75 09:00.863,959, ,956, ,0, ,N, ,3, , , , , , , , , ,2,1,0,0,0,0,1,0,0,0,0,2,2,0,0,0,0,0,0,0,1,0,0,0,0,0,0,0,0,0,0,0,0,0,0,4,0,39.9294,-75.1502, , 
52148,580356,2013053104,6,67,67301,2013,4,5,1144,11,1,1,0,1,1, , ,N,2,0,0,3,0,0,6,3,N, ,40 03:17.329,75 11:13.031,1150, ,1145, ,0, , , ,0, , , , , , , , , ,3,1,0,0,1,0,1,0,0,0,0,0,0,0,1,0,0,0,0,0,1,0,0,0,0,0,0,0,0,0,0,0,0,0,0,9,0,40.0548,-75.187, , 
52149,580357,2013053117,6,67,67301,2013,4,4,1721,17,1,1,0,7,5, , ,N,0,0,0,3,0,0,1,1,N,N,40 02:04.285,75 04:55.878,1725, ,1721, ,0, ,N, ,0, , , , , , , , , ,1,1,0,0,0,0,0,0,0,0,0,0,0,0,1,0,0,0,0,0,0,0,0,0,0,0,0,0,0,0,0,0,0,0,0,9,0,40.0345,-75.0822, , 
52150,580382,2013093196,6,67,67301,2013,8,5,758,7,1,1,0,4,1, , ,N,1,2,0,3,0,1,2,2,N,N,39 56:16.111,75 10:00.162,812, ,806, ,0, ,N, ,3, , , , , , , , , ,2,0,0,0,0,0,1,0,0,0,0,0,1,1,0,0,0,0,1,0,0,0,0,0,0,0,0,0,0,0,0,0,0,0,0,8,0,39.9379,-75.1667, , 
52151,580386,2013096072,6,67,67301,2013,8,6,1243,12,8,1,0,8,1, , ,N,1,2,0,3,0,1,2,2,N, ,39 57:33.918,75 14:43.386,1245, ,1243, ,0, , , ,3, , , , , , , , , ,1,0,0,0,0,0,1,0,0,0,0,0,1,1,0,0,0,0,0,0,1,0,0,0,0,0,0,0,0,0,0,0,1,0,0,8,0,39.9594,-75.2454, , 
52152,580408,2013074699,6,67,67301,2013,6,4,745,7,1,1,0,8,1, , ,N,2,0,0,3,0,1,2,2,N,N,39 59:45.711,75 07:33.113,900, ,900, ,0, , , ,0, , , , , , , , , ,1,0,1,0,0,0,0,0,0,0,0,1,1,0,0,0,0,0,0,0,0,0,0,0,0,0,0,0,0,0,0,0,1,0,0,4,0,39.996,-75.1259, , 
52153,580411,2013077425,6,67,67301,2013,7,6,2259,22,3,1,0,7,3, , ,N,0,0,0,3,0,0,1,1,N, ,40 06:43.623,74 59:27.644,2323, ,2259,2,1,2, , ,0,Y, , , , , , , , ,1,0,0,0,1,0,0,0,0,0,0,0,0,0,0,0,0,0,0,0,1,0,0,1,0,0,0,0,0,0,0,0,0,0,0,0,0,40.1121,-74.991, , 
52154,580420,2013086280,6,67,67301,2013,8,4,1708,17,1,2,1,4,1, , ,N,1,2,0,3,0,1,2,2,N,N,40 00:22.203,75 09:06.487,1709, ,1708,1,1,3,N, ,3,Y, , , , , , , , ,2,2,0,0,0,0,0,0,0,0,1,0,1,0,0,0,0,0,0,0,0,0,0,0,0,0,0,0,0,0,0,0,0,0,0,3,0,40.0062,-75.1518, , 
52155,580421,2013086968,6,67,67301,2013,8,6,1908,19,1,1,0,6,1, , ,N,1,0,0,3,0,1,2,2,N,N,39 55:19.606,75 13:20.650,1937, ,1927, ,0, ,N, ,0, , , , , , , , , ,1,1,0,0,0,0,0,0,1,0,0,1,1,0,0,0,0,0,0,0,0,0,0,0,0,0,0,0,0,0,0,0,0,0,0,4,0,39.9221,-75.2224, , 
52156,580437,2013111773,6,67,67301,2013,10,2,1150,11,1,1,0,4,1, , ,N,1,2,0,3,0,1,2,2,N,N,40 01:57.154,75 07:27.076,2020, ,2020, ,0, ,N, ,3, , , , , , , , , ,1,1,0,0,0,0,0,0,1,0,0,1,1,0,0,0,0,0,0,0,0,0,0,1,0,0,0,0,0,0,0,0,0,0,0,4,0,40.0325,-75.1242, , 
52157,580445,2013044139,6,67,67301,2013,3,6,2100,21,3,1,0,4,1, , ,N,1,2,0,3,0,0,2,2,N,N,40 01:43.107,75 12:20.348,2120, ,2105, ,0, ,N, ,3, , , , , , , , , ,2,1,0,0,0,0,1,0,0,0,0,0,0,0,1,0,0,0,0,0,0,0,0,0,0,0,0,0,0,0,0,0,0,0,0,9,0,40.0287,-75.2055, , 
52158,570662,2013070479,6,67,67301,2013,6,6,1300,13,1,2,1,5,1, , ,N,0,0,0,3,0,1,2,2,N,N,40 02:01.175,75 04:58.525,1310, ,1305, ,0, , , ,0, , , , , , , , , ,2,0,0,0,1,0,0,1,0,0,0,0,1,1,0,0,0,0,0,0,0,0,0,0,0,0,0,0,0,0,0,0,0,0,0,8,0,40.0337,-75.0829, , 
52159,570668,2013080049,6,67,67301,2013,7,2,1145,11,1,1,0,4,1, , ,N,0,0,7,3,0,1,4,2,N,N,40 04:26.490,75 11:40.700,1516, ,1515, ,0, ,N, ,0, , , , , , , , , ,2,2,0,0,0,0,0,0,0,0,0,1,1,0,0,0,0,0,0,0,0,1,0,0,0,0,0,0,0,0,0,0,0,0,0,4,0,40.074,-75.1946, , 
52160,570689,2013077545,6,67,67301,2013,7,1,1005,10,1,1,0,8,1, , ,N,0,0,0,3,0,1,3,2,N,N,40 01:48.327,75 04:54.141,1010, ,1008, ,0, ,N, ,0, , , , , , , , , ,1,1,0,0,0,0,0,0,0,0,0,1,1,0,0,0,0,0,0,0,1,0,0,0,0,0,0,0,0,0,0,0,1,0,0,4,0,40.0301,-75.0817, , 
52161,570691,2013079600,6,67,67301,2013,6,4,58,0,3,1,0,5,1, , ,N,0,0,0,3,0,1,1,6,N,N,40 00:55.270,75 05:10.701,101, ,100, ,0, ,N, ,0, , , , , , , , , ,6,5,0,0,1,0,0,0,0,0,0,0,1,1,0,0,0,0,0,0,0,0,0,0,0,0,0,0,0,0,0,0,0,0,0,8,0,40.0154,-75.0863, , 
52162,570696,2013084047,6,67,67301,2013,4,2,1612,16,1,1,0,1,6, , ,N,0,0,0,3,0,1,2,2,N,N,39 59:00.182,75 07:21.504,1615, ,1612, ,0, ,N, ,0, , , , , , , , , ,2,1,0,0,1,0,0,0,0,0,0,1,1,0,0,0,0,0,0,0,0,0,0,0,0,0,0,0,0,0,0,0,0,0,0,4,0,39.9834,-75.1226, , 
52163,570700,2013086222,6,67,67301,2013,7,5,635,6,1,1,0,4,1, , ,N,0,0,7,3,0,0,2,2,N,N,39 55:16.649,75 11:36.482,648, ,645, ,0, ,N, ,0, , , , , , , , , ,2,0,0,0,0,1,1,0,0,0,0,0,0,0,0,0,0,0,0,0,0,0,0,0,0,0,0,0,0,0,0,0,0,0,0,0,1,39.9213,-75.1934, , 
52164,570701,2013086682,6,67,67301,2013,8,2,1213,12,1,1,0,5,6, , ,N,0,0,0,3,0,1,2,2,N, ,39 56:56.727,75 12:56.149,1220, ,1215, ,0, , , ,0, , , , , , , , , ,2,1,0,0,1,0,0,0,0,0,0,1,1,0,0,0,0,0,0,0,0,1,0,0,0,0,0,0,0,0,0,0,0,0,0,4,0,39.9491,-75.2156, , 
52165,570715,2013063130,6,67,67301,2013,5,6,2030,20,3,2,1,1,1, , ,N,1,2,0,3,0,0,3,3,N, ,40 02:25.699,75 02:50.737,2035, ,2030, ,0, , , ,3, , , , , , , , , ,3,2,0,0,0,0,0,1,0,0,0,0,0,0,1,0,0,0,0,0,2,0,0,0,0,0,0,0,0,0,0,0,0,0,0,9,0,40.0405,-75.0474, , 
52166,570721,2013065463,6,67,67301,2013,5,1,1558,15,1,2,1,7,2, , ,N,0,0,0,3,0,3,4,1,N, ,39 56:32.944,75 14:20.832,1600, ,1559, ,0, , , ,0, , , , , , , , , ,1,1,0,0,0,0,0,0,0,0,0,2,3,1,0,0,0,0,0,0,0,0,0,0,0,0,0,0,0,0,0,0,0,0,0,4,0,39.9425,-75.2391, , 
52167,570738,2013078977,6,67,67301,2013,8,6,839,8,1,1,0,1,1, , ,N,0,0,0,3,0,1,57,2,N,N,39 57:40.236,75 08:25.207,848, ,840,1,2,2,Y, ,0,N, , , , , , , , ,2,1,0,1,0,0,0,0,0,0,0,1,1,0,0,0,0,0,0,0,1,0,0,2,0,0,0,0,0,0,0,0,0,0,0,4,1,39.9612,-75.1403, , 
52168,570767,2013055593,6,67,67301,2013,5,2,1250,12,1,1,0,4,6, , ,N,0,0,0,3,0,1,1,2,N,N,40 02:20.410,75 04:23.246,1305, ,1300,1,2,6,N, ,0,N, , , , , , , , ,2,2,0,0,0,0,0,0,0,0,0,1,1,0,0,0,0,0,0,0,0,0,0,0,0,0,0,0,0,0,0,0,0,0,0,4,0,40.039,-75.0731, , 
52169,570775,2013062563,6,67,67301,2013,5,6,2220,22,3,1,0,8,1, , ,N,1,3,0,3,0,1,2,2,N,N,39 59:13.977,75 07:48.921,25, ,2220, ,0, ,N, ,3, , , , , , , , , ,1,1,0,0,0,0,0,0,0,0,0,0,1,1,0,0,0,0,0,0,0,0,0,0,0,0,0,0,0,0,0,0,1,0,0,8,0,39.9872,-75.1303, , 
52170,570787,2013077413,6,67,67301,2013,6,1,1953,19,4,1,0,4,1, , ,N,1,2,0,3,0,1,3,2,N,N,40 01:31.669,75 07:24.547,1953, ,1953,3,2,1,N, ,3,N, , , , , , , , ,2,1,0,0,1,0,0,0,0,0,0,1,1,0,0,0,0,0,0,0,0,1,0,0,0,0,0,0,0,0,0,0,0,0,0,4,0,40.0255,-75.1235, , 
52171,570788,2013079517,6,67,67301,2013,7,7,1950,19,1,1,0,4,1, , ,N,1,2,0,3,0,3,5,2,N,N,39 57:28.799,75 13:16.548,2013, ,2010, ,0, , , ,3, , , , , , , , , ,2,2,0,0,0,0,0,0,0,0,0,3,3,0,0,0,0,0,0,0,0,0,0,0,0,0,0,0,0,0,0,0,0,0,0,4,0,39.958,-75.2213, , 
52172,570801,2013094697,6,67,67301,2013,7,4,1815,18,1,1,0,1,1, , ,N,10,3,0,3,0,3,4,2,N,N,39 54:41.667,75 13:49.110,0, ,0, ,0, ,N, ,3, , , , , , , , , ,2,1,0,0,0,0,0,0,0,0,1,1,3,1,1,0,0,0,0,0,0,0,0,0,0,0,0,0,0,0,0,0,0,0,0,3,0,39.9116,-75.2303, , 
52173,570803,2013096457,6,67,67301,2013,8,7,1710,17,1,1,0,4,1, , ,N,1,2,0,3,0,0,6,2,N, ,39 57:07.894,75 14:26.897,1718, ,1711, ,0, , , ,3, , , , , , , , , ,2,2,0,0,0,0,0,0,0,0,0,0,0,0,0,0,0,0,0,0,1,0,0,0,0,0,0,0,0,0,0,0,0,0,0,0,0,39.9522,-75.2408, , 
52174,570822,2013084492,6,67,67301,2013,8,2,2124,21,3,1,0,1,1, , ,N,0,0,0,3,0,1,2,2,N,N,40 00:45.258,75 03:33.153,2142, ,2135, ,0, ,N, ,0, , , , , , , , , ,2,0,0,0,0,1,1,0,0,0,0,0,1,1,0,0,0,0,0,0,1,0,0,0,0,0,0,0,0,0,0,0,0,0,0,8,1,40.0126,-75.0592, , 
52175,570839,2013098425,6,67,67301,2013,9,2,2115,21,3,1,0,5,1, , ,N,0,0,0,3,0,2,2,2,N,N,39 58:42.348,75 10:40.389,2130, ,2128, ,0, ,N, ,0, , , , , , , , , ,2,1,0,0,0,0,0,1,0,0,0,0,2,2,0,0,0,0,0,0,1,0,0,2,0,0,0,0,0,0,0,0,0,0,0,8,0,39.9784,-75.1779, , 
52176,573848,2013065365,6,67,67301,2013,5,3,9999,99,1,1,0,4,1, , ,N,1,2,0,3,0,2,2,2,N,N,40 01:55.501,75 04:03.429,830, ,813,1,1,3, , ,3,N, , , , , , , , ,2,2,0,0,0,0,0,0,0,0,0,2,2,0,0,0,0,0,0,0,0,0,0,0,0,0,0,0,0,0,0,0,0,0,0,4,0,40.0321,-75.0676, , 
52177,573856,2013065512,6,67,67301,2013,5,3,1358,13,1,1,0,4,7, , ,N,1,2,2,3,0,1,3,2,N,N,39 57:25.688,75 09:03.847,1405, ,1400,3,1,3,N, ,3,Y, , , , , , , , ,2,2,0,0,0,0,0,0,0,0,1,0,1,0,0,0,0,0,0,0,0,0,0,0,0,0,0,0,0,0,0,0,0,0,0,3,0,39.9571,-75.1511, , 
52178,573859,2013070070,6,67,67301,2013,6,6,600,6,1,1,0,5,1, , ,N,0,2,0,3,0,1,3,2,N,N,39 59:00.538,75 09:30.859,607, ,601, ,0, ,N, ,3, , , , , , , , , ,2,1,0,0,0,0,1,0,0,0,0,0,1,1,0,0,0,0,0,0,0,0,0,0,0,0,0,0,0,0,0,0,0,0,0,8,0,39.9835,-75.1586, , 
52179,573860,2013070231,6,67,67301,2013,6,2,1130,11,1,1,0,8,1, , ,N,1,0,0,3,0,1,4,2,N,N,39 59:06.324,75 09:52.851,1137, ,1137, ,0, ,N, ,0, , , , , , , , , ,1,0,0,0,0,0,0,1,0,0,0,1,1,0,0,0,0,0,0,0,1,0,0,0,0,0,0,0,0,0,0,0,1,0,0,4,0,39.9851,-75.1647, , 
52180,573861,2013070289,6,67,67301,2013,6,3,1320,13,1,1,0,1,1, , ,N,0,0,0,3,0,0,1,2,N,N,40 00:06.870,75 07:42.760,1320, ,1320,2,2,1,N, ,0,Y, , , , , , , , ,2,1,0,0,0,0,1,0,0,0,0,0,0,0,0,0,0,0,0,0,0,0,0,0,0,0,0,0,0,0,0,0,0,0,0,0,0,40.0019,-75.1285, , 
52181,573863,2013074907,6,67,67301,2013,7,7,943,9,1,1,0,1,1, , ,N,6,4,2,3,0,0,4,3,N,N,39 56:43.369,75 11:25.410,1003, ,948,1,2,4,N, ,3,N, , , , , , , , ,3,3,0,0,0,0,0,0,0,0,0,0,0,0,0,0,0,0,0,0,0,0,0,1,0,0,0,0,0,0,0,0,0,0,0,0,0,39.9454,-75.1904, , 
52182,573872,2013086925,6,67,67301,2013,7,7,2145,21,3,1,0,5,1, , ,N,1,2,0,3,0,0,3,2,N,N,40 05:12.438,74 58:18.635,2200, ,2148, ,0, ,N, ,3, , , , , , , , , ,2,1,0,0,0,0,1,0,0,0,0,0,0,0,0,0,0,0,0,0,1,0,0,0,0,0,0,0,0,0,0,0,0,0,0,0,0,40.0868,-74.9718, , 
52183,573880,2013101185,6,67,67301,2013,4,5,2215,22,3,1,0,4,1, , ,N,1,2,0,3,0,0,4,3,N, ,39 57:23.851,75 09:57.547,2230, ,2220, ,0, , , ,3, , , , , , , , , ,3,2,0,0,0,0,1,0,0,0,0,0,0,0,0,0,0,0,0,0,0,0,0,0,0,0,0,0,0,0,0,0,0,0,0,0,0,39.9566,-75.166, , 
52184,573881,2013101224,6,67,67301,2013,9,3,17,0,3,1,1,4,1, , ,N,0,0,7,3,0,1,2,2,N, ,39 53:06.054,75 15:00.796,9999, ,9999, ,0, , , ,0, , , , , , , , , ,2,2,0,0,0,0,0,0,0,0,0,0,1,1,0,0,0,0,0,0,1,0,0,0,0,0,0,0,0,0,0,0,0,0,0,8,0,39.885,-75.2502, , 
52185,573887,2013111889,6,67,67301,2013,10,4,600,6,5,1,0,5,1, , ,N,0,0,0,3,0,0,1,5,N,N,39 59:50.931,75 08:38.799,748, ,730, ,0, ,N, ,0, , , , , , , , , ,5,4,0,0,0,0,1,0,0,0,0,0,0,0,1,0,0,1,0,0,0,0,0,0,0,0,0,0,0,0,0,0,0,0,0,9,0,39.9975,-75.1441, , 
52186,573899,2013065410,6,67,67301,2013,5,4,1120,11,1,1,0,4,1, , ,N,1,2,0,3,0,2,3,2,N,N,40 00:00.790,75 08:31.774,1130, ,1120, ,0, ,N, ,3, , , , , , , , , ,2,1,0,0,0,0,0,0,0,0,0,2,2,0,1,0,0,0,0,0,0,1,0,0,0,0,0,0,0,0,0,0,0,0,0,4,0,40.0002,-75.1422, , 
52187,573904,2013065477,6,67,67301,2013,5,6,2013,20,3,1,0,4,1, , ,N,1,0,0,3,0,1,2,2,N, ,39 56:10.068,75 10:31.184,2020, ,2016, ,0, ,N, ,0, , , , , , , , , ,1,1,0,0,0,0,0,0,1,0,0,0,1,1,0,0,0,0,0,0,0,0,0,0,0,0,0,0,0,0,0,0,0,0,0,8,0,39.9361,-75.1753, , 