objectid_1,objectid,crn,district,county,municipality,crash_year,crash_month,day_of_week,time_of_day,hour_of_day,illumination,weather,road_condition,collision_type,relation_to_road,work_zone_type,work_zone_loc,work_zone_ind,intersect_type,tcd_type,location_type,urban_rural,fatal_count,injury_count,person_count,total_units,sch_bus_ind,sch_zone_ind,latitude,longitude,arrival_tm,cons_zone_spd_lim,dispatch_tm,est_hrs_closed,lane_closed,ln_close_dir,ntfy_hiwy_maint,spec_juris_cd,tcd_func_cd,tfc_detour_ind,workers_pres,wz_close_detour,wz_flagger,wz_law_offcr_ind,wz_ln_closure,wz_moving,wz_other,wz_shlder_mdn,vehicle_count,automobile_count,motorcycle_count,bus_count,small_truck_count,heavy_truck_count,suv_count,van_count,bicycle_count,maj_inj_count,mod_inj_count,min_inj_count,tot_inj_count,unk_inj_deg_count,unk_inj_per_count,driver_count_16yr,driver_count_17yr,driver_count_18yr,driver_count_19yr,driver_count_20yr,driver_count_50_64yr,driver_count_65_74yr,driver_count_75plus,unbelted_occ_count,unb_death_count,unb_maj_inj_count,belted_death_count,belted_maj_inj_count,mcycle_death_count,mcycle_maj_inj_count,bicycle_death_count,bicycle_maj_inj_count,ped_count,ped_death_count,ped_maj_inj_count,max_severity_level,comm_veh_count,dec_lat,dec_long,rdwy_surf_type_cd,county_name
52188,573917,2013080083,6,67,67301,2013,7,1,1724,17,1,1,0,8,1, , ,N,0,0,0,3,0,1,2,2,N,N,40 01:53.335,75 09:57.718,1730, ,1724,1,2,3,N, ,0,N, , , , , , , , ,1,1,0,0,0,0,0,0,0,0,0,0,1,1,1,0,0,0,0,0,0,0,0,0,0,0,0,0,0,0,0,0,1,0,0,8,0,40.0315,-75.166, , 
52189,573948,2013070136,6,67,67301,2013,6,2,1500,15,1,2,1,4,1, , ,N,1,2,0,3,0,0,2,2,N,N,39 57:40.930,75 08:59.347,1535, ,1530, ,0, ,N, ,3, , , , , , , , , ,2,2,0,0,0,0,0,0,0,0,0,0,0,0,0,0,0,0,0,0,1,0,1,0,0,0,0,0,0,0,0,0,0,0,0,0,0,39.9614,-75.1498, , 
52190,573951,2013070279,6,67,67301,2013,6,5,1736,17,1,1,0,4,1, , ,N,1,2,0,3,0,3,3,2,N,N,39 57:17.442,75 13:40.835,1745, ,1736, ,0, , , ,3, , , , , , , , , ,2,1,0,0,1,0,0,0,0,0,0,0,3,3,0,0,0,0,0,0,0,1,0,0,0,0,0,0,0,0,0,0,0,0,0,8,0,39.9548,-75.228, , 
52191,573960,2013080028,6,67,67301,2013,7,4,1604,16,1,1,0,4,1, , ,N,1,3,0,3,0,0,2,2,N, ,39 57:40.057,75 11:38.443,1615, ,1611, ,0, , , ,3, , , , , , , , , ,2,2,0,0,0,0,0,0,0,0,0,0,0,0,0,0,0,0,0,0,0,0,0,0,0,0,0,0,0,0,0,0,0,0,0,0,0,39.9611,-75.194, , 
52192,573975,2013095992,6,67,67301,2013,8,5,750,7,1,1,0,4,1, , ,N,1,2,0,3,0,0,2,2,N, ,40 01:12.662,75 08:55.511,755, ,753, ,0, , , ,3, , , , , , , , , ,2,2,0,0,0,0,0,0,0,0,0,0,0,0,1,0,0,0,0,0,1,0,0,0,0,0,0,0,0,0,0,0,0,0,0,9,0,40.0202,-75.1488, , 
52193,573981,2013101761,6,67,67301,2013,9,7,1725,17,1,1,0,4,1, , ,N,1,2,0,3,0,1,2,2,N,N,39 57:36.624,75 08:13.909,1735, ,1733, ,0, ,N, ,3, , , , , , , , , ,1,0,0,0,1,0,0,0,1,0,0,0,1,1,0,0,0,0,0,0,0,0,0,0,0,0,0,0,0,0,0,0,0,0,0,8,0,39.9602,-75.1372, , 
52194,576981,2013070429,6,67,67301,2013,6,5,1033,10,1,1,0,7,5, , ,N,2,0,0,3,0,2,2,1,N,N,40 03:39.695,75 11:24.461,1040, ,1035, ,0, ,N, ,0, , , , , , , , , ,1,0,0,0,0,0,1,0,0,0,1,1,2,0,0,0,0,0,0,0,0,1,0,0,0,0,0,0,0,0,0,0,0,0,0,3,0,40.061,-75.1901, , 
52195,576982,2013070509,6,67,67301,2013,6,3,2255,22,3,1,0,1,1, , ,N,0,2,0,3,0,0,3,3,N, ,40 01:15.263,75 08:25.154,2307, ,2258,3,1,1,N, ,3,Y, , , , , , , , ,3,2,0,0,0,1,0,0,0,0,0,0,0,0,0,0,0,0,0,0,0,0,0,0,0,0,0,0,0,0,0,0,0,0,0,0,1,40.0209,-75.1403, , 
52196,576987,2013070309,6,67,67301,2013,6,4,2300,23,3,1,0,5,2, , ,N,0,0,0,3,0,1,1,2,N,N,39 56:23.078,75 09:58.652,2317, ,2310, ,0, ,N, ,0, , , , , , , , , ,2,1,0,1,0,0,0,0,0,0,0,1,1,0,0,0,0,0,0,0,0,0,0,0,0,0,0,0,0,0,0,0,0,0,0,4,1,39.9398,-75.1663, , 
52197,576988,2013070964,6,67,67301,2013,6,1,2110,21,3,1,0,8,1, , ,N,0,0,0,3,0,1,2,2,N,N,40 03:58.089,75 10:09.951,2115, ,2108, ,0, ,N, ,0, , , , , , , , , ,1,1,0,0,0,0,0,0,0,0,0,0,1,1,0,0,0,0,0,0,1,0,0,0,0,0,0,0,0,0,0,0,1,0,0,8,0,40.0661,-75.1694, , 
52198,576994,2013074778,6,67,67301,2013,6,7,1514,15,1,1,0,4,1, , ,N,1,2,0,3,0,2,3,2,N,N,40 02:15.589,75 02:33.074,1517, ,1515,9,1,4,N, ,3,N, , , , , , , , ,2,1,0,0,0,0,1,0,0,0,0,2,2,0,0,0,0,0,0,1,0,0,0,0,0,0,0,0,0,0,0,0,0,0,0,4,0,40.0377,-75.0425, , 
52199,577014,2013095947,6,67,67301,2013,8,5,1350,13,1,1,0,7,6, , ,N,0,0,0,3,0,1,1,1,N,N,39 59:54.297,75 08:49.207,1355, ,1355, ,0, ,N, ,0, , , , , , , , , ,1,1,0,0,0,0,0,0,0,0,0,1,1,0,0,0,0,0,0,0,0,0,0,0,0,0,0,0,0,0,0,0,0,0,0,4,0,39.9984,-75.147, , 
52200,577026,2013053097,6,67,67301,2013,4,7,1300,13,1,1,0,5,1, , ,N,0,0,0,3,0,1,2,2,N,N,40 01:18.531,75 06:45.074,1405, ,1400, ,0, , , ,0, , , , , , , , , ,1,1,0,0,0,0,0,0,1,0,0,1,1,0,0,0,0,0,0,0,0,0,0,0,0,0,0,0,0,0,0,0,0,0,0,4,0,40.0218,-75.1125, , 
52201,577028,2013055554,6,67,67301,2013,5,5,833,8,1,1,0,8,1, , ,N,1,2,0,3,0,1,2,2,N,N,39 55:40.291,75 14:13.346,837, ,834,2,1,3,N, ,3,N, , , , , , , , ,1,0,0,0,1,0,0,0,0,0,0,0,1,1,0,0,0,0,0,0,0,0,0,0,0,0,0,0,0,0,0,0,1,0,0,8,0,39.9278,-75.237, , 
52202,577037,2013070284,6,67,67301,2013,6,1,631,6,1,1,0,8,1, , ,N,1,0,0,3,0,1,2,2,N,N,39 58:08.770,75 12:56.872,1639, ,1638, ,0, ,N, ,0, , , , , , , , , ,1,1,0,0,0,0,0,0,0,0,0,1,1,0,0,0,0,0,0,0,0,1,0,0,0,0,0,0,0,0,0,0,1,0,0,4,0,39.9691,-75.2158, , 
52203,577043,2013074772,6,67,67301,2013,6,7,700,7,1,1,0,9,2, , ,N,0,0,0,3,0,1,1,1,N,N,40 05:26.466,75 04:07.028,740, ,730,1,1,2,N, ,0,N, , , , , , , , ,1,1,0,0,0,0,0,0,0,0,0,1,1,0,0,0,0,0,0,0,0,0,0,0,0,0,0,0,0,0,0,0,0,0,0,4,0,40.0907,-75.0686, , 
52204,577045,2013077396,6,67,67301,2013,7,4,530,5,5,1,0,8,2, , ,N,0,0,3,3,0,1,2,2,N, ,40 05:09.915,75 03:35.966,612, ,604, ,0, ,N, ,0, , , , , , , , , ,1,1,0,0,0,0,0,0,0,0,0,1,1,0,0,0,0,0,0,0,0,0,0,0,0,0,0,0,0,0,0,0,1,0,0,4,0,40.0861,-75.06, , 
52205,577047,2013084019,6,67,67301,2013,7,3,1635,16,1,1,0,1,1, , ,N,0,0,0,3,0,1,2,2,N,N,39 57:09.011,75 11:22.490,1648, ,1641, ,0, ,N, ,0, , , , , , , , , ,1,1,0,0,0,0,0,0,1,0,0,1,1,0,0,0,0,0,0,0,0,0,0,1,0,0,0,0,0,0,0,0,0,0,0,4,0,39.9525,-75.1896, , 
52206,577053,2013087045,6,67,67301,2013,8,2,2257,22,3,1,0,7,5,1,2,Y,0,8,0,3,0,1,1,1,N,N,40 02:08.891,75 01:01.728,2319,45,2304, ,0, ,N, ,3, ,Y,N,N,N,Y,N,N,Y,1,0,0,0,0,0,1,0,0,0,0,1,1,0,0,0,0,0,0,0,0,0,0,0,0,0,0,0,0,0,0,0,0,0,0,4,0,40.0358,-75.0171, , 
52207,577059,2013093048,6,67,67301,2013,8,5,640,6,1,1,0,8,1, , ,N,0,0,7,3,0,1,2,2,N,N,40 02:16.198,75 08:34.234,840, ,832, ,0, ,N, ,0, , , , , , , , , ,1,0,0,0,0,0,1,0,0,0,0,1,1,0,0,0,0,0,0,0,1,0,0,0,0,0,0,0,0,0,0,0,1,0,0,4,0,40.0378,-75.1428, , 
52208,577060,2013093188,6,67,67301,2013,8,2,1500,15,1,1,0,4,1, , ,N,2,0,0,3,0,1,2,2,N,N,40 00:22.164,75 11:28.382,9999, ,9999, ,0, ,N, ,0, , , , , , , , , ,1,1,0,0,0,0,0,0,1,0,0,0,1,1,0,0,0,0,0,0,0,0,0,0,0,0,0,0,0,0,0,0,0,0,0,8,0,40.0062,-75.1912, , 
52209,577062,2013094941,6,67,67301,2013,9,1,57,0,3,2,1,7,4, , ,N,0,0,0,3,0,1,1,1,N,N,40 00:35.958,75 03:49.497,103, ,58,1,1,1,N, ,0,N, , , , , , , , ,1,1,0,0,0,0,0,0,0,0,1,0,1,0,0,0,0,0,0,0,0,0,0,0,0,0,0,0,0,0,0,0,0,0,0,3,0,40.0099,-75.0639, , 
52210,577066,2013095966,6,67,67301,2013,8,5,1233,12,1,2,1,4,1, , ,N,2,2,7,3,0,1,2,2,N,N,39 56:21.084,75 11:35.786,1239, ,1237, ,0, , , ,3, , , , , , , , , ,1,0,0,0,1,0,0,0,1,0,0,1,1,0,0,0,0,0,0,0,1,0,0,1,0,0,0,0,0,0,0,0,0,0,0,4,0,39.9392,-75.1933, , 
52211,577067,2013096045,6,67,67301,2013,8,5,1245,12,1,1,0,8,1, , ,N,1,2,0,3,0,1,2,2,N,N,39 57:32.690,75 10:19.285,1255, ,1247, ,0, , , ,3, , , , , , , , , ,1,1,0,0,0,0,0,0,0,0,1,0,1,0,0,0,0,0,0,0,0,0,0,0,0,0,0,0,0,0,0,0,1,0,0,3,0,39.9591,-75.172, , 
52212,579303,2013074903,6,67,67301,2013,7,5,1210,12,1,1,0,1,1, , ,N,0,0,0,3,0,2,4,4,N,N,39 57:59.918,75 11:15.313,1220, ,1214,1,1,3,N, ,0,N, , , , , , , , ,4,2,0,0,0,0,1,1,0,0,0,0,2,2,0,0,0,0,0,0,0,0,0,0,0,0,0,0,0,0,0,0,0,0,0,8,0,39.9666,-75.1876, , 
52213,579307,2013077436,6,67,67301,2013,6,6,1839,18,1,2,1,4,2, , ,N,0,0,7,3,0,1,3,2,N,N,40 02:43.163,75 05:16.681,1845, ,1839, ,0, , , ,0, , , , , , , , , ,2,2,0,0,0,0,0,0,0,0,0,1,1,0,0,0,0,0,0,1,0,0,0,0,0,0,0,0,0,0,0,0,0,0,0,4,0,40.0453,-75.088, , 
52214,579311,2013081321,6,67,67301,2013,8,4,1319,13,1,2,1,1,1, , ,N,0,0,0,3,0,0,2,2,N,N,39 56:44.692,75 11:23.442,1338, ,1319, ,0, ,N, ,0, , , , , , , , , ,2,2,0,0,0,0,0,0,0,0,0,0,0,0,0,0,0,0,0,0,1,0,0,0,0,0,0,0,0,0,0,0,0,0,0,0,0,39.9457,-75.1898, , 
52215,579331,2013093138,6,67,67301,2013,8,1,1459,14,1,1,0,4,1, , ,N,2,3,0,3,0,1,2,2,N,N,40 05:41.980,74 57:37.045,1505, ,1500, ,0, ,N, ,3, , , , , , , , , ,1,0,0,0,1,0,0,0,1,0,0,1,1,0,0,0,0,0,0,0,0,0,0,0,0,0,0,0,0,0,0,0,0,0,0,4,0,40.095,-74.9603, , 
52216,579332,2013093159,6,67,67301,2013,8,5,318,3,3,2,1,6,6, , ,N,0,0,0,3,0,0,1,4,N,N,39 56:19.442,75 13:36.760,325, ,319, ,0, ,N, ,0, , , , , , , , , ,4,4,0,0,0,0,0,0,0,0,0,0,0,0,0,0,0,0,0,0,0,0,0,0,0,0,0,0,0,0,0,0,0,0,0,0,0,39.9387,-75.2269, , 
52217,579350,2013065316,6,67,67301,2013,5,7,2105,21,3,2,1,8,1, , ,N,0,0,0,3,0,1,2,2,N, ,39 57:06.331,75 09:30.372,2128, ,2116, ,0, , , ,0, , , , , , , , , ,1,1,0,0,0,0,0,0,0,0,0,1,1,0,0,0,0,0,0,0,0,0,0,0,0,0,0,0,0,0,0,0,1,0,0,4,0,39.9518,-75.1584, , 
52218,579366,2013079939,6,67,67301,2013,7,4,1220,12,1,1,0,4,1, , ,N,1,3,0,3,0,2,3,2,N, ,39 58:52.093,75 09:53.035,1240, ,1225, ,0, , , ,3, , , , , , , , , ,2,2,0,0,0,0,0,0,0,0,0,2,2,0,0,0,0,0,0,0,0,0,0,3,0,0,0,0,0,0,0,0,0,0,0,4,0,39.9811,-75.1647, , 
52219,579385,2013096003,6,67,67301,2013,8,1,920,9,1,1,1,4,1, , ,N,1,2,0,3,0,3,3,2,N,N,40 00:22.701,75 08:38.101,922, ,921, ,0, ,N, ,3, , , , , , , , , ,2,1,0,0,0,0,1,0,0,0,0,3,3,0,0,0,0,0,0,0,1,0,0,0,0,0,0,0,0,0,0,0,0,0,0,4,0,40.0063,-75.1439, , 
52220,579396,2013070548,6,67,67301,2013,6,4,1655,16,1,1,0,4,1, , ,N,1,2,0,3,0,2,5,3,N,N,40 01:27.102,75 05:43.897,1659, ,1655,3,1,1,N, ,3,Y, , , , , , , , ,3,1,0,0,1,0,0,0,0,0,0,2,2,0,0,0,0,0,0,0,0,0,0,0,0,0,0,0,0,0,0,0,0,0,0,4,0,40.0242,-75.0955, , 
52221,579404,2013079439,6,67,67301,2013,7,3,1855,18,1,2,1,8,1, , ,N,0,0,0,3,0,1,2,2,N,N,39 58:18.465,75 14:16.040,1857, ,1856, ,0, , , ,0, , , , , , , , , ,1,1,0,0,0,0,0,0,0,0,0,1,1,0,0,0,0,0,0,0,0,0,0,0,0,0,0,0,0,0,0,0,1,0,0,4,0,39.9718,-75.2378, , 
52222,579426,2013101055,6,67,67301,2013,9,6,2351,23,3,1,0,4,1, , ,N,1,2,0,3,0,0,2,2,N,N,40 01:40.879,75 08:18.110,2352, ,2351, ,0, ,N, ,3, , , , , , , , , ,2,2,0,0,0,0,0,0,0,0,0,0,0,0,0,0,0,0,0,0,1,0,0,2,0,0,0,0,0,0,0,0,0,0,0,0,0,40.028,-75.1384, , 
52223,579430,2013106649,6,67,67301,2013,10,3,1434,14,1,1,0,8,1, , ,N,0,0,0,3,0,1,2,2,N,Y,40 01:12.518,75 05:43.322,1712, ,1710, ,0, ,N, ,0, , , , , , , , , ,1,0,0,0,0,0,1,0,0,0,0,0,1,1,0,0,0,0,0,0,0,0,0,0,0,0,0,0,0,0,0,0,1,0,0,8,0,40.021,-75.0945, , 
52224,579451,2013070371,6,67,67301,2013,6,7,548,5,1,1,0,7,5, , ,N,1,2,0,3,0,0,1,1,N,N,39 57:22.420,75 09:45.641,552, ,548, ,0, ,N, ,3, , , , , , , , , ,1,0,0,0,1,0,0,0,0,0,0,0,0,0,0,0,0,0,0,0,0,0,0,0,0,0,0,0,0,0,0,0,0,0,0,0,0,39.9562,-75.1627, , 
52225,579454,2013074700,6,67,67301,2013,6,3,2144,21,3,1,0,1,1, , ,N,0,0,0,3,0,0,4,4,N,N,40 00:59.936,75 08:58.667,2158, ,2157, ,0, , , ,0, , , , , , , , , ,4,3,0,0,0,0,1,0,0,0,0,0,0,0,1,0,0,0,0,0,0,0,0,0,0,0,0,0,0,0,0,0,0,0,0,9,0,40.0166,-75.1496, , 
52226,579455,2013074755,6,67,67301,2013,6,4,1617,16,1,1,0,1,1, , ,N,3,2,0,3,0,0,2,2,N,N,39 58:02.906,75 10:51.624,1640, ,1625, ,0, , , ,3, , , , , , , , , ,2,0,0,0,2,0,0,0,0,0,0,0,0,0,0,0,0,0,0,0,1,0,0,0,0,0,0,0,0,0,0,0,0,0,0,0,0,39.9675,-75.181, , 
52227,579465,2013086852,6,67,67301,2013,7,3,753,7,1,1,0,4,1, , ,N,1,2,0,3,0,2,3,2,N, ,39 57:38.457,75 14:34.859,800, ,756, ,0, , , ,9, , , , , , , , , ,2,0,0,0,0,0,2,0,0,0,0,0,2,2,0,0,0,0,0,0,0,0,0,0,0,0,0,0,0,0,0,0,0,0,0,8,0,39.9607,-75.243, , 
52228,579476,2013093174,6,67,67301,2013,8,7,1055,10,1,1,0,4,1, , ,N,2,3,0,3,0,1,5,2,N,N,39 59:44.756,75 05:43.919,1108, ,1102, ,0, ,N, ,3, , , , , , , , , ,2,2,0,0,0,0,0,0,0,0,0,0,1,1,0,0,0,0,0,0,0,0,0,0,0,0,0,0,0,0,0,0,0,0,0,8,0,39.9958,-75.0955, , 
52229,579478,2013095696,6,67,67301,2013,9,5,1635,16,1,1,0,1,1, , ,N,0,0,0,3,0,1,4,3,N,N,39 53:56.458,75 10:07.205,1635, ,1635,2,1,2,N, ,0,N, , , , , , , , ,3,1,0,0,0,0,2,0,0,0,0,0,1,1,0,0,0,0,0,0,1,0,0,0,0,0,0,0,0,0,0,0,0,0,0,8,0,39.899,-75.1687, , 
52230,579481,2013097756,6,67,67301,2013,9,3,1617,16,1,1,0,1,1,1,4,Y,0,0,0,3,0,2,6,5,N,N,39 53:58.332,75 09:48.393,1629,45,1621,3,2,1,N, ,0,Y,Y,N,N,N,N,N,Y,N,5,2,0,0,0,0,1,2,0,0,0,2,2,0,0,0,0,0,0,0,0,0,0,1,0,0,0,0,0,0,0,0,0,0,0,4,0,39.8995,-75.1634, , 
52231,570843,2013101124,6,67,67301,2013,9,6,1650,16,1,1,0,8,1, , ,N,1,2,0,3,0,1,2,2,N,N,39 58:05.382,75 13:30.517,1700, ,1658, ,0, ,N, ,3, , , , , , , , , ,1,0,0,0,0,0,1,0,0,0,0,0,1,1,0,0,0,0,0,0,0,0,0,0,0,0,0,0,0,0,0,0,1,0,0,8,0,39.9682,-75.2251, , 
52232,570861,2013073107,6,67,67301,2013,7,2,524,5,5,1,0,5,1, , ,N,0,0,0,3,0,1,2,2,N,N,39 57:26.238,75 09:26.868,535, ,525, ,0, ,N, ,0, , , , , , , , , ,2,1,0,0,1,0,0,0,0,0,0,1,1,0,0,0,0,0,0,0,0,0,0,0,0,0,0,0,0,0,0,0,0,0,0,4,1,39.9573,-75.1575, , 
52233,570878,2013090142,6,67,67301,2013,9,7,1142,11,1,1,0,1,7, , ,N,6,0,2,3,0,1,2,2,N,N,39 56:42.208,75 11:26.989,1158, ,1143, ,0, ,N, ,0, , , , , , , , , ,2,1,0,0,1,0,0,0,0,0,0,0,1,1,0,0,0,0,0,0,1,0,0,0,0,0,0,0,0,0,0,0,0,0,0,8,0,39.9451,-75.1908, , 
52234,570882,2013096477,6,67,67301,2013,8,6,1319,13,1,1,0,8,1, , ,N,1,2,0,3,0,1,2,2,N,N,39 58:49.769,75 13:29.078,1415, ,1400, ,0, ,N, ,3, , , , , , , , , ,1,0,0,0,0,0,1,0,0,0,0,0,1,1,0,0,0,0,0,0,0,0,0,0,0,0,0,0,0,0,0,0,1,0,0,8,0,39.9804,-75.2247, , 
52235,570902,2013077539,6,67,67301,2013,7,1,2100,21,3,1,0,4,1, , ,N,1,3,0,3,0,1,2,2,N,N,39 59:49.056,75 07:46.603,2106, ,2106, ,0, ,N, ,3, , , , , , , , , ,2,1,0,0,0,0,1,0,0,0,0,0,1,1,0,0,0,0,0,0,1,0,0,0,0,0,0,0,0,0,0,0,0,0,0,8,0,39.997,-75.1296, , 
52236,570913,2013063315,6,67,67301,2013,6,6,1115,11,1,2,1,5,1, , ,N,0,0,0,3,0,3,5,2,N,N,39 56:46.604,75 11:21.868,1115, ,1115,1,2,3,N, ,0,N, , , , , , , , ,2,2,0,0,0,0,0,0,0,0,0,3,3,0,0,0,0,0,0,0,1,0,0,0,0,0,0,0,0,0,0,0,0,0,0,4,0,39.9463,-75.1894, , 
52237,570916,2013065460,6,67,67301,2013,5,2,1445,14,1,1,0,8,5, , ,N,0,0,0,3,0,2,3,3,N,N,40 00:06.903,75 09:09.813,1451, ,1451, ,0, , , ,0, , , , , , , , , ,1,1,0,0,0,0,0,0,0,0,0,0,2,2,0,0,0,0,0,0,0,0,0,0,0,0,0,0,0,0,0,0,2,0,0,8,0,40.0019,-75.1527, , 
52238,570919,2013066833,6,67,67301,2013,4,2,1530,15,1,1,0,1,1, , ,N,0,0,0,3,0,1,2,2,N,N,40 01:42.745,75 12:19.610,0, ,0, ,0, ,N, ,0, , , , , , , , , ,2,1,0,0,0,0,1,0,0,0,0,1,1,0,0,0,0,0,0,1,0,0,0,0,0,0,0,0,0,0,0,0,0,0,0,4,0,40.0285,-75.2054, , 
52239,570922,2013070084,6,67,67301,2013,6,1,934,9,1,1,0,1,1, , ,N,1,2,0,3,0,0,1,3,N,N,40 04:05.300,75 03:39.909,940, ,935, ,0, ,N, ,3, , , , , , , , , ,3,3,0,0,0,0,0,0,0,0,0,0,0,0,0,0,0,0,0,0,0,0,0,0,0,0,0,0,0,0,0,0,0,0,0,0,0,40.0681,-75.0611, , 
52240,570923,2013070414,6,67,67301,2013,6,2,1005,10,1,8,1,4,1, , ,N,1,2,0,3,0,0,2,2,N, ,40 00:51.570,75 10:41.163,1015, ,1012,1,1,1, , ,3,N, , , , , , , , ,2,1,0,0,0,0,1,0,0,0,0,0,0,0,0,0,0,0,0,0,0,0,0,0,0,0,0,0,0,0,0,0,0,0,0,0,0,40.0143,-75.1781, , 
52241,570924,2013070497,6,67,67301,2013,6,5,1851,18,1,1,0,4,1, , ,N,2,2,0,3,0,1,2,2,N,N,40 05:00.920,75 13:20.330,1859, ,1851, ,0, ,N, ,3, , , , , , , , , ,1,1,0,0,0,0,0,0,1,0,0,1,1,0,0,0,0,0,0,0,0,0,1,0,0,0,0,0,0,0,0,0,0,0,0,4,0,40.0836,-75.2223, , 
52242,570929,2013074692,6,67,67301,2013,6,3,700,7,1,9,8,1,1, , ,N,0,0,0,3,0,1,2,2,N,N,40 00:21.434,75 06:21.430,1320, ,1315, ,0, ,N, ,0, , , , , , , , , ,2,0,1,0,0,0,0,1,0,0,0,1,1,0,0,1,0,0,0,0,0,0,0,0,0,0,0,0,0,0,0,0,0,0,0,4,0,40.006,-75.106, , 
52243,570948,2013093201,6,67,67301,2013,8,6,737,7,1,1,0,7,5, , ,N,0,0,0,3,0,1,1,1,N,N,39 59:07.656,75 14:35.196,743, ,740, ,0, ,N, ,0, , , , , , , , , ,1,1,0,0,0,0,0,0,0,0,0,1,1,0,0,0,0,0,0,0,1,0,0,0,0,0,0,0,0,0,0,0,0,0,0,4,0,39.9855,-75.2431, , 
52244,570954,2013065495,6,67,67301,2013,5,4,1300,13,1,1,0,8,1, , ,N,1,3,0,3,0,1,2,2,N, ,39 56:21.361,75 10:05.476,1255, ,1250, ,0, , , ,3, , , , , , , , , ,1,0,0,0,0,0,0,0,0,0,1,0,1,0,0,0,0,0,0,0,0,0,0,0,0,0,0,0,0,0,0,0,1,0,0,3,0,39.9393,-75.1682, , 
52245,570955,2013065544,6,67,67301,2013,5,1,2110,21,3,1,0,8,1, , ,N,1,2,0,3,0,1,3,2,N,N,39 57:20.998,75 14:09.675,2125, ,2123, ,0, ,N, ,3, , , , , , , , , ,1,1,0,0,0,0,0,0,0,0,0,1,1,0,0,0,0,0,0,0,0,0,0,0,0,0,0,0,0,0,0,0,1,0,0,4,0,39.9558,-75.236, , 
52246,570963,2013080015,6,67,67301,2013,7,3,1405,14,1,1,0,4,1, , ,N,1,3,0,3,0,1,2,2,N,N,39 59:38.349,75 07:48.907,1427, ,1420, ,0, , , ,3, , , , , , , , , ,1,1,0,0,0,0,0,0,1,0,1,0,1,0,0,0,0,0,0,0,0,0,0,0,0,0,0,0,0,0,0,0,0,0,0,3,0,39.994,-75.1303, , 
52247,570971,2013086268,6,67,67301,2013,8,2,1425,14,1,1,0,4,1, , ,N,1,2,0,3,0,1,2,2,N, ,40 02:44.934,74 59:40.960,1433, ,9999,2,1,1, , ,3,N, , , , , , , , ,2,1,0,0,1,0,0,0,0,0,0,0,1,1,0,0,0,0,0,0,1,0,0,2,0,0,0,0,0,0,0,0,0,0,0,8,0,40.0458,-74.9947, , 
52248,570972,2013086861,6,67,67301,2013,7,4,9999,99,1,1,0,5,2, , ,N,5,2,0,3,0,0,1,2,N,N,39 56:32.233,75 11:04.153,1345, ,1336, ,0, ,N, ,3, , , , , , , , , ,2,0,0,0,1,0,1,0,0,0,0,0,0,0,0,0,0,0,0,0,0,0,0,0,0,0,0,0,0,0,0,0,0,0,0,0,0,39.9423,-75.1845, , 
52249,573983,2013103932,6,67,67301,2013,9,4,1645,16,1,1,0,4,1, , ,N,0,0,7,3,0,1,2,2,N,N,40 01:08.865,75 10:26.668,1805, ,1756, ,0, , , ,0, , , , , , , , , ,2,2,0,0,0,0,0,0,0,0,0,1,1,0,0,0,0,0,0,0,0,0,0,0,0,0,0,0,0,0,0,0,0,0,0,4,0,40.0191,-75.1741, , 
52250,573985,2013109455,6,67,67301,2013,10,1,1810,18,1,2,1,7,2, , ,N,0,0,0,3,0,0,2,1,N,N,40 00:59.654,75 12:09.576,1820, ,1811, ,0, ,N, ,0, , , , , , , , , ,1,0,0,0,0,0,1,0,0,0,0,0,0,0,0,0,0,0,0,0,0,1,0,0,0,0,0,0,0,0,0,0,0,0,0,0,0,40.0166,-75.2027, , 
52251,573987,2013111905,6,67,67301,2013,10,2,950,9,1,2,1,5,1, , ,N,0,0,3,3,0,1,5,5,N,N,39 56:25.127,75 11:52.696,1025, ,1005, ,0, ,N, ,0, , , , , , , , , ,5,2,0,0,0,0,3,0,0,0,0,0,1,1,1,0,0,0,0,0,2,1,0,0,0,0,0,0,0,0,0,0,0,0,0,8,0,39.9403,-75.198, , 
52252,573997,2013062472,6,67,67301,2013,6,4,1235,12,1,1,0,4,1, , ,N,0,0,0,3,0,0,6,2,N,N,39 58:54.099,75 09:25.722,1237, ,1235,1,1,5,N, ,0,N, , , , , , , , ,2,2,0,0,0,0,0,0,0,0,0,0,0,0,0,0,0,0,0,0,0,0,0,6,0,0,0,0,0,0,0,0,0,0,0,0,0,39.9817,-75.1571, , 
52253,574001,2013098394,6,67,67301,2013,8,5,1656,16,2,1,0,5,1, , ,N,1,2,0,3,0,1,5,2,N,N,39 54:39.813,75 13:49.242,1713, ,1703, ,0, ,N, ,3, , , , , , , , , ,2,1,0,0,0,0,0,1,0,0,0,0,1,1,0,0,0,0,1,1,0,0,0,0,0,0,0,0,0,0,0,0,0,0,0,8,0,39.9111,-75.2303, , 
52254,574014,2013106695,6,67,67301,2013,9,6,1840,18,1,1,0,4,1, , ,N,1,2,0,3,0,0,2,2,N,N,39 58:02.827,75 13:00.659,1843, ,1843,3,2,6,N, ,3,Y, , , , , , , , ,2,1,0,0,0,0,1,0,0,0,0,0,0,0,0,0,0,0,0,1,0,0,0,0,0,0,0,0,0,0,0,0,0,0,0,0,0,39.9675,-75.2168, , 