objectid_1,objectid,crn,district,county,municipality,crash_year,crash_month,day_of_week,time_of_day,hour_of_day,illumination,weather,road_condition,collision_type,relation_to_road,work_zone_type,work_zone_loc,work_zone_ind,intersect_type,tcd_type,location_type,urban_rural,fatal_count,injury_count,person_count,total_units,sch_bus_ind,sch_zone_ind,latitude,longitude,arrival_tm,cons_zone_spd_lim,dispatch_tm,est_hrs_closed,lane_closed,ln_close_dir,ntfy_hiwy_maint,spec_juris_cd,tcd_func_cd,tfc_detour_ind,workers_pres,wz_close_detour,wz_flagger,wz_law_offcr_ind,wz_ln_closure,wz_moving,wz_other,wz_shlder_mdn,vehicle_count,automobile_count,motorcycle_count,bus_count,small_truck_count,heavy_truck_count,suv_count,van_count,bicycle_count,maj_inj_count,mod_inj_count,min_inj_count,tot_inj_count,unk_inj_deg_count,unk_inj_per_count,driver_count_16yr,driver_count_17yr,driver_count_18yr,driver_count_19yr,driver_count_20yr,driver_count_50_64yr,driver_count_65_74yr,driver_count_75plus,unbelted_occ_count,unb_death_count,unb_maj_inj_count,belted_death_count,belted_maj_inj_count,mcycle_death_count,mcycle_maj_inj_count,bicycle_death_count,bicycle_maj_inj_count,ped_count,ped_death_count,ped_maj_inj_count,max_severity_level,comm_veh_count,dec_lat,dec_long,rdwy_surf_type_cd,county_name
52323,574152,2013084146,6,67,67301,2013,8,5,1835,18,1,1,0,1,1, , ,N,0,0,0,3,0,4,4,2,N,N,39 52:38.426,75 15:13.043,1844, ,1838,3,2,2,N, ,0,N, , , , , , , , ,2,0,0,0,0,0,2,0,0,0,0,4,4,0,0,0,0,0,0,0,0,0,0,3,0,0,0,0,0,0,0,0,0,0,0,4,0,39.8773,-75.2536, , 
52324,574157,2013086881,6,67,67301,2013,8,5,1505,15,1,1,0,4,1, , ,N,2,3,0,3,0,5,5,2,N,N,40 01:31.742,75 04:42.725,1630, ,1629, ,0, ,N, ,3, , , , , , , , , ,2,1,0,0,0,0,1,0,0,0,0,5,5,0,0,0,0,0,0,0,0,0,0,0,0,0,0,0,0,0,0,0,0,0,0,4,0,40.0255,-75.0785, , 
52325,574170,2013100145,6,67,67301,2013,9,4,1730,17,1,1,0,4,1, , ,N,1,2,0,3,0,2,3,2,N, ,40 00:31.034,75 04:07.810,1842, ,1838, ,0, , , ,3, , , , , , , , , ,2,1,0,0,0,0,0,1,0,0,0,2,2,0,0,0,0,0,0,0,0,0,0,0,0,0,0,0,0,0,0,0,0,0,0,4,0,40.0086,-75.0688, , 
52326,574172,2013103927,6,67,67301,2013,9,1,4,0,3,2,1,4,1, , ,N,2,0,0,3,0,0,3,2,N,N,39 57:52.225,75 12:16.248,18, ,16,1,1,3,N, ,0,N, , , , , , , , ,2,2,0,0,0,0,0,0,0,0,0,0,0,0,0,0,0,0,0,0,0,0,0,0,0,0,0,0,0,0,0,0,0,0,0,0,0,39.9645,-75.2045, , 
52327,574189,2013093032,6,67,67301,2013,8,4,1945,19,3,1,0,4,1, , ,N,1,2,0,3,0,4,5,2,N,N,39 57:37.020,75 13:36.682,1955, ,1945,3,1,6, , ,3,N, , , , , , , , ,2,1,0,0,1,0,0,0,0,0,1,3,4,0,0,0,0,0,0,0,0,0,0,2,0,0,0,0,0,0,0,0,0,0,0,3,0,39.9602,-75.2269, , 
52328,574190,2013093153,6,67,67301,2013,8,3,1900,19,1,1,0,4,1, , ,N,1,2,0,3,0,0,2,2,N,N,40 01:48.341,75 05:17.340,1906, ,1901,2,1,2,N, ,3,N, , , , , , , , ,2,0,0,0,2,0,0,0,0,0,0,0,0,0,0,0,0,0,0,0,0,0,0,0,0,0,0,0,0,0,0,0,0,0,0,0,0,40.0301,-75.0882, , 
52329,574197,2013079966,6,67,67301,2013,7,4,1900,19,1,1,0,4,1, , ,N,1,2,0,3,0,2,4,2,N,N,39 54:19.501,75 10:24.816,1900, ,1900, ,0, ,N, ,3, , , , , , , , , ,2,0,0,0,2,0,0,0,0,0,0,0,2,2,0,0,0,0,0,0,0,0,0,0,0,0,0,0,0,0,0,0,0,0,0,8,0,39.9054,-75.1736, , 
52330,574215,2013101779,6,67,67301,2013,8,4,1825,18,1,2,1,5,1, , ,N,0,0,0,3,0,0,1,3,N,N,40 04:04.426,75 10:31.645,1849, ,1847, ,0, ,N, ,0, , , , , , , , , ,3,0,0,0,3,0,0,0,0,0,0,0,0,0,0,0,0,0,0,0,1,0,0,0,0,0,0,0,0,0,0,0,0,0,0,0,0,40.0679,-75.1755, , 
52331,574230,2013065470,6,67,67301,2013,6,1,2350,23,3,1,1,7,3, , ,N,0,0,0,3,0,0,1,1,N,N,40 01:45.427,75 11:22.492,2355, ,2351, ,0, ,N, ,0, , , , , , , , , ,1,1,0,0,0,0,0,0,0,0,0,0,0,0,0,0,0,0,0,0,0,0,0,0,0,0,0,0,0,0,0,0,0,0,0,0,0,40.0293,-75.1896, , 
52332,574239,2013070477,6,67,67301,2013,6,6,2230,22,3,1,0,4,1, , ,N,2,0,2,3,0,4,5,2,N,N,39 52:54.036,75 15:12.278,5, ,0, ,0, ,N, ,0, , , , , , , , , ,2,2,0,0,0,0,0,0,0,0,2,0,4,2,0,0,0,0,1,0,0,0,0,0,0,0,0,0,0,0,0,0,0,0,0,3,0,39.8814,-75.2535, , 
52333,574244,2013076379,6,67,67301,2013,7,5,1528,15,1,1,2,1,1, , ,N,0,0,2,3,0,5,6,2,N,N,39 57:41.779,75 10:54.743,1539, ,1528,2,2,3,Y, ,0,Y, , , , , , , , ,2,1,0,0,0,0,1,0,0,0,0,0,5,5,0,0,0,0,0,0,0,0,0,0,0,0,0,0,0,0,0,0,0,0,0,8,0,39.9616,-75.1819, , 
52334,574245,2013077543,6,67,67301,2013,7,5,1026,10,1,1,0,1,1, , ,N,1,2,0,3,0,2,5,2,N,N,40 06:43.694,74 59:26.387,1034, ,1026,1,1,1,N, ,3,N, , , , , , , , ,2,2,0,0,0,0,0,0,0,0,0,0,2,2,1,0,0,0,0,0,1,0,0,0,0,0,0,0,0,0,0,0,0,0,0,8,0,40.1121,-74.9907, , 
52335,574267,2013096229,6,67,67301,2013,9,7,2147,21,3,1,1,7,3, , ,N,0,0,0,3,0,0,1,1,N,N,39 56:40.375,75 11:29.662,2158, ,2148, ,0, ,N, ,0, , , , , , , , , ,1,1,0,0,0,0,0,0,0,0,0,0,0,0,0,0,0,0,0,0,0,0,0,0,0,0,0,0,0,0,0,0,0,0,0,0,0,39.9445,-75.1916, , 
52336,574282,2013062526,6,67,67301,2013,5,4,1514,15,1,1,0,8,1, , ,N,1,2,0,3,0,1,2,2,Y,Y,39 55:19.114,75 09:03.895,1519, ,1515,2,1,3,N, ,3,N, , , , , , , , ,1,0,0,1,0,0,0,0,0,0,0,0,1,1,0,0,0,0,0,0,0,0,0,0,0,0,0,0,0,0,0,0,1,0,0,8,1,39.922,-75.151, , 
52337,574288,2013065461,6,67,67301,2013,5,6,525,5,5,1,0,5,1, , ,N,0,0,0,3,0,0,3,3,N,N,40 03:02.973,75 09:19.472,540, ,532, ,0, ,N, ,0, , , , , , , , , ,3,2,0,0,0,0,1,0,0,0,0,0,0,0,3,0,0,0,0,0,0,0,0,0,0,0,0,0,0,0,0,0,0,0,0,9,0,40.0508,-75.1554, , 
52338,574292,2013067170,6,67,67301,2013,5,4,1545,15,1,1,0,1,1, , ,N,0,2,0,3,0,1,2,2,N,N,39 54:09.989,75 13:29.355,0, ,0, ,0, ,N, ,3, , , , , , , , , ,2,2,0,0,0,0,0,0,0,0,1,0,1,0,1,0,0,0,0,0,0,0,0,0,0,0,0,0,0,0,0,0,0,0,0,3,0,39.9028,-75.2248, , 
52339,574304,2013079492,6,67,67301,2013,7,6,445,4,3,1,0,7,3, , ,N,0,0,0,3,0,0,1,1,N, ,40 02:09.912,75 03:55.036,505, ,452,1,1,1, , ,0,N, , , , , , , , ,1,1,0,0,0,0,0,0,0,0,0,0,0,0,1,0,0,0,0,0,0,0,0,0,0,0,0,0,0,0,0,0,0,0,0,9,0,40.0361,-75.0653, , 
52340,577302,2013110288,6,67,67301,2013,11,2,809,8,1,1,0,4,1, , ,N,1,2,0,3,0,13,16,2,Y,N,40 03:29.309,75 10:27.487,905, ,820,4,2,7,N, ,3,Y, , , , , , , , ,2,0,0,1,0,1,0,0,0,0,0,1,13,12,0,0,0,0,0,0,2,0,0,2,0,0,0,0,0,0,0,0,0,0,0,4,2,40.0581,-75.1743, , 
52341,577325,2013070471,6,67,67301,2013,6,2,810,8,1,2,1,7,5, , ,N,0,0,0,3,0,1,1,1,N, ,40 00:25.449,75 08:12.929,825, ,815, ,0, , , ,0, , , , , , , , , ,1,1,0,0,0,0,0,0,0,0,0,1,1,0,0,0,0,0,0,0,0,0,0,0,0,0,0,0,0,0,0,0,0,0,0,4,0,40.0071,-75.1369, , 
52342,577329,2013074503,6,67,67301,2013,7,1,1139,11,1,1,0,1,1, , ,N,0,0,0,3,0,1,5,3,N,N,39 57:36.781,75 10:50.191,1145, ,1140, ,0, ,N, ,0, , , , , , , , , ,3,3,0,0,0,0,0,0,0,0,0,1,1,0,0,0,0,0,0,0,1,1,0,0,0,0,0,0,0,0,0,0,0,0,0,4,0,39.9602,-75.1806, , 
52343,577350,2013111826,6,67,67301,2013,10,4,1939,19,3,1,0,4,1, , ,N,1,2,0,3,0,5,6,3,N,N,40 02:25.164,75 03:30.735,1945, ,1939,2,1,1, , ,3,Y, , , , , , , , ,3,2,0,0,1,0,0,0,0,0,0,5,5,0,0,0,0,0,0,0,0,0,0,4,0,0,0,0,0,0,0,0,0,0,0,4,0,40.0403,-75.0585, , 
52344,577369,2013070984,6,67,67301,2013,6,5,9999,99,1,2,1,8,1, , ,N,2,2,0,3,0,1,2,2,N,N,40 02:28.039,75 07:03.651,1748, ,1748, ,0, ,N, ,3, , , , , , , , , ,1,0,0,0,0,0,0,0,0,0,0,1,1,0,0,0,0,0,0,0,0,0,0,0,0,0,0,0,0,0,0,0,1,0,0,4,0,40.0411,-75.1177, , 
52345,577377,2013070949,6,67,67301,2013,6,4,2152,21,3,1,0,4,1, , ,N,1,2,0,3,0,1,2,2,N,N,40 02:24.861,75 03:30.268,2158, ,2152, ,0, ,N, ,3, , , , , , , , , ,1,0,0,0,0,0,1,0,1,0,0,0,1,1,0,0,0,0,0,0,1,0,0,0,0,0,0,0,0,0,0,0,0,0,0,8,0,40.0402,-75.0584, , 
52346,577383,2013080037,6,67,67301,2013,7,2,1945,19,1,1,0,8,1, , ,N,0,0,0,3,0,1,2,2,N,N,39 59:05.864,75 06:39.876,9999, ,9999, ,0, ,N, ,0, , , , , , , , , ,1,1,0,0,0,0,0,0,0,0,0,1,1,0,0,0,0,0,0,0,1,0,0,0,0,0,0,0,0,0,0,0,1,0,0,4,0,39.985,-75.1111, , 
52347,577404,2013098423,6,67,67301,2013,8,7,2020,20,3,1,0,1,1, , ,N,1,2,0,3,0,2,4,2,N,N,39 59:19.087,75 11:13.430,2025, ,2025, ,0, ,N, ,3, , , , , , , , , ,2,1,0,0,0,0,1,0,0,0,0,2,2,0,1,0,0,0,0,0,0,0,0,0,0,0,0,0,0,0,0,0,0,0,0,4,0,39.9886,-75.1871, , 
52348,577406,2013101176,6,67,67301,2013,9,4,1654,16,1,1,0,4,1, , ,N,2,0,0,3,0,2,2,2,N, ,40 03:23.650,75 01:32.886,1657, ,1655, ,0, , , ,0, , , , , , , , , ,2,2,0,0,0,0,0,0,0,0,0,0,2,2,0,0,0,0,0,0,0,0,1,0,0,0,0,0,0,0,0,0,0,0,0,8,0,40.0564,-75.0258, , 
52349,577407,2013101205,6,67,67301,2013,9,7,1305,13,1,1,0,4,1, , ,N,0,0,7,3,0,3,3,2,N,N,40 02:48.535,75 08:15.525,1325, ,1320, ,0, ,N, ,0, , , , , , , , , ,2,2,0,0,0,0,0,0,0,0,0,3,3,0,0,0,0,0,0,0,0,1,0,0,0,0,0,0,0,0,0,0,0,0,0,4,0,40.0468,-75.1376, , 
52350,577424,2013068511,6,46,46102,2013,7,7,2327,23,3,1,0,4,1, , ,N,5,2,0,3,0,1,3,2,N,N,40 04:27.217,75 09:30.365,2332, ,2328,2,1,4,N, ,3,N, , , , , , , , ,2,1,0,0,0,0,1,0,0,0,0,0,1,1,0,0,0,1,0,0,1,0,0,0,0,0,0,0,0,0,0,0,0,0,0,8,0,40.0741,-75.1584, , 
52351,577425,2013068751,6,67,67301,2013,7,1,1742,17,1,1,0,7,5, , ,N,0,0,0,3,0,0,1,1,N, ,39 58:36.537,75 06:47.402,1835, ,1815, ,0, , , ,0, , , , , , , , , ,1,0,0,0,0,1,0,0,0,0,0,0,0,0,0,0,0,0,0,0,0,0,0,0,0,0,0,0,0,0,0,0,0,0,0,0,1,39.9768,-75.1132, , 
52352,577436,2013084494,6,67,67301,2013,8,4,1600,16,1,1,0,1,1,1,4,Y,0,0,0,3,0,0,4,2,N,N,40 01:17.493,75 02:25.990,1600,50,1600,2,1,2,N, ,0,N,Y,N,N,N,N,N,N,Y,2,1,0,0,0,0,1,0,0,0,0,0,0,0,0,0,0,0,0,0,0,0,0,0,0,0,0,0,0,0,0,0,0,0,0,0,0,40.0215,-75.0406, , 
52353,577475,2013079944,6,67,67301,2013,7,7,108,1,3,1,0,8,1, , ,N,1,2,0,3,0,1,2,2,N, ,39 57:30.554,75 13:30.649,112, ,112, ,0, , , ,3, , , , , , , , , ,1,1,0,0,0,0,0,0,0,0,0,1,1,0,1,0,0,0,0,0,0,0,0,0,0,0,0,0,0,0,0,0,1,0,0,4,0,39.9585,-75.2252, , 
52354,577483,2013086533,6,67,67301,2013,7,3,324,3,3,2,7,1,1, , ,N,0,0,0,3,0,1,3,2,N,N,39 59:50.665,75 11:46.915,331, ,327, ,0, ,N, ,0, , , , , , , , , ,2,2,0,0,0,0,0,0,0,0,0,1,1,0,0,0,0,0,0,0,0,0,0,0,0,0,0,0,0,0,0,0,0,0,0,4,0,39.9974,-75.1964, , 
52355,577495,2013101226,6,67,67301,2013,9,6,1736,17,1,1,0,8,1, , ,N,1,2,0,3,0,1,2,2,N,N,39 55:26.156,75 13:19.597,1748, ,1744,1,1,4,N, ,3,Y, , , , , , , , ,1,1,0,0,0,0,0,0,0,0,0,0,1,1,0,0,0,0,0,0,1,0,0,0,0,0,0,0,0,0,0,0,1,0,0,8,0,39.9239,-75.2221, , 
52356,577520,2013070270,6,67,67301,2013,6,7,2203,22,3,1,0,4,1, , ,N,1,2,0,3,0,2,5,2,N, ,40 01:21.712,75 08:00.711,2319, ,2319,3,1,3, , ,3,N, , , , , , , , ,2,1,0,0,0,0,1,0,0,0,2,0,2,0,0,0,0,0,0,0,0,0,0,2,0,0,0,0,0,0,0,0,0,0,0,3,0,40.0227,-75.1335, , 
52357,577531,2013084031,6,67,67301,2013,7,1,42,0,3,1,0,4,1, , ,N,2,2,7,3,0,1,3,2,N,N,39 56:42.550,75 08:30.536,46, ,43,9,1,1, , ,3,N, , , , , , , , ,1,1,0,0,0,0,0,0,1,0,1,0,1,0,0,0,0,0,0,0,0,0,0,0,0,0,0,0,0,0,0,0,0,0,0,3,0,39.9452,-75.1418, , 
52358,580465,2013079531,6,67,67301,2013,7,3,1717,17,1,1,0,4,1, , ,N,0,0,7,3,0,0,3,2,N,N,40 04:52.425,74 58:35.412,1720, ,1717, ,0, ,N, ,0, , , , , , , , , ,2,2,0,0,0,0,0,0,0,0,0,0,0,0,0,0,0,0,0,0,0,0,1,0,0,0,0,0,0,0,0,0,0,0,0,0,0,40.0812,-74.9765, , 
52359,580476,2013093103,6,67,67301,2013,8,6,1735,17,1,1,0,8,2, , ,N,0,0,0,3,0,1,2,2,N,N,40 01:45.796,75 02:11.696,1745, ,1742, ,0, ,N, ,0, , , , , , , , , ,1,0,0,1,0,0,0,0,0,0,0,1,1,0,0,0,0,0,0,0,0,0,0,0,0,0,0,0,0,0,0,0,1,0,0,4,1,40.0294,-75.0366, , 
52360,580482,2013101262,6,67,67301,2013,8,6,1845,18,1,1,0,5,1, , ,N,3,2,0,3,0,1,6,2,N,N,40 00:54.937,75 12:28.613,1852, ,1847,1,1,7, , ,3,N, , , , , , , , ,1,0,0,0,0,0,1,0,1,1,0,0,1,0,0,0,0,0,0,0,0,0,0,0,0,0,0,0,0,0,0,1,0,0,0,2,0,40.0153,-75.2081, , 
52361,580492,2013110724,6,67,67301,2013,10,7,700,7,1,1,0,4,1, , ,N,0,0,0,3,0,1,3,2,N,N,39 54:10.324,75 11:36.837,728, ,720, ,0, ,N, ,0, , , , , , , , , ,2,1,0,0,0,1,0,0,0,0,0,1,1,0,0,0,0,0,0,0,1,0,0,0,0,0,0,0,0,0,0,0,0,0,0,4,1,39.9029,-75.1936, , 
52362,580510,2013084004,6,67,67301,2013,7,2,1623,16,8,9,8,1,1, , ,N,5,2,0,3,0,1,2,2,N, ,40 03:59.990,75 05:02.248,2220, ,2220, ,0, , , ,9, , , , , , , , , ,2,1,1,0,0,0,0,0,0,0,0,1,1,0,1,0,0,0,0,0,0,0,0,0,0,0,0,0,0,0,0,0,0,0,0,4,0,40.0667,-75.084, , 
52363,580517,2013096059,6,67,67301,2013,8,5,1320,13,1,1,0,4,1, , ,N,1,3,0,3,0,1,2,2,N,N,39 59:35.898,75 08:13.189,1330, ,1320, ,0, ,N, ,3, , , , , , , , , ,1,1,0,0,0,0,0,0,1,0,0,0,1,1,0,0,0,0,0,0,0,0,0,0,0,0,0,0,0,0,0,0,0,0,0,8,0,39.9933,-75.137, , 
52364,580518,2013096134,6,67,67301,2013,8,2,937,9,1,1,0,4,1, , ,N,1,2,0,3,0,1,2,2,N, ,40 00:54.748,75 08:49.919,942, ,940, ,0, , , ,3, , , , , , , , , ,2,2,0,0,0,0,0,0,0,0,0,1,1,0,0,0,0,0,0,0,0,0,0,0,0,0,0,0,0,0,0,0,0,0,0,4,0,40.0152,-75.1472, , 
52365,580530,2013106738,6,67,67301,2013,9,2,916,9,1,1,0,7,2, , ,N,1,0,0,3,0,1,1,1,N,N,39 58:12.478,75 07:49.489,923, ,920, ,0, ,N, ,0, , , , , , , , , ,1,1,0,0,0,0,0,0,0,0,0,1,1,0,0,0,0,0,0,0,0,0,0,0,0,0,0,0,0,0,0,0,0,0,0,4,0,39.9701,-75.1304, , 
52366,580534,2013109456,6,67,67301,2013,9,7,1522,15,1,1,0,8,1, , ,N,1,2,0,3,0,1,2,2,N,N,39 59:46.100,75 08:49.451,1604, ,1556, ,0, ,N, ,3, , , , , , , , , ,1,0,0,0,0,0,0,0,0,0,0,1,1,0,1,0,0,0,0,0,0,0,0,0,0,0,0,0,0,0,0,0,1,0,0,4,0,39.9961,-75.1471, , 
52367,580540,2013111910,6,67,67301,2013,10,2,9999,99,1,2,1,6,1, , ,N,0,0,0,3,0,3,4,4,N,N,39 58:50.384,75 11:53.522,9999, ,907, ,0, ,N, ,0, , , , , , , , , ,4,2,0,0,0,0,2,0,0,0,0,0,3,3,0,0,0,0,0,0,2,0,0,0,0,0,0,0,0,0,0,0,0,0,0,8,0,39.9807,-75.1982, , 
52368,580567,2013101069,6,67,67301,2013,9,3,910,9,1,1,0,4,1, , ,N,1,2,0,3,0,1,3,2,N, ,39 57:12.030,75 11:01.741,916, ,911, ,0, , , ,3, , , , , , , , , ,2,1,0,0,0,0,1,0,0,0,1,0,1,0,0,0,0,0,0,0,0,0,0,0,0,0,0,0,0,0,0,0,0,0,0,3,0,39.9533,-75.1838, , 
52369,580586,2013130032,6,67,67301,2013,11,7,343,3,3,1,0,6,1, , ,N,0,0,0,3,0,1,4,3,N, ,40 01:42.200,75 13:14.584,346, ,343,9,1,6,N, ,0,Y, , , , , , , , ,3,3,0,0,0,0,0,0,0,0,0,1,1,0,0,0,0,0,0,0,0,0,0,0,0,0,0,0,0,0,0,0,0,0,0,4,0,40.0284,-75.2207, , 
52370,580605,2013074502,6,67,67301,2013,4,3,129,1,3,2,1,7,2, , ,N,7,0,2,3,0,1,1,1,N,N,39 57:41.763,75 10:57.486,138, ,131, ,0, ,N, ,0, , , , , , , , , ,1,1,0,0,0,0,0,0,0,0,0,1,1,0,0,0,0,0,0,0,0,0,0,0,0,0,0,0,0,0,0,0,0,0,0,4,0,39.9614,-75.1825, , 
52371,580616,2013091200,6,67,67301,2013,9,7,1602,16,1,1,0,1,1,1,4,Y,0,0,0,3,0,5,8,4,N,N,40 01:18.428,75 02:20.975,1633,45,1603,1,1,1,N, ,0,Y,U,N,N,N,Y,N,N,Y,4,4,0,0,0,0,0,0,0,0,0,0,5,5,0,0,0,0,0,0,1,0,0,0,0,0,0,0,0,0,0,0,0,0,0,8,0,40.0217,-75.0393, , 
52372,580622,2013098398,6,67,67301,2013,9,4,1509,15,1,1,0,1,1, , ,N,0,2,0,3,0,1,3,3,N, ,40 07:23.956,75 00:53.631,1551, ,1545, ,0, , , ,3, , , , , , , , , ,3,2,0,0,0,0,1,0,0,0,0,1,1,0,0,0,0,0,0,0,0,1,0,0,0,0,0,0,0,0,0,0,0,0,0,4,0,40.1233,-75.0149, , 
52373,580626,2013101264,6,67,67301,2013,8,7,405,4,3,1,0,4,1, , ,N,1,2,0,3,0,0,2,2,N,N,40 03:08.339,75 00:28.750,413, ,409, ,0, ,N, ,3, , , , , , , , , ,2,1,0,0,0,0,1,0,0,0,0,0,0,0,0,0,0,0,0,0,1,0,0,0,0,0,0,0,0,0,0,0,0,0,0,0,0,40.0523,-75.008, , 
52374,580641,2013055367,6,67,67301,2013,5,3,723,7,1,1,0,4,1, , ,N,1,2,0,3,0,0,2,2,N,N,40 05:33.242,75 03:57.768,803, ,752,1,1,2,N, ,3,N, , , , , , , , ,2,2,0,0,0,0,0,0,0,0,0,0,0,0,2,0,0,0,0,0,0,0,0,0,0,0,0,0,0,0,0,0,0,0,0,9,0,40.0926,-75.066, , 
52375,580659,2013096114,6,67,67301,2013,8,5,100,1,3,1,0,4,1, , ,N,1,2,0,3,0,1,5,2,N,N,40 01:53.211,75 05:04.703,103, ,102,9,1,1,N, ,3,N, , , , , , , , ,2,2,0,0,0,0,0,0,0,0,0,1,1,0,0,0,0,0,0,0,1,0,0,5,0,0,0,0,0,0,0,0,0,0,0,4,0,40.0314,-75.0846, , 
52376,571223,2013100986,6,67,67301,2013,9,6,1930,19,1,1,0,6,1, , ,N,1,0,0,3,0,1,2,2,N,N,39 59:55.413,75 07:05.411,1935, ,1930, ,0, ,N, ,0, , , , , , , , , ,1,1,0,0,0,0,0,0,1,0,0,1,1,0,0,0,0,0,0,0,0,0,0,0,0,0,0,0,0,0,0,0,0,0,0,4,0,39.9987,-75.1182, , 
52377,571224,2013101021,6,67,67301,2013,9,2,1155,11,1,2,1,1,1, , ,N,2,2,0,3,0,1,2,2,N, ,40 06:17.915,75 00:06.176,1200, ,1155,1,1,2, , ,3,N, , , , , , , , ,2,1,0,0,0,1,0,0,0,0,0,0,1,1,0,0,0,0,0,0,1,0,0,1,0,0,0,0,0,0,0,0,0,0,0,8,1,40.105,-75.0017, , 
52378,571245,2013065354,6,67,67301,2013,6,7,550,5,1,1,0,1,1, , ,N,1,2,0,3,0,1,2,2,N, ,39 57:26.357,75 08:38.887,558, ,556, ,0, , , ,3, , , , , , , , , ,2,0,0,0,0,0,1,1,0,0,0,1,1,0,0,0,0,0,0,0,0,0,0,0,0,0,0,0,0,0,0,0,0,0,0,4,0,39.9573,-75.1441, , 
52379,571246,2013065450,6,67,67301,2013,4,6,1814,18,1,1,0,4,1, , ,N,1,3,0,3,0,2,2,5,N, ,40 02:14.784,75 07:56.283,1818, ,1817,3,2,1, , ,3,Y, , , , , , , , ,5,5,0,0,0,0,0,0,0,0,0,2,2,0,0,0,0,0,0,0,1,0,0,1,0,0,0,0,0,0,0,0,0,0,0,4,0,40.0374,-75.1323, , 
52380,571250,2013074725,6,67,67301,2013,6,6,1600,16,1,1,0,8,1, , ,N,1,3,0,3,0,1,2,2,N,N,39 56:17.646,75 08:59.701,1610, ,1605, ,0, , , ,3, , , , , , , , , ,1,1,0,0,0,0,0,0,0,0,0,1,1,0,0,0,0,0,0,0,1,0,0,0,0,0,0,0,0,0,0,0,1,0,0,4,0,39.9382,-75.1499, , 
52381,571257,2013083998,6,67,67301,2013,7,2,1806,18,1,1,0,4,1, , ,N,2,2,0,3,0,1,2,2,N, ,40 02:56.557,75 05:40.778,1825, ,1816, ,0, , , ,3, , , , , , , , , ,2,2,0,0,0,0,0,0,0,0,0,0,1,1,0,0,0,0,0,0,0,0,0,0,0,0,0,0,0,0,0,0,0,0,0,8,0,40.049,-75.0947, , 
52382,571269,2013100643,6,67,67301,2013,10,2,1709,17,1,2,2,7,3, , ,N,0,0,0,3,0,3,5,5,N,N,39 57:35.951,75 10:46.737,1725, ,1709, ,0, ,Y, ,0, , , , , , , , , ,5,4,0,0,0,0,1,0,0,0,0,3,3,0,0,0,0,0,0,0,1,0,0,0,0,0,0,0,0,0,0,0,0,0,0,4,0,39.96,-75.1796, , 
52383,571309,2013081313,6,67,67301,2013,8,7,1338,13,1,1,0,1,1, , ,N,0,0,0,3,0,4,8,3,N,N,39 58:58.308,75 05:57.821,1346, ,1339,2,1,2,N, ,0,N, , , , , , , , ,3,1,0,0,1,0,1,0,0,0,0,0,4,4,0,0,0,0,1,0,2,0,0,0,0,0,0,0,0,0,0,0,0,0,0,8,0,39.9829,-75.0994, , 
52384,571316,2013086681,6,67,67301,2013,8,7,2200,22,3,1,0,8,1, , ,N,1,0,0,3,0,1,2,2,N, ,39 57:14.904,75 11:47.788,2202, ,2201, ,0, , , ,0, , , , , , , , , ,1,0,0,0,0,0,0,1,0,0,0,1,1,0,0,0,0,0,0,0,0,0,0,0,0,0,0,0,0,0,0,0,1,0,0,4,0,39.9541,-75.1966, , 
52385,571317,2013086691,6,67,67301,2013,8,7,47,0,3,1,0,6,1, , ,N,0,0,0,3,0,1,3,2,N,N,40 00:32.791,75 11:48.189,58, ,54, ,0, ,N, ,0, , , , , , , , , ,2,1,0,0,0,0,0,0,0,0,0,1,1,0,0,0,0,0,0,0,0,0,0,0,0,0,0,0,0,0,0,0,0,0,0,4,0,40.0091,-75.1967, , 
52386,571325,2013093033,6,67,67301,2013,8,2,821,8,1,1,0,4,1, , ,N,1,2,0,3,0,1,2,2,N, ,39 59:29.569,75 13:35.687,855, ,850, ,0, , , ,3, , , , , , , , , ,1,0,0,0,0,0,1,0,1,0,1,0,1,0,0,0,0,0,0,0,0,0,0,0,0,0,0,0,0,0,0,0,0,0,0,3,0,39.9915,-75.2266, , 
52387,571334,2013101038,6,67,67301,2013,7,3,634,6,1,1,0,4,1, , ,N,5,2,0,3,0,2,2,2,N, ,39 57:11.151,75 10:54.540,639, ,634, ,0, , , ,3, , , , , , , , , ,2,1,0,0,0,0,1,0,0,0,1,1,2,0,0,0,0,0,0,0,0,0,0,0,0,0,0,0,0,0,0,0,0,0,0,3,0,39.9531,-75.1819, , 
52388,571343,2013063309,6,67,67301,2013,5,3,915,9,1,2,1,1,1, , ,N,0,0,0,3,0,0,3,3,N,N,40 01:40.594,75 01:25.703,939, ,915, ,0, ,N, ,0, , , , , , , , , ,3,2,0,0,0,0,0,0,0,0,0,0,0,0,1,0,0,0,0,0,0,1,0,0,0,0,0,0,0,0,0,0,0,0,0,9,0,40.0278,-75.024, , 
52389,571344,2013065520,6,67,67301,2013,5,5,1240,12,1,1,0,4,1, , ,N,1,3,0,3,0,0,3,2,N, ,40 01:48.784,75 10:13.040,1250, ,1245, ,0, , , ,3, , , , , , , , , ,2,1,0,0,0,0,0,1,0,0,0,0,0,0,0,0,0,0,0,0,1,0,0,0,0,0,0,0,0,0,0,0,0,0,0,0,0,40.0302,-75.1703, , 