objectid_1,objectid,crn,district,county,municipality,crash_year,crash_month,day_of_week,time_of_day,hour_of_day,illumination,weather,road_condition,collision_type,relation_to_road,work_zone_type,work_zone_loc,work_zone_ind,intersect_type,tcd_type,location_type,urban_rural,fatal_count,injury_count,person_count,total_units,sch_bus_ind,sch_zone_ind,latitude,longitude,arrival_tm,cons_zone_spd_lim,dispatch_tm,est_hrs_closed,lane_closed,ln_close_dir,ntfy_hiwy_maint,spec_juris_cd,tcd_func_cd,tfc_detour_ind,workers_pres,wz_close_detour,wz_flagger,wz_law_offcr_ind,wz_ln_closure,wz_moving,wz_other,wz_shlder_mdn,vehicle_count,automobile_count,motorcycle_count,bus_count,small_truck_count,heavy_truck_count,suv_count,van_count,bicycle_count,maj_inj_count,mod_inj_count,min_inj_count,tot_inj_count,unk_inj_deg_count,unk_inj_per_count,driver_count_16yr,driver_count_17yr,driver_count_18yr,driver_count_19yr,driver_count_20yr,driver_count_50_64yr,driver_count_65_74yr,driver_count_75plus,unbelted_occ_count,unb_death_count,unb_maj_inj_count,belted_death_count,belted_maj_inj_count,mcycle_death_count,mcycle_maj_inj_count,bicycle_death_count,bicycle_maj_inj_count,ped_count,ped_death_count,ped_maj_inj_count,max_severity_level,comm_veh_count,dec_lat,dec_long,rdwy_surf_type_cd,county_name
52593,610572,2014006788,6,67,67301,2013,12,5,1034,10,1,1,0,4,1, , ,N,1,2,0,3,0,1,2,2,N,N,40 04:50.820,75 01:42.117,1040, ,1034,1,1,1,N, ,3,N, , , , , , , , ,2,1,0,0,0,1,0,0,0,0,0,1,1,0,0,0,0,0,0,0,0,0,0,0,0,0,0,0,0,0,0,0,0,0,0,4,1,40.0808,-75.0284, , 
52594,610579,2013130235,6,67,67301,2013,11,4,1211,12,1,2,1,1,1, , ,N,0,0,0,3,0,0,6,2,N,N,39 58:22.167,75 07:16.226,1220, ,1216,1,2,1,N, ,0,N, , , , , , , , ,2,1,0,0,0,0,1,0,0,0,0,0,0,0,0,0,0,0,0,0,0,0,0,0,0,0,0,0,0,0,0,0,0,0,0,0,0,39.9728,-75.1213, , 
52595,604908,2014009704,6,67,67301,2013,12,5,1050,10,1,8,1,5,1, , ,N,0,0,0,3,0,1,2,2,N,Y,40 01:59.841,75 02:16.058,1241, ,1229, ,0, ,N, ,0, , , , , , , , , ,2,0,0,0,0,0,2,0,0,0,0,0,1,1,1,0,0,0,0,0,0,0,0,0,0,0,0,0,0,0,0,0,0,0,0,8,0,40.0333,-75.0378, , 
52596,604918,2014006859,6,67,67301,2013,12,1,2025,20,3,1,0,1,1, , ,N,0,0,0,3,0,3,4,2,N,N,40 01:20.752,75 09:42.637,2028, ,2028,1,1,4, , ,0,Y, , , , , , , , ,2,2,0,0,0,0,0,0,0,0,0,3,3,0,0,0,0,0,0,0,0,0,0,1,0,0,0,0,0,0,0,0,0,0,0,4,0,40.0224,-75.1618, , 
52597,604924,2013101211,6,67,67301,2013,9,6,1622,16,1,1,0,8,1, , ,N,0,0,0,3,0,1,2,2,N,N,39 57:42.133,75 09:25.269,1624, ,1622,1,1,3,N, ,0,N, , , , , , , , ,1,0,0,0,0,0,1,0,0,0,0,1,1,0,0,0,0,0,0,0,0,0,0,0,0,0,0,0,0,0,0,0,1,0,0,4,0,39.9617,-75.157, , 
52598,604944,2013126005,6,67,67301,2013,10,2,422,4,3,1,0,7,3, , ,N,0,0,0,3,0,2,2,1,N,N,40 01:54.909,75 05:01.321,429, ,425,1,1,1,Y, ,0,Y, , , , , , , , ,1,1,0,0,0,0,0,0,0,1,0,0,2,1,0,0,0,0,1,0,0,0,0,0,0,0,0,0,0,0,0,0,0,0,0,2,0,40.0319,-75.0837, , 
52599,604949,2013129419,6,67,67301,2013,11,5,1650,16,3,1,0,1,1, , ,N,0,0,0,3,0,1,2,2,N,N,39 55:24.806,75 14:41.669,1659, ,1655, ,0, ,N, ,0, , , , , , , , , ,2,2,0,0,0,0,0,0,0,0,0,1,1,0,0,0,0,0,0,0,1,0,0,0,0,0,0,0,0,0,0,0,0,0,0,4,0,39.9236,-75.2449, , 
52600,604955,2014013017,6,67,67301,2013,12,1,1040,10,1,2,1,7,2, , ,N,2,2,0,3,0,1,1,1,N,N,40 01:52.292,75 05:11.198,1051, ,1043,2,1,2,N, ,3,N, , , , , , , , ,1,1,0,0,0,0,0,0,0,0,0,1,1,0,0,0,0,0,0,0,1,0,0,0,0,0,0,0,0,0,0,0,0,0,0,4,0,40.0312,-75.0864, , 
52601,604977,2013125944,6,67,67301,2013,11,6,2100,21,3,1,0,4,1, , ,N,1,3,0,3,0,1,2,2,N, ,39 58:47.265,75 07:34.219,1515, ,1515, ,0, , , ,3, , , , , , , , , ,1,0,0,0,0,0,1,0,1,0,0,1,1,0,1,0,0,0,0,0,0,0,0,0,0,0,0,0,0,0,0,0,0,0,0,4,0,39.9798,-75.1262, , 
52602,605001,2013129471,6,67,67301,2013,11,7,2120,21,3,1,0,5,1, , ,N,0,0,0,3,0,1,3,3,N, ,39 59:31.724,75 07:17.016,2125, ,2124, ,0, , , ,0, , , , , , , , , ,1,0,0,0,1,0,0,0,1,0,0,1,1,0,0,0,0,0,0,0,0,0,0,0,0,0,0,0,0,0,0,0,1,0,0,4,0,39.9921,-75.1214, , 
52603,605024,2013106753,6,67,67301,2013,10,3,1118,11,1,1,0,7,2, , ,N,0,0,0,3,0,0,1,1,N,N,39 57:27.831,75 08:44.458,1122, ,1118, ,0, ,N, ,0, , , , , , , , , ,1,1,0,0,0,0,0,0,0,0,0,0,0,0,0,0,0,0,0,0,0,0,0,0,0,0,0,0,0,0,0,0,0,0,0,0,0,39.9577,-75.1457, , 
52604,605029,2013111855,6,67,67301,2013,10,3,1755,17,1,1,0,1,1, , ,N,0,0,0,3,0,0,2,2,N,N,40 01:04.881,75 10:16.289,1758, ,1758,1,1,4,N, ,0,N, , , , , , , , ,2,1,0,0,0,0,1,0,0,0,0,0,0,0,0,0,0,1,0,1,0,0,0,0,0,0,0,0,0,0,0,0,0,0,0,0,0,40.018,-75.1712, , 
52605,605032,2013114494,6,67,67301,2013,10,6,2233,22,3,1,0,8,1, , ,N,1,2,0,3,0,1,2,2,N,N,40 01:31.355,75 04:23.942,2307, ,2300, ,0, ,N, ,3, , , , , , , , , ,1,1,0,0,0,0,0,0,0,0,1,0,1,0,0,0,0,0,0,0,0,0,0,0,0,0,0,0,0,0,0,0,1,0,0,3,0,40.0254,-75.0733, , 
52606,605076,2014006899,6,67,67301,2013,12,2,907,9,1,1,0,8,6, , ,N,0,0,0,3,0,1,2,2,N,N,39 55:08.591,75 09:32.484,926, ,923, ,0, ,N, ,0, , , , , , , , , ,1,1,0,0,0,0,0,0,0,0,0,1,1,0,0,0,0,0,0,0,0,0,0,0,0,0,0,0,0,0,0,0,1,0,0,4,0,39.9191,-75.159, , 
52607,605077,2014009673,6,67,67301,2013,12,6,1601,16,1,1,0,4,1, , ,N,1,2,0,3,0,1,2,2,N,N,39 55:01.380,75 14:04.822,1632, ,1629, ,0, ,N, ,3, , , , , , , , , ,2,0,1,0,0,0,1,0,0,0,0,1,1,0,0,1,0,0,0,0,0,0,0,0,0,0,0,0,0,0,0,0,0,0,0,4,0,39.9171,-75.2347, , 
52608,605087,2013111751,6,67,67301,2013,10,6,1308,13,1,2,1,5,1, , ,N,0,0,0,3,0,2,2,2,N,N,39 59:07.101,75 12:44.369,1315, ,1308, ,0, ,N, ,0, , , , , , , , , ,2,2,0,0,0,0,0,0,0,0,0,0,2,2,0,0,0,0,0,0,1,0,0,0,0,0,0,0,0,0,0,0,0,0,0,8,0,39.9853,-75.2123, , 
52609,605095,2013117093,6,67,67301,2013,10,7,558,5,1,1,0,7,4, , ,N,0,0,0,3,0,0,1,1,N,N,39 57:34.530,75 10:35.618,600, ,558, ,0, ,N, ,0, , , , , , , , , ,1,1,0,0,0,0,0,0,0,0,0,0,0,0,0,0,0,0,0,0,0,0,0,0,0,0,0,0,0,0,0,0,0,0,0,0,0,39.9596,-75.1766, , 
52610,605099,2013121371,6,67,67301,2013,11,3,1630,16,1,1,0,4,1, , ,N,1,3,0,3,0,1,2,2,N,N,40 03:36.388,75 02:46.694,1705, ,1653, ,0, ,N, ,3, , , , , , , , , ,2,1,0,0,0,0,1,0,0,0,0,0,1,1,0,0,0,0,0,0,0,0,0,0,0,0,0,0,0,0,0,0,0,0,0,8,0,40.0601,-75.0463, , 
52611,605109,2014000448,6,67,67301,2013,12,3,9999,99,1,1,0,1,1, , ,N,1,2,0,3,0,2,3,3,N,N,40 02:13.039,75 00:41.011,810, ,804, ,0, ,N, ,3, , , , , , , , , ,3,1,0,0,0,0,1,1,0,0,2,0,2,0,0,0,0,0,0,0,1,0,0,0,0,0,0,0,0,0,0,0,0,0,0,3,0,40.037,-75.0114, , 
52612,605111,2014006794,6,67,67301,2013,12,7,322,3,3,1,0,4,1, , ,N,1,2,0,3,0,3,4,2,N,N,40 02:50.173,75 10:03.883,327, ,326, ,0, ,N, ,3, , , , , , , , , ,2,2,0,0,0,0,0,0,0,0,0,3,3,0,0,0,0,0,0,0,0,0,0,0,0,0,0,0,0,0,0,0,0,0,0,4,0,40.0473,-75.1677, , 
52613,607678,2013112342,6,67,67301,2013,10,3,1035,10,1,1,0,5,1, , ,N,1,0,0,3,0,1,2,2,N, ,39 56:58.740,75 09:37.407,1042, ,1039, ,0, , , ,0, , , , , , , , , ,1,0,0,0,0,0,1,0,1,0,1,0,1,0,0,0,0,0,0,0,0,1,0,0,0,0,0,0,0,0,0,0,0,0,0,3,0,39.9497,-75.1604, , 
52614,607724,2013121355,6,67,67301,2013,10,6,9999,99,1,1,0,8,1, , ,N,1,2,0,3,0,1,2,2,N, ,39 57:41.673,75 10:30.111,1552, ,1552,2,2,4, , ,3,Y, , , , , , , , ,1,0,0,0,0,0,1,0,0,0,1,0,1,0,0,0,0,0,0,0,1,0,0,0,0,0,0,0,0,0,0,0,1,0,0,3,0,39.9616,-75.175, , 
52615,607731,2013131715,6,67,67301,2013,12,7,1207,12,1,1,0,5,1,1,4,Y,0,0,0,3,0,0,3,2,N,N,40 01:35.899,75 01:34.043,1218,45,1214,1,2,1,N, ,0,N,Y,N,N,N,N,N,N,Y,2,1,0,0,0,1,0,0,0,0,0,0,0,0,0,0,0,0,0,0,1,0,0,0,0,0,0,0,0,0,0,0,0,0,0,0,1,40.0265,-75.0264, , 
52616,607732,2013134199,6,67,67301,2013,12,3,1941,19,3,1,6,7,2, , ,N,7,0,8,3,0,1,1,1,N,N,39 53:04.770,75 14:38.828,1946, ,1942,1,2,2,N, ,0,N, , , , , , , , ,1,1,0,0,0,0,0,0,0,0,1,0,1,0,0,0,0,0,1,0,0,0,0,0,0,0,0,0,0,0,0,0,0,0,0,3,0,39.8847,-75.2441, , 
52617,607737,2014002834,6,67,67301,2013,11,1,2339,23,3,1,0,6,6, , ,N,0,0,0,3,0,1,1,2,N, ,39 59:10.102,75 10:47.926,0, ,9999, ,0, , , ,0, , , , , , , , , ,2,1,0,0,0,0,0,1,0,0,0,0,1,1,0,0,0,0,0,0,0,0,0,0,0,0,0,0,0,0,0,0,0,0,0,8,0,39.9861,-75.18, , 
52618,607750,2013115346,6,67,67301,2013,10,6,9999,99,1,1,0,0,1, , ,N,1,3,0,3,0,1,1,2,N,N,39 56:40.315,75 09:50.965,1243, ,1239, ,0, ,N, ,3, , , , , , , , , ,1,0,1,0,0,0,0,0,0,0,0,1,1,0,0,0,0,0,0,0,0,0,0,0,0,0,0,0,0,0,0,0,0,0,0,4,0,39.9445,-75.1642, , 
52619,607759,2013125982,6,67,67301,2013,11,3,2240,22,3,1,0,4,1, , ,N,2,3,0,3,0,4,6,2,N, ,40 01:04.614,75 03:04.995,2320, ,2318,1,1,4, , ,3,N, , , , , , , , ,2,1,0,0,1,0,0,0,0,0,1,0,4,3,0,0,0,0,0,0,0,0,0,0,0,0,0,0,0,0,0,0,0,0,0,3,0,40.0179,-75.0514, , 
52620,607780,2013121440,6,67,67301,2013,10,7,1710,17,1,1,0,8,1, , ,N,1,2,0,3,0,2,3,3,N, ,39 59:30.291,75 06:46.001,1735, ,1725, ,0, , , ,3, , , , , , , , , ,1,0,0,0,0,0,1,0,0,0,0,2,2,0,0,0,0,0,0,0,0,0,0,0,0,0,0,0,0,0,0,0,2,0,0,4,0,39.9917,-75.1128, , 
52621,607783,2013129489,6,67,67301,2013,11,4,2217,22,3,1,0,4,2, , ,N,1,2,0,3,0,1,3,2,N,N,40 01:31.232,75 10:03.294,2330, ,2326, ,0, ,N, ,3, , , , , , , , , ,2,2,0,0,0,0,0,0,0,0,0,1,1,0,0,0,0,0,0,0,0,0,0,0,0,0,0,0,0,0,0,0,0,0,0,4,0,40.0253,-75.1676, , 
52622,607800,2014000431,6,67,67301,2013,12,1,135,1,3,1,0,7,3, , ,N,1,2,0,3,0,2,2,1,N,N,40 01:56.965,75 04:51.304,139, ,137, ,0, , , ,3, , , , , , , , , ,1,1,0,0,0,0,0,0,0,0,0,0,2,2,0,0,0,0,0,0,0,0,0,0,0,0,0,0,0,0,0,0,0,0,0,8,0,40.0325,-75.0809, , 
52623,607804,2014009636,6,67,67301,2013,11,7,2340,23,3,1,0,6,6, , ,N,0,0,0,3,0,0,1,2,N,N,40 02:06.806,75 09:45.348,9999, ,50, ,0, ,N, ,0, , , , , , , , , ,2,1,0,0,0,0,0,1,0,0,0,0,0,0,0,0,0,0,0,0,0,0,0,0,0,0,0,0,0,0,0,0,0,0,0,0,0,40.0352,-75.1626, , 
52624,607811,2013111901,6,67,67301,2013,10,1,2103,21,3,1,0,4,1, , ,N,1,2,0,3,0,1,2,2,N,N,40 02:58.714,75 07:22.097,2248, ,2245,3,1,2,N, ,3,N, , , , , , , , ,2,2,0,0,0,0,0,0,0,0,1,0,1,0,0,0,0,0,0,0,1,1,0,0,0,0,0,0,0,0,0,0,0,0,0,3,0,40.0496,-75.1228, , 
52625,607828,2013121110,6,67,67301,2013,11,3,2036,20,3,1,0,1,1, , ,N,0,0,0,3,0,3,5,5,N,N,39 53:58.701,75 09:49.014,2050, ,2037, ,0, ,N, ,0, , , , , , , , , ,5,2,0,0,0,0,3,0,0,0,0,1,3,2,0,0,0,0,0,0,3,1,0,0,0,0,0,0,0,0,0,0,0,0,0,4,0,39.8996,-75.1636, , 
52626,607829,2013122062,6,67,67301,2013,10,3,806,8,1,1,0,8,1, , ,N,1,3,0,3,0,1,2,2,N, ,40 01:33.556,75 05:03.191,815, ,807, ,0, , , ,3, , , , , , , , , ,1,0,0,0,1,0,0,0,0,0,0,1,1,0,0,0,0,0,0,0,0,0,0,0,0,0,0,0,0,0,0,0,1,0,0,4,0,40.026,-75.0842, , 
52627,607841,2014000972,6,67,67301,2013,11,5,2238,22,3,1,0,4,1, , ,N,1,3,0,3,0,2,2,2,N,N,39 59:48.444,75 10:49.069,2245, ,2241, ,0, ,N, ,3, , , , , , , , , ,2,1,0,0,0,0,1,0,0,0,0,0,2,2,0,0,0,0,0,0,1,0,0,0,0,0,0,0,0,0,0,0,0,0,0,8,0,39.9968,-75.1803, , 
52628,607843,2014015545,6,67,67301,2013,10,6,1020,10,1,1,0,4,1, , ,N,0,0,8,3,0,1,2,2,N,N,39 57:50.490,75 11:04.206,0, ,0, ,0, ,N, ,0, , , , , , , , , ,1,0,0,0,1,0,0,0,1,0,0,0,1,1,1,0,0,0,0,0,0,0,0,0,0,0,0,0,0,0,0,0,0,0,0,8,0,39.964,-75.1845, , 
52629,607845,2013122949,6,67,67301,2013,11,2,1025,10,1,1,0,4,1, , ,N,2,2,0,3,0,0,2,2,N,N,40 02:32.276,75 11:21.944,1048, ,1042, ,0, ,N, ,3, , , , , , , , , ,2,1,0,0,0,0,1,0,0,0,0,0,0,0,0,0,0,0,0,0,1,0,1,2,0,0,0,0,0,0,0,0,0,0,0,0,0,40.0423,-75.1894, , 
52630,607859,2014001124,6,67,67301,2013,11,4,1115,11,1,9,0,8,1, , ,N,0,0,0,3,0,1,2,2,N,N,40 00:00.590,75 07:37.171,1943, ,1930, ,0, ,N, ,0, , , , , , , , , ,1,0,0,0,0,0,0,0,0,0,1,0,1,0,0,0,0,0,0,0,0,0,0,0,0,0,0,0,0,0,0,0,1,0,0,3,0,40.0002,-75.127, , 
52631,610584,2014006308,6,67,67301,2013,12,3,156,1,3,1,6,5,6, , ,N,0,0,0,3,0,1,1,6,N, ,40 00:54.357,75 10:12.689,204, ,157, ,0, , , ,0, , , , , , , , , ,6,4,0,0,0,0,1,1,0,0,0,1,1,0,0,0,0,0,0,0,0,0,0,0,0,0,0,0,0,0,0,0,0,0,0,4,0,40.0151,-75.1702, , 
52632,610601,2013117370,6,23,23102,2013,11,5,750,7,1,1,0,2,1, , ,N,0,0,3,3,1,1,2,2,N,N,39 53:55.181,75 15:18.151,755, ,750,3,2,6,N,0,0,Y, , , , , , , , ,2,0,0,0,1,1,0,0,0,0,0,1,1,0,0,0,0,0,0,0,1,1,0,0,0,0,0,0,0,0,0,0,0,0,0,1,1,39.8987,-75.255,2, 
52633,610608,2013118940,6,67,67301,2013,11,1,1939,19,3,1,0,1,1, , ,N,0,0,0,3,0,0,2,2,N,N,40 01:17.386,75 02:26.320,1945, ,1939, ,0, ,N, ,0, , , , , , , , , ,2,2,0,0,0,0,0,0,0,0,0,0,0,0,0,0,0,0,0,0,0,0,0,0,0,0,0,0,0,0,0,0,0,0,0,0,0,40.0215,-75.0406, , 
52634,610612,2013121409,6,67,67301,2013,10,5,43,0,3,1,0,7,5, , ,N,2,2,0,3,0,0,1,1,N, ,39 59:58.649,75 11:26.101,47, ,47, ,0, , , ,3, , , , , , , , , ,1,0,0,0,0,0,1,0,0,0,0,0,0,0,0,0,0,0,0,0,1,0,0,0,0,0,0,0,0,0,0,0,0,0,0,0,0,39.9996,-75.1905, , 
52635,610613,2013122060,6,67,67301,2013,10,6,1630,16,1,1,0,1,1, , ,N,2,2,7,3,0,4,5,2,N,N,40 01:38.505,75 05:56.834,1655, ,1632,1,1,1,N, ,3,N, , , , , , , , ,2,2,0,0,0,0,0,0,0,0,0,1,4,3,0,0,0,0,0,0,0,0,0,5,0,0,0,0,0,0,0,0,0,0,0,4,0,40.0274,-75.0991, , 
52636,610637,2014015061,6,67,67301,2013,11,7,1130,11,1,1,0,3,1, , ,N,0,0,7,3,0,1,2,2,N,N,40 02:24.449,75 07:27.217,0, ,0, ,0, ,N, ,0, , , , , , , , , ,2,2,0,0,0,0,0,0,0,0,0,0,1,1,0,0,0,0,0,0,0,1,0,0,0,0,0,0,0,0,0,0,0,0,0,8,0,40.0401,-75.1242, , 
52637,610650,2013081324,6,67,67301,2013,8,6,2027,20,3,1,0,1,1, , ,N,0,0,0,3,0,0,3,2,N,N,39 57:26.052,75 09:27.969,2101, ,2028, ,0, ,N, ,0, , , , , , , , , ,2,2,0,0,0,0,0,0,0,0,0,0,0,0,0,0,0,0,0,0,0,0,0,0,0,0,0,0,0,0,0,0,0,0,0,0,0,39.9572,-75.1578, , 
52638,610652,2013086754,6,67,67301,2013,7,1,2045,20,3,1,0,7,5, , ,N,0,0,0,3,0,1,2,1,N, ,40 01:40.597,75 12:26.177,2100, ,2054,9,2,6, , ,0,Y, , , , , , , , ,1,0,0,0,0,0,0,0,0,1,0,0,1,0,1,0,0,0,0,0,0,0,0,0,0,0,0,0,0,0,0,0,0,0,0,2,0,40.0279,-75.2073, , 
52639,610660,2013096468,6,67,67301,2013,8,3,1700,17,1,1,0,4,1, , ,N,1,3,0,3,0,1,2,2,N, ,40 00:22.489,75 08:27.049,9999, ,9999, ,0, , , ,3, , , , , , , , , ,1,1,0,0,0,0,0,0,1,0,0,1,1,0,0,0,0,0,0,0,0,0,0,1,0,0,0,0,0,0,0,0,0,0,0,4,0,40.0062,-75.1408, , 
52640,610666,2013101871,6,67,67301,2013,9,2,623,6,3,1,0,7,4, , ,N,0,0,0,3,0,0,1,1,N,N,39 55:24.893,75 08:50.340,637, ,626,1,1,1,N, ,0,N, , , , , , , , ,1,1,0,0,0,0,0,0,0,0,0,0,0,0,0,0,0,0,0,0,0,0,0,0,0,0,0,0,0,0,0,0,0,0,0,0,0,39.9235,-75.1473, , 
52641,610670,2013106625,6,67,67301,2013,10,4,1420,14,1,1,0,1,1, , ,N,0,0,0,3,0,3,6,2,N, ,39 57:13.824,75 13:05.220,1423, ,1420, ,0, , , ,0, , , , , , , , , ,2,2,0,0,0,0,0,0,0,0,0,3,3,0,0,0,0,0,0,0,0,0,0,0,0,0,0,0,0,0,0,0,0,0,0,4,0,39.9538,-75.2181, , 
52642,610675,2013111452,6,67,67301,2013,11,7,1340,13,1,1,0,1,1, , ,N,0,0,0,3,0,7,12,7,N,N,39 58:43.823,75 12:11.828,1347, ,1345,1,2,3,N, ,0,N, , , , , , , , ,7,5,0,0,0,0,1,1,0,0,0,7,7,0,0,0,0,0,0,0,1,0,0,0,0,0,0,0,0,0,0,0,0,0,0,4,0,39.9788,-75.2033, , 
52643,610684,2013130125,6,67,67301,2013,11,4,1455,14,1,1,0,5,2, , ,N,0,0,0,3,0,1,2,2,N,N,40 01:14.336,75 11:33.395,1520, ,1515, ,0, ,N, ,0, , , , , , , , , ,1,1,0,0,0,0,0,0,1,0,0,0,1,1,0,0,0,0,0,0,0,0,0,0,0,0,0,0,0,0,0,0,0,0,0,8,0,40.0205,-75.1924, , 
52644,610688,2013134224,6,67,67301,2013,12,6,1845,18,3,1,0,1,2, , ,N,0,0,0,3,0,0,4,3,N,N,39 59:00.510,75 05:51.430,1855, ,1845,1,2,1,N, ,0,N, , , , , , , , ,3,1,0,0,0,0,2,0,0,0,0,0,0,0,0,0,0,0,0,0,0,0,0,2,0,0,0,0,0,0,0,0,0,0,0,0,0,39.9835,-75.0976, , 
52645,610689,2014001039,6,67,67301,2013,11,3,1635,16,3,2,1,6,1, , ,N,0,0,0,3,0,0,2,2,N,N,39 56:27.642,75 12:45.898,1645, ,1641, ,0, ,N, ,0, , , , , , , , , ,2,1,0,0,1,0,0,0,0,0,0,0,0,0,0,0,0,0,0,0,1,0,0,0,0,0,0,0,0,0,0,0,0,0,0,0,0,39.941,-75.2127, , 
52646,610703,2014001126,6,67,67301,2013,12,6,1914,19,3,2,1,8,1, , ,N,0,0,0,3,0,1,2,2,N,N,39 55:21.625,75 11:06.086,1918, ,1915, ,0, ,N, ,0, , , , , , , , , ,1,1,0,0,0,0,0,0,0,0,0,1,1,0,0,0,0,0,0,0,0,0,0,0,0,0,0,0,0,0,0,0,1,0,0,4,0,39.9227,-75.185, , 
52647,610728,2013121281,6,67,67301,2013,10,2,1446,14,1,1,0,1,1, , ,N,1,2,0,3,0,4,5,3,N,N,39 59:30.475,75 11:10.951,1503, ,1452, ,0, ,N, ,3, , , , , , , , , ,3,0,0,0,0,0,1,2,0,0,0,3,4,1,0,0,0,0,0,0,0,0,0,0,0,0,0,0,0,0,0,0,0,0,0,4,0,39.9918,-75.1864, , 
52648,610737,2013125883,6,67,67301,2013,11,2,12,0,3,1,0,1,1, , ,N,0,2,0,3,0,1,2,2,N,N,39 57:24.310,75 11:54.178,14, ,14, ,0, ,N, ,3, , , , , , , , , ,2,1,0,0,0,0,1,0,0,0,1,0,1,0,0,0,0,0,0,0,0,0,0,1,0,0,0,0,0,0,0,0,0,0,0,3,0,39.9568,-75.1984, , 
52649,610778,2013111903,6,67,67301,2013,10,1,1630,16,1,1,0,8,1, , ,N,0,0,0,3,0,1,2,2,N,N,40 07:03.180,75 02:08.397,1650, ,1635, ,0, ,N, ,0, , , , , , , , , ,1,1,0,0,0,0,0,0,0,0,0,0,1,1,0,0,0,0,0,1,0,0,0,0,0,0,0,0,0,0,0,0,1,0,0,8,0,40.1176,-75.0357, , 
52650,615919,2013121456,6,67,67301,2013,10,6,1655,16,1,1,0,4,1, , ,N,1,2,0,3,0,3,3,2,N,N,40 05:09.739,75 12:42.976,1705, ,1656, ,0, ,N, ,3, , , , , , , , , ,2,2,0,0,0,0,0,0,0,0,0,3,3,0,0,0,0,0,0,0,1,0,0,0,0,0,0,0,0,0,0,0,0,0,0,4,0,40.0861,-75.2119, , 
52651,615935,2014009816,6,67,67301,2013,12,6,1830,18,3,1,1,4,1, , ,N,1,3,0,3,0,0,3,2,N,N,40 03:07.390,75 14:19.021,1853, ,1848, ,0, ,N, ,3, , , , , , , , , ,2,2,0,0,0,0,0,0,0,0,0,0,0,0,0,0,0,0,0,0,0,0,0,0,0,0,0,0,0,0,0,0,0,0,0,0,0,40.0521,-75.2386, , 
52652,615936,2014013048,6,67,67301,2013,12,2,416,4,2,1,0,8,1, , ,N,1,2,0,3,0,1,2,2,N,N,39 56:24.885,75 10:04.702,1625, ,1617, ,0, ,N, ,3, , , , , , , , , ,1,1,0,0,0,0,0,0,0,0,0,0,1,1,0,0,0,0,0,0,0,1,0,0,0,0,0,0,0,0,0,0,1,0,0,8,0,39.9402,-75.168, , 
52653,615937,2014031202,6,67,67301,2013,12,1,1445,14,1,4,5,1,1, , ,N,0,0,0,3,0,1,3,2,N,N,39 58:50.176,75 10:20.877,1459, ,1454, ,0, ,N, ,0, , , , , , , , , ,2,2,0,0,0,0,0,0,0,0,0,0,1,1,0,0,0,0,0,0,1,0,0,1,0,0,0,0,0,0,0,0,0,0,0,8,0,39.9806,-75.1725, , 
52654,615943,2013129409,6,67,67301,2013,11,3,23,0,2,1,0,5,6, , ,N,0,0,0,3,0,0,1,3,N,N,39 55:57.910,75 10:01.110,26, ,24,2,2,4,N, ,0,Y, , , , , , , , ,3,3,0,0,0,0,0,0,0,0,0,0,0,0,0,0,0,0,0,0,0,0,0,0,0,0,0,0,0,0,0,0,0,0,0,0,0,39.9328,-75.167, , 
52655,615949,2014000428,6,67,67301,2013,11,6,9999,99,3,1,0,1,1, , ,N,1,2,0,3,0,2,4,3,N,N,40 04:51.077,75 01:43.585,2205, ,2154, ,0, ,N, ,3, , , , , , , , , ,3,1,0,0,1,0,1,0,0,0,0,2,2,0,1,0,0,0,0,1,1,0,0,0,0,0,0,0,0,0,0,0,0,0,0,4,0,40.0809,-75.0288, , 
52656,615965,2013121490,6,67,67301,2013,10,4,1645,16,1,1,0,6,1, , ,N,1,2,0,3,0,1,2,2,N,N,39 57:13.719,75 09:59.863,1920, ,1915, ,0, ,N, ,3, , , , , , , , , ,2,1,0,1,0,0,0,0,0,0,0,0,1,1,0,0,0,0,0,0,0,1,0,0,0,0,0,0,0,0,0,0,0,0,0,8,1,39.9538,-75.1666, , 
52657,615978,2014006867,6,67,67301,2013,12,7,819,8,1,1,0,5,1, , ,N,0,0,0,3,0,1,6,2,N, ,40 04:04.629,75 00:30.926,830, ,822, ,0, , , ,0, , , , , , , , , ,2,0,0,1,0,0,1,0,0,0,0,0,1,1,0,0,0,0,0,0,0,0,0,0,0,0,0,0,0,0,0,0,0,0,0,8,1,40.068,-75.0086, , 
52658,615986,2013063546,6,67,67301,2013,6,7,1008,10,1,1,0,0,1, , ,N,0,0,0,3,0,0,1,1,N,N,39 53:22.568,75 14:26.162,1019, ,1009,1,1,2,N, ,0,N, , , , , , , , ,1,0,0,0,1,0,0,0,0,0,0,0,0,0,0,0,0,0,0,0,0,0,0,0,0,0,0,0,0,0,0,0,0,0,0,0,0,39.8896,-75.2406, , 
52659,616019,2014001000,6,67,67301,2013,11,4,1415,14,1,2,1,8,1, , ,N,1,2,0,3,0,1,2,2,N,N,40 00:47.439,75 04:13.514,1633, ,1633, ,0, ,N, ,3, , , , , , , , , ,1,0,0,0,0,0,1,0,0,0,0,1,1,0,0,0,0,0,0,0,0,0,0,0,0,0,0,0,0,0,0,0,1,0,0,4,0,40.0132,-75.0704, , 