objectid_1,objectid,crn,district,county,municipality,crash_year,crash_month,day_of_week,time_of_day,hour_of_day,illumination,weather,road_condition,collision_type,relation_to_road,work_zone_type,work_zone_loc,work_zone_ind,intersect_type,tcd_type,location_type,urban_rural,fatal_count,injury_count,person_count,total_units,sch_bus_ind,sch_zone_ind,latitude,longitude,arrival_tm,cons_zone_spd_lim,dispatch_tm,est_hrs_closed,lane_closed,ln_close_dir,ntfy_hiwy_maint,spec_juris_cd,tcd_func_cd,tfc_detour_ind,workers_pres,wz_close_detour,wz_flagger,wz_law_offcr_ind,wz_ln_closure,wz_moving,wz_other,wz_shlder_mdn,vehicle_count,automobile_count,motorcycle_count,bus_count,small_truck_count,heavy_truck_count,suv_count,van_count,bicycle_count,maj_inj_count,mod_inj_count,min_inj_count,tot_inj_count,unk_inj_deg_count,unk_inj_per_count,driver_count_16yr,driver_count_17yr,driver_count_18yr,driver_count_19yr,driver_count_20yr,driver_count_50_64yr,driver_count_65_74yr,driver_count_75plus,unbelted_occ_count,unb_death_count,unb_maj_inj_count,belted_death_count,belted_maj_inj_count,mcycle_death_count,mcycle_maj_inj_count,bicycle_death_count,bicycle_maj_inj_count,ped_count,ped_death_count,ped_maj_inj_count,max_severity_level,comm_veh_count,dec_lat,dec_long,rdwy_surf_type_cd,county_name
52660,616025,2014006888,6,67,67301,2013,12,7,215,2,3,1,0,5,1, , ,N,2,0,0,3,0,0,2,2,N,N,39 55:07.881,75 10:35.191,220, ,215, ,0, ,N, ,0, , , , , , , , , ,2,2,0,0,0,0,0,0,0,0,0,0,0,0,0,0,0,0,0,0,0,0,0,0,0,0,0,0,0,0,0,0,0,0,0,0,0,39.9189,-75.1764, , 
52661,616026,2014015555,6,67,67301,2013,10,6,158,1,6,1,0,4,1, , ,N,1,3,0,3,0,1,3,2,N,N,40 02:00.034,75 06:16.401,0, ,0, ,0, ,N, ,3, , , , , , , , , ,2,2,0,0,0,0,0,0,0,0,0,0,1,1,2,0,0,0,0,0,0,0,0,0,0,0,0,0,0,0,0,0,0,0,0,8,0,40.0333,-75.1046, , 
52662,616027,2014015961,6,67,67301,2013,11,7,2100,21,6,1,0,1,1, , ,N,0,0,0,3,0,2,2,2,N,N,39 53:10.853,75 12:46.133,0, ,0, ,0, , , ,0, , , , , , , , , ,2,2,0,0,0,0,0,0,0,0,0,0,2,2,0,0,0,0,0,0,0,1,0,0,0,0,0,0,0,0,0,0,0,0,0,8,0,39.8863,-75.2128, , 
52663,616040,2014003330,6,67,67301,2013,12,6,1949,19,3,1,0,8,1, , ,N,0,0,7,3,0,2,3,3,N,N,40 02:56.991,75 03:30.876,1956, ,1952, ,0, ,N, ,0, , , , , , , , , ,1,0,0,0,0,0,1,0,0,0,0,2,2,0,0,0,0,0,0,0,0,0,0,0,0,0,0,0,0,0,0,0,2,0,0,4,0,40.0492,-75.0586, , 
52664,616044,2013124817,6,67,67301,2013,11,2,1720,17,3,1,0,4,7, , ,N,6,8,2,3,0,1,2,2,N,N,39 57:34.053,75 10:50.657,1735, ,1735,3,2,4,N, ,3,N, , , , , , , , ,2,1,0,0,0,1,0,0,0,0,0,0,1,1,0,0,0,0,0,0,1,0,0,0,0,0,0,0,0,0,0,0,0,0,0,8,1,39.9595,-75.1807, , 
52665,616049,2013125983,6,67,67301,2013,6,3,1212,12,1,1,0,8,1, , ,N,0,2,0,3,0,1,4,2,N,N,40 02:31.391,75 03:24.151,1218, ,1213,1,1,1,N, ,3,N, , , , , , , , ,1,1,0,0,0,0,0,0,0,1,0,0,1,0,0,0,0,0,0,0,1,0,0,0,0,0,0,0,0,0,0,0,1,0,1,2,0,40.0421,-75.0567, , 
52666,616057,2014002775,6,67,67301,2013,11,7,1510,15,1,1,0,1,1, , ,N,1,2,0,3,0,1,2,2,N,N,39 57:20.098,75 14:02.378,1718, ,1713, ,0, , , ,3, , , , , , , , , ,2,1,0,0,0,0,1,0,0,0,0,0,1,1,0,0,0,0,0,0,0,0,0,0,0,0,0,0,0,0,0,0,0,0,0,8,0,39.9556,-75.234, , 
52667,616093,2014013545,6,67,67301,2013,12,3,9999,99,1,1,0,5,1, , ,N,0,0,0,3,0,1,3,2,N,N,40 00:05.126,75 07:42.758,1558, ,1555, ,0, ,N, ,0, , , , , , , , , ,2,1,0,0,0,1,0,0,0,0,0,1,1,0,0,0,0,0,0,0,0,0,0,0,0,0,0,0,0,0,0,0,0,0,0,4,1,40.0014,-75.1285, , 
52668,605129,2014013573,6,67,67301,2013,3,1,9999,99,3,1,0,4,1, , ,N,1,3,0,3,0,0,4,3,N,N,39 54:52.915,75 10:42.029,332, ,326, ,0, ,N, ,3, , , , , , , , , ,3,3,0,0,0,0,0,0,0,0,0,0,0,0,0,0,0,0,0,0,0,0,0,1,0,0,0,0,0,0,0,0,0,0,0,0,0,39.9147,-75.1783, , 
52669,605143,2013129472,6,67,67301,2013,11,6,2000,20,3,2,1,4,1, , ,N,1,2,0,3,0,1,2,2,N,N,39 57:17.491,75 09:04.108,2035, ,2035, ,0, ,N, ,3, , , , , , , , , ,2,0,0,0,1,0,1,0,0,0,0,1,1,0,0,0,0,0,0,1,1,0,0,0,0,0,0,0,0,0,0,0,0,0,0,4,0,39.9549,-75.1511, , 
52670,605177,2014013103,6,67,67301,2013,12,2,1624,16,1,1,0,8,1, , ,N,2,2,0,3,0,1,2,2,N, ,40 03:36.586,75 11:27.771,1634, ,1624, ,0, , , ,3, , , , , , , , , ,1,0,0,0,0,0,1,0,0,0,0,0,1,1,0,0,0,0,0,0,0,0,0,1,0,0,0,0,0,0,0,0,1,0,0,8,0,40.0602,-75.191, , 
52671,605182,2013096227,6,67,67301,2013,9,5,805,8,1,1,0,1,1, , ,N,0,0,0,3,0,0,2,2,N,N,39 57:27.257,75 09:02.684,815, ,805,1,1,4,N, ,0,Y, , , , , , , , ,2,2,0,0,0,0,0,0,0,0,0,0,0,0,0,0,0,0,0,0,0,0,0,0,0,0,0,0,0,0,0,0,0,0,0,0,0,39.9576,-75.1507, , 
52672,605190,2013126988,6,67,67301,2013,11,4,950,9,1,1,0,4,1, , ,N,1,2,0,3,0,0,3,2,N,N,40 08:03.616,75 00:33.107,1015, ,955, ,0, , , ,3, , , , , , , , , ,2,1,0,0,0,0,0,1,0,0,0,0,0,0,0,0,0,1,0,0,0,0,0,0,0,0,0,0,0,0,0,0,0,0,0,0,0,40.1343,-75.0091, , 
52673,605210,2013110715,6,67,67301,2013,9,6,2200,22,3,1,0,3,6, , ,N,0,0,0,3,0,1,3,2,N,N,40 00:33.091,75 06:08.888,5, ,2345, ,0, ,N, ,0, , , , , , , , , ,2,0,0,0,0,0,1,1,0,0,0,1,1,0,0,0,0,0,0,0,0,0,0,0,0,0,0,0,0,0,0,0,0,0,0,4,0,40.0092,-75.1025, , 
52674,605212,2013114492,6,67,67301,2013,9,6,2100,21,3,1,0,5,1, , ,N,1,0,0,3,1,0,4,3,N, ,40 00:20.259,75 11:03.013,2113, ,2109,4,2,7, ,0,0,Y, , , , , , , , ,3,1,1,0,1,0,0,0,0,0,0,0,0,0,0,0,0,0,0,0,1,0,0,0,0,0,0,0,1,0,0,0,0,0,0,1,0,40.0056,-75.1842,2, 
52675,605213,2013114965,6,67,67301,2013,10,4,1005,10,1,1,1,1,1, , ,N,0,0,0,3,0,2,2,2,N,N,39 57:27.785,75 09:00.059,1015, ,1005, ,0, ,N, ,0, , , , , , , , , ,2,1,0,0,0,0,1,0,0,0,0,2,2,0,0,0,0,0,0,0,0,0,0,1,0,0,0,0,0,0,0,0,0,0,0,4,0,39.9577,-75.15, , 
52676,605220,2013121533,6,67,67301,2013,10,2,855,8,1,1,0,4,1, , ,N,1,1,0,3,0,0,2,2,N, ,40 01:39.133,75 03:44.544,905, ,903,2,1,1, , ,3,N, , , , , , , , ,2,1,0,0,0,0,0,1,0,0,0,0,0,0,0,0,0,0,0,0,1,0,0,0,0,0,0,0,0,0,0,0,0,0,0,0,0,40.0274,-75.0627, , 
52677,605222,2013123051,6,67,67301,2013,11,6,2125,21,3,1,0,8,1, , ,N,0,0,0,3,0,2,3,3,N, ,39 54:28.738,75 10:23.691,2132, ,2130,9,2,1, , ,0,N, , , , , , , , ,1,1,0,0,0,0,0,0,0,0,0,2,2,0,0,0,0,0,0,0,0,0,0,0,0,0,0,0,0,0,0,0,2,0,0,4,0,39.908,-75.1732, , 
52678,605226,2013125919,6,67,67301,2013,11,7,2306,23,3,1,0,5,1, , ,N,0,0,0,3,0,1,4,2,N,N,40 00:01.134,75 07:43.647,2309, ,2307,1,2,1, , ,0,Y, , , , , , , , ,2,0,0,0,0,0,1,1,0,0,0,0,1,1,2,0,0,0,0,0,0,0,0,0,0,0,0,0,0,0,0,0,0,0,0,8,0,40.0003,-75.1288, , 
52679,605231,2013129483,6,67,67301,2013,11,7,219,2,3,2,1,4,1, , ,N,1,2,0,3,0,2,3,2,N, ,40 03:25.064,75 05:18.129,225, ,219,3,1,7, , ,3,N, , , , , , , , ,2,1,0,0,0,0,1,0,0,0,0,2,2,0,0,0,0,0,0,0,0,0,0,2,0,0,0,0,0,0,0,0,0,0,0,4,0,40.057,-75.0884, , 
52680,605235,2013134202,6,67,67301,2013,12,3,2219,22,2,1,0,4,1, , ,N,0,0,0,3,0,0,1,2,N,N,40 02:18.132,75 00:37.367,2235, ,2219,1,2,2,N, ,0,N, , , , , , , , ,2,2,0,0,0,0,0,0,0,0,0,0,0,0,0,0,0,0,0,0,1,0,0,0,0,0,0,0,0,0,0,0,0,0,0,0,0,40.0384,-75.0104, , 
52681,605238,2014001115,6,67,67301,2013,12,2,1712,17,3,1,4,8,1, , ,N,1,3,0,3,0,1,2,2,Y, ,39 59:40.203,75 05:52.871,1720, ,1712, ,0, , , ,3, , , , , , , , , ,1,0,0,1,0,0,0,0,0,0,0,1,1,0,0,0,0,0,0,0,1,0,0,0,0,0,0,0,0,0,0,0,1,0,0,4,1,39.9945,-75.098, , 
52682,605239,2014002742,6,67,67301,2013,11,5,341,3,3,1,0,4,1, , ,N,1,3,0,3,0,1,2,3,N,N,39 55:47.942,75 09:17.999,350, ,345,2,2,3,N, ,3,Y, , , , , , , , ,3,2,0,0,0,0,1,0,0,0,1,0,1,0,0,0,0,0,0,0,0,0,0,0,0,0,0,0,0,0,0,0,0,0,0,3,0,39.93,-75.155, , 
52683,605240,2014002770,6,67,67301,2013,12,3,2024,20,3,1,0,8,1, , ,N,1,2,0,3,0,1,2,2,N,N,39 59:16.284,75 09:20.883,2027, ,2025, ,0, , , ,3, , , , , , , , , ,1,1,0,0,0,0,0,0,0,0,1,0,1,0,0,0,0,0,0,0,0,0,0,0,0,0,0,0,0,0,0,0,1,0,0,3,0,39.9879,-75.1558, , 
52684,605242,2014009724,6,67,67301,2013,12,7,1155,11,1,1,0,1,6, , ,N,0,0,0,3,0,1,1,3,N,N,40 03:23.783,75 00:58.276,1205, ,1200,3,1,4,N, ,0,N, , , , , , , , ,3,0,0,0,2,0,1,0,0,0,0,0,1,1,0,0,0,0,0,0,0,0,1,0,0,0,0,0,0,0,0,0,0,0,0,8,0,40.0566,-75.0162, , 
52685,605245,2013106669,6,67,67301,2013,9,4,520,5,1,1,0,4,1, , ,N,2,0,7,3,0,1,2,2,N, ,40 02:41.358,75 13:51.182,526, ,523, ,0, , , ,0, , , , , , , , , ,2,2,0,0,0,0,0,0,0,0,0,1,1,0,0,0,0,0,0,0,2,0,0,0,0,0,0,0,0,0,0,0,0,0,0,4,0,40.0448,-75.2309, , 
52686,607861,2014002765,6,67,67301,2013,11,4,9999,99,1,1,0,7,7, , ,N,7,0,2,3,0,1,1,1,N,N,39 53:37.393,75 13:14.852,600, ,550, ,0, , , ,0, , , , , , , , , ,1,1,0,0,0,0,0,0,0,0,0,0,1,1,0,0,0,0,0,0,0,0,0,0,0,0,0,0,0,0,0,0,0,0,0,8,0,39.8931,-75.2222, , 
52687,607864,2014009798,6,67,67301,2013,12,1,1255,12,1,4,3,7,3, , ,N,0,0,0,3,0,1,1,1,N,N,40 03:28.759,75 02:31.191,1304, ,1255, ,0, ,N, ,0, , , , , , , , , ,1,0,0,0,0,0,1,0,0,0,0,1,1,0,0,0,0,0,0,0,0,0,0,0,0,0,0,0,0,0,0,0,0,0,0,4,0,40.058,-75.042, , 
52688,607872,2013109391,6,67,67301,2013,10,1,300,3,3,1,0,8,1, , ,N,1,3,0,3,0,1,2,2,N,N,39 58:49.803,75 06:22.064,420, ,415, ,0, , , ,3, , , , , , , , , ,1,1,0,0,0,0,0,0,0,0,1,0,1,0,0,0,0,0,0,0,0,0,0,0,0,0,0,0,0,0,0,0,1,0,0,3,0,39.9805,-75.1061, , 
52689,607875,2013112033,6,67,67301,2013,10,7,850,8,1,1,0,1,1, , ,N,0,0,0,3,0,1,4,3,N,N,39 58:36.560,75 11:52.748,903, ,855,1,1,3,N, ,0,N, , , , , , , , ,3,2,0,0,1,0,0,0,0,0,0,0,1,1,0,0,0,0,0,0,0,0,0,0,0,0,0,0,0,0,0,0,0,0,0,8,0,39.9768,-75.198, , 
52690,607896,2013121450,6,67,67301,2013,10,6,1725,17,1,1,0,1,1, , ,N,0,0,0,3,0,1,3,2,N, ,39 56:21.080,75 11:42.878,1815, ,1813, ,0, , , ,0, , , , , , , , , ,2,0,0,0,0,0,2,0,0,0,0,1,1,0,0,0,0,1,0,0,0,1,0,0,0,0,0,0,0,0,0,0,0,0,0,4,0,39.9392,-75.1952, , 
52691,607911,2014019104,6,67,67301,2013,3,6,1330,13,1,1,0,4,1, , ,N,0,0,7,3,0,1,2,2,N,N,40 03:02.805,75 03:59.180,1340, ,1330,3,1,2,N, ,0,N, , , , , , , , ,2,0,1,0,0,0,0,1,0,0,0,1,1,0,0,0,0,0,0,0,0,0,0,0,0,0,0,0,0,0,0,0,0,0,0,4,0,40.0508,-75.0664, , 
52692,607916,2013122996,6,67,67301,2013,11,6,222,2,3,1,0,7,5, , ,N,0,0,7,3,0,0,3,1,N,N,39 59:25.114,75 05:26.579,238, ,235, ,0, ,N, ,0, , , , , , , , , ,1,0,0,0,0,0,1,0,0,0,0,0,0,0,0,0,0,0,0,0,0,0,0,0,0,0,0,0,0,0,0,0,0,0,0,0,0,39.9903,-75.0907, , 
52693,607917,2013123062,6,67,67301,2013,10,3,1938,19,2,1,0,1,1, , ,N,3,2,7,3,0,1,3,2,N, ,40 03:12.351,75 00:30.527,1944, ,1939, ,0, , , ,3, , , , , , , , , ,2,1,0,0,0,0,1,0,0,0,0,1,1,0,0,0,0,0,0,0,0,0,0,0,0,0,0,0,0,0,0,0,0,0,0,4,0,40.0536,-75.0085, , 
52694,607943,2013087306,6,67,67301,2013,8,3,2350,23,3,1,0,7,3, , ,N,0,0,0,3,0,1,2,1,N,N,39 56:20.138,75 11:49.397,18, ,14,2,2,4,N, ,0,N, , , , , , , , ,1,1,0,0,0,0,0,0,0,0,0,0,1,1,0,0,0,0,0,0,0,0,0,0,0,0,0,0,0,0,0,0,0,0,0,8,0,39.9381,-75.1979, , 
52695,607982,2013111752,6,67,67301,2013,10,7,1538,15,1,1,0,1,1, , ,N,0,0,7,3,0,4,5,2,N,N,40 00:31.462,75 11:37.328,1558, ,1550, ,0, ,N, ,0, , , , , , , , , ,2,2,0,0,0,0,0,0,0,0,0,4,4,0,0,0,0,0,0,0,1,0,0,0,0,0,0,0,0,0,0,0,0,0,0,4,0,40.0087,-75.1937, , 
52696,607983,2013111758,6,67,67301,2013,10,4,1545,15,1,1,0,1,1, , ,N,0,0,0,3,0,2,2,2,N,N,40 00:30.590,75 10:22.040,1620, ,1620, ,0, , , ,0, , , , , , , , , ,2,0,0,0,0,0,1,1,0,0,0,1,2,1,0,0,0,0,0,0,0,0,0,0,0,0,0,0,0,0,0,0,0,0,0,4,0,40.0085,-75.1728, , 
52697,608004,2014006741,6,67,67301,2013,11,1,529,5,3,1,0,7,4, , ,N,0,2,0,3,1,0,1,2,N,N,39 55:00.416,75 10:16.879,531, ,530,4,1,4,N,0,3,Y, , , , , , , , ,2,0,0,0,1,0,1,0,0,0,0,0,0,0,0,0,0,0,0,0,1,0,0,0,0,0,0,0,0,0,0,0,0,0,0,1,0,39.9168,-75.1714,2, 
52698,608007,2014009807,6,67,67301,2013,12,2,753,7,3,2,1,4,1, , ,N,1,3,0,3,0,1,2,2,N,N,39 57:23.835,75 08:45.196,800, ,755, ,0, ,N, ,3, , , , , , , , , ,1,1,0,0,0,0,0,0,1,0,0,1,1,0,0,0,0,0,0,0,0,0,0,0,0,0,0,0,0,0,0,0,0,0,0,4,0,39.9566,-75.1459, , 
52699,608016,2013062522,6,67,67301,2013,4,2,1340,13,1,2,1,7,3, , ,N,2,2,2,3,0,0,2,2,N,N,39 53:01.171,75 15:05.812,1628, ,1603,3,2,3,N, ,3,N, , , , , , , , ,2,1,0,0,0,1,0,0,0,0,0,0,0,0,0,0,0,0,0,0,0,0,0,0,0,0,0,0,0,0,0,0,0,0,0,0,1,39.8836,-75.2515, , 
52700,608023,2013070359,6,67,67301,2013,6,2,146,1,3,2,1,4,1, , ,N,1,2,0,3,0,3,4,2,N,N,39 54:47.100,75 14:35.859,225, ,211, ,0, ,N, ,3, , , , , , , , , ,2,1,0,0,0,0,0,1,0,0,0,3,3,0,0,0,0,0,0,0,0,0,0,0,0,0,0,0,0,0,0,0,0,0,0,4,0,39.9131,-75.2433, , 
52701,608036,2014001057,6,67,67301,2013,11,1,107,1,3,1,0,1,6, , ,N,0,0,0,3,0,0,3,3,N,N,39 55:17.796,75 10:39.482,137, ,133, ,0, ,N, ,0, , , , , , , , , ,3,1,0,0,0,0,2,0,0,0,0,0,0,0,0,0,0,0,0,0,0,0,0,0,0,0,0,0,0,0,0,0,0,0,0,0,0,39.9216,-75.1776, , 
52702,608041,2013114479,6,67,67301,2013,10,1,350,3,3,1,0,1,1, , ,N,0,0,0,3,0,2,4,2,N,N,39 58:25.773,75 12:23.417,401, ,355, ,0, ,N, ,0, , , , , , , , , ,2,1,0,0,0,0,1,0,0,0,0,2,2,0,0,0,0,0,0,0,0,0,0,0,0,0,0,0,0,0,0,0,0,0,0,4,0,39.9738,-75.2065, , 
52703,608059,2014001062,6,67,67301,2013,11,3,1125,11,1,2,1,7,2, , ,N,0,0,0,3,0,1,1,1,N,N,40 01:03.337,75 12:07.958,1140, ,1130, ,0, ,N, ,0, , , , , , , , , ,1,0,0,0,0,0,1,0,0,0,0,0,1,1,0,0,0,0,0,0,0,0,0,0,0,0,0,0,0,0,0,0,0,0,0,8,0,40.0176,-75.2022, , 
52704,613141,2013123008,6,67,67301,2013,11,7,2130,21,3,1,0,6,1, , ,N,0,2,0,3,0,0,3,5,N,N,40 01:02.045,75 09:03.205,2206, ,2201,1,1,4, , ,3,N, , , , , , , , ,5,4,0,0,0,0,1,0,0,0,0,0,0,0,0,0,0,0,0,0,0,0,0,0,0,0,0,0,0,0,0,0,0,0,0,0,0,40.0172,-75.1509, , 
52705,613148,2013101778,6,67,67301,2013,9,3,1649,16,1,1,0,4,1, , ,N,2,3,0,3,0,1,2,2,N,N,40 01:35.680,75 09:33.469,1803, ,1803, ,0, ,N, ,3, , , , , , , , , ,2,2,0,0,0,0,0,0,0,0,0,1,1,0,0,0,0,0,0,0,0,1,0,0,0,0,0,0,0,0,0,0,0,0,0,4,0,40.0266,-75.1593, , 
52706,613155,2013106608,6,67,67301,2013,9,2,1125,11,1,1,0,5,1, , ,N,1,2,0,3,0,1,2,2,N, ,39 56:54.189,75 13:09.223,1745, ,1130, ,0, , , ,3, , , , , , , , , ,1,0,0,0,0,0,0,1,1,0,0,1,1,0,0,0,0,0,0,0,0,0,0,0,0,0,0,0,0,0,0,0,0,0,0,4,0,39.9484,-75.2193, , 
52707,613200,2013124834,6,67,67301,2013,12,4,653,6,1,1,0,1,1, , ,N,6,0,0,3,0,0,2,2,N,N,39 57:59.464,75 11:14.628,653, ,653, ,0, ,N, ,0, , , , , , , , , ,2,2,0,0,0,0,0,0,0,0,0,0,0,0,0,0,0,0,0,2,0,0,0,0,0,0,0,0,0,0,0,0,0,0,0,0,0,39.9665,-75.1874, , 
52708,613202,2013125986,6,67,67301,2013,11,5,1251,12,1,1,0,1,1, , ,N,0,2,0,3,0,0,4,3,N,N,40 01:56.715,75 04:52.428,1305, ,1252, ,0, ,N, ,3, , , , , , , , , ,3,0,0,0,2,0,0,1,0,0,0,0,0,0,0,0,0,0,0,0,1,0,0,0,0,0,0,0,0,0,0,0,0,0,0,0,0,40.0324,-75.0812, , 
52709,613210,2014009668,6,67,67301,2013,12,3,9999,99,3,4,6,4,1, , ,N,1,2,0,3,0,1,2,3,N,N,40 02:07.796,75 10:43.589,9999, ,9999, ,0, ,N, ,3, , , , , , , , , ,3,3,0,0,0,0,0,0,0,0,1,0,1,0,0,0,0,0,0,0,1,0,0,0,0,0,0,0,0,0,0,0,0,0,0,3,0,40.0355,-75.1788, , 
52710,613234,2013083986,6,67,67301,2013,7,7,2039,20,3,1,0,5,1, , ,N,1,2,0,3,0,1,2,2,N,N,40 02:41.121,75 03:59.421,2054, ,2054, ,0, ,N, ,3, , , , , , , , , ,2,1,0,0,1,0,0,0,0,0,0,1,1,0,0,0,0,0,0,0,0,0,0,0,0,0,0,0,0,0,0,0,0,0,0,4,0,40.0448,-75.0665, , 
52711,613235,2013083997,6,67,67301,2013,7,5,1555,15,1,1,0,8,1, , ,N,2,0,0,3,0,1,3,2,N,N,39 58:56.618,75 09:02.260,1600, ,1558, ,0, ,N, ,0, , , , , , , , , ,1,1,0,0,0,0,0,0,0,0,0,0,1,1,0,0,0,0,0,0,0,0,0,0,0,0,0,0,0,0,0,0,1,0,0,8,0,39.9824,-75.1506, , 
52712,613241,2013124627,6,67,67301,2013,11,3,110,1,3,1,0,2,2, , ,N,2,1,0,3,0,0,1,2,N,N,39 59:24.820,75 11:12.182,135, ,130, ,0, , , ,3, , , , , , , , , ,2,2,0,0,0,0,0,0,0,0,0,0,0,0,1,0,0,0,0,0,0,0,0,0,0,0,0,0,0,0,0,0,0,0,0,9,0,39.9903,-75.1867, , 
52713,613243,2013125898,6,67,67301,2013,11,5,9999,99,1,1,0,4,1, , ,N,1,3,0,3,0,2,2,2,N,N,40 03:15.670,75 09:18.658,754, ,750,1,1,5,N, ,3,Y, , , , , , , , ,2,1,0,0,0,0,1,0,0,0,0,2,2,0,0,0,0,0,0,0,0,1,0,0,0,0,0,0,0,0,0,0,0,0,0,4,0,40.0544,-75.1552, , 
52714,613255,2013106739,6,67,67301,2013,9,2,2220,22,3,1,0,7,3, , ,N,0,2,0,3,0,1,1,1,N,N,39 58:13.515,75 08:47.817,2230, ,2226, ,0, , , ,3, , , , , , , , , ,1,1,0,0,0,0,0,0,0,0,0,1,1,0,0,0,0,0,0,0,1,0,0,0,0,0,0,0,0,0,0,0,0,0,0,4,0,39.9704,-75.1466, , 
52715,613269,2013121333,6,67,67301,2013,10,5,245,2,3,1,0,5,2, , ,N,1,3,0,3,0,0,1,2,N,N,40 04:27.566,75 09:57.844,245, ,245, ,0, , , ,3, , , , , , , , , ,2,1,0,0,0,0,0,1,0,0,0,0,0,0,0,0,0,0,0,0,0,0,0,0,0,0,0,0,0,0,0,0,0,0,0,0,0,40.0743,-75.1661, , 
52716,613286,2014000551,6,67,67301,2013,12,6,1820,18,3,1,0,1,1, , ,N,0,0,0,3,0,1,3,3,N,N,39 58:07.061,75 11:28.420,1825, ,1821, ,0, ,N, ,0, , , , , , , , , ,3,1,0,0,0,0,2,0,0,0,0,0,1,1,0,0,0,0,0,0,0,0,1,0,0,0,0,0,0,0,0,0,0,0,0,8,0,39.9686,-75.1912, , 
52717,613309,2014015528,6,67,67301,2013,9,2,1500,15,1,1,0,4,1, , ,N,1,2,0,3,0,0,2,2,N,N,39 57:56.904,75 14:46.137,0, ,0, ,0, ,N, ,3, , , , , , , , , ,2,1,0,0,0,0,1,0,0,0,0,0,0,0,0,0,0,0,0,0,2,0,0,0,0,0,0,0,0,0,0,0,0,0,0,0,0,39.9658,-75.2461, , 
52718,613330,2013126979,6,67,67301,2013,11,1,2108,21,3,1,0,8,1, , ,N,1,2,0,3,0,1,2,2,N,N,40 01:38.846,75 03:44.583,2118, ,2113, ,0, ,N, ,3, , , , , , , , , ,1,0,0,0,1,0,0,0,0,0,0,1,1,0,0,0,0,0,0,0,1,0,0,0,0,0,0,0,0,0,0,0,1,0,0,4,0,40.0275,-75.0624, , 
52719,613353,2014001001,6,67,67301,2013,11,7,2200,22,6,1,0,8,1, , ,N,0,0,0,3,0,1,2,2,N, ,40 00:16.210,75 08:25.029,1400, ,1900, ,0, , , ,0, , , , , , , , , ,1,0,0,0,0,0,0,0,0,0,1,0,1,0,0,0,0,0,0,0,0,0,0,0,0,0,0,0,0,0,0,0,1,0,0,3,0,40.0045,-75.1403, , 
52720,613355,2014003320,6,67,67301,2013,12,3,2145,21,3,4,3,7,4, , ,N,0,0,3,3,0,1,1,1,N,N,40 02:06.395,75 07:12.487,2351, ,2347, ,0, ,N, ,0, , , , , , , , , ,1,0,0,0,0,0,1,0,0,0,0,1,1,0,0,0,0,0,0,0,0,0,0,0,0,0,0,0,0,0,0,0,0,0,0,4,0,40.0351,-75.1201, , 
52721,613369,2013126995,6,67,67301,2013,3,7,1900,19,3,1,0,8,1, , ,N,1,2,0,3,0,1,2,2,N,N,40 03:23.752,75 01:08.811,1910, ,1903,1,1,2,N, ,3,N, , , , , , , , ,1,1,0,0,0,0,0,0,0,0,1,0,1,0,0,0,0,0,0,0,0,0,0,0,0,0,0,0,0,0,0,0,1,0,0,3,0,40.0564,-75.0191, , 
52722,610785,2013130119,6,67,67301,2013,11,2,2228,22,3,1,0,8,1, , ,N,1,2,0,3,0,1,2,2,N,N,40 02:08.080,75 07:25.889,2238, ,2230,1,2,6,N, ,3,Y, , , , , , , , ,1,0,0,0,0,0,1,0,0,0,1,0,1,0,0,0,0,0,0,0,0,0,0,0,0,0,0,0,0,0,0,0,1,0,0,3,0,40.0356,-75.1239, , 
52723,610800,2013096476,6,67,67301,2013,8,1,745,7,6,1,0,8,1, , ,N,2,0,0,3,0,1,2,2,N,N,39 58:31.418,75 16:08.889,755, ,746, ,0, ,N, ,0, , , , , , , , , ,1,0,0,0,0,0,1,0,0,0,1,0,1,0,0,0,1,0,0,0,0,0,0,0,0,0,0,0,0,0,0,0,1,0,0,3,0,39.9754,-75.2691, , 
52724,610801,2013098696,6,67,67301,2013,10,5,1640,16,1,1,0,4,1, , ,N,1,2,0,3,0,1,6,2,Y,N,40 02:49.750,75 04:51.470,1700, ,1645,1,1,7,N, ,3,N, , , , , , , , ,2,1,0,1,0,0,0,0,0,0,0,1,1,0,0,0,0,0,0,0,1,1,0,0,0,0,0,0,0,0,0,0,0,0,0,4,1,40.0472,-75.081, , 
52725,610813,2013109426,6,67,67301,2013,10,5,1200,12,1,1,0,1,1, , ,N,0,0,0,3,0,1,2,2,N,N,40 00:58.194,75 09:14.379,1221, ,1215, ,0, ,N, ,0, , , , , , , , , ,2,1,0,0,0,0,1,0,0,1,0,0,1,0,0,0,0,0,1,0,0,0,0,0,0,0,0,0,0,0,0,0,0,0,0,2,0,40.0162,-75.154, , 
52726,610837,2013070268,6,67,67301,2013,6,7,1650,16,1,1,0,1,1, , ,N,2,0,0,3,0,5,5,2,N, ,39 56:18.930,75 14:04.240,1700, ,1653, ,0, , , ,0, , , , , , , , , ,2,0,0,0,1,0,1,0,0,0,5,0,5,0,0,0,0,0,0,0,0,0,0,0,0,0,0,0,0,0,0,0,0,0,0,3,0,39.9386,-75.2345, , 