objectid_1,objectid,crn,district,county,municipality,crash_year,crash_month,day_of_week,time_of_day,hour_of_day,illumination,weather,road_condition,collision_type,relation_to_road,work_zone_type,work_zone_loc,work_zone_ind,intersect_type,tcd_type,location_type,urban_rural,fatal_count,injury_count,person_count,total_units,sch_bus_ind,sch_zone_ind,latitude,longitude,arrival_tm,cons_zone_spd_lim,dispatch_tm,est_hrs_closed,lane_closed,ln_close_dir,ntfy_hiwy_maint,spec_juris_cd,tcd_func_cd,tfc_detour_ind,workers_pres,wz_close_detour,wz_flagger,wz_law_offcr_ind,wz_ln_closure,wz_moving,wz_other,wz_shlder_mdn,vehicle_count,automobile_count,motorcycle_count,bus_count,small_truck_count,heavy_truck_count,suv_count,van_count,bicycle_count,maj_inj_count,mod_inj_count,min_inj_count,tot_inj_count,unk_inj_deg_count,unk_inj_per_count,driver_count_16yr,driver_count_17yr,driver_count_18yr,driver_count_19yr,driver_count_20yr,driver_count_50_64yr,driver_count_65_74yr,driver_count_75plus,unbelted_occ_count,unb_death_count,unb_maj_inj_count,belted_death_count,belted_maj_inj_count,mcycle_death_count,mcycle_maj_inj_count,bicycle_death_count,bicycle_maj_inj_count,ped_count,ped_death_count,ped_maj_inj_count,max_severity_level,comm_veh_count,dec_lat,dec_long,rdwy_surf_type_cd,county_name
52794,610988,2013115353,6,67,67301,2013,10,7,817,8,3,1,0,4,1, , ,N,1,2,0,3,0,0,2,2,N,N,39 55:38.874,75 13:54.199,837, ,828,2,2,1, , ,3,Y, , , , , , , , ,2,2,0,0,0,0,0,0,0,0,0,0,0,0,0,0,0,0,0,0,0,0,0,0,0,0,0,0,0,0,0,0,0,0,0,0,0,39.9275,-75.2317, , 
52795,610991,2013125401,6,67,67301,2013,12,5,221,2,3,2,1,5,1, , ,N,0,0,0,3,0,0,2,2,N,N,39 59:24.676,75 12:19.735,225, ,222,2,1,3,N, ,0,N, , , , , , , , ,2,2,0,0,0,0,0,0,0,0,0,0,0,0,0,0,0,0,0,0,1,0,0,0,0,0,0,0,0,0,0,0,0,0,0,0,0,39.9902,-75.2055, , 
52796,610999,2014006316,6,67,67301,2013,12,7,9999,99,3,4,1,8,1, , ,N,1,0,0,3,0,1,2,2,N,N,40 02:35.556,75 07:18.375,1804, ,1801, ,0, ,N, ,0, , , , , , , , , ,1,1,0,0,0,0,0,0,0,0,0,1,1,0,1,0,0,0,0,0,0,0,0,1,0,0,0,0,0,0,0,0,1,0,0,4,0,40.0432,-75.1218, , 
52797,611001,2013112708,6,67,67301,2013,10,7,1232,12,1,1,0,1,1, , ,N,1,3,0,3,0,4,7,3,N,N,40 02:40.164,75 10:46.503,1244, ,1242,9,1,3,N, ,3,N, , , , , , , , ,3,3,0,0,0,0,0,0,0,0,0,4,4,0,0,0,0,0,0,0,1,0,0,0,0,0,0,0,0,0,0,0,0,0,0,4,0,40.0445,-75.1796, , 
52798,611036,2014019132,6,67,67301,2013,9,2,855,8,1,1,0,8,1, , ,N,1,3,0,3,0,1,2,2,N, ,40 02:47.384,75 05:24.289,901, ,855, ,0, , , ,3, , , , , , , , , ,1,0,0,0,0,0,0,1,0,0,0,1,1,0,1,0,0,0,0,0,0,0,0,0,0,0,0,0,0,0,0,0,1,0,0,4,0,40.0465,-75.0901, , 
52799,611047,2013121540,6,67,67301,2013,10,5,610,6,1,1,0,4,1, , ,N,1,3,0,3,0,2,2,2,N, ,40 02:16.440,75 02:50.675,1705, ,1641, ,0, ,N, ,3, , , , , , , , , ,2,0,0,0,0,0,2,0,0,0,0,1,2,1,0,0,0,1,0,0,0,0,0,0,0,0,0,0,0,0,0,0,0,0,0,4,0,40.0379,-75.0474, , 
52800,611053,2013129497,6,67,67301,2013,11,3,1801,18,3,1,0,4,1, , ,N,1,2,0,3,0,2,2,2,N, ,39 59:27.713,75 06:05.900,1836, ,1801,3,2,6, , ,3,Y, , , , , , , , ,2,1,1,0,0,0,0,0,0,1,0,0,2,1,0,0,0,0,1,0,0,0,0,1,0,0,0,0,0,1,0,0,0,0,0,2,0,39.9909,-75.1016, , 
52801,611067,2013098057,6,67,67301,2013,9,1,130,1,3,2,7,1,1,1,4,Y,0,0,0,3,0,2,6,3,N,N,40 01:22.121,75 02:11.528,135,45,135,2,2,2,N, ,0,N,N,N,N,N,N,N,N,Y,3,1,0,0,2,0,0,0,0,0,2,0,2,0,0,0,0,0,0,0,0,0,1,0,0,0,0,0,0,0,0,0,0,0,0,3,0,40.0228,-75.0365, , 
52802,611072,2013106725,6,67,67301,2013,9,4,44,0,3,1,0,5,6, , ,N,0,0,0,3,0,1,1,7,N,N,39 58:31.130,75 10:19.290,53, ,52,2,1,1,N, ,0,N, , , , , , , , ,7,5,0,0,0,0,2,0,0,1,0,0,1,0,0,0,0,0,0,0,0,0,0,1,0,1,0,0,0,0,0,0,0,0,0,2,0,39.9753,-75.172, , 
52803,611077,2013111791,6,67,67301,2013,10,5,918,9,1,1,0,4,1, , ,N,0,0,7,3,0,0,2,2,N,N,39 54:32.234,75 10:50.473,930, ,920, ,0, ,N, ,0, , , , , , , , , ,2,1,0,0,0,0,1,0,0,0,0,0,0,0,0,0,0,0,0,0,1,0,0,0,0,0,0,0,0,0,0,0,0,0,0,0,0,39.909,-75.1807, , 
52804,611110,2013086930,6,67,67301,2013,8,1,1238,12,1,1,0,8,1, , ,N,0,0,7,3,0,1,2,2,N, ,40 03:48.715,74 59:07.052,1250, ,1240, ,0, , , ,0, , , , , , , , , ,1,1,0,0,0,0,0,0,0,0,0,0,1,1,0,0,0,0,0,0,1,0,0,1,0,0,0,0,0,0,0,0,1,0,0,8,0,40.0635,-74.9853, , 
52805,611125,2013101227,6,67,67301,2013,9,4,828,8,1,1,0,4,1, , ,N,2,3,0,3,0,2,2,2,N,N,39 54:14.630,75 13:34.143,835, ,829,2,1,2, , ,3,N, , , , , , , , ,2,2,0,0,0,0,0,0,0,0,0,0,2,2,0,0,0,0,0,0,0,0,0,0,0,0,0,0,0,0,0,0,0,0,0,8,0,39.9041,-75.2262, , 
52806,611132,2013104771,6,67,67301,2013,10,6,851,8,1,1,0,1,1, , ,N,0,0,0,3,0,0,2,2,N,N,39 57:28.950,75 09:50.228,911, ,852, ,0, ,N, ,0, , , , , , , , , ,2,2,0,0,0,0,0,0,0,0,0,0,0,0,0,0,0,0,0,0,1,0,0,1,0,0,0,0,0,0,0,0,0,0,0,0,0,39.958,-75.164, , 
52807,611146,2013121413,6,67,67301,2013,10,7,1954,19,1,1,0,4,1, , ,N,1,3,0,3,0,2,4,2,N,N,39 58:18.116,75 14:16.011,1954, ,1954, ,0, ,N, ,3, , , , , , , , , ,2,2,0,0,0,0,0,0,0,0,0,0,2,2,1,0,0,0,0,0,0,0,0,0,0,0,0,0,0,0,0,0,0,0,0,8,0,39.9717,-75.2378, , 
52808,611157,2014002951,6,67,67301,2013,12,6,2353,23,3,1,0,1,1, , ,N,0,0,0,3,0,2,4,3,N,N,39 57:42.144,75 10:57.762,2353, ,2353,1,1,3,N, ,0,N, , , , , , , , ,3,2,0,0,0,0,0,1,0,0,0,0,2,2,0,0,0,0,0,0,0,0,0,2,0,0,0,0,0,0,0,0,0,0,0,8,0,39.9617,-75.1827, , 
52809,611170,2013108642,6,67,67301,2013,10,7,2332,23,3,1,0,7,2, , ,N,6,0,2,3,0,1,1,1,N,N,39 57:06.152,75 08:29.297,2345, ,2334,2,1,4,N, ,0,Y, , , , , , , , ,1,1,0,0,0,0,0,0,0,0,0,0,1,1,0,0,0,0,0,0,1,0,0,0,0,0,0,0,0,0,0,0,0,0,0,8,0,39.9517,-75.1415, , 
52810,611210,2014013722,6,67,67301,2013,12,6,515,5,3,2,1,7,5, , ,N,0,0,0,3,0,0,1,1,N,N,39 56:01.327,75 12:00.212,524, ,518,1,1,3,N, ,0,N, , , , , , , , ,1,0,0,0,0,0,1,0,0,0,0,0,0,0,0,0,0,0,0,0,1,0,0,0,0,0,0,0,0,0,0,0,0,0,0,0,0,39.9336,-75.2001, , 
52811,611216,2013072199,6,67,67301,2013,6,1,1704,17,1,1,0,4,1, , ,N,1,2,0,3,0,3,4,2,N, ,40 04:16.614,75 02:17.825,1710, ,1704,1,1,2, , ,3,N, , , , , , , , ,2,1,0,0,0,0,0,1,0,0,0,3,3,0,0,0,0,0,1,0,0,0,0,0,0,0,0,0,0,0,0,0,0,0,0,4,0,40.0713,-75.0383, , 
52812,605426,2014002790,6,67,67301,2013,11,6,1450,14,1,1,1,5,2, , ,N,0,0,0,3,0,0,1,2,N, ,39 56:30.228,75 09:14.119,1455, ,1450, ,0, , , ,0, , , , , , , , , ,2,1,0,0,0,0,1,0,0,0,0,0,0,0,0,0,0,0,0,0,0,0,0,1,0,0,0,0,0,0,0,0,0,0,0,0,0,39.9417,-75.1539, , 
52813,605428,2014013587,6,67,67301,2013,12,2,2035,20,3,2,1,8,1, , ,N,1,2,0,3,0,2,3,3,N, ,40 01:32.829,75 07:58.227,2040, ,2038, ,0, , , ,3, , , , , , , , , ,1,0,0,0,0,0,0,0,0,0,0,2,2,0,0,0,0,0,0,0,0,0,0,0,0,0,0,0,0,0,0,0,2,0,0,4,0,40.0258,-75.1328, , 
52814,605432,2013101103,6,67,67301,2013,9,6,2106,21,3,1,0,7,5, , ,N,2,3,0,3,0,0,1,1,N,Y,40 02:27.276,75 07:42.740,2112, ,2108, ,0, ,N, ,3, , , , , , , , , ,1,1,0,0,0,0,0,0,0,0,0,0,0,0,0,0,0,0,0,0,0,0,0,0,0,0,0,0,0,0,0,0,0,0,0,0,0,40.0409,-75.1285, , 
52815,605442,2013111720,6,67,67301,2013,9,5,2034,20,3,1,0,4,1, , ,N,1,2,0,3,0,0,5,2,N,N,40 04:02.966,75 10:45.507,2056, ,2047,2,1,2,N, ,3,N, , , , , , , , ,2,2,0,0,0,0,0,0,0,0,0,0,0,0,0,0,0,0,0,1,0,0,0,0,0,0,0,0,0,0,0,0,0,0,0,0,0,40.0675,-75.1793, , 
52816,605446,2013114467,6,67,67301,2013,9,5,2300,23,6,9,8,8,1, , ,N,1,2,0,3,0,1,2,2,N,N,39 57:51.984,75 08:03.331,102, ,54, ,0, ,N, ,3, , , , , , , , , ,1,1,0,0,0,0,0,0,0,0,0,0,1,1,0,0,0,0,0,0,0,0,0,0,0,0,0,0,0,0,0,0,1,0,0,8,0,39.9644,-75.1343, , 
52817,605482,2014000978,6,67,67301,2013,11,7,805,8,1,1,0,4,1, , ,N,1,2,0,3,0,3,5,3,N, ,40 03:15.541,75 04:17.098,810, ,805, ,0, , , ,3, , , , , , , , , ,3,0,0,0,1,0,2,0,0,0,0,3,3,0,0,0,0,0,0,0,0,0,0,0,0,0,0,0,0,0,0,0,0,0,0,4,0,40.0544,-75.0717, , 
52818,605483,2014001113,6,67,67301,2013,11,6,1530,15,1,2,1,5,1, , ,N,1,2,0,3,0,2,3,2,N, ,40 02:06.512,75 06:29.945,1645, ,1635, ,0, , , ,3, , , , , , , , , ,2,2,0,0,0,0,0,0,0,0,0,1,2,1,0,0,0,0,0,0,1,0,0,0,0,0,0,0,0,0,0,0,0,0,0,4,0,40.0353,-75.1085, , 
52819,605487,2014019087,6,67,67301,2013,3,7,2020,20,3,1,0,4,1, , ,N,1,2,0,3,0,2,2,2,N, ,39 56:28.421,75 12:33.849,2031, ,2029, ,0, , , ,3, , , , , , , , , ,2,2,0,0,0,0,0,0,0,0,0,0,2,2,0,0,0,0,0,0,0,1,0,0,0,0,0,0,0,0,0,0,0,0,0,8,0,39.9412,-75.2094, , 
52820,605504,2013118946,6,67,67301,2013,11,5,2243,22,3,1,0,1,1,1,4,Y,0,0,0,3,0,0,3,2,N,N,39 53:57.729,75 09:53.298,2303,45,2249,1,1,1,N, ,0,N,N,N,N,N,N,N,N,Y,2,2,0,0,0,0,0,0,0,0,0,0,0,0,0,0,0,0,0,0,0,0,0,0,0,0,0,0,0,0,0,0,0,0,0,0,0,39.8994,-75.1648, , 
52821,605509,2013123014,6,67,67301,2013,10,1,640,6,3,1,0,4,2, , ,N,0,0,7,3,0,1,2,2,N,N,40 04:17.768,75 01:56.961,743, ,730, ,0, ,N, ,0, , , , , , , , , ,1,1,0,0,0,0,0,0,1,0,0,1,1,0,0,0,0,0,0,0,0,0,1,0,0,0,0,0,0,0,0,0,0,0,0,4,0,40.0716,-75.0325, , 
52822,605524,2013128699,6,67,67301,2013,12,6,1619,16,1,1,0,4,1, , ,N,1,3,0,3,0,4,15,2,Y,N,40 03:51.408,75 09:04.262,1700, ,1630,2,1,7,N, ,3,N, , , , , , , , ,2,1,0,1,0,0,0,0,0,0,2,2,4,0,0,0,0,0,0,0,1,1,0,0,0,0,0,0,0,0,0,0,0,0,0,3,1,40.0643,-75.1512, , 
52823,605532,2014009664,6,67,67301,2013,12,2,1130,11,1,2,1,4,1, , ,N,1,2,0,3,0,0,2,2,N,N,39 55:22.497,75 13:34.820,1140, ,1138,2,1,2,N, ,3,N, , , , , , , , ,2,1,0,0,0,0,1,0,0,0,0,0,0,0,0,0,0,0,0,0,0,0,0,0,0,0,0,0,0,0,0,0,0,0,0,0,0,39.9229,-75.2263, , 
52824,605533,2014009680,6,67,67301,2013,12,6,220,2,3,2,1,7,4, , ,N,1,0,0,3,0,2,2,1,N, ,40 03:33.132,75 02:38.341,230, ,224,2,2,1, , ,0,Y, , , , , , , , ,1,1,0,0,0,0,0,0,0,0,0,2,2,0,0,0,0,0,0,0,0,0,0,0,0,0,0,0,0,0,0,0,0,0,0,4,0,40.0592,-75.044, , 
52825,605534,2014013156,6,67,67301,2013,12,7,600,6,3,1,0,6,1, , ,N,0,0,0,3,0,0,1,3,N,N,40 03:01.472,75 09:12.885,645, ,630,9,2,3,N, ,0,N, , , , , , , , ,3,3,0,0,0,0,0,0,0,0,0,0,0,0,0,0,0,0,0,0,0,0,0,0,0,0,0,0,0,0,0,0,0,0,0,0,0,40.0504,-75.1536, , 
52826,605536,2013106631,6,67,67301,2013,9,2,1157,11,1,1,0,1,1, , ,N,0,0,7,3,0,1,3,2,N,N,39 54:54.375,75 14:40.880,1210, ,1157,9,1,2,N, ,0,N, , , , , , , , ,2,1,0,0,1,0,0,0,0,0,1,0,1,0,0,0,0,0,0,0,1,0,0,0,0,0,0,0,0,0,0,0,0,0,0,3,0,39.9151,-75.2447, , 
52827,605546,2013117099,6,67,67301,2013,11,2,1832,18,3,1,0,1,1, , ,N,0,0,0,3,0,0,2,2,N,N,39 58:43.869,75 06:34.083,1846, ,1835, ,0, ,N, ,0, , , , , , , , , ,2,1,0,0,0,0,1,0,0,0,0,0,0,0,1,0,0,0,0,0,0,0,0,0,0,0,0,0,0,0,0,0,0,0,0,9,0,39.9788,-75.1096, , 
52828,605548,2013119467,6,67,67301,2013,11,3,1708,17,2,1,0,1,1, , ,N,0,0,0,3,0,1,2,2,N,N,40 00:11.842,75 04:38.545,1733, ,1716, ,0, ,N, ,0, , , , , , , , , ,2,1,0,0,0,1,0,0,0,0,0,0,1,1,0,0,0,0,0,0,0,0,0,0,0,0,0,0,0,0,0,0,0,0,0,8,0,40.0032,-75.0774, , 
52829,605553,2013123025,6,67,67301,2013,10,5,1430,14,1,1,1,1,1, , ,N,1,2,0,3,0,1,3,2,N, ,39 56:23.917,75 12:49.859,1517, ,1515, ,0, , , ,3, , , , , , , , , ,2,1,0,0,1,0,0,0,0,0,0,0,1,1,1,0,0,0,0,0,1,0,0,0,0,0,0,0,0,0,0,0,0,0,0,8,0,39.94,-75.2138, , 
52830,608211,2013121327,6,67,67301,2013,10,7,1903,19,3,1,0,8,1, , ,N,1,2,0,3,0,1,2,2,N, ,39 55:44.578,75 13:14.118,1929, ,1928, ,0, , , ,3, , , , , , , , , ,1,1,0,0,0,0,0,0,0,0,0,0,1,1,0,0,0,0,0,0,0,0,0,0,0,0,0,0,0,0,0,0,1,0,0,8,0,39.929,-75.2206, , 
52831,608225,2013121469,6,67,67301,2013,10,2,1330,13,1,1,0,1,1, , ,N,0,0,0,3,0,2,3,2,N, ,40 05:50.377,75 01:06.245,9999, ,1850, ,0, , , ,0, , , , , , , , , ,2,2,0,0,0,0,0,0,0,0,0,2,2,0,1,0,0,0,0,0,0,0,0,0,0,0,0,0,0,0,0,0,0,0,0,4,0,40.0973,-75.0184, , 
52832,608230,2013123053,6,67,67301,2013,11,1,1945,19,3,1,0,4,1, , ,N,1,2,0,3,0,2,4,2,N,N,40 03:24.250,75 02:48.711,2001, ,1953,1,2,2,N, ,3,Y, , , , , , , , ,2,1,0,0,0,0,1,0,0,0,0,2,2,0,0,0,1,0,0,0,0,0,0,0,0,0,0,0,0,0,0,0,0,0,0,4,0,40.0567,-75.0469, , 
52833,608233,2013124647,6,67,67301,2013,10,2,825,8,1,1,0,8,1, , ,N,0,0,0,3,0,1,2,2,N,N,39 56:44.901,75 10:54.612,838, ,830, ,0, ,N, ,0, , , , , , , , , ,1,1,0,0,0,0,0,0,0,0,0,0,1,1,0,0,0,0,0,0,0,0,0,0,0,0,0,0,0,0,0,0,1,0,0,8,0,39.9458,-75.1818, , 
52834,608263,2013128188,6,67,67301,2013,10,2,1625,16,1,1,0,6,1, , ,N,0,0,0,3,0,0,3,4,Y,Y,40 00:46.994,75 04:15.508,1633, ,1627, ,0, ,N, ,0, , , , , , , , , ,4,2,0,1,0,1,0,0,0,0,0,0,0,0,1,0,0,0,0,0,2,0,0,0,0,0,0,0,0,0,0,0,0,0,0,9,2,40.0131,-75.071, , 
52835,608266,2013129407,6,67,67301,2013,11,7,1727,17,3,1,0,8,1, , ,N,1,2,0,3,0,1,2,2,N,N,40 02:07.762,75 13:02.189,1735, ,1730, ,0, ,N, ,3, , , , , , , , , ,1,1,0,0,0,0,0,0,0,0,0,1,1,0,0,0,0,0,0,0,0,0,0,0,0,0,0,0,0,0,0,0,1,0,0,4,0,40.0355,-75.2173, , 
52836,608288,2014003309,6,67,67301,2013,12,7,2255,22,3,2,4,4,1, , ,N,1,3,0,3,0,0,1,3,N,N,39 57:50.382,75 08:57.659,2326, ,2320, ,0, ,N, ,3, , , , , , , , , ,3,3,0,0,0,0,0,0,0,0,0,0,0,0,1,0,0,0,0,0,0,0,0,0,0,0,0,0,0,0,0,0,0,0,0,9,0,39.964,-75.1493, , 
52837,608292,2013074723,6,67,67301,2013,6,1,1654,16,1,1,1,2,1, , ,N,0,0,0,3,0,1,2,2,N,N,39 59:01.240,75 12:11.106,1658, ,1657,9,1,2,N, ,0,N, , , , , , , , ,2,0,0,0,1,0,1,0,0,0,0,1,1,0,0,0,0,0,0,0,1,0,0,0,0,0,0,0,0,0,0,0,0,0,0,4,0,39.9837,-75.2031, , 
52838,608295,2013080065,6,67,67301,2013,7,2,1415,14,8,8,1,8,1, , ,N,1,3,0,3,0,1,2,2,N,N,39 59:39.372,75 08:38.903,1640, ,1632, ,0, ,N, ,3, , , , , , , , , ,1,0,0,0,0,0,0,1,0,0,0,1,1,0,0,0,0,0,0,0,0,0,0,0,0,0,0,0,0,0,0,0,1,0,0,4,0,39.9943,-75.1441, , 
52839,608300,2013083969,6,67,67301,2013,7,5,515,5,3,2,1,8,1, , ,N,2,0,0,3,0,1,2,2,N,N,39 57:01.420,75 10:21.688,521, ,518, ,0, ,N, ,0, , , , , , , , , ,1,1,0,0,0,0,0,0,0,0,0,1,1,0,0,0,0,0,0,0,1,0,0,0,0,0,0,0,0,0,0,0,1,0,0,4,0,39.9504,-75.1727, , 
52840,608330,2013101196,6,67,67301,2013,9,2,935,9,1,1,0,1,6, , ,N,0,2,0,3,0,1,1,4,N, ,39 59:43.753,75 07:48.428,950, ,945,2,2,4, , ,3,Y, , , , , , , , ,4,0,0,0,2,0,1,1,0,0,0,0,1,1,0,0,0,0,0,0,0,0,0,1,0,0,0,0,0,0,0,0,0,0,0,8,0,39.9955,-75.1301, , 
52841,608334,2013103940,6,67,67301,2013,9,1,119,1,3,1,0,5,1, , ,N,0,0,0,3,0,0,1,4,N, ,39 55:13.083,75 09:38.415,120, ,120, ,0, , , ,0, , , , , , , , , ,4,2,0,0,0,0,0,2,0,0,0,0,0,0,0,0,0,0,0,0,0,0,0,1,0,0,0,0,0,0,0,0,0,0,0,0,0,39.9203,-75.1607, , 
52842,608336,2013106611,6,67,67301,2013,9,7,2120,21,3,2,1,4,1, , ,N,1,2,0,3,0,1,2,2,N,N,39 57:28.635,75 14:00.646,9999, ,2120, ,0, , , ,3, , , , , , , , , ,2,0,0,0,1,0,1,0,0,0,1,0,1,0,0,0,0,0,0,0,0,1,0,0,0,0,0,0,0,0,0,0,0,0,0,3,0,39.958,-75.2335, , 
52843,608341,2013079528,6,67,67301,2013,7,5,1918,19,1,1,0,8,1, , ,N,0,0,0,3,0,2,3,3,N,N,39 58:58.375,75 09:05.508,1922, ,1920, ,0, ,N, ,0, , , , , , , , , ,1,0,0,0,0,0,1,0,0,0,0,2,2,0,0,0,0,0,0,0,0,0,0,0,0,0,0,0,0,0,0,0,2,0,0,4,0,39.9829,-75.1515, , 
52844,608387,2013128377,6,67,67301,2013,12,1,1106,11,1,4,5,7,2, , ,N,0,0,0,3,0,0,1,1,N,N,39 56:30.766,75 08:34.865,1110, ,1106,2,2,1,N, ,0,N, , , , , , , , ,1,0,0,0,0,0,1,0,0,0,0,0,0,0,0,0,0,0,0,0,0,0,0,0,0,0,0,0,0,0,0,0,0,0,0,0,0,39.9418,-75.143, , 
52845,608391,2013130124,6,67,67301,2013,11,3,9999,99,1,1,0,1,1, , ,N,1,2,0,3,0,0,2,2,N, ,39 59:00.370,75 07:08.921,1122, ,1115, ,0, , , ,3, , , , , , , , , ,2,0,0,0,2,0,0,0,0,0,0,0,0,0,0,0,0,0,0,0,2,0,0,0,0,0,0,0,0,0,0,0,0,0,0,0,0,39.9834,-75.1191, , 
52846,608419,2013106616,6,67,67301,2013,9,2,1125,11,1,1,0,4,1, , ,N,1,3,0,3,0,1,3,2,N,N,40 03:49.744,75 08:50.931,1128, ,1126, ,0, ,N, ,3, , , , , , , , , ,2,1,0,0,0,0,1,0,0,0,0,1,1,0,0,0,0,0,0,0,1,0,0,0,0,0,0,0,0,0,0,0,0,0,0,4,0,40.0638,-75.1475, , 
52847,608430,2013114095,6,67,67301,2013,11,7,1425,14,1,1,0,1,1, , ,N,0,0,0,3,0,2,3,2,N,N,39 56:52.003,75 11:12.395,1437, ,1429,1,1,4,N, ,0,N, , , , , , , , ,2,2,0,0,0,0,0,0,0,0,0,2,2,0,0,0,0,0,0,0,0,0,0,0,0,0,0,0,0,0,0,0,0,0,0,4,0,39.9478,-75.1868, , 
52848,613539,2013055339,6,67,67301,2013,5,6,915,9,1,1,0,3,1, , ,N,2,0,0,3,0,1,2,3,N,N,39 56:59.647,75 12:33.425,1000, ,1000, ,0, ,N, ,0, , , , , , , , , ,2,2,0,0,0,0,0,0,0,0,0,0,1,1,0,0,0,0,0,0,0,0,0,0,0,0,0,0,0,0,0,0,1,0,0,8,0,39.9499,-75.2093, , 
52849,613540,2013055518,6,67,67301,2013,5,5,815,8,1,1,0,8,1, , ,N,2,3,0,3,0,1,2,2,N,N,39 55:42.884,75 09:48.146,830, ,824, ,0, , , ,3, , , , , , , , , ,1,0,0,0,0,0,1,0,0,0,0,1,1,0,0,0,0,0,0,0,0,0,0,0,0,0,0,0,0,0,0,0,1,0,0,4,0,39.9286,-75.1634, , 
52850,613563,2013084029,6,67,67301,2013,7,6,1248,12,1,1,0,7,5, , ,N,2,2,0,3,0,1,1,1,N,N,40 06:02.021,75 02:32.964,1254, ,1250, ,0, , , ,3, , , , , , , , , ,1,1,0,0,0,0,0,0,0,0,0,0,1,1,0,0,0,0,0,0,0,1,0,0,0,0,0,0,0,0,0,0,0,0,0,8,0,40.1006,-75.0425, , 
52851,613582,2013126997,6,67,67301,2013,11,4,629,6,3,1,0,8,1, , ,N,1,2,0,3,0,1,3,2,N,N,40 01:48.464,75 02:06.579,629, ,620,9,1,4,N, ,3,N, , , , , , , , ,1,1,0,0,0,0,0,0,0,0,0,0,1,1,0,0,0,0,0,0,0,0,0,0,0,0,0,0,0,0,0,0,1,0,0,8,0,40.0301,-75.0352, , 
52852,613591,2014006846,6,67,67301,2013,12,1,2322,23,3,1,0,5,1, , ,N,2,0,0,3,0,5,5,2,N, ,40 00:18.770,75 05:33.796,2335, ,2327, ,0, , , ,0, , , , , , , , , ,2,2,0,0,0,0,0,0,0,0,0,0,5,5,0,0,0,0,0,0,0,0,0,0,0,0,0,0,0,0,0,0,0,0,0,8,0,40.0052,-75.0927, , 
52853,613621,2014002747,6,67,67301,2013,11,2,1030,10,1,1,0,8,1, , ,N,2,3,0,3,0,1,2,2,N,Y,40 02:20.566,75 08:47.773,1043, ,1041, ,0, ,N, ,3, , , , , , , , , ,1,0,0,0,0,0,1,0,0,0,0,1,1,0,0,0,0,0,0,0,0,0,0,0,0,0,0,0,0,0,0,0,1,0,0,4,0,40.039,-75.1466, , 
52854,613622,2014003328,6,67,67301,2013,12,6,2008,20,1,2,1,8,1, , ,N,1,2,0,3,0,2,3,3,N,N,39 58:31.286,75 14:43.805,2013, ,2011, ,0, ,N, ,3, , , , , , , , , ,1,1,0,0,0,0,0,0,0,0,0,0,2,2,0,0,0,0,0,0,0,0,0,0,0,0,0,0,0,0,0,0,2,0,0,8,0,39.9753,-75.2455, , 
52855,613623,2014006300,6,67,67301,2013,12,3,257,2,3,1,1,5,6, , ,N,0,0,0,3,0,0,1,2,N,N,40 01:41.232,75 08:42.031,308, ,305,2,2,6,N, ,0,N, , , , , , , , ,2,1,0,0,0,0,1,0,0,0,0,0,0,0,0,0,0,0,0,0,0,0,0,0,0,0,0,0,0,0,0,0,0,0,0,0,0,40.0281,-75.145, , 
52856,613628,2014018667,6,67,67301,2013,11,7,125,1,3,2,1,4,1, , ,N,2,2,7,3,0,1,3,2,N,N,40 00:09.032,75 13:25.019,135, ,125, ,0, ,N, ,3, , , , , , , , , ,2,2,0,0,0,0,0,0,0,0,0,1,1,0,0,0,0,0,0,0,0,0,0,0,0,0,0,0,0,0,0,0,0,0,0,4,0,40.0025,-75.2236, , 
52857,613647,2013093096,6,67,67301,2013,8,1,1100,11,1,1,0,5,1, , ,N,0,0,0,3,0,0,4,2,N, ,39 58:30.527,75 11:43.976,1118, ,1109, ,0, , , ,0, , , , , , , , , ,2,2,0,0,0,0,0,0,0,0,0,0,0,0,0,0,0,0,0,0,0,0,0,0,0,0,0,0,0,0,0,0,0,0,0,0,0,39.9751,-75.1955, , 
52858,613699,2014009742,6,67,67301,2013,11,2,810,8,1,1,0,8,1, , ,N,1,2,0,3,0,1,2,2,N,N,39 57:08.987,75 10:37.232,825, ,814, ,0, , , ,3, , , , , , , , , ,1,0,0,0,0,0,1,0,0,0,0,0,1,1,0,0,0,0,0,0,0,0,0,0,0,0,0,0,0,0,0,0,1,0,0,8,0,39.9525,-75.177, , 
52859,613702,2013099815,6,67,67301,2013,10,2,1601,16,1,2,1,4,1, , ,N,0,2,6,3,1,0,3,3,Y,N,40 06:05.005,75 00:21.493,1715, ,1602,4,1,1,N,0,3,N, , , , , , , , ,3,2,0,1,0,0,0,0,0,0,0,0,0,0,0,0,0,0,0,0,1,0,0,0,0,0,0,0,0,0,0,0,0,0,0,1,1,40.1014,-75.006,2, 
52860,613710,2013109448,6,67,67301,2013,10,1,1730,17,1,2,1,7,4, , ,N,1,2,0,3,0,0,3,1,N, ,39 59:47.157,75 06:48.512,1732, ,1730, ,0, , , ,3, , , , , , , , , ,1,1,0,0,0,0,0,0,0,0,0,0,0,0,0,0,0,0,0,0,0,0,0,0,0,0,0,0,0,0,0,0,0,0,0,0,0,39.9964,-75.1135, , 
52861,613718,2013122452,6,67,67301,2013,12,2,1819,18,3,1,0,4,1, , ,N,1,2,0,3,0,1,3,2,N,N,40 00:16.936,75 09:08.069,1821, ,1819, ,0, ,N, ,3, , , , , , , , , ,2,2,0,0,0,0,0,0,0,0,0,0,1,1,0,0,0,0,0,0,1,0,0,0,0,0,0,0,0,0,0,0,0,0,0,8,0,40.0047,-75.1521, , 