objectid_1,objectid,crn,district,county,municipality,crash_year,crash_month,day_of_week,time_of_day,hour_of_day,illumination,weather,road_condition,collision_type,relation_to_road,work_zone_type,work_zone_loc,work_zone_ind,intersect_type,tcd_type,location_type,urban_rural,fatal_count,injury_count,person_count,total_units,sch_bus_ind,sch_zone_ind,latitude,longitude,arrival_tm,cons_zone_spd_lim,dispatch_tm,est_hrs_closed,lane_closed,ln_close_dir,ntfy_hiwy_maint,spec_juris_cd,tcd_func_cd,tfc_detour_ind,workers_pres,wz_close_detour,wz_flagger,wz_law_offcr_ind,wz_ln_closure,wz_moving,wz_other,wz_shlder_mdn,vehicle_count,automobile_count,motorcycle_count,bus_count,small_truck_count,heavy_truck_count,suv_count,van_count,bicycle_count,maj_inj_count,mod_inj_count,min_inj_count,tot_inj_count,unk_inj_deg_count,unk_inj_per_count,driver_count_16yr,driver_count_17yr,driver_count_18yr,driver_count_19yr,driver_count_20yr,driver_count_50_64yr,driver_count_65_74yr,driver_count_75plus,unbelted_occ_count,unb_death_count,unb_maj_inj_count,belted_death_count,belted_maj_inj_count,mcycle_death_count,mcycle_maj_inj_count,bicycle_death_count,bicycle_maj_inj_count,ped_count,ped_death_count,ped_maj_inj_count,max_severity_level,comm_veh_count,dec_lat,dec_long,rdwy_surf_type_cd,county_name
52929,613835,2014003340,6,67,67301,2013,12,2,9999,99,1,1,0,4,1, , ,N,1,2,0,3,0,2,4,2,N, ,39 58:14.289,75 09:09.224,1505, ,9999,1,1,6, , ,3,N, , , , , , , , ,2,0,0,1,1,0,0,0,0,0,0,0,2,2,0,0,0,0,0,0,0,0,0,0,0,0,0,0,0,0,0,0,0,0,0,8,1,39.9705,-75.1526, , 
52930,613839,2014013069,6,67,67301,2013,12,5,1940,19,2,1,0,1,1, , ,N,0,0,0,3,0,5,5,2,N,N,40 00:26.059,75 12:33.538,2000, ,1953,3,1,3,N, ,0,N, , , , , , , , ,2,2,0,0,0,0,0,0,0,0,4,1,5,0,0,0,0,0,0,0,1,0,0,0,0,0,0,0,0,0,0,0,0,0,0,3,0,40.0072,-75.2093, , 
52931,613849,2013121345,6,67,67301,2013,10,6,2359,23,3,1,0,4,1, , ,N,1,2,0,3,0,0,4,2,N,N,39 57:20.586,75 09:58.253,55, ,53,1,1,1, , ,3,N, , , , , , , , ,2,2,0,0,0,0,0,0,0,0,0,0,0,0,0,0,0,0,0,0,0,0,0,0,0,0,0,0,0,0,0,0,0,0,0,0,0,39.9557,-75.1662, , 
52932,613859,2014000440,6,67,67301,2013,11,2,649,6,1,1,0,4,1, , ,N,1,2,0,3,0,0,2,2,N,N,40 03:15.517,75 02:58.198,654, ,652,1,2,2,N, ,3,N, , , , , , , , ,2,1,0,0,0,0,0,1,0,0,0,0,0,0,0,0,1,0,0,0,0,0,0,0,0,0,0,0,0,0,0,0,0,0,0,0,0,40.0542,-75.0493, , 
52933,613860,2014009768,6,67,67301,2013,12,2,1005,10,1,2,1,4,1, , ,N,1,2,0,3,0,4,5,2,N,N,40 01:10.898,75 11:03.583,1015, ,1011, ,0, ,N, ,3, , , , , , , , , ,2,1,0,0,0,0,1,0,0,0,0,4,4,0,0,0,0,0,0,0,0,1,0,0,0,0,0,0,0,0,0,0,0,0,0,4,0,40.0197,-75.1843, , 
52934,613862,2014019095,6,67,67301,2013,5,2,1759,17,1,1,0,7,2, , ,N,0,0,0,3,0,2,2,1,N, ,40 01:04.840,75 10:16.479,1810, ,1759,9,1,2, , ,0,N, , , , , , , , ,1,1,0,0,0,0,0,0,0,0,2,0,2,0,0,0,0,0,0,1,0,0,0,0,0,0,0,0,0,0,0,0,0,0,0,3,0,40.018,-75.1712, , 
52935,613872,2014000435,6,67,67301,2013,12,6,915,9,1,2,1,5,1, , ,N,1,2,0,3,0,3,3,2,N, ,40 01:17.505,75 03:06.381,918, ,915, ,0, , , ,3, , , , , , , , , ,2,0,0,0,0,1,0,1,0,0,1,1,3,1,0,0,0,0,0,0,0,0,0,1,0,0,0,0,0,0,0,0,0,0,0,3,1,40.0215,-75.0518, , 
52936,613897,2013102935,6,67,67301,2013,10,3,730,7,1,1,0,5,1, , ,N,1,2,0,3,0,0,5,4,Y,N,39 58:31.286,75 14:43.805,815, ,749,3,2,2,N, ,3,N, , , , , , , , ,4,2,0,1,1,0,0,0,0,0,0,0,0,0,0,0,0,0,0,0,0,0,0,0,0,0,0,0,0,0,0,0,0,0,0,0,1,39.9754,-75.2455, , 
52937,613898,2013104028,6,67,67301,2013,9,4,734,7,1,1,0,4,1, , ,N,1,2,0,3,0,0,3,2,N, ,39 59:57.469,75 06:38.357,830, ,824, ,0, , , ,3, , , , , , , , , ,2,1,0,0,0,0,0,1,0,0,0,0,0,0,1,0,0,0,0,0,0,0,0,0,0,0,0,0,0,0,0,0,0,0,0,9,0,39.9993,-75.1107, , 
52938,613902,2013111853,6,67,67301,2013,10,6,600,6,8,1,0,7,5, , ,N,0,0,0,3,0,0,1,1,N,N,40 03:40.949,74 59:34.807,617, ,613, ,0, ,N, ,0, , , , , , , , , ,1,0,0,0,0,0,1,0,0,0,0,0,0,0,0,0,0,0,0,0,0,0,0,0,0,0,0,0,0,0,0,0,0,0,0,0,0,40.0614,-74.993, , 
52939,613903,2013111866,6,67,67301,2013,10,1,505,5,1,2,1,2,1, , ,N,1,2,0,3,0,1,3,3,N,N,40 02:14.460,75 11:27.412,513, ,510, ,0, ,N, ,3, , , , , , , , , ,3,3,0,0,0,0,0,0,0,0,0,1,1,0,2,0,0,0,0,0,1,0,0,0,0,0,0,0,0,0,0,0,0,0,0,4,0,40.0374,-75.1909, , 
52940,611359,2013126994,6,67,67301,2013,10,7,2320,23,3,1,1,4,1, , ,N,1,2,0,3,0,2,4,2,N,N,39 57:24.012,75 11:52.849,2335, ,2330, ,0, ,N, ,3, , , , , , , , , ,2,2,0,0,0,0,0,0,0,0,0,2,2,0,0,0,0,0,0,0,1,0,0,0,0,0,0,0,0,0,0,0,0,0,0,4,0,39.9566,-75.198, , 
52941,611375,2013068712,6,67,67301,2013,7,4,1515,15,1,1,0,1,1, , ,N,0,0,0,3,0,2,4,2,N,N,39 58:32.092,75 06:57.155,1552, ,1541, ,0, ,N, ,0, , , , , , , , , ,2,1,0,0,1,0,0,0,0,0,0,0,2,2,0,0,0,0,1,1,0,0,0,0,0,0,0,0,0,0,0,0,0,0,0,8,0,39.9755,-75.116, , 
52942,611393,2013096058,6,67,67301,2013,8,2,9999,99,1,1,0,4,1, , ,N,1,2,0,3,0,1,2,2,N,N,40 05:58.224,74 59:10.989,1353, ,1353,2,1,1,N, ,3,N, , , , , , , , ,2,2,0,0,0,0,0,0,0,0,0,1,1,0,0,0,0,0,0,0,1,0,0,0,0,0,0,0,0,0,0,0,0,0,0,4,0,40.0995,-74.9864, , 
52943,611397,2013101774,6,67,67301,2013,9,5,1320,13,1,1,0,4,1, , ,N,1,2,0,3,0,1,2,2,N,N,40 03:49.709,75 10:22.442,1334, ,1326, ,0, , , ,3, , , , , , , , , ,2,1,0,0,0,0,1,0,0,0,0,0,1,1,0,0,0,0,0,0,0,0,0,0,0,0,0,0,0,0,0,0,0,0,0,8,0,40.0638,-75.1729, , 
52944,611403,2013111878,6,67,67301,2013,10,4,1620,16,1,1,0,8,1, , ,N,1,2,0,3,0,1,2,2,N, ,39 59:35.083,75 08:52.393,1625, ,1620, ,0, , , ,3, , , , , , , , , ,1,1,0,0,0,0,0,0,0,0,0,0,1,1,0,0,0,0,0,0,0,0,0,0,0,0,0,0,0,0,0,0,1,0,0,8,0,39.9931,-75.1479, , 
52945,611422,2013122945,6,67,67301,2013,11,1,1503,15,1,1,0,8,1, , ,N,0,0,7,3,0,1,2,2,N, ,40 03:34.468,75 02:43.221,1508, ,1503,9,1,3, , ,0,N, , , , , , , , ,1,1,0,0,0,0,0,0,0,0,1,0,1,0,0,0,0,0,0,0,0,0,1,0,0,0,0,0,0,0,0,0,1,0,0,3,0,40.0596,-75.0453, , 
52946,611425,2013114491,6,67,67301,2013,10,2,1330,13,1,1,0,1,1, , ,N,2,0,0,3,0,0,5,2,N,N,40 01:35.871,75 06:52.434,1345, ,1335, ,0, , , ,0, , , , , , , , , ,2,1,0,0,1,0,0,0,0,0,0,0,0,0,0,0,0,0,0,0,1,0,0,0,0,0,0,0,0,0,0,0,0,0,0,0,0,40.0266,-75.1146, , 
52947,611441,2014022780,6,67,67301,2013,11,7,2307,23,3,4,1,7,4, , ,N,0,0,0,3,0,2,2,1, , ,40 02:37.341,75 03:17.008,2310, ,2307,9,1,1, , ,0,N, , , , , , , , ,1,1,0,0,0,0,0,0,0,2,0,0,2,0,0,0,0,0,0,0,0,0,0,2,0,2,0,0,0,0,0,0,0,0,0,2,0,40.0437,-75.0547, , 
52948,611450,2013070182,6,67,67301,2013,6,6,1620,16,1,1,0,4,1, , ,N,2,0,0,3,0,2,4,2,N, ,40 00:03.999,75 06:03.513,1639, ,1637,1,1,4, , ,0,N, , , , , , , , ,2,1,0,0,0,0,1,0,0,0,0,2,2,0,0,0,0,0,0,0,0,0,0,0,0,0,0,0,0,0,0,0,0,0,0,4,0,40.0011,-75.101, , 
52949,611453,2014006881,6,67,67301,2013,12,2,8,0,3,4,4,8,1, , ,N,1,2,0,3,0,2,3,3,N,N,40 02:56.546,75 10:29.688,8, ,8, ,0, ,N, ,3, , , , , , , , , ,1,1,0,0,0,0,0,0,0,0,0,0,2,2,0,0,0,0,0,0,0,0,0,0,0,0,0,0,0,0,0,0,2,0,0,8,0,40.049,-75.1749, , 
52950,611454,2014015998,6,67,67301,2013,9,6,900,9,1,1,0,1,1, , ,N,1,3,0,3,0,1,2,2,N,N,40 03:08.606,75 00:28.400,0, ,0, ,0, ,N, ,3, , , , , , , , , ,2,1,0,0,0,0,1,0,0,0,0,0,1,1,0,0,0,0,0,0,1,0,0,0,0,0,0,0,0,0,0,0,0,0,0,8,0,40.0523,-75.008, , 
52951,611466,2013086748,6,67,67301,2013,7,1,2015,20,3,2,1,1,1, , ,N,0,0,0,3,0,2,5,3,N, ,40 04:25.818,75 02:03.894,2057, ,2048, ,0, , , ,0, , , , , , , , , ,3,2,0,0,0,0,1,0,0,0,0,2,2,0,0,0,0,0,0,0,1,0,0,0,0,0,0,0,0,0,0,0,0,0,0,4,0,40.0738,-75.0344, , 
52952,611473,2013099773,6,67,67301,2013,10,7,300,3,3,2,1,7,4, , ,N,0,0,0,3,0,0,2,2,N,N,39 53:59.443,75 09:43.013,305, ,302, ,0, ,N, ,0, , , , , , , , , ,2,2,0,0,0,0,0,0,0,0,0,0,0,0,0,0,0,0,0,0,0,0,0,0,0,0,0,0,0,0,0,0,0,0,0,0,0,39.8998,-75.1619, , 
52953,611477,2013101189,6,67,67301,2013,9,2,900,9,1,1,0,4,1, , ,N,5,3,0,3,0,2,2,2,N, ,40 04:11.308,75 09:38.084,911, ,908, ,0, , , ,3, , , , , , , , , ,2,2,0,0,0,0,0,0,0,0,0,2,2,0,0,0,0,0,0,0,1,0,0,2,0,0,0,0,0,0,0,0,0,0,0,4,0,40.0698,-75.1606, , 
52954,611478,2013101283,6,67,67301,2013,9,2,1351,13,1,1,0,4,1, , ,N,1,2,0,3,0,1,2,2,N,N,39 58:37.995,75 13:36.385,1655, ,1646, ,0, ,N, ,3, , , , , , , , , ,2,2,0,0,0,0,0,0,0,0,0,1,1,0,0,0,0,0,0,0,0,0,0,2,0,0,0,0,0,0,0,0,0,0,0,4,0,39.9772,-75.2268, , 
52955,611487,2013111438,6,67,67301,2013,10,5,1300,13,1,1,0,1,1, , ,N,0,0,0,3,0,2,3,3,N,N,40 01:23.523,75 02:04.292,1300, ,1300, ,0, ,N, ,0, , , , , , , , , ,3,2,0,0,0,0,1,0,0,0,0,1,2,1,0,0,0,0,0,0,1,0,0,0,0,0,0,0,0,0,0,0,0,0,0,4,0,40.0232,-75.0346, , 
52956,611504,2013125897,6,67,67301,2013,10,2,825,8,1,2,1,8,1, , ,N,1,3,0,3,0,1,2,2,N,Y,40 01:49.756,75 07:13.605,833, ,828,3,2,4, , ,3,Y, , , , , , , , ,1,0,0,0,0,0,0,1,0,1,0,0,1,0,0,0,0,0,0,0,0,0,0,0,0,0,0,0,0,0,0,0,1,0,1,2,0,40.0305,-75.1204, , 
52957,611514,2014001117,6,67,67301,2013,11,6,741,7,1,1,0,5,2, , ,N,0,0,0,3,0,0,1,3,N,N,39 59:54.897,75 07:31.025,751, ,751,1,1,1,N, ,0,N, , , , , , , , ,3,2,0,0,0,1,0,0,0,0,0,0,0,0,0,0,0,0,0,0,0,0,0,1,0,0,0,0,0,0,0,0,0,0,0,0,1,39.9986,-75.1253, , 
52958,605848,2013055853,6,67,67301,2013,5,6,1230,12,1,1,0,4,1, , ,N,1,2,0,3,0,3,3,2,N,N,40 00:43.542,75 06:43.855,1255, ,1245, ,0, ,N, ,3, , , , , , , , , ,2,2,0,0,0,0,0,0,0,0,0,3,3,0,0,0,0,0,0,0,0,0,1,0,0,0,0,0,0,0,0,0,0,0,0,4,0,40.0121,-75.1122, , 
52959,605857,2013063440,6,67,67301,2013,4,7,703,7,1,1,0,5,1, , ,N,2,2,0,3,0,0,2,2,N,N,39 55:23.732,75 13:14.087,745, ,739, ,0, ,N, ,3, , , , , , , , , ,2,2,0,0,0,0,0,0,0,0,0,0,0,0,0,0,0,0,1,0,0,0,0,0,0,0,0,0,0,0,0,0,0,0,0,0,0,39.9233,-75.2206, , 
52960,605862,2013125871,6,67,67301,2013,11,3,700,7,1,1,0,8,1, , ,N,0,0,0,3,0,1,2,2,N,N,40 01:10.799,75 10:28.954,1010, ,955, ,0, , , ,0, , , , , , , , , ,1,0,0,0,0,0,0,0,0,0,0,1,1,0,0,0,0,0,0,0,0,0,0,0,0,0,0,0,0,0,0,0,1,0,0,4,0,40.0197,-75.1747, , 
52961,605873,2014022770,6,67,67301,2013,12,3,1645,16,4,1,0,8,1, , ,N,1,2,0,3,0,1,2,2,N,N,39 58:59.767,75 07:32.979,1659, ,1655, ,0, ,N, ,3, , , , , , , , , ,1,1,0,0,0,0,0,0,0,0,0,0,1,1,0,0,0,0,0,0,0,0,0,0,0,0,0,0,0,0,0,0,1,0,0,8,0,39.9833,-75.1258, , 
52962,605911,2013129457,6,67,67301,2013,11,2,910,9,1,1,0,4,1, , ,N,1,3,0,3,0,2,3,2,N,N,40 01:10.153,75 07:59.714,915, ,911, ,0, ,N, ,2, , , , , , , , , ,2,0,0,0,0,0,2,0,0,0,0,1,2,1,0,0,0,0,0,0,0,0,0,0,0,0,0,0,0,0,0,0,0,0,0,4,0,40.0195,-75.1333, , 
52963,605941,2014013073,6,67,67301,2013,12,3,1746,17,3,1,0,2,1, , ,N,1,2,0,3,0,0,3,2,N,N,39 58:26.859,75 12:15.536,1746, ,1746,1,1,1,N, ,3,N, , , , , , , , ,2,2,0,0,0,0,0,0,0,0,0,0,0,0,0,0,0,0,0,0,0,0,0,0,0,0,0,0,0,0,0,0,0,0,0,0,0,39.9741,-75.2043, , 
52964,605943,2013093062,6,67,67301,2013,8,3,1455,14,1,1,0,1,1, , ,N,1,2,0,3,0,1,3,2,N,N,40 03:27.557,75 09:57.853,1455, ,1455, ,0, ,N, ,3, , , , , , , , , ,2,1,0,0,1,0,0,0,0,0,0,0,1,1,0,0,0,0,0,1,0,1,0,1,0,0,0,0,0,0,0,0,0,0,0,8,0,40.0577,-75.1661, , 
52965,605956,2013109398,6,67,67301,2013,9,1,403,4,3,1,0,5,6, , ,N,0,0,0,3,0,0,1,2,N,N,40 02:05.241,75 11:48.122,403, ,403, ,0, ,N, ,0, , , , , , , , , ,2,2,0,0,0,0,0,0,0,0,0,0,0,0,0,0,0,0,0,0,0,0,0,0,0,0,0,0,0,0,0,0,0,0,0,0,0,40.0348,-75.1967, , 
52966,605967,2014009860,6,67,67301,2013,12,3,9999,99,1,3,1,8,1, , ,N,1,0,0,3,0,1,2,2,N,N,39 57:13.719,75 09:59.863,153, ,149, ,0, ,N, ,0, , , , , , , , , ,1,1,0,0,0,0,0,0,0,0,0,0,1,1,0,0,0,0,0,0,0,0,0,0,0,0,0,0,0,0,0,0,1,0,0,8,0,39.9538,-75.1666, , 
52967,605969,2014013177,6,67,67301,2013,12,2,1226,12,1,1,0,1,1, , ,N,1,2,0,3,0,3,4,2,N,N,39 55:26.584,75 13:39.696,1314, ,1310, ,0, ,N, ,3, , , , , , , , , ,2,0,0,0,2,0,0,0,0,0,0,0,3,3,0,0,0,0,0,0,1,0,0,0,0,0,0,0,0,0,0,0,0,0,0,8,0,39.9241,-75.2277, , 
52968,606002,2014013157,6,67,67301,2013,12,3,1145,11,1,1,0,8,1, , ,N,1,2,0,3,0,1,2,2,N,N,40 02:15.144,75 08:16.569,1208, ,1203, ,0, ,N, ,3, , , , , , , , , ,1,1,0,0,0,0,0,0,0,0,0,1,1,0,0,0,0,0,0,0,0,0,0,0,0,0,0,0,0,0,0,0,1,0,0,4,0,40.0376,-75.138, , 
52969,606010,2013121438,6,67,67301,2013,10,5,1700,17,1,1,0,8,1, , ,N,0,0,0,3,0,1,3,2,N,N,39 59:18.578,75 05:26.647,1705, ,1700, ,0, ,N, ,0, , , , , , , , , ,1,1,0,0,0,0,0,0,0,0,0,1,1,0,0,0,0,0,0,0,1,0,0,0,0,0,0,0,0,0,0,0,1,0,0,4,0,39.9885,-75.0907, , 
52970,606020,2013130046,6,67,67301,2013,9,4,1700,17,1,1,0,8,1, , ,N,0,0,0,3,0,1,3,2,N, ,39 57:43.880,75 14:32.744,1705, ,1702,3,2,3, , ,0,Y, , , , , , , , ,1,0,0,0,0,0,1,0,0,1,0,0,1,0,0,0,0,0,0,0,0,0,0,0,0,0,0,0,0,0,0,0,1,0,1,2,0,39.9622,-75.2424, , 
52971,606023,2014009867,6,67,67301,2013,12,2,9999,99,1,2,1,4,1, , ,N,2,0,0,3,0,1,3,2,N, ,40 00:22.003,75 04:57.824,1230, ,1228, ,0, , , ,0, , , , , , , , , ,2,2,0,0,0,0,0,0,0,0,0,1,1,0,0,0,0,0,0,0,0,0,0,0,0,0,0,0,0,0,0,0,0,0,0,4,0,40.0061,-75.0827, , 
52972,606034,2013129451,6,67,67301,2013,11,7,0,0,3,1,0,1,1, , ,N,0,2,0,3,0,2,3,2,N,N,40 05:00.374,75 01:34.547,10, ,1,9,1,2,N, ,3,N, , , , , , , , ,2,1,0,0,1,0,0,0,0,0,0,0,2,2,0,0,0,0,0,0,1,0,0,0,0,0,0,0,0,0,0,0,0,0,0,8,0,40.0834,-75.0263, , 
52973,606039,2014000548,6,67,67301,2013,12,2,744,7,1,2,1,7,4, , ,N,7,0,2,3,0,0,1,1,N,N,39 59:50.669,75 04:55.143,810, ,747,1,1,1,N, ,0,N, , , , , , , , ,1,1,0,0,0,0,0,0,0,0,0,0,0,0,0,0,0,0,0,0,1,0,0,0,0,0,0,0,0,0,0,0,0,0,0,0,0,39.9974,-75.082, , 
52974,606048,2013070485,6,67,67301,2013,6,1,222,2,3,1,0,4,1, , ,N,1,2,0,3,0,4,7,2,N, ,40 01:05.185,75 08:04.246,228, ,224, ,0, , , ,3, , , , , , , , , ,2,2,0,0,0,0,0,0,0,0,0,2,4,2,0,0,0,0,0,0,0,0,0,0,0,0,0,0,0,0,0,0,0,0,0,4,0,40.0181,-75.1345, , 
52975,606053,2013076373,6,67,67301,2013,7,6,115,1,3,1,0,1,1,1,4,Y,0,0,0,3,0,0,2,2,N,N,40 01:16.041,75 02:28.144,128,45,118,1,1,1,N, ,0,N,Y,N,N,N,Y,N,N,Y,2,2,0,0,0,0,0,0,0,0,0,0,0,0,0,0,0,0,0,0,0,0,0,0,0,0,0,0,0,0,0,0,0,0,0,0,0,40.0211,-75.0413, , 
52976,606056,2013121417,6,67,67301,2013,10,3,1551,15,1,1,0,4,1, , ,N,1,2,0,3,0,0,3,2,N,N,39 59:13.336,75 07:20.452,1605, ,1559, ,0, ,N, ,3, , , , , , , , , ,2,2,0,0,0,0,0,0,0,0,0,0,0,0,0,0,0,0,0,0,0,1,0,0,0,0,0,0,0,0,0,0,0,0,0,0,0,39.987,-75.1223, , 
52977,608573,2013129479,6,67,67301,2013,11,5,2336,23,3,1,0,5,1, , ,N,0,0,0,3,0,1,1,4,N,N,40 01:14.443,75 11:33.564,2345, ,2338, ,0, ,N, ,0, , , , , , , , , ,4,1,0,0,0,0,2,1,0,0,0,1,1,0,0,0,0,0,0,0,0,0,0,0,0,0,0,0,0,0,0,0,0,0,0,4,0,40.0207,-75.1927, , 
52978,608582,2014009858,6,67,67301,2013,12,6,1415,14,1,1,0,4,1, , ,N,3,2,6,3,0,1,2,2,N, ,39 57:52.244,75 10:40.261,1420, ,1415, ,0, , , ,3, , , , , , , , , ,2,2,0,0,0,0,0,0,0,0,0,0,1,1,0,0,0,0,0,0,0,0,0,0,0,0,0,0,0,0,0,0,0,0,0,8,0,39.9645,-75.1779, , 
52979,608591,2013121528,6,67,67301,2013,10,1,1840,18,4,1,0,4,1, , ,N,1,2,0,3,0,1,6,2,N, ,40 05:29.578,74 57:56.181,1846, ,1843, ,0, , , ,3, , , , , , , , , ,2,1,1,0,0,0,0,0,0,0,0,0,1,1,0,0,0,0,0,0,0,0,0,0,0,0,0,0,0,0,0,0,0,0,0,8,0,40.0915,-74.9656, , 
52980,608605,2014001052,6,67,67301,2013,11,1,1948,19,3,1,0,7,3, , ,N,0,0,0,3,0,1,1,1,N,N,39 53:35.418,75 14:08.507,1953, ,1949,2,1,1, , ,0,N, , , , , , , , ,1,1,0,0,0,0,0,0,0,0,0,1,1,0,0,0,0,0,0,0,0,0,0,0,0,0,0,0,0,0,0,0,0,0,0,4,0,39.8932,-75.2357, , 
52981,608606,2014009802,6,67,67301,2013,12,4,825,8,1,4,6,4,1, , ,N,2,3,0,3,0,0,2,2,N, ,40 01:41.815,75 11:05.129,9999, ,825, ,0, , , ,3, , , , , , , , , ,2,2,0,0,0,0,0,0,0,0,0,0,0,0,0,0,0,0,0,0,0,0,0,0,0,0,0,0,0,0,0,0,0,0,0,0,0,40.0283,-75.1848, , 
52982,608610,2014009773,6,67,67301,2013,12,5,9999,99,1,1,0,1,1, , ,N,0,2,0,3,0,0,3,2,N, ,39 55:49.306,75 10:05.948,1205, ,1159, ,0, , , ,3, , , , , , , , , ,2,2,0,0,0,0,0,0,0,0,0,0,0,0,0,0,0,0,0,0,0,0,0,0,0,0,0,0,0,0,0,0,0,0,0,0,0,39.9304,-75.1683, , 
52983,608611,2014013106,6,67,67301,2013,12,1,1815,18,3,2,1,4,1, , ,N,1,3,0,3,0,0,4,2,N,N,40 02:28.752,75 04:01.419,1853, ,1850, ,0, ,N, ,3, , , , , , , , , ,2,2,0,0,0,0,0,0,0,0,0,0,0,0,0,0,0,0,0,0,2,0,0,0,0,0,0,0,0,0,0,0,0,0,0,0,0,40.0413,-75.0671, , 
52984,608619,2013122898,6,67,67301,2013,10,4,1829,18,3,1,0,8,1, , ,N,0,0,0,3,0,1,2,2,N,N,39 57:18.359,75 12:37.594,1829, ,1829,1,1,4, , ,0,N, , , , , , , , ,1,0,0,0,1,0,0,0,0,0,0,1,1,0,0,0,0,0,0,0,1,0,0,0,0,0,0,0,0,0,0,0,1,0,0,4,0,39.9551,-75.2104, , 
52985,608622,2013124631,6,67,67301,2013,11,7,43,0,3,1,0,1,1, , ,N,2,2,7,3,0,0,2,3,N,N,40 03:19.907,75 07:34.654,114, ,112,2,1,3,N, ,3,Y, , , , , , , , ,3,3,0,0,0,0,0,0,0,0,0,0,0,0,0,0,0,0,0,0,0,0,0,0,0,0,0,0,0,0,0,0,0,0,0,0,0,40.0554,-75.1263, , 
52986,608628,2014013136,6,67,67301,2013,12,7,1805,18,3,1,0,4,1, , ,N,1,2,0,3,0,2,2,2,N,N,40 01:43.107,75 12:20.348,1810, ,1808,1,1,6,N, ,3,N, , , , , , , , ,2,1,0,0,0,0,0,1,0,0,0,0,2,2,0,0,0,0,0,0,1,0,0,0,0,0,0,0,0,0,0,0,0,0,0,8,0,40.0287,-75.2055, , 
52987,608629,2013115351,6,67,67301,2013,10,1,2047,20,1,1,0,4,1, , ,N,1,2,0,3,0,3,3,2,N,N,40 02:51.751,75 04:10.174,2056, ,2051, ,0, , , ,3, , , , , , , , , ,2,0,0,0,0,0,2,0,0,0,1,2,3,0,0,0,0,0,0,0,0,0,0,0,0,0,0,0,0,0,0,0,0,0,0,3,0,40.0468,-75.0703, , 
52988,608653,2014013164,6,67,67301,2013,12,2,45,0,3,1,1,7,3, , ,N,0,0,0,3,0,1,1,1,N,N,40 01:43.791,75 11:25.311,48, ,43,1,1,2,N, ,0,Y, , , , , , , , ,1,0,0,0,0,0,1,0,0,0,1,0,1,0,0,0,0,1,0,0,0,0,0,0,0,0,0,0,0,0,0,0,0,0,0,3,0,40.0288,-75.1904, , 
52989,608664,2013122097,6,67,67301,2013,10,5,930,9,1,1,0,1,1, , ,N,1,2,0,3,0,1,3,2,N,N,39 57:18.748,75 09:15.505,936, ,934, ,0, ,N, ,3, , , , , , , , , ,2,1,0,1,0,0,0,0,0,0,0,0,1,1,0,0,0,0,0,0,1,0,0,0,0,0,0,0,0,0,0,0,0,0,0,8,1,39.9552,-75.1543, , 
52990,608671,2013114980,6,67,67301,2013,11,3,1919,19,3,1,0,7,2, , ,N,0,0,0,3,0,0,1,1,N,N,39 57:28.643,75 10:49.257,1925, ,1919,1,1,3,N, ,0,N, , , , , , , , ,1,1,0,0,0,0,0,0,0,0,0,0,0,0,0,0,0,0,0,0,0,0,0,0,0,0,0,0,0,0,0,0,0,0,0,0,0,39.958,-75.1803, , 
52991,608680,2013122654,6,67,67301,2013,11,6,1851,18,2,1,0,1,7, , ,N,6,4,2,3,0,7,8,2,N,N,39 57:26.946,75 08:48.339,1851, ,1851, ,0, ,N, ,3, , , , , , , , , ,2,1,0,0,0,0,1,0,0,0,0,0,7,7,0,0,0,0,0,0,0,0,0,0,0,0,0,0,0,0,0,0,0,0,0,8,0,39.9575,-75.1468, , 
52992,608707,2013122580,6,67,67301,2013,12,3,739,7,1,1,0,1,1, , ,N,0,0,0,3,0,1,4,2,N,N,39 54:00.525,75 09:34.257,754, ,741,1,2,2,N, ,0,N, , , , , , , , ,2,2,0,0,0,0,0,0,0,0,0,0,1,1,0,0,0,0,0,0,0,0,0,0,0,0,0,0,0,0,0,0,0,0,0,8,0,39.9001,-75.1595, , 
52993,608714,2013130104,6,67,67301,2013,11,4,1755,17,3,2,1,4,1, , ,N,1,3,0,3,0,1,2,2,N,N,39 56:16.321,75 09:13.399,1802, ,1800, ,0, ,N, ,3, , , , , , , , , ,1,0,0,0,0,0,1,0,1,0,0,1,1,0,0,0,0,0,0,0,1,0,0,0,0,0,0,0,0,0,0,0,0,0,0,4,0,39.9379,-75.1537, , 
52994,608723,2014003303,6,67,67301,2013,12,5,800,8,1,1,0,8,1, , ,N,1,2,0,3,0,1,2,2,N,N,40 02:20.571,75 08:40.639,920, ,900, ,0, ,N, ,3, , , , , , , , , ,1,1,0,0,0,0,0,0,0,0,0,1,1,0,0,0,0,0,0,0,0,0,0,0,0,0,0,0,0,0,0,0,1,0,0,4,0,40.039,-75.1446, , 
52995,613914,2013121387,6,67,67301,2013,10,7,211,2,3,1,0,9,1, , ,N,0,0,0,3,0,1,1,1,N, ,40 06:26.645,74 59:52.314,221, ,211,1,1,2, , ,0,Y, , , , , , , , ,1,0,1,0,0,0,0,0,0,0,0,0,1,1,0,0,0,0,0,0,1,0,0,0,0,0,0,0,0,0,0,0,0,0,0,8,0,40.1074,-74.9979, , 