objectid_1,objectid,crn,district,county,municipality,crash_year,crash_month,day_of_week,time_of_day,hour_of_day,illumination,weather,road_condition,collision_type,relation_to_road,work_zone_type,work_zone_loc,work_zone_ind,intersect_type,tcd_type,location_type,urban_rural,fatal_count,injury_count,person_count,total_units,sch_bus_ind,sch_zone_ind,latitude,longitude,arrival_tm,cons_zone_spd_lim,dispatch_tm,est_hrs_closed,lane_closed,ln_close_dir,ntfy_hiwy_maint,spec_juris_cd,tcd_func_cd,tfc_detour_ind,workers_pres,wz_close_detour,wz_flagger,wz_law_offcr_ind,wz_ln_closure,wz_moving,wz_other,wz_shlder_mdn,vehicle_count,automobile_count,motorcycle_count,bus_count,small_truck_count,heavy_truck_count,suv_count,van_count,bicycle_count,maj_inj_count,mod_inj_count,min_inj_count,tot_inj_count,unk_inj_deg_count,unk_inj_per_count,driver_count_16yr,driver_count_17yr,driver_count_18yr,driver_count_19yr,driver_count_20yr,driver_count_50_64yr,driver_count_65_74yr,driver_count_75plus,unbelted_occ_count,unb_death_count,unb_maj_inj_count,belted_death_count,belted_maj_inj_count,mcycle_death_count,mcycle_maj_inj_count,bicycle_death_count,bicycle_maj_inj_count,ped_count,ped_death_count,ped_maj_inj_count,max_severity_level,comm_veh_count,dec_lat,dec_long,rdwy_surf_type_cd,county_name
53131,609014,2013121426,6,67,67301,2013,10,5,1206,12,1,1,0,1,1, , ,N,0,0,7,3,0,4,6,2,N,N,40 02:44.116,75 07:41.383,1215, ,1215, ,0, ,N, ,0, , , , , , , , , ,2,1,0,0,1,0,0,0,0,0,0,0,4,4,0,0,0,0,0,1,0,0,0,0,0,0,0,0,0,0,0,0,0,0,0,8,0,40.0456,-75.1282, , 
53132,609023,2013130088,6,67,67301,2013,11,6,1320,13,1,2,1,4,1, , ,N,1,3,0,3,0,0,3,4,N,N,40 04:08.738,75 10:03.928,1334, ,1324, ,0, , , ,3, , , , , , , , , ,4,3,0,0,0,0,1,0,0,0,0,0,0,0,0,0,0,0,0,0,0,0,0,0,0,0,0,0,0,0,0,0,0,0,0,0,0,40.0691,-75.1678, , 
53133,609035,2013114475,6,67,67301,2013,10,1,15,0,3,1,1,5,6, , ,N,0,0,0,3,0,0,1,2,N, ,40 02:16.407,75 01:56.740,100, ,56, ,0, ,N, ,0, , , , , , , , , ,2,1,0,0,1,0,0,0,0,0,0,0,0,0,0,0,0,0,0,0,0,0,0,0,0,0,0,0,0,0,0,0,0,0,0,0,0,40.0379,-75.0324, , 
53134,609043,2013121538,6,67,67301,2013,9,2,1351,13,1,1,0,4,1, , ,N,1,2,0,3,0,0,4,2,N,N,40 01:08.804,75 04:53.258,1352, ,1351, ,0, ,N, ,3, , , , , , , , , ,2,2,0,0,0,0,0,0,0,0,0,0,0,0,0,0,0,0,0,0,0,0,0,2,0,0,0,0,0,0,0,0,0,0,0,0,0,40.0191,-75.0815, , 
53135,609069,2013080031,6,67,67301,2013,7,7,230,2,3,1,1,5,2, , ,N,0,0,0,3,0,0,1,3,N,N,39 59:44.080,75 07:47.528,245, ,230, ,0, ,N, ,0, , , , , , , , , ,3,2,0,0,0,0,1,0,0,0,0,0,0,0,0,0,0,0,0,0,0,0,1,0,0,0,0,0,0,0,0,0,0,0,0,0,0,39.9956,-75.1299, , 
53136,609082,2013096062,6,67,67301,2013,8,6,1245,12,1,1,0,5,1, , ,N,0,0,0,3,0,0,1,2,N,N,40 02:27.377,75 01:45.545,1300, ,1257, ,0, , , ,0, , , , , , , , , ,2,1,0,0,0,1,0,0,0,0,0,0,0,0,0,0,0,0,0,0,1,0,0,0,0,0,0,0,0,0,0,0,0,0,0,0,1,40.0409,-75.0293, , 
53137,609086,2013098395,6,67,67301,2013,8,5,217,2,3,6,1,7,3, , ,N,2,2,0,3,0,3,3,1,N,N,39 56:52.017,75 13:52.855,228, ,226, ,0, ,N, ,3, , , , , , , , , ,1,1,0,0,0,0,0,0,0,0,1,2,3,0,0,0,0,0,1,0,0,0,0,0,0,0,0,0,0,0,0,0,0,0,0,3,0,39.9478,-75.2313, , 
53138,609087,2013100639,6,67,67301,2013,10,6,1920,19,3,1,0,1,1, , ,N,0,0,0,3,0,2,3,2,N,N,39 57:41.480,75 10:57.319,1934, ,1920, ,0, ,N, ,0, , , , , , , , , ,2,1,0,0,1,0,0,0,0,0,0,0,2,2,0,0,0,0,0,0,0,0,0,0,0,0,0,0,0,0,0,0,0,0,0,8,0,39.9615,-75.1826, , 
53139,609088,2013101106,6,67,67301,2013,9,1,2110,21,3,1,0,8,1, , ,N,1,0,0,3,0,1,2,2,N, ,40 02:41.121,75 03:59.421,2120, ,2117, ,0, , , ,0, , , , , , , , , ,1,1,0,0,0,0,0,0,0,0,0,0,1,1,0,0,0,0,0,0,0,0,0,0,0,0,0,0,0,0,0,0,1,0,0,8,0,40.0448,-75.0665, , 
53140,614316,2013114468,6,67,67301,2013,10,5,835,8,1,1,0,4,1, , ,N,1,0,0,3,0,1,2,3,N,N,39 58:35.688,75 09:50.817,845, ,840, ,0, ,N, ,0, , , , , , , , , ,3,2,0,0,0,0,1,0,0,0,0,1,1,0,0,0,0,0,0,0,0,0,0,0,0,0,0,0,0,0,0,0,0,0,0,4,0,39.9766,-75.1641, , 
53141,614336,2014009747,6,67,67301,2013,12,5,1611,16,4,1,0,4,1, , ,N,1,2,0,3,0,1,2,2,N,N,39 57:48.112,75 11:14.766,1613, ,1611, ,0, ,N, ,3, , , , , , , , , ,2,0,0,0,1,0,1,0,0,0,0,1,1,0,0,0,0,0,0,0,1,0,0,0,0,0,0,0,0,0,0,0,0,0,0,4,0,39.9634,-75.1875, , 
53142,614337,2014009797,6,67,67301,2013,12,1,2140,21,3,1,0,1,1, , ,N,0,2,7,3,0,1,2,2,N, ,39 56:30.740,75 10:51.070,2150, ,2146, ,0, , , ,3, , , , , , , , , ,2,1,0,0,1,0,0,0,0,0,0,1,1,0,0,0,0,0,0,0,0,1,0,0,0,0,0,0,0,0,0,0,0,0,0,4,0,39.9419,-75.1809, , 
53143,614338,2014013111,6,67,67301,2013,11,3,1126,11,1,2,1,4,1, , ,N,2,3,0,3,0,2,2,2,N,N,40 01:29.334,75 09:42.490,1149, ,1146,1,2,5,N, ,3,Y, , , , , , , , ,2,1,0,0,0,0,1,0,0,0,0,2,2,0,0,0,0,0,0,0,0,0,0,0,0,0,0,0,0,0,0,0,0,0,0,4,0,40.0248,-75.1618, , 
53144,614364,2013124835,6,67,67301,2013,12,4,843,8,1,1,0,1,1,1,4,Y,0,0,0,3,0,1,9,5,N,N,40 01:18.216,75 02:21.617,849,45,843,1,1,1,N, ,0,N,Y,N,N,N,Y,N,N,Y,5,3,0,0,2,0,0,0,0,0,0,1,1,0,2,0,0,0,0,1,0,1,0,3,0,0,0,0,0,0,0,0,0,0,0,4,0,40.0217,-75.0395, , 
53145,614365,2013125969,6,67,67301,2013,11,3,730,7,1,4,1,1,1, , ,N,3,2,0,3,0,2,3,3,N, ,40 06:08.974,75 02:18.448,752, ,750, ,0, , , ,3, , , , , , , , , ,3,0,0,0,2,0,1,0,0,0,0,0,2,2,0,0,0,0,0,0,1,0,0,0,0,0,0,0,0,0,0,0,0,0,0,8,0,40.1025,-75.0385, , 
53146,614369,2013129431,6,67,67301,2013,11,7,2044,20,3,9,0,4,1, , ,N,1,2,0,3,0,3,4,2,N,N,40 03:54.737,75 10:31.167,2055, ,2049, ,0, ,N, ,3, , , , , , , , , ,2,1,0,0,0,0,1,0,0,0,2,1,3,0,0,0,0,0,0,0,0,0,0,0,0,0,0,0,0,0,0,0,0,0,0,3,0,40.0652,-75.1753, , 
53147,614413,2013086945,6,67,67301,2013,8,5,1543,15,1,1,0,1,1, , ,N,1,2,0,3,0,1,2,2,N, ,40 06:50.525,74 59:15.412,1550, ,1545, ,0, , , ,3, , , , , , , , , ,2,2,0,0,0,0,0,0,0,0,0,0,1,1,0,0,0,0,0,0,1,0,0,0,0,0,0,0,0,0,0,0,0,0,0,8,0,40.114,-74.9876, , 
53148,614414,2013088218,6,67,67301,2013,8,4,1325,13,1,2,1,5,1, , ,N,0,0,0,3,0,0,2,2,N,N,39 56:47.883,75 11:20.199,1325, ,1325,1,2,3,N, ,0,N, , , , , , , , ,2,2,0,0,0,0,0,0,0,0,0,0,0,0,1,0,0,0,0,0,0,0,0,0,0,0,0,0,0,0,0,0,0,0,0,9,0,39.9466,-75.1889, , 
53149,614425,2013109383,6,46,46102,2013,9,2,859,8,1,1,0,4,1, , ,N,1,2,0,3,0,1,2,2,N,N,40 04:30.988,75 09:37.550,940, ,922, ,0, ,N, ,3, , , , , , , , , ,2,1,0,0,0,0,1,0,0,0,0,1,1,0,0,0,1,0,0,0,0,1,0,0,0,0,0,0,0,0,0,0,0,0,0,4,0,40.0753,-75.1604, , 
53150,614454,2013120046,6,67,67301,2013,11,7,1900,19,3,1,0,1,1, , ,N,0,0,0,3,0,0,2,2,N,N,39 58:28.952,75 11:39.781,1917, ,1911,1,2,3,N, ,0,N, , , , , , , , ,2,1,0,0,0,0,1,0,0,0,0,0,0,0,0,0,0,0,0,0,0,1,0,0,0,0,0,0,0,0,0,0,0,0,0,0,0,39.9747,-75.1944, , 
53151,614455,2013121504,6,67,67301,2013,10,6,1900,19,4,1,0,1,1, , ,N,2,2,0,3,0,2,3,2,N, ,40 03:24.505,75 09:38.479,9999, ,9999, ,0, ,N, ,3, , , , , , , , , ,2,2,0,0,0,0,0,0,0,0,0,0,2,2,0,0,0,0,0,0,1,0,0,0,0,0,0,0,0,0,0,0,0,0,0,8,0,40.0568,-75.1607, , 
53152,614458,2013123050,6,67,67301,2013,11,4,2318,23,3,1,0,4,1, , ,N,1,2,0,3,0,1,2,2,N,N,39 55:25.798,75 14:12.901,2318, ,2318, ,0, ,N, ,3, , , , , , , , , ,2,1,0,0,1,0,0,0,0,0,0,0,1,1,0,0,0,0,0,0,0,0,0,0,0,0,0,0,0,0,0,0,0,0,0,8,0,39.9238,-75.2369, , 
53153,614472,2013124657,6,67,67301,2013,11,7,946,9,1,1,0,7,2, , ,N,0,0,0,3,0,0,1,1,N,N,40 01:06.877,75 10:59.390,950, ,946, ,0, ,N, ,0, , , , , , , , , ,1,0,0,0,1,0,0,0,0,0,0,0,0,0,0,0,0,0,0,0,0,0,0,0,0,0,0,0,0,0,0,0,0,0,0,0,0,40.0186,-75.1832, , 
53154,614487,2014010174,6,67,67301,2013,12,6,54,0,3,2,1,7,5, , ,N,0,0,0,3,0,1,1,1,N,N,39 58:57.309,75 12:27.900,104, ,56,1,1,4,N, ,0,N, , , , , , , , ,1,1,0,0,0,0,0,0,0,0,0,1,1,0,0,0,0,0,0,0,0,0,0,0,0,0,0,0,0,0,0,0,0,0,0,4,0,39.9826,-75.2078, , 
53155,614490,2013111868,6,67,67301,2013,10,2,1503,15,1,2,1,7,2, , ,N,0,0,0,3,0,0,2,1,N, ,39 58:19.489,75 11:23.837,1508, ,1504,1,1,1, , ,0,N, , , , , , , , ,1,1,0,0,0,0,0,0,0,0,0,0,0,0,0,0,0,0,0,0,0,0,0,0,0,0,0,0,0,0,0,0,0,0,0,0,0,39.9721,-75.19, , 
53156,614491,2013111892,6,67,67301,2013,10,7,2000,20,3,2,1,5,2, , ,N,0,0,0,3,0,2,3,2,N,N,40 00:24.447,75 08:34.427,2000, ,2000, ,0, ,N, ,0, , , , , , , , , ,2,2,0,0,0,0,0,0,0,0,0,2,2,0,1,0,0,0,0,1,0,0,0,0,0,0,0,0,0,0,0,0,0,0,0,4,0,40.0068,-75.1429, , 
53157,614499,2013121350,6,67,67301,2013,11,6,213,2,3,1,1,7,5, , ,N,0,0,0,3,0,1,1,1,N, ,40 00:33.411,75 10:05.068,227, ,225, ,0, , , ,0, , , , , , , , , ,1,0,0,0,0,0,1,0,0,0,0,1,1,0,0,0,0,0,0,0,0,0,0,0,0,0,0,0,0,0,0,0,0,0,0,4,0,40.0093,-75.1681, , 
53158,611870,2013126006,6,67,67301,2013,11,5,125,1,3,1,0,4,1, , ,N,1,0,0,3,0,1,2,2,N,N,40 01:57.288,75 05:29.158,129, ,125,2,1,1,N, ,0,N, , , , , , , , ,2,1,0,0,0,0,1,0,0,0,0,0,1,1,0,0,0,0,0,0,1,0,0,0,0,0,0,0,0,0,0,0,0,0,0,8,0,40.0326,-75.0914, , 
53159,611878,2014009671,6,67,67301,2013,12,1,1900,19,3,2,1,1,1, , ,N,0,0,0,3,0,0,2,2,N,N,39 55:30.368,75 11:36.571,1910, ,1904, ,0, ,N, ,0, , , , , , , , , ,2,1,0,0,0,0,1,0,0,0,0,0,0,0,0,0,0,0,0,0,0,0,0,0,0,0,0,0,0,0,0,0,0,0,0,0,0,39.9251,-75.1935, , 
53160,611879,2014009866,6,67,67301,2013,12,5,748,7,1,1,0,1,1, , ,N,0,0,7,3,0,0,3,2,N, ,40 03:14.502,75 04:15.926,749, ,748, ,0, , , ,0, , , , , , , , , ,2,1,0,0,0,0,1,0,0,0,0,0,0,0,0,0,0,0,0,0,1,0,0,0,0,0,0,0,0,0,0,0,0,0,0,0,0,40.054,-75.0711, , 
53161,611886,2013104375,6,67,67301,2013,9,7,1813,18,1,1,0,4,1, , ,N,2,3,0,3,0,0,2,2,N,N,40 05:06.788,75 02:54.193,1828, ,1826,1,1,3,N, ,3,N, , , , , , , , ,2,1,0,0,0,0,1,0,0,0,0,0,0,0,0,0,0,0,0,0,0,0,0,0,0,0,0,0,0,0,0,0,0,0,0,0,0,40.0852,-75.0484, , 
53162,611900,2013121487,6,67,67301,2013,11,6,1140,11,1,2,1,1,1, , ,N,0,0,0,3,0,0,2,2,N, ,40 06:02.278,75 01:24.446,1150, ,1148, ,0, ,N, ,0, , , , , , , , , ,2,2,0,0,0,0,0,0,0,0,0,0,0,0,0,0,0,0,0,0,1,0,1,0,0,0,0,0,0,0,0,0,0,0,0,0,0,40.1006,-75.0235, , 
53163,611905,2013125391,6,67,67301,2013,10,5,348,3,3,2,1,4,1, , ,N,0,0,0,3,0,0,1,2,N,N,39 53:34.047,75 13:32.423,402, ,353,2,2,2,N, ,0,Y, , , , , , , , ,2,2,0,0,0,0,0,0,0,0,0,0,0,0,0,0,0,0,0,0,0,0,0,0,0,0,0,0,0,0,0,0,0,0,0,0,0,39.8928,-75.2257, , 
53164,611917,2014000559,6,67,67301,2013,12,7,229,2,3,1,0,1,1, , ,N,0,0,0,3,0,0,3,2,N,N,39 56:18.053,75 08:38.427,237, ,230, ,0, ,N, ,0, , , , , , , , , ,2,2,0,0,0,0,0,0,0,0,0,0,0,0,0,0,0,0,0,0,0,0,0,0,0,0,0,0,0,0,0,0,0,0,0,0,0,39.9383,-75.144, , 
53165,611918,2014003304,6,67,67301,2013,12,5,1220,12,1,1,0,4,1, , ,N,1,0,0,3,0,0,3,2,N,N,39 58:13.265,75 08:50.565,1228, ,1222, ,0, ,N, ,0, , , , , , , , , ,2,2,0,0,0,0,0,0,0,0,0,0,0,0,0,0,0,0,0,0,0,0,0,0,0,0,0,0,0,0,0,0,0,0,0,0,0,39.9704,-75.1474, , 
53166,611919,2014022791,6,67,67301,2013,12,4,127,1,3,1,0,5,1, , ,N,0,0,0,3,0,1,1,3,N,N,39 58:45.102,75 07:20.145,135, ,130,9,2,3, , ,0,Y, , , , , , , , ,3,2,0,0,0,0,1,0,0,0,0,0,1,1,0,0,0,0,0,0,1,0,0,0,0,0,0,0,0,0,0,0,0,0,0,8,0,39.9792,-75.1223, , 
53167,611933,2013109424,6,67,67301,2013,9,7,215,2,3,1,0,1,6, , ,N,0,0,0,3,0,0,1,3,N,N,40 04:21.647,75 10:43.404,217, ,217, ,0, ,N, ,0, , , , , , , , , ,3,1,0,0,0,0,1,1,0,0,0,0,0,0,0,0,0,0,0,0,0,0,0,0,0,0,0,0,0,0,0,0,0,0,0,0,0,40.0727,-75.1787, , 
53168,611973,2013122981,6,67,67301,2013,11,4,2339,23,3,1,0,2,1, , ,N,1,2,0,3,0,1,2,2,N,N,40 02:04.023,75 06:53.623,2352, ,2343, ,0, ,N, ,3, , , , , , , , , ,2,0,1,0,0,0,1,0,0,0,0,0,1,1,0,0,0,0,0,0,0,0,0,0,0,0,0,0,0,0,0,0,0,0,0,8,0,40.0345,-75.1149, , 
53169,611976,2013125995,6,67,67301,2013,11,1,935,9,1,1,0,4,1, , ,N,1,3,0,3,0,1,3,2,N,N,39 57:34.066,75 13:37.293,955, ,940, ,0, ,N, ,3, , , , , , , , , ,2,2,0,0,0,0,0,0,0,0,0,1,1,0,0,0,0,0,0,0,0,1,0,0,0,0,0,0,0,0,0,0,0,0,0,4,0,39.9595,-75.227, , 
53170,611992,2013096001,6,67,67301,2013,8,4,1630,16,1,1,0,8,1, , ,N,2,0,0,3,0,1,2,2,N, ,40 01:22.616,75 13:09.501,1639, ,1636, ,0, , , ,0, , , , , , , , , ,1,1,0,0,0,0,0,0,0,0,0,0,1,1,0,0,0,0,0,0,0,0,0,0,0,0,0,0,0,0,0,0,1,0,0,8,0,40.0229,-75.2193, , 
53171,611994,2013098444,6,67,67301,2013,8,1,1725,17,1,1,0,4,1, , ,N,1,3,0,3,0,0,2,2,N,N,39 58:40.742,75 14:54.067,1726, ,1726, ,0, ,N, ,3, , , , , , , , , ,2,2,0,0,0,0,0,0,0,0,0,0,0,0,0,0,0,0,0,0,0,1,0,1,0,0,0,0,0,0,0,0,0,0,0,0,0,39.978,-75.2484, , 
53172,611995,2013098526,6,67,67301,2013,10,4,1730,17,1,1,0,1,1,1,2,Y,0,0,0,3,0,0,2,2,N,N,39 53:55.455,75 10:13.022,1751,45,1735, ,0, ,N, ,0, ,N,N,N,N,Y,N,N,Y,2,2,0,0,0,0,0,0,0,0,0,0,0,0,0,0,0,0,0,0,0,0,0,0,0,0,0,0,0,0,0,0,0,0,0,0,0,39.8987,-75.1703, , 
53173,611999,2013101061,6,67,67301,2013,9,2,1525,15,1,1,0,4,1, , ,N,1,2,0,3,0,1,2,2,N,N,39 57:44.547,75 09:41.289,1835, ,1830, ,0, ,N, ,3, , , , , , , , , ,2,1,0,0,1,0,0,0,0,0,0,1,1,0,0,0,0,0,0,0,0,0,0,2,0,0,0,0,0,0,0,0,0,0,0,4,0,39.9621,-75.1614, , 
53174,612020,2013122978,6,67,67301,2013,11,3,1300,13,1,1,0,1,1, , ,N,0,0,0,3,0,1,3,2,N, ,39 56:59.192,75 12:27.018,1310, ,1300, ,0, , , ,0, , , , , , , , , ,2,1,0,0,1,0,0,0,0,0,0,1,1,0,0,0,0,0,0,0,0,0,0,0,0,0,0,0,0,0,0,0,0,0,0,4,0,39.9498,-75.2075, , 
53175,612034,2014010372,6,67,67301,2013,12,6,1630,16,3,2,1,8,1, , ,N,1,2,0,3,0,1,2,2,N, ,39 56:29.947,75 13:21.989,1645, ,1638, ,0, , , ,3, , , , , , , , , ,1,1,0,0,0,0,0,0,0,0,1,0,1,0,0,0,0,0,0,0,0,1,0,0,0,0,0,0,0,0,0,0,1,0,0,3,0,39.9417,-75.2228, , 
53176,612036,2014019130,6,67,67301,2013,9,3,9999,99,1,1,0,4,1, , ,N,1,2,0,3,0,0,3,2,N,N,39 59:21.645,75 07:14.530,9999, ,9999, ,0, ,N, ,3, , , , , , , , , ,2,2,0,0,0,0,0,0,0,0,0,0,0,0,0,0,0,0,0,0,1,0,0,0,0,0,0,0,0,0,0,0,0,0,0,0,0,39.9893,-75.1207, , 
53177,606454,2014006904,6,67,67301,2013,12,5,9999,99,1,1,0,4,1, , ,N,1,3,0,3,0,3,4,2,N, ,40 00:46.291,75 04:18.659,1758, ,1751, ,0, , , ,3, , , , , , , , , ,2,2,0,0,0,0,0,0,0,0,0,3,3,0,0,0,0,0,1,0,0,0,0,0,0,0,0,0,0,0,0,0,0,0,0,4,0,40.0129,-75.0718, , 
53178,606455,2014013564,6,67,67301,2013,12,1,1540,15,1,2,1,5,1, , ,N,0,0,0,3,0,0,1,2,N,N,39 58:19.030,75 09:47.751,1559, ,1558, ,0, ,N, ,0, , , , , , , , , ,2,1,0,0,0,0,1,0,0,0,0,0,0,0,0,0,0,0,0,0,0,0,0,0,0,0,0,0,0,0,0,0,0,0,0,0,0,39.972,-75.1633, , 
53179,606473,2013124623,6,67,67301,2013,11,2,9999,99,1,1,0,4,1, , ,N,1,1,0,3,0,1,2,2,N,N,40 00:45.346,75 09:39.342,950, ,930,1,1,4, , ,3,N, , , , , , , , ,2,2,0,0,0,0,0,0,0,0,0,1,1,0,0,0,0,0,0,0,1,0,0,0,0,0,0,0,0,0,0,0,0,0,0,4,0,40.0126,-75.1609, , 
53180,606476,2013125993,6,67,67301,2013,10,1,1954,19,1,1,0,4,1, , ,N,1,2,0,3,0,3,6,2,N,N,39 59:24.604,75 10:25.157,1957, ,1955, ,0, ,N, ,3, , , , , , , , , ,2,2,0,0,0,0,0,0,0,0,0,0,3,3,0,0,0,0,0,0,0,0,0,0,0,0,0,0,0,0,0,0,0,0,0,8,0,39.9902,-75.1737, , 
53181,606486,2014009691,6,67,67301,2013,12,2,835,8,1,1,0,4,1, , ,N,1,3,0,3,0,1,3,2,N, ,39 58:28.135,75 14:20.889,846, ,839, ,0, , , ,3, , , , , , , , , ,2,1,0,0,0,0,0,1,0,0,0,0,1,1,0,0,0,0,0,0,0,0,0,0,0,0,0,0,0,0,0,0,0,0,0,8,0,39.9745,-75.2391, , 
53182,606487,2014009711,6,67,67301,2013,12,5,2315,23,3,2,1,4,1, , ,N,1,1,0,3,0,1,2,2,N,N,39 56:08.036,75 09:19.410,2331, ,2329,2,2,4,N, ,3,Y, , , , , , , , ,2,1,0,0,1,0,0,0,0,0,0,1,1,0,0,0,0,0,0,0,0,0,0,0,0,0,0,0,0,0,0,0,0,0,0,4,0,39.9356,-75.1554, , 
53183,606494,2014002737,6,67,67301,2013,11,5,2234,22,3,1,0,5,1, , ,N,0,0,0,3,0,1,2,2,N, ,39 55:31.696,75 08:42.726,2319, ,2314, ,0, , , ,0, , , , , , , , , ,1,0,0,0,1,0,0,0,1,0,1,0,1,0,0,0,0,0,0,0,0,0,0,1,0,0,0,0,0,0,0,0,0,0,0,3,0,39.9255,-75.1452, , 
53184,606495,2014002764,6,67,67301,2013,11,3,1803,18,3,2,1,4,1, , ,N,1,2,0,3,0,1,2,2,N,N,40 06:13.309,74 59:00.376,1820, ,1803, ,0, ,N, ,3, , , , , , , , , ,2,2,0,0,0,0,0,0,0,0,0,1,1,0,0,0,0,0,0,0,1,0,0,0,0,0,0,0,0,0,0,0,0,0,0,4,0,40.1037,-74.9834, , 
53185,606496,2014009847,6,67,67301,2013,12,1,9999,99,1,4,1,8,1, , ,N,0,0,7,3,0,1,2,2,N, ,40 06:41.988,74 59:13.063,9999, ,9999,1,1,2, , ,0,Y, , , , , , , , ,1,0,0,0,0,0,1,0,0,0,1,0,1,0,0,0,0,0,0,0,0,0,0,0,0,0,0,0,0,0,0,0,1,0,0,3,0,40.1117,-74.987, , 
53186,606510,2014009770,6,67,67301,2013,12,5,1302,13,1,1,0,4,1, , ,N,1,2,0,3,0,0,3,2,N,N,39 55:14.279,75 10:13.546,1307, ,1304,2,1,1, , ,3,N, , , , , , , , ,2,0,0,0,2,0,0,0,0,0,0,0,0,0,3,0,0,0,0,0,0,0,0,0,0,0,0,0,0,0,0,0,0,0,0,9,0,39.9206,-75.1704, , 
53187,606511,2014009793,6,67,67301,2013,12,6,615,6,3,1,1,8,1, , ,N,1,3,0,3,0,1,2,2,N,N,40 02:47.054,75 04:34.337,630, ,615, ,0, ,N, ,3, , , , , , , , , ,1,1,0,0,0,0,0,0,0,0,0,1,1,0,0,0,0,0,0,0,1,0,0,0,0,0,0,0,0,0,0,0,1,0,0,4,0,40.0464,-75.0762, , 
53188,606544,2013125912,6,67,67301,2013,11,7,1535,15,1,1,0,4,1, , ,N,1,2,0,3,0,0,3,2,N,N,39 56:35.142,75 12:54.968,1545, ,1540, ,0, ,N, ,3, , , , , , , , , ,2,2,0,0,0,0,0,0,0,0,0,0,0,0,0,0,0,0,0,0,0,0,0,0,0,0,0,0,0,0,0,0,0,0,0,0,0,39.9431,-75.2153, , 
53189,606553,2014001005,6,67,67301,2013,11,5,9999,99,1,1,0,1,6, , ,N,0,0,0,3,0,0,1,3,N, ,40 03:30.568,75 04:13.160,835, ,830, ,0, ,N, ,0, , , , , , , , , ,3,3,0,0,0,0,0,0,0,0,0,0,0,0,1,0,0,0,0,0,0,0,0,0,0,0,0,0,0,0,0,0,0,0,0,9,0,40.0585,-75.0703, , 
53190,606558,2013123049,6,67,67301,2013,11,2,1227,12,1,1,0,4,1, , ,N,1,2,0,3,0,0,3,2,N, ,39 56:22.436,75 13:13.011,1229, ,1228,1,1,3, , ,3,N, , , , , , , , ,2,1,0,0,0,0,1,0,0,0,0,0,0,0,0,0,0,0,0,0,0,0,0,0,0,0,0,0,0,0,0,0,0,0,0,0,0,39.9396,-75.2203, , 
53191,606559,2013124656,6,67,67301,2013,11,6,1659,16,3,1,0,4,1, , ,N,1,2,0,3,0,1,2,2,N,N,40 01:41.801,75 07:12.241,1753, ,1747, ,0, ,N, ,3, , , , , , , , , ,2,1,0,0,0,0,1,0,0,0,0,1,1,0,0,0,0,0,0,0,0,0,0,0,0,0,0,0,0,0,0,0,0,0,0,4,0,40.0283,-75.1201, , 
53192,606583,2013111446,6,67,67301,2013,11,6,1618,16,1,1,0,5,1, , ,N,0,0,0,3,0,1,3,2,N,N,39 57:34.979,75 10:35.611,1623, ,1622,3,1,4,N, ,0,N, , , , , , , , ,2,1,0,0,0,0,1,0,0,0,0,1,1,0,0,0,0,0,0,0,0,0,0,0,0,0,0,0,0,0,0,0,0,0,0,4,0,39.9597,-75.1766, , 
53193,606604,2013128385,6,67,67301,2013,12,6,1305,13,1,1,0,1,1, , ,N,0,0,0,3,0,1,2,2,N,N,39 59:26.527,75 12:17.140,1410, ,1400, ,0, ,N, ,0, , , , , , , , , ,2,2,0,0,0,0,0,0,0,0,0,1,1,0,0,0,0,0,0,0,0,1,0,0,0,0,0,0,0,0,0,0,0,0,0,4,0,39.9907,-75.2048, , 
53194,606611,2014001108,6,67,67301,2013,11,2,9999,99,1,1,0,5,2, , ,N,0,0,0,3,0,2,2,4,N, ,39 56:18.899,75 13:58.999,817, ,815, ,0, , , ,0, , , , , , , , , ,4,3,0,0,1,0,0,0,0,0,0,2,2,0,0,0,0,0,0,0,0,0,0,0,0,0,0,0,0,0,0,0,0,0,0,4,0,39.9386,-75.2331, , 
53195,609096,2013129495,6,67,67301,2013,11,4,1600,16,1,1,0,4,1, , ,N,1,3,0,3,0,1,2,2,N, ,40 01:52.664,75 03:58.343,1631, ,1629,2,1,3, , ,3,N, , , , , , , , ,2,2,0,0,0,0,0,0,0,0,0,1,1,0,1,0,0,0,0,0,0,1,0,0,0,0,0,0,0,0,0,0,0,0,0,4,0,40.0313,-75.0662, , 
53196,609101,2014003313,6,67,67301,2013,12,5,842,8,1,6,1,4,1, , ,N,3,2,0,3,0,2,3,3,N,N,39 59:15.701,75 12:58.133,859, ,845,3,2,2,N, ,3,Y, , , , , , , , ,3,2,0,0,0,0,1,0,0,0,0,2,2,0,0,0,0,0,0,0,2,0,0,0,0,0,0,0,0,0,0,0,0,0,0,4,0,39.9877,-75.2161, , 
53197,609110,2013121433,6,67,67301,2013,10,3,1710,17,1,1,0,1,1, , ,N,1,2,0,3,0,0,2,2,N, ,40 03:18.721,75 03:44.571,1719, ,1714,9,1,2, , ,3,N, , , , , , , , ,2,1,0,0,1,0,0,0,0,0,0,0,0,0,0,0,0,0,0,0,0,0,0,0,0,0,0,0,0,0,0,0,0,0,0,0,0,40.0543,-75.0631, , 