objectid_1,objectid,crn,district,county,municipality,crash_year,crash_month,day_of_week,time_of_day,hour_of_day,illumination,weather,road_condition,collision_type,relation_to_road,work_zone_type,work_zone_loc,work_zone_ind,intersect_type,tcd_type,location_type,urban_rural,fatal_count,injury_count,person_count,total_units,sch_bus_ind,sch_zone_ind,latitude,longitude,arrival_tm,cons_zone_spd_lim,dispatch_tm,est_hrs_closed,lane_closed,ln_close_dir,ntfy_hiwy_maint,spec_juris_cd,tcd_func_cd,tfc_detour_ind,workers_pres,wz_close_detour,wz_flagger,wz_law_offcr_ind,wz_ln_closure,wz_moving,wz_other,wz_shlder_mdn,vehicle_count,automobile_count,motorcycle_count,bus_count,small_truck_count,heavy_truck_count,suv_count,van_count,bicycle_count,maj_inj_count,mod_inj_count,min_inj_count,tot_inj_count,unk_inj_deg_count,unk_inj_per_count,driver_count_16yr,driver_count_17yr,driver_count_18yr,driver_count_19yr,driver_count_20yr,driver_count_50_64yr,driver_count_65_74yr,driver_count_75plus,unbelted_occ_count,unb_death_count,unb_maj_inj_count,belted_death_count,belted_maj_inj_count,mcycle_death_count,mcycle_maj_inj_count,bicycle_death_count,bicycle_maj_inj_count,ped_count,ped_death_count,ped_maj_inj_count,max_severity_level,comm_veh_count,dec_lat,dec_long,rdwy_surf_type_cd,county_name
53198,609114,2013122992,6,67,67301,2013,11,6,1215,12,1,2,1,5,1, , ,N,0,0,0,3,0,1,3,3,N, ,39 55:05.359,75 12:34.754,1245, ,1245, ,0, , , ,0, , , , , , , , , ,3,0,0,0,1,1,0,1,0,0,0,0,1,1,0,0,0,0,0,0,0,0,0,0,0,0,0,0,0,0,0,0,0,0,0,8,1,39.9182,-75.2097, , 
53199,609132,2013122985,6,67,67301,2013,11,3,1235,12,1,1,0,2,1, , ,N,1,0,0,3,0,0,2,2,N, ,39 55:40.948,75 13:09.423,1251, ,1250, ,0, , , ,0, , , , , , , , , ,2,2,0,0,0,0,0,0,0,0,0,0,0,0,1,0,0,0,0,0,0,0,0,0,0,0,0,0,0,0,0,0,0,0,0,9,0,39.928,-75.2193, , 
53200,609135,2013125964,6,67,67301,2013,11,2,9999,99,1,1,0,4,1, , ,N,1,2,0,3,0,2,5,2,N, ,40 02:08.995,75 04:39.601,9999, ,1431,2,1,1, , ,3,N, , , , , , , , ,2,2,0,0,0,0,0,0,0,0,1,1,2,0,0,0,0,0,0,0,0,0,0,0,0,0,0,0,0,0,0,0,0,0,0,3,0,40.0358,-75.0777, , 
53201,609147,2013117115,6,67,67301,2013,11,7,2323,23,3,1,0,7,2, , ,N,0,0,0,3,0,1,1,1,N,N,40 02:56.559,74 59:47.955,2340, ,2324,1,2,1,Y, ,0,N, , , , , , , , ,1,1,0,0,0,0,0,0,0,0,0,0,1,1,0,0,0,0,0,0,0,0,0,1,0,0,0,0,0,0,0,0,0,0,0,8,0,40.049,-74.9968, , 
53202,609173,2013104385,6,67,67301,2013,9,3,734,7,1,1,0,5,1, , ,N,0,0,0,3,0,1,3,2,N, ,39 57:37.527,75 10:12.183,808, ,802,9,2,2, , ,0,Y, , , , , , , , ,2,1,0,1,0,0,0,0,0,0,1,0,1,0,0,0,0,0,0,0,0,0,0,0,0,0,0,0,0,0,0,0,0,0,0,3,1,39.9604,-75.1701, , 
53203,609175,2013106675,6,67,67301,2013,9,7,1235,12,1,1,0,1,1, , ,N,1,2,0,3,0,0,3,3,N,N,39 57:45.204,75 12:37.981,1238, ,1237, ,0, ,N, ,3, , , , , , , , , ,3,3,0,0,0,0,0,0,0,0,0,0,0,0,0,0,0,0,0,0,0,0,1,0,0,0,0,0,0,0,0,0,0,0,0,0,0,39.9625,-75.2103, , 
53204,609179,2013109361,6,67,67301,2013,9,6,1303,13,1,1,0,1,1, , ,N,0,2,0,3,0,1,3,3,N,N,40 02:41.809,75 11:34.576,1308, ,1304, ,0, , , ,3, , , , , , , , , ,3,1,0,0,0,0,1,0,0,0,0,0,1,1,0,0,0,0,0,0,1,2,0,0,0,0,0,0,0,0,0,0,0,0,0,8,0,40.0449,-75.1929, , 
53205,609187,2013121545,6,67,67301,2013,11,7,116,1,3,1,0,1,1, , ,N,2,2,0,3,0,1,2,2,N,N,40 00:26.314,75 11:31.785,130, ,116, ,0, ,N, ,3, , , , , , , , , ,2,2,0,0,0,0,0,0,0,0,0,1,1,0,0,0,0,0,0,0,0,0,0,0,0,0,0,0,0,0,0,0,0,0,0,4,0,40.0073,-75.1922, , 
53206,609194,2013126980,6,67,67301,2013,11,3,1720,17,3,1,0,1,1, , ,N,1,2,0,3,0,4,6,2,N,N,40 02:35.649,75 03:08.136,1730, ,1720, ,0, ,N, ,3, , , , , , , , , ,2,2,0,0,0,0,0,0,0,0,0,4,4,0,0,0,0,0,0,0,1,0,0,0,0,0,0,0,0,0,0,0,0,0,0,4,0,40.0432,-75.0523, , 
53207,609198,2013130067,6,67,67301,2013,11,6,1500,15,1,1,0,1,1, , ,N,1,3,0,3,0,1,2,2,N,N,40 01:06.398,75 07:30.003,2010, ,2010, ,0, , , ,3, , , , , , , , , ,2,1,0,0,1,0,0,0,0,0,0,0,1,1,1,0,0,0,0,0,0,0,0,0,0,0,0,0,0,0,0,0,0,0,0,8,0,40.0184,-75.125, , 
53208,609227,2013109419,6,67,67301,2013,10,3,803,8,1,1,0,4,1, , ,N,1,3,0,3,0,0,2,2,N,N,40 04:26.193,75 12:11.662,825, ,806, ,0, ,N, ,3, , , , , , , , , ,2,2,0,0,0,0,0,0,0,0,0,0,0,0,0,0,0,0,0,0,0,1,0,1,0,0,0,0,0,0,0,0,0,0,0,0,0,40.0739,-75.2032, , 
53209,609243,2014003310,6,67,67301,2013,12,6,1950,19,3,1,0,8,1, , ,N,0,0,0,3,0,1,2,2,N,N,40 04:44.564,75 04:10.621,2020, ,1956, ,0, ,N, ,0, , , , , , , , , ,1,1,0,0,0,0,0,0,0,0,1,0,1,0,0,0,0,0,0,0,0,0,0,0,0,0,0,0,0,0,0,0,1,0,0,3,0,40.079,-75.0696, , 
53210,609244,2014006476,6,67,67301,2013,12,1,209,2,3,1,1,7,2, , ,N,0,0,0,3,0,1,5,1,N,N,39 59:02.825,75 12:29.432,219, ,210,2,1,4,N, ,0,N, , , , , , , , ,1,1,0,0,0,0,0,0,0,0,1,0,1,0,0,0,0,0,0,0,0,0,0,0,0,0,0,0,0,0,0,0,0,0,0,3,0,39.9841,-75.2082, , 
53211,609245,2014013088,6,67,67301,2013,12,3,641,6,1,1,0,4,1, , ,N,1,2,0,3,0,1,2,2,N, ,40 05:29.578,74 57:56.181,647, ,645, ,0, , , ,3, , , , , , , , , ,2,2,0,0,0,0,0,0,0,0,0,0,1,1,1,0,0,0,0,0,0,0,0,0,0,0,0,0,0,0,0,0,0,0,0,8,0,40.0915,-74.9656, , 
53212,609259,2013122065,6,67,67301,2013,10,4,734,7,1,1,0,1,1, , ,N,0,0,0,3,0,1,2,2,N,N,40 00:52.993,75 10:40.890,752, ,734,1,1,2,N, ,0,N, , , , , , , , ,2,2,0,0,0,0,0,0,0,0,0,0,1,1,1,0,0,0,0,0,0,0,0,0,0,0,0,0,0,0,0,0,0,0,0,8,0,40.0147,-75.178, , 
53213,614504,2013125892,6,67,67301,2013,11,6,1130,11,1,1,0,1,1, , ,N,0,2,0,3,0,1,4,3,N,N,40 05:05.765,75 01:29.410,1135, ,1125,1,1,2,N, ,3,N, , , , , , , , ,3,2,0,0,0,0,1,0,0,0,0,0,1,1,0,0,0,0,0,0,1,0,0,0,0,0,0,0,0,0,0,0,0,0,0,8,0,40.0849,-75.0248, , 
53214,614519,2014002800,6,67,67301,2013,11,4,1030,10,1,2,1,4,1, , ,N,1,3,0,3,0,1,3,2,N,N,39 58:39.669,75 06:59.457,1155, ,1153, ,0, ,N, ,3, , , , , , , , , ,2,1,0,0,0,0,1,0,0,0,0,0,1,1,0,0,0,0,0,0,0,1,0,0,0,0,0,0,0,0,0,0,0,0,0,8,0,39.9777,-75.1165, , 
53215,614530,2013121532,6,67,67301,2013,11,3,959,9,1,1,0,4,1, , ,N,1,3,0,3,0,1,4,2,N,N,40 02:29.511,75 03:13.913,1002, ,1000, ,0, ,N, ,3, , , , , , , , , ,2,2,0,0,0,0,0,0,0,0,0,1,1,0,0,0,0,0,0,0,0,0,1,0,0,0,0,0,0,0,0,0,0,0,0,4,0,40.0415,-75.0539, , 
53216,614538,2013129470,6,67,67301,2013,11,4,857,8,1,1,0,5,1, , ,N,1,2,0,3,0,0,2,2,N, ,39 57:28.799,75 13:16.548,901, ,900, ,0, , , ,3, , , , , , , , , ,2,1,0,0,0,0,1,0,0,0,0,0,0,0,0,0,0,0,0,0,0,1,0,0,0,0,0,0,0,0,0,0,0,0,0,0,0,39.958,-75.2212, , 
53217,614558,2013114489,6,67,67301,2013,9,6,1929,19,3,1,0,0,1, , ,N,1,2,0,3,1,0,2,2,N,N,40 02:38.691,75 07:43.766,1933, ,1929,9,2,7, ,0,3,Y, , , , , , , , ,2,0,1,0,0,0,1,0,0,0,0,0,0,0,0,0,0,0,0,0,0,0,0,1,0,0,0,0,1,0,0,0,0,0,0,1,0,40.0441,-75.1288,2, 
53218,614561,2013121486,6,67,67301,2013,11,6,222,2,3,8,1,7,5, , ,N,0,0,0,3,0,0,1,1,N,N,40 07:08.904,75 00:27.867,223, ,223, ,0, ,N, ,0, , , , , , , , , ,1,1,0,0,0,0,0,0,0,0,0,0,0,0,0,0,0,0,0,0,1,0,0,0,0,0,0,0,0,0,0,0,0,0,0,0,0,40.1191,-75.0077, , 
53219,614563,2013123003,6,67,67301,2013,11,6,1709,17,1,1,0,5,1, , ,N,1,0,0,3,0,2,4,2,N,N,39 56:45.452,75 10:46.567,1731, ,1724, ,0, , , ,0, , , , , , , , , ,2,2,0,0,0,0,0,0,0,0,0,2,2,0,0,0,0,0,0,0,1,0,0,0,0,0,0,0,0,0,0,0,0,0,0,4,0,39.946,-75.1796, , 
53220,614574,2014002813,6,67,67301,2013,11,7,220,2,3,1,0,6,1, , ,N,2,2,0,3,0,2,2,2,N, ,40 02:37.146,75 01:18.710,222, ,219,1,1,1, , ,3,N, , , , , , , , ,2,2,0,0,0,0,0,0,0,0,0,0,2,2,0,0,0,0,0,0,1,0,0,0,0,0,0,0,0,0,0,0,0,0,0,8,0,40.0437,-75.0219, , 
53221,614576,2014013117,6,67,67301,2013,12,2,439,4,3,1,0,5,6, , ,N,0,0,0,3,0,1,2,3,N,N,39 54:53.726,75 09:22.339,440, ,440, ,0, ,N, ,0, , , , , , , , , ,3,2,0,0,0,0,1,0,0,0,0,1,1,0,0,0,0,0,0,0,0,0,0,0,0,0,0,0,0,0,0,0,0,0,0,4,0,39.9149,-75.1562, , 
53222,614593,2013121376,6,67,67301,2013,11,2,155,1,3,1,0,6,1, , ,N,1,2,0,3,0,1,2,2,N,N,39 56:30.552,75 09:02.721,205, ,201, ,0, ,N, ,3, , , , , , , , , ,1,1,0,0,0,0,0,0,1,0,0,1,1,0,0,0,0,0,0,0,0,0,0,0,0,0,0,0,0,0,0,0,0,0,0,4,0,39.9418,-75.1508, , 
53223,614599,2013125992,6,67,67301,2013,11,6,9999,99,4,1,0,4,1, , ,N,3,3,0,3,0,2,6,5,N,N,39 59:01.431,75 14:03.238,1714, ,1700, ,0, ,N, ,3, , , , , , , , , ,5,2,0,0,1,1,1,0,0,0,0,0,2,2,2,0,0,0,0,0,1,1,0,0,0,0,0,0,0,0,0,0,0,0,0,8,1,39.9837,-75.2342, , 
53224,614614,2014006901,6,67,67301,2013,12,5,1934,19,3,8,6,4,1, , ,N,1,2,0,3,0,1,2,2,N,N,40 00:16.318,75 07:55.437,1943, ,1936, ,0, ,N, ,3, , , , , , , , , ,2,1,1,0,0,0,0,0,0,0,0,0,1,1,0,0,0,0,0,0,1,0,0,1,0,0,0,0,0,0,0,0,0,0,0,8,0,40.0045,-75.1321, , 
53225,614616,2014013027,6,67,67301,2013,12,7,1600,16,1,1,0,4,1, , ,N,1,2,0,3,0,0,2,3,N, ,39 56:12.483,75 13:47.092,1610, ,1605, ,0, , , ,3, , , , , , , , , ,3,2,0,0,1,0,0,0,0,0,0,0,0,0,0,0,0,0,0,0,0,0,0,1,0,0,0,0,0,0,0,0,0,0,0,0,0,39.9368,-75.2297, , 
53226,614628,2013121309,6,67,67301,2013,10,4,710,7,1,1,0,8,1, , ,N,1,3,0,3,0,1,2,2,N, ,40 05:46.420,75 00:50.951,714, ,711, ,0, , , ,3, , , , , , , , , ,1,1,0,0,0,0,0,0,0,0,0,0,1,1,0,0,0,0,0,0,0,1,0,0,0,0,0,0,0,0,0,0,1,0,0,8,0,40.0962,-75.0142, , 
53227,614647,2014000436,6,67,67301,2013,11,7,847,8,1,1,0,4,1, , ,N,1,3,0,3,1,1,2,2,N,N,40 03:04.104,75 04:28.081,903, ,844,9,2,7,N,0,3,Y, , , , , , , , ,2,1,0,0,0,1,0,0,0,0,0,1,1,0,0,0,0,0,0,0,0,0,0,0,0,0,0,0,0,0,0,0,0,0,0,1,1,40.0511,-75.0745,2, 
53228,614651,2014006798,6,67,67301,2013,12,6,1410,14,1,1,0,4,1, , ,N,2,1,0,3,0,0,3,2,N,N,39 54:26.408,75 08:21.690,1523, ,1508,3,2,1,N, ,3,Y, , , , , , , , ,2,1,0,0,0,1,0,0,0,0,0,0,0,0,0,0,0,0,0,0,0,0,0,0,0,0,0,0,0,0,0,0,0,0,0,0,1,39.9073,-75.1394, , 
53229,614653,2013096049,6,67,67301,2013,8,4,1606,16,1,2,1,5,1, , ,N,3,3,0,3,0,1,6,2,N, ,39 59:40.040,75 11:30.573,1633, ,1629,3,1,2, , ,3,N, , , , , , , , ,2,2,0,0,0,0,0,0,0,0,0,0,1,1,2,0,0,0,0,0,1,0,0,0,0,0,0,0,0,0,0,0,0,0,0,8,0,39.9945,-75.1918, , 
53230,614656,2013098360,6,67,67301,2013,8,6,1935,19,4,1,0,8,1, , ,N,0,0,0,3,0,1,3,2,N, ,39 59:09.812,75 13:39.882,1950, ,1940,2,2,7, , ,0,Y, , , , , , , , ,1,0,0,0,0,0,1,0,0,0,0,1,1,0,0,0,0,0,0,0,0,0,0,0,0,0,0,0,0,0,0,0,1,0,0,4,0,39.9861,-75.2277, , 
53231,612048,2013086185,6,67,67301,2013,7,3,1738,17,1,1,0,4,1, , ,N,1,2,0,3,0,1,2,2,N,N,39 56:26.828,75 09:58.234,1800, ,1740, ,0, ,N, ,3, , , , , , , , , ,1,1,0,0,0,0,0,0,1,0,0,1,1,0,0,0,0,0,0,0,0,0,0,0,0,0,0,0,0,0,0,0,0,0,0,4,0,39.9408,-75.1661, , 
53232,612053,2013091203,6,67,67301,2013,9,2,1528,15,1,1,0,1,1, , ,N,0,0,0,3,0,0,3,3,N,N,40 00:33.727,75 12:18.443,1601, ,1544, ,0, ,N, ,0, , , , , , , , , ,3,3,0,0,0,0,0,0,0,0,0,0,0,0,0,0,0,0,0,0,0,0,0,0,0,0,0,0,0,0,0,0,0,0,0,0,0,40.0094,-75.2051, , 
53233,612056,2013094711,6,67,67301,2013,8,2,1515,15,1,1,0,5,7, , ,N,6,0,2,3,0,2,3,2,N,N,39 59:22.465,75 05:14.177,0, ,0, ,0, ,N, ,0, , , , , , , , , ,2,2,0,0,0,0,0,0,0,0,2,0,2,0,0,0,0,0,0,0,2,0,0,0,0,0,0,0,0,0,0,0,0,0,0,3,0,39.9881,-75.0888, , 
53234,612072,2013111796,6,67,67301,2013,10,5,120,1,3,1,0,7,5, , ,N,0,0,0,3,0,0,1,1,N, ,39 59:32.110,75 06:08.618,127, ,127, ,0, , , ,0, , , , , , , , , ,1,1,0,0,0,0,0,0,0,0,0,0,0,0,1,0,0,0,0,0,0,0,0,0,0,0,0,0,0,0,0,0,0,0,0,9,0,39.9923,-75.1024, , 
53235,612110,2014015514,6,67,67301,2013,10,7,630,6,1,1,0,1,1, , ,N,0,0,0,3,0,2,4,2,N,N,40 02:29.713,75 06:43.767,0, ,0, ,0, ,N, ,0, , , , , , , , , ,2,1,0,0,0,0,0,1,0,0,0,0,2,2,2,0,0,0,0,0,1,0,0,0,0,0,0,0,0,0,0,0,0,0,0,8,0,40.0416,-75.1122, , 
53236,612133,2014002805,6,67,67301,2013,12,6,958,9,1,2,1,4,1, , ,N,1,2,0,3,0,5,5,2,N, ,39 58:13.818,75 08:53.306,1020, ,1018,2,2,4, , ,3,Y, , , , , , , , ,2,2,0,0,0,0,0,0,0,0,1,0,5,4,0,0,0,0,0,0,0,0,1,0,0,0,0,0,0,0,0,0,0,0,0,3,0,39.9704,-75.1482, , 
53237,612134,2014006793,6,67,67301,2013,12,3,2,0,3,1,1,4,1, , ,N,1,2,0,3,0,1,2,2,N, ,39 57:12.030,75 11:01.741,245, ,238,9,1,3, , ,3,N, , , , , , , , ,2,0,0,0,0,1,1,0,0,0,0,0,1,1,0,0,0,0,0,0,0,0,0,0,0,0,0,0,0,0,0,0,0,0,0,8,1,39.9533,-75.1838, , 
53238,612135,2014009869,6,67,67301,2013,12,2,1340,13,1,1,6,2,1, , ,N,0,0,0,3,0,1,2,2,N,N,39 57:57.545,75 13:38.348,1355, ,1350, ,0, ,N, ,0, , , , , , , , , ,2,2,0,0,0,0,0,0,0,0,0,1,1,0,0,0,0,0,0,0,1,1,0,0,0,0,0,0,0,0,0,0,0,0,0,4,0,39.966,-75.2273, , 
53239,612137,2014015964,6,67,67301,2013,12,2,130,1,6,4,5,5,6, , ,N,0,0,0,3,0,2,2,2,N,N,39 57:04.259,75 10:44.476,0, ,0, ,0, ,N, ,0, , , , , , , , , ,2,2,0,0,0,0,0,0,0,0,0,0,2,2,0,0,0,0,0,0,0,0,0,0,0,0,0,0,0,0,0,0,0,0,0,8,0,39.9512,-75.179, , 
53240,612139,2013101046,6,67,67301,2013,9,6,1005,10,1,1,0,1,1, , ,N,0,0,0,3,0,2,2,3,N, ,39 59:23.218,75 09:31.842,1009, ,1005,2,2,4, , ,0,Y, , , , , , , , ,3,1,0,0,0,0,1,1,0,0,0,0,2,2,0,0,0,0,0,0,0,0,0,0,0,0,0,0,0,0,0,0,0,0,0,8,0,39.9898,-75.1588, , 
53241,612147,2013114978,6,67,67301,2013,11,3,1355,13,1,1,0,1,1, , ,N,0,0,0,3,0,10,13,3,N,N,39 57:56.899,75 08:12.610,1408, ,1355,2,1,2,N, ,0,N, , , , , , , , ,3,0,0,0,0,2,0,1,0,0,0,0,10,10,0,0,0,0,0,0,0,0,0,0,0,0,0,0,0,0,0,0,0,0,0,8,2,39.9658,-75.1368, , 
53242,612158,2013130044,6,67,67301,2013,11,2,1345,13,1,1,0,4,1, , ,N,2,0,0,3,0,2,6,4,N, ,39 54:26.334,75 13:41.041,1515, ,1512, ,0, , , ,0, , , , , , , , , ,4,1,0,0,0,0,2,1,0,0,0,1,2,1,0,0,0,0,0,0,1,0,0,0,0,0,0,0,0,0,0,0,0,0,0,4,0,39.9073,-75.2281, , 
53243,612163,2014001125,6,67,67301,2013,11,4,120,1,3,2,1,7,2, , ,N,0,0,0,3,0,0,1,1,N,N,39 55:16.007,75 11:38.947,127, ,125,2,1,3,N, ,0,N, , , , , , , , ,1,0,0,0,0,0,1,0,0,0,0,0,0,0,0,0,0,0,0,0,0,0,0,0,0,0,0,0,0,0,0,0,0,0,0,0,0,39.9211,-75.1942, , 
53244,612167,2014009840,6,67,67301,2013,12,3,1810,18,3,2,1,4,1, , ,N,0,0,7,3,0,3,4,2,N,N,39 56:44.188,75 14:23.635,1830, ,1817,2,2,1,N, ,0,Y, , , , , , , , ,2,1,0,0,1,0,0,0,0,0,0,2,3,1,0,0,0,0,0,0,0,0,0,0,0,0,0,0,0,0,0,0,0,0,0,4,0,39.9456,-75.2399, , 
53245,612180,2013121477,6,67,67301,2013,10,1,713,7,1,1,0,0,1, , ,N,2,2,0,3,0,1,2,2,N,N,39 58:22.572,75 07:10.506,715, ,715,3,2,3,N, ,3,Y, , , , , , , , ,2,1,0,0,0,0,1,0,0,0,0,1,1,0,0,0,0,0,0,0,0,0,0,0,0,0,0,0,0,0,0,0,0,0,0,4,0,39.9729,-75.1196, , 
53246,612188,2013106711,6,67,67301,2013,9,4,2010,20,3,1,0,4,1, , ,N,0,0,0,3,0,1,2,2,N,N,39 56:10.899,75 10:16.186,2016, ,2015, ,0, , , ,0, , , , , , , , , ,1,1,0,0,0,0,0,0,1,0,0,1,1,0,0,0,0,0,0,0,0,0,0,0,0,0,0,0,0,0,0,0,0,0,0,4,0,39.9364,-75.1712, , 
53247,612196,2013111805,6,67,67301,2013,10,2,1714,17,1,2,1,7,2, , ,N,0,0,0,3,0,1,1,1,N,N,39 59:37.650,75 11:33.297,1719, ,1714,2,2,1,N, ,0,Y, , , , , , , , ,1,1,0,0,0,0,0,0,0,0,0,1,1,0,0,0,0,0,0,0,0,0,0,0,0,0,0,0,0,0,0,0,0,0,0,4,0,39.9938,-75.1926, , 
53248,612199,2013114488,6,67,67301,2013,10,1,1640,16,1,1,0,8,1, , ,N,0,0,0,3,0,1,2,2,N, ,40 00:40.125,75 05:11.767,1645, ,1641, ,0, , , ,0, , , , , , , , , ,1,0,0,0,1,0,0,0,0,0,0,1,1,0,0,0,0,0,0,0,1,0,0,0,0,0,0,0,0,0,0,0,1,0,0,4,0,40.0111,-75.0866, , 
53249,606613,2014002757,6,67,67301,2013,11,5,2138,21,3,1,0,1,1, , ,N,2,2,0,3,0,1,4,4,N,N,40 06:14.984,75 00:07.073,2145, ,2138,1,1,1, , ,3,N, , , , , , , , ,4,3,0,0,1,0,0,0,0,0,0,1,1,0,0,0,0,0,0,0,2,0,0,0,0,0,0,0,0,0,0,0,0,0,0,4,0,40.1042,-75.002, , 
53250,606645,2014001068,6,67,67301,2013,12,1,233,2,3,1,0,4,1, , ,N,1,2,0,3,0,1,2,2,N,N,40 00:20.692,75 05:56.577,412, ,408,2,1,3,N, ,3,N, , , , , , , , ,2,1,0,0,1,0,0,0,0,0,1,0,1,0,0,0,0,0,0,0,0,0,0,0,0,0,0,0,0,0,0,0,0,0,0,3,0,40.0057,-75.099, , 
53251,606648,2014009787,6,67,67301,2013,12,4,2317,23,3,1,0,1,1, , ,N,0,0,0,3,0,4,6,3,N,N,40 00:37.119,75 11:07.722,2324, ,2317,2,1,2,N, ,0,Y, , , , , , , , ,3,2,0,0,0,0,1,0,0,0,0,4,4,0,0,0,0,0,0,0,0,0,0,0,0,0,0,0,0,0,0,0,0,0,0,4,0,40.0103,-75.1855, , 
53252,606649,2014013158,6,67,67301,2013,12,6,2301,23,3,1,1,4,1, , ,N,1,2,0,3,0,3,5,2,N,N,40 02:50.960,75 08:34.014,2327, ,2324,2,2,3,N, ,3,Y, , , , , , , , ,2,2,0,0,0,0,0,0,0,0,0,0,3,3,0,0,0,0,0,1,0,0,0,1,0,0,0,0,0,0,0,0,0,0,0,8,0,40.0475,-75.1428, , 
53253,606684,2013103141,6,67,67301,2013,10,4,1547,15,1,1,0,1,1, , ,N,0,0,0,3,0,0,2,2,N,N,39 59:48.419,75 04:55.924,1610, ,1553, ,0, ,N, ,0, , , , , , , , , ,2,0,0,0,2,0,0,0,0,0,0,0,0,0,0,0,0,0,0,0,1,0,0,0,0,0,0,0,0,0,0,0,0,0,0,0,0,39.9967,-75.0823, , 
53254,606722,2014010375,6,67,67301,2013,12,4,1915,19,3,1,0,8,1, , ,N,0,0,0,3,0,1,5,2,N,N,39 57:34.733,75 10:20.606,1926, ,1921, ,0, ,N, ,0, , , , , , , , , ,1,0,0,0,0,0,1,0,0,0,1,0,1,0,0,0,0,0,0,0,0,0,0,0,0,0,0,0,0,0,0,0,1,0,0,3,0,39.9596,-75.1724, , 
53255,606734,2014005338,6,67,67301,2013,10,7,1844,18,3,1,0,4,1, , ,N,1,2,0,3,0,7,13,2,N,N,39 57:44.029,75 14:33.957,1845, ,1845,3,1,4,N, ,3,N, , , , , , , , ,2,1,0,1,0,0,0,0,0,0,0,7,7,0,0,0,0,0,0,0,0,0,0,0,0,0,0,0,0,0,0,0,0,0,0,4,1,39.9621,-75.2428, , 
53256,606735,2014013054,6,67,67301,2013,12,2,1400,14,1,1,0,8,1, , ,N,1,2,0,3,0,1,2,2,N, ,39 57:03.048,75 09:49.788,1400, ,1400,2,1,1, , ,3,Y, , , , , , , , ,1,1,0,0,0,0,0,0,0,0,0,0,1,1,0,0,0,0,0,1,0,0,0,1,0,0,0,0,0,0,0,0,1,0,0,8,0,39.9508,-75.1638, , 
53257,606760,2013121358,6,67,67301,2013,10,5,2220,22,3,2,1,4,1, , ,N,0,0,0,3,0,2,3,2,N,N,39 59:18.330,75 09:20.432,2223, ,2223,2,1,5, , ,0,Y, , , , , , , , ,2,2,0,0,0,0,0,0,0,0,0,0,2,2,1,0,0,0,0,0,1,0,0,0,0,0,0,0,0,0,0,0,0,0,0,8,0,39.9884,-75.1557, , 
53258,606762,2013122961,6,67,67301,2013,10,4,1915,19,3,1,0,1,1, , ,N,0,2,0,3,0,1,2,2,N,N,40 05:46.592,74 58:36.893,1928, ,1925,1,1,3,N, ,3,Y, , , , , , , , ,2,1,0,0,1,0,0,0,0,0,0,1,1,0,0,0,0,0,0,0,1,0,0,0,0,0,0,0,0,0,0,0,0,0,0,4,0,40.0963,-74.9769, , 
53259,606769,2013134196,6,67,67301,2013,12,7,2321,23,3,2,1,7,4, , ,N,0,0,0,3,0,0,1,1,N,N,39 55:39.206,75 08:47.222,2335, ,2323, ,0, ,N, ,0, , , , , , , , , ,1,1,0,0,0,0,0,0,0,0,0,0,0,0,0,0,0,0,0,0,0,0,0,0,0,0,0,0,0,0,0,0,0,0,0,0,0,39.9275,-75.1465, , 
53260,606779,2014003326,6,67,67301,2013,12,6,1247,12,1,2,1,4,1, , ,N,1,2,0,3,0,0,3,2,N,N,39 57:45.942,75 14:48.128,1308, ,1301, ,0, ,Y, ,3, , , , , , , , , ,2,0,0,0,0,0,2,0,0,0,0,0,0,0,0,0,0,0,0,0,0,1,1,0,0,0,0,0,0,0,0,0,0,0,0,0,0,39.9626,-75.2468, , 
53261,606801,2013064103,6,67,67301,2013,6,7,1231,12,1,1,0,0,2, , ,N,0,0,0,3,0,0,4,1,N,N,39 53:35.836,75 13:53.554,1237, ,1232, ,0, ,Y, ,0, , , , , , , , , ,1,1,0,0,0,0,0,0,0,0,0,0,0,0,0,0,0,0,0,0,1,0,0,0,0,0,0,0,0,0,0,0,0,0,0,0,0,39.8933,-75.2315, , 
53262,606802,2013065379,6,67,67301,2013,6,1,1455,14,1,1,0,4,1, , ,N,2,0,0,3,0,2,6,2,N,N,39 55:25.334,75 10:46.161,1522, ,1519, ,0, ,N, ,0, , , , , , , , , ,2,2,0,0,0,0,0,0,0,0,0,0,2,2,0,0,0,0,0,1,0,0,0,0,0,0,0,0,0,0,0,0,0,0,0,8,0,39.9232,-75.182, , 
53263,606804,2013067337,6,67,67301,2013,5,3,1620,16,1,1,0,1,1, , ,N,1,2,0,3,0,1,2,2,N,N,40 01:03.525,75 03:33.421,0, ,0, ,0, ,N, ,3, , , , , , , , , ,2,1,0,0,0,0,0,1,0,0,1,0,1,0,0,0,0,0,0,0,1,0,0,0,0,0,0,0,0,0,0,0,0,0,0,3,0,40.0176,-75.0593, , 
53264,606807,2013070236,6,67,67301,2013,6,6,1620,16,1,2,1,4,1, , ,N,1,2,0,3,0,0,2,2,N,N,40 04:10.185,74 58:53.111,1635, ,1629,2,1,1,N, ,3,N, , , , , , , , ,2,2,0,0,0,0,0,0,0,0,0,0,0,0,0,0,0,0,0,0,0,0,0,0,0,0,0,0,0,0,0,0,0,0,0,0,0,40.0695,-74.9814, , 
53265,606808,2013070337,6,67,67301,2013,6,4,2331,23,3,1,0,4,1, , ,N,1,2,0,3,0,0,2,2,N, ,39 58:11.966,75 08:35.145,36, ,31, ,0, , , ,3, , , , , , , , , ,2,2,0,0,0,0,0,0,0,0,0,0,0,0,0,0,0,0,0,0,0,0,0,0,0,0,0,0,0,0,0,0,0,0,0,0,0,39.9699,-75.1431, , 