objectid_1,objectid,crn,district,county,municipality,crash_year,crash_month,day_of_week,time_of_day,hour_of_day,illumination,weather,road_condition,collision_type,relation_to_road,work_zone_type,work_zone_loc,work_zone_ind,intersect_type,tcd_type,location_type,urban_rural,fatal_count,injury_count,person_count,total_units,sch_bus_ind,sch_zone_ind,latitude,longitude,arrival_tm,cons_zone_spd_lim,dispatch_tm,est_hrs_closed,lane_closed,ln_close_dir,ntfy_hiwy_maint,spec_juris_cd,tcd_func_cd,tfc_detour_ind,workers_pres,wz_close_detour,wz_flagger,wz_law_offcr_ind,wz_ln_closure,wz_moving,wz_other,wz_shlder_mdn,vehicle_count,automobile_count,motorcycle_count,bus_count,small_truck_count,heavy_truck_count,suv_count,van_count,bicycle_count,maj_inj_count,mod_inj_count,min_inj_count,tot_inj_count,unk_inj_deg_count,unk_inj_per_count,driver_count_16yr,driver_count_17yr,driver_count_18yr,driver_count_19yr,driver_count_20yr,driver_count_50_64yr,driver_count_65_74yr,driver_count_75plus,unbelted_occ_count,unb_death_count,unb_maj_inj_count,belted_death_count,belted_maj_inj_count,mcycle_death_count,mcycle_maj_inj_count,bicycle_death_count,bicycle_maj_inj_count,ped_count,ped_death_count,ped_maj_inj_count,max_severity_level,comm_veh_count,dec_lat,dec_long,rdwy_surf_type_cd,county_name
53266,606823,2013086219,6,67,67301,2013,8,6,2018,20,2,1,0,4,2, , ,N,0,0,7,3,0,1,2,2,N,N,40 02:13.900,75 10:23.880,2030, ,2021, ,0, ,N, ,0, , , , , , , , , ,1,1,0,0,0,0,0,0,1,0,0,1,1,0,1,0,0,0,0,0,0,0,0,0,0,0,0,0,0,0,0,0,0,0,0,4,0,40.0372,-75.1733, , 
53267,609274,2014000437,6,67,67301,2013,11,5,2125,21,3,1,0,5,2, , ,N,0,0,0,3,0,2,2,3,N, ,40 03:56.065,75 05:24.453,2129, ,2127,2,1,1, , ,0,N, , , , , , , , ,3,1,0,0,1,0,1,0,0,0,0,1,2,1,0,0,0,0,0,0,0,0,0,0,0,0,0,0,0,0,0,0,0,0,0,4,0,40.0656,-75.0901, , 
53268,609276,2014001107,6,67,67301,2013,12,2,1515,15,1,1,0,1,1, , ,N,0,2,0,3,0,1,3,2,N,N,40 03:14.987,75 00:20.025,1527, ,1523, ,0, ,N, ,3, , , , , , , , , ,2,1,0,0,0,0,1,0,0,0,0,0,1,1,0,0,0,0,0,0,1,0,0,0,0,0,0,0,0,0,0,0,0,0,0,8,0,40.0542,-75.0056, , 
53269,609298,2013124639,6,67,67301,2013,11,6,1605,16,1,1,0,7,4, , ,N,0,0,0,3,0,1,1,1,N,N,39 59:18.312,75 06:09.507,1630, ,1616, ,0, ,N, ,0, , , , , , , , , ,1,1,0,0,0,0,0,0,0,0,0,0,1,1,0,0,0,0,0,0,0,0,0,0,0,0,0,0,0,0,0,0,0,0,0,8,0,39.9884,-75.1026, , 
53270,609300,2013125907,6,67,67301,2013,10,6,1700,17,1,1,0,4,6, , ,N,0,0,0,3,0,2,2,3,N,N,39 59:24.430,75 09:19.088,1702, ,1701,9,2,7,N, ,0,Y, , , , , , , , ,3,1,0,0,0,0,1,1,0,0,1,1,2,0,0,0,0,0,0,0,1,0,0,0,0,0,0,0,0,0,0,0,0,0,0,3,0,39.9901,-75.1553, , 
53271,609328,2014001040,6,67,67301,2013,11,4,841,8,1,2,1,4,1, , ,N,0,0,7,3,0,0,2,2,N,N,39 54:53.816,75 14:40.430,845, ,842,1,1,2,N, ,0,N, , , , , , , , ,2,1,0,0,0,1,0,0,0,0,0,0,0,0,0,0,0,0,0,0,0,0,0,0,0,0,0,0,0,0,0,0,0,0,0,0,0,39.9149,-75.2446, , 
53272,609339,2014006791,6,67,67301,2013,12,7,1630,16,3,4,3,4,1, , ,N,1,2,0,3,0,1,2,2,N,N,39 58:41.837,75 14:46.077,1639, ,1639,1,1,1,N, ,3,Y, , , , , , , , ,2,1,0,0,0,0,0,1,0,0,0,1,1,0,0,0,0,0,0,0,1,0,0,0,0,0,0,0,0,0,0,0,0,0,0,4,0,39.9783,-75.2461, , 
53273,609342,2013070257,6,67,67301,2013,6,7,1558,15,1,1,0,4,1, , ,N,1,3,0,3,0,1,4,2,N, ,40 04:27.789,75 10:13.486,1645, ,1638, ,0, , , ,3, , , , , , , , , ,2,1,0,0,0,0,0,1,0,0,0,0,1,1,0,0,0,0,0,0,0,1,0,0,0,0,0,0,0,0,0,0,0,0,0,8,0,40.0744,-75.1704, , 
53274,609363,2013098429,6,67,67301,2013,8,2,2044,20,3,1,0,4,1, , ,N,1,2,0,3,0,2,3,2,N, ,40 01:54.231,75 10:43.900,2055, ,2050,9,1,2, , ,3,N, , , , , , , , ,2,2,0,0,0,0,0,0,0,0,0,0,2,2,0,0,0,1,0,0,0,0,0,1,0,0,0,0,0,0,0,0,0,0,0,8,0,40.0317,-75.1789, , 
53275,609371,2013103619,6,67,67301,2013,10,6,1949,19,1,1,0,1,1, , ,N,0,0,0,3,0,0,2,2,N,N,39 53:34.887,75 13:54.784,2008, ,1952, ,0, ,N, ,0, , , , , , , , , ,2,1,0,0,0,0,1,0,0,0,0,0,0,0,0,0,0,0,0,0,1,0,0,0,0,0,0,0,0,0,0,0,0,0,0,0,0,39.893,-75.2319, , 
53276,609381,2013121328,6,67,67301,2013,11,2,709,7,1,1,0,8,1, , ,N,2,2,7,3,0,1,2,2,N,N,39 54:51.954,75 09:11.336,715, ,713, ,0, ,N, ,3, , , , , , , , , ,1,1,0,0,0,0,0,0,0,0,0,1,1,0,0,0,0,0,0,0,0,0,0,0,0,0,0,0,0,0,0,0,1,0,0,4,0,39.9144,-75.1531, , 
53277,609386,2013125882,6,67,67301,2013,8,5,1200,12,1,2,1,1,1, , ,N,0,0,0,3,0,1,2,3,N, ,39 55:07.875,75 12:26.028,1210, ,1203,3,2,4, , ,0,Y, , , , , , , , ,3,2,0,0,1,0,0,0,0,0,0,0,1,1,0,0,0,0,0,0,1,0,0,0,0,0,0,0,0,0,0,0,0,0,0,8,0,39.9187,-75.2077, , 
53278,609399,2013103951,6,67,67301,2013,9,1,1703,17,1,1,0,4,1, , ,N,1,2,0,3,0,1,3,2,N,N,40 02:17.754,75 06:05.767,1705, ,1705, ,0, ,N, ,3, , , , , , , , , ,2,2,0,0,0,0,0,0,0,0,0,1,1,0,0,0,0,0,0,0,0,1,0,0,0,0,0,0,0,0,0,0,0,0,0,4,0,40.0383,-75.1016, , 
53279,609404,2013106633,6,67,67301,2013,9,2,1646,16,1,1,0,8,1, , ,N,0,0,0,3,0,1,2,2,N, ,40 03:33.261,75 05:07.994,1850, ,1848, ,0, , , ,0, , , , , , , , , ,1,1,0,0,0,0,0,0,0,0,0,0,1,1,0,0,0,0,0,1,0,0,0,1,0,0,0,0,0,0,0,0,1,0,0,8,0,40.0592,-75.0856, , 
53280,609416,2013123019,6,67,67301,2013,11,5,1400,14,1,2,1,4,1, , ,N,1,3,0,3,0,3,3,2,N, ,39 59:55.424,75 05:40.664,1450, ,1430,9,1,1, , ,3,N, , , , , , , , ,2,2,0,0,0,0,0,0,0,0,1,2,3,0,0,0,0,0,1,0,0,0,0,0,0,0,0,0,0,0,0,0,0,0,0,3,0,39.9987,-75.0946, , 
53281,609430,2014009727,6,67,67301,2013,12,1,1455,14,1,2,1,4,1, , ,N,2,3,0,3,0,1,4,2,N,N,40 06:59.274,75 01:49.123,1615, ,1606, ,0, ,N, ,3, , , , , , , , , ,2,2,0,0,0,0,0,0,0,0,0,0,1,1,0,0,0,0,0,0,0,1,0,0,0,0,0,0,0,0,0,0,0,0,0,8,0,40.1165,-75.0303, , 
53282,609439,2013123000,6,67,67301,2013,10,4,1259,12,1,1,0,4,1, , ,N,2,3,0,3,0,0,2,2,N, ,39 55:18.429,75 13:17.630,1305, ,1300, ,0, , , ,3, , , , , , , , , ,2,1,0,0,0,0,1,0,0,0,0,0,0,0,1,0,0,0,0,0,0,1,0,0,0,0,0,0,0,0,0,0,0,0,0,9,0,39.9218,-75.2216, , 
53283,609442,2013125866,6,67,67301,2013,11,1,1740,17,3,1,0,4,1, , ,N,1,3,0,3,0,3,4,4,N,N,40 00:32.490,75 06:46.166,1744, ,1744,4,2,7,N, ,3,Y, , , , , , , , ,4,2,0,0,0,0,2,0,0,0,3,0,3,0,0,0,0,0,0,0,1,0,0,0,0,0,0,0,0,0,0,0,0,0,0,3,0,40.009,-75.1128, , 
53284,609456,2013129484,6,67,67301,2013,11,4,712,7,1,1,0,7,2, , ,N,0,0,0,3,0,2,3,1,N,N,39 58:17.044,75 09:30.891,718, ,714, ,0, , , ,0, , , , , , , , , ,1,1,0,0,0,0,0,0,0,0,0,0,2,2,0,0,0,0,0,0,0,0,0,0,0,0,0,0,0,0,0,0,0,0,0,8,0,39.9714,-75.1586, , 
53285,614704,2013093156,6,67,67301,2013,8,3,635,6,1,2,1,1,1, , ,N,1,3,0,3,0,0,2,2,N, ,39 55:18.429,75 13:17.630,730, ,727, ,0, , , ,3, , , , , , , , , ,2,1,0,0,0,0,1,0,0,0,0,0,0,0,2,0,0,0,0,0,1,0,0,0,0,0,0,0,0,0,0,0,0,0,0,9,0,39.9218,-75.2216, , 
53286,614706,2013098376,6,67,67301,2013,9,6,834,8,1,1,0,4,1, , ,N,1,2,0,3,0,1,2,2,N,N,39 58:44.768,75 09:40.008,834, ,834, ,0, , , ,3, , , , , , , , , ,1,0,0,0,0,0,1,0,1,0,0,1,1,0,0,0,0,0,0,0,0,0,0,0,0,0,0,0,0,0,0,0,0,0,0,4,0,39.9791,-75.1611, , 
53287,614710,2013101255,6,67,67301,2013,9,6,905,9,1,1,1,4,1, , ,N,1,3,0,3,0,2,3,2,N,N,40 03:25.236,75 09:22.197,915, ,909, ,0, ,N, ,3, , , , , , , , , ,2,2,0,0,0,0,0,0,0,0,0,2,2,0,0,0,0,0,0,0,1,0,0,0,0,0,0,0,0,0,0,0,0,0,0,4,0,40.057,-75.1562, , 
53288,614715,2013108643,6,67,67301,2013,10,1,1331,13,1,1,0,5,1,1,4,Y,0,0,0,3,0,2,5,3,N,N,39 58:19.813,75 07:21.509,1348,45,1335,1,1,2,N, ,0,N,N,N,N,N,Y,N,N,Y,3,2,0,0,1,0,0,0,0,0,1,1,2,0,0,0,1,0,0,1,0,0,0,0,0,0,0,0,0,0,0,0,0,0,0,3,0,39.9722,-75.1226, , 
53289,614718,2013109340,6,67,67301,2013,10,7,1555,15,1,1,0,4,1, , ,N,2,2,0,3,0,1,2,2,N,N,39 57:18.519,75 11:07.387,1625, ,1620, ,0, ,N, ,3, , , , , , , , , ,1,1,0,0,0,0,0,0,1,0,0,1,1,0,0,0,0,0,0,0,0,0,0,0,0,0,0,0,0,0,0,0,0,0,0,4,0,39.9551,-75.1854, , 
53290,614737,2013098419,6,67,67301,2013,8,5,1443,14,1,1,0,5,6, , ,N,0,0,0,3,0,1,2,2,N,N,39 55:39.853,75 13:52.406,1451, ,1449, ,0, ,N, ,0, , , , , , , , , ,1,1,0,0,0,0,0,0,1,0,0,1,1,0,0,0,0,0,0,0,0,0,0,0,0,0,0,0,0,0,0,0,0,0,0,4,0,39.9277,-75.2312, , 
53291,614758,2013070333,6,67,67301,2013,5,4,1942,19,1,1,0,5,1, , ,N,0,0,0,3,0,1,2,2,N,N,39 58:54.301,75 14:18.397,1945, ,1945, ,0, ,N, ,0, , , , , , , , , ,1,0,0,0,0,0,0,1,1,0,0,1,1,0,0,0,0,0,0,0,0,0,0,0,0,0,0,0,0,0,0,0,0,0,0,4,0,39.9818,-75.2384, , 
53292,614768,2013086897,6,67,67301,2013,8,6,2030,20,1,1,0,6,1, , ,N,0,0,0,3,0,1,3,4,N, ,39 59:43.751,75 05:34.365,2050, ,2040,1,2,7, , ,0,Y, , , , , , , , ,4,3,0,0,1,0,0,0,0,0,0,1,1,0,0,0,0,0,0,0,0,0,0,0,0,0,0,0,0,0,0,0,0,0,0,4,0,39.9955,-75.0929, , 
53293,614785,2013129421,6,67,67301,2013,11,3,1544,15,1,1,0,0,1, , ,N,2,2,0,3,0,3,3,1,N,N,39 54:50.677,75 13:17.187,1554, ,1544, ,0, ,N, ,3, , , , , , , , , ,1,0,0,0,0,0,1,0,0,0,0,0,3,3,0,0,0,0,0,0,0,0,0,0,0,0,0,0,0,0,0,0,0,0,0,8,0,39.9141,-75.2214, , 
53294,614787,2013133082,6,67,67301,2013,11,1,9999,99,3,1,0,7,3, , ,N,1,2,0,3,0,1,1,1,N,N,39 58:01.623,75 09:37.609,435, ,430, ,0, , , ,3, , , , , , , , , ,1,1,0,0,0,0,0,0,0,0,0,1,1,0,0,0,0,0,0,0,0,0,0,1,0,0,0,0,0,0,0,0,0,0,0,4,0,39.967,-75.1603, , 
53295,614789,2013134226,6,67,67301,2013,12,7,1555,15,1,1,0,1,1, , ,N,0,0,0,3,0,0,2,2,N,N,40 03:16.000,74 59:06.664,1640, ,1624, ,0, ,N, ,0, , , , , , , , , ,2,1,0,0,1,0,0,0,0,0,0,0,0,0,0,0,0,0,0,0,0,0,0,0,0,0,0,0,0,0,0,0,0,0,0,0,0,40.0544,-74.9853, , 
53296,614791,2014001096,6,67,67301,2013,11,7,724,7,1,1,0,6,1, , ,N,0,0,0,3,0,2,3,2,N,N,40 02:20.629,75 08:44.798,734, ,725, ,0, ,N, ,0, , , , , , , , , ,2,1,0,1,0,0,0,0,0,0,0,0,2,2,0,0,0,0,0,0,0,0,0,0,0,0,0,0,0,0,0,0,0,0,0,8,1,40.0391,-75.1458, , 
53297,614795,2013103139,6,67,67301,2013,10,2,1703,17,1,2,8,5,1, , ,N,0,0,0,3,0,0,5,5,N,N,39 58:52.333,75 12:24.572,1707, ,1703,3,1,3,N, ,0,N, , , , , , , , ,5,4,0,0,0,0,1,0,0,0,0,0,0,0,0,0,0,0,0,0,1,0,0,0,0,0,0,0,0,0,0,0,0,0,0,0,0,39.9812,-75.2068, , 
53298,614799,2013103984,6,67,67301,2013,9,6,1930,19,3,1,0,4,1, , ,N,1,2,0,3,0,1,4,2,N,N,40 04:51.448,75 01:44.242,1937, ,1932,1,1,4,N, ,3,N, , , , , , , , ,2,1,0,0,0,0,1,0,0,0,0,1,1,0,0,0,0,0,0,0,0,0,0,0,0,0,0,0,0,0,0,0,0,0,0,4,0,40.0811,-75.0289, , 
53299,614831,2014006855,6,67,67301,2013,12,1,1104,11,1,4,1,5,1, , ,N,0,0,0,3,0,1,2,2,N,N,40 00:01.693,75 13:30.769,1130, ,1114, ,0, ,N, ,0, , , , , , , , , ,2,2,0,0,0,0,0,0,0,0,0,0,1,1,0,0,0,0,0,0,1,0,0,0,0,0,0,0,0,0,0,0,0,0,0,8,0,40.0005,-75.2252, , 
53300,614835,2013098438,6,67,67301,2013,7,2,2145,21,3,1,0,8,1, , ,N,1,2,0,3,0,1,2,2,N,N,40 01:59.865,75 02:15.694,2159, ,2148,9,2,6,N, ,3,Y, , , , , , , , ,1,1,0,0,0,0,0,0,0,0,0,0,1,1,0,0,0,0,0,0,0,0,0,0,0,0,0,0,0,0,0,0,1,0,0,8,0,40.0332,-75.0378, , 
53301,614841,2013101058,6,67,67301,2013,8,6,1355,13,1,1,0,8,1, , ,N,1,2,0,3,0,1,3,2,N,N,39 58:28.752,75 07:18.052,1403, ,1357, ,0, ,N, ,3, , , , , , , , , ,1,1,0,0,0,0,0,0,0,0,0,1,1,0,2,0,0,0,0,0,0,0,0,0,0,0,0,0,0,0,0,0,1,0,0,4,0,39.9747,-75.1217, , 
53302,614842,2013103988,6,67,67301,2013,9,3,1130,11,1,1,0,4,1, , ,N,1,2,0,3,0,2,2,2,N,N,40 02:49.617,75 11:36.470,1150, ,1133, ,0, ,N, ,3, , , , , , , , , ,2,1,0,0,0,0,1,0,0,0,0,2,2,0,0,0,0,0,0,0,0,2,0,0,0,0,0,0,0,0,0,0,0,0,0,4,0,40.0471,-75.1935, , 
53303,612210,2013125873,6,67,67301,2013,11,5,1550,15,1,1,0,4,1, , ,N,1,2,0,3,0,1,2,2,Y,N,40 02:32.725,75 04:57.598,1641, ,1553, ,0, ,N, ,3, , , , , , , , , ,2,1,0,1,0,0,0,0,0,0,1,0,1,0,0,0,0,0,0,0,0,1,0,0,0,0,0,0,0,0,0,0,0,0,0,3,1,40.0424,-75.0827, , 
53304,612215,2013129400,6,67,67301,2013,11,5,1539,15,1,1,0,5,2, , ,N,0,0,0,3,0,0,1,3,N, ,40 00:14.488,75 08:55.272,1652, ,1642, ,0, , , ,0, , , , , , , , , ,3,1,0,0,0,0,1,1,0,0,0,0,0,0,0,0,0,0,0,0,0,1,0,0,0,0,0,0,0,0,0,0,0,0,0,0,0,40.004,-75.1487, , 
53305,612224,2014009753,6,67,67301,2013,12,2,9999,99,3,1,0,7,5, , ,N,0,0,0,3,0,0,1,1,N,N,40 00:04.340,75 04:17.430,1756, ,1754, ,0, ,N, ,0, , , , , , , , , ,1,0,0,0,1,0,0,0,0,0,0,0,0,0,0,0,0,0,0,0,0,0,0,0,0,0,0,0,0,0,0,0,0,0,0,0,0,40.0012,-75.0715, , 
53306,612229,2013125931,6,67,67301,2013,11,3,625,6,3,2,1,8,1, , ,N,2,2,0,3,0,1,2,2,N,N,40 01:26.448,75 04:36.304,720, ,720, ,0, ,N, ,3, , , , , , , , , ,1,0,0,0,0,0,0,0,0,0,0,1,1,0,0,0,0,0,0,0,0,0,0,0,0,0,0,0,0,0,0,0,1,0,0,4,0,40.024,-75.0768, , 
53307,612230,2013126531,6,67,67301,2013,10,7,1918,19,2,2,1,7,2, , ,N,0,0,0,3,0,0,1,1,N,N,39 59:39.972,75 11:32.309,1919, ,1918, ,0, , , ,0, , , , , , , , , ,1,1,0,0,0,0,0,0,0,0,0,0,0,0,0,0,0,0,0,0,0,0,0,0,0,0,0,0,0,0,0,0,0,0,0,0,0,39.9944,-75.1923, , 
53308,612238,2014001067,6,67,67301,2013,11,5,18,0,3,1,0,4,1, , ,N,2,3,0,3,0,0,2,2,N,N,40 02:51.525,75 08:09.952,26, ,26,2,2,5,N, ,3,Y, , , , , , , , ,2,2,0,0,0,0,0,0,0,0,0,0,0,0,0,0,0,0,0,0,0,0,0,0,0,0,0,0,0,0,0,0,0,0,0,0,0,40.0476,-75.1361, , 
53309,612240,2014002788,6,67,67301,2013,11,4,535,5,3,1,0,4,1, , ,N,1,2,0,3,0,0,2,2,N,N,40 01:17.486,75 08:23.326,555, ,549, ,0, ,N, ,3, , , , , , , , , ,2,1,0,0,0,0,0,0,0,0,0,0,0,0,0,0,0,0,0,0,0,0,0,0,0,0,0,0,0,0,0,0,0,0,0,0,0,40.0215,-75.1398, , 
53310,612245,2014013592,6,67,67301,2013,12,3,9999,99,3,1,0,1,1, , ,N,1,2,0,3,0,1,3,2,N,N,39 57:40.435,75 08:47.767,225, ,220, ,0, ,N, ,3, , , , , , , , , ,2,2,0,0,0,0,0,0,0,0,0,0,1,1,0,0,0,0,0,0,0,0,0,0,0,0,0,0,0,0,0,0,0,0,0,8,0,39.9612,-75.1466, , 
53311,612250,2013101759,6,67,67301,2013,9,4,9999,99,1,1,0,4,1, , ,N,2,0,0,3,0,1,4,3,N, ,39 59:25.686,75 05:12.763,1725, ,1720,3,1,5,N, ,0,N, , , , , , , , ,3,2,0,0,0,0,1,0,0,0,0,1,1,0,0,0,0,0,0,0,1,0,0,0,0,0,0,0,0,0,0,0,0,0,0,4,0,39.9905,-75.0869, , 
53312,612263,2013111912,6,67,67301,2013,9,7,9999,99,4,1,0,8,1, , ,N,0,0,0,3,0,1,2,2,N,N,40 02:59.150,75 10:18.490,1826, ,1825,3,2,1,N, ,0,Y, , , , , , , , ,1,0,0,0,0,0,0,1,0,0,1,0,1,0,0,0,0,0,0,0,0,0,0,0,0,0,0,0,0,0,0,0,1,0,0,3,0,40.0498,-75.1718, , 
53313,612287,2013130051,6,67,67301,2013,11,7,2350,23,3,1,0,1,1, , ,N,1,2,0,3,0,2,3,2,N, ,40 01:00.708,75 08:58.113,30, ,30, ,0, , , ,9, , , , , , , , , ,2,2,0,0,0,0,0,0,0,0,0,2,2,0,0,0,0,0,0,1,0,0,0,0,0,0,0,0,0,0,0,0,0,0,0,4,0,40.0169,-75.1495, , 
53314,612294,2014016047,6,67,67301,2013,10,6,1846,18,4,1,0,4,1, , ,N,1,2,0,3,0,2,3,2,N,N,40 03:53.766,75 03:05.562,0, ,0, ,0, ,N, ,3, , , , , , , , , ,2,0,0,0,0,0,0,2,0,0,1,0,2,1,1,0,0,0,0,0,0,0,0,0,0,0,0,0,0,0,0,0,0,0,0,3,0,40.0649,-75.0515, , 
53315,612317,2014003325,6,67,67301,2013,11,3,2320,23,3,2,1,4,1, , ,N,1,2,7,3,0,1,3,2,N,N,40 01:47.658,75 08:45.592,9999, ,2354, ,0, ,N, ,3, , , , , , , , , ,2,2,0,0,0,0,0,0,0,0,0,1,1,0,0,0,0,0,0,0,1,0,0,0,0,0,0,0,0,0,0,0,0,0,0,4,0,40.0299,-75.146, , 
53316,612347,2014013098,6,67,67301,2013,12,1,2246,22,3,1,0,4,1, , ,N,2,2,0,3,0,1,2,2,N, ,39 58:13.489,75 08:47.550,15, ,8, ,0, , , ,3, , , , , , , , , ,1,0,0,0,0,0,0,0,1,0,0,1,1,0,1,0,0,0,0,0,0,0,0,0,0,0,0,0,0,0,0,0,0,0,0,4,0,39.9703,-75.1466, , 
53317,612371,2013129462,6,67,67301,2013,11,3,640,6,5,1,0,4,1, , ,N,1,3,0,3,0,0,2,2,N,N,40 01:23.210,75 07:26.428,705, ,700, ,0, ,N, ,3, , , , , , , , , ,2,1,0,0,0,0,1,0,0,0,0,0,0,0,0,0,0,0,0,0,0,0,0,0,0,0,0,0,0,0,0,0,0,0,0,0,0,40.0231,-75.124, , 
53318,612373,2013106720,6,67,67301,2013,9,3,2230,22,3,1,0,4,1, , ,N,1,2,0,3,0,0,5,3,N,N,39 58:01.869,75 10:01.127,2235, ,2232, ,0, ,N, ,3, , , , , , , , , ,3,3,0,0,0,0,0,0,0,0,0,0,0,0,0,0,0,0,0,1,0,0,0,0,0,0,0,0,0,0,0,0,0,0,0,0,0,39.9672,-75.167, , 
53319,612376,2013109433,6,67,67301,2013,9,2,1922,19,3,1,0,1,1, , ,N,2,2,0,3,0,2,3,2,N,N,39 55:41.566,75 13:50.404,2015, ,2010, ,0, ,N, ,3, , , , , , , , , ,2,2,0,0,0,0,0,0,0,0,0,2,2,0,0,0,0,0,0,0,0,0,0,0,0,0,0,0,0,0,0,0,0,0,0,4,0,39.9282,-75.2307, , 
53320,612402,2014002751,6,67,67301,2013,12,2,9999,99,3,1,0,1,1, , ,N,1,2,0,3,0,1,3,2,N,N,40 03:09.399,75 08:01.755,1745, ,1729, ,0, ,N, ,3, , , , , , , , , ,2,2,0,0,0,0,0,0,0,0,1,0,1,0,2,0,0,0,0,0,0,0,0,0,0,0,0,0,0,0,0,0,0,0,0,3,0,40.0526,-75.1338, , 
53321,612403,2014009732,6,67,67301,2013,12,7,1950,19,3,1,0,4,1, , ,N,1,3,0,3,0,1,2,4,N, ,39 59:51.432,75 07:46.127,9999, ,9999, ,0, ,N, ,3, , , , , , , , , ,4,3,0,0,0,0,1,0,0,0,0,0,1,1,0,0,0,0,0,0,1,0,0,0,0,0,0,0,0,0,0,0,0,0,0,8,0,39.9976,-75.1295, , 
53322,606841,2014009677,6,67,67301,2013,12,5,2003,20,3,2,1,7,3, , ,N,0,0,0,3,0,1,2,1,N, ,39 54:58.016,75 13:12.148,2020, ,2006, ,0, , , ,0, , , , , , , , , ,1,1,0,0,0,0,0,0,0,0,0,1,1,0,0,0,0,0,0,0,0,0,0,0,0,0,0,0,0,0,0,0,0,0,0,4,0,39.9161,-75.22, , 
53323,606843,2013109447,6,67,67301,2013,10,1,445,4,3,1,0,5,2, , ,N,0,0,0,3,0,1,1,4,N,N,39 59:37.798,75 07:26.432,1715, ,710, ,0, ,N, ,0, , , , , , , , , ,4,1,0,0,1,0,2,0,0,0,0,1,1,0,0,0,0,0,0,0,0,0,0,0,0,0,0,0,0,0,0,0,0,0,0,4,0,39.9938,-75.124, , 
53324,606845,2013114970,6,67,67301,2013,11,3,1633,16,1,1,0,7,4, , ,N,0,0,0,3,0,0,1,1,N,N,39 59:00.827,75 05:52.243,1648, ,1635, ,0, ,N, ,0, , , , , , , , , ,1,0,0,0,0,0,1,0,0,0,0,0,0,0,0,0,0,0,0,0,0,0,0,0,0,0,0,0,0,0,0,0,0,0,0,0,0,39.9836,-75.0978, , 
53325,606851,2013121746,6,67,67301,2013,11,6,1654,16,3,1,1,4,1, , ,N,0,0,0,3,0,0,6,2,N,N,39 58:57.309,75 12:27.900,1654, ,1654,2,1,4,N, ,0,N, , , , , , , , ,2,1,0,0,0,0,1,0,0,0,0,0,0,0,0,0,0,0,1,0,1,0,0,0,0,0,0,0,0,0,0,0,0,0,0,0,0,39.9826,-75.2078, , 
53326,606853,2013123002,6,67,67301,2013,11,7,2350,23,3,1,0,5,1, , ,N,0,0,0,3,0,0,1,2,N,N,40 01:32.718,75 09:46.425,23, ,18, ,0, , , ,0, , , , , , , , , ,2,1,0,0,0,0,1,0,0,0,0,0,0,0,0,0,0,0,0,0,0,0,0,0,0,0,0,0,0,0,0,0,0,0,0,0,0,40.0258,-75.1629, , 
53327,606857,2014001121,6,67,67301,2013,11,6,55,0,3,1,0,5,6, , ,N,0,0,0,3,0,1,1,3,N,N,39 58:16.726,75 08:52.425,100, ,55, ,0, ,N, ,0, , , , , , , , , ,3,2,0,0,1,0,0,0,0,0,1,0,1,0,0,0,0,0,0,0,0,0,0,0,0,0,0,0,0,0,0,0,0,0,0,3,0,39.9713,-75.1479, , 
53328,606858,2013103916,6,67,67301,2013,9,1,1943,19,3,1,0,8,6, , ,N,0,0,0,3,0,1,3,2,N, ,39 58:16.610,75 09:27.480,1955, ,1944, ,0, , , ,0, , , , , , , , , ,1,1,0,0,0,0,0,0,0,0,0,0,1,1,0,0,0,0,0,0,0,0,0,0,0,0,0,0,0,0,0,0,1,0,0,8,0,39.9713,-75.1576, , 
53329,606870,2013111432,6,67,67301,2013,10,3,1615,16,1,1,0,1,1, , ,N,0,0,0,3,0,0,2,2,N,N,39 58:37.197,75 11:56.205,1622, ,1615, ,0, ,N, ,0, , , , , , , , , ,2,1,0,0,0,0,1,0,0,0,0,0,0,0,0,0,0,0,0,0,0,0,0,0,0,0,0,0,0,0,0,0,0,0,0,0,0,39.977,-75.1989, , 
53330,606871,2013114461,6,67,67301,2013,10,3,9999,99,3,1,0,8,1, , ,N,0,0,0,3,0,1,2,2,N,N,39 59:24.526,75 10:55.500,1848, ,1845, ,0, ,N, ,0, , , , , , , , , ,1,1,0,0,0,0,0,0,0,0,0,1,1,0,0,0,0,0,0,0,1,0,0,0,0,0,0,0,0,0,0,0,1,0,0,4,0,39.9901,-75.1821, , 
53331,606892,2014006871,6,67,67301,2013,12,4,1240,12,1,1,5,4,1, , ,N,1,2,0,3,0,1,3,3,N,N,40 01:13.222,75 06:50.843,1242, ,1242, ,0, ,N, ,3, , , , , , , , , ,3,3,0,0,0,0,0,0,0,0,0,0,1,1,0,0,0,0,0,0,0,1,0,0,0,0,0,0,0,0,0,0,0,0,0,8,0,40.0202,-75.1141, , 
53332,606894,2014013128,6,67,67301,2013,12,3,1030,10,1,1,0,5,1, , ,N,0,0,0,3,0,1,2,5,N,N,40 00:19.386,75 06:32.417,1100, ,1040, ,0, ,N, ,0, , , , , , , , , ,4,2,0,0,1,0,1,0,0,0,0,0,1,1,0,0,0,0,0,0,0,0,0,0,0,0,0,0,0,0,0,0,1,0,0,8,0,40.0054,-75.109, , 