objectid_1,objectid,crn,district,county,municipality,crash_year,crash_month,day_of_week,time_of_day,hour_of_day,illumination,weather,road_condition,collision_type,relation_to_road,work_zone_type,work_zone_loc,work_zone_ind,intersect_type,tcd_type,location_type,urban_rural,fatal_count,injury_count,person_count,total_units,sch_bus_ind,sch_zone_ind,latitude,longitude,arrival_tm,cons_zone_spd_lim,dispatch_tm,est_hrs_closed,lane_closed,ln_close_dir,ntfy_hiwy_maint,spec_juris_cd,tcd_func_cd,tfc_detour_ind,workers_pres,wz_close_detour,wz_flagger,wz_law_offcr_ind,wz_ln_closure,wz_moving,wz_other,wz_shlder_mdn,vehicle_count,automobile_count,motorcycle_count,bus_count,small_truck_count,heavy_truck_count,suv_count,van_count,bicycle_count,maj_inj_count,mod_inj_count,min_inj_count,tot_inj_count,unk_inj_deg_count,unk_inj_per_count,driver_count_16yr,driver_count_17yr,driver_count_18yr,driver_count_19yr,driver_count_20yr,driver_count_50_64yr,driver_count_65_74yr,driver_count_75plus,unbelted_occ_count,unb_death_count,unb_maj_inj_count,belted_death_count,belted_maj_inj_count,mcycle_death_count,mcycle_maj_inj_count,bicycle_death_count,bicycle_maj_inj_count,ped_count,ped_death_count,ped_maj_inj_count,max_severity_level,comm_veh_count,dec_lat,dec_long,rdwy_surf_type_cd,county_name
53333,606895,2014013178,6,67,67301,2013,12,3,2244,22,3,1,0,4,1, , ,N,2,0,0,3,0,0,7,2,N, ,40 02:34.600,75 03:23.294,2310, ,2259, ,0, , , ,0, , , , , , , , , ,2,1,0,0,0,0,1,0,0,0,0,0,0,0,0,0,0,0,0,0,1,0,0,0,0,0,0,0,0,0,0,0,0,0,0,0,0,40.0429,-75.0565, , 
53334,606908,2013121423,6,67,67301,2013,10,3,1624,16,1,1,0,5,1, , ,N,0,0,0,3,0,0,2,3,N,N,39 54:41.500,75 14:40.210,1857, ,1853,3,2,2,N, ,0,Y, , , , , , , , ,3,1,0,0,0,0,1,1,0,0,0,0,0,0,0,0,0,0,0,0,0,1,0,1,0,0,0,0,0,0,0,0,0,0,0,0,0,39.9115,-75.2445, , 
53335,606916,2013134229,6,67,67301,2013,12,1,1514,15,1,2,7,7,4, , ,N,0,0,0,3,0,0,1,1,N,N,40 02:24.256,75 00:21.667,1522, ,1521, ,0, ,N, ,0, , , , , , , , , ,1,1,0,0,0,0,0,0,0,0,0,0,0,0,0,0,0,0,0,0,0,0,0,0,0,0,0,0,0,0,0,0,0,0,0,0,0,40.04,-75.0061, , 
53336,606926,2013114096,6,67,67301,2013,11,1,1527,15,1,1,0,7,2, , ,N,0,0,0,3,0,0,3,1,N,N,39 59:22.193,75 05:15.520,1541, ,1528,1,1,2,N, ,0,N, , , , , , , , ,1,1,0,0,0,0,0,0,0,0,0,0,0,0,0,0,1,0,0,0,0,0,0,0,0,0,0,0,0,0,0,0,0,0,0,0,0,39.9895,-75.0876, , 
53337,606940,2013129434,6,67,67301,2013,11,4,9999,99,1,1,0,4,1, , ,N,0,0,0,3,0,1,2,2,N,N,39 59:51.704,75 07:23.039,800, ,809, ,0, , , ,0, , , , , , , , , ,2,1,0,0,0,0,0,0,0,0,0,0,1,1,0,0,0,0,0,0,0,0,0,0,0,0,0,0,0,0,0,0,0,0,0,8,0,39.9977,-75.1231, , 
53338,606956,2013122983,6,67,67301,2013,11,6,9999,99,1,1,0,8,1, , ,N,1,2,0,3,0,1,2,2,N,N,40 02:39.450,75 03:14.767,1655, ,1653, ,0, ,N, ,3, , , , , , , , , ,1,1,0,0,0,0,0,0,0,0,1,0,1,0,0,0,0,0,0,0,0,0,0,0,0,0,0,0,0,0,0,0,1,0,0,3,0,40.0443,-75.0541, , 
53339,606969,2014002766,6,67,67301,2013,11,6,1440,14,1,2,1,2,1, , ,N,0,0,0,3,0,0,2,2,N,N,40 02:16.782,75 13:50.911,1458, ,1450, ,0, ,N, ,0, , , , , , , , , ,2,1,0,0,0,1,0,0,0,0,0,0,0,0,0,0,0,0,0,0,0,0,0,0,0,0,0,0,0,0,0,0,0,0,0,0,1,40.038,-75.2308, , 
53340,606978,2013111444,6,67,67301,2013,11,6,1045,10,1,2,1,1,1, , ,N,0,0,0,3,0,1,4,2,N,N,39 58:16.971,75 07:25.941,1058, ,1049,1,2,2,N, ,0,N, , , , , , , , ,2,0,0,0,0,0,2,0,0,0,1,0,1,0,1,0,0,0,0,0,0,0,0,0,0,0,0,0,0,0,0,0,0,0,0,3,0,39.9714,-75.1239, , 
53341,609466,2014009661,6,67,67301,2013,12,1,848,8,1,2,1,4,1, , ,N,1,3,0,3,0,1,2,2,N, ,40 03:31.504,75 03:02.099,928, ,921, ,0, , , ,3, , , , , , , , , ,2,0,0,0,1,0,1,0,0,0,0,1,1,0,0,0,0,0,0,0,0,0,0,0,0,0,0,0,0,0,0,0,0,0,0,4,0,40.0588,-75.0506, , 
53342,609470,2013111797,6,67,67301,2013,9,2,2340,23,3,1,0,1,1, , ,N,2,3,0,3,0,1,2,2,N,N,40 02:39.393,75 10:28.120,2342, ,2340, ,0, , , ,3, , , , , , , , , ,2,2,0,0,0,0,0,0,0,0,0,0,1,1,0,0,0,0,0,0,0,0,0,0,0,0,0,0,0,0,0,0,0,0,0,8,0,40.0443,-75.1745, , 
53343,609473,2013114464,6,67,67301,2013,10,1,2045,20,3,1,0,7,5, , ,N,1,2,0,3,0,1,1,1,N,N,40 02:39.450,75 03:14.767,2100, ,2050, ,0, ,N, ,3, , , , , , , , , ,1,1,0,0,0,0,0,0,0,0,0,0,1,1,0,0,0,0,0,0,0,0,0,1,0,0,0,0,0,0,0,0,0,0,0,8,0,40.0443,-75.0541, , 
53344,609474,2013114973,6,67,67301,2013,11,7,2358,23,3,1,0,1,1, , ,N,6,0,2,3,0,0,2,2,N,N,39 56:53.195,75 11:13.064,20, ,16, ,0, ,N, ,0, , , , , , , , , ,2,2,0,0,0,0,0,0,0,0,0,0,0,0,0,0,0,0,0,0,1,0,0,0,0,0,0,0,0,0,0,0,0,0,0,0,0,39.9481,-75.187, , 
53345,609482,2013122078,6,67,67301,2013,11,6,1559,15,1,1,0,1,1, , ,N,0,0,0,3,0,2,3,3,N,N,39 59:07.221,75 09:03.481,1653, ,1559, ,0, ,N, ,0, , , , , , , , , ,3,1,0,0,0,0,0,0,0,0,1,1,2,0,0,0,0,0,0,0,0,0,0,0,0,0,0,0,0,0,0,0,0,0,0,3,0,39.9853,-75.151, , 
53346,609487,2013129443,6,67,67301,2013,11,1,26,0,3,1,0,4,1, , ,N,1,0,0,3,0,1,4,2,N, ,40 00:10.512,75 07:37.113,30, ,26, ,0, , , ,0, , , , , , , , , ,2,2,0,0,0,0,0,0,0,0,0,0,1,1,0,0,0,0,0,0,0,0,0,0,0,0,0,0,0,0,0,0,0,0,0,8,0,40.0029,-75.127, , 
53347,609501,2013101729,6,67,67301,2013,9,1,9999,99,1,1,0,4,1, , ,N,1,3,0,3,0,1,2,2,N,N,39 56:24.176,75 10:28.174,1850, ,1842, ,0, ,N, ,3, , , , , , , , , ,1,1,0,0,0,0,0,0,1,0,0,0,1,1,1,0,0,0,0,0,0,0,0,0,0,0,0,0,0,0,0,0,0,0,0,8,0,39.94,-75.1745, , 
53348,609540,2013095950,6,67,67301,2013,8,1,800,8,1,1,0,8,1, , ,N,2,3,0,3,0,1,2,2,N, ,39 55:17.742,75 14:24.338,1054, ,1043, ,0, , , ,3, , , , , , , , , ,1,0,0,0,0,0,1,0,0,0,0,1,1,0,1,0,0,0,0,0,0,0,0,0,0,0,0,0,0,0,0,0,1,0,0,4,0,39.9216,-75.2401, , 
53349,609551,2013114510,6,67,67301,2013,10,6,656,6,5,1,0,4,1, , ,N,2,2,7,3,0,1,2,2,N,N,39 56:45.926,75 11:54.625,659, ,656, ,0, ,N, ,3, , , , , , , , , ,1,0,0,0,0,0,0,1,1,0,0,1,1,0,0,0,0,0,0,0,1,0,0,0,0,0,0,0,0,0,0,0,0,0,0,4,0,39.9461,-75.1985, , 
53350,609562,2013080097,6,67,67301,2013,6,1,2155,21,3,1,0,4,1, , ,N,1,2,0,3,0,1,2,2,N,N,39 57:08.078,75 12:24.915,2200, ,2155, ,0, ,N, ,3, , , , , , , , , ,1,1,0,0,0,0,0,0,1,0,0,1,1,0,0,0,0,0,0,0,1,0,0,0,0,0,0,0,0,0,0,0,0,0,0,4,0,39.9522,-75.2069, , 
53351,609565,2013084018,6,67,67301,2013,7,5,1618,16,1,1,0,8,1, , ,N,2,2,0,3,0,1,2,2,N,N,40 01:45.341,75 09:49.576,1625, ,1623,1,2,6,N, ,3,Y, , , , , , , , ,1,1,0,0,0,0,0,0,0,1,0,0,1,0,0,0,0,0,0,0,0,0,0,0,0,0,0,0,0,0,0,0,1,0,1,2,0,40.0293,-75.1638, , 
53352,609572,2013094927,6,67,67301,2013,8,1,427,4,3,1,0,7,4, , ,N,0,0,0,3,0,0,2,1,N,N,39 53:25.346,75 12:00.989,437, ,428, ,0, ,N, ,0, , , , , , , , , ,1,0,0,0,0,0,1,0,0,0,0,0,0,0,0,0,0,0,0,0,0,0,0,0,0,0,0,0,0,0,0,0,0,0,0,0,0,39.8904,-75.2003, , 
53353,609576,2013110268,6,67,67301,2013,11,2,720,7,1,1,0,4,1, , ,N,1,3,0,3,0,1,16,2,Y,N,39 58:03.050,75 12:07.052,745, ,730,2,1,1,N, ,3,N, , , , , , , , ,2,1,0,1,0,0,0,0,0,0,0,0,1,1,0,0,0,0,0,1,0,0,0,0,0,0,0,0,0,0,0,0,0,0,0,8,1,39.9675,-75.202, , 
53354,609583,2013114459,6,67,67301,2013,10,6,2059,20,3,1,0,4,1, , ,N,1,2,0,3,0,1,2,2,N,N,39 57:36.745,75 11:27.211,2059, ,2059, ,0, ,N, ,3, , , , , , , , , ,1,0,0,0,0,0,1,0,1,0,0,1,1,0,0,0,0,0,0,0,0,0,0,1,0,0,0,0,0,0,0,0,0,0,0,4,0,39.9602,-75.1909, , 
53355,609599,2014001090,6,67,67301,2013,12,2,25,0,3,1,0,1,1, , ,N,1,2,0,3,0,1,2,2,N,N,39 57:07.661,75 09:41.216,26, ,26,1,1,1, , ,3,N, , , , , , , , ,2,1,0,0,0,1,0,0,0,0,0,1,1,0,0,0,0,0,0,0,1,0,0,0,0,0,0,0,0,0,0,0,0,0,0,4,1,39.9521,-75.1615, , 
53356,609600,2014006304,6,67,67301,2013,12,7,1410,14,1,1,0,4,1, , ,N,1,3,0,3,0,0,3,2,N,N,40 00:07.027,75 08:24.226,1423, ,1420,9,1,2,N, ,3,N, , , , , , , , ,2,1,0,0,0,0,0,1,0,0,0,0,0,0,0,0,0,0,0,0,0,0,0,0,0,0,0,0,0,0,0,0,0,0,0,0,0,40.002,-75.1401, , 
53357,609601,2014010179,6,67,67301,2013,12,2,1024,10,1,2,1,1,1, , ,N,0,0,0,3,0,0,4,3,N,N,39 57:34.632,75 10:50.986,1031, ,1025,2,1,4,N, ,0,N, , , , , , , , ,3,2,0,0,0,0,1,0,0,0,0,0,0,0,0,0,0,0,0,0,0,0,0,0,0,0,0,0,0,0,0,0,0,0,0,0,0,39.9596,-75.1808, , 
53358,609611,2013123020,6,67,67301,2013,11,5,1520,15,1,2,1,7,4, , ,N,1,2,0,3,0,1,1,1,N, ,40 05:49.711,75 01:05.375,1548, ,1544, ,0, , , ,3, , , , , , , , , ,1,1,0,0,0,0,0,0,0,0,0,1,1,0,0,0,0,0,0,0,0,0,0,0,0,0,0,0,0,0,0,0,0,0,0,4,0,40.0971,-75.0182, , 
53359,614847,2013110710,6,67,67301,2013,9,7,1800,18,1,1,0,4,1, , ,N,0,0,7,3,0,1,4,2,N,N,40 00:25.239,75 05:38.652,1810, ,1805, ,0, ,N, ,0, , , , , , , , , ,2,2,0,0,0,0,0,0,0,0,0,0,1,1,0,0,0,0,0,0,0,0,0,0,0,0,0,0,0,0,0,0,0,0,0,8,0,40.007,-75.0941, , 
53360,614862,2013121342,6,67,67301,2013,10,5,1440,14,1,1,0,8,1, , ,N,0,0,0,3,0,1,2,2,N,N,40 03:24.068,75 11:18.428,1521, ,1509, ,0, ,N, ,0, , , , , , , , , ,1,0,0,0,0,0,0,1,0,0,0,0,1,1,0,0,0,0,0,0,0,0,0,0,0,0,0,0,0,0,0,0,1,0,0,8,0,40.0567,-75.1885, , 
53361,614871,2014002782,6,67,67301,2013,11,4,1655,16,3,2,1,8,1, , ,N,0,0,0,3,0,2,3,3,N,N,39 59:49.389,75 09:57.669,1700, ,1659,1,2,3,N, ,0,Y, , , , , , , , ,1,1,0,0,0,0,0,0,0,0,0,2,2,0,0,0,0,0,0,0,0,0,0,0,0,0,0,0,0,0,0,0,2,0,0,4,0,39.9971,-75.166, , 
53362,614872,2014019131,6,67,67301,2013,12,1,2138,21,3,1,1,4,1, , ,N,1,2,0,3,0,1,4,3,N,N,40 01:26.924,75 07:59.558,2149, ,2141,9,2,7,N, ,3,Y, , , , , , , , ,3,2,0,0,1,0,0,0,0,0,1,0,1,0,0,0,0,0,0,0,0,0,0,0,0,0,0,0,0,0,0,0,0,0,0,3,0,40.0242,-75.133, , 
53363,614891,2013130233,6,67,67301,2013,11,3,1052,10,1,1,0,7,4, , ,N,0,0,0,3,0,1,1,1,N,N,39 56:53.940,75 11:11.696,1058, ,1052,1,1,3,N, ,0,N, , , , , , , , ,1,1,0,0,0,0,0,0,0,0,0,1,1,0,0,0,0,0,0,0,0,1,0,0,0,0,0,0,0,0,0,0,0,0,0,4,0,39.9483,-75.1866, , 
53364,614895,2014001071,6,67,67301,2013,11,4,1225,12,1,2,1,4,1, , ,N,1,3,0,3,0,1,3,2,N,N,40 00:16.686,75 08:14.798,1232, ,1232, ,0, ,N, ,3, , , , , , , , , ,2,0,0,0,0,0,1,1,0,0,0,0,1,1,0,0,0,0,0,0,0,0,1,0,0,0,0,0,0,0,0,0,0,0,0,8,0,40.0046,-75.1374, , 
53365,614903,2013121402,6,67,67301,2013,10,3,1055,10,1,1,0,4,2, , ,N,1,3,0,3,0,1,3,3,N,N,39 55:35.824,75 10:38.499,1100, ,1058, ,0, ,N, ,3, , , , , , , , , ,2,1,0,0,1,0,0,0,0,0,0,1,1,0,0,0,0,0,0,0,0,0,0,1,0,0,0,0,0,0,0,0,1,0,0,4,0,39.9266,-75.1774, , 
53366,614916,2014009745,6,67,67301,2013,12,5,906,9,1,8,1,1,6, , ,N,0,0,0,3,0,1,2,2,N,N,40 05:54.712,74 59:15.934,910, ,906, ,0, ,N, ,0, , , , , , , , , ,2,0,0,0,0,1,1,0,0,0,0,1,1,0,0,0,0,0,0,0,0,0,0,0,0,0,0,0,0,0,0,0,0,0,0,4,1,40.0985,-74.9878, , 
53367,614944,2013125925,6,67,67301,2013,11,7,205,2,3,2,1,2,6, , ,N,0,0,0,3,0,0,1,2,N,N,40 01:37.959,75 08:39.681,214, ,210,2,2,6,N, ,0,Y, , , , , , , , ,2,2,0,0,0,0,0,0,0,0,0,0,0,0,0,0,0,0,0,0,1,0,0,0,0,0,0,0,0,0,0,0,0,0,0,0,0,40.0272,-75.1444, , 
53368,614945,2013125960,6,67,67301,2013,10,1,1835,18,3,1,0,4,1, , ,N,0,0,0,3,0,0,2,2,N,N,40 04:15.772,75 14:27.039,1851, ,1845, ,0, ,N, ,0, , , , , , , , , ,2,1,0,0,0,0,1,0,0,0,0,0,0,0,0,0,0,0,0,0,0,0,0,0,0,0,0,0,0,0,0,0,0,0,0,0,0,40.071,-75.2408, , 
53369,614957,2013109413,6,67,67301,2013,9,4,1530,15,1,1,0,8,1, , ,N,2,2,0,3,0,1,2,2,N,N,40 01:52.459,75 01:18.271,1543, ,1540, ,0, ,N, ,3, , , , , , , , , ,1,1,0,0,0,0,0,0,0,0,0,0,1,1,0,0,0,0,0,0,0,0,0,0,0,0,0,0,0,0,0,0,1,0,0,8,0,40.0312,-75.0217, , 
53370,614985,2013119841,6,67,67301,2013,11,4,1140,11,1,2,1,1,1, , ,N,1,2,0,3,0,1,3,2,Y,N,39 57:37.816,75 13:43.179,1255, ,1237,2,1,2,N, ,3,N, , , , , , , , ,2,0,0,1,0,0,1,0,0,0,0,0,1,1,0,0,0,0,0,0,0,0,0,0,0,0,0,0,0,0,0,0,0,0,0,8,1,39.9604,-75.2287, , 
53371,614996,2013124820,6,67,67301,2013,11,3,2213,22,3,2,1,7,4, , ,N,0,0,0,3,0,1,1,1,N,N,39 55:57.631,75 12:00.133,2220, ,2220, ,0, ,N, ,0, , , , , , , , , ,1,0,0,0,0,0,0,1,0,0,0,0,1,1,0,0,0,1,0,0,0,0,0,0,0,0,0,0,0,0,0,0,0,0,0,8,0,39.9327,-75.2, , 
53372,615046,2014006847,6,67,67301,2013,11,3,1702,17,3,1,0,8,1, , ,N,0,3,0,3,0,1,2,2,N, ,39 57:16.088,75 13:28.423,1707, ,1705, ,0, , , ,3, , , , , , , , , ,1,1,0,0,0,0,0,0,0,0,0,1,1,0,0,0,0,0,0,0,0,0,0,0,0,0,0,0,0,0,0,0,1,0,0,4,0,39.9545,-75.2246, , 
53373,615056,2013124833,6,67,67301,2013,12,3,1710,17,3,1,0,1,1, , ,N,0,0,0,3,0,2,8,5,N,N,40 00:25.361,75 11:56.651,1722, ,1710, ,0, ,N, ,0, , , , , , , , , ,5,2,0,0,0,0,2,0,0,0,0,1,2,1,0,0,0,0,0,0,2,1,0,0,0,0,0,0,0,0,0,0,0,0,0,4,0,40.007,-75.1991, , 
53374,615062,2014009637,6,67,67301,2013,12,1,249,2,3,1,0,5,6, , ,N,0,0,0,3,0,0,1,3,N,N,40 03:03.218,75 08:31.758,313, ,309, ,0, ,N, ,0, , , , , , , , , ,3,3,0,0,0,0,0,0,0,0,0,0,0,0,0,0,0,0,0,0,0,0,0,0,0,0,0,0,0,0,0,0,0,0,0,0,0,40.0509,-75.1422, , 
53375,615063,2014013125,6,67,67301,2013,12,7,1056,10,1,1,0,5,1, , ,N,0,0,0,3,0,1,3,2,N,N,39 57:37.602,75 14:27.910,1122, ,1056, ,0, ,N, ,0, , , , , , , , , ,2,2,0,0,0,0,0,0,0,0,0,0,1,1,0,0,0,0,0,0,0,1,0,0,0,0,0,0,0,0,0,0,0,0,0,8,0,39.9604,-75.2411, , 
53376,615099,2014002781,6,67,67301,2013,11,3,1702,17,3,2,1,5,1, , ,N,0,0,0,3,0,1,3,2,N,N,40 00:37.143,75 09:34.177,1704, ,1702, ,0, , , ,0, , , , , , , , , ,2,1,0,0,0,0,1,0,0,0,0,0,1,1,0,0,0,0,0,1,0,0,1,0,0,0,0,0,0,0,0,0,0,0,0,8,0,40.0103,-75.1595, , 
53377,612404,2014013085,6,67,67301,2013,12,3,300,3,3,1,0,6,1, , ,N,0,0,0,3,0,0,1,2,N,N,40 01:55.682,75 07:58.987,317, ,314, ,0, ,N, ,0, , , , , , , , , ,2,2,0,0,0,0,0,0,0,0,0,0,0,0,0,0,0,0,0,0,0,0,0,1,0,0,0,0,0,0,0,0,0,0,0,0,0,40.0321,-75.1331, , 
53378,612420,2013126000,6,67,67301,2013,11,7,2121,21,3,1,0,4,1, , ,N,1,2,0,3,0,1,8,3,N,N,40 03:02.755,75 08:55.321,2123, ,2121,3,1,2,N, ,3,Y, , , , , , , , ,3,2,0,0,0,0,1,0,0,0,1,0,1,0,0,0,0,1,0,0,0,0,0,0,0,0,0,0,0,0,0,0,0,0,0,3,0,40.0507,-75.1487, , 
53379,612424,2013121530,6,67,67301,2013,10,2,908,9,1,1,0,1,1, , ,N,1,3,0,3,0,1,2,2,N,N,39 57:50.673,75 13:56.071,911, ,911,3,1,2,N, ,3,N, , , , , , , , ,2,0,0,0,0,0,2,0,0,0,0,1,1,0,0,0,0,0,0,0,0,0,1,0,0,0,0,0,0,0,0,0,0,0,0,4,0,39.9641,-75.2322, , 
53380,612433,2014009737,6,67,67301,2013,11,3,1915,19,3,1,0,7,5, , ,N,1,3,0,3,0,0,0,1,N,N,40 00:51.627,75 05:04.721,1937, ,1933, ,0, , , ,3, , , , , , , , , ,1,1,0,0,0,0,0,0,0,0,0,0,0,0,0,0,0,0,0,0,0,0,0,0,0,0,0,0,0,0,0,0,0,0,0,9,0,40.0143,-75.0846, , 
53381,612439,2013124630,6,67,67301,2013,11,4,1503,15,1,1,0,1,1, , ,N,5,2,0,3,0,3,3,2,N, ,39 54:36.252,75 09:48.020,1520, ,1506, ,0, ,N, ,3, , , , , , , , , ,2,1,0,0,0,0,1,0,0,0,2,1,3,0,0,0,0,0,0,0,0,0,0,0,0,0,0,0,0,0,0,0,0,0,0,3,0,39.9101,-75.1633, , 
53382,612443,2013129501,6,67,67301,2013,11,2,1144,11,1,1,0,4,1, , ,N,1,3,0,3,0,1,3,2,N,N,39 59:57.840,75 07:37.545,1204, ,1201, ,0, ,N, ,3, , , , , , , , , ,2,1,0,0,0,0,1,0,0,0,0,0,1,1,0,0,0,0,0,0,1,0,0,3,0,0,0,0,0,0,0,0,0,0,0,8,0,39.9994,-75.1271, , 
53383,612449,2014009758,6,67,67301,2013,11,6,1250,12,1,1,0,0,1, , ,N,0,0,0,3,0,0,2,1,N,N,39 58:17.360,75 11:07.416,1252, ,1250, ,0, ,N, ,0, , , , , , , , , ,1,0,0,0,1,0,0,0,0,0,0,0,0,0,0,0,0,0,0,0,0,0,0,1,0,0,0,0,0,0,0,0,0,0,0,0,0,39.9715,-75.1854, , 
53384,612451,2013106732,6,67,67301,2013,9,6,9999,99,1,1,0,8,1, , ,N,1,3,0,3,0,1,2,2,N, ,39 58:44.868,75 07:32.152,1035, ,1030,3,2,3, , ,3,Y, , , , , , , , ,1,0,0,0,0,0,0,1,1,0,0,1,1,0,0,0,0,0,0,0,0,0,0,0,0,0,0,0,0,0,0,0,0,0,0,4,0,39.9791,-75.1256, , 
53385,612461,2013121354,6,67,67301,2013,10,6,2359,23,3,1,0,1,1, , ,N,0,2,0,3,0,0,2,2,N,N,39 57:23.860,75 09:57.545,54, ,53,1,1,1, , ,3,Y, , , , , , , , ,2,1,0,0,1,0,0,0,0,0,0,0,0,0,0,0,0,0,0,0,0,0,0,0,0,0,0,0,0,0,0,0,0,0,0,0,0,39.9566,-75.166, , 
53386,612468,2013133412,6,46,46102,2013,12,7,752,7,1,8,0,4,1, , ,N,1,2,0,3,0,1,3,2,N, ,40 03:16.724,75 07:29.999,801, ,757,1,1,4,N, ,3,N, , , , , , , , ,2,1,0,0,0,0,1,0,0,0,0,0,1,1,0,0,0,0,0,0,1,0,0,0,0,0,0,0,0,0,0,0,0,0,0,8,0,40.0546,-75.125, , 
53387,612483,2013133083,6,67,67301,2013,10,3,815,8,1,1,0,5,1, , ,N,10,1,0,3,0,1,2,2,N, ,39 57:53.400,75 10:44.700,1220, ,9999, ,0, , , ,3, , , , , , , , , ,1,1,0,0,0,0,0,0,1,0,0,1,1,0,0,0,0,0,0,0,0,0,0,0,0,0,0,0,0,0,0,0,0,0,0,4,0,39.9661,-75.1793, , 
53388,612487,2014013035,6,67,67301,2013,12,6,1654,16,1,1,0,7,5, , ,N,1,0,0,3,0,1,1,1,N, ,40 00:29.676,75 08:35.856,1659, ,1655, ,0, , , ,0, , , , , , , , , ,1,1,0,0,0,0,0,0,0,0,0,1,1,0,0,0,0,0,0,0,0,0,0,0,0,0,0,0,0,0,0,0,0,0,0,4,0,40.0082,-75.1433, , 
53389,612496,2013101188,6,67,67301,2013,9,7,1211,12,1,1,0,8,1, , ,N,1,3,0,3,0,1,2,2,N,N,40 04:03.349,75 09:09.446,1223, ,1217, ,0, ,N, ,3, , , , , , , , , ,1,0,0,0,0,0,1,0,0,0,0,0,1,1,0,0,0,0,0,0,0,0,0,0,0,0,0,0,0,0,0,0,1,0,0,8,0,40.0676,-75.1526, , 
53390,612534,2014001063,6,67,67301,2013,11,4,545,5,3,2,1,1,1, , ,N,0,8,1,3,0,0,2,2,N,N,39 55:16.756,75 11:25.900,600, ,558, ,0, ,N, ,3, , , , , , , , , ,2,2,0,0,0,0,0,0,0,0,0,0,0,0,0,0,0,0,0,0,0,0,0,1,0,0,0,0,0,0,0,0,0,0,0,0,0,39.9213,-75.1905, , 
53391,612536,2014003317,6,67,67301,2013,12,7,1857,18,3,4,5,5,1, , ,N,0,0,0,3,0,4,5,2,N,N,40 01:49.047,75 05:16.059,1906, ,1900, ,0, ,N, ,0, , , , , , , , , ,2,1,0,0,1,0,0,0,0,0,0,4,4,0,0,0,0,0,0,0,0,0,0,0,0,0,0,0,0,0,0,0,0,0,0,4,0,40.0303,-75.0878, , 
53392,612544,2013070185,6,67,67301,2013,6,6,1015,10,1,2,1,1,1, , ,N,1,2,0,3,0,1,2,2,N, ,39 56:48.750,75 14:07.912,1245, ,1015, ,0, , , ,3, , , , , , , , , ,2,1,0,0,0,0,1,0,0,0,0,0,1,1,0,0,0,0,0,0,0,0,0,0,0,0,0,0,0,0,0,0,0,0,0,8,0,39.9469,-75.2355, , 
53393,612551,2013077024,6,67,67301,2013,6,7,1300,13,1,1,0,1,1, , ,N,1,2,0,3,0,1,3,2,N, ,40 00:53.052,75 12:21.777,1330, ,1319, ,0, , , ,3, , , , , , , , , ,2,1,0,0,0,0,1,0,0,0,0,0,1,1,0,0,0,0,0,0,1,0,0,0,0,0,0,0,0,0,0,0,0,0,0,8,0,40.0148,-75.2063, , 
53394,612557,2013079552,6,67,67301,2013,7,1,1559,15,1,1,0,1,1, , ,N,1,2,0,3,0,0,4,3,N,N,40 01:41.450,75 02:20.031,1610, ,1610,1,1,2,N, ,3,N, , , , , , , , ,3,1,0,0,1,0,1,0,0,0,0,0,0,0,0,0,0,0,0,0,2,0,0,0,0,0,0,0,0,0,0,0,0,0,0,0,0,40.0282,-75.0389, , 
53395,607005,2013101775,6,67,67301,2013,9,6,740,7,1,1,0,7,5, , ,N,0,0,0,3,0,1,1,1,N,N,40 02:12.555,75 09:51.033,750, ,740, ,0, ,N, ,0, , , , , , , , , ,1,1,0,0,0,0,0,0,0,0,0,1,1,0,0,0,0,0,0,0,0,0,0,1,0,0,0,0,0,0,0,0,0,0,0,4,0,40.0368,-75.1642, , 
53396,607021,2014009852,6,67,67301,2013,12,4,1734,17,3,1,0,7,5, , ,N,0,0,0,3,0,0,4,3,N, ,39 57:44.150,75 09:53.571,1739, ,1736, ,0, , , ,0, , , , , , , , , ,3,0,0,0,0,0,3,0,0,0,0,0,0,0,0,0,0,0,0,0,0,0,0,0,0,0,0,0,0,0,0,0,0,0,0,0,0,39.9623,-75.1649, , 
53397,607022,2014009859,6,67,67301,2013,12,6,1156,11,1,1,0,4,1, , ,N,1,2,0,3,0,2,2,3,N, ,39 57:32.371,75 10:26.147,1202, ,1156, ,0, , , ,3, , , , , , , , , ,3,2,0,0,0,0,1,0,0,0,0,2,2,0,0,0,0,0,0,0,0,0,0,0,0,0,0,0,0,0,0,0,0,0,0,4,0,39.959,-75.1739, , 
53398,607050,2013127074,6,67,67301,2013,12,4,650,6,3,1,6,7,5, , ,N,0,0,0,3,0,2,3,2,N,N,39 55:28.306,75 08:50.443,709, ,656,3,2,2,N, ,0,N, , , , , , , , ,2,0,0,0,1,0,0,1,0,0,0,0,2,2,0,0,0,0,0,0,1,0,0,0,0,0,0,0,0,0,0,0,0,0,0,8,0,39.9245,-75.1473, , 
53399,607057,2014001072,6,67,67301,2013,11,6,728,7,1,1,0,4,1, , ,N,1,3,0,3,0,1,3,4,N,N,39 58:14.682,75 14:53.541,737, ,731, ,0, , , ,3, , , , , , , , , ,4,3,0,0,0,0,1,0,0,0,0,1,1,0,0,0,0,0,0,0,0,0,0,0,0,0,0,0,0,0,0,0,0,0,0,4,0,39.9707,-75.2482, , 