objectid_1,objectid,crn,district,county,municipality,crash_year,crash_month,day_of_week,time_of_day,hour_of_day,illumination,weather,road_condition,collision_type,relation_to_road,work_zone_type,work_zone_loc,work_zone_ind,intersect_type,tcd_type,location_type,urban_rural,fatal_count,injury_count,person_count,total_units,sch_bus_ind,sch_zone_ind,latitude,longitude,arrival_tm,cons_zone_spd_lim,dispatch_tm,est_hrs_closed,lane_closed,ln_close_dir,ntfy_hiwy_maint,spec_juris_cd,tcd_func_cd,tfc_detour_ind,workers_pres,wz_close_detour,wz_flagger,wz_law_offcr_ind,wz_ln_closure,wz_moving,wz_other,wz_shlder_mdn,vehicle_count,automobile_count,motorcycle_count,bus_count,small_truck_count,heavy_truck_count,suv_count,van_count,bicycle_count,maj_inj_count,mod_inj_count,min_inj_count,tot_inj_count,unk_inj_deg_count,unk_inj_per_count,driver_count_16yr,driver_count_17yr,driver_count_18yr,driver_count_19yr,driver_count_20yr,driver_count_50_64yr,driver_count_65_74yr,driver_count_75plus,unbelted_occ_count,unb_death_count,unb_maj_inj_count,belted_death_count,belted_maj_inj_count,mcycle_death_count,mcycle_maj_inj_count,bicycle_death_count,bicycle_maj_inj_count,ped_count,ped_death_count,ped_maj_inj_count,max_severity_level,comm_veh_count,dec_lat,dec_long,rdwy_surf_type_cd,county_name
53400,607067,2014019086,6,67,67301,2013,12,5,1113,11,1,1,0,4,1, , ,N,5,2,2,3,0,2,5,2,N,N,39 57:11.151,75 10:54.540,1150, ,1142,3,1,1,N, ,3,N, , , , , , , , ,2,2,0,0,0,0,0,0,0,0,0,2,2,0,1,0,0,0,0,0,0,0,0,0,0,0,0,0,0,0,0,0,0,0,0,4,0,39.9531,-75.1819, , 
53401,607073,2013120620,6,67,67301,2013,11,6,1148,11,1,1,0,1,1, , ,N,2,0,0,3,0,0,2,2,N,N,40 03:31.759,75 07:53.913,1155, ,1148,1,1,4,N, ,0,N, , , , , , , , ,2,2,0,0,0,0,0,0,0,0,0,0,0,0,0,0,0,0,0,0,0,0,0,0,0,0,0,0,0,0,0,0,0,0,0,0,0,40.0587,-75.1317, , 
53402,607077,2013125857,6,67,67301,2013,11,5,1755,17,3,1,0,8,1, , ,N,1,2,0,3,0,1,3,2,N,N,39 59:22.207,75 08:40.232,2000, ,1956, ,0, ,N, ,3, , , , , , , , , ,1,1,0,0,0,0,0,0,0,0,0,1,1,0,0,0,0,0,0,0,0,0,0,0,0,0,0,0,0,0,0,0,1,0,0,4,0,39.9895,-75.1445, , 
53403,607120,2013111804,6,67,67301,2013,9,2,2329,23,3,1,0,1,1, , ,N,1,2,0,3,0,2,11,2,N, ,40 00:49.975,75 07:33.617,2334, ,2329,4,2,5, , ,3,Y, , , , , , , , ,2,1,0,1,0,0,0,0,0,0,0,0,2,2,0,0,0,0,0,0,0,0,0,0,0,0,0,0,0,0,0,0,0,0,0,8,1,40.0139,-75.126, , 
53404,607121,2013111860,6,67,67301,2013,10,2,900,9,1,9,8,8,1, , ,N,1,2,0,3,0,1,2,2,N, ,39 57:21.085,75 11:29.255,1305, ,1310, ,0, , , ,3, , , , , , , , , ,1,0,0,0,1,0,0,0,0,0,0,0,1,1,0,0,0,0,0,0,0,0,0,0,0,0,0,0,0,0,0,0,1,0,0,8,0,39.9559,-75.1915, , 
53405,607153,2013106692,6,67,67301,2013,9,5,1018,10,1,1,0,7,2, , ,N,1,0,0,3,0,0,1,1,N,N,39 57:49.636,75 11:59.103,1020, ,1015, ,0, ,N, ,0, , , , , , , , , ,1,1,0,0,0,0,0,0,0,0,0,0,0,0,1,0,0,0,0,0,0,0,0,0,0,0,0,0,0,0,0,0,0,0,0,9,0,39.9638,-75.1998, , 
53406,607186,2013121554,6,46,46102,2013,10,7,1000,10,1,1,0,8,1, , ,N,3,0,7,3,0,1,2,2,N, ,40 04:22.157,75 09:21.257,1005, ,1000, ,0, , , ,0, , , , , , , , , ,1,1,0,0,0,0,0,0,0,0,0,1,1,0,0,0,0,0,0,0,0,0,0,0,0,0,0,0,0,0,0,0,1,0,0,4,0,40.0727,-75.1558, , 
53407,607203,2014009683,6,67,67301,2013,12,7,3,0,3,1,1,7,4, , ,N,0,0,1,3,0,0,1,1,N,N,39 56:41.366,75 11:52.878,12, ,6, ,0, ,N, ,0, , , , , , , , , ,1,0,0,0,0,0,1,0,0,0,0,0,0,0,0,0,0,0,0,0,0,0,0,0,0,0,0,0,0,0,0,0,0,0,0,0,0,39.9448,-75.198, , 
53408,607204,2014009850,6,67,67301,2013,12,1,110,1,3,1,0,1,1, , ,N,2,2,0,3,0,0,1,3,N,N,39 57:39.445,75 08:28.910,110, ,110, ,0, ,N, ,3, , , , , , , , , ,3,3,0,0,0,0,0,0,0,0,0,0,0,0,0,0,0,0,0,0,0,0,0,0,0,0,0,0,0,0,0,0,0,0,0,0,0,39.961,-75.1414, , 
53409,607205,2014010349,6,67,67301,2013,12,6,2143,21,3,1,0,5,1, , ,N,0,0,0,3,0,1,1,6,N,N,39 58:24.617,75 07:33.380,2147, ,2143,2,2,4,N, ,0,Y, , , , , , , , ,6,2,0,0,0,0,4,0,0,0,0,1,1,0,0,0,0,0,0,0,0,0,0,1,0,0,0,0,0,0,0,0,0,0,0,4,0,39.9735,-75.1259, , 
53410,607218,2013130038,6,67,67301,2013,11,6,1740,17,3,2,1,0,1, , ,N,0,0,0,3,0,1,1,1,N,N,39 56:15.147,75 09:52.740,1759, ,1756,1,1,3,N, ,0,N, , , , , , , , ,1,0,1,0,0,0,0,0,0,0,0,1,1,0,0,0,0,0,0,0,0,0,0,0,0,0,0,0,0,0,0,0,0,0,0,4,0,39.9375,-75.1647, , 
53411,607221,2014006898,6,67,67301,2013,12,1,855,8,1,8,1,4,1, , ,N,2,3,0,3,0,1,2,2,N, ,39 55:08.016,75 14:37.823,905, ,900, ,0, , , ,3, , , , , , , , , ,2,1,0,0,0,1,0,0,0,0,0,1,1,0,0,0,0,0,0,0,1,0,0,0,0,0,0,0,0,0,0,0,0,0,0,4,1,39.9189,-75.2438, , 
53412,607222,2014013070,6,67,67301,2013,12,7,545,5,3,9,1,6,1, , ,N,0,0,0,3,0,3,3,3,N,N,39 59:13.488,75 14:55.445,707, ,700, ,0, ,N, ,0, , , , , , , , , ,3,3,0,0,0,0,0,0,0,0,0,3,3,0,0,0,0,0,0,0,0,0,0,0,0,0,0,0,0,0,0,0,0,0,0,4,0,39.9871,-75.2487, , 
53413,607239,2014001110,6,67,67301,2013,11,5,9999,99,1,1,0,4,1, , ,N,1,0,0,3,0,2,3,2,N,N,40 01:14.225,75 08:55.554,1145, ,1158, ,0, ,N, ,0, , , , , , , , , ,2,2,0,0,0,0,0,0,0,0,0,0,2,2,0,0,0,0,0,0,0,0,0,0,0,0,0,0,0,0,0,0,0,0,0,8,0,40.0208,-75.1486, , 
53414,609616,2013125991,6,67,67301,2013,11,3,728,7,1,2,1,1,1, , ,N,0,0,0,3,0,1,2,2,N,N,40 01:32.065,75 07:32.836,744, ,732, ,0, ,N, ,0, , , , , , , , , ,2,2,0,0,0,0,0,0,0,0,0,1,1,0,0,0,0,0,0,0,1,0,0,0,0,0,0,0,0,0,0,0,0,0,0,4,0,40.0256,-75.1258, , 
53415,609620,2013130054,6,67,67301,2013,11,6,1119,11,1,2,1,4,1, , ,N,1,2,0,3,0,1,2,2,N,N,39 56:45.884,75 10:36.321,1122, ,1121, ,0, , , ,3, , , , , , , , , ,1,1,0,0,0,0,0,0,1,0,0,1,1,0,0,0,0,0,0,0,1,0,0,0,0,0,0,0,0,0,0,0,0,0,0,4,0,39.9461,-75.1768, , 
53416,609627,2014002753,6,67,67301,2013,11,3,1103,11,1,1,0,4,1, , ,N,1,2,0,3,0,0,2,2,N, ,40 03:23.118,75 03:12.017,1109, ,1105,9,1,2, , ,1,N, , , , , , , , ,2,2,0,0,0,0,0,0,0,0,0,0,0,0,0,0,0,0,0,0,1,0,0,0,0,0,0,0,0,0,0,0,0,0,0,0,0,40.0564,-75.0533, , 
53417,609628,2014002763,6,67,67301,2013,11,3,1305,13,1,1,0,4,1, , ,N,1,0,0,3,0,2,2,2,N,N,39 57:51.440,75 14:47.280,1334, ,1305,2,1,1,N, ,0,N, , , , , , , , ,2,2,0,0,0,0,0,0,0,0,2,0,2,0,0,0,0,0,0,0,0,0,0,0,0,0,0,0,0,0,0,0,0,0,0,3,0,39.9643,-75.2464, , 
53418,609629,2014002796,6,67,67301,2013,11,3,325,3,3,1,0,1,6, , ,N,0,0,0,3,0,0,1,3,N,N,39 59:00.082,75 07:32.669,335, ,328,2,1,1,N, ,0,N, , , , , , , , ,3,1,0,0,1,0,1,0,0,0,0,0,0,0,1,0,0,0,0,0,0,0,0,0,0,0,0,0,0,0,0,0,0,0,0,9,0,39.9834,-75.1257, , 
53419,609631,2014006876,6,67,67301,2013,12,4,1310,13,1,8,0,2,1, , ,N,0,0,7,3,0,1,2,2,N,N,39 58:30.405,75 07:14.942,1328, ,1310, ,0, ,N, ,0, , , , , , , , , ,2,1,0,0,0,0,1,0,0,0,0,1,1,0,0,0,0,0,0,0,0,0,1,0,0,0,0,0,0,0,0,0,0,0,0,4,0,39.9751,-75.1208, , 
53420,609632,2014013127,6,67,67301,2013,12,1,418,4,3,1,0,0,1, , ,N,0,0,0,3,0,1,2,2,N,N,39 54:35.775,75 13:21.896,429, ,421,2,2,6,N, ,0,Y, , , , , , , , ,2,1,0,0,0,0,0,1,0,0,0,1,1,0,0,0,0,0,0,0,0,0,0,0,0,0,0,0,0,0,0,0,0,0,0,4,0,39.9099,-75.2227, , 
53421,609636,2013098421,6,67,67301,2013,9,1,1738,17,1,1,0,4,1, , ,N,1,2,0,3,0,1,2,2,N,N,39 59:59.406,75 06:53.294,1742, ,1742, ,0, ,N, ,3, , , , , , , , , ,1,1,0,0,0,0,0,0,1,0,0,1,1,0,0,0,0,0,0,0,0,0,0,0,0,0,0,0,0,0,0,0,0,0,0,4,0,39.9998,-75.1148, , 
53422,609647,2013111870,6,67,67301,2013,10,4,1920,19,3,1,0,3,2, , ,N,0,0,0,3,0,1,2,2,N,N,39 57:10.226,75 11:32.555,1926, ,1924, ,0, ,N, ,0, , , , , , , , , ,1,0,0,0,0,0,1,0,1,0,0,1,1,0,0,0,0,0,0,0,0,0,0,1,0,0,0,0,0,0,0,0,0,0,0,4,0,39.9528,-75.1924, , 
53423,609669,2014006828,6,67,67301,2013,12,3,1740,17,3,4,4,1,1, , ,N,0,2,0,3,0,1,3,3,N, ,40 04:55.691,75 03:56.642,1745, ,1743, ,0, , , ,3, , , , , , , , , ,3,3,0,0,0,0,0,0,0,0,0,0,1,1,1,0,0,0,0,0,2,0,0,0,0,0,0,0,0,0,0,0,0,0,0,8,0,40.0821,-75.0657, , 
53424,609685,2014013585,6,67,67301,2013,12,7,9999,99,3,1,0,1,1, , ,N,0,0,0,3,0,0,2,2,N,N,40 00:53.343,75 10:40.373,14, ,12, ,0, ,N, ,0, , , , , , , , , ,2,2,0,0,0,0,0,0,0,0,0,0,0,0,0,0,0,0,0,0,1,0,0,0,0,0,0,0,0,0,0,0,0,0,0,0,0,40.0148,-75.1779, , 
53425,609699,2013121462,6,67,67301,2013,10,6,650,6,1,1,0,8,1, , ,N,1,2,0,3,0,1,2,2,N,N,40 01:13.809,75 11:32.576,830, ,821, ,0, ,N, ,3, , , , , , , , , ,1,1,0,0,0,0,0,0,0,0,1,0,1,0,0,0,0,0,0,0,1,0,0,0,0,0,0,0,0,0,0,0,1,0,0,3,0,40.0205,-75.1924, , 
53426,609706,2013129461,6,67,67301,2013,11,5,1350,13,1,1,0,1,1, , ,N,1,2,0,3,0,2,2,2,N,N,40 06:08.902,74 58:55.293,1357, ,1350,1,1,4, , ,3,N, , , , , , , , ,2,1,0,0,0,0,1,0,0,0,0,2,2,0,0,0,0,0,0,0,1,0,0,0,0,0,0,0,0,0,0,0,0,0,0,4,0,40.1025,-74.982, , 
53427,609713,2014009696,6,67,67301,2013,12,5,1327,13,1,1,0,1,1, , ,N,0,0,0,3,0,4,4,2,N,N,39 56:42.504,75 13:11.550,1335, ,1329, ,0, ,N, ,0, , , , , , , , , ,2,0,0,0,0,0,2,0,0,0,4,0,4,0,0,0,0,0,0,0,1,0,0,0,0,0,0,0,0,0,0,0,0,0,0,3,0,39.9451,-75.2199, , 
53428,609715,2013062618,6,67,67301,2013,5,4,1515,15,1,1,0,4,1, , ,N,1,2,0,3,0,1,2,2,N,N,40 02:07.817,75 04:11.352,1516, ,1516,1,1,2,N, ,3,N, , , , , , , , ,2,2,0,0,0,0,0,0,0,0,0,1,1,0,0,0,0,0,0,0,1,0,0,0,0,0,0,0,0,0,0,0,0,0,0,4,0,40.0355,-75.0698, , 
53429,609722,2014009665,6,67,67301,2013,12,4,2055,20,3,1,0,4,1, , ,N,1,3,0,3,0,2,4,2,N,N,40 04:47.362,75 10:32.303,2140, ,2135,1,1,2,N, ,3,N, , , , , , , , ,2,1,0,0,0,0,1,0,0,0,0,1,2,1,0,0,0,0,0,0,0,0,0,0,0,0,0,0,0,0,0,0,0,0,0,4,0,40.0798,-75.1756, , 
53430,609744,2014009754,6,67,67301,2013,12,2,1534,15,1,2,1,4,1, , ,N,3,2,0,3,0,0,2,2,N,N,40 05:13.685,75 02:26.899,1550, ,1545, ,0, , , ,3, , , , , , , , , ,2,2,0,0,0,0,0,0,0,0,0,0,0,0,0,0,0,0,0,0,0,1,0,0,0,0,0,0,0,0,0,0,0,0,0,0,0,40.0871,-75.0408, , 
53431,609751,2013101113,6,67,67301,2013,9,5,2020,20,3,1,0,5,1, , ,N,2,0,0,3,0,1,2,2,N,N,40 02:03.739,75 13:43.489,2030, ,2024, ,0, ,N, ,0, , , , , , , , , ,2,1,1,0,0,0,0,0,0,0,0,1,1,0,0,0,0,0,0,0,0,0,0,0,0,0,0,0,0,0,0,0,0,0,0,4,0,40.0344,-75.2287, , 
53432,615108,2013121314,6,67,67301,2013,10,4,1250,12,1,2,1,1,1, , ,N,2,2,0,3,0,0,3,2,N,N,39 58:57.975,75 07:06.807,1250, ,1249, ,0, ,N, ,3, , , , , , , , , ,2,2,0,0,0,0,0,0,0,0,0,0,0,0,0,0,0,0,0,0,0,0,0,1,0,0,0,0,0,0,0,0,0,0,0,0,0,39.9828,-75.1186, , 
53433,615109,2013122943,6,67,67301,2013,11,4,1955,19,3,1,0,2,1, , ,N,1,2,0,3,0,0,3,2,N,N,40 02:12.109,75 09:30.211,2002, ,1959,1,2,6, , ,3,Y, , , , , , , , ,2,2,0,0,0,0,0,0,0,0,0,0,0,0,0,0,0,0,0,0,1,0,0,0,0,0,0,0,0,0,0,0,0,0,0,0,0,40.0367,-75.1584, , 
53434,615151,2013121529,6,67,67301,2013,10,2,1625,16,1,1,0,4,1, , ,N,1,2,0,3,0,1,3,2,N, ,40 03:41.853,74 59:18.132,1638, ,1638,9,1,1, , ,3,N, , , , , , , , ,2,2,0,0,0,0,0,0,0,0,0,1,1,0,0,0,0,0,0,0,2,0,0,0,0,0,0,0,0,0,0,0,0,0,0,4,0,40.0616,-74.9884, , 
53435,615183,2014009755,6,67,67301,2013,12,3,1231,12,1,1,0,4,1, , ,N,1,2,0,3,0,2,4,2,N,N,40 01:54.382,75 06:32.605,1245, ,1233, ,0, ,N, ,3, , , , , , , , , ,2,2,0,0,0,0,0,0,0,0,0,0,2,2,0,0,0,0,0,0,0,0,1,0,0,0,0,0,0,0,0,0,0,0,0,8,0,40.0318,-75.1091, , 
53436,615185,2014019102,6,67,67301,2013,8,2,9999,99,3,1,0,4,1, , ,N,1,2,0,3,0,1,2,2,N,N,39 59:16.184,75 10:50.095,1950, ,1943,3,2,7,N, ,3,Y, , , , , , , , ,2,2,0,0,0,0,0,0,0,0,0,0,1,1,1,0,0,0,0,0,1,0,0,0,0,0,0,0,0,0,0,0,0,0,0,8,0,39.9878,-75.1806, , 
53437,615203,2013121547,6,67,67301,2013,10,1,2300,23,3,1,0,1,1, , ,N,1,2,0,3,0,2,3,3,N,N,40 03:31.350,75 02:40.292,2313, ,2301,2,1,1,N, ,3,N, , , , , , , , ,3,2,0,0,0,0,1,0,0,0,0,0,2,2,0,0,0,0,0,0,0,0,0,0,0,0,0,0,0,0,0,0,0,0,0,8,0,40.0587,-75.0443, , 
53438,615214,2013128373,6,67,67301,2013,11,5,1815,18,3,1,0,1,1, , ,N,0,0,0,3,0,1,4,3,N,N,39 58:52.385,75 06:09.233,1840, ,1818,1,1,1,N, ,0,N, , , , , , , , ,3,3,0,0,0,0,0,0,0,0,1,0,1,0,0,0,0,0,0,0,1,0,0,0,0,0,0,0,0,0,0,0,0,0,0,3,0,39.9812,-75.1027, , 
53439,615215,2013130041,6,67,67301,2013,9,4,1247,12,1,1,0,8,1, , ,N,2,0,0,3,0,1,2,2,N,N,40 04:10.183,74 58:53.562,1252, ,1249,3,1,2,N, ,0,N, , , , , , , , ,1,1,0,0,0,0,0,0,0,0,0,0,1,1,0,0,0,0,0,0,0,0,0,0,0,0,0,0,0,0,0,0,1,0,0,8,0,40.0695,-74.9814, , 
53440,615225,2014000992,6,67,67301,2013,11,6,1602,16,1,1,0,1,1, , ,N,0,2,0,3,0,2,3,2,N, ,39 57:24.667,75 13:28.574,1607, ,1605, ,0, , , ,3, , , , , , , , , ,2,2,0,0,0,0,0,0,0,0,0,0,2,2,0,0,0,0,0,0,1,0,0,0,0,0,0,0,0,0,0,0,0,0,0,8,0,39.9569,-75.2246, , 
53441,615227,2014009702,6,67,67301,2013,12,6,814,8,1,1,0,8,1, , ,N,1,2,0,3,0,1,2,2,N,Y,39 57:20.669,75 12:56.254,832, ,829, ,0, ,N, ,3, , , , , , , , , ,1,0,0,0,0,0,1,0,0,0,0,0,1,1,0,0,0,0,0,0,0,0,0,0,0,0,0,0,0,0,0,0,1,0,0,8,0,39.9557,-75.2156, , 
53442,615244,2013098752,6,67,67301,2013,7,1,100,1,3,1,0,8,1, , ,N,1,2,0,3,0,2,2,2,N,N,40 01:49.919,75 07:05.462,140, ,132, ,0, ,N, ,3, , , , , , , , , ,1,1,0,0,0,0,0,0,0,1,1,0,2,0,0,0,0,0,0,0,0,0,0,0,0,0,0,0,0,0,0,0,1,0,1,2,0,40.0305,-75.1182, , 
53443,615252,2013107147,6,67,67301,2013,9,2,1730,17,1,1,0,1,1, , ,N,0,1,0,3,0,1,3,3,N,N,39 57:06.037,75 10:37.736,1736, ,1731, ,0, , , ,3, , , , , , , , , ,3,3,0,0,0,0,0,0,0,0,0,0,1,1,0,0,0,0,0,0,1,1,0,0,0,0,0,0,0,0,0,0,0,0,0,8,0,39.9517,-75.1771, , 
53444,615272,2013125966,6,67,67301,2013,11,3,739,7,1,8,1,5,1, , ,N,0,0,0,3,0,1,3,2,N, ,39 59:38.932,75 06:50.967,750, ,740, ,0, , , ,0, , , , , , , , , ,2,1,0,0,0,1,0,0,0,0,0,1,1,0,0,0,0,0,0,0,0,0,0,1,0,0,0,0,0,0,0,0,0,0,0,4,0,39.9941,-75.1142, , 
53445,615279,2014015988,6,67,67301,2013,9,2,930,9,1,1,0,5,1, , ,N,0,3,0,3,0,0,2,2,N,N,40 01:24.049,75 02:02.189,0, ,0, ,0, ,N, ,3, , , , , , , , , ,2,2,0,0,0,0,0,0,0,0,0,0,0,0,0,0,0,0,0,0,1,0,0,0,0,0,0,0,0,0,0,0,0,0,0,0,0,40.0233,-75.0339, , 
53446,615288,2013126978,6,67,67301,2013,11,2,1900,19,1,1,0,8,1, , ,N,1,3,0,3,0,1,2,2,N, ,39 59:29.364,75 07:09.361,1923, ,1920, ,0, , , ,3, , , , , , , , , ,1,1,0,0,0,0,0,0,0,0,0,1,1,0,0,0,0,0,0,0,0,0,0,0,0,0,0,0,0,0,0,0,1,0,0,4,0,39.9915,-75.1193, , 
53447,615314,2013096106,6,67,67301,2013,8,5,807,8,1,6,1,8,1, , ,N,1,3,0,3,0,1,2,2,N, ,40 01:09.102,75 05:18.740,1251, ,1247, ,0, , , ,3, , , , , , , , , ,1,0,0,0,1,0,0,0,0,0,0,1,1,0,0,0,0,0,0,0,0,0,0,0,0,0,0,0,0,0,0,0,1,0,0,4,0,40.0192,-75.0885, , 
53448,615315,2013098374,6,67,67301,2013,8,6,2238,22,3,1,0,4,1, , ,N,1,2,0,3,0,1,3,2,N, ,39 56:31.419,75 12:42.235,2250, ,2249, ,0, , , ,3, , , , , , , , , ,2,1,0,0,0,0,0,0,0,0,0,1,1,0,0,0,0,0,0,0,0,0,0,2,0,0,0,0,0,0,0,0,0,0,0,4,0,39.9421,-75.2117, , 
53449,615316,2013100982,6,67,67301,2013,9,5,1915,19,3,2,1,4,1, , ,N,1,2,0,3,0,1,6,2,N, ,40 00:02.469,75 08:52.972,1930, ,1927, ,0, , , ,3, , , , , , , , , ,2,0,0,0,0,0,0,2,0,0,0,0,1,1,0,0,0,0,0,0,0,0,0,0,0,0,0,0,0,0,0,0,0,0,0,8,0,40.0007,-75.148, , 
53450,612573,2013111895,6,67,67301,2013,10,1,248,2,3,1,0,4,1, , ,N,1,2,0,3,0,2,2,2,N,N,40 01:08.973,75 04:53.510,256, ,255, ,0, ,N, ,3, , , , , , , , , ,2,1,0,0,1,0,0,0,0,0,0,2,2,0,0,0,0,0,0,0,1,0,0,0,0,0,0,0,0,0,0,0,0,0,0,4,0,40.0191,-75.0815, , 
53451,612590,2013129473,6,67,67301,2013,11,1,1035,10,1,1,0,4,1, , ,N,1,2,0,3,0,1,5,3,N,N,39 57:19.443,75 10:16.111,1035, ,1035, ,0, ,N, ,3, , , , , , , , , ,2,1,0,0,0,0,0,1,1,0,0,1,1,0,0,0,0,0,0,0,0,0,0,0,0,0,0,0,0,0,0,0,0,0,0,4,0,39.9554,-75.1711, , 
53452,612608,2013129455,6,67,67301,2013,11,3,915,9,1,8,1,4,1, , ,N,1,2,0,3,0,1,2,2,N, ,40 00:59.814,75 08:49.815,933, ,926, ,0, , , ,3, , , , , , , , , ,2,1,0,0,0,0,1,0,0,0,0,0,1,1,1,0,0,1,0,0,0,0,0,0,0,0,0,0,0,0,0,0,0,0,0,8,0,40.0166,-75.1472, , 
53453,612611,2014003853,6,67,67301,2013,12,5,200,2,3,4,0,7,4, , ,N,2,3,0,3,0,0,1,1,N,N,40 02:46.874,75 06:45.258,219, ,209, ,0, ,N, ,3, , , , , , , , , ,1,0,0,0,0,0,1,0,0,0,0,0,0,0,1,0,0,0,0,0,0,0,0,0,0,0,0,0,0,0,0,0,0,0,0,9,0,40.0463,-75.1126, , 
53454,612613,2014015515,6,67,67301,2013,9,6,930,9,1,1,0,1,1, , ,N,1,2,0,3,0,2,3,2,N,N,40 00:05.864,75 06:59.067,0, ,0, ,0, ,N, ,3, , , , , , , , , ,2,2,0,0,0,0,0,0,0,0,1,0,2,1,1,0,0,0,0,0,1,0,0,0,0,0,0,0,0,0,0,0,0,0,0,3,0,40.0016,-75.1164, , 
53455,612630,2013109354,6,67,67301,2013,9,4,2048,20,3,1,0,4,1, , ,N,1,3,0,3,0,1,3,4,N,N,40 01:16.838,75 07:20.708,2048, ,2048,2,2,6,N, ,3,Y, , , , , , , , ,4,1,0,0,0,0,2,1,0,0,0,1,1,0,0,0,0,0,0,0,1,0,0,0,0,0,0,0,0,0,0,0,0,0,0,4,0,40.0213,-75.1224, , 
53456,612655,2013084431,6,67,67301,2013,6,3,1215,12,1,1,0,8,1, , ,N,0,0,0,3,0,1,2,2,N,N,40 00:20.699,75 05:56.397,1220, ,1217,9,1,3,N, ,0,N, , , , , , , , ,1,1,0,0,0,0,0,0,0,0,0,1,1,0,0,0,0,0,0,0,0,0,0,0,0,0,0,0,0,0,0,0,1,0,0,4,0,40.0057,-75.099, , 
53457,612672,2013121361,6,67,67301,2013,10,6,9999,99,1,1,0,1,1, , ,N,1,2,0,3,0,1,6,2,N,N,40 04:13.892,75 12:02.251,2101, ,2101, ,0, ,N, ,3, , , , , , , , , ,2,2,0,0,0,0,0,0,0,0,0,1,1,0,0,0,0,0,0,0,0,0,0,0,0,0,0,0,0,0,0,0,0,0,0,4,0,40.0705,-75.2006, , 
53458,612677,2014001069,6,67,67301,2013,11,3,9999,99,1,2,1,5,1, , ,N,0,0,0,3,0,5,6,2,N,N,40 03:23.320,75 08:58.210,9999, ,1359, ,0, ,N, ,0, , , , , , , , , ,2,1,0,0,0,0,1,0,0,0,0,5,5,0,0,0,0,0,0,0,0,0,0,0,0,0,0,0,0,0,0,0,0,0,0,4,0,40.0565,-75.1495, , 
53459,612683,2013121344,6,67,67301,2013,10,7,1814,18,3,1,0,4,1, , ,N,1,2,0,3,0,1,7,2,N,N,39 56:34.638,75 13:36.512,1830, ,1816,2,1,4,N, ,2,N, , , , , , , , ,2,1,0,0,1,0,0,0,0,0,0,0,1,1,0,0,0,0,0,0,1,0,0,0,0,0,0,0,0,0,0,0,0,0,0,8,0,39.943,-75.2268, , 
53460,612715,2013063439,6,67,67301,2013,4,2,1530,15,1,2,1,1,2, , ,N,0,0,0,3,0,0,1,3,N,N,40 03:03.628,75 08:44.019,9999, ,9999, ,0, , , ,0, , , , , , , , , ,3,2,0,0,0,0,1,0,0,0,0,0,0,0,0,0,0,0,0,0,0,0,0,0,0,0,0,0,0,0,0,0,0,0,0,0,0,40.051,-75.1456, , 
53461,612716,2013064102,6,67,67301,2013,6,7,1216,12,1,1,0,1,1, , ,N,0,0,0,3,0,0,2,2,N,N,39 58:07.209,75 11:28.624,1232, ,1217, ,0, ,N, ,0, , , , , , , , , ,2,1,0,0,0,0,1,0,0,0,0,0,0,0,0,0,0,0,0,0,1,0,0,0,0,0,0,0,0,0,0,0,0,0,0,0,0,39.9687,-75.1913, , 
53462,612717,2013065035,6,67,67301,2013,6,3,800,8,1,1,0,5,7, , ,N,3,0,2,3,0,0,3,2,N,N,39 53:36.293,75 14:09.945,808, ,803,1,2,2,N, ,0,N, , , , , , , , ,2,1,0,0,0,1,0,0,0,0,0,0,0,0,0,0,0,0,0,0,0,0,0,0,0,0,0,0,0,0,0,0,0,0,0,0,1,39.8934,-75.2361, , 
53463,612723,2013070378,6,67,67301,2013,6,2,1620,16,1,1,0,4,1, , ,N,2,3,0,3,0,1,2,2,N,N,40 07:25.716,75 00:21.661,1635, ,1624, ,0, ,N, ,3, , , , , , , , , ,2,2,0,0,0,0,0,0,0,0,0,0,1,1,0,0,0,0,0,0,0,1,0,0,0,0,0,0,0,0,0,0,0,0,0,8,0,40.1238,-75.006, , 
53464,612731,2013079945,6,67,67301,2013,7,6,1908,19,1,1,0,4,1, , ,N,1,3,0,3,0,1,4,2,N,N,40 03:25.236,75 09:22.197,1915, ,1910, ,0, ,N, ,3, , , , , , , , , ,2,0,0,0,0,0,1,0,0,0,0,0,1,1,0,0,0,0,0,0,0,1,0,0,0,0,0,0,0,0,0,0,0,0,0,8,0,40.057,-75.1562, , 
53465,612732,2013080430,6,67,67301,2013,7,2,707,7,1,1,0,1,1, , ,N,0,0,0,3,0,0,2,2,N,N,40 03:43.155,75 02:35.858,715, ,709,1,1,2,N, ,0,N, , , , , , , , ,2,2,0,0,0,0,0,0,0,0,0,0,0,0,0,0,0,0,0,0,0,0,0,0,0,0,0,0,0,0,0,0,0,0,0,0,0,40.062,-75.0433, , 
53466,612738,2013086787,6,67,67301,2013,8,1,149,1,3,1,0,4,1, , ,N,0,0,0,3,0,4,6,3,N,N,40 03:03.207,75 10:37.678,155, ,153, ,0, ,N, ,0, , , , , , , , , ,3,3,0,0,0,0,0,0,0,0,0,0,4,4,2,0,0,0,1,0,0,0,0,0,0,0,0,0,0,0,0,0,0,0,0,8,0,40.0509,-75.1771, , 