objectid_1,objectid,crn,district,county,municipality,crash_year,crash_month,day_of_week,time_of_day,hour_of_day,illumination,weather,road_condition,collision_type,relation_to_road,work_zone_type,work_zone_loc,work_zone_ind,intersect_type,tcd_type,location_type,urban_rural,fatal_count,injury_count,person_count,total_units,sch_bus_ind,sch_zone_ind,latitude,longitude,arrival_tm,cons_zone_spd_lim,dispatch_tm,est_hrs_closed,lane_closed,ln_close_dir,ntfy_hiwy_maint,spec_juris_cd,tcd_func_cd,tfc_detour_ind,workers_pres,wz_close_detour,wz_flagger,wz_law_offcr_ind,wz_ln_closure,wz_moving,wz_other,wz_shlder_mdn,vehicle_count,automobile_count,motorcycle_count,bus_count,small_truck_count,heavy_truck_count,suv_count,van_count,bicycle_count,maj_inj_count,mod_inj_count,min_inj_count,tot_inj_count,unk_inj_deg_count,unk_inj_per_count,driver_count_16yr,driver_count_17yr,driver_count_18yr,driver_count_19yr,driver_count_20yr,driver_count_50_64yr,driver_count_65_74yr,driver_count_75plus,unbelted_occ_count,unb_death_count,unb_maj_inj_count,belted_death_count,belted_maj_inj_count,mcycle_death_count,mcycle_maj_inj_count,bicycle_death_count,bicycle_maj_inj_count,ped_count,ped_death_count,ped_maj_inj_count,max_severity_level,comm_veh_count,dec_lat,dec_long,rdwy_surf_type_cd,county_name
53535,612968,2013093168,6,67,67301,2013,8,5,1645,16,1,1,0,4,1, , ,N,1,2,0,3,0,2,3,2,N,N,40 05:40.718,75 00:54.707,1649, ,1646,2,1,2,N, ,3,N, , , , , , , , ,2,2,0,0,0,0,0,0,0,0,0,0,2,2,0,0,0,0,0,0,1,0,0,0,0,0,0,0,0,0,0,0,0,0,0,8,0,40.0946,-75.0152, , 
53536,612974,2013101052,6,67,67301,2013,8,3,941,9,1,1,0,8,1, , ,N,1,2,0,3,0,1,2,2,N, ,40 02:26.486,75 04:34.494,951, ,945, ,0, , , ,3, , , , , , , , , ,1,0,0,0,0,0,1,0,0,0,0,0,1,1,0,0,0,0,0,0,0,0,0,0,0,0,0,0,0,0,0,0,1,0,0,8,0,40.0407,-75.0762, , 
53537,612984,2013111843,6,67,67301,2013,10,6,1953,19,3,2,1,8,1, , ,N,0,3,7,3,0,1,2,2,N,N,39 55:14.471,75 08:27.940,2000, ,1953, ,0, ,N, ,3, , , , , , , , , ,1,1,0,0,0,0,0,0,0,0,0,1,1,0,0,0,0,0,0,0,0,0,0,0,0,0,0,0,0,0,0,0,1,0,0,4,0,39.9207,-75.1411, , 
53538,612996,2013111816,6,67,67301,2013,10,2,1335,13,1,1,0,4,1, , ,N,0,0,7,3,0,2,2,2,N,N,40 06:38.225,75 00:12.246,1355, ,1348, ,0, ,N, ,0, , , , , , , , , ,2,1,0,0,0,0,1,0,0,0,0,2,2,0,0,0,0,0,0,0,1,1,0,0,0,0,0,0,0,0,0,0,0,0,0,4,0,40.1106,-75.0034, , 
53539,613004,2013130094,6,67,67301,2013,11,1,1530,15,1,1,0,7,5, , ,N,0,0,0,3,0,1,1,1,N, ,40 02:18.182,75 03:37.437,1536, ,1535,1,1,1, , ,0,N, , , , , , , , ,1,1,0,0,0,0,0,0,0,0,0,0,1,1,0,0,0,0,0,0,0,0,0,0,0,0,0,0,0,0,0,0,0,0,0,8,0,40.0384,-75.0604, , 
53540,607389,2013103944,6,67,67301,2013,9,1,1502,15,1,1,0,4,1, , ,N,1,3,0,3,0,3,3,2,N,N,39 55:15.718,75 09:48.351,1520, ,1505, ,0, ,N, ,3, , , , , , , , , ,2,0,0,0,0,0,2,0,0,0,0,3,3,0,0,0,0,0,0,0,0,0,0,0,0,0,0,0,0,0,0,0,0,0,0,4,0,39.921,-75.1634, , 
53541,607409,2014006880,6,67,67301,2013,12,2,1933,19,3,6,1,4,1, , ,N,5,2,0,3,0,2,3,2,N,N,40 03:30.268,75 08:57.263,1935, ,1933, ,0, ,N, ,3, , , , , , , , , ,2,0,0,0,2,0,0,0,0,0,0,2,2,0,0,0,0,0,0,0,0,0,0,0,0,0,0,0,0,0,0,0,0,0,0,4,0,40.0584,-75.1492, , 
53542,607410,2014009765,6,67,67301,2013,12,6,1250,12,1,2,1,4,1, , ,N,5,2,0,3,0,6,7,2,N,N,40 00:17.801,75 10:43.939,1330, ,1253,1,1,4,N, ,3,N, , , , , , , , ,2,1,0,0,0,0,1,0,0,0,0,0,6,6,0,0,0,0,0,0,0,1,0,0,0,0,0,0,0,0,0,0,0,0,0,8,0,40.0049,-75.1787, , 
53543,607421,2013111846,6,67,67301,2013,10,5,1951,19,1,1,0,1,1, , ,N,1,2,0,3,0,1,2,2,N, ,39 57:56.076,75 13:34.473,2115, ,2110, ,0, ,N, ,3, , , , , , , , , ,2,1,0,0,0,0,0,0,0,0,0,1,1,0,0,0,0,0,0,0,1,0,0,0,0,0,0,0,0,0,0,0,0,0,0,4,0,39.9656,-75.2262, , 
53544,607422,2013112037,6,67,67301,2013,11,3,210,2,3,1,0,7,2, , ,N,0,0,0,3,0,2,2,1,N,N,39 57:36.457,75 10:50.260,216, ,211,1,1,3,N, ,0,N, , , , , , , , ,1,1,0,0,0,0,0,0,0,0,0,2,2,0,0,0,0,0,0,1,0,0,0,0,0,0,0,0,0,0,0,0,0,0,0,4,0,39.9601,-75.1806, , 
53545,607426,2013114497,6,67,67301,2013,10,5,9999,99,3,1,0,8,1, , ,N,0,0,0,3,0,1,2,2,N,N,40 01:38.041,75 08:47.325,1920, ,1850, ,0, ,N, ,0, , , , , , , , , ,1,1,0,0,0,0,0,0,0,0,0,0,1,1,0,0,0,0,0,1,0,0,0,0,0,0,0,0,0,0,0,0,1,0,0,8,0,40.0272,-75.1465, , 
53546,607447,2013122459,6,67,67301,2013,10,1,403,4,3,1,0,5,6, , ,N,0,0,0,3,0,0,1,5,N,N,40 00:48.940,75 08:50.030,403, ,403, ,0, ,N, ,0, , , , , , , , , ,5,5,0,0,0,0,0,0,0,0,0,0,0,0,0,0,0,0,0,0,0,0,0,0,0,0,0,0,0,0,0,0,0,0,0,0,0,40.0136,-75.1472, , 
53547,607468,2013129466,6,67,67301,2013,11,5,1835,18,3,1,0,1,1, , ,N,1,2,0,3,0,1,3,2,N, ,40 03:51.059,75 14:22.494,1842, ,1838, ,0, , , ,3, , , , , , , , , ,2,1,0,1,0,0,0,0,0,0,0,1,1,0,0,0,0,0,0,0,1,0,0,0,0,0,0,0,0,0,0,0,0,0,0,4,1,40.0642,-75.2396, , 
53548,607474,2014000444,6,67,67301,2013,11,3,2040,20,3,2,1,7,2, , ,N,1,3,0,3,0,1,1,1,N, ,40 03:30.600,75 05:03.181,2052, ,2044, ,0, , , ,3, , , , , , , , , ,1,1,0,0,0,0,0,0,0,0,0,1,1,0,0,0,0,0,0,0,0,0,0,0,0,0,0,0,0,0,0,0,0,0,0,4,0,40.0585,-75.0842, , 
53549,607476,2014006835,6,67,67301,2013,12,1,359,3,3,1,0,7,2, , ,N,0,0,0,3,0,0,3,2,N,N,39 58:53.548,75 13:25.447,411, ,359, ,0, ,N, ,0, , , , , , , , , ,2,2,0,0,0,0,0,0,0,0,0,0,0,0,0,0,0,0,0,0,1,0,0,0,0,0,0,0,0,0,0,0,0,0,0,0,0,39.9815,-75.2237, , 
53550,607486,2014009826,6,67,67301,2013,11,3,1730,17,3,2,1,4,1, , ,N,5,2,0,3,0,1,6,2,N,N,40 03:30.268,75 08:57.263,1745, ,1733, ,0, ,N, ,3, , , , , , , , , ,2,1,0,0,0,0,1,0,0,0,0,0,1,1,4,0,0,0,0,0,1,0,0,0,0,0,0,0,0,0,0,0,0,0,0,8,0,40.0584,-75.1492, , 
53551,607487,2014013584,6,67,67301,2013,12,3,1054,10,1,1,0,4,1, , ,N,1,2,0,3,0,2,4,3,N,N,39 58:10.453,75 12:41.538,1057, ,1055, ,0, ,N, ,3, , , , , , , , , ,3,2,0,0,1,0,0,0,0,0,1,1,2,0,0,0,0,0,0,0,0,1,0,0,0,0,0,0,0,0,0,0,0,0,0,3,0,39.9697,-75.2115, , 
53552,607505,2013125403,6,67,67301,2013,12,6,155,1,3,2,1,0,2, , ,N,0,0,0,3,0,2,2,1,N,N,39 58:52.528,75 12:24.790,202, ,159,1,1,3,N, ,0,N, , , , , , , , ,1,1,0,0,0,0,0,0,0,0,0,0,2,2,0,0,0,0,0,0,0,0,0,2,0,0,0,0,0,0,0,0,0,0,0,8,0,39.9813,-75.2069, , 
53553,607514,2013111737,6,67,67301,2013,10,2,55,0,3,1,0,5,1, , ,N,0,0,0,3,0,0,1,2,N,N,40 01:56.333,75 06:27.663,112, ,112, ,0, , , ,0, , , , , , , , , ,2,1,0,0,0,0,1,0,0,0,0,0,0,0,0,0,0,0,0,0,0,0,0,0,0,0,0,0,0,0,0,0,0,0,0,0,0,40.0323,-75.1077, , 
53554,607518,2013114093,6,67,67301,2013,10,6,138,1,3,2,1,7,5, , ,N,0,0,0,3,0,0,1,1,N,N,39 57:35.384,75 10:42.379,151, ,141,2,1,3,N, ,0,N, , , , , , , , ,1,1,0,0,0,0,0,0,0,0,0,0,0,0,0,0,0,0,0,0,0,0,0,0,0,0,0,0,0,0,0,0,0,0,0,0,0,39.9598,-75.1784, , 
53555,607523,2013125530,6,67,67301,2013,12,2,1638,16,3,1,0,7,3, , ,N,0,0,2,3,0,1,1,1,N,N,39 54:41.482,75 10:26.369,1638, ,1638,1,1,3,N, ,0,N, , , , , , , , ,1,1,0,0,0,0,0,0,0,0,0,0,1,1,0,0,0,0,0,0,0,0,0,0,0,0,0,0,0,0,0,0,0,0,0,8,0,39.9115,-75.174, , 
53556,607528,2013129450,6,67,67301,2013,11,7,1018,10,1,1,0,5,1, , ,N,0,0,0,3,0,1,5,3,N,N,40 02:49.200,75 03:06.976,1031, ,1020,2,2,1,N, ,0,Y, , , , , , , , ,3,1,0,0,1,0,1,0,0,0,0,1,1,0,0,0,0,0,0,0,2,0,0,0,0,0,0,0,0,0,0,0,0,0,0,4,0,40.047,-75.0519, , 
53557,607533,2014000971,6,67,67301,2013,11,7,1950,19,3,1,0,4,1, , ,N,1,2,0,3,0,1,3,2,N,N,40 02:11.789,75 03:52.061,1957, ,1952,2,1,2, , ,3,N, , , , , , , , ,2,1,0,0,0,0,1,0,0,0,0,1,1,0,2,0,0,0,0,0,0,0,0,0,0,0,0,0,0,0,0,0,0,0,0,4,0,40.0366,-75.0645, , 
53558,609944,2013121499,6,67,67301,2013,10,7,1901,19,3,1,0,4,1, , ,N,1,3,0,3,0,0,5,2,N,N,40 01:16.438,75 04:26.057,1935, ,1930, ,0, ,N, ,3, , , , , , , , , ,2,2,0,0,0,0,0,0,0,0,0,0,0,0,0,0,0,0,0,0,0,0,0,0,0,0,0,0,0,0,0,0,0,0,0,0,0,40.0212,-75.0739, , 
53559,609967,2014000430,6,67,67301,2013,11,4,1915,19,3,1,0,1,1, , ,N,0,0,0,3,0,1,2,3,N,N,40 04:30.433,75 02:02.536,1926, ,1916,1,1,1,N, ,0,N, , , , , , , , ,2,1,0,0,0,0,1,0,0,0,0,1,1,0,0,0,0,0,0,0,0,0,0,0,0,0,0,0,0,0,0,0,1,0,0,4,0,40.0751,-75.034, , 
53560,609989,2014001116,6,67,67301,2013,11,4,806,8,1,2,1,8,1, , ,N,1,2,0,3,0,1,2,2,N,N,40 00:02.415,75 05:51.842,814, ,809, ,0, ,N, ,3, , , , , , , , , ,1,0,0,0,1,0,0,0,0,0,0,0,1,1,0,0,0,0,0,0,0,0,0,0,0,0,0,0,0,0,0,0,1,0,0,8,0,40.0007,-75.0977, , 
53561,610003,2014001038,6,67,67301,2013,11,3,9999,99,3,1,0,8,1, , ,N,1,2,0,3,0,1,2,2,N,N,39 56:51.874,75 09:38.843,1858, ,1855, ,0, , , ,3, , , , , , , , , ,1,0,0,0,0,0,1,0,0,0,0,1,1,0,0,0,0,0,0,1,0,0,0,0,0,0,0,0,0,0,0,0,1,0,0,4,0,39.9477,-75.1608, , 
53562,610015,2014006296,6,67,67301,2013,12,6,1220,12,1,2,1,8,1, , ,N,1,3,0,3,0,1,2,2,N,N,40 01:48.583,75 08:39.947,1300, ,1245, ,0, ,N, ,3, , , , , , , , , ,1,0,0,0,0,0,0,1,0,0,0,1,1,0,1,0,0,0,0,0,1,0,0,0,0,0,0,0,0,0,0,0,1,0,0,4,0,40.0302,-75.1444, , 
53563,610016,2014013037,6,67,67301,2013,12,3,2100,21,2,4,1,8,1, , ,N,0,0,0,3,0,1,2,2,N, ,40 01:44.335,75 08:02.037,2230, ,2222, ,0, , , ,0, , , , , , , , , ,1,1,0,0,0,0,0,0,0,0,0,0,1,1,0,0,0,0,0,0,0,0,0,0,0,0,0,0,0,0,0,0,1,0,0,8,0,40.029,-75.1339, , 
53564,610017,2014021541,6,67,67301,2013,12,3,725,7,1,4,4,8,1, , ,N,3,0,0,3,0,2,3,3,N, ,40 02:57.211,75 11:02.114,9999, ,726, ,0, , , ,0, , , , , , , , , ,1,0,0,0,1,0,0,0,0,0,1,1,2,0,0,0,0,0,0,0,0,0,0,0,0,0,0,0,0,0,0,0,2,0,0,3,0,40.0492,-75.1839, , 
53565,610021,2013129505,6,67,67301,2013,11,3,1710,17,3,2,1,8,1, , ,N,1,2,0,3,0,1,2,2,N,N,39 59:31.689,75 08:24.712,1710, ,1710, ,0, ,N, ,3, , , , , , , , , ,1,1,0,0,0,0,0,0,0,0,1,0,1,0,0,0,0,0,0,0,0,1,0,0,0,0,0,0,0,0,0,0,1,0,0,3,0,39.992,-75.1402, , 
53566,610027,2014009729,6,67,67301,2013,12,2,324,3,3,2,1,7,3, , ,N,0,0,0,3,0,1,1,1,N,N,39 54:59.236,75 13:07.596,328, ,325,1,1,2,N, ,0,N, , , , , , , , ,1,0,0,0,0,0,0,1,0,0,0,1,1,0,0,0,0,0,0,0,1,0,0,0,0,0,0,0,0,0,0,0,0,0,0,4,0,39.9165,-75.2188, , 
53567,610028,2014009812,6,67,67301,2013,12,5,855,8,1,2,1,4,1, , ,N,0,0,7,3,0,1,2,2,N,N,40 00:32.659,75 07:51.887,905, ,859, ,0, , , ,0, , , , , , , , , ,2,1,0,0,0,0,1,0,0,0,0,1,1,0,0,0,0,0,0,0,1,0,0,0,0,0,0,0,0,0,0,0,0,0,0,4,0,40.0091,-75.1311, , 
53568,610029,2014009874,6,67,67301,2013,12,7,437,4,3,1,1,7,4, , ,N,0,0,0,3,0,1,1,1,N,N,39 57:36.446,75 09:06.800,438, ,437,9,2,2,N, ,0,Y, , , , , , , , ,1,0,0,0,0,0,0,1,0,0,0,0,1,1,0,0,0,0,0,0,0,0,0,0,0,0,0,0,0,0,0,0,0,0,0,8,0,39.9601,-75.1519, , 
53569,610035,2013114503,6,67,67301,2013,9,2,1818,18,1,1,0,8,1, , ,N,0,0,0,3,1,0,2,2,N,N,39 59:32.175,75 05:56.547,1826, ,1820, ,0, ,N,0,0, , , , , , , , , ,1,1,0,0,0,0,0,0,0,0,0,0,0,0,0,0,0,0,0,0,0,0,0,0,0,0,0,0,0,0,0,0,1,1,0,1,0,39.9923,-75.099,2, 
53570,610042,2013121562,6,67,67301,2013,11,6,112,1,3,2,1,6,1, , ,N,0,0,0,3,0,0,2,2,N,N,40 01:39.565,75 08:04.336,142, ,138, ,0, ,N, ,0, , , , , , , , , ,2,1,0,0,0,0,0,1,0,0,0,0,0,0,0,0,0,0,0,0,0,0,0,0,0,0,0,0,0,0,0,0,0,0,0,0,0,40.0277,-75.1345, , 
53571,610052,2014009845,6,67,67301,2013,12,5,220,2,3,1,0,1,1, , ,N,0,0,0,3,0,3,3,2,N, ,40 03:23.836,75 00:24.909,230, ,226, ,0, , , ,0, , , , , , , , , ,2,0,0,0,1,0,0,1,0,0,0,0,3,3,0,0,0,0,0,0,0,0,0,0,0,0,0,0,0,0,0,0,0,0,0,8,0,40.0566,-75.0069, , 
53572,610057,2013122181,6,67,67301,2013,12,1,206,2,3,1,0,4,1, , ,N,0,0,0,3,0,2,3,2,N,N,39 59:04.818,75 12:29.575,210, ,208, ,0, ,N, ,0, , , , , , , , , ,2,2,0,0,0,0,0,0,0,0,0,0,2,2,0,0,0,0,0,0,0,0,0,0,0,0,0,0,0,0,0,0,0,0,0,8,0,39.9847,-75.2082, , 
53573,610058,2013122987,6,67,67301,2013,11,4,2348,23,3,1,0,1,1, , ,N,0,0,0,3,0,1,6,3,N,N,40 00:56.636,75 10:35.243,2354, ,2348,2,2,2,N, ,0,N, , , , , , , , ,3,2,0,0,0,0,1,0,0,0,0,1,1,0,0,0,0,0,0,0,0,0,0,0,0,0,0,0,0,0,0,0,0,0,0,4,0,40.0157,-75.1765, , 
53574,610063,2013125885,6,67,67301,2013,11,7,356,3,3,2,1,7,2, , ,N,2,0,0,3,0,0,1,1,N,N,40 07:06.945,75 00:25.153,400, ,356,2,1,4,N, ,0,Y, , , , , , , , ,1,1,0,0,0,0,0,0,0,0,0,0,0,0,0,0,0,0,0,0,0,0,0,0,0,0,0,0,0,0,0,0,0,0,0,0,0,40.1186,-75.007, , 
53575,610073,2014006900,6,67,67301,2013,12,5,1558,15,1,8,6,4,1, , ,N,2,3,0,3,0,2,3,2,N,N,39 59:54.808,75 08:30.908,1605, ,1605, ,0, ,N, ,3, , , , , , , , , ,2,2,0,0,0,0,0,0,0,0,0,0,2,2,1,0,0,0,0,0,0,0,0,0,0,0,0,0,0,0,0,0,0,0,0,8,0,39.9986,-75.1419, , 
53576,615559,2014013063,6,67,67301,2013,12,3,1109,11,1,1,0,4,1, , ,N,1,3,0,3,0,1,2,2,N, ,40 02:58.794,75 08:50.344,1151, ,1141, ,0, , , ,3, , , , , , , , , ,2,0,0,0,0,0,1,0,0,0,0,1,1,0,0,0,0,0,0,0,1,0,0,0,0,0,0,0,0,0,0,0,0,0,0,4,0,40.0497,-75.1473, , 
53577,615564,2013107859,6,67,67301,2013,10,1,259,2,3,1,0,4,1, , ,N,2,2,0,3,0,0,2,5,N,N,39 58:55.682,75 09:37.742,302, ,300,2,2,1,N, ,3,Y, , , , , , , , ,5,5,0,0,0,0,0,0,0,0,0,0,0,0,0,0,0,0,0,1,0,0,0,0,0,0,0,0,0,0,0,0,0,0,0,0,0,39.9821,-75.1605, , 
53578,615578,2013122465,6,67,67301,2013,10,4,2050,20,3,1,0,4,1, , ,N,1,2,0,3,0,1,3,3,N,Y,39 57:09.508,75 10:41.403,2100, ,2100, ,0, ,N, ,3, , , , , , , , , ,3,1,1,0,0,0,1,0,0,0,1,0,1,0,0,0,0,0,0,0,0,0,0,0,0,0,0,0,0,0,0,0,0,0,0,3,0,39.9526,-75.1782, , 
53579,615632,2013117100,6,67,67301,2013,11,4,835,8,1,1,0,1,1, , ,N,0,0,0,3,0,0,3,3,N,N,40 01:15.568,75 02:29.556,854, ,840,1,2,1,N, ,0,N, , , , , , , , ,3,2,0,0,1,0,0,0,0,0,0,0,0,0,0,0,0,0,0,0,1,0,0,0,0,0,0,0,0,0,0,0,0,0,0,0,0,40.0209,-75.0417, , 
53580,615637,2013121382,6,67,67301,2013,10,6,2041,20,3,1,0,8,1, , ,N,1,2,0,3,0,1,4,2,N, ,40 00:37.460,75 04:45.357,2043, ,2042, ,0, , , ,3, , , , , , , , , ,1,1,0,0,0,0,0,0,0,1,0,0,1,0,0,0,0,0,0,0,0,0,0,2,0,0,0,0,0,0,0,0,1,0,1,2,0,40.0104,-75.0793, , 
53581,615640,2013122904,6,67,67301,2013,11,6,1804,18,1,1,0,4,1, , ,N,1,3,0,3,0,1,5,2,N, ,39 56:50.773,75 13:13.519,1812, ,1810,1,1,2, , ,3,N, , , , , , , , ,2,1,0,0,0,0,0,1,0,0,0,0,1,1,0,0,0,0,0,0,0,0,0,1,0,0,0,0,0,0,0,0,0,0,0,8,0,39.9474,-75.2204, , 
53582,615657,2014019147,6,67,67301,2013,12,7,34,0,3,1,0,8,1, , ,N,1,2,0,3,0,1,2,2,N, ,39 57:04.568,75 10:01.915,40, ,36, ,0, ,N, ,3, , , , , , , , , ,1,1,0,0,0,0,0,0,0,1,0,0,1,0,0,0,0,0,0,0,0,0,0,0,0,0,0,0,0,0,0,0,1,0,1,2,0,39.9512,-75.167, , 
53583,615674,2013115359,6,67,67301,2013,10,2,9999,99,3,1,0,4,1, , ,N,1,2,0,3,0,0,3,2,N,N,39 57:00.666,75 08:44.461,1235, ,1228, ,0, , , ,3, , , , , , , , , ,2,2,0,0,0,0,0,0,0,0,0,0,0,0,0,0,0,0,0,0,1,0,0,0,0,0,0,0,0,0,0,0,0,0,0,0,0,39.9501,-75.1457, , 
53584,615680,2013121384,6,67,67301,2013,11,6,1101,11,1,2,1,7,2, , ,N,0,0,0,3,0,0,1,1,N,N,39 59:38.244,75 11:33.005,1116, ,1105,1,2,5,N, ,0,N, , , , , , , , ,1,0,0,0,0,0,1,0,0,0,0,0,0,0,0,0,0,0,0,0,0,0,0,0,0,0,0,0,0,0,0,0,0,0,0,0,0,39.994,-75.1925, , 
53585,615681,2013121422,6,67,67301,2013,10,5,1731,17,1,1,0,5,1, , ,N,1,3,0,3,0,1,2,2,N,N,39 56:03.274,75 12:59.057,1750, ,1737, ,0, , , ,3, , , , , , , , , ,2,1,1,0,0,0,0,0,0,0,0,1,1,0,0,0,1,0,0,0,0,0,0,0,0,0,0,0,0,0,0,0,0,0,0,4,0,39.9342,-75.2164, , 
53586,615686,2013125392,6,67,67301,2013,10,5,348,3,3,2,1,1,7, , ,N,3,0,0,3,0,0,1,2,N,N,39 53:35.717,75 13:42.269,402, ,353,2,2,2,N, ,0,Y, , , , , , , , ,2,2,0,0,0,0,0,0,0,0,0,0,0,0,1,0,0,0,0,0,0,0,0,0,0,0,0,0,0,0,0,0,0,0,0,9,0,39.8933,-75.2284, , 
53587,615689,2013129499,6,67,67301,2013,11,6,2002,20,3,2,1,8,1, , ,N,1,2,0,3,0,2,3,3,N,N,39 57:01.379,75 08:50.098,2005, ,2002, ,0, ,N, ,3, , , , , , , , , ,1,1,0,0,0,0,0,0,0,0,0,2,2,0,0,0,0,0,0,0,1,0,0,0,0,0,0,0,0,0,0,0,2,0,0,4,0,39.9503,-75.1473, , 
53588,615690,2013130084,6,67,67301,2013,11,3,1740,17,3,1,0,4,1, , ,N,1,3,0,3,0,1,2,2,N,N,39 56:23.157,75 09:50.911,1750, ,1746, ,0, ,N, ,3, , , , , , , , , ,1,1,0,0,0,0,0,0,1,0,0,1,1,0,0,0,0,0,0,1,0,0,0,0,0,0,0,0,0,0,0,0,0,0,0,4,0,39.9398,-75.1641, , 
53589,615705,2014001051,6,67,67301,2013,12,4,2010,20,3,1,0,4,1, , ,N,1,2,0,3,0,2,3,2,N, ,40 01:03.258,75 03:54.829,2033, ,2026, ,0, , , ,3, , , , , , , , , ,2,1,0,0,0,0,1,0,0,0,0,1,2,1,0,0,0,0,0,0,1,0,0,0,0,0,0,0,0,0,0,0,0,0,0,4,0,40.0175,-75.0651, , 
53590,615731,2013129439,6,67,67301,2013,11,5,36,0,3,1,0,1,1, , ,N,0,0,0,3,0,1,2,2,N,N,39 55:31.407,75 09:39.387,39, ,37, ,0, ,N, ,0, , , , , , , , , ,2,2,0,0,0,0,0,0,0,0,0,1,1,0,0,0,0,0,0,0,0,0,0,0,0,0,0,0,0,0,0,0,0,0,0,4,0,39.9254,-75.1609, , 
53591,615736,2014009801,6,67,67301,2013,12,6,1213,12,1,2,1,4,1, , ,N,2,3,0,3,0,1,2,2,N,N,40 00:54.950,75 11:53.843,1221, ,9999, ,0, ,N, ,3, , , , , , , , , ,2,1,0,0,1,0,0,0,0,0,0,1,1,0,0,0,0,0,0,0,0,1,0,0,0,0,0,0,0,0,0,0,0,0,0,4,0,40.0153,-75.1983, , 
53592,615763,2014009663,6,67,67301,2013,12,3,9999,99,3,8,0,4,1, , ,N,0,0,7,3,0,3,3,2,N, ,39 55:00.476,75 14:45.485,9999, ,9999,1,1,6, , ,0,N, , , , , , , , ,2,1,0,0,0,0,0,0,0,0,0,3,3,0,0,0,0,0,0,0,0,0,0,2,0,0,0,0,0,0,0,0,0,0,0,4,0,39.9168,-75.246, , 
53593,615766,2013055592,6,67,67301,2013,5,7,1420,14,1,1,0,1,1, , ,N,1,2,0,3,0,1,3,2,N,N,40 01:46.101,75 03:22.073,1542, ,1537, ,0, ,N, ,3, , , , , , , , , ,2,2,0,0,0,0,0,0,0,0,0,1,1,0,0,0,0,0,0,0,1,0,0,0,0,0,0,0,0,0,0,0,0,0,0,4,0,40.0294,-75.0561, , 
53594,613011,2013075149,6,67,67301,2013,6,5,1850,18,1,1,0,1,1, , ,N,0,0,0,3,0,2,7,6,N,N,40 01:56.183,75 07:27.120,1905, ,1901, ,0, ,N, ,0, , , , , , , , , ,6,3,0,0,2,0,0,1,0,0,0,2,2,0,0,0,0,0,0,0,2,0,0,1,0,0,0,0,0,0,0,0,0,0,0,4,0,40.0323,-75.1242, , 
53595,613012,2013077407,6,67,67301,2013,7,2,800,8,8,2,1,7,3, , ,N,0,0,1,3,0,1,1,1,N,N,40 01:02.451,75 04:59.128,805, ,803,1,1,1,N, ,0,N, , , , , , , , ,1,1,0,0,0,0,0,0,0,0,0,0,1,1,0,0,0,0,0,0,0,0,0,0,0,0,0,0,0,0,0,0,0,0,0,8,0,40.0173,-75.0831, , 
53596,613026,2013088100,6,67,67301,2013,7,6,1615,16,1,1,0,8,1, , ,N,0,0,0,3,0,1,2,2,N,N,39 57:12.967,75 10:23.861,1632, ,623,2,1,4,N, ,0,N, , , , , , , , ,1,1,0,0,0,0,0,0,0,0,0,1,1,0,0,0,0,0,0,0,0,0,0,0,0,0,0,0,0,0,0,0,1,0,0,4,0,39.9536,-75.1733, , 
53597,613031,2013093101,6,67,67301,2013,8,6,2015,20,3,1,0,5,1, , ,N,0,0,0,3,0,2,5,2,N,N,40 01:17.538,75 03:06.410,2106, ,2102, ,0, ,N, ,0, , , , , , , , , ,2,1,0,0,0,0,1,0,0,0,0,0,2,2,0,0,0,0,0,0,0,0,0,0,0,0,0,0,0,0,0,0,0,0,0,8,0,40.0215,-75.0518, , 
53598,613045,2013111848,6,67,67301,2013,10,1,1950,19,3,1,0,1,1, , ,N,1,3,0,3,0,2,3,2,N, ,39 59:11.923,75 05:39.698,9999, ,9999, ,0, , , ,3, , , , , , , , , ,2,2,0,0,0,0,0,0,0,0,0,2,2,0,1,0,0,0,0,0,1,0,0,0,0,0,0,0,0,0,0,0,0,0,0,4,0,39.9866,-75.0944, , 
53599,613057,2014009851,6,67,67301,2013,12,3,2350,23,3,2,1,5,1, , ,N,0,0,0,3,0,0,1,4,N,N,39 58:18.460,75 10:20.512,2355, ,2353, ,0, ,N, ,0, , , , , , , , , ,4,2,0,0,0,0,1,1,0,0,0,0,0,0,1,0,0,0,0,0,0,0,0,0,0,0,0,0,0,0,0,0,0,0,0,9,0,39.9718,-75.1724, , 
53600,613063,2013121471,6,67,67301,2013,10,3,1543,15,1,1,0,4,2, , ,N,2,0,7,3,0,1,3,2,N, ,39 56:05.393,75 08:33.250,1550, ,1546,2,1,1, , ,0,N, , , , , , , , ,1,1,0,0,0,0,0,0,1,0,0,0,1,1,0,0,0,0,0,0,0,0,0,0,0,0,0,0,0,0,0,0,0,0,0,8,0,39.9348,-75.1426, , 
53601,613065,2013122954,6,67,67301,2013,11,6,654,6,3,2,1,4,1, , ,N,1,2,0,3,0,1,4,3,N,N,40 02:18.514,75 11:29.614,706, ,704,3,1,2,N, ,3,Y, , , , , , , , ,3,2,0,0,1,0,0,0,0,0,0,1,1,0,0,0,0,0,0,0,1,0,0,2,0,0,0,0,0,0,0,0,0,0,0,4,0,40.0385,-75.1916, , 