objectid_1,objectid,crn,district,county,municipality,crash_year,crash_month,day_of_week,time_of_day,hour_of_day,illumination,weather,road_condition,collision_type,relation_to_road,work_zone_type,work_zone_loc,work_zone_ind,intersect_type,tcd_type,location_type,urban_rural,fatal_count,injury_count,person_count,total_units,sch_bus_ind,sch_zone_ind,latitude,longitude,arrival_tm,cons_zone_spd_lim,dispatch_tm,est_hrs_closed,lane_closed,ln_close_dir,ntfy_hiwy_maint,spec_juris_cd,tcd_func_cd,tfc_detour_ind,workers_pres,wz_close_detour,wz_flagger,wz_law_offcr_ind,wz_ln_closure,wz_moving,wz_other,wz_shlder_mdn,vehicle_count,automobile_count,motorcycle_count,bus_count,small_truck_count,heavy_truck_count,suv_count,van_count,bicycle_count,maj_inj_count,mod_inj_count,min_inj_count,tot_inj_count,unk_inj_deg_count,unk_inj_per_count,driver_count_16yr,driver_count_17yr,driver_count_18yr,driver_count_19yr,driver_count_20yr,driver_count_50_64yr,driver_count_65_74yr,driver_count_75plus,unbelted_occ_count,unb_death_count,unb_maj_inj_count,belted_death_count,belted_maj_inj_count,mcycle_death_count,mcycle_maj_inj_count,bicycle_death_count,bicycle_maj_inj_count,ped_count,ped_death_count,ped_maj_inj_count,max_severity_level,comm_veh_count,dec_lat,dec_long,rdwy_surf_type_cd,county_name
53804,593230,2013070261,6,67,67301,2013,6,7,1733,17,1,1,0,8,6, , ,N,0,0,0,3,0,1,2,2,N,N,39 59:32.787,75 07:27.595,1741, ,1740, ,0, ,N, ,0, , , , , , , , , ,1,1,0,0,0,0,0,0,0,0,0,1,1,0,0,0,0,0,0,0,0,0,0,0,0,0,0,0,0,0,0,0,1,0,0,4,0,39.9924,-75.1243, , 
53805,593231,2013070943,6,67,67301,2013,6,6,1201,12,1,1,0,1,1, , ,N,0,0,0,3,0,0,3,2,N,N,39 54:46.287,75 11:32.881,1207, ,1201,9,1,2,N, ,0,N, , , , , , , , ,2,0,0,0,1,0,1,0,0,0,0,0,0,0,0,0,0,0,0,0,0,0,0,3,0,0,0,0,0,0,0,0,0,0,0,0,0,39.9129,-75.1925, , 
53806,593232,2013070986,6,67,67301,2013,6,5,1529,15,1,2,1,2,1, , ,N,0,0,0,3,0,4,6,2,N,N,39 58:12.505,75 11:21.837,1546, ,1537,2,1,1,N, ,0,Y, , , , , , , , ,2,1,0,0,0,0,0,1,0,0,0,4,4,0,0,0,0,0,0,0,1,0,0,0,0,0,0,0,0,0,0,0,0,0,0,4,0,39.9701,-75.1894, , 
53807,593243,2013080022,6,67,67301,2013,7,5,1503,15,1,1,0,4,1, , ,N,1,2,0,3,0,0,3,2,N,N,39 55:44.712,75 13:13.928,1507, ,1505, ,0, ,N, ,3, , , , , , , , , ,2,0,0,0,0,0,1,1,0,0,0,0,0,0,0,0,0,0,0,0,0,0,0,0,0,0,0,0,0,0,0,0,0,0,0,0,0,39.9291,-75.2205, , 
53808,593280,2013086771,6,67,67301,2013,7,3,1600,16,1,1,0,4,1, , ,N,2,3,0,3,0,3,4,2,N,N,39 55:05.264,75 09:38.912,1615, ,1605, ,0, ,N, ,3, , , , , , , , , ,2,0,0,0,1,0,1,0,0,0,0,0,3,3,0,0,0,0,0,1,0,0,0,0,0,0,0,0,0,0,0,0,0,0,0,8,0,39.9181,-75.1608, , 
53809,593281,2013086924,6,67,67301,2013,8,2,1920,19,1,1,0,8,4, , ,N,0,0,7,3,0,1,2,2,N,N,40 00:11.087,75 09:51.862,1935, ,1926, ,0, ,N, ,0, , , , , , , , , ,1,1,0,0,0,0,0,0,0,0,0,1,1,0,0,0,0,0,0,0,0,0,0,0,0,0,0,0,0,0,0,0,1,0,0,4,0,40.0031,-75.1644, , 
53810,596166,2013086257,6,67,67301,2013,8,5,1205,12,1,2,1,6,1, , ,N,1,3,0,3,0,1,2,2,N,N,39 59:55.424,75 05:40.664,1215, ,1211,2,2,5, , ,3,Y, , , , , , , , ,2,2,0,0,0,0,0,0,0,0,1,0,1,0,0,0,0,0,0,0,0,0,0,0,0,0,0,0,0,0,0,0,0,0,0,3,0,39.9987,-75.0946, , 
53811,596167,2013086827,6,67,67301,2013,7,3,1420,14,1,9,8,8,1, , ,N,1,2,0,3,0,1,2,2,N,N,39 57:03.048,75 09:49.788,1830, ,1830, ,0, ,N, ,3, , , , , , , , , ,1,0,0,0,0,0,0,1,0,0,0,1,1,0,1,0,0,0,0,0,0,0,0,0,0,0,0,0,0,0,0,0,1,0,0,4,0,39.9508,-75.1638, , 
53812,596172,2013084418,6,67,67301,2013,7,1,1150,11,1,1,0,4,1, , ,N,1,2,0,3,0,1,2,2,N,N,39 56:46.824,75 09:17.928,1210, ,1200, ,0, ,N, ,3, , , , , , , , , ,2,0,1,0,0,0,0,0,0,0,0,1,1,0,0,0,0,0,0,0,0,0,0,0,0,0,0,0,0,0,0,0,0,0,0,4,0,39.9463,-75.155, , 
53813,596184,2013098449,6,67,67301,2013,7,2,0,0,3,1,0,6,1, , ,N,0,0,0,3,0,2,2,6,N,N,40 02:20.893,75 08:01.021,130, ,125, ,0, ,N, ,0, , , , , , , , , ,6,4,0,0,2,0,0,0,0,1,0,1,2,0,0,0,1,0,0,0,0,0,0,0,0,0,0,0,0,0,0,0,0,0,0,2,0,40.0391,-75.1336, , 
53814,596190,2013103150,6,67,67301,2013,10,6,1814,18,3,2,1,1,1, , ,N,0,0,0,3,0,2,3,2,N,N,39 58:46.047,75 12:15.247,1827, ,1817, ,0, ,N, ,0, , , , , , , , , ,2,1,0,0,0,0,0,1,0,0,0,0,2,2,0,0,0,1,0,0,0,0,0,0,0,0,0,0,0,0,0,0,0,0,0,8,0,39.9795,-75.2042, , 
53815,596195,2013109423,6,67,67301,2013,9,7,200,2,3,1,0,5,2, , ,N,0,0,0,3,0,0,1,5,N, ,40 01:17.976,75 07:55.304,245, ,230, ,0, , , ,0, , , , , , , , , ,5,3,0,0,1,0,0,1,0,0,0,0,0,0,0,0,0,0,0,0,0,0,0,0,0,0,0,0,0,0,0,0,0,0,0,0,0,40.0217,-75.132, , 
53816,596206,2013121284,6,67,67301,2013,10,5,1603,16,1,1,0,4,1, , ,N,1,3,0,3,0,1,2,2,N,N,40 02:04.164,75 02:53.357,1614, ,1608,1,1,3,N, ,3,N, , , , , , , , ,2,1,0,0,1,0,0,0,0,0,0,1,1,0,0,0,0,0,0,0,1,0,0,0,0,0,0,0,0,0,0,0,0,0,0,4,0,40.0345,-75.0482, , 
53817,596217,2014009707,6,67,67301,2013,12,6,1940,19,3,2,1,4,1, , ,N,1,2,0,3,0,0,2,4,N,N,40 03:10.159,75 11:44.213,2000, ,1945, ,0, ,N, ,3, , , , , , , , , ,4,3,0,0,0,0,1,0,0,0,0,0,0,0,0,0,0,0,0,0,0,0,0,0,0,0,0,0,0,0,0,0,0,0,0,0,0,40.0528,-75.1956, , 
53818,596223,2013070425,6,67,67301,2013,6,6,2131,21,3,1,0,5,2, , ,N,0,0,0,3,0,1,2,2,N,N,39 55:20.351,75 13:49.676,2232, ,2230, ,0, ,N, ,0, , , , , , , , , ,1,1,0,0,0,0,0,0,1,0,0,0,1,1,0,0,0,0,0,0,0,0,0,0,0,0,0,0,0,0,0,0,0,0,0,8,0,39.9223,-75.2305, , 
53819,596229,2013074763,6,67,67301,2013,5,4,1037,10,1,1,0,4,1, , ,N,1,3,0,3,0,1,2,2,N, ,40 02:22.074,75 00:51.519,1040, ,1038,3,2,6, , ,3,Y, , , , , , , , ,2,0,1,0,0,0,0,1,0,1,0,0,1,0,0,0,0,0,0,0,2,0,0,0,0,0,0,0,0,1,0,0,0,0,0,2,0,40.0395,-75.0143, , 
53820,596241,2013084002,6,67,67301,2013,7,7,308,3,3,1,0,7,5, , ,N,0,0,0,3,0,1,1,1,N,N,40 02:42.887,75 03:14.407,318, ,315,2,1,2,N, ,0,N, , , , , , , , ,1,1,0,0,0,0,0,0,0,0,0,0,1,1,0,0,0,0,0,0,0,0,0,0,0,0,0,0,0,0,0,0,0,0,0,8,0,40.0452,-75.054, , 
53821,596244,2013086879,6,67,67301,2013,8,1,2037,20,3,1,0,5,1, , ,N,1,0,0,3,0,3,3,3,N, ,39 56:20.461,75 13:56.639,2050, ,2040, ,0, , , ,0, , , , , , , , , ,3,1,0,0,1,0,0,1,0,0,0,0,3,3,0,0,0,0,0,0,0,0,0,3,0,0,0,0,0,0,0,0,0,0,0,8,0,39.939,-75.2324, , 
53822,596264,2013086674,6,67,67301,2013,8,3,950,9,1,1,0,4,1, , ,N,0,0,0,3,0,0,1,3,N,N,40 00:27.921,75 05:47.245,1230, ,1226, ,0, ,N, ,0, , , , , , , , , ,3,2,0,0,0,0,1,0,0,0,0,0,0,0,0,0,0,0,0,0,0,0,0,1,0,0,0,0,0,0,0,0,0,0,0,0,0,40.0078,-75.0965, , 
53823,596275,2013095963,6,67,67301,2013,8,5,2343,23,3,1,1,5,2, , ,N,2,2,0,3,0,0,1,4,N,N,39 56:57.258,75 12:40.667,2347, ,2343, ,0, ,N, ,3, , , , , , , , , ,4,4,0,0,0,0,0,0,0,0,0,0,0,0,0,0,0,0,0,0,0,0,0,0,0,0,0,0,0,0,0,0,0,0,0,0,0,39.9492,-75.2113, , 
53824,596284,2013106743,6,67,67301,2013,9,1,1515,15,1,1,0,8,1, , ,N,1,3,0,3,0,1,2,2,N,N,39 58:44.101,75 08:07.846,1530, ,1520, ,0, ,N, ,3, , , , , , , , , ,1,1,0,0,0,0,0,0,0,0,0,1,1,0,1,0,0,0,0,0,0,0,0,0,0,0,0,0,0,0,0,0,1,0,0,4,0,39.9789,-75.1355, , 
53825,596301,2013076388,6,67,67301,2013,7,6,2200,22,3,1,0,5,1, , ,N,0,0,0,3,0,0,4,3,N,N,39 54:01.880,75 09:23.287,2212, ,2201, ,0, ,N, ,0, , , , , , , , , ,3,2,0,0,0,0,1,0,0,0,0,0,0,0,0,0,0,0,0,0,1,0,0,0,0,0,0,0,0,0,0,0,0,0,0,0,0,39.9005,-75.1565, , 
53826,596305,2013082168,6,67,67301,2013,8,3,930,9,1,2,1,1,1, , ,N,0,0,0,3,0,0,5,3,N,N,39 59:28.001,75 12:14.665,957, ,933, ,0, ,N, ,0, , , , , , , , , ,3,0,0,0,0,0,2,1,0,0,0,0,0,0,0,0,0,0,0,0,2,0,0,0,0,0,0,0,0,0,0,0,0,0,0,0,0,39.9911,-75.2041, , 
53827,596353,2013055616,6,67,67301,2013,5,3,1740,17,4,1,0,4,1, , ,N,1,3,0,3,0,1,2,2,N,N,40 03:29.610,75 09:47.390,1803, ,1800,1,1,1,N, ,3,Y, , , , , , , , ,2,2,0,0,0,0,0,0,0,0,0,1,1,0,0,0,0,0,0,0,0,0,1,0,0,0,0,0,0,0,0,0,0,0,0,4,0,40.0582,-75.1632, , 
53828,599290,2013070233,6,67,67301,2013,6,6,1535,15,1,1,0,1,1, , ,N,0,0,0,3,0,1,3,3,N,N,39 59:04.460,75 14:10.840,1617, ,1617, ,0, ,N, ,0, , , , , , , , , ,3,3,0,0,0,0,0,0,0,0,0,1,1,0,0,0,0,0,0,0,1,0,0,0,0,0,0,0,0,0,0,0,0,0,0,4,0,39.9846,-75.2363, , 
53829,599302,2013065519,6,67,67301,2013,5,3,1930,19,1,1,0,4,1, , ,N,2,3,0,3,0,1,4,2,N,N,40 00:03.675,75 04:04.310,1940, ,1935, ,0, ,N, ,3, , , , , , , , , ,1,0,0,0,1,0,0,0,1,0,0,1,1,0,0,0,0,0,0,0,0,0,0,0,0,0,0,0,0,0,0,0,0,0,0,4,0,40.001,-75.0679, , 
53830,599305,2013066723,6,67,67301,2013,1,2,2015,20,6,4,3,7,4, , ,N,3,0,2,3,0,0,1,1,N,N,39 53:55.489,75 10:12.392,0, ,0, ,0, ,N, ,0, , , , , , , , , ,1,0,0,0,0,0,1,0,0,0,0,0,0,0,0,0,0,0,0,0,0,0,0,0,0,0,0,0,0,0,0,0,0,0,0,0,0,39.9,-75.1598, , 
53831,599314,2013077534,6,67,67301,2013,7,2,1500,15,1,1,1,6,1, , ,N,0,0,0,3,0,1,2,2,N,N,39 58:52.528,75 11:59.956,1528, ,1500,2,1,2,N, ,0,N, , , , , , , , ,2,2,0,0,0,0,0,0,0,0,0,1,1,0,0,0,0,0,0,0,0,0,0,0,0,0,0,0,0,0,0,0,0,0,0,4,0,39.9813,-75.2, , 
53832,599320,2013086730,6,67,67301,2013,8,5,858,8,1,1,0,1,1, , ,N,0,0,0,3,0,0,2,2,N,N,40 03:31.310,75 14:03.465,915, ,838, ,0, ,N, ,0, , , , , , , , , ,2,1,0,0,0,0,1,0,0,0,0,0,0,0,0,0,0,0,0,0,1,0,0,0,0,0,0,0,0,0,0,0,0,0,0,0,0,40.0587,-75.2343, , 
53833,599331,2013101198,6,67,67301,2013,9,7,205,2,3,1,0,4,1, , ,N,1,2,0,3,0,1,2,2,N, ,40 00:46.713,75 07:09.797,240, ,224, ,0, , , ,3, , , , , , , , , ,2,2,0,0,0,0,0,0,0,0,0,0,1,1,0,0,0,0,0,0,0,0,0,0,0,0,0,0,0,0,0,0,0,0,0,8,0,40.013,-75.1194, , 
53834,599359,2013121434,6,67,67301,2013,10,2,1833,18,3,1,0,4,1, , ,N,5,3,0,3,0,1,2,2,N,N,40 03:19.087,75 03:23.630,1912, ,1901, ,0, ,N, ,3, , , , , , , , , ,2,1,0,0,1,0,0,0,0,0,0,1,1,0,1,0,0,0,0,0,0,0,0,0,0,0,0,0,0,0,0,0,0,0,0,4,0,40.0553,-75.0566, , 
53835,599374,2014009674,6,67,67301,2013,11,4,1010,10,1,2,1,5,1, , ,N,0,0,0,3,0,1,2,2,N,N,39 56:49.232,75 10:38.028,1020, ,1016, ,0, ,N, ,0, , , , , , , , , ,1,0,0,0,1,0,0,0,1,0,0,1,1,0,0,0,0,0,0,0,0,0,0,0,0,0,0,0,0,0,0,0,0,0,0,4,0,39.947,-75.1772, , 
53836,599381,2013062668,6,67,67301,2013,5,3,9999,99,1,1,0,4,1, , ,N,1,2,0,3,0,0,2,2,N, ,40 00:31.034,75 04:07.810,1748, ,1748, ,0, , , ,3, , , , , , , , , ,2,1,0,0,1,0,0,0,0,0,0,0,0,0,0,0,0,0,1,0,0,0,0,0,0,0,0,0,0,0,0,0,0,0,0,0,0,40.0086,-75.0688, , 
53837,599411,2014009751,6,67,67301,2013,12,1,44,0,3,1,0,5,1, , ,N,1,2,0,3,0,0,2,2,N,N,40 01:35.316,75 05:50.739,48, ,45,9,1,1,N, ,3,N, , , , , , , , ,2,1,0,0,0,0,1,0,0,0,0,0,0,0,0,0,0,1,0,0,0,0,0,0,0,0,0,0,0,0,0,0,0,0,0,0,0,40.0265,-75.0974, , 
53838,599431,2013106623,6,67,67301,2013,9,4,1015,10,1,1,0,1,1, , ,N,1,2,0,3,0,0,2,2,N, ,39 56:52.009,75 13:46.191,1033, ,1028, ,0, , , ,3, , , , , , , , , ,2,2,0,0,0,0,0,0,0,0,0,0,0,0,0,0,0,0,0,0,1,0,0,0,0,0,0,0,0,0,0,0,0,0,0,0,0,39.9478,-75.2295, , 
53839,599432,2013106659,6,67,67301,2013,9,7,1830,18,1,1,0,1,1, , ,N,1,2,0,3,0,2,3,2,N,N,40 03:27.061,75 08:57.497,1840, ,1834, ,0, ,N, ,3, , , , , , , , , ,2,2,0,0,0,0,0,0,0,0,0,0,2,2,0,0,0,0,0,0,0,0,0,0,0,0,0,0,0,0,0,0,0,0,0,8,0,40.0575,-75.1493, , 
53840,599451,2013086253,6,67,67301,2013,8,2,1810,18,1,1,0,7,5, , ,N,0,0,0,3,0,0,1,1,N,N,40 01:49.115,75 03:39.764,1814, ,1812,2,2,4,N, ,0,N, , , , , , , , ,1,1,0,0,0,0,0,0,0,0,0,0,0,0,1,0,0,0,0,0,0,0,1,0,0,0,0,0,0,0,0,0,0,0,0,9,0,40.0303,-75.061, , 
53841,599463,2013096568,6,67,67301,2013,9,7,1449,14,1,1,0,1,1,1,4,Y,0,0,0,3,0,2,5,2,N,N,40 01:16.314,75 02:27.329,1512,45,1449,1,2,1,N, ,0,N,N,N,N,N,Y,N,N,Y,2,1,0,0,0,0,1,0,0,0,0,2,2,0,0,0,0,0,0,0,0,0,0,0,0,0,0,0,0,0,0,0,0,0,0,4,0,40.0211,-75.0411, , 
53842,599467,2013101270,6,67,67301,2013,9,5,1958,19,3,2,1,6,1, , ,N,0,0,0,3,0,3,3,2,N,N,39 58:51.173,75 11:56.401,2004, ,1959,2,2,1, , ,0,Y, , , , , , , , ,2,1,0,0,0,0,1,0,0,0,3,0,3,0,0,0,0,0,0,0,0,0,0,1,0,0,0,0,0,0,0,0,0,0,0,3,0,39.9809,-75.199, , 
53843,599468,2013103981,6,67,67301,2013,9,6,625,6,1,1,0,6,1, , ,N,1,2,0,3,0,1,2,2,N,N,40 00:30.146,75 08:39.534,630, ,629, ,0, ,N, ,3, , , , , , , , , ,2,1,0,0,0,1,0,0,0,0,0,1,1,0,0,0,0,0,0,0,0,1,0,0,0,0,0,0,0,0,0,0,0,0,0,4,1,40.0084,-75.1443, , 
53844,599489,2013121473,6,67,67301,2013,10,2,1030,10,1,1,0,5,6, , ,N,0,0,0,3,0,0,1,3,N,N,39 58:04.875,75 08:23.816,1050, ,1042, ,0, , , ,0, , , , , , , , , ,3,2,0,0,1,0,0,0,0,0,0,0,0,0,0,0,0,0,0,0,0,0,0,0,0,0,0,0,0,0,0,0,0,0,0,0,0,39.968,-75.1399, , 
53845,599494,2014001030,6,67,67301,2013,11,2,1345,13,1,1,0,5,1, , ,N,0,2,0,3,0,1,2,2,N,N,39 58:50.131,75 12:51.421,1400, ,1358, ,0, ,N, ,3, , , , , , , , , ,1,1,0,0,0,0,0,0,1,0,0,0,1,1,0,0,0,0,0,0,0,0,0,0,0,0,0,0,0,0,0,0,0,0,0,8,0,39.9806,-75.2143, , 
53846,599497,2014002795,6,67,67301,2013,11,3,1335,13,1,2,1,1,1, , ,N,0,0,0,3,0,1,2,2,N,N,40 06:51.520,75 00:18.506,1355, ,1345, ,0, , , ,0, , , , , , , , , ,2,2,0,0,0,0,0,0,0,0,0,1,1,0,0,0,0,0,0,0,1,0,0,0,0,0,0,0,0,0,0,0,0,0,0,4,0,40.1143,-75.0051, , 
53847,602223,2013126013,6,67,67301,2013,11,2,615,6,1,1,0,4,1, , ,N,1,2,0,3,0,1,2,3,N,N,40 03:45.914,75 03:27.576,645, ,633, ,0, ,N, ,3, , , , , , , , , ,3,3,0,0,0,0,0,0,0,0,0,1,1,0,0,0,0,0,0,0,1,1,0,0,0,0,0,0,0,0,0,0,0,0,0,4,0,40.0628,-75.0577, , 
53848,602228,2013130030,6,67,67301,2013,9,6,1605,16,1,1,0,4,1, , ,N,1,2,0,3,0,0,2,2,N, ,39 57:20.167,75 10:21.953,1610, ,1607, ,0, ,N, ,3, , , , , , , , , ,2,2,0,0,0,0,0,0,0,0,0,0,0,0,0,0,0,0,0,0,0,0,0,0,0,0,0,0,0,0,0,0,0,0,0,0,0,39.9556,-75.1728, , 
53849,602236,2014009633,6,67,67301,2013,11,7,1320,13,1,1,0,1,1, , ,N,0,0,0,3,0,2,4,2,N,N,40 04:39.624,75 10:30.975,1334, ,1330,2,1,3,N, ,0,Y, , , , , , , , ,2,1,0,0,0,0,1,0,0,0,0,2,2,0,0,0,0,0,0,0,0,0,0,0,0,0,0,0,0,0,0,0,0,0,0,4,0,40.0777,-75.1753, , 
53850,602248,2013070059,6,67,67301,2013,6,7,1230,12,1,1,0,5,1, , ,N,0,0,0,3,0,2,3,3,N,N,39 56:52.430,75 09:38.800,1238, ,1234, ,0, , , ,0, , , , , , , , , ,3,3,0,0,0,0,0,0,0,0,0,2,2,0,0,0,0,0,0,0,0,0,0,2,0,0,0,0,0,0,0,0,0,0,0,4,0,39.9479,-75.1608, , 
53851,602249,2013070097,6,67,67301,2013,6,7,1945,19,4,1,0,4,1, , ,N,1,2,0,3,0,1,3,2,N,N,40 04:50.725,75 01:42.964,1955, ,1949,2,1,1,N, ,3,N, , , , , , , , ,2,1,0,0,1,0,0,0,0,0,0,1,1,0,0,0,0,0,0,0,0,0,0,0,0,0,0,0,0,0,0,0,0,0,0,4,0,40.0808,-75.0286, , 
53852,602266,2013086922,6,67,67301,2013,8,6,9999,99,1,2,1,1,1, , ,N,2,2,0,3,0,1,4,2,N,N,39 59:53.654,75 11:15.510,1810, ,1802, ,0, , , ,3, , , , , , , , , ,2,1,0,0,0,0,1,0,0,0,0,1,1,0,0,0,0,0,0,0,2,0,0,0,0,0,0,0,0,0,0,0,0,0,0,4,0,39.9982,-75.1876, , 
53853,602280,2014002771,6,67,67301,2013,11,6,2041,20,3,1,0,1,1, , ,N,1,2,0,3,0,6,6,3,N,N,40 01:58.707,75 04:48.880,2050, ,2042,3,2,2,N, ,3,Y, , , , , , , , ,3,0,0,0,0,0,3,0,0,0,0,6,6,0,0,0,0,0,0,0,2,0,0,0,0,0,0,0,0,0,0,0,0,0,0,4,0,40.033,-75.0802, , 
53854,602284,2014022456,6,67,67301,2013,12,2,1249,12,1,2,1,4,1, , ,N,0,0,0,3,0,2,5,2,N,N,40 00:00.881,75 13:43.114,1257, ,1249,2,2,2,N, ,0,N, , , , , , , , ,2,2,0,0,0,0,0,0,0,0,0,0,2,2,0,0,0,0,0,0,0,0,0,0,0,0,0,0,0,0,0,0,0,0,0,8,0,40.0002,-75.2286, , 
53855,602316,2013070918,6,67,67301,2013,6,7,9999,99,1,1,0,8,1, , ,N,1,0,0,3,0,1,2,2,N,N,39 58:43.230,75 09:28.092,1140, ,1137, ,0, ,N, ,0, , , , , , , , , ,1,0,0,0,1,0,0,0,0,0,0,0,1,1,0,0,0,0,0,0,0,0,0,0,0,0,0,0,0,0,0,0,1,0,0,8,0,39.9787,-75.1578, , 
53856,602317,2013070983,6,67,67301,2013,6,5,456,4,3,1,0,5,6, , ,N,0,0,0,3,0,1,2,2,N,N,39 56:04.714,75 12:56.671,611, ,608, ,0, , , ,0, , , , , , , , , ,2,1,0,0,0,0,0,0,0,0,0,1,1,0,0,0,0,0,0,0,0,0,0,0,0,0,0,0,0,0,0,0,0,0,0,4,0,39.9346,-75.2157, , 
53857,602322,2013080039,6,67,67301,2013,7,4,28,0,3,1,0,7,1, , ,N,0,0,0,3,0,1,1,1,N,N,40 00:01.107,75 11:26.291,34, ,29,2,1,1,N, ,0,N, , , , , , , , ,1,0,1,0,0,0,0,0,0,0,0,1,1,0,0,0,0,0,0,0,0,0,0,0,0,0,0,0,0,0,0,0,0,0,0,4,0,40.0003,-75.1906, , 
53858,602335,2013103974,6,67,67301,2013,9,6,750,7,1,1,0,1,1, , ,N,2,2,0,3,0,2,3,2,N, ,40 00:14.371,75 12:51.803,800, ,753, ,0, , , ,3, , , , , , , , , ,2,2,0,0,0,0,0,0,0,0,0,1,2,1,0,0,0,0,0,0,0,0,0,0,0,0,0,0,0,0,0,0,0,0,0,4,0,40.004,-75.2144, , 
53859,602351,2013111761,6,67,67301,2013,10,6,421,4,3,1,0,5,6, , ,N,0,0,0,3,0,0,1,4,N, ,40 01:51.067,75 12:33.832,440, ,421, ,0, , , ,0, , , , , , , , , ,4,4,0,0,0,0,0,0,0,0,0,0,0,0,0,0,0,0,0,0,0,0,0,0,0,0,0,0,0,0,0,0,0,0,0,0,0,40.0309,-75.2094, , 
53860,602364,2013065581,6,67,67301,2013,5,6,1520,15,1,1,0,1,1, , ,N,0,0,0,3,0,2,3,2,N, ,40 01:48.701,75 02:06.121,1537, ,1525, ,0, , , ,0, , , , , , , , , ,2,1,0,0,0,0,1,0,0,0,0,1,2,1,0,0,0,0,1,0,0,0,0,0,0,0,0,0,0,0,0,0,0,0,0,4,0,40.0302,-75.035, , 
53861,602388,2013093173,6,67,67301,2013,8,2,1745,17,1,1,0,5,2, , ,N,0,0,0,3,0,1,5,2,N, ,39 59:25.546,75 06:57.454,2025, ,2020, ,0, , , ,0, , , , , , , , , ,2,2,0,0,0,0,0,0,0,0,0,1,1,0,4,0,0,0,0,0,0,0,0,0,0,0,0,0,0,0,0,0,0,0,0,4,0,39.9904,-75.116, , 
53862,602399,2014003316,6,67,67301,2013,12,6,2058,20,3,1,0,8,1, , ,N,1,2,0,3,0,1,2,2,N,N,40 02:06.421,75 04:15.407,2106, ,2059,2,1,2,N, ,3,N, , , , , , , , ,1,1,0,0,0,0,0,0,0,0,0,1,1,0,0,0,0,0,0,0,0,0,0,0,0,0,0,0,0,0,0,0,1,0,0,4,0,40.0351,-75.0709, , 
53863,602410,2013065846,6,67,67301,2013,6,5,1355,13,1,1,0,4,1, , ,N,0,0,0,3,0,1,2,2,N,N,39 59:53.537,75 11:44.601,1402, ,1356,1,1,4,N, ,0,N, , , , , , , , ,2,1,0,0,0,0,1,0,0,0,0,0,1,1,0,0,0,0,0,1,0,0,0,1,0,0,0,0,0,0,0,0,0,0,0,8,0,39.9982,-75.1957, , 
53864,602460,2013122070,6,67,67301,2013,10,3,1950,19,3,1,0,1,1, , ,N,1,2,0,3,0,0,2,2,N,N,40 00:19.420,75 06:33.689,1954, ,1950, ,0, ,N, ,3, , , , , , , , , ,2,2,0,0,0,0,0,0,0,0,0,0,0,0,0,0,0,0,0,0,0,0,0,0,0,0,0,0,0,0,0,0,0,0,0,0,0,40.0054,-75.1094, , 
53865,593293,2013098391,6,67,67301,2013,8,7,1705,17,1,1,0,4,1, , ,N,0,0,7,3,0,0,3,3,N,N,40 07:06.405,75 00:59.882,1718, ,1708,1,1,3,N, ,0,N, , , , , , , , ,3,3,0,0,0,0,0,0,0,0,0,0,0,0,0,0,1,0,0,0,1,0,0,0,0,0,0,0,0,0,0,0,0,0,0,0,0,40.1184,-75.0166, , 
53866,593295,2013101129,6,67,67301,2013,9,2,1700,17,1,1,0,4,1, , ,N,2,3,0,3,0,1,2,2,N, ,39 56:39.624,75 13:08.504,1733, ,1733, ,0, , , ,3, , , , , , , , , ,1,1,0,0,0,0,0,0,1,0,0,0,1,1,0,0,0,0,0,0,0,1,0,0,0,0,0,0,0,0,0,0,0,0,0,8,0,39.9443,-75.219, , 
53867,593296,2013101246,6,67,67301,2013,9,1,1500,15,1,1,0,1,1, , ,N,3,2,0,3,0,1,2,2,N, ,39 58:30.545,75 11:17.083,1900, ,1900, ,0, , , ,3, , , , , , , , , ,2,0,0,0,1,0,1,0,0,0,0,0,1,1,0,0,0,0,0,0,0,0,0,0,0,0,0,0,0,0,0,0,0,0,0,8,0,39.9752,-75.1881, , 
53868,593297,2013106677,6,67,67301,2013,9,5,1715,17,1,1,0,8,1, , ,N,2,0,0,3,0,2,3,3,N,N,40 03:45.997,75 08:22.401,1919, ,1919, ,0, ,N, ,0, , , , , , , , , ,1,0,0,0,0,0,0,1,0,0,0,0,2,2,0,0,0,0,0,0,0,0,0,0,0,0,0,0,0,0,0,0,2,0,0,8,0,40.0628,-75.1396, , 
53869,593315,2013070037,6,67,67301,2013,6,3,819,8,1,1,0,4,1, , ,N,1,2,0,3,0,2,4,2,N, ,40 03:17.448,75 10:08.247,855, ,845, ,0, , , ,3, , , , , , , , , ,2,1,0,0,1,0,0,0,0,0,1,1,2,0,0,0,0,0,0,0,1,0,0,0,0,0,0,0,0,0,0,0,0,0,0,3,0,40.0548,-75.169, , 
53870,593325,2013084030,6,67,67301,2013,7,2,1520,15,1,1,0,0,4, , ,N,1,2,0,3,0,1,1,1,N,N,39 57:33.555,75 13:09.032,1535, ,1530, ,0, ,N, ,3, , , , , , , , , ,1,0,1,0,0,0,0,0,0,0,0,0,1,1,0,0,0,0,0,0,1,0,0,0,0,0,0,0,0,0,0,0,0,0,0,8,0,39.9592,-75.2192, , 