objectid_1,objectid,crn,district,county,municipality,crash_year,crash_month,day_of_week,time_of_day,hour_of_day,illumination,weather,road_condition,collision_type,relation_to_road,work_zone_type,work_zone_loc,work_zone_ind,intersect_type,tcd_type,location_type,urban_rural,fatal_count,injury_count,person_count,total_units,sch_bus_ind,sch_zone_ind,latitude,longitude,arrival_tm,cons_zone_spd_lim,dispatch_tm,est_hrs_closed,lane_closed,ln_close_dir,ntfy_hiwy_maint,spec_juris_cd,tcd_func_cd,tfc_detour_ind,workers_pres,wz_close_detour,wz_flagger,wz_law_offcr_ind,wz_ln_closure,wz_moving,wz_other,wz_shlder_mdn,vehicle_count,automobile_count,motorcycle_count,bus_count,small_truck_count,heavy_truck_count,suv_count,van_count,bicycle_count,maj_inj_count,mod_inj_count,min_inj_count,tot_inj_count,unk_inj_deg_count,unk_inj_per_count,driver_count_16yr,driver_count_17yr,driver_count_18yr,driver_count_19yr,driver_count_20yr,driver_count_50_64yr,driver_count_65_74yr,driver_count_75plus,unbelted_occ_count,unb_death_count,unb_maj_inj_count,belted_death_count,belted_maj_inj_count,mcycle_death_count,mcycle_maj_inj_count,bicycle_death_count,bicycle_maj_inj_count,ped_count,ped_death_count,ped_maj_inj_count,max_severity_level,comm_veh_count,dec_lat,dec_long,rdwy_surf_type_cd,county_name
53938,602606,2013107164,6,67,67301,2013,9,6,1255,12,1,1,0,0,1, , ,N,0,0,0,3,0,1,1,3,N,N,39 59:21.645,75 06:38.440,1256, ,1256, ,0, ,N, ,0, , , , , , , , , ,3,3,0,0,0,0,0,0,0,0,0,1,1,0,0,0,0,0,0,0,0,0,0,0,0,0,0,0,0,0,0,0,0,0,0,4,0,39.9893,-75.1107, , 
53939,593509,2013070324,6,67,67301,2013,6,7,1150,11,1,1,0,8,1, , ,N,5,2,0,3,0,1,2,2,N,N,40 02:30.909,75 04:29.910,1202, ,1200,1,1,1,N, ,3,Y, , , , , , , , ,1,1,0,0,0,0,0,0,0,0,0,1,1,0,0,0,0,0,0,0,0,0,0,0,0,0,0,0,0,0,0,0,1,0,0,4,0,40.0419,-75.075, , 
53940,593513,2013076371,6,67,67301,2013,6,1,127,1,3,1,0,7,2, , ,N,0,0,0,3,0,1,3,1,N,N,39 58:32.132,75 11:41.706,133, ,131,2,1,3,N, ,0,N, , , , , , , , ,1,1,0,0,0,0,0,0,0,0,0,1,1,0,0,0,0,0,0,1,0,0,0,3,0,0,0,0,0,0,0,0,0,0,0,4,0,39.9756,-75.1949, , 
53941,593523,2013070972,6,67,67301,2013,6,4,9999,99,1,1,0,5,2, , ,N,0,0,0,3,0,0,1,3,N,N,40 03:46.328,75 11:21.602,1245, ,1236, ,0, , , ,0, , , , , , , , , ,3,3,0,0,0,0,0,0,0,0,0,0,0,0,0,0,0,0,0,0,0,0,0,0,0,0,0,0,0,0,0,0,0,0,0,0,0,40.0629,-75.1893, , 
53942,593537,2013085071,6,67,67301,2013,8,1,30,0,3,1,0,5,2, , ,N,0,0,0,3,0,0,1,2,N,N,39 58:57.925,75 09:05.464,37, ,35, ,0, ,N, ,0, , , , , , , , , ,2,2,0,0,0,0,0,0,0,0,0,0,0,0,0,0,0,0,0,0,0,0,0,0,0,0,0,0,0,0,0,0,0,0,0,0,0,39.9828,-75.1515, , 
53943,593545,2013098361,6,67,67301,2013,9,1,835,8,1,1,0,4,1, , ,N,1,3,0,3,0,0,2,2,N,N,39 58:46.587,75 09:54.116,840, ,831,9,1,3,N, ,3,Y, , , , , , , , ,2,1,0,0,0,0,0,1,0,0,0,0,0,0,0,0,0,1,0,0,1,0,0,0,0,0,0,0,0,0,0,0,0,0,0,0,0,39.9796,-75.165, , 
53944,593562,2013070287,6,67,67301,2013,5,4,1312,13,1,1,0,5,1, , ,N,0,0,0,3,0,1,1,2,N, ,40 01:04.877,75 08:01.820,1322, ,1321, ,0, , , ,0, , , , , , , , , ,2,0,0,0,0,0,0,1,0,0,0,1,1,0,0,0,0,0,0,0,0,0,0,0,0,0,0,0,0,0,0,0,0,0,0,4,0,40.018,-75.1338, , 
53945,593563,2013070408,6,67,67301,2013,6,3,830,8,1,1,0,8,1, , ,N,1,0,2,3,0,1,2,2,N, ,40 01:12.005,75 09:07.946,9999, ,9999, ,0, , , ,0, , , , , , , , , ,1,1,0,0,0,0,0,0,0,0,0,0,1,1,1,0,0,0,0,0,0,0,0,0,0,0,0,0,0,0,0,0,1,0,0,8,0,40.02,-75.1522, , 
53946,593580,2013083962,6,67,67301,2013,7,4,1430,14,1,1,0,8,1, , ,N,0,0,0,3,0,1,2,2,N,N,40 02:19.505,75 08:40.872,1440, ,1435, ,0, ,N, ,0, , , , , , , , , ,1,1,0,0,0,0,0,0,0,0,0,1,1,0,0,0,0,0,0,0,0,0,0,0,0,0,0,0,0,0,0,0,1,0,0,4,0,40.0388,-75.1447, , 
53947,593584,2013087044,6,67,67301,2013,7,2,1346,13,1,1,0,1,1, , ,N,0,0,0,3,0,2,6,3,N,N,39 57:48.859,75 11:02.345,1346, ,1346,1,1,4,N, ,0,N, , , , , , , , ,3,1,0,0,1,0,0,1,0,0,0,2,2,0,0,0,0,0,0,0,0,0,0,0,0,0,0,0,0,0,0,0,0,0,0,4,0,39.9636,-75.184, , 
53948,593599,2013106626,6,67,67301,2013,9,1,413,4,3,1,0,1,2, , ,N,0,0,0,3,0,0,1,3,N,N,39 56:51.367,75 12:51.328,420, ,913,9,2,6,N, ,0,Y, , , , , , , , ,3,3,0,0,0,0,0,0,0,0,0,0,0,0,1,0,0,0,0,0,0,0,0,0,0,0,0,0,0,0,0,0,0,0,0,9,0,39.9476,-75.2143, , 
53949,593606,2013065493,6,67,67301,2013,5,6,1233,12,1,1,0,5,1, , ,N,0,0,0,3,0,0,2,2,N,N,40 05:01.833,75 01:34.196,1233, ,1233,2,1,2,N, ,0,N, , , , , , , , ,2,0,0,1,1,0,0,0,0,0,0,0,0,0,0,0,0,0,0,0,1,0,0,0,0,0,0,0,0,0,0,0,0,0,0,0,1,40.0838,-75.0262, , 
53950,593610,2013070389,6,67,67301,2013,6,3,950,9,1,1,0,4,1, , ,N,1,3,0,3,0,2,2,2,N,N,39 58:12.446,75 10:57.899,1000, ,956, ,0, ,N, ,3, , , , , , , , , ,2,1,0,0,0,0,1,0,0,0,0,2,2,0,0,0,0,0,0,0,0,0,0,0,0,0,0,0,0,0,0,0,0,0,0,4,0,39.9701,-75.1827, , 
53951,593631,2013109351,6,67,67301,2013,9,3,830,8,1,1,0,8,1, , ,N,1,3,0,3,0,2,3,3,N,N,40 02:41.737,75 10:12.385,1330, ,1330, ,0, ,N, ,3, , , , , , , , , ,1,1,0,0,0,0,0,0,0,0,0,0,2,2,1,0,0,0,0,0,0,0,0,0,0,0,0,0,0,0,0,0,2,0,0,8,0,40.0449,-75.1701, , 
53952,593634,2013111850,6,67,67301,2013,10,3,1913,19,3,1,0,4,1, , ,N,1,2,0,3,0,2,5,4,N, ,40 00:35.396,75 10:00.737,1929, ,1915,9,1,4, , ,3,N, , , , , , , , ,4,2,0,0,0,0,1,1,0,0,0,0,2,2,3,0,0,0,0,0,1,0,0,0,0,0,0,0,0,0,0,0,0,0,0,8,0,40.0098,-75.1669, , 
53953,593637,2013114486,6,67,67301,2013,10,1,1634,16,1,1,0,1,1, , ,N,1,2,0,3,0,2,5,3,N,N,39 54:33.377,75 10:22.671,1705, ,1658, ,0, ,N, ,3, , , , , , , , , ,3,3,0,0,0,0,0,0,0,0,0,2,2,0,0,0,0,0,0,0,0,0,0,1,0,0,0,0,0,0,0,0,0,0,0,4,0,39.9093,-75.173, , 
53954,593658,2013077385,6,67,67301,2013,7,1,2245,22,3,1,0,4,1, , ,N,1,2,0,3,0,3,4,2,N, ,39 59:51.784,75 07:23.658,2305, ,2303, ,0, , , ,3, , , , , , , , , ,2,2,0,0,0,0,0,0,0,0,0,3,3,0,0,0,0,0,0,0,1,0,0,0,0,0,0,0,0,0,0,0,0,0,0,4,0,39.9977,-75.1232, , 
53955,593662,2013065367,6,67,67301,2013,5,7,1356,13,1,1,0,4,1, , ,N,1,2,0,3,0,1,2,2,N,N,40 02:30.933,75 07:26.313,1410, ,1400, ,0, ,N, ,3, , , , , , , , , ,2,1,0,0,0,0,1,0,0,0,0,1,1,0,0,0,0,0,0,0,0,0,0,0,0,0,0,0,0,0,0,0,0,0,0,4,0,40.0419,-75.124, , 
53956,593675,2013077444,6,67,67301,2013,6,4,2215,22,3,1,0,1,1, , ,N,1,2,1,3,0,0,2,2,N,N,39 58:19.726,75 07:29.308,2222, ,2217, ,0, ,N, ,3, , , , , , , , , ,2,2,0,0,0,0,0,0,0,0,0,0,0,0,0,0,0,0,0,0,0,0,0,0,0,0,0,0,0,0,0,0,0,0,0,0,0,39.9721,-75.1248, , 
53957,593689,2013106754,6,67,67301,2013,10,3,1900,19,3,1,0,1,1, , ,N,0,0,0,3,0,1,2,2,N, ,39 57:07.689,75 09:41.445,1910, ,1905, ,0, , , ,0, , , , , , , , , ,1,1,0,0,0,0,0,0,1,0,0,1,1,0,0,0,0,0,0,0,0,0,0,0,0,0,0,0,0,0,0,0,0,0,0,4,0,39.9521,-75.1615, , 
53958,596519,2013086737,6,67,67301,2013,8,7,1300,13,1,9,1,1,1, , ,N,0,0,0,3,0,1,3,2,N,N,40 00:16.019,75 10:30.119,1330, ,1319, ,0, ,N, ,0, , , , , , , , , ,2,2,0,0,0,0,0,0,0,0,0,0,1,1,0,0,0,0,0,0,1,0,0,0,0,0,0,0,0,0,0,0,0,0,0,8,0,40.0044,-75.175, , 
53959,596526,2013093130,6,67,67301,2013,8,5,1740,17,1,1,0,4,1, , ,N,0,0,0,3,0,1,2,2,N,N,40 01:19.398,75 08:29.047,1755, ,1745, ,0, ,N, ,0, , , , , , , , , ,2,2,0,0,0,0,0,0,0,0,0,1,1,0,0,0,0,0,0,0,1,0,0,0,0,0,0,0,0,0,0,0,0,0,0,4,0,40.0221,-75.1414, , 
53960,596531,2013096444,6,67,67301,2013,8,1,2005,20,3,1,0,4,1, , ,N,1,3,0,3,0,1,2,2,N,N,40 01:43.874,75 12:28.853,2025, ,2020, ,0, ,N, ,3, , , , , , , , , ,1,0,0,0,0,0,1,0,1,0,1,0,1,0,0,0,0,0,0,0,0,0,0,0,0,0,0,0,0,0,0,0,0,0,0,3,0,40.0289,-75.208, , 
53961,596540,2013111832,6,67,67301,2013,10,3,1800,18,1,1,0,4,1, , ,N,0,0,0,3,0,0,1,2,N,N,40 00:49.424,75 03:50.799,1818, ,1810, ,0, ,N, ,0, , , , , , , , , ,2,2,0,0,0,0,0,0,0,0,0,0,0,0,1,0,0,0,0,0,0,0,0,0,0,0,0,0,0,0,0,0,0,0,0,9,0,40.0137,-75.0641, , 
53962,596543,2013065563,6,67,67301,2013,6,2,1910,19,4,1,0,6,7, , ,N,7,0,2,3,0,0,3,3,N,N,40 01:13.494,75 09:15.812,1916, ,1814,1,2,3,N, ,0,N, , , , , , , , ,3,1,0,0,0,0,2,0,0,0,0,0,0,0,1,0,0,0,0,0,0,0,0,0,0,0,0,0,0,0,0,0,0,0,0,9,0,40.0204,-75.1544, , 
53963,596552,2013079541,6,67,67301,2013,7,3,1627,16,1,1,0,4,1, , ,N,2,2,0,3,0,1,2,2,N,N,39 56:24.739,75 12:02.495,1635, ,1628, ,0, ,N, ,3, , , , , , , , , ,2,2,0,0,0,0,0,0,0,0,0,1,1,0,0,0,0,0,0,0,0,0,0,0,0,0,0,0,0,0,0,0,0,0,0,4,0,39.9401,-75.2007, , 
53964,596555,2013086887,6,67,67301,2013,7,5,1634,16,1,1,0,5,1, , ,N,0,2,0,3,0,0,3,2,N,N,40 05:58.313,75 00:32.248,1642, ,1639,2,1,1,N, ,3,N, , , , , , , , ,2,2,0,0,0,0,0,0,0,0,0,0,0,0,0,0,1,1,0,0,0,0,0,0,0,0,0,0,0,0,0,0,0,0,0,0,0,40.0995,-75.009, , 
53965,596590,2013126149,6,67,67301,2013,12,4,1640,16,3,1,0,1,1, , ,N,0,0,0,3,0,0,3,3,N,N,39 59:06.115,75 05:39.774,1650, ,1640,1,1,1,N, ,0,N, , , , , , , , ,3,0,0,0,1,0,2,0,0,0,0,0,0,0,0,0,0,0,0,0,0,0,0,0,0,0,0,0,0,0,0,0,0,0,0,0,0,39.985,-75.0945, , 
53966,596606,2013075150,6,67,67301,2013,6,5,1024,10,1,1,0,1,1, , ,N,0,0,0,3,0,0,2,2,N,N,40 00:40.360,75 10:59.815,1026, ,1026,1,2,4,N, ,0,N, , , , , , , , ,2,0,0,0,0,0,2,0,0,0,0,0,0,0,0,0,0,0,0,0,1,0,0,0,0,0,0,0,0,0,0,0,0,0,0,0,0,40.0112,-75.1833, , 
53967,596621,2013096069,6,67,67301,2013,8,7,9999,99,3,1,0,8,1, , ,N,0,0,0,3,0,1,3,2,N, ,39 57:15.364,75 08:24.764,144, ,142, ,0, ,N, ,0, , , , , , , , , ,1,1,0,0,0,0,0,0,0,0,0,0,1,1,2,0,0,0,0,0,0,0,0,0,0,0,0,0,0,0,0,0,1,0,0,8,0,39.9543,-75.1402, , 
53968,596625,2013101217,6,67,67301,2013,9,5,1557,15,1,1,0,7,2, , ,N,1,0,0,3,0,1,2,3,N,N,39 55:38.651,75 08:42.007,1559, ,1559, ,0, , , ,0, , , , , , , , , ,3,2,0,0,0,0,1,0,0,0,0,1,1,0,0,0,0,0,0,0,1,0,0,0,0,0,0,0,0,0,0,0,0,0,0,4,0,39.9273,-75.1448, , 
53969,596632,2013106657,6,67,67301,2013,9,5,2225,22,3,1,0,1,1, , ,N,1,2,0,3,0,5,7,3,N,N,39 59:32.607,75 08:31.827,2230, ,2225, ,0, ,N, ,3, , , , , , , , , ,3,3,0,0,0,0,0,0,0,0,2,3,5,0,2,0,0,0,0,0,0,0,0,0,0,0,0,0,0,0,0,0,0,0,0,3,0,39.9923,-75.1422, , 
53970,596636,2013111782,6,67,67301,2013,10,4,1655,16,1,1,0,5,1, , ,N,0,0,0,3,0,1,1,4,N,N,40 03:01.015,75 07:38.913,1705, ,1700,1,2,5,N, ,0,Y, , , , , , , , ,4,2,0,0,0,0,2,0,0,0,0,1,1,0,0,0,0,0,0,0,0,0,0,0,0,0,0,0,0,0,0,0,0,0,0,4,0,40.0503,-75.1275, , 
53971,596639,2013062601,6,67,67301,2013,5,1,1225,12,1,2,1,4,1, , ,N,1,3,0,3,0,1,2,2,N,N,39 59:10.384,75 07:45.598,1235, ,1230, ,0, ,N, ,3, , , , , , , , , ,2,1,0,0,1,0,0,0,0,0,0,0,1,1,0,0,0,0,0,0,0,0,0,0,0,0,0,0,0,0,0,0,0,0,0,8,0,39.9862,-75.1293, , 
53972,596650,2013065355,6,67,67301,2013,5,6,2217,22,3,1,0,4,1, , ,N,1,2,0,3,0,0,2,2,N,N,39 57:40.435,75 08:47.767,2221, ,2219,3,1,4,N, ,3,Y, , , , , , , , ,2,2,0,0,0,0,0,0,0,0,0,0,0,0,0,0,0,0,0,0,0,0,0,0,0,0,0,0,0,0,0,0,0,0,0,0,0,39.9612,-75.1466, , 
53973,596653,2013070313,6,67,67301,2013,6,7,1400,14,1,1,0,4,1, , ,N,1,2,0,3,0,0,2,3,N,N,39 57:25.376,75 14:45.124,1405, ,1400,1,2,3,N, ,3,Y, , , , , , , , ,3,2,0,0,1,0,0,0,0,0,0,0,0,0,0,0,0,0,0,0,0,0,0,0,0,0,0,0,0,0,0,0,0,0,0,0,0,39.957,-75.2459, , 
53974,596668,2013095967,6,67,67301,2013,8,3,1736,17,1,1,0,5,6, , ,N,0,0,0,3,0,1,1,2,N, ,39 59:41.733,75 07:33.682,1736, ,1736, ,0, , , ,0, , , , , , , , , ,2,0,0,0,0,0,2,0,0,0,0,1,1,0,0,0,0,0,0,1,0,0,0,0,0,0,0,0,0,0,0,0,0,0,0,4,0,39.9949,-75.126, , 
53975,596670,2013098055,6,67,67301,2013,8,7,248,2,3,1,0,7,4, , ,N,0,0,0,3,0,7,7,1,N,N,39 58:54.163,75 12:26.377,250, ,248,1,2,3,N, ,0,N, , , , , , , , ,1,1,0,0,0,0,0,0,0,0,0,0,7,7,0,0,0,0,0,1,0,0,0,7,0,0,0,0,0,0,0,0,0,0,0,8,0,39.9817,-75.2073, , 
53976,596675,2013101767,6,67,67301,2013,9,4,1500,15,1,1,0,4,1, , ,N,2,0,0,3,0,1,2,2,N,N,39 56:30.962,75 10:39.593,1523, ,1519, ,0, , , ,0, , , , , , , , , ,1,0,0,0,1,0,0,0,1,0,0,1,1,0,0,0,0,0,0,0,0,0,0,0,0,0,0,0,0,0,0,0,0,0,0,4,0,39.9419,-75.1777, , 
53977,599753,2013093555,6,67,67301,2013,8,4,9999,99,1,1,0,5,1, , ,N,1,2,0,3,0,0,2,2,N,N,39 56:22.379,75 11:53.331,1246, ,1246, ,0, ,N, ,3, , , , , , , , , ,2,1,0,0,0,1,0,0,0,0,0,0,0,0,0,0,0,0,0,0,1,0,0,0,0,0,0,0,0,0,0,0,0,0,0,0,1,39.9395,-75.1981, , 
53978,599766,2013111714,6,67,67301,2013,10,4,1057,10,1,1,0,5,1, , ,N,2,2,0,3,0,1,3,2,N,N,39 57:07.268,75 09:45.490,1154, ,1151, ,0, ,N, ,3, , , , , , , , , ,2,0,0,2,0,0,0,0,0,0,0,0,1,1,0,0,0,0,0,0,0,0,0,0,0,0,0,0,0,0,0,0,0,0,0,8,2,39.952,-75.1626, , 
53979,599768,2013114443,6,67,67301,2013,10,7,1020,10,1,1,0,7,5, , ,N,0,0,0,3,0,2,2,1,N,N,40 06:43.063,75 01:37.934,1030, ,1020, ,0, ,N, ,0, , , , , , , , , ,1,0,0,0,0,0,1,0,0,0,0,2,2,0,0,0,0,0,0,0,0,0,0,0,0,0,0,0,0,0,0,0,0,0,0,4,0,40.112,-75.0272, , 
53980,599777,2013111809,6,67,67301,2013,10,6,1015,10,1,1,0,4,1, , ,N,1,2,0,3,0,1,2,2,N,N,39 58:24.024,75 14:05.125,1022, ,1022, ,0, ,N, ,3, , , , , , , , , ,2,1,0,0,0,0,0,1,0,0,0,1,1,0,0,0,0,0,0,0,0,0,0,0,0,0,0,0,0,0,0,0,0,0,0,4,0,39.9733,-75.2348, , 
53981,599784,2013074911,6,67,67301,2013,7,1,1421,14,1,1,0,1,1, , ,N,0,0,0,3,0,1,3,2,N,N,39 55:35.928,75 11:41.439,1438, ,1422,1,1,3,N, ,0,N, , , , , , , , ,2,2,0,0,0,0,0,0,0,0,0,1,1,0,0,0,0,0,0,0,1,0,1,0,0,0,0,0,0,0,0,0,0,0,0,4,0,39.9266,-75.1948, , 
53982,599815,2013108823,6,67,67301,2013,10,1,1403,14,1,1,0,2,1, , ,N,0,0,0,3,0,1,6,2,N,N,39 57:36.527,75 10:48.321,1419, ,1404,2,1,4,N, ,0,N, , , , , , , , ,2,1,0,0,0,0,1,0,0,0,0,1,1,0,0,0,0,0,0,0,1,0,0,0,0,0,0,0,0,0,0,0,0,0,0,4,0,39.9601,-75.1801, , 
53983,599819,2013130103,6,67,67301,2013,8,3,9999,99,2,1,0,1,1, , ,N,0,0,1,3,0,1,3,2,N,N,39 55:16.913,75 11:25.869,9999, ,9999, ,0, ,N, ,0, , , , , , , , , ,2,1,0,0,1,0,0,0,0,0,1,0,1,0,0,0,0,0,0,0,0,1,0,0,0,0,0,0,0,0,0,0,0,0,0,3,0,39.9214,-75.1905, , 
53984,599823,2014002746,6,67,67301,2013,11,5,10,0,3,1,0,7,4, , ,N,0,0,0,3,0,0,1,1,N,N,39 59:14.392,75 05:34.858,46, ,42,2,2,1,N, ,0,N, , , , , , , , ,1,0,0,0,0,0,1,0,0,0,0,0,0,0,0,0,0,0,0,0,0,0,0,0,0,0,0,0,0,0,0,0,0,0,0,0,0,39.9873,-75.093, , 
53985,599826,2013070206,6,67,67301,2013,6,5,2229,22,3,2,1,7,5, , ,N,0,0,0,3,0,0,1,1,N,N,40 03:48.185,75 12:01.571,2235, ,2229, ,0, , , ,0, , , , , , , , , ,1,1,0,0,0,0,0,0,0,0,0,0,0,0,0,0,0,0,0,0,0,0,0,0,0,0,0,0,0,0,0,0,0,0,0,0,0,40.0634,-75.2004, , 
53986,599827,2013070434,6,67,67301,2013,6,4,625,6,1,1,0,1,1, , ,N,1,2,0,3,0,0,2,2,N, ,40 06:51.342,74 59:16.507,645, ,628, ,0, , , ,3, , , , , , , , , ,2,0,0,0,0,0,1,0,0,0,0,0,0,0,0,0,0,0,0,0,1,0,0,0,0,0,0,0,0,0,0,0,0,0,0,0,0,40.1144,-74.9878, , 
53987,599842,2013101150,6,67,67301,2013,9,1,235,2,3,1,0,7,2, , ,N,2,0,0,3,0,0,1,1,N,N,40 06:12.718,75 01:41.845,237, ,236,2,2,5,N, ,0,Y, , , , , , , , ,1,1,0,0,0,0,0,0,0,0,0,0,0,0,0,0,0,0,0,0,0,0,0,0,0,0,0,0,0,0,0,0,0,0,0,0,0,40.1035,-75.0283, , 
53988,599873,2013123030,6,67,67301,2013,11,6,1145,11,1,2,1,1,1, , ,N,0,0,0,3,0,0,2,2,N,N,40 01:36.886,75 11:34.955,1155, ,1150, ,0, ,N, ,0, , , , , , , , , ,2,2,0,0,0,0,0,0,0,0,0,0,0,0,0,0,0,0,0,0,0,0,0,0,0,0,0,0,0,0,0,0,0,0,0,0,0,40.0269,-75.193, , 
53989,599886,2013125934,6,67,67301,2013,10,6,1404,14,1,1,0,4,1, , ,N,1,2,0,3,0,1,2,2,N,N,39 57:26.251,75 14:52.347,1435, ,1425, ,0, ,N, ,3, , , , , , , , , ,2,2,0,0,0,0,0,0,0,0,0,0,1,1,0,0,0,0,0,0,0,0,0,0,0,0,0,0,0,0,0,0,0,0,0,8,0,39.9573,-75.2479, , 
53990,599909,2013065454,6,67,67301,2013,5,2,1353,13,1,1,0,4,1, , ,N,2,0,0,3,0,1,2,2,N,N,40 01:51.513,75 07:43.510,1356, ,1355,1,1,1,N, ,0,N, , , , , , , , ,1,1,0,0,0,0,0,0,1,0,0,1,1,0,0,0,0,0,0,0,1,0,0,1,0,0,0,0,0,0,0,0,0,0,0,4,0,40.031,-75.1288, , 
53991,599916,2013074689,6,67,67301,2013,6,4,2008,20,4,1,0,4,1, , ,N,1,3,0,3,0,2,2,2,N,N,40 00:03.618,75 10:22.724,2013, ,2011, ,0, ,N, ,3, , , , , , , , , ,2,0,1,0,1,0,0,0,0,0,0,2,2,0,0,0,0,0,0,0,1,0,0,1,0,0,0,0,0,0,0,0,0,0,0,4,0,40.001,-75.173, , 
53992,599930,2013098348,6,67,67301,2013,9,5,55,0,3,1,0,5,1, , ,N,0,0,0,3,0,1,2,2,N,N,40 06:41.002,75 00:13.535,155, ,146, ,0, , , ,0, , , , , , , , , ,2,2,0,0,0,0,0,0,0,0,0,1,1,0,0,0,0,0,0,0,0,0,0,0,0,0,0,0,0,0,0,0,0,0,0,4,0,40.1114,-75.0038, , 
53993,599944,2013106639,6,67,67301,2013,9,3,849,8,1,1,0,4,1, , ,N,1,0,0,3,0,2,2,2,N,N,40 00:28.592,75 10:20.286,853, ,852, ,0, ,N, ,0, , , , , , , , , ,2,2,0,0,0,0,0,0,0,0,0,2,2,0,0,0,0,0,0,1,0,0,0,0,0,0,0,0,0,0,0,0,0,0,0,4,0,40.0079,-75.1723, , 
53994,599948,2013111899,6,67,67301,2013,10,7,2110,21,3,2,1,5,6, , ,N,0,0,0,3,0,1,2,2,N,N,39 59:56.817,75 06:31.316,2118, ,2118, ,0, ,N, ,0, , , , , , , , , ,1,1,0,0,0,0,0,0,1,0,0,1,1,0,0,0,0,0,0,0,0,0,0,0,0,0,0,0,0,0,0,0,0,0,0,4,0,39.9991,-75.1087, , 
53995,599967,2013106747,6,67,67301,2013,10,3,847,8,1,1,0,5,2, , ,N,0,0,0,3,0,0,1,3,N,N,39 55:40.810,75 10:50.505,855, ,850,2,2,2,N, ,0,Y, , , , , , , , ,3,3,0,0,0,0,0,0,0,0,0,0,0,0,0,0,0,0,0,0,0,0,0,1,0,0,0,0,0,0,0,0,0,0,0,0,0,39.928,-75.1807, , 
53996,602984,2014019134,6,67,67301,2013,12,4,1845,18,3,1,0,4,1, , ,N,1,2,0,3,0,3,4,2,N,N,40 00:04.340,75 13:35.009,1930, ,1925, ,0, ,N, ,3, , , , , , , , , ,2,2,0,0,0,0,0,0,0,0,0,3,3,0,0,0,0,0,0,0,0,0,0,0,0,0,0,0,0,0,0,0,0,0,0,4,0,40.0012,-75.2264, , 
53997,602992,2013126530,6,67,67301,2013,10,4,834,8,1,1,0,4,1, , ,N,1,2,0,3,0,1,5,5,N,N,40 05:07.441,75 02:14.475,836, ,835, ,0, ,N, ,3, , , , , , , , , ,5,2,0,0,0,0,1,1,0,0,1,0,1,0,0,0,0,0,0,0,1,0,1,0,0,0,0,0,0,0,0,0,0,0,0,3,0,40.0854,-75.0374, , 
53998,603003,2014001089,6,67,67301,2013,11,6,9999,99,3,1,0,4,1, , ,N,1,2,0,3,0,1,2,2,N, ,39 57:08.527,75 08:48.441,2041, ,2039, ,0, , , ,3, , , , , , , , , ,1,1,0,0,0,0,0,0,1,0,0,0,1,1,0,0,0,0,0,0,1,0,0,1,0,0,0,0,0,0,0,0,0,0,0,8,0,39.9524,-75.1468, , 
53999,603012,2013125924,6,67,67301,2013,11,7,1800,18,4,1,0,4,1, , ,N,2,2,0,3,0,2,2,2,N,N,40 02:13.022,75 08:42.708,1934, ,1931, ,0, ,N, ,3, , , , , , , , , ,2,1,1,0,0,0,0,0,0,0,0,1,2,1,0,0,0,0,0,0,1,0,0,0,0,0,0,0,0,0,0,0,0,0,0,4,0,40.0369,-75.1451, , 
54000,603027,2013121125,6,67,67301,2013,11,4,1627,16,4,2,1,7,2, , ,N,0,0,0,3,0,2,3,1,N,N,39 57:10.833,75 08:29.463,1646, ,1634, ,0, ,N, ,0, , , , , , , , , ,1,0,0,0,1,0,0,0,0,0,0,2,2,0,0,0,0,0,0,0,0,0,0,0,0,0,0,0,0,0,0,0,0,0,0,4,0,39.953,-75.1415, , 
54001,603029,2013121747,6,67,67301,2013,11,6,1938,19,3,1,1,1,1, , ,N,0,0,0,3,0,1,2,2,N,N,39 59:52.158,75 11:46.067,1959, ,1946,2,1,3,N, ,0,N, , , , , , , , ,2,2,0,0,0,0,0,0,0,0,0,1,1,0,0,0,0,0,0,0,0,0,0,0,0,0,0,0,0,0,0,0,0,0,0,4,0,39.9978,-75.1961, , 
54002,603049,2013070423,6,67,67301,2013,6,4,2137,21,3,1,0,5,1, , ,N,0,0,0,3,0,5,6,2,N,N,40 02:59.528,75 07:29.136,2148, ,2148, ,0, ,N, ,0, , , , , , , , , ,2,2,0,0,0,0,0,0,0,0,0,2,5,3,0,0,0,0,0,0,0,0,0,4,0,0,0,0,0,0,0,0,0,0,0,4,0,40.0499,-75.1248, , 
54003,603050,2013070441,6,67,67301,2013,6,6,1430,14,1,1,0,8,1, , ,N,0,0,0,3,0,1,2,2,N,N,40 00:20.898,75 08:03.476,1430, ,1430, ,0, , , ,0, , , , , , , , , ,1,1,0,0,0,0,0,0,0,0,0,1,1,0,0,0,0,0,0,0,0,0,0,0,0,0,0,0,0,0,0,0,1,0,0,4,0,40.0058,-75.1343, , 
54004,603052,2013070931,6,67,67301,2013,6,2,1847,18,1,2,1,1,1, , ,N,1,2,0,3,0,0,6,2,N,N,39 55:47.706,75 08:39.988,1850, ,1848, ,0, ,N, ,3, , , , , , , , , ,2,2,0,0,0,0,0,0,0,0,0,0,0,0,4,0,0,0,0,0,0,0,0,3,0,0,0,0,0,0,0,0,0,0,0,9,0,39.9298,-75.1442, , 
54005,603053,2013070955,6,67,67301,2013,6,2,703,7,1,1,0,1,1, , ,N,0,2,6,3,0,1,2,2,N,N,40 01:44.281,75 06:02.411,715, ,705,1,1,2,N, ,3,N, , , , , , , , ,2,2,0,0,0,0,0,0,0,0,0,1,1,0,0,0,0,0,0,0,0,0,0,0,0,0,0,0,0,0,0,0,0,0,0,4,0,40.029,-75.1007, , 