objectid_1,objectid,crn,district,county,municipality,crash_year,crash_month,day_of_week,time_of_day,hour_of_day,illumination,weather,road_condition,collision_type,relation_to_road,work_zone_type,work_zone_loc,work_zone_ind,intersect_type,tcd_type,location_type,urban_rural,fatal_count,injury_count,person_count,total_units,sch_bus_ind,sch_zone_ind,latitude,longitude,arrival_tm,cons_zone_spd_lim,dispatch_tm,est_hrs_closed,lane_closed,ln_close_dir,ntfy_hiwy_maint,spec_juris_cd,tcd_func_cd,tfc_detour_ind,workers_pres,wz_close_detour,wz_flagger,wz_law_offcr_ind,wz_ln_closure,wz_moving,wz_other,wz_shlder_mdn,vehicle_count,automobile_count,motorcycle_count,bus_count,small_truck_count,heavy_truck_count,suv_count,van_count,bicycle_count,maj_inj_count,mod_inj_count,min_inj_count,tot_inj_count,unk_inj_deg_count,unk_inj_per_count,driver_count_16yr,driver_count_17yr,driver_count_18yr,driver_count_19yr,driver_count_20yr,driver_count_50_64yr,driver_count_65_74yr,driver_count_75plus,unbelted_occ_count,unb_death_count,unb_maj_inj_count,belted_death_count,belted_maj_inj_count,mcycle_death_count,mcycle_maj_inj_count,bicycle_death_count,bicycle_maj_inj_count,ped_count,ped_death_count,ped_maj_inj_count,max_severity_level,comm_veh_count,dec_lat,dec_long,rdwy_surf_type_cd,county_name
54545,598027,2013104137,6,67,67301,2013,10,3,1717,17,1,1,0,1,1, , ,N,0,0,0,3,0,2,4,3,N,N,39 58:55.152,75 06:03.147,1737, ,1737,1,2,1,N, ,0,N, , , , , , , , ,3,3,0,0,0,0,0,0,0,0,0,0,2,2,0,0,0,1,0,0,2,0,0,0,0,0,0,0,0,0,0,0,0,0,0,8,0,39.9819,-75.101, , 
54546,598035,2013115347,6,67,67301,2013,10,6,9999,99,1,1,0,8,1, , ,N,0,0,0,3,0,1,2,2,N, ,39 58:27.163,75 09:24.591,1450, ,1430, ,0, , , ,0, , , , , , , , , ,1,1,0,0,0,0,0,0,0,0,0,0,1,1,0,0,0,0,0,0,1,0,0,0,0,0,0,0,0,0,0,0,1,0,0,8,0,39.9742,-75.1568, , 
54547,598073,2013107144,6,67,67301,2013,9,7,1155,11,1,1,0,5,1, , ,N,0,0,0,3,0,1,2,2,N,N,39 58:30.083,75 08:18.103,1205, ,1201, ,0, ,N, ,0, , , , , , , , , ,1,1,0,0,0,0,0,0,1,0,0,1,1,0,0,0,0,0,0,0,0,1,0,0,0,0,0,0,0,0,0,0,0,0,0,4,0,39.975,-75.1384, , 
54548,598089,2013111894,6,67,67301,2013,10,1,728,7,1,1,0,7,7, , ,N,7,0,2,3,0,0,1,1,N,N,39 57:29.062,75 09:48.297,728, ,726, ,0, ,N, ,0, , , , , , , , , ,1,1,0,0,0,0,0,0,0,0,0,0,0,0,0,0,0,0,0,0,0,0,0,0,0,0,0,0,0,0,0,0,0,0,0,0,0,39.9582,-75.1643, , 
54549,598097,2013120048,6,67,67301,2013,11,3,912,9,1,1,0,4,1, , ,N,0,0,0,3,0,1,3,2,N,N,39 59:52.267,75 11:46.009,936, ,915, ,0, ,N, ,0, , , , , , , , , ,2,0,0,0,2,0,0,0,0,0,0,1,1,0,0,0,0,0,0,0,0,0,0,0,0,0,0,0,0,0,0,0,0,0,0,4,0,39.9979,-75.1961, , 
54550,598118,2013103919,6,67,67301,2013,9,3,1920,19,3,1,0,6,1, , ,N,0,0,0,3,0,0,4,2,N,N,39 56:03.598,75 14:09.794,1935, ,1923,3,1,1,N, ,0,N, , , , , , , , ,2,2,0,0,0,0,0,0,0,0,0,0,0,0,1,0,0,0,0,0,1,0,0,0,0,0,0,0,0,0,0,0,0,0,0,9,0,39.9343,-75.2361, , 
54551,598135,2013118936,6,67,67301,2013,11,4,1915,19,1,1,0,0,7, , ,N,6,0,2,3,0,0,3,3,N,N,39 57:36.081,75 08:25.288,1915, ,1915, ,0, ,N, ,0, , , , , , , , , ,3,3,0,0,0,0,0,0,0,0,0,0,0,0,0,0,0,0,0,0,1,0,0,0,0,0,0,0,0,0,0,0,0,0,0,0,0,39.9599,-75.1404, , 
54552,598149,2013077402,6,67,67301,2013,7,4,1625,16,1,1,0,4,1, , ,N,0,0,7,3,0,0,2,2,N,N,39 59:46.270,75 05:32.640,1650, ,1644,1,1,3, , ,0,N, , , , , , , , ,2,1,0,0,0,0,0,1,0,0,0,0,0,0,1,0,0,0,0,0,0,0,0,0,0,0,0,0,0,0,0,0,0,0,0,9,0,39.9962,-75.0924, , 
54553,598177,2013116043,6,67,67301,2013,11,1,1816,18,3,1,0,7,3, , ,N,0,0,2,3,0,0,1,1,N,N,39 54:44.910,75 10:26.939,1818, ,1816, ,0, ,N, ,0, , , , , , , , , ,1,1,0,0,0,0,0,0,0,0,0,0,0,0,0,0,0,0,0,1,0,0,0,0,0,0,0,0,0,0,0,0,0,0,0,0,0,39.9125,-75.1741, , 
54554,598187,2013070538,6,67,67301,2013,6,5,9999,99,1,1,1,4,1, , ,N,1,3,0,3,0,1,3,5,N, ,39 56:22.362,75 09:21.970,1923, ,1915, ,0, , , ,3, , , , , , , , , ,5,4,0,0,0,0,1,0,0,0,0,1,1,0,0,0,0,0,0,0,1,0,0,0,0,0,0,0,0,0,0,0,0,0,0,4,0,39.9395,-75.1561, , 
54555,598196,2013086844,6,67,67301,2013,7,4,949,9,1,1,0,4,1, , ,N,1,2,0,3,0,1,2,2,N,N,39 57:58.751,75 10:45.335,1016, ,1012, ,0, , , ,3, , , , , , , , , ,1,1,0,0,0,0,0,0,1,0,0,1,1,0,0,0,0,0,0,0,0,0,0,0,0,0,0,0,0,0,0,0,0,0,0,4,0,39.9663,-75.1793, , 
54556,598210,2013101207,6,67,67301,2013,9,3,9999,99,3,1,0,4,1, , ,N,0,0,0,3,0,1,2,2,N,N,40 02:15.916,75 10:35.032,2150, ,2150, ,0, ,N, ,0, , , , , , , , , ,2,1,0,0,0,0,0,0,0,0,0,0,1,1,0,0,0,0,0,0,0,0,0,0,0,0,0,0,0,0,0,0,0,0,0,8,0,40.0378,-75.1764, , 
54557,598217,2013109345,6,67,67301,2013,9,7,1650,16,1,1,0,8,1, , ,N,1,2,0,3,0,1,2,2,N, ,39 58:50.338,75 14:47.383,1654, ,1652,2,2,5, , ,3,Y, , , , , , , , ,1,1,0,0,0,0,0,0,0,0,0,0,1,1,0,0,0,0,0,0,0,1,0,0,0,0,0,0,0,0,0,0,1,0,0,8,0,39.9806,-75.2465, , 
54558,598240,2013063442,6,67,67301,2013,5,6,822,8,1,1,0,4,1, , ,N,1,2,0,3,0,1,2,2,N,Y,39 58:23.685,75 12:43.721,824, ,823,1,1,7,N, ,3,N, , , , , , , , ,2,0,0,0,0,0,2,0,0,0,0,0,1,1,0,0,0,0,0,0,1,0,0,0,0,0,0,0,0,0,0,0,0,0,0,8,0,39.9732,-75.2121, , 
54559,598244,2013084023,6,67,67301,2013,7,4,1845,18,1,1,0,7,3, , ,N,1,2,0,3,0,1,1,1,N,N,40 03:24.231,75 03:38.871,1855, ,1854, ,0, ,N, ,3, , , , , , , , , ,1,1,0,0,0,0,0,0,0,0,1,0,1,0,0,0,0,0,0,0,0,1,0,0,0,0,0,0,0,0,0,0,0,0,0,3,0,40.0567,-75.0608, , 
54560,601003,2013055467,6,67,67301,2013,5,5,1432,14,1,1,0,4,1, , ,N,1,2,0,3,0,2,3,2,N,N,39 56:37.392,75 09:01.267,1435, ,1433,1,1,1,N, ,3,N, , , , , , , , ,2,1,0,0,0,0,1,0,0,0,0,2,2,0,0,0,0,0,0,0,0,0,0,0,0,0,0,0,0,0,0,0,0,0,0,4,0,39.9437,-75.1504, , 
54561,601015,2013065347,6,67,67301,2013,5,6,9999,99,1,1,0,4,1, , ,N,0,0,0,3,0,1,2,2,N, ,39 55:35.898,75 10:39.071,9999, ,9999, ,0, , , ,0, , , , , , , , , ,1,1,0,0,0,0,0,0,1,0,0,0,1,1,0,0,0,0,0,0,0,0,0,0,0,0,0,0,0,0,0,0,0,0,0,8,0,39.9266,-75.1775, , 
54562,601019,2013070412,6,67,67301,2013,6,1,137,1,3,1,0,7,5, , ,N,0,0,0,3,0,1,3,1,N,N,39 59:59.142,75 11:13.626,142, ,141, ,0, ,N, ,0, , , , , , , , , ,1,1,0,0,0,0,0,0,0,0,0,1,1,0,0,0,0,0,0,1,0,0,0,1,0,0,0,0,0,0,0,0,0,0,0,4,0,39.9998,-75.1871, , 
54563,601026,2013080067,6,67,67301,2013,7,6,940,9,1,1,0,1,1, , ,N,0,0,0,3,0,1,3,3,N,N,39 59:30.845,75 05:59.088,950, ,945, ,0, ,N, ,0, , , , , , , , , ,3,1,0,0,0,0,2,0,0,0,0,1,1,0,0,0,0,0,0,0,0,1,0,0,0,0,0,0,0,0,0,0,0,0,0,4,0,39.9918,-75.0998, , 
54564,601030,2013086950,6,67,67301,2013,8,4,1305,13,1,2,1,7,2, , ,N,0,0,7,3,0,0,1,1,N,N,40 01:06.620,75 12:50.310,1307, ,1305, ,0, ,N, ,0, , , , , , , , , ,1,1,0,0,0,0,0,0,0,0,0,0,0,0,0,0,0,0,0,0,0,1,0,0,0,0,0,0,0,0,0,0,0,0,0,0,0,40.0185,-75.214, , 
54565,601068,2013074719,6,67,67301,2013,6,4,1520,15,1,1,0,8,1, , ,N,1,2,0,3,0,1,2,2,N,N,39 57:26.794,75 10:20.564,1530, ,1525, ,0, ,N, ,3, , , , , , , , , ,1,0,0,0,1,0,0,0,0,0,0,1,1,0,0,0,0,0,0,0,0,0,0,0,0,0,0,0,0,0,0,0,1,0,0,4,0,39.9574,-75.1724, , 
54566,601090,2013079546,6,67,67301,2013,7,3,1504,15,1,1,0,1,1, , ,N,0,2,0,3,0,1,2,2,N, ,40 03:06.619,75 00:26.180,1510, ,1505, ,0, , , ,3, , , , , , , , , ,2,2,0,0,0,0,0,0,0,0,0,1,1,0,0,0,0,0,0,0,1,0,0,0,0,0,0,0,0,0,0,0,0,0,0,4,0,40.0518,-75.0073, , 
54567,601091,2013079982,6,67,67301,2013,7,1,2135,21,2,2,1,1,1, , ,N,0,0,0,3,0,2,3,4,N,N,39 53:43.263,75 13:53.707,2148, ,2137,3,1,1,N, ,0,N, , , , , , , , ,3,2,0,0,0,0,0,1,0,0,0,2,2,0,0,0,0,0,0,0,0,0,0,0,0,0,0,0,0,0,0,0,1,0,0,4,0,39.8953,-75.2316, , 
54568,601101,2013086184,6,67,67301,2013,7,6,1425,14,1,1,0,4,1, , ,N,1,2,0,3,0,1,2,2,N,N,39 58:37.164,75 09:21.596,1430, ,1430, ,0, , , ,3, , , , , , , , , ,2,0,0,0,0,0,2,0,0,0,0,1,1,0,0,0,0,0,0,0,1,0,0,2,0,0,0,0,0,0,0,0,0,0,0,4,0,39.977,-75.156, , 
54569,601122,2013074775,6,67,67301,2013,6,7,1340,13,1,1,0,1,1, , ,N,2,2,0,3,0,2,3,2,N,N,39 58:49.494,75 14:02.566,1600, ,1345, ,0, , , ,3, , , , , , , , , ,2,1,0,0,0,0,1,0,0,0,1,1,2,0,1,0,0,0,0,0,0,0,0,0,0,0,0,0,0,0,0,0,0,0,0,3,0,39.9804,-75.234, , 
54570,601142,2013114449,6,67,67301,2013,10,6,2004,20,3,1,0,4,1, , ,N,1,0,0,3,0,2,3,2,N, ,40 02:02.889,75 04:57.211,2012, ,2009, ,0, , , ,0, , , , , , , , , ,2,2,0,0,0,0,0,0,0,0,0,2,2,0,0,0,0,0,0,0,1,0,0,0,0,0,0,0,0,0,0,0,0,0,0,4,0,40.0332,-75.0833, , 
54571,601146,2013066695,6,67,67301,2013,3,3,1700,17,4,1,0,4,1, , ,N,1,2,0,3,0,3,4,2,N,N,39 58:15.025,75 07:42.233,0, ,0, ,0, ,N, ,9, , , , , , , , , ,2,1,0,0,0,0,0,1,0,0,0,0,3,3,1,0,0,0,0,1,0,0,0,0,0,0,0,0,0,0,0,0,0,0,0,8,0,39.9708,-75.1284, , 
54572,601172,2013096473,6,67,67301,2013,8,4,1610,16,1,1,0,5,2, , ,N,2,0,0,3,0,1,2,3,N,N,40 00:29.884,75 08:37.479,1611, ,1611, ,0, ,N, ,0, , , , , , , , , ,3,0,0,0,1,0,1,1,0,0,0,0,1,1,0,0,0,0,0,0,0,0,0,0,0,0,0,0,0,0,0,0,0,0,0,8,0,40.0083,-75.1437, , 
54573,601184,2013070118,6,67,67301,2013,6,6,2227,22,3,2,1,1,1, , ,N,0,0,0,3,0,0,2,2,N,N,39 55:14.210,75 12:51.638,25, ,9, ,0, ,N, ,0, , , , , , , , , ,2,1,0,0,1,0,0,0,0,0,0,0,0,0,0,0,0,0,0,0,0,0,0,0,0,0,0,0,0,0,0,0,0,0,0,0,0,39.9206,-75.2143, , 
54574,601185,2013070910,6,67,67301,2013,6,4,725,7,1,1,0,4,1, , ,N,1,3,0,3,0,1,2,2,N,N,39 57:16.398,75 08:41.020,733, ,731, ,0, ,N, ,3, , , , , , , , , ,2,2,0,0,0,0,0,0,0,0,0,1,1,0,0,0,0,0,0,0,1,0,0,0,0,0,0,0,0,0,0,0,0,0,0,4,0,39.9546,-75.1447, , 
54575,601213,2013103930,6,67,67301,2013,9,1,9999,99,3,2,1,4,1, , ,N,1,2,0,3,0,1,2,2,N,N,40 02:55.097,75 08:41.622,50, ,43, ,0, ,N, ,3, , , , , , , , , ,2,1,0,0,0,0,0,0,0,0,0,0,1,1,0,0,0,0,0,0,1,0,0,0,0,0,0,0,0,0,0,0,0,0,0,8,0,40.0486,-75.1449, , 
54576,601222,2013121347,6,67,67301,2013,10,7,1328,13,1,1,0,4,1, , ,N,1,0,0,3,0,2,2,2,N,N,40 02:07.388,75 04:52.889,1340, ,1329, ,0, ,N, ,0, , , , , , , , , ,2,2,0,0,0,0,0,0,0,0,2,0,2,0,0,0,0,0,0,0,0,0,0,0,0,0,0,0,0,0,0,0,0,0,0,3,0,40.0344,-75.0822, , 
54577,601229,2013079532,6,67,67301,2013,7,7,1200,12,1,1,0,4,1, , ,N,1,3,0,3,0,1,2,5,N,N,39 56:56.040,75 14:44.033,1201, ,1201,3,2,6, , ,3,Y, , , , , , , , ,5,5,0,0,0,0,0,0,0,0,0,0,1,1,0,0,0,0,0,0,0,0,0,0,0,0,0,0,0,0,0,0,0,0,0,8,0,39.9489,-75.2456, , 
54578,602788,2013129474,6,67,67301,2013,11,4,1230,12,1,1,0,4,7, , ,N,5,2,2,3,0,0,2,2,N,N,39 57:27.542,75 09:44.544,1240, ,1235, ,0, , , ,3, , , , , , , , , ,2,1,0,0,1,0,0,0,0,0,0,0,0,0,0,0,0,0,0,0,0,0,0,0,0,0,0,0,0,0,0,0,0,0,0,0,0,39.9577,-75.1624, , 
54579,602796,2014009794,6,67,67301,2013,12,2,1756,17,3,2,1,8,1, , ,N,1,2,0,3,0,1,2,2,N, ,40 02:48.424,75 04:13.037,1230, ,1224, ,0, , , ,3, , , , , , , , , ,1,0,0,0,0,0,0,0,0,0,0,1,1,0,1,0,0,0,0,0,0,0,0,0,0,0,0,0,0,0,0,0,1,0,0,4,0,40.0468,-75.0703, , 
54580,602797,2014013541,6,67,67301,2013,12,6,1505,15,1,1,0,7,4, , ,N,0,0,0,3,0,0,1,1,N,N,40 06:02.746,74 59:10.780,1606, ,1521,9,2,6, , ,0,Y, , , , , , , , ,1,0,0,0,1,0,0,0,0,0,0,0,0,0,1,0,0,0,0,0,1,0,0,0,0,0,0,0,0,0,0,0,0,0,0,9,0,40.1008,-74.9863, , 
54581,602807,2013084026,6,67,67301,2013,7,1,818,8,1,1,0,4,1, , ,N,1,2,0,3,0,1,2,2,N,N,39 56:16.512,75 13:52.078,825, ,820, ,0, ,N, ,3, , , , , , , , , ,2,1,0,0,0,0,0,0,0,0,0,1,1,0,0,0,0,0,0,0,1,0,0,0,0,0,0,0,0,0,0,0,0,0,0,4,0,39.9379,-75.2311, , 
54582,602818,2013093679,6,67,67301,2013,9,4,1450,14,1,1,0,1,1, , ,N,6,0,2,3,0,1,2,2,N,N,39 56:58.330,75 11:03.646,1515, ,1502, ,0, ,N, ,0, , , , , , , , , ,2,1,0,0,0,0,1,0,0,0,0,0,1,1,0,0,0,0,0,0,1,0,0,0,0,0,0,0,0,0,0,0,0,0,0,8,0,39.9495,-75.1843, , 
54583,602822,2013096482,6,67,67301,2013,8,1,140,1,3,1,0,5,7, , ,N,6,0,8,3,0,0,2,2,N,N,40 00:23.138,75 11:35.350,147, ,142,1,1,1,N, ,0,N, , , , , , , , ,2,2,0,0,0,0,0,0,0,0,0,0,0,0,0,0,0,0,0,0,0,0,0,0,0,0,0,0,0,0,0,0,0,0,0,0,0,40.0068,-75.1927, , 
54584,602833,2013106598,6,67,67301,2013,9,1,1700,17,1,1,0,4,1, , ,N,1,2,0,3,0,4,7,3,N,N,39 57:04.796,75 11:57.319,1700, ,1700, ,0, ,N, ,3, , , , , , , , , ,3,3,0,0,0,0,0,0,0,0,0,0,4,4,0,0,0,0,0,0,0,0,0,0,0,0,0,0,0,0,0,0,0,0,0,8,0,39.9513,-75.1991, , 
54585,602834,2013106661,6,67,67301,2013,10,3,937,9,1,1,0,4,1, , ,N,1,2,0,3,0,1,2,2,N,N,40 01:51.528,75 07:27.728,1015, ,1008, ,0, ,N, ,3, , , , , , , , , ,1,0,0,0,1,0,0,0,1,0,0,0,1,1,0,0,0,0,0,0,1,0,0,0,0,0,0,0,0,0,0,0,0,0,0,8,0,40.031,-75.1244, , 
54586,602861,2013098353,6,67,67301,2013,8,3,9999,99,1,1,0,7,2, , ,N,1,2,0,3,0,1,1,1,N,N,39 58:51.174,75 14:47.541,1323, ,1318,2,1,1,N, ,3,N, , , , , , , , ,1,0,0,0,0,0,0,1,0,0,1,0,1,0,0,0,0,0,0,0,0,0,0,0,0,0,0,0,0,0,0,0,0,0,0,3,0,39.9809,-75.2465, , 
54587,602867,2013104015,6,67,67301,2013,9,4,9999,99,6,1,0,2,1, , ,N,0,0,0,3,0,1,2,2,N, ,40 02:39.420,75 03:14.715,2015, ,2013,1,1,3, , ,0,N, , , , , , , , ,2,2,0,0,0,0,0,0,0,0,0,1,1,0,0,0,0,0,0,1,1,0,0,0,0,0,0,0,0,0,0,0,0,0,0,4,0,40.0443,-75.0541, , 
54588,602868,2013104038,6,67,67301,2013,9,7,1420,14,1,1,0,1,1, , ,N,1,2,0,3,0,4,5,2,N,N,40 01:15.937,75 08:23.758,1427, ,1425, ,0, ,N, ,3, , , , , , , , , ,2,1,0,1,0,0,0,0,0,0,3,0,4,1,0,0,0,0,0,0,0,0,0,0,0,0,0,0,0,0,0,0,0,0,0,3,1,40.0211,-75.1399, , 
54589,602913,2014001099,6,67,67301,2013,11,2,9999,99,1,1,0,8,1, , ,N,0,0,0,3,0,1,3,2,N, ,39 59:44.962,75 10:03.068,831, ,827, ,0, , , ,0, , , , , , , , , ,1,0,0,0,0,1,0,0,0,0,0,1,1,0,0,0,0,0,0,0,0,0,0,0,0,0,0,0,0,0,0,0,1,0,0,4,1,39.9958,-75.1675, , 
54590,602914,2014003337,6,67,67301,2013,12,3,1630,16,1,4,4,4,1, , ,N,1,0,0,3,0,2,2,2,N, ,39 57:32.806,75 09:29.825,1640, ,1637, ,0, , , ,0, , , , , , , , , ,2,0,0,0,1,0,1,0,0,0,1,1,2,0,0,0,0,0,0,0,0,0,0,0,0,0,0,0,0,0,0,0,0,0,0,3,0,39.9591,-75.1583, , 
54591,602945,2013109454,6,67,67301,2013,10,5,1720,17,1,1,0,1,2, , ,N,0,0,0,3,0,1,2,2,N, ,40 02:22.049,75 04:38.444,1730, ,1724, ,0, , , ,0, , , , , , , , , ,2,2,0,0,0,0,0,0,0,0,0,1,1,0,0,0,0,0,0,0,1,1,0,0,0,0,0,0,0,0,0,0,0,0,0,4,0,40.0454,-75.0716, , 
54592,602948,2013111762,6,67,67301,2013,10,1,1551,15,1,1,0,4,1, , ,N,1,3,0,3,0,4,4,2,N,N,40 03:20.170,75 10:52.667,1558, ,1552,1,2,5,N, ,3,Y, , , , , , , , ,2,2,0,0,0,0,0,0,0,0,0,4,4,0,0,0,0,0,0,0,0,0,0,0,0,0,0,0,0,0,0,0,0,0,0,4,0,40.0556,-75.1813, , 
54593,602965,2013121564,6,67,67301,2013,10,6,1420,14,1,2,1,1,1, , ,N,0,0,2,3,0,1,2,2,N,N,40 02:42.695,75 00:08.630,1430, ,1420,1,1,2,N, ,0,N, , , , , , , , ,2,2,0,0,0,0,0,0,0,0,0,1,1,0,0,0,0,0,0,0,1,0,0,0,0,0,0,0,0,0,0,0,0,0,0,4,0,40.0452,-75.0024, , 
54594,602980,2014002738,6,67,67301,2013,11,4,705,7,1,2,1,7,2, , ,N,0,0,0,3,0,0,1,1,N,N,39 59:07.567,75 12:08.754,715, ,715, ,0, ,N, ,0, , , , , , , , , ,1,1,0,0,0,0,0,0,0,0,0,0,0,0,0,0,0,0,0,0,0,0,0,0,0,0,0,0,0,0,0,0,0,0,0,0,0,39.9854,-75.2024, , 
54595,602983,2014013133,6,67,67301,2013,12,6,2101,21,3,1,0,4,1, , ,N,1,2,0,3,0,1,2,2,N,N,39 57:04.747,75 11:57.329,2105, ,2101, ,0, ,N, ,3, , , , , , , , , ,2,1,0,0,0,0,0,1,0,0,0,0,1,1,0,0,0,0,0,0,1,0,0,0,0,0,0,0,0,0,0,0,0,0,0,8,0,39.9513,-75.1991, , 
54596,595283,2013123009,6,67,67301,2013,11,5,1110,11,1,1,0,4,1, , ,N,3,3,0,3,0,4,4,2,N, ,40 00:42.976,75 09:22.903,1132, ,1128,2,2,5, , ,3,Y, , , , , , , , ,2,2,0,0,0,0,0,0,0,0,0,3,4,1,0,0,0,1,0,0,0,0,0,0,0,0,0,0,0,0,0,0,0,0,0,4,0,40.0119,-75.1564, , 
54597,595287,2013125918,6,67,67301,2013,11,4,9999,99,1,1,6,4,1, , ,N,0,0,7,3,0,1,3,3,N, ,39 56:24.071,75 11:52.662,800, ,752, ,0, , , ,0, , , , , , , , , ,3,1,0,0,1,0,1,0,0,0,0,1,1,0,2,0,0,0,0,0,0,0,0,0,0,0,0,0,0,0,0,0,0,0,0,4,0,39.94,-75.198, , 
54598,595324,2013086216,6,67,67301,2013,7,6,9999,99,1,1,0,8,2, , ,N,0,0,0,3,0,1,2,2,N,N,40 02:19.454,75 10:18.227,1628, ,1623, ,0, ,N, ,0, , , , , , , , , ,1,0,0,0,0,0,0,0,0,0,0,1,1,0,0,0,0,0,0,0,0,0,0,0,0,0,0,0,0,0,0,0,1,0,0,4,0,40.0387,-75.1717, , 
54599,595339,2013111723,6,67,67301,2013,10,5,2205,22,3,2,1,5,5, , ,N,0,0,0,3,0,2,3,3,N,N,40 00:37.478,75 11:06.656,2232, ,2224, ,0, ,N, ,0, , , , , , , , , ,3,2,0,0,0,0,0,0,0,0,0,2,2,0,0,0,0,0,0,1,1,0,0,0,0,0,0,0,0,0,0,0,0,0,0,4,0,40.0104,-75.1852, , 
54600,595343,2013062620,6,67,67301,2013,5,7,2225,22,2,1,0,4,1, , ,N,1,3,0,3,0,1,3,2,N,N,40 00:03.643,75 07:25.222,2228, ,2228, ,0, , , ,3, , , , , , , , , ,2,2,0,0,0,0,0,0,0,0,0,1,1,0,1,0,0,0,0,1,0,0,0,0,0,0,0,0,0,0,0,0,0,0,0,4,0,40.001,-75.1237, , 
54601,595345,2013065592,6,67,67301,2013,6,1,342,3,3,1,0,4,1, , ,N,0,0,0,3,0,1,2,3,N, ,40 03:05.229,75 04:56.238,346, ,344, ,0, , , ,0, , , , , , , , , ,2,2,0,0,0,0,0,0,0,0,1,0,1,0,0,0,0,0,0,0,0,0,0,0,0,0,0,0,0,0,0,0,0,0,0,3,0,40.0515,-75.0823, , 
54602,595351,2013084410,6,67,67301,2013,7,1,2005,20,1,1,0,1,1,8,8,Y,1,2,0,3,0,1,2,2,N,N,39 57:20.286,75 12:08.187,2010,99,2007, ,0, ,N, ,3, ,U,U,U,U,U,U,U,U,2,1,0,0,0,0,1,0,0,0,0,0,1,1,0,0,0,0,0,0,0,0,0,0,0,0,0,0,0,0,0,0,0,0,0,8,0,39.9556,-75.2023, , 
54603,595357,2013086854,6,67,67301,2013,7,1,2159,21,3,1,0,4,1, , ,N,1,2,0,3,0,1,4,2,N, ,40 01:57.808,75 04:19.924,2320, ,2259, ,0, , , ,3, , , , , , , , , ,2,1,0,0,1,0,0,0,0,0,0,0,1,1,0,0,0,0,0,0,0,0,0,0,0,0,0,0,0,0,0,0,0,0,0,8,0,40.0327,-75.0722, , 
54604,595358,2013086972,6,67,67301,2013,8,2,1140,11,1,1,0,8,1, , ,N,1,2,0,3,0,1,3,2,N, ,39 56:48.166,75 09:45.464,1140, ,1140,1,1,1, , ,3,Y, , , , , , , , ,1,0,0,0,0,0,0,1,0,0,0,0,1,1,0,0,0,0,0,0,1,0,0,0,0,0,0,0,0,0,0,0,1,0,0,8,0,39.9467,-75.1626, , 
54605,595371,2013101742,6,67,67301,2013,9,6,1010,10,1,1,0,4,1, , ,N,2,2,0,3,0,3,3,2,N,N,39 58:34.521,75 12:33.579,1011, ,1010,1,1,6,N, ,3,N, , , , , , , , ,2,2,0,0,0,0,0,0,0,0,0,0,3,3,0,0,0,0,0,0,0,0,0,0,0,0,0,0,0,0,0,0,0,0,0,8,0,39.9763,-75.2093, , 
54606,595379,2013114981,6,67,67301,2013,11,4,1634,16,4,1,0,1,1, , ,N,0,0,0,3,0,3,4,3,N,N,39 58:49.821,75 06:14.920,1640, ,1640,2,2,1,N, ,0,N, , , , , , , , ,3,2,0,0,0,0,1,0,0,0,0,1,3,2,0,0,0,0,0,0,2,0,0,0,0,0,0,0,0,0,0,0,0,0,0,4,0,39.9804,-75.1043, , 
54607,595382,2013121572,6,67,67301,2013,10,6,415,4,3,1,0,5,1, , ,N,0,0,0,3,0,1,2,3,N,N,39 58:14.170,75 08:41.769,420, ,417, ,0, ,N, ,0, , , , , , , , , ,3,1,0,0,0,0,2,0,0,0,0,1,1,0,0,0,0,0,0,0,0,0,0,0,0,0,0,0,0,0,0,0,0,0,0,4,0,39.9706,-75.1449, , 
54608,595393,2013065281,6,67,67301,2013,5,6,1540,15,1,1,0,8,1, , ,N,0,0,0,3,0,1,3,2,N,N,39 57:28.828,75 13:16.776,1554, ,1551, ,0, ,N, ,0, , , , , , , , , ,1,1,0,0,0,0,0,0,0,0,0,1,1,0,0,0,0,0,0,0,0,0,0,0,0,0,0,0,0,0,0,0,1,0,0,4,0,39.958,-75.2213, , 
54609,595405,2013076372,6,67,67301,2013,7,7,1328,13,1,1,0,1,1, , ,N,0,0,0,3,0,3,5,3,N,N,39 57:32.841,75 10:18.425,1338, ,1330,1,1,4,N, ,0,N, , , , , , , , ,3,3,0,0,0,0,0,0,0,0,0,0,3,3,0,0,0,0,0,0,0,0,0,0,0,0,0,0,0,0,0,0,0,0,0,8,0,39.9591,-75.1718, , 
54610,595408,2013080005,6,67,67301,2013,7,2,1315,13,1,1,0,4,1, , ,N,1,3,0,3,0,1,2,2,N,N,40 03:18.500,75 08:27.970,2120, ,2144, ,0, ,N, ,3, , , , , , , , , ,1,1,0,0,0,0,0,0,1,0,0,1,1,0,0,0,0,0,0,0,0,0,0,0,0,0,0,0,0,0,0,0,0,0,0,4,0,40.0551,-75.1411, , 
54611,595411,2013083996,6,67,67301,2013,7,4,9999,99,3,1,0,5,2, , ,N,1,3,0,3,0,0,1,4,N, ,40 03:47.034,75 02:47.479,245, ,237,9,1,1, , ,3,N, , , , , , , , ,4,2,0,0,0,0,2,0,0,0,0,0,0,0,0,0,0,0,0,0,0,0,0,0,0,0,0,0,0,0,0,0,0,0,0,0,0,40.0631,-75.0465, , 