objectid_1,objectid,crn,district,county,municipality,crash_year,crash_month,day_of_week,time_of_day,hour_of_day,illumination,weather,road_condition,collision_type,relation_to_road,work_zone_type,work_zone_loc,work_zone_ind,intersect_type,tcd_type,location_type,urban_rural,fatal_count,injury_count,person_count,total_units,sch_bus_ind,sch_zone_ind,latitude,longitude,arrival_tm,cons_zone_spd_lim,dispatch_tm,est_hrs_closed,lane_closed,ln_close_dir,ntfy_hiwy_maint,spec_juris_cd,tcd_func_cd,tfc_detour_ind,workers_pres,wz_close_detour,wz_flagger,wz_law_offcr_ind,wz_ln_closure,wz_moving,wz_other,wz_shlder_mdn,vehicle_count,automobile_count,motorcycle_count,bus_count,small_truck_count,heavy_truck_count,suv_count,van_count,bicycle_count,maj_inj_count,mod_inj_count,min_inj_count,tot_inj_count,unk_inj_deg_count,unk_inj_per_count,driver_count_16yr,driver_count_17yr,driver_count_18yr,driver_count_19yr,driver_count_20yr,driver_count_50_64yr,driver_count_65_74yr,driver_count_75plus,unbelted_occ_count,unb_death_count,unb_maj_inj_count,belted_death_count,belted_maj_inj_count,mcycle_death_count,mcycle_maj_inj_count,bicycle_death_count,bicycle_maj_inj_count,ped_count,ped_death_count,ped_maj_inj_count,max_severity_level,comm_veh_count,dec_lat,dec_long,rdwy_surf_type_cd,county_name
54679,595559,2013121436,6,67,67301,2013,10,6,1636,16,1,1,0,4,1, , ,N,1,2,0,3,0,1,2,2,N, ,40 02:29.306,75 00:47.756,1645, ,1639, ,0, , , ,3, , , , , , , , , ,2,0,1,0,0,0,0,0,0,0,0,0,1,1,0,0,0,0,0,0,0,0,0,0,0,0,0,0,0,0,0,0,0,0,0,8,0,40.0415,-75.0133, , 
54680,595561,2013124827,6,67,67301,2013,11,5,1727,17,3,1,0,7,1, , ,N,0,0,0,3,0,1,1,1,N,N,39 56:50.467,75 08:32.044,1734, ,1731, ,0, ,N, ,0, , , , , , , , , ,1,1,0,0,0,0,0,0,0,0,0,1,1,0,0,0,0,0,0,0,0,0,0,0,0,0,0,0,0,0,0,0,0,0,0,4,0,39.9474,-75.1422, , 
54681,595572,2014009782,6,67,67301,2013,12,2,2010,20,3,1,0,4,1, , ,N,1,2,0,3,0,1,2,2,N,N,40 02:51.086,75 08:34.404,2051, ,2047, ,0, ,N, ,3, , , , , , , , , ,2,1,0,0,0,0,1,0,0,0,0,0,1,1,1,0,0,0,0,0,0,1,0,0,0,0,0,0,0,0,0,0,0,0,0,8,0,40.0475,-75.1428, , 
54682,595579,2013067299,6,67,67301,2013,5,5,2030,20,1,1,0,4,1, , ,N,0,0,3,3,0,2,2,2,N,N,39 55:11.527,75 12:06.733,0, ,0, ,0, ,N, ,0, , , , , , , , , ,2,2,0,0,0,0,0,0,0,0,0,0,2,2,0,0,0,0,1,0,0,0,0,0,0,0,0,0,0,0,0,0,0,0,0,8,0,39.9199,-75.2017, , 
54683,595592,2013070128,6,67,67301,2013,6,2,1721,17,1,2,1,4,1, , ,N,1,3,0,3,0,1,2,2,N, ,39 59:44.750,75 10:51.931,1732, ,1730,9,2,4, , ,3,Y, , , , , , , , ,2,1,0,0,0,0,0,1,0,0,0,0,1,1,0,0,0,0,0,0,0,0,0,0,0,0,0,0,0,0,0,0,0,0,0,8,0,39.9958,-75.1811, , 
54684,595614,2013101177,6,67,67301,2013,9,1,2020,20,3,1,1,1,1, , ,N,1,0,0,3,0,1,2,2,N,N,39 58:39.875,75 12:48.192,9999, ,9999, ,0, ,N, ,0, , , , , , , , , ,2,2,0,0,0,0,0,0,0,0,0,1,1,0,1,0,0,0,0,0,0,0,0,0,0,0,0,0,0,0,0,0,0,0,0,4,0,39.9777,-75.2134, , 
54685,595625,2013111858,6,67,67301,2013,10,1,745,7,1,1,0,1,1, , ,N,1,2,0,3,0,1,5,5,N,N,39 56:53.405,75 13:16.524,815, ,756, ,0, ,N, ,3, , , , , , , , , ,5,2,0,0,1,0,2,0,0,0,0,1,1,0,0,0,0,0,0,0,1,0,0,0,0,0,0,0,0,0,0,0,0,0,0,4,0,39.9482,-75.2213, , 
54686,598428,2013079443,6,67,67301,2013,6,6,1520,15,1,2,1,5,1, , ,N,0,0,0,3,0,2,3,3,N,N,39 57:02.819,75 10:32.917,1609, ,1602,2,1,4,N, ,0,N, , , , , , , , ,3,2,0,0,0,0,1,0,0,0,0,2,2,0,0,0,0,0,0,0,0,1,0,0,0,0,0,0,0,0,0,0,0,0,0,4,0,39.9508,-75.1758, , 
54687,598432,2013086255,6,67,67301,2013,8,3,940,9,1,1,0,1,1, , ,N,1,2,0,3,0,0,3,2,N,N,40 02:26.242,75 10:11.315,955, ,948, ,0, ,N, ,3, , , , , , , , , ,2,1,0,0,0,0,1,0,0,0,0,0,0,0,0,0,0,0,0,0,0,0,0,0,0,0,0,0,0,0,0,0,0,0,0,0,0,40.0406,-75.1698, , 
54688,598436,2013096117,6,67,67301,2013,8,6,2045,20,3,9,0,4,1, , ,N,1,2,0,3,0,1,2,2,N,N,40 00:21.613,75 05:30.664,9999, ,1700, ,0, ,N, ,3, , , , , , , , , ,1,0,0,0,0,0,0,1,1,0,0,0,1,1,1,0,0,0,0,0,0,0,0,0,0,0,0,0,0,0,0,0,0,0,0,8,0,40.006,-75.0919, , 
54689,598447,2013103964,6,67,67301,2013,9,2,1630,16,1,1,0,4,1, , ,N,1,0,0,3,0,1,2,2,N,N,40 01:33.795,75 08:51.279,1830, ,1830, ,0, , , ,0, , , , , , , , , ,2,1,0,0,1,0,0,0,0,0,0,1,1,0,0,0,0,0,0,0,0,0,0,0,0,0,0,0,0,0,0,0,0,0,0,4,0,40.0261,-75.1475, , 
54690,598456,2013111746,6,67,67301,2013,10,2,220,2,3,1,0,8,1, , ,N,0,0,0,3,0,1,2,2,N,N,39 55:47.586,75 10:24.794,230, ,227, ,0, , , ,0, , , , , , , , , ,1,0,0,0,0,0,1,0,0,0,0,0,1,1,0,0,0,0,0,0,0,0,0,0,0,0,0,0,0,0,0,0,1,0,0,8,0,39.9299,-75.1736, , 
54691,598468,2013122986,6,67,67301,2013,11,7,2132,21,3,1,0,4,1, , ,N,1,2,0,3,0,4,6,2,N,N,39 58:30.302,75 11:42.002,2135, ,2134, ,0, ,N, ,3, , , , , , , , , ,2,1,0,0,0,0,0,1,0,0,2,2,4,0,0,0,0,0,0,0,1,0,0,0,0,0,0,0,0,0,0,0,0,0,0,3,0,39.9751,-75.195, , 
54692,598481,2013106706,6,67,67301,2013,9,2,955,9,1,1,0,4,1, , ,N,0,0,7,3,0,1,2,2,N, ,39 54:48.632,75 09:00.553,1006, ,1000, ,0, , , ,0, , , , , , , , , ,2,2,0,0,0,0,0,0,0,0,0,1,1,0,0,0,0,0,0,0,0,0,0,1,0,0,0,0,0,0,0,0,0,0,0,4,0,39.9135,-75.1502, , 
54693,598486,2013070954,6,67,67301,2013,6,3,1800,18,1,2,1,4,1, , ,N,1,3,0,3,0,1,2,2,N,N,39 56:59.812,75 13:44.525,1900, ,1851, ,0, ,N, ,3, , , , , , , , , ,2,1,0,0,0,0,0,1,0,0,0,0,1,1,0,0,0,0,0,1,1,0,0,0,0,0,0,0,0,0,0,0,0,0,0,8,0,39.9499,-75.229, , 
54694,598492,2013084421,6,67,67301,2013,7,5,9999,99,1,1,0,4,1, , ,N,1,2,0,3,0,0,2,2,N, ,39 57:30.652,75 09:56.236,1915, ,1908,2,1,1, , ,3,N, , , , , , , , ,2,2,0,0,0,0,0,0,0,0,0,0,0,0,0,0,0,0,0,0,0,0,0,0,0,0,0,0,0,0,0,0,0,0,0,0,0,39.9585,-75.1656, , 
54695,598519,2013106865,6,67,67301,2013,10,2,1850,18,3,1,0,1,1, , ,N,0,0,0,3,0,5,6,2,N,N,39 59:19.998,75 12:24.469,1900, ,1852, ,0, ,N, ,0, , , , , , , , , ,2,2,0,0,0,0,0,0,0,0,0,5,5,0,0,0,0,0,0,0,2,0,0,0,0,0,0,0,0,0,0,0,0,0,0,4,0,39.9889,-75.2068, , 
54696,598521,2013109430,6,67,67301,2013,9,6,855,8,1,1,0,4,1, , ,N,1,3,0,3,0,1,2,2,N,N,40 04:01.347,75 10:24.416,858, ,856,1,1,4,N, ,3,N, , , , , , , , ,2,2,0,0,0,0,0,0,0,0,0,1,1,0,0,0,0,0,0,0,0,0,1,0,0,0,0,0,0,0,0,0,0,0,0,4,0,40.067,-75.1734, , 
54697,598523,2013114452,6,67,67301,2013,10,3,910,9,1,1,0,4,1, , ,N,1,2,0,3,0,1,2,2,N,N,39 57:34.154,75 09:43.529,935, ,930, ,0, ,N, ,3, , , , , , , , , ,2,1,0,0,0,0,1,0,0,0,0,1,1,0,0,0,0,0,0,0,0,0,0,0,0,0,0,0,0,0,0,0,0,0,0,4,0,39.9595,-75.162, , 
54698,598527,2013117120,6,67,67301,2013,11,3,48,0,3,1,0,4,1, , ,N,0,0,0,3,0,1,2,2,N,N,39 56:49.899,75 08:32.130,53, ,48, ,0, ,N, ,0, , , , , , , , , ,2,0,1,0,0,0,0,0,0,0,0,1,1,0,1,0,0,0,0,0,0,0,0,0,0,0,0,0,0,0,0,0,0,0,0,4,0,39.9472,-75.1423, , 
54699,598533,2013095961,6,67,67301,2013,8,3,110,1,3,1,0,8,1, , ,N,1,2,0,3,0,1,3,2,N,N,39 59:10.572,75 09:22.129,115, ,110, ,0, ,N, ,3, , , , , , , , , ,1,0,0,0,0,0,1,0,0,0,1,0,1,0,0,0,0,0,0,0,0,0,0,1,0,0,0,0,0,0,0,0,1,0,0,3,0,39.9863,-75.1561, , 
54700,598551,2013070551,6,67,67301,2013,6,7,2030,20,3,1,0,4,1, , ,N,1,2,0,3,0,3,3,2,N,N,40 02:41.686,75 04:49.238,2103, ,2057,1,1,2,N, ,3,Y, , , , , , , , ,2,2,0,0,0,0,0,0,0,0,2,1,3,0,0,0,0,0,0,0,0,0,0,0,0,0,0,0,0,0,0,0,0,0,0,3,0,40.0449,-75.0803, , 
54701,598552,2013070958,6,67,67301,2013,6,1,457,4,3,1,0,4,1, , ,N,0,0,0,3,0,0,2,4,N,N,40 01:04.071,75 06:57.322,505, ,459, ,0, ,N, ,0, , , , , , , , , ,4,3,0,0,0,0,1,0,0,0,0,0,0,0,0,0,0,0,0,0,0,0,0,0,0,0,0,0,0,0,0,0,0,0,0,0,0,40.0178,-75.1159, , 
54702,598559,2013074767,6,67,67301,2013,6,7,611,6,1,1,0,4,1, , ,N,2,3,0,3,0,1,2,2,N,N,39 55:50.743,75 13:01.703,625, ,618,9,1,2, , ,9,N, , , , , , , , ,1,0,0,0,0,0,1,0,1,0,0,0,1,1,0,0,0,0,0,0,0,0,0,0,0,0,0,0,0,0,0,0,0,0,0,8,0,39.9308,-75.2171, , 
54703,598561,2013079605,6,67,67301,2013,6,3,9999,99,3,2,1,5,1, , ,N,0,0,0,3,0,1,4,3,N,N,40 01:13.200,75 04:49.195,1935, ,1935, ,0, ,N, ,0, , , , , , , , , ,3,2,0,0,0,0,0,0,0,0,0,1,1,0,0,0,0,0,0,0,1,0,0,2,0,0,0,0,0,0,0,0,0,0,0,4,0,40.0203,-75.0803, , 
54704,601569,2013096464,6,67,67301,2013,8,2,1605,16,1,1,0,4,1, , ,N,1,2,0,3,0,1,2,2,N, ,39 56:28.852,75 13:03.932,1656, ,1656, ,0, , , ,3, , , , , , , , , ,2,0,0,0,0,0,1,1,0,0,0,0,1,1,0,0,0,0,0,0,0,0,0,0,0,0,0,0,0,0,0,0,0,0,0,8,0,39.9413,-75.2178, , 
54705,601576,2013106740,6,67,67301,2013,9,2,1622,16,1,1,0,4,1, , ,N,2,0,0,3,0,4,5,2,N,N,39 59:12.980,75 07:50.721,1625, ,1622, ,0, ,N, ,0, , , , , , , , , ,2,1,0,0,0,0,0,1,0,0,0,4,4,0,0,0,0,0,0,0,0,0,0,0,0,0,0,0,0,0,0,0,0,0,0,4,0,39.9869,-75.1308, , 
54706,601582,2013110718,6,67,67301,2013,10,4,1515,15,1,1,0,8,1, , ,N,1,2,0,3,0,1,2,2,N,N,40 03:08.049,75 10:32.957,1731, ,1730, ,0, , , ,3, , , , , , , , , ,1,1,0,0,0,0,0,0,0,0,0,1,1,0,1,0,0,0,0,0,0,0,0,0,0,0,0,0,0,0,0,0,1,0,0,4,0,40.0522,-75.1758, , 
54707,601589,2013103898,6,67,67301,2013,9,5,415,4,3,1,0,5,6, , ,N,0,0,0,3,0,0,1,2,N, ,40 05:15.241,75 02:48.897,437, ,430, ,0, , , ,0, , , , , , , , , ,2,1,0,0,0,0,1,0,0,0,0,0,0,0,0,0,0,1,0,0,0,0,0,0,0,0,0,0,0,0,0,0,0,0,0,0,0,40.0876,-75.0469, , 
54708,601590,2013103995,6,67,67301,2013,9,6,1418,14,1,1,0,4,1, , ,N,1,3,0,3,0,2,2,2,N, ,39 57:30.819,75 09:36.133,1430, ,1422, ,0, , , ,3, , , , , , , , , ,2,2,0,0,0,0,0,0,0,0,0,2,2,0,0,0,0,0,0,0,0,0,0,2,0,0,0,0,0,0,0,0,0,0,0,4,0,39.9586,-75.16, , 
54709,601602,2013110716,6,67,67301,2013,10,5,800,8,1,1,0,4,1, , ,N,2,0,0,3,0,1,3,3,N,N,40 00:50.149,75 11:05.106,835, ,830, ,0, ,N, ,0, , , , , , , , , ,3,2,0,0,0,0,1,0,0,0,0,0,1,1,0,0,0,0,0,1,1,0,0,0,0,0,0,0,0,0,0,0,0,0,0,8,0,40.0139,-75.1848, , 
54710,601620,2013095692,6,67,67301,2013,9,5,2147,21,1,1,0,1,1, , ,N,0,0,0,3,0,0,8,4,N,N,40 01:19.450,75 02:17.848,2210, ,2147,2,1,1,N, ,0,N, , , , , , , , ,4,0,0,0,1,0,2,1,0,0,0,0,0,0,0,0,0,0,0,0,0,0,0,1,0,0,0,0,0,0,0,0,0,0,0,0,0,40.022,-75.0385, , 
54711,601621,2013096057,6,67,67301,2013,8,7,1500,15,1,1,0,5,1, , ,N,0,0,0,3,0,1,2,2,N, ,39 57:12.971,75 12:57.951,2050, ,2042, ,0, , , ,0, , , , , , , , , ,1,0,0,0,0,0,0,1,1,0,1,0,1,0,1,0,0,0,0,0,0,0,0,0,0,0,0,0,0,0,0,0,0,0,0,3,0,39.9536,-75.2161, , 
54712,601661,2014001018,6,67,67301,2013,12,1,303,3,3,1,0,5,6, , ,N,0,0,0,3,0,0,4,3,N,N,39 55:33.009,75 14:38.526,311, ,308, ,0, ,N, ,0, , , , , , , , , ,3,3,0,0,0,0,0,0,0,0,0,0,0,0,2,0,0,0,0,0,0,0,0,0,0,0,0,0,0,0,0,0,0,0,0,9,0,39.9258,-75.244, , 
54713,601679,2013129247,6,67,67301,2013,12,4,745,7,1,4,1,8,1, , ,N,5,2,0,3,0,1,2,2,N,N,40 00:21.196,75 08:59.283,755, ,750, ,0, ,N, ,3, , , , , , , , , ,1,1,0,0,0,0,0,0,0,0,1,0,1,0,0,0,0,0,0,0,0,1,0,0,0,0,0,0,0,0,0,0,1,0,0,3,0,40.0059,-75.1498, , 
54714,601688,2013101041,6,67,67301,2013,9,7,1427,14,1,1,0,4,1, , ,N,2,3,0,3,0,8,8,2,N,N,39 57:52.225,75 09:39.634,1435, ,1427,1,1,1,N, ,3,Y, , , , , , , , ,2,1,0,0,0,0,1,0,0,0,0,8,8,0,0,0,0,0,0,0,0,0,0,0,0,0,0,0,0,0,0,0,0,0,0,4,0,39.9644,-75.1609, , 
54715,601705,2013123011,6,67,67301,2013,11,7,2311,23,3,1,1,6,1, , ,N,1,3,0,3,0,1,2,3,N,N,39 57:43.350,75 11:58.011,2320, ,2317, ,0, ,N, ,3, , , , , , , , , ,3,3,0,0,0,0,0,0,0,0,0,1,1,0,0,0,0,0,0,0,1,0,0,0,0,0,0,0,0,0,0,0,0,0,0,4,0,39.962,-75.1994, , 
54716,601714,2013129432,6,67,67301,2013,11,3,2218,22,3,1,0,5,1, , ,N,0,8,3,3,0,0,2,2,N, ,40 00:23.889,75 11:34.462,2245, ,2231, ,0, ,N, ,3, , , , , , , , , ,2,1,0,0,1,0,0,0,0,0,0,0,0,0,0,0,0,0,0,1,0,0,0,0,0,0,0,0,0,0,0,0,0,0,0,0,0,40.0066,-75.1929, , 
54717,601723,2014001082,6,67,67301,2013,11,1,2249,22,3,1,0,7,2, , ,N,0,8,2,3,0,0,1,1,N,N,40 00:20.296,75 11:37.982,2255, ,2249, ,0, ,N, ,3, , , , , , , , , ,1,0,0,0,0,0,1,0,0,0,0,0,0,0,1,0,0,0,0,0,0,0,0,0,0,0,0,0,0,0,0,0,0,0,0,9,0,40.0056,-75.1939, , 
54718,601726,2014006816,6,67,67301,2013,12,1,25,0,3,1,0,5,1, , ,N,0,0,0,3,0,0,2,3,N,N,39 57:32.785,75 13:48.768,28, ,26, ,0, ,N, ,0, , , , , , , , , ,3,2,0,0,0,0,0,1,0,0,0,0,0,0,0,0,0,0,0,0,0,0,0,0,0,0,0,0,0,0,0,0,0,0,0,0,0,39.9591,-75.2302, , 
54719,601728,2014015531,6,67,67301,2013,9,3,1500,15,1,1,0,4,1, , ,N,1,0,0,3,0,1,2,2,N,N,39 58:16.621,75 09:30.894,0, ,0, ,0, ,N, ,0, , , , , , , , , ,2,1,0,0,1,0,0,0,0,0,0,0,1,1,1,0,0,0,1,0,1,0,0,0,0,0,0,0,0,0,0,0,0,0,0,8,0,39.9713,-75.1586, , 
54720,601747,2014003318,6,67,67301,2013,12,4,1359,13,1,4,6,1,1, , ,N,1,2,0,3,0,4,6,3,N,N,40 06:06.588,75 01:38.906,1407, ,1403,1,1,1,N, ,3,N, , , , , , , , ,3,1,0,0,1,1,0,0,0,0,0,0,4,4,0,0,0,0,0,0,0,0,0,0,0,0,0,0,0,0,0,0,0,0,0,8,1,40.1018,-75.0275, , 
54721,601748,2014013096,6,67,67301,2013,12,2,1820,18,3,2,1,4,1, , ,N,1,3,0,3,0,1,2,3,N, ,39 59:13.653,75 07:39.395,1846, ,1836, ,0, , , ,3, , , , , , , , , ,3,3,0,0,0,0,0,0,0,0,0,1,1,0,0,0,0,0,0,0,0,0,1,0,0,0,0,0,0,0,0,0,0,0,0,4,0,39.9871,-75.1276, , 
54722,603378,2013106673,6,67,67301,2013,9,3,218,2,3,1,0,7,2, , ,N,0,0,0,3,0,0,2,1,N,N,39 54:45.316,75 10:59.025,224, ,220, ,0, ,N, ,0, , , , , , , , , ,1,1,0,0,0,0,0,0,0,0,0,0,0,0,0,0,0,0,0,0,0,0,0,0,0,0,0,0,0,0,0,0,0,0,0,0,0,39.9126,-75.1831, , 
54723,603417,2014005337,6,67,67301,2013,10,3,1520,15,1,1,0,1,1, , ,N,0,0,3,3,0,3,4,2,N,N,39 54:13.852,75 11:53.314,9999, ,1520,1,2,4,N, ,0,N, , , , , , , , ,2,2,0,0,0,0,0,0,0,0,0,3,3,0,0,0,0,0,0,0,0,1,0,0,0,0,0,0,0,0,0,0,0,0,0,4,0,39.9039,-75.198, , 
54724,603435,2013114502,6,67,67301,2013,10,4,1640,16,1,1,0,1,1, , ,N,0,0,0,3,0,1,2,2,N, ,40 03:45.880,75 02:34.644,1655, ,1642,1,1,2, , ,0,N, , , , , , , , ,2,0,0,0,1,0,1,0,0,0,0,1,1,0,0,0,0,0,0,0,1,0,0,0,0,0,0,0,0,0,0,0,0,0,0,4,0,40.0627,-75.043, , 
54725,603468,2014002745,6,67,67301,2013,12,3,1130,11,1,1,0,6,1, , ,N,0,0,0,3,0,0,2,2,N, ,39 53:55.858,75 14:21.038,1153, ,1152, ,0, , , ,0, , , , , , , , , ,2,0,0,0,0,1,1,0,0,0,0,0,0,0,0,0,0,0,0,0,1,0,0,0,0,0,0,0,0,0,0,0,0,0,0,0,1,39.8988,-75.2392, , 
54726,603490,2014013020,6,67,67301,2013,12,1,1745,17,3,2,1,8,1, , ,N,0,0,0,3,0,1,2,2,N, ,39 57:54.860,75 13:28.647,1824, ,1812, ,0, , , ,0, , , , , , , , , ,1,1,0,0,0,0,0,0,0,0,0,0,1,1,1,0,0,0,0,0,0,0,0,0,0,0,0,0,0,0,0,0,1,0,0,8,0,39.9652,-75.2246, , 
54727,603491,2014013571,6,67,67301,2013,12,6,9999,99,3,1,0,1,6, , ,N,0,0,0,3,0,1,4,3,N, ,39 55:55.444,75 10:17.061,832, ,829, ,0, , , ,0, , , , , , , , , ,3,1,0,0,1,0,1,0,0,0,0,0,1,1,0,0,0,0,0,0,0,0,0,4,0,0,0,0,0,0,0,0,0,0,0,8,0,39.9321,-75.1714, , 
54728,603492,2014015017,6,67,67301,2013,10,6,1715,17,1,1,0,4,1, , ,N,1,3,0,3,0,0,2,2,N,N,40 02:28.752,75 04:01.419,0, ,0, ,0, ,N, ,3, , , , , , , , , ,2,2,0,0,0,0,0,0,0,0,0,0,0,0,0,0,0,0,0,0,0,0,0,0,0,0,0,0,0,0,0,0,0,0,0,0,0,40.0413,-75.0671, , 
54729,603499,2013129486,6,67,67301,2013,11,1,930,9,1,1,0,2,1, , ,N,2,3,0,3,0,1,2,2,N,N,40 04:48.604,74 59:02.068,936, ,933, ,0, , , ,3, , , , , , , , , ,2,2,0,0,0,0,0,0,0,0,0,1,1,0,0,0,0,0,0,1,0,0,1,0,0,0,0,0,0,0,0,0,0,0,0,4,0,40.0802,-74.9839, , 
54730,603508,2013111859,6,67,67301,2013,10,6,2230,22,3,1,0,4,1, , ,N,1,2,0,3,0,4,5,2,N,N,39 57:48.112,75 11:14.766,2235, ,2233,2,2,1,N, ,3,Y, , , , , , , , ,2,2,0,0,0,0,0,0,0,0,1,3,4,0,0,0,0,0,0,0,1,0,0,0,0,0,0,0,0,0,0,0,0,0,0,3,0,39.9634,-75.1874, , 
54731,603529,2014009678,6,67,67301,2013,12,6,1917,19,3,1,0,4,1, , ,N,1,3,2,3,0,0,2,2,N,N,39 59:11.983,75 12:29.919,1930, ,1920, ,0, ,N, ,3, , , , , , , , , ,2,2,0,0,0,0,0,0,0,0,0,0,0,0,0,0,0,0,0,0,0,0,0,0,0,0,0,0,0,0,0,0,0,0,0,0,0,39.9867,-75.2083, , 
54732,603534,2013125973,6,67,67301,2013,11,7,9999,99,1,1,0,4,1, , ,N,1,0,0,3,0,0,3,2,N,N,39 57:20.167,75 10:21.953,1025, ,1021, ,0, ,N, ,0, , , , , , , , , ,2,1,0,0,0,0,1,0,0,0,0,0,0,0,0,0,0,0,0,0,1,0,0,0,0,0,0,0,0,0,0,0,0,0,0,0,0,39.9556,-75.1728, , 
54733,603541,2014009640,6,46,46102,2013,11,4,9999,99,1,2,1,7,4, , ,N,3,0,0,3,0,0,1,1,N,N,40 04:22.157,75 09:21.257,830, ,814,9,1,2,N, ,0,N, , , , , , , , ,1,1,0,0,0,0,0,0,0,0,0,0,0,0,0,0,0,0,0,0,0,0,0,0,0,0,0,0,0,0,0,0,0,0,0,0,0,40.0727,-75.1558, , 
54734,603548,2014009854,6,67,67301,2013,12,6,550,5,3,1,0,4,1, , ,N,5,2,0,3,0,0,2,2,N, ,40 03:23.774,75 01:43.818,605, ,556, ,0, , , ,3, , , , , , , , , ,2,0,0,0,2,0,0,0,0,0,0,0,0,0,0,0,0,0,0,0,1,0,0,0,0,0,0,0,0,0,0,0,0,0,0,0,0,40.0566,-75.0288, , 
54735,603562,2014013025,6,67,67301,2013,12,1,2020,20,3,2,1,4,1, , ,N,1,2,0,3,0,4,5,2,N,N,40 00:25.981,75 07:24.378,2025, ,2024, ,0, ,N, ,3, , , , , , , , , ,2,1,0,0,1,0,0,0,0,0,0,4,4,0,0,0,0,0,0,0,0,0,0,0,0,0,0,0,0,0,0,0,0,0,0,4,0,40.0072,-75.1234, , 
54736,603566,2013112034,6,67,67301,2013,10,7,1406,14,1,1,0,1,1, , ,N,0,0,0,3,0,2,4,2,N,N,39 55:52.954,75 11:57.711,1416, ,1406,1,1,4,N, ,0,N, , , , , , , , ,2,0,0,0,1,0,1,0,0,0,0,0,2,2,0,0,0,0,0,0,1,0,0,0,0,0,0,0,0,0,0,0,0,0,0,8,0,39.9314,-75.1994, , 
54737,603589,2014009817,6,67,67301,2013,12,3,1605,16,3,4,3,8,1, , ,N,0,0,0,3,0,1,2,2,N,N,40 03:33.098,75 13:56.838,1725, ,1645, ,0, ,N, ,0, , , , , , , , , ,1,0,0,0,0,0,1,0,0,0,0,0,1,1,0,0,1,0,0,0,0,0,0,1,0,0,0,0,0,0,0,0,1,0,0,8,0,40.0592,-75.2325, , 
54738,603597,2013126012,6,67,67301,2013,11,4,1500,15,1,1,0,4,1, , ,N,1,2,0,3,0,1,3,3,N, ,40 01:58.442,75 06:24.270,1530, ,1520,9,1,3, , ,3,N, , , , , , , , ,3,2,0,0,1,0,0,0,0,0,0,1,1,0,0,0,0,0,0,0,0,1,0,0,0,0,0,0,0,0,0,0,0,0,0,4,0,40.0329,-75.1067, , 
54739,603609,2014006823,6,67,67301,2013,12,6,1525,15,1,2,1,6,1, , ,N,0,0,0,3,0,0,3,2,N, ,39 58:19.754,75 11:23.853,1539, ,1539,1,2,1, , ,0,N, , , , , , , , ,2,1,0,0,0,0,1,0,0,0,0,0,0,0,2,0,0,0,0,0,0,1,0,0,0,0,0,0,0,0,0,0,0,0,0,9,0,39.9722,-75.19, , 
54740,595627,2013112346,6,67,67301,2013,10,5,1540,15,1,2,1,4,1, , ,N,0,0,0,3,0,2,3,2,N,N,39 57:54.841,75 09:39.070,1605, ,1551, ,0, ,N, ,0, , , , , , , , , ,2,2,0,0,0,0,0,0,0,0,0,2,2,0,1,0,0,1,0,0,0,0,0,0,0,0,0,0,0,0,0,0,0,0,0,4,0,39.9652,-75.1609, , 
54741,595683,2013079547,6,67,67301,2013,7,6,1008,10,1,1,0,0,1, , ,N,0,0,0,3,0,1,1,1,N, ,40 04:50.220,74 57:57.750,1015, ,1010,2,1,3, , ,0,N, , , , , , , , ,1,1,0,0,0,0,0,0,0,0,1,0,1,0,0,0,0,0,0,0,0,0,0,0,0,0,0,0,0,0,0,0,0,0,0,3,0,40.0806,-74.966, , 
54742,595691,2013069968,6,67,67301,2013,7,4,1500,15,1,1,0,4,1, , ,N,1,2,0,3,0,1,2,2,N,N,39 57:44.409,75 09:40.847,1500, ,1445, ,0, ,N, ,3, , , , , , , , , ,1,0,0,0,0,0,1,0,1,0,0,1,1,0,0,0,0,0,0,0,1,0,0,0,0,0,0,0,0,0,0,0,0,0,0,4,0,39.9623,-75.1613, , 
54743,595706,2013093082,6,67,67301,2013,8,4,1420,14,1,1,0,1,1, , ,N,0,0,0,3,0,0,2,2,N,N,39 58:13.027,75 09:37.173,1716, ,1702, ,0, ,N, ,0, , , , , , , , , ,2,1,0,0,0,0,0,1,0,0,0,0,0,0,1,0,0,0,0,0,0,0,0,0,0,0,0,0,0,0,0,0,0,0,0,9,0,39.9703,-75.1603, , 
54744,595709,2013095991,6,67,67301,2013,8,7,2115,21,3,1,0,4,1, , ,N,1,2,0,3,0,7,8,2,N,N,40 00:43.064,75 10:33.675,2122, ,2119, ,0, ,N, ,3, , , , , , , , , ,2,2,0,0,0,0,0,0,0,0,0,7,7,0,0,0,0,0,0,0,0,0,0,0,0,0,0,0,0,0,0,0,0,0,0,4,0,40.012,-75.176, , 
54745,595711,2013098059,6,67,67301,2013,10,3,853,8,1,1,0,1,7, , ,N,6,0,2,3,0,1,2,2,N,N,40 02:57.283,74 59:44.945,908, ,853, ,0, ,N, ,0, , , , , , , , , ,2,1,0,0,0,0,0,1,0,0,0,1,1,0,0,0,0,0,0,0,1,0,0,0,0,0,0,0,0,0,0,0,0,0,0,4,0,40.0492,-74.996, , 
54746,595718,2013104000,6,67,67301,2013,9,6,2254,22,3,1,0,6,1, , ,N,1,3,0,3,0,0,2,2,N,N,40 00:39.628,75 08:25.627,2342, ,2341, ,0, ,N, ,3, , , , , , , , , ,2,2,0,0,0,0,0,0,0,0,0,0,0,0,0,0,0,0,0,0,0,0,0,0,0,0,0,0,0,0,0,0,0,0,0,0,0,40.011,-75.1405, , 