objectid_1,objectid,crn,district,county,municipality,crash_year,crash_month,day_of_week,time_of_day,hour_of_day,illumination,weather,road_condition,collision_type,relation_to_road,work_zone_type,work_zone_loc,work_zone_ind,intersect_type,tcd_type,location_type,urban_rural,fatal_count,injury_count,person_count,total_units,sch_bus_ind,sch_zone_ind,latitude,longitude,arrival_tm,cons_zone_spd_lim,dispatch_tm,est_hrs_closed,lane_closed,ln_close_dir,ntfy_hiwy_maint,spec_juris_cd,tcd_func_cd,tfc_detour_ind,workers_pres,wz_close_detour,wz_flagger,wz_law_offcr_ind,wz_ln_closure,wz_moving,wz_other,wz_shlder_mdn,vehicle_count,automobile_count,motorcycle_count,bus_count,small_truck_count,heavy_truck_count,suv_count,van_count,bicycle_count,maj_inj_count,mod_inj_count,min_inj_count,tot_inj_count,unk_inj_deg_count,unk_inj_per_count,driver_count_16yr,driver_count_17yr,driver_count_18yr,driver_count_19yr,driver_count_20yr,driver_count_50_64yr,driver_count_65_74yr,driver_count_75plus,unbelted_occ_count,unb_death_count,unb_maj_inj_count,belted_death_count,belted_maj_inj_count,mcycle_death_count,mcycle_maj_inj_count,bicycle_death_count,bicycle_maj_inj_count,ped_count,ped_death_count,ped_maj_inj_count,max_severity_level,comm_veh_count,dec_lat,dec_long,rdwy_surf_type_cd,county_name
55219,639659,2012032683,6,67,67301,2012,2,5,2010,20,3,1,0,4,1, , ,N,2,2,0,3,0,2,2,2,N, ,40 06:15.684,75 03:06.570,2016, ,2016, ,0, , , ,3, , , , , , , , , ,2,2,0,0,0,0,0,0,0,0,0,0,2,2,0,0,0,0,0,0,0,0,1,0,0,0,0,0,0,0,0,0,0,0,0,8,0,40.1044,-75.0518, , 
55220,639663,2012036975,6,67,67301,2012,3,1,250,2,3,1,0,7,5, , ,N,1,2,0,3,1,1,3,1,N, ,40 00:15.107,75 04:39.291,304, ,302, ,0, , ,0,3, , , , , , , , , ,1,1,0,0,0,0,0,0,0,0,0,1,1,0,0,0,0,0,0,0,1,0,0,2,1,0,0,0,0,0,0,0,0,0,0,1,0,40.0042,-75.0774,2, 
55221,639693,2012015922,6,67,67301,2012,2,5,1913,19,3,1,0,1,1, , ,N,0,0,0,3,0,2,4,2,N,N,39 58:44.415,75 06:34.341,1935, ,1917, ,0, ,N, ,0, , , , , , , , , ,2,0,0,0,1,0,1,0,0,0,0,2,2,0,0,0,0,0,0,0,2,0,0,0,0,0,0,0,0,0,0,0,0,0,0,4,0,39.979,-75.1095, , 
55222,639720,2012041553,6,67,67301,2012,3,7,315,3,3,2,1,0,5, , ,N,0,0,0,3,0,0,1,1,N,N,40 01:45.234,75 05:19.426,325, ,319,2,2,2,N, ,0,Y, , , , , , , , ,1,1,0,0,0,0,0,0,0,0,0,0,0,0,0,0,0,0,1,0,0,0,0,0,0,0,0,0,0,0,0,0,0,0,0,0,0,40.0292,-75.0887, , 
55223,639727,2012049519,6,67,67301,2012,5,4,345,3,3,2,1,1,1, , ,N,0,0,0,3,0,0,2,2,N,N,39 58:45.317,75 12:14.118,348, ,347, ,0, ,N, ,0, , , , , , , , , ,2,1,0,0,0,1,0,0,0,0,0,0,0,0,0,0,0,0,0,0,1,0,0,0,0,0,0,0,0,0,0,0,0,0,0,0,1,39.9793,-75.2039, , 
55224,639736,2012015395,6,67,67301,2012,1,7,1330,13,1,1,0,4,1, , ,N,1,2,0,3,0,0,2,2,N, ,39 57:19.443,75 10:16.111,1343, ,1340, ,0, , , ,3, , , , , , , , , ,2,2,0,0,0,0,0,0,0,0,0,0,0,0,0,0,0,0,0,0,0,0,0,0,0,0,0,0,0,0,0,0,0,0,0,0,0,39.9554,-75.1711, , 
55225,639751,2012034686,6,67,67301,2012,3,1,1530,15,1,1,0,8,1, , ,N,2,2,0,3,0,1,2,2,N,N,40 04:53.936,74 59:39.961,1553, ,1550, ,0, , , ,3, , , , , , , , , ,1,0,0,0,0,0,0,0,0,0,0,1,1,0,0,0,0,0,0,0,0,0,0,0,0,0,0,0,0,0,0,0,1,0,0,4,0,40.0816,-74.9944, , 
55226,639752,2012036753,6,67,67301,2012,3,7,2117,21,3,1,0,1,1, , ,N,0,2,0,3,0,1,2,2,N, ,39 57:26.610,75 13:44.273,2230, ,9999, ,0, , , ,3, , , , , , , , , ,2,2,0,0,0,0,0,0,0,0,1,0,1,0,1,0,0,0,0,0,0,0,0,0,0,0,0,0,0,0,0,0,0,0,0,3,0,39.9574,-75.229, , 
55227,639792,2012020450,6,67,67301,2012,1,3,1449,14,1,1,1,1,1, , ,N,0,2,0,3,0,3,5,3,N, ,40 05:52.461,74 58:39.316,1453, ,1451, ,0, , , ,3, , , , , , , , , ,3,3,0,0,0,0,0,0,0,0,0,2,3,1,0,0,0,0,0,0,1,0,0,0,0,0,0,0,0,0,0,0,0,0,0,4,0,40.0979,-74.9776, , 
55228,639793,2012020571,6,67,67301,2012,1,2,1220,12,1,2,1,4,1, , ,N,2,3,0,3,0,2,3,2,N, ,40 02:21.428,75 09:10.228,1235, ,1235, ,0, ,N, ,3, , , , , , , , , ,2,2,0,0,0,0,0,0,0,0,2,0,2,0,0,0,0,1,0,0,0,0,0,0,0,0,0,0,0,0,0,0,0,0,0,3,0,40.0393,-75.1528, , 
55229,639816,2012054983,6,67,67301,2012,6,7,40,0,3,2,1,7,5, , ,N,1,8,0,3,0,0,1,1,N,N,39 56:53.881,75 09:20.963,115, ,45,1,1,4,N, ,3,N, , , , , , , , ,1,0,0,0,0,1,0,0,0,0,0,0,0,0,0,0,0,0,0,0,0,0,0,0,0,0,0,0,0,0,0,0,0,0,0,0,1,39.9483,-75.1558, , 
55230,639819,2012056731,6,67,67301,2012,5,7,145,1,3,2,1,5,1, , ,N,0,0,0,3,0,1,5,3,N, ,40 00:58.166,75 12:13.749,149, ,148, ,0, , , ,0, , , , , , , , , ,3,3,0,0,0,0,0,0,0,0,0,1,1,0,0,0,0,0,0,0,0,0,0,0,0,0,0,0,0,0,0,0,0,0,0,4,0,40.0162,-75.2038, , 
55231,639837,2012020609,6,67,67301,2012,1,7,400,4,3,4,3,1,1, , ,N,0,0,0,3,0,1,2,2,N,N,39 58:51.553,75 14:36.506,445, ,438, ,0, ,N, ,0, , , , , , , , , ,2,2,0,0,0,0,0,0,0,0,0,0,1,1,1,0,0,0,0,0,1,0,0,1,0,0,0,0,0,0,0,0,0,0,0,8,0,39.981,-75.2435, , 
55232,639840,2012027993,6,67,67301,2012,3,7,814,8,1,2,1,4,1, , ,N,0,0,0,3,0,0,2,2,N,N,39 58:41.741,75 06:39.969,824, ,819,1,2,2,N, ,0,N, , , , , , , , ,2,2,0,0,0,0,0,0,0,0,0,0,0,0,0,0,0,0,0,0,0,0,0,0,0,0,0,0,0,0,0,0,0,0,0,0,0,39.9783,-75.1111, , 
55233,639849,2012036835,6,67,67301,2012,2,4,2215,22,3,2,1,8,1, , ,N,1,2,0,3,0,1,2,2,N,N,40 00:08.106,75 13:12.466,2240, ,2233, ,0, ,N, ,3, , , , , , , , , ,1,1,0,0,0,0,0,0,0,0,0,1,1,0,0,0,0,0,0,0,1,0,0,0,0,0,0,0,0,0,0,0,1,0,0,4,0,40.0023,-75.2201, , 
55234,639864,2012048197,6,67,67301,2012,4,3,1807,18,1,1,0,4,1, , ,N,1,2,0,3,0,0,2,2,N,N,40 01:12.662,75 08:55.511,1811, ,1807, ,0, ,N, ,3, , , , , , , , , ,2,0,0,0,0,1,1,0,0,0,0,0,0,0,0,0,0,0,0,0,1,0,0,2,0,0,0,0,0,0,0,0,0,0,0,0,1,40.0202,-75.1488, , 
55235,636624,2012041731,6,67,67301,2012,4,5,1800,18,1,1,0,5,1, , ,N,0,0,0,3,0,1,6,2,N, ,39 55:52.154,75 10:25.143,1850, ,1840, ,0, , , ,0, , , , , , , , , ,2,1,0,0,0,0,1,0,0,0,0,0,1,1,0,0,0,0,0,0,0,1,0,0,0,0,0,0,0,0,0,0,0,0,0,8,0,39.9312,-75.1737, , 
55236,636642,2012022320,6,46,46104,2012,2,7,1532,15,1,4,1,1,1, , ,N,0,0,0,3,0,0,2,2,N,N,39 59:42.856,75 14:21.274,1538, ,1532,2,2,2,N, ,0,N, , , , , , , , ,2,1,0,0,0,0,1,0,0,0,0,0,0,0,0,0,0,0,0,1,0,0,0,0,0,0,0,0,0,0,0,0,0,0,0,0,0,39.9952,-75.2392, , 
55237,636644,2012023960,6,67,67301,2012,1,7,1009,10,1,1,0,4,1, , ,N,1,3,0,3,0,1,2,2,N, ,40 02:54.218,75 06:12.805,1025, ,1012,2,1,3, , ,2,Y, , , , , , , , ,2,2,0,0,0,0,0,0,0,0,0,0,1,1,0,0,0,0,0,0,0,0,0,1,0,0,0,0,0,0,0,0,0,0,0,8,0,40.0484,-75.1036, , 
55238,636653,2012030790,6,67,67301,2012,3,5,554,5,3,2,1,7,4, , ,N,0,0,0,3,0,1,2,1,N,N,39 58:46.631,75 12:16.151,558, ,557, ,0, ,N, ,0, , , , , , , , , ,1,1,0,0,0,0,0,0,0,0,0,0,1,1,0,0,0,0,0,0,0,0,0,0,0,0,0,0,0,0,0,0,0,0,0,8,0,39.9796,-75.2045, , 
55239,636664,2012041473,6,67,67301,2012,3,4,1044,10,1,1,0,7,5, , ,N,0,0,0,3,0,1,2,2,N, ,39 59:34.848,75 08:49.028,1046, ,1045,1,1,4, , ,0,Y, , , , , , , , ,1,0,0,0,0,0,1,0,0,0,0,0,1,1,0,0,0,0,0,0,0,0,0,0,0,0,0,0,0,0,0,0,1,0,0,8,0,39.993,-75.147, , 
55240,636667,2012042207,6,67,67301,2012,3,5,224,2,3,1,0,4,1, , ,N,1,2,0,3,0,1,2,2,N, ,39 55:26.156,75 13:19.597,2257, ,2253,9,1,1, , ,3,N, , , , , , , , ,2,2,0,0,0,0,0,0,0,0,0,1,1,0,0,0,0,0,0,0,0,0,0,0,0,0,0,0,0,0,0,0,0,0,0,4,0,39.9239,-75.2221, , 
55241,636675,2012051869,6,67,67301,2012,4,6,2010,20,3,1,0,8,1, , ,N,1,3,0,3,0,1,2,2,N,N,39 55:52.413,75 09:51.865,2032, ,2020, ,0, ,N, ,3, , , , , , , , , ,1,0,0,0,0,0,1,0,0,0,0,1,1,0,0,0,0,0,0,0,1,0,0,0,0,0,0,0,0,0,0,0,1,0,0,4,0,39.9312,-75.1644, , 
55242,636686,2012011599,6,67,67301,2012,1,7,650,6,1,1,0,5,2, , ,N,0,0,0,3,0,0,2,2,N,N,39 58:03.148,75 11:20.816,658, ,658, ,0, ,N, ,0, , , , , , , , , ,2,1,0,0,1,0,0,0,0,0,0,0,0,0,0,0,0,0,0,0,0,1,0,0,0,0,0,0,0,0,0,0,0,0,0,0,0,39.9675,-75.1891, , 
55243,636700,2012036752,6,67,67301,2012,3,3,2050,20,3,1,0,8,1, , ,N,2,2,0,3,0,1,3,2,N,N,40 06:15.684,75 03:06.570,2055, ,2053, ,0, , , ,3, , , , , , , , , ,1,1,0,0,0,0,0,0,0,0,0,0,1,1,0,0,0,1,0,0,0,0,0,0,0,0,0,0,0,0,0,0,1,0,0,8,0,40.1044,-75.0518, , 
55244,636706,2012042099,6,67,67301,2012,3,5,1615,16,1,1,0,1,1, , ,N,0,0,0,3,0,0,3,3,N,N,40 02:31.842,75 11:33.628,1635, ,1624,3,2,1,N, ,0,N, , , , , , , , ,3,2,0,0,0,0,0,1,0,0,0,0,0,0,0,0,0,0,0,0,0,0,0,0,0,0,0,0,0,0,0,0,0,0,0,0,0,40.0422,-75.1927, , 
55245,636713,2012048188,6,67,67301,2012,4,2,245,2,8,9,8,1,6, , ,N,0,0,0,3,0,0,2,2,N,N,39 57:38.265,75 10:26.865,1000, ,955, ,0, ,N, ,0, , , , , , , , , ,2,2,0,0,0,0,0,0,0,0,0,0,0,0,1,0,0,0,0,0,0,0,0,0,0,0,0,0,0,0,0,0,0,0,0,9,0,39.9606,-75.1741, , 
55246,636720,2012056755,6,67,67301,2012,4,7,1135,11,1,1,0,8,1, , ,N,1,2,0,3,0,1,2,2,N,N,39 58:37.178,75 10:41.501,1135, ,1125, ,0, ,N, ,3, , , , , , , , , ,1,0,0,0,0,0,1,0,0,0,1,0,1,0,0,0,0,0,0,0,0,0,0,0,0,0,0,0,0,0,0,0,1,0,0,3,0,39.977,-75.1782, , 
55247,636733,2012013076,6,67,67301,2012,1,1,423,4,3,1,0,7,4, , ,N,2,2,7,3,0,1,2,1,N,N,40 04:10.185,74 58:53.111,425, ,423, ,0, ,N, ,3, , , , , , , , , ,1,1,0,0,0,0,0,0,0,0,0,1,1,0,0,0,1,0,0,0,0,0,0,0,0,0,0,0,0,0,0,0,0,0,0,4,0,40.0695,-74.9814, , 
55248,636756,2012036017,6,67,67301,2012,3,2,2230,22,3,1,0,4,1, , ,N,0,0,0,3,0,1,2,2,N,N,39 59:59.979,75 08:25.881,2253, ,2251, ,0, ,N, ,0, , , , , , , , , ,1,1,0,0,0,0,0,0,1,0,0,0,1,1,1,0,0,0,0,0,0,0,0,0,0,0,0,0,0,0,0,0,0,0,0,8,0,40,-75.1405, , 
55249,636757,2012036913,6,67,67301,2012,3,1,523,5,3,1,0,1,1, , ,N,1,2,0,3,0,0,2,2,N,N,39 59:10.631,75 09:22.550,526, ,524,1,1,2, , ,3,N, , , , , , , , ,2,2,0,0,0,0,0,0,0,0,0,0,0,0,0,0,0,0,0,0,0,0,0,0,0,0,0,0,0,0,0,0,0,0,0,0,0,39.9863,-75.1561, , 
55250,636764,2012041481,6,67,67301,2012,3,3,9999,99,1,1,0,4,1, , ,N,1,2,0,3,0,1,2,2,N,N,40 03:23.473,75 03:12.176,1305, ,1300, ,0, ,N, ,3, , , , , , , , , ,2,2,0,0,0,0,0,0,0,0,0,0,1,1,0,0,0,0,0,0,0,0,0,0,0,0,0,0,0,0,0,0,0,0,0,8,0,40.0564,-75.0533, , 
55251,636766,2012042141,6,67,67301,2012,3,7,1400,14,1,1,0,8,1, , ,N,0,0,0,3,0,1,2,2,N,N,39 56:36.078,75 09:19.076,1700, ,1645, ,0, ,N, ,0, , , , , , , , , ,1,0,0,0,0,0,0,0,0,0,0,1,1,0,0,0,0,0,0,0,0,0,0,0,0,0,0,0,0,0,0,0,1,0,0,4,0,39.9434,-75.1553, , 
55252,636814,2012047213,6,67,67301,2012,3,6,2013,20,3,1,0,4,1, , ,N,1,3,0,3,0,2,3,2,N,N,40 04:02.319,75 03:33.245,2017, ,2013, ,0, ,N, ,3, , , , , , , , , ,2,0,0,0,1,0,0,0,0,0,0,1,2,1,0,0,0,0,0,0,1,0,0,0,0,0,0,0,0,0,0,0,0,0,0,4,0,40.0673,-75.0592, , 
55253,629428,2014002808,6,67,67301,2013,12,6,1047,10,1,2,1,4,1, , ,N,1,2,0,3,0,0,3,3,N, ,39 54:20.727,75 11:38.377,1052, ,1047, ,0, , , ,2, , , , , , , , , ,3,3,0,0,0,0,0,0,0,0,0,0,0,0,0,0,0,0,0,0,0,0,0,0,0,0,0,0,0,0,0,0,0,0,0,0,0,39.9057,-75.1938, , 
55254,629435,2013122470,6,67,67301,2013,10,6,816,8,1,2,1,5,1, , ,N,0,0,0,3,0,1,1,3,N,N,39 55:18.373,75 10:12.650,917, ,916,2,2,1, , ,0,Y, , , , , , , , ,3,3,0,0,0,0,0,0,0,0,1,0,1,0,0,0,0,0,0,0,0,1,0,0,0,0,0,0,0,0,0,0,0,0,0,3,0,39.9218,-75.1702, , 
55255,629437,2013122998,6,67,67301,2013,11,5,1730,17,3,1,0,4,1, , ,N,1,2,0,3,0,1,2,2,N,N,39 58:21.692,75 10:08.332,1735, ,1733, ,0, ,N, ,3, , , , , , , , , ,2,1,0,0,1,0,0,0,0,0,0,0,1,1,0,0,0,0,0,0,0,2,0,0,0,0,0,0,0,0,0,0,0,0,0,8,0,39.9727,-75.169, , 
55256,629440,2013126016,6,67,67301,2013,11,7,904,9,1,1,0,2,1, , ,N,0,0,0,3,0,2,2,3,N, ,40 01:04.928,75 06:56.706,905, ,905, ,0, , , ,0, , , , , , , , , ,3,3,0,0,0,0,0,0,0,0,0,1,2,1,0,0,0,0,0,0,0,0,0,0,0,0,0,0,0,0,0,0,0,0,0,4,0,40.018,-75.1158, , 
55257,629449,2014000970,6,67,67301,2013,11,7,1755,17,3,1,0,1,1, , ,N,0,0,0,3,0,1,2,2,N,N,39 57:19.377,75 12:00.740,1803, ,1801, ,0, ,N, ,0, , , , , , , , , ,1,1,0,0,0,0,0,0,1,1,0,0,1,0,1,0,0,0,0,0,0,0,0,0,0,0,0,0,0,0,0,1,0,0,0,2,0,39.9554,-75.2002, , 
55258,629452,2014003338,6,67,67301,2013,12,1,1515,15,1,1,0,4,1, , ,N,1,2,0,3,0,2,2,2,N,N,39 57:17.491,75 09:04.108,1523, ,1519,2,1,3,N, ,3,N, , , , , , , , ,2,1,0,0,0,0,1,0,0,0,0,0,2,2,0,0,0,0,0,0,0,0,0,0,0,0,0,0,0,0,0,0,0,0,0,8,0,39.9549,-75.1511, , 
55259,629453,2014009690,6,67,67301,2013,12,1,1430,14,1,4,1,4,1, , ,N,1,2,0,3,0,1,6,2,N, ,39 54:33.696,75 09:40.053,1430, ,1430, ,0, , , ,3, , , , , , , , , ,2,0,0,0,2,0,0,0,0,0,0,1,1,0,0,0,0,0,0,0,0,0,0,0,0,0,0,0,0,0,0,0,0,0,0,4,0,39.9094,-75.1611, , 
55260,629454,2014013579,6,67,67301,2013,12,2,117,1,3,1,1,5,1, , ,N,0,0,0,3,0,0,1,2,N,N,40 01:08.349,75 08:25.774,129, ,126, ,0, ,N, ,0, , , , , , , , , ,2,1,0,0,1,0,0,0,0,0,0,0,0,0,0,0,0,0,0,0,0,0,0,0,0,0,0,0,0,0,0,0,0,0,0,0,0,40.019,-75.1405, , 
55261,629459,2013122072,6,67,67301,2013,10,2,1613,16,1,1,0,1,1, , ,N,0,0,0,3,0,0,2,2,N,N,40 04:04.098,75 14:24.521,9999, ,9999, ,0, , , ,0, , , , , , , , , ,2,2,0,0,0,0,0,0,0,0,0,0,0,0,0,0,0,0,0,0,0,1,0,0,0,0,0,0,0,0,0,0,0,0,0,0,0,40.0678,-75.2401, , 
55262,629474,2014003301,6,67,67301,2013,12,7,1030,10,1,4,1,8,1, , ,N,1,2,0,3,0,1,3,3,N,N,39 58:28.427,75 11:00.483,1040, ,1034, ,0, ,N, ,3, , , , , , , , , ,2,1,0,1,0,0,0,0,0,0,0,1,1,0,0,0,0,0,0,0,0,0,0,0,0,0,0,0,0,0,0,0,1,0,0,4,1,39.9746,-75.1835, , 
55263,629510,2013129732,6,67,67301,2013,12,1,400,4,3,1,6,7,3, , ,N,0,0,3,3,0,0,1,1,N,N,39 54:56.187,75 11:24.707,405, ,400, ,0, ,N, ,0, , , , , , , , , ,1,1,0,0,0,0,0,0,0,0,0,0,0,0,0,0,0,0,0,0,0,0,0,0,0,0,0,0,0,0,0,0,0,0,0,0,0,39.9156,-75.1902, , 
55264,629545,2013121503,6,67,67301,2013,10,6,721,7,6,1,0,8,1, , ,N,0,0,0,3,0,1,2,2,N, ,39 56:03.850,75 13:18.080,1005, ,1002, ,0, , , ,0, , , , , , , , , ,1,0,0,0,0,0,0,0,0,0,0,1,1,0,1,0,0,0,0,0,0,0,0,0,0,0,0,0,0,0,0,0,1,0,0,4,0,39.9344,-75.2217, , 
55265,629560,2013123061,6,67,67301,2013,11,1,9999,99,1,1,0,8,1, , ,N,2,0,0,3,0,1,2,2,N,N,40 02:01.186,75 08:43.295,9999, ,9999, ,0, ,N, ,0, , , , , , , , , ,1,1,0,0,0,0,0,0,0,0,0,1,1,0,0,0,0,0,0,0,0,0,0,0,0,0,0,0,0,0,0,0,1,0,0,4,0,40.0337,-75.1454, , 
55266,629581,2013115363,6,67,67301,2013,10,7,2144,21,3,2,1,4,1, , ,N,1,2,0,3,0,1,3,2,N,N,39 57:08.078,75 12:24.915,2145, ,2144, ,0, ,N, ,3, , , , , , , , , ,2,2,0,0,0,0,0,0,0,0,0,1,1,0,0,0,0,0,0,0,0,0,0,0,0,0,0,0,0,0,0,0,0,0,0,4,0,39.9522,-75.2069, , 
55267,629604,2014013123,6,67,67301,2013,12,3,1550,15,1,1,0,1,1, , ,N,0,0,0,3,0,1,3,3,N,N,40 01:28.222,75 07:51.071,1555, ,1550,1,1,2,N, ,0,N, , , , , , , , ,3,3,0,0,0,0,0,0,0,0,0,1,1,0,0,0,0,0,0,0,0,1,0,0,0,0,0,0,0,0,0,0,0,0,0,4,0,40.0245,-75.1307, , 
55268,629627,2013129480,6,67,67301,2013,11,1,1003,10,1,1,0,1,1, , ,N,0,0,3,3,0,6,17,4,N, ,39 53:47.344,75 12:51.879,1030, ,1010,3,2,6, , ,0,Y, , , , , , , , ,4,0,0,0,0,0,4,0,0,0,0,6,6,0,0,0,0,0,0,0,0,0,0,0,0,0,0,0,0,0,0,0,0,0,0,4,0,39.8965,-75.2144, , 
55269,629637,2014006795,6,67,67301,2013,12,2,800,8,1,1,6,8,1, , ,N,1,3,0,3,0,1,2,2,N, ,39 57:32.256,75 14:07.331,1815, ,1810, ,0, , , ,3, , , , , , , , , ,1,0,0,0,0,0,0,0,0,0,0,1,1,0,0,0,0,0,0,0,0,0,0,0,0,0,0,0,0,0,0,0,1,0,0,4,0,39.959,-75.2354, , 
55270,629642,2013115345,6,67,67301,2013,10,5,1930,19,3,2,1,8,1, , ,N,1,2,0,3,0,1,2,2,N,N,40 02:20.299,75 09:00.122,1932, ,1932, ,0, ,N, ,3, , , , , , , , , ,1,0,0,0,0,0,1,0,0,1,0,0,1,0,0,0,0,0,0,0,1,0,0,0,0,0,0,0,0,0,0,0,1,0,1,2,0,40.039,-75.15, , 
55271,632774,2012049769,6,67,67301,2012,4,1,1630,16,1,1,0,8,1, , ,N,0,0,0,3,0,1,5,2,N,N,39 55:19.005,75 09:26.265,1640, ,1634,3,2,3,N, ,0,Y, , , , , , , , ,1,1,0,0,0,0,0,0,0,0,0,1,1,0,0,0,0,0,0,0,1,0,0,0,0,0,0,0,0,0,0,0,1,0,0,4,0,39.9219,-75.1573, , 
55272,632799,2012020550,6,67,67301,2012,1,7,1715,17,3,1,3,3,1, , ,N,1,3,0,3,0,1,4,2,N,N,39 55:26.520,75 14:42.150,1752, ,1748, ,0, ,N, ,3, , , , , , , , , ,2,2,0,0,0,0,0,0,0,0,0,1,1,0,0,0,0,0,0,0,0,0,0,0,0,0,0,0,0,0,0,0,0,0,0,4,0,39.924,-75.245, , 
55273,632805,2012026280,6,67,67301,2012,1,2,1749,17,3,6,1,1,1, , ,N,0,0,0,3,0,1,4,3,N,N,40 00:14.034,75 07:26.900,1749, ,1749,2,1,1,N, ,0,N, , , , , , , , ,3,1,0,0,2,0,0,0,0,0,0,0,1,1,0,0,0,1,1,0,0,0,0,0,0,0,0,0,0,0,0,0,0,0,0,8,0,40.0039,-75.1241, , 
55274,632811,2012030914,6,67,67301,2012,3,7,248,2,3,1,0,7,2, , ,N,0,0,0,3,0,0,1,1,N,N,39 58:33.735,75 11:42.232,258, ,252, ,0, ,N, ,0, , , , , , , , , ,1,1,0,0,0,0,0,0,0,0,0,0,0,0,0,0,0,0,0,0,0,0,0,0,0,0,0,0,0,0,0,0,0,0,0,0,0,39.976,-75.1951, , 
55275,632814,2012032668,6,67,67301,2012,2,6,1553,15,1,1,0,4,1, , ,N,1,2,0,3,0,1,4,2,N, ,39 55:26.156,75 13:19.597,1558, ,1553, ,0, , , ,3, , , , , , , , , ,2,2,0,0,0,0,0,0,0,0,0,0,1,1,0,0,0,0,0,0,0,0,0,0,0,0,0,0,0,0,0,0,0,0,0,8,0,39.9239,-75.2221, , 
55276,632817,2012034808,6,67,67301,2012,3,7,2140,21,3,1,0,4,7, , ,N,3,0,2,3,0,0,6,2,N,N,40 00:23.754,75 04:05.666,2145, ,2145, ,0, ,N, ,0, , , , , , , , , ,2,1,0,0,1,0,0,0,0,0,0,0,0,0,0,0,0,0,0,0,0,0,0,0,0,0,0,0,0,0,0,0,0,0,0,0,0,40.0066,-75.0682, , 
55277,632820,2012041560,6,67,67301,2012,3,6,1318,13,1,1,0,8,1, , ,N,1,2,0,3,0,1,3,2,N,N,40 03:40.658,75 05:00.623,1519, ,1518, ,0, , , ,3, , , , , , , , , ,1,1,0,0,0,0,0,0,0,0,0,1,1,0,0,0,0,0,0,1,0,0,0,0,0,0,0,0,0,0,0,0,1,0,0,4,0,40.0612,-75.0835, , 
55278,632828,2012047297,6,67,67301,2012,4,3,1457,14,1,1,0,4,1, , ,N,1,2,0,3,0,1,4,3,N,N,40 00:46.713,75 07:09.797,1503, ,1500, ,0, ,N, ,3, , , , , , , , , ,3,1,0,0,1,1,0,0,0,0,0,0,1,1,0,0,0,0,0,0,1,0,0,0,0,0,0,0,0,0,0,0,0,0,0,8,1,40.013,-75.1194, , 
55279,632832,2012048212,6,67,67301,2012,4,1,2000,20,3,2,1,8,1, , ,N,0,0,0,3,0,1,2,2,N,N,39 55:43.438,75 09:51.912,2003, ,2001, ,0, ,N, ,0, , , , , , , , , ,1,0,0,0,0,0,0,0,0,0,1,0,1,0,0,0,0,0,0,0,0,0,0,0,0,0,0,0,0,0,0,0,1,0,0,3,0,39.9287,-75.1644, , 
55280,632833,2012048266,6,67,67301,2012,4,1,2149,21,3,2,1,7,2, , ,N,0,0,0,3,0,1,1,1,N,N,40 05:19.447,75 02:42.133,2150, ,2149,1,1,3,N, ,0,N, , , , , , , , ,1,1,0,0,0,0,0,0,0,0,0,0,1,1,0,0,0,0,0,0,0,0,0,0,0,0,0,0,0,0,0,0,0,0,0,8,0,40.0887,-75.045, , 
55281,632849,2012015842,6,67,67301,2012,1,3,1420,14,1,1,0,4,1, , ,N,2,3,0,3,0,1,3,3,N,Y,40 01:52.509,75 07:13.047,1435, ,1430, ,0, ,N, ,3, , , , , , , , , ,3,2,0,0,0,0,0,1,0,0,0,0,1,1,0,0,0,0,0,0,1,0,0,0,0,0,0,0,0,0,0,0,0,0,0,8,0,40.0313,-75.1203, , 
55282,632850,2012020341,6,67,67301,2012,2,5,756,7,1,1,0,4,1, , ,N,1,2,0,3,0,2,8,2,N,N,39 57:27.667,75 12:21.885,756, ,756, ,0, ,N, ,3, , , , , , , , , ,2,2,0,0,0,0,0,0,0,0,0,2,2,0,0,0,0,0,0,0,1,0,0,0,0,0,0,0,0,0,0,0,0,0,0,4,0,39.9576,-75.206, , 
55283,632854,2012026060,6,67,67301,2012,1,3,1300,13,1,1,0,6,1, , ,N,1,2,0,3,0,1,2,2,N,N,39 59:58.554,75 07:30.237,1345, ,1345, ,0, ,N, ,3, , , , , , , , , ,2,2,0,0,0,0,0,0,0,0,0,1,1,0,0,0,0,0,0,0,0,0,0,0,0,0,0,0,0,0,0,0,0,0,0,4,0,39.9996,-75.1251, , 
55284,632859,2012028135,6,67,67301,2012,2,4,415,4,3,1,0,1,1, , ,N,0,0,0,3,0,0,2,2,N,N,40 01:07.364,75 03:25.991,420, ,415, ,0, ,N, ,0, , , , , , , , , ,2,2,0,0,0,0,0,0,0,0,0,0,0,0,0,0,0,0,1,0,0,0,0,0,0,0,0,0,0,0,0,0,0,0,0,0,0,40.0186,-75.0574, , 
55285,632869,2012039210,6,46,46104,2012,4,2,1250,12,1,1,0,4,1, , ,N,1,2,0,3,0,0,6,3,N,N,39 59:57.024,75 13:51.310,1252, ,1250, ,0, ,N, ,2, , , , , , , , , ,3,2,0,0,0,0,0,1,0,0,0,0,0,0,0,0,0,0,0,0,0,1,0,0,0,0,0,0,0,0,0,0,0,0,0,0,0,39.9991,-75.2309, , 