objectid_1,objectid,crn,district,county,municipality,crash_year,crash_month,day_of_week,time_of_day,hour_of_day,illumination,weather,road_condition,collision_type,relation_to_road,work_zone_type,work_zone_loc,work_zone_ind,intersect_type,tcd_type,location_type,urban_rural,fatal_count,injury_count,person_count,total_units,sch_bus_ind,sch_zone_ind,latitude,longitude,arrival_tm,cons_zone_spd_lim,dispatch_tm,est_hrs_closed,lane_closed,ln_close_dir,ntfy_hiwy_maint,spec_juris_cd,tcd_func_cd,tfc_detour_ind,workers_pres,wz_close_detour,wz_flagger,wz_law_offcr_ind,wz_ln_closure,wz_moving,wz_other,wz_shlder_mdn,vehicle_count,automobile_count,motorcycle_count,bus_count,small_truck_count,heavy_truck_count,suv_count,van_count,bicycle_count,maj_inj_count,mod_inj_count,min_inj_count,tot_inj_count,unk_inj_deg_count,unk_inj_per_count,driver_count_16yr,driver_count_17yr,driver_count_18yr,driver_count_19yr,driver_count_20yr,driver_count_50_64yr,driver_count_65_74yr,driver_count_75plus,unbelted_occ_count,unb_death_count,unb_maj_inj_count,belted_death_count,belted_maj_inj_count,mcycle_death_count,mcycle_maj_inj_count,bicycle_death_count,bicycle_maj_inj_count,ped_count,ped_death_count,ped_maj_inj_count,max_severity_level,comm_veh_count,dec_lat,dec_long,rdwy_surf_type_cd,county_name
55421,633199,2012026061,6,67,67301,2012,2,6,915,9,1,1,0,2,1, , ,N,1,2,0,3,0,1,2,2,N,N,40 01:27.462,75 03:46.191,924, ,924, ,0, ,N, ,3, , , , , , , , , ,2,2,0,0,0,0,0,0,0,0,0,1,1,0,0,0,0,0,0,0,0,0,1,0,0,0,0,0,0,0,0,0,0,0,0,4,0,40.0244,-75.0628, , 
55422,633215,2012045398,6,67,67301,2012,3,7,142,1,3,1,0,1,1, , ,N,1,2,0,3,0,1,3,2,N, ,40 00:11.036,75 09:51.469,145, ,145, ,0, , , ,3, , , , , , , , , ,2,2,0,0,0,0,0,0,0,0,1,0,1,0,0,0,0,0,0,0,0,0,0,0,0,0,0,0,0,0,0,0,0,0,0,3,0,40.0031,-75.1643, , 
55423,633219,2012047225,6,67,67301,2012,4,4,1620,16,1,1,0,4,1, , ,N,1,3,0,3,0,2,4,2,N, ,40 01:23.210,75 07:26.428,1624, ,1622, ,0, , , ,3, , , , , , , , , ,2,1,0,0,0,0,0,1,0,0,0,0,2,2,0,0,0,0,0,1,1,0,0,0,0,0,0,0,0,0,0,0,0,0,0,8,0,40.0231,-75.124, , 
55424,633261,2012047162,6,67,67301,2012,4,5,1100,11,1,1,0,8,1, , ,N,2,3,0,3,0,1,3,2,N, ,40 00:53.668,75 11:09.200,1120, ,1110, ,0, , , ,3, , , , , , , , , ,1,1,0,0,0,0,0,0,0,0,0,0,1,1,0,0,0,0,0,0,0,0,0,0,0,0,0,0,0,0,0,0,1,0,0,8,0,40.0149,-75.1859, , 
55425,633279,2012015453,6,67,67301,2012,1,3,1700,17,4,1,0,4,1, , ,N,1,2,0,3,0,4,9,3,N,N,40 02:08.080,75 07:25.889,1730, ,1722, ,0, ,N, ,3, , , , , , , , , ,3,2,0,0,0,0,1,0,0,0,0,0,4,4,0,0,0,0,0,0,0,0,0,0,0,0,0,0,0,0,0,0,0,0,0,8,0,40.0356,-75.1239, , 
55426,633294,2012032712,6,67,67301,2012,2,7,1730,17,3,1,0,8,1, , ,N,1,2,0,3,0,1,2,2,N,N,40 00:11.788,75 09:57.272,1755, ,1753, ,0, ,N, ,3, , , , , , , , , ,1,1,0,0,0,0,0,0,0,0,0,1,1,0,1,0,0,0,0,0,0,0,0,0,0,0,0,0,0,0,0,0,1,0,0,4,0,40.0033,-75.1659, , 
55427,633297,2012034663,6,67,67301,2012,3,1,1507,15,1,1,0,8,1, , ,N,1,3,0,3,0,1,3,2,N,N,39 54:59.306,75 09:28.681,1515, ,1510, ,0, ,N, ,3, , , , , , , , , ,1,0,0,0,1,0,0,0,0,0,0,1,1,0,0,0,0,0,0,0,0,0,0,0,0,0,0,0,0,0,0,0,1,0,0,4,0,39.9165,-75.158, , 
55428,633335,2012026156,6,67,67301,2012,1,6,1000,10,1,2,1,8,1, , ,N,1,2,0,3,0,1,2,2,N, ,40 01:59.118,75 10:52.400,1124, ,1115, ,0, ,N, ,3, , , , , , , , , ,1,0,0,0,0,0,1,0,0,0,0,0,1,1,0,0,0,0,0,0,0,1,0,0,0,0,0,0,0,0,0,0,1,0,0,8,0,40.0331,-75.1812, , 
55429,633340,2012032737,6,67,67301,2012,2,1,2157,21,3,1,0,4,1, , ,N,0,0,0,3,0,1,2,3,N,N,40 00:09.787,75 07:42.081,2203, ,2200, ,0, ,N, ,0, , , , , , , , , ,3,3,0,0,0,0,0,0,0,0,0,1,1,0,0,0,0,0,0,0,0,0,1,0,0,0,0,0,0,0,0,0,0,0,0,4,0,40.0027,-75.1284, , 
55430,633345,2012036860,6,67,67301,2012,3,7,2350,23,3,1,0,4,1, , ,N,1,0,0,3,0,2,3,3,N, ,39 56:00.848,75 08:41.132,1, ,2356, ,0, , , ,0, , , , , , , , , ,1,1,0,0,0,0,0,0,2,0,0,2,2,0,0,0,0,0,0,0,0,1,0,0,0,0,0,0,0,0,0,0,0,0,0,4,0,39.9336,-75.1448, , 
55431,633360,2012059624,6,67,67301,2012,6,7,1733,17,1,1,0,1,1, , ,N,0,0,0,3,0,0,3,3,N,N,39 57:32.782,75 10:17.952,1746, ,1733,1,1,4,N, ,0,N, , , , , , , , ,3,3,0,0,0,0,0,0,0,0,0,0,0,0,0,0,0,0,0,0,0,0,0,0,0,0,0,0,0,0,0,0,0,0,0,0,0,39.9591,-75.1717, , 
55432,633396,2012034744,6,67,67301,2012,2,6,1810,18,3,8,8,1,1, , ,N,1,0,0,3,0,1,2,2,N,N,39 56:58.408,75 12:33.123,1903, ,1852, ,0, ,N, ,0, , , , , , , , , ,2,0,0,0,0,0,2,0,0,0,0,0,1,1,0,0,0,0,0,1,0,0,0,0,0,0,0,0,0,0,0,0,0,0,0,8,0,39.9495,-75.2093, , 
55433,633397,2012036967,6,67,67301,2012,3,6,840,8,1,1,0,4,1, , ,N,1,2,0,3,0,1,2,2,N, ,40 02:25.526,75 03:55.923,845, ,842, ,0, , , ,3, , , , , , , , , ,2,1,0,0,1,0,0,0,0,0,0,1,1,0,0,0,0,0,0,0,0,0,0,0,0,0,0,0,0,0,0,0,0,0,0,4,0,40.0404,-75.0655, , 
55434,633400,2012041563,6,67,67301,2012,3,5,1135,11,1,1,0,8,1, , ,N,1,2,0,3,0,1,2,2,N,N,39 58:22.735,75 13:34.041,1145, ,1145, ,0, ,N, ,3, , , , , , , , , ,1,1,0,0,0,0,0,0,0,0,0,1,1,0,0,0,0,0,0,0,0,0,0,0,0,0,0,0,0,0,0,0,1,0,0,4,0,39.973,-75.2261, , 
55435,640380,2012029701,6,67,67301,2012,3,6,1810,18,1,1,0,1,1, , ,N,0,0,0,3,0,1,2,2,N,N,39 57:26.776,75 09:30.920,1837, ,1825, ,0, ,N, ,0, , , , , , , , , ,2,2,0,0,0,0,0,0,0,0,0,0,1,1,0,0,0,0,0,0,0,0,0,0,0,0,0,0,0,0,0,0,0,0,0,8,0,39.9574,-75.1586, , 
55436,640384,2012034696,6,67,67301,2012,3,6,1754,17,1,1,0,4,1, , ,N,0,0,0,3,0,1,2,2,N,N,40 04:16.870,75 14:25.396,1800, ,1754, ,0, ,N, ,0, , , , , , , , , ,2,1,0,0,1,0,0,0,0,0,0,0,1,1,0,0,1,0,0,0,0,0,0,0,0,0,0,0,0,0,0,0,0,0,0,8,0,40.0714,-75.2404, , 
55437,640395,2012048327,6,67,67301,2012,4,6,1029,10,1,1,0,4,1, , ,N,1,2,0,3,0,1,4,3,N,N,40 04:28.071,75 02:05.821,1030, ,1029,1,1,2,N, ,3,N, , , , , , , , ,3,1,0,0,1,0,1,0,0,0,0,1,1,0,0,0,0,0,0,0,0,0,0,0,0,0,0,0,0,0,0,0,0,0,0,4,0,40.0745,-75.035, , 
55438,640433,2012034814,6,67,67301,2012,3,3,2003,20,3,1,8,4,1, , ,N,1,2,0,3,0,0,2,2,N,N,39 58:32.542,75 07:13.776,2020, ,2003, ,0, , , ,3, , , , , , , , , ,2,2,0,0,0,0,0,0,0,0,0,0,0,0,0,0,0,0,0,0,1,0,0,0,0,0,0,0,0,0,0,0,0,0,0,0,0,39.9749,-75.1215, , 
55439,640441,2012041608,6,67,67301,2012,3,2,1411,14,1,1,0,1,1, , ,N,0,2,6,3,0,2,3,3,N,N,40 01:21.612,75 08:12.364,1751, ,1431,3,2,3,N, ,3,N, , , , , , , , ,3,3,0,0,0,0,0,0,0,0,0,0,2,2,0,0,0,0,0,0,1,1,0,0,0,0,0,0,0,0,0,0,0,0,0,8,0,40.0227,-75.1368, , 
55440,640450,2012002600,6,67,67301,2012,1,1,1250,12,1,1,0,4,1, , ,N,0,0,0,3,0,2,2,2,N,N,39 56:11.593,75 08:40.359,1308, ,1254,1,2,2,N, ,0,N, , , , , , , , ,2,0,0,0,2,0,0,0,0,0,0,2,2,0,0,0,0,0,0,0,0,0,0,0,0,0,0,0,0,0,0,0,0,0,0,4,0,39.9366,-75.1445, , 
55441,640462,2012017947,6,67,67301,2012,1,3,831,8,1,2,1,0,1, , ,N,0,0,0,3,0,1,1,3,N,N,39 56:18.211,75 11:29.927,833, ,832, ,0, ,N, ,0, , , , , , , , , ,3,1,0,0,1,0,1,0,0,0,0,1,1,0,0,0,0,0,0,0,0,0,0,0,0,0,0,0,0,0,0,0,0,0,0,4,0,39.9384,-75.1916, , 
55442,640485,2012047294,6,67,67301,2012,4,6,2127,21,3,1,0,4,2, , ,N,0,0,0,3,0,1,2,2,N, ,39 55:51.081,75 09:42.544,2128, ,2127, ,0, ,N, ,0, , , , , , , , , ,2,1,0,0,1,0,0,0,0,0,0,1,1,0,0,0,0,0,0,0,1,0,0,0,0,0,0,0,0,0,0,0,0,0,0,4,0,39.9309,-75.1618, , 
55443,640486,2012049679,6,67,67301,2012,4,1,9999,99,6,9,8,8,1, , ,N,2,3,0,3,0,1,2,2,N,N,40 02:17.715,75 08:41.264,2050, ,2042, ,0, ,N, ,3, , , , , , , , , ,1,1,0,0,0,0,0,0,0,0,0,1,1,0,1,0,0,0,0,0,0,0,0,0,0,0,0,0,0,0,0,0,1,0,0,4,0,40.0383,-75.1448, , 
55444,640494,2012056591,6,67,67301,2012,5,5,1300,13,1,9,8,4,1, , ,N,1,0,0,3,0,1,2,2,N,N,39 59:53.100,75 13:59.645,9999, ,2350, ,0, ,N, ,0, , , , , , , , , ,2,2,0,0,0,0,0,0,0,0,0,1,1,0,1,0,0,0,0,0,0,0,0,0,0,0,0,0,0,0,0,0,0,0,0,4,0,39.998,-75.2332, , 
55445,640526,2012027617,6,67,67301,2012,3,6,743,7,1,1,0,1,1, , ,N,0,0,0,3,0,0,3,3,N,N,39 59:16.508,75 05:21.803,757, ,745,1,2,2,N, ,0,N, , , , , , , , ,3,1,0,0,1,0,1,0,0,0,0,0,0,0,0,0,0,0,0,0,1,0,0,0,0,0,0,0,0,0,0,0,0,0,0,0,0,39.988,-75.0893, , 
55446,640530,2012032724,6,67,67301,2012,3,1,925,9,1,1,0,4,1, , ,N,1,2,0,3,0,5,5,3,N,N,40 02:22.238,75 09:15.873,936, ,934,3,2,7,N, ,3,Y, , , , , , , , ,3,2,0,0,1,0,0,0,0,0,0,5,5,0,0,0,0,0,0,0,0,0,1,0,0,0,0,0,0,0,0,0,0,0,0,4,0,40.0395,-75.1544, , 
55447,640534,2012034738,6,67,67301,2012,2,4,1645,16,1,1,0,4,1, , ,N,0,0,7,3,0,1,2,2,N,N,39 59:59.135,75 08:20.216,1940, ,1940, ,0, , , ,0, , , , , , , , , ,1,1,0,0,0,0,0,0,1,0,0,1,1,0,0,0,0,0,0,0,0,0,0,0,0,0,0,0,0,0,0,0,0,0,0,4,0,39.9998,-75.1389, , 
55448,640535,2012034782,6,67,67301,2012,3,7,131,1,3,2,1,7,6, , ,N,0,0,0,3,0,0,1,1,N,N,39 56:01.266,75 13:01.868,250, ,247,9,1,3,N, ,0,N, , , , , , , , ,1,1,0,0,0,0,0,0,0,0,0,0,0,0,0,0,0,0,0,0,0,0,0,0,0,0,0,0,0,0,0,0,0,0,0,0,0,39.9337,-75.2172, , 
55449,640536,2012034815,6,67,67301,2012,3,5,1608,16,1,1,0,5,1, , ,N,1,2,0,3,0,1,3,2,N, ,39 58:18.518,75 07:33.433,1608, ,1608, ,0, , , ,3, , , , , , , , , ,2,1,0,0,0,0,1,0,0,0,0,1,1,0,0,0,0,0,0,0,0,0,0,0,0,0,0,0,0,0,0,0,0,0,0,4,0,39.9717,-75.1259, , 
55450,640537,2012037407,6,67,67301,2012,3,3,1426,14,1,1,0,1,1, , ,N,0,2,0,3,0,1,2,2,N,N,40 04:42.267,74 59:55.562,1436, ,1431, ,0, ,N, ,3, , , , , , , , , ,2,2,0,0,0,0,0,0,0,0,0,1,1,0,0,0,0,0,0,0,1,0,0,0,0,0,0,0,0,0,0,0,0,0,0,4,0,40.0784,-74.9988, , 
55451,640546,2012041464,6,67,67301,2012,3,5,1045,10,1,1,0,2,1, , ,N,1,2,0,3,0,0,2,2,N, ,40 05:53.765,75 02:49.794,1052, ,1051, ,0, , , ,3, , , , , , , , , ,2,1,0,0,1,0,0,0,0,0,0,0,0,0,0,0,0,0,0,0,1,0,0,0,0,0,0,0,0,0,0,0,0,0,0,0,0,40.0984,-75.0471, , 
55452,640547,2012042175,6,67,67301,2012,3,6,1725,17,1,1,0,4,1, , ,N,0,0,0,3,0,1,2,2,N,N,40 01:52.219,75 07:49.310,1740, ,1730, ,0, ,N, ,0, , , , , , , , , ,1,1,0,0,0,0,0,0,1,0,0,1,1,0,0,0,0,0,0,0,0,0,0,0,0,0,0,0,0,0,0,0,0,0,0,4,0,40.0312,-75.1304, , 
55453,637185,2012032599,6,67,67301,2012,2,3,1546,15,1,1,0,4,1, , ,N,1,2,0,3,0,1,5,2,N,N,40 02:16.088,75 04:28.064,1714, ,1705, ,0, , , ,3, , , , , , , , , ,2,1,0,0,0,0,0,1,0,0,0,1,1,0,0,0,0,0,0,0,2,0,0,0,0,0,0,0,0,0,0,0,0,0,0,4,0,40.0378,-75.0745, , 
55454,637186,2012032626,6,67,67301,2012,2,2,1106,11,1,1,0,4,1, , ,N,1,2,0,3,0,1,9,2,N,N,39 57:22.442,75 13:10.587,1106, ,1106, ,0, ,N, ,3, , , , , , , , , ,2,1,0,0,0,0,0,1,0,0,1,0,1,0,0,0,0,0,0,0,0,0,0,0,0,0,0,0,0,0,0,0,0,0,0,3,0,39.9562,-75.2196, , 
55455,637204,2012046685,6,67,67301,2012,5,5,800,8,1,1,0,1,1, , ,N,0,2,7,3,0,1,9,2,Y,N,40 04:59.632,75 01:34.311,830, ,803,2,1,1,N, ,3,N, , , , , , , , ,2,1,0,1,0,0,0,0,0,0,0,1,1,0,0,0,0,0,0,0,1,0,0,0,0,0,0,0,0,0,0,0,0,0,0,4,1,40.0832,-75.0262, , 
55456,637205,2012048302,6,67,67301,2012,4,3,2208,22,3,1,0,4,1, , ,N,1,2,0,3,0,1,2,2,N,N,40 02:12.109,75 09:30.211,2208, ,2208, ,0, ,N, ,3, , , , , , , , , ,2,1,0,0,0,0,1,0,0,0,0,1,1,0,0,0,0,0,0,0,0,0,0,1,0,0,0,0,0,0,0,0,0,0,0,4,0,40.0367,-75.1584, , 
55457,637206,2012048315,6,67,67301,2012,3,3,1133,11,1,1,0,8,2, , ,N,2,0,0,3,0,1,3,2,N,N,39 57:08.168,75 10:06.941,1140, ,1135, ,0, , , ,0, , , , , , , , , ,1,1,0,0,0,0,0,0,0,0,0,1,1,0,0,0,0,0,0,0,0,0,0,1,0,0,0,0,0,0,0,0,1,0,0,4,0,39.9523,-75.1686, , 
55458,637208,2012049803,6,67,67301,2012,4,5,1443,14,1,1,0,3,2, , ,N,0,0,0,3,0,1,2,6,N,N,40 01:22.872,75 13:09.418,1447, ,1445, ,0, ,N, ,0, , , , , , , , , ,6,2,0,0,0,0,3,1,0,0,0,0,1,1,0,0,0,0,0,0,0,1,0,1,0,0,0,0,0,0,0,0,0,0,0,8,0,40.023,-75.2193, , 
55459,637222,2012015831,6,67,67301,2012,1,1,0,0,3,1,0,4,1, , ,N,1,0,0,3,0,6,15,2,N, ,39 57:14.550,75 10:36.040,0, ,9999, ,0, , , ,0, , , , , , , , , ,2,1,0,0,0,0,0,1,0,0,0,6,6,0,9,0,0,0,0,0,1,0,0,15,0,0,0,0,0,0,0,0,0,0,0,4,0,39.954,-75.1767, , 
55460,637231,2012028259,6,67,67301,2012,3,4,651,6,1,1,0,1,1, , ,N,0,0,0,3,0,1,3,3,N,N,39 57:32.731,75 10:17.543,704, ,655, ,0, ,N, ,0, , , , , , , , , ,3,2,0,0,0,0,1,0,0,0,0,0,1,1,0,0,0,0,0,0,0,0,0,0,0,0,0,0,0,0,0,0,0,0,0,8,0,39.9591,-75.1715, , 
55461,637240,2012041706,6,67,67301,2012,3,6,123,1,3,1,0,4,1, , ,N,5,2,0,3,0,1,2,2,N,N,39 57:42.623,75 09:27.136,128, ,124, ,0, ,N, ,3, , , , , , , , , ,1,1,0,0,0,0,0,0,1,0,0,0,1,1,0,0,0,0,0,0,1,0,0,0,0,0,0,0,0,0,0,0,0,0,0,8,0,39.9617,-75.1575, , 
55462,637250,2012050551,6,67,67301,2012,5,4,2328,23,3,1,1,5,1, , ,N,0,0,0,3,0,0,2,2,N,N,39 52:50.759,75 14:49.345,2344, ,2331, ,0, ,N, ,0, , , , , , , , , ,2,2,0,0,0,0,0,0,0,0,0,0,0,0,0,0,0,0,0,0,0,0,0,0,0,0,0,0,0,0,0,0,0,0,0,0,0,39.8808,-75.247, , 
55463,637305,2012049783,6,67,67301,2012,4,7,516,5,3,1,0,4,1, , ,N,1,2,0,3,0,2,2,2,N,N,39 59:35.701,75 08:57.301,516, ,516,3,1,3,N, ,3,N, , , , , , , , ,2,1,0,0,1,0,0,0,0,0,2,0,2,0,0,0,0,0,0,0,0,0,0,0,0,0,0,0,0,0,0,0,0,0,0,3,0,39.9932,-75.1492, , 
55464,637317,2012017898,6,67,67301,2012,1,4,905,9,1,1,0,4,1, , ,N,1,3,0,3,0,0,2,2,N,N,40 02:35.872,75 04:14.264,911, ,911, ,0, ,N, ,3, , , , , , , , , ,2,2,0,0,0,0,0,0,0,0,0,0,0,0,0,0,0,0,0,0,1,0,0,1,0,0,0,0,0,0,0,0,0,0,0,0,0,40.0433,-75.0706, , 
55465,637319,2012019953,6,67,67301,2012,1,5,903,9,1,2,1,1,1, , ,N,5,2,0,3,0,0,3,3,N,N,40 03:27.548,75 09:43.791,923, ,920, ,0, ,N, ,3, , , , , , , , , ,3,2,0,0,0,0,1,0,0,0,0,0,0,0,0,0,0,0,0,0,1,0,0,1,0,0,0,0,0,0,0,0,0,0,0,0,0,40.0577,-75.1622, , 
55466,637334,2012036813,6,67,67301,2012,3,5,1520,15,1,1,0,1,1, , ,N,0,0,0,3,0,2,4,2,N, ,39 55:03.580,75 10:45.739,1535, ,1533, ,0, , , ,0, , , , , , , , , ,2,2,0,0,0,0,0,0,0,0,2,0,2,0,0,0,0,0,0,0,0,0,0,1,0,0,0,0,0,0,0,0,0,0,0,3,0,39.9177,-75.1794, , 
55467,637341,2012041721,6,67,67301,2012,4,3,9999,99,1,1,0,4,2, , ,N,0,0,7,3,0,1,2,2,N,N,39 56:20.655,75 11:31.791,1035, ,1034, ,0, ,N, ,0, , , , , , , , , ,1,0,0,0,0,0,0,1,1,0,0,1,1,0,0,0,0,0,0,0,0,0,0,0,0,0,0,0,0,0,0,0,0,0,0,4,0,39.9391,-75.1922, , 
55468,637350,2012056562,6,67,67301,2012,5,4,1720,17,1,1,0,4,1, , ,N,0,0,0,3,0,4,5,3,N,N,39 55:12.918,75 14:30.926,1728, ,1725,9,2,4,N, ,0,Y, , , , , , , , ,3,2,0,0,0,0,0,0,0,0,0,0,4,4,0,0,0,0,0,0,1,0,0,0,0,0,0,0,0,0,0,0,0,0,0,8,0,39.9203,-75.2419, , 
55469,637351,2012056679,6,67,67301,2012,5,3,1600,16,1,2,1,7,5, , ,N,2,3,0,3,0,2,2,1,N,N,39 57:58.510,75 14:13.937,1605, ,1604, ,0, ,N, ,3, , , , , , , , , ,1,1,0,0,0,0,0,0,0,0,0,2,2,0,0,0,0,0,0,0,0,0,0,0,0,0,0,0,0,0,0,0,0,0,0,4,0,39.9663,-75.2372, , 
55470,637381,2012026067,6,67,67301,2012,2,3,1835,18,3,1,0,4,1, , ,N,0,0,0,3,0,1,2,3,N,N,39 58:35.492,75 12:46.981,1850, ,1839, ,0, ,N, ,0, , , , , , , , , ,3,2,0,0,0,1,0,0,0,0,0,1,1,0,0,0,0,0,0,0,0,0,0,0,0,0,0,0,0,0,0,0,0,0,0,4,0,39.9765,-75.213, , 
55471,630071,2014009810,6,67,67301,2013,12,7,30,0,3,2,1,4,1, , ,N,2,3,0,3,0,0,1,2,N,N,39 58:23.649,75 11:57.263,55, ,49, ,0, , , ,3, , , , , , , , , ,2,2,0,0,0,0,0,0,0,0,0,0,0,0,1,0,0,0,0,0,0,0,0,0,0,0,0,0,0,0,0,0,0,0,0,9,0,39.9732,-75.1992, , 
55472,630086,2014001084,6,67,67301,2013,11,2,110,1,3,1,0,7,4, , ,N,0,0,0,3,0,1,1,1,N,N,39 58:46.489,75 13:31.119,114, ,114,9,2,1,N, ,0,N, , , , , , , , ,1,1,0,0,0,0,0,0,0,0,0,1,1,0,0,0,0,0,0,0,0,0,0,0,0,0,0,0,0,0,0,0,0,0,0,4,0,39.9796,-75.2253, , 
55473,630093,2013112788,6,67,67301,2013,11,4,1748,17,3,1,0,1,1, , ,N,0,0,0,3,0,1,3,3,N,N,39 59:31.913,75 12:05.614,1748, ,1748,1,2,4,N, ,0,N, , , , , , , , ,3,1,0,0,0,0,2,0,0,0,0,1,1,0,0,0,0,0,0,0,0,0,0,0,0,0,0,0,0,0,0,0,0,0,0,4,0,39.9922,-75.2016, , 
55474,630105,2013122963,6,67,67301,2013,11,1,1900,19,3,1,0,4,1, , ,N,1,2,0,3,0,1,2,2,N,N,39 57:29.532,75 14:07.900,1916, ,1913, ,0, ,N, ,3, , , , , , , , , ,1,1,0,0,0,0,0,0,1,0,0,1,1,0,0,0,0,0,0,0,0,0,0,0,0,0,0,0,0,0,0,0,0,0,0,4,0,39.9582,-75.2355, , 
55475,630109,2013125958,6,67,67301,2013,11,4,1600,16,1,1,0,1,1, , ,N,2,0,0,3,0,1,1,2,N,N,39 58:11.244,75 10:52.985,1627, ,1620, ,0, ,N, ,0, , , , , , , , , ,2,1,0,0,0,0,1,0,0,0,0,0,1,1,0,0,0,0,0,0,1,0,0,0,0,0,0,0,0,0,0,0,0,0,0,8,0,39.9698,-75.1814, , 
55476,630113,2013129476,6,67,67301,2013,11,3,630,6,5,1,0,1,1, , ,N,0,0,0,3,0,1,3,3,N,N,40 01:08.179,75 08:50.531,650, ,635,1,1,2,N, ,0,N, , , , , , , , ,3,2,0,0,0,0,0,1,0,0,0,1,1,0,0,0,0,0,0,0,0,0,0,0,0,0,0,0,0,0,0,0,0,0,0,4,0,40.0189,-75.1474, , 
55477,630122,2013129445,6,67,67301,2013,11,2,1633,16,1,1,0,8,1, , ,N,1,3,0,3,0,1,2,2,N, ,39 56:35.516,75 09:30.711,1635, ,1634, ,0, , , ,3, , , , , , , , , ,1,1,0,0,0,0,0,0,0,0,0,1,1,0,0,0,0,0,0,0,0,0,0,0,0,0,0,0,0,0,0,0,1,0,0,4,0,39.9432,-75.1585, , 
55478,630131,2013106750,6,67,67301,2013,9,7,1119,11,1,1,0,4,1, , ,N,1,2,0,3,0,1,4,2,N,N,39 57:26.638,75 09:25.497,1123, ,1119, ,0, ,N, ,3, , , , , , , , , ,1,1,0,0,0,0,0,0,1,0,0,1,1,0,0,0,0,0,0,0,0,0,0,0,0,0,0,0,0,0,0,0,0,0,0,4,0,39.9574,-75.1571, , 
55479,630141,2013122901,6,67,67301,2013,11,2,2036,20,3,1,0,8,1, , ,N,1,2,0,3,0,1,2,2,N,N,39 59:47.940,75 10:31.961,2038, ,2038, ,0, ,N, ,2, , , , , , , , , ,1,1,0,0,0,0,0,0,0,0,0,1,1,0,0,0,0,0,0,0,0,0,0,0,0,0,0,0,0,0,0,0,1,0,0,4,0,39.9967,-75.1755, , 
55480,630144,2013125902,6,67,67301,2013,11,1,9999,99,3,1,0,1,1, , ,N,0,0,0,3,0,2,5,3,N, ,39 54:18.233,75 10:27.194,9999, ,9999, ,0, , , ,0, , , , , , , , , ,3,3,0,0,0,0,0,0,0,0,0,2,2,0,0,0,0,0,0,0,0,0,0,0,0,0,0,0,0,0,0,0,0,0,0,4,0,39.9051,-75.1742, , 
55481,630155,2014013590,6,67,67301,2013,12,7,200,2,3,1,0,8,1, , ,N,0,0,0,3,0,1,2,2,N,N,39 57:05.841,75 09:28.703,9999, ,9999, ,0, ,N, ,0, , , , , , , , , ,1,1,0,0,0,0,0,0,0,0,1,0,1,0,0,0,0,0,0,0,0,0,0,0,0,0,0,0,0,0,0,0,1,0,0,3,0,39.9516,-75.158, , 
55482,630158,2014031214,6,67,67301,2013,12,6,320,3,3,1,0,2,6, , ,N,0,0,0,3,0,1,1,2,N,N,40 05:48.990,74 58:33.968,324, ,322,9,1,2,N, ,0,Y, , , , , , , , ,2,1,0,0,0,0,1,0,0,0,0,1,1,0,0,0,0,0,0,0,0,0,0,0,0,0,0,0,0,0,0,0,0,0,0,4,0,40.0969,-74.9761, , 
55483,630159,2013101168,6,67,67301,2013,9,4,633,6,1,1,0,5,2, , ,N,1,0,0,3,0,0,1,3,N, ,39 58:14.635,75 10:09.919,636, ,634,1,2,4, , ,0,Y, , , , , , , , ,3,3,0,0,0,0,0,0,0,0,0,0,0,0,0,0,0,0,0,0,0,0,0,0,0,0,0,0,0,0,0,0,0,0,0,0,0,39.9707,-75.1694, , 
55484,630160,2013101174,6,67,67301,2013,9,2,1405,14,1,1,0,1,1, , ,N,2,2,7,3,0,1,2,2,N, ,40 04:44.129,75 01:31.222,1415, ,1410, ,0, , , ,3, , , , , , , , , ,2,0,0,0,2,0,0,0,0,0,1,0,1,0,0,0,0,0,0,0,0,1,0,0,0,0,0,0,0,0,0,0,0,0,0,3,0,40.0789,-75.0253, , 
55485,630185,2013121383,6,67,67301,2013,7,6,2040,20,3,2,1,2,1, , ,N,0,0,0,3,0,2,9,2,N, ,40 00:48.733,75 12:01.299,2047, ,2044,3,2,6, , ,0,Y, , , , , , , , ,2,0,0,0,1,0,1,0,0,0,1,0,2,1,7,0,0,0,0,1,0,0,0,0,0,0,0,0,0,0,0,0,0,0,0,3,0,40.0135,-75.2004, , 
55486,630191,2013126983,6,67,67301,2013,11,4,1100,11,1,1,0,4,1, , ,N,1,2,0,3,0,0,2,2,N,N,39 57:44.928,75 12:58.376,1112, ,1105, ,0, ,N, ,3, , , , , , , , , ,2,2,0,0,0,0,0,0,0,0,0,0,0,0,1,0,0,0,0,0,0,0,0,0,0,0,0,0,0,0,0,0,0,0,0,9,0,39.9624,-75.2158, , 
55487,630208,2013124643,6,67,67301,2013,11,7,2030,20,1,1,0,8,1, , ,N,0,0,0,3,0,1,2,2,N, ,39 55:17.533,75 08:59.661,2040, ,2037, ,0, , , ,0, , , , , , , , , ,1,1,0,0,0,0,0,0,0,0,0,1,1,0,0,0,0,0,0,0,0,0,0,0,0,0,0,0,0,0,0,0,1,0,0,4,0,39.9215,-75.1499, , 
55488,630209,2013124839,6,67,67301,2013,12,5,938,9,1,1,1,1,1, , ,N,0,0,0,3,0,0,2,2,N,N,39 58:50.018,75 12:20.543,943, ,939,1,2,4,N, ,0,N, , , , , , , , ,2,1,0,0,0,0,1,0,0,0,0,0,0,0,0,0,0,0,0,0,0,0,0,0,0,0,0,0,0,0,0,0,0,0,0,0,0,39.9806,-75.2057, , 