objectid_1,objectid,crn,district,county,municipality,crash_year,crash_month,day_of_week,time_of_day,hour_of_day,illumination,weather,road_condition,collision_type,relation_to_road,work_zone_type,work_zone_loc,work_zone_ind,intersect_type,tcd_type,location_type,urban_rural,fatal_count,injury_count,person_count,total_units,sch_bus_ind,sch_zone_ind,latitude,longitude,arrival_tm,cons_zone_spd_lim,dispatch_tm,est_hrs_closed,lane_closed,ln_close_dir,ntfy_hiwy_maint,spec_juris_cd,tcd_func_cd,tfc_detour_ind,workers_pres,wz_close_detour,wz_flagger,wz_law_offcr_ind,wz_ln_closure,wz_moving,wz_other,wz_shlder_mdn,vehicle_count,automobile_count,motorcycle_count,bus_count,small_truck_count,heavy_truck_count,suv_count,van_count,bicycle_count,maj_inj_count,mod_inj_count,min_inj_count,tot_inj_count,unk_inj_deg_count,unk_inj_per_count,driver_count_16yr,driver_count_17yr,driver_count_18yr,driver_count_19yr,driver_count_20yr,driver_count_50_64yr,driver_count_65_74yr,driver_count_75plus,unbelted_occ_count,unb_death_count,unb_maj_inj_count,belted_death_count,belted_maj_inj_count,mcycle_death_count,mcycle_maj_inj_count,bicycle_death_count,bicycle_maj_inj_count,ped_count,ped_death_count,ped_maj_inj_count,max_severity_level,comm_veh_count,dec_lat,dec_long,rdwy_surf_type_cd,county_name
55489,630214,2013130114,6,67,67301,2013,11,7,955,9,1,1,0,4,1, , ,N,1,3,0,3,0,0,2,2,N,N,40 01:51.034,75 13:03.745,1010, ,1002, ,0, ,N, ,3, , , , , , , , , ,2,2,0,0,0,0,0,0,0,0,0,0,0,0,0,0,0,0,0,0,0,1,0,0,0,0,0,0,0,0,0,0,0,0,0,0,0,40.0308,-75.2177, , 
55490,633401,2012042181,6,67,67301,2012,3,1,0,0,3,1,0,7,3, , ,N,0,0,0,3,0,1,2,1,N,N,39 58:07.909,75 08:09.228,10, ,2, ,0, ,N, ,0, , , , , , , , , ,1,1,0,0,0,0,0,0,0,0,0,1,1,0,0,0,0,0,0,0,0,0,0,0,0,0,0,0,0,0,0,0,0,0,0,4,0,39.9689,-75.1359, , 
55491,633437,2012034683,6,67,67301,2012,2,2,1220,12,1,1,0,4,1, , ,N,3,2,0,3,0,1,2,2,N,N,39 54:27.172,75 11:24.082,1233, ,1229,1,2,1,N, ,3,Y, , , , , , , , ,2,2,0,0,0,0,0,0,0,0,0,1,1,0,0,0,0,1,0,0,0,0,0,2,0,0,0,0,0,0,0,0,0,0,0,4,0,39.9075,-75.19, , 
55492,633452,2012049739,6,67,67301,2012,4,3,1305,13,1,1,0,4,1, , ,N,2,3,0,3,0,1,3,2,N,N,39 56:56.756,75 13:15.934,1323, ,1319, ,0, ,N, ,3, , , , , , , , , ,2,1,0,0,1,0,0,0,0,0,0,1,1,0,0,0,0,0,0,0,1,0,0,0,0,0,0,0,0,0,0,0,0,0,0,4,0,39.9491,-75.2211, , 
55493,633473,2012028187,6,67,67301,2012,2,7,955,9,1,4,5,4,1, , ,N,1,3,0,3,0,1,7,3,N,N,40 02:17.472,75 04:42.853,1020, ,1002, ,0, , , ,3, , , , , , , , , ,3,2,0,0,0,0,0,1,0,0,0,1,1,0,0,0,1,0,0,0,1,0,0,0,0,0,0,0,0,0,0,0,0,0,0,4,0,40.0382,-75.0786, , 
55494,633483,2012033065,6,67,67301,2012,2,3,1145,11,1,1,0,1,1, , ,N,1,2,0,3,0,1,3,2,N,N,39 55:03.079,75 09:22.114,1155, ,1150, ,0, ,N, ,3, , , , , , , , , ,2,0,0,0,0,0,1,1,0,0,0,1,1,0,0,0,0,0,1,0,0,0,0,2,0,0,0,0,0,0,0,0,0,0,0,4,0,39.9175,-75.1561, , 
55495,633499,2012047119,6,67,67301,2012,4,5,2207,22,3,1,0,4,1, , ,N,1,3,0,3,0,1,5,2,N,N,39 54:26.280,75 11:16.256,2211, ,2208,1,1,3,N, ,3,N, , , , , , , , ,2,2,0,0,0,0,0,0,0,0,0,0,1,1,3,0,0,0,0,0,1,0,0,1,0,0,0,0,0,0,0,0,0,0,0,8,0,39.9073,-75.1878, , 
55496,633500,2012047198,6,67,67301,2012,4,5,800,8,1,9,0,1,1, , ,N,3,2,0,3,0,3,3,3,N,N,39 54:04.923,75 14:21.456,813, ,807, ,0, ,N, ,3, , , , , , , , , ,3,2,0,0,1,0,0,0,0,1,0,0,3,2,0,0,0,0,0,0,0,0,0,1,0,0,0,0,0,0,0,0,0,0,0,2,0,39.9014,-75.2393, , 
55497,633503,2012048152,6,67,67301,2012,4,4,2238,22,3,1,0,4,2, , ,N,0,0,0,3,0,1,2,2,N,N,40 00:09.434,75 05:44.082,1, ,2355, ,0, ,N, ,0, , , , , , , , , ,2,2,0,0,0,0,0,0,0,0,0,0,1,1,0,0,1,0,0,0,0,0,0,0,0,0,0,0,0,0,0,0,0,0,0,8,0,40.0026,-75.0956, , 
55498,633508,2012051895,6,67,67301,2012,4,2,2130,21,6,1,0,8,1, , ,N,1,0,0,3,0,1,2,2,N, ,40 03:26.888,75 10:49.839,331, ,331, ,0, , , ,0, , , , , , , , , ,1,1,0,0,0,0,0,0,0,1,0,0,1,0,1,0,0,0,0,0,0,0,0,0,0,0,0,0,0,0,0,0,1,0,1,2,0,40.0575,-75.1805, , 
55499,633519,2012014641,6,67,67301,2012,2,4,1814,18,3,1,0,1,1, , ,N,0,0,0,3,0,2,5,5,N,N,40 03:16.420,74 59:07.826,1841, ,1825,1,2,2,N, ,0,N, , , , , , , , ,5,5,0,0,0,0,0,0,0,0,0,2,2,0,0,0,0,0,0,0,1,0,0,0,0,0,0,0,0,0,0,0,0,0,0,4,0,40.0546,-74.9854, , 
55500,633521,2012017823,6,67,67301,2012,1,7,40,0,3,4,5,1,1, , ,N,1,2,0,3,0,1,4,3,N,N,39 58:06.293,75 07:38.746,50, ,45, ,0, ,N, ,3, , , , , , , , , ,3,1,0,0,1,0,1,0,0,0,0,1,1,0,0,0,0,0,0,0,1,0,0,0,0,0,0,0,0,0,0,0,0,0,0,4,0,39.9684,-75.1274, , 
55501,633529,2012026094,6,67,67301,2012,2,2,1625,16,1,1,0,1,1, , ,N,1,2,0,3,0,0,3,2,N,N,40 03:44.832,74 59:13.249,1625, ,1625, ,0, ,N, ,3, , , , , , , , , ,2,0,0,0,2,0,0,0,0,0,0,0,0,0,0,0,0,0,0,0,0,0,0,0,0,0,0,0,0,0,0,0,0,0,0,0,0,40.0625,-74.987, , 
55502,633542,2012048104,6,67,67301,2012,3,6,2140,21,3,1,0,4,1, , ,N,0,0,0,3,0,2,3,4,N,N,40 07:05.584,75 01:59.350,2150, ,2142, ,0, ,N, ,0, , , , , , , , , ,2,0,0,0,0,0,1,1,1,0,0,1,2,1,1,0,0,0,0,0,0,0,0,0,0,0,0,0,0,0,0,0,1,0,0,4,0,40.1182,-75.0332, , 
55503,633553,2012056713,6,67,67301,2012,4,2,1930,19,1,1,0,4,1, , ,N,1,0,0,3,0,1,2,2,N,N,40 00:33.890,75 09:33.775,9999, ,9999, ,0, , , ,0, , , , , , , , , ,1,0,0,0,0,0,0,0,1,0,0,0,1,1,0,0,0,0,0,0,0,0,0,0,0,0,0,0,0,0,0,0,0,0,0,8,0,40.0094,-75.1594, , 
55504,633579,2012026105,6,67,67301,2012,2,3,1543,15,1,1,0,8,1, , ,N,0,2,0,3,0,1,2,2,N,N,40 02:39.613,75 03:14.353,1555, ,1548, ,0, , , ,3, , , , , , , , , ,1,0,0,0,0,0,0,1,0,0,0,0,1,1,0,0,0,0,0,0,0,0,0,0,0,0,0,0,0,0,0,0,1,0,0,8,0,40.0443,-75.054, , 
55505,633580,2012026213,6,67,67301,2012,1,4,1430,14,1,1,0,8,1, , ,N,1,2,0,3,0,1,2,2,N,N,40 02:07.762,75 13:02.189,1921, ,1430, ,0, , , ,3, , , , , , , , , ,1,0,0,0,1,0,0,0,0,0,0,0,1,1,0,0,0,0,0,0,0,0,0,1,0,0,0,0,0,0,0,0,1,0,0,8,1,40.0355,-75.2173, , 
55506,633635,2012051055,6,67,67301,2012,5,3,10,0,3,1,0,5,1, , ,N,7,0,2,3,0,1,3,2,N, ,39 58:19.743,75 07:24.741,35, ,13, ,0, , , ,0, , , , , , , , , ,2,1,1,0,0,0,0,0,0,0,0,1,1,0,0,0,0,0,0,0,1,0,0,0,0,0,0,0,0,0,0,0,0,0,0,4,0,39.9735,-75.123, , 
55507,633649,2012078539,6,67,67301,2012,7,6,840,8,1,1,0,4,1, , ,N,1,2,0,3,0,0,2,2,N,N,39 56:37.906,75 10:01.891,855, ,850, ,0, ,N, ,3, , , , , , , , , ,2,1,0,0,0,0,1,0,0,0,0,0,0,0,0,0,0,0,0,0,0,0,0,0,0,0,0,0,0,0,0,0,0,0,0,0,0,39.9439,-75.1672, , 
55508,640590,2012061497,6,67,67301,2012,6,4,1049,10,1,1,0,1,7, , ,N,6,0,2,3,0,0,6,3,N,N,39 56:42.208,75 11:26.989,1057, ,1055, ,0, ,N, ,0, , , , , , , , , ,3,1,0,0,0,0,1,1,0,0,0,0,0,0,0,0,0,0,0,0,0,0,0,0,0,0,0,0,0,0,0,0,0,0,0,0,0,39.9451,-75.1908, , 
55509,640591,2012063997,6,67,67301,2012,5,5,1916,19,1,1,0,8,1, , ,N,0,0,0,3,0,1,2,2,N,N,40 03:01.840,75 03:56.616,1920, ,1918, ,0, ,N, ,0, , , , , , , , , ,1,1,0,0,0,0,0,0,0,1,0,0,1,0,0,0,0,0,0,0,0,0,0,0,0,0,0,0,0,0,0,0,1,0,1,2,0,40.0505,-75.0657, , 
55510,640612,2012026215,6,67,67301,2012,1,3,1410,14,1,1,0,8,1, , ,N,1,2,0,3,0,1,2,2,N,N,40 01:11.133,75 12:38.068,1424, ,1420, ,0, , , ,3, , , , , , , , , ,1,1,0,0,0,0,0,0,0,0,1,0,1,0,0,0,0,0,0,0,0,0,0,1,0,0,0,0,0,0,0,0,1,0,0,3,0,40.0196,-75.2107, , 
55511,640624,2012034719,6,67,67301,2012,3,7,225,2,3,1,0,4,1, , ,N,1,2,0,3,0,0,3,2,N,N,40 03:23.345,75 02:47.046,227, ,227,9,1,1,N, ,3,N, , , , , , , , ,2,1,0,0,0,0,1,0,0,0,0,0,0,0,0,0,0,0,0,0,0,0,0,0,0,0,0,0,0,0,0,0,0,0,0,0,0,40.0565,-75.0464, , 
55512,640625,2012034768,6,67,67301,2012,3,5,2242,22,3,1,0,4,4, , ,N,0,0,0,3,0,0,1,4,N, ,40 01:37.419,75 08:34.206,2244, ,2242, ,0, , , ,0, , , , , , , , , ,4,1,0,0,2,0,1,0,0,0,0,0,0,0,1,0,0,0,0,0,0,0,0,0,0,0,0,0,0,0,0,0,0,0,0,9,0,40.0271,-75.1428, , 
55513,640630,2012041580,6,67,67301,2012,3,5,910,9,1,1,0,4,1, , ,N,1,2,0,3,0,1,3,2,N,N,39 57:46.472,75 10:29.056,916, ,912, ,0, , , ,3, , , , , , , , , ,2,2,0,0,0,0,0,0,0,0,0,0,1,1,0,0,0,0,0,0,1,0,1,0,0,0,0,0,0,0,0,0,0,0,0,8,0,39.9629,-75.1747, , 
55514,640635,2012050759,6,67,67301,2012,5,6,1724,17,1,1,0,1,1, , ,N,0,0,0,3,0,0,2,2,N,N,39 59:37.547,75 05:04.979,1739, ,1729, ,0, ,N, ,0, , , , , , , , , ,2,0,0,0,0,0,1,1,0,0,0,0,0,0,1,0,1,0,0,0,0,0,0,0,0,0,0,0,0,0,0,0,0,0,0,9,0,39.9938,-75.0847, , 
55515,640659,2012027729,6,67,67301,2012,2,3,2125,21,3,2,1,4,1, , ,N,0,0,7,3,0,2,2,2,N,N,39 57:22.626,75 11:10.121,2140, ,2129,3,2,6,N, ,0,Y, , , , , , , , ,2,2,0,0,0,0,0,0,0,0,0,2,2,0,0,0,0,0,0,0,0,0,0,0,0,0,0,0,0,0,0,0,0,0,0,4,0,39.9563,-75.1861, , 
55516,640661,2012028477,6,67,67301,2012,2,2,1918,19,3,1,0,8,1, , ,N,1,2,0,3,0,1,2,2,N,N,40 02:09.830,75 07:39.525,1925, ,1920, ,0, ,N, ,3, , , , , , , , , ,1,1,0,0,0,0,0,0,0,0,0,1,1,0,0,0,0,0,0,0,0,0,0,0,0,0,0,0,0,0,0,0,1,0,0,4,0,40.0361,-75.1277, , 
55517,640664,2012030789,6,67,67301,2012,2,7,716,7,1,1,0,5,1, , ,N,0,0,0,3,0,3,3,2,N,N,39 53:15.346,75 12:57.216,723, ,719,2,1,2,N, ,0,N, , , , , , , , ,2,2,0,0,0,0,0,0,0,0,1,2,3,0,0,0,0,0,0,0,1,0,0,0,0,0,0,0,0,0,0,0,0,0,0,3,0,39.8876,-75.2159, , 
55518,640669,2012033885,6,67,67301,2012,2,5,1040,10,1,2,1,1,1, , ,N,1,2,0,3,0,0,3,2,N, ,40 01:17.505,75 03:06.381,1042, ,1041,9,1,2, , ,3,N, , , , , , , , ,2,1,0,0,0,1,0,0,0,0,0,0,0,0,2,0,0,0,0,0,0,0,0,0,0,0,0,0,0,0,0,0,0,0,0,9,1,40.0215,-75.0518, , 
55519,640676,2012043782,6,67,67301,2012,4,1,350,3,3,1,0,7,2, , ,N,0,0,0,3,0,0,2,2,N,N,39 58:54.264,75 12:25.829,358, ,353, ,0, ,N, ,0, , , , , , , , , ,1,1,0,0,0,0,0,0,0,0,0,0,0,0,0,0,0,0,0,0,0,0,0,0,0,0,0,0,0,0,0,0,0,0,0,0,0,39.9817,-75.2072, , 
55520,640708,2012021475,6,67,67301,2012,2,5,1859,18,3,1,0,1,1, , ,N,0,0,0,3,0,0,3,3,N,N,39 59:23.699,75 05:13.252,1900, ,1900, ,0, ,N, ,0, , , , , , , , , ,3,1,0,0,0,0,2,0,0,0,0,0,0,0,0,0,0,0,0,0,1,0,0,0,0,0,0,0,0,0,0,0,0,0,0,0,0,39.9898,-75.0871, , 
55521,640733,2012049813,6,67,67301,2012,4,5,1800,18,4,1,0,5,1, , ,N,1,3,0,3,0,2,3,2,N,N,39 56:45.321,75 14:24.087,1900, ,1804, ,0, ,N, ,3, , , , , , , , , ,2,1,0,0,0,0,1,0,0,0,0,0,2,2,0,0,0,0,0,0,1,0,0,0,0,0,0,0,0,0,0,0,0,0,0,8,0,39.9459,-75.2403, , 
55522,640735,2012051870,6,67,67301,2012,5,3,822,8,1,2,1,4,1, , ,N,1,3,0,3,0,1,4,2,N, ,39 55:41.077,75 10:31.673,825, ,822, ,0, ,N, ,3, , , , , , , , , ,2,1,0,0,1,0,0,0,0,0,0,0,1,1,1,0,0,0,0,0,0,0,0,0,0,0,0,0,0,0,0,0,0,0,0,8,0,39.9281,-75.1755, , 
55523,640738,2012054718,6,67,67301,2012,4,1,1525,15,1,1,0,4,1, , ,N,1,2,0,3,0,1,2,2,N,N,40 04:26.865,75 09:30.131,1528, ,1526, ,0, ,N, ,3, , , , , , , , , ,2,0,1,0,0,0,0,1,0,0,0,1,1,0,0,0,0,0,0,0,0,1,0,0,0,0,0,0,0,0,0,0,0,0,0,4,0,40.0741,-75.1584, , 
55524,640748,2012013309,6,67,67301,2012,1,3,501,5,3,1,0,7,1, , ,N,0,0,0,3,0,0,1,1,N,N,39 55:30.581,75 11:35.978,512, ,505,3,2,4,Y, ,0,Y, , , , , , , , ,1,0,0,0,0,1,0,0,0,0,0,0,0,0,0,0,0,0,0,0,0,0,0,0,0,0,0,0,0,0,0,0,0,0,0,0,1,39.9252,-75.1933, , 
55525,640752,2012020394,6,67,67301,2012,1,7,1011,10,1,4,6,5,1, , ,N,5,0,0,3,0,0,2,2,N, ,40 05:40.718,75 00:54.707,9999, ,9999, ,0, , , ,0, , , , , , , , , ,2,1,0,0,1,0,0,0,0,0,0,0,0,0,2,0,0,0,0,0,0,0,0,0,0,0,0,0,0,0,0,0,0,0,0,9,0,40.0946,-75.0152, , 
55526,640759,2012026075,6,67,67301,2012,1,2,1847,18,3,1,0,1,1, , ,N,0,0,0,3,0,1,2,2,N,N,40 02:01.469,75 08:44.823,1905, ,1858, ,0, ,N, ,0, , , , , , , , , ,2,2,0,0,0,0,0,0,0,0,0,0,1,1,0,0,0,0,0,0,0,0,0,0,0,0,0,0,0,0,0,0,0,0,0,8,0,40.0337,-75.1458, , 
55527,637383,2012032576,6,67,67301,2012,2,7,1942,19,6,9,0,2,1, , ,N,0,0,0,3,0,2,2,2,N,N,40 02:14.100,75 06:45.110,1949, ,1943,2,2,5,N, ,0,Y, , , , , , , , ,2,1,0,0,0,0,1,0,0,0,0,1,2,1,0,0,0,0,0,0,0,0,0,0,0,0,0,0,0,0,0,0,0,0,0,4,0,40.0373,-75.1125, , 
55528,637396,2012047271,6,67,67301,2012,4,3,1738,17,1,1,0,8,1, , ,N,0,0,0,3,0,1,2,2,N,N,40 02:05.550,75 01:53.360,1745, ,1742, ,0, ,N, ,0, , , , , , , , , ,1,1,0,0,0,0,0,0,0,0,0,1,1,0,0,0,0,0,0,0,1,0,0,1,0,0,0,0,0,0,0,0,1,0,0,4,0,40.0349,-75.0315, , 
55529,637404,2012056583,6,67,67301,2012,5,7,0,0,3,2,1,4,1, , ,N,1,2,0,3,0,1,3,2,N, ,40 00:43.064,75 10:33.675,3, ,2, ,0, , , ,1, , , , , , , , , ,2,1,0,0,1,0,0,0,0,0,0,1,1,0,0,0,0,0,0,0,1,0,0,0,0,0,0,0,0,0,0,0,0,0,0,4,0,40.012,-75.176, , 
55530,637464,2012015520,6,67,67301,2012,1,6,215,2,3,1,0,4,1, , ,N,1,2,0,3,0,1,2,2,N, ,40 00:43.542,75 06:43.855,243, ,237,2,2,1, , ,3,Y, , , , , , , , ,2,1,0,0,0,0,1,0,0,0,0,1,1,0,1,0,0,0,0,0,0,0,0,0,0,0,0,0,0,0,0,0,0,0,0,4,0,40.0121,-75.1122, , 
55531,637476,2012032635,6,67,67301,2012,2,1,8,0,3,1,0,4,1, , ,N,1,2,0,3,0,1,3,2,N,N,39 57:15.642,75 13:26.511,19, ,19,1,1,1, , ,3,N, , , , , , , , ,2,2,0,0,0,0,0,0,0,0,0,1,1,0,1,0,0,0,0,0,0,0,0,0,0,0,0,0,0,0,0,0,0,0,0,4,0,39.9543,-75.224, , 
55532,637491,2012056575,6,67,67301,2012,4,4,9999,99,3,1,0,4,1, , ,N,1,3,0,3,0,2,2,2,N,N,39 58:25.165,75 13:34.496,2352, ,2336, ,0, , , ,3, , , , , , , , , ,2,0,0,0,0,0,0,2,0,0,0,2,2,0,0,0,0,0,0,0,1,0,0,0,0,0,0,0,0,0,0,0,0,0,0,4,0,39.9737,-75.2262, , 
55533,637497,2012058393,6,67,67301,2012,5,7,950,9,1,8,8,4,1, , ,N,1,3,0,3,0,2,2,2,N,N,39 59:40.599,75 09:51.451,1042, ,1042,3,1,2,N, ,3,Y, , , , , , , , ,2,0,1,0,0,0,1,0,0,0,0,1,2,1,0,0,0,0,0,0,2,0,0,0,0,0,0,0,0,0,0,0,0,0,0,4,0,39.9946,-75.1643, , 
55534,637521,2012036755,6,67,67301,2012,3,4,1022,10,1,1,0,4,1, , ,N,1,2,0,3,0,1,2,2,N,N,39 57:17.622,75 12:31.637,1140, ,1129, ,0, , , ,3, , , , , , , , , ,2,2,0,0,0,0,0,0,0,0,0,1,1,0,1,0,0,0,0,0,1,0,0,0,0,0,0,0,0,0,0,0,0,0,0,4,0,39.9549,-75.2087, , 
55535,637578,2012039522,6,46,46108,2012,4,5,1556,15,1,1,0,4,1, , ,N,1,2,0,3,0,1,2,2,N,N,40 05:09.951,75 12:42.717,1559, ,1556,1,1,1,N, ,3,N, , , , , , , , ,2,1,0,0,0,0,1,0,0,0,1,0,1,0,0,0,1,0,0,0,0,0,0,0,0,0,0,0,0,0,0,0,0,0,0,3,0,40.0861,-75.2119, , 
55536,637591,2012060770,6,67,67301,2012,5,2,1105,11,1,1,2,7,5, , ,N,3,0,0,3,0,0,1,1,N,N,40 00:21.775,75 05:12.438,1118, ,1116, ,0, ,N, ,0, , , , , , , , , ,1,0,0,0,0,0,1,0,0,0,0,0,0,0,0,0,0,0,0,0,0,0,0,0,0,0,0,0,0,0,0,0,0,0,0,0,0,40.006,-75.0868, , 
55537,637617,2012021601,6,67,67301,2012,2,4,2131,21,3,1,0,7,3, , ,N,0,0,0,3,0,1,1,1,N,N,40 00:33.168,75 04:03.001,2134, ,2133, ,0, ,N, ,0, , , , , , , , , ,1,0,0,0,1,0,0,0,0,0,0,0,1,1,0,0,0,0,0,0,0,0,0,0,0,0,0,0,0,0,0,0,0,0,0,8,0,40.0092,-75.0674, , 
55538,637627,2012036887,6,67,67301,2012,3,7,1907,19,3,1,0,7,4,1,4,Y,0,0,0,3,0,0,1,1,N,N,40 01:07.140,75 10:59.415,1908,99,1906,1,2,1, , ,0,Y,U, , ,U,Y, , , ,1,1,0,0,0,0,0,0,0,0,0,0,0,0,0,0,0,0,0,0,0,1,0,0,0,0,0,0,0,0,0,0,0,0,0,0,0,40.0187,-75.1832, , 
55539,637664,2012020514,6,67,67301,2012,2,4,133,1,3,1,0,5,1, , ,N,1,3,0,3,0,3,3,3,N,N,39 58:40.814,75 09:49.600,136, ,133,3,1,1,N, ,3,Y, , , , , , , , ,3,1,0,0,1,0,1,0,0,0,0,3,3,0,0,0,0,0,0,0,0,0,0,1,0,0,0,0,0,0,0,0,0,0,0,4,0,39.978,-75.1638, , 
55540,637683,2012037704,6,67,67301,2012,3,6,1400,14,1,1,0,4,1, , ,N,0,0,0,3,0,1,2,3,N,N,40 01:04.310,75 07:57.921,1556, ,1550, ,0, ,N, ,0, , , , , , , , , ,3,1,0,0,0,0,2,0,0,0,0,1,1,0,0,0,0,0,1,0,0,0,0,0,0,0,0,0,0,0,0,0,0,0,0,4,0,40.0179,-75.1328, , 
55541,637686,2012041692,6,67,67301,2012,3,5,2146,21,3,1,0,7,4, , ,N,3,2,0,3,0,1,1,1,N,N,40 01:59.426,75 04:38.465,2148, ,2148,1,1,1,N, ,3,N, , , , , , , , ,1,1,0,0,0,0,0,0,0,0,1,0,1,0,0,0,0,0,1,0,0,0,0,0,0,0,0,0,0,0,0,0,0,0,0,3,0,40.0332,-75.0774, , 
55542,637687,2012042229,6,67,67301,2012,3,3,30,0,3,1,0,7,4, , ,N,5,2,0,3,0,2,3,2,N,N,40 01:25.849,75 07:25.874,35, ,30, ,0, ,N, ,3, , , , , , , , , ,2,1,0,0,1,0,0,0,0,0,1,1,2,0,0,0,0,0,0,1,0,0,0,0,0,0,0,0,0,0,0,0,0,0,0,3,0,40.0238,-75.1239, , 
55543,637717,2012027740,6,67,67301,2012,2,7,1200,12,1,2,1,1,7, , ,N,1,2,2,3,0,1,2,2,N,N,39 54:37.276,75 09:03.431,1210, ,1204, ,0, ,N, ,3, , , , , , , , , ,2,1,0,0,0,0,1,0,0,0,0,1,1,0,0,0,0,0,0,0,1,0,0,0,0,0,0,0,0,0,0,0,0,0,0,4,0,39.9104,-75.151, , 
55544,637737,2012042236,6,67,67301,2012,3,7,2330,23,3,1,0,1,1, , ,N,0,0,0,3,0,1,2,2,N,N,40 02:56.145,75 03:05.778,2340, ,2330,9,1,2,N, ,0,N, , , , , , , , ,2,1,0,0,0,0,1,0,0,0,0,1,1,0,0,0,0,0,0,0,0,0,0,0,0,0,0,0,0,0,0,0,0,0,0,4,0,40.0489,-75.0516, , 
55545,630220,2014006920,6,67,67301,2013,12,7,9999,99,1,1,0,8,1, , ,N,1,2,0,3,0,1,2,2,N,N,39 55:42.600,75 10:55.919,1105, ,1100, ,0, , , ,3, , , , , , , , , ,1,1,0,0,0,0,0,0,0,0,0,1,1,0,0,0,0,0,0,0,1,0,0,0,0,0,0,0,0,0,0,0,1,0,0,4,0,39.9285,-75.1822, , 
55546,630236,2013125965,6,67,67301,2013,11,2,1115,11,1,1,0,8,1, , ,N,0,0,0,3,0,1,2,2,N,N,39 57:14.195,75 13:15.440,1145, ,1139, ,0, , , ,0, , , , , , , , , ,1,1,0,0,0,0,0,0,0,0,0,1,1,0,0,0,0,0,0,0,0,0,0,0,0,0,0,0,0,0,0,0,1,0,0,4,0,39.9539,-75.221, , 
55547,630251,2013130083,6,67,67301,2013,11,6,822,8,1,1,0,4,1, , ,N,1,2,0,3,0,3,4,4,N,N,39 57:14.472,75 08:41.402,826, ,824,2,2,3,N, ,3,Y, , , , , , , , ,2,2,0,0,0,0,0,0,0,0,0,0,3,3,0,0,0,0,0,0,0,0,0,0,0,0,0,0,0,0,0,0,2,0,0,8,0,39.954,-75.1448, , 
55548,630256,2013121348,6,9,9212,2013,10,6,730,7,1,1,0,1,1, , ,N,1,0,0,3,0,2,4,2,N, ,40 08:15.442,75 00:52.355,740, ,733, ,0, , , ,0, , , , , , , , , ,2,1,0,0,1,0,0,0,0,0,0,0,2,2,0,0,0,0,0,0,0,1,0,0,0,0,0,0,0,0,0,0,0,0,0,8,0,40.1376,-75.0145, , 
55549,630260,2013125972,6,67,67301,2013,11,4,1701,17,4,1,0,8,1, , ,N,1,2,0,3,0,1,2,2,N,N,39 57:33.447,75 10:18.976,1705, ,1703, ,0, , , ,3, , , , , , , , , ,1,1,0,0,0,0,0,0,0,0,0,1,1,0,0,0,0,0,0,0,0,1,0,0,0,0,0,0,0,0,0,0,1,0,0,4,0,39.9593,-75.1719, , 
55550,630281,2013129415,6,67,67301,2013,11,4,9999,99,1,1,0,8,6, , ,N,0,0,0,3,0,1,3,2,N,N,39 58:13.675,75 09:35.011,1400, ,1349, ,0, ,N, ,0, , , , , , , , , ,1,1,0,0,0,0,0,0,0,0,0,1,1,0,0,0,0,0,0,0,0,0,0,0,0,0,0,0,0,0,0,0,1,0,0,4,0,39.9705,-75.1597, , 
55551,630294,2014009862,6,67,67301,2013,12,3,1325,13,1,8,1,4,1, , ,N,1,3,0,3,0,1,2,3,N, ,39 58:21.907,75 10:47.704,1332, ,1330, ,0, , , ,3, , , , , , , , , ,3,0,0,0,2,0,1,0,0,0,0,0,1,1,0,0,0,0,0,0,1,0,0,0,0,0,0,0,0,0,0,0,0,0,0,8,0,39.9728,-75.1799, , 
55552,630322,2013121513,6,67,67301,2013,10,2,600,6,5,1,0,6,1, , ,N,1,2,0,3,0,2,5,3,N, ,39 55:05.911,75 12:31.903,639, ,612, ,0, , , ,3, , , , , , , , , ,3,1,0,0,0,1,1,0,0,0,2,0,2,0,0,0,0,0,0,0,1,0,1,0,0,0,0,0,0,0,0,0,0,0,0,3,0,39.9182,-75.2088, , 
55553,630328,2013129399,6,67,67301,2013,11,2,648,6,1,1,1,4,1, , ,N,1,2,0,3,0,0,2,2,N,N,40 02:29.396,75 09:30.118,653, ,650,1,1,2,N, ,3,N, , , , , , , , ,2,2,0,0,0,0,0,0,0,0,0,0,0,0,0,0,0,0,0,0,0,0,0,0,0,0,0,0,0,0,0,0,0,0,0,0,0,40.0415,-75.1584, , 
55554,630336,2014009699,6,67,67301,2013,12,3,1107,11,1,1,0,4,1, , ,N,1,2,0,3,0,1,2,2,N, ,39 54:14.619,75 14:25.049,1115, ,1109,1,1,4, , ,3,Y, , , , , , , , ,1,1,0,0,0,0,0,0,1,0,0,1,1,0,0,1,0,0,0,0,0,0,0,0,0,0,0,0,0,0,0,0,0,0,0,4,0,39.904,-75.2401, , 
55555,630344,2013118943,6,67,67301,2013,11,3,1820,18,3,1,0,7,4, , ,N,0,0,0,3,0,0,1,1,N,N,39 57:59.897,75 11:15.279,1825, ,1822,1,1,3,N, ,0,N, , , , , , , , ,1,1,0,0,0,0,0,0,0,0,0,0,0,0,0,0,0,0,0,1,0,0,0,0,0,0,0,0,0,0,0,0,0,0,0,0,0,39.9666,-75.1876, , 