objectid_1,objectid,crn,district,county,municipality,crash_year,crash_month,day_of_week,time_of_day,hour_of_day,illumination,weather,road_condition,collision_type,relation_to_road,work_zone_type,work_zone_loc,work_zone_ind,intersect_type,tcd_type,location_type,urban_rural,fatal_count,injury_count,person_count,total_units,sch_bus_ind,sch_zone_ind,latitude,longitude,arrival_tm,cons_zone_spd_lim,dispatch_tm,est_hrs_closed,lane_closed,ln_close_dir,ntfy_hiwy_maint,spec_juris_cd,tcd_func_cd,tfc_detour_ind,workers_pres,wz_close_detour,wz_flagger,wz_law_offcr_ind,wz_ln_closure,wz_moving,wz_other,wz_shlder_mdn,vehicle_count,automobile_count,motorcycle_count,bus_count,small_truck_count,heavy_truck_count,suv_count,van_count,bicycle_count,maj_inj_count,mod_inj_count,min_inj_count,tot_inj_count,unk_inj_deg_count,unk_inj_per_count,driver_count_16yr,driver_count_17yr,driver_count_18yr,driver_count_19yr,driver_count_20yr,driver_count_50_64yr,driver_count_65_74yr,driver_count_75plus,unbelted_occ_count,unb_death_count,unb_maj_inj_count,belted_death_count,belted_maj_inj_count,mcycle_death_count,mcycle_maj_inj_count,bicycle_death_count,bicycle_maj_inj_count,ped_count,ped_death_count,ped_maj_inj_count,max_severity_level,comm_veh_count,dec_lat,dec_long,rdwy_surf_type_cd,county_name
55556,630356,2014013052,6,67,67301,2013,12,4,1630,16,1,1,0,5,1, , ,N,2,0,0,3,0,4,8,3,N, ,39 57:17.016,75 12:26.893,1637, ,1633, ,0, , , ,0, , , , , , , , , ,3,1,0,0,0,0,1,1,0,0,0,2,4,2,0,0,0,0,0,0,0,1,0,1,0,0,0,0,0,0,0,0,0,0,0,4,0,39.9547,-75.2075, , 
55557,630392,2013122967,6,67,67301,2013,11,4,1240,12,1,1,0,4,1, , ,N,1,3,0,3,0,1,3,3,N,N,40 04:41.113,75 10:21.359,1255, ,1246, ,0, ,N, ,3, , , , , , , , , ,3,2,0,0,0,0,1,0,0,0,1,0,1,0,0,0,0,0,0,0,1,0,0,0,0,0,0,0,0,0,0,0,0,0,0,3,0,40.0781,-75.1726, , 
55558,630395,2013125974,6,67,67301,2013,11,7,1235,12,1,1,1,4,1, , ,N,1,2,0,3,0,1,2,2,N,N,39 57:41.673,75 10:30.111,1243, ,1241, ,0, ,N, ,3, , , , , , , , , ,1,0,0,0,0,0,1,0,1,0,0,1,1,0,0,0,0,0,0,0,0,0,0,0,0,0,0,0,0,0,0,0,0,0,0,4,0,39.9616,-75.175, , 
55559,630408,2014006323,6,67,67301,2013,12,1,2315,23,3,4,1,4,1, , ,N,1,2,0,3,0,0,4,2,N,N,40 01:28.408,75 07:50.218,2320, ,2318,1,1,2,N, ,3,N, , , , , , , , ,2,2,0,0,0,0,0,0,0,0,0,0,0,0,0,0,0,0,0,0,0,0,0,0,0,0,0,0,0,0,0,0,0,0,0,0,0,40.0246,-75.1306, , 
55560,630410,2014009781,6,67,67301,2013,12,6,940,9,1,1,0,4,1, , ,N,2,0,0,3,0,1,2,2,N,N,39 58:36.012,75 07:40.479,950, ,945, ,0, ,N, ,0, , , , , , , , , ,1,0,0,0,0,0,1,0,1,0,1,0,1,0,0,0,0,0,0,0,1,0,0,0,0,0,0,0,0,0,0,0,0,0,0,3,0,39.9767,-75.1279, , 
55561,630434,2013123056,6,67,67301,2013,11,2,1150,11,1,1,0,8,1, , ,N,1,2,0,3,0,1,2,2,N,N,40 01:54.231,75 10:43.900,1249, ,1249, ,0, ,N, ,3, , , , , , , , , ,1,1,0,0,0,0,0,0,0,0,0,0,1,1,0,0,0,0,0,0,0,0,0,1,0,0,0,0,0,0,0,0,1,0,0,8,0,40.0317,-75.1789, , 
55562,630451,2014009656,6,67,67301,2013,11,3,1820,18,2,2,1,4,1, , ,N,1,2,0,3,0,1,3,2,N,N,39 58:09.618,75 11:04.615,1830, ,1824, ,0, ,N, ,3, , , , , , , , , ,1,0,0,0,0,0,1,0,1,0,0,0,1,1,0,0,0,0,0,1,0,0,0,0,0,0,0,0,0,0,0,0,0,0,0,8,0,39.9693,-75.1846, , 
55563,633650,2012078545,6,67,67301,2012,7,6,1920,19,1,9,0,4,1, , ,N,0,0,0,3,0,2,4,3,N,N,39 55:30.190,75 10:18.155,1935, ,1927, ,0, ,N, ,0, , , , , , , , , ,3,2,0,0,1,0,0,0,0,0,0,2,2,0,0,0,0,0,0,1,0,0,0,0,0,0,0,0,0,0,0,0,0,0,0,4,0,39.9251,-75.1716, , 
55564,633663,2012017822,6,67,67301,2012,1,7,1540,15,1,4,5,1,1, , ,N,2,3,0,3,0,0,2,2,N,N,39 55:48.237,75 11:39.865,1550, ,1545, ,0, ,N, ,2, , , , , , , , , ,2,1,0,0,0,0,0,0,0,0,0,0,0,0,2,0,0,0,0,0,1,0,0,0,0,0,0,0,0,0,0,0,0,0,0,9,0,39.9301,-75.1944, , 
55565,633695,2012052680,6,67,67301,2012,5,4,957,9,1,1,0,1,1,2,2,Y,2,8,0,3,0,2,4,2,N,N,40 03:18.722,75 02:51.651,959,45,958,1,1,1,N, ,3,N,Y,U,U,N,Y,U,U,U,2,0,0,0,1,0,0,1,0,0,0,2,2,0,0,0,0,0,0,0,0,0,0,0,0,0,0,0,0,0,0,0,0,0,0,4,0,40.0552,-75.0477, , 
55566,633700,2012057514,6,67,67301,2012,5,7,200,2,3,1,1,2,1, , ,N,1,2,0,3,0,0,2,2,N,N,40 01:47.921,75 06:15.655,210, ,210,1,1,2,N, ,3,N, , , , , , , , ,2,1,0,0,0,0,1,0,0,0,0,0,0,0,0,0,0,0,0,1,0,0,0,0,0,0,0,0,0,0,0,0,0,0,0,0,0,40.03,-75.1043, , 
55567,633709,2012015383,6,67,67301,2012,1,2,1224,12,1,9,0,4,1, , ,N,0,0,7,3,0,1,2,2,N,N,40 01:58.843,75 06:24.686,1232, ,1227, ,0, ,N, ,0, , , , , , , , , ,1,0,0,0,0,0,1,0,1,0,0,1,1,0,0,0,0,0,0,0,0,1,0,0,0,0,0,0,0,0,0,0,0,0,0,4,0,40.033,-75.1069, , 
55568,633725,2012042584,6,67,67301,2012,3,7,1405,14,1,1,0,4,1, , ,N,2,2,0,3,0,1,2,2,N,N,39 58:25.156,75 12:32.179,1415, ,1411, ,0, ,N, ,3, , , , , , , , , ,2,2,0,0,0,0,0,0,0,0,0,1,1,0,0,0,0,0,0,0,1,0,0,0,0,0,0,0,0,0,0,0,0,0,0,4,0,39.9736,-75.2089, , 
55569,633728,2012048450,6,67,67301,2012,5,7,1645,16,1,1,0,1,1, , ,N,0,0,0,3,0,0,2,3,N,N,40 01:19.055,75 02:19.061,1658, ,1650, ,0, ,N, ,0, , , , , , , , , ,2,0,0,0,0,0,2,0,0,0,0,0,0,0,0,0,0,0,0,0,1,0,0,0,0,0,0,0,0,0,0,0,0,0,0,0,0,40.0219,-75.0388, , 
55570,633740,2012059622,6,67,67301,2012,6,3,625,6,1,1,0,7,4, , ,N,0,0,0,3,0,1,1,1,N,N,39 57:26.617,75 08:49.702,708, ,703,1,1,3,N, ,0,N, , , , , , , , ,1,1,0,0,0,0,0,0,0,0,0,1,1,0,0,0,0,0,0,0,0,0,0,0,0,0,0,0,0,0,0,0,0,0,0,4,0,39.9574,-75.1471, , 
55571,633742,2012061496,6,67,67301,2012,6,1,930,9,1,1,0,7,4, , ,N,6,0,2,3,0,2,2,1,N,N,39 57:26.617,75 08:49.702,940, ,930,1,1,3,N, ,0,N, , , , , , , , ,1,0,1,0,0,0,0,0,0,0,1,1,2,0,0,0,0,0,0,0,0,0,0,0,0,0,0,0,0,0,0,0,0,0,0,3,0,39.9574,-75.1471, , 
55572,633743,2012063937,6,67,67301,2012,5,5,212,2,3,1,0,1,1, , ,N,1,2,0,3,0,0,4,2,N,N,39 57:22.420,75 09:45.641,231, ,228,1,1,1, , ,3,N, , , , , , , , ,2,2,0,0,0,0,0,0,0,0,0,0,0,0,1,0,0,1,0,0,0,1,0,0,0,0,0,0,0,0,0,0,0,0,0,9,0,39.9562,-75.1627, , 
55573,633744,2012063982,6,67,67301,2012,5,1,137,1,3,1,0,4,1, , ,N,0,2,7,3,0,1,4,3,N,N,39 55:00.427,75 14:45.750,149, ,149,9,1,1,N, ,3,Y, , , , , , , , ,3,1,0,0,1,0,0,0,0,0,0,1,1,0,0,0,0,1,0,0,0,0,0,0,0,0,0,0,0,0,0,0,0,0,0,4,0,39.9169,-75.2461, , 
55574,633767,2012026750,6,67,67301,2012,3,1,523,5,3,1,0,5,1, , ,N,0,0,0,3,0,0,3,2,N,N,39 56:31.920,75 11:38.053,549, ,537,1,1,3,N, ,0,N, , , , , , , , ,2,1,0,0,1,0,0,0,0,0,0,0,0,0,0,0,0,0,0,1,0,0,1,0,0,0,0,0,0,0,0,0,0,0,0,0,0,39.9408,-75.1953, , 
55575,633772,2012028480,6,67,67301,2012,2,5,1740,17,3,1,0,1,1, , ,N,0,0,0,3,0,1,3,2,N,N,40 03:12.978,75 08:29.212,1750, ,1750, ,0, ,N, ,0, , , , , , , , , ,2,1,0,0,0,0,0,1,0,0,0,0,1,1,0,0,0,0,0,0,1,0,0,0,0,0,0,0,0,0,0,0,0,0,0,8,0,40.0537,-75.1414, , 
55576,633778,2012035307,6,67,67301,2012,3,3,1653,16,1,1,0,1,1, , ,N,0,0,0,3,0,0,3,3,N,N,40 02:15.186,75 00:42.971,1700, ,1653, ,0, ,N, ,0, , , , , , , , , ,3,3,0,0,0,0,0,0,0,0,0,0,0,0,0,0,0,0,0,0,0,0,0,0,0,0,0,0,0,0,0,0,0,0,0,0,0,40.0375,-75.012, , 
55577,633785,2012041687,6,67,67301,2012,3,1,1840,18,1,1,0,4,1, , ,N,1,2,0,3,0,2,4,2,N,N,40 02:08.080,75 07:25.889,1843, ,1840,3,2,7,N, ,3,Y, , , , , , , , ,2,1,0,0,0,0,1,0,0,0,1,1,2,0,0,0,0,0,0,0,0,0,0,0,0,0,0,0,0,0,0,0,0,0,0,3,0,40.0356,-75.1239, , 
55578,633803,2012015400,6,67,67301,2012,1,4,1257,12,1,1,0,2,1, , ,N,2,3,0,3,0,1,2,2,N,N,40 01:07.528,75 09:04.931,1310, ,1259, ,0, ,N, ,9, , , , , , , , , ,2,1,0,0,0,1,0,0,0,0,0,1,1,0,0,0,0,0,1,0,0,0,0,0,0,0,0,0,0,0,0,0,0,0,0,4,1,40.0188,-75.1514, , 
55579,633811,2012020465,6,67,67301,2012,1,7,920,9,1,4,4,6,1, , ,N,0,0,0,3,0,2,3,2,N,N,40 03:28.899,75 12:00.114,935, ,928, ,0, ,N, ,0, , , , , , , , , ,2,1,0,0,1,0,0,0,0,0,0,2,2,0,0,0,0,0,0,0,2,0,0,0,0,0,0,0,0,0,0,0,0,0,0,4,0,40.058,-75.2, , 
55580,633823,2012034709,6,67,67301,2012,3,4,13,0,2,1,0,7,2, , ,N,0,0,0,3,0,0,1,1,N,N,40 02:08.592,75 08:56.382,37, ,30,2,1,3,N, ,0,N, , , , , , , , ,1,1,0,0,0,0,0,0,0,0,0,0,0,0,0,0,0,0,0,0,0,0,0,0,0,0,0,0,0,0,0,0,0,0,0,0,0,40.0357,-75.149, , 
55581,640771,2012036949,6,67,67301,2012,2,4,925,9,1,1,0,4,1, , ,N,1,2,0,3,0,2,2,2,N,N,39 55:26.156,75 13:19.597,940, ,938, ,0, ,N, ,3, , , , , , , , , ,2,2,0,0,0,0,0,0,0,0,0,2,2,0,0,0,0,0,0,0,0,0,0,0,0,0,0,0,0,0,0,0,0,0,0,4,0,39.9239,-75.2221, , 
55582,640804,2012032532,6,67,67301,2012,2,1,1430,14,1,1,8,1,1, , ,N,0,0,0,3,0,1,3,2,N, ,39 55:24.207,75 13:57.817,1745, ,9999, ,0, , , ,0, , , , , , , , , ,2,1,0,0,0,0,1,0,0,0,0,1,1,0,2,0,0,0,0,0,0,0,0,1,0,0,0,0,0,0,0,0,0,0,0,4,0,39.9234,-75.2327, , 
55583,640812,2012041711,6,67,67301,2012,3,7,1845,18,1,1,0,5,1, , ,N,0,0,0,3,0,1,2,2,N,N,39 57:47.213,75 12:08.147,1945, ,1945, ,0, , , ,0, , , , , , , , , ,1,1,0,0,0,0,0,0,1,0,0,0,1,1,1,0,0,0,0,0,0,0,0,0,0,0,0,0,0,0,0,0,0,0,0,8,0,39.9631,-75.2022, , 
55584,640813,2012041718,6,67,67301,2012,4,1,1136,11,1,1,0,4,1, , ,N,1,2,0,3,0,1,2,2,N,N,39 56:23.586,75 10:59.271,1144, ,1138, ,0, ,N, ,3, , , , , , , , , ,2,0,1,0,1,0,0,0,0,0,0,0,1,1,0,0,0,0,0,0,0,0,0,0,0,0,0,0,0,0,0,0,0,0,0,8,0,39.9399,-75.1831, , 
55585,640826,2012060664,6,67,67301,2012,5,6,1820,18,1,1,0,1,1, , ,N,0,0,0,3,0,1,3,3,N,N,40 01:12.711,75 06:48.470,1830, ,1821, ,0, ,N, ,0, , , , , , , , , ,3,2,0,0,0,0,1,0,0,0,0,1,1,0,0,0,0,0,0,0,1,0,0,0,0,0,0,0,0,0,0,0,0,0,0,4,0,40.0202,-75.1135, , 
55586,640828,2012061499,6,67,67301,2012,6,4,1615,16,1,1,0,1,1, , ,N,0,0,0,3,0,1,4,3,N,N,40 00:30.260,75 12:10.070,1627, ,1619, ,0, ,N, ,0, , , , , , , , , ,3,3,0,0,0,0,0,0,0,0,0,1,1,0,0,0,0,0,0,0,0,0,0,0,0,0,0,0,0,0,0,0,0,0,0,4,0,40.0084,-75.2028, , 
55587,640849,2012017881,6,67,67301,2012,1,4,1432,14,1,1,0,4,1, , ,N,0,2,0,3,0,0,4,2,N,N,40 01:50.291,75 06:14.313,1705, ,1649,2,2,3, , ,3,Y, , , , , , , , ,2,1,0,0,0,0,1,0,0,0,0,0,0,0,0,0,0,0,0,0,0,0,0,0,0,0,0,0,0,0,0,0,0,0,0,0,0,40.0306,-75.104, , 
55588,640862,2012032625,6,67,67301,2012,2,4,540,5,5,1,0,1,1, , ,N,1,2,0,3,0,1,2,2,N,N,40 01:48.733,75 07:06.450,555, ,546,1,1,1,N, ,3,Y, , , , , , , , ,2,1,0,0,0,0,0,1,0,0,0,1,1,0,0,0,0,0,0,0,0,0,0,0,0,0,0,0,0,0,0,0,0,0,0,4,0,40.0302,-75.1185, , 
55589,640874,2012041745,6,67,67301,2012,3,1,1820,18,1,1,0,4,1, , ,N,2,0,0,3,0,2,3,3,N,N,39 59:55.435,75 06:01.518,1824, ,1822,2,2,5, , ,0,Y, , , , , , , , ,1,1,0,0,0,0,0,0,2,0,0,0,2,2,0,0,0,0,0,0,0,0,0,0,0,0,0,0,0,0,0,0,0,0,0,8,0,39.9987,-75.1004, , 
55590,640878,2012047236,6,67,67301,2012,4,7,1650,16,1,1,0,4,1, , ,N,1,2,0,3,0,0,2,2,N,N,39 57:46.285,75 12:08.510,1720, ,1705, ,0, ,N, ,3, , , , , , , , , ,2,1,0,0,0,0,1,0,0,0,0,0,0,0,0,0,0,0,0,0,0,2,0,0,0,0,0,0,0,0,0,0,0,0,0,0,0,39.9629,-75.2023, , 
55591,640896,2012031949,6,67,67301,2012,3,6,1700,17,4,1,0,1,7, , ,N,7,0,2,3,0,1,4,2,N,N,39 53:29.096,75 14:13.118,1744, ,1700, ,0, ,N, ,0, , , , , , , , , ,2,2,0,0,0,0,0,0,0,0,0,1,1,0,0,0,0,0,0,0,0,0,0,0,0,0,0,0,0,0,0,0,0,0,0,4,0,39.8914,-75.237, , 
55592,640904,2012041723,6,67,67301,2012,3,5,2230,22,3,2,1,4,2, , ,N,2,3,0,3,0,1,2,2,N,N,40 02:17.336,75 01:57.406,2325, ,2319,1,1,2,N, ,3,N, , , , , , , , ,2,2,0,0,0,0,0,0,0,0,0,1,1,0,0,0,0,0,0,0,0,0,0,0,0,0,0,0,0,0,0,0,0,0,0,4,0,40.0381,-75.0326, , 
55593,640922,2012069020,6,67,67301,2012,7,5,744,7,1,1,0,5,2, , ,N,0,0,0,3,0,0,4,2,N,N,40 02:09.016,75 00:59.033,757, ,745, ,0, ,N, ,0, , , , , , , , , ,2,1,0,0,0,1,0,0,0,0,0,0,0,0,0,0,0,0,0,0,0,0,0,0,0,0,0,0,0,0,0,0,0,0,0,0,1,40.0358,-75.0165, , 
55594,640930,2012078233,6,67,67301,2012,6,7,9999,99,1,1,0,8,1, , ,N,0,0,0,3,0,1,3,2,N,N,39 59:07.290,75 07:55.510,9999, ,9999, ,0, ,N, ,0, , , , , , , , , ,1,1,0,0,0,0,0,0,0,0,0,0,1,1,0,0,0,0,0,0,0,0,0,0,0,0,0,0,0,0,0,0,1,0,0,8,0,39.9854,-75.1321, , 
55595,640931,2012078509,6,67,67301,2012,7,3,956,9,1,1,0,1,1, , ,N,0,2,0,3,0,1,4,2,N,N,40 01:56.555,75 04:50.921,1011, ,1004, ,0, ,N, ,3, , , , , , , , , ,2,1,0,1,0,0,0,0,0,0,0,1,1,0,0,0,0,0,0,0,1,0,0,0,0,0,0,0,0,0,0,0,0,0,0,4,0,40.0324,-75.0808, , 
55596,640992,2012017933,6,67,67301,2012,1,5,2215,22,3,1,0,4,1, , ,N,0,0,7,3,0,4,4,2,N, ,39 58:23.604,75 09:32.348,2222, ,2221, ,0, , , ,0, , , , , , , , , ,2,2,0,0,0,0,0,0,0,1,1,2,4,0,0,0,0,1,0,0,1,0,0,1,0,1,0,0,0,0,0,0,0,0,0,2,0,39.9732,-75.159, , 
55597,640995,2012020595,6,67,67301,2012,1,2,815,8,1,4,6,4,1, , ,N,2,3,0,3,0,1,2,3,N,N,39 59:01.824,75 08:00.538,848, ,841, ,0, , , ,3, , , , , , , , , ,3,2,0,0,1,0,0,0,0,0,0,1,1,0,1,0,0,0,0,0,1,0,0,1,0,0,0,0,0,0,0,0,0,0,0,4,0,39.9838,-75.1335, , 
55598,641011,2012035506,6,67,67301,2012,4,6,2346,23,3,1,0,4,1, , ,N,1,2,0,3,0,2,4,2,N,N,40 02:40.636,75 03:16.819,2353, ,2348,2,2,7,N, ,3,Y, , , , , , , , ,2,2,0,0,0,0,0,0,0,0,0,0,2,2,0,0,0,0,0,0,0,0,0,0,0,0,0,0,0,0,0,0,0,0,0,8,0,40.0446,-75.0547, , 
55599,637742,2012047273,6,67,67301,2012,4,7,1208,12,1,1,0,8,1, , ,N,1,3,0,3,0,1,2,2,N,N,39 58:40.422,75 07:31.292,1245, ,1239, ,0, , , ,3, , , , , , , , , ,1,0,0,0,0,0,1,0,0,0,0,1,1,0,0,0,0,0,0,0,0,0,0,0,0,0,0,0,0,0,0,0,1,0,0,4,0,39.9779,-75.1254, , 
55600,637752,2012012600,6,67,67301,2012,1,4,2117,21,3,1,0,4,1, , ,N,1,2,0,3,0,3,3,2,N,N,40 01:32.257,75 09:15.145,2150, ,2120,2,2,6,N, ,3,Y, , , , , , , , ,2,2,0,0,0,0,0,0,0,0,1,2,3,0,0,0,0,0,0,0,0,0,0,0,0,0,0,0,0,0,0,0,0,0,0,3,0,40.0256,-75.1542, , 
55601,637756,2012020406,6,67,67301,2012,1,3,1240,12,1,1,0,8,4, , ,N,1,0,0,3,0,1,2,2,N,N,39 57:28.044,75 14:29.990,1245, ,1245, ,0, ,N, ,0, , , , , , , , , ,1,1,0,0,0,0,0,0,0,0,0,0,1,1,0,0,0,0,0,0,0,0,0,0,0,0,0,0,0,0,0,0,1,0,0,8,0,39.9578,-75.2417, , 
55602,637770,2012032528,6,67,67301,2012,2,3,9999,99,3,1,0,8,1, , ,N,2,0,0,3,0,1,2,2,N, ,40 01:17.641,75 08:58.048,1833, ,1828, ,0, , , ,0, , , , , , , , , ,1,1,0,0,0,0,0,0,0,0,0,0,1,1,0,0,0,0,0,0,0,0,0,0,0,0,0,0,0,0,0,0,1,0,0,8,0,40.0216,-75.1495, , 
55603,637771,2012033533,6,67,67301,2012,3,7,1050,10,1,2,1,1,1, , ,N,2,0,0,3,0,0,2,2,N,N,40 05:09.739,75 12:42.976,1055, ,1050, ,0, ,N, ,0, , , , , , , , , ,2,2,0,0,0,0,0,0,0,0,0,0,0,0,0,0,0,0,0,0,1,1,0,0,0,0,0,0,0,0,0,0,0,0,0,0,0,40.0861,-75.2119, , 
55604,637772,2012034805,6,67,67301,2012,3,5,1812,18,3,1,0,8,1, , ,N,1,2,0,3,0,1,2,2,N, ,40 05:09.819,75 13:49.871,1835, ,1818, ,0, , , ,3, , , , , , , , , ,1,0,0,0,0,0,1,0,0,0,1,0,1,0,0,0,0,0,0,0,1,0,0,0,0,0,0,0,0,0,0,0,1,0,0,3,0,40.0861,-75.2305, , 
55605,637782,2012049658,6,67,67301,2012,4,1,9999,99,3,1,0,4,1, , ,N,1,2,0,3,0,1,3,2,N, ,39 56:29.842,75 08:57.047,120, ,120,3,2,3,N, ,3,Y, , , , , , , , ,1,1,0,0,0,0,0,0,1,0,1,0,1,0,0,0,0,0,0,0,0,0,0,0,0,0,0,0,0,0,0,0,0,0,0,3,0,39.9416,-75.1492, , 
55606,637818,2012034708,6,67,67301,2012,3,7,1355,13,1,1,0,4,1, , ,N,0,0,7,3,0,1,4,2,N,N,39 59:49.688,75 05:23.039,1410, ,1403,1,2,5,N, ,0,Y, , , , , , , , ,2,1,0,0,0,0,1,0,0,0,0,1,1,0,0,0,0,0,1,0,0,0,0,0,0,0,0,0,0,0,0,0,0,0,0,4,0,39.9971,-75.0897, , 
55607,637839,2012052693,6,67,67301,2012,4,1,1057,10,1,2,1,1,2, , ,N,0,7,0,3,0,2,4,3,N,N,39 55:55.259,75 11:59.516,1100, ,1058,3,2,1,N, ,3,Y, , , , , , , , ,3,2,0,0,0,0,1,0,0,0,0,0,2,2,0,0,0,0,0,0,1,0,0,0,0,0,0,0,0,0,0,0,0,0,0,8,0,39.932,-75.1999, , 
55608,637854,2012016373,6,67,67301,2012,2,5,826,8,1,1,0,1,1, , ,N,0,0,0,3,0,1,3,3,N,N,40 02:29.218,75 00:16.616,847, ,831,1,1,2,N, ,0,N, , , , , , , , ,3,2,0,0,0,0,0,1,0,0,0,0,1,1,0,0,0,0,0,0,1,1,0,0,0,0,0,0,0,0,0,0,0,0,0,8,0,40.0414,-75.0047, , 
55609,637863,2012026121,6,67,67301,2012,2,7,1857,18,3,4,1,8,1, , ,N,1,0,0,3,0,1,3,3,N, ,39 59:19.482,75 05:58.675,1912, ,1907, ,0, , , ,0, , , , , , , , , ,1,1,0,0,0,0,0,0,0,0,1,0,1,0,0,0,0,0,0,0,0,0,0,0,0,0,0,0,0,0,0,0,2,0,0,3,0,39.9887,-75.0996, , 
55610,637866,2012028153,6,67,67301,2012,2,6,830,8,1,1,0,1,1, , ,N,0,0,0,3,0,1,2,2,N,N,40 01:28.472,75 07:52.188,850, ,834, ,0, ,N, ,0, , , , , , , , , ,2,0,0,0,0,0,1,1,0,0,0,1,1,0,0,0,0,0,0,0,1,0,0,0,0,0,0,0,0,0,0,0,0,0,0,4,0,40.0246,-75.131, , 
55611,637871,2012032525,6,67,67301,2012,2,4,9999,99,1,1,0,8,1, , ,N,0,0,0,3,0,1,2,2,N,N,39 58:57.988,75 09:05.502,1443, ,1441, ,0, ,N, ,0, , , , , , , , , ,1,0,0,1,0,0,0,0,0,0,0,0,1,1,0,0,0,0,0,0,0,0,0,0,0,0,0,0,0,0,0,0,1,0,0,8,1,39.9828,-75.1515, , 
55612,637875,2012036962,6,67,67301,2012,2,3,1145,11,1,1,0,8,1, , ,N,2,2,0,3,0,1,2,2,N,Y,40 03:24.505,75 09:38.479,1155, ,1154, ,0, ,N, ,3, , , , , , , , , ,1,1,0,0,0,0,0,0,0,0,0,0,1,1,0,0,0,0,0,0,0,0,0,0,0,0,0,0,0,0,0,0,1,0,0,8,0,40.0568,-75.1607, , 
55613,637885,2012049795,6,67,67301,2012,4,4,9999,99,1,1,0,1,1, , ,N,0,2,0,3,0,8,9,6,N,N,40 02:01.745,75 04:28.417,1110, ,1105,3,1,1,N, ,3,Y, , , , , , , , ,6,6,0,0,0,0,0,0,0,0,5,3,8,0,0,0,0,0,0,0,1,0,0,1,0,0,0,0,0,0,0,0,0,0,0,3,0,40.0338,-75.0746, , 
55614,637890,2012052682,6,67,67301,2012,4,3,950,9,1,1,0,8,5, , ,N,0,0,0,3,0,1,2,2,N,N,40 02:09.534,75 10:29.690,1505, ,1505, ,0, ,N, ,0, , , , , , , , , ,1,0,0,0,0,0,1,0,0,0,0,1,1,0,1,0,0,0,0,0,0,0,0,1,0,0,0,0,0,0,0,0,1,0,0,4,0,40.036,-75.1749, , 
55615,637898,2012012655,6,67,67301,2012,1,4,1722,17,3,1,0,8,2, , ,N,0,0,7,3,0,1,2,2,N,N,40 02:21.912,75 13:37.261,1726, ,1722, ,0, ,N, ,0, , , , , , , , , ,1,1,0,0,0,0,0,0,0,0,0,1,1,0,0,0,0,0,0,0,1,0,0,0,0,0,0,0,0,0,0,0,1,0,0,4,0,40.0394,-75.227, , 
55616,637902,2012015364,6,67,67301,2012,1,4,9999,99,3,1,0,4,1, , ,N,1,2,0,3,0,2,9,3,N,N,39 59:16.193,75 10:50.093,1623, ,1622,3,2,7,N, ,3,N, , , , , , , , ,3,2,0,0,0,0,1,0,0,1,1,0,2,0,1,0,1,0,0,0,0,0,0,0,0,0,0,1,0,0,0,0,0,0,0,2,0,39.9878,-75.1806, , 
55617,630454,2014009805,6,67,67301,2013,12,6,1940,19,3,2,1,4,1, , ,N,1,3,0,3,0,1,3,2,N,N,40 02:00.236,75 10:31.717,1950, ,1944, ,0, ,N, ,3, , , , , , , , , ,2,1,0,0,0,0,1,0,0,0,0,1,1,0,0,0,0,0,0,0,0,0,0,0,0,0,0,0,0,0,0,0,0,0,0,4,0,40.0334,-75.1755, , 
55618,630456,2014011628,6,67,67301,2013,11,3,1820,18,3,2,1,8,1, , ,N,1,0,0,3,0,1,2,2,N,N,40 02:58.996,75 10:18.239,1820, ,1820, ,0, ,N, ,0, , , , , , , , , ,1,1,0,0,0,0,0,0,0,0,0,0,1,1,0,0,0,0,0,0,0,0,0,0,0,0,0,0,0,0,0,0,1,0,0,8,0,40.0497,-75.1717, , 
55619,630475,2014006845,6,67,67301,2013,12,7,1730,17,4,1,0,8,1, , ,N,1,2,0,3,0,1,2,2,N,N,39 59:47.157,75 06:48.512,1740, ,1740, ,0, ,N, ,3, , , , , , , , , ,1,1,0,0,0,0,0,0,0,0,0,1,1,0,1,0,0,0,0,0,0,0,0,0,0,0,0,0,0,0,0,0,1,0,0,4,0,39.9964,-75.1135, , 
55620,630490,2014009700,6,67,67301,2013,12,2,1150,11,1,2,1,4,1, , ,N,1,2,0,3,0,0,3,3,N,N,40 02:22.401,75 05:03.893,1152, ,1151, ,0, , , ,9, , , , , , , , , ,3,1,0,0,1,0,1,0,0,0,0,0,0,0,0,0,0,0,0,0,1,0,0,0,0,0,0,0,0,0,0,0,0,0,0,0,0,40.0396,-75.0844, , 
55621,630494,2013106664,6,67,67301,2013,9,2,849,8,1,1,0,8,1, , ,N,1,2,0,3,0,1,2,2,N, ,40 06:46.663,75 01:22.836,858, ,851,3,1,1, , ,3,N, , , , , , , , ,1,1,0,0,0,0,0,0,0,0,0,1,1,0,0,0,0,0,0,0,1,0,0,0,0,0,0,0,0,0,0,0,1,0,0,4,0,40.113,-75.023, , 
55622,630510,2014006312,6,67,67301,2013,11,7,430,4,3,1,0,5,6, , ,N,0,0,0,3,0,0,1,4,N,N,39 58:23.941,75 13:20.906,440, ,440,1,1,3,N, ,0,N, , , , , , , , ,4,2,0,0,2,0,0,0,0,0,0,0,0,0,0,0,0,0,0,0,0,0,0,0,0,0,0,0,0,0,0,0,0,0,0,0,0,39.9733,-75.2225, , 
55623,630529,2013111793,6,67,67301,2013,10,1,9999,99,1,1,0,8,1, , ,N,0,0,0,3,0,1,2,2,N, ,39 55:02.640,75 14:02.460,1805, ,1800, ,0, , , ,0, , , , , , , , , ,1,1,0,0,0,0,0,0,0,0,0,0,1,1,0,0,0,0,0,0,0,0,0,0,0,0,0,0,0,0,0,0,1,0,0,8,0,39.9174,-75.234, , 