objectid_1,objectid,crn,district,county,municipality,crash_year,crash_month,day_of_week,time_of_day,hour_of_day,illumination,weather,road_condition,collision_type,relation_to_road,work_zone_type,work_zone_loc,work_zone_ind,intersect_type,tcd_type,location_type,urban_rural,fatal_count,injury_count,person_count,total_units,sch_bus_ind,sch_zone_ind,latitude,longitude,arrival_tm,cons_zone_spd_lim,dispatch_tm,est_hrs_closed,lane_closed,ln_close_dir,ntfy_hiwy_maint,spec_juris_cd,tcd_func_cd,tfc_detour_ind,workers_pres,wz_close_detour,wz_flagger,wz_law_offcr_ind,wz_ln_closure,wz_moving,wz_other,wz_shlder_mdn,vehicle_count,automobile_count,motorcycle_count,bus_count,small_truck_count,heavy_truck_count,suv_count,van_count,bicycle_count,maj_inj_count,mod_inj_count,min_inj_count,tot_inj_count,unk_inj_deg_count,unk_inj_per_count,driver_count_16yr,driver_count_17yr,driver_count_18yr,driver_count_19yr,driver_count_20yr,driver_count_50_64yr,driver_count_65_74yr,driver_count_75plus,unbelted_occ_count,unb_death_count,unb_maj_inj_count,belted_death_count,belted_maj_inj_count,mcycle_death_count,mcycle_maj_inj_count,bicycle_death_count,bicycle_maj_inj_count,ped_count,ped_death_count,ped_maj_inj_count,max_severity_level,comm_veh_count,dec_lat,dec_long,rdwy_surf_type_cd,county_name
55624,630530,2013114462,6,67,67301,2013,10,4,9999,99,4,1,0,4,1, , ,N,1,3,0,3,0,1,3,2,N,N,39 59:05.614,75 09:47.123,9999, ,9999, ,0, ,N, ,3, , , , , , , , , ,1,1,0,0,0,0,0,0,1,0,0,0,1,1,0,0,0,0,0,0,0,0,0,0,0,0,0,0,0,0,0,0,0,0,0,8,0,39.9849,-75.1631, , 
55625,630538,2013121108,6,67,67301,2013,11,7,724,7,1,1,1,0,2, , ,N,7,0,2,3,0,0,1,1,N,N,40 02:43.293,75 00:06.626,737, ,725, ,0, ,N, ,0, , , , , , , , , ,1,0,0,0,0,0,1,0,0,0,0,0,0,0,0,0,0,0,0,0,0,0,0,0,0,0,0,0,0,0,0,0,0,0,0,0,0,40.0453,-75.0019, , 
55626,630540,2013122899,6,67,67301,2013,11,6,459,4,2,1,1,4,1, , ,N,1,0,0,3,0,1,3,2,N, ,39 58:25.573,75 15:29.593,517, ,512, ,0, , , ,0, , , , , , , , , ,2,0,0,0,1,0,1,0,0,0,0,1,1,0,0,0,0,0,0,1,0,0,0,0,0,0,0,0,0,0,0,0,0,0,0,4,0,39.9738,-75.2582, , 
55627,630553,2014001031,6,67,67301,2013,12,6,1639,16,2,2,1,8,1, , ,N,1,2,0,3,0,2,3,3,N,N,40 01:58.442,75 06:24.270,1655, ,1641, ,0, ,N, ,3, , , , , , , , , ,1,1,0,0,0,0,0,0,0,0,0,2,2,0,0,0,0,0,0,0,0,0,0,0,0,0,0,0,0,0,0,0,2,0,0,4,0,40.0329,-75.1067, , 
55628,630556,2014009848,6,67,67301,2013,12,1,1320,13,1,4,3,7,4, , ,N,1,2,0,3,0,0,1,1,N,N,39 58:00.800,75 11:31.732,1332, ,1332, ,0, ,N, ,3, , , , , , , , , ,1,1,0,0,0,0,0,0,0,0,0,0,0,0,0,0,0,0,0,0,0,0,0,0,0,0,0,0,0,0,0,0,0,0,0,0,0,39.9669,-75.1921, , 
55629,630565,2013129394,6,67,67301,2013,11,3,1600,16,1,1,0,8,1, , ,N,0,0,0,3,0,1,2,2,N, ,39 57:30.622,75 13:44.656,1830, ,1728, ,0, , , ,0, , , , , , , , , ,1,1,0,0,0,0,0,0,0,0,0,1,1,0,0,0,0,0,0,0,0,0,0,1,0,0,0,0,0,0,0,0,1,0,0,4,0,39.9585,-75.2291, , 
55630,630586,2014013115,6,67,67301,2013,12,7,1340,13,1,1,0,4,1, , ,N,0,0,7,3,0,1,2,3,N,Y,39 58:50.293,75 14:12.800,1400, ,1350,3,2,6,N, ,0,Y, , , , , , , , ,3,2,0,0,0,0,1,0,0,0,0,0,1,1,0,0,0,0,0,0,0,1,0,0,0,0,0,0,0,0,0,0,0,0,0,8,0,39.9806,-75.2369, , 
55631,630594,2013077941,6,46,46104,2013,7,4,747,7,1,1,0,4,1, , ,N,2,2,0,3,0,0,2,2,N,N,39 59:22.038,75 15:05.086,750, ,748, ,0, ,N, ,3, , , , , , , , , ,2,2,0,0,0,0,0,0,0,0,0,0,0,0,0,0,0,0,0,0,0,0,0,0,0,0,0,0,0,0,0,0,0,0,0,0,0,39.9895,-75.2514, , 
55632,630604,2013093142,6,67,67301,2013,8,1,1425,14,1,1,0,4,1, , ,N,1,2,0,3,0,2,3,3,N, ,40 00:40.651,75 06:21.920,9999, ,1609, ,0, , , ,3, , , , , , , , , ,3,2,0,0,0,0,1,0,0,0,0,2,2,0,0,0,0,0,0,0,2,0,0,2,0,0,0,0,0,0,0,0,0,0,0,4,0,40.0113,-75.1061, , 
55633,630612,2013106624,6,67,67301,2013,9,2,1600,16,1,1,0,5,1, , ,N,0,0,0,3,0,2,6,2,N,Y,39 57:45.279,75 12:38.648,1613, ,1604, ,0, ,N, ,0, , , , , , , , , ,2,1,0,0,0,0,1,0,0,0,0,2,2,0,0,0,0,0,0,0,1,0,0,0,0,0,0,0,0,0,0,0,0,0,0,4,0,39.9626,-75.2107, , 
55634,630626,2014009658,6,67,67301,2013,11,2,915,9,1,1,0,8,4, , ,N,0,0,7,3,0,1,3,3,N,N,39 56:54.882,75 09:52.148,930, ,920, ,0, ,N, ,0, , , , , , , , , ,1,0,0,0,0,0,0,1,0,0,0,1,1,0,0,0,0,0,0,0,1,0,0,0,0,0,0,0,0,0,0,0,2,0,0,4,0,39.9486,-75.1645, , 
55635,633828,2012041636,6,67,67301,2012,3,3,1324,13,1,1,0,4,1, , ,N,0,2,7,3,0,2,3,2,N,N,40 02:49.976,75 03:32.411,1339, ,1328, ,0, ,N, ,3, , , , , , , , , ,2,0,0,0,0,0,1,1,0,0,2,0,2,0,0,0,0,0,0,0,0,0,1,0,0,0,0,0,0,0,0,0,0,0,0,3,0,40.0472,-75.059, , 
55636,633836,2012047296,6,67,67301,2012,4,2,1115,11,1,1,0,5,1, , ,N,0,0,0,3,0,1,3,2,N,N,40 00:01.364,75 07:02.201,1830, ,1826, ,0, ,N, ,0, , , , , , , , , ,1,0,0,0,0,0,0,0,1,0,1,0,1,0,0,0,0,0,0,0,0,0,0,0,0,0,0,0,0,0,0,0,0,0,0,3,0,40.0004,-75.1173, , 
55637,633837,2012048025,6,67,67301,2012,4,5,9999,99,1,1,0,4,1, , ,N,1,3,0,3,0,1,2,2,N,N,39 58:56.426,75 07:36.268,1635, ,1629, ,0, , , ,3, , , , , , , , , ,2,1,0,0,1,0,0,0,0,0,0,1,1,0,1,0,0,0,0,0,0,0,0,0,0,0,0,0,0,0,0,0,0,0,0,4,0,39.9823,-75.1267, , 
55638,633854,2012012627,6,67,67301,2012,1,7,154,1,3,1,0,5,5, , ,N,0,0,0,3,0,0,1,2,N,N,40 01:03.969,75 03:52.751,200, ,155, ,0, ,N, ,0, , , , , , , , , ,2,2,0,0,0,0,0,0,0,0,0,0,0,0,1,0,0,0,0,0,1,0,0,0,0,0,0,0,0,0,0,0,0,0,0,9,0,40.0178,-75.0646, , 
55639,633867,2012032711,6,67,67301,2012,2,5,800,8,1,1,0,4,1, , ,N,1,3,0,3,0,0,2,2,N,N,40 01:12.005,75 09:07.946,845, ,840, ,0, ,N, ,2, , , , , , , , , ,2,1,0,0,1,0,0,0,0,0,0,0,0,0,0,0,0,0,0,0,0,0,0,0,0,0,0,0,0,0,0,0,0,0,0,0,0,40.02,-75.1522, , 
55640,633880,2012047235,6,67,67301,2012,4,5,1228,12,1,1,0,4,1, , ,N,1,2,0,3,0,2,6,2,N,N,39 58:27.676,75 12:06.216,1230, ,1228, ,0, ,N, ,3, , , , , , , , , ,2,2,0,0,0,0,0,0,0,0,0,0,2,2,0,0,0,0,0,0,0,0,0,0,0,0,0,0,0,0,0,0,0,0,0,8,0,39.9744,-75.2017, , 
55641,633922,2012042554,6,67,67301,2012,3,4,1606,16,1,1,0,4,1, , ,N,1,2,0,3,0,1,2,2,N, ,40 02:51.581,75 03:35.828,1727, ,1726, ,0, , , ,3, , , , , , , , , ,1,1,0,0,0,0,0,0,1,0,0,1,1,0,0,0,0,0,0,0,0,0,0,0,0,0,0,0,0,0,0,0,0,0,0,4,0,40.0477,-75.06, , 
55642,633999,2012017934,6,67,67301,2012,1,2,1021,10,1,1,0,4,1, , ,N,1,2,0,3,0,0,3,3,N,N,40 03:01.444,74 59:59.580,1026, ,1024, ,0, ,N, ,3, , , , , , , , , ,3,3,0,0,0,0,0,0,0,0,0,0,0,0,0,0,0,0,0,0,0,0,1,0,0,0,0,0,0,0,0,0,0,0,0,0,0,40.0504,-74.9999, , 
55643,634001,2012019780,6,67,67301,2012,2,5,1405,14,1,1,0,1,1, , ,N,0,0,0,3,0,0,6,4,N,N,39 55:33.239,75 11:38.413,1418, ,1407,2,2,3,N, ,0,N, , , , , , , , ,4,3,0,0,1,0,0,0,0,0,0,0,0,0,0,0,0,0,0,1,1,0,0,1,0,0,0,0,0,0,0,0,0,0,0,0,0,39.9259,-75.194, , 
55644,634028,2012049778,6,67,67301,2012,4,6,1456,14,1,1,0,4,1, , ,N,1,2,0,3,0,1,3,2,N, ,39 57:22.442,75 13:10.587,1510, ,1505, ,0, , , ,3, , , , , , , , , ,2,1,0,0,0,0,0,1,0,0,0,0,1,1,0,0,0,0,0,0,0,0,0,0,0,0,0,0,0,0,0,0,0,0,0,8,0,39.9562,-75.2196, , 
55645,634044,2012010995,6,67,67301,2012,1,6,1604,16,1,1,0,1,1, , ,N,0,0,0,3,0,0,2,2,N,N,39 59:37.925,75 05:03.685,1610, ,1607, ,0, ,N, ,0, , , , , , , , , ,2,0,0,0,0,0,1,1,0,0,0,0,0,0,0,0,0,0,0,0,0,0,0,0,0,0,0,0,0,0,0,0,0,0,0,0,0,39.9938,-75.0844, , 
55646,634077,2012043781,6,67,67301,2012,4,6,1514,15,1,1,0,1,1, , ,N,0,0,0,3,0,2,7,4,N,N,39 56:44.564,75 11:23.638,1524, ,1516, ,0, ,N, ,0, , , , , , , , , ,4,2,0,0,0,0,2,0,0,1,0,1,2,0,0,0,0,0,1,0,2,0,0,0,0,0,0,1,0,0,0,0,0,0,0,2,0,39.9457,-75.1899, , 
55647,634080,2012048070,6,67,67301,2012,4,2,1842,18,1,1,0,4,1, , ,N,1,0,0,3,0,0,4,2,N,N,39 55:40.948,75 13:09.423,1844, ,1843,1,2,4,N, ,0,Y, , , , , , , , ,2,1,0,0,0,0,1,0,0,0,0,0,0,0,0,0,0,0,0,0,1,0,0,0,0,0,0,0,0,0,0,0,0,0,0,0,0,39.928,-75.2193, , 
55648,634097,2012020421,6,67,67301,2012,1,4,1725,17,1,1,0,4,1, , ,N,1,2,0,3,0,0,8,3,N, ,40 05:16.778,74 57:52.318,1734, ,1730,3,1,2, , ,3,N, , , , , , , , ,3,3,0,0,0,0,0,0,0,0,0,0,0,0,0,0,0,0,0,0,0,0,0,2,0,0,0,0,0,0,0,0,0,0,0,0,0,40.088,-74.9645, , 
55649,634098,2012023959,6,67,67301,2012,1,1,2147,21,3,1,0,7,2, , ,N,0,0,0,3,0,1,2,2,N,N,39 58:15.131,75 11:24.370,9999, ,9999,3,2,6,N, ,0,Y, , , , , , , , ,2,2,0,0,0,0,0,0,0,0,0,0,1,1,0,0,0,0,0,0,0,0,0,0,0,0,0,0,0,0,0,0,0,0,0,8,0,39.971,-75.1901, , 
55650,634104,2012027722,6,67,67301,2012,2,4,230,2,3,1,0,2,1, , ,N,0,0,0,3,0,0,2,2,N,N,39 55:16.622,75 11:36.799,240, ,234,2,1,4,N, ,0,Y, , , , , , , , ,2,2,0,0,0,0,0,0,0,0,0,0,0,0,0,0,0,0,0,0,0,0,0,1,0,0,0,0,0,0,0,0,0,0,0,0,0,39.9213,-75.1935, , 
55651,634132,2012048204,6,67,67301,2012,4,1,238,2,3,1,0,4,1, , ,N,1,2,0,3,0,0,2,2,N,N,40 00:54.079,75 08:06.611,245, ,238, ,0, ,N, ,3, , , , , , , , , ,2,2,0,0,0,0,0,0,0,0,0,0,0,0,0,0,0,0,0,0,0,0,0,0,0,0,0,0,0,0,0,0,0,0,0,0,0,40.015,-75.1352, , 
55652,634153,2012026195,6,67,67301,2012,2,4,805,8,1,1,0,1,1, , ,N,0,0,0,3,0,1,2,2,N,N,40 01:10.399,75 08:49.202,825, ,814, ,0, ,N, ,0, , , , , , , , , ,2,2,0,0,0,0,0,0,0,0,0,0,1,1,0,0,0,0,0,0,0,0,0,0,0,0,0,0,0,0,0,0,0,0,0,8,0,40.0196,-75.147, , 
55653,634154,2012028188,6,67,67301,2012,2,2,1720,17,3,1,0,6,1, , ,N,1,2,0,3,0,2,2,2,N,N,40 02:50.643,75 04:40.796,1738, ,1724, ,0, ,N, ,3, , , , , , , , , ,2,1,0,0,0,0,1,0,0,0,1,0,2,1,0,0,0,0,0,0,1,0,0,0,0,0,0,0,0,0,0,0,0,0,0,3,0,40.0474,-75.078, , 
55654,641040,2012015416,6,67,67301,2012,1,5,1637,16,3,1,0,1,1, , ,N,1,0,0,3,0,1,3,2,N,N,40 02:11.789,75 03:52.061,1643, ,1641,1,1,2,N, ,0,N, , , , , , , , ,2,1,0,0,0,0,1,0,0,0,0,1,1,0,0,0,0,0,0,0,1,0,0,0,0,0,0,0,0,0,0,0,0,0,0,4,0,40.0367,-75.0645, , 
55655,641053,2012032630,6,67,67301,2012,2,1,2258,22,3,1,0,4,1, , ,N,1,3,0,3,0,0,2,2,N, ,40 00:37.740,75 09:38.782,2305, ,2259,9,1,2, , ,3,N, , , , , , , , ,2,2,0,0,0,0,0,0,0,0,0,0,0,0,2,0,0,0,0,0,0,0,0,0,0,0,0,0,0,0,0,0,0,0,0,9,0,40.0105,-75.1608, , 
55656,641068,2012048095,6,67,67301,2012,4,7,13,0,3,1,0,4,1, , ,N,0,0,7,3,0,2,5,2,N,N,39 59:39.890,75 05:39.620,17, ,15, ,0, ,N, ,0, , , , , , , , , ,2,2,0,0,0,0,0,0,0,0,0,2,2,0,0,0,0,0,0,0,0,0,0,0,0,0,0,0,0,0,0,0,0,0,0,4,0,39.9944,-75.0943, , 
55657,641095,2012020613,6,67,67301,2012,1,6,740,7,1,1,0,4,1, , ,N,1,2,0,3,0,1,5,3,N,N,40 03:08.339,75 00:28.750,840, ,830, ,0, ,N, ,3, , , , , , , , , ,3,2,0,0,0,1,0,0,0,0,0,1,1,0,2,0,0,0,0,0,0,0,0,0,0,0,0,0,0,0,0,0,0,0,0,4,1,40.0523,-75.008, , 
55658,641102,2012026273,6,67,67301,2012,1,6,1754,17,3,1,0,2,1, , ,N,0,2,0,3,0,0,9,9,N,N,39 59:50.768,75 08:20.488,1800, ,1755, ,0, ,N, ,3, , , , , , , , , ,9,8,0,0,0,0,1,0,0,0,0,0,0,0,2,0,0,0,0,0,4,0,0,2,0,0,0,0,0,0,0,0,0,0,0,9,0,39.9974,-75.139, , 
55659,641118,2012041682,6,67,67301,2012,4,1,1257,12,1,1,0,8,1, , ,N,0,0,0,3,0,1,2,2,N,N,40 02:46.975,75 04:03.813,1305, ,1257, ,0, ,N, ,0, , , , , , , , , ,1,1,0,0,0,0,0,0,0,0,0,1,1,0,0,0,0,0,0,0,0,0,0,0,0,0,0,0,0,0,0,0,1,0,0,4,0,40.0464,-75.0677, , 
55660,641145,2012020402,6,67,67301,2012,1,7,620,6,3,4,3,7,1, , ,N,0,0,0,3,0,1,1,1,N,N,40 04:20.423,75 14:32.264,630, ,623, ,0, ,N, ,0, , , , , , , , , ,1,0,0,0,0,0,1,0,0,0,0,1,1,0,0,0,0,0,0,0,0,1,0,0,0,0,0,0,0,0,0,0,0,0,0,4,0,40.0723,-75.2422, , 
55661,641146,2012020452,6,67,67301,2012,1,1,809,8,1,1,0,4,1, , ,N,1,2,0,3,0,2,3,2,N,N,39 57:01.433,75 09:36.847,810, ,815,9,2,3, , ,3,Y, , , , , , , , ,2,1,0,0,0,0,0,1,0,0,0,0,2,2,1,0,0,0,0,0,0,0,0,0,0,0,0,0,0,0,0,0,0,0,0,8,0,39.9504,-75.1601, , 
55662,641151,2012026229,6,67,67301,2012,2,1,250,2,3,4,1,7,5, , ,N,2,3,0,3,0,1,1,1,N, ,40 04:10.106,75 03:35.121,255, ,252,2,2,7, , ,3,Y, , , , , , , , ,1,0,0,0,1,0,0,0,0,0,0,0,1,1,0,0,0,0,0,0,0,0,0,0,0,0,0,0,0,0,0,0,0,0,0,8,0,40.0695,-75.0598, , 
55663,641158,2012032621,6,67,67301,2012,2,2,329,3,3,1,0,2,1, , ,N,0,0,0,3,0,2,2,2,N, ,40 00:01.404,75 06:22.910,433, ,429, ,0, , , ,0, , , , , , , , , ,2,1,0,0,1,0,0,0,0,0,0,0,2,2,0,0,0,0,0,0,0,0,0,1,0,0,0,0,0,0,0,0,0,0,0,8,0,40.0004,-75.1064, , 
55664,641184,2012017873,6,67,67301,2012,1,4,1354,13,1,1,1,4,1, , ,N,1,9,0,3,0,1,2,2,N,N,40 02:47.384,75 05:24.289,1357, ,1354, ,9, ,N, ,9, , , , , , , , , ,2,2,0,0,0,0,0,0,0,0,1,0,1,0,0,0,0,0,1,0,1,0,0,0,0,0,0,0,0,0,0,0,0,0,0,3,0,40.0465,-75.0901, , 
55665,641185,2012017928,6,67,67301,2012,1,6,2345,23,3,1,0,1,1, , ,N,1,2,0,3,0,1,2,2,N,N,39 55:11.208,75 11:17.768,2359, ,2358, ,0, , , ,3, , , , , , , , , ,2,0,0,0,2,0,0,0,0,0,0,0,1,1,1,0,0,0,0,0,0,0,0,2,0,0,0,0,0,0,0,0,0,0,0,8,0,39.9198,-75.1883, , 
55666,641188,2012021017,6,67,67301,2012,1,6,1300,13,1,1,0,2,1, , ,N,1,2,0,3,0,4,5,3,N,N,39 56:15.784,75 13:42.272,1310, ,1300, ,0, , , ,9, , , , , , , , , ,3,3,0,0,0,0,0,0,0,0,0,4,4,0,1,0,0,0,0,0,1,0,0,1,0,0,0,0,0,0,0,0,0,0,0,4,0,39.9377,-75.2284, , 
55667,641189,2012021390,6,67,67301,2012,2,4,1530,15,1,1,0,4,1, , ,N,0,0,7,3,0,1,2,2,N,N,40 03:49.111,75 03:55.526,1550, ,1545, ,0, ,N, ,0, , , , , , , , , ,2,2,0,0,0,0,0,0,0,0,0,1,1,0,0,0,0,0,0,1,0,0,0,0,0,0,0,0,0,0,0,0,0,0,0,4,0,40.0636,-75.0654, , 
55668,641193,2012026277,6,67,67301,2012,1,2,820,8,1,1,0,5,1, , ,N,0,0,0,3,0,0,2,2,N,N,40 00:20.419,75 08:54.398,1400, ,1400, ,0, , , ,0, , , , , , , , , ,2,1,0,0,0,0,0,1,0,0,0,0,0,0,1,0,0,0,0,0,0,1,0,0,0,0,0,0,0,0,0,0,0,0,0,9,0,40.0057,-75.1484, , 
55669,641228,2012010750,6,67,67301,2012,1,7,1259,12,1,1,0,7,2, , ,N,0,0,0,3,0,0,2,1,N,N,39 53:59.599,75 09:41.747,1307, ,1301,1,1,1,N, ,0,N, , , , , , , , ,1,1,0,0,0,0,0,0,0,0,0,0,0,0,0,0,0,0,0,0,0,1,0,0,0,0,0,0,0,0,0,0,0,0,0,0,0,39.8999,-75.1616, , 
55670,641246,2012026177,6,67,67301,2012,1,4,1146,11,1,1,0,8,1, , ,N,1,2,0,3,0,1,2,2,N,N,39 59:25.814,75 08:25.976,1220, ,1146, ,0, , , ,3, , , , , , , , , ,1,1,0,0,0,0,0,0,0,0,0,0,1,1,0,0,0,0,0,0,1,0,0,1,0,0,0,0,0,0,0,0,1,0,0,8,0,39.9905,-75.1405, , 
55671,641256,2012036870,6,67,67301,2012,3,5,810,8,1,2,1,6,1, , ,N,0,0,0,3,0,1,2,2,N,N,39 57:23.941,75 10:58.402,824, ,819, ,0, ,N, ,0, , , , , , , , , ,2,2,0,0,0,0,0,0,0,0,0,1,1,0,0,0,0,0,0,0,0,0,0,0,0,0,0,0,0,0,0,0,0,0,0,4,0,39.9564,-75.1829, , 
55672,637915,2012027749,6,67,67301,2012,2,5,1210,12,1,8,0,8,1, , ,N,1,2,0,3,0,1,2,2,N, ,39 57:12.138,75 10:17.635,1220, ,1220, ,0, , , ,3, , , , , , , , , ,1,0,0,0,0,0,1,0,0,0,1,0,1,0,0,0,0,0,0,0,1,0,0,0,0,0,0,0,0,0,0,0,1,0,0,3,0,39.9534,-75.1716, , 
55673,637919,2012032638,6,67,67301,2012,2,4,9999,99,6,9,0,1,1, , ,N,1,2,0,3,0,1,3,2,N, ,40 00:05.705,75 09:10.074,2005, ,1944, ,0, , , ,3, , , , , , , , , ,2,1,0,1,0,0,0,0,0,1,0,0,1,0,0,0,0,0,0,0,0,0,0,0,0,0,0,0,0,0,0,0,0,0,0,2,1,40.0016,-75.1528, , 
55674,637921,2012034795,6,67,67301,2012,3,7,325,3,3,1,0,1,1, , ,N,1,2,0,3,0,1,2,2,N, ,40 03:00.190,75 09:01.655,335, ,331, ,0, , , ,3, , , , , , , , , ,2,1,0,0,0,0,1,0,0,0,0,1,1,0,0,0,0,1,0,0,0,0,0,0,0,0,0,0,0,0,0,0,0,0,0,4,0,40.0501,-75.1505, , 
55675,637926,2012041332,6,67,67301,2012,4,6,1442,14,1,1,0,1,1, , ,N,0,0,0,3,0,0,3,2,N,N,39 59:30.984,75 12:07.344,1452, ,1447, ,0, ,N, ,0, , , , , , , , , ,2,1,0,0,1,0,0,0,0,0,0,0,0,0,0,0,0,0,0,0,0,0,0,0,0,0,0,0,0,0,0,0,0,0,0,0,0,39.9919,-75.202, , 
55676,637933,2012045154,6,67,67301,2012,5,5,1822,18,1,1,0,9,1, , ,N,0,0,0,3,0,1,1,1,N,N,40 01:31.370,75 01:44.088,1824, ,1822, ,0, ,N, ,0, , , , , , , , , ,1,1,0,0,0,0,0,0,0,0,1,0,1,0,0,0,0,0,0,0,0,0,0,0,0,0,0,0,0,0,0,0,0,0,0,3,0,40.0254,-75.0289, , 
55677,637937,2012048184,6,67,67301,2012,4,3,1510,15,1,1,0,4,1, , ,N,0,0,0,3,0,1,2,2,N,N,40 01:46.508,75 06:14.266,1555, ,1540, ,0, ,N, ,0, , , , , , , , , ,2,1,1,0,0,0,0,0,0,0,1,0,1,0,0,0,0,0,0,0,0,0,0,0,0,0,0,0,0,0,0,0,0,0,0,3,0,40.0296,-75.104, , 
55678,637959,2012020608,6,67,67301,2012,1,3,9999,99,3,1,0,1,1, , ,N,0,0,0,3,0,0,2,2,N, ,39 59:25.737,75 13:14.837,9999, ,9999, ,0, , , ,0, , , , , , , , , ,2,2,0,0,0,0,0,0,0,0,0,0,0,0,1,0,0,0,0,0,0,0,0,1,0,0,0,0,0,0,0,0,0,0,0,9,0,39.9905,-75.2208, , 
55679,637975,2012042543,6,67,67301,2012,3,7,1552,15,1,1,1,4,1, , ,N,1,2,0,3,0,1,3,3,N,N,40 02:09.918,75 11:38.294,1647, ,1634,1,1,4,N, ,3,N, , , , , , , , ,3,2,0,0,0,0,1,0,0,0,0,0,1,1,0,0,0,0,0,0,0,0,2,0,0,0,0,0,0,0,0,0,0,0,0,8,0,40.0361,-75.194, , 
55680,637982,2012048143,6,67,67301,2012,4,5,1814,18,1,1,0,1,1, , ,N,0,0,0,3,0,1,7,2,N,N,40 00:35.895,75 10:00.787,1830, ,1814, ,0, ,N, ,0, , , , , , , , , ,2,2,0,0,0,0,0,0,0,0,0,1,1,0,5,0,0,0,0,0,0,0,0,0,0,0,0,0,0,0,0,0,0,0,0,4,0,40.01,-75.1669, , 
55681,637983,2012048277,6,67,67301,2012,4,1,2122,21,3,1,1,1,1, , ,N,0,0,0,3,0,0,3,3,N, ,40 03:08.248,75 04:04.331,2127, ,2123, ,0, , , ,0, , , , , , , , , ,3,1,0,0,1,0,1,0,0,0,0,0,0,0,1,0,0,0,0,0,3,0,0,0,0,0,0,0,0,0,0,0,0,0,0,9,0,40.0523,-75.0679, , 
55682,637986,2012049837,6,67,67301,2012,4,7,1513,15,1,1,0,4,1, , ,N,1,0,0,3,0,1,2,2,N,N,39 59:57.649,75 10:17.972,1602, ,1600, ,0, ,N, ,0, , , , , , , , , ,2,1,0,0,1,0,0,0,0,0,0,0,1,1,0,0,0,0,0,0,0,0,0,0,0,0,0,0,0,0,0,0,0,0,0,8,0,39.9993,-75.1717, , 
55683,638008,2012032623,6,67,67301,2012,2,5,1300,13,1,1,0,4,1, , ,N,1,2,0,3,0,1,2,2,N, ,40 00:49.805,75 05:50.374,1313, ,1310, ,0, , , ,3, , , , , , , , , ,2,1,0,0,1,0,0,0,0,0,0,1,1,0,0,0,0,0,0,0,1,1,0,0,0,0,0,0,0,0,0,0,0,0,0,4,0,40.0137,-75.0974, , 
55684,638016,2012046287,6,67,67301,2012,4,7,645,6,5,1,0,7,2, , ,N,1,2,0,3,0,1,1,1,N, ,39 59:08.465,75 14:51.083,800, ,750, ,0, , , ,3, , , , , , , , , ,1,1,0,0,0,0,0,0,0,1,0,0,1,0,0,0,0,0,0,0,0,0,0,0,0,0,0,0,0,0,0,0,0,0,0,2,0,39.9857,-75.2475, , 
55685,638029,2012066475,6,67,67301,2012,5,5,647,6,1,1,0,4,1, , ,N,1,2,0,3,0,1,2,2,Y, ,39 55:15.795,75 13:27.001,712, ,711, ,0, , , ,3, , , , , , , , , ,2,0,0,1,0,0,1,0,0,0,0,0,1,1,0,0,0,0,0,0,2,0,0,0,0,0,0,0,0,0,0,0,0,0,0,8,1,39.9211,-75.2242, , 
55686,638030,2012067089,6,67,67301,2012,6,6,9999,99,1,1,0,8,1, , ,N,1,2,0,3,0,1,2,2,N, ,39 56:16.111,75 10:00.162,935, ,930, ,0, , , ,3, , , , , , , , , ,1,1,0,0,0,0,0,0,0,0,0,1,1,0,0,0,0,0,0,0,0,0,0,0,0,0,0,0,0,0,0,0,1,0,0,4,0,39.9379,-75.1667, , 
55687,638036,2012075957,6,67,67301,2012,6,3,910,9,1,1,0,4,1, , ,N,1,3,0,3,0,0,2,2,N, ,40 03:55.278,75 08:49.790,1000, ,954,3,1,4, , ,3,N, , , , , , , , ,2,2,0,0,0,0,0,0,0,0,0,0,0,0,0,0,0,0,0,0,1,1,0,0,0,0,0,0,0,0,0,0,0,0,0,0,0,40.0654,-75.1472, , 
55688,638057,2012026223,6,67,67301,2012,1,3,1159,11,1,1,0,4,1, , ,N,0,0,0,3,0,1,4,3,N,N,39 56:07.771,75 14:01.496,1203, ,1203, ,0, , , ,0, , , , , , , , , ,3,2,0,0,1,0,0,0,0,0,0,1,1,0,0,0,0,0,0,0,0,0,0,0,0,0,0,0,0,0,0,0,0,0,0,4,0,39.9355,-75.2337, , 
55689,638062,2012028474,6,67,67301,2012,1,7,1910,19,3,1,0,1,1, , ,N,0,0,7,3,0,1,2,2,N,N,40 02:34.678,75 06:48.156,1946, ,1933, ,0, ,N, ,0, , , , , , , , , ,2,2,0,0,0,0,0,0,0,0,0,1,1,0,0,0,0,0,0,0,1,0,0,0,0,0,0,0,0,0,0,0,0,0,0,4,0,40.043,-75.1134, , 
55690,630634,2013104383,6,67,67301,2013,9,6,2230,22,3,1,1,1,1, , ,N,1,2,0,3,0,1,2,2,N,N,40 01:38.773,75 07:14.771,2345, ,2335, ,0, ,N, ,3, , , , , , , , , ,2,1,0,0,0,0,1,0,0,0,0,0,1,1,1,0,0,0,0,0,0,0,0,0,0,0,0,0,0,0,0,0,0,0,0,8,0,40.0274,-75.1208, , 