objectid_1,objectid,crn,district,county,municipality,crash_year,crash_month,day_of_week,time_of_day,hour_of_day,illumination,weather,road_condition,collision_type,relation_to_road,work_zone_type,work_zone_loc,work_zone_ind,intersect_type,tcd_type,location_type,urban_rural,fatal_count,injury_count,person_count,total_units,sch_bus_ind,sch_zone_ind,latitude,longitude,arrival_tm,cons_zone_spd_lim,dispatch_tm,est_hrs_closed,lane_closed,ln_close_dir,ntfy_hiwy_maint,spec_juris_cd,tcd_func_cd,tfc_detour_ind,workers_pres,wz_close_detour,wz_flagger,wz_law_offcr_ind,wz_ln_closure,wz_moving,wz_other,wz_shlder_mdn,vehicle_count,automobile_count,motorcycle_count,bus_count,small_truck_count,heavy_truck_count,suv_count,van_count,bicycle_count,maj_inj_count,mod_inj_count,min_inj_count,tot_inj_count,unk_inj_deg_count,unk_inj_per_count,driver_count_16yr,driver_count_17yr,driver_count_18yr,driver_count_19yr,driver_count_20yr,driver_count_50_64yr,driver_count_65_74yr,driver_count_75plus,unbelted_occ_count,unb_death_count,unb_maj_inj_count,belted_death_count,belted_maj_inj_count,mcycle_death_count,mcycle_maj_inj_count,bicycle_death_count,bicycle_maj_inj_count,ped_count,ped_death_count,ped_maj_inj_count,max_severity_level,comm_veh_count,dec_lat,dec_long,rdwy_surf_type_cd,county_name
55691,630652,2013125396,6,67,67301,2013,11,4,445,4,3,2,1,7,2, , ,N,0,0,0,3,0,0,1,1,N,N,39 57:20.222,75 10:51.007,529, ,520,2,1,3,N, ,0,N, , , , , , , , ,1,1,0,0,0,0,0,0,0,0,0,0,0,0,0,0,0,0,0,0,0,0,0,0,0,0,0,0,0,0,0,0,0,0,0,0,0,39.9556,-75.1808, , 
55692,630672,2014006894,6,67,67301,2013,12,1,1300,13,1,4,1,4,1, , ,N,0,0,7,3,0,0,2,2,N,N,40 05:22.870,74 59:04.734,1335, ,1329, ,0, , , ,0, , , , , , , , , ,2,1,0,0,0,0,0,1,0,0,0,0,0,0,0,0,0,0,0,0,1,0,0,0,0,0,0,0,0,0,0,0,0,0,0,0,0,40.0897,-74.9846, , 
55693,630674,2014013162,6,67,67301,2013,12,3,1231,12,1,1,0,1,1, , ,N,1,2,0,3,0,1,3,2,N,N,40 02:06.425,75 04:10.216,1240, ,1232, ,0, ,N, ,3, , , , , , , , , ,2,2,0,0,0,0,0,0,0,0,0,1,1,0,0,0,0,0,0,0,0,0,0,0,0,0,0,0,0,0,0,0,0,0,0,4,0,40.0351,-75.0695, , 
55694,630698,2012020512,6,67,67301,2012,1,2,1620,16,1,2,1,1,1, , ,N,0,0,0,3,0,0,3,2,N,N,40 00:12.038,75 09:59.216,1620, ,1620,1,1,4,N, ,0,N, , , , , , , , ,2,1,0,0,0,0,1,0,0,0,0,0,0,0,0,0,0,0,0,1,0,0,0,0,0,0,0,0,0,0,0,0,0,0,0,0,0,40.0033,-75.1664, , 
55695,630709,2012032517,6,67,67301,2012,2,4,2150,21,3,1,0,8,1, , ,N,1,2,0,3,0,1,2,2,N,N,39 58:35.313,75 14:07.216,2205, ,2200, ,0, , , ,3, , , , , , , , , ,1,1,0,0,0,0,0,0,0,0,0,1,1,0,0,0,0,0,0,0,0,0,0,0,0,0,0,0,0,0,0,0,1,0,0,4,0,39.9765,-75.2353, , 
55696,630712,2012034775,6,67,67301,2012,3,3,700,7,3,2,1,1,1, , ,N,2,0,7,3,0,1,2,2,N,N,40 06:00.676,75 01:18.249,820, ,818, ,0, ,N, ,0, , , , , , , , , ,2,1,0,0,1,0,0,0,0,0,0,1,1,0,0,0,0,0,0,0,0,0,0,0,0,0,0,0,0,0,0,0,0,0,0,4,0,40.1002,-75.0217, , 
55697,630716,2012036824,6,67,67301,2012,3,1,200,2,3,1,0,1,1, , ,N,1,2,0,3,0,0,3,2,N,N,39 59:51.784,75 07:23.658,447, ,445, ,0, , , ,3, , , , , , , , , ,2,1,0,0,0,0,1,0,0,0,0,0,0,0,0,0,0,0,0,0,0,0,0,0,0,0,0,0,0,0,0,0,0,0,0,0,0,39.9977,-75.1232, , 
55698,630745,2012026081,6,67,67301,2012,2,6,1045,10,1,1,0,4,1, , ,N,1,2,0,3,0,0,2,2,N, ,40 02:18.188,75 10:36.876,1046, ,1046, ,0, , , ,3, , , , , , , , , ,2,1,0,0,0,0,0,1,0,0,0,0,0,0,0,0,0,0,0,0,1,0,0,0,0,0,0,0,0,0,0,0,0,0,0,0,0,40.0384,-75.1769, , 
55699,630746,2012027748,6,67,67301,2012,2,7,2255,22,3,1,0,2,1, , ,N,0,0,0,3,1,1,2,2,N, ,40 01:23.000,75 11:50.920,2323, ,2323,4,2,6, ,0,0,Y, , , , , , , , ,2,1,0,0,0,0,1,0,0,0,1,0,1,0,0,0,0,0,0,0,0,0,0,0,0,0,0,0,0,0,0,0,0,0,0,1,0,40.0231,-75.1975,2, 
55700,630747,2012028189,6,67,67301,2012,2,6,747,7,1,2,1,4,1, , ,N,1,3,0,3,0,4,4,2,N,N,40 02:44.066,75 05:42.550,755, ,750,2,2,7,N, ,3,Y, , , , , , , , ,2,2,0,0,0,0,0,0,0,0,0,3,4,1,0,0,0,0,0,0,0,0,0,0,0,0,0,0,0,0,0,0,0,0,0,4,0,40.0456,-75.0952, , 
55701,630759,2012036872,6,67,67301,2012,3,3,800,8,1,2,1,4,1, , ,N,2,2,0,3,0,1,2,2,N,N,39 57:19.502,75 11:17.600,808, ,808, ,0, ,N, ,3, , , , , , , , , ,2,2,0,0,0,0,0,0,0,0,0,0,1,1,0,0,0,0,0,0,0,0,0,0,0,0,0,0,0,0,0,0,0,0,0,8,0,39.9554,-75.1882, , 
55702,630767,2012048192,6,67,67301,2012,4,3,1415,14,1,1,0,4,1, , ,N,1,2,0,3,0,1,2,2,N, ,40 05:40.718,75 00:54.707,1418, ,1415,1,1,2, , ,3,N, , , , , , , , ,2,2,0,0,0,0,0,0,0,0,0,1,1,0,0,0,0,0,0,0,1,0,0,0,0,0,0,0,0,0,0,0,0,0,0,4,0,40.0946,-75.0152, , 
55703,630768,2012048284,6,67,67301,2012,4,3,1628,16,1,1,0,1,1, , ,N,1,2,0,3,0,1,3,2,N, ,40 02:46.150,75 04:44.993,1635, ,1629, ,0, , , ,3, , , , , , , , , ,2,2,0,0,0,0,0,0,0,0,0,1,1,0,0,0,0,0,0,0,0,0,0,0,0,0,0,0,0,0,0,0,0,0,0,4,0,40.0462,-75.0792, , 
55704,630770,2012049723,6,67,67301,2012,3,1,900,9,1,8,1,4,1, , ,N,0,2,0,3,0,0,2,2,N,N,39 59:02.828,75 10:30.212,908, ,904,9,2,5,N, ,3,Y, , , , , , , , ,2,2,0,0,0,0,0,0,0,0,0,0,0,0,0,0,0,0,0,0,0,1,1,0,0,0,0,0,0,0,0,0,0,0,0,0,0,39.9841,-75.1751, , 
55705,630789,2012020397,6,67,67301,2012,1,5,844,8,1,1,0,2,1, , ,N,1,2,0,3,0,2,3,2,N,N,39 58:18.644,75 14:41.701,845, ,845,2,1,2,N, ,3,N, , , , , , , , ,2,2,0,0,0,0,0,0,0,0,0,2,2,0,0,0,1,0,0,0,0,0,0,0,0,0,0,0,0,0,0,0,0,0,0,4,0,39.9719,-75.2448, , 
55706,630808,2012041582,6,67,67301,2012,3,5,1030,10,1,1,0,8,1, , ,N,1,2,0,3,0,1,2,2,N,N,39 58:17.277,75 13:33.037,1415, ,1410, ,0, ,N, ,3, , , , , , , , , ,1,1,0,0,0,0,0,0,0,0,0,1,1,0,0,0,0,0,0,0,0,0,0,0,0,0,0,0,0,0,0,0,1,0,0,4,0,39.9714,-75.2258, , 
55707,630820,2012049699,6,67,67301,2012,4,3,2300,23,3,1,0,1,1, , ,N,2,2,0,3,0,1,2,2,N, ,40 04:19.712,75 01:58.660,2308, ,2302, ,0, , , ,3, , , , , , , , , ,2,1,0,0,1,0,0,0,0,0,0,1,1,0,0,0,0,0,0,0,2,0,0,0,0,0,0,0,0,0,0,0,0,0,0,4,0,40.0721,-75.033, , 
55708,634158,2012034737,6,67,67301,2012,3,1,220,2,3,1,0,1,1, , ,N,0,0,0,3,0,3,4,2,N,N,39 59:20.508,75 05:22.521,225, ,221, ,0, , , ,0, , , , , , , , , ,2,1,0,0,1,0,0,0,0,0,0,0,3,3,0,0,0,0,0,0,0,0,0,0,0,0,0,0,0,0,0,0,0,0,0,8,0,39.989,-75.0896, , 
55709,634169,2012041558,6,67,67301,2012,3,3,1332,13,1,1,0,1,1, , ,N,2,2,0,3,0,1,3,2,N,N,40 01:45.719,75 06:22.862,1345, ,9999, ,0, ,N, ,3, , , , , , , , , ,2,1,0,1,0,0,0,0,0,0,0,1,1,0,0,0,0,0,0,0,1,0,0,0,0,0,0,0,0,0,0,0,0,0,0,4,1,40.0294,-75.1063, , 
55710,634170,2012041648,6,67,67301,2012,3,3,9999,99,3,1,0,4,1, , ,N,1,2,0,3,0,1,4,2,N, ,39 55:28.531,75 10:16.770,9999, ,9999, ,0, , , ,3, , , , , , , , , ,1,0,0,0,0,0,0,1,1,0,1,0,1,0,0,1,0,0,0,0,0,0,0,0,0,0,0,0,0,0,0,0,0,0,0,3,0,39.9246,-75.1712, , 
55711,634212,2012034174,6,67,67301,2012,2,5,1410,14,1,2,1,4,1, , ,N,1,2,0,3,0,4,6,2,N,N,39 57:14.731,75 13:19.437,1414, ,1414, ,0, ,N, ,3, , , , , , , , , ,2,1,0,0,0,0,0,1,0,0,0,0,4,4,0,0,0,0,0,0,1,0,0,0,0,0,0,0,0,0,0,0,0,0,0,8,0,39.9541,-75.2221, , 
55712,634224,2012049651,6,67,67301,2012,4,5,1530,15,1,8,0,4,1, , ,N,1,2,0,3,0,1,3,2,N,N,39 58:22.052,75 12:58.705,1554, ,1551, ,0, ,N, ,3, , , , , , , , , ,2,2,0,0,0,0,0,0,0,0,0,0,1,1,0,0,0,0,0,0,1,0,0,0,0,0,0,0,0,0,0,0,0,0,0,8,0,39.9728,-75.2163, , 
55713,634248,2012023798,6,67,67301,2012,2,7,2020,20,3,1,0,5,1, , ,N,0,0,0,3,0,2,3,2,N,N,39 59:05.059,75 12:30.054,2026, ,2024, ,0, ,N, ,0, , , , , , , , , ,2,2,0,0,0,0,0,0,0,0,1,0,2,1,0,0,0,0,0,0,1,0,0,0,0,0,0,0,0,0,0,0,0,0,0,3,0,39.9847,-75.2083, , 
55714,634259,2012032504,6,67,67301,2012,2,2,1437,14,1,1,0,1,1, , ,N,1,2,0,3,0,1,2,2,N, ,39 57:54.913,75 13:31.791,1739, ,9999, ,0, , , ,3, , , , , , , , , ,2,2,0,0,0,0,0,0,0,0,0,1,1,0,0,0,0,0,0,0,0,0,0,0,0,0,0,0,0,0,0,0,0,0,0,4,0,39.9653,-75.2255, , 
55715,634268,2012042136,6,67,67301,2012,3,4,9999,99,1,1,0,4,1, , ,N,1,2,0,3,0,3,4,2,N,N,39 56:04.178,75 13:18.249,1214, ,1202, ,0, ,N, ,3, , , , , , , , , ,2,2,0,0,0,0,0,0,0,0,0,0,3,3,0,0,0,0,0,0,0,0,0,0,0,0,0,0,0,0,0,0,0,0,0,8,0,39.9345,-75.2217, , 
55716,634306,2012032704,6,67,67301,2012,2,6,1521,15,1,2,1,8,1, , ,N,0,0,0,3,0,1,2,2,N, ,40 02:46.255,75 03:49.698,1550, ,1546, ,0, , , ,0, , , , , , , , , ,1,1,0,0,0,0,0,0,0,0,0,1,1,0,0,0,0,0,0,0,0,0,0,1,0,0,0,0,0,0,0,0,1,0,0,4,0,40.0462,-75.0638, , 
55717,634307,2012033968,6,67,67301,2012,4,1,355,3,3,1,0,7,2, , ,N,0,0,0,3,0,0,1,1,N,N,39 57:27.391,75 08:51.428,402, ,357,1,2,3,N, ,0,Y, , , , , , , , ,1,1,0,0,0,0,0,0,0,0,0,0,0,0,0,0,0,0,0,0,0,0,0,0,0,0,0,0,0,0,0,0,0,0,0,0,0,39.9576,-75.1476, , 
55718,634317,2012041696,6,67,67301,2012,3,3,205,2,3,1,0,1,1, , ,N,1,2,0,3,0,0,2,2,N, ,39 57:20.839,75 13:32.687,222, ,222, ,0, , , ,3, , , , , , , , , ,2,1,0,0,0,0,1,0,0,0,0,0,0,0,0,0,0,0,0,0,1,0,0,0,0,0,0,0,0,0,0,0,0,0,0,0,0,39.9558,-75.2257, , 
55719,634323,2012050218,6,67,67301,2012,4,4,2008,20,3,1,0,4,1, , ,N,1,2,0,3,0,1,2,2,N,N,39 56:26.296,75 10:16.039,2014, ,2010, ,0, ,N, ,3, , , , , , , , , ,1,0,0,0,0,0,1,0,1,0,0,0,1,1,0,0,0,0,0,0,0,0,0,0,0,0,0,0,0,0,0,0,0,0,0,8,0,39.9406,-75.1711, , 
55720,634356,2012036868,6,67,67301,2012,3,5,910,9,1,1,0,8,1, , ,N,1,2,0,3,0,1,2,2,N,N,39 57:45.942,75 14:48.128,9999, ,9999, ,0, , , ,3, , , , , , , , , ,1,0,0,0,1,0,0,0,0,0,0,0,1,1,0,0,0,0,0,0,1,0,0,0,0,0,0,0,0,0,0,0,1,0,0,8,0,39.9627,-75.2467, , 
55721,634359,2012041719,6,67,67301,2012,4,1,2029,20,3,2,1,7,3, , ,N,1,2,0,3,0,1,1,1,N,N,39 55:58.105,75 11:11.075,2029, ,2029, ,0, ,N, ,3, , , , , , , , , ,1,1,0,0,0,0,0,0,0,0,1,0,1,0,0,0,0,0,0,0,1,0,0,0,0,0,0,0,0,0,0,0,0,0,0,3,0,39.9328,-75.1864, , 
55722,634364,2012049613,6,67,67301,2012,1,4,800,8,1,9,0,4,1, , ,N,1,2,0,3,0,2,3,2,N,N,39 56:14.629,75 09:46.969,0, ,0, ,0, ,N, ,2, , , , , , , , , ,2,0,0,0,0,0,1,1,0,0,1,0,2,1,0,0,0,0,0,0,0,1,0,0,0,0,0,0,0,0,0,0,0,0,0,3,0,39.9374,-75.163, , 
55723,634365,2012049721,6,67,67301,2012,4,6,1625,16,1,1,0,4,1, , ,N,0,0,0,3,0,1,3,2,N, ,39 59:44.448,75 07:11.424,1625, ,1625, ,0, , , ,0, , , , , , , , , ,2,1,0,0,0,0,0,1,0,0,0,1,1,0,0,0,0,0,0,0,0,0,0,0,0,0,0,0,0,0,0,0,0,0,0,4,0,39.9957,-75.1198, , 
55724,634368,2012058153,6,67,67301,2012,4,4,2254,22,3,1,0,7,5, , ,N,7,0,0,3,0,2,2,1,N,N,39 56:26.975,75 08:36.625,2307, ,2300,1,1,2,Y, ,0,N, , , , , , , , ,1,1,0,0,0,0,0,0,0,0,0,2,2,0,0,0,0,0,0,0,0,0,1,0,0,0,0,0,0,0,0,0,0,0,0,4,0,39.9408,-75.1435, , 
55725,634402,2012034175,6,67,67301,2012,2,1,1534,15,1,1,0,7,2, , ,N,0,0,0,3,0,1,1,2,N,N,40 01:16.924,75 04:12.572,1621, ,1534, ,0, ,N, ,0, , , , , , , , , ,2,2,0,0,0,0,0,0,0,0,0,1,1,0,0,0,0,0,0,0,0,0,0,0,0,0,0,0,0,0,0,0,0,0,0,4,0,40.0214,-75.0702, , 
55726,641276,2012012658,6,67,67301,2012,1,3,1625,16,1,1,0,1,1, , ,N,3,2,0,3,0,1,2,2,N,N,39 58:21.476,75 13:03.992,1640, ,1635, ,0, ,N, ,3, , , , , , , , , ,2,2,0,0,0,0,0,0,0,0,0,1,1,0,0,0,0,0,0,0,0,0,0,0,0,0,0,0,0,0,0,0,0,0,0,4,0,39.9726,-75.2178, , 
55727,641285,2012023231,6,67,67301,2012,2,3,1415,14,1,1,0,5,1, , ,N,0,0,0,3,0,2,4,2,N,N,39 57:32.636,75 10:16.776,1421, ,1421,2,2,4,N, ,0,N, , , , , , , , ,2,1,0,0,0,1,0,0,0,0,0,0,2,2,0,0,0,0,0,0,1,0,0,0,0,0,0,0,0,0,0,0,0,0,0,8,1,39.9591,-75.1713, , 
55728,641334,2012026102,6,67,67301,2012,2,7,1351,13,1,1,0,1,1, , ,N,1,2,0,3,0,3,4,2,N,N,40 02:25.798,75 03:31.964,1358, ,1354,1,1,2,N, ,3,N, , , , , , , , ,2,1,0,0,0,0,1,0,0,0,0,0,3,3,0,0,0,0,0,0,1,0,0,0,0,0,0,0,0,0,0,0,0,0,0,8,0,40.0405,-75.0589, , 
55729,641350,2012049809,6,67,67301,2012,4,3,9999,99,4,1,0,4,1, , ,N,0,0,7,3,0,1,2,2,N,N,40 05:39.002,75 01:51.076,2011, ,2007,1,1,1,N, ,0,N, , , , , , , , ,2,2,0,0,0,0,0,0,0,0,0,1,1,0,0,0,0,0,0,0,1,0,0,0,0,0,0,0,0,0,0,0,0,0,0,4,0,40.0942,-75.0309, , 
55730,641377,2012017910,6,67,67301,2012,1,5,1145,11,1,1,0,4,1, , ,N,1,2,0,3,0,1,2,2,N,N,40 04:27.147,75 02:05.032,1155, ,1146,1,1,2,N, ,3,N, , , , , , , , ,2,0,0,0,1,0,1,0,0,0,1,0,1,0,0,0,0,0,0,0,0,0,1,0,0,0,0,0,0,0,0,0,0,0,0,3,0,40.0743,-75.0348, , 
55731,641390,2012026143,6,67,67301,2012,2,4,1740,17,3,2,1,8,1, , ,N,0,0,0,3,0,1,2,2,N,N,40 03:39.412,75 04:04.634,1750, ,1745, ,0, ,N, ,0, , , , , , , , , ,1,1,0,0,0,0,0,0,0,0,0,0,1,1,0,0,0,0,1,0,0,0,0,0,0,0,0,0,0,0,0,0,1,0,0,8,0,40.0609,-75.068, , 
55732,641396,2012032505,6,67,67301,2012,2,6,710,7,3,1,0,4,1, , ,N,1,2,0,3,0,1,3,3,N,N,39 57:05.212,75 14:05.600,730, ,720, ,0, ,N, ,1, , , , , , , , , ,3,2,0,0,0,0,1,0,0,0,1,0,1,0,1,0,0,0,0,0,2,0,0,1,0,0,0,0,0,0,0,0,0,0,0,3,0,39.9514,-75.2349, , 
55733,641409,2012047227,6,67,67301,2012,3,7,130,1,3,2,1,7,4, , ,N,0,0,0,3,0,0,1,1,N,N,39 56:45.704,75 09:10.969,835, ,830, ,0, ,N, ,0, , , , , , , , , ,1,1,0,0,0,0,0,0,0,0,0,0,0,0,1,0,0,0,0,0,0,0,0,0,0,0,0,0,0,0,0,0,0,0,0,9,0,39.946,-75.153, , 
55734,641410,2012049796,6,67,67301,2012,4,4,246,2,3,1,0,1,2, , ,N,0,0,0,3,0,3,3,3,N,N,40 02:31.761,75 03:43.506,300, ,246, ,0, , , ,0, , , , , , , , , ,3,3,0,0,0,0,0,0,0,0,0,0,3,3,0,0,0,0,0,0,0,0,0,0,0,0,0,0,0,0,0,0,0,0,0,8,0,40.0422,-75.0621, , 
55735,641416,2012009453,6,67,67301,2012,1,4,2000,20,3,1,0,7,2, , ,N,0,0,0,3,3,0,3,1,N,N,40 05:36.083,74 57:27.217,2002, ,2002, ,0, , ,0,0, , , , , , , , , ,1,1,0,0,0,0,0,0,0,0,0,0,0,0,0,0,0,0,0,1,0,0,0,1,1,0,1,0,0,0,0,0,0,0,0,1,0,40.0934,-74.9576,1, 
55736,641433,2012035146,6,67,67301,2012,3,1,1824,18,1,1,0,4,1, , ,N,1,2,0,3,0,1,4,2,N,N,40 04:50.725,75 01:42.964,1830, ,1824,1,1,1,N, ,3,N, , , , , , , , ,2,2,0,0,0,0,0,0,0,0,0,1,1,0,0,0,0,0,0,0,0,0,0,0,0,0,0,0,0,0,0,0,0,0,0,4,0,40.0808,-75.0286, , 
55737,641444,2012049713,6,67,67301,2012,4,1,1205,12,1,1,0,1,1, , ,N,1,2,0,3,0,1,9,3,N, ,39 59:25.575,75 07:37.375,1230, ,1225,2,1,4, , ,3,N, , , , , , , , ,3,1,0,0,1,0,0,1,0,0,0,0,1,1,6,0,0,0,0,0,0,0,1,0,0,0,0,0,0,0,0,0,0,0,0,8,0,39.9903,-75.127, , 
55738,641451,2012056570,6,67,67301,2012,4,6,1230,12,1,1,0,4,1, , ,N,1,3,0,3,0,1,2,3,N,N,39 58:48.752,75 08:01.456,1255, ,1250, ,0, ,N, ,3, , , , , , , , , ,3,1,0,0,1,0,0,1,0,0,0,1,1,0,0,0,0,0,0,0,1,0,0,0,0,0,0,0,0,0,0,0,0,0,0,4,0,39.9802,-75.1337, , 
55739,641459,2012061944,6,67,67301,2012,3,7,1330,13,1,1,0,1,1, , ,N,3,2,0,3,0,1,2,2,N,N,40 01:46.545,75 06:13.959,0, ,0, ,0, ,N, ,3, , , , , , , , , ,2,2,0,0,0,0,0,0,0,0,0,0,1,1,0,0,0,0,0,1,0,1,0,0,0,0,0,0,0,0,0,0,0,0,0,8,0,40.0296,-75.1039, , 
55740,641472,2012017862,6,67,67301,2012,1,3,2140,21,3,1,1,8,1, , ,N,1,2,0,3,0,1,2,2,N,N,39 59:12.926,75 09:39.761,2150, ,2140, ,0, ,N, ,3, , , , , , , , , ,1,1,0,0,0,0,0,0,0,0,0,0,1,1,1,0,0,0,0,0,0,0,0,1,0,0,0,0,0,0,0,0,1,0,0,8,0,39.9869,-75.161, , 
55741,641478,2012020467,6,67,67301,2012,1,3,1719,17,1,1,0,5,1, , ,N,3,2,0,3,0,1,2,2,N,N,39 58:32.947,75 07:12.997,1719, ,1719, ,0, ,N, ,9, , , , , , , , , ,1,1,0,0,0,0,0,0,1,0,0,1,1,0,0,0,0,0,0,0,0,0,0,0,0,0,0,0,0,0,0,0,0,0,0,4,0,39.9763,-75.1198, , 
55742,641491,2012032741,6,67,67301,2012,2,1,1330,13,1,1,0,1,1, , ,N,1,2,0,3,0,1,3,2,N, ,40 06:03.898,74 58:27.803,1945, ,1942, ,0, , , ,3, , , , , , , , , ,2,1,0,0,0,0,0,1,0,0,0,1,1,0,1,0,0,0,0,0,0,0,0,0,0,0,0,0,0,0,0,0,0,0,0,4,0,40.1011,-74.9744, , 
55743,641495,2012041750,6,67,67301,2012,3,6,9999,99,1,1,0,8,1, , ,N,1,3,0,3,0,1,2,2,N, ,39 58:07.388,75 14:40.030,1810, ,1755, ,0, , , ,3, , , , , , , , , ,1,1,0,0,0,0,0,0,0,0,0,1,1,0,0,0,0,0,0,0,0,0,0,1,0,0,0,0,0,0,0,0,1,0,0,4,0,39.9687,-75.2445, , 
55744,638074,2012041510,6,67,67301,2012,3,5,1755,17,1,1,0,5,1, , ,N,1,0,0,3,0,3,5,2,N,N,39 58:32.415,75 14:33.723,1813, ,1810, ,0, ,N, ,0, , , , , , , , , ,2,2,0,0,0,0,0,0,0,0,0,2,3,1,0,0,0,0,0,0,1,0,0,0,0,0,0,0,0,0,0,0,0,0,0,4,0,39.9757,-75.2427, , 
55745,638080,2012047600,6,67,67301,2012,5,7,1045,10,1,1,0,1,1, , ,N,0,0,0,3,0,0,3,2,N,N,40 02:15.468,75 00:44.713,1058, ,1050, ,0, ,N, ,0, , , , , , , , , ,2,2,0,0,0,0,0,0,0,0,0,0,0,0,0,0,0,1,0,0,0,0,0,0,0,0,0,0,0,0,0,0,0,0,0,0,0,40.0376,-75.0124, , 
55746,638100,2012020545,6,67,67301,2012,1,3,1319,13,1,1,0,4,1, , ,N,0,0,0,3,0,2,2,2,N,N,39 59:15.655,75 11:03.631,1328, ,1327, ,0, ,N, ,0, , , , , , , , , ,2,1,0,0,1,0,0,0,0,0,0,2,2,0,0,0,0,0,0,0,2,0,0,2,0,0,0,0,0,0,0,0,0,0,0,4,0,39.9877,-75.1843, , 
55747,638116,2012036980,6,67,67301,2012,2,4,1844,18,3,2,1,7,5, , ,N,0,0,0,3,0,1,1,1,N,N,40 02:08.343,75 09:32.803,1849, ,1846, ,0, ,N, ,0, , , , , , , , , ,1,1,0,0,0,0,0,0,0,0,0,0,1,1,0,0,0,0,0,0,0,1,0,0,0,0,0,0,0,0,0,0,0,0,0,8,0,40.0357,-75.1591, , 
55748,638122,2012041644,6,67,67301,2012,3,2,1305,13,1,1,0,4,1, , ,N,1,2,0,3,0,1,3,2,N,N,40 05:49.711,75 01:05.375,1311, ,1308, ,0, ,N, ,3, , , , , , , , , ,2,2,0,0,0,0,0,0,0,0,0,0,1,1,0,0,0,1,0,0,0,0,1,0,0,0,0,0,0,0,0,0,0,0,0,8,0,40.0971,-75.0182, , 
55749,638145,2012010752,6,67,67301,2012,1,3,1818,18,3,1,1,1,1, , ,N,0,0,0,3,0,0,3,3,N,N,40 01:05.186,75 02:53.675,1818, ,1818,1,2,1,N, ,0,N, , , , , , , , ,3,2,0,0,0,0,1,0,0,0,0,0,0,0,0,0,0,0,0,0,1,0,0,0,0,0,0,0,0,0,0,0,0,0,0,0,0,40.0182,-75.0481, , 
55750,638151,2012018710,6,67,67301,2012,1,5,1930,19,3,2,1,4,1, , ,N,1,3,0,3,0,0,2,2,N,N,40 03:00.075,75 12:06.008,2110, ,2105, ,0, ,N, ,3, , , , , , , , , ,2,2,0,0,0,0,0,0,0,0,0,0,0,0,0,0,0,0,0,0,0,1,0,0,0,0,0,0,0,0,0,0,0,0,0,0,0,40.05,-75.2017, , 
55751,638212,2012032650,6,67,67301,2012,2,6,2135,21,3,1,0,4,1, , ,N,1,2,0,3,0,1,2,2,N,N,40 05:15.133,74 58:16.083,2145, ,2145,9,1,1,N, ,3,N, , , , , , , , ,2,1,0,0,0,0,1,0,0,0,1,0,1,0,0,0,0,0,0,0,1,0,0,0,0,0,0,0,0,0,0,0,0,0,0,3,0,40.0875,-74.9711, , 
55752,638226,2012048072,6,67,67301,2012,4,5,1509,15,1,1,0,8,1, , ,N,0,0,0,3,0,1,2,2,N, ,39 56:17.557,75 13:25.290,1535, ,1510, ,0, , , ,0, , , , , , , , , ,1,1,0,0,0,0,0,0,0,0,0,1,1,0,0,0,0,0,0,0,0,0,0,0,0,0,0,0,0,0,0,0,1,0,0,4,0,39.9382,-75.2237, , 
55753,638230,2012050209,6,67,67301,2012,4,1,1055,10,1,1,0,4,1, , ,N,1,2,0,3,0,1,4,2,N,N,40 05:40.718,75 00:54.707,1103, ,1100,2,1,4, , ,3,N, , , , , , , , ,2,2,0,0,0,0,0,0,0,0,0,0,1,1,0,0,0,0,0,0,1,0,0,0,0,0,0,0,0,0,0,0,0,0,0,8,0,40.0945,-75.015, , 
55754,638257,2012036946,6,67,67301,2012,3,2,821,8,1,1,0,1,1, , ,N,0,2,0,3,0,1,4,3,N, ,40 05:06.645,75 02:12.209,823, ,821, ,0, , , ,3, , , , , , , , , ,3,3,0,0,0,0,0,0,0,0,1,0,1,0,0,0,0,0,0,0,0,0,1,0,0,0,0,0,0,0,0,0,0,0,0,3,0,40.0852,-75.0367, , 
55755,638265,2012048187,6,67,67301,2012,4,3,2330,23,3,1,0,2,1, , ,N,0,0,0,3,0,0,2,2,N, ,39 55:25.248,75 09:51.370,2355, ,2342, ,0, , , ,0, , , , , , , , , ,2,1,0,0,0,0,0,0,0,0,0,0,0,0,0,0,0,0,0,0,0,0,0,0,0,0,0,0,0,0,0,0,0,0,0,0,0,39.9237,-75.1643, , 
55756,638266,2012048193,6,67,67301,2012,4,3,1319,13,1,1,0,1,1, , ,N,0,0,0,3,0,1,3,2,N,N,40 05:10.345,75 02:19.100,1330, ,1326, ,0, , , ,0, , , , , , , , , ,2,0,0,0,1,0,1,0,0,0,0,1,1,0,0,0,0,0,0,0,0,1,0,0,0,0,0,0,0,0,0,0,0,0,0,4,0,40.0862,-75.0386, , 
55757,638276,2012060841,6,67,67301,2012,5,3,857,8,1,2,1,4,1, , ,N,1,2,0,3,0,0,2,2,N,N,40 02:03.071,75 04:17.001,903, ,900,2,1,1,N, ,3,N, , , , , , , , ,2,2,0,0,0,0,0,0,0,0,0,0,0,0,0,0,0,0,0,0,1,0,0,0,0,0,0,0,0,0,0,0,0,0,0,0,0,40.0342,-75.0714, , 