objectid_1,objectid,crn,district,county,municipality,crash_year,crash_month,day_of_week,time_of_day,hour_of_day,illumination,weather,road_condition,collision_type,relation_to_road,work_zone_type,work_zone_loc,work_zone_ind,intersect_type,tcd_type,location_type,urban_rural,fatal_count,injury_count,person_count,total_units,sch_bus_ind,sch_zone_ind,latitude,longitude,arrival_tm,cons_zone_spd_lim,dispatch_tm,est_hrs_closed,lane_closed,ln_close_dir,ntfy_hiwy_maint,spec_juris_cd,tcd_func_cd,tfc_detour_ind,workers_pres,wz_close_detour,wz_flagger,wz_law_offcr_ind,wz_ln_closure,wz_moving,wz_other,wz_shlder_mdn,vehicle_count,automobile_count,motorcycle_count,bus_count,small_truck_count,heavy_truck_count,suv_count,van_count,bicycle_count,maj_inj_count,mod_inj_count,min_inj_count,tot_inj_count,unk_inj_deg_count,unk_inj_per_count,driver_count_16yr,driver_count_17yr,driver_count_18yr,driver_count_19yr,driver_count_20yr,driver_count_50_64yr,driver_count_65_74yr,driver_count_75plus,unbelted_occ_count,unb_death_count,unb_maj_inj_count,belted_death_count,belted_maj_inj_count,mcycle_death_count,mcycle_maj_inj_count,bicycle_death_count,bicycle_maj_inj_count,ped_count,ped_death_count,ped_maj_inj_count,max_severity_level,comm_veh_count,dec_lat,dec_long,rdwy_surf_type_cd,county_name
55758,638277,2012060928,6,67,67301,2012,6,7,1546,15,1,1,0,1,1, , ,N,0,0,0,3,0,4,7,4,N,N,39 58:00.351,75 08:05.857,1547, ,1547,2,2,2,N, ,0,N, , , , , , , , ,4,4,0,0,0,0,0,0,0,0,0,4,4,0,0,0,0,0,0,0,0,0,0,0,0,0,0,0,0,0,0,0,0,0,0,4,0,39.9668,-75.1349, , 
55759,638300,2012032647,6,67,67301,2012,2,2,650,6,1,1,0,5,1, , ,N,5,2,0,3,0,1,2,2,N,N,40 03:51.426,75 09:12.794,655, ,653, ,0, ,N, ,3, , , , , , , , , ,2,1,0,0,1,0,0,0,0,0,0,1,1,0,0,0,0,0,0,0,1,0,0,0,0,0,0,0,0,0,0,0,0,0,0,4,0,40.0643,-75.1536, , 
55760,638353,2012042166,6,67,67301,2012,3,3,721,7,1,1,0,1,1, , ,N,0,0,0,3,0,1,2,2,N,N,39 57:20.168,75 11:23.079,724, ,722, ,0, ,N, ,0, , , , , , , , , ,2,1,0,0,0,0,1,0,0,0,0,1,1,0,0,0,0,0,0,0,0,0,0,0,0,0,0,0,0,0,0,0,0,0,0,4,0,39.9556,-75.1897, , 
55761,638363,2012049675,6,67,67301,2012,4,1,9999,99,1,1,0,8,1, , ,N,0,0,0,3,0,1,2,2,N,N,40 02:38.626,75 08:08.588,1739, ,1732, ,0, ,N, ,0, , , , , , , , , ,1,1,0,0,0,0,0,0,0,0,1,0,1,0,0,0,0,0,0,0,0,0,0,0,0,0,0,0,0,0,0,0,1,0,0,3,0,40.0441,-75.1357, , 
55762,638364,2012050211,6,67,67301,2012,4,2,1002,10,1,1,0,4,1, , ,N,0,0,0,3,0,1,6,2,N,N,39 57:34.346,75 14:01.448,1006, ,1004,1,1,3, , ,0,Y, , , , , , , , ,2,1,1,0,0,0,0,0,0,0,0,0,1,1,0,0,0,0,0,0,0,0,0,0,0,0,0,0,0,0,0,0,0,0,0,8,0,39.9595,-75.2338, , 
55763,630841,2012020476,6,67,67301,2012,1,4,830,8,1,1,0,1,4, , ,N,0,0,0,3,0,0,1,2,N,N,40 04:20.330,75 09:39.646,840, ,833, ,0, ,N, ,0, , , , , , , , , ,2,1,0,0,0,0,1,0,0,0,0,0,0,0,0,0,0,0,0,0,1,0,0,0,0,0,0,0,0,0,0,0,0,0,0,0,0,40.0723,-75.161, , 
55764,630842,2012020508,6,67,67301,2012,1,3,754,7,1,1,0,4,1, , ,N,1,2,0,3,0,1,2,2,N,N,39 57:44.409,75 09:40.847,801, ,754, ,0, , , ,3, , , , , , , , , ,1,1,0,0,0,0,0,0,1,0,1,0,1,0,0,0,0,0,0,0,0,0,0,0,0,0,0,0,0,0,0,0,0,0,0,3,0,39.9623,-75.1613, , 
55765,630903,2012038543,6,67,67301,2012,4,7,2147,21,3,1,0,1,1, , ,N,6,0,2,3,0,1,4,2,N,N,39 58:38.784,75 12:02.538,2152, ,2153,1,1,3,N, ,0,N, , , , , , , , ,2,1,0,0,0,0,1,0,0,0,0,0,1,1,0,0,0,0,0,0,0,0,0,0,0,0,0,0,0,0,0,0,0,0,0,8,0,39.9774,-75.2007, , 
55766,630913,2012046116,6,67,67301,2012,5,5,1317,13,1,1,0,1,1, , ,N,0,0,0,3,0,0,2,2,N,N,39 52:46.550,75 14:52.983,1317, ,1317, ,0, ,N, ,0, , , , , , , , , ,2,2,0,0,0,0,0,0,0,0,0,0,0,0,0,0,0,0,0,0,0,0,0,0,0,0,0,0,0,0,0,0,0,0,0,0,0,39.8796,-75.2481, , 
55767,630914,2012048069,6,67,67301,2012,4,2,2020,20,3,1,0,1,1, , ,N,1,2,0,3,0,4,5,2,N, ,39 55:44.578,75 13:14.118,2024, ,2022,2,2,6, , ,3,Y, , , , , , , , ,2,2,0,0,0,0,0,0,0,0,0,1,4,3,0,0,0,0,0,0,1,0,0,0,0,0,0,0,0,0,0,0,0,0,0,4,0,39.9291,-75.2205, , 
55768,630928,2012020460,6,67,67301,2012,1,5,1518,15,1,1,1,4,1, , ,N,1,3,0,3,0,1,6,2,N,N,40 02:56.557,75 05:40.778,1631, ,1625, ,0, ,N, ,3, , , , , , , , , ,2,0,0,0,0,0,2,0,0,0,0,0,1,1,0,0,0,0,0,0,0,0,0,0,0,0,0,0,0,0,0,0,0,0,0,8,0,40.049,-75.0947, , 
55769,630955,2012048146,6,67,67301,2012,3,6,1115,11,1,1,0,4,2, , ,N,2,0,7,3,0,1,3,2,N,N,39 59:35.577,75 05:35.812,1125, ,1120, ,0, ,N, ,0, , , , , , , , , ,2,1,0,0,1,0,0,0,0,0,0,1,1,0,0,0,0,0,0,0,0,0,0,0,0,0,0,0,0,0,0,0,0,0,0,4,0,39.9932,-75.0933, , 
55770,630956,2012048320,6,67,67301,2012,4,5,1733,17,1,1,0,8,1, , ,N,0,0,0,3,0,1,3,3,N,N,39 59:31.614,75 09:47.250,1740, ,1733, ,0, ,N, ,0, , , , , , , , , ,2,2,0,0,0,0,0,0,0,0,0,1,1,0,0,0,0,0,0,0,0,0,0,0,0,0,0,0,0,0,0,0,1,0,0,4,0,39.9921,-75.1631, , 
55771,630979,2012008931,6,67,67301,2012,1,4,1414,14,1,1,0,1,1, , ,N,0,0,0,3,0,0,2,2,N,N,40 02:51.102,75 00:01.119,1443, ,1432, ,0, ,N, ,0, , , , , , , , , ,2,0,0,0,0,0,2,0,0,0,0,0,0,0,0,0,0,0,0,0,1,0,0,0,0,0,0,0,0,0,0,0,0,0,0,0,0,40.0475,-75.0003, , 
55772,630995,2012032634,6,67,67301,2012,2,2,46,0,3,1,0,7,5, , ,N,1,2,0,3,0,1,1,1,N,N,39 57:04.309,75 13:58.126,48, ,46, ,0, ,Y, ,3, , , , , , , , , ,1,1,0,0,0,0,0,0,0,0,0,0,1,1,0,0,0,0,1,0,0,0,0,0,0,0,0,0,0,0,0,0,0,0,0,8,0,39.9512,-75.2328, , 
55773,631023,2012015469,6,67,67301,2012,1,2,1402,14,1,1,0,4,1, , ,N,1,2,0,3,0,0,2,2,N,N,39 56:49.135,75 12:54.644,1426, ,1415, ,0, ,N, ,2, , , , , , , , , ,2,2,0,0,0,0,0,0,0,0,0,0,0,0,0,0,0,0,0,0,0,0,0,0,0,0,0,0,0,0,0,0,0,0,0,0,0,39.947,-75.2152, , 
55774,631030,2012027037,6,46,46104,2012,3,7,2051,20,3,1,0,4,1, , ,N,2,3,0,3,0,2,4,2,N,N,39 58:53.574,75 15:58.596,2052, ,2052,1,1,1,N, ,3,N, , , , , , , , ,2,0,0,0,1,0,0,1,0,0,1,1,2,0,0,0,0,0,0,0,0,0,0,0,0,0,0,0,0,0,0,0,0,0,0,3,0,39.9815,-75.2662, , 
55775,631048,2012041646,6,67,67301,2012,4,4,757,7,1,1,0,1,1, , ,N,1,2,0,3,0,1,2,2,N,N,39 55:05.239,75 10:51.193,803, ,800, ,0, ,N, ,3, , , , , , , , , ,2,1,0,0,1,0,0,0,0,0,0,1,1,0,0,0,0,0,0,0,1,1,0,0,0,0,0,0,0,0,0,0,0,0,0,4,0,39.9181,-75.1809, , 
55776,631049,2012042176,6,67,67301,2012,3,5,1546,15,1,1,0,4,1, , ,N,0,0,7,3,0,1,2,2,N,N,40 01:47.041,75 08:48.385,1620, ,1551, ,0, ,N, ,0, , , , , , , , , ,2,2,0,0,0,0,0,0,0,0,1,0,1,0,0,0,0,0,0,0,1,1,0,0,0,0,0,0,0,0,0,0,0,0,0,3,0,40.0297,-75.1468, , 
55777,631052,2012047104,6,67,67301,2012,4,5,1,0,3,2,1,8,1, , ,N,1,2,0,3,0,1,2,2,N,N,40 00:29.331,75 04:20.880,120, ,115, ,0, ,N, ,3, , , , , , , , , ,1,1,0,0,0,0,0,0,0,0,0,1,1,0,0,0,0,1,0,0,0,0,0,0,0,0,0,0,0,0,0,0,1,0,0,4,0,40.0081,-75.0725, , 
55778,631058,2012056587,6,67,67301,2012,5,2,9999,99,1,2,1,1,1, , ,N,1,2,0,3,0,1,3,2,N,N,40 05:49.711,75 01:05.375,1915, ,1902, ,0, ,N, ,3, , , , , , , , , ,2,1,0,0,0,0,1,0,0,0,0,0,1,1,0,0,0,0,0,0,0,0,1,0,0,0,0,0,0,0,0,0,0,0,0,8,0,40.0971,-75.0182, , 
55779,631073,2012015399,6,67,67301,2012,1,4,1526,15,1,1,0,8,4, , ,N,1,3,0,3,0,1,2,2,N,N,39 59:01.932,75 06:16.761,1601, ,1555, ,0, ,N, ,3, , , , , , , , , ,1,1,0,0,0,0,0,0,0,0,0,1,1,0,0,0,0,0,0,0,1,0,0,0,0,0,0,0,0,0,0,0,1,0,0,4,0,39.9839,-75.1047, , 
55780,631144,2012032584,6,67,67301,2012,2,3,1730,17,4,1,0,4,1, , ,N,0,0,7,3,0,5,6,2,N, ,39 59:29.520,75 08:10.710,2255, ,2255, ,0, , , ,0, , , , , , , , , ,2,1,0,0,0,0,0,1,0,0,5,0,5,0,1,0,0,0,0,0,1,0,0,0,0,0,0,0,0,0,0,0,0,0,0,3,0,39.9915,-75.1363, , 
55781,634409,2012041633,6,67,67301,2012,3,2,100,1,3,1,0,6,2, , ,N,0,0,0,3,0,0,1,3,N,N,40 02:20.356,75 14:26.905,151, ,142, ,0, ,N, ,0, , , , , , , , , ,3,3,0,0,0,0,0,0,0,0,0,0,0,0,0,0,0,0,0,0,0,0,0,0,0,0,0,0,0,0,0,0,0,0,0,0,0,40.039,-75.2408, , 
55782,634411,2012048086,6,67,67301,2012,4,2,1744,17,1,1,0,8,1, , ,N,0,0,0,3,0,1,5,2,N,N,39 56:31.203,75 13:37.750,1947, ,1944, ,0, ,N, ,0, , , , , , , , , ,1,1,0,0,0,0,0,0,0,0,0,1,1,0,0,0,0,0,0,0,0,0,0,0,0,0,0,0,0,0,0,0,1,0,0,4,0,39.942,-75.2272, , 
55783,634412,2012048254,6,67,67301,2012,4,1,9999,99,1,2,1,4,1, , ,N,1,2,0,3,0,2,2,2,N, ,39 54:19.871,75 10:26.843,1401, ,1400, ,0, , , ,3, , , , , , , , , ,2,1,0,0,0,0,1,0,0,0,0,2,2,0,0,0,0,0,0,0,1,0,0,0,0,0,0,0,0,0,0,0,0,0,0,4,0,39.9055,-75.1741, , 
55784,634432,2012013104,6,67,67301,2012,1,4,726,7,1,1,0,5,2, , ,N,0,0,0,3,0,1,40,2,N,N,39 58:17.853,75 12:57.993,810, ,758, ,0, ,N, ,0, , , , , , , , , ,2,1,0,0,0,0,0,0,0,0,0,0,1,1,39,0,0,0,0,0,0,0,0,0,0,0,0,0,0,0,0,0,0,0,0,8,0,39.9716,-75.2161, , 
55785,634437,2012019950,6,67,67301,2012,1,3,1020,10,1,1,0,8,1, , ,N,5,2,0,3,0,1,2,2,N,N,40 04:17.013,75 09:40.693,1140, ,1140, ,0, ,N, ,3, , , , , , , , , ,1,0,0,0,0,0,1,0,0,0,0,0,1,1,0,0,0,0,0,0,0,0,0,0,0,0,0,0,0,0,0,0,1,0,0,8,0,40.0714,-75.1613, , 
55786,634444,2012026214,6,67,67301,2012,1,3,737,7,1,1,0,4,1, , ,N,2,0,0,3,0,0,2,2,N, ,40 01:35.418,75 12:14.350,742, ,739, ,0, , , ,0, , , , , , , , , ,2,0,0,0,1,0,1,0,0,0,0,0,0,0,0,0,0,0,0,0,0,0,0,0,0,0,0,0,0,0,0,0,0,0,0,0,0,40.0265,-75.204, , 
55787,634458,2012042147,6,67,67301,2012,3,2,1540,15,1,1,0,4,7, , ,N,6,0,2,3,0,1,3,3,N,N,39 58:21.082,75 07:24.516,1548, ,1545, ,0, ,N, ,0, , , , , , , , , ,3,2,0,0,0,0,1,0,0,0,0,1,1,0,0,0,0,0,0,0,0,1,0,0,0,0,0,0,0,0,0,0,0,0,0,4,0,39.9726,-75.1234, , 
55788,634459,2012043145,6,67,67301,2012,4,6,1532,15,1,1,0,1,1, , ,N,0,0,0,3,0,0,2,2,N,N,39 57:25.106,75 09:20.898,1538, ,1535, ,0, ,N, ,0, , , , , , , , , ,2,0,0,0,1,0,1,0,0,0,0,0,0,0,0,0,0,0,0,0,1,0,0,0,0,0,0,0,0,0,0,0,0,0,0,0,0,39.957,-75.1558, , 
55789,634494,2012026078,6,67,67301,2012,2,4,9999,99,3,1,0,1,1, , ,N,0,0,0,3,0,1,2,2,N, ,40 01:13.257,75 09:46.045,1950, ,1941, ,0, , , ,0, , , , , , , , , ,2,2,0,0,0,0,0,0,0,0,0,0,1,1,0,0,0,0,1,0,1,0,0,1,0,0,0,0,0,0,0,0,0,0,0,8,0,40.0203,-75.1628, , 
55790,634501,2012037395,6,67,67301,2012,3,6,1800,18,3,1,0,1,1, , ,N,0,0,0,3,0,1,2,2,N,N,40 04:50.422,74 59:24.054,1804, ,1802,1,2,5,N, ,0,Y, , , , , , , , ,2,1,1,0,0,0,0,0,0,0,0,1,1,0,0,0,0,0,0,0,0,0,1,0,0,0,0,0,0,0,0,0,0,0,0,4,0,40.0807,-74.99, , 
55791,634505,2012041739,6,67,67301,2012,3,7,307,3,3,1,0,7,1, , ,N,0,0,0,3,0,1,1,1,N,N,39 58:41.865,75 08:48.003,320, ,320,3,2,1,N, ,0,Y, , , , , , , , ,1,1,0,0,0,0,0,0,0,0,0,1,1,0,0,0,0,0,0,0,0,0,0,0,0,0,0,0,0,0,0,0,0,0,0,4,0,39.9783,-75.1467, , 
55792,634509,2012047121,6,67,67301,2012,3,4,2115,21,2,1,0,8,1, , ,N,0,0,0,3,0,2,2,2,N, ,40 05:45.115,74 57:33.414,2120, ,2116, ,0, ,N, ,0, , , , , , , , , ,1,1,0,0,0,0,0,0,0,0,0,2,2,0,0,0,0,0,0,0,0,0,0,0,0,0,0,0,0,0,0,0,1,0,0,4,0,40.0959,-74.9593, , 
55793,634538,2012020401,6,67,67301,2012,2,6,747,7,1,1,0,6,1, , ,N,2,0,0,3,0,2,4,2,N,N,39 56:49.154,75 14:06.280,810, ,806, ,0, , , ,0, , , , , , , , , ,2,0,0,1,0,1,0,0,0,0,0,2,2,0,0,0,0,0,0,0,2,0,0,0,0,0,0,0,0,0,0,0,0,0,0,4,2,39.947,-75.2351, , 
55794,634548,2012032496,6,67,67301,2012,2,1,350,3,3,1,0,7,4, , ,N,0,0,0,3,0,1,2,1,N,N,40 06:00.735,75 02:35.658,354, ,351,2,2,1,N, ,0,Y, , , , , , , , ,1,1,0,0,0,0,0,0,0,0,0,0,1,1,0,0,0,0,1,0,0,0,0,0,0,0,0,0,0,0,0,0,0,0,0,8,0,40.1002,-75.0432, , 
55795,634551,2012034694,6,67,67301,2012,3,2,9999,99,1,1,0,7,4, , ,N,2,0,0,3,0,1,1,1,N, ,40 07:36.518,75 00:51.206,1217, ,1215,1,1,2, , ,0,N, , , , , , , , ,1,1,0,0,0,0,0,0,0,0,0,1,1,0,0,0,0,0,0,0,1,0,0,0,0,0,0,0,0,0,0,0,0,0,0,4,0,40.1268,-75.0142, , 
55796,634574,2012015846,6,67,67301,2012,1,3,915,9,1,2,1,2,1, , ,N,1,2,0,3,0,1,3,2,N,N,40 03:06.267,75 09:10.785,920, ,920, ,0, ,N, ,3, , , , , , , , , ,2,2,0,0,0,0,0,0,0,0,0,0,1,1,1,0,0,0,0,0,0,0,0,1,0,0,0,0,0,0,0,0,0,0,0,8,0,40.0517,-75.153, , 
55797,634587,2012026122,6,67,67301,2012,1,3,1430,14,1,1,0,8,1, , ,N,1,3,0,3,0,1,2,2,N, ,40 04:22.861,75 10:18.245,1705, ,1700, ,0, , , ,3, , , , , , , , , ,1,1,0,0,0,0,0,0,0,0,0,1,1,0,0,0,0,0,0,0,0,0,0,0,0,0,0,0,0,0,0,0,1,0,0,4,0,40.073,-75.1717, , 
55798,634595,2012034755,6,67,67301,2012,3,1,1600,16,1,1,0,8,1, , ,N,1,2,0,3,0,1,2,2,N, ,39 59:13.322,75 10:27.753,9999, ,9999,1,2,3, , ,3,Y, , , , , , , , ,1,0,0,0,0,0,0,0,0,0,0,0,1,1,0,0,0,0,0,0,1,0,0,0,0,0,0,0,0,0,0,0,1,0,0,8,0,39.987,-75.1744, , 
55799,641520,2012023801,6,67,67301,2012,2,3,1903,19,2,1,0,1,1, , ,N,0,0,0,3,0,0,2,2,N,N,39 58:47.582,75 12:16.857,1903, ,1903, ,0, ,N, ,0, , , , , , , , , ,2,0,0,0,0,0,2,0,0,0,0,0,0,0,1,0,0,0,0,0,0,0,0,0,0,0,0,0,0,0,0,0,0,0,0,9,0,39.9799,-75.2047, , 
55800,641531,2012038418,6,67,67301,2012,4,1,619,6,5,1,1,1,1, , ,N,0,0,0,3,0,1,2,2,N,N,39 59:37.472,75 11:58.369,632, ,623,1,2,3,N, ,0,N, , , , , , , , ,2,1,1,0,0,0,0,0,0,0,1,0,1,0,1,0,0,0,0,0,1,0,0,0,0,0,0,0,0,0,0,0,0,0,0,3,0,39.9937,-75.1995, , 
55801,641533,2012039820,6,67,67301,2012,3,6,1849,18,3,2,1,4,1, , ,N,1,3,0,3,0,3,3,2,N,N,39 58:47.295,75 13:56.668,1850, ,1849,1,1,4, , ,3,N, , , , , , , , ,2,2,0,0,0,0,0,0,0,0,0,3,3,0,0,0,0,0,0,0,0,0,0,0,0,0,0,0,0,0,0,0,0,0,0,4,0,39.9798,-75.2324, , 
55802,641547,2012060834,6,67,67301,2012,5,6,1000,10,1,1,0,4,1, , ,N,1,2,0,3,0,3,3,2,N, ,39 59:43.634,75 08:29.417,1009, ,1003, ,0, , , ,3, , , , , , , , , ,2,0,0,0,1,0,1,0,0,0,0,0,3,3,0,0,0,0,0,0,0,0,0,0,0,0,0,0,0,0,0,0,0,0,0,8,0,39.9955,-75.1415, , 
55803,641583,2012027092,6,67,67301,2012,3,1,842,8,1,1,0,7,2, , ,N,0,0,0,3,0,0,3,2,N,N,39 55:44.637,75 08:46.814,847, ,844,1,2,2,N, ,0,N, , , , , , , , ,2,1,0,0,0,0,1,0,0,0,0,0,0,0,0,0,0,0,0,0,0,1,0,0,0,0,0,0,0,0,0,0,0,0,0,0,0,39.9292,-75.1463, , 
55804,641597,2012041672,6,67,67301,2012,3,4,1755,17,1,1,0,1,1, , ,N,0,0,0,3,0,0,3,3,N, ,40 02:29.406,75 04:20.357,1804, ,1758, ,0, , , ,0, , , , , , , , , ,3,2,0,0,0,0,1,0,0,0,0,0,0,0,0,0,0,0,0,0,0,0,0,0,0,0,0,0,0,0,0,0,0,0,0,0,0,40.0415,-75.0723, , 
55805,641601,2012048113,6,67,67301,2012,4,5,1617,16,1,1,0,4,1, , ,N,2,0,0,3,0,1,2,2,N,N,40 00:36.655,75 05:50.517,1641, ,1639, ,0, ,N, ,0, , , , , , , , , ,2,1,0,0,0,0,1,0,0,0,0,0,1,1,0,0,0,0,0,0,0,1,0,0,0,0,0,0,0,0,0,0,0,0,0,8,0,40.0102,-75.0974, , 
55806,641602,2012052674,6,67,67301,2012,4,2,735,7,1,2,1,7,5, , ,N,0,0,0,3,0,0,1,1,N,N,40 04:01.187,75 11:45.029,758, ,741, ,0, ,N, ,0, , , , , , , , , ,1,0,0,0,0,0,1,0,0,0,0,0,0,0,0,0,0,0,0,0,0,0,0,0,0,0,0,0,0,0,0,0,0,0,0,0,0,40.067,-75.1958, , 
55807,641613,2012017908,6,67,67301,2012,1,6,1725,17,3,1,0,8,1, , ,N,1,2,0,3,0,1,2,2,N, ,39 57:21.499,75 09:38.239,1732, ,1730, ,0, , , ,3, , , , , , , , , ,1,1,0,0,0,0,0,0,0,0,0,0,1,1,1,0,0,0,0,0,1,0,0,1,0,0,0,0,0,0,0,0,1,0,0,8,0,39.956,-75.1606, , 
55808,641619,2012026271,6,67,67301,2012,1,3,1440,14,1,1,0,2,1, , ,N,0,0,7,3,0,1,3,2,N,N,39 59:41.002,75 05:40.415,1545, ,1539, ,0, ,N, ,0, , , , , , , , , ,2,1,0,0,1,0,0,0,0,0,0,1,1,0,0,0,0,0,0,0,1,0,0,0,0,0,0,0,0,0,0,0,0,0,0,4,0,39.9947,-75.0946, , 
55809,641649,2012055946,6,67,67301,2012,6,7,2049,20,3,1,0,1,1, , ,N,0,0,0,3,0,0,7,4,N,N,39 55:48.442,75 11:53.392,2114, ,2052,1,2,4,N, ,0,N, , , , , , , , ,4,4,0,0,0,0,0,0,0,0,0,0,0,0,0,0,0,0,0,0,1,0,0,0,0,0,0,0,0,0,0,0,0,0,0,0,0,39.9301,-75.1982, , 
55810,641650,2012056665,6,67,67301,2012,4,1,9999,99,1,1,0,4,1, , ,N,1,0,0,3,0,1,6,2,N,N,40 00:59.814,75 08:49.815,9999, ,9999, ,0, , , ,0, , , , , , , , , ,2,0,0,0,0,0,1,1,0,0,0,1,1,0,0,0,0,0,0,0,0,0,0,6,0,0,0,0,0,0,0,0,0,0,0,4,0,40.0166,-75.1472, , 
55811,641663,2012017810,6,67,67301,2012,1,6,2000,20,3,1,0,4,1, , ,N,2,2,0,3,0,0,2,2,N,N,39 55:20.631,75 11:12.780,2012, ,2005, ,0, ,N, ,3, , , , , , , , , ,2,2,0,0,0,0,0,0,0,0,0,0,0,0,0,0,0,0,0,0,0,0,0,0,0,0,0,0,0,0,0,0,0,0,0,0,0,39.9223,-75.1871, , 
55812,641665,2012019779,6,67,67301,2012,2,3,1908,19,3,1,0,1,1, , ,N,0,0,0,3,0,2,4,4,N,N,39 57:30.346,75 09:58.326,1916, ,1910,2,1,4,N, ,0,N, , , , , , , , ,4,4,0,0,0,0,0,0,0,0,0,2,2,0,0,0,0,0,0,0,0,0,0,0,0,0,0,0,0,0,0,0,0,0,0,4,0,39.9584,-75.1662, , 
55813,641666,2012023229,6,67,67301,2012,2,7,1,0,3,1,0,7,4, , ,N,0,0,0,3,0,1,3,1,N,N,39 57:29.170,75 09:52.072,5, ,1,1,2,3,N, ,0,N, , , , , , , , ,1,1,0,0,0,0,0,0,0,0,0,1,1,0,0,0,0,1,0,0,0,0,0,0,0,0,0,0,0,0,0,0,0,0,0,4,0,39.9581,-75.1645, , 
55814,641671,2012028145,6,67,67301,2012,2,4,700,7,1,2,1,7,2, , ,N,0,0,0,3,0,0,1,1,N,N,40 05:40.154,75 01:50.623,700, ,700, ,0, ,N, ,0, , , , , , , , , ,1,1,0,0,0,0,0,0,0,0,0,0,0,0,0,0,0,0,0,0,0,0,0,0,0,0,0,0,0,0,0,0,0,0,0,0,0,40.0945,-75.0307, , 
55815,641681,2012037701,6,67,67301,2012,3,5,1644,16,1,1,0,4,1, , ,N,1,2,0,3,0,1,2,3,N,N,40 00:13.665,75 08:22.783,1653, ,1646, ,0, , , ,3, , , , , , , , , ,3,1,0,0,0,0,2,0,0,0,0,0,1,1,0,0,0,0,0,0,0,0,0,0,0,0,0,0,0,0,0,0,0,0,0,8,0,40.0038,-75.1397, , 
55816,641686,2012041559,6,67,67301,2012,3,5,1130,11,1,1,0,4,1, , ,N,0,0,0,3,0,1,2,2,N,N,40 02:00.196,75 06:16.691,1150, ,1140, ,0, , , ,0, , , , , , , , , ,2,1,0,0,0,0,1,0,0,0,0,0,1,1,0,0,0,0,0,0,0,0,0,1,0,0,0,0,0,0,0,0,0,0,0,8,0,40.0334,-75.1046, , 
55817,641687,2012041753,6,67,67301,2012,3,7,653,6,5,2,1,7,4, , ,N,1,2,0,3,0,1,1,1,N,N,39 58:51.495,75 14:10.214,715, ,715, ,0, ,Y, ,3, , , , , , , , , ,1,0,0,0,0,0,1,0,0,0,1,0,1,0,0,0,0,0,0,0,0,0,0,0,0,0,0,0,0,0,0,0,0,0,0,3,0,39.981,-75.2362, , 
55818,638411,2012041813,6,67,67301,2012,4,4,747,7,1,1,0,7,3, , ,N,0,0,0,3,0,2,5,5,N,N,39 58:41.629,75 06:38.817,759, ,750,2,2,1,N, ,0,N, , , , , , , , ,5,4,0,0,0,0,1,0,0,0,0,1,2,1,0,0,0,0,0,0,0,0,0,0,0,0,0,0,0,0,0,0,0,0,0,4,0,39.9782,-75.1109, , 
55819,638413,2012042134,6,67,67301,2012,3,1,135,1,3,1,0,4,1, , ,N,1,3,0,3,0,0,8,2,N, ,39 55:42.564,75 10:42.988,145, ,140,1,2,1, , ,3,N, , , , , , , , ,2,1,0,0,0,0,0,1,0,0,0,0,0,0,0,0,0,0,0,0,0,0,0,0,0,0,0,0,0,0,0,0,0,0,0,0,0,39.9285,-75.1786, , 
55820,638439,2012028156,6,67,67301,2012,2,2,1450,14,1,1,0,8,1, , ,N,1,2,0,3,0,1,2,2,N,Y,39 57:46.804,75 09:58.539,1500, ,1500, ,0, ,N, ,3, , , , , , , , , ,1,1,0,0,0,0,0,0,0,0,0,0,1,1,0,0,0,0,0,0,0,0,0,0,0,0,0,0,0,0,0,0,1,0,0,8,0,39.963,-75.1662, , 
55821,638441,2012032560,6,67,67301,2012,2,4,10,0,3,1,0,7,2, , ,N,0,0,0,3,0,0,3,1,N,N,40 02:06.483,75 05:57.812,13, ,11,3,1,1, , ,0,Y, , , , , , , , ,1,1,0,0,0,0,0,0,0,0,0,0,0,0,3,0,0,0,0,0,0,0,0,0,0,0,0,0,0,0,0,0,0,0,0,9,0,40.0351,-75.0994, , 
55822,638490,2012032632,6,67,67301,2012,2,6,9999,99,3,1,0,1,1, , ,N,1,2,0,3,0,1,3,3,N, ,40 00:52.531,75 09:23.970,2358, ,2355, ,0, , , ,3, , , , , , , , , ,3,1,0,0,2,0,0,0,0,0,0,0,1,1,0,0,0,0,0,0,0,0,0,0,0,0,0,0,0,0,0,0,0,0,0,8,0,40.0146,-75.1567, , 
55823,638505,2012048166,6,67,67301,2012,4,4,1513,15,1,1,0,4,1, , ,N,1,2,0,3,0,1,3,2,N,N,39 57:03.858,75 09:56.243,1514, ,1314,1,1,2, , ,3,N, , , , , , , , ,1,1,0,0,0,0,0,0,1,0,0,0,1,1,0,0,0,0,0,0,0,0,0,0,0,0,0,0,0,0,0,0,0,0,0,8,0,39.951,-75.1654, , 
55824,638535,2012019956,6,67,67301,2012,1,6,828,8,1,1,0,1,3, , ,N,0,0,0,3,0,3,3,2,N, ,39 56:18.030,75 10:14.409,830, ,830,9,2,6, , ,0,Y, , , , , , , , ,2,1,0,0,0,0,1,0,0,0,0,0,3,3,0,0,0,0,0,0,1,0,0,0,0,0,0,0,0,0,0,0,0,0,0,8,0,39.9383,-75.1707, , 
55825,638541,2012030795,6,67,67301,2012,3,6,1040,10,1,1,0,1,1, , ,N,0,0,0,3,0,1,3,2,N,N,39 55:08.537,75 08:53.026,1048, ,1044,1,1,2,N, ,0,N, , , , , , , , ,2,1,0,0,0,0,0,1,0,0,0,0,1,1,0,0,0,0,0,0,1,0,0,0,0,0,0,0,0,0,0,0,0,0,0,8,0,39.9195,-75.1481, , 