objectid_1,objectid,crn,district,county,municipality,crash_year,crash_month,day_of_week,time_of_day,hour_of_day,illumination,weather,road_condition,collision_type,relation_to_road,work_zone_type,work_zone_loc,work_zone_ind,intersect_type,tcd_type,location_type,urban_rural,fatal_count,injury_count,person_count,total_units,sch_bus_ind,sch_zone_ind,latitude,longitude,arrival_tm,cons_zone_spd_lim,dispatch_tm,est_hrs_closed,lane_closed,ln_close_dir,ntfy_hiwy_maint,spec_juris_cd,tcd_func_cd,tfc_detour_ind,workers_pres,wz_close_detour,wz_flagger,wz_law_offcr_ind,wz_ln_closure,wz_moving,wz_other,wz_shlder_mdn,vehicle_count,automobile_count,motorcycle_count,bus_count,small_truck_count,heavy_truck_count,suv_count,van_count,bicycle_count,maj_inj_count,mod_inj_count,min_inj_count,tot_inj_count,unk_inj_deg_count,unk_inj_per_count,driver_count_16yr,driver_count_17yr,driver_count_18yr,driver_count_19yr,driver_count_20yr,driver_count_50_64yr,driver_count_65_74yr,driver_count_75plus,unbelted_occ_count,unb_death_count,unb_maj_inj_count,belted_death_count,belted_maj_inj_count,mcycle_death_count,mcycle_maj_inj_count,bicycle_death_count,bicycle_maj_inj_count,ped_count,ped_death_count,ped_maj_inj_count,max_severity_level,comm_veh_count,dec_lat,dec_long,rdwy_surf_type_cd,county_name
56096,616455,2013086178,6,67,67301,2013,8,6,1530,15,1,2,1,4,1, , ,N,1,2,0,3,0,0,2,2,N,N,39 59:45.293,75 05:31.432,1535, ,1530, ,0, ,N, ,3, , , , , , , , , ,2,1,0,0,1,0,0,0,0,0,0,0,0,0,1,0,0,0,0,0,0,0,1,0,0,0,0,0,0,0,0,0,0,0,0,9,0,39.9959,-75.0921, , 
56097,616456,2013086979,6,67,67301,2013,8,1,347,3,3,1,0,7,5, , ,N,0,0,0,3,0,0,1,1,N, ,39 57:14.311,75 12:04.908,349, ,348, ,0, , , ,0, , , , , , , , , ,1,1,0,0,0,0,0,0,0,0,0,0,0,0,0,0,0,0,0,0,0,0,0,0,0,0,0,0,0,0,0,0,0,0,0,0,0,39.954,-75.2014, , 
56098,616497,2013086753,6,67,67301,2013,8,1,1835,18,1,1,0,5,1, , ,N,1,2,0,3,0,1,3,2,N, ,39 56:29.216,75 14:06.241,1836, ,1836, ,0, , , ,3, , , , , , , , , ,2,2,0,0,0,0,0,0,0,0,0,1,1,0,0,0,0,0,0,0,0,0,0,0,0,0,0,0,0,0,0,0,0,0,0,4,0,39.9414,-75.2351, , 
56099,616514,2013106651,6,67,67301,2013,9,4,1800,18,1,1,0,4,1, , ,N,0,2,0,3,0,1,2,2,N,N,39 58:18.122,75 12:42.980,1810, ,1805,3,2,5,N, ,3,Y, , , , , , , , ,1,0,0,0,0,0,1,0,1,0,0,0,1,1,0,0,0,0,0,0,1,0,0,0,0,0,0,0,0,0,0,0,0,0,0,8,0,39.9717,-75.2119, , 
56100,616523,2013121515,6,67,67301,2013,10,6,1700,17,1,9,8,8,1, , ,N,1,2,0,3,0,1,2,2,N, ,39 55:26.156,75 13:19.597,1707, ,1707, ,0, , , ,3, , , , , , , , , ,1,0,0,0,0,0,0,1,0,0,1,0,1,0,1,0,0,0,0,0,0,0,0,0,0,0,0,0,0,0,0,0,1,0,0,3,0,39.9239,-75.2221, , 
56101,616533,2014001075,6,67,67301,2013,11,7,847,8,1,1,0,4,1, , ,N,1,2,0,3,0,3,3,2,N, ,39 57:40.557,75 14:05.578,850, ,848, ,0, , , ,3, , , , , , , , , ,2,0,0,0,1,0,1,0,0,0,0,0,3,3,0,0,0,0,0,0,1,0,0,1,0,0,0,0,0,0,0,0,0,0,0,8,0,39.9612,-75.2349, , 
56102,616599,2013114478,6,67,67301,2013,10,6,814,8,1,1,0,2,1, , ,N,1,2,0,3,0,1,2,2,N,N,39 58:00.800,75 11:31.732,819, ,817, ,0, ,N, ,3, , , , , , , , , ,2,1,0,0,0,1,0,0,0,0,0,1,1,0,0,0,0,0,0,0,1,0,0,0,0,0,0,0,0,0,0,0,0,0,0,4,1,39.9669,-75.1921, , 
56103,616619,2014002806,6,67,67301,2013,12,6,1640,16,3,2,1,8,1, , ,N,1,3,0,3,0,1,2,2,N,N,39 58:50.977,75 08:18.473,1656, ,1652, ,0, ,N, ,3, , , , , , , , , ,1,1,0,0,0,0,0,0,0,0,0,1,1,0,0,0,0,0,0,0,1,0,0,0,0,0,0,0,0,0,0,0,1,0,0,4,0,39.9808,-75.1385, , 
56104,616632,2013121550,6,67,67301,2013,6,6,9999,99,1,1,0,8,1, , ,N,0,0,0,3,0,1,2,2,N,N,39 56:00.996,75 09:50.256,1848, ,1848, ,0, ,N, ,0, , , , , , , , , ,1,1,0,0,0,0,0,0,0,0,1,0,1,0,0,0,0,0,0,0,1,0,0,0,0,0,0,0,0,0,0,0,1,0,0,3,0,39.9336,-75.164, , 
56105,616678,2014013172,6,67,67301,2013,12,4,2030,20,3,1,0,1,1, , ,N,1,2,0,3,0,1,3,2,N, ,40 01:47.237,75 03:36.393,2035, ,2030, ,0, , , ,3, , , , , , , , , ,2,2,0,0,0,0,0,0,0,0,0,0,1,1,0,0,0,0,0,0,1,0,0,0,0,0,0,0,0,0,0,0,0,0,0,8,0,40.0298,-75.0601, , 
56106,616691,2013125932,6,67,67301,2013,11,3,1352,13,1,1,0,4,1, , ,N,1,2,0,3,0,1,2,2,N,N,40 00:26.675,75 04:41.014,1359, ,1352,3,2,7,N, ,3,Y, , , , , , , , ,2,2,0,0,0,0,0,0,0,0,0,1,1,0,0,0,0,0,0,0,0,1,0,0,0,0,0,0,0,0,0,0,0,0,0,4,0,40.0074,-75.0781, , 
56107,616713,2014013165,6,67,67301,2013,12,1,2305,23,3,1,1,2,1, , ,N,0,0,0,3,0,3,8,3,N,N,40 01:45.135,75 11:23.588,2315, ,2310,1,1,2,N, ,0,Y, , , , , , , , ,3,2,0,0,0,0,1,0,0,0,0,3,3,0,0,0,0,0,0,1,0,0,0,0,0,0,0,0,0,0,0,0,0,0,0,4,0,40.0292,-75.1899, , 
56108,616714,2014013597,6,67,67301,2013,12,6,2135,21,3,1,0,4,1, , ,N,1,2,0,3,0,0,2,2,N,N,39 57:06.318,75 12:11.069,2144, ,2142, ,0, ,N, ,3, , , , , , , , , ,2,2,0,0,0,0,0,0,0,0,0,0,0,0,0,0,0,1,0,1,0,0,0,0,0,0,0,0,0,0,0,0,0,0,0,0,0,39.9518,-75.2031, , 
56109,616743,2013125911,6,67,67301,2013,11,3,627,6,1,2,1,4,1, , ,N,1,2,0,3,0,2,2,2,N,N,40 02:46.713,75 08:09.655,635, ,629, ,0, ,N, ,3, , , , , , , , , ,2,1,0,0,0,0,1,0,0,0,2,0,2,0,0,0,0,0,0,0,0,0,0,0,0,0,0,0,0,0,0,0,0,0,0,3,0,40.0463,-75.136, , 
56110,619802,2013093114,6,67,67301,2013,8,5,54,0,8,2,1,8,1, , ,N,1,0,0,3,0,1,2,2,N, ,40 00:59.814,75 08:49.815,100, ,56, ,0, , , ,0, , , , , , , , , ,1,1,0,0,0,0,0,0,0,0,0,0,1,1,0,0,0,0,0,0,0,1,0,0,0,0,0,0,0,0,0,0,1,0,0,8,0,40.0166,-75.1472, , 
56111,619817,2013106762,6,67,67301,2013,9,5,1450,14,1,1,0,5,1, , ,N,0,0,0,3,0,0,3,2,N,N,39 55:57.511,75 09:56.754,1458, ,1455,1,2,4, , ,0,Y, , , , , , , , ,2,2,0,0,0,0,0,0,0,0,0,0,0,0,0,0,0,0,0,0,1,0,0,0,0,0,0,0,0,0,0,0,0,0,0,0,0,39.9326,-75.1658, , 
56112,619830,2013125858,6,67,67301,2013,11,1,2010,20,3,1,0,8,1, , ,N,0,0,0,3,0,1,2,2,N, ,39 59:25.737,75 07:38.629,2013, ,2013, ,0, , , ,0, , , , , , , , , ,1,0,0,0,0,0,0,1,0,0,0,0,1,1,0,0,0,0,0,0,1,0,0,0,0,0,0,0,0,0,0,0,1,0,0,8,0,39.9905,-75.1274, , 
56113,619849,2014009766,6,67,67301,2013,12,1,1811,18,3,2,1,4,1, , ,N,2,2,7,3,0,1,2,2,N,N,40 05:36.345,74 57:43.771,1818, ,1813,1,1,1,N, ,3,N, , , , , , , , ,2,1,0,0,1,0,0,0,0,0,0,1,1,0,0,0,0,0,0,0,0,0,0,0,0,0,0,0,0,0,0,0,0,0,0,4,0,40.0933,-74.9621, , 
56114,619853,2013130062,6,67,67301,2013,11,5,2223,22,3,1,0,4,1, , ,N,1,2,0,3,0,0,3,3,N,N,40 02:06.022,75 04:09.823,2230, ,2225,2,2,1,N, ,3,Y, , , , , , , , ,3,2,0,0,0,0,0,0,0,0,0,0,0,0,0,0,0,0,0,0,0,0,0,0,0,0,0,0,0,0,0,0,0,0,0,0,0,40.035,-75.0694, , 
56115,619863,2014013053,6,67,67301,2013,12,1,9999,99,3,2,1,7,2, , ,N,0,0,0,3,0,0,1,1,N,N,40 05:30.526,74 58:34.572,1838, ,1835, ,0, , , ,0, , , , , , , , , ,1,1,0,0,0,0,0,0,0,0,0,0,0,0,0,0,0,0,0,0,0,0,0,0,0,0,0,0,0,0,0,0,0,0,0,0,0,40.0918,-74.9763, , 
56116,619875,2013106391,6,67,67301,2013,10,2,1357,13,1,1,0,5,1, , ,N,0,0,0,3,0,1,3,3,N,N,39 59:00.636,75 12:29.646,1358, ,1358,1,1,3,N, ,0,N, , , , , , , , ,3,1,0,0,0,1,0,1,0,0,0,1,1,0,1,0,0,0,0,0,0,0,0,0,0,0,0,0,0,0,0,0,0,0,0,4,1,39.9835,-75.2082, , 
56117,619876,2013106688,6,67,67301,2013,9,4,1653,16,1,1,0,8,1, , ,N,0,0,0,3,0,1,2,2,N,N,39 55:45.801,75 13:09.891,1655, ,1653, ,0, ,N, ,0, , , , , , , , , ,1,0,0,0,1,0,0,0,0,0,0,0,1,1,0,0,0,0,0,0,1,0,0,0,0,0,0,0,0,0,0,0,1,0,0,8,0,39.9294,-75.2194, , 
56118,619914,2014003323,6,67,67301,2013,12,4,920,9,1,1,6,7,4, , ,N,2,3,0,3,0,0,1,1,N, ,39 59:52.623,75 06:24.850,923, ,923, ,0, , , ,3, , , , , , , , , ,1,0,0,0,0,0,1,0,0,0,0,0,0,0,1,0,0,0,0,0,0,0,0,0,0,0,0,0,0,0,0,0,0,0,0,9,0,39.998,-75.1069, , 
56119,619915,2014009806,6,67,67301,2013,12,5,750,7,1,4,5,6,1, , ,N,0,0,0,3,0,1,16,3,Y, ,40 02:04.412,75 09:39.168,810, ,751, ,0, , , ,0, , , , , , , , , ,3,1,0,1,1,0,0,0,0,0,0,1,1,0,0,0,0,0,0,0,0,0,0,0,0,0,0,0,0,0,0,0,0,0,0,4,1,40.0346,-75.1609, , 
56120,619924,2013111906,6,67,67301,2013,10,7,1723,17,1,1,0,4,1, , ,N,1,1,0,3,0,2,2,2,N,N,39 54:32.832,75 13:59.411,1725, ,1724,2,1,3,N, ,3,Y, , , , , , , , ,2,1,0,0,0,0,1,0,0,0,1,1,2,0,0,0,0,0,0,0,2,0,0,0,0,0,0,0,0,0,0,0,0,0,0,3,0,39.9091,-75.2332, , 
56121,619934,2013121524,6,67,67301,2013,10,6,1655,16,1,1,0,8,1, , ,N,0,0,0,3,0,1,2,2,N,N,39 55:32.912,75 13:28.502,1712, ,1704, ,0, ,N, ,0, , , , , , , , , ,1,1,0,0,0,0,0,0,0,0,0,1,1,0,0,0,0,0,0,0,0,0,0,0,0,0,0,0,0,0,0,0,1,0,0,4,0,39.9258,-75.2246, , 
56122,619949,2014009695,6,67,67301,2013,12,1,1855,18,3,2,1,8,1, , ,N,1,2,2,3,0,1,3,3,N, ,40 00:28.701,75 11:29.918,1915, ,1909, ,0, , , ,3, , , , , , , , , ,1,0,0,0,0,1,0,0,0,0,1,0,1,0,0,0,0,0,0,0,0,0,0,0,0,0,0,0,0,0,0,0,2,0,0,3,1,40.008,-75.1916, , 
56123,619950,2014013174,6,67,67301,2013,12,3,2105,21,3,1,0,4,1, , ,N,1,3,0,3,0,0,2,2,N,N,40 02:27.132,75 02:08.689,2120, ,2115, ,0, ,N, ,3, , , , , , , , , ,2,1,0,0,0,0,1,0,0,0,0,0,0,0,0,0,0,0,0,0,0,0,0,0,0,0,0,0,0,0,0,0,0,0,0,0,0,40.0409,-75.0357, , 
56124,619958,2013074684,6,67,67301,2013,6,2,954,9,1,1,0,1,1, , ,N,0,0,0,3,0,1,1,2,N,N,40 02:40.996,75 08:36.604,1002, ,1001, ,0, , , ,0, , , , , , , , , ,2,2,0,0,0,0,0,0,0,0,0,1,1,0,0,0,0,0,0,0,1,0,0,0,0,0,0,0,0,0,0,0,0,0,0,4,0,40.0447,-75.1435, , 
56125,619959,2013074779,6,67,67301,2013,6,1,49,0,3,1,0,7,2, , ,N,1,2,0,3,0,0,1,1,N,N,39 58:08.526,75 09:36.120,49, ,49, ,0, ,N, ,3, , , , , , , , , ,1,1,0,0,0,0,0,0,0,0,0,0,0,0,1,0,0,0,0,0,0,0,0,0,0,0,0,0,0,0,0,0,0,0,0,9,0,39.9689,-75.1599, , 
56126,619962,2013079505,6,67,67301,2013,7,2,1121,11,1,1,0,1,1, , ,N,1,2,0,3,0,1,5,2,N,N,40 03:41.185,75 05:01.882,1128, ,1123, ,0, ,N, ,3, , , , , , , , , ,2,1,0,0,0,1,0,0,0,0,0,1,1,0,0,0,0,0,0,0,0,0,0,0,0,0,0,0,0,0,0,0,0,0,0,4,1,40.0614,-75.0839, , 
56127,619980,2013101123,6,67,67301,2013,8,7,915,9,1,1,0,8,1, , ,N,1,0,0,3,0,1,2,2,N,N,40 00:05.158,75 07:38.326,952, ,948, ,0, ,N, ,0, , , , , , , , , ,1,0,0,0,0,0,1,0,0,0,0,1,1,0,0,0,0,0,0,0,0,0,0,0,0,0,0,0,0,0,0,0,1,0,0,4,0,40.0014,-75.1273, , 
56128,622924,2014009808,6,67,67301,2013,12,1,1515,15,1,2,1,4,1, , ,N,0,0,7,3,0,2,3,2,N,N,39 59:00.234,75 06:56.476,1632, ,1631, ,0, ,N, ,0, , , , , , , , , ,2,2,0,0,0,0,0,0,0,0,0,0,2,2,0,0,0,0,0,0,0,0,0,1,0,0,0,0,0,0,0,0,0,0,0,8,0,39.9834,-75.1157, , 
56129,622935,2013125861,6,67,67301,2013,11,7,2130,21,3,1,0,8,1, , ,N,1,0,0,3,0,1,2,2,N,N,39 56:52.234,75 09:41.723,2130, ,2130, ,0, ,N, ,0, , , , , , , , , ,1,1,0,0,0,0,0,0,0,0,0,0,1,1,0,0,0,0,0,0,0,0,0,0,0,0,0,0,0,0,0,0,1,0,0,8,0,39.9478,-75.1616, , 
56130,622943,2014002739,6,67,67301,2013,11,1,1346,13,1,1,0,1,5, , ,N,0,0,0,3,0,1,1,4,N,N,40 01:36.240,75 02:55.430,1400, ,1346, ,0, ,N, ,0, , , , , , , , , ,4,4,0,0,0,0,0,0,0,0,0,0,1,1,0,0,0,0,0,1,0,0,0,0,0,0,0,0,0,0,0,0,0,0,0,8,0,40.0267,-75.0487, , 
56131,622949,2013121324,6,67,67301,2013,10,3,1925,19,3,1,0,6,1, , ,N,2,3,7,3,0,1,2,2,N,N,40 02:09.760,75 11:10.789,1950, ,1945, ,0, ,N, ,3, , , , , , , , , ,2,2,0,0,0,0,0,0,0,0,0,1,1,0,0,0,0,0,0,0,1,0,0,0,0,0,0,0,0,0,0,0,0,0,0,4,0,40.036,-75.1863, , 
56132,622964,2014016007,6,67,67301,2013,10,2,1300,13,1,1,0,1,1, , ,N,1,3,0,3,0,3,4,2,N,N,39 57:53.649,75 09:33.990,0, ,0, ,0, ,N, ,3, , , , , , , , , ,2,1,0,0,0,0,1,0,0,0,0,0,3,3,1,0,0,0,0,0,1,0,0,0,0,0,0,0,0,0,0,0,0,0,0,8,0,39.9649,-75.1594, , 
56133,622975,2013125896,6,67,67301,2013,5,6,1515,15,1,1,0,8,1, , ,N,0,0,0,3,0,1,2,2,N,N,39 58:08.216,75 14:10.161,1546, ,1543, ,0, , , ,0, , , , , , , , , ,1,1,0,0,0,0,0,0,0,0,0,1,1,0,0,0,0,0,0,0,0,0,0,0,0,0,0,0,0,0,0,0,1,0,0,4,0,39.9689,-75.2362, , 
56134,622979,2013130048,6,67,67301,2013,11,2,1555,15,1,1,0,8,1, , ,N,0,0,0,3,0,1,2,2,N,N,39 58:24.423,75 14:01.796,1607, ,1605, ,0, , , ,0, , , , , , , , , ,1,1,0,0,0,0,0,0,0,0,0,1,1,0,0,0,0,0,0,0,0,0,0,0,0,0,0,0,0,0,0,0,1,0,0,4,0,39.9735,-75.2338, , 
56135,622993,2013121476,6,67,67301,2013,10,1,1932,19,3,1,0,7,5, , ,N,0,0,0,3,0,1,1,1,N,N,39 58:35.205,75 08:46.622,1934, ,1933, ,0, ,N, ,0, , , , , , , , , ,1,0,0,0,0,0,0,1,0,0,0,0,1,1,0,0,0,0,0,0,0,0,0,1,0,0,0,0,0,0,0,0,0,0,0,8,0,39.9764,-75.1463, , 
56136,622996,2013122959,6,67,67301,2013,10,5,1730,17,4,1,0,4,1, , ,N,1,2,0,3,0,3,3,2,N,N,40 03:44.697,75 09:18.946,1815, ,1804, ,0, ,N, ,3, , , , , , , , , ,2,1,0,0,0,0,1,0,0,0,0,1,3,2,0,0,0,0,0,0,0,0,0,0,0,0,0,0,0,0,0,0,0,0,0,4,0,40.0624,-75.1553, , 
56137,622999,2013128383,6,67,67301,2013,12,5,1500,15,1,1,0,1,1, , ,N,0,0,0,3,0,2,3,3,N,N,39 59:26.163,75 12:16.727,1506, ,1503,1,1,4,N, ,0,N, , , , , , , , ,3,3,0,0,0,0,0,0,0,0,0,2,2,0,0,0,0,0,0,0,2,0,0,0,0,0,0,0,0,0,0,0,0,0,0,4,0,39.9906,-75.2046, , 
56138,623022,2014006396,6,67,67301,2013,12,1,922,9,1,2,1,7,3, , ,N,0,0,0,3,0,2,4,2,N,N,39 58:57.309,75 12:27.900,926, ,923, ,0, ,N, ,0, , , , , , , , , ,2,2,0,0,0,0,0,0,0,0,0,0,2,2,0,0,0,0,0,0,0,1,0,2,0,0,0,0,0,0,0,0,0,0,0,8,0,39.9826,-75.2078, , 
56139,623023,2014006902,6,67,67301,2013,12,5,1658,16,3,1,0,4,1, , ,N,1,3,0,3,0,1,2,2,N,N,39 59:57.041,75 08:03.904,1738, ,1737, ,0, ,N, ,3, , , , , , , , , ,2,1,0,0,0,0,0,1,0,0,0,0,1,1,0,0,0,0,0,0,0,1,0,2,0,0,0,0,0,0,0,0,0,0,0,8,0,39.9992,-75.1344, , 
56140,623036,2014009632,6,67,67301,2013,11,6,1830,18,3,1,0,8,1, , ,N,0,0,0,3,0,1,2,2,N,N,39 56:30.374,75 13:31.515,1925, ,1919, ,0, , , ,0, , , , , , , , , ,1,1,0,0,0,0,0,0,0,1,0,0,1,0,0,0,0,0,0,0,0,0,0,0,0,0,0,0,0,0,0,0,1,0,1,2,0,39.9418,-75.2254, , 
56141,623038,2014013563,6,67,67301,2013,12,2,50,0,3,1,1,7,4, , ,N,5,2,0,3,0,1,1,1,N, ,39 59:10.777,75 07:54.659,115, ,112, ,0, , , ,3, , , , , , , , , ,1,1,0,0,0,0,0,0,0,0,0,1,1,0,0,0,0,0,0,0,0,0,0,0,0,0,0,0,0,0,0,0,0,0,0,4,0,39.9863,-75.1318, , 
56142,623039,2015020677,6,67,67301,2013,8,2,140,1,3,1,0,1,1, , ,N,0,0,0,3,0,1,5,2,N,N,40 01:06.007,75 08:55.169,205, ,203,3,2,6,N, ,0,N, , , , , , , , ,2,2,0,0,0,0,0,0,0,0,0,0,1,1,4,0,0,0,0,0,0,0,0,0,0,0,0,0,0,0,0,0,0,0,0,8,0,40.0183,-75.1487, , 
56143,623072,2013111788,6,67,67301,2013,10,7,550,5,3,1,0,7,4, , ,N,0,0,0,3,0,0,1,1,N,N,39 57:02.819,75 10:32.917,557, ,556,3,2,4,N, ,0,Y, , , , , , , , ,1,0,0,0,0,0,1,0,0,0,0,0,0,0,1,0,0,0,0,0,0,0,0,0,0,0,0,0,0,0,0,0,0,0,0,9,0,39.9508,-75.1758, , 
56144,623076,2013115357,6,67,67301,2013,10,5,1455,14,1,2,1,1,1, , ,N,1,2,0,3,0,0,2,2,N, ,39 53:50.903,75 15:08.533,1505, ,1455, ,0, , , ,3, , , , , , , , , ,2,1,0,0,1,0,0,0,0,0,0,0,0,0,0,0,0,0,0,0,1,0,0,0,0,0,0,0,0,0,0,0,0,0,0,0,0,39.8974,-75.2522, , 
56145,623077,2013101278,6,67,67301,2013,9,5,727,7,1,1,0,8,1, , ,N,0,0,7,3,0,1,2,2,N,N,39 57:08.042,75 08:35.678,740, ,737, ,0, ,N, ,0, , , , , , , , , ,1,1,0,0,0,0,0,0,0,0,0,1,1,0,0,0,0,0,0,0,1,0,0,0,0,0,0,0,0,0,0,0,1,0,0,4,0,39.9522,-75.1432, , 
56146,625946,2013111862,6,67,67301,2013,10,1,1843,18,3,1,0,4,1, , ,N,1,3,0,3,0,1,2,2,N,N,39 55:00.789,75 09:39.880,1847, ,1845, ,0, ,N, ,3, , , , , , , , , ,1,1,0,0,0,0,0,0,1,1,0,0,1,0,1,0,0,0,0,0,0,0,0,0,0,0,0,0,0,0,0,1,0,0,0,2,0,39.9169,-75.1611, , 
56147,625967,2013130079,6,67,67301,2013,11,4,810,8,1,1,0,8,1, , ,N,1,3,0,3,0,1,2,2,N, ,40 01:31.810,75 12:38.267,825, ,816, ,0, , , ,3, , , , , , , , , ,1,1,0,0,0,0,0,0,0,0,0,0,1,1,0,0,0,0,0,0,0,0,0,0,0,0,0,0,0,0,0,0,1,0,0,8,0,40.0255,-75.2106, , 
56148,625975,2014013059,6,67,67301,2013,12,7,729,7,1,1,0,7,4, , ,N,2,3,0,3,0,0,2,3,N,N,40 03:19.620,75 02:40.166,735, ,732, ,0, ,Y, ,3, , , , , , , , , ,3,2,0,0,0,0,0,1,0,0,0,0,0,0,2,0,0,0,0,0,0,0,0,0,0,0,0,0,0,0,0,0,0,0,0,9,0,40.0555,-75.0445, , 
56149,625977,2014031208,6,67,67301,2013,11,1,9999,99,1,1,0,7,4, , ,N,0,0,0,3,0,1,1,1,N,N,39 56:22.926,75 13:31.626,1635, ,1622, ,0, ,N, ,0, , , , , , , , , ,1,1,0,0,0,0,0,0,0,0,0,0,1,1,0,0,0,0,0,0,0,0,0,0,0,0,0,0,0,0,0,0,0,0,0,8,0,39.9397,-75.2255, , 
56150,625991,2013134205,6,67,67301,2013,12,6,554,5,3,1,0,5,1, , ,N,0,0,0,3,0,0,3,3,N,N,39 58:33.515,75 06:55.720,612, ,556,1,1,2,N, ,0,N, , , , , , , , ,3,2,0,0,0,0,1,0,0,0,0,0,0,0,0,0,0,0,0,0,1,0,0,0,0,0,0,0,0,0,0,0,0,0,0,0,0,39.976,-75.1155, , 
56151,625993,2014013046,6,67,67301,2013,12,3,125,1,3,1,0,7,4, , ,N,0,0,0,3,0,0,1,1,N, ,40 01:24.449,75 05:32.845,143, ,131, ,0, , , ,0, , , , , , , , , ,1,1,0,0,0,0,0,0,0,0,0,0,0,0,0,0,0,0,0,0,0,0,0,1,0,0,0,0,0,0,0,0,0,0,0,0,0,40.0235,-75.0925, , 
56152,626013,2013126148,6,67,67301,2013,12,2,2000,20,2,1,0,0,1, , ,N,0,0,0,3,0,1,2,2,N,N,39 53:56.582,75 10:06.185,2005, ,2000,3,2,2,N, ,0,N, , , , , , , , ,2,0,1,0,0,1,0,0,0,0,1,0,1,0,0,0,0,0,0,0,1,0,0,0,0,0,0,0,0,0,0,0,0,0,0,3,1,39.8991,-75.1684, , 
56153,626024,2014015942,6,67,67301,2013,11,6,1800,18,4,1,0,1,1, , ,N,0,0,0,3,0,1,2,2,N,N,39 57:35.277,75 10:37.986,0, ,0, ,0, , , ,0, , , , , , , , , ,2,2,0,0,0,0,0,0,0,0,0,1,1,0,1,0,0,0,0,0,0,0,0,0,0,0,0,0,0,0,0,0,0,0,0,4,0,39.9598,-75.1772, , 
56154,626048,2013121286,6,67,67301,2013,8,1,2010,20,3,1,0,8,1, , ,N,5,2,0,3,0,1,2,2,N, ,39 58:50.031,75 10:20.683,2013, ,2011, ,0, , , ,3, , , , , , , , , ,1,0,0,0,0,0,1,0,0,0,0,1,1,0,0,0,0,0,0,0,0,0,0,0,0,0,0,0,0,0,0,0,1,0,0,4,0,39.9806,-75.1724, , 
56155,626049,2013121390,6,67,67301,2013,10,1,1800,18,1,1,0,4,1, , ,N,1,3,0,3,0,1,2,2,N,N,39 58:50.977,75 08:18.473,1830, ,1808, ,0, , , ,3, , , , , , , , , ,1,0,0,0,0,0,1,0,1,0,0,1,1,0,0,0,0,0,0,0,0,0,0,0,0,0,0,0,0,0,0,0,0,0,0,4,0,39.9808,-75.1385, , 
56156,626050,2013124642,6,67,67301,2013,11,2,2025,20,3,1,0,5,1, , ,N,2,0,0,3,0,1,2,2,N,N,39 57:19.815,75 11:17.772,2040, ,2030, ,0, ,N, ,0, , , , , , , , , ,2,1,0,0,1,0,0,0,0,0,0,0,1,1,0,0,1,0,0,0,0,0,0,0,0,0,0,0,0,0,0,0,0,0,0,8,0,39.9554,-75.1882, , 
56157,626052,2013125939,6,67,67301,2013,11,6,939,9,1,1,0,6,1, , ,N,1,2,0,3,0,1,3,2,N,N,39 59:07.481,75 14:53.054,947, ,942, ,0, ,N, ,3, , , , , , , , , ,2,1,0,0,0,0,0,1,0,0,0,1,1,0,0,0,0,0,0,0,0,0,0,0,0,0,0,0,0,0,0,0,0,0,0,4,0,39.9854,-75.2481, , 
56158,626071,2013121567,6,67,67301,2013,9,2,2233,22,3,1,0,4,1, , ,N,1,3,0,3,0,2,3,3,N,N,39 57:00.802,75 13:29.672,2235, ,2234,2,2,7, , ,3,Y, , , , , , , , ,3,2,0,0,0,0,1,0,0,0,0,2,2,0,0,0,0,0,0,0,0,0,0,0,0,0,0,0,0,0,0,0,0,0,0,4,0,39.9502,-75.2249, , 
56159,626072,2013123512,6,67,67301,2013,12,6,1250,12,1,2,1,1,1, , ,N,0,0,0,3,0,1,2,2,N,N,39 54:23.907,75 10:24.589,1257, ,1254, ,0, ,N, ,0, , , , , , , , , ,2,1,0,0,0,1,0,0,0,0,0,0,1,1,0,0,0,0,0,0,0,0,0,0,0,0,0,0,0,0,0,0,0,0,0,8,1,39.9066,-75.1735, , 
56160,626078,2014000445,6,67,67301,2013,11,1,130,1,6,1,0,1,1, , ,N,1,2,0,3,0,0,3,2,N,N,39 59:16.858,75 06:21.436,1524, ,1524, ,0, ,N, ,3, , , , , , , , , ,2,1,0,0,0,0,0,0,0,0,0,0,0,0,0,0,0,0,0,0,0,0,0,0,0,0,0,0,0,0,0,0,0,0,0,0,0,39.988,-75.106, , 
56161,626080,2014009681,6,67,67301,2013,12,3,2320,23,3,1,0,5,1, , ,N,0,0,0,3,0,0,3,2,N,N,40 03:16.818,75 10:47.214,2335, ,2324,2,2,5, , ,0,Y, , , , , , , , ,2,1,0,0,0,0,1,0,0,0,0,0,0,0,1,0,0,0,0,0,1,0,0,0,0,0,0,0,0,0,0,0,0,0,0,9,0,40.0547,-75.1798, , 
56162,626111,2014019138,6,67,67301,2013,12,2,924,9,1,1,0,8,1, , ,N,0,0,0,3,0,1,2,2,N, ,39 59:47.551,75 09:16.782,936, ,926, ,0, ,N, ,0, , , , , , , , , ,1,0,0,0,0,0,1,0,0,1,0,0,1,0,1,0,0,0,0,0,0,0,0,0,0,0,0,0,0,0,0,0,1,0,1,2,0,39.9965,-75.1547, , 