objectid_1,objectid,crn,district,county,municipality,crash_year,crash_month,day_of_week,time_of_day,hour_of_day,illumination,weather,road_condition,collision_type,relation_to_road,work_zone_type,work_zone_loc,work_zone_ind,intersect_type,tcd_type,location_type,urban_rural,fatal_count,injury_count,person_count,total_units,sch_bus_ind,sch_zone_ind,latitude,longitude,arrival_tm,cons_zone_spd_lim,dispatch_tm,est_hrs_closed,lane_closed,ln_close_dir,ntfy_hiwy_maint,spec_juris_cd,tcd_func_cd,tfc_detour_ind,workers_pres,wz_close_detour,wz_flagger,wz_law_offcr_ind,wz_ln_closure,wz_moving,wz_other,wz_shlder_mdn,vehicle_count,automobile_count,motorcycle_count,bus_count,small_truck_count,heavy_truck_count,suv_count,van_count,bicycle_count,maj_inj_count,mod_inj_count,min_inj_count,tot_inj_count,unk_inj_deg_count,unk_inj_per_count,driver_count_16yr,driver_count_17yr,driver_count_18yr,driver_count_19yr,driver_count_20yr,driver_count_50_64yr,driver_count_65_74yr,driver_count_75plus,unbelted_occ_count,unb_death_count,unb_maj_inj_count,belted_death_count,belted_maj_inj_count,mcycle_death_count,mcycle_maj_inj_count,bicycle_death_count,bicycle_maj_inj_count,ped_count,ped_death_count,ped_maj_inj_count,max_severity_level,comm_veh_count,dec_lat,dec_long,rdwy_surf_type_cd,county_name
56230,626244,2014009717,6,67,67301,2013,12,7,441,4,3,1,0,8,1, , ,N,0,0,0,3,0,1,2,2,N,N,39 56:14.330,75 13:15.457,526, ,523, ,0, ,N, ,0, , , , , , , , , ,1,1,0,0,0,0,0,0,0,0,0,1,1,0,0,0,0,0,0,0,0,0,0,0,0,0,0,0,0,0,0,0,1,0,0,4,0,39.9373,-75.221, , 
56231,626247,2013106601,6,67,67301,2013,9,5,9999,99,3,1,0,7,5, , ,N,0,0,0,3,0,0,1,1,N,N,39 59:11.456,75 07:22.538,900, ,821, ,0, ,N, ,0, , , , , , , , , ,1,1,0,0,0,0,0,0,0,0,0,0,0,0,1,0,0,0,0,0,0,0,0,0,0,0,0,0,0,0,0,0,0,0,0,9,0,39.9865,-75.1229, , 
56232,626250,2013109446,6,67,67301,2013,10,3,1415,14,1,1,0,8,1, , ,N,2,2,0,3,0,1,2,2,N,N,39 59:54.554,75 09:12.498,1425, ,1420, ,0, ,N, ,3, , , , , , , , , ,1,1,0,0,0,0,0,0,0,0,1,0,1,0,0,0,0,0,0,0,0,0,0,0,0,0,0,0,0,0,0,0,1,0,0,3,0,39.9985,-75.1535, , 
56233,626253,2013111442,6,67,67301,2013,11,6,2207,22,3,2,1,1,1, , ,N,0,0,0,3,0,0,2,2,N,N,39 57:26.108,75 09:25.891,2219, ,2219,1,1,4,N, ,0,N, , , , , , , , ,2,1,0,0,0,0,1,0,0,0,0,0,0,0,0,0,0,0,0,0,1,0,0,0,0,0,0,0,0,0,0,0,0,0,0,0,0,39.9573,-75.1572, , 
56234,626254,2013111738,6,67,67301,2013,10,3,910,9,1,1,0,4,1, , ,N,1,2,0,3,0,0,3,2,N,N,40 02:16.065,75 04:52.525,920, ,917, ,0, , , ,3, , , , , , , , , ,2,1,0,0,0,0,1,0,0,0,0,0,0,0,0,0,0,0,0,0,0,1,0,0,0,0,0,0,0,0,0,0,0,0,0,0,0,40.0378,-75.0813, , 
56235,626265,2013121381,6,67,67301,2013,10,7,2318,23,3,2,1,7,3, , ,N,2,2,2,3,0,1,2,2,N,N,39 53:01.171,75 15:05.812,2357, ,2342,3,1,3,N, ,3,N, , , , , , , , ,2,1,0,0,1,0,0,0,0,0,0,0,1,1,0,0,0,0,0,0,0,0,0,0,0,0,0,0,0,0,0,0,0,0,0,8,0,39.8836,-75.2515, , 
56236,626272,2013131713,6,67,67301,2013,12,2,2105,21,3,1,0,7,2, , ,N,0,0,0,3,0,0,1,1,N,N,39 55:55.389,75 11:59.575,2120, ,2111,2,1,4,N, ,0,N, , , , , , , , ,1,1,0,0,0,0,0,0,0,0,0,0,0,0,0,0,0,0,0,0,0,0,0,0,0,0,0,0,0,0,0,0,0,0,0,0,0,39.9321,-75.1999, , 
56237,616930,2014019123,6,67,67301,2013,12,6,832,8,1,1,0,4,1, , ,N,1,3,0,3,0,2,8,2,N, ,39 55:50.923,75 09:40.532,833, ,833,3,2,2, , ,3,Y, , , , , , , , ,2,1,0,0,0,0,0,1,0,0,0,2,2,0,0,0,0,0,0,0,0,0,0,1,0,0,0,0,0,0,0,0,0,0,0,4,0,39.9308,-75.1613, , 
56238,616931,2014022783,6,67,67301,2013,11,7,7,0,3,1,0,5,1, , ,N,0,0,0,3,0,1,3,2,N,N,39 59:09.431,75 09:14.656,31, ,30, ,0, ,N, ,0, , , , , , , , , ,2,0,1,0,0,0,1,0,0,0,0,1,1,0,0,0,0,0,0,1,0,0,0,0,0,0,0,0,0,0,0,0,0,0,0,4,0,39.986,-75.1541, , 
56239,616936,2014001083,6,67,67301,2013,11,6,1350,13,1,2,1,7,2, , ,N,0,0,0,3,0,1,2,1,N,N,40 00:07.194,75 11:25.022,1400, ,1354, ,0, ,N, ,0, , , , , , , , , ,1,1,0,0,0,0,0,0,0,0,0,0,1,1,0,0,0,0,0,0,0,0,0,0,0,0,0,0,0,0,0,0,0,0,0,8,0,40.002,-75.1903, , 
56240,616939,2014006804,6,67,67301,2013,12,6,1720,17,3,2,1,1,1, , ,N,0,2,0,3,0,0,3,2,N,N,39 57:19.213,75 13:55.406,1828, ,1828, ,0, ,N, ,3, , , , , , , , , ,2,1,0,0,0,0,1,0,0,0,0,0,0,0,0,0,0,0,0,0,1,0,0,0,0,0,0,0,0,0,0,0,0,0,0,0,0,39.9553,-75.2321, , 
56241,616940,2014009844,6,67,67301,2013,12,2,835,8,1,4,5,7,4, , ,N,0,0,0,3,0,0,2,1,N, ,40 06:03.680,74 59:11.938,850, ,841, ,0, , , ,0, , , , , , , , , ,1,0,0,0,0,0,1,0,0,0,0,0,0,0,0,0,0,0,0,0,0,0,0,0,0,0,0,0,0,0,0,0,0,0,0,0,0,40.101,-74.9866, , 
56242,616964,2013130234,6,67,67301,2013,11,6,258,2,3,1,0,7,2, , ,N,0,0,0,3,0,1,1,1,N,N,39 56:12.256,75 11:57.142,305, ,301,1,1,4,N, ,0,N, , , , , , , , ,1,1,0,0,0,0,0,0,0,0,0,1,1,0,0,0,0,0,0,0,0,0,0,1,0,0,0,0,0,0,0,0,0,0,0,4,0,39.9357,-75.1997, , 
56243,616976,2013109397,6,67,67301,2013,10,1,1832,18,4,1,0,4,1, , ,N,1,0,0,3,0,1,2,2,N,N,40 02:58.452,75 09:19.846,1845, ,1837, ,0, ,N, ,0, , , , , , , , , ,1,1,0,0,0,0,0,0,1,0,0,1,1,0,0,0,0,0,0,0,1,0,0,0,0,0,0,0,0,0,0,0,0,0,0,4,0,40.0496,-75.1555, , 
56244,617005,2013116180,6,67,67301,2013,11,2,718,7,1,1,1,4,1, , ,N,1,2,0,3,0,0,2,2,N,N,40 03:35.459,75 07:59.829,725, ,722,1,1,4,N, ,3,N, , , , , , , , ,2,2,0,0,0,0,0,0,0,0,0,0,0,0,0,0,0,0,0,0,0,0,0,0,0,0,0,0,0,0,0,0,0,0,0,0,0,40.0598,-75.1334, , 
56245,617019,2013125956,6,67,67301,2013,9,6,1751,17,4,1,0,8,1, , ,N,0,0,0,3,0,1,2,2,N, ,40 01:54.786,75 09:46.742,1810, ,1804,3,2,5, , ,0,Y, , , , , , , , ,1,1,0,0,0,0,0,0,0,0,0,0,1,1,0,0,0,0,0,0,0,0,0,0,0,0,0,0,0,0,0,0,1,0,0,8,0,40.0319,-75.163, , 
56246,617028,2014006306,6,67,67301,2013,12,2,1820,18,4,1,0,5,6, , ,N,0,0,0,3,0,1,1,3,N,N,39 59:59.724,75 07:41.775,1826, ,1825,3,2,2,N, ,0,Y, , , , , , , , ,3,3,0,0,0,0,0,0,0,0,0,0,1,1,0,0,0,0,0,0,0,0,0,0,0,0,0,0,0,0,0,0,0,0,0,8,0,39.9999,-75.1283, , 
56247,617029,2014006802,6,67,67301,2013,12,7,1034,10,1,1,0,4,1, , ,N,1,3,0,3,0,1,3,2,N,N,39 57:28.627,75 13:38.423,1048, ,1037, ,0, ,N, ,3, , , , , , , , , ,2,2,0,0,0,0,0,0,0,0,0,1,1,0,0,0,0,0,1,0,0,0,0,0,0,0,0,0,0,0,0,0,0,0,0,4,0,39.958,-75.2273, , 
56248,617030,2014009634,6,67,67301,2013,12,6,1940,19,3,2,1,4,1, , ,N,1,2,0,3,0,0,2,2,N,N,39 56:23.042,75 13:31.760,1942, ,1940, ,0, ,N, ,3, , , , , , , , , ,2,2,0,0,0,0,0,0,0,0,0,0,0,0,1,0,0,0,0,0,0,0,0,0,0,0,0,0,0,0,0,0,0,0,0,9,0,39.9397,-75.2255, , 
56249,617031,2014013161,6,67,67301,2013,12,2,9999,99,1,1,0,4,1, , ,N,1,2,0,3,0,1,3,2,N,Y,40 01:53.151,75 09:17.114,1630, ,1630, ,0, ,N, ,3, , , , , , , , , ,2,2,0,0,0,0,0,0,0,0,0,1,1,0,0,0,0,0,0,0,0,0,0,0,0,0,0,0,0,0,0,0,0,0,0,4,0,40.0314,-75.1548, , 
56250,617032,2014021539,6,67,67301,2013,12,5,1445,14,1,1,5,5,1, , ,N,1,2,0,3,0,0,2,3,N, ,39 58:33.326,75 14:24.968,1445, ,1445,1,2,6, , ,3,Y, , , , , , , , ,3,1,0,0,0,0,2,0,0,0,0,0,0,0,1,0,0,0,0,0,0,0,0,0,0,0,0,0,0,0,0,0,0,0,0,9,0,39.9759,-75.2403, , 
56251,617036,2013121391,6,67,67301,2013,10,7,225,2,3,1,0,5,1, , ,N,0,0,0,3,0,0,2,2,N,N,39 56:33.100,75 13:16.244,230, ,229, ,0, ,N, ,0, , , , , , , , , ,2,2,0,0,0,0,0,0,0,0,0,0,0,0,0,0,0,0,0,0,0,0,0,0,0,0,0,0,0,0,0,0,0,0,0,0,0,39.9425,-75.2212, , 
56252,617037,2013123044,6,67,67301,2013,11,7,2200,22,3,1,0,7,2, , ,N,5,0,0,3,0,1,2,1,N,N,39 58:17.174,75 14:30.451,2203, ,2203, ,0, ,N, ,0, , , , , , , , , ,1,1,0,0,0,0,0,0,0,0,0,1,1,0,0,0,0,0,0,0,0,0,0,2,0,0,0,0,0,0,0,0,0,0,0,4,0,39.9714,-75.2418, , 
56253,617071,2013107146,6,67,67301,2013,9,7,2300,23,3,1,0,7,4, , ,N,0,0,0,3,0,1,2,1,N, ,39 56:41.967,75 10:04.328,2308, ,2305, ,0, , , ,0, , , , , , , , , ,1,1,0,0,0,0,0,0,0,0,0,1,1,0,0,0,0,0,0,0,0,0,0,0,0,0,0,0,0,0,0,0,0,0,0,4,0,39.945,-75.1679, , 
56254,617083,2014009818,6,67,67301,2013,12,3,1755,17,3,8,1,6,6, , ,N,0,0,0,3,0,1,1,3,N,N,40 02:24.630,75 13:44.547,1951, ,1950, ,0, ,N, ,0, , , , , , , , , ,3,1,0,0,1,0,1,0,0,0,0,0,1,1,0,0,0,0,0,0,0,0,0,0,0,0,0,0,0,0,0,0,0,0,0,8,0,40.0402,-75.229, , 
56255,620124,2013104020,6,67,67301,2013,9,6,1900,19,1,1,0,8,1, , ,N,2,3,0,3,0,1,2,2,N,N,39 58:37.012,75 15:14.097,1928, ,1913, ,0, , , ,3, , , , , , , , , ,1,1,0,0,0,0,0,0,0,0,0,1,1,0,0,0,0,0,0,0,0,0,0,0,0,0,0,0,0,0,0,0,1,0,0,4,0,39.9769,-75.2539, , 
56256,620140,2014001094,6,67,67301,2013,12,6,1805,18,3,2,1,8,1, , ,N,0,0,0,3,0,1,2,2,N,N,39 53:23.762,75 10:32.980,1812, ,1807, ,0, ,N, ,0, , , , , , , , , ,1,1,0,0,0,0,0,0,0,0,1,0,1,0,0,0,0,0,0,0,0,0,0,0,0,0,0,0,0,0,0,0,1,0,0,3,0,39.8899,-75.1758, , 
56257,620143,2013101108,6,67,67301,2013,9,2,1510,15,1,1,0,4,1, , ,N,1,2,0,3,0,2,3,2,N,N,40 01:57.810,75 06:23.231,1533, ,1515,2,2,3,N, ,3,Y, , , , , , , , ,2,2,0,0,0,0,0,0,0,0,1,1,2,0,0,0,0,0,0,0,0,0,1,0,0,0,0,0,0,0,0,0,0,0,0,3,0,40.0329,-75.1067, , 
56258,620144,2013101241,6,67,67301,2013,9,3,1610,16,1,1,0,5,1, , ,N,0,0,0,3,0,2,4,2,N,N,40 00:37.348,75 10:44.260,1635, ,1630, ,0, , , ,0, , , , , , , , , ,2,2,0,0,0,0,0,0,0,0,0,2,2,0,0,0,0,0,1,0,1,0,0,1,0,0,0,0,0,0,0,0,0,0,0,4,0,40.0104,-75.179, , 
56259,620146,2013104389,6,67,67301,2013,9,5,1415,14,1,1,0,4,1, , ,N,1,2,0,3,0,0,2,2,N, ,39 57:17.373,75 13:04.418,9999, ,1908, ,0, , , ,3, , , , , , , , , ,2,2,0,0,0,0,0,0,0,0,0,0,0,0,0,0,0,0,0,0,1,0,0,0,0,0,0,0,0,0,0,0,0,0,0,0,0,39.9548,-75.2179, , 
56260,620148,2013106774,6,67,67301,2013,9,2,1430,14,1,1,0,5,1, , ,N,0,2,0,3,0,1,2,2,N,N,39 57:09.032,75 12:33.836,2310, ,2300, ,0, ,N, ,3, , , , , , , , , ,1,0,0,0,0,0,0,1,1,0,0,1,1,0,0,0,0,0,0,0,0,0,0,0,0,0,0,0,0,0,0,0,0,0,0,4,0,39.9525,-75.2094, , 
56261,620161,2013125868,6,67,67301,2013,10,4,1242,12,1,2,1,4,1, , ,N,1,3,0,3,0,1,3,2,N, ,39 57:34.894,75 13:43.795,1255, ,1249, ,0, , , ,3, , , , , , , , , ,2,2,0,0,0,0,0,0,0,0,0,0,1,1,0,0,0,0,0,0,1,0,0,0,0,0,0,0,0,0,0,0,0,0,0,8,0,39.9597,-75.2288, , 
56262,620164,2013130040,6,67,67301,2013,11,6,2208,22,3,1,0,4,1, , ,N,2,2,7,3,0,0,2,2,N,N,39 53:31.043,75 14:31.507,2218, ,2208,1,1,3,N, ,3,N, , , , , , , , ,2,0,0,0,0,0,1,1,0,0,0,0,0,0,0,0,0,0,0,0,1,0,0,0,0,0,0,0,0,0,0,0,0,0,0,0,0,39.8919,-75.2419, , 
56263,620172,2014005505,6,67,67301,2013,12,4,548,5,3,1,0,7,5, , ,N,0,0,0,3,0,1,1,1,N,N,39 57:36.515,75 10:48.208,555, ,549,1,1,4,N, ,0,N, , , , , , , , ,1,1,0,0,0,0,0,0,0,0,0,1,1,0,0,0,0,0,0,0,0,0,0,0,0,0,0,0,0,0,0,0,0,0,0,4,0,39.9601,-75.1801, , 
56264,620175,2014013171,6,67,67301,2013,12,3,1110,11,1,1,0,4,1, , ,N,1,3,0,3,0,1,2,2,N,N,40 00:13.316,75 04:48.305,1125, ,1120, ,0, , , ,3, , , , , , , , , ,2,0,1,0,1,0,0,0,0,0,0,1,1,0,0,0,0,0,0,0,0,0,0,0,0,0,0,0,0,0,0,0,0,0,0,4,0,40.0037,-75.0801, , 
56265,620177,2014114368,6,67,67301,2013,9,6,1500,15,1,1,0,1,1, , ,N,0,2,0,3,0,1,2,2,N,N,40 00:56.732,75 09:14.723,0, ,0, ,0, ,N, ,3, , , , , , , , , ,2,0,0,0,0,0,0,0,0,0,0,0,1,1,0,0,0,0,0,0,0,0,0,0,0,0,0,0,0,0,0,0,0,0,0,8,0,40.0158,-75.1541, , 
56266,620182,2013094979,6,67,67301,2013,9,2,1820,18,1,1,0,1,1, , ,N,2,0,0,3,0,0,2,2,N,N,40 03:08.758,75 07:14.861,1823, ,1820,2,1,4,N, ,0,N, , , , , , , , ,2,2,0,0,0,0,0,0,0,0,0,0,0,0,0,0,0,0,0,0,0,0,0,0,0,0,0,0,0,0,0,0,0,0,0,0,0,40.0524,-75.1208, , 
56267,620208,2013118942,6,67,67301,2013,11,3,1601,16,1,1,0,1,1, , ,N,0,0,0,3,0,1,3,2,N,N,39 59:22.446,75 05:14.192,1630, ,1623, ,0, ,N, ,0, , , , , , , , , ,2,2,0,0,0,0,0,0,0,0,0,1,1,0,0,0,0,0,0,0,0,0,0,0,0,0,0,0,0,0,0,0,0,0,0,4,0,39.9895,-75.0874, , 
56268,620212,2013122073,6,67,67301,2013,10,4,1140,11,1,2,1,7,2, , ,N,0,0,0,3,0,0,2,1,N,N,40 00:59.994,75 12:09.392,1147, ,1145, ,0, ,N, ,0, , , , , , , , , ,1,1,0,0,0,0,0,0,0,0,0,0,0,0,0,0,0,0,0,0,0,0,0,0,0,0,0,0,0,0,0,0,0,0,0,0,0,40.0167,-75.2026, , 
56269,620213,2013122077,6,67,67301,2013,10,3,2214,22,3,1,0,7,5, , ,N,1,2,0,3,0,2,3,2,N,N,40 02:25.798,75 03:31.964,2222, ,2217, ,0, ,N, ,3, , , , , , , , , ,1,1,0,0,0,0,0,0,0,0,0,2,2,0,0,0,0,0,0,0,0,0,0,0,0,0,0,0,0,0,0,0,0,0,0,4,0,40.0405,-75.0589, , 
56270,620217,2013128379,6,67,67301,2013,12,1,1543,15,1,4,1,1,1, , ,N,0,0,0,3,0,1,4,2,N,N,39 59:43.691,75 11:51.042,1600, ,1546, ,0, ,N, ,0, , , , , , , , , ,2,0,0,0,0,0,2,0,0,0,0,0,1,1,0,0,0,0,0,0,1,0,0,0,0,0,0,0,0,0,0,0,0,0,0,8,0,39.9955,-75.1975, , 
56271,620223,2013130098,6,67,67301,2013,11,4,1353,13,1,1,0,8,1, , ,N,1,2,0,3,0,1,2,2,N,N,39 59:42.556,75 06:44.112,1437, ,1407, ,0, ,N, ,3, , , , , , , , , ,1,1,0,0,0,0,0,0,0,0,0,1,1,0,0,0,0,0,0,0,0,0,0,0,0,0,0,0,0,0,0,0,1,0,0,4,0,39.9952,-75.1123, , 
56272,620254,2014006919,6,67,67301,2013,12,2,2001,20,3,2,1,1,1, , ,N,0,0,0,3,0,1,2,2,N, ,39 57:39.234,75 08:36.460,2030, ,2025, ,0, , , ,0, , , , , , , , , ,2,1,0,0,0,0,1,0,0,0,0,1,1,0,0,0,0,0,0,0,2,0,0,0,0,0,0,0,0,0,0,0,0,0,0,4,0,39.9609,-75.1435, , 
56273,620257,2013124628,6,67,67301,2013,10,3,825,8,1,1,0,7,2, , ,N,0,0,0,3,0,0,2,1,Y,N,40 05:31.117,74 58:34.525,848, ,835, ,0, , , ,0, , , , , , , , , ,1,0,0,0,0,0,0,1,0,0,0,0,0,0,0,0,0,0,0,0,0,0,0,0,0,0,0,0,0,0,0,0,0,0,0,0,0,40.092,-74.9763, , 
56274,623255,2013125999,6,67,67301,2013,11,1,845,8,1,1,0,1,1, , ,N,1,3,0,3,0,2,5,2,N, ,40 01:16.060,75 09:07.019,900, ,854, ,0, , , ,3, , , , , , , , , ,2,1,0,0,0,0,1,0,0,0,0,2,2,0,0,0,0,0,0,0,0,0,1,0,0,0,0,0,0,0,0,0,0,0,0,4,0,40.0211,-75.1519, , 
56275,623278,2013101004,6,67,67301,2013,9,6,1750,17,1,1,0,5,1, , ,N,1,2,0,3,0,1,2,2,N,N,39 57:34.106,75 13:59.495,1805, ,1803, ,0, , , ,3, , , , , , , , , ,2,1,1,0,0,0,0,0,0,0,0,0,1,1,0,0,0,0,0,0,0,0,0,0,0,0,0,0,0,0,0,0,0,0,0,8,0,39.9595,-75.2332, , 
56276,623282,2013109437,6,67,67301,2013,10,6,1255,12,1,1,0,1,1, , ,N,0,0,0,3,0,1,6,3,N,N,39 55:49.562,75 10:06.317,1300, ,1258, ,0, ,N, ,0, , , , , , , , , ,3,3,0,0,0,0,0,0,0,0,0,0,1,1,0,0,0,0,0,2,1,0,0,0,0,0,0,0,0,0,0,0,0,0,0,8,0,39.9305,-75.1684, , 
56277,623312,2013106393,6,67,67301,2013,10,5,1941,19,3,1,0,1,1, , ,N,0,0,0,3,0,1,3,3,N,N,40 00:26.730,75 12:00.492,1957, ,1945, ,0, ,N, ,0, , , , , , , , , ,3,3,0,0,0,0,0,0,0,0,0,0,1,1,1,0,0,0,0,0,1,1,0,0,0,0,0,0,0,0,0,0,0,0,0,8,0,40.0074,-75.2001, , 
56278,623319,2013121510,6,67,67301,2013,10,3,1830,18,4,1,0,5,2, , ,N,0,0,0,3,0,1,2,2,N,N,39 57:00.140,75 09:26.439,1321, ,1242, ,0, ,N, ,0, , , , , , , , , ,1,1,0,0,0,0,0,0,1,0,0,1,1,0,0,0,0,0,0,0,0,0,0,0,0,0,0,0,0,0,0,0,0,0,0,4,0,39.95,-75.1573, , 
56279,623322,2013124822,6,67,67301,2013,11,4,118,1,3,2,1,7,4, , ,N,0,0,0,3,0,0,1,1,N,N,39 55:54.150,75 11:58.816,138, ,121, ,0, ,N, ,0, , , , , , , , , ,1,1,0,0,0,0,0,0,0,0,0,0,0,0,0,0,0,0,0,0,0,0,0,0,0,0,0,0,0,0,0,0,0,0,0,0,0,39.9317,-75.1997, , 
56280,623336,2013106602,6,67,67301,2013,9,3,1758,17,1,1,0,4,1, , ,N,1,2,0,3,0,1,2,2,N,N,39 58:08.310,75 13:01.329,1803, ,1800, ,0, ,N, ,3, , , , , , , , , ,1,1,0,0,0,0,0,0,1,0,0,0,1,1,0,0,0,0,0,0,0,0,0,0,0,0,0,0,0,0,0,0,0,0,0,8,0,39.969,-75.217, , 
56281,623365,2014006827,6,67,67301,2013,12,7,2330,23,3,1,1,7,4, , ,N,0,0,0,3,0,0,1,1,N,N,40 07:14.069,75 01:01.385,2338, ,2333, ,0, ,N, ,0, , , , , , , , , ,1,1,0,0,0,0,0,0,0,0,0,0,0,0,1,0,0,0,0,0,0,0,0,0,0,0,0,0,0,0,0,0,0,0,0,9,0,40.1206,-75.0171, , 
56282,623374,2013079436,6,67,67301,2013,6,6,1651,16,1,1,0,4,1, , ,N,2,3,0,3,0,1,2,2,N, ,40 00:51.822,75 06:19.591,1705, ,1651, ,0, , , ,3, , , , , , , , , ,1,0,0,0,0,0,1,0,1,0,0,1,1,0,0,0,0,0,0,0,0,1,0,1,0,0,0,0,0,0,0,0,0,0,0,4,0,40.0144,-75.1054, , 
56283,623410,2013122909,6,67,67301,2013,10,3,1354,13,1,1,0,4,1, , ,N,0,0,7,3,0,2,3,2,N,N,40 04:05.226,75 01:46.595,1402, ,1355, ,0, ,N, ,0, , , , , , , , , ,2,1,0,0,0,0,0,1,0,0,0,2,2,0,0,0,0,0,0,0,1,0,0,0,0,0,0,0,0,0,0,0,0,0,0,4,0,40.0681,-75.0296, , 
56284,623433,2014009686,6,67,67301,2013,12,6,1521,15,1,2,1,7,4, , ,N,0,0,0,3,0,1,2,2,N,N,40 01:39.398,75 11:30.986,1550, ,1545,1,1,2,N, ,0,N, , , , , , , , ,2,1,0,0,0,0,0,1,0,0,0,1,1,0,0,0,0,0,0,0,1,0,0,0,0,0,0,0,0,0,0,0,0,0,0,4,0,40.0276,-75.1919, , 
56285,623434,2014013552,6,67,67301,2013,12,3,1712,17,3,1,1,1,1, , ,N,0,0,0,3,0,1,2,2,N,N,40 06:01.625,75 01:20.768,1730, ,1727,1,2,3,N, ,0,N, , , , , , , , ,2,1,0,0,0,0,1,0,0,0,0,0,1,1,0,0,0,0,0,0,0,0,0,1,0,0,0,0,0,0,0,0,0,0,0,8,0,40.1005,-75.0224, , 
56286,623451,2013126001,6,67,67301,2013,4,5,1518,15,1,1,0,8,1, , ,N,1,3,0,3,0,1,2,2,Y,N,40 01:17.796,75 03:27.122,1534, ,1527,2,1,3,N, ,3,Y, , , , , , , , ,1,0,0,1,0,0,0,0,0,0,1,0,1,0,0,0,0,0,0,0,0,1,0,0,0,0,0,0,0,0,0,0,1,0,0,3,1,40.0216,-75.0575, , 
56287,623461,2014002791,6,67,67301,2013,11,1,3,0,3,1,1,5,1, , ,N,0,0,7,3,0,0,2,2,N,N,40 04:40.524,75 01:23.802,10, ,3, ,0, ,N, ,0, , , , , , , , , ,2,2,0,0,0,0,0,0,0,0,0,0,0,0,1,0,0,0,0,0,0,0,0,1,0,0,0,0,0,0,0,0,0,0,0,9,0,40.0779,-75.0233, , 
56288,623464,2013123063,6,67,67301,2013,11,1,9999,99,1,1,0,4,1, , ,N,1,2,0,3,0,2,2,2,N,N,39 58:02.378,75 14:44.992,1043, ,1032, ,0, ,N, ,3, , , , , , , , , ,2,2,0,0,0,0,0,0,0,0,0,0,2,2,0,0,0,0,0,0,0,0,1,0,0,0,0,0,0,0,0,0,0,0,0,8,0,39.9673,-75.2457, , 
56289,623478,2014015025,6,67,67301,2013,10,6,2145,21,6,1,0,5,1, , ,N,1,3,0,3,0,2,3,2,N,N,39 55:40.256,75 10:37.527,0, ,0, ,0, ,N, ,3, , , , , , , , , ,2,2,0,0,0,0,0,0,0,0,1,0,2,1,1,0,0,0,0,0,0,0,0,0,0,0,0,0,0,0,0,0,0,0,0,3,0,39.9278,-75.1771, , 
56290,623485,2014013090,6,67,67301,2013,12,7,1227,12,1,1,0,8,1, , ,N,1,2,0,3,0,2,3,3,N,N,39 58:27.310,75 13:34.898,1233, ,1228, ,0, ,N, ,3, , , , , , , , , ,1,0,0,0,1,0,0,0,0,0,0,0,2,2,0,0,0,0,0,0,0,0,0,0,0,0,0,0,0,0,0,0,2,0,0,8,0,39.9743,-75.2264, , 
56291,623486,2014015989,6,67,67301,2013,10,2,300,3,6,1,0,1,1, , ,N,0,0,0,3,0,2,3,2,N,N,39 55:15.117,75 13:56.018,0, ,0, ,0, ,N, ,0, , , , , , , , , ,2,0,0,0,0,0,2,0,0,0,0,0,2,2,1,0,0,0,0,0,0,0,0,0,0,0,0,0,0,0,0,0,0,0,0,8,0,39.9209,-75.2322, , 
56292,626678,2013115355,6,67,67301,2013,10,7,2203,22,3,8,1,7,4, , ,N,0,0,0,3,2,0,2,1,N,N,40 02:07.536,75 00:50.969,2205, ,2204,3,2,5,N,0,0,Y, , , , , , , , ,1,0,1,0,0,0,0,0,0,0,0,0,0,0,0,0,0,0,0,0,0,0,0,0,0,0,0,0,2,0,0,0,0,0,0,1,0,40.0354,-75.0142,2, 
56293,626698,2013121365,6,67,67301,2013,10,5,9999,99,3,1,0,1,1, , ,N,0,0,0,3,0,0,1,2,N,N,39 55:23.265,75 10:11.578,9999, ,1257, ,0, ,N, ,0, , , , , , , , , ,2,1,0,0,1,0,0,0,0,0,0,0,0,0,0,0,0,0,0,0,0,0,0,0,0,0,0,0,0,0,0,0,0,0,0,0,0,39.9231,-75.1699, , 
56294,626705,2013129507,6,67,67301,2013,11,6,857,8,1,2,1,8,1, , ,N,2,2,0,3,0,1,2,2,N,N,39 56:59.449,75 09:43.045,905, ,857, ,0, ,N, ,3, , , , , , , , , ,1,1,0,0,0,0,0,0,0,0,0,1,1,0,0,0,0,0,0,0,0,0,0,0,0,0,0,0,0,0,0,0,1,0,0,4,0,39.9498,-75.162, , 
56295,626736,2014009720,6,67,67301,2013,12,6,2025,20,3,2,1,5,1, , ,N,6,0,2,3,0,1,2,2,N,N,40 00:51.962,75 12:22.049,2040, ,2025,1,2,1,Y, ,0,Y, , , , , , , , ,2,0,0,0,0,0,2,0,0,0,0,1,1,0,1,0,0,0,1,0,0,0,0,0,0,0,0,0,0,0,0,0,0,0,0,4,0,40.0138,-75.2057, , 
56296,626737,2014024363,6,67,67301,2013,11,6,1900,19,3,1,0,8,1, , ,N,1,2,0,3,0,1,2,2,N, ,40 01:39.188,75 08:49.702,1930, ,1900, ,0, , , ,3, , , , , , , , , ,1,0,0,0,0,0,1,0,0,0,0,1,1,0,0,0,0,0,0,0,0,0,0,1,0,0,0,0,0,0,0,0,1,0,0,4,0,40.0276,-75.1471, , 