objectid_1,objectid,crn,district,county,municipality,crash_year,crash_month,day_of_week,time_of_day,hour_of_day,illumination,weather,road_condition,collision_type,relation_to_road,work_zone_type,work_zone_loc,work_zone_ind,intersect_type,tcd_type,location_type,urban_rural,fatal_count,injury_count,person_count,total_units,sch_bus_ind,sch_zone_ind,latitude,longitude,arrival_tm,cons_zone_spd_lim,dispatch_tm,est_hrs_closed,lane_closed,ln_close_dir,ntfy_hiwy_maint,spec_juris_cd,tcd_func_cd,tfc_detour_ind,workers_pres,wz_close_detour,wz_flagger,wz_law_offcr_ind,wz_ln_closure,wz_moving,wz_other,wz_shlder_mdn,vehicle_count,automobile_count,motorcycle_count,bus_count,small_truck_count,heavy_truck_count,suv_count,van_count,bicycle_count,maj_inj_count,mod_inj_count,min_inj_count,tot_inj_count,unk_inj_deg_count,unk_inj_per_count,driver_count_16yr,driver_count_17yr,driver_count_18yr,driver_count_19yr,driver_count_20yr,driver_count_50_64yr,driver_count_65_74yr,driver_count_75plus,unbelted_occ_count,unb_death_count,unb_maj_inj_count,belted_death_count,belted_maj_inj_count,mcycle_death_count,mcycle_maj_inj_count,bicycle_death_count,bicycle_maj_inj_count,ped_count,ped_death_count,ped_maj_inj_count,max_severity_level,comm_veh_count,dec_lat,dec_long,rdwy_surf_type_cd,county_name
56499,623892,2013122988,6,67,67301,2013,11,6,545,5,3,2,1,4,1, , ,N,2,2,7,3,0,0,3,2,N, ,40 06:43.188,74 59:26.030,645, ,630,2,1,1, , ,3,N, , , , , , , , ,2,0,0,0,0,0,1,1,0,0,0,0,0,0,0,0,0,0,0,0,1,0,0,0,0,0,0,0,0,0,0,0,0,0,0,0,0,40.112,-74.9905, , 
56500,623931,2014009791,6,67,67301,2013,12,7,1735,17,3,1,0,8,1, , ,N,0,0,0,3,0,1,3,2,N,N,40 00:02.239,75 10:00.129,1738, ,1737,1,2,6, , ,0,Y, , , , , , , , ,1,0,0,0,0,0,1,0,0,0,0,1,1,0,0,0,0,0,0,0,1,0,0,0,0,0,0,0,0,0,0,0,1,0,0,4,0,40.0006,-75.1667, , 
56501,623932,2014009833,6,67,67301,2013,12,2,1410,14,1,2,1,4,1, , ,N,2,0,0,3,0,2,4,2,N,N,39 55:32.406,75 10:46.974,1415, ,1414,1,1,3, , ,0,N, , , , , , , , ,2,1,0,0,1,0,0,0,0,0,0,2,2,0,0,0,0,0,0,0,0,0,0,0,0,0,0,0,0,0,0,0,0,0,0,4,0,39.9257,-75.1797, , 
56502,623944,2013121349,6,67,67301,2013,10,4,950,9,1,2,1,7,5, , ,N,0,0,0,3,0,1,2,1,N, ,40 00:53.145,75 09:11.697,1000, ,953, ,0, , , ,0, , , , , , , , , ,1,0,0,0,0,0,0,1,0,0,0,0,1,1,0,0,0,0,0,0,1,0,0,0,0,0,0,0,0,0,0,0,0,0,0,8,0,40.0148,-75.1532, , 
56503,623958,2014000969,6,67,67301,2013,12,4,1835,18,3,1,0,4,1, , ,N,1,2,0,3,0,2,3,2,N,Y,40 02:11.789,75 03:52.061,1843, ,1835,1,1,1,Y, ,3,N, , , , , , , , ,2,2,0,0,0,0,0,0,0,0,0,2,2,0,0,0,0,0,0,0,0,0,0,0,0,0,0,0,0,0,0,0,0,0,0,4,0,40.0366,-75.0645, , 
56504,623960,2014015474,6,67,67301,2013,10,1,2030,20,3,9,0,4,1, , ,N,2,2,0,3,0,1,3,2,N,N,39 55:06.128,75 10:58.043,0, ,0, ,0, ,N, ,3, , , , , , , , , ,2,0,0,0,2,0,0,0,0,0,0,0,1,1,2,0,0,0,0,0,1,0,0,0,0,0,0,0,0,0,0,0,0,0,0,8,0,39.9184,-75.1828, , 
56505,624000,2013129449,6,67,67301,2013,11,4,939,9,1,1,0,1,1, , ,N,0,0,0,3,0,0,2,2,N,N,40 01:10.772,75 08:52.164,955, ,936,2,1,4,N, ,0,N, , , , , , , , ,2,2,0,0,0,0,0,0,0,0,0,0,0,0,0,0,0,0,0,0,1,0,0,0,0,0,0,0,0,0,0,0,0,0,0,0,0,40.0197,-75.1478, , 
56506,624009,2014006820,6,67,67301,2013,12,4,1200,12,1,4,1,7,4, , ,N,0,0,0,3,0,1,1,2,N,N,40 01:42.973,75 11:25.724,1210, ,1205, ,0, ,N, ,0, , , , , , , , , ,1,1,0,0,0,0,0,0,0,0,0,1,1,0,0,0,0,0,0,0,1,0,0,0,0,0,0,0,0,0,0,0,0,0,0,4,0,40.0286,-75.1905, , 
56507,624032,2013111730,6,67,67301,2013,10,7,20,0,3,1,0,7,5, , ,N,0,0,0,3,0,1,1,1,N,N,40 01:04.149,75 12:40.920,30, ,1025, ,0, ,N, ,0, , , , , , , , , ,1,1,0,0,0,0,0,0,0,0,0,1,1,0,0,0,0,0,0,0,0,0,0,0,0,0,0,0,0,0,0,0,0,0,0,4,0,40.0179,-75.2114, , 
56508,624048,2013124659,6,67,67301,2013,10,5,1805,18,3,1,0,2,1, , ,N,1,2,0,3,0,2,3,3,N,N,40 04:01.164,75 09:22.593,1812, ,1810, ,0, , , ,3, , , , , , , , , ,3,3,0,0,0,0,0,0,0,0,0,0,2,2,0,0,0,0,0,0,0,0,0,0,0,0,0,0,0,0,0,0,0,0,0,8,0,40.067,-75.1563, , 
56509,624085,2014001130,6,67,67301,2013,12,4,1611,16,3,1,0,8,1, , ,N,1,2,0,3,0,1,2,2,N,N,39 58:23.685,75 12:43.721,1620, ,1615, ,0, , , ,3, , , , , , , , , ,1,1,0,0,0,0,0,0,0,0,0,0,1,1,0,0,0,0,0,0,0,0,0,0,0,0,0,0,0,0,0,0,1,0,0,8,0,39.9732,-75.2121, , 
56510,624086,2014006832,6,67,67301,2013,12,2,1546,15,1,2,1,4,1, , ,N,1,2,0,3,0,0,4,2,N,N,40 03:08.206,75 09:05.993,1604, ,1600, ,0, ,N, ,3, , , , , , , , , ,2,2,0,0,0,0,0,0,0,0,0,0,0,0,2,0,0,0,0,0,1,1,0,1,0,0,0,0,0,0,0,0,0,0,0,9,0,40.0523,-75.1516, , 
56511,627317,2013119880,6,67,67301,2013,10,5,930,9,1,1,0,7,5, , ,N,0,0,0,3,0,1,1,1,N,N,40 00:05.289,75 04:53.898,1110, ,1106, ,0, ,Y, ,0, , , , , , , , , ,1,0,0,0,0,0,1,0,0,0,1,0,1,0,0,0,0,0,0,0,1,0,0,0,0,0,0,0,0,0,0,0,0,0,0,3,0,40.0015,-75.0816, , 
56512,627347,2013111835,6,67,67301,2013,10,2,900,9,1,2,1,7,2, , ,N,0,0,3,3,0,0,6,3,N,N,39 58:24.820,75 11:40.606,930, ,900, ,0, ,N, ,0, , , , , , , , , ,3,2,0,0,0,0,1,0,0,0,0,0,0,0,0,0,0,0,0,0,1,0,0,0,0,0,0,0,0,0,0,0,0,0,0,0,0,39.9736,-75.1946, , 
56513,627356,2013118934,6,67,67301,2013,11,4,1455,14,1,1,0,1,1, , ,N,0,0,0,3,0,2,3,3,N,N,39 56:38.200,75 11:31.417,1500, ,1455,2,2,4,N, ,0,N, , , , , , , , ,3,3,0,0,0,0,0,0,0,1,0,0,2,1,1,0,0,0,0,0,0,0,0,0,0,0,0,1,0,0,0,0,0,0,0,2,0,39.9429,-75.193, , 
56514,627357,2013119468,6,67,67301,2013,11,4,1445,14,1,1,0,1,1, , ,N,0,0,0,3,0,0,2,2,N,N,40 00:18.503,75 04:33.074,1519, ,1459, ,0, ,N, ,0, , , , , , , , , ,2,1,0,0,1,0,0,0,0,0,0,0,0,0,0,0,0,0,0,0,1,0,0,0,0,0,0,0,0,0,0,0,0,0,0,0,0,40.0051,-75.0759, , 
56515,627377,2014001128,6,67,67301,2013,12,6,9999,99,3,2,1,2,1, , ,N,0,0,0,3,0,3,4,2,N,N,39 59:51.132,75 05:21.023,1945, ,1931, ,0, ,N, ,0, , , , , , , , , ,2,2,0,0,0,0,0,0,0,0,0,2,3,1,0,0,0,0,0,0,0,0,0,0,0,0,0,0,0,0,0,0,0,0,0,4,0,39.9975,-75.0892, , 
56516,627389,2013123007,6,67,67301,2013,11,4,1750,17,3,1,0,8,1, , ,N,5,2,0,3,0,1,2,2,N,N,40 01:22.061,75 09:32.460,1803, ,800, ,0, ,N, ,3, , , , , , , , , ,1,1,0,0,0,0,0,0,0,0,0,1,1,0,0,0,0,0,0,0,0,0,0,0,0,0,0,0,0,0,0,0,1,0,0,4,0,40.0228,-75.159, , 
56517,627405,2014006810,6,67,67301,2013,12,7,120,1,3,2,1,6,6, , ,N,0,0,0,3,0,0,2,2,N,N,40 02:42.892,75 09:07.419,145, ,143, ,0, ,N, ,0, , , , , , , , , ,2,2,0,0,0,0,0,0,0,0,0,0,0,0,0,0,0,0,0,0,0,0,0,0,0,0,0,0,0,0,0,0,0,0,0,0,0,40.0452,-75.1521, , 
56518,627406,2014009709,6,67,67301,2013,12,7,713,7,1,8,1,7,2, , ,N,0,0,0,3,0,0,1,1,N,N,40 03:31.027,75 11:48.399,740, ,729, ,0, ,N, ,0, , , , , , , , , ,1,1,0,0,0,0,0,0,0,0,0,0,0,0,0,0,0,0,0,0,0,0,0,0,0,0,0,0,0,0,0,0,0,0,0,0,0,40.0586,-75.1968, , 
56519,627412,2013104017,6,67,67301,2013,9,5,1727,17,1,1,0,4,1, , ,N,1,3,0,3,0,1,2,2,N, ,39 56:03.991,75 09:43.516,1732, ,1727, ,0, , , ,3, , , , , , , , , ,1,0,0,0,1,0,0,0,1,0,0,1,1,0,0,0,0,0,0,0,0,0,0,0,0,0,0,0,0,0,0,0,0,0,0,4,0,39.9344,-75.1621, , 
56520,627416,2013109431,6,67,67301,2013,10,5,1025,10,1,1,0,5,1, , ,N,0,0,0,3,0,1,2,2,N,N,39 57:22.816,75 11:11.976,1026, ,1025,2,1,4, , ,0,N, , , , , , , , ,2,0,1,0,0,0,1,0,0,0,0,1,1,0,0,0,0,0,0,0,0,0,0,0,0,0,0,0,0,0,0,0,0,0,0,4,0,39.9563,-75.1867, , 
56521,627420,2013111785,6,67,67301,2013,10,2,1930,19,3,9,1,8,1, , ,N,1,2,0,3,0,1,2,2,N,N,39 56:39.836,75 10:43.474,1145, ,1117, ,0, ,N, ,3, , , , , , , , , ,1,0,0,0,0,0,1,0,0,0,0,1,1,0,1,0,0,0,0,0,0,0,0,0,0,0,0,0,0,0,0,0,1,0,0,4,0,39.9444,-75.1787, , 
56522,627427,2013124811,6,67,67301,2013,10,3,722,7,1,1,0,7,5, , ,N,0,0,0,3,0,0,1,1,N,N,39 55:54.104,75 11:59.361,729, ,724, ,0, ,N, ,0, , , , , , , , , ,1,1,0,0,0,0,0,0,0,0,0,0,0,0,0,0,0,0,0,0,0,0,0,0,0,0,0,0,0,0,0,0,0,0,0,0,0,39.9317,-75.1998, , 
56523,627434,2014002812,6,67,67301,2013,11,1,230,2,3,1,0,1,6, , ,N,0,0,0,3,0,0,1,2,N,N,39 56:54.758,75 09:28.054,240, ,235, ,0, ,N, ,0, , , , , , , , , ,2,2,0,0,0,0,0,0,0,0,0,0,0,0,1,0,0,0,0,0,0,0,0,0,0,0,0,0,0,0,0,0,0,0,0,9,0,39.9485,-75.1578, , 
56524,627435,2014003336,6,67,67301,2013,12,4,1530,15,1,1,0,4,1, , ,N,1,2,0,3,0,2,5,2,N, ,39 57:16.308,75 08:58.375,1550, ,1550, ,0, , , ,3, , , , , , , , , ,2,2,0,0,0,0,0,0,0,0,1,0,2,1,0,0,0,0,0,0,0,0,0,0,0,0,0,0,0,0,0,0,0,0,0,3,0,39.9547,-75.1495, , 
56525,627439,2013055323,6,67,67301,2013,5,5,120,1,2,1,0,7,5, , ,N,0,0,0,3,0,3,3,1,N,N,39 58:56.990,75 13:31.110,136, ,132, ,0, ,N, ,0, , , , , , , , , ,1,1,0,0,0,0,0,0,0,0,0,3,3,0,0,0,0,0,0,0,1,0,0,0,0,0,0,0,0,0,0,0,0,0,0,4,0,39.9825,-75.2253, , 
56526,627440,2013055553,6,67,67301,2013,5,4,1250,12,1,1,0,4,1, , ,N,0,0,0,3,0,2,2,2,N,N,39 55:42.768,75 14:09.354,1254, ,1251, ,0, , , ,0, , , , , , , , , ,2,2,0,0,0,0,0,0,0,0,1,1,2,0,0,0,0,0,0,0,0,0,0,0,0,0,0,0,0,0,0,0,0,0,0,3,0,39.9285,-75.2359, , 
56527,627449,2013065297,6,67,67301,2013,5,2,715,7,1,2,1,4,1, , ,N,0,0,7,3,0,1,2,2,N,N,39 56:48.574,75 14:53.271,9999, ,722, ,0, ,N, ,0, , , , , , , , , ,2,2,0,0,0,0,0,0,0,0,0,1,1,0,0,0,0,0,0,0,0,0,0,0,0,0,0,0,0,0,0,0,0,0,0,4,0,39.9468,-75.2481, , 
56528,627499,2014000980,6,67,67301,2013,12,3,945,9,1,1,0,4,1, , ,N,2,3,7,3,0,1,3,2,N, ,39 54:37.713,75 10:57.197,950, ,948, ,0, , , ,3, , , , , , , , , ,2,1,0,0,0,0,1,0,0,0,0,1,1,0,0,0,0,0,0,0,1,0,0,0,0,0,0,0,0,0,0,0,0,0,0,4,0,39.9105,-75.1826, , 
56529,627500,2014001043,6,67,67301,2013,12,5,1300,13,1,5,1,4,1, , ,N,1,2,0,3,0,0,2,2,N, ,39 55:05.239,75 10:51.193,1310, ,1300, ,0, , , ,3, , , , , , , , , ,2,1,0,0,0,0,1,0,0,0,0,0,0,0,0,0,0,0,0,0,0,0,0,1,0,0,0,0,0,0,0,0,0,0,0,0,0,39.9181,-75.1809, , 
56530,617755,2014016055,6,67,67301,2013,10,4,130,1,6,9,1,1,1, , ,N,2,3,0,3,0,1,2,2,N,N,40 05:25.231,75 03:39.293,0, ,0, ,0, ,N, ,3, , , , , , , , , ,2,0,0,0,2,0,0,0,0,0,0,0,1,1,1,0,0,0,0,0,0,1,0,0,0,0,0,0,0,0,0,0,0,0,0,8,0,40.0903,-75.0609, , 
56531,617792,2013107141,6,67,67301,2013,9,2,1251,12,1,1,0,4,1, , ,N,1,2,0,3,0,1,4,3,N,N,40 00:31.034,75 04:07.810,1256, ,1253,2,1,4,N, ,3,N, , , , , , , , ,3,1,0,0,2,0,0,0,0,0,0,1,1,0,0,0,0,0,1,0,0,1,1,1,0,0,0,0,0,0,0,0,0,0,0,4,0,40.0086,-75.0688, , 
56532,617799,2013114482,6,67,67301,2013,10,1,155,1,3,1,0,4,1, , ,N,1,2,0,3,0,5,7,3,N,N,39 57:11.367,75 09:11.303,208, ,206,2,2,4, , ,3,Y, , , , , , , , ,3,2,0,1,0,0,0,0,0,0,0,4,5,1,0,0,0,0,0,0,1,0,0,0,0,0,0,0,0,0,0,0,0,0,0,4,1,39.9532,-75.1531, , 
56533,617829,2014010351,6,67,67301,2013,12,3,2145,21,3,1,0,4,1, , ,N,1,3,0,3,0,1,2,2,N,N,39 56:38.871,75 10:49.889,200, ,150, ,0, ,N, ,3, , , , , , , , , ,1,0,0,0,1,0,0,0,1,0,1,0,1,0,0,0,0,0,0,0,0,0,0,0,0,0,0,0,0,0,0,0,0,0,0,3,0,39.9441,-75.1805, , 
56534,617838,2013093145,6,67,67301,2013,8,4,538,5,1,1,0,8,1, , ,N,2,2,0,3,0,2,2,2,N, ,39 56:05.393,75 08:33.250,608, ,552, ,0, , , ,3, , , , , , , , , ,1,0,0,0,1,0,0,0,0,1,0,1,2,0,0,0,0,0,0,0,0,0,0,0,0,0,0,0,0,0,0,0,1,0,1,2,0,39.9348,-75.1426, , 
56535,617843,2013095318,6,67,67301,2013,9,1,955,9,1,1,0,1,1, , ,N,0,0,0,3,0,1,3,3,N,N,39 58:43.540,75 12:11.399,1005, ,1000,1,1,3,N, ,0,N, , , , , , , , ,3,2,0,0,0,0,1,0,0,0,0,1,1,0,0,0,0,0,0,0,1,0,0,0,0,0,0,0,0,0,0,0,0,0,0,4,0,39.9788,-75.2032, , 
56536,617844,2013096121,6,67,67301,2013,8,6,1830,18,1,1,0,4,1, , ,N,2,0,0,3,0,1,2,2,N, ,40 03:48.848,75 01:27.379,2105, ,2059, ,0, , , ,0, , , , , , , , , ,1,0,0,0,1,0,0,0,1,0,1,0,1,0,0,0,0,0,0,0,0,0,0,0,0,0,0,0,0,0,0,0,0,0,0,3,0,40.0636,-75.0243, , 
56537,617852,2013103946,6,67,67301,2013,9,4,759,7,1,1,0,4,2, , ,N,2,3,0,3,0,2,5,2,N,N,40 01:29.818,75 09:35.589,830, ,827, ,0, ,N, ,3, , , , , , , , , ,2,0,0,0,0,0,2,0,0,0,0,0,2,2,0,0,0,0,0,0,0,0,0,4,0,0,0,0,0,0,0,0,0,0,0,8,0,40.0249,-75.1599, , 
56538,617855,2013105975,6,67,67301,2013,9,6,210,2,3,1,0,7,4, , ,N,0,0,0,3,0,1,2,1,N,N,39 55:51.022,75 11:56.510,222, ,212,1,1,3,N, ,0,N, , , , , , , , ,1,0,0,0,0,0,1,0,0,0,0,1,1,0,0,0,0,0,0,0,0,0,0,2,0,0,0,0,0,0,0,0,0,0,0,4,0,39.9308,-75.199, , 
56539,617857,2013106617,6,67,67301,2013,9,7,2155,21,6,2,1,4,1, , ,N,2,0,0,3,0,0,6,2,N,N,40 02:11.673,75 11:53.559,2155, ,2156, ,0, ,N, ,0, , , , , , , , , ,2,2,0,0,0,0,0,0,0,0,0,0,0,0,0,1,0,0,0,0,0,0,0,0,0,0,0,0,0,0,0,0,0,0,0,0,0,40.0366,-75.1982, , 
56540,617873,2013122462,6,67,67301,2013,10,3,1635,16,1,1,0,8,1, , ,N,0,0,0,3,0,1,2,2,N,N,40 00:54.720,75 04:21.835,1645, ,1637, ,0, , , ,0, , , , , , , , , ,1,1,0,0,0,0,0,0,0,0,0,1,1,0,0,0,0,0,0,0,1,0,0,0,0,0,0,0,0,0,0,0,1,0,0,4,0,40.0152,-75.0727, , 
56541,617874,2013125968,6,67,67301,2013,11,5,745,7,1,1,0,8,1, , ,N,1,2,0,3,0,1,2,2,N,N,39 57:07.661,75 09:41.216,752, ,750, ,0, ,N, ,3, , , , , , , , , ,1,1,0,0,0,0,0,0,0,0,0,0,1,1,0,0,0,0,0,0,1,0,0,0,0,0,0,0,0,0,0,0,1,0,0,8,0,39.9521,-75.1615, , 
56542,617876,2013129414,6,67,67301,2013,11,4,2100,21,3,1,0,4,1, , ,N,1,3,0,3,0,0,2,2,N,N,39 59:46.806,75 08:54.837,2257, ,2259,3,1,1,Y, ,3,N, , , , , , , , ,2,1,0,0,0,0,1,0,0,0,0,0,0,0,0,0,0,0,0,0,0,0,0,0,0,0,0,0,0,0,0,0,0,0,0,0,0,39.9963,-75.1486, , 
56543,617884,2013065314,6,67,67301,2013,5,5,9999,99,1,1,0,4,1, , ,N,1,2,0,3,0,2,3,3,N,N,40 00:16.936,75 09:08.069,1345, ,1345, ,0, ,N, ,3, , , , , , , , , ,2,1,0,0,1,0,0,0,0,0,0,2,2,0,1,0,0,0,0,0,0,1,0,0,0,0,0,0,0,0,0,0,1,0,0,4,0,40.0047,-75.1521, , 
56544,617886,2013070451,6,67,67301,2013,6,1,1530,15,1,2,1,8,1, , ,N,2,0,0,3,0,1,2,2,N,N,39 59:53.728,75 06:22.827,1622, ,1619, ,0, ,N, ,0, , , , , , , , , ,1,1,0,0,0,0,0,0,0,0,1,0,1,0,0,0,0,0,0,0,1,0,0,0,0,0,0,0,0,0,0,0,1,0,0,3,0,39.9983,-75.1063, , 
56545,617906,2013093556,6,67,67301,2013,8,3,903,9,1,1,1,8,1, , ,N,0,0,0,3,0,1,2,2,N,N,39 59:30.303,75 08:10.082,922, ,905, ,0, , , ,0, , , , , , , , , ,1,1,0,0,0,0,0,0,0,0,0,1,1,0,0,0,0,0,0,0,0,0,1,0,0,0,0,0,0,0,0,0,1,0,0,4,0,39.9918,-75.1361, , 
56546,617911,2013101116,6,67,67301,2013,9,4,20,0,3,1,0,4,1, , ,N,2,3,0,3,0,1,2,2,N,N,40 02:23.298,75 05:59.233,35, ,30, ,0, ,N, ,3, , , , , , , , , ,2,2,0,0,0,0,0,0,0,0,0,0,1,1,0,0,0,0,0,0,0,0,0,0,0,0,0,0,0,0,0,0,0,0,0,8,0,40.0398,-75.0998, , 
56547,617919,2013130241,6,67,67301,2013,12,2,1851,18,3,1,0,1,1, , ,N,0,0,0,3,0,0,2,2,N,N,39 57:33.061,75 10:20.201,1953, ,1853, ,0, ,N, ,0, , , , , , , , , ,2,2,0,0,0,0,0,0,0,0,0,0,0,0,0,0,0,0,0,0,0,0,0,0,0,0,0,0,0,0,0,0,0,0,0,0,0,39.9592,-75.1723, , 
56548,620836,2013124636,6,67,67301,2013,10,5,1357,13,1,1,0,4,1, , ,N,0,0,7,3,0,1,2,2,N,N,40 04:39.454,75 05:08.695,1420, ,1359, ,0, ,N, ,0, , , , , , , , , ,2,1,0,0,0,0,1,0,0,0,0,1,1,0,0,0,0,0,0,0,1,0,0,0,0,0,0,0,0,0,0,0,0,0,0,4,0,40.0776,-75.0857, , 
56549,620852,2013065447,6,67,67301,2013,5,4,1815,18,1,1,0,8,1, , ,N,0,0,0,3,0,1,2,2,N,N,39 58:54.796,75 06:25.023,2010, ,1959, ,0, ,N, ,0, , , , , , , , , ,1,1,0,0,0,0,0,0,0,0,0,1,1,0,0,0,0,0,0,0,0,0,0,0,0,0,0,0,0,0,0,0,1,0,0,4,0,39.9819,-75.107, , 
56550,620886,2013121443,6,67,67301,2013,10,6,1550,15,1,1,0,8,1, , ,N,1,2,0,3,0,1,2,2,N,N,39 59:53.463,75 06:04.518,1630, ,1615, ,0, , , ,3, , , , , , , , , ,1,0,0,0,0,0,1,0,0,0,0,1,1,0,0,0,0,0,0,0,0,0,0,0,0,0,0,0,0,0,0,0,1,0,0,4,0,39.9982,-75.1013, , 
56551,620888,2013122907,6,67,67301,2013,11,7,1729,17,1,1,0,6,1, , ,N,0,0,0,3,0,0,2,3,N, ,39 56:56.097,75 13:16.338,1733, ,1729, ,0, , , ,0, , , , , , , , , ,3,1,0,0,1,0,1,0,0,0,0,0,0,0,1,0,0,0,0,0,1,1,0,0,0,0,0,0,0,0,0,0,0,0,0,9,0,39.9489,-75.2212, , 
56552,620890,2013125971,6,67,67301,2013,10,3,1511,15,1,1,0,8,1, , ,N,0,0,0,3,0,1,3,2,N,Y,39 54:58.217,75 09:59.866,1515, ,1514, ,0, , , ,0, , , , , , , , , ,1,0,0,0,0,0,0,1,0,0,0,0,1,1,0,0,0,0,0,0,0,0,0,0,0,0,0,0,0,0,0,0,1,0,0,8,0,39.9162,-75.1666, , 
56553,620899,2014003335,6,67,67301,2013,12,4,1323,13,1,1,0,8,1, , ,N,1,2,0,3,0,1,2,2,N, ,39 56:54.579,75 09:26.606,1330, ,1324, ,0, , , ,3, , , , , , , , , ,1,0,0,0,1,0,0,0,0,0,0,1,1,0,0,0,0,0,0,0,0,1,0,0,0,0,0,0,0,0,0,0,1,0,0,4,0,39.9485,-75.1573, , 
56554,620908,2013070066,6,67,67301,2013,6,5,2335,23,3,1,0,7,2, , ,N,0,0,7,3,0,1,1,1,N,N,39 55:07.680,75 11:13.390,2345, ,2336, ,0, ,N, ,0, , , , , , , , , ,1,1,0,0,0,0,0,0,0,0,1,0,1,0,0,0,0,0,0,0,0,0,0,0,0,0,0,0,0,0,0,0,0,0,0,3,0,39.9188,-75.1871, , 
56555,620912,2013066844,6,67,67301,2013,5,7,1915,19,1,1,0,8,1, , ,N,1,0,0,3,0,1,2,2,N,N,39 56:32.755,75 08:50.560,0, ,0, ,0, ,N, ,0, , , , , , , , , ,1,1,0,0,0,0,0,0,0,1,0,0,1,0,0,0,0,0,0,0,0,0,0,0,0,0,0,0,0,0,0,0,1,0,1,2,0,39.9424,-75.1474, , 
56556,620957,2014000429,6,67,67301,2013,11,1,148,1,3,1,0,6,6, , ,N,0,0,0,3,0,0,1,3,N,N,40 03:08.704,75 04:24.117,150, ,149,1,1,1,N, ,0,N, , , , , , , , ,3,2,0,0,0,0,1,0,0,0,0,0,0,0,1,0,0,0,1,0,0,0,0,0,0,0,0,0,0,0,0,0,0,0,0,9,0,40.0524,-75.0734, , 
56557,620958,2014001101,6,67,67301,2013,12,5,839,8,1,5,1,1,1, , ,N,1,2,0,3,0,1,3,2,N, ,40 06:16.480,75 00:08.268,842, ,842,1,2,2, , ,3,N, , , , , , , , ,2,1,0,0,0,0,1,0,0,0,0,0,1,1,0,0,0,0,0,0,1,0,0,0,0,0,0,0,0,0,0,0,0,0,0,8,0,40.1044,-75.0021, , 
56558,620959,2014002830,6,67,67301,2013,11,5,320,3,3,1,0,7,4, , ,N,0,0,2,3,0,1,1,1,N, ,39 52:50.073,75 15:07.667,330, ,324, ,0, , , ,0, , , , , , , , , ,1,1,0,0,0,0,0,0,0,0,0,1,1,0,0,0,0,0,0,0,0,0,0,0,0,0,0,0,0,0,0,0,0,0,0,4,0,39.8806,-75.2521, , 
56559,620971,2014009734,6,67,67301,2013,12,3,1642,16,3,4,1,4,1, , ,N,1,3,0,3,0,1,2,2,N,N,39 58:29.377,75 15:00.568,1651, ,1642, ,0, ,N, ,3, , , , , , , , , ,2,2,0,0,0,0,0,0,0,0,1,0,1,0,0,0,0,1,0,0,0,0,0,0,0,0,0,0,0,0,0,0,0,0,0,3,0,39.9748,-75.2502, , 
56560,620979,2013118947,6,67,67301,2013,11,6,1509,15,1,1,0,1,1, , ,N,0,0,0,3,0,0,2,2,N,N,39 58:23.649,75 11:38.154,1519, ,1509, ,0, ,N, ,0, , , , , , , , , ,2,1,0,0,0,0,1,0,0,0,0,0,0,0,0,0,0,0,0,1,0,0,0,0,0,0,0,0,0,0,0,0,0,0,0,0,0,39.9732,-75.1939, , 
56561,620985,2013129502,6,67,67301,2013,11,1,3,0,3,1,1,4,1, , ,N,0,0,0,3,0,0,2,2,N,N,40 05:13.685,75 02:26.899,10, ,3, ,0, ,N, ,0, , , , , , , , , ,2,2,0,0,0,0,0,0,0,0,0,0,0,0,1,0,0,0,0,0,0,0,0,1,0,0,0,0,0,0,0,0,0,0,0,9,0,40.0871,-75.0408, , 
56562,620986,2013130060,6,67,67301,2013,11,5,2119,21,3,1,0,4,1, , ,N,1,2,0,3,0,2,3,2,N,N,39 57:48.112,75 11:14.766,2222, ,2119, ,0, ,N, ,3, , , , , , , , , ,2,1,0,0,0,0,0,1,0,0,0,0,2,2,0,0,0,0,0,0,1,0,0,0,0,0,0,0,0,0,0,0,0,0,0,8,0,39.9634,-75.1875, , 
56563,620988,2014013028,6,67,67301,2013,12,6,1146,11,1,1,0,4,1, , ,N,1,2,0,3,0,2,2,2,N, ,39 55:20.053,75 13:49.322,1152, ,1146,1,2,7, , ,3,N, , , , , , , , ,2,1,0,0,1,0,0,0,0,0,0,2,2,0,0,0,0,0,0,0,0,0,0,0,0,0,0,0,0,0,0,0,0,0,0,4,0,39.9222,-75.2303, , 
56564,620992,2013129444,6,67,67301,2013,11,6,9999,99,1,1,0,1,1, , ,N,0,0,0,3,0,1,3,2,N, ,40 00:49.808,75 09:00.484,1120, ,1116, ,0, , , ,0, , , , , , , , , ,2,1,0,0,1,0,0,0,0,0,0,1,1,0,0,0,0,0,0,0,0,1,0,0,0,0,0,0,0,0,0,0,0,0,0,4,0,40.0138,-75.1501, , 
56565,621000,2014001045,6,67,67301,2013,11,6,2014,20,3,2,1,7,2, , ,N,0,0,0,3,0,0,1,1,N,N,40 01:38.579,75 11:33.729,2014, ,2014,1,2,2,N, ,0,N, , , , , , , , ,1,1,0,0,0,0,0,0,0,0,0,0,0,0,0,0,0,0,0,0,0,0,0,0,0,0,0,0,0,0,0,0,0,0,0,0,0,40.0274,-75.1927, , 