objectid_1,objectid,crn,district,county,municipality,crash_year,crash_month,day_of_week,time_of_day,hour_of_day,illumination,weather,road_condition,collision_type,relation_to_road,work_zone_type,work_zone_loc,work_zone_ind,intersect_type,tcd_type,location_type,urban_rural,fatal_count,injury_count,person_count,total_units,sch_bus_ind,sch_zone_ind,latitude,longitude,arrival_tm,cons_zone_spd_lim,dispatch_tm,est_hrs_closed,lane_closed,ln_close_dir,ntfy_hiwy_maint,spec_juris_cd,tcd_func_cd,tfc_detour_ind,workers_pres,wz_close_detour,wz_flagger,wz_law_offcr_ind,wz_ln_closure,wz_moving,wz_other,wz_shlder_mdn,vehicle_count,automobile_count,motorcycle_count,bus_count,small_truck_count,heavy_truck_count,suv_count,van_count,bicycle_count,maj_inj_count,mod_inj_count,min_inj_count,tot_inj_count,unk_inj_deg_count,unk_inj_per_count,driver_count_16yr,driver_count_17yr,driver_count_18yr,driver_count_19yr,driver_count_20yr,driver_count_50_64yr,driver_count_65_74yr,driver_count_75plus,unbelted_occ_count,unb_death_count,unb_maj_inj_count,belted_death_count,belted_maj_inj_count,mcycle_death_count,mcycle_maj_inj_count,bicycle_death_count,bicycle_maj_inj_count,ped_count,ped_death_count,ped_maj_inj_count,max_severity_level,comm_veh_count,dec_lat,dec_long,rdwy_surf_type_cd,county_name
56566,624087,2014006903,6,67,67301,2013,12,4,1830,18,3,1,0,7,4, , ,N,0,0,0,3,0,2,5,1,N,N,40 00:00.840,75 05:02.423,1840, ,1840, ,0, ,N, ,0, , , , , , , , , ,1,1,0,0,0,0,0,0,0,0,1,1,2,0,0,0,0,0,0,0,0,0,0,1,0,0,0,0,0,0,0,0,0,0,0,3,0,40.0002,-75.084, , 
56567,624093,2014006864,6,67,67301,2013,12,7,254,2,3,1,1,7,3, , ,N,0,0,0,3,0,0,1,2,N,N,39 54:24.486,75 08:22.162,307, ,259, ,0, ,N, ,0, , , , , , , , , ,1,1,0,0,0,0,0,0,0,0,0,0,0,0,0,0,0,0,0,0,0,0,0,1,0,0,0,0,0,0,0,0,0,0,0,0,0,39.9068,-75.1395, , 
56568,624095,2014013154,6,67,67301,2013,12,2,1256,12,1,1,0,5,1, , ,N,0,0,0,3,0,1,4,4,N, ,40 04:44.791,75 01:32.398,1256, ,1256,2,1,3, , ,0,N, , , , , , , , ,4,2,0,0,1,0,1,0,0,0,0,1,1,0,0,0,0,0,0,0,2,0,0,0,0,0,0,0,0,0,0,0,0,0,0,4,0,40.0791,-75.0257, , 
56569,624100,2013130070,6,67,67301,2013,11,5,721,7,1,1,0,8,1, , ,N,0,0,0,3,0,1,2,2,N, ,39 57:07.952,75 12:22.042,805, ,801, ,0, , , ,0, , , , , , , , , ,1,0,0,0,0,0,1,0,0,0,0,0,1,1,0,0,0,0,0,0,0,0,0,0,0,0,0,0,0,0,0,0,1,0,0,8,0,39.9522,-75.2061, , 
56570,624104,2014002752,6,67,67301,2013,11,6,2300,23,3,1,0,4,1, , ,N,1,2,0,3,0,5,5,2,N,N,40 02:37.429,75 05:06.333,2330, ,2320, ,0, ,N, ,3, , , , , , , , , ,2,2,0,0,0,0,0,0,0,0,0,5,5,0,0,0,0,0,0,0,0,0,0,0,0,0,0,0,0,0,0,0,0,0,0,4,0,40.0437,-75.0851, , 
56571,624106,2014009703,6,67,67301,2013,12,3,1410,14,1,2,1,5,1, , ,N,0,0,0,3,0,0,2,2,N,N,40 04:26.239,75 02:04.255,1428, ,1422, ,0, ,N, ,0, , , , , , , , , ,2,1,0,0,0,1,0,0,0,0,0,0,0,0,1,0,0,1,0,0,0,0,0,0,0,0,0,0,0,0,0,0,0,0,0,9,1,40.074,-75.0345, , 
56572,624118,2014001024,6,67,67301,2013,11,4,1132,11,1,2,1,5,1, , ,N,0,0,0,3,0,1,3,2,N,N,39 57:00.622,75 12:45.622,1145, ,1139, ,0, ,N, ,0, , , , , , , , , ,2,0,0,0,1,1,0,0,0,0,0,0,1,1,0,0,0,0,0,0,0,0,0,0,0,0,0,0,0,0,0,0,0,0,0,8,1,39.9502,-75.2127, , 
56573,624134,2013123037,6,67,67301,2013,10,6,1523,15,1,7,0,8,4, , ,N,0,0,0,3,0,1,2,2,N,N,39 57:22.870,75 14:12.048,9999, ,1523, ,0, ,N, ,0, , , , , , , , , ,1,0,0,0,0,0,0,1,0,0,0,1,1,0,1,0,0,0,0,0,1,0,0,0,0,0,0,0,0,0,0,0,1,0,0,4,0,39.9564,-75.2367, , 
56574,624141,2013130047,6,67,67301,2013,11,4,751,7,1,1,0,4,1, , ,N,0,0,7,3,0,1,2,2,N, ,40 00:12.194,75 08:27.124,831, ,822, ,0, , , ,0, , , , , , , , , ,2,1,0,0,0,0,0,1,0,0,0,0,1,1,0,0,0,0,0,0,0,0,0,0,0,0,0,0,0,0,0,0,0,0,0,8,0,40.0034,-75.1409, , 
56575,624145,2014001032,6,67,67301,2013,11,6,225,2,3,1,0,7,4, , ,N,0,0,0,3,0,0,1,1,N,N,40 01:51.320,75 06:41.650,258, ,252,9,1,3,N, ,0,N, , , , , , , , ,1,0,0,0,1,0,0,0,0,0,0,0,0,0,0,0,0,0,0,0,0,0,0,0,0,0,0,0,0,0,0,0,0,0,0,0,0,40.0309,-75.1116, , 
56576,624153,2013122184,6,67,67301,2013,12,2,726,7,1,1,0,1,1, , ,N,3,0,2,3,0,1,2,2,N,N,39 59:15.401,75 12:28.791,732, ,726, ,0, ,N, ,0, , , , , , , , , ,2,2,0,0,0,0,0,0,0,0,0,0,1,1,0,0,0,0,0,0,1,0,0,0,0,0,0,0,0,0,0,0,0,0,0,8,0,39.9876,-75.208, , 
56577,624156,2013130063,6,67,67301,2013,11,7,1128,11,1,1,0,1,1, , ,N,0,0,0,3,0,0,9,6,N,N,40 01:25.670,75 08:01.418,1138, ,1132, ,0, ,N, ,0, , , , , , , , , ,5,5,0,0,0,0,0,0,0,0,0,0,0,0,0,0,0,0,0,0,0,1,0,0,0,0,0,0,0,0,0,0,0,0,0,0,0,40.0238,-75.1337, , 
56578,624164,2014001097,6,67,67301,2013,12,4,2130,21,3,1,0,1,1, , ,N,1,2,0,3,0,1,2,2,N,N,40 03:02.097,75 08:31.585,9999, ,9999, ,0, ,N, ,3, , , , , , , , , ,2,2,0,0,0,0,0,0,0,0,0,1,1,0,0,0,0,0,0,0,0,0,0,0,0,0,0,0,0,0,0,0,0,0,0,4,0,40.0506,-75.1421, , 
56579,624166,2014006915,6,67,67301,2013,12,7,2344,23,3,1,1,5,6, , ,N,0,0,0,3,0,0,1,4,N,N,40 01:41.389,75 03:38.106,25, ,20, ,0, ,N, ,0, , , , , , , , , ,4,4,0,0,0,0,0,0,0,0,0,0,0,0,0,0,0,0,0,0,0,0,0,0,0,0,0,0,0,0,0,0,0,0,0,0,0,40.0282,-75.0606, , 
56580,624169,2013101873,6,67,67301,2013,10,3,1406,14,1,1,0,5,1, , ,N,0,0,2,3,0,1,2,2,N,N,39 58:05.041,75 07:44.121,1425, ,1410, ,0, ,N, ,0, , , , , , , , , ,2,0,0,0,1,1,0,0,0,0,0,1,1,0,0,0,0,0,0,0,0,0,0,1,0,0,0,0,0,0,0,0,0,0,0,4,1,39.9681,-75.1289, , 
56581,624172,2013109805,6,67,67301,2013,11,6,1512,15,1,1,0,1,1,1,8,Y,1,0,0,3,0,1,10,2,Y,N,39 59:33.382,75 08:37.776,1645,90,1627,3,1,4,N, ,0,N,Y, , ,N, , ,Y, ,2,1,0,1,0,0,0,0,0,0,0,1,1,0,0,0,0,0,0,0,1,0,0,0,0,0,0,0,0,0,0,0,0,0,0,4,1,39.9925,-75.1439, , 
56582,624186,2013121280,6,67,67301,2013,9,5,1220,12,1,1,0,6,1, , ,N,0,0,0,3,0,1,2,2,N, ,39 59:16.504,75 10:56.071,1433, ,1429, ,0, ,N, ,0, , , , , , , , , ,2,0,0,0,1,0,0,0,0,0,0,1,1,0,1,0,0,0,1,0,0,0,0,0,0,0,0,0,0,0,0,0,0,0,0,4,0,39.9879,-75.1822, , 
56583,624188,2013124655,6,67,67301,2013,10,5,2255,22,3,2,1,4,1, , ,N,0,0,7,3,0,0,2,2,N,N,40 02:31.901,75 01:33.438,2258, ,2258, ,0, ,N, ,0, , , , , , , , , ,2,0,0,0,2,0,0,0,0,0,0,0,0,0,0,0,0,0,0,0,0,0,0,0,0,0,0,0,0,0,0,0,0,0,0,0,0,40.0422,-75.026, , 
56584,624200,2014002803,6,67,67301,2013,11,5,1145,11,1,1,0,4,1, , ,N,0,0,7,3,0,2,3,3,N, ,39 59:28.887,75 08:05.800,1200, ,1150, ,0, , , ,0, , , , , , , , , ,3,2,0,0,0,0,1,0,0,0,0,0,2,2,0,0,0,0,0,0,0,1,0,0,0,0,0,0,0,0,0,0,0,0,0,8,0,39.9914,-75.1349, , 
56585,628071,2013124634,6,67,67301,2013,11,7,1750,17,3,1,0,6,2, , ,N,2,0,0,3,0,0,1,3,N,N,39 57:30.160,75 11:27.405,1750, ,1750, ,0, ,N, ,0, , , , , , , , , ,3,2,0,0,0,0,1,0,0,0,0,0,0,0,0,0,0,0,0,0,0,0,0,0,0,0,0,0,0,0,0,0,0,0,0,0,0,39.9584,-75.1909, , 
56586,628091,2013112785,6,67,67301,2013,11,3,1659,16,4,1,0,1,1, , ,N,0,0,0,3,0,3,7,2,N,N,40 02:22.991,75 00:25.390,1752, ,1723, ,0, ,N, ,0, , , , , , , , , ,2,1,0,0,0,0,0,1,0,0,0,2,3,1,0,0,0,1,0,0,0,0,0,0,0,0,0,0,0,0,0,0,0,0,0,4,0,40.0397,-75.0071, , 
56587,628100,2013125409,6,67,67301,2013,12,2,19,0,3,4,4,7,2, , ,N,0,0,0,3,0,0,2,1,N,N,39 55:35.115,75 08:48.930,34, ,25,1,1,2,N, ,0,N, , , , , , , , ,1,1,0,0,0,0,0,0,0,0,0,0,0,0,0,0,0,0,0,0,0,0,0,0,0,0,0,0,0,0,0,0,0,0,0,0,0,39.9264,-75.1469, , 
56588,628122,2013130034,6,67,67301,2013,11,1,1840,18,3,1,0,1,1, , ,N,0,0,0,3,0,0,2,2,N,N,40 02:43.047,75 14:54.142,1850, ,1840, ,0, ,N, ,0, , , , , , , , , ,2,1,0,0,0,0,1,0,0,0,0,0,0,0,0,0,0,0,0,0,1,0,0,0,0,0,0,0,0,0,0,0,0,0,0,0,0,40.0453,-75.2484, , 
56589,628140,2013121412,6,67,67301,2013,10,3,1858,18,3,1,0,1,1, , ,N,0,2,0,3,0,0,2,2,N,N,40 01:54.076,75 05:04.428,1906, ,1859,1,1,1,N, ,3,N, , , , , , , , ,2,2,0,0,0,0,0,0,0,0,0,0,0,0,0,0,0,0,0,0,0,0,0,0,0,0,0,0,0,0,0,0,0,0,0,0,0,40.0317,-75.0846, , 
56590,628160,2013106632,6,67,67301,2013,9,3,1650,16,1,1,0,1,1, , ,N,0,0,0,3,0,1,2,2,N,N,39 59:38.196,75 09:16.419,1650, ,1650, ,0, ,N, ,0, , , , , , , , , ,2,1,0,0,1,0,0,0,0,0,0,1,1,0,0,0,0,0,0,0,0,0,0,0,0,0,0,0,0,0,0,0,0,0,0,4,0,39.9939,-75.1546, , 
56591,628176,2013121310,6,67,67301,2013,10,7,620,6,3,1,0,7,5, , ,N,0,0,0,3,0,1,3,1,N,N,40 01:05.556,75 05:22.538,625, ,624, ,0, ,N, ,0, , , , , , , , , ,1,1,0,0,0,0,0,0,0,0,0,1,1,0,0,0,0,0,0,0,0,0,0,0,0,0,0,0,0,0,0,0,0,0,0,4,0,40.0182,-75.0896, , 
56592,628191,2014001003,6,67,67301,2013,11,6,1336,13,1,2,1,8,1, , ,N,1,2,0,3,0,1,2,2,N,N,39 59:06.953,75 10:43.660,1345, ,1342, ,0, ,N, ,3, , , , , , , , , ,1,1,0,0,0,0,0,0,0,0,0,0,1,1,0,0,0,0,0,0,0,0,0,0,0,0,0,0,0,0,0,0,1,0,0,8,0,39.9853,-75.1788, , 
56593,628201,2013121123,6,67,67301,2013,11,4,1230,12,1,2,1,7,2, , ,N,0,0,0,3,0,0,2,1,N,N,39 59:02.958,75 12:29.994,1234, ,1230, ,0, ,N, ,0, , , , , , , , , ,1,0,0,0,0,0,1,0,0,0,0,0,0,0,0,0,0,1,0,0,0,0,0,0,0,0,0,0,0,0,0,0,0,0,0,0,0,39.9842,-75.2083, , 
56594,628202,2013121523,6,67,67301,2013,11,6,728,7,1,2,1,1,1, , ,N,0,2,0,3,0,0,2,2,N,N,40 01:26.841,75 07:52.273,754, ,738,1,1,1,N, ,3,N, , , , , , , , ,2,2,0,0,0,0,0,0,0,0,0,0,0,0,0,0,0,0,0,0,0,0,0,0,0,0,0,0,0,0,0,0,0,0,0,0,0,40.0241,-75.1312, , 
56595,628221,2013106717,6,67,67301,2013,9,2,1125,11,1,1,0,8,1, , ,N,0,0,0,3,0,1,2,2,N, ,39 59:23.236,75 06:25.585,1135, ,1129, ,0, , , ,0, , , , , , , , , ,1,0,0,0,1,0,0,0,0,0,0,0,1,1,0,0,0,0,0,0,0,0,0,0,0,0,0,0,0,0,0,0,1,0,0,8,0,39.9898,-75.1071, , 
56596,628240,2014021548,6,67,67301,2013,12,1,354,3,3,1,0,1,1, , ,N,2,2,0,3,0,0,2,2,N,N,39 57:13.689,75 11:15.040,355, ,354, ,0, ,N, ,3, , , , , , , , , ,2,1,0,0,0,0,1,0,0,0,0,0,0,0,0,0,0,0,0,0,0,0,0,1,0,0,0,0,0,0,0,0,0,0,0,0,0,39.9538,-75.1875, , 
56597,628256,2013127918,6,9,9212,2013,9,6,1458,14,1,1,0,2,1, , ,N,2,2,0,3,0,2,3,2,N,N,40 08:03.616,75 00:33.107,1501, ,1458,2,1,7,N, ,2,N, , , , , , , , ,2,2,0,0,0,0,0,0,0,0,2,0,2,0,0,0,0,1,0,0,0,0,0,0,0,0,0,0,0,0,0,0,0,0,0,3,0,40.1343,-75.0091, , 
56598,628257,2014009823,6,67,67301,2013,11,2,950,9,1,1,0,4,1, , ,N,1,2,0,3,0,1,2,2,N,N,40 02:02.652,75 10:35.500,1103, ,1057, ,0, , , ,3, , , , , , , , , ,2,1,0,0,1,0,0,0,0,0,0,0,1,1,1,0,0,0,0,0,0,0,1,0,0,0,0,0,0,0,0,0,0,0,0,8,0,40.0341,-75.1765, , 
56599,628265,2013074653,6,67,67301,2013,5,3,1445,14,1,2,1,4,1, , ,N,1,3,0,3,0,1,2,2,N, ,39 58:26.400,75 08:38.965,1452, ,1446, ,0, , , ,3, , , , , , , , , ,1,0,0,0,0,0,0,1,1,1,0,0,1,0,0,0,0,0,0,0,1,0,0,0,0,0,0,0,0,0,0,1,0,0,0,2,0,39.974,-75.1442, , 
56600,628276,2013084493,6,67,67301,2013,8,4,1600,16,1,1,0,1,1,1,4,Y,0,0,0,3,0,0,4,3,N,N,40 01:17.489,75 02:26.002,1600,50,1600,2,1,2,N, ,0,N,Y,N,N,N,N,N,N,Y,3,2,0,0,1,0,0,0,0,0,0,0,0,0,0,0,0,0,0,0,0,0,0,0,0,0,0,0,0,0,0,0,0,0,0,0,0,40.0215,-75.0406, , 
56601,628289,2013101125,6,67,67301,2013,9,7,1430,14,1,1,0,2,1, , ,N,1,2,0,3,0,0,3,3,N,N,39 57:16.399,75 10:52.674,1620, ,1614,3,1,4,N, ,3,N, , , , , , , , ,3,3,0,0,0,0,0,0,0,0,0,0,0,0,0,0,0,0,0,0,1,1,0,0,0,0,0,0,0,0,0,0,0,0,0,0,0,39.9546,-75.1814, , 
56602,628315,2013100994,6,67,67301,2013,9,3,903,9,1,1,0,7,7, , ,N,1,0,2,3,0,0,1,2,N,N,39 59:11.983,75 12:29.919,905, ,903, ,0, ,N, ,0, , , , , , , , , ,1,1,0,0,0,0,0,0,0,0,0,0,0,0,0,0,0,0,0,0,0,0,0,0,0,0,0,0,0,0,0,0,0,0,0,0,0,39.9867,-75.2083, , 
56603,628316,2013101028,6,67,67301,2013,9,7,1858,18,4,1,0,8,1, , ,N,0,0,0,3,0,1,2,2,N,N,40 02:15.489,75 09:39.898,1908, ,1900, ,0, ,N, ,0, , , , , , , , , ,1,1,0,0,0,0,0,0,0,0,1,0,1,0,0,0,0,0,0,0,0,0,0,1,0,0,0,0,0,0,0,0,1,0,0,3,0,40.0376,-75.1611, , 
56604,617926,2014009630,6,67,67301,2013,12,1,1638,16,4,1,0,7,4, , ,N,0,0,0,3,0,0,1,1,N, ,40 03:25.694,75 11:46.652,1657, ,1655,3,2,6, , ,0,N, , , , , , , , ,1,0,0,0,1,0,0,0,0,0,0,0,0,0,0,0,0,0,0,0,0,0,0,1,0,0,0,0,0,0,0,0,0,0,0,0,0,40.0571,-75.1963, , 
56605,617970,2013106635,6,67,67301,2013,9,6,2212,22,3,1,0,8,1, , ,N,1,2,0,3,0,1,2,2,N,N,39 58:37.995,75 13:36.385,2214, ,2212, ,0, ,N, ,3, , , , , , , , , ,1,1,0,0,0,0,0,0,0,0,0,0,1,1,0,0,0,0,0,0,1,0,0,0,0,0,0,0,0,0,0,0,1,0,0,8,0,39.9772,-75.2268, , 
56606,617981,2013108570,6,46,46104,2013,10,7,241,2,3,1,0,1,1, , ,N,0,0,3,3,0,1,10,3,N,N,40 01:34.370,75 13:41.160,244, ,241, ,0, ,N, ,0, , , , , , , , , ,3,2,0,0,0,0,1,0,0,0,0,0,1,1,0,0,0,0,0,0,0,0,0,3,0,0,0,0,0,0,0,0,0,0,0,8,0,40.0262,-75.2281, , 
56607,618004,2013126999,6,67,67301,2013,12,6,1528,15,1,1,0,1,1, , ,N,0,2,0,3,0,0,3,3,N,N,39 59:40.411,75 09:16.035,1528, ,1525, ,0, ,N, ,3, , , , , , , , , ,3,1,0,0,0,0,1,0,0,0,0,0,0,0,1,0,0,0,0,0,1,0,0,0,0,0,0,0,0,0,0,0,0,0,0,9,0,39.9946,-75.1545, , 
56608,618012,2014015060,6,67,67301,2013,8,5,615,6,1,1,0,1,1, , ,N,1,2,0,3,0,2,6,2,N,N,40 02:06.975,75 07:17.098,0, ,0, ,0, ,N, ,3, , , , , , , , , ,2,1,0,0,0,0,1,0,0,0,1,0,2,1,2,0,0,0,0,0,0,0,0,1,0,0,0,0,0,0,0,0,0,0,0,3,0,40.0353,-75.1214, , 
56609,618020,2013114507,6,67,67301,2013,10,2,705,7,1,1,0,8,2, , ,N,1,0,0,3,0,1,4,2,N,N,39 56:31.419,75 12:42.235,347, ,343, ,0, ,N, ,0, , , , , , , , , ,1,1,0,0,0,0,0,0,0,0,0,1,1,0,0,0,0,0,0,0,0,0,0,0,0,0,0,0,0,0,0,0,1,0,0,4,0,39.9421,-75.2117, , 
56610,618030,2013121455,6,67,67301,2013,10,2,1132,11,1,1,0,8,5, , ,N,1,2,0,3,0,1,2,2,N,N,40 02:30.603,75 11:31.679,1140, ,1136, ,0, ,N, ,3, , , , , , , , , ,1,1,0,0,0,0,0,0,0,0,0,0,1,1,0,0,0,0,0,0,0,0,0,0,0,0,0,0,0,0,0,0,1,0,0,8,0,40.0418,-75.1921, , 
56611,618041,2013131708,6,67,67301,2013,11,7,1040,10,1,1,0,7,5, , ,N,0,0,0,3,0,1,1,1,N,N,39 56:07.999,75 11:59.016,1050, ,1040,2,1,4,N, ,0,N, , , , , , , , ,1,1,0,0,0,0,0,0,0,0,1,0,1,0,0,0,0,0,0,0,0,1,0,0,0,0,0,0,0,0,0,0,0,0,0,3,0,39.9356,-75.1997, , 
56612,618065,2014014985,6,67,67301,2013,10,2,910,9,1,1,0,1,1, , ,N,0,2,7,3,0,1,2,2,N,N,40 04:27.045,75 00:59.670,0, ,0, ,0, ,N, ,3, , , , , , , , , ,2,1,0,0,0,0,0,1,0,0,0,0,1,1,1,0,0,0,0,0,0,1,0,0,0,0,0,0,0,0,0,0,0,0,0,8,0,40.0742,-75.0166, , 
56613,618068,2013080000,6,67,67301,2013,7,4,945,9,1,1,0,4,1, , ,N,2,0,0,3,0,0,2,2,N, ,40 01:04.041,75 10:20.986,950, ,949, ,0, , , ,0, , , , , , , , , ,2,1,0,0,0,0,0,1,0,0,0,0,0,0,0,0,0,0,0,0,0,0,0,0,0,0,0,0,0,0,0,0,0,0,0,0,0,40.0176,-75.1723, , 
56614,618076,2013086837,6,67,67301,2013,8,2,1920,19,4,1,0,5,1, , ,N,0,0,0,3,0,5,6,2,N,N,40 01:59.800,75 07:52.620,2315, ,1930, ,0, ,N, ,0, , , , , , , , , ,2,1,0,0,0,0,0,1,0,0,1,4,5,0,1,0,0,0,0,0,0,0,0,0,0,0,0,0,0,0,0,0,0,0,0,3,0,40.0333,-75.1313, , 
56615,618087,2013105774,6,67,67301,2013,10,3,1203,12,1,1,0,1,1, , ,N,1,2,0,3,0,0,2,2,N,N,39 54:39.823,75 13:49.691,1215, ,1208,2,2,3,N, ,3,N, , , , , , , , ,2,1,0,0,0,1,0,0,0,0,0,0,0,0,0,0,0,0,0,0,2,0,0,1,0,0,0,0,0,0,0,0,0,0,0,0,1,39.9111,-75.2305, , 
56616,618111,2013129487,6,67,67301,2013,11,5,210,2,3,1,0,5,6, , ,N,0,3,0,3,0,0,1,6,N,N,39 55:09.595,75 10:50.206,220, ,215, ,0, ,N, ,9, , , , , , , , , ,6,2,0,0,2,0,1,1,0,0,0,0,0,0,0,0,0,0,0,0,0,0,0,0,0,0,0,0,0,0,0,0,0,0,0,0,0,39.9193,-75.1806, , 
56617,618133,2013080017,6,67,67301,2013,7,7,1100,11,1,1,0,1,1, , ,N,2,2,7,3,0,2,4,2,N,N,39 56:29.692,75 08:31.694,1128, ,1122, ,0, , , ,3, , , , , , , , , ,2,1,0,0,1,0,0,0,0,0,0,0,2,2,0,0,0,0,0,0,1,0,0,0,0,0,0,0,0,0,0,0,0,0,0,8,0,39.9416,-75.1421, , 
56618,618138,2013084020,6,67,67301,2013,7,4,815,8,1,1,0,8,1, , ,N,0,0,0,3,0,1,2,2,N,N,39 56:57.332,75 13:02.294,850, ,839, ,0, ,N, ,0, , , , , , , , , ,1,1,0,0,0,0,0,0,0,0,0,1,1,0,0,0,0,0,0,0,0,0,0,0,0,0,0,0,0,0,0,0,1,0,0,4,0,39.9493,-75.2173, , 
56619,618139,2013086250,6,67,67301,2013,8,5,1120,11,1,2,1,1,1, , ,N,0,0,0,3,0,1,2,2,N,N,39 55:07.395,75 12:27.442,1132, ,1131, ,0, ,N, ,0, , , , , , , , , ,2,2,0,0,0,0,0,0,0,0,0,1,1,0,0,0,0,0,0,0,1,0,0,0,0,0,0,0,0,0,0,0,0,0,0,4,0,39.9184,-75.2084, , 
56620,618140,2013086913,6,67,67301,2013,8,2,9999,99,3,1,0,4,1, , ,N,5,2,0,3,0,2,3,2,N,N,39 54:38.089,75 10:22.870,2225, ,2215,1,1,2,N, ,3,N, , , , , , , , ,2,2,0,0,0,0,0,0,0,0,0,2,2,0,0,0,0,0,0,0,0,0,0,0,0,0,0,0,0,0,0,0,0,0,0,4,0,39.9106,-75.1727, , 
56621,618149,2013093057,6,67,67301,2013,8,7,1425,14,1,1,0,4,1, , ,N,1,3,0,3,0,1,5,2,N,N,39 59:50.024,75 06:55.385,1440, ,1440, ,0, ,N, ,3, , , , , , , , , ,1,1,0,0,0,0,0,0,1,0,0,0,1,1,0,0,0,0,0,0,0,0,0,0,0,0,0,0,0,0,0,0,0,0,0,8,0,39.9972,-75.1154, , 
56622,621001,2014003305,6,67,67301,2013,12,2,1145,11,1,1,0,1,1, , ,N,1,0,0,3,0,1,2,2,N,N,39 55:49.427,75 11:54.362,9999, ,9999, ,0, ,N, ,0, , , , , , , , , ,2,1,0,0,1,0,0,0,0,0,0,1,1,0,0,0,0,0,0,0,1,0,0,0,0,0,0,0,0,0,0,0,0,0,0,4,0,39.9304,-75.1984, , 
56623,621002,2014007249,6,67,67301,2013,11,4,1836,18,3,1,0,1,1, , ,N,0,0,0,3,0,1,2,2,N,N,40 01:56.864,75 04:51.759,1843, ,1836,2,1,1,N, ,0,N, , , , , , , , ,2,2,0,0,0,0,0,0,0,0,1,0,1,0,0,0,0,0,0,0,1,0,0,0,0,0,0,0,0,0,0,0,0,0,0,3,0,40.0325,-75.081, , 
56624,621004,2014013548,6,67,67301,2013,12,5,1000,10,1,1,1,4,1, , ,N,1,2,0,3,0,2,2,2,N,N,39 58:38.507,75 13:37.478,1020, ,1015,1,1,3,N, ,3,N, , , , , , , , ,2,1,0,0,0,0,0,1,0,0,0,0,2,2,0,0,0,0,0,0,1,1,0,0,0,0,0,0,0,0,0,0,0,0,0,8,0,39.9774,-75.2271, , 
56625,621015,2013130129,6,67,67301,2013,11,6,1725,17,3,2,1,1,1, , ,N,0,2,0,3,0,1,8,4,N,N,40 03:24.936,75 09:39.232,1735, ,1731, ,0, ,N, ,3, , , , , , , , , ,4,4,0,0,0,0,0,0,0,0,0,0,1,1,0,0,0,0,0,0,1,0,0,0,0,0,0,0,0,0,0,0,0,0,0,8,0,40.0569,-75.1609, , 
56626,621028,2014015540,6,67,67301,2013,12,6,9999,99,8,2,1,1,1, , ,N,1,2,0,3,0,3,4,2,N,N,39 57:05.912,75 10:12.656,0, ,0, ,0, ,N, ,3, , , , , , , , , ,2,1,0,0,0,0,1,0,0,1,1,0,3,1,1,0,0,0,0,0,0,0,0,0,0,0,0,1,0,0,0,0,0,0,0,2,0,39.9516,-75.1702, , 
56627,621035,2013110721,6,67,67301,2013,10,5,1900,19,3,1,0,8,1, , ,N,1,0,0,3,0,1,2,2,N, ,39 59:10.636,75 10:07.651,1910, ,1900, ,0, , , ,0, , , , , , , , , ,1,1,0,0,0,0,0,0,0,0,0,1,1,0,0,0,0,0,0,0,0,0,1,0,0,0,0,0,0,0,0,0,1,0,0,4,0,39.9863,-75.1688, , 
56628,621050,2013122469,6,67,67301,2013,10,5,9999,99,1,1,0,1,1, , ,N,0,0,0,3,0,0,3,3,N,N,40 04:28.747,74 59:21.580,0, ,9999, ,0, , , ,0, , , , , , , , , ,3,2,0,0,0,0,1,0,0,0,0,0,0,0,0,0,0,0,0,0,0,0,0,0,0,0,0,0,0,0,0,0,0,0,0,0,0,40.0747,-74.9893, , 
56629,621051,2013122931,6,67,67301,2013,11,6,1027,10,1,2,1,7,2, , ,N,0,0,0,3,0,1,1,1,N,N,40 04:43.213,74 57:54.182,1040, ,1027,1,1,4,N, ,0,N, , , , , , , , ,1,1,0,0,0,0,0,0,0,0,0,1,1,0,0,0,0,0,0,0,1,0,0,0,0,0,0,0,0,0,0,0,0,0,0,4,0,40.0787,-74.9651, , 
56630,621052,2013123018,6,67,67301,2013,11,7,1232,12,1,1,0,3,1, , ,N,0,0,0,3,0,0,1,3,N, ,39 59:39.069,75 06:22.816,9999, ,1233, ,0, , , ,0, , , , , , , , , ,3,1,0,0,0,0,1,1,0,0,0,0,0,0,0,0,0,0,0,0,0,0,0,0,0,0,0,0,0,0,0,0,0,0,0,0,0,39.9942,-75.1063, , 
56631,621077,2014000976,6,67,67301,2013,12,2,746,7,1,1,0,8,1, , ,N,1,3,0,3,0,1,2,2,N, ,40 03:30.663,75 04:43.841,755, ,753, ,0, , , ,3, , , , , , , , , ,1,1,0,0,0,0,0,0,0,0,0,1,1,0,0,0,0,0,0,0,0,0,0,0,0,0,0,0,0,0,0,0,1,0,0,4,0,40.0585,-75.0788, , 
56632,621108,2014006787,6,67,67301,2013,12,1,440,4,3,1,0,1,6, , ,N,0,0,0,3,0,1,1,2,N,N,39 56:51.952,75 13:54.554,9999, ,446, ,0, , , ,0, , , , , , , , , ,2,1,0,0,1,0,0,0,0,0,0,1,1,0,0,0,0,0,0,0,0,0,0,0,0,0,0,0,0,0,0,0,0,0,0,4,0,39.9478,-75.2318, , 
56633,621135,2014010377,6,67,67301,2013,12,1,1410,14,1,4,5,1,1, , ,N,2,2,0,3,0,2,3,2,N, ,40 03:47.944,74 59:07.865,1425, ,1415, ,0, , , ,3, , , , , , , , , ,2,0,0,0,0,0,2,0,0,0,0,2,2,0,0,0,0,0,0,0,2,0,0,0,0,0,0,0,0,0,0,0,0,0,0,4,0,40.0633,-74.9855, , 