objectid_1,objectid,crn,district,county,municipality,crash_year,crash_month,day_of_week,time_of_day,hour_of_day,illumination,weather,road_condition,collision_type,relation_to_road,work_zone_type,work_zone_loc,work_zone_ind,intersect_type,tcd_type,location_type,urban_rural,fatal_count,injury_count,person_count,total_units,sch_bus_ind,sch_zone_ind,latitude,longitude,arrival_tm,cons_zone_spd_lim,dispatch_tm,est_hrs_closed,lane_closed,ln_close_dir,ntfy_hiwy_maint,spec_juris_cd,tcd_func_cd,tfc_detour_ind,workers_pres,wz_close_detour,wz_flagger,wz_law_offcr_ind,wz_ln_closure,wz_moving,wz_other,wz_shlder_mdn,vehicle_count,automobile_count,motorcycle_count,bus_count,small_truck_count,heavy_truck_count,suv_count,van_count,bicycle_count,maj_inj_count,mod_inj_count,min_inj_count,tot_inj_count,unk_inj_deg_count,unk_inj_per_count,driver_count_16yr,driver_count_17yr,driver_count_18yr,driver_count_19yr,driver_count_20yr,driver_count_50_64yr,driver_count_65_74yr,driver_count_75plus,unbelted_occ_count,unb_death_count,unb_maj_inj_count,belted_death_count,belted_maj_inj_count,mcycle_death_count,mcycle_maj_inj_count,bicycle_death_count,bicycle_maj_inj_count,ped_count,ped_death_count,ped_maj_inj_count,max_severity_level,comm_veh_count,dec_lat,dec_long,rdwy_surf_type_cd,county_name
56701,621233,2014006921,6,67,67301,2013,12,6,1430,14,1,1,0,1,1, , ,N,1,2,0,3,0,1,7,2,N, ,39 54:42.148,75 10:20.534,1600, ,1600, ,0, , , ,3, , , , , , , , , ,2,0,0,0,1,0,0,1,0,0,0,0,1,1,0,0,0,0,0,0,0,0,0,2,0,0,0,0,0,0,0,0,0,0,0,8,0,39.9117,-75.1724, , 
56702,621234,2014013122,6,67,67301,2013,11,5,1100,11,1,1,0,7,4, , ,N,0,0,0,3,0,0,1,1,N,N,40 05:05.177,74 58:27.533,1110, ,1102, ,0, ,N, ,0, , , , , , , , , ,1,1,0,0,0,0,0,0,0,0,0,0,0,0,0,0,0,0,0,0,1,0,0,0,0,0,0,0,0,0,0,0,0,0,0,0,0,40.0848,-74.9743, , 
56703,621253,2013134209,6,67,67301,2013,12,2,1024,10,1,2,1,1,1, , ,N,0,0,0,3,0,0,3,2,N,N,39 57:35.792,75 10:45.578,1031, ,1025,1,1,4,N, ,0,N, , , , , , , , ,2,1,0,0,0,0,1,0,0,0,0,0,0,0,0,0,0,0,0,0,0,1,0,0,0,0,0,0,0,0,0,0,0,0,0,0,0,39.9599,-75.1793, , 
56704,621257,2014013581,6,67,67301,2013,11,7,2010,20,3,1,0,4,1, , ,N,1,2,0,3,0,0,3,2,N,N,39 58:47.695,75 10:02.706,2011, ,2011, ,0, ,N, ,3, , , , , , , , , ,2,1,0,0,0,0,1,0,0,0,0,0,0,0,0,0,0,0,0,0,0,0,0,0,0,0,0,0,0,0,0,0,0,0,0,0,0,39.9799,-75.1674, , 
56705,621259,2013111837,6,67,67301,2013,10,6,812,8,1,2,1,8,1, , ,N,1,2,0,3,0,1,5,2,N,N,40 00:47.439,75 04:13.514,817, ,813, ,0, ,N, ,3, , , , , , , , , ,1,1,0,0,0,0,0,0,0,0,0,0,1,1,0,0,0,0,0,0,0,0,0,0,0,0,0,0,0,0,0,0,1,0,0,8,0,40.0132,-75.0704, , 
56706,621268,2013129401,6,67,67301,2013,11,5,930,9,1,1,0,1,1, , ,N,1,0,0,3,0,1,2,2,N,N,40 01:31.746,75 07:20.688,1000, ,950, ,0, ,N, ,0, , , , , , , , , ,2,0,0,0,0,0,2,0,0,0,0,0,1,1,1,0,0,0,0,0,1,0,0,0,0,0,0,0,0,0,0,0,0,0,0,8,0,40.0255,-75.1224, , 
56707,621273,2013131734,6,67,67301,2013,12,7,2103,21,3,1,0,1,1,1,4,Y,6,0,2,3,0,1,3,2,N,N,40 01:17.533,75 02:23.692,2121,35,2114,1,1,2,N, ,0,N,N,N,N,N,Y,Y,N,Y,2,2,0,0,0,0,0,0,0,0,0,1,1,0,0,0,0,0,0,0,0,0,0,0,0,0,0,0,0,0,0,0,0,0,0,4,0,40.0234,-75.0336, , 
56708,621277,2014017006,6,67,67301,2013,11,6,1007,10,1,2,1,1,1, , ,N,2,2,0,3,0,1,4,3,N,N,39 58:56.525,75 15:51.966,1011, ,1007, ,0, ,N, ,3, , , , , , , , , ,3,0,0,0,0,0,3,0,0,0,0,1,1,0,0,0,0,0,0,0,2,0,0,0,0,0,0,0,0,0,0,0,0,0,0,4,0,39.9823,-75.2644, , 
56709,621317,2014006849,6,67,67301,2013,12,7,1705,17,3,1,0,8,1, , ,N,0,0,0,3,0,1,2,2,N,N,40 02:20.397,75 09:02.336,1800, ,1725, ,0, ,N, ,0, , , , , , , , , ,1,1,0,0,0,0,0,0,0,0,0,0,1,1,0,0,0,0,0,0,1,0,0,0,0,0,0,0,0,0,0,0,1,0,0,8,0,40.039,-75.1506, , 
56710,621325,2013130101,6,67,67301,2013,11,4,235,2,3,1,0,4,1, , ,N,1,3,0,3,0,0,2,4,N,N,40 02:00.161,75 02:36.415,246, ,245, ,0, ,N, ,3, , , , , , , , , ,4,1,0,0,1,0,2,0,0,0,0,0,0,0,0,0,0,0,0,0,0,0,0,0,0,0,0,0,0,0,0,0,0,0,0,0,0,40.0334,-75.0434, , 
56711,621326,2013130237,6,67,67301,2013,12,1,1400,14,1,4,3,4,1, , ,N,0,0,0,3,0,0,3,2,N,N,40 01:37.280,75 01:31.487,1430, ,1405,2,2,1,N, ,0,Y, , , , , , , , ,2,1,0,0,1,0,0,0,0,0,0,0,0,0,0,0,0,0,0,0,0,0,0,0,0,0,0,0,0,0,0,0,0,0,0,0,0,40.0269,-75.0256, , 
56712,621338,2014009831,6,67,67301,2013,12,2,9999,99,3,2,1,7,4, , ,N,0,0,0,3,0,0,1,1,N,N,40 03:46.059,75 10:16.126,230, ,224, ,0, ,N, ,0, , , , , , , , , ,1,1,0,0,0,0,0,0,0,0,0,0,0,0,0,0,0,0,0,0,0,0,0,1,0,0,0,0,0,0,0,0,0,0,0,0,0,40.0628,-75.1711, , 
56713,624348,2013077414,6,67,67301,2013,6,6,1653,16,1,2,1,4,1, , ,N,0,0,7,3,0,1,3,2,N, ,39 59:55.444,75 13:53.924,1705, ,1655, ,0, , , ,0, , , , , , , , , ,2,2,0,0,0,0,0,0,0,0,0,1,1,0,0,0,0,0,0,0,0,0,0,0,0,0,0,0,0,0,0,0,0,0,0,4,0,39.9987,-75.2316, , 
56714,624394,2013121318,6,67,67301,2013,10,5,2100,21,3,2,1,1,1, , ,N,1,2,0,3,0,0,2,2,N, ,40 03:40.129,75 09:15.983,2105, ,2100,1,2,4, , ,3,Y, , , , , , , , ,2,1,0,0,1,0,0,0,0,0,0,0,0,0,0,0,0,0,0,0,0,0,0,0,0,0,0,0,0,0,0,0,0,0,0,0,0,40.0611,-75.1544, , 
56715,624397,2013124841,6,67,67301,2013,12,5,1803,18,3,1,0,1,1, , ,N,0,0,0,3,0,2,3,3,N,N,39 59:28.904,75 12:11.611,1803, ,1803, ,0, ,N, ,0, , , , , , , , , ,3,3,0,0,0,0,0,0,0,0,0,1,2,1,0,0,0,0,0,0,1,0,0,0,0,0,0,0,0,0,0,0,0,0,0,4,0,39.9914,-75.2032, , 
56716,624401,2013096067,6,67,67301,2013,8,7,947,9,1,1,0,4,1, , ,N,1,2,0,3,0,0,2,2,N,N,40 01:47.079,75 03:36.108,950, ,948,1,1,4, , ,2,N, , , , , , , , ,2,2,0,0,0,0,0,0,0,0,0,0,0,0,0,0,0,0,0,0,0,1,0,0,0,0,0,0,0,0,0,0,0,0,0,0,0,40.0297,-75.06, , 
56717,624413,2013109439,6,67,67301,2013,10,5,1,0,3,1,0,4,1, , ,N,1,2,0,3,0,2,2,2,N, ,39 56:30.714,75 13:31.922,1, ,1,2,1,3, , ,3,Y, , , , , , , , ,2,1,0,0,1,0,0,0,0,0,0,1,2,1,0,0,0,0,0,0,0,1,0,1,0,0,0,0,0,0,0,0,0,0,0,4,0,39.9419,-75.2255, , 
56718,624427,2013124665,6,67,67301,2013,10,3,2322,23,3,1,0,5,1, , ,N,1,0,0,3,0,1,2,2,N,N,39 57:01.634,75 11:33.356,2326, ,2322, ,0, ,N, ,0, , , , , , , , , ,1,0,0,0,0,0,1,0,1,0,0,0,1,1,0,0,0,0,0,0,0,0,0,0,0,0,0,0,0,0,0,0,0,0,0,8,0,39.9505,-75.1926, , 
56719,624439,2013110726,6,67,67301,2013,10,1,340,3,3,1,0,7,2, , ,N,1,2,0,3,0,1,1,1,N,N,39 58:30.068,75 11:44.162,350, ,344, ,0, ,N, ,3, , , , , , , , , ,1,0,0,0,0,0,1,0,0,0,0,1,1,0,0,0,0,0,0,0,0,0,0,0,0,0,0,0,0,0,0,0,0,0,0,4,0,39.975,-75.1956, , 
56720,624440,2013111754,6,67,67301,2013,10,5,1025,10,1,2,1,0,4, , ,N,0,0,0,3,0,2,2,1,N,N,40 07:49.165,75 00:45.306,1035, ,1030, ,0, ,N, ,0, , , , , , , , , ,1,1,0,0,0,0,0,0,0,0,0,2,2,0,0,0,0,0,0,0,0,0,1,0,0,0,0,0,0,0,0,0,0,0,0,4,0,40.1303,-75.0126, , 
56721,624445,2013114490,6,67,67301,2013,10,6,1635,16,1,2,1,7,5, , ,N,0,0,0,3,0,0,1,1,N,N,39 59:32.773,75 11:39.402,1642, ,1637, ,0, ,N, ,0, , , , , , , , , ,1,1,0,0,0,0,0,0,0,0,0,0,0,0,0,0,0,0,0,0,0,0,0,0,0,0,0,0,0,0,0,0,0,0,0,0,0,39.9924,-75.1943, , 
56722,624449,2014009693,6,67,67301,2013,12,3,9999,99,1,1,5,2,1, , ,N,0,0,0,3,0,1,2,2,N,N,39 55:48.572,75 14:35.977,1313, ,1309, ,0, ,N, ,0, , , , , , , , , ,2,1,0,0,0,0,1,0,0,0,1,0,1,0,0,0,0,0,0,0,0,0,0,0,0,0,0,0,0,0,0,0,0,0,0,3,0,39.9302,-75.2433, , 
56723,624464,2013112780,6,67,67301,2013,11,6,1121,11,1,2,1,7,5, , ,N,0,0,0,3,0,0,1,1,N,N,39 58:57.309,75 12:27.900,1127, ,1121, ,0, ,N, ,0, , , , , , , , , ,1,1,0,0,0,0,0,0,0,0,0,0,0,0,0,0,0,0,0,0,0,0,0,0,0,0,0,0,0,0,0,0,0,0,0,0,0,39.9826,-75.2078, , 
56724,624475,2013121451,6,67,67301,2013,10,6,2100,21,3,1,0,6,1, , ,N,0,0,0,3,0,0,2,2,N,N,39 56:34.526,75 10:31.684,2135, ,2130, ,0, ,N, ,0, , , , , , , , , ,2,1,0,0,0,0,0,0,0,0,0,0,0,0,0,0,0,0,0,0,0,0,0,0,0,0,0,0,0,0,0,0,0,0,0,0,0,39.9429,-75.1755, , 
56725,624479,2013125864,6,67,67301,2013,10,5,1930,19,1,1,0,8,1, , ,N,0,0,0,3,0,1,2,2,N,N,39 57:04.972,75 12:00.565,1933, ,1933,3,2,6, , ,0,Y, , , , , , , , ,1,1,0,0,0,0,0,0,0,0,0,0,1,1,1,0,0,0,0,0,0,0,0,0,0,0,0,0,0,0,0,0,1,0,0,8,0,39.9514,-75.2002, , 
56726,624490,2014000441,6,67,67301,2013,11,6,1600,16,3,2,1,1,1, , ,N,0,0,0,3,0,1,2,2,N, ,40 04:01.688,75 01:40.613,1700, ,1700, ,0, , , ,0, , , , , , , , , ,2,2,0,0,0,0,0,0,0,0,0,1,1,0,1,0,0,0,0,0,0,0,0,0,0,0,0,0,0,0,0,0,0,0,0,4,0,40.0671,-75.0279, , 
56727,624497,2013121410,6,67,67301,2013,10,4,1115,11,1,1,0,1,1, , ,N,0,8,0,3,0,2,2,2,N, ,40 01:06.983,75 09:59.913,1128, ,1118, ,0, , , ,3, , , , , , , , , ,2,2,0,0,0,0,0,0,0,0,0,0,2,2,0,0,0,0,0,0,0,2,0,0,0,0,0,0,0,0,0,0,0,0,0,8,0,40.0186,-75.1666, , 
56728,624498,2013123052,6,67,67301,2013,11,7,2145,21,3,1,0,4,1, , ,N,1,2,0,3,0,1,3,2,N, ,39 55:26.071,75 09:57.750,2146, ,2146,9,2,2, , ,3,Y, , , , , , , , ,1,0,0,0,0,0,0,1,1,0,0,0,1,1,0,0,0,0,0,0,0,0,0,0,0,0,0,0,0,0,0,0,0,0,0,8,0,39.9239,-75.166, , 
56729,624503,2013130128,6,67,67301,2013,11,5,1925,19,3,1,0,4,1, , ,N,1,2,0,3,0,0,4,2,N, ,39 59:25.940,75 07:06.347,1933, ,1930, ,0, , , ,3, , , , , , , , , ,2,1,0,0,0,0,0,1,0,0,0,0,0,0,1,0,0,0,0,0,0,0,0,0,0,0,0,0,0,0,0,0,0,0,0,9,0,39.9905,-75.1184, , 
56730,624516,2013126985,6,67,67301,2013,11,2,1043,10,1,1,0,4,1, , ,N,5,2,0,3,0,0,2,2,N, ,40 02:30.909,75 04:29.910,1053, ,1043, ,0, , , ,3, , , , , , , , , ,2,2,0,0,0,0,0,0,0,0,0,0,0,0,0,0,0,0,0,0,0,1,0,0,0,0,0,0,0,0,0,0,0,0,0,0,0,40.0419,-75.075, , 
56731,624536,2014002756,6,67,67301,2013,12,6,1258,12,1,2,1,8,1, , ,N,1,0,0,3,0,1,2,2,N, ,40 02:23.058,75 01:57.384,1320, ,1314, ,0, ,N, ,0, , , , , , , , , ,1,1,0,0,0,0,0,0,0,0,0,1,1,0,0,0,0,0,0,0,0,0,0,0,0,0,0,0,0,0,0,0,1,0,0,4,0,40.0397,-75.0326, , 
56732,627501,2014009877,6,67,67301,2013,12,2,1730,17,3,2,1,3,6, , ,N,0,0,0,3,0,1,2,2,N, ,39 57:36.176,75 14:27.895,1739, ,1730, ,0, , , ,0, , , , , , , , , ,2,0,0,0,0,1,1,0,0,0,0,1,1,0,0,0,0,0,0,0,0,0,0,0,0,0,0,0,0,0,0,0,0,0,0,4,1,39.96,-75.2411, , 
56733,627509,2013103996,6,67,67301,2013,9,4,1225,12,1,1,0,4,1, , ,N,2,3,0,3,0,1,2,2,N, ,39 57:27.036,75 09:40.666,1233, ,1229, ,0, , , ,3, , , , , , , , , ,1,1,0,0,0,0,0,0,1,0,1,0,1,0,0,0,0,0,0,0,0,0,0,0,0,0,0,0,0,0,0,0,0,0,0,3,0,39.9575,-75.1613, , 
56734,627528,2013125949,6,67,67301,2013,11,6,240,2,3,1,0,5,1, , ,N,0,2,0,3,0,1,1,7,N,N,40 02:02.114,75 07:42.012,244, ,242, ,0, ,N, ,3, , , , , , , , , ,7,3,0,0,1,1,2,0,0,0,0,1,1,0,0,0,0,0,0,0,0,0,0,0,0,0,0,0,0,0,0,0,0,0,0,4,1,40.0339,-75.1283, , 
56735,627537,2013066705,6,67,67301,2013,3,1,1505,15,1,1,0,8,1, , ,N,1,0,0,3,0,1,2,2,N,N,40 02:52.901,75 05:34.215,0, ,0, ,0, ,N, ,0, , , , , , , , , ,1,0,0,0,0,0,0,1,0,0,0,0,1,1,0,0,0,0,0,0,0,0,0,0,0,0,0,0,0,0,0,0,1,0,0,8,0,40.048,-75.0928, , 
56736,627555,2013079549,6,67,67301,2013,7,1,9999,99,2,1,0,4,1, , ,N,1,2,0,3,0,1,2,2,N, ,40 03:20.842,75 10:34.267,2110, ,2110, ,0, , , ,1, , , , , , , , , ,2,1,0,0,0,0,1,0,0,0,0,0,1,1,0,0,0,0,0,0,0,0,0,1,0,0,0,0,0,0,0,0,0,0,0,8,0,40.0558,-75.1762, , 
56737,627576,2013117633,6,67,67301,2013,11,5,827,8,1,1,0,4,1, , ,N,1,2,0,3,0,2,3,2,N,N,40 06:40.143,75 01:27.353,845, ,827,2,2,1,N, ,3,Y, , , , , , , , ,2,0,0,0,0,1,0,1,0,0,0,2,2,0,0,0,0,0,0,0,0,0,0,0,0,0,0,0,0,0,0,0,0,0,0,4,1,40.1112,-75.0243, , 
56738,627592,2013129424,6,67,67301,2013,11,3,2235,22,3,1,0,5,1, , ,N,1,3,0,3,0,1,2,2,N,N,39 55:40.256,75 10:37.527,2238, ,2237,1,2,2, , ,3,N, , , , , , , , ,2,1,0,0,0,0,0,1,0,0,0,0,1,1,0,0,0,0,0,0,0,0,0,0,0,0,0,0,0,0,0,0,0,0,0,8,0,39.9278,-75.1771, , 
56739,627609,2013122980,6,67,67301,2013,11,6,635,6,5,2,1,8,1, , ,N,1,2,0,3,0,1,2,2,N,N,39 57:43.161,75 14:26.866,642, ,635,5,2,4,N, ,3,Y, , , , , , , , ,1,0,0,0,0,0,1,0,0,1,0,0,1,0,0,0,0,0,0,0,0,0,0,0,0,0,0,0,0,0,0,0,1,0,1,2,0,39.9619,-75.2408, , 
56740,627628,2014009835,6,67,67301,2013,12,2,2156,21,3,1,0,8,1, , ,N,1,3,0,3,0,1,2,3,N,N,39 55:40.256,75 10:37.527,2204, ,2201, ,0, ,N, ,3, , , , , , , , , ,1,1,0,0,0,0,0,0,0,0,0,1,1,0,0,0,0,0,0,0,0,0,0,0,0,0,0,0,0,0,0,0,1,0,0,4,0,39.9278,-75.1771, , 
56741,627645,2013123545,6,67,67301,2013,10,4,1855,18,3,1,0,1,2, , ,N,6,0,2,3,0,1,1,2,N, ,40 05:54.540,74 59:06.576,1908, ,1859, ,0, , , ,0, , , , , , , , , ,2,0,0,0,0,1,1,0,0,0,1,0,1,0,0,0,0,0,0,0,0,0,0,0,0,0,0,0,0,0,0,0,0,0,0,3,1,40.0985,-74.9852, , 
56742,627654,2014006301,6,67,67301,2013,12,2,1800,18,3,8,8,1,1, , ,N,1,3,0,3,0,4,5,2,N,N,39 58:07.842,75 13:56.074,9999, ,9999, ,0, ,N, ,3, , , , , , , , , ,2,2,0,0,0,0,0,0,0,0,0,4,4,0,1,0,0,0,0,0,0,0,1,0,0,0,0,0,0,0,0,0,0,0,0,4,0,39.9688,-75.2322, , 
56743,627661,2013093043,6,67,67301,2013,8,1,5,0,3,1,0,4,1, , ,N,1,3,0,3,0,1,2,3,N, ,39 55:51.578,75 09:11.372,24, ,24, ,0, , , ,3, , , , , , , , , ,2,0,0,0,0,0,1,0,1,0,0,0,1,1,0,0,0,0,0,0,0,0,0,0,0,0,0,0,0,0,0,0,0,0,0,8,0,39.931,-75.1532, , 
56744,627668,2013105960,6,67,67301,2013,10,2,635,6,5,1,0,1,1, , ,N,0,0,0,3,0,0,3,3,N,N,40 00:29.003,75 12:09.619,647, ,638,1,1,3,N, ,0,N, , , , , , , , ,3,2,0,0,0,0,1,0,0,0,0,0,0,0,0,0,0,0,0,0,0,0,0,0,0,0,0,0,0,0,0,0,0,0,0,0,0,40.0081,-75.2027, , 
56745,627674,2014013565,6,67,67301,2013,12,2,2045,20,3,1,0,8,1, , ,N,0,0,0,3,0,1,2,2,N,N,39 59:44.231,75 10:43.978,2045, ,2045,2,1,1,N, ,0,N, , , , , , , , ,1,0,0,0,1,0,0,0,0,0,0,1,1,0,0,0,0,0,0,0,0,0,0,0,0,0,0,0,0,0,0,0,1,0,0,4,0,39.9956,-75.1789, , 
56746,627675,2014015508,6,46,46102,2013,9,6,1630,16,1,1,0,1,1, , ,N,1,2,0,3,0,1,2,2,N,N,40 03:55.027,75 05:25.289,0, ,0, ,0, ,N, ,3, , , , , , , , , ,2,2,0,0,0,0,0,0,0,0,0,0,1,1,1,0,0,0,0,0,2,0,0,0,0,0,0,0,0,0,0,0,0,0,0,8,0,40.0653,-75.0904, , 
56747,627684,2013121751,6,67,67301,2013,11,3,1459,14,1,2,1,1,1, , ,N,0,0,0,3,0,1,4,3,N,N,39 59:49.691,75 04:55.861,1549, ,1528, ,0, ,N, ,0, , , , , , , , , ,3,1,0,0,0,0,1,1,0,0,0,0,1,1,0,0,0,0,0,0,1,0,0,0,0,0,0,0,0,0,0,0,0,0,0,8,0,39.9971,-75.0822, , 
56748,627686,2013125798,6,67,67301,2013,12,4,641,6,5,1,5,4,1, , ,N,0,0,0,3,0,1,2,2,N,N,40 06:25.555,74 59:52.670,645, ,641,3,1,1,N, ,0,N, , , , , , , , ,2,1,0,0,1,0,0,0,0,0,0,0,1,1,0,0,0,0,0,0,0,0,0,1,0,0,0,0,0,0,0,0,0,0,0,8,0,40.1071,-74.998, , 
56749,627690,2014000983,6,67,67301,2013,11,1,1220,12,1,1,0,1,1, , ,N,0,0,0,3,0,1,3,2,N, ,40 03:21.427,75 01:42.290,1230, ,1227, ,0, , , ,0, , , , , , , , , ,2,2,0,0,0,0,0,0,0,0,1,0,1,0,0,0,0,0,0,0,1,0,0,0,0,0,0,0,0,0,0,0,0,0,0,3,0,40.056,-75.0284, , 
56750,618351,2014001119,6,67,67301,2013,11,4,1103,11,1,2,1,8,1, , ,N,0,0,0,3,0,1,2,2,N,N,40 00:01.300,75 06:22.501,1115, ,1104, ,0, ,N, ,0, , , , , , , , , ,1,1,0,0,0,0,0,0,0,0,0,0,1,1,0,0,0,0,0,0,1,0,0,0,0,0,0,0,0,0,0,0,1,0,0,8,0,40.0004,-75.1063, , 
56751,618358,2013129440,6,67,67301,2013,11,5,735,7,1,1,0,8,1, , ,N,1,2,0,3,0,1,2,2,N,N,39 58:13.307,75 14:42.706,805, ,752, ,0, ,N, ,3, , , , , , , , , ,1,1,0,0,0,0,0,0,0,0,0,1,1,0,0,0,0,0,0,0,0,1,0,0,0,0,0,0,0,0,0,0,1,0,0,4,0,39.9704,-75.2451, , 
56752,618360,2013130001,6,67,67301,2013,12,5,1104,11,1,1,0,5,1, , ,N,1,2,0,3,0,1,2,2,N,N,39 57:29.061,75 09:44.627,1152, ,1105,2,2,1,N, ,3,Y, , , , , , , , ,2,1,0,0,0,1,0,0,0,0,0,1,1,0,0,0,0,0,0,0,2,0,0,0,0,0,0,0,0,0,0,0,0,0,0,4,1,39.9579,-75.1623, , 
56753,618379,2013109380,6,67,67301,2013,10,2,1700,17,1,2,1,5,1, , ,N,0,0,0,3,0,1,3,3,N,N,40 01:49.968,75 06:14.552,1730, ,1727, ,0, ,N, ,0, , , , , , , , , ,3,2,0,0,0,1,0,0,0,0,0,0,1,1,0,0,0,0,0,0,0,0,0,0,0,0,0,0,0,0,0,0,0,0,0,8,1,40.0305,-75.104, , 
56754,618382,2013111886,6,67,67301,2013,10,2,740,7,1,1,0,6,1, , ,N,1,2,0,3,0,1,4,2,N,N,39 57:14.731,75 13:19.437,750, ,747, ,0, , , ,3, , , , , , , , , ,1,1,0,0,0,0,0,0,1,0,0,1,1,0,0,0,0,0,0,0,0,0,1,0,0,0,0,0,0,0,0,0,0,0,0,4,0,39.9541,-75.2221, , 
56755,618390,2013122059,6,67,67301,2013,10,7,2133,21,3,1,0,8,1, , ,N,1,2,0,3,0,1,2,2,N, ,40 02:53.422,75 01:33.866,2135, ,2134, ,0, , , ,3, , , , , , , , , ,1,1,0,0,0,0,0,0,0,0,0,0,1,1,0,0,0,0,0,0,0,0,0,0,0,0,0,0,0,0,0,0,1,0,0,8,0,40.0482,-75.0261, , 
56756,618393,2013129509,6,67,67301,2013,11,3,1700,17,3,2,1,4,1, , ,N,3,3,0,3,0,1,3,2,N,N,40 00:01.828,75 05:47.284,1730, ,1725,9,1,6, , ,3,N, , , , , , , , ,2,2,0,0,0,0,0,0,0,0,0,0,1,1,1,0,0,0,0,0,0,0,0,0,0,0,0,0,0,0,0,0,0,0,0,8,0,40.0005,-75.0965, , 
56757,618395,2014006789,6,67,67301,2013,12,4,903,9,1,1,5,7,4, , ,N,2,3,0,3,0,0,1,1,N,N,40 02:46.304,75 03:07.368,915, ,905,1,2,1,N, ,3,Y, , , , , , , , ,1,1,0,0,0,0,0,0,0,0,0,0,0,0,0,0,0,0,0,0,0,0,0,0,0,0,0,0,0,0,0,0,0,0,0,0,0,40.0462,-75.052, , 
56758,618409,2013111763,6,67,67301,2013,10,5,905,9,1,2,1,4,1, , ,N,2,2,0,3,0,1,2,2,N,N,39 56:51.715,75 11:55.544,910, ,905, ,0, ,N, ,3, , , , , , , , , ,1,1,0,0,0,0,0,0,1,0,0,0,1,1,0,0,0,0,0,0,0,0,0,0,0,0,0,0,0,0,0,0,0,0,0,8,0,39.9477,-75.1986, , 
56759,618411,2013114444,6,67,67301,2013,10,4,1915,19,3,1,0,1,1, , ,N,0,0,0,3,0,1,3,3,N,N,40 07:06.255,74 59:35.534,1940, ,1930, ,0, ,N, ,0, , , , , , , , , ,3,1,0,0,0,0,2,0,0,0,0,1,1,0,0,0,0,0,0,0,1,0,0,0,0,0,0,0,0,0,0,0,0,0,0,4,0,40.1184,-74.9932, , 
56760,618419,2013122063,6,67,67301,2013,10,5,1958,19,3,1,0,4,1, , ,N,2,0,0,3,0,1,3,2,N,N,39 58:28.009,75 12:06.339,1959, ,1959, ,0, ,N, ,0, , , , , , , , , ,2,1,0,1,0,0,0,0,0,0,0,1,1,0,0,0,0,0,0,0,1,0,0,0,0,0,0,0,0,0,0,0,0,0,0,4,1,39.9744,-75.2017, , 
56761,618432,2014001120,6,67,67301,2013,11,4,830,8,1,2,1,7,5, , ,N,0,0,0,3,0,1,1,1,N,N,40 07:44.506,75 01:28.580,840, ,830, ,0, ,N, ,0, , , , , , , , , ,1,0,0,0,0,0,1,0,0,0,0,0,1,1,0,0,0,0,0,0,0,0,0,0,0,0,0,0,0,0,0,0,0,0,0,8,0,40.129,-75.0246, , 
56762,618434,2014002758,6,67,67301,2013,11,5,1104,11,1,1,0,4,1, , ,N,1,2,0,3,0,1,2,2,N,N,40 03:40.446,75 05:00.751,1105, ,1105,1,1,2,N, ,3,Y, , , , , , , , ,2,2,0,0,0,0,0,0,0,0,0,1,1,0,0,0,0,0,0,0,0,2,0,0,0,0,0,0,0,0,0,0,0,0,0,4,0,40.0612,-75.0835, , 
56763,618435,2014009721,6,67,67301,2013,12,6,1426,14,1,2,1,7,3, , ,N,0,0,0,3,0,1,3,2,N,N,40 01:00.634,75 12:09.107,1500, ,1426,1,2,1,N, ,0,N, , , , , , , , ,2,1,0,0,0,0,1,0,0,0,0,1,1,0,0,0,0,0,0,0,1,0,0,0,0,0,0,0,0,0,0,0,0,0,0,4,0,40.0168,-75.2025, , 
56764,618436,2014009725,6,67,67301,2013,12,7,2045,20,3,1,0,1,1, , ,N,2,2,0,3,0,2,4,2,N, ,39 57:29.959,75 12:39.803,2054, ,2051, ,0, , , ,3, , , , , , , , , ,2,2,0,0,0,0,0,0,0,0,0,2,2,0,0,0,0,0,0,0,0,0,0,1,0,0,0,0,0,0,0,0,0,0,0,4,0,39.9582,-75.211, , 
56765,618444,2013123021,6,67,67301,2013,11,6,1329,13,1,1,0,8,1, , ,N,1,2,0,3,0,1,2,2,N, ,39 55:21.386,75 11:06.705,1334, ,1329, ,0, , , ,3, , , , , , , , , ,1,0,0,0,0,0,1,0,0,0,0,0,1,1,0,0,0,0,0,0,0,0,0,0,0,0,0,0,0,0,0,0,1,0,0,8,0,39.9226,-75.1852, , 
56766,618451,2013065322,6,67,67301,2013,5,3,1019,10,1,2,1,4,1, , ,N,1,2,0,3,0,1,3,2,N, ,40 03:19.172,75 04:23.456,1023, ,1021, ,0, , , ,3, , , , , , , , , ,2,1,0,1,0,0,0,0,0,0,0,0,1,1,0,0,0,0,0,0,0,0,0,0,0,0,0,0,0,0,0,0,0,0,0,8,1,40.0553,-75.0733, , 
56767,618452,2013065400,6,67,67301,2013,5,7,2131,21,3,2,1,4,1, , ,N,1,2,0,3,0,1,3,2,N,N,39 55:38.650,75 08:41.161,2136, ,2133, ,0, ,N, ,3, , , , , , , , , ,2,1,0,0,1,0,0,0,0,0,0,1,1,0,0,0,0,0,0,0,0,1,0,0,0,0,0,0,0,0,0,0,0,0,0,4,0,39.9273,-75.1448, , 