objectid_1,objectid,crn,district,county,municipality,crash_year,crash_month,day_of_week,time_of_day,hour_of_day,illumination,weather,road_condition,collision_type,relation_to_road,work_zone_type,work_zone_loc,work_zone_ind,intersect_type,tcd_type,location_type,urban_rural,fatal_count,injury_count,person_count,total_units,sch_bus_ind,sch_zone_ind,latitude,longitude,arrival_tm,cons_zone_spd_lim,dispatch_tm,est_hrs_closed,lane_closed,ln_close_dir,ntfy_hiwy_maint,spec_juris_cd,tcd_func_cd,tfc_detour_ind,workers_pres,wz_close_detour,wz_flagger,wz_law_offcr_ind,wz_ln_closure,wz_moving,wz_other,wz_shlder_mdn,vehicle_count,automobile_count,motorcycle_count,bus_count,small_truck_count,heavy_truck_count,suv_count,van_count,bicycle_count,maj_inj_count,mod_inj_count,min_inj_count,tot_inj_count,unk_inj_deg_count,unk_inj_per_count,driver_count_16yr,driver_count_17yr,driver_count_18yr,driver_count_19yr,driver_count_20yr,driver_count_50_64yr,driver_count_65_74yr,driver_count_75plus,unbelted_occ_count,unb_death_count,unb_maj_inj_count,belted_death_count,belted_maj_inj_count,mcycle_death_count,mcycle_maj_inj_count,bicycle_death_count,bicycle_maj_inj_count,ped_count,ped_death_count,ped_maj_inj_count,max_severity_level,comm_veh_count,dec_lat,dec_long,rdwy_surf_type_cd,county_name
57105,616178,2013101271,6,67,67301,2013,9,2,1226,12,1,2,1,7,2, , ,N,0,0,0,3,0,0,1,1,N,N,39 58:52.230,75 11:59.915,1238, ,1228, ,0, ,N, ,0, , , , , , , , , ,1,1,0,0,0,0,0,0,0,0,0,0,0,0,0,0,0,0,0,1,0,0,0,0,0,0,0,0,0,0,0,0,0,0,0,0,0,39.9812,-75.2, , 
57106,616179,2013070164,6,67,67301,2013,6,5,9999,99,1,2,1,1,1, , ,N,1,2,0,3,0,1,3,2,N,N,40 05:56.940,74 59:44.015,1651, ,1632, ,0, ,N, ,3, , , , , , , , , ,2,1,0,0,0,0,0,1,0,0,0,0,1,1,0,1,0,0,0,0,1,0,0,0,0,0,0,0,0,0,0,0,0,0,0,8,0,40.0992,-74.9956, , 
57107,616188,2013079174,6,67,67301,2013,7,3,1822,18,1,1,0,1,1, , ,N,0,0,0,3,0,0,2,2,N,N,39 58:04.037,75 11:22.937,1841, ,1832,1,2,4,N, ,0,N, , , , , , , , ,2,1,0,0,0,0,1,0,0,0,0,0,0,0,0,0,0,0,0,0,0,0,0,0,0,0,0,0,0,0,0,0,0,0,0,0,0,39.9678,-75.1897, , 
57108,616205,2013095999,6,67,67301,2013,8,3,1010,10,1,1,0,7,5, , ,N,0,0,0,3,0,1,1,3,N,N,40 03:11.930,75 08:22.012,1035, ,1030, ,0, ,N, ,0, , , , , , , , , ,3,3,0,0,0,0,0,0,0,0,1,0,1,0,0,0,0,0,0,0,0,0,1,0,0,0,0,0,0,0,0,0,0,0,0,3,0,40.0533,-75.1394, , 
57109,616220,2013109389,6,67,67301,2013,9,2,2330,23,3,1,0,8,1, , ,N,1,0,0,3,0,1,2,2,N, ,40 03:18.419,75 09:27.809,1304, ,1300, ,0, , , ,0, , , , , , , , , ,1,0,0,0,0,0,0,0,0,0,0,0,1,1,0,0,0,0,0,0,0,0,0,0,0,0,0,0,0,0,0,0,1,0,0,8,0,40.0551,-75.1577, , 
57110,616225,2013118762,6,67,67301,2013,11,6,1545,15,1,1,0,1,1, , ,N,0,0,0,3,0,2,10,4,Y,N,40 00:55.683,75 09:26.334,1650, ,1630,2,1,2,N, ,0,N, , , , , , , , ,4,2,0,1,0,0,0,1,0,0,0,2,2,0,0,0,0,0,0,0,2,0,0,0,0,0,0,0,0,0,0,0,0,0,0,4,1,40.0155,-75.1573, , 
57111,616228,2013080092,6,67,67301,2013,7,1,236,2,3,1,0,1,1, , ,N,0,0,0,3,0,0,3,5,N,N,40 00:21.982,75 08:22.705,236, ,232, ,0, ,N, ,0, , , , , , , , , ,5,2,0,0,1,0,2,0,0,0,0,0,0,0,0,0,0,0,0,0,0,0,0,3,0,0,0,0,0,0,0,0,0,0,0,0,0,40.0061,-75.1396, , 
57112,616235,2013086121,6,67,67301,2013,6,1,2216,22,3,1,0,7,4, , ,N,1,2,0,3,1,0,1,1,N,N,40 01:48.002,75 06:15.006,2228, ,2219,3,2,2,N,0,3,Y, , , , , , , , ,1,1,0,0,0,0,0,0,0,0,0,0,0,0,0,0,0,0,0,0,0,0,0,0,0,0,0,0,0,0,0,0,0,0,0,1,0,40.03,-75.1042,2, 
57113,616236,2013086534,6,67,67301,2013,7,3,2212,22,3,1,0,1,1, , ,N,6,0,2,3,0,0,2,2,N,N,39 53:55.489,75 10:12.392,2234, ,1216, ,0, ,N, ,0, , , , , , , , , ,2,1,0,0,0,0,1,0,0,0,0,0,0,0,0,0,0,0,0,0,1,0,0,0,0,0,0,0,0,0,0,0,0,0,0,0,0,39.9,-75.1598, , 
57114,616250,2013101142,6,67,67301,2013,9,2,1700,17,1,1,0,8,1, , ,N,0,0,0,3,0,1,2,2,N, ,39 59:11.176,75 07:29.715,1710, ,1707, ,0, , , ,0, , , , , , , , , ,1,1,0,0,0,0,0,0,0,1,0,0,1,0,0,0,0,0,0,0,0,0,0,1,0,0,0,0,0,0,0,0,1,0,1,2,0,39.9864,-75.1249, , 
57115,619410,2013121332,6,67,67301,2013,10,5,2031,20,2,1,0,8,1, , ,N,0,0,0,3,0,1,2,2,N,N,40 01:36.172,75 07:30.805,2040, ,2035, ,0, ,N, ,0, , , , , , , , , ,1,0,0,0,0,0,1,0,0,0,0,0,1,1,0,0,0,0,0,0,0,0,0,0,0,0,0,0,0,0,0,0,1,0,0,8,0,40.0267,-75.1252, , 
57116,619411,2013122991,6,67,67301,2013,10,5,2307,23,3,2,1,6,1, , ,N,0,0,0,3,0,1,2,2,N, ,39 55:30.253,75 14:42.083,2340, ,2340,9,1,2, , ,0,N, , , , , , , , ,2,1,0,0,1,0,0,0,0,0,1,0,1,0,0,0,0,0,1,0,0,0,0,0,0,0,0,0,0,0,0,0,0,0,0,3,0,39.9251,-75.245, , 
57117,619430,2013109386,6,67,67301,2013,9,7,2310,23,3,2,1,1,1, , ,N,2,0,0,3,0,2,2,2,N, ,40 00:52.743,75 07:56.330,2346, ,2342, ,0, , , ,0, , , , , , , , , ,2,2,0,0,0,0,0,0,0,0,0,2,2,0,0,0,0,0,0,0,1,0,0,0,0,0,0,0,0,0,0,0,0,0,0,4,0,40.0147,-75.1323, , 
57118,619436,2013111784,6,67,67301,2013,10,2,1337,13,1,9,1,4,1, , ,N,1,2,0,3,0,1,2,2,N,N,39 55:14.279,75 10:13.546,1339, ,1338, ,0, ,N, ,3, , , , , , , , , ,2,0,0,0,1,0,0,1,0,0,0,1,1,0,0,0,0,0,0,0,0,0,0,0,0,0,0,0,0,0,0,0,0,0,0,4,0,39.9206,-75.1704, , 
57119,619442,2013115360,6,67,67301,2013,10,7,9999,99,3,1,1,8,6, , ,N,0,0,0,3,0,1,2,2,N,N,39 57:36.745,75 10:01.120,258, ,252, ,0, , , ,0, , , , , , , , , ,1,1,0,0,0,0,0,0,0,0,1,0,1,0,0,0,0,0,0,0,0,0,0,0,0,0,0,0,0,0,0,0,1,0,0,3,0,39.9602,-75.167, , 
57120,619469,2013101758,6,67,67301,2013,9,7,1730,17,1,1,0,4,1, , ,N,1,2,0,3,0,2,3,2,N,N,40 02:25.798,75 03:31.964,1736, ,1735, ,0, ,N, ,3, , , , , , , , , ,2,0,0,0,0,0,1,0,0,0,0,2,2,0,0,0,0,0,0,0,0,0,0,0,0,0,0,0,0,0,0,0,0,0,0,4,0,40.0405,-75.0589, , 
57121,619470,2013103000,6,67,67301,2013,9,4,1420,14,1,1,0,1,1, , ,N,0,0,0,3,0,1,4,3,N,N,39 57:10.161,75 11:32.042,1424, ,1422, ,0, ,N, ,0, , , , , , , , , ,3,3,0,0,0,0,0,0,0,0,1,0,1,0,0,0,0,0,0,0,0,0,0,0,0,0,0,0,0,0,0,0,0,0,0,3,0,39.9528,-75.1922, , 
57122,619473,2013106650,6,67,67301,2013,9,4,1813,18,1,1,0,4,1, , ,N,1,3,0,3,0,1,3,2,N,N,39 57:30.117,75 09:30.481,1820, ,1815, ,0, ,N, ,3, , , , , , , , , ,2,0,0,0,0,0,2,0,0,0,0,1,1,0,1,0,0,0,0,0,1,0,0,0,0,0,0,0,0,0,0,0,0,0,0,4,0,39.9584,-75.1585, , 
57123,619485,2013123038,6,67,67301,2013,10,1,2040,20,3,1,0,5,1, , ,N,0,0,0,3,0,1,3,2,N, ,39 57:29.317,75 12:34.775,2045, ,2045, ,0, , , ,0, , , , , , , , , ,2,2,0,0,0,0,0,0,0,0,0,1,1,0,0,0,0,0,0,0,0,0,0,0,0,0,0,0,0,0,0,0,0,0,0,4,0,39.9581,-75.2097, , 
57124,619500,2013130107,6,67,67301,2013,11,6,419,4,3,1,0,4,1, , ,N,5,2,0,3,0,3,3,2,N,N,40 01:53.078,75 05:05.038,425, ,421,9,1,1,N, ,3,N, , , , , , , , ,2,1,0,0,0,0,0,1,0,0,0,0,3,3,0,0,0,0,0,0,1,0,0,0,0,0,0,0,0,0,0,0,0,0,0,8,0,40.0314,-75.0847, , 
57125,619517,2014000984,6,67,67301,2013,12,2,1454,14,1,1,0,8,1, , ,N,0,0,7,3,0,1,2,2,N,N,40 02:04.560,75 02:17.240,1520, ,1514, ,0, ,N, ,0, , , , , , , , , ,1,1,0,0,0,0,0,0,0,0,0,0,1,1,0,0,0,0,0,0,1,0,0,0,0,0,0,0,0,0,0,0,1,0,0,8,0,40.0346,-75.0381, , 
57126,619518,2014005336,6,67,67301,2013,11,1,2039,20,3,1,0,5,6, , ,N,0,0,0,3,0,1,1,3,N,N,40 00:29.169,75 08:39.814,2058, ,2039, ,0, , , ,0, , , , , , , , , ,3,2,0,0,0,0,1,0,0,0,0,1,1,0,0,0,0,0,0,0,0,0,0,0,0,0,0,0,0,0,0,0,0,0,0,4,0,40.0081,-75.1444, , 
57127,619521,2013112345,6,67,67301,2013,10,7,820,8,1,1,0,7,5, , ,N,0,0,0,3,0,1,1,1,N, ,40 03:33.487,75 03:30.155,837, ,832, ,0, , , ,0, , , , , , , , , ,1,0,0,0,0,0,1,0,0,0,0,1,1,0,0,0,0,1,0,0,0,0,0,1,0,0,0,0,0,0,0,0,0,0,0,4,0,40.0654,-75.0526, , 
57128,619522,2013113239,6,67,67301,2013,11,1,1323,13,1,1,0,2,1, , ,N,1,2,0,3,0,0,2,2,N,N,39 58:59.480,75 09:24.548,1325, ,1324, ,0, ,N, ,3, , , , , , , , , ,2,2,0,0,0,0,0,0,0,0,0,0,0,0,0,0,0,0,0,0,0,0,0,0,0,0,0,0,0,0,0,0,0,0,0,0,0,39.9832,-75.1568, , 
57129,619525,2013115352,6,67,67301,2013,10,5,1830,18,3,2,1,1,1, , ,N,0,0,0,3,0,1,2,2,N,N,40 06:00.720,75 01:19.488,1910, ,1900, ,0, ,N, ,0, , , , , , , , , ,2,1,0,0,0,0,0,1,0,0,0,1,1,0,1,0,0,0,0,0,1,0,0,0,0,0,0,0,0,0,0,0,0,0,0,4,0,40.1002,-75.0221, , 
57130,619537,2014002774,6,67,67301,2013,11,5,1542,15,1,1,0,4,1, , ,N,1,2,0,3,0,0,2,2,N, ,40 05:12.685,74 58:19.097,1548, ,1542, ,0, , , ,3, , , , , , , , , ,2,2,0,0,0,0,0,0,0,0,0,0,0,0,0,0,0,0,0,0,0,1,0,0,0,0,0,0,0,0,0,0,0,0,0,0,0,40.0868,-74.9718, , 
57131,619548,2013104023,6,67,67301,2013,9,5,524,5,1,1,0,4,1, , ,N,1,2,0,3,0,1,2,2,N,N,40 02:17.196,75 03:16.819,529, ,527,1,2,2,N, ,3,Y, , , , , , , , ,1,0,0,0,0,0,0,1,1,0,0,1,1,0,0,0,0,0,0,0,0,0,0,0,0,0,0,0,0,0,0,0,0,0,0,4,0,40.0381,-75.0547, , 
57132,619555,2013111815,6,67,67301,2013,10,7,1945,19,2,1,0,1,1, , ,N,0,0,0,3,0,1,2,2,N,N,40 05:01.571,75 02:20.432,1950, ,1945, ,0, ,N, ,0, , , , , , , , , ,2,1,0,0,1,0,0,0,0,0,0,1,1,0,0,1,0,0,0,0,0,0,0,0,0,0,0,0,0,0,0,0,0,0,0,4,0,40.0838,-75.039, , 
57133,622284,2014013076,6,67,67301,2013,12,2,1045,10,1,1,0,4,1, , ,N,1,2,0,3,0,1,3,2,N,N,39 57:36.745,75 11:27.211,1046, ,1045, ,0, ,N, ,3, , , , , , , , , ,2,1,0,0,0,1,0,0,0,0,0,1,1,0,0,0,0,0,0,0,1,0,0,0,0,0,0,0,0,0,0,0,0,0,0,4,1,39.9602,-75.1909, , 
57134,622288,2013125959,6,67,67301,2013,10,4,2151,21,3,1,0,7,5, , ,N,0,0,0,3,1,4,5,1,N,N,40 00:46.020,75 10:08.685,2158, ,2154,3,2,5,N,0,0,Y, , , , , , , , ,1,1,0,0,0,0,0,0,0,0,0,0,4,4,0,0,0,0,0,0,0,0,0,0,0,0,0,0,0,0,0,0,0,0,0,1,0,40.0128,-75.1691,2, 
57135,622300,2014000998,6,67,67301,2013,11,6,1917,19,3,1,0,4,1, , ,N,0,0,7,3,0,0,2,2,N, ,40 02:17.278,75 06:41.694,1929, ,1927,1,2,2, , ,0,Y, , , , , , , , ,2,2,0,0,0,0,0,0,0,0,0,0,0,0,0,0,0,0,0,0,0,0,0,0,0,0,0,0,0,0,0,0,0,0,0,0,0,40.0381,-75.1116, , 
57136,622309,2013129397,6,67,67301,2013,11,1,1859,18,3,1,0,8,1, , ,N,2,3,0,3,0,1,2,2,N,N,39 58:14.833,75 13:53.939,1901, ,1900,1,2,3,N, ,3,Y, , , , , , , , ,1,0,0,0,1,0,0,0,0,0,1,0,1,0,0,0,0,0,0,0,0,0,0,0,0,0,0,0,0,0,0,0,1,0,0,3,0,39.9708,-75.2316, , 
57137,622317,2014016129,6,67,67301,2013,12,5,215,2,3,1,0,4,1, , ,N,1,2,0,3,0,0,2,2,N,N,39 58:18.644,75 14:41.701,242, ,237, ,0, ,N, ,3, , , , , , , , , ,2,1,0,0,0,0,0,1,0,0,0,0,0,0,1,0,0,0,0,0,1,0,0,0,0,0,0,0,0,0,0,0,0,0,0,9,0,39.9719,-75.2448, , 
57138,622343,2013098441,6,67,67301,2013,8,6,755,7,1,1,0,1,1, , ,N,1,2,0,3,0,0,2,2,N, ,40 02:14.279,75 04:24.816,827, ,823,9,2,4, , ,3,N, , , , , , , , ,2,1,0,0,0,0,1,0,0,0,0,0,0,0,0,0,0,0,0,0,1,0,0,0,0,0,0,0,0,0,0,0,0,0,0,0,0,40.0373,-75.0736, , 
57139,622349,2013101802,6,67,67301,2013,8,5,253,2,3,1,0,7,5, , ,N,1,0,0,3,0,0,1,1,N,N,40 01:28.477,75 13:17.104,305, ,257, ,0, ,N, ,0, , , , , , , , , ,1,1,0,0,0,0,0,0,0,0,0,0,0,0,0,0,0,0,0,0,0,0,0,0,0,0,0,0,0,0,0,0,0,0,0,0,0,40.0246,-75.2214, , 
57140,622362,2013084811,6,67,67301,2013,8,3,1102,11,1,1,0,1,1, , ,N,0,0,0,3,0,0,7,2,N,N,39 57:28.475,75 09:46.245,1117, ,1102, ,0, ,N, ,0, , , , , , , , , ,2,1,0,0,0,0,0,1,0,0,0,0,0,0,0,0,0,0,0,0,0,1,0,0,0,0,0,0,0,0,0,0,0,0,0,0,0,39.9579,-75.1628, , 
57141,622367,2013093209,6,67,67301,2013,8,1,605,6,5,1,0,1,1, , ,N,0,0,0,3,0,1,1,2,N,N,39 56:15.680,75 11:42.849,608, ,605,1,2,3,N, ,0,Y, , , , , , , , ,2,1,0,0,0,0,0,1,0,0,1,0,1,0,0,0,0,0,0,0,0,0,0,0,0,0,0,0,0,0,0,0,0,0,0,3,0,39.9377,-75.1952, , 
57142,622383,2013111778,6,67,67301,2013,10,7,515,5,3,1,0,1,1, , ,N,1,2,0,3,0,1,2,2,N, ,40 03:59.950,75 03:04.523,520, ,515, ,0, ,N, ,3, , , , , , , , , ,2,2,0,0,0,0,0,0,0,0,0,0,1,1,0,0,0,0,0,0,0,0,0,1,0,0,0,0,0,0,0,0,0,0,0,8,0,40.0666,-75.0511, , 
57143,622401,2013129937,6,67,67301,2013,12,5,900,9,1,1,0,4,1, , ,N,1,2,0,3,0,0,2,2,N,N,39 58:40.787,75 09:09.269,910, ,909, ,0, ,Y, ,3, , , , , , , , , ,2,1,0,0,1,0,0,0,0,0,0,0,0,0,0,0,0,0,0,0,1,0,0,0,0,0,0,0,0,0,0,0,0,0,0,0,0,39.9779,-75.1526, , 
57144,622409,2013077990,6,67,67301,2013,7,4,2150,21,3,1,0,7,3, , ,N,0,0,0,3,0,0,1,1,N,N,39 58:04.676,75 11:25.329,2159, ,2155,1,1,3,N, ,0,N, , , , , , , , ,1,1,0,0,0,0,0,0,0,0,0,0,0,0,0,0,0,0,0,0,0,0,0,0,0,0,0,0,0,0,0,0,0,0,0,0,0,39.968,-75.1904, , 
57145,622426,2013093085,6,67,67301,2013,8,5,1000,10,1,1,0,4,1, , ,N,1,2,0,3,0,1,2,2,N,N,40 02:21.930,75 04:38.559,1012, ,1008, ,0, ,N, ,3, , , , , , , , , ,2,1,0,0,0,0,1,0,0,0,0,1,1,0,0,0,0,0,0,0,0,0,0,0,0,0,0,0,0,0,0,0,0,0,0,4,0,40.0394,-75.0774, , 
57146,622429,2013096479,6,67,67301,2013,9,2,1400,14,1,1,0,2,1, , ,N,3,2,0,3,0,1,2,3,N,N,40 02:50.984,75 06:44.541,1616, ,1615, ,0, ,N, ,3, , , , , , , , , ,3,1,0,0,1,0,1,0,0,0,0,1,1,0,1,0,0,0,0,0,1,0,0,0,0,0,0,0,0,0,0,0,0,0,0,4,0,40.0475,-75.1124, , 
57147,622435,2013101109,6,67,67301,2013,9,5,847,8,1,1,0,1,1, , ,N,1,2,0,3,0,1,2,2,N,N,40 01:48.733,75 07:06.450,900, ,853, ,0, ,N, ,3, , , , , , , , , ,2,1,0,0,0,0,1,0,0,0,0,1,1,0,0,0,0,0,0,0,0,0,0,1,0,0,0,0,0,0,0,0,0,0,0,4,0,40.0302,-75.1185, , 
57148,622446,2013114458,6,67,67301,2013,10,1,1040,10,1,1,0,5,1, , ,N,0,0,0,3,0,0,4,2,N,N,39 58:31.331,75 12:24.978,1045, ,1042, ,0, ,N, ,0, , , , , , , , , ,2,2,0,0,0,0,0,0,0,0,0,0,0,0,0,0,0,0,0,0,1,0,0,0,0,0,0,0,0,0,0,0,0,0,0,0,0,39.9754,-75.2069, , 
57149,622487,2013098417,6,67,67301,2013,9,6,1600,16,1,1,0,1,1, , ,N,0,0,0,3,0,1,3,2,N,N,40 00:35.164,75 03:48.780,1637, ,1630, ,0, ,N, ,0, , , , , , , , , ,2,1,0,0,0,1,0,0,0,0,1,0,1,0,0,0,0,0,0,1,0,0,0,0,0,0,0,0,0,0,0,0,0,0,0,3,1,40.0098,-75.0636, , 
57150,622489,2013101265,6,67,67301,2013,9,3,810,8,1,1,0,7,2, , ,N,1,0,0,3,0,1,1,1,N,N,39 59:57.041,75 08:03.904,825, ,821, ,0, , , ,0, , , , , , , , , ,1,1,0,0,0,0,0,0,0,1,0,0,1,0,0,0,0,0,0,0,0,0,0,0,0,0,0,0,0,0,0,0,0,0,0,2,0,39.9992,-75.1344, , 
57151,622508,2013121470,6,67,67301,2013,10,2,2058,20,3,1,0,8,1, , ,N,3,2,0,3,0,1,3,2,N,N,40 05:30.716,75 02:50.638,2101, ,2059, ,0, ,N, ,3, , , , , , , , , ,1,1,0,0,0,0,0,0,0,0,0,0,1,1,0,0,0,0,0,0,1,0,0,0,0,0,0,0,0,0,0,0,1,0,0,8,0,40.0919,-75.0474, , 
57152,662975,2012034780,6,46,46108,2012,3,7,200,2,3,1,0,7,5, , ,N,2,0,0,3,0,0,1,1,N, ,40 04:31.299,75 11:08.962,209, ,208, ,0, , , ,0, , , , , , , , , ,1,1,0,0,0,0,0,0,0,0,0,0,0,0,0,0,0,0,0,0,0,0,0,1,0,0,0,0,0,0,0,0,0,0,0,0,0,40.0754,-75.1858, , 
57153,662987,2012048664,6,67,67301,2012,4,4,920,9,1,1,0,1,1, , ,N,0,0,0,3,0,1,2,2,N,N,39 57:26.052,75 09:27.969,951, ,940,1,1,3,N, ,0,N, , , , , , , , ,2,2,0,0,0,0,0,0,0,0,0,0,1,1,0,0,0,0,0,0,0,0,0,0,0,0,0,0,0,0,0,0,0,0,0,8,0,39.9572,-75.1578, , 
57154,663000,2012066455,6,67,67301,2012,6,1,41,0,3,1,0,6,1, , ,N,0,0,0,3,0,0,1,2,N, ,40 01:29.384,75 10:14.908,42, ,42,1,1,1, , ,0,N, , , , , , , , ,2,2,0,0,0,0,0,0,0,0,0,0,0,0,0,0,0,0,0,0,1,0,0,1,0,0,0,0,0,0,0,0,0,0,0,0,0,40.0248,-75.1708, , 
57155,663029,2012032687,6,67,67301,2012,2,7,1910,19,3,1,0,8,1, , ,N,1,2,0,3,0,1,2,2,N,N,40 01:50.439,75 03:17.355,1917, ,1915, ,0, , , ,3, , , , , , , , , ,1,1,0,0,0,0,0,0,0,0,0,1,1,0,0,0,0,0,0,0,1,0,0,0,0,0,0,0,0,0,0,0,1,0,0,4,0,40.0306,-75.0548, , 
57156,663032,2012034739,6,67,67301,2012,3,6,2043,20,3,2,1,8,1, , ,N,0,0,0,3,0,1,2,2,N,N,40 02:04.687,75 08:44.118,9999, ,9999, ,0, ,N, ,0, , , , , , , , , ,1,1,0,0,0,0,0,0,0,0,1,0,1,0,0,0,0,0,0,0,0,0,0,0,0,0,0,0,0,0,0,0,1,0,0,3,0,40.0346,-75.1456, , 
57157,663034,2012038550,6,67,67301,2012,4,1,906,9,1,1,1,7,2, , ,N,0,0,0,3,0,0,1,1,N,N,39 58:44.361,75 06:32.738,909, ,906, ,0, ,N, ,0, , , , , , , , , ,1,0,0,0,0,0,1,0,0,0,0,0,0,0,0,0,0,0,0,0,0,0,0,0,0,0,0,0,0,0,0,0,0,0,0,0,0,39.9789,-75.1092, , 
57158,663062,2012078552,6,67,67301,2012,6,7,1145,11,1,1,0,8,1, , ,N,2,2,2,3,0,1,2,2,N,N,39 55:52.090,75 08:39.100,1205, ,1159, ,0, ,N, ,3, , , , , , , , , ,1,1,0,0,0,0,0,0,0,0,0,1,1,0,0,0,0,0,0,0,0,0,0,0,0,0,0,0,0,0,0,0,1,0,0,4,0,39.9311,-75.1439, , 
57159,663063,2012078648,6,67,67301,2012,7,6,2310,23,3,1,0,4,1, , ,N,1,3,0,3,0,3,6,2,N, ,40 01:20.398,75 07:50.350,2311, ,2311, ,0, , , ,3, , , , , , , , , ,2,2,0,0,0,0,0,0,0,0,0,3,3,0,0,0,0,0,0,0,0,0,0,0,0,0,0,0,0,0,0,0,0,0,0,4,0,40.0223,-75.1307, , 
57160,663082,2012098374,6,67,67301,2012,9,7,414,4,3,1,0,1,1, , ,N,1,2,0,3,0,1,2,2,N,N,40 03:04.296,75 03:58.096,416, ,415, ,0, ,N, ,3, , , , , , , , , ,2,2,0,0,0,0,0,0,0,0,0,1,1,0,0,0,0,0,0,0,1,0,0,0,0,0,0,0,0,0,0,0,0,0,0,4,0,40.0512,-75.0661, , 
57161,663083,2012098439,6,67,67301,2012,9,7,314,3,3,1,1,4,1, , ,N,0,0,0,3,0,2,3,2,N,N,39 54:43.797,75 10:56.143,320, ,314, ,0, ,N, ,0, , , , , , , , , ,2,1,0,0,1,0,0,0,0,0,0,0,2,2,1,0,0,0,0,0,0,0,0,0,0,0,0,0,0,0,0,0,0,0,0,8,0,39.9122,-75.1823, , 
57162,663086,2012104627,6,67,67301,2012,9,3,2024,20,3,1,0,4,1, , ,N,1,2,0,3,0,0,3,2,N,N,40 01:53.211,75 05:04.703,2054, ,2027,1,1,1, , ,3,N, , , , , , , , ,2,0,0,0,1,0,1,0,0,0,0,0,0,0,0,0,0,0,0,0,0,0,0,0,0,0,0,0,0,0,0,0,0,0,0,0,0,40.0314,-75.0846, , 
57163,663141,2012048328,6,67,67301,2012,4,1,852,8,1,1,1,7,2, , ,N,0,0,0,3,0,0,1,1,N,N,40 00:58.116,75 12:14.228,859, ,855,2,2,1,N, ,0,N, , , , , , , , ,1,0,0,0,0,0,1,0,0,0,0,0,0,0,0,0,0,0,0,0,0,0,0,0,0,0,0,0,0,0,0,0,0,0,0,0,0,40.0161,-75.204, , 
57164,663143,2012049709,6,67,67301,2012,4,6,2200,22,3,1,0,7,5, , ,N,0,0,0,3,0,1,1,1,N,N,40 02:22.907,75 09:17.439,9999, ,2210, ,0, ,N, ,0, , , , , , , , , ,1,1,0,0,0,0,0,0,0,0,0,1,1,0,0,0,0,0,0,0,0,0,0,0,0,0,0,0,0,0,0,0,0,0,0,4,0,40.0397,-75.1548, , 
57165,663158,2012017937,6,67,67301,2012,1,5,820,8,1,2,1,1,1, , ,N,2,2,0,3,0,2,2,2,N,N,40 03:31.064,75 01:08.159,835, ,828, ,0, ,N, ,3, , , , , , , , , ,2,1,0,1,0,0,0,0,0,0,0,0,2,2,0,0,0,0,0,0,0,0,0,0,0,0,0,0,0,0,0,0,0,0,0,8,1,40.0586,-75.0189, , 
57166,663160,2012020543,6,67,67301,2012,1,2,440,4,3,6,4,7,5, , ,N,0,2,0,3,0,1,1,1,N,N,40 01:24.751,75 10:43.756,448, ,445, ,0, ,N, ,3, , , , , , , , , ,1,1,0,0,0,0,0,0,0,0,1,0,1,0,0,0,0,0,0,0,0,0,0,0,0,0,0,0,0,0,0,0,0,0,0,3,0,40.0235,-75.1788, , 
57167,663170,2012028256,6,67,67301,2012,3,3,521,5,3,1,0,7,2, , ,N,0,0,0,3,0,1,3,2,N,N,39 58:10.861,75 11:32.421,536, ,530,2,1,4,N, ,0,N, , , , , , , , ,2,2,0,0,0,0,0,0,0,0,0,1,1,0,0,0,0,0,0,0,0,0,0,0,0,0,0,0,0,0,0,0,0,0,0,4,0,39.9697,-75.1923, , 
57168,663178,2012038411,6,67,67301,2012,3,7,305,3,3,2,1,1,2, , ,N,0,0,0,3,0,0,5,2,N,N,39 59:58.768,75 04:48.299,315, ,307, ,0, ,N, ,0, , , , , , , , , ,2,2,0,0,0,0,0,0,0,0,0,0,0,0,0,0,0,0,0,0,0,0,0,0,0,0,0,0,0,0,0,0,0,0,0,0,0,39.9996,-75.0802, , 
57169,663181,2012041477,6,67,67301,2012,3,3,1915,19,4,1,0,4,1, , ,N,1,2,0,3,0,1,4,3,N,N,40 04:18.194,75 09:14.605,1940, ,1930,2,2,3,N, ,3,Y, , , , , , , , ,3,2,0,0,0,0,1,0,0,0,0,0,1,1,0,0,0,0,0,0,1,0,1,0,0,0,0,0,0,0,0,0,0,0,0,8,0,40.0717,-75.1541, , 
57170,663188,2012049690,6,67,67301,2012,4,2,1600,16,1,5,0,8,1, , ,N,0,0,0,3,0,1,2,2,N,N,39 57:45.716,75 14:33.561,9999, ,9999, ,0, ,N, ,0, , , , , , , , , ,1,1,0,0,0,0,0,0,0,0,0,0,1,1,0,0,0,0,0,0,0,0,0,0,0,0,0,0,0,0,0,0,1,0,0,8,0,39.9627,-75.2427, , 
57171,663201,2012015335,6,67,67301,2012,1,7,1620,16,4,1,0,4,1, , ,N,1,2,0,3,0,1,2,2,N,N,40 00:46.940,75 07:10.109,1632, ,1632, ,0, ,N, ,3, , , , , , , , , ,2,1,1,0,0,0,0,0,0,0,0,1,1,0,0,0,0,0,0,0,0,0,0,0,0,0,0,0,0,0,0,0,0,0,0,4,0,40.013,-75.1194, , 