objectid_1,objectid,crn,district,county,municipality,crash_year,crash_month,day_of_week,time_of_day,hour_of_day,illumination,weather,road_condition,collision_type,relation_to_road,work_zone_type,work_zone_loc,work_zone_ind,intersect_type,tcd_type,location_type,urban_rural,fatal_count,injury_count,person_count,total_units,sch_bus_ind,sch_zone_ind,latitude,longitude,arrival_tm,cons_zone_spd_lim,dispatch_tm,est_hrs_closed,lane_closed,ln_close_dir,ntfy_hiwy_maint,spec_juris_cd,tcd_func_cd,tfc_detour_ind,workers_pres,wz_close_detour,wz_flagger,wz_law_offcr_ind,wz_ln_closure,wz_moving,wz_other,wz_shlder_mdn,vehicle_count,automobile_count,motorcycle_count,bus_count,small_truck_count,heavy_truck_count,suv_count,van_count,bicycle_count,maj_inj_count,mod_inj_count,min_inj_count,tot_inj_count,unk_inj_deg_count,unk_inj_per_count,driver_count_16yr,driver_count_17yr,driver_count_18yr,driver_count_19yr,driver_count_20yr,driver_count_50_64yr,driver_count_65_74yr,driver_count_75plus,unbelted_occ_count,unb_death_count,unb_maj_inj_count,belted_death_count,belted_maj_inj_count,mcycle_death_count,mcycle_maj_inj_count,bicycle_death_count,bicycle_maj_inj_count,ped_count,ped_death_count,ped_maj_inj_count,max_severity_level,comm_veh_count,dec_lat,dec_long,rdwy_surf_type_cd,county_name
57172,663212,2012027774,6,67,67301,2012,2,6,1925,19,3,1,0,4,1, , ,N,0,0,0,3,0,1,2,2,N, ,40 00:24.107,75 07:24.774,1925, ,1925, ,0, , , ,0, , , , , , , , , ,1,0,0,0,1,0,0,0,1,0,1,0,1,0,0,0,0,0,0,0,0,0,0,0,0,0,0,0,0,0,0,0,0,0,0,3,0,40.0067,-75.1235, , 
57173,663214,2012031115,6,67,67301,2012,3,7,2315,23,3,1,1,6,1, , ,N,1,2,0,3,0,0,6,2,N,N,40 04:51.077,75 01:43.585,2315, ,2315,1,1,3,N, ,3,N, , , , , , , , ,2,0,0,0,1,0,1,0,0,0,0,0,0,0,0,0,0,0,0,0,0,0,0,0,0,0,0,0,0,0,0,0,0,0,0,0,0,40.0809,-75.0288, , 
57174,663221,2012037393,6,67,67301,2012,3,4,1300,13,1,1,0,1,2, , ,N,0,0,0,3,0,1,1,2,N, ,40 03:30.847,75 02:37.536,1305, ,1300, ,0, , , ,0, , , , , , , , , ,2,2,0,0,0,0,0,0,0,0,0,1,1,0,0,0,0,0,0,0,0,0,1,0,0,0,0,0,0,0,0,0,0,0,0,4,0,40.0586,-75.0438, , 
57175,663224,2012041742,6,67,67301,2012,3,5,1700,17,1,1,0,5,1, , ,N,0,0,7,3,0,1,2,2,N,N,39 58:30.401,75 07:16.920,1715, ,9999, ,0, ,N, ,0, , , , , , , , , ,1,0,0,0,0,0,0,1,1,0,0,1,1,0,1,0,0,0,0,0,0,0,0,0,0,0,0,0,0,0,0,0,0,0,0,4,0,39.9756,-75.1206, , 
57176,663229,2012047243,6,67,67301,2012,4,4,9999,99,1,1,0,2,1, , ,N,1,2,0,3,0,1,4,2,N,N,39 58:49.587,75 09:33.224,9999, ,1724, ,0, , , ,3, , , , , , , , , ,1,1,0,0,0,0,0,0,1,0,0,1,1,0,0,0,0,0,0,1,0,0,0,0,0,0,0,0,0,0,0,0,0,0,0,4,0,39.9804,-75.1592, , 
57177,663265,2012020684,6,67,67301,2012,2,1,2340,23,3,4,1,7,2, , ,N,0,0,0,3,0,1,1,1,N,N,39 58:04.779,75 07:48.935,2343, ,2343, ,0, ,N, ,0, , , , , , , , , ,1,1,0,0,0,0,0,0,0,0,0,1,1,0,0,0,0,0,0,1,0,0,0,1,0,0,0,0,0,0,0,0,0,0,0,4,0,39.968,-75.1304, , 
57178,663284,2012042222,6,67,67301,2012,3,3,544,5,3,2,1,1,1, , ,N,1,2,0,3,0,0,4,4,N,N,40 02:44.262,75 07:42.522,551, ,549,2,2,6,N, ,3,N, , , , , , , , ,4,3,0,0,0,0,0,1,0,0,0,0,0,0,0,0,0,0,0,0,0,0,0,0,0,0,0,0,0,0,0,0,0,0,0,0,0,40.0456,-75.1285, , 
57179,663309,2012028170,6,67,67301,2012,2,6,810,8,1,1,0,6,1, , ,N,1,2,0,3,0,2,4,2,N, ,39 57:46.307,75 12:08.237,810, ,810, ,0, ,N, ,3, , , , , , , , , ,2,2,0,0,0,0,0,0,0,0,1,1,2,0,0,0,0,0,0,0,1,0,0,0,0,0,0,0,0,0,0,0,0,0,0,3,0,39.9629,-75.2023, , 
57180,663318,2012036775,6,67,67301,2012,3,1,640,6,3,1,0,1,1, , ,N,0,0,0,3,0,1,5,2,N, ,39 55:15.873,75 12:55.800,645, ,634, ,0, , , ,0, , , , , , , , , ,2,0,0,0,0,0,1,1,0,0,0,1,1,0,0,0,0,0,0,0,0,0,0,0,0,0,0,0,0,0,0,0,0,0,0,4,0,39.9211,-75.2155, , 
57181,663319,2012036895,6,67,67301,2012,3,5,1049,10,1,1,0,4,1, , ,N,0,2,7,3,0,1,2,2,N,N,39 56:55.320,75 11:34.669,1053, ,1049,9,1,5, , ,3,N, , , , , , , , ,2,2,0,0,0,0,0,0,0,0,0,1,1,0,0,0,0,0,0,0,0,0,0,0,0,0,0,0,0,0,0,0,0,0,0,4,0,39.9479,-75.1935, , 
57182,663327,2012048056,6,67,67301,2012,4,5,1747,17,3,1,0,4,1, , ,N,0,0,7,3,0,1,2,2,N,N,39 55:55.160,75 13:30.717,1757, ,1756, ,0, ,N, ,0, , , , , , , , , ,2,0,0,0,0,0,0,1,1,0,0,1,1,0,0,0,0,0,0,0,0,0,0,0,0,0,0,0,0,0,0,0,0,0,0,4,0,39.932,-75.2252, , 
57183,663330,2012055785,6,67,67301,2012,4,1,502,5,3,1,0,4,1, , ,N,0,0,0,3,0,2,2,2,N,N,39 57:07.176,75 10:56.361,510, ,504,2,2,4,N, ,0,Y, , , , , , , , ,2,1,0,0,0,0,1,0,0,0,0,2,2,0,0,0,0,0,0,0,0,0,0,0,0,0,0,0,0,0,0,0,0,0,0,4,0,39.952,-75.1823, , 
57184,663344,2012011002,6,67,67301,2012,1,7,1018,10,1,4,4,4,1, , ,N,0,0,0,3,0,0,2,2,N,N,39 57:51.186,75 11:05.155,1027, ,1018,1,1,4,N, ,0,N, , , , , , , , ,2,0,0,0,1,0,1,0,0,0,0,0,0,0,0,0,0,0,0,0,0,0,0,0,0,0,0,0,0,0,0,0,0,0,0,0,0,39.9642,-75.1848, , 
57185,663354,2012020485,6,67,67301,2012,1,3,553,5,6,9,0,1,6, , ,N,0,0,0,3,0,0,2,3,N,N,40 02:31.364,75 04:55.161,741, ,740, ,0, ,N, ,0, , , , , , , , , ,3,0,0,0,0,0,3,0,0,0,0,0,0,0,0,0,0,0,0,0,0,1,0,0,0,0,0,0,0,0,0,0,0,0,0,0,0,40.042,-75.082, , 
57186,663372,2012041643,6,67,67301,2012,3,3,655,6,1,2,1,8,1, , ,N,1,2,0,3,0,1,2,2,N, ,40 03:40.446,75 05:00.751,655, ,655, ,0, , , ,3, , , , , , , , , ,1,0,0,0,0,0,0,0,0,0,0,1,1,0,0,0,0,0,0,0,0,0,0,0,0,0,0,0,0,0,0,0,1,0,0,4,0,40.0612,-75.0835, , 
57187,663376,2012047167,6,67,67301,2012,4,5,1418,14,1,1,1,4,2, , ,N,1,2,0,3,0,0,5,3,N,Y,40 00:54.079,75 08:06.611,1420, ,1420, ,0, ,N, ,3, , , , , , , , , ,3,1,0,0,2,0,0,0,0,0,0,0,0,0,2,0,0,0,0,0,0,0,0,0,0,0,0,0,0,0,0,0,0,0,0,9,0,40.015,-75.1352, , 
57188,663395,2012013086,6,67,67301,2012,1,2,1216,12,1,1,0,1,1, , ,N,1,2,0,3,0,1,4,3,N, ,40 01:23.700,75 04:36.637,1219, ,1218,1,2,4, , ,3,Y, , , , , , , , ,3,2,0,0,0,0,0,0,0,0,0,1,1,0,0,0,0,0,0,0,0,0,0,0,0,0,0,0,0,0,0,0,0,0,0,4,0,40.0233,-75.0768, , 
57189,656588,2012066714,6,67,67301,2012,6,1,1907,19,4,8,0,8,1, , ,N,1,3,0,3,0,1,2,2,N,N,40 02:16.112,75 02:05.467,1916, ,1908, ,0, ,N, ,3, , , , , , , , , ,1,0,0,0,0,0,0,0,0,0,0,1,1,0,0,0,0,0,0,0,0,0,0,0,0,0,0,0,0,0,0,0,1,0,0,4,0,40.0378,-75.0349, , 
57190,656628,2012048096,6,67,67301,2012,4,7,1645,16,1,1,0,4,1, , ,N,0,0,7,3,0,1,2,2,N,N,40 00:42.354,75 06:35.805,1915, ,1902, ,0, ,N, ,0, , , , , , , , , ,2,1,0,0,1,0,0,0,0,0,1,0,1,0,0,0,0,0,0,0,0,0,0,0,0,0,0,0,0,0,0,0,0,0,0,3,0,40.0118,-75.1099, , 
57191,656640,2012060655,6,67,67301,2012,5,7,1900,19,1,1,0,4,6, , ,N,0,0,0,3,0,1,2,2,N,N,39 59:48.044,75 06:47.422,1150, ,1150, ,0, ,N, ,0, , , , , , , , , ,2,1,0,0,0,0,0,0,0,0,0,0,1,1,0,0,0,0,0,0,0,0,0,0,0,0,0,0,0,0,0,0,0,0,0,8,0,39.9967,-75.1132, , 
57192,656658,2012020593,6,67,67301,2012,1,1,512,5,3,1,6,7,1, , ,N,2,0,0,3,0,1,1,1,N,N,39 53:23.545,75 14:01.242,524, ,519,1,2,4,N, ,0,N, , , , , , , , ,1,1,0,0,0,0,0,0,0,0,1,0,1,0,0,0,0,0,0,0,0,0,0,0,0,0,0,0,0,0,0,0,0,0,0,3,0,39.8898,-75.2338, , 
57193,656663,2012025792,6,67,67301,2012,2,2,1333,13,1,1,0,7,3,8,8,Y,0,0,0,3,1,1,2,2,N, ,40 02:04.759,75 12:31.188,1335,99,1334,3,2,5,N,0,0,Y,U,U,U,U,U,U,U,U,2,1,0,0,1,0,0,0,0,0,0,1,1,0,0,0,0,0,0,0,0,1,0,0,0,0,0,0,0,0,0,0,0,0,0,1,0,40.0347,-75.2087,2, 
57194,656664,2012026064,6,67,67301,2012,2,2,2300,23,3,1,0,7,1, , ,N,3,0,0,3,0,0,1,1,N, ,40 05:30.618,75 02:51.117,2310, ,2306,1,1,4, , ,0,N, , , , , , , , ,1,0,0,0,0,0,1,0,0,0,0,0,0,0,0,0,0,0,0,0,0,0,0,0,0,0,0,0,0,0,0,0,0,0,0,0,0,40.0919,-75.0474, , 
57195,656665,2012026175,6,67,67301,2012,1,3,830,8,1,1,0,6,1, , ,N,1,2,0,3,0,2,2,2,N, ,39 58:10.964,75 07:53.800,835, ,830, ,0, , , ,3, , , , , , , , , ,2,0,0,0,1,0,1,0,0,0,0,2,2,0,0,0,0,0,0,0,1,0,0,0,0,0,0,0,0,0,0,0,0,0,0,4,0,39.9697,-75.1317, , 
57196,656684,2012041485,6,67,67301,2012,3,1,2200,22,3,1,0,4,1, , ,N,0,0,0,3,0,2,2,2,N,N,40 00:31.672,75 05:24.205,205, ,200, ,0, ,N, ,0, , , , , , , , , ,2,0,0,0,1,0,1,0,0,0,0,2,2,0,0,0,0,0,0,0,1,0,0,0,0,0,0,0,0,0,0,0,0,0,0,4,0,40.0088,-75.0901, , 
57197,656697,2012016737,6,67,67301,2012,1,3,836,8,1,1,0,1,1, , ,N,0,0,0,3,0,1,4,4,N,N,39 57:36.784,75 10:50.207,842, ,837,1,1,4,N, ,0,N, , , , , , , , ,4,4,0,0,0,0,0,0,0,0,0,1,1,0,0,0,0,0,0,0,0,0,0,0,0,0,0,0,0,0,0,0,0,0,0,4,0,39.9602,-75.1806, , 
57198,656700,2012017951,6,67,67301,2012,1,7,1530,15,1,9,0,1,1, , ,N,1,9,0,3,0,4,6,2,N, ,39 55:27.487,75 09:34.063,9999, ,9999, ,0, , , ,9, , , , , , , , , ,2,2,0,0,0,0,0,0,0,0,0,0,4,4,2,0,0,0,0,0,1,0,0,0,0,0,0,0,0,0,0,0,0,0,0,8,0,39.9243,-75.1595, , 
57199,656702,2012020614,6,67,67301,2012,1,7,527,5,3,4,3,4,1, , ,N,1,2,0,3,0,1,2,2,N,N,40 03:23.752,75 01:08.811,540, ,534, ,0, ,N, ,2, , , , , , , , , ,2,1,0,0,0,0,1,0,0,0,0,0,1,1,0,0,0,0,0,0,1,0,0,0,0,0,0,0,0,0,0,0,0,0,0,8,0,40.0564,-75.0191, , 
57200,656706,2012026092,6,67,67301,2012,2,4,350,3,3,2,1,5,6, , ,N,0,0,0,3,0,1,2,3,N,Y,40 02:34.114,75 01:27.313,400, ,355, ,0, ,N, ,0, , , , , , , , , ,3,2,0,0,0,0,0,1,0,0,0,1,1,0,0,0,0,0,0,0,0,0,0,0,0,0,0,0,0,0,0,0,0,0,0,4,0,40.0428,-75.0243, , 
57201,656720,2012041547,6,67,67301,2012,3,5,2355,23,3,1,0,1,1, , ,N,1,2,0,3,0,1,3,2,N,N,40 02:51.910,75 12:14.731,5, ,2356,3,1,5,N, ,3,Y, , , , , , , , ,2,1,0,0,0,0,0,1,0,0,1,0,1,0,0,0,0,0,0,0,0,0,0,0,0,0,0,0,0,0,0,0,0,0,0,3,0,40.0478,-75.2041, , 
57202,656723,2012047250,6,67,67301,2012,4,4,9999,99,1,1,0,7,5, , ,N,0,0,0,3,0,3,3,1,N,N,40 01:12.886,75 08:30.072,1447, ,1431, ,0, ,N, ,0, , , , , , , , , ,1,1,0,0,0,0,0,0,0,0,0,0,3,3,0,0,0,0,0,1,0,0,0,3,0,0,0,0,0,0,0,0,0,0,0,8,0,40.0202,-75.1417, , 
57203,656736,2012068730,6,67,67301,2012,5,5,1538,15,1,1,0,4,2, , ,N,0,0,0,3,0,1,3,3,N, ,40 02:08.710,75 13:44.144,1543, ,1541, ,0, , , ,0, , , , , , , , , ,2,1,0,0,0,0,0,1,0,0,0,1,1,0,1,0,0,0,0,0,0,0,0,0,0,0,0,0,0,0,0,0,1,0,0,4,0,40.0358,-75.2289, , 
57204,656763,2012032572,6,67,67301,2012,2,4,1640,16,1,1,0,4,2, , ,N,0,0,0,3,0,2,4,2,N, ,40 00:17.108,75 09:09.797,1645, ,1642,3,2,3, , ,0,Y, , , , , , , , ,2,0,0,0,2,0,0,0,0,1,0,1,2,0,0,0,0,0,0,0,0,0,0,2,0,1,0,0,0,0,0,0,0,0,0,2,0,40.0048,-75.1527, , 
57205,656772,2012047079,6,67,67301,2012,4,6,1128,11,1,1,0,1,1, , ,N,0,0,0,3,0,0,2,2,N, ,39 59:45.425,75 08:00.744,1131, ,1130, ,0, , , ,0, , , , , , , , , ,2,1,0,0,1,0,0,0,0,0,0,0,0,0,0,0,0,0,0,0,1,0,0,0,0,0,0,0,0,0,0,0,0,0,0,0,0,39.996,-75.1335, , 
57206,656777,2012051860,6,67,67301,2012,4,1,316,3,3,1,0,7,4, , ,N,1,2,0,3,0,0,1,1,N,N,39 56:25.327,75 14:11.791,317, ,317,9,2,6,N, ,3,Y, , , , , , , , ,1,0,0,0,0,0,1,0,0,0,0,0,0,0,1,0,0,0,0,0,0,0,0,0,0,0,0,0,0,0,0,0,0,0,0,9,0,39.9404,-75.2366, , 
57207,659609,2012041624,6,67,67301,2012,3,3,1357,13,1,1,0,4,1, , ,N,1,0,0,3,0,1,3,2,N,N,39 57:17.161,75 14:10.471,1402, ,1357, ,0, ,N, ,0, , , , , , , , , ,2,1,0,0,0,0,1,0,0,0,0,1,1,0,0,0,0,0,0,0,2,0,0,0,0,0,0,0,0,0,0,0,0,0,0,4,0,39.9548,-75.2362, , 
57208,659618,2012049751,6,67,67301,2012,4,3,1215,12,1,1,0,1,1, , ,N,0,0,0,3,0,1,2,2,N, ,39 57:05.562,75 10:01.602,1250, ,1245, ,0, , , ,0, , , , , , , , , ,1,1,0,0,0,0,0,0,1,0,0,1,1,0,0,0,0,0,0,0,0,0,0,0,0,0,0,0,0,0,0,0,0,0,0,4,0,39.9515,-75.1671, , 
57209,659625,2012003127,6,67,67301,2012,1,4,2330,23,3,1,1,7,4, , ,N,0,0,0,3,0,1,3,1,N,N,39 57:36.027,75 10:43.882,56, ,56, ,0, ,N, ,0, , , , , , , , , ,1,0,0,0,0,0,0,1,0,0,0,1,1,0,0,0,0,0,0,0,1,0,0,1,0,0,0,0,0,0,0,0,0,0,0,4,0,39.96,-75.1789, , 
57210,659634,2012017422,6,67,67301,2012,2,3,1549,15,1,1,0,8,1, , ,N,1,2,0,3,0,1,2,2,N,N,40 01:57.808,75 04:19.924,1657, ,1604,3,2,2,N, ,3,Y, , , , , , , , ,1,0,0,1,0,0,0,0,0,1,0,0,1,0,0,0,0,0,0,0,0,0,0,0,0,0,0,0,0,0,0,0,1,0,1,2,1,40.0327,-75.0722, , 
57211,659635,2012020562,6,67,67301,2012,1,4,1248,12,1,1,0,4,1, , ,N,2,2,0,3,0,1,2,2,N,N,39 56:29.130,75 08:51.356,1302, ,1302, ,0, ,N, ,3, , , , , , , , , ,2,2,0,0,0,0,0,0,0,0,0,1,1,0,0,0,0,0,0,0,1,0,0,0,0,0,0,0,0,0,0,0,0,0,0,4,0,39.9414,-75.1476, , 
57212,659646,2012037398,6,67,67301,2012,3,5,1749,17,4,1,0,1,1, , ,N,0,2,0,3,0,1,2,2,N, ,40 04:22.595,75 02:10.137,1755, ,1751,1,1,1, , ,3,N, , , , , , , , ,2,0,0,0,0,0,1,1,0,0,0,1,1,0,0,0,0,0,0,0,1,0,0,0,0,0,0,0,0,0,0,0,0,0,0,4,0,40.0729,-75.0361, , 
57213,659650,2012041565,6,67,67301,2012,2,6,2215,22,3,1,0,4,1, , ,N,0,0,0,3,0,2,3,3,N,N,39 57:52.682,75 14:46.689,2220, ,2220,3,1,2,N, ,0,N, , , , , , , , ,3,3,0,0,0,0,0,0,0,1,1,0,2,0,0,0,0,0,0,0,0,0,0,0,0,0,0,0,0,0,0,0,0,0,0,2,0,39.9646,-75.2463, , 
57214,659655,2012047210,6,67,67301,2012,4,2,1022,10,1,1,0,4,1, , ,N,0,0,0,3,0,0,2,2,N,N,40 00:56.375,75 10:11.989,1023, ,1022,1,1,5,N, ,0,N, , , , , , , , ,2,1,0,0,0,0,1,0,0,0,0,0,0,0,0,0,0,0,0,0,0,2,0,0,0,0,0,0,0,0,0,0,0,0,0,0,0,40.0157,-75.17, , 
57215,659690,2012020594,6,67,67301,2012,2,4,45,0,3,1,0,0,7, , ,N,7,0,2,3,0,1,1,1,N,N,39 55:29.773,75 11:36.074,106, ,100,3,2,3,N, ,0,Y, , , , , , , , ,1,1,0,0,0,0,0,0,0,0,0,0,1,1,0,0,0,0,0,0,0,0,0,0,0,0,0,0,0,0,0,0,0,0,0,8,0,39.9249,-75.1934, , 
57216,659699,2012037419,6,67,67301,2012,2,4,2200,22,3,2,1,8,1, , ,N,2,2,0,3,0,1,2,2,N,N,40 04:12.678,75 01:52.619,2200, ,2200, ,0, ,N, ,3, , , , , , , , , ,1,1,0,0,0,0,0,0,0,0,1,0,1,0,0,0,0,0,0,0,1,0,0,0,0,0,0,0,0,0,0,0,1,0,0,3,0,40.0702,-75.0313, , 
57217,659724,2012012663,6,67,67301,2012,1,4,800,8,1,1,0,1,1, , ,N,0,0,0,3,0,0,2,2,N,N,39 57:56.363,75 12:22.929,903, ,849, ,0, ,N, ,0, , , , , , , , , ,2,2,0,0,0,0,0,0,0,0,0,0,0,0,0,0,0,0,0,0,0,0,0,2,0,0,0,0,0,0,0,0,0,0,0,0,0,39.9656,-75.2063, , 
57218,659725,2012014976,6,67,67301,2012,1,3,1440,14,1,2,1,7,1, , ,N,0,0,0,3,0,0,1,1,N, ,40 00:58.300,75 12:12.050,1449, ,1442,2,2,1, , ,0,N, , , , , , , , ,1,0,0,0,0,0,1,0,0,0,0,0,0,0,0,0,0,0,0,0,0,0,0,0,0,0,0,0,0,0,0,0,0,0,0,0,0,40.0162,-75.2033, , 
57219,659733,2012026107,6,67,67301,2012,2,5,2050,20,3,1,0,4,1, , ,N,1,2,0,3,0,2,4,2,N,N,40 01:24.369,75 08:21.713,2304, ,2115, ,0, ,N, ,3, , , , , , , , , ,2,1,0,0,1,0,0,0,0,0,1,1,2,0,2,0,0,0,0,0,0,0,0,2,0,0,0,0,0,0,0,0,0,0,0,3,0,40.0234,-75.1394, , 
57220,659745,2012036953,6,67,67301,2012,3,2,1056,10,1,1,0,1,1, , ,N,0,0,7,3,0,1,2,2,N,N,40 05:48.549,75 01:50.161,1100, ,1056, ,0, ,N, ,0, , , , , , , , , ,2,1,0,0,0,0,1,0,0,0,0,1,1,0,0,0,0,0,0,0,1,0,0,0,0,0,0,0,0,0,0,0,0,0,0,4,0,40.0975,-75.0305, , 
57221,659761,2012065643,6,67,67301,2012,6,5,1709,17,1,1,0,1,1, , ,N,0,0,0,3,0,0,5,2,N,N,39 54:00.751,75 09:28.693,1745, ,1718, ,0, ,N, ,0, , , , , , , , , ,2,1,0,0,0,0,1,0,0,0,0,0,0,0,0,0,0,0,1,0,0,0,0,1,0,0,0,0,0,0,0,0,0,0,0,0,0,39.9002,-75.158, , 
57222,659771,2012048047,6,67,67301,2012,4,4,730,7,1,1,0,8,1, , ,N,0,0,0,3,0,1,2,2,N,N,39 54:18.316,75 10:16.683,750, ,749, ,0, ,N, ,0, , , , , , , , , ,1,1,0,0,0,0,0,0,0,0,0,1,1,0,0,0,0,0,0,0,0,0,0,0,0,0,0,0,0,0,0,0,1,0,0,4,0,39.9051,-75.1713, , 
57223,659802,2012078292,6,67,67301,2012,7,1,2100,21,3,1,0,4,1, , ,N,3,0,0,3,0,1,2,2,N,N,40 00:42.487,75 08:03.551,2104, ,2104,1,1,3,N, ,0,N, , , , , , , , ,1,1,0,0,0,0,0,0,1,0,1,0,1,0,0,0,0,0,0,0,0,0,0,0,0,0,0,0,0,0,0,0,0,0,0,3,0,40.0118,-75.1343, , 
57224,659804,2012080829,6,67,67301,2012,7,4,1743,17,1,1,0,4,1, , ,N,1,3,0,3,0,2,3,2,N,N,40 02:45.179,75 07:49.586,1757, ,1754,1,1,3,N, ,3,Y, , , , , , , , ,2,1,0,0,0,0,0,1,0,0,0,1,2,1,0,0,0,0,0,0,1,0,0,0,0,0,0,0,0,0,0,0,0,0,0,4,0,40.0459,-75.1304, , 
57225,663396,2012015429,6,67,67301,2012,1,6,2240,22,3,1,0,4,1, , ,N,2,0,0,3,0,0,2,2,N,N,39 59:45.342,75 11:15.107,1229, ,1220, ,0, ,N, ,0, , , , , , , , , ,2,2,0,0,0,0,0,0,0,0,0,0,0,0,1,0,0,0,0,0,0,0,0,0,0,0,0,0,0,0,0,0,0,0,0,9,0,39.9959,-75.1875, , 
57226,663397,2012015836,6,67,67301,2012,1,5,1720,17,3,2,1,1,1, , ,N,1,0,0,3,0,0,2,2,N,N,40 00:52.657,75 12:20.229,1730, ,1725,1,1,1,N, ,0,N, , , , , , , , ,2,1,0,0,0,0,1,0,0,0,0,0,0,0,2,0,0,0,0,0,0,0,0,2,0,0,0,0,0,0,0,0,0,0,0,9,0,40.0143,-75.2047, , 
57227,663400,2012018382,6,67,67301,2012,1,2,1502,15,1,1,0,2,1, , ,N,0,0,0,3,2,1,3,2,N, ,39 59:32.131,75 11:40.117,1510, ,1503,9,2,5, ,0,0,Y, , , , , , , , ,2,1,0,0,0,0,0,1,0,1,0,0,1,0,0,0,0,0,0,0,1,0,0,0,0,0,2,1,0,0,0,0,0,0,0,1,0,39.9922,-75.1945,2, 
57228,663426,2012047128,6,67,67301,2012,4,1,110,1,3,2,1,1,1, , ,N,1,2,0,3,0,3,5,2,N,N,39 55:16.534,75 11:37.851,120, ,116,2,1,3,N, ,3,N, , , , , , , , ,2,2,0,0,0,0,0,0,0,0,2,1,3,0,1,0,0,0,0,0,0,0,0,0,0,0,0,0,0,0,0,0,0,0,0,3,0,39.9211,-75.1938, , 
57229,663448,2012018932,6,67,67301,2012,2,4,1718,17,1,1,0,1,1, , ,N,0,0,0,3,0,1,3,2,N,N,39 57:27.239,75 09:34.395,1725, ,1722,1,2,4,N, ,0,N, , , , , , , , ,2,1,0,0,0,0,1,0,0,0,0,1,1,0,0,0,0,0,0,1,0,0,0,0,0,0,0,0,0,0,0,0,0,0,0,4,0,39.9576,-75.1596, , 
57230,663459,2012033059,6,67,67301,2012,2,4,1359,13,1,1,0,4,1, , ,N,3,2,0,3,0,1,3,2,N, ,40 01:52.626,75 05:06.090,1420, ,1401,1,1,4, , ,3,N, , , , , , , , ,2,2,0,0,0,0,0,0,0,0,0,1,1,0,0,0,0,0,0,0,1,0,0,0,0,0,0,0,0,0,0,0,0,0,0,4,0,40.0313,-75.085, , 
57231,663464,2012037231,6,67,67301,2012,4,1,4,0,3,1,0,7,4, , ,N,0,0,2,3,0,1,2,1,N,N,39 57:20.907,75 08:29.195,13, ,6,2,1,1,N, ,0,N, , , , , , , , ,1,1,0,0,0,0,0,0,0,0,0,1,1,0,0,0,0,0,1,0,0,0,0,0,0,0,0,0,0,0,0,0,0,0,0,4,0,39.9558,-75.1414, , 
57232,663498,2012028492,6,67,67301,2012,2,7,1630,16,1,1,0,4,1, , ,N,0,0,7,3,0,1,7,2,N,N,40 02:12.109,75 10:39.194,1641, ,1636, ,0, ,N, ,0, , , , , , , , , ,2,2,0,0,0,0,0,0,0,0,0,0,1,1,0,0,0,0,0,0,0,0,0,0,0,0,0,0,0,0,0,0,0,0,0,8,0,40.0367,-75.1776, , 
57233,663510,2012038162,6,67,67301,2012,3,3,1834,18,1,1,0,1,1, , ,N,0,0,0,3,0,2,6,3,N,N,39 53:26.308,75 13:17.044,1834, ,1834, ,0, ,N, ,0, , , , , , , , , ,3,2,0,0,0,0,1,0,0,0,0,2,2,0,0,0,0,0,1,0,0,0,0,0,0,0,0,0,0,0,0,0,0,0,0,4,0,39.8906,-75.2214, , 
57234,663513,2012042237,6,67,67301,2012,3,2,930,9,1,1,0,5,1, , ,N,0,0,0,3,0,1,3,2,N,N,40 00:48.493,75 09:01.158,940, ,936, ,0, ,N, ,0, , , , , , , , , ,2,1,0,0,0,1,0,0,0,0,0,0,1,1,0,0,0,0,0,0,1,0,0,0,0,0,0,0,0,0,0,0,0,0,0,8,1,40.0135,-75.1503, , 
57235,663519,2012048338,6,67,67301,2012,4,1,1623,16,1,1,0,1,1, , ,N,1,2,0,3,0,0,5,3,N,N,40 02:35.649,75 03:08.136,1628, ,1625,2,1,3, , ,3,N, , , , , , , , ,3,1,0,0,0,0,1,1,0,0,0,0,0,0,0,0,0,0,0,1,1,0,0,0,0,0,0,0,0,0,0,0,0,0,0,0,0,40.0432,-75.0523, , 
57236,663550,2012034753,6,67,67301,2012,3,5,1911,19,3,1,0,5,1, , ,N,0,0,0,3,0,1,3,5,N,N,40 03:01.548,75 09:15.483,1919, ,1915, ,0, ,N, ,0, , , , , , , , , ,5,2,0,0,0,0,3,0,0,0,0,0,1,1,0,0,0,0,0,0,0,0,0,0,0,0,0,0,0,0,0,0,0,0,0,8,0,40.0504,-75.1543, , 
57237,663554,2012036883,6,67,67301,2012,3,5,1515,15,1,1,0,4,1, , ,N,1,2,0,3,0,1,2,2,N,N,40 03:54.737,75 10:31.167,1601, ,1601, ,0, ,N, ,3, , , , , , , , , ,2,2,0,0,0,0,0,0,0,0,0,1,1,0,0,0,0,0,0,0,1,0,0,0,0,0,0,0,0,0,0,0,0,0,0,4,0,40.0652,-75.1753, , 
57238,663555,2012036944,6,67,67301,2012,3,4,1613,16,1,1,0,4,1, , ,N,1,2,0,3,0,2,4,4,N,N,40 02:16.088,75 04:28.064,1615, ,1613,2,2,4,N, ,3,Y, , , , , , , , ,4,2,1,0,1,0,0,0,0,1,0,1,2,0,0,0,0,0,0,0,0,0,0,0,0,0,0,0,0,1,0,0,0,0,0,2,0,40.0378,-75.0745, , 