objectid_1,objectid,crn,district,county,municipality,crash_year,crash_month,day_of_week,time_of_day,hour_of_day,illumination,weather,road_condition,collision_type,relation_to_road,work_zone_type,work_zone_loc,work_zone_ind,intersect_type,tcd_type,location_type,urban_rural,fatal_count,injury_count,person_count,total_units,sch_bus_ind,sch_zone_ind,latitude,longitude,arrival_tm,cons_zone_spd_lim,dispatch_tm,est_hrs_closed,lane_closed,ln_close_dir,ntfy_hiwy_maint,spec_juris_cd,tcd_func_cd,tfc_detour_ind,workers_pres,wz_close_detour,wz_flagger,wz_law_offcr_ind,wz_ln_closure,wz_moving,wz_other,wz_shlder_mdn,vehicle_count,automobile_count,motorcycle_count,bus_count,small_truck_count,heavy_truck_count,suv_count,van_count,bicycle_count,maj_inj_count,mod_inj_count,min_inj_count,tot_inj_count,unk_inj_deg_count,unk_inj_per_count,driver_count_16yr,driver_count_17yr,driver_count_18yr,driver_count_19yr,driver_count_20yr,driver_count_50_64yr,driver_count_65_74yr,driver_count_75plus,unbelted_occ_count,unb_death_count,unb_maj_inj_count,belted_death_count,belted_maj_inj_count,mcycle_death_count,mcycle_maj_inj_count,bicycle_death_count,bicycle_maj_inj_count,ped_count,ped_death_count,ped_maj_inj_count,max_severity_level,comm_veh_count,dec_lat,dec_long,rdwy_surf_type_cd,county_name
57239,663568,2012047102,6,67,67301,2012,4,5,0,0,3,1,0,4,1, , ,N,1,2,0,3,0,1,3,2,N,N,39 59:29.209,75 08:05.493,25, ,20, ,0, ,N, ,3, , , , , , , , , ,2,2,0,0,0,0,0,0,0,0,0,1,1,0,0,0,0,0,0,0,0,0,0,0,0,0,0,0,0,0,0,0,0,0,0,4,0,39.9913,-75.1349, , 
57240,663597,2012026155,6,67,67301,2012,2,7,2210,22,3,4,3,4,1, , ,N,0,0,0,3,0,1,3,2,N,N,40 02:16.239,75 11:10.908,2305, ,2258, ,0, ,N, ,0, , , , , , , , , ,2,2,0,0,0,0,0,0,0,0,0,1,1,0,0,0,0,0,0,0,0,0,0,0,0,0,0,0,0,0,0,0,0,0,0,4,0,40.0378,-75.1864, , 
57241,663620,2012041650,6,67,67301,2012,3,5,212,2,3,5,0,4,6, , ,N,0,0,0,3,0,0,3,2,N,N,39 56:36.278,75 14:18.485,224, ,221,4,1,3, , ,0,N, , , , , , , , ,2,2,0,0,0,0,0,0,0,0,0,0,0,0,3,0,0,0,0,0,0,0,0,0,0,0,0,0,0,0,0,0,0,0,0,9,0,39.9435,-75.2383, , 
57242,663624,2012048337,6,67,67301,2012,4,4,13,0,3,1,0,8,1, , ,N,0,0,0,3,0,1,2,2,N,N,40 00:28.209,75 05:33.979,105, ,103, ,0, ,N, ,0, , , , , , , , , ,1,0,0,0,0,0,0,0,0,0,0,1,1,0,0,0,0,0,0,0,0,0,0,0,0,0,0,0,0,0,0,0,1,0,0,4,0,40.0078,-75.0928, , 
57243,669901,2012013750,6,67,67301,2012,1,4,2240,22,3,1,0,7,4, , ,N,0,0,0,3,0,1,3,1,N,N,39 55:50.469,75 11:55.983,2253, ,2253,1,1,3,N, ,0,N, , , , , , , , ,1,1,0,0,0,0,0,0,0,0,0,0,1,1,0,0,0,0,0,0,0,0,0,0,0,0,0,0,0,0,0,0,0,0,0,8,0,39.9307,-75.1989, , 
57244,669905,2012017899,6,67,67301,2012,1,4,2205,22,3,2,1,1,1, , ,N,1,0,0,3,0,1,3,2,N,N,40 02:32.695,75 06:18.240,2207, ,2205, ,0, ,N, ,0, , , , , , , , , ,2,2,0,0,0,0,0,0,0,0,0,1,1,0,0,0,0,0,0,1,1,0,0,0,0,0,0,0,0,0,0,0,0,0,0,4,0,40.0424,-75.1051, , 
57245,669917,2012032652,6,67,67301,2012,2,5,2045,20,3,2,1,4,1, , ,N,2,2,0,3,0,1,3,2,N,N,40 01:24.456,75 09:37.253,2131, ,2130, ,0, ,N, ,3, , , , , , , , , ,2,2,0,0,0,0,0,0,0,0,0,1,1,0,0,0,0,0,0,0,0,0,0,0,0,0,0,0,0,0,0,0,0,0,0,4,0,40.0235,-75.1603, , 
57246,669927,2012041605,6,67,67301,2012,3,6,700,7,1,1,0,4,1, , ,N,2,2,0,3,0,0,2,2,N,N,40 05:44.901,74 59:28.492,705, ,700,9,1,3,N, ,3,N, , , , , , , , ,2,2,0,0,0,0,0,0,0,0,0,0,0,0,0,0,0,0,0,1,0,0,0,2,0,0,0,0,0,0,0,0,0,0,0,0,0,40.0958,-74.9912, , 
57247,669933,2012048079,6,67,67301,2012,4,3,1350,13,1,1,8,4,1, , ,N,1,3,0,3,0,1,5,2,N,N,39 59:55.795,75 07:08.439,1350, ,1400, ,0, ,N, ,3, , , , , , , , , ,2,1,0,0,0,0,1,0,0,0,0,1,1,0,1,0,0,0,0,0,0,0,0,0,0,0,0,0,0,0,0,0,0,0,0,4,0,39.9988,-75.119, , 
57248,669934,2012048290,6,67,67301,2012,3,1,230,2,3,1,0,1,1, , ,N,1,2,0,3,0,1,3,3,N,N,40 01:26.350,75 09:34.481,9999, ,9999, ,0, ,N, ,3, , , , , , , , , ,3,2,0,0,0,0,1,0,0,0,0,0,1,1,2,0,0,0,0,0,1,0,0,0,0,0,0,0,0,0,0,0,0,0,0,8,0,40.024,-75.1596, , 
57249,669957,2012026209,6,67,67301,2012,2,1,2335,23,3,1,0,2,1, , ,N,0,0,0,3,0,1,2,2,N, ,40 02:52.956,75 04:08.670,2345, ,2337, ,0, , , ,0, , , , , , , , , ,2,1,0,0,0,0,1,0,0,0,1,0,1,0,0,0,0,0,0,0,1,0,0,0,0,0,0,0,0,0,0,0,0,0,0,3,0,40.048,-75.0691, , 
57250,669967,2012033745,6,67,67301,2012,3,7,2002,20,3,1,0,1,1, , ,N,0,0,0,3,0,1,6,4,N,N,39 58:49.009,75 06:18.892,2006, ,2002,2,2,2,N, ,0,N, , , , , , , , ,4,4,0,0,0,0,0,0,0,0,0,1,1,0,0,0,0,0,0,0,0,0,0,0,0,0,0,0,0,0,0,0,0,0,0,4,0,39.9803,-75.1052, , 
57251,669978,2012038935,6,67,67301,2012,4,4,1726,17,1,1,0,1,1, , ,N,0,0,3,3,0,2,3,3,N,N,40 00:23.138,75 11:35.350,1726, ,1726,1,1,1,N, ,0,N, , , , , , , , ,3,3,0,0,0,0,0,0,0,0,0,2,2,0,0,0,0,0,0,0,0,0,0,1,0,0,0,0,0,0,0,0,0,0,0,4,0,40.0064,-75.1932, , 
57252,669982,2012048032,6,67,67301,2012,4,1,1857,18,1,1,0,4,1, , ,N,1,2,0,3,0,2,3,2,N,N,39 57:32.239,75 13:44.330,1905, ,1906,1,1,2,N, ,3,N, , , , , , , , ,2,0,0,0,1,0,0,1,0,0,0,0,2,2,0,0,0,0,0,0,0,0,0,0,0,0,0,0,0,0,0,0,0,0,0,8,0,39.959,-75.229, , 
57253,669993,2012009374,6,67,67301,2012,1,5,1738,17,3,1,0,1,1, , ,N,0,0,0,3,0,0,3,2,N,N,39 57:26.617,75 08:49.702,1751, ,1741,1,1,3,N, ,0,N, , , , , , , , ,2,0,0,0,0,0,2,0,0,0,0,0,0,0,0,0,0,0,0,0,1,0,0,0,0,0,0,0,0,0,0,0,0,0,0,0,0,39.9574,-75.1471, , 
57254,669999,2012017930,6,67,67301,2012,1,7,9999,99,1,1,0,4,1, , ,N,1,2,0,3,0,1,3,2,N,N,40 01:32.421,75 01:53.914,1536, ,1531, ,0, ,N, ,3, , , , , , , , , ,2,1,0,0,1,0,0,0,0,0,0,1,1,0,2,0,0,0,0,0,0,0,0,3,0,0,0,0,0,0,0,0,0,0,0,4,0,40.0257,-75.0316, , 
57255,670013,2012034725,6,67,67301,2012,3,3,9999,99,1,1,0,8,1, , ,N,1,2,0,3,0,1,2,2,N,N,39 58:23.647,75 12:44.071,1054, ,1051, ,0, ,N, ,3, , , , , , , , , ,1,1,0,0,0,0,0,0,0,0,0,1,1,0,0,0,0,0,0,0,0,0,0,0,0,0,0,0,0,0,0,0,1,0,0,4,0,39.9732,-75.2121, , 
57256,670040,2012012660,6,67,67301,2012,1,7,1402,14,1,1,0,5,1, , ,N,6,0,2,3,0,0,2,2,N,N,39 56:39.054,75 11:49.549,1405, ,1403, ,0, ,N, ,0, , , , , , , , , ,2,0,0,0,0,0,1,1,0,0,0,0,0,0,0,0,0,0,0,0,1,0,0,0,0,0,0,0,0,0,0,0,0,0,0,0,0,39.9442,-75.1971, , 
57257,670066,2012034746,6,67,67301,2012,3,5,1830,18,4,1,0,4,1, , ,N,0,0,0,3,0,2,3,2,N,N,39 57:46.475,75 12:20.293,1835, ,1807, ,0, ,N, ,0, , , , , , , , , ,2,2,0,0,0,0,0,0,0,0,0,1,2,1,0,0,0,0,0,0,1,0,0,0,0,0,0,0,0,0,0,0,0,0,0,4,0,39.9629,-75.2056, , 
57258,670072,2012041539,6,67,67301,2012,3,6,1530,15,1,1,0,8,1, , ,N,1,0,0,3,0,1,2,2,N,N,39 59:18.528,75 13:52.978,1535, ,1530, ,0, ,N, ,0, , , , , , , , , ,1,1,0,0,0,0,0,0,0,0,0,1,1,0,0,0,0,0,0,0,0,0,0,0,0,0,0,0,0,0,0,0,1,0,0,4,0,39.9885,-75.2314, , 
57259,670078,2012047122,6,67,67301,2012,4,6,2250,22,3,1,0,1,1, , ,N,1,2,0,3,0,1,2,2,N,N,40 02:12.310,75 02:26.659,2, ,2, ,0, ,N, ,3, , , , , , , , , ,2,2,0,0,0,0,0,0,0,0,0,1,1,0,0,0,0,0,0,0,0,0,0,0,0,0,0,0,0,0,0,0,0,0,0,4,0,40.0368,-75.0407, , 
57260,670090,2012013432,6,67,67301,2012,1,2,1530,15,1,1,0,1,1, , ,N,2,2,0,3,0,1,2,2,N,N,40 04:56.985,75 02:58.725,1540, ,1535, ,0, ,N, ,3, , , , , , , , , ,2,0,0,0,0,0,1,1,0,0,0,0,1,1,0,0,0,0,0,0,2,0,0,0,0,0,0,0,0,0,0,0,0,0,0,8,0,40.0825,-75.0496, , 
57261,656793,2012015457,6,67,67301,2012,1,2,1613,16,1,1,0,4,1, , ,N,1,2,0,3,0,3,3,2,N,N,40 00:38.808,75 07:35.921,1639, ,1639, ,0, ,N, ,3, , , , , , , , , ,2,2,0,0,0,0,0,0,0,0,0,0,3,3,0,0,0,0,0,0,0,0,0,2,0,0,0,0,0,0,0,0,0,0,0,8,0,40.0108,-75.1266, , 
57262,656840,2012016366,6,67,67301,2012,1,4,1550,15,1,1,0,1,1, , ,N,0,0,0,3,0,0,4,2,N,N,39 58:55.938,75 06:03.115,1600, ,1600, ,0, ,N, ,0, , , , , , , , , ,2,0,0,0,0,0,2,0,0,0,0,0,0,0,0,0,0,0,0,0,1,0,0,0,0,0,0,0,0,0,0,0,0,0,0,0,0,39.9822,-75.1008, , 
57263,656842,2012026097,6,67,67301,2012,2,7,1813,18,3,1,0,4,1, , ,N,1,3,0,3,0,2,3,2,N,N,40 01:26.947,75 09:25.369,1820, ,1815,2,2,6, , ,3,Y, , , , , , , , ,2,2,0,0,0,0,0,0,0,0,1,1,2,0,0,0,0,0,0,2,0,0,0,0,0,0,0,0,0,0,0,0,0,0,0,3,0,40.0242,-75.157, , 
57264,656844,2012027727,6,67,67301,2012,2,4,838,8,1,1,0,8,1, , ,N,0,0,0,3,0,1,3,4,N,N,39 59:48.916,75 07:48.629,915, ,851, ,0, , , ,0, , , , , , , , , ,3,2,0,0,1,0,0,0,0,0,0,1,1,0,0,0,0,0,0,0,0,0,0,0,0,0,0,0,0,0,0,0,1,0,0,4,0,39.9969,-75.1302, , 
57265,656845,2012027768,6,67,67301,2012,2,1,9999,99,1,1,0,4,1, , ,N,1,2,0,3,0,0,2,2,N,N,40 03:10.159,75 11:44.213,1148, ,1145, ,0, ,N, ,3, , , , , , , , , ,2,2,0,0,0,0,0,0,0,0,0,0,0,0,0,0,0,0,0,0,0,0,0,0,0,0,0,0,0,0,0,0,0,0,0,0,0,40.0528,-75.1956, , 
57266,656871,2012056760,6,67,67301,2012,5,5,815,8,1,1,1,7,5, , ,N,0,0,0,3,0,0,2,1,N,N,39 59:36.353,75 06:01.562,825, ,820, ,0, ,N, ,0, , , , , , , , , ,1,0,0,0,0,0,0,1,0,0,0,0,0,0,0,0,0,0,0,0,0,0,0,0,0,0,0,0,0,0,0,0,0,0,0,0,0,39.9934,-75.1004, , 
57267,656886,2012010751,6,67,67301,2012,1,1,1205,12,1,1,0,1,1, , ,N,0,0,0,3,0,0,6,3,N,N,39 57:22.187,75 10:49.704,1218, ,1207,2,1,4,N, ,0,N, , , , , , , , ,3,2,0,0,0,0,1,0,0,0,0,0,0,0,0,0,0,0,0,0,1,0,0,0,0,0,0,0,0,0,0,0,0,0,0,0,0,39.9562,-75.1805, , 
57268,656889,2012011831,6,67,67301,2012,1,7,918,9,1,7,1,7,4, , ,N,0,0,0,3,0,1,1,1,N,N,39 57:22.557,75 08:30.896,929, ,926,1,1,4,Y, ,0,N, , , , , , , , ,1,1,0,0,0,0,0,0,0,0,0,1,1,0,0,0,0,0,0,0,0,0,0,0,0,0,0,0,0,0,0,0,0,0,0,4,0,39.9563,-75.1419, , 
57269,656917,2012058773,6,46,46104,2012,5,6,1541,15,1,1,0,1,1, , ,N,0,0,0,3,0,0,5,3,N,N,39 59:42.856,75 14:21.274,1545, ,1541,1,1,2,N, ,0,N, , , , , , , , ,3,2,0,0,0,0,0,0,0,0,0,0,0,0,1,0,0,0,0,0,1,0,0,0,0,0,0,0,0,0,0,0,0,0,0,9,0,39.9952,-75.2392, , 
57270,656920,2012061349,6,67,67301,2012,5,1,224,2,3,1,0,5,1, , ,N,0,0,0,3,0,1,2,2,N,N,40 01:13.746,75 02:34.352,307, ,300, ,0, ,N, ,0, , , , , , , , , ,2,1,0,0,0,0,1,0,0,0,0,1,1,0,0,0,0,0,0,0,1,0,0,0,0,0,0,0,0,0,0,0,0,0,0,4,0,40.0204,-75.043, , 
57271,656940,2012014814,6,67,67301,2012,1,5,530,5,3,4,3,7,2, , ,N,6,0,2,3,0,0,1,1,N,N,39 53:35.159,75 13:19.839,602, ,533,2,2,7,N, ,0,N, , , , , , , , ,1,1,0,0,0,0,0,0,0,0,0,0,0,0,0,0,0,0,0,0,0,0,0,0,0,0,0,0,0,0,0,0,0,0,0,0,0,39.8931,-75.2222, , 
57272,656950,2012028138,6,67,67301,2012,2,7,1500,15,1,2,1,4,1, , ,N,5,2,0,3,0,3,6,4,N, ,39 54:19.501,75 10:24.816,1708, ,1705,2,2,7, , ,3,Y, , , , , , , , ,4,3,0,0,1,0,0,0,0,0,3,0,3,0,0,0,0,0,0,0,1,0,0,0,0,0,0,0,0,0,0,0,0,0,0,3,0,39.9054,-75.1736, , 
57273,656957,2012034688,6,67,67301,2012,3,6,2000,20,3,2,1,1,1, , ,N,0,0,0,3,0,1,2,2,N, ,39 54:38.480,75 13:53.238,2018, ,2008, ,0, , , ,0, , , , , , , , , ,2,1,0,0,0,0,1,0,0,0,0,0,1,1,1,0,0,0,0,0,0,0,0,0,0,0,0,0,0,0,0,0,0,0,0,8,0,39.9107,-75.2315, , 
57274,656960,2012041546,6,67,67301,2012,3,1,400,4,3,1,0,8,1, , ,N,1,2,0,3,1,0,3,5,N,N,39 56:12.075,75 10:01.033,405, ,402, ,0, ,N,0,3, , , , , , , , , ,4,3,0,0,0,0,1,0,0,0,0,0,0,0,0,0,0,0,1,0,0,0,0,0,0,0,0,0,0,0,0,0,1,1,0,1,0,39.9367,-75.1669,2, 
57275,656966,2012050552,6,67,67301,2012,5,5,2051,20,3,1,0,5,1, , ,N,6,0,2,3,0,1,4,2,N,N,39 57:53.288,75 11:06.505,2110, ,2056, ,0, ,N, ,0, , , , , , , , , ,2,1,0,0,0,0,1,0,0,0,0,0,1,1,0,0,0,0,0,0,1,0,0,0,0,0,0,0,0,0,0,0,0,0,0,8,0,39.9659,-75.1864, , 
57276,656988,2012020475,6,67,67301,2012,1,5,1230,12,1,1,0,1,1, , ,N,0,8,0,3,0,0,2,2,N,N,40 05:51.652,74 59:05.144,1235, ,1230,1,2,3, , ,3,N, , , , , , , , ,2,2,0,0,0,0,0,0,0,0,0,0,0,0,0,0,0,0,0,0,0,1,0,0,0,0,0,0,0,0,0,0,0,0,0,0,0,40.0977,-74.9848, , 
57277,656994,2012025671,6,67,67301,2012,2,7,1933,19,3,1,0,1,1, , ,N,0,0,0,3,0,1,4,2,N,N,40 00:09.128,75 11:42.051,1938, ,1935,1,1,3,N, ,0,N, , , , , , , , ,2,1,0,0,0,0,1,0,0,0,0,0,1,1,0,0,0,0,0,0,1,0,0,0,0,0,0,0,0,0,0,0,0,0,0,8,0,40.0025,-75.195, , 
57278,656997,2012028150,6,67,67301,2012,2,4,1720,17,3,4,1,8,1, , ,N,1,3,0,3,0,1,2,2,N,N,39 58:31.130,75 13:53.500,1748, ,1745, ,0, ,N, ,3, , , , , , , , , ,1,0,0,0,0,0,0,0,0,0,1,0,1,0,0,0,0,0,0,0,0,0,0,0,0,0,0,0,0,0,0,0,1,0,0,3,0,39.9753,-75.2315, , 
57279,659807,2012083392,6,67,67301,2012,7,5,1419,14,1,1,0,4,1, , ,N,1,2,0,3,0,2,3,3,N,N,39 58:23.617,75 11:01.532,1423, ,1421,9,1,1,N, ,3,N, , , , , , , , ,3,2,0,0,0,0,0,1,0,0,1,1,2,0,0,0,0,0,0,0,1,0,0,1,0,0,0,0,0,0,0,0,0,0,0,3,0,39.9732,-75.1838, , 
57280,659810,2012085742,6,67,67301,2012,7,5,1639,16,1,1,0,8,1, , ,N,0,0,0,3,0,1,3,3,N,N,39 55:30.639,75 10:09.970,1644, ,1640, ,0, , , ,0, , , , , , , , , ,2,1,0,0,0,0,0,1,0,1,0,0,1,0,0,0,0,0,0,0,0,0,0,0,0,0,0,0,0,0,0,0,1,0,1,2,0,39.9253,-75.1694, , 
57281,659823,2012080757,6,67,67301,2012,7,1,9999,99,3,1,0,5,6, , ,N,0,0,0,3,0,1,1,5,N,N,39 59:02.385,75 13:54.732,2057, ,2055, ,0, ,N, ,0, , , , , , , , , ,5,5,0,0,0,0,0,0,0,0,0,1,1,0,0,0,0,0,0,0,0,0,0,0,0,0,0,0,0,0,0,0,0,0,0,4,0,39.984,-75.2319, , 
57282,659845,2012099017,6,67,67301,2012,9,6,1036,10,1,1,0,4,1, , ,N,0,0,7,3,0,1,3,2,N, ,40 07:22.017,75 00:56.629,1041, ,1037, ,0, , , ,0, , , , , , , , , ,2,0,0,0,1,0,1,0,0,0,0,1,1,0,0,0,0,0,0,1,0,0,0,0,0,0,0,0,0,0,0,0,0,0,0,4,0,40.1228,-75.0157, , 
57283,659853,2012104140,6,67,67301,2012,9,3,9999,99,2,1,0,1,1, , ,N,0,0,0,3,0,3,3,3,N,N,40 01:29.924,75 06:29.653,2053, ,2050,1,2,4,N, ,0,N, , , , , , , , ,3,2,0,0,0,0,0,1,0,0,0,0,3,3,0,0,0,0,0,0,0,0,0,0,0,0,0,0,0,0,0,0,0,0,0,8,0,40.025,-75.1082, , 
57284,659860,2012109630,6,67,67301,2012,9,6,2105,21,3,9,0,4,1, , ,N,1,2,0,3,0,1,2,2,N, ,39 57:59.670,75 14:23.337,955, ,938, ,0, , , ,3, , , , , , , , , ,1,1,0,0,0,0,0,0,1,0,1,0,1,0,1,0,0,0,0,0,0,0,0,0,0,0,0,0,0,0,0,0,1,0,0,3,0,39.9666,-75.2398, , 
57285,659872,2012015460,6,67,67301,2012,1,6,28,0,3,1,0,4,1, , ,N,2,3,0,3,0,1,3,2,N,N,40 01:12.005,75 09:07.946,30, ,28, ,0, ,N, ,3, , , , , , , , , ,2,0,0,0,0,0,1,1,0,0,0,0,1,1,0,0,0,0,0,0,0,0,0,1,0,0,0,0,0,0,0,0,0,0,0,8,0,40.02,-75.1522, , 
57286,659883,2012027757,6,67,67301,2012,2,3,1843,18,3,1,0,8,1, , ,N,0,0,0,3,1,0,2,2,N, ,40 01:14.545,75 11:33.722,1851, ,1843, ,0, , ,0,0, , , , , , , , , ,1,1,0,0,0,0,0,0,0,0,0,0,0,0,0,0,0,0,0,0,0,0,1,1,0,0,0,0,0,0,0,0,1,1,0,1,0,40.0207,-75.1927,2, 
57287,659890,2012034771,6,67,67301,2012,3,3,1139,11,1,1,0,1,1, , ,N,0,0,0,3,0,1,3,2,N,N,40 04:15.339,75 02:57.747,1142, ,1139, ,0, ,N, ,0, , , , , , , , , ,2,1,0,0,0,0,0,1,0,0,0,1,1,0,0,0,0,0,0,0,2,0,0,0,0,0,0,0,0,0,0,0,0,0,0,4,0,40.0709,-75.0494, , 
57288,659892,2012036768,6,67,67301,2012,3,1,253,2,3,1,0,4,1, , ,N,1,2,0,3,0,0,2,2,N,N,39 57:01.633,75 13:36.684,253, ,253, ,0, ,N, ,3, , , , , , , , , ,2,1,0,0,0,0,1,0,0,0,0,0,0,0,0,0,0,0,0,0,1,0,0,0,0,0,0,0,0,0,0,0,0,0,0,0,0,39.9505,-75.2269, , 
57289,659893,2012036787,6,67,67301,2012,3,1,1231,12,1,1,0,4,1, , ,N,1,2,0,3,1,4,7,6,N,N,39 56:09.409,75 09:24.814,1234, ,1232,4,2,7,N,0,3,Y, , , , , , , , ,2,1,0,0,0,0,1,0,0,0,0,0,4,4,2,0,0,0,0,0,0,0,0,0,0,0,0,0,0,0,0,0,4,1,0,1,0,39.9359,-75.1569,1, 
57290,659900,2012041495,6,67,67301,2012,3,7,1201,12,1,2,1,4,1, , ,N,1,2,0,3,0,1,3,2,N,N,39 59:02.342,75 09:04.582,1205, ,1201, ,0, ,N, ,3, , , , , , , , , ,2,2,0,0,0,0,0,0,0,0,0,1,1,0,0,0,0,0,0,0,1,0,0,0,0,0,0,0,0,0,0,0,0,0,0,4,0,39.984,-75.1513, , 
57291,659901,2012041665,6,67,67301,2012,3,7,9999,99,1,1,0,4,1, , ,N,1,3,0,3,0,0,2,3,N,N,40 02:10.662,75 04:18.319,1014, ,958, ,0, ,N, ,3, , , , , , , , , ,3,2,0,0,0,0,1,0,0,0,0,0,0,0,0,0,0,0,0,0,0,0,0,0,0,0,0,0,0,0,0,0,0,0,0,0,0,40.0363,-75.0718, , 
57292,659906,2012049515,6,67,67301,2012,4,6,908,9,1,1,0,1,1, , ,N,0,0,0,3,0,1,3,3,N,N,39 57:36.465,75 10:47.770,916, ,914,1,1,4,N, ,0,N, , , , , , , , ,3,2,0,0,0,1,0,0,0,0,0,1,1,0,0,0,0,0,0,0,1,0,0,0,0,0,0,0,0,0,0,0,0,0,0,4,1,39.9601,-75.1799, , 
57293,659939,2012036817,6,67,67301,2012,3,2,1720,17,1,1,0,4,1, , ,N,1,2,0,3,0,1,3,3,N,N,39 53:40.603,75 14:12.181,1720, ,1720, ,9, ,N, ,2, , , , , , , , , ,3,1,0,0,0,0,1,1,0,0,1,0,1,0,0,0,0,0,0,0,0,1,0,0,0,0,0,0,0,0,0,0,0,0,0,3,0,39.8946,-75.2367, , 
57294,659969,2012012674,6,67,67301,2012,1,1,2000,20,3,2,1,4,1, , ,N,1,3,0,3,0,1,3,2,N,N,39 58:17.414,75 14:21.944,2014, ,2012, ,0, ,N, ,2, , , , , , , , , ,2,1,0,1,0,0,0,0,0,0,0,0,1,1,0,0,0,1,0,0,0,0,0,0,0,0,0,0,0,0,0,0,0,0,0,8,1,39.9715,-75.2394, , 
57295,659971,2012020390,6,67,67301,2012,2,4,205,2,3,1,0,7,5, , ,N,0,0,0,3,0,0,1,1,N, ,39 56:49.078,75 11:44.654,211, ,209,3,2,4, , ,0,Y, , , , , , , , ,1,0,0,0,0,0,1,0,0,0,0,0,0,0,0,0,0,0,0,0,0,0,0,0,0,0,0,0,0,0,0,0,0,0,0,0,0,39.9467,-75.1962, , 
57296,659972,2012020577,6,67,67301,2012,2,6,1744,17,4,1,0,4,1, , ,N,1,3,0,3,0,0,2,2,N,N,40 03:50.306,75 03:34.568,1750, ,1744, ,0, ,N, ,3, , , , , , , , , ,2,2,0,0,0,0,0,0,0,0,0,0,0,0,0,0,0,0,0,0,1,0,0,0,0,0,0,0,0,0,0,0,0,0,0,0,0,40.064,-75.0596, , 
57297,666594,2012042564,6,67,67301,2012,3,4,1455,14,1,1,0,4,6, , ,N,0,0,0,3,0,4,5,3,N, ,39 59:30.249,75 13:50.512,1500, ,1455, ,0, ,N, ,0, , , , , , , , , ,3,2,0,0,0,0,1,0,0,0,0,3,4,1,0,0,0,0,0,0,1,0,0,0,0,0,0,0,0,0,0,0,0,0,0,4,0,39.9917,-75.2307, , 
57298,666601,2012049652,6,67,67301,2012,4,2,550,5,1,2,1,4,1, , ,N,1,3,0,3,0,2,2,2,N,N,39 57:17.539,75 12:08.765,552, ,551, ,0, ,N, ,3, , , , , , , , , ,2,0,0,0,1,0,1,0,0,0,0,0,2,2,0,0,0,0,0,0,1,0,0,0,0,0,0,0,0,0,0,0,0,0,0,8,0,39.9549,-75.2024, , 
57299,666606,2012055799,6,67,67301,2012,6,7,326,3,3,1,0,7,4, , ,N,0,0,0,3,0,0,1,1,N,N,39 57:38.143,75 10:53.293,333, ,327,1,2,4,N, ,0,N, , , , , , , , ,1,0,0,0,0,0,1,0,0,0,0,0,0,0,0,0,0,0,0,0,0,0,0,0,0,0,0,0,0,0,0,0,0,0,0,0,0,39.9606,-75.1815, , 
57300,666607,2012056743,6,67,67301,2012,5,1,1545,15,1,1,0,4,1, , ,N,0,0,0,3,0,1,2,2,N, ,39 56:13.099,75 10:30.597,1618, ,1615, ,0, , , ,0, , , , , , , , , ,1,1,0,0,0,0,0,0,1,0,0,1,1,0,0,0,0,0,0,0,0,0,0,0,0,0,0,0,0,0,0,0,0,0,0,4,0,39.937,-75.1752, , 
57301,666641,2012044418,6,46,46104,2012,1,1,935,9,1,1,0,4,1, , ,N,1,2,0,3,0,1,2,2,N,N,39 59:17.883,75 15:14.303,940, ,936, ,0, ,N, ,3, , , , , , , , , ,2,2,0,0,0,0,0,0,0,0,0,0,1,1,0,0,0,0,0,0,1,0,0,0,0,0,0,0,0,0,0,0,0,0,0,8,0,39.9883,-75.254, , 
57302,666654,2012056753,6,67,67301,2012,5,5,1332,13,1,1,0,4,1, , ,N,2,0,0,3,0,1,2,2,N, ,39 55:27.289,75 11:17.739,1421, ,1410, ,0, , , ,0, , , , , , , , , ,2,1,0,0,0,0,1,0,0,0,0,0,1,1,0,0,0,0,0,0,0,0,0,0,0,0,0,0,0,0,0,0,0,0,0,8,0,39.9242,-75.1883, , 
57303,666675,2012028504,6,67,67301,2012,2,7,1805,18,3,4,1,8,1, , ,N,2,2,7,3,0,1,3,2,N,N,40 04:44.053,75 01:31.086,1810, ,1806,2,1,2,N, ,3,N, , , , , , , , ,1,0,0,0,0,0,1,0,0,0,1,0,1,0,0,0,0,0,0,0,0,0,0,0,0,0,0,0,0,0,0,0,1,0,0,3,0,40.0789,-75.0253, , 
57304,666688,2012041589,6,67,67301,2012,3,4,2100,21,3,1,0,8,1, , ,N,1,2,0,3,0,1,2,2,N,N,39 57:10.616,75 09:34.855,1215, ,1215, ,0, ,N, ,3, , , , , , , , , ,1,0,0,0,0,0,0,1,0,0,0,0,1,1,0,0,0,0,0,0,0,0,0,0,0,0,0,0,0,0,0,0,1,0,0,8,0,39.9529,-75.1597, , 
57305,666693,2012047228,6,67,67301,2012,4,2,1930,19,4,1,0,4,1, , ,N,2,3,0,3,0,1,3,2,N, ,40 03:59.116,74 58:56.186,1945, ,1936, ,0, , , ,3, , , , , , , , , ,2,2,0,0,0,0,0,0,0,0,0,1,1,0,0,0,0,0,0,0,1,1,0,2,0,0,0,0,0,0,0,0,0,0,0,4,0,40.0664,-74.9822, , 
57306,666732,2012032524,6,67,67301,2012,2,4,1420,14,1,1,0,4,1, , ,N,2,2,0,3,0,1,2,2,N,N,39 58:50.713,75 13:17.277,1632, ,1628,3,2,7,N, ,3,Y, , , , , , , , ,2,0,1,0,0,0,1,0,0,1,0,0,1,0,0,0,0,0,0,0,1,0,0,0,0,0,0,0,0,1,0,0,0,0,0,2,0,39.9807,-75.2214, , 