objectid_1,objectid,crn,district,county,municipality,crash_year,crash_month,day_of_week,time_of_day,hour_of_day,illumination,weather,road_condition,collision_type,relation_to_road,work_zone_type,work_zone_loc,work_zone_ind,intersect_type,tcd_type,location_type,urban_rural,fatal_count,injury_count,person_count,total_units,sch_bus_ind,sch_zone_ind,latitude,longitude,arrival_tm,cons_zone_spd_lim,dispatch_tm,est_hrs_closed,lane_closed,ln_close_dir,ntfy_hiwy_maint,spec_juris_cd,tcd_func_cd,tfc_detour_ind,workers_pres,wz_close_detour,wz_flagger,wz_law_offcr_ind,wz_ln_closure,wz_moving,wz_other,wz_shlder_mdn,vehicle_count,automobile_count,motorcycle_count,bus_count,small_truck_count,heavy_truck_count,suv_count,van_count,bicycle_count,maj_inj_count,mod_inj_count,min_inj_count,tot_inj_count,unk_inj_deg_count,unk_inj_per_count,driver_count_16yr,driver_count_17yr,driver_count_18yr,driver_count_19yr,driver_count_20yr,driver_count_50_64yr,driver_count_65_74yr,driver_count_75plus,unbelted_occ_count,unb_death_count,unb_maj_inj_count,belted_death_count,belted_maj_inj_count,mcycle_death_count,mcycle_maj_inj_count,bicycle_death_count,bicycle_maj_inj_count,ped_count,ped_death_count,ped_maj_inj_count,max_severity_level,comm_veh_count,dec_lat,dec_long,rdwy_surf_type_cd,county_name
57307,666752,2012056599,6,67,67301,2012,4,7,2205,22,3,1,0,7,5, , ,N,0,0,0,3,0,0,2,3,N,N,39 58:25.461,75 13:51.638,2208, ,2206,4,2,6,N, ,0,Y, , , , , , , , ,3,2,0,0,0,0,1,0,0,0,0,0,0,0,1,0,0,0,0,0,0,0,0,0,0,0,0,0,0,0,0,0,0,0,0,9,0,39.9737,-75.231, , 
57308,666787,2012056635,6,67,67301,2012,5,3,1656,16,1,1,0,4,1, , ,N,1,2,0,3,0,0,2,2,N,N,40 01:02.392,75 06:58.530,1708, ,1717, ,0, ,N, ,3, , , , , , , , , ,2,1,0,0,0,0,0,1,0,0,0,0,0,0,0,0,0,0,0,0,0,0,0,0,0,0,0,0,0,0,0,0,0,0,0,0,0,40.0173,-75.1163, , 
57309,666813,2012015184,6,67,67301,2012,2,7,546,5,5,1,0,7,2, , ,N,0,0,0,3,0,0,1,1,N,N,39 59:16.870,75 12:26.088,600, ,600,1,1,3,N, ,0,N, , , , , , , , ,1,1,0,0,0,0,0,0,0,0,0,0,0,0,0,0,0,0,0,0,0,0,0,0,0,0,0,0,0,0,0,0,0,0,0,0,0,39.988,-75.2072, , 
57310,666826,2012026153,6,67,67301,2012,2,4,1440,14,1,1,0,5,2, , ,N,2,0,0,3,0,1,2,2,N, ,40 00:06.674,75 08:17.059,1805, ,1750, ,0, , , ,0, , , , , , , , , ,2,1,0,0,0,0,0,0,0,0,0,0,1,1,0,0,0,0,0,0,0,0,0,0,0,0,0,0,0,0,0,0,0,0,0,8,0,40.0019,-75.1381, , 
57311,666832,2012030797,6,67,67301,2012,3,3,534,5,3,2,1,7,2, , ,N,0,0,0,3,0,0,1,1,N,N,39 56:42.247,75 11:27.484,544, ,538, ,0, ,N, ,0, , , , , , , , , ,1,0,0,0,1,0,0,0,0,0,0,0,0,0,0,0,0,0,0,0,0,0,0,0,0,0,0,0,0,0,0,0,0,0,0,0,0,39.9451,-75.191, , 
57312,666843,2012041194,6,67,67301,2012,4,6,2250,22,3,1,0,1,1, , ,N,0,0,0,3,0,0,4,4,N,N,39 58:49.459,75 06:15.797,2256, ,2253,1,2,1,N, ,0,N, , , , , , , , ,4,1,0,0,1,0,1,1,0,0,0,0,0,0,0,0,0,0,1,0,2,0,0,0,0,0,0,0,0,0,0,0,0,0,0,0,0,39.9804,-75.1045, , 
57313,666849,2012048177,6,67,67301,2012,3,2,740,7,1,1,0,7,2, , ,N,0,0,0,3,0,1,1,1,N,N,39 56:25.398,75 12:06.713,743, ,743, ,0, ,N, ,0, , , , , , , , , ,1,1,0,0,0,0,0,0,0,0,1,0,1,0,0,0,0,0,0,0,0,0,0,0,0,0,0,0,0,0,0,0,0,0,0,3,0,39.9403,-75.2017, , 
57314,666875,2012026206,6,67,67301,2012,1,4,1144,11,1,1,0,1,1, , ,N,1,2,0,3,0,3,3,2,N,N,40 01:32.799,75 07:24.507,1156, ,1154,1,1,4,N, ,3,N, , , , , , , , ,2,2,0,0,0,0,0,0,0,0,1,2,3,0,0,0,0,0,0,0,0,0,0,0,0,0,0,0,0,0,0,0,0,0,0,3,0,40.0258,-75.1235, , 
57315,663647,2012034754,6,67,67301,2012,3,7,1847,18,3,1,0,8,1, , ,N,0,0,0,3,0,1,2,2,N, ,39 59:46.247,75 11:07.432,1850, ,1847, ,0, , , ,0, , , , , , , , , ,1,1,0,0,0,0,0,0,0,0,0,0,1,1,0,0,0,0,0,0,0,0,0,1,0,0,0,0,0,0,0,0,1,0,0,8,0,39.9962,-75.1854, , 
57316,663657,2012041621,6,67,67301,2012,3,3,1630,16,1,1,0,6,1, , ,N,0,2,7,3,0,1,3,2,N,N,40 01:51.305,75 06:16.173,1705, ,1653, ,0, ,N, ,3, , , , , , , , , ,2,1,0,0,0,0,1,0,0,0,0,0,1,1,0,0,0,0,0,1,0,0,0,0,0,0,0,0,0,0,0,0,0,0,0,8,0,40.0309,-75.1045, , 
57317,663658,2012042541,6,67,67301,2012,4,2,2,0,3,2,1,8,1, , ,N,0,0,0,3,0,2,4,4,N,N,40 02:39.019,75 04:07.644,1230, ,1222, ,0, ,N, ,0, , , , , , , , , ,2,1,0,0,0,0,0,1,0,0,2,0,2,0,0,0,0,0,0,0,0,0,0,0,0,0,0,0,0,0,0,0,2,0,0,3,0,40.0442,-75.0688, , 
57318,663666,2012047265,6,67,67301,2012,4,3,1739,17,1,1,0,8,1, , ,N,1,2,0,3,0,1,2,2,N,N,40 02:03.472,75 02:19.006,1742, ,1740,9,1,3, , ,3,Y, , , , , , , , ,1,0,0,0,0,0,1,0,0,0,1,0,1,0,0,0,0,0,0,0,0,0,0,0,0,0,0,0,0,0,0,0,1,0,0,3,0,40.0343,-75.0386, , 
57319,663706,2012036936,6,67,67301,2012,2,1,240,2,3,1,1,1,2, , ,N,0,0,0,3,0,0,1,3,N,N,40 02:20.356,75 14:26.905,245, ,240, ,0, ,N, ,0, , , , , , , , , ,3,2,0,0,1,0,0,0,0,0,0,0,0,0,0,0,0,0,0,0,0,0,0,0,0,0,0,0,0,0,0,0,0,0,0,0,0,40.039,-75.2408, , 
57320,663720,2012049776,6,67,67301,2012,4,2,2300,23,3,1,0,7,5, , ,N,0,0,0,3,0,1,1,1,N,N,40 00:52.066,75 09:07.297,53, ,49, ,0, ,N, ,0, , , , , , , , , ,1,1,0,0,0,0,0,0,0,0,0,0,1,1,0,0,0,0,0,0,0,0,0,0,0,0,0,0,0,0,0,0,0,0,0,8,0,40.0145,-75.152, , 
57321,663759,2012041535,6,67,67301,2012,3,3,735,7,1,1,0,2,1, , ,N,0,0,0,3,0,3,33,2,Y,N,40 05:23.380,74 58:51.211,747, ,737,3,1,6, , ,0,Y, , , , , , , , ,2,1,0,1,0,0,0,0,0,0,0,0,3,3,0,0,0,0,0,0,1,1,0,0,0,0,0,0,0,0,0,0,0,0,0,8,1,40.0898,-74.9809, , 
57322,663767,2012050220,6,67,67301,2012,4,5,1434,14,1,1,0,4,1, , ,N,1,2,0,3,0,5,5,2,N,N,40 01:37.482,75 04:31.962,1742, ,1738, ,0, , , ,3, , , , , , , , , ,2,1,0,0,1,0,0,0,0,0,0,5,5,0,0,0,0,0,0,0,0,1,0,0,0,0,0,0,0,0,0,0,0,0,0,4,0,40.0271,-75.0754, , 
57323,663782,2012017902,6,67,67301,2012,1,7,1220,12,1,1,0,5,1, , ,N,5,2,0,3,0,0,5,2,N,N,40 01:53.211,75 05:04.703,1235, ,230,1,1,1,N, ,3,Y, , , , , , , , ,2,2,0,0,0,0,0,0,0,0,0,0,0,0,2,0,0,0,0,0,1,0,0,2,0,0,0,0,0,0,0,0,0,0,0,9,0,40.0314,-75.0846, , 
57324,663787,2012026178,6,67,67301,2012,2,6,1000,10,1,1,0,8,1, , ,N,1,2,0,3,0,1,2,2,N, ,40 01:16.956,75 08:54.571,9999, ,1548, ,0, , , ,3, , , , , , , , , ,1,0,0,0,0,0,1,0,0,0,0,1,1,0,0,0,0,0,0,0,0,0,0,0,0,0,0,0,0,0,0,0,1,0,0,4,0,40.0214,-75.1485, , 
57325,663792,2012031595,6,67,67301,2012,3,1,742,7,5,1,0,7,7, , ,N,7,0,2,3,0,0,1,1,N,N,39 58:06.224,75 07:44.162,746, ,745,1,1,1,Y, ,0,N, , , , , , , , ,1,0,0,0,0,0,1,0,0,0,0,0,0,0,0,0,0,0,0,0,0,0,0,0,0,0,0,0,0,0,0,0,0,0,0,0,0,39.9684,-75.129, , 
57326,663799,2012042227,6,67,67301,2012,3,1,750,7,1,1,1,8,1, , ,N,1,3,0,3,0,1,2,2,N,N,39 56:01.122,75 09:15.065,800, ,754, ,0, , , ,3, , , , , , , , , ,1,1,0,0,0,0,0,0,0,0,0,1,1,0,0,0,0,0,0,0,0,0,0,0,0,0,0,0,0,0,0,0,1,0,0,4,0,39.9336,-75.1542, , 
57327,663822,2012006946,6,67,67301,2012,1,6,432,4,3,1,0,0,1, , ,N,7,0,2,3,0,1,1,1,N,N,40 00:01.860,75 04:47.686,446, ,436, ,0, ,N, ,0, , , , , , , , , ,1,0,1,0,0,0,0,0,0,0,0,0,1,1,0,0,0,0,0,0,0,0,0,0,0,0,0,0,0,0,0,0,0,0,0,8,0,40.0003,-75.0836, , 
57328,663835,2012015388,6,67,67301,2012,1,5,321,3,3,1,0,5,1, , ,N,0,0,0,3,0,0,1,9,N,N,40 01:41.079,75 09:44.291,329, ,323, ,0, ,N, ,0, , , , , , , , , ,9,7,0,0,0,0,0,2,0,0,0,0,0,0,1,0,0,0,0,0,0,0,0,0,0,0,0,0,0,0,0,0,0,0,0,9,0,40.0281,-75.1623, , 
57329,663842,2012020520,6,67,67301,2012,1,3,1209,12,1,2,1,8,1, , ,N,1,2,0,3,0,1,4,2,N,N,39 56:59.100,75 10:03.072,1219, ,1214, ,0, ,N, ,3, , , , , , , , , ,1,0,0,0,0,0,0,1,0,0,0,1,1,0,0,0,0,0,0,0,0,0,0,0,0,0,0,0,0,0,0,0,1,0,0,4,0,39.9498,-75.1675, , 
57330,663849,2012032494,6,67,67301,2012,2,7,1908,19,3,1,0,4,1, , ,N,1,2,0,3,0,1,2,2,N,N,39 57:13.478,75 14:25.709,1919, ,1914,1,1,2,N, ,3,Y, , , , , , , , ,2,2,0,0,0,0,0,0,0,0,0,1,1,0,0,0,0,0,0,0,0,0,0,0,0,0,0,0,0,0,0,0,0,0,0,4,0,39.9537,-75.2405, , 
57331,663854,2012036939,6,67,67301,2012,3,2,1500,15,1,1,0,1,1, , ,N,1,0,0,3,0,1,2,2,N, ,40 01:50.207,75 12:25.116,1515, ,1511, ,0, , , ,0, , , , , , , , , ,2,2,0,0,0,0,0,0,0,0,0,0,1,1,1,0,0,0,0,0,0,0,0,0,0,0,0,0,0,0,0,0,0,0,0,8,0,40.0306,-75.207, , 
57332,663858,2012039750,6,67,67301,2012,4,6,919,9,1,1,0,8,4, , ,N,0,0,0,3,1,0,10,2,N,N,39 58:13.545,75 09:00.055,1010, ,1001,4,2,6,N,0,0,Y, , , , , , , , ,1,0,0,1,0,0,0,0,0,0,0,0,0,0,0,0,0,0,0,0,0,0,0,0,0,0,0,0,0,0,0,0,1,1,0,1,1,39.9704,-75.15,2, 
57333,657004,2012033743,6,67,67301,2012,2,5,1250,12,1,1,0,7,5, , ,N,0,0,0,3,0,4,5,1,N,N,39 56:38.853,75 11:31.241,1303, ,1301, ,0, ,N, ,0, , , , , , , , , ,1,1,0,0,0,0,0,0,0,0,0,4,4,0,0,0,0,0,0,0,0,0,0,0,0,0,0,0,0,0,0,0,0,0,0,4,0,39.9427,-75.1934, , 
57334,657006,2012037397,6,67,67301,2012,2,1,255,2,3,1,0,7,5, , ,N,0,0,0,3,0,0,3,1,N,N,39 56:54.023,75 09:56.360,255, ,255, ,0, ,N, ,0, , , , , , , , , ,1,1,0,0,0,0,0,0,0,0,0,0,0,0,0,0,0,0,0,0,0,0,0,3,0,0,0,0,0,0,0,0,0,0,0,0,0,39.9483,-75.1657, , 
57335,657029,2012009429,6,67,67301,2012,1,1,2200,22,3,1,0,7,4, , ,N,1,2,0,3,1,0,1,1,N,N,39 59:10.777,75 07:54.659,2256, ,2253, ,0, ,N,0,3, , , , , , , , , ,1,0,1,0,0,0,0,0,0,0,0,0,0,0,0,0,0,0,0,0,1,0,0,0,0,0,0,0,1,0,0,0,0,0,0,1,0,39.9863,-75.1318,2, 
57336,657040,2012019955,6,67,67301,2012,1,7,9999,99,3,1,0,1,2, , ,N,1,3,0,3,0,0,1,2,N, ,39 55:21.032,75 10:30.075,249, ,248, ,0, , , ,3, , , , , , , , , ,2,2,0,0,0,0,0,0,0,0,0,0,0,0,0,0,0,0,0,0,0,0,0,0,0,0,0,0,0,0,0,0,0,0,0,0,0,39.9225,-75.175, , 
57337,657054,2012042212,6,67,67301,2012,3,2,9999,99,1,1,0,1,1, , ,N,0,2,0,3,0,0,3,2,N,N,40 00:13.881,75 10:13.544,9999, ,9999, ,0, ,N, ,3, , , , , , , , , ,2,1,0,0,0,0,1,0,0,0,0,0,0,0,0,0,0,0,0,0,0,2,0,0,0,0,0,0,0,0,0,0,0,0,0,0,0,40.0039,-75.1704, , 
57338,657066,2012060926,6,67,67301,2012,6,6,1236,12,1,1,0,1,1, , ,N,0,0,0,3,0,0,3,2,N,N,39 58:00.669,75 11:15.678,1257, ,1240,2,1,4,N, ,0,N, , , , , , , , ,2,1,0,0,0,1,0,0,0,0,0,0,0,0,2,0,0,0,0,0,0,0,0,0,0,0,0,0,0,0,0,0,0,0,0,9,1,39.9669,-75.1877, , 
57339,657097,2012036970,6,67,67301,2012,3,6,1555,15,1,1,0,8,1, , ,N,0,0,0,3,0,1,2,2,N, ,39 56:59.776,75 13:37.070,1600, ,1556,1,1,2, , ,0,Y, , , , , , , , ,1,1,0,0,0,0,0,0,0,0,0,1,1,0,0,0,0,0,0,0,0,0,0,0,0,0,0,0,0,0,0,0,1,0,0,4,0,39.9499,-75.227, , 
57340,657120,2012083151,6,67,67301,2012,8,5,2310,23,3,1,0,7,5, , ,N,0,0,0,3,0,2,2,1,N,N,40 00:56.360,75 07:46.274,2314, ,2312,9,2,5, , ,0,Y, , , , , , , , ,1,1,0,0,0,0,0,0,0,0,0,0,2,2,0,0,0,0,0,0,0,0,0,0,0,0,0,0,0,0,0,0,0,0,0,8,0,40.0157,-75.1295, , 
57341,657136,2012020499,6,67,67301,2012,2,4,1003,10,1,1,0,4,1, , ,N,2,3,0,3,0,0,3,2,N,N,40 01:45.719,75 06:22.862,1006, ,1004, ,0, ,N, ,3, , , , , , , , , ,2,1,0,0,0,0,1,0,0,0,0,0,0,0,0,0,0,0,0,0,1,0,0,0,0,0,0,0,0,0,0,0,0,0,0,0,0,40.0294,-75.1063, , 
57342,657148,2012027754,6,67,67301,2012,2,6,800,8,1,1,0,4,1, , ,N,1,3,0,3,0,1,3,2,N,N,39 59:39.829,75 06:16.585,830, ,815, ,0, ,N, ,3, , , , , , , , , ,2,2,0,0,0,0,0,0,0,0,0,0,1,1,0,0,0,0,0,0,0,0,0,0,0,0,0,0,0,0,0,0,0,0,0,8,0,39.9944,-75.1046, , 
57343,657155,2012034789,6,67,67301,2012,3,1,1807,18,6,1,0,4,1, , ,N,1,3,0,3,0,3,5,2,N,N,40 02:09.373,75 02:08.044,1810, ,1810,1,2,1,N, ,3,Y, , , , , , , , ,2,2,0,0,0,0,0,0,0,0,0,3,3,0,0,0,0,1,0,0,0,0,0,0,0,0,0,0,0,0,0,0,0,0,0,4,0,40.0359,-75.0356, , 
57344,657158,2012036777,6,67,67301,2012,3,6,900,9,1,1,0,7,5, , ,N,0,0,0,3,0,2,2,1,N,N,39 58:12.770,75 15:41.540,908, ,903, ,0, , , ,0, , , , , , , , , ,1,1,0,0,0,0,0,0,0,0,1,1,2,0,0,0,0,0,0,0,0,0,0,0,0,0,0,0,0,0,0,0,0,0,0,3,0,39.9702,-75.2615, , 
57345,657176,2012005579,6,67,67301,2012,1,5,1835,18,3,5,1,1,1, , ,N,0,0,0,3,0,2,3,2,N,N,39 58:53.603,75 06:08.255,1847, ,1840, ,0, ,N, ,0, , , , , , , , , ,2,2,0,0,0,0,0,0,0,0,0,2,2,0,0,0,0,0,0,0,0,0,0,0,0,0,0,0,0,0,0,0,0,0,0,4,0,39.9816,-75.1022, , 
57346,657205,2012039817,6,67,67301,2012,3,4,1330,13,1,1,0,1,1, , ,N,0,0,0,3,0,1,2,2,N,N,39 58:04.278,75 12:40.622,9999, ,1330, ,0, ,N, ,0, , , , , , , , , ,2,1,0,0,1,0,0,0,0,0,0,1,1,0,0,0,0,0,0,0,1,0,0,0,0,0,0,0,0,0,0,0,0,0,0,4,0,39.9679,-75.2113, , 
57347,657210,2012041821,6,67,67301,2012,4,2,155,1,3,2,1,7,4, , ,N,0,0,0,3,0,0,1,1,N,N,39 58:59.753,75 12:28.865,155, ,155,9,9, ,N, ,0,U, , , , , , , , ,1,1,0,0,0,0,0,0,0,0,0,0,0,0,0,0,0,0,0,0,1,0,0,0,0,0,0,0,0,0,0,0,0,0,0,0,0,39.9833,-75.208, , 
57348,657225,2012015510,6,67,67301,2012,1,1,1520,15,1,1,0,8,1, , ,N,0,0,0,3,0,1,2,2,N,N,40 01:41.090,75 09:42.798,1800, ,1800, ,0, , , ,0, , , , , , , , , ,1,0,0,0,1,0,0,0,0,0,0,1,1,0,1,0,0,0,0,0,0,0,0,1,0,0,0,0,0,0,0,0,1,0,0,4,0,40.0281,-75.1619, , 
57349,657272,2012015431,6,67,67301,2012,1,6,627,6,1,1,0,8,1, , ,N,0,2,7,3,0,1,2,2,N,N,39 54:13.690,75 14:29.830,627, ,742, ,0, ,N, ,3, , , , , , , , , ,1,0,0,0,0,0,0,0,0,0,0,1,1,0,0,0,0,0,0,0,0,0,0,0,0,0,0,0,0,0,0,0,1,0,0,4,0,39.9038,-75.2416, , 
57350,657281,2012032578,6,67,67301,2012,2,5,2130,21,3,2,1,4,1, , ,N,0,0,0,3,0,1,2,2,N,N,40 00:46.813,75 12:03.600,2140, ,2134, ,0, ,N, ,0, , , , , , , , , ,2,1,0,0,1,0,0,0,0,0,0,1,1,0,0,0,0,0,0,0,1,0,0,1,0,0,0,0,0,0,0,0,0,0,0,4,0,40.013,-75.201, , 
57351,657282,2012032622,6,67,67301,2012,2,4,747,7,1,1,0,8,1, , ,N,2,3,0,3,0,1,2,2,N, ,40 00:44.924,75 06:09.172,940, ,930, ,0, , , ,3, , , , , , , , , ,1,1,0,0,0,0,0,0,0,0,0,1,1,0,0,0,0,0,0,0,0,0,0,0,0,0,0,0,0,0,0,0,1,0,0,4,0,40.0125,-75.1025, , 
57352,660017,2012017875,6,67,67301,2012,1,5,1746,17,3,1,0,1,1, , ,N,1,2,0,3,0,1,2,2,N,N,40 05:53.765,75 02:49.794,1751, ,1749, ,0, ,N, ,3, , , , , , , , , ,2,2,0,0,0,0,0,0,0,0,0,1,1,0,0,0,0,0,0,0,0,0,0,0,0,0,0,0,0,0,0,0,0,0,0,4,0,40.0984,-75.0471, , 
57353,660025,2012032680,6,67,67301,2012,2,6,1934,19,3,1,0,4,1, , ,N,1,3,0,3,0,2,3,2,N,N,39 55:02.791,75 14:02.756,1934, ,1934, ,0, ,N, ,3, , , , , , , , , ,2,1,0,0,0,0,0,1,0,0,0,0,2,2,0,0,0,0,0,0,0,0,0,0,0,0,0,0,0,0,0,0,0,0,0,8,0,39.9174,-75.2341, , 
57354,660041,2012048877,6,67,67301,2012,4,2,9999,99,3,1,0,8,1, , ,N,0,0,0,3,0,1,2,2,N,N,39 59:01.185,75 07:31.583,2010, ,1958, ,0, , , ,0, , , , , , , , , ,1,1,0,0,0,0,0,0,0,0,0,1,1,0,0,0,0,0,0,0,0,0,0,0,0,0,0,0,0,0,0,0,1,0,0,4,0,39.9837,-75.1254, , 
57355,660048,2012055791,6,67,67301,2012,5,7,813,8,1,1,0,1,1, , ,N,0,0,0,3,0,0,6,4,N,N,39 57:36.543,75 10:48.451,824, ,818,2,2,4,N, ,0,N, , , , , , , , ,4,3,0,0,0,0,1,0,0,0,0,0,0,0,0,0,0,0,0,0,2,0,0,0,0,0,0,0,0,0,0,0,0,0,0,0,0,39.9602,-75.1801, , 
57356,660076,2012026240,6,67,67301,2012,2,2,913,9,1,1,0,1,1, , ,N,0,0,7,3,0,1,2,2,N,N,40 00:40.056,75 09:51.282,915, ,913,2,2,4,N, ,0,N, , , , , , , , ,2,0,0,1,0,0,1,0,0,0,0,0,1,1,0,0,0,0,0,0,0,0,0,0,0,0,0,0,0,0,0,0,0,0,0,8,1,40.0111,-75.1643, , 
57357,660091,2012034284,6,67,67301,2012,3,5,1637,16,1,1,0,1,1, , ,N,0,0,0,3,0,1,2,2,N,N,39 55:50.532,75 11:56.042,1644, ,1644,1,1,3,Y, ,0,Y, , , , , , , , ,2,1,0,0,1,0,0,0,0,0,0,0,1,1,0,0,0,0,0,0,0,0,0,0,0,0,0,0,0,0,0,0,0,0,0,8,0,39.9307,-75.1989, , 
57358,660099,2012041660,6,67,67301,2012,3,7,1745,17,1,1,0,4,1, , ,N,1,3,0,3,0,1,2,2,N, ,40 02:12.433,75 04:09.245,1745, ,1745,1,1,1, , ,3,N, , , , , , , , ,2,2,0,0,0,0,0,0,0,0,0,1,1,0,0,0,0,0,0,0,0,0,0,0,0,0,0,0,0,0,0,0,0,0,0,4,0,40.0368,-75.0692, , 
57359,660114,2012012664,6,67,67301,2012,1,1,1210,12,1,1,0,4,1, , ,N,1,2,0,3,0,2,4,2,N,N,39 56:53.161,75 09:15.143,1220, ,1218, ,0, , , ,3, , , , , , , , , ,2,2,0,0,0,0,0,0,0,0,0,1,2,1,0,0,0,0,0,0,0,0,0,0,0,0,0,0,0,0,0,0,0,0,0,4,0,39.9481,-75.1542, , 
57360,660135,2012036976,6,67,67301,2012,3,3,1530,15,1,1,0,4,1, , ,N,1,2,0,3,0,4,5,2,N,N,40 00:34.803,75 09:16.041,1542, ,1537,1,1,4, , ,3,Y, , , , , , , , ,2,1,0,0,1,0,0,0,0,0,0,4,4,0,0,0,0,0,0,0,0,0,0,0,0,0,0,0,0,0,0,0,0,0,0,4,0,40.0097,-75.1544, , 
57361,660165,2012013442,6,67,67301,2012,1,6,1650,16,1,1,0,4,1, , ,N,1,3,0,3,0,0,2,2,N,N,39 55:58.044,75 09:04.089,1720, ,1704, ,0, ,N, ,3, , , , , , , , , ,2,2,0,0,0,0,0,0,0,0,0,0,0,0,0,0,0,0,0,0,1,0,0,2,0,0,0,0,0,0,0,0,0,0,0,0,0,39.9328,-75.1511, , 
57362,660191,2012036928,6,67,67301,2012,2,6,1440,14,1,2,1,4,1, , ,N,1,2,0,3,0,2,2,2,N,N,39 55:36.102,75 11:15.812,1448, ,1444, ,0, ,N, ,3, , , , , , , , , ,2,1,0,0,1,0,0,0,0,0,0,0,2,2,0,0,0,0,0,0,0,0,0,0,0,0,0,0,0,0,0,0,0,0,0,8,0,39.9267,-75.1879, , 
57363,660197,2012041465,6,67,67301,2012,3,3,2120,21,3,1,0,1,1, , ,N,0,0,0,3,0,2,2,3,N,N,40 01:43.545,75 10:25.543,2126, ,2121,1,2,5,N, ,0,Y, , , , , , , , ,3,2,0,0,1,0,0,0,0,0,0,0,2,2,0,0,0,0,0,0,1,0,0,0,0,0,0,0,0,0,0,0,0,0,0,8,0,40.0288,-75.1738, , 
57364,660206,2012012796,6,67,67301,2012,1,5,606,6,3,2,7,7,3, , ,N,0,0,0,3,0,1,1,1,N,N,39 59:54.550,75 11:44.115,623, ,623,1,1,4,N, ,0,N, , , , , , , , ,1,1,0,0,0,0,0,0,0,0,0,1,1,0,0,0,0,0,0,0,0,0,0,0,0,0,0,0,0,0,0,0,0,0,0,4,0,39.9985,-75.1956, , 
57365,660221,2012028500,6,67,67301,2012,2,5,1530,15,1,1,0,1,1, , ,N,1,2,0,3,0,1,3,2,N,N,40 00:31.611,75 08:51.010,9999, ,1530, ,0, ,N, ,3, , , , , , , , , ,2,2,0,0,0,0,0,0,0,0,0,1,1,0,2,0,0,0,0,0,0,0,0,0,0,0,0,0,0,0,0,0,0,0,0,4,0,40.0088,-75.1476, , 
57366,660222,2012032582,6,67,67301,2012,2,3,1910,19,3,1,0,4,1, , ,N,1,2,0,3,0,0,2,2,N,N,40 04:51.806,75 01:43.881,1912, ,1912,1,1,4,N, ,3,N, , , , , , , , ,2,2,0,0,0,0,0,0,0,0,0,0,0,0,0,0,0,0,0,0,0,0,0,0,0,0,0,0,0,0,0,0,0,0,0,0,0,40.0811,-75.0289, , 
57367,660229,2012047189,6,67,67301,2012,4,7,350,3,3,1,0,7,5, , ,N,2,2,0,3,0,0,2,1,N,N,39 55:23.732,75 13:14.087,351, ,350,9,2,7,N, ,3,Y, , , , , , , , ,1,1,0,0,0,0,0,0,0,0,0,0,0,0,1,0,0,0,0,0,0,0,0,0,0,0,0,0,0,0,0,0,0,0,0,9,0,39.9233,-75.2206, , 
57368,660239,2012064020,6,67,67301,2012,5,2,1112,11,1,2,1,8,1, , ,N,1,2,0,3,0,1,2,2,N,N,40 05:41.851,75 00:55.548,1118, ,1113,1,1,2,N, ,3,N, , , , , , , , ,1,0,0,0,0,0,0,1,0,0,0,0,1,1,0,0,0,0,0,0,0,0,0,0,0,0,0,0,0,0,0,0,1,0,0,8,0,40.095,-75.0154, , 
57369,660242,2012068906,6,67,67301,2012,6,7,1912,19,1,1,0,9,1, , ,N,0,0,0,3,0,1,4,1,N,N,39 59:22.549,75 10:32.109,1916, ,1914, ,0, , , ,0, , , , , , , , , ,1,1,0,0,0,0,0,0,0,0,0,0,1,1,0,0,0,0,0,0,0,0,0,0,0,0,0,0,0,0,0,0,0,0,0,8,0,39.9896,-75.1756, , 
57370,666879,2012027992,6,67,67301,2012,3,6,1853,18,3,2,1,1,1, , ,N,0,0,0,3,0,4,10,6,N,N,39 55:15.750,75 11:26.484,1854, ,1853,3,2,4,N, ,0,Y, , , , , , , , ,6,6,0,0,0,0,0,0,0,0,0,4,4,0,0,0,0,0,0,0,2,0,0,0,0,0,0,0,0,0,0,0,0,0,0,4,0,39.921,-75.1907, , 
57371,666896,2012049752,6,67,67301,2012,4,3,1310,13,1,1,0,8,6, , ,N,0,0,0,3,0,1,2,2,N, ,39 57:42.891,75 09:59.356,1330, ,1326, ,0, , , ,0, , , , , , , , , ,1,0,0,0,0,0,1,0,0,0,0,1,1,0,0,0,0,0,0,0,1,0,0,0,0,0,0,0,0,0,0,0,1,0,0,4,0,39.9619,-75.1665, , 
57372,666907,2012017882,6,67,67301,2012,1,6,1220,12,1,1,0,4,1, , ,N,0,0,0,3,0,1,3,4,N,N,39 59:27.217,75 09:18.473,1228, ,1225, ,0, ,N, ,0, , , , , , , , , ,4,3,0,0,0,0,0,1,0,0,0,1,1,0,0,0,0,0,0,0,1,0,0,0,0,0,0,0,0,0,0,0,0,0,0,4,0,39.9909,-75.1551, , 
57373,666931,2012049252,6,67,67301,2012,4,1,2245,22,3,1,0,4,1, , ,N,2,3,0,3,1,7,8,2,N,N,40 03:32.594,75 09:52.598,2247, ,2246,4,2,5,N,0,3,Y, , , , , , , , ,2,0,0,0,0,1,1,0,0,1,1,0,7,5,0,0,0,0,0,0,0,0,0,1,0,1,0,0,0,0,0,0,0,0,0,1,1,40.0591,-75.1646,2, 