objectid_1,objectid,crn,district,county,municipality,crash_year,crash_month,day_of_week,time_of_day,hour_of_day,illumination,weather,road_condition,collision_type,relation_to_road,work_zone_type,work_zone_loc,work_zone_ind,intersect_type,tcd_type,location_type,urban_rural,fatal_count,injury_count,person_count,total_units,sch_bus_ind,sch_zone_ind,latitude,longitude,arrival_tm,cons_zone_spd_lim,dispatch_tm,est_hrs_closed,lane_closed,ln_close_dir,ntfy_hiwy_maint,spec_juris_cd,tcd_func_cd,tfc_detour_ind,workers_pres,wz_close_detour,wz_flagger,wz_law_offcr_ind,wz_ln_closure,wz_moving,wz_other,wz_shlder_mdn,vehicle_count,automobile_count,motorcycle_count,bus_count,small_truck_count,heavy_truck_count,suv_count,van_count,bicycle_count,maj_inj_count,mod_inj_count,min_inj_count,tot_inj_count,unk_inj_deg_count,unk_inj_per_count,driver_count_16yr,driver_count_17yr,driver_count_18yr,driver_count_19yr,driver_count_20yr,driver_count_50_64yr,driver_count_65_74yr,driver_count_75plus,unbelted_occ_count,unb_death_count,unb_maj_inj_count,belted_death_count,belted_maj_inj_count,mcycle_death_count,mcycle_maj_inj_count,bicycle_death_count,bicycle_maj_inj_count,ped_count,ped_death_count,ped_maj_inj_count,max_severity_level,comm_veh_count,dec_lat,dec_long,rdwy_surf_type_cd,county_name
57442,667106,2012020555,6,67,67301,2012,2,4,840,8,1,2,1,4,1, , ,N,1,3,0,3,0,1,2,2,N,N,39 57:25.138,75 13:09.994,850, ,846, ,0, ,N, ,3, , , , , , , , , ,2,1,0,0,0,0,1,0,0,0,0,1,1,0,0,0,0,0,0,0,0,0,0,0,0,0,0,0,0,0,0,0,0,0,0,4,0,39.957,-75.2194, , 
57443,667125,2012036916,6,67,67301,2012,3,1,9999,99,3,1,0,1,1, , ,N,1,2,0,3,0,2,5,2,N,N,39 59:00.200,75 10:12.957,9999, ,146, ,0, ,N, ,3, , , , , , , , , ,2,2,0,0,0,0,0,0,0,0,0,1,2,1,0,0,0,0,0,0,0,0,0,3,0,0,0,0,0,0,0,0,0,0,0,4,0,39.9834,-75.1703, , 
57444,667135,2012042157,6,67,67301,2012,3,2,1415,14,1,1,0,1,1, , ,N,1,2,0,3,0,0,2,2,N,N,39 59:03.239,75 05:56.509,1426, ,1425, ,0, , , ,3, , , , , , , , , ,2,1,0,0,0,1,0,0,0,0,0,0,0,0,0,0,0,0,0,0,0,0,0,2,0,0,0,0,0,0,0,0,0,0,0,0,1,39.9842,-75.099, , 
57445,667144,2012012652,6,67,67301,2012,1,5,1020,10,1,1,0,4,1, , ,N,2,3,0,3,0,0,2,4,N,N,39 57:25.074,75 14:06.043,1020, ,1020, ,0, ,N, ,3, , , , , , , , , ,4,2,0,0,0,0,2,0,0,0,0,0,0,0,0,0,0,0,0,0,1,0,0,0,0,0,0,0,0,0,0,0,0,0,0,0,0,39.957,-75.235, , 
57446,667160,2012033077,6,67,67301,2012,2,3,1524,15,1,1,0,1,1, , ,N,0,0,0,3,0,1,5,3,N,N,40 01:01.206,75 06:59.382,1527, ,1524,2,2,1,N, ,0,Y, , , , , , , , ,3,2,0,0,0,0,0,1,0,0,0,0,1,1,0,0,0,1,0,1,0,0,0,0,0,0,0,0,0,0,0,0,0,0,0,8,0,40.017,-75.1165, , 
57447,667162,2012035410,6,67,67301,2012,2,6,1603,16,1,1,0,4,1, , ,N,1,2,0,3,0,2,3,2,N,N,40 01:20.289,75 09:43.290,1605, ,1603,9,1,5,N, ,3,N, , , , , , , , ,2,2,0,0,0,0,0,0,0,0,0,2,2,0,0,0,1,1,0,0,0,0,0,3,0,0,0,0,0,0,0,0,0,0,0,4,0,40.0223,-75.162, , 
57448,667169,2012040542,6,67,67301,2012,4,2,1051,10,1,1,0,1,1, , ,N,7,0,0,3,0,0,2,2,N,N,39 56:57.647,75 11:03.883,1106, ,1054, ,0, ,N, ,0, , , , , , , , , ,2,1,0,0,0,0,0,1,0,0,0,0,0,0,0,0,0,0,0,0,1,0,0,0,0,0,0,0,0,0,0,0,0,0,0,0,0,39.9493,-75.1844, , 
57449,667204,2012026159,6,67,67301,2012,2,3,745,7,1,1,0,1,1, , ,N,0,0,0,3,0,0,3,2,N,N,40 00:33.880,75 11:51.487,825, ,825,2,1,2,N, ,0,N, , , , , , , , ,2,1,0,0,0,0,1,0,0,0,0,0,0,0,0,0,0,0,0,0,1,0,0,0,0,0,0,0,0,0,0,0,0,0,0,0,0,40.0094,-75.1977, , 
57450,667214,2012037582,6,67,67301,2012,4,2,639,6,1,1,0,1,1, , ,N,0,0,0,3,0,0,3,3,N,N,39 59:40.860,75 05:02.529,715, ,655, ,0, ,N, ,0, , , , , , , , , ,3,0,0,0,2,0,0,1,0,0,0,0,0,0,0,0,0,0,0,0,2,0,0,0,0,0,0,0,0,0,0,0,0,0,0,0,0,39.9947,-75.084, , 
57451,667222,2012048031,6,67,67301,2012,4,4,1735,17,1,2,1,4,1, , ,N,0,3,7,3,0,2,3,2,N,N,40 05:58.624,75 00:39.783,1745, ,1736, ,0, ,N, ,3, , , , , , , , , ,2,1,0,0,0,0,1,0,0,0,0,1,2,1,0,0,0,0,0,0,0,0,0,0,0,0,0,0,0,0,0,0,0,0,0,4,0,40.0996,-75.0111, , 
57452,667223,2012048128,6,67,67301,2012,4,2,1450,14,1,1,0,4,1, , ,N,1,3,0,3,0,1,2,2,N, ,40 01:41.455,75 03:50.389,1550, ,9999, ,0, , , ,3, , , , , , , , , ,2,2,0,0,0,0,0,0,0,0,0,0,1,1,1,0,0,0,0,0,0,0,0,0,0,0,0,0,0,0,0,0,0,0,0,8,0,40.0282,-75.064, , 
57453,667237,2012005577,6,67,67301,2012,1,4,2314,23,3,4,3,7,2, , ,N,0,0,0,3,0,1,2,1,N,N,39 53:28.919,75 14:15.313,2317, ,2317, ,0, ,N, ,0, , , , , , , , , ,1,1,0,0,0,0,0,0,0,0,0,1,1,0,0,0,0,0,0,1,0,0,0,0,0,0,0,0,0,0,0,0,0,0,0,4,0,39.8914,-75.2376, , 
57454,667268,2012040546,6,67,67301,2012,4,7,45,0,3,1,0,1,1, , ,N,0,0,0,3,0,0,3,2,N,N,39 57:31.643,75 10:12.579,57, ,47,1,1,3,N, ,0,N, , , , , , , , ,2,1,0,0,0,0,0,1,0,0,0,0,0,0,0,0,0,0,0,0,0,0,0,2,0,0,0,0,0,0,0,0,0,0,0,0,0,39.9588,-75.1702, , 
57455,667276,2012047206,6,67,67301,2012,3,7,1700,17,1,1,0,1,1, , ,N,0,0,0,3,0,0,3,4,N, ,40 00:25.239,75 05:38.652,1701, ,1700, ,0, , , ,0, , , , , , , , , ,3,1,0,0,2,0,0,0,0,0,0,0,0,0,1,0,0,0,0,0,1,0,0,0,0,0,0,0,0,0,0,0,0,0,0,9,0,40.007,-75.0941, , 
57456,667278,2012048075,6,67,67301,2012,3,2,600,6,1,9,0,4,1, , ,N,1,0,0,3,0,1,2,2,N,N,39 59:25.567,75 07:37.312,1405, ,1400, ,0, ,N, ,0, , , , , , , , , ,1,1,0,0,0,0,0,0,1,0,1,0,1,0,0,0,0,0,0,0,0,0,0,0,0,0,0,0,0,0,0,0,0,0,0,3,0,39.9903,-75.127, , 
57457,667279,2012048108,6,67,67301,2012,4,6,354,3,3,1,0,4,6, , ,N,0,0,0,3,0,0,1,2,N,N,40 07:29.065,75 01:02.188,358, ,355,2,1,4,N, ,0,N, , , , , , , , ,2,0,0,0,2,0,0,0,0,0,0,0,0,0,0,0,0,0,0,0,0,0,0,0,0,0,0,0,0,0,0,0,0,0,0,0,0,40.1247,-75.0173, , 
57458,667301,2012032608,6,67,67301,2012,2,7,1315,13,1,1,0,1,1, , ,N,0,0,0,3,0,0,2,2,N,N,39 58:18.195,75 12:42.986,1340, ,1330, ,0, ,N, ,0, , , , , , , , , ,2,2,0,0,0,0,0,0,0,0,0,0,0,0,0,0,0,0,0,0,0,0,0,0,0,0,0,0,0,0,0,0,0,0,0,0,0,39.9717,-75.2119, , 
57459,667320,2012056722,6,67,67301,2012,5,4,535,5,5,2,1,4,1, , ,N,0,0,0,3,0,0,2,2,N,N,40 02:21.586,75 01:02.445,548, ,542, ,0, ,N, ,0, , , , , , , , , ,2,2,0,0,0,0,0,0,0,0,0,0,0,0,0,0,0,0,1,0,0,0,0,0,0,0,0,0,0,0,0,0,0,0,0,0,0,40.0393,-75.0174, , 
57460,667329,2012068713,6,67,67301,2012,6,7,1600,16,1,1,0,8,1, , ,N,0,0,0,3,0,1,2,2,N, ,40 01:25.620,75 07:44.460,1625, ,1620, ,0, , , ,0, , , , , , , , , ,1,0,0,0,0,0,0,0,0,0,0,0,1,1,1,0,0,0,0,0,0,0,0,0,0,0,0,0,0,0,0,0,1,0,0,8,0,40.0238,-75.129, , 
57461,664079,2012019084,6,67,67301,2012,2,2,816,8,1,1,0,1,1, , ,N,0,0,0,3,0,1,2,2,N,N,39 59:29.734,75 12:09.872,820, ,818, ,0, ,N, ,0, , , , , , , , , ,2,1,0,0,0,0,1,0,0,0,0,0,1,1,0,0,0,0,0,0,0,0,0,0,0,0,0,0,0,0,0,0,0,0,0,8,0,39.9916,-75.2027, , 
57462,664083,2012020340,6,67,67301,2012,2,1,220,2,3,1,0,8,1, , ,N,1,2,0,3,1,0,2,2,N,N,40 00:33.277,75 09:04.079,229, ,226,9,2,7, ,0,3,N, , , , , , , , ,1,1,0,0,0,0,0,0,0,0,0,0,0,0,0,0,0,0,0,0,0,0,0,0,0,0,0,0,0,0,0,0,1,1,0,1,0,40.0092,-75.1511,2, 
57463,664084,2012020444,6,67,67301,2012,1,2,1635,16,1,1,0,4,5, , ,N,0,0,0,3,0,1,1,2,N,N,40 07:51.344,75 00:50.339,1646, ,1644, ,0, ,N, ,0, , , , , , , , , ,2,1,0,0,0,0,1,0,0,0,0,0,1,1,0,0,0,0,0,0,0,0,0,0,0,0,0,0,0,0,0,0,0,0,0,8,0,40.1309,-75.014, , 
57464,664085,2012020588,6,67,67301,2012,1,3,2315,23,3,2,1,1,1, , ,N,1,2,0,3,0,1,2,2,N,N,40 01:48.733,75 07:06.450,2330, ,2320, ,0, ,N, ,3, , , , , , , , , ,2,1,0,0,0,0,0,0,0,0,0,1,1,0,0,0,0,0,0,0,0,0,0,0,0,0,0,0,0,0,0,0,0,0,0,4,0,40.0302,-75.1185, , 
57465,664097,2012032690,6,67,67301,2012,2,1,640,6,1,1,0,7,5, , ,N,5,2,0,3,0,1,2,2,N,N,39 54:40.810,75 14:33.592,648, ,643,3,2,6,N, ,3,Y, , , , , , , , ,2,1,0,0,0,0,1,0,0,0,0,1,1,0,0,0,0,0,0,0,0,0,0,0,0,0,0,0,0,0,0,0,0,0,0,4,0,39.9113,-75.2427, , 
57466,664112,2012008762,6,67,67301,2012,1,5,1255,12,1,1,1,1,1, , ,N,0,0,0,3,0,1,3,2,N,N,39 57:37.109,75 10:51.358,1308, ,1258,1,1,4,N, ,0,N, , , , , , , , ,2,0,0,0,0,0,1,1,0,0,1,0,1,0,0,0,0,0,0,0,1,0,0,0,0,0,0,0,0,0,0,0,0,0,0,3,0,39.9603,-75.1809, , 
57467,664113,2012012670,6,67,67301,2012,1,1,9999,99,3,2,1,4,1, , ,N,1,2,0,3,0,0,2,2,N,N,39 55:20.291,75 11:12.722,9999, ,9999, ,0, ,N, ,3, , , , , , , , , ,2,1,0,0,0,0,1,0,0,0,0,0,0,0,0,0,0,0,0,1,0,0,0,0,0,0,0,0,0,0,0,0,0,0,0,0,0,39.9223,-75.1871, , 
57468,664141,2012041483,6,67,67301,2012,3,6,1801,18,1,1,0,7,2, , ,N,3,2,0,3,0,1,2,1,N,N,40 01:35.682,75 04:04.802,1802, ,1802, ,0, , , ,3, , , , , , , , , ,1,1,0,0,0,0,0,0,0,0,1,0,1,0,0,0,0,0,0,0,1,0,0,1,0,0,0,0,0,0,0,0,0,0,0,3,0,40.0266,-75.068, , 
57469,664147,2012047194,6,67,67301,2012,4,5,1620,16,1,1,0,1,1, , ,N,1,2,0,3,0,1,2,2,N,N,40 01:57.808,75 04:19.924,1640, ,1630, ,0, ,N, ,3, , , , , , , , , ,2,1,0,0,1,0,0,0,0,0,0,0,1,1,0,0,0,0,0,0,0,0,0,0,0,0,0,0,0,0,0,0,0,0,0,8,0,40.0327,-75.0722, , 
57470,664150,2012048887,6,67,67301,2012,4,4,1400,14,1,1,0,8,1, , ,N,0,0,0,3,0,1,2,2,N,N,40 00:02.217,75 09:13.251,1412, ,1410, ,0, ,N, ,0, , , , , , , , , ,1,1,0,0,0,0,0,0,0,0,0,0,1,1,0,0,0,0,0,0,0,0,0,0,0,0,0,0,0,0,0,0,1,0,0,8,0,40.0006,-75.1537, , 
57471,664168,2012020515,6,67,67301,2012,1,5,854,8,1,1,0,4,3, , ,N,5,2,0,3,0,1,2,2,N,N,39 54:14.619,75 14:25.049,912, ,859,3,1,2,N, ,3,N, , , , , , , , ,2,2,0,0,0,0,0,0,0,0,0,0,1,1,1,0,0,0,0,0,0,0,0,0,0,0,0,0,0,0,0,0,0,0,0,8,0,39.904,-75.2401, , 
57472,664181,2012034710,6,67,67301,2012,2,1,1551,15,1,1,0,1,1, , ,N,0,2,0,3,0,1,2,2,N,N,39 59:24.382,75 07:29.930,2025, ,2023, ,0, ,N, ,3, , , , , , , , , ,2,2,0,0,0,0,0,0,0,0,0,1,1,0,1,0,0,0,0,1,0,0,0,0,0,0,0,0,0,0,0,0,0,0,0,4,0,39.9901,-75.125, , 
57473,664201,2012056516,6,67,67301,2012,5,4,855,8,1,2,1,4,1, , ,N,1,3,0,3,0,1,4,2,N,N,39 57:50.262,75 13:05.586,920, ,855,1,1,5,N, ,3,Y, , , , , , , , ,2,1,0,0,1,0,0,0,0,0,0,1,1,0,0,0,0,0,0,0,1,0,0,0,0,0,0,0,0,0,0,0,0,0,0,4,0,39.964,-75.2182, , 
57474,664213,2012012418,6,67,67301,2012,1,7,1928,19,3,1,0,1,1, , ,N,6,0,2,3,0,1,2,2,N,N,39 57:26.940,75 08:48.293,1944, ,1937,1,1,4,N, ,0,N, , , , , , , , ,2,2,0,0,0,0,0,0,0,0,0,1,1,0,0,0,0,0,0,0,1,0,0,0,0,0,0,0,0,0,0,0,0,0,0,4,0,39.9575,-75.1467, , 
57475,664224,2012021376,6,67,67301,2012,1,2,1750,17,3,1,0,7,2, , ,N,0,0,0,3,0,0,1,1,N,N,40 07:43.820,75 00:32.036,1758, ,1756,3,2,5,N, ,0,Y, , , , , , , , ,1,1,0,0,0,0,0,0,0,0,0,0,0,0,0,0,0,0,0,0,0,1,0,0,0,0,0,0,0,0,0,0,0,0,0,0,0,40.1288,-75.0089, , 
57476,664260,2012015450,6,67,67301,2012,1,7,1535,15,1,1,0,6,1, , ,N,2,2,0,3,0,0,2,2,N, ,39 57:23.497,75 10:21.241,1540, ,1535, ,0, , , ,3, , , , , , , , , ,2,0,0,0,0,0,2,0,0,0,0,0,0,0,0,0,0,0,0,0,0,0,0,0,0,0,0,0,0,0,0,0,0,0,0,0,0,39.9565,-75.1726, , 
57477,664269,2012026096,6,67,67301,2012,2,7,1510,15,1,1,0,8,1, , ,N,1,3,0,3,0,1,2,2,N,N,40 03:01.778,75 09:19.630,1645, ,1640, ,0, , , ,3, , , , , , , , , ,1,1,0,0,0,0,0,0,0,0,1,0,1,0,0,0,0,0,0,0,0,1,0,0,0,0,0,0,0,0,0,0,1,0,0,3,0,40.0505,-75.1555, , 
57478,664270,2012026124,6,67,67301,2012,1,1,1242,12,1,4,5,1,1, , ,N,2,2,0,3,0,1,3,3,N,N,40 01:45.341,75 09:49.576,1300, ,1255, ,0, ,N, ,3, , , , , , , , , ,3,3,0,0,0,0,0,0,0,0,0,1,1,0,0,0,0,0,0,0,0,0,0,0,0,0,0,0,0,0,0,0,0,0,0,4,0,40.0293,-75.1638, , 
57479,657434,2012036876,6,67,67301,2012,3,3,1913,19,3,1,0,4,2, , ,N,0,0,0,3,0,1,1,5,N,N,39 59:42.010,75 09:31.359,1916, ,1914,3,2,6,N, ,0,Y, , , , , , , , ,5,2,0,0,1,0,2,0,0,0,0,0,1,1,0,0,0,0,0,0,0,0,0,0,0,0,0,0,0,0,0,0,0,0,0,8,0,39.995,-75.1587, , 
57480,657440,2012041639,6,67,67301,2012,3,3,623,6,1,1,0,4,6, , ,N,0,0,0,3,0,0,4,2,N,N,40 01:09.167,75 04:53.331,725, ,720,1,2,2, , ,0,Y, , , , , , , , ,2,0,0,0,0,0,1,1,0,0,0,0,0,0,1,0,0,0,0,0,0,0,0,0,0,0,0,0,0,0,0,0,0,0,0,9,0,40.0192,-75.0815, , 
57481,657456,2012060809,6,67,67301,2012,5,5,1645,16,1,1,0,3,1, , ,N,1,3,0,3,0,0,5,6,N,N,39 58:45.093,75 09:42.531,1647, ,1646, ,0, ,N, ,3, , , , , , , , , ,6,5,0,0,0,0,0,1,0,0,0,0,0,0,0,0,0,0,0,0,1,0,0,0,0,0,0,0,0,0,0,0,0,0,0,0,0,39.9792,-75.1618, , 
57482,657458,2012001220,6,67,67301,2012,1,1,1028,10,1,1,0,7,4, , ,N,0,0,0,3,0,0,2,1,N,N,40 00:04.976,75 04:43.696,1028, ,1028,1,1,2,N, ,0,N, , , , , , , , ,1,1,0,0,0,0,0,0,0,0,0,0,0,0,0,0,0,0,0,0,0,0,0,0,0,0,0,0,0,0,0,0,0,0,0,0,0,40.0013,-75.0789, , 
57483,657470,2012017901,6,67,67301,2012,1,7,800,8,1,1,0,4,1, , ,N,0,0,0,3,0,0,1,4,N,N,40 02:01.719,75 02:17.209,805, ,803, ,0, ,N, ,0, , , , , , , , , ,4,3,0,0,0,0,1,0,0,0,0,0,0,0,0,0,0,0,0,0,0,0,0,0,0,0,0,0,0,0,0,0,0,0,0,0,0,40.0338,-75.0381, , 
57484,657477,2012027760,6,67,67301,2012,2,2,2121,21,2,1,0,8,1, , ,N,2,3,0,3,0,1,2,2,N,N,40 04:00.228,74 58:58.825,2126, ,2126, ,0, ,N, ,3, , , , , , , , , ,1,0,0,0,0,0,0,0,0,0,0,1,1,0,0,0,0,0,0,0,0,0,0,0,0,0,0,0,0,0,0,0,1,0,0,4,0,40.0667,-74.983, , 
57485,657482,2012034712,6,67,67301,2012,3,5,1645,16,1,1,0,4,1, , ,N,2,0,0,3,0,3,4,2,N, ,40 01:14.257,75 08:55.161,1740, ,1728, ,0, , , ,0, , , , , , , , , ,2,2,0,0,0,0,0,0,0,0,0,0,3,3,1,0,0,0,0,0,1,0,0,0,0,0,0,0,0,0,0,0,0,0,0,8,0,40.0208,-75.1486, , 
57486,657516,2012020482,6,67,67301,2012,1,7,901,9,1,4,4,5,1, , ,N,0,0,0,3,0,1,2,2,N, ,40 04:48.335,75 01:45.196,9999, ,9999, ,0, ,N, ,0, , , , , , , , , ,2,1,0,1,0,0,0,0,0,0,0,1,1,0,0,0,0,0,0,0,1,0,0,0,0,0,0,0,0,0,0,0,0,0,0,4,1,40.0801,-75.0292, , 
57487,657541,2012049855,6,67,67301,2012,4,7,1725,17,1,1,0,7,2, , ,N,3,2,0,3,0,1,1,1,N, ,39 56:25.699,75 11:14.495,1735, ,1730, ,0, , , ,3, , , , , , , , , ,1,0,1,0,0,0,0,0,0,0,0,0,1,1,0,0,0,0,0,0,0,0,0,0,0,0,0,0,0,0,0,0,0,0,0,8,0,39.9405,-75.1874, , 
57488,657568,2012022150,6,67,67301,2012,2,4,717,7,1,1,0,0,1, , ,N,0,0,0,3,0,3,4,2,N,N,39 57:26.108,75 09:25.891,737, ,727,1,2,4,N, ,0,N, , , , , , , , ,2,2,0,0,0,0,0,0,0,0,0,3,3,0,0,0,0,1,0,0,0,0,0,2,0,0,0,0,0,0,0,0,0,0,0,4,0,39.9573,-75.1572, , 
57489,657596,2012052684,6,67,67301,2012,4,6,1531,15,1,1,0,4,1, , ,N,0,0,0,3,0,4,5,2,N,N,40 01:56.046,75 09:48.340,1605, ,1553, ,0, ,N, ,0, , , , , , , , , ,2,1,0,0,1,0,0,0,0,0,0,0,4,4,0,0,0,0,0,0,0,0,0,0,0,0,0,0,0,0,0,0,0,0,0,8,0,40.0322,-75.1634, , 
57490,657599,2012056708,6,67,67301,2012,5,2,1221,12,1,1,0,4,1, , ,N,1,2,0,3,0,2,3,2,N,N,39 57:55.483,75 10:26.846,1224, ,1222,1,2,1,N, ,3,Y, , , , , , , , ,2,0,0,0,2,0,0,0,0,0,0,0,2,2,0,0,0,0,0,0,0,0,0,0,0,0,0,0,0,0,0,0,0,0,0,8,0,39.9654,-75.1741, , 
57491,657615,2012015341,6,67,67301,2012,1,6,1927,19,3,1,0,1,1, , ,N,2,2,0,3,0,2,3,2,N,N,39 54:32.227,75 13:58.526,1937, ,1937, ,0, ,N, ,2, , , , , , , , , ,2,0,0,0,0,0,2,0,0,0,0,0,2,2,0,0,0,0,0,0,1,0,0,0,0,0,0,0,0,0,0,0,0,0,0,8,0,39.909,-75.2329, , 
57492,657623,2012028158,6,67,67301,2012,2,7,2108,21,3,4,4,5,6, , ,N,0,0,0,3,0,1,2,7,N,N,39 58:04.303,75 11:56.493,2114, ,2108, ,0, ,N, ,0, , , , , , , , , ,7,4,0,0,0,0,2,1,0,0,0,0,1,1,0,0,0,0,0,0,0,0,0,0,0,0,0,0,0,0,0,0,0,0,0,8,0,39.9679,-75.199, , 
57493,657630,2012036797,6,67,67301,2012,3,5,906,9,1,2,1,1,1, , ,N,1,2,0,3,0,2,2,2,N,N,40 04:50.725,75 01:42.964,912, ,906, ,0, ,N, ,3, , , , , , , , , ,2,2,0,0,0,0,0,0,0,0,0,2,2,0,0,0,0,0,0,0,1,0,0,0,0,0,0,0,0,0,0,0,0,0,0,4,0,40.0808,-75.0284, , 
57494,657684,2012032684,6,67,67301,2012,2,3,1505,15,1,1,0,8,5, , ,N,0,0,0,3,0,1,2,2,N,N,40 05:19.849,75 01:43.204,1512, ,1508, ,0, ,N, ,0, , , , , , , , , ,1,0,0,0,0,0,1,0,0,0,0,1,1,0,0,0,0,0,0,0,0,1,0,0,0,0,0,0,0,0,0,0,1,0,0,4,0,40.0888,-75.0287, , 
57495,657690,2012036861,6,67,67301,2012,2,4,1015,10,1,2,1,4,1, , ,N,2,3,0,3,0,0,6,3,N,Y,39 59:39.037,75 14:07.652,1030, ,1024, ,0, ,N, ,3, , , , , , , , , ,3,1,0,0,0,0,2,0,0,0,0,0,0,0,5,0,0,0,0,0,0,0,0,0,0,0,0,0,0,0,0,0,0,0,0,9,0,39.9942,-75.2355, , 
57496,657697,2012042185,6,67,67301,2012,3,5,1930,19,3,1,0,4,1, , ,N,1,2,0,3,0,1,3,2,N,N,39 58:02.216,75 07:44.286,1930, ,1930,9,1,1,N, ,3,N, , , , , , , , ,2,0,0,0,1,0,1,0,0,0,0,0,1,1,0,0,0,0,0,0,2,0,0,0,0,0,0,0,0,0,0,0,0,0,0,8,0,39.967,-75.1294, , 
57497,660486,2012056696,6,67,67301,2012,5,1,2227,22,3,1,0,4,1, , ,N,1,2,0,3,0,1,3,2,N,N,39 55:19.930,75 13:49.176,2228, ,2228, ,0, ,N, ,3, , , , , , , , , ,2,2,0,0,0,0,0,0,0,0,0,1,1,0,0,0,0,0,0,0,0,0,0,0,0,0,0,0,0,0,0,0,0,0,0,4,0,39.9222,-75.2303, , 
57498,660507,2012017900,6,67,67301,2012,1,6,1748,17,3,1,0,8,1, , ,N,2,0,0,3,0,1,2,2,N,N,40 01:22.093,75 04:38.873,1755, ,1750, ,0, ,N, ,0, , , , , , , , , ,1,1,0,0,0,0,0,0,0,0,0,1,1,0,0,0,0,0,0,0,0,0,0,0,0,0,0,0,0,0,0,0,1,0,0,4,0,40.0228,-75.0775, , 
57499,660522,2012032689,6,67,67301,2012,2,7,1959,19,3,1,0,4,1, , ,N,1,2,0,3,0,1,2,2,N,N,40 03:49.709,75 10:22.442,2054, ,2037, ,0, ,N, ,3, , , , , , , , , ,1,0,0,0,0,0,1,0,1,0,1,0,1,0,0,0,0,0,0,0,0,0,0,0,0,0,0,0,0,0,0,0,0,0,0,3,0,40.0638,-75.1729, , 
57500,660524,2012034618,6,67,67301,2012,3,5,718,7,1,2,1,8,1, , ,N,1,2,0,3,0,1,2,2,N,N,39 55:35.327,75 11:09.705,722, ,720, ,0, ,N, ,3, , , , , , , , , ,1,0,0,1,0,0,0,0,0,0,0,1,1,0,0,0,0,0,0,0,0,0,0,0,0,0,0,0,0,0,0,0,1,0,0,4,1,39.9265,-75.186, , 
57501,660525,2012035825,6,67,67301,2012,4,5,1918,19,1,1,0,1,1, , ,N,0,0,0,3,0,1,2,2,N,N,40 00:02.503,75 11:41.175,1927, ,1927,1,1,3,N, ,0,N, , , , , , , , ,2,2,0,0,0,0,0,0,0,0,1,0,1,0,0,0,0,0,0,0,1,0,0,0,0,0,0,0,0,0,0,0,0,0,0,3,0,40.0007,-75.1948, , 
57502,660529,2012041622,6,67,67301,2012,3,6,1225,12,1,1,0,4,1, , ,N,0,0,7,3,0,1,3,2,N,N,39 58:45.896,75 13:04.277,1242, ,1240, ,0, ,N, ,0, , , , , , , , , ,2,2,0,0,0,0,0,0,0,0,0,1,1,0,0,0,0,0,0,0,1,0,0,0,0,0,0,0,0,0,0,0,0,0,0,4,0,39.9794,-75.2179, , 
57503,660530,2012042215,6,67,67301,2012,3,1,130,1,3,2,1,8,1, , ,N,2,2,0,3,0,1,2,2,N,N,40 00:09.432,75 09:39.099,605, ,557, ,0, ,N, ,3, , , , , , , , , ,1,0,0,0,0,0,0,0,0,0,0,1,1,0,0,0,0,0,0,0,0,0,0,0,0,0,0,0,0,0,0,0,1,0,0,4,0,40.0026,-75.1608, , 
57504,660578,2012036639,6,67,67301,2012,4,2,1845,18,1,1,0,1,1, , ,N,0,0,0,3,0,3,6,2,N,N,39 58:45.676,75 06:28.305,1846, ,1846,1,1,1,N, ,0,N, , , , , , , , ,2,1,0,0,0,0,0,1,0,0,0,3,3,0,1,0,0,0,1,0,0,0,0,1,0,0,0,0,0,0,0,0,0,0,0,4,0,39.9793,-75.108, , 
57505,660608,2012032558,6,67,67301,2012,2,4,2315,23,3,1,0,4,6, , ,N,0,0,0,3,0,1,1,3,N, ,40 00:16.157,75 10:31.186,1205, ,1202, ,0, , , ,0, , , , , , , , , ,3,1,0,0,2,0,0,0,0,0,0,0,1,1,0,0,0,0,0,0,0,0,0,0,0,0,0,0,0,0,0,0,0,0,0,8,0,40.0045,-75.1753, , 
57506,660609,2012032620,6,67,67301,2012,2,3,1950,19,3,1,0,4,2, , ,N,0,0,7,3,0,1,2,2,N,N,39 55:18.245,75 08:50.526,2029, ,2028, ,0, ,N, ,0, , , , , , , , , ,1,0,0,0,1,0,0,0,1,0,0,1,1,0,0,0,0,0,0,0,0,0,0,0,0,0,0,0,0,0,0,0,0,0,0,4,0,39.9217,-75.1474, , 
57507,660610,2012033058,6,67,67301,2012,2,1,1936,19,3,9,0,4,1, , ,N,1,3,0,3,0,2,6,2,N,N,40 03:01.414,75 09:11.224,2055, ,2025, ,0, ,N, ,3, , , , , , , , , ,2,2,0,0,0,0,0,0,0,0,0,2,2,0,0,0,1,0,0,0,0,0,0,0,0,0,0,0,0,0,0,0,0,0,0,4,0,40.0504,-75.1531, , 
57508,660618,2012036874,6,67,67301,2012,3,7,1800,18,2,1,0,8,2, , ,N,0,0,0,3,0,2,3,3,N, ,39 59:07.184,75 11:06.774,2100, ,2053, ,0, , , ,0, , , , , , , , , ,1,1,0,0,0,0,0,0,0,0,0,2,2,0,0,0,0,0,0,0,0,0,0,0,0,0,0,0,0,0,0,0,2,0,0,4,0,39.9853,-75.1852, , 