objectid_1,objectid,crn,district,county,municipality,crash_year,crash_month,day_of_week,time_of_day,hour_of_day,illumination,weather,road_condition,collision_type,relation_to_road,work_zone_type,work_zone_loc,work_zone_ind,intersect_type,tcd_type,location_type,urban_rural,fatal_count,injury_count,person_count,total_units,sch_bus_ind,sch_zone_ind,latitude,longitude,arrival_tm,cons_zone_spd_lim,dispatch_tm,est_hrs_closed,lane_closed,ln_close_dir,ntfy_hiwy_maint,spec_juris_cd,tcd_func_cd,tfc_detour_ind,workers_pres,wz_close_detour,wz_flagger,wz_law_offcr_ind,wz_ln_closure,wz_moving,wz_other,wz_shlder_mdn,vehicle_count,automobile_count,motorcycle_count,bus_count,small_truck_count,heavy_truck_count,suv_count,van_count,bicycle_count,maj_inj_count,mod_inj_count,min_inj_count,tot_inj_count,unk_inj_deg_count,unk_inj_per_count,driver_count_16yr,driver_count_17yr,driver_count_18yr,driver_count_19yr,driver_count_20yr,driver_count_50_64yr,driver_count_65_74yr,driver_count_75plus,unbelted_occ_count,unb_death_count,unb_maj_inj_count,belted_death_count,belted_maj_inj_count,mcycle_death_count,mcycle_maj_inj_count,bicycle_death_count,bicycle_maj_inj_count,ped_count,ped_death_count,ped_maj_inj_count,max_severity_level,comm_veh_count,dec_lat,dec_long,rdwy_surf_type_cd,county_name
57712,658194,2012015391,6,67,67301,2012,1,6,337,3,3,1,0,4,1, , ,N,1,2,0,3,0,2,3,2,N,N,40 00:46.713,75 07:09.797,341, ,337, ,0, ,N, ,3, , , , , , , , , ,2,0,0,0,1,0,0,1,0,0,0,0,2,2,0,0,0,0,0,0,1,0,0,0,0,0,0,0,0,0,0,0,0,0,0,8,1,40.013,-75.1194, , 
57713,658225,2012056484,6,67,67301,2012,2,6,1430,14,1,1,0,1,1, , ,N,0,0,0,3,0,2,3,2,N,N,39 53:06.865,75 15:00.684,0, ,0, ,0, ,N, ,0, , , , , , , , , ,2,2,0,0,0,0,0,0,0,0,0,0,2,2,0,0,0,0,0,0,0,0,0,0,0,0,0,0,0,0,0,0,0,0,0,8,0,39.8852,-75.2502, , 
57714,658226,2012056659,6,67,67301,2012,4,1,1828,18,1,1,0,4,1, , ,N,1,2,0,3,0,3,4,2,N,N,39 55:41.188,75 13:50.941,1834, ,1828,9,1,7,N, ,3,Y, , , , , , , , ,2,2,0,0,0,0,0,0,0,0,0,3,3,0,0,0,0,0,0,0,0,0,0,0,0,0,0,0,0,0,0,0,0,0,0,4,0,39.9281,-75.2308, , 
57715,661154,2012037226,6,67,67301,2012,3,4,807,8,1,1,0,4,1, , ,N,0,0,0,3,0,0,5,4,N,N,39 56:45.241,75 08:33.105,820, ,807, ,0, ,N, ,0, , , , , , , , , ,4,3,0,0,0,0,1,0,0,0,0,0,0,0,0,0,0,0,0,0,1,0,0,0,0,0,0,0,0,0,0,0,0,0,0,0,0,39.9459,-75.1425, , 
57716,661178,2012017818,6,67,67301,2012,1,7,1352,13,1,4,3,6,1, , ,N,0,0,0,3,0,1,2,2,N,N,40 06:12.214,75 01:48.025,1400, ,1357, ,0, , , ,0, , , , , , , , , ,2,1,0,0,1,0,0,0,0,0,0,1,1,0,0,0,0,0,0,0,1,0,0,0,0,0,0,0,0,0,0,0,0,0,0,4,0,40.1034,-75.03, , 
57717,661182,2012026126,6,67,67301,2012,2,5,1240,12,1,1,0,1,1, , ,N,0,0,0,3,0,3,4,2,N,N,40 01:49.049,75 09:56.049,1249, ,1243,2,2,5,N, ,0,Y, , , , , , , , ,2,1,0,0,0,0,1,0,0,0,0,0,3,3,0,0,0,0,0,0,0,1,0,0,0,0,0,0,0,0,0,0,0,0,0,8,0,40.0303,-75.1656, , 
57718,661183,2012026226,6,67,67301,2012,2,1,1633,16,1,1,0,8,1, , ,N,0,0,0,3,0,1,2,2,N,N,40 05:55.852,75 02:06.583,1633, ,1633,3,2,4, , ,0,Y, , , , , , , , ,1,0,0,0,0,0,1,0,0,0,1,0,1,0,0,0,0,0,0,0,0,0,0,0,0,0,0,0,0,0,0,0,1,0,0,3,0,40.0988,-75.0352, , 
57719,661205,2012047113,6,67,67301,2012,4,2,1400,14,1,1,0,7,5, , ,N,0,0,0,3,0,1,1,1,N,N,40 06:34.603,74 59:12.476,1405, ,1403, ,0, ,N, ,0, , , , , , , , , ,1,1,0,0,0,0,0,0,0,0,0,1,1,0,0,0,0,0,0,0,0,0,0,0,0,0,0,0,0,0,0,0,0,0,0,4,0,40.1096,-74.9868, , 
57720,661206,2012047263,6,67,67301,2012,4,7,2205,22,3,1,0,4,1, , ,N,1,3,0,3,0,2,5,3,N,N,39 59:55.212,75 04:29.017,2212, ,2208, ,0, , , ,3, , , , , , , , , ,3,3,0,0,0,0,0,0,0,0,0,2,2,0,0,0,1,0,0,0,0,0,0,0,0,0,0,0,0,0,0,0,0,0,0,4,0,39.9987,-75.0747, , 
57721,661212,2012051905,6,67,67301,2012,3,3,2100,21,3,1,0,4,2, , ,N,0,0,0,3,0,1,1,3,N,N,40 02:17.264,75 10:13.850,2113, ,2113, ,0, , , ,0, , , , , , , , , ,3,2,0,0,0,0,0,1,0,0,0,0,1,1,0,0,1,0,0,0,0,0,0,0,0,0,0,0,0,0,0,0,0,0,0,8,0,40.0381,-75.1705, , 
57722,661224,2012015374,6,67,67301,2012,1,1,1000,10,1,1,0,4,1, , ,N,1,2,0,3,0,2,3,2,N, ,40 00:26.697,75 08:12.693,1040, ,1028, ,0, , , ,3, , , , , , , , , ,2,0,0,0,0,0,2,0,0,0,0,2,2,0,0,0,0,0,0,0,0,0,0,0,0,0,0,0,0,0,0,0,0,0,0,4,0,40.0074,-75.137, , 
57723,661229,2012020370,6,67,67301,2012,1,5,845,8,1,2,1,4,1, , ,N,0,0,7,3,0,1,2,2,N, ,40 00:12.293,75 11:14.450,900, ,850, ,0, , , ,0, , , , , , , , , ,2,1,0,0,1,0,0,0,0,0,0,1,1,0,0,0,0,1,0,0,0,0,0,1,0,0,0,0,0,0,0,0,0,0,0,4,0,40.0034,-75.1873, , 
57724,661248,2012047205,6,67,67301,2012,4,4,953,9,1,1,0,1,1, , ,N,1,2,0,3,0,1,2,2,N, ,39 57:12.616,75 13:34.398,1030, ,1000, ,0, , , ,3, , , , , , , , , ,2,2,0,0,0,0,0,0,0,0,0,0,1,1,0,0,0,0,0,0,0,0,0,0,0,0,0,0,0,0,0,0,0,0,0,8,0,39.9535,-75.2262, , 
57725,661257,2012055490,6,67,67301,2012,5,3,707,7,1,1,1,1,1, , ,N,0,0,0,3,0,1,2,2,N,N,40 00:34.557,75 03:56.159,722, ,710, ,0, ,N, ,0, , , , , , , , , ,2,0,0,0,1,0,0,1,0,0,0,0,1,1,0,0,0,0,0,0,0,0,0,0,0,0,0,0,0,0,0,0,0,0,0,8,0,40.0096,-75.0656, , 
57726,661273,2012015480,6,67,67301,2012,1,5,647,6,1,1,0,4,1, , ,N,1,2,0,3,0,2,2,2,N,N,40 02:55.097,75 08:41.622,845, ,9999, ,0, ,N, ,2, , , , , , , , , ,2,2,0,0,0,0,0,0,0,0,1,1,2,0,0,0,0,0,0,0,0,0,0,0,0,0,0,0,0,0,0,0,0,0,0,3,0,40.0486,-75.1449, , 
57727,661293,2012028149,6,67,67301,2012,2,1,330,3,3,4,6,7,5, , ,N,1,2,0,3,0,0,1,1,N, ,40 06:50.539,74 59:15.391,805, ,755, ,0, , , ,3, , , , , , , , , ,1,1,0,0,0,0,0,0,0,0,0,0,0,0,0,0,0,0,0,0,0,0,0,0,0,0,0,0,0,0,0,0,0,0,0,0,0,40.114,-74.9876, , 
57728,661297,2012032607,6,67,67301,2012,2,7,1220,12,1,1,0,4,1, , ,N,1,2,0,3,0,0,2,2,N,N,39 58:43.013,75 12:49.082,1235, ,1230, ,0, ,N, ,3, , , , , , , , , ,2,2,0,0,0,0,0,0,0,0,0,0,0,0,0,0,0,0,0,0,0,0,0,0,0,0,0,0,0,0,0,0,0,0,0,0,0,39.9786,-75.2136, , 
57729,661298,2012033068,6,67,67301,2012,2,6,1314,13,1,2,1,4,6, , ,N,0,0,0,3,0,0,2,3,N,N,40 02:06.542,75 11:05.223,1318, ,1316, ,0, ,N, ,0, , , , , , , , , ,3,3,0,0,0,0,0,0,0,0,0,0,0,0,0,0,0,0,0,0,0,0,0,0,0,0,0,0,0,0,0,0,0,0,0,0,0,40.0352,-75.1848, , 
57730,661322,2012015434,6,67,67301,2012,1,1,1339,13,1,1,0,1,1, , ,N,2,2,0,3,0,0,5,3,N,N,40 01:27.004,75 07:48.996,1345, ,1349,2,1,1,N, ,3,N, , , , , , , , ,3,3,0,0,0,0,0,0,0,0,0,0,0,0,0,0,0,0,0,1,0,0,0,0,0,0,0,0,0,0,0,0,0,0,0,0,0,40.0243,-75.1304, , 
57731,661328,2012020569,6,67,67301,2012,1,1,320,3,3,4,6,4,1, , ,N,1,3,0,3,0,1,5,2,N,N,39 56:29.776,75 10:21.074,325, ,324,2,9,1,N, ,9,Y, , , , , , , , ,2,2,0,0,0,0,0,0,0,0,0,1,1,0,0,0,0,0,0,0,0,1,0,0,0,0,0,0,0,0,0,0,0,0,0,4,0,39.9416,-75.1725, , 
57732,661334,2012023968,6,67,67301,2012,1,1,322,3,3,1,0,5,6, , ,N,0,0,0,3,0,1,2,4,N,N,40 00:42.120,75 04:37.830,435, ,430,3,2,6,N, ,0,N, , , , , , , , ,4,2,0,0,0,1,1,0,0,0,0,1,1,0,1,0,1,0,0,0,0,0,0,0,0,0,0,0,0,0,0,0,0,0,0,4,0,40.0117,-75.0772, , 
57733,661340,2012032597,6,67,67301,2012,2,7,2230,22,6,1,0,4,6, , ,N,0,0,0,3,0,1,2,3,N,N,40 03:41.763,75 04:33.128,2235, ,2230, ,0, , , ,0, , , , , , , , , ,2,0,0,0,0,0,2,0,0,0,0,1,1,0,0,0,0,0,0,0,0,0,0,0,0,0,0,0,0,0,0,0,1,0,0,4,0,40.0616,-75.0759, , 
57734,668001,2012036856,6,67,67301,2012,3,4,1238,12,1,1,0,4,1, , ,N,0,0,7,3,0,1,2,2,N,N,40 00:09.643,75 09:40.725,1240, ,1238,1,1,3,N, ,0,N, , , , , , , , ,2,1,0,0,1,0,0,0,0,0,0,1,1,0,0,0,0,0,0,0,1,1,0,0,0,0,0,0,0,0,0,0,0,0,0,4,0,40.0027,-75.1613, , 
57735,668014,2012012417,6,67,67301,2012,1,7,1815,18,3,1,0,1,1, , ,N,0,0,0,3,0,0,5,2,N,N,39 57:25.869,75 09:24.100,1827, ,1819,1,1,4,N, ,0,N, , , , , , , , ,2,2,0,0,0,0,0,0,0,0,0,0,0,0,0,0,0,0,1,0,0,0,0,0,0,0,0,0,0,0,0,0,0,0,0,0,0,39.9572,-75.1567, , 
57736,668020,2012015432,6,67,67301,2012,1,6,1010,10,1,1,0,8,5, , ,N,2,2,0,3,0,1,2,2,N,N,40 05:10.582,75 02:45.913,1030, ,1025,1,1,1,N, ,3,N, , , , , , , , ,1,1,0,0,0,0,0,0,0,0,0,0,1,1,0,0,0,0,0,0,0,0,1,0,0,0,0,0,0,0,0,0,1,0,0,8,0,40.0863,-75.0461, , 
57737,668128,2012041713,6,67,67301,2012,3,2,2201,22,3,1,0,4,1, , ,N,2,2,0,3,0,1,3,2,N,N,39 58:27.676,75 12:06.216,2212, ,2209,1,1,6,N, ,3,N, , , , , , , , ,2,0,0,0,1,0,1,0,0,0,0,1,1,0,0,0,0,0,0,0,1,0,0,0,0,0,0,0,0,0,0,0,0,0,0,4,0,39.9744,-75.2017, , 
57738,668133,2012047262,6,67,67301,2012,4,2,757,7,1,1,0,7,5, , ,N,0,0,0,3,0,1,1,1,N,N,40 01:40.227,75 03:35.030,800, ,758, ,0, ,N, ,0, , , , , , , , , ,1,1,0,0,0,0,0,0,0,0,0,0,1,1,0,0,0,0,0,0,0,0,0,0,0,0,0,0,0,0,0,0,0,0,0,8,0,40.0278,-75.0597, , 
57739,668136,2012048293,6,67,67301,2012,4,4,1545,15,1,1,0,4,1, , ,N,1,2,0,3,0,1,2,2,N,N,40 00:11.036,75 09:51.469,1550, ,1548, ,0, ,N, ,3, , , , , , , , , ,2,1,1,0,0,0,0,0,0,0,0,0,1,1,0,0,0,0,0,0,0,0,0,0,0,0,0,0,0,0,0,0,0,0,0,8,0,40.0031,-75.1643, , 
57740,668148,2012060692,6,67,67301,2012,5,2,1953,19,3,2,1,2,1, , ,N,0,0,0,3,1,2,3,3,N,N,40 01:45.050,75 11:23.880,2001, ,1956,2,2,5,N,0,0,Y, , , , , , , , ,3,3,0,0,0,0,0,0,0,0,2,0,2,0,0,0,0,0,0,0,2,0,0,0,0,0,1,0,0,0,0,0,0,0,0,1,0,40.0292,-75.19,2, 
57741,668157,2012013071,6,67,67301,2012,1,1,2130,21,6,9,0,7,5, , ,N,0,0,0,3,0,0,1,1,N,N,40 00:01.820,75 11:56.830,2355, ,2342, ,0, , , ,0, , , , , , , , , ,1,1,0,0,0,0,0,0,0,0,0,0,0,0,1,0,0,0,0,0,0,0,0,0,0,0,0,0,0,0,0,0,0,0,0,9,0,40.0005,-75.1991, , 
57742,668163,2012017812,6,67,67301,2012,1,4,1433,14,1,1,0,5,1, , ,N,0,0,0,3,0,0,2,2,N,N,39 57:07.052,75 12:17.269,1436, ,1435, ,0, ,N, ,0, , , , , , , , , ,2,1,0,0,0,1,0,0,0,0,0,0,0,0,0,0,0,0,0,0,1,0,0,1,0,0,0,0,0,0,0,0,0,0,0,0,1,39.952,-75.2048, , 
57743,668177,2012041549,6,67,67301,2012,2,6,1145,11,1,1,0,8,1, , ,N,1,2,0,3,0,1,2,2,N,N,39 57:03.858,75 09:56.243,1145, ,1145, ,0, ,N, ,3, , , , , , , , , ,1,0,0,0,0,0,0,1,0,0,0,1,1,0,0,0,0,0,0,0,0,0,0,0,0,0,0,0,0,0,0,0,1,0,0,4,0,39.951,-75.1654, , 
57744,668178,2012042555,6,67,67301,2012,3,2,1505,15,1,1,0,4,1, , ,N,1,2,0,3,0,1,3,3,N,N,40 01:00.708,75 08:58.113,1512, ,1510, ,0, ,N, ,3, , , , , , , , , ,3,2,0,0,0,0,1,0,0,0,0,0,1,1,0,0,0,0,0,0,2,0,0,0,0,0,0,0,0,0,0,0,0,0,0,8,0,40.0169,-75.1495, , 
57745,668183,2012047218,6,67,67301,2012,3,6,9999,99,3,1,0,4,1, , ,N,1,1,0,3,0,3,4,2,N,N,40 03:06.267,75 09:10.785,2335, ,2329, ,0, , , ,3, , , , , , , , , ,2,1,0,0,1,0,0,0,0,0,0,3,3,0,0,0,0,0,0,0,1,0,0,0,0,0,0,0,0,0,0,0,0,0,0,4,0,40.0517,-75.153, , 
57746,668185,2012048186,6,67,67301,2012,4,3,1940,19,3,1,0,4,1, , ,N,1,0,0,3,0,1,2,2,N,N,39 59:00.906,75 06:30.635,2359, ,2355, ,0, ,N, ,0, , , , , , , , , ,1,1,0,0,0,0,0,0,1,0,0,1,1,0,0,0,0,0,0,0,0,0,0,0,0,0,0,0,0,0,0,0,0,0,0,4,0,39.9836,-75.1085, , 
57747,668212,2012019782,6,67,67301,2012,2,5,1450,14,1,2,7,0,1, , ,N,0,0,0,3,0,0,3,3,N,N,40 02:08.673,75 00:59.798,1505, ,1457,2,2,2,N, ,0,N, , , , , , , , ,3,0,0,0,0,1,1,1,0,0,0,0,0,0,0,0,0,0,0,0,0,0,0,0,0,0,0,0,0,0,0,0,0,0,0,0,1,40.0357,-75.0167, , 
57748,668213,2012019946,6,67,67301,2012,1,7,1555,15,1,4,1,8,1, , ,N,0,0,0,3,0,1,2,2,N,N,39 57:39.633,75 09:22.594,1605, ,1559,1,1,1,N, ,0,Y, , , , , , , , ,1,0,0,1,0,0,0,0,0,0,0,1,1,0,0,0,0,0,0,0,0,0,0,0,0,0,0,0,0,0,0,0,1,0,0,4,1,39.961,-75.1563, , 
57749,668216,2012023650,6,67,67301,2012,2,4,2002,20,3,1,0,7,2, , ,N,7,0,2,3,0,0,1,1,N,N,39 55:43.726,75 08:46.225,2015, ,2005, ,0, ,N, ,0, , , , , , , , , ,1,1,0,0,0,0,0,0,0,0,0,0,0,0,0,0,0,0,0,0,0,0,0,0,0,0,0,0,0,0,0,0,0,0,0,0,0,39.9283,-75.1463, , 
57750,668227,2012032508,6,67,67301,2012,2,2,230,2,3,1,0,4,1, , ,N,1,2,0,3,0,1,2,2,N,N,39 55:36.272,75 10:08.761,240, ,233, ,0, ,N, ,3, , , , , , , , , ,2,2,0,0,0,0,0,0,0,0,0,1,1,0,0,0,0,0,0,0,1,0,0,0,0,0,0,0,0,0,0,0,0,0,0,4,0,39.9268,-75.1691, , 
57751,668232,2012036889,6,67,67301,2012,2,5,1706,17,4,1,0,4,1, , ,N,1,2,0,3,0,1,3,2,Y,N,39 59:40.772,75 08:50.830,1831, ,1828, ,0, ,N, ,3, , , , , , , , , ,2,0,0,1,1,0,0,0,0,0,0,0,1,1,0,0,0,0,0,0,0,0,0,0,0,0,0,0,0,0,0,0,0,0,0,8,1,39.9947,-75.1475, , 
57752,665069,2012054257,6,67,67301,2012,5,2,2014,20,3,1,0,7,4, , ,N,0,0,0,3,0,1,1,1,N,N,39 58:33.424,75 11:43.096,2023, ,2018,2,2,3,N, ,0,Y, , , , , , , , ,1,1,0,0,0,0,0,0,0,0,0,0,1,1,0,0,0,0,0,0,0,0,0,1,0,0,0,0,0,0,0,0,0,0,0,8,0,39.976,-75.1953, , 
57753,665094,2012033049,6,67,67301,2012,2,4,9999,99,3,1,1,4,1, , ,N,1,2,0,3,0,1,5,3,N,N,39 59:08.005,75 09:46.580,11, ,9999, ,0, ,N, ,3, , , , , , , , , ,3,3,0,0,0,0,0,0,0,0,0,0,1,1,0,0,0,0,1,0,1,0,0,0,0,0,0,0,0,0,0,0,0,0,0,8,0,39.9856,-75.1629, , 
57754,665109,2012050213,6,67,67301,2012,4,1,1108,11,1,1,0,1,1, , ,N,0,0,1,3,0,0,2,2,N,N,39 58:32.161,75 11:31.083,1114, ,1108, ,0, , , ,0, , , , , , , , , ,2,2,0,0,0,0,0,0,0,0,0,0,0,0,0,0,0,0,0,0,0,0,0,0,0,0,0,0,0,0,0,0,0,0,0,0,0,39.9752,-75.1917, , 
57755,665117,2012063889,6,67,67301,2012,5,4,645,6,1,1,0,4,1, , ,N,2,3,0,3,0,1,3,2,N,N,40 03:10.473,75 10:36.896,715, ,715, ,0, ,N, ,3, , , , , , , , , ,2,2,0,0,0,0,0,0,0,0,0,1,1,0,0,0,0,0,0,0,0,0,0,0,0,0,0,0,0,0,0,0,0,0,0,4,0,40.0529,-75.1769, , 
57756,665120,2012069650,6,67,67301,2012,6,7,215,2,3,1,0,4,1, , ,N,0,0,0,3,0,0,2,2,N,N,40 01:30.407,75 07:33.048,222, ,213,9,1,1,N, ,0,N, , , , , , , , ,2,1,0,0,1,0,0,0,0,0,0,0,0,0,0,0,0,0,0,0,0,0,0,0,0,0,0,0,0,0,0,0,0,0,0,0,0,40.0251,-75.1258, , 
57757,665134,2012014813,6,67,67301,2012,1,5,530,5,3,4,3,7,4, , ,N,6,0,2,3,0,1,3,2,N,N,39 53:35.159,75 13:19.839,602, ,533,2,2,7,N, ,0,N, , , , , , , , ,2,2,0,0,0,0,0,0,0,0,0,0,1,1,0,0,0,0,0,0,0,0,0,0,0,0,0,0,0,0,0,0,0,0,0,8,0,39.8931,-75.2222, , 
57758,665144,2012026251,6,67,67301,2012,1,2,1739,17,2,2,1,8,1, , ,N,1,2,0,3,0,1,2,2,N,N,39 56:19.158,75 10:23.411,1755, ,1739, ,0, ,N, ,3, , , , , , , , , ,1,1,0,0,0,0,0,0,0,0,1,0,1,0,0,0,0,0,0,0,0,0,0,1,0,0,0,0,0,0,0,0,1,0,0,3,0,39.9387,-75.1732, , 
57759,665156,2012051951,6,67,67301,2012,5,3,1825,18,1,1,0,1,1, , ,N,0,2,0,3,0,4,7,3,N, ,39 57:15.670,75 13:27.231,1825, ,1825, ,0, , , ,3, , , , , , , , , ,3,3,0,0,0,0,0,0,0,0,0,0,4,4,0,0,0,0,0,0,0,0,1,0,0,0,0,0,0,0,0,0,0,0,0,8,0,39.9544,-75.2242, , 
57760,665157,2012052321,6,67,67301,2012,5,3,1030,10,1,2,1,7,5, , ,N,0,0,0,3,0,1,1,2,N, ,40 00:50.713,75 09:10.400,1033, ,1030, ,0, , , ,0, , , , , , , , , ,2,1,0,0,0,0,0,1,0,0,0,0,1,1,0,0,0,0,0,0,1,0,0,0,0,0,0,0,0,0,0,0,0,0,0,8,0,40.0141,-75.1529, , 
57761,665182,2012020435,6,67,67301,2012,1,3,1630,16,1,1,0,4,1, , ,N,1,2,0,3,0,2,5,2,N, ,39 59:07.472,75 08:57.663,9999, ,9999,2,2,2, , ,2,Y, , , , , , , , ,2,1,0,0,0,0,1,0,0,0,0,2,2,0,0,0,0,0,0,0,0,0,0,0,0,0,0,0,0,0,0,0,0,0,0,4,0,39.9854,-75.1494, , 
57762,665183,2012020469,6,67,67301,2012,1,2,721,7,1,1,0,4,1, , ,N,3,2,0,3,0,1,2,2,N,N,39 59:15.784,75 12:58.157,740, ,732, ,0, ,N, ,3, , , , , , , , , ,2,2,0,0,0,0,0,0,0,0,0,0,1,1,0,0,0,0,0,0,1,0,0,0,0,0,0,0,0,0,0,0,0,0,0,8,0,39.9877,-75.2161, , 
57763,665197,2012036910,6,67,67301,2012,3,6,1900,19,3,2,1,8,1, , ,N,1,2,0,3,0,1,2,2,N,N,39 59:12.447,75 10:50.908,1903, ,1902, ,0, ,N, ,3, , , , , , , , , ,1,1,0,0,0,0,0,0,0,0,1,0,1,0,0,0,0,0,0,0,0,0,0,0,0,0,0,0,0,0,0,0,1,0,0,3,0,39.9868,-75.1808, , 
57764,665233,2012020544,6,67,67301,2012,1,3,1312,13,1,1,0,4,1, , ,N,1,0,0,3,0,0,2,2,N,N,39 59:09.790,75 10:00.393,1317, ,1315, ,0, , , ,0, , , , , , , , , ,2,2,0,0,0,0,0,0,0,0,0,0,0,0,0,0,0,0,0,0,0,0,0,0,0,0,0,0,0,0,0,0,0,0,0,0,0,39.9861,-75.1668, , 
57765,665255,2012042150,6,67,67301,2012,3,6,1607,16,1,1,0,4,1, , ,N,1,0,0,3,0,1,2,2,N,N,39 53:40.603,75 14:12.181,1620, ,1613, ,0, ,N, ,0, , , , , , , , , ,2,0,0,0,0,0,1,1,0,0,0,1,1,0,0,0,0,0,0,0,0,0,0,0,0,0,0,0,0,0,0,0,0,0,0,4,0,39.8946,-75.2367, , 
57766,665262,2012047164,6,67,67301,2012,4,6,1503,15,1,1,0,4,1, , ,N,0,0,0,3,0,1,2,2,N,N,39 59:38.076,75 07:34.770,1740, ,1738, ,0, ,N, ,0, , , , , , , , , ,2,1,0,0,1,0,0,0,0,0,0,1,1,0,0,0,0,0,0,0,0,0,0,0,0,0,0,0,0,0,0,0,0,0,0,4,0,39.9939,-75.1263, , 
57767,665263,2012047239,6,67,67301,2012,3,7,1930,19,3,2,1,4,1, , ,N,1,2,0,3,0,3,3,2,N,N,39 57:25.867,75 12:07.023,1932, ,1931, ,0, ,N, ,3, , , , , , , , , ,2,1,0,0,0,0,0,1,0,0,2,1,3,0,0,0,0,0,0,0,0,0,0,0,0,0,0,0,0,0,0,0,0,0,0,3,0,39.9571,-75.2019, , 
57768,665304,2012047166,6,67,67301,2012,4,3,800,8,1,1,0,4,1, , ,N,1,2,0,3,0,1,2,2,N,N,40 00:03.604,75 08:53.867,820, ,815, ,0, , , ,3, , , , , , , , , ,2,2,0,0,0,0,0,0,0,0,0,0,1,1,0,0,0,0,0,0,0,0,0,0,0,0,0,0,0,0,0,0,0,0,0,8,0,40.001,-75.1481, , 
57769,665309,2012049789,6,67,67301,2012,4,4,1202,12,1,1,0,7,2, , ,N,1,3,0,3,0,1,3,1,N, ,39 59:15.679,75 09:16.209,1205, ,1208, ,0, , , ,3, , , , , , , , , ,1,1,0,0,0,0,0,0,0,0,0,1,1,0,0,0,0,0,0,0,0,0,0,3,0,0,0,0,0,0,0,0,0,0,0,4,0,39.9877,-75.1545, , 
57770,658246,2012020607,6,67,67301,2012,1,1,1555,15,1,4,5,6,1, , ,N,1,3,0,3,0,1,4,4,N, ,39 58:50.926,75 15:46.925,1627, ,1620, ,0, , , ,2, , , , , , , , , ,4,3,0,0,0,0,1,0,0,0,0,1,1,0,3,0,0,0,0,1,1,0,0,2,0,0,0,0,0,0,0,0,0,0,0,4,0,39.9808,-75.263, , 
57771,658252,2012028193,6,67,67301,2012,2,5,1910,19,3,2,1,8,1, , ,N,0,0,0,3,0,1,2,2,N,N,40 02:21.319,75 04:39.147,1930, ,1925, ,0, , , ,0, , , , , , , , , ,1,1,0,0,0,0,0,0,0,0,0,1,1,0,0,0,0,0,0,0,0,0,0,0,0,0,0,0,0,0,0,0,1,0,0,4,0,40.0393,-75.0775, , 
57772,658254,2012028502,6,67,67301,2012,2,3,1843,18,3,2,1,5,4, , ,N,1,2,0,3,0,1,2,2,N,N,39 58:11.351,75 14:20.688,1853, ,1851, ,0, ,N, ,3, , , , , , , , , ,2,2,0,0,0,0,0,0,0,0,0,0,1,1,0,0,0,0,0,0,0,0,0,0,0,0,0,0,0,0,0,0,0,0,0,8,0,39.9698,-75.2391, , 
57773,658256,2012032655,6,67,67301,2012,2,3,745,7,1,1,0,4,1, , ,N,1,3,0,3,0,1,2,2,N,N,40 02:04.164,75 02:53.357,753, ,750,1,1,3,N, ,3,Y, , , , , , , , ,2,2,0,0,0,0,0,0,0,0,0,1,1,0,0,0,0,0,0,0,0,1,0,0,0,0,0,0,0,0,0,0,0,0,0,4,0,40.0345,-75.0482, , 
57774,658259,2012035138,6,67,67301,2012,3,1,5,0,3,1,0,7,7, , ,N,2,0,2,3,0,0,1,1,N,N,40 01:28.993,75 01:51.253,258, ,155, ,0, ,N, ,0, , , , , , , , , ,1,1,0,0,0,0,0,0,0,0,0,0,0,0,0,0,0,0,0,0,0,0,0,0,0,0,0,0,0,0,0,0,0,0,0,0,0,40.0247,-75.0309, , 
57775,658262,2012036798,6,67,67301,2012,3,5,741,7,1,1,0,1,1, , ,N,0,0,0,3,0,0,2,2,N, ,40 06:28.097,74 59:47.234,745, ,741, ,0, , , ,0, , , , , , , , , ,2,0,0,0,1,0,0,1,0,0,0,0,0,0,0,0,0,0,0,0,1,0,0,0,0,0,0,0,0,0,0,0,0,0,0,0,0,40.1078,-74.9965, , 
57776,658277,2012047157,6,67,67301,2012,4,2,948,9,1,1,0,1,1, , ,N,0,2,0,3,0,1,2,2,N,N,39 58:01.168,75 10:01.282,951, ,950, ,0, ,N, ,3, , , , , , , , , ,2,0,0,0,0,0,1,1,0,0,0,1,1,0,1,0,0,0,0,0,2,0,0,0,0,0,0,0,0,0,0,0,0,0,0,4,0,39.967,-75.167, , 
57777,658302,2012032617,6,67,67301,2012,2,5,1824,18,3,1,0,4,1, , ,N,1,2,0,3,0,3,3,2,N,N,40 03:47.120,75 03:05.897,1827, ,1824, ,0, ,N, ,3, , , , , , , , , ,2,2,0,0,0,0,0,0,0,0,3,0,3,0,0,0,0,0,0,0,1,0,1,0,0,0,0,0,0,0,0,0,0,0,0,3,0,40.0631,-75.0516, , 
57778,658306,2012041468,6,67,67301,2012,3,7,9999,99,1,1,0,8,2, , ,N,2,0,0,3,0,1,3,2,N,N,39 58:32.775,75 15:07.570,9999, ,9999, ,0, ,N, ,0, , , , , , , , , ,1,0,0,0,1,0,0,0,0,0,0,0,1,1,0,0,0,0,0,1,0,0,0,0,0,0,0,0,0,0,0,0,1,0,0,8,0,39.9758,-75.2521, , 