objectid_1,objectid,crn,district,county,municipality,crash_year,crash_month,day_of_week,time_of_day,hour_of_day,illumination,weather,road_condition,collision_type,relation_to_road,work_zone_type,work_zone_loc,work_zone_ind,intersect_type,tcd_type,location_type,urban_rural,fatal_count,injury_count,person_count,total_units,sch_bus_ind,sch_zone_ind,latitude,longitude,arrival_tm,cons_zone_spd_lim,dispatch_tm,est_hrs_closed,lane_closed,ln_close_dir,ntfy_hiwy_maint,spec_juris_cd,tcd_func_cd,tfc_detour_ind,workers_pres,wz_close_detour,wz_flagger,wz_law_offcr_ind,wz_ln_closure,wz_moving,wz_other,wz_shlder_mdn,vehicle_count,automobile_count,motorcycle_count,bus_count,small_truck_count,heavy_truck_count,suv_count,van_count,bicycle_count,maj_inj_count,mod_inj_count,min_inj_count,tot_inj_count,unk_inj_deg_count,unk_inj_per_count,driver_count_16yr,driver_count_17yr,driver_count_18yr,driver_count_19yr,driver_count_20yr,driver_count_50_64yr,driver_count_65_74yr,driver_count_75plus,unbelted_occ_count,unb_death_count,unb_maj_inj_count,belted_death_count,belted_maj_inj_count,mcycle_death_count,mcycle_maj_inj_count,bicycle_death_count,bicycle_maj_inj_count,ped_count,ped_death_count,ped_maj_inj_count,max_severity_level,comm_veh_count,dec_lat,dec_long,rdwy_surf_type_cd,county_name
57914,665707,2012013112,6,67,67301,2012,1,7,9999,99,4,1,0,1,1, , ,N,1,2,0,3,0,1,3,2,N, ,40 04:52.997,74 58:34.259,1840, ,1833, ,0, , , ,9, , , , , , , , , ,2,1,0,0,1,0,0,0,0,0,0,1,1,0,0,0,0,0,0,0,1,0,0,0,0,0,0,0,0,0,0,0,0,0,0,4,0,40.0814,-74.9762, , 
57915,665713,2012028160,6,67,67301,2012,2,7,1952,19,3,1,0,8,1, , ,N,1,2,0,3,0,1,3,2,N,N,39 56:59.100,75 10:03.072,1955, ,1954, ,0, ,N, ,3, , , , , , , , , ,1,1,0,0,0,0,0,0,0,0,0,0,1,1,0,0,0,0,0,0,0,0,0,0,0,0,0,0,0,0,0,0,1,0,0,8,0,39.9497,-75.1674, , 
57916,665715,2012034779,6,67,67301,2012,3,1,1808,18,1,1,0,7,4, , ,N,2,0,0,3,0,2,2,1,N,N,40 03:44.953,75 09:05.738,1855, ,1850, ,0, ,N, ,0, , , , , , , , , ,1,1,0,0,0,0,0,0,0,0,0,2,2,0,0,0,0,0,0,0,0,0,0,0,0,0,0,0,0,0,0,0,0,0,0,4,0,40.0625,-75.1516, , 
57917,658639,2012036972,6,67,67301,2012,3,6,2320,23,3,2,1,4,1, , ,N,1,2,0,3,0,1,5,2,N,N,40 02:49.750,75 04:51.470,2327, ,2325, ,0, , , ,3, , , , , , , , , ,2,2,0,0,0,0,0,0,0,0,0,0,1,1,4,0,0,0,0,0,0,0,0,0,0,0,0,0,0,0,0,0,0,0,0,8,0,40.0472,-75.081, , 
57918,658659,2012067500,6,67,67301,2012,7,7,510,5,5,1,0,1,1, , ,N,0,0,0,3,0,2,4,2,N,N,40 02:02.274,75 04:28.240,521, ,513,2,2,1,N, ,0,Y, , , , , , , , ,2,2,0,0,0,0,0,0,0,0,0,0,2,2,0,0,0,0,0,0,0,0,0,0,0,0,0,0,0,0,0,0,0,0,0,8,0,40.034,-75.0745, , 
57919,658685,2012034698,6,67,67301,2012,2,5,2335,23,3,1,0,6,1, , ,N,1,2,0,3,0,0,2,2,N,N,40 01:26.280,75 02:07.317,9999, ,2355,9,1,1,N, ,3,N, , , , , , , , ,2,1,0,0,1,0,0,0,0,0,0,0,0,0,0,0,0,0,0,0,0,0,0,0,0,0,0,0,0,0,0,0,0,0,0,0,0,40.024,-75.0354, , 
57920,658691,2012040983,6,67,67301,2012,4,4,553,5,5,1,0,1,1, , ,N,0,0,0,3,0,2,2,2,N,N,39 53:27.904,75 14:17.211,613, ,557,1,2,1,N, ,0,N, , , , , , , , ,2,2,0,0,0,0,0,0,0,0,0,1,2,1,0,0,0,0,0,0,0,0,0,1,0,0,0,0,0,0,0,0,0,0,0,4,0,39.8911,-75.2381, , 
57921,658698,2012047163,6,67,67301,2012,4,5,2315,23,2,1,0,4,1, , ,N,2,2,0,3,0,0,2,2,N,N,39 58:28.546,75 11:58.192,2342, ,2340, ,0, ,N, ,3, , , , , , , , , ,2,2,0,0,0,0,0,0,0,0,0,0,0,0,0,0,0,0,0,0,1,0,0,0,0,0,0,0,0,0,0,0,0,0,0,0,0,39.9746,-75.1995, , 
57922,658699,2012048241,6,67,67301,2012,4,4,2010,20,3,1,0,4,1, , ,N,1,0,0,3,0,0,3,2,N, ,40 01:44.144,75 13:04.972,2016, ,2014, ,0, , , ,0, , , , , , , , , ,2,2,0,0,0,0,0,0,0,0,0,0,0,0,0,0,0,0,0,0,0,0,0,0,0,0,0,0,0,0,0,0,0,0,0,0,0,40.0289,-75.218, , 
57923,658700,2012049724,6,67,67301,2012,4,2,1820,18,1,1,0,4,1, , ,N,3,3,0,3,0,1,3,2,N,N,40 01:45.048,75 08:50.535,1859, ,1853, ,0, , , ,3, , , , , , , , , ,2,2,0,0,0,0,0,0,0,0,0,1,1,0,0,0,0,0,0,0,1,0,0,0,0,0,0,0,0,0,0,0,0,0,0,4,0,40.0292,-75.1474, , 
57924,658717,2012015471,6,67,67301,2012,1,7,724,7,1,1,0,4,1, , ,N,1,3,0,3,0,2,4,2,N, ,40 00:45.378,75 08:26.717,750, ,742, ,0, , , ,3, , , , , , , , , ,2,1,0,0,1,0,0,0,0,0,0,1,2,1,2,0,0,0,0,0,0,0,1,4,0,0,0,0,0,0,0,0,0,0,0,4,0,40.0126,-75.1408, , 
57925,658730,2012032735,6,67,67301,2012,1,2,2140,21,3,1,0,7,4, , ,N,2,0,0,3,0,1,1,1,N, ,39 59:35.488,75 04:53.544,2144, ,2142,9,1,1, , ,0,N, , , , , , , , ,1,0,0,0,0,0,1,0,0,0,1,0,1,0,0,0,0,0,0,0,1,0,0,0,0,0,0,0,0,0,0,0,0,0,0,3,0,39.9932,-75.0815, , 
57926,658750,2012048244,6,67,67301,2012,4,7,247,2,3,1,0,1,1, , ,N,1,2,0,3,0,1,2,2,N, ,39 55:14.298,75 08:27.817,253, ,249,1,1,2, , ,3,N, , , , , , , , ,2,0,0,1,0,0,0,1,0,0,0,1,1,0,0,0,0,0,0,0,0,0,0,0,0,0,0,0,0,0,0,0,0,0,0,4,1,39.9207,-75.1411, , 
57927,658755,2012051908,6,67,67301,2012,4,1,1548,15,1,1,0,4,1, , ,N,1,2,0,3,0,2,3,2,N,N,40 01:30.104,75 08:20.432,1625, ,1615, ,0, ,N, ,3, , , , , , , , , ,2,2,0,0,0,0,0,0,0,0,0,2,2,0,0,0,0,0,0,0,0,0,0,0,0,0,0,0,0,0,0,0,0,0,0,4,0,40.025,-75.139, , 
57928,658767,2012061596,6,67,67301,2012,6,4,1010,10,1,1,0,1,1, , ,N,1,2,0,3,0,14,14,2,N,N,40 01:22.061,75 09:32.460,1023, ,1018,3,2,5,N, ,3,Y, , , , , , , , ,2,0,0,1,0,1,0,0,0,0,0,0,14,14,0,0,0,0,0,0,0,0,0,0,0,0,0,0,0,0,0,0,0,0,0,8,2,40.0228,-75.159, , 
57929,658774,2012078282,6,67,67301,2012,7,2,1800,18,1,1,0,8,2, , ,N,1,2,0,3,0,1,1,2,N, ,40 00:09.630,75 08:55.719,1815, ,1800, ,0, , , ,3, , , , , , , , , ,1,1,0,0,0,0,0,0,0,0,0,1,1,0,0,0,0,0,0,0,0,0,0,0,0,0,0,0,0,0,0,0,1,0,0,4,0,40.0027,-75.1488, , 
57930,658798,2012111814,6,67,67301,2012,10,6,957,9,1,1,0,4,1, , ,N,1,2,0,3,0,0,2,2,N,N,40 00:03.453,75 06:00.194,959, ,959, ,0, ,N, ,3, , , , , , , , , ,2,1,0,0,0,0,1,0,0,0,0,0,0,0,0,0,0,0,0,0,1,0,0,0,0,0,0,0,0,0,0,0,0,0,0,0,0,40.001,-75.1001, , 
57931,658802,2012114341,6,67,67301,2012,10,6,1530,15,1,2,1,7,5, , ,N,0,0,0,3,0,0,1,1,N,N,39 59:47.560,75 11:56.870,9999, ,9999, ,0, ,N, ,0, , , , , , , , , ,1,1,0,0,0,0,0,0,0,0,0,0,0,0,0,0,0,0,0,0,0,0,0,0,0,0,0,0,0,0,0,0,0,0,0,0,0,39.9965,-75.1991, , 
57932,658807,2012006685,6,67,67301,2012,1,5,11,0,3,2,1,7,2, , ,N,0,0,0,3,0,0,1,1,N,N,40 00:28.310,75 04:18.631,18, ,12, ,0, ,N, ,0, , , , , , , , , ,1,1,0,0,0,0,0,0,0,0,0,0,0,0,0,0,0,0,0,0,0,0,0,0,0,0,0,0,0,0,0,0,0,0,0,0,0,40.0079,-75.0717, , 
57933,658836,2012034596,6,67,67301,2012,3,5,2201,22,3,1,0,1,1, , ,N,1,2,0,3,0,0,6,2,N,N,39 58:30.905,75 12:23.885,2215, ,2215, ,0, ,N, ,3, , , , , , , , , ,2,1,0,0,0,0,1,0,0,0,0,0,0,0,0,0,0,0,0,0,0,1,0,0,0,0,0,0,0,0,0,0,0,0,0,0,0,39.9752,-75.2066, , 
57934,658846,2012048051,6,67,67301,2012,3,6,1405,14,1,1,0,8,1, , ,N,0,0,0,3,0,1,2,2,N,N,40 02:33.631,75 08:38.210,1420, ,1413, ,0, ,N, ,0, , , , , , , , , ,1,1,0,0,0,0,0,0,0,0,0,1,1,0,0,0,0,0,0,0,0,1,0,0,0,0,0,0,0,0,0,0,1,0,0,4,0,40.0427,-75.1439, , 
57935,661792,2012065641,6,67,67301,2012,6,5,125,1,3,1,0,1,1, , ,N,0,0,3,3,0,4,6,3,N,N,39 56:31.035,75 11:38.924,135, ,126,2,1,3,N, ,0,N, , , , , , , , ,3,3,0,0,0,0,0,0,0,0,0,3,4,1,1,0,0,0,0,0,0,0,0,3,0,0,0,0,0,0,0,0,0,0,0,4,0,39.9405,-75.1956, , 
57936,661800,2012013091,6,67,67301,2012,1,2,1206,12,1,1,0,8,1, , ,N,2,0,0,3,0,1,2,2,N,N,39 59:13.164,75 10:56.762,1218, ,1213,3,2,4,N, ,0,N, , , , , , , , ,1,1,0,0,0,0,0,0,0,0,1,0,1,0,0,0,0,0,0,0,1,0,0,0,0,0,0,0,0,0,0,0,1,0,0,3,0,39.987,-75.1824, , 
57937,661802,2012015439,6,67,67301,2012,1,4,1145,11,1,1,0,1,1, , ,N,1,2,0,3,0,1,2,2,N,N,40 02:39.696,75 03:14.496,1225, ,1220,1,1,2,N, ,3,N, , , , , , , , ,2,0,0,0,1,1,0,0,0,0,0,1,1,0,0,0,0,0,0,0,1,0,0,0,0,0,0,0,0,0,0,0,0,0,0,4,1,40.0443,-75.0541, , 
57938,661813,2012029816,6,67,67301,2012,3,1,404,4,3,1,0,7,4, , ,N,7,0,2,3,0,1,1,1,N,N,39 58:06.224,75 07:44.162,419, ,408, ,0, ,N, ,0, , , , , , , , , ,1,1,0,0,0,0,0,0,0,0,0,0,1,1,0,0,0,0,0,0,0,0,0,0,0,0,0,0,0,0,0,0,0,0,0,8,0,39.9684,-75.129, , 
57939,661818,2012036948,6,67,67301,2012,2,2,1330,13,1,1,0,4,1, , ,N,1,0,0,3,0,1,2,2,N, ,39 54:20.727,75 11:38.377,1334, ,1330, ,0, , , ,0, , , , , , , , , ,2,2,0,0,0,0,0,0,0,0,0,1,1,0,0,0,0,0,0,0,0,0,0,0,0,0,0,0,0,0,0,0,0,0,0,4,0,39.9057,-75.1938, , 
57940,661828,2012047232,6,67,67301,2012,4,1,9999,99,1,1,0,4,1, , ,N,1,2,0,3,0,1,4,2,N, ,39 57:29.039,75 09:56.425,1526, ,1525, ,0, , , ,3, , , , , , , , , ,2,2,0,0,0,0,0,0,0,0,0,0,1,1,0,0,0,0,0,0,0,0,0,0,0,0,0,0,0,0,0,0,0,0,0,8,0,39.9581,-75.1657, , 
57941,661829,2012047302,6,67,67301,2012,4,1,229,2,3,2,1,5,2, , ,N,0,0,0,3,0,0,1,3,N,N,39 58:21.849,75 13:40.476,232, ,229, ,0, ,N, ,0, , , , , , , , , ,3,2,0,0,1,0,0,0,0,0,0,0,0,0,0,0,0,0,0,0,0,0,0,0,0,0,0,0,0,0,0,0,0,0,0,0,0,39.9727,-75.2279, , 
57942,661857,2012020561,6,67,67301,2012,1,1,1532,15,1,1,0,8,1, , ,N,1,3,0,3,0,1,2,2,N, ,39 56:59.866,75 09:46.799,1540, ,1540, ,0, , , ,3, , , , , , , , , ,1,1,0,0,0,0,0,0,0,0,0,1,1,0,1,0,0,0,0,0,0,0,0,0,0,0,0,0,0,0,0,0,1,0,0,4,0,39.95,-75.163, , 
57943,661859,2012027763,6,67,67301,2012,2,4,1550,15,1,1,0,5,1, , ,N,1,0,0,3,0,1,3,2,N,N,39 55:42.954,75 10:07.750,1610, ,1605, ,0, , , ,0, , , , , , , , , ,1,0,0,0,1,0,0,0,1,0,0,0,1,1,0,0,0,0,0,0,1,0,0,2,0,0,0,0,0,0,0,0,0,0,0,8,0,39.9287,-75.1687, , 
57944,661866,2012037385,6,67,67301,2012,3,7,200,2,3,1,0,1,1, , ,N,1,2,0,3,0,3,4,2,N,N,39 57:12.050,75 11:01.905,202, ,202, ,0, ,N, ,3, , , , , , , , , ,2,1,0,0,0,0,1,0,0,0,0,3,3,0,0,0,0,0,0,0,1,0,0,3,0,0,0,0,0,0,0,0,0,0,0,4,0,39.9533,-75.1838, , 
57945,661867,2012038412,6,67,67301,2012,4,6,629,6,1,1,0,7,7, , ,N,7,0,2,3,0,0,1,1,N,N,39 56:54.810,75 11:08.203,641, ,641,1,2,3,Y, ,0,Y, , , , , , , , ,1,0,0,0,0,0,1,0,0,0,0,0,0,0,0,0,0,0,0,0,0,0,0,0,0,0,0,0,0,0,0,0,0,0,0,0,0,39.9486,-75.1856, , 
57946,661876,2012051477,6,67,67301,2012,4,1,305,3,3,2,1,4,6, , ,N,0,0,0,3,0,1,1,3,N,N,40 02:48.854,75 05:20.335,315, ,308, ,0, ,N, ,0, , , , , , , , , ,3,2,0,0,0,0,1,0,0,0,0,0,1,1,0,0,0,0,0,0,0,0,0,0,0,0,0,0,0,0,0,0,0,0,0,8,0,40.0469,-75.089, , 
57947,661887,2012066689,6,67,67301,2012,5,6,1531,15,1,1,0,8,1, , ,N,0,0,0,3,0,1,3,2,N,Y,39 58:12.722,75 08:43.440,1539, ,1537,3,1,3,N, ,0,N, , , , , , , , ,1,1,0,0,0,0,0,0,0,0,1,0,1,0,0,0,0,0,0,0,0,0,0,0,0,0,0,0,0,0,0,0,1,0,0,3,0,39.9702,-75.1454, , 
57948,661952,2012014417,6,67,67301,2012,2,1,1630,16,1,1,0,1,1, , ,N,0,0,0,3,0,2,5,4,N,N,39 57:32.310,75 10:14.143,1639, ,1633,2,1,4,N, ,0,N, , , , , , , , ,4,4,0,0,0,0,0,0,0,0,0,2,2,0,0,0,0,0,0,0,1,1,0,0,0,0,0,0,0,0,0,0,0,0,0,4,0,39.959,-75.1706, , 
57949,661963,2012026276,6,67,67301,2012,1,7,1450,14,1,1,1,2,1, , ,N,1,2,0,3,0,1,2,2,N,N,39 58:31.609,75 07:14.841,1505, ,1501, ,0, ,N, ,3, , , , , , , , , ,2,2,0,0,0,0,0,0,0,0,0,1,1,0,0,0,0,1,0,0,0,0,0,0,0,0,0,0,0,0,0,0,0,0,0,4,0,39.9749,-75.1215, , 
57950,661976,2012041516,6,67,67301,2012,3,1,10,0,3,1,0,7,5, , ,N,1,3,0,3,0,0,1,1,N, ,39 58:28.552,75 13:22.951,28, ,16,2,1,7, , ,3,Y, , , , , , , , ,1,1,0,0,0,0,0,0,0,0,0,0,0,0,1,0,0,0,0,0,0,0,0,0,0,0,0,0,0,0,0,0,0,0,0,9,0,39.9746,-75.223, , 
57951,661977,2012041566,6,67,67301,2012,4,3,9999,99,1,1,0,4,1, , ,N,1,3,0,3,0,1,2,2,N, ,39 58:12.601,75 13:42.801,1055, ,1047, ,0, ,N, ,3, , , , , , , , , ,2,2,0,0,0,0,0,0,0,0,0,0,1,1,0,0,0,0,0,0,0,0,0,0,0,0,0,0,0,0,0,0,0,0,0,8,0,39.9702,-75.2286, , 
57952,662006,2012019947,6,67,67301,2012,1,2,1945,19,3,1,1,4,1, , ,N,1,3,0,3,0,1,3,3,N, ,39 55:11.341,75 09:14.385,1950, ,1945,2,2,2, , ,3,Y, , , , , , , , ,3,2,0,0,0,0,1,0,0,0,0,1,1,0,0,0,0,0,0,0,0,0,0,0,0,0,0,0,0,0,0,0,0,0,0,4,0,39.9198,-75.154, , 
57953,668611,2012034177,6,67,67301,2012,2,7,1148,11,1,1,0,5,1, , ,N,0,0,0,3,0,1,1,4,N,N,39 58:36.116,75 08:09.585,1152, ,1150,2,2,2,N, ,0,N, , , , , , , , ,4,2,0,0,2,0,0,0,0,0,0,0,1,1,0,0,0,0,0,0,0,0,0,0,0,0,0,0,0,0,0,0,0,0,0,8,0,39.9767,-75.136, , 
57954,668621,2012041657,6,67,67301,2012,2,7,2200,22,3,1,0,4,1, , ,N,1,2,0,3,0,1,3,2,N,N,39 55:12.734,75 13:48.680,2208, ,2208, ,0, ,N, ,3, , , , , , , , , ,2,1,0,0,1,0,0,0,0,0,0,0,1,1,0,0,0,0,0,0,0,0,1,0,0,0,0,0,0,0,0,0,0,0,0,8,0,39.9202,-75.2302, , 
57955,668623,2012042097,6,67,67301,2012,3,1,1425,14,1,1,0,8,1, , ,N,0,0,0,3,0,1,2,2,N,N,40 00:24.778,75 08:23.481,9999, ,9999, ,0, ,N, ,0, , , , , , , , , ,1,1,0,0,0,0,0,0,0,0,1,0,1,0,0,0,0,0,0,0,0,0,0,0,0,0,0,0,0,0,0,0,1,0,0,3,0,40.0069,-75.1399, , 
57956,668631,2012048324,6,67,67301,2012,4,1,1010,10,1,2,1,4,1, , ,N,1,3,0,3,0,0,3,2,N,N,39 57:18.652,75 13:33.142,1025, ,1018, ,0, ,N, ,3, , , , , , , , , ,2,2,0,0,0,0,0,0,0,0,0,0,0,0,1,0,0,0,0,0,0,0,0,0,0,0,0,0,0,0,0,0,0,0,0,9,0,39.9552,-75.2259, , 
57957,668640,2012010378,6,67,67301,2012,1,7,405,4,3,4,3,7,4, , ,N,0,0,0,3,0,1,1,1,N,N,39 55:50.268,75 08:44.730,409, ,409, ,0, ,N, ,0, , , , , , , , , ,1,0,0,0,0,0,0,1,0,0,0,1,1,0,0,0,0,0,1,0,0,0,0,1,0,0,0,0,0,0,0,0,0,0,0,4,0,39.9305,-75.1458, , 
57958,668651,2012020408,6,67,67301,2012,1,1,2319,23,3,4,5,4,1, , ,N,1,2,0,3,0,0,2,2,N,N,39 57:03.858,75 09:56.243,2323, ,2320, ,0, ,N, ,3, , , , , , , , , ,2,2,0,0,0,0,0,0,0,0,0,0,0,0,0,0,0,1,0,0,0,0,0,0,0,0,0,0,0,0,0,0,0,0,0,0,0,39.9511,-75.1656, , 
57959,668685,2012012629,6,67,67301,2012,1,6,750,7,1,1,0,4,1, , ,N,1,3,0,3,0,2,2,2,N, ,40 02:44.066,75 05:42.550,752, ,750,2,2,2, , ,3,Y, , , , , , , , ,2,0,0,0,0,0,2,0,0,0,0,2,2,0,0,0,0,0,0,0,0,0,0,0,0,0,0,0,0,0,0,0,0,0,0,4,0,40.0456,-75.0952, , 
57960,668718,2012041689,6,67,67301,2012,4,3,1250,12,1,1,0,7,2, , ,N,1,0,0,3,0,1,1,1,N, ,40 02:34.004,75 06:48.689,1300, ,1258, ,0, , , ,0, , , , , , , , , ,1,0,1,0,0,0,0,0,0,0,0,1,1,0,0,0,0,0,0,0,0,0,0,0,0,0,0,0,0,0,0,0,0,0,0,4,0,40.0427,-75.1136, , 
57961,668741,2012015378,6,67,67301,2012,1,6,1541,15,1,1,0,4,1, , ,N,1,3,0,3,0,1,2,2,N,N,40 01:22.525,75 09:47.379,1547, ,1544,1,1,5, , ,3,Y, , , , , , , , ,2,1,0,0,0,0,1,0,0,0,0,0,1,1,0,0,0,0,0,0,0,1,0,1,0,0,0,0,0,0,0,0,0,0,0,8,0,40.0229,-75.1632, , 
57962,668752,2012026190,6,67,67301,2012,2,2,834,8,1,1,0,4,1, , ,N,2,3,0,3,0,0,4,2,N,N,39 57:27.885,75 12:47.494,850, ,840, ,0, ,N, ,3, , , , , , , , , ,2,0,0,0,1,0,1,0,0,0,0,0,0,0,0,0,0,0,0,0,0,0,0,0,0,0,0,0,0,0,0,0,0,0,0,0,0,39.9577,-75.2132, , 
57963,668770,2012042575,6,67,67301,2012,3,2,9999,99,1,1,0,4,1, , ,N,2,2,0,3,0,3,5,2,N,N,40 02:12.512,75 03:44.536,939, ,938,1,1,1,N, ,3,N, , , , , , , , ,2,1,0,1,0,0,0,0,0,0,0,3,3,0,0,0,0,0,0,0,0,0,0,0,0,0,0,0,0,0,0,0,0,0,0,4,1,40.0368,-75.0624, , 
57964,668771,2012042579,6,67,67301,2012,3,6,2130,21,3,1,0,4,1, , ,N,1,2,0,3,0,2,3,2,N,N,40 02:50.960,75 08:34.014,2350, ,2130, ,0, ,N, ,3, , , , , , , , , ,2,1,0,0,0,0,1,0,0,0,0,1,2,1,0,0,0,0,0,0,1,0,0,0,0,0,0,0,0,0,0,0,0,0,0,4,0,40.0475,-75.1428, , 
57965,668775,2012048174,6,67,67301,2012,4,2,600,6,1,1,0,4,2, , ,N,0,0,0,3,0,1,1,2,N,N,40 02:12.026,75 05:13.754,615, ,608, ,0, , , ,0, , , , , , , , , ,2,0,0,0,1,0,1,0,0,0,0,1,1,0,0,0,0,0,0,0,0,0,0,0,0,0,0,0,0,0,0,0,0,0,0,4,0,40.0367,-75.0872, , 
57966,668796,2012015519,6,67,67301,2012,1,1,1200,12,1,1,0,7,2, , ,N,0,0,0,3,0,0,1,2,N,N,39 59:25.926,75 07:42.851,1205, ,1204, ,0, ,N, ,0, , , , , , , , , ,2,1,0,0,0,0,1,0,0,0,0,0,0,0,0,0,0,0,0,1,0,0,0,0,0,0,0,0,0,0,0,0,0,0,0,0,0,39.9905,-75.1286, , 
57967,668821,2012037228,6,67,67301,2012,3,6,1040,10,1,1,0,1,1, , ,N,0,0,0,3,0,0,2,2,N,N,39 57:35.547,75 10:40.102,1046, ,1046,1,1,4,N, ,0,N, , , , , , , , ,2,1,0,0,1,0,0,0,0,0,0,0,0,0,0,0,0,0,0,0,0,0,0,0,0,0,0,0,0,0,0,0,0,0,0,0,1,39.9599,-75.1778, , 
57968,668834,2012015427,6,67,67301,2012,1,3,1335,13,1,1,0,5,1, , ,N,2,0,0,3,0,1,2,2,N,N,40 01:02.395,75 11:05.708,1343, ,1339, ,0, , , ,0, , , , , , , , , ,2,1,0,0,1,0,0,0,0,0,0,1,1,0,0,0,0,0,0,0,0,0,0,0,0,0,0,0,0,0,0,0,0,0,0,4,0,40.0173,-75.1849, , 
57969,668849,2012033135,6,67,67301,2012,3,4,2223,22,3,1,0,1,1, , ,N,0,0,0,3,0,1,5,4,N,N,39 59:58.494,75 11:42.470,2235, ,2234,1,2,4,N, ,0,N, , , , , , , , ,4,2,0,0,0,0,2,0,0,0,0,1,1,0,0,0,0,0,0,0,0,1,0,0,0,0,0,0,0,0,0,0,0,0,0,4,0,39.9996,-75.1951, , 
57970,668864,2012047186,6,67,67301,2012,4,1,0,0,3,1,0,6,1, , ,N,1,2,0,3,0,1,2,2,N,N,40 01:00.708,75 08:58.113,6, ,4,1,1,1,N, ,2,N, , , , , , , , ,2,1,0,0,0,0,1,0,0,0,0,1,1,0,0,0,0,0,0,0,0,0,0,0,0,0,0,0,0,0,0,0,0,0,0,4,0,40.0169,-75.1495, , 
57971,665716,2012034786,6,67,67301,2012,3,5,1300,13,1,1,0,1,1, , ,N,2,4,7,3,0,1,2,2,N,N,39 53:31.099,75 14:30.235,1402, ,1356, ,0, ,N, ,3, , , , , , , , , ,2,1,0,0,0,0,1,0,0,0,0,1,1,0,0,0,0,0,0,0,0,0,0,0,0,0,0,0,0,0,0,0,0,0,0,4,0,39.8919,-75.2419, , 
57972,665720,2012042146,6,67,67301,2012,3,5,920,9,1,1,0,7,3, , ,N,0,0,0,3,0,1,1,1,N,N,40 01:10.612,75 08:50.916,923, ,921,1,1,2,N, ,0,N, , , , , , , , ,1,1,0,0,0,0,0,0,0,0,0,1,1,0,0,0,0,0,0,1,0,0,0,0,0,0,0,0,0,0,0,0,0,0,0,4,0,40.0196,-75.1475, , 
57973,665722,2012044218,6,67,67301,2012,4,6,1438,14,1,1,0,1,1, , ,N,0,0,0,3,0,0,3,2,N,N,39 59:53.351,75 11:44.690,1453, ,1453, ,0, ,N, ,0, , , , , , , , , ,2,0,0,0,0,0,2,0,0,0,0,0,0,0,0,0,0,0,0,1,0,0,0,0,0,0,0,0,0,0,0,0,0,0,0,0,0,39.9982,-75.1957, , 
57974,665730,2012050212,6,67,67301,2012,4,7,302,3,3,1,0,7,5, , ,N,0,0,0,3,0,0,1,1,N,N,40 01:45.097,75 11:23.523,309, ,307, ,0, , , ,0, , , , , , , , , ,1,1,0,0,0,0,0,0,0,0,0,0,0,0,0,0,0,0,0,0,0,0,0,0,0,0,0,0,0,0,0,0,0,0,0,0,0,40.0292,-75.1899, , 
57975,665740,2012068719,6,67,67301,2012,6,1,1556,15,1,1,0,4,1, , ,N,2,2,0,3,0,1,2,2,N, ,40 01:14.225,75 08:55.554,1640, ,1640, ,0, , , ,3, , , , , , , , , ,2,2,0,0,0,0,0,0,0,0,0,0,1,1,0,0,0,0,0,0,0,0,0,0,0,0,0,0,0,0,0,0,0,0,0,8,0,40.0208,-75.1486, , 
57976,665760,2012018934,6,67,67301,2012,2,5,253,2,3,1,0,7,2, , ,N,0,0,0,3,0,1,1,1,N,N,39 53:55.634,75 10:48.582,300, ,255,1,1,2,N, ,0,N, , , , , , , , ,1,1,0,0,0,0,0,0,0,1,0,0,1,0,0,0,0,0,0,0,0,0,0,0,0,0,0,1,0,0,0,0,0,0,0,2,0,39.8988,-75.1801, , 
57977,665762,2012020644,6,67,67301,2012,2,7,1206,12,1,1,1,4,1, , ,N,1,2,0,3,0,1,2,2,N,N,40 00:04.340,75 13:35.009,1206, ,1206, ,0, ,N, ,3, , , , , , , , , ,2,2,0,0,0,0,0,0,0,0,0,0,1,1,0,0,0,0,0,0,0,0,0,0,0,0,0,0,0,0,0,0,0,0,0,8,0,40.0012,-75.2264, , 
57978,665775,2012041573,6,67,67301,2012,4,3,754,7,1,1,0,4,1, , ,N,1,2,0,3,0,1,2,2,N,N,39 58:23.647,75 12:44.071,809, ,756, ,0, ,N, ,3, , , , , , , , , ,2,1,0,0,1,0,0,0,0,0,0,0,1,1,0,0,0,0,0,0,1,0,0,0,0,0,0,0,0,0,0,0,0,0,0,8,0,39.9732,-75.2121, , 
57979,665781,2012048892,6,67,67301,2012,4,1,245,2,3,2,1,7,2, , ,N,0,8,0,3,0,1,1,1,N,N,40 00:58.161,75 12:14.106,255, ,250, ,0, ,N, ,3, , , , , , , , , ,1,0,0,0,0,0,0,1,0,0,0,1,1,0,0,0,0,0,0,0,0,0,0,0,0,0,0,0,0,0,0,0,0,0,0,4,0,40.0162,-75.2039, , 
57980,665784,2012056523,6,67,67301,2012,4,1,2018,20,1,1,0,6,1, , ,N,2,0,0,3,0,1,2,2,N,N,39 58:35.579,75 14:04.171,2024, ,2020, ,0, ,N, ,0, , , , , , , , , ,2,2,0,0,0,0,0,0,0,0,1,0,1,0,0,0,0,0,0,0,0,0,0,0,0,0,0,0,0,0,0,0,0,0,0,3,0,39.9765,-75.2345, , 
57981,665792,2012066742,6,67,67301,2012,6,6,910,9,1,1,0,4,1, , ,N,1,3,0,3,0,0,2,2,N,N,40 01:00.855,75 04:18.545,936, ,931, ,0, ,N, ,3, , , , , , , , , ,2,1,0,0,0,0,1,0,0,0,0,0,0,0,0,0,0,0,0,0,1,0,1,0,0,0,0,0,0,0,0,0,0,0,0,0,0,40.0169,-75.0718, , 