objectid_1,objectid,crn,district,county,municipality,crash_year,crash_month,day_of_week,time_of_day,hour_of_day,illumination,weather,road_condition,collision_type,relation_to_road,work_zone_type,work_zone_loc,work_zone_ind,intersect_type,tcd_type,location_type,urban_rural,fatal_count,injury_count,person_count,total_units,sch_bus_ind,sch_zone_ind,latitude,longitude,arrival_tm,cons_zone_spd_lim,dispatch_tm,est_hrs_closed,lane_closed,ln_close_dir,ntfy_hiwy_maint,spec_juris_cd,tcd_func_cd,tfc_detour_ind,workers_pres,wz_close_detour,wz_flagger,wz_law_offcr_ind,wz_ln_closure,wz_moving,wz_other,wz_shlder_mdn,vehicle_count,automobile_count,motorcycle_count,bus_count,small_truck_count,heavy_truck_count,suv_count,van_count,bicycle_count,maj_inj_count,mod_inj_count,min_inj_count,tot_inj_count,unk_inj_deg_count,unk_inj_per_count,driver_count_16yr,driver_count_17yr,driver_count_18yr,driver_count_19yr,driver_count_20yr,driver_count_50_64yr,driver_count_65_74yr,driver_count_75plus,unbelted_occ_count,unb_death_count,unb_maj_inj_count,belted_death_count,belted_maj_inj_count,mcycle_death_count,mcycle_maj_inj_count,bicycle_death_count,bicycle_maj_inj_count,ped_count,ped_death_count,ped_maj_inj_count,max_severity_level,comm_veh_count,dec_lat,dec_long,rdwy_surf_type_cd,county_name
58049,665957,2012020551,6,67,67301,2012,2,5,1613,16,1,1,0,8,1, , ,N,3,2,6,3,0,1,2,2,N,N,39 58:20.609,75 13:02.568,1620, ,1615, ,0, , , ,3, , , , , , , , , ,1,1,0,0,0,0,0,0,0,0,0,0,1,1,0,0,0,0,0,0,0,0,0,0,0,0,0,0,0,0,0,0,1,0,0,8,0,39.9724,-75.2174, , 
58050,665968,2012041732,6,67,67301,2012,3,6,1848,18,1,1,0,8,1, , ,N,0,0,0,3,0,1,2,2,N,N,40 01:10.578,75 04:07.413,1854, ,1852, ,0, ,N, ,0, , , , , , , , , ,1,0,0,0,0,0,0,1,0,0,0,1,1,0,0,0,0,0,0,1,0,0,0,0,0,0,0,0,0,0,0,0,1,0,0,4,0,40.0196,-75.0687, , 
58051,665985,2012066696,6,67,67301,2012,6,1,1901,19,1,1,0,4,1, , ,N,1,2,0,3,0,1,3,2,N,N,39 55:22.764,75 11:18.725,1903, ,1901, ,0, ,N, ,3, , , , , , , , , ,2,0,0,0,0,0,1,1,0,0,0,1,1,0,0,0,0,0,0,0,1,0,0,0,0,0,0,0,0,0,0,0,0,0,0,4,0,39.923,-75.1885, , 
58052,666000,2012020559,6,67,67301,2012,1,6,900,9,1,1,0,8,1, , ,N,1,3,0,3,0,1,2,2,N, ,40 03:51.987,75 01:45.393,920, ,905, ,0, , , ,3, , , , , , , , , ,1,0,0,0,0,0,1,0,0,0,0,1,1,0,0,0,0,0,0,0,0,0,0,0,0,0,0,0,0,0,0,0,1,0,0,4,0,40.0644,-75.0293, , 
58053,666013,2012034794,6,67,67301,2012,3,7,1028,10,1,1,0,4,1, , ,N,1,2,0,3,0,0,2,2,N,N,40 01:59.691,75 02:15.936,1033, ,1030, ,0, ,N, ,3, , , , , , , , , ,2,1,0,0,0,0,1,0,0,0,0,0,0,0,0,0,0,0,0,1,0,0,0,0,0,0,0,0,0,0,0,0,0,0,0,0,0,40.0332,-75.0378, , 
58054,666018,2012048249,6,67,67301,2012,4,2,657,6,1,1,0,1,1, , ,N,0,0,0,3,0,3,3,3,N,N,39 55:16.585,75 11:32.706,720, ,713, ,0, ,N, ,0, , , , , , , , , ,3,1,0,0,1,1,0,0,0,0,0,3,3,0,0,0,0,0,0,0,1,0,1,0,0,0,0,0,0,0,0,0,0,0,0,4,0,39.9213,-75.1924, , 
58055,666069,2012045283,6,67,67301,2012,5,7,715,7,1,1,0,7,2, , ,N,0,0,0,3,0,0,1,1,N,N,39 58:02.497,75 07:56.553,720, ,718, ,0, ,N, ,0, , , , , , , , , ,1,1,0,0,0,0,0,0,0,0,0,0,0,0,0,0,0,0,0,0,0,0,0,0,0,0,0,0,0,0,0,0,0,0,0,0,0,39.9673,-75.1325, , 
58056,666074,2012049814,6,67,67301,2012,4,6,955,9,1,1,0,4,2, , ,N,0,0,0,3,0,0,1,2,N,Y,40 04:28.565,75 04:43.447,1023, ,959, ,0, ,N, ,0, , , , , , , , , ,2,1,0,0,0,0,0,1,0,0,0,0,0,0,0,0,0,0,0,0,0,0,0,0,0,0,0,0,0,0,0,0,0,0,0,0,0,40.0746,-75.0787, , 
58057,666080,2012056650,6,67,67301,2012,5,5,1847,18,1,1,0,8,1, , ,N,0,0,0,3,0,1,2,2,N,N,40 00:15.919,75 10:29.344,1847, ,1847, ,0, ,N, ,0, , , , , , , , , ,1,1,0,0,0,0,0,0,0,0,0,0,1,1,0,0,0,0,0,0,0,0,0,0,0,0,0,0,0,0,0,0,1,0,0,8,0,40.0044,-75.1748, , 
58058,666105,2012035141,6,67,67301,2012,3,2,750,7,1,1,0,1,1, , ,N,9,5,0,3,0,1,2,2,N,N,40 07:39.036,75 01:19.232,755, ,752, ,0, ,N, ,3, , , , , , , , , ,2,2,0,0,0,0,0,0,0,0,0,1,1,0,0,0,0,0,0,0,0,0,0,0,0,0,0,0,0,0,0,0,0,0,0,4,0,40.1275,-75.022, , 
58059,666107,2012037703,6,67,67301,2012,2,1,825,8,1,1,0,4,1, , ,N,1,2,0,3,0,0,2,2,N,N,40 01:12.877,75 06:50.707,911, ,910, ,0, ,N, ,3, , , , , , , , , ,2,1,0,0,0,1,0,0,0,0,0,0,0,0,0,0,0,0,0,0,0,0,0,0,0,0,0,0,0,0,0,0,0,0,0,0,1,40.0202,-75.1141, , 
58060,666127,2012068725,6,67,67301,2012,6,7,1409,14,1,1,0,4,1, , ,N,5,2,0,3,0,1,2,2,N, ,40 00:01.004,75 06:23.097,1411, ,1410, ,0, , , ,3, , , , , , , , , ,2,0,1,0,0,0,1,0,0,0,0,0,1,1,0,0,0,1,0,0,0,0,0,0,0,0,0,0,0,0,0,0,0,0,0,8,0,40.0003,-75.1064, , 
58061,666143,2012017952,6,67,67301,2012,1,5,9999,99,3,2,1,8,1, , ,N,0,2,0,3,0,1,2,2,N,N,39 59:33.460,75 08:38.371,1900, ,1844, ,0, , , ,3, , , , , , , , , ,1,0,0,0,0,0,0,1,0,0,1,0,1,0,1,0,0,0,0,0,0,0,0,1,0,0,0,0,0,0,0,0,1,0,0,3,0,39.9926,-75.144, , 
58062,666145,2012019941,6,67,67301,2012,1,1,540,5,3,1,0,1,1, , ,N,0,0,0,3,0,0,1,4,N,N,40 02:30.868,75 00:45.456,550, ,542, ,0, , , ,0, , , , , , , , , ,4,4,0,0,0,0,0,0,0,0,0,0,0,0,0,0,0,0,0,1,0,0,0,0,0,0,0,0,0,0,0,0,0,0,0,0,0,40.0419,-75.0127, , 
58063,659043,2012078554,6,67,67301,2012,6,5,1420,14,1,1,0,1,1, , ,N,0,2,0,3,0,2,5,3,N,N,39 58:48.945,75 09:28.511,1430, ,1430, ,0, ,N, ,3, , , , , , , , , ,3,2,0,0,0,0,0,1,0,0,0,0,2,2,1,0,0,1,0,0,0,1,0,0,0,0,0,0,0,0,0,0,0,0,0,8,0,39.9803,-75.1579, , 
58064,659060,2012020601,6,67,67301,2012,1,5,1430,14,1,1,0,6,6, , ,N,0,0,0,3,0,1,2,2,N, ,39 59:25.180,75 08:52.116,9999, ,1430, ,0, , , ,0, , , , , , , , , ,2,1,0,0,1,0,0,0,0,0,0,1,1,0,0,0,0,0,0,0,0,0,0,0,0,0,0,0,0,0,0,0,0,0,0,4,0,39.9903,-75.1478, , 
58065,659069,2012032511,6,67,67301,2012,2,1,1423,14,1,1,0,8,1, , ,N,0,0,0,3,0,1,6,2,N, ,39 57:14.879,75 11:24.559,1425, ,1424, ,0, , , ,0, , , , , , , , , ,1,1,0,0,0,0,0,0,1,0,0,0,1,1,0,0,0,0,0,0,0,0,0,0,0,0,0,0,0,0,0,0,0,0,0,8,0,39.9541,-75.1902, , 
58066,659080,2012051933,6,67,67301,2012,5,1,230,2,3,1,0,4,5, , ,N,0,0,0,3,0,0,2,3,N,N,39 57:29.192,75 08:32.028,242, ,240, ,0, ,N, ,0, , , , , , , , , ,3,2,0,0,0,0,1,0,0,0,0,0,0,0,2,0,0,0,0,0,0,0,0,0,0,0,0,0,0,0,0,0,0,0,0,9,0,39.9581,-75.1422, , 
58067,659111,2012032591,6,67,67301,2012,2,7,535,5,3,8,0,7,3, , ,N,0,0,6,3,0,1,1,1,N,N,40 01:44.754,75 06:24.326,550, ,539,3,2,1,N, ,0,Y, , , , , , , , ,1,0,1,0,0,0,0,0,0,0,0,1,1,0,0,0,0,0,0,0,0,0,0,0,0,0,0,0,0,0,0,0,0,0,0,4,0,40.0291,-75.1068, , 
58068,659112,2012032663,6,67,67301,2012,2,6,130,1,3,1,1,1,1, , ,N,0,0,0,3,0,1,2,4,N,N,39 57:07.125,75 14:27.046,135, ,133,3,2,2,N, ,0,Y, , , , , , , , ,4,3,0,0,0,0,1,0,0,0,0,1,1,0,1,0,0,0,0,0,0,0,0,0,0,0,0,0,0,0,0,0,0,0,0,4,0,39.952,-75.2408, , 
58069,659119,2012047087,6,67,67301,2012,4,7,2203,22,3,1,0,4,1, , ,N,0,0,0,3,0,0,5,4,N,N,39 57:27.131,75 13:03.144,2206, ,2206,2,1,3,N, ,0,N, , , , , , , , ,4,3,0,0,0,0,0,1,0,0,0,0,0,0,3,0,0,0,0,0,0,0,0,0,0,0,0,0,0,0,0,0,0,0,0,9,0,39.9575,-75.2176, , 
58070,659121,2012049770,6,67,67301,2012,4,1,1136,11,1,2,1,7,5, , ,N,0,0,0,3,0,0,1,1,N,N,40 05:10.885,75 02:04.603,1138, ,1136, ,0, ,N, ,0, , , , , , , , , ,1,1,0,0,0,0,0,0,0,0,0,0,0,0,1,0,0,0,0,0,0,0,0,0,0,0,0,0,0,0,0,0,0,0,0,9,0,40.0864,-75.0346, , 
58071,659137,2012066451,6,67,67301,2012,6,3,1123,11,1,1,0,7,2, , ,N,2,2,0,3,0,0,1,1,N, ,40 05:38.626,74 59:20.907,1129, ,1125, ,0, , , ,3, , , , , , , , , ,1,0,0,0,1,0,0,0,0,0,0,0,0,0,0,0,0,0,0,0,0,0,0,0,0,0,0,0,0,0,0,0,0,0,0,0,0,40.0941,-74.9891, , 
58072,659148,2012011822,6,67,67301,2012,1,1,124,1,3,1,0,1,2, , ,N,0,0,0,3,0,0,2,2,N,N,39 53:31.732,75 14:08.824,127, ,127,1,2,1,N, ,0,N, , , , , , , , ,2,1,0,0,0,0,1,0,0,0,0,0,0,0,0,0,0,0,0,0,0,0,0,2,0,0,0,0,0,0,0,0,0,0,0,0,0,39.8921,-75.2358, , 
58073,659174,2012036640,6,67,67301,2012,4,3,735,7,1,1,0,7,5, , ,N,0,0,0,3,0,0,1,1,N,N,39 55:42.615,75 11:47.711,748, ,739,1,1,3,N, ,0,N, , , , , , , , ,1,0,0,0,0,0,1,0,0,0,0,0,0,0,0,0,0,0,0,0,1,0,0,0,0,0,0,0,0,0,0,0,0,0,0,0,0,39.9285,-75.1966, , 
58074,659183,2012047254,6,67,67301,2012,4,3,1425,14,1,1,0,4,6, , ,N,0,0,0,3,0,1,1,3,N, ,40 01:33.511,75 07:08.601,1450, ,1436, ,0, , , ,0, , , , , , , , , ,2,0,1,0,0,0,0,1,0,0,0,1,1,0,0,0,0,0,0,0,1,0,0,0,0,0,0,0,0,0,0,0,0,0,0,4,0,40.0259,-75.1193, , 
58075,659185,2012049839,6,67,67301,2012,4,6,245,2,3,1,0,4,1, , ,N,1,2,0,3,0,1,4,2,N,N,39 57:08.787,75 14:34.029,251, ,250, ,0, ,N, ,3, , , , , , , , , ,2,2,0,0,0,0,0,0,0,0,0,1,1,0,0,0,0,0,0,0,1,0,0,4,0,0,0,0,0,0,0,0,0,0,0,4,0,39.9524,-75.2428, , 
58076,659203,2012021387,6,67,67301,2012,1,3,1524,15,1,1,1,1,1, , ,N,1,2,0,3,0,2,4,3,N,N,40 01:40.946,75 06:36.204,1530, ,1525,1,1,2,N, ,3,N, , , , , , , , ,3,2,0,0,0,0,0,1,0,0,0,2,2,0,0,0,0,0,0,0,1,0,0,0,0,0,0,0,0,0,0,0,0,0,0,4,0,40.0283,-75.1098, , 
58077,659211,2012032628,6,67,67301,2012,2,4,0,0,3,1,0,4,1, , ,N,2,0,0,3,0,2,3,2,N,N,40 01:01.333,75 09:16.030,10, ,3, ,0, , , ,0, , , , , , , , , ,2,0,0,0,1,0,0,1,0,0,0,1,2,1,0,0,0,0,0,0,0,0,0,2,0,0,0,0,0,0,0,0,0,0,0,4,0,40.0172,-75.1546, , 
58078,659217,2012041512,6,67,67301,2012,3,2,10,0,3,1,0,4,1, , ,N,1,3,0,3,0,3,4,3,N,N,40 01:52.345,75 13:13.619,32, ,29,2,2,6,N, ,3,Y, , , , , , , , ,3,3,0,0,0,0,0,0,0,0,0,0,3,3,0,0,0,0,0,0,0,0,0,0,0,0,0,0,0,0,0,0,0,0,0,8,0,40.0312,-75.2204, , 
58079,659228,2012056581,6,67,67301,2012,5,1,1936,19,1,1,0,4,1, , ,N,1,2,0,3,0,0,4,2,N,N,40 04:15.211,75 02:57.868,1940, ,1938, ,0, ,N, ,3, , , , , , , , , ,2,2,0,0,0,0,0,0,0,0,0,0,0,0,0,0,0,0,0,0,0,0,0,0,0,0,0,0,0,0,0,0,0,0,0,0,0,40.0709,-75.0494, , 
58080,659229,2012056624,6,67,67301,2012,5,2,943,9,1,1,0,1,1, , ,N,0,0,0,3,0,0,3,3,N,N,40 01:40.446,75 05:56.566,951, ,944,1,1,2,N, ,0,N, , , , , , , , ,3,2,0,0,0,0,0,0,0,0,0,0,0,0,0,0,0,0,0,0,0,0,0,0,0,0,0,0,0,0,0,0,0,0,0,0,0,40.0279,-75.099, , 
58081,659231,2012058150,6,67,67301,2012,4,7,1740,17,1,1,0,1,1, , ,N,0,0,0,3,0,0,5,2,N,N,39 58:14.471,75 11:34.651,1750, ,1741, ,0, ,N, ,0, , , , , , , , , ,2,1,0,0,1,0,0,0,0,0,0,0,0,0,0,0,0,0,0,0,2,0,0,0,0,0,0,0,0,0,0,0,0,0,0,0,0,39.9707,-75.193, , 
58082,662299,2012032602,6,67,67301,2012,2,4,812,8,3,1,0,4,1, , ,N,1,3,0,3,0,1,2,3,N,N,39 57:48.060,75 09:46.616,830, ,816, ,0, ,N, ,3, , , , , , , , , ,3,1,0,0,0,0,2,0,0,0,0,1,1,0,0,0,0,0,0,0,0,0,0,0,0,0,0,0,0,0,0,0,0,0,0,4,0,39.9634,-75.1629, , 
58083,662301,2012034806,6,67,67301,2012,3,6,1515,15,1,1,0,7,2, , ,N,2,3,0,3,0,1,2,1,N,N,40 01:49.123,75 10:24.635,1642, ,1642, ,0, ,N, ,3, , , , , , , , , ,1,0,0,0,1,0,0,0,0,0,0,0,1,1,0,0,0,0,0,0,0,0,0,0,0,0,0,0,0,0,0,0,0,0,0,8,0,40.0303,-75.1735, , 
58084,662307,2012041562,6,67,67301,2012,3,7,1354,13,1,1,0,4,1, , ,N,1,2,0,3,0,1,2,2,N,N,39 57:16.503,75 10:22.776,1354, ,1354, ,0, ,N, ,3, , , , , , , , , ,1,1,0,0,0,0,0,0,1,0,0,1,1,0,0,0,0,0,0,0,0,1,0,0,0,0,0,0,0,0,0,0,0,0,0,4,0,39.9546,-75.173, , 
58085,662312,2012047303,6,67,67301,2012,4,1,1746,17,1,2,1,4,1, , ,N,1,3,0,3,0,3,5,3,N,N,40 00:53.607,75 06:33.559,1808, ,1802,1,1,3,N, ,3,N, , , , , , , , ,3,1,0,0,0,0,0,2,0,0,0,1,3,2,0,0,0,0,0,0,0,0,0,0,0,0,0,0,0,0,0,0,0,0,0,4,0,40.0149,-75.1093, , 
58086,662313,2012048175,6,67,67301,2012,4,5,1300,13,1,1,0,4,2, , ,N,0,0,0,3,0,1,1,2,N, ,39 57:50.569,75 09:47.602,1311, ,1310, ,0, , , ,0, , , , , , , , , ,2,1,1,0,0,0,0,0,0,0,1,0,1,0,0,0,0,0,0,0,0,0,0,0,0,0,0,0,0,0,0,0,0,0,0,3,0,39.964,-75.1632, , 
58087,662360,2012066727,6,67,67301,2012,6,3,2145,21,3,2,1,4,1, , ,N,2,3,0,3,0,0,2,2,N,N,39 58:40.436,75 12:21.801,10, ,2353, ,0, ,N, ,3, , , , , , , , , ,2,2,0,0,0,0,0,0,0,0,0,0,0,0,0,0,0,0,0,0,0,0,0,0,0,0,0,0,0,0,0,0,0,0,0,0,0,39.9779,-75.2061, , 
58088,662363,2012068955,6,67,67301,2012,6,5,1600,16,1,1,0,4,1, , ,N,1,2,0,3,0,0,2,2,N,N,40 00:42.859,75 05:51.842,1605, ,1603, ,0, ,N, ,3, , , , , , , , , ,2,1,0,0,0,0,0,1,0,0,0,0,0,0,0,0,0,0,0,0,0,0,0,0,0,0,0,0,0,0,0,0,0,0,0,0,0,40.0118,-75.0978, , 
58089,662382,2012010748,6,67,67301,2012,1,4,2136,21,3,2,7,7,2, , ,N,0,0,0,3,0,1,1,1,N,N,39 57:28.527,75 08:28.588,2151, ,2138, ,0, ,N, ,0, , , , , , , , , ,1,1,0,0,0,0,0,0,0,0,0,0,1,1,0,0,0,0,0,0,0,0,0,0,0,0,0,0,0,0,0,0,0,0,0,8,0,39.9581,-75.1412, , 
58090,662403,2012035826,6,67,67301,2012,4,6,0,0,3,1,0,5,1, , ,N,0,0,0,3,0,1,1,2,N,N,39 56:53.065,75 08:31.651,3, ,2, ,0, ,N, ,0, , , , , , , , , ,2,0,1,0,1,0,0,0,0,0,0,1,1,0,0,0,0,0,0,0,0,0,0,0,0,0,0,0,0,0,0,0,0,0,0,4,0,39.9481,-75.1421, , 
58091,662428,2012017925,6,67,67301,2012,1,3,1440,14,1,1,1,5,1, , ,N,0,0,0,3,0,1,2,2,N,N,39 57:22.800,75 13:13.477,1628, ,1624, ,0, ,N, ,0, , , , , , , , , ,2,2,0,0,0,0,0,0,0,0,0,1,1,0,0,0,0,0,0,0,0,0,0,0,0,0,0,0,0,0,0,0,0,0,0,4,0,39.9563,-75.2204, , 
58092,662435,2012027771,6,67,67301,2012,2,4,2005,20,3,2,1,1,1, , ,N,5,0,0,3,0,2,4,2,N, ,40 00:11.393,75 09:08.837,2005, ,2010, ,0, , , ,0, , , , , , , , , ,2,1,0,0,0,0,1,0,0,0,0,2,2,0,0,0,0,0,0,0,0,0,0,0,0,0,0,0,0,0,0,0,0,0,0,4,0,40.0032,-75.1525, , 
58093,662442,2012042583,6,67,67301,2012,3,5,800,8,1,5,0,8,1, , ,N,1,3,0,3,0,1,2,2,N, ,39 57:53.470,75 09:31.186,915, ,912, ,0, , , ,3, , , , , , , , , ,1,1,0,0,0,0,0,0,0,0,0,1,1,0,0,0,0,0,0,0,0,0,0,0,0,0,0,0,0,0,0,0,1,0,0,4,0,39.9649,-75.1587, , 
58094,662455,2012056569,6,67,67301,2012,4,7,205,2,3,1,0,4,1, , ,N,0,0,0,3,0,1,3,2,N,N,39 58:07.525,75 08:08.689,212, ,210, ,0, ,N, ,0, , , , , , , , , ,2,2,0,0,0,0,0,0,0,0,0,1,1,0,0,0,0,0,0,0,1,0,0,0,0,0,0,0,0,0,0,0,0,0,0,4,0,39.9688,-75.1362, , 
58095,662481,2012017864,6,67,67301,2012,1,5,1840,18,3,1,0,1,1, , ,N,0,0,0,3,0,2,3,3,N,N,40 06:39.056,75 00:12.733,1857, ,1854,2,2,4,N, ,0,Y, , , , , , , , ,3,3,0,0,0,0,0,0,0,0,0,0,2,2,0,0,0,0,0,0,0,0,0,0,0,0,0,0,0,0,0,0,0,0,0,8,0,40.1108,-75.0035, , 
58096,662482,2012017893,6,67,67301,2012,1,5,1209,12,1,1,0,1,1, , ,N,0,2,0,3,0,1,2,2,N, ,40 04:27.119,75 02:06.757,1209, ,1209,1,1,2, , ,3,N, , , , , , , , ,2,1,0,0,1,0,0,0,0,0,0,1,1,0,0,0,0,0,1,0,0,0,0,0,0,0,0,0,0,0,0,0,0,0,0,4,0,40.0742,-75.0352, , 
58097,662484,2012020530,6,67,67301,2012,1,4,927,9,1,1,0,4,1, , ,N,1,2,0,3,0,1,3,2,N,N,39 54:12.423,75 14:35.429,958, ,955,9,1,1,N, ,3,N, , , , , , , , ,2,2,0,0,0,0,0,0,0,0,0,1,1,0,0,0,0,0,0,0,1,0,1,0,0,0,0,0,0,0,0,0,0,0,0,4,0,39.9035,-75.2432, , 
58098,662495,2012036858,6,67,67301,2012,3,4,1405,14,1,1,0,8,1, , ,N,0,0,0,3,0,1,2,2,N,N,39 58:33.477,75 14:22.614,1414, ,1410, ,0, ,N, ,0, , , , , , , , , ,1,0,0,0,1,0,0,0,0,0,0,1,1,0,0,0,0,0,0,0,0,0,0,0,0,0,0,0,0,0,0,0,1,0,0,4,0,39.976,-75.2396, , 
58099,662539,2012026257,6,67,67301,2012,1,2,800,8,1,1,0,4,1, , ,N,1,2,0,3,0,0,2,2,N,N,40 02:36.261,75 11:28.345,805, ,800, ,0, ,N, ,3, , , , , , , , , ,2,2,0,0,0,0,0,0,0,0,0,0,0,0,0,0,0,0,0,0,0,1,0,0,0,0,0,0,0,0,0,0,0,0,0,0,0,40.0434,-75.1912, , 
58100,669116,2012066729,6,67,67301,2012,5,3,231,2,3,2,1,7,1, , ,N,1,2,0,3,0,1,1,1,N, ,39 58:38.125,75 09:29.199,234, ,231, ,0, , , ,3, , , , , , , , , ,1,1,0,0,0,0,0,0,0,0,0,1,1,0,0,0,0,0,0,0,0,0,0,0,0,0,0,0,0,0,0,0,0,0,0,4,0,39.9773,-75.1581, , 
58101,669130,2012026224,6,67,67301,2012,2,2,935,9,1,1,0,4,1, , ,N,0,2,7,3,0,0,2,2,N,N,40 07:28.751,75 00:53.472,1000, ,945, ,0, ,N, ,3, , , , , , , , , ,2,2,0,0,0,0,0,0,0,0,0,0,0,0,0,0,0,0,0,0,1,0,1,0,0,0,0,0,0,0,0,0,0,0,0,0,0,40.1247,-75.015, , 
58102,669144,2012041544,6,67,67301,2012,3,7,1210,12,1,1,0,4,1, , ,N,1,2,0,3,0,0,4,2,N,N,40 00:07.998,75 13:12.809,1227, ,1217, ,0, ,N, ,3, , , , , , , , , ,2,2,0,0,0,0,0,0,0,0,0,0,0,0,0,0,0,0,0,0,1,0,0,0,0,0,0,0,0,0,0,0,0,0,0,0,0,40.0023,-75.2201, , 
58103,669157,2012052287,6,67,67301,2012,1,1,200,2,6,1,0,4,1, , ,N,1,2,0,3,0,1,2,2,N,N,39 55:10.650,75 14:24.889,0, ,0, ,0, ,N, ,3, , , , , , , , , ,2,2,0,0,0,0,0,0,0,0,0,0,1,1,0,0,0,1,0,0,0,0,0,0,0,0,0,0,0,0,0,0,0,0,0,8,0,39.9196,-75.2402, , 
58104,669194,2012040552,6,67,67301,2012,4,6,1532,15,1,1,0,1,1, , ,N,0,0,3,3,0,0,4,2,N,N,39 57:35.648,75 10:44.468,1542, ,1542,1,2,3,N, ,0,N, , , , , , , , ,2,0,0,0,1,0,0,1,0,0,0,0,0,0,0,0,0,0,0,0,1,0,0,0,0,0,0,0,0,0,0,0,0,0,0,0,0,39.9599,-75.179, , 
58105,669200,2012044330,6,67,67301,2012,5,5,1150,11,1,1,0,5,1, , ,N,3,4,3,3,0,0,2,2,N,N,39 57:18.227,75 08:53.908,1154, ,1150,1,1,3,N, ,3,N, , , , , , , , ,2,1,0,0,0,1,0,0,0,0,0,0,0,0,0,0,0,0,0,1,0,0,0,0,0,0,0,0,0,0,0,0,0,0,0,0,1,39.9551,-75.1483, , 
58106,669201,2012048265,6,67,67301,2012,4,7,15,0,3,1,0,4,1, , ,N,1,2,0,3,0,1,2,2,N,N,39 56:57.916,75 09:08.422,25, ,20, ,0, ,N, ,3, , , , , , , , , ,1,0,0,0,0,0,0,0,1,0,1,0,1,0,0,0,0,0,0,0,0,0,0,0,0,0,0,0,0,0,0,0,0,0,0,3,0,39.9494,-75.1523, , 
58107,669203,2012049835,6,67,67301,2012,4,1,915,9,1,2,1,4,1, , ,N,1,2,0,3,0,1,4,2,N,N,40 01:24.796,75 07:59.561,920, ,919,1,1,1,N, ,3,N, , , , , , , , ,2,0,0,0,0,0,2,0,0,0,1,0,1,0,0,0,0,0,0,0,1,0,0,0,0,0,0,0,0,0,0,0,0,0,0,3,0,40.0235,-75.1334, , 
58108,669247,2012049645,6,67,67301,2012,4,3,1012,10,1,1,0,8,1, , ,N,0,0,0,3,0,1,2,2,N,N,39 57:32.435,75 13:30.250,1017, ,1014, ,0, , , ,0, , , , , , , , , ,1,1,0,0,0,0,0,0,0,0,0,1,1,0,0,0,0,0,0,0,0,1,0,0,0,0,0,0,0,0,0,0,1,0,0,4,0,39.959,-75.2251, , 
58109,669248,2012049823,6,67,67301,2012,4,7,1540,15,1,1,0,8,1, , ,N,0,0,0,3,0,1,2,2,N,N,40 02:50.342,75 03:53.035,1735, ,1727, ,0, , , ,0, , , , , , , , , ,1,0,0,0,0,0,1,0,0,0,0,1,1,0,0,0,0,0,0,0,1,0,0,0,0,0,0,0,0,0,0,0,1,0,0,4,0,40.0473,-75.0647, , 
58110,669250,2012051053,6,67,67301,2012,4,7,9999,99,1,1,0,4,1, , ,N,1,2,0,3,0,2,4,3,N, ,40 01:17.591,75 03:16.669,1715, ,1710, ,0, , , ,3, , , , , , , , , ,3,0,0,0,1,0,2,0,0,0,0,1,2,1,0,0,0,0,1,0,0,0,0,0,0,0,0,0,0,0,0,0,0,0,0,4,0,40.0216,-75.0546, , 
58111,669276,2012025948,6,67,67301,2012,3,4,1604,16,1,1,0,1,1, , ,N,0,0,0,3,0,0,2,2,N,N,40 00:59.890,75 03:02.687,1624, ,1613, ,0, ,N, ,0, , , , , , , , , ,2,1,0,0,0,0,1,0,0,0,0,0,0,0,0,0,0,0,0,0,1,0,0,0,0,0,0,0,0,0,0,0,0,0,0,0,0,40.0166,-75.0509, , 
58112,669333,2012041700,6,67,67301,2012,4,4,2007,20,1,1,0,1,1, , ,N,0,0,0,3,0,1,2,2,N,N,39 56:18.866,75 09:59.565,2015, ,2010, ,0, , , ,0, , , , , , , , , ,2,1,1,0,0,0,0,0,0,0,1,0,1,0,0,0,0,0,0,0,0,0,0,0,0,0,0,0,0,0,0,0,0,0,0,3,0,39.9386,-75.1665, , 
58113,669334,2012042208,6,67,67301,2012,3,3,2309,23,6,9,8,6,1, , ,N,0,0,0,3,0,1,2,2,N,N,39 54:29.324,75 14:29.979,1125, ,1108, ,0, , , ,0, , , , , , , , , ,2,2,0,0,0,0,0,0,0,0,0,1,1,0,1,0,0,0,0,0,0,0,0,2,0,0,0,0,0,0,0,0,0,0,0,4,0,39.9081,-75.2417, , 
58114,669341,2012048036,6,67,67301,2012,4,4,748,7,1,1,0,1,1, , ,N,1,2,0,3,0,0,3,2,N,N,40 03:40.658,75 05:00.623,844, ,834, ,0, ,N, ,3, , , , , , , , , ,2,2,0,0,0,0,0,0,0,0,0,0,0,0,0,0,0,0,0,0,1,0,0,0,0,0,0,0,0,0,0,0,0,0,0,0,0,40.0612,-75.0835, , 
58115,669388,2012026125,6,67,67301,2012,2,2,1258,12,1,1,0,4,1, , ,N,1,2,0,3,0,3,4,2,N, ,40 02:25.526,75 03:55.923,1303, ,1301, ,0, , , ,3, , , , , , , , , ,2,2,0,0,0,0,0,0,0,0,1,2,3,0,0,0,0,0,0,0,0,0,0,0,0,0,0,0,0,0,0,0,0,0,0,3,0,40.0404,-75.0655, , 