objectid_1,objectid,crn,district,county,municipality,crash_year,crash_month,day_of_week,time_of_day,hour_of_day,illumination,weather,road_condition,collision_type,relation_to_road,work_zone_type,work_zone_loc,work_zone_ind,intersect_type,tcd_type,location_type,urban_rural,fatal_count,injury_count,person_count,total_units,sch_bus_ind,sch_zone_ind,latitude,longitude,arrival_tm,cons_zone_spd_lim,dispatch_tm,est_hrs_closed,lane_closed,ln_close_dir,ntfy_hiwy_maint,spec_juris_cd,tcd_func_cd,tfc_detour_ind,workers_pres,wz_close_detour,wz_flagger,wz_law_offcr_ind,wz_ln_closure,wz_moving,wz_other,wz_shlder_mdn,vehicle_count,automobile_count,motorcycle_count,bus_count,small_truck_count,heavy_truck_count,suv_count,van_count,bicycle_count,maj_inj_count,mod_inj_count,min_inj_count,tot_inj_count,unk_inj_deg_count,unk_inj_per_count,driver_count_16yr,driver_count_17yr,driver_count_18yr,driver_count_19yr,driver_count_20yr,driver_count_50_64yr,driver_count_65_74yr,driver_count_75plus,unbelted_occ_count,unb_death_count,unb_maj_inj_count,belted_death_count,belted_maj_inj_count,mcycle_death_count,mcycle_maj_inj_count,bicycle_death_count,bicycle_maj_inj_count,ped_count,ped_death_count,ped_maj_inj_count,max_severity_level,comm_veh_count,dec_lat,dec_long,rdwy_surf_type_cd,county_name
58252,669710,2012020113,6,46,46102,2012,2,3,2308,23,3,1,0,4,1, , ,N,2,2,0,3,0,2,3,2,N,N,40 03:55.027,75 05:25.289,2311, ,2308, ,0, ,N, ,3, , , , , , , , , ,2,0,0,0,0,0,2,0,0,0,0,2,2,0,0,0,0,0,0,0,0,0,0,0,0,0,0,0,0,0,0,0,0,0,0,4,0,40.0653,-75.0904, , 
58253,669727,2012047137,6,67,67301,2012,3,5,1816,18,1,1,0,8,2, , ,N,1,2,0,3,0,1,2,2,N,N,40 00:43.066,75 08:09.135,1822, ,1819, ,0, ,N, ,3, , , , , , , , , ,1,0,1,0,0,0,0,0,0,0,1,0,1,0,0,0,0,0,0,0,0,0,0,0,0,0,0,0,0,0,0,0,1,0,0,3,0,40.012,-75.1359, , 
58254,669728,2012049706,6,67,67301,2012,4,2,1628,16,8,2,1,4,1, , ,N,1,3,0,3,0,1,2,2,N,N,39 58:59.466,75 06:54.921,1820, ,1815, ,0, ,N, ,3, , , , , , , , , ,2,2,0,0,0,0,0,0,0,0,0,1,1,0,0,0,0,0,0,0,1,0,0,0,0,0,0,0,0,0,0,0,0,0,0,4,0,39.9832,-75.1153, , 
58255,669736,2012056845,6,67,67301,2012,6,2,1318,13,1,1,0,7,2, , ,N,0,0,0,3,0,1,1,1,N,N,39 54:15.190,75 09:00.505,1328, ,1319,1,1,1,N, ,0,N, , , , , , , , ,1,1,0,0,0,0,0,0,0,0,0,1,1,0,0,0,0,1,0,0,0,0,0,0,0,0,0,0,0,0,0,0,0,0,0,4,0,39.9042,-75.1501, , 
58256,669760,2012027762,6,67,67301,2012,2,5,740,7,1,1,1,1,1, , ,N,1,2,0,3,0,1,2,2,N,N,39 54:14.619,75 14:25.049,759, ,756, ,0, ,N, ,3, , , , , , , , , ,2,2,0,0,0,0,0,0,0,0,1,0,1,0,1,0,0,0,0,0,0,0,0,0,0,0,0,0,0,0,0,0,0,0,0,3,0,39.904,-75.2401, , 
58257,669773,2012049762,6,67,67301,2012,4,6,1230,12,1,1,0,4,1, , ,N,1,3,0,3,0,1,2,2,N,N,39 58:29.586,75 10:00.922,1255, ,1248, ,0, ,N, ,3, , , , , , , , , ,2,1,0,0,0,0,1,0,0,0,0,1,1,0,0,0,0,0,0,0,0,0,0,0,0,0,0,0,0,0,0,0,0,0,0,4,0,39.9749,-75.1669, , 
58258,669802,2012020533,6,67,67301,2012,2,7,1618,16,1,1,0,1,1, , ,N,1,2,0,3,0,1,3,2,N,N,39 57:13.089,75 11:55.030,1643, ,1643, ,0, , , ,3, , , , , , , , , ,2,2,0,0,0,0,0,0,0,0,0,0,1,1,0,0,0,0,0,0,1,0,0,0,0,0,0,0,0,0,0,0,0,0,0,8,0,39.9536,-75.1986, , 
58259,669816,2012032553,6,67,67301,2012,2,3,1546,15,1,1,0,4,1, , ,N,0,0,7,3,0,1,3,2,N, ,40 05:29.010,75 00:40.366,1551, ,1546, ,0, , , ,0, , , , , , , , , ,2,2,0,0,0,0,0,0,0,0,0,1,1,0,0,0,0,0,0,0,2,0,0,0,0,0,0,0,0,0,0,0,0,0,0,4,0,40.0914,-75.0112, , 
58260,669821,2012036898,6,67,67301,2012,3,7,1215,12,1,1,0,8,5, , ,N,2,2,7,3,0,1,2,2,N, ,40 02:56.800,75 03:44.318,1229, ,1219,9,1,4, , ,3,N, , , , , , , , ,1,1,0,0,0,0,0,0,0,0,0,1,1,0,0,0,0,0,0,0,1,0,0,0,0,0,0,0,0,0,0,0,1,0,0,4,0,40.0491,-75.0625, , 
58261,669832,2012048131,6,67,67301,2012,4,5,2012,20,3,1,0,1,1, , ,N,1,0,0,3,0,1,4,4,N, ,40 00:41.644,75 06:28.900,2018, ,2013,2,2,3, , ,0,Y, , , , , , , , ,4,2,0,0,1,0,0,1,0,0,0,0,1,1,0,0,0,0,0,0,1,0,0,0,0,0,0,0,0,0,0,0,0,0,0,8,0,40.0116,-75.108, , 
58262,669876,2012036988,6,67,67301,2012,3,7,125,1,3,2,1,4,1, , ,N,1,2,0,3,0,2,3,2,N,N,39 57:13.359,75 09:27.283,126, ,125,1,1,1,N, ,3,Y, , , , , , , , ,2,2,0,0,0,0,0,0,0,0,0,2,2,0,0,0,0,0,0,0,1,0,0,0,0,0,0,0,0,0,0,0,0,0,0,4,0,39.9537,-75.1579, , 
58263,669884,2012047818,6,67,67301,2012,2,6,1604,16,1,1,0,1,1, , ,N,0,0,0,3,0,0,4,3,N,N,40 00:12.842,75 11:42.795,1626, ,1605, ,0, ,N, ,0, , , , , , , , , ,3,2,0,0,0,0,1,0,0,0,0,0,0,0,0,0,0,0,0,1,1,0,0,0,0,0,0,0,0,0,0,0,0,0,0,0,0,40.0036,-75.1952, , 
58264,669886,2012048341,6,67,67301,2012,4,7,220,2,3,1,0,2,1, , ,N,0,0,0,3,0,1,2,2,N,N,40 07:19.526,75 00:45.870,234, ,229,9,1,3, , ,0,N, , , , , , , , ,2,1,0,0,1,0,0,0,0,0,0,0,1,1,1,0,0,0,0,0,1,0,0,0,0,0,0,0,0,0,0,0,0,0,0,8,0,40.1221,-75.0127, , 
58265,656351,2012068872,6,67,67301,2012,6,6,1635,16,1,1,0,4,1, , ,N,1,2,0,3,0,1,2,2,N,N,40 05:37.913,74 58:46.896,1700, ,1658, ,0, ,N, ,3, , , , , , , , , ,2,1,0,0,0,0,0,1,0,0,0,0,1,1,1,0,0,0,0,0,0,0,0,0,0,0,0,0,0,0,0,0,0,0,0,8,0,40.0939,-74.9797, , 
58266,656370,2012026203,6,67,67301,2012,2,3,1115,11,1,1,0,4,1, , ,N,0,3,7,3,0,1,3,2,N,N,39 58:32.510,75 09:26.480,1115, ,1115, ,0, ,N, ,3, , , , , , , , , ,2,2,0,0,0,0,0,0,0,0,0,0,1,1,0,0,0,0,0,0,1,1,0,0,0,0,0,0,0,0,0,0,0,0,0,8,0,39.9757,-75.1574, , 
58267,656376,2012034689,6,67,67301,2012,3,5,1015,10,1,1,0,4,1, , ,N,0,0,7,3,0,0,4,2,N,N,40 05:53.751,74 59:48.635,1025, ,1018, ,0, ,N, ,0, , , , , , , , , ,2,1,0,1,0,0,0,0,0,0,0,0,0,0,0,0,0,0,0,0,0,0,0,0,0,0,0,0,0,0,0,0,0,0,0,0,1,40.0983,-74.9968, , 
58268,656389,2012048205,6,67,67301,2012,4,7,1907,19,1,1,0,8,1, , ,N,0,2,0,3,0,1,2,2,N,N,40 03:53.538,75 05:00.816,1909, ,1908, ,0, , , ,3, , , , , , , , , ,1,0,0,0,0,0,0,1,0,0,0,1,1,0,0,0,1,0,0,0,0,0,0,0,0,0,0,0,0,0,0,0,1,0,0,4,0,40.0649,-75.0836, , 
58269,656400,2012055493,6,67,67301,2012,5,5,1451,14,1,1,0,1,1, , ,N,0,0,0,3,0,3,6,2,N,N,40 00:27.944,75 04:18.260,1505, ,1453, ,0, ,N, ,0, , , , , , , , , ,2,2,0,0,0,0,0,0,0,0,0,3,3,0,0,0,0,0,0,0,0,0,0,0,0,0,0,0,0,0,0,0,0,0,0,4,0,40.0077,-75.0719, , 
58270,656407,2012017923,6,67,67301,2012,1,3,917,9,1,1,0,2,1, , ,N,5,2,0,3,0,1,2,2,N,N,40 02:39.696,75 03:14.496,930, ,922,1,1,2,N, ,3,N, , , , , , , , ,2,1,0,0,0,0,1,0,0,0,0,1,1,0,0,0,0,0,0,0,1,0,0,0,0,0,0,0,0,0,0,0,0,0,0,4,0,40.0443,-75.0541, , 
58271,656430,2012044003,6,67,67301,2012,5,4,1033,10,1,1,0,6,1, , ,N,1,2,0,3,0,2,3,2,N,N,40 03:28.059,75 00:31.473,1105, ,1033,3,2,1,N, ,3,Y, , , , , , , , ,2,1,0,0,0,1,0,0,0,0,2,0,2,0,0,0,0,0,0,0,1,0,1,3,0,0,0,0,0,0,0,0,0,0,0,3,1,40.0578,-75.0087, , 
58272,656448,2012060802,6,67,67301,2012,5,7,1223,12,1,1,0,1,1, , ,N,2,2,0,3,0,1,6,3,N,N,40 06:17.944,75 00:06.135,1232, ,1224,1,1,2,N, ,3,N, , , , , , , , ,3,0,0,0,1,0,1,1,0,0,0,1,1,0,0,0,0,0,0,0,0,0,0,0,0,0,0,0,0,0,0,0,0,0,0,4,0,40.105,-75.0017, , 
58273,656465,2012020400,6,67,67301,2012,1,2,2222,22,3,1,0,8,9, , ,N,1,2,0,3,0,1,2,2,N,N,39 57:19.263,75 11:59.801,2224, ,2223, ,0, ,N, ,3, , , , , , , , , ,1,1,0,0,0,0,0,0,0,0,1,0,1,0,0,0,0,0,0,0,0,0,0,0,0,0,0,0,0,0,0,0,1,0,0,3,0,39.9554,-75.2, , 
58274,656472,2012026210,6,67,67301,2012,1,6,2325,23,3,1,0,8,1, , ,N,0,0,0,3,0,1,2,2,N,N,39 56:28.456,75 08:51.392,2332, ,2330, ,0, ,N, ,0, , , , , , , , , ,1,0,0,0,0,0,1,0,0,0,1,0,1,0,0,0,0,0,0,0,0,0,0,0,0,0,0,0,0,0,0,0,1,0,0,3,0,39.9412,-75.1476, , 
58275,656486,2012041674,6,67,67301,2012,3,4,830,8,1,1,0,4,1, , ,N,1,2,0,3,0,0,2,2,N, ,40 02:48.573,75 04:13.233,836, ,836, ,0, , , ,3, , , , , , , , , ,2,2,0,0,0,0,0,0,0,0,0,0,0,0,0,0,0,1,0,0,0,0,0,0,0,0,0,0,0,0,0,0,0,0,0,0,0,40.0468,-75.0703, , 
58276,656531,2012047258,6,67,67301,2012,4,3,2300,23,3,1,0,8,1, , ,N,1,3,0,3,0,1,2,2,N, ,40 03:41.914,75 10:59.635,339, ,338, ,0, , , ,3, , , , , , , , , ,1,0,0,0,1,0,0,0,0,0,0,0,1,1,1,0,0,0,0,0,0,0,0,0,0,0,0,0,0,0,0,0,1,0,0,8,0,40.0616,-75.1832, , 
58277,656540,2012056579,6,67,67301,2012,5,7,1545,15,1,1,0,4,1, , ,N,1,3,0,3,0,1,2,2,N, ,40 00:49.006,75 08:12.569,1620, ,1613, ,0, , , ,3, , , , , , , , , ,1,1,0,0,0,0,0,0,1,0,0,0,1,1,0,0,0,0,0,0,1,0,0,0,0,0,0,0,0,0,0,0,0,0,0,8,0,40.0136,-75.1368, , 
58278,656553,2012013306,6,67,67301,2012,1,2,2328,23,3,1,1,7,4, , ,N,0,0,0,3,0,0,2,1,N,N,39 58:53.851,75 12:26.106,2332, ,2339, ,0, ,N, ,0, , , , , , , , , ,1,1,0,0,0,0,0,0,0,0,0,0,0,0,0,0,0,1,0,0,0,0,0,0,0,0,0,0,0,0,0,0,0,0,0,0,0,39.9816,-75.2073, , 
58279,656567,2012031399,6,67,67301,2012,3,6,1637,16,1,1,0,1,1, , ,N,0,0,0,3,0,2,5,2,N,N,39 57:26.417,75 09:30.696,1703, ,1640, ,0, ,N, ,0, , , , , , , , , ,2,0,0,0,1,0,0,1,0,0,0,2,2,0,0,0,0,0,0,0,0,0,0,0,0,0,0,0,0,0,0,0,0,0,0,4,0,39.9573,-75.1585, , 
58280,656572,2012036800,6,67,67301,2012,2,4,1800,18,3,2,1,4,1, , ,N,0,0,7,3,0,4,5,2,N,N,39 58:19.836,75 15:01.973,1811, ,1808, ,0, ,N, ,0, , , , , , , , , ,2,1,0,0,0,0,1,0,0,0,0,0,4,4,0,0,0,0,0,0,0,0,0,1,0,0,0,0,0,0,0,0,0,0,0,8,0,39.9722,-75.2505, , 
58281,656577,2012047242,6,67,67301,2012,4,1,1828,18,1,1,0,8,1, , ,N,1,2,0,3,0,1,3,2,N,N,39 58:53.745,75 10:49.090,1832, ,1830, ,0, ,N, ,3, , , , , , , , , ,1,0,0,0,0,0,1,0,0,1,0,0,1,0,0,0,0,0,0,0,0,0,0,0,0,0,0,0,0,0,0,0,1,0,1,2,0,39.9816,-75.1803, , 
58282,656578,2012050216,6,67,67301,2012,4,1,2314,23,3,2,1,1,1, , ,N,0,2,0,3,0,3,4,2,N,N,40 01:31.475,75 07:22.552,2330, ,2318,2,1,1,N, ,1,N, , , , , , , , ,2,2,0,0,0,0,0,0,0,0,0,3,3,0,0,0,0,0,0,0,0,0,0,0,0,0,0,0,0,0,0,0,0,0,0,4,0,40.0254,-75.1232, , 
58283,649531,2012099007,6,67,67301,2012,8,6,1745,17,1,1,0,8,1, , ,N,0,0,0,3,0,1,2,1,N, ,39 59:48.601,75 06:11.914,1755, ,1747, ,0, , , ,0, , , , , , , , , ,0,0,0,0,0,0,0,0,0,0,0,1,1,0,1,0,0,0,0,0,0,0,0,0,0,0,0,0,0,0,0,0,2,0,0,4,0,39.9968,-75.1033, , 
58284,649545,2012114367,6,67,67301,2012,10,5,2120,21,3,1,0,5,1, , ,N,1,2,0,3,0,1,2,2,N,N,39 55:34.561,75 11:03.741,2132, ,2130, ,0, ,N, ,3, , , , , , , , , ,2,0,0,1,0,0,0,1,0,0,0,1,1,0,1,0,0,0,0,0,1,0,0,1,0,0,0,0,0,0,0,0,0,0,0,4,1,39.9263,-75.1843, , 
58285,649574,2012018571,6,67,67301,2012,2,3,1650,16,3,1,0,1,1, , ,N,0,0,0,3,0,1,7,3,N,N,39 57:41.222,75 08:23.425,1711, ,1656, ,0, ,N, ,0, , , , , , , , , ,3,2,0,0,0,0,0,1,0,0,0,1,1,0,0,0,0,0,0,0,0,0,0,0,0,0,0,0,0,0,0,0,0,0,0,4,0,39.9613,-75.1399, , 
58286,649578,2012023964,6,67,67301,2012,2,5,838,8,1,1,0,5,1, , ,N,0,0,0,3,0,1,1,3,N, ,39 59:29.540,75 10:18.289,900, ,858,9,2,2, , ,0,Y, , , , , , , , ,3,2,0,0,0,0,1,0,0,0,0,0,1,1,0,0,0,0,0,0,1,0,0,0,0,0,0,0,0,0,0,0,0,0,0,8,0,39.9915,-75.1717, , 
58287,649579,2012026160,6,67,67301,2012,2,3,1944,19,3,2,1,1,1, , ,N,2,0,0,3,0,4,5,2,N,N,40 00:23.226,75 11:17.348,1958, ,1953, ,0, ,N, ,0, , , , , , , , , ,2,2,0,0,0,0,0,0,0,0,0,4,4,0,0,0,0,0,0,0,0,0,0,0,0,0,0,0,0,0,0,0,0,0,0,4,0,40.0065,-75.1882, , 
58288,649611,2012011005,6,67,67301,2012,1,3,1123,11,1,1,0,9,1, , ,N,0,0,0,3,0,0,2,1,N,N,40 03:00.486,74 59:34.227,1147, ,1131, ,0, ,N, ,0, , , , , , , , , ,1,1,0,0,0,0,0,0,0,0,0,0,0,0,0,0,0,0,0,1,0,0,0,0,0,0,0,0,0,0,0,0,0,0,0,0,0,40.0501,-74.9928, , 
58289,649619,2012017927,6,67,67301,2012,1,5,2205,22,3,1,0,2,1, , ,N,2,2,0,3,0,3,6,2,N,N,39 57:26.489,75 12:12.159,2212, ,2209, ,0, ,N, ,3, , , , , , , , , ,2,1,0,0,0,0,1,0,0,1,1,1,3,0,0,0,0,0,0,0,0,0,0,1,0,0,0,1,0,0,0,0,0,0,0,2,0,39.9573,-75.2033, , 
58290,649623,2012020451,6,67,67301,2012,1,5,1023,10,1,1,0,4,1, , ,N,0,0,0,3,0,1,3,2,N,Y,40 06:19.274,74 58:49.008,1035, ,1030, ,0, ,N, ,0, , , , , , , , , ,2,2,0,0,0,0,0,0,0,0,0,1,1,0,0,0,0,0,0,0,0,0,0,0,0,0,0,0,0,0,0,0,0,0,0,4,0,40.1054,-74.9803, , 
58291,649631,2012032692,6,67,67301,2012,3,5,215,2,3,2,1,4,6, , ,N,0,0,0,3,0,1,1,2,N,N,39 57:24.202,75 13:58.648,220, ,220, ,0, , , ,0, , , , , , , , , ,2,1,0,0,1,0,0,0,0,0,0,0,1,1,0,0,0,0,0,0,0,0,0,1,0,0,0,0,0,0,0,0,0,0,0,8,0,39.9567,-75.233, , 
58292,649641,2012041602,6,67,67301,2012,3,7,825,8,1,2,1,4,1, , ,N,1,2,0,3,0,0,3,2,N,N,39 57:32.806,75 09:29.825,830, ,825, ,0, ,N, ,3, , , , , , , , , ,2,1,0,0,0,0,0,1,0,0,0,0,0,0,0,0,0,1,0,0,0,0,0,0,0,0,0,0,0,0,0,0,0,0,0,0,0,39.9591,-75.1583, , 
58293,649642,2012041634,6,67,67301,2012,3,4,745,7,1,2,1,7,2, , ,N,0,0,0,3,0,1,1,1,N,N,40 02:15.190,75 14:19.028,758, ,753, ,0, ,N, ,0, , , , , , , , , ,1,1,0,0,0,0,0,0,0,0,0,1,1,0,0,0,0,0,0,0,0,1,0,1,0,0,0,0,0,0,0,0,0,0,0,4,0,40.0376,-75.2386, , 
58294,649643,2012042217,6,67,67301,2012,3,6,1630,16,1,1,0,1,1, , ,N,0,0,0,3,0,1,2,2,N, ,40 00:14.667,75 09:34.459,2020, ,2012, ,0, , , ,0, , , , , , , , , ,2,1,0,0,0,0,0,0,0,0,0,0,1,1,0,0,0,0,0,0,0,0,0,0,0,0,0,0,0,0,0,0,0,0,0,8,0,40.0041,-75.1596, , 
58295,649646,2012048171,6,67,67301,2012,4,5,1534,15,1,1,0,8,1, , ,N,0,0,0,3,0,1,2,2,N,N,40 02:53.980,75 05:57.336,1543, ,1537,9,2,5,N, ,0,Y, , , , , , , , ,1,1,0,0,0,0,0,0,0,1,0,0,1,0,0,0,0,0,0,0,0,0,0,0,0,0,0,0,0,0,0,0,1,0,1,2,0,40.0483,-75.0993, , 
58296,649666,2012021381,6,67,67301,2012,1,7,2244,22,3,1,0,8,1, , ,N,1,2,0,3,0,2,3,2,N, ,39 59:25.575,75 07:37.375,2325, ,2320,4,2,4, , ,3,Y, , , , , , , , ,1,1,0,0,0,0,0,0,0,1,0,1,2,0,1,0,0,0,0,0,0,0,0,0,0,0,0,0,0,0,0,0,1,0,1,2,0,39.9903,-75.127, , 
58297,649672,2012026093,6,67,67301,2012,2,2,1115,11,1,1,0,4,1, , ,N,1,2,0,3,0,6,9,3,N, ,40 05:57.235,74 59:43.576,1120, ,1115, ,0, , , ,3, , , , , , , , , ,3,2,0,0,1,0,0,0,0,0,0,0,6,6,0,0,0,0,0,0,0,0,1,0,0,0,0,0,0,0,0,0,0,0,0,8,0,40.0992,-74.9954, , 
58298,649686,2012041709,6,67,67301,2012,3,5,1500,15,1,1,0,8,1, , ,N,1,2,0,3,0,1,2,2,N,N,39 57:28.586,75 09:50.892,1507, ,1505, ,0, ,N, ,3, , , , , , , , , ,1,1,0,0,0,0,0,0,0,0,0,0,1,1,0,0,0,0,0,0,0,0,0,0,0,0,0,0,0,0,0,0,1,0,0,8,0,39.9579,-75.1641, , 
58299,649716,2012028498,6,67,67301,2012,2,2,845,8,1,1,0,1,1, , ,N,2,0,0,3,0,1,2,2,N,N,40 01:10.315,75 07:36.595,852, ,851,1,1,2,N, ,0,N, , , , , , , , ,2,2,0,0,0,0,0,0,0,0,0,0,1,1,0,0,0,0,0,0,0,0,0,0,0,0,0,0,0,0,0,0,0,0,0,8,0,40.0195,-75.1268, , 
58300,649729,2012042205,6,67,67301,2012,3,5,9999,99,3,5,1,4,1, , ,N,0,0,0,3,0,0,2,2,N, ,39 56:03.674,75 14:09.692,529, ,525,9,1,2, , ,0,N, , , , , , , , ,2,0,0,0,1,0,0,1,0,0,0,0,0,0,0,0,0,0,0,0,1,0,0,0,0,0,0,0,0,0,0,0,0,0,0,0,0,39.9344,-75.236, , 
58301,653178,2012015526,6,67,67301,2012,1,7,425,4,3,1,0,4,4, , ,N,1,0,0,3,0,0,1,3,N,N,40 01:30.360,75 07:05.462,9999, ,427, ,0, , , ,0, , , , , , , , , ,3,2,0,0,1,0,0,0,0,0,0,0,0,0,1,0,0,0,0,0,0,0,0,0,0,0,0,0,0,0,0,0,0,0,0,9,0,40.0251,-75.1182, , 
58302,653189,2012032509,6,67,67301,2012,2,4,2144,21,3,2,1,8,1, , ,N,1,2,0,3,0,1,2,2,N, ,39 57:16.485,75 13:33.593,2147, ,2145,3,2,6, , ,3,Y, , , , , , , , ,1,0,0,1,0,0,0,0,0,0,0,0,1,1,0,0,0,0,0,0,1,0,0,0,0,0,0,0,0,0,0,0,1,0,0,8,1,39.9546,-75.226, , 
58303,653205,2012047290,6,67,67301,2012,4,6,955,9,1,1,0,4,1, , ,N,1,3,0,3,0,1,2,2,N,N,40 02:11.598,75 03:30.830,955, ,955, ,0, , , ,3, , , , , , , , , ,1,0,0,0,1,0,0,0,1,0,0,1,1,0,0,0,0,0,0,0,0,1,0,0,0,0,0,0,0,0,0,0,0,0,0,4,0,40.0366,-75.0586, , 
58304,653226,2012026071,6,67,67301,2012,1,6,938,9,1,2,1,8,1, , ,N,0,0,0,3,0,1,2,2,N, ,40 00:33.155,75 09:03.111,941, ,940, ,0, , , ,0, , , , , , , , , ,1,1,0,0,0,0,0,0,0,0,0,0,1,1,0,0,0,0,0,0,0,0,0,0,0,0,0,0,0,0,0,0,1,0,0,8,0,40.0092,-75.151, , 
58305,653229,2012027846,6,67,67301,2012,3,1,1325,13,1,1,0,7,2, , ,N,0,0,3,3,0,0,2,1,N,N,39 53:29.966,75 11:55.130,1339, ,1328,1,1,1,N, ,0,N, , , , , , , , ,1,0,0,0,0,0,1,0,0,0,0,0,0,0,0,0,0,0,0,0,0,0,0,0,0,0,0,0,0,0,0,0,0,0,0,0,0,39.8917,-75.1986, , 
58306,653237,2012041520,6,67,67301,2012,3,5,1508,15,1,1,0,4,1, , ,N,1,2,0,3,0,1,4,2,N,N,40 03:11.276,75 05:31.765,1511, ,1509, ,0, ,N, ,3, , , , , , , , , ,2,0,0,0,0,0,2,0,0,0,0,0,1,1,0,0,0,0,0,0,0,0,0,0,0,0,0,0,0,0,0,0,0,0,0,8,0,40.0531,-75.0922, , 
58307,653243,2012048127,6,67,67301,2012,4,7,1250,12,1,1,0,4,1, , ,N,0,3,7,3,0,2,3,2,N,N,40 05:59.426,75 00:37.554,1252, ,1250,2,1,4,N, ,3,N, , , , , , , , ,2,1,0,0,0,0,1,0,0,0,0,2,2,0,0,0,0,0,0,0,0,0,0,0,0,0,0,0,0,0,0,0,0,0,0,4,0,40.0998,-75.0104, , 
58308,653245,2012049804,6,67,67301,2012,4,2,830,8,1,1,0,1,1, , ,N,1,2,0,3,0,0,2,2,N,N,40 02:54.625,75 14:06.990,850, ,844, ,0, ,N, ,3, , , , , , , , , ,2,1,0,0,1,0,0,0,0,0,0,0,0,0,1,0,0,0,0,0,1,0,0,0,0,0,0,0,0,0,0,0,0,0,0,9,0,40.0485,-75.2353, , 
58309,653277,2012014072,6,67,67301,2012,1,6,1114,11,1,2,1,5,1, , ,N,0,0,0,3,0,1,3,2,N,N,39 58:37.783,75 11:56.821,1119, ,1115, ,0, ,N, ,0, , , , , , , , , ,2,0,0,0,1,0,1,0,0,0,0,0,1,1,0,0,0,0,0,0,0,0,0,0,0,0,0,0,0,0,0,0,0,0,0,8,0,39.9772,-75.1991, , 
58310,653280,2012015845,6,67,67301,2012,1,3,1215,12,1,1,0,5,1, , ,N,0,0,0,3,0,1,1,3,N,N,39 59:55.650,75 10:24.459,1250, ,1240, ,0, , , ,0, , , , , , , , , ,3,3,0,0,0,0,0,0,0,0,0,1,1,0,0,0,0,0,0,0,0,0,0,0,0,0,0,0,0,0,0,0,0,0,0,4,0,39.9988,-75.1735, , 
58311,653334,2012027739,6,67,67301,2012,2,5,1226,12,1,1,0,7,2, , ,N,0,8,0,3,0,1,2,2,N,N,40 01:34.293,75 07:17.221,1234, ,1228,1,2,4,N, ,3,N, , , , , , , , ,2,2,0,0,0,0,0,0,0,0,0,1,1,0,0,0,0,0,1,0,0,1,0,0,0,0,0,0,0,0,0,0,0,0,0,4,0,40.0262,-75.1212, , 
58312,653337,2012032661,6,67,67301,2012,2,2,315,3,3,1,0,4,1, , ,N,1,2,0,3,0,0,2,2,N, ,39 56:45.448,75 10:06.005,330, ,320, ,0, , , ,3, , , , , , , , , ,2,2,0,0,0,0,0,0,0,0,0,0,0,0,1,0,0,0,0,0,0,0,0,0,0,0,0,0,0,0,0,0,0,0,0,9,0,39.946,-75.1683, , 
58313,653366,2012012592,6,67,67301,2012,1,1,145,1,3,1,0,6,6, , ,N,0,0,0,3,0,0,1,3,N,N,40 04:47.895,74 59:13.405,200, ,157,1,2,1,N, ,0,Y, , , , , , , , ,3,1,0,0,0,0,0,2,0,0,0,0,0,0,0,0,0,0,0,0,0,0,0,1,0,0,0,0,0,0,0,0,0,0,0,0,0,40.08,-74.9871, , 
58314,653374,2012020511,6,67,67301,2012,1,2,1432,14,1,1,0,4,1, , ,N,2,2,0,3,0,1,2,2,N, ,39 59:59.307,75 13:10.060,1600, ,1552, ,0, , , ,3, , , , , , , , , ,2,1,0,0,0,1,0,0,0,0,0,1,1,0,0,0,0,0,0,0,1,0,0,0,0,0,0,0,0,0,0,0,0,0,0,4,1,39.9998,-75.2195, , 
58315,653392,2012041632,6,67,67301,2012,3,7,1045,10,1,2,1,1,1, , ,N,1,3,0,3,0,1,3,2,N,N,40 04:44.574,75 13:33.623,1056, ,1052, ,0, ,N, ,3, , , , , , , , , ,2,2,0,0,0,0,0,0,0,0,0,1,1,0,0,0,0,0,0,0,1,0,0,0,0,0,0,0,0,0,0,0,0,0,0,4,0,40.079,-75.226, , 
58316,653393,2012042190,6,67,67301,2012,3,4,1201,12,1,1,0,4,1, , ,N,2,3,0,3,0,1,2,3,N,N,40 07:34.842,75 01:12.201,1205, ,1201, ,0, , , ,3, , , , , , , , , ,3,1,0,0,1,0,0,1,0,1,0,0,1,0,0,0,0,0,0,0,0,0,1,0,0,0,0,0,0,0,0,0,0,0,0,2,0,40.1263,-75.0201, , 
58317,653400,2012049859,6,67,67301,2012,4,4,700,7,1,1,0,5,6, , ,N,0,0,0,3,0,0,2,5,N,N,39 57:54.928,75 13:28.660,705, ,702,1,1,2,N, ,0,N, , , , , , , , ,5,2,0,0,0,0,0,3,0,0,0,0,0,0,0,0,0,0,1,0,0,0,0,0,0,0,0,0,0,0,0,0,0,0,0,0,0,39.9653,-75.2246, , 
58318,653411,2012006945,6,67,67301,2012,1,4,733,7,1,1,0,5,1, , ,N,0,0,0,3,0,0,2,2,N,N,39 53:47.698,75 11:26.192,757, ,756, ,0, ,N, ,0, , , , , , , , , ,2,2,0,0,0,0,0,0,0,0,0,0,0,0,0,0,0,0,0,0,1,0,0,0,0,0,0,0,0,0,0,0,0,0,0,0,0,39.8966,-75.1906, , 