objectid_1,objectid,crn,district,county,municipality,crash_year,crash_month,day_of_week,time_of_day,hour_of_day,illumination,weather,road_condition,collision_type,relation_to_road,work_zone_type,work_zone_loc,work_zone_ind,intersect_type,tcd_type,location_type,urban_rural,fatal_count,injury_count,person_count,total_units,sch_bus_ind,sch_zone_ind,latitude,longitude,arrival_tm,cons_zone_spd_lim,dispatch_tm,est_hrs_closed,lane_closed,ln_close_dir,ntfy_hiwy_maint,spec_juris_cd,tcd_func_cd,tfc_detour_ind,workers_pres,wz_close_detour,wz_flagger,wz_law_offcr_ind,wz_ln_closure,wz_moving,wz_other,wz_shlder_mdn,vehicle_count,automobile_count,motorcycle_count,bus_count,small_truck_count,heavy_truck_count,suv_count,van_count,bicycle_count,maj_inj_count,mod_inj_count,min_inj_count,tot_inj_count,unk_inj_deg_count,unk_inj_per_count,driver_count_16yr,driver_count_17yr,driver_count_18yr,driver_count_19yr,driver_count_20yr,driver_count_50_64yr,driver_count_65_74yr,driver_count_75plus,unbelted_occ_count,unb_death_count,unb_maj_inj_count,belted_death_count,belted_maj_inj_count,mcycle_death_count,mcycle_maj_inj_count,bicycle_death_count,bicycle_maj_inj_count,ped_count,ped_death_count,ped_maj_inj_count,max_severity_level,comm_veh_count,dec_lat,dec_long,rdwy_surf_type_cd,county_name
58522,653860,2012036820,6,67,67301,2012,3,2,915,9,1,1,0,4,1, , ,N,1,2,0,3,0,0,2,2,N,N,40 07:30.042,75 00:53.360,918, ,916,1,1,2,N, ,3,N, , , , , , , , ,2,2,0,0,0,0,0,0,0,0,0,0,0,0,0,0,0,0,0,0,0,1,0,0,0,0,0,0,0,0,0,0,0,0,0,0,0,40.125,-75.0147, , 
58523,653876,2012048884,6,67,67301,2012,4,6,1940,19,3,1,0,4,1, , ,N,3,3,0,3,0,2,5,3,N,N,40 02:47.137,75 09:29.296,2015, ,2003, ,0, ,N, ,3, , , , , , , , , ,3,1,0,0,0,0,0,2,0,0,0,2,2,0,0,0,0,0,0,0,0,0,0,0,0,0,0,0,0,0,0,0,0,0,0,4,0,40.0464,-75.1581, , 
58524,653884,2012057518,6,67,67301,2012,5,6,840,8,1,1,0,8,1, , ,N,1,3,0,3,0,1,2,2,N,N,39 59:46.417,75 06:22.352,845, ,840, ,0, ,N, ,3, , , , , , , , , ,1,0,0,0,0,0,0,0,0,0,0,1,1,0,0,0,0,0,0,0,0,0,0,0,0,0,0,0,0,0,0,0,1,0,0,4,0,39.9962,-75.1062, , 
58525,653893,2012014973,6,67,67301,2012,1,1,1400,14,1,1,0,4,1, , ,N,1,3,0,3,0,0,2,2,N, ,40 01:27.483,75 09:40.489,1424, ,1415, ,0, , , ,3, , , , , , , , , ,2,2,0,0,0,0,0,0,0,0,0,0,0,0,0,0,0,0,0,0,1,0,0,0,0,0,0,0,0,0,0,0,0,0,0,0,0,40.0243,-75.1612, , 
58526,653914,2012036853,6,67,67301,2012,3,2,2137,21,3,1,0,5,2, , ,N,0,0,0,3,0,0,1,4,N,N,39 59:36.877,75 10:34.622,2143, ,2141,2,2,3,N, ,0,Y, , , , , , , , ,4,4,0,0,0,0,0,0,0,0,0,0,0,0,0,0,0,0,0,0,0,0,0,0,0,0,0,0,0,0,0,0,0,0,0,0,0,39.9936,-75.1763, , 
58527,653950,2012026106,6,67,67301,2012,1,7,353,3,3,1,0,1,1, , ,N,0,0,0,3,0,1,1,2,N,N,40 04:03.396,75 10:46.258,403, ,353,9,2,5,N, ,0,N, , , , , , , , ,2,2,0,0,0,0,0,0,0,1,0,0,1,0,0,0,0,0,0,0,0,0,0,0,0,0,0,0,0,0,0,0,0,0,0,2,0,40.0676,-75.1795, , 
58528,653968,2012048157,6,67,67301,2012,4,6,1855,18,1,1,0,4,1, , ,N,0,0,0,3,0,1,4,3,N,N,40 01:34.265,75 07:17.413,1858, ,1855,2,1,4,N, ,0,Y, , , , , , , , ,3,2,0,0,0,0,1,0,0,0,1,0,1,0,0,0,0,0,1,0,0,0,0,0,0,0,0,0,0,0,0,0,0,0,0,3,0,40.0262,-75.1212, , 
58529,653969,2012048349,6,67,67301,2012,4,3,1736,17,4,1,0,8,1, , ,N,1,3,0,3,0,1,2,2,N,N,40 00:32.119,75 06:01.299,2048, ,2046, ,0, ,N, ,3, , , , , , , , , ,1,0,0,0,0,0,1,0,0,0,0,1,1,0,0,0,0,0,0,0,1,0,0,0,0,0,0,0,0,0,0,0,1,0,0,4,0,40.0089,-75.1004, , 
58530,653973,2012050757,6,67,67301,2012,5,5,1600,16,1,1,0,1,1, , ,N,0,0,3,3,0,0,2,2,N,N,39 53:20.262,75 12:07.893,1600, ,1600,1,1,1,N, ,0,Y, , , , , , , , ,2,1,0,0,1,0,0,0,0,0,0,0,0,0,0,0,0,0,0,0,0,0,0,0,0,0,0,0,0,0,0,0,0,0,0,0,0,39.889,-75.2022, , 
58531,654008,2012032493,6,67,67301,2012,2,1,11,0,3,1,0,1,1, , ,N,2,2,7,3,0,1,5,2,N,N,39 53:31.043,75 14:31.507,16, ,14,3,1,3,N, ,3,Y, , , , , , , , ,2,0,0,0,2,0,0,0,0,0,0,1,1,0,0,0,0,0,0,0,1,0,0,0,0,0,0,0,0,0,0,0,0,0,0,4,0,39.8919,-75.2419, , 
58532,654018,2012048271,6,67,67301,2012,4,3,755,7,1,1,0,4,1, , ,N,1,0,0,3,0,1,2,2,N,N,40 06:00.676,75 01:18.249,1815, ,1803, ,0, ,N, ,0, , , , , , , , , ,1,0,0,0,0,0,1,0,1,0,0,0,1,1,0,0,0,0,0,0,1,0,0,0,0,0,0,0,0,0,0,0,0,0,0,8,0,40.1002,-75.0217, , 
58533,654020,2012049761,6,67,67301,2012,2,3,1120,11,1,1,0,8,1, , ,N,2,2,0,3,0,1,2,2,N, ,39 57:17.585,75 11:02.159,1127, ,1126,2,2,3, , ,3,Y, , , , , , , , ,1,1,0,0,0,0,0,0,0,0,0,0,1,1,0,0,0,0,0,0,1,0,0,1,0,0,0,0,0,0,0,0,1,0,0,8,0,39.9549,-75.1839, , 
58534,654053,2012033061,6,67,67301,2012,2,4,1821,18,3,1,0,4,1, , ,N,3,0,0,3,0,0,2,2,N,N,40 02:28.894,75 08:39.243,1850, ,1821, ,0, ,N, ,0, , , , , , , , , ,2,0,0,0,0,0,2,0,0,0,0,0,0,0,0,0,0,0,0,0,0,0,0,2,0,0,0,0,0,0,0,0,0,0,0,0,0,40.0414,-75.1442, , 
58535,654058,2012038544,6,67,67301,2012,4,1,1107,11,1,1,0,7,4, , ,N,7,0,2,3,0,1,1,1,N,N,39 58:34.136,75 11:44.141,1111, ,1107,1,2,3,N, ,0,N, , , , , , , , ,1,0,0,0,0,0,1,0,0,0,0,1,1,0,0,0,0,0,0,0,0,0,0,1,0,0,0,0,0,0,0,0,0,0,0,4,0,39.9761,-75.1956, , 
58536,654062,2012045150,6,67,67301,2012,4,1,843,8,1,1,0,5,1, , ,N,0,0,0,3,0,3,3,3,N,N,39 57:36.310,75 10:46.393,850, ,846,2,1,4,N, ,0,N, , , , , , , , ,2,1,0,0,0,0,1,0,0,0,1,2,3,0,0,0,0,0,0,0,0,0,0,0,0,0,0,0,0,0,0,0,0,0,0,3,0,39.9601,-75.1796, , 
58537,654075,2012061205,6,67,67301,2012,3,7,1345,13,1,1,0,1,1, , ,N,1,2,0,3,0,1,2,2,N,N,39 57:02.546,75 09:01.347,0, ,0, ,0, ,N, ,3, , , , , , , , , ,2,0,0,0,1,0,1,0,0,0,1,0,1,0,0,0,0,0,0,0,0,0,0,0,0,0,0,0,0,0,0,0,0,0,0,3,0,39.9507,-75.1504, , 
58538,654078,2012066559,6,67,67301,2012,5,4,1315,13,1,1,0,4,1, , ,N,2,3,0,3,0,1,3,2,N, ,39 56:57.192,75 10:03.464,1400, ,1400, ,0, ,N, ,9, , , , , , , , , ,2,2,0,0,0,0,0,0,0,0,0,1,1,0,1,0,0,0,0,0,1,0,1,0,0,0,0,0,0,0,0,0,0,0,0,4,0,39.9492,-75.1676, , 
58539,643297,2012020415,6,67,67301,2012,1,3,2143,21,3,1,1,6,1, , ,N,1,2,0,3,0,0,2,2,N, ,39 56:50.600,75 10:04.875,2146, ,2144,2,1,4, , ,3,N, , , , , , , , ,2,1,0,0,1,0,0,0,0,0,0,0,0,0,0,0,0,0,0,0,0,0,0,0,0,0,0,0,0,0,0,0,0,0,0,0,0,39.9474,-75.168, , 
58540,643299,2012027737,6,67,67301,2012,2,5,605,6,5,1,0,4,1, , ,N,5,2,0,3,0,2,2,2,N,N,40 05:09.739,75 12:42.976,620, ,610, ,0, ,N, ,3, , , , , , , , , ,2,1,0,0,0,0,1,0,0,0,0,0,2,2,0,0,0,0,0,0,1,0,0,0,0,0,0,0,0,0,0,0,0,0,0,8,0,40.0861,-75.2119, , 
58541,643301,2012028486,6,67,67301,2012,2,6,948,9,1,1,0,4,1, , ,N,1,2,0,3,0,2,6,2,N, ,39 57:07.661,75 09:41.216,948, ,948,1,2,1, , ,3,Y, , , , , , , , ,2,1,0,0,0,0,0,1,0,0,0,0,2,2,0,0,0,0,0,0,0,0,0,0,0,0,0,0,0,0,0,0,0,0,0,8,0,39.9521,-75.1615, , 
58542,643354,2012026232,6,67,67301,2012,1,1,837,8,1,1,0,2,1, , ,N,0,0,0,3,0,0,4,2,N,N,40 02:10.294,75 09:20.329,840, ,837, ,0, ,N, ,0, , , , , , , , , ,2,1,0,0,1,0,0,0,0,0,0,0,0,0,0,0,0,0,0,0,0,0,0,0,0,0,0,0,0,0,0,0,0,0,0,0,0,40.0362,-75.1556, , 
58543,643363,2012041496,6,67,67301,2012,3,6,2054,20,3,1,0,4,1, , ,N,1,2,0,3,0,3,4,2,N,N,39 56:43.954,75 09:54.099,2101, ,2100,1,1,3,N, ,3,Y, , , , , , , , ,1,0,0,1,0,0,0,0,1,0,0,0,3,3,0,0,0,0,0,0,1,0,0,0,0,0,0,0,0,0,0,0,0,0,0,8,1,39.9456,-75.165, , 
58544,643364,2012041505,6,67,67301,2012,3,4,1655,16,1,1,0,4,1, , ,N,2,0,0,3,0,1,3,3,N,N,39 55:35.644,75 11:27.725,1707, ,1706,1,2,6, , ,0,N, , , , , , , , ,2,2,0,0,0,0,0,0,0,0,0,0,1,1,0,0,0,0,0,0,1,0,0,0,0,0,0,0,0,0,0,0,1,0,0,8,0,39.9266,-75.191, , 
58545,643375,2012048073,6,67,67301,2012,4,3,1020,10,1,1,0,5,1,8,8,Y,1,2,0,3,0,1,2,2,N,N,39 58:15.383,75 07:42.530,1030,99,1026,9,1,4,N, ,3,N,U,U,U,U,U,U,U,U,2,0,0,0,0,1,0,1,0,0,0,0,1,1,0,0,0,0,0,0,1,0,0,0,0,0,0,0,0,0,0,0,0,0,0,8,1,39.9708,-75.1284, , 
58546,643424,2012032610,6,67,67301,2012,2,5,1014,10,1,2,1,4,1, , ,N,1,2,0,3,0,2,2,2,N,N,39 58:46.036,75 13:31.401,1016, ,1015, ,0, ,N, ,3, , , , , , , , , ,2,2,0,0,0,0,0,0,0,0,1,1,2,0,0,0,0,0,0,0,0,0,0,0,0,0,0,0,0,0,0,0,0,0,0,3,0,39.9794,-75.2253, , 
58547,643439,2012013307,6,67,67301,2012,1,4,2321,23,3,1,0,7,2, , ,N,0,0,0,3,0,1,1,1,N,N,39 53:19.280,75 12:09.202,2338, ,2325,1,1,1,N, ,0,N, , , , , , , , ,1,1,0,0,0,0,0,0,0,0,0,0,1,1,0,0,0,0,0,0,0,1,0,0,0,0,0,0,0,0,0,0,0,0,0,8,0,39.8887,-75.2026, , 
58548,643441,2012015414,6,67,67301,2012,1,1,2030,20,3,1,0,1,1, , ,N,1,2,0,3,0,2,3,2,N,N,40 01:39.299,75 06:35.952,2034, ,2032,9,1,6,N, ,3,N, , , , , , , , ,2,2,0,0,0,0,0,0,0,0,0,0,2,2,0,0,0,0,0,0,0,0,0,0,0,0,0,0,0,0,0,0,0,0,0,8,0,40.0277,-75.11, , 
58549,643444,2012017931,6,67,67301,2012,1,6,1713,17,4,1,0,4,1, , ,N,2,3,0,3,0,2,3,2,N, ,40 00:18.151,75 04:49.382,1721, ,1721, ,0, , , ,3, , , , , , , , , ,2,2,0,0,0,0,0,0,0,0,0,2,2,0,1,0,0,0,0,0,0,0,0,3,0,0,0,0,0,0,0,0,0,0,0,4,0,40.005,-75.0804, , 
58550,643447,2012020565,6,67,67301,2012,1,4,939,9,1,1,0,2,1, , ,N,2,0,0,3,0,0,2,2,N, ,40 06:00.144,74 59:08.192,948, ,940,2,1,2, , ,0,N, , , , , , , , ,2,2,0,0,0,0,0,0,0,0,0,0,0,0,0,0,0,0,0,0,0,0,1,0,0,0,0,0,0,0,0,0,0,0,0,0,0,40.1,-74.9856, , 
58551,643449,2012021377,6,67,67301,2012,1,4,1516,15,1,1,0,5,2, , ,N,2,2,0,3,0,2,5,2,N,N,40 01:21.612,75 08:12.364,1524, ,1517,1,1,3,N, ,3,N, , , , , , , , ,2,0,0,0,0,0,2,0,0,0,0,2,2,0,0,0,0,0,0,0,1,1,0,0,0,0,0,0,0,0,0,0,0,0,0,4,0,40.0227,-75.1368, , 
58552,643456,2012028488,6,67,67301,2012,2,4,0,0,3,1,0,1,2, , ,N,0,0,0,3,0,1,1,2,N,N,39 56:38.198,75 10:03.954,4, ,2, ,0, ,N, ,0, , , , , , , , , ,2,1,0,0,0,0,0,1,0,0,0,1,1,0,0,0,0,0,0,0,1,0,0,0,0,0,0,0,0,0,0,0,0,0,0,4,0,39.9439,-75.1678, , 
58553,643460,2012032682,6,67,67301,2012,2,2,1824,18,3,1,0,4,1, , ,N,2,3,0,3,0,1,2,2,N, ,40 05:20.611,75 02:43.857,1825, ,1824,2,1,4, , ,3,N, , , , , , , , ,2,1,0,0,0,0,1,0,0,0,0,1,1,0,0,0,0,0,0,0,0,0,1,0,0,0,0,0,0,0,0,0,0,0,0,4,0,40.0891,-75.0455, , 
58554,643474,2012048203,6,67,67301,2012,4,4,9999,99,1,1,0,4,1, , ,N,1,2,0,3,0,1,5,2,N,N,40 00:24.350,75 07:53.666,1439, ,1435, ,0, , , ,3, , , , , , , , , ,2,1,0,0,0,0,0,1,0,0,1,0,1,0,0,0,0,0,0,0,1,0,0,0,0,0,0,0,0,0,0,0,0,0,0,3,0,40.0068,-75.1316, , 
58555,643495,2012033889,6,67,67301,2012,2,5,720,7,1,2,1,4,1, , ,N,0,0,0,3,0,0,1,2,N,N,40 04:34.320,75 10:37.876,735, ,725, ,0, ,N, ,0, , , , , , , , , ,2,1,0,0,1,0,0,0,0,0,0,0,0,0,0,0,0,0,0,0,0,0,0,0,0,0,0,0,0,0,0,0,0,0,0,0,0,40.0762,-75.1772, , 
58556,643497,2012036832,6,67,67301,2012,2,4,1800,18,3,2,1,2,1, , ,N,1,2,0,3,0,1,2,2,N, ,39 58:02.378,75 14:44.992,1808, ,1805, ,0, , , ,3, , , , , , , , , ,2,1,0,0,0,0,0,1,0,0,0,1,1,0,0,0,0,0,0,0,0,0,0,0,0,0,0,0,0,0,0,0,0,0,0,4,0,39.9673,-75.2457, , 
58557,646658,2012041564,6,67,67301,2012,3,7,1125,11,1,2,1,4,1, , ,N,0,0,7,3,0,2,4,2,N,N,39 59:10.641,75 13:55.321,1140, ,1132, ,0, ,N, ,0, , , , , , , , , ,2,2,0,0,0,0,0,0,0,0,0,2,2,0,0,0,0,0,0,0,0,0,0,0,0,0,0,0,0,0,0,0,0,0,0,4,0,39.9863,-75.232, , 
58558,646676,2012025006,6,67,67301,2012,3,5,48,0,3,2,1,7,4, , ,N,0,0,0,3,0,3,3,1,N,N,39 57:45.039,75 10:59.345,52, ,49,1,1,4,N, ,0,N, , , , , , , , ,1,1,0,0,0,0,0,0,0,0,2,1,3,0,0,0,0,0,0,0,0,0,0,3,0,0,0,0,0,0,0,0,0,0,0,3,0,39.9626,-75.1832, , 
58559,646681,2012030798,6,67,67301,2012,3,3,1453,14,1,1,0,6,1, , ,N,0,0,2,3,0,5,5,2,N,N,40 02:50.923,74 59:59.580,1502, ,1455,1,2,1,N, ,0,N, , , , , , , , ,2,1,0,0,0,0,1,0,0,0,0,0,5,5,0,0,0,0,0,0,0,0,0,0,0,0,0,0,0,0,0,0,0,0,0,8,0,40.0475,-74.9999, , 
58560,646720,2012013082,6,67,67301,2012,1,3,1031,10,1,1,0,4,1, , ,N,2,2,7,3,0,0,3,2,N,N,40 02:53.161,75 00:47.627,1040, ,1034, ,0, ,N, ,3, , , , , , , , , ,2,1,0,0,0,0,1,0,0,0,0,0,0,0,0,0,0,0,0,0,1,1,0,0,0,0,0,0,0,0,0,0,0,0,0,0,0,40.0481,-75.0132, , 
58561,646728,2012022524,6,67,67301,2012,2,1,1515,15,1,1,0,1,1, , ,N,0,0,0,3,0,1,4,2,N,N,39 57:29.155,75 09:49.031,1527, ,1523, ,0, ,N, ,0, , , , , , , , , ,2,2,0,0,0,0,0,0,0,0,0,0,1,1,0,0,0,0,0,0,0,0,0,0,0,0,0,0,0,0,0,0,0,0,0,8,0,39.9581,-75.1636, , 
58562,646752,2012042296,6,67,67301,2012,3,2,1732,17,1,1,0,1,1, , ,N,0,0,0,3,0,0,2,2,N,N,39 59:30.263,75 05:10.061,1806, ,1734,1,1,1,N, ,0,N, , , , , , , , ,2,1,0,0,1,0,0,0,0,0,0,0,0,0,0,0,0,0,0,0,0,0,0,0,0,0,0,0,0,0,0,0,0,0,0,0,0,39.9918,-75.0861, , 
58563,646755,2012048123,6,67,67301,2012,3,6,816,8,1,1,0,4,1, , ,N,1,3,0,3,0,2,3,2,N,N,39 59:46.503,75 07:27.397,825, ,819,1,1,3,N, ,3,N, , , , , , , , ,2,2,0,0,0,0,0,0,0,0,0,2,2,0,0,0,0,0,0,1,0,0,0,2,0,0,0,0,0,0,0,0,0,0,0,4,0,39.9963,-75.1243, , 
58564,646772,2012013102,6,67,67301,2012,1,4,9999,99,3,4,5,4,1, , ,N,2,0,2,3,0,2,3,2,N,N,39 57:15.516,75 08:23.025,2310, ,2300, ,0, ,N, ,0, , , , , , , , , ,2,1,0,0,1,0,0,0,0,0,1,0,2,1,0,0,0,0,0,0,0,0,0,0,0,0,0,0,0,0,0,0,0,0,0,3,0,39.9541,-75.1395, , 
58565,646779,2012020583,6,67,67301,2012,1,2,9999,99,3,1,0,1,1, , ,N,1,2,0,3,0,2,2,2,N,N,40 00:37.735,75 04:44.705,9999, ,9999,1,2,1, , ,3,Y, , , , , , , , ,2,1,0,0,0,0,1,0,0,0,0,2,2,0,0,0,0,0,0,0,0,0,0,0,0,0,0,0,0,0,0,0,0,0,0,4,0,40.0104,-75.0793, , 
58566,646790,2012031952,6,67,67301,2012,3,4,2028,20,3,1,0,7,2, , ,N,0,0,0,3,0,1,1,1,N,N,39 55:52.827,75 08:44.146,2030, ,2030,1,1,1,N, ,0,Y, , , , , , , , ,1,1,0,0,0,0,0,0,0,0,0,0,1,1,0,0,0,0,0,1,0,0,0,0,0,0,0,0,0,0,0,0,0,0,0,8,0,39.9312,-75.1456, , 
58567,646793,2012034761,6,67,67301,2012,3,3,1631,16,1,1,0,4,1, , ,N,0,0,0,3,0,2,5,5,N,N,40 00:11.230,75 07:27.504,1631, ,1631,2,2,5,N, ,0,Y, , , , , , , , ,5,4,0,0,1,0,0,0,0,0,1,0,2,1,0,0,0,0,0,0,1,0,0,1,0,0,0,0,0,0,0,0,0,0,0,3,0,40.0031,-75.1243, , 
58568,646795,2012036799,6,67,67301,2012,3,3,1045,10,1,1,0,4,1, , ,N,5,2,0,3,0,1,2,2,N,N,39 58:59.961,75 10:53.620,1051, ,1050, ,0, ,N, ,3, , , , , , , , , ,2,1,0,0,0,1,0,0,0,0,0,1,1,0,0,0,0,0,0,0,0,0,0,0,0,0,0,0,0,0,0,0,0,0,0,4,1,39.9833,-75.1816, , 
58569,646796,2012036812,6,67,67301,2012,3,4,1333,13,1,1,0,4,1, , ,N,2,2,0,3,0,1,3,2,N,N,40 06:30.571,75 02:28.165,1350, ,1345,2,1,3, , ,3,N, , , , , , , , ,2,2,0,0,0,0,0,0,0,0,0,0,1,1,0,0,0,0,0,0,0,0,1,0,0,0,0,0,0,0,0,0,0,0,0,8,0,40.1085,-75.0412, , 
58570,646876,2012029138,6,67,67301,2012,3,2,624,6,3,1,0,1,1, , ,N,0,0,0,3,0,2,5,2,N,N,39 57:24.814,75 09:18.839,630, ,628,1,1,3,N, ,0,N, , , , , , , , ,2,2,0,0,0,0,0,0,0,0,0,2,2,0,0,0,0,0,1,0,0,0,0,0,0,0,0,0,0,0,0,0,0,0,0,4,0,39.9569,-75.1552, , 
58571,646878,2012031599,6,67,67301,2012,3,2,1958,19,3,1,0,1,1, , ,N,0,8,0,3,0,2,2,2,N,N,40 00:59.747,75 03:02.974,2022, ,1958,2,1,1,N, ,3,N, , , , , , , , ,2,2,0,0,0,0,0,0,0,1,1,0,2,0,0,0,0,0,0,0,0,1,0,2,0,1,0,0,0,0,0,0,0,0,0,2,0,40.0165,-75.0509, , 
58572,646885,2012037420,6,67,67301,2012,3,2,910,9,1,1,0,4,2, , ,N,0,0,0,3,0,1,1,2,N,Y,40 03:35.621,75 01:40.705,915, ,910, ,0, ,N, ,0, , , , , , , , , ,2,2,0,0,0,0,0,0,0,0,0,0,1,1,0,0,0,0,1,0,0,0,0,0,0,0,0,0,0,0,0,0,0,0,0,8,0,40.0599,-75.028, , 
58573,646889,2012039831,6,67,67301,2012,3,7,9999,99,3,1,0,1,1, , ,N,0,0,0,3,0,1,2,3,N,N,39 59:05.587,75 11:16.387,2125, ,2123, ,0, ,N, ,0, , , , , , , , , ,3,2,1,0,0,0,0,0,0,0,1,0,1,0,0,0,0,0,0,0,0,0,0,0,0,0,0,0,0,0,0,0,0,0,0,3,0,39.9849,-75.1879, , 
58574,646893,2012046661,6,67,67301,2012,5,4,1428,14,1,1,0,4,1, , ,N,1,2,0,3,0,1,3,3,Y,N,40 01:32.331,75 07:20.187,1445, ,1429,2,1,1,Y, ,3,N, , , , , , , , ,3,0,0,1,1,0,1,0,0,0,0,1,1,0,0,0,0,0,0,0,0,0,0,0,0,0,0,0,0,0,0,0,0,0,0,4,1,40.0256,-75.1223, , 
58575,650543,2012036902,6,67,67301,2012,2,6,9999,99,1,1,0,4,1, , ,N,3,3,0,3,0,1,2,3,N,N,40 00:18.108,75 08:10.960,1522, ,1522,1,1,3,N, ,3,Y, , , , , , , , ,3,3,0,0,0,0,0,0,0,0,0,0,1,1,0,0,0,0,0,0,1,0,0,0,0,0,0,0,0,0,0,0,0,0,0,8,0,40.005,-75.1364, , 
58576,650554,2012047267,6,67,67301,2012,4,4,715,7,1,1,0,4,1, , ,N,2,2,7,3,0,2,5,4,N, ,40 00:34.739,75 03:50.936,725, ,719,1,1,1, , ,3,N, , , , , , , , ,4,3,0,0,1,0,0,0,0,0,0,1,2,1,0,0,0,0,0,1,2,0,0,0,0,0,0,0,0,0,0,0,0,0,0,4,0,40.0096,-75.064, , 
58577,650559,2012049825,6,67,67301,2012,5,3,845,8,1,2,1,4,1, , ,N,1,0,0,3,0,1,2,4,N,N,40 02:55.176,75 04:36.548,850, ,847, ,0, ,N, ,0, , , , , , , , , ,4,1,0,0,0,0,2,1,0,0,0,1,1,0,0,0,0,0,0,1,0,0,0,0,0,0,0,0,0,0,0,0,0,0,0,4,0,40.0487,-75.0768, , 
58578,650567,2012084152,6,67,67301,2012,8,4,940,9,1,1,0,4,1, , ,N,1,2,0,3,0,0,2,2,N,N,39 58:20.238,75 09:57.031,956, ,953, ,0, ,N, ,3, , , , , , , , , ,2,1,0,0,1,0,0,0,0,0,0,0,0,0,0,0,0,0,0,0,0,0,1,2,0,0,0,0,0,0,0,0,0,0,0,0,0,39.9723,-75.1658, , 
58579,650578,2012095555,6,67,67301,2012,8,1,855,8,1,1,0,1,1, , ,N,1,3,0,3,0,2,2,2,N,N,39 55:46.527,75 09:41.518,905, ,859, ,0, ,N, ,3, , , , , , , , , ,1,1,0,0,0,0,0,0,0,0,0,0,1,1,0,0,0,0,0,0,0,0,0,0,0,0,0,0,0,0,0,0,0,0,0,8,0,39.9296,-75.1615, , 
58580,650581,2012098227,6,67,67301,2012,8,6,1125,11,1,1,0,4,1, , ,N,1,3,0,3,0,1,2,2,N, ,40 01:20.398,75 07:50.350,1135, ,1133, ,0, , , ,3, , , , , , , , , ,2,2,0,0,0,0,0,0,0,0,0,0,0,0,1,0,0,0,0,0,1,0,0,0,0,0,0,0,0,0,0,0,0,0,0,9,0,40.0223,-75.1307, , 
58581,650582,2012098239,6,67,67301,2012,9,2,1030,10,1,1,0,8,3, , ,N,5,2,0,3,0,1,1,2,N,N,40 02:28.937,75 08:38.815,1031, ,1030, ,0, ,N, ,3, , , , , , , , , ,1,1,0,0,0,0,0,0,0,0,0,1,1,0,0,0,0,0,0,0,0,0,0,0,0,0,0,0,0,0,0,0,1,0,0,4,0,40.0414,-75.1441, , 
58582,650595,2012117216,6,67,67301,2012,10,4,1455,14,1,1,0,8,1, , ,N,1,3,0,3,0,3,3,2,Y,Y,39 59:07.112,75 10:23.300,1506, ,1505,3,2,4,N, ,3,Y, , , , , , , , ,1,0,0,1,0,0,0,0,0,0,0,1,1,0,0,0,0,0,0,0,0,0,0,0,0,0,0,0,0,0,0,0,0,0,0,4,1,39.9853,-75.1731, , 
58583,650596,2012117280,6,67,67301,2012,10,3,850,8,1,1,0,5,1, , ,N,1,2,0,3,0,2,3,3,N,N,40 00:30.704,75 12:38.642,1136, ,1133, ,0, ,N, ,3, , , , , , , , , ,3,3,0,0,0,0,0,0,0,0,0,2,2,0,0,0,0,0,0,0,0,0,0,0,0,0,0,0,0,0,0,0,0,0,0,4,0,40.0085,-75.2107, , 
58584,650622,2012015419,6,67,67301,2012,1,5,1815,18,3,1,0,4,1, , ,N,3,2,0,3,0,2,3,2,N,N,40 02:07.087,75 06:30.627,1842, ,1840, ,0, ,N, ,3, , , , , , , , , ,2,2,0,0,0,0,0,0,0,0,2,0,2,0,0,0,0,0,0,0,2,0,0,0,0,0,0,0,0,0,0,0,0,0,0,3,0,40.0353,-75.1085, , 
58585,650629,2012022966,6,67,67301,2012,2,6,1605,16,1,1,0,1,1, , ,N,0,0,0,3,0,1,2,2,N,N,39 59:41.944,75 05:00.697,1631, ,1610, ,0, ,N, ,0, , , , , , , , , ,2,1,0,0,1,0,0,0,0,0,0,1,1,0,0,0,0,0,0,0,0,0,0,0,0,0,0,0,0,0,0,0,0,0,0,4,0,39.9949,-75.0836, , 
58586,650645,2012041704,6,67,67301,2012,3,7,1615,16,1,1,0,1,1, , ,N,0,0,0,3,0,1,2,2,N,N,39 57:05.466,75 09:46.432,1640, ,1633, ,0, ,N, ,0, , , , , , , , , ,1,0,0,0,1,0,0,0,1,0,0,1,1,0,0,0,0,0,0,0,0,0,0,0,0,0,0,0,0,0,0,0,0,0,0,4,0,39.9515,-75.1629, , 
58587,650690,2012032649,6,67,67301,2012,2,2,1644,16,1,1,0,4,1, , ,N,1,0,0,3,0,0,4,2,N,N,40 04:02.789,75 00:32.080,1646, ,1645, ,0, , , ,0, , , , , , , , , ,2,2,0,0,0,0,0,0,0,0,0,0,0,0,0,0,0,0,0,0,1,0,0,0,0,0,0,0,0,0,0,0,0,0,0,0,0,40.0673,-75.0089, , 
58588,650693,2012037700,6,67,67301,2012,3,5,1309,13,1,1,0,4,1, , ,N,0,0,0,3,0,2,3,5,N,N,39 56:11.212,75 10:13.519,1315, ,1311, ,0, ,N, ,0, , , , , , , , , ,5,2,0,0,1,0,0,2,0,0,0,0,2,2,0,0,0,0,0,0,0,0,0,0,0,0,0,0,0,0,0,0,0,0,0,8,0,39.9364,-75.1704, , 