objectid_1,objectid,crn,district,county,municipality,crash_year,crash_month,day_of_week,time_of_day,hour_of_day,illumination,weather,road_condition,collision_type,relation_to_road,work_zone_type,work_zone_loc,work_zone_ind,intersect_type,tcd_type,location_type,urban_rural,fatal_count,injury_count,person_count,total_units,sch_bus_ind,sch_zone_ind,latitude,longitude,arrival_tm,cons_zone_spd_lim,dispatch_tm,est_hrs_closed,lane_closed,ln_close_dir,ntfy_hiwy_maint,spec_juris_cd,tcd_func_cd,tfc_detour_ind,workers_pres,wz_close_detour,wz_flagger,wz_law_offcr_ind,wz_ln_closure,wz_moving,wz_other,wz_shlder_mdn,vehicle_count,automobile_count,motorcycle_count,bus_count,small_truck_count,heavy_truck_count,suv_count,van_count,bicycle_count,maj_inj_count,mod_inj_count,min_inj_count,tot_inj_count,unk_inj_deg_count,unk_inj_per_count,driver_count_16yr,driver_count_17yr,driver_count_18yr,driver_count_19yr,driver_count_20yr,driver_count_50_64yr,driver_count_65_74yr,driver_count_75plus,unbelted_occ_count,unb_death_count,unb_maj_inj_count,belted_death_count,belted_maj_inj_count,mcycle_death_count,mcycle_maj_inj_count,bicycle_death_count,bicycle_maj_inj_count,ped_count,ped_death_count,ped_maj_inj_count,max_severity_level,comm_veh_count,dec_lat,dec_long,rdwy_surf_type_cd,county_name
58792,651089,2012056646,6,67,67301,2012,5,3,540,5,5,2,1,7,2, , ,N,0,0,2,3,0,0,1,1,N, ,40 06:34.576,74 59:52.995,555, ,540,1,2,2, , ,0,Y, , , , , , , , ,1,1,0,0,0,0,0,0,0,0,0,0,0,0,0,0,0,0,0,0,0,0,0,0,0,0,0,0,0,0,0,0,0,0,0,0,0,40.1096,-74.9981, , 
58793,651128,2012041343,6,67,67301,2012,4,2,1503,15,1,1,0,1,1, , ,N,0,0,0,3,0,2,4,2,N,N,39 58:45.256,75 06:29.871,1511, ,1509,1,2,1,N, ,0,N, , , , , , , , ,2,1,0,0,1,0,0,0,0,0,0,2,2,0,0,0,0,0,0,0,0,0,0,0,0,0,0,0,0,0,0,0,0,0,0,4,0,39.9792,-75.1084, , 
58794,651129,2012042155,6,67,67301,2012,3,6,1845,18,3,1,0,1,1, , ,N,0,0,0,3,0,1,3,2,N,Y,39 58:57.615,75 06:07.265,2115, ,9999, ,0, , , ,0, , , , , , , , , ,2,2,0,0,0,0,0,0,0,0,0,1,1,0,0,0,0,0,0,0,0,0,0,0,0,0,0,0,0,0,0,0,0,0,0,4,0,39.9827,-75.102, , 
58795,651132,2012048251,6,67,67301,2012,4,3,2338,23,3,1,0,1,1, , ,N,1,2,0,3,0,1,3,3,N,N,39 55:16.534,75 11:37.851,2342, ,2338, ,0, ,N, ,3, , , , , , , , , ,3,2,0,0,1,0,0,0,0,0,0,0,1,1,0,0,0,0,0,0,0,0,0,0,0,0,0,0,0,0,0,0,0,0,0,8,0,39.9211,-75.1938, , 
58796,651158,2012020368,6,67,67301,2012,1,6,1035,10,1,1,0,8,1, , ,N,1,2,0,3,0,1,2,2,N,N,40 02:16.612,75 07:48.705,1041, ,1041, ,0, ,N, ,3, , , , , , , , , ,1,1,0,0,0,0,0,0,0,0,0,0,1,1,0,0,0,0,0,0,1,0,0,0,0,0,0,0,0,0,0,0,1,0,0,8,0,40.0379,-75.1302, , 
58797,651165,2012026946,6,67,67301,2012,3,2,1040,10,1,1,0,6,1, , ,N,2,2,0,3,0,0,2,2,N,N,39 53:56.856,75 10:29.425,1055, ,1045, ,0, ,N, ,3, , , , , , , , , ,2,1,0,0,0,1,0,0,0,0,0,0,0,0,0,0,0,0,0,0,0,0,0,0,0,0,0,0,0,0,0,0,0,0,0,0,1,39.8991,-75.1748, , 
58798,651185,2012048100,6,67,67301,2012,3,1,2317,23,3,1,0,4,1, , ,N,1,2,0,3,0,0,5,2,N,N,39 57:38.492,75 14:35.151,2330, ,2250, ,0, ,N, ,3, , , , , , , , , ,2,2,0,0,0,0,0,0,0,0,0,0,0,0,0,0,0,0,0,0,1,0,0,0,0,0,0,0,0,0,0,0,0,0,0,0,0,39.9607,-75.243, , 
58799,651186,2012048260,6,67,67301,2012,4,1,1629,16,1,1,0,4,1, , ,N,1,2,0,3,0,1,4,2,N,N,39 55:14.736,75 13:34.723,1631, ,1629, ,0, ,N, ,3, , , , , , , , , ,2,1,0,0,0,0,1,0,0,0,0,1,1,0,0,0,0,0,0,0,0,0,0,0,0,0,0,0,0,0,0,0,0,0,0,4,0,39.9208,-75.2263, , 
58800,651227,2012048312,6,67,67301,2012,4,6,9999,99,3,1,0,4,1, , ,N,1,3,0,3,0,1,2,2,N,N,40 02:22.074,75 00:51.519,2226, ,2224, ,0, ,N, ,3, , , , , , , , , ,2,2,0,0,0,0,0,0,0,0,0,1,1,0,0,0,0,0,0,0,1,0,0,0,0,0,0,0,0,0,0,0,0,0,0,4,0,40.0395,-75.0143, , 
58801,651234,2012049849,6,67,67301,2012,5,3,2000,20,3,1,0,4,1, , ,N,0,3,7,3,0,1,2,2,N,N,39 59:44.966,75 10:08.968,2130, ,2125,2,1,4,N, ,3,N, , , , , , , , ,2,1,1,0,0,0,0,0,0,0,0,1,1,0,0,0,0,1,0,0,0,0,0,0,0,0,0,0,0,0,0,0,0,0,0,4,0,39.9958,-75.1692, , 
58802,651250,2012019385,6,67,67301,2012,2,2,356,3,3,1,0,7,3, , ,N,0,0,6,3,0,0,1,1,N,N,40 04:07.933,75 02:22.685,401, ,358,1,2,2,N, ,0,Y, , , , , , , , ,1,1,0,0,0,0,0,0,0,0,0,0,0,0,0,0,0,0,0,0,0,0,0,0,0,0,0,0,0,0,0,0,0,0,0,0,0,40.0689,-75.0396, , 
58803,651267,2012041595,6,67,67301,2012,2,4,2135,21,3,2,1,7,2, , ,N,0,0,0,3,0,1,1,1,N, ,40 00:02.191,75 11:11.228,2146, ,2142, ,0, , , ,0, , , , , , , , , ,1,0,0,0,1,0,0,0,0,0,0,1,1,0,0,0,0,0,0,0,0,0,0,0,0,0,0,0,0,0,0,0,0,0,0,4,0,40.0006,-75.1865, , 
58804,651268,2012042172,6,67,67301,2012,3,2,1310,13,1,1,0,7,2, , ,N,0,0,0,3,0,1,1,2,N,N,39 57:57.670,75 10:44.470,1320, ,1315, ,0, ,N, ,0, , , , , , , , , ,1,0,0,0,0,0,1,0,0,0,1,0,1,0,0,0,0,0,0,0,0,0,0,0,0,0,0,0,0,0,0,0,0,0,0,3,0,39.966,-75.179, , 
58805,651270,2012042436,6,67,67301,2012,3,5,1030,10,1,1,0,1,1, , ,N,0,0,3,3,0,1,2,2,N,N,39 57:36.683,75 10:49.599,1044, ,1039,1,2,4,N, ,0,N, , , , , , , , ,2,0,0,0,1,0,1,0,0,0,0,1,1,0,0,0,0,0,0,0,1,0,0,0,0,0,0,0,0,0,0,0,0,0,0,4,1,39.9602,-75.1804, , 
58806,651276,2012048118,6,67,67301,2012,4,5,1235,12,1,1,0,8,1, , ,N,1,2,0,3,0,1,2,2,N, ,40 00:34.803,75 09:16.041,1245, ,1240, ,0, , , ,3, , , , , , , , , ,1,1,0,0,0,0,0,0,0,0,0,0,1,1,0,0,0,0,0,0,0,0,0,1,0,0,0,0,0,0,0,0,1,0,0,8,0,40.0097,-75.1544, , 
58807,651297,2012019960,6,67,67301,2012,1,5,1436,14,1,2,1,4,1, , ,N,2,1,0,3,0,1,2,2,N,Y,40 04:55.633,74 58:32.226,1505, ,1500,2,1,2,N, ,3,N, , , , , , , , ,2,1,0,0,1,0,0,0,0,0,0,1,1,0,0,0,0,0,0,0,0,0,0,0,0,0,0,0,0,0,0,0,0,0,0,4,0,40.0821,-74.9755, , 
58808,651312,2012035006,6,67,67301,2012,3,7,2008,20,3,1,0,1,1, , ,N,0,0,0,3,0,2,2,2,N,N,40 01:18.269,75 02:21.457,2013, ,2010, ,0, ,N, ,0, , , , , , , , , ,2,2,0,0,0,0,0,0,0,0,0,2,2,0,0,0,0,0,0,0,1,0,0,0,0,0,0,0,0,0,0,0,0,0,0,4,0,40.0217,-75.0395, , 
58809,651326,2012047253,6,67,67301,2012,4,5,950,9,1,1,0,4,1, , ,N,1,2,0,3,0,2,2,2,N,N,40 02:11.789,75 03:52.061,1000, ,956,1,1,2,N, ,3,N, , , , , , , , ,2,1,0,0,1,0,0,0,0,0,0,2,2,0,0,0,0,0,0,0,0,0,1,0,0,0,0,0,0,0,0,0,0,0,0,4,0,40.0366,-75.0645, , 
58810,655335,2012051296,6,67,67301,2012,5,6,1657,16,1,1,0,1,1, , ,N,0,0,0,3,0,1,2,2,N,N,39 53:25.600,75 13:15.883,1714, ,1702, ,0, ,N, ,0, , , , , , , , , ,2,2,0,0,0,0,0,0,0,0,0,1,1,0,0,0,0,0,0,1,0,0,0,0,0,0,0,0,0,0,0,0,0,0,0,4,0,39.8904,-75.2211, , 
58811,655357,2012020516,6,67,67301,2012,1,6,952,9,1,2,1,1,1, , ,N,0,0,6,3,0,1,2,2,N,N,40 05:38.543,75 00:56.799,1001, ,955,1,1,2,N, ,0,N, , , , , , , , ,2,1,0,0,1,0,0,0,0,0,0,1,1,0,0,0,0,0,0,0,0,0,0,0,0,0,0,0,0,0,0,0,0,0,0,4,0,40.094,-75.0158, , 
58812,655398,2012012596,6,67,67301,2012,1,6,2016,20,3,1,0,8,1, , ,N,0,0,0,3,1,0,2,2,N, ,40 02:00.498,75 04:59.494,2042, ,2041, ,0, , ,0,0, , , , , , , , , ,1,1,0,0,0,0,0,0,0,0,0,0,0,0,0,0,0,0,0,0,0,0,0,0,0,0,0,0,0,0,0,0,1,1,0,1,0,40.0335,-75.0832,2, 
58813,655399,2012013107,6,67,67301,2012,1,2,1522,15,1,1,0,5,1, , ,N,0,0,7,3,0,1,2,2,N,N,40 03:52.000,75 03:15.230,1528, ,1523, ,0, ,N, ,0, , , , , , , , , ,2,1,0,0,0,0,0,1,0,0,0,0,1,1,0,0,0,0,0,0,1,0,0,0,0,0,0,0,0,0,0,0,0,0,0,8,0,40.0644,-75.0542, , 
58814,655401,2012015329,6,67,67301,2012,1,7,1135,11,1,1,0,1,1, , ,N,0,0,0,3,0,1,3,2,N,N,39 58:29.557,75 11:52.592,1143, ,1139, ,0, ,N, ,0, , , , , , , , , ,2,1,0,0,0,0,0,0,0,0,0,0,1,1,0,0,0,0,0,0,0,0,0,0,0,0,0,0,0,0,0,0,0,0,0,8,0,39.9749,-75.1979, , 
58815,655402,2012015455,6,67,67301,2012,1,3,1301,13,1,1,1,4,1, , ,N,1,2,2,3,0,2,3,2,N,N,39 57:11.095,75 10:54.091,1305, ,1301,9,2,7,N, ,3,N, , , , , , , , ,2,1,0,0,0,0,1,0,0,0,0,2,2,0,0,0,0,0,0,0,0,0,0,0,0,0,0,0,0,0,0,0,0,0,0,4,0,39.9531,-75.1818, , 
58816,655405,2012020558,6,67,67301,2012,1,3,9999,99,1,1,0,4,1, , ,N,0,0,7,3,0,1,2,2,N, ,40 02:55.019,75 03:32.527,1410, ,1400, ,0, , , ,0, , , , , , , , , ,2,2,0,0,0,0,0,0,0,0,0,0,1,1,0,0,0,0,0,0,0,2,0,0,0,0,0,0,0,0,0,0,0,0,0,8,0,40.0486,-75.059, , 
58817,655412,2012026181,6,67,67301,2012,1,7,330,3,3,1,0,4,2, , ,N,0,0,0,3,0,1,1,2,N, ,40 00:47.750,75 09:18.997,336, ,334,2,1,5, , ,0,N, , , , , , , , ,2,1,0,0,1,0,0,0,0,0,0,0,1,1,0,0,0,0,0,0,0,0,0,0,0,0,0,0,0,0,0,0,0,0,0,8,0,40.0133,-75.1553, , 
58818,655425,2012041628,6,67,67301,2012,3,5,800,8,1,1,0,8,1, , ,N,2,3,0,3,0,1,2,2,N,Y,40 01:41.941,75 12:45.809,828, ,825, ,0, , , ,3, , , , , , , , , ,1,0,0,0,1,0,0,0,0,0,0,1,1,0,0,0,0,0,0,0,0,0,0,0,0,0,0,0,0,0,0,0,1,0,0,4,0,40.0283,-75.2127, , 
58819,655451,2012015348,6,67,67301,2012,1,3,828,8,1,1,0,6,1, , ,N,0,0,7,3,0,1,2,2,N,N,40 00:34.621,75 07:03.352,842, ,832, ,0, , , ,0, , , , , , , , , ,2,1,0,0,0,1,0,0,0,0,0,1,1,0,0,0,0,0,0,0,0,0,0,0,0,0,0,0,0,0,0,0,0,0,0,4,1,40.0096,-75.1176, , 
58820,655454,2012020416,6,67,67301,2012,1,6,200,2,3,1,0,6,4, , ,N,0,0,0,3,0,0,2,2,N,N,40 03:25.030,75 00:11.646,205, ,202, ,0, ,N, ,0, , , , , , , , , ,2,2,0,0,0,0,0,0,0,0,0,0,0,0,0,0,0,0,0,0,0,0,0,0,0,0,0,0,0,0,0,0,0,0,0,0,0,40.057,-75.0032, , 
58821,655469,2012032548,6,67,67301,2012,2,6,9999,99,3,1,0,4,1, , ,N,5,2,0,3,0,3,6,2,N,N,39 59:56.641,75 06:31.521,238, ,238, ,0, ,N, ,3, , , , , , , , , ,2,1,0,0,0,0,0,1,0,0,0,0,3,3,1,0,0,0,0,0,0,0,0,0,0,0,0,0,0,0,0,0,0,0,0,8,0,39.9991,-75.1088, , 
58822,655481,2012039821,6,67,67301,2012,3,6,1605,16,1,1,0,4,1, , ,N,0,0,0,3,0,1,3,2,N,N,39 55:24.245,75 14:44.809,1615, ,1611,1,2,4,N, ,0,Y, , , , , , , , ,2,1,0,0,0,0,1,0,0,0,0,0,1,1,0,0,0,0,0,0,1,0,0,0,0,0,0,0,0,0,0,0,0,0,0,8,0,39.9234,-75.2458, , 
58823,655483,2012041509,6,67,67301,2012,3,6,1330,13,1,1,0,4,1, , ,N,1,3,0,3,0,2,3,2,N,N,40 00:03.643,75 07:25.222,1400, ,1400,3,2,3,N, ,3,Y, , , , , , , , ,2,2,0,0,0,0,0,0,0,0,0,2,2,0,0,0,0,0,0,0,0,0,0,0,0,0,0,0,0,0,0,0,0,0,0,4,0,40.001,-75.1237, , 
58824,655499,2012026110,6,67,67301,2012,1,3,1603,16,1,1,0,6,1, , ,N,0,0,0,3,0,0,1,2,N, ,40 02:34.854,75 13:49.238,1617, ,1614, ,0, , , ,0, , , , , , , , , ,2,0,0,0,0,0,2,0,0,0,0,0,0,0,0,0,0,0,0,0,0,0,0,0,0,0,0,0,0,0,0,0,0,0,0,0,0,40.043,-75.2303, , 
58825,655521,2012051934,6,67,67301,2012,4,7,1554,15,1,1,0,8,1, , ,N,1,3,0,3,0,1,2,2,N,N,39 55:35.547,75 09:26.589,1558, ,1555, ,0, ,N, ,3, , , , , , , , , ,1,0,0,0,0,0,1,0,0,0,0,1,1,0,0,0,0,0,0,0,0,0,0,1,0,0,0,0,0,0,0,0,1,0,0,4,0,39.9265,-75.1574, , 
58826,655525,2012056734,6,67,67301,2012,5,1,148,1,3,1,0,7,3, , ,N,0,0,0,3,0,0,2,1,N,N,40 00:56.835,75 10:34.910,153, ,150,1,1,2,N, ,0,N, , , , , , , , ,1,0,0,0,1,0,0,0,0,0,0,0,0,0,0,0,0,0,0,0,0,0,0,0,0,0,0,0,0,0,0,0,0,0,0,0,0,40.0158,-75.1764, , 
58827,655530,2012064040,6,67,67301,2012,5,6,2300,23,3,1,0,1,1, , ,N,1,3,0,3,0,2,3,2,N,N,40 01:16.838,75 07:20.708,2310, ,2303,4,2,6,N, ,3,Y, , , , , , , , ,2,1,1,0,0,0,0,0,0,2,0,0,2,0,1,0,0,0,0,0,0,0,0,0,0,0,0,0,0,2,0,0,0,0,0,2,0,40.0213,-75.1224, , 
58828,644164,2012015458,6,67,67301,2012,1,5,1237,12,1,2,1,4,1, , ,N,1,2,0,3,0,3,3,2,N,N,39 54:33.696,75 09:40.053,1241, ,1241, ,0, ,N, ,3, , , , , , , , , ,2,1,0,0,1,0,0,0,0,0,0,3,3,0,0,0,0,0,0,0,0,1,0,0,0,0,0,0,0,0,0,0,0,0,0,4,0,39.9094,-75.1611, , 
58829,644165,2012015466,6,67,67301,2012,1,4,713,7,1,1,5,1,2, , ,N,1,0,0,3,0,1,2,2,N,N,39 55:41.566,75 13:50.404,725, ,718, ,0, ,N, ,0, , , , , , , , , ,2,1,0,1,0,0,0,0,0,0,0,0,1,1,1,0,0,0,0,0,0,0,0,0,0,0,0,0,0,0,0,0,0,0,0,8,1,39.9282,-75.2307, , 
58830,644184,2012040544,6,67,67301,2012,4,5,235,2,3,1,0,1,1, , ,N,0,0,0,3,0,1,3,2,N,N,39 58:41.629,75 06:38.817,242, ,238,1,1,1,N, ,0,N, , , , , , , , ,2,2,0,0,0,0,0,0,0,0,0,1,1,0,0,0,0,0,0,0,0,0,0,0,0,0,0,0,0,0,0,0,0,0,0,4,0,39.9782,-75.1109, , 
58831,644208,2012012659,6,67,67301,2012,1,4,1003,10,1,1,0,4,1, , ,N,1,3,0,3,0,1,4,2,N,N,39 58:05.019,75 12:24.436,1015, ,1007, ,0, ,N, ,3, , , , , , , , , ,2,2,0,0,0,0,0,0,0,0,0,0,1,1,0,0,0,0,0,0,1,0,0,0,0,0,0,0,0,0,0,0,0,0,0,8,0,39.9681,-75.2068, , 
58832,644221,2012034773,6,67,67301,2012,3,3,2150,21,3,1,0,4,1, , ,N,1,3,0,3,1,1,2,2,N,N,40 01:23.642,75 02:44.397,2202, ,2157,3,2,7, ,0,3,Y, , , , , , , , ,2,1,1,0,0,0,0,0,0,0,0,0,1,1,0,0,0,0,0,0,0,0,0,0,0,0,0,0,1,0,0,0,0,0,0,1,0,40.0232,-75.0457,2, 
58833,644230,2012047214,6,67,67301,2012,4,5,1945,19,4,1,0,1,1, , ,N,1,3,0,3,0,2,3,3,N,N,40 02:50.712,75 09:26.175,1954, ,1950, ,0, ,N, ,3, , , , , , , , , ,2,1,0,0,0,0,1,0,0,0,2,0,2,0,0,0,0,0,0,0,0,0,0,0,0,0,0,0,0,0,0,0,0,0,0,3,0,40.0474,-75.1573, , 
58834,644231,2012047293,6,67,67301,2012,4,3,830,8,1,1,0,8,1, , ,N,0,0,0,3,0,1,2,2,N,N,39 56:56.634,75 09:21.009,900, ,845, ,0, , , ,0, , , , , , , , , ,1,1,0,0,0,0,0,0,0,0,0,1,1,0,1,0,0,0,0,0,0,0,0,0,0,0,0,0,0,0,0,0,1,0,0,4,0,39.9491,-75.1558, , 
58835,644239,2012058530,6,67,67301,2012,6,3,1306,13,1,1,0,1,1, , ,N,7,3,2,3,0,2,3,2,N,N,40 00:25.119,75 11:58.634,1312, ,1308,1,1,4,N, ,3,N, , , , , , , , ,2,2,0,0,0,0,0,0,0,0,0,2,2,0,0,0,0,0,0,0,0,0,0,0,0,0,0,0,0,0,0,0,0,0,0,4,0,40.007,-75.1996, , 
58836,644242,2012060733,6,67,67301,2012,5,6,1,0,3,1,0,4,1, , ,N,1,3,0,3,0,1,3,5,N,N,40 00:57.686,75 03:55.403,5, ,1, ,0, ,N, ,3, , , , , , , , , ,5,2,0,0,3,0,0,0,0,0,0,0,1,1,0,0,0,0,0,0,0,0,0,0,0,0,0,0,0,0,0,0,0,0,0,8,0,40.016,-75.0654, , 
58837,644261,2012020506,6,67,67301,2012,1,3,9999,99,1,1,0,1,6, , ,N,0,0,0,3,0,1,1,2,N,Y,40 03:02.291,75 04:39.574,920, ,903, ,0, ,N, ,0, , , , , , , , , ,2,2,0,0,0,0,0,0,0,0,0,0,1,1,0,0,0,0,0,0,1,0,0,0,0,0,0,0,0,0,0,0,0,0,0,8,0,40.0506,-75.0777, , 
58838,644266,2012027001,6,67,67301,2012,1,6,358,3,3,1,0,1,1, , ,N,1,2,0,3,0,0,3,2,N,N,39 56:20.518,75 09:59.207,359, ,358,1,2,1,N, ,3,N, , , , , , , , ,2,1,0,0,1,0,0,0,0,0,0,0,0,0,0,0,0,0,0,0,0,0,0,0,0,0,0,0,0,0,0,0,0,0,0,0,0,39.9391,-75.1664, , 
58839,644269,2012032695,6,67,67301,2012,2,3,2322,23,3,1,0,4,1, , ,N,3,0,7,3,0,1,2,2,N,N,40 03:43.651,75 05:00.415,2330, ,2325, ,0, ,N, ,0, , , , , , , , , ,2,2,0,0,0,0,0,0,0,0,0,0,1,1,0,0,0,0,0,0,1,0,0,0,0,0,0,0,0,0,0,0,0,0,0,8,0,40.062,-75.0834, , 
58840,644281,2012048058,6,67,67301,2012,3,5,242,2,3,1,0,4,1, , ,N,2,2,0,3,0,0,2,2,N,N,40 01:35.112,75 06:28.606,255, ,244,9,1,3,N, ,3,N, , , , , , , , ,2,2,0,0,0,0,0,0,0,0,0,0,0,0,0,0,0,0,0,0,0,0,0,0,0,0,0,0,0,0,0,0,0,0,0,0,0,40.0264,-75.1079, , 
58841,644282,2012048880,6,67,67301,2012,3,6,940,9,1,1,0,4,1, , ,N,1,3,0,3,0,2,4,2,N, ,39 54:44.114,75 14:40.073,955, ,946, ,0, , , ,3, , , , , , , , , ,2,1,0,0,0,0,1,0,0,0,1,1,2,0,0,1,0,0,1,0,0,0,0,1,0,0,0,0,0,0,0,0,0,0,0,3,0,39.9123,-75.2445, , 
58842,644288,2012060839,6,67,67301,2012,5,2,2128,21,3,2,1,4,1, , ,N,0,0,0,3,0,1,3,2,N,N,40 02:29.056,75 05:16.679,2135, ,2129, ,0, ,N, ,0, , , , , , , , , ,1,1,0,0,0,0,0,0,1,0,0,1,1,0,0,0,0,0,0,0,0,0,0,0,0,0,0,0,0,0,0,0,0,0,0,4,0,40.0414,-75.088, , 
58843,644300,2012010221,6,67,67301,2012,1,5,716,7,1,1,0,5,1, , ,N,0,0,0,3,0,2,2,2,N,N,39 55:45.052,75 11:50.356,727, ,722,2,1,3,N, ,0,N, , , , , , , , ,2,1,0,0,0,0,1,0,0,0,0,0,2,2,0,0,0,0,0,0,1,0,0,0,0,0,0,0,0,0,0,0,0,0,0,8,0,39.9292,-75.1973, , 
58844,644318,2012033063,6,67,67301,2012,2,4,9999,99,3,4,1,4,1, , ,N,1,0,0,3,0,1,3,2,N,N,40 02:25.794,75 08:39.500,1831, ,1830, ,0, ,N, ,0, , , , , , , , , ,2,1,0,0,0,0,0,1,0,0,0,1,1,0,0,0,0,0,0,0,0,0,0,0,0,0,0,0,0,0,0,0,0,0,0,4,0,40.0405,-75.1443, , 
58845,644332,2012047072,6,67,67301,2012,4,5,130,1,3,2,1,7,2, , ,N,0,0,0,3,0,0,2,1,N,N,39 59:07.061,75 12:44.024,206, ,203, ,0, ,N, ,0, , , , , , , , , ,1,1,0,0,0,0,0,0,0,0,0,0,0,0,0,0,0,0,0,0,0,0,0,2,0,0,0,0,0,0,0,0,0,0,0,0,0,39.9853,-75.2122, , 
58846,647654,2012040541,6,67,67301,2012,4,1,247,2,3,1,0,7,2, , ,N,0,0,0,3,0,0,1,1,N,N,39 55:44.720,75 08:46.796,258, ,249, ,0, ,N, ,0, , , , , , , , , ,1,1,0,0,0,0,0,0,0,0,0,0,0,0,0,0,0,0,0,0,0,0,0,0,0,0,0,0,0,0,0,0,0,0,0,0,0,39.9291,-75.1463, , 
58847,647655,2012041667,6,67,67301,2012,3,7,1620,16,1,2,1,4,1, , ,N,0,0,7,3,0,1,4,2,N,N,40 01:51.470,75 06:33.699,1733, ,1729, ,0, ,N, ,0, , , , , , , , , ,2,1,1,0,0,0,0,0,0,0,0,1,1,0,0,0,0,1,0,0,0,0,0,0,0,0,0,0,0,0,0,0,0,0,0,4,0,40.031,-75.1094, , 
58848,647660,2012047187,6,67,67301,2012,4,6,1705,17,1,1,0,1,1, , ,N,3,2,0,3,0,8,10,3,N,N,39 59:15.742,75 12:58.454,1717, ,1712, ,0, ,N, ,3, , , , , , , , , ,3,1,0,0,2,0,0,0,0,0,0,7,8,1,0,0,0,0,0,0,0,0,0,0,0,0,0,0,0,0,0,0,0,0,0,4,0,39.9877,-75.2161, , 
58849,647661,2012048894,6,67,67301,2012,4,1,2312,23,3,2,1,4,1, , ,N,1,0,0,3,0,0,4,2,N,N,40 07:53.956,75 00:43.926,2315, ,2312, ,0, ,N, ,0, , , , , , , , , ,2,1,0,0,0,0,0,0,0,0,0,0,0,0,0,0,1,0,0,0,0,0,0,0,0,0,0,0,0,0,0,0,0,0,0,0,0,40.1317,-75.0122, , 
58850,647693,2012017921,6,67,67301,2012,1,3,1730,17,4,1,0,8,1, , ,N,10,2,0,3,0,1,2,2,N,N,39 57:21.570,75 13:03.535,9999, ,1938, ,0, ,N, ,3, , , , , , , , , ,1,1,0,0,0,0,0,0,1,0,1,0,1,0,0,0,0,0,0,0,1,0,0,0,0,0,0,0,0,0,0,0,0,0,0,3,0,39.956,-75.2176, , 
58851,647694,2012020933,6,67,67301,2012,2,4,651,6,1,1,0,1,1, , ,N,1,2,0,3,0,2,3,3,Y,N,39 59:41.863,75 09:45.026,744, ,720,3,2,4,N, ,3,Y, , , , , , , , ,3,2,0,1,0,0,0,0,0,0,1,0,2,1,0,0,0,0,0,0,2,0,0,0,0,0,0,0,0,0,0,0,0,0,0,3,1,39.995,-75.1625, , 
58852,647711,2012051927,6,67,67301,2012,4,1,1445,14,1,2,1,7,2, , ,N,2,0,0,3,0,0,1,1,N,N,40 02:05.924,75 11:18.304,1456, ,1456,3,1,1,N, ,0,N, , , , , , , , ,1,1,0,0,0,0,0,0,0,0,0,0,0,0,0,0,0,0,0,0,0,0,0,0,0,0,0,0,0,0,0,0,0,0,0,0,0,40.035,-75.1884, , 
58853,647720,2012060676,6,67,67301,2012,5,7,2349,23,3,1,0,8,1, , ,N,0,0,0,3,0,1,2,2,N,N,40 00:47.286,75 04:07.714,7, ,4,2,1,2,N, ,0,N, , , , , , , , ,1,1,0,0,0,0,0,0,0,0,1,0,1,0,0,0,0,0,0,0,0,0,0,0,0,0,0,0,0,0,0,0,1,0,0,3,0,40.0131,-75.0688, , 
58854,647741,2012012673,6,67,67301,2012,1,5,1415,14,1,1,0,1,1, , ,N,2,3,0,3,0,0,6,2,N,N,40 07:49.029,75 01:03.202,1715, ,1705, ,0, ,N, ,3, , , , , , , , , ,2,0,0,0,0,0,1,1,0,0,0,0,0,0,0,0,0,0,0,0,0,0,0,0,0,0,0,0,0,0,0,0,0,0,0,0,0,40.1303,-75.0176, , 
58855,647762,2012034681,6,67,67301,2012,3,1,1425,14,1,1,0,4,1, , ,N,1,2,0,3,0,2,2,2,N, ,39 54:47.100,75 14:35.859,1541, ,1535,9,1,3, , ,2,N, , , , , , , , ,2,1,0,0,0,0,0,1,0,0,0,0,2,2,0,0,0,0,1,0,1,0,0,1,0,0,0,0,0,0,0,0,0,0,0,8,0,39.9131,-75.2433, , 
58856,647763,2012034732,6,67,67301,2012,3,6,2058,20,3,2,1,8,1, , ,N,2,2,0,3,0,1,3,2,N,N,40 05:00.852,75 01:35.142,2107, ,2102,1,1,2,N, ,3,N, , , , , , , , ,1,1,0,0,0,0,0,0,0,1,0,0,1,0,0,0,0,0,0,0,0,0,0,0,0,0,0,0,0,0,0,0,1,0,1,2,0,40.0836,-75.0264, , 
58857,647780,2012012665,6,67,67301,2012,1,7,339,3,3,1,0,8,1, , ,N,0,0,0,3,0,1,2,2,N,N,39 56:54.920,75 09:43.980,342, ,339, ,0, ,N, ,0, , , , , , , , , ,1,1,0,0,0,0,0,0,0,0,1,0,1,0,0,0,0,0,0,0,0,0,0,0,0,0,0,0,0,0,0,0,1,0,0,3,0,39.9486,-75.1622, , 
58858,647796,2012034702,6,67,67301,2012,3,2,2040,20,3,1,0,7,5, , ,N,0,0,0,3,0,1,1,1,N,N,39 59:51.072,75 05:21.138,2045, ,2040, ,0, ,N, ,0, , , , , , , , , ,1,1,0,0,0,0,0,0,0,0,0,1,1,0,0,0,0,0,0,0,0,0,0,0,0,0,0,0,0,0,0,0,0,0,0,4,0,39.9975,-75.0892, , 