objectid_1,objectid,crn,district,county,municipality,crash_year,crash_month,day_of_week,time_of_day,hour_of_day,illumination,weather,road_condition,collision_type,relation_to_road,work_zone_type,work_zone_loc,work_zone_ind,intersect_type,tcd_type,location_type,urban_rural,fatal_count,injury_count,person_count,total_units,sch_bus_ind,sch_zone_ind,latitude,longitude,arrival_tm,cons_zone_spd_lim,dispatch_tm,est_hrs_closed,lane_closed,ln_close_dir,ntfy_hiwy_maint,spec_juris_cd,tcd_func_cd,tfc_detour_ind,workers_pres,wz_close_detour,wz_flagger,wz_law_offcr_ind,wz_ln_closure,wz_moving,wz_other,wz_shlder_mdn,vehicle_count,automobile_count,motorcycle_count,bus_count,small_truck_count,heavy_truck_count,suv_count,van_count,bicycle_count,maj_inj_count,mod_inj_count,min_inj_count,tot_inj_count,unk_inj_deg_count,unk_inj_per_count,driver_count_16yr,driver_count_17yr,driver_count_18yr,driver_count_19yr,driver_count_20yr,driver_count_50_64yr,driver_count_65_74yr,driver_count_75plus,unbelted_occ_count,unb_death_count,unb_maj_inj_count,belted_death_count,belted_maj_inj_count,mcycle_death_count,mcycle_maj_inj_count,bicycle_death_count,bicycle_maj_inj_count,ped_count,ped_death_count,ped_maj_inj_count,max_severity_level,comm_veh_count,dec_lat,dec_long,rdwy_surf_type_cd,county_name
58859,647797,2012036830,6,67,67301,2012,3,6,40,0,3,2,1,4,1, , ,N,1,2,0,3,0,1,3,3,N,N,39 56:43.175,75 14:30.351,311, ,311, ,0, ,Y, ,3, , , , , , , , , ,3,2,0,0,1,0,0,0,0,0,1,0,1,0,0,0,0,0,0,0,1,0,0,0,0,0,0,0,0,0,0,0,0,0,0,3,0,39.9453,-75.2418, , 
58860,647799,2012040989,6,67,67301,2012,4,2,741,7,1,1,1,7,5, , ,N,7,0,2,3,0,1,1,1,N,N,39 54:39.013,75 08:56.545,758, ,758,3,2,3,Y, ,0,Y, , , , , , , , ,1,0,0,0,0,1,0,0,0,0,1,0,1,0,0,0,0,0,0,0,1,0,0,1,0,0,0,0,0,0,0,0,0,0,0,3,1,39.9109,-75.149, , 
58861,647812,2012049842,6,67,67301,2012,4,6,1316,13,1,1,0,8,1, , ,N,0,0,0,3,0,1,2,2,N,N,39 57:20.308,75 10:02.526,1320, ,1316, ,0, ,N, ,0, , , , , , , , , ,1,1,0,0,0,0,0,0,0,0,0,1,1,0,0,0,0,0,0,0,0,0,0,0,0,0,0,0,0,0,0,0,1,0,0,4,0,39.9556,-75.1674, , 
58862,647813,2012050224,6,67,67301,2012,4,4,2210,22,3,1,0,8,1, , ,N,1,2,0,3,0,1,2,2,N,N,40 00:03.096,75 06:37.169,2315, ,2310, ,0, ,N, ,3, , , , , , , , , ,1,1,0,0,0,0,0,0,0,0,0,1,1,0,0,0,0,0,0,0,0,0,0,0,0,0,0,0,0,0,0,0,1,0,0,4,0,40.0009,-75.1103, , 
58863,647817,2012052833,6,67,67301,2012,5,6,1758,17,1,1,0,1,1, , ,N,1,2,0,3,0,0,3,2,N,N,40 02:44.934,74 59:40.960,1758, ,1758, ,0, ,N, ,3, , , , , , , , , ,2,2,0,0,0,0,0,0,0,0,0,0,0,0,0,0,1,0,0,0,0,0,0,2,0,0,0,0,0,0,0,0,0,0,0,0,0,40.0458,-74.9947, , 
58864,651343,2012013069,6,67,67301,2012,1,7,9999,99,1,1,1,4,1, , ,N,1,2,0,3,0,1,2,2,N,N,40 00:33.068,75 04:08.444,920, ,903, ,0, , , ,3, , , , , , , , , ,2,0,0,0,1,0,1,0,0,0,0,1,1,0,0,0,0,0,0,0,0,0,0,0,0,0,0,0,0,0,0,0,0,0,0,4,0,40.0092,-75.069, , 
58865,651348,2012021392,6,67,67301,2012,1,6,1405,14,1,1,0,8,1,8,8,Y,0,2,99,3,0,1,2,2,N,N,39 58:22.430,75 07:11.273,1405,99,1405,9,1,5,N, ,3,Y,U, , ,U, , , , ,1,0,0,0,0,0,0,1,0,0,1,0,1,0,0,0,0,0,0,0,0,0,0,0,0,0,0,0,0,0,0,0,1,0,0,3,0,39.9729,-75.1198, , 
58866,651352,2012026260,6,67,67301,2012,2,5,1445,14,1,1,0,2,2, , ,N,0,0,0,3,0,1,2,3,N, ,40 04:20.467,75 10:41.894,1505, ,1500, ,0, , , ,0, , , , , , , , , ,3,1,0,0,1,0,1,0,0,0,0,1,1,0,0,0,0,0,0,0,0,0,1,0,0,0,0,0,0,0,0,0,0,0,0,4,0,40.0724,-75.1783, , 
58867,651375,2012068887,6,67,67301,2012,5,6,1700,17,1,1,0,8,1, , ,N,0,0,0,3,0,1,2,2,N,N,39 55:14.278,75 09:01.627,1707, ,1704, ,0, ,N, ,0, , , , , , , , , ,1,1,0,0,0,0,0,0,0,0,0,1,1,0,0,0,0,0,0,0,0,0,0,1,0,0,0,0,0,0,0,0,1,0,0,4,0,39.9206,-75.1505, , 
58868,651393,2012014565,6,67,67301,2012,1,7,1830,18,2,1,0,4,1, , ,N,1,3,0,3,0,1,2,2,N,N,39 59:19.658,75 06:36.655,1830, ,1830, ,0, ,N, ,3, , , , , , , , , ,2,1,1,0,0,0,0,0,0,0,0,0,1,1,0,0,0,0,0,0,0,0,0,1,0,0,0,0,0,0,0,0,0,0,0,8,0,39.9888,-75.1102, , 
58869,651398,2012020420,6,67,67301,2012,1,7,452,4,3,4,3,7,5, , ,N,1,2,0,3,0,1,2,1,N,N,40 05:37.163,74 58:48.657,454, ,454, ,0, ,N, ,3, , , , , , , , , ,1,1,0,0,0,0,0,0,0,0,0,0,1,1,0,0,0,0,1,0,0,0,0,2,0,0,0,0,0,0,0,0,0,0,0,8,0,40.0935,-74.9802, , 
58870,651406,2012028175,6,67,67301,2012,2,6,750,7,1,1,0,5,1, , ,N,0,8,0,3,0,0,3,2,N,N,39 58:18.842,75 09:46.304,800, ,758, ,0, ,N, ,3, , , , , , , , , ,2,0,0,0,0,0,0,2,0,0,0,0,0,0,0,0,0,0,0,0,1,0,0,0,0,0,0,0,0,0,0,0,0,0,0,0,0,39.9719,-75.1629, , 
58871,651445,2012020434,6,67,67301,2012,1,7,103,1,3,1,0,7,4, , ,N,1,2,0,3,0,1,1,1,N,N,39 56:22.862,75 10:53.371,103, ,103, ,0, ,N, ,3, , , , , , , , , ,1,0,0,0,0,0,0,1,0,0,0,0,1,1,0,0,0,0,0,0,0,0,0,0,0,0,0,0,0,0,0,0,0,0,0,8,0,39.9397,-75.1815, , 
58872,651469,2012049726,6,67,67301,2012,4,1,2122,21,3,1,0,5,1, , ,N,0,0,0,3,0,1,1,5,N,N,40 00:57.000,75 04:18.950,2125, ,2122, ,0, ,N, ,0, , , , , , , , , ,5,3,0,0,1,0,1,0,0,0,0,0,1,1,0,0,0,0,1,0,0,0,0,0,0,0,0,0,0,0,0,0,0,0,0,8,0,40.0158,-75.0719, , 
58873,651470,2012049798,6,67,67301,2012,4,6,1807,18,1,1,0,5,2, , ,N,0,0,0,3,0,0,2,3,N,N,40 03:12.218,75 04:30.201,1839, ,1834,1,1,1,N, ,0,N, , , , , , , , ,3,2,0,0,0,0,1,0,0,0,0,0,0,0,0,0,0,0,0,0,0,0,0,0,0,0,0,0,0,0,0,0,0,0,0,0,0,40.0534,-75.0751, , 
58874,651491,2012015340,6,67,67301,2012,1,5,1803,18,3,1,0,1,1, , ,N,0,2,0,3,0,3,5,3,N,N,39 55:04.267,75 14:11.720,1805, ,9999, ,0, , , ,3, , , , , , , , , ,3,3,0,0,0,0,0,0,0,0,0,0,3,3,0,0,0,0,0,0,0,0,0,0,0,0,0,0,0,0,0,0,0,0,0,8,0,39.9179,-75.2366, , 
58875,651509,2012033493,6,67,67301,2012,3,5,300,3,3,1,0,7,2, , ,N,0,0,2,3,0,1,1,1,N,N,39 57:26.478,75 08:32.767,303, ,303,3,2,3,Y, ,0,Y, , , , , , , , ,1,0,0,0,0,1,0,0,0,0,0,0,1,1,0,0,0,0,0,0,1,0,0,0,0,0,0,0,0,0,0,0,0,0,0,8,1,39.9587,-75.1417, , 
58876,651511,2012036855,6,67,67301,2012,3,7,1355,13,1,1,0,4,1, , ,N,2,2,7,3,0,1,8,3,N, ,40 02:54.754,75 03:40.736,1356, ,1355, ,0, , , ,3, , , , , , , , , ,3,1,0,0,1,0,0,1,0,0,0,0,1,1,0,0,0,0,0,0,0,0,0,1,0,0,0,0,0,0,0,0,0,0,0,8,0,40.0485,-75.0615, , 
58877,651519,2012045151,6,67,67301,2012,4,1,1426,14,1,1,0,1,1, , ,N,0,0,0,3,0,0,4,3,N,N,39 57:30.429,75 09:58.979,1433, ,1427, ,0, ,N, ,0, , , , , , , , , ,3,3,0,0,0,0,0,0,0,0,0,0,0,0,0,0,0,1,0,0,0,1,0,0,0,0,0,0,0,0,0,0,0,0,0,0,0,39.9585,-75.1664, , 
58878,651551,2012030604,6,67,67301,2012,3,6,728,7,1,1,0,9,1, , ,N,1,2,0,3,0,2,3,2,N,N,39 57:34.089,75 09:43.114,745, ,730,3,2,5,N, ,3,Y, , , , , , , , ,2,1,0,0,0,1,0,0,0,0,1,1,2,0,0,0,0,0,0,0,0,0,0,0,0,0,0,0,0,0,0,0,0,0,0,3,0,39.9595,-75.162, , 
58879,651556,2012034716,6,67,67301,2012,2,1,2159,21,3,1,0,8,1, , ,N,1,0,0,3,0,1,2,2,N, ,39 59:58.519,75 04:08.465,2204, ,2201, ,0, , , ,0, , , , , , , , , ,1,0,0,0,1,0,0,0,0,0,0,1,1,0,0,0,0,0,0,0,0,0,0,0,0,0,0,0,0,0,0,0,1,0,0,4,0,39.9996,-75.069, , 
58880,651559,2012037227,6,67,67301,2012,3,4,926,9,1,1,0,1,1, , ,N,0,0,0,3,0,2,2,2,N,N,39 56:40.641,75 08:33.075,927, ,927,1,1,2,N, ,0,N, , , , , , , , ,2,1,0,0,0,0,0,1,0,0,0,2,2,0,0,0,0,0,0,0,0,0,0,0,0,0,0,0,0,0,0,0,0,0,0,4,0,39.9445,-75.1425, , 
58881,651568,2012047100,6,67,67301,2012,4,3,1558,15,1,1,0,8,1, , ,N,0,0,0,3,0,1,2,2,N,N,40 00:52.056,75 05:04.434,1655, ,1650, ,0, ,N, ,0, , , , , , , , , ,1,1,0,0,0,0,0,0,0,0,0,0,1,1,0,0,0,0,0,0,0,0,0,0,0,0,0,0,0,0,0,0,1,0,0,8,0,40.0145,-75.0846, , 
58882,656185,2012032629,6,67,67301,2012,2,1,1850,18,2,8,5,8,4, , ,N,2,0,0,3,0,1,2,2,N,N,40 00:18.705,75 10:02.989,1909, ,1907, ,0, ,N, ,0, , , , , , , , , ,1,1,0,0,0,0,0,0,0,0,0,1,1,0,0,0,0,0,0,0,0,0,0,0,0,0,0,0,0,0,0,0,1,0,0,4,0,40.0052,-75.1675, , 
58883,656188,2012036931,6,67,67301,2012,3,6,2320,23,3,1,0,8,1, , ,N,1,0,0,3,0,1,2,2,N,N,39 55:09.289,75 09:34.433,2340, ,2333, ,0, ,N, ,0, , , , , , , , , ,1,1,0,0,0,0,0,0,0,0,0,1,1,0,0,0,0,0,0,0,0,0,0,0,0,0,0,0,0,0,0,0,1,0,0,4,0,39.9192,-75.1596, , 
58884,656223,2012020680,6,67,67301,2012,1,1,222,2,2,1,0,5,1, , ,N,0,0,0,3,0,1,2,2,N,N,39 57:30.530,75 09:59.816,235, ,228,1,2,4,N, ,0,N, , , , , , , , ,2,2,0,0,0,0,0,0,0,0,0,0,1,1,0,0,0,0,0,0,0,0,0,0,0,0,0,0,0,0,0,0,0,0,0,8,0,39.9585,-75.1666, , 
58885,656236,2012036802,6,67,67301,2012,3,7,236,2,3,2,1,1,6, , ,N,0,0,0,3,0,2,2,3,N,N,39 58:18.148,75 09:40.972,403, ,356, ,0, ,N, ,0, , , , , , , , , ,3,1,0,0,0,0,2,0,0,0,0,0,2,2,0,0,0,0,0,0,0,0,0,0,0,0,0,0,0,0,0,0,0,0,0,8,0,39.9717,-75.1614, , 
58886,656238,2012037408,6,67,67301,2012,2,3,2008,20,3,1,0,2,1, , ,N,0,0,0,3,0,2,5,4,N,N,40 00:23.252,75 05:20.134,2011, ,2011, ,0, ,N, ,0, , , , , , , , , ,4,3,0,0,1,0,0,0,0,0,0,2,2,0,0,0,0,0,0,0,2,0,0,1,0,0,0,0,0,0,0,0,0,0,0,4,0,40.0064,-75.0891, , 
58887,656253,2012056711,6,67,67301,2012,5,1,1340,13,1,1,0,4,1, , ,N,0,0,7,3,0,1,2,2,N,N,40 01:33.927,75 02:50.445,1346, ,1344,1,1,2,N, ,0,N, , , , , , , , ,1,1,0,0,0,0,0,0,1,0,0,1,1,0,0,0,0,0,0,0,0,0,0,0,0,0,0,0,0,0,0,0,0,0,0,4,0,40.0261,-75.0473, , 
58888,656265,2012014818,6,67,67301,2012,1,7,1054,10,1,3,5,7,5, , ,N,0,0,0,3,0,1,2,1,N,N,39 59:23.945,75 05:13.080,1108, ,1058, ,0, ,N, ,0, , , , , , , , , ,1,1,0,0,0,0,0,0,0,0,0,1,1,0,0,0,0,0,0,0,0,0,0,0,0,0,0,0,0,0,0,0,0,0,0,4,0,39.9899,-75.087, , 
58889,656275,2012028124,6,67,67301,2012,2,4,750,7,1,1,0,2,1, , ,N,0,0,0,3,0,2,4,4,N,N,39 59:32.513,75 11:39.876,758, ,753,1,2,7,N, ,0,Y, , , , , , , , ,4,2,0,0,1,0,1,0,0,0,1,1,2,0,0,0,0,0,0,0,1,0,0,0,0,0,0,0,0,0,0,0,0,0,0,3,0,39.9924,-75.1944, , 
58890,656290,2012041604,6,67,67301,2012,3,6,2130,21,3,1,0,8,1, , ,N,0,0,0,3,0,1,2,2,N,N,39 59:19.125,75 13:41.225,10, ,2352, ,0, ,N, ,0, , , , , , , , , ,1,1,0,0,0,0,0,0,0,0,1,0,1,0,0,0,0,0,0,0,0,0,0,0,0,0,0,0,0,0,0,0,1,0,0,3,0,39.9886,-75.2281, , 
58891,656293,2012048125,6,67,67301,2012,4,5,1210,12,1,1,0,1,1, , ,N,1,2,0,3,0,1,2,2,N,N,40 03:08.339,75 00:28.750,1225, ,1215, ,0, ,N, ,3, , , , , , , , , ,2,2,0,0,0,0,0,0,0,0,0,1,1,0,0,0,0,0,0,0,0,1,1,0,0,0,0,0,0,0,0,0,0,0,0,4,0,40.0523,-75.008, , 
58892,656303,2012056661,6,67,67301,2012,4,7,9999,99,3,9,0,4,1, , ,N,1,3,0,3,0,0,2,2,N,N,40 01:51.034,75 13:03.745,2320, ,2312, ,0, ,N, ,3, , , , , , , , , ,2,2,0,0,0,0,0,0,0,0,0,0,0,0,0,0,0,0,0,0,0,1,0,0,0,0,0,0,0,0,0,0,0,0,0,0,0,40.0308,-75.2177, , 
58893,656311,2012013097,6,67,67301,2012,1,1,1919,19,3,1,0,8,1, , ,N,0,0,0,3,0,1,2,2,N,N,40 01:12.676,75 04:59.059,1924, ,1920, ,0, ,N, ,0, , , , , , , , , ,1,1,0,0,0,0,0,0,0,0,0,1,1,0,0,0,0,0,0,0,0,0,0,0,0,0,0,0,0,0,0,0,1,0,0,4,0,40.0202,-75.0831, , 
58894,656313,2012015525,6,67,67301,2012,1,6,1530,15,1,1,0,8,1, , ,N,0,0,0,3,0,1,2,2,N, ,40 01:14.289,75 07:35.058,1537, ,1530,3,2,5, , ,0,Y, , , , , , , , ,1,0,0,0,1,0,0,0,0,0,0,1,1,0,0,0,0,0,0,0,1,0,0,1,0,0,0,0,0,0,0,0,1,0,0,4,0,40.0206,-75.1264, , 
58895,656320,2012032679,6,67,67301,2012,2,2,1630,16,1,1,0,4,1, , ,N,2,0,0,3,0,1,2,2,N,N,39 54:32.511,75 14:30.820,1922, ,1922, ,0, , , ,0, , , , , , , , , ,2,2,0,0,0,0,0,0,0,0,0,1,1,0,1,0,0,0,0,0,1,0,0,0,0,0,0,0,0,0,0,0,0,0,0,4,0,39.909,-75.2419, , 
58896,656325,2012034758,6,67,67301,2012,3,6,838,8,3,2,1,8,1, , ,N,1,2,0,3,0,1,2,2,N,N,39 59:38.150,75 09:16.063,839, ,838, ,0, ,N, ,3, , , , , , , , , ,1,1,0,0,0,0,0,0,0,0,0,1,1,0,1,0,0,0,0,0,0,0,0,0,0,0,0,0,0,0,0,0,1,0,0,4,0,39.9939,-75.1545, , 
58897,656327,2012036866,6,67,67301,2012,3,7,1501,15,1,9,0,2,1, , ,N,1,2,0,3,0,2,3,2,N,N,40 03:49.551,75 05:00.781,1555, ,1550, ,0, ,N, ,3, , , , , , , , , ,2,2,0,0,0,0,0,0,0,0,0,2,2,0,0,0,0,0,0,0,1,0,0,0,0,0,0,0,0,0,0,0,0,0,0,4,0,40.0638,-75.0835, , 
58898,656332,2012042168,6,67,67301,2012,3,2,1206,12,1,1,0,4,1, , ,N,0,0,7,3,0,1,2,2,N, ,39 55:54.705,75 11:11.768,1214, ,1211, ,0, ,Y, ,0, , , , , , , , , ,2,1,0,0,1,0,0,0,0,0,0,0,1,1,0,0,0,0,0,0,0,0,0,1,0,0,0,0,0,0,0,0,0,0,0,8,0,39.9319,-75.1866, , 
58899,656349,2012066713,6,67,67301,2012,5,5,2335,23,3,1,0,8,1, , ,N,0,0,0,3,0,1,2,2,N,N,40 02:03.822,75 02:42.981,2337, ,2335, ,0, ,N, ,0, , , , , , , , , ,1,1,0,0,0,0,0,0,0,1,0,0,1,0,0,0,0,0,0,0,0,0,0,0,0,0,0,0,0,0,0,0,1,0,1,2,0,40.0344,-75.0453, , 
58900,644354,2012025853,6,67,67301,2012,3,4,330,3,3,1,0,7,5, , ,N,10,8,1,3,0,0,3,1,N,N,39 57:46.975,75 10:44.345,355, ,335,4,2,1,Y, ,9,Y, , , , , , , , ,1,0,0,0,0,1,0,0,0,0,0,0,0,0,0,0,0,0,0,0,1,0,0,1,0,0,0,0,0,0,0,0,0,0,0,0,1,39.963,-75.179, , 
58901,644356,2012026139,6,67,67301,2012,1,2,1730,17,3,2,1,1,1, , ,N,1,2,0,3,0,2,4,2,N,N,40 01:35.951,75 06:51.884,1755, ,1745, ,0, ,N, ,3, , , , , , , , , ,2,1,0,0,0,0,0,1,0,0,0,2,2,0,0,0,0,0,0,0,1,0,0,0,0,0,0,0,0,0,0,0,0,0,0,4,0,40.0266,-75.1146, , 
58902,644362,2012032526,6,67,67301,2012,2,1,2310,23,3,1,0,4,1, , ,N,3,2,0,3,0,3,6,4,N,N,39 55:00.970,75 12:57.138,2310, ,2310,1,1,4,N, ,3,N, , , , , , , , ,4,1,0,0,2,0,1,0,0,0,3,0,3,0,0,0,0,0,0,0,0,0,0,2,0,0,0,0,0,0,0,0,0,0,0,3,0,39.9169,-75.2159, , 
58903,644367,2012034630,6,67,67301,2012,3,6,1505,15,1,1,0,4,1, , ,N,2,2,7,3,0,3,3,2,N, ,39 53:31.077,75 14:31.568,1515, ,1505, ,0, , , ,3, , , , , , , , , ,2,2,0,0,0,0,0,0,0,0,0,0,3,3,0,0,0,0,0,0,0,0,0,0,0,0,0,0,0,0,0,0,0,0,0,8,0,39.8919,-75.2419, , 
58904,644374,2012041591,6,67,67301,2012,3,3,232,2,3,1,0,4,1, , ,N,1,2,0,3,0,1,2,2,N, ,39 57:28.354,75 09:50.944,232, ,232,4,2,2, , ,3,Y, , , , , , , , ,1,0,0,0,0,1,0,0,1,0,1,0,1,0,0,0,0,0,0,0,0,0,0,0,0,0,0,0,0,0,0,0,0,0,0,3,1,39.9579,-75.1641, , 
58905,644377,2012043008,6,67,67301,2012,4,6,1527,15,1,1,0,1,1, , ,N,0,0,0,3,0,3,5,3,N,N,39 58:54.987,75 06:05.209,1536, ,1529,2,1,2,N, ,0,N, , , , , , , , ,3,2,0,0,1,0,0,0,0,0,0,3,3,0,0,0,0,0,0,0,0,0,0,0,0,0,0,0,0,0,0,0,0,0,0,4,0,39.9819,-75.1014, , 
58906,644388,2012056556,6,67,67301,2012,5,4,1038,10,1,1,0,8,1, , ,N,1,3,0,3,0,1,2,2,N,N,40 01:36.634,75 08:27.920,1440, ,1440, ,0, ,N, ,3, , , , , , , , , ,1,0,0,0,0,0,0,0,0,0,0,1,1,0,1,0,0,0,0,0,0,0,0,0,0,0,0,0,0,0,0,0,1,0,0,4,0,40.0268,-75.1411, , 
58907,644412,2012032541,6,67,67301,2012,2,2,130,1,3,1,0,4,6, , ,N,0,0,0,3,0,0,1,2,N,N,39 56:09.682,75 10:56.452,139, ,137, ,0, ,N, ,0, , , , , , , , , ,2,1,0,0,1,0,0,0,0,0,0,0,0,0,0,0,0,0,0,0,0,0,0,0,0,0,0,0,0,0,0,0,0,0,0,0,0,39.936,-75.1823, , 
58908,644413,2012032725,6,67,67301,2012,2,4,1440,14,1,1,0,8,1, , ,N,2,3,0,3,0,1,2,2,N,N,40 03:29.509,75 08:39.033,1705, ,1600, ,0, ,N, ,3, , , , , , , , , ,1,1,0,0,0,0,0,0,0,0,1,0,1,0,0,0,0,0,0,0,0,0,0,0,0,0,0,0,0,0,0,0,1,0,0,3,0,40.0582,-75.1442, , 
58909,644417,2012034747,6,67,67301,2012,3,2,844,8,1,1,0,1,1, , ,N,0,0,0,3,0,3,3,2,N,N,39 59:45.667,75 05:31.518,845, ,844, ,0, , , ,0, , , , , , , , , ,2,0,0,0,1,1,0,0,0,0,1,2,3,0,0,0,0,0,0,0,1,0,0,2,0,0,0,0,0,0,0,0,0,0,0,3,1,39.996,-75.0921, , 
58910,644426,2012048082,6,67,67301,2012,3,3,9999,99,1,1,0,4,6, , ,N,0,0,0,3,0,2,5,2,N,N,39 58:21.309,75 14:28.723,9999, ,1007, ,0, ,N, ,0, , , , , , , , , ,2,2,0,0,0,0,0,0,0,0,0,2,2,0,0,0,0,0,0,0,0,0,0,0,0,0,0,0,0,0,0,0,0,0,0,4,0,39.9726,-75.2413, , 
58911,644435,2012056612,6,67,67301,2012,4,7,1043,10,1,1,0,4,1, , ,N,1,3,0,3,0,1,2,2,N,N,39 57:49.784,75 13:48.907,1121, ,1121, ,0, ,N, ,3, , , , , , , , , ,2,1,0,0,0,0,1,0,0,0,0,1,1,0,0,0,0,0,0,0,0,0,0,0,0,0,0,0,0,0,0,0,0,0,0,4,0,39.9638,-75.2303, , 
58912,644486,2012057505,6,67,67301,2012,5,1,1302,13,1,1,0,1,1, , ,N,0,0,0,3,0,2,3,2,N,N,40 01:38.646,75 09:05.070,1308, ,1304, ,0, ,N, ,0, , , , , , , , , ,2,1,0,0,1,0,0,0,0,0,0,2,2,0,0,0,0,0,0,1,0,0,0,0,0,0,0,0,0,0,0,0,0,0,0,4,0,40.0274,-75.1514, , 
58913,644509,2012026241,6,67,67301,2012,2,7,9999,99,3,1,1,8,1, , ,N,1,2,0,3,0,1,2,2,N,N,40 00:34.080,75 09:10.376,1904, ,1902, ,0, , , ,3, , , , , , , , , ,1,1,0,0,0,0,0,0,0,0,0,1,1,0,0,0,0,0,0,0,0,0,0,1,0,0,0,0,0,0,0,0,1,0,0,4,0,40.0095,-75.1528, , 
58914,644510,2012028483,6,67,67301,2012,2,1,1100,11,1,4,1,5,4, , ,N,2,0,0,3,0,3,3,2,N,N,40 02:00.614,75 09:02.930,1110, ,1105,2,2,5,N, ,0,Y, , , , , , , , ,2,2,0,0,0,0,0,0,0,1,2,0,3,0,0,0,0,0,0,0,0,0,0,0,0,0,0,0,0,0,0,0,0,0,0,2,0,40.0335,-75.1508, , 
58915,644515,2012033046,6,67,67301,2012,3,7,135,1,3,2,1,7,5, , ,N,0,0,0,3,1,1,3,1,N,N,40 00:12.023,75 10:18.736,145, ,136,5,2,2,N,0,0,Y, , , , , , , , ,1,0,0,0,0,0,1,0,0,0,0,1,1,0,0,0,0,0,0,0,0,0,0,1,1,0,0,0,0,0,0,0,0,0,0,1,0,40.0033,-75.1719,2, 
58916,644527,2012052511,6,67,67301,2012,5,4,2251,22,3,2,1,5,1, , ,N,0,0,0,3,0,1,2,2,N,N,39 54:08.358,75 09:03.803,2308, ,2254,1,1,1,N, ,0,N, , , , , , , , ,2,1,0,0,0,0,0,0,0,0,0,1,1,0,1,0,0,0,0,0,0,0,0,0,0,0,0,0,0,0,0,0,0,0,0,4,0,39.9023,-75.1511, , 
58917,644529,2012056732,6,67,67301,2012,5,1,225,2,3,1,1,4,1, , ,N,0,0,0,3,0,1,3,2,N, ,40 00:23.858,75 11:30.023,9999, ,9999, ,0, , , ,0, , , , , , , , , ,2,1,0,0,1,0,0,0,0,0,0,1,1,0,0,0,0,0,0,0,0,0,0,0,0,0,0,0,0,0,0,0,0,0,0,4,0,40.0066,-75.1917, , 
58918,647853,2012033621,6,67,67301,2012,3,6,1649,16,1,1,0,1,1, , ,N,0,0,2,3,0,1,3,2,N,N,39 59:16.460,75 12:28.050,1747, ,1652, ,0, ,N, ,0, , , , , , , , , ,2,1,0,0,0,0,1,0,0,0,0,1,1,0,0,0,1,0,0,0,1,0,0,0,0,0,0,0,0,0,0,0,0,0,0,4,0,39.9879,-75.2078, , 
58919,647889,2012020570,6,67,67301,2012,1,6,220,2,3,1,0,4,1, , ,N,1,2,0,3,0,0,2,2,N,N,40 02:40.636,75 03:16.819,230, ,223,9,1,7,N, ,3,N, , , , , , , , ,2,2,0,0,0,0,0,0,0,0,0,0,0,0,1,0,0,0,0,0,0,0,0,0,0,0,0,0,0,0,0,0,0,0,0,9,0,40.0446,-75.0547, , 
58920,647893,2012026238,6,67,67301,2012,2,5,2336,23,3,1,0,2,1, , ,N,1,2,0,3,0,2,2,2,N,N,40 03:28.841,75 08:20.620,32, ,2339, ,0, ,N, ,3, , , , , , , , , ,2,1,0,0,0,0,0,1,0,0,0,2,2,0,0,0,0,0,0,0,1,0,0,0,0,0,0,0,0,0,0,0,0,0,0,4,0,40.0581,-75.139, , 
58921,647895,2012028133,6,67,67301,2012,2,3,1600,16,1,1,0,5,1, , ,N,1,2,0,3,0,1,2,2,N,N,39 57:08.078,75 12:24.915,1620, ,1609, ,0, ,N, ,3, , , , , , , , , ,1,1,0,0,0,0,0,0,1,0,0,1,1,0,0,0,0,0,0,1,0,0,0,0,0,0,0,0,0,0,0,0,0,0,0,4,0,39.9522,-75.2069, , 
58922,647899,2012035413,6,67,67301,2012,3,5,2018,20,3,1,0,8,1, , ,N,1,2,0,3,0,1,2,2,N, ,39 59:18.500,75 06:22.881,2018, ,2018, ,0, , , ,3, , , , , , , , , ,1,1,0,0,0,0,0,0,0,0,0,1,1,0,0,0,0,0,0,0,0,1,0,0,0,0,0,0,0,0,0,0,1,0,0,4,0,39.9885,-75.1064, , 
58923,647929,2012015336,6,67,67301,2012,1,3,1625,16,1,1,0,8,1, , ,N,1,2,0,3,0,1,2,2,N,N,39 55:13.464,75 13:58.368,1630, ,1630, ,0, ,N, ,3, , , , , , , , , ,1,0,0,0,0,0,0,1,0,0,0,1,1,0,0,0,0,0,0,0,0,0,0,0,0,0,0,0,0,0,0,0,1,0,0,4,0,39.9204,-75.2329, , 
58924,647951,2012045924,6,67,67301,2012,4,5,1218,12,1,1,0,1,1, , ,N,0,0,0,3,0,0,2,2,N,N,39 57:25.690,75 09:22.754,1231, ,1222, ,0, ,N, ,0, , , , , , , , , ,2,2,0,0,0,0,0,0,0,0,0,0,0,0,0,0,0,0,0,0,1,0,0,0,0,0,0,0,0,0,0,0,0,0,0,0,0,39.9571,-75.1563, , 
58925,647989,2012026142,6,67,67301,2012,2,7,232,2,3,2,1,8,1, , ,N,0,0,0,3,0,1,3,2,N,N,40 02:11.522,75 03:55.284,237, ,233,2,2,2, , ,0,N, , , , , , , , ,1,1,0,0,0,0,0,0,0,0,1,0,1,0,0,0,0,0,0,1,0,0,0,0,0,0,0,0,0,0,0,0,1,0,0,3,0,40.0364,-75.0652, , 
58926,648002,2012041612,6,67,67301,2012,3,3,1315,13,1,1,0,4,1, , ,N,1,2,0,3,0,0,2,2,N,N,39 58:41.919,75 09:58.172,1320, ,1321, ,0, ,N, ,3, , , , , , , , , ,2,1,0,0,0,0,0,1,0,0,0,0,0,0,0,0,0,0,0,0,1,0,0,0,0,0,0,0,0,0,0,0,0,0,0,0,0,39.9783,-75.1662, , 