objectid_1,objectid,crn,district,county,municipality,crash_year,crash_month,day_of_week,time_of_day,hour_of_day,illumination,weather,road_condition,collision_type,relation_to_road,work_zone_type,work_zone_loc,work_zone_ind,intersect_type,tcd_type,location_type,urban_rural,fatal_count,injury_count,person_count,total_units,sch_bus_ind,sch_zone_ind,latitude,longitude,arrival_tm,cons_zone_spd_lim,dispatch_tm,est_hrs_closed,lane_closed,ln_close_dir,ntfy_hiwy_maint,spec_juris_cd,tcd_func_cd,tfc_detour_ind,workers_pres,wz_close_detour,wz_flagger,wz_law_offcr_ind,wz_ln_closure,wz_moving,wz_other,wz_shlder_mdn,vehicle_count,automobile_count,motorcycle_count,bus_count,small_truck_count,heavy_truck_count,suv_count,van_count,bicycle_count,maj_inj_count,mod_inj_count,min_inj_count,tot_inj_count,unk_inj_deg_count,unk_inj_per_count,driver_count_16yr,driver_count_17yr,driver_count_18yr,driver_count_19yr,driver_count_20yr,driver_count_50_64yr,driver_count_65_74yr,driver_count_75plus,unbelted_occ_count,unb_death_count,unb_maj_inj_count,belted_death_count,belted_maj_inj_count,mcycle_death_count,mcycle_maj_inj_count,bicycle_death_count,bicycle_maj_inj_count,ped_count,ped_death_count,ped_maj_inj_count,max_severity_level,comm_veh_count,dec_lat,dec_long,rdwy_surf_type_cd,county_name
59196,645407,2012059625,6,67,67301,2012,6,3,825,8,1,1,0,1,1, , ,N,0,0,0,3,0,0,2,2,N,N,39 59:41.692,75 11:53.715,840, ,827,1,2,3,N, ,0,N, , , , , , , , ,2,2,0,0,0,0,0,0,0,0,0,0,0,0,0,0,0,0,1,0,0,0,0,1,0,0,0,0,0,0,0,0,0,0,0,0,0,39.9949,-75.1983, , 
59197,645432,2012026204,6,67,67301,2012,2,1,540,5,3,1,0,2,1, , ,N,0,0,0,3,0,0,2,2,N,N,39 58:26.507,75 13:34.748,545, ,540, ,0, ,N, ,0, , , , , , , , , ,2,1,0,0,0,0,1,0,0,0,0,0,0,0,1,0,0,0,0,0,0,0,0,0,0,0,0,0,0,0,0,0,0,0,0,9,0,39.974,-75.2263, , 
59198,645451,2012044447,6,67,67301,2012,4,1,658,6,1,1,0,7,2, , ,N,7,0,0,3,0,0,1,1,N,N,39 59:11.058,75 05:30.293,700, ,659,1,1,1,N, ,0,N, , , , , , , , ,1,1,0,0,0,0,0,0,0,0,0,0,0,0,0,0,0,0,0,0,0,0,0,0,0,0,0,0,0,0,0,0,0,0,0,0,0,39.9863,-75.0919, , 
59199,645470,2012020690,6,67,67301,2012,2,6,1846,18,3,1,0,1,1, , ,N,0,0,0,3,0,2,4,3,N,N,39 57:36.155,75 10:45.016,1901, ,1851,2,1,4,N, ,0,N, , , , , , , , ,3,3,0,0,0,0,0,0,0,0,0,2,2,0,0,0,0,0,0,0,1,0,0,0,0,0,0,0,0,0,0,0,0,0,0,4,0,39.96,-75.1792, , 
59200,645472,2012025788,6,67,67301,2012,2,5,931,9,1,2,1,1,2, , ,N,3,0,0,3,1,0,2,2,N,N,40 04:05.934,75 09:35.593,1137, ,1128,3,2,5,N,0,0,Y, , , , , , , , ,2,2,0,0,0,0,0,0,0,0,0,0,0,0,0,0,0,0,0,0,1,0,0,0,0,0,0,0,0,0,0,0,0,0,0,1,0,40.0683,-75.1599,2, 
59201,645473,2012028173,6,67,67301,2012,2,1,400,4,3,4,6,4,1, , ,N,1,2,0,3,0,0,2,2,N,N,39 57:22.442,75 13:10.587,425, ,421,1,2,4,N, ,3,Y, , , , , , , , ,2,1,0,0,0,0,1,0,0,0,0,0,0,0,0,0,0,0,0,0,0,0,0,0,0,0,0,0,0,0,0,0,0,0,0,0,0,39.9562,-75.2196, , 
59202,645528,2012026129,6,67,67301,2012,2,5,2011,20,3,1,0,8,1, , ,N,1,2,0,3,0,1,3,2,N, ,40 02:11.152,75 07:49.835,2011, ,2011,1,1,2, , ,3,N, , , , , , , , ,1,1,0,0,0,0,0,0,0,0,0,1,1,0,0,0,0,0,0,0,0,0,0,0,0,0,0,0,0,0,0,0,1,0,0,4,0,40.0364,-75.1305, , 
59203,645531,2012034781,6,67,67301,2012,3,5,1200,12,1,1,0,1,1, , ,N,5,2,0,3,0,1,3,2,N,N,40 02:26.242,75 10:11.315,1219, ,1209, ,0, , , ,3, , , , , , , , , ,2,1,0,0,0,0,0,1,0,0,0,0,1,1,0,0,0,0,0,0,1,0,0,0,0,0,0,0,0,0,0,0,0,0,0,8,0,40.0406,-75.1698, , 
59204,645574,2012032516,6,67,67301,2012,2,6,110,1,3,1,0,1,1, , ,N,1,2,0,3,0,1,2,2,N,N,40 00:29.331,75 04:20.880,150, ,143, ,0, ,N, ,3, , , , , , , , , ,2,2,0,0,0,0,0,0,0,0,0,1,1,0,1,0,0,0,0,0,1,0,0,0,0,0,0,0,0,0,0,0,0,0,0,4,0,40.0081,-75.0725, , 
59205,645577,2012036993,6,67,67301,2012,3,2,1720,17,1,1,0,1,1, , ,N,1,2,0,3,0,1,3,3,N, ,39 57:40.669,75 08:53.470,1721, ,1720, ,0, ,N, ,3, , , , , , , , , ,3,2,0,0,0,0,1,0,0,0,0,1,1,0,2,0,0,0,0,0,0,1,0,0,0,0,0,0,0,0,0,0,0,0,0,4,0,39.9613,-75.1482, , 
59206,645588,2012050195,6,67,67301,2012,4,2,200,2,3,2,1,4,6, , ,N,0,0,0,3,0,0,1,3,N, ,40 00:40.029,75 11:26.450,805, ,801, ,0, , , ,0, , , , , , , , , ,3,0,0,0,1,0,2,0,0,0,0,0,0,0,0,0,0,0,0,0,0,0,0,0,0,0,0,0,0,0,0,0,0,0,0,0,0,40.0111,-75.1907, , 
59207,648731,2012042642,6,67,67301,2012,4,6,2003,20,3,1,0,1,1, , ,N,6,4,2,3,0,2,7,3,N,N,39 56:42.208,75 11:26.989,2022, ,2005,1,2,4,N, ,3,N, , , , , , , , ,3,3,0,0,0,0,0,0,0,0,0,0,2,2,0,0,0,0,0,0,0,0,0,2,0,0,0,0,0,0,0,0,0,0,0,8,0,39.9451,-75.1908, , 
59208,648757,2012020517,6,67,67301,2012,1,6,1327,13,1,1,1,4,1, , ,N,5,2,0,3,0,1,3,2,N,N,40 04:51.077,75 01:43.585,1332, ,1328,1,1,7,N, ,3,N, , , , , , , , ,2,0,0,0,0,0,1,1,0,0,1,0,1,0,0,0,0,0,0,0,0,0,0,1,0,0,0,0,0,0,0,0,0,0,0,3,0,40.0811,-75.0289, , 
59209,648766,2012028484,6,67,67301,2012,2,3,1040,10,1,1,0,4,1, , ,N,1,2,0,3,0,0,2,2,N, ,40 03:29.512,75 08:25.526,1200, ,1155, ,0, ,N, ,3, , , , , , , , , ,2,1,0,0,0,0,1,0,0,0,0,0,0,0,0,0,0,0,0,1,0,0,0,0,0,0,0,0,0,0,0,0,0,0,0,0,0,40.0582,-75.1404, , 
59210,648768,2012029983,6,67,67301,2012,2,4,630,6,1,1,0,1,1, , ,N,0,0,0,3,0,1,2,2,N,N,39 53:31.840,75 10:34.147,648, ,643, ,0, ,N, ,0, , , , , , , , , ,2,2,0,0,0,0,0,0,0,0,0,1,1,0,0,0,0,0,0,0,1,0,0,0,0,0,0,0,0,0,0,0,0,0,0,4,0,39.8922,-75.1762, , 
59211,648778,2012037412,6,67,67301,2012,3,4,1645,16,1,1,0,4,2, , ,N,0,0,0,3,0,1,1,2,N,N,40 03:26.730,75 02:37.514,1708, ,1703,1,2,5, , ,0,Y, , , , , , , , ,2,1,0,0,0,0,1,0,0,0,0,1,1,0,0,0,0,0,0,0,0,0,0,0,0,0,0,0,0,0,0,0,0,0,0,4,0,40.0574,-75.0438, , 
59212,648785,2012048101,6,67,67301,2012,4,3,2023,20,3,1,0,8,1, , ,N,0,0,0,3,0,1,3,2,N,N,39 59:43.571,75 09:58.183,2030, ,2023, ,0, ,N, ,0, , , , , , , , , ,1,1,0,0,0,0,0,0,0,0,0,1,1,0,0,0,0,0,0,0,0,1,0,0,0,0,0,0,0,0,0,0,1,0,0,4,0,39.9954,-75.1662, , 
59213,648789,2012011137,6,67,67301,2012,1,6,757,7,1,1,0,1,1, , ,N,0,0,0,3,0,0,2,2,N,N,39 57:32.590,75 10:16.405,809, ,759,1,1,4,N, ,0,N, , , , , , , , ,2,2,0,0,0,0,0,0,0,0,0,0,0,0,0,0,0,1,0,0,0,0,0,0,0,0,0,0,0,0,0,0,0,0,0,0,0,39.9591,-75.1712, , 
59214,648794,2012017907,6,67,67301,2012,1,4,2120,21,6,2,1,8,1, , ,N,1,3,0,3,0,2,3,3,N,N,40 01:56.136,75 01:59.318,2127, ,2122, ,0, , , ,3, , , , , , , , , ,1,0,0,0,1,0,0,0,0,0,2,0,2,0,0,0,0,0,1,0,0,0,0,1,0,0,0,0,0,0,0,0,2,0,0,3,0,40.0323,-75.0331, , 
59215,648795,2012019785,6,67,67301,2012,2,6,2250,22,3,1,0,1,1, , ,N,0,0,0,3,0,1,5,2,N,N,39 58:49.816,75 06:14.932,2251, ,2251, ,0, ,N, ,0, , , , , , , , , ,2,2,0,0,0,0,0,0,0,0,1,0,1,0,0,0,0,0,0,0,0,0,0,0,0,0,0,0,0,0,0,0,0,0,0,3,0,39.9804,-75.1043, , 
59216,648806,2012034756,6,67,67301,2012,3,2,1358,13,1,1,0,4,1, , ,N,1,3,0,3,0,1,2,2,N,N,39 58:21.403,75 09:39.365,1405, ,1359, ,0, ,N, ,3, , , , , , , , , ,2,0,0,0,2,0,0,0,0,0,0,1,1,0,0,0,0,0,0,0,0,0,0,1,0,0,0,0,0,0,0,0,0,0,0,4,0,39.9726,-75.1609, , 
59217,648810,2012036869,6,67,67301,2012,3,5,1015,10,1,1,0,4,1, , ,N,0,0,7,3,0,1,2,2,N,N,39 58:49.637,75 14:03.048,1115, ,1024,9,1,3,N, ,0,Y, , , , , , , , ,2,1,1,0,0,0,0,0,0,0,0,0,1,1,0,0,0,0,0,0,0,0,0,0,0,0,0,0,0,0,0,0,0,0,0,8,0,39.9805,-75.2342, , 
59218,648811,2012037230,6,67,67301,2012,4,6,1953,19,3,1,0,1,1, , ,N,6,0,2,3,0,1,2,2,N,N,39 56:48.414,75 11:17.849,2003, ,1957, ,0, ,N, ,0, , , , , , , , , ,2,2,0,0,0,0,0,0,0,0,0,0,1,1,0,0,0,0,0,0,0,0,0,0,0,0,0,0,0,0,0,0,0,0,0,8,0,39.9468,-75.1883, , 
59219,648816,2012043144,6,67,67301,2012,4,3,1528,15,1,1,0,1,1, , ,N,0,0,0,3,0,0,3,2,N,N,39 57:26.515,75 09:31.421,1533, ,1530,1,1,3,N, ,0,N, , , , , , , , ,2,1,0,0,0,0,1,0,0,0,0,0,0,0,0,0,0,0,0,0,0,0,0,0,0,0,0,0,0,0,0,0,0,0,0,0,0,39.9574,-75.1587, , 
59220,648819,2012048764,6,67,67301,2012,5,2,1338,13,1,2,1,2,1, , ,N,1,2,0,3,0,1,2,2,N,N,40 05:37.163,74 58:48.657,1525, ,1505,3,1,2,N, ,3,N, , , , , , , , ,2,1,0,0,0,1,0,0,0,0,0,1,1,0,0,0,0,0,0,0,0,0,0,0,0,0,0,0,0,0,0,0,0,0,0,4,1,40.0935,-74.9802, , 
59221,648821,2012051956,6,46,46108,2012,4,4,2215,22,3,2,1,4,1, , ,N,1,2,0,3,0,0,2,2,N,N,40 05:15.200,75 12:51.480,2310, ,2257, ,0, ,N, ,3, , , , , , , , , ,2,2,0,0,0,0,0,0,0,0,0,0,0,0,0,0,0,0,0,0,0,0,0,0,0,0,0,0,0,0,0,0,0,0,0,0,0,40.0876,-75.2143, , 
59222,648826,2012056490,6,67,67301,2012,2,4,2030,20,6,2,1,4,1, , ,N,1,2,0,3,0,1,2,2,N,N,40 02:02.615,75 10:58.439,0, ,0, ,0, ,N, ,3, , , , , , , , , ,1,1,0,0,0,0,0,0,1,0,1,0,1,0,0,0,0,0,0,0,1,0,0,0,0,0,0,0,0,0,0,0,0,0,0,3,0,40.0341,-75.1829, , 
59223,648843,2012015514,6,67,67301,2012,1,1,1752,17,3,1,0,1,1, , ,N,1,2,0,3,0,4,4,2,N,N,40 00:15.118,75 05:57.764,1830, ,1824, ,0, ,N, ,3, , , , , , , , , ,2,2,0,0,0,0,0,0,0,0,0,4,4,0,0,0,0,0,0,0,0,0,0,0,0,0,0,0,0,0,0,0,0,0,0,4,0,40.0042,-75.0994, , 
59224,648845,2012020403,6,67,67301,2012,1,3,9999,99,3,1,1,5,2, , ,N,0,0,0,3,0,0,1,2,N,N,40 07:54.426,75 00:45.665,315, ,312, ,0, ,N, ,0, , , , , , , , , ,2,1,0,0,0,0,1,0,0,0,0,0,0,0,0,0,0,0,0,0,0,0,0,0,0,0,0,0,0,0,0,0,0,0,0,0,0,40.1318,-75.0127, , 
59225,652416,2012036819,6,67,67301,2012,3,6,2305,23,3,1,0,4,1, , ,N,1,2,0,3,0,3,4,2,N,N,40 03:19.172,75 04:23.456,2337, ,2336,1,1,4,N, ,3,N, , , , , , , , ,2,2,0,0,0,0,0,0,0,0,3,0,3,0,0,0,0,0,0,0,1,1,0,0,0,0,0,0,0,0,0,0,0,0,0,3,0,40.0553,-75.0733, , 
59226,652428,2012049657,6,67,67301,2012,4,5,1514,15,1,1,0,8,1, , ,N,1,2,0,3,0,1,2,2,N, ,39 59:29.569,75 13:35.687,1525, ,1515, ,0, , , ,3, , , , , , , , , ,1,1,0,0,0,0,0,0,0,0,0,1,1,0,0,0,0,0,0,0,0,0,1,0,0,0,0,0,0,0,0,0,1,0,0,4,0,39.9915,-75.2266, , 
59227,652455,2012028219,6,46,46104,2012,3,3,1937,19,3,1,0,4,1, , ,N,1,2,0,3,0,0,3,2,N,N,40 00:09.262,75 13:25.031,1940, ,1937, ,0, ,N, ,3, , , , , , , , , ,2,1,0,0,1,0,0,0,0,0,0,0,0,0,0,0,0,0,0,0,1,0,0,0,0,0,0,0,0,0,0,0,0,0,0,0,0,40.0025,-75.2236, , 
59228,652460,2012034701,6,67,67301,2012,3,6,935,9,1,1,0,4,1, , ,N,0,0,7,3,0,2,2,2,N,N,40 00:57.609,75 03:04.802,945, ,937,2,2,1,N, ,0,Y, , , , , , , , ,2,0,0,0,1,1,0,0,0,0,0,2,2,0,0,0,0,0,0,0,0,0,0,0,0,0,0,0,0,0,0,0,0,0,0,4,0,40.016,-75.0513, , 
59229,652470,2012047191,6,67,67301,2012,4,3,9999,99,1,1,0,8,1, , ,N,1,2,0,3,0,1,2,2,N, ,39 55:01.859,75 14:46.691,9999, ,1200, ,0, , , ,3, , , , , , , , , ,1,0,0,0,0,0,1,0,0,0,0,1,1,0,0,0,0,0,0,0,1,0,0,0,0,0,0,0,0,0,0,0,1,0,0,4,0,39.9172,-75.2463, , 
59230,652476,2012056640,6,67,67301,2012,5,1,1111,11,1,1,0,4,1, , ,N,1,3,0,3,0,3,5,2,N,N,39 58:08.277,75 14:47.486,1120, ,1111,2,1,4, , ,3,N, , , , , , , , ,2,1,0,0,0,0,0,1,0,0,0,0,3,3,0,0,0,0,0,0,0,0,0,0,0,0,0,0,0,0,0,0,0,0,0,8,0,39.969,-75.2465, , 
59231,652477,2012056680,6,67,67301,2012,5,3,2130,21,3,2,1,1,1, , ,N,1,2,0,3,0,2,4,2,N,N,40 01:21.712,75 08:00.711,2330, ,2330, ,0, ,N, ,3, , , , , , , , , ,2,2,0,0,0,0,0,0,0,0,1,1,2,0,0,0,0,0,0,0,0,0,0,1,0,0,0,0,0,0,0,0,0,0,0,3,0,40.0227,-75.1335, , 
59232,652498,2012015393,6,67,67301,2012,1,6,1920,19,3,1,0,4,1, , ,N,1,2,0,3,0,6,6,2,N,N,39 59:00.200,75 10:12.957,1935, ,1928,1,1,3,N, ,3,Y, , , , , , , , ,2,1,0,0,0,0,0,1,0,0,0,0,6,6,0,0,0,0,0,0,0,0,0,0,0,0,0,0,0,0,0,0,0,0,0,8,0,39.9834,-75.1703, , 
59233,652512,2012032551,6,67,67301,2012,2,6,1421,14,1,2,1,4,1, , ,N,1,3,0,3,0,1,2,2,N,N,40 00:01.684,75 07:10.714,1426, ,1422,2,2,2,N, ,3,Y, , , , , , , , ,2,2,0,0,0,0,0,0,0,0,0,0,1,1,0,0,0,0,0,0,0,0,0,0,0,0,0,0,0,0,0,0,0,0,0,8,0,40.0005,-75.1196, , 
59234,652519,2012036935,6,67,67301,2012,3,2,935,9,1,1,0,1,1, , ,N,2,2,0,3,0,0,2,2,N,N,40 02:16.795,75 05:19.253,939, ,939, ,0, ,N, ,3, , , , , , , , , ,2,1,0,0,0,0,1,0,0,0,0,0,0,0,0,0,0,0,0,0,0,0,1,0,0,0,0,0,0,0,0,0,0,0,0,0,0,40.038,-75.0887, , 
59235,652525,2012041737,6,67,67301,2012,3,7,12,0,6,1,0,8,1, , ,N,0,0,0,3,0,1,3,2,N, ,39 58:05.085,75 08:03.909,19, ,13, ,0, , , ,0, , , , , , , , , ,1,1,0,0,0,0,0,0,0,0,0,0,1,1,0,0,0,0,0,0,1,0,0,0,0,0,0,0,0,0,0,0,1,0,0,8,0,39.9681,-75.1344, , 
59236,652541,2012011598,6,67,67301,2012,1,6,729,7,1,2,1,1,1, , ,N,0,0,0,3,0,0,4,3,N,N,39 58:29.616,75 11:39.350,744, ,732, ,0, ,N, ,0, , , , , , , , , ,3,3,0,0,0,0,0,0,0,0,0,0,0,0,0,0,0,0,0,0,0,0,0,0,0,0,0,0,0,0,0,0,0,0,0,0,0,39.9749,-75.1943, , 
59237,652543,2012012221,6,67,67301,2012,1,7,2253,22,3,1,0,7,2, , ,N,2,3,0,3,0,0,1,1,N,N,40 06:01.083,75 03:49.402,2256, ,2253, ,0, ,N, ,3, , , , , , , , , ,1,1,0,0,0,0,0,0,0,0,0,0,0,0,0,0,0,0,0,0,0,0,0,0,0,0,0,0,0,0,0,0,0,0,0,0,0,40.1003,-75.0637, , 
59238,652547,2012014817,6,67,67301,2012,1,6,2239,22,3,1,0,1,1, , ,N,6,0,0,3,0,1,3,2,N,N,39 56:44.167,75 11:25.033,2252, ,2245,2,1,3,N, ,0,N, , , , , , , , ,2,1,0,0,0,0,1,0,0,0,1,0,1,0,0,0,0,0,0,1,0,0,0,0,0,0,0,0,0,0,0,0,0,0,0,3,0,39.9456,-75.1903, , 
59239,652569,2012036959,6,67,67301,2012,3,2,1906,19,3,1,0,4,1, , ,N,0,0,0,3,0,4,5,4,N,N,40 03:46.310,75 09:20.001,1915, ,1910, ,0, ,N, ,0, , , , , , , , , ,4,2,0,0,1,0,1,0,0,0,0,0,4,4,0,0,0,0,0,0,0,0,0,0,0,0,0,0,0,0,0,0,0,0,0,8,0,40.0629,-75.1556, , 
59240,652570,2012037401,6,67,67301,2012,2,4,235,2,3,1,0,4,2, , ,N,0,0,0,3,0,1,1,3,N,N,40 01:10.751,75 07:29.118,300, ,250, ,0, ,N, ,0, , , , , , , , , ,3,3,0,0,0,0,0,0,0,0,1,0,1,0,0,0,0,0,0,0,0,0,0,1,0,0,0,0,0,0,0,0,0,0,0,3,0,40.0197,-75.1248, , 
59241,652571,2012041752,6,67,67301,2012,3,5,1825,18,1,1,0,8,1, , ,N,0,0,0,3,0,1,2,2,N, ,39 59:14.571,75 14:10.622,1840, ,1832, ,0, , , ,0, , , , , , , , , ,1,1,0,0,0,0,0,0,0,0,1,0,1,0,0,0,0,0,0,1,0,0,0,0,0,0,0,0,0,0,0,0,1,0,0,3,0,39.9874,-75.2363, , 
59242,652583,2012056701,6,67,67301,2012,5,4,2116,21,3,1,0,4,1, , ,N,1,2,0,3,0,1,4,2,N,N,39 56:50.704,75 14:23.171,2119, ,2116, ,0, ,N, ,3, , , , , , , , , ,1,1,0,0,0,0,0,0,1,0,0,1,1,0,0,0,0,0,0,0,0,0,0,0,0,0,0,0,0,0,0,0,0,0,0,4,0,39.9474,-75.2398, , 
59243,655821,2012045149,6,67,67301,2012,4,2,658,6,1,1,0,1,1, , ,N,0,0,0,3,0,3,3,2,Y,N,39 58:38.861,75 06:44.122,712, ,1,2,1,1,N, ,0,N, , , , , , , , ,2,0,0,0,0,1,0,1,0,1,2,0,3,0,0,0,0,0,0,0,0,0,0,1,0,1,0,0,0,0,0,0,0,0,0,2,0,39.9774,-75.1124, , 
59244,655826,2012011823,6,67,67301,2012,1,7,1327,13,1,1,0,7,2, , ,N,0,0,3,3,0,2,2,1,N,N,40 00:28.924,75 04:16.098,1341, ,1332, ,0, ,Y, ,0, , , , , , , , , ,1,1,0,0,0,0,0,0,0,2,0,0,2,0,0,0,0,0,0,1,0,0,0,2,0,2,0,0,0,0,0,0,0,0,0,2,0,40.0079,-75.0713, , 
59245,655840,2012034294,6,67,67301,2012,4,2,1347,13,1,1,0,7,4, , ,N,0,0,0,3,0,1,1,1,N,N,39 55:57.050,75 08:43.181,1350, ,1348,1,1,1,N, ,0,N, , , , , , , , ,1,1,0,0,0,0,0,0,0,0,0,0,1,1,0,0,0,0,0,0,0,0,0,0,0,0,0,0,0,0,0,0,0,0,0,8,0,39.9324,-75.1454, , 
59246,655850,2012047301,6,67,67301,2012,4,3,0,0,3,1,0,7,5, , ,N,0,0,0,3,0,1,2,2,N,N,39 59:17.984,75 13:41.260,32, ,24, ,0, ,N, ,0, , , , , , , , , ,2,2,0,0,0,0,0,0,0,0,0,1,1,0,0,0,0,0,0,0,1,0,0,0,0,0,0,0,0,0,0,0,0,0,0,4,0,39.9883,-75.2281, , 
59247,655859,2012059003,6,67,67301,2012,5,3,1402,14,1,1,0,0,1, , ,N,0,0,0,3,0,1,1,1,N,N,39 53:50.718,75 11:13.819,1418, ,1407,2,1,1,N, ,0,N, , , , , , , , ,1,0,0,0,0,0,0,1,0,0,0,1,1,0,0,0,0,0,0,0,0,0,0,0,0,0,0,0,0,0,0,0,0,0,0,4,0,39.8974,-75.1872, , 
59248,655880,2012015485,6,67,67301,2012,1,7,1135,11,1,1,0,5,1, , ,N,0,2,0,3,0,0,6,2,N,N,39 53:22.167,75 13:54.481,1159, ,1156, ,0, ,N, ,3, , , , , , , , , ,2,2,0,0,0,0,0,0,0,0,0,0,0,0,0,0,0,0,0,0,0,0,0,0,0,0,0,0,0,0,0,0,0,0,0,0,0,39.8895,-75.2318, , 
59249,655898,2012041342,6,67,67301,2012,4,2,1225,12,1,1,0,7,2, , ,N,0,0,0,3,0,0,1,1,N,N,39 58:54.899,75 06:03.692,1231, ,1227,2,1,1,N, ,0,N, , , , , , , , ,1,1,0,0,0,0,0,0,0,0,0,0,0,0,0,0,0,0,0,0,0,0,0,0,0,0,0,0,0,0,0,0,0,0,0,0,0,39.9819,-75.1012, , 
59250,655899,2012041680,6,67,67301,2012,4,1,1019,10,1,1,0,4,1, , ,N,1,2,0,3,0,2,5,2,N,N,40 02:40.636,75 03:16.819,1030, ,1024,1,1,2,N, ,3,N, , , , , , , , ,2,0,0,0,0,0,2,0,0,0,0,1,2,1,0,0,0,0,0,0,0,0,0,0,0,0,0,0,0,0,0,0,0,0,0,4,0,40.0446,-75.0547, , 
59251,655907,2012051434,6,67,67301,2012,1,6,2230,22,6,1,0,4,1, , ,N,1,2,0,3,0,1,2,2,N,N,39 57:10.754,75 10:06.506,0, ,0, ,0, ,N, ,3, , , , , , , , , ,2,2,0,0,0,0,0,0,0,0,0,0,1,1,0,0,0,0,0,1,0,0,0,0,0,0,0,0,0,0,0,0,0,0,0,8,0,39.953,-75.1685, , 
59252,655912,2012056202,6,67,67301,2012,5,6,1248,12,1,1,0,1,1, , ,N,0,0,0,3,0,1,3,2,N,N,39 56:44.461,75 11:23.795,1300, ,1250,1,2,4,N, ,0,N, , , , , , , , ,2,0,0,0,1,0,0,1,0,0,0,0,1,1,0,0,0,0,0,0,0,0,0,0,0,0,0,0,0,0,0,0,0,0,0,8,0,39.9457,-75.1899, , 
59253,655953,2012042581,6,67,67301,2012,3,5,2043,20,1,1,0,4,1, , ,N,1,0,0,3,0,3,4,2,N, ,40 01:23.224,75 07:26.445,2058, ,2050, ,0, , , ,0, , , , , , , , , ,2,1,0,0,0,0,1,0,0,0,0,3,3,0,0,0,0,0,0,0,0,0,0,0,0,0,0,0,0,0,0,0,0,0,0,4,0,40.0231,-75.124, , 
59254,655962,2012052514,6,67,67301,2012,5,7,2357,23,3,1,0,1,1, , ,N,0,0,0,3,0,3,5,2,N,N,39 58:00.851,75 11:15.985,6, ,4, ,0, ,N, ,0, , , , , , , , , ,2,1,0,0,0,0,1,0,0,0,0,3,3,0,0,0,0,0,0,0,1,0,0,0,0,0,0,0,0,0,0,0,0,0,0,4,0,39.9669,-75.1878, , 
59255,655976,2012015495,6,67,67301,2012,1,2,2319,23,3,1,0,7,2, , ,N,0,0,0,3,0,1,2,1,N,N,40 00:25.068,75 07:53.505,2322, ,2319,2,2,5,N, ,0,N, , , , , , , , ,1,1,0,0,0,0,0,0,0,0,0,1,1,0,0,0,0,0,0,0,0,0,0,0,0,0,0,0,0,0,0,0,0,0,0,4,0,40.007,-75.1315, , 
59256,655982,2012026090,6,67,67301,2012,2,6,2040,20,3,1,0,1,1, , ,N,3,2,0,3,0,3,5,3,N, ,40 01:35.621,75 04:05.072,2049, ,2043,2,2,1, , ,3,N, , , , , , , , ,3,1,0,0,0,0,1,1,0,0,2,1,3,0,0,0,0,0,0,0,0,0,0,0,0,0,0,0,0,0,0,0,0,0,0,3,0,40.0266,-75.068, , 
59257,655994,2012041691,6,67,67301,2012,3,3,845,8,1,1,0,4,1, , ,N,1,2,0,3,0,3,4,2,N,N,40 01:02.991,75 03:54.641,848, ,846,3,2,7, , ,3,Y, , , , , , , , ,2,1,0,0,0,0,0,1,0,0,3,0,3,0,0,0,0,0,0,0,0,0,0,0,0,0,0,0,0,0,0,0,0,0,0,3,0,40.0176,-75.065, , 
59258,655998,2012043702,6,67,67301,2012,3,3,1851,18,1,1,0,4,1, , ,N,1,2,0,3,0,1,2,2,N,N,40 02:41.560,75 05:01.316,1852, ,1851, ,0, ,N, ,3, , , , , , , , , ,2,1,0,0,1,0,0,0,0,0,0,1,1,0,0,0,0,0,0,0,0,0,0,0,0,0,0,0,0,0,0,0,0,0,0,4,0,40.0449,-75.0837, , 
59259,656004,2012047074,6,67,67301,2012,4,4,1530,15,1,1,0,3,1, , ,N,1,2,0,3,0,4,5,2,N, ,39 57:20.239,75 12:52.779,1829, ,1821, ,0, , , ,3, , , , , , , , , ,2,1,0,0,0,0,0,1,0,0,0,4,4,0,0,0,0,0,0,0,0,0,0,0,0,0,0,0,0,0,0,0,0,0,0,4,0,39.9556,-75.2147, , 
59260,656005,2012047131,6,67,67301,2012,4,7,1700,17,1,1,0,4,1, , ,N,1,2,0,3,0,1,11,5,N,N,40 01:27.102,75 05:43.897,1700, ,1700,2,2,5,N, ,3,Y, , , , , , , , ,5,5,0,0,0,0,0,0,0,0,0,1,1,0,0,0,0,0,0,0,0,0,0,0,0,0,0,0,0,0,0,0,0,0,0,4,0,40.0242,-75.0955, , 
59261,645595,2012060644,6,67,67301,2012,5,5,927,9,1,1,0,1,1, , ,N,0,0,0,3,0,0,2,2,N,N,39 56:57.811,75 12:36.740,1058, ,1054, ,0, ,N, ,0, , , , , , , , , ,2,2,0,0,0,0,0,0,0,0,0,0,0,0,0,0,0,0,0,0,0,0,0,1,0,0,0,0,0,0,0,0,0,0,0,0,0,39.9494,-75.2102, , 
59262,645616,2012020503,6,67,67301,2012,1,1,1315,13,1,4,1,4,1, , ,N,1,0,0,3,0,1,2,2,N,N,40 01:39.432,75 05:46.337,1620, ,1613, ,0, ,N, ,0, , , , , , , , , ,2,2,0,0,0,0,0,0,0,0,0,1,1,0,0,0,0,0,0,0,0,0,0,0,0,0,0,0,0,0,0,0,0,0,0,4,0,40.0276,-75.0962, , 
59263,645625,2012028163,6,67,67301,2012,2,1,313,3,3,4,6,1,2, , ,N,1,2,0,3,0,0,2,2,N,N,40 01:50.025,75 08:47.329,316, ,315, ,0, ,N, ,3, , , , , , , , , ,2,2,0,0,0,0,0,0,0,0,0,0,0,0,0,0,0,0,0,0,0,0,0,0,0,0,0,0,0,0,0,0,0,0,0,0,0,40.0306,-75.1465, , 