objectid_1,objectid,crn,district,county,municipality,crash_year,crash_month,day_of_week,time_of_day,hour_of_day,illumination,weather,road_condition,collision_type,relation_to_road,work_zone_type,work_zone_loc,work_zone_ind,intersect_type,tcd_type,location_type,urban_rural,fatal_count,injury_count,person_count,total_units,sch_bus_ind,sch_zone_ind,latitude,longitude,arrival_tm,cons_zone_spd_lim,dispatch_tm,est_hrs_closed,lane_closed,ln_close_dir,ntfy_hiwy_maint,spec_juris_cd,tcd_func_cd,tfc_detour_ind,workers_pres,wz_close_detour,wz_flagger,wz_law_offcr_ind,wz_ln_closure,wz_moving,wz_other,wz_shlder_mdn,vehicle_count,automobile_count,motorcycle_count,bus_count,small_truck_count,heavy_truck_count,suv_count,van_count,bicycle_count,maj_inj_count,mod_inj_count,min_inj_count,tot_inj_count,unk_inj_deg_count,unk_inj_per_count,driver_count_16yr,driver_count_17yr,driver_count_18yr,driver_count_19yr,driver_count_20yr,driver_count_50_64yr,driver_count_65_74yr,driver_count_75plus,unbelted_occ_count,unb_death_count,unb_maj_inj_count,belted_death_count,belted_maj_inj_count,mcycle_death_count,mcycle_maj_inj_count,bicycle_death_count,bicycle_maj_inj_count,ped_count,ped_death_count,ped_maj_inj_count,max_severity_level,comm_veh_count,dec_lat,dec_long,rdwy_surf_type_cd,county_name
59264,645632,2012033044,6,67,67301,2012,2,6,1711,17,4,1,0,4,1, , ,N,1,3,0,3,0,1,3,2,N, ,39 56:34.638,75 13:36.512,1742, ,1740, ,0, , , ,3, , , , , , , , , ,2,2,0,0,0,0,0,0,0,0,0,1,1,0,0,0,0,0,0,0,0,0,0,0,0,0,0,0,0,0,0,0,0,0,0,4,0,39.943,-75.2268, , 
59265,645639,2012041534,6,67,67301,2012,3,7,2245,22,3,1,0,1,1, , ,N,1,2,0,3,0,1,3,2,N, ,40 02:03.071,75 04:17.001,2250, ,2245, ,0, , , ,3, , , , , , , , , ,2,1,0,0,0,0,1,0,0,0,0,1,1,0,0,0,1,0,0,0,0,0,0,0,0,0,0,0,0,0,0,0,0,0,0,4,0,40.0342,-75.0714, , 
59266,645640,2012042170,6,67,67301,2012,1,3,2240,22,3,1,0,4,1, , ,N,1,0,0,3,0,4,4,2,N,N,39 55:44.578,75 13:14.118,2244, ,2242, ,0, ,N, ,0, , , , , , , , , ,2,2,0,0,0,0,0,0,0,2,2,0,4,0,0,0,0,0,0,0,0,0,0,0,0,0,0,0,0,0,0,0,0,0,0,2,0,39.9291,-75.2205, , 
59267,645646,2012050227,6,67,67301,2012,4,6,9999,99,1,1,0,8,1, , ,N,1,3,0,3,0,1,2,2,N,N,39 57:46.951,75 14:11.457,718, ,716, ,0, ,N, ,3, , , , , , , , , ,1,1,0,0,0,0,0,0,0,0,0,0,1,1,0,0,0,0,0,0,0,0,0,0,0,0,0,0,0,0,0,0,1,0,0,8,0,39.963,-75.2365, , 
59268,645662,2012017872,6,67,67301,2012,1,6,630,6,3,2,1,8,1, , ,N,1,2,0,3,0,1,2,2,N, ,40 03:44.969,74 59:13.463,9999, ,707, ,0, , , ,3, , , , , , , , , ,1,1,0,0,0,0,0,0,0,0,0,0,1,1,0,0,0,0,0,0,1,0,0,0,0,0,0,0,0,0,0,0,1,0,0,8,0,40.0625,-74.987, , 
59269,645663,2012017932,6,67,67301,2012,1,6,1915,19,3,1,0,4,1, , ,N,2,0,0,3,0,3,3,2,N, ,39 59:04.290,75 09:19.234,1940, ,1915, ,0, , , ,0, , , , , , , , , ,2,2,0,0,0,0,0,0,0,0,0,2,3,1,0,0,1,0,0,0,0,0,0,0,0,0,0,0,0,0,0,0,0,0,0,4,0,39.9845,-75.1553, , 
59270,645669,2012026233,6,67,67301,2012,2,2,950,9,1,1,0,2,1, , ,N,1,2,0,3,0,1,2,2,N,N,40 05:07.675,75 02:14.870,1000, ,953, ,0, ,N, ,3, , , , , , , , , ,2,2,0,0,0,0,0,0,0,0,0,1,1,0,0,0,0,0,0,0,0,0,0,0,0,0,0,0,0,0,0,0,0,0,0,4,0,40.0854,-75.0374, , 
59271,645683,2012047168,6,67,67301,2012,3,7,215,2,3,2,1,4,1, , ,N,1,2,0,3,0,1,2,2,N, ,40 01:07.917,75 08:25.576,305, ,257, ,0, , , ,3, , , , , , , , , ,2,2,0,0,0,0,0,0,0,0,0,1,1,0,0,0,0,0,0,0,0,0,0,0,0,0,0,0,0,0,0,0,0,0,0,4,0,40.0189,-75.1404, , 
59272,645688,2012052673,6,67,67301,2012,5,5,1539,15,1,1,0,4,1, , ,N,1,3,0,3,0,0,2,2,N,N,40 02:19.640,75 07:25.924,1638, ,1635, ,0, ,N, ,3, , , , , , , , , ,2,2,0,0,0,0,0,0,0,0,0,0,0,0,0,0,0,0,0,0,0,0,0,0,0,0,0,0,0,0,0,0,0,0,0,0,0,40.0388,-75.1239, , 
59273,645693,2012056524,6,67,67301,2012,5,4,2200,22,3,1,0,4,1, , ,N,1,3,0,3,0,1,3,2,N,N,39 59:18.528,75 13:52.978,2320, ,2309, ,0, ,N, ,3, , , , , , , , , ,2,0,0,0,0,0,1,1,0,0,0,0,1,1,0,0,0,0,0,0,0,0,0,0,0,0,0,0,0,0,0,0,0,0,0,8,0,39.9885,-75.2314, , 
59274,645716,2012020553,6,67,67301,2012,1,5,620,6,3,2,1,4,1, , ,N,1,2,0,3,0,0,2,2,N, ,39 57:28.557,75 09:50.688,628, ,621, ,0, , , ,3, , , , , , , , , ,2,1,0,0,1,0,0,0,0,0,0,0,0,0,0,0,0,0,0,0,0,0,0,0,0,0,0,0,0,0,0,0,0,0,0,0,0,39.9579,-75.1641, , 
59275,645725,2012035139,6,67,67301,2012,3,6,1729,17,1,1,0,1,1, , ,N,0,0,0,3,0,3,5,2,N,N,40 01:31.980,75 09:15.735,1730, ,1729, ,0, ,N, ,0, , , , , , , , , ,2,1,0,0,0,0,1,0,0,0,0,3,3,0,0,0,0,0,0,0,1,0,0,0,0,0,0,0,0,0,0,0,0,0,0,4,0,40.0256,-75.1544, , 
59276,645738,2012049736,6,67,67301,2012,4,6,1314,13,1,1,0,4,1, , ,N,0,0,0,3,0,2,2,2,N,N,39 54:52.981,75 14:03.969,1358, ,1358, ,0, ,N, ,0, , , , , , , , , ,2,2,0,0,0,0,0,0,0,0,0,0,2,2,0,0,0,0,1,0,0,0,0,0,0,0,0,0,0,0,0,0,0,0,0,8,0,39.9147,-75.2344, , 
59277,645763,2012032730,6,67,67301,2012,2,2,746,7,1,1,0,4,1, , ,N,1,2,0,3,0,0,2,2,N,N,39 54:33.696,75 09:40.053,752, ,746, ,0, ,N, ,3, , , , , , , , , ,2,1,0,0,1,0,0,0,0,0,0,0,0,0,0,0,0,0,0,0,1,0,0,0,0,0,0,0,0,0,0,0,0,0,0,0,0,39.9094,-75.1611, , 
59278,645775,2012041747,6,67,67301,2012,3,6,1545,15,1,1,0,8,1, , ,N,0,0,0,3,0,1,2,2,N,N,40 02:03.071,75 10:36.190,1220, ,1220, ,0, ,N, ,0, , , , , , , , , ,1,0,0,0,0,0,1,0,0,0,1,0,1,0,1,0,0,0,0,0,0,0,0,0,0,0,0,0,0,0,0,0,1,0,0,3,0,40.0342,-75.1767, , 
59279,648853,2012032903,6,67,67301,2012,3,1,124,1,3,1,0,4,1, , ,N,0,0,0,3,0,3,4,2,N,N,39 58:43.849,75 06:34.134,127, ,126,3,1,1,N, ,0,N, , , , , , , , ,2,1,0,0,0,0,1,0,0,0,3,0,3,0,1,0,0,0,0,0,0,0,1,0,0,0,0,0,0,0,0,0,0,0,0,3,0,39.9788,-75.1096, , 
59280,648861,2012042163,6,67,67301,2012,3,3,1040,10,1,1,0,4,1, , ,N,1,2,0,3,0,2,2,2,N,N,40 01:18.103,75 08:23.224,1052, ,1041,1,1,2,N, ,3,N, , , , , , , , ,2,1,0,0,1,0,0,0,0,0,1,1,2,0,0,0,0,0,0,0,0,0,0,0,0,0,0,0,0,0,0,0,0,0,0,3,0,40.0218,-75.1396, , 
59281,648864,2012047173,6,67,67301,2012,4,6,900,9,1,1,0,8,1, , ,N,0,0,0,3,0,1,3,2,N,N,39 58:18.059,75 09:30.728,1002, ,1000, ,0, ,N, ,0, , , , , , , , , ,1,1,0,0,0,0,0,0,0,0,0,0,1,1,2,0,0,0,0,0,0,0,0,0,0,0,0,0,0,0,0,0,1,0,0,8,0,39.9717,-75.1585, , 
59282,648868,2012054084,6,67,67301,2012,5,7,806,8,1,1,0,7,2, , ,N,6,0,2,3,0,0,1,1,N,N,39 57:41.926,75 10:56.993,810, ,807, ,0, ,N, ,0, , , , , , , , , ,1,1,0,0,0,0,0,0,0,0,0,0,0,0,0,0,0,0,0,0,0,0,0,0,0,0,0,0,0,0,0,0,0,0,0,0,0,39.9616,-75.1825, , 
59283,648870,2012055494,6,67,67301,2012,5,6,1738,17,1,1,0,1,1, , ,N,0,0,0,3,0,1,4,3,N,N,39 55:22.333,75 08:51.775,1753, ,1741, ,0, ,N, ,0, , , , , , , , , ,3,2,0,0,0,0,1,0,0,0,0,1,1,0,0,0,0,0,0,1,0,0,0,0,0,0,0,0,0,0,0,0,0,0,0,4,0,39.9229,-75.1477, , 
59284,648871,2012056695,6,67,67301,2012,5,7,1805,18,1,1,0,3,1, , ,N,0,0,0,3,0,0,4,2,N,N,39 53:26.731,75 14:49.795,1835, ,1830, ,0, ,N, ,0, , , , , , , , , ,2,2,0,0,0,0,0,0,0,0,0,0,0,0,0,0,0,0,0,0,0,0,0,0,0,0,0,0,0,0,0,0,0,0,0,0,0,39.8908,-75.2472, , 
59285,648946,2012026258,6,67,67301,2012,2,1,1615,16,4,1,0,1,1, , ,N,2,2,0,3,0,1,2,2,N, ,40 05:06.065,75 13:43.797,1415, ,1415, ,0, , , ,3, , , , , , , , , ,2,2,0,0,0,0,0,0,0,0,0,1,1,0,1,0,0,0,0,0,0,0,0,0,0,0,0,0,0,0,0,0,0,0,0,4,0,40.085,-75.2288, , 
59286,648954,2012043143,6,67,67301,2012,4,4,1808,18,1,1,0,1,1, , ,N,0,0,0,3,0,3,6,3,N,N,39 57:29.651,75 09:52.962,1814, ,1811,1,1,4,N, ,0,N, , , , , , , , ,3,2,0,0,0,0,0,1,0,0,2,1,3,0,0,0,0,0,1,1,0,0,0,0,0,0,0,0,0,0,0,0,0,0,0,3,0,39.9582,-75.1647, , 
59287,648999,2012028129,6,67,67301,2012,2,3,1720,17,4,1,0,4,1, , ,N,2,3,0,3,0,0,2,2,N,N,39 57:20.944,75 12:35.661,1811, ,1810, ,0, ,N, ,3, , , , , , , , , ,2,2,0,0,0,0,0,0,0,0,0,0,0,0,0,0,0,0,0,0,1,0,0,0,0,0,0,0,0,0,0,0,0,0,0,0,0,39.9558,-75.2099, , 
59288,649003,2012032615,6,67,67301,2012,2,6,153,1,3,1,0,4,6, , ,N,0,0,0,3,0,0,1,3,N,N,39 58:57.195,75 10:54.221,155, ,153,9,2,1, , ,0,N, , , , , , , , ,3,2,0,0,1,0,0,0,0,0,0,0,0,0,0,0,0,0,0,0,0,0,0,0,0,0,0,0,0,0,0,0,0,0,0,0,0,39.9826,-75.1817, , 
59289,649004,2012034759,6,67,67301,2012,2,2,1545,15,1,1,0,4,1, , ,N,1,3,0,3,0,4,5,2,Y,N,39 59:06.324,75 09:52.851,1617, ,1610,9,2,4,N, ,3,N, , , , , , , , ,2,1,0,1,0,0,0,0,0,0,0,0,4,4,0,0,0,0,0,0,0,0,0,0,0,0,0,0,0,0,0,0,0,0,0,8,1,39.9851,-75.1647, , 
59290,649016,2012047286,6,67,67301,2012,4,5,1632,16,1,1,0,1,1, , ,N,0,0,0,3,0,1,3,3,N,N,40 03:51.147,75 09:39.400,1638, ,1638,1,2,4,N, ,0,Y, , , , , , , , ,3,3,0,0,0,0,0,0,0,0,0,1,1,0,0,0,0,0,0,0,0,0,0,0,0,0,0,0,0,0,0,0,0,0,0,4,0,40.0643,-75.1608, , 
59291,649066,2012044369,6,67,67301,2012,3,7,2305,23,3,1,0,8,6, , ,N,0,0,0,3,0,1,2,2,N,N,39 57:02.846,75 09:56.509,212, ,208, ,0, ,N, ,0, , , , , , , , , ,1,0,0,0,0,0,0,0,0,0,0,0,1,1,0,0,0,0,0,0,0,0,0,0,0,0,0,0,0,0,0,0,1,0,0,8,0,39.9508,-75.1657, , 
59292,649098,2012034791,6,67,67301,2012,3,2,1850,18,1,1,0,4,1, , ,N,0,0,7,3,0,0,2,2,N,N,40 01:24.017,75 04:46.769,1900, ,1857,1,1,3, , ,0,N, , , , , , , , ,2,1,0,0,0,0,1,0,0,0,0,0,0,0,0,0,0,0,0,0,0,0,0,0,0,0,0,0,0,0,0,0,0,0,0,0,0,40.0233,-75.0797, , 
59293,649103,2012041555,6,67,67301,2012,3,6,15,0,3,1,0,1,1, , ,N,1,2,0,3,0,4,4,2,N,N,40 01:55.785,75 05:03.553,20, ,17,1,1,2,N, ,3,N, , , , , , , , ,2,0,0,0,2,0,0,0,0,0,0,4,4,0,0,0,0,0,0,0,0,0,0,0,0,0,0,0,0,0,0,0,0,0,0,4,0,40.0322,-75.0843, , 
59294,649106,2012043146,6,67,67301,2012,4,6,1557,15,1,1,0,1,1, , ,N,0,0,0,3,0,1,3,2,N,N,39 53:55.682,75 10:10.293,1633, ,1618, ,0, ,N, ,0, , , , , , , , , ,2,2,0,0,0,0,0,0,0,0,0,1,1,0,0,0,0,0,0,0,1,0,0,0,0,0,0,0,0,0,0,0,0,0,0,4,0,39.8988,-75.1695, , 
59295,649139,2012020180,6,67,67301,2012,2,6,1854,18,3,1,0,1,1, , ,N,0,0,0,3,0,1,4,3,N,N,39 59:24.423,75 12:19.196,1908, ,1858,2,1,4,N, ,0,N, , , , , , , , ,3,3,0,0,0,0,0,0,0,0,0,0,1,1,0,0,0,1,0,0,0,0,0,0,0,0,0,0,0,0,0,0,0,0,0,8,0,39.9901,-75.2053, , 
59296,649154,2012041668,6,67,67301,2012,3,6,2250,22,3,1,0,4,1, , ,N,1,2,0,3,0,2,3,2,N,N,39 57:29.532,75 14:07.900,2250, ,2330, ,0, ,N, ,3, , , , , , , , , ,2,1,0,0,0,1,0,0,0,0,0,2,2,0,1,0,0,0,0,0,1,0,0,2,0,0,0,0,0,0,0,0,0,0,0,4,1,39.9582,-75.2355, , 
59297,649155,2012041688,6,67,67301,2012,3,6,656,6,1,1,0,4,1, , ,N,1,3,0,3,0,2,2,3,N,N,40 01:36.282,75 08:25.094,700, ,658,9,1,3,N, ,3,N, , , , , , , , ,3,2,0,0,0,0,1,0,0,0,0,2,2,0,0,0,0,0,0,0,0,0,0,0,0,0,0,0,0,0,0,0,0,0,0,4,0,40.0267,-75.1403, , 
59298,652630,2012050198,6,67,67301,2012,4,7,2006,20,3,9,1,4,1, , ,N,1,3,0,3,0,1,3,2,N,N,40 00:28.256,75 09:11.685,2013, ,2010, ,0, ,N, ,3, , , , , , , , , ,2,2,0,0,0,0,0,0,0,0,0,0,1,1,0,0,0,0,0,0,0,0,0,1,0,0,0,0,0,0,0,0,0,0,0,8,0,40.0078,-75.1532, , 
59299,652632,2012052520,6,67,67301,2012,5,4,1637,16,1,1,0,1,1, , ,N,0,0,0,3,0,2,7,5,N,N,39 58:52.264,75 06:11.204,1651, ,1643,1,2,2,N, ,0,N, , , , , , , , ,5,4,0,0,0,0,1,0,0,0,0,2,2,0,0,0,0,0,0,1,2,0,0,0,0,0,0,0,0,0,0,0,0,0,0,4,0,39.9812,-75.1031, , 
59300,652659,2012037699,6,67,67301,2012,3,5,1400,14,1,1,0,1,1, , ,N,1,2,0,3,0,1,2,2,N,N,39 57:00.014,75 09:25.417,1416, ,1412,1,1,2, , ,3,N, , , , , , , , ,2,1,0,0,0,0,1,0,0,0,0,1,1,0,0,0,0,0,0,0,0,1,0,0,0,0,0,0,0,0,0,0,0,0,0,4,0,39.95,-75.157, , 
59301,652675,2012052201,6,67,67301,2012,4,6,636,6,5,1,0,7,7, , ,N,7,0,2,3,0,0,1,1,N,N,39 57:36.406,75 10:47.246,650, ,642,1,1,4,Y, ,0,N, , , , , , , , ,1,0,0,0,0,0,1,0,0,0,0,0,0,0,0,0,0,0,0,0,0,0,0,0,0,0,0,0,0,0,0,0,0,0,0,0,0,39.9616,-75.1825, , 
59302,652686,2012005578,6,67,67301,2012,1,5,1650,16,4,1,0,1,1, , ,N,0,0,0,3,0,2,4,3,N,N,39 58:51.827,75 06:12.166,1705, ,1700, ,0, ,N, ,0, , , , , , , , , ,3,3,0,0,0,0,0,0,0,0,0,2,2,0,0,0,0,0,0,0,0,0,0,0,0,0,0,0,0,0,0,0,0,0,0,4,0,39.9811,-75.1033, , 
59303,652709,2012027473,6,67,67301,2012,3,7,810,8,1,2,1,2,1, , ,N,0,0,0,3,0,2,2,2,N,N,39 58:52.991,75 06:09.603,815, ,812,1,1,2,N, ,0,N, , , , , , , , ,2,1,0,0,0,0,0,0,0,0,0,0,2,2,0,0,0,0,0,0,0,0,0,0,0,0,0,0,0,0,0,0,0,0,0,8,0,39.9814,-75.1026, , 
59304,652758,2012036875,6,67,67301,2012,3,6,1500,15,1,1,0,5,1, , ,N,0,0,0,3,0,0,2,2,N,N,39 56:53.214,75 09:15.572,1850, ,1840, ,0, ,N, ,0, , , , , , , , , ,2,0,0,0,0,1,0,1,0,0,0,0,0,0,0,0,0,0,0,0,0,0,0,0,0,0,0,0,0,0,0,0,0,0,0,0,1,39.9481,-75.1543, , 
59305,652759,2012036932,6,67,67301,2012,3,2,9999,99,1,1,0,4,1, , ,N,0,0,0,3,0,2,5,2,N, ,39 57:23.790,75 09:45.347,1552, ,1547, ,0, , , ,0, , , , , , , , , ,2,1,0,0,0,1,0,0,0,0,0,0,2,2,0,0,0,0,0,0,0,0,0,0,0,0,0,0,0,0,0,0,0,0,0,8,1,39.9566,-75.1626, , 
59306,652771,2012049828,6,67,67301,2012,4,2,835,8,1,2,1,4,1, , ,N,1,2,0,3,0,1,4,3,N,N,40 02:39.682,75 04:21.458,910, ,905, ,0, ,N, ,3, , , , , , , , , ,3,2,0,0,1,0,0,0,0,0,0,0,1,1,0,0,0,0,0,0,0,0,0,0,0,0,0,0,0,0,0,0,0,0,0,8,0,40.0444,-75.0726, , 
59307,652775,2012051716,6,67,67301,2012,5,4,242,2,3,2,7,7,2, , ,N,0,0,2,3,0,1,1,1,N,N,40 00:23.709,75 11:58.148,253, ,247,1,1,3,N, ,0,N, , , , , , , , ,1,0,0,0,0,0,1,0,0,0,0,1,1,0,0,0,0,0,0,0,0,0,0,0,0,0,0,0,0,0,0,0,0,0,0,4,0,40.0066,-75.1995, , 
59308,652777,2012051957,6,67,67301,2012,4,6,945,9,1,1,0,8,1, , ,N,1,2,0,3,0,1,2,2,N,N,40 02:50.173,75 10:03.883,950, ,949,2,2,6,N, ,3,Y, , , , , , , , ,1,0,0,0,0,0,0,1,0,0,0,1,1,0,0,0,0,0,0,0,1,0,0,0,0,0,0,0,0,0,0,0,1,0,0,4,0,40.0473,-75.1677, , 
59309,652791,2012019945,6,67,67301,2012,1,6,1200,12,1,1,0,5,1, , ,N,0,2,0,3,0,1,2,2,N, ,39 57:39.581,75 08:43.439,1250, ,1245, ,0, , , ,3, , , , , , , , , ,1,0,0,0,1,0,0,0,1,0,0,0,1,1,0,0,0,0,0,0,0,0,0,0,0,0,0,0,0,0,0,0,0,0,0,8,0,39.961,-75.1454, , 
59310,652803,2012034734,6,67,67301,2012,3,6,700,7,1,1,0,8,1, , ,N,1,2,0,3,0,1,2,2,N,N,40 02:20.571,75 08:40.639,900, ,855, ,0, ,N, ,3, , , , , , , , , ,1,0,0,0,0,0,0,1,0,0,0,0,1,1,0,0,0,0,0,0,0,0,0,0,0,0,0,0,0,0,0,0,1,0,0,8,0,40.039,-75.1446, , 
59311,652824,2012060766,6,67,67301,2012,5,3,830,8,3,1,0,8,1, , ,N,0,0,0,3,0,1,2,2,N,N,39 59:51.907,75 07:12.684,840, ,840, ,0, ,N, ,0, , , , , , , , , ,1,0,0,0,0,0,1,0,0,0,0,0,1,1,0,0,0,0,0,0,1,0,0,0,0,0,0,0,0,0,0,0,1,0,0,8,0,39.9978,-75.1202, , 
59312,652838,2012021014,6,67,67301,2012,1,7,1645,16,1,4,4,7,3, , ,N,0,0,6,3,0,0,2,1,N,N,40 05:34.801,75 00:59.506,1700, ,1657,1,1,1,N, ,0,N, , , , , , , , ,1,1,0,0,0,0,0,0,0,0,0,0,0,0,0,0,0,0,0,1,0,0,0,0,0,0,0,0,0,0,0,0,0,0,0,0,0,40.093,-75.0165, , 
59313,652851,2012032604,6,67,67301,2012,2,3,950,9,1,1,0,1,1, , ,N,2,0,0,3,0,1,2,2,N,N,39 57:12.091,75 09:47.852,950, ,950, ,0, ,N, ,0, , , , , , , , , ,2,1,0,0,0,0,0,0,0,0,0,0,1,1,0,0,0,0,0,0,0,0,0,0,0,0,0,0,0,0,0,0,0,0,0,8,0,39.9534,-75.1633, , 
59314,652855,2012037388,6,67,67301,2012,3,4,1930,19,3,1,0,4,1, , ,N,1,2,0,3,0,0,2,2,N,N,40 03:37.434,74 59:25.565,1934, ,1931,9,1,4,N, ,3,N, , , , , , , , ,2,1,0,0,0,0,1,0,0,0,0,0,0,0,0,0,0,0,0,0,0,0,0,0,0,0,0,0,0,0,0,0,0,0,0,0,0,40.0604,-74.9904, , 
59315,652862,2012041698,6,67,67301,2012,3,2,1635,16,1,1,0,4,1, , ,N,0,0,0,3,0,1,2,2,N,N,40 02:58.509,75 08:32.367,1754, ,1640, ,0, ,N, ,0, , , , , , , , , ,2,2,0,0,0,0,0,0,0,0,0,1,1,0,0,0,0,0,0,0,0,0,0,0,0,0,0,0,0,0,0,0,0,0,0,4,0,40.0496,-75.1423, , 
59316,655035,2012051051,6,67,67301,2012,4,6,1220,12,1,1,0,4,1, , ,N,1,2,0,3,0,1,2,2,N, ,39 58:00.447,75 10:43.839,1229, ,1227, ,0, , , ,3, , , , , , , , , ,2,2,0,0,0,0,0,0,0,0,0,1,1,0,0,0,0,0,0,0,0,0,1,0,0,0,0,0,0,0,0,0,0,0,0,4,0,39.9667,-75.179, , 
59317,655043,2012056593,6,67,67301,2012,4,7,2100,21,3,9,0,8,1, , ,N,1,2,0,3,0,1,2,2,N,N,39 57:10.026,75 10:00.662,1550, ,1550, ,0, ,N, ,3, , , , , , , , , ,1,0,0,0,0,0,0,0,0,1,0,0,1,0,1,0,0,0,0,0,0,0,0,0,0,0,0,0,0,0,0,0,1,0,1,2,0,39.9528,-75.1669, , 
59318,655060,2012015411,6,67,67301,2012,1,3,1010,10,1,2,1,1,1, , ,N,0,2,0,3,0,1,3,2,N,N,40 03:08.712,75 03:01.094,1030, ,1019,1,1,1,N, ,3,N, , , , , , , , ,2,2,0,0,0,0,0,0,0,0,0,1,1,0,0,0,0,0,0,0,2,0,0,2,0,0,0,0,0,0,0,0,0,0,0,4,0,40.0524,-75.0503, , 
59319,655068,2012020045,6,67,67301,2012,2,4,1539,15,1,1,0,0,1, , ,N,0,0,0,3,0,0,1,1,N,N,39 56:40.171,75 08:33.164,1552, ,1543,2,1,1,N, ,0,N, , , , , , , , ,1,0,0,0,0,0,1,0,0,0,0,0,0,0,0,0,0,0,0,0,0,0,0,0,0,0,0,0,0,0,0,0,0,0,0,0,0,39.9444,-75.1426, , 
59320,655073,2012026426,6,67,67301,2012,3,6,1959,19,3,2,1,1,1, , ,N,0,0,0,3,0,1,2,2,N,N,39 57:36.312,75 10:46.410,2007, ,2001, ,0, ,N, ,0, , , , , , , , , ,2,1,0,0,0,0,1,0,0,0,0,0,1,1,0,0,0,0,0,0,1,0,0,0,0,0,0,0,0,0,0,0,0,0,0,8,0,39.9601,-75.1796, , 
59321,655089,2012041708,6,67,67301,2012,3,1,1229,12,1,1,0,4,2, , ,N,0,0,0,3,0,0,1,3,N,N,40 02:15.669,75 01:35.516,1234, ,1234,1,2,3, , ,0,Y, , , , , , , , ,3,0,0,0,1,0,2,0,0,0,0,0,0,0,0,0,0,0,0,0,0,0,0,0,0,0,0,0,0,0,0,0,0,0,0,0,0,40.0377,-75.0265, , 
59322,655090,2012041715,6,67,67301,2012,3,2,9999,99,1,2,1,7,5, , ,N,0,0,0,3,0,2,3,1,N, ,40 00:40.976,75 09:05.864,9999, ,9999, ,0, , , ,0, , , , , , , , , ,1,0,0,1,0,0,0,0,0,0,0,0,2,2,0,0,0,0,0,0,0,0,0,0,0,0,0,0,0,0,0,0,0,0,0,8,1,40.0114,-75.1516, , 
59323,655094,2012050672,6,46,46102,2012,5,3,1645,16,1,1,0,4,1, , ,N,5,2,0,3,0,2,4,2,N,N,40 04:26.865,75 09:30.131,1700, ,1652, ,0, ,N, ,3, , , , , , , , , ,2,1,0,0,0,0,0,1,0,0,0,2,2,0,0,0,0,0,0,0,1,0,0,0,0,0,0,0,0,0,0,0,0,0,0,4,0,40.0741,-75.1584, , 
59324,655110,2012010599,6,67,67301,2012,1,6,1738,17,3,1,0,1,1, , ,N,6,0,2,3,0,0,3,3,N,N,40 00:15.124,75 04:38.614,1741, ,1741,1,1,1,N, ,0,N, , , , , , , , ,3,1,0,0,1,0,1,0,0,0,0,0,0,0,0,0,0,0,1,0,0,0,0,0,0,0,0,0,0,0,0,0,0,0,0,0,0,40.0042,-75.0774, , 
59325,655115,2012017863,6,67,67301,2012,1,6,645,6,3,1,1,8,1, , ,N,1,2,0,3,0,1,2,2,N,N,40 05:07.441,75 02:14.475,700, ,700, ,0, ,N, ,3, , , , , , , , , ,1,1,0,0,0,0,0,0,0,0,0,0,1,1,0,0,0,0,0,0,1,0,0,0,0,0,0,0,0,0,0,0,1,0,0,8,0,40.0854,-75.0374, , 
59326,655127,2012031286,6,67,67301,2012,3,5,846,8,1,1,0,7,2, , ,N,0,0,2,3,0,1,1,1,N,N,39 59:59.675,75 04:50.268,853, ,849,2,2,2,Y, ,0,N, , , , , , , , ,1,0,0,0,1,0,0,0,0,0,1,0,1,0,0,0,0,0,0,0,0,0,0,0,0,0,0,0,0,0,0,0,0,0,0,3,0,40.0015,-75.0846, , 
59327,655141,2012047081,6,67,67301,2012,4,3,1832,18,1,1,0,8,1, , ,N,1,2,0,3,0,1,2,2,N,N,39 57:01.433,75 09:36.847,1835, ,1832, ,0, , , ,3, , , , , , , , , ,1,0,0,0,0,0,1,0,0,0,0,1,1,0,0,0,0,0,0,0,0,0,0,0,0,0,0,0,0,0,0,0,1,0,0,4,0,39.9504,-75.1601, , 
59328,655161,2012015371,6,67,67301,2012,1,4,340,3,3,1,1,7,4, , ,N,0,0,0,3,0,1,1,1,N, ,40 05:26.171,75 03:49.240,342, ,341,1,1,6, , ,0,N, , , , , , , , ,1,0,0,0,1,0,0,0,0,0,0,1,1,0,0,0,0,0,0,0,0,0,0,0,0,0,0,0,0,0,0,0,0,0,0,4,0,40.0906,-75.0637, , 
59329,655174,2012025945,6,67,67301,2012,2,3,151,1,3,1,0,7,2, , ,N,0,0,0,3,0,1,1,1,N,N,39 57:32.310,75 10:14.143,153, ,152,1,1,4,N, ,0,N, , , , , , , , ,1,1,0,0,0,0,0,0,0,0,0,0,1,1,0,0,0,0,0,0,0,0,0,0,0,0,0,0,0,0,0,0,0,0,0,8,0,39.959,-75.1706, , 
59330,655181,2012035684,6,67,67301,2012,4,7,2313,23,3,1,0,7,3, , ,N,0,0,0,3,0,2,2,1,N,N,40 05:15.680,75 01:20.831,2319, ,2314,2,2,2,N, ,0,Y, , , , , , , , ,1,1,0,0,0,0,0,0,0,0,1,1,2,0,0,0,0,0,0,0,0,0,0,0,0,0,0,0,0,0,0,0,0,0,0,3,0,40.0877,-75.0225, , 