objectid_1,objectid,crn,district,county,municipality,crash_year,crash_month,day_of_week,time_of_day,hour_of_day,illumination,weather,road_condition,collision_type,relation_to_road,work_zone_type,work_zone_loc,work_zone_ind,intersect_type,tcd_type,location_type,urban_rural,fatal_count,injury_count,person_count,total_units,sch_bus_ind,sch_zone_ind,latitude,longitude,arrival_tm,cons_zone_spd_lim,dispatch_tm,est_hrs_closed,lane_closed,ln_close_dir,ntfy_hiwy_maint,spec_juris_cd,tcd_func_cd,tfc_detour_ind,workers_pres,wz_close_detour,wz_flagger,wz_law_offcr_ind,wz_ln_closure,wz_moving,wz_other,wz_shlder_mdn,vehicle_count,automobile_count,motorcycle_count,bus_count,small_truck_count,heavy_truck_count,suv_count,van_count,bicycle_count,maj_inj_count,mod_inj_count,min_inj_count,tot_inj_count,unk_inj_deg_count,unk_inj_per_count,driver_count_16yr,driver_count_17yr,driver_count_18yr,driver_count_19yr,driver_count_20yr,driver_count_50_64yr,driver_count_65_74yr,driver_count_75plus,unbelted_occ_count,unb_death_count,unb_maj_inj_count,belted_death_count,belted_maj_inj_count,mcycle_death_count,mcycle_maj_inj_count,bicycle_death_count,bicycle_maj_inj_count,ped_count,ped_death_count,ped_maj_inj_count,max_severity_level,comm_veh_count,dec_lat,dec_long,rdwy_surf_type_cd,county_name
59601,692923,2012078500,6,67,67301,2012,6,6,2358,23,3,1,0,4,1, , ,N,0,0,0,3,0,2,2,2,N,N,39 59:10.086,75 07:17.502,5, ,2358,1,1,4, , ,0,N, , , , , , , , ,2,2,0,0,0,0,0,0,0,0,0,2,2,0,0,0,0,0,0,0,0,0,0,0,0,0,0,0,0,0,0,0,0,0,0,4,0,39.9861,-75.1215, , 
59602,692938,2012075983,6,67,67301,2012,6,7,1405,14,1,1,0,1,1, , ,N,0,0,0,3,0,2,2,3,N, ,39 57:12.735,75 09:21.984,1413, ,1411, ,0, , , ,0, , , , , , , , , ,3,0,0,0,1,0,1,0,0,0,0,0,2,2,0,0,0,0,0,0,0,0,0,0,0,0,0,0,0,0,0,0,0,0,0,8,0,39.9535,-75.1561, , 
59603,692939,2012078247,6,67,67301,2012,7,4,1651,16,1,1,0,4,1, , ,N,1,3,0,3,0,1,2,6,N,N,39 57:53.352,75 11:25.018,1655, ,1651, ,0, ,N, ,3, , , , , , , , , ,6,5,0,0,0,0,1,0,0,0,0,0,1,1,0,0,0,0,0,0,0,0,1,0,0,0,0,0,0,0,0,0,0,0,0,8,0,39.9648,-75.1903, , 
59604,692940,2012078389,6,67,67301,2012,6,6,1635,16,1,1,0,1,1, , ,N,0,0,3,3,0,1,2,2,N,N,39 55:10.915,75 12:10.045,1915, ,1915, ,0, ,N, ,0, , , , , , , , , ,2,1,0,0,1,0,0,0,0,0,0,1,1,0,0,0,0,0,0,0,0,0,0,0,0,0,0,0,0,0,0,0,0,0,0,4,0,39.9197,-75.2027, , 
59605,692941,2012078996,6,67,67301,2012,6,3,1540,15,1,1,0,4,1, , ,N,1,3,0,3,0,1,3,2,N,N,40 01:35.410,75 02:31.777,1645, ,1642, ,0, ,N, ,3, , , , , , , , , ,2,0,0,1,0,1,0,0,0,0,0,0,1,1,0,0,0,0,0,0,1,0,0,0,0,0,0,0,0,0,0,0,0,0,0,8,2,40.0265,-75.0422, , 
59606,692943,2012080750,6,67,67301,2012,7,2,2132,21,3,1,0,1,1, , ,N,5,0,0,3,0,0,2,2,N, ,40 02:30.909,75 04:29.910,2137, ,2135, ,0, , , ,0, , , , , , , , , ,2,2,0,0,0,0,0,0,0,0,0,0,0,0,0,0,0,0,0,1,0,0,0,0,0,0,0,0,0,0,0,0,0,0,0,0,0,40.0419,-75.075, , 
59607,692945,2012083046,6,67,67301,2012,6,3,1200,12,1,2,1,4,1, , ,N,2,0,0,3,0,2,5,2,N,N,40 00:53.817,75 07:47.020,0, ,0, ,0, ,N, ,0, , , , , , , , , ,2,1,0,0,0,0,0,0,0,0,0,0,2,2,0,0,0,0,0,0,1,0,0,0,0,0,0,0,0,0,0,0,0,0,0,8,0,40.0149,-75.1297, , 
59608,690251,2012083234,6,67,67301,2012,8,2,1557,15,1,1,0,9,1, , ,N,1,0,0,3,0,1,2,2,N,N,39 55:20.121,75 09:24.213,1706, ,1706, ,0, , , ,0, , , , , , , , , ,1,1,0,0,0,0,0,0,0,0,0,1,1,0,1,0,0,0,0,0,0,0,0,0,0,0,0,0,0,0,0,0,1,0,0,4,0,39.9223,-75.1567, , 
59609,690263,2012098946,6,67,67301,2012,9,6,2242,22,3,1,0,1,1,8,8,Y,0,8,0,3,0,0,3,2,N,N,39 57:16.589,75 12:23.548,2244,99,2242, ,0, ,N, ,3, ,U,U,U,U,U,U,U,U,2,1,0,0,1,0,0,0,0,0,0,0,0,0,0,0,0,0,0,0,0,0,0,0,0,0,0,0,0,0,0,0,0,0,0,0,0,39.9546,-75.2065, , 
59610,690266,2012104098,6,67,67301,2012,9,1,2015,20,3,1,0,8,1, , ,N,0,0,0,3,0,1,2,2,N,N,39 55:59.221,75 13:40.566,2015, ,2015, ,0, ,N, ,0, , , , , , , , , ,1,0,0,0,0,0,1,0,0,0,0,0,1,1,0,0,0,0,0,0,1,0,0,0,0,0,0,0,0,0,0,0,1,0,0,8,0,39.9331,-75.2279, , 
59611,690267,2012104183,6,67,67301,2012,9,1,1,0,3,1,0,4,1, , ,N,0,0,0,3,0,0,2,2,N,N,40 01:42.906,75 07:14.520,110, ,104, ,0, ,N, ,0, , , , , , , , , ,2,2,0,0,0,0,0,0,0,0,0,0,0,0,2,0,0,0,0,0,0,0,0,0,0,0,0,0,0,0,0,0,0,0,0,9,0,40.0286,-75.1207, , 
59612,690277,2012075032,6,67,67301,2012,7,6,810,8,1,1,0,7,2, , ,N,0,0,0,3,0,1,1,1,N,N,39 59:19.741,75 05:17.819,817, ,816,1,1,2,N, ,0,N, , , , , , , , ,1,0,0,0,0,0,1,0,0,0,0,1,1,0,0,0,0,0,0,0,0,0,0,0,0,0,0,0,0,0,0,0,0,0,0,4,0,39.9888,-75.0883, , 
59613,690291,2012068670,6,67,67301,2012,6,4,240,2,3,1,0,7,5, , ,N,0,0,0,3,0,1,1,1,N,N,39 57:47.233,75 12:58.465,249, ,245, ,0, ,N, ,0, , , , , , , , , ,1,1,0,0,0,0,0,0,0,0,1,0,1,0,0,0,0,0,0,0,0,0,0,0,0,0,0,0,0,0,0,0,0,0,0,3,0,39.9631,-75.2162, , 
59614,690292,2012068926,6,67,67301,2012,6,1,431,4,3,1,0,1,1, , ,N,1,2,0,3,0,1,2,2,N,N,40 02:10.346,75 03:51.114,439, ,431,1,2,1, , ,3,Y, , , , , , , , ,2,2,0,0,0,0,0,0,0,0,0,0,1,1,0,0,0,0,0,0,0,0,0,0,0,0,0,0,0,0,0,0,0,0,0,8,0,40.0362,-75.0642, , 
59615,690322,2012060708,6,67,67301,2012,5,4,1330,13,1,1,0,1,1, , ,N,0,0,0,3,0,1,3,2,N,N,39 59:50.014,75 14:05.466,1343, ,1331, ,0, ,N, ,0, , , , , , , , , ,2,0,0,0,2,0,0,0,0,0,0,0,1,1,0,0,0,0,0,0,1,1,0,0,0,0,0,0,0,0,0,0,0,0,0,8,0,39.9972,-75.2349, , 
59616,690328,2012063888,6,67,67301,2012,5,2,2242,22,3,2,1,8,1, , ,N,1,0,0,3,0,1,2,2,N,N,40 04:00.293,75 10:40.850,2251, ,2249, ,0, ,N, ,0, , , , , , , , , ,1,1,0,0,0,0,0,0,0,0,0,0,1,1,0,0,0,0,0,0,0,0,0,0,0,0,0,0,0,0,0,0,1,0,0,8,0,40.0667,-75.178, , 
59617,690333,2012060663,6,67,67301,2012,5,2,1320,13,1,1,0,4,1, , ,N,1,0,0,3,0,1,2,2,N,N,39 58:46.873,75 14:47.028,1341, ,1340, ,0, ,N, ,0, , , , , , , , , ,1,1,0,0,0,0,0,0,1,0,0,1,1,0,1,0,0,0,0,0,0,0,0,0,0,0,0,0,0,0,0,0,0,0,0,4,0,39.9797,-75.2463, , 
59618,690338,2012063896,6,67,67301,2012,5,5,1340,13,1,1,0,4,1, , ,N,1,2,0,3,0,1,2,2,N, ,39 55:01.859,75 14:46.691,9999, ,1350, ,0, , , ,3, , , , , , , , , ,2,2,0,0,0,0,0,0,0,0,1,0,1,0,0,0,0,0,0,0,0,0,0,0,0,0,0,0,0,0,0,0,0,0,0,3,0,39.9172,-75.2463, , 
59619,690346,2012076037,6,67,67301,2012,6,5,1626,16,1,1,0,1,1, , ,N,0,2,0,3,0,1,2,2,N,N,40 05:18.442,75 02:39.577,1628, ,1626,1,1,2, , ,3,N, , , , , , , , ,2,0,0,0,0,0,2,0,0,0,0,0,1,1,0,0,0,0,0,0,0,0,1,0,0,0,0,0,0,0,0,0,0,0,0,8,0,40.0885,-75.0443, , 
59620,690347,2012076077,6,67,67301,2012,6,4,9999,99,1,1,0,4,1, , ,N,2,3,0,3,0,2,3,2,N,N,39 57:43.488,75 14:12.159,1055, ,1008, ,0, , , ,3, , , , , , , , , ,2,2,0,0,0,0,0,0,0,0,0,0,2,2,0,0,1,0,0,0,0,0,0,0,0,0,0,0,0,0,0,0,0,0,0,8,0,39.9621,-75.2367, , 
59621,690353,2012082968,6,67,67301,2012,4,5,1850,18,4,1,0,4,1, , ,N,1,3,0,3,0,3,5,2,N,N,40 01:29.863,75 04:44.439,0, ,0, ,0, ,N, ,3, , , , , , , , , ,2,1,0,0,0,0,1,0,0,0,1,2,3,0,2,0,0,0,0,0,0,0,0,0,0,0,0,0,0,0,0,0,0,0,0,3,0,40.025,-75.079, , 
59622,690367,2012095442,6,67,67301,2012,8,3,1946,19,1,1,0,4,1, , ,N,1,2,0,3,0,0,0,2,N,N,40 00:43.066,75 08:09.135,2015, ,2015, ,0, ,N, ,3, , , , , , , , , ,2,0,0,0,0,0,0,2,0,0,0,0,0,0,0,0,0,0,0,0,0,0,0,0,0,0,0,0,0,0,0,0,0,0,0,9,0,40.012,-75.1359, , 
59623,690399,2012083433,6,67,67301,2012,8,4,2000,20,4,1,1,4,1, , ,N,1,2,0,3,0,0,2,2,N, ,39 56:17.761,75 10:12.111,2011, ,2010, ,0, , , ,3, , , , , , , , , ,2,1,0,0,0,0,1,0,0,0,0,0,0,0,0,0,0,0,0,0,0,0,0,0,0,0,0,0,0,0,0,0,0,0,0,0,0,39.9383,-75.17, , 
59624,690419,2012066706,6,67,67301,2012,6,5,2305,23,3,1,0,4,6, , ,N,0,0,0,3,0,1,2,2,N,N,39 58:57.874,75 10:57.216,103, ,59, ,0, ,N, ,0, , , , , , , , , ,2,2,0,0,0,0,0,0,0,0,0,1,1,0,0,0,0,0,0,0,0,0,0,0,0,0,0,0,0,0,0,0,0,0,0,4,0,39.9827,-75.1826, , 
59625,690425,2012060787,6,67,67301,2012,5,7,9999,99,3,1,0,4,2, , ,N,0,0,0,3,0,0,1,2,N,N,40 00:30.619,75 04:07.682,355, ,355, ,0, ,N, ,0, , , , , , , , , ,2,2,0,0,0,0,0,0,0,0,0,0,0,0,0,0,0,0,0,0,0,0,0,0,0,0,0,0,0,0,0,0,0,0,0,0,0,40.0085,-75.0688, , 
59626,690429,2012063978,6,67,67301,2012,5,2,1035,10,1,1,0,1,1, , ,N,0,0,7,3,0,1,2,2,N,N,39 55:17.047,75 08:48.022,1040, ,1035,1,1,4,N, ,0,Y, , , , , , , , ,2,1,0,0,1,0,0,0,0,0,0,1,1,0,0,0,0,0,0,0,0,0,0,0,0,0,0,0,0,0,0,0,0,0,0,4,0,39.9214,-75.1467, , 
59627,684390,2012104256,6,67,67301,2012,9,1,1725,17,1,1,0,5,1, , ,N,1,2,0,3,0,1,2,2,N,N,40 00:48.373,75 08:07.904,1735, ,1730, ,0, ,N, ,3, , , , , , , , , ,2,1,0,0,0,0,0,0,0,0,0,1,1,0,0,0,0,0,1,0,0,0,0,0,0,0,0,0,0,0,0,0,0,0,0,4,0,40.0134,-75.1355, , 
59628,684391,2012057510,6,67,67301,2012,5,1,810,8,1,8,0,4,1, , ,N,1,2,0,3,0,4,5,2,N,N,39 57:28.613,75 12:29.280,816, ,815, ,0, ,N, ,3, , , , , , , , , ,2,1,0,0,0,0,1,0,0,0,1,3,4,0,0,0,0,0,0,0,1,0,0,0,0,0,0,0,0,0,0,0,0,0,0,3,0,39.9579,-75.208, , 
59629,684405,2012015376,6,67,67301,2012,1,5,2035,20,1,1,0,4,1, , ,N,1,2,0,3,0,1,2,2,N, ,39 55:44.578,75 13:14.118,2052, ,2035, ,0, , , ,9, , , , , , , , , ,2,1,0,0,1,0,0,0,0,0,0,0,1,1,0,0,0,0,0,0,0,0,0,0,0,0,0,0,0,0,0,0,0,0,0,8,0,39.929,-75.2206, , 
59630,684421,2012031958,6,67,67301,2012,3,7,2008,20,3,1,0,5,1, , ,N,0,0,0,3,0,0,2,2,N,N,39 58:45.832,75 06:30.049,2019, ,2008, ,0, ,N, ,0, , , , , , , , , ,2,2,0,0,0,0,0,0,0,0,0,0,0,0,1,0,0,0,0,0,0,0,0,0,0,0,0,0,0,0,0,0,0,0,0,9,0,39.9794,-75.1084, , 
59631,684422,2012032542,6,67,67301,2012,2,5,800,8,1,1,0,1,1, , ,N,0,2,7,3,0,1,3,2,Y, ,39 56:25.043,75 12:05.226,822, ,820, ,0, , , ,3, , , , , , , , , ,2,1,0,1,0,0,0,0,0,0,0,1,1,0,0,0,0,0,0,0,1,0,0,0,0,0,0,0,0,0,0,0,0,0,0,4,1,39.9403,-75.2013, , 
59632,684446,2012058395,6,67,67301,2012,5,1,723,7,1,1,0,5,6, , ,N,0,0,0,3,0,1,1,4,N,N,39 56:52.971,75 12:49.122,730, ,727, ,0, ,N, ,0, , , , , , , , , ,4,4,0,0,0,0,0,0,0,0,0,1,1,0,0,0,0,0,0,0,0,0,0,0,0,0,0,0,0,0,0,0,0,0,0,4,0,39.948,-75.2136, , 
59633,684448,2012015447,6,67,67301,2012,1,2,1320,13,1,1,0,7,5, , ,N,0,0,0,3,0,1,2,1,N,N,40 00:23.921,75 09:24.297,1330, ,1326,2,2,5,N, ,0,Y, , , , , , , , ,1,1,0,0,0,0,0,0,0,0,0,1,1,0,0,0,0,0,0,0,0,0,1,0,0,0,0,0,0,0,0,0,0,0,0,4,0,40.0066,-75.1567, , 
59634,684452,2012020428,6,67,67301,2012,2,7,915,9,1,1,0,3,6, , ,N,0,0,0,3,0,1,2,2,N,N,39 57:41.270,75 14:27.013,935, ,925, ,0, , , ,0, , , , , , , , , ,2,2,0,0,0,0,0,0,0,0,0,1,1,0,0,0,0,0,0,0,0,0,0,0,0,0,0,0,0,0,0,0,0,0,0,4,0,39.9615,-75.2408, , 
59635,684460,2012034788,6,67,67301,2012,3,1,1648,16,1,1,0,1,1, , ,N,1,2,0,3,0,2,6,2,N,N,40 01:56.965,75 04:51.304,1649, ,1648,1,1,1,N, ,3,N, , , , , , , , ,2,2,0,0,0,0,0,0,0,0,0,2,2,0,0,0,0,0,0,0,0,0,0,0,0,0,0,0,0,0,0,0,0,0,0,4,0,40.0325,-75.0809, , 
59636,684479,2012057575,6,67,67301,2012,5,6,450,4,3,1,0,1,1, , ,N,0,0,0,3,0,0,2,2,N,N,40 02:22.876,75 00:25.603,507, ,458, ,0, ,N, ,0, , , , , , , , , ,2,1,0,0,1,0,0,0,0,0,0,0,0,0,0,0,0,0,0,0,0,0,0,0,0,0,0,0,0,0,0,0,0,0,0,0,0,40.0397,-75.0071, , 
59637,684509,2012026158,6,67,67301,2012,2,1,1437,14,1,1,6,4,1, , ,N,1,3,0,3,0,1,1,2,N,N,40 05:50.100,75 03:18.964,1458, ,1453, ,0, ,N, ,3, , , , , , , , , ,2,1,0,0,1,0,0,0,0,0,0,1,1,0,0,0,0,0,0,0,1,0,0,1,0,0,0,0,0,0,0,0,0,0,0,4,0,40.0973,-75.0553, , 
59638,684510,2012028165,6,67,67301,2012,2,5,1012,10,1,1,0,8,1, , ,N,2,2,0,3,0,1,2,2,N,N,39 56:51.715,75 11:55.544,1042, ,1037, ,0, ,N, ,3, , , , , , , , , ,1,0,0,0,1,0,0,0,0,0,0,0,1,1,0,0,0,0,0,0,1,0,0,0,0,0,0,0,0,0,0,0,1,0,0,8,0,39.9477,-75.1986, , 
59639,684512,2012030796,6,67,67301,2012,3,2,1925,19,3,1,0,7,2, , ,N,0,0,0,3,0,1,1,1,N,N,39 55:27.012,75 08:50.730,1934, ,1926, ,0, ,N, ,0, , , , , , , , , ,1,1,0,0,0,0,0,0,0,0,0,1,1,0,0,0,0,0,0,0,0,0,0,0,0,0,0,0,0,0,0,0,0,0,0,4,0,39.9242,-75.1474, , 
59640,684529,2012055790,6,67,67301,2012,5,6,1524,15,1,1,0,1,1, , ,N,0,0,0,3,0,1,3,3,N,N,39 53:57.257,75 10:00.699,1535, ,1527,1,1,2,N, ,0,N, , , , , , , , ,3,2,0,0,1,0,0,0,0,0,0,1,1,0,0,0,0,0,0,0,1,0,0,0,0,0,0,0,0,0,0,0,0,0,0,4,0,39.8992,-75.1668, , 
59641,684534,2012065200,6,67,67301,2012,6,6,1851,18,1,1,0,7,1, , ,N,0,0,0,3,0,1,2,1,N,N,39 55:13.821,75 11:26.548,1851, ,1851, ,0, ,N, ,0, , , , , , , , , ,1,1,0,0,0,0,0,0,0,0,0,1,1,0,0,0,0,0,0,0,0,0,0,0,0,0,0,0,0,0,0,0,0,0,0,4,0,39.9205,-75.1907, , 
59642,684536,2012049659,6,67,67301,2012,4,6,9999,99,1,1,0,8,1, , ,N,0,0,0,3,0,1,2,2,N, ,40 02:34.418,75 09:04.507,9999, ,9999,9,1,3, , ,0,N, , , , , , , , ,1,1,0,0,0,0,0,0,0,0,0,0,1,1,0,0,0,0,0,0,0,0,0,0,0,0,0,0,0,0,0,0,1,0,0,8,0,40.0429,-75.1513, , 
59643,684543,2012078213,6,67,67301,2012,6,7,1826,18,1,1,0,6,1, , ,N,1,2,0,3,0,2,2,2,N,N,40 03:27.557,75 09:57.853,1833, ,1831, ,0, , , ,3, , , , , , , , , ,2,2,0,0,0,0,0,0,0,0,0,0,2,2,0,0,0,0,0,0,0,0,1,0,0,0,0,0,0,0,0,0,0,0,0,8,0,40.0577,-75.1661, , 
59644,684550,2012083247,6,67,67301,2012,7,6,1345,13,1,1,0,8,1, , ,N,1,3,0,3,0,1,3,2,N, ,39 56:29.551,75 09:49.528,1357, ,1352, ,0, , , ,3, , , , , , , , , ,1,1,0,0,0,0,0,0,0,0,0,0,1,1,0,0,0,1,0,0,0,0,0,0,0,0,0,0,0,0,0,0,1,0,0,8,0,39.9415,-75.1638, , 
59645,687197,2012078711,6,67,67301,2012,7,7,1144,11,1,2,7,7,4, , ,N,0,0,0,3,0,0,1,1,N,N,39 55:45.922,75 11:50.650,1158, ,1148,2,2,4,N, ,0,N, , , , , , , , ,1,0,0,0,0,0,1,0,0,0,0,0,0,0,0,0,0,0,0,0,0,0,0,0,0,0,0,0,0,0,0,0,0,0,0,0,0,39.9294,-75.1974, , 
59646,687208,2012092532,6,67,67301,2012,9,3,1139,11,1,2,1,1,1, , ,N,1,2,0,3,0,1,2,2,N,N,40 05:09.682,75 13:49.641,1141, ,1139,1,1,2,N, ,3,N, , , , , , , , ,2,0,0,0,0,0,2,0,0,0,0,0,1,1,0,0,0,0,0,0,0,0,0,0,0,0,0,0,0,0,0,0,0,0,0,8,0,40.0861,-75.2305, , 
59647,687211,2012095450,6,67,67301,2012,8,3,2315,23,3,1,0,1,1, , ,N,1,2,0,3,0,1,2,2,N,N,40 02:25.526,75 03:55.923,2340, ,2335, ,0, ,N, ,3, , , , , , , , , ,1,1,0,0,0,0,0,0,0,0,0,1,1,0,0,0,0,0,0,0,1,0,0,0,0,0,0,0,0,0,0,0,0,0,0,4,0,40.0404,-75.0655, , 
59648,687220,2012104282,6,67,67301,2012,9,1,2155,21,3,1,0,8,1, , ,N,1,3,0,3,0,2,4,2,N,N,39 58:29.830,75 07:22.258,2205, ,2158,3,1,3,N, ,3,Y, , , , , , , , ,1,1,0,0,0,0,0,0,0,1,0,1,2,0,0,0,0,0,0,0,0,0,0,0,0,0,0,0,0,0,0,0,1,0,1,2,0,39.975,-75.1228, , 
59649,687247,2012076040,6,67,67301,2012,6,4,2355,23,3,1,0,4,1, , ,N,1,0,0,3,0,0,2,2,N,N,39 55:22.612,75 10:41.645,12, ,8,2,2,2,N, ,0,Y, , , , , , , , ,2,2,0,0,0,0,0,0,0,0,0,0,0,0,0,0,0,0,0,0,0,0,0,0,0,0,0,0,0,0,0,0,0,0,0,0,0,39.9229,-75.1782, , 
59650,687262,2012095622,6,67,67301,2012,8,2,1110,11,1,1,1,1,1, , ,N,1,2,0,3,0,4,5,2,N,N,40 01:24.736,75 04:47.909,1218, ,1215, ,0, ,N, ,3, , , , , , , , , ,1,1,0,0,0,0,0,0,0,0,0,0,0,0,0,0,0,0,0,0,0,0,0,1,0,0,0,0,0,0,0,0,0,0,0,9,0,40.0235,-75.08, , 
59651,687266,2012098411,6,67,67301,2012,9,1,400,4,3,1,0,4,1, , ,N,2,3,7,3,0,0,1,2,N,N,39 59:22.010,75 10:05.059,610, ,605, ,0, ,N, ,3, , , , , , , , , ,2,2,0,0,0,0,0,0,0,0,0,0,0,0,1,0,0,0,0,0,0,0,0,0,0,0,0,0,0,0,0,0,0,0,0,9,0,39.9894,-75.1681, , 
59652,687271,2012104622,6,67,67301,2012,9,4,1734,17,1,1,0,1,1, , ,N,0,0,0,3,0,3,3,2,N,N,40 06:13.105,75 00:11.962,1738, ,1735,1,1,2,N, ,0,N, , , , , , , , ,2,2,0,0,0,0,0,0,0,0,0,3,3,0,0,0,0,0,0,0,0,0,0,2,0,0,0,0,0,0,0,0,0,0,0,4,0,40.1036,-75.0033, , 
59653,687277,2012116470,6,67,67301,2012,11,2,1035,10,1,1,0,0,2, , ,N,6,0,2,3,0,0,2,1,N,N,39 54:39.013,75 08:56.545,1043, ,1035,2,1,1,Y, ,0,N, , , , , , , , ,1,0,0,0,0,1,0,0,0,0,0,0,0,0,0,0,0,0,0,0,0,0,0,0,0,0,0,0,0,0,0,0,0,0,0,0,1,39.9109,-75.149, , 
59654,687298,2012066684,6,67,67301,2012,6,7,950,9,1,1,0,1,1, , ,N,0,0,0,3,0,0,3,2,N,N,40 07:14.909,75 00:38.222,1000, ,955, ,0, ,N, ,0, , , , , , , , , ,2,2,0,0,0,0,0,0,0,0,0,0,0,0,0,0,0,0,0,0,0,1,0,0,0,0,0,0,0,0,0,0,0,0,0,0,0,40.1208,-75.0106, , 
59655,687308,2012076064,6,67,67301,2012,6,2,1100,11,1,9,0,8,1, , ,N,2,0,0,3,0,1,3,3,N,N,40 02:13.494,75 11:13.716,1705, ,1705, ,0, ,N, ,0, , , , , , , , , ,2,1,0,0,1,0,0,0,0,0,0,0,1,1,0,0,0,0,0,0,0,0,0,0,0,0,0,0,0,0,0,0,1,0,0,8,0,40.0371,-75.1871, , 
59656,687315,2012083416,6,67,67301,2012,7,1,744,7,1,1,0,5,1, , ,N,0,0,0,3,0,0,1,3,N,N,40 02:04.152,75 04:06.670,815, ,809, ,0, ,N, ,0, , , , , , , , , ,3,2,0,0,0,0,1,0,0,0,0,0,0,0,0,0,0,0,0,0,0,0,0,0,0,0,0,0,0,0,0,0,0,0,0,0,0,40.0345,-75.0685, , 
59657,687318,2012085796,6,67,67301,2012,7,3,1019,10,1,1,0,1,1, , ,N,1,2,0,3,0,4,6,2,N,N,40 03:15.962,75 08:52.411,9999, ,9999,2,1,7,N, ,9,N, , , , , , , , ,2,2,0,0,0,0,0,0,0,0,0,4,4,0,0,0,0,0,0,0,0,1,0,0,0,0,0,0,0,0,0,0,0,0,0,4,0,40.0544,-75.1479, , 
59658,687319,2012088628,6,67,67301,2012,8,2,1430,14,1,1,0,9,1, , ,N,1,3,0,3,0,1,1,2,N, ,39 55:44.659,75 10:36.713,1435, ,1432, ,0, , , ,3, , , , , , , , , ,1,1,0,0,0,0,0,0,1,0,0,1,1,0,0,0,0,0,0,0,0,0,0,0,0,0,0,0,0,0,0,0,0,0,0,4,0,39.9291,-75.1769, , 
59659,687332,2012098206,6,67,67301,2012,9,1,2017,20,3,1,0,8,1, , ,N,2,2,0,3,0,2,2,3,N,N,40 05:47.042,74 58:32.747,9999, ,9999, ,0, ,N, ,3, , , , , , , , , ,1,1,0,0,0,0,0,0,0,0,0,2,2,0,0,0,0,0,0,0,0,0,0,0,0,0,0,0,0,0,0,0,2,0,0,4,0,40.0964,-74.9758, , 
59660,687349,2012071296,6,67,67301,2012,7,6,1751,17,1,1,0,1,1, , ,N,0,0,0,3,0,0,7,2,N,N,39 57:26.816,75 09:33.672,1813, ,1753, ,0, ,N, ,0, , , , , , , , , ,2,0,0,0,0,0,2,0,0,0,0,0,0,0,0,0,0,0,0,0,0,0,0,0,0,0,0,0,0,0,0,0,0,0,0,0,0,39.9574,-75.1594, , 
59661,687373,2012105725,6,67,67301,2012,10,6,1853,18,3,1,0,1,1, , ,N,0,0,0,3,0,0,2,2,N,N,39 58:10.219,75 11:31.897,1923, ,1905,1,2,4,N, ,0,N, , , , , , , , ,2,2,0,0,0,0,0,0,0,0,0,0,0,0,0,0,0,0,0,0,0,0,0,0,0,0,0,0,0,0,0,0,0,0,0,0,0,39.9695,-75.1922, , 
59662,687375,2012109892,6,67,67301,2012,10,3,1510,15,1,2,1,4,1, , ,N,1,0,0,3,0,0,2,2,N, ,40 01:31.810,75 12:38.267,1517, ,1511, ,0, , , ,0, , , , , , , , , ,2,2,0,0,0,0,0,0,0,0,0,0,0,0,0,0,0,0,0,0,0,0,0,0,0,0,0,0,0,0,0,0,0,0,0,0,0,40.0255,-75.2106, , 
59663,687384,2012051823,6,67,67301,2012,1,4,1615,16,1,1,0,3,1, , ,N,1,2,0,3,0,4,5,2,N,N,39 57:06.948,75 08:35.827,0, ,0, ,0, ,N, ,3, , , , , , , , , ,2,1,0,0,1,0,0,0,0,0,0,0,4,4,0,0,0,0,0,0,0,0,0,1,0,0,0,0,0,0,0,0,0,0,0,8,0,39.9519,-75.1433, , 
59664,692975,2012059407,6,67,67301,2012,6,7,224,2,3,2,1,7,2, , ,N,0,0,0,3,0,0,1,1,N,N,40 00:18.983,75 11:43.834,249, ,246, ,0, ,N, ,0, , , , , , , , , ,1,1,0,0,0,0,0,0,0,0,0,0,0,0,0,0,0,0,0,0,0,0,0,0,0,0,0,0,0,0,0,0,0,0,0,0,0,40.0053,-75.1955, , 
59665,692978,2012064310,6,67,67301,2012,6,5,1030,10,1,1,0,4,1, , ,N,1,2,0,3,0,1,2,2,N,N,40 00:21.292,75 06:48.158,1055, ,1045, ,0, ,N, ,3, , , , , , , , , ,2,1,0,0,0,1,0,0,0,0,0,0,1,1,0,0,0,0,0,0,1,0,0,0,0,0,0,0,0,0,0,0,0,0,0,8,1,40.0059,-75.1135, , 
59666,692992,2012083775,6,67,67301,2012,7,3,2215,22,3,1,1,4,1, , ,N,1,2,0,3,0,4,4,2,N,N,39 57:13.719,75 09:59.863,2215, ,2215,2,1,1,N, ,3,Y, , , , , , , , ,2,1,0,0,0,0,1,0,0,0,0,0,4,4,0,0,0,0,0,0,1,0,0,3,0,0,0,0,0,0,0,0,0,0,0,8,0,39.9538,-75.1666, , 
59667,693011,2012104167,6,67,67301,2012,9,5,919,9,1,1,0,4,1,8,8,Y,1,2,0,3,0,1,3,2,N,N,40 05:53.765,75 02:49.794,932,99,923, ,0, ,N, ,3, ,U,U,U,U,U,U,U,U,2,2,0,0,0,0,0,0,0,0,0,1,1,0,0,0,0,0,0,0,0,0,0,0,0,0,0,0,0,0,0,0,0,0,0,4,0,40.0984,-75.0471, , 
59668,693028,2012068737,6,67,67301,2012,5,7,2027,20,4,1,0,4,1, , ,N,2,3,0,3,0,1,2,2,N,N,39 57:20.876,75 14:24.169,2034, ,2034, ,0, ,N, ,3, , , , , , , , , ,2,1,0,0,0,0,0,1,0,0,0,1,1,0,0,0,0,0,0,0,0,0,0,0,0,0,0,0,0,0,0,0,0,0,0,4,0,39.9558,-75.24, , 