objectid_1,objectid,crn,district,county,municipality,crash_year,crash_month,day_of_week,time_of_day,hour_of_day,illumination,weather,road_condition,collision_type,relation_to_road,work_zone_type,work_zone_loc,work_zone_ind,intersect_type,tcd_type,location_type,urban_rural,fatal_count,injury_count,person_count,total_units,sch_bus_ind,sch_zone_ind,latitude,longitude,arrival_tm,cons_zone_spd_lim,dispatch_tm,est_hrs_closed,lane_closed,ln_close_dir,ntfy_hiwy_maint,spec_juris_cd,tcd_func_cd,tfc_detour_ind,workers_pres,wz_close_detour,wz_flagger,wz_law_offcr_ind,wz_ln_closure,wz_moving,wz_other,wz_shlder_mdn,vehicle_count,automobile_count,motorcycle_count,bus_count,small_truck_count,heavy_truck_count,suv_count,van_count,bicycle_count,maj_inj_count,mod_inj_count,min_inj_count,tot_inj_count,unk_inj_deg_count,unk_inj_per_count,driver_count_16yr,driver_count_17yr,driver_count_18yr,driver_count_19yr,driver_count_20yr,driver_count_50_64yr,driver_count_65_74yr,driver_count_75plus,unbelted_occ_count,unb_death_count,unb_maj_inj_count,belted_death_count,belted_maj_inj_count,mcycle_death_count,mcycle_maj_inj_count,bicycle_death_count,bicycle_maj_inj_count,ped_count,ped_death_count,ped_maj_inj_count,max_severity_level,comm_veh_count,dec_lat,dec_long,rdwy_surf_type_cd,county_name
59871,687936,2012095088,6,67,67301,2012,9,7,2235,22,3,2,1,5,1, , ,N,0,0,0,3,0,0,2,2,N,N,39 58:46.258,75 06:26.209,2247, ,2240, ,0, ,N, ,0, , , , , , , , , ,2,1,0,0,0,0,1,0,0,0,0,0,0,0,0,0,0,0,0,0,0,1,0,0,0,0,0,0,0,0,0,0,0,0,0,0,0,39.9795,-75.1074, , 
59872,687941,2012098394,6,67,67301,2012,9,7,2140,21,3,2,1,7,2, , ,N,0,0,2,3,0,1,2,1,N,N,40 00:46.469,75 12:17.042,2155, ,2145,1,2,3,N, ,0,Y, , , , , , , , ,1,1,0,0,0,0,0,0,0,0,0,1,1,0,0,0,0,0,0,1,0,0,0,0,0,0,0,0,0,0,0,0,0,0,0,4,0,40.0129,-75.2047, , 
59873,687943,2012099337,6,67,67301,2012,8,7,2308,23,3,1,0,4,1, , ,N,0,2,7,3,0,2,3,2,N,N,39 56:48.534,75 11:45.564,2315, ,2311, ,0, ,N, ,3, , , , , , , , , ,2,1,0,0,0,0,1,0,0,0,1,1,2,0,0,0,0,0,0,0,1,0,0,0,0,0,0,0,0,0,0,0,0,0,0,3,0,39.9468,-75.196, , 
59874,687957,2012115267,6,67,67301,2012,7,5,830,8,1,1,0,5,1, , ,N,1,3,0,3,0,1,3,2,N,N,39 57:57.333,75 12:24.494,0, ,0, ,0, ,N, ,3, , , , , , , , , ,2,1,0,0,0,0,0,1,0,0,0,0,1,1,2,0,0,0,0,0,0,0,0,0,0,0,0,0,0,0,0,0,0,0,0,8,0,39.9659,-75.2068, , 
59875,687991,2012104080,6,67,67301,2012,9,6,1835,18,3,2,1,5,1, , ,N,1,2,0,3,0,0,6,3,N, ,40 02:51.896,75 04:18.775,1848, ,1845, ,0, , , ,3, , , , , , , , , ,3,3,0,0,0,0,0,0,0,0,0,0,0,0,0,0,0,0,0,0,0,1,0,0,0,0,0,0,0,0,0,0,0,0,0,0,0,40.0477,-75.0719, , 
59876,688010,2012063850,6,67,67301,2012,5,1,2220,22,3,1,0,1,1, , ,N,1,2,0,3,0,1,3,2,N,N,39 58:37.995,75 13:36.385,2220, ,2223, ,0, ,N, ,3, , , , , , , , , ,2,1,0,0,0,0,1,0,0,0,0,1,1,0,0,0,0,0,0,0,0,0,0,0,0,0,0,0,0,0,0,0,0,0,0,4,0,39.9772,-75.2268, , 
59877,688011,2012063926,6,67,67301,2012,5,3,949,9,1,1,0,4,1, , ,N,1,2,0,3,0,0,2,2,N,N,40 02:12.109,75 09:30.211,949, ,949, ,0, ,N, ,3, , , , , , , , , ,2,2,0,0,0,0,0,0,0,0,0,0,0,0,1,0,0,0,0,0,0,0,0,0,0,0,0,0,0,0,0,0,0,0,0,9,0,40.0367,-75.1584, , 
59878,688014,2012068847,6,67,67301,2012,6,3,1500,15,1,2,1,1,1, , ,N,0,0,7,3,0,0,2,2,N, ,40 05:25.953,75 02:48.168,1612, ,1611, ,0, , , ,0, , , , , , , , , ,2,2,0,0,0,0,0,0,0,0,0,0,0,0,0,0,0,0,0,0,0,1,0,0,0,0,0,0,0,0,0,0,0,0,0,0,0,40.0905,-75.0467, , 
59879,688023,2012078551,6,67,67301,2012,6,6,1038,10,1,1,0,4,1, , ,N,1,3,0,3,0,1,2,2,N,N,39 55:45.778,75 09:35.830,1042, ,1040, ,0, ,N, ,3, , , , , , , , , ,2,0,0,1,0,0,0,0,0,0,0,1,1,0,0,0,0,0,0,0,1,0,0,0,0,0,0,0,0,0,0,0,0,0,0,4,1,39.9294,-75.16, , 
59880,688036,2012088004,6,67,67301,2012,9,4,835,8,1,1,0,8,1, , ,N,1,2,0,3,0,1,2,2,N,N,39 57:09.713,75 08:59.754,900, ,836,3,2,2,N, ,3,Y, , , , , , , , ,1,0,0,1,0,0,0,0,0,0,1,0,1,0,0,0,0,0,0,0,1,0,0,0,0,0,0,0,0,0,0,0,1,0,0,3,1,39.9528,-75.1499, , 
59881,688037,2012088591,6,67,67301,2012,8,6,150,1,1,1,0,1,1, , ,N,0,2,7,3,0,1,3,2,N,N,40 03:22.286,75 13:57.803,1405, ,1402, ,0, ,N, ,3, , , , , , , , , ,2,2,0,0,0,0,0,0,0,0,0,1,1,0,0,0,0,0,0,0,0,0,0,0,0,0,0,0,0,0,0,0,0,0,0,4,0,40.0562,-75.2327, , 
59882,688049,2012098240,6,67,67301,2012,8,7,1455,14,1,1,0,1,1, , ,N,1,2,0,3,0,0,2,2,N, ,40 03:27.548,75 09:43.791,1500, ,1500, ,0, , , ,3, , , , , , , , , ,2,2,0,0,0,0,0,0,0,0,0,0,0,0,0,0,0,0,0,0,0,0,0,0,0,0,0,0,0,0,0,0,0,0,0,0,0,40.0577,-75.1622, , 
59883,693454,2012068853,6,67,67301,2012,6,7,1325,13,1,1,0,8,2, , ,N,0,0,0,3,0,1,2,2,N,N,40 03:37.708,75 03:13.469,1345, ,1332, ,0, ,N, ,0, , , , , , , , , ,1,0,0,0,0,0,0,1,0,0,0,0,1,1,0,0,0,0,0,0,0,0,0,0,0,0,0,0,0,0,0,0,1,0,0,8,0,40.0605,-75.0537, , 
59884,693470,2012074383,6,67,67301,2012,6,3,2314,23,3,1,0,4,1, , ,N,1,3,0,3,0,2,5,2,N,N,40 03:51.040,75 10:50.242,2335, ,2324, ,0, ,N, ,3, , , , , , , , , ,2,1,0,0,0,0,0,1,0,0,0,0,2,2,0,0,0,0,0,0,1,1,0,0,0,0,0,0,0,0,0,0,0,0,0,8,0,40.0642,-75.1806, , 
59885,693474,2012080751,6,67,67301,2012,7,2,1415,14,1,1,0,4,1, , ,N,1,2,0,3,0,0,2,2,N,N,40 02:41.686,75 04:49.238,1420, ,1416,1,1,3,N, ,3,N, , , , , , , , ,2,2,0,0,0,0,0,0,0,0,0,0,0,0,0,0,0,0,0,0,0,0,1,0,0,0,0,0,0,0,0,0,0,0,0,0,0,40.0449,-75.0803, , 
59886,693489,2012098288,6,67,67301,2012,8,5,855,8,1,1,0,1,2, , ,N,2,3,0,3,0,1,1,2,N,N,39 58:37.070,75 08:16.583,904, ,856,1,1,2, , ,3,Y, , , , , , , , ,2,1,0,0,0,0,0,0,0,0,0,0,1,1,0,0,0,0,0,0,0,0,0,0,0,0,0,0,0,0,0,0,0,0,0,8,0,39.977,-75.1379, , 
59887,693499,2012056643,6,67,67301,2012,5,1,1228,12,1,1,0,0,1, , ,N,0,0,0,3,0,1,1,1,N, ,39 53:22.540,75 13:54.977,1234, ,1232, ,0, , , ,0, , , , , , , , , ,1,0,1,0,0,0,0,0,0,0,0,1,1,0,0,0,0,0,0,0,1,0,0,0,0,0,0,0,0,0,0,0,0,0,0,4,0,39.8896,-75.2319, , 
59888,693505,2012064037,6,67,67301,2012,5,4,1451,14,1,2,1,1,6, , ,N,0,2,0,3,0,1,1,2,N,N,40 02:41.204,75 11:34.841,1607, ,1559, ,0, ,N, ,3, , , , , , , , , ,2,1,0,0,0,0,1,0,0,0,0,0,1,1,0,0,0,0,0,0,0,1,0,0,0,0,0,0,0,0,0,0,0,0,0,8,0,40.0448,-75.193, , 
59889,693510,2012073087,6,67,67301,2012,6,3,2334,23,3,1,0,7,4, , ,N,0,0,0,3,1,0,1,1,N,N,39 58:03.748,75 10:54.621,2340, ,2338, ,0, ,N,0,0, , , , , , , , , ,1,0,1,0,0,0,0,0,0,0,0,0,0,0,0,0,0,0,1,0,0,0,0,0,0,0,0,0,1,0,0,0,0,0,0,1,0,39.9677,-75.1818,2, 
59890,693518,2012078187,6,67,67301,2012,2,7,9999,99,3,1,0,1,1, , ,N,1,2,0,3,0,1,2,2,N,N,39 58:33.009,75 09:30.309,2201, ,2201, ,0, ,N, ,3, , , , , , , , , ,2,2,0,0,0,0,0,0,0,0,0,1,1,0,0,0,0,0,0,0,0,0,0,2,0,0,0,0,0,0,0,0,0,0,0,4,0,39.9758,-75.1584, , 
59891,693519,2012078314,6,67,67301,2012,7,7,1230,12,1,1,0,2,1, , ,N,0,0,0,3,0,4,7,3,N, ,39 57:56.277,75 13:55.236,1325, ,1323, ,0, , , ,0, , , , , , , , , ,3,1,0,0,0,0,1,1,0,0,0,2,4,2,0,0,0,0,0,0,0,0,0,0,0,0,0,0,0,0,0,0,0,0,0,4,0,39.9656,-75.232, , 
59892,693520,2012078337,6,46,46102,2012,7,5,711,7,1,1,0,8,1, , ,N,1,2,0,3,0,1,2,2,N, ,40 03:55.027,75 05:25.289,732, ,726, ,0, , , ,3, , , , , , , , , ,1,1,0,0,0,0,0,0,0,0,1,0,1,0,0,0,0,0,0,0,1,0,0,0,0,0,0,0,0,0,0,0,1,0,0,3,0,40.0653,-75.0904, , 
59893,693523,2012080769,6,67,67301,2012,7,7,2255,22,3,1,0,8,1, , ,N,0,0,0,3,0,1,2,2,N, ,40 01:55.441,75 02:12.485,34, ,29, ,0, , , ,0, , , , , , , , , ,1,1,0,0,0,0,0,0,0,0,0,0,1,1,0,0,0,0,0,0,0,0,0,0,0,0,0,0,0,0,0,0,1,0,0,8,0,40.0321,-75.0368, , 
59894,693535,2012095572,6,67,67301,2012,8,2,2024,20,3,1,0,8,1, , ,N,1,3,0,3,0,1,2,2,N,N,39 56:58.131,75 13:08.453,2026, ,2026,1,1,1,N, ,3,N, , , , , , , , ,1,0,1,0,0,0,0,0,0,0,0,1,1,0,1,0,0,0,0,0,0,0,0,0,0,0,0,0,0,0,0,0,1,0,0,4,0,39.9495,-75.219, , 
59895,693540,2012104123,6,67,67301,2012,9,7,2320,23,3,1,0,5,6, , ,N,0,0,0,3,0,1,4,3,N,N,39 55:33.186,75 09:09.774,2326, ,2323, ,0, , , ,0, , , , , , , , , ,3,2,0,0,0,0,1,0,0,0,0,1,1,0,0,0,0,0,0,0,0,0,0,4,0,0,0,0,0,0,0,0,0,0,0,4,0,39.9259,-75.1527, , 
59896,693547,2012048875,6,67,67301,2012,3,6,730,7,1,1,0,4,1, , ,N,1,2,0,3,0,1,3,3,N,N,40 02:11.152,75 07:49.835,740, ,736, ,0, ,N, ,3, , , , , , , , , ,3,2,0,0,0,0,1,0,0,0,0,1,1,0,0,0,0,0,0,1,0,1,0,0,0,0,0,0,0,0,0,0,0,0,0,4,0,40.0364,-75.1305, , 
59897,693553,2012067095,6,67,67301,2012,6,7,40,0,6,2,1,4,1, , ,N,1,3,0,3,0,2,3,2,N,N,39 56:45.772,75 12:59.363,1150, ,1145, ,0, ,N, ,9, , , , , , , , , ,2,1,0,0,0,0,1,0,0,0,2,0,2,0,1,0,0,0,0,0,0,0,0,0,0,0,0,0,0,0,0,0,0,0,0,3,0,39.946,-75.2165, , 
59898,693557,2012068845,6,67,67301,2012,6,2,1945,19,4,1,0,5,1, , ,N,0,0,0,3,0,1,2,2,N, ,40 06:19.569,75 01:56.201,1955, ,1953, ,0, , , ,0, , , , , , , , , ,1,1,0,0,0,0,0,0,1,0,0,1,1,0,0,0,0,0,0,0,0,0,0,0,0,0,0,0,0,0,0,0,0,0,0,4,0,40.1054,-75.0323, , 
59899,693564,2012076060,6,67,67301,2012,6,6,2213,22,3,1,1,8,1, , ,N,0,0,0,3,0,1,2,2,N,N,39 57:18.586,75 08:21.043,2213, ,2213, ,0, ,N, ,0, , , , , , , , , ,1,1,0,0,0,0,0,0,0,0,0,1,1,0,0,0,0,0,0,0,0,0,0,0,0,0,0,0,0,0,0,0,1,0,0,4,0,39.9554,-75.1391, , 
59900,693573,2012084993,6,67,67301,2012,8,2,856,8,1,2,1,7,3, , ,N,0,0,0,3,0,1,2,1,N,N,39 58:59.849,75 12:28.894,858, ,857,2,2,4,Y, ,0,N, , , , , , , , ,1,1,0,0,0,0,0,0,0,0,0,1,1,0,0,0,0,0,0,0,0,0,0,0,0,0,0,0,0,0,0,0,0,0,0,4,0,39.9833,-75.208, , 
59901,690947,2012068920,6,67,67301,2012,5,5,1000,10,1,1,0,4,1, , ,N,0,0,7,3,0,1,2,2,N, ,40 01:07.737,75 05:47.829,1040, ,1030, ,0, , , ,0, , , , , , , , , ,2,1,0,0,0,0,1,0,0,0,0,1,1,0,0,0,0,0,0,0,0,2,0,0,0,0,0,0,0,0,0,0,0,0,0,4,0,40.019,-75.0964, , 
59902,690952,2012078350,6,67,67301,2012,6,6,2300,23,3,1,0,4,1, , ,N,0,0,7,3,0,1,4,2,N,N,40 01:30.331,75 04:57.511,2318, ,2311, ,0, , , ,0, , , , , , , , , ,1,0,0,0,0,0,1,0,1,0,1,0,1,0,0,0,0,0,0,0,0,0,0,3,0,0,0,0,0,0,0,0,0,0,0,3,0,40.0251,-75.0826, , 
59903,690973,2012086635,6,67,67301,2012,8,5,1813,18,1,1,0,4,1, , ,N,1,2,0,3,0,0,4,3,N,N,40 01:40.946,75 06:36.204,1817, ,1814,2,1,2,N, ,3,N, , , , , , , , ,3,1,0,0,0,0,2,0,0,0,0,0,0,0,0,0,0,0,0,0,1,0,0,0,0,0,0,0,0,0,0,0,0,0,0,0,0,40.028,-75.1101, , 
59904,691003,2012064691,6,67,67301,2012,5,6,1358,13,1,1,0,1,1, , ,N,1,2,0,3,0,1,3,2,N,N,39 56:26.991,75 10:21.593,1418, ,1401, ,0, ,N, ,3, , , , , , , , , ,2,2,0,0,0,0,0,0,0,0,0,0,1,1,0,0,0,0,0,0,0,0,0,0,0,0,0,0,0,0,0,0,0,0,0,8,0,39.9408,-75.1727, , 
59905,691008,2012069340,6,67,67301,2012,6,3,1830,18,1,2,1,1,1, , ,N,0,0,0,3,0,1,4,3,N,N,40 06:25.369,74 59:44.058,1840, ,1835, ,0, ,N, ,0, , , , , , , , , ,3,0,0,0,2,0,1,0,0,0,0,1,1,0,0,0,0,0,0,0,0,0,0,0,0,0,0,0,0,0,0,0,0,0,0,4,0,40.107,-74.9956, , 
59906,691015,2012075964,6,67,67301,2012,6,4,1830,18,1,9,0,1,1, , ,N,1,2,0,3,0,1,3,2,N,N,40 02:18.904,75 08:33.243,1545, ,1545, ,0, ,N, ,3, , , , , , , , , ,2,2,0,0,0,0,0,0,0,0,0,1,1,0,2,0,0,0,0,0,1,0,0,0,0,0,0,0,0,0,0,0,0,0,0,4,0,40.0386,-75.1426, , 
59907,691016,2012076065,6,67,67301,2012,6,6,1655,16,1,9,8,9,1, , ,N,0,0,0,3,0,2,5,2,N,N,40 03:15.186,75 10:44.558,9999, ,9999,1,1,1, , ,0,N, , , , , , , , ,2,2,0,0,0,0,0,0,0,0,1,0,2,1,3,0,0,0,0,0,1,0,1,0,0,0,0,0,0,0,0,0,0,0,0,3,0,40.0542,-75.179, , 
59908,691022,2012078275,6,67,67301,2012,6,2,9999,99,1,1,0,8,1, , ,N,0,0,0,3,0,1,2,2,N,N,40 00:19.922,75 08:24.568,1955, ,1950, ,0, ,N, ,0, , , , , , , , , ,1,1,0,0,0,0,0,0,0,0,0,1,1,0,0,0,0,0,0,1,0,0,0,1,0,0,0,0,0,0,0,0,1,0,0,4,0,40.0055,-75.1402, , 
59909,691023,2012078430,6,67,67301,2012,7,2,2235,22,3,1,0,4,3, , ,N,3,2,0,3,0,0,2,2,N, ,39 58:21.476,75 13:03.992,2341, ,2334, ,0, , , ,2, , , , , , , , , ,2,2,0,0,0,0,0,0,0,0,0,0,0,0,0,0,0,0,1,0,1,0,0,0,0,0,0,0,0,0,0,0,0,0,0,0,0,39.9726,-75.2178, , 
59910,691025,2012080863,6,67,67301,2012,7,6,155,1,3,1,0,7,5, , ,N,1,2,0,3,0,1,2,1,N,N,40 01:47.862,75 05:14.656,205, ,158, ,0, ,N, ,3, , , , , , , , , ,1,1,0,0,0,0,0,0,0,0,1,0,1,0,1,0,0,0,0,0,0,0,0,1,0,0,0,0,0,0,0,0,0,0,0,3,0,40.03,-75.0874, , 
59911,691029,2012082541,6,67,67301,2012,8,7,815,8,1,1,0,7,2, , ,N,0,0,0,3,0,1,1,1,N,N,40 00:32.671,75 04:02.814,821, ,818, ,0, ,N, ,0, , , , , , , , , ,1,1,0,0,0,0,0,0,0,0,0,0,1,1,0,0,0,0,0,0,1,0,0,0,0,0,0,0,0,0,0,0,0,0,0,8,0,40.0091,-75.0676, , 
59912,691031,2012083426,6,67,67301,2012,8,2,500,5,3,8,1,6,1, , ,N,0,0,0,3,0,0,2,2,N,N,40 06:46.853,75 01:22.698,505, ,505, ,0, ,N, ,0, , , , , , , , , ,2,2,0,0,0,0,0,0,0,0,0,0,0,0,0,0,0,0,0,0,1,0,0,0,0,0,0,0,0,0,0,0,0,0,0,0,0,40.113,-75.023, , 
59913,691065,2012070806,6,67,67301,2012,5,5,1826,18,1,1,0,1,1, , ,N,1,2,0,3,0,1,3,2,N,N,39 54:59.774,75 10:09.226,1830, ,1826, ,0, ,N, ,3, , , , , , , , , ,2,1,0,0,1,0,0,0,0,0,0,1,1,0,1,0,0,0,0,0,0,0,0,0,0,0,0,0,0,0,0,0,0,0,0,4,0,39.9165,-75.1693, , 
59914,691073,2012078440,6,67,67301,2012,7,3,1433,14,1,1,0,4,1, , ,N,1,2,0,3,0,3,5,3,N,N,39 58:18.746,75 09:45.567,1438, ,1434, ,0, ,N, ,3, , , , , , , , , ,3,1,0,0,0,0,1,1,0,0,0,0,3,3,0,0,0,0,0,0,1,1,1,2,0,0,0,0,0,0,0,0,0,0,0,8,0,39.9719,-75.1627, , 
59915,691078,2012085913,6,67,67301,2012,8,7,206,2,3,1,0,1,1, , ,N,0,0,0,3,0,0,4,2,N,N,40 05:00.654,74 58:03.660,211, ,206, ,0, , , ,0, , , , , , , , , ,2,2,0,0,0,0,0,0,0,0,0,0,0,0,0,0,0,0,0,0,0,1,0,0,0,0,0,0,0,0,0,0,0,0,0,0,0,40.0835,-74.9677, , 
59916,691089,2012095389,6,67,67301,2012,8,3,1530,15,1,1,0,1,1, , ,N,2,0,0,3,0,1,1,2,N,N,40 07:10.776,75 00:31.301,1630, ,1620, ,0, ,N, ,0, , , , , , , , , ,1,1,0,0,0,0,0,0,0,0,0,0,1,1,0,0,0,0,0,0,1,0,0,0,0,0,0,0,0,0,0,0,0,0,0,8,0,40.1197,-75.0087, , 
59917,691135,2012110788,6,67,67301,2012,10,2,1640,16,1,1,0,4,1, , ,N,0,0,0,3,0,2,2,2,N,N,40 00:46.699,75 07:09.566,1641, ,1639, ,0, , , ,0, , , , , , , , , ,2,2,0,0,0,0,0,0,0,0,1,1,2,0,0,0,0,0,0,0,0,0,0,0,0,0,0,0,0,0,0,0,0,0,0,3,0,40.013,-75.1193, , 
59918,691149,2012056615,6,67,67301,2012,5,4,1540,15,1,1,0,4,1, , ,N,1,2,0,3,0,3,5,2,N, ,39 59:27.381,75 06:05.712,1600, ,1547, ,0, , , ,3, , , , , , , , , ,2,2,0,0,0,0,0,0,0,0,1,0,3,2,0,0,0,0,0,0,0,0,0,0,0,0,0,0,0,0,0,0,0,0,0,3,0,39.9909,-75.1016, , 
59919,685086,2012069341,6,67,67301,2012,6,3,1600,16,1,1,0,8,1, , ,N,1,2,0,3,0,1,2,2,N,N,39 59:27.918,75 07:58.290,1630, ,1620, ,0, ,N, ,9, , , , , , , , , ,1,1,0,0,0,0,0,0,0,0,0,1,1,0,0,0,0,0,0,0,0,0,0,0,0,0,0,0,0,0,0,0,1,0,0,4,0,39.9911,-75.1329, , 
59920,685092,2012078344,6,67,67301,2012,6,7,540,5,1,1,0,7,5, , ,N,0,0,0,3,0,0,1,1,N,N,40 01:47.510,75 06:09.708,714, ,657, ,0, ,N, ,0, , , , , , , , , ,1,1,0,0,0,0,0,0,0,0,0,0,0,0,1,0,0,0,0,0,0,0,0,0,0,0,0,0,0,0,0,0,0,0,0,9,0,40.0299,-75.1027, , 
59921,685093,2012078373,6,67,67301,2012,7,5,905,9,1,1,0,4,1, , ,N,2,3,0,3,0,2,4,2,N,N,40 04:07.628,75 02:24.845,910, ,906,1,2,2,Y, ,3,N, , , , , , , , ,2,1,0,0,0,0,1,0,0,0,0,0,2,2,1,0,0,0,0,0,1,0,0,0,0,0,0,0,0,0,0,0,0,0,0,8,0,40.0688,-75.0402, , 
59922,685095,2012080825,6,67,67301,2012,7,4,9999,99,1,1,0,4,1, , ,N,1,2,0,3,0,1,2,3,N,N,39 59:09.524,75 09:58.003,1650, ,1644,2,2,5,N, ,3,Y, , , , , , , , ,3,2,0,0,0,1,0,0,0,0,1,0,1,0,0,0,0,0,0,0,1,0,0,1,0,0,0,0,0,0,0,0,0,0,0,3,1,39.986,-75.1661, , 
59923,685102,2012088534,6,67,67301,2012,8,7,1405,14,1,1,0,5,2, , ,N,0,0,0,3,0,0,1,3,N,N,39 57:29.036,75 13:18.450,1415, ,1412,3,1,3,N, ,0,N, , , , , , , , ,3,1,0,0,0,0,1,1,0,0,0,0,0,0,0,0,0,0,0,0,0,0,0,0,0,0,0,0,0,0,0,0,0,0,0,0,0,39.9581,-75.2218, , 
59924,685138,2012068702,6,67,67301,2012,6,7,1125,11,1,1,0,4,1, , ,N,1,3,0,3,0,2,6,2,N,N,40 01:43.906,75 05:09.211,1135, ,1131, ,0, ,N, ,3, , , , , , , , , ,2,1,0,0,0,0,1,0,0,0,0,2,2,0,0,0,0,0,0,1,0,0,0,0,0,0,0,0,0,0,0,0,0,0,0,4,0,40.0289,-75.0859, , 
59925,685139,2012068903,6,67,67301,2012,5,6,1647,16,1,1,0,4,1, , ,N,1,2,0,3,0,1,3,2,N,N,39 58:40.054,75 12:48.645,1703, ,1701, ,0, ,N, ,3, , , , , , , , , ,2,1,0,0,1,0,0,0,0,0,0,1,1,0,1,0,0,0,0,0,0,0,0,0,0,0,0,0,0,0,0,0,0,0,0,4,0,39.9777,-75.2134, , 
59926,685144,2012073465,6,67,67301,2012,6,7,9999,99,1,1,0,7,5, , ,N,0,0,0,3,0,1,1,1,N,N,40 01:28.341,75 08:52.078,2039, ,2035, ,0, ,N, ,0, , , , , , , , , ,1,1,0,0,0,0,0,0,0,0,0,0,1,1,0,0,0,0,0,0,0,0,0,0,0,0,0,0,0,0,0,0,0,0,0,8,0,40.0245,-75.1478, , 
59927,685169,2012066547,6,67,67301,2012,5,4,1638,16,1,1,0,6,1, , ,N,0,0,0,3,0,0,9,4,N, ,40 04:57.731,75 02:16.111,1710, ,1701, ,0, , , ,0, , , , , , , , , ,4,3,0,0,0,0,1,0,0,0,0,0,0,0,0,0,0,0,0,0,1,0,1,3,0,0,0,0,0,0,0,0,0,0,0,0,0,40.0827,-75.0378, , 
59928,685203,2012098243,6,67,67301,2012,9,1,800,8,3,1,0,8,1, , ,N,0,0,0,3,0,1,1,2,N, ,39 59:56.817,75 06:31.316,9999, ,0, ,0, , , ,0, , , , , , , , , ,1,1,0,0,0,0,0,0,0,0,0,1,1,0,0,0,0,0,0,0,0,0,0,0,0,0,0,0,0,0,0,0,1,0,0,4,0,39.9991,-75.1087, , 
59929,685204,2012098395,6,67,67301,2012,8,6,1737,17,1,1,0,4,1, , ,N,1,3,0,3,0,1,4,2,N,N,40 02:56.557,75 05:40.778,1748, ,738, ,0, ,N, ,3, , , , , , , , , ,2,2,0,0,0,0,0,0,0,0,0,1,1,0,0,0,0,0,0,0,0,0,0,0,0,0,0,0,0,0,0,0,0,0,0,4,0,40.049,-75.0947, , 
59930,685205,2012098459,6,67,67301,2012,8,3,1611,16,1,1,0,4,1, , ,N,1,2,0,3,0,0,0,2,N,N,39 57:28.354,75 09:50.944,1645, ,1641, ,0, ,N, ,3, , , , , , , , , ,2,0,0,0,0,0,1,1,0,0,0,0,0,0,0,0,0,0,0,0,0,0,0,0,0,0,0,0,0,0,0,0,0,0,0,9,0,39.9579,-75.1641, , 
59931,685227,2012066613,6,67,67301,2012,5,2,1408,14,1,1,0,4,1, , ,N,1,2,0,3,0,2,3,2,N, ,40 06:46.663,75 01:22.836,1408, ,1408,3,2,5, , ,3,Y, , , , , , , , ,2,1,0,0,0,0,1,0,0,0,0,1,2,1,0,0,0,1,0,0,1,0,0,0,0,0,0,0,0,0,0,0,0,0,0,4,0,40.113,-75.023, , 
59932,685241,2012078206,6,67,67301,2012,7,5,114,1,3,2,1,1,1, , ,N,1,2,0,3,0,0,4,3,N,N,39 57:15.869,75 09:47.496,150, ,150, ,0, ,N, ,3, , , , , , , , , ,3,2,0,0,1,0,0,0,0,0,0,0,0,0,0,0,0,0,0,0,0,0,0,0,0,0,0,0,0,0,0,0,0,0,0,0,0,39.9544,-75.1631, , 
59933,685242,2012078340,6,67,67301,2012,7,4,2350,23,3,1,0,7,5, , ,N,2,3,0,3,0,1,1,1,N,N,40 03:26.064,75 12:28.504,1249, ,1234, ,0, ,N, ,3, , , , , , , , , ,1,0,0,0,0,0,1,0,0,0,0,1,1,0,0,0,1,0,0,0,0,0,0,0,0,0,0,0,0,0,0,0,0,0,0,4,0,40.0572,-75.2079, , 
59934,685243,2012078621,6,67,67301,2012,7,4,832,8,1,1,0,1,1, , ,N,1,2,0,3,0,1,2,2,N,N,40 06:00.676,75 01:18.249,835, ,835, ,0, ,N, ,3, , , , , , , , , ,2,2,0,0,0,0,0,0,0,0,0,0,1,1,0,0,0,0,0,0,1,1,0,0,0,0,0,0,0,0,0,0,0,0,0,8,0,40.1002,-75.0217, , 
59935,685248,2012083277,6,67,67301,2012,8,6,2318,23,3,1,0,2,1, , ,N,1,2,0,3,0,2,3,2,N,N,39 59:49.350,75 10:42.861,2345, ,2337, ,0, ,N, ,9, , , , , , , , , ,2,2,0,0,0,0,0,0,0,0,1,1,2,0,0,0,0,0,0,1,0,0,0,0,0,0,0,0,0,0,0,0,0,0,0,3,0,39.997,-75.1786, , 
59936,685249,2012083391,6,67,67301,2012,7,5,1545,15,1,1,0,8,1, , ,N,1,2,0,3,0,1,2,2,N,N,39 57:14.550,75 10:36.040,1608, ,1606, ,0, ,N, ,3, , , , , , , , , ,1,1,0,0,0,0,0,0,0,0,0,1,1,0,0,0,0,0,0,0,1,0,0,0,0,0,0,0,0,0,0,0,1,0,0,4,0,39.954,-75.1767, , 
59937,688050,2012098257,6,67,67301,2012,9,7,2248,22,3,1,0,4,1, , ,N,1,2,0,3,0,0,6,2,N, ,40 01:15.937,75 08:23.758,2254, ,2250,9,1,1, , ,3,N, , , , , , , , ,2,2,0,0,0,0,0,0,0,0,0,0,0,0,0,0,0,0,0,0,1,1,0,0,0,0,0,0,0,0,0,0,0,0,0,0,0,40.0211,-75.1399, , 