objectid_1,objectid,crn,district,county,municipality,crash_year,crash_month,day_of_week,time_of_day,hour_of_day,illumination,weather,road_condition,collision_type,relation_to_road,work_zone_type,work_zone_loc,work_zone_ind,intersect_type,tcd_type,location_type,urban_rural,fatal_count,injury_count,person_count,total_units,sch_bus_ind,sch_zone_ind,latitude,longitude,arrival_tm,cons_zone_spd_lim,dispatch_tm,est_hrs_closed,lane_closed,ln_close_dir,ntfy_hiwy_maint,spec_juris_cd,tcd_func_cd,tfc_detour_ind,workers_pres,wz_close_detour,wz_flagger,wz_law_offcr_ind,wz_ln_closure,wz_moving,wz_other,wz_shlder_mdn,vehicle_count,automobile_count,motorcycle_count,bus_count,small_truck_count,heavy_truck_count,suv_count,van_count,bicycle_count,maj_inj_count,mod_inj_count,min_inj_count,tot_inj_count,unk_inj_deg_count,unk_inj_per_count,driver_count_16yr,driver_count_17yr,driver_count_18yr,driver_count_19yr,driver_count_20yr,driver_count_50_64yr,driver_count_65_74yr,driver_count_75plus,unbelted_occ_count,unb_death_count,unb_maj_inj_count,belted_death_count,belted_maj_inj_count,mcycle_death_count,mcycle_maj_inj_count,bicycle_death_count,bicycle_maj_inj_count,ped_count,ped_death_count,ped_maj_inj_count,max_severity_level,comm_veh_count,dec_lat,dec_long,rdwy_surf_type_cd,county_name
60275,692096,2012095578,6,67,67301,2012,8,5,1708,17,1,1,0,4,1, , ,N,1,3,0,3,0,1,2,2,N,N,40 04:56.478,74 58:54.519,1721, ,1710, ,0, ,N, ,3, , , , , , , , , ,1,1,0,0,0,0,0,0,1,0,0,1,1,0,0,0,0,0,0,0,0,0,0,0,0,0,0,0,0,0,0,0,0,0,0,4,0,40.0824,-74.9818, , 
60276,692103,2012073202,6,67,67301,2012,7,1,1422,14,1,1,0,1,3, , ,N,0,0,0,3,0,0,2,2,N,N,39 56:39.629,75 11:30.454,1442, ,1430, ,0, ,N, ,0, , , , , , , , , ,2,2,0,0,0,0,0,0,0,0,0,0,0,0,0,0,0,0,0,0,1,0,0,0,0,0,0,0,0,0,0,0,0,0,0,0,0,39.9429,-75.1932, , 
60277,692118,2012078176,6,67,67301,2012,7,3,1238,12,1,1,0,1,6, , ,N,0,0,0,3,0,1,1,3,N, ,40 04:09.256,75 03:26.591,1240, ,1238, ,0, , , ,0, , , , , , , , , ,3,0,0,0,0,0,3,0,0,0,0,0,1,1,0,0,0,0,0,0,0,0,0,0,0,0,0,0,0,0,0,0,0,0,0,8,0,40.0692,-75.0574, , 
60278,692144,2012111755,6,67,67301,2012,10,3,1946,19,3,2,1,5,1, , ,N,1,2,0,3,0,1,2,2,N,N,40 03:34.205,75 04:49.964,1951, ,1946,2,1,6,N, ,3,N, , , , , , , , ,2,2,0,0,0,0,0,0,0,0,0,1,1,0,0,0,1,0,0,0,0,0,0,0,0,0,0,0,0,0,0,0,0,0,0,4,0,40.0595,-75.0805, , 
60279,692147,2012117896,6,67,67301,2012,11,6,1225,12,1,1,0,8,1, , ,N,1,0,0,3,0,1,4,2,N,N,39 59:07.968,75 06:13.192,1345, ,1322,3,1,4,N, ,0,Y, , , , , , , , ,1,0,0,1,0,0,0,0,0,0,1,0,1,0,0,0,0,0,0,0,0,0,0,0,0,0,0,0,0,0,0,0,1,0,0,3,1,39.9855,-75.1038, , 
60280,692152,2012055945,6,67,67301,2012,6,7,310,3,3,2,1,7,2, , ,N,0,0,0,3,0,1,1,1,N,N,39 58:56.188,75 12:27.838,315, ,311, ,0, ,N, ,0, , , , , , , , , ,1,1,0,0,0,0,0,0,0,0,0,0,1,1,0,0,0,0,0,0,0,0,0,0,0,0,0,0,0,0,0,0,0,0,0,8,0,39.9823,-75.2077, , 
60281,692168,2012069019,6,67,67301,2012,7,3,856,8,1,1,0,1,1, , ,N,0,0,0,3,0,1,3,2,N,N,39 58:37.287,75 06:48.518,901, ,858,1,2,2,N, ,0,N, , , , , , , , ,2,2,0,0,0,0,0,0,0,0,0,1,1,0,0,0,1,0,0,0,0,0,0,0,0,0,0,0,0,0,0,0,0,0,0,4,0,39.977,-75.1135, , 
60282,692180,2012078571,6,67,67301,2012,6,6,2255,22,3,1,0,4,1, , ,N,1,2,0,3,0,0,3,2,N, ,40 01:21.296,75 10:41.374,2256, ,2255, ,0, ,N, ,3, , , , , , , , , ,2,1,0,0,0,0,1,0,0,0,0,0,0,0,0,0,0,0,0,0,1,0,0,0,0,0,0,0,0,0,0,0,0,0,0,0,0,40.0226,-75.1782, , 
60283,692196,2012074139,6,67,67301,2012,7,5,2204,22,3,2,1,4,1, , ,N,1,2,0,3,0,0,3,2,N,N,40 04:50.820,75 01:42.117,2225, ,2206,3,2,7,N, ,3,N, , , , , , , , ,2,0,0,0,1,0,1,0,0,0,0,0,0,0,0,0,0,0,0,0,0,0,0,0,0,0,0,0,0,0,0,0,0,0,0,0,0,40.0808,-75.0284, , 
60284,685958,2012078637,6,67,67301,2012,7,4,1422,14,1,1,0,8,1, , ,N,1,2,0,3,0,1,2,2,N,N,40 02:22.235,75 02:00.419,1433, ,1429, ,0, , , ,3, , , , , , , , , ,1,1,0,0,0,0,0,0,0,0,0,1,1,0,0,0,0,0,0,1,0,0,0,0,0,0,0,0,0,0,0,0,1,0,0,4,0,40.0395,-75.0334, , 
60285,685959,2012078641,6,67,67301,2012,6,6,1741,17,1,1,0,2,1, , ,N,0,0,0,3,0,1,3,2,N,N,39 56:03.044,75 11:49.452,1803, ,1800, ,0, ,N, ,0, , , , , , , , , ,1,1,0,0,0,0,0,0,1,0,0,1,1,0,0,0,0,0,0,0,0,0,0,0,0,0,0,0,0,0,0,0,0,0,0,4,0,39.9342,-75.1971, , 
60286,685964,2012087137,6,67,67301,2012,9,7,1924,19,1,1,0,7,2, , ,N,0,0,0,3,0,1,1,1,N,N,39 55:29.773,75 11:36.074,1932, ,1924,1,1,3,N, ,0,N, , , , , , , , ,1,1,0,0,0,0,0,0,0,0,0,1,1,0,0,0,0,0,0,0,0,0,0,0,0,0,0,0,0,0,0,0,0,0,0,4,0,39.9249,-75.1934, , 
60287,685971,2012095384,6,67,67301,2012,8,3,1247,12,1,1,0,8,1, , ,N,0,0,0,3,0,1,2,2,N, ,39 57:05.745,75 08:43.216,1255, ,1254, ,0, , , ,0, , , , , , , , , ,1,1,0,0,0,0,0,0,0,0,1,0,1,0,0,0,0,0,0,0,0,0,0,0,0,0,0,0,0,0,0,0,1,0,0,3,0,39.9516,-75.1453, , 
60288,685974,2012098329,6,67,67301,2012,8,7,1640,16,1,1,0,8,1, , ,N,1,0,0,3,0,1,2,2,N,N,40 00:03.643,75 07:25.222,1945, ,1940, ,0, ,N, ,0, , , , , , , , , ,1,1,0,0,0,0,0,0,0,0,0,1,1,0,0,0,0,0,0,0,0,0,0,0,0,0,0,0,0,0,0,0,1,0,0,4,0,40.001,-75.1237, , 
60289,685977,2012104453,6,67,67301,2012,10,5,400,4,3,1,0,7,4, , ,N,0,0,0,3,0,0,2,1,N,N,39 58:09.541,75 11:31.275,405, ,401,1,1,4,N, ,0,N, , , , , , , , ,1,1,0,0,0,0,0,0,0,0,0,0,0,0,0,0,0,0,0,0,0,0,0,0,0,0,0,0,0,0,0,0,0,0,0,0,0,39.9693,-75.192, , 
60290,685983,2012050889,6,67,67301,2012,5,1,2209,22,3,1,0,4,1, , ,N,0,0,0,3,0,1,5,2,N,N,39 57:27.707,75 09:37.919,2226, ,2213, ,0, ,N, ,0, , , , , , , , , ,2,1,0,0,0,0,1,0,0,0,0,1,1,0,0,0,0,0,0,0,0,0,0,0,0,0,0,0,0,0,0,0,0,0,0,4,0,39.9577,-75.1605, , 
60291,686015,2012034700,6,67,67301,2012,3,1,1824,18,4,9,8,7,5, , ,N,0,0,0,3,0,1,1,1,N, ,39 54:08.715,75 09:01.317,1830, ,1826, ,0, , , ,0, , , , , , , , , ,1,1,0,0,0,0,0,0,0,0,1,0,1,0,0,1,0,0,0,0,0,0,0,0,0,0,0,0,0,0,0,0,0,0,0,3,0,39.9024,-75.1504, , 
60292,686023,2012041494,6,67,67301,2012,3,1,1705,17,1,1,0,4,1, , ,N,0,0,7,3,0,1,2,2,N,N,39 57:23.381,75 12:33.027,1714, ,1713, ,0, ,N, ,0, , , , , , , , , ,2,1,1,0,0,0,0,0,0,0,1,0,1,0,0,0,0,0,0,0,1,0,0,0,0,0,0,0,0,0,0,0,0,0,0,3,0,39.9565,-75.2092, , 
60293,686056,2012083146,6,67,67301,2012,7,3,105,1,3,1,0,4,1, , ,N,1,2,0,3,0,1,2,2,N,N,39 58:42.963,75 08:42.028,120, ,110, ,0, ,N, ,3, , , , , , , , , ,2,2,0,0,0,0,0,0,0,0,0,1,1,0,0,0,0,0,0,0,0,0,0,0,0,0,0,0,0,0,0,0,0,0,0,4,0,39.9786,-75.145, , 
60294,686058,2012083809,6,67,67301,2012,8,5,1958,19,3,1,0,4,1, , ,N,2,0,0,3,0,1,3,2,N,N,39 57:41.633,75 09:06.417,2020, ,2018, ,0, ,N, ,0, , , , , , , , , ,2,2,0,0,0,0,0,0,0,0,1,0,1,0,0,0,0,0,0,0,1,0,0,0,0,0,0,0,0,0,0,0,0,0,0,3,0,39.9615,-75.1517, , 
60295,686078,2012066588,6,67,67301,2012,5,4,155,1,3,1,0,4,6, , ,N,0,0,0,3,0,2,2,2,N, ,39 58:59.392,75 08:21.169,205, ,200, ,0, , , ,0, , , , , , , , , ,2,1,0,0,0,0,1,0,0,0,0,2,2,0,0,0,0,0,0,0,0,0,0,0,0,0,0,0,0,0,0,0,0,0,0,4,0,39.9832,-75.1392, , 
60296,686080,2012068681,6,67,67301,2012,5,2,1250,12,1,1,0,4,1, , ,N,2,2,0,3,0,1,2,2,N,N,39 55:14.253,75 09:00.640,1254, ,1253, ,0, ,N, ,3, , , , , , , , , ,2,2,0,0,0,0,0,0,0,0,0,1,1,0,1,0,0,0,0,0,0,0,1,0,0,0,0,0,0,0,0,0,0,0,0,4,0,39.9206,-75.1502, , 
60297,686084,2012056641,6,67,67301,2012,5,1,1730,17,1,1,0,1,1, , ,N,0,0,0,3,0,1,2,2,N,N,39 59:36.434,75 10:22.591,1740, ,1732, ,0, ,N, ,0, , , , , , , , , ,2,1,0,0,0,0,1,0,0,0,0,1,1,0,0,0,0,0,0,0,0,0,0,0,0,0,0,0,0,0,0,0,0,0,0,4,0,39.9935,-75.1729, , 
60298,686119,2012104028,6,67,67301,2012,9,7,2244,22,3,1,0,1,1, , ,N,3,2,7,3,0,1,4,3,N,N,39 57:52.333,75 08:03.809,2249, ,2245,3,2,2,N, ,3,Y, , , , , , , , ,3,2,1,0,0,0,0,0,0,1,0,0,1,0,0,0,0,0,0,0,0,0,0,0,0,0,0,0,0,1,0,0,0,0,0,2,0,39.9644,-75.1343, , 
60299,686164,2012088618,6,67,67301,2012,8,5,1516,15,1,1,0,9,1, , ,N,1,3,0,3,0,1,3,2,N,N,40 02:09.304,75 05:17.282,1523, ,1518, ,0, , , ,3, , , , , , , , , ,2,2,0,0,0,0,0,0,0,0,0,1,1,0,1,0,0,0,0,0,0,0,0,0,0,0,0,0,0,0,0,0,0,0,0,4,0,40.0359,-75.0881, , 
60300,686168,2012092226,6,67,67301,2012,9,5,2030,20,3,1,0,0,1, , ,N,0,0,0,3,0,0,1,1,N,N,39 58:07.971,75 07:40.965,2051, ,2045, ,0, ,N, ,0, , , , , , , , , ,1,1,0,0,0,0,0,0,0,0,0,0,0,0,0,0,0,0,0,0,0,0,0,0,0,0,0,0,0,0,0,0,0,0,0,0,0,39.9689,-75.128, , 
60301,686187,2012095577,6,67,67301,2012,8,7,2000,20,3,1,0,8,5, , ,N,0,0,7,3,0,1,2,1,N,N,40 05:27.136,74 57:31.575,2020, ,2011, ,0, ,N, ,0, , , , , , , , , ,1,1,0,0,0,0,0,0,0,0,0,0,1,1,0,0,0,0,0,0,0,0,1,0,0,0,0,0,0,0,0,0,1,0,0,8,0,40.0909,-74.9588, , 
60302,686203,2012117292,6,67,67301,2012,10,4,534,5,3,1,0,1,1, , ,N,0,0,0,3,0,1,3,3,N,N,40 04:39.228,75 01:54.067,610, ,542,1,1,1,N, ,0,N, , , , , , , , ,3,1,0,0,0,0,2,0,0,0,0,1,1,0,0,0,0,0,0,0,0,0,0,0,0,0,0,0,0,0,0,0,0,0,0,4,0,40.0776,-75.0317, , 
60303,688920,2012095525,6,67,67301,2012,8,2,1000,10,1,2,1,4,1, , ,N,1,0,0,3,0,1,3,3,N, ,39 58:49.315,75 10:15.272,1035, ,1027, ,0, , , ,0, , , , , , , , , ,3,1,0,0,0,0,1,1,0,0,0,1,1,0,0,0,0,0,0,0,0,0,0,0,0,0,0,0,0,0,0,0,0,0,0,4,0,39.9804,-75.1709, , 
60304,688921,2012095553,6,67,67301,2012,8,5,1720,17,1,1,0,1,1, , ,N,1,2,0,3,0,1,2,2,N,N,39 57:13.024,75 13:05.347,1734, ,1734, ,0, ,N, ,3, , , , , , , , , ,1,0,0,0,0,0,0,1,1,0,0,0,1,1,0,0,0,0,0,0,0,0,0,1,0,0,0,0,0,0,0,0,0,0,0,8,0,39.9536,-75.2182, , 
60305,688922,2012096027,6,67,67301,2012,8,4,2007,20,3,1,0,4,1, , ,N,2,3,0,3,0,1,2,4,N, ,40 01:21.320,75 07:57.547,2157, ,2154,3,1,3, , ,3,N, , , , , , , , ,4,2,0,0,1,0,0,1,0,0,0,1,1,0,0,0,0,0,0,0,1,0,0,0,0,0,0,0,0,0,0,0,0,0,0,4,0,40.0226,-75.1327, , 
60306,688925,2012049747,6,67,67301,2012,4,7,9999,99,1,1,0,1,1, , ,N,1,2,0,3,0,1,2,2,N,Y,40 02:38.401,75 06:09.537,1145, ,1145, ,0, ,Y, ,3, , , , , , , , , ,2,0,0,0,1,0,1,0,0,0,0,1,1,0,0,0,0,0,0,1,0,0,0,0,0,0,0,0,0,0,0,0,0,0,0,4,0,40.044,-75.1026, , 
60307,688930,2012057516,6,67,67301,2012,5,3,950,9,1,1,0,3,6, , ,N,0,0,0,3,0,1,2,2,N,N,39 53:21.554,75 11:13.614,1001, ,953, ,0, ,N, ,0, , , , , , , , , ,2,2,0,0,0,0,0,0,0,0,0,1,1,0,0,0,0,0,0,1,0,0,0,0,0,0,0,0,0,0,0,0,0,0,0,4,0,39.8893,-75.1871, , 
60308,688933,2012061903,6,67,67301,2012,6,2,647,6,1,1,0,1,1, , ,N,0,0,3,3,0,1,2,2,N,N,39 53:35.110,75 11:48.133,700, ,659, ,0, ,N, ,0, , , , , , , , , ,2,1,0,0,0,0,0,0,0,0,0,1,1,0,1,0,0,0,0,0,1,0,0,0,0,0,0,0,0,0,0,0,0,0,0,4,0,39.8931,-75.1967, , 
60309,688946,2012072768,6,67,67301,2012,5,4,1305,13,1,1,0,1,1, , ,N,0,0,0,3,0,0,2,2,N,N,39 59:59.704,75 11:42.897,1305, ,1305, ,0, ,N, ,0, , , , , , , , , ,2,0,0,0,0,0,2,0,0,0,0,0,0,0,1,0,0,0,0,1,0,0,0,1,0,0,0,0,0,0,0,0,0,0,0,9,0,39.9999,-75.1952, , 
60310,688954,2012078379,6,67,67301,2012,7,1,34,0,3,1,0,4,1, , ,N,0,0,0,3,0,0,4,2,N,N,40 02:33.608,75 05:47.205,38, ,34, ,0, ,N, ,0, , , , , , , , , ,2,1,0,0,0,0,0,1,0,0,0,0,0,0,0,0,0,0,0,0,0,0,0,0,0,0,0,0,0,0,0,0,0,0,0,0,0,40.0427,-75.0964, , 
60311,688960,2012088568,6,67,67301,2012,8,4,826,8,1,1,0,6,1, , ,N,0,0,0,3,0,1,3,2,N, ,40 01:47.701,75 10:32.702,830, ,829, ,0, , , ,0, , , , , , , , , ,2,0,0,0,1,0,1,0,0,0,0,0,1,1,0,0,0,0,0,0,0,0,0,0,0,0,0,0,0,0,0,0,0,0,0,8,0,40.0299,-75.1758, , 
60312,688973,2012041533,6,67,67301,2012,3,2,1001,10,1,1,0,7,5, , ,N,0,0,0,3,0,1,1,2,N,N,40 01:32.444,75 02:22.376,1005, ,1003, ,0, ,N, ,0, , , , , , , , , ,2,2,0,0,0,0,0,0,0,0,0,1,1,0,0,0,0,0,0,0,0,0,1,0,0,0,0,0,0,0,0,0,0,0,0,4,0,40.0257,-75.0395, , 
60313,688974,2012041681,6,67,67301,2012,3,1,1745,17,1,1,0,1,1, , ,N,1,4,0,3,0,1,3,2,N,N,40 03:43.651,75 05:00.415,2105, ,2047, ,0, ,N, ,3, , , , , , , , , ,2,1,0,0,0,0,1,0,0,0,0,1,1,0,0,0,0,0,0,0,0,0,0,0,0,0,0,0,0,0,0,0,0,0,0,4,0,40.0621,-75.0834, , 
60314,688975,2012041717,6,67,67301,2012,3,6,1547,15,1,1,0,4,1, , ,N,1,2,0,3,0,2,3,2,N, ,39 56:20.655,75 11:41.650,1557, ,1550, ,0, , , ,3, , , , , , , , , ,2,1,0,0,0,0,1,0,0,0,2,0,2,0,0,0,0,0,0,0,0,0,0,1,0,0,0,0,0,0,0,0,0,0,0,3,0,39.9391,-75.1949, , 
60315,688982,2012066422,6,67,67301,2012,6,1,1955,19,4,2,1,4,1, , ,N,1,3,0,3,0,1,4,2,N, ,39 58:16.953,75 14:27.625,2001, ,2000, ,0, , , ,3, , , , , , , , , ,2,2,0,0,0,0,0,0,0,0,0,0,1,1,1,0,0,0,0,0,0,0,0,0,0,0,0,0,0,0,0,0,0,0,0,8,0,39.9714,-75.241, , 
60316,688983,2012066662,6,67,67301,2012,5,2,1100,11,1,1,0,8,1, , ,N,1,3,0,3,0,1,2,2,N, ,39 58:38.996,75 09:35.477,1150, ,1120, ,0, , , ,3, , , , , , , , , ,1,1,0,0,0,0,0,0,0,0,0,0,1,1,1,0,0,0,0,0,0,0,0,0,0,0,0,0,0,0,0,0,1,0,0,8,0,39.9775,-75.1599, , 
60317,689006,2012095420,6,67,67301,2012,8,3,1700,17,1,1,0,9,1, , ,N,1,3,0,3,0,0,4,2,N,N,39 55:51.897,75 13:03.751,1713, ,1708,1,2,5,N, ,3,Y, , , , , , , , ,2,1,0,0,0,0,1,0,0,0,0,0,0,0,0,0,0,0,1,0,0,0,0,0,0,0,0,0,0,0,0,0,0,0,0,0,0,39.9311,-75.2176, , 
60318,689008,2012098353,6,67,67301,2012,9,1,1230,12,1,2,1,8,1, , ,N,0,0,0,3,0,1,1,2,N, ,39 58:31.234,75 09:51.800,9999, ,1230, ,0, , , ,0, , , , , , , , , ,1,0,0,0,1,0,0,0,0,0,0,1,1,0,0,0,0,0,0,0,0,0,0,0,0,0,0,0,0,0,0,0,1,0,0,4,0,39.9753,-75.1644, , 
60319,689035,2012063871,6,67,67301,2012,5,4,1218,12,1,1,0,4,1, , ,N,1,3,0,3,0,2,6,2,N, ,40 02:46.472,75 09:57.862,1220, ,1219, ,0, , , ,3, , , , , , , , , ,2,2,0,0,0,0,0,0,0,0,0,2,2,0,0,0,0,0,1,0,0,0,0,0,0,0,0,0,0,0,0,0,0,0,0,4,0,40.0462,-75.1661, , 
60320,689037,2012064674,6,67,67301,2012,5,7,1310,13,1,1,0,8,1, , ,N,0,0,0,3,0,1,2,2,N,N,40 01:07.330,75 08:20.594,1310, ,1300, ,0, , , ,0, , , , , , , , , ,1,1,0,0,0,0,0,0,0,0,0,1,1,0,0,0,0,0,0,0,0,0,0,0,0,0,0,0,0,0,0,0,1,0,0,4,0,40.0187,-75.1391, , 
60321,694528,2012080531,6,67,67301,2012,8,2,1754,17,1,1,0,4,1, , ,N,1,2,0,3,0,0,5,3,N,N,39 59:39.085,75 06:28.154,1754, ,1754,3,2,6,N, ,3,Y, , , , , , , , ,3,2,0,0,0,0,0,1,0,0,0,0,0,0,0,0,0,0,0,0,0,0,0,0,0,0,0,0,0,0,0,0,0,0,0,0,0,39.9942,-75.1078, , 
60322,694563,2012078546,6,67,67301,2012,7,3,1509,15,1,1,0,1,1, , ,N,0,0,7,3,0,1,2,2,N,N,40 05:57.562,75 02:42.330,1513, ,1509, ,0, ,N, ,0, , , , , , , , , ,2,1,0,0,1,0,0,0,0,0,0,1,1,0,0,0,0,0,0,0,0,0,0,0,0,0,0,0,0,0,0,0,0,0,0,4,0,40.0993,-75.0451, , 
60323,694570,2012086371,6,67,67301,2012,8,4,1713,17,1,1,0,1,1, , ,N,0,0,0,3,0,1,3,3,N,N,39 57:43.019,75 08:22.511,1713, ,1713, ,0, ,N, ,0, , , , , , , , , ,3,3,0,0,0,0,0,0,0,0,0,1,1,0,0,0,0,0,0,0,0,1,0,0,0,0,0,0,0,0,0,0,0,0,0,4,0,39.9618,-75.1397, , 
60324,694590,2012109807,6,67,67301,2012,10,7,1205,12,1,1,0,1,1, , ,N,2,2,0,3,0,0,2,2,N,N,40 01:46.046,75 11:10.157,1220, ,1217,2,1,2,N, ,3,N, , , , , , , , ,2,2,0,0,0,0,0,0,0,0,0,0,0,0,0,0,0,0,0,0,2,0,0,0,0,0,0,0,0,0,0,0,0,0,0,0,0,40.0295,-75.1862, , 
60325,694609,2012060675,6,67,67301,2012,5,4,1752,17,1,1,0,1,1, , ,N,0,0,0,3,0,1,3,2,N,N,40 06:50.265,74 59:16.834,1758, ,1753,1,1,1,N, ,0,N, , , , , , , , ,2,1,0,0,0,0,1,0,0,0,0,1,1,0,0,0,0,0,0,0,0,0,0,0,0,0,0,0,0,0,0,0,0,0,0,4,0,40.114,-74.988, , 
60326,694620,2012073471,6,67,67301,2012,6,3,1012,10,1,1,0,1,1, , ,N,0,0,0,3,0,1,5,3,N, ,40 02:29.373,75 01:40.431,1025, ,1020, ,0, , , ,0, , , , , , , , , ,3,1,0,0,0,0,2,0,0,0,0,0,1,1,0,0,0,0,0,0,0,1,0,0,0,0,0,0,0,0,0,0,0,0,0,8,0,40.0415,-75.0279, , 
60327,694643,2012095609,6,67,67301,2012,8,7,1740,17,1,1,0,9,1, , ,N,0,0,0,3,0,0,2,2,N,N,40 02:17.855,75 01:09.667,1745, ,1740, ,0, ,N, ,0, , , , , , , , , ,2,2,0,0,0,0,0,0,0,0,0,0,0,0,0,0,0,0,0,0,1,0,0,0,0,0,0,0,0,0,0,0,0,0,0,0,0,40.0395,-75.017, , 
60328,694652,2012104253,6,67,67301,2012,9,3,600,6,1,2,1,8,1, , ,N,1,2,0,3,0,1,2,2,N, ,40 01:14.041,75 06:58.561,805, ,759, ,0, , , ,3, , , , , , , , , ,1,1,0,0,0,0,0,0,0,0,0,1,1,0,0,0,0,0,0,0,0,0,0,0,0,0,0,0,0,0,0,0,1,0,0,4,0,40.0206,-75.1163, , 
60329,694658,2012056459,6,67,67301,2012,2,6,1800,18,6,1,0,4,1, , ,N,1,2,0,3,0,1,2,2,Y,N,39 55:43.884,75 14:07.770,0, ,0, ,0, ,N, ,3, , , , , , , , , ,2,1,0,1,0,0,0,0,0,0,0,0,1,1,0,0,0,0,0,0,0,0,0,0,0,0,0,0,0,0,0,0,0,0,0,8,1,39.9289,-75.2355, , 
60330,694663,2012068860,6,67,67301,2012,6,3,1430,14,8,2,1,1,1, , ,N,1,2,0,3,0,2,3,3,N,N,39 59:52.107,75 07:26.172,1538, ,1536, ,0, ,N, ,3, , , , , , , , , ,3,1,0,0,2,0,0,0,0,0,0,0,2,2,0,0,0,0,0,0,1,0,0,0,0,0,0,0,0,0,0,0,0,0,0,8,0,39.9978,-75.1239, , 
60331,694673,2012078277,6,67,67301,2012,6,6,500,5,3,2,1,1,3, , ,N,0,0,0,3,0,1,2,3,N, ,40 01:14.663,75 06:48.916,530, ,510,3,1,1, , ,0,Y, , , , , , , , ,3,1,0,0,1,0,1,0,0,0,0,1,1,0,0,0,0,0,0,0,0,0,0,0,0,0,0,0,0,0,0,0,0,0,0,4,0,40.0207,-75.1136, , 
60332,694689,2012098356,6,67,67301,2012,8,5,2157,21,3,1,0,1,1, , ,N,0,0,0,3,0,0,2,2,N,N,40 00:04.224,75 09:58.969,2157, ,2157, ,0, ,N, ,0, , , , , , , , , ,2,1,0,0,1,0,0,0,0,0,0,0,0,0,0,0,0,0,0,0,1,0,0,0,0,0,0,0,0,0,0,0,0,0,0,0,0,40.0012,-75.1664, , 
60333,694697,2012109697,6,67,67301,2012,10,7,1110,11,3,1,0,4,1, , ,N,0,0,0,3,0,1,1,2,N, ,40 00:34.722,75 11:35.697,19, ,1, ,0, , , ,0, , , , , , , , , ,2,2,0,0,0,0,0,0,0,0,0,0,0,0,0,0,0,0,0,0,0,0,0,0,0,0,0,0,0,0,0,0,0,0,0,0,0,40.0096,-75.1932, , 
60334,694698,2012111633,6,67,67301,2012,10,5,9999,99,1,1,0,8,1, , ,N,0,0,0,3,0,1,2,2,N, ,39 57:20.077,75 14:02.634,1830, ,1807, ,0, , , ,0, , , , , , , , , ,1,0,0,0,0,0,0,0,0,0,0,1,1,0,0,0,0,0,0,0,0,0,0,0,0,0,0,0,0,0,0,0,1,0,0,4,0,39.9556,-75.2341, , 
60335,694702,2012114387,6,67,67301,2012,10,2,2000,20,3,2,1,4,1, , ,N,1,2,0,3,0,6,7,2,N,N,39 56:25.916,75 13:08.067,2010, ,2006, ,0, ,N, ,3, , , , , , , , , ,2,2,0,0,0,0,0,0,0,0,0,0,6,6,1,0,0,0,0,0,1,0,0,0,0,0,0,0,0,0,0,0,0,0,0,8,0,39.9405,-75.2189, , 
60336,694707,2012051897,6,67,67301,2012,4,3,800,8,1,1,0,4,1, , ,N,0,0,7,3,0,1,2,2,N,N,39 58:14.245,75 09:07.765,805, ,802, ,0, ,N, ,0, , , , , , , , , ,2,2,0,0,0,0,0,0,0,0,0,1,1,0,1,0,0,0,0,0,1,0,0,0,0,0,0,0,0,0,0,0,0,0,0,4,0,39.9706,-75.1522, , 
60337,694724,2012063894,6,67,67301,2012,5,2,2010,20,4,1,0,8,1, , ,N,2,0,0,3,0,1,2,2,N,N,39 55:40.681,75 13:12.752,2050, ,2046, ,0, ,N, ,0, , , , , , , , , ,1,1,0,0,0,0,0,0,0,0,0,1,1,0,0,0,0,0,0,0,0,0,0,0,0,0,0,0,0,0,0,0,1,0,0,4,0,39.928,-75.2202, , 
60338,694726,2012066551,6,67,67301,2012,6,6,1615,16,1,1,0,8,1, , ,N,0,0,0,3,0,1,2,2,N,N,39 59:06.572,75 09:52.851,1615, ,1615, ,0, ,N, ,0, , , , , , , , , ,1,1,0,0,0,0,0,0,0,0,1,0,1,0,0,0,0,0,0,0,0,0,0,0,0,0,0,0,0,0,0,0,1,0,0,3,0,39.9852,-75.1647, , 
60339,694747,2012086632,6,67,67301,2012,8,5,1644,16,1,1,0,8,1, , ,N,0,0,0,3,0,1,2,2,N,N,40 01:36.430,75 08:50.306,1650, ,1646, ,0, ,N, ,0, , , , , , , , , ,1,1,0,0,0,0,0,0,0,0,0,1,1,0,0,0,0,0,0,0,1,0,0,0,0,0,0,0,0,0,0,0,1,0,0,4,0,40.0268,-75.1473, , 
60340,692223,2012083787,6,67,67301,2012,7,1,1720,17,1,1,0,4,1, , ,N,1,2,0,3,0,2,7,2,N, ,39 58:01.120,75 09:37.224,1726, ,1723, ,0, , , ,3, , , , , , , , , ,2,2,0,0,0,0,0,0,0,0,1,1,2,0,0,0,0,0,0,0,0,0,0,0,0,0,0,0,0,0,0,0,0,0,0,3,0,39.967,-75.1603, , 
60341,692243,2012058157,6,67,67301,2012,5,5,1400,14,1,1,0,1,1, , ,N,0,0,0,3,0,12,13,2,N,N,39 56:12.106,75 08:39.259,1418, ,1406,2,1,1,N, ,0,N, , , , , , , , ,2,0,0,1,0,1,0,0,0,0,0,0,12,12,0,0,0,0,0,0,1,0,0,0,0,0,0,0,0,0,0,0,0,0,0,8,2,39.9366,-75.1443, , 
60342,692253,2012068935,6,67,67301,2012,5,3,1820,18,1,1,1,8,1, , ,N,1,0,0,3,0,1,2,2,N,N,39 59:35.671,75 06:47.599,2015, ,2000, ,0, ,N, ,0, , , , , , , , , ,1,0,0,0,0,0,0,0,0,0,0,1,1,0,0,0,0,0,0,0,0,0,0,0,0,0,0,0,0,0,0,0,1,0,0,4,0,39.9932,-75.1132, , 