objectid_1,objectid,crn,district,county,municipality,crash_year,crash_month,day_of_week,time_of_day,hour_of_day,illumination,weather,road_condition,collision_type,relation_to_road,work_zone_type,work_zone_loc,work_zone_ind,intersect_type,tcd_type,location_type,urban_rural,fatal_count,injury_count,person_count,total_units,sch_bus_ind,sch_zone_ind,latitude,longitude,arrival_tm,cons_zone_spd_lim,dispatch_tm,est_hrs_closed,lane_closed,ln_close_dir,ntfy_hiwy_maint,spec_juris_cd,tcd_func_cd,tfc_detour_ind,workers_pres,wz_close_detour,wz_flagger,wz_law_offcr_ind,wz_ln_closure,wz_moving,wz_other,wz_shlder_mdn,vehicle_count,automobile_count,motorcycle_count,bus_count,small_truck_count,heavy_truck_count,suv_count,van_count,bicycle_count,maj_inj_count,mod_inj_count,min_inj_count,tot_inj_count,unk_inj_deg_count,unk_inj_per_count,driver_count_16yr,driver_count_17yr,driver_count_18yr,driver_count_19yr,driver_count_20yr,driver_count_50_64yr,driver_count_65_74yr,driver_count_75plus,unbelted_occ_count,unb_death_count,unb_maj_inj_count,belted_death_count,belted_maj_inj_count,mcycle_death_count,mcycle_maj_inj_count,bicycle_death_count,bicycle_maj_inj_count,ped_count,ped_death_count,ped_maj_inj_count,max_severity_level,comm_veh_count,dec_lat,dec_long,rdwy_surf_type_cd,county_name
60343,692280,2012098221,6,67,67301,2012,8,3,745,7,1,2,1,4,1, , ,N,1,2,0,3,0,1,3,2,N,N,40 02:01.849,75 07:41.314,745, ,745, ,0, ,N, ,3, , , , , , , , , ,2,2,0,0,0,0,0,0,0,0,0,2,2,0,0,0,0,0,0,0,1,0,0,0,0,0,0,0,0,0,0,0,0,0,0,4,0,40.0338,-75.1281, , 
60344,692300,2012069333,6,67,67301,2012,6,5,732,7,1,1,0,1,1, , ,N,2,0,0,3,0,2,11,2,Y, ,40 01:23.939,75 09:49.962,737, ,735, ,0, , , ,0, , , , , , , , , ,2,0,0,2,0,0,0,0,0,0,0,1,2,1,0,0,0,0,0,0,0,1,0,0,0,0,0,0,0,0,0,0,0,0,0,4,2,40.0233,-75.1639, , 
60345,692307,2012077904,6,67,67301,2012,7,3,1555,15,1,1,0,0,1, , ,N,0,0,0,3,0,1,2,2,N,N,40 01:13.751,75 02:34.338,1607, ,1555, ,0, ,N, ,0, , , , , , , , , ,2,0,1,0,0,1,0,0,0,0,0,1,1,0,0,0,0,0,0,0,0,1,0,0,0,0,0,0,0,0,0,0,0,0,0,4,1,40.0204,-75.043, , 
60346,692308,2012078290,6,67,67301,2012,7,7,1,0,3,1,0,1,1, , ,N,0,0,0,3,0,1,2,2,N, ,39 59:42.706,75 08:21.783,2, ,1, ,0, , , ,0, , , , , , , , , ,1,0,0,0,0,0,0,0,1,0,1,0,1,0,1,0,0,0,0,0,0,0,0,0,0,0,0,0,0,0,0,0,0,0,0,3,0,39.9952,-75.1394, , 
60347,692321,2012093113,6,67,67301,2012,9,6,2220,22,3,1,0,1,1,2,8,Y,0,0,0,3,0,1,7,2,N,N,39 59:43.372,75 11:51.318,2244,45,2236, ,0, ,N, ,0, ,Y,N,N,Y,Y,Y,N,N,2,1,0,0,1,0,0,0,0,0,0,1,1,0,0,0,0,0,0,0,1,0,0,1,0,0,0,0,0,0,0,0,0,0,0,4,0,39.9954,-75.1976, , 
60348,692325,2012095538,6,67,67301,2012,8,6,1405,14,1,1,0,2,1, , ,N,0,0,0,3,0,2,2,2,N,N,40 00:14.897,75 10:21.419,1417, ,1406,1,1,4,N, ,0,Y, , , , , , , , ,2,2,0,0,0,0,0,0,0,0,0,2,2,0,0,0,0,0,0,0,0,0,0,0,0,0,0,0,0,0,0,0,0,0,0,4,0,40.0041,-75.1726, , 
60349,692337,2012110947,6,67,67301,2012,11,1,1831,18,3,1,0,1,1, , ,N,0,0,0,3,0,3,3,2,N,N,39 58:35.876,75 06:49.885,1859, ,1849, ,0, ,N, ,0, , , , , , , , , ,2,1,0,0,0,0,0,1,0,0,0,0,3,3,0,0,0,0,0,0,0,1,0,0,0,0,0,0,0,0,0,0,0,0,0,8,0,39.9766,-75.114, , 
60350,692353,2012071298,6,67,67301,2012,7,3,454,4,3,1,0,1,1, , ,N,0,0,0,3,0,0,2,2,N,N,39 57:43.343,75 08:22.329,508, ,458, ,0, ,N, ,0, , , , , , , , , ,2,1,0,0,0,0,0,0,0,0,0,0,0,0,1,0,0,0,0,0,0,0,0,0,0,0,0,0,0,0,0,0,0,0,0,9,0,39.9619,-75.1396, , 
60351,692360,2012080762,6,67,67301,2012,7,2,1720,17,1,1,0,5,1, , ,N,1,2,0,3,0,1,2,2,N, ,39 57:06.275,75 09:29.915,9999, ,1731, ,0, , , ,3, , , , , , , , , ,2,0,0,1,0,0,0,0,0,0,0,1,1,0,0,0,0,0,0,0,1,0,0,0,0,0,0,0,0,0,0,0,0,0,0,4,1,39.9517,-75.1582, , 
60352,692367,2012083188,6,67,67301,2012,7,6,2205,22,3,1,0,4,1, , ,N,0,0,0,3,0,1,1,2,N,N,40 01:16.683,75 08:50.643,2307, ,2259, ,0, ,N, ,0, , , , , , , , , ,1,0,0,0,0,0,1,0,0,0,0,1,1,0,0,0,0,0,0,0,0,0,0,0,0,0,0,0,0,0,0,0,1,0,0,4,0,40.0213,-75.1474, , 
60353,692368,2012083264,6,67,67301,2012,7,1,2235,22,3,1,0,4,1, , ,N,1,3,0,3,0,6,11,2,N,N,39 58:43.712,75 12:36.352,2300, ,2235, ,0, ,N, ,3, , , , , , , , , ,2,1,0,0,0,0,0,1,0,0,0,0,6,6,3,0,0,0,1,0,0,0,0,0,0,0,0,0,0,0,0,0,0,0,0,8,0,39.9788,-75.2101, , 
60354,692376,2012094716,6,67,67301,2012,9,7,258,2,3,1,0,7,3, , ,N,0,0,0,3,0,2,2,1,N,N,39 57:35.530,75 10:43.534,303, ,300,1,2,3,N, ,0,Y, , , , , , , , ,1,1,0,0,0,0,0,0,0,0,0,1,2,1,0,0,0,0,0,0,0,0,0,2,0,0,0,0,0,0,0,0,0,0,0,4,0,39.9599,-75.1788, , 
60355,692386,2012104458,6,67,67301,2012,10,4,623,6,1,1,0,4,1, , ,N,0,0,0,3,0,1,3,3,N,N,39 57:59.021,75 08:09.061,700, ,625,1,1,2,N, ,0,N, , , , , , , , ,3,2,0,0,0,1,0,0,0,0,0,0,1,1,0,0,0,0,0,0,2,0,0,0,0,0,0,0,0,0,0,0,0,0,0,8,1,39.9664,-75.1358, , 
60356,692389,2012080779,6,67,67301,2012,7,4,1555,15,1,1,0,4,1, , ,N,1,2,0,3,0,0,2,2,N,N,39 54:42.724,75 10:21.917,1600, ,1600, ,0, ,N, ,3, , , , , , , , , ,2,2,0,0,0,0,0,0,0,0,0,0,0,0,2,0,0,0,0,0,0,1,0,0,0,0,0,0,0,0,0,0,0,0,0,9,0,39.9119,-75.1728, , 
60357,692392,2012083255,6,67,67301,2012,7,1,1709,17,1,1,0,2,1, , ,N,1,0,0,3,0,7,7,2,N,N,40 00:04.157,75 05:49.913,1711, ,1709, ,0, ,N, ,0, , , , , , , , , ,2,2,0,0,0,0,0,0,0,0,0,7,7,0,0,0,0,0,0,0,1,0,0,0,0,0,0,0,0,0,0,0,0,0,0,4,0,40.0012,-75.0972, , 
60358,686208,2012120112,6,67,67301,2012,10,4,1907,19,1,1,0,1,1, , ,N,0,0,0,3,0,0,3,3,N,N,40 02:28.445,75 06:42.418,1925, ,1920,2,2,3, , ,0,Y, , , , , , , , ,3,2,0,0,1,0,0,0,0,0,0,0,0,0,1,0,0,0,0,0,0,0,0,0,0,0,0,0,0,0,0,0,0,0,0,9,0,40.0412,-75.1118, , 
60359,686209,2012120140,6,67,67301,2012,10,4,1429,14,1,1,0,4,1, , ,N,1,2,0,3,0,1,2,2,N,N,40 07:45.170,75 01:29.764,1434, ,1431,2,1,7,N, ,3,Y, , , , , , , , ,2,1,0,0,0,0,1,0,0,0,0,0,1,1,0,0,0,0,0,0,1,0,0,0,0,0,0,0,0,0,0,0,0,0,0,8,0,40.129,-75.0252, , 
60360,686210,2012120152,6,67,67301,2012,10,4,530,5,3,2,1,4,1, , ,N,3,2,0,3,0,1,2,2,N,N,39 56:53.533,75 13:15.329,538, ,532,1,1,6,N, ,3,N, , , , , , , , ,2,1,0,0,0,0,0,1,0,0,0,1,1,0,0,0,0,0,0,1,0,0,0,0,0,0,0,0,0,0,0,0,0,0,0,4,0,39.9482,-75.2209, , 
60361,686227,2012079370,6,67,67301,2012,8,2,19,0,3,2,1,7,2, , ,N,0,0,0,3,0,0,1,1,N,N,40 02:14.288,75 00:45.356,32, ,20, ,0, ,N, ,0, , , , , , , , , ,1,1,0,0,0,0,0,0,0,0,0,0,0,0,0,0,0,0,0,0,1,0,0,0,0,0,0,0,0,0,0,0,0,0,0,0,0,40.0373,-75.0127, , 
60362,686245,2012060652,6,67,67301,2012,5,1,1720,17,1,1,0,1,1, , ,N,1,2,0,3,0,1,3,2,N,N,40 03:16.724,75 07:29.999,1735, ,1735, ,0, ,N, ,3, , , , , , , , , ,2,0,0,0,0,0,2,0,0,0,0,0,1,1,0,0,0,0,0,0,1,0,0,0,0,0,0,0,0,0,0,0,0,0,0,8,0,40.0546,-75.125, , 
60363,686246,2012062318,6,67,67301,2012,5,5,813,8,1,1,0,4,1, , ,N,1,3,0,3,0,1,3,2,N,N,39 56:27.718,75 13:46.351,851, ,846, ,0, ,N, ,3, , , , , , , , , ,2,0,0,0,0,0,2,0,0,0,1,0,1,0,0,0,0,0,0,0,0,0,0,0,0,0,0,0,0,0,0,0,0,0,0,3,0,39.941,-75.2295, , 
60364,686274,2012074390,6,67,67301,2012,6,1,1441,14,1,1,0,4,7, , ,N,2,2,2,3,0,1,7,2,N,N,39 53:56.856,75 10:29.425,1500, ,1458, ,0, ,N, ,3, , , , , , , , , ,2,1,0,0,0,0,0,1,0,0,0,1,1,0,5,0,0,0,0,0,0,0,0,0,0,0,0,0,0,0,0,0,0,0,0,4,0,39.899,-75.1749, , 
60365,686280,2012068687,6,67,67301,2012,5,5,1,0,3,1,0,5,1, , ,N,0,0,0,3,0,0,1,3,N,N,39 55:37.237,75 09:05.493,29, ,19,3,2,3,N, ,0,Y, , , , , , , , ,3,1,0,0,0,0,2,0,0,0,0,0,0,0,0,0,0,0,0,0,0,0,0,0,0,0,0,0,0,0,0,0,0,0,0,0,0,39.927,-75.1515, , 
60366,686284,2012073574,6,67,67301,2012,6,6,1845,18,1,2,1,1,2, , ,N,1,2,0,3,0,1,4,4,N, ,40 02:04.999,75 07:51.139,2301, ,2301, ,0, , , ,3, , , , , , , , , ,4,3,0,0,0,0,0,0,0,0,0,1,1,0,0,0,0,0,0,0,0,0,0,0,0,0,0,0,0,0,0,0,0,0,0,4,0,40.0347,-75.1309, , 
60367,686287,2012075253,6,67,67301,2012,7,7,2053,20,3,1,0,7,3, , ,N,0,0,0,3,0,1,1,1,N,N,39 57:52.966,75 08:15.002,2053, ,2053, ,0, ,N, ,0, , , , , , , , , ,1,1,0,0,0,0,0,0,0,0,0,1,1,0,0,0,0,0,1,0,0,0,0,1,0,0,0,0,0,0,0,0,0,0,0,4,0,39.9646,-75.1376, , 
60368,686331,2012071427,6,67,67301,2012,7,4,922,9,1,1,0,1,1, , ,N,0,0,0,3,0,0,2,2,N,N,40 00:58.829,75 03:04.822,929, ,925, ,0, ,N, ,0, , , , , , , , , ,2,1,0,0,0,0,1,0,0,0,0,0,0,0,0,0,0,0,0,0,0,1,0,0,0,0,0,0,0,0,0,0,0,0,0,0,0,40.0163,-75.0515, , 
60369,686338,2012078622,6,67,67301,2012,7,2,55,0,3,2,1,4,1, , ,N,10,0,0,3,0,1,3,2,N,N,40 03:10.350,75 10:30.712,115, ,57,1,2,7,N, ,0,Y, , , , , , , , ,2,2,0,0,0,0,0,0,0,0,0,1,1,0,0,0,0,0,1,0,0,0,0,0,0,0,0,0,0,0,0,0,0,0,0,4,0,40.0529,-75.1752, , 
60370,686353,2012095610,6,67,67301,2012,8,6,1656,16,1,1,0,4,1, , ,N,1,3,0,3,0,1,2,2,N,N,40 01:45.825,75 08:13.473,1658, ,1656, ,0, ,N, ,3, , , , , , , , , ,2,1,1,0,0,0,0,0,0,0,1,0,1,0,0,0,0,1,0,0,0,0,0,0,0,0,0,0,0,0,0,0,0,0,0,3,0,40.0294,-75.1371, , 
60371,686354,2012096005,6,67,67301,2012,8,1,1540,15,1,1,0,3,6, , ,N,0,0,0,3,0,1,2,1,N,N,39 57:15.386,75 10:35.854,1610, ,1605, ,0, ,N, ,0, , , , , , , , , ,1,1,0,0,0,0,0,0,0,0,0,1,1,0,0,0,0,0,0,0,0,1,0,0,0,0,0,0,0,0,0,0,1,0,0,4,0,39.9543,-75.1766, , 
60372,686361,2012104109,6,67,67301,2012,9,5,731,7,1,2,1,8,1, , ,N,0,0,0,3,0,1,2,2,N,N,40 01:04.738,75 04:27.850,735, ,732, ,0, ,N, ,0, , , , , , , , , ,1,1,0,0,0,0,0,0,0,0,0,0,1,1,0,0,0,0,0,0,0,0,0,0,0,0,0,0,0,0,0,0,1,0,0,8,0,40.018,-75.0744, , 
60373,686362,2012104206,6,67,67301,2012,9,4,1500,15,1,1,0,5,1, , ,N,1,2,0,3,0,1,2,2,N,N,39 55:47.159,75 08:39.047,1555, ,1651, ,0, ,N, ,3, , , , , , , , , ,1,0,0,0,0,0,0,1,1,0,0,1,1,0,1,0,0,0,0,0,0,0,0,0,0,0,0,0,0,0,0,0,0,0,0,4,0,39.9298,-75.1442, , 
60374,686367,2012057512,6,67,67301,2012,5,5,1700,17,1,1,0,4,1, , ,N,0,0,0,3,0,0,2,2,N,N,39 57:04.776,75 11:59.045,1703, ,1702, ,0, ,N, ,0, , , , , , , , , ,2,1,0,0,0,0,1,0,0,0,0,0,0,0,0,0,0,0,0,0,0,0,0,0,0,0,0,0,0,0,0,0,0,0,0,0,0,39.9513,-75.1997, , 
60375,686371,2012060797,6,67,67301,2012,5,6,2200,22,2,1,0,4,1, , ,N,0,0,0,3,0,2,5,2,N,N,39 56:46.358,75 09:53.997,2216, ,2206, ,0, , , ,0, , , , , , , , , ,2,2,0,0,0,0,0,0,0,0,0,0,2,2,0,0,1,0,0,0,0,0,0,0,0,0,0,0,0,0,0,0,0,0,0,8,0,39.9462,-75.165, , 
60376,686377,2012068874,6,67,67301,2012,6,7,1448,14,1,1,0,4,1, , ,N,0,0,0,3,0,1,2,2,N,N,40 04:28.201,74 59:05.922,1510, ,1506, ,0, ,N, ,0, , , , , , , , , ,2,2,0,0,0,0,0,0,0,0,0,0,1,1,0,0,0,0,1,0,0,0,0,0,0,0,0,0,0,0,0,0,0,0,0,8,0,40.0745,-74.985, , 
60377,689044,2012071424,6,67,67301,2012,5,1,250,2,3,1,0,1,1, , ,N,0,0,0,3,0,1,3,2,N,N,40 00:23.285,75 11:51.190,254, ,252,1,1,4,N, ,0,N, , , , , , , , ,2,2,0,0,0,0,0,0,0,0,0,1,1,0,0,0,0,0,0,0,0,0,0,0,0,0,0,0,0,0,0,0,0,0,0,4,0,40.0065,-75.1976, , 
60378,689070,2012056542,6,67,67301,2012,5,3,9999,99,4,1,0,8,6, , ,N,0,0,0,3,0,1,3,2,N, ,39 59:29.821,75 08:53.714,1710, ,1700, ,0, , , ,0, , , , , , , , , ,1,0,0,0,1,0,0,0,0,0,0,0,1,1,1,0,0,0,0,0,0,0,0,1,0,0,0,0,0,0,0,0,1,0,0,8,0,39.9916,-75.1483, , 
60379,689071,2012056644,6,67,67301,2012,4,6,835,8,1,1,1,4,1, , ,N,1,2,0,3,0,2,2,2,N,N,39 59:06.403,75 14:50.558,842, ,837,3,1,4,N, ,3,N, , , , , , , , ,2,2,0,0,0,0,0,0,0,0,0,2,2,0,0,0,0,0,0,0,0,0,0,0,0,0,0,0,0,0,0,0,0,0,0,4,0,39.9851,-75.2474, , 
60380,689076,2012060638,6,67,67301,2012,5,3,310,3,3,2,1,7,4, , ,N,0,0,0,3,0,0,1,1,N,N,40 03:16.128,75 13:54.843,320, ,315, ,0, ,N, ,0, , , , , , , , , ,1,1,0,0,0,0,0,0,0,0,0,0,0,0,0,0,0,0,0,0,0,0,0,0,0,0,0,0,0,0,0,0,0,0,0,0,0,40.0545,-75.2319, , 
60381,689079,2012060795,6,67,67301,2012,5,6,1034,10,1,1,0,2,1, , ,N,5,2,0,3,0,0,2,2,N,N,40 03:22.935,75 09:09.367,1044, ,1034, ,0, ,N, ,9, , , , , , , , , ,2,2,0,0,0,0,0,0,0,0,0,0,0,0,0,0,0,0,0,0,0,0,0,1,0,0,0,0,0,0,0,0,0,0,0,0,0,40.0564,-75.1526, , 
60382,689085,2012066546,6,67,67301,2012,5,7,9999,99,3,1,0,4,2, , ,N,0,0,0,3,0,1,1,2,N,N,40 01:32.217,75 09:52.861,9999, ,9999, ,0, ,N, ,0, , , , , , , , , ,2,2,0,0,0,0,0,0,0,0,0,0,1,1,0,0,0,0,0,0,0,0,0,0,0,0,0,0,0,0,0,0,0,0,0,8,0,40.0256,-75.1647, , 
60383,689093,2012078191,6,67,67301,2012,7,2,948,9,1,1,0,7,5, , ,N,0,0,0,3,0,1,1,2,N, ,40 03:57.228,75 01:33.070,1000, ,952, ,0, , , ,0, , , , , , , , , ,1,1,0,0,0,0,0,0,0,0,0,0,1,1,0,0,0,0,0,0,0,1,0,0,0,0,0,0,0,0,0,0,0,0,0,8,0,40.0659,-75.0259, , 
60384,689094,2012078246,6,67,67301,2012,7,3,2040,20,3,1,0,1,1, , ,N,1,2,0,3,0,1,4,2,N,N,40 02:35.830,75 03:08.014,2330, ,2314, ,0, ,N, ,3, , , , , , , , , ,2,2,0,0,0,0,0,0,0,0,0,1,1,0,0,0,0,0,0,0,0,0,0,0,0,0,0,0,0,0,0,0,0,0,0,4,0,40.0432,-75.0523, , 
60385,689101,2012083681,6,67,67301,2012,5,3,620,6,5,2,1,1,1, , ,N,1,2,0,3,0,1,2,2,N,N,39 54:20.727,75 11:38.377,0, ,0, ,0, ,N, ,3, , , , , , , , , ,2,1,0,0,1,0,0,0,0,0,0,1,1,0,1,0,0,0,0,0,0,0,0,0,0,0,0,0,0,0,0,0,0,0,0,4,0,39.9057,-75.1938, , 
60386,689104,2012085737,6,67,67301,2012,8,6,1530,15,1,1,0,8,1, , ,N,0,0,0,3,0,1,1,2,N,N,39 59:23.143,75 07:03.707,1618, ,1615, ,0, ,N, ,0, , , , , , , , , ,1,1,0,0,0,0,0,0,0,0,0,1,1,0,0,0,0,0,0,0,0,0,0,0,0,0,0,0,0,0,0,0,1,0,0,4,0,39.9898,-75.1177, , 
60387,689127,2012068918,6,67,67301,2012,5,5,9999,99,1,1,0,1,1, , ,N,0,0,0,3,0,0,1,3,N, ,40 01:29.571,75 05:38.054,730, ,720, ,0, , , ,0, , , , , , , , , ,3,2,0,0,0,0,1,0,0,0,0,0,0,0,1,0,0,0,0,0,0,0,0,0,0,0,0,0,0,0,0,0,0,0,0,9,0,40.0249,-75.0939, , 
60388,689134,2012082148,6,67,67301,2012,8,4,1755,17,1,2,1,1,1, , ,N,0,0,0,3,0,1,4,3,N,N,39 57:50.953,75 11:04.952,1756, ,1756,2,2,3,N, ,0,N, , , , , , , , ,3,1,0,0,0,1,1,0,0,0,0,0,1,1,0,0,0,0,0,0,1,1,0,0,0,0,0,0,0,0,0,0,0,0,0,8,1,39.9642,-75.1847, , 
60389,689135,2012083163,6,67,67301,2012,7,6,320,3,3,1,0,4,1, , ,N,1,2,0,3,0,0,3,2,N,N,39 59:18.500,75 06:22.881,341, ,340, ,0, ,N, ,3, , , , , , , , , ,2,2,0,0,0,0,0,0,0,0,0,0,0,0,0,0,0,0,1,0,0,0,0,0,0,0,0,0,0,0,0,0,0,0,0,0,0,39.9885,-75.1064, , 
60390,689146,2012095587,6,67,67301,2012,8,4,2236,22,3,1,0,8,1, , ,N,1,2,0,3,0,1,2,2,N,N,40 01:34.998,75 07:01.744,2243, ,2238, ,0, ,N, ,3, , , , , , , , , ,1,1,0,0,0,0,0,0,0,0,0,0,1,1,0,0,0,0,0,0,1,0,0,0,0,0,0,0,0,0,0,0,1,0,0,8,0,40.0264,-75.1172, , 
60391,689149,2012099360,6,67,67301,2012,9,1,1730,17,1,1,0,4,1, , ,N,1,2,0,3,0,0,2,2,N, ,40 00:30.736,75 12:38.579,1735, ,1734, ,0, , , ,3, , , , , , , , , ,2,2,0,0,0,0,0,0,0,0,0,0,0,0,0,0,0,0,0,0,1,0,0,0,0,0,0,0,0,0,0,0,0,0,0,0,0,40.0085,-75.2107, , 
60392,689156,2012110052,6,67,67301,2012,10,4,552,5,3,2,1,7,4, , ,N,0,0,0,3,0,1,1,1,N,N,39 54:45.082,75 08:54.403,618, ,607,1,2,1,N, ,0,N, , , , , , , , ,1,1,0,0,0,0,0,0,0,0,0,0,1,1,0,0,0,0,0,0,0,0,0,0,0,0,0,0,0,0,0,0,0,0,0,8,0,39.9124,-75.1485, , 
60393,689168,2012060759,6,67,67301,2012,5,1,2109,21,3,1,0,7,4, , ,N,0,0,0,3,0,0,1,1,N,N,39 59:01.185,75 07:31.583,2130, ,2119, ,0, ,N, ,0, , , , , , , , , ,1,1,0,0,0,0,0,0,0,0,0,0,0,0,0,0,0,0,0,0,0,0,0,0,0,0,0,0,0,0,0,0,0,0,0,0,0,39.9837,-75.1254, , 
60394,689178,2012063979,6,67,67301,2012,5,2,924,9,1,1,0,1,1, , ,N,0,0,0,3,0,0,2,2,N,N,40 07:57.823,75 00:40.514,935, ,930,3,2,2,N, ,0,N, , , , , , , , ,2,1,0,0,0,0,0,1,0,0,0,0,0,0,0,0,0,0,0,0,0,0,0,0,0,0,0,0,0,0,0,0,0,0,0,0,0,40.1327,-75.0113, , 
60395,689180,2012064688,6,67,67301,2012,5,4,1745,17,1,1,0,4,1, , ,N,0,0,0,3,0,1,2,2,N,N,39 59:51.254,75 05:58.984,1430, ,1430, ,0, , , ,0, , , , , , , , , ,1,1,0,0,0,0,0,0,1,0,0,1,1,0,0,0,0,0,0,0,0,0,0,0,0,0,0,0,0,0,0,0,0,0,0,4,0,39.9976,-75.0997, , 
60396,694762,2012060724,6,67,67301,2012,5,3,1753,17,1,1,0,4,1, , ,N,2,2,0,3,0,1,2,2,N, ,40 03:26.737,75 00:52.031,1810, ,1802, ,0, , , ,3, , , , , , , , , ,2,1,0,0,1,0,0,0,0,0,0,0,1,1,0,0,0,0,0,0,0,0,0,0,0,0,0,0,0,0,0,0,0,0,0,8,0,40.0574,-75.0145, , 
60397,694763,2012060833,6,67,67301,2012,5,4,845,8,1,2,1,4,1, , ,N,1,3,0,3,0,1,3,2,N,N,40 00:32.335,75 08:11.486,849, ,845,2,1,1,N, ,3,Y, , , , , , , , ,2,2,0,0,0,0,0,0,0,1,0,0,1,0,0,0,0,0,0,0,0,0,0,0,0,0,0,1,0,0,0,0,0,0,0,2,0,40.009,-75.1365, , 
60398,694777,2012083421,6,67,67301,2012,8,2,738,7,1,1,1,4,1, , ,N,0,0,0,3,0,0,1,1,N,N,40 01:39.129,75 11:31.052,742, ,738,1,2,1,N, ,0,N, , , , , , , , ,1,1,0,0,0,0,0,0,0,0,0,0,0,0,0,0,0,0,0,0,1,0,0,0,0,0,0,0,0,0,0,0,0,0,0,0,0,40.0275,-75.192, , 
60399,694779,2012083806,6,67,67301,2012,7,7,1317,13,1,1,0,4,1, , ,N,0,0,7,3,0,0,2,2,N, ,40 01:52.177,75 10:40.384,1526, ,1505, ,0, , , ,0, , , , , , , , , ,2,1,0,0,1,0,0,0,0,0,0,0,0,0,0,0,0,0,0,0,0,0,0,0,0,0,0,0,0,0,0,0,0,0,0,0,0,40.0312,-75.1779, , 
60400,694786,2012085843,6,67,67301,2012,8,2,2345,23,3,1,0,0,1, , ,N,0,0,0,3,0,1,1,1,N,N,40 00:18.220,75 11:26.841,2352, ,2348,1,1,2,N, ,0,N, , , , , , , , ,1,0,1,0,0,0,0,0,0,0,1,0,1,0,0,0,0,1,0,0,0,0,0,0,0,0,0,0,0,0,0,0,0,0,0,3,0,40.0051,-75.1908, , 
60401,694787,2012085873,6,67,67301,2012,8,6,1643,16,1,1,0,1,2, , ,N,2,0,0,3,0,2,3,2,N,N,40 05:41.818,74 58:41.600,1645, ,1144, ,0, ,N, ,0, , , , , , , , , ,2,2,0,0,0,0,0,0,0,0,0,2,2,0,0,0,0,0,0,0,0,0,0,0,0,0,0,0,0,0,0,0,0,0,0,4,0,40.0949,-74.9782, , 
60402,694795,2012095479,6,67,67301,2012,8,3,1812,18,1,1,0,4,1, , ,N,0,0,7,3,0,1,2,2,N, ,40 00:28.842,75 07:38.098,1830, ,1812, ,0, , , ,0, , , , , , , , , ,2,2,0,0,0,0,0,0,0,0,0,1,1,0,0,0,0,0,0,0,0,0,0,2,0,0,0,0,0,0,0,0,0,0,0,4,0,40.008,-75.1272, , 
60403,694796,2012096415,6,67,67301,2012,9,1,9999,99,1,2,1,4,1, , ,N,1,3,0,3,0,1,1,2,N,N,39 56:43.242,75 10:29.722,9999, ,1748, ,0, ,N, ,3, , , , , , , , , ,1,1,0,0,0,0,0,0,1,0,0,1,1,0,0,0,0,0,0,0,0,0,0,0,0,0,0,0,0,0,0,0,0,0,0,4,0,39.9453,-75.1749, , 
60404,694804,2012068930,6,67,67301,2012,6,3,2314,23,3,2,1,9,1, , ,N,0,0,0,3,0,0,1,1,N,N,40 06:31.586,75 00:05.558,2314, ,2314,3,1,3, , ,0,Y, , , , , , , , ,1,0,0,0,0,0,0,1,0,0,0,0,0,0,1,0,0,0,0,0,0,0,0,0,0,0,0,0,0,0,0,0,0,0,0,9,0,40.1088,-75.0015, , 
60405,694812,2012063987,6,67,67301,2012,5,7,138,1,3,1,0,7,2, , ,N,0,0,0,3,0,2,2,1,N,N,40 06:09.921,75 03:02.163,143, ,140, ,0, ,N, ,0, , , , , , , , , ,1,1,0,0,0,0,0,0,0,0,0,2,2,0,0,0,0,0,0,0,0,0,0,1,0,0,0,0,0,0,0,0,0,0,0,4,0,40.1028,-75.0506, , 
60406,694821,2012078270,6,67,67301,2012,6,5,735,7,1,1,0,4,1, , ,N,1,3,0,3,0,1,4,2,N,N,40 01:12.005,75 09:07.946,750, ,743,1,1,3,N, ,3,N, , , , , , , , ,2,2,0,0,0,0,0,0,0,0,0,0,1,1,2,0,0,0,0,0,0,0,0,0,0,0,0,0,0,0,0,0,0,0,0,8,0,40.02,-75.1522, , 
60407,694822,2012078289,6,67,67301,2012,7,2,845,8,1,1,0,8,1, , ,N,1,0,0,3,0,1,2,2,N,N,39 59:57.710,75 06:53.715,905, ,900, ,0, , , ,0, , , , , , , , , ,1,0,0,0,1,0,0,0,0,0,0,1,1,0,0,0,0,0,0,0,0,0,0,0,0,0,0,0,0,0,0,0,1,0,0,4,0,39.9994,-75.1149, , 
60408,694835,2012098340,6,67,67301,2012,9,2,1800,18,1,1,0,1,1, , ,N,0,0,0,3,0,0,2,2,N, ,40 06:45.928,74 59:13.160,1850, ,1836, ,0, , , ,0, , , , , , , , , ,2,2,0,0,0,0,0,0,0,0,0,0,0,0,0,0,0,0,0,0,1,0,0,0,0,0,0,0,0,0,0,0,0,0,0,0,0,40.1128,-74.987, , 
60409,694836,2012098457,6,67,67301,2012,9,2,9999,99,8,2,0,9,9, , ,N,0,0,0,3,0,0,0,2,N,N,40 01:38.097,75 07:20.742,1020, ,1020, ,0, ,N, ,0, , , , , , , , , ,1,1,0,0,0,0,0,0,0,0,0,0,0,0,0,0,0,0,0,0,0,0,0,0,0,0,0,0,0,0,0,0,0,0,0,9,0,40.0272,-75.1224, , 