objectid_1,objectid,crn,district,county,municipality,crash_year,crash_month,day_of_week,time_of_day,hour_of_day,illumination,weather,road_condition,collision_type,relation_to_road,work_zone_type,work_zone_loc,work_zone_ind,intersect_type,tcd_type,location_type,urban_rural,fatal_count,injury_count,person_count,total_units,sch_bus_ind,sch_zone_ind,latitude,longitude,arrival_tm,cons_zone_spd_lim,dispatch_tm,est_hrs_closed,lane_closed,ln_close_dir,ntfy_hiwy_maint,spec_juris_cd,tcd_func_cd,tfc_detour_ind,workers_pres,wz_close_detour,wz_flagger,wz_law_offcr_ind,wz_ln_closure,wz_moving,wz_other,wz_shlder_mdn,vehicle_count,automobile_count,motorcycle_count,bus_count,small_truck_count,heavy_truck_count,suv_count,van_count,bicycle_count,maj_inj_count,mod_inj_count,min_inj_count,tot_inj_count,unk_inj_deg_count,unk_inj_per_count,driver_count_16yr,driver_count_17yr,driver_count_18yr,driver_count_19yr,driver_count_20yr,driver_count_50_64yr,driver_count_65_74yr,driver_count_75plus,unbelted_occ_count,unb_death_count,unb_maj_inj_count,belted_death_count,belted_maj_inj_count,mcycle_death_count,mcycle_maj_inj_count,bicycle_death_count,bicycle_maj_inj_count,ped_count,ped_death_count,ped_maj_inj_count,max_severity_level,comm_veh_count,dec_lat,dec_long,rdwy_surf_type_cd,county_name
60545,695151,2012080756,6,67,67301,2012,7,2,2012,20,1,1,0,8,1, , ,N,0,0,0,3,0,1,2,2,N,N,39 56:57.217,75 14:31.182,2016, ,2014, ,0, ,N, ,0, , , , , , , , , ,1,0,0,0,0,0,0,1,0,0,0,1,1,0,0,0,0,0,0,0,0,0,0,0,0,0,0,0,0,0,0,0,1,0,0,4,0,39.9492,-75.242, , 
60546,695173,2012104203,6,67,67301,2012,9,6,500,5,4,1,0,1,1, , ,N,1,2,0,3,0,1,1,2,N, ,39 56:24.070,75 09:58.832,531, ,525, ,0, , , ,3, , , , , , , , , ,2,2,0,0,0,0,0,0,0,0,0,1,1,0,0,0,0,0,0,0,0,0,0,0,0,0,0,0,0,0,0,0,0,0,0,4,0,39.94,-75.1662, , 
60547,695174,2012104617,6,67,67301,2012,9,7,2200,22,3,1,0,8,1, , ,N,0,0,0,3,0,1,2,2,N,N,40 02:09.747,75 02:32.486,2205, ,2200,1,1,2,N, ,0,N, , , , , , , , ,1,1,0,0,0,0,0,0,0,0,1,0,1,0,0,0,0,0,0,0,0,0,0,0,0,0,0,0,0,0,0,0,1,0,0,3,0,40.036,-75.0424, , 
60548,695206,2012098193,6,67,67301,2012,9,2,1532,15,1,1,0,4,1, , ,N,0,0,0,3,0,0,3,2,N,N,39 55:27.872,75 09:37.328,1542, ,1535, ,0, , , ,0, , , , , , , , , ,2,1,0,0,0,1,0,0,0,0,0,0,0,0,0,0,0,0,0,0,0,0,0,0,0,0,0,0,0,0,0,0,0,0,0,0,0,39.9244,-75.1604, , 
60549,695207,2012099346,6,67,67301,2012,9,2,130,1,1,1,0,7,2, , ,N,0,0,0,3,0,0,1,1,N,N,39 59:03.126,75 12:11.685,140, ,133, ,0, ,N, ,0, , , , , , , , , ,1,1,0,0,0,0,0,0,0,0,0,0,0,0,0,0,0,0,0,0,0,1,0,0,0,0,0,0,0,0,0,0,0,0,0,0,0,39.9842,-75.2032, , 
60550,695227,2012114866,6,67,67301,2012,10,5,18,0,3,1,0,4,1, , ,N,1,2,0,3,0,0,2,2,N,N,40 02:11.789,75 03:52.061,21, ,18,9,1,2,N, ,3,N, , , , , , , , ,2,2,0,0,0,0,0,0,0,0,0,0,0,0,0,0,0,0,0,0,0,0,0,0,0,0,0,0,0,0,0,0,0,0,0,0,0,40.0366,-75.0645, , 
60551,695269,2012098982,6,67,67301,2012,8,7,1944,19,3,1,0,4,1, , ,N,1,2,0,3,0,1,2,2,N, ,39 58:08.111,75 08:10.324,1948, ,1944, ,0, , , ,3, , , , , , , , , ,2,0,0,0,0,0,1,0,0,0,0,1,1,0,0,0,0,0,0,0,0,0,0,0,0,0,0,0,0,0,0,0,0,0,0,4,0,39.9688,-75.1362, , 
60552,695287,2012074378,6,67,67301,2012,6,7,1616,16,1,1,0,1,1, , ,N,0,0,6,3,0,2,6,2,N,N,40 02:00.763,75 04:41.982,1621, ,1618,1,1,2,N, ,0,N, , , , , , , , ,2,1,0,0,1,0,0,0,0,0,0,2,2,0,0,0,0,0,0,0,1,0,0,0,0,0,0,0,0,0,0,0,0,0,0,4,0,40.0336,-75.0783, , 
60553,695304,2012078504,6,67,67301,2012,7,7,900,9,1,1,0,1,1, , ,N,1,2,0,3,0,1,2,2,N, ,39 58:31.438,75 07:15.165,1206, ,1156, ,0, , , ,3, , , , , , , , , ,2,1,0,0,0,0,1,0,0,0,0,1,1,0,1,0,0,0,0,0,1,0,0,0,0,0,0,0,0,0,0,0,0,0,0,4,0,39.9749,-75.1215, , 
60554,695314,2012092689,6,67,67301,2012,9,2,838,8,1,2,1,7,4, , ,N,7,0,2,3,0,1,1,1,N,N,39 57:26.940,75 08:48.293,847, ,842,1,1,3,N, ,0,N, , , , , , , , ,1,1,0,0,0,0,0,0,0,0,0,1,1,0,0,0,0,0,0,0,0,0,0,0,0,0,0,0,0,0,0,0,0,0,0,4,0,39.9575,-75.1467, , 
60555,695332,2012076027,6,67,67301,2012,6,6,9999,99,1,1,0,2,1, , ,N,0,0,0,3,0,1,3,3,N, ,39 58:42.214,75 15:09.378,9999, ,9999, ,0, , , ,0, , , , , , , , , ,3,3,0,0,0,0,0,0,0,0,0,0,1,1,0,0,0,0,0,0,0,0,1,0,0,0,0,0,0,0,0,0,0,0,0,8,0,39.9784,-75.2526, , 
60556,695346,2012073537,6,67,67301,2012,6,7,5,0,3,1,0,4,1, , ,N,0,0,0,3,0,0,1,2,N,N,39 59:25.689,75 09:49.647,26, ,25, ,0, ,N, ,0, , , , , , , , , ,2,1,0,0,0,0,1,0,0,0,0,0,0,0,0,0,0,0,0,0,0,0,0,0,0,0,0,0,0,0,0,0,0,0,0,0,0,39.9905,-75.1638, , 
60557,695348,2012076010,6,67,67301,2012,6,1,1315,13,1,1,0,4,1, , ,N,0,0,0,3,0,0,3,2,N,N,40 00:10.488,75 10:32.897,1325, ,1319, ,0, ,N, ,0, , , , , , , , , ,2,1,0,0,1,0,0,0,0,0,0,0,0,0,0,0,0,0,0,0,0,1,0,0,0,0,0,0,0,0,0,0,0,0,0,0,0,40.0029,-75.1758, , 
60558,695369,2012104061,6,67,67301,2012,9,4,840,8,1,1,0,1,1, , ,N,0,0,0,3,0,2,3,2,N,N,39 58:09.570,75 14:50.906,847, ,846,1,2,7,N, ,0,Y, , , , , , , , ,2,2,0,0,0,0,0,0,0,0,1,0,2,1,1,0,0,0,0,0,1,0,0,0,0,0,0,0,0,0,0,0,0,0,0,3,0,39.9693,-75.2475, , 
60559,695413,2012104107,6,67,67301,2012,9,3,753,7,1,1,0,2,1, , ,N,1,2,0,3,0,3,3,2,N,N,39 58:50.338,75 14:47.383,825, ,800,3,1,1,N, ,3,N, , , , , , , , ,2,1,0,1,0,0,0,0,0,0,0,0,3,3,0,0,0,0,0,0,0,0,0,0,0,0,0,0,0,0,0,0,0,0,0,8,1,39.9806,-75.2465, , 
60560,695438,2012078238,6,67,67301,2012,7,4,1140,11,1,1,0,8,5,8,8,Y,1,2,0,3,0,1,2,2,N,Y,40 07:24.878,75 00:55.666,1142,99,1142, ,0, , , ,3, ,U,U,U,U,U,U,U,U,1,1,0,0,0,0,0,0,0,0,0,1,1,0,0,0,0,0,0,0,0,0,0,0,0,0,0,0,0,0,0,0,1,0,0,4,0,40.1235,-75.0154, , 
60561,695439,2012078352,6,67,67301,2012,7,7,1500,15,1,1,0,4,1, , ,N,2,0,0,3,0,1,2,2,N,N,40 01:39.432,75 05:46.337,1610, ,1545, ,0, ,N, ,0, , , , , , , , , ,1,1,0,0,0,0,0,0,1,0,0,1,1,0,0,0,0,0,0,0,0,0,0,0,0,0,0,0,0,0,0,0,0,0,0,4,0,40.0276,-75.0962, , 
60562,683941,2012047078,6,67,67301,2012,3,6,1730,17,1,1,0,8,6, , ,N,0,0,0,3,0,1,2,2,N,N,39 57:01.760,75 11:34.267,1832, ,1830, ,0, ,N, ,0, , , , , , , , , ,1,0,0,0,1,0,0,0,0,0,0,1,1,0,0,0,0,0,0,1,0,0,0,0,0,0,0,0,0,0,0,0,1,0,0,4,0,39.9505,-75.1929, , 
60563,683942,2012048665,6,67,67301,2012,4,2,2342,23,3,1,0,1,1, , ,N,0,0,0,3,0,1,5,2,N,N,39 53:23.950,75 12:02.895,11, ,2350, ,0, ,N, ,0, , , , , , , , , ,2,1,0,0,0,0,1,0,0,0,0,1,1,0,0,0,0,0,0,0,2,0,0,0,0,0,0,0,0,0,0,0,0,0,0,4,0,39.89,-75.2008, , 
60564,683955,2012066413,6,67,67301,2012,6,6,1945,19,1,1,0,6,1, , ,N,0,0,0,3,0,1,1,3,N,N,40 01:37.958,75 07:57.082,1953, ,1949, ,0, ,N, ,0, , , , , , , , , ,3,2,0,0,0,0,0,1,0,0,0,1,1,0,0,0,0,0,0,0,0,0,0,0,0,0,0,0,0,0,0,0,0,0,0,4,0,40.0272,-75.1325, , 
60565,683956,2012066721,6,67,67301,2012,5,3,825,8,1,2,1,4,1, , ,N,1,2,0,3,0,1,6,2,N,N,40 01:53.151,75 09:17.114,950, ,947, ,0, ,N, ,3, , , , , , , , , ,2,0,0,0,0,0,2,0,0,0,0,1,1,0,0,0,0,0,0,0,0,1,0,0,0,0,0,0,0,0,0,0,0,0,0,4,0,40.0314,-75.1548, , 
60566,683967,2012056712,6,67,67301,2012,4,7,825,8,1,1,0,1,1, , ,N,0,0,0,3,0,0,3,3,N,N,40 01:23.042,75 08:11.963,830, ,830,1,1,2,N, ,0,N, , , , , , , , ,3,2,0,0,0,0,1,0,0,0,0,0,0,0,0,0,0,0,0,0,1,0,0,0,0,0,0,0,0,0,0,0,0,0,0,0,0,40.0231,-75.1367, , 
60567,683968,2012060827,6,67,67301,2012,5,4,735,7,1,1,1,1,1, , ,N,3,3,0,3,0,1,2,2,N,N,40 01:07.309,75 06:05.983,750, ,745, ,0, ,N, ,3, , , , , , , , , ,2,2,0,0,0,0,0,0,0,0,0,1,1,0,0,0,0,0,0,0,2,0,0,0,0,0,0,0,0,0,0,0,0,0,0,4,0,40.0187,-75.1017, , 
60568,683976,2012069648,6,67,67301,2012,6,7,1705,17,1,1,0,4,1, , ,N,1,2,0,3,0,4,7,4,N,N,40 01:40.946,75 06:36.204,1707, ,1706,1,1,2,N, ,3,N, , , , , , , , ,4,2,0,0,0,0,1,1,0,0,0,4,4,0,0,0,0,0,1,0,0,0,0,0,0,0,0,0,0,0,0,0,0,0,0,4,0,40.028,-75.1101, , 
60569,683978,2012073542,6,67,67301,2012,6,5,138,1,3,1,0,7,4, , ,N,0,0,0,3,0,0,1,1,N, ,40 03:27.893,75 14:28.013,142, ,138, ,0, ,N, ,0, , , , , , , , , ,1,0,0,0,0,0,1,0,0,0,0,0,0,0,1,0,0,1,0,0,0,0,0,0,0,0,0,0,0,0,0,0,0,0,0,9,0,40.0577,-75.2411, , 
60570,683983,2012078324,6,67,67301,2012,7,6,1942,19,1,1,0,8,1, , ,N,3,0,0,3,0,1,2,2,N,N,40 01:50.833,75 08:39.490,2001, ,1956, ,0, ,N, ,0, , , , , , , , , ,1,1,0,0,0,0,0,0,0,0,0,1,1,0,0,0,0,0,0,0,0,0,0,0,0,0,0,0,0,0,0,0,1,0,0,4,0,40.0308,-75.1443, , 
60571,684007,2012056645,6,67,67301,2012,5,4,1830,18,1,1,0,4,1, , ,N,0,0,0,3,0,1,2,2,N,N,40 05:03.802,75 01:29.446,1835, ,1832,1,1,2,N, ,0,N, , , , , , , , ,2,2,0,0,0,0,0,0,0,0,0,1,1,0,1,0,0,0,0,0,0,0,0,0,0,0,0,0,0,0,0,0,0,0,0,4,0,40.0844,-75.0248, , 
60572,684015,2012066744,6,67,67301,2012,6,1,15,0,3,1,0,1,1, , ,N,0,0,0,3,0,1,3,2,N,N,40 00:51.531,75 10:42.245,26, ,18, ,0, ,N, ,0, , , , , , , , , ,2,1,0,1,0,0,0,0,0,0,1,0,1,0,1,0,0,0,0,0,0,0,0,0,0,0,0,0,0,0,0,0,0,0,0,3,1,40.0143,-75.1784, , 
60573,684017,2012068863,6,67,67301,2012,6,6,1816,18,1,1,0,4,1, , ,N,1,3,0,3,0,6,6,2,N, ,40 00:38.383,75 08:58.621,1849, ,1847, ,0, , , ,3, , , , , , , , , ,2,0,1,0,0,0,0,1,0,0,0,6,6,0,0,0,0,0,0,0,0,0,0,0,0,0,0,0,0,0,0,0,0,0,0,4,0,40.0107,-75.1496, , 
60574,684029,2012078499,6,67,67301,2012,7,4,1210,12,1,1,0,4,1, , ,N,5,2,0,3,0,1,2,2,N,N,39 59:19.892,75 07:38.391,9999, ,1215, ,0, ,N, ,3, , , , , , , , , ,1,1,0,0,0,0,0,0,1,0,0,1,1,0,0,0,0,0,0,0,0,0,0,0,0,0,0,0,0,0,0,0,0,0,0,4,0,39.9889,-75.1273, , 
60575,684043,2012089810,6,67,67301,2012,8,4,1818,18,1,1,0,8,1, , ,N,0,0,0,3,0,1,2,2,N, ,39 58:38.773,75 10:50.192,1822, ,1818, ,0, , , ,0, , , , , , , , , ,1,1,0,0,0,0,0,0,0,0,0,1,1,0,1,0,0,0,0,0,0,0,0,0,0,0,0,0,0,0,0,0,1,0,0,4,0,39.9774,-75.1806, , 
60576,684058,2012051950,6,67,67301,2012,5,4,1645,16,1,1,0,4,1, , ,N,1,3,0,3,0,0,2,2,N,N,40 02:08.049,75 05:15.286,1705, ,1702, ,0, , , ,3, , , , , , , , , ,2,1,0,0,0,0,1,0,0,0,0,0,0,0,0,0,0,0,0,0,0,0,0,0,0,0,0,0,0,0,0,0,0,0,0,0,0,40.0356,-75.0876, , 
60577,684073,2012078256,6,67,67301,2012,6,4,927,9,1,1,0,5,4, , ,N,0,0,0,3,0,2,5,2,N, ,40 00:55.596,75 12:30.436,935, ,927, ,0, , , ,0, , , , , , , , , ,2,0,0,0,0,2,0,0,0,0,0,0,2,2,0,0,0,0,0,0,0,0,0,0,0,0,0,0,0,0,0,0,0,0,0,8,0,40.0153,-75.2082, , 
60578,684074,2012078424,6,67,67301,2012,7,7,305,3,3,1,0,5,1, , ,N,2,3,0,3,0,2,4,2,N,N,39 56:13.207,75 12:55.954,345, ,341, ,0, ,N, ,3, , , , , , , , , ,2,2,0,0,0,0,0,0,0,0,0,2,2,0,0,0,0,0,0,0,1,0,0,0,0,0,0,0,0,0,0,0,0,0,0,4,0,39.937,-75.2155, , 
60579,684079,2012083903,6,67,67301,2012,8,3,1605,16,1,1,0,1,1, , ,N,0,0,0,3,0,1,3,3,N,N,39 57:07.957,75 10:56.411,1618, ,1612, ,0, ,N, ,0, , , , , , , , , ,3,3,0,0,0,0,0,0,0,0,1,0,1,0,0,0,0,0,0,0,0,0,0,0,0,0,0,0,0,0,0,0,0,0,0,3,0,39.9522,-75.1823, , 
60580,677637,2012047130,6,67,67301,2012,4,1,1430,14,1,1,0,4,1, , ,N,1,2,0,3,0,1,4,2,N,N,40 00:31.034,75 04:07.810,1436, ,1432,3,1,1, , ,3,Y, , , , , , , , ,2,2,0,0,0,0,0,0,0,0,0,1,1,0,0,0,0,0,0,0,0,0,0,0,0,0,0,0,0,0,0,0,0,0,0,4,0,40.0086,-75.0688, , 
60581,677640,2012050553,6,67,67301,2012,5,3,1014,10,1,6,1,4,1, , ,N,0,0,0,3,0,0,3,2,N,N,40 02:09.484,75 01:00.488,1028, ,1016, ,0, ,N, ,0, , , , , , , , , ,2,2,0,0,0,0,0,0,0,0,0,0,0,0,0,0,0,0,0,0,1,0,0,0,0,0,0,0,0,0,0,0,0,0,0,0,0,40.036,-75.0168, , 
60582,677649,2012056617,6,67,67301,2012,5,5,758,7,1,2,1,4,1, , ,N,1,2,0,3,0,2,3,2,N,N,39 55:05.315,75 12:33.105,815, ,805, ,0, ,N, ,3, , , , , , , , , ,2,1,0,0,0,0,1,0,0,0,0,1,2,1,0,0,0,0,0,0,0,0,0,0,0,0,0,0,0,0,0,0,0,0,0,4,0,39.9182,-75.2088, , 
60583,677652,2012058160,6,67,67301,2012,6,5,2125,21,3,1,0,7,4, , ,N,0,0,0,3,0,1,1,1,N,N,39 55:42.959,75 11:48.064,2142, ,2138,1,1,4,N, ,0,N, , , , , , , , ,1,1,0,0,0,0,0,0,0,0,0,0,1,1,0,0,0,0,0,0,0,0,0,0,0,0,0,0,0,0,0,0,0,0,0,8,0,39.9286,-75.1967, , 
60584,677657,2012017894,6,67,67301,2012,1,5,1304,13,1,2,1,4,1, , ,N,1,2,1,3,0,0,2,2,N,N,40 04:27.147,75 02:05.032,1312, ,1306,1,1,1,N, ,3,N, , , , , , , , ,2,1,0,0,0,0,1,0,0,0,0,0,0,0,0,0,0,0,0,0,0,0,0,0,0,0,0,0,0,0,0,0,0,0,0,0,0,40.0742,-75.0347, , 
60585,677677,2012041640,6,67,67301,2012,3,1,220,2,3,1,0,5,6, , ,N,0,0,0,3,0,0,1,2,N,N,40 01:41.117,75 03:31.719,236, ,234, ,0, ,N, ,0, , , , , , , , , ,2,1,0,0,0,0,1,0,0,0,0,0,0,0,0,0,0,0,0,0,1,0,0,0,0,0,0,0,0,0,0,0,0,0,0,0,0,40.0281,-75.0588, , 
60586,677683,2012048288,6,67,67301,2012,3,7,105,1,3,2,1,4,1, , ,N,1,0,0,3,0,0,2,2,N, ,40 00:41.173,75 09:20.476,105, ,105, ,0, , , ,0, , , , , , , , , ,2,1,0,0,0,0,1,0,0,0,0,0,0,0,0,0,0,0,0,0,0,1,0,0,0,0,0,0,0,0,0,0,0,0,0,0,0,40.0114,-75.1557, , 
60587,677731,2012048245,6,67,67301,2012,4,3,435,4,3,1,0,7,4, , ,N,0,0,0,3,0,0,1,2,N,N,40 03:26.277,75 04:36.259,9999, ,443,2,1,3,N, ,0,N, , , , , , , , ,1,1,0,0,0,0,0,0,0,0,0,0,0,0,0,0,0,0,1,0,0,0,0,0,0,0,0,0,0,0,0,0,0,0,0,0,0,40.0573,-75.0767, , 
60588,677744,2012063912,6,67,67301,2012,5,7,1730,17,1,1,0,8,1, , ,N,1,2,0,3,0,1,2,2,N,N,39 57:04.025,75 10:42.594,1738, ,1730, ,0, , , ,3, , , , , , , , , ,1,1,0,0,0,0,0,0,0,0,0,0,1,1,0,0,0,0,0,0,0,0,0,0,0,0,0,0,0,0,0,0,1,0,0,8,0,39.9511,-75.1785, , 
60589,677745,2012063989,6,67,67301,2012,5,2,1350,13,1,2,1,7,4, , ,N,0,0,0,3,0,0,1,1,N,N,39 55:13.713,75 14:30.004,1350, ,1347, ,0, , , ,0, , , , , , , , , ,1,1,0,0,0,0,0,0,0,0,0,0,0,0,0,0,0,0,0,0,0,0,0,0,0,0,0,0,0,0,0,0,0,0,0,0,0,39.9205,-75.2417, , 
60590,677752,2012048117,6,67,67301,2012,4,4,2105,21,3,1,0,8,1, , ,N,1,2,0,3,0,1,2,2,N, ,39 54:17.114,75 10:06.769,2115, ,2108, ,0, , , ,3, , , , , , , , , ,1,0,0,0,0,0,1,0,0,0,0,1,1,0,0,0,0,0,0,0,1,0,0,0,0,0,0,0,0,0,0,0,1,0,0,4,0,39.9048,-75.1685, , 
60591,677782,2012078315,6,67,67301,2012,7,7,1423,14,1,1,0,4,1, , ,N,3,2,6,3,0,2,3,2,N,N,39 58:38.507,75 13:37.478,1428, ,1425,3,1,4,N, ,3,Y, , , , , , , , ,2,0,0,0,0,0,2,0,0,0,0,0,2,2,0,0,0,0,0,0,2,0,0,0,0,0,0,0,0,0,0,0,0,0,0,8,0,39.9774,-75.2271, , 
60592,677794,2012051856,6,67,67301,2012,4,3,1400,14,1,1,0,1,1, , ,N,2,2,0,3,0,2,4,3,N, ,40 00:51.170,75 08:29.259,1520, ,1430,1,1,5, , ,3,N, , , , , , , , ,3,1,0,1,0,0,1,0,0,1,1,0,2,0,0,0,0,0,2,0,1,0,0,0,0,0,0,0,0,0,0,0,0,0,0,2,1,40.0142,-75.1415, , 
60593,677795,2012052683,6,67,67301,2012,4,1,1200,12,1,1,0,4,1, , ,N,1,2,0,3,0,1,2,3,N,N,40 03:54.737,75 10:31.167,1208, ,1203, ,0, , , ,3, , , , , , , , , ,3,3,0,0,0,0,0,0,0,0,0,0,1,1,1,0,0,0,0,0,1,0,1,0,0,0,0,0,0,0,0,0,0,0,0,8,0,40.0652,-75.1753, , 
60594,677817,2012078591,6,67,67301,2012,7,1,145,1,3,1,0,1,1, , ,N,0,0,0,3,0,0,1,3,N,N,39 59:20.835,75 08:54.798,155, ,148, ,0, , , ,0, , , , , , , , , ,3,2,0,0,0,0,1,0,0,0,0,0,0,0,0,0,0,0,0,0,0,0,0,0,0,0,0,0,0,0,0,0,0,0,0,0,0,39.9891,-75.1486, , 
60595,677834,2012096020,6,67,67301,2012,8,1,1012,10,1,1,0,4,4, , ,N,0,0,0,3,0,0,1,1,N,N,39 59:40.786,75 11:16.234,1015, ,1012,9,2,3,N, ,0,Y, , , , , , , , ,1,1,0,0,0,0,0,0,0,0,0,0,0,0,0,0,0,0,0,0,0,0,0,0,0,0,0,0,0,0,0,0,0,0,0,0,0,39.9947,-75.1878, , 
60596,677837,2012098191,6,67,67301,2012,9,1,1651,16,1,1,0,8,1, , ,N,1,2,0,3,0,1,2,2,N, ,39 57:45.461,75 14:48.589,1705, ,1701, ,0, , , ,3, , , , , , , , , ,1,1,0,0,0,0,0,0,0,0,0,0,1,1,0,0,0,0,0,0,1,0,0,0,0,0,0,0,0,0,0,0,1,0,0,8,0,39.9626,-75.247, , 
60597,677838,2012098292,6,67,67301,2012,8,5,1631,16,1,1,0,1,1, , ,N,3,0,7,3,0,3,6,3,N, ,39 57:51.984,75 08:03.331,1637, ,1635, ,0, , , ,0, , , , , , , , , ,3,1,0,0,2,0,0,0,0,0,0,1,3,2,0,0,0,0,0,0,0,1,0,0,0,0,0,0,0,0,0,0,0,0,0,4,0,39.9644,-75.1343, , 
60598,680704,2012027619,6,67,67301,2012,3,1,1758,17,1,1,0,1,1, , ,N,0,0,0,3,0,0,4,2,N,N,39 57:27.787,75 09:38.520,1801, ,1800,1,1,4,N, ,0,N, , , , , , , , ,2,2,0,0,0,0,0,0,0,0,0,0,0,0,0,0,0,0,0,0,0,0,0,0,0,0,0,0,0,0,0,0,0,0,0,0,0,39.9577,-75.1607, , 
60599,680716,2012042104,6,67,67301,2012,3,6,39,0,3,1,0,7,4, , ,N,1,2,0,3,0,1,2,1,N,N,39 57:04.568,75 10:01.915,58, ,55, ,0, ,N, ,3, , , , , , , , , ,1,1,0,0,0,0,0,0,0,0,0,1,1,0,0,0,0,0,0,0,1,0,0,0,0,0,0,0,0,0,0,0,0,0,0,4,0,39.9512,-75.167, , 
60600,680726,2012048886,6,67,67301,2012,4,2,1315,13,1,1,1,4,1, , ,N,0,0,7,3,0,1,2,2,N,N,40 02:22.107,75 06:36.672,1410, ,1400,2,1,3,N, ,0,Y, , , , , , , , ,2,1,1,0,0,0,0,0,0,0,1,0,1,0,0,0,0,0,0,0,0,0,0,0,0,0,0,0,0,0,0,0,0,0,0,3,0,40.0395,-75.1102, , 
60601,680727,2012048896,6,67,67301,2012,4,1,337,3,3,1,0,2,1, , ,N,5,2,0,3,0,0,2,2,N,N,39 59:19.892,75 07:38.391,339, ,339, ,0, ,N, ,3, , , , , , , , , ,2,1,0,0,0,0,0,1,0,0,0,0,0,0,1,0,0,0,0,0,0,0,0,0,0,0,0,0,0,0,0,0,0,0,0,9,0,39.9889,-75.1273, , 
60602,680740,2012060769,6,67,67301,2012,5,4,1509,15,1,1,0,4,1, , ,N,1,2,0,3,0,0,3,3,N,N,40 06:06.588,75 01:38.906,1532, ,1530, ,0, ,N, ,3, , , , , , , , , ,3,2,0,0,0,0,1,0,0,0,0,0,0,0,0,0,0,0,0,1,1,0,0,0,0,0,0,0,0,0,0,0,0,0,0,0,0,40.1018,-75.0275, , 
60603,680741,2012060808,6,67,67301,2012,5,5,1921,19,1,1,0,4,1, , ,N,1,2,0,3,0,1,3,2,N,N,39 59:04.850,75 09:23.377,1921, ,1921, ,0, ,N, ,3, , , , , , , , , ,1,0,0,0,0,0,1,0,1,0,0,1,1,0,0,0,0,0,0,0,0,0,0,2,0,0,0,0,0,0,0,0,0,0,0,4,0,39.9847,-75.1565, , 
60604,680748,2012068897,6,67,67301,2012,6,1,1115,11,1,1,0,1,1, , ,N,1,2,0,3,0,2,3,2,N,N,39 58:23.685,75 12:43.721,1820, ,9999, ,0, ,N, ,3, , , , , , , , , ,2,0,0,0,0,0,2,0,0,0,0,0,2,2,0,0,0,0,0,0,0,1,0,0,0,0,0,0,0,0,0,0,0,0,0,8,0,39.9732,-75.2121, , 
60605,680756,2012075972,6,67,67301,2012,6,1,1230,12,1,1,0,4,1, , ,N,1,2,0,3,0,1,2,3,N,N,40 00:50.174,75 03:20.262,1243, ,1241, ,0, ,N, ,3, , , , , , , , , ,3,2,0,0,0,0,1,0,0,0,0,1,1,0,0,0,0,0,0,0,0,0,0,0,0,0,0,0,0,0,0,0,0,0,0,4,0,40.0139,-75.0556, , 
60606,680785,2012060790,6,67,67301,2012,5,4,2033,20,3,1,0,4,1, , ,N,1,2,0,3,0,1,2,2,N,N,40 01:17.505,75 03:06.381,2050, ,2045, ,0, ,N, ,3, , , , , , , , , ,2,0,1,0,1,0,0,0,0,0,1,0,1,0,1,0,0,0,0,0,0,0,0,0,0,0,0,0,0,0,0,0,0,0,0,3,0,40.0215,-75.0518, , 
60607,680792,2012068895,6,67,67301,2012,6,5,2144,21,3,1,0,1,1, , ,N,0,0,0,3,0,2,4,2,N,N,40 05:06.886,75 01:26.476,2150, ,2145,1,1,1,N, ,0,N, , , , , , , , ,2,2,0,0,0,0,0,0,0,0,1,1,2,0,0,0,0,0,0,0,0,0,0,0,0,0,0,0,0,0,0,0,0,0,0,3,0,40.0852,-75.024, , 
60608,680798,2012073609,6,67,67301,2012,6,6,1807,18,1,1,0,1,1, , ,N,1,4,0,3,0,2,3,2,N,N,39 53:23.545,75 14:01.242,1910, ,1903, ,0, ,N, ,3, , , , , , , , , ,2,2,0,0,0,0,0,0,0,0,0,2,2,0,0,0,0,0,0,0,0,0,0,0,0,0,0,0,0,0,0,0,0,0,0,4,0,39.8898,-75.2338, , 
60609,680801,2012078371,6,67,67301,2012,6,6,1115,11,1,1,0,4,1, , ,N,1,2,0,3,0,0,2,2,N,N,40 00:02.469,75 08:52.972,1121, ,1120,1,2,3,N, ,3,Y, , , , , , , , ,2,1,0,0,0,0,1,0,0,0,0,0,0,0,1,0,0,0,1,0,1,0,0,0,0,0,0,0,0,0,0,0,0,0,0,9,0,40.0007,-75.148, , 
60610,680802,2012078992,6,67,67301,2012,7,5,1430,14,1,1,0,4,1, , ,N,1,3,0,3,0,0,4,2,N,N,40 01:06.321,75 11:10.226,1552, ,1551, ,0, , , ,3, , , , , , , , , ,2,1,0,0,1,0,0,0,0,0,0,0,0,0,1,0,0,0,0,0,1,0,0,0,0,0,0,0,0,0,0,0,0,0,0,9,0,40.0184,-75.1862, , 
60611,680821,2012098520,6,67,67301,2012,9,7,1900,19,0,1,0,4,1, , ,N,1,2,0,3,0,2,2,2,N,N,40 03:21.040,75 07:37.414,2105, ,2100, ,0, ,N, ,3, , , , , , , , , ,2,2,0,0,0,0,0,0,0,0,0,2,2,0,0,0,0,0,0,0,0,0,0,0,0,0,0,0,0,0,0,0,0,0,0,4,0,40.0558,-75.1271, , 
60612,680822,2012099110,6,67,67301,2012,10,4,1626,16,1,1,0,1,1, , ,N,0,0,0,3,0,0,3,3,N,N,39 57:35.105,75 10:36.613,1650, ,1639, ,0, ,N, ,0, , , , , , , , , ,3,2,0,0,1,0,0,0,0,0,0,0,0,0,0,0,0,0,0,0,1,0,0,0,0,0,0,0,0,0,0,0,0,0,0,0,0,39.9598,-75.1768, , 