objectid_1,objectid,crn,district,county,municipality,crash_year,crash_month,day_of_week,time_of_day,hour_of_day,illumination,weather,road_condition,collision_type,relation_to_road,work_zone_type,work_zone_loc,work_zone_ind,intersect_type,tcd_type,location_type,urban_rural,fatal_count,injury_count,person_count,total_units,sch_bus_ind,sch_zone_ind,latitude,longitude,arrival_tm,cons_zone_spd_lim,dispatch_tm,est_hrs_closed,lane_closed,ln_close_dir,ntfy_hiwy_maint,spec_juris_cd,tcd_func_cd,tfc_detour_ind,workers_pres,wz_close_detour,wz_flagger,wz_law_offcr_ind,wz_ln_closure,wz_moving,wz_other,wz_shlder_mdn,vehicle_count,automobile_count,motorcycle_count,bus_count,small_truck_count,heavy_truck_count,suv_count,van_count,bicycle_count,maj_inj_count,mod_inj_count,min_inj_count,tot_inj_count,unk_inj_deg_count,unk_inj_per_count,driver_count_16yr,driver_count_17yr,driver_count_18yr,driver_count_19yr,driver_count_20yr,driver_count_50_64yr,driver_count_65_74yr,driver_count_75plus,unbelted_occ_count,unb_death_count,unb_maj_inj_count,belted_death_count,belted_maj_inj_count,mcycle_death_count,mcycle_maj_inj_count,bicycle_death_count,bicycle_maj_inj_count,ped_count,ped_death_count,ped_maj_inj_count,max_severity_level,comm_veh_count,dec_lat,dec_long,rdwy_surf_type_cd,county_name
60613,680837,2012059029,6,67,67301,2012,3,5,700,7,1,2,1,4,1, , ,N,1,2,0,3,0,1,2,2,N,N,39 57:03.480,75 10:38.219,0, ,0, ,0, ,N, ,3, , , , , , , , , ,2,2,0,0,0,0,0,0,0,0,1,0,1,0,0,0,0,0,0,0,0,0,0,0,0,0,0,0,0,0,0,0,0,0,0,3,0,39.951,-75.1773, , 
60614,680840,2012060656,6,67,67301,2012,5,7,2,0,3,1,0,4,1, , ,N,1,2,0,3,0,1,2,2,N,N,39 56:52.009,75 13:46.191,107, ,9999, ,0, ,N, ,3, , , , , , , , , ,2,0,0,0,0,1,0,1,0,0,0,0,1,1,1,0,0,0,0,0,0,0,0,0,0,0,0,0,0,0,0,0,0,0,0,8,1,39.9478,-75.2295, , 
60615,680845,2012066710,6,67,67301,2012,6,3,2010,20,4,1,0,7,5, , ,N,1,3,0,3,0,2,2,1,N,N,40 00:33.552,75 09:52.480,2010, ,2010, ,0, ,N, ,3, , , , , , , , , ,1,0,0,0,0,0,1,0,0,0,0,1,2,1,0,0,0,0,0,0,0,0,0,0,0,0,0,0,0,0,0,0,0,0,0,4,0,40.0093,-75.1646, , 
60616,670399,2012041611,6,67,67301,2012,3,7,250,2,3,1,0,4,1, , ,N,1,3,0,3,0,1,2,2,N, ,39 59:16.400,75 10:06.409,255, ,250, ,0, , , ,3, , , , , , , , , ,2,1,0,0,0,0,1,0,0,0,1,0,1,0,0,0,0,0,0,0,1,0,0,0,0,0,0,0,0,0,0,0,0,0,0,3,0,39.9879,-75.1684, , 
60617,670419,2012066735,6,67,67301,2012,5,3,1407,14,1,1,0,8,1, , ,N,1,2,0,3,0,2,2,2,N,N,40 02:25.798,75 03:31.964,1420, ,1407,2,1,2,N, ,3,Y, , , , , , , , ,1,1,0,0,0,0,0,0,0,1,0,1,2,0,0,0,0,0,0,0,1,0,0,0,0,0,0,0,0,0,0,0,1,0,1,2,0,40.0405,-75.0589, , 
60618,670446,2012026267,6,67,67301,2012,1,3,9999,99,1,2,1,4,1, , ,N,1,2,0,3,0,1,3,3,N,N,39 59:33.987,75 08:42.421,1010, ,1000, ,0, ,N, ,3, , , , , , , , , ,3,0,0,0,0,1,1,1,0,0,0,1,1,0,2,0,0,0,0,0,0,0,1,2,0,0,0,0,0,0,0,0,0,0,0,4,1,39.9927,-75.1451, , 
60619,670461,2012048022,6,67,67301,2012,4,1,1433,14,1,1,0,4,1, , ,N,1,2,0,3,0,3,5,2,N,N,40 02:46.150,75 04:44.993,1454, ,1444, ,0, ,N, ,3, , , , , , , , , ,2,1,0,0,0,0,0,1,0,0,0,0,3,3,0,0,0,0,0,0,1,0,0,0,0,0,0,0,0,0,0,0,0,0,0,8,0,40.0462,-75.0792, , 
60620,670476,2012068709,6,67,67301,2012,5,1,200,2,3,1,0,7,5, , ,N,0,0,0,3,0,1,1,1,N,N,39 58:40.542,75 08:25.293,205, ,200, ,0, ,N, ,0, , , , , , , , , ,1,1,0,0,0,0,0,0,0,0,0,1,1,0,0,0,0,0,1,0,0,0,0,1,0,0,0,0,0,0,0,0,0,0,0,4,0,39.9779,-75.1404, , 
60621,670489,2012084148,6,67,67301,2012,8,3,823,8,1,1,0,8,1, , ,N,0,0,0,3,0,1,2,2,N,N,39 58:21.158,75 12:25.023,825, ,823, ,0, ,N, ,0, , , , , , , , , ,1,0,0,0,0,0,0,0,0,0,0,1,1,0,0,0,0,0,0,0,0,0,0,0,0,0,0,0,0,0,0,0,1,0,0,4,0,39.9725,-75.207, , 
60622,670493,2012085878,6,67,67301,2012,8,6,1202,12,1,1,0,7,5, , ,N,0,0,0,3,0,1,1,1,N,N,40 01:31.683,75 07:32.174,1205, ,1205,1,1,4,N, ,0,N, , , , , , , , ,1,1,0,0,0,0,0,0,0,0,0,1,1,0,0,0,0,0,0,0,0,0,0,1,0,0,0,0,0,0,0,0,0,0,0,4,0,40.0255,-75.1256, , 
60623,670495,2012086641,6,67,67301,2012,8,6,9999,99,1,1,1,2,1, , ,N,1,2,0,3,0,2,5,2,N,N,39 57:32.806,75 09:29.825,1303, ,1301, ,0, ,N, ,3, , , , , , , , , ,2,1,0,0,0,0,1,0,0,0,0,2,2,0,0,0,0,0,0,0,1,0,0,0,0,0,0,0,0,0,0,0,0,0,0,4,0,39.9591,-75.1583, , 
60624,670533,2012015398,6,67,67301,2012,1,4,1032,10,1,1,0,4,1, , ,N,0,0,0,3,0,0,2,2,N,N,40 02:32.132,75 11:47.868,1100, ,1049, ,0, , , ,0, , , , , , , , , ,2,1,0,0,0,0,1,0,0,0,0,0,0,0,0,0,0,0,0,0,1,0,0,0,0,0,0,0,0,0,0,0,0,0,0,0,0,40.0423,-75.1966, , 
60625,670551,2012037410,6,67,67301,2012,3,3,1531,15,1,1,0,4,2, , ,N,0,0,7,3,0,1,3,2,N,N,40 00:20.017,75 07:25.637,1541, ,1531, ,0, ,N, ,0, , , , , , , , , ,2,1,0,0,1,0,0,0,0,0,0,1,1,0,0,0,0,0,0,0,1,0,0,0,0,0,0,0,0,0,0,0,0,0,0,4,0,40.0056,-75.1238, , 
60626,670553,2012040543,6,67,67301,2012,4,4,738,7,1,1,0,1,1, , ,N,0,0,0,3,0,3,7,5,N,N,39 56:29.999,75 08:34.936,757, ,741, ,0, ,N, ,0, , , , , , , , , ,5,3,0,0,0,0,1,0,0,0,0,3,3,0,1,0,0,0,0,0,2,1,0,0,0,0,0,0,0,0,0,0,0,0,0,4,0,39.9416,-75.143, , 
60627,670585,2012027764,6,67,67301,2012,2,6,9999,99,1,1,0,4,1, , ,N,1,2,0,3,0,1,2,2,N,N,39 55:14.271,75 14:29.219,1107, ,1100, ,0, ,N, ,3, , , , , , , , , ,2,1,0,0,1,0,0,0,0,0,0,1,1,0,0,0,0,0,0,0,1,0,0,0,0,0,0,0,0,0,0,0,0,0,0,4,0,39.9206,-75.2414, , 
60628,670586,2012027766,6,67,67301,2012,2,5,9999,99,1,1,0,1,1, , ,N,2,2,0,3,0,1,3,2,N,N,39 55:05.315,75 12:33.105,1317, ,1310, ,0, ,N, ,3, , , , , , , , , ,2,1,0,0,1,0,0,0,0,0,0,1,1,0,0,0,0,0,0,0,1,0,0,3,0,0,0,0,0,0,0,0,0,0,0,4,0,39.9181,-75.2093, , 
60629,670593,2012036785,6,67,67301,2012,3,4,9999,99,1,1,0,2,1, , ,N,1,0,0,3,0,1,2,2,N,N,39 55:28.394,75 10:50.476,1725, ,1719, ,0, ,N, ,0, , , , , , , , , ,1,0,0,0,0,0,1,0,1,0,0,1,1,0,0,0,0,0,0,0,0,0,0,0,0,0,0,0,0,0,0,0,0,0,0,4,0,39.9246,-75.1807, , 
60630,670601,2012042224,6,67,67301,2012,3,5,2050,20,3,1,0,1,1, , ,N,1,2,0,3,0,1,2,2,N,N,40 02:04.023,75 06:53.623,2200, ,2145, ,0, ,N, ,3, , , , , , , , , ,2,1,1,0,0,0,0,0,0,0,0,1,1,0,1,0,0,0,0,0,0,0,0,0,0,0,0,0,0,0,0,0,0,0,0,4,0,40.0345,-75.1149, , 
60631,670604,2012045152,6,67,67301,2012,5,3,1840,18,1,1,0,0,2, , ,N,0,0,0,3,0,1,1,1,N,N,39 54:10.267,75 09:03.041,1844, ,1842,2,1,5,N, ,0,N, , , , , , , , ,1,0,1,0,0,0,0,0,0,0,0,0,1,1,0,0,0,0,0,0,0,0,0,0,0,0,0,0,0,0,0,0,0,0,0,8,0,39.9029,-75.1508, , 
60632,670607,2012047203,6,67,67301,2012,4,1,2100,21,3,1,0,8,1, , ,N,1,2,0,3,0,1,2,2,N,N,39 57:23.639,75 12:35.094,2115, ,2105, ,0, ,N, ,3, , , , , , , , , ,1,1,0,0,0,0,0,0,0,0,0,0,1,1,0,0,0,0,0,0,1,0,0,0,0,0,0,0,0,0,0,0,1,0,0,8,0,39.9566,-75.2098, , 
60633,670617,2012047215,6,67,67301,2012,3,2,2230,22,3,1,0,4,2, , ,N,0,0,0,3,0,0,1,3,N,N,40 02:15.338,75 07:15.340,110, ,105, ,0, ,N, ,0, , , , , , , , , ,3,2,0,0,0,0,1,0,0,0,0,0,0,0,1,0,0,0,0,0,0,0,0,0,0,0,0,0,0,0,0,0,0,0,0,9,0,40.0376,-75.1209, , 
60634,674011,2012076004,6,67,67301,2012,6,1,1615,16,1,1,0,8,1, , ,N,0,0,0,3,0,1,3,2,N, ,39 57:34.854,75 13:59.355,1632, ,1630, ,0, , , ,0, , , , , , , , , ,1,0,0,0,0,0,0,1,0,0,0,1,1,0,0,0,0,0,0,0,0,0,0,0,0,0,0,0,0,0,0,0,1,0,0,4,0,39.9597,-75.2332, , 
60635,674022,2012088086,6,67,67301,2012,8,7,9999,99,1,1,0,9,1, , ,N,2,0,0,3,0,1,1,2,N,N,40 01:45.512,75 08:11.291,9999, ,1822, ,0, ,N, ,0, , , , , , , , , ,0,0,0,0,0,0,0,0,1,0,0,1,1,0,0,0,0,0,0,0,0,0,0,0,0,0,0,0,0,0,0,0,0,0,0,4,0,40.0293,-75.1365, , 
60636,674053,2012028142,6,67,67301,2012,2,7,1927,19,3,2,1,4,1, , ,N,1,2,0,3,0,2,4,2,N, ,40 02:49.639,75 05:52.794,1933, ,1927, ,0, , , ,3, , , , , , , , , ,2,1,0,0,0,0,1,0,0,0,1,1,2,0,0,0,0,0,0,0,0,0,0,0,0,0,0,0,0,0,0,0,0,0,0,3,0,40.0471,-75.098, , 
60637,674063,2012036942,6,67,67301,2012,3,5,1056,10,1,1,0,4,1, , ,N,0,3,7,3,0,0,2,2,N,N,39 55:28.501,75 08:31.590,1115, ,1107,2,1,3,N, ,3,N, , , , , , , , ,2,1,0,0,0,0,1,0,0,0,0,0,0,0,0,0,0,0,0,0,0,0,0,0,0,0,0,0,0,0,0,0,0,0,0,0,0,39.9246,-75.1421, , 
60638,674064,2012042153,6,67,67301,2012,3,6,1145,11,1,1,0,4,1, , ,N,2,0,0,3,0,1,6,2,N,N,40 01:06.982,75 09:19.415,1145, ,1145, ,0, ,N, ,0, , , , , , , , , ,2,1,0,0,0,0,1,0,0,0,0,0,1,1,1,0,0,0,0,0,1,0,0,0,0,0,0,0,0,0,0,0,0,0,0,8,0,40.0186,-75.1554, , 
60639,674069,2012048021,6,67,67301,2012,4,2,1526,15,1,1,0,5,6, , ,N,0,0,0,3,0,1,2,2,N,N,39 57:47.721,75 08:16.638,1645, ,1640, ,0, ,N, ,0, , , , , , , , , ,2,0,0,0,0,1,1,0,0,0,1,0,1,0,1,0,0,0,0,0,1,0,0,0,0,0,0,0,0,0,0,0,0,0,0,3,0,39.9633,-75.138, , 
60640,674085,2012060737,6,67,67301,2012,5,7,1320,13,1,1,0,1,1, , ,N,0,0,0,3,0,1,4,2,N,N,40 01:01.186,75 03:37.940,1322, ,1322, ,0, ,N, ,0, , , , , , , , , ,2,1,0,0,0,0,0,1,0,0,0,1,1,0,0,0,0,0,0,0,0,0,0,0,0,0,0,0,0,0,0,0,0,0,0,4,0,40.0169,-75.0607, , 
60641,674113,2012038540,6,67,67301,2012,4,5,1832,18,1,1,0,1,1, , ,N,0,0,0,3,0,3,5,3,N,N,39 57:48.255,75 11:01.826,1907, ,1839, ,0, ,N, ,0, , , , , , , , , ,3,3,0,0,0,0,0,0,0,0,0,3,3,0,0,0,0,0,0,0,0,0,0,0,0,0,0,0,0,0,0,0,0,0,0,4,0,39.9634,-75.1838, , 
60642,674114,2012038542,6,67,67301,2012,4,7,1559,15,1,1,0,4,1, , ,N,0,0,0,3,0,0,5,3,N,N,40 00:42.913,75 03:37.401,1605, ,1602, ,0, ,N, ,0, , , , , , , , , ,3,2,0,0,0,0,1,0,0,0,0,0,0,0,0,0,0,0,0,0,2,0,1,0,0,0,0,0,0,0,0,0,0,0,0,0,0,40.0119,-75.0604, , 
60643,674118,2012042093,6,67,67301,2012,3,1,400,4,3,1,0,4,1, , ,N,1,2,0,3,0,4,5,10,N,N,39 57:12.114,75 12:58.132,409, ,403, ,0, ,N, ,3, , , , , , , , , ,10,7,0,1,0,0,2,0,0,0,0,4,4,0,0,0,0,0,0,0,0,0,0,0,0,0,0,0,0,0,0,0,0,0,0,4,1,39.9534,-75.2161, , 
60644,674167,2012048340,6,67,67301,2012,4,7,130,1,3,1,0,2,6, , ,N,0,0,0,3,0,1,3,2,N,N,40 06:02.969,75 02:30.978,138, ,131, ,0, ,N, ,0, , , , , , , , , ,2,1,0,0,0,0,1,0,0,0,0,0,1,1,0,0,0,0,0,1,0,0,0,1,0,0,0,0,0,0,0,0,0,0,0,8,0,40.1008,-75.0419, , 
60645,674170,2012050205,6,67,67301,2012,3,5,1421,14,1,1,0,4,1, , ,N,1,2,0,3,0,2,4,2,N,N,39 55:23.140,75 09:35.033,1422, ,1421,3,2,3,N, ,3,Y, , , , , , , , ,2,0,0,0,1,0,0,0,1,0,1,0,2,1,0,0,0,0,1,0,0,1,0,0,0,0,0,0,0,0,0,0,0,0,0,3,0,39.9231,-75.1597, , 
60646,674174,2012056733,6,67,67301,2012,5,7,215,2,3,1,1,1,1, , ,N,1,2,0,3,0,2,3,2,N,N,40 03:15.517,75 02:58.198,245, ,235, ,0, ,N, ,3, , , , , , , , , ,2,2,0,0,0,0,0,0,0,0,0,2,2,0,0,0,0,0,0,0,0,0,0,0,0,0,0,0,0,0,0,0,0,0,0,4,0,40.0543,-75.0495, , 
60647,674177,2012002919,6,67,67301,2012,1,1,814,8,1,1,0,1,1, , ,N,0,0,0,3,0,3,3,2,N,N,39 55:49.808,75 11:55.352,826, ,814, ,0, ,N, ,0, , , , , , , , , ,2,2,0,0,0,0,0,0,0,0,0,0,3,3,0,0,0,0,0,1,1,0,0,0,0,0,0,0,0,0,0,0,0,0,0,8,0,39.9305,-75.1987, , 
60648,674209,2012033045,6,67,67301,2012,3,6,1850,18,3,2,1,7,4, , ,N,0,0,0,3,0,1,1,1,N, ,39 55:32.448,75 09:38.937,1925, ,1912, ,0, , , ,0, , , , , , , , , ,1,0,0,0,1,0,0,0,0,1,0,0,1,0,0,0,0,0,0,0,1,0,0,0,0,0,0,0,0,0,0,0,0,0,0,2,0,39.9257,-75.1608, , 
60649,674210,2012033074,6,67,67301,2012,2,4,1240,12,1,1,0,0,1, , ,N,0,0,1,3,0,1,2,1,N, ,39 54:09.260,75 09:06.354,1259, ,1256, ,0, , , ,0, , , , , , , , , ,1,0,0,0,0,1,0,0,0,0,0,1,1,0,0,0,0,0,0,0,1,0,0,0,0,0,0,0,0,0,0,0,0,0,0,4,0,39.9026,-75.1518, , 
60650,674214,2012036918,6,67,67301,2012,3,5,2245,22,3,1,1,4,1, , ,N,1,2,0,3,0,1,2,3,N,N,39 59:12.447,75 10:50.908,2248, ,2246,2,2,7,N, ,3,Y, , , , , , , , ,3,2,0,0,0,0,1,0,0,0,0,0,1,1,0,0,0,0,0,0,1,0,0,0,0,0,0,0,0,0,0,0,0,0,0,8,0,39.9868,-75.1808, , 
60651,674244,2012042195,6,67,67301,2012,2,5,1615,16,1,1,0,1,1, , ,N,2,2,7,3,0,3,3,2,N,N,39 54:23.410,75 14:06.655,1620, ,1619, ,0, ,N, ,3, , , , , , , , , ,2,1,0,0,0,0,1,0,0,0,0,0,3,3,0,0,0,0,0,0,1,0,0,0,0,0,0,0,0,0,0,0,0,0,0,8,0,39.9065,-75.2352, , 
60652,677839,2012098307,6,67,67301,2012,9,2,1840,18,1,1,0,2,1, , ,N,1,1,0,3,0,2,2,2,N,N,39 55:36.045,75 14:08.296,1843, ,1842, ,0, ,N, ,3, , , , , , , , , ,2,1,1,0,0,0,0,0,0,0,0,2,2,0,0,0,0,0,1,0,0,0,0,0,0,0,0,0,0,0,0,0,0,0,0,4,0,39.9266,-75.2356, , 
60653,677847,2012015521,6,67,67301,2012,1,2,1730,17,3,1,0,1,1, , ,N,0,0,0,3,0,3,5,2,N,N,39 59:40.445,75 05:40.110,1751, ,1750, ,0, ,N, ,0, , , , , , , , , ,2,2,0,0,0,0,0,0,0,0,0,0,3,3,0,0,0,0,0,0,0,0,0,0,0,0,0,0,0,0,0,0,0,0,0,8,0,39.9946,-75.0945, , 
60654,677849,2012066734,6,67,67301,2012,5,6,215,2,3,1,0,7,2, , ,N,0,0,2,3,0,1,1,1,N,N,40 00:18.372,75 11:39.242,220, ,216,4,2,1,N, ,0,Y, , , , , , , , ,1,0,1,0,0,0,0,0,0,1,0,0,1,0,0,0,0,0,0,0,0,0,0,0,0,0,0,0,0,1,0,0,0,0,0,2,0,40.0051,-75.1942, , 
60655,677858,2012078647,6,67,67301,2012,7,7,1835,18,1,1,0,8,1, , ,N,0,0,0,3,0,1,2,2,N,N,39 58:19.963,75 15:54.601,1843, ,1837, ,0, ,N, ,0, , , , , , , , , ,1,1,0,0,0,0,0,0,0,0,0,0,1,1,0,0,0,0,0,0,0,0,0,0,0,0,0,0,0,0,0,0,1,0,0,8,0,39.9722,-75.2652, , 
60656,677867,2012088084,6,67,67301,2012,8,4,1630,16,1,2,1,9,1, , ,N,1,3,0,3,0,1,1,1,N,N,39 55:45.379,75 10:42.387,1643, ,1639, ,0, ,N, ,3, , , , , , , , , ,1,1,0,0,0,0,0,0,0,0,0,0,1,1,0,0,0,0,0,0,0,0,0,0,0,0,0,0,0,0,0,0,1,0,0,8,0,39.9293,-75.1784, , 
60657,677882,2012103954,6,67,67301,2012,9,1,240,2,3,1,0,5,6, , ,N,0,0,0,3,0,0,1,2,N, ,39 56:30.717,75 12:49.834,1045, ,1045, ,0, , , ,0, , , , , , , , , ,2,0,0,0,1,0,0,0,0,0,0,0,0,0,0,0,0,0,0,0,0,0,0,0,0,0,0,0,0,0,0,0,0,0,0,0,0,39.9419,-75.2138, , 
60658,677883,2012104026,6,67,67301,2012,9,6,1048,10,1,1,0,4,1, , ,N,2,2,0,3,0,1,2,2,N,N,39 58:43.055,75 08:00.685,1053, ,1051, ,0, ,N, ,3, , , , , , , , , ,2,2,0,0,0,0,0,0,0,0,0,0,1,1,0,0,0,0,0,0,0,1,0,0,0,0,0,0,0,0,0,0,0,0,0,8,0,39.9786,-75.1335, , 
60659,677916,2012026249,6,67,67301,2012,1,5,1910,19,3,2,1,8,1, , ,N,2,3,0,3,0,1,3,2,N, ,39 56:33.370,75 10:20.297,1927, ,1917, ,0, , , ,3, , , , , , , , , ,1,1,0,0,0,0,0,0,0,0,0,1,1,0,0,0,0,0,0,0,1,0,0,0,0,0,0,0,0,0,0,0,1,0,0,4,0,39.9426,-75.1723, , 
60660,677920,2012028169,6,67,67301,2012,2,3,723,7,5,1,1,2,1, , ,N,1,2,0,3,0,2,2,2,N,N,39 58:43.022,75 12:49.084,724, ,723,2,1,5,N, ,3,N, , , , , , , , ,2,2,0,0,0,0,0,0,0,0,0,0,2,2,0,0,0,0,0,0,0,1,0,1,0,0,0,0,0,0,0,0,0,0,0,8,0,39.9786,-75.2136, , 
60661,677934,2012048217,6,67,67301,2012,4,5,1500,15,1,1,0,8,1, , ,N,0,0,0,3,0,1,2,2,N,N,40 05:59.608,75 00:37.029,1726, ,1723, ,0, ,N, ,0, , , , , , , , , ,1,1,0,0,0,0,0,0,0,0,0,0,1,1,1,0,0,0,0,0,0,0,0,0,0,0,0,0,0,0,0,0,1,0,0,8,0,40.0999,-75.0103, , 
60662,677954,2012056718,6,67,67301,2012,5,7,9999,99,3,1,0,2,1, , ,N,1,2,0,3,0,2,3,2,N,N,40 01:21.296,75 10:41.374,200, ,155, ,0, ,N, ,3, , , , , , , , , ,2,1,0,0,0,0,1,0,0,0,0,1,2,1,0,0,0,0,0,0,0,0,0,0,0,0,0,0,0,0,0,0,0,0,0,4,0,40.0226,-75.1782, , 
60663,677959,2012068819,6,67,67301,2012,6,4,2150,21,3,1,0,4,1, , ,N,1,2,0,3,0,3,5,2,N,N,40 01:00.965,75 09:05.545,2157, ,2157, ,0, ,N, ,3, , , , , , , , , ,2,0,0,0,0,0,0,2,0,0,0,0,3,3,1,0,0,0,0,1,0,0,0,0,0,0,0,0,0,0,0,0,0,0,0,8,0,40.0169,-75.1516, , 
60664,677984,2012096953,6,67,67301,2012,9,5,616,6,3,2,1,7,2, , ,N,0,0,0,3,0,2,3,2,N,N,39 57:38.117,75 10:53.257,633, ,618,1,2,6,N, ,0,N, , , , , , , , ,2,0,0,0,0,1,1,0,0,0,0,0,2,2,0,0,0,0,0,0,1,0,0,0,0,0,0,0,0,0,0,0,0,0,0,8,1,39.9606,-75.1815, , 
60665,677990,2012056642,6,67,67301,2012,5,6,2153,21,3,2,1,5,1, , ,N,1,2,0,3,0,5,6,3,N,N,40 02:03.258,75 04:17.332,2158, ,2156,3,1,2,Y, ,3,Y, , , , , , , , ,3,2,0,0,0,0,1,0,0,0,0,5,5,0,0,0,0,1,1,0,0,0,0,0,0,0,0,0,0,0,0,0,0,0,0,4,0,40.0342,-75.0714, , 
60666,678003,2012015449,6,67,67301,2012,1,6,1910,19,1,1,0,4,1, , ,N,1,2,0,3,0,0,2,2,N, ,39 57:14.416,75 10:05.601,2041, ,2039, ,0, , , ,3, , , , , , , , , ,2,2,0,0,0,0,0,0,0,0,0,0,0,0,0,0,0,0,0,0,0,0,0,2,0,0,0,0,0,0,0,0,0,0,0,0,0,39.954,-75.1682, , 
60667,678006,2012017905,6,67,67301,2012,1,3,9999,99,1,2,1,4,1, , ,N,5,0,0,3,0,2,2,2,N,N,40 02:08.049,75 05:15.286,955, ,950, ,0, , , ,0, , , , , , , , , ,2,1,0,0,0,0,1,0,0,0,0,2,2,0,0,0,0,1,0,0,0,0,0,0,0,0,0,0,0,0,0,0,0,0,0,4,0,40.0356,-75.0876, , 
60668,678009,2012028162,6,67,67301,2012,2,3,1607,16,1,1,0,4,2, , ,N,0,0,7,3,0,1,3,2,N,N,40 05:06.343,75 02:12.450,1611, ,1610, ,0, ,N, ,0, , , , , , , , , ,2,1,0,0,1,0,0,0,0,0,0,1,1,0,0,0,0,0,0,0,2,0,0,0,0,0,0,0,0,0,0,0,0,0,0,4,0,40.0851,-75.0368, , 
60669,678014,2012036914,6,67,67301,2012,3,7,656,6,1,1,0,4,1, , ,N,5,2,0,3,0,1,2,2,N,N,39 59:16.745,75 10:56.357,710, ,656, ,0, ,N, ,3, , , , , , , , , ,1,1,0,0,0,0,0,0,1,0,1,0,1,0,0,0,0,0,0,0,0,0,0,0,0,0,0,0,0,0,0,0,0,0,0,3,0,39.9881,-75.1824, , 
60670,680862,2012080806,6,67,67301,2012,7,7,1113,11,1,1,0,4,1, , ,N,0,0,7,3,0,1,3,2,N,N,40 02:52.254,75 03:34.879,1116, ,1114, ,0, ,N, ,0, , , , , , , , , ,2,2,0,0,0,0,0,0,0,0,0,0,1,1,0,0,0,0,0,0,0,0,0,0,0,0,0,0,0,0,0,0,0,0,0,8,0,40.0478,-75.0597, , 
60671,680886,2012060789,6,67,67301,2012,5,6,1100,11,1,1,0,4,1, , ,N,1,3,0,3,0,1,2,2,N,N,40 00:14.481,75 10:18.193,1154, ,1152, ,0, ,N, ,3, , , , , , , , , ,2,1,0,0,1,0,0,0,0,0,0,0,1,1,0,0,0,0,0,0,0,0,0,1,0,0,0,0,0,0,0,0,0,0,0,8,0,40.004,-75.1717, , 
60672,680904,2012083403,6,67,67301,2012,8,6,2127,21,3,1,0,4,1, , ,N,1,2,0,3,0,5,7,3,N,N,40 03:23.345,75 02:47.046,2134, ,2131,1,1,2,N, ,3,N, , , , , , , , ,3,3,0,0,0,0,0,0,0,0,0,5,5,0,0,0,0,0,0,0,0,0,0,0,0,0,0,0,0,0,0,0,0,0,0,4,0,40.0565,-75.0464, , 
60673,680914,2012089377,6,46,46102,2012,9,7,1839,18,1,2,1,4,1, , ,N,1,2,0,3,0,5,5,2,N,N,40 03:42.662,75 08:11.967,1845, ,1839, ,0, ,N, ,3, , , , , , , , , ,2,1,0,0,0,0,1,0,0,0,0,0,5,5,0,0,0,0,0,0,1,0,0,0,0,0,0,0,0,0,0,0,0,0,0,8,0,40.0618,-75.1367, , 
60674,680933,2012065331,6,67,67301,2012,6,6,1250,12,1,1,0,4,1, , ,N,1,2,0,3,0,4,6,2,N,N,39 54:44.913,75 08:17.195,1305, ,1305, ,0, ,N, ,3, , , , , , , , , ,2,0,0,0,0,1,1,0,0,0,0,0,4,4,0,0,0,0,0,0,0,0,0,1,0,0,0,0,0,0,0,0,0,0,0,8,1,39.9125,-75.1381, , 
60675,680943,2012078530,6,67,67301,2012,7,2,1729,17,1,1,0,6,6, , ,N,0,0,0,3,0,0,1,4,N,N,40 03:57.009,75 03:35.920,1747, ,1745, ,0, ,N, ,0, , , , , , , , , ,4,2,0,0,0,0,2,0,0,0,0,0,0,0,0,0,0,0,0,0,0,0,0,0,0,0,0,0,0,0,0,0,0,0,0,0,0,40.0658,-75.06, , 
60676,680944,2012078538,6,67,67301,2012,7,4,9999,99,1,1,0,4,1, , ,N,1,0,0,3,0,1,2,2,N,N,39 56:45.250,75 11:01.265,1429, ,1428, ,0, ,N, ,0, , , , , , , , , ,1,1,0,0,0,0,0,0,1,0,0,1,1,0,0,0,0,0,0,0,0,0,0,0,0,0,0,0,0,0,0,0,0,0,0,4,0,39.9459,-75.1837, , 
60677,680967,2012098519,6,67,67301,2012,9,7,1632,16,1,1,0,4,1, , ,N,1,2,0,3,0,4,9,4,N,N,40 04:35.542,75 04:56.744,1655, ,1649, ,0, , , ,3, , , , , , , , , ,4,3,0,0,0,0,1,0,0,0,0,1,4,3,0,0,0,0,0,1,2,1,0,0,0,0,0,0,0,0,0,0,0,0,0,4,0,40.0765,-75.0824, , 
60678,680968,2012098956,6,67,67301,2012,9,3,848,8,1,1,0,8,1, , ,N,0,0,0,3,0,1,2,2,N,N,39 57:24.868,75 11:58.781,849, ,848, ,0, ,N, ,0, , , , , , , , , ,1,0,0,0,0,0,0,1,0,0,0,0,1,1,0,0,0,0,0,0,0,0,0,0,0,0,0,0,0,0,0,0,1,0,0,8,0,39.9569,-75.1997, , 
60679,680994,2012063880,6,67,67301,2012,5,5,1425,14,1,1,0,4,1, , ,N,2,3,0,3,0,0,2,2,N, ,39 57:27.961,75 10:29.899,1735, ,1730, ,0, , , ,3, , , , , , , , , ,2,0,0,0,0,0,2,0,0,0,0,0,0,0,0,0,0,0,0,0,1,0,0,0,0,0,0,0,0,0,0,0,0,0,0,0,0,39.9578,-75.175, , 