objectid_1,objectid,crn,district,county,municipality,crash_year,crash_month,day_of_week,time_of_day,hour_of_day,illumination,weather,road_condition,collision_type,relation_to_road,work_zone_type,work_zone_loc,work_zone_ind,intersect_type,tcd_type,location_type,urban_rural,fatal_count,injury_count,person_count,total_units,sch_bus_ind,sch_zone_ind,latitude,longitude,arrival_tm,cons_zone_spd_lim,dispatch_tm,est_hrs_closed,lane_closed,ln_close_dir,ntfy_hiwy_maint,spec_juris_cd,tcd_func_cd,tfc_detour_ind,workers_pres,wz_close_detour,wz_flagger,wz_law_offcr_ind,wz_ln_closure,wz_moving,wz_other,wz_shlder_mdn,vehicle_count,automobile_count,motorcycle_count,bus_count,small_truck_count,heavy_truck_count,suv_count,van_count,bicycle_count,maj_inj_count,mod_inj_count,min_inj_count,tot_inj_count,unk_inj_deg_count,unk_inj_per_count,driver_count_16yr,driver_count_17yr,driver_count_18yr,driver_count_19yr,driver_count_20yr,driver_count_50_64yr,driver_count_65_74yr,driver_count_75plus,unbelted_occ_count,unb_death_count,unb_maj_inj_count,belted_death_count,belted_maj_inj_count,mcycle_death_count,mcycle_maj_inj_count,bicycle_death_count,bicycle_maj_inj_count,ped_count,ped_death_count,ped_maj_inj_count,max_severity_level,comm_veh_count,dec_lat,dec_long,rdwy_surf_type_cd,county_name
60680,681037,2012078712,6,67,67301,2012,7,1,1820,18,1,1,0,1,1, , ,N,0,0,0,3,0,0,3,3,N,N,39 57:32.914,75 10:19.013,1844, ,1832, ,0, ,N, ,0, , , , , , , , , ,3,1,0,0,0,0,2,0,0,0,0,0,0,0,0,0,0,0,0,0,0,1,0,0,0,0,0,0,0,0,0,0,0,0,0,0,0,39.9591,-75.1719, , 
60681,681040,2012083527,6,67,67301,2012,8,3,1917,19,4,1,0,7,2, , ,N,0,0,0,3,0,1,1,1,N,N,40 01:39.915,75 01:26.762,1920, ,1919, ,0, ,N, ,0, , , , , , , , , ,1,0,0,0,1,0,0,0,0,0,0,0,1,1,0,0,0,0,0,0,1,0,0,0,0,0,0,0,0,0,0,0,0,0,0,8,0,40.0276,-75.0243, , 
60682,681042,2012084051,6,67,67301,2012,8,7,215,2,3,2,1,7,2, , ,N,0,0,0,3,0,2,2,1,N,N,39 57:37.617,75 10:52.820,222, ,218,1,1,4,N, ,0,N, , , , , , , , ,1,1,0,0,0,0,0,0,0,0,2,0,2,0,0,0,0,0,0,0,0,0,0,0,0,0,0,0,0,0,0,0,0,0,0,3,0,39.9604,-75.1813, , 
60683,681065,2012098489,6,67,67301,2012,8,5,1523,15,1,1,0,2,2, , ,N,0,3,7,3,0,1,1,2,N,N,40 06:08.294,75 01:42.758,1527, ,1525,3,2,3,N, ,3,Y, , , , , , , , ,1,1,0,0,0,0,0,0,1,0,0,0,1,1,0,0,0,0,0,0,0,0,0,0,0,0,0,0,0,0,0,0,0,0,0,8,0,40.1023,-75.0285, , 
60684,681133,2012073558,6,67,67301,2012,6,6,1230,12,1,1,0,4,1, , ,N,1,2,0,3,0,1,2,2,N, ,39 57:46.804,75 09:58.539,1231, ,1231, ,0, , , ,3, , , , , , , , , ,1,1,0,0,0,0,0,0,1,0,0,1,1,0,0,0,1,0,0,0,0,0,0,0,0,0,0,0,0,0,0,0,0,0,0,4,0,39.963,-75.1662, , 
60685,681134,2012075991,6,67,67301,2012,6,4,1030,10,1,1,0,1,1, , ,N,0,0,0,3,0,0,4,4,N,N,39 57:26.673,75 12:59.467,1042, ,1040, ,0, ,N, ,0, , , , , , , , , ,4,3,0,0,0,0,1,0,0,0,0,0,0,0,0,0,0,0,0,0,0,1,0,0,0,0,0,0,0,0,0,0,0,0,0,0,0,39.9574,-75.2165, , 
60686,681142,2012083177,6,67,67301,2012,6,3,1140,11,1,1,0,1,1, , ,N,1,2,0,3,0,1,2,2,N,N,40 00:31.218,75 12:38.618,0, ,0, ,0, ,N, ,3, , , , , , , , , ,2,1,0,0,0,0,1,0,0,0,0,1,1,0,1,0,0,0,0,0,0,0,0,0,0,0,0,0,0,0,0,0,0,0,0,4,0,40.0085,-75.2107, , 
60687,681154,2012098324,6,67,67301,2012,8,6,1030,10,1,1,0,6,1, , ,N,1,2,0,3,0,1,2,2,N, ,40 01:06.232,75 08:12.411,1038, ,1034, ,0, , , ,3, , , , , , , , , ,2,1,0,0,0,0,1,0,0,0,0,0,1,1,0,0,1,0,0,0,1,0,0,1,0,0,0,0,0,0,0,0,0,0,0,8,0,40.0184,-75.1368, , 
60688,670619,2012071061,6,67,67301,2012,7,1,1037,10,1,1,0,1,1, , ,N,0,0,0,3,0,1,3,2,N,N,39 58:17.528,75 11:36.272,1037, ,1037, ,0, ,N, ,0, , , , , , , , , ,2,2,0,0,0,0,0,0,0,0,0,0,1,1,0,0,0,0,0,0,0,0,1,0,0,0,0,0,0,0,0,0,0,0,0,8,0,39.9715,-75.1934, , 
60689,670631,2012078162,6,67,67301,2012,7,2,2237,22,3,1,0,1,1, , ,N,2,2,0,3,0,1,2,2,N,N,40 02:28.161,75 09:04.622,125, ,115, ,0, ,N, ,3, , , , , , , , , ,2,2,0,0,0,0,0,0,0,0,1,0,1,0,0,0,0,0,0,0,0,0,0,0,0,0,0,0,0,0,0,0,0,0,0,3,0,40.0412,-75.1513, , 
60690,670641,2012095357,6,67,67301,2012,8,7,644,6,1,1,0,1,1, , ,N,1,0,0,3,0,2,2,2,N,N,39 57:20.098,75 14:02.378,646, ,645, ,0, ,N, ,0, , , , , , , , , ,2,1,0,0,0,0,1,0,0,0,0,0,2,2,0,0,0,0,0,0,1,0,0,0,0,0,0,0,0,0,0,0,0,0,0,8,0,39.9556,-75.234, , 
60691,670686,2012026217,6,67,67301,2012,1,4,1357,13,1,1,0,8,1, , ,N,1,2,0,3,0,1,2,2,N,N,40 00:09.455,75 07:27.886,1357, ,1357, ,0, ,N, ,3, , , , , , , , , ,1,0,0,0,1,0,0,0,0,0,0,1,1,0,0,0,0,0,0,0,0,0,0,1,0,0,0,0,0,0,0,0,1,0,0,4,0,40.0026,-75.1244, , 
60692,670720,2012018383,6,67,67301,2012,1,2,1539,15,1,2,1,8,1, , ,N,1,0,0,3,1,0,2,2,N, ,39 56:27.112,75 12:45.004,1543, ,1541,9,2,7, ,0,0,Y, , , , , , , , ,1,0,0,1,0,0,0,0,0,0,0,0,0,0,0,0,0,0,0,0,0,0,0,0,0,0,0,0,0,0,0,0,1,1,0,1,1,39.9408,-75.2125,2, 
60693,670733,2012032654,6,67,67301,2012,2,2,1657,16,1,1,0,4,1, , ,N,1,3,0,3,0,1,4,2,N,N,40 01:55.477,75 04:52.420,1725, ,1716, ,0, ,N, ,3, , , , , , , , , ,2,2,0,0,0,0,0,0,0,0,0,0,1,1,0,0,0,1,0,0,0,0,0,0,0,0,0,0,0,0,0,0,0,0,0,8,0,40.0321,-75.0812, , 
60694,670735,2012034664,6,67,67301,2012,3,4,1017,10,1,1,0,4,1, , ,N,1,3,0,3,0,1,2,3,N,N,39 58:08.778,75 14:51.154,1026, ,1019, ,0, ,N, ,3, , , , , , , , , ,2,2,0,0,0,0,0,0,1,0,0,1,1,0,0,0,0,0,0,0,1,0,0,0,0,0,0,0,0,0,0,0,0,0,0,4,0,39.9691,-75.2475, , 
60695,670745,2012048305,6,67,67301,2012,3,4,910,9,1,1,0,4,1, , ,N,1,2,0,3,0,2,2,2,N, ,40 02:06.826,75 08:44.062,920, ,915, ,0, , , ,3, , , , , , , , , ,2,1,0,0,0,0,0,1,0,0,0,2,2,0,0,0,0,0,0,0,0,0,0,0,0,0,0,0,0,0,0,0,0,0,0,4,0,40.0352,-75.1455, , 
60696,670755,2012060740,6,67,67301,2012,5,5,9999,99,1,1,0,4,1, , ,N,1,2,0,3,0,1,3,3,N, ,40 00:50.174,75 03:20.262,9999, ,9999,9,1,2, , ,3,Y, , , , , , , , ,3,1,0,0,1,0,0,1,0,0,1,0,1,0,0,0,0,0,0,0,1,0,0,0,0,0,0,0,0,0,0,0,0,0,0,3,0,40.0139,-75.0556, , 
60697,670764,2012012672,6,67,67301,2012,1,3,1214,12,1,1,0,4,1, , ,N,1,2,0,3,0,2,2,2,N,Y,40 02:18.542,75 03:06.508,1227, ,1224, ,0, ,N, ,3, , , , , , , , , ,2,1,0,0,0,0,1,0,0,0,0,0,2,2,0,0,0,0,0,0,0,0,0,0,0,0,0,0,0,0,0,0,0,0,0,8,0,40.0385,-75.0518, , 
60698,670777,2012027765,6,67,67301,2012,2,4,2325,23,3,1,1,8,1, , ,N,1,3,0,3,0,1,2,2,N,N,39 56:14.827,75 13:12.964,2330, ,2330, ,0, ,N, ,3, , , , , , , , , ,1,1,0,0,0,0,0,0,0,0,1,0,1,0,0,0,0,0,0,0,0,0,0,0,0,0,0,0,0,0,0,0,1,0,0,3,0,39.9375,-75.2203, , 
60699,670779,2012030799,6,67,67301,2012,3,4,203,2,3,1,0,7,4, , ,N,0,0,0,3,0,1,3,1,N,N,39 58:33.705,75 11:42.198,205, ,204, ,0, ,N, ,0, , , , , , , , , ,1,1,0,0,0,0,0,0,0,0,0,1,1,0,0,0,0,0,0,0,0,0,0,0,0,0,0,0,0,0,0,0,0,0,0,4,0,39.976,-75.1951, , 
60700,670783,2012037382,6,67,67301,2012,2,3,1637,16,1,1,0,4,1, , ,N,5,2,0,3,0,1,2,2,N,N,39 55:31.864,75 10:09.708,1645, ,1640, ,0, ,N, ,3, , , , , , , , , ,2,1,1,0,0,0,0,0,0,0,0,1,1,0,0,0,0,0,0,1,0,0,0,0,0,0,0,0,0,0,0,0,0,0,0,4,0,39.9256,-75.1693, , 
60701,670789,2012041587,6,67,67301,2012,3,4,9999,99,3,1,0,4,1, , ,N,1,2,0,3,0,2,3,2,N, ,39 59:15.993,75 10:03.457,2145, ,2143,3,2,1, , ,3,Y, , , , , , , , ,2,2,0,0,0,0,0,0,0,0,0,0,2,2,1,0,0,0,0,0,0,0,0,0,0,0,0,0,0,0,0,0,0,0,0,8,0,39.9878,-75.1676, , 
60702,670798,2012053375,6,67,67301,2012,5,7,1756,17,1,1,0,7,2, , ,N,6,0,8,3,0,1,1,1,N,N,39 57:24.144,75 08:32.205,1800, ,1757,2,1,4,N, ,0,N, , , , , , , , ,1,0,1,0,0,0,0,0,0,1,0,0,1,0,0,0,0,0,0,0,0,0,0,0,0,0,0,0,0,1,0,0,0,0,0,2,0,39.9575,-75.1467, , 
60703,670802,2012056717,6,67,67301,2012,5,3,1032,10,1,2,1,4,1, , ,N,2,3,0,3,0,2,2,3,N,N,40 02:17.069,75 08:25.103,1050, ,1045, ,0, ,N, ,3, , , , , , , , , ,3,3,0,0,0,0,0,0,0,0,0,2,2,0,0,0,0,0,0,0,0,0,0,0,0,0,0,0,0,0,0,0,0,0,0,4,0,40.0381,-75.1403, , 
60704,670805,2012060837,6,67,67301,2012,5,1,9999,99,4,1,0,2,1, , ,N,0,0,0,3,0,2,2,3,N,Y,40 03:21.157,75 04:21.874,1754, ,1747, ,0, ,Y, ,0, , , , , , , , , ,3,2,0,0,0,0,1,0,0,0,0,2,2,0,0,0,0,0,0,0,1,0,0,0,0,0,0,0,0,0,0,0,0,0,0,4,0,40.0559,-75.0727, , 
60705,670826,2012026134,6,67,67301,2012,2,3,949,9,1,1,0,4,1, , ,N,0,0,7,3,0,1,5,3,N,N,40 04:25.414,75 02:09.340,952, ,950, ,0, ,N, ,0, , , , , , , , , ,3,1,0,0,1,0,1,0,0,0,0,1,1,0,0,0,0,0,0,0,0,0,1,0,0,0,0,0,0,0,0,0,0,0,0,4,0,40.0737,-75.0359, , 
60706,674245,2012042202,6,67,67301,2012,3,5,1143,11,1,1,0,8,1, , ,N,1,2,0,3,0,2,3,3,N,N,40 02:35.626,75 10:51.146,1206, ,1159,3,2,5,N, ,3,Y, , , , , , , , ,1,1,0,0,0,0,0,0,0,0,0,2,2,0,0,0,0,1,0,0,0,0,0,0,0,0,0,0,0,0,0,0,2,0,0,4,0,40.0432,-75.1809, , 
60707,674266,2012068773,6,67,67301,2012,6,2,30,0,3,1,0,7,3, , ,N,0,0,0,3,0,0,1,1,N, ,40 02:29.938,75 03:25.688,30, ,200, ,0, , , ,0, , , , , , , , , ,1,0,0,0,0,0,0,1,0,0,0,0,0,0,0,0,0,0,0,0,0,0,0,0,0,0,0,0,0,0,0,0,0,0,0,0,0,40.0416,-75.0571, , 
60708,674268,2012071373,6,67,67301,2012,7,5,222,2,3,1,0,4,1, , ,N,1,2,0,3,0,0,2,2,N,N,40 03:33.132,75 02:38.341,223, ,223,2,1,7,N, ,3,N, , , , , , , , ,2,1,0,0,0,0,0,1,0,0,0,0,0,0,0,0,0,0,0,1,0,0,0,0,0,0,0,0,0,0,0,0,0,0,0,0,0,40.0592,-75.044, , 
60709,674295,2012026427,6,67,67301,2012,3,7,1249,12,1,1,0,1,1, , ,N,0,0,0,3,0,0,3,2,N,N,39 57:34.110,75 10:28.662,1330, ,1256, ,0, ,N, ,0, , , , , , , , , ,2,0,0,0,2,0,0,0,0,0,0,0,0,0,0,0,0,0,0,0,0,0,0,0,0,0,0,0,0,0,0,0,0,0,0,0,0,39.9595,-75.1746, , 
60710,674296,2012027726,6,67,67301,2012,2,1,305,3,3,4,5,7,4, , ,N,10,3,0,3,0,2,2,1,N,N,40 05:04.495,75 00:09.457,307, ,305, ,0, ,N, ,3, , , , , , , , , ,1,1,0,0,0,0,0,0,0,0,0,2,2,0,0,0,0,0,0,0,0,0,0,0,0,0,0,0,0,0,0,0,0,0,0,4,0,40.0846,-75.0026, , 
60711,674300,2012034818,6,67,67301,2012,3,7,1325,13,1,1,0,8,1, , ,N,0,0,0,3,0,1,2,2,N,N,39 58:49.916,75 08:13.905,1335, ,1330, ,0, ,N, ,0, , , , , , , , , ,1,0,0,0,0,0,1,0,0,0,0,0,1,1,0,0,0,0,0,0,0,0,0,0,0,0,0,0,0,0,0,0,1,0,0,8,0,39.9805,-75.1372, , 
60712,674316,2012051946,6,67,67301,2012,4,6,2030,20,6,9,8,8,1, , ,N,1,0,0,3,0,1,2,2,N, ,40 01:50.927,75 09:59.437,1650, ,1636, ,0, , , ,0, , , , , , , , , ,1,0,0,0,0,0,1,0,0,0,0,0,1,1,0,0,0,0,0,0,0,0,0,0,0,0,0,0,0,0,0,0,1,0,0,8,0,40.0308,-75.1665, , 
60713,674341,2012068840,6,67,67301,2012,6,2,1615,16,1,2,1,8,1, , ,N,0,0,0,3,0,1,2,2,N,N,40 01:20.360,75 07:12.830,2113, ,2110, ,0, ,N, ,0, , , , , , , , , ,1,0,0,0,0,0,0,1,0,0,0,1,1,0,0,0,0,0,0,0,0,0,0,0,0,0,0,0,0,0,0,0,1,0,0,4,0,40.0223,-75.1202, , 
60714,674356,2012083339,6,67,67301,2012,7,3,1419,14,1,1,0,4,1, , ,N,1,2,0,3,0,2,2,2,N, ,40 01:40.752,75 03:26.701,1425, ,1424,9,1,4,Y, ,3,N, , , , , , , , ,2,2,0,0,0,0,0,0,0,0,1,0,2,1,0,0,0,0,0,0,0,0,0,1,0,0,0,0,0,0,0,0,0,0,0,3,0,40.028,-75.0574, , 
60715,674357,2012083340,6,67,67301,2012,7,6,1145,11,1,1,0,1,1, , ,N,0,2,0,3,0,1,2,2,N,N,40 04:27.199,75 01:00.900,1159, ,1159,1,1,3,N, ,3,N, , , , , , , , ,2,1,0,0,0,0,1,0,0,0,0,1,1,0,0,0,0,0,0,0,0,1,0,0,0,0,0,0,0,0,0,0,0,0,0,4,0,40.0742,-75.0169, , 
60716,674378,2012010377,6,67,67301,2012,1,7,240,2,3,4,3,4,1, , ,N,0,0,0,3,0,0,2,2,N,N,40 01:46.754,75 01:19.504,312, ,255, ,0, ,N, ,0, , , , , , , , , ,2,1,0,0,0,0,0,1,0,0,0,0,0,0,0,0,0,0,0,0,0,0,0,0,0,0,0,0,0,0,0,0,0,0,0,0,0,40.0295,-75.0222, , 
60717,674396,2012034632,6,67,67301,2012,2,4,1300,13,1,1,0,8,1, , ,N,1,2,0,3,0,1,3,2,N,Y,39 59:55.345,75 10:00.947,1610, ,1557, ,0, ,N, ,3, , , , , , , , , ,1,1,0,0,0,0,0,0,0,0,0,1,1,0,0,0,0,0,0,0,0,0,0,0,0,0,0,0,0,0,0,0,1,0,0,4,0,39.9987,-75.1669, , 
60718,674405,2012041664,6,67,67301,2012,3,3,555,5,3,2,1,4,1, , ,N,1,2,0,3,0,1,2,2,N,N,40 02:28.801,75 06:24.126,605, ,558, ,0, ,N, ,3, , , , , , , , , ,2,1,0,0,0,0,1,0,0,0,0,0,1,1,0,0,0,0,0,0,2,0,0,0,0,0,0,0,0,0,0,0,0,0,0,8,0,40.0413,-75.1067, , 
60719,674410,2012048053,6,67,67301,2012,4,2,2222,22,2,1,0,4,1, , ,N,2,0,0,3,0,1,2,2,N,N,40 04:59.543,74 59:30.247,2224, ,2223, ,0, ,N, ,0, , , , , , , , , ,1,0,0,0,1,0,0,0,1,0,0,1,1,0,0,0,0,0,0,0,0,0,0,1,0,0,0,0,0,0,0,0,0,0,0,4,0,40.0832,-74.9917, , 
60720,674411,2012050098,6,67,67301,2012,1,1,500,5,6,1,0,7,2, , ,N,7,0,2,3,0,3,3,2,N,N,39 56:54.491,75 11:10.619,0, ,0, ,0, ,N, ,0, , , , , , , , , ,1,0,0,0,0,0,1,0,0,0,1,1,3,1,0,0,0,0,0,0,0,0,0,0,0,0,0,0,0,0,0,0,0,0,0,3,0,39.9485,-75.1863, , 
60721,674421,2012002602,6,67,67301,2012,1,4,2322,23,3,1,1,1,1, , ,N,0,0,0,3,0,2,4,3,N,N,39 57:34.401,75 10:34.593,2329, ,2329,2,2,3,N, ,0,N, , , , , , , , ,3,3,0,0,0,0,0,0,0,0,0,0,2,2,0,0,0,0,0,0,0,0,0,0,0,0,0,0,0,0,0,0,0,0,0,8,0,39.9596,-75.1763, , 
60722,674438,2012032720,6,67,67301,2012,2,1,1546,15,1,1,0,4,1, , ,N,2,0,0,3,0,0,2,2,N,N,40 02:49.513,75 10:16.211,1552, ,1546, ,0, ,N, ,0, , , , , , , , , ,2,1,0,0,0,0,0,1,0,0,0,0,0,0,0,0,0,0,0,0,0,0,1,2,0,0,0,0,0,0,0,0,0,0,0,0,0,40.0471,-75.1712, , 
60723,674440,2012036907,6,67,67301,2012,3,5,217,2,3,2,1,4,1, , ,N,1,2,0,3,0,2,2,2,N,N,40 03:22.935,75 09:09.367,219, ,218,9,2,7,N, ,3,Y, , , , , , , , ,2,1,0,0,0,0,1,0,0,0,0,0,2,2,0,0,0,0,0,0,0,0,0,0,0,0,0,0,0,0,0,0,0,0,0,8,0,40.0564,-75.1526, , 
60724,678022,2012048304,6,67,67301,2012,4,1,9999,99,3,1,0,7,2, , ,N,0,0,0,3,0,1,1,1,N,N,40 01:33.794,75 09:33.462,348, ,338, ,0, ,N, ,0, , , , , , , , , ,1,1,0,0,0,0,0,0,0,0,0,1,1,0,0,0,0,0,0,0,0,0,0,0,0,0,0,0,0,0,0,0,0,0,0,4,0,40.0261,-75.1593, , 
60725,678053,2012026120,6,67,67301,2012,2,4,1600,16,2,4,1,4,1, , ,N,1,2,0,3,0,2,2,2,N, ,40 02:07.432,75 02:59.146,1759, ,1754, ,0, , , ,3, , , , , , , , , ,2,1,0,0,0,0,1,0,0,0,0,2,2,0,0,0,0,0,0,0,0,0,0,0,0,0,0,0,0,0,0,0,0,0,0,4,0,40.0354,-75.0498, , 
60726,678071,2012048882,6,67,67301,2012,4,5,1719,17,1,1,0,4,7, , ,N,2,3,2,3,0,0,2,2,N,N,39 54:42.691,75 09:38.161,1747, ,1745, ,0, ,N, ,3, , , , , , , , , ,2,1,0,0,0,0,1,0,0,0,0,0,0,0,0,0,0,0,0,0,0,0,0,0,0,0,0,0,0,0,0,0,0,0,0,0,0,39.9119,-75.1606, , 
60727,678073,2012049860,6,67,67301,2012,3,5,1505,15,1,1,0,8,1, , ,N,1,2,0,3,0,1,2,2,N,N,40 03:37.434,74 59:25.565,1515, ,1510, ,0, ,N, ,3, , , , , , , , , ,1,1,0,0,0,0,0,0,0,0,0,1,1,0,0,0,0,0,0,0,0,0,1,0,0,0,0,0,0,0,0,0,1,0,0,4,0,40.0604,-74.9904, , 
60728,678111,2012095545,6,67,67301,2012,8,1,1500,15,1,1,0,4,1, , ,N,2,2,0,3,0,1,2,2,N,N,40 01:38.080,75 11:00.687,1540, ,1500, ,0, ,N, ,3, , , , , , , , , ,2,2,0,0,0,0,0,0,0,0,0,1,1,0,0,0,0,0,0,1,0,0,0,0,0,0,0,0,0,0,0,0,0,0,0,4,0,40.0272,-75.1835, , 
60729,678130,2012111634,6,67,67301,2012,10,4,1558,15,1,1,0,4,1, , ,N,1,3,0,3,0,1,2,1,N,N,39 57:59.151,75 12:55.634,1601, ,1600, ,0, ,N, ,3, , , , , , , , , ,1,0,0,0,0,0,1,0,1,0,0,0,1,1,0,0,0,0,0,0,0,1,0,0,0,0,0,0,0,0,0,0,1,0,0,8,0,39.9664,-75.2155, , 
60730,678160,2012036865,6,67,67301,2012,3,3,1830,18,1,1,0,4,1, , ,N,1,2,0,3,0,2,3,2,N, ,40 03:20.701,75 05:22.429,1900, ,1847, ,0, , , ,3, , , , , , , , , ,2,1,0,0,0,0,1,0,0,0,0,2,2,0,0,0,0,0,0,0,0,0,0,0,0,0,0,0,0,0,0,0,0,0,0,4,0,40.0558,-75.0896, , 
60731,678176,2012060743,6,67,67301,2012,5,4,132,1,3,2,1,1,1, , ,N,1,2,0,3,0,0,2,2,N,N,40 00:16.936,75 09:08.069,9999, ,9999, ,0, ,N, ,3, , , , , , , , , ,2,1,0,0,0,0,1,0,0,0,0,0,0,0,0,0,0,0,0,0,0,0,0,0,0,0,0,0,0,0,0,0,0,0,0,0,0,40.0047,-75.1521, , 
60732,678192,2012015430,6,67,67301,2012,1,3,1100,11,1,1,0,4,1, , ,N,1,3,0,3,0,1,2,2,N,Y,39 55:07.024,75 13:41.919,1103, ,1103, ,0, ,N, ,3, , , , , , , , , ,2,1,0,0,0,0,1,0,0,0,0,0,1,1,0,0,0,0,0,0,0,0,0,2,0,0,0,0,0,0,0,0,0,0,0,8,0,39.9186,-75.2283, , 
60733,678218,2012048895,6,67,67301,2012,4,4,9999,99,1,1,0,4,1, , ,N,1,0,0,3,0,0,1,3,N, ,39 56:25.195,75 10:21.993,1254, ,1250, ,0, , , ,0, , , , , , , , , ,3,1,0,0,1,0,1,0,0,0,0,0,0,0,0,0,0,0,0,0,0,0,0,0,0,0,0,0,0,0,0,0,0,0,0,0,0,39.9403,-75.1728, , 
60734,678219,2012049834,6,67,67301,2012,4,1,649,6,1,1,1,7,2, , ,N,0,0,0,3,0,5,5,1,N,N,40 01:20.445,75 08:13.612,706, ,651,3,2,5,N, ,0,Y, , , , , , , , ,1,0,0,0,0,0,0,1,0,3,0,2,5,0,0,0,0,0,0,0,0,0,0,3,0,2,0,0,0,0,0,0,0,0,0,2,0,40.0223,-75.1371, , 
60735,678232,2012048023,6,67,67301,2012,3,6,1030,10,1,1,0,1,1, , ,N,1,2,0,3,0,2,3,2,N, ,39 54:40.129,75 13:49.231,1110, ,1100, ,0, , , ,3, , , , , , , , , ,2,2,0,0,0,0,0,0,0,0,0,0,2,2,0,0,0,0,0,0,1,0,0,0,0,0,0,0,0,0,0,0,0,0,0,8,0,39.9111,-75.2303, , 
60736,678238,2012073521,6,67,67301,2012,6,4,2230,22,2,1,0,4,1, , ,N,1,3,0,3,0,1,3,3,N,N,40 03:57.202,75 10:35.464,2232, ,2232, ,0, ,N, ,2, , , , , , , , , ,3,3,0,0,0,0,0,0,0,0,0,1,1,0,0,0,0,0,0,0,0,0,0,0,0,0,0,0,0,0,0,0,0,0,0,4,0,40.0659,-75.1765, , 
60737,678243,2012078261,6,67,67301,2012,7,7,1139,11,1,2,1,1,1, , ,N,0,2,0,3,0,1,6,2,N, ,40 01:00.589,75 08:56.417,1149, ,1139, ,0, , , ,3, , , , , , , , , ,2,1,0,0,0,0,1,0,0,0,0,1,1,0,0,0,0,0,0,0,0,0,0,6,0,0,0,0,0,0,0,0,0,0,0,4,0,40.0168,-75.149, , 
60738,678275,2012121680,6,67,67301,2012,7,4,1610,16,1,1,0,1,1, , ,N,0,0,0,3,0,3,3,3,N,N,39 58:38.227,75 12:00.755,1616, ,1612,2,1,1,N, ,0,N, , , , , , , , ,3,0,3,0,0,0,0,0,0,0,0,3,3,0,0,0,0,0,0,0,1,0,0,0,0,0,0,0,0,0,0,0,0,0,0,4,0,39.9773,-75.2002, , 
60739,678309,2012032546,6,67,67301,2012,2,1,403,4,3,1,0,7,5, , ,N,0,0,0,3,0,2,2,1,N,N,39 57:20.871,75 08:21.171,407, ,405,3,2,2,N, ,0,Y, , , , , , , , ,1,1,0,0,0,0,0,0,0,0,0,1,2,1,0,0,0,0,0,0,0,0,0,0,0,0,0,0,0,0,0,0,0,0,0,4,0,39.9558,-75.1392, , 
60740,678317,2012042193,6,67,67301,2012,3,1,413,4,3,2,1,4,1, , ,N,0,0,0,3,0,2,2,2,N,N,39 55:22.782,75 10:54.332,418, ,415, ,0, ,N, ,0, , , , , , , , , ,2,1,0,0,0,0,1,0,0,0,0,2,2,0,0,0,0,0,0,0,1,0,0,0,0,0,0,0,0,0,0,0,0,0,0,4,0,39.923,-75.1818, , 
60741,678321,2012049714,6,67,67301,2012,5,3,158,1,3,1,0,7,4, , ,N,1,2,0,3,0,1,1,1,N,N,40 01:06.050,75 03:49.362,251, ,246, ,0, , , ,3, , , , , , , , , ,1,1,0,0,0,0,0,0,0,0,0,0,1,1,0,0,0,0,0,0,0,0,0,0,0,0,0,0,0,0,0,0,0,0,0,8,0,40.0185,-75.0637, , 
60742,681155,2012098548,6,67,67301,2012,9,3,1233,12,1,2,1,4,1, , ,N,1,2,0,3,0,2,2,2,N,N,40 03:23.473,75 03:12.176,1301, ,1250, ,0, ,N, ,3, , , , , , , , , ,2,2,0,0,0,0,0,0,0,0,0,2,2,0,0,0,0,0,0,0,0,0,0,0,0,0,0,0,0,0,0,0,0,0,0,4,0,40.0564,-75.0533, , 
60743,681156,2012099340,6,67,67301,2012,8,4,1625,16,1,1,0,4,1, , ,N,1,2,0,3,0,0,2,2,N,N,40 00:28.314,75 10:20.141,1636, ,1636,1,1,4,N, ,3,N, , , , , , , , ,2,2,0,0,0,0,0,0,0,0,0,0,0,0,0,0,0,0,1,0,1,0,0,0,0,0,0,0,0,0,0,0,0,0,0,0,0,40.0079,-75.1723, , 
60744,681158,2012104108,6,67,67301,2012,9,5,1425,14,1,1,0,8,1, , ,N,2,0,0,3,0,1,1,1,N,N,39 59:55.334,75 09:12.328,1435, ,1430, ,0, , , ,0, , , , , , , , , ,1,1,0,0,0,0,0,0,0,0,0,0,1,1,0,0,0,0,0,0,0,0,0,0,0,0,0,0,0,0,0,0,0,0,0,8,0,39.9987,-75.1534, , 
60745,681180,2012068875,6,67,67301,2012,6,2,1620,16,1,1,0,4,1, , ,N,0,0,7,3,0,3,4,2,N, ,40 03:38.924,75 01:27.433,1627, ,1624,1,2,2, , ,0,Y, , , , , , , , ,2,2,0,0,0,0,0,0,0,0,0,0,3,3,0,0,0,0,0,0,0,1,0,0,0,0,0,0,0,0,0,0,0,0,0,8,0,40.0608,-75.0243, , 
60746,681194,2012083705,6,67,67301,2012,5,6,1600,16,1,1,0,1,1, , ,N,0,0,0,3,0,1,2,2,N,N,40 04:00.141,75 03:04.502,0, ,0, ,0, ,N, ,0, , , , , , , , , ,2,0,0,0,0,0,1,1,0,0,0,0,1,1,1,0,0,0,0,0,0,0,0,0,0,0,0,0,0,0,0,0,0,0,0,8,0,40.0667,-75.0512, , 