objectid_1,objectid,crn,district,county,municipality,crash_year,crash_month,day_of_week,time_of_day,hour_of_day,illumination,weather,road_condition,collision_type,relation_to_road,work_zone_type,work_zone_loc,work_zone_ind,intersect_type,tcd_type,location_type,urban_rural,fatal_count,injury_count,person_count,total_units,sch_bus_ind,sch_zone_ind,latitude,longitude,arrival_tm,cons_zone_spd_lim,dispatch_tm,est_hrs_closed,lane_closed,ln_close_dir,ntfy_hiwy_maint,spec_juris_cd,tcd_func_cd,tfc_detour_ind,workers_pres,wz_close_detour,wz_flagger,wz_law_offcr_ind,wz_ln_closure,wz_moving,wz_other,wz_shlder_mdn,vehicle_count,automobile_count,motorcycle_count,bus_count,small_truck_count,heavy_truck_count,suv_count,van_count,bicycle_count,maj_inj_count,mod_inj_count,min_inj_count,tot_inj_count,unk_inj_deg_count,unk_inj_per_count,driver_count_16yr,driver_count_17yr,driver_count_18yr,driver_count_19yr,driver_count_20yr,driver_count_50_64yr,driver_count_65_74yr,driver_count_75plus,unbelted_occ_count,unb_death_count,unb_maj_inj_count,belted_death_count,belted_maj_inj_count,mcycle_death_count,mcycle_maj_inj_count,bicycle_death_count,bicycle_maj_inj_count,ped_count,ped_death_count,ped_maj_inj_count,max_severity_level,comm_veh_count,dec_lat,dec_long,rdwy_surf_type_cd,county_name
60815,681440,2012042226,6,67,67301,2012,3,6,1901,19,1,1,0,4,1, , ,N,5,2,0,3,0,1,2,2,N, ,39 54:19.501,75 10:24.816,1907, ,1901,2,1,3, , ,3,N, , , , , , , , ,2,1,0,0,0,0,1,0,0,0,0,0,1,1,0,0,0,0,0,1,0,0,0,0,0,0,0,0,0,0,0,0,0,0,0,8,0,39.9054,-75.1736, , 
60816,681446,2012048030,6,67,67301,2012,4,1,345,3,3,1,1,4,1, , ,N,1,2,0,3,0,3,5,2,N,N,39 57:28.162,75 08:50.070,350, ,350, ,0, ,N, ,3, , , , , , , , , ,2,2,0,0,0,0,0,0,0,0,0,3,3,0,2,0,0,0,0,0,0,0,0,3,0,0,0,0,0,0,0,0,0,0,0,4,0,39.9578,-75.1472, , 
60817,681472,2012060742,6,67,67301,2012,5,2,1707,17,1,1,0,8,1, , ,N,0,0,0,3,0,1,4,3,N,N,40 00:42.694,75 05:17.059,1742, ,1740, ,0, ,N, ,0, , , , , , , , , ,2,1,0,1,0,0,0,0,0,0,0,1,1,0,0,0,0,0,0,0,0,0,0,0,0,0,0,0,0,0,0,0,1,0,0,4,1,40.0119,-75.0881, , 
60818,681478,2012068751,6,67,67301,2012,5,4,1450,14,1,1,0,1,1, , ,N,1,3,0,3,0,1,2,2,N,N,39 55:31.162,75 09:27.611,1515, ,1459, ,0, ,N, ,3, , , , , , , , , ,1,1,0,0,0,0,0,0,1,0,0,0,1,1,0,0,0,0,0,0,0,0,0,0,0,0,0,0,0,0,0,0,0,0,0,8,0,39.9253,-75.1577, , 
60819,681480,2012069640,6,67,67301,2012,6,4,806,8,1,1,0,4,1, , ,N,1,2,0,3,0,2,2,2,N,N,40 03:37.434,74 59:25.565,813, ,810,2,1,2,N, ,3,N, , , , , , , , ,2,2,0,0,0,0,0,0,0,0,1,1,2,0,0,0,0,0,0,0,2,0,0,0,0,0,0,0,0,0,0,0,0,0,0,3,0,40.0604,-74.9904, , 
60820,681488,2012083357,6,67,67301,2012,8,5,1345,13,1,1,0,4,1, , ,N,1,3,0,3,0,1,2,2,N,N,40 00:54.471,75 08:09.164,1346, ,1345, ,0, , , ,3, , , , , , , , , ,2,0,0,0,0,0,0,2,0,0,0,1,1,0,0,0,0,0,0,0,1,0,0,0,0,0,0,0,0,0,0,0,0,0,0,4,0,40.0151,-75.1359, , 
60821,681496,2012095472,6,67,67301,2012,8,4,112,1,3,1,0,5,6, , ,N,0,0,0,3,0,0,1,3,N, ,40 02:16.465,75 03:15.804,140, ,132, ,0, , , ,0, , , , , , , , , ,3,3,0,0,0,0,0,0,0,0,0,0,0,0,1,0,0,0,0,0,0,0,0,0,0,0,0,0,0,0,0,0,0,0,0,9,0,40.0379,-75.0544, , 
60822,681533,2012102015,6,67,67301,2012,9,2,1117,11,1,1,0,4,1, , ,N,0,0,0,3,0,0,2,2,N,N,40 00:28.015,75 12:06.789,1122, ,1117,1,1,3,N, ,0,N, , , , , , , , ,2,1,0,0,0,0,0,1,0,0,0,0,0,0,0,0,0,0,0,0,1,0,0,0,0,0,0,0,0,0,0,0,0,0,0,0,0,40.0078,-75.2019, , 
60823,681536,2012104280,6,67,67301,2012,9,7,1135,11,8,9,8,4,1, , ,N,1,2,0,3,0,2,4,4,N,N,40 01:30.637,75 07:31.531,2305, ,2301,3,1,1,N, ,3,N, , , , , , , , ,4,1,0,0,0,0,1,0,0,0,1,0,2,1,2,0,0,0,0,0,0,0,0,2,0,0,0,0,0,0,0,0,0,0,0,3,0,40.0252,-75.1254, , 
60824,681539,2012109928,6,67,67301,2012,10,3,9999,99,1,2,1,4,1, , ,N,0,0,7,3,0,0,3,2,N,N,40 07:59.107,75 00:38.448,1555, ,1550, ,0, , , ,0, , , , , , , , , ,2,2,0,0,0,0,0,0,0,0,0,1,1,0,0,1,0,0,0,0,1,0,0,0,0,0,0,0,0,0,0,0,0,0,0,4,0,40.1331,-75.0107, , 
60825,681540,2012110940,6,67,67301,2012,10,2,627,6,3,2,1,7,2, , ,N,0,0,0,3,0,0,2,2,N,N,39 58:38.737,75 12:00.582,639, ,632, ,0, ,N, ,0, , , , , , , , , ,2,1,0,0,0,0,1,0,0,0,0,0,0,0,0,0,0,0,0,0,1,0,0,0,0,0,0,0,0,0,0,0,0,0,0,0,0,39.9774,-75.2002, , 
60826,681541,2012111692,6,67,67301,2012,10,4,1630,16,1,1,0,4,1, , ,N,1,2,0,3,0,1,3,2,N, ,40 00:03.604,75 08:53.867,1722, ,1718, ,0, , , ,3, , , , , , , , , ,2,1,0,0,1,0,0,0,0,0,0,0,1,1,0,0,0,0,0,0,0,0,0,3,0,0,0,0,0,0,0,0,0,0,0,8,0,40.001,-75.1481, , 
60827,681555,2012078149,6,67,67301,2012,6,7,1350,13,1,1,0,4,1, , ,N,1,3,0,3,0,1,3,2,N, ,39 57:43.642,75 08:31.667,1410, ,1359, ,0, , , ,3, , , , , , , , , ,2,2,0,0,0,0,0,0,0,0,0,1,1,0,0,0,0,0,0,0,1,0,0,0,0,0,0,0,0,0,0,0,0,0,0,4,0,39.9621,-75.1421, , 
60828,681581,2012045489,6,67,67301,2012,5,3,643,6,1,2,1,5,1, , ,N,0,0,0,3,0,1,2,2,N,N,40 02:59.039,74 59:36.223,702, ,645, ,0, ,N, ,0, , , , , , , , , ,2,1,0,0,0,0,1,0,0,0,0,0,1,1,0,0,0,0,0,0,1,0,0,0,0,0,0,0,0,0,0,0,0,0,0,8,0,40.0497,-74.9935, , 
60829,681582,2012048309,6,67,67301,2012,4,4,1753,17,1,8,0,4,1, , ,N,1,3,0,3,0,1,2,2,N,N,39 56:12.858,75 09:00.809,1758, ,1753, ,0, ,N, ,3, , , , , , , , , ,1,1,0,0,0,0,0,0,1,0,0,1,1,0,0,0,0,0,0,0,0,0,0,0,0,0,0,0,0,0,0,0,0,0,0,4,0,39.9369,-75.1502, , 
60830,681596,2012066580,6,67,67301,2012,6,7,1018,10,1,1,0,7,1, , ,N,1,2,0,3,0,1,1,1,N,N,39 55:26.122,75 14:43.169,1022, ,1020, ,0, , , ,3, , , , , , , , , ,1,1,0,0,0,0,0,0,0,0,0,1,1,0,0,0,0,0,1,0,0,0,0,0,0,0,0,0,0,0,0,0,0,0,0,4,0,39.9239,-75.2453, , 
60831,681597,2012068858,6,67,67301,2012,6,5,9999,99,1,1,0,4,1, , ,N,1,3,0,3,0,2,2,2,N,N,40 01:31.670,75 05:04.955,9999, ,946,2,1,1, , ,3,Y, , , , , , , , ,2,2,0,0,0,0,0,0,0,0,0,1,2,1,0,0,0,0,0,0,1,0,0,0,0,0,0,0,0,0,0,0,0,0,0,4,0,40.0255,-75.0847, , 
60832,670961,2012068835,6,67,67301,2012,5,7,2008,20,4,1,0,8,1, , ,N,0,0,0,3,0,1,2,2,N,N,39 58:37.206,75 06:58.384,2019, ,2011, ,0, , , ,0, , , , , , , , , ,1,1,0,0,0,0,0,0,1,0,0,1,1,0,0,0,0,0,0,0,0,0,0,0,0,0,0,0,0,0,0,0,0,0,0,4,0,39.977,-75.1162, , 
60833,670976,2012083252,6,67,67301,2012,7,5,800,8,1,1,0,4,1, , ,N,1,2,0,3,0,1,2,2,N,N,39 56:24.885,75 10:04.702,9999, ,9999, ,0, ,N, ,3, , , , , , , , , ,1,0,0,0,0,0,0,1,1,0,0,0,1,1,0,0,0,0,0,0,0,0,0,0,0,0,0,0,0,0,0,0,0,0,0,8,0,39.9402,-75.168, , 
60834,671012,2012015468,6,67,67301,2012,1,5,1830,18,4,2,1,8,1, , ,N,1,2,0,3,0,1,2,2,Y,N,39 57:22.741,75 14:23.794,1835, ,1834, ,0, ,N, ,3, , , , , , , , , ,1,0,0,0,0,0,0,1,0,0,0,0,1,1,0,0,0,0,0,0,0,0,0,0,0,0,0,0,0,0,0,0,1,0,0,8,0,39.9563,-75.2399, , 
60835,671022,2012036841,6,67,67301,2012,3,5,500,5,3,6,1,8,1, , ,N,2,0,0,3,0,1,3,2,N, ,40 02:20.379,75 08:54.812,520, ,510,1,1,1, , ,0,N, , , , , , , , ,1,0,0,0,1,0,0,0,0,0,0,1,1,0,0,0,0,0,0,0,0,0,0,0,0,0,0,0,0,0,0,0,1,0,0,4,0,40.039,-75.1486, , 
60836,671044,2012063957,6,67,67301,2012,5,1,9999,99,3,1,0,4,1, , ,N,1,2,0,3,0,1,4,2,N,N,40 01:12.662,75 08:55.511,9999, ,9999,1,1,2,N, ,3,N, , , , , , , , ,2,2,0,0,0,0,0,0,0,0,1,0,1,0,0,0,0,0,1,0,0,0,0,0,0,0,0,0,0,0,0,0,0,0,0,3,0,40.0202,-75.1488, , 
60837,671061,2012020542,6,67,67301,2012,1,6,805,8,8,2,1,1,1, , ,N,1,0,0,3,0,2,2,2,N,N,40 06:00.676,75 01:18.249,1029, ,1025, ,0, ,N, ,0, , , , , , , , , ,2,2,0,0,0,0,0,0,0,0,0,2,2,0,0,0,0,0,0,0,1,0,0,0,0,0,0,0,0,0,0,0,0,0,0,4,0,40.1002,-75.0217, , 
60838,671062,2012020585,6,67,67301,2012,1,3,1105,11,1,1,0,8,1, , ,N,2,3,0,3,0,1,2,2,N,N,39 56:50.629,75 09:11.937,1130, ,1120, ,0, ,N, ,2, , , , , , , , , ,1,1,0,0,0,0,0,0,0,0,0,1,1,0,0,0,0,0,0,0,0,0,0,0,0,0,0,0,0,0,0,0,1,0,0,4,0,39.9474,-75.1533, , 
60839,671069,2012026857,6,67,67301,2012,3,4,1935,19,3,1,0,4,1, , ,N,0,0,0,3,0,2,4,3,N,N,39 56:47.048,75 08:31.752,1948, ,1943,2,2,1,N, ,0,N, , , , , , , , ,3,2,0,0,1,0,0,0,0,0,0,2,2,0,0,0,0,0,0,1,0,0,0,0,0,0,0,0,0,0,0,0,0,0,0,4,0,39.9463,-75.1422, , 
60840,671084,2012047174,6,67,67301,2012,4,7,9999,99,1,1,0,4,1, , ,N,1,3,0,3,0,1,2,3,N,N,39 59:21.067,75 09:57.785,1800, ,1745, ,0, , , ,3, , , , , , , , , ,3,2,0,0,0,0,0,1,0,0,0,1,1,0,0,0,0,0,0,0,0,0,0,2,0,0,0,0,0,0,0,0,0,0,0,4,0,39.9892,-75.1661, , 
60841,671087,2012049719,6,67,67301,2012,4,2,9999,99,3,1,0,4,1, , ,N,0,2,7,3,0,0,2,2,N,N,39 55:00.358,75 14:45.390,2214, ,2210, ,0, ,N, ,3, , , , , , , , , ,2,1,0,0,1,0,0,0,0,0,0,0,0,0,2,0,0,0,0,0,1,0,0,0,0,0,0,0,0,0,0,0,0,0,0,9,0,39.9168,-75.2459, , 
60842,671093,2012056206,6,67,67301,2012,6,7,458,4,5,1,0,7,2, , ,N,6,0,0,3,0,2,3,1,N,N,39 59:50.584,75 04:55.205,510, ,502,1,2,4,N, ,0,N, , , , , , , , ,1,1,0,0,0,0,0,0,0,0,0,0,2,2,0,0,0,0,0,0,0,0,0,0,0,0,0,0,0,0,0,0,0,0,0,8,0,39.9974,-75.082, , 
60843,671117,2012028161,6,67,67301,2012,2,6,340,3,3,1,0,4,1, , ,N,1,2,0,3,0,0,5,2,N, ,39 57:23.851,75 09:57.547,351, ,350, ,0, , , ,1, , , , , , , , , ,2,0,0,0,1,0,1,0,0,0,0,0,0,0,0,0,0,0,0,0,0,0,0,0,0,0,0,0,0,0,0,0,0,0,0,0,0,39.9566,-75.166, , 
60844,671133,2012049832,6,67,67301,2012,4,6,2258,22,3,1,0,5,2, , ,N,0,0,0,3,0,1,2,4,N,N,40 00:39.978,75 04:55.873,2330, ,2327, ,0, ,N, ,0, , , , , , , , , ,3,1,0,0,0,0,2,0,0,0,0,0,1,1,0,0,0,0,0,0,1,0,0,0,0,0,0,0,0,0,0,0,1,0,0,8,0,40.0111,-75.0822, , 
60845,671152,2012068796,6,67,67301,2012,6,6,1220,12,1,1,0,4,1, , ,N,0,0,0,3,0,1,4,2,N,N,40 02:30.622,75 01:36.975,1231, ,1226, ,0, ,N, ,0, , , , , , , , , ,2,0,0,0,0,0,2,0,0,0,0,1,1,0,0,0,0,0,0,0,0,0,0,0,0,0,0,0,0,0,0,0,0,0,0,4,0,40.0418,-75.0269, , 
60846,671154,2012073198,6,67,67301,2012,7,7,643,6,1,1,0,4,1, , ,N,0,0,0,3,0,1,4,3,N,N,39 59:32.539,75 12:04.514,643, ,643,1,1,2,N, ,0,N, , , , , , , , ,3,2,0,0,1,0,0,0,0,0,1,0,1,0,0,0,0,0,0,0,0,0,0,0,0,0,0,0,0,0,0,0,0,0,0,3,0,39.9924,-75.2013, , 
60847,671158,2012075990,6,67,67301,2012,6,4,1525,15,1,1,0,4,1, , ,N,1,2,0,3,0,2,3,2,N,N,40 00:40.402,75 08:31.606,1530, ,1529,2,1,2,N, ,3,Y, , , , , , , , ,2,0,0,0,0,0,1,0,0,0,0,0,2,2,0,0,0,0,0,0,0,0,0,0,0,0,0,0,0,0,0,0,0,0,0,8,0,40.0112,-75.1421, , 
60848,671160,2012078185,6,67,67301,2012,7,7,1700,17,1,1,0,4,1, , ,N,0,0,7,3,0,1,2,2,N,N,39 57:29.704,75 14:51.524,1750, ,1741, ,0, ,N, ,0, , , , , , , , , ,2,1,1,0,0,0,0,0,0,0,0,0,1,1,0,0,0,0,0,0,0,0,0,0,0,0,0,0,0,0,0,0,0,0,0,8,0,39.9583,-75.2476, , 
60849,671161,2012078456,6,67,67301,2012,7,7,1900,19,1,1,0,4,1, , ,N,1,0,0,3,0,1,2,2,N, ,39 59:49.056,75 07:46.603,1843, ,1842, ,0, , , ,0, , , , , , , , , ,1,1,0,0,0,0,0,0,1,0,0,1,1,0,0,0,0,0,0,0,0,0,0,0,0,0,0,0,0,0,0,0,0,0,0,4,0,39.997,-75.1296, , 
60850,674743,2012047222,6,67,67301,2012,3,3,1206,12,1,1,0,4,1, , ,N,1,3,0,3,0,1,3,2,N,N,39 59:46.669,75 07:54.469,1215, ,1211, ,0, ,N, ,3, , , , , , , , , ,2,2,0,0,0,0,0,0,0,0,0,0,1,1,0,0,0,0,0,0,0,0,0,0,0,0,0,0,0,0,0,0,0,0,0,8,0,39.9963,-75.1318, , 
60851,674768,2012019958,6,67,67301,2012,1,7,215,2,3,4,3,4,1, , ,N,0,9,99,3,2,2,4,2,N,N,40 00:47.950,75 07:19.150,218, ,215,3,2,6,N,0,9,Y, , , , , , , , ,2,2,0,0,0,0,0,0,0,0,0,0,2,2,0,0,0,0,0,0,0,0,0,0,0,0,1,0,0,0,0,0,0,0,0,1,0,40.0133,-75.122,2, 
60852,674773,2012026089,6,67,67301,2012,1,2,811,8,1,1,1,1,1, , ,N,0,0,0,3,0,1,2,2,N,N,39 53:35.443,75 14:23.448,827, ,826, ,0, ,N, ,0, , , , , , , , , ,2,2,0,0,0,0,0,0,0,0,0,1,1,0,0,0,0,0,0,0,1,0,0,0,0,0,0,0,0,0,0,0,0,0,0,4,0,39.8932,-75.2399, , 
60853,674774,2012026103,6,67,67301,2012,2,6,2130,21,3,1,0,1,7, , ,N,6,0,2,3,0,1,4,2,N,N,40 00:34.498,75 11:14.124,55, ,47, ,0, , , ,0, , , , , , , , , ,2,1,0,0,1,0,0,0,0,0,0,1,1,0,3,0,0,0,0,0,0,0,0,0,0,0,0,0,0,0,0,0,0,0,0,4,0,40.0096,-75.1873, , 
60854,674783,2012033073,6,67,67301,2012,2,3,1949,19,3,1,0,8,1, , ,N,0,0,0,3,0,1,2,2,N,N,39 59:36.155,75 05:48.944,1953, ,1952, ,0, ,N, ,0, , , , , , , , , ,1,1,0,0,0,0,0,0,0,0,0,1,1,0,0,0,0,0,0,0,1,0,0,1,0,0,0,0,0,0,0,0,1,0,0,4,0,39.9934,-75.0969, , 
60855,674788,2012041705,6,67,67301,2012,3,5,1538,15,1,1,0,8,4, , ,N,0,0,7,3,0,1,2,2,N,N,39 57:24.456,75 09:31.736,1542, ,1540,1,2,2,N, ,0,Y, , , , , , , , ,1,0,0,0,0,0,1,0,0,0,0,1,1,0,0,0,0,0,0,0,0,0,0,0,0,0,0,0,0,0,0,0,1,0,0,4,0,39.9568,-75.1588, , 
60856,674789,2012042245,6,67,67301,2012,3,4,806,8,1,1,0,5,2, , ,N,0,0,0,3,0,0,1,3,N, ,39 54:59.972,75 10:52.493,808, ,811, ,0, , , ,0, , , , , , , , , ,3,0,0,2,0,1,0,0,0,0,0,0,0,0,0,0,0,0,0,0,0,0,0,0,0,0,0,0,0,0,0,0,0,0,0,0,3,39.9167,-75.1812, , 
60857,674793,2012047109,6,67,67301,2012,4,6,1600,16,1,1,0,8,1, , ,N,2,0,0,3,0,1,3,2,N, ,39 59:43.155,75 07:53.428,1620, ,1613,9,1,4, , ,0,N, , , , , , , , ,1,1,0,0,0,0,0,0,0,0,1,0,1,0,0,0,0,0,0,0,0,0,0,0,0,0,0,0,0,0,0,0,1,0,0,3,0,39.9953,-75.1315, , 
60858,674794,2012047153,6,67,67301,2012,4,5,1300,13,1,1,0,8,1, , ,N,1,2,0,3,0,1,2,2,N, ,40 00:09.455,75 07:27.886,1315, ,1307, ,0, , , ,3, , , , , , , , , ,1,0,0,0,0,1,0,0,0,0,0,0,1,1,0,0,0,0,0,0,1,0,0,0,0,0,0,0,0,0,0,0,1,0,0,8,1,40.0026,-75.1244, , 
60859,674811,2012019784,6,67,67301,2012,2,6,1530,15,1,1,0,1,1, , ,N,0,0,0,3,0,0,2,2,N,N,40 02:59.554,74 59:33.928,1557, ,1537, ,0, ,N, ,0, , , , , , , , , ,2,2,0,0,0,0,0,0,0,0,0,0,0,0,0,0,0,0,0,1,0,0,0,0,0,0,0,0,0,0,0,0,0,0,0,0,0,40.0498,-74.9929, , 
60860,674826,2012041579,6,67,67301,2012,3,4,1506,15,1,1,0,4,1, , ,N,1,2,0,3,0,1,2,2,N,N,39 57:37.886,75 10:24.974,1506, ,1506, ,0, ,N, ,3, , , , , , , , , ,2,0,0,0,0,0,2,0,0,0,0,0,1,1,0,0,0,0,0,0,0,1,0,0,0,0,0,0,0,0,0,0,0,0,0,8,0,39.9605,-75.1736, , 
60861,674833,2012047282,6,67,67301,2012,4,6,1434,14,1,1,0,4,1, , ,N,1,2,0,3,0,1,2,2,N, ,40 00:49.975,75 07:33.617,1539, ,9999, ,0, , , ,3, , , , , , , , , ,2,2,0,0,0,0,0,0,0,0,0,1,1,0,0,0,0,0,0,0,0,0,0,0,0,0,0,0,0,0,0,0,0,0,0,4,0,40.0139,-75.126, , 
60862,674845,2012059260,6,67,67301,2012,4,2,834,8,1,1,0,1,1, , ,N,0,0,0,3,0,0,2,2,N,N,39 57:57.408,75 08:11.862,840, ,835, ,0, ,N, ,0, , , , , , , , , ,2,2,0,0,0,0,0,0,0,0,0,0,0,0,0,0,0,0,0,0,0,0,0,0,0,0,0,0,0,0,0,0,0,0,0,0,0,39.966,-75.1366, , 
60863,674885,2012047114,6,67,67301,2012,4,1,200,2,3,1,0,8,1, , ,N,1,2,0,3,0,1,2,2,N,N,39 57:37.620,75 14:28.063,205, ,205, ,0, ,N, ,3, , , , , , , , , ,1,0,0,0,0,0,0,0,0,0,0,1,1,0,0,0,0,0,0,0,0,0,0,0,0,0,0,0,0,0,0,0,1,0,0,4,0,39.9604,-75.2411, , 
60864,674887,2012048306,6,67,67301,2012,4,2,550,5,5,1,0,1,6, , ,N,0,0,0,3,0,0,1,3,N,Y,40 01:46.012,75 08:13.894,600, ,558, ,0, ,N, ,0, , , , , , , , , ,3,2,0,0,1,0,0,0,0,0,0,0,0,0,0,0,0,0,0,0,0,0,0,0,0,0,0,0,0,0,0,0,0,0,0,0,0,40.0294,-75.1372, , 
60865,674896,2012053836,6,67,67301,2012,5,5,1506,15,1,2,1,7,4, , ,N,0,0,0,3,0,0,1,1,N,N,39 56:48.912,75 11:17.082,1519, ,1511,1,1,3,N, ,0,N, , , , , , , , ,1,1,0,0,0,0,0,0,0,0,0,0,0,0,0,0,0,0,0,0,0,0,0,0,0,0,0,0,0,0,0,0,0,0,0,0,0,39.9469,-75.1881, , 
60866,674930,2012036961,6,67,67301,2012,3,7,220,2,3,2,1,7,4, , ,N,0,0,0,3,0,0,1,1,N, ,40 03:52.588,75 11:40.317,224, ,221,3,2,5, , ,0,Y, , , , , , , , ,1,1,0,0,0,0,0,0,0,0,0,0,0,0,0,0,0,0,0,0,0,0,0,0,0,0,0,0,0,0,0,0,0,0,0,0,0,40.0646,-75.1945, , 
60867,674936,2012048335,6,67,67301,2012,4,2,530,5,3,1,0,7,4, , ,N,0,0,7,3,0,1,1,1,N, ,40 05:00.006,75 13:18.239,600, ,541, ,0, , , ,0, , , , , , , , , ,1,1,0,0,0,0,0,0,0,0,0,0,1,1,0,0,0,0,0,0,1,0,0,0,0,0,0,0,0,0,0,0,0,0,0,8,0,40.0833,-75.2217, , 
60868,674937,2012048348,6,67,67301,2012,4,2,1849,18,4,1,0,4,1, , ,N,1,3,0,3,0,2,7,2,N,N,40 00:30.214,75 06:28.789,1930, ,1923,9,2,1,N, ,3,N, , , , , , , , ,2,2,0,0,0,0,0,0,0,0,1,1,2,0,0,0,0,0,0,0,0,0,0,0,0,0,0,0,0,0,0,0,0,0,0,3,0,40.0084,-75.108, , 
60869,678507,2012043942,6,67,67301,2012,5,3,1418,14,1,1,0,5,1, , ,N,1,2,0,3,0,1,2,2,N,N,39 55:15.439,75 11:45.551,1425, ,1420,2,1,6,N, ,9,Y, , , , , , , , ,2,0,0,0,0,1,1,0,0,0,1,0,1,0,0,0,0,0,0,0,1,0,0,0,0,0,0,0,0,0,0,0,0,0,0,3,1,39.9213,-75.1938, , 
60870,678548,2012035409,6,67,67301,2012,3,3,1625,16,1,1,0,8,1, , ,N,0,0,0,3,0,1,2,2,N, ,39 59:35.822,75 07:26.972,1730, ,1725, ,0, , , ,0, , , , , , , , , ,1,1,0,0,0,0,0,0,0,0,0,1,1,0,0,0,0,0,0,0,0,0,0,0,0,0,0,0,0,0,0,0,1,0,0,4,0,39.9933,-75.1242, , 
60871,678559,2012048055,6,67,67301,2012,4,3,1440,14,1,1,0,1,1, , ,N,0,8,0,3,0,1,2,2,N,N,40 04:17.266,75 02:17.196,1456, ,1440, ,0, ,N, ,3, , , , , , , , , ,2,1,0,0,0,0,0,1,0,0,0,1,1,0,0,0,0,0,0,0,1,0,0,0,0,0,0,0,0,0,0,0,0,0,0,4,0,40.0715,-75.0381, , 
60872,678576,2012083317,6,67,67301,2012,7,6,1330,13,1,1,1,3,1, , ,N,1,3,0,3,0,2,4,2,N,N,40 01:42.618,75 10:01.487,1330, ,1330, ,0, ,N, ,3, , , , , , , , , ,2,1,0,0,1,0,0,0,0,0,0,0,2,2,0,0,0,0,0,0,0,0,0,0,0,0,0,0,0,0,0,0,0,0,0,8,0,40.0285,-75.1671, , 
60873,678589,2012098185,6,67,67301,2012,9,5,1720,17,1,1,0,1,2, , ,N,0,0,0,3,0,2,2,3,N,N,39 55:49.227,75 09:17.636,9999, ,9999, ,0, ,N, ,0, , , , , , , , , ,2,1,1,0,0,0,0,0,1,0,1,1,2,0,0,0,0,0,0,0,0,0,0,0,0,0,0,0,0,0,0,0,0,0,0,3,0,39.9303,-75.1549, , 
60874,678597,2012114346,6,67,67301,2012,10,6,1725,17,1,1,0,8,1, , ,N,0,0,0,3,0,1,2,2,N,N,39 59:59.377,75 10:27.399,1730, ,1727, ,0, ,N, ,0, , , , , , , , , ,1,0,0,0,1,0,0,0,0,0,0,1,1,0,0,0,0,0,0,0,0,0,0,0,0,0,0,0,0,0,0,0,1,0,0,4,0,39.9998,-75.1743, , 
60875,678610,2012125546,6,67,67301,2012,10,4,9999,99,1,1,0,4,1, , ,N,1,2,0,3,0,2,4,2,N,N,39 58:14.003,75 08:59.563,1105, ,1053, ,0, ,N, ,3, , , , , , , , , ,2,0,0,0,1,0,0,0,0,0,0,1,2,1,0,0,0,0,0,0,1,0,0,0,0,0,0,0,0,0,0,0,0,0,0,4,0,39.9704,-75.15, , 
60876,678626,2012056560,6,67,67301,2012,5,4,1830,18,1,1,0,4,1, , ,N,1,0,0,3,0,0,5,2,N,N,40 00:19.933,75 05:48.721,1855, ,1855, ,0, ,N, ,0, , , , , , , , , ,2,2,0,0,0,0,0,0,0,0,0,0,0,0,4,0,0,0,0,0,1,0,0,0,0,0,0,0,0,0,0,0,0,0,0,9,0,40.0055,-75.0969, , 
60877,678631,2012060768,6,67,67301,2012,5,6,1117,11,1,1,0,8,7, , ,N,5,2,2,3,0,2,3,3,N, ,39 55:17.972,75 11:24.679,1720, ,1720, ,0, , , ,3, , , , , , , , , ,1,0,0,0,0,0,0,0,0,0,2,0,2,0,0,0,0,0,0,0,0,0,0,0,0,0,0,0,0,0,0,0,2,0,0,3,0,39.9217,-75.1902, , 
60878,678657,2012080842,6,67,67301,2012,7,5,2044,20,3,1,0,8,1, , ,N,0,2,0,3,0,1,2,2,N,N,40 02:13.138,75 03:44.431,2055, ,2045,3,2,1,N, ,3,Y, , , , , , , , ,1,1,0,0,0,0,0,0,0,0,1,0,1,0,0,0,0,0,0,0,0,0,0,0,0,0,0,0,0,0,0,0,1,0,0,3,0,40.037,-75.0623, , 
60879,678659,2012083200,6,67,67301,2012,7,6,1350,13,1,1,0,4,1, , ,N,1,2,0,3,0,1,3,2,N, ,39 59:40.673,75 05:40.311,1415, ,1406, ,0, , , ,3, , , , , , , , , ,2,2,0,0,0,0,0,0,0,0,0,1,1,0,2,0,0,0,1,0,1,0,0,0,0,0,0,0,0,0,0,0,0,0,0,4,0,39.9946,-75.0945, , 
60880,678660,2012088590,6,67,67301,2012,8,4,658,6,1,1,1,1,1, , ,N,1,0,0,3,0,3,3,3,N,N,40 02:58.560,75 08:14.719,730, ,724, ,0, ,N, ,0, , , , , , , , , ,3,3,0,0,0,0,0,0,0,0,1,0,3,2,0,0,0,1,0,0,1,0,0,0,0,0,0,0,0,0,0,0,0,0,0,3,0,40.0496,-75.1374, , 
60881,678663,2012065010,6,67,67301,2012,6,7,38,0,3,1,0,5,1, , ,N,2,0,0,3,0,0,3,2,N,N,40 04:35.407,75 01:57.021,41, ,40,2,2,1,N, ,0,N, , , , , , , , ,2,2,0,0,0,0,0,0,0,0,0,0,0,0,0,0,0,0,1,0,0,0,0,0,0,0,0,0,0,0,0,0,0,0,0,0,0,40.0765,-75.0325, , 