objectid_1,objectid,crn,district,county,municipality,crash_year,crash_month,day_of_week,time_of_day,hour_of_day,illumination,weather,road_condition,collision_type,relation_to_road,work_zone_type,work_zone_loc,work_zone_ind,intersect_type,tcd_type,location_type,urban_rural,fatal_count,injury_count,person_count,total_units,sch_bus_ind,sch_zone_ind,latitude,longitude,arrival_tm,cons_zone_spd_lim,dispatch_tm,est_hrs_closed,lane_closed,ln_close_dir,ntfy_hiwy_maint,spec_juris_cd,tcd_func_cd,tfc_detour_ind,workers_pres,wz_close_detour,wz_flagger,wz_law_offcr_ind,wz_ln_closure,wz_moving,wz_other,wz_shlder_mdn,vehicle_count,automobile_count,motorcycle_count,bus_count,small_truck_count,heavy_truck_count,suv_count,van_count,bicycle_count,maj_inj_count,mod_inj_count,min_inj_count,tot_inj_count,unk_inj_deg_count,unk_inj_per_count,driver_count_16yr,driver_count_17yr,driver_count_18yr,driver_count_19yr,driver_count_20yr,driver_count_50_64yr,driver_count_65_74yr,driver_count_75plus,unbelted_occ_count,unb_death_count,unb_maj_inj_count,belted_death_count,belted_maj_inj_count,mcycle_death_count,mcycle_maj_inj_count,bicycle_death_count,bicycle_maj_inj_count,ped_count,ped_death_count,ped_maj_inj_count,max_severity_level,comm_veh_count,dec_lat,dec_long,rdwy_surf_type_cd,county_name
60882,678664,2012066726,6,67,67301,2012,6,2,2038,20,3,2,1,1,1, , ,N,1,2,0,3,0,1,2,2,N,N,39 57:21.085,75 11:29.255,2239, ,2042, ,0, ,N, ,3, , , , , , , , , ,1,1,0,0,0,0,0,0,1,0,0,1,1,0,1,0,0,0,0,0,0,0,0,0,0,0,0,0,0,0,0,0,0,0,0,4,0,39.9558,-75.1915, , 
60883,678675,2012060726,6,67,67301,2012,5,3,1430,14,1,2,1,8,1, , ,N,0,0,0,3,0,1,2,2,N,N,39 59:46.038,75 10:17.254,1533, ,1527, ,0, ,N, ,0, , , , , , , , , ,1,0,0,0,1,0,0,0,0,0,0,1,1,0,0,0,0,0,0,0,1,0,0,0,0,0,0,0,0,0,0,0,1,0,0,4,0,39.9961,-75.1715, , 
60884,678677,2012061646,6,67,67301,2012,5,1,445,4,3,1,0,1,1, , ,N,0,0,0,3,0,0,6,2,N,N,39 58:27.113,75 12:14.286,455, ,452, ,0, ,N, ,0, , , , , , , , , ,2,1,0,0,0,0,0,0,0,0,0,0,0,0,0,0,0,0,0,0,1,0,0,0,0,0,0,0,0,0,0,0,0,0,0,0,0,39.9742,-75.204, , 
60885,678679,2012064686,6,67,67301,2012,5,4,1455,14,1,1,0,4,1, , ,N,1,2,0,3,0,0,2,2,N,N,39 56:04.959,75 09:08.434,1517, ,1508, ,0, ,N, ,3, , , , , , , , , ,2,1,0,0,0,0,1,0,0,0,0,0,0,0,0,0,1,0,0,0,0,1,0,0,0,0,0,0,0,0,0,0,0,0,0,0,0,39.9347,-75.1523, , 
60886,678690,2012075976,6,67,67301,2012,6,2,2025,20,1,1,0,4,1, , ,N,1,3,0,3,0,1,2,2,N,N,40 00:15.058,75 09:37.789,2027, ,2025, ,0, ,N, ,3, , , , , , , , , ,1,1,0,0,0,0,0,0,1,0,0,0,1,1,0,0,0,0,0,0,0,0,0,1,0,0,0,0,0,0,0,0,0,0,0,8,0,40.0042,-75.1605, , 
60887,682157,2012078543,6,67,67301,2012,7,2,1757,17,1,1,0,1,7, , ,N,1,2,0,3,0,1,4,4,N,N,39 55:17.972,75 11:24.679,1805, ,1758, ,0, ,N, ,3, , , , , , , , , ,4,3,0,0,0,0,0,1,0,0,0,1,1,0,0,0,0,0,0,0,4,0,0,0,0,0,0,0,0,0,0,0,0,0,0,4,0,39.9217,-75.1902, , 
60888,682171,2012095399,6,67,67301,2012,9,2,9999,99,1,2,1,1,1, , ,N,3,2,0,3,0,1,3,2,N,N,40 05:30.716,75 02:50.638,1356, ,1356, ,0, ,N, ,3, , , , , , , , , ,2,1,0,0,1,0,0,0,0,0,0,0,1,1,0,0,0,0,0,0,1,0,1,0,0,0,0,0,0,0,0,0,0,0,0,8,0,40.0919,-75.0474, , 
60889,682175,2012098190,6,67,67301,2012,9,3,1520,15,1,1,0,4,1, , ,N,2,2,0,3,0,0,2,2,N, ,39 56:51.715,75 11:55.544,1530, ,1524, ,0, , , ,3, , , , , , , , , ,2,0,0,0,0,0,0,2,0,0,0,0,0,0,1,0,0,0,0,0,0,0,0,0,0,0,0,0,0,0,0,0,0,0,0,9,0,39.9477,-75.1986, , 
60890,682179,2012006688,6,67,67301,2012,1,6,1740,17,3,1,0,1,1, , ,N,0,0,0,3,0,0,5,4,N,N,40 01:26.489,75 01:53.130,1744, ,1744, ,0, ,N, ,0, , , , , , , , , ,4,3,0,0,1,0,0,0,0,0,0,0,0,0,0,0,0,0,0,1,0,0,0,0,0,0,0,0,0,0,0,0,0,0,0,0,0,40.024,-75.0316, , 
60891,682211,2012048666,6,67,67301,2012,4,4,402,4,3,1,0,1,1, , ,N,0,0,0,3,0,0,1,2,N,N,39 58:57.676,75 12:28.084,406, ,404, ,0, ,N, ,0, , , , , , , , , ,2,1,0,0,0,0,0,0,0,0,0,0,0,0,0,0,0,0,0,0,1,0,0,0,0,0,0,0,0,0,0,0,0,0,0,0,0,39.9827,-75.2078, , 
60892,682213,2012049767,6,67,67301,2012,4,3,2110,21,3,1,0,7,2, , ,N,0,0,0,3,0,0,5,2,N,N,40 00:57.718,75 10:33.428,2130, ,2120,1,1,2,Y, ,0,N, , , , , , , , ,1,0,0,0,1,0,0,0,0,0,0,0,0,0,0,0,0,1,0,0,0,0,0,0,0,0,0,0,0,0,0,0,0,0,0,0,0,40.016,-75.176, , 
60893,682240,2012020498,6,67,67301,2012,2,4,9999,99,1,2,1,1,1, , ,N,1,2,0,3,0,0,2,2,N,N,40 01:43.859,75 06:21.744,650, ,627,2,1,1,N, ,3,N, , , , , , , , ,2,1,0,0,0,0,1,0,0,0,0,0,0,0,0,0,0,0,0,0,0,0,0,0,0,0,0,0,0,0,0,0,0,0,0,0,0,40.0289,-75.106, , 
60894,682243,2012022151,6,67,67301,2012,2,6,1615,16,1,2,1,1,1, , ,N,0,0,0,3,0,0,2,2,N,N,40 00:43.772,75 10:32.361,1622, ,1622, ,0, ,N, ,0, , , , , , , , , ,2,1,0,0,1,0,0,0,0,0,0,0,0,0,0,0,0,0,0,0,0,0,0,0,0,0,0,0,0,0,0,0,0,0,0,0,0,40.0122,-75.1757, , 
60895,682258,2012036826,6,67,67301,2012,3,5,2212,22,3,1,0,4,1, , ,N,1,2,0,3,0,0,2,2,N,N,40 00:35.623,75 10:00.930,2212, ,2212, ,0, , , ,3, , , , , , , , , ,2,1,0,0,1,0,0,0,0,0,0,0,0,0,0,0,0,0,0,0,1,0,0,0,0,0,0,0,0,0,0,0,0,0,0,0,0,40.0098,-75.1669, , 
60896,682280,2012064681,6,67,67301,2012,5,3,717,7,1,1,0,1,1, , ,N,0,0,0,3,0,1,6,4,N,N,40 01:13.394,75 09:14.739,730, ,717,1,1,1,N, ,0,N, , , , , , , , ,4,3,0,0,0,0,1,0,0,0,0,1,1,0,0,0,0,0,0,0,2,0,0,0,0,0,0,0,0,0,0,0,0,0,0,4,0,40.0204,-75.1541, , 
60897,682285,2012071181,6,46,46108,2012,7,4,1455,14,1,1,0,5,1, , ,N,0,0,0,3,0,1,3,3,N,N,40 04:19.092,75 11:13.408,1458, ,1455,1,1,1,N, ,0,Y, , , , , , , , ,3,2,0,0,0,0,1,0,0,0,0,0,1,1,0,0,0,0,0,0,1,0,0,0,0,0,0,0,0,0,0,0,0,0,0,8,0,40.072,-75.1871, , 
60898,682287,2012072770,6,67,67301,2012,6,1,440,4,3,1,0,5,1, , ,N,0,0,0,3,0,0,6,2,N,N,39 57:20.550,75 10:50.239,441, ,441,1,2,4,N, ,0,N, , , , , , , , ,2,2,0,0,0,0,0,0,0,0,0,0,0,0,0,0,0,0,0,0,0,0,0,0,0,0,0,0,0,0,0,0,0,0,0,0,0,39.9557,-75.1806, , 
60899,682295,2012078484,6,67,67301,2012,7,3,1538,15,1,1,0,1,6, , ,N,0,0,0,3,0,0,1,2,N,N,40 00:53.263,75 03:53.248,1544, ,1543, ,0, ,N, ,0, , , , , , , , , ,2,1,0,0,0,0,0,1,0,0,0,0,0,0,0,0,0,0,0,0,0,0,0,0,0,0,0,0,0,0,0,0,0,0,0,0,0,40.0147,-75.065, , 
60900,682302,2012086628,6,67,67301,2012,6,2,1210,12,1,1,0,8,1, , ,N,0,0,0,3,0,1,2,2,N, ,40 02:03.538,75 02:19.061,1215, ,1210,3,2,3, , ,0,N, , , , , , , , ,1,1,0,0,0,0,0,0,0,0,1,0,1,0,0,0,0,0,0,0,0,0,0,0,0,0,0,0,0,0,0,0,1,0,0,3,0,40.0343,-75.0386, , 
60901,682317,2012095443,6,67,67301,2012,8,3,1012,10,1,1,0,4,1, , ,N,0,0,0,3,0,1,2,2,N,N,39 59:29.290,75 08:06.126,1132, ,1123, ,0, ,N, ,0, , , , , , , , , ,1,0,0,0,0,1,0,0,1,0,0,1,1,0,0,0,0,0,0,0,0,0,0,0,0,0,0,0,0,0,0,0,0,0,0,4,0,39.9915,-75.135, , 
60902,682325,2012063867,6,67,67301,2012,5,3,115,1,3,2,1,7,5, , ,N,1,0,0,3,0,0,1,1,N,N,39 54:33.377,75 10:22.671,122, ,120, ,0, ,N, ,0, , , , , , , , , ,1,1,0,0,0,0,0,0,0,0,0,0,0,0,0,0,0,0,0,0,0,0,0,0,0,0,0,0,0,0,0,0,0,0,0,0,0,39.9093,-75.173, , 
60903,682343,2012060791,6,67,67301,2012,5,3,1850,18,1,2,1,5,1, , ,N,0,0,0,3,0,1,1,2,N, ,40 04:17.029,75 02:56.186,1905, ,1900, ,0, , , ,0, , , , , , , , , ,2,2,0,0,0,0,0,0,0,0,1,0,1,0,0,0,0,0,0,0,0,0,0,0,0,0,0,0,0,0,0,0,0,0,0,3,0,40.0714,-75.0489, , 
60904,682352,2012068133,6,67,67301,2012,7,1,1229,12,1,1,0,5,1, , ,N,0,0,0,3,0,1,5,2,N,N,40 01:46.077,75 01:19.964,1236, ,1233, ,0, ,N, ,0, , , , , , , , , ,2,2,0,0,0,0,0,0,0,0,0,1,1,0,0,0,0,0,0,0,1,0,0,0,0,0,0,0,0,0,0,0,0,0,0,4,0,40.0293,-75.0224, , 
60905,682354,2012068793,6,67,67301,2012,5,3,2158,21,3,2,1,8,1, , ,N,1,2,0,3,0,1,2,2,N,N,39 57:39.668,75 13:58.310,52, ,48, ,0, ,N, ,3, , , , , , , , , ,1,1,0,0,0,0,0,0,0,0,0,1,1,0,0,0,0,0,0,0,0,0,0,0,0,0,0,0,0,0,0,0,1,0,0,4,0,39.9609,-75.2329, , 
60906,671204,2012020449,6,67,67301,2012,1,7,2336,23,3,3,6,4,1, , ,N,2,2,0,3,0,1,3,2,N,N,40 03:47.944,74 59:07.865,2340, ,2337,1,2,1,N, ,3,Y, , , , , , , , ,2,1,0,0,0,0,1,0,0,0,0,0,1,1,0,0,0,0,0,1,0,0,0,0,0,0,0,0,0,0,0,0,0,0,0,8,0,40.0633,-74.9855, , 
60907,671248,2012059628,6,67,67301,2012,6,4,1153,11,1,1,0,1,1, , ,N,0,0,0,3,0,1,2,2,N,N,40 02:09.508,75 01:00.438,1213, ,1153,1,1,2,N, ,0,N, , , , , , , , ,2,2,0,0,0,0,0,0,0,0,0,1,1,0,0,0,0,0,0,0,0,0,0,0,0,0,0,0,0,0,0,0,0,0,0,4,0,40.036,-75.0168, , 
60908,671260,2012068775,6,67,67301,2012,6,1,1606,16,1,1,0,8,1, , ,N,5,3,0,3,0,1,2,2,N, ,39 57:52.149,75 10:57.115,1630, ,1613, ,0, , , ,3, , , , , , , , , ,1,0,0,0,0,0,1,0,0,0,0,1,1,0,0,0,0,0,0,0,0,0,0,0,0,0,0,0,0,0,0,0,1,0,0,4,0,39.9645,-75.1825, , 
60909,671275,2012080294,6,67,67301,2012,8,2,1235,12,1,1,0,1,1, , ,N,0,0,0,3,0,2,3,3,N,N,40 00:55.587,75 03:11.346,1247, ,1236,1,1,1,N, ,0,N, , , , , , , , ,3,1,0,0,0,0,1,1,0,0,0,2,2,0,0,0,0,0,0,0,1,0,0,0,0,0,0,0,0,0,0,0,0,0,0,4,0,40.0154,-75.0533, , 
60910,671277,2012083224,6,67,67301,2012,7,5,836,8,2,1,0,5,1, , ,N,0,0,0,3,0,1,4,4,N,N,39 59:30.536,75 08:18.588,845, ,836, ,0, ,N, ,0, , , , , , , , , ,4,4,0,0,0,0,0,0,0,0,0,0,1,1,3,0,0,0,0,0,0,0,0,0,0,0,0,0,0,0,0,0,0,0,0,8,0,39.9918,-75.1385, , 
60911,671297,2012012415,6,67,67301,2012,1,5,1945,19,3,2,1,7,4, , ,N,0,0,0,3,0,1,3,1,N,N,39 56:44.739,75 11:24.294,2003, ,1948, ,0, ,N, ,0, , , , , , , , , ,1,1,0,0,0,0,0,0,0,0,0,0,1,1,0,0,0,0,0,0,0,0,0,0,0,0,0,0,0,0,0,0,0,0,0,8,0,39.9458,-75.1901, , 
60912,671299,2012015456,6,67,67301,2012,1,4,1224,12,1,1,0,8,1, , ,N,1,0,0,3,0,1,2,2,N, ,40 00:32.352,75 08:56.818,1244, ,1234, ,0, ,N, ,0, , , , , , , , , ,1,1,0,0,0,0,0,0,0,0,0,0,1,1,1,0,0,0,0,0,0,0,0,0,0,0,0,0,0,0,0,0,1,0,0,8,0,40.009,-75.1492, , 
60913,671319,2012037006,6,67,67301,2012,3,5,1350,13,1,1,0,8,1, , ,N,1,2,0,3,0,1,2,2,N,N,39 55:09.777,75 10:14.532,1420, ,1412, ,0, ,N, ,3, , , , , , , , , ,1,1,0,0,0,0,0,0,0,0,0,1,1,0,0,0,0,0,0,0,0,1,0,0,0,0,0,0,0,0,0,0,1,0,0,4,0,39.9194,-75.1707, , 
60914,671328,2012049700,6,67,67301,2012,4,1,2012,20,3,2,1,8,1, , ,N,1,2,0,3,0,1,2,2,N,N,40 05:36.611,74 58:48.599,2101, ,2057, ,0, , , ,3, , , , , , , , , ,1,0,0,1,0,0,0,0,0,0,0,1,1,0,0,0,0,0,0,0,0,0,0,0,0,0,0,0,0,0,0,0,1,0,0,4,1,40.0935,-74.9802, , 
60915,671341,2012006686,6,67,67301,2012,1,5,559,5,3,2,7,4,1, , ,N,0,0,0,3,0,0,2,2,N,N,39 56:52.676,75 08:30.490,627, ,559, ,0, ,N, ,0, , , , , , , , , ,2,2,0,0,0,0,0,0,0,0,0,0,0,0,0,0,0,0,0,0,0,0,0,0,0,0,0,0,0,0,0,0,0,0,0,0,0,39.9478,-75.1418, , 
60916,671349,2012010992,6,67,67301,2012,1,1,1408,14,1,1,0,7,2, , ,N,0,0,0,3,0,0,3,1,N,N,39 56:43.778,75 08:32.451,1445, ,1434, ,0, ,N, ,0, , , , , , , , , ,1,1,0,0,0,0,0,0,0,0,0,0,0,0,0,0,0,0,0,0,0,0,0,0,0,0,0,0,0,0,0,0,0,0,0,0,0,39.9454,-75.1424, , 
60917,671354,2012015365,6,67,67301,2012,1,6,1045,10,1,1,0,4,1, , ,N,1,3,0,3,0,1,2,2,N,N,39 59:42.518,75 08:20.464,1106, ,1059, ,0, , , ,3, , , , , , , , , ,2,2,0,0,0,0,0,0,0,0,0,1,1,0,0,0,0,0,0,0,0,0,0,0,0,0,0,0,0,0,0,0,0,0,0,4,0,39.9951,-75.139, , 
60918,671369,2012032586,6,67,67301,2012,2,5,1210,12,1,1,0,8,1, , ,N,0,0,0,3,0,1,2,2,N,N,39 57:06.879,75 10:20.381,1230, ,1011, ,0, , , ,0, , , , , , , , , ,1,1,0,0,0,0,0,0,0,0,0,0,1,1,0,0,0,0,0,0,0,0,0,0,0,0,0,0,0,0,0,0,1,0,0,8,0,39.9519,-75.1723, , 
60919,671394,2012014825,6,67,67301,2012,2,1,355,3,3,1,0,5,1, , ,N,0,0,0,3,0,0,3,2,N,N,39 57:28.693,75 09:48.072,405, ,405, ,0, ,N, ,0, , , , , , , , , ,2,1,0,0,0,1,0,0,0,0,0,0,0,0,0,0,0,0,0,0,0,0,0,0,0,0,0,0,0,0,0,0,0,0,0,0,0,39.958,-75.1634, , 
60920,671408,2012036782,6,67,67301,2012,2,6,1222,12,8,9,1,4,1, , ,N,0,0,0,3,0,3,5,3,N, ,40 00:25.335,75 09:00.198,9999, ,9999,2,2,1, , ,0,Y, , , , , , , , ,3,1,0,1,0,0,1,0,0,0,0,0,3,3,1,0,0,0,0,0,0,0,0,0,0,0,0,0,0,0,0,0,0,0,0,8,1,40.007,-75.1501, , 
60921,671413,2012041333,6,67,67301,2012,4,6,1442,14,1,1,0,1,1, , ,N,0,0,0,3,0,0,2,2,N,N,39 59:30.984,75 12:07.344,1452, ,1442, ,0, ,N, ,0, , , , , , , , , ,2,0,0,0,0,0,2,0,0,0,0,0,0,0,0,0,0,0,0,0,0,0,0,0,0,0,0,0,0,0,0,0,0,0,0,0,0,39.9919,-75.202, , 
60922,671431,2012067086,6,67,67301,2012,5,6,1408,14,1,1,0,1,1, , ,N,2,2,0,3,0,3,5,3,N,N,39 58:57.511,75 11:18.156,1412, ,1410, ,0, , , ,3, , , , , , , , , ,3,2,0,0,0,0,1,0,0,0,0,3,3,0,0,0,0,0,0,0,1,0,0,0,0,0,0,0,0,0,0,0,0,0,0,4,0,39.9828,-75.1883, , 
60923,671448,2012063904,6,67,67301,2012,5,3,842,8,1,1,1,1,1, , ,N,0,0,0,3,0,1,3,2,N,N,40 05:12.150,75 02:22.939,845, ,842, ,0, ,N, ,0, , , , , , , , , ,2,1,0,0,0,0,1,0,0,0,0,1,1,0,0,0,0,0,0,0,0,0,1,0,0,0,0,0,0,0,0,0,0,0,0,4,0,40.0867,-75.0397, , 
60924,674960,2012015350,6,67,67301,2012,1,3,1355,13,1,1,0,8,1, , ,N,1,2,0,3,0,1,2,2,N,N,39 59:20.627,75 05:22.626,1536, ,1526, ,0, ,N, ,3, , , , , , , , , ,1,0,0,0,0,0,1,0,0,0,0,1,1,0,0,0,0,0,0,0,0,0,0,0,0,0,0,0,0,0,0,0,1,0,0,4,0,39.9891,-75.0896, , 
60925,675010,2012026853,6,67,67301,2012,2,2,1342,13,1,1,0,1,1, , ,N,0,0,0,3,0,1,5,2,N,N,40 00:32.632,75 04:05.823,1410, ,1400,1,1,2,N, ,0,N, , , , , , , , ,2,1,0,0,1,0,0,0,0,0,0,0,1,1,1,0,0,0,0,0,0,0,0,0,0,0,0,0,0,0,0,0,0,0,0,8,0,40.0091,-75.0682, , 
60926,675020,2012037421,6,67,67301,2012,3,4,1425,14,1,1,0,4,2, , ,N,0,0,0,3,0,1,1,5,N, ,40 04:09.321,75 02:07.278,1435, ,1422, ,0, , , ,0, , , , , , , , , ,5,3,0,0,1,0,0,1,0,0,0,0,1,1,0,0,0,0,0,0,1,0,0,0,0,0,0,0,0,0,0,0,0,0,0,8,0,40.0693,-75.0354, , 
60927,675026,2012042582,6,67,67301,2012,3,6,9999,99,1,1,0,4,1, , ,N,1,2,0,3,0,1,2,2,N,N,39 57:18.079,75 10:04.799,1245, ,1244, ,0, ,N, ,3, , , , , , , , , ,2,0,1,0,0,0,0,1,0,0,1,0,1,0,0,0,0,0,0,0,0,0,0,0,0,0,0,0,0,0,0,0,0,0,0,3,0,39.955,-75.168, , 
60928,675036,2012051936,6,67,67301,2012,4,1,1235,12,1,2,1,7,5, , ,N,0,2,0,3,0,2,3,1,N, ,40 04:59.260,75 13:16.896,1255, ,1245,1,1,1, , ,3,N, , , , , , , , ,1,1,0,0,0,0,0,0,0,0,0,0,2,2,0,0,0,0,0,0,0,0,0,0,0,0,0,0,0,0,0,0,0,0,0,8,0,40.0831,-75.2214, , 
60929,675047,2012011138,6,67,67301,2012,1,4,1559,15,1,1,0,1,1, , ,N,0,0,0,3,0,1,3,2,N,N,39 58:01.256,75 08:02.991,1635, ,1611, ,0, ,N, ,0, , , , , , , , , ,2,2,0,0,0,0,0,0,0,0,0,0,1,1,1,0,0,0,0,0,0,0,0,0,0,0,0,0,0,0,0,0,0,0,0,8,0,39.9671,-75.134, , 
60930,675051,2012015498,6,67,67301,2012,1,7,240,2,3,1,0,4,6, , ,N,0,0,0,3,0,0,1,2,N,N,40 00:50.522,75 10:40.126,306, ,303, ,0, ,N, ,0, , , , , , , , , ,2,2,0,0,0,0,0,0,0,0,0,0,0,0,1,0,0,0,0,0,0,0,0,0,0,0,0,0,0,0,0,0,0,0,0,9,0,40.014,-75.1778, , 
60931,675068,2012027751,6,67,67301,2012,2,6,9999,99,3,1,0,7,4, , ,N,0,0,0,3,0,0,1,1,N,N,39 57:36.800,75 09:54.861,234, ,234, ,0, ,N, ,0, , , , , , , , , ,1,0,0,0,1,0,0,0,0,0,0,0,0,0,1,0,0,0,0,0,0,0,0,0,0,0,0,0,0,0,0,0,0,0,0,9,0,39.9602,-75.1652, , 
60932,675083,2012047201,6,67,67301,2012,4,3,2140,21,2,1,0,8,1, , ,N,1,3,0,3,0,1,2,2,N,N,39 57:21.643,75 12:41.414,2210, ,2200, ,0, , , ,3, , , , , , , , , ,1,0,0,0,0,0,1,0,0,0,0,1,1,0,0,0,0,0,0,0,1,0,0,0,0,0,0,0,0,0,0,0,1,0,0,4,0,39.956,-75.2115, , 
60933,675112,2012034749,6,67,67301,2012,2,4,1454,14,1,2,1,4,1, , ,N,2,0,0,3,0,1,2,2,N, ,40 02:19.753,75 04:40.977,1635, ,1633,2,2,1, , ,0,N, , , , , , , , ,2,2,0,0,0,0,0,0,0,0,0,1,1,0,0,0,0,0,0,0,1,0,0,0,0,0,0,0,0,0,0,0,0,0,0,4,0,40.0388,-75.078, , 
60934,675122,2012042577,6,67,67301,2012,3,7,52,0,3,1,0,1,1, , ,N,1,2,0,3,0,0,2,2,N, ,40 00:16.549,75 10:36.938,53, ,53, ,0, , , ,3, , , , , , , , , ,2,2,0,0,0,0,0,0,0,0,0,0,0,0,0,0,0,0,0,0,1,0,0,0,0,0,0,0,0,0,0,0,0,0,0,0,0,40.0047,-75.1769, , 
60935,675133,2012052395,6,67,67301,2012,5,5,1737,17,1,1,0,1,1, , ,N,0,0,0,3,0,0,2,2,N,N,39 56:07.406,75 11:59.503,1807, ,1741,2,2,3,N, ,0,N, , , , , , , , ,2,2,0,0,0,0,0,0,0,0,0,0,0,0,0,0,0,0,0,0,0,0,0,0,0,0,0,0,0,0,0,0,0,0,0,0,0,39.9339,-75.2, , 
60936,675136,2012055797,6,67,67301,2012,5,1,1418,14,1,1,0,7,4, , ,N,0,0,0,3,0,0,3,2,N,N,40 03:18.742,74 59:04.053,1631, ,1621,2,2,1,N, ,0,N, , , , , , , , ,2,2,0,0,0,0,0,0,0,0,0,0,0,0,0,0,0,0,0,0,0,0,0,0,0,0,0,0,0,0,0,0,0,0,0,0,0,40.0551,-74.9845, , 
60937,675184,2012117258,6,67,67301,2012,10,3,5,0,3,2,1,7,1, , ,N,0,0,0,3,0,0,1,1,N, ,39 58:02.697,75 09:37.377,12, ,10, ,0, , , ,0, , , , , , , , , ,1,1,0,0,0,0,0,0,0,0,0,0,0,0,0,0,0,0,0,0,1,0,0,0,0,0,0,0,0,0,0,0,0,0,0,0,0,39.9674,-75.1604, , 
60938,675199,2012017866,6,67,67301,2012,1,4,1430,14,1,1,0,5,1, , ,N,0,0,0,3,0,1,3,2,N,Y,40 02:55.356,75 01:26.990,9999, ,1400, ,0, ,N, ,0, , , , , , , , , ,2,2,0,0,0,0,0,0,0,0,0,1,1,0,0,0,0,0,0,0,1,0,0,2,0,0,0,0,0,0,0,0,0,0,0,4,0,40.0487,-75.0242, , 
60939,675214,2012038261,6,67,67301,2012,4,3,1818,18,1,1,0,4,1, , ,N,0,0,2,3,0,0,2,2,N,N,39 57:24.103,75 08:37.940,1835, ,1820,2,1,3,N, ,0,N, , , , , , , , ,2,1,0,0,0,0,1,0,0,0,0,0,0,0,1,0,0,0,0,0,0,0,0,0,0,0,0,0,0,0,0,0,0,0,0,9,0,39.9567,-75.1439, , 
60940,675217,2012046113,6,67,67301,2012,4,4,1531,15,1,1,0,4,1, , ,N,0,0,0,3,0,1,4,4,N,N,40 01:41.317,75 01:26.294,1548, ,1535,1,1,2,N, ,0,N, , , , , , , , ,4,4,0,0,0,0,0,0,0,0,0,1,1,0,0,0,0,0,0,0,0,0,0,0,0,0,0,0,0,0,0,0,0,0,0,4,0,40.0282,-75.0239, , 
60941,675219,2012048071,6,67,67301,2012,4,2,1930,19,4,1,0,4,1, , ,N,0,0,0,3,0,1,4,2,N,N,39 55:25.377,75 13:52.807,1935, ,1931, ,0, , , ,0, , , , , , , , , ,2,2,0,0,0,0,0,0,0,0,0,1,1,0,0,0,0,1,0,0,0,0,0,1,0,0,0,0,0,0,0,0,0,0,0,4,0,39.9237,-75.2313, , 
60942,675220,2012048294,6,67,67301,2012,4,5,1005,10,1,1,0,4,1, , ,N,0,0,0,3,0,2,3,2,N, ,40 00:11.492,75 10:57.297,1025, ,1016,2,1,1, , ,0,N, , , , , , , , ,2,1,0,0,0,0,1,0,0,0,0,2,2,0,0,0,0,0,0,0,0,0,0,0,0,0,0,0,0,0,0,0,0,0,0,4,0,40.0032,-75.1826, , 
60943,678694,2012078414,6,67,67301,2012,7,5,1340,13,1,1,0,8,1, , ,N,2,2,0,3,0,1,2,2,N,N,39 57:40.266,75 14:49.451,1400, ,1340, ,0, ,N, ,3, , , , , , , , , ,1,1,0,0,0,0,0,0,0,0,0,1,1,0,0,0,0,0,0,0,0,0,0,0,0,0,0,0,0,0,0,0,1,0,0,4,0,39.9612,-75.2471, , 
60944,678695,2012078624,6,67,67301,2012,7,4,630,6,1,1,0,4,1, , ,N,1,2,0,3,0,1,6,2,N,N,40 02:02.361,75 04:27.863,634, ,633,1,1,1,N, ,3,N, , , , , , , , ,2,1,0,0,1,0,0,0,0,0,0,0,1,1,0,0,0,0,0,0,0,0,0,0,0,0,0,0,0,0,0,0,0,0,0,8,0,40.034,-75.0744, , 
60945,678737,2012078293,6,67,67301,2012,7,7,2340,23,3,1,0,1,1, , ,N,1,2,0,3,0,2,4,2,N, ,40 01:40.946,75 06:36.204,2350, ,2343, ,0, , , ,3, , , , , , , , , ,2,0,0,0,0,0,2,0,0,0,0,2,2,0,0,0,0,0,0,0,0,0,0,0,0,0,0,0,0,0,0,0,0,0,0,4,0,40.028,-75.1101, , 
60946,678738,2012078550,6,67,67301,2012,6,6,55,0,3,1,0,5,1, , ,N,0,0,0,3,0,1,2,2,N,N,39 56:30.156,75 09:00.046,109, ,107, ,0, ,N, ,0, , , , , , , , , ,1,0,0,0,1,0,0,0,1,0,1,0,1,0,0,0,0,0,0,0,0,0,0,0,0,0,0,0,0,0,0,0,0,0,0,3,0,39.9417,-75.15, , 
60947,678743,2012085813,6,67,67301,2012,8,4,1640,16,1,1,0,1,1, , ,N,1,2,0,3,0,1,2,2,N,N,39 59:33.982,75 08:57.598,1654, ,1640, ,0, ,N, ,3, , , , , , , , , ,2,2,0,0,0,0,0,0,0,0,0,1,1,0,0,0,1,0,0,0,0,0,0,2,0,0,0,0,0,0,0,0,0,0,0,4,0,39.9928,-75.1493, , 
60948,678746,2012089811,6,67,67301,2012,8,7,2234,22,3,2,1,4,1, , ,N,1,3,0,3,0,2,8,2,N,N,40 00:30.528,75 06:31.319,2330, ,2234, ,0, ,N, ,3, , , , , , , , , ,1,1,0,0,0,0,0,0,0,0,0,4,4,0,0,0,0,0,0,0,0,0,0,0,0,0,0,0,0,0,0,0,0,0,0,4,0,40.0085,-75.1087, , 
60949,678779,2012020389,6,67,67301,2012,1,3,1345,13,1,1,0,1,1, , ,N,2,0,0,3,0,1,3,3,N, ,39 54:57.347,75 14:42.963,1400, ,1355, ,0, , , ,0, , , , , , , , , ,3,1,1,0,0,0,0,0,0,0,0,1,1,0,1,0,0,0,0,0,0,0,0,1,0,0,0,0,0,0,0,0,0,0,0,4,0,39.9159,-75.2453, , 