objectid_1,objectid,crn,district,county,municipality,crash_year,crash_month,day_of_week,time_of_day,hour_of_day,illumination,weather,road_condition,collision_type,relation_to_road,work_zone_type,work_zone_loc,work_zone_ind,intersect_type,tcd_type,location_type,urban_rural,fatal_count,injury_count,person_count,total_units,sch_bus_ind,sch_zone_ind,latitude,longitude,arrival_tm,cons_zone_spd_lim,dispatch_tm,est_hrs_closed,lane_closed,ln_close_dir,ntfy_hiwy_maint,spec_juris_cd,tcd_func_cd,tfc_detour_ind,workers_pres,wz_close_detour,wz_flagger,wz_law_offcr_ind,wz_ln_closure,wz_moving,wz_other,wz_shlder_mdn,vehicle_count,automobile_count,motorcycle_count,bus_count,small_truck_count,heavy_truck_count,suv_count,van_count,bicycle_count,maj_inj_count,mod_inj_count,min_inj_count,tot_inj_count,unk_inj_deg_count,unk_inj_per_count,driver_count_16yr,driver_count_17yr,driver_count_18yr,driver_count_19yr,driver_count_20yr,driver_count_50_64yr,driver_count_65_74yr,driver_count_75plus,unbelted_occ_count,unb_death_count,unb_maj_inj_count,belted_death_count,belted_maj_inj_count,mcycle_death_count,mcycle_maj_inj_count,bicycle_death_count,bicycle_maj_inj_count,ped_count,ped_death_count,ped_maj_inj_count,max_severity_level,comm_veh_count,dec_lat,dec_long,rdwy_surf_type_cd,county_name
61017,678890,2012056766,6,67,67301,2012,5,7,1141,11,1,1,0,4,1, , ,N,0,0,0,3,0,3,3,3,N,N,39 59:24.104,75 15:00.670,1147, ,1143, ,0, ,N, ,0, , , , , , , , , ,2,1,0,0,0,0,1,0,0,0,0,0,3,3,0,0,0,0,0,0,0,1,0,0,0,0,0,0,0,0,0,0,0,0,0,8,0,39.99,-75.2502, , 
61018,678900,2012064683,6,67,67301,2012,5,4,1130,11,1,1,0,1,1, , ,N,0,0,0,3,0,2,3,2,N,N,39 59:24.580,75 06:23.070,1152, ,1146, ,0, ,N, ,0, , , , , , , , , ,2,1,0,0,0,0,0,1,0,0,0,2,2,0,0,0,0,0,0,0,1,0,0,0,0,0,0,0,0,0,0,0,0,0,0,4,0,39.9902,-75.1064, , 
61019,678913,2012063899,6,67,67301,2012,5,5,905,9,1,1,0,2,1, , ,N,1,2,0,3,0,1,2,2,N,N,39 55:26.156,75 13:19.597,911, ,909,3,2,1,N, ,3,Y, , , , , , , , ,2,1,0,0,0,0,1,0,0,0,1,0,1,0,0,0,0,1,0,0,0,0,0,0,0,0,0,0,0,0,0,0,0,0,0,3,0,39.9239,-75.2221, , 
61020,678914,2012067084,6,67,67301,2012,6,7,1037,10,1,1,0,5,1,8,8,Y,0,8,0,3,0,0,2,2,N,N,40 03:48.273,75 02:31.580,1043,99,1041,2,2,2,N, ,1,N,U,U,U,U,U,U,U,U,2,1,0,0,0,0,1,0,0,0,0,0,0,0,0,0,0,0,0,1,1,0,0,0,0,0,0,0,0,0,0,0,0,0,0,0,0,40.0634,-75.0421, , 
61021,678917,2012068925,6,67,67301,2012,6,7,2148,21,3,1,0,4,1, , ,N,1,2,0,3,0,1,2,2,N,N,39 54:58.981,75 10:03.083,2153, ,2151,2,2,4,N, ,3,Y, , , , , , , , ,2,2,0,0,0,0,0,0,0,0,1,0,1,0,0,0,0,0,0,0,0,0,0,0,0,0,0,0,0,0,0,0,0,0,0,3,0,39.9163,-75.1676, , 
61022,678926,2012075033,6,67,67301,2012,7,1,46,0,3,1,1,7,4, , ,N,0,0,0,3,0,2,2,1,N,N,40 03:17.675,74 59:05.065,53, ,46,2,2,7,Y, ,0,N, , , , , , , , ,1,0,0,0,1,0,0,0,0,0,1,1,2,0,0,0,0,0,0,0,0,0,0,0,0,0,0,0,0,0,0,0,0,0,0,3,0,40.0548,-74.9848, , 
61023,678929,2012075966,6,67,67301,2012,6,2,2133,21,3,1,0,4,1, , ,N,1,2,0,3,0,0,3,3,N, ,40 03:42.905,75 09:47.363,2140, ,2135, ,0, , , ,3, , , , , , , , , ,3,1,0,0,0,0,2,0,0,0,0,0,0,0,0,0,0,0,0,0,1,1,0,0,0,0,0,0,0,0,0,0,0,0,0,0,0,40.0619,-75.1632, , 
61024,678931,2012078411,6,67,67301,2012,7,5,50,0,3,1,0,4,1, , ,N,1,2,0,3,0,0,3,2,N,N,39 57:50.876,75 13:17.132,115, ,55, ,0, ,N, ,3, , , , , , , , , ,2,2,0,0,0,0,0,0,0,0,0,0,0,0,0,0,0,0,0,0,0,0,0,0,0,0,0,0,0,0,0,0,0,0,0,0,0,39.9641,-75.2214, , 
61025,678932,2012078510,6,67,67301,2012,7,2,2041,20,3,1,0,1,1, , ,N,0,0,0,3,0,1,2,2,N,N,40 01:56.684,75 04:52.566,2045, ,2035,1,1,1,N, ,0,N, , , , , , , , ,2,2,0,0,0,0,0,0,0,0,0,0,1,1,0,0,0,1,0,0,0,0,0,1,0,0,0,0,0,0,0,0,0,0,0,8,0,40.0324,-75.0813, , 
61026,678935,2012083347,6,67,67301,2012,7,3,1330,13,1,1,0,4,1, , ,N,3,3,0,3,0,1,2,2,N,N,40 03:38.772,75 08:53.422,1345, ,1340, ,0, ,N, ,3, , , , , , , , , ,2,1,0,0,0,0,1,0,0,0,0,1,1,0,0,0,0,0,0,0,1,0,0,0,0,0,0,0,0,0,0,0,0,0,0,4,0,40.0608,-75.1482, , 
61027,678936,2012083424,6,67,67301,2012,7,4,2300,23,2,1,0,0,1, , ,N,0,0,0,3,0,0,1,1,N,N,39 58:14.389,75 11:23.771,2310, ,2307, ,0, ,N, ,0, , , , , , , , , ,1,0,0,0,1,0,0,0,0,0,0,0,0,0,0,0,0,0,0,0,0,0,0,0,0,0,0,0,0,0,0,0,0,0,0,0,0,39.9707,-75.1899, , 
61028,678940,2012091015,6,67,67301,2012,9,4,35,0,3,1,0,7,3, , ,N,0,0,0,3,0,0,1,1,N,N,40 00:00.250,75 11:42.737,35, ,35,2,1,3,Y, ,0,N, , , , , , , , ,1,1,0,0,0,0,0,0,0,0,0,0,0,0,0,0,0,0,0,0,0,0,0,0,0,0,0,0,0,0,0,0,0,0,0,0,0,40.0001,-75.1952, , 
61029,678954,2012056595,6,67,67301,2012,5,6,2347,23,3,2,1,4,1, , ,N,1,2,0,3,0,0,3,2,N,N,40 01:50.524,75 03:42.293,27, ,2, ,0, ,N, ,1, , , , , , , , , ,2,1,0,0,0,0,1,0,0,0,0,0,0,0,0,0,0,0,0,0,0,0,0,0,0,0,0,0,0,0,0,0,0,0,0,0,0,40.0307,-75.0617, , 
61030,678966,2012020497,6,67,67301,2012,2,4,1715,17,3,1,0,1,1, , ,N,1,2,0,3,0,1,3,2,N, ,40 01:46.545,75 06:13.959,1720, ,1718,1,1,1,N, ,3,N, , , , , , , , ,2,2,0,0,0,0,0,0,0,0,0,0,1,1,0,0,0,0,0,0,1,0,0,2,0,0,0,0,0,0,0,0,0,0,0,8,0,40.0296,-75.1039, , 
61031,678976,2012036906,6,67,67301,2012,2,2,858,8,1,1,0,1,1, , ,N,1,2,0,3,0,1,3,2,N,N,40 03:27.061,75 08:57.497,902, ,900, ,0, ,N, ,3, , , , , , , , , ,2,0,0,0,0,0,1,1,0,0,0,1,1,0,0,0,0,0,0,0,1,0,0,0,0,0,0,0,0,0,0,0,0,0,0,4,0,40.0575,-75.1493, , 
61032,678991,2012049779,6,67,67301,2012,4,1,1823,18,1,1,0,4,1, , ,N,1,2,0,3,0,2,3,3,N,N,39 57:38.492,75 14:35.151,1845, ,1824, ,0, ,N, ,3, , , , , , , , , ,3,3,0,0,0,0,0,0,0,0,0,0,2,2,0,0,0,0,0,0,0,0,0,0,0,0,0,0,0,0,0,0,0,0,0,8,0,39.9607,-75.243, , 
61033,679023,2012063905,6,67,67301,2012,5,7,1605,16,1,1,1,4,1, , ,N,0,0,0,3,0,3,3,4,N,N,39 59:47.468,75 08:42.939,1617, ,1611,3,2,2,N, ,0,Y, , , , , , , , ,3,1,0,0,0,0,2,0,1,0,2,0,3,1,0,0,0,0,0,0,1,0,0,0,0,0,0,0,0,0,0,0,0,0,0,3,0,39.9965,-75.1453, , 
61034,679035,2012073568,6,67,67301,2012,6,1,1330,13,1,1,0,8,1, , ,N,1,0,0,3,0,1,2,2,N, ,39 59:38.875,75 10:49.115,1330, ,1330, ,0, , , ,0, , , , , , , , , ,1,0,0,0,0,0,0,0,0,0,0,1,1,0,0,0,0,0,0,0,0,0,0,0,0,0,0,0,0,0,0,0,1,0,0,4,0,39.9941,-75.1803, , 
61035,682822,2012083226,6,67,67301,2012,7,7,9999,99,1,1,0,5,1, , ,N,0,0,7,3,0,1,2,2,N,N,39 58:30.401,75 07:16.920,1845, ,1841, ,0, ,N, ,0, , , , , , , , , ,2,0,1,0,0,0,1,0,0,0,1,0,1,0,0,0,0,0,0,1,1,0,0,0,0,0,0,0,0,0,0,0,0,0,0,3,0,39.9756,-75.1206, , 
61036,682823,2012083250,6,67,67301,2012,7,1,1156,11,1,1,0,4,1, , ,N,1,3,0,3,0,1,2,2,N,N,39 55:44.014,75 08:48.098,1202, ,1158,1,1,2,N, ,3,Y, , , , , , , , ,1,0,0,0,0,0,0,1,1,0,0,1,1,0,0,0,0,0,0,0,1,0,0,0,0,0,0,0,0,0,0,0,0,0,0,4,0,39.9289,-75.1467, , 
61037,682839,2012099386,6,67,67301,2012,9,4,1605,16,1,1,0,8,1, , ,N,1,3,0,3,0,0,2,2,N, ,39 55:05.264,75 09:38.912,1618, ,1611, ,0, , , ,3, , , , , , , , , ,1,0,0,1,0,0,0,0,0,0,0,1,1,0,0,0,0,0,0,0,0,1,0,0,0,0,0,0,0,0,0,0,1,0,0,4,1,39.9181,-75.1608, , 
61038,682843,2012104047,6,67,67301,2012,10,3,1900,19,3,2,1,4,1, , ,N,1,2,0,3,0,1,2,2,N,N,39 58:43.022,75 12:49.084,1904, ,1903, ,0, ,N, ,2, , , , , , , , , ,2,2,0,0,0,0,0,0,0,0,1,0,1,0,0,0,0,0,0,0,1,0,0,0,0,0,0,0,0,0,0,0,0,0,0,3,0,39.9786,-75.2136, , 
61039,682859,2012056625,6,67,67301,2012,5,5,645,6,1,1,1,4,1, , ,N,1,2,0,3,0,1,2,2,N,N,40 02:25.164,75 03:30.735,710, ,650, ,0, ,N, ,3, , , , , , , , , ,2,1,0,0,0,0,0,1,0,0,0,1,1,0,0,0,0,0,0,0,1,0,0,0,0,0,0,0,0,0,0,0,0,0,0,4,0,40.0403,-75.0585, , 
61040,682868,2012066756,6,67,67301,2012,6,7,1231,12,1,1,0,5,2, , ,N,0,0,0,3,0,1,3,2,N, ,39 59:37.845,75 05:46.468,1250, ,1238, ,0, , , ,0, , , , , , , , , ,2,2,0,0,0,0,0,0,0,0,0,1,1,0,0,0,0,0,0,0,0,1,0,0,0,0,0,0,0,0,0,0,0,0,0,4,0,39.9938,-75.0962, , 
61041,682877,2012078475,6,67,67301,2012,7,4,1948,19,1,1,0,4,1, , ,N,2,0,0,3,0,1,2,2,N,N,39 56:26.073,75 12:56.753,9999, ,1955, ,0, ,N, ,0, , , , , , , , , ,1,0,0,1,0,0,0,0,1,0,0,1,1,0,0,0,0,0,0,0,0,0,0,0,0,0,0,0,0,0,0,0,0,0,0,4,1,39.9406,-75.2158, , 
61042,682938,2012049838,6,67,67301,2012,4,7,2132,21,3,1,0,8,1, , ,N,0,0,0,3,0,1,2,2,N,N,40 01:33.452,75 07:31.175,2141, ,2135,1,2,2,N, ,0,N, , , , , , , , ,1,0,0,0,1,0,0,0,0,0,1,0,1,0,0,0,0,0,0,0,1,0,0,0,0,0,0,0,0,0,0,0,1,0,0,3,0,40.026,-75.1253, , 
61043,682946,2012002877,6,67,67301,2012,1,7,1602,16,1,1,0,2,1, , ,N,1,2,0,3,0,1,3,2,N,N,40 03:35.236,75 08:00.273,1614, ,1602, ,0, ,N, ,3, , , , , , , , , ,2,1,0,0,0,0,0,1,0,0,1,0,1,0,0,0,0,0,0,0,0,0,1,0,0,0,0,0,0,0,0,0,0,0,0,3,0,40.0598,-75.1334, , 
61044,682951,2012013087,6,67,67301,2012,1,1,210,2,3,1,0,1,1, , ,N,1,2,0,3,0,1,4,3,N,N,40 01:55.909,75 02:12.865,230, ,224, ,0, ,N, ,3, , , , , , , , , ,3,2,0,0,0,0,0,1,0,0,0,1,1,0,0,0,1,0,0,0,0,0,0,0,0,0,0,0,0,0,0,0,0,0,0,4,0,40.0322,-75.0369, , 
61045,682961,2012020683,6,67,67301,2012,2,7,1049,10,1,2,1,7,5, , ,N,0,0,0,3,0,0,1,1,N,N,39 56:49.045,75 11:16.875,1054, ,1054,1,1,4,N, ,0,N, , , , , , , , ,1,1,0,0,0,0,0,0,0,0,0,0,0,0,0,0,0,0,0,0,0,0,0,0,0,0,0,0,0,0,0,0,0,0,0,0,0,39.947,-75.188, , 
61046,682978,2012034727,6,67,67301,2012,3,4,830,8,1,1,0,8,1, , ,N,0,0,0,3,0,2,3,3,N,Y,39 57:56.175,75 14:24.077,841, ,834, ,0, , , ,0, , , , , , , , , ,1,1,0,0,0,0,0,0,0,0,0,2,2,0,0,0,0,0,0,0,0,0,0,0,0,0,0,0,0,0,0,0,2,0,0,4,0,39.9656,-75.24, , 
61047,682982,2012038536,6,67,67301,2012,4,1,1859,18,3,2,1,7,3, , ,N,0,0,0,3,0,2,2,1,N,N,39 58:50.311,75 12:21.819,1909, ,1902,1,2,3,N, ,0,N, , , , , , , , ,1,1,0,0,0,0,0,0,0,0,0,2,2,0,0,0,0,0,0,0,0,0,0,0,0,0,0,0,0,0,0,0,0,0,0,4,0,39.9806,-75.2061, , 
61048,682984,2012042204,6,67,67301,2012,3,5,9999,99,1,1,0,7,4, , ,N,0,0,0,3,0,0,1,1,N,N,39 56:42.038,75 14:21.531,1630, ,1604, ,0, ,N, ,0, , , , , , , , , ,1,0,0,0,0,0,0,1,0,0,0,0,0,0,0,0,0,0,0,0,1,0,0,0,0,0,0,0,0,0,0,0,0,0,0,0,0,39.945,-75.2393, , 
61049,682993,2012003122,6,67,67301,2012,1,4,1710,17,3,1,0,1,1, , ,N,0,0,0,3,0,0,5,4,N,N,39 55:36.531,75 11:42.002,1743, ,1716, ,0, ,N, ,0, , , , , , , , , ,4,4,0,0,0,0,0,0,0,0,0,0,0,0,0,0,0,0,1,0,0,0,0,0,0,0,0,0,0,0,0,0,0,0,0,0,0,39.9268,-75.195, , 
61050,683001,2012068877,6,67,67301,2012,6,7,2030,20,3,1,0,4,6, , ,N,0,0,0,3,0,0,2,2,N, ,40 01:12.532,75 09:00.748,2037, ,2037,9,1,4, , ,0,N, , , , , , , , ,2,2,0,0,0,0,0,0,0,0,0,0,0,0,0,0,0,0,0,0,0,0,0,0,0,0,0,0,0,0,0,0,0,0,0,0,0,40.0201,-75.1502, , 
61051,683005,2012073541,6,67,67301,2012,6,6,1750,17,1,1,0,4,1, , ,N,0,0,7,3,0,0,3,2,N,N,40 04:06.206,75 14:25.485,1812, ,1803, ,0, ,N, ,0, , , , , , , , , ,2,0,1,0,0,0,1,0,0,0,0,0,0,0,0,0,0,0,0,0,1,1,0,0,0,0,0,0,0,0,0,0,0,0,0,0,0,40.0717,-75.242, , 
61052,683009,2012078313,6,67,67301,2012,7,7,9999,99,1,1,0,4,1, , ,N,2,2,0,3,0,0,2,2,N,N,39 58:21.514,75 15:34.689,9999, ,9999, ,0, , , ,3, , , , , , , , , ,2,1,0,0,0,0,0,0,0,0,0,0,0,0,1,0,0,0,0,0,0,0,0,0,0,0,0,0,0,0,0,0,0,0,0,9,0,39.9726,-75.2596, , 
61053,671706,2012033966,6,67,67301,2012,3,6,1139,11,1,1,0,7,2, , ,N,0,0,0,3,0,0,1,1,N,N,39 53:54.581,75 10:54.699,1145, ,1141, ,0, ,N, ,0, , , , , , , , , ,1,1,0,0,0,0,0,0,0,0,0,0,0,0,0,0,0,0,0,0,0,0,0,0,0,0,0,0,0,0,0,0,0,0,0,0,0,39.8985,-75.1818, , 
61054,671711,2012042562,6,67,67301,2012,3,6,2320,23,3,1,0,4,2, , ,N,0,0,0,3,0,1,1,3,N,N,40 03:14.997,75 11:52.112,2335, ,2330, ,0, ,N, ,0, , , , , , , , , ,3,3,0,0,0,0,0,0,0,0,0,0,1,1,0,0,0,0,0,0,0,0,0,0,0,0,0,0,0,0,0,0,0,0,0,8,0,40.0542,-75.1978, , 
61055,671718,2012048077,6,67,67301,2012,4,4,1334,13,1,1,0,4,1, , ,N,1,3,0,3,0,1,2,2,N,N,39 58:21.363,75 08:24.889,1335, ,1335,1,1,2,N, ,3,N, , , , , , , , ,1,0,0,0,0,0,0,1,1,0,1,0,1,0,0,0,0,0,0,0,0,0,0,0,0,0,0,0,0,0,0,0,0,0,0,3,0,39.9726,-75.1402, , 
61056,671719,2012049744,6,67,67301,2012,4,7,1420,14,1,1,0,4,1, , ,N,1,2,0,3,0,2,4,2,N,N,40 04:27.539,75 02:05.367,1515, ,1420, ,0, ,N, ,3, , , , , , , , , ,2,0,0,0,1,0,0,1,0,0,0,2,2,0,0,0,0,0,0,0,0,0,0,0,0,0,0,0,0,0,0,0,0,0,0,4,0,40.0742,-75.0347, , 
61057,671741,2012041482,6,67,67301,2012,3,2,1525,15,1,1,0,4,1, , ,N,0,0,7,3,0,3,3,2,N, ,40 00:27.181,75 07:40.414,1527, ,1527, ,0, , , ,0, , , , , , , , , ,2,1,0,0,0,0,1,0,0,0,0,0,3,3,0,0,0,0,0,0,0,0,0,0,0,0,0,0,0,0,0,0,0,0,0,8,0,40.0075,-75.128, , 
61058,671742,2012042644,6,67,67301,2012,4,4,1155,11,1,1,0,1,2, , ,N,6,0,2,3,0,0,1,2,N,N,40 02:56.810,75 00:09.765,1220, ,1159, ,0, ,N, ,0, , , , , , , , , ,2,2,0,0,0,0,0,0,0,0,0,0,0,0,0,0,0,0,0,0,0,0,0,0,0,0,0,0,0,0,0,0,0,0,0,0,0,40.0488,-75.0016, , 
61059,671776,2012010986,6,67,67301,2012,1,5,633,6,3,1,6,7,3, , ,N,0,0,0,3,0,0,1,1,N,N,39 54:05.689,75 09:07.795,714, ,644,1,1,2,N, ,0,N, , , , , , , , ,1,1,0,0,0,0,0,0,0,0,0,0,0,0,0,0,0,0,0,0,0,0,0,0,0,0,0,0,0,0,0,0,0,0,0,0,0,39.9016,-75.1521, , 
61060,671797,2012028495,6,67,67301,2012,2,4,1740,17,3,4,1,8,1, , ,N,1,2,0,3,0,1,2,2,N,N,39 59:29.442,75 08:10.101,1750, ,1746, ,0, ,N, ,3, , , , , , , , , ,1,1,0,0,0,0,0,0,0,0,0,1,1,0,0,0,0,0,0,0,0,0,0,0,0,0,0,0,0,0,0,0,1,0,0,4,0,39.9915,-75.1361, , 
61061,671798,2012032529,6,67,67301,2012,2,1,1720,17,3,1,0,4,6, , ,N,0,0,0,3,0,0,1,2,N,N,39 56:54.116,75 09:22.865,1735, ,1728, ,0, ,N, ,0, , , , , , , , , ,2,1,0,0,0,0,1,0,0,0,0,0,0,0,0,0,0,0,0,0,0,0,0,0,0,0,0,0,0,0,0,0,0,0,0,0,0,39.9484,-75.1564, , 
61062,671803,2012041100,6,46,46108,2012,4,3,1444,14,1,1,0,5,1, , ,N,1,0,0,3,0,0,2,2,Y,N,40 05:09.819,75 13:49.871,1451, ,1444, ,0, ,N, ,0, , , , , , , , , ,2,1,0,1,0,0,0,0,0,0,0,0,0,0,0,0,0,0,1,0,0,0,0,0,0,0,0,0,0,0,0,0,0,0,0,0,1,40.0861,-75.2305, , 
61063,671812,2012048876,6,67,67301,2012,4,7,1408,14,1,1,0,4,1, , ,N,1,2,0,3,0,1,5,3,N,N,39 56:12.483,75 13:47.092,1412, ,1408, ,0, ,N, ,3, , , , , , , , , ,3,1,0,0,0,0,1,1,0,0,0,1,1,0,0,0,0,0,0,0,2,0,0,0,0,0,0,0,0,0,0,0,0,0,0,4,0,39.9368,-75.2297, , 
61064,671845,2012032616,6,67,67301,2012,2,6,1916,19,3,1,0,7,3, , ,N,0,0,0,3,0,1,1,1,N, ,39 58:02.505,75 09:37.419,1917, ,1916, ,0, , , ,0, , , , , , , , , ,1,1,0,0,0,0,0,0,0,0,0,1,1,0,0,0,0,0,0,0,0,0,0,0,0,0,0,0,0,0,0,0,0,0,0,4,0,39.9674,-75.1604, , 
61065,671870,2012063865,6,67,67301,2012,5,2,900,9,1,1,0,5,1, , ,N,1,2,0,3,0,1,4,2,N, ,39 55:23.140,75 09:35.033,910, ,907,3,2,6, , ,3,Y, , , , , , , , ,1,0,0,0,0,0,1,0,1,0,1,0,1,0,0,0,0,0,0,0,0,0,0,3,0,0,0,0,0,0,0,0,0,0,0,3,0,39.9231,-75.1597, , 
61066,671871,2012063973,6,67,67301,2012,5,3,120,1,3,1,0,4,1, , ,N,2,3,0,3,0,4,5,2,N,N,40 00:07.113,75 07:07.967,140, ,130, ,0, , , ,3, , , , , , , , , ,2,2,0,0,0,0,0,0,0,0,0,4,4,0,0,0,0,0,0,1,1,0,0,4,0,0,0,0,0,0,0,0,0,0,0,4,0,40.002,-75.1189, , 
61067,671872,2012064108,6,67,67301,2012,6,7,2010,20,4,1,0,5,1, , ,N,0,0,0,3,0,1,5,2,N,N,40 00:27.916,75 04:19.467,2025, ,2012, ,0, ,N, ,0, , , , , , , , , ,2,2,0,0,0,0,0,0,0,0,0,0,1,1,1,0,0,0,0,0,0,0,0,0,0,0,0,0,0,0,0,0,0,0,0,8,0,40.0078,-75.072, , 
61068,671878,2012069644,6,67,67301,2012,6,7,9999,99,3,2,1,7,4, , ,N,0,0,0,3,0,1,1,1,N, ,40 01:33.718,75 05:46.924,228, ,222,9,1,1, , ,0,N, , , , , , , , ,1,0,0,0,0,0,1,0,0,0,1,0,1,0,0,0,0,0,0,0,0,0,0,0,0,0,0,0,0,0,0,0,0,0,0,3,0,40.026,-75.0964, , 
61069,671883,2012079368,6,67,67301,2012,8,5,1601,16,1,1,0,4,1, , ,N,0,0,0,3,0,2,3,2,N,N,40 03:09.359,74 59:15.303,1630, ,1602,2,1,2,Y, ,0,N, , , , , , , , ,2,0,0,0,1,0,1,0,0,0,1,1,2,0,0,0,0,0,0,0,2,0,0,0,0,0,0,0,0,0,0,0,0,0,0,3,0,40.0526,-74.9876, , 
61070,671901,2012098359,6,67,67301,2012,8,5,1547,15,1,1,0,2,1, , ,N,1,2,0,3,0,1,2,2,N, ,39 58:57.266,75 13:50.685,1602, ,1553, ,0, , , ,3, , , , , , , , , ,2,2,0,0,0,0,0,0,0,0,0,1,1,0,0,0,0,0,0,0,0,1,0,0,0,0,0,0,0,0,0,0,0,0,0,4,0,39.9826,-75.2307, , 
61071,675505,2012036873,6,67,67301,2012,3,3,2140,21,3,1,0,4,1, , ,N,1,2,0,3,0,2,4,2,N,N,39 57:34.444,75 11:49.297,2140, ,2140, ,0, ,N, ,3, , , , , , , , , ,2,2,0,0,0,0,0,0,0,0,1,1,2,0,0,0,0,0,0,0,1,0,0,0,0,0,0,0,0,0,0,0,0,0,0,3,0,39.9596,-75.197, , 
61072,675506,2012037002,6,67,67301,2012,3,7,215,2,6,2,1,4,1, , ,N,1,3,1,3,0,2,5,2,N,N,39 58:14.108,75 09:03.120,230, ,229,1,1,3,N, ,3,Y, , , , , , , , ,2,2,0,0,0,0,0,0,0,0,0,0,2,2,0,0,0,0,0,0,0,0,0,0,0,0,0,0,0,0,0,0,0,0,0,8,0,39.9705,-75.151, , 
61073,675512,2012048161,6,67,67301,2012,4,3,322,3,3,1,0,7,2, , ,N,0,0,0,3,0,1,5,2,N,N,40 00:56.727,75 10:35.092,330, ,326,2,2,2,Y, ,0,Y, , , , , , , , ,1,1,0,0,0,0,0,0,0,0,0,1,1,0,0,0,0,0,0,0,0,0,0,0,0,0,0,0,0,0,0,0,0,0,0,4,0,40.0158,-75.1764, , 
61074,675516,2012049734,6,67,67301,2012,4,3,900,9,1,1,0,8,1, , ,N,1,2,0,3,0,1,2,2,N, ,39 56:25.327,75 14:11.791,1330, ,1314, ,0, , , ,3, , , , , , , , , ,1,1,0,0,0,0,0,0,0,0,0,0,1,1,1,0,0,0,0,0,0,0,0,0,0,0,0,0,0,0,0,0,1,0,0,8,0,39.9404,-75.2366, , 
61075,675543,2012083161,6,67,67301,2012,7,2,9999,99,3,1,0,1,1, , ,N,1,3,0,3,0,1,2,2,N,N,39 56:24.543,75 12:58.939,2050, ,2045, ,0, ,N, ,3, , , , , , , , , ,2,2,0,0,0,0,0,0,0,0,0,1,1,0,0,0,0,0,0,0,0,0,0,0,0,0,0,0,0,0,0,0,0,0,0,4,0,39.9402,-75.2164, , 
61076,675544,2012083337,6,67,67301,2012,7,5,527,5,5,1,0,4,1, , ,N,5,2,0,3,0,1,3,2,N, ,40 00:36.075,75 05:46.053,608, ,608, ,0, , , ,3, , , , , , , , , ,2,1,0,0,0,0,0,1,0,0,1,0,1,0,0,0,0,0,0,0,0,0,0,0,0,0,0,0,0,0,0,0,0,0,0,3,0,40.01,-75.0961, , 
61077,675564,2012098463,6,67,67301,2012,9,3,735,7,1,1,0,5,6, , ,N,0,0,0,3,0,1,1,4,N,N,40 01:32.629,75 07:14.642,740, ,736,1,1,1,N, ,0,N, , , , , , , , ,4,3,0,0,0,0,0,1,0,0,0,1,1,0,0,0,0,0,0,0,0,0,0,0,0,0,0,0,0,0,0,0,0,0,0,4,0,40.0257,-75.1207, , 
61078,675580,2012064008,6,67,67301,2012,5,6,1905,19,1,1,0,7,5, , ,N,0,0,0,3,0,4,4,1,N,N,40 03:24.957,75 08:47.560,1920, ,1917, ,0, ,N, ,0, , , , , , , , , ,1,1,0,0,0,0,0,0,0,0,0,4,4,0,0,0,0,0,0,0,0,0,0,0,0,0,0,0,0,0,0,0,0,0,0,4,0,40.0569,-75.1465, , 
61079,675583,2012066491,6,67,67301,2012,5,7,1800,18,1,1,0,4,1, , ,N,2,3,0,3,0,1,2,2,N,N,40 03:37.213,75 10:51.902,1810, ,1804, ,0, ,N, ,3, , , , , , , , , ,2,2,0,0,0,0,0,0,0,0,0,0,1,1,0,0,0,0,0,0,0,0,0,0,0,0,0,0,0,0,0,0,0,0,0,8,0,40.0603,-75.1811, , 
61080,675585,2012069649,6,67,67301,2012,6,7,2329,23,3,1,0,7,5, , ,N,0,0,0,3,0,1,2,1,N,N,40 03:10.357,75 03:00.768,2337, ,2331,9,1,1,N, ,0,N, , , , , , , , ,1,1,0,0,0,0,0,0,0,0,0,0,1,1,0,0,0,0,0,1,0,0,0,0,0,0,0,0,0,0,0,0,0,0,0,8,0,40.053,-75.0501, , 
61081,675596,2012083245,6,67,67301,2012,7,7,1733,17,1,2,1,1,1, , ,N,1,2,0,3,0,2,3,2,N,N,40 01:01.667,75 09:04.024,1851, ,1847, ,0, ,N, ,3, , , , , , , , , ,2,1,0,0,1,0,0,0,0,0,0,2,2,0,0,0,0,0,0,0,1,0,0,0,0,0,0,0,0,0,0,0,0,0,0,4,0,40.0171,-75.1512, , 
61082,675608,2012095361,6,67,67301,2012,9,7,2040,20,3,1,2,8,1, , ,N,0,0,0,3,0,1,1,2,N, ,39 54:28.446,75 09:04.244,2055, ,2048, ,0, , , ,0, , , , , , , , , ,1,0,0,0,1,0,0,0,0,0,0,1,1,0,0,0,0,0,0,0,0,0,0,0,0,0,0,0,0,0,0,0,1,0,0,4,0,39.9079,-75.1512, , 
61083,675609,2012096022,6,67,67301,2012,8,6,1127,11,1,1,1,5,1, , ,N,1,2,0,3,0,0,3,2,N,N,39 54:14.619,75 14:25.049,1209, ,1202, ,0, ,N, ,3, , , , , , , , , ,2,2,0,0,0,0,0,0,0,0,0,0,0,0,0,0,0,0,0,1,1,0,0,0,0,0,0,0,0,0,0,0,0,0,0,0,0,39.904,-75.2401, , 
61084,675652,2012037403,6,67,67301,2012,3,7,1902,19,3,1,0,7,2, , ,N,0,0,0,3,0,0,1,2,N,N,40 05:28.975,75 00:40.582,1945, ,1940, ,0, ,N, ,0, , , , , , , , , ,1,0,0,0,0,0,1,0,0,0,0,0,0,0,0,0,0,0,0,0,0,0,0,0,0,0,0,0,0,0,0,0,0,0,0,0,0,40.0914,-75.0113, , 