objectid_1,objectid,crn,district,county,municipality,crash_year,crash_month,day_of_week,time_of_day,hour_of_day,illumination,weather,road_condition,collision_type,relation_to_road,work_zone_type,work_zone_loc,work_zone_ind,intersect_type,tcd_type,location_type,urban_rural,fatal_count,injury_count,person_count,total_units,sch_bus_ind,sch_zone_ind,latitude,longitude,arrival_tm,cons_zone_spd_lim,dispatch_tm,est_hrs_closed,lane_closed,ln_close_dir,ntfy_hiwy_maint,spec_juris_cd,tcd_func_cd,tfc_detour_ind,workers_pres,wz_close_detour,wz_flagger,wz_law_offcr_ind,wz_ln_closure,wz_moving,wz_other,wz_shlder_mdn,vehicle_count,automobile_count,motorcycle_count,bus_count,small_truck_count,heavy_truck_count,suv_count,van_count,bicycle_count,maj_inj_count,mod_inj_count,min_inj_count,tot_inj_count,unk_inj_deg_count,unk_inj_per_count,driver_count_16yr,driver_count_17yr,driver_count_18yr,driver_count_19yr,driver_count_20yr,driver_count_50_64yr,driver_count_65_74yr,driver_count_75plus,unbelted_occ_count,unb_death_count,unb_maj_inj_count,belted_death_count,belted_maj_inj_count,mcycle_death_count,mcycle_maj_inj_count,bicycle_death_count,bicycle_maj_inj_count,ped_count,ped_death_count,ped_maj_inj_count,max_severity_level,comm_veh_count,dec_lat,dec_long,rdwy_surf_type_cd,county_name
61287,672506,2012012597,6,67,67301,2012,1,1,135,1,3,1,0,4,6, , ,N,0,0,0,3,0,0,1,3,N,N,40 00:31.939,75 06:42.188,152, ,148, ,0, ,N, ,0, , , , , , , , , ,3,3,0,0,0,0,0,0,0,0,0,0,0,0,0,0,0,0,0,0,1,0,0,0,0,0,0,0,0,0,0,0,0,0,0,0,0,40.0089,-75.1117, , 
61288,672507,2012015852,6,67,67301,2012,1,5,657,6,3,2,1,2,1, , ,N,1,2,0,3,0,1,3,2,N,N,40 02:12.848,75 08:02.883,720, ,714, ,0, ,N, ,3, , , , , , , , , ,2,2,0,0,0,0,0,0,0,0,0,1,1,0,0,0,0,0,0,0,0,0,0,0,0,0,0,0,0,0,0,0,0,0,0,4,0,40.0369,-75.1341, , 
61289,672532,2012042148,6,67,67301,2012,3,7,805,8,1,1,0,4,1, , ,N,5,2,0,3,0,1,2,2,N,N,39 59:13.221,75 07:20.575,822, ,819, ,0, ,N, ,3, , , , , , , , , ,2,2,0,0,0,0,0,0,0,0,0,0,1,1,0,0,0,0,0,0,0,0,0,0,0,0,0,0,0,0,0,0,0,0,0,8,0,39.9871,-75.1223, , 
61290,672539,2012047096,6,67,67301,2012,4,4,639,6,1,1,0,4,1, , ,N,1,2,0,3,0,0,2,2,N,N,40 05:40.718,75 00:54.707,647, ,639, ,0, ,N, ,3, , , , , , , , , ,2,1,0,0,0,0,1,0,0,0,0,0,0,0,0,0,0,0,0,0,1,0,0,0,0,0,0,0,0,0,0,0,0,0,0,0,0,40.0946,-75.0152, , 
61291,672564,2012036857,6,67,67301,2012,2,5,800,8,1,1,0,8,1, , ,N,1,2,0,3,0,1,2,2,N, ,40 01:27.922,75 08:48.832,824, ,800,1,1,3, , ,3,N, , , , , , , , ,1,1,0,0,0,0,0,0,0,0,0,0,1,1,0,0,0,0,0,0,0,0,0,0,0,0,0,0,0,0,0,0,1,0,0,8,0,40.0244,-75.1469, , 
61292,676114,2012015415,6,67,67301,2012,1,6,1646,16,1,1,0,1,1, , ,N,0,0,0,3,0,0,3,2,N,N,40 01:18.545,75 08:21.202,1652, ,1647,1,1,4,N, ,0,N, , , , , , , , ,2,1,0,0,0,0,0,1,0,0,0,0,0,0,0,0,0,0,1,0,0,0,0,0,0,0,0,0,0,0,0,0,0,0,0,0,0,40.0218,-75.1392, , 
61293,676142,2012047142,6,67,67301,2012,4,1,235,2,3,1,0,7,2, , ,N,1,2,0,3,0,1,1,1,N,N,40 01:52.626,75 05:06.090,240, ,237, ,0, ,N, ,3, , , , , , , , , ,1,1,0,0,0,0,0,0,0,0,0,1,1,0,0,0,0,0,0,0,0,0,0,0,0,0,0,0,0,0,0,0,0,0,0,4,0,40.0314,-75.0847, , 
61294,676167,2012023649,6,67,67301,2012,2,5,1810,18,3,1,0,8,1, , ,N,0,0,0,3,0,1,2,2,N,N,39 57:27.228,75 10:49.246,1841, ,1813,1,1,3,N, ,0,Y, , , , , , , , ,1,1,0,0,0,0,0,0,0,0,0,0,1,1,0,0,0,0,0,0,0,0,0,0,0,0,0,0,0,0,0,0,1,0,0,8,0,39.9576,-75.1803, , 
61295,676179,2012036267,6,67,67301,2012,3,3,1151,11,1,1,0,1,1, , ,N,3,4,2,3,0,0,2,2,N,N,39 54:43.695,75 09:03.126,1203, ,1155, ,0, ,N, ,3, , , , , , , , , ,2,1,0,0,0,0,1,0,0,0,0,0,0,0,0,0,0,0,0,0,1,0,0,0,0,0,0,0,0,0,0,0,0,0,0,0,0,39.9121,-75.1509, , 
61296,676196,2012048083,6,67,67301,2012,4,6,1902,19,1,1,0,4,1, , ,N,0,0,7,3,0,1,2,2,N,N,40 01:19.563,75 04:40.108,2125, ,2115, ,0, ,N, ,0, , , , , , , , , ,2,2,0,0,0,0,0,0,0,0,0,0,1,1,0,0,0,0,0,0,0,0,0,0,0,0,0,0,0,0,0,0,0,0,0,8,0,40.0221,-75.0778, , 
61297,676205,2012012573,6,67,67301,2012,1,5,2023,20,3,1,0,4,1, , ,N,1,2,0,3,0,2,2,2,N,N,39 57:20.808,75 09:32.558,2024, ,2023, ,0, ,N, ,3, , , , , , , , , ,2,2,0,0,0,0,0,0,0,0,2,0,2,0,0,0,0,0,0,0,0,0,0,0,0,0,0,0,0,0,0,0,0,0,0,3,0,39.9558,-75.159, , 
61298,676218,2012026163,6,67,67301,2012,2,5,2102,21,3,1,0,4,1, , ,N,5,2,1,3,0,2,2,2,N, ,39 59:42.637,75 06:56.944,2105, ,2104,2,1,4, , ,3,Y, , , , , , , , ,2,1,0,0,0,0,0,1,0,0,0,2,2,0,0,0,0,0,0,0,0,0,0,0,0,0,0,0,0,0,0,0,0,0,0,4,0,39.9952,-75.1158, , 
61299,676240,2012056682,6,67,67301,2012,5,3,1800,18,1,1,0,9,2, , ,N,0,0,0,3,0,1,1,1,N,N,39 56:02.072,75 11:10.273,1800, ,1800, ,0, ,N, ,0, , , , , , , , , ,1,0,0,0,0,0,0,0,0,0,0,1,1,0,0,0,0,0,0,0,0,0,0,0,0,0,0,0,0,0,0,0,0,0,0,4,0,39.9339,-75.1862, , 
61300,676246,2012066737,6,67,67301,2012,6,2,1300,13,1,1,1,1,1, , ,N,1,2,0,3,0,2,3,2,N,N,39 55:53.939,75 10:04.948,1320, ,1315, ,0, , , ,3, , , , , , , , , ,2,1,0,0,0,0,1,0,0,0,0,0,2,2,1,0,0,0,0,0,0,0,0,0,0,0,0,0,0,0,0,0,0,0,0,8,0,39.9317,-75.168, , 
61301,676259,2012015338,6,67,67301,2012,1,3,951,9,1,2,1,4,1, , ,N,2,3,0,3,0,1,2,2,N,N,39 59:15.666,75 10:01.099,1050, ,1045, ,0, ,N, ,3, , , , , , , , , ,2,2,0,0,0,0,0,0,0,0,0,1,1,0,1,0,0,0,0,0,1,0,0,0,0,0,0,0,0,0,0,0,0,0,0,4,0,39.9877,-75.167, , 
61302,676273,2012028197,6,67,67301,2012,2,1,1630,16,1,1,0,1,1, , ,N,1,2,0,3,0,3,3,3,N,N,39 57:40.435,75 08:47.767,1642, ,1638, ,0, ,N, ,3, , , , , , , , , ,3,1,0,0,0,0,2,0,0,0,0,3,3,0,0,0,0,0,0,0,0,0,0,0,0,0,0,0,0,0,0,0,0,0,0,4,0,39.9612,-75.1466, , 
61303,676284,2012039241,6,67,67301,2012,3,7,209,2,3,1,0,7,4, , ,N,0,0,0,3,0,4,4,1,N,N,39 58:54.521,75 12:26.043,220, ,211,2,1,4,N, ,0,N, , , , , , , , ,1,0,0,0,0,0,1,0,0,0,0,1,4,3,0,0,0,0,0,0,1,0,0,3,0,0,0,0,0,0,0,0,0,0,0,4,0,39.9818,-75.2072, , 
61304,676287,2012041654,6,67,67301,2012,3,6,1156,11,1,1,0,1,1, , ,N,1,0,0,3,0,1,3,2,N, ,40 01:41.740,75 04:27.919,1200, ,1157, ,0, , , ,0, , , , , , , , , ,2,2,0,0,0,0,0,0,0,0,0,0,1,1,0,0,0,0,0,0,0,0,0,0,0,0,0,0,0,0,0,0,0,0,0,8,0,40.0283,-75.0744, , 
61305,676288,2012042201,6,67,67301,2012,3,5,1528,15,1,1,0,8,1, , ,N,2,0,0,3,0,1,2,2,N,N,40 03:21.691,75 10:55.142,1759, ,1749, ,0, , , ,0, , , , , , , , , ,1,1,0,0,0,0,0,0,0,1,0,0,1,0,0,0,0,0,0,0,0,0,1,0,0,0,0,0,0,0,0,0,1,0,1,2,0,40.056,-75.182, , 
61306,676289,2012042587,6,67,67301,2012,3,5,1720,17,1,1,0,4,1, , ,N,1,2,0,3,0,4,7,3,N,N,40 03:24.250,75 02:48.711,1735, ,1725,2,2,2,N, ,3,Y, , , , , , , , ,3,2,0,0,0,0,0,1,0,0,0,4,4,0,0,0,1,0,0,0,0,0,0,0,0,0,0,0,0,0,0,0,0,0,0,4,0,40.0567,-75.0469, , 
61307,676297,2012048261,6,67,67301,2012,4,1,1947,19,3,1,0,8,1, , ,N,0,0,0,3,0,1,2,2,N,N,39 55:42.081,75 14:31.502,2019, ,2015, ,0, ,N, ,0, , , , , , , , , ,1,1,0,0,0,0,0,0,0,0,0,1,1,0,0,0,0,0,0,0,0,1,0,0,0,0,0,0,0,0,0,0,1,0,0,4,0,39.9284,-75.2421, , 
61308,676299,2012055795,6,67,67301,2012,5,5,225,2,3,1,0,7,4, , ,N,0,0,0,3,0,1,1,1,N,N,39 58:09.225,75 07:36.930,230, ,228,1,1,1,N, ,0,N, , , , , , , , ,1,1,0,0,0,0,0,0,0,0,0,0,1,1,0,0,0,0,0,0,0,0,0,0,0,0,0,0,0,0,0,0,0,0,0,8,0,39.9692,-75.127, , 
61309,676306,2012015463,6,67,67301,2012,1,4,324,3,3,1,0,7,5, , ,N,0,0,0,3,0,0,1,1,N,N,40 00:53.904,75 11:09.476,330, ,327,2,2,5,N, ,0,Y, , , , , , , , ,1,1,0,0,0,0,0,0,0,0,0,0,0,0,0,0,0,0,0,0,0,0,0,0,0,0,0,0,0,0,0,0,0,0,0,0,0,40.015,-75.186, , 
61310,679702,2012031288,6,67,67301,2012,3,7,548,5,3,1,0,7,7, , ,N,7,0,2,3,0,0,3,1,N,N,40 00:17.754,75 11:42.699,552, ,549,1,1,4,Y, ,0,N, , , , , , , , ,1,1,0,0,0,0,0,0,0,0,0,0,0,0,0,0,0,0,0,0,0,0,0,0,0,0,0,0,0,0,0,0,0,0,0,0,0,40.0049,-75.1952, , 
61311,679704,2012032571,6,67,67301,2012,2,4,1119,11,1,1,0,4,7, , ,N,1,2,2,3,0,1,2,2,N,N,40 01:34.860,75 01:39.976,1124, ,1119, ,0, , , ,3, , , , , , , , , ,2,1,0,0,0,0,1,0,0,0,0,0,1,1,0,0,0,0,0,0,1,0,0,0,0,0,0,0,0,0,0,0,0,0,0,8,0,40.0263,-75.0278, , 
61312,679708,2012036842,6,67,67301,2012,3,2,1905,19,1,1,0,8,1, , ,N,0,0,0,3,0,1,2,2,N,N,40 02:46.170,75 09:57.371,1912, ,1908, ,0, ,N, ,0, , , , , , , , , ,1,1,0,0,0,0,0,0,1,0,0,1,1,0,0,0,0,0,0,0,0,0,0,0,0,0,0,0,0,0,0,0,0,0,0,4,0,40.0462,-75.166, , 
61313,679715,2012047181,6,67,67301,2012,4,6,2159,21,3,1,0,4,1, , ,N,1,3,0,3,0,1,2,2,N,N,40 01:41.872,75 02:50.805,2205, ,2203, ,0, ,N, ,3, , , , , , , , , ,1,1,0,0,0,0,0,0,1,0,0,1,1,0,0,0,0,0,0,0,0,0,0,0,0,0,0,0,0,0,0,0,0,0,0,4,0,40.0283,-75.0474, , 
61314,679742,2012060781,6,67,67301,2012,5,5,1055,10,1,1,0,4,1, , ,N,1,2,0,3,0,1,2,2,N,N,40 02:26.384,75 04:34.268,1112, ,1101, ,0, ,N, ,3, , , , , , , , , ,2,1,0,0,1,0,0,0,0,0,1,0,1,0,0,0,0,0,0,0,1,0,0,0,0,0,0,0,0,0,0,0,0,0,0,3,0,40.0407,-75.0762, , 
61315,679753,2012069651,6,67,67301,2012,6,1,1405,14,1,1,0,4,7, , ,N,1,2,2,3,0,1,6,2,N, ,39 57:27.542,75 09:44.544,1427, ,1425, ,0, , , ,3, , , , , , , , , ,2,1,0,0,0,0,1,0,0,0,1,0,1,0,0,0,0,0,0,0,0,0,0,0,0,0,0,0,0,0,0,0,0,0,0,3,0,39.9577,-75.1624, , 
61316,679758,2012076005,6,67,67301,2012,6,3,9999,99,4,1,0,8,1, , ,N,0,0,0,3,0,1,2,2,N,N,39 59:28.846,75 10:47.336,9999, ,9999,1,1,2,N, ,0,N, , , , , , , , ,1,0,0,0,0,0,1,0,0,0,0,1,1,0,0,0,0,0,0,0,0,1,0,0,0,0,0,0,0,0,0,0,1,0,0,4,0,39.9913,-75.1798, , 
61317,679760,2012078230,6,67,67301,2012,6,7,1737,17,1,1,0,1,1, , ,N,2,2,0,3,0,1,3,2,N,N,39 55:41.120,75 13:19.034,1820, ,1815,1,2,6,N, ,3,Y, , , , , , , , ,2,0,0,0,0,0,1,0,0,0,0,1,1,0,0,0,0,0,0,0,1,0,0,0,0,0,0,0,0,0,0,0,0,0,0,4,0,39.9281,-75.222, , 
61318,679768,2012083791,6,67,67301,2012,8,4,2000,20,1,1,0,1,1, , ,N,0,0,0,3,0,1,2,2,N,N,39 59:39.758,75 07:39.042,2000, ,2000,3,2,1,N, ,0,Y, , , , , , , , ,2,1,0,0,0,0,0,1,0,0,0,0,1,1,0,1,0,0,0,0,0,0,0,0,0,0,0,0,0,0,0,0,0,0,0,8,0,39.9944,-75.1275, , 
61319,679774,2012047280,6,67,67301,2012,4,6,1940,19,3,1,0,4,1, , ,N,1,2,0,3,0,0,2,2,N,N,39 59:34.443,75 08:45.915,1950, ,1941,2,1,4, , ,3,Y, , , , , , , , ,2,1,0,0,0,0,1,0,0,0,0,0,0,0,0,0,0,0,0,0,1,0,0,0,0,0,0,0,0,0,0,0,0,0,0,0,0,39.9928,-75.1461, , 
61320,679777,2012048191,6,67,67301,2012,4,5,1207,12,1,1,0,1,1, , ,N,1,2,7,3,0,1,4,3,N,N,40 06:50.926,74 59:15.880,1212, ,1207,1,1,1,N, ,3,N, , , , , , , , ,3,1,1,0,1,0,0,0,0,0,1,0,1,0,0,0,0,0,0,0,1,0,0,0,0,0,0,0,0,0,0,0,0,0,0,3,0,40.1141,-74.9877, , 
61321,679793,2012028143,6,67,67301,2012,2,7,145,1,3,1,0,1,1, , ,N,1,2,0,3,0,1,2,2,N,N,40 00:21.051,75 05:46.740,200, ,150, ,0, ,N, ,3, , , , , , , , , ,2,1,0,0,0,0,1,0,0,0,0,0,1,1,0,0,1,0,0,0,0,0,0,0,0,0,0,0,0,0,0,0,0,0,0,8,0,40.0058,-75.0964, , 
61322,679797,2012033062,6,67,67301,2012,2,6,741,7,1,2,1,8,1, , ,N,0,0,0,3,0,1,2,2,N,Y,40 02:20.292,75 08:59.121,825, ,814, ,0, ,N, ,0, , , , , , , , , ,1,1,0,0,0,0,0,0,0,0,0,1,1,0,0,0,0,0,0,0,0,0,0,0,0,0,0,0,0,0,0,0,1,0,0,4,0,40.039,-75.1498, , 
61323,679811,2012041791,6,67,67301,2012,4,4,1,0,3,1,0,1,1, , ,N,1,2,0,3,0,0,5,2,N,N,39 59:32.053,75 14:44.477,4, ,1,2,1,2,N, ,2,N, , , , , , , , ,2,1,0,0,1,0,0,0,0,0,0,0,0,0,0,0,0,1,0,0,0,0,0,0,0,0,0,0,0,0,0,0,0,0,0,0,1,39.9922,-75.2457, , 
61324,679812,2012041819,6,67,67301,2012,4,6,122,1,3,1,0,7,4, , ,N,0,0,0,3,0,2,2,1,N,N,39 57:30.096,75 10:48.947,129, ,124,2,1,4,N, ,0,Y, , , , , , , , ,1,1,0,0,0,0,0,0,0,0,0,0,2,2,0,0,0,0,0,0,0,0,0,0,0,0,0,0,0,0,0,0,0,0,0,8,0,39.9584,-75.1803, , 
61325,679820,2012048159,6,67,67301,2012,3,6,42,0,3,1,0,1,1, , ,N,0,7,0,3,0,2,2,2,N,N,40 00:48.789,75 10:47.039,45, ,42,9,2,2,N, ,4,N, , , , , , , , ,2,1,0,0,0,0,0,1,0,0,1,1,2,0,0,0,0,0,0,0,2,0,0,0,0,0,0,0,0,0,0,0,0,0,0,3,0,40.0136,-75.1797, , 
61326,679836,2012060671,6,67,67301,2012,5,7,2055,20,3,1,0,7,1, , ,N,1,2,0,3,0,1,2,2,N,N,40 00:57.144,75 09:13.828,2102, ,2058, ,0, ,N, ,3, , , , , , , , , ,1,1,0,0,0,0,0,0,0,0,0,1,1,0,0,0,0,0,0,0,0,0,1,0,0,0,0,0,0,0,0,0,1,0,0,4,0,40.0159,-75.1538, , 
61327,679847,2012068699,6,67,67301,2012,6,1,1605,16,1,1,0,4,1, , ,N,1,0,0,3,0,2,5,2,N,N,39 57:31.363,75 09:43.712,1620, ,1612, ,0, ,N, ,0, , , , , , , , , ,2,2,0,0,0,0,0,0,0,0,0,2,2,0,0,0,0,0,0,0,0,0,0,0,0,0,0,0,0,0,0,0,0,0,0,4,0,39.9587,-75.1621, , 
61328,683134,2012052688,6,67,67301,2012,4,4,1737,17,1,1,0,4,1, , ,N,0,0,0,3,0,2,5,2,N,N,40 01:11.208,75 07:36.168,1810, ,1807, ,0, ,N, ,0, , , , , , , , , ,2,1,0,0,1,0,0,0,0,0,0,2,2,0,0,0,0,0,0,0,0,0,0,0,0,0,0,0,0,0,0,0,0,0,0,4,0,40.0198,-75.1267, , 
61329,683138,2012056669,6,67,67301,2012,5,5,2100,21,3,1,0,4,1, , ,N,1,2,0,3,0,4,4,2,N,N,39 59:49.350,75 10:42.861,2220, ,2215, ,0, ,N, ,9, , , , , , , , , ,2,1,0,0,0,0,1,0,0,0,0,1,4,3,0,0,0,0,0,0,1,0,0,4,0,0,0,0,0,0,0,0,0,0,0,4,0,39.997,-75.1786, , 
61330,683171,2012104021,6,67,67301,2012,9,7,37,0,3,1,0,1,1, , ,N,1,2,0,3,0,1,2,2,N,N,39 57:07.661,75 09:41.216,45, ,41,2,1,1, , ,3,N, , , , , , , , ,2,1,0,0,0,0,0,0,1,0,0,1,1,0,0,0,0,0,0,0,0,0,0,0,0,0,0,0,0,0,0,0,0,0,0,4,0,39.9521,-75.1615, , 
61331,683172,2012104241,6,67,67301,2012,8,3,925,9,1,1,0,1,1, , ,N,1,0,0,3,0,0,2,2,N, ,39 57:34.682,75 10:06.956,940, ,930,2,1,2, , ,0,N, , , , , , , , ,2,1,0,0,0,0,1,0,0,0,0,0,0,0,0,0,0,0,0,0,1,0,0,0,0,0,0,0,0,0,0,0,0,0,0,0,0,39.9596,-75.1686, , 
61332,683186,2012128299,6,67,67301,2012,11,4,1654,16,3,1,0,5,1, , ,N,1,3,0,3,0,0,4,2,N,N,40 07:30.036,75 01:03.799,1711, ,1705, ,0, , , ,3, , , , , , , , , ,2,2,0,0,0,0,0,0,0,0,0,0,0,0,0,0,0,0,0,0,0,0,0,0,0,0,0,0,0,0,0,0,0,0,0,0,0,40.125,-75.0177, , 
61333,683199,2012062639,6,67,67301,2012,6,7,1213,12,1,1,0,1,1, , ,N,0,0,0,3,0,1,3,2,N,N,39 58:22.087,75 11:37.683,1221, ,1214, ,0, ,N, ,0, , , , , , , , , ,2,2,0,0,0,0,0,0,0,0,0,1,1,0,0,0,0,0,1,0,0,0,0,0,0,0,0,0,0,0,0,0,0,0,0,4,0,39.9728,-75.1938, , 
61334,683204,2012070922,6,67,67301,2012,5,1,1919,19,1,1,0,5,1, , ,N,7,0,0,3,0,0,2,2,N,N,39 57:06.095,75 08:29.301,1928, ,1921, ,0, ,N, ,0, , , , , , , , , ,2,2,0,0,0,0,0,0,0,0,0,0,0,0,1,0,0,0,0,0,0,1,0,0,0,0,0,0,0,0,0,0,0,0,0,9,0,39.9517,-75.1415, , 
61335,683229,2012098285,6,67,67301,2012,9,3,1153,11,1,1,0,6,1, , ,N,1,2,0,3,0,1,1,2,N,N,39 55:25.928,75 13:29.863,1155, ,1155, ,0, ,N, ,3, , , , , , , , , ,2,0,0,0,0,0,2,0,0,0,0,0,0,0,0,0,0,0,0,0,0,0,0,0,0,0,0,0,0,0,0,0,0,0,0,0,0,39.9239,-75.225, , 
61336,683239,2012057218,6,67,67301,2012,5,2,840,8,1,1,0,5,1, , ,N,0,0,0,3,0,3,3,2,N,N,39 58:07.695,75 11:29.253,842, ,842,2,2,4,N, ,0,N, , , , , , , , ,2,1,0,0,0,0,0,1,0,0,0,0,3,3,0,0,0,0,0,0,1,0,0,0,0,0,0,0,0,0,0,0,0,0,0,8,0,39.9688,-75.1915, , 
61337,683260,2012026205,6,67,67301,2012,2,4,810,8,1,2,1,4,1, , ,N,1,2,0,3,0,2,2,2,N,N,39 56:30.714,75 13:31.922,815, ,811,1,1,1,N, ,3,N, , , , , , , , ,2,1,0,0,0,0,0,1,0,0,0,1,2,1,0,0,0,0,0,0,0,0,0,0,0,0,0,0,0,0,0,0,0,0,0,4,0,39.9419,-75.2255, , 
61338,683271,2012041702,6,67,67301,2012,4,3,100,1,3,1,0,4,1, , ,N,0,0,0,3,0,1,2,2,N,N,39 56:57.245,75 09:48.170,2150, ,2130, ,0, , , ,0, , , , , , , , , ,1,1,0,0,0,0,0,0,1,0,1,0,1,0,0,0,0,0,0,0,0,0,0,0,0,0,0,0,0,0,0,0,0,0,0,3,0,39.9492,-75.1634, , 
61339,683278,2012047204,6,67,67301,2012,4,3,26,0,3,1,0,4,1, , ,N,1,2,0,3,0,1,3,3,N,N,39 57:25.253,75 12:48.054,30, ,26, ,0, ,N, ,3, , , , , , , , , ,3,2,0,0,1,0,0,0,0,0,0,0,1,1,0,0,0,0,1,0,0,0,0,0,0,0,0,0,0,0,0,0,0,0,0,8,0,39.957,-75.2133, , 
61340,683290,2012064015,6,67,67301,2012,5,2,1630,16,1,1,8,8,1, , ,N,0,0,0,3,0,1,2,2,N,N,39 59:33.940,75 09:16.991,1632, ,1630,9,1,1,N, ,0,N, , , , , , , , ,1,0,0,0,0,0,1,0,0,0,0,0,1,1,0,0,0,0,0,0,0,0,0,0,0,0,0,0,0,0,0,0,1,0,0,8,0,39.9928,-75.1547, , 
61341,683306,2012078713,6,67,67301,2012,8,5,1400,14,1,1,0,1,1, , ,N,0,0,0,3,0,0,4,3,N,N,39 57:30.885,75 10:02.742,1410, ,1401, ,0, ,N, ,0, , , , , , , , , ,3,3,0,0,0,0,0,0,0,0,0,0,0,0,0,0,0,0,1,0,0,0,0,0,0,0,0,0,0,0,0,0,0,0,0,0,0,39.9586,-75.1674, , 
61342,683313,2012083778,6,67,67301,2012,8,1,1800,18,1,1,0,2,1, , ,N,1,2,0,3,0,1,2,2,N, ,39 59:45.293,75 05:31.432,1810, ,1804, ,0, , , ,3, , , , , , , , , ,2,1,1,0,0,0,0,0,0,0,1,0,1,0,0,0,0,0,0,0,0,0,0,1,0,0,0,0,0,0,0,0,0,0,0,3,0,39.9959,-75.0921, , 
61343,683324,2012094707,6,67,67301,2012,9,5,1454,14,1,1,0,1,1, , ,N,6,0,2,3,0,2,3,2,N,N,39 56:54.491,75 11:10.619,1530, ,1510, ,0, ,N, ,0, , , , , , , , , ,2,2,0,0,0,0,0,0,0,0,0,2,2,0,0,0,0,0,0,0,0,1,0,0,0,0,0,0,0,0,0,0,0,0,0,4,0,39.9485,-75.1863, , 
61344,683334,2012049765,6,67,67301,2012,4,1,337,3,3,1,0,4,1, , ,N,1,2,0,3,0,4,4,2,N,N,39 59:56.501,75 07:59.702,339, ,339, ,0, ,N, ,3, , , , , , , , , ,2,2,0,0,0,0,0,0,0,0,0,2,4,2,0,0,0,0,0,0,0,0,0,0,0,0,0,0,0,0,0,0,0,0,0,4,0,39.999,-75.1332, , 
61345,683341,2012066434,6,67,67301,2012,5,1,1840,18,1,1,0,4,1, , ,N,2,2,0,3,0,1,2,2,N,N,40 03:36.586,75 11:27.771,1859, ,1858, ,0, ,N, ,3, , , , , , , , , ,1,1,0,0,0,0,0,0,1,0,0,1,1,0,0,0,0,0,0,0,0,0,0,0,0,0,0,0,0,0,0,0,0,0,0,4,0,40.0602,-75.191, , 
61346,672568,2012041816,6,67,67301,2012,4,6,848,8,1,1,0,1,1, , ,N,7,0,2,3,0,3,3,3,N,N,39 58:15.132,75 11:34.938,901, ,858,2,2,3,N, ,0,Y, , , , , , , , ,3,1,0,0,0,0,1,1,0,1,0,2,3,0,0,0,0,0,0,0,1,0,0,0,0,0,0,1,0,0,0,0,0,0,0,2,0,39.9732,-75.1937, , 
61347,672575,2012048669,6,67,67301,2012,5,7,402,4,3,1,0,4,1, , ,N,0,0,0,3,0,2,4,2,N,N,39 52:46.527,75 14:53.018,411, ,404, ,0, ,N, ,0, , , , , , , , , ,2,2,0,0,0,0,0,0,0,0,0,0,2,2,0,0,0,0,0,0,1,0,0,0,0,0,0,0,0,0,0,0,0,0,0,8,0,39.8796,-75.2481, , 
61348,672581,2012056559,6,67,67301,2012,5,2,1640,16,1,1,0,3,1, , ,N,1,0,0,3,0,1,2,3,N,N,39 59:50.110,75 06:13.571,1942, ,1940,9,1,3, , ,0,N, , , , , , , , ,3,3,0,0,0,0,0,0,0,0,0,0,1,1,0,0,0,0,0,0,0,0,0,0,0,0,0,0,0,0,0,0,0,0,0,8,0,39.9973,-75.1038, , 
61349,672582,2012056613,6,67,67301,2012,5,1,1330,13,1,1,0,4,1, , ,N,1,2,0,3,0,2,3,2,N,N,40 03:37.434,74 59:25.565,1350, ,1348,9,1,2,N, ,3,N, , , , , , , , ,2,2,0,0,0,0,0,0,0,0,0,0,2,2,0,0,0,0,0,0,0,1,0,0,0,0,0,0,0,0,0,0,0,0,0,8,0,40.0604,-74.9904, , 
61350,672602,2012015397,6,67,67301,2012,1,3,1530,15,1,1,0,8,1, , ,N,0,0,0,3,0,1,2,2,N,N,40 01:41.790,75 12:54.429,1610, ,1605, ,0, ,N, ,0, , , , , , , , , ,1,1,0,0,0,0,0,0,0,0,0,0,1,1,0,0,0,0,0,0,0,0,0,0,0,0,0,0,0,0,0,0,1,0,0,8,0,40.0283,-75.2151, , 
61351,672610,2012030056,6,67,67301,2012,3,6,1645,16,1,1,0,1,1, , ,N,0,0,3,3,0,2,2,2,N,N,39 53:41.319,75 11:39.544,1657, ,1650,2,1,2,N, ,0,N, , , , , , , , ,2,2,0,0,0,0,0,0,0,0,0,0,2,2,0,0,0,0,0,0,1,0,0,0,0,0,0,0,0,0,0,0,0,0,0,8,0,39.8948,-75.1943, , 
61352,672661,2012036891,6,67,67301,2012,3,4,1330,13,1,1,0,8,1, , ,N,0,0,0,3,0,1,2,2,N,N,39 59:36.031,75 07:47.154,1345, ,1340, ,0, ,N, ,0, , , , , , , , , ,1,1,0,0,0,0,0,0,0,0,1,0,1,0,0,0,0,0,0,0,0,0,0,0,0,0,0,0,0,0,0,0,1,0,0,3,0,39.9933,-75.1298, , 
61353,672664,2012041726,6,67,67301,2012,3,2,725,7,1,1,0,7,2, , ,N,0,0,0,3,0,1,1,2,N, ,40 06:11.819,74 59:28.101,731, ,729,1,1,4, , ,0,N, , , , , , , , ,1,0,0,0,0,0,1,0,0,0,0,1,1,0,0,0,0,0,0,0,0,0,0,0,0,0,0,0,0,0,0,0,0,0,0,4,0,40.1033,-74.9911, , 
61354,672676,2012051054,6,67,67301,2012,4,1,1502,15,1,1,0,4,1, , ,N,1,2,0,3,0,2,3,2,N,N,39 57:30.652,75 09:56.236,1520, ,1516, ,0, ,N, ,2, , , , , , , , , ,2,1,0,0,0,0,1,0,0,0,2,0,2,0,0,0,0,0,0,0,1,0,0,0,0,0,0,0,0,0,0,0,0,0,0,3,0,39.9585,-75.1656, , 