objectid_1,objectid,crn,district,county,municipality,crash_year,crash_month,day_of_week,time_of_day,hour_of_day,illumination,weather,road_condition,collision_type,relation_to_road,work_zone_type,work_zone_loc,work_zone_ind,intersect_type,tcd_type,location_type,urban_rural,fatal_count,injury_count,person_count,total_units,sch_bus_ind,sch_zone_ind,latitude,longitude,arrival_tm,cons_zone_spd_lim,dispatch_tm,est_hrs_closed,lane_closed,ln_close_dir,ntfy_hiwy_maint,spec_juris_cd,tcd_func_cd,tfc_detour_ind,workers_pres,wz_close_detour,wz_flagger,wz_law_offcr_ind,wz_ln_closure,wz_moving,wz_other,wz_shlder_mdn,vehicle_count,automobile_count,motorcycle_count,bus_count,small_truck_count,heavy_truck_count,suv_count,van_count,bicycle_count,maj_inj_count,mod_inj_count,min_inj_count,tot_inj_count,unk_inj_deg_count,unk_inj_per_count,driver_count_16yr,driver_count_17yr,driver_count_18yr,driver_count_19yr,driver_count_20yr,driver_count_50_64yr,driver_count_65_74yr,driver_count_75plus,unbelted_occ_count,unb_death_count,unb_maj_inj_count,belted_death_count,belted_maj_inj_count,mcycle_death_count,mcycle_maj_inj_count,bicycle_death_count,bicycle_maj_inj_count,ped_count,ped_death_count,ped_maj_inj_count,max_severity_level,comm_veh_count,dec_lat,dec_long,rdwy_surf_type_cd,county_name
61355,672701,2012047533,6,67,67301,2012,5,7,939,9,1,1,0,4,1, , ,N,1,2,0,3,0,0,3,3,N,N,40 03:35.459,75 07:59.829,944, ,940, ,0, ,N, ,3, , , , , , , , , ,3,1,0,0,0,0,2,0,0,0,0,0,0,0,0,0,0,1,0,0,1,0,0,0,0,0,0,0,0,0,0,0,0,0,0,0,0,40.0598,-75.1334, , 
61356,672708,2012055942,6,67,67301,2012,5,3,2209,22,3,1,0,7,2, , ,N,7,0,2,3,0,1,2,1,N,N,39 56:19.213,75 08:31.586,2221, ,2214,2,2,2,N, ,0,N, , , , , , , , ,1,0,0,0,0,0,1,0,0,0,0,1,1,0,0,0,0,0,0,0,0,0,0,0,0,0,0,0,0,0,0,0,0,0,0,4,0,39.9386,-75.1421, , 
61357,672710,2012060694,6,67,67301,2012,5,6,1305,13,1,1,0,4,1, , ,N,0,0,7,3,0,2,4,2,N, ,39 58:01.243,75 14:44.911,1318, ,1316, ,0, , , ,0, , , , , , , , , ,2,2,0,0,0,0,0,0,0,0,0,2,2,0,0,0,0,0,1,0,1,0,0,0,0,0,0,0,0,0,0,0,0,0,0,4,0,39.967,-75.2458, , 
61358,672752,2012015853,6,67,67301,2012,1,2,820,8,1,1,0,1,1, , ,N,1,2,0,3,0,1,3,2,N,N,40 02:38.691,75 07:43.766,825, ,820, ,0, ,N, ,3, , , , , , , , , ,2,1,0,0,0,0,1,0,0,0,0,1,1,0,0,0,0,0,0,0,1,0,0,0,0,0,0,0,0,0,0,0,0,0,0,4,0,40.0441,-75.1288, , 
61359,672768,2012032658,6,67,67301,2012,2,2,420,4,3,1,0,4,1, , ,N,1,2,0,3,0,1,2,2,N, ,39 54:19.871,75 10:26.843,425, ,423, ,0, , , ,3, , , , , , , , , ,2,1,0,0,0,0,1,0,0,1,0,0,1,0,0,0,0,0,0,0,0,0,0,0,0,0,0,0,0,0,0,0,0,0,0,2,0,39.9055,-75.1741, , 
61360,672800,2012078444,6,67,67301,2012,7,2,815,8,1,1,0,8,1, , ,N,1,2,0,3,0,1,2,2,N,N,40 02:20.709,75 08:41.028,830, ,815, ,0, ,N, ,3, , , , , , , , , ,2,2,0,0,0,0,0,0,0,0,0,0,1,1,0,0,0,0,0,0,0,0,0,0,0,0,0,0,0,0,0,0,0,0,0,8,0,40.039,-75.1446, , 
61361,672801,2012078986,6,67,67301,2012,6,2,1200,12,1,1,0,6,6, , ,N,0,0,0,3,0,1,2,5,N,N,39 59:54.299,75 07:42.892,1400, ,1400, ,0, ,N, ,0, , , , , , , , , ,4,2,0,0,1,0,0,1,0,0,0,0,1,1,0,0,0,0,0,0,0,1,0,1,0,0,0,0,0,0,0,0,1,0,0,8,0,39.9984,-75.1286, , 
61362,672807,2012080758,6,67,67301,2012,7,3,10,0,3,1,0,2,1, , ,N,0,0,0,3,0,1,1,2,N, ,40 05:37.597,74 59:19.870,13, ,10, ,0, , , ,0, , , , , , , , , ,2,2,0,0,0,0,0,0,0,0,0,1,1,0,0,0,0,0,0,0,0,0,0,0,0,0,0,0,0,0,0,0,0,0,0,4,0,40.0938,-74.9889, , 
61363,672812,2012083332,6,67,67301,2012,7,5,1020,10,1,1,0,4,1, , ,N,1,2,0,3,0,2,2,3,N,N,39 58:41.798,75 14:46.070,1132, ,1034,9,1,2, , ,3,N, , , , , , , , ,3,2,0,0,0,0,0,1,0,0,0,2,2,0,0,0,0,0,0,0,0,0,0,0,0,0,0,0,0,0,0,0,0,0,0,4,0,39.9783,-75.2461, , 
61364,676331,2012037416,6,67,67301,2012,3,1,425,4,3,1,0,1,1, , ,N,2,2,0,3,0,1,3,3,N,N,39 56:39.012,75 08:31.072,437, ,435, ,0, ,N, ,3, , , , , , , , , ,3,1,0,0,1,0,1,0,0,0,0,1,1,0,1,0,0,0,0,0,2,0,0,0,0,0,0,0,0,0,0,0,0,0,0,4,0,39.9442,-75.142, , 
61365,676333,2012042160,6,67,67301,2012,3,4,830,8,1,1,0,1,1, , ,N,0,2,0,3,0,1,3,3,N,N,39 54:33.095,75 11:35.740,842, ,834,1,1,2,N, ,3,N, , , , , , , , ,3,3,0,0,0,0,0,0,0,0,0,1,1,0,0,0,0,0,0,0,1,0,0,0,0,0,0,0,0,0,0,0,0,0,0,4,0,39.9092,-75.1933, , 
61366,676338,2012049516,6,67,67301,2012,5,6,713,7,1,2,1,1,7, , ,N,6,0,2,3,0,0,2,2,N,N,40 02:57.283,74 59:44.945,724, ,715,1,1,1,N, ,0,N, , , , , , , , ,2,0,0,0,1,0,0,1,0,0,0,0,0,0,0,0,0,0,0,0,0,0,0,0,0,0,0,0,0,0,0,0,0,0,0,0,0,40.0492,-74.996, , 
61367,676382,2012049737,6,67,67301,2012,4,7,9999,99,1,1,0,7,5, , ,N,1,2,0,3,0,1,1,2,N,N,40 02:28.908,75 01:41.719,1145, ,1142, ,0, ,N, ,3, , , , , , , , , ,1,1,0,0,0,0,0,0,0,0,0,1,1,0,0,0,0,0,0,0,0,0,0,0,0,0,0,0,0,0,0,0,0,0,0,4,0,40.0414,-75.0283, , 
61368,676383,2012050202,6,67,67301,2012,4,4,908,9,1,1,0,1,1, , ,N,1,2,0,3,0,1,2,2,N,N,40 02:20.299,75 09:00.122,911, ,910, ,0, ,N, ,3, , , , , , , , , ,2,1,0,0,0,0,1,0,0,0,0,1,1,0,0,0,0,0,0,0,2,0,0,0,0,0,0,0,0,0,0,0,0,0,0,4,0,40.039,-75.15, , 
61369,676410,2012026250,6,67,67301,2012,1,2,749,7,1,1,0,4,1, , ,N,1,3,0,3,0,1,2,2,N,N,39 55:57.838,75 11:08.865,806, ,805, ,0, ,N, ,3, , , , , , , , , ,2,2,0,0,0,0,0,0,0,0,0,0,1,1,0,0,1,0,0,0,0,0,0,0,0,0,0,0,0,0,0,0,0,0,0,8,0,39.9327,-75.1858, , 
61370,676426,2012049808,6,67,67301,2012,4,1,2105,21,3,2,1,6,1, , ,N,1,2,0,3,0,1,3,2,N,N,40 02:09.822,75 05:16.321,2118, ,2111, ,0, ,N, ,3, , , , , , , , , ,2,1,0,0,0,0,1,0,0,0,0,1,1,0,0,0,0,0,0,0,2,0,0,0,0,0,0,0,0,0,0,0,0,0,0,4,0,40.0361,-75.0879, , 
61371,676428,2012051962,6,67,67301,2012,4,1,1252,12,1,1,0,8,1, , ,N,1,2,0,3,0,1,2,2,N,N,39 59:59.990,75 08:25.789,1340, ,1336, ,0, ,N, ,3, , , , , , , , , ,1,1,0,0,0,0,0,0,0,0,1,0,1,0,0,0,0,0,0,0,0,0,0,0,0,0,0,0,0,0,0,0,1,0,0,3,0,40,-75.1405, , 
61372,676438,2012060805,6,67,67301,2012,5,7,1753,17,1,1,0,8,2, , ,N,1,0,0,3,0,2,2,2,N,N,39 57:54.373,75 12:19.715,1805, ,1758, ,0, ,N, ,0, , , , , , , , , ,1,0,0,0,0,0,0,0,0,0,0,0,2,2,0,0,0,0,0,0,0,0,0,0,0,0,0,0,0,0,0,0,1,0,0,8,0,39.9651,-75.2054, , 
61373,676458,2012020596,6,67,67301,2012,1,6,657,6,1,9,0,8,1, , ,N,1,3,0,3,0,1,2,2,N, ,39 58:33.070,75 08:49.675,850, ,845, ,0, , , ,3, , , , , , , , , ,1,1,0,0,0,0,0,0,0,0,0,1,1,0,0,0,0,0,0,0,1,0,0,0,0,0,0,0,0,0,0,0,1,0,0,4,0,39.9759,-75.1471, , 
61374,676478,2012049683,6,67,67301,2012,4,2,247,2,3,2,1,1,1, , ,N,1,2,0,3,0,2,4,2,N,N,40 02:54.628,75 09:02.883,314, ,314, ,0, ,N, ,3, , , , , , , , , ,2,1,0,0,0,0,1,0,0,0,0,0,2,2,0,0,0,0,0,1,0,0,0,0,0,0,0,0,0,0,0,0,0,0,0,8,0,40.0485,-75.1508, , 
61375,676485,2012066513,6,67,67301,2012,6,6,1945,19,1,1,0,8,1, , ,N,1,2,0,3,0,1,2,2,N, ,39 59:20.627,75 05:22.626,1945, ,1945, ,0, , , ,3, , , , , , , , , ,1,1,0,0,0,0,0,0,0,0,0,1,1,0,1,0,0,0,0,0,0,1,0,0,0,0,0,0,0,0,0,0,1,0,0,4,0,39.9891,-75.0896, , 
61376,676486,2012066763,6,67,67301,2012,6,6,1915,19,1,1,0,8,1, , ,N,1,3,0,3,0,1,2,2,N,N,40 00:49.370,75 04:25.456,1920, ,1915,1,1,4,N, ,3,N, , , , , , , , ,1,0,0,0,0,0,0,0,0,0,0,1,1,0,1,0,0,0,0,0,0,0,0,0,0,0,0,0,0,0,0,0,1,0,0,4,0,40.0137,-75.0737, , 
61377,676499,2012012638,6,67,67301,2012,1,4,1500,15,1,1,0,1,1, , ,N,1,2,0,3,0,1,2,2,N, ,39 59:29.818,75 08:10.215,1600, ,1554, ,0, , , ,3, , , , , , , , , ,2,1,0,0,0,0,0,1,0,0,1,0,1,0,0,0,0,0,0,0,1,0,0,0,0,0,0,0,0,0,0,0,0,0,0,3,0,39.9915,-75.1361, , 
61378,676508,2012019791,6,67,67301,2012,2,1,1316,13,1,1,0,1,1, , ,N,0,0,0,3,0,0,4,3,N,N,39 57:36.465,75 10:47.770,1331, ,1324, ,0, ,N, ,0, , , , , , , , , ,3,0,0,0,1,0,1,1,0,0,0,0,0,0,0,0,0,0,0,0,1,0,0,0,0,0,0,0,0,0,0,0,0,0,0,0,0,39.9601,-75.1799, , 
61379,676509,2012020529,6,67,67301,2012,1,3,1343,13,1,2,1,4,1, , ,N,0,0,0,3,0,1,2,2,N,N,39 53:57.508,75 13:52.316,1353, ,1344,2,1,4,N, ,0,N, , , , , , , , ,2,1,0,0,1,0,0,0,0,0,0,1,1,0,0,0,0,0,0,0,0,1,0,0,0,0,0,0,0,0,0,0,0,0,0,4,0,39.8993,-75.2312, , 
61380,676515,2012026116,6,67,67301,2012,2,5,1620,16,1,1,0,8,6, , ,N,0,0,0,3,0,1,2,2,N,N,40 03:01.620,75 10:24.456,1652, ,1644, ,0, ,N, ,0, , , , , , , , , ,1,1,0,0,0,0,0,0,0,0,0,1,1,0,0,0,0,0,0,0,0,0,0,0,0,0,0,0,0,0,0,0,1,0,0,4,0,40.0505,-75.1735, , 
61381,676516,2012026216,6,67,67301,2012,2,3,1218,12,1,1,0,4,1, , ,N,1,2,0,3,0,2,3,2,N,N,40 01:53.934,75 12:27.524,1220, ,1220, ,0, , , ,3, , , , , , , , , ,2,2,0,0,0,0,0,0,0,0,2,0,2,0,0,0,0,0,0,0,1,0,0,0,0,0,0,0,0,0,0,0,0,0,0,3,0,40.0316,-75.2076, , 
61382,679848,2012068842,6,67,67301,2012,6,1,2024,20,4,1,0,1,1, , ,N,5,2,0,3,0,1,8,3,N,N,39 59:42.637,75 06:56.944,2024, ,2024, ,0, ,N, ,3, , , , , , , , , ,3,3,0,0,0,0,0,0,0,0,0,1,1,0,0,0,0,0,0,0,1,0,0,0,0,0,0,0,0,0,0,0,0,0,0,4,0,39.9952,-75.1158, , 
61383,679861,2012083235,6,67,67301,2012,7,2,1854,18,1,1,0,4,1, , ,N,1,3,0,3,0,1,2,2,N,N,39 55:08.313,75 09:26.776,1902, ,1900, ,0, ,N, ,3, , , , , , , , , ,1,0,0,0,0,0,1,0,1,0,0,1,1,0,0,0,0,0,0,0,0,0,0,0,0,0,0,0,0,0,0,0,0,0,0,4,0,39.919,-75.1574, , 
61384,679877,2012014971,6,67,67301,2012,1,6,1738,17,3,1,0,8,1, , ,N,0,0,0,3,0,1,2,2,N, ,39 59:49.167,75 09:55.422,1742, ,1738,1,2,6, , ,0,Y, , , , , , , , ,1,0,0,1,0,0,0,0,0,0,0,0,1,1,0,0,0,0,0,0,0,0,0,0,0,0,0,0,0,0,0,0,1,0,0,8,1,39.997,-75.1654, , 
61385,679882,2012020490,6,67,67301,2012,1,6,5,0,3,1,0,1,1, , ,N,10,4,0,3,0,2,2,2,N,N,40 00:52.976,75 10:40.132,550, ,540,1,2,1,N, ,3,Y, , , , , , , , ,2,2,0,0,0,0,0,0,0,0,0,2,2,0,0,0,0,0,0,0,2,0,0,0,0,0,0,0,0,0,0,0,0,0,0,4,0,40.0147,-75.1778, , 
61386,679883,2012020606,6,67,67301,2012,1,5,1210,12,1,1,0,4,1, , ,N,1,2,0,3,0,1,2,2,N,N,39 55:47.265,75 09:47.181,1215, ,1215, ,0, , , ,3, , , , , , , , , ,2,0,0,0,1,1,0,0,0,0,0,1,1,0,0,0,0,0,0,0,0,0,0,0,0,0,0,0,0,0,0,0,0,0,0,4,1,39.9298,-75.1631, , 
61387,679898,2012034687,6,67,67301,2012,2,7,430,4,3,3,1,4,1, , ,N,1,3,0,3,0,1,3,2,N,N,39 59:33.021,75 07:50.005,442, ,435,9,2,4,N, ,3,N, , , , , , , , ,2,0,0,0,0,0,1,1,0,0,0,0,1,1,0,0,0,0,0,0,0,0,0,0,0,0,0,0,0,0,0,0,0,0,0,8,0,39.9925,-75.1306, , 
61388,679907,2012041684,6,67,67301,2012,3,1,1620,16,1,1,0,1,1, , ,N,2,0,0,3,0,1,3,3,N,N,40 02:24.308,75 01:53.971,1630, ,1625,1,1,1,N, ,0,Y, , , , , , , , ,3,1,0,0,1,1,0,0,0,0,0,1,1,0,0,0,0,0,0,0,0,2,0,0,0,0,0,0,0,0,0,0,0,0,0,4,1,40.0401,-75.0317, , 
61389,679911,2012048026,6,67,67301,2012,4,1,1922,19,3,2,1,1,1,8,8,Y,0,2,0,3,0,2,3,2,N,N,39 55:16.267,75 11:36.060,1935,99,1931,9,1,1, , ,3,N,U,U,U,U,U,U,U,U,2,0,0,0,1,0,1,0,0,0,2,0,2,0,1,0,0,0,0,0,0,0,0,0,0,0,0,0,0,0,0,0,0,0,0,3,0,39.9212,-75.1933, , 
61390,679912,2012049660,6,67,67301,2012,4,6,9999,99,1,1,0,1,1, , ,N,1,2,0,3,0,2,2,2,N, ,40 04:43.216,74 59:54.741,9999, ,9999, ,0, ,N, ,3, , , , , , , , , ,2,2,0,0,0,0,0,0,0,0,0,0,2,2,0,0,0,0,1,0,0,0,0,2,0,0,0,0,0,0,0,0,0,0,0,8,0,40.0787,-74.9985, , 
61391,679913,2012050215,6,67,67301,2012,4,7,2322,23,3,1,1,7,3, , ,N,0,0,0,3,0,0,1,1,N,N,40 01:39.377,75 11:28.600,2335, ,2324,1,1,2,N, ,0,N, , , , , , , , ,1,1,0,0,0,0,0,0,0,0,0,0,0,0,0,0,0,0,0,0,0,0,0,0,0,0,0,0,0,0,0,0,0,0,0,0,0,40.0276,-75.1913, , 
61392,679917,2012002920,6,67,67301,2012,1,1,1207,12,1,1,0,1,1, , ,N,0,0,0,3,0,0,8,4,N,N,39 54:18.513,75 09:00.488,1209, ,1208,1,2,2,N, ,0,N, , , , , , , , ,4,0,0,0,1,0,3,0,0,0,0,0,0,0,0,0,0,0,0,0,2,0,0,0,0,0,0,0,0,0,0,0,0,0,0,0,0,39.9052,-75.1501, , 
61393,679938,2012069652,6,67,67301,2012,6,6,2015,20,4,1,0,4,1, , ,N,2,3,0,3,0,4,5,2,N,N,40 02:32.640,75 02:44.321,2050, ,9999, ,0, ,N, ,3, , , , , , , , , ,2,1,0,0,0,0,0,1,0,0,0,4,4,0,0,0,0,0,0,1,0,0,0,0,0,0,0,0,0,0,0,0,0,0,0,4,0,40.0424,-75.0456, , 
61394,679943,2012077028,6,67,67301,2012,7,1,1135,11,1,1,0,0,1, , ,N,0,0,0,3,0,0,2,1,N,N,39 58:35.213,75 11:44.581,1147, ,1137,2,1,4,N, ,0,Y, , , , , , , , ,1,1,0,0,0,0,0,0,0,0,0,0,0,0,0,0,0,0,0,0,0,1,0,0,0,0,0,0,0,0,0,0,0,0,0,0,0,39.9764,-75.1957, , 
61395,679944,2012078451,6,67,67301,2012,7,4,1552,15,1,1,0,4,1, , ,N,1,2,0,3,0,2,3,3,N,N,40 02:06.731,75 08:43.670,1603, ,1553, ,0, ,N, ,3, , , , , , , , , ,3,2,0,0,0,0,0,1,0,0,2,0,2,0,0,0,0,0,0,0,0,0,0,0,0,0,0,0,0,0,0,0,0,0,0,3,0,40.0352,-75.1455, , 
61396,679945,2012078486,6,67,67301,2012,6,5,1319,13,1,1,0,4,1, , ,N,1,2,0,3,0,0,2,2,N, ,39 57:55.483,75 10:26.846,1323, ,1321,1,1,1, , ,3,Y, , , , , , , , ,2,1,0,0,0,0,1,0,0,0,0,0,0,0,0,0,0,0,0,0,0,1,0,0,0,0,0,0,0,0,0,0,0,0,0,0,0,39.9654,-75.1741, , 
61397,679948,2012083248,6,67,67301,2012,7,7,1345,13,1,1,0,1,1, , ,N,0,2,0,3,0,2,3,2,N, ,39 59:16.050,75 06:27.571,1615, ,1612, ,0, , , ,3, , , , , , , , , ,2,1,0,0,0,0,0,1,0,0,0,2,2,0,0,0,0,0,0,0,0,0,0,1,0,0,0,0,0,0,0,0,0,0,0,4,0,39.9878,-75.1077, , 
61398,679957,2012092688,6,67,67301,2012,9,1,115,1,3,1,0,7,4,1,4,Y,0,0,3,3,0,0,2,1,N,N,39 53:29.945,75 11:55.160,127,55,116,1,2,2,N, ,0,N,N,N,N,N,Y,N,N,N,1,1,0,0,0,0,0,0,0,0,0,0,0,0,0,0,0,0,0,0,0,0,0,0,0,0,0,0,0,0,0,0,0,0,0,0,0,39.8917,-75.1986, , 
61399,679964,2012047278,6,67,67301,2012,4,1,1110,11,1,1,0,4,6, , ,N,0,0,0,3,0,1,1,3,N, ,39 59:38.671,75 06:40.680,1114, ,1112,2,1,3, , ,0,N, , , , , , , , ,3,2,0,0,0,0,0,1,0,0,0,0,1,1,0,0,0,0,0,0,0,0,0,0,0,0,0,0,0,0,0,0,0,0,0,8,0,39.9941,-75.1113, , 
61400,682358,2012073596,6,67,67301,2012,6,3,1450,14,1,1,0,5,6, , ,N,0,0,0,3,0,1,3,2,N, ,40 00:55.750,75 08:49.913,1500, ,1455, ,0, , , ,0, , , , , , , , , ,2,1,0,1,0,0,0,0,0,0,0,0,1,1,0,0,0,0,0,0,0,0,0,0,0,0,0,0,0,0,0,0,0,0,0,8,1,40.0155,-75.1472, , 
61401,682362,2012078200,6,67,67301,2012,7,4,740,7,1,1,0,4,1, , ,N,1,0,0,3,0,1,3,2,N,N,39 57:04.866,75 11:56.817,747, ,744, ,0, , , ,0, , , , , , , , , ,1,0,0,0,0,0,0,1,1,0,1,0,1,0,0,0,0,0,0,0,1,0,0,0,0,0,0,0,0,0,0,0,0,0,0,3,0,39.9513,-75.1991, , 
61402,682363,2012078408,6,67,67301,2012,6,7,1125,11,1,1,0,8,1, , ,N,0,0,0,3,0,1,3,2,N, ,40 01:21.830,75 13:08.483,1130, ,1108, ,0, , , ,0, , , , , , , , , ,1,0,0,0,0,0,0,0,0,0,0,1,1,0,0,0,0,0,0,0,1,0,0,0,0,0,0,0,0,0,0,0,1,0,0,4,0,40.0227,-75.219, , 
61403,682372,2012056576,6,67,67301,2012,4,6,2315,23,3,1,0,4,1, , ,N,1,2,0,3,0,2,2,2,N,N,39 59:14.726,75 13:56.711,2341, ,2330,1,1,3,N, ,3,Y, , , , , , , , ,2,1,0,0,0,0,1,0,0,0,0,2,2,0,0,0,0,0,0,0,1,0,0,0,0,0,0,0,0,0,0,0,0,0,0,4,0,39.9874,-75.2324, , 
61404,682386,2012068817,6,67,67301,2012,6,7,1305,13,1,1,0,8,1, , ,N,0,0,0,3,0,1,2,2,N, ,40 00:51.335,75 04:14.975,1307, ,1307,1,2,4, , ,0,Y, , , , , , , , ,1,1,0,0,0,0,0,0,0,0,0,0,1,1,0,0,0,0,0,0,0,0,0,1,0,0,0,0,0,0,0,0,1,0,0,8,0,40.0143,-75.0708, , 
61405,682395,2012079475,6,67,67301,2012,8,2,750,7,1,1,0,5,1, , ,N,0,0,0,3,0,1,2,2,N,N,39 59:34.079,75 12:02.055,753, ,752, ,0, ,N, ,0, , , , , , , , , ,2,1,1,0,0,0,0,0,0,0,1,0,1,0,0,0,0,0,0,0,0,0,0,0,0,0,0,0,0,0,0,0,0,0,0,3,0,39.9928,-75.2006, , 
61406,682434,2012015404,6,67,67301,2012,1,1,2126,21,3,2,1,5,1, , ,N,0,0,0,3,0,0,1,4,N,N,40 01:08.100,75 07:37.530,2130, ,2127, ,0, ,N, ,0, , , , , , , , , ,4,3,0,0,0,0,1,0,0,0,0,0,0,0,0,0,0,0,0,0,0,0,0,0,0,0,0,0,0,0,0,0,0,0,0,0,0,40.0189,-75.1271, , 
61407,682436,2012015847,6,67,67301,2012,1,4,2005,20,3,2,1,4,1, , ,N,0,0,7,3,0,2,2,2,N,N,40 03:09.637,75 07:20.143,2030, ,2027, ,0, ,N, ,0, , , , , , , , , ,2,2,0,0,0,0,0,0,0,0,0,0,2,2,0,0,0,0,0,0,0,0,0,0,0,0,0,0,0,0,0,0,0,0,0,8,0,40.0527,-75.1223, , 
61408,682444,2012028098,6,67,67301,2012,3,5,1318,13,1,1,0,7,2, , ,N,0,0,0,3,0,2,2,1,N,N,39 57:41.338,75 10:57.235,1334, ,1319,3,2,3,Y, ,0,Y, , , , , , , , ,1,0,0,0,1,0,0,0,0,0,2,0,2,0,0,0,0,0,0,0,1,0,0,0,0,0,0,0,0,0,0,0,0,0,0,3,1,39.9615,-75.1826, , 
61409,682474,2012010374,6,67,67301,2012,1,1,151,1,3,1,0,5,1, , ,N,0,0,0,3,0,0,4,3,N,N,39 59:57.279,75 11:43.723,205, ,153, ,0, ,N, ,0, , , , , , , , , ,3,3,0,0,0,0,0,0,0,0,0,0,0,0,1,0,0,0,0,0,0,0,0,0,0,0,0,0,0,0,0,0,0,0,0,9,0,39.9992,-75.1955, , 
61410,682481,2012020363,6,67,67301,2012,1,6,556,5,3,2,1,8,1, , ,N,1,2,0,3,1,0,2,2,N,N,40 04:27.147,75 02:05.032,618, ,601,3,2,1,N,0,3,Y, , , , , , , , ,1,1,0,0,0,0,0,0,0,0,0,0,0,0,0,0,0,0,0,0,0,0,0,0,0,0,0,0,0,0,0,0,1,1,0,1,0,40.0742,-75.0347,2, 
61411,682499,2012032693,6,67,67301,2012,2,3,1800,18,3,1,0,8,1, , ,N,1,2,0,3,0,1,2,2,N,N,39 56:50.431,75 14:01.113,1800, ,1800, ,0, ,N, ,3, , , , , , , , , ,1,0,0,0,0,0,0,0,0,0,0,0,1,1,0,0,0,0,0,0,0,0,0,0,0,0,0,0,0,0,0,0,1,0,0,8,0,39.9473,-75.2336, , 
61412,682500,2012032709,6,67,67301,2012,2,3,1100,11,1,1,0,4,1, , ,N,3,2,0,3,0,1,2,2,N, ,40 01:18.272,75 02:16.463,1105, ,1102, ,0, , , ,3, , , , , , , , , ,2,2,0,0,0,0,0,0,0,0,0,1,1,0,0,0,0,0,0,0,0,1,0,0,0,0,0,0,0,0,0,0,0,0,0,4,0,40.0217,-75.0381, , 
61413,682502,2012034787,6,67,67301,2012,2,4,1611,16,1,2,1,4,1, , ,N,1,3,0,3,0,1,2,2,N,N,39 57:23.349,75 12:55.731,1614, ,1611, ,0, ,N, ,3, , , , , , , , , ,2,1,0,0,0,0,1,0,0,0,0,0,1,1,0,0,0,0,0,0,1,0,0,0,0,0,0,0,0,0,0,0,0,0,0,8,0,39.9565,-75.2155, , 
61414,682567,2012060712,6,67,67301,2012,5,3,1635,16,1,1,0,7,4, , ,N,3,0,0,3,0,0,1,1,N,N,39 59:40.213,75 13:05.161,1650, ,1643, ,0, , , ,0, , , , , , , , , ,1,0,0,0,0,0,1,0,0,0,0,0,0,0,0,0,0,0,0,0,0,0,0,0,0,0,0,0,0,0,0,0,0,0,0,0,0,39.9945,-75.2181, , 
61415,682589,2012078505,6,67,67301,2012,7,1,43,0,3,1,0,4,1, , ,N,1,0,0,3,0,6,7,2,N, ,40 02:02.361,75 04:27.863,46, ,43,3,1,6, , ,0,N, , , , , , , , ,2,0,0,0,0,0,1,1,0,0,0,5,6,1,0,0,0,1,1,0,0,0,0,0,0,0,0,0,0,0,0,0,0,0,0,4,0,40.034,-75.0744, , 
61416,682594,2012083417,6,67,67301,2012,7,6,1218,12,1,1,0,4,1, , ,N,0,0,0,3,0,1,4,2,N, ,40 00:23.072,75 05:21.127,1238, ,1232,9,1,1, , ,0,N, , , , , , , , ,2,1,0,0,0,0,0,1,0,0,0,0,1,1,0,0,0,0,0,0,0,0,0,0,0,0,0,0,0,0,0,0,0,0,0,8,0,40.0064,-75.0892, , 
61417,682603,2012091144,6,67,67301,2012,9,6,1806,18,1,1,0,1,1, , ,N,0,0,0,3,0,0,5,3,N,N,40 00:51.825,75 03:20.525,1817, ,1810, ,0, ,N, ,0, , , , , , , , , ,3,0,0,0,1,0,1,1,0,0,0,0,0,0,0,0,0,0,0,0,0,0,0,0,0,0,0,0,0,0,0,0,0,0,0,0,0,40.0144,-75.0557, , 
61418,682608,2012098521,6,67,67301,2012,8,6,1955,19,4,1,0,8,1, , ,N,0,0,0,3,0,1,2,2,N,N,40 01:43.662,75 09:12.585,1801, ,1957, ,0, ,N, ,0, , , , , , , , , ,1,1,0,0,0,0,0,0,1,0,0,1,1,0,0,0,0,0,0,0,0,0,0,0,0,0,0,0,0,0,0,0,1,0,0,4,0,40.0288,-75.1535, , 
61419,672813,2012083383,6,67,67301,2012,7,1,810,8,1,1,1,7,5, , ,N,0,0,0,3,0,1,1,1,N, ,39 55:52.327,75 11:09.916,826, ,821, ,0, ,N, ,0, , , , , , , , , ,1,1,0,0,0,0,0,0,0,0,0,0,1,1,0,0,0,0,0,0,1,0,0,0,0,0,0,0,0,0,0,0,0,0,0,8,0,39.9312,-75.1861, , 
61420,672827,2012098530,6,67,67301,2012,9,1,2043,20,3,1,0,4,1, , ,N,1,2,0,3,0,0,2,2,N,N,40 01:46.545,75 06:13.959,2048, ,2045,1,1,1,N, ,3,N, , , , , , , , ,2,2,0,0,0,0,0,0,0,0,0,0,0,0,0,0,0,0,0,0,0,0,0,0,0,0,0,0,0,0,0,0,0,0,0,0,0,40.0296,-75.1039, , 
61421,672831,2012056522,6,67,67301,2012,5,7,9999,99,1,1,0,4,1, , ,N,1,2,0,3,0,3,3,2,N,N,39 57:42.261,75 14:19.509,1344, ,1342,3,2,6,N, ,3,N, , , , , , , , ,2,2,0,0,0,0,0,0,0,1,0,0,3,2,0,0,0,0,0,0,0,0,0,0,0,0,0,0,0,0,0,0,0,0,0,2,0,39.9616,-75.2388, , 