objectid_1,objectid,crn,district,county,municipality,crash_year,crash_month,day_of_week,time_of_day,hour_of_day,illumination,weather,road_condition,collision_type,relation_to_road,work_zone_type,work_zone_loc,work_zone_ind,intersect_type,tcd_type,location_type,urban_rural,fatal_count,injury_count,person_count,total_units,sch_bus_ind,sch_zone_ind,latitude,longitude,arrival_tm,cons_zone_spd_lim,dispatch_tm,est_hrs_closed,lane_closed,ln_close_dir,ntfy_hiwy_maint,spec_juris_cd,tcd_func_cd,tfc_detour_ind,workers_pres,wz_close_detour,wz_flagger,wz_law_offcr_ind,wz_ln_closure,wz_moving,wz_other,wz_shlder_mdn,vehicle_count,automobile_count,motorcycle_count,bus_count,small_truck_count,heavy_truck_count,suv_count,van_count,bicycle_count,maj_inj_count,mod_inj_count,min_inj_count,tot_inj_count,unk_inj_deg_count,unk_inj_per_count,driver_count_16yr,driver_count_17yr,driver_count_18yr,driver_count_19yr,driver_count_20yr,driver_count_50_64yr,driver_count_65_74yr,driver_count_75plus,unbelted_occ_count,unb_death_count,unb_maj_inj_count,belted_death_count,belted_maj_inj_count,mcycle_death_count,mcycle_maj_inj_count,bicycle_death_count,bicycle_maj_inj_count,ped_count,ped_death_count,ped_maj_inj_count,max_severity_level,comm_veh_count,dec_lat,dec_long,rdwy_surf_type_cd,county_name
61490,682156,2012078427,6,67,67301,2012,7,5,349,3,3,1,0,5,1, , ,N,0,0,0,3,0,1,1,4,N, ,40 03:36.499,75 09:26.942,353, ,349,3,2,6, , ,0,N, , , , , , , , ,4,1,0,0,0,0,3,0,0,0,0,0,1,1,0,0,0,0,0,0,0,0,0,1,0,0,0,0,0,0,0,0,0,0,0,8,0,40.0601,-75.1575, , 
61491,673081,2012015491,6,67,67301,2012,1,5,805,8,1,2,1,4,1, , ,N,2,2,0,3,0,1,2,2,N,N,40 00:54.834,75 09:18.795,921, ,820,1,1,3,N, ,3,N, , , , , , , , ,2,1,0,0,0,0,0,1,0,0,0,1,1,0,0,0,0,0,0,0,1,0,0,0,0,0,0,0,0,0,0,0,0,0,0,4,0,40.0152,-75.1552, , 
61492,673087,2012022967,6,67,67301,2012,2,7,652,6,1,1,0,7,4, , ,N,0,0,0,3,0,1,1,1,N,N,39 57:45.981,75 11:00.726,729, ,701, ,0, ,N, ,0, , , , , , , , , ,1,0,0,0,0,0,1,0,0,0,0,1,1,0,0,0,0,0,0,0,0,0,0,0,0,0,0,0,0,0,0,0,0,0,0,4,0,39.9628,-75.1835, , 
61493,673098,2012033067,6,67,67301,2012,2,5,1640,16,1,1,0,7,3, , ,N,0,0,0,3,0,1,1,1,N,N,39 54:40.089,75 08:16.886,1644, ,1644, ,0, ,N, ,0, , , , , , , , , ,1,0,0,0,1,0,0,0,0,0,0,0,1,1,0,0,0,0,0,0,1,0,0,1,0,0,0,0,0,0,0,0,0,0,0,8,0,39.9111,-75.138, , 
61494,673112,2012041526,6,67,67301,2012,3,2,2327,23,3,1,0,8,1, , ,N,1,2,0,3,0,1,2,2,N,N,40 02:44.262,75 07:42.522,2328, ,2328, ,0, ,N, ,3, , , , , , , , , ,1,1,0,0,0,0,0,0,0,0,0,1,1,0,0,0,0,0,0,0,0,0,0,0,0,0,0,0,0,0,0,0,1,0,0,4,0,40.0456,-75.1285, , 
61495,673113,2012042210,6,67,67301,2012,3,6,2205,22,3,1,0,4,1, , ,N,1,2,0,3,0,2,4,2,N, ,40 02:41.686,75 04:49.238,2218, ,2215, ,0, , , ,3, , , , , , , , , ,2,0,0,0,0,0,2,0,0,0,0,2,2,0,0,0,0,0,0,0,1,0,0,0,0,0,0,0,0,0,0,0,0,0,0,4,0,40.0449,-75.0803, , 
61496,673128,2012011004,6,67,67301,2012,1,1,1326,13,1,1,6,7,2, , ,N,0,0,0,3,0,0,1,1,N,N,39 59:28.235,75 05:10.294,1329, ,1327,1,1,1,Y, ,0,N, , , , , , , , ,1,1,0,0,0,0,0,0,0,0,0,0,0,0,0,0,0,0,0,0,0,0,0,0,0,0,0,0,0,0,0,0,0,0,0,0,0,39.9911,-75.0863, , 
61497,673134,2012021221,6,67,67301,2012,2,5,933,9,1,1,0,1,1, , ,N,0,0,0,3,0,1,6,3,N,N,39 59:43.982,75 05:00.208,951, ,937, ,0, ,N, ,0, , , , , , , , , ,3,1,0,0,0,0,2,0,0,0,0,1,1,0,0,0,0,0,0,0,0,0,0,0,0,0,0,0,0,0,0,0,0,0,0,4,0,39.9956,-75.0833, , 
61498,673145,2012032713,6,67,67301,2012,2,7,2000,20,3,1,0,8,1, , ,N,1,2,0,3,0,1,2,2,N,N,39 59:38.951,75 09:22.386,2009, ,2007,1,2,2,N, ,3,N, , , , , , , , ,1,1,0,0,0,0,0,0,0,0,0,1,1,0,0,0,0,0,0,0,0,0,1,0,0,0,0,0,0,0,0,0,1,0,0,4,0,39.9941,-75.1562, , 
61499,673152,2012041661,6,67,67301,2012,3,5,2315,23,3,1,0,4,1, , ,N,2,3,0,3,0,1,7,2,N,N,40 02:18.099,75 05:08.113,2335, ,2330, ,0, , , ,3, , , , , , , , , ,2,2,0,0,0,0,0,0,0,0,0,1,1,0,0,0,0,0,0,0,0,0,0,5,0,0,0,0,0,0,0,0,0,0,0,4,0,40.0384,-75.0856, , 
61500,673160,2012048220,6,67,67301,2012,4,3,1050,10,1,1,0,4,1, , ,N,0,0,0,3,0,0,1,2,N,N,39 58:49.355,75 10:15.578,1058, ,1056, ,0, , , ,0, , , , , , , , , ,2,1,0,0,1,0,0,0,0,0,0,0,0,0,0,0,0,0,0,0,1,0,0,0,0,0,0,0,0,0,0,0,0,0,0,0,0,39.9804,-75.171, , 
61501,673193,2012028159,6,67,67301,2012,2,5,1211,12,1,1,0,4,1, , ,N,1,2,0,3,0,2,3,2,N,N,39 57:47.289,75 10:28.844,1216, ,1214, ,0, ,N, ,3, , , , , , , , , ,2,2,0,0,0,0,0,0,0,0,0,2,2,0,0,0,0,0,0,0,0,0,1,0,0,0,0,0,0,0,0,0,0,0,0,4,0,39.9631,-75.1747, , 
61502,673213,2012047224,6,67,67301,2012,4,4,9999,99,3,1,0,4,1, , ,N,1,3,0,3,0,1,3,2,N, ,39 59:39.274,75 07:55.977,2301, ,2301, ,0, , , ,3, , , , , , , , , ,2,2,0,0,0,0,0,0,0,0,0,0,1,1,0,0,0,0,0,0,0,0,0,3,0,0,0,0,0,0,0,0,0,0,0,8,0,39.9942,-75.1322, , 
61503,673215,2012048210,6,67,67301,2012,3,3,2015,20,3,1,0,4,1, , ,N,2,0,0,3,0,1,2,2,N,N,39 56:38.191,75 13:10.369,2355, ,2341, ,0, ,N, ,0, , , , , , , , , ,2,1,1,0,0,0,0,0,0,0,0,0,1,1,0,0,0,0,0,0,1,0,0,0,0,0,0,0,0,0,0,0,0,0,0,8,0,39.9439,-75.2195, , 
61504,673254,2012057511,6,67,67301,2012,5,5,800,8,1,1,0,8,4, , ,N,0,0,7,3,0,1,2,2,N,N,39 57:24.160,75 11:38.592,802, ,800, ,0, ,N, ,0, , , , , , , , , ,1,0,0,0,0,0,1,0,0,0,0,0,1,1,0,0,0,0,0,0,0,0,0,0,0,0,0,0,0,0,0,0,1,0,0,8,0,39.9567,-75.1941, , 
61505,673263,2012068701,6,67,67301,2012,5,4,928,9,1,1,0,4,1, , ,N,1,2,0,3,0,0,2,3,N,N,40 02:13.851,75 07:25.305,943, ,938, ,0, ,N, ,3, , , , , , , , , ,3,2,0,0,1,0,0,0,0,0,0,0,0,0,0,0,0,0,0,0,1,0,0,0,0,0,0,0,0,0,0,0,0,0,0,0,0,40.0372,-75.1237, , 
61506,673287,2012027392,6,67,67301,2012,1,2,1750,17,3,1,0,8,1, , ,N,1,2,0,3,0,1,3,2,N, ,39 55:01.380,75 14:04.822,1801, ,1751, ,0, , , ,3, , , , , , , , , ,1,1,0,0,0,0,0,0,0,0,0,1,1,0,0,0,0,1,0,0,0,0,0,0,0,0,0,0,0,0,0,0,1,0,0,4,0,39.9171,-75.2347, , 
61507,673298,2012038537,6,67,67301,2012,4,2,938,9,1,1,0,1,1, , ,N,0,0,0,3,0,2,3,2,N,N,39 56:36.676,75 08:34.883,946, ,943, ,0, ,N, ,0, , , , , , , , , ,2,1,0,0,0,0,1,0,0,0,0,0,2,2,0,0,0,0,0,0,0,0,0,2,0,0,0,0,0,0,0,0,0,0,0,8,0,39.9435,-75.143, , 
61508,673299,2012039822,6,67,67301,2012,3,5,1324,13,1,1,0,8,1, , ,N,2,2,0,3,0,1,2,2,N, ,39 54:53.180,75 09:18.120,1333, ,1328, ,0, , , ,3, , , , , , , , , ,1,0,0,1,0,0,0,0,0,0,0,0,1,1,0,0,0,0,0,0,0,0,0,0,0,0,0,0,0,0,0,0,1,0,0,8,1,39.9147,-75.155, , 
61509,676748,2012026082,6,67,67301,2012,1,2,735,7,1,1,0,7,5, , ,N,0,0,0,3,0,1,1,1,N,N,40 03:11.771,75 11:35.686,757, ,749, ,0, , , ,0, , , , , , , , , ,1,1,0,0,0,0,0,0,0,0,0,0,1,1,0,0,0,0,0,0,1,0,0,0,0,0,0,0,0,0,0,0,0,0,0,8,0,40.0533,-75.1932, , 
61510,676750,2012026283,6,67,67301,2012,2,7,1145,11,1,1,0,1,1, , ,N,1,2,0,3,0,1,2,2,N, ,40 05:32.220,74 58:54.758,2330, ,2330, ,0, , , ,3, , , , , , , , , ,2,2,0,0,0,0,0,0,0,0,0,0,1,1,1,0,0,0,0,1,1,0,0,0,0,0,0,0,0,0,0,0,0,0,0,8,0,40.0921,-74.9819, , 
61511,676756,2012031600,6,67,67301,2012,3,6,112,1,2,1,0,7,4, , ,N,0,0,0,3,0,3,3,1,N,N,39 57:57.346,75 11:11.962,119, ,113,2,1,3,N, ,0,N, , , , , , , , ,1,1,0,0,0,0,0,0,0,0,1,2,3,0,0,0,0,0,0,0,0,0,0,0,0,0,0,0,0,0,0,0,0,0,0,3,0,39.9659,-75.1867, , 
61512,676774,2012047097,6,67,67301,2012,4,4,605,6,1,1,0,4,1, , ,N,1,3,0,3,0,2,2,2,N, ,40 02:04.960,75 01:34.629,617, ,611, ,0, , , ,3, , , , , , , , , ,2,2,0,0,0,0,0,0,0,0,0,2,2,0,0,0,0,0,0,0,0,0,0,0,0,0,0,0,0,0,0,0,0,0,0,4,0,40.0347,-75.0263, , 
61513,676788,2012012668,6,67,67301,2012,1,3,540,5,3,1,0,1,1, , ,N,0,0,0,3,0,0,2,2,N,N,40 01:08.324,75 02:58.395,720, ,715,1,1,1,N, ,0,N, , , , , , , , ,2,1,0,0,0,0,1,0,0,0,0,0,0,0,0,0,0,0,0,0,0,1,0,0,0,0,0,0,0,0,0,0,0,0,0,0,0,40.019,-75.0496, , 
61514,676800,2012026234,6,67,67301,2012,2,7,1740,17,3,1,0,2,1, , ,N,1,2,0,3,0,7,8,3,N,N,40 01:57.810,75 06:23.231,1750, ,1745, ,0, ,N, ,3, , , , , , , , , ,3,2,0,0,0,0,0,0,0,0,0,0,7,7,0,0,0,0,0,0,0,0,0,0,0,0,0,0,0,0,0,0,0,0,0,8,0,40.0327,-75.1065, , 
61515,676859,2012055491,6,67,67301,2012,5,3,1119,11,1,1,0,1,1, , ,N,0,0,0,3,0,0,5,3,N,N,39 57:24.703,75 09:11.364,1130, ,1123, ,0, ,N, ,0, , , , , , , , , ,3,2,0,0,1,0,0,0,0,0,0,0,0,0,0,0,0,0,0,0,0,0,0,0,0,0,0,0,0,0,0,0,0,0,0,0,0,39.9569,-75.1532, , 
61516,676861,2012056663,6,67,67301,2012,5,5,924,9,1,1,0,4,1, , ,N,1,2,0,3,0,4,4,2,N,N,40 01:55.909,75 02:12.865,9999, ,926, ,0, ,N, ,3, , , , , , , , , ,2,2,0,0,0,0,0,0,0,0,1,3,4,0,0,0,0,0,0,0,1,0,0,3,0,0,0,0,0,0,0,0,0,0,0,3,0,40.0322,-75.0369, , 
61517,676876,2012006944,6,67,67301,2012,1,5,1346,13,1,1,0,1,1, , ,N,6,0,2,3,0,0,2,2,N,N,39 52:41.774,75 15:03.845,1346, ,1346, ,0, ,Y, ,0, , , , , , , , , ,2,2,0,0,0,0,0,0,0,0,0,0,0,0,1,0,0,0,0,0,1,0,0,1,0,0,0,0,0,0,0,0,0,0,0,9,0,39.8783,-75.2511, , 
61518,676889,2012015505,6,67,67301,2012,1,2,1521,15,1,1,0,8,1, , ,N,0,0,0,3,0,1,5,2,Y,Y,40 01:36.917,75 05:09.764,1530, ,1524, ,0, ,N, ,0, , , , , , , , , ,1,0,0,0,0,0,1,0,0,1,0,0,1,0,0,0,0,0,0,0,1,0,0,0,0,0,0,0,0,0,0,0,1,0,1,2,0,40.0269,-75.086, , 
61519,676893,2012020591,6,67,67301,2012,1,3,855,8,1,1,0,4,1, , ,N,1,2,0,3,0,1,2,2,N, ,39 58:12.616,75 09:34.731,903, ,900, ,0, , , ,3, , , , , , , , , ,1,1,0,0,0,0,0,0,1,0,0,0,1,1,1,0,0,0,0,0,1,0,0,1,0,0,0,0,0,0,0,0,0,0,0,8,0,39.9702,-75.1596, , 
61520,676903,2012034790,6,67,67301,2012,3,1,1820,18,1,1,0,5,2, , ,N,0,0,0,3,0,1,1,2,N, ,39 59:48.007,75 04:29.041,1840, ,1833,9,2,5, , ,0,Y, , , , , , , , ,2,0,0,0,1,0,1,0,0,0,1,0,1,0,0,0,0,0,0,0,0,0,0,0,0,0,0,0,0,0,0,0,0,0,0,3,0,39.9967,-75.0747, , 
61521,676940,2012015382,6,67,67301,2012,1,1,1945,19,3,1,0,8,1, , ,N,1,2,0,3,0,1,3,2,N, ,40 00:25.549,75 05:38.543,2050, ,9999, ,0, ,N, ,3, , , , , , , , , ,1,0,0,0,0,0,1,0,0,0,1,0,1,0,0,0,0,0,0,0,0,0,0,0,0,0,0,0,0,0,0,0,1,0,0,3,0,40.0071,-75.094, , 
61522,676941,2012015504,6,67,67301,2012,1,3,711,7,1,1,0,8,1, , ,N,1,2,0,3,0,2,3,3,N,N,40 02:04.023,75 06:53.623,720, ,716, ,0, ,N, ,3, , , , , , , , , ,1,0,0,1,0,0,0,0,0,0,0,2,2,0,0,0,0,0,0,0,0,0,0,0,0,0,0,0,0,0,0,0,2,0,0,4,1,40.0345,-75.1149, , 
61523,676956,2012032540,6,67,67301,2012,2,3,2000,20,3,1,0,4,2, , ,N,0,0,0,3,0,1,1,2,N,N,40 02:53.455,75 00:11.612,2012, ,2010,2,1,2,N, ,0,N, , , , , , , , ,2,1,0,0,0,1,0,0,0,0,0,0,1,1,0,0,0,0,0,0,0,1,0,0,0,0,0,0,0,0,0,0,0,0,0,8,1,40.0482,-75.0032, , 
61524,676967,2012047234,6,67,67301,2012,3,2,9999,99,1,1,0,1,1, , ,N,0,0,0,3,0,0,2,2,N, ,39 57:44.974,75 10:23.721,755, ,742, ,0, , , ,0, , , , , , , , , ,2,1,0,1,0,0,0,0,0,0,0,0,0,0,0,0,0,0,0,0,0,0,0,0,0,0,0,0,0,0,0,0,0,0,0,0,1,39.9625,-75.1733, , 
61525,676968,2012048298,6,67,67301,2012,3,7,1442,14,1,2,1,4,1, , ,N,0,0,0,3,0,0,3,2,N, ,40 07:24.018,75 00:55.633,1520, ,1512,2,2,1, , ,0,Y, , , , , , , , ,2,2,0,0,0,0,0,0,0,0,0,0,0,0,0,0,0,0,0,0,1,1,0,0,0,0,0,0,0,0,0,0,0,0,0,0,0,40.1233,-75.0155, , 
61526,676982,2012014418,6,67,67301,2012,2,2,640,6,1,1,0,1,1, , ,N,0,0,2,3,0,0,2,2,N,N,40 00:16.587,75 04:33.083,655, ,652, ,0, ,N, ,0, , , , , , , , , ,2,1,0,0,1,0,0,0,0,0,0,0,0,0,0,0,0,0,0,0,1,0,0,0,0,0,0,0,0,0,0,0,0,0,0,0,0,40.0046,-75.0759, , 
61527,680190,2012097720,6,46,46104,2012,9,6,458,4,3,1,0,7,2, , ,N,2,0,0,3,0,1,1,1,N,N,39 58:53.325,75 15:58.408,502, ,458,4,2,5,N, ,0,Y, , , , , , , , ,1,1,0,0,0,0,0,0,0,1,0,0,1,0,0,0,0,0,0,0,0,0,0,0,0,0,0,1,0,0,0,0,0,0,0,2,0,39.9815,-75.2662, , 
61528,680192,2012098478,6,67,67301,2012,8,5,9999,99,4,1,0,1,1, , ,N,1,2,0,3,0,1,2,2,N,N,39 59:03.443,75 14:44.825,9999, ,9999, ,0, ,N, ,3, , , , , , , , , ,2,2,0,0,0,0,0,0,0,0,0,1,1,0,0,0,0,0,0,0,0,1,0,0,0,0,0,0,0,0,0,0,0,0,0,4,0,39.9842,-75.2457, , 
61529,680220,2012020457,6,67,67301,2012,1,6,1120,11,1,1,0,7,5, , ,N,0,0,0,3,0,1,1,1,N, ,39 58:02.445,75 15:57.747,1135, ,1130, ,0, , , ,0, , , , , , , , , ,1,0,0,0,1,0,0,0,0,0,0,1,1,0,0,0,0,0,0,0,0,0,0,0,0,0,0,0,0,0,0,0,0,0,0,4,0,39.9673,-75.266, , 
61530,680227,2012029055,6,67,67301,2012,3,2,656,6,5,1,0,7,5, , ,N,2,0,2,3,0,2,3,2,Y,N,40 01:13.494,75 09:15.812,720, ,702,2,2,1,Y, ,0,N, , , , , , , , ,1,0,0,1,0,0,0,0,0,0,0,0,2,2,0,0,0,0,0,0,1,0,0,0,0,0,0,0,0,0,0,0,0,0,0,8,1,40.0204,-75.1544, , 
61531,680235,2012034657,6,67,67301,2012,3,7,1400,14,1,1,0,4,1, , ,N,1,2,0,3,0,3,4,2,N, ,39 57:33.501,75 09:35.521,1410, ,1405, ,0, ,N, ,3, , , , , , , , , ,2,1,0,0,0,0,0,1,0,0,0,0,3,3,0,0,0,0,0,0,1,0,0,0,0,0,0,0,0,0,0,0,0,0,0,8,0,39.9593,-75.1599, , 
61532,680250,2012049689,6,67,67301,2012,4,1,1556,15,1,2,1,4,1, , ,N,1,0,0,3,0,0,2,2,N, ,39 59:30.390,75 13:51.801,1603, ,1600, ,0, , , ,0, , , , , , , , , ,2,2,0,0,0,0,0,0,0,0,0,0,0,0,1,0,0,0,0,0,0,0,0,0,0,0,0,0,0,0,0,0,0,0,0,9,0,39.9918,-75.2311, , 
61533,680252,2012051925,6,67,67301,2012,4,2,200,2,3,1,0,4,6, , ,N,0,0,0,3,0,0,1,3,N,N,40 02:33.171,75 01:29.923,214, ,212, ,0, ,N, ,0, , , , , , , , , ,3,3,0,0,0,0,0,0,0,0,0,0,0,0,0,0,0,0,0,1,0,0,0,0,0,0,0,0,0,0,0,0,0,0,0,0,0,40.0425,-75.025, , 
61534,680279,2012083158,6,67,67301,2012,8,4,1120,11,1,1,0,1,1, , ,N,1,2,0,3,0,1,2,2,N,N,40 00:25.981,75 07:24.378,1145, ,1145, ,0, ,N, ,3, , , , , , , , , ,2,2,0,0,0,0,0,0,0,0,0,1,1,0,0,0,0,0,0,0,0,0,0,2,0,0,0,0,0,0,0,0,0,0,0,4,0,40.0072,-75.1234, , 
61535,680280,2012083314,6,67,67301,2012,7,7,1201,12,1,1,0,4,1, , ,N,1,2,0,3,0,2,3,2,N,N,39 55:22.764,75 11:18.725,1206, ,1203,1,1,1,N, ,3,N, , , , , , , , ,2,2,0,0,0,0,0,0,0,0,0,2,2,0,0,0,0,0,0,0,0,0,0,0,0,0,0,0,0,0,0,0,0,0,0,4,0,39.923,-75.1885, , 
61536,680290,2012098951,6,67,67301,2012,9,6,1101,11,1,1,0,1,1, , ,N,1,2,0,3,0,1,5,2,N,N,40 03:35.442,75 09:00.370,1132, ,1103, ,0, ,N, ,3, , , , , , , , , ,2,2,0,0,0,0,0,0,0,0,0,0,1,1,0,0,0,0,0,0,0,1,0,0,0,0,0,0,0,0,0,0,0,0,0,8,0,40.0598,-75.1501, , 
61537,680291,2012099363,6,67,67301,2012,9,4,1125,11,1,1,0,4,1, , ,N,1,2,0,3,0,1,3,2,N,N,40 01:31.669,75 07:24.547,1130, ,1125,1,1,2,N, ,3,N, , , , , , , , ,2,2,0,0,0,0,0,0,0,0,0,1,1,0,0,0,0,0,0,0,0,0,0,0,0,0,0,0,0,0,0,0,0,0,0,4,0,40.0255,-75.1235, , 
61538,680293,2012104145,6,67,67301,2012,9,3,1457,14,1,1,0,4,1, , ,N,1,2,0,3,0,1,2,2,N,N,39 56:07.602,75 13:13.393,1558, ,1457, ,0, ,N, ,3, , , , , , , , , ,2,1,0,1,0,0,0,0,0,0,0,1,1,0,0,0,0,0,0,0,0,0,0,0,0,0,0,0,0,0,0,0,0,0,0,4,1,39.9354,-75.2204, , 
61539,680303,2012072571,6,67,67301,2012,7,5,1309,13,1,1,0,1,1, , ,N,0,0,0,3,0,0,2,2,N,N,39 57:27.139,75 09:36.089,1332, ,1319, ,0, ,N, ,0, , , , , , , , , ,2,0,0,0,0,0,2,0,0,0,0,0,0,0,0,0,0,0,0,0,0,0,0,0,0,0,0,0,0,0,0,0,0,0,0,0,0,39.9575,-75.16, , 
61540,680329,2012083319,6,67,67301,2012,7,6,9999,99,3,2,1,7,5, , ,N,0,0,0,3,0,1,1,1,N, ,40 01:18.975,75 10:54.450,2050, ,2048, ,0, , , ,0, , , , , , , , , ,1,1,0,0,0,0,0,0,0,0,0,0,1,1,0,0,0,0,0,0,0,0,0,0,0,0,0,0,0,0,0,0,0,0,0,8,0,40.0219,-75.1818, , 
61541,680357,2012015418,6,67,67301,2012,1,6,308,3,3,1,0,4,4, , ,N,2,0,0,3,0,0,2,2,N,N,40 01:22.059,75 08:10.035,315, ,210, ,0, ,N, ,0, , , , , , , , , ,2,2,0,0,0,0,0,0,0,0,0,0,0,0,1,0,0,0,0,0,0,0,0,2,0,0,0,0,0,0,0,0,0,0,0,9,0,40.0228,-75.1362, , 
61542,680371,2012036807,6,67,67301,2012,3,1,450,4,3,1,0,7,5, , ,N,3,0,0,3,0,1,2,1,N, ,39 55:54.338,75 13:00.262,459, ,451, ,0, , , ,0, , , , , , , , , ,1,1,0,0,0,0,0,0,0,0,1,0,1,0,0,0,0,0,0,0,0,0,0,0,0,0,0,0,0,0,0,0,0,0,0,3,0,39.9318,-75.2167, , 
61543,680376,2012039823,6,67,67301,2012,2,4,1030,10,1,2,1,4,1, , ,N,1,3,0,3,0,1,2,2,N, ,40 02:10.662,75 04:18.319,1037, ,1034, ,0, , , ,3, , , , , , , , , ,2,2,0,0,0,0,0,0,0,0,0,0,1,1,0,0,0,0,0,0,0,0,0,0,0,0,0,0,0,0,0,0,0,0,0,8,0,40.0363,-75.0718, , 
61544,680380,2012042221,6,67,67301,2012,3,7,1250,12,1,1,0,1,1, , ,N,0,2,0,3,0,0,4,2,N,N,40 03:05.567,75 08:30.828,1256, ,1251,1,1,1,N, ,3,N, , , , , , , , ,2,1,0,0,0,0,1,0,0,0,0,0,0,0,0,0,0,0,0,0,0,0,0,0,0,0,0,0,0,0,0,0,0,0,0,0,0,40.0515,-75.1419, , 
61545,683348,2012071428,6,67,67301,2012,7,5,2350,23,3,1,0,7,2, , ,N,0,0,0,3,0,0,1,1,N,N,39 58:36.490,75 06:50.038,2353, ,2351,1,1,2,N, ,0,N, , , , , , , , ,1,0,0,0,0,0,1,0,0,0,0,0,0,0,0,0,0,0,0,0,0,0,0,0,0,0,0,0,0,0,0,0,0,0,0,0,0,39.9768,-75.1139, , 
61546,683352,2012078363,6,67,67301,2012,6,7,1415,14,1,1,0,4,1, , ,N,1,2,0,3,0,2,7,2,N, ,39 56:21.685,75 13:03.003,1415, ,1415,9,1,6, , ,3,Y, , , , , , , , ,2,2,0,0,0,0,0,0,0,0,1,0,2,1,0,0,0,0,0,0,0,0,0,3,0,0,0,0,0,0,0,0,0,0,0,3,0,39.9394,-75.2175, , 
61547,683357,2012084667,6,67,67301,2012,8,6,1200,12,1,1,0,5,1, , ,N,0,0,0,3,0,0,6,3,N,N,40 02:58.434,74 59:44.198,1224, ,1207, ,0, ,N, ,0, , , , , , , , , ,3,2,0,0,0,1,0,0,0,0,0,0,0,0,0,0,0,0,0,1,1,0,0,0,0,0,0,0,0,0,0,0,0,0,0,0,1,40.0496,-74.9956, , 
61548,683359,2012085778,6,67,67301,2012,7,4,1930,19,4,1,0,8,1, , ,N,2,3,0,3,0,2,3,3,N, ,40 02:17.693,75 08:27.870,1930, ,1930, ,0, , , ,3, , , , , , , , , ,1,1,0,0,0,0,0,0,0,0,0,0,2,2,0,0,0,0,0,0,0,0,0,0,0,0,0,0,0,0,0,0,2,0,0,8,0,40.0382,-75.1411, , 
61549,683360,2012085782,6,67,67301,2012,8,1,1930,19,1,9,8,4,1, , ,N,0,0,7,3,0,1,3,2,N,N,40 02:28.200,75 07:12.500,110, ,102, ,0, ,N, ,0, , , , , , , , , ,2,1,0,0,0,0,1,0,0,0,0,1,1,0,1,0,0,0,0,0,0,1,0,0,0,0,0,0,0,0,0,0,0,0,0,4,0,40.0412,-75.1201, , 
61550,683369,2012094720,6,67,67301,2012,9,1,1557,15,1,1,0,1,1, , ,N,0,0,0,3,0,0,5,3,N,N,39 58:29.571,75 07:02.049,1601, ,1601,1,2,1,N, ,0,N, , , , , , , , ,3,2,0,0,0,0,1,0,0,0,0,0,0,0,0,0,0,0,0,0,1,0,0,0,0,0,0,0,0,0,0,0,0,0,0,0,0,39.9748,-75.1174, , 
61551,683373,2012098347,6,67,67301,2012,8,4,9999,99,1,1,0,8,1, , ,N,0,2,0,3,0,1,1,2,N, ,39 57:03.513,75 09:07.401,1515, ,1509, ,0, , , ,3, , , , , , , , , ,1,0,0,0,0,0,1,0,0,0,0,1,1,0,0,0,0,0,0,0,0,0,0,0,0,0,0,0,0,0,0,0,1,0,0,4,0,39.951,-75.1521, , 
61552,683398,2012078358,6,67,67301,2012,6,5,2058,20,3,1,0,8,1, , ,N,0,0,0,3,0,1,2,2,N, ,40 01:02.509,75 08:58.107,2106, ,2059,1,2,2, , ,0,Y, , , , , , , , ,1,0,0,0,0,0,0,0,0,0,0,0,1,1,0,0,0,0,0,0,0,0,0,0,0,0,0,0,0,0,0,0,1,0,0,8,0,40.0174,-75.1495, , 
61553,683405,2012085897,6,67,67301,2012,7,1,438,4,3,1,0,1,1, , ,N,0,0,0,3,0,1,2,2,N,N,39 53:49.954,75 15:06.764,454, ,438,4,2,2,N, ,0,Y, , , , , , , , ,2,0,0,0,1,0,1,0,0,0,1,0,1,0,0,0,0,0,0,0,1,0,0,0,0,0,0,0,0,0,0,0,0,0,0,3,0,39.8972,-75.2519, , 
61554,683413,2012096017,6,67,67301,2012,8,5,9999,99,1,1,0,2,1, , ,N,2,3,0,3,0,2,4,2,N, ,40 00:15.476,75 08:15.089,9999, ,535, ,0, , , ,3, , , , , , , , , ,2,1,0,0,0,0,0,1,0,0,0,2,2,0,1,0,0,0,0,0,0,0,0,0,0,0,0,0,0,0,0,0,0,0,0,4,0,40.0043,-75.1375, , 
61555,683427,2012111743,6,67,67301,2012,10,1,1430,14,1,1,0,8,1, , ,N,0,0,0,3,0,1,2,2,N, ,39 59:06.138,75 07:30.415,9999, ,9999, ,0, , , ,0, , , , , , , , , ,1,0,0,0,1,0,0,0,0,0,1,0,1,0,0,0,0,0,0,0,0,0,0,1,0,0,0,0,0,0,0,0,1,0,0,3,0,39.985,-75.1251, , 
61556,683439,2012015310,6,46,46102,2012,2,5,943,9,1,1,0,4,1, , ,N,1,2,0,3,0,0,2,2,N,N,40 04:18.292,75 09:14.575,945, ,944,2,1,4,N, ,3,N, , , , , , , , ,2,1,0,0,0,0,1,0,0,0,0,0,0,0,0,0,0,0,0,0,0,0,0,0,0,0,0,0,0,0,0,0,0,0,0,0,0,40.0717,-75.1541, , 