objectid_1,objectid,crn,district,county,municipality,crash_year,crash_month,day_of_week,time_of_day,hour_of_day,illumination,weather,road_condition,collision_type,relation_to_road,work_zone_type,work_zone_loc,work_zone_ind,intersect_type,tcd_type,location_type,urban_rural,fatal_count,injury_count,person_count,total_units,sch_bus_ind,sch_zone_ind,latitude,longitude,arrival_tm,cons_zone_spd_lim,dispatch_tm,est_hrs_closed,lane_closed,ln_close_dir,ntfy_hiwy_maint,spec_juris_cd,tcd_func_cd,tfc_detour_ind,workers_pres,wz_close_detour,wz_flagger,wz_law_offcr_ind,wz_ln_closure,wz_moving,wz_other,wz_shlder_mdn,vehicle_count,automobile_count,motorcycle_count,bus_count,small_truck_count,heavy_truck_count,suv_count,van_count,bicycle_count,maj_inj_count,mod_inj_count,min_inj_count,tot_inj_count,unk_inj_deg_count,unk_inj_per_count,driver_count_16yr,driver_count_17yr,driver_count_18yr,driver_count_19yr,driver_count_20yr,driver_count_50_64yr,driver_count_65_74yr,driver_count_75plus,unbelted_occ_count,unb_death_count,unb_maj_inj_count,belted_death_count,belted_maj_inj_count,mcycle_death_count,mcycle_maj_inj_count,bicycle_death_count,bicycle_maj_inj_count,ped_count,ped_death_count,ped_maj_inj_count,max_severity_level,comm_veh_count,dec_lat,dec_long,rdwy_surf_type_cd,county_name
61625,682713,2012073597,6,67,67301,2012,6,6,1430,14,1,1,0,1,1, , ,N,0,0,0,3,0,1,2,2,N, ,39 58:18.638,75 13:26.127,2000, ,2000, ,0, , , ,0, , , , , , , , , ,2,1,0,0,0,0,1,0,0,0,0,1,1,0,1,0,0,0,0,0,0,0,0,0,0,0,0,0,0,0,0,0,0,0,0,4,0,39.9718,-75.2239, , 
61626,682717,2012078445,6,67,67301,2012,7,6,1200,12,1,1,0,8,1, , ,N,1,2,0,3,0,1,2,2,N,N,40 02:16.612,75 07:48.705,1300, ,1230, ,0, ,N, ,3, , , , , , , , , ,1,1,0,0,0,0,0,0,0,0,0,1,1,0,0,0,0,0,0,0,0,1,0,0,0,0,0,0,0,0,0,0,1,0,0,4,0,40.0379,-75.1302, , 
61627,682736,2012099347,6,67,67301,2012,9,7,2357,23,3,2,1,2,1, , ,N,1,2,0,3,0,2,5,3,N,N,40 03:23.636,75 02:47.581,2257, ,2257,1,1,1,N, ,3,Y, , , , , , , , ,3,3,0,0,0,0,0,0,0,0,0,0,2,2,0,0,0,0,0,0,2,0,0,0,0,0,0,0,0,0,0,0,0,0,0,8,0,40.0566,-75.0466, , 
61628,682738,2012103951,6,67,67301,2012,9,3,0,0,4,2,1,2,1, , ,N,2,0,0,3,0,1,2,2,N,N,39 56:03.598,75 13:50.188,1825, ,1825, ,0, ,N, ,0, , , , , , , , , ,1,1,0,0,0,0,0,0,0,0,0,1,1,0,0,0,0,0,0,0,0,0,0,0,0,0,0,0,0,0,0,0,1,0,0,4,0,39.9343,-75.2306, , 
61629,682751,2012114338,6,67,67301,2012,10,4,1805,18,3,1,0,4,2, , ,N,0,0,0,3,0,1,2,2,N,N,39 55:38.546,75 13:54.505,1819, ,1819, ,0, ,N, ,0, , , , , , , , , ,2,1,0,0,0,0,0,0,0,0,0,0,1,1,1,0,0,0,0,0,1,0,0,0,0,0,0,0,0,0,0,0,0,0,0,8,0,39.9274,-75.2318, , 
61630,682758,2012056201,6,67,67301,2012,5,4,2258,22,3,1,0,1,1, , ,N,0,0,0,3,0,2,3,3,N,N,39 59:51.388,75 11:46.488,2304, ,2301,1,2,3,N, ,0,N, , , , , , , , ,3,1,0,0,0,0,2,0,0,0,1,1,2,0,0,0,0,0,0,0,0,0,0,0,0,0,0,0,0,0,0,0,0,0,0,3,0,39.9976,-75.1962, , 
61631,682769,2012083154,6,67,67301,2012,7,3,1830,18,1,1,0,4,1, , ,N,1,2,0,3,0,0,3,2,N,N,40 03:40.656,75 03:06.510,1845, ,1837,1,1,4,N, ,3,N, , , , , , , , ,2,2,0,0,0,0,0,0,0,0,0,0,0,0,0,0,0,0,0,0,0,0,1,0,0,0,0,0,0,0,0,0,0,0,0,0,0,40.0613,-75.0518, , 
61632,682771,2012085869,6,67,67301,2012,8,5,1917,19,1,1,0,4,1, , ,N,1,3,0,3,0,1,2,3,N,N,40 01:59.616,75 05:00.016,1920, ,1919,2,1,1, , ,3,N, , , , , , , , ,3,2,0,0,0,0,1,0,0,0,0,0,1,1,1,0,0,0,0,0,0,0,0,0,0,0,0,0,0,0,0,0,0,0,0,8,0,40.0332,-75.0833, , 
61633,682789,2012104188,6,67,67301,2012,9,3,2205,22,3,1,1,1,1, , ,N,0,0,2,3,0,4,4,2,N,N,40 00:46.541,75 12:16.209,2225, ,2210,2,2,1,N, ,0,Y, , , , , , , , ,2,2,0,0,0,0,0,0,0,0,0,0,4,4,0,0,0,0,0,0,0,0,0,0,0,0,0,0,0,0,0,0,0,0,0,8,0,40.0119,-75.2049, , 
61634,682805,2012050891,6,67,67301,2012,5,3,1741,17,1,1,0,1,7, , ,N,6,0,2,3,0,1,3,3,N,N,39 54:31.231,75 08:57.958,1750, ,1741, ,0, ,N, ,0, , , , , , , , , ,3,3,0,0,0,0,0,0,0,0,0,1,1,0,0,0,0,0,0,1,1,0,0,0,0,0,0,0,0,0,0,0,0,0,0,4,0,39.9087,-75.1494, , 
61635,682810,2012068868,6,67,67301,2012,5,3,1802,18,1,1,0,7,5, , ,N,0,0,0,3,0,1,1,1,N,N,40 04:17.230,75 04:59.592,1810, ,1804, ,0, ,N, ,0, , , , , , , , , ,1,1,0,0,0,0,0,0,0,0,0,0,1,1,0,0,0,0,0,0,0,0,0,0,0,0,0,0,0,0,0,0,0,0,0,8,0,40.0715,-75.0832, , 
61636,682818,2012076003,6,67,67301,2012,6,6,20,0,3,1,0,4,1, , ,N,2,3,0,3,0,1,2,2,N,N,39 56:53.376,75 12:59.687,30, ,25, ,0, ,N, ,3, , , , , , , , , ,1,1,0,0,0,0,0,0,1,0,0,0,1,1,0,0,0,0,0,0,0,0,0,1,0,0,0,0,0,0,0,0,0,0,0,8,0,39.9482,-75.2166, , 
61637,673583,2012036911,6,67,67301,2012,3,1,230,2,6,1,0,4,1, , ,N,1,2,0,3,0,1,2,2,N,N,39 59:23.449,75 10:25.402,9999, ,9999, ,0, , , ,3, , , , , , , , , ,1,1,0,0,0,0,0,0,1,0,1,0,1,0,0,0,0,0,0,0,0,0,0,1,0,0,0,0,0,0,0,0,0,0,0,3,0,39.9898,-75.1737, , 
61638,673586,2012039834,6,67,67301,2012,3,1,1345,13,1,1,0,4,1, , ,N,2,2,7,3,0,2,3,2,N,N,40 02:12.019,75 10:25.841,1359, ,1357, ,0, , , ,3, , , , , , , , , ,2,1,0,0,0,0,1,0,0,0,0,2,2,0,0,0,0,0,0,0,0,0,1,0,0,0,0,0,0,0,0,0,0,0,0,4,0,40.0367,-75.1738, , 
61639,673596,2012051929,6,67,67301,2012,5,4,1320,13,1,1,1,5,1, , ,N,0,0,0,3,0,1,1,2,N,N,39 58:27.092,75 10:49.977,1325, ,1322, ,0, ,N, ,0, , , , , , , , , ,2,2,0,0,0,0,0,0,0,0,0,0,1,1,0,0,0,0,0,0,1,0,0,0,0,0,0,0,0,0,0,0,0,0,0,8,0,39.9742,-75.1805, , 
61640,673598,2012058161,6,67,67301,2012,6,7,1840,18,4,1,0,1,1, , ,N,0,0,0,3,0,0,7,3,N,N,39 57:28.606,75 09:47.349,1847, ,1844, ,0, ,N, ,0, , , , , , , , , ,3,1,0,0,0,0,2,0,0,0,0,0,0,0,0,0,0,0,1,0,0,0,0,0,0,0,0,0,0,0,0,0,0,0,0,0,0,39.9579,-75.1632, , 
61641,673605,2012063958,6,67,67301,2012,5,2,1850,18,1,2,1,2,1, , ,N,0,0,0,3,0,1,2,3,N, ,40 01:30.891,75 10:43.145,1915, ,1900,1,2,6, , ,0,Y, , , , , , , , ,3,0,0,0,1,0,2,0,0,0,0,1,1,0,0,0,0,0,0,0,1,0,0,1,0,0,0,0,0,0,0,0,0,0,0,4,0,40.0252,-75.1787, , 
61642,673607,2012066571,6,46,46102,2012,6,1,645,6,1,1,0,7,5, , ,N,0,0,0,3,0,0,1,2,N,N,40 04:28.061,75 09:32.259,832, ,826, ,0, ,N, ,0, , , , , , , , , ,1,1,0,0,0,0,0,0,0,0,0,0,0,0,0,0,0,0,0,0,0,0,0,0,0,0,0,0,0,0,0,0,0,0,0,0,0,40.0745,-75.159, , 
61643,673608,2012067078,6,67,67301,2012,6,6,9999,99,1,1,0,4,1, , ,N,2,2,0,3,0,2,2,2,N,N,39 53:44.024,75 14:00.732,9999, ,9999, ,0, ,N, ,3, , , , , , , , , ,2,1,0,0,0,0,1,0,0,0,0,0,2,2,0,0,0,0,0,0,0,0,0,0,0,0,0,0,0,0,0,0,0,0,0,8,0,39.8954,-75.2335, , 
61644,673628,2012098428,6,67,67301,2012,9,7,1445,14,1,1,0,1,1, , ,N,0,0,0,3,0,1,2,2,N, ,40 01:14.296,75 08:55.153,1508, ,1500, ,0, , , ,0, , , , , , , , , ,2,2,0,0,0,0,0,0,0,0,0,0,1,1,0,0,0,0,0,0,1,0,0,0,0,0,0,0,0,0,0,0,0,0,0,8,0,40.0206,-75.1487, , 
61645,673631,2012101380,6,67,67301,2012,10,6,1650,16,1,1,0,1,1, , ,N,0,0,0,3,0,1,2,2,N,N,39 59:45.987,75 11:50.000,1716, ,1654, ,0, ,N, ,0, , , , , , , , , ,2,0,0,0,0,0,1,1,0,0,0,1,1,0,0,0,0,0,0,0,1,0,0,0,0,0,0,0,0,0,0,0,0,0,0,4,0,39.9961,-75.1972, , 
61646,673635,2012104088,6,67,67301,2012,10,2,710,7,1,1,0,6,1, , ,N,1,2,0,3,0,0,2,2,N,N,40 00:31.197,75 04:08.216,805, ,803, ,0, ,N, ,3, , , , , , , , , ,2,1,0,0,0,0,1,0,0,0,0,1,1,0,0,0,0,0,0,0,0,0,0,0,0,0,0,0,0,0,0,0,0,0,0,4,0,40.0086,-75.0688, , 
61647,673655,2012015499,6,67,67301,2012,1,4,1138,11,1,1,0,6,1, , ,N,1,2,0,3,0,1,2,2,N,N,40 01:36.847,75 13:37.905,1155, ,1147, ,0, ,N, ,3, , , , , , , , , ,2,0,0,0,0,1,1,0,0,0,0,0,1,1,1,0,0,0,0,0,0,0,0,1,0,0,0,0,0,0,0,0,0,0,0,8,1,40.0269,-75.2272, , 
61648,673678,2012047287,6,67,67301,2012,4,5,1645,16,1,1,0,8,1, , ,N,1,2,0,3,0,1,2,2,N,N,40 04:20.456,75 09:28.385,1733, ,1727, ,0, , , ,3, , , , , , , , , ,1,0,0,0,0,0,0,1,0,0,0,1,1,0,0,0,0,0,0,0,1,0,0,0,0,0,0,0,0,0,0,0,1,0,0,4,0,40.0723,-75.1579, , 
61649,673686,2012056750,6,67,67301,2012,4,1,245,2,3,1,0,4,2, , ,N,0,0,0,3,0,1,1,3,N,N,39 59:34.548,75 10:16.378,305, ,300, ,0, ,N, ,0, , , , , , , , , ,3,2,0,0,0,0,0,1,0,0,1,0,1,0,0,0,0,0,0,0,0,0,0,0,0,0,0,0,0,0,0,0,0,0,0,3,0,39.9929,-75.1712, , 
61650,673688,2012060651,6,67,67301,2012,5,3,1040,10,1,1,0,8,1, , ,N,2,0,0,3,0,1,2,2,N,N,39 56:58.560,75 10:14.725,1041, ,1040, ,0, ,N, ,0, , , , , , , , , ,1,0,0,0,1,0,0,0,0,1,0,0,1,0,0,0,0,0,0,0,1,0,0,0,0,0,0,0,0,0,0,0,1,0,1,2,0,39.9496,-75.1708, , 
61651,673691,2012066718,6,67,67301,2012,5,3,129,1,2,1,0,8,1, , ,N,2,0,0,3,0,1,2,2,N,N,40 01:50.214,75 07:17.086,135, ,130, ,0, ,N, ,0, , , , , , , , , ,1,1,0,0,0,0,0,0,0,0,0,1,1,0,0,0,0,0,0,0,0,0,0,0,0,0,0,0,0,0,0,0,1,0,0,4,0,40.0306,-75.1214, , 
61652,673710,2012015443,6,67,67301,2012,1,3,430,4,3,1,0,5,6, , ,N,0,0,0,3,0,0,1,3,N,N,39 58:17.367,75 11:02.994,438, ,435, ,0, ,N, ,0, , , , , , , , , ,3,2,0,0,0,0,1,0,0,0,0,0,0,0,0,0,0,0,0,0,0,0,0,0,0,0,0,0,0,0,0,0,0,0,0,0,0,39.9715,-75.1842, , 
61653,673711,2012017487,6,67,67301,2012,2,6,1625,16,1,1,0,1,1, , ,N,0,0,0,3,0,1,4,2,N,N,39 58:59.978,75 05:52.601,1654, ,1629,1,2,1,N, ,0,N, , , , , , , , ,2,1,0,0,0,0,1,0,0,0,0,1,1,0,0,0,0,0,0,0,1,0,0,0,0,0,0,0,0,0,0,0,0,0,0,4,0,39.9833,-75.0981, , 
61654,673735,2012042189,6,67,67301,2012,3,4,1510,15,1,1,0,4,1, , ,N,1,2,0,3,0,5,5,2,N, ,40 00:27.528,75 07:37.941,1519, ,1518, ,0, , , ,3, , , , , , , , , ,2,2,0,0,0,0,0,0,0,0,0,1,5,4,0,0,0,0,0,0,0,0,0,0,0,0,0,0,0,0,0,0,0,0,0,4,0,40.0076,-75.1273, , 
61655,677207,2012056709,6,67,67301,2012,5,6,9999,99,1,7,0,4,1, , ,N,1,2,0,3,0,0,5,3,N,N,40 01:55.477,75 04:52.420,1715, ,1711, ,0, ,N, ,3, , , , , , , , , ,3,2,0,0,0,0,0,0,0,0,0,0,0,0,0,0,0,0,0,1,0,0,0,2,0,0,0,0,0,0,0,0,0,0,0,0,0,40.0321,-75.0812, , 
61656,677218,2012048235,6,67,67301,2012,3,2,730,7,1,1,0,4,1, , ,N,1,0,0,3,0,1,2,2,N, ,39 58:02.216,75 07:44.286,1133, ,1130, ,0, , , ,0, , , , , , , , , ,2,1,1,0,0,0,0,0,0,0,0,1,1,0,1,0,0,0,0,0,1,0,0,0,0,0,0,0,0,0,0,0,0,0,0,4,0,39.967,-75.1294, , 
61657,677235,2012034799,6,67,67301,2012,3,6,1630,16,1,1,0,1,1, , ,N,2,0,0,3,0,0,4,3,N,N,39 57:20.517,75 14:53.557,1636, ,1634, ,0, ,N, ,0, , , , , , , , , ,3,2,0,0,0,0,0,0,0,0,0,0,0,0,0,0,0,0,0,0,0,0,0,0,0,0,0,0,0,0,0,0,0,0,0,0,0,39.9557,-75.2482, , 
61658,677236,2012034804,6,67,67301,2012,3,3,2045,20,2,1,0,4,1, , ,N,1,3,0,3,0,0,3,2,N,N,40 04:24.556,75 10:08.032,2050, ,2047, ,0, , , ,3, , , , , , , , , ,2,2,0,0,0,0,0,0,0,0,0,0,0,0,1,0,0,0,0,0,0,0,0,0,0,0,0,0,0,0,0,0,0,0,0,9,0,40.0735,-75.1689, , 
61659,677242,2012047175,6,67,67301,2012,4,1,1925,19,3,2,1,1,1, , ,N,0,2,0,3,0,0,3,2,N, ,39 58:59.943,75 09:24.888,1930, ,1930,2,1,2, , ,3,N, , , , , , , , ,2,2,0,0,0,0,0,0,0,0,0,0,0,0,0,0,0,0,0,0,1,0,0,0,0,0,0,0,0,0,0,0,0,0,0,0,0,39.9833,-75.1569, , 
61660,677243,2012048297,6,67,67301,2012,3,7,911,9,1,2,1,4,1, , ,N,2,2,0,3,0,0,2,2,N,N,40 07:06.945,75 00:25.153,927, ,922, ,0, ,N, ,3, , , , , , , , , ,2,2,0,0,0,0,0,0,0,0,0,0,0,0,0,0,0,0,0,0,0,1,0,0,0,0,0,0,0,0,0,0,0,0,0,0,0,40.1186,-75.007, , 
61661,677260,2012063948,6,67,67301,2012,5,4,1550,15,1,1,0,4,1, , ,N,1,3,0,3,0,1,2,2,N,N,40 02:09.495,75 10:21.831,1559, ,1556, ,0, ,N, ,3, , , , , , , , , ,1,1,0,0,0,0,0,0,1,0,0,1,1,0,1,0,0,0,0,0,0,0,0,0,0,0,0,0,0,0,0,0,0,0,0,4,0,40.036,-75.1727, , 
61662,677270,2012020464,6,67,67301,2012,1,2,641,6,1,1,0,1,1, , ,N,1,2,0,3,0,2,2,2,N,N,40 00:21.051,75 05:46.740,815, ,813, ,0, ,N, ,3, , , , , , , , , ,2,1,0,0,0,0,1,0,0,0,2,0,2,0,0,0,0,0,0,0,0,0,0,1,0,0,0,0,0,0,0,0,0,0,0,3,0,40.0058,-75.0964, , 
61663,677289,2012042198,6,67,67301,2012,3,1,9999,99,3,1,0,4,1, , ,N,5,2,0,3,0,1,3,2,N, ,39 54:40.810,75 14:33.592,2140, ,2134,2,1,1, , ,3,N, , , , , , , , ,2,1,0,0,0,0,1,0,0,0,0,1,1,0,0,0,0,0,0,0,0,0,0,0,0,0,0,0,0,0,0,0,0,0,0,4,0,39.9113,-75.2427, , 
61664,677291,2012045148,6,67,67301,2012,4,6,2004,20,3,1,0,7,5, , ,N,0,0,0,3,0,1,1,1,N,N,39 53:33.664,75 13:31.039,2008, ,2008,2,2,2,Y, ,0,N, , , , , , , , ,1,1,0,0,0,0,0,0,0,0,0,1,1,0,0,0,0,0,0,0,0,0,0,0,0,0,0,0,0,0,0,0,0,0,0,4,0,39.8927,-75.2253, , 
61665,677294,2012047149,6,67,67301,2012,4,6,1500,15,1,1,0,4,1, , ,N,0,0,7,3,0,1,2,4,N,N,40 00:03.340,75 12:53.004,1550, ,1502, ,0, ,N, ,0, , , , , , , , , ,4,3,0,0,1,0,0,0,0,0,1,0,1,0,0,0,0,0,0,0,0,0,0,0,0,0,0,0,0,0,0,0,0,0,0,3,0,40.0009,-75.2147, , 
61666,677295,2012047259,6,67,67301,2012,4,6,855,8,1,1,0,4,1, , ,N,1,3,0,3,0,1,2,2,N, ,40 03:15.670,75 09:18.658,906, ,904, ,0, , , ,3, , , , , , , , , ,2,2,0,0,0,0,0,0,0,0,0,1,1,0,0,0,0,0,0,0,1,0,0,0,0,0,0,0,0,0,0,0,0,0,0,4,0,40.0544,-75.1552, , 
61667,677298,2012049753,6,67,67301,2012,4,7,335,3,3,1,0,7,2, , ,N,0,0,0,3,0,2,2,1,N,N,39 57:34.725,75 09:45.266,340, ,337, ,0, ,N, ,0, , , , , , , , , ,1,1,0,0,0,0,0,0,0,0,0,0,2,2,0,0,0,0,0,0,0,0,0,0,0,0,0,0,0,0,0,0,0,0,0,8,0,39.9596,-75.1626, , 
61668,677339,2012041543,6,67,67301,2012,3,7,255,2,3,1,0,4,1, , ,N,0,0,0,3,0,2,9,2,Y,N,39 59:10.175,75 14:52.129,300, ,255,1,1,1,N, ,0,N, , , , , , , , ,2,1,0,1,0,0,0,0,0,0,0,2,2,0,0,0,0,0,0,0,0,0,0,0,0,0,0,0,0,0,0,0,0,0,0,4,1,39.9862,-75.2478, , 
61669,677349,2012047160,6,67,67301,2012,4,2,2038,20,3,1,0,4,1, , ,N,1,2,0,3,0,4,4,4,N,N,40 06:51.356,74 59:16.486,2046, ,2039,2,2,1,N, ,3,Y, , , , , , , , ,4,2,0,0,2,0,0,0,0,0,2,2,4,0,0,0,0,0,0,0,0,1,0,0,0,0,0,0,0,0,0,0,0,0,0,3,0,40.1143,-74.9879, , 
61670,677356,2012060734,6,67,67301,2012,5,7,209,2,3,1,0,7,5, , ,N,1,2,0,3,0,1,1,1,N, ,40 01:27.102,75 05:43.897,223, ,221,2,1,2, , ,3,Y, , , , , , , , ,1,1,0,0,0,0,0,0,0,0,0,1,1,0,0,0,0,0,0,0,0,0,0,0,0,0,0,0,0,0,0,0,0,0,0,4,0,40.0242,-75.0955, , 
61671,677406,2012060645,6,67,67301,2012,5,5,1305,13,1,1,0,4,1, , ,N,1,2,0,3,0,0,1,2,N,N,39 58:18.769,75 09:45.745,1320, ,1305,3,2,1,N, ,3,Y, , , , , , , , ,2,1,0,0,0,0,1,0,0,0,0,0,0,0,0,0,0,0,0,0,0,0,0,0,0,0,0,0,0,0,0,0,0,0,0,0,0,39.9719,-75.1627, , 
61672,677409,2012054260,6,67,67301,2012,5,3,2042,20,3,2,1,7,3, , ,N,0,0,0,3,0,0,1,1,N,N,39 56:40.407,75 11:29.627,2044, ,2042,1,1,3,N, ,0,N, , , , , , , , ,1,1,0,0,0,0,0,0,0,0,0,0,0,0,0,0,0,0,0,0,0,0,0,0,0,0,0,0,0,0,0,0,0,0,0,0,0,39.9446,-75.1916, , 
61673,680521,2012095355,6,67,67301,2012,8,4,620,6,5,1,0,4,4, , ,N,2,3,0,3,0,1,1,3,N, ,39 57:09.525,75 13:53.709,750, ,750, ,0, , , ,3, , , , , , , , , ,1,1,0,0,0,0,0,0,0,0,0,0,1,1,0,0,0,0,0,0,0,0,0,0,0,0,0,0,0,0,0,0,0,0,0,8,0,39.9526,-75.2316, , 
61674,680522,2012095604,6,67,67301,2012,8,3,1815,18,1,1,0,8,1, , ,N,1,3,0,3,0,1,4,1,N,N,39 57:19.771,75 14:31.703,1820, ,1820, ,0, ,N, ,3, , , , , , , , , ,1,1,0,0,0,0,0,0,0,0,0,1,1,0,0,0,0,0,0,0,0,1,0,0,0,0,0,0,0,0,0,0,1,0,0,4,0,39.9555,-75.2421, , 
61675,680523,2012096955,6,67,67301,2012,9,5,926,9,1,1,1,1,1, , ,N,0,0,0,3,0,0,3,3,N,N,40 02:35.104,75 00:11.918,926, ,926, ,0, ,N, ,0, , , , , , , , , ,3,3,0,0,0,0,0,0,0,0,0,0,0,0,0,0,0,0,0,0,1,0,0,0,0,0,0,0,0,0,0,0,0,0,0,0,0,40.0431,-75.0033, , 
61676,680533,2012103995,6,67,67301,2012,9,1,1615,16,1,1,0,6,1, , ,N,0,0,0,3,0,0,3,2,N,N,40 06:49.982,75 01:47.377,1625, ,1620, ,0, ,N, ,0, , , , , , , , , ,2,2,0,0,0,0,0,0,0,0,0,0,0,0,0,0,0,0,0,0,0,0,0,0,0,0,0,0,0,0,0,0,0,0,0,0,0,40.1139,-75.0298, , 
61677,680540,2012111606,6,67,67301,2012,10,1,30,0,6,1,0,7,5, , ,N,0,0,0,3,0,0,1,1,N,N,39 55:59.150,75 11:59.110,40, ,38, ,0, ,N, ,0, , , , , , , , , ,1,1,0,0,0,0,0,0,0,0,0,0,0,0,0,0,0,0,0,1,0,0,0,0,0,0,0,0,0,0,0,0,0,0,0,0,0,39.9331,-75.1998, , 
61678,680551,2012015402,6,67,67301,2012,1,5,913,9,1,2,1,7,4, , ,N,0,0,0,3,0,2,2,1,N,N,39 58:52.268,75 12:00.011,925, ,913, ,0, ,N, ,0, , , , , , , , , ,1,1,0,0,0,0,0,0,0,0,0,2,2,0,0,0,0,0,0,0,0,0,0,0,0,0,0,0,0,0,0,0,0,0,0,4,0,39.9812,-75.2, , 
61679,680555,2012017926,6,67,67301,2012,1,6,1246,12,1,1,0,1,1, , ,N,0,0,0,3,0,1,3,2,N, ,39 57:23.690,75 13:20.669,1247, ,1246, ,0, , , ,0, , , , , , , , , ,2,2,0,0,0,0,0,0,0,0,0,1,1,0,0,0,0,0,0,0,0,0,0,0,0,0,0,0,0,0,0,0,0,0,0,4,0,39.9566,-75.2224, , 
61680,680566,2012032669,6,67,67301,2012,2,1,2330,23,3,1,0,4,1, , ,N,0,0,7,3,0,2,4,2,N,N,40 01:50.358,75 04:57.338,29, ,16,2,1,1,N, ,0,N, , , , , , , , ,2,1,0,0,0,0,1,0,0,0,0,2,2,0,0,0,0,0,0,0,0,0,0,0,0,0,0,0,0,0,0,0,0,0,0,4,0,40.0307,-75.0826, , 
61681,680570,2012041574,6,67,67301,2012,3,1,1130,11,1,1,0,4,1, , ,N,1,2,0,3,0,3,4,2,N,N,39 57:36.745,75 11:27.211,1132, ,1130,1,2,2,N, ,3,Y, , , , , , , , ,2,0,0,0,1,0,1,0,0,0,0,3,3,0,0,0,0,0,0,0,0,0,0,0,0,0,0,0,0,0,0,0,0,0,0,4,0,39.9602,-75.1909, , 
61682,680580,2012048093,6,67,67301,2012,4,4,816,8,1,1,0,4,1, , ,N,1,2,0,3,0,2,4,2,N,N,39 57:54.205,75 14:24.511,850, ,843, ,0, ,N, ,3, , , , , , , , , ,2,0,0,0,1,0,0,1,0,0,0,0,2,2,0,0,0,0,0,0,0,0,0,0,0,0,0,0,0,0,0,0,0,0,0,8,0,39.9651,-75.2401, , 
61683,680581,2012049836,6,67,67301,2012,4,1,2323,23,3,2,1,7,4, , ,N,0,0,0,3,0,0,1,1,N, ,39 59:54.062,75 09:31.003,2343, ,2340, ,0, ,N, ,0, , , , , , , , , ,1,1,0,0,0,0,0,0,0,0,0,0,0,0,0,0,0,0,0,0,0,0,0,0,0,0,0,0,0,0,0,0,0,0,0,0,0,39.9984,-75.1586, , 
61684,680630,2012044988,6,67,67301,2012,5,7,335,3,3,2,1,7,2, , ,N,0,8,0,3,0,0,1,1,N,N,39 58:12.174,75 11:21.017,345, ,340,1,1,1,Y, ,3,N, , , , , , , , ,1,0,0,0,0,0,1,0,0,0,0,0,0,0,0,0,0,0,0,0,0,0,0,0,0,0,0,0,0,0,0,0,0,0,0,0,0,39.97,-75.1892, , 
61685,680650,2012066563,6,67,67301,2012,5,2,1109,11,1,1,0,4,1, , ,N,1,2,0,3,0,2,2,2,N,N,40 03:02.656,75 08:55.144,1113, ,1109, ,0, ,N, ,3, , , , , , , , , ,2,1,0,0,0,0,1,0,0,0,0,2,2,0,0,0,0,0,0,0,0,0,0,0,0,0,0,0,0,0,0,0,0,0,0,4,0,40.0507,-75.1487, , 
61686,680663,2012078310,6,67,67301,2012,6,1,1500,15,1,1,0,4,1, , ,N,1,2,0,3,0,1,2,2,N, ,39 58:28.437,75 14:17.876,1518, ,1516, ,0, , , ,3, , , , , , , , , ,2,1,1,0,0,0,0,0,0,0,0,0,1,1,1,0,0,0,0,0,0,0,0,0,0,0,0,0,0,0,0,0,0,0,0,8,0,39.9746,-75.2383, , 
61687,680664,2012078328,6,67,67301,2012,7,2,209,2,3,2,1,4,1, , ,N,2,3,0,3,0,3,4,2,N,N,40 01:31.305,75 02:11.212,246, ,243,1,1,3,N, ,3,N, , , , , , , , ,2,2,0,0,0,0,0,0,0,0,0,3,3,0,0,0,0,0,1,1,0,0,0,0,0,0,0,0,0,0,0,0,0,0,0,4,0,40.0254,-75.0364, , 
61688,680670,2012080822,6,67,67301,2012,7,1,2212,22,3,2,1,7,5, , ,N,1,0,2,3,0,0,2,1,N,N,40 05:57.062,74 59:12.983,2224, ,2219, ,0, ,N, ,0, , , , , , , , , ,1,1,0,0,0,0,0,0,0,0,0,0,0,0,0,1,0,0,0,0,0,0,0,0,0,0,0,0,0,0,0,0,0,0,0,0,0,40.0992,-74.9869, , 
61689,680671,2012080851,6,46,46102,2012,7,4,2110,21,3,1,0,4,1, , ,N,1,2,0,3,0,1,3,2,N, ,40 03:55.027,75 05:25.289,2135, ,2125, ,0, , , ,3, , , , , , , , , ,2,2,0,0,0,0,0,0,0,0,0,0,1,1,0,0,0,0,1,0,0,0,0,0,0,0,0,0,0,0,0,0,0,0,0,8,0,40.0653,-75.0904, , 
61690,680674,2012083182,6,67,67301,2012,7,4,757,7,1,1,0,4,1, , ,N,1,0,0,3,0,2,5,2,N,N,40 00:05.893,75 06:59.072,2002, ,2000, ,0, ,N, ,0, , , , , , , , , ,2,1,0,0,0,0,1,0,0,0,0,2,2,0,0,0,0,0,0,0,0,0,0,0,0,0,0,0,0,0,0,0,0,0,0,4,0,40.0016,-75.1164, , 
61691,680688,2012012610,6,67,67301,2012,1,3,1420,14,1,1,0,4,1, , ,N,1,2,0,3,0,0,3,2,N,N,40 08:03.425,75 00:32.780,1450, ,1437,2,1,1,N, ,3,N, , , , , , , , ,2,2,0,0,0,0,0,0,0,0,0,0,0,0,0,0,1,1,0,0,0,0,0,0,0,0,0,0,0,0,0,0,0,0,0,0,0,40.1343,-75.0091, , 