objectid_1,objectid,crn,district,county,municipality,crash_year,crash_month,day_of_week,time_of_day,hour_of_day,illumination,weather,road_condition,collision_type,relation_to_road,work_zone_type,work_zone_loc,work_zone_ind,intersect_type,tcd_type,location_type,urban_rural,fatal_count,injury_count,person_count,total_units,sch_bus_ind,sch_zone_ind,latitude,longitude,arrival_tm,cons_zone_spd_lim,dispatch_tm,est_hrs_closed,lane_closed,ln_close_dir,ntfy_hiwy_maint,spec_juris_cd,tcd_func_cd,tfc_detour_ind,workers_pres,wz_close_detour,wz_flagger,wz_law_offcr_ind,wz_ln_closure,wz_moving,wz_other,wz_shlder_mdn,vehicle_count,automobile_count,motorcycle_count,bus_count,small_truck_count,heavy_truck_count,suv_count,van_count,bicycle_count,maj_inj_count,mod_inj_count,min_inj_count,tot_inj_count,unk_inj_deg_count,unk_inj_per_count,driver_count_16yr,driver_count_17yr,driver_count_18yr,driver_count_19yr,driver_count_20yr,driver_count_50_64yr,driver_count_65_74yr,driver_count_75plus,unbelted_occ_count,unb_death_count,unb_maj_inj_count,belted_death_count,belted_maj_inj_count,mcycle_death_count,mcycle_maj_inj_count,bicycle_death_count,bicycle_maj_inj_count,ped_count,ped_death_count,ped_maj_inj_count,max_severity_level,comm_veh_count,dec_lat,dec_long,rdwy_surf_type_cd,county_name
61760,714309,2013015640,6,67,67301,2012,10,2,1120,11,1,2,1,7,2, , ,N,0,0,0,3,0,1,1,1,N,N,39 57:04.610,75 10:57.766,1120, ,1120,1,1,4,N, ,0,N, , , , , , , , ,1,1,0,0,0,0,0,0,0,0,0,0,1,1,0,0,0,0,0,0,0,0,0,0,0,0,0,0,0,0,0,0,0,0,0,8,0,39.9513,-75.1827, , 
61761,714314,2012060717,6,67,67301,2012,5,3,1728,17,1,1,0,4,1, , ,N,2,0,0,3,0,1,5,2,N,N,40 00:09.432,75 09:39.099,1728, ,1728,3,1,4,N, ,0,Y, , , , , , , , ,2,0,0,0,0,0,0,2,0,0,0,1,1,0,0,0,0,0,0,0,1,0,1,2,0,0,0,0,0,0,0,0,0,0,0,4,0,40.0026,-75.1608, , 
61762,714315,2012060729,6,67,67301,2012,5,2,1627,16,1,1,1,4,1, , ,N,1,2,0,3,0,1,4,2,Y,N,39 58:50.844,75 10:26.522,1635, ,630, ,0, ,N, ,3, , , , , , , , , ,2,0,0,1,1,0,0,0,0,0,0,1,1,0,0,0,0,0,0,1,1,0,0,0,0,0,0,0,0,0,0,0,0,0,0,4,1,39.9808,-75.174, , 
61763,714319,2012063941,6,67,67301,2012,5,4,1627,16,1,1,0,8,1, , ,N,2,3,0,3,0,1,2,2,N, ,40 02:05.978,75 09:55.267,1633, ,1629, ,0, , , ,3, , , , , , , , , ,1,0,0,0,0,0,1,0,0,0,0,1,1,0,0,0,0,0,0,0,0,1,0,0,0,0,0,0,0,0,0,0,1,0,0,4,0,40.035,-75.1654, , 
61764,714322,2012066633,6,67,67301,2012,5,2,153,1,3,1,0,4,1, , ,N,1,2,0,3,0,2,4,2,N,N,40 02:40.636,75 03:16.819,159, ,155,9,1,6,N, ,3,N, , , , , , , , ,2,2,0,0,0,0,0,0,0,0,0,0,2,2,0,0,0,1,0,0,0,0,0,0,0,0,0,0,0,0,0,0,0,0,0,8,0,40.0446,-75.0547, , 
61765,714332,2012073467,6,67,67301,2012,6,6,135,1,3,1,0,7,5, , ,N,0,0,0,3,0,1,1,1,N,N,39 56:47.966,75 11:54.195,139, ,138,1,2,1,N, ,0,Y, , , , , , , , ,1,1,0,0,0,0,0,0,0,0,0,0,1,1,0,0,0,0,0,0,0,0,0,0,0,0,0,0,0,0,0,0,0,0,0,8,0,39.9467,-75.1984, , 
61766,714365,2012076158,6,67,67301,2012,7,1,1805,18,1,1,0,1,1, , ,N,0,0,0,3,0,0,2,2,N,N,39 58:38.856,75 06:44.132,1808, ,1806,1,1,1,N, ,0,N, , , , , , , , ,2,1,0,0,1,0,0,0,0,0,0,0,0,0,0,0,0,0,0,0,0,0,0,0,0,0,0,0,0,0,0,0,0,0,0,0,1,39.9774,-75.1124, , 
61767,714371,2012080810,6,67,67301,2012,7,5,520,5,5,1,0,5,1, , ,N,1,2,0,3,0,1,2,2,N, ,40 01:32.421,75 01:53.914,538, ,533, ,0, , , ,3, , , , , , , , , ,2,1,1,0,0,0,0,0,0,0,0,1,1,0,0,0,0,0,0,0,1,0,0,0,0,0,0,0,0,0,0,0,0,0,0,4,0,40.0257,-75.0316, , 
61768,714380,2012075962,6,67,67301,2012,6,5,1245,12,1,1,0,4,1, , ,N,1,2,0,3,0,2,5,3,N, ,40 02:30.933,75 07:26.313,1252, ,1248,2,2,5, , ,3,Y, , , , , , , , ,3,1,0,0,0,0,1,1,0,0,0,2,2,0,0,0,0,0,0,0,1,0,0,0,0,0,0,0,0,0,0,0,0,0,0,4,0,40.0419,-75.124, , 
61769,714384,2012078193,6,67,67301,2012,6,7,2303,23,3,1,0,7,4, , ,N,0,0,0,3,0,1,1,1,N,N,40 00:09.097,75 09:27.536,2315, ,2303, ,0, ,N, ,0, , , , , , , , , ,1,1,0,0,0,0,0,0,0,0,0,0,1,1,0,0,0,0,0,0,0,0,0,0,0,0,0,0,0,0,0,0,0,0,0,8,0,40.0025,-75.1576, , 
61770,714400,2012105712,6,67,67301,2012,10,5,1642,16,1,1,0,1,1, , ,N,0,0,0,3,0,0,2,2,N,N,39 57:25.883,75 09:26.700,1701, ,1645, ,0, ,N, ,0, , , , , , , , , ,2,1,0,0,0,0,1,0,0,0,0,0,0,0,0,0,0,0,0,0,1,0,0,0,0,0,0,0,0,0,0,0,0,0,0,0,0,39.9572,-75.1574, , 
61771,714404,2012109668,6,67,67301,2012,10,3,1721,17,1,2,1,7,2, , ,N,0,0,0,3,0,0,1,1,N,N,40 05:05.575,75 12:58.698,1830, ,1824,2,2,3,N, ,0,N, , , , , , , , ,1,0,0,0,0,0,1,0,0,0,0,0,0,0,0,0,0,0,0,0,0,0,0,0,0,0,0,0,0,0,0,0,0,0,0,0,0,40.0849,-75.2163, , 
61772,714413,2012060783,6,67,67301,2012,5,5,2355,23,3,1,0,4,1, , ,N,1,2,0,3,0,2,2,2,N,N,39 56:28.421,75 12:33.849,5, ,2357, ,0, ,N, ,3, , , , , , , , , ,2,2,0,0,0,0,0,0,0,0,0,0,2,2,0,0,0,0,0,0,0,0,0,0,0,0,0,0,0,0,0,0,0,0,0,8,0,39.9412,-75.2094, , 
61773,714433,2012096028,6,67,67301,2012,8,5,853,8,1,1,0,7,4, , ,N,0,0,0,3,1,1,2,1,N,N,39 56:52.015,75 13:51.695,905, ,902,3,1,6,N,0,0,N, , , , , , , , ,1,1,0,0,0,0,0,0,0,0,0,0,1,1,0,0,0,0,0,0,0,1,0,2,1,0,0,0,0,0,0,0,0,0,0,1,0,39.9478,-75.231,2, 
61774,714443,2012114861,6,67,67301,2012,10,1,1000,10,1,1,0,4,1, , ,N,1,2,0,3,0,3,5,2,N,N,40 01:48.464,75 02:06.579,1003, ,1003, ,0, ,N, ,3, , , , , , , , , ,2,2,0,0,0,0,0,0,0,0,0,2,2,0,0,0,0,0,1,0,0,0,0,0,0,0,0,0,0,0,0,0,0,0,0,4,0,40.0301,-75.0352, , 
61775,714446,2012120093,6,67,67301,2012,10,6,850,8,1,1,0,8,1, , ,N,0,0,0,3,0,1,2,2,N, ,39 58:09.120,75 09:47.925,855, ,852, ,0, , , ,0, , , , , , , , , ,1,0,0,0,0,1,0,0,0,0,0,1,1,0,0,0,0,0,0,0,1,0,0,0,0,0,0,0,0,0,0,0,1,0,0,4,1,39.9692,-75.1633, , 
61776,714462,2012060752,6,67,67301,2012,5,5,430,4,3,2,1,7,2, , ,N,1,2,0,3,0,1,1,1,N,N,40 02:12.343,75 02:27.405,432, ,430, ,0, ,N, ,3, , , , , , , , , ,1,0,0,0,1,0,0,0,0,1,0,0,1,0,0,0,0,0,0,0,0,0,0,0,0,0,0,0,0,0,0,0,0,0,0,2,0,40.0368,-75.0407, , 
61777,714470,2012073473,6,67,67301,2012,6,7,2306,23,3,1,0,4,1, , ,N,1,2,0,3,0,6,7,2,N,N,40 01:26.923,75 07:59.564,2325, ,2306,2,2,2,N, ,3,Y, , , , , , , , ,2,1,0,0,0,0,1,0,0,0,0,6,6,0,0,0,0,0,0,0,0,0,0,0,0,0,0,0,0,0,0,0,0,0,0,4,0,40.0242,-75.133, , 
61778,714481,2012080833,6,67,67301,2012,7,7,200,2,3,1,0,6,6, , ,N,0,0,0,3,0,0,1,5,N,N,39 56:59.699,75 12:13.666,206, ,204, ,0, ,N, ,0, , , , , , , , , ,5,5,0,0,0,0,0,0,0,0,0,0,0,0,0,0,0,0,0,0,0,0,0,0,0,0,0,0,0,0,0,0,0,0,0,0,0,39.9499,-75.2038, , 
61779,714482,2012082540,6,67,67301,2012,8,7,959,9,1,1,0,5,1, , ,N,0,0,0,3,0,1,2,2,N,N,39 57:08.951,75 08:29.338,1010, ,1001, ,0, ,N, ,0, , , , , , , , , ,2,1,0,0,1,0,0,0,0,0,0,1,1,0,0,0,0,0,0,0,1,1,0,0,0,0,0,0,0,0,0,0,0,0,0,4,0,39.9525,-75.1415, , 
61780,714485,2012085863,6,67,67301,2012,7,4,239,2,3,1,0,7,6, , ,N,0,0,0,3,0,0,0,2,N,N,39 59:35.826,75 09:34.851,241, ,239, ,0, ,N, ,0, , , , , , , , , ,2,1,0,0,0,0,1,0,0,0,0,0,0,0,0,0,0,0,0,0,0,0,0,0,0,0,0,0,0,0,0,0,0,0,0,9,0,39.9933,-75.1597, , 
61781,714495,2012093489,6,67,67301,2012,9,7,122,1,3,1,0,1,1,2,2,Y,0,8,0,3,0,1,1,2,N,N,39 59:36.267,75 11:59.905,122,50,122,3,1,3,N, ,3,N,Y,N,N,Y,Y,N,N,Y,2,0,0,0,0,0,1,0,0,0,0,0,1,1,0,0,0,0,1,0,0,0,0,0,0,0,0,0,0,0,0,0,0,0,0,8,1,39.9934,-75.2, , 
61782,714497,2012099022,6,67,67301,2012,9,6,9999,99,1,1,0,4,1, , ,N,1,2,0,3,0,1,6,2,N,N,40 01:36.631,75 07:01.363,1335, ,1331,2,1,6,N, ,3,N, , , , , , , , ,3,2,0,0,0,0,0,1,0,0,0,0,1,1,0,0,0,0,1,0,1,0,0,0,0,0,0,0,0,0,0,0,0,0,0,8,0,40.0268,-75.117, , 
61783,708228,2012104230,6,67,67301,2012,9,7,1415,14,1,1,0,1,1, , ,N,0,0,0,3,0,0,4,3,N,N,40 01:51.798,75 07:27.753,1520, ,1510,2,1,2,N, ,0,Y, , , , , , , , ,3,2,0,0,0,0,1,0,0,0,0,0,0,0,3,0,0,0,0,0,2,0,0,0,0,0,0,0,0,0,0,0,0,0,0,9,0,40.0311,-75.1244, , 
61784,708239,2012122330,6,67,67301,2012,11,3,655,6,1,1,0,4,1, , ,N,0,0,7,3,0,1,2,2,N,N,39 56:52.814,75 14:51.901,708, ,704, ,0, ,N, ,0, , , , , , , , , ,2,1,0,0,0,0,0,1,0,0,0,0,1,1,0,0,0,0,0,0,2,0,0,0,0,0,0,0,0,0,0,0,0,0,0,8,0,39.948,-75.2478, , 
61785,708255,2012066486,6,67,67301,2012,6,1,2245,22,3,1,0,8,1, , ,N,0,0,0,3,0,1,2,2,N,N,40 01:43.140,75 08:11.660,9999, ,9999, ,0, ,N, ,0, , , , , , , , , ,1,0,0,0,0,0,0,0,0,0,0,1,1,0,0,0,0,0,0,0,0,0,0,0,0,0,0,0,0,0,0,0,1,0,0,4,0,40.0287,-75.1366, , 
61786,708259,2012068768,6,67,67301,2012,6,1,255,2,3,1,0,4,1, , ,N,0,0,0,3,0,0,2,2,N,N,40 01:41.307,75 06:35.078,312, ,300, ,0, ,N, ,0, , , , , , , , , ,2,2,0,0,0,0,0,0,0,0,0,0,0,0,0,0,0,0,0,0,0,0,0,1,0,0,0,0,0,0,0,0,0,0,0,0,0,40.0281,-75.1097, , 
61787,708286,2012095575,6,67,67301,2012,8,5,1908,19,1,1,0,9,1, , ,N,1,2,0,3,0,1,2,2,N,N,40 03:02.755,75 08:55.321,1955, ,1952, ,0, ,N, ,3, , , , , , , , , ,2,0,0,0,0,0,1,1,0,0,0,1,1,0,0,0,0,0,0,1,1,0,0,0,0,0,0,0,0,0,0,0,0,0,0,4,0,40.0507,-75.1487, , 
61788,708294,2012069331,6,67,67301,2012,6,3,1040,10,1,1,0,1,1, , ,N,1,0,0,3,0,4,5,2,N,N,39 57:48.751,75 08:52.112,1040, ,1040, ,0, ,N, ,0, , , , , , , , , ,2,1,0,0,0,0,1,0,0,0,0,0,4,4,0,0,0,0,0,0,0,0,0,0,0,0,0,0,0,0,0,0,0,0,0,8,0,39.9635,-75.1478, , 
61789,708301,2012073577,6,67,67301,2012,6,6,9999,99,1,1,0,5,1, , ,N,1,0,0,3,0,1,2,2,N,N,40 00:15.609,75 07:41.037,1810, ,1800, ,0, , , ,0, , , , , , , , , ,2,2,0,0,0,0,0,0,0,0,0,1,1,0,0,0,0,0,0,0,1,0,0,0,0,0,0,0,0,0,0,0,0,0,0,4,0,40.0043,-75.1281, , 
61790,708306,2012078155,6,67,67301,2012,7,6,2132,21,3,1,0,4,1, , ,N,1,3,0,3,0,1,3,2,N,N,40 04:41.750,75 10:07.741,2157, ,2154, ,0, ,N, ,3, , , , , , , , , ,2,2,0,0,0,0,0,0,0,0,0,1,1,0,1,0,0,0,0,0,1,0,0,0,0,0,0,0,0,0,0,0,0,0,0,4,0,40.0783,-75.1688, , 
61791,708307,2012078988,6,67,67301,2012,6,7,2124,21,3,1,0,5,1, , ,N,0,0,0,3,0,3,6,2,N,N,39 59:23.119,75 09:00.021,2132, ,2132, ,0, ,N, ,0, , , , , , , , , ,2,1,0,1,0,0,0,0,0,0,0,3,3,0,1,0,0,0,0,0,0,0,0,4,0,0,0,0,0,0,0,0,0,0,0,4,1,39.9898,-75.15, , 
61792,708313,2012086644,6,67,67301,2012,8,1,1753,17,1,1,0,1,1, , ,N,0,2,0,3,0,1,2,2,N,N,39 58:27.454,75 09:26.031,1758, ,1755, ,0, ,N, ,3, , , , , , , , , ,1,1,0,0,0,0,0,0,0,0,0,1,1,0,0,0,0,0,0,0,0,0,0,0,0,0,0,0,0,0,0,0,1,0,0,4,0,39.9743,-75.1572, , 
61793,708324,2012099016,6,67,67301,2012,9,6,1132,11,1,1,0,2,1, , ,N,0,0,0,3,0,1,2,2,N,N,40 00:57.481,75 07:46.437,1133, ,1132, ,0, ,N, ,0, , , , , , , , , ,2,1,0,0,0,0,1,0,0,0,0,1,1,0,0,0,0,0,0,0,1,0,0,0,0,0,0,0,0,0,0,0,0,0,0,4,0,40.016,-75.1296, , 
61794,708331,2012109719,6,67,67301,2012,10,6,110,1,3,1,0,6,1, , ,N,1,2,0,3,0,2,3,3,N,N,39 58:13.274,75 14:08.548,125, ,120,3,2,5,Y, ,9,Y, , , , , , , , ,3,3,0,0,0,0,0,0,0,0,0,0,2,2,1,0,0,0,0,0,0,0,0,0,0,0,0,0,0,0,0,0,0,0,0,8,0,39.9704,-75.2357, , 
61795,708339,2012058158,6,67,67301,2012,6,3,742,7,1,1,0,1,1, , ,N,0,0,0,3,0,1,2,2,N,N,39 56:45.843,75 11:22.861,757, ,744, ,0, ,N, ,0, , , , , , , , , ,2,1,0,0,0,0,1,0,0,0,0,1,1,0,0,0,0,0,0,0,0,0,0,0,0,0,0,0,0,0,0,0,0,0,0,4,0,39.9461,-75.1897, , 
61796,708355,2012085329,6,67,67301,2012,7,4,1900,19,1,1,0,1,1, , ,N,0,0,0,3,0,0,6,4,N,N,39 57:41.887,75 08:23.122,1910, ,1908,2,1,1, , ,0,N, , , , , , , , ,4,2,0,0,0,0,2,0,0,0,0,0,0,0,1,0,0,0,0,0,1,0,0,0,0,0,0,0,0,0,0,0,0,0,0,9,0,39.9615,-75.1398, , 
61797,708405,2012096047,6,67,67301,2012,8,6,1545,15,1,1,0,4,1, , ,N,1,2,0,3,0,1,2,2,N,N,40 05:49.711,75 01:05.375,1548, ,1546, ,0, ,N, ,3, , , , , , , , , ,1,1,0,0,0,0,0,0,1,0,0,1,1,0,0,0,0,0,0,0,0,0,0,0,0,0,0,0,0,0,0,0,0,0,0,4,0,40.0971,-75.0182, , 
61798,708406,2012098290,6,67,67301,2012,8,2,947,9,1,2,1,8,1, , ,N,1,2,0,3,0,1,2,2,N, ,39 58:10.092,75 08:22.485,1023, ,1021, ,0, , , ,3, , , , , , , , , ,1,0,0,0,1,0,0,0,0,0,1,0,1,0,0,0,0,0,0,0,0,0,0,0,0,0,0,0,0,0,0,0,1,0,0,3,0,39.9695,-75.1395, , 
61799,708407,2012098445,6,67,67301,2012,9,1,1719,17,1,1,0,4,1, , ,N,1,2,0,3,0,0,3,2,N,N,40 00:38.808,75 07:35.921,1725, ,1722, ,0, ,N, ,3, , , , , , , , , ,2,1,0,0,0,0,0,1,0,0,0,0,0,0,0,0,0,0,0,0,1,0,0,0,0,0,0,0,0,0,0,0,0,0,0,0,0,40.0108,-75.1266, , 
61800,708437,2012057522,6,67,67301,2012,5,2,1647,16,1,1,0,4,1, , ,N,1,3,0,3,0,1,2,2,N,N,40 01:13.807,75 07:55.541,1649, ,1648, ,0, ,N, ,3, , , , , , , , , ,1,1,0,0,0,0,0,0,1,0,0,1,1,0,0,0,0,0,0,0,0,0,0,0,0,0,0,0,0,0,0,0,0,0,0,4,0,40.0205,-75.1321, , 
61801,711211,2012125177,6,67,67301,2012,11,3,1926,19,3,1,0,1,1, , ,N,0,0,0,3,0,2,3,3,N,N,39 54:43.964,75 08:55.433,1934, ,1928,2,2,2,N, ,0,N, , , , , , , , ,3,0,0,0,1,0,1,0,0,1,0,1,2,0,1,0,0,0,0,0,0,0,0,0,0,0,0,1,0,0,0,0,0,0,0,2,0,39.9122,-75.1487, , 
61802,711214,2012127158,6,67,67301,2012,12,5,2347,23,3,1,0,7,2,1,4,Y,0,0,0,3,0,0,3,2,N,N,39 58:00.897,75 08:01.752,4,55,2348,1,1,1,N, ,0,N,Y,N,N,Y,Y,N,N,Y,2,1,0,0,0,0,1,0,0,0,0,0,0,0,0,0,0,0,0,0,0,0,0,0,0,0,0,0,0,0,0,0,0,0,0,0,0,39.9669,-75.1339, , 
61803,711219,2013003989,6,67,67301,2012,12,1,1848,18,3,2,1,4,1, , ,N,0,0,0,3,0,1,2,3,N,N,40 02:32.878,75 01:30.735,1905, ,1852,2,1,1,N, ,0,N, , , , , , , , ,3,2,0,0,1,0,0,0,0,0,0,0,1,1,1,0,0,0,0,0,2,0,0,0,0,0,0,0,0,0,0,0,0,0,0,8,0,40.0425,-75.0252, , 
61804,711220,2013004377,6,67,67301,2012,12,3,1848,18,3,1,0,2,1, , ,N,0,0,0,3,0,0,2,2,N,N,40 05:13.318,75 02:08.531,1851, ,1849,1,1,5,N, ,0,N, , , , , , , , ,2,2,0,0,0,0,0,0,0,0,0,0,0,0,0,0,0,0,0,0,1,0,1,0,0,0,0,0,0,0,0,0,0,0,0,0,0,40.087,-75.0357, , 
61805,711236,2012066615,6,67,67301,2012,5,5,1600,16,1,1,0,4,1, , ,N,1,2,0,3,0,1,2,2,N,N,39 59:23.971,75 13:09.663,1640, ,1630, ,0, ,N, ,3, , , , , , , , , ,2,2,0,0,0,0,0,0,0,0,0,1,1,0,0,0,0,0,0,0,0,0,1,0,0,0,0,0,0,0,0,0,0,0,0,4,0,39.99,-75.2194, , 
61806,711249,2012068834,6,67,67301,2012,6,3,1139,11,1,2,1,4,1, , ,N,1,2,0,3,0,1,4,2,N,N,39 59:16.393,75 07:24.428,1148, ,1139, ,0, ,N, ,3, , , , , , , , , ,2,1,0,0,1,0,0,0,0,0,0,1,1,0,0,0,0,0,0,0,0,0,0,0,0,0,0,0,0,0,0,0,0,0,0,4,0,39.9879,-75.1235, , 
61807,711252,2012074439,6,67,67301,2012,7,2,1426,14,1,1,0,5,1, , ,N,0,0,0,3,0,1,6,2,N,N,40 01:15.212,75 02:30.549,1435, ,1428,1,1,1,N, ,0,N, , , , , , , , ,2,0,0,0,0,1,1,0,0,0,0,0,1,1,0,0,0,0,0,0,0,0,0,0,0,0,0,0,0,0,0,0,0,0,0,8,1,40.0208,-75.042, , 
61808,711255,2012078640,6,67,67301,2012,7,5,1620,16,1,1,0,8,2, , ,N,0,0,0,3,0,1,2,2,N, ,39 56:02.216,75 10:33.110,1725, ,1720, ,0, , , ,0, , , , , , , , , ,1,1,0,0,0,0,0,0,0,0,0,1,1,0,1,0,0,0,0,0,0,0,0,0,0,0,0,0,0,0,0,0,1,0,0,4,0,39.9339,-75.1759, , 
61809,711257,2012080760,6,67,67301,2012,7,3,208,2,3,1,0,9,1, , ,N,1,2,0,3,0,1,3,2,N, ,39 57:27.542,75 09:44.544,211, ,209, ,0, , , ,3, , , , , , , , , ,2,2,0,0,0,0,0,0,0,0,0,1,1,0,0,0,0,0,0,0,0,0,0,0,0,0,0,0,0,0,0,0,0,0,0,4,0,39.9577,-75.1624, , 
61810,711265,2012091012,6,67,67301,2012,9,2,1338,13,1,2,1,5,1, , ,N,0,0,0,3,0,0,4,2,N,N,39 56:56.125,75 08:31.035,1344, ,1340, ,0, ,N, ,0, , , , , , , , , ,2,1,0,0,0,0,1,0,0,0,0,0,0,0,0,0,0,0,0,0,0,0,0,1,0,0,0,0,0,0,0,0,0,0,0,0,0,39.9489,-75.142, , 
61811,711269,2012095428,6,67,67301,2012,8,4,1710,17,1,1,0,8,1, , ,N,1,2,0,3,0,1,2,2,N,N,39 59:45.578,75 08:01.967,2040, ,2040, ,0, , , ,3, , , , , , , , , ,1,1,0,0,0,0,0,0,0,0,0,1,1,0,0,0,0,0,0,0,0,0,0,0,0,0,0,0,0,0,0,0,1,0,0,4,0,39.996,-75.1339, , 
61812,711270,2012095524,6,67,67301,2012,8,6,905,9,1,1,0,4,1, , ,N,1,0,0,3,0,0,4,4,N, ,39 57:09.900,75 13:56.938,912, ,912, ,0, , , ,0, , , , , , , , , ,4,2,0,0,0,0,2,0,0,0,0,0,0,0,0,0,0,0,0,0,0,0,0,0,0,0,0,0,0,0,0,0,0,0,0,0,0,39.9528,-75.2325, , 
61813,711281,2012060650,6,67,67301,2012,5,5,1150,11,1,1,0,4,1, , ,N,1,2,2,3,0,0,2,2,N, ,39 57:28.354,75 09:50.944,1215, ,1211,1,1,3, , ,3,N, , , , , , , , ,2,1,0,0,0,0,1,0,0,0,0,0,0,0,0,0,0,0,0,0,0,0,0,0,0,0,0,0,0,0,0,0,0,0,0,0,0,39.9579,-75.1641, , 
61814,711309,2012078467,6,67,67301,2012,6,1,1600,16,1,1,0,4,1, , ,N,0,0,0,3,0,1,2,2,N,N,39 55:10.398,75 13:28.671,1720, ,1718, ,0, , , ,0, , , , , , , , , ,1,1,0,0,0,0,0,0,1,0,0,1,1,0,0,0,0,0,0,0,0,0,0,0,0,0,0,0,0,0,0,0,0,0,0,4,0,39.9196,-75.2246, , 
61815,711319,2012088541,6,67,67301,2012,8,6,1125,11,1,1,0,4,1, , ,N,1,2,0,3,0,1,2,2,N,N,40 00:31.666,75 08:51.441,1140, ,1130, ,0, , , ,3, , , , , , , , , ,1,1,0,0,0,0,0,0,1,0,0,0,1,1,0,0,0,0,0,0,0,1,0,0,0,0,0,0,0,0,0,0,0,0,0,8,0,40.0088,-75.1476, , 
61816,711341,2012078157,6,67,67301,2012,6,5,1946,19,4,1,0,7,5, , ,N,1,3,0,3,0,1,1,1,N, ,39 55:07.184,75 14:48.818,1955, ,1949,3,1,3, , ,3,Y, , , , , , , , ,1,1,0,0,0,0,0,0,0,0,0,1,1,0,0,0,0,0,0,0,0,0,0,0,0,0,0,0,0,0,0,0,0,0,0,4,0,39.9187,-75.2469, , 
61817,711365,2012109907,6,67,67301,2012,10,4,2335,23,3,1,0,5,1, , ,N,0,0,0,3,0,0,5,3,N,N,39 55:13.488,75 13:41.520,32, ,2135, ,0, ,N, ,0, , , , , , , , , ,3,3,0,0,0,0,0,0,0,0,0,0,0,0,0,0,0,0,0,0,1,0,0,0,0,0,0,0,0,0,0,0,0,0,0,0,0,39.9204,-75.2282, , 
61818,711394,2012085837,6,67,67301,2012,7,7,1047,10,1,1,0,7,5, , ,N,0,0,0,3,0,1,2,1,N, ,40 02:31.182,75 10:59.469,1058, ,1049, ,0, , , ,0, , , , , , , , , ,1,1,0,0,0,0,0,0,0,0,0,1,1,0,0,0,0,0,0,0,0,0,1,0,0,0,0,0,0,0,0,0,0,0,0,4,0,40.042,-75.1832, , 
61819,714508,2012066703,6,67,67301,2012,5,5,9999,99,3,1,0,4,2, , ,N,0,0,0,3,0,2,4,2,N,N,40 02:19.707,75 04:01.759,2110, ,2103, ,0, ,N, ,0, , , , , , , , , ,2,1,0,0,1,0,0,0,0,0,0,0,2,2,1,0,0,0,0,0,1,0,0,0,0,0,0,0,0,0,0,0,0,0,0,8,0,40.0388,-75.0672, , 
61820,714509,2012067096,6,67,67301,2012,5,2,938,9,1,1,0,4,1, , ,N,0,0,0,3,0,1,3,3,N,N,39 58:03.743,75 07:42.209,941, ,939,2,1,1,N, ,0,N, , , , , , , , ,3,3,0,0,0,0,0,0,0,0,0,1,1,0,1,0,0,0,0,0,1,0,0,0,0,0,0,0,0,0,0,0,0,0,0,4,0,39.9677,-75.1284, , 
61821,714517,2012078368,6,67,67301,2012,6,3,1525,15,1,1,0,1,1, , ,N,0,2,0,3,0,4,5,4,N,N,40 01:16.497,75 08:22.633,1535, ,1529, ,0, ,N, ,3, , , , , , , , , ,4,3,0,0,0,0,0,1,0,0,0,2,4,2,0,0,0,0,0,0,1,0,0,0,0,0,0,0,0,0,0,0,0,0,0,4,0,40.0212,-75.1396, , 
61822,714541,2012104089,6,67,67301,2012,9,7,1645,16,1,1,0,9,1, , ,N,0,0,0,3,0,2,2,1,N,N,39 54:33.425,75 11:35.669,1655, ,1653, ,0, ,N, ,0, , , , , , , , , ,1,1,0,0,0,0,0,0,0,0,0,0,2,2,0,0,0,0,0,0,0,0,0,0,0,0,0,0,0,0,0,0,0,0,0,8,0,39.9093,-75.1932, , 
61823,714552,2012117291,6,67,67301,2012,10,7,1157,11,1,1,0,1,1, , ,N,0,0,0,3,0,1,3,3,N, ,40 02:34.868,75 01:25.226,1202, ,1159, ,0, , , ,0, , , , , , , , , ,3,3,0,0,0,0,0,0,0,0,0,0,1,1,0,0,0,0,0,0,2,0,0,0,0,0,0,0,0,0,0,0,0,0,0,8,0,40.043,-75.0237, , 
61824,714575,2012109734,6,67,67301,2012,9,4,1735,17,1,2,1,6,5, , ,N,1,2,0,3,0,0,1,3,N,N,39 58:49.602,75 14:21.875,1736, ,1735, ,0, ,N, ,3, , , , , , , , , ,3,0,0,0,1,0,1,1,0,0,0,0,0,0,0,0,0,0,0,0,0,0,0,0,0,0,0,0,0,0,0,0,0,0,0,0,0,39.9804,-75.2394, , 
61825,714594,2012123456,6,67,67301,2012,11,3,1926,19,3,1,0,7,5, , ,N,0,0,0,3,0,2,2,1,N,N,39 54:47.813,75 08:54.470,1934, ,1928,2,2,2,N, ,0,N, , , , , , , , ,1,1,0,0,0,0,0,0,0,0,2,0,2,0,0,0,0,0,0,0,0,0,0,0,0,0,0,0,0,0,0,0,0,0,0,3,0,39.9133,-75.1485, , 
61826,714607,2012060784,6,67,67301,2012,5,3,1745,17,1,1,0,4,1, , ,N,0,0,7,3,0,1,3,2,N,N,40 05:26.013,74 57:49.192,1800, ,1751, ,0, ,N, ,0, , , , , , , , , ,2,1,0,0,0,0,1,0,0,0,0,0,1,1,0,0,0,0,0,0,0,0,0,0,0,0,0,0,0,0,0,0,0,0,0,8,0,40.0906,-74.9637, , 