objectid_1,objectid,crn,district,county,municipality,crash_year,crash_month,day_of_week,time_of_day,hour_of_day,illumination,weather,road_condition,collision_type,relation_to_road,work_zone_type,work_zone_loc,work_zone_ind,intersect_type,tcd_type,location_type,urban_rural,fatal_count,injury_count,person_count,total_units,sch_bus_ind,sch_zone_ind,latitude,longitude,arrival_tm,cons_zone_spd_lim,dispatch_tm,est_hrs_closed,lane_closed,ln_close_dir,ntfy_hiwy_maint,spec_juris_cd,tcd_func_cd,tfc_detour_ind,workers_pres,wz_close_detour,wz_flagger,wz_law_offcr_ind,wz_ln_closure,wz_moving,wz_other,wz_shlder_mdn,vehicle_count,automobile_count,motorcycle_count,bus_count,small_truck_count,heavy_truck_count,suv_count,van_count,bicycle_count,maj_inj_count,mod_inj_count,min_inj_count,tot_inj_count,unk_inj_deg_count,unk_inj_per_count,driver_count_16yr,driver_count_17yr,driver_count_18yr,driver_count_19yr,driver_count_20yr,driver_count_50_64yr,driver_count_65_74yr,driver_count_75plus,unbelted_occ_count,unb_death_count,unb_maj_inj_count,belted_death_count,belted_maj_inj_count,mcycle_death_count,mcycle_maj_inj_count,bicycle_death_count,bicycle_maj_inj_count,ped_count,ped_death_count,ped_maj_inj_count,max_severity_level,comm_veh_count,dec_lat,dec_long,rdwy_surf_type_cd,county_name
61827,714611,2012066638,6,67,67301,2012,6,5,2335,23,3,1,0,4,1, , ,N,1,2,0,3,0,0,7,2,N,N,39 57:48.112,75 11:14.766,2335, ,2335, ,0, ,N, ,3, , , , , , , , , ,2,1,0,0,1,0,0,0,0,0,0,0,0,0,0,0,0,0,0,0,0,0,0,0,0,0,0,0,0,0,0,0,0,0,0,0,0,39.9634,-75.1874, , 
61828,714623,2012098983,6,67,67301,2012,8,7,227,2,3,1,0,9,1, , ,N,1,3,0,3,0,1,4,2,N,N,39 59:09.214,75 08:26.049,249, ,242, ,0, ,N, ,3, , , , , , , , , ,2,2,0,0,0,0,0,0,0,0,0,1,1,0,0,0,0,0,0,0,0,0,0,0,0,0,0,0,0,0,0,0,0,0,0,4,0,39.9859,-75.1406, , 
61829,714638,2012114357,6,67,67301,2012,10,1,238,2,3,1,0,4,1, , ,N,1,2,0,3,0,0,5,4,N, ,39 58:18.644,75 14:41.701,9999, ,0,2,2,5, , ,3,Y, , , , , , , , ,4,4,0,0,0,0,0,0,0,0,1,1,2,0,0,0,0,0,0,0,1,0,0,0,0,0,0,0,0,0,0,0,0,0,0,3,0,39.9719,-75.2448, , 
61830,714662,2012060822,6,67,67301,2012,5,5,800,8,1,1,0,2,1, , ,N,0,0,0,3,0,1,2,2,N,N,40 00:48.077,75 05:50.736,810, ,803, ,0, ,N, ,0, , , , , , , , , ,2,1,0,0,0,1,0,0,0,0,0,1,1,0,0,0,0,0,0,0,1,0,0,0,0,0,0,0,0,0,0,0,0,0,0,4,0,40.0132,-75.0975, , 
61831,714667,2012066506,6,67,67301,2012,5,6,1958,19,1,1,0,5,1, , ,N,0,0,0,3,0,1,2,2,N,N,39 57:18.582,75 11:10.103,2014, ,2013, ,0, ,N, ,0, , , , , , , , , ,1,0,0,0,1,0,0,0,1,0,1,0,1,0,0,0,0,0,0,0,1,0,0,0,0,0,0,0,0,0,0,0,0,0,0,3,0,39.9552,-75.1861, , 
61832,714676,2012076042,6,67,67301,2012,6,7,9999,99,8,1,0,8,1, , ,N,2,0,0,3,0,1,3,2,N, ,40 01:08.976,75 07:59.876,2055, ,2048, ,0, , , ,0, , , , , , , , , ,1,1,0,0,0,0,0,0,0,0,1,0,1,0,0,0,0,0,0,0,0,0,0,0,0,0,0,0,0,0,0,0,1,0,0,3,0,40.0192,-75.1333, , 
61833,714698,2012117264,6,67,67301,2012,10,2,845,8,1,1,0,4,1, , ,N,1,4,0,3,0,1,1,2,N, ,40 00:37.677,75 08:10.298,850, ,845, ,0, , , ,3, , , , , , , , , ,2,2,0,0,0,0,0,0,0,0,0,1,1,0,0,0,0,0,0,0,0,0,0,1,0,0,0,0,0,0,0,0,0,0,0,4,0,40.0105,-75.1362, , 
61834,714699,2012068879,6,67,67301,2012,6,2,1117,11,1,1,0,4,2, , ,N,0,0,0,3,0,0,1,2,N,N,40 01:48.716,75 10:12.946,1130, ,1120, ,0, , , ,0, , , , , , , , , ,2,1,0,0,0,0,1,0,0,0,0,0,0,0,0,0,0,0,0,0,0,0,0,0,0,0,0,0,0,0,0,0,0,0,0,0,0,40.0302,-75.1703, , 
61835,714717,2012081101,6,67,67301,2012,8,5,824,8,1,1,0,7,3, , ,N,0,0,0,3,0,1,1,1,N,N,39 53:58.958,75 09:46.939,832, ,824,1,1,2,N, ,0,N, , , , , , , , ,1,1,0,0,0,0,0,0,0,0,0,1,1,0,0,0,0,0,0,0,0,0,0,0,0,0,0,0,0,0,0,0,0,0,0,4,0,39.8997,-75.163, , 
61836,714731,2012099908,6,67,67301,2012,9,4,217,2,3,1,0,7,2, , ,N,0,0,0,3,0,1,1,1,N,N,40 01:26.765,75 01:54.103,232, ,228, ,0, ,N, ,0, , , , , , , , , ,1,1,0,0,0,0,0,0,0,0,0,1,1,0,0,0,0,0,0,0,0,0,0,0,0,0,0,0,0,0,0,0,0,0,0,4,0,40.0241,-75.0317, , 
61837,714732,2012102835,6,67,67301,2012,10,4,1804,18,1,1,0,7,2, , ,N,6,0,2,3,0,0,1,1,N,N,39 57:06.095,75 08:29.301,1818, ,1808,1,1,1,N, ,0,N, , , , , , , , ,1,1,0,0,0,0,0,0,0,0,0,0,0,0,0,0,0,0,0,0,0,0,0,0,0,0,0,0,0,0,0,0,0,0,0,0,0,39.9517,-75.1415, , 
61838,720013,2012083310,6,67,67301,2012,8,5,1530,15,1,1,0,8,3, , ,N,1,2,0,3,0,1,1,2,N,N,40 01:16.921,75 08:54.965,1700, ,1657, ,0, , , ,3, , , , , , , , , ,1,1,0,0,0,0,0,0,0,0,0,1,1,0,0,0,0,0,0,0,0,0,0,0,0,0,0,0,0,0,0,0,1,0,0,4,0,40.0214,-75.1485, , 
61839,720044,2012120659,6,67,67301,2012,11,5,743,7,1,1,0,1,1, , ,N,0,0,0,3,0,1,2,2,N,N,39 52:37.824,75 15:15.111,807, ,752, ,0, ,Y, ,0, , , , , , , , , ,2,2,0,0,0,0,0,0,0,0,0,1,1,0,0,0,0,0,0,0,0,0,0,0,0,0,0,0,0,0,0,0,0,0,0,4,0,39.8772,-75.2542, , 
61840,720052,2012060925,6,67,67301,2012,6,5,1532,15,1,1,0,1,1, , ,N,0,0,0,3,0,1,3,3,N,N,39 58:47.259,75 06:24.842,1552, ,1536,2,1,2,N, ,0,N, , , , , , , , ,3,3,0,0,0,0,0,0,0,0,0,0,1,1,0,0,0,0,0,0,1,0,0,0,0,0,0,0,0,0,0,0,0,0,0,8,0,39.9798,-75.1069, , 
61841,720088,2012114349,6,67,67301,2012,10,7,9999,99,3,1,1,4,1, , ,N,1,2,0,3,0,6,9,3,N,N,40 00:16.549,75 10:36.938,9999, ,9999,3,1,6,N, ,3,Y, , , , , , , , ,3,2,0,0,0,0,1,0,0,0,0,6,6,0,1,0,0,0,0,0,1,0,0,0,0,0,0,0,0,0,0,0,0,0,0,4,0,40.0047,-75.1769, , 
61842,720098,2012060815,6,67,67301,2012,5,6,1125,11,1,1,0,8,1, , ,N,1,2,0,3,0,1,2,2,N,N,39 57:37.620,75 14:28.063,1127, ,1126, ,0, ,N, ,3, , , , , , , , , ,1,0,0,0,0,0,0,0,0,0,0,0,1,1,0,0,0,0,0,0,0,0,0,0,0,0,0,0,0,0,0,0,1,0,0,8,0,39.9605,-75.2411, , 
61843,720100,2012064002,6,67,67301,2012,4,2,1708,17,1,2,1,4,1, , ,N,1,2,0,3,0,1,5,3,N, ,39 59:40.373,75 09:33.635,1717, ,1716,3,2,6, , ,3,Y, , , , , , , , ,2,1,0,0,0,0,1,0,0,0,1,0,1,0,0,0,1,0,0,0,0,0,0,0,0,0,0,0,0,0,0,0,1,0,0,3,0,39.9945,-75.1593, , 
61844,720106,2012063951,6,67,67301,2012,5,3,1928,19,1,1,0,8,1, , ,N,1,2,0,3,0,1,2,2,N,N,39 59:29.432,75 09:36.226,1929, ,1928, ,0, , , ,3, , , , , , , , , ,1,1,0,0,0,0,0,0,0,0,0,1,1,0,0,0,0,0,0,0,0,1,0,0,0,0,0,0,0,0,0,0,1,0,0,4,0,39.9915,-75.1601, , 
61845,720115,2012078229,6,67,67301,2012,6,7,1340,13,1,1,0,4,6, , ,N,0,0,0,3,0,1,1,2,N, ,39 59:25.195,75 05:39.526,1347, ,1345,1,1,3, , ,0,Y, , , , , , , , ,2,1,0,0,0,0,0,1,0,0,0,0,1,1,0,0,0,0,0,0,0,0,0,0,0,0,0,0,0,0,0,0,0,0,0,8,0,39.9903,-75.0943, , 
61846,720116,2012078231,6,67,67301,2012,7,1,1834,18,1,1,0,4,1, , ,N,1,2,0,3,0,1,4,3,N,N,39 55:12.734,75 13:48.680,1841, ,1834,1,1,2,N, ,3,Y, , , , , , , , ,3,2,0,0,1,0,0,0,0,0,0,0,1,1,0,0,0,0,0,0,0,0,0,0,0,0,0,0,0,0,0,0,0,0,0,8,0,39.9202,-75.2302, , 
61847,720117,2012078346,6,67,67301,2012,6,6,2058,20,4,1,0,4,1, , ,N,1,2,0,3,0,2,2,2,N,N,39 59:13.126,75 08:56.402,2225, ,2223,4,2,2,N, ,3,Y, , , , , , , , ,2,1,0,0,0,0,0,0,0,1,0,1,2,0,0,0,0,0,0,0,0,0,0,0,0,0,0,0,0,0,0,0,0,0,0,2,0,39.987,-75.1489, , 
61848,720156,2012068939,6,67,67301,2012,6,2,214,2,3,1,0,8,1, , ,N,1,0,0,3,0,1,3,2,N, ,39 56:42.550,75 08:30.536,217, ,214, ,0, , , ,0, , , , , , , , , ,1,1,0,0,0,0,0,0,0,0,0,0,1,1,0,0,0,0,0,0,0,0,0,0,0,0,0,0,0,0,0,0,1,0,0,8,0,39.9452,-75.1418, , 
61849,720159,2012071425,6,67,67301,2012,5,2,2300,23,3,2,1,7,3, , ,N,0,0,0,3,0,0,2,1,N,N,39 58:56.367,75 12:27.351,2307, ,2302,2,1,4,N, ,0,N, , , , , , , , ,1,1,0,0,0,0,0,0,0,0,0,0,0,0,0,0,0,0,0,0,0,0,0,0,0,0,0,0,0,0,0,0,0,0,0,0,0,39.9823,-75.2076, , 
61850,720161,2012073620,6,67,67301,2012,6,3,9999,99,1,1,0,4,1, , ,N,1,2,0,3,0,3,5,2,N,N,40 02:13.851,75 07:25.305,950, ,942, ,0, ,N, ,3, , , , , , , , , ,2,2,0,0,0,0,0,0,0,0,0,0,3,3,1,0,0,0,0,0,0,1,0,0,0,0,0,0,0,0,0,0,0,0,0,8,0,40.0372,-75.1237, , 
61851,720174,2012095487,6,67,67301,2012,8,3,931,9,1,1,0,2,1, , ,N,1,2,0,3,0,3,3,3,N,N,40 03:48.698,75 10:11.388,935, ,932, ,0, ,N, ,3, , , , , , , , , ,3,3,0,0,0,0,0,0,0,0,2,0,3,1,0,0,0,0,0,0,0,0,0,0,0,0,0,0,0,0,0,0,0,0,0,3,0,40.0635,-75.1698, , 
61852,720175,2012095548,6,67,67301,2012,8,3,1452,14,1,1,0,5,1, , ,N,0,0,0,3,0,1,1,2,N,N,39 57:37.496,75 08:20.195,1540, ,1452, ,0, ,N, ,0, , , , , , , , , ,1,1,0,0,0,0,0,0,0,0,0,1,1,0,0,0,0,0,0,0,0,0,0,0,0,0,0,0,0,0,0,0,1,0,0,4,0,39.9604,-75.1389, , 
61853,720176,2012095627,6,67,67301,2012,8,7,311,3,3,1,0,4,1, , ,N,2,2,0,3,0,1,3,2,N,N,40 05:59.946,75 00:29.876,325, ,311,1,1,1,N, ,3,N, , , , , , , , ,2,2,0,0,0,0,0,0,0,0,1,0,1,0,0,0,0,0,0,0,0,0,0,0,0,0,0,0,0,0,0,0,0,0,0,3,0,40.1,-75.0083, , 
61854,720177,2012096413,6,67,67301,2012,8,2,1558,15,1,1,0,4,1, , ,N,2,0,0,3,0,1,2,2,N,N,39 59:23.701,75 09:34.664,1724, ,1723, ,0, ,N, ,0, , , , , , , , , ,1,1,0,0,0,0,0,0,1,0,0,1,1,0,0,0,0,0,0,0,0,1,0,0,0,0,0,0,0,0,0,0,0,0,0,4,0,39.9899,-75.1596, , 
61855,720178,2012098296,6,67,67301,2012,9,4,1026,10,3,1,0,4,2, , ,N,0,0,0,3,0,0,1,3,N, ,39 57:39.580,75 12:23.939,1028, ,1026, ,0, , , ,0, , , , , , , , , ,3,2,0,0,1,0,0,0,0,0,0,0,1,1,0,0,0,0,0,0,0,0,0,0,0,0,0,0,0,0,0,0,0,0,0,8,0,39.961,-75.2066, , 
61856,708483,2013004414,6,67,67301,2012,11,5,1956,19,3,1,0,1,1, , ,N,0,0,0,3,0,1,1,5,N,N,40 02:11.461,75 12:44.805,2012, ,1956, ,0, ,N, ,0, , , , , , , , , ,5,5,0,0,0,0,0,0,0,0,0,0,1,1,0,0,0,0,0,0,0,0,0,0,0,0,0,0,0,0,0,0,0,0,0,8,0,40.0365,-75.2124, , 
61857,708485,2012064680,6,67,67301,2012,5,5,9999,99,1,1,0,4,1, , ,N,2,2,0,3,0,1,2,2,N,N,39 59:47.549,75 11:15.520,1234, ,1231, ,0, , , ,3, , , , , , , , , ,2,1,0,0,1,0,0,0,0,0,0,1,1,0,0,0,0,0,0,0,1,1,0,0,0,0,0,0,0,0,0,0,0,0,0,4,0,39.9966,-75.1876, , 
61858,708491,2012066764,6,67,67301,2012,5,2,436,4,3,2,1,7,5, , ,N,2,2,0,3,0,1,1,1,N, ,39 56:25.699,75 11:14.495,437, ,435, ,0, , , ,3, , , , , , , , , ,1,1,0,0,0,0,0,0,0,0,1,0,1,0,0,0,0,0,0,0,0,0,0,0,0,0,0,0,0,0,0,0,0,0,0,3,0,39.9405,-75.1874, , 
61859,708492,2012073553,6,67,67301,2012,6,4,2210,22,3,1,0,8,1, , ,N,5,3,0,3,0,1,4,2,N, ,40 00:06.436,75 06:22.125,2217, ,2215, ,0, , , ,3, , , , , , , , , ,1,1,0,0,0,0,0,0,0,0,0,0,1,1,0,0,0,0,0,1,0,0,0,0,0,0,0,0,0,0,0,0,1,0,0,8,0,40.0018,-75.1061, , 
61860,708505,2012085783,6,67,67301,2012,8,6,2121,21,3,1,0,4,1, , ,N,1,2,0,3,0,1,3,2,N,N,40 03:02.656,75 08:55.144,2124, ,2122, ,0, ,N, ,3, , , , , , , , , ,2,1,0,0,0,0,1,0,0,0,0,1,1,0,0,0,0,1,0,0,0,0,0,0,0,0,0,0,0,0,0,0,0,0,0,4,0,40.0507,-75.1487, , 
61861,708524,2012103962,6,67,67301,2012,9,1,1030,10,1,1,0,1,1, , ,N,1,0,0,3,0,1,2,2,N, ,39 55:01.859,75 14:46.691,1035, ,1034,1,1,2, , ,0,Y, , , , , , , , ,2,1,0,0,0,0,0,0,0,0,0,0,1,1,0,0,0,0,0,0,1,0,0,0,0,0,0,0,0,0,0,0,0,0,0,8,0,39.9172,-75.2463, , 
61862,708540,2012071287,6,67,67301,2012,6,1,11,0,3,1,0,1,1, , ,N,0,0,0,3,0,1,6,3,N,N,39 59:41.223,75 11:53.302,14, ,13,3,1,4,N, ,0,N, , , , , , , , ,3,1,0,0,1,0,1,0,0,0,0,0,1,1,0,0,0,0,0,0,0,0,0,1,0,0,0,0,0,0,0,0,0,0,0,8,0,39.9948,-75.1981, , 
61863,708553,2012083297,6,67,67301,2012,8,5,1520,15,1,1,1,8,2, , ,N,2,0,0,3,0,1,3,2,N, ,39 59:14.006,75 09:48.347,1528, ,1526, ,0, , , ,0, , , , , , , , , ,1,1,0,0,0,0,0,0,0,0,0,1,1,0,0,0,0,0,0,0,1,0,0,2,0,0,0,0,0,0,0,0,1,0,0,4,0,39.9872,-75.1634, , 
61864,708554,2012083355,6,67,67301,2012,8,5,1736,17,1,1,0,1,1, , ,N,1,2,0,3,0,4,6,3,N,N,40 05:41.851,75 00:55.548,1746, ,1736,1,1,2,N, ,3,N, , , , , , , , ,3,2,0,0,0,0,1,0,0,0,0,4,4,0,0,0,0,0,0,0,0,1,0,0,0,0,0,0,0,0,0,0,0,0,0,4,0,40.095,-75.0154, , 
61865,708556,2012086639,6,67,67301,2012,7,6,1034,10,1,1,0,1,1, , ,N,1,2,0,3,0,2,8,6,N,N,40 01:31.774,75 07:31.582,1037, ,1036,2,1,2,N, ,3,N, , , , , , , , ,6,5,0,0,0,0,0,1,0,0,0,1,2,1,0,0,0,0,0,0,1,0,0,0,0,0,0,0,0,0,0,0,0,0,0,4,0,40.0255,-75.1254, , 
61866,708565,2012095405,6,67,67301,2012,8,1,1629,16,1,1,0,8,1, , ,N,1,3,0,3,0,1,1,2,N,N,40 01:25.438,75 02:45.859,1635, ,1629, ,0, ,N, ,3, , , , , , , , , ,1,0,1,0,0,0,0,0,0,0,0,1,1,0,0,0,0,0,0,0,0,0,0,0,0,0,0,0,0,0,0,0,1,0,0,4,0,40.0237,-75.0461, , 
61867,708568,2012098536,6,67,67301,2012,8,6,730,7,1,1,0,4,1, , ,N,1,2,0,3,0,5,5,3,N,N,40 02:25.798,75 03:31.964,731, ,731,2,2,6,N, ,3,Y, , , , , , , , ,3,3,0,0,0,0,0,0,0,0,0,5,5,0,0,0,0,0,0,1,1,0,0,0,0,0,0,0,0,0,0,0,0,0,0,4,0,40.0405,-75.0589, , 
61868,708574,2012104093,6,67,67301,2012,9,2,1859,18,3,1,0,1,1, , ,N,1,2,0,3,0,2,4,2,N,N,40 02:55.176,75 04:36.548,2046, ,2043, ,0, ,N, ,3, , , , , , , , , ,2,1,0,0,0,0,1,0,0,0,0,0,2,2,0,0,0,0,0,1,1,0,0,0,0,0,0,0,0,0,0,0,0,0,0,8,0,40.0487,-75.0768, , 
61869,708603,2012083350,6,67,67301,2012,8,5,9999,99,1,1,0,1,1, , ,N,0,0,0,3,0,0,6,4,N,N,40 04:08.214,75 02:22.509,1052, ,1054,1,2,4,N, ,0,N, , , , , , , , ,4,4,0,0,0,0,0,0,0,0,0,0,0,0,0,0,0,0,0,0,0,0,0,0,0,0,0,0,0,0,0,0,0,0,0,0,0,40.0689,-75.0396, , 
61870,708637,2012066693,6,67,67301,2012,6,3,735,7,1,1,0,1,1, , ,N,2,2,0,3,0,0,4,4,N,N,40 07:15.020,74 59:47.626,746, ,740, ,0, ,N, ,3, , , , , , , , , ,4,1,0,0,1,0,2,0,0,0,0,0,0,0,0,0,0,0,0,0,2,0,0,0,0,0,0,0,0,0,0,0,0,0,0,0,0,40.1208,-74.9966, , 
61871,708642,2012078867,6,67,67301,2012,7,3,2215,22,3,1,0,5,1, , ,N,0,0,0,3,0,0,2,2,N,N,39 53:30.680,75 13:23.035,2220, ,2215,2,1,2,N, ,0,N, , , , , , , , ,2,2,0,0,0,0,0,0,0,0,0,0,0,0,0,0,0,0,0,0,0,0,0,0,0,0,0,0,0,0,0,0,0,0,0,0,0,39.8919,-75.2231, , 
61872,708667,2012109938,6,67,67301,2012,9,7,2236,22,3,1,0,7,5, , ,N,0,0,0,3,0,0,1,1,N, ,39 56:58.077,75 13:22.963,2200, ,2200, ,0, , , ,0, , , , , , , , , ,1,1,0,0,0,0,0,0,0,0,0,0,0,0,0,0,0,0,0,0,0,0,0,0,0,0,0,0,0,0,0,0,0,0,0,0,0,39.9495,-75.223, , 
61873,708671,2012114355,6,67,67301,2012,10,6,1015,10,1,1,0,4,1, , ,N,1,3,0,3,0,1,2,2,N, ,39 55:57.928,75 08:51.035,1027, ,1016,1,1,2, , ,3,N, , , , , , , , ,2,1,0,0,0,0,0,1,0,0,0,1,1,0,0,0,0,0,0,0,0,0,0,0,0,0,0,0,0,0,0,0,0,0,0,4,0,39.9328,-75.1475, , 
61874,711422,2012060673,6,67,67301,2012,5,7,415,4,3,1,0,7,2, , ,N,1,2,0,3,0,1,1,1,N, ,40 02:07.087,75 06:30.627,416, ,415, ,0, , , ,3, , , , , , , , , ,1,1,0,0,0,0,0,0,0,0,1,0,1,0,0,0,0,0,0,0,0,0,0,0,0,0,0,0,0,0,0,0,0,0,0,3,0,40.0353,-75.1085, , 
61875,711460,2012109790,6,67,67301,2012,10,3,1130,11,1,2,1,1,1, , ,N,1,2,0,3,0,1,4,3,N,N,39 58:25.603,75 15:29.678,1145, ,1140, ,0, ,N, ,3, , , , , , , , , ,3,2,0,0,0,0,0,0,0,0,0,0,1,1,0,0,0,0,0,0,0,0,1,0,0,0,0,0,0,0,0,0,0,0,0,8,0,39.9738,-75.2582, , 
61876,711477,2012061904,6,67,67301,2012,6,3,1019,10,1,1,0,1,7, , ,N,6,4,2,3,0,2,3,2,N,N,39 56:54.810,75 11:08.203,1032, ,1026,1,2,4,N, ,3,N, , , , , , , , ,2,2,0,0,0,0,0,0,0,0,0,0,2,2,0,0,0,0,0,0,1,0,0,0,0,0,0,0,0,0,0,0,0,0,0,8,0,39.9486,-75.1856, , 
61877,711503,2012098398,6,67,67301,2012,8,6,935,9,1,1,0,9,1, , ,N,0,3,0,3,0,1,2,2,N,N,39 57:44.499,75 10:19.822,945, ,940, ,0, ,N, ,3, , , , , , , , , ,1,1,0,0,0,0,0,0,0,0,0,1,1,0,0,0,0,0,0,0,1,0,0,0,0,0,0,0,0,0,0,0,1,0,0,4,0,39.9624,-75.1722, , 
61878,711504,2012098979,6,67,67301,2012,9,6,815,8,1,1,0,5,1, , ,N,1,0,0,3,0,1,2,2,N,N,39 57:02.546,75 09:01.347,9999, ,821, ,0, ,N, ,0, , , , , , , , , ,1,0,0,1,0,0,0,0,1,0,0,1,1,0,0,0,0,0,0,0,1,0,0,0,0,0,0,0,0,0,0,0,0,0,0,4,1,39.9507,-75.1504, , 
61879,711519,2012061495,6,67,67301,2012,6,7,1333,13,1,1,0,1,1, , ,N,0,0,0,3,0,0,2,2,N,N,39 58:36.938,75 11:54.795,1353, ,1334, ,0, ,N, ,0, , , , , , , , , ,2,1,0,0,0,0,0,1,0,0,0,0,0,0,0,0,0,0,0,0,1,0,0,0,0,0,0,0,0,0,0,0,0,0,0,0,0,39.9769,-75.1986, , 
61880,711525,2012066416,6,67,67301,2012,5,7,1400,14,1,1,0,8,1, , ,N,1,3,0,3,0,2,3,3,N,N,39 56:14.564,75 13:03.428,1515, ,1508, ,0, ,N, ,3, , , , , , , , , ,1,1,0,0,0,0,0,0,0,0,0,2,2,0,0,0,0,0,0,0,0,0,0,0,0,0,0,0,0,0,0,0,2,0,0,4,0,39.9374,-75.2176, , 
61881,711528,2012073572,6,67,67301,2012,6,5,1230,12,1,1,0,2,1, , ,N,1,2,0,3,0,1,3,2,N,N,40 00:13.178,75 10:08.095,1250, ,1248, ,0, ,N, ,3, , , , , , , , , ,2,2,0,0,0,0,0,0,0,0,0,1,1,0,0,0,0,0,0,0,0,1,0,2,0,0,0,0,0,0,0,0,0,0,0,4,0,40.0037,-75.1689, , 
61882,711530,2012075999,6,67,67301,2012,6,2,9999,99,1,2,1,4,1, , ,N,1,2,0,3,0,2,3,2,N,N,40 03:02.401,75 10:23.780,1118, ,1110, ,0, ,N, ,3, , , , , , , , , ,2,2,0,0,0,0,0,0,0,0,0,2,2,0,0,0,0,0,0,0,0,0,0,0,0,0,0,0,0,0,0,0,0,0,0,4,0,40.0507,-75.1733, , 
61883,711546,2012099004,6,67,67301,2012,9,5,915,9,1,1,0,5,1, , ,N,0,0,0,3,0,1,4,3,N,N,40 04:53.747,74 57:58.092,919, ,917,2,2,4,Y, ,0,Y, , , , , , , , ,3,1,0,0,0,1,1,0,0,0,0,0,1,1,0,0,0,0,0,0,0,1,0,0,0,0,0,0,0,0,0,0,0,0,0,8,1,40.0816,-74.9661, , 
61884,711573,2012060731,6,67,67301,2012,5,6,1540,15,1,1,0,4,1, , ,N,5,2,0,3,0,1,3,2,N,N,40 03:24.392,75 01:44.609,1555, ,1546, ,0, ,N, ,3, , , , , , , , , ,2,2,0,0,0,0,0,0,0,0,0,1,1,0,0,0,0,0,0,0,0,0,0,0,0,0,0,0,0,0,0,0,0,0,0,4,0,40.0568,-75.0291, , 
61885,711582,2012068870,6,67,67301,2012,5,6,2100,21,3,9,8,3,6, , ,N,0,0,0,3,0,1,2,2,N, ,39 57:00.077,75 13:37.007,1810, ,1806, ,0, , , ,0, , , , , , , , , ,2,1,0,0,0,0,1,0,0,0,0,0,1,1,0,0,0,0,0,0,0,0,0,0,0,0,0,0,0,0,0,0,0,0,0,8,0,39.95,-75.2269, , 
61886,711588,2012078519,6,67,67301,2012,7,2,1811,18,1,1,1,8,1, , ,N,1,3,0,3,0,1,2,2,N,N,39 58:06.636,75 14:34.040,1828, ,1826, ,0, ,N, ,3, , , , , , , , , ,1,0,0,0,1,0,0,0,0,0,0,1,1,0,0,0,0,0,0,0,0,0,0,0,0,0,0,0,0,0,0,0,1,0,0,4,0,39.9685,-75.2428, , 
61887,711590,2012083000,6,67,67301,2012,1,6,1200,12,1,6,1,1,1, , ,N,1,2,0,3,0,2,3,2,N,N,39 59:25.360,75 10:31.062,0, ,0, ,0, ,N, ,3, , , , , , , , , ,2,2,0,0,0,0,0,0,0,0,0,0,2,2,0,0,0,0,0,0,0,0,0,0,0,0,0,0,0,0,0,0,0,0,0,8,0,39.9904,-75.1753, , 
61888,711591,2012084153,6,67,67301,2012,7,2,1429,14,1,1,0,4,1, , ,N,1,2,0,3,0,0,2,2,N,N,39 58:32.542,75 07:13.776,1430, ,1429, ,0, ,N, ,3, , , , , , , , , ,2,1,0,0,0,0,1,0,0,0,0,0,0,0,0,0,0,0,0,0,1,0,0,0,0,0,0,0,0,0,0,0,0,0,0,0,0,39.9749,-75.1215, , 
61889,711606,2012097367,6,67,67301,2012,9,5,914,9,1,1,0,5,1, , ,N,0,0,0,3,0,1,2,2,N,N,39 58:15.344,75 11:35.552,930, ,920,1,1,3,N, ,0,Y, , , , , , , , ,2,2,0,0,0,0,0,0,0,0,0,0,1,1,0,0,0,0,0,0,1,0,0,1,0,0,0,0,0,0,0,0,0,0,0,8,0,39.9709,-75.1932, , 
61890,711607,2012099341,6,67,67301,2012,8,3,1530,15,1,9,0,8,9, , ,N,1,3,0,3,0,1,2,1,N,N,39 56:34.202,75 13:26.903,9999, ,0, ,0, ,N, ,3, , , , , , , , , ,1,1,0,0,0,0,0,0,0,0,0,0,1,1,1,0,0,0,0,0,0,0,0,0,0,0,0,0,0,0,0,0,1,0,0,8,0,39.9428,-75.2241, , 
61891,711619,2012063866,6,67,67301,2012,5,5,1604,16,1,1,0,4,1, , ,N,2,0,0,3,0,1,2,2,N,N,39 55:20.139,75 09:59.014,1610, ,604, ,0, ,N, ,0, , , , , , , , , ,1,1,0,0,0,0,0,0,1,0,0,1,1,0,0,0,0,0,0,0,0,1,0,1,0,0,0,0,0,0,0,0,0,0,0,4,0,39.9223,-75.1664, , 
61892,717378,2013006083,6,67,67301,2012,12,7,1604,16,1,1,0,4,1, , ,N,1,2,0,3,0,5,5,2,N,N,40 02:25.817,75 03:32.713,1610, ,1605,9,1,2,N, ,3,Y, , , , , , , , ,2,1,0,0,1,0,0,0,0,0,3,2,5,0,0,0,0,0,1,0,0,0,0,0,0,0,0,0,0,0,0,0,0,0,0,3,0,40.0405,-75.0591, , 
61893,717383,2012052681,6,67,67301,2012,4,5,824,8,1,1,0,4,1, , ,N,1,2,0,3,0,0,2,2,N, ,40 02:43.800,75 09:53.514,826, ,826,1,1,5, , ,3,N, , , , , , , , ,2,2,0,0,0,0,0,0,0,0,0,0,0,0,2,0,0,0,0,0,0,0,0,0,0,0,0,0,0,0,0,0,0,0,0,9,0,40.0455,-75.1649, , 
61894,717393,2012068774,6,67,67301,2012,5,7,920,9,1,2,1,8,1, , ,N,1,2,0,3,0,1,2,2,N, ,39 57:11.260,75 09:40.449,955, ,948, ,0, , , ,3, , , , , , , , , ,1,1,0,0,0,0,0,0,0,0,1,0,1,0,0,0,0,0,0,0,0,0,0,0,0,0,0,0,0,0,0,0,1,0,0,3,0,39.9531,-75.1612, , 