objectid_1,objectid,crn,district,county,municipality,crash_year,crash_month,day_of_week,time_of_day,hour_of_day,illumination,weather,road_condition,collision_type,relation_to_road,work_zone_type,work_zone_loc,work_zone_ind,intersect_type,tcd_type,location_type,urban_rural,fatal_count,injury_count,person_count,total_units,sch_bus_ind,sch_zone_ind,latitude,longitude,arrival_tm,cons_zone_spd_lim,dispatch_tm,est_hrs_closed,lane_closed,ln_close_dir,ntfy_hiwy_maint,spec_juris_cd,tcd_func_cd,tfc_detour_ind,workers_pres,wz_close_detour,wz_flagger,wz_law_offcr_ind,wz_ln_closure,wz_moving,wz_other,wz_shlder_mdn,vehicle_count,automobile_count,motorcycle_count,bus_count,small_truck_count,heavy_truck_count,suv_count,van_count,bicycle_count,maj_inj_count,mod_inj_count,min_inj_count,tot_inj_count,unk_inj_deg_count,unk_inj_per_count,driver_count_16yr,driver_count_17yr,driver_count_18yr,driver_count_19yr,driver_count_20yr,driver_count_50_64yr,driver_count_65_74yr,driver_count_75plus,unbelted_occ_count,unb_death_count,unb_maj_inj_count,belted_death_count,belted_maj_inj_count,mcycle_death_count,mcycle_maj_inj_count,bicycle_death_count,bicycle_maj_inj_count,ped_count,ped_death_count,ped_maj_inj_count,max_severity_level,comm_veh_count,dec_lat,dec_long,rdwy_surf_type_cd,county_name
61962,711794,2012098542,6,67,67301,2012,9,6,1730,17,1,1,0,4,1,3,4,Y,1,2,0,3,0,1,2,2,N,N,40 00:15.124,75 04:38.614,1735,99,1733,9,1,1,N, ,3,N,Y,U,U,N,Y,U,U,U,2,1,1,0,0,0,0,0,0,0,0,0,1,1,0,0,0,0,0,0,1,0,0,0,0,0,0,0,0,0,0,0,0,0,0,8,0,40.0042,-75.0774, , 
61963,711802,2012103656,6,67,67301,2012,8,6,1414,14,1,1,0,4,1, , ,N,1,2,0,3,0,2,7,2,N,N,39 59:32.053,75 14:44.477,1419, ,1414, ,0, ,N, ,3, , , , , , , , , ,2,0,0,0,1,0,1,0,0,0,0,2,2,0,0,0,0,0,0,0,0,1,0,2,0,0,0,0,0,0,0,0,0,0,0,4,0,39.9922,-75.2457, , 
61964,711813,2012060659,6,67,67301,2012,5,3,1230,12,1,1,0,4,1, , ,N,1,2,0,3,0,0,2,2,N,N,39 59:32.607,75 08:31.827,1230, ,1230,1,2,4,N, ,3,Y, , , , , , , , ,2,2,0,0,0,0,0,0,0,0,0,0,0,0,0,0,0,0,0,0,1,0,0,0,0,0,0,0,0,0,0,0,0,0,0,0,0,39.9923,-75.1422, , 
61965,717547,2012071067,6,67,67301,2012,7,2,1710,17,1,1,0,1,1, , ,N,0,0,0,3,0,0,2,2,N,N,39 57:30.835,75 10:06.029,1712, ,1712,1,2,3,N, ,0,N, , , , , , , , ,2,1,0,0,0,0,1,0,0,0,0,0,0,0,0,0,0,1,0,0,0,0,0,0,0,0,0,0,0,0,0,0,0,0,0,0,0,39.9586,-75.1683, , 
61966,717561,2012078999,6,67,67301,2012,7,5,1310,13,1,1,0,4,1, , ,N,1,2,0,3,0,1,2,2,N,N,40 02:35.649,75 03:08.136,1323, ,1315,1,1,3,N, ,3,N, , , , , , , , ,2,1,0,0,0,0,1,0,0,0,0,1,1,0,0,0,0,0,0,0,0,0,0,0,0,0,0,0,0,0,0,0,0,0,0,4,0,40.0432,-75.0523, , 
61967,717562,2012080025,6,67,67301,2012,7,3,9999,99,1,1,0,4,1, , ,N,1,2,0,3,0,1,3,3,N,N,39 59:30.040,75 10:24.142,9999, ,9999, ,0, ,N, ,3, , , , , , , , , ,3,1,0,0,1,0,1,0,0,0,0,1,1,0,0,0,0,0,0,0,0,0,0,0,0,0,0,0,0,0,0,0,0,0,0,4,0,39.9917,-75.1734, , 
61968,717566,2012083197,6,67,67301,2012,7,4,1715,17,1,1,0,4,1, , ,N,5,2,0,3,0,1,2,2,N, ,40 00:05.418,75 06:14.947,1723, ,1720, ,0, , , ,3, , , , , , , , , ,2,0,1,0,0,0,1,0,0,0,0,1,1,0,0,0,0,0,0,0,0,0,0,0,0,0,0,0,0,0,0,0,0,0,0,4,0,40.0015,-75.1042, , 
61969,717604,2012063942,6,67,67301,2012,5,4,2025,20,3,1,0,4,1, , ,N,2,3,0,3,0,0,4,2,N, ,40 03:19.636,75 11:14.292,2031, ,2029, ,0, , , ,3, , , , , , , , , ,2,2,0,0,0,0,0,0,0,0,0,0,0,0,0,0,0,0,1,0,0,1,0,0,0,0,0,0,0,0,0,0,0,0,0,0,0,40.0555,-75.1873, , 
61970,717616,2012078429,6,67,67301,2012,7,6,1225,12,1,1,0,4,1, , ,N,1,2,0,3,0,1,3,2,N,N,39 55:58.508,75 08:55.373,1244, ,1236, ,0, ,N, ,3, , , , , , , , , ,2,2,0,0,0,0,0,0,0,0,0,1,1,0,0,0,0,0,0,0,0,0,0,0,0,0,0,0,0,0,0,0,0,0,0,4,0,39.9329,-75.1487, , 
61971,717628,2012088264,6,67,67301,2012,8,5,55,0,2,1,0,7,3, , ,N,0,0,0,3,0,0,2,1,N,N,39 59:37.095,75 11:57.882,103, ,56,1,2,3,N, ,0,Y, , , , , , , , ,1,1,0,0,0,0,0,0,0,0,0,0,0,0,0,0,0,0,0,0,0,0,0,0,0,0,0,0,0,0,0,0,0,0,0,0,0,39.9936,-75.1994, , 
61972,717646,2012060799,6,67,67301,2012,5,4,600,6,1,1,0,4,1, , ,N,2,2,0,3,0,1,3,2,N,N,39 57:29.829,75 09:50.647,624, ,620, ,0, ,N, ,3, , , , , , , , , ,2,2,0,0,0,0,0,0,0,0,0,0,1,1,1,0,0,0,0,0,0,0,0,0,0,0,0,0,0,0,0,0,0,0,0,8,0,39.9583,-75.1641, , 
61973,717653,2012083418,6,46,46102,2012,7,2,1730,17,1,1,0,1,1, , ,N,0,2,0,3,0,1,2,2,N,N,40 04:18.995,75 09:16.463,2300, ,2200, ,0, ,N, ,3, , , , , , , , , ,2,1,0,0,0,0,1,0,0,0,1,0,1,0,0,0,1,0,0,1,0,0,0,0,0,0,0,0,0,0,0,0,0,0,0,3,0,40.0719,-75.1546, , 
61974,717657,2012085867,6,67,67301,2012,7,3,1841,18,1,1,0,1,1, , ,N,0,0,0,3,0,1,2,2,N, ,39 56:40.688,75 14:19.896,1844, ,1842,3,1,2, , ,0,Y, , , , , , , , ,2,0,0,0,0,0,1,0,0,1,0,0,1,0,0,0,0,0,0,0,1,0,0,0,0,0,0,0,0,0,0,0,0,0,0,2,0,39.9446,-75.2389, , 
61975,717668,2012099356,6,67,67301,2012,8,1,9999,99,3,1,0,1,6, , ,N,0,0,0,3,0,0,2,3,N,N,39 57:15.105,75 14:54.700,9999, ,9999, ,0, ,N, ,0, , , , , , , , , ,3,3,0,0,0,0,0,0,0,0,0,0,0,0,1,0,0,0,0,0,0,0,0,0,0,0,0,0,0,0,0,0,0,0,0,9,0,39.9543,-75.2485, , 
61976,717679,2012122434,6,67,67301,2012,11,4,1820,18,3,2,1,8,1, , ,N,1,2,0,3,0,1,2,2,N, ,40 02:10.239,75 05:16.511,1830, ,1824, ,0, , , ,3, , , , , , , , , ,1,1,0,0,0,0,0,0,0,0,0,1,1,0,0,0,0,0,0,0,0,0,0,1,0,0,0,0,0,0,0,0,1,0,0,4,0,40.0362,-75.0879, , 
61977,717689,2012066641,6,67,67301,2012,6,5,348,3,3,1,0,7,5, , ,N,0,0,0,3,0,0,1,1,N,N,39 56:38.705,75 14:17.473,400, ,350,9,1,1, , ,0,N, , , , , , , , ,1,0,0,0,0,0,1,0,0,0,0,0,0,0,1,0,0,0,0,0,0,0,0,0,0,0,0,0,0,0,0,0,0,0,0,9,0,39.9441,-75.2381, , 
61978,717690,2012066709,6,67,67301,2012,5,7,1305,13,1,1,0,8,1, , ,N,0,0,0,3,0,1,2,2,N,N,40 00:16.613,75 10:21.980,1315, ,1310, ,0, ,N, ,0, , , , , , , , , ,1,1,0,0,0,0,0,0,0,0,0,1,1,0,0,0,0,0,0,0,1,0,0,0,0,0,0,0,0,0,0,0,1,0,0,4,0,40.0046,-75.1728, , 
61979,717696,2012073549,6,67,67301,2012,6,7,1527,15,1,1,0,4,1, , ,N,1,2,0,3,0,1,3,3,N, ,40 02:29.198,75 07:12.381,1626, ,1623, ,0, , , ,3, , , , , , , , , ,3,2,0,0,0,0,1,0,0,0,0,1,1,0,0,0,0,0,0,0,1,0,1,0,0,0,0,0,0,0,0,0,0,0,0,4,0,40.0414,-75.1201, , 
61980,717710,2012095551,6,67,67301,2012,8,7,0,0,3,1,0,4,1, , ,N,0,0,0,3,0,0,3,2,N,N,40 01:03.986,75 08:58.998,145, ,145, ,0, ,N, ,0, , , , , , , , , ,2,2,0,0,0,0,0,0,0,0,0,0,0,0,0,0,0,0,0,0,0,0,0,0,0,0,0,0,0,0,0,0,0,0,0,0,0,40.0178,-75.1497, , 
61981,717714,2012098246,6,67,67301,2012,9,1,1645,16,1,2,1,8,1, , ,N,0,0,0,3,0,1,2,2,N, ,40 04:08.482,75 09:08.341,1000, ,1000, ,0, , , ,0, , , , , , , , , ,1,1,0,0,0,0,0,0,0,0,0,1,1,0,0,0,0,0,0,0,0,0,0,1,0,0,0,0,0,0,0,0,1,0,0,4,0,40.069,-75.1523, , 
61982,717734,2012120064,6,67,67301,2012,10,6,1721,17,3,1,0,1,2, , ,N,0,0,0,3,0,1,1,2,N,N,40 01:25.938,75 02:50.088,1829, ,1825, ,0, ,N, ,0, , , , , , , , , ,2,1,0,0,0,0,1,0,0,0,0,0,1,1,0,0,0,0,0,0,0,0,0,0,0,0,0,0,0,0,0,0,0,0,0,8,0,40.0239,-75.0472, , 
61983,717740,2012056597,6,67,67301,2012,5,1,2223,22,3,1,0,1,1, , ,N,1,2,0,3,0,1,2,2,N,N,40 06:00.676,75 01:18.249,2320, ,2310, ,0, , , ,3, , , , , , , , , ,2,1,0,0,0,0,1,0,0,0,0,1,1,0,0,0,0,0,1,0,0,0,0,0,0,0,0,0,0,0,0,0,0,0,0,4,0,40.1002,-75.0217, , 
61984,714894,2012059629,6,67,67301,2012,6,4,1449,14,1,1,0,7,2, , ,N,0,0,0,3,0,0,1,1,N,N,39 57:52.374,75 08:15.587,1458, ,1453, ,0, ,N, ,0, , , , , , , , , ,1,1,0,0,0,0,0,0,0,0,0,0,0,0,0,0,0,0,0,0,0,0,0,0,0,0,0,0,0,0,0,0,0,0,0,0,0,39.9644,-75.1378, , 
61985,714895,2012060746,6,67,67301,2012,5,2,2140,21,2,2,1,1,1, , ,N,1,3,0,3,0,2,3,2,N, ,40 00:47.476,75 09:26.398,118, ,113, ,0, , , ,3, , , , , , , , , ,2,0,0,0,1,0,0,0,0,0,0,2,2,0,0,0,0,0,0,0,1,0,0,0,0,0,0,0,0,0,0,0,0,0,0,4,0,40.0132,-75.1573, , 
61986,714905,2012073619,6,67,67301,2012,6,6,1630,16,1,9,8,8,2, , ,N,1,2,0,3,0,1,2,2,N,N,39 59:46.444,75 10:20.389,1305, ,1300, ,0, ,N, ,3, , , , , , , , , ,1,1,0,0,0,0,0,0,0,0,1,0,1,0,0,0,0,0,0,0,0,0,0,0,0,0,0,0,0,0,0,0,1,0,0,3,0,39.9962,-75.1723, , 
61987,714912,2012084168,6,67,67301,2012,8,5,1905,19,1,1,0,4,1, , ,N,2,0,0,3,0,1,2,2,N,N,39 56:04.268,75 11:23.877,1916, ,1910, ,0, ,N, ,0, , , , , , , , , ,1,0,0,0,0,0,0,1,1,0,0,0,1,1,0,0,0,0,0,0,0,0,0,0,0,0,0,0,0,0,0,0,0,0,0,8,0,39.9345,-75.19, , 
61988,714914,2012085864,6,67,67301,2012,7,7,1045,10,1,1,0,1,1, , ,N,0,2,0,3,0,3,5,3,N,N,40 01:17.148,75 08:49.610,1230, ,1222,2,1,2,N, ,3,Y, , , , , , , , ,3,2,0,0,0,0,1,0,0,0,0,0,3,3,0,0,0,0,0,0,1,0,0,0,0,0,0,0,0,0,0,0,0,0,0,8,0,40.0214,-75.1471, , 
61989,714923,2012095343,6,67,67301,2012,8,7,25,0,3,2,1,4,1, , ,N,1,0,0,3,0,2,2,2,N,N,40 01:06.113,75 08:54.943,29, ,27, ,0, ,N, ,0, , , , , , , , , ,1,1,0,0,0,0,0,0,0,0,0,2,2,0,0,0,0,0,0,0,0,0,0,0,0,0,0,0,0,0,0,0,0,0,0,4,0,40.0184,-75.1484, , 
61990,714937,2012114882,6,67,67301,2012,10,6,757,7,1,2,1,1,1, , ,N,0,0,0,3,0,0,26,2,Y,N,39 56:31.275,75 12:42.066,820, ,815,2,1,2,N, ,0,N, , , , , , , , ,2,1,0,1,0,0,0,0,0,0,0,0,0,0,0,0,0,0,0,0,0,0,0,0,0,0,0,0,0,0,0,0,0,0,0,0,1,39.942,-75.2117, , 
61991,714941,2012117297,6,67,67301,2012,10,1,2035,20,3,0,0,2,1, , ,N,1,3,0,3,0,1,1,1,N,N,40 00:15.714,75 08:17.260,2038, ,2038, ,0, ,N, ,3, , , , , , , , , ,0,0,0,0,0,0,0,0,0,1,0,0,1,0,0,0,0,0,0,0,0,0,0,0,0,0,0,0,0,0,0,0,1,0,1,2,0,40.0044,-75.1381, , 
61992,714971,2012095496,6,67,67301,2012,8,7,1205,12,1,1,0,6,1, , ,N,1,2,0,3,0,2,4,3,N, ,40 01:14.257,75 08:55.161,1227, ,1205, ,0, , , ,3, , , , , , , , , ,3,1,0,0,0,0,0,1,0,0,0,2,2,0,1,0,0,0,0,0,0,0,0,0,0,0,0,0,0,0,0,0,0,0,0,4,0,40.0206,-75.1487, , 
61993,714976,2012098441,6,67,67301,2012,8,2,916,9,1,2,1,4,1, , ,N,1,2,0,3,0,1,1,2,N,N,40 01:39.104,75 08:47.126,940, ,917, ,0, ,N, ,3, , , , , , , , , ,1,1,0,0,0,0,0,0,0,0,0,0,0,0,1,0,0,0,0,0,0,0,0,0,0,0,0,0,0,0,0,0,0,0,0,9,0,40.0275,-75.1464, , 
61994,714984,2012111643,6,67,67301,2012,10,1,500,5,3,1,0,1,2, , ,N,0,0,0,3,0,0,0,2,N,N,39 55:23.080,75 11:20.780,545, ,518,9,2,4,N, ,0,Y, , , , , , , , ,2,1,0,0,0,0,1,0,0,0,0,0,0,0,0,0,0,0,0,0,0,0,0,0,0,0,0,0,0,0,0,0,0,0,0,9,0,39.9231,-75.1891, , 
61995,714985,2012111734,6,67,67301,2012,9,5,1755,17,1,1,0,8,1, , ,N,2,2,0,3,0,1,1,2,N,N,40 02:46.713,75 08:09.655,1805, ,1800,2,1,4,N, ,3,Y, , , , , , , , ,1,0,0,0,0,0,0,1,0,1,0,0,1,0,0,0,0,0,0,0,0,0,0,0,0,0,0,0,0,0,0,0,1,0,1,2,0,40.0463,-75.136, , 
61996,714997,2012066469,6,67,67301,2012,5,2,1750,17,1,1,0,1,1, , ,N,0,0,0,3,0,1,11,3,N, ,39 58:19.837,75 15:06.459,9999, ,9999, ,0, , , ,0, , , , , , , , , ,3,1,0,0,0,0,2,0,0,0,0,0,1,1,0,0,0,1,0,0,0,0,0,0,0,0,0,0,0,0,0,0,0,0,0,8,0,39.9722,-75.2518, , 
61997,715009,2012071430,6,67,67301,2012,7,7,242,2,3,1,0,7,3, , ,N,7,0,2,3,0,0,1,1,N,N,39 57:06.095,75 08:29.301,251, ,245,1,1,4,N, ,0,N, , , , , , , , ,1,1,0,0,0,0,0,0,0,0,0,0,0,0,0,0,0,0,0,0,0,0,0,0,0,0,0,0,0,0,0,0,0,0,0,0,0,39.9517,-75.1415, , 
61998,715043,2012056565,6,67,67301,2012,4,3,1555,15,1,1,0,1,1, , ,N,0,0,0,3,0,1,2,2,N,N,39 58:33.197,75 07:12.521,1555, ,1555, ,0, ,N, ,0, , , , , , , , , ,2,1,0,0,1,0,0,0,0,0,0,1,1,0,0,0,0,0,0,0,2,0,0,0,0,0,0,0,0,0,0,0,0,0,0,4,0,39.9765,-75.1198, , 
61999,715055,2012083650,6,67,67301,2012,7,3,1842,18,1,1,0,5,1, , ,N,6,0,2,3,0,0,2,2,N,N,39 57:06.095,75 08:29.301,1850, ,1845, ,0, ,N, ,0, , , , , , , , , ,2,1,0,0,0,0,1,0,0,0,0,0,0,0,0,0,0,0,0,0,0,0,0,0,0,0,0,0,0,0,0,0,0,0,0,0,0,39.9517,-75.1415, , 
62000,715061,2012086180,6,67,67301,2012,8,2,1003,10,1,2,1,7,2, , ,N,0,0,0,3,0,1,1,1,N,N,39 54:07.084,75 09:05.871,1007, ,1007,2,1,2,N, ,0,N, , , , , , , , ,1,0,0,0,0,0,0,1,0,0,0,1,1,0,0,0,0,0,0,0,0,0,0,0,0,0,0,0,0,0,0,0,0,0,0,4,0,39.902,-75.1516, , 
62001,715088,2012057002,6,67,67301,2012,6,7,33,0,3,2,1,7,2, , ,N,0,0,0,3,0,1,1,1,N,N,39 57:09.297,75 10:55.162,40, ,35,2,2,3,N, ,0,N, , , , , , , , ,1,1,0,0,0,0,0,0,0,0,0,1,1,0,0,0,0,0,0,0,0,0,0,0,0,0,0,0,0,0,0,0,0,0,0,4,0,39.9526,-75.182, , 
62002,715100,2012076051,6,67,67301,2012,6,1,150,1,3,1,0,4,2, , ,N,2,0,0,3,0,0,1,2,N, ,40 03:47.502,75 04:32.419,154, ,152, ,0, , , ,0, , , , , , , , , ,2,2,0,0,0,0,0,0,0,0,0,0,0,0,0,0,0,0,0,0,0,0,0,0,0,0,0,0,0,0,0,0,0,0,0,0,0,40.0632,-75.0757, , 
62003,708809,2012103996,6,67,67301,2012,9,2,950,9,1,1,0,4,1, , ,N,0,0,0,3,0,2,3,2,N, ,40 04:01.757,75 03:04.322,955, ,950, ,0, , , ,0, , , , , , , , , ,2,2,0,0,0,0,0,0,0,0,0,1,1,0,1,0,0,0,0,0,0,0,1,0,0,0,0,0,0,0,0,0,0,0,0,4,0,40.0672,-75.0512, , 
62004,708820,2012052672,6,67,67301,2012,5,5,9999,99,1,1,0,8,1, , ,N,0,0,0,3,0,1,2,2,N,N,40 01:15.488,75 08:41.614,656, ,653, ,0, ,N, ,0, , , , , , , , , ,1,1,0,0,0,0,0,0,0,0,0,1,1,0,0,0,0,0,0,0,0,0,0,0,0,0,0,0,0,0,0,0,1,0,0,4,0,40.021,-75.1449, , 
62005,708837,2012083800,6,67,67301,2012,8,2,2229,22,3,1,0,5,6, , ,N,0,0,0,3,0,1,2,2,N,N,39 57:24.220,75 11:53.430,2231, ,2229, ,0, ,N, ,0, , , , , , , , , ,2,2,0,0,0,0,0,0,0,0,1,0,1,0,0,0,0,0,0,0,0,0,0,0,0,0,0,0,0,0,0,0,0,0,0,3,0,39.9567,-75.1982, , 
62006,708846,2012099029,6,67,67301,2012,9,2,1128,11,1,1,0,1,2, , ,N,0,0,0,3,0,0,2,2,N,N,40 05:32.459,74 58:53.826,1135, ,1128, ,0, ,N, ,0, , , , , , , , , ,2,1,0,0,1,0,0,0,0,0,0,0,0,0,0,0,0,0,0,0,0,0,0,0,0,0,0,0,0,0,0,0,0,0,0,0,0,40.0923,-74.9816, , 
62007,708854,2012103613,6,67,67301,2012,9,1,500,5,3,1,0,7,5, , ,N,0,0,0,3,1,0,1,5,N,N,39 53:50.298,75 13:37.583,512, ,508,4,2,5, ,0,0,Y, , , , , , , , ,5,1,0,0,0,4,0,0,0,0,0,0,0,0,0,0,0,0,0,0,0,0,0,0,0,0,0,0,0,0,0,0,0,0,0,1,4,39.8976,-75.2269,2, 
62008,708862,2012109924,6,67,67301,2012,10,2,2306,23,3,8,1,7,5, , ,N,1,3,0,3,0,1,1,1,N,N,40 04:08.569,75 10:32.303,2326, ,2311, ,0, ,N, ,3, , , , , , , , , ,1,0,0,0,0,0,1,0,0,0,0,0,1,1,0,0,0,0,0,0,0,0,0,0,0,0,0,0,0,0,0,0,0,0,0,8,0,40.069,-75.1756, , 
62009,708869,2012056648,6,67,67301,2012,5,6,1234,12,1,9,0,8,1, , ,N,1,3,0,3,0,1,2,2,N,N,39 59:41.517,75 10:27.461,1234, ,1628, ,0, ,N, ,3, , , , , , , , , ,1,0,0,0,0,0,0,0,0,0,0,1,1,0,0,0,0,0,0,0,0,0,0,0,0,0,0,0,0,0,0,0,1,0,0,4,0,39.9949,-75.1743, , 
62010,708874,2012063193,6,67,67301,2012,5,4,1142,11,1,1,0,0,1, , ,N,0,0,0,3,0,1,1,1,N,N,39 59:20.774,75 05:15.630,1149, ,1146,1,1,2,Y, ,0,N, , , , , , , , ,1,0,0,0,1,0,0,0,0,0,0,0,1,1,0,0,0,0,0,0,1,0,0,0,0,0,0,0,0,0,0,0,0,0,0,8,0,39.989,-75.0878, , 
62011,708876,2012063939,6,67,67301,2012,5,5,9999,99,3,1,0,4,1, , ,N,0,0,0,3,0,0,6,2,N,N,39 59:35.964,75 14:13.974,21, ,21, ,0, ,N, ,0, , , , , , , , , ,2,2,0,0,0,0,0,0,0,0,0,0,0,0,0,0,0,0,0,1,0,0,0,0,0,0,0,0,0,0,0,0,0,0,0,0,0,39.9933,-75.2372, , 
62012,708884,2012075980,6,67,67301,2012,6,4,1200,12,1,1,0,1,1, , ,N,2,0,0,3,0,1,3,2,N,N,40 03:58.955,74 58:55.792,1300, ,1253,2,2,1, , ,0,Y, , , , , , , , ,2,2,0,0,0,0,0,0,0,0,0,1,1,0,0,0,0,0,1,0,0,0,0,0,0,0,0,0,0,0,0,0,0,0,0,4,0,40.0664,-74.9822, , 
62013,708899,2012095504,6,67,67301,2012,8,1,1035,10,1,1,0,7,6, , ,N,0,0,0,3,0,1,1,3,N, ,39 56:19.633,75 09:05.058,1055, ,1043,3,2,1, , ,0,Y, , , , , , , , ,1,1,0,0,0,0,0,0,0,0,0,1,1,0,0,0,0,0,0,0,0,0,0,0,0,0,0,0,0,0,0,0,0,0,0,4,0,39.9388,-75.1514, , 
62014,708900,2012096035,6,67,67301,2012,8,5,1336,13,1,1,0,4,9, , ,N,0,0,0,3,0,0,1,2,N,N,40 03:23.154,75 01:29.208,1341, ,1339, ,0, , , ,0, , , , , , , , , ,1,1,0,0,0,0,0,0,0,0,0,0,0,0,0,0,0,0,0,0,0,0,0,0,0,0,0,0,0,0,0,0,0,0,0,0,0,40.0564,-75.0248, , 
62015,708903,2012099365,6,67,67301,2012,8,1,1050,10,1,1,0,7,5, , ,N,0,0,0,3,0,2,2,1,N,N,40 04:17.006,75 02:15.526,1059, ,1056,1,2,1,N, ,0,Y, , , , , , , , ,1,1,0,0,0,0,0,0,0,0,0,2,2,0,0,0,0,0,0,0,0,0,1,0,0,0,0,0,0,0,0,0,0,0,0,4,0,40.0714,-75.0376, , 
62016,708914,2012105726,6,67,67301,2012,10,7,246,2,3,1,0,7,4, , ,N,0,0,0,3,0,2,2,1,N,N,39 57:42.607,75 10:55.720,246, ,246,1,1,4,N, ,0,N, , , , , , , , ,1,1,0,0,0,0,0,0,0,0,0,2,2,0,0,0,0,0,0,0,0,0,0,1,0,0,0,0,0,0,0,0,0,0,0,4,0,39.9618,-75.1821, , 
62017,708935,2012095576,6,67,67301,2012,8,2,9999,99,3,1,0,7,5, , ,N,2,3,0,3,0,1,1,1,N, ,40 01:06.484,75 08:14.319,40, ,37, ,0, , , ,3, , , , , , , , , ,1,1,0,0,0,0,0,0,0,0,0,1,1,0,0,0,0,0,0,0,0,0,0,1,0,0,0,0,0,0,0,0,0,0,0,4,0,40.0185,-75.1373, , 
62018,708939,2012098199,6,67,67301,2012,9,6,9999,99,1,1,0,1,1, , ,N,0,0,0,3,0,1,2,2,N, ,40 02:31.823,75 04:56.708,9999, ,1040, ,0, , , ,0, , , , , , , , , ,2,1,0,0,0,0,1,0,0,0,0,1,1,0,0,0,0,0,0,0,0,1,0,0,0,0,0,0,0,0,0,0,0,0,0,4,0,40.0422,-75.0824, , 
62019,708945,2012104147,6,67,67301,2012,9,3,1422,14,1,1,0,4,1, , ,N,1,3,0,3,0,1,2,2,N,N,40 02:32.215,75 05:58.415,1428, ,1425, ,0, ,N, ,3, , , , , , , , , ,2,2,0,0,0,0,0,0,0,0,0,0,1,1,0,0,0,0,0,0,0,0,0,0,0,0,0,0,0,0,0,0,0,0,0,8,0,40.0423,-75.0996, , 
62020,708946,2012104459,6,67,67301,2012,10,4,1430,14,1,1,0,1,1, , ,N,0,0,0,3,0,1,2,2,N,N,39 58:02.458,75 11:19.181,1437, ,1432, ,0, ,N, ,0, , , , , , , , , ,2,1,0,0,1,0,0,0,0,0,0,1,1,0,0,0,0,0,0,0,1,0,0,0,0,0,0,0,0,0,0,0,0,0,0,4,0,39.9673,-75.1887, , 
62021,708980,2012066652,6,67,67301,2012,5,5,1244,12,1,1,0,4,1, , ,N,1,2,0,3,0,0,3,3,N, ,40 02:49.411,75 05:27.941,1300, ,1254,1,1,2, , ,3,Y, , , , , , , , ,3,2,0,0,1,0,0,0,0,0,0,0,0,0,0,0,0,0,0,0,1,0,0,0,0,0,0,0,0,0,0,0,0,0,0,0,0,40.0471,-75.0911, , 
62022,711818,2012101040,6,67,67301,2012,8,5,2315,23,3,1,0,5,1, , ,N,0,0,0,3,0,0,1,3,N,N,39 59:44.562,75 10:05.847,2330, ,2333, ,0, , , ,0, , , , , , , , , ,3,2,0,0,1,0,0,0,0,0,0,0,0,0,1,0,0,0,0,0,0,0,0,0,0,0,0,0,0,0,0,0,0,0,0,9,0,39.9957,-75.1683, , 
62023,711861,2012056676,6,67,67301,2012,5,7,1907,19,1,1,0,4,1, , ,N,1,3,0,3,0,0,2,2,N,N,39 55:56.690,75 11:35.149,1910, ,1907, ,0, , , ,3, , , , , , , , , ,2,2,0,0,0,0,0,0,0,0,0,0,0,0,0,0,0,0,0,0,1,0,0,0,0,0,0,0,0,0,0,0,0,0,0,0,0,39.9324,-75.1931, , 
62024,711872,2012066669,6,67,67301,2012,6,7,105,1,6,3,1,7,5, , ,N,0,0,0,3,0,2,2,1,N,N,40 01:25.829,75 04:33.526,109, ,108,1,1,1,N, ,0,N, , , , , , , , ,1,1,0,0,0,0,0,0,0,0,0,2,2,0,0,0,0,0,0,0,0,0,0,0,0,0,0,0,0,0,0,0,0,0,0,4,0,40.0238,-75.076, , 
62025,711878,2012074376,6,67,67301,2012,6,5,23,0,3,1,0,7,5, , ,N,0,0,0,3,0,1,1,1,N,N,40 01:27.173,75 09:40.166,25, ,23, ,0, ,N, ,0, , , , , , , , , ,1,0,0,0,0,0,1,0,0,0,0,0,1,1,0,0,0,0,0,0,0,0,0,1,0,0,0,0,0,0,0,0,0,0,0,8,0,40.0242,-75.1612, , 
62026,711888,2012099379,6,67,67301,2012,9,2,1413,14,1,1,0,8,1, , ,N,1,2,0,3,0,1,2,2,N,Y,39 57:25.957,75 13:38.997,1550, ,1540, ,0, , , ,3, , , , , , , , , ,1,1,0,0,0,0,0,0,0,0,1,0,1,0,0,0,0,0,0,0,0,0,0,1,0,0,0,0,0,0,0,0,1,0,0,3,0,39.9572,-75.2275, , 
62027,711911,2012066466,6,67,67301,2012,6,4,1750,17,1,1,0,4,1, , ,N,2,0,7,3,0,1,2,2,N,N,39 54:58.874,75 08:49.541,1801, ,1756, ,0, , , ,0, , , , , , , , , ,2,1,0,0,0,0,1,0,0,0,0,0,1,1,0,0,0,0,0,0,0,0,0,0,0,0,0,0,0,0,0,0,0,0,0,8,0,39.9164,-75.1471, , 
62028,711919,2012078259,6,67,67301,2012,7,2,9999,99,1,1,0,4,1, , ,N,1,0,0,3,0,0,2,2,N, ,40 00:54.795,75 02:56.637,1652, ,1650, ,0, , , ,0, , , , , , , , , ,1,1,0,0,0,0,0,0,0,0,0,0,1,1,0,0,0,0,0,0,0,0,0,0,0,0,0,0,0,0,0,0,0,0,0,8,0,40.0152,-75.0491, , 