objectid_1,objectid,crn,district,county,municipality,crash_year,crash_month,day_of_week,time_of_day,hour_of_day,illumination,weather,road_condition,collision_type,relation_to_road,work_zone_type,work_zone_loc,work_zone_ind,intersect_type,tcd_type,location_type,urban_rural,fatal_count,injury_count,person_count,total_units,sch_bus_ind,sch_zone_ind,latitude,longitude,arrival_tm,cons_zone_spd_lim,dispatch_tm,est_hrs_closed,lane_closed,ln_close_dir,ntfy_hiwy_maint,spec_juris_cd,tcd_func_cd,tfc_detour_ind,workers_pres,wz_close_detour,wz_flagger,wz_law_offcr_ind,wz_ln_closure,wz_moving,wz_other,wz_shlder_mdn,vehicle_count,automobile_count,motorcycle_count,bus_count,small_truck_count,heavy_truck_count,suv_count,van_count,bicycle_count,maj_inj_count,mod_inj_count,min_inj_count,tot_inj_count,unk_inj_deg_count,unk_inj_per_count,driver_count_16yr,driver_count_17yr,driver_count_18yr,driver_count_19yr,driver_count_20yr,driver_count_50_64yr,driver_count_65_74yr,driver_count_75plus,unbelted_occ_count,unb_death_count,unb_maj_inj_count,belted_death_count,belted_maj_inj_count,mcycle_death_count,mcycle_maj_inj_count,bicycle_death_count,bicycle_maj_inj_count,ped_count,ped_death_count,ped_maj_inj_count,max_severity_level,comm_veh_count,dec_lat,dec_long,rdwy_surf_type_cd,county_name
62029,711934,2012098403,6,67,67301,2012,9,2,954,9,1,1,0,1,1, , ,N,2,2,0,3,0,0,3,3,N, ,39 58:01.657,75 09:49.449,1020, ,1017, ,0, , , ,3, , , , , , , , , ,3,2,0,0,0,0,1,0,0,0,0,0,0,0,0,0,0,0,0,0,0,0,0,0,0,0,0,0,0,0,0,0,0,0,0,0,0,39.9671,-75.1637, , 
62030,711944,2012104614,6,67,67301,2012,9,6,9999,99,3,1,0,1,1, , ,N,0,0,0,3,0,1,4,2,N,N,39 57:37.285,75 11:22.704,2302, ,9999, ,0, ,N, ,0, , , , , , , , , ,2,1,0,0,0,0,0,1,0,0,0,1,1,0,1,0,0,0,0,0,0,0,0,1,0,0,0,0,0,0,0,0,0,0,0,4,0,39.9604,-75.1896, , 
62031,711952,2012076055,6,67,67301,2012,6,6,538,5,1,1,0,4,1, , ,N,0,0,0,3,0,1,1,2,N,N,40 01:41.602,75 08:24.180,549, ,545,3,1,3,N, ,0,Y, , , , , , , , ,2,2,0,0,0,0,0,0,0,0,0,1,1,0,0,0,0,0,0,0,0,0,0,0,0,0,0,0,0,0,0,0,0,0,0,4,0,40.0282,-75.1401, , 
62032,711955,2012078201,6,67,67301,2012,7,3,1425,14,1,1,0,8,1, , ,N,2,2,0,3,0,1,2,2,N,N,39 56:51.120,75 11:28.750,1436, ,1433, ,0, ,N, ,3, , , , , , , , , ,1,1,0,0,0,0,0,0,0,0,0,0,1,1,0,0,0,0,0,0,0,0,0,0,0,0,0,0,0,0,0,0,1,0,0,8,0,39.9475,-75.1913, , 
62033,711957,2012083170,6,67,67301,2012,7,3,2148,21,3,1,0,8,1, , ,N,0,0,0,3,0,1,2,2,N,Y,39 57:53.703,75 12:59.299,2150, ,2148, ,0, ,N, ,0, , , , , , , , , ,1,0,0,0,0,0,1,0,0,0,0,0,1,1,0,0,0,0,0,0,0,0,0,0,0,0,0,0,0,0,0,0,1,0,0,8,0,39.9649,-75.2165, , 
62034,711958,2012083325,6,67,67301,2012,7,7,1048,10,1,1,0,4,1, , ,N,1,2,0,3,0,0,5,3,N,N,39 59:58.554,75 07:30.237,1052, ,1049,3,2,5,N, ,3,Y, , , , , , , , ,3,0,0,0,1,0,0,2,0,0,0,0,0,0,0,0,0,0,0,0,0,0,0,0,0,0,0,0,0,0,0,0,0,0,0,0,0,39.9996,-75.1251, , 
62035,711960,2012078572,6,67,67301,2012,6,4,1834,18,1,1,0,8,1, , ,N,0,2,0,3,0,1,2,2,N,N,40 02:19.976,75 08:37.999,1846, ,1844,2,1,3,N, ,3,Y, , , , , , , , ,1,0,0,0,0,0,1,0,0,0,0,1,1,0,0,0,0,0,0,0,0,0,0,0,0,0,0,0,0,0,0,0,1,0,0,4,0,40.0389,-75.1439, , 
62036,711965,2012083798,6,67,67301,2012,8,5,1135,11,1,1,0,1,6, , ,N,0,0,0,3,0,1,1,2,N, ,40 02:01.850,75 13:15.144,1144, ,1142, ,0, , , ,0, , , , , , , , , ,2,2,0,0,0,0,0,0,0,0,0,0,1,1,0,0,0,0,0,0,0,0,0,1,0,0,0,0,0,0,0,0,0,0,0,8,0,40.0338,-75.2209, , 
62037,711970,2012088578,6,67,67301,2012,8,4,9999,99,1,1,0,1,1, , ,N,0,0,0,3,0,2,5,4,N,N,40 02:02.968,75 12:29.977,929, ,927,2,2,5,N, ,0,Y, , , , , , , , ,4,2,0,0,0,0,2,0,0,0,0,0,2,2,0,0,0,0,0,0,0,0,0,0,0,0,0,0,0,0,0,0,0,0,0,8,0,40.0342,-75.2084, , 
62038,711983,2012104148,6,67,67301,2012,9,4,1635,16,1,1,0,4,1, , ,N,1,2,0,3,0,1,3,3,N,N,40 00:51.572,75 04:15.064,1639, ,1635, ,0, ,N, ,3, , , , , , , , , ,3,2,0,0,0,1,0,0,0,0,0,1,1,0,0,0,0,0,0,0,0,0,0,0,0,0,0,0,0,0,0,0,0,0,0,4,0,40.0143,-75.0709, , 
62039,712001,2012060760,6,67,67301,2012,5,7,1245,12,1,1,0,4,1, , ,N,0,0,0,3,0,1,3,2,N,N,39 59:24.478,75 08:11.346,1410, ,1400, ,0, ,N, ,0, , , , , , , , , ,2,1,0,1,0,0,0,0,0,0,0,1,1,0,0,0,0,0,0,0,1,0,0,0,0,0,0,0,0,0,0,0,0,0,0,4,1,39.9901,-75.1365, , 
62040,717765,2012078177,6,67,67301,2012,7,7,1129,11,1,2,1,8,1, , ,N,1,2,0,3,0,1,2,2,N,N,39 57:26.251,75 14:52.347,1140, ,1132, ,0, ,N, ,3, , , , , , , , , ,1,0,0,0,1,0,0,0,0,0,1,0,1,0,1,0,0,0,0,0,0,1,0,0,0,0,0,0,0,0,0,0,1,0,0,3,0,39.9573,-75.2479, , 
62041,717770,2012088537,6,67,67301,2012,7,2,2131,21,3,1,0,4,1, , ,N,1,2,0,3,0,2,2,2,N,N,40 01:52.420,75 08:44.761,2131, ,2131, ,0, ,N, ,3, , , , , , , , , ,2,1,0,0,0,0,1,0,0,0,0,2,2,0,0,0,0,0,0,0,0,0,0,0,0,0,0,0,0,0,0,0,0,0,0,4,0,40.0312,-75.1458, , 
62042,717771,2012088549,6,67,67301,2012,8,5,1824,18,1,1,0,4,1, , ,N,1,3,0,3,0,0,2,2,N,N,40 02:31.358,75 04:18.519,1904, ,1904, ,0, ,N, ,3, , , , , , , , , ,2,2,0,0,0,0,0,0,0,0,0,0,0,0,0,0,0,0,0,0,1,0,0,0,0,0,0,0,0,0,0,0,0,0,0,0,0,40.042,-75.0718, , 
62043,717779,2012098268,6,67,67301,2012,8,6,914,9,1,1,0,2,1, , ,N,0,0,0,3,0,1,1,1,N, ,39 57:14.436,75 10:17.792,35, ,914,3,2,4, , ,0,Y, , , , , , , , ,1,1,0,0,0,0,0,0,0,0,0,0,1,1,0,0,0,0,0,0,0,1,0,0,0,0,0,0,0,0,0,0,0,0,0,8,0,39.954,-75.1716, , 
62044,717794,2012066728,6,67,67301,2012,5,1,120,1,3,1,0,7,5, , ,N,0,0,0,3,0,7,7,2,N,N,39 59:12.390,75 12:17.820,145, ,136, ,0, ,N, ,0, , , , , , , , , ,1,0,0,0,0,0,0,1,0,0,7,0,7,0,0,0,0,0,0,0,0,0,0,5,0,0,0,0,0,0,0,0,0,0,0,3,0,39.9868,-75.205, , 
62045,717799,2012076739,6,67,67301,2012,5,2,1010,10,1,1,0,4,1, , ,N,0,0,0,3,0,0,2,2,N,N,39 56:54.880,75 12:44.528,1317, ,1315, ,0, ,N, ,0, , , , , , , , , ,2,2,0,0,0,0,0,0,0,0,0,0,0,0,2,0,1,0,0,0,1,0,0,0,0,0,0,0,0,0,0,0,0,0,0,9,0,39.9486,-75.2124, , 
62046,717805,2012083813,6,67,67301,2012,8,4,843,8,1,1,0,4,1, , ,N,2,3,0,3,0,1,2,2,N,N,40 01:58.998,75 13:20.679,847, ,845,2,2,7,N, ,3,Y, , , , , , , , ,2,0,0,0,0,0,1,1,0,0,0,1,1,0,0,0,0,0,0,0,0,0,0,0,0,0,0,0,0,0,0,0,0,0,0,4,0,40.0331,-75.2224, , 
62047,717817,2012096040,6,67,67301,2012,8,7,2050,20,3,1,0,8,1, , ,N,0,0,0,3,0,1,1,2,N,N,39 59:10.255,75 09:57.895,2057, ,2055, ,0, ,N, ,0, , , , , , , , , ,1,1,0,0,0,0,0,0,0,0,1,0,1,0,0,0,0,0,0,0,0,0,0,0,0,0,0,0,0,0,0,0,1,0,0,3,0,39.9862,-75.1661, , 
62048,717824,2012104068,6,67,67301,2012,9,3,1500,15,1,1,1,1,6, , ,N,0,0,0,3,0,2,1,2,N,N,40 02:09.311,75 10:29.419,9999, ,2225, ,0, ,N, ,0, , , , , , , , , ,2,2,0,0,0,0,0,0,0,0,0,1,1,0,0,0,0,0,0,0,0,0,0,0,0,0,0,0,0,0,0,0,0,0,0,4,0,40.0359,-75.1748, , 
62049,717834,2012057001,6,67,67301,2012,6,6,1014,10,1,1,0,1,1, , ,N,0,0,0,3,0,0,3,3,N,N,40 00:28.616,75 12:08.511,1023, ,1016, ,0, ,N, ,0, , , , , , , , , ,3,1,0,0,1,0,1,0,0,0,0,0,0,0,0,0,0,0,0,0,0,2,0,0,0,0,0,0,0,0,0,0,0,0,0,0,0,40.0079,-75.2024, , 
62050,717837,2012060757,6,67,67301,2012,5,3,2346,23,3,2,1,4,2, , ,N,0,0,0,3,0,1,2,4,N,N,40 04:14.511,75 14:28.195,2355, ,2348,2,1,5,N, ,0,N, , , , , , , , ,4,1,0,0,0,0,3,0,0,0,1,0,1,0,0,0,0,0,0,0,1,0,0,0,0,0,0,0,0,0,0,0,0,0,0,3,0,40.0706,-75.2411, , 
62051,717840,2012066712,6,67,67301,2012,5,3,1559,15,1,1,0,1,1, , ,N,0,0,0,3,0,1,4,4,N,N,40 03:34.212,75 08:17.325,1623, ,1619,2,2,1,N, ,0,Y, , , , , , , , ,4,3,0,0,0,0,1,0,0,0,0,0,1,1,3,0,0,0,0,0,0,1,0,0,0,0,0,0,0,0,0,0,0,0,0,8,0,40.0595,-75.1381, , 
62052,717843,2012084158,6,67,67301,2012,7,7,2250,22,3,1,0,8,1, , ,N,0,0,0,3,0,1,2,2,N,N,40 01:43.218,75 09:46.059,1115, ,1111, ,0, ,N, ,0, , , , , , , , , ,1,1,0,0,0,0,0,0,0,0,0,1,1,0,0,0,0,0,0,0,0,0,0,0,0,0,0,0,0,0,0,0,1,0,0,4,0,40.0287,-75.1628, , 
62053,717848,2012095481,6,67,67301,2012,8,4,1851,18,1,1,0,1,1, , ,N,0,0,0,3,0,2,1,2,N,N,40 05:39.960,74 58:06.195,1855, ,1852,1,1,1,N, ,0,Y, , , , , , , , ,1,1,0,0,0,0,0,0,0,0,0,1,1,0,0,0,0,0,0,0,0,1,0,0,0,0,0,0,0,0,0,0,0,0,0,4,0,40.0944,-74.9684, , 
62054,717872,2012120126,6,67,67301,2012,10,1,1549,15,1,2,1,4,1, , ,N,2,3,0,3,0,2,6,2,N,N,40 02:04.887,75 01:43.456,1553, ,1550, ,0, ,N, ,3, , , , , , , , , ,2,2,0,0,0,0,0,0,0,0,0,0,2,2,2,0,0,0,0,0,0,0,0,0,0,0,0,0,0,0,0,0,0,0,0,8,0,40.0347,-75.0287, , 
62055,717873,2012120153,6,67,67301,2012,10,3,1615,16,1,2,1,6,1, , ,N,1,2,0,3,0,0,2,2,N,N,40 00:28.738,75 06:17.313,1719, ,1617,3,1,2,N, ,2,N, , , , , , , , ,2,1,0,0,0,0,1,0,0,0,0,0,0,0,0,0,0,0,0,0,0,0,0,0,0,0,0,0,0,0,0,0,0,0,0,0,0,40.008,-75.1048, , 
62056,717890,2012073632,6,67,67301,2012,6,4,700,7,1,1,0,8,1, , ,N,1,3,0,3,0,2,3,3,N,N,40 04:02.388,75 09:15.472,9999, ,9999, ,0, ,N, ,3, , , , , , , , , ,1,1,0,0,0,0,0,0,0,0,0,0,2,2,1,0,0,0,0,0,0,0,0,0,0,0,0,0,0,0,0,0,2,0,0,8,0,40.0673,-75.1543, , 
62057,717892,2012078453,6,67,67301,2012,6,6,9999,99,1,1,0,4,1, , ,N,1,2,0,3,0,3,9,4,N, ,40 00:43.066,75 08:09.135,1550, ,1547, ,0, , , ,3, , , , , , , , , ,4,2,0,0,1,0,1,0,0,0,1,2,3,0,0,0,0,0,0,0,0,0,0,0,0,0,0,0,0,0,0,0,0,0,0,3,0,40.012,-75.1359, , 
62058,715101,2012076108,6,46,46104,2012,7,7,2055,20,3,1,0,1,1, , ,N,0,0,0,3,0,4,5,2,N,N,39 59:43.180,75 14:20.576,2100, ,2055, ,0, ,N, ,0, , , , , , , , , ,2,1,0,0,0,0,1,0,0,0,0,4,4,0,0,0,0,0,0,0,1,0,0,0,0,0,0,0,0,0,0,0,0,0,0,4,0,39.9953,-75.239, , 
62059,715105,2012078166,6,67,67301,2012,7,3,1258,12,1,1,0,4,1, , ,N,1,2,0,3,0,0,4,2,N, ,39 57:04.866,75 11:56.817,1259, ,1258, ,0, , , ,3, , , , , , , , , ,2,1,0,0,0,0,1,0,0,0,0,0,0,0,0,0,0,0,0,0,0,0,0,0,0,0,0,0,0,0,0,0,0,0,0,0,0,39.9514,-75.1991, , 
62060,715111,2012083905,6,67,67301,2012,8,3,1556,15,1,2,1,5,1, , ,N,0,0,0,3,0,0,4,3,N,N,39 53:56.233,75 10:09.310,1622, ,1607, ,0, ,N, ,0, , , , , , , , , ,3,2,0,0,0,1,0,0,0,0,0,0,0,0,0,0,0,0,0,0,1,0,0,0,0,0,0,0,0,0,0,0,0,0,0,0,1,39.899,-75.1692, , 
62061,715121,2012095397,6,67,67301,2012,9,2,1,0,3,2,1,5,1, , ,N,0,0,0,3,0,2,3,2,N, ,40 07:07.400,75 00:25.628,6, ,6,1,1,4, , ,0,N, , , , , , , , ,2,2,0,0,0,0,0,0,0,0,0,0,2,2,1,0,0,0,0,0,0,0,0,0,0,0,0,0,0,0,0,0,0,0,0,8,0,40.1187,-75.0071, , 
62062,715135,2012063881,6,67,67301,2012,5,4,1235,12,1,1,0,8,1, , ,N,1,2,0,3,0,1,2,2,N,N,39 56:58.689,75 10:33.495,1305, ,1249, ,0, ,N, ,3, , , , , , , , , ,1,1,0,0,0,0,0,0,0,0,0,1,1,0,0,0,0,0,0,1,0,0,0,0,0,0,0,0,0,0,0,0,1,0,0,4,0,39.9496,-75.176, , 
62063,715136,2012064039,6,67,67301,2012,5,4,1215,12,1,1,0,4,1, , ,N,2,2,0,3,0,1,5,2,N,N,39 56:25.699,75 11:14.495,1244, ,1242, ,0, , , ,3, , , , , , , , , ,2,1,0,0,0,0,0,1,0,0,0,1,1,0,0,0,0,0,0,1,0,0,0,2,0,0,0,0,0,0,0,0,0,0,0,4,0,39.9405,-75.1874, , 
62064,715145,2012068923,6,67,67301,2012,6,5,1959,19,2,1,0,4,1, , ,N,1,2,0,3,0,2,3,2,N,N,40 01:38.245,75 01:43.720,2200, ,2154, ,0, ,N, ,3, , , , , , , , , ,2,0,0,0,0,0,1,1,0,0,0,2,2,0,0,0,0,0,0,0,2,0,0,0,0,0,0,0,0,0,0,0,0,0,0,4,0,40.0273,-75.0288, , 
62065,715157,2012085829,6,67,67301,2012,8,4,2044,20,3,1,0,2,5, , ,N,1,2,0,3,0,1,1,2,N,N,39 59:06.236,75 14:50.528,2102, ,2059, ,0, ,N, ,3, , , , , , , , , ,2,1,0,0,0,0,0,0,0,0,0,0,1,1,0,0,0,0,0,0,0,0,1,1,0,0,0,0,0,0,0,0,0,0,0,8,0,39.9851,-75.2474, , 
62066,715165,2012095359,6,67,67301,2012,8,6,1700,17,1,1,0,1,1, , ,N,0,2,0,3,0,1,4,2,N,N,40 06:45.207,75 01:23.844,1717, ,1707,2,1,1,N, ,3,N, , , , , , , , ,2,1,0,0,0,0,1,0,0,0,0,0,1,1,2,0,0,0,0,0,0,1,0,0,0,0,0,0,0,0,0,0,0,0,0,8,0,40.1126,-75.0233, , 
62067,715179,2012109839,6,67,67301,2012,10,3,1945,19,3,2,1,8,1, , ,N,1,2,0,3,0,1,2,2,N,N,40 02:08.080,75 07:25.889,2145, ,2000, ,0, ,N, ,3, , , , , , , , , ,1,1,0,0,0,0,0,0,0,0,0,0,1,1,0,0,0,0,0,0,0,0,0,0,0,0,0,0,0,0,0,0,1,0,0,8,0,40.0356,-75.1239, , 
62068,715180,2012109903,6,67,67301,2012,10,3,1100,11,1,2,1,4,1, , ,N,1,2,0,3,0,1,2,2,N, ,39 55:44.943,75 11:13.894,1128, ,1128, ,0, , , ,3, , , , , , , , , ,2,2,0,0,0,0,0,0,0,0,0,0,1,1,0,0,0,0,0,0,0,0,0,0,0,0,0,0,0,0,0,0,0,0,0,8,0,39.9292,-75.1872, , 
62069,715214,2012109702,6,67,67301,2012,10,3,1410,14,8,2,1,7,2, , ,N,0,0,3,3,0,1,1,1,N, ,39 55:10.887,75 12:10.194,1455, ,1451, ,0, , , ,0, , , , , , , , , ,1,0,0,0,1,0,0,0,0,0,0,0,1,1,0,0,0,0,0,0,0,0,0,0,0,0,0,0,0,0,0,0,0,0,0,8,0,39.9197,-75.2027, , 
62070,715233,2012060727,6,67,67301,2012,5,6,1705,17,1,1,0,4,1, , ,N,1,3,0,3,0,1,2,3,N, ,39 58:34.118,75 10:42.124,1711, ,1708, ,0, , , ,3, , , , , , , , , ,3,2,0,0,1,0,0,0,0,0,0,0,1,1,0,0,0,0,0,0,1,0,0,0,0,0,0,0,0,0,0,0,0,0,0,8,0,39.9761,-75.1784, , 
62071,715246,2012078498,6,67,67301,2012,7,2,1826,18,1,1,0,8,1, , ,N,0,0,0,3,0,1,2,2,N,N,39 59:09.106,75 07:35.432,1836, ,1826,9,1,3,N, ,0,N, , , , , , , , ,1,1,0,0,0,0,0,0,0,0,0,0,1,1,0,0,0,0,0,0,0,0,0,0,0,0,0,0,0,0,0,0,1,0,0,8,0,39.9859,-75.1265, , 
62072,715248,2012083152,6,67,67301,2012,7,2,1300,13,1,1,0,4,1, , ,N,0,0,0,3,0,0,1,4,N,N,40 01:38.729,75 06:25.014,1300, ,1300,2,1,1,N, ,0,N, , , , , , , , ,4,3,0,0,0,0,1,0,0,0,0,0,0,0,0,0,0,0,0,0,0,0,0,0,0,0,0,0,0,0,0,0,0,0,0,0,0,40.0274,-75.1069, , 
62073,715290,2012068130,6,67,67301,2012,6,7,246,2,3,1,0,7,4, , ,N,0,0,0,3,0,1,1,1,N,N,39 55:52.727,75 11:58.137,254, ,258,1,1,3,N, ,0,N, , , , , , , , ,1,1,0,0,0,0,0,0,0,0,0,1,1,0,0,0,0,0,0,0,0,0,0,0,0,0,0,0,0,0,0,0,0,0,0,4,0,39.9313,-75.1995, , 
62074,715300,2012078295,6,67,67301,2012,6,5,2029,20,1,1,0,8,1, , ,N,1,0,0,3,0,1,2,2,N,N,39 58:54.478,75 10:54.811,2156, ,2029, ,0, ,N, ,0, , , , , , , , , ,1,1,0,0,0,0,0,0,0,0,0,1,1,0,0,0,0,0,0,0,0,0,0,0,0,0,0,0,0,0,0,0,1,0,0,4,0,39.9818,-75.1819, , 
62075,715318,2012095556,6,67,67301,2012,8,6,1744,17,1,1,0,4,1, , ,N,2,0,0,3,0,1,2,3,N,N,39 54:49.360,75 08:51.602,1754, ,1749, ,0, ,N, ,0, , , , , , , , , ,3,2,1,0,0,0,0,0,0,0,0,0,1,1,0,0,0,0,0,0,0,1,0,0,0,0,0,0,0,0,0,0,0,0,0,8,0,39.9137,-75.1477, , 
62076,708981,2012067075,6,67,67301,2012,6,7,2010,20,1,1,0,4,1, , ,N,2,0,0,3,0,4,4,2,N,N,39 58:55.207,75 13:49.576,2033, ,2015,2,1,2,N, ,0,N, , , , , , , , ,2,2,0,0,0,0,0,0,0,0,0,0,4,4,0,0,0,0,0,0,0,0,0,0,0,0,0,0,0,0,0,0,0,0,0,8,0,39.982,-75.2304, , 
62077,708983,2012068684,6,67,67301,2012,6,4,1430,14,1,1,0,4,2, , ,N,0,0,0,3,0,1,1,3,N, ,39 59:45.855,75 06:51.037,1445, ,1445, ,0, , , ,0, , , , , , , , , ,3,2,0,0,1,0,0,0,0,0,0,1,1,0,0,0,0,0,0,0,1,0,0,0,0,0,0,0,0,0,0,0,0,0,0,4,0,39.9961,-75.1142, , 
62078,708985,2012076035,6,67,67301,2012,6,5,1000,10,1,1,0,4,1, , ,N,2,3,0,3,0,3,3,2,N, ,40 00:29.592,75 05:41.301,1025, ,1020, ,0, , , ,3, , , , , , , , , ,2,2,0,0,0,0,0,0,0,0,0,0,3,3,0,0,0,0,0,0,0,0,0,0,0,0,0,0,0,0,0,0,0,0,0,8,0,40.0082,-75.0948, , 
62079,708991,2012078494,6,67,67301,2012,6,7,155,1,3,1,0,7,2, , ,N,0,0,0,3,0,0,1,1,N,N,40 01:58.928,75 11:55.819,200, ,157, ,0, ,N, ,0, , , , , , , , , ,1,0,0,0,0,0,0,1,0,0,0,0,0,0,0,0,0,0,0,0,0,0,0,0,0,0,0,0,0,0,0,0,0,0,0,0,0,40.033,-75.1988, , 
62080,709011,2012104084,6,67,67301,2012,9,7,130,1,3,1,0,7,4,8,8,Y,1,2,0,3,0,0,1,2,N, ,40 02:58.479,75 05:44.227,138,99,132, ,0, ,N, ,3, ,U,U,U,U,U,U,U,U,2,2,0,0,0,0,0,0,0,0,0,0,0,0,0,0,0,0,0,0,0,0,0,0,0,0,0,0,0,0,0,0,0,0,0,0,0,40.0496,-75.0956, , 
62081,709060,2012060838,6,67,67301,2012,5,1,1642,16,1,1,0,1,1, , ,N,0,0,0,3,0,6,7,3,N,N,40 02:59.545,75 03:28.739,1648, ,1644, ,0, , , ,0, , , , , , , , , ,3,2,0,0,0,0,0,1,0,0,3,3,6,0,1,0,0,0,0,1,1,0,0,0,0,0,0,0,0,0,0,0,0,0,0,3,0,40.0499,-75.058, , 
62082,709082,2012078360,6,67,67301,2012,6,6,445,4,3,1,0,1,6, , ,N,0,0,0,3,0,4,5,2,N,N,40 03:10.975,75 09:08.696,453, ,448,2,1,3,N, ,0,N, , , , , , , , ,2,1,0,0,0,0,1,0,0,0,0,4,4,0,0,0,0,0,1,0,1,0,0,1,0,0,0,0,0,0,0,0,0,0,0,4,0,40.053,-75.1524, , 
62083,709085,2012080821,6,67,67301,2012,7,6,1930,19,4,1,0,4,1, , ,N,1,2,0,3,0,0,2,2,N,N,40 03:08.339,75 00:28.750,1940, ,1935, ,0, ,N, ,3, , , , , , , , , ,2,2,0,0,0,0,0,0,0,0,0,0,0,0,0,0,0,0,0,0,0,0,0,0,0,0,0,0,0,0,0,0,0,0,0,0,0,40.0523,-75.008, , 
62084,709111,2012068881,6,67,67301,2012,6,3,1600,16,1,2,1,4,1, , ,N,1,2,0,3,0,2,3,2,N,N,40 01:20.289,75 09:43.290,1605, ,1600, ,0, ,N, ,3, , , , , , , , , ,2,2,0,0,0,0,0,0,0,0,2,0,2,0,0,0,0,0,0,0,2,0,0,0,0,0,0,0,0,0,0,0,0,0,0,3,0,40.0223,-75.162, , 
62085,709130,2012083649,6,67,67301,2012,5,5,219,2,3,1,0,7,4, , ,N,7,0,2,3,1,0,1,1,N,N,39 57:24.497,75 09:12.843,225, ,224,2,2,3,N,0,0,Y, , , , , , , , ,1,0,0,0,0,0,1,0,0,0,0,0,0,0,0,0,0,0,1,0,0,0,0,1,1,0,0,0,0,0,0,0,0,0,0,1,0,39.9568,-75.1536,1, 
62086,709134,2012085807,6,67,67301,2012,8,5,1200,12,1,1,0,4,4, , ,N,1,2,0,3,0,0,2,2,N, ,39 57:33.096,75 10:31.926,1218, ,1215, ,0, , , ,3, , , , , , , , , ,1,1,0,0,0,0,0,0,0,0,0,1,1,0,0,0,0,0,0,0,0,0,0,0,0,0,0,0,0,0,0,0,2,0,0,4,0,39.9592,-75.1755, , 
62087,709157,2012116480,6,67,67301,2012,11,7,1448,14,1,1,0,1,1, , ,N,0,0,0,3,0,1,6,2,N,N,40 02:44.154,75 00:06.127,1451, ,1451, ,0, ,N, ,0, , , , , , , , , ,2,0,1,0,0,0,0,1,0,0,0,1,1,0,0,0,0,0,0,0,0,0,0,0,0,0,0,0,0,0,0,0,0,0,0,4,0,40.0455,-75.0018, , 
62088,709165,2012073536,6,46,46102,2012,6,5,1415,14,1,1,0,8,1, , ,N,3,2,7,3,0,1,3,2,N,N,40 04:22.157,75 09:21.257,1510, ,1506, ,0, ,N, ,3, , , , , , , , , ,1,1,0,0,0,0,0,0,0,0,0,0,1,1,0,0,0,0,0,0,0,1,0,0,0,0,0,0,0,0,0,0,1,0,0,8,0,40.0727,-75.1558, , 
62089,709168,2012088535,6,67,67301,2012,8,6,1620,16,1,1,0,8,1, , ,N,1,2,0,3,0,1,1,1,N,N,39 57:20.839,75 13:32.687,1940, ,1940, ,0, ,N, ,3, , , , , , , , , ,1,0,0,0,0,0,0,1,0,0,0,1,1,0,0,0,0,0,0,0,0,0,0,0,0,0,0,0,0,0,0,0,1,0,0,4,0,39.9558,-75.2257, , 
62090,709183,2012099042,6,67,67301,2012,9,3,1553,15,1,1,0,8,1, , ,N,0,0,0,3,0,1,2,2,N,N,40 00:08.429,75 09:31.365,1558, ,1555,3,2,6,N, ,0,Y, , , , , , , , ,1,0,0,0,0,0,0,1,0,0,0,0,1,1,0,0,0,0,0,0,0,0,0,1,0,0,0,0,0,0,0,0,1,0,0,8,0,40.0023,-75.1587, , 
62091,709189,2012104184,6,67,67301,2012,8,3,720,7,1,1,8,5,1, , ,N,1,2,0,3,0,1,2,2,N, ,40 02:35.626,75 10:51.146,727, ,725,9,1,2, , ,3,Y, , , , , , , , ,1,0,0,1,0,0,0,0,1,0,1,0,1,0,0,0,0,0,0,0,1,0,0,0,0,0,0,0,0,0,0,0,0,0,0,3,1,40.0432,-75.1809, , 
62092,709214,2012063999,6,67,67301,2012,5,1,210,2,3,1,0,4,1, , ,N,0,0,7,3,0,1,2,2,N,N,40 04:04.782,75 00:18.649,220, ,215, ,0, ,N, ,0, , , , , , , , , ,2,0,1,0,0,0,1,0,0,1,0,0,1,0,0,0,0,0,0,0,0,0,0,0,0,0,0,0,0,1,0,0,0,0,0,2,0,40.068,-75.0052, , 
62093,709236,2012095518,6,67,67301,2012,8,2,1556,15,1,1,0,1,1, , ,N,0,2,0,3,0,1,2,2,N,N,39 56:05.084,75 08:33.420,1606, ,1556, ,0, ,N, ,3, , , , , , , , , ,2,0,0,0,0,1,1,0,0,0,0,1,1,0,0,0,0,0,0,0,0,0,0,0,0,0,0,0,0,0,0,0,0,0,0,4,1,39.9347,-75.1426, , 
62094,712002,2012063974,6,67,67301,2012,5,7,1030,10,1,1,0,4,1, , ,N,0,0,0,3,0,1,2,2,N,N,39 59:35.834,75 08:58.327,1045, ,1030,1,1,4,N, ,0,Y, , , , , , , , ,2,2,0,0,0,0,0,0,0,0,0,0,1,1,0,0,0,0,0,0,0,0,0,0,0,0,0,0,0,0,0,0,0,0,0,8,0,39.9933,-75.1495, , 
62095,712010,2012087773,6,67,67301,2012,9,7,723,7,1,1,0,1,1, , ,N,0,0,0,3,0,0,3,3,N,N,40 00:56.368,75 03:09.774,730, ,724,2,1,1,Y, ,0,N, , , , , , , , ,3,2,0,0,1,0,0,0,0,0,0,0,0,0,0,0,0,0,0,1,0,0,0,0,0,0,0,0,0,0,0,0,0,0,0,0,0,40.0156,-75.0528, , 
62096,712020,2012098245,6,67,67301,2012,9,2,800,8,1,1,0,7,5, , ,N,0,0,0,3,0,1,1,1,N,N,40 04:31.440,75 03:06.562,829, ,827, ,0, ,N, ,0, , , , , , , , , ,1,1,0,0,0,0,0,0,0,0,1,0,1,0,0,0,0,0,0,0,1,0,0,0,0,0,0,0,0,0,0,0,0,0,0,3,0,40.0754,-75.0518, , 