objectid_1,objectid,crn,district,county,municipality,crash_year,crash_month,day_of_week,time_of_day,hour_of_day,illumination,weather,road_condition,collision_type,relation_to_road,work_zone_type,work_zone_loc,work_zone_ind,intersect_type,tcd_type,location_type,urban_rural,fatal_count,injury_count,person_count,total_units,sch_bus_ind,sch_zone_ind,latitude,longitude,arrival_tm,cons_zone_spd_lim,dispatch_tm,est_hrs_closed,lane_closed,ln_close_dir,ntfy_hiwy_maint,spec_juris_cd,tcd_func_cd,tfc_detour_ind,workers_pres,wz_close_detour,wz_flagger,wz_law_offcr_ind,wz_ln_closure,wz_moving,wz_other,wz_shlder_mdn,vehicle_count,automobile_count,motorcycle_count,bus_count,small_truck_count,heavy_truck_count,suv_count,van_count,bicycle_count,maj_inj_count,mod_inj_count,min_inj_count,tot_inj_count,unk_inj_deg_count,unk_inj_per_count,driver_count_16yr,driver_count_17yr,driver_count_18yr,driver_count_19yr,driver_count_20yr,driver_count_50_64yr,driver_count_65_74yr,driver_count_75plus,unbelted_occ_count,unb_death_count,unb_maj_inj_count,belted_death_count,belted_maj_inj_count,mcycle_death_count,mcycle_maj_inj_count,bicycle_death_count,bicycle_maj_inj_count,ped_count,ped_death_count,ped_maj_inj_count,max_severity_level,comm_veh_count,dec_lat,dec_long,rdwy_surf_type_cd,county_name
62097,712037,2012114370,6,67,67301,2012,10,6,930,9,1,1,0,4,1, , ,N,1,3,0,3,0,1,2,2,N,N,40 02:25.407,75 04:07.766,945, ,940, ,0, , , ,3, , , , , , , , , ,2,2,0,0,0,0,0,0,0,0,0,1,1,0,0,0,0,0,0,0,0,0,0,0,0,0,0,0,0,0,0,0,0,0,0,4,0,40.0404,-75.0688, , 
62098,712044,2012119832,6,67,67301,2012,11,4,1142,11,1,1,0,5,1, , ,N,0,0,0,3,0,1,4,2,N,N,39 58:47.646,75 12:16.955,1200, ,1154, ,0, ,N, ,0, , , , , , , , , ,2,2,0,0,0,0,0,0,0,0,0,0,1,1,0,0,0,0,0,1,0,0,0,0,0,0,0,0,0,0,0,0,0,0,0,8,0,39.9799,-75.2047, , 
62099,712055,2012063943,6,67,67301,2012,5,3,1156,11,1,1,1,4,2, , ,N,1,2,0,3,0,1,3,2,N,N,39 59:38.150,75 09:16.063,1300, ,1258, ,0, ,N, ,3, , , , , , , , , ,2,1,0,1,0,0,0,0,0,0,0,1,1,0,0,0,0,0,0,0,1,0,0,0,0,0,0,0,0,0,0,0,0,0,0,4,1,39.9939,-75.1545, , 
62100,712062,2012067071,6,67,67301,2012,5,1,1919,19,1,1,0,8,1, , ,N,0,0,0,3,0,1,2,2,N,N,40 02:44.165,75 10:38.304,1921, ,1919, ,0, ,N, ,0, , , , , , , , , ,1,0,0,0,0,0,1,0,0,0,0,1,1,0,0,0,0,0,0,0,0,0,0,1,0,0,0,0,0,0,0,0,1,0,0,4,0,40.0456,-75.1773, , 
62101,712064,2012068801,6,67,67301,2012,5,5,125,1,3,1,0,4,2, , ,N,2,3,0,3,0,1,2,3,N,N,40 01:58.026,75 01:55.747,9999, ,9999, ,0, ,N, ,3, , , , , , , , , ,3,3,0,0,0,0,0,0,0,0,0,1,1,0,0,0,0,0,0,0,0,0,0,1,0,0,0,0,0,0,0,0,0,0,0,4,0,40.0328,-75.0322, , 
62102,712065,2012068954,6,67,67301,2012,6,3,9999,99,1,1,0,1,1, , ,N,2,3,0,3,0,1,2,2,N, ,40 00:48.999,75 05:57.566,935, ,930, ,0, , , ,9, , , , , , , , , ,1,0,0,0,0,0,0,0,1,0,0,1,1,0,0,0,0,0,0,0,0,0,0,0,0,0,0,0,0,0,0,0,0,0,0,4,0,40.0136,-75.0993, , 
62103,712076,2012082602,6,67,67301,2012,8,3,1013,10,1,1,0,5,1, , ,N,0,0,0,3,0,1,3,2,N,N,39 56:52.802,75 09:26.981,1055, ,1014,3,2,2,N, ,0,Y, , , , , , , , ,2,0,1,0,0,1,0,0,0,0,1,0,1,0,0,0,0,0,0,0,0,0,0,0,0,0,0,0,0,0,0,0,0,0,0,3,1,39.948,-75.1575, , 
62104,712077,2012082921,6,67,67301,2012,8,1,2057,20,3,1,0,7,2,1,8,Y,0,0,0,3,0,0,2,1,N,N,39 53:37.236,75 11:45.241,2120,55,2106, ,0, ,N, ,0, ,N,N,N,N,Y,N,N,N,1,1,0,0,0,0,0,0,0,0,0,0,0,0,0,0,0,0,0,0,0,0,0,0,0,0,0,0,0,0,0,0,0,0,0,0,0,39.8937,-75.1959, , 
62105,712093,2012095083,6,67,67301,2012,9,3,1652,16,1,1,1,1,1, , ,N,0,0,0,3,0,2,4,2,N,N,39 58:13.505,75 07:30.265,1655, ,1653, ,0, ,N, ,0, , , , , , , , , ,2,1,0,0,1,0,0,0,0,0,0,2,2,0,0,0,0,0,0,0,0,1,0,1,0,0,0,0,0,0,0,0,0,0,0,4,0,39.9704,-75.1252, , 
62106,712097,2012066659,6,67,67301,2012,6,1,2035,20,8,2,1,7,5, , ,N,2,0,0,3,0,0,1,1,N,N,39 59:05.643,75 09:58.813,2045, ,2038, ,0, , , ,0, , , , , , , , , ,1,1,0,0,0,0,0,0,0,0,0,0,0,0,0,0,0,0,1,0,0,0,0,0,0,0,0,0,0,0,0,0,0,0,0,0,0,39.9849,-75.1663, , 
62107,712113,2012078274,6,67,67301,2012,7,2,2153,21,4,1,0,7,2, , ,N,1,0,0,3,0,2,2,1,N,N,40 01:25.375,75 09:52.586,2154, ,2154, ,0, ,N, ,0, , , , , , , , , ,1,1,0,0,0,0,0,0,0,0,0,0,2,2,0,0,0,0,0,0,0,0,0,2,0,0,0,0,0,0,0,0,0,0,0,8,0,40.0237,-75.1646, , 
62108,712126,2012085444,6,67,67301,2012,8,6,823,8,1,1,0,7,2, , ,N,7,0,2,3,0,1,1,1,N,N,39 58:23.355,75 11:37.454,837, ,827,1,2,4,N, ,0,N, , , , , , , , ,1,1,0,0,0,0,0,0,0,0,0,0,1,1,0,0,0,0,0,0,0,0,0,1,0,0,0,0,0,0,0,0,0,0,0,8,0,39.9732,-75.1937, , 
62109,712132,2012093261,6,67,67301,2012,8,4,1154,11,1,1,0,1,1, , ,N,0,0,0,3,0,1,2,2,N,N,39 58:31.786,75 11:41.385,1200, ,1159, ,0, ,N, ,0, , , , , , , , , ,2,0,0,0,0,0,2,0,0,0,0,1,1,0,0,0,0,0,0,0,1,0,0,0,0,0,0,0,0,0,0,0,0,0,0,4,0,39.9755,-75.1948, , 
62110,712138,2012103948,6,67,67301,2012,9,6,1000,10,1,1,0,6,1, , ,N,0,0,0,3,0,0,2,2,N,N,40 01:51.585,75 05:35.746,1010, ,1004, ,0, ,N, ,0, , , , , , , , , ,2,2,0,0,0,0,0,0,0,0,0,0,0,0,0,0,0,0,0,0,1,0,0,0,0,0,0,0,0,0,0,0,0,0,0,0,0,40.031,-75.0933, , 
62111,712143,2012055789,6,67,67301,2012,5,6,1355,13,1,1,0,5,1, , ,N,0,0,1,3,0,1,2,2,N,N,39 56:45.552,75 08:33.040,1405, ,1357,1,1,2,N, ,0,N, , , , , , , , ,2,2,0,0,0,0,0,0,0,0,0,1,1,0,0,0,0,0,0,0,0,0,0,0,0,0,0,0,0,0,0,0,0,0,0,4,0,39.946,-75.1425, , 
62112,712144,2012056670,6,67,67301,2012,5,2,1605,16,1,1,0,4,1, , ,N,0,0,7,3,0,1,2,2,N,N,39 57:25.120,75 11:39.174,1611, ,1609,1,1,4,N, ,0,N, , , , , , , , ,2,1,1,0,0,0,0,0,0,0,0,1,1,0,0,0,0,0,0,0,0,0,0,0,0,0,0,0,0,0,0,0,0,0,0,4,0,39.957,-75.1942, , 
62113,717912,2012098237,6,67,67301,2012,9,7,2114,21,2,2,1,4,1, , ,N,1,2,0,3,0,1,1,2,N,N,40 03:06.246,75 07:37.696,2118, ,2115, ,0, ,N, ,3, , , , , , , , , ,2,2,0,0,0,0,0,0,0,0,0,1,1,0,0,0,0,0,0,0,0,0,0,0,0,0,0,0,0,0,0,0,0,0,0,4,0,40.0517,-75.1271, , 
62114,717913,2012098415,6,67,67301,2012,9,1,1625,16,1,1,0,4,1, , ,N,1,3,0,3,0,2,3,2,N, ,39 55:36.285,75 09:20.638,1630, ,1625,9,2,5, , ,3,Y, , , , , , , , ,2,1,0,0,0,0,0,1,0,0,0,2,2,0,0,0,0,0,0,1,0,0,0,0,0,0,0,0,0,0,0,0,0,0,0,4,0,39.9267,-75.1557, , 
62115,717939,2012068929,6,67,67301,2012,6,1,1301,13,1,1,0,4,1, , ,N,1,2,0,3,0,4,7,5,N,N,40 04:51.077,75 01:43.585,1310, ,1301, ,0, ,N, ,3, , , , , , , , , ,5,3,0,0,0,0,2,0,0,0,0,4,4,0,0,0,0,1,0,0,2,0,0,0,0,0,0,0,0,0,0,0,0,0,0,4,0,40.0809,-75.0288, , 
62116,717947,2012078990,6,67,67301,2012,6,3,800,8,1,1,0,8,1, , ,N,1,2,0,3,0,1,2,2,N, ,39 57:15.624,75 11:30.453,815, ,808, ,0, ,N, ,3, , , , , , , , , ,1,1,0,0,0,0,0,0,0,0,1,0,1,0,0,0,0,0,0,0,0,0,0,0,0,0,0,0,0,0,0,0,1,0,0,3,0,39.9543,-75.1918, , 
62117,717955,2012088529,6,67,67301,2012,8,1,2208,22,3,0,1,8,1, , ,N,0,0,0,3,0,1,2,2,N,N,40 03:18.270,75 11:04.851,2320, ,2314, ,0, ,N, ,0, , , , , , , , , ,1,1,0,0,0,0,0,0,0,0,0,1,1,0,0,0,0,0,0,0,0,1,0,0,0,0,0,0,0,0,0,0,1,0,0,4,0,40.0551,-75.1847, , 
62118,717965,2012098990,6,67,67301,2012,9,2,1137,11,3,1,0,1,1, , ,N,0,0,0,3,0,3,4,4,N, ,40 01:00.696,75 05:00.749,1203, ,1200,2,1,1, , ,0,N, , , , , , , , ,4,2,0,0,0,0,2,0,0,1,0,0,1,0,0,0,0,0,1,0,0,0,0,1,0,1,0,0,0,0,0,0,0,0,0,2,0,40.0169,-75.0835, , 
62119,717968,2012104126,6,67,67301,2012,9,7,1830,18,1,1,0,4,1, , ,N,1,2,0,3,0,1,2,2,N, ,39 58:19.508,75 09:51.420,2149, ,2138, ,0, , , ,3, , , , , , , , , ,1,0,0,0,0,0,0,0,1,0,0,1,1,0,1,0,0,0,0,0,0,0,0,0,0,0,0,0,0,0,0,0,0,0,0,4,0,39.9721,-75.1642, , 
62120,717975,2012109782,6,67,67301,2012,9,1,1640,16,1,1,0,1,1, , ,N,0,0,0,3,0,1,5,3,N,N,40 02:28.908,75 01:41.719,1655, ,1648,3,1,2, , ,0,N, , , , , , , , ,3,1,0,0,1,0,1,0,0,0,0,1,1,0,0,0,0,0,0,0,0,0,0,0,0,0,0,0,0,0,0,0,0,0,0,4,0,40.0414,-75.0283, , 
62121,717979,2012056746,6,67,67301,2012,5,4,831,8,1,2,1,4,1, , ,N,0,0,6,3,0,1,4,3,N,N,40 01:21.088,75 08:17.237,838, ,835,2,2,2,N, ,0,N, , , , , , , , ,3,0,0,0,1,0,2,0,0,0,1,0,1,0,1,0,0,0,0,0,1,0,0,0,0,0,0,0,0,0,0,0,0,0,0,3,0,40.0225,-75.1381, , 
62122,717984,2012060634,6,67,67301,2012,5,3,1930,19,1,2,1,1,1, , ,N,1,2,0,3,0,1,2,2,N, ,39 57:42.363,75 09:22.080,2104, ,2049, ,0, , , ,3, , , , , , , , , ,2,1,0,0,0,0,1,0,0,0,0,0,1,1,1,0,0,0,0,0,0,0,0,0,0,0,0,0,0,0,0,0,0,0,0,8,0,39.9617,-75.1561, , 
62123,717994,2012066488,6,67,67301,2012,6,7,1125,11,1,1,0,4,1, , ,N,2,3,0,3,0,0,4,2,N,N,40 07:11.834,74 59:43.018,1135, ,1130, ,0, ,N, ,3, , , , , , , , , ,2,0,0,0,1,0,0,1,0,0,0,0,0,0,1,0,0,0,0,0,0,0,0,0,0,0,0,0,0,0,0,0,0,0,0,9,0,40.12,-74.9953, , 
62124,718021,2012098947,6,67,67301,2012,9,3,535,5,5,1,0,2,1, , ,N,1,2,0,3,0,2,3,2,N,N,40 00:51.570,75 10:41.163,541, ,538, ,0, ,N, ,3, , , , , , , , , ,2,2,0,0,0,0,0,0,0,0,0,1,2,1,0,0,0,0,1,0,1,0,0,0,0,0,0,0,0,0,0,0,0,0,0,4,0,40.0143,-75.1781, , 
62125,718022,2012100290,6,67,67301,2012,10,1,2030,20,3,2,1,7,2, , ,N,0,0,0,3,0,0,1,1,N,N,39 56:38.199,75 11:31.877,2048, ,2040, ,0, ,N, ,0, , , , , , , , , ,1,1,0,0,0,0,0,0,0,0,0,0,0,0,0,0,0,0,0,0,0,0,0,0,0,0,0,0,0,0,0,0,0,0,0,0,0,39.9425,-75.1936, , 
62126,718032,2012085798,6,67,67301,2012,7,5,1140,11,1,1,0,4,1, , ,N,1,2,0,3,0,0,2,2,N,N,40 03:02.656,75 08:55.144,1145, ,1143, ,0, ,N, ,3, , , , , , , , , ,2,0,0,0,0,0,1,1,0,0,0,0,0,0,0,0,0,0,0,0,0,0,0,0,0,0,0,0,0,0,0,0,0,0,0,0,0,40.0507,-75.1487, , 
62127,718033,2012088077,6,67,67301,2012,8,6,2200,22,3,2,1,8,1, , ,N,0,0,0,3,0,1,1,2,N,N,40 02:18.748,75 08:41.456,2206, ,2206, ,0, ,N, ,0, , , , , , , , , ,1,1,0,0,0,0,0,0,0,0,0,0,1,1,0,0,0,0,0,0,0,0,0,0,0,0,0,0,0,0,0,0,1,0,0,8,0,40.0385,-75.1448, , 
62128,718042,2012078288,6,67,67301,2012,7,1,1518,15,1,1,0,4,1, , ,N,1,3,0,3,0,2,3,2,N,N,40 00:27.973,75 08:22.555,1714, ,1518, ,0, ,N, ,3, , , , , , , , , ,2,1,1,0,0,0,0,0,0,0,0,1,2,1,1,0,0,0,0,0,0,0,0,0,0,0,0,0,0,0,0,0,0,0,0,4,0,40.0078,-75.1396, , 
62129,718052,2012088998,6,67,67301,2012,8,6,1346,13,1,1,0,5,1, , ,N,1,0,0,3,0,1,2,2,N,N,40 01:57.810,75 06:23.231,1356, ,1356, ,0, ,N, ,0, , , , , , , , , ,2,2,0,0,0,0,0,0,0,0,0,1,1,0,0,0,0,0,0,0,0,1,0,0,0,0,0,0,0,0,0,0,0,0,0,4,0,40.0327,-75.1065, , 
62130,718080,2012078599,6,67,67301,2012,6,5,1326,13,1,1,0,1,1,8,8,Y,0,0,3,3,0,1,9,3,N,N,39 53:51.633,75 12:42.272,1330,99,1330, ,0, ,N, ,0, ,U,U,U,U,U,U,U,U,3,1,0,0,0,0,2,0,0,0,0,1,1,0,0,0,0,0,0,0,2,0,0,0,0,0,0,0,0,0,0,0,0,0,0,4,0,39.8977,-75.2117, , 
62131,715333,2012068846,6,67,67301,2012,6,3,1310,13,1,2,1,1,1, , ,N,0,2,0,3,0,2,3,2,N, ,40 03:35.558,75 03:07.293,1313, ,1311, ,0, , , ,3, , , , , , , , , ,2,0,0,0,0,0,2,0,0,0,0,1,2,1,0,0,0,0,0,0,0,0,0,0,0,0,0,0,0,0,0,0,0,0,0,4,0,40.0598,-75.052, , 
62132,715339,2012066855,6,67,67301,2012,6,6,2151,21,3,2,1,1,1, , ,N,0,0,0,3,0,1,4,3,N,N,40 00:54.719,75 03:14.718,2151, ,2151,1,1,2,N, ,0,N, , , , , , , , ,3,3,0,0,0,0,0,0,0,0,0,0,1,1,0,0,0,0,0,1,2,0,0,0,0,0,0,0,0,0,0,0,0,0,0,8,0,40.0152,-75.0541, , 
62133,715361,2012093628,6,67,67301,2012,9,5,1538,15,1,1,0,1,1, , ,N,0,0,0,3,0,0,6,4,N,Y,39 59:30.160,75 12:08.997,1541, ,1539,1,1,4,N, ,0,N, , , , , , , , ,4,4,0,0,0,0,0,0,0,0,0,0,0,0,0,0,0,1,0,1,0,0,0,0,0,0,0,0,0,0,0,0,0,0,0,0,0,39.9917,-75.2025, , 
62134,715367,2012100592,6,67,67301,2012,9,2,1602,16,1,1,0,4,1, , ,N,2,0,0,3,0,1,1,2,N, ,39 55:42.917,75 08:40.122,1620, ,1619, ,0, ,N, ,0, , , , , , , , , ,1,0,0,0,0,0,0,0,1,0,0,1,1,0,0,0,0,0,0,0,0,0,0,0,0,0,0,0,0,0,0,0,1,0,0,4,0,39.9286,-75.1445, , 
62135,715368,2012102833,6,67,67301,2012,10,3,1755,17,3,2,1,1,1, , ,N,0,0,0,3,0,0,4,4,N,N,39 56:36.020,75 08:33.950,1802, ,1758,1,1,1,N, ,0,N, , , , , , , , ,4,2,0,0,1,0,1,0,0,0,0,0,0,0,0,0,0,0,0,0,0,1,0,0,0,0,0,0,0,0,0,0,0,0,0,0,0,39.9432,-75.1428, , 
62136,715380,2012060715,6,67,67301,2012,5,4,1409,14,1,1,0,4,2, , ,N,0,0,0,3,0,1,2,3,N,N,39 57:28.162,75 12:49.925,1439, ,1436, ,0, ,N, ,0, , , , , , , , , ,2,2,0,0,0,0,0,0,0,0,0,1,1,0,1,0,0,0,0,0,0,0,0,0,0,0,0,0,0,0,0,0,1,0,0,4,0,39.9578,-75.2139, , 
62137,715381,2012063994,6,67,67301,2012,3,7,855,8,1,1,0,4,6, , ,N,0,0,7,3,0,0,1,2,N,N,39 57:15.433,75 13:56.974,905, ,900, ,0, ,N, ,0, , , , , , , , , ,2,1,0,0,0,0,1,0,0,0,0,0,0,0,0,0,0,0,0,0,0,0,0,0,0,0,0,0,0,0,0,0,0,0,0,0,0,39.9543,-75.2325, , 
62138,715391,2012066691,6,67,67301,2012,5,1,2130,21,3,1,0,4,1, , ,N,0,0,0,3,0,0,1,3,N, ,39 57:49.760,75 08:21.270,2135, ,2133,2,2,1, , ,0,Y, , , , , , , , ,3,3,0,0,0,0,0,0,0,0,0,0,0,0,0,0,0,0,0,0,0,0,0,0,0,0,0,0,0,0,0,0,0,0,0,0,0,39.9638,-75.1392, , 
62139,715401,2012080836,6,67,67301,2012,7,2,1520,15,1,1,0,1,1, , ,N,2,2,0,3,0,1,2,2,N,N,40 06:02.021,75 02:32.964,1535, ,1530, ,0, ,N, ,3, , , , , , , , , ,2,0,0,0,0,0,1,1,0,0,0,0,1,1,0,0,0,0,0,0,1,0,0,0,0,0,0,0,0,0,0,0,0,0,0,8,0,40.1006,-75.0425, , 
62140,715429,2012065408,6,67,67301,2012,5,5,1250,12,1,1,0,4,1, , ,N,2,2,0,3,0,1,4,4,N,N,40 02:13.022,75 08:42.708,1307, ,1300,2,1,2,N, ,3,N, , , , , , , , ,4,3,0,0,1,0,0,0,0,0,0,1,1,0,0,0,0,0,0,0,1,0,0,0,0,0,0,0,0,0,0,0,0,0,0,4,0,40.0369,-75.1451, , 
62141,715434,2012078390,6,67,67301,2012,6,2,2325,23,3,1,0,7,2, , ,N,1,2,0,3,0,0,1,1,N,N,40 04:16.241,75 02:17.269,2330, ,2330,9,1,1,N, ,3,N, , , , , , , , ,1,1,0,0,0,0,0,0,0,0,0,0,0,0,0,0,0,0,0,0,0,0,0,0,0,0,0,0,0,0,0,0,0,0,0,0,0,40.0712,-75.0381, , 
62142,715450,2012098471,6,67,67301,2012,9,1,2250,22,3,1,0,1,1, , ,N,3,2,0,3,0,3,5,2,N, ,40 05:51.951,75 00:43.901,2305, ,2250,1,1,1, , ,3,Y, , , , , , , , ,2,1,0,0,0,0,0,1,0,0,0,0,3,3,0,0,0,0,0,0,1,0,0,0,0,0,0,0,0,0,0,0,0,0,0,8,0,40.0978,-75.0122, , 
62143,715456,2012104172,6,67,67301,2012,9,7,2230,22,3,2,1,1,1, , ,N,1,2,0,3,0,1,2,2,N, ,40 06:00.676,75 01:18.249,2315, ,2310,2,1,4, , ,3,N, , , , , , , , ,2,2,0,0,0,0,0,0,0,0,0,1,1,0,0,0,0,0,0,0,0,0,0,0,0,0,0,0,0,0,0,0,0,0,0,4,0,40.1002,-75.0217, , 
62144,715480,2012076047,6,67,67301,2012,6,1,2240,22,3,1,0,4,1, , ,N,2,0,0,3,0,1,2,2,N,N,40 01:14.225,75 08:55.554,2303, ,2258, ,0, ,N, ,0, , , , , , , , , ,2,1,1,0,0,0,0,0,0,0,0,1,1,0,0,0,0,0,0,0,1,0,0,0,0,0,0,0,0,0,0,0,0,0,0,4,0,40.0208,-75.1486, , 
62145,715493,2012078549,6,67,67301,2012,7,4,1210,12,1,1,0,8,1, , ,N,0,0,0,3,0,1,3,2,N,N,39 55:20.276,75 09:12.206,1214, ,1214, ,0, ,N, ,0, , , , , , , , , ,1,1,0,0,0,0,0,0,0,0,0,1,1,0,0,0,0,0,0,0,0,0,0,0,0,0,0,0,0,0,0,0,1,0,0,4,0,39.9223,-75.1534, , 
62146,715495,2012080789,6,67,67301,2012,7,6,2220,22,3,1,0,5,1, , ,N,0,2,0,3,0,1,4,2,N,N,39 59:39.285,75 14:02.332,2349, ,2347,9,1,1,N, ,3,N, , , , , , , , ,2,2,0,0,0,0,0,0,0,0,0,1,1,0,2,0,0,0,0,0,0,0,0,0,0,0,0,0,0,0,0,0,0,0,0,4,0,39.9942,-75.234, , 
62147,715498,2012083398,6,67,67301,2012,7,1,347,3,3,1,0,7,2, , ,N,7,4,2,3,0,0,1,1,N,N,40 06:04.577,74 59:20.507,410, ,347, ,0, ,N, ,3, , , , , , , , , ,1,1,0,0,0,0,0,0,0,0,0,0,0,0,0,0,0,0,0,0,0,0,0,0,0,0,0,0,0,0,0,0,0,0,0,0,0,40.1013,-74.989, , 
62148,715524,2012083811,6,67,67301,2012,8,5,2230,22,3,1,0,1,1, , ,N,0,0,7,3,0,0,2,2,N,N,40 00:22.334,75 06:56.185,2248, ,2248,2,1,3,N, ,0,N, , , , , , , , ,2,1,0,0,0,1,0,0,0,0,0,0,0,0,0,0,0,1,0,0,0,0,0,0,0,0,0,0,0,0,0,0,0,0,0,0,1,40.0062,-75.1156, , 
62149,709241,2012102847,6,67,67301,2012,10,1,1616,16,1,1,0,5,1, , ,N,0,0,0,3,0,3,5,2,N,N,39 56:25.985,75 11:52.009,1638, ,1616, ,0, ,N, ,0, , , , , , , , , ,2,1,0,0,0,0,1,0,0,0,0,0,3,3,0,0,0,0,0,0,0,1,0,0,0,0,0,0,0,0,0,0,0,0,0,8,0,39.9406,-75.1978, , 
62150,709243,2012104210,6,67,67301,2012,9,7,0,0,3,1,0,2,9, , ,N,0,2,0,3,0,0,1,2,N, ,40 00:06.710,75 10:03.478,442, ,439, ,0, , , ,3, , , , , , , , , ,2,2,0,0,0,0,0,0,0,0,0,0,0,0,0,0,0,0,0,0,0,0,0,0,0,0,0,0,0,0,0,0,0,0,0,0,0,40.0019,-75.1676, , 
62151,709249,2012109687,6,67,67301,2012,9,7,1141,11,1,1,0,4,1, , ,N,1,2,0,3,0,0,5,2,N,N,39 57:10.026,75 10:00.662,1142, ,1142, ,0, ,N, ,3, , , , , , , , , ,2,2,0,0,0,0,0,0,0,0,0,0,0,0,2,0,0,0,0,0,0,0,0,0,0,0,0,0,0,0,0,0,0,0,0,9,0,39.9528,-75.1669, , 
62152,709253,2012067073,6,67,67301,2012,6,7,1550,15,1,1,0,4,1, , ,N,1,2,0,3,0,0,2,2,N,N,39 58:28.437,75 14:17.876,1612, ,1600,2,1,1,N, ,3,Y, , , , , , , , ,2,2,0,0,0,0,0,0,0,0,0,0,0,0,0,0,0,0,0,0,0,0,0,0,0,0,0,0,0,0,0,0,0,0,0,0,0,39.9746,-75.2383, , 
62153,709256,2012068823,6,67,67301,2012,6,4,1710,17,1,1,0,4,1, , ,N,0,0,0,3,0,1,3,2,N, ,40 02:51.645,75 03:35.383,1715, ,1715,1,1,2, , ,0,N, , , , , , , , ,2,2,0,0,0,0,0,0,0,0,0,1,1,0,0,0,0,0,0,0,1,0,0,0,0,0,0,0,0,0,0,0,0,0,0,4,0,40.0477,-75.0598, , 
62154,709261,2012073538,6,67,67301,2012,6,4,935,9,1,1,0,8,1, , ,N,1,2,0,3,0,1,2,2,N,N,40 03:20.701,75 05:22.429,936, ,936,1,2,5,N, ,3,Y, , , , , , , , ,1,0,0,0,0,0,1,0,0,0,1,0,1,0,0,0,0,0,0,0,0,0,0,0,0,0,0,0,0,0,0,0,1,0,0,3,0,40.0558,-75.0896, , 
62155,709273,2012078303,6,67,67301,2012,6,7,129,1,3,2,1,4,1, , ,N,1,2,0,3,0,1,2,2,N, ,40 00:13.290,75 10:51.870,150, ,132, ,0, , , ,3, , , , , , , , , ,2,1,0,0,0,0,0,0,0,0,0,1,1,0,0,0,0,0,0,0,0,0,0,0,0,0,0,0,0,0,0,0,0,0,0,4,0,40.0037,-75.1811, , 
62156,709279,2012085898,6,67,67301,2012,8,5,1328,13,1,1,0,4,1, , ,N,5,2,0,3,0,3,6,3,N,N,40 02:31.027,75 04:30.123,1331, ,1331, ,0, ,N, ,3, , , , , , , , , ,3,2,0,0,0,0,0,1,0,0,0,3,3,0,0,0,0,0,0,0,0,0,0,1,0,0,0,0,0,0,0,0,0,0,0,4,0,40.0419,-75.075, , 
62157,709356,2012060698,6,67,67301,2012,5,7,45,0,3,1,0,1,1, , ,N,0,0,0,3,0,0,3,3,N,N,40 00:51.551,75 10:42.216,53, ,46, ,0, ,N, ,0, , , , , , , , , ,3,2,0,0,0,0,0,0,0,0,0,0,0,0,0,0,0,0,0,0,0,0,0,1,0,0,0,0,0,0,0,0,0,0,0,0,0,40.0143,-75.1784, , 
62158,709357,2012060702,6,67,67301,2012,5,6,700,7,1,1,0,1,1, , ,N,2,2,6,3,0,0,2,2,N,N,40 01:47.421,75 06:15.635,720, ,705, ,0, ,N, ,3, , , , , , , , , ,2,2,0,0,0,0,0,0,0,0,0,0,0,0,0,0,0,0,0,0,0,0,0,0,0,0,0,0,0,0,0,0,0,0,0,0,0,40.0298,-75.1043, , 
62159,709371,2012073566,6,67,67301,2012,6,7,1350,13,1,1,0,0,1, , ,N,0,0,0,3,0,1,1,1,N,N,39 57:20.202,75 12:30.054,1430, ,1357, ,0, ,N, ,0, , , , , , , , , ,1,0,0,0,0,0,1,0,0,0,0,1,1,0,0,0,0,0,0,0,0,0,0,0,0,0,0,0,0,0,0,0,0,0,0,4,0,39.9556,-75.2083, , 
62160,709375,2012078329,6,67,67301,2012,7,6,2320,23,3,1,0,1,1, , ,N,0,0,0,3,0,1,1,3,N,N,39 59:13.969,75 14:56.075,2333, ,2330, ,0, ,N, ,0, , , , , , , , , ,3,1,0,0,1,0,1,0,0,0,0,1,1,0,0,0,0,0,0,0,0,0,0,0,0,0,0,0,0,0,0,0,0,0,0,4,0,39.9872,-75.2489, , 
62161,709394,2012109768,6,67,67301,2012,9,6,1130,11,1,1,0,8,1, , ,N,0,0,0,3,0,0,2,2,N,N,39 57:55.652,75 10:39.664,1135, ,1132, ,0, ,N, ,0, , , , , , , , , ,1,0,0,0,0,0,0,1,0,0,0,0,1,1,0,0,0,0,0,0,0,0,0,0,0,0,0,0,0,0,0,0,1,0,0,8,0,39.9655,-75.1777, , 
62162,709411,2012068767,6,67,67301,2012,6,1,2001,20,4,1,0,4,1, , ,N,0,0,0,3,0,1,2,2,N,N,40 02:00.530,75 01:45.640,2022, ,2020, ,0, ,N, ,0, , , , , , , , , ,1,0,0,0,1,0,0,0,1,0,1,0,1,0,0,0,0,0,0,0,1,0,0,0,0,0,0,0,0,0,0,0,0,0,0,3,0,40.0335,-75.0293, , 
62163,709421,2012077026,6,67,67301,2012,7,5,916,9,1,1,0,1,1, , ,N,0,0,0,3,0,0,3,3,N,N,39 57:32.045,75 10:12.009,926, ,922,1,2,4,N, ,0,N, , , , , , , , ,3,2,0,0,0,0,1,0,0,0,0,0,0,0,0,0,0,1,0,0,1,0,0,0,0,0,0,0,0,0,0,0,0,0,0,0,0,39.9589,-75.17, , 