objectid_1,objectid,crn,district,county,municipality,crash_year,crash_month,day_of_week,time_of_day,hour_of_day,illumination,weather,road_condition,collision_type,relation_to_road,work_zone_type,work_zone_loc,work_zone_ind,intersect_type,tcd_type,location_type,urban_rural,fatal_count,injury_count,person_count,total_units,sch_bus_ind,sch_zone_ind,latitude,longitude,arrival_tm,cons_zone_spd_lim,dispatch_tm,est_hrs_closed,lane_closed,ln_close_dir,ntfy_hiwy_maint,spec_juris_cd,tcd_func_cd,tfc_detour_ind,workers_pres,wz_close_detour,wz_flagger,wz_law_offcr_ind,wz_ln_closure,wz_moving,wz_other,wz_shlder_mdn,vehicle_count,automobile_count,motorcycle_count,bus_count,small_truck_count,heavy_truck_count,suv_count,van_count,bicycle_count,maj_inj_count,mod_inj_count,min_inj_count,tot_inj_count,unk_inj_deg_count,unk_inj_per_count,driver_count_16yr,driver_count_17yr,driver_count_18yr,driver_count_19yr,driver_count_20yr,driver_count_50_64yr,driver_count_65_74yr,driver_count_75plus,unbelted_occ_count,unb_death_count,unb_maj_inj_count,belted_death_count,belted_maj_inj_count,mcycle_death_count,mcycle_maj_inj_count,bicycle_death_count,bicycle_maj_inj_count,ped_count,ped_death_count,ped_maj_inj_count,max_severity_level,comm_veh_count,dec_lat,dec_long,rdwy_surf_type_cd,county_name
62299,709707,2012083795,6,67,67301,2012,8,3,740,7,1,1,0,4,1, , ,N,2,0,0,3,0,2,4,2,N,N,39 59:30.602,75 07:07.017,810, ,805,1,1,3,N, ,0,N, , , , , , , , ,2,1,0,0,0,0,1,0,0,0,0,1,2,1,0,0,0,0,0,0,0,0,0,0,0,0,0,0,0,0,0,0,0,0,0,4,0,39.9918,-75.1186, , 
62300,709711,2012084050,6,67,67301,2012,8,6,325,3,3,1,0,7,4, , ,N,0,0,2,3,0,0,1,1,N,N,39 57:31.638,75 10:49.001,331, ,327, ,0, ,N, ,0, , , , , , , , , ,1,1,0,0,0,0,0,0,0,0,0,0,0,0,0,0,0,0,0,0,0,0,0,0,0,0,0,0,0,0,0,0,0,0,0,0,0,39.9588,-75.1803, , 
62301,709732,2012112628,6,67,67301,2012,10,6,9999,99,3,1,0,4,1, , ,N,2,3,0,3,0,5,8,4,N,N,40 00:32.432,75 09:22.384,34, ,31, ,0, , , ,3, , , , , , , , , ,4,4,0,0,0,0,0,0,0,0,0,3,5,2,0,0,0,0,0,0,0,0,0,0,0,0,0,0,0,0,0,0,0,0,0,4,0,40.009,-75.1562, , 
62302,709743,2012055944,6,67,67301,2012,6,6,2225,22,3,2,1,7,2, , ,N,7,0,0,3,0,2,3,1,N,N,39 57:41.763,75 10:57.486,2232, ,2230, ,0, ,N, ,0, , , , , , , , , ,1,1,0,0,0,0,0,0,0,0,0,0,2,2,0,0,0,0,0,0,0,0,0,1,0,0,0,0,0,0,0,0,0,0,0,8,0,39.9614,-75.1825, , 
62303,709745,2012056752,6,67,67301,2012,5,1,341,3,3,1,0,7,5, , ,N,0,0,0,3,0,0,1,1,N,N,39 59:50.859,75 07:16.470,424, ,417,9,2,3,N, ,0,Y, , , , , , , , ,1,1,0,0,0,0,0,0,0,0,0,0,0,0,0,0,0,0,0,0,0,0,0,0,0,0,0,0,0,0,0,0,0,0,0,0,0,39.9975,-75.1212, , 
62304,709775,2012120545,6,67,67301,2012,10,5,1420,14,1,1,0,8,1, , ,N,0,0,0,3,0,1,2,2,N, ,39 57:03.116,75 09:36.477,1440, ,1435, ,0, , , ,0, , , , , , , , , ,1,1,0,0,0,0,0,0,0,0,0,1,1,0,1,0,0,0,0,0,0,0,0,0,0,0,0,0,0,0,0,0,1,0,0,4,0,39.9509,-75.1601, , 
62305,709785,2012048189,6,67,67301,2012,4,6,1825,18,1,1,0,1,1, , ,N,1,2,0,3,0,1,1,4,N,N,39 58:57.415,75 10:30.667,1830, ,1829,1,2,4,N, ,3,Y, , , , , , , , ,4,4,0,0,0,0,0,0,0,0,0,1,1,0,0,0,0,0,0,0,0,0,0,0,0,0,0,0,0,0,0,0,0,0,0,4,0,39.9826,-75.1752, , 
62306,709793,2012057502,6,67,67301,2012,5,2,1709,17,1,2,1,4,1, , ,N,3,3,0,3,0,0,2,2,N,N,40 02:19.215,75 02:39.407,1712, ,1709,1,1,4, , ,3,N, , , , , , , , ,2,2,0,0,0,0,0,0,0,0,0,0,0,0,0,0,0,0,0,0,0,0,0,0,0,0,0,0,0,0,0,0,0,0,0,0,0,40.0387,-75.0443, , 
62307,709798,2012078559,6,67,67301,2012,7,2,1832,18,1,1,0,4,1, , ,N,1,3,0,3,0,1,2,2,N, ,39 56:52.461,75 14:37.363,1834, ,1832, ,0, , , ,3, , , , , , , , , ,2,1,0,0,0,0,1,0,0,0,0,0,1,1,0,0,0,0,0,0,1,0,0,1,0,0,0,0,0,0,0,0,0,0,0,8,0,39.9479,-75.2437, , 
62308,709802,2012082375,6,67,67301,2012,8,6,1744,17,1,2,1,1,1, , ,N,0,0,0,3,0,0,3,2,N,N,39 57:29.993,75 09:58.972,1800, ,1746,1,1,3,N, ,0,N, , , , , , , , ,2,2,0,0,0,0,0,0,0,0,0,0,0,0,0,0,0,0,0,0,0,0,0,0,0,0,0,0,0,0,0,0,0,0,0,0,0,39.9583,-75.1664, , 
62309,709813,2012098238,6,67,67301,2012,9,2,900,9,1,1,0,1,1, , ,N,1,2,0,3,0,2,2,2,N,N,40 03:19.907,75 07:34.654,9999, ,9999, ,0, ,N, ,3, , , , , , , , , ,2,2,0,0,0,0,0,0,0,0,0,2,2,0,0,0,0,0,1,0,0,0,0,0,0,0,0,0,0,0,0,0,0,0,0,4,0,40.0554,-75.1263, , 
62310,709814,2012100285,6,67,67301,2012,10,6,1139,11,1,1,0,5,1, , ,N,0,0,0,3,0,1,2,2,N,N,39 58:04.045,75 07:53.547,1153, ,1143,1,2,2,N, ,0,N, , , , , , , , ,2,1,0,0,0,1,0,0,0,0,0,0,1,1,0,0,0,0,0,0,0,0,0,0,0,0,0,0,0,0,0,0,0,0,0,8,1,39.9678,-75.1315, , 
62311,709825,2012109798,6,67,67301,2012,10,1,1110,11,1,2,1,4,1, , ,N,2,3,0,3,0,0,2,2,N,N,40 07:07.266,74 59:36.808,1134, ,1134, ,0, ,N, ,3, , , , , , , , , ,2,2,0,0,0,0,0,0,0,0,0,0,0,0,0,0,0,0,0,0,0,0,0,0,0,0,0,0,0,0,0,0,0,0,0,0,0,40.1187,-74.9936, , 
62312,709841,2012064107,6,67,67301,2012,6,7,2317,23,3,1,0,4,1, , ,N,0,0,0,3,0,0,2,2,N,N,39 53:13.668,75 12:17.893,2333, ,2321, ,0, ,N, ,0, , , , , , , , , ,2,0,0,0,0,0,2,0,0,0,0,0,0,0,0,0,0,0,0,0,2,0,0,0,0,0,0,0,0,0,0,0,0,0,0,0,0,39.8871,-75.205, , 
62313,709848,2012076025,6,67,67301,2012,6,2,2349,23,6,1,0,5,1, , ,N,0,0,0,3,0,0,1,2,N,N,40 03:03.452,75 11:00.369,9999, ,2348, ,0, ,N, ,0, , , , , , , , , ,2,0,0,0,0,0,0,2,0,0,0,0,0,0,0,0,0,0,0,0,0,0,0,0,0,0,0,0,0,0,0,0,0,0,0,0,0,40.051,-75.1834, , 
62314,709878,2012109871,6,67,67301,2012,10,7,850,8,1,1,0,8,1, , ,N,1,2,0,3,0,1,2,2,N,N,39 58:43.230,75 09:28.092,855, ,851, ,0, ,N, ,3, , , , , , , , , ,1,1,0,0,0,0,0,0,0,0,0,1,1,0,0,0,0,0,0,0,1,0,0,0,0,0,0,0,0,0,0,0,1,0,0,4,0,39.9787,-75.1578, , 
62315,712619,2012098400,6,67,67301,2012,8,3,9999,99,1,1,0,2,1, , ,N,1,2,0,3,0,1,3,2,N,N,39 58:55.079,75 14:20.664,1600, ,1555,1,1,2,N, ,3,Y, , , , , , , , ,2,1,0,0,1,0,0,0,0,0,0,0,1,1,0,0,0,0,0,0,1,0,0,0,0,0,0,0,0,0,0,0,0,0,0,8,0,39.9819,-75.239, , 
62316,712620,2012099351,6,67,67301,2012,9,6,2127,21,3,1,0,4,1, , ,N,1,2,0,3,0,0,5,2,N,N,39 55:26.800,75 10:03.408,2133, ,2129, ,0, ,N, ,3, , , , , , , , , ,2,1,0,0,1,0,0,0,0,0,0,0,0,0,3,0,0,0,0,0,0,0,0,0,0,0,0,0,0,0,0,0,0,0,0,9,0,39.9241,-75.1675, , 
62317,712670,2012104193,6,67,67301,2012,9,6,925,9,1,2,1,5,1, , ,N,0,0,0,3,0,2,2,2,N,N,40 00:58.000,75 12:17.100,935, ,930,1,2,1,N, ,0,Y, , , , , , , , ,2,2,0,0,0,0,0,0,0,0,2,0,2,0,0,0,0,0,0,0,0,1,0,0,0,0,0,0,0,0,0,0,0,0,0,3,0,40.0161,-75.2048, , 
62318,712680,2012085858,6,67,67301,2012,8,4,1319,13,1,1,0,9,1, , ,N,0,0,7,3,0,1,2,2,N, ,40 03:52.371,74 59:55.995,1350, ,1346,1,1,4, , ,0,Y, , , , , , , , ,2,2,0,0,0,0,0,0,0,0,0,0,1,1,0,0,0,0,0,0,0,1,0,0,0,0,0,0,0,0,0,0,0,0,0,8,0,40.0645,-74.9989, , 
62319,712688,2012076038,6,67,67301,2012,6,6,1924,19,1,1,0,4,1, , ,N,1,2,0,3,0,1,2,2,N,N,40 05:04.029,75 02:18.148,1930, ,1924,1,1,2,N, ,3,N, , , , , , , , ,2,2,0,0,0,0,0,0,0,0,0,1,1,0,0,0,0,0,0,0,0,0,0,0,0,0,0,0,0,0,0,0,0,0,0,4,0,40.0845,-75.0384, , 
62320,712697,2012088593,6,67,67301,2012,8,3,2228,22,3,1,0,2,2, , ,N,0,0,0,3,0,0,1,1,N, ,39 56:43.040,75 08:35.455,2237, ,2235, ,0, , , ,0, , , , , , , , , ,1,1,0,0,0,0,0,0,0,0,0,0,0,0,0,0,0,0,0,0,0,0,0,0,0,0,0,0,0,0,0,0,0,0,0,0,0,39.9453,-75.1432, , 
62321,712713,2012109696,6,67,67301,2012,9,7,1112,11,1,1,0,1,6, , ,N,1,2,0,3,0,0,2,2,N,N,39 55:03.039,75 10:34.125,9999, ,1112, ,0, ,N, ,3, , , , , , , , , ,2,2,0,0,0,0,0,0,0,0,0,0,0,0,0,0,0,0,0,0,0,0,0,0,0,0,0,0,0,0,0,0,0,0,0,0,0,39.9175,-75.1761, , 
62322,712733,2012068942,6,67,67301,2012,5,5,1518,15,1,9,8,1,1, , ,N,1,2,0,3,0,3,3,3,N,N,40 02:28.801,75 06:24.126,1920, ,1909, ,0, , , ,3, , , , , , , , , ,3,1,0,0,0,0,1,1,0,1,0,2,3,0,0,0,0,0,0,0,0,1,0,0,0,0,0,0,0,0,0,0,0,0,0,2,0,40.0413,-75.1067, , 
62323,712745,2012088576,6,67,67301,2012,8,5,2100,21,3,1,0,8,1, , ,N,2,3,0,3,0,1,3,2,N,N,40 02:47.137,75 09:29.296,2100, ,2100, ,0, ,N, ,3, , , , , , , , , ,1,0,0,0,0,0,0,1,0,0,0,1,1,0,0,0,0,0,0,0,0,0,0,0,0,0,0,0,0,0,0,0,1,0,0,4,0,40.0464,-75.1581, , 
62324,712769,2012066487,6,67,67301,2012,6,2,1930,19,1,1,1,4,1, , ,N,0,0,0,3,0,1,2,2,N,N,40 01:12.576,75 03:26.568,1939, ,1936, ,0, ,N, ,0, , , , , , , , , ,2,0,0,0,0,0,1,0,0,0,0,1,1,0,0,0,0,0,0,0,0,0,0,0,0,0,0,0,0,0,0,0,0,0,0,4,0,40.0202,-75.0574, , 
62325,712779,2012074227,6,67,67301,2012,7,3,1800,18,1,1,0,1,1, , ,N,0,0,0,3,0,1,4,2,N,N,39 57:25.754,75 09:25.736,1815, ,1805, ,0, ,N, ,0, , , , , , , , , ,2,2,0,0,0,0,0,0,0,0,0,0,1,1,0,0,0,0,0,0,0,0,0,0,0,0,0,0,0,0,0,0,0,0,0,8,0,39.9572,-75.1571, , 
62326,712785,2012068129,6,67,67301,2012,6,6,2308,23,3,1,0,7,4, , ,N,0,0,0,3,0,0,2,2,N,N,39 55:57.499,75 12:00.127,2329, ,2321,1,1,4,N, ,0,N, , , , , , , , ,2,2,0,0,0,0,0,0,0,0,0,0,0,0,0,0,0,0,0,1,0,0,0,0,0,0,0,0,0,0,0,0,0,0,0,0,0,39.9326,-75.2, , 
62327,712828,2012066622,6,67,67301,2012,5,1,1230,12,1,1,0,5,1, , ,N,0,0,0,3,0,0,2,2,N,N,39 53:59.950,75 13:50.080,1248, ,1241, ,0, ,N, ,0, , , , , , , , , ,2,2,0,0,0,0,0,0,0,0,0,0,0,0,0,0,0,0,1,0,0,0,0,0,0,0,0,0,0,0,0,0,0,0,0,0,0,39.9,-75.2306, , 
62328,712836,2012078163,6,67,67301,2012,7,4,140,1,3,1,0,4,1, , ,N,2,2,7,3,0,1,2,2,N,N,39 56:05.853,75 08:33.775,148, ,147, ,0, ,N, ,3, , , , , , , , , ,2,0,1,0,0,0,0,1,0,0,0,1,1,0,0,0,0,0,0,0,1,0,0,0,0,0,0,0,0,0,0,0,0,0,0,4,0,39.9348,-75.1426, , 
62329,712854,2012095571,6,67,67301,2012,8,4,1024,10,1,1,0,8,1, , ,N,0,0,0,3,0,1,2,2,N, ,40 03:14.849,75 04:15.886,1032, ,1027, ,0, , , ,0, , , , , , , , , ,1,1,0,0,0,0,0,0,0,0,0,1,1,0,0,0,0,0,0,0,0,0,0,0,0,0,0,0,0,0,0,0,1,0,0,4,0,40.0541,-75.0711, , 
62330,712858,2012099355,6,67,67301,2012,8,3,2230,22,3,1,0,8,2, , ,N,0,0,0,3,0,1,2,2,N,N,39 59:32.779,75 09:17.702,2249, ,2247, ,0, ,N, ,0, , , , , , , , , ,1,0,0,1,0,0,0,0,0,0,0,1,1,0,0,0,0,0,0,0,1,0,0,0,0,0,0,0,0,0,0,0,1,0,0,4,1,39.9924,-75.1549, , 
62331,712878,2012074562,6,67,67301,2012,7,1,214,2,3,1,0,7,4, , ,N,0,0,0,3,0,0,1,1,N,N,39 59:20.654,75 05:15.745,225, ,219,1,1,1,N, ,0,N, , , , , , , , ,1,1,0,0,0,0,0,0,0,0,0,0,0,0,0,0,0,0,0,0,0,0,0,0,0,0,0,0,0,0,0,0,0,0,0,0,0,39.989,-75.0878, , 
62332,712890,2012083141,6,67,67301,2012,7,3,1830,18,1,1,0,4,1, , ,N,1,2,0,3,0,1,2,2,N, ,39 55:25.338,75 09:52.068,1850, ,1840, ,0, , , ,3, , , , , , , , , ,2,0,0,0,1,0,1,0,0,0,0,1,1,0,0,0,0,1,0,0,1,0,0,0,0,0,0,0,0,0,0,0,0,0,0,4,0,39.9237,-75.1643, , 
62333,712897,2012085888,6,67,67301,2012,7,4,857,8,1,1,0,1,1, , ,N,0,0,0,3,0,1,4,3,N,N,40 03:56.964,75 03:05.038,905, ,900,9,1,2,N, ,0,N, , , , , , , , ,3,2,0,0,1,0,0,0,0,0,0,0,1,1,0,0,0,0,0,0,1,1,0,2,0,0,0,0,0,0,0,0,0,0,0,8,0,40.0658,-75.0514, , 
62334,718410,2012078477,6,67,67301,2012,6,4,9999,99,1,1,0,4,1, , ,N,1,0,0,3,0,1,2,2,N,N,39 55:32.523,75 13:38.884,1403, ,1402, ,0, ,N, ,0, , , , , , , , , ,1,1,0,0,0,0,0,0,1,0,0,1,1,0,0,0,0,0,0,0,0,0,0,0,0,0,0,0,0,0,0,0,0,0,0,4,0,39.9257,-75.2275, , 
62335,718422,2012075973,6,67,67301,2012,6,5,1606,16,1,1,0,8,1, , ,N,2,3,7,3,0,1,2,2,N,N,40 00:45.370,75 05:29.291,1646, ,1643, ,0, , , ,3, , , , , , , , , ,1,0,0,0,0,0,1,0,0,0,0,0,1,1,0,0,0,0,0,0,0,0,0,0,0,0,0,0,0,0,0,0,1,0,0,8,0,40.0126,-75.0915, , 
62336,718441,2012096015,6,67,67301,2012,8,6,34,0,3,1,0,7,1, , ,N,0,0,3,3,0,1,1,1,N, ,39 55:21.564,75 11:28.272,39, ,36,3,2,3,N, ,0,Y, , , , , , , , ,1,1,0,0,0,0,0,0,0,0,0,1,1,0,0,0,0,0,0,0,0,0,0,1,0,0,0,0,0,0,0,0,0,0,0,4,0,39.9227,-75.1912, , 
62337,718455,2012111767,6,67,67301,2012,10,3,1507,15,1,1,0,7,4, , ,N,0,0,0,3,0,1,1,1,N,N,40 05:23.951,74 58:30.687,1530, ,1523, ,0, ,N, ,0, , , , , , , , , ,1,1,0,0,0,0,0,0,0,0,0,0,1,1,0,0,0,0,0,1,0,0,0,0,0,0,0,0,0,0,0,0,0,0,0,8,0,40.09,-74.9752, , 
62338,718465,2012049931,6,67,67301,2012,5,2,2321,23,3,1,0,1,1,1,3,Y,0,0,3,3,0,0,3,2,N,N,39 54:24.905,75 08:20.410,2321,35,2321,1,2,3,N, ,0,N,N, , ,N,Y, , , ,2,1,0,0,1,0,0,0,0,0,0,0,0,0,0,0,0,0,0,1,0,0,0,0,0,0,0,0,0,0,0,0,0,0,0,0,0,39.9069,-75.139, , 
62339,718474,2012088078,6,67,67301,2012,8,1,1940,19,1,1,0,1,1, , ,N,1,2,0,3,0,1,4,2,N,N,40 01:48.874,75 08:45.412,2118, ,2108, ,0, ,N, ,3, , , , , , , , , ,2,1,0,0,0,0,1,0,0,0,1,0,1,0,3,0,0,0,0,0,0,0,0,2,0,0,0,0,0,0,0,0,0,0,0,3,0,40.0302,-75.1459, , 
62340,718477,2012093263,6,67,67301,2012,9,2,235,2,3,2,1,7,3, , ,N,7,0,2,3,0,0,2,1,N,N,39 57:24.144,75 08:32.205,245, ,237,1,1,4,N, ,0,N, , , , , , , , ,1,1,0,0,0,0,0,0,0,0,0,0,0,0,0,0,0,0,0,0,0,0,0,0,0,0,0,0,0,0,0,0,0,0,0,0,0,39.9575,-75.1467, , 
62341,718501,2012121879,6,67,67301,2012,10,7,9999,99,3,1,8,1,1, , ,N,0,0,0,3,0,0,4,4,N, ,39 55:47.221,75 08:40.099,9999, ,401, ,0, , , ,0, , , , , , , , , ,4,4,0,0,0,0,0,0,0,0,0,0,0,0,4,0,0,0,0,0,0,0,0,1,0,0,0,0,0,0,0,0,0,0,0,9,0,39.9298,-75.1445, , 
62342,718503,2012122497,6,67,67301,2012,11,2,938,9,1,1,0,4,1, , ,N,1,2,0,3,0,2,3,2,N, ,39 59:25.216,75 13:13.303,951, ,943, ,0, , , ,3, , , , , , , , , ,2,2,0,0,0,0,0,0,0,0,1,0,2,1,0,0,0,0,0,0,0,0,0,0,0,0,0,0,0,0,0,0,0,0,0,3,0,39.9903,-75.2204, , 
62343,718508,2012066561,6,67,67301,2012,5,4,1649,16,1,1,0,4,1, , ,N,0,0,0,3,0,0,2,2,N,N,40 02:36.777,75 06:50.416,1651, ,1649,3,2,4,N, ,0,Y, , , , , , , , ,2,2,0,0,0,0,0,0,0,0,0,0,0,0,0,0,0,0,0,0,1,0,0,1,0,0,0,0,0,0,0,0,0,0,0,0,0,40.0435,-75.114, , 
62344,718509,2012066664,6,67,67301,2012,5,7,59,0,3,1,0,4,1, , ,N,1,2,0,3,0,1,4,2,N,N,40 03:42.905,75 09:47.363,102, ,59, ,0, ,N, ,3, , , , , , , , , ,2,2,0,0,0,0,0,0,0,0,0,0,1,1,1,0,0,0,0,0,0,0,0,0,0,0,0,0,0,0,0,0,0,0,0,8,0,40.0619,-75.1632, , 
62345,718513,2012073564,6,67,67301,2012,6,5,1050,10,1,1,0,4,1, , ,N,0,0,7,3,0,1,4,2,N, ,40 04:06.284,75 14:25.031,1100, ,1050, ,0, , , ,0, , , , , , , , , ,2,1,0,0,1,0,0,0,0,0,0,1,1,0,0,0,0,0,0,0,0,0,0,0,0,0,0,0,0,0,0,0,0,0,0,4,0,40.0682,-75.2402, , 
62346,718517,2012068905,6,67,67301,2012,6,2,1520,15,1,1,0,5,1, , ,N,0,0,0,3,0,1,2,2,N, ,39 59:34.652,75 10:17.706,9999, ,9999, ,0, , , ,0, , , , , , , , , ,2,2,0,0,0,0,0,0,0,0,0,1,1,0,0,0,0,0,0,0,1,0,0,0,0,0,0,0,0,0,0,0,0,0,0,4,0,39.993,-75.1716, , 
62347,718520,2012075959,6,67,67301,2012,6,3,414,4,3,1,0,4,1, , ,N,1,3,0,3,0,1,3,2,N,N,39 55:50.174,75 09:34.840,420, ,415,2,1,1,N, ,3,Y, , , , , , , , ,1,1,0,0,0,0,0,0,1,0,0,1,1,0,0,0,0,0,0,0,0,0,0,0,0,0,0,0,0,0,0,0,0,0,0,4,0,39.9306,-75.1597, , 
62348,718573,2012075949,6,67,67301,2012,6,3,1408,14,1,1,0,1,1, , ,N,0,0,0,3,0,3,3,2,N, ,40 00:28.573,75 09:05.102,1412, ,1410, ,0, , , ,0, , , , , , , , , ,2,0,0,0,1,0,0,1,0,0,0,0,3,3,0,0,0,0,0,0,1,0,0,0,0,0,0,0,0,0,0,0,0,0,0,8,0,40.0079,-75.1514, , 
62349,718576,2012078319,6,67,67301,2012,6,7,2330,23,3,1,0,8,1, , ,N,0,0,0,3,0,1,2,2,N,N,39 59:13.340,75 06:37.858,13, ,12, ,0, ,N, ,0, , , , , , , , , ,1,0,0,0,1,0,0,0,0,0,0,0,1,1,0,0,0,0,0,0,0,0,0,1,0,0,0,0,0,0,0,0,1,0,0,8,0,39.987,-75.1105, , 
62350,718606,2012056627,6,67,67301,2012,4,6,659,6,1,1,0,7,4, , ,N,0,0,0,3,0,1,1,1,N,N,40 02:49.246,75 06:27.406,840, ,838, ,0, ,N, ,0, , , , , , , , , ,1,1,0,0,0,0,0,0,0,0,0,1,1,0,0,0,0,0,0,0,0,1,0,0,0,0,0,0,0,0,0,0,0,0,0,4,0,40.047,-75.1076, , 
62351,718624,2012078400,6,67,67301,2012,6,5,1400,14,1,1,0,4,1, , ,N,1,2,0,3,0,4,7,2,N,N,39 57:23.057,75 12:30.428,1403, ,1402, ,0, ,N, ,3, , , , , , , , , ,2,1,0,0,1,0,0,0,0,0,1,2,4,1,0,0,0,0,0,0,1,0,0,0,0,0,0,0,0,0,0,0,0,0,0,3,0,39.9564,-75.2085, , 
62352,715900,2012117209,6,67,67301,2012,10,1,2215,22,3,1,0,4,1, , ,N,1,2,0,3,0,2,3,2,N,N,39 57:39.360,75 14:42.201,2238, ,2226, ,0, ,N, ,3, , , , , , , , , ,2,1,0,0,0,0,0,1,0,0,0,0,2,2,0,0,0,0,0,0,0,0,0,0,0,0,0,0,0,0,0,0,0,0,0,8,0,39.9609,-75.245, , 
62353,715911,2012075031,6,67,67301,2012,7,5,115,1,3,1,0,1,1, , ,N,0,0,0,3,0,0,2,2,N,N,40 00:43.835,75 03:35.732,127, ,117, ,0, ,N, ,0, , , , , , , , , ,2,2,0,0,0,0,0,0,0,0,0,0,0,0,0,0,0,0,0,0,0,0,0,0,0,0,0,0,0,0,0,0,0,0,0,0,0,40.0122,-75.0599, , 
62354,715917,2012066738,6,67,67301,2012,6,3,501,5,5,1,0,4,1, , ,N,1,2,0,3,0,2,4,2,N, ,39 56:22.681,75 11:53.378,505, ,501, ,0, , , ,3, , , , , , , , , ,2,0,0,0,1,0,0,1,0,0,0,2,2,0,0,0,0,0,0,0,2,0,0,0,0,0,0,0,0,0,0,0,0,0,0,4,0,39.9396,-75.1982, , 
62355,715949,2012103845,6,67,67301,2012,10,6,2047,20,3,1,0,1,1, , ,N,0,0,0,3,0,0,3,3,N,N,40 00:28.014,75 12:04.077,2103, ,2059, ,0, ,N, ,0, , , , , , , , , ,3,1,0,0,0,0,1,1,0,0,0,0,0,0,0,0,0,0,0,1,0,0,0,0,0,0,0,0,0,0,0,0,0,0,0,0,0,40.0078,-75.2011, , 
62356,715957,2012068708,6,67,67301,2012,5,7,1502,15,1,1,0,5,1, , ,N,1,0,0,3,0,2,4,2,N, ,39 58:14.012,75 08:59.857,1537, ,1535, ,0, , , ,0, , , , , , , , , ,2,1,0,1,0,0,0,0,0,0,0,2,2,0,0,0,0,1,0,0,0,0,0,0,0,0,0,0,0,0,0,0,0,0,0,4,1,39.9704,-75.15, , 
62357,715964,2012066502,6,67,67301,2012,6,7,1900,19,1,1,0,4,1, , ,N,1,2,0,3,0,1,3,2,N,N,40 04:26.624,75 11:27.147,1904, ,1903, ,0, ,N, ,3, , , , , , , , , ,1,1,0,0,0,0,0,0,1,0,0,0,1,1,0,0,0,0,0,0,1,0,0,0,0,0,0,0,0,0,0,0,0,0,0,8,0,40.0741,-75.1909, , 
62358,715970,2012074379,6,67,67301,2012,6,4,9999,99,3,1,0,5,1, , ,N,0,0,0,3,0,2,4,3,N,N,40 01:49.093,75 10:12.733,9999, ,9999, ,0, ,N, ,0, , , , , , , , , ,3,2,0,0,1,0,0,0,0,0,0,2,2,0,0,0,0,0,0,0,0,0,0,0,0,0,0,0,0,0,0,0,0,0,0,4,0,40.0303,-75.1702, , 
62359,715980,2012078312,6,67,67301,2012,7,7,1310,13,1,2,1,4,1, , ,N,1,2,0,3,0,2,3,2,N, ,39 59:25.940,75 07:06.347,1425, ,1420, ,0, , , ,3, , , , , , , , , ,2,0,0,0,0,0,1,1,0,0,0,1,2,1,1,0,0,0,0,0,0,0,0,0,0,0,0,0,0,0,0,0,0,0,0,4,0,39.9905,-75.1184, , 
62360,715981,2012078589,6,67,67301,2012,7,6,2016,20,3,1,0,4,1, , ,N,2,2,0,3,0,0,3,2,N,N,39 58:25.181,75 12:31.951,5, ,2158, ,0, ,N, ,3, , , , , , , , , ,2,2,0,0,0,0,0,0,0,0,0,0,0,0,1,0,0,0,0,0,0,0,0,0,0,0,0,0,0,0,0,0,0,0,0,9,0,39.9736,-75.2089, , 
62361,715982,2012083223,6,67,67301,2012,7,4,732,7,1,1,0,4,1, , ,N,0,0,7,3,0,2,10,2,N,N,39 58:43.489,75 08:20.003,742, ,739, ,0, ,N, ,0, , , , , , , , , ,2,0,0,0,0,0,0,2,0,0,0,0,2,2,0,0,0,0,0,0,0,0,0,0,0,0,0,0,0,0,0,0,0,0,0,8,0,39.9787,-75.1389, , 
62362,715996,2012098349,6,67,67301,2012,9,6,742,7,1,1,0,8,1, , ,N,1,2,0,3,0,1,1,2,N,N,40 01:18.310,75 07:33.794,745, ,743, ,0, ,N, ,3, , , , , , , , , ,1,1,0,0,0,0,0,0,0,0,0,1,1,0,0,0,0,0,0,0,0,0,0,0,0,0,0,0,0,0,0,0,1,0,0,4,0,40.0218,-75.1261, , 
62363,716003,2012068946,6,67,67301,2012,6,1,1630,16,1,1,0,8,1, , ,N,0,0,0,3,0,1,2,2,N,N,40 01:07.546,75 04:27.667,1635, ,1631, ,0, ,N, ,0, , , , , , , , , ,1,1,0,0,0,0,0,0,0,0,0,1,1,0,0,0,0,0,0,0,0,0,0,1,0,0,0,0,0,0,0,0,1,0,0,4,0,40.0188,-75.0744, , 
62364,716013,2012078580,6,67,67301,2012,6,5,1554,15,1,1,0,7,2, , ,N,1,0,0,3,0,1,1,2,N,N,40 04:19.657,75 10:05.915,1611, ,1611, ,0, ,N, ,0, , , , , , , , , ,1,1,0,0,0,0,0,0,0,0,0,1,1,0,0,0,0,0,0,0,0,0,0,0,0,0,0,0,0,0,0,0,0,0,0,4,0,40.0721,-75.1683, , 
62365,716057,2012063722,6,67,67301,2012,6,2,1620,16,1,1,0,1,1, , ,N,0,0,0,3,0,1,2,2,N,N,39 58:06.632,75 07:42.910,1630, ,1630,1,2,1,N, ,0,N, , , , , , , , ,2,1,0,0,0,0,1,0,0,1,0,0,1,0,0,0,0,0,0,0,0,0,0,0,0,0,0,0,0,0,0,0,0,0,0,2,0,39.9685,-75.1287, , 