objectid_1,objectid,crn,district,county,municipality,crash_year,crash_month,day_of_week,time_of_day,hour_of_day,illumination,weather,road_condition,collision_type,relation_to_road,work_zone_type,work_zone_loc,work_zone_ind,intersect_type,tcd_type,location_type,urban_rural,fatal_count,injury_count,person_count,total_units,sch_bus_ind,sch_zone_ind,latitude,longitude,arrival_tm,cons_zone_spd_lim,dispatch_tm,est_hrs_closed,lane_closed,ln_close_dir,ntfy_hiwy_maint,spec_juris_cd,tcd_func_cd,tfc_detour_ind,workers_pres,wz_close_detour,wz_flagger,wz_law_offcr_ind,wz_ln_closure,wz_moving,wz_other,wz_shlder_mdn,vehicle_count,automobile_count,motorcycle_count,bus_count,small_truck_count,heavy_truck_count,suv_count,van_count,bicycle_count,maj_inj_count,mod_inj_count,min_inj_count,tot_inj_count,unk_inj_deg_count,unk_inj_per_count,driver_count_16yr,driver_count_17yr,driver_count_18yr,driver_count_19yr,driver_count_20yr,driver_count_50_64yr,driver_count_65_74yr,driver_count_75plus,unbelted_occ_count,unb_death_count,unb_maj_inj_count,belted_death_count,belted_maj_inj_count,mcycle_death_count,mcycle_maj_inj_count,bicycle_death_count,bicycle_maj_inj_count,ped_count,ped_death_count,ped_maj_inj_count,max_severity_level,comm_veh_count,dec_lat,dec_long,rdwy_surf_type_cd,county_name
62434,716249,2012056739,6,67,67301,2012,5,7,2312,23,3,1,0,7,5, , ,N,0,0,0,3,0,0,3,1,N, ,39 59:48.195,75 09:32.086,2318, ,2314,9,1,1, , ,0,N, , , , , , , , ,1,1,0,0,0,0,0,0,0,0,0,0,0,0,0,0,0,0,0,0,0,0,0,0,0,0,0,0,0,0,0,0,0,0,0,0,0,39.9967,-75.1589, , 
62435,716252,2012080786,6,67,67301,2012,7,2,2218,22,3,1,0,4,1, , ,N,1,2,0,3,0,2,3,2,N,N,39 55:40.490,75 11:14.888,2218, ,2218, ,0, , , ,3, , , , , , , , , ,2,1,0,0,0,0,0,1,0,0,0,2,2,0,1,0,0,0,0,0,0,0,0,2,0,0,0,0,0,0,0,0,0,0,0,4,0,39.9279,-75.1875, , 
62436,716253,2012083155,6,67,67301,2012,7,5,2010,20,3,2,1,8,1, , ,N,1,2,0,3,0,1,2,2,N, ,39 55:19.930,75 13:49.176,2200, ,2150, ,0, , , ,3, , , , , , , , , ,1,1,0,0,0,0,0,0,0,0,0,1,1,0,0,0,0,0,0,0,0,0,0,0,0,0,0,0,0,0,0,0,1,0,0,4,0,39.9222,-75.2303, , 
62437,716273,2012098248,6,67,67301,2012,9,7,2110,21,3,1,0,4,1, , ,N,2,3,7,3,0,0,6,2,N,N,40 02:47.170,75 03:27.566,2115, ,2115,1,2,4,N, ,3,Y, , , , , , , , ,2,1,0,0,0,0,1,0,0,0,0,1,1,0,1,0,0,0,0,0,0,0,0,0,0,0,0,0,0,0,0,0,0,0,0,4,0,40.0464,-75.0576, , 
62438,716289,2012115478,6,67,67301,2012,11,4,900,9,1,1,0,5,1, , ,N,0,0,0,3,0,1,3,3,N,N,39 58:38.414,75 12:01.391,916, ,910,1,1,3,N, ,0,N, , , , , , , , ,3,3,0,0,0,0,0,0,0,0,0,0,1,1,0,0,0,0,0,0,1,0,0,0,0,0,0,0,0,0,0,0,0,0,0,8,0,39.9773,-75.2004, , 
62439,716322,2012095499,6,67,67301,2012,8,4,1540,15,1,2,1,7,4, , ,N,0,0,1,3,0,2,2,1,N,N,39 58:50.422,75 13:43.953,1545, ,1545, ,0, , , ,0, , , , , , , , , ,1,0,0,0,0,0,0,1,0,0,0,0,2,2,0,0,0,0,0,0,0,0,0,0,0,0,0,0,0,0,0,0,0,0,0,8,0,39.9807,-75.2289, , 
62440,716323,2012095607,6,67,67301,2012,8,3,1505,15,1,1,0,4,1, , ,N,1,2,0,3,0,0,3,2,N, ,40 03:49.505,75 05:00.516,1538, ,1532, ,0, , , ,3, , , , , , , , , ,2,2,0,0,0,0,0,0,0,0,0,0,0,0,1,0,0,0,0,0,0,0,0,0,0,0,0,0,0,0,0,0,0,0,0,9,0,40.0638,-75.0835, , 
62441,716326,2012098450,6,67,67301,2012,8,3,1447,14,1,1,0,4,1, , ,N,1,2,0,3,0,0,2,2,N,N,40 01:40.946,75 06:36.204,1450, ,1449, ,0, ,N, ,3, , , , , , , , , ,2,0,0,0,0,0,2,0,0,0,0,0,0,0,2,0,0,0,0,0,0,0,0,0,0,0,0,0,0,0,0,0,0,0,0,9,0,40.028,-75.1101, , 
62442,716329,2012103991,6,67,67301,2012,9,6,1600,16,1,1,0,2,1, , ,N,0,0,0,3,0,1,2,1,N, ,39 59:38.878,75 07:11.316,1600, ,1600, ,0, , , ,0, , , , , , , , , ,1,1,0,0,0,0,0,0,1,0,0,0,1,1,0,0,0,0,0,0,0,0,0,0,0,0,0,0,0,0,0,0,0,0,0,8,0,39.9941,-75.1198, , 
62443,710110,2012109699,6,67,67301,2012,10,4,2324,23,3,1,0,4,1, , ,N,1,2,0,3,0,1,2,2,N,N,40 01:24.018,75 10:44.495,9999, ,9999, ,0, ,N, ,9, , , , , , , , , ,2,2,0,0,0,0,0,0,0,0,0,0,1,1,1,0,0,0,0,0,0,0,0,0,0,0,0,0,0,0,0,0,0,0,0,8,0,40.0233,-75.179, , 
62444,710118,2012115285,6,67,67301,2012,9,7,1430,14,1,1,0,4,1, , ,N,1,3,0,3,0,1,2,2,N,N,39 56:38.929,75 13:41.444,0, ,0, ,0, ,N, ,3, , , , , , , , , ,2,1,0,0,0,0,0,1,0,0,0,0,1,1,1,0,0,0,0,0,0,0,0,0,0,0,0,0,0,0,0,0,0,0,0,8,0,39.9441,-75.2282, , 
62445,710124,2012048206,6,67,67301,2012,4,7,30,0,3,1,0,8,1, , ,N,0,0,0,3,0,2,3,3,N,N,39 57:22.218,75 09:44.119,108, ,102, ,0, ,N, ,0, , , , , , , , , ,1,1,0,0,0,0,0,0,0,0,0,0,2,2,0,0,0,0,0,0,0,0,0,0,0,0,0,0,0,0,0,0,2,0,0,8,0,39.9562,-75.1623, , 
62446,710125,2012048216,6,67,67301,2012,4,6,2005,20,3,1,0,4,1, , ,N,2,0,0,3,0,1,2,2,N, ,40 03:23.650,75 01:32.886,2033, ,2032, ,0, , , ,0, , , , , , , , , ,2,2,0,0,0,0,0,0,0,0,0,0,1,1,0,0,0,0,0,0,1,0,0,0,0,0,0,0,0,0,0,0,0,0,0,8,0,40.0564,-75.0258, , 
62447,710126,2012048272,6,67,67301,2012,4,3,2342,23,3,1,0,6,1, , ,N,0,0,0,3,0,1,1,3,N,N,40 05:04.045,75 01:49.440,43, ,42, ,0, ,N, ,0, , , , , , , , , ,3,2,0,0,0,0,1,0,0,0,0,1,1,0,0,0,0,0,1,0,0,0,0,0,0,0,0,0,0,0,0,0,0,0,0,4,0,40.0845,-75.0304, , 
62448,710127,2012048329,6,67,67301,2012,4,1,949,9,1,1,1,7,2, , ,N,0,0,0,3,0,0,1,1,N, ,40 00:58.163,75 12:14.869,953, ,949,2,2,1,N, ,0,N, , , , , , , , ,1,1,0,0,0,0,0,0,0,0,0,0,0,0,0,0,0,0,0,0,1,0,0,0,0,0,0,0,0,0,0,0,0,0,0,0,0,40.0162,-75.2041, , 
62449,710129,2012050222,6,67,67301,2012,4,2,2011,20,3,1,0,1,1, , ,N,1,2,0,3,0,2,2,2,N, ,40 01:58.666,75 04:49.057,2015, ,2011,1,1,2, , ,3,N, , , , , , , , ,2,2,0,0,0,0,0,0,0,0,0,2,2,0,0,0,0,0,0,0,0,0,0,1,0,0,0,0,0,0,0,0,0,0,0,4,0,40.033,-75.0802, , 
62450,710130,2012083211,6,67,67301,2012,8,1,1310,13,1,1,0,8,1, , ,N,1,2,0,3,0,1,2,2,N, ,39 56:55.283,75 09:32.299,1320, ,1315, ,0, , , ,3, , , , , , , , , ,1,1,0,0,0,0,0,0,0,0,1,0,1,0,0,0,0,0,0,0,0,0,0,1,0,0,0,0,0,0,0,0,1,0,0,3,0,39.9487,-75.1589, , 
62451,710135,2012088572,6,67,67301,2012,8,6,640,6,1,1,0,1,1, , ,N,0,0,0,3,0,1,2,2,N,N,40 00:06.505,75 07:28.523,653, ,650, ,0, ,N, ,0, , , , , , , , , ,1,1,0,0,0,0,0,0,0,0,0,1,1,0,0,0,0,0,0,0,0,0,0,1,0,0,0,0,0,0,0,0,0,0,0,4,0,40.0018,-75.1246, , 
62452,710148,2012098501,6,67,67301,2012,9,1,9999,99,3,1,0,7,4, , ,N,0,0,0,3,0,1,1,1,N,N,40 00:06.041,75 03:54.473,107, ,59,9,2,5,N, ,0,Y, , , , , , , , ,1,1,0,0,0,0,0,0,0,0,0,0,1,1,0,0,0,0,0,0,0,0,0,0,0,0,0,0,0,0,0,0,0,0,0,8,0,40.0017,-75.0651, , 
62453,710165,2012117239,6,67,67301,2012,10,6,1747,17,4,2,1,4,1, , ,N,2,3,0,3,0,1,4,2,N, ,40 03:57.124,75 08:49.347,1806, ,1804, ,0, , , ,3, , , , , , , , , ,2,2,0,0,0,0,0,0,0,0,0,1,1,0,0,0,0,0,1,0,0,0,0,1,0,0,0,0,0,0,0,0,0,0,0,4,0,40.0659,-75.147, , 
62454,710171,2012069336,6,67,67301,2012,6,1,142,1,3,1,0,4,1, , ,N,0,0,0,3,0,1,3,4,N,N,40 01:15.956,75 13:00.670,148, ,148,3,2,1,N, ,0,Y, , , , , , , , ,4,2,0,0,1,0,1,0,0,0,0,1,1,0,0,0,0,0,0,0,0,0,0,1,0,0,0,0,0,0,0,0,0,0,0,4,0,40.0211,-75.2169, , 
62455,710191,2012078416,6,67,67301,2012,7,1,1403,14,1,2,1,1,1, , ,N,0,0,0,3,0,0,4,2,N,N,40 02:09.929,75 09:19.994,1420, ,1412, ,0, ,N, ,0, , , , , , , , , ,2,2,0,0,0,0,0,0,0,0,0,0,0,0,0,0,0,0,0,0,0,0,0,0,0,0,0,0,0,0,0,0,0,0,0,0,0,40.0361,-75.1556, , 
62456,710192,2012078540,6,67,67301,2012,7,3,2124,21,3,1,0,1,1, , ,N,0,0,0,3,0,1,1,2,N,N,39 56:19.705,75 10:27.826,2124, ,2124,1,1,3,N, ,0,Y, , , , , , , , ,2,2,0,0,0,0,0,0,0,0,0,1,1,0,0,0,0,0,0,0,1,0,0,0,0,0,0,0,0,0,0,0,0,0,0,4,0,39.9388,-75.1744, , 
62457,710219,2012056716,6,67,67301,2012,5,3,942,9,1,2,1,4,1, , ,N,1,2,0,3,0,0,3,2,N,N,40 01:50.847,75 06:43.088,952, ,951,1,1,2,N, ,3,N, , , , , , , , ,2,2,0,0,0,0,0,0,0,0,0,0,0,0,0,0,0,0,0,0,0,0,0,0,0,0,0,0,0,0,0,0,0,0,0,0,0,40.0308,-75.112, , 
62458,710226,2012066505,6,67,67301,2012,6,6,1954,19,1,1,0,4,1, , ,N,1,2,0,3,1,0,2,2,N,N,39 58:28.020,75 09:31.391,1956, ,1954,3,2,5,N,0,3,Y, , , , , , , , ,2,1,1,0,0,0,0,0,0,0,0,0,0,0,0,0,0,0,0,0,0,0,0,0,0,0,0,0,1,0,0,0,0,0,0,1,0,39.9745,-75.1587,2, 
62459,710229,2012064034,6,67,67301,2012,5,7,740,7,1,1,0,4,1, , ,N,1,0,0,3,0,0,2,2,N,N,40 02:43.859,75 05:17.937,750, ,745,9,1,1, , ,0,Y, , , , , , , , ,2,2,0,0,0,0,0,0,0,0,0,0,0,0,0,0,0,0,0,0,0,0,0,0,0,0,0,0,0,0,0,0,0,0,0,0,0,40.0455,-75.0883, , 
62460,710236,2012073578,6,67,67301,2012,6,4,930,9,1,1,1,1,1, , ,N,0,2,0,3,0,1,3,2,N,N,39 55:09.995,75 14:24.101,9999, ,9999, ,0, ,N, ,3, , , , , , , , , ,2,0,0,0,0,0,1,1,0,0,0,1,1,0,0,0,0,0,0,0,0,1,0,0,0,0,0,0,0,0,0,0,0,0,0,4,0,39.9194,-75.24, , 
62461,713074,2012063890,6,67,67301,2012,5,5,1920,19,1,1,0,8,1, , ,N,1,0,0,3,0,1,2,2,N,N,39 59:03.192,75 06:29.825,2059, ,2053, ,0, ,N, ,0, , , , , , , , , ,1,1,0,0,0,0,0,0,0,0,0,0,1,1,1,0,0,0,0,0,0,0,0,0,0,0,0,0,0,0,0,0,1,0,0,8,0,39.9842,-75.1083, , 
62462,713075,2012065164,6,67,67301,2012,6,6,503,5,3,1,0,7,2, , ,N,0,0,0,3,0,0,1,1,N,N,39 53:54.734,75 10:53.807,515, ,508, ,0, ,N, ,0, , , , , , , , , ,1,1,0,0,0,0,0,0,0,0,0,0,0,0,1,0,0,0,0,0,0,0,0,0,0,0,0,0,0,0,0,0,0,0,0,9,0,39.8985,-75.1816, , 
62463,713076,2012066545,6,67,67301,2012,6,1,150,1,3,8,1,5,1, , ,N,0,0,2,3,0,1,3,2,N,N,39 56:59.751,75 08:31.566,158, ,156, ,0, ,N, ,0, , , , , , , , , ,2,2,0,0,0,0,0,0,0,0,0,1,1,0,0,0,0,0,0,0,0,0,0,0,0,0,0,0,0,0,0,0,0,0,0,4,0,39.9499,-75.1421, , 
62464,713084,2012078594,6,67,67301,2012,6,7,1140,11,1,1,0,4,1, , ,N,10,0,0,3,0,1,2,2,N,N,39 58:56.395,75 13:11.873,1240, ,1240, ,0, ,N, ,0, , , , , , , , , ,1,1,0,0,0,0,0,0,1,0,0,1,1,0,0,0,0,0,0,0,0,0,0,0,0,0,0,0,0,0,0,0,0,0,0,4,0,39.9823,-75.22, , 
62465,713087,2012083207,6,67,67301,2012,8,3,2100,21,3,1,0,1,1, , ,N,2,2,0,3,0,2,3,2,N,N,40 00:26.789,75 07:30.615,2130, ,2130, ,0, ,N, ,3, , , , , , , , , ,2,2,0,0,0,0,0,0,0,0,0,2,2,0,0,0,0,0,0,1,0,0,0,0,0,0,0,0,0,0,0,0,0,0,0,4,0,40.0074,-75.1252, , 
62466,713088,2012083817,6,67,67301,2012,8,3,1710,17,1,1,0,4,1, , ,N,2,0,0,3,0,0,4,2,N,N,40 01:11.632,75 10:52.208,1755, ,1750, ,0, , , ,0, , , , , , , , , ,2,1,0,0,1,0,0,0,0,0,0,0,0,0,0,0,0,0,1,0,0,0,0,0,0,0,0,0,0,0,0,0,0,0,0,0,0,40.0199,-75.1812, , 
62467,713105,2012104192,6,67,67301,2012,9,5,800,8,1,2,1,4,1, , ,N,0,0,0,3,0,1,2,2,N,N,39 59:03.566,75 12:11.404,820, ,810,1,1,1,N, ,0,N, , , , , , , , ,2,2,0,0,0,0,0,0,0,0,0,1,1,0,0,0,0,0,0,0,1,0,0,0,0,0,0,0,0,0,0,0,0,0,0,4,0,39.9843,-75.2032, , 
62468,713108,2012111635,6,67,67301,2012,10,4,345,3,3,1,0,4,1, , ,N,1,2,0,3,0,0,2,2,N, ,40 03:08.516,75 14:10.540,405, ,400, ,0, , , ,3, , , , , , , , , ,2,2,0,0,0,0,0,0,0,0,0,0,0,0,2,0,0,0,0,0,0,0,0,0,0,0,0,0,0,0,0,0,0,0,0,9,0,40.0524,-75.2363, , 
62469,713125,2012073604,6,67,67301,2012,6,2,1400,14,1,1,0,7,5, , ,N,2,0,0,3,0,1,1,1,N,N,40 06:23.326,75 01:48.353,1410, ,1409, ,0, ,N, ,0, , , , , , , , , ,1,1,0,0,0,0,0,0,0,0,0,1,1,0,0,0,0,0,0,0,1,0,0,0,0,0,0,0,0,0,0,0,0,0,0,4,0,40.1065,-75.0301, , 
62470,713129,2012078600,6,67,67301,2012,7,2,920,9,1,1,0,1,1, , ,N,0,2,6,3,0,1,2,2,N,N,40 01:38.505,75 05:56.834,940, ,930, ,0, ,N, ,3, , , , , , , , , ,2,0,0,1,0,0,0,0,0,0,0,1,1,0,0,0,0,0,0,0,0,0,0,0,0,0,0,0,0,0,0,0,0,0,0,4,1,40.0279,-75.0996, , 
62471,713130,2012078626,6,67,67301,2012,6,2,2222,22,3,1,0,4,1, , ,N,1,0,0,3,0,1,2,2,N,N,40 00:02.415,75 05:51.842,2229, ,2226, ,0, ,N, ,0, , , , , , , , , ,1,0,0,0,0,1,0,0,1,0,0,1,1,0,0,0,0,0,0,0,0,0,0,0,0,0,0,0,0,0,0,0,0,0,0,4,1,40.0007,-75.0977, , 
62472,713136,2012088076,6,67,67301,2012,8,2,1135,11,1,1,0,1,1, , ,N,0,0,0,3,0,1,2,5,N,N,39 56:54.412,75 12:25.451,1200, ,1138, ,0, ,N, ,0, , , , , , , , , ,5,4,0,0,0,0,0,1,0,0,0,1,1,0,0,0,0,0,0,0,0,0,0,0,0,0,0,0,0,0,0,0,0,0,0,4,0,39.9484,-75.2071, , 
62473,713142,2012095468,6,67,67301,2012,8,3,911,9,1,1,0,7,6, , ,N,0,0,0,3,0,1,1,2,N,N,40 01:29.881,75 12:48.826,917, ,912, ,0, ,N, ,0, , , , , , , , , ,2,2,0,0,0,0,0,0,0,0,1,0,1,0,0,0,0,0,0,0,0,0,0,1,0,0,0,0,0,0,0,0,0,0,0,3,0,40.025,-75.2136, , 
62474,713149,2012105733,6,67,67301,2012,10,1,1925,19,3,1,0,1,1, , ,N,0,0,0,3,0,2,4,3,N,N,39 57:35.636,75 10:40.797,1929, ,1929,1,1,4,N, ,0,N, , , , , , , , ,3,2,0,0,1,0,0,0,0,0,0,2,2,0,0,0,1,0,0,0,0,2,0,0,0,0,0,0,0,0,0,0,0,0,0,4,0,39.9599,-75.178, , 
62475,713155,2012111663,6,67,67301,2012,10,2,1700,17,1,2,1,4,1, , ,N,2,2,0,3,0,1,2,2,N,N,39 55:39.651,75 09:58.143,1708, ,1706, ,0, ,N, ,3, , , , , , , , , ,1,0,0,0,0,0,1,0,1,0,0,1,1,0,0,0,0,0,0,0,0,0,0,0,0,0,0,0,0,0,0,0,0,0,0,4,0,39.9277,-75.1662, , 
62476,713166,2012056603,6,67,67301,2012,5,1,530,5,1,1,0,1,1, , ,N,3,2,0,3,0,0,2,2,N,N,40 02:50.984,75 06:44.541,541, ,540,1,1,3,N, ,3,N, , , , , , , , ,2,1,0,0,0,0,1,0,0,0,0,0,0,0,0,0,0,0,0,0,0,1,0,0,0,0,0,0,0,0,0,0,0,0,0,0,0,40.0475,-75.1124, , 
62477,713174,2012068740,6,67,67301,2012,5,2,2100,21,3,1,0,4,1, , ,N,2,2,0,3,0,1,6,3,N, ,40 01:11.456,75 06:37.889,2130, ,2115, ,0, , , ,3, , , , , , , , , ,3,3,0,0,0,0,0,0,0,0,1,0,1,0,0,0,0,0,0,0,1,0,0,0,0,0,0,0,0,0,0,0,0,0,0,3,0,40.0198,-75.1105, , 
62478,713184,2012078516,6,67,67301,2012,7,6,1853,18,1,1,0,4,1, , ,N,1,2,0,3,0,0,2,2,N,N,40 03:24.250,75 02:48.711,1858, ,1853,1,1,2,N, ,3,N, , , , , , , , ,2,2,0,0,0,0,0,0,0,0,0,0,0,0,0,0,1,0,0,0,0,0,0,0,0,0,0,0,0,0,0,0,0,0,0,0,0,40.0567,-75.0469, , 
62479,713212,2012071295,6,67,67301,2012,7,4,801,8,1,1,0,1,1, , ,N,0,0,0,3,0,1,2,2,N,N,40 01:03.970,75 02:54.485,818, ,803,2,2,1,N, ,0,N, , , , , , , , ,2,0,1,0,1,0,0,0,0,0,0,1,1,0,0,0,0,0,0,0,1,0,0,0,0,0,0,0,0,0,0,0,0,0,0,4,0,40.0177,-75.0486, , 
62480,718889,2012056554,6,67,67301,2012,5,3,1802,18,1,2,1,1,6, , ,N,0,0,0,3,0,1,1,2,N,N,39 56:42.210,75 09:17.840,1804, ,1802, ,0, ,N, ,0, , , , , , , , , ,2,2,0,0,0,0,0,0,0,0,0,0,1,1,0,0,0,0,0,0,0,0,0,0,0,0,0,0,0,0,0,0,0,0,0,8,0,39.9451,-75.155, , 
62481,718893,2012060747,6,67,67301,2012,5,3,1300,13,1,2,1,8,1, , ,N,2,0,0,3,0,1,2,2,N,N,39 59:46.188,75 10:18.409,2027, ,2025, ,0, , , ,0, , , , , , , , , ,1,1,0,0,0,0,0,0,0,0,1,0,1,0,0,0,0,0,0,0,0,0,0,0,0,0,0,0,0,0,0,0,1,0,0,3,0,39.9962,-75.1718, , 
62482,718897,2012066631,6,67,67301,2012,6,6,1215,12,1,1,0,4,1, , ,N,2,3,0,3,0,1,2,4,N,N,40 01:37.426,75 02:33.327,1228, ,1221,2,1,3,N, ,3,N, , , , , , , , ,4,4,0,0,0,0,0,0,0,0,0,1,1,0,0,0,0,0,0,0,0,0,0,2,0,0,0,0,0,0,0,0,0,0,0,4,0,40.0271,-75.0426, , 
62483,718903,2012098341,6,67,67301,2012,9,6,1646,16,1,1,0,8,1, , ,N,1,2,0,3,0,1,1,2,N,N,39 57:14.396,75 13:48.057,1650, ,1646, ,0, ,N, ,3, , , , , , , , , ,1,1,0,0,0,0,0,0,0,0,1,0,1,0,0,0,0,0,0,0,0,0,0,0,0,0,0,0,0,0,0,0,1,0,0,3,0,39.954,-75.23, , 
62484,718917,2012114395,6,67,67301,2012,10,3,2245,22,3,1,0,4,1, , ,N,1,3,0,3,0,1,3,2,N,N,40 00:53.607,75 06:33.559,13, ,11,2,1,6,N, ,3,Y, , , , , , , , ,2,1,0,0,0,0,1,0,0,0,0,2,2,0,0,0,0,0,0,0,0,0,0,0,0,0,0,0,0,0,0,0,0,0,0,4,0,40.0149,-75.1093, , 
62485,718929,2012120528,6,67,67301,2012,11,1,2100,21,3,1,0,5,1, , ,N,1,2,0,3,0,0,4,2,N,N,39 57:27.542,75 09:44.544,2120, ,2112,1,1,3,N, ,3,N, , , , , , , , ,2,1,0,0,0,0,1,0,0,0,0,0,0,0,0,0,0,0,0,0,0,0,0,0,0,0,0,0,0,0,0,0,0,0,0,0,0,39.9577,-75.1624, , 
62486,718948,2012119476,6,67,67301,2012,11,4,1150,11,1,1,0,1,1, , ,N,0,0,0,3,0,0,2,2,N,N,39 53:42.157,75 14:13.441,1155, ,1050, ,0, ,N, ,0, , , , , , , , , ,2,1,0,0,0,1,0,0,0,0,0,0,0,0,0,0,0,0,0,0,1,0,0,0,0,0,0,0,0,0,0,0,0,0,0,0,1,39.895,-75.2371, , 
62487,718951,2012083241,6,67,67301,2012,7,6,9999,99,1,1,0,4,1, , ,N,1,3,0,3,0,0,2,2,N,N,40 03:50.306,75 03:34.568,910, ,859, ,0, ,N, ,3, , , , , , , , , ,2,1,0,0,0,0,0,1,0,0,0,0,0,0,0,0,0,0,0,0,0,0,0,0,0,0,0,0,0,0,0,0,0,0,0,0,0,40.064,-75.0596, , 
62488,718975,2012104262,6,67,67301,2012,9,3,2243,22,3,1,0,4,1, , ,N,1,2,0,3,0,2,2,2,N,N,40 01:36.153,75 07:02.268,2249, ,2245,2,1,2,N, ,3,N, , , , , , , , ,2,2,0,0,0,0,0,0,0,0,0,0,2,2,0,0,0,0,0,0,1,0,0,0,0,0,0,0,0,0,0,0,0,0,0,8,0,40.0267,-75.1173, , 
62489,718987,2012049654,6,67,67301,2012,3,7,152,1,3,2,1,4,1, , ,N,1,2,0,3,0,2,2,2,N,N,39 59:27.441,75 10:47.643,152, ,152,9,2,7,N, ,3,Y, , , , , , , , ,2,1,0,0,0,0,1,0,0,0,0,0,2,2,0,0,0,0,0,0,1,0,0,0,0,0,0,0,0,0,0,0,0,0,0,8,0,39.991,-75.1799, , 
62490,719001,2012078587,6,67,67301,2012,6,6,1201,12,1,1,0,4,1, , ,N,5,2,0,3,0,3,3,2,N,N,40 05:04.860,75 01:30.269,1206, ,1202,3,1,2,N, ,3,N, , , , , , , , ,2,2,0,0,0,0,0,0,0,0,1,1,3,1,0,0,0,0,0,0,1,1,0,2,0,0,0,0,0,0,0,0,0,0,0,3,0,40.0847,-75.0251, , 
62491,719008,2012081229,6,67,67301,2012,6,6,250,2,3,1,0,8,1, , ,N,1,0,0,3,0,2,3,3,N, ,39 59:59.964,75 09:11.322,315, ,304, ,0, , , ,0, , , , , , , , , ,1,1,0,0,0,0,0,0,0,0,0,1,2,1,0,0,0,0,0,0,0,0,0,0,0,0,0,0,0,0,0,0,2,0,0,4,0,40,-75.1531, , 
62492,719014,2012085868,6,67,67301,2012,8,6,1423,14,1,1,0,4,1, , ,N,1,2,0,3,0,1,3,2,N,N,40 03:15.663,75 04:17.959,1437, ,1437, ,0, ,N, ,3, , , , , , , , , ,2,2,0,0,0,0,0,0,0,0,0,0,1,1,0,0,0,0,0,1,0,0,1,0,0,0,0,0,0,0,0,0,0,0,0,8,0,40.0543,-75.0716, , 
62493,719016,2012088800,6,67,67301,2012,9,2,1930,19,3,2,1,1,1, , ,N,1,2,2,3,0,1,4,2,N,N,39 57:25.785,75 09:04.228,1933, ,1931, ,0, ,N, ,3, , , , , , , , , ,2,0,1,0,0,0,1,0,0,0,0,0,1,1,0,0,0,0,0,0,0,0,0,0,0,0,0,0,0,0,0,0,0,0,0,8,0,39.9571,-75.1511, , 
62494,719036,2012084160,6,67,67301,2012,7,7,852,8,1,1,0,4,1, , ,N,1,2,0,3,0,1,2,2,N,N,39 56:17.761,75 10:12.111,857, ,854,1,1,4,N, ,3,N, , , , , , , , ,2,2,0,0,0,0,0,0,0,0,0,0,1,1,0,0,0,0,0,0,0,0,0,0,0,0,0,0,0,0,0,0,0,0,0,8,0,39.9383,-75.17, , 
62495,719074,2012117329,6,67,67301,2012,10,7,1105,11,1,1,0,1,4, , ,N,1,0,0,3,0,0,3,3,N,N,39 58:58.008,75 07:49.965,1113, ,1107, ,0, ,N, ,0, , , , , , , , , ,3,2,0,0,0,0,1,0,0,0,0,0,0,0,1,0,0,0,0,0,0,0,0,0,0,0,0,0,0,0,0,0,0,0,0,9,0,39.9828,-75.1305, , 
62496,719088,2012056749,6,67,67301,2012,5,6,1145,11,1,1,0,4,1, , ,N,1,2,0,3,0,0,2,2,N, ,40 01:44.349,75 05:21.034,1155, ,1146,1,1,1, , ,3,N, , , , , , , , ,2,1,0,0,0,0,1,0,0,0,0,0,0,0,0,0,0,0,1,0,0,0,0,0,0,0,0,0,0,0,0,0,0,0,0,0,0,40.029,-75.0892, , 
62497,719109,2012073584,6,67,67301,2012,6,2,1205,12,1,1,0,4,1, , ,N,0,0,0,3,0,1,2,2,N,N,40 03:13.018,75 08:29.204,1207, ,1205, ,0, ,N, ,0, , , , , , , , , ,2,0,0,0,0,0,2,0,0,0,0,1,1,0,0,0,0,0,0,0,1,0,0,0,0,0,0,0,0,0,0,0,0,0,0,4,0,40.0536,-75.1414, , 
62498,716344,2012078644,6,67,67301,2012,6,7,9999,99,1,1,0,4,1, , ,N,1,3,0,3,0,1,3,2,N,N,39 55:18.627,75 09:12.765,1643, ,1641, ,0, , , ,3, , , , , , , , , ,1,1,0,0,0,0,0,0,1,0,0,0,1,1,0,0,0,0,0,0,0,0,0,0,0,0,0,0,0,0,0,0,0,0,0,8,0,39.9218,-75.1535, , 
62499,716366,2012098988,6,67,67301,2012,9,1,1230,12,1,1,0,8,1, , ,N,1,0,0,3,0,1,2,2,N,N,39 57:45.388,75 13:13.159,1340, ,1337, ,0, ,N, ,0, , , , , , , , , ,1,0,0,0,0,0,0,0,0,0,0,0,1,1,0,0,0,0,0,0,0,0,0,0,0,0,0,0,0,0,0,0,1,0,0,8,0,39.9626,-75.2203, , 
62500,716384,2012116868,6,67,67301,2012,11,2,1134,11,1,1,0,1,1, , ,N,0,0,0,3,0,1,4,3,N,N,39 57:36.586,75 10:48.806,1145, ,1139,1,2,4,N, ,0,N, , , , , , , , ,3,0,0,0,0,1,1,1,0,0,0,1,1,0,0,0,0,0,0,0,0,1,0,0,0,0,0,0,0,0,0,0,0,0,0,4,1,39.9602,-75.1802, , 