objectid_1,objectid,crn,district,county,municipality,crash_year,crash_month,day_of_week,time_of_day,hour_of_day,illumination,weather,road_condition,collision_type,relation_to_road,work_zone_type,work_zone_loc,work_zone_ind,intersect_type,tcd_type,location_type,urban_rural,fatal_count,injury_count,person_count,total_units,sch_bus_ind,sch_zone_ind,latitude,longitude,arrival_tm,cons_zone_spd_lim,dispatch_tm,est_hrs_closed,lane_closed,ln_close_dir,ntfy_hiwy_maint,spec_juris_cd,tcd_func_cd,tfc_detour_ind,workers_pres,wz_close_detour,wz_flagger,wz_law_offcr_ind,wz_ln_closure,wz_moving,wz_other,wz_shlder_mdn,vehicle_count,automobile_count,motorcycle_count,bus_count,small_truck_count,heavy_truck_count,suv_count,van_count,bicycle_count,maj_inj_count,mod_inj_count,min_inj_count,tot_inj_count,unk_inj_deg_count,unk_inj_per_count,driver_count_16yr,driver_count_17yr,driver_count_18yr,driver_count_19yr,driver_count_20yr,driver_count_50_64yr,driver_count_65_74yr,driver_count_75plus,unbelted_occ_count,unb_death_count,unb_maj_inj_count,belted_death_count,belted_maj_inj_count,mcycle_death_count,mcycle_maj_inj_count,bicycle_death_count,bicycle_maj_inj_count,ped_count,ped_death_count,ped_maj_inj_count,max_severity_level,comm_veh_count,dec_lat,dec_long,rdwy_surf_type_cd,county_name
62771,719649,2012083786,6,67,67301,2012,8,4,1250,12,1,1,0,4,1, , ,N,2,0,0,3,0,0,3,2,N,N,40 07:27.794,75 00:54.333,1305, ,1255, ,0, , , ,0, , , , , , , , , ,2,2,0,0,0,0,0,0,0,0,0,0,0,0,0,0,0,0,0,0,1,0,0,0,0,0,0,0,0,0,0,0,0,0,0,0,0,40.1244,-75.015, , 
62772,719673,2012066549,6,67,67301,2012,5,5,1645,16,1,1,0,1,1, , ,N,1,0,0,3,0,1,3,2,N, ,40 03:20.764,75 09:31.951,1700, ,1655, ,0, , , ,0, , , , , , , , , ,2,1,0,0,0,0,1,0,0,0,0,1,1,0,0,0,0,0,0,0,0,0,0,2,0,0,0,0,0,0,0,0,0,0,0,4,0,40.0558,-75.1589, , 
62773,719674,2012066591,6,67,67301,2012,6,6,2103,21,3,2,1,4,1, , ,N,0,0,7,3,0,0,4,3,N,N,39 58:20.419,75 15:09.985,2156, ,2146, ,0, ,N, ,0, , , , , , , , , ,3,1,0,0,1,0,1,0,0,0,0,0,0,0,0,0,0,0,0,0,1,0,0,0,0,0,0,0,0,0,0,0,0,0,0,0,0,39.9723,-75.2528, , 
62774,719690,2012085784,6,67,67301,2012,7,6,1405,14,1,1,0,8,1, , ,N,3,2,0,3,0,1,2,2,N,N,40 01:22.949,75 08:13.476,1410, ,1406, ,0, ,N, ,3, , , , , , , , , ,1,1,0,0,0,0,0,0,0,0,0,0,1,1,1,0,0,0,0,0,0,0,0,0,0,0,0,0,0,0,0,0,1,0,0,8,0,40.023,-75.1371, , 
62775,719693,2012086627,6,67,67301,2012,8,3,610,6,1,1,0,4,1, , ,N,0,0,7,3,0,1,2,3,N,N,40 02:49.290,75 04:56.870,620, ,615,1,2,6,N, ,0,N, , , , , , , , ,3,3,0,0,0,0,0,0,0,0,0,0,1,1,0,0,0,0,0,0,1,0,0,0,0,0,0,0,0,0,0,0,0,0,0,8,0,40.047,-75.0825, , 
62776,719708,2012098442,6,67,67301,2012,9,7,1500,15,1,1,0,4,1, , ,N,1,3,0,3,0,0,4,3,N,N,40 01:26.205,75 08:36.052,1530, ,1528, ,0, ,N, ,3, , , , , , , , , ,3,1,0,0,0,0,2,0,0,0,0,0,0,0,0,0,0,0,0,0,0,0,0,0,0,0,0,0,0,0,0,0,0,0,0,9,0,40.0239,-75.1433, , 
62777,719712,2012066606,6,67,67301,2012,5,5,1800,18,1,1,0,1,1, , ,N,0,0,0,3,0,1,3,3,N, ,40 04:10.461,75 04:08.725,1813, ,1806, ,0, ,N, ,0, , , , , , , , , ,3,1,0,0,0,0,2,0,0,0,0,0,1,1,0,0,0,0,0,0,0,1,0,0,0,0,0,0,0,0,0,0,0,0,0,8,0,40.0696,-75.0691, , 
62778,719714,2012068792,6,67,67301,2012,6,3,1933,19,1,2,1,4,1, , ,N,1,2,0,3,0,3,3,2,N,N,40 00:11.393,75 09:08.837,1934, ,1933,1,1,4,N, ,3,N, , , , , , , , ,2,1,0,0,0,0,1,0,0,0,0,3,3,0,0,0,0,0,0,0,0,0,0,0,0,0,0,0,0,0,0,0,0,0,0,4,0,40.0032,-75.1525, , 
62779,719736,2012082992,6,67,67301,2012,5,5,1330,13,1,1,0,4,1, , ,N,0,0,0,3,0,2,2,2, , ,39 55:14.210,75 12:51.638,0, ,0, ,0, , , ,0, , , , , , , , , ,2,1,0,0,0,0,0,1,0,0,0,2,2,0,0,0,0,0,0,0,0,0,0,0,0,0,0,0,0,0,0,0,0,0,0,4,0,39.9206,-75.2143, , 
62780,719737,2012083376,6,67,67301,2012,7,7,221,2,3,1,0,8,1, , ,N,1,2,0,3,0,1,2,2,N,N,40 01:42.531,75 03:28.266,9999, ,9999, ,0, ,N, ,9, , , , , , , , , ,1,1,0,0,0,0,0,0,0,0,0,0,1,1,1,0,0,0,0,0,0,0,0,0,0,0,0,0,0,0,0,0,1,0,0,8,0,40.0285,-75.0579, , 
62781,719740,2012085911,6,67,67301,2012,8,7,2119,21,3,1,0,4,1, , ,N,1,2,0,3,0,1,2,2,N,N,40 01:45.310,75 05:23.878,2130, ,2120,1,1,2,N, ,3,N, , , , , , , , ,2,0,1,0,0,0,1,0,0,0,1,0,1,0,0,0,0,0,0,0,0,0,0,0,0,0,0,0,0,0,0,0,0,0,0,3,0,40.0291,-75.0899, , 
62782,719767,2013003681,6,67,67301,2012,12,1,809,8,1,5,1,7,5, , ,N,2,2,0,3,0,0,1,1,N, ,39 54:32.511,75 14:30.820,815, ,809,2,1,1, , ,3,N, , , , , , , , ,1,0,0,0,0,0,1,0,0,0,0,0,0,0,0,0,0,0,0,0,0,0,0,0,0,0,0,0,0,0,0,0,0,0,0,0,0,39.909,-75.2419, , 
62783,719776,2012085852,6,67,67301,2012,7,5,1953,19,1,1,0,7,5, , ,N,1,2,0,3,0,1,1,1,N,N,40 00:16.549,75 10:36.938,2010, ,2000, ,0, ,N, ,3, , , , , , , , , ,1,0,0,0,0,0,1,0,0,0,0,1,1,0,0,0,0,0,0,0,0,0,1,0,0,0,0,0,0,0,0,0,0,0,0,4,0,40.0047,-75.1769, , 
62784,719787,2012096050,6,67,67301,2012,8,6,1045,10,1,1,0,8,1, , ,N,1,2,0,3,0,1,1,1,N, ,39 58:15.114,75 14:57.159,1320, ,1310, ,0, , , ,3, , , , , , , , , ,1,0,0,0,0,0,0,0,0,0,0,0,1,1,0,0,0,0,0,0,0,0,0,0,0,0,0,0,0,0,0,0,0,0,0,8,0,39.9709,-75.2492, , 
62785,719789,2012098344,6,67,67301,2012,9,4,1315,13,1,1,0,1,1, , ,N,0,0,0,3,0,0,3,2,N,N,39 59:26.841,75 06:06.745,1342, ,1335,1,2,1, , ,0,Y, , , , , , , , ,2,1,0,0,1,0,0,0,0,0,0,0,0,0,0,0,0,0,0,0,0,0,0,0,0,0,0,0,0,0,0,0,0,0,0,0,0,39.9908,-75.1019, , 
62786,719799,2012111667,6,67,67301,2012,10,3,815,8,1,1,0,8,1, , ,N,0,0,7,3,0,2,3,3,N,N,40 05:48.800,74 58:27.644,825, ,821, ,0, ,N, ,0, , , , , , , , , ,1,1,0,0,0,0,0,0,0,0,0,2,2,0,0,0,0,0,0,0,0,0,0,0,0,0,0,0,0,0,0,0,2,0,0,4,0,40.0969,-74.9743, , 
62787,719803,2012114779,6,67,67301,2012,11,4,1640,16,1,1,0,7,1, , ,N,1,0,0,3,0,0,1,1,N,N,39 57:51.348,75 10:44.210,1655, ,1645,4,2,1,N, ,0,Y, , , , , , , , ,1,0,0,0,0,1,0,0,0,0,0,0,0,0,0,0,0,0,0,0,1,0,0,0,0,0,0,0,0,0,0,0,0,0,0,0,1,39.9643,-75.1789, , 
62788,717159,2012055396,6,67,67301,2012,6,1,2049,20,4,2,1,7,2, , ,N,0,0,2,3,0,0,1,1, , ,39 54:42.975,75 10:18.859,2050, ,2049,1,1,3, , ,0,N, , , , , , , , ,1,0,0,0,0,0,1,0,0,0,0,0,0,0,0,0,0,0,0,1,0,0,0,0,0,0,0,0,0,0,0,0,0,0,0,0,0,39.9119,-75.1719, , 
62789,717160,2012056557,6,67,67301,2012,5,5,30,0,3,2,1,4,1, , ,N,2,3,7,3,0,3,4,2,N,N,40 01:55.624,75 08:00.542,39, ,35, ,0, ,N, ,3, , , , , , , , , ,2,2,0,0,0,0,0,0,0,0,0,0,3,3,0,0,0,1,1,0,0,0,0,0,0,0,0,0,0,0,0,0,0,0,0,8,0,40.0321,-75.1335, , 
62790,717174,2012083311,6,67,67301,2012,7,6,1842,18,1,1,0,4,1, , ,N,1,3,0,3,0,1,2,2,N,N,40 02:17.667,75 01:42.362,1846, ,1844, ,0, ,N, ,3, , , , , , , , , ,1,1,0,0,0,0,0,0,1,0,1,0,1,0,0,0,0,0,0,0,0,0,0,0,0,0,0,0,0,0,0,0,0,0,0,3,0,40.0382,-75.0284, , 
62791,717194,2012108609,6,67,67301,2012,10,2,854,8,1,2,7,7,2, , ,N,0,0,0,3,0,1,1,1,N,N,40 02:59.552,74 59:33.940,904, ,856,1,2,1,N, ,0,N, , , , , , , , ,1,1,0,0,0,0,0,0,0,0,0,1,1,0,0,0,0,0,0,0,0,0,0,0,0,0,0,0,0,0,0,0,0,0,0,4,0,40.0498,-74.9929, , 
62792,717197,2012111620,6,67,67301,2012,10,2,1020,10,1,1,0,5,1, , ,N,0,0,0,3,0,1,2,2,N,N,39 56:31.909,75 08:44.271,1025, ,1022, ,0, ,N, ,0, , , , , , , , , ,1,0,0,0,0,0,0,1,1,0,0,1,1,0,0,0,0,0,0,0,0,0,0,1,0,0,0,0,0,0,0,0,0,0,0,4,0,39.9422,-75.1456, , 
62793,717208,2012066649,6,67,67301,2012,5,6,1235,12,1,1,0,4,1, , ,N,1,2,0,3,0,1,2,2,N, ,40 00:13.290,75 10:51.870,1243, ,1240, ,0, , , ,3, , , , , , , , , ,2,1,0,0,0,0,1,0,0,0,0,1,1,0,0,0,0,0,0,0,1,0,0,0,0,0,0,0,0,0,0,0,0,0,0,4,0,40.0037,-75.1811, , 
62794,717222,2012065875,6,67,67301,2012,6,2,1227,12,1,1,0,1,1, , ,N,0,0,3,3,0,0,2,2,N,N,39 56:35.161,75 11:34.403,1239, ,1231,1,1,4,N, ,0,N, , , , , , , , ,2,1,0,0,1,0,0,0,0,0,0,0,0,0,0,0,0,0,1,0,1,0,0,0,0,0,0,0,0,0,0,0,0,0,0,0,0,39.9421,-75.1939, , 
62795,717232,2012075657,6,67,67301,2012,7,2,835,8,1,1,0,1,1, , ,N,0,0,0,3,0,0,3,3,N,N,39 56:47.377,75 11:19.403,850, ,839, ,0, ,N, ,0, , , , , , , , , ,3,3,0,0,0,0,0,0,0,0,0,0,0,0,0,0,0,0,0,0,1,1,0,0,0,0,0,0,0,0,0,0,0,0,0,0,0,39.9465,-75.1887, , 
62796,717243,2012083320,6,67,67301,2012,7,5,1024,10,1,1,0,4,1, , ,N,0,0,0,3,0,0,5,2,N,N,40 01:11.746,75 09:31.924,1112, ,1111, ,0, ,N, ,0, , , , , , , , , ,2,0,0,0,0,0,1,1,0,0,0,0,0,0,0,0,0,0,0,0,0,0,0,1,0,0,0,0,0,0,0,0,0,0,0,0,0,40.0199,-75.1589, , 
62797,717247,2012085738,6,67,67301,2012,8,4,925,9,1,1,0,4,1, , ,N,1,2,0,3,0,1,2,2,N,N,39 57:29.061,75 09:44.627,1005, ,958,9,1,2,N, ,3,N, , , , , , , , ,1,0,0,0,0,1,0,0,1,0,0,1,1,0,0,0,0,0,0,0,0,0,0,0,0,0,0,0,0,0,0,0,0,0,0,4,1,39.9579,-75.1623, , 
62798,717252,2012088073,6,67,67301,2012,8,6,1610,16,1,1,0,9,1, , ,N,0,0,0,3,0,1,2,2,N,N,39 57:14.936,75 12:09.948,1615, ,1613, ,0, ,N, ,0, , , , , , , , , ,1,1,0,0,0,0,0,0,1,0,0,1,1,0,0,0,0,0,0,0,0,0,0,0,0,0,0,0,0,0,0,0,0,0,0,4,0,39.9541,-75.2028, , 
62799,717260,2012056622,6,67,67301,2012,5,6,200,2,3,2,1,1,1, , ,N,1,2,0,3,0,1,3,2,N,N,40 01:48.341,75 05:17.340,212, ,204, ,0, ,N, ,3, , , , , , , , , ,2,2,0,0,0,0,0,0,0,0,0,1,1,0,0,0,0,0,0,0,0,0,0,0,0,0,0,0,0,0,0,0,0,0,0,4,0,40.0301,-75.0882, , 
62800,717276,2012098321,6,67,67301,2012,9,7,1030,10,1,1,6,4,1, , ,N,0,0,0,3,0,3,2,2,N,N,40 00:46.079,75 10:28.070,1037, ,1030, ,0, ,N, ,0, , , , , , , , , ,2,2,0,0,0,0,0,0,0,0,0,0,1,1,0,0,0,0,0,0,0,0,0,2,0,0,0,0,0,0,0,0,0,0,0,8,0,40.0128,-75.1745, , 
62801,717277,2012098480,6,67,67301,2012,9,2,430,4,1,1,0,1,1, , ,N,2,2,0,3,0,1,2,2,N,N,39 58:13.733,75 13:32.193,440, ,437, ,0, ,N, ,3, , , , , , , , , ,1,0,0,0,0,0,1,0,1,0,0,1,1,0,1,0,0,0,0,0,0,0,0,0,0,0,0,0,0,0,0,0,0,0,0,4,0,39.9705,-75.2256, , 
62802,717296,2012129835,6,67,67301,2012,12,6,630,6,3,2,1,7,5, , ,N,0,0,0,3,0,1,1,1,N,N,40 00:03.749,75 04:44.602,641, ,636, ,0, ,N, ,0, , , , , , , , , ,1,1,0,0,0,0,0,0,0,0,0,1,1,0,0,0,0,0,0,0,0,0,0,0,0,0,0,0,0,0,0,0,0,0,0,4,0,40.0009,-75.0791, , 
62803,717302,2012068886,6,67,67301,2012,6,1,2010,20,1,1,0,5,6, , ,N,0,0,0,3,0,0,1,5,N,N,40 02:07.699,75 02:00.963,2025, ,2010, ,0, ,N, ,0, , , , , , , , , ,5,1,0,0,1,0,3,0,0,0,0,0,0,0,0,0,0,0,0,0,0,0,0,1,0,0,0,0,0,0,0,0,0,0,0,0,0,40.0355,-75.0336, , 
62804,717343,2012095432,6,67,67301,2012,8,2,1255,12,1,1,0,8,1, , ,N,1,0,0,3,0,1,1,2,N, ,39 57:53.258,75 10:08.727,1300, ,1256, ,0, , , ,0, , , , , , , , , ,1,1,0,0,0,0,0,0,0,0,0,0,1,1,0,0,0,0,0,0,0,0,0,0,0,0,0,0,0,0,0,0,1,0,0,8,0,39.9648,-75.1691, , 
62805,717367,2012122402,6,67,67301,2012,11,3,1614,16,1,1,0,4,1, , ,N,0,0,7,3,0,1,2,2,N, ,39 55:04.698,75 12:36.401,1632, ,1627,1,2,4, , ,0,N, , , , , , , , ,2,1,0,1,0,0,0,0,0,0,0,0,1,1,0,0,0,0,0,0,0,0,0,0,0,0,0,0,0,0,0,0,0,0,0,8,0,39.918,-75.2102, , 
62806,711021,2012083187,6,67,67301,2012,7,7,2335,23,3,1,0,1,1, , ,N,2,2,7,3,0,2,5,4,N, ,39 55:59.996,75 08:36.922,35, ,32, ,0, , , ,3, , , , , , , , , ,4,1,0,0,0,0,2,1,0,0,0,1,2,1,0,0,0,0,0,0,0,1,0,0,0,0,0,0,0,0,0,0,0,0,0,4,0,39.9333,-75.1434, , 
62807,711022,2012083192,6,67,67301,2012,8,4,600,6,3,9,1,1,2, , ,N,0,0,0,3,0,0,1,3,N, ,40 06:00.982,74 58:49.692,657, ,652, ,0, ,N, ,0, , , , , , , , , ,3,0,0,0,2,0,0,1,0,0,0,0,0,0,0,0,0,0,0,0,0,0,0,0,0,0,0,0,0,0,0,0,0,0,0,0,0,40.1003,-74.9805, , 
62808,711033,2012098197,6,67,67301,2012,9,4,655,6,1,1,0,2,1, , ,N,1,2,0,3,0,0,2,2,N, ,40 06:06.588,75 01:38.906,705, ,701, ,0, , , ,3, , , , , , , , , ,2,1,0,0,1,0,0,0,0,0,0,0,0,0,0,0,1,0,0,0,0,0,0,0,0,0,0,0,0,0,0,0,0,0,0,0,0,40.1018,-75.0275, , 
62809,711036,2012068901,6,67,67301,2012,6,6,808,8,1,1,0,5,1, , ,N,1,3,3,3,0,1,2,2,N,N,39 59:46.270,75 11:45.360,825, ,818, ,0, ,N, ,3, , , , , , , , , ,1,0,0,0,1,0,0,0,1,0,0,1,1,0,0,0,0,0,0,0,0,0,0,0,0,0,0,0,0,0,0,0,0,0,0,4,0,39.9962,-75.1959, , 
62810,711058,2012066686,6,67,67301,2012,6,6,1353,13,1,1,0,7,5, , ,N,0,0,0,3,0,0,1,1,N,N,40 03:04.611,75 05:55.381,1356, ,1354,1,1,3,N, ,0,Y, , , , , , , , ,1,1,0,0,0,0,0,0,0,0,0,0,0,0,1,0,0,0,0,0,0,0,0,0,0,0,0,0,0,0,0,0,0,0,0,9,0,40.0513,-75.0987, , 
62811,711070,2012080844,6,67,67301,2012,7,7,2022,20,4,1,0,4,1, , ,N,0,0,7,3,0,1,3,2,N,N,40 07:24.315,75 00:54.112,2039, ,2039,1,1,3, , ,0,Y, , , , , , , , ,2,2,0,0,0,0,0,0,0,0,0,0,1,1,0,0,0,0,0,0,0,0,0,0,0,0,0,0,0,0,0,0,0,0,0,8,0,40.1234,-75.015, , 
62812,711074,2012082959,6,67,67301,2012,5,4,1235,12,1,8,0,1,1, , ,N,1,0,0,3,0,2,3,2,N,N,40 02:04.528,75 02:41.665,0, ,0, ,0, ,N, ,0, , , , , , , , , ,2,0,0,0,0,0,1,1,0,0,0,0,2,2,1,0,0,0,0,0,1,0,0,0,0,0,0,0,0,0,0,0,0,0,0,8,0,40.0347,-75.0446, , 
62813,711085,2012048052,6,67,67301,2012,4,4,250,2,3,1,0,4,1, , ,N,1,2,0,3,0,3,3,2,N,N,39 57:28.191,75 08:50.065,254, ,251,9,2,4, , ,3,Y, , , , , , , , ,2,2,0,0,0,0,0,0,0,1,2,0,3,0,0,0,0,0,0,0,0,0,0,0,0,0,0,0,0,0,0,0,0,0,0,2,0,39.9578,-75.1472, , 
62814,711094,2012089804,6,67,67301,2012,8,5,1115,11,1,1,0,4,1, , ,N,2,3,0,3,0,5,5,2,N,N,40 03:19.965,75 04:07.485,1142, ,1137, ,0, , , ,3, , , , , , , , , ,2,2,0,0,0,0,0,0,0,0,0,5,5,0,0,0,0,0,0,0,0,0,0,0,0,0,0,0,0,0,0,0,0,0,0,4,0,40.0555,-75.0687, , 
62815,711103,2012098275,6,67,67301,2012,9,6,1335,13,1,1,0,4,1, , ,N,1,2,0,3,0,1,3,2,N,N,39 57:12.850,75 10:23.484,1342, ,1340, ,0, ,N, ,3, , , , , , , , , ,2,2,0,0,0,0,0,0,0,0,0,0,1,1,1,0,0,0,0,0,0,0,0,0,0,0,0,0,0,0,0,0,0,0,0,8,0,39.9536,-75.1732, , 
62816,711104,2012099368,6,67,67301,2012,9,7,1627,16,1,1,0,1,1, , ,N,0,0,0,3,0,4,5,2,N,N,40 01:14.367,75 09:23.223,1633, ,1628,2,1,2,N, ,0,N, , , , , , , , ,2,1,0,0,0,0,1,0,0,0,0,4,4,0,0,0,0,1,0,0,0,0,0,0,0,0,0,0,0,0,0,0,0,0,0,4,0,40.0207,-75.1565, , 
62817,711113,2012103980,6,67,67301,2012,9,2,1531,15,1,1,0,8,1, , ,N,0,0,0,3,0,1,2,1,Y,Y,39 56:25.735,75 13:52.856,1534, ,1531, ,0, ,N, ,0, , , , , , , , , ,1,1,0,0,0,0,0,0,0,0,0,1,1,0,0,0,0,0,0,0,0,0,0,0,0,0,0,0,0,0,0,0,1,0,0,4,0,39.9405,-75.2313, , 
62818,711120,2012109751,6,67,67301,2012,10,5,9999,99,1,1,0,5,1, , ,N,0,0,0,3,0,1,2,2,N, ,39 55:57.201,75 09:33.213,1015, ,1009, ,0, , , ,0, , , , , , , , , ,1,1,0,0,0,0,0,0,1,0,0,1,1,0,1,0,0,0,0,0,0,0,0,0,0,0,0,0,0,0,0,0,0,0,0,4,0,39.9326,-75.1592, , 
62819,711131,2012051295,6,67,67301,2012,5,4,1632,16,1,1,0,4,1, , ,N,0,0,0,3,0,1,3,3,N,N,39 56:00.357,75 08:42.426,1645, ,1633,2,1,1,N, ,0,N, , , , , , , , ,3,2,0,0,0,1,0,0,0,0,0,1,1,0,0,0,0,0,0,0,0,0,0,0,0,0,0,0,0,0,0,0,0,0,0,4,0,39.9333,-75.1451, , 
62820,711144,2012078154,6,67,67301,2012,7,6,2100,21,3,1,0,8,1, , ,N,0,0,0,3,0,1,2,2,N, ,40 03:47.174,75 09:20.390,2100, ,2100, ,0, , , ,0, , , , , , , , , ,1,1,0,0,0,0,0,0,0,0,1,0,1,0,0,0,0,0,0,0,0,0,0,0,0,0,0,0,0,0,0,0,1,0,0,3,0,40.0631,-75.1557, , 
62821,711145,2012078565,6,67,67301,2012,6,7,600,6,1,1,0,1,6, , ,N,0,0,0,3,0,0,1,4,N,N,40 02:32.806,75 01:30.932,610, ,605, ,0, ,N, ,0, , , , , , , , , ,4,2,0,0,0,0,1,1,0,0,0,0,0,0,0,0,0,0,0,0,1,0,0,0,0,0,0,0,0,0,0,0,0,0,0,0,0,40.0424,-75.0253, , 
62822,711146,2012078582,6,67,67301,2012,6,6,12,0,3,1,0,4,6, , ,N,0,0,0,3,0,1,1,2,N,N,40 02:39.378,75 01:05.646,14, ,13, ,0, ,N, ,0, , , , , , , , , ,2,0,0,0,0,0,1,1,0,0,0,1,1,0,0,0,0,0,0,0,0,0,0,1,0,0,0,0,0,0,0,0,0,0,0,4,0,40.0443,-75.0182, , 
62823,711193,2013027405,6,67,67301,2012,12,5,545,5,5,2,1,7,1, , ,N,0,0,0,3,0,0,1,1,N,N,39 58:49.286,75 12:20.241,602, ,600,2,1,3,N, ,0,N, , , , , , , , ,1,1,0,0,0,0,0,0,0,0,0,0,0,0,0,0,0,0,0,0,0,0,0,0,0,0,0,0,0,0,0,0,0,0,0,0,0,39.9804,-75.2056, , 
62824,711207,2012120127,6,67,67301,2012,10,4,1304,13,1,1,0,7,5, , ,N,0,0,0,3,0,2,2,1,N,N,39 58:17.120,75 15:38.880,1310, ,1308, ,0, , , ,0, , , , , , , , , ,1,1,0,0,0,0,0,0,0,2,0,0,2,0,0,0,0,1,0,0,0,0,0,0,0,0,0,0,0,0,0,0,0,0,0,2,0,39.9714,-75.2608, , 
62825,713895,2012056741,6,67,67301,2012,5,3,1755,17,1,1,0,4,2, , ,N,1,0,0,3,0,1,2,2,N,N,39 56:45.250,75 11:01.265,1758, ,1756, ,0, , , ,0, , , , , , , , , ,1,0,0,0,1,0,0,0,1,0,0,1,1,0,0,0,0,0,0,0,0,0,0,0,0,0,0,0,0,0,0,0,0,0,0,4,0,39.9459,-75.1837, , 
62826,713903,2012068849,6,67,67301,2012,6,4,1428,14,1,1,0,8,1, , ,N,1,3,0,3,0,1,2,2,N, ,40 03:36.388,75 02:46.694,1515, ,1505, ,0, , , ,3, , , , , , , , , ,1,0,0,0,1,0,0,0,0,0,0,1,1,0,0,0,0,0,0,0,0,0,1,0,0,0,0,0,0,0,0,0,1,0,0,4,0,40.0601,-75.0463, , 
62827,713919,2012085896,6,67,67301,2012,8,3,1748,17,1,1,0,4,1, , ,N,1,2,0,3,0,1,5,4,N,N,39 58:20.955,75 10:02.588,1752, ,1748, ,0, ,N, ,3, , , , , , , , , ,3,1,0,0,0,0,2,0,0,0,0,0,1,1,0,0,0,0,0,0,1,0,0,0,0,0,0,0,0,0,0,0,1,0,0,8,0,39.9725,-75.1674, , 
62828,713924,2012098513,6,67,67301,2012,9,7,1512,15,1,1,0,1,1, , ,N,0,0,0,3,0,1,2,2,N,N,40 02:46.270,75 03:26.692,1520, ,1516, ,0, ,N, ,0, , , , , , , , , ,2,2,0,0,0,0,0,0,0,0,0,0,1,1,0,0,0,0,0,0,1,0,0,0,0,0,0,0,0,0,0,0,0,0,0,8,0,40.0462,-75.0574, , 
62829,713936,2012073579,6,67,67301,2012,6,4,1000,10,1,1,0,8,1, , ,N,1,3,0,3,0,1,2,2,N,N,40 01:53.342,75 08:27.225,1350, ,9999, ,0, ,N, ,3, , , , , , , , , ,1,1,0,0,0,0,0,0,0,0,0,1,1,0,0,0,0,0,0,0,0,0,0,0,0,0,0,0,0,0,0,0,1,0,0,4,0,40.0315,-75.1409, , 
62830,713960,2012083653,6,67,67301,2012,8,1,1324,13,1,1,0,0,1, , ,N,0,0,0,3,0,0,1,1,N,N,40 01:00.864,75 03:02.362,1334, ,1325,2,2,2,N, ,0,N, , , , , , , , ,1,0,0,0,0,0,1,0,0,0,0,0,0,0,0,0,0,0,0,0,0,0,0,0,0,0,0,0,0,0,0,0,0,0,0,0,0,40.0169,-75.0506, , 
62831,713961,2012084163,6,67,67301,2012,7,3,1440,14,1,1,0,4,1, , ,N,1,2,0,3,0,4,5,3,N,N,40 02:03.403,75 04:28.523,1455, ,1445, ,0, ,N, ,3, , , , , , , , , ,3,2,0,0,0,0,0,1,0,0,1,3,4,0,0,0,0,0,0,0,0,1,0,0,0,0,0,0,0,0,0,0,0,0,0,3,0,40.0344,-75.0748, , 
62832,713963,2012085836,6,67,67301,2012,7,1,2320,23,3,1,0,4,1, , ,N,5,2,0,3,0,1,3,2,N, ,40 03:22.935,75 09:09.367,2325, ,2320,4,2,7, , ,3,Y, , , , , , , , ,2,1,0,0,0,0,0,1,0,0,0,0,1,1,0,0,0,0,0,0,0,0,0,0,0,0,0,0,0,0,0,0,0,0,0,8,0,40.0564,-75.1526, , 
62833,713964,2012087208,6,67,67301,2012,8,6,2149,21,3,1,0,5,1, , ,N,0,0,0,3,0,1,3,2,N,N,39 57:57.103,75 08:12.316,2213, ,2207,1,1,2,N, ,0,N, , , , , , , , ,2,1,0,0,1,0,0,0,0,0,0,1,1,0,0,0,0,0,0,0,0,0,0,0,0,0,0,0,0,0,0,0,0,0,0,4,0,39.9659,-75.1367, , 
62834,713999,2012080778,6,67,67301,2012,7,5,2200,22,3,1,0,4,1, , ,N,1,2,1,3,0,2,6,2,N,N,39 55:40.490,75 11:14.888,2210, ,2200, ,0, , , ,3, , , , , , , , , ,2,2,0,0,0,0,0,0,0,0,1,1,2,0,0,0,0,0,0,0,1,0,0,1,0,0,0,0,0,0,0,0,0,0,0,3,0,39.9279,-75.1875, , 
62835,714031,2012070689,6,67,67301,2012,7,5,1803,18,1,1,0,1,1, , ,N,0,0,0,3,0,4,4,2,N,N,39 53:09.740,75 14:35.836,1819, ,1813,2,2,2,N, ,0,N, , , , , , , , ,2,1,0,0,0,0,1,0,0,1,3,0,4,0,0,0,0,0,0,0,0,1,0,0,0,0,0,1,0,0,0,0,0,0,0,2,0,39.886,-75.2433, , 
62836,714035,2012078258,6,67,67301,2012,7,6,1355,13,1,1,0,6,1, , ,N,3,0,0,3,0,1,2,2,N,N,40 02:43.174,75 13:21.699,1359, ,1356,1,1,4,N, ,0,N, , , , , , , , ,2,1,0,0,0,0,1,0,0,0,0,0,1,1,0,0,0,0,0,0,0,0,0,0,0,0,0,0,0,0,0,0,0,0,0,8,0,40.0453,-75.2227, , 
62837,714036,2012078279,6,67,67301,2012,7,5,731,7,1,1,0,1,2, , ,N,0,0,0,3,0,1,2,3,N,N,40 00:14.940,75 08:19.809,750, ,748, ,0, , , ,0, , , , , , , , , ,3,3,0,0,0,0,0,0,0,0,0,1,1,0,0,0,0,0,0,0,0,0,0,0,0,0,0,0,0,0,0,0,0,0,0,4,0,40.0042,-75.1388, , 