objectid_1,objectid,crn,district,county,municipality,crash_year,crash_month,day_of_week,time_of_day,hour_of_day,illumination,weather,road_condition,collision_type,relation_to_road,work_zone_type,work_zone_loc,work_zone_ind,intersect_type,tcd_type,location_type,urban_rural,fatal_count,injury_count,person_count,total_units,sch_bus_ind,sch_zone_ind,latitude,longitude,arrival_tm,cons_zone_spd_lim,dispatch_tm,est_hrs_closed,lane_closed,ln_close_dir,ntfy_hiwy_maint,spec_juris_cd,tcd_func_cd,tfc_detour_ind,workers_pres,wz_close_detour,wz_flagger,wz_law_offcr_ind,wz_ln_closure,wz_moving,wz_other,wz_shlder_mdn,vehicle_count,automobile_count,motorcycle_count,bus_count,small_truck_count,heavy_truck_count,suv_count,van_count,bicycle_count,maj_inj_count,mod_inj_count,min_inj_count,tot_inj_count,unk_inj_deg_count,unk_inj_per_count,driver_count_16yr,driver_count_17yr,driver_count_18yr,driver_count_19yr,driver_count_20yr,driver_count_50_64yr,driver_count_65_74yr,driver_count_75plus,unbelted_occ_count,unb_death_count,unb_maj_inj_count,belted_death_count,belted_maj_inj_count,mcycle_death_count,mcycle_maj_inj_count,bicycle_death_count,bicycle_maj_inj_count,ped_count,ped_death_count,ped_maj_inj_count,max_severity_level,comm_veh_count,dec_lat,dec_long,rdwy_surf_type_cd,county_name
63108,702937,2012095482,6,67,67301,2012,8,1,1222,12,1,1,0,2,1, , ,N,2,2,0,3,0,2,8,2,N,N,40 05:57.217,74 58:41.404,1227, ,1225,1,1,4, , ,3,Y, , , , , , , , ,2,2,0,0,0,0,0,0,0,0,0,2,2,0,0,0,0,0,0,0,1,0,0,0,0,0,0,0,0,0,0,0,0,0,0,4,0,40.0992,-74.9782, , 
63109,702939,2012098470,6,67,67301,2012,9,1,1103,11,1,1,0,7,1, , ,N,0,0,0,3,0,2,2,1,N,N,39 54:49.397,75 11:31.830,1110, ,1105,2,2,1, , ,0,Y, , , , , , , , ,1,1,0,0,0,0,0,0,0,0,0,2,2,0,0,0,0,0,0,0,0,0,0,0,0,0,0,0,0,0,0,0,0,0,0,4,0,39.9137,-75.1922, , 
63110,702940,2012098968,6,67,67301,2012,9,1,1030,10,8,9,8,9,9, , ,N,0,0,0,3,0,1,2,2,N,N,39 59:39.339,75 07:14.593,220, ,219, ,0, ,N, ,0, , , , , , , , , ,1,1,0,0,0,0,0,0,0,0,1,0,1,0,0,0,0,0,0,0,0,0,0,0,0,0,0,0,0,0,0,0,1,0,0,3,0,39.9943,-75.1207, , 
63111,702949,2012056730,6,67,67301,2012,5,6,935,9,1,1,0,1,1, , ,N,0,0,0,3,0,1,2,2,N,N,40 05:05.783,75 01:29.393,955, ,934, ,0, ,N, ,0, , , , , , , , , ,2,1,0,0,0,0,1,0,0,0,0,0,1,1,0,0,0,0,0,0,1,0,0,2,0,0,0,0,0,0,0,0,0,0,0,8,0,40.0849,-75.0248, , 
63112,702961,2012078380,6,67,67301,2012,5,1,0,0,3,1,0,4,1, , ,N,1,2,0,3,0,1,2,2,N,N,40 00:45.290,75 04:23.140,34, ,33, ,0, ,N, ,3, , , , , , , , , ,2,2,0,0,0,0,0,0,0,0,0,1,1,0,1,0,0,0,0,0,0,0,0,0,0,0,0,0,0,0,0,0,0,0,0,4,0,40.0125,-75.0733, , 
63113,702973,2012088552,6,67,67301,2012,8,3,1340,13,1,1,0,2,1, , ,N,2,2,0,3,0,1,2,2,N,N,40 03:17.807,75 10:48.824,1348, ,1342, ,0, ,N, ,3, , , , , , , , , ,1,1,0,0,0,0,0,0,0,0,0,0,1,1,0,0,0,0,0,0,0,1,0,0,0,0,0,0,0,0,0,0,1,0,0,8,0,40.0549,-75.1802, , 
63114,702980,2012098512,6,67,67301,2012,9,4,1300,13,1,1,0,1,1, , ,N,0,0,0,3,0,0,3,2,N,N,40 01:39.231,75 11:29.113,1320, ,1303,2,1,2,N, ,0,N, , , , , , , , ,2,1,0,0,1,0,0,0,0,0,0,0,0,0,0,0,0,0,0,0,0,0,0,0,0,0,0,0,0,0,0,0,0,0,0,0,0,40.0276,-75.1914, , 
63115,703011,2012083160,6,67,67301,2012,7,2,1750,17,1,1,0,6,1, , ,N,0,0,0,3,0,1,2,2,N, ,39 58:18.668,75 10:03.227,1755, ,1750, ,0, , , ,0, , , , , , , , , ,1,0,0,0,0,1,0,0,1,1,0,0,1,0,0,0,0,0,0,0,0,0,0,0,0,0,0,0,0,0,0,1,0,0,0,2,1,39.9719,-75.1676, , 
63116,703012,2012083655,6,67,67301,2012,8,6,2209,22,3,2,1,7,2, , ,N,0,0,0,3,0,0,1,1,N,N,39 57:45.906,75 08:22.234,2224, ,2213, ,0, ,N, ,0, , , , , , , , , ,1,0,0,0,1,0,0,0,0,0,0,0,0,0,0,0,0,0,0,0,0,0,0,0,0,0,0,0,0,0,0,0,0,0,0,0,0,39.9628,-75.1395, , 
63117,703021,2012098369,6,67,67301,2012,9,5,1603,16,1,1,0,4,6, , ,N,0,2,0,3,0,1,2,2,N,N,40 02:06.879,75 10:26.462,1625, ,1615, ,0, ,N, ,3, , , , , , , , , ,1,0,0,0,0,0,1,0,0,0,0,1,1,0,0,0,0,0,0,0,1,0,0,0,0,0,0,0,0,0,0,0,1,0,0,4,0,40.0352,-75.174, , 
63118,705655,2012078308,6,67,67301,2012,7,1,225,2,3,1,0,5,1, , ,N,0,0,0,3,0,0,1,4,N,N,40 02:04.623,75 06:58.399,236, ,231, ,0, ,N, ,0, , , , , , , , , ,4,3,0,0,1,0,0,0,0,0,0,0,0,0,0,0,0,0,0,0,0,0,0,0,0,0,0,0,0,0,0,0,0,0,0,0,0,40.0346,-75.1162, , 
63119,705660,2012085165,6,67,67301,2012,8,6,2240,22,3,1,0,1,1, , ,N,0,0,0,3,0,1,3,2,N,N,39 57:25.598,75 09:24.570,2250, ,2245,1,1,3,N, ,0,N, , , , , , , , ,2,1,0,0,0,0,1,0,0,0,0,1,1,0,0,0,0,0,0,0,1,0,0,0,0,0,0,0,0,0,0,0,0,0,0,4,0,39.9571,-75.1568, , 
63120,705683,2012111626,6,67,67301,2012,10,3,736,7,1,1,0,4,1, , ,N,1,2,0,3,0,1,5,3,N,N,39 57:47.143,75 11:23.844,738, ,736, ,0, ,N, ,2, , , , , , , , , ,3,3,0,0,0,0,0,0,0,0,0,1,1,0,0,0,0,0,0,0,0,0,0,0,0,0,0,0,0,0,0,0,0,0,0,4,0,39.9631,-75.1899, , 
63121,705684,2012111780,6,67,67301,2012,10,5,1700,17,1,2,1,4,1, , ,N,0,0,7,3,0,2,3,2,N,N,40 01:51.212,75 06:15.519,1718, ,1709, ,0, , , ,0, , , , , , , , , ,2,2,0,0,0,0,0,0,0,0,0,2,2,0,0,0,0,0,0,0,0,0,0,0,0,0,0,0,0,0,0,0,0,0,0,4,0,40.0309,-75.1043, , 
63122,705701,2012066645,6,67,67301,2012,5,7,5,0,3,1,0,1,1, , ,N,1,2,0,3,0,1,2,2,N,N,39 57:47.584,75 10:37.667,25, ,21,2,1,4,N, ,3,N, , , , , , , , ,2,1,1,0,0,0,0,0,0,0,0,0,1,1,0,0,0,0,0,0,0,0,0,0,0,0,0,0,0,0,0,0,0,0,0,8,0,39.9632,-75.1771, , 
63123,705729,2012099021,6,67,67301,2012,9,6,1238,12,1,1,0,4,1, , ,N,1,0,0,3,0,2,3,2,N,N,40 02:10.516,75 01:32.995,1244, ,1238, ,0, , , ,0, , , , , , , , , ,2,2,0,0,0,0,0,0,0,0,0,0,0,0,0,0,0,0,0,0,0,1,0,0,0,0,0,0,0,0,0,0,0,0,0,9,0,40.0363,-75.0258, , 
63124,705732,2012106945,6,67,67301,2012,10,2,1301,13,1,1,0,5,1, , ,N,0,0,0,3,0,2,4,2,N,N,39 57:26.108,75 09:25.891,1309, ,1304,1,1,4,N, ,0,N, , , , , , , , ,2,2,0,0,0,0,0,0,0,0,0,0,2,2,0,0,0,0,0,0,0,0,0,1,0,0,0,0,0,0,0,0,0,0,0,8,0,39.9573,-75.1572, , 
63125,705743,2012056614,6,67,67301,2012,5,2,1100,11,1,1,0,4,1, , ,N,0,0,7,3,0,0,3,2,N, ,39 59:40.445,75 05:40.110,1118, ,1117, ,0, , , ,0, , , , , , , , , ,2,0,0,0,0,0,1,1,0,0,0,0,0,0,1,0,0,0,0,0,1,1,0,0,0,0,0,0,0,0,0,0,0,0,0,9,0,39.9946,-75.0945, , 
63126,705759,2012088624,6,67,67301,2012,8,2,825,8,1,1,0,1,1, , ,N,2,0,0,3,0,1,2,2,N, ,39 55:50.268,75 10:10.109,840, ,830, ,0, , , ,0, , , , , , , , , ,2,1,0,0,1,0,0,0,0,0,0,0,1,1,0,0,0,0,0,0,1,0,0,0,0,0,0,0,0,0,0,0,0,0,0,8,0,39.9306,-75.1695, , 
63127,705797,2012073522,6,67,67301,2012,6,5,1515,15,1,1,0,4,1, , ,N,1,2,0,3,0,1,2,2,N,N,39 57:24.462,75 14:38.029,1530, ,1523, ,0, ,N, ,3, , , , , , , , , ,2,0,0,0,0,0,0,2,0,0,0,1,1,0,0,0,0,0,0,0,2,0,0,1,0,0,0,0,0,0,0,0,0,0,0,4,0,39.9568,-75.2439, , 
63128,705816,2012098484,6,67,67301,2012,9,7,1241,12,1,1,0,5,1, , ,N,1,2,0,3,0,2,10,2,N,N,39 58:43.997,75 07:06.856,1301, ,1248, ,0, ,N, ,3, , , , , , , , , ,2,0,0,1,1,0,0,0,0,0,0,0,1,1,0,0,0,0,0,0,1,0,0,0,0,0,0,0,0,0,0,0,0,0,0,8,1,39.9776,-75.1192, , 
63129,705821,2012104131,6,67,67301,2012,9,2,1120,11,1,1,0,4,1, , ,N,0,2,0,3,0,2,3,3,N,N,39 57:57.007,75 14:45.791,1155, ,1147, ,0, ,N, ,3, , , , , , , , , ,3,1,0,0,1,0,1,0,0,0,0,2,2,0,1,0,0,0,0,0,1,0,0,0,0,0,0,0,0,0,0,0,0,0,0,4,0,39.9658,-75.2461, , 
63130,705837,2012080664,6,67,67301,2012,8,1,1448,14,1,1,0,1,1, , ,N,0,0,0,3,0,1,4,3,N,N,39 58:01.505,75 11:18.117,1455, ,1450,1,1,3,N, ,0,N, , , , , , , , ,3,3,0,0,0,0,0,0,0,0,0,1,1,0,0,0,0,0,0,0,2,0,0,0,0,0,0,0,0,0,0,0,0,0,0,4,0,39.9671,-75.1884, , 
63131,705845,2012068671,6,67,67301,2012,5,5,728,7,1,1,0,4,1, , ,N,0,0,7,3,0,1,2,2,N,N,40 02:05.186,75 03:50.431,732, ,729,9,2,7,N, ,0,Y, , , , , , , , ,2,1,1,0,0,0,0,0,0,0,0,0,1,1,0,0,0,0,0,0,0,1,0,0,0,0,0,0,0,0,0,0,0,0,0,8,0,40.0348,-75.064, , 
63132,705858,2012083336,6,67,67301,2012,7,4,1712,17,1,1,0,4,1, , ,N,2,0,0,3,0,3,4,2,N, ,40 00:16.426,75 07:48.082,1722, ,1719, ,0, , , ,0, , , , , , , , , ,2,1,0,0,0,0,0,1,0,0,0,3,3,0,0,0,0,0,0,0,1,0,0,0,0,0,0,0,0,0,0,0,0,0,0,4,0,40.0046,-75.13, , 
63133,705878,2012109649,6,67,67301,2012,10,6,1725,17,1,1,0,8,1, , ,N,2,2,0,3,0,1,2,2,N,N,39 53:25.696,75 14:42.046,1730, ,1727,3,2,4,N, ,3,Y, , , , , , , , ,1,1,0,0,0,0,0,0,0,0,1,0,1,0,0,0,0,0,0,0,0,0,0,0,0,0,0,0,0,0,0,0,1,0,0,3,0,39.8903,-75.245, , 
63134,705881,2012114114,6,46,46102,2012,11,3,2133,21,3,1,0,1,1, , ,N,2,2,0,3,0,0,3,3,N,N,40 03:47.739,75 08:21.676,2137, ,2133,1,1,4,N, ,3,N, , , , , , , , ,3,2,0,0,0,0,1,0,0,0,0,0,0,0,1,0,0,0,0,0,1,0,0,0,0,0,0,0,0,0,0,0,0,0,0,9,0,40.0633,-75.1393, , 
63135,705889,2012080859,6,67,67301,2012,7,2,900,9,1,1,0,5,1, , ,N,0,0,0,3,0,1,2,2,N,Y,39 56:34.785,75 08:41.118,1235, ,1232, ,0, , , ,0, , , , , , , , , ,1,0,0,0,0,0,0,0,1,0,1,0,1,0,0,0,0,0,0,0,0,0,0,0,0,0,0,0,0,0,0,0,0,0,0,3,0,39.943,-75.1448, , 
63136,696454,2012073625,6,67,67301,2012,6,6,2320,23,2,8,1,4,1, , ,N,1,2,0,3,0,2,3,2,N,N,40 01:41.450,75 02:20.031,2330, ,2330, ,0, , , ,1, , , , , , , , , ,2,1,0,0,0,0,1,0,0,0,0,2,2,0,0,0,0,0,0,0,0,1,0,0,0,0,0,0,0,0,0,0,0,0,0,4,0,40.0282,-75.0389, , 
63137,696479,2012094704,6,67,67301,2012,9,4,2234,22,3,1,0,1,1, , ,N,0,0,0,3,0,0,3,3,N,N,39 59:24.423,75 12:19.196,2234, ,2234, ,0, ,N, ,0, , , , , , , , , ,3,3,0,0,0,0,0,0,0,0,0,0,0,0,0,0,0,0,0,0,0,0,0,0,0,0,0,0,0,0,0,0,0,0,0,0,0,39.9901,-75.2053, , 
63138,696480,2012095726,6,67,67301,2012,9,3,1509,15,1,1,0,1,1, , ,N,0,0,0,3,0,1,2,2,N,N,40 00:34.062,75 12:19.157,1522, ,1513, ,0, ,N, ,0, , , , , , , , , ,2,1,0,0,0,0,0,1,0,0,0,1,1,0,0,0,0,0,0,0,1,0,0,0,0,0,0,0,0,0,0,0,0,0,0,4,0,40.0095,-75.2053, , 
63139,696495,2012066803,6,46,46104,2012,6,1,1523,15,1,1,0,1,1, , ,N,1,2,0,3,0,1,3,2,N,N,40 00:30.523,75 12:40.023,1525, ,1523,1,1,2,N, ,3,N, , , , , , , , ,2,2,0,0,0,0,0,0,0,0,0,1,1,0,0,0,0,0,0,0,1,0,0,0,0,0,0,0,0,0,0,0,0,0,0,4,0,40.0084,-75.211, , 
63140,696522,2012098973,6,67,67301,2012,9,7,1615,16,1,1,0,4,1, , ,N,1,3,0,3,0,4,4,2,N,N,40 04:05.455,75 10:26.738,1640, ,1635, ,0, ,N, ,3, , , , , , , , , ,2,2,0,0,0,0,0,0,0,0,0,4,4,0,0,0,0,0,0,0,0,0,0,0,0,0,0,0,0,0,0,0,0,0,0,4,0,40.0682,-75.1741, , 
63141,696530,2012111627,6,67,67301,2012,10,5,1545,15,1,1,0,8,1, , ,N,0,0,0,3,0,1,2,2,N,Y,40 01:42.849,75 12:37.093,1605, ,1552, ,0, ,N, ,0, , , , , , , , , ,1,1,0,0,0,0,0,0,0,0,0,1,1,0,0,0,0,0,0,0,0,1,0,0,0,0,0,0,0,0,0,0,1,0,0,4,0,40.0286,-75.2103, , 
63142,696534,2012117224,6,67,67301,2012,10,7,112,1,3,1,0,4,1, , ,N,1,2,0,3,0,0,2,2,N,N,39 59:38.150,75 09:16.063,120, ,112,1,1,1,N, ,3,N, , , , , , , , ,2,2,0,0,0,0,0,0,0,0,0,0,0,0,0,0,0,0,0,1,0,0,0,0,0,0,0,0,0,0,0,0,0,0,0,0,0,39.9939,-75.1545, , 
63143,696548,2012066465,6,67,67301,2012,5,3,1930,19,4,1,0,4,1, , ,N,1,2,0,3,0,2,2,2,N,N,40 04:50.725,75 01:42.964,1937, ,1934,1,1,1,N, ,3,N, , , , , , , , ,2,2,0,0,0,0,0,0,0,0,1,0,2,1,0,0,0,1,0,0,0,0,0,0,0,0,0,0,0,0,0,0,0,0,0,3,0,40.0808,-75.0286, , 
63144,696549,2012066720,6,67,67301,2012,6,3,1839,18,1,1,0,6,1, , ,N,0,0,0,3,0,1,2,2,N,N,40 02:09.368,75 10:29.489,1847, ,1845, ,0, ,N, ,0, , , , , , , , , ,2,1,0,0,0,1,0,0,0,0,0,0,1,1,0,0,0,0,0,0,0,0,0,0,0,0,0,0,0,0,0,0,0,0,0,8,1,40.0359,-75.1749, , 
63145,696562,2012083167,6,67,67301,2012,7,3,2259,22,3,1,0,4,1, , ,N,2,0,0,3,0,0,1,2,N, ,40 00:05.187,75 06:34.192,35, ,28, ,0, , , ,0, , , , , , , , , ,2,2,0,0,0,0,0,0,0,0,0,0,0,0,1,0,0,0,0,0,0,0,0,0,0,0,0,0,0,0,0,0,0,0,0,9,0,40.0014,-75.1095, , 
63146,696563,2012083420,6,67,67301,2012,7,7,13,0,3,1,0,4,1, , ,N,1,2,0,3,0,0,5,2,N, ,40 03:24.532,75 02:49.228,18, ,13,2,1,2, , ,3,N, , , , , , , , ,2,2,0,0,0,0,0,0,0,0,0,0,0,0,0,0,0,0,0,0,0,0,0,0,0,0,0,0,0,0,0,0,0,0,0,0,0,40.0568,-75.047, , 
63147,696581,2012098258,6,67,67301,2012,9,7,50,0,3,1,0,7,3, , ,N,1,2,0,3,0,0,1,1,N,N,40 01:46.545,75 06:13.959,57, ,51,9,1,1,Y, ,3,N, , , , , , , , ,1,1,0,0,0,0,0,0,0,0,0,0,0,0,0,0,0,0,0,0,0,1,0,0,0,0,0,0,0,0,0,0,0,0,0,0,0,40.0296,-75.1039, , 
63148,696582,2012099919,6,67,67301,2012,10,6,1931,19,3,1,0,1,1, , ,N,0,0,0,3,0,1,2,2,N,N,39 58:29.787,75 07:02.855,2003, ,1945, ,0, ,N, ,0, , , , , , , , , ,2,2,0,0,0,0,0,0,0,0,0,1,1,0,0,0,0,0,0,0,0,0,0,0,0,0,0,0,0,0,0,0,0,0,0,4,0,39.975,-75.1174, , 
63149,696583,2012099921,6,67,67301,2012,10,7,1040,10,1,1,0,5,1, , ,N,0,0,0,3,0,1,5,2,N,N,39 57:34.457,75 10:31.442,1046, ,1049, ,0, ,N, ,0, , , , , , , , , ,2,2,0,0,0,0,0,0,0,0,0,0,1,1,0,0,0,0,0,0,1,0,0,0,0,0,0,0,0,0,0,0,0,0,0,8,0,39.9596,-75.1754, , 
63150,696589,2012056525,6,67,67301,2012,5,6,1300,13,1,9,8,4,1, , ,N,0,0,0,3,0,1,2,2,N,N,40 00:27.048,75 07:41.046,1310, ,1300, ,0, , , ,0, , , , , , , , , ,2,2,0,0,0,0,0,0,0,0,0,1,1,0,0,0,0,0,0,0,1,0,0,0,0,0,0,0,0,0,0,0,0,0,0,4,0,40.0075,-75.1281, , 
63151,696631,2012098366,6,67,67301,2012,9,3,1716,17,1,1,0,8,1, , ,N,1,2,0,3,0,1,2,2,N,N,39 57:25.867,75 12:07.023,1738, ,1738, ,0, ,N, ,3, , , , , , , , , ,1,1,0,0,0,0,0,0,0,0,0,0,1,1,0,0,0,0,0,0,0,0,0,0,0,0,0,0,0,0,0,0,1,0,0,8,0,39.9571,-75.2019, , 
63152,696633,2012104626,6,67,67301,2012,9,4,954,9,1,1,0,4,1, , ,N,5,2,0,3,0,3,3,2,N,N,39 57:37.519,75 09:23.090,957, ,955,1,2,1,Y, ,3,Y, , , , , , , , ,2,2,0,0,0,0,0,0,0,0,0,3,3,0,0,0,0,0,0,0,1,0,0,0,0,0,0,0,0,0,0,0,0,0,0,4,0,39.9604,-75.1564, , 
63153,696639,2012047084,6,67,67301,2012,4,4,825,8,1,1,0,5,1, , ,N,0,2,0,3,0,1,3,2,N,N,39 57:21.005,75 11:29.595,827, ,826, ,0, ,N, ,2, , , , , , , , , ,1,1,0,0,0,0,0,0,1,0,0,0,1,1,0,0,0,0,0,0,0,0,0,0,0,0,0,0,0,0,0,0,0,0,0,8,0,39.9558,-75.1916, , 
63154,699728,2012073635,6,67,67301,2012,6,2,943,9,1,1,0,4,6, , ,N,0,0,0,3,0,0,1,2,N,N,40 02:51.226,75 10:02.578,1005, ,959, ,0, ,N, ,0, , , , , , , , , ,2,0,0,0,0,0,2,0,0,0,0,0,0,0,0,0,0,1,0,0,0,0,0,0,0,0,0,0,0,0,0,0,0,0,0,0,0,40.0476,-75.1674, , 
63155,699778,2012085874,6,67,67301,2012,8,5,9999,99,1,1,0,1,1, , ,N,0,0,3,3,0,0,2,2,N,N,39 57:48.232,75 11:13.616,1522, ,1522, ,0, ,N, ,0, , , , , , , , , ,2,1,0,0,0,0,1,0,0,0,0,2,2,0,0,0,0,0,0,0,1,0,0,0,0,0,0,0,0,0,0,0,0,0,0,4,0,39.9634,-75.187, , 
63156,699838,2012051087,6,67,67301,2012,5,5,1718,17,1,1,0,1,1, , ,N,2,2,0,3,0,1,7,3,N,N,39 59:38.856,75 14:29.980,1720, ,1718,2,1,2,N, ,3,N, , , , , , , , ,3,2,0,0,0,0,1,0,0,0,0,0,1,1,0,0,0,0,1,0,1,0,0,0,0,0,0,0,0,0,0,0,0,0,0,8,0,39.994,-75.2416, , 
63157,699847,2012059616,6,67,67301,2012,5,7,1642,16,1,1,0,5,1, , ,N,0,0,0,3,0,1,2,2,N,N,40 01:22.179,75 02:11.338,1710, ,1645, ,0, ,N, ,0, , , , , , , , , ,2,0,0,0,1,0,1,0,0,0,0,1,1,0,0,0,0,0,0,0,0,0,0,0,0,0,0,0,0,0,0,0,0,0,0,4,0,40.0228,-75.0364, , 
63158,699860,2012048447,6,67,67301,2012,5,5,1730,17,1,1,0,1,1, , ,N,0,0,0,3,0,0,3,3,N,N,39 59:00.360,75 05:51.762,1753, ,1737,1,2,1,N, ,0,N, , , , , , , , ,3,3,0,0,0,0,0,0,0,0,0,0,0,0,0,0,0,0,0,0,1,0,0,0,0,0,0,0,0,0,0,0,0,0,0,0,0,39.9834,-75.0978, , 
63159,699865,2012066619,6,67,67301,2012,4,4,342,3,3,2,1,4,1, , ,N,1,2,0,3,0,1,2,2,N, ,40 02:50.956,75 05:30.725,351, ,347,9,2,2, , ,9,N, , , , , , , , ,2,2,0,0,0,0,0,0,0,0,1,0,1,0,1,0,0,0,0,0,1,0,0,0,0,0,0,0,0,0,0,0,0,0,0,3,0,40.0475,-75.0919, , 
63160,699871,2012073329,6,67,67301,2012,7,3,727,7,1,1,0,1,1, , ,N,0,0,0,3,0,1,2,2,N,N,40 00:02.427,75 11:41.193,739, ,732, ,0, ,N, ,0, , , , , , , , , ,2,1,0,0,0,1,0,0,0,0,0,1,1,0,0,0,0,0,0,0,0,0,0,0,0,0,0,0,0,0,0,0,0,0,0,4,1,40.0007,-75.1948, , 
63161,699872,2012073628,6,67,67301,2012,6,1,1722,17,1,1,0,1,1, , ,N,2,2,0,3,0,1,3,3,N,N,39 59:38.577,75 14:29.837,1131, ,1130, ,0, , , ,3, , , , , , , , , ,3,3,0,0,0,0,0,0,0,0,0,1,1,0,0,0,0,0,0,0,2,0,0,0,0,0,0,0,0,0,0,0,0,0,0,4,0,39.994,-75.2416, , 
63162,699877,2012075998,6,67,67301,2012,6,2,1540,15,1,1,0,8,1, , ,N,1,2,0,3,0,1,2,2,N,N,39 59:56.501,75 07:59.702,1541, ,1541,1,1,3,N, ,3,Y, , , , , , , , ,1,0,0,0,0,0,1,0,0,0,0,0,1,1,0,0,0,0,0,0,0,0,0,1,0,0,0,0,0,0,0,0,1,0,0,8,0,39.999,-75.1332, , 
63163,699897,2012095464,6,67,67301,2012,8,5,1035,10,1,1,0,4,1, , ,N,1,2,0,3,0,1,1,2,N, ,39 59:08.735,75 06:41.576,1145, ,1143, ,0, , , ,3, , , , , , , , , ,2,0,0,0,0,0,0,2,0,0,0,1,1,0,0,0,0,0,0,0,0,0,0,0,0,0,0,0,0,0,0,0,0,0,0,4,0,39.9858,-75.1116, , 
63164,699898,2012095508,6,67,67301,2012,9,1,9999,99,1,2,1,7,4, , ,N,0,0,0,3,0,1,1,1,N,N,40 07:25.727,75 00:54.828,9999, ,9999, ,0, ,N, ,0, , , , , , , , , ,1,0,1,0,0,0,0,0,0,0,0,1,1,0,0,0,0,0,0,0,1,0,0,0,0,0,0,0,0,0,0,0,0,0,0,4,0,40.1238,-75.0152, , 
63165,699915,2012066694,6,67,67301,2012,6,6,9999,99,1,1,0,1,1, , ,N,0,0,0,3,0,0,4,4,N,N,39 54:18.967,75 11:41.012,1600, ,1545, ,0, , , ,0, , , , , , , , , ,4,3,0,0,0,0,0,1,0,0,0,0,0,0,0,0,0,0,0,0,0,0,0,0,0,0,0,0,0,0,0,0,0,0,0,0,0,39.9053,-75.1947, , 
63166,699930,2012078616,6,67,67301,2012,6,4,1630,16,1,1,0,4,1, , ,N,1,2,0,3,0,3,4,2,N,N,39 57:30.637,75 09:56.095,1635, ,1635,1,1,4,N, ,3,N, , , , , , , , ,2,1,0,0,0,0,0,1,0,0,0,2,3,1,0,0,0,0,0,0,1,0,0,0,0,0,0,0,0,0,0,0,0,0,0,4,0,39.9585,-75.1656, , 
63167,699933,2012082994,6,67,67301,2012,4,4,2000,20,6,1,0,4,1, , ,N,1,0,0,3,0,1,2,2,N,N,40 02:28.972,75 02:56.460,0, ,0, ,0, ,N, ,0, , , , , , , , , ,2,0,0,0,0,0,1,0,0,0,1,0,1,0,1,0,0,0,0,0,0,0,0,0,0,0,0,0,0,0,0,0,0,0,0,3,0,40.0414,-75.049, , 
63168,699934,2012083189,6,67,67301,2012,7,7,130,1,3,1,0,0,1, , ,N,0,2,0,3,0,1,1,1,N,N,39 54:34.940,75 10:22.332,153, ,149, ,0, ,N, ,3, , , , , , , , , ,1,0,1,0,0,0,0,0,0,0,0,1,1,0,0,0,0,0,0,0,0,0,0,0,0,0,0,0,0,0,0,0,0,0,0,4,0,39.9097,-75.1729, , 
63169,699935,2012083284,6,67,67301,2012,7,6,249,2,3,2,1,4,1, , ,N,0,0,0,3,0,0,1,3,N,N,39 55:45.613,75 14:27.356,303, ,259,3,2,3,N, ,0,Y, , , , , , , , ,3,1,0,0,0,0,2,0,0,0,0,0,0,0,0,0,0,0,0,0,0,0,0,0,0,0,0,0,0,0,0,0,0,0,0,0,0,39.9293,-75.2409, , 
63170,699948,2012096412,6,67,67301,2012,8,5,1033,10,1,1,0,4,1, , ,N,0,0,0,3,0,1,1,2,N,N,40 01:12.744,75 06:31.634,1045, ,1040, ,0, ,N, ,0, , , , , , , , , ,1,1,0,0,0,0,0,0,0,0,0,1,1,0,0,0,0,0,0,0,0,0,0,0,0,0,0,0,0,0,0,0,1,0,0,4,0,40.0202,-75.1088, , 
63171,699951,2012098360,6,46,46104,2012,8,4,1707,17,1,1,0,1,1, , ,N,2,2,0,3,0,1,3,2,N,N,39 59:23.269,75 15:02.807,1723, ,1715,2,1,1,N, ,3,Y, , , , , , , , ,2,2,0,0,0,0,0,0,0,0,0,1,1,0,1,0,0,0,0,0,0,0,0,0,0,0,0,0,0,0,0,0,0,0,0,4,0,39.9897,-75.2508, , 
63172,703037,2012122443,6,67,67301,2012,11,3,1144,11,1,1,0,4,1, , ,N,0,0,7,3,0,0,2,2,N,Y,40 01:52.197,75 05:22.808,1155, ,1149, ,0, , , ,0, , , , , , , , , ,2,2,0,0,0,0,0,0,0,0,0,0,0,0,0,0,0,0,0,0,0,0,0,0,0,0,0,0,0,0,0,0,0,0,0,0,0,40.0312,-75.0897, , 
63173,703052,2012083422,6,67,67301,2012,8,5,2310,23,3,1,0,1,1, , ,N,0,0,3,3,0,0,3,3,N, ,40 01:13.810,75 09:19.417,30, ,9999, ,0, , , ,0, , , , , , , , , ,3,3,0,0,0,0,0,0,0,0,0,0,0,0,1,0,0,0,0,0,1,0,0,0,0,0,0,0,0,0,0,0,0,0,0,9,0,40.0205,-75.1554, , 
63174,703056,2012088600,6,67,67301,2012,8,6,1615,16,1,1,0,8,1, , ,N,1,2,2,3,0,1,2,2,N,N,39 58:19.726,75 07:29.308,1633, ,1630, ,0, ,N, ,3, , , , , , , , , ,1,1,0,0,0,0,0,0,0,0,0,1,1,0,0,0,0,0,0,0,0,0,0,0,0,0,0,0,0,0,0,0,1,0,0,4,0,39.9721,-75.1248, , 
63175,703062,2012095631,6,67,67301,2012,8,4,1155,11,1,1,0,4,1, , ,N,1,2,0,3,0,1,4,2,N, ,39 59:43.731,75 06:32.155,1200, ,1156,1,2,1, , ,3,N, , , , , , , , ,2,1,0,0,0,0,1,0,0,0,0,0,1,1,0,0,0,0,0,0,0,0,0,0,0,0,0,0,0,0,0,0,0,0,0,8,0,39.9955,-75.1089, , 