objectid_1,objectid,crn,district,county,municipality,crash_year,crash_month,day_of_week,time_of_day,hour_of_day,illumination,weather,road_condition,collision_type,relation_to_road,work_zone_type,work_zone_loc,work_zone_ind,intersect_type,tcd_type,location_type,urban_rural,fatal_count,injury_count,person_count,total_units,sch_bus_ind,sch_zone_ind,latitude,longitude,arrival_tm,cons_zone_spd_lim,dispatch_tm,est_hrs_closed,lane_closed,ln_close_dir,ntfy_hiwy_maint,spec_juris_cd,tcd_func_cd,tfc_detour_ind,workers_pres,wz_close_detour,wz_flagger,wz_law_offcr_ind,wz_ln_closure,wz_moving,wz_other,wz_shlder_mdn,vehicle_count,automobile_count,motorcycle_count,bus_count,small_truck_count,heavy_truck_count,suv_count,van_count,bicycle_count,maj_inj_count,mod_inj_count,min_inj_count,tot_inj_count,unk_inj_deg_count,unk_inj_per_count,driver_count_16yr,driver_count_17yr,driver_count_18yr,driver_count_19yr,driver_count_20yr,driver_count_50_64yr,driver_count_65_74yr,driver_count_75plus,unbelted_occ_count,unb_death_count,unb_maj_inj_count,belted_death_count,belted_maj_inj_count,mcycle_death_count,mcycle_maj_inj_count,bicycle_death_count,bicycle_maj_inj_count,ped_count,ped_death_count,ped_maj_inj_count,max_severity_level,comm_veh_count,dec_lat,dec_long,rdwy_surf_type_cd,county_name
63310,700226,2012098209,6,67,67301,2012,9,3,2201,22,3,1,0,1,6, , ,N,1,0,0,3,0,0,1,2,N,N,39 59:03.735,75 15:11.829,2219, ,2214, ,0, ,N, ,0, , , , , , , , , ,2,2,0,0,0,0,0,0,0,0,0,0,0,0,0,0,0,0,0,0,0,0,0,0,0,0,0,0,0,0,0,0,0,0,0,0,0,39.9844,-75.2533, , 
63311,700227,2012098468,6,67,67301,2012,9,7,242,2,3,1,0,1,1, , ,N,0,0,0,3,0,0,2,2,N,N,40 00:40.607,75 10:59.349,248, ,244,2,1,2,N, ,0,N, , , , , , , , ,2,1,0,0,0,0,0,0,0,0,0,0,0,0,0,0,0,0,0,0,0,0,0,0,0,0,0,0,0,0,0,0,0,0,0,0,0,40.0113,-75.1832, , 
63312,700235,2012104000,6,67,67301,2012,9,6,30,0,3,1,0,5,2, , ,N,0,0,0,3,0,0,1,3,N,N,40 01:44.759,75 07:19.163,37, ,35, ,0, ,N, ,0, , , , , , , , , ,3,1,0,0,0,0,1,1,0,0,0,0,0,0,1,0,0,0,0,0,0,0,0,0,0,0,0,0,0,0,0,0,0,0,0,9,0,40.0291,-75.122, , 
63313,700244,2012066485,6,67,67301,2012,5,3,2132,21,3,1,0,1,1, , ,N,5,2,0,3,0,8,8,2,N, ,40 01:22.061,75 09:32.460,2140, ,2135,9,2,5, , ,3,Y, , , , , , , , ,2,1,0,1,0,0,0,0,0,0,0,1,8,7,0,0,0,0,0,0,1,0,0,0,0,0,0,0,0,0,0,0,0,0,0,4,1,40.0228,-75.159, , 
63314,700256,2012078398,6,67,67301,2012,7,6,2020,20,4,1,0,4,1, , ,N,1,2,0,3,0,2,3,2,N,N,39 59:40.673,75 05:40.311,2107, ,2104, ,0, ,N, ,3, , , , , , , , , ,2,2,0,0,0,0,0,0,0,0,0,2,2,0,1,0,0,0,0,0,0,0,0,0,0,0,0,0,0,0,0,0,0,0,0,4,0,39.9946,-75.0945, , 
63315,700267,2012095530,6,67,67301,2012,9,1,2326,23,3,2,1,7,2, , ,N,0,0,0,3,0,0,1,1,N,N,39 59:07.141,75 12:44.788,1142, ,1131, ,0, ,N, ,0, , , , , , , , , ,1,0,0,0,1,0,0,0,0,0,0,0,0,0,0,0,0,0,0,0,1,0,0,0,0,0,0,0,0,0,0,0,0,0,0,0,0,39.9853,-75.2124, , 
63316,700272,2012098516,6,67,67301,2012,9,4,9999,99,4,1,0,8,1, , ,N,0,0,0,3,0,1,2,2,N, ,40 00:14.990,75 10:16.305,2020, ,2019, ,0, , , ,0, , , , , , , , , ,1,1,0,0,0,0,0,0,0,0,0,0,1,1,0,0,0,0,0,0,1,0,0,0,0,0,0,0,0,0,0,0,1,0,0,8,0,40.0042,-75.1712, , 
63317,700273,2012099377,6,67,67301,2012,9,5,1836,18,1,1,0,2,1, , ,N,1,2,0,3,0,1,2,2,N,N,40 02:25.164,75 03:30.735,1840, ,1837,1,2,1,N, ,3,N, , , , , , , , ,2,1,1,0,0,0,0,0,0,0,0,0,1,1,0,0,0,0,0,0,0,0,0,0,0,0,0,0,0,0,0,0,0,0,0,8,0,40.0403,-75.0585, , 
63318,703390,2012026279,6,67,67301,2012,1,2,1700,17,3,6,1,1,1, , ,N,0,0,0,3,0,2,4,3,N,N,40 00:14.034,75 07:26.900,1701, ,1700,2,1,1,N, ,0,N, , , , , , , , ,3,1,0,0,2,0,0,0,0,0,1,1,2,0,0,0,0,0,0,0,0,0,0,0,0,0,0,0,0,0,0,0,0,0,0,3,0,40.0039,-75.1241, , 
63319,703405,2012041756,6,67,67301,2012,3,7,2230,22,3,1,0,8,1, , ,N,2,1,0,3,0,1,2,2,N,N,39 56:52.684,75 10:21.874,32, ,27, ,0, ,N, ,3, , , , , , , , , ,1,0,0,0,0,0,1,0,0,0,0,0,1,1,0,0,0,0,0,0,0,0,0,0,0,0,0,0,0,0,0,0,1,0,0,8,0,39.948,-75.1727, , 
63320,703417,2012057507,6,67,67301,2012,5,4,1348,13,1,5,0,7,2, , ,N,1,3,0,3,0,1,3,2,N, ,39 55:31.893,75 09:33.177,1351, ,1348, ,0, , , ,3, , , , , , , , , ,2,1,0,0,0,0,1,0,0,0,1,0,1,0,0,0,0,0,0,0,1,0,0,0,0,0,0,0,0,0,0,0,0,0,0,3,0,39.9255,-75.1592, , 
63321,703420,2012066973,6,67,67301,2012,6,7,228,2,3,1,1,7,3, , ,N,0,0,0,3,0,1,1,1,N,N,39 58:56.836,75 12:27.647,231, ,229,1,2,4,N, ,0,N, , , , , , , , ,1,1,0,0,0,0,0,0,0,0,0,0,1,1,0,0,0,0,0,0,0,0,0,0,0,0,0,0,0,0,0,0,0,0,0,8,0,39.9825,-75.2077, , 
63322,703433,2012068726,6,67,67301,2012,6,6,2200,22,3,2,1,4,1, , ,N,1,2,0,3,0,2,3,2,N, ,40 01:21.366,75 05:37.208,255, ,245, ,0, , , ,3, , , , , , , , , ,2,1,0,0,0,0,1,0,0,0,0,0,2,2,0,0,0,0,0,0,0,0,0,0,0,0,0,0,0,0,0,0,0,0,0,8,0,40.0227,-75.0935, , 
63323,703440,2012078321,6,67,67301,2012,7,3,9999,99,1,1,0,8,1, , ,N,0,0,0,3,0,1,2,2,N, ,39 59:12.076,75 06:40.374,2020, ,2020, ,0, , , ,0, , , , , , , , , ,1,1,0,0,0,0,0,0,0,0,0,0,1,1,0,0,0,0,0,0,0,0,0,0,0,0,0,0,0,0,0,0,1,0,0,8,0,39.9867,-75.1112, , 
63324,703441,2012078642,6,67,67301,2012,6,4,655,6,1,1,0,4,1, , ,N,1,2,0,3,0,2,3,3,N,N,39 59:34.615,75 06:37.098,656, ,655,2,2,6,N, ,3,Y, , , , , , , , ,3,1,0,0,0,1,0,1,0,0,0,2,2,0,0,0,0,0,0,1,0,0,0,1,0,0,0,0,0,0,0,0,0,0,0,4,1,39.9929,-75.1103, , 
63325,703442,2012078643,6,67,67301,2012,7,6,1235,12,1,1,0,7,5, , ,N,0,0,0,3,0,1,1,1,N, ,40 00:41.341,75 06:44.313,1245, ,1235, ,0, , , ,0, , , , , , , , , ,1,1,0,0,0,0,0,0,0,0,0,0,1,1,0,0,0,0,0,0,0,0,0,0,0,0,0,0,0,0,0,0,0,0,0,8,0,40.0115,-75.1123, , 
63326,703458,2012095588,6,67,67301,2012,8,5,1226,12,1,1,0,2,1, , ,N,1,2,0,3,0,1,1,2,N,N,39 56:29.947,75 12:31.928,1340, ,1334, ,0, , , ,3, , , , , , , , , ,1,1,0,0,0,0,0,0,0,0,0,0,1,1,0,0,0,0,0,0,0,0,0,0,0,0,0,0,0,0,0,0,0,0,0,8,0,39.9417,-75.2089, , 
63327,703475,2012056638,6,67,67301,2012,5,7,1700,17,1,1,0,8,1, , ,N,0,0,0,3,0,1,2,2,N,N,39 58:34.778,75 13:57.747,1715, ,1707, ,0, ,N, ,0, , , , , , , , , ,1,0,0,0,0,0,0,1,0,0,1,0,1,0,0,0,0,0,0,0,0,0,0,1,0,0,0,0,0,0,0,0,1,0,0,3,0,39.9763,-75.2327, , 
63328,703489,2012114857,6,67,67301,2012,10,7,1645,16,1,1,0,4,1, , ,N,1,2,0,3,0,1,1,2,N,N,39 57:17.491,75 09:04.108,9999, ,1651, ,0, ,N, ,3, , , , , , , , , ,2,1,0,0,0,0,0,1,0,0,0,1,1,0,0,0,0,0,0,0,0,0,0,0,0,0,0,0,0,0,0,0,0,0,0,4,0,39.9549,-75.1511, , 
63329,703490,2012115215,6,67,67301,2012,8,7,1430,14,1,1,0,1,1, , ,N,0,0,0,3,0,2,4,3,N,N,39 58:39.229,75 12:03.684,0, ,0, ,0, ,N, ,0, , , , , , , , , ,3,2,0,0,0,0,0,0,0,0,0,2,2,0,0,0,0,0,0,0,0,0,0,0,0,0,0,0,0,0,0,0,0,0,0,4,0,39.9776,-75.201, , 
63330,703500,2012056552,6,67,67301,2012,5,6,227,2,3,5,1,1,1, , ,N,1,2,0,3,0,1,5,2,N,N,39 57:22.551,75 09:46.043,235, ,231, ,0, ,N, ,3, , , , , , , , , ,2,2,0,0,0,0,0,0,0,0,0,0,1,1,0,0,0,0,0,0,0,0,0,4,0,0,0,0,0,0,0,0,0,0,0,8,0,39.9562,-75.1627, , 
63331,703508,2012066697,6,67,67301,2012,6,6,1919,19,1,1,0,1,7, , ,N,2,2,2,3,0,0,3,2,N,N,39 52:54.167,75 15:12.160,2007, ,2007, ,0, ,N, ,3, , , , , , , , , ,2,1,0,0,0,0,1,0,0,0,0,0,0,0,2,0,0,0,0,0,0,0,0,0,0,0,0,0,0,0,0,0,0,0,0,9,0,39.8816,-75.2533, , 
63332,703509,2012066745,6,67,67301,2012,5,4,1315,13,1,1,0,7,3, , ,N,0,0,4,3,0,1,1,1,N,N,39 55:17.485,75 11:26.110,1324, ,1318,1,2,2, , ,0,Y, , , , , , , , ,1,1,0,0,0,0,0,0,0,0,0,1,1,0,0,0,0,0,0,0,0,0,0,0,0,0,0,0,0,0,0,0,0,0,0,4,0,39.9215,-75.1906, , 
63333,703524,2012082919,6,67,67301,2012,8,6,740,7,1,1,0,1,1, , ,N,0,0,0,3,0,1,2,2,N,N,40 01:07.088,75 02:48.219,754, ,741,1,2,1,N, ,0,N, , , , , , , , ,2,1,0,0,0,0,1,0,0,0,0,0,1,1,0,0,0,0,0,0,0,0,0,0,0,0,0,0,0,0,0,0,0,0,0,8,0,40.0186,-75.0469, , 
63334,703540,2012088548,6,67,67301,2012,8,2,1345,13,1,1,0,4,1, , ,N,1,2,0,3,0,1,2,2,N,N,40 02:09.918,75 11:38.294,1455, ,1455, ,0, ,N, ,3, , , , , , , , , ,2,2,0,0,0,0,0,0,0,0,0,0,1,1,0,0,0,0,0,0,2,0,0,0,0,0,0,0,0,0,0,0,0,0,0,8,0,40.0361,-75.194, , 
63335,703543,2012095462,6,67,67301,2012,8,5,411,4,6,1,0,4,2, , ,N,0,3,0,3,0,1,1,5,N,N,39 59:51.910,75 07:38.517,415, ,411, ,0, ,N, ,3, , , , , , , , , ,5,2,0,0,1,0,1,1,0,0,0,0,1,1,0,0,0,0,0,0,0,0,0,0,0,0,0,0,0,0,0,0,0,0,0,8,0,39.9978,-75.1274, , 
63336,707064,2012109830,6,67,67301,2012,10,6,250,2,1,1,0,2,1, , ,N,1,3,0,3,0,1,2,2,N,N,40 01:43.906,75 05:09.211,1718, ,1718, ,0, ,N, ,3, , , , , , , , , ,2,2,0,0,0,0,0,0,0,1,0,0,1,0,1,0,0,0,0,0,1,0,0,0,0,0,0,1,0,0,0,0,0,0,0,2,0,40.0289,-75.0859, , 
63337,707075,2012122427,6,67,67301,2012,11,4,1253,12,1,3,1,4,1, , ,N,1,3,0,3,0,0,3,2,N, ,39 58:17.090,75 09:51.951,1310, ,1307,1,2,2, , ,3,Y, , , , , , , , ,2,1,0,0,0,0,0,1,0,0,0,0,0,0,0,0,0,0,0,0,0,0,0,0,0,0,0,0,0,0,0,0,0,0,0,0,0,39.9714,-75.1644, , 
63338,707088,2012064565,6,67,67301,2012,6,2,1819,18,1,1,0,1,1, , ,N,0,0,0,3,0,1,3,3,N,N,39 53:08.013,75 12:35.402,1829, ,1822, ,0, ,N, ,0, , , , , , , , , ,3,1,0,0,1,1,0,0,0,0,0,1,1,0,0,0,0,0,0,0,1,0,0,0,0,0,0,0,0,0,0,0,0,0,0,4,1,39.8856,-75.2098, , 
63339,707089,2012064689,6,67,67301,2012,5,5,1520,15,1,1,0,4,1, , ,N,2,2,0,3,0,1,2,2,N, ,39 59:27.715,75 06:05.897,1542, ,1540, ,0, , , ,3, , , , , , , , , ,1,1,0,0,0,0,0,0,1,0,1,0,1,0,0,0,0,0,0,0,0,0,0,0,0,0,0,0,0,0,0,0,0,0,0,3,0,39.9909,-75.1016, , 
63340,707090,2012066704,6,67,67301,2012,5,2,1931,19,1,1,0,4,1, , ,N,0,0,0,3,0,1,2,3,N,N,40 02:12.228,75 05:07.252,1934, ,1932, ,0, ,N, ,0, , , , , , , , , ,2,1,0,0,0,0,1,0,1,0,1,0,1,0,0,0,0,0,0,0,0,0,0,0,0,0,0,0,0,0,0,0,0,0,0,3,0,40.0367,-75.0853, , 
63341,707107,2012083217,6,67,67301,2012,7,7,1629,16,1,1,0,5,6, , ,N,0,0,0,3,0,0,1,4,N,N,39 55:38.910,75 08:55.881,1714, ,1711,2,2,2,N, ,0,Y, , , , , , , , ,4,3,0,0,0,0,1,0,0,0,0,0,0,0,0,0,0,0,0,0,1,0,0,0,0,0,0,0,0,0,0,0,0,0,0,0,0,39.9275,-75.1489, , 
63342,707126,2012103965,6,67,67301,2012,9,3,1010,10,1,9,8,8,1, , ,N,0,0,0,3,0,1,2,2,N,N,40 00:22.198,75 05:44.664,9999, ,1615, ,0, ,N, ,0, , , , , , , , , ,1,1,0,0,0,0,0,0,0,0,0,0,1,1,0,0,0,0,0,0,0,0,0,0,0,0,0,0,0,0,0,0,1,0,0,8,0,40.0062,-75.0957, , 
63343,707140,2012060732,6,67,67301,2012,5,6,1449,14,1,1,0,4,1, , ,N,1,0,0,3,0,1,2,2,N,N,40 01:39.626,75 02:18.440,1845, ,1840, ,0, ,N, ,0, , , , , , , , , ,2,1,0,0,0,0,0,1,0,0,1,0,1,0,0,0,0,1,0,0,0,1,0,0,0,0,0,0,0,0,0,0,0,0,0,3,0,40.0254,-75.0323, , 
63344,707141,2012060832,6,67,67301,2012,5,5,20,0,3,2,1,1,2, , ,N,0,0,0,3,0,1,1,2,N,N,39 59:20.414,75 08:07.321,20, ,20, ,0, ,N, ,0, , , , , , , , , ,2,0,0,0,2,0,0,0,0,0,0,1,1,0,0,0,0,0,0,0,0,0,0,0,0,0,0,0,0,0,0,0,0,0,0,4,0,39.989,-75.1354, , 
63345,707143,2012063906,6,67,67301,2012,5,2,2215,22,3,1,0,4,1, , ,N,0,0,0,3,1,0,2,2,N,N,40 02:45.452,75 00:23.580,2250, ,2243,9,1,2,N,0,0,N, , , , , , , , ,1,1,0,0,0,0,0,0,1,0,0,0,0,0,0,0,0,0,0,0,0,0,0,0,0,0,0,0,0,0,1,0,0,0,0,1,0,40.0459,-75.0066,2, 
63346,707151,2012085895,6,67,67301,2012,7,2,1116,11,1,1,0,1,1, , ,N,0,0,0,3,0,6,8,2,N,N,39 59:43.592,75 10:15.226,1123, ,1118, ,0, ,N, ,0, , , , , , , , , ,2,2,0,0,0,0,0,0,0,0,0,0,6,6,1,0,0,0,0,0,0,0,0,0,0,0,0,0,0,0,0,0,0,0,0,8,0,39.9954,-75.1709, , 
63347,707152,2012085912,6,67,67301,2012,8,2,842,8,1,1,0,1,1, , ,N,0,0,0,3,0,1,2,2,N, ,40 01:37.846,75 05:37.420,900, ,854,1,2,4, , ,0,N, , , , , , , , ,2,1,1,0,0,0,0,0,0,0,1,0,1,0,0,0,0,0,0,1,0,0,0,0,0,0,0,0,0,0,0,0,0,0,0,3,0,40.0272,-75.0937, , 
63348,707164,2012098499,6,67,67301,2012,9,1,1948,19,3,1,0,4,1, , ,N,1,3,0,3,0,1,2,2,N,N,39 55:38.431,75 10:58.990,1955, ,1948, ,0, ,N, ,3, , , , , , , , , ,1,1,0,0,0,0,0,0,1,0,0,1,1,0,0,0,0,0,0,0,0,0,0,0,0,0,0,0,0,0,0,0,0,0,0,4,0,39.9273,-75.1831, , 
63349,707173,2012109923,6,67,67301,2012,10,7,1638,16,1,1,0,8,1, , ,N,0,0,0,3,0,1,2,2,N,N,40 02:11.835,75 04:27.069,1704, ,1638, ,0, ,N, ,0, , , , , , , , , ,1,1,0,0,0,0,0,0,0,0,0,1,1,0,0,0,0,0,0,0,0,0,0,0,0,0,0,0,0,0,0,0,1,0,0,4,0,40.0366,-75.0742, , 
63350,707187,2012051901,6,67,67301,2012,5,3,2345,23,3,1,0,4,2, , ,N,0,0,0,3,0,0,1,2,N,N,39 59:17.720,75 08:06.128,2348, ,2348, ,0, ,N, ,0, , , , , , , , , ,2,2,0,0,0,0,0,0,0,0,0,0,0,0,0,0,0,0,1,0,0,0,0,0,0,0,0,0,0,0,0,0,0,0,0,0,0,39.9883,-75.135, , 
63351,707188,2012051903,6,67,67301,2012,4,6,2130,21,3,1,0,1,1, , ,N,0,0,0,3,0,1,2,2,N, ,40 01:05.119,75 06:56.569,9999, ,135, ,0, , , ,0, , , , , , , , , ,2,1,0,0,0,0,0,0,0,0,0,1,1,0,0,0,0,0,0,0,0,0,0,1,0,0,0,0,0,0,0,0,0,0,0,4,0,40.0181,-75.1157, , 
63352,707191,2012055786,6,67,67301,2012,4,3,2317,23,3,1,0,4,1, , ,N,0,0,0,3,0,1,2,2,N,N,40 00:55.211,75 03:13.727,2333, ,2323, ,0, ,Y, ,0, , , , , , , , , ,2,1,0,0,0,0,1,0,0,0,0,1,1,0,0,0,0,0,0,0,1,0,0,0,0,0,0,0,0,0,0,0,0,0,0,4,0,40.0154,-75.0538, , 
63353,707194,2012085823,6,67,67301,2012,7,6,1018,10,1,1,0,4,1, , ,N,1,2,0,3,0,0,3,2,N,N,39 58:22.710,75 14:16.803,1023, ,1018, ,0, ,N, ,3, , , , , , , , , ,2,2,0,0,0,0,0,0,0,0,0,0,0,0,0,0,0,0,0,0,0,0,0,0,0,0,0,0,0,0,0,0,0,0,0,0,0,39.973,-75.238, , 
63354,697043,2012099015,6,67,67301,2012,9,3,1820,18,3,2,1,8,1, , ,N,1,2,0,3,0,1,1,2,N, ,39 55:11.208,75 11:17.768,1827, ,1825, ,0, , , ,3, , , , , , , , , ,1,0,0,1,0,0,0,0,0,0,0,0,1,1,0,0,0,0,0,0,0,0,0,0,0,0,0,0,0,0,0,0,1,0,0,8,0,39.9198,-75.1883, , 
63355,697049,2012105732,6,67,67301,2012,10,1,9,0,3,1,0,7,2, , ,N,0,0,0,3,0,1,1,1,N,N,39 55:56.350,75 11:59.946,301, ,250,1,1,4,N, ,0,N, , , , , , , , ,1,1,0,0,0,0,0,0,0,0,0,1,1,0,0,0,0,0,0,0,0,0,0,0,0,0,0,0,0,0,0,0,0,0,0,4,0,39.9323,-75.2, , 
63356,697061,2012125474,6,67,67301,2012,11,7,721,7,1,1,0,4,7, , ,N,1,0,0,3,0,1,1,1,N,N,39 58:30.302,75 11:42.002,728, ,723, ,0, ,N, ,0, , , , , , , , , ,1,1,0,0,0,0,0,0,0,0,0,1,1,0,0,0,0,0,0,0,0,0,0,0,0,0,0,0,0,0,0,0,0,0,0,4,0,39.9751,-75.195, , 
63357,697067,2012060646,6,67,67301,2012,5,3,645,6,1,1,1,4,1, , ,N,1,3,0,3,0,3,3,2,N, ,39 59:44.750,75 10:51.931,720, ,700,3,2,4, , ,3,Y, , , , , , , , ,2,2,0,0,0,0,0,0,0,0,2,1,3,0,0,0,0,0,0,0,0,0,0,0,0,0,0,0,0,0,0,0,0,0,0,3,0,39.9958,-75.1811, , 
63358,697114,2012056686,6,67,67301,2012,5,6,751,7,1,2,1,8,1, , ,N,1,3,0,3,0,1,2,2,N,N,40 01:09.102,75 05:18.740,800, ,758, ,0, ,N, ,3, , , , , , , , , ,1,1,0,0,0,0,0,0,0,0,0,1,1,0,0,0,0,0,0,0,0,0,0,0,0,0,0,0,0,0,0,0,1,0,0,4,0,40.0192,-75.0885, , 
63359,697132,2012100288,6,67,67301,2012,10,1,1244,12,1,2,1,1,1, , ,N,0,0,0,3,0,2,4,3,N,N,39 57:28.549,75 09:44.252,1256, ,1245,1,1,4,N, ,0,N, , , , , , , , ,3,2,0,0,0,0,1,0,0,0,0,0,2,2,0,0,0,0,0,0,0,0,0,0,0,0,0,0,0,0,0,0,0,0,0,8,0,39.9579,-75.1623, , 
63360,697180,2012078271,6,67,67301,2012,6,7,1030,10,1,1,0,1,1, , ,N,2,2,0,3,0,2,4,2,N, ,40 01:00.648,75 08:58.512,1100, ,1030, ,0, , , ,3, , , , , , , , , ,2,1,0,0,0,0,1,0,0,0,0,2,2,0,0,0,0,0,0,0,0,0,0,0,0,0,0,0,0,0,0,0,0,0,0,4,0,40.0169,-75.1495, , 
63361,697181,2012078284,6,67,67301,2012,7,6,1705,17,1,1,0,4,1, , ,N,1,2,0,3,0,6,8,3,N,N,39 56:45.881,75 14:31.459,1706, ,1705,3,1,6,N, ,3,Y, , , , , , , , ,3,2,0,0,0,0,1,0,0,0,1,4,6,1,0,0,0,0,0,0,0,0,0,0,0,0,0,0,0,0,0,0,0,0,0,3,0,39.9461,-75.2421, , 
63362,697184,2012084150,6,67,67301,2012,8,2,2136,21,3,1,0,1,1, , ,N,0,0,0,3,0,0,8,3,N,N,39 54:29.896,75 09:04.346,2145, ,2140,1,1,1,N, ,0,N, , , , , , , , ,3,0,0,0,0,0,3,0,0,0,0,0,0,0,0,0,0,0,0,0,0,0,0,0,0,0,0,0,0,0,0,0,0,0,0,0,0,39.9083,-75.1512, , 
63363,697191,2012095635,6,67,67301,2012,8,3,1455,14,1,1,0,4,1, , ,N,1,3,0,3,0,1,2,2,N,N,39 56:16.897,75 11:51.730,1535, ,1530, ,0, ,N, ,3, , , , , , , , , ,1,0,0,0,0,1,0,0,0,0,0,1,1,0,0,0,0,0,0,0,0,0,0,0,0,0,0,0,0,0,0,0,1,0,0,4,1,39.938,-75.1977, , 
63364,697207,2012109757,6,67,67301,2012,10,2,1610,16,1,1,0,9,1, , ,N,1,3,0,3,0,1,1,2,N,N,39 58:01.668,75 08:49.739,1618, ,1615, ,0, ,N, ,3, , , , , , , , , ,2,1,0,0,0,0,0,1,0,0,0,1,1,0,0,0,0,0,0,0,1,0,0,0,0,0,0,0,0,0,0,0,0,0,0,4,0,39.9671,-75.1471, , 
63365,697210,2012063968,6,67,67301,2012,5,6,250,2,3,1,0,7,5, , ,N,2,0,0,3,0,1,1,2,N,N,40 02:26.423,75 01:40.242,300, ,300,4,2,5,N, ,0,Y, , , , , , , , ,2,0,0,0,1,0,1,0,0,0,1,0,1,0,0,0,0,0,0,0,0,0,0,1,0,0,0,0,0,0,0,0,0,0,0,3,0,40.0407,-75.0278, , 
63366,697220,2012106137,6,67,67301,2012,10,1,237,2,3,1,0,1,1, , ,N,0,8,0,3,0,2,4,2,N,N,39 57:30.735,75 08:26.547,248, ,241, ,0, ,N, ,3, , , , , , , , , ,2,1,0,0,0,0,1,0,0,0,0,0,2,2,0,0,0,0,0,0,0,0,0,0,0,0,0,0,0,0,0,0,0,0,0,8,0,39.9584,-75.1407, , 
63367,697228,2012114852,6,67,67301,2012,10,2,1720,17,1,1,0,4,1, , ,N,1,0,0,3,0,1,2,2,N, ,39 56:36.308,75 09:18.932,1740, ,1735,1,1,4, , ,0,N, , , , , , , , ,1,1,0,0,0,0,0,0,1,0,0,1,1,0,0,0,0,0,0,0,0,0,0,0,0,0,0,0,0,0,0,0,0,0,0,4,0,39.9434,-75.1553, , 
63368,697229,2012115350,6,67,67301,2012,10,5,9999,99,3,1,0,8,1, , ,N,0,0,0,3,0,1,1,2,N,N,40 01:53.619,75 09:08.046,535, ,529, ,0, ,N, ,0, , , , , , , , , ,1,1,0,0,0,0,0,0,0,0,0,0,1,1,0,0,0,0,0,0,0,0,0,0,0,0,0,0,0,0,0,0,1,0,0,8,0,40.0316,-75.1522, , 
63369,697246,2012128413,6,67,67301,2012,12,3,525,5,3,2,1,7,2, , ,N,0,0,0,3,0,0,1,1,N,N,40 01:31.370,75 01:44.088,546, ,535,1,1,2,N, ,0,N, , , , , , , , ,1,1,0,0,0,0,0,0,0,0,0,0,0,0,0,0,0,0,0,1,0,0,0,0,0,0,0,0,0,0,0,0,0,0,0,0,0,40.0254,-75.0289, , 
63370,697258,2012066458,6,67,67301,2012,5,4,1346,13,1,1,0,4,1, , ,N,1,2,0,3,0,1,4,2,N,N,39 58:45.965,75 13:31.446,1349, ,1348, ,0, ,N, ,3, , , , , , , , , ,2,1,0,1,0,0,0,0,0,0,0,1,1,0,0,0,0,0,0,0,0,0,0,0,0,0,0,0,0,0,0,0,0,0,0,4,1,39.9794,-75.2253, , 
63371,697259,2012066748,6,67,67301,2012,5,1,819,8,1,1,0,4,1, , ,N,1,2,0,3,0,1,2,2,N,N,39 56:22.681,75 11:53.378,827, ,826, ,0, ,N, ,3, , , , , , , , , ,1,1,0,0,0,0,0,0,1,0,0,1,1,0,0,0,0,0,0,0,0,0,1,0,0,0,0,0,0,0,0,0,0,0,0,4,0,39.9396,-75.1982, , 
63372,700278,2012104609,6,67,67301,2012,9,6,1605,16,1,1,0,4,1, , ,N,1,2,0,3,0,3,4,1,N,N,40 01:38.783,75 03:44.998,1606, ,1605, ,0, ,N, ,3, , , , , , , , , ,2,1,0,1,0,0,0,0,0,0,0,0,2,2,0,0,0,0,0,0,1,0,0,0,0,0,0,0,0,0,0,0,0,0,0,8,0,40.0275,-75.0624, , 
63373,700284,2012111721,6,67,67301,2012,10,1,500,5,3,1,0,5,1, , ,N,6,0,2,3,0,0,2,2,N,N,40 00:49.241,75 10:46.383,508, ,504, ,0, ,N, ,0, , , , , , , , , ,2,1,0,0,0,0,0,1,0,0,0,0,0,0,0,0,0,0,0,0,0,0,0,0,0,0,0,0,0,0,0,0,0,0,0,0,0,40.0137,-75.1796, , 
63374,700289,2012119828,6,67,67301,2012,11,2,925,9,1,1,0,1,1, , ,N,0,0,0,3,0,1,3,3,N,N,39 59:45.755,75 04:58.891,933, ,933, ,0, ,N, ,0, , , , , , , , , ,3,1,0,0,1,0,1,0,0,0,0,1,1,0,0,0,0,0,0,0,2,0,0,0,0,0,0,0,0,0,0,0,0,0,0,4,0,39.9961,-75.083, , 
63375,700298,2012066627,6,67,67301,2012,5,6,1250,12,1,1,0,1,1, , ,N,0,0,0,3,0,1,5,3,N, ,40 01:58.141,75 07:52.788,1317, ,1301,2,1,2, , ,0,N, , , , , , , , ,3,1,0,0,0,0,2,0,0,0,0,0,1,1,2,0,0,0,0,0,1,0,0,0,0,0,0,0,0,0,0,0,0,0,0,8,0,40.0328,-75.1313, , 
63376,700299,2012066688,6,67,67301,2012,5,7,2200,22,3,1,0,1,1, , ,N,1,2,0,3,0,1,2,2,N, ,39 59:23.298,75 07:31.934,1845, ,1845, ,0, , , ,3, , , , , , , , , ,2,1,1,0,0,0,0,0,0,0,0,1,1,0,1,0,0,0,0,0,0,0,0,0,0,0,0,0,0,0,0,0,0,0,0,4,0,39.9898,-75.1255, , 
63377,700301,2012073565,6,67,67301,2012,6,4,1030,10,1,1,0,4,1, , ,N,0,0,0,3,0,1,1,3,N, ,40 03:27.385,75 14:03.426,1037, ,1032, ,0, , , ,0, , , , , , , , , ,3,3,0,0,0,0,0,0,0,0,0,0,1,1,0,0,0,0,0,0,0,0,1,0,0,0,0,0,0,0,0,0,0,0,0,8,0,40.0576,-75.2343, , 