objectid_1,objectid,crn,district,county,municipality,crash_year,crash_month,day_of_week,time_of_day,hour_of_day,illumination,weather,road_condition,collision_type,relation_to_road,work_zone_type,work_zone_loc,work_zone_ind,intersect_type,tcd_type,location_type,urban_rural,fatal_count,injury_count,person_count,total_units,sch_bus_ind,sch_zone_ind,latitude,longitude,arrival_tm,cons_zone_spd_lim,dispatch_tm,est_hrs_closed,lane_closed,ln_close_dir,ntfy_hiwy_maint,spec_juris_cd,tcd_func_cd,tfc_detour_ind,workers_pres,wz_close_detour,wz_flagger,wz_law_offcr_ind,wz_ln_closure,wz_moving,wz_other,wz_shlder_mdn,vehicle_count,automobile_count,motorcycle_count,bus_count,small_truck_count,heavy_truck_count,suv_count,van_count,bicycle_count,maj_inj_count,mod_inj_count,min_inj_count,tot_inj_count,unk_inj_deg_count,unk_inj_per_count,driver_count_16yr,driver_count_17yr,driver_count_18yr,driver_count_19yr,driver_count_20yr,driver_count_50_64yr,driver_count_65_74yr,driver_count_75plus,unbelted_occ_count,unb_death_count,unb_maj_inj_count,belted_death_count,belted_maj_inj_count,mcycle_death_count,mcycle_maj_inj_count,bicycle_death_count,bicycle_maj_inj_count,ped_count,ped_death_count,ped_maj_inj_count,max_severity_level,comm_veh_count,dec_lat,dec_long,rdwy_surf_type_cd,county_name
63917,704921,2012068947,6,67,67301,2012,6,5,1810,18,1,1,0,1,1, , ,N,0,0,0,3,0,1,4,4,N,N,40 02:41.915,75 05:14.429,1811, ,1811, ,0, ,N, ,0, , , , , , , , , ,4,1,0,0,0,0,3,0,0,0,0,0,1,1,0,0,0,0,0,0,1,0,0,0,0,0,0,0,0,0,0,0,0,0,0,8,0,40.045,-75.0873, , 
63918,706838,2012109661,6,67,67301,2012,10,3,1620,16,1,1,0,8,1, , ,N,1,3,0,3,0,1,2,2,N,N,40 02:02.011,75 13:15.286,1925, ,1920, ,0, ,N, ,3, , , , , , , , , ,1,0,0,0,0,0,1,0,0,0,0,1,1,0,0,0,0,0,0,0,0,0,0,0,0,0,0,0,0,0,0,0,1,0,0,4,0,40.0339,-75.2209, , 
63919,706844,2012114372,6,67,67301,2012,10,1,1203,12,1,1,0,4,1, , ,N,1,2,0,3,0,1,6,2,N,N,39 55:16.810,75 13:53.611,1245, ,1237, ,0, ,N, ,3, , , , , , , , , ,2,1,0,0,0,0,0,0,0,0,0,1,1,0,0,0,0,0,0,0,0,0,0,0,0,0,0,0,0,0,0,0,0,0,0,4,0,39.9213,-75.2316, , 
63920,706849,2012076046,6,67,67301,2012,6,7,9999,99,3,1,0,4,1, , ,N,0,0,0,3,0,0,1,2,N, ,40 00:43.696,75 08:54.099,102, ,50, ,0, , , ,0, , , , , , , , , ,2,2,0,0,0,0,0,0,0,0,0,0,0,0,0,0,0,0,0,0,0,0,0,0,0,0,0,0,0,0,0,0,0,0,0,0,0,40.0121,-75.1484, , 
63921,706868,2012083366,6,67,67301,2012,7,7,1038,10,1,1,0,4,1, , ,N,1,2,0,3,0,6,6,2,N,N,39 57:25.881,75 09:31.332,1041, ,1040,2,2,2,N, ,3,Y, , , , , , , , ,2,2,0,0,0,0,0,0,0,0,1,5,6,0,0,0,0,0,0,0,0,0,0,0,0,0,0,0,0,0,0,0,0,0,0,3,0,39.9572,-75.1587, , 
63922,706903,2012066508,6,67,67301,2012,5,2,1453,14,1,1,0,4,1, , ,N,0,0,7,3,0,1,2,2,N,N,40 04:44.370,75 10:45.690,1514, ,1503, ,0, ,N, ,0, , , , , , , , , ,2,1,0,0,0,0,1,0,0,0,0,1,1,0,0,0,0,0,0,0,0,1,0,0,0,0,0,0,0,0,0,0,0,0,0,4,0,40.079,-75.1794, , 
63923,706904,2012066569,6,67,67301,2012,5,6,1634,16,1,1,0,1,6, , ,N,0,0,0,3,0,2,3,2,N,N,40 03:04.772,75 07:26.261,1702, ,1659, ,0, ,N, ,0, , , , , , , , , ,2,0,0,0,0,0,2,0,0,0,0,1,2,1,0,0,0,0,0,0,1,0,0,0,0,0,0,0,0,0,0,0,0,0,0,4,0,40.0513,-75.124, , 
63924,706914,2012075437,6,67,67301,2012,7,7,1432,14,1,1,0,1,1, , ,N,0,0,0,3,0,2,5,2,N,N,39 57:30.957,75 10:07.055,1445, ,1436, ,0, ,N, ,0, , , , , , , , , ,2,0,0,0,0,0,2,0,0,0,0,2,2,0,0,0,0,0,1,0,0,0,0,0,0,0,0,0,0,0,0,0,0,0,0,4,0,39.9586,-75.1686, , 
63925,706923,2012088627,6,67,67301,2012,8,4,2050,20,3,1,0,1,1, , ,N,1,2,0,3,0,1,2,2,N, ,40 02:56.510,75 11:35.171,2135, ,2146, ,0, , , ,3, , , , , , , , , ,2,1,0,0,0,0,1,0,0,0,0,0,1,1,1,0,0,0,0,0,0,0,0,0,0,0,0,0,0,0,0,0,0,0,0,8,0,40.049,-75.1931, , 
63926,706929,2012095439,6,67,67301,2012,8,5,2345,23,3,1,0,4,1, , ,N,2,2,0,3,0,1,2,2,N,N,39 58:25.156,75 12:32.179,8, ,4, ,0, ,N, ,3, , , , , , , , , ,2,0,1,0,0,0,0,1,0,0,0,0,1,1,0,0,0,0,0,1,0,0,0,0,0,0,0,0,0,0,0,0,0,0,0,8,0,39.9736,-75.2089, , 
63927,706934,2012098375,6,67,67301,2012,9,3,2008,20,3,1,0,2,1, , ,N,1,2,0,3,0,1,2,2,N,N,40 01:39.188,75 08:49.702,2024, ,2020,1,1,3,N, ,3,Y, , , , , , , , ,2,1,1,0,0,0,0,0,0,0,1,0,1,0,0,0,0,0,1,0,0,0,0,1,0,0,0,0,0,0,0,0,0,0,0,3,0,40.0276,-75.1471, , 
63928,706959,2012068707,6,67,67301,2012,5,3,2105,21,2,2,1,4,1, , ,N,1,3,0,3,0,0,2,2,N,N,39 58:36.674,75 07:20.477,2115, ,2115, ,0, ,N, ,3, , , , , , , , , ,2,2,0,0,0,0,0,0,0,0,0,0,0,0,0,0,0,0,0,0,0,0,0,0,0,0,0,0,0,0,0,0,0,0,0,0,0,39.9769,-75.1224, , 
63929,706989,2012060632,6,67,67301,2012,5,6,1815,18,1,1,0,8,1, , ,N,0,0,0,3,0,1,2,2,N,N,39 58:42.970,75 14:20.475,1840, ,1820, ,0, ,N, ,0, , , , , , , , , ,1,1,0,0,0,0,0,0,0,0,0,1,1,0,0,0,0,0,0,0,0,0,0,0,0,0,0,0,0,0,0,0,1,0,0,4,0,39.9786,-75.239, , 
63930,706994,2012063960,6,67,67301,2012,5,4,1950,19,1,1,0,4,1, , ,N,0,0,7,3,0,1,2,2,N,N,40 02:36.280,75 04:54.250,2000, ,1953,2,2,5,N, ,0,Y, , , , , , , , ,2,1,1,0,0,0,0,0,0,0,1,0,1,0,0,0,0,0,0,0,0,0,0,0,0,0,0,0,0,0,0,0,0,0,0,3,0,40.0434,-75.0817, , 
63931,707036,2012128327,6,67,67301,2012,11,5,1359,13,1,1,0,8,1, , ,N,0,0,0,3,0,1,3,2,N,N,40 01:28.814,75 08:52.367,1420, ,1414, ,0, ,N, ,0, , , , , , , , , ,1,1,0,0,0,0,0,0,0,0,0,1,1,0,0,0,0,0,0,0,1,0,0,0,0,0,0,0,0,0,0,0,1,0,0,4,0,40.0247,-75.1479, , 
63932,707044,2012066636,6,67,67301,2012,6,4,1649,16,1,1,0,8,1, , ,N,0,0,0,3,0,1,2,2,N,N,39 58:26.933,75 12:15.896,1703, ,1654, ,0, ,N, ,0, , , , , , , , , ,1,1,0,0,0,0,0,0,0,0,0,1,1,0,0,0,0,0,0,0,1,0,0,0,0,0,0,0,0,0,0,0,1,0,0,4,0,39.9741,-75.2044, , 
63933,707060,2012103844,6,67,67301,2012,9,7,1550,15,1,1,0,5,1, , ,N,0,0,0,3,0,0,2,2,N,N,39 58:06.156,75 07:44.369,1600, ,1553,1,2,1,N, ,0,N, , , , , , , , ,2,1,0,0,0,1,0,0,0,0,0,0,0,0,1,0,0,0,0,0,0,0,0,0,0,0,0,0,0,0,0,0,0,0,0,9,1,39.9683,-75.1291, , 
63934,707061,2012104285,6,67,67301,2012,6,2,926,9,1,1,0,4,1, , ,N,1,2,0,3,0,2,2,2,N,N,40 03:47.229,75 01:19.196,928, ,928,2,2,7,N, ,3,Y, , , , , , , , ,2,2,0,0,0,0,0,0,0,0,1,1,2,0,0,0,0,0,0,0,0,0,1,0,0,0,0,0,0,0,0,0,0,0,0,3,0,40.0631,-75.022, , 
63935,707063,2012109806,6,67,67301,2012,10,3,1107,11,1,2,1,4,1, , ,N,1,3,0,3,0,1,3,3,N,N,40 02:16.440,75 02:50.675,1120, ,1110, ,0, ,N, ,3, , , , , , , , , ,3,3,0,0,0,0,0,0,0,0,0,1,1,0,0,0,0,0,0,0,0,0,1,0,0,0,0,0,0,0,0,0,0,0,0,4,0,40.0379,-75.0474, , 
63936,698659,2012060818,6,67,67301,2012,5,4,1707,17,1,1,0,4,1, , ,N,1,2,0,3,0,3,3,2,N,N,40 02:12.235,75 03:52.193,1709, ,1708,1,1,2,N, ,3,N, , , , , , , , ,2,2,0,0,0,0,0,0,0,0,0,3,3,0,0,0,0,0,0,0,0,1,0,0,0,0,0,0,0,0,0,0,0,0,0,4,0,40.0367,-75.0645, , 
63937,698670,2012083065,6,67,67301,2012,5,4,850,8,1,1,0,4,1, , ,N,0,0,0,3,0,1,2,2, , ,39 57:41.968,75 10:57.635,0, ,0, ,0, , , ,0, , , , , , , , , ,2,1,0,0,0,0,0,0,0,0,0,0,1,1,1,0,0,0,0,0,0,0,0,0,0,0,0,0,0,0,0,0,0,0,0,8,0,39.9617,-75.1827, , 
63938,698675,2012085839,6,67,67301,2012,8,3,1155,11,1,1,0,1,1, , ,N,1,2,0,3,0,0,6,3,N,Y,39 59:07.606,75 05:48.056,1240, ,1206, ,0, ,N, ,3, , , , , , , , , ,3,3,0,0,0,0,0,0,0,0,0,0,0,0,1,0,0,0,0,0,1,0,0,0,0,0,0,0,0,0,0,0,0,0,0,9,0,39.9854,-75.0967, , 
63939,698688,2012104083,6,67,67301,2012,9,7,1642,16,1,1,0,2,1, , ,N,0,0,0,3,0,1,2,1,N,N,39 58:05.127,75 14:59.262,1710, ,1647, ,0, ,N, ,0, , , , , , , , , ,1,1,0,0,0,0,0,0,0,0,0,0,1,1,0,0,0,0,0,0,0,0,0,0,0,0,0,0,0,0,0,0,1,0,0,8,0,39.9681,-75.2498, , 
63940,698717,2012078523,6,67,67301,2012,7,2,950,9,1,1,0,2,9, , ,N,2,2,0,3,0,1,1,1,N, ,39 58:35.625,75 15:51.841,1052, ,1048, ,0, , , ,3, , , , , , , , , ,1,0,0,0,0,0,1,0,0,0,0,1,1,0,0,0,0,0,0,0,0,0,0,0,0,0,0,0,0,0,0,0,0,0,0,4,0,39.9765,-75.2644, , 
63941,698731,2012098382,6,67,67301,2012,9,3,1332,13,1,2,1,8,1, , ,N,1,2,0,3,0,1,2,2,N,N,39 59:30.291,75 06:46.001,1333, ,1333, ,0, ,N, ,3, , , , , , , , , ,1,0,0,0,1,0,0,0,0,0,0,0,1,1,1,0,0,0,0,0,0,0,0,0,0,0,0,0,0,0,0,0,1,0,0,8,0,39.9917,-75.1128, , 
63942,698751,2012057506,6,67,67301,2012,5,6,1820,18,1,1,0,4,1, , ,N,1,2,0,3,0,2,4,2,N,N,40 02:06.731,75 08:43.670,1835, ,1831,1,1,2,N, ,3,Y, , , , , , , , ,2,1,0,0,0,0,1,0,0,0,1,1,2,0,0,0,0,0,0,0,0,0,0,0,0,0,0,0,0,0,0,0,0,0,0,3,0,40.0352,-75.1455, , 
63943,698763,2012075943,6,67,67301,2012,6,5,1153,11,1,1,0,4,1, , ,N,1,3,0,3,0,4,4,2,N, ,40 02:10.662,75 04:18.319,1200, ,1155,1,1,6, , ,3,Y, , , , , , , , ,2,1,0,0,0,0,1,0,0,0,0,4,4,0,0,1,0,0,0,0,0,0,0,0,0,0,0,0,0,0,0,0,0,0,0,4,0,40.0363,-75.0718, , 
63944,698771,2012088082,6,67,67301,2012,8,7,158,1,3,1,0,5,6, , ,N,0,0,0,3,0,0,2,3,N,N,40 01:45.613,75 07:04.368,202, ,200, ,0, ,N, ,0, , , , , , , , , ,3,1,0,0,0,0,2,0,0,0,0,0,0,0,0,0,0,0,0,0,0,0,0,0,0,0,0,0,0,0,0,0,0,0,0,0,0,40.0293,-75.1179, , 
63945,698796,2012128412,6,67,67301,2012,12,2,2220,22,3,2,1,4,1, , ,N,0,0,0,3,0,1,5,2,N,N,39 58:52.133,75 12:24.344,2221, ,2220,1,1,3,N, ,0,N, , , , , , , , ,2,1,0,0,0,0,1,0,0,0,0,1,1,0,0,0,0,0,0,0,0,0,0,0,0,0,0,0,0,0,0,0,0,0,0,4,0,39.9811,-75.2068, , 
63946,698802,2012060667,6,67,67301,2012,5,1,816,8,1,1,0,5,1, , ,N,0,0,0,3,0,0,1,3,N, ,40 02:07.785,75 02:09.322,820, ,819, ,0, , , ,0, , , , , , , , , ,3,2,0,0,1,0,0,0,0,0,0,0,0,0,0,0,0,0,0,0,0,0,1,0,0,0,0,0,0,0,0,0,0,0,0,0,0,40.0355,-75.0359, , 
63947,698834,2012095519,6,67,67301,2012,8,4,1505,15,1,1,0,4,1, , ,N,0,0,0,3,0,0,1,2,N,N,39 54:22.631,75 08:22.551,1522, ,1509, ,0, ,N, ,0, , , , , , , , , ,1,1,0,0,0,0,0,0,0,0,0,0,0,0,0,0,0,0,0,0,1,0,0,0,0,0,0,0,0,0,0,0,0,0,0,0,0,39.9063,-75.1396, , 
63948,698839,2012101045,6,67,67301,2012,8,3,1341,13,1,1,0,2,1, , ,N,1,2,0,3,0,0,2,2,N,N,40 03:14.351,75 02:56.006,1439, ,1438,1,1,4,N, ,3,N, , , , , , , , ,2,1,0,0,0,0,1,0,0,0,0,0,0,0,0,0,0,0,0,0,0,1,0,0,0,0,0,0,0,0,0,0,0,0,0,0,0,40.054,-75.0489, , 
63949,698854,2012066493,6,67,67301,2012,5,5,1700,17,1,1,0,4,1, , ,N,2,0,2,3,0,4,5,2,N, ,40 02:54.282,74 59:51.580,1715, ,1700, ,0, , , ,0, , , , , , , , , ,2,2,0,0,0,0,0,0,0,0,3,1,4,0,0,0,0,0,0,0,0,0,0,0,0,0,0,0,0,0,0,0,0,0,0,3,0,40.0487,-74.998, , 
63950,698870,2012122209,6,67,67301,2012,12,2,1021,10,1,1,0,1,1, , ,N,0,0,0,3,0,0,2,2,N,N,39 59:03.198,75 05:47.026,1050, ,1025, ,0, ,N, ,0, , , , , , , , , ,2,1,0,0,0,1,0,0,0,0,0,0,0,0,0,0,0,0,0,0,1,0,0,0,0,0,0,0,0,0,0,0,0,0,0,0,1,39.9842,-75.0964, , 
63951,698886,2012066427,6,67,67301,2012,5,1,340,3,2,1,0,2,1, , ,N,0,0,0,3,0,1,2,2,N,N,39 55:03.782,75 14:16.769,340, ,342,3,1,2, , ,0,N, , , , , , , , ,2,1,0,0,0,0,0,1,0,0,1,0,1,0,0,0,0,0,1,0,0,0,0,2,0,0,0,0,0,0,0,0,0,0,0,3,0,39.9177,-75.238, , 
63952,698892,2012072233,6,67,67301,2012,7,1,314,3,3,1,0,2,1, , ,N,0,0,0,3,1,1,2,2,N,N,40 01:21.316,75 02:12.094,316, ,314,5,2,1,Y,0,0,Y, , , , , , , , ,2,1,1,0,0,0,0,0,0,0,1,0,1,0,0,0,0,0,0,0,0,0,0,0,0,0,0,0,1,0,0,0,0,0,0,1,0,40.0226,-75.0368,2, 
63953,698893,2012072572,6,67,67301,2012,7,6,644,6,1,2,1,5,1, , ,N,0,0,0,3,0,1,2,2,N,N,39 56:43.363,75 11:25.417,644, ,644,1,2,4,N, ,0,N, , , , , , , , ,2,1,0,0,0,1,0,0,0,0,0,1,1,0,0,0,0,0,0,0,0,0,0,0,0,0,0,0,0,0,0,0,0,0,0,4,1,39.9454,-75.1904, , 
63954,701869,2012111702,6,67,67301,2012,6,3,530,5,1,1,0,4,6, , ,N,1,3,0,3,0,1,2,2,N,N,39 57:20.455,75 13:46.801,600, ,545, ,0, ,N, ,3, , , , , , , , , ,2,1,1,0,0,0,0,0,0,0,0,0,0,0,0,0,0,0,0,1,0,0,0,0,0,0,0,0,0,0,0,0,0,0,0,0,0,39.9557,-75.2297, , 
63955,701879,2012121420,6,67,67301,2012,10,7,334,3,3,1,0,5,1, , ,N,0,2,0,3,0,2,2,3,N,N,39 59:47.272,75 10:26.797,9999, ,9999,3,2,7,N, ,3,Y, , , , , , , , ,2,2,0,0,0,0,0,0,0,0,2,0,2,0,0,0,0,0,0,0,0,0,0,0,0,0,0,0,0,0,0,0,0,0,0,3,0,39.9965,-75.1741, , 
63956,701887,2012015352,6,67,67301,2012,1,2,1315,13,1,1,0,5,1, , ,N,0,0,0,3,0,0,5,2,N,N,40 00:52.094,75 10:16.879,1346, ,1345, ,0, ,N, ,0, , , , , , , , , ,2,1,0,0,0,1,0,0,0,0,0,0,0,0,0,0,0,0,0,0,1,0,0,0,0,0,0,0,0,0,0,0,0,0,0,0,1,40.0145,-75.1714, , 
63957,701893,2012075996,6,67,67301,2012,6,7,235,2,3,1,0,7,5, , ,N,0,0,0,3,0,1,1,1,N,N,40 02:39.570,75 07:51.222,239, ,238,3,2,6,N, ,0,Y, , , , , , , , ,1,1,0,0,0,0,0,0,0,0,1,0,1,0,0,0,0,1,0,0,0,0,0,0,0,0,0,0,0,0,0,0,0,0,0,3,0,40.0443,-75.1309, , 
63958,701897,2012084167,6,67,67301,2012,7,3,9999,99,1,1,0,4,2, , ,N,2,3,0,3,0,1,2,2,N,N,39 56:22.149,75 11:49.847,9999, ,9999, ,0, ,N, ,3, , , , , , , , , ,2,2,0,0,0,0,0,0,0,0,0,1,1,0,0,0,0,0,0,0,0,1,0,0,0,0,0,0,0,0,0,0,0,0,0,4,0,39.9395,-75.1972, , 
63959,701904,2012095616,6,67,67301,2012,8,6,1830,18,1,1,0,9,1, , ,N,1,0,0,3,0,2,2,2,N, ,39 57:11.198,75 10:54.916,1850, ,1838, ,0, , , ,0, , , , , , , , , ,2,2,0,0,0,0,0,0,0,0,0,0,2,2,0,0,0,0,0,0,0,0,0,0,0,0,0,0,0,0,0,0,0,0,0,8,0,39.9531,-75.1819, , 
63960,701910,2012098320,6,67,67301,2012,9,5,1750,17,1,1,0,1,1, , ,N,0,0,0,3,0,1,3,2,N, ,40 00:06.529,75 09:16.528,1758, ,1757, ,0, , , ,0, , , , , , , , , ,2,1,0,0,0,0,1,0,0,0,0,0,1,1,0,0,0,0,0,0,1,0,0,0,0,0,0,0,0,0,0,0,0,0,0,8,0,40.0018,-75.1546, , 
63961,701918,2012104111,6,67,67301,2012,9,3,1230,12,1,2,1,6,1, , ,N,0,8,0,3,0,1,2,2,N,N,40 02:07.534,75 11:19.465,1242, ,1238,1,2,5,N, ,3,N, , , , , , , , ,2,1,0,0,0,0,0,1,0,0,1,0,1,0,0,0,0,0,0,0,0,0,0,0,0,0,0,0,0,0,0,0,0,0,0,3,0,40.0354,-75.1887, , 
63962,701954,2012093632,6,67,67301,2012,9,2,1502,15,1,1,0,1,1, , ,N,0,0,0,3,0,4,5,3,N,N,39 53:35.497,75 13:40.181,1522, ,1511, ,0, ,N, ,0, , , , , , , , , ,3,2,0,0,0,1,0,0,0,0,0,0,4,4,0,0,0,0,1,0,0,0,0,0,0,0,0,0,0,0,0,0,0,0,0,8,0,39.8932,-75.2278, , 
63963,701957,2012095537,6,67,67301,2012,8,6,1700,17,1,1,0,1,6, , ,N,1,2,0,3,0,1,3,2,N,N,40 00:20.692,75 05:56.577,1750, ,1750, ,0, ,N, ,3, , , , , , , , , ,2,1,0,0,1,0,0,0,0,0,0,0,1,1,0,0,0,0,0,0,0,0,0,0,0,0,0,0,0,0,0,0,0,0,0,8,0,40.0057,-75.099, , 
63964,701965,2012075656,6,67,67301,2012,7,1,2125,21,3,1,0,5,1, , ,N,0,0,0,3,0,0,3,2,N,N,39 58:52.380,75 06:09.245,2134, ,2127,1,1,1,N, ,0,N, , , , , , , , ,2,1,0,0,0,1,0,0,0,0,0,0,0,0,0,0,0,0,0,0,1,0,0,0,0,0,0,0,0,0,0,0,0,0,0,0,1,39.9812,-75.1027, , 
63965,701990,2012088571,6,67,67301,2012,8,6,1439,14,1,1,1,8,1, , ,N,1,3,0,3,0,1,2,2,N,N,39 59:49.056,75 07:46.603,1709, ,1707, ,0, ,N, ,3, , , , , , , , , ,1,0,0,0,0,0,0,1,0,0,0,0,1,1,1,0,0,0,0,0,0,0,0,0,0,0,0,0,0,0,0,0,1,0,0,8,0,39.997,-75.1296, , 
63966,701997,2012093490,6,67,67301,2012,9,2,1634,16,1,1,0,5,1, , ,N,0,0,0,3,0,1,3,3,N,N,40 00:59.728,75 03:03.013,1705, ,1636, ,0, ,N, ,0, , , , , , , , , ,3,1,0,0,1,0,1,0,0,0,0,0,1,1,1,0,0,0,0,0,1,0,0,0,0,0,0,0,0,0,0,0,0,0,0,8,0,40.0165,-75.051, , 
63967,701999,2012095391,6,67,67301,2012,8,3,1130,11,1,2,1,4,1, , ,N,2,2,0,3,0,1,2,2,N,N,40 03:08.460,75 09:27.889,1146, ,1144, ,0, ,N, ,3, , , , , , , , , ,2,1,0,0,0,0,0,1,0,0,0,1,1,0,0,0,0,0,0,0,1,1,0,0,0,0,0,0,0,0,0,0,0,0,0,4,0,40.0524,-75.1577, , 
63968,702000,2012095427,6,67,67301,2012,6,4,1930,19,4,1,0,4,1, , ,N,0,0,7,3,0,1,2,2,N, ,39 59:34.310,75 05:53.248,1931, ,1930, ,0, , , ,0, , , , , , , , , ,2,1,0,0,0,0,1,0,0,0,1,0,1,0,0,0,0,0,0,0,0,0,0,0,0,0,0,0,0,0,0,0,0,0,0,3,0,39.9929,-75.0981, , 
63969,702001,2012095552,6,67,67301,2012,8,3,1717,17,1,1,0,8,1, , ,N,1,2,0,3,0,1,1,2,N,N,39 58:38.125,75 09:29.199,1719, ,1718, ,0, ,N, ,3, , , , , , , , , ,1,0,0,0,0,0,1,0,0,0,0,0,1,1,0,0,0,0,0,0,0,0,0,0,0,0,0,0,0,0,0,0,1,0,0,8,0,39.9773,-75.1581, , 
63970,702019,2012109873,6,67,67301,2012,10,3,856,8,1,2,1,4,1, , ,N,2,0,7,3,0,1,2,2,N,N,40 01:53.583,75 03:38.869,900, ,859,1,2,7,N, ,0,Y, , , , , , , , ,3,2,0,0,0,0,1,0,0,0,0,0,1,1,0,0,0,0,0,0,0,0,0,0,0,0,0,0,0,0,0,0,0,0,0,8,0,40.0316,-75.0608, , 
63971,702030,2012066857,6,67,67301,2012,7,2,1555,15,1,1,0,1,1, , ,N,0,0,0,3,0,0,2,2,N,N,39 57:35.508,75 10:39.796,1555, ,1555, ,0, ,N, ,0, , , , , , , , , ,2,1,0,0,1,0,0,0,0,0,0,0,0,0,0,0,0,0,0,0,1,0,0,0,0,0,0,0,0,0,0,0,0,0,0,0,0,39.9599,-75.1777, , 
63972,704928,2012017895,6,67,67301,2012,1,6,1051,10,1,1,0,1,1, , ,N,0,0,0,3,0,0,4,2,N,N,40 03:08.221,75 03:01.367,1101, ,1053,1,1,1,N, ,0,N, , , , , , , , ,2,1,0,0,0,0,1,0,0,0,0,0,0,0,0,0,0,0,1,0,0,0,0,0,0,0,0,0,0,0,0,0,0,0,0,0,0,40.0523,-75.0504, , 
63973,704931,2012020493,6,67,67301,2012,1,7,1452,14,1,1,0,7,3, , ,N,0,0,0,3,0,1,1,1,N,N,40 03:04.768,75 03:04.408,1505, ,1458,1,1,2,N, ,0,N, , , , , , , , ,1,1,0,0,0,0,0,0,0,0,1,0,1,0,0,0,0,0,0,0,0,0,0,0,0,0,0,0,0,0,0,0,0,0,0,3,0,40.0513,-75.0512, , 
63974,704938,2012031604,6,67,67301,2012,3,1,315,3,3,2,1,5,1, , ,N,0,0,0,3,0,0,4,2,N,N,39 59:08.297,75 12:29.817,326, ,319, ,0, ,N, ,0, , , , , , , , , ,2,2,0,0,0,0,0,0,0,0,0,0,0,0,0,0,0,0,0,0,0,0,0,0,0,0,0,0,0,0,0,0,0,0,0,0,0,39.9856,-75.2083, , 
63975,704954,2012047241,6,67,67301,2012,4,4,1704,17,1,1,0,8,1, , ,N,1,0,0,3,0,1,2,2,N,Y,39 58:41.556,75 09:55.328,1707, ,1706, ,0, ,N, ,0, , , , , , , , , ,1,1,0,0,0,0,0,0,0,0,0,0,1,1,0,0,0,0,0,0,0,0,0,0,0,0,0,0,0,0,0,0,1,0,0,8,0,39.9782,-75.1654, , 
63976,704956,2012049680,6,67,67301,2012,4,6,330,3,6,1,0,2,1, , ,N,0,0,0,3,0,0,2,2,N,N,40 02:12.290,75 08:16.940,936, ,930, ,0, ,N, ,0, , , , , , , , , ,2,1,0,0,0,0,0,1,0,0,0,0,0,0,2,0,0,0,0,0,0,0,0,0,0,0,0,0,0,0,0,0,0,0,0,9,0,40.0367,-75.138, , 
63977,704975,2012061128,6,67,67301,2012,6,4,1153,11,1,1,0,0,1, , ,N,0,0,0,3,0,0,1,1,N,N,39 56:56.551,75 11:05.553,1207, ,1202,2,1,4,N, ,0,N, , , , , , , , ,1,0,0,0,1,0,0,0,0,0,0,0,0,0,0,0,0,0,0,0,0,0,0,0,0,0,0,0,0,0,0,0,0,0,0,0,0,39.949,-75.1849, , 
63978,705000,2012083249,6,67,67301,2012,7,1,1851,18,1,1,0,4,1, , ,N,2,2,7,3,0,1,2,2,N,N,39 56:21.084,75 11:35.786,1855, ,1851, ,0, ,N, ,3, , , , , , , , , ,2,2,0,0,0,0,0,0,0,0,0,0,1,1,0,0,0,0,0,0,0,0,0,0,0,0,0,0,0,0,0,0,0,0,0,8,0,39.9392,-75.1933, , 
63979,705015,2012048300,6,67,67301,2012,4,2,1145,11,1,1,0,4,1, , ,N,2,2,0,3,0,1,4,2,N,N,40 05:36.471,75 01:52.949,1205, ,1219, ,0, ,N, ,3, , , , , , , , , ,2,2,0,0,0,0,0,0,0,0,0,0,1,1,1,0,0,0,0,0,1,0,0,0,0,0,0,0,0,0,0,0,0,0,0,8,0,40.0934,-75.0313, , 
63980,705026,2012088589,6,67,67301,2012,8,1,1042,10,4,1,0,7,5, , ,N,5,0,0,3,0,3,3,1,N,N,40 01:22.061,75 09:32.460,1944, ,1942,2,1,4,N, ,0,Y, , , , , , , , ,1,1,0,0,0,0,0,0,0,0,0,0,3,3,0,0,0,0,0,0,0,0,0,2,0,0,0,0,0,0,0,0,0,0,0,8,0,40.0228,-75.159, , 
63981,705038,2012098974,6,67,67301,2012,8,5,1400,14,1,1,0,4,1, , ,N,1,2,0,3,0,1,2,2,N,N,40 04:12.522,75 10:00.271,1205, ,1159, ,0, , , ,3, , , , , , , , , ,2,2,0,0,0,0,0,0,0,0,1,0,1,0,1,0,0,0,0,0,0,0,0,0,0,0,0,0,0,0,0,0,0,0,0,3,0,40.0701,-75.1667, , 
63982,705040,2012104130,6,67,67301,2012,9,3,830,8,1,1,0,2,1, , ,N,1,3,0,3,0,3,3,2,N, ,39 57:42.814,75 13:37.667,945, ,939, ,0, , , ,3, , , , , , , , , ,2,1,0,0,0,0,1,0,0,0,0,3,3,0,0,0,0,0,0,0,0,0,0,0,0,0,0,0,0,0,0,0,0,0,0,4,0,39.9619,-75.2271, , 
63983,705056,2012075970,6,67,67301,2012,6,3,1057,10,1,2,1,4,1, , ,N,1,2,0,3,0,0,4,2,N, ,39 57:11.116,75 10:54.262,1058, ,1057, ,0, , , ,3, , , , , , , , , ,2,2,0,0,0,0,0,0,0,0,0,0,0,0,0,0,0,0,0,0,0,0,0,0,0,0,0,0,0,0,0,0,0,0,0,0,0,39.9531,-75.1819, , 
63984,705085,2012093114,6,67,67301,2012,9,3,826,8,1,1,0,1,1, , ,N,0,0,0,3,0,1,2,2,N,N,39 52:58.710,75 14:42.541,903, ,844, ,0, ,N, ,0, , , , , , , , , ,2,1,0,0,0,0,0,1,0,0,0,1,1,0,0,0,0,0,1,0,0,0,0,0,0,0,0,0,0,0,0,0,0,0,0,4,0,39.883,-75.2452, , 