objectid_1,objectid,crn,district,county,municipality,crash_year,crash_month,day_of_week,time_of_day,hour_of_day,illumination,weather,road_condition,collision_type,relation_to_road,work_zone_type,work_zone_loc,work_zone_ind,intersect_type,tcd_type,location_type,urban_rural,fatal_count,injury_count,person_count,total_units,sch_bus_ind,sch_zone_ind,latitude,longitude,arrival_tm,cons_zone_spd_lim,dispatch_tm,est_hrs_closed,lane_closed,ln_close_dir,ntfy_hiwy_maint,spec_juris_cd,tcd_func_cd,tfc_detour_ind,workers_pres,wz_close_detour,wz_flagger,wz_law_offcr_ind,wz_ln_closure,wz_moving,wz_other,wz_shlder_mdn,vehicle_count,automobile_count,motorcycle_count,bus_count,small_truck_count,heavy_truck_count,suv_count,van_count,bicycle_count,maj_inj_count,mod_inj_count,min_inj_count,tot_inj_count,unk_inj_deg_count,unk_inj_per_count,driver_count_16yr,driver_count_17yr,driver_count_18yr,driver_count_19yr,driver_count_20yr,driver_count_50_64yr,driver_count_65_74yr,driver_count_75plus,unbelted_occ_count,unb_death_count,unb_maj_inj_count,belted_death_count,belted_maj_inj_count,mcycle_death_count,mcycle_maj_inj_count,bicycle_death_count,bicycle_maj_inj_count,ped_count,ped_death_count,ped_maj_inj_count,max_severity_level,comm_veh_count,dec_lat,dec_long,rdwy_surf_type_cd,county_name
64792,741964,2012129080,6,67,67301,2012,11,2,1256,12,1,1,0,4,1, , ,N,0,0,7,3,0,1,3,2,N, ,40 03:10.023,75 03:00.196,1300, ,1256, ,0, , , ,0, , , , , , , , , ,2,2,0,0,0,0,0,0,0,0,0,0,1,1,0,0,0,0,0,0,0,0,0,0,0,0,0,0,0,0,0,0,0,0,0,8,0,40.0528,-75.0501, , 
64793,741966,2013003902,6,67,67301,2012,12,3,1445,14,1,1,0,8,1, , ,N,1,2,0,3,0,1,2,2,N,N,39 57:27.061,75 12:40.366,1955, ,1955, ,9, ,N, ,3, , , , , , , , , ,1,1,0,0,0,0,0,0,0,0,1,0,1,0,0,0,0,0,0,0,0,0,0,0,0,0,0,0,0,0,0,0,1,0,0,3,0,39.9575,-75.2112, , 
64794,739509,2012117210,6,67,67301,2012,10,1,800,8,8,2,1,4,1, , ,N,1,2,0,3,0,0,2,3,N,N,39 57:07.016,75 14:19.755,840, ,827, ,0, ,N, ,3, , , , , , , , , ,3,3,0,0,0,0,0,0,0,0,0,0,0,0,0,0,0,0,0,0,0,0,0,0,0,0,0,0,0,0,0,0,0,0,0,0,0,39.9519,-75.2388, , 
64795,739523,2012117278,6,67,67301,2012,10,1,12,0,3,1,0,8,1, , ,N,1,0,0,3,0,1,2,2,N, ,39 58:07.843,75 14:43.849,9999, ,13,3,2,6, , ,0,Y, , , , , , , , ,1,1,0,0,0,0,0,0,0,0,0,0,1,1,1,0,0,0,0,0,0,0,0,0,0,0,0,0,0,0,0,0,1,0,0,8,0,39.9688,-75.2454, , 
64796,739543,2012116472,6,67,67301,2012,11,5,1506,15,1,1,0,1,1, , ,N,0,0,0,3,0,1,2,2,N,N,39 56:59.976,75 11:01.100,1529, ,1520,1,2,3,N, ,0,N, , , , , , , , ,2,2,0,0,0,0,0,0,0,0,0,1,1,0,0,0,0,0,0,0,0,0,0,0,0,0,0,0,0,0,0,0,0,0,0,4,0,39.95,-75.1836, , 
64797,739548,2012120043,6,67,67301,2012,10,6,2206,22,3,1,0,4,1, , ,N,1,2,0,3,0,0,4,2,N,N,39 54:20.727,75 11:38.377,2223, ,2223,9,1,4,N, ,3,Y, , , , , , , , ,2,1,0,0,0,0,1,0,0,0,0,0,2,2,0,0,0,0,0,0,0,0,0,0,0,0,0,0,0,0,0,0,0,0,0,8,0,39.9057,-75.1938, , 
64798,739558,2012129061,6,67,67301,2012,11,7,1555,15,1,1,0,5,1, , ,N,3,0,0,3,0,1,2,2,N,N,39 58:21.706,75 15:17.671,1610, ,1600, ,0, ,N, ,0, , , , , , , , , ,2,2,0,0,0,0,0,0,0,0,0,0,1,1,1,0,0,0,0,0,2,0,0,0,0,0,0,0,0,0,0,0,0,0,0,8,0,39.9727,-75.2549, , 
64799,739604,2013006774,6,67,67301,2012,12,2,2218,22,3,2,1,4,1, , ,N,1,3,0,3,0,1,2,2,N,N,39 56:10.971,75 09:53.553,2300, ,2222, ,0, ,N, ,3, , , , , , , , , ,1,1,0,0,0,0,0,0,1,0,0,1,1,0,0,0,0,0,0,0,0,0,0,0,0,0,0,0,0,0,0,0,0,0,0,4,0,39.9364,-75.1649, , 
64800,739614,2012109786,6,67,67301,2012,10,3,2005,20,3,2,1,1,1, , ,N,0,0,0,3,0,1,2,2,N,N,40 00:53.244,75 10:39.740,2015, ,2005,1,1,1,N, ,0,N, , , , , , , , ,2,1,0,0,0,0,0,1,0,0,0,1,1,0,0,0,0,0,0,0,1,0,0,0,0,0,0,0,0,0,0,0,0,0,0,4,0,40.0148,-75.1777, , 
64801,739616,2012111696,6,67,67301,2012,10,1,225,2,3,1,0,1,1, , ,N,0,0,0,3,0,2,3,2,N,N,40 06:01.519,74 58:46.120,240, ,233, ,0, ,N, ,0, , , , , , , , , ,2,1,0,0,1,0,0,0,0,1,0,0,2,1,0,0,0,0,0,0,0,0,0,0,0,0,0,0,0,0,0,0,0,0,0,2,0,40.1004,-74.9795, , 
64802,739635,2012128175,6,67,67301,2012,11,4,9999,99,1,1,0,8,1, , ,N,1,2,0,3,0,1,1,2,N,N,40 01:54.735,75 07:53.327,910, ,910, ,0, ,N, ,3, , , , , , , , , ,1,1,0,0,0,0,0,0,0,0,0,1,1,0,0,0,0,0,0,0,0,0,0,0,0,0,0,0,0,0,0,0,1,0,0,4,0,40.0319,-75.1315, , 
64803,739636,2012128236,6,67,67301,2012,11,7,1025,10,1,9,0,1,1, , ,N,1,0,0,3,0,4,6,2,N, ,39 56:04.743,75 11:27.567,1042, ,1032, ,0, ,N, ,0, , , , , , , , , ,2,0,0,0,0,0,0,0,0,0,0,4,4,0,0,0,0,0,0,0,0,0,0,0,0,0,0,0,0,0,0,0,0,0,0,4,0,39.9347,-75.191, , 
64804,739643,2013004033,6,67,67301,2012,12,2,2049,20,3,1,0,4,5, , ,N,0,0,0,3,0,2,2,2,N,N,40 00:22.196,75 05:25.947,2055, ,2053, ,9, ,N, ,0, , , , , , , , , ,2,0,0,0,0,0,1,1,0,0,0,0,2,2,0,0,0,0,0,0,0,0,0,0,0,0,0,0,0,0,0,0,0,0,0,8,0,40.0062,-75.0905, , 
64805,739651,2012104174,6,67,67301,2012,9,1,1218,12,1,1,0,8,1, , ,N,0,0,0,3,0,2,5,5,N, ,39 55:29.416,75 14:17.311,1220, ,1220, ,0, , , ,0, , , , , , , , , ,4,3,0,0,0,0,1,0,0,0,0,0,2,2,0,0,0,0,0,0,1,0,0,0,0,0,0,0,0,0,0,0,1,0,0,8,0,39.9248,-75.2381, , 
64806,739679,2012113555,6,67,67301,2012,11,5,1012,10,1,1,0,5,1, , ,N,0,0,0,3,0,0,3,2,N,N,39 57:07.838,75 10:56.479,1034, ,1023,2,2,3,N, ,0,N, , , , , , , , ,2,1,0,0,0,0,1,0,0,0,0,0,0,0,0,0,0,0,0,0,1,0,0,0,0,0,0,0,0,0,0,0,0,0,0,0,0,39.9522,-75.1824, , 
64807,739689,2012120137,6,67,67301,2012,10,1,1415,14,1,1,0,5,1, , ,N,0,0,0,3,0,0,1,4,N,N,40 04:10.680,75 01:51.030,1422, ,1417,3,1,4,N, ,0,N, , , , , , , , ,4,3,0,0,1,0,0,0,0,0,0,0,0,0,0,0,0,0,0,1,0,0,0,0,0,0,0,0,0,0,0,0,0,0,0,0,0,40.0696,-75.0308, , 
64808,739702,2013006672,6,67,67301,2012,11,6,1156,11,1,1,0,1,2, , ,N,0,0,0,3,0,0,1,2,N,N,39 59:27.877,75 07:55.175,1205, ,1200, ,0, ,N, ,0, , , , , , , , , ,2,0,0,0,0,1,1,0,0,0,0,0,0,0,0,0,0,0,0,0,0,0,0,0,0,0,0,0,0,0,0,0,0,0,0,0,1,39.9911,-75.132, , 
64809,739719,2012120132,6,67,67301,2012,10,4,1715,17,1,1,0,8,1, , ,N,0,0,0,3,0,1,2,2,N,N,39 58:18.141,75 09:57.664,1735, ,1732, ,0, , , ,0, , , , , , , , , ,1,0,0,0,0,0,0,0,0,0,0,0,1,1,0,0,0,0,0,0,0,0,0,0,0,0,0,0,0,0,0,0,1,0,0,8,0,39.9717,-75.166, , 
64810,739736,2012110525,6,67,67301,2012,10,4,729,7,1,1,0,1,1, , ,N,0,0,0,3,0,1,2,2,N,N,39 59:57.255,75 11:43.732,808, ,739, ,0, ,N, ,0, , , , , , , , , ,2,0,0,0,0,0,1,0,0,0,0,1,1,0,0,0,0,0,0,0,0,0,0,0,0,0,0,0,0,0,0,0,0,0,0,4,0,39.9992,-75.1955, , 
64811,739744,2012122349,6,67,67301,2012,11,6,1508,15,1,1,0,8,1, , ,N,0,0,0,3,0,1,2,2,N,N,40 02:38.018,75 01:33.942,1545, ,1540, ,0, ,N, ,0, , , , , , , , , ,1,1,0,0,0,0,0,0,0,0,0,1,1,0,0,0,0,0,0,0,0,0,0,0,0,0,0,0,0,0,0,0,1,0,0,4,0,40.0439,-75.0261, , 
64812,739752,2013003921,6,67,67301,2012,11,6,38,0,3,1,0,2,1, , ,N,1,2,0,3,0,4,5,2,N,N,40 00:44.761,75 09:07.494,45, ,38,4,2,5,N, ,9,N, , , , , , , , ,2,1,0,1,0,0,0,0,0,1,0,3,4,0,0,0,0,0,0,0,2,0,0,0,0,0,0,0,0,0,0,0,0,0,0,2,1,40.0124,-75.1521, , 
64813,733789,2012073581,6,67,67301,2012,6,6,1700,17,1,1,0,5,1, , ,N,0,0,0,3,0,1,2,2,N,N,40 01:39.511,75 08:49.632,1740, ,1737,2,1,1,N, ,0,Y, , , , , , , , ,2,2,0,0,0,0,0,0,0,0,0,1,1,0,0,0,0,0,0,0,0,0,0,0,0,0,0,0,0,0,0,0,0,0,0,4,0,40.0276,-75.1471, , 
64814,733791,2012074388,6,67,67301,2012,6,4,1545,15,1,1,0,7,5, , ,N,0,0,0,3,0,0,1,2,N,N,39 59:27.870,75 07:34.982,1552, ,1547, ,0, ,N, ,0, , , , , , , , , ,2,1,0,0,0,0,0,1,0,0,0,0,0,0,0,0,0,0,0,0,0,0,0,0,0,0,0,0,0,0,0,0,0,0,0,0,0,39.9911,-75.1264, , 
64815,733796,2012078620,6,67,67301,2012,7,3,1725,17,1,1,0,1,1, , ,N,0,0,0,3,0,1,3,3,N,N,40 00:57.814,75 10:33.267,1738, ,1728,2,1,2,N, ,0,N, , , , , , , , ,3,2,0,0,0,0,1,0,0,0,0,1,1,0,0,0,0,0,0,0,1,0,0,0,0,0,0,0,0,0,0,0,0,0,0,4,0,40.0161,-75.1759, , 
64816,733799,2012073567,6,67,67301,2012,6,5,9999,99,1,1,0,1,1, , ,N,0,0,0,3,0,0,4,2,N,N,40 02:00.568,75 12:54.819,1800, ,1752, ,0, , , ,0, , , , , , , , , ,2,1,0,0,1,0,0,0,0,0,0,0,0,0,0,0,0,0,0,0,0,0,0,0,0,0,0,0,0,0,0,0,0,0,0,0,0,40.0335,-75.2152, , 
64817,733802,2012078534,6,67,67301,2012,7,3,1129,11,1,1,0,8,1, , ,N,1,2,0,3,0,1,2,2,N,N,40 04:28.594,75 02:06.267,1220, ,1208, ,0, ,N, ,3, , , , , , , , , ,1,1,0,0,0,0,0,0,0,0,0,1,1,0,0,0,0,0,0,0,0,0,0,0,0,0,0,0,0,0,0,0,1,0,0,4,0,40.0746,-75.0351, , 
64818,733820,2012098262,6,67,67301,2012,8,6,9999,99,8,9,8,8,1, , ,N,0,0,7,3,0,1,2,2,N, ,39 55:22.400,75 11:06.500,9999, ,9999, ,0, , , ,0, , , , , , , , , ,1,1,0,0,0,0,0,0,0,0,0,0,1,1,0,0,0,0,0,0,0,0,0,0,0,0,0,0,0,0,0,0,1,0,0,8,0,39.9229,-75.1851, , 
64819,733821,2012098311,6,67,67301,2012,9,5,404,4,1,1,0,1,1, , ,N,0,0,0,3,0,1,3,3,N, ,39 59:14.784,75 06:29.995,440, ,437, ,0, , , ,0, , , , , , , , , ,3,3,0,0,0,0,0,0,0,0,0,1,1,0,0,0,0,0,0,0,1,0,0,0,0,0,0,0,0,0,0,0,0,0,0,4,0,39.9875,-75.1084, , 
64820,733830,2012104176,6,67,67301,2012,9,6,1235,12,1,1,0,1,1, , ,N,0,0,0,3,0,1,4,5,N,N,40 03:35.410,75 04:08.418,1247, ,1245, ,0, ,N, ,0, , , , , , , , , ,5,3,0,0,1,0,1,0,0,0,0,1,1,0,0,0,0,0,0,0,1,1,0,0,0,0,0,0,0,0,0,0,0,0,0,4,0,40.0598,-75.069, , 
64821,733834,2012108607,6,67,67301,2012,10,7,2140,21,3,1,0,7,7, , ,N,0,0,0,3,0,1,1,1,N,N,39 55:30.581,75 11:35.978,2145, ,2142, ,0, ,Y, ,0, , , , , , , , , ,1,1,0,0,0,0,0,0,0,0,0,1,1,0,0,0,0,0,0,0,1,0,0,0,0,0,0,0,0,0,0,0,0,0,0,4,0,39.9252,-75.1933, , 
64822,733835,2012109054,6,67,67301,2012,10,2,1142,11,1,2,1,7,4, , ,N,0,0,0,3,0,0,1,1,N,N,39 55:36.554,75 11:42.023,1157, ,1144,1,1,3,N, ,0,N, , , , , , , , ,1,1,0,0,0,0,0,0,0,0,0,0,0,0,0,0,0,0,0,0,0,0,0,0,0,0,0,0,0,0,0,0,0,0,0,0,0,39.9268,-75.195, , 
64823,733850,2012098433,6,67,67301,2012,9,7,1920,19,4,1,0,8,1, , ,N,0,0,0,3,0,1,2,1,N,N,39 58:25.878,75 07:32.599,1927, ,1925, ,0, ,N, ,0, , , , , , , , , ,1,1,0,0,0,0,0,0,0,0,0,1,1,0,0,0,0,0,0,0,0,0,0,0,0,0,0,0,0,0,0,0,1,0,0,4,0,39.9739,-75.1257, , 
64824,733858,2012104616,6,67,67301,2012,10,2,830,8,1,1,0,2,1, , ,N,2,3,0,3,0,3,3,2,N,N,40 01:29.334,75 09:42.490,830, ,830,1,1,2,N, ,3,N, , , , , , , , ,2,1,0,0,0,0,1,0,0,0,0,3,3,0,0,0,0,0,0,0,0,0,0,0,0,0,0,0,0,0,0,0,0,0,0,4,0,40.0248,-75.1618, , 
64825,733888,2013015596,6,67,67301,2012,6,6,1959,19,3,2,7,7,2, , ,N,0,0,0,3,0,0,1,1,N,N,40 00:56.380,75 03:11.379,2003, ,2000, ,0, ,N, ,0, , , , , , , , , ,1,1,0,0,0,0,0,0,0,0,0,0,0,0,0,0,0,0,0,0,0,0,0,0,0,0,0,0,0,0,0,0,0,0,0,0,0,40.0157,-75.0531, , 
64826,733889,2013015597,6,67,67301,2012,6,5,514,5,5,1,0,5,1, , ,N,0,0,0,3,0,1,2,2,N,N,40 00:37.456,75 03:45.949,527, ,523,2,2,1,N, ,0,N, , , , , , , , ,2,0,0,0,0,1,1,0,0,0,1,0,1,0,0,0,0,0,0,0,1,0,0,0,0,0,0,0,0,0,0,0,0,0,0,3,1,40.0104,-75.0629, , 
64827,733890,2013016283,6,67,67301,2012,12,6,1923,19,3,1,0,4,1, , ,N,1,2,0,3,0,1,6,2,N,N,39 57:10.033,75 10:00.712,1929, ,1925, ,0, ,N, ,3, , , , , , , , , ,2,2,0,0,0,0,0,0,0,0,1,0,1,0,0,0,0,0,0,0,0,0,0,0,0,0,0,0,0,0,0,0,0,0,0,3,0,39.9528,-75.1669, , 
64828,733900,2012109666,6,67,67301,2012,10,2,1600,16,1,1,0,6,1, , ,N,0,0,0,3,0,0,1,2,N,N,40 01:40.652,75 09:54.126,1650, ,1640, ,0, ,N, ,0, , , , , , , , , ,2,0,0,0,1,0,1,0,0,0,0,1,1,0,0,0,0,0,0,0,0,0,0,0,0,0,0,0,0,0,0,0,0,0,0,4,0,40.028,-75.165, , 
64829,733901,2012109720,6,67,67301,2012,10,4,551,5,3,9,8,4,1, , ,N,1,2,0,3,0,1,2,2,N,N,40 01:49.440,75 10:49.133,610, ,555, ,0, ,N, ,9, , , , , , , , , ,2,2,0,0,0,0,0,0,0,0,0,0,1,1,0,0,1,0,0,0,1,0,0,0,0,0,0,0,0,0,0,0,0,0,0,8,0,40.0304,-75.1803, , 
64830,733904,2012111615,6,67,67301,2012,10,2,9999,99,1,1,0,4,1, , ,N,1,2,0,3,0,1,2,2,N,N,40 02:46.150,75 04:44.993,9999, ,9999,9,1,2,N, ,3,N, , , , , , , , ,2,1,0,0,0,0,1,0,0,0,0,0,1,1,0,0,0,0,0,0,0,0,0,0,0,0,0,0,0,0,0,0,0,0,0,8,0,40.0462,-75.0792, , 
64831,733905,2012111722,6,67,67301,2012,10,1,453,4,3,1,0,7,3, , ,N,1,8,0,3,0,0,3,1,N, ,40 03:52.346,75 14:22.962,502, ,455,2,1,5, , ,3,Y, , , , , , , , ,1,1,0,0,0,0,0,0,0,0,0,0,0,0,0,0,0,0,0,0,0,0,0,0,0,0,0,0,0,0,0,0,0,0,0,0,0,40.0645,-75.2397, , 
64832,736402,2012109658,6,67,67301,2012,10,4,1805,18,4,1,0,2,1, , ,N,0,0,0,3,0,1,3,3,N,N,40 02:27.901,75 11:29.952,1840, ,1830, ,0, ,N, ,0, , , , , , , , , ,3,3,0,0,0,0,0,0,0,0,0,0,0,0,1,0,0,0,0,0,0,1,0,0,0,0,0,0,0,0,0,0,0,0,0,9,0,40.0411,-75.1917, , 
64833,736424,2013003640,6,67,67301,2012,11,2,1012,10,1,1,0,8,1, , ,N,1,2,0,3,0,1,2,2,N,N,40 01:54.231,75 10:43.900,1031, ,1021, ,0, ,N, ,3, , , , , , , , , ,1,1,0,0,0,0,0,0,0,0,0,1,1,0,0,0,0,0,0,0,0,0,0,0,0,0,0,0,0,0,0,0,1,0,0,4,0,40.0317,-75.1789, , 
64834,736426,2013019934,6,67,67301,2012,12,3,230,2,3,1,1,4,1, , ,N,0,0,0,3,0,0,2,2,N,N,40 00:30.013,75 04:13.329,0, ,0, ,0, ,N, ,0, , , , , , , , , ,2,1,0,0,0,0,0,0,0,0,0,0,0,0,0,0,0,0,0,0,1,0,0,0,0,0,0,0,0,0,0,0,0,0,0,0,0,40.0083,-75.0706, , 
64835,736427,2013019972,6,67,67301,2012,10,7,620,6,5,1,0,1,1, , ,N,0,0,0,3,0,2,3,2, , ,39 55:51.803,75 11:57.256,0, ,0, ,0, , , ,0, , , , , , , , , ,2,2,0,0,0,0,0,0,0,0,2,0,2,0,1,0,0,0,0,0,0,0,0,0,0,0,0,0,0,0,0,0,0,0,0,3,0,39.9311,-75.1992, , 
64836,736429,2012098976,6,67,67301,2012,8,6,820,8,1,1,0,2,1, , ,N,1,2,0,3,0,1,5,2,N,N,40 03:37.581,75 10:01.313,925, ,912, ,0, ,N, ,3, , , , , , , , , ,2,1,0,0,0,0,0,1,0,0,0,1,1,0,0,0,0,0,0,0,0,0,0,0,0,0,0,0,0,0,0,0,0,0,0,4,0,40.0604,-75.167, , 
64837,736458,2012122462,6,67,67301,2012,11,5,1049,10,1,1,0,4,1, , ,N,1,2,0,3,0,0,3,2,N,N,39 56:46.746,75 14:16.817,1055, ,1049, ,0, ,N, ,3, , , , , , , , , ,2,2,0,0,0,0,0,0,0,0,0,0,0,0,0,0,0,0,0,0,0,0,0,0,0,0,0,0,0,0,0,0,0,0,0,9,0,39.9463,-75.238, , 
64838,736494,2013003973,6,67,67301,2012,12,1,628,6,3,2,1,4,2, , ,N,0,0,0,3,0,0,1,2,N,N,40 04:43.439,75 02:33.874,629, ,629,2,2,1,N, ,0,Y, , , , , , , , ,2,1,0,0,1,0,0,0,0,0,0,0,0,0,0,0,0,0,0,0,0,0,0,0,0,0,0,0,0,0,0,0,0,0,0,0,0,40.0787,-75.0427, , 
64839,736495,2013006665,6,67,67301,2012,12,6,1541,15,1,1,0,1,1, , ,N,0,0,6,3,0,2,2,2,N,N,40 02:36.620,75 03:17.774,1546, ,1544,1,1,1,N, ,0,N, , , , , , , , ,2,2,0,0,0,0,0,0,0,0,0,2,2,0,0,0,0,0,0,0,0,0,0,0,0,0,0,0,0,0,0,0,0,0,0,4,0,40.0435,-75.0549, , 
64840,736499,2012115247,6,67,67301,2012,8,7,500,5,6,2,1,7,3, , ,N,0,0,1,3,0,2,2,1,N,N,39 55:56.426,75 13:08.637,0, ,0, ,0, ,N, ,0, , , , , , , , , ,1,0,0,0,0,0,1,0,0,0,0,0,2,2,0,0,0,0,0,0,0,0,0,0,0,0,0,0,0,0,0,0,0,0,0,8,0,39.9323,-75.2191, , 
64841,736504,2012122366,6,67,67301,2012,11,2,1749,17,3,1,0,2,1, , ,N,0,0,0,3,0,1,3,3,N,N,40 01:39.543,75 03:07.977,1759, ,1758, ,0, ,N, ,0, , , , , , , , , ,3,3,0,0,0,0,0,0,0,0,0,1,1,0,0,0,0,0,0,0,0,0,0,0,0,0,0,0,0,0,0,0,0,0,0,4,0,40.0277,-75.0522, , 
64842,736517,2013003917,6,67,67301,2012,12,4,1420,14,1,1,0,7,1, , ,N,0,0,1,3,0,0,2,2,N,N,39 55:16.766,75 11:25.898,1430, ,1424, ,0, ,N, ,0, , , , , , , , , ,2,2,0,0,0,0,0,0,0,0,0,0,0,0,0,0,0,0,0,0,1,0,0,0,0,0,0,0,0,0,0,0,0,0,0,0,0,39.9213,-75.1905, , 
64843,736523,2012067334,6,67,67301,2012,7,7,555,5,1,1,0,7,2, , ,N,0,0,0,3,1,0,1,1,N,N,40 00:07.979,75 13:12.804,624, ,605,4,2,6,N,0,0,Y, , , , , , , , ,1,0,0,0,0,1,0,0,0,0,0,0,0,0,0,0,0,0,0,0,0,0,0,0,0,0,0,0,0,0,0,0,0,0,0,1,1,40.0022,-75.2202,2, 
64844,736536,2012078436,6,67,67301,2012,7,1,1215,12,1,1,0,4,1, , ,N,1,2,0,3,0,1,2,2,N,N,40 01:40.909,75 10:20.975,1215, ,1215, ,0, , , ,3, , , , , , , , , ,2,1,0,0,0,0,0,1,0,0,0,0,1,1,0,0,0,0,0,0,0,0,0,0,0,0,0,0,0,0,0,0,0,0,0,8,0,40.028,-75.1725, , 
64845,736541,2012080803,6,67,67301,2012,6,3,1143,11,1,1,0,4,1, , ,N,1,2,0,3,0,2,6,2,N,N,39 55:07.618,75 11:09.725,1150, ,1148, ,0, ,N, ,3, , , , , , , , , ,2,1,0,0,0,0,1,0,0,0,0,2,2,0,0,0,0,0,0,0,0,0,0,0,0,0,0,0,0,0,0,0,0,0,0,4,0,39.9188,-75.186, , 
64846,736548,2012128264,6,67,67301,2012,11,7,909,9,1,1,0,4,1, , ,N,1,2,0,3,0,1,3,2,N,N,40 04:51.077,75 01:43.585,915, ,911,1,1,2,N, ,3,N, , , , , , , , ,2,1,0,0,0,0,0,1,0,0,0,1,1,0,0,0,0,0,0,0,0,0,0,2,0,0,0,0,0,0,0,0,0,0,0,4,0,40.0809,-75.0288, , 
64847,736549,2012128307,6,67,67301,2012,6,6,2054,20,3,2,1,8,1, , ,N,0,0,0,3,0,1,2,2,N, ,39 59:29.225,75 08:05.620,2058, ,2055, ,0, , , ,0, , , , , , , , , ,1,1,0,0,0,0,0,0,0,1,0,0,1,0,0,0,0,0,0,0,0,0,0,0,0,0,0,0,0,0,0,0,1,0,1,2,0,39.9915,-75.1349, , 
64848,736551,2012129060,6,67,67301,2012,11,6,1730,17,1,1,0,0,1, , ,N,1,3,0,3,0,1,2,2,N,N,40 04:02.157,75 08:48.213,945, ,931, ,0, ,N, ,3, , , , , , , , , ,2,0,1,0,1,0,0,0,0,0,0,1,1,0,1,0,0,0,0,0,0,0,0,0,0,0,0,0,0,0,0,0,0,0,0,4,0,40.0673,-75.1467, , 
64849,736559,2012109750,6,67,67301,2012,10,7,640,6,1,1,0,8,1, , ,N,1,2,0,3,0,1,2,2,N,N,40 04:22.410,75 04:33.193,647, ,643, ,0, ,N, ,3, , , , , , , , , ,1,1,0,0,0,0,0,0,0,0,0,1,1,0,1,0,0,0,0,0,0,0,0,0,0,0,0,0,0,0,0,0,1,0,0,4,0,40.0729,-75.0759, , 
64850,736562,2012111709,6,67,67301,2012,10,2,835,8,1,1,0,1,1, , ,N,0,0,0,3,0,0,1,2,N, ,40 03:30.132,75 08:51.720,845, ,836, ,0, , , ,0, , , , , , , , , ,2,2,0,0,0,0,0,0,0,0,0,0,1,1,0,0,0,0,0,0,0,0,0,0,0,0,0,0,0,0,0,0,0,0,0,8,0,40.0584,-75.1477, , 
64851,741968,2013007245,6,67,67301,2012,11,2,1740,17,3,1,0,1,1, , ,N,1,2,0,3,0,2,3,2,N,N,39 59:42.795,75 08:22.405,2247, ,2247, ,0, ,N, ,9, , , , , , , , , ,2,0,0,0,0,0,2,0,0,0,0,0,2,2,0,0,0,0,0,0,0,0,0,0,0,0,0,0,0,0,0,0,0,0,0,8,0,39.9952,-75.1396, , 
64852,741979,2013012079,6,67,67301,2012,12,1,1100,11,1,1,0,8,1, , ,N,2,9,0,3,0,2,3,3,N,N,40 03:51.789,75 09:56.671,1312, ,1302, ,0, ,N, ,9, , , , , , , , , ,1,1,0,0,0,0,0,0,0,0,0,0,2,2,1,0,0,0,0,0,0,0,0,0,0,0,0,0,0,0,0,0,2,0,0,8,0,40.0644,-75.1657, , 
64853,742017,2013003672,6,67,67301,2012,12,1,1700,17,4,1,0,8,1, , ,N,1,2,0,3,0,1,2,2,N, ,39 57:05.967,75 10:13.092,1730, ,1700, ,0, ,N, ,3, , , , , , , , , ,1,1,0,0,0,0,0,0,0,0,0,0,1,1,1,0,0,0,0,0,0,0,0,0,0,0,0,0,0,0,0,0,1,0,0,8,0,39.9516,-75.1702, , 
64854,742047,2012066489,6,67,67301,2012,6,4,1430,14,1,1,0,1,1, , ,N,2,2,7,3,0,0,2,2,N,N,40 05:27.706,75 01:57.963,1430, ,1430, ,0, ,N, ,3, , , , , , , , , ,2,1,0,0,0,0,1,0,0,0,0,0,0,0,0,0,0,0,0,0,2,0,0,0,0,0,0,0,0,0,0,0,0,0,0,0,0,40.091,-75.0327, , 
64855,742057,2012078462,6,67,67301,2012,7,5,1415,14,1,1,0,4,1, , ,N,0,0,0,3,0,3,4,2,N,N,39 56:22.084,75 14:08.003,1420, ,1416, ,0, ,N, ,0, , , , , , , , , ,2,2,0,0,0,0,0,0,0,0,0,2,3,1,0,0,0,0,0,0,0,0,0,2,0,0,0,0,0,0,0,0,0,0,0,4,0,39.9395,-75.2356, , 
64856,742058,2012078525,6,67,67301,2012,6,5,30,0,3,1,0,8,2, , ,N,0,0,0,3,0,1,2,2,N, ,39 59:38.684,75 07:09.598,45, ,40, ,0, , , ,0, , , , , , , , , ,1,1,0,0,0,0,0,0,0,0,0,0,1,1,0,0,0,0,0,0,1,0,0,0,0,0,0,0,0,0,0,0,1,0,0,8,0,39.9941,-75.1193, , 
64857,742077,2012095570,6,67,67301,2012,8,3,800,8,1,2,1,7,5, , ,N,0,0,0,3,0,0,1,1,N,N,40 07:52.197,75 00:49.150,810, ,800, ,0, ,N, ,0, , , , , , , , , ,1,1,0,0,0,0,0,0,0,0,0,0,0,0,0,0,0,0,0,0,0,0,0,0,0,0,0,0,0,0,0,0,0,0,0,0,0,40.1312,-75.0137, , 
64858,742078,2012095725,6,67,67301,2012,9,6,1825,18,1,1,0,5,1, , ,N,0,0,0,3,0,1,2,2,N,N,39 52:47.512,75 14:51.636,1825, ,1825, ,0, ,N, ,0, , , , , , , , , ,2,2,0,0,0,0,0,0,0,0,0,0,1,1,1,0,0,0,0,0,0,0,0,0,0,0,0,0,0,0,0,0,0,0,0,8,0,39.8799,-75.2477, , 
64859,742095,2012121745,6,67,67301,2012,12,7,235,2,3,1,0,7,2, , ,N,0,0,0,3,0,0,2,1,N,N,39 58:38.737,75 12:00.582,240, ,236, ,0, ,N, ,0, , , , , , , , , ,1,1,0,0,0,0,0,0,0,0,0,0,0,0,0,0,0,0,0,0,0,0,0,0,0,0,0,0,0,0,0,0,0,0,0,0,0,39.9774,-75.2002, , 