objectid_1,objectid,crn,district,county,municipality,crash_year,crash_month,day_of_week,time_of_day,hour_of_day,illumination,weather,road_condition,collision_type,relation_to_road,work_zone_type,work_zone_loc,work_zone_ind,intersect_type,tcd_type,location_type,urban_rural,fatal_count,injury_count,person_count,total_units,sch_bus_ind,sch_zone_ind,latitude,longitude,arrival_tm,cons_zone_spd_lim,dispatch_tm,est_hrs_closed,lane_closed,ln_close_dir,ntfy_hiwy_maint,spec_juris_cd,tcd_func_cd,tfc_detour_ind,workers_pres,wz_close_detour,wz_flagger,wz_law_offcr_ind,wz_ln_closure,wz_moving,wz_other,wz_shlder_mdn,vehicle_count,automobile_count,motorcycle_count,bus_count,small_truck_count,heavy_truck_count,suv_count,van_count,bicycle_count,maj_inj_count,mod_inj_count,min_inj_count,tot_inj_count,unk_inj_deg_count,unk_inj_per_count,driver_count_16yr,driver_count_17yr,driver_count_18yr,driver_count_19yr,driver_count_20yr,driver_count_50_64yr,driver_count_65_74yr,driver_count_75plus,unbelted_occ_count,unb_death_count,unb_maj_inj_count,belted_death_count,belted_maj_inj_count,mcycle_death_count,mcycle_maj_inj_count,bicycle_death_count,bicycle_maj_inj_count,ped_count,ped_death_count,ped_maj_inj_count,max_severity_level,comm_veh_count,dec_lat,dec_long,rdwy_surf_type_cd,county_name
64860,742128,2013003996,6,67,67301,2012,12,2,642,6,5,2,1,1,1, , ,N,3,1,0,3,0,1,2,2,Y,Y,40 00:13.519,75 10:52.190,728, ,723,1,1,4,N, ,3,N, , , , , , , , ,2,1,0,1,0,0,0,0,0,0,0,1,1,0,0,0,0,0,0,0,0,0,0,0,0,0,0,0,0,0,0,0,0,0,0,4,0,40.0037,-75.1811, , 
64861,742138,2012109809,6,67,67301,2012,10,3,1647,16,1,2,1,4,1, , ,N,1,3,0,3,0,0,1,2,N,N,40 02:11.605,75 08:13.937,1655, ,1649, ,0, ,N, ,3, , , , , , , , , ,2,1,0,0,0,0,0,1,0,0,0,0,0,0,0,0,0,0,0,0,0,0,0,0,0,0,0,0,0,0,0,0,0,0,0,0,0,40.0366,-75.1372, , 
64862,742144,2013003992,6,67,67301,2012,11,6,1131,11,1,6,1,6,1, , ,N,0,0,0,3,0,2,2,2,N,N,40 00:25.498,75 05:38.158,3, ,1150,3,1,4,N, ,0,Y, , , , , , , , ,2,1,0,0,0,0,0,1,0,0,1,1,2,0,0,0,0,0,0,0,0,0,0,0,0,0,0,0,0,0,0,0,0,0,0,3,0,40.0071,-75.0939, , 
64863,742146,2013007242,6,67,67301,2012,12,5,1525,15,1,1,0,2,1, , ,N,1,2,0,3,0,2,2,2,N, ,40 02:35.649,75 03:08.136,1539, ,1537,1,1,1, , ,3,N, , , , , , , , ,2,2,0,0,0,0,0,0,0,0,0,2,2,0,0,0,0,0,0,0,0,0,0,0,0,0,0,0,0,0,0,0,0,0,0,4,0,40.0432,-75.0523, , 
64864,742185,2013000412,6,67,67301,2012,12,6,836,8,1,1,0,1,1, , ,N,0,0,0,3,0,0,2,2,N,N,39 54:45.301,75 08:54.342,908, ,844, ,0, ,N, ,0, , , , , , , , , ,2,2,0,0,0,0,0,0,0,0,0,0,0,0,0,0,0,0,0,0,0,0,0,0,0,0,0,0,0,0,0,0,0,0,0,0,0,39.9125,-75.1485, , 
64865,742201,2012129830,6,67,67301,2012,12,4,1355,13,1,1,0,5,1, , ,N,0,0,0,3,0,0,5,4,N,N,39 58:30.627,75 07:01.246,1355, ,1355,2,2,2,N, ,0,N, , , , , , , , ,4,3,0,0,1,0,0,0,0,0,0,0,0,0,0,0,0,0,0,0,0,0,0,0,0,0,0,0,0,0,0,0,0,0,0,0,0,39.9752,-75.117, , 
64866,742203,2013004028,6,67,67301,2012,12,7,1431,14,1,1,0,4,1, , ,N,1,2,0,3,0,2,4,3,N, ,40 01:21.366,75 05:37.208,1440, ,1435, ,0, , , ,3, , , , , , , , , ,3,3,0,0,0,0,0,0,0,0,0,2,2,0,0,0,0,0,0,0,0,1,0,0,0,0,0,0,0,0,0,0,0,0,0,4,0,40.0227,-75.0935, , 
64867,742211,2012125535,6,67,67301,2012,11,2,910,9,1,1,0,4,1, , ,N,1,3,0,3,0,0,2,2,N,N,40 00:50.303,75 09:28.618,9999, ,930, ,0, ,N, ,3, , , , , , , , , ,2,2,0,0,0,0,0,0,0,0,0,0,0,0,0,0,0,0,0,0,1,1,0,0,0,0,0,0,0,0,0,0,0,0,0,0,0,40.014,-75.1579, , 
64868,742226,2013015602,6,67,67301,2012,7,5,345,3,3,1,0,7,2, , ,N,0,0,0,3,0,1,1,1,N,N,40 01:23.622,75 02:03.900,358, ,349, ,0, ,N, ,0, , , , , , , , , ,1,1,0,0,0,0,0,0,0,0,0,1,1,0,0,0,0,0,0,0,0,0,0,0,0,0,0,0,0,0,0,0,0,0,0,4,0,40.0232,-75.0345, , 
64869,742249,2012115229,6,67,67301,2012,9,6,2100,21,6,1,0,1,1, , ,N,1,2,0,3,0,3,4,2,N,N,40 02:39.682,75 04:21.458,0, ,0, ,0, ,N, ,3, , , , , , , , , ,2,0,0,0,0,0,1,0,0,0,1,0,3,2,1,0,0,0,0,0,0,0,0,0,0,0,0,0,0,0,0,0,0,0,0,3,0,40.0444,-75.0726, , 
64870,739753,2013006745,6,67,67301,2012,12,1,150,1,3,1,0,4,1, , ,N,1,2,0,3,0,2,3,2,N,N,40 06:07.025,75 00:22.022,203, ,159,1,2,1,N, ,3,N, , , , , , , , ,2,2,0,0,0,0,0,0,0,0,0,0,2,2,0,0,0,0,0,0,0,0,0,0,0,0,0,0,0,0,0,0,0,0,0,8,0,40.102,-75.0061, , 
64871,739755,2013012117,6,67,67301,2012,12,6,1112,11,1,1,0,4,1, , ,N,1,3,0,3,0,2,4,3,N, ,39 59:55.424,75 05:40.664,1113, ,1112, ,0, , , ,3, , , , , , , , , ,3,1,0,0,0,0,2,0,0,0,0,2,2,0,2,0,0,0,0,0,0,1,0,0,0,0,0,0,0,0,0,0,0,0,0,4,0,39.9987,-75.0946, , 
64872,739758,2012112642,6,67,67301,2012,10,3,1750,17,4,1,0,8,1, , ,N,0,0,0,3,0,1,2,2,N,N,40 02:23.416,75 04:53.443,1830, ,1827, ,0, ,N, ,0, , , , , , , , , ,1,0,0,0,0,0,0,1,0,0,0,0,1,1,0,0,0,0,0,0,0,0,0,0,0,0,0,0,0,0,0,0,1,0,0,8,0,40.0398,-75.0815, , 
64873,739768,2012125532,6,67,67301,2012,11,6,9999,99,1,1,0,4,1, , ,N,1,2,0,3,0,0,3,2,N, ,40 04:17.727,74 59:15.885,650, ,648, ,0, , , ,3, , , , , , , , , ,2,2,0,0,0,0,0,0,0,0,1,1,2,0,0,0,0,0,0,0,0,1,0,0,0,0,0,0,0,0,0,0,0,0,0,3,0,40.0716,-74.9877, , 
64874,739770,2012128232,6,67,67301,2012,11,4,1132,11,1,1,0,4,1, , ,N,1,2,0,3,0,1,2,2,N,N,40 01:29.049,75 07:49.427,1140, ,1136,2,2,2,N, ,3,N, , , , , , , , ,2,0,0,0,0,0,2,0,0,0,1,0,1,0,0,0,0,0,0,0,0,0,0,0,0,0,0,0,0,0,0,0,0,0,0,3,0,40.0248,-75.1299, , 
64875,739791,2012104143,6,67,67301,2012,10,2,1656,16,1,1,0,4,1, , ,N,1,0,0,3,0,1,1,2,N,N,40 01:31.209,75 08:29.129,1656, ,1656, ,0, ,N, ,0, , , , , , , , , ,2,1,0,0,0,0,0,0,0,0,0,1,1,0,0,0,0,0,0,0,0,0,0,0,0,0,0,0,0,0,0,0,0,0,0,4,0,40.0253,-75.1414, , 
64876,739793,2012104452,6,67,67301,2012,10,4,1734,17,1,1,0,1,1, , ,N,0,0,0,3,0,0,3,3,N,N,39 58:36.891,75 11:54.532,1734, ,1734, ,0, ,N, ,0, , , , , , , , , ,3,1,0,0,0,0,1,1,0,0,0,0,0,0,0,0,0,0,0,0,2,0,0,0,0,0,0,0,0,0,0,0,0,0,0,0,0,39.9769,-75.1985, , 
64877,739812,2012117314,6,67,67301,2012,10,6,2146,21,3,1,0,2,6, , ,N,1,3,0,3,0,1,1,3,N, ,39 55:22.123,75 14:08.509,2149, ,2149,2,2,7,N, ,3,Y, , , , , , , , ,2,2,0,0,0,0,0,0,0,0,0,0,1,1,0,0,0,0,0,0,0,0,0,0,0,0,0,0,0,0,0,0,0,0,0,8,0,39.9228,-75.2357, , 
64878,739817,2012127756,6,67,67301,2012,11,1,342,3,3,1,0,2,1, , ,N,2,0,0,3,0,0,3,2,N,N,40 07:06.945,75 00:25.153,345, ,342, ,0, ,N, ,0, , , , , , , , , ,2,2,0,0,0,0,0,0,0,0,0,0,0,0,0,0,0,0,0,0,0,0,0,0,0,0,0,0,0,0,0,0,0,0,0,0,0,40.1186,-75.007, , 
64879,739830,2013007297,6,67,67301,2012,12,1,100,1,3,1,0,5,1, , ,N,0,0,0,3,0,1,3,2,N,N,40 00:20.137,75 06:11.645,125, ,118, ,0, ,N, ,0, , , , , , , , , ,2,2,0,0,0,0,0,0,0,0,0,0,1,1,0,0,0,0,0,0,0,0,0,0,0,0,0,0,0,0,0,0,0,0,0,8,0,40.0056,-75.1032, , 
64880,739844,2012125563,6,67,67301,2012,11,6,1830,18,3,1,0,6,1, , ,N,1,2,0,3,0,1,1,2,N, ,39 57:09.608,75 14:41.107,1836, ,1832, ,0, , , ,3, , , , , , , , , ,1,0,0,0,0,0,0,1,0,0,0,1,1,0,0,0,0,0,0,0,0,0,0,0,0,0,0,0,0,0,0,0,1,0,0,4,0,39.9527,-75.2448, , 
64881,739851,2013003865,6,67,67301,2012,12,2,1856,18,3,1,0,4,1, , ,N,2,2,0,3,0,1,2,2,N,N,39 57:46.553,75 11:28.839,1856, ,1856,2,1,3,N, ,3,Y, , , , , , , , ,1,1,0,0,0,0,0,0,1,0,0,1,1,0,0,0,0,0,0,0,1,0,0,0,0,0,0,0,0,0,0,0,0,0,0,4,0,39.9629,-75.1913, , 
64882,739852,2013006908,6,67,67301,2012,12,7,247,2,3,9,0,1,1, , ,N,2,2,0,3,0,2,3,2,N,N,40 01:40.651,75 06:23.587,259, ,251, ,0, ,N, ,3, , , , , , , , , ,2,0,0,0,1,0,1,0,0,0,0,2,2,0,1,0,0,0,0,0,1,0,0,0,0,0,0,0,0,0,0,0,0,0,0,4,0,40.0279,-75.1065, , 
64883,739856,2012125524,6,67,67301,2012,11,3,930,9,1,2,1,4,1, , ,N,1,2,0,3,0,2,5,2,N,N,40 02:02.361,75 04:27.863,955, ,940,1,1,1,N, ,3,N, , , , , , , , ,2,2,0,0,0,0,0,0,0,0,0,2,2,0,0,0,0,0,0,1,0,0,0,0,0,0,0,0,0,0,0,0,0,0,0,4,0,40.034,-75.0744, , 
64884,739861,2012129079,6,67,67301,2012,11,4,909,9,1,1,0,4,1, , ,N,1,2,0,3,0,1,2,2,N, ,40 08:03.616,75 00:33.107,930, ,909, ,0, , , ,3, , , , , , , , , ,2,2,0,0,0,0,0,0,0,0,0,0,1,1,0,0,0,0,0,0,1,0,1,0,0,0,0,0,0,0,0,0,0,0,0,8,0,40.1343,-75.0091, , 
64885,739871,2012125534,6,67,67301,2012,11,6,1830,18,1,1,0,4,1, , ,N,1,2,0,3,0,2,2,2,N,N,39 57:46.285,75 12:08.510,1400, ,1400, ,0, ,N, ,3, , , , , , , , , ,2,2,0,0,0,0,0,0,0,0,0,1,1,0,1,0,0,0,0,0,0,0,0,0,0,0,0,0,0,0,0,0,0,0,0,4,0,39.9629,-75.2024, , 
64886,739874,2012111816,6,67,67301,2012,10,6,1730,17,4,1,0,1,1, , ,N,0,0,0,3,0,1,6,3,N,N,39 59:22.572,75 06:26.473,9999, ,9999, ,0, ,N, ,0, , , , , , , , , ,3,2,0,0,0,0,0,0,0,0,0,1,1,0,0,0,0,0,0,0,0,0,0,0,0,0,0,0,0,0,0,0,0,0,0,4,0,39.9896,-75.1074, , 
64887,739896,2013003714,6,67,67301,2012,12,5,1715,17,3,1,0,8,1, , ,N,1,2,0,3,0,1,2,2,N,N,39 56:37.828,75 14:16.183,1723, ,1719, ,0, ,N, ,3, , , , , , , , , ,1,1,0,0,0,0,0,0,0,0,0,1,1,0,0,0,0,0,0,0,0,0,0,0,0,0,0,0,0,0,0,0,1,0,0,4,0,39.9438,-75.2378, , 
64888,733936,2012078463,6,67,67301,2012,7,7,9999,99,1,2,1,1,1, , ,N,1,2,0,3,0,2,3,2,N,N,39 56:30.714,75 13:31.922,1108, ,1107, ,0, ,N, ,3, , , , , , , , , ,2,0,0,0,1,0,1,0,0,0,0,2,2,0,0,0,0,0,0,0,0,0,0,0,0,0,0,0,0,0,0,0,0,0,0,4,0,39.9419,-75.2255, , 
64889,733937,2012079373,6,67,67301,2012,8,5,757,7,1,1,0,1,1, , ,N,0,0,0,3,0,0,3,2,N,N,39 59:23.401,75 12:20.451,807, ,807, ,0, ,N, ,0, , , , , , , , , ,2,1,0,0,0,0,0,1,0,0,0,0,0,0,0,0,0,0,0,0,1,0,0,0,0,0,0,0,0,0,0,0,0,0,0,0,1,39.9898,-75.2057, , 
64890,733941,2012111817,6,67,67301,2012,10,6,1635,16,1,1,0,4,1, , ,N,0,0,7,3,0,1,3,2,N,N,39 59:33.710,75 05:34.163,1645, ,1638,1,1,4, , ,0,N, , , , , , , , ,2,2,0,0,0,0,0,0,0,0,0,0,1,1,0,0,0,0,0,0,0,0,0,0,0,0,0,0,0,0,0,0,0,0,0,8,0,39.9927,-75.0928, , 
64891,733945,2012114352,6,67,67301,2012,10,2,600,6,5,1,0,4,1, , ,N,0,0,7,3,0,1,2,2,N,N,39 59:54.372,75 13:56.202,635, ,615, ,0, ,N, ,0, , , , , , , , , ,2,1,1,0,0,0,0,0,0,0,0,0,1,1,0,0,0,0,0,0,0,0,0,0,0,0,0,0,0,0,0,0,0,0,0,8,0,39.9984,-75.2323, , 
64892,733953,2012122370,6,67,67301,2012,11,7,225,2,3,1,0,7,1, , ,N,0,0,0,3,0,1,1,1,N,N,40 01:07.858,75 12:05.587,234, ,230, ,0, ,N, ,0, , , , , , , , , ,1,1,0,0,0,0,0,0,0,0,0,0,0,0,1,0,0,0,0,0,0,0,0,0,0,0,0,0,0,0,0,0,0,0,0,9,0,40.0188,-75.2016, , 
64893,733958,2012127752,6,67,67301,2012,11,1,1905,19,3,1,0,8,1, , ,N,0,0,0,3,1,0,2,2,N,N,40 01:58.410,75 06:23.883,1910, ,1905,9,2,6, ,0,0,Y, , , , , , , , ,1,1,0,0,0,0,0,0,0,0,0,0,0,0,0,0,1,0,0,0,0,0,0,0,0,0,0,0,0,0,0,0,1,1,0,1,0,40.0325,-75.1062,2, 
64894,733968,2013003957,6,67,67301,2012,11,2,1538,15,1,1,0,4,1, , ,N,1,2,0,3,0,1,2,2,N,N,40 05:12.438,74 58:18.635,1550, ,1542,2,1,1, , ,3,N, , , , , , , , ,2,2,0,0,0,0,0,0,0,0,0,0,1,1,0,0,0,0,1,0,0,0,1,0,0,0,0,0,0,0,0,0,0,0,0,8,0,40.0868,-74.9718, , 
64895,733982,2012068831,6,67,67301,2012,5,7,9999,99,1,1,0,7,5, , ,N,0,0,0,3,0,0,1,1,N,N,39 58:21.242,75 07:12.548,1845, ,1835, ,0, ,N, ,0, , , , , , , , , ,1,1,0,0,0,0,0,0,0,0,0,0,0,0,0,0,0,0,0,0,0,0,0,0,0,0,0,0,0,0,0,0,0,0,0,0,0,39.9725,-75.1203, , 
64896,734002,2012104170,6,67,67301,2012,9,1,949,9,1,1,0,1,1, , ,N,0,0,0,3,0,0,4,3,N,N,40 07:22.306,75 00:50.698,955, ,949, ,0, , , ,0, , , , , , , , , ,3,2,0,0,1,0,0,0,0,0,0,0,0,0,0,0,0,0,0,0,1,0,0,0,0,0,0,0,0,0,0,0,0,0,0,0,0,40.1229,-75.0141, , 
64897,734021,2012129070,6,67,67301,2012,11,2,2109,21,3,1,0,4,1, , ,N,1,2,0,3,0,1,2,2,N,N,39 56:00.466,75 09:44.283,2109, ,2109,1,2,2,N, ,3,N, , , , , , , , ,2,2,0,0,0,0,0,0,0,0,0,0,1,1,0,0,0,0,0,0,1,0,0,0,0,0,0,0,0,0,0,0,0,0,0,8,0,39.9335,-75.1623, , 
64898,734027,2013003877,6,67,67301,2012,12,2,815,8,1,9,0,8,1, , ,N,1,0,0,3,0,1,2,2,N, ,39 59:51.538,75 04:22.135,1620, ,1620, ,0, , , ,0, , , , , , , , , ,1,0,0,0,0,0,1,0,0,0,0,1,1,0,0,0,0,0,0,0,1,0,0,0,0,0,0,0,0,0,0,0,1,0,0,4,0,39.9976,-75.0728, , 
64899,734034,2012114374,6,67,67301,2012,9,3,1712,17,1,1,0,5,1, , ,N,0,2,0,3,0,1,3,5,N, ,39 58:51.564,75 14:35.412,1717, ,1714,3,2,6, , ,3,Y, , , , , , , , ,4,2,0,0,0,1,1,0,0,1,0,0,1,0,0,0,0,0,0,0,0,0,0,0,0,0,0,0,0,0,0,0,0,0,0,2,0,39.981,-75.2432, , 
64900,734087,2012120034,6,67,67301,2012,10,5,819,8,1,1,0,7,5, , ,N,0,0,0,3,0,1,1,1,N,N,40 05:09.766,75 03:36.172,824, ,821,9,2,5,N, ,0,Y, , , , , , , , ,1,1,0,0,0,0,0,0,0,0,0,0,1,1,0,1,0,0,0,0,0,0,0,0,0,0,0,0,0,0,0,0,0,0,0,8,0,40.086,-75.06, , 
64901,734116,2013006747,6,67,67301,2012,12,3,950,9,1,1,0,4,1, , ,N,0,0,7,3,0,2,4,2,N, ,40 07:55.251,75 00:43.312,1005, ,958,2,1,2, , ,0,N, , , , , , , , ,2,1,0,0,0,0,0,1,0,0,0,2,2,0,0,0,0,0,0,0,1,0,0,0,0,0,0,0,0,0,0,0,0,0,0,4,0,40.132,-75.012, , 
64902,734120,2012109865,6,67,67301,2012,9,1,20,0,3,1,0,4,6, , ,N,0,0,0,3,0,1,1,4,N,N,40 05:48.120,74 58:54.026,27, ,23,2,2,2,N, ,0,N, , , , , , , , ,4,2,0,0,0,0,1,1,0,0,0,0,1,1,0,0,0,0,0,0,0,0,0,0,0,0,0,0,0,0,0,0,0,0,0,8,0,40.0967,-74.9817, , 
64903,734134,2012109848,6,67,67301,2012,10,7,1400,14,1,1,0,4,1, , ,N,1,2,0,3,0,1,3,2,N,N,40 00:36.435,75 07:17.178,1520, ,1404, ,0, ,N, ,3, , , , , , , , , ,2,0,0,0,0,0,2,0,0,0,0,1,1,0,0,0,0,0,0,0,0,0,0,0,0,0,0,0,0,0,0,0,0,0,0,4,0,40.0101,-75.1214, , 
64904,734139,2012111625,6,67,67301,2012,10,6,1130,11,1,1,0,4,1, , ,N,2,3,0,3,0,3,4,2,N, ,40 02:03.338,75 04:05.224,1135, ,1132, ,0, ,N, ,3, , , , , , , , , ,2,1,0,0,1,0,0,0,0,0,0,1,3,2,0,0,0,0,0,0,1,0,0,4,0,0,0,0,0,0,0,0,0,0,0,4,0,40.0343,-75.0681, , 
64905,734145,2012117352,6,67,67301,2012,10,7,237,2,3,1,0,1,1, , ,N,0,0,0,3,0,1,2,2,N,N,40 01:13.941,75 09:21.404,245, ,238,9,1,1,N, ,0,N, , , , , , , , ,2,1,0,0,1,0,0,0,0,0,0,1,1,0,0,0,0,0,0,0,0,0,0,0,0,0,0,0,0,0,0,0,0,0,0,4,0,40.0205,-75.1559, , 
64906,736565,2012112626,6,67,67301,2012,10,5,1815,18,1,1,0,4,1, , ,N,0,0,0,3,0,2,4,2,N,Y,40 04:06.390,75 04:00.728,1855, ,9999, ,0, ,N, ,0, , , , , , , , , ,2,2,0,0,0,0,0,0,0,0,0,1,1,0,1,0,0,0,0,0,0,0,0,0,0,0,0,0,0,0,0,0,0,0,0,4,0,40.0684,-75.0669, , 
64907,736574,2012125176,6,67,67301,2012,11,6,1929,19,3,1,0,5,1, , ,N,0,0,0,3,0,1,4,3,N,N,39 58:54.726,75 06:05.785,1959, ,1942,1,1,1,N, ,0,N, , , , , , , , ,3,2,0,0,0,0,1,0,0,0,0,0,1,1,0,0,0,0,0,0,1,0,0,0,0,0,0,0,0,0,0,0,0,0,0,8,0,39.9819,-75.1016, , 
64908,736594,2012111697,6,67,67301,2012,10,2,9999,99,6,9,8,7,4, , ,N,2,0,0,3,0,0,1,1,N,N,40 00:12.636,75 08:35.836,925, ,920,3,1,3,N, ,0,Y, , , , , , , , ,1,1,0,0,0,0,0,0,0,0,0,0,0,0,1,0,0,0,0,0,0,0,0,0,0,0,0,0,0,0,0,0,0,0,0,9,0,40.0035,-75.1433, , 
64909,736595,2012111732,6,67,67301,2012,10,1,1150,11,1,1,0,5,1, , ,N,2,2,7,3,0,2,2,2,N,N,39 58:27.676,75 12:06.216,1157, ,1155, ,0, ,N, ,3, , , , , , , , , ,2,2,0,0,0,0,0,0,0,0,0,0,2,2,0,0,0,0,0,0,0,0,0,0,0,0,0,0,0,0,0,0,0,0,0,8,0,39.9744,-75.2017, , 
64910,736599,2013006836,6,67,67301,2012,12,1,109,1,3,1,0,1,1, , ,N,0,0,0,3,0,1,4,2,N,N,40 02:23.319,75 10:10.945,114, ,112,1,1,2,N, ,0,Y, , , , , , , , ,2,2,0,0,0,0,0,0,0,0,1,0,1,0,0,0,0,0,0,0,0,0,0,0,0,0,0,0,0,0,0,0,0,0,0,3,0,40.0398,-75.1697, , 
64911,736604,2012109701,6,67,67301,2012,10,5,1255,12,1,1,0,4,4, , ,N,1,2,0,3,0,1,3,2,N, ,40 02:25.098,75 02:36.070,1305, ,1257, ,0, , , ,3, , , , , , , , , ,2,1,0,0,0,0,0,1,0,0,0,1,1,0,0,0,0,0,0,0,2,0,0,0,0,0,0,0,0,0,0,0,0,0,0,4,0,40.0403,-75.0434, , 
64912,736618,2012125558,6,67,67301,2012,11,2,1637,16,1,1,0,9,6, , ,N,1,2,0,3,0,1,1,2,N, ,40 01:58.442,75 06:24.270,1700, ,1657, ,0, , , ,3, , , , , , , , , ,1,1,0,0,0,0,0,0,0,0,0,1,1,0,0,0,0,0,0,0,0,0,0,0,0,0,0,0,0,0,0,0,1,0,0,4,0,40.0329,-75.1067, , 
64913,736619,2012128242,6,67,67301,2012,11,3,340,3,3,1,0,7,2, , ,N,2,0,0,3,0,0,2,1,N,N,40 03:34.858,75 02:44.005,345, ,341,9,2,6, , ,0,N, , , , , , , , ,1,1,0,0,0,0,0,0,0,0,0,0,0,0,1,0,0,0,0,0,0,0,0,0,0,0,0,0,0,0,0,0,0,0,0,9,0,40.0597,-75.0456, , 
64914,736625,2013003871,6,67,67301,2012,11,6,1424,14,1,1,0,8,3, , ,N,0,0,0,3,0,1,2,2,N,N,39 57:21.664,75 11:12.878,1425, ,1425, ,0, ,N, ,0, , , , , , , , , ,1,1,0,0,0,0,0,0,0,0,1,0,1,0,0,0,0,0,0,1,0,0,0,0,0,0,0,0,0,0,0,0,1,0,0,3,0,39.956,-75.1869, , 
64915,736629,2013038593,6,67,67301,2012,2,7,1359,13,1,1,0,7,2, , ,N,0,0,0,3,0,0,1,1,N,N,39 59:22.017,75 15:05.854,1402, ,1359, ,0, ,N, ,0, , , , , , , , , ,1,1,0,0,0,0,0,0,0,0,0,0,0,0,0,0,0,0,0,0,0,0,0,0,0,0,0,0,0,0,0,0,0,0,0,0,0,39.9894,-75.2516, , 
64916,736633,2012110795,6,67,67301,2012,10,4,727,7,1,2,1,4,1, , ,N,0,2,0,3,0,0,2,2,N,N,40 02:24.105,75 10:41.794,740, ,730, ,0, ,N, ,3, , , , , , , , , ,2,2,0,0,0,0,0,0,0,0,0,0,0,0,0,0,0,0,0,0,0,0,0,1,0,0,0,0,0,0,0,0,0,0,0,0,0,40.04,-75.1783, , 
64917,736650,2012104613,6,67,67301,2012,9,2,840,8,1,1,0,1,1, , ,N,0,0,0,3,0,2,6,4,N,N,40 01:49.508,75 05:15.219,850, ,846,1,2,2,N, ,0,N, , , , , , , , ,4,3,0,0,0,0,1,0,0,0,0,0,2,2,0,0,0,0,1,0,1,0,0,0,0,0,0,0,0,0,0,0,0,0,0,8,0,40.0304,-75.0876, , 
64918,736656,2012111622,6,67,67301,2012,10,2,826,8,1,1,0,4,1, , ,N,1,2,0,3,0,2,5,2,N,N,39 58:30.316,75 11:41.875,840, ,835, ,0, ,N, ,3, , , , , , , , , ,2,2,0,0,0,0,0,0,0,0,0,1,2,1,0,0,0,0,0,0,0,0,0,0,0,0,0,0,0,0,0,0,0,0,0,4,0,39.9751,-75.195, , 
64919,736662,2012118202,6,67,67301,2012,11,5,650,6,1,1,0,7,4,1,4,Y,0,0,0,3,0,1,1,1,N,N,39 58:46.258,75 06:26.209,658,55,655,1,2,1,N, ,0,N,N,N,N,N,N,N,N,Y,1,1,0,0,0,0,0,0,0,0,0,1,1,0,0,0,0,0,0,0,0,0,0,1,0,0,0,0,0,0,0,0,0,0,0,4,0,39.9795,-75.1074, , 
64920,736677,2013003664,6,67,67301,2012,12,2,1735,17,2,2,1,8,1, , ,N,1,3,0,3,0,1,2,2,N,N,40 02:20.907,75 08:21.109,1752, ,1740, ,0, ,N, ,3, , , , , , , , , ,1,1,0,0,0,0,0,0,0,0,0,1,1,0,0,0,0,0,0,0,0,0,0,0,0,0,0,0,0,0,0,0,1,0,0,4,0,40.0391,-75.1392, , 
64921,736695,2012109826,6,67,67301,2012,9,1,245,2,3,1,0,5,1, , ,N,1,2,0,3,0,1,5,3,N,N,40 02:12.235,75 03:52.193,303, ,252,1,2,2,N, ,3,Y, , , , , , , , ,3,2,0,0,1,0,0,0,0,0,0,1,1,0,2,0,0,0,0,0,0,0,0,0,0,0,0,0,0,0,0,0,0,0,0,4,0,40.0367,-75.0645, , 
64922,736697,2012111677,6,67,67301,2012,10,5,1050,10,1,1,0,1,1, , ,N,0,0,0,3,0,2,4,3,N,N,40 04:54.038,74 57:59.129,1055, ,1050, ,0, ,N, ,0, , , , , , , , , ,3,3,0,0,0,0,0,0,0,0,0,2,2,0,0,0,0,0,0,0,1,0,0,0,0,0,0,0,0,0,0,0,0,0,0,4,0,40.0817,-74.9664, , 
64923,736707,2012123337,6,67,67301,2012,11,1,1130,11,1,1,0,1,1, , ,N,0,1,0,3,0,0,3,2,N,N,40 01:43.941,75 06:26.863,1150, ,1135, ,0, ,N, ,3, , , , , , , , , ,2,1,0,0,0,0,1,0,0,0,0,0,0,0,0,0,0,0,0,0,1,0,0,0,0,0,0,0,0,0,0,0,0,0,0,0,0,40.0289,-75.1075, , 
64924,742256,2012128030,6,67,67301,2012,12,2,1625,16,3,2,1,9,1, , ,N,0,0,0,3,0,0,1,1,N,N,39 53:35.511,75 13:40.297,1639, ,1639, ,0, ,N, ,0, , , , , , , , , ,1,1,0,0,0,0,0,0,0,0,0,0,0,0,0,0,0,0,0,0,0,0,0,0,0,0,0,0,0,0,0,0,0,0,0,0,0,39.8932,-75.2279, , 
64925,742282,2013006858,6,67,67301,2012,12,7,30,0,3,4,1,1,1, , ,N,5,2,0,3,0,1,2,2,N,N,40 03:31.188,75 02:39.382,40, ,36, ,0, ,N, ,3, , , , , , , , , ,2,1,0,0,0,0,0,1,0,0,0,1,1,0,0,0,0,0,0,0,0,0,0,1,0,0,0,0,0,0,0,0,0,0,0,4,0,40.0587,-75.0443, , 
64926,742287,2013003675,6,67,67301,2012,12,2,1900,19,3,2,1,8,1, , ,N,1,2,0,3,0,1,3,2,N,N,39 59:07.310,75 09:40.971,1900, ,1400, ,0, ,N, ,3, , , , , , , , , ,1,0,0,0,0,0,1,0,0,0,0,1,1,0,0,0,0,0,1,0,0,0,0,0,0,0,0,0,0,0,0,0,1,0,0,4,0,39.9854,-75.1614, , 