objectid_1,objectid,crn,district,county,municipality,crash_year,crash_month,day_of_week,time_of_day,hour_of_day,illumination,weather,road_condition,collision_type,relation_to_road,work_zone_type,work_zone_loc,work_zone_ind,intersect_type,tcd_type,location_type,urban_rural,fatal_count,injury_count,person_count,total_units,sch_bus_ind,sch_zone_ind,latitude,longitude,arrival_tm,cons_zone_spd_lim,dispatch_tm,est_hrs_closed,lane_closed,ln_close_dir,ntfy_hiwy_maint,spec_juris_cd,tcd_func_cd,tfc_detour_ind,workers_pres,wz_close_detour,wz_flagger,wz_law_offcr_ind,wz_ln_closure,wz_moving,wz_other,wz_shlder_mdn,vehicle_count,automobile_count,motorcycle_count,bus_count,small_truck_count,heavy_truck_count,suv_count,van_count,bicycle_count,maj_inj_count,mod_inj_count,min_inj_count,tot_inj_count,unk_inj_deg_count,unk_inj_per_count,driver_count_16yr,driver_count_17yr,driver_count_18yr,driver_count_19yr,driver_count_20yr,driver_count_50_64yr,driver_count_65_74yr,driver_count_75plus,unbelted_occ_count,unb_death_count,unb_maj_inj_count,belted_death_count,belted_maj_inj_count,mcycle_death_count,mcycle_maj_inj_count,bicycle_death_count,bicycle_maj_inj_count,ped_count,ped_death_count,ped_maj_inj_count,max_severity_level,comm_veh_count,dec_lat,dec_long,rdwy_surf_type_cd,county_name
65062,737034,2012095458,6,67,67301,2012,8,1,9999,99,1,1,0,5,1, , ,N,2,0,2,3,0,0,1,2,N,N,39 53:34.421,75 14:07.898,1625, ,1620, ,0, ,N, ,0, , , , , , , , , ,2,2,0,0,0,0,0,0,0,0,0,1,1,0,0,0,0,0,0,0,0,0,0,0,0,0,0,0,0,0,0,0,0,0,0,4,0,39.893,-75.2359, , 
65063,737047,2012103989,6,67,67301,2012,9,4,934,9,1,1,0,5,1, , ,N,0,0,7,3,0,0,2,2,N,N,39 57:10.828,75 08:59.519,940, ,936, ,0, ,N, ,0, , , , , , , , , ,2,2,0,0,0,0,0,0,0,0,0,0,0,0,0,0,0,0,0,0,0,0,0,0,0,0,0,0,0,0,0,0,0,0,0,0,0,39.953,-75.1499, , 
65064,737059,2012122359,6,67,67301,2012,11,5,2007,20,3,1,0,8,1, , ,N,1,2,0,3,0,1,1,2,N,N,40 03:54.737,75 10:31.167,2015, ,2007,9,1,1,N, ,3,N, , , , , , , , ,1,1,0,0,0,0,0,0,0,1,0,0,1,0,0,0,0,0,0,0,0,0,0,0,0,0,0,0,0,0,0,0,1,0,1,2,0,40.0652,-75.1753, , 
65065,737061,2012128201,6,67,67301,2012,11,2,1530,15,1,1,0,4,1, , ,N,1,3,0,3,0,0,2,2,N, ,39 58:40.814,75 09:49.600,9999, ,1600, ,0, , , ,2, , , , , , , , , ,2,2,0,0,0,0,0,0,0,0,0,0,0,0,0,0,0,0,0,1,0,1,0,0,0,0,0,0,0,0,0,0,0,0,0,0,0,39.978,-75.1638, , 
65066,737074,2013007258,6,67,67301,2012,12,5,9999,99,3,1,0,4,1, , ,N,5,2,0,3,0,1,2,2,N,N,40 00:09.273,75 05:59.019,1734, ,1732, ,0, ,N, ,3, , , , , , , , , ,2,1,0,0,1,0,0,0,0,0,0,1,1,0,0,0,0,0,0,0,0,0,0,0,0,0,0,0,0,0,0,0,0,0,0,4,0,40.0026,-75.0997, , 
65067,737093,2012126380,6,67,67301,2012,11,6,1310,13,1,1,0,2,1, , ,N,1,3,0,3,0,1,2,2,N,N,40 01:27.033,75 03:35.114,1317, ,1317, ,0, ,N, ,3, , , , , , , , , ,2,2,0,0,0,0,0,0,0,0,0,1,1,0,0,0,0,0,0,0,0,0,0,0,0,0,0,0,0,0,0,0,0,0,0,4,0,40.0242,-75.0598, , 
65068,737103,2013006899,6,67,67301,2012,12,3,834,8,2,1,0,8,6, , ,N,0,2,0,3,0,1,2,2,N, ,39 56:58.726,75 12:31.228,855, ,847, ,0, , , ,3, , , , , , , , , ,1,0,0,0,0,0,1,0,0,0,0,0,1,1,0,0,0,0,0,0,0,0,0,0,0,0,0,0,0,0,0,0,1,0,0,8,0,39.9496,-75.2087, , 
65069,742575,2013006850,6,67,67301,2012,12,5,117,1,3,1,0,8,1, , ,N,1,2,0,3,0,1,2,2,N,N,39 57:18.608,75 11:54.435,117, ,117,1,2,1,N, ,3,Y, , , , , , , , ,1,1,0,0,0,0,0,0,0,0,0,0,1,1,1,0,0,0,0,0,0,0,0,0,0,0,0,0,0,0,0,0,1,0,0,8,0,39.9552,-75.1983, , 
65070,742576,2013006890,6,67,67301,2012,12,6,1430,14,1,1,0,6,1, , ,N,2,0,0,3,0,1,2,2,N,N,40 01:50.847,75 06:43.088,1435, ,1430, ,0, ,N, ,0, , , , , , , , , ,2,0,1,1,0,0,0,0,0,0,0,0,1,1,1,0,0,0,0,0,0,0,0,0,0,0,0,0,0,0,0,0,0,0,0,8,1,40.0308,-75.112, , 
65071,742592,2012114359,6,67,67301,2012,10,1,2221,22,3,1,0,4,1, , ,N,1,1,0,3,0,2,2,2,N,N,40 01:34.998,75 07:01.744,2230, ,2221,2,2,1,N, ,3,Y, , , , , , , , ,2,1,0,0,0,0,1,0,0,0,2,0,2,0,0,0,0,0,0,0,1,0,0,0,0,0,0,0,0,0,0,0,0,0,0,3,0,40.0264,-75.1172, , 
65072,742593,2012114369,6,67,67301,2012,10,2,1300,13,1,1,0,4,2, , ,N,0,0,0,3,0,1,1,3,N,N,39 59:29.436,75 07:20.766,1300, ,1300, ,0, ,N, ,0, , , , , , , , , ,1,1,0,0,0,0,0,0,0,0,0,0,1,1,0,0,0,0,0,0,0,0,0,0,0,0,0,0,0,0,0,0,0,0,0,8,0,39.9915,-75.1224, , 
65073,742607,2013006882,6,67,67301,2012,12,1,2158,21,3,2,1,8,1, , ,N,1,2,0,3,0,1,2,2,N,N,40 02:00.178,75 07:52.165,349, ,348, ,0, ,N, ,3, , , , , , , , , ,1,1,0,0,0,0,0,0,0,0,0,1,1,0,1,0,0,0,0,0,0,0,0,0,0,0,0,0,0,0,0,0,1,0,0,4,0,40.0334,-75.1312, , 
65074,742615,2013004406,6,67,67301,2012,12,6,1508,15,1,2,1,4,1, , ,N,0,0,0,3,0,0,5,2,N,N,40 00:19.435,75 11:35.100,1515, ,1508,1,1,5,N, ,0,N, , , , , , , , ,2,2,0,0,0,0,0,0,0,0,0,0,0,0,0,0,0,0,0,0,1,0,0,0,0,0,0,0,0,0,0,0,0,0,0,0,0,40.0054,-75.1931, , 
65075,742625,2012122453,6,67,67301,2012,11,3,1430,14,1,1,0,4,1, , ,N,1,2,0,3,0,0,3,2,N,N,39 56:40.704,75 09:54.830,1517, ,1515, ,0, ,N, ,3, , , , , , , , , ,2,2,0,0,0,0,0,0,0,0,0,0,0,0,0,0,0,0,0,0,0,1,0,0,0,0,0,0,0,0,0,0,0,0,0,9,0,39.9447,-75.1652, , 
65076,742632,2012128031,6,67,67301,2012,12,2,1752,17,3,1,0,1,1, , ,N,0,0,0,3,0,1,2,2,N,N,39 57:02.307,75 10:59.163,1822, ,1806, ,0, ,N, ,0, , , , , , , , , ,2,2,0,0,0,0,0,0,0,0,0,1,1,0,0,0,0,0,0,0,0,0,0,0,0,0,0,0,0,0,0,0,0,0,0,4,0,39.9507,-75.1831, , 
65077,742645,2013004002,6,67,67301,2012,12,1,9999,99,4,1,0,6,1, , ,N,1,0,0,3,0,1,2,2,N,N,40 01:14.257,75 08:55.161,1630, ,1600, ,9, ,N, ,0, , , , , , , , , ,2,2,0,0,0,0,0,0,0,0,0,0,1,1,1,0,0,0,0,0,0,0,0,0,0,0,0,0,0,0,0,0,0,0,0,8,0,40.0206,-75.1487, , 
65078,742646,2013006759,6,67,67301,2012,11,3,1625,16,1,2,1,7,5, , ,N,0,0,0,3,0,1,2,1,N,N,40 01:20.315,75 11:55.748,1635, ,1630,2,1,2,N, ,0,N, , , , , , , , ,1,1,0,0,0,0,0,0,0,0,0,1,1,0,0,0,0,0,1,0,0,0,0,0,0,0,0,0,0,0,0,0,0,0,0,4,0,40.0223,-75.1988, , 
65079,742647,2013006808,6,67,67301,2012,12,1,1312,13,1,1,0,4,1, , ,N,1,2,0,3,0,2,3,2,N, ,39 58:47.528,75 08:34.317,1317, ,1313,1,1,4, , ,3,N, , , , , , , , ,2,1,0,0,1,0,0,0,0,0,0,2,2,0,0,0,0,0,0,0,0,0,0,0,0,0,0,0,0,0,0,0,0,0,0,4,0,39.9799,-75.1429, , 
65080,742654,2012111801,6,67,67301,2012,10,6,1046,10,1,1,0,1,1, , ,N,2,3,0,3,0,0,4,2,N,N,40 01:34.328,75 05:39.761,1050, ,1047,1,1,4,N, ,3,N, , , , , , , , ,2,0,0,0,1,0,1,0,0,0,0,0,0,0,0,0,0,0,0,0,0,0,0,0,0,0,0,0,0,0,0,0,0,0,0,0,0,40.0262,-75.0944, , 
65081,742668,2012128152,6,67,67301,2012,11,1,310,3,3,1,0,4,3, , ,N,0,0,0,3,0,0,1,1,N,N,39 53:37.863,75 14:10.001,318, ,318,2,1,4,N, ,0,N, , , , , , , , ,1,1,0,0,0,0,0,0,0,0,0,0,0,0,0,0,0,0,0,0,0,0,0,0,0,0,0,0,0,0,0,0,0,0,0,0,0,39.8939,-75.2361, , 
65082,742669,2012128165,6,67,67301,2012,11,6,1935,19,3,1,0,8,1, , ,N,1,2,0,3,0,1,2,2,N,N,39 57:29.865,75 09:50.891,2040, ,2035, ,0, ,N, ,3, , , , , , , , , ,1,1,0,0,0,0,0,0,0,0,0,0,1,1,0,0,0,0,0,0,0,0,0,0,0,0,0,0,0,0,0,0,1,0,0,8,0,39.9579,-75.1641, , 
65083,742670,2012128176,6,67,67301,2012,11,6,718,7,1,1,0,7,5, , ,N,0,0,0,3,0,1,2,1,N,N,40 04:41.803,75 12:28.859,755, ,745,3,1,6,N, ,0,Y, , , , , , , , ,1,1,0,0,0,0,0,0,0,0,0,1,1,0,0,0,0,0,0,0,0,0,0,0,0,0,0,0,0,0,0,0,0,0,0,4,0,40.0783,-75.208, , 
65084,742671,2012128248,6,67,67301,2012,11,4,2140,21,2,1,0,2,1, , ,N,0,0,0,3,0,2,2,2,N, ,40 04:19.527,75 14:21.850,2156, ,2148, ,0, , , ,0, , , , , , , , , ,2,2,0,0,0,0,0,0,0,0,0,0,2,2,0,0,0,0,0,0,0,0,0,0,0,0,0,0,0,0,0,0,0,0,0,8,0,40.0721,-75.2394, , 
65085,742680,2013003934,6,67,67301,2012,11,5,1020,10,1,1,0,8,1, , ,N,0,0,0,3,0,1,4,2,N,N,40 02:21.847,75 09:13.479,1022, ,1020, ,0, ,N, ,0, , , , , , , , , ,1,1,0,0,0,0,0,0,0,0,1,0,1,0,0,0,0,0,0,0,0,0,0,3,0,0,0,0,0,0,0,0,1,0,0,3,0,40.0394,-75.1537, , 
65086,742681,2013007293,6,67,67301,2012,12,5,755,7,1,1,0,5,1, , ,N,1,2,0,3,0,1,3,2,N,N,40 01:10.898,75 11:03.583,805, ,800, ,0, ,N, ,3, , , , , , , , , ,2,1,0,0,0,1,0,0,0,0,0,0,1,1,0,0,0,0,0,0,1,0,0,0,0,0,0,0,0,0,0,0,0,0,0,8,1,40.0197,-75.1843, , 
65087,740188,2013003772,6,67,67301,2012,12,6,650,6,1,1,0,5,1, , ,N,2,0,0,3,0,0,3,3,N, ,39 59:50.247,75 05:21.971,710, ,656, ,0, ,N, ,0, , , , , , , , , ,3,0,0,0,0,0,2,1,0,0,0,0,0,0,0,0,0,0,0,0,0,0,0,0,0,0,0,0,0,0,0,0,0,0,0,0,0,39.9973,-75.0894, , 
65088,740189,2013003978,6,67,67301,2012,10,6,1744,17,3,1,0,5,1, , ,N,1,2,0,3,0,1,2,2,N,N,40 02:06.009,75 10:25.403,1750, ,1744, ,0, ,N, ,3, , , , , , , , , ,2,1,0,0,0,0,1,0,0,0,0,0,1,1,0,0,0,0,0,0,0,0,0,0,0,0,0,0,0,0,0,0,0,0,0,8,0,40.035,-75.1737, , 
65089,740197,2012114885,6,67,67301,2012,10,7,4,0,3,1,0,2,1, , ,N,0,0,0,3,0,0,2,2,N,N,40 07:33.370,75 01:09.628,24, ,20,2,2,4,N, ,0,N, , , , , , , , ,2,2,0,0,0,0,0,0,0,0,0,0,0,0,0,0,0,0,0,0,0,0,0,0,0,0,0,0,0,0,0,0,0,0,0,0,0,40.1259,-75.0193, , 
65090,740215,2013003773,6,67,67301,2012,9,7,915,9,1,1,0,2,1, , ,N,1,2,0,3,0,1,2,2,N,N,39 57:12.878,75 08:23.942,920, ,918,3,2,2,N, ,3,Y, , , , , , , , ,1,0,0,0,0,1,0,0,0,0,1,0,1,0,0,0,0,0,0,0,0,0,0,0,0,0,0,0,0,0,0,0,1,0,0,3,0,39.9535,-75.1398, , 
65091,740217,2013012123,6,67,67301,2012,12,5,2010,20,3,1,0,8,1, , ,N,1,2,0,3,0,1,2,2,N,N,40 00:25.900,75 05:55.461,2016, ,2015, ,0, ,N, ,3, , , , , , , , , ,1,0,0,0,1,0,0,0,0,0,0,1,1,0,0,0,0,0,0,0,0,1,0,1,0,0,0,0,0,0,0,0,1,0,0,4,0,40.0072,-75.0987, , 
65092,740220,2012109937,6,67,67301,2012,9,7,457,4,3,1,0,4,1, , ,N,1,2,0,3,0,7,7,2,N,N,39 57:39.360,75 14:42.201,459, ,457,9,1,3,N, ,3,N, , , , , , , , ,2,1,0,0,0,0,1,0,0,0,0,6,6,0,1,0,0,0,0,0,0,0,0,6,0,0,0,0,0,0,0,0,0,0,0,4,0,39.9609,-75.245, , 
65093,740230,2012128206,6,67,67301,2012,11,3,745,7,1,1,0,1,1, , ,N,3,4,2,3,0,1,2,2,N,N,39 56:50.808,75 11:15.478,830, ,826, ,0, ,N, ,3, , , , , , , , , ,2,2,0,0,0,0,0,0,0,0,0,1,1,0,1,0,0,0,0,0,0,0,0,0,0,0,0,0,0,0,0,0,0,0,0,4,0,39.9474,-75.1876, , 
65094,740243,2012122387,6,67,67301,2012,11,4,9999,99,3,2,1,4,1, , ,N,1,2,0,3,0,1,2,2,N,N,40 02:35.350,75 02:41.899,2035, ,2031, ,0, ,N, ,3, , , , , , , , , ,2,2,0,0,0,0,0,0,0,0,0,0,1,1,0,0,0,0,0,0,2,0,0,0,0,0,0,0,0,0,0,0,0,0,0,8,0,40.0432,-75.045, , 
65095,740251,2012128212,6,67,67301,2012,11,6,1924,19,3,2,1,8,5, , ,N,1,2,0,3,0,1,2,2,N,N,39 58:26.859,75 12:15.536,1944, ,1942, ,0, ,N, ,3, , , , , , , , , ,1,0,0,0,0,0,0,1,0,0,0,1,1,0,0,0,0,0,0,0,0,0,0,0,0,0,0,0,0,0,0,0,1,0,0,4,0,39.9741,-75.2043, , 
65096,740268,2012125560,6,67,67301,2012,11,5,1050,10,1,1,0,4,1, , ,N,1,3,0,3,0,2,4,2,N,N,39 56:56.040,75 14:44.033,1103, ,1050, ,0, ,N, ,3, , , , , , , , , ,2,2,0,0,0,0,0,0,0,0,0,2,2,0,0,0,0,0,0,0,0,0,0,0,0,0,0,0,0,0,0,0,0,0,0,4,0,39.9489,-75.2456, , 
65097,740275,2013006691,6,67,67301,2012,12,4,912,9,1,1,0,1,1, , ,N,0,0,0,3,0,1,3,2,N,N,40 03:59.703,75 10:39.822,923, ,916, ,0, ,N, ,0, , , , , , , , , ,2,2,0,0,0,0,0,0,0,0,0,0,1,1,0,0,0,0,0,0,0,1,0,0,0,0,0,0,0,0,0,0,0,0,0,8,0,40.0666,-75.1777, , 
65098,740279,2013003858,6,67,67301,2012,12,2,2053,20,3,1,1,7,4, , ,N,2,2,0,3,0,1,2,1,N,N,39 58:49.522,75 11:52.178,2100, ,2055, ,0, ,N, ,3, , , , , , , , , ,1,1,0,0,0,0,0,0,0,0,0,1,1,0,0,0,0,0,0,0,0,0,0,0,0,0,0,0,0,0,0,0,0,0,0,4,0,39.9805,-75.1978, , 
65099,740281,2013006170,6,67,67301,2012,12,5,1615,16,3,1,0,1,1, , ,N,0,0,0,3,0,1,3,2,N, ,39 59:44.966,75 10:08.968,1650, ,1650, ,0, , , ,0, , , , , , , , , ,2,0,0,0,1,0,1,0,0,0,1,0,1,0,1,0,0,0,0,0,0,0,0,0,0,0,0,0,0,0,0,0,0,0,0,3,0,39.9958,-75.1692, , 
65100,740283,2013045683,6,67,67301,2012,11,3,1926,19,3,1,0,1,1, , ,N,0,0,0,3,0,1,3,2,N,N,39 54:42.376,75 08:55.831,1934, ,1928,1,1,2,N, ,0,Y, , , , , , , , ,2,1,0,0,0,0,0,0,0,0,1,0,1,0,1,0,0,0,0,0,0,0,0,0,0,0,0,0,0,0,0,0,0,0,0,3,0,39.9118,-75.1488, , 
65101,740297,2012117333,6,67,67301,2012,10,7,145,1,3,1,0,8,1, , ,N,1,2,0,3,0,1,2,1,N,N,39 57:00.500,75 10:14.300,150, ,149, ,0, ,N, ,3, , , , , , , , , ,1,1,0,0,0,0,0,0,0,0,0,1,1,0,0,0,0,0,0,0,1,0,0,0,0,0,0,0,0,0,0,0,1,0,0,4,0,39.9501,-75.1706, , 
65102,740314,2012117234,6,67,67301,2012,10,7,1158,11,1,1,0,4,1, , ,N,2,3,0,3,0,0,2,2,N,N,40 03:26.064,75 12:28.504,1315, ,1257, ,0, , , ,3, , , , , , , , , ,2,1,0,0,0,0,1,0,0,0,0,0,0,0,0,0,0,0,0,0,0,0,0,0,0,0,0,0,0,0,0,0,0,0,0,0,0,40.0572,-75.2079, , 
65103,740323,2012120080,6,67,67301,2012,10,4,223,2,3,1,1,2,2, , ,N,0,0,0,3,0,1,1,3,N,N,40 03:21.333,75 05:31.552,305, ,253, ,0, ,N, ,0, , , , , , , , , ,3,1,0,0,0,0,1,1,0,0,0,0,1,1,0,0,0,0,0,0,0,0,0,0,0,0,0,0,0,0,0,0,0,0,0,8,0,40.0559,-75.0921, , 
65104,740355,2012120054,6,67,67301,2012,11,2,1220,12,1,1,0,4,1, , ,N,1,2,0,3,0,1,3,3,N,N,39 59:46.444,75 10:20.389,1223, ,1221, ,0, ,N, ,3, , , , , , , , , ,3,2,0,0,1,0,0,0,0,0,0,1,1,0,0,0,0,0,0,1,0,0,0,0,0,0,0,0,0,0,0,0,0,0,0,4,0,39.9962,-75.1723, , 
65105,734541,2012122392,6,67,67301,2012,11,6,1625,16,1,1,0,4,1, , ,N,1,3,0,3,0,1,2,2,N, ,40 00:17.398,75 09:56.005,1632, ,1629,1,2,1, , ,3,Y, , , , , , , , ,2,0,0,0,0,0,2,0,0,0,0,1,1,0,0,0,0,0,0,0,0,0,1,0,0,0,0,0,0,0,0,0,0,0,0,4,0,40.0048,-75.1656, , 
65106,734554,2013003703,6,67,67301,2012,12,5,1745,17,3,1,0,2,1, , ,N,1,0,0,3,0,0,4,2,N,N,40 06:18.581,75 01:58.245,1807, ,1805, ,0, ,N, ,0, , , , , , , , , ,2,2,0,0,0,0,0,0,0,0,0,0,0,0,0,0,0,0,0,0,1,0,0,0,0,0,0,0,0,0,0,0,0,0,0,0,0,40.1052,-75.0328, , 
65107,734561,2012104217,6,67,67301,2012,9,3,1730,17,1,1,0,8,1, , ,N,0,0,0,3,0,1,3,2,N,N,39 59:33.770,75 10:05.617,1730, ,1730, ,0, ,N, ,0, , , , , , , , , ,1,1,0,0,0,0,0,0,0,0,0,0,1,1,0,0,0,0,0,0,0,0,0,0,0,0,0,0,0,0,0,0,1,0,0,8,0,39.9927,-75.1682, , 
65108,734566,2012109676,6,67,67301,2012,9,3,1030,10,1,1,0,4,1, , ,N,0,0,0,3,0,1,1,2,N,N,39 57:04.642,75 10:02.505,1040, ,1034, ,0, ,N, ,0, , , , , , , , , ,1,1,0,0,0,0,0,0,1,0,0,0,1,1,0,0,0,0,0,0,0,0,0,0,0,0,0,0,0,0,0,0,1,0,0,8,0,39.9513,-75.1674, , 
65109,734592,2012109776,6,67,67301,2012,10,3,1320,13,1,1,0,5,6, , ,N,0,0,0,3,0,1,4,2,N,N,39 58:49.490,75 13:18.002,1340, ,1335, ,0, ,N, ,0, , , , , , , , , ,2,0,0,0,0,0,1,1,0,0,0,0,1,1,0,0,0,0,0,0,1,0,0,0,0,0,0,0,0,0,0,0,0,0,0,8,0,39.9804,-75.2217, , 
65110,734599,2012117226,6,67,67301,2012,10,2,1000,10,1,1,0,4,1, , ,N,0,3,7,3,0,0,2,2,N, ,40 04:06.894,75 00:22.391,1010, ,1005, ,0, , , ,3, , , , , , , , , ,2,2,0,0,0,0,0,0,0,0,0,0,0,0,1,0,0,0,0,0,0,0,1,0,0,0,0,0,0,0,0,0,0,0,0,9,0,40.0686,-75.0062, , 
65111,734602,2012120427,6,67,67301,2012,11,5,1125,11,1,1,0,4,1, , ,N,1,2,0,3,0,1,2,2,N,N,39 56:43.175,75 14:30.351,1150, ,1130, ,0, ,N, ,3, , , , , , , , , ,2,1,0,0,0,1,0,0,0,0,0,0,0,0,1,0,0,0,0,0,0,1,0,0,0,0,0,0,0,0,0,0,0,0,0,9,1,39.9453,-75.2418, , 
65112,734611,2013003961,6,67,67301,2012,12,7,1410,14,1,1,0,2,1, , ,N,1,2,0,3,0,1,2,2,N, ,39 55:02.334,75 10:28.574,1418, ,1415,1,2,3, , ,3,Y, , , , , , , , ,2,1,0,0,0,0,0,1,0,0,0,0,1,1,0,0,0,0,0,0,0,0,1,2,0,0,0,0,0,0,0,0,0,0,0,8,0,39.9173,-75.1746, , 
65113,734615,2012117362,6,67,67301,2012,10,5,838,8,1,1,0,2,1, , ,N,0,0,0,3,0,1,2,1,N, ,39 56:13.902,75 10:43.820,848, ,843, ,0, , , ,0, , , , , , , , , ,1,1,0,0,0,0,0,0,0,0,0,0,1,1,0,0,0,0,0,0,1,0,0,0,0,0,0,0,0,0,0,0,1,0,0,8,0,39.9372,-75.1788, , 
65114,734622,2012125539,6,67,67301,2012,11,4,1235,12,1,1,0,5,4, , ,N,0,0,0,3,0,1,2,2,N, ,39 55:18.509,75 10:12.620,1250, ,1240, ,0, , , ,0, , , , , , , , , ,2,1,0,0,0,0,1,0,0,0,0,1,1,0,0,0,0,0,0,0,0,0,0,1,0,0,0,0,0,0,0,0,0,0,0,4,0,39.9218,-75.1702, , 
65115,734626,2013003739,6,67,67301,2012,12,1,1210,12,1,2,1,4,1, , ,N,1,3,0,3,0,1,2,2,N,N,40 03:18.136,75 08:05.204,1215, ,1212, ,0, ,N, ,3, , , , , , , , , ,2,2,0,0,0,0,0,0,0,0,0,0,1,1,0,0,0,0,0,0,0,1,0,0,0,0,0,0,0,0,0,0,0,0,0,8,0,40.055,-75.1348, , 
65116,734635,2012117303,6,67,67301,2012,10,1,238,2,3,1,0,8,1, , ,N,1,2,0,3,1,0,2,2,N,N,39 57:34.106,75 13:59.495,249, ,241,4,2,3, ,0,3,Y, , , , , , , , ,1,1,0,0,0,0,0,0,0,0,0,0,0,0,0,0,0,0,0,0,0,0,0,0,0,0,0,0,0,0,0,0,1,1,0,1,0,39.9595,-75.2332,2, 
65117,734648,2013002856,6,67,67301,2012,11,2,632,6,5,1,0,7,1, , ,N,0,0,0,3,0,0,2,2,N,N,39 58:20.708,75 11:36.670,640, ,635, ,0, ,N, ,0, , , , , , , , , ,2,1,0,0,0,1,0,0,0,0,0,0,0,0,0,0,0,0,0,0,0,0,0,0,0,0,0,0,0,0,0,0,0,0,0,0,1,39.9724,-75.1935, , 
65118,734650,2013003972,6,67,67301,2012,12,6,1157,11,8,2,1,1,1, , ,N,2,2,0,3,0,1,3,3,N,N,40 05:36.346,75 01:52.568,1158, ,1158, ,0, ,N, ,3, , , , , , , , , ,2,2,0,0,0,0,0,0,0,0,0,0,1,1,0,0,0,0,0,0,0,0,0,0,0,0,0,0,0,0,0,0,1,0,0,8,0,40.0934,-75.0313, , 
65119,734654,2013006080,6,67,67301,2012,12,7,435,4,3,1,0,4,1, , ,N,0,0,0,3,0,1,2,2,N,N,40 02:23.540,75 04:41.770,500, ,452, ,0, ,N, ,0, , , , , , , , , ,2,1,0,0,0,0,0,0,0,0,0,1,1,0,0,0,0,0,0,0,0,0,0,0,0,0,0,0,0,0,0,0,0,0,0,4,0,40.0398,-75.0781, , 
65120,734655,2013006788,6,67,67301,2012,12,6,1746,17,3,1,0,4,1, , ,N,0,0,0,3,0,0,2,2,N,N,39 54:14.590,75 13:34.046,1822, ,1822,3,1,1,N, ,0,N, , , , , , , , ,2,1,0,0,0,0,0,1,0,0,0,0,0,0,0,0,0,0,0,0,0,0,0,0,0,0,0,0,0,0,0,0,0,0,0,0,0,39.9041,-75.2261, , 
65121,734659,2012104134,6,67,67301,2012,9,4,2206,22,3,1,0,1,1, , ,N,0,2,0,3,0,0,3,2,N,N,39 57:17.157,75 09:10.038,2208, ,2206, ,0, ,N, ,3, , , , , , , , , ,2,2,0,0,0,0,0,0,0,0,0,0,0,0,0,0,0,0,0,0,0,0,0,0,0,0,0,0,0,0,0,0,0,0,0,0,0,39.9548,-75.1528, , 
65122,734680,2013021023,6,67,67301,2012,10,7,1200,12,1,1,0,1,1, , ,N,0,0,0,3,0,1,3,2, , ,39 58:58.139,75 07:06.952,0, ,0, ,0, , , ,0, , , , , , , , , ,2,2,0,0,0,0,0,0,0,0,0,0,1,1,2,0,0,0,0,0,0,0,0,0,0,0,0,0,0,0,0,0,0,0,0,8,0,39.9828,-75.1186, , 
65123,734707,2013004001,6,67,67301,2012,12,1,1734,17,3,1,0,7,5, , ,N,2,3,0,3,0,1,1,1,N,N,39 56:54.582,75 13:23.692,1737, ,1735, ,0, ,N, ,3, , , , , , , , , ,1,1,0,0,0,0,0,0,0,0,0,0,1,1,0,0,0,0,0,0,0,0,0,0,0,0,0,0,0,0,0,0,0,0,0,8,0,39.9485,-75.2232, , 
65124,737105,2013015611,6,67,67301,2012,7,6,1815,18,1,1,0,1,1, , ,N,0,0,0,3,0,1,6,4,N,N,39 55:30.854,75 11:36.230,1825, ,1821, ,0, ,N, ,0, , , , , , , , , ,4,3,0,0,0,0,1,0,0,0,0,1,1,0,0,0,0,0,0,0,1,0,0,0,0,0,0,0,0,0,0,0,0,0,0,4,0,39.9252,-75.1934, , 
65125,737125,2012109084,6,67,67301,2012,10,1,1942,19,3,2,1,7,2, , ,N,6,0,2,3,0,6,13,1,N,N,39 56:26.520,75 08:36.704,1952, ,1948, ,0, ,N, ,0, , , , , , , , , ,1,0,0,0,0,0,0,1,0,0,1,5,6,0,0,0,0,0,0,0,0,0,0,2,0,0,0,0,0,0,0,0,0,0,0,3,0,39.9407,-75.1435, , 
65126,737132,2012117319,6,67,67301,2012,10,7,2055,20,3,1,0,4,1, , ,N,1,2,0,3,0,1,3,2,N, ,39 57:22.551,75 09:46.043,2310, ,2306, ,0, , , ,3, , , , , , , , , ,2,1,0,0,0,0,1,0,0,0,0,0,1,1,0,0,0,0,0,0,1,0,0,0,0,0,0,0,0,0,0,0,0,0,0,8,0,39.9562,-75.1627, , 
65127,737156,2013006095,6,67,67301,2012,12,1,112,1,3,1,0,6,1, , ,N,0,0,0,3,0,0,1,3,N,N,40 02:10.989,75 12:45.770,114, ,112, ,0, ,N, ,0, , , , , , , , , ,3,2,0,0,0,0,1,0,0,0,0,0,0,0,0,0,0,0,0,0,0,0,0,0,0,0,0,0,0,0,0,0,0,0,0,0,0,40.0364,-75.2127, , 
65128,737157,2013012011,6,67,67301,2012,12,5,1951,19,3,1,0,4,1, , ,N,0,0,7,3,0,2,2,2,N,N,40 01:41.681,75 12:18.924,2004, ,2000,1,1,1,N, ,0,Y, , , , , , , , ,2,2,0,0,0,0,0,0,0,0,0,2,2,0,0,0,1,0,0,0,1,0,0,0,0,0,0,0,0,0,0,0,0,0,0,4,0,40.0282,-75.2053, , 