objectid_1,objectid,crn,district,county,municipality,crash_year,crash_month,day_of_week,time_of_day,hour_of_day,illumination,weather,road_condition,collision_type,relation_to_road,work_zone_type,work_zone_loc,work_zone_ind,intersect_type,tcd_type,location_type,urban_rural,fatal_count,injury_count,person_count,total_units,sch_bus_ind,sch_zone_ind,latitude,longitude,arrival_tm,cons_zone_spd_lim,dispatch_tm,est_hrs_closed,lane_closed,ln_close_dir,ntfy_hiwy_maint,spec_juris_cd,tcd_func_cd,tfc_detour_ind,workers_pres,wz_close_detour,wz_flagger,wz_law_offcr_ind,wz_ln_closure,wz_moving,wz_other,wz_shlder_mdn,vehicle_count,automobile_count,motorcycle_count,bus_count,small_truck_count,heavy_truck_count,suv_count,van_count,bicycle_count,maj_inj_count,mod_inj_count,min_inj_count,tot_inj_count,unk_inj_deg_count,unk_inj_per_count,driver_count_16yr,driver_count_17yr,driver_count_18yr,driver_count_19yr,driver_count_20yr,driver_count_50_64yr,driver_count_65_74yr,driver_count_75plus,unbelted_occ_count,unb_death_count,unb_maj_inj_count,belted_death_count,belted_maj_inj_count,mcycle_death_count,mcycle_maj_inj_count,bicycle_death_count,bicycle_maj_inj_count,ped_count,ped_death_count,ped_maj_inj_count,max_severity_level,comm_veh_count,dec_lat,dec_long,rdwy_surf_type_cd,county_name
65264,726560,2012066676,6,67,67301,2012,6,4,1455,14,1,1,0,8,6, , ,N,0,0,0,3,0,1,4,2,N,N,40 03:10.404,75 07:24.301,1753, ,1751, ,0, ,N, ,0, , , , , , , , , ,1,1,0,0,0,0,0,0,0,0,0,1,1,0,0,0,0,0,0,0,0,0,0,0,0,0,0,0,0,0,0,0,1,0,0,4,0,40.0529,-75.1234, , 
65265,726582,2012111701,6,67,67301,2012,9,5,9999,99,3,2,1,1,1, , ,N,1,2,0,3,0,3,3,2,N, ,39 58:04.242,75 13:41.404,1159, ,1154,9,2,7, , ,3,Y, , , , , , , , ,2,1,0,0,0,0,0,1,0,0,0,0,3,3,0,0,0,0,0,0,0,0,0,0,0,0,0,0,0,0,0,0,0,0,0,8,0,39.9678,-75.2282, , 
65266,726584,2012112347,6,67,67301,2012,11,7,1457,14,1,1,0,1,1, , ,N,0,0,0,3,0,2,6,3,N,N,39 56:33.521,75 11:36.020,1520, ,1506,1,2,4,N, ,0,N, , , , , , , , ,3,2,0,0,0,0,1,0,0,0,0,0,2,2,0,0,0,0,0,0,0,0,0,0,0,0,0,0,0,0,0,0,0,0,0,8,0,39.9417,-75.1943, , 
65267,726591,2012060701,6,67,67301,2012,5,6,529,5,3,1,0,1,1, , ,N,2,2,0,3,0,1,2,2,N,N,40 02:24.861,75 03:30.268,529, ,529,1,1,1,N, ,3,N, , , , , , , , ,2,2,0,0,0,0,0,0,0,0,0,1,1,0,0,0,0,0,0,0,2,0,0,0,0,0,0,0,0,0,0,0,0,0,0,4,0,40.0402,-75.0584, , 
65268,726627,2012109857,6,67,67301,2012,10,6,806,8,3,1,0,2,1, , ,N,1,2,0,3,0,1,2,2,N,N,40 00:31.034,75 04:07.810,2006, ,2006, ,0, ,N, ,3, , , , , , , , , ,2,1,1,0,0,0,0,0,0,0,0,1,1,0,0,0,0,0,0,1,0,0,0,0,0,0,0,0,0,0,0,0,0,0,0,4,0,40.0086,-75.0688, , 
65269,726644,2013006079,6,67,67301,2012,12,2,831,8,1,1,0,5,1, , ,N,1,2,0,3,0,1,2,2,N,N,40 01:28.097,75 08:52.131,831, ,831, ,0, ,N, ,3, , , , , , , , , ,2,2,0,0,0,0,0,0,0,0,0,0,1,1,0,0,0,0,0,0,1,0,0,0,0,0,0,0,0,0,0,0,0,0,0,8,0,40.0245,-75.1478, , 
65270,729310,2012119833,6,67,67301,2012,11,7,150,1,3,1,0,7,2, , ,N,7,0,2,3,0,0,1,1,N,N,39 57:41.763,75 10:57.486,158, ,155,1,2,4,N, ,0,N, , , , , , , , ,1,1,0,0,0,0,0,0,0,0,0,0,0,0,0,0,0,0,0,0,0,0,0,0,0,0,0,0,0,0,0,0,0,0,0,0,0,39.9614,-75.1825, , 
65271,729316,2012126382,6,67,67301,2012,11,6,1220,12,1,1,0,1,1, , ,N,1,2,0,3,0,2,3,2,N,N,40 02:29.839,75 03:51.611,1237, ,1235, ,0, ,N, ,2, , , , , , , , , ,2,2,0,0,0,0,0,0,0,0,0,2,2,0,1,0,0,0,0,0,1,0,0,0,0,0,0,0,0,0,0,0,0,0,0,4,0,40.0416,-75.0643, , 
65272,729327,2013031709,6,67,67301,2012,11,4,1000,10,1,1,0,1,1, , ,N,0,0,0,3,0,1,2,2,N,N,39 56:44.739,75 11:24.294,1009, ,1003, ,0, ,N, ,0, , , , , , , , , ,2,2,0,0,0,0,0,0,0,0,0,1,1,0,0,0,0,0,0,0,1,0,0,0,0,0,0,0,0,0,0,0,0,0,0,4,0,39.9458,-75.1901, , 
65273,729329,2012125537,6,67,67301,2012,11,3,1805,18,3,1,0,8,1, , ,N,1,2,0,3,0,1,1,2,N,N,39 56:47.580,75 10:23.051,1815, ,1809, ,0, ,N, ,3, , , , , , , , , ,1,0,0,0,0,0,1,0,0,0,0,1,1,0,0,0,0,0,0,0,0,0,0,0,0,0,0,0,0,0,0,0,1,0,0,4,0,39.9466,-75.1731, , 
65274,729341,2013006811,6,67,67301,2012,12,2,230,2,3,2,1,7,5, , ,N,2,2,0,3,0,1,1,1,N,N,40 07:06.945,75 00:25.153,248, ,240, ,0, , , ,3, , , , , , , , , ,1,1,0,0,0,0,0,0,0,0,0,1,1,0,0,0,0,0,0,0,0,0,0,1,0,0,0,0,0,0,0,0,0,0,0,4,0,40.1186,-75.007, , 
65275,729347,2012114400,6,67,67301,2012,9,1,315,3,3,1,0,7,5, , ,N,1,2,0,3,0,6,6,1,N,N,39 58:18.644,75 14:41.701,321, ,318, ,0, ,N, ,3, , , , , , , , , ,1,1,0,0,0,0,0,0,0,2,1,1,4,0,0,0,0,0,0,0,0,0,0,4,0,1,0,0,0,0,0,0,0,0,0,2,0,39.9719,-75.2448, , 
65276,729385,2013006914,6,67,67301,2012,12,3,1228,12,1,1,0,1,6, , ,N,0,0,0,3,0,1,1,2,N,N,40 00:22.543,75 08:13.455,1230, ,1229,9,1,7,N, ,0,N, , , , , , , , ,2,2,0,0,0,0,0,0,0,0,0,0,1,1,0,0,0,0,0,0,1,0,0,1,0,0,0,0,0,0,0,0,0,0,0,8,0,40.0063,-75.1371, , 
65277,729387,2013012020,6,67,67301,2012,12,2,1700,17,3,1,0,5,1, , ,N,1,3,0,3,0,2,2,2,N,N,40 00:04.734,75 08:17.437,1707, ,1705, ,0, ,N, ,3, , , , , , , , , ,2,1,0,0,0,0,1,0,0,0,0,1,2,1,0,0,0,0,1,0,0,0,0,0,0,0,0,0,0,0,0,0,0,0,0,4,0,40.0013,-75.1382, , 
65278,729406,2012121683,6,67,67301,2012,11,5,920,9,1,1,0,1,1, , ,N,0,0,0,3,0,2,2,2,N,N,39 57:52.237,75 08:15.717,932, ,926, ,0, ,N, ,0, , , , , , , , , ,2,1,0,0,1,0,0,0,0,0,0,2,2,0,0,0,0,0,0,0,1,0,0,0,0,0,0,0,0,0,0,0,0,0,0,4,0,39.9644,-75.1378, , 
65279,729423,2013003158,6,67,67301,2012,12,2,2220,22,3,1,0,8,1, , ,N,0,2,0,3,1,0,2,2,N,N,39 56:41.590,75 12:55.891,2230, ,2223, ,0, ,N,0,3, , , , , , , , , ,1,0,0,0,0,0,1,0,0,0,0,0,0,0,0,0,0,0,0,0,0,0,0,0,0,0,0,0,0,0,0,0,1,1,0,1,0,39.9449,-75.2155,2, 
65280,729424,2013003974,6,67,67301,2012,11,5,1610,16,1,1,0,4,1, , ,N,2,3,0,3,0,2,3,2,N,N,40 00:46.291,75 04:18.659,1643, ,1640,1,1,2,N, ,3,N, , , , , , , , ,2,1,0,1,0,0,0,0,0,0,0,3,3,0,0,0,0,0,0,0,0,0,0,0,0,0,0,0,0,0,0,0,0,0,0,4,1,40.0129,-75.0718, , 
65281,729444,2012122452,6,67,67301,2012,11,3,1050,10,1,1,0,4,1, , ,N,2,2,0,3,0,1,2,2,N,N,39 53:43.550,75 14:00.600,1140, ,1051, ,0, ,N, ,3, , , , , , , , , ,2,0,1,0,0,0,1,0,0,0,0,1,1,0,0,0,0,0,0,0,0,0,0,0,0,0,0,0,0,0,0,0,0,0,0,4,0,39.8954,-75.2335, , 
65282,729463,2012122459,6,67,67301,2012,11,7,1848,18,3,1,0,2,1, , ,N,1,2,0,3,0,2,2,2,N, ,40 02:12.109,75 09:30.211,1858, ,1855, ,0, , , ,3, , , , , , , , , ,2,2,0,0,0,0,0,0,0,0,1,0,2,1,0,0,0,0,0,0,0,0,0,0,0,0,0,0,0,0,0,0,0,0,0,3,0,40.0367,-75.1584, , 
65283,729466,2012125376,6,46,46102,2012,12,4,730,7,1,1,0,4,1, , ,N,1,2,0,3,0,0,2,2,N,N,40 04:30.988,75 09:37.550,750, ,732,2,1,3,N, ,3,N, , , , , , , , ,2,1,0,0,0,0,1,0,0,0,0,0,0,0,0,0,0,0,0,0,0,0,0,0,0,0,0,0,0,0,0,0,0,0,0,0,0,40.0753,-75.1604, , 
65284,729467,2012125671,6,67,67301,2012,12,1,2220,22,3,2,1,1,1, , ,N,0,0,0,3,0,1,2,2,N,N,39 58:51.883,75 06:10.341,2319, ,2233, ,0, ,N, ,0, , , , , , , , , ,2,1,0,0,0,0,1,0,0,0,0,1,1,0,0,0,0,0,0,0,2,0,0,0,0,0,0,0,0,0,0,0,0,0,0,4,0,39.981,-75.103, , 
65285,729472,2012129552,6,67,67301,2012,12,6,1700,17,3,1,0,4,1, , ,N,0,0,3,3,0,0,2,2,N,N,39 54:31.924,75 09:02.670,1703, ,1701, ,0, ,N, ,0, , , , , , , , , ,2,2,0,0,0,0,0,0,0,0,0,0,0,0,0,0,1,0,0,0,1,0,0,0,0,0,0,0,0,0,0,0,0,0,0,0,0,39.9089,-75.1507, , 
65286,729491,2013006726,6,67,67301,2012,12,6,343,3,3,2,1,6,1, , ,N,1,2,0,3,0,1,2,2,N,N,40 04:02.966,75 10:45.507,410, ,355,2,2,5,N, ,3,Y, , , , , , , , ,2,1,0,0,0,0,1,0,0,0,1,0,1,0,0,0,0,0,0,0,2,0,0,0,0,0,0,0,0,0,0,0,0,0,0,3,0,40.0675,-75.1793, , 
65287,729501,2013021039,6,67,67301,2012,11,2,930,9,1,1,0,1,1, , ,N,0,0,0,3,0,1,2,2,N,N,39 59:07.286,75 11:16.015,0, ,0, ,0, ,N, ,0, , , , , , , , , ,2,1,0,0,1,0,0,0,0,0,0,1,1,0,0,0,0,0,0,0,1,0,0,0,0,0,0,0,0,0,0,0,0,0,0,4,0,39.9854,-75.1878, , 
65288,720535,2012060700,6,67,67301,2012,5,2,2235,22,3,1,0,4,1, , ,N,1,2,0,3,0,1,4,2,N,N,40 02:39.450,75 03:14.767,2242, ,2235,1,1,1,N, ,3,N, , , , , , , , ,2,2,0,0,0,0,0,0,0,0,0,0,1,1,0,0,1,0,0,0,0,0,0,0,0,0,0,0,0,0,0,0,0,0,0,8,0,40.0443,-75.0541, , 
65289,720536,2012060749,6,67,67301,2012,5,6,1239,12,1,1,0,4,1, , ,N,2,0,0,3,0,1,4,2,N,N,40 02:21.845,75 01:38.291,1310, ,1310, ,0, ,N, ,0, , , , , , , , , ,2,2,0,0,0,0,0,0,0,0,0,0,1,1,0,0,0,0,0,0,1,0,0,0,0,0,0,0,0,0,0,0,0,0,0,8,0,40.0394,-75.0273, , 
65290,720537,2012061690,6,67,67301,2012,5,5,1000,10,1,1,0,8,1, , ,N,1,3,0,3,0,2,3,3,N, ,39 56:55.680,75 12:45.291,9999, ,1557, ,0, , , ,3, , , , , , , , , ,1,0,0,0,0,0,0,0,0,2,0,0,2,0,0,0,0,0,0,0,0,0,0,0,0,0,0,0,0,0,0,0,2,0,2,2,0,39.9488,-75.2126, , 
65291,720545,2012098316,6,67,67301,2012,8,7,400,4,3,1,0,2,6, , ,N,0,2,0,3,0,0,2,2,N,N,39 58:26.426,75 13:12.161,425, ,416, ,0, , , ,3, , , , , , , , , ,2,1,0,0,0,1,0,0,0,0,0,0,0,0,1,0,0,0,0,0,0,0,0,0,0,0,0,0,0,0,0,0,0,0,0,9,0,39.974,-75.22, , 
65292,720559,2012109695,6,67,67301,2012,9,7,2116,21,3,1,0,4,1, , ,N,2,3,0,3,0,1,3,2,N,N,39 57:58.302,75 13:29.259,2205, ,2203,2,1,4,N, ,3,N, , , , , , , , ,2,1,0,0,0,0,1,0,0,0,0,1,1,0,0,0,0,0,0,0,0,0,0,0,0,0,0,0,0,0,0,0,0,0,0,4,0,39.9662,-75.2248, , 
65293,720562,2012111612,6,67,67301,2012,10,2,1121,11,1,2,1,4,1, , ,N,1,3,0,3,0,1,2,2,N,N,40 02:56.557,75 05:40.778,1125, ,1124, ,0, ,N, ,3, , , , , , , , , ,2,1,0,0,0,0,0,1,0,0,0,0,1,1,0,0,0,0,0,0,0,0,0,0,0,0,0,0,0,0,0,0,0,0,0,8,0,40.049,-75.0947, , 
65294,720615,2012080027,6,67,67301,2012,6,7,817,8,1,1,0,1,1, , ,N,1,2,0,3,0,1,4,2,N,N,40 01:41.136,75 06:35.611,840, ,840,1,1,2,N, ,3,N, , , , , , , , ,2,1,0,0,0,0,0,1,0,0,0,1,1,0,0,0,0,0,0,0,0,0,0,0,0,0,0,0,0,0,0,0,0,0,0,4,0,40.028,-75.1101, , 
65295,720636,2012067094,6,67,67301,2012,5,6,1319,13,1,1,0,1,1, , ,N,6,0,2,3,0,4,5,2,N,N,40 01:06.762,75 10:01.463,1320, ,1320,1,2,4,N, ,0,N, , , , , , , , ,2,1,0,0,0,0,0,1,0,0,0,4,4,0,0,0,0,0,0,0,1,0,0,0,0,0,0,0,0,0,0,0,0,0,0,4,0,40.0185,-75.1671, , 
65296,720640,2012071919,6,67,67301,2012,7,7,809,8,1,2,1,1,1, , ,N,0,0,0,3,0,1,5,4,N,N,39 58:36.111,75 06:50.762,820, ,813,1,1,2,N, ,0,N, , , , , , , , ,3,3,0,0,0,0,0,0,0,0,1,0,1,0,0,0,0,0,0,0,0,0,0,0,0,0,0,0,0,0,0,0,0,0,0,3,0,39.9767,-75.1141, , 
65297,720665,2012089568,6,67,67301,2012,8,2,2139,21,3,1,0,5,1, , ,N,0,0,0,3,0,1,2,2,N,N,39 57:53.209,75 08:16.797,2140, ,2139, ,0, ,N, ,0, , , , , , , , , ,2,2,0,0,0,0,0,0,0,0,1,0,1,0,0,0,0,0,0,0,1,0,0,0,0,0,0,0,0,0,0,0,0,0,0,3,0,39.9648,-75.138, , 
65298,720673,2012095594,6,67,67301,2012,8,6,2035,20,3,1,0,4,1, , ,N,2,2,0,3,0,0,3,2,N,N,40 06:30.571,75 02:28.165,2042, ,2038, ,0, ,N, ,3, , , , , , , , , ,2,2,0,0,0,0,0,0,0,0,0,0,0,0,0,0,0,1,0,0,0,0,0,0,0,0,0,0,0,0,0,0,0,0,0,0,0,40.1085,-75.0412, , 
65299,720675,2012063972,6,67,67301,2012,5,5,308,3,3,1,0,1,1, , ,N,1,2,0,3,0,1,3,2,N,N,39 59:29.818,75 08:10.215,317, ,309,1,1,4,N, ,3,N, , , , , , , , ,2,2,0,0,0,0,0,0,0,0,0,1,1,0,0,0,0,0,0,0,1,0,0,0,0,0,0,0,0,0,0,0,0,0,0,4,0,39.9915,-75.1361, , 
65300,720681,2012070298,6,67,67301,2012,7,3,1331,13,1,1,0,7,2, , ,N,0,0,0,3,0,0,1,1,N,N,39 57:26.680,75 09:32.656,1340, ,1335, ,0, ,N, ,0, , , , , , , , , ,1,1,0,0,0,0,0,0,0,0,0,0,0,0,0,0,0,0,0,1,0,0,0,0,0,0,0,0,0,0,0,0,0,0,0,0,0,39.9574,-75.1591, , 
65301,720687,2012078584,6,67,67301,2012,7,5,820,8,1,1,0,8,1, , ,N,5,2,2,3,0,1,3,2,N,N,39 56:59.777,75 08:36.986,831, ,829, ,0, ,N, ,3, , , , , , , , , ,1,1,0,0,0,0,0,0,0,0,0,1,1,0,0,0,0,0,0,0,0,0,0,0,0,0,0,0,0,0,0,0,1,0,0,4,0,39.9499,-75.1436, , 
65302,720695,2012085741,6,67,67301,2012,7,6,1015,10,3,8,8,4,1, , ,N,1,3,0,3,0,0,2,2,N,N,39 58:17.607,75 09:36.821,1015, ,1015, ,0, ,N, ,3, , , , , , , , , ,1,0,0,0,0,0,1,0,0,0,0,0,0,0,0,0,0,0,0,0,0,0,0,0,0,0,0,0,0,0,0,0,0,0,0,0,0,39.9716,-75.1602, , 
65303,720708,2012095542,6,67,67301,2012,8,3,1330,13,1,1,0,8,1, , ,N,2,2,0,3,0,1,2,2,N,N,39 56:58.996,75 11:58.539,1340, ,1330, ,0, ,N, ,3, , , , , , , , , ,1,1,0,0,0,0,0,0,0,0,0,1,1,0,0,0,0,0,0,0,0,0,1,0,0,0,0,0,0,0,0,0,1,0,0,4,1,39.9497,-75.1996, , 
65304,720709,2012095611,6,67,67301,2012,8,5,1526,15,1,1,0,1,1, , ,N,1,2,0,3,0,0,2,2,N,N,40 06:23.913,74 59:56.313,1527, ,1526, ,0, ,N, ,3, , , , , , , , , ,2,1,0,1,0,0,0,0,0,0,0,0,0,0,0,0,0,0,0,0,0,0,0,0,0,0,0,0,0,0,0,0,0,0,0,0,0,40.1066,-74.999, , 
65305,720710,2012096031,6,46,46104,2012,8,7,609,6,5,1,0,4,1, , ,N,1,2,0,3,0,1,2,2,N,N,40 00:14.091,75 13:14.544,625, ,614, ,0, ,N, ,3, , , , , , , , , ,2,1,0,0,0,0,1,0,0,0,0,0,1,1,0,0,0,0,0,1,1,0,0,0,0,0,0,0,0,0,0,0,0,0,0,8,0,40.0039,-75.2207, , 
65306,723555,2012111917,6,67,67301,2012,10,1,211,2,3,1,0,7,2, , ,N,0,0,0,3,0,0,1,1,N,N,39 58:41.226,75 06:39.580,216, ,212,2,1,1,N, ,0,N, , , , , , , , ,1,1,0,0,0,0,0,0,0,0,0,0,0,0,0,0,0,0,0,0,0,0,0,0,0,0,0,0,0,0,0,0,0,0,0,0,0,39.9781,-75.1111, , 
65307,723565,2012122367,6,67,67301,2012,10,2,9999,99,1,2,1,4,1, , ,N,2,2,0,3,0,1,2,2,N,N,39 57:07.349,75 10:24.142,1322, ,1318, ,0, ,N, ,3, , , , , , , , , ,2,1,0,0,0,0,1,0,0,0,1,0,1,0,1,0,0,0,0,0,0,0,0,0,0,0,0,0,0,0,0,0,0,0,0,3,0,39.952,-75.1734, , 
65308,723590,2012080811,6,67,67301,2012,7,7,1640,16,1,1,0,7,2, , ,N,0,0,7,3,0,1,1,1,N, ,40 05:04.200,74 57:51.960,1640, ,1640, ,0, , , ,0, , , , , , , , , ,1,1,0,0,0,0,0,0,0,0,0,1,1,0,0,0,0,0,0,0,0,0,1,0,0,0,0,0,0,0,0,0,0,0,0,4,0,40.0845,-74.9644, , 
65309,723591,2012083174,6,67,67301,2012,7,2,1541,15,1,1,0,4,1, , ,N,0,0,0,3,0,1,2,2,N,N,40 01:05.723,75 08:57.023,1547, ,1541, ,0, ,N, ,0, , , , , , , , , ,2,0,0,0,1,1,0,0,0,0,0,0,1,1,0,0,0,0,0,0,0,0,0,2,0,0,0,0,0,0,0,0,0,0,0,8,1,40.0183,-75.1492, , 
65310,723620,2012059406,6,67,67301,2012,5,2,2337,23,3,2,1,7,2, , ,N,0,0,0,3,0,0,1,1,N,N,39 57:40.022,75 10:55.537,2343, ,2341, ,0, ,N, ,0, , , , , , , , , ,1,1,0,0,0,0,0,0,0,0,0,0,0,0,0,0,0,0,0,0,0,0,0,0,0,0,0,0,0,0,0,0,0,0,0,0,0,39.9611,-75.1821, , 
65311,723628,2012066464,6,67,67301,2012,5,5,2045,20,3,1,0,4,1, , ,N,0,0,0,3,0,3,3,2,N, ,40 04:44.956,74 59:53.851,2045, ,2045, ,0, , , ,0, , , , , , , , , ,2,2,0,0,0,0,0,0,0,0,2,0,3,1,0,0,0,0,0,0,1,0,0,0,0,0,0,0,0,0,0,0,0,0,0,3,0,40.0792,-74.9983, , 
65312,723629,2012066675,6,67,67301,2012,6,3,1916,19,4,2,1,4,1, , ,N,1,3,0,3,0,2,3,2,N,N,40 03:01.778,75 09:19.630,1921, ,1920, ,0, ,N, ,3, , , , , , , , , ,2,2,0,0,0,0,0,0,0,0,0,0,2,2,0,0,0,0,0,1,0,0,0,0,0,0,0,0,0,0,0,0,0,0,0,8,0,40.0505,-75.1555, , 
65313,723637,2012076741,6,67,67301,2012,6,2,2047,20,1,1,0,4,1, , ,N,1,2,0,3,0,1,2,2,N, ,40 03:24.250,75 02:48.711,2049, ,2047,1,1,2, , ,3,N, , , , , , , , ,1,1,0,0,0,0,0,0,1,0,0,0,1,1,0,0,0,0,0,0,0,0,0,0,0,0,0,0,0,0,0,0,0,0,0,8,0,40.0567,-75.0469, , 
65314,723645,2012083322,6,67,67301,2012,7,7,2116,21,3,1,0,8,1, , ,N,1,2,0,3,0,1,2,2,N,N,39 59:47.940,75 10:31.961,2158, ,2150, ,0, ,N, ,3, , , , , , , , , ,1,0,0,0,0,0,0,0,0,0,1,0,1,0,0,0,0,0,0,0,0,0,0,0,0,0,0,0,0,0,0,0,1,0,0,3,0,39.9966,-75.1755, , 
65315,723646,2012088565,6,67,67301,2012,8,6,1240,12,1,1,0,4,1, , ,N,1,3,0,3,0,2,2,3,N,N,40 01:47.599,75 12:23.218,1245, ,1240,1,2,1,N, ,3,Y, , , , , , , , ,3,3,0,0,0,0,0,0,0,0,0,0,2,2,0,0,0,0,0,0,1,0,0,0,0,0,0,0,0,0,0,0,0,0,0,8,0,40.0299,-75.2064, , 
65316,723647,2012088613,6,67,67301,2012,8,2,622,6,1,1,0,7,5, , ,N,0,0,0,3,0,1,1,1,N,N,39 59:01.209,75 07:31.559,625, ,622,1,2,5,N, ,0,Y, , , , , , , , ,1,0,0,0,1,0,0,0,0,0,0,0,1,1,0,0,0,0,0,0,0,0,0,0,0,0,0,0,0,0,0,0,0,0,0,8,0,39.9837,-75.1254, , 
65317,723662,2012060704,6,67,67301,2012,5,3,1633,16,1,1,0,8,1, , ,N,0,0,0,3,0,1,4,2,N,N,40 03:15.513,75 03:47.080,1747, ,1731, ,0, , , ,0, , , , , , , , , ,1,1,0,0,0,0,0,0,0,0,1,0,1,0,0,0,0,0,0,0,0,1,0,0,0,0,0,0,0,0,0,0,1,0,0,3,0,40.0543,-75.0631, , 
65318,723665,2012064029,6,67,67301,2012,5,3,1747,17,1,1,0,8,1, , ,N,0,2,0,3,0,1,2,2,N, ,39 59:05.549,75 07:57.718,1757, ,1757, ,0, , , ,3, , , , , , , , , ,1,0,0,0,1,0,0,0,0,0,0,1,1,0,0,0,0,0,0,0,0,0,0,0,0,0,0,0,0,0,0,0,1,0,0,4,0,39.9848,-75.1325, , 
65319,723669,2012073520,6,67,67301,2012,6,3,1240,12,1,1,0,8,1, , ,N,2,2,0,3,0,1,2,2,N,N,39 57:00.719,75 09:31.120,1252, ,1249, ,0, ,N, ,3, , , , , , , , , ,1,1,0,0,0,0,0,0,0,0,0,0,1,1,0,0,0,0,0,0,0,0,0,0,0,0,0,0,0,0,0,0,1,0,0,8,0,39.9502,-75.1586, , 
65320,723677,2012078349,6,67,67301,2012,7,3,1550,15,1,1,0,1,1, , ,N,5,2,0,3,0,1,2,2,N,N,40 03:27.557,75 09:57.853,1555, ,1550, ,0, ,N, ,3, , , , , , , , , ,2,1,0,0,1,0,0,0,0,0,0,1,1,0,0,0,0,0,0,0,2,0,0,0,0,0,0,0,0,0,0,0,0,0,0,4,0,40.0577,-75.1661, , 
65321,723678,2012078548,6,67,67301,2012,6,6,2116,21,3,2,1,4,1, , ,N,2,3,0,3,0,2,3,2,N, ,40 01:30.439,75 07:07.921,2122, ,2116, ,0, , , ,9, , , , , , , , , ,2,2,0,0,0,0,0,0,0,0,0,2,2,0,0,0,0,0,0,0,0,0,0,3,0,0,0,0,0,0,0,0,0,0,0,4,0,40.0251,-75.1189, , 
65322,723681,2012080824,6,67,67301,2012,7,2,2007,20,1,1,0,1,1, , ,N,0,0,0,3,0,3,4,3,N,N,39 58:45.663,75 09:39.931,2013, ,2013, ,0, , , ,0, , , , , , , , , ,3,1,0,0,2,0,0,0,0,0,0,0,3,3,1,0,0,0,0,0,1,0,0,0,0,0,0,0,0,0,0,0,0,0,0,8,0,39.9794,-75.1611, , 
65323,723686,2012085830,6,67,67301,2012,8,5,2124,21,3,1,0,8,1, , ,N,2,0,0,3,0,1,3,2,N,N,39 58:54.933,75 14:28.924,2130, ,2124,2,2,5,N, ,0,Y, , , , , , , , ,1,1,0,0,0,0,0,0,0,0,1,0,1,0,0,0,0,0,0,0,0,0,0,0,0,0,0,0,0,0,0,0,1,0,0,3,0,39.9819,-75.2414, , 
65324,726645,2013007266,6,67,67301,2012,12,7,2300,23,6,1,0,4,1, , ,N,1,2,0,3,0,1,2,2,N,N,39 59:08.735,75 06:41.576,2310, ,2305, ,0, ,N, ,3, , , , , , , , , ,2,2,0,0,0,0,0,0,0,0,0,1,1,0,0,0,0,0,0,0,0,1,0,0,0,0,0,0,0,0,0,0,0,0,0,4,0,39.9858,-75.1116, , 
65325,726655,2012111603,6,67,67301,2012,10,3,2220,22,3,1,0,1,1, , ,N,5,2,0,3,0,3,3,2,N, ,40 00:19.981,75 04:33.007,55, ,55,2,1,2, , ,3,N, , , , , , , , ,2,2,0,0,0,0,0,0,0,0,0,1,3,2,0,0,0,0,0,0,0,1,0,0,0,0,0,0,0,0,0,0,0,0,0,4,0,40.0056,-75.0756, , 
65326,726669,2012098207,6,67,67301,2012,9,6,2315,23,3,1,0,1,1, , ,N,0,0,0,3,0,1,3,3,N,N,39 58:32.769,75 13:25.210,2340, ,2330,1,1,4,N, ,0,N, , , , , , , , ,3,2,0,0,0,0,1,0,0,0,0,1,1,0,0,0,0,1,0,0,1,0,0,1,0,0,0,0,0,0,0,0,0,0,0,4,0,39.9758,-75.2237, , 
65327,726670,2012098950,6,67,67301,2012,9,2,1350,13,1,1,0,5,1, , ,N,1,0,0,3,0,1,1,3,N,N,40 04:00.991,75 09:29.902,1402, ,1358, ,0, ,N, ,0, , , , , , , , , ,3,2,0,0,1,0,0,0,0,0,0,1,1,0,0,0,0,0,0,0,0,0,0,0,0,0,0,0,0,0,0,0,0,0,0,4,0,40.067,-75.1583, , 
65328,726679,2012111644,6,67,67301,2012,10,2,1900,19,3,2,1,8,1, , ,N,0,0,0,3,0,1,2,2,N,N,39 57:22.369,75 13:10.377,2008, ,2001, ,0, ,N, ,0, , , , , , , , , ,1,0,0,0,1,0,0,0,0,0,0,1,1,0,0,0,0,0,0,0,0,0,0,0,0,0,0,0,0,0,0,0,1,0,0,4,0,39.9562,-75.2195, , 
65329,726697,2012059259,6,67,67301,2012,3,7,248,2,3,1,1,7,2, , ,N,0,0,0,3,0,1,1,1,N,N,40 01:43.290,75 01:23.769,259, ,249,2,1,2,N, ,0,N, , , , , , , , ,1,0,0,0,0,0,1,0,0,0,0,0,1,1,0,0,0,0,0,1,0,0,0,0,0,0,0,0,0,0,0,0,0,0,0,8,0,40.0287,-75.0232, , 
65330,726698,2012060711,6,67,67301,2012,5,7,1840,18,1,1,0,4,1, , ,N,1,3,0,3,0,4,4,2,N,N,40 01:01.779,75 08:20.723,1859, ,1856, ,0, , , ,3, , , , , , , , , ,2,1,0,0,0,0,0,1,0,0,1,3,4,0,0,0,0,0,0,0,0,0,0,0,0,0,0,0,0,0,0,0,0,0,0,3,0,40.0172,-75.1391, , 