objectid_1,objectid,crn,district,county,municipality,crash_year,crash_month,day_of_week,time_of_day,hour_of_day,illumination,weather,road_condition,collision_type,relation_to_road,work_zone_type,work_zone_loc,work_zone_ind,intersect_type,tcd_type,location_type,urban_rural,fatal_count,injury_count,person_count,total_units,sch_bus_ind,sch_zone_ind,latitude,longitude,arrival_tm,cons_zone_spd_lim,dispatch_tm,est_hrs_closed,lane_closed,ln_close_dir,ntfy_hiwy_maint,spec_juris_cd,tcd_func_cd,tfc_detour_ind,workers_pres,wz_close_detour,wz_flagger,wz_law_offcr_ind,wz_ln_closure,wz_moving,wz_other,wz_shlder_mdn,vehicle_count,automobile_count,motorcycle_count,bus_count,small_truck_count,heavy_truck_count,suv_count,van_count,bicycle_count,maj_inj_count,mod_inj_count,min_inj_count,tot_inj_count,unk_inj_deg_count,unk_inj_per_count,driver_count_16yr,driver_count_17yr,driver_count_18yr,driver_count_19yr,driver_count_20yr,driver_count_50_64yr,driver_count_65_74yr,driver_count_75plus,unbelted_occ_count,unb_death_count,unb_maj_inj_count,belted_death_count,belted_maj_inj_count,mcycle_death_count,mcycle_maj_inj_count,bicycle_death_count,bicycle_maj_inj_count,ped_count,ped_death_count,ped_maj_inj_count,max_severity_level,comm_veh_count,dec_lat,dec_long,rdwy_surf_type_cd,county_name
65331,726727,2012078419,6,67,67301,2012,6,5,1650,16,1,1,0,4,1, , ,N,1,3,0,3,0,1,2,2,N, ,39 59:40.599,75 09:51.451,1702, ,1700, ,0, , , ,3, , , , , , , , , ,1,1,0,0,0,0,0,0,1,0,0,1,1,0,0,0,0,0,0,0,1,0,0,1,0,0,0,0,0,0,0,0,0,0,0,4,0,39.9946,-75.1643, , 
65332,726741,2012098309,6,67,67301,2012,9,6,1200,12,1,1,0,4,1, , ,N,1,0,0,3,0,1,2,2,N,N,39 59:51.997,75 07:38.855,1207, ,1204, ,0, ,N, ,0, , , , , , , , , ,2,1,0,0,0,0,0,1,0,0,0,0,1,1,0,0,0,0,0,1,0,0,0,0,0,0,0,0,0,0,0,0,0,0,0,8,0,39.9978,-75.1275, , 
65333,726742,2012098376,6,67,67301,2012,8,6,744,7,1,1,0,5,1, , ,N,0,0,0,3,0,1,4,2,N,N,40 01:06.026,75 10:07.857,746, ,745,2,2,2,N, ,0,N, , , , , , , , ,2,2,0,0,0,0,0,0,0,0,0,0,1,1,0,0,0,0,0,0,1,0,0,1,0,0,0,0,0,0,0,0,0,0,0,8,0,40.0183,-75.1689, , 
65334,726748,2012057000,6,67,67301,2012,5,4,2237,22,3,1,0,7,4, , ,N,0,0,0,3,0,0,1,1,N,N,39 56:17.702,75 11:51.937,2257, ,2242,2,2,4,N, ,0,Y, , , , , , , , ,1,1,0,0,0,0,0,0,0,0,0,0,0,0,0,0,0,0,0,0,0,0,0,0,0,0,0,0,0,0,0,0,0,0,0,0,0,39.9374,-75.1986, , 
65335,726759,2012083243,6,67,67301,2012,8,5,1537,15,1,1,0,1,1, , ,N,2,0,0,3,0,3,3,2,N,N,40 02:58.040,75 00:41.546,1550, ,1545,1,1,2,N, ,0,N, , , , , , , , ,2,2,0,0,0,0,0,0,0,0,0,0,3,3,0,0,0,0,0,0,0,0,0,0,0,0,0,0,0,0,0,0,0,0,0,8,0,40.0495,-75.0115, , 
65336,726760,2012083276,6,67,67301,2012,8,5,1100,11,1,1,0,1,1, , ,N,1,2,0,3,0,1,2,2,N,N,39 58:14.542,75 09:14.879,1113, ,1111, ,0, ,N, ,3, , , , , , , , , ,2,1,0,0,1,0,0,0,0,0,0,0,1,1,0,0,0,0,0,0,0,0,0,0,0,0,0,0,0,0,0,0,0,0,0,8,0,39.9707,-75.1541, , 
65337,726802,2012104151,6,67,67301,2012,9,7,1610,16,1,1,0,2,1, , ,N,1,2,0,3,0,0,2,2,N,N,39 57:19.443,75 10:16.111,1615, ,1610, ,0, ,N, ,3, , , , , , , , , ,2,2,0,0,0,0,0,0,0,0,0,0,0,0,1,0,0,0,0,0,0,0,0,0,0,0,0,0,0,0,0,0,0,0,0,9,0,39.9554,-75.1711, , 
65338,726803,2012104619,6,67,67301,2012,9,1,1655,16,1,1,0,4,1, , ,N,1,2,0,3,0,1,7,2,N, ,39 56:49.768,75 09:21.862,1658, ,1656,2,1,3, , ,3,N, , , , , , , , ,2,1,0,0,1,0,0,0,0,0,0,1,1,0,0,0,0,0,0,0,0,0,0,0,0,0,0,0,0,0,0,0,0,0,0,4,0,39.9472,-75.1561, , 
65339,726806,2012060801,6,67,67301,2012,5,7,1601,16,1,1,0,1,1, , ,N,5,2,0,3,0,0,3,3,N,N,40 03:31.188,75 02:39.382,1610, ,1602,1,1,1,N, ,3,N, , , , , , , , ,3,2,0,0,1,0,0,0,0,0,0,0,0,0,0,0,0,0,0,0,1,0,0,0,0,0,0,0,0,0,0,0,0,0,0,0,0,40.0587,-75.0443, , 
65340,726815,2012078527,6,67,67301,2012,6,1,540,5,3,1,0,2,6, , ,N,0,0,0,3,0,0,1,4,N,N,39 57:57.001,75 08:18.597,545, ,540, ,0, ,N, ,0, , , , , , , , , ,4,1,0,0,2,0,1,0,0,0,0,0,0,0,0,0,0,0,0,0,0,0,0,0,0,0,0,0,0,0,0,0,0,0,0,0,0,39.9658,-75.1385, , 
65341,726827,2012095586,6,67,67301,2012,8,6,1035,10,1,1,0,1,1, , ,N,1,2,0,3,0,1,2,2,N, ,40 03:14.351,75 02:56.006,1045, ,1039,2,1,1, , ,3,N, , , , , , , , ,2,1,0,0,0,0,1,0,0,0,0,0,1,1,0,0,0,0,0,0,0,0,0,0,0,0,0,0,0,0,0,0,0,0,0,8,0,40.0541,-75.049, , 
65342,729514,2013004006,6,67,67301,2012,11,6,1500,15,1,1,0,7,5, , ,N,2,3,0,3,0,1,1,1,N, ,39 59:37.571,75 09:11.648,1513, ,1510, ,0, , , ,9, , , , , , , , , ,1,1,0,0,0,0,0,0,0,0,0,0,1,1,0,0,0,0,0,0,1,0,0,0,0,0,0,0,0,0,0,0,0,0,0,8,0,39.9938,-75.1532, , 
65343,729515,2013007276,6,67,67301,2012,12,2,1307,13,1,1,0,4,1, , ,N,1,2,0,3,0,16,18,2,N,N,40 01:58.442,75 06:24.270,1311, ,1307,2,2,1,N, ,3,Y, , , , , , , , ,2,0,0,1,0,0,0,1,0,0,0,16,16,0,0,0,0,0,0,0,1,0,0,0,0,0,0,0,0,0,0,0,0,0,0,4,1,40.0329,-75.1067, , 
65344,729529,2012128303,6,67,67301,2012,11,7,1842,18,3,1,0,7,3, , ,N,0,8,1,3,0,3,3,1,N,N,40 01:12.216,75 09:03.041,1856, ,1848,3,2,4,N, ,3,Y, , , , , , , , ,1,0,0,0,0,0,1,0,0,0,1,2,3,0,0,0,0,0,0,0,0,0,0,0,0,0,0,0,0,0,0,0,0,0,0,3,0,40.0201,-75.1508, , 
65345,729536,2013006120,6,67,67301,2012,12,5,753,7,1,1,0,4,1, , ,N,1,2,0,3,0,0,2,2,N,N,39 57:30.897,75 12:50.339,845, ,845, ,0, ,N, ,3, , , , , , , , , ,2,2,0,0,0,0,0,0,0,0,0,0,0,0,0,0,0,0,0,0,0,0,0,0,0,0,0,0,0,0,0,0,0,0,0,0,0,39.9586,-75.214, , 
65346,729537,2013006801,6,67,67301,2012,12,6,155,1,3,2,1,7,2, , ,N,0,0,0,3,0,0,1,1,N,N,40 00:57.676,75 10:33.499,206, ,158,1,1,2,N, ,0,N, , , , , , , , ,1,1,0,0,0,0,0,0,0,0,0,0,0,0,0,0,0,0,0,0,0,0,0,0,0,0,0,0,0,0,0,0,0,0,0,0,0,40.016,-75.176, , 
65347,729538,2013012068,6,67,67301,2012,12,5,1900,19,3,1,0,5,1, , ,N,1,0,0,3,0,0,2,2,N, ,40 00:28.975,75 08:30.365,1930, ,1920, ,0, , , ,0, , , , , , , , , ,2,2,0,0,0,0,0,0,0,0,0,0,0,0,0,0,0,0,0,0,0,0,0,0,0,0,0,0,0,0,0,0,0,0,0,0,0,40.008,-75.1417, , 
65348,729540,2013015623,6,67,67301,2012,7,7,1621,16,1,1,0,1,1, , ,N,6,4,2,3,0,0,5,3,N,N,39 56:44.167,75 11:25.033,1624, ,1623,1,2,3,N, ,3,N, , , , , , , , ,3,2,0,0,0,0,1,0,0,0,0,0,0,0,0,0,0,0,0,0,0,0,0,0,0,0,0,0,0,0,0,0,0,0,0,0,0,39.9456,-75.1903, , 
65349,729550,2012126378,6,67,67301,2012,11,4,1343,13,1,2,1,4,1, , ,N,1,2,0,3,0,1,2,2,N,N,40 07:24.878,75 00:55.666,1355, ,1344, ,0, ,N, ,3, , , , , , , , , ,2,2,0,0,0,0,0,0,0,0,0,1,1,0,0,0,0,0,0,0,1,0,0,0,0,0,0,0,0,0,0,0,0,0,0,4,0,40.1235,-75.0154, , 
65350,729563,2013006756,6,67,67301,2012,12,4,1719,17,3,1,0,4,1, , ,N,1,2,0,3,0,2,3,2,N,N,40 05:41.184,75 00:55.174,1723, ,1721,1,1,7,N, ,3,N, , , , , , , , ,2,1,0,0,0,0,1,0,0,0,0,2,2,0,0,0,0,0,0,0,1,0,1,0,0,0,0,0,0,0,0,0,0,0,0,4,0,40.0948,-75.0153, , 
65351,729564,2013006812,6,67,67301,2012,12,2,2132,21,3,2,1,4,1, , ,N,0,0,0,3,0,1,1,2,N,N,40 07:02.805,75 00:51.285,2308, ,2301, ,0, ,N, ,0, , , , , , , , , ,2,2,0,0,0,0,0,0,0,0,0,0,1,1,0,0,0,0,0,0,0,0,0,0,0,0,0,0,0,0,0,0,0,0,0,8,0,40.1174,-75.0142, , 
65352,729572,2012104106,6,67,67301,2012,9,1,518,5,3,1,0,5,1, , ,N,0,0,0,3,0,0,1,2,N,N,39 58:39.580,75 15:58.321,530, ,527, ,0, ,N, ,0, , , , , , , , , ,2,1,0,0,1,0,0,0,0,0,0,0,0,0,0,0,0,0,0,0,0,0,0,0,0,0,0,0,0,0,0,0,0,0,0,0,0,39.9777,-75.2662, , 
65353,729600,2013003853,6,67,67301,2012,12,2,1210,12,1,1,0,4,3, , ,N,1,2,0,3,0,1,9,2,Y,N,40 04:51.033,75 12:09.605,1224, ,1218, ,0, ,N, ,3, , , , , , , , , ,2,0,1,1,0,0,0,0,0,0,0,1,1,0,0,0,0,0,0,0,0,0,0,0,0,0,0,0,0,0,0,0,0,0,0,4,1,40.0808,-75.2027, , 
65354,729613,2012088081,6,67,67301,2012,8,1,2220,22,3,1,0,4,1, , ,N,1,2,0,3,0,1,4,3,N, ,39 55:16.534,75 11:37.851,2240, ,2240,2,1,1, , ,3,Y, , , , , , , , ,3,3,0,0,0,0,0,0,0,0,1,0,1,0,0,0,0,0,0,0,0,0,0,4,0,0,0,0,0,0,0,0,0,0,0,3,0,39.9211,-75.1938, , 
65355,729614,2012092220,6,67,67301,2012,9,4,657,6,1,1,0,1,1, , ,N,6,4,2,3,0,1,3,2,N,N,39 53:18.904,75 14:27.247,727, ,717, ,0, ,N, ,3, , , , , , , , , ,2,0,0,0,0,1,1,0,0,0,0,1,1,0,0,0,0,0,0,0,2,0,0,0,0,0,0,0,0,0,0,0,0,0,0,4,1,39.8869,-75.2422, , 
65356,729625,2012109670,6,67,67301,2012,10,7,1555,15,1,1,0,8,1, , ,N,1,0,0,3,0,1,2,2,N,N,40 02:51.770,75 04:05.969,1621, ,1616, ,0, , , ,0, , , , , , , , , ,1,1,0,0,0,0,0,0,0,0,1,0,1,0,0,0,0,0,1,0,0,0,0,0,0,0,0,0,0,0,0,0,1,0,0,3,0,40.0477,-75.0683, , 
65357,729626,2012111790,6,67,67301,2012,10,6,1656,16,1,1,0,4,1, , ,N,1,3,0,3,0,1,2,2,N,N,39 58:13.647,75 09:03.508,1712, ,1709,2,1,4,N, ,3,N, , , , , , , , ,2,1,0,0,0,0,1,0,0,0,0,0,1,1,0,0,0,0,0,0,0,0,0,0,0,0,0,0,0,0,0,0,0,0,0,8,0,39.9705,-75.151, , 
65358,729634,2012117317,6,67,67301,2012,10,3,1610,16,1,1,0,1,1, , ,N,1,2,0,3,0,1,3,2,N,N,40 02:25.817,75 03:32.713,1612, ,1611, ,0, ,N, ,3, , , , , , , , , ,2,2,0,0,0,0,0,0,0,0,0,0,1,1,0,0,0,0,0,0,0,0,0,0,0,0,0,0,0,0,0,0,0,0,0,8,0,40.0405,-75.0591, , 
65359,729643,2012109911,6,67,67301,2012,9,7,1416,14,1,1,0,1,1, , ,N,1,2,0,3,0,2,5,2,N,N,40 06:07.025,75 00:22.022,1431, ,1419, ,0, ,N, ,3, , , , , , , , , ,2,0,0,0,0,0,2,0,0,0,0,2,2,0,0,0,0,0,0,1,0,0,0,0,0,0,0,0,0,0,0,0,0,0,0,4,0,40.102,-75.0061, , 
65360,720713,2012098652,6,67,67301,2012,9,6,839,8,1,1,0,1,1, , ,N,0,0,0,3,0,0,4,2,N,N,40 00:44.188,75 03:35.089,849, ,843,1,1,2,N, ,0,Y, , , , , , , , ,2,1,0,0,0,0,1,0,0,0,0,0,0,0,0,0,0,0,0,0,2,0,0,0,0,0,0,0,0,0,0,0,0,0,0,0,0,40.0123,-75.0597, , 
65361,720734,2012060741,6,67,67301,2012,5,7,1853,18,1,1,0,5,1, , ,N,1,2,0,3,0,5,5,3,N,N,40 01:35.112,75 06:28.606,1908, ,1905,6,2,7,Y, ,3,Y, , , , , , , , ,3,1,0,0,1,0,1,0,0,0,0,5,5,0,0,0,0,0,0,0,0,0,0,1,0,0,0,0,0,0,0,0,0,0,0,4,0,40.0264,-75.1079, , 
65362,720738,2012064366,6,67,67301,2012,5,1,456,4,3,2,1,7,5, , ,N,0,0,0,3,0,2,2,1,N,N,40 01:07.172,75 07:37.928,510, ,458,3,1,1,N, ,0,Y, , , , , , , , ,1,1,0,0,0,0,0,0,0,0,0,2,2,0,0,0,0,0,0,0,0,0,0,0,0,0,0,0,0,0,0,0,0,0,0,4,0,40.0187,-75.1272, , 
65363,720766,2012083237,6,67,67301,2012,8,2,1220,12,1,1,0,1,1, , ,N,0,0,0,3,0,2,4,2,N, ,39 54:48.884,75 08:47.916,1241, ,1239, ,0, , , ,0, , , , , , , , , ,2,2,0,0,0,0,0,0,0,0,0,2,2,0,1,0,0,0,0,0,0,0,0,0,0,0,0,0,0,0,0,0,0,0,0,4,0,39.9136,-75.1466, , 
65364,720770,2012086178,6,67,67301,2012,8,4,1159,11,1,1,0,1,1, , ,N,0,0,0,3,0,0,4,2,N,N,39 59:33.872,75 12:03.419,1218, ,1202, ,0, ,N, ,0, , , , , , , , , ,2,2,0,0,0,0,0,0,0,0,0,0,0,0,2,0,0,0,0,0,0,0,0,0,0,0,0,0,0,0,0,0,0,0,0,9,0,39.9927,-75.2009, , 
65365,720780,2012060831,6,67,67301,2012,5,5,2145,21,3,1,0,8,1, , ,N,0,0,0,3,0,1,2,2,N,N,40 01:06.050,75 03:42.760,30, ,30, ,0, ,N, ,0, , , , , , , , , ,1,0,0,0,0,0,0,1,0,0,0,0,1,1,0,0,0,0,0,0,0,0,0,0,0,0,0,0,0,0,0,0,1,0,0,8,0,40.0183,-75.0619, , 
65366,720787,2012066575,6,67,67301,2012,5,4,1240,12,1,1,0,1,1, , ,N,1,2,0,3,0,2,3,3,N, ,40 03:42.905,75 09:47.363,1320, ,1310, ,0, , , ,3, , , , , , , , , ,3,3,0,0,0,0,0,0,0,0,0,0,2,2,0,0,0,0,0,0,2,0,0,0,0,0,0,0,0,0,0,0,0,0,0,8,0,40.0619,-75.1632, , 
65367,720788,2012068854,6,67,67301,2012,5,5,1450,14,1,1,0,4,1, , ,N,2,3,0,3,0,4,15,2,Y,Y,40 06:26.640,75 01:41.417,1511, ,1011,1,1,1,N, ,3,Y, , , , , , , , ,2,0,0,1,1,0,0,0,0,0,1,3,4,0,0,0,0,0,0,0,0,1,0,0,0,0,0,0,0,0,0,0,0,0,0,3,1,40.1074,-75.0282, , 
65368,720795,2012076076,6,67,67301,2012,6,3,945,9,1,1,0,4,1, , ,N,1,2,0,3,0,0,2,2,N,N,39 56:29.130,75 08:51.356,949, ,945, ,0, ,N, ,3, , , , , , , , , ,2,1,0,0,0,0,0,1,0,0,0,0,0,0,0,0,0,0,0,0,0,0,0,0,0,0,0,0,0,0,0,0,0,0,0,0,0,39.9414,-75.1476, , 
65369,720798,2012080766,6,67,67301,2012,7,6,1540,15,1,2,1,4,1, , ,N,1,3,0,3,0,0,2,2,N,N,40 03:56.962,75 03:17.261,1555, ,1546, ,0, ,N, ,3, , , , , , , , , ,2,1,0,0,0,0,1,0,0,0,0,0,0,0,2,0,0,0,0,0,0,0,0,0,0,0,0,0,0,0,0,0,0,0,0,9,0,40.0658,-75.0548, , 
65370,720813,2012098401,6,67,67301,2012,9,6,1358,13,1,1,0,4,1, , ,N,0,0,0,3,0,3,4,2,N, ,39 58:43.630,75 13:48.483,1410, ,1359,1,1,4, , ,0,Y, , , , , , , , ,2,2,0,0,0,0,0,0,0,0,0,0,3,3,0,0,0,0,0,0,1,0,0,0,0,0,0,0,0,0,0,0,0,0,0,8,0,39.9788,-75.2301, , 
65371,720818,2012104074,6,67,67301,2012,9,7,309,3,3,1,0,2,6, , ,N,0,0,0,3,0,1,1,5,N,N,39 58:22.390,75 10:13.772,404, ,400, ,0, ,N, ,0, , , , , , , , , ,2,2,0,0,0,0,0,0,0,0,0,1,1,0,0,0,0,0,0,0,0,0,0,0,0,0,0,0,0,0,0,0,0,0,0,4,0,39.9729,-75.1705, , 
65372,720839,2012080967,6,67,67301,2012,6,4,2352,23,3,1,0,1,1, , ,N,0,0,0,3,0,1,3,3,N,N,39 57:27.281,75 09:34.714,2359, ,2355,1,1,4,N, ,0,N, , , , , , , , ,3,2,0,0,0,0,1,0,0,0,0,1,1,0,0,0,0,0,0,0,0,0,0,0,0,0,0,0,0,0,0,0,0,0,0,4,0,39.9576,-75.1596, , 
65373,720855,2012103705,6,67,67301,2012,9,5,13,0,3,1,0,7,2, , ,N,0,0,0,3,0,2,2,1,N,N,40 00:26.084,75 11:58.679,25, ,21,1,1,4,N, ,0,N, , , , , , , , ,1,0,0,0,0,0,1,0,0,0,0,1,2,1,0,0,0,0,0,0,0,0,0,0,0,0,0,0,0,0,0,0,0,0,0,4,0,40.0072,-75.1996, , 
65374,720856,2012104103,6,67,67301,2012,9,1,300,3,3,9,0,9,2, , ,N,0,0,0,3,0,0,1,3,N,N,39 58:33.571,75 14:22.704,728, ,726, ,0, ,N, ,0, , , , , , , , , ,4,1,0,0,2,0,0,1,0,0,0,0,0,0,0,0,0,0,0,0,0,0,0,0,0,0,0,0,0,0,0,0,0,0,0,0,0,39.976,-75.2396, , 
65375,720857,2012104185,6,67,67301,2012,9,6,1346,13,1,1,0,4,1, , ,N,0,0,0,3,0,0,2,2,N,N,40 03:18.718,75 11:42.983,1520, ,1501, ,0, ,N, ,0, , , , , , , , , ,2,1,0,0,1,0,0,0,0,0,0,0,0,0,0,0,0,0,0,0,1,0,0,0,0,0,0,0,0,0,0,0,0,0,0,0,0,40.0552,-75.1953, , 
65376,720858,2012104276,6,67,67301,2012,9,6,1430,14,1,1,0,4,1, , ,N,0,2,7,3,0,1,2,2,N,N,39 54:53.662,75 09:24.299,1440, ,1435, ,0, ,N, ,3, , , , , , , , , ,2,2,0,0,0,0,0,0,0,0,0,0,1,1,0,0,0,0,0,0,0,0,0,0,0,0,0,0,0,0,0,0,0,0,0,8,0,39.9149,-75.1567, , 
65377,720892,2012076646,6,67,67301,2012,7,5,1521,15,1,1,0,1,1, , ,N,0,0,0,3,0,1,3,2,N,N,39 59:45.498,75 11:49.589,1527, ,1524, ,0, ,N, ,0, , , , , , , , , ,2,2,0,0,0,0,0,0,0,0,0,1,1,0,0,0,0,0,0,0,0,0,0,0,0,0,0,0,0,0,0,0,0,0,0,4,0,39.996,-75.1971, , 
65378,720899,2012083220,6,67,67301,2012,7,4,1645,16,1,1,0,1,1, , ,N,0,0,0,3,0,2,3,2,N,N,39 59:59.692,75 08:24.567,1830, ,1818,9,1,3,N, ,0,N, , , , , , , , ,2,1,0,0,0,0,1,0,0,0,0,2,2,0,0,0,0,0,0,0,1,1,0,0,0,0,0,0,0,0,0,0,0,0,0,4,0,40,-75.1402, , 
65379,723694,2012095422,6,67,67301,2012,8,7,1921,19,1,1,0,4,1, , ,N,1,2,0,3,0,1,2,2,N,N,39 56:23.917,75 12:49.859,1945, ,1939, ,9, ,N, ,3,N, , , , , , , , ,2,2,0,0,0,0,0,0,0,0,0,1,1,0,0,0,0,0,0,0,1,0,0,2,0,0,0,0,0,0,0,0,0,0,0,4,0,39.94,-75.2138, , 
65380,723701,2012103998,6,67,67301,2012,9,2,1713,17,1,1,0,8,1, , ,N,0,0,0,3,0,1,1,2,N,N,40 01:48.892,75 07:06.317,1750, ,1748, ,0, ,N, ,0, , , , , , , , , ,1,1,0,0,0,0,0,0,0,0,0,1,1,0,0,0,0,0,0,0,0,0,0,0,0,0,0,0,0,0,0,0,1,0,0,4,0,40.0302,-75.1184, , 
65381,723710,2012084358,6,67,67301,2012,8,5,1647,16,1,1,0,5,1, , ,N,0,0,0,3,0,1,4,4,N,N,39 53:58.896,75 09:43.803,1725, ,1647, ,0, ,N, ,0, , , , , , , , , ,4,3,0,0,0,0,0,0,0,0,0,1,1,0,2,0,0,0,0,0,0,0,0,0,0,0,0,0,0,0,0,0,0,0,0,4,0,39.8997,-75.1622, , 
65382,723737,2012088620,6,67,67301,2012,8,4,1115,11,1,1,0,4,1, , ,N,2,0,0,3,0,1,2,2,N, ,40 04:00.327,75 03:50.667,9999, ,1120, ,0, , , ,0, , , , , , , , , ,1,1,0,0,0,0,0,0,0,0,1,0,1,0,0,0,0,0,0,0,0,0,0,0,0,0,0,0,0,0,0,0,1,0,0,3,0,40.0668,-75.0641, , 
65383,723757,2012068827,6,67,67301,2012,6,2,340,3,3,1,0,1,6, , ,N,0,0,0,3,0,0,1,4,N,N,39 57:33.670,75 14:21.483,348, ,345, ,0, ,N, ,0, , , , , , , , , ,4,3,0,0,0,0,1,0,0,0,0,0,0,0,0,0,0,0,0,0,0,0,0,0,0,0,0,0,0,0,0,0,0,0,0,0,0,39.9594,-75.2393, , 
65384,723766,2012084052,6,67,67301,2012,8,7,238,2,3,2,1,5,1, , ,N,0,0,0,3,0,1,2,2,N,N,40 01:42.849,75 01:22.818,255, ,245,1,2,1,N, ,0,N, , , , , , , , ,2,2,0,0,0,0,0,0,0,0,1,0,1,0,0,0,0,0,0,0,1,0,0,1,0,0,0,0,0,0,0,0,0,0,0,3,0,40.0284,-75.0232, , 
65385,723767,2012078610,6,67,67301,2012,7,5,1020,10,1,1,0,1,1, , ,N,7,0,2,3,0,0,2,2,N,N,40 06:26.538,74 59:53.750,1030, ,1025,1,1,2,N, ,0,N, , , , , , , , ,2,0,0,0,0,1,1,0,0,0,0,0,0,0,0,0,0,0,0,0,0,0,0,0,0,0,0,0,0,0,0,0,0,0,0,0,0,40.1074,-74.9983, , 
65386,723778,2012088569,6,67,67301,2012,8,3,1233,12,1,1,0,8,1, , ,N,0,0,0,3,0,1,1,2,N,N,39 59:37.863,75 08:23.409,1300, ,1300, ,0, ,N, ,0, , , , , , , , , ,0,0,0,0,0,0,0,0,0,0,0,1,1,0,0,0,0,0,0,0,0,0,0,0,0,0,0,0,0,0,0,0,1,0,0,4,0,39.9939,-75.1398, , 
65387,723817,2012081294,6,67,67301,2012,8,1,429,4,3,1,0,7,2, , ,N,3,4,2,3,0,0,1,1,N,N,39 59:58.179,75 05:04.576,453, ,451,1,1,4,N, ,3,N, , , , , , , , ,1,1,0,0,0,0,0,0,0,0,0,0,0,0,1,0,0,0,0,0,0,0,0,0,0,0,0,0,0,0,0,0,0,0,0,9,0,39.9995,-75.0846, , 
65388,723828,2012088601,6,67,67301,2012,8,7,1207,12,1,1,0,4,1, , ,N,1,2,0,3,0,3,3,2,N,N,39 58:47.528,75 08:34.317,1212, ,1210,2,2,1,N, ,3,Y, , , , , , , , ,2,2,0,0,0,0,0,0,0,0,0,0,3,3,0,0,0,0,0,0,0,0,0,0,0,0,0,0,0,0,0,0,0,0,0,8,0,39.9799,-75.1429, , 
65389,723869,2012076742,6,67,67301,2012,6,4,1700,17,1,1,0,4,1, , ,N,0,2,0,3,0,1,3,3,N,N,39 55:26.812,75 10:10.800,1900, ,1844, ,0, ,N, ,3, , , , , , , , , ,2,0,0,0,0,0,2,0,1,0,0,1,1,0,2,0,0,0,0,0,0,0,0,0,0,0,0,0,0,0,0,0,0,0,0,4,0,39.9241,-75.1697, , 
65390,723875,2012083781,6,67,67301,2012,7,3,1726,17,1,1,0,1,1, , ,N,0,2,1,3,0,1,8,4,N,N,39 55:18.355,75 11:25.662,1734, ,1729,9,1,1,N, ,3,N, , , , , , , , ,4,2,0,0,0,0,2,0,0,0,0,0,1,1,4,0,0,0,0,0,1,0,0,0,0,0,0,0,0,0,0,0,0,0,0,8,0,39.9216,-75.1904, , 
65391,723894,2012101044,6,67,67301,2012,9,6,1200,12,3,1,0,7,2, , ,N,0,0,0,3,0,1,1,1,N,N,40 01:15.794,75 06:02.232,9999, ,0, ,0, , , ,0, , , , , , , , , ,1,0,0,0,1,0,0,0,0,0,1,0,1,0,0,0,0,0,0,0,0,0,0,0,0,0,0,0,0,0,0,0,0,0,0,3,0,40.0211,-75.1006, , 
65392,723910,2012073599,6,67,67301,2012,6,2,37,0,3,1,0,4,1, , ,N,1,3,0,3,0,1,2,2,N,N,39 57:48.780,75 14:25.609,40, ,40, ,0, ,N, ,3, , , , , , , , , ,1,1,0,0,0,0,0,0,1,0,0,1,1,0,0,0,0,0,0,0,0,0,0,0,0,0,0,0,0,0,0,0,0,0,0,4,0,39.9636,-75.2404, , 
65393,723930,2012095517,6,67,67301,2012,8,4,930,9,1,1,0,4,1, , ,N,0,0,7,3,0,1,2,2,N,N,40 05:32.848,75 00:45.068,959, ,957, ,0, ,N, ,0, , , , , , , , , ,2,2,0,0,0,0,0,0,0,0,0,1,1,0,0,0,0,0,0,0,0,0,0,0,0,0,0,0,0,0,0,0,0,0,0,4,0,40.0925,-75.0125, , 
65394,723958,2012066661,6,67,67301,2012,5,1,9999,99,1,1,0,1,1, , ,N,3,3,0,3,0,3,4,2,N, ,39 58:35.233,75 11:21.692,9999, ,2008, ,0, , , ,3, , , , , , , , , ,2,1,0,0,0,0,1,0,0,0,0,3,3,0,0,0,0,0,0,0,0,0,0,0,0,0,0,0,0,0,0,0,0,0,0,4,0,39.9765,-75.1894, , 
65395,723959,2012068720,6,67,67301,2012,6,6,815,8,1,1,0,4,1, , ,N,1,2,0,3,0,1,2,2,N,N,40 01:57.808,75 04:19.924,940, ,940, ,0, ,N, ,3, , , , , , , , , ,1,0,0,0,0,0,1,0,1,0,0,0,1,1,0,0,0,0,0,0,1,0,0,0,0,0,0,0,0,0,0,0,0,0,0,8,0,40.0327,-75.0722, , 
65396,723987,2012098339,6,67,67301,2012,9,4,9999,99,1,1,0,4,1, , ,N,0,0,0,3,0,1,4,3,N, ,40 04:31.004,74 58:46.481,1711, ,1709, ,0, , , ,0, , , , , , , , , ,3,1,0,0,2,0,0,0,0,0,0,1,1,0,0,0,0,1,0,0,0,0,0,2,0,0,0,0,0,0,0,0,0,0,0,4,0,40.0753,-74.9796, , 
65397,726830,2012098259,6,67,67301,2012,9,2,438,4,1,2,1,1,1, , ,N,1,2,0,3,0,0,4,2,N,N,40 02:07.432,75 02:59.146,450, ,450, ,0, ,N, ,3, , , , , , , , , ,2,2,0,0,0,0,0,0,0,0,0,0,0,0,0,0,0,0,0,0,0,0,0,0,0,0,0,0,0,0,0,0,0,0,0,0,0,40.0354,-75.0498, , 