objectid_1,objectid,crn,district,county,municipality,crash_year,crash_month,day_of_week,time_of_day,hour_of_day,illumination,weather,road_condition,collision_type,relation_to_road,work_zone_type,work_zone_loc,work_zone_ind,intersect_type,tcd_type,location_type,urban_rural,fatal_count,injury_count,person_count,total_units,sch_bus_ind,sch_zone_ind,latitude,longitude,arrival_tm,cons_zone_spd_lim,dispatch_tm,est_hrs_closed,lane_closed,ln_close_dir,ntfy_hiwy_maint,spec_juris_cd,tcd_func_cd,tfc_detour_ind,workers_pres,wz_close_detour,wz_flagger,wz_law_offcr_ind,wz_ln_closure,wz_moving,wz_other,wz_shlder_mdn,vehicle_count,automobile_count,motorcycle_count,bus_count,small_truck_count,heavy_truck_count,suv_count,van_count,bicycle_count,maj_inj_count,mod_inj_count,min_inj_count,tot_inj_count,unk_inj_deg_count,unk_inj_per_count,driver_count_16yr,driver_count_17yr,driver_count_18yr,driver_count_19yr,driver_count_20yr,driver_count_50_64yr,driver_count_65_74yr,driver_count_75plus,unbelted_occ_count,unb_death_count,unb_maj_inj_count,belted_death_count,belted_maj_inj_count,mcycle_death_count,mcycle_maj_inj_count,bicycle_death_count,bicycle_maj_inj_count,ped_count,ped_death_count,ped_maj_inj_count,max_severity_level,comm_veh_count,dec_lat,dec_long,rdwy_surf_type_cd,county_name
65466,724153,2012085915,6,67,67301,2012,7,3,144,1,3,1,0,4,1, , ,N,1,3,8,3,0,1,3,2,N,N,39 56:02.979,75 10:38.557,144, ,144,4,2,1,N, ,3,Y, , , , , , , , ,1,1,0,0,0,0,0,0,1,0,0,1,1,0,0,0,0,0,0,0,0,0,0,0,0,0,0,0,0,0,0,0,0,0,0,4,0,39.9342,-75.1774, , 
65467,724170,2012117338,6,67,67301,2012,10,4,1115,11,1,1,1,5,1, , ,N,0,0,0,3,0,0,1,3,N,N,40 03:18.300,75 11:03.600,1134, ,1119, ,0, ,N, ,0, , , , , , , , , ,3,1,0,0,0,1,1,0,0,0,0,0,0,0,0,0,0,0,0,1,0,0,0,0,0,0,0,0,0,0,0,0,0,0,0,0,1,40.0551,-75.1843, , 
65468,724181,2012128304,6,67,67301,2012,11,1,9999,99,1,1,0,1,1, , ,N,2,0,0,3,0,1,3,2,N, ,39 55:46.422,75 14:36.171,1630, ,1626, ,0, , , ,0, , , , , , , , , ,2,2,0,0,0,0,0,0,0,0,0,1,1,0,0,0,0,0,0,0,0,0,0,0,0,0,0,0,0,0,0,0,0,0,0,4,0,39.9296,-75.2434, , 
65469,727011,2013006840,6,67,67301,2012,11,3,9999,99,1,2,1,4,1, , ,N,1,2,0,3,0,1,4,2,N, ,40 03:08.640,75 04:23.775,1010, ,1007,1,1,2, , ,3,N, , , , , , , , ,2,2,0,0,0,0,0,0,0,0,0,1,1,0,0,0,0,0,0,0,0,0,0,0,0,0,0,0,0,0,0,0,0,0,0,4,0,40.0524,-75.0733, , 
65470,727012,2013007281,6,67,67301,2012,12,7,1325,13,1,1,0,4,1, , ,N,1,2,0,3,0,1,3,3,N, ,40 05:12.438,74 58:18.635,1335, ,1330, ,0, , , ,3, , , , , , , , , ,3,3,0,0,0,0,0,0,0,0,0,1,1,0,0,0,0,0,0,0,0,1,0,0,0,0,0,0,0,0,0,0,0,0,0,4,0,40.0868,-74.9718, , 
65471,727019,2012069633,6,67,67301,2012,6,1,2043,20,4,1,0,4,2, , ,N,2,3,0,3,0,1,3,2,N,N,40 01:21.313,75 09:45.162,2101, ,2050, ,0, , , ,3, , , , , , , , , ,2,2,0,0,0,0,0,0,0,0,0,0,1,1,0,0,0,0,0,0,0,0,0,0,0,0,0,0,0,0,0,0,0,0,0,8,0,40.0226,-75.1625, , 
65472,727027,2012078423,6,67,67301,2012,7,1,2119,21,3,2,1,8,1, , ,N,1,2,0,3,0,1,2,2,N, ,39 56:27.112,75 12:45.004,2200, ,2119, ,0, , , ,3, , , , , , , , , ,1,0,0,0,0,0,1,0,0,0,0,0,1,1,0,0,0,0,0,0,0,0,0,0,0,0,0,0,0,0,0,0,1,0,0,8,0,39.9409,-75.2125, , 
65473,727031,2012080867,6,67,67301,2012,7,1,1429,14,1,1,0,8,1, , ,N,0,0,0,3,0,1,2,2,N,N,39 58:43.626,75 16:07.338,1714, ,1711, ,0, ,N, ,0, , , , , , , , , ,1,1,0,0,0,0,0,0,0,0,0,0,1,1,0,0,0,0,0,0,0,0,0,0,0,0,0,0,0,0,0,0,1,0,0,8,0,39.9788,-75.2687, , 
65474,727044,2012117256,6,67,67301,2012,10,7,1700,17,1,1,0,2,1, , ,N,0,0,0,3,0,9,9,2,N,N,40 01:15.884,75 05:37.708,1707, ,1704,3,2,1,N, ,0,Y, , , , , , , , ,2,1,0,0,0,0,1,0,0,1,1,3,9,4,0,0,0,0,0,0,0,0,0,9,0,1,0,0,0,0,0,0,0,0,0,2,0,40.0211,-75.0938, , 
65475,727069,2013006742,6,67,67301,2012,12,6,2015,20,3,1,0,4,1, , ,N,1,3,0,3,0,2,5,2,N,N,40 02:56.557,75 05:40.778,2035, ,2035, ,0, , , ,3, , , , , , , , , ,2,2,0,0,0,0,0,0,0,0,0,2,2,0,0,0,0,0,0,0,0,0,0,0,0,0,0,0,0,0,0,0,0,0,0,4,0,40.049,-75.0947, , 
65476,727079,2012109746,6,67,67301,2012,10,5,630,6,5,2,1,7,5, , ,N,0,0,0,3,0,2,2,1,N,N,40 01:05.227,75 08:04.579,637, ,633, ,0, ,N, ,0, , , , , , , , , ,1,1,0,0,0,0,0,0,0,0,0,0,2,2,0,0,0,0,0,0,0,0,0,0,0,0,0,0,0,0,0,0,0,0,0,8,0,40.0181,-75.1346, , 
65477,727094,2012085336,6,67,67301,2012,8,7,1243,12,1,1,0,1,1, , ,N,0,2,0,3,0,1,1,4,N,N,39 59:13.700,75 07:20.062,1445, ,1440, ,0, , , ,3, , , , , , , , , ,4,4,0,0,0,0,0,0,0,0,0,1,1,0,0,0,0,0,0,0,0,0,0,0,0,0,0,0,0,0,0,0,0,0,0,4,0,39.9871,-75.1222, , 
65478,727095,2012085835,6,67,67301,2012,8,7,1105,11,1,1,0,4,1, , ,N,2,3,0,3,0,1,3,2,N,N,39 59:43.104,75 04:38.629,1108, ,1107,1,2,1,N, ,3,N, , , , , , , , ,2,2,0,0,0,0,0,0,0,0,0,1,2,1,0,0,0,0,0,0,0,1,0,0,0,0,0,0,0,0,0,0,0,0,0,4,0,39.9953,-75.0774, , 
65479,727101,2012094719,6,67,67301,2012,9,1,52,0,3,1,0,7,4, , ,N,0,0,0,3,0,0,2,1,N,N,39 58:34.118,75 11:44.110,57, ,52,2,1,3,N, ,0,N, , , , , , , , ,1,1,0,0,0,0,0,0,0,0,0,0,0,0,0,0,0,0,0,0,0,0,0,0,0,0,0,0,0,0,0,0,0,0,0,0,0,39.9761,-75.1956, , 
65480,727103,2012098472,6,67,67301,2012,9,7,1755,17,1,1,0,1,1, , ,N,1,2,0,3,0,1,2,2,N, ,39 57:11.353,75 14:55.491,1800, ,1755, ,0, , , ,3, , , , , , , , , ,2,1,0,0,0,0,1,0,0,0,0,1,1,0,0,0,0,0,0,0,1,0,0,0,0,0,0,0,0,0,0,0,0,0,0,4,0,39.9532,-75.2487, , 
65481,727107,2012104063,6,67,67301,2012,9,7,1334,13,1,1,0,1,1, , ,N,0,0,0,3,0,1,2,2,N,N,40 00:13.996,75 13:14.657,1350, ,1345, ,0, ,N, ,0, , , , , , , , , ,2,1,0,0,1,0,0,0,0,0,0,1,1,0,0,0,0,0,0,1,0,0,0,0,0,0,0,0,0,0,0,0,0,0,0,4,0,40.0039,-75.2207, , 
65482,727108,2012104623,6,67,67301,2012,9,4,9999,99,1,1,0,8,1, , ,N,0,8,0,3,0,1,3,2,N,Y,40 01:26.500,75 10:21.300,830, ,814,1,1,2,N, ,3,N, , , , , , , , ,1,0,0,0,0,0,1,0,0,0,1,0,1,0,0,0,0,0,0,0,1,0,0,0,0,0,0,0,0,0,0,0,1,0,0,3,0,40.024,-75.1726, , 
65483,727111,2012109770,6,67,67301,2012,10,2,1638,16,1,1,0,4,6, , ,N,0,0,0,3,0,2,3,2,N, ,39 54:56.973,75 09:10.497,1638, ,1638, ,0, , , ,0, , , , , , , , , ,2,2,0,0,0,0,0,0,0,0,0,2,2,0,0,0,0,0,0,0,0,0,0,0,0,0,0,0,0,0,0,0,0,0,0,4,0,39.9158,-75.1529, , 
65484,727115,2012116865,6,67,67301,2012,9,3,632,6,1,1,1,1,1, , ,N,0,0,0,3,0,1,2,2,Y,N,40 00:31.409,75 12:12.970,643, ,634,1,1,4,N, ,0,N, , , , , , , , ,2,2,0,0,0,0,0,0,0,0,1,0,1,0,0,0,0,0,0,0,0,0,0,0,0,0,0,0,0,0,0,0,0,0,0,3,0,40.0087,-75.2036, , 
65485,727116,2012117215,6,67,67301,2012,10,3,1333,13,1,1,0,1,1, , ,N,1,2,0,3,0,2,2,2,N,N,40 03:42.905,75 09:47.363,1339, ,1338, ,0, ,N, ,3, , , , , , , , , ,2,2,0,0,0,0,0,0,0,0,0,2,2,0,0,0,0,0,0,0,0,0,0,1,0,0,0,0,0,0,0,0,0,0,0,4,0,40.0619,-75.1632, , 
65486,727117,2012117354,6,67,67301,2012,10,2,2215,22,3,2,1,4,1, , ,N,1,3,0,3,0,0,2,2,N,N,39 56:57.040,75 14:29.126,2216, ,2216, ,0, ,N, ,3, , , , , , , , , ,2,2,0,0,0,0,0,0,0,0,0,0,0,0,1,0,0,0,0,0,0,0,0,0,0,0,0,0,0,0,0,0,0,0,0,9,0,39.9492,-75.2414, , 
65487,730256,2012122386,6,67,67301,2012,11,6,1059,10,1,1,0,4,1, , ,N,1,2,0,3,0,1,2,2,N, ,39 54:23.986,75 11:00.103,1110, ,1100, ,0, , , ,3, , , , , , , , , ,2,1,0,0,1,0,0,0,0,0,0,1,1,0,0,0,0,0,0,0,2,0,0,0,0,0,0,0,0,0,0,0,0,0,0,4,0,39.9067,-75.1834, , 
65488,730257,2012125095,6,67,67301,2012,12,7,20,0,3,2,1,5,1, , ,N,0,0,0,3,0,0,2,2,N,N,39 56:52.286,75 11:14.432,30, ,24,1,2,3,N, ,0,N, , , , , , , , ,2,1,0,0,0,1,0,0,0,0,0,0,0,0,1,0,0,0,0,0,0,0,0,0,0,0,0,0,0,0,0,0,0,0,0,9,1,39.9479,-75.1873, , 
65489,730271,2012113557,6,67,67301,2012,11,5,1608,16,1,1,0,1,1, , ,N,0,0,0,3,0,0,6,2,N,N,39 57:26.361,75 09:30.277,1642, ,1626, ,0, ,N, ,0, , , , , , , , , ,2,1,0,0,0,0,1,0,0,0,0,0,0,0,0,0,0,0,0,0,1,0,0,0,0,0,0,0,0,0,0,0,0,0,0,0,0,39.9573,-75.1584, , 
65490,730272,2012116474,6,67,67301,2012,11,6,429,4,3,1,0,9,1, , ,N,0,0,0,3,0,1,1,1,N,N,39 57:34.730,75 10:37.201,437, ,437,1,1,4,N, ,0,N, , , , , , , , ,1,1,0,0,0,0,0,0,0,0,0,1,1,0,0,0,0,0,0,0,0,0,0,0,0,0,0,0,0,0,0,0,0,0,0,4,0,39.9596,-75.177, , 
65491,730313,2012073554,6,67,67301,2012,6,6,1716,17,1,1,0,4,1, , ,N,1,3,0,3,0,1,3,2,N,N,39 59:42.068,75 08:17.188,1718, ,1716, ,0, ,N, ,3, , , , , , , , , ,2,2,0,0,0,0,0,0,0,0,0,0,1,1,0,0,0,0,0,0,0,0,0,3,0,0,0,0,0,0,0,0,0,0,0,8,0,39.995,-75.1381, , 
65492,730328,2012109789,6,67,67301,2012,10,1,1720,17,1,1,0,4,1, , ,N,1,2,0,3,0,2,8,2,N,N,39 57:39.331,75 14:41.973,1850, ,1759, ,0, ,N, ,3, , , , , , , , , ,2,0,0,0,0,0,1,1,0,0,2,0,2,0,0,0,0,0,0,0,0,0,0,0,0,0,0,0,0,0,0,0,0,0,0,3,0,39.9609,-75.245, , 
65493,730330,2012117275,6,67,67301,2012,10,6,2200,22,3,1,0,8,1, , ,N,0,0,0,3,0,1,2,2,N, ,40 03:06.908,75 00:30.549,2210, ,2205, ,0, ,N, ,0, , , , , , , , , ,1,1,0,0,0,0,0,0,0,0,0,1,1,0,0,0,1,0,0,0,0,0,0,0,0,0,0,0,0,0,0,0,1,0,0,4,0,40.0519,-75.0085, , 
65494,730337,2012125502,6,67,67301,2012,11,7,2202,22,3,1,0,2,2, , ,N,1,0,0,3,0,1,2,1,N,N,39 57:28.502,75 08:55.805,2221, ,2220, ,0, ,N, ,0, , , , , , , , , ,1,1,0,0,0,0,0,0,0,0,1,0,1,0,0,0,0,0,0,0,0,0,1,0,0,0,0,0,0,0,0,0,0,0,0,3,0,39.958,-75.1488, , 
65495,730341,2012128169,6,67,67301,2012,11,4,1249,12,0,0,0,0,1, , ,N,1,2,0,3,0,1,2,2,N,N,39 56:28.852,75 13:03.932,1255, ,1250, ,0, ,N, ,3, , , , , , , , , ,1,1,0,0,0,0,0,0,0,0,0,1,1,0,0,0,0,0,0,0,1,0,0,0,0,0,0,0,0,0,0,0,1,0,0,4,0,39.9413,-75.2178, , 
65496,730348,2013006781,6,67,67301,2012,11,3,730,7,1,2,1,8,1, , ,N,1,2,0,3,0,1,2,2,N, ,40 02:55.176,75 04:36.548,1430, ,1426, ,0, , , ,3, , , , , , , , , ,1,1,0,0,0,0,0,0,0,0,1,0,1,0,0,0,0,0,0,0,0,0,0,0,0,0,0,0,0,0,0,0,1,0,0,3,0,40.0487,-75.0768, , 
65497,730351,2012060767,6,67,67301,2012,5,1,1600,16,1,1,0,8,1, , ,N,0,0,0,3,0,1,2,2,N,N,39 55:27.350,75 11:31.887,1606, ,1602, ,0, ,N, ,0, , , , , , , , , ,1,1,0,0,0,0,0,0,0,0,0,1,1,0,0,0,0,0,0,0,0,0,0,0,0,0,0,0,0,0,0,0,1,0,0,4,0,39.9243,-75.1922, , 
65498,730369,2012080815,6,67,67301,2012,7,2,1545,15,1,1,0,1,1,8,8,Y,0,7,0,3,0,0,2,2,N,N,39 53:52.101,75 12:41.930,1555,99,1550,9,1,6,Y, ,9,N,U,U,U,U,U,U,U,U,2,1,0,0,0,0,1,0,0,0,0,0,0,0,0,0,0,0,0,0,1,0,0,0,0,0,0,0,0,0,0,0,0,0,0,0,0,39.8978,-75.2116, , 
65499,730371,2012083067,6,67,67301,2012,5,2,930,9,1,1,0,1,1, , ,N,0,0,0,3,0,1,2,2,N,N,39 57:33.105,75 10:20.559,0, ,0, ,0, ,N, ,0, , , , , , , , , ,2,1,0,0,1,0,0,0,0,0,0,0,1,1,0,0,0,0,0,0,0,0,0,0,0,0,0,0,0,0,0,0,0,0,0,8,0,39.9592,-75.1724, , 
65500,730380,2013003850,6,67,67301,2012,12,7,1551,15,1,1,0,1,1, , ,N,2,0,0,3,0,2,3,2,N,N,40 04:55.559,75 12:17.504,1642, ,1638, ,0, ,N, ,0, , , , , , , , , ,2,2,0,0,0,0,0,0,0,0,0,0,2,2,0,0,0,0,0,0,1,0,1,0,0,0,0,0,0,0,0,0,0,0,0,8,0,40.0821,-75.2049, , 
65501,730385,2012109748,6,67,67301,2012,10,3,9999,99,3,1,0,4,1, , ,N,1,0,0,3,0,1,5,2,N, ,39 59:34.545,75 13:03.607,2210, ,2210, ,0, , , ,0, , , , , , , , , ,2,2,0,0,0,0,0,0,0,0,0,0,3,3,2,0,0,0,0,0,1,0,0,1,0,0,0,0,0,0,0,0,0,0,0,8,0,39.993,-75.2176, , 
65502,730387,2012111715,6,67,67301,2012,10,6,816,8,1,1,0,8,1, , ,N,2,0,0,3,0,1,2,2,N,Y,40 02:02.364,75 09:59.090,835, ,827, ,0, ,N, ,0, , , , , , , , , ,1,1,0,0,0,0,0,0,0,0,0,1,1,0,0,0,0,0,0,0,1,0,0,0,0,0,0,0,0,0,0,0,1,0,0,4,0,40.034,-75.1664, , 
65503,730393,2012120125,6,67,67301,2012,10,2,1309,13,1,2,1,4,1, , ,N,0,0,0,3,0,1,1,2,N,N,40 05:36.348,74 58:33.873,1315, ,1309, ,0, ,N, ,0, , , , , , , , , ,2,1,0,0,0,0,1,0,0,0,0,0,1,1,0,0,0,0,0,0,0,1,0,0,0,0,0,0,0,0,0,0,0,0,0,8,0,40.0934,-74.9761, , 
65504,730407,2013006921,6,67,67301,2012,12,3,1930,19,3,1,0,5,2, , ,N,0,0,0,3,0,1,2,2,N,N,39 58:10.930,75 09:59.292,1930, ,1930, ,0, ,N, ,0, , , , , , , , , ,2,2,0,0,0,0,0,0,0,0,0,1,1,0,0,0,0,0,0,0,0,0,0,0,0,0,0,0,0,0,0,0,0,0,0,4,0,39.9697,-75.1665, , 
65505,721070,2012064019,6,67,67301,2012,5,5,1530,15,1,2,1,8,1, , ,N,1,3,0,3,0,1,2,2,N, ,39 57:22.618,75 13:46.365,1646, ,1645, ,0, , , ,3, , , , , , , , , ,1,1,0,0,0,0,0,0,0,0,0,1,1,0,0,0,0,0,0,0,0,0,0,0,0,0,0,0,0,0,0,0,1,0,0,4,0,39.9563,-75.2295, , 
65506,721086,2012078381,6,67,67301,2012,6,7,110,1,3,2,1,2,1, , ,N,0,0,0,3,0,1,2,2,N, ,40 00:02.178,75 04:01.288,345, ,343,3,2,7, , ,0,Y, , , , , , , , ,2,2,0,0,0,0,0,0,0,0,0,1,1,0,0,0,0,0,0,0,0,0,0,0,0,0,0,0,0,0,0,0,0,0,0,4,0,40.0006,-75.067, , 
65507,721093,2012083414,6,67,67301,2012,7,3,845,8,1,1,0,4,1, , ,N,0,0,0,3,0,1,1,2,N,N,40 00:23.605,75 09:12.621,850, ,848, ,0, ,N, ,0, , , , , , , , , ,2,1,0,0,0,0,1,0,0,0,0,1,1,0,0,0,0,0,0,0,0,0,0,0,0,0,0,0,0,0,0,0,0,0,0,4,0,40.0066,-75.1535, , 
65508,721107,2012098304,6,67,67301,2012,8,3,1659,16,1,1,0,5,1, , ,N,1,2,0,3,0,3,4,2,N, ,39 58:14.012,75 08:59.857,1830, ,1700, ,0, , , ,3, , , , , , , , , ,2,2,0,0,0,0,0,0,0,3,0,0,3,0,1,0,0,0,0,0,0,0,0,0,0,0,0,0,0,0,0,0,0,0,0,2,0,39.9704,-75.15, , 
65509,721119,2012064003,6,67,67301,2012,5,1,943,9,1,1,0,4,1, , ,N,1,2,0,3,0,1,4,2,N,N,40 01:45.919,75 07:28.901,948, ,943, ,0, ,N, ,3, , , , , , , , , ,2,0,0,0,0,0,2,0,0,0,0,1,1,0,0,0,0,0,0,0,0,0,0,0,0,0,0,0,0,0,0,0,0,0,0,4,0,40.0294,-75.1247, , 
65510,721120,2012068888,6,67,67301,2012,6,5,1345,13,1,1,0,4,1, , ,N,1,3,0,3,0,2,5,2,N,N,39 56:01.870,75 09:20.732,1350, ,1347, ,0, ,N, ,3, , , , , , , , , ,2,1,0,0,0,0,0,1,0,0,0,0,2,2,0,0,0,0,0,0,2,0,0,0,0,0,0,0,0,0,0,0,0,0,0,8,0,39.9339,-75.1558, , 
65511,721125,2012073547,6,67,67301,2012,6,2,2345,23,3,1,0,2,1, , ,N,0,0,0,3,0,2,3,2,N, ,40 00:26.902,75 07:53.320,9999, ,9999, ,0, , , ,0, , , , , , , , , ,2,1,1,0,0,0,0,0,0,0,2,0,2,0,1,0,0,0,0,0,0,0,0,0,0,0,0,0,0,0,0,0,0,0,0,3,0,40.0075,-75.1315, , 
65512,721144,2012095637,6,67,67301,2012,8,3,1233,12,1,1,0,1,6, , ,N,0,0,0,3,0,0,1,3,N,N,39 59:54.728,75 07:46.143,1240, ,1239, ,0, ,N, ,0, , , , , , , , , ,3,1,0,0,0,0,0,2,0,0,0,0,0,0,0,0,0,0,0,0,0,0,0,0,0,0,0,0,0,0,0,0,0,0,0,0,0,39.9985,-75.1295, , 
65513,721145,2012098460,6,67,67301,2012,8,5,1940,19,4,1,0,4,1, , ,N,1,2,0,3,0,1,2,2,N, ,39 57:12.851,75 10:23.488,1947, ,1946, ,0, , , ,3, , , , , , , , , ,1,1,0,0,0,0,0,0,1,0,0,0,1,1,0,0,0,0,0,0,0,0,0,0,0,0,0,0,0,0,0,0,0,0,0,8,0,39.9536,-75.1732, , 
65514,721158,2012063992,6,67,67301,2012,5,6,716,7,1,1,0,4,1, , ,N,1,2,0,3,0,0,2,2,N,Y,40 02:22.401,75 05:03.893,825, ,822, ,0, , , ,3, , , , , , , , , ,2,2,0,0,0,0,0,0,0,0,0,0,0,0,0,0,0,0,0,0,0,0,0,0,0,0,0,0,0,0,0,0,0,0,0,0,0,40.0396,-75.0844, , 
65515,721170,2012073529,6,67,67301,2012,6,4,1900,19,1,1,0,4,1, , ,N,0,0,7,3,0,3,3,2,N,N,40 02:09.492,75 02:23.560,1920, ,1912, ,0, ,N, ,0, , , , , , , , , ,2,2,0,0,0,0,0,0,0,0,0,2,3,1,0,0,0,0,0,0,0,0,0,0,0,0,0,0,0,0,0,0,0,0,0,4,0,40.036,-75.0399, , 
65516,721178,2012078347,6,67,67301,2012,7,3,730,7,1,1,0,4,2, , ,N,1,2,0,3,0,1,2,2,N,N,40 02:44.514,75 01:53.568,742, ,736, ,0, , , ,3, , , , , , , , , ,1,1,0,0,0,0,0,0,1,0,0,1,1,0,0,0,0,0,0,0,0,0,0,1,0,0,0,0,0,0,0,0,0,0,0,4,0,40.0457,-75.0315, , 
65517,721179,2012080781,6,67,67301,2012,7,7,815,8,1,1,0,1,1, , ,N,1,2,0,3,0,1,2,2,N, ,40 01:30.316,75 13:21.561,825, ,823,2,2,5, , ,3,Y, , , , , , , , ,1,1,0,0,0,0,0,0,1,0,1,0,1,0,0,0,0,0,0,0,0,0,0,0,0,0,0,0,0,0,0,0,0,0,0,3,0,40.0251,-75.2227, , 
65518,721180,2012080828,6,67,67301,2012,7,7,2120,21,3,1,0,8,1, , ,N,0,2,0,3,0,1,5,2,N,N,39 59:47.525,75 10:28.751,2125, ,2122,1,1,3,N, ,3,Y, , , , , , , , ,1,0,0,0,0,0,0,1,0,0,0,1,1,0,0,0,0,0,0,0,0,0,0,4,0,0,0,0,0,0,0,0,1,0,0,4,0,39.9965,-75.1747, , 
65519,721184,2012083814,6,67,67301,2012,8,2,1139,11,1,1,0,1,1, , ,N,0,2,0,3,0,3,3,3,N,N,40 01:46.113,75 06:16.226,1154, ,1140,1,1,1, , ,3,N, , , , , , , , ,3,2,0,0,1,0,0,0,0,0,0,3,3,0,0,0,0,0,0,0,1,1,0,1,0,0,0,0,0,0,0,0,0,0,0,4,0,40.0295,-75.1045, , 
65520,721204,2012066532,6,67,67301,2012,6,4,911,9,1,1,0,5,1, , ,N,0,0,0,3,0,1,2,2,N,N,39 57:16.838,75 11:40.206,911, ,911, ,0, ,N, ,0, , , , , , , , , ,1,1,0,0,0,0,0,0,1,0,0,1,1,0,0,0,0,0,0,0,1,0,0,0,0,0,0,0,0,0,0,0,0,0,0,4,0,39.9547,-75.1945, , 
65521,721206,2012068938,6,67,67301,2012,6,1,1954,19,4,1,0,4,1, , ,N,0,0,0,3,0,1,2,2,N,N,40 00:33.238,75 06:09.849,2012, ,2008, ,0, ,N, ,0, , , , , , , , , ,1,0,0,0,1,0,0,0,1,0,0,0,1,1,0,0,0,0,0,0,0,0,0,0,0,0,0,0,0,0,0,0,0,0,0,8,0,40.0092,-75.1027, , 
65522,721217,2012078160,6,67,67301,2012,7,6,15,0,6,1,0,7,3, , ,N,10,3,0,3,0,0,1,1,N,N,39 52:51.747,75 13:42.934,1230, ,30, ,0, ,N, ,3, , , , , , , , , ,1,1,0,0,0,0,0,0,0,0,0,0,0,0,0,0,0,0,0,0,0,0,0,0,0,0,0,0,0,0,0,0,0,0,0,0,0,39.881,-75.2286, , 
65523,724189,2013006661,6,67,67301,2012,12,2,1620,16,1,2,1,4,1, , ,N,0,0,0,3,0,1,3,2,N,N,40 00:14.034,75 07:26.900,1630, ,1627, ,0, ,N, ,0, , , , , , , , , ,2,2,0,0,0,0,0,0,0,0,0,1,1,0,0,0,0,0,0,0,1,0,0,0,0,0,0,0,0,0,0,0,0,0,0,4,0,40.0039,-75.1241, , 
65524,724202,2012066452,6,67,67301,2012,6,6,1534,15,1,1,0,8,1, , ,N,1,2,0,3,0,1,2,2,N,N,40 00:38.996,75 09:02.835,1541, ,1534, ,0, ,N, ,3, , , , , , , , , ,1,0,0,0,1,0,0,0,0,0,0,0,1,1,0,0,0,0,0,0,0,0,0,0,0,0,0,0,0,0,0,0,1,0,0,8,0,40.0107,-75.1508, , 
65525,724206,2012068862,6,67,67301,2012,6,3,1600,16,1,2,1,1,1, , ,N,0,0,0,3,0,1,2,2,N,N,40 00:20.289,75 07:40.072,1611, ,1610, ,0, , , ,0, , , , , , , , , ,2,1,0,0,1,0,0,0,0,0,0,1,1,0,0,0,0,0,1,0,1,0,0,0,0,0,0,0,0,0,0,0,0,0,0,4,0,40.0056,-75.1278, , 
65526,724213,2012078222,6,67,67301,2012,7,4,700,7,1,1,0,9,1, , ,N,1,2,0,3,0,1,2,2,N,N,40 02:10.701,75 03:04.967,709, ,704, ,0, ,Y, ,3, , , , , , , , , ,2,1,0,0,0,0,1,0,0,0,0,0,1,1,0,0,0,0,0,0,2,0,0,0,0,0,0,0,0,0,0,0,0,0,0,8,0,40.0363,-75.0514, , 
65527,724227,2012098953,6,67,67301,2012,9,6,1300,13,1,1,0,1,6, , ,N,0,0,0,3,0,1,1,2,N,N,40 03:38.400,75 10:02.746,1313, ,1309, ,0, ,N, ,0, , , , , , , , , ,2,0,1,0,0,0,1,0,0,0,0,0,1,1,0,0,0,0,0,0,0,0,0,0,0,0,0,0,0,0,0,0,0,0,0,8,0,40.0607,-75.1674, , 
65528,724231,2012109632,6,67,67301,2012,10,3,9999,99,3,2,1,1,2, , ,N,0,0,0,3,0,1,1,2,N,N,40 02:46.370,75 08:08.732,1835, ,1835,2,1,4,N, ,0,N, , , , , , , , ,2,2,0,0,0,0,0,0,0,0,0,1,1,0,0,0,0,0,0,0,0,0,0,0,0,0,0,0,0,0,0,0,0,0,0,4,0,40.0462,-75.1358, , 
65529,724249,2012116263,6,67,67301,2012,8,3,1400,14,1,1,0,5,1, , ,N,2,2,0,3,0,1,3,2,N,N,40 01:26.980,75 07:59.296,0, ,0, ,0, ,N, ,3, , , , , , , , , ,2,2,0,0,0,0,0,0,0,0,0,0,1,1,2,0,0,0,0,1,0,0,0,0,0,0,0,0,0,0,0,0,0,0,0,8,0,40.0242,-75.1331, , 
65530,724260,2012078497,6,67,67301,2012,7,1,1715,17,1,1,0,5,2, , ,N,0,0,0,3,0,2,2,4,N, ,39 59:07.464,75 07:26.066,1732, ,1729, ,0, , , ,0, , , , , , , , , ,3,3,0,0,0,0,0,0,0,0,0,2,2,0,0,0,0,0,0,0,0,0,0,0,0,0,0,0,0,0,0,0,1,0,0,4,0,39.9854,-75.1239, , 
65531,724271,2012098338,6,67,67301,2012,9,7,2255,22,3,2,1,5,6, , ,N,0,0,0,3,0,0,1,3,N,N,39 56:03.840,75 08:52.616,24, ,21, ,0, ,N, ,0, , , , , , , , , ,3,1,0,0,1,0,1,0,0,0,0,0,0,0,1,0,0,0,0,0,0,0,0,0,0,0,0,0,0,0,0,0,0,0,0,9,0,39.9344,-75.1479, , 
65532,724273,2012099378,6,67,67301,2012,9,6,1801,18,1,1,0,4,1, , ,N,1,3,0,3,0,1,2,2,N,N,39 57:07.390,75 12:51.785,1805, ,1805, ,0, ,N, ,3, , , , , , , , , ,1,1,0,0,0,0,0,0,0,0,0,0,1,1,0,0,0,0,0,0,0,0,0,0,0,0,0,0,0,0,0,0,1,0,0,8,0,39.9521,-75.2144, , 