objectid_1,objectid,crn,district,county,municipality,crash_year,crash_month,day_of_week,time_of_day,hour_of_day,illumination,weather,road_condition,collision_type,relation_to_road,work_zone_type,work_zone_loc,work_zone_ind,intersect_type,tcd_type,location_type,urban_rural,fatal_count,injury_count,person_count,total_units,sch_bus_ind,sch_zone_ind,latitude,longitude,arrival_tm,cons_zone_spd_lim,dispatch_tm,est_hrs_closed,lane_closed,ln_close_dir,ntfy_hiwy_maint,spec_juris_cd,tcd_func_cd,tfc_detour_ind,workers_pres,wz_close_detour,wz_flagger,wz_law_offcr_ind,wz_ln_closure,wz_moving,wz_other,wz_shlder_mdn,vehicle_count,automobile_count,motorcycle_count,bus_count,small_truck_count,heavy_truck_count,suv_count,van_count,bicycle_count,maj_inj_count,mod_inj_count,min_inj_count,tot_inj_count,unk_inj_deg_count,unk_inj_per_count,driver_count_16yr,driver_count_17yr,driver_count_18yr,driver_count_19yr,driver_count_20yr,driver_count_50_64yr,driver_count_65_74yr,driver_count_75plus,unbelted_occ_count,unb_death_count,unb_maj_inj_count,belted_death_count,belted_maj_inj_count,mcycle_death_count,mcycle_maj_inj_count,bicycle_death_count,bicycle_maj_inj_count,ped_count,ped_death_count,ped_maj_inj_count,max_severity_level,comm_veh_count,dec_lat,dec_long,rdwy_surf_type_cd,county_name
65533,724284,2012116222,6,46,46101,2012,7,3,730,7,1,1,0,7,4, , ,N,0,0,0,3,0,0,1,1,N,N,40 02:20.571,75 08:40.639,0, ,0, ,0, ,N, ,0, , , , , , , , , ,1,0,0,0,0,0,1,0,0,0,0,0,0,0,1,0,0,0,0,0,0,0,0,0,0,0,0,0,0,0,0,0,0,0,0,9,0,40.039,-75.1446, , 
65534,724293,2012056451,6,67,67301,2012,2,5,1919,19,6,1,0,1,1, , ,N,1,2,0,3,0,1,4,3,N,N,39 56:46.761,75 14:38.612,0, ,0, ,0, ,N, ,3, , , , , , , , , ,3,3,0,0,0,0,0,0,0,0,1,0,1,0,0,0,0,0,0,0,0,0,0,1,0,0,0,0,0,0,0,0,0,0,0,3,0,39.9463,-75.2441, , 
65535,724302,2012086177,6,67,67301,2012,8,3,654,6,1,1,0,1,1, , ,N,0,0,0,3,0,1,4,4,N,N,39 57:34.850,75 10:34.577,715, ,705,1,1,4,N, ,0,N, , , , , , , , ,4,3,0,0,0,0,1,0,0,0,0,1,1,0,0,0,0,0,0,0,1,1,0,0,0,0,0,0,0,0,0,0,0,0,0,4,0,39.9597,-75.1763, , 
65536,724303,2012086633,6,67,67301,2012,8,1,1822,18,1,1,0,4,1, , ,N,0,0,0,3,0,1,4,2,N, ,40 03:59.110,74 58:55.753,1829, ,1823,2,2,1, , ,0,N, , , , , , , , ,2,1,1,0,0,0,0,0,0,0,0,2,2,0,0,0,0,0,0,0,0,0,0,0,0,0,0,0,0,0,0,0,0,0,0,4,0,40.0664,-74.9822, , 
65537,724319,2012104018,6,67,67301,2012,9,4,805,8,1,1,0,8,1, , ,N,0,2,0,3,0,1,3,2,N, ,39 57:23.198,75 09:37.774,820, ,807, ,0, , , ,3, , , , , , , , , ,1,0,0,0,0,0,1,0,0,0,0,1,1,0,0,0,0,0,0,0,0,0,0,0,0,0,0,0,0,0,0,0,1,0,0,4,0,39.9564,-75.1605, , 
65538,724320,2012104292,6,67,67301,2012,9,1,334,3,3,1,0,4,1, , ,N,1,3,0,3,0,0,4,3,N,N,39 55:45.379,75 10:42.387,337, ,336, ,0, ,N, ,3, , , , , , , , , ,3,3,0,0,0,0,0,0,0,0,0,4,4,0,0,0,0,0,0,0,0,0,0,0,0,0,0,0,0,0,0,0,0,0,0,4,0,39.9293,-75.1784, , 
65539,724341,2012063105,6,67,67301,2012,5,7,225,2,3,1,0,4,1, , ,N,1,2,0,3,0,1,4,5,N,N,39 57:23.639,75 12:35.094,225, ,225, ,0, ,N, ,3, , , , , , , , , ,5,3,0,0,2,0,0,0,0,0,0,0,1,1,3,0,0,1,0,0,0,0,0,4,0,0,0,0,0,0,0,0,0,0,0,8,0,39.9566,-75.2098, , 
65540,724344,2012068797,6,67,67301,2012,5,6,804,8,1,1,0,7,4, , ,N,1,0,0,3,0,1,1,1,N, ,39 58:44.233,75 10:57.046,1806, ,1804,2,2,3, , ,0,Y, , , , , , , , ,1,1,0,0,0,0,0,0,0,0,1,0,1,0,0,0,0,0,0,0,0,0,0,0,0,0,0,0,0,0,0,0,0,0,0,3,0,39.9789,-75.1825, , 
65541,724345,2012068937,6,67,67301,2012,5,3,2053,20,1,2,1,8,1, , ,N,2,0,0,3,1,0,3,2,N,N,39 59:28.000,75 06:51.407,2110, ,2106,3,2,1,N,0,0,Y, , , , , , , , ,1,1,0,0,0,0,0,0,0,0,0,0,0,0,1,0,0,0,0,0,0,0,0,0,0,0,0,0,0,0,0,0,1,1,0,1,0,39.9911,-75.1143,2, 
65542,727134,2012129083,6,67,67301,2012,11,2,1346,13,1,1,0,4,1, , ,N,2,2,0,3,0,1,3,2,N,N,40 01:51.084,75 05:08.060,1527, ,1517, ,0, ,N, ,3, , , , , , , , , ,2,1,0,0,0,0,0,1,0,0,0,0,1,1,0,0,0,0,0,0,0,0,0,0,0,0,0,0,0,0,0,0,0,0,0,8,0,40.031,-75.0856, , 
65543,727139,2013003767,6,67,67301,2012,12,3,930,9,1,1,0,4,1, , ,N,1,3,0,3,0,1,3,2,N, ,39 59:32.200,75 07:11.866,938, ,936, ,0, , , ,3, , , , , , , , , ,2,1,0,0,1,0,0,0,0,0,0,1,1,0,1,0,0,0,0,0,0,0,0,1,0,0,0,0,0,0,0,0,0,0,0,4,0,39.9923,-75.12, , 
65544,727148,2012111673,6,67,67301,2012,10,4,2028,20,3,1,0,4,1, , ,N,1,2,0,3,0,1,2,2,N,N,40 02:38.785,75 03:43.094,2045, ,2034, ,0, ,N, ,3, , , , , , , , , ,2,2,0,0,0,0,0,0,0,0,0,1,1,0,0,0,0,0,0,0,0,0,0,0,0,0,0,0,0,0,0,0,0,0,0,4,0,40.0441,-75.0619, , 
65545,727154,2012120045,6,67,67301,2012,10,5,1450,14,1,1,0,8,1, , ,N,1,2,0,3,0,1,2,2,N,N,39 57:05.291,75 09:23.992,1517, ,1515, ,0, ,N, ,3, , , , , , , , , ,1,1,0,0,0,0,0,0,0,0,0,0,1,1,1,0,0,0,0,0,0,0,0,0,0,0,0,0,0,0,0,0,1,0,0,8,0,39.9515,-75.1567, , 
65546,727165,2013007260,6,67,67301,2012,12,6,1640,16,3,1,0,1,1, , ,N,0,0,0,3,0,1,2,2,N,N,40 01:33.577,75 02:35.328,1648, ,1645,1,1,1, , ,0,N, , , , , , , , ,2,2,0,0,0,0,0,0,0,0,0,1,1,0,0,0,0,0,0,0,0,0,0,0,0,0,0,0,0,0,0,0,0,0,0,4,0,40.026,-75.0431, , 
65547,727167,2013012066,6,67,67301,2012,12,4,2101,21,3,2,1,4,1, , ,N,1,0,0,3,0,1,6,2,N, ,40 00:20.236,75 11:02.837,2103, ,2101,1,1,3,N, ,0,N, , , , , , , , ,2,0,0,0,0,0,1,1,0,0,0,1,1,0,0,0,0,0,0,0,0,0,0,1,0,0,0,0,0,0,0,0,0,0,0,4,0,40.0056,-75.1841, , 
65548,727177,2012060690,6,67,67301,2012,5,7,100,1,3,1,1,1,1, , ,N,1,2,0,3,0,4,5,3,N,N,40 01:40.946,75 06:36.204,131, ,123, ,0, ,N, ,3, , , , , , , , , ,3,1,0,0,0,0,2,0,0,0,0,4,4,0,1,0,0,1,0,0,0,0,0,0,0,0,0,0,0,0,0,0,0,0,0,4,0,40.028,-75.1101, , 
65549,727183,2012066539,6,67,67301,2012,5,4,2015,20,3,1,0,1,1, , ,N,0,0,0,3,0,0,2,2,N, ,39 57:36.068,75 09:55.616,2025, ,2020, ,0, , , ,0, , , , , , , , , ,2,1,0,0,0,0,1,0,0,0,0,0,0,0,0,0,0,0,0,0,1,0,0,0,0,0,0,0,0,0,0,0,0,0,0,0,0,39.96,-75.1654, , 
65550,727198,2012093633,6,67,67301,2012,9,4,553,5,3,1,0,5,1, , ,N,0,0,0,3,0,1,2,2,N,N,39 55:27.047,75 11:34.058,610, ,603,2,1,3,N, ,0,N, , , , , , , , ,2,1,0,0,0,1,0,0,0,0,0,0,1,1,0,0,0,0,0,0,0,0,0,0,0,0,0,0,0,0,0,0,0,0,0,8,1,39.9241,-75.1928, , 
65551,727199,2012095381,6,67,67301,2012,8,3,708,7,1,1,1,1,6, , ,N,1,2,0,3,0,0,1,2,N, ,39 57:04.866,75 11:56.817,708, ,708, ,0, , , ,3, , , , , , , , , ,2,0,0,0,0,2,0,0,0,0,0,0,0,0,0,0,0,0,0,0,0,0,0,0,0,0,0,0,0,0,0,0,0,0,0,0,0,39.9513,-75.1991, , 
65552,727208,2012101038,6,67,67301,2012,9,7,1417,14,1,1,1,8,1, , ,N,1,2,0,3,0,1,2,2,N,N,39 58:45.509,75 09:45.755,1423, ,1420, ,0, , , ,3, , , , , , , , , ,1,1,0,0,0,0,0,0,0,0,1,0,1,0,0,0,0,0,0,0,0,0,0,0,0,0,0,0,0,0,0,0,1,0,0,3,0,39.9793,-75.1627, , 
65553,727220,2012114858,6,67,67301,2012,10,6,1140,11,1,2,1,4,1, , ,N,1,3,0,3,0,1,3,2,N,N,39 57:44.445,75 08:58.754,1145, ,1140, ,0, ,N, ,3, , , , , , , , , ,2,2,0,0,0,0,0,0,0,0,0,0,1,1,0,0,0,0,0,0,2,0,0,0,0,0,0,0,0,0,0,0,0,0,0,8,0,39.9623,-75.1497, , 
65554,727229,2012109889,6,67,67301,2012,10,2,850,8,1,1,0,4,1, , ,N,3,2,0,3,0,0,2,3,N,N,39 57:19.579,75 10:59.273,959, ,954,1,1,2,N, ,3,N, , , , , , , , ,3,3,0,0,0,0,0,0,0,0,0,0,0,0,0,0,0,0,0,0,1,0,0,0,0,0,0,0,0,0,0,0,0,0,0,0,0,39.9557,-75.1831, , 
65555,727230,2012109909,6,67,67301,2012,10,3,9999,99,1,2,1,8,1, , ,N,1,2,0,3,0,2,2,3,N, ,39 56:16.512,75 13:52.078,830, ,830, ,0, , , ,3, , , , , , , , , ,1,1,0,0,0,0,0,0,0,0,0,0,2,2,0,0,0,0,0,0,0,0,0,0,0,0,0,0,0,0,0,0,2,0,0,8,0,39.9379,-75.2311, , 
65556,727239,2012078286,6,67,67301,2012,7,2,1522,15,1,1,0,1,1, , ,N,2,2,0,3,0,1,4,2,N, ,39 57:11.313,75 11:41.092,1525, ,1523, ,0, , , ,3, , , , , , , , , ,2,1,0,0,1,0,0,0,0,0,0,1,1,0,0,0,0,0,0,1,1,0,0,0,0,0,0,0,0,0,0,0,0,0,0,4,0,39.9531,-75.1947, , 
65557,727242,2012080753,6,67,67301,2012,7,7,1631,16,1,1,0,8,1, , ,N,2,2,0,3,0,2,2,3,N,N,39 56:43.728,75 12:30.945,1740, ,1724, ,0, ,N, ,3, , , , , , , , , ,1,1,0,0,0,0,0,0,0,0,0,0,2,2,0,0,0,0,0,0,0,0,0,0,0,0,0,0,0,0,0,0,2,0,0,8,0,39.9455,-75.2086, , 
65558,727244,2012083293,6,67,67301,2012,8,5,13,0,3,1,0,5,1, , ,N,0,2,0,3,0,1,2,2,N,N,39 58:26.933,75 12:15.896,25, ,18, ,0, ,N, ,3, , , , , , , , , ,2,0,0,0,1,1,0,0,0,0,0,0,1,1,0,0,0,0,0,0,0,0,0,0,0,0,0,0,0,0,0,0,0,0,0,8,1,39.9741,-75.2044, , 
65559,727254,2012098319,6,67,67301,2012,7,5,2035,20,2,1,0,7,5, , ,N,0,0,0,3,0,1,1,1,N,N,40 01:08.799,75 09:14.551,2052, ,2050, ,0, ,N, ,0, , , , , , , , , ,1,0,0,0,1,0,0,0,0,0,1,0,1,0,0,0,0,0,0,0,0,1,0,1,0,0,0,0,0,0,0,0,0,0,0,3,0,40.0191,-75.154, , 
65560,731682,2012117217,6,67,67301,2012,10,6,800,8,1,1,0,5,2, , ,N,0,0,0,3,0,0,2,2,N, ,39 59:58.724,75 04:08.063,810, ,805, ,0, , , ,0, , , , , , , , , ,2,0,0,0,0,1,0,1,0,0,0,0,0,0,0,0,0,0,0,0,1,0,0,0,0,0,0,0,0,0,0,0,0,0,0,0,1,39.9996,-75.0689, , 
65561,731707,2013006799,6,67,67301,2012,12,2,846,8,1,2,1,4,1, , ,N,1,2,0,3,0,4,4,2,N, ,39 57:25.688,75 12:51.554,848, ,846,9,2,7, , ,3,Y, , , , , , , , ,2,0,0,0,2,0,0,0,0,0,0,4,4,0,0,0,0,0,0,0,0,1,0,0,0,0,0,0,0,0,0,0,0,0,0,4,0,39.9571,-75.2143, , 
65562,731708,2013006864,6,67,67301,2012,12,3,333,3,3,1,0,7,3, , ,N,2,0,0,3,0,0,2,1,N,N,40 04:15.522,75 02:16.209,335, ,333,2,2,1,N, ,0,Y, , , , , , , , ,1,1,0,0,0,0,0,0,0,0,0,0,0,0,0,0,0,0,1,0,0,0,0,0,0,0,0,0,0,0,0,0,0,0,0,0,0,40.0711,-75.038, , 
65563,731715,2012130690,6,67,67301,2012,12,6,5,0,3,2,1,7,3, , ,N,0,0,0,3,0,1,1,1,N,N,39 58:57.309,75 12:27.900,10, ,5, ,0, ,N, ,0, , , , , , , , , ,1,0,0,0,1,0,0,0,0,0,0,1,1,0,0,0,0,0,0,0,1,0,0,0,0,0,0,0,0,0,0,0,0,0,0,4,0,39.9826,-75.2078, , 
65564,731720,2013003896,6,67,67301,2012,12,7,1026,10,1,2,1,1,1, , ,N,1,2,0,3,0,2,8,2,N,N,39 59:41.792,75 11:14.022,1030, ,1027,9,1,7,N, ,3,N, , , , , , , , ,2,2,0,0,0,0,0,0,0,0,0,2,2,0,2,0,0,0,0,0,1,0,0,0,0,0,0,0,0,0,0,0,0,0,0,4,0,39.9949,-75.1872, , 
65565,731723,2012078198,6,67,67301,2012,6,6,1505,15,1,1,0,1,1, , ,N,0,0,1,3,0,1,3,2,N,N,39 56:42.276,75 11:53.936,1507, ,1507, ,0, ,N, ,0, , , , , , , , , ,2,2,0,0,0,0,0,0,0,0,0,1,1,0,0,0,0,0,0,0,0,0,0,0,0,0,0,0,0,0,0,0,0,0,0,4,0,39.9451,-75.1983, , 
65566,731725,2012080854,6,67,67301,2012,7,6,1921,19,1,1,0,4,1, , ,N,0,0,7,3,0,0,3,2,N,N,40 05:46.656,74 58:33.624,1928, ,1923,2,1,1,N, ,0,N, , , , , , , , ,2,1,0,0,0,0,1,0,0,0,0,0,0,0,0,0,0,0,0,0,1,0,0,0,0,0,0,0,0,0,0,0,0,0,0,0,0,40.0963,-74.976, , 
65567,731728,2012083315,6,67,67301,2012,8,7,1016,10,1,1,0,1,1, , ,N,1,3,0,3,0,1,2,2,N, ,39 59:42.078,75 04:40.635,1035, ,1022, ,0, , , ,3, , , , , , , , , ,2,2,0,0,0,0,0,0,0,0,0,1,1,0,0,0,0,0,0,0,0,0,0,0,0,0,0,0,0,0,0,0,0,0,0,4,0,39.995,-75.078, , 
65568,731730,2012085785,6,67,67301,2012,7,6,1530,15,1,1,0,8,1, , ,N,1,2,0,3,0,1,2,2,N,N,40 03:17.618,75 09:16.149,1805, ,1757, ,0, , , ,3, , , , , , , , , ,1,0,0,0,0,0,0,1,0,0,1,0,1,0,0,0,0,0,0,0,0,1,0,1,0,0,0,0,0,0,0,0,1,0,0,3,0,40.0549,-75.1545, , 
65569,731736,2012088605,6,67,67301,2012,8,1,1728,17,1,1,0,4,1, , ,N,0,2,7,3,0,0,3,2,N,N,40 01:31.792,75 07:20.367,1734, ,1729,1,1,1,N, ,3,N, , , , , , , , ,2,2,0,0,0,0,0,0,0,0,0,1,1,0,0,0,0,0,0,1,0,0,0,0,0,0,0,0,0,0,0,0,0,0,0,4,0,40.0255,-75.1223, , 
65570,731743,2012095395,6,67,67301,2012,8,6,1010,10,1,1,0,4,1, , ,N,1,2,0,3,0,2,3,2,N, ,40 03:59.676,75 03:04.085,1020, ,1017, ,0, ,N, ,3, , , , , , , , , ,2,2,0,0,0,0,0,0,0,0,0,1,2,1,0,0,0,0,0,0,0,1,1,0,0,0,0,0,0,0,0,0,0,0,0,4,0,40.0666,-75.0511, , 
65571,731747,2012104046,6,67,67301,2012,9,5,850,8,1,1,0,1,1, , ,N,1,2,0,3,0,1,2,2,N,N,39 58:03.960,75 12:35.195,858, ,854, ,0, ,N, ,3, , , , , , , , , ,2,2,0,0,0,0,0,0,0,0,0,1,1,0,0,0,0,0,0,0,0,0,0,0,0,0,0,0,0,0,0,0,0,0,0,4,0,39.9677,-75.2097, , 
65572,731753,2012109050,6,67,67301,2012,10,4,2226,22,3,1,0,9,1, , ,N,0,0,0,3,0,0,1,1,N,N,39 58:30.614,75 11:40.526,2233, ,2230,1,2,3,N, ,0,N, , , , , , , , ,1,0,1,0,0,0,0,0,0,0,0,0,0,0,1,0,0,0,0,0,0,0,0,0,0,0,0,0,0,0,0,0,0,0,0,9,0,39.9752,-75.1946, , 
65573,731776,2013007289,6,67,67301,2012,12,1,1455,14,1,2,1,4,1, , ,N,1,2,0,3,0,1,3,2,N, ,40 00:38.808,75 07:35.921,1458, ,1457, ,0, ,N, ,3, , , , , , , , , ,2,1,0,0,0,0,0,1,0,0,0,1,1,0,0,0,0,0,0,0,1,0,0,0,0,0,0,0,0,0,0,0,0,0,0,4,0,40.0108,-75.1266, , 
65574,731787,2012078404,6,67,67301,2012,7,3,1648,16,1,1,0,5,1, , ,N,0,0,0,3,0,1,1,2,N, ,39 56:42.216,75 13:54.386,1655, ,1648, ,0, , , ,0, , , , , , , , , ,2,2,0,0,0,0,0,0,0,0,0,0,1,1,0,0,0,0,0,0,0,0,0,0,0,0,0,0,0,0,0,0,0,0,0,8,0,39.9451,-75.2318, , 
65575,731788,2012078464,6,67,67301,2012,6,6,832,8,1,1,0,4,1, , ,N,1,2,0,3,0,4,4,2,N,N,39 56:19.532,75 13:36.735,855, ,853, ,0, ,N, ,3, , , , , , , , , ,2,2,0,0,0,0,0,0,0,0,0,2,4,2,0,0,0,0,0,0,0,0,0,0,0,0,0,0,0,0,0,0,0,0,0,4,0,39.9388,-75.2269, , 
65576,731802,2012106948,6,67,67301,2012,10,4,1656,16,1,1,0,1,1, , ,N,0,0,0,3,0,1,2,2,N,N,39 59:32.447,75 12:04.665,1706, ,1658,1,1,4,N, ,0,N, , , , , , , , ,2,1,0,0,1,0,0,0,0,0,1,0,1,0,0,0,0,0,0,0,1,0,0,0,0,0,0,0,0,0,0,0,0,0,0,3,0,39.9923,-75.2013, , 
65577,731808,2012114354,6,67,67301,2012,10,1,1917,19,3,1,0,8,1, , ,N,0,0,0,3,1,0,2,2,N,N,40 02:51.746,75 03:35.776,1926, ,1919,9,2,5,N,0,0,Y, , , , , , , , ,1,1,0,0,0,0,0,0,0,0,0,0,0,0,0,0,0,0,0,0,0,0,1,0,0,0,0,0,0,0,0,0,1,1,0,1,0,40.0477,-75.0599,1, 
65578,721226,2012088609,6,67,67301,2012,8,6,1500,15,1,1,0,1,1, , ,N,0,0,0,3,0,1,2,2,N, ,39 58:35.395,75 07:10.706,1700, ,1700, ,0, , , ,0, , , , , , , , , ,2,2,0,0,0,0,0,0,0,0,0,1,1,0,1,0,0,0,0,0,0,0,0,0,0,0,0,0,0,0,0,0,0,0,0,4,0,39.9765,-75.1196, , 
65579,721243,2012111636,6,67,67301,2012,10,3,1335,13,1,1,0,8,1, , ,N,0,0,0,3,0,1,2,2,N,Y,40 02:16.893,75 05:02.720,1341, ,1338, ,0, ,N, ,0, , , , , , , , , ,1,1,0,0,0,0,0,0,0,0,0,1,1,0,0,0,0,0,0,0,0,0,0,0,0,0,0,0,0,0,0,0,1,0,0,4,0,40.038,-75.0841, , 
65580,721260,2012066761,6,67,67301,2012,5,7,9999,99,3,1,0,4,1, , ,N,1,2,0,3,0,1,3,2,N, ,39 58:10.092,75 08:22.485,9999, ,157, ,0, , , ,3, , , , , , , , , ,2,1,0,0,0,0,1,0,0,0,0,0,1,1,0,0,0,0,0,0,1,0,0,0,0,0,0,0,0,0,0,0,0,0,0,8,0,39.9695,-75.1395, , 
65581,721262,2013004387,6,67,67301,2012,9,1,2325,23,3,1,0,8,1, , ,N,0,0,0,3,0,1,2,2,N,N,40 02:01.354,75 03:49.141,2255, ,2250,3,1,1,N, ,0,Y, , , , , , , , ,1,1,0,0,0,0,0,0,0,1,0,0,1,0,0,0,0,0,0,0,1,0,0,0,0,0,0,0,0,0,0,0,1,0,1,2,0,40.0337,-75.0637, , 
65582,721268,2012109703,6,67,67301,2012,10,4,1904,19,3,1,0,1,6, , ,N,0,0,0,3,0,0,4,2,N,N,39 54:45.952,75 08:25.235,1912, ,1904, ,0, ,N, ,0, , , , , , , , , ,2,1,0,0,0,0,1,0,0,0,0,0,0,0,0,1,0,0,0,0,0,0,0,0,0,0,0,0,0,0,0,0,0,0,0,0,0,39.9128,-75.1403, , 
65583,721272,2012112621,6,67,67301,2012,10,2,756,7,1,1,0,1,1, , ,N,0,0,0,3,0,1,1,2,N,N,39 57:27.432,75 09:31.773,806, ,805, ,0, ,N, ,0, , , , , , , , , ,2,2,0,0,0,0,0,0,0,0,0,1,1,0,0,0,0,0,0,0,0,0,0,0,0,0,0,0,0,0,0,0,0,0,0,4,0,39.9576,-75.1588, , 
65584,721276,2012116473,6,67,67301,2012,11,6,137,1,2,1,0,1,1, , ,N,0,0,0,3,0,0,3,2,N,N,40 00:59.281,75 03:03.913,155, ,137, ,0, ,N, ,0, , , , , , , , , ,2,1,0,0,0,0,0,1,0,0,0,0,0,0,0,0,0,0,0,0,0,1,0,0,0,0,0,0,0,0,0,0,0,0,0,0,0,40.0164,-75.0512, , 
65585,721307,2013003758,6,67,67301,2012,12,5,1515,15,1,1,0,4,4, , ,N,2,3,0,3,0,1,2,2,N,Y,40 01:03.745,75 09:25.585,1520, ,9999,1,2,1,N, ,3,Y, , , , , , , , ,2,2,0,0,0,0,0,0,0,0,1,0,1,0,0,0,0,0,0,0,0,0,0,0,0,0,0,0,0,0,0,0,0,0,0,3,0,40.0177,-75.1571, , 
65586,721308,2013006117,6,67,67301,2012,12,4,1650,16,3,2,1,7,4, , ,N,0,0,0,3,0,1,2,1,N,N,39 58:36.439,75 11:22.178,1652, ,1650, ,0, ,N, ,0, , , , , , , , , ,1,1,0,0,0,0,0,0,0,0,0,1,1,0,0,0,0,0,0,0,0,0,0,0,0,0,0,0,0,0,0,0,0,0,0,4,0,39.9768,-75.1895, , 
65587,721317,2012078473,6,67,67301,2012,7,2,1309,13,1,1,0,5,1, , ,N,0,0,0,3,0,3,5,2,N,N,39 53:43.460,75 13:52.841,1325, ,1315, ,0, ,N, ,0, , , , , , , , , ,2,1,0,0,1,0,0,0,0,0,0,0,3,3,0,0,0,0,0,0,1,1,0,0,0,0,0,0,0,0,0,0,0,0,0,8,0,39.8954,-75.2313, , 
65588,721329,2012093262,6,67,67301,2012,8,6,109,1,3,1,0,7,3, , ,N,0,0,0,3,0,0,1,1,N,N,39 58:39.030,75 06:45.159,116, ,111,1,1,2,N, ,0,N, , , , , , , , ,1,1,0,0,0,0,0,0,0,0,0,0,0,0,0,0,0,0,0,0,0,0,0,0,0,0,0,0,0,0,0,0,0,0,0,0,0,39.9775,-75.1125, , 
65589,721345,2012109690,6,67,67301,2012,10,5,1157,11,1,1,0,4,1, , ,N,1,0,0,3,0,1,2,3,N,N,39 58:17.090,75 09:51.951,1226, ,1224, ,0, ,N, ,0, , , , , , , , , ,3,2,0,0,0,0,0,1,0,0,0,1,1,0,0,0,0,0,0,0,1,0,0,0,0,0,0,0,0,0,0,0,0,0,0,4,0,39.9714,-75.1644, , 
65590,721346,2012109902,6,67,67301,2012,10,3,1605,16,1,1,0,4,1, , ,N,1,3,0,3,0,0,2,2,N,N,40 00:49.442,75 03:34.433,1618, ,1615, ,0, ,N, ,3, , , , , , , , , ,2,2,0,0,0,0,0,0,0,0,0,0,0,0,0,0,0,0,0,0,0,0,0,0,0,0,0,0,0,0,0,0,0,0,0,0,0,40.0137,-75.0596, , 
65591,721364,2012084169,6,67,67301,2012,7,6,2045,20,3,1,0,8,1, , ,N,0,0,0,3,0,1,3,2,N,N,39 59:51.414,75 06:17.557,2116, ,2113, ,0, ,N, ,0, , , , , , , , , ,1,0,0,0,0,0,0,0,0,0,1,0,1,0,0,0,0,0,0,0,0,0,0,0,0,0,0,0,0,0,0,0,1,0,0,3,0,39.9976,-75.1049, , 
65592,721390,2012125497,6,67,67301,2012,11,4,1516,15,1,1,0,4,1, , ,N,0,0,0,3,0,2,3,2,N,N,40 03:23.781,75 00:59.079,1524, ,1519,2,1,2,N, ,0,N, , , , , , , , ,2,2,0,0,0,0,0,0,0,0,0,0,2,2,0,0,0,0,0,0,0,0,1,1,0,0,0,0,0,0,0,0,0,0,0,8,0,40.0566,-75.0164, , 
65593,721419,2012083530,6,67,67301,2012,8,7,1653,16,1,1,0,1,1, , ,N,6,0,2,3,0,0,5,2,N,N,39 53:56.725,75 10:42.270,1716, ,1712, ,0, ,N, ,0, , , , , , , , , ,2,0,0,0,0,0,2,0,0,0,0,0,0,0,0,0,0,0,0,0,0,0,0,0,0,0,0,0,0,0,0,0,0,0,0,0,0,39.8991,-75.1784, , 
65594,721421,2012085859,6,67,67301,2012,7,4,1815,18,1,1,0,7,5, , ,N,2,0,0,3,0,0,1,1,N,N,39 58:52.035,75 11:01.283,1815, ,1815, ,0, , , ,0, , , , , , , , , ,1,1,0,0,0,0,0,0,0,0,0,0,0,0,0,0,0,0,0,0,0,0,0,0,0,0,0,0,0,0,0,0,0,0,0,0,0,39.9811,-75.1837, , 
65595,721434,2012104062,6,67,67301,2012,9,3,1455,14,1,1,0,8,1, , ,N,2,0,0,3,0,1,2,2,N, ,39 57:56.865,75 14:16.616,1520, ,1513, ,0, , , ,0, , , , , , , , , ,1,1,0,0,0,0,0,0,1,0,0,0,1,1,0,0,0,0,0,0,0,0,1,0,0,0,0,0,0,0,0,0,1,0,0,8,0,39.9658,-75.2379, , 
65596,721438,2012111728,6,67,67301,2012,10,2,600,6,3,1,1,4,1, , ,N,1,2,0,3,0,1,3,2,N,N,40 03:25.064,75 05:18.129,601, ,600,2,2,5,N, ,3,Y, , , , , , , , ,2,1,0,1,0,0,0,0,0,0,1,0,1,0,2,0,0,0,0,0,1,0,0,0,0,0,0,0,0,0,0,0,0,0,0,3,1,40.057,-75.0884, , 
65597,724359,2012099010,6,67,67301,2012,9,7,9999,99,1,1,0,4,1, , ,N,1,3,0,3,0,1,5,2,N,N,40 02:46.472,75 09:57.862,1430, ,1427, ,0, ,N, ,3, , , , , , , , , ,2,1,0,0,0,0,1,0,0,0,0,0,1,1,0,0,0,0,0,0,0,0,0,0,0,0,0,0,0,0,0,0,0,0,0,8,0,40.0462,-75.1661, , 
65598,724369,2012109841,6,67,67301,2012,10,4,1739,17,1,1,0,4,1, , ,N,1,0,0,3,0,1,2,2,N,Y,39 56:25.195,75 10:21.993,1755, ,1748, ,0, ,N, ,0, , , , , , , , , ,1,1,0,0,0,0,0,0,1,0,1,0,1,0,0,0,0,0,0,0,1,0,0,0,0,0,0,0,0,0,0,0,0,0,0,3,0,39.9403,-75.1728, , 
65599,724380,2012122342,6,67,67301,2012,11,7,15,0,3,1,0,1,1, , ,N,1,2,0,3,0,0,2,2,N,N,39 59:14.152,75 15:06.662,51, ,47,2,2,4,N, ,3,N, , , , , , , , ,2,1,0,0,1,0,0,0,0,0,0,0,0,0,0,0,0,0,0,0,1,0,0,0,0,0,0,0,0,0,0,0,0,0,0,0,0,39.9873,-75.2519, , 
65600,724381,2012122445,6,67,67301,2012,11,3,332,3,3,2,1,2,1, , ,N,5,2,0,3,0,2,3,2,N,N,40 00:31.898,75 04:18.804,339, ,336,2,2,2,N, ,3,Y, , , , , , , , ,2,2,0,0,0,0,0,0,0,0,0,0,2,2,0,0,0,0,0,0,1,0,0,0,0,0,0,0,0,0,0,0,0,0,0,8,1,40.0089,-75.0719, , 