objectid_1,objectid,crn,district,county,municipality,crash_year,crash_month,day_of_week,time_of_day,hour_of_day,illumination,weather,road_condition,collision_type,relation_to_road,work_zone_type,work_zone_loc,work_zone_ind,intersect_type,tcd_type,location_type,urban_rural,fatal_count,injury_count,person_count,total_units,sch_bus_ind,sch_zone_ind,latitude,longitude,arrival_tm,cons_zone_spd_lim,dispatch_tm,est_hrs_closed,lane_closed,ln_close_dir,ntfy_hiwy_maint,spec_juris_cd,tcd_func_cd,tfc_detour_ind,workers_pres,wz_close_detour,wz_flagger,wz_law_offcr_ind,wz_ln_closure,wz_moving,wz_other,wz_shlder_mdn,vehicle_count,automobile_count,motorcycle_count,bus_count,small_truck_count,heavy_truck_count,suv_count,van_count,bicycle_count,maj_inj_count,mod_inj_count,min_inj_count,tot_inj_count,unk_inj_deg_count,unk_inj_per_count,driver_count_16yr,driver_count_17yr,driver_count_18yr,driver_count_19yr,driver_count_20yr,driver_count_50_64yr,driver_count_65_74yr,driver_count_75plus,unbelted_occ_count,unb_death_count,unb_maj_inj_count,belted_death_count,belted_maj_inj_count,mcycle_death_count,mcycle_maj_inj_count,bicycle_death_count,bicycle_maj_inj_count,ped_count,ped_death_count,ped_maj_inj_count,max_severity_level,comm_veh_count,dec_lat,dec_long,rdwy_surf_type_cd,county_name
65668,721572,2012092681,6,67,67301,2012,8,2,1246,12,1,1,0,1,1, , ,N,0,0,0,3,0,1,1,2,N,N,39 53:55.502,75 10:12.249,1312, ,1308, ,0, ,N, ,0, , , , , , , , , ,2,1,0,0,0,1,0,0,0,0,0,1,1,0,0,0,0,0,0,0,0,0,0,0,0,0,0,0,0,0,0,0,0,0,0,4,0,39.8988,-75.1701, , 
65669,724577,2012104220,6,67,67301,2012,9,4,455,4,3,1,0,5,2, , ,N,1,2,0,3,0,0,1,2,N,N,40 03:11.919,75 08:21.649,505, ,500, ,0, ,N, ,3, , , , , , , , , ,2,0,0,0,0,0,1,1,0,0,0,0,0,0,0,0,0,0,0,0,0,0,0,0,0,0,0,0,0,0,0,0,0,0,0,0,0,40.0533,-75.1393, , 
65670,724578,2012066472,6,67,67301,2012,6,2,840,8,1,1,0,4,1, , ,N,1,2,0,3,0,1,5,4,N,N,40 00:54.823,75 10:11.829,841, ,840,2,2,4,N, ,3,Y, , , , , , , , ,4,3,0,0,0,0,1,0,0,0,0,0,1,1,3,0,0,0,0,0,2,0,0,1,0,0,0,0,0,0,0,0,0,0,0,8,0,40.0152,-75.1699, , 
65671,724584,2012073530,6,67,67301,2012,6,6,1152,11,1,1,0,5,1, , ,N,0,2,0,3,0,3,7,3,N, ,40 01:33.675,75 10:09.658,1200, ,1155, ,0, , , ,3, , , , , , , , , ,3,2,0,0,0,0,1,0,0,0,0,0,3,3,0,0,0,0,0,0,0,0,0,1,0,0,0,0,0,0,0,0,0,0,0,8,0,40.026,-75.1693, , 
65672,724613,2012109820,6,67,67301,2012,10,1,1500,15,1,1,0,4,1, , ,N,1,2,0,3,0,1,3,2,N,N,39 56:59.870,75 14:06.658,1804, ,1800, ,0, ,N, ,3, , , , , , , , , ,2,1,0,0,0,0,1,0,0,0,0,1,1,0,0,0,0,0,0,0,0,0,0,0,0,0,0,0,0,0,0,0,0,0,0,4,0,39.95,-75.2352, , 
65673,724614,2012109842,6,67,67301,2012,10,3,1050,10,1,2,1,7,2, , ,N,2,1,0,3,0,2,2,1,N,N,40 00:41.778,75 10:55.485,1058, ,1057,1,1,4,N, ,3,N, , , , , , , , ,1,1,0,0,0,0,0,0,0,0,0,2,2,0,0,0,0,0,0,0,0,0,0,0,0,0,0,0,0,0,0,0,0,0,0,4,0,40.0116,-75.1821, , 
65674,724615,2012109849,6,67,67301,2012,10,4,1501,15,1,1,0,4,2, , ,N,1,3,0,3,0,2,2,2,N,N,39 58:14.108,75 09:03.120,1507, ,1507,2,1,3,N, ,3,N, , , , , , , , ,2,0,0,0,1,0,1,0,0,0,0,2,2,0,0,0,0,0,0,0,1,0,0,1,0,0,0,0,0,0,0,0,0,0,0,4,0,39.9705,-75.151, , 
65675,724621,2012114501,6,67,67301,2012,9,6,56,0,3,1,0,1,1,3,4,Y,0,1,0,3,0,1,2,2,N,N,39 58:34.942,75 06:51.678,56,55,56,3,1,1,N, ,3,N,Y,N,N,N,Y,N,N,N,2,0,0,0,0,1,1,0,0,1,0,0,1,0,0,0,0,0,0,0,1,0,0,1,0,0,0,1,0,0,0,0,0,0,0,2,1,39.9763,-75.1145, , 
65676,724669,2012116484,6,67,67301,2012,11,1,312,3,3,1,0,7,2, , ,N,0,0,0,3,0,2,2,1,N,N,40 00:26.730,75 12:00.492,315, ,315, ,0, ,N, ,0, , , , , , , , , ,1,1,0,0,0,0,0,0,0,0,0,2,2,0,0,0,0,0,0,0,0,0,0,0,0,0,0,0,0,0,0,0,0,0,0,4,0,40.0074,-75.2001, , 
65677,724683,2012085809,6,67,67301,2012,8,4,1815,18,1,1,0,8,6, , ,N,0,0,0,3,0,1,2,2,N,N,39 56:54.289,75 09:58.699,1825, ,1821, ,0, ,N, ,0, , , , , , , , , ,1,1,0,0,0,0,0,0,0,0,0,0,1,1,0,0,0,0,0,0,1,0,0,0,0,0,0,0,0,0,0,0,1,0,0,8,0,39.9484,-75.1663, , 
65678,724684,2012085905,6,67,67301,2012,8,1,631,6,1,1,0,1,1, , ,N,2,2,0,3,0,4,4,2,N,N,40 06:15.034,75 00:07.000,650, ,632,1,1,1,N, ,3,N, , , , , , , , ,2,2,0,0,0,0,0,0,0,0,0,0,2,2,2,0,0,0,0,0,0,0,0,0,0,0,0,0,0,0,0,0,0,0,0,8,0,40.1043,-75.002, , 
65679,724695,2012123343,6,67,67301,2012,11,5,1105,11,1,1,0,1,1, , ,N,0,2,7,3,0,0,3,2,N,N,39 58:51.297,75 16:02.961,1112, ,1108, ,0, ,N, ,3, , , , , , , , , ,2,2,0,0,0,0,0,0,0,0,0,0,0,0,0,0,0,0,0,0,0,0,2,1,0,0,0,0,0,0,0,0,0,0,0,0,0,39.9809,-75.2675, , 
65680,724704,2013003898,6,67,67301,2012,12,3,1404,14,1,1,0,1,1, , ,N,1,2,0,3,0,2,3,2,N,Y,40 03:19.147,75 04:24.059,1414, ,1409, ,0, ,N, ,3, , , , , , , , , ,2,1,0,0,0,0,0,1,0,0,0,0,2,2,0,0,0,0,0,0,0,0,0,0,0,0,0,0,0,0,0,0,0,0,0,8,0,40.0553,-75.0733, , 
65681,724722,2012128191,6,67,67301,2012,11,6,2010,20,3,1,0,1,1, , ,N,1,2,0,3,0,2,4,2,N,N,40 04:50.031,75 10:20.992,2015, ,2015, ,0, ,N, ,3, , , , , , , , , ,2,2,0,0,0,0,0,0,0,0,0,0,2,2,0,0,1,0,0,0,0,0,0,0,0,0,0,0,0,0,0,0,0,0,0,8,0,40.0806,-75.1725, , 
65682,724723,2012128321,6,67,67301,2012,11,3,9999,99,3,1,0,1,6, , ,N,0,0,0,3,0,1,2,3,N,N,40 01:30.331,75 04:57.511,1810, ,1803, ,0, ,N, ,0, , , , , , , , , ,3,2,0,0,1,0,0,0,0,0,0,1,1,0,0,0,0,0,0,0,0,0,0,0,0,0,0,0,0,0,0,0,0,0,0,4,0,40.0251,-75.0826, , 
65683,724727,2013003718,6,67,67301,2012,12,6,1644,16,3,2,1,8,1, , ,N,1,2,0,3,0,1,2,2,N,N,40 00:51.570,75 10:41.163,1648, ,1644, ,0, ,N, ,3, , , , , , , , , ,1,0,0,0,1,0,0,0,1,0,0,1,1,0,0,0,0,0,0,0,0,0,0,1,0,0,0,0,0,0,0,0,0,0,0,4,0,40.0143,-75.1781, , 
65684,724740,2012070784,6,67,67301,2012,7,2,1540,15,1,1,0,5,4, , ,N,0,0,0,3,0,0,3,2,N,N,40 06:17.829,75 00:02.928,1645, ,1620, ,0, ,N, ,0, , , , , , , , , ,2,1,0,0,0,1,0,0,0,0,0,0,0,0,0,0,0,0,0,0,0,0,0,0,0,0,0,0,0,0,0,0,0,0,0,0,1,40.105,-75.0008, , 
65685,724749,2012080801,6,67,67301,2012,7,5,115,1,3,1,0,8,1, , ,N,0,0,0,3,0,1,2,2,N,N,39 56:55.750,75 09:43.850,115, ,115, ,0, ,N, ,0, , , , , , , , , ,1,1,0,0,0,0,0,0,0,0,0,0,1,1,0,0,0,0,0,0,0,0,0,0,0,0,0,0,0,0,0,0,1,0,0,8,0,39.9488,-75.1622, , 
65686,724765,2012098302,6,67,67301,2012,9,3,9999,99,3,1,0,4,1, , ,N,1,3,0,3,0,1,3,2,N,N,40 01:14.667,75 07:28.297,155, ,145,3,1,2, , ,3,Y, , , , , , , , ,2,2,0,0,0,0,0,0,0,0,1,0,1,0,0,0,0,0,0,0,0,0,0,0,0,0,0,0,0,0,0,0,0,0,0,3,0,40.0207,-75.1245, , 
65687,727439,2012099024,6,67,67301,2012,9,2,1321,13,1,1,0,4,1, , ,N,1,3,0,3,0,2,4,2,N, ,39 57:12.420,75 12:24.004,1345, ,1340, ,0, , , ,3, , , , , , , , , ,2,1,0,0,1,0,0,0,0,0,2,0,2,0,0,0,0,0,0,0,0,0,1,0,0,0,0,0,0,0,0,0,0,0,0,3,0,39.9535,-75.2067, , 
65688,727444,2012104237,6,67,67301,2012,9,3,952,9,3,1,0,8,1, , ,N,0,0,0,3,0,1,6,2,N,Y,40 00:41.437,75 04:35.930,952, ,952, ,0, , , ,0, , , , , , , , , ,1,0,0,1,0,0,0,0,0,1,0,0,1,0,0,0,0,0,0,0,1,0,0,0,0,0,0,0,0,0,0,0,1,0,0,2,1,40.0115,-75.0766, , 
65689,727471,2013004401,6,67,67301,2012,12,1,1820,18,3,2,1,4,1, , ,N,1,2,0,3,0,0,3,3,N,N,40 01:03.868,75 11:20.998,1830, ,1827, ,0, ,N, ,3, , , , , , , , , ,3,2,0,0,1,0,0,0,0,0,0,0,0,0,0,0,0,0,0,0,0,1,0,0,0,0,0,0,0,0,0,0,0,0,0,0,0,40.0177,-75.1892, , 
65690,727473,2013021009,6,67,67301,2012,10,6,2230,22,6,1,0,4,1, , ,N,1,0,0,3,0,1,2,2, , ,40 03:57.202,75 10:35.464,0, ,0, ,0, , , ,0, , , , , , , , , ,2,0,0,0,0,0,2,0,0,0,1,0,1,0,1,0,0,0,0,0,1,0,0,0,0,0,0,0,0,0,0,0,0,0,0,3,0,40.0659,-75.1765, , 
65691,727492,2012098493,6,67,67301,2012,9,7,1038,10,1,1,0,4,1, , ,N,0,0,0,3,0,1,3,2,N,N,40 06:06.808,75 02:22.895,1045, ,1040, ,0, ,N, ,0, , , , , , , , , ,2,0,0,0,0,0,2,0,0,0,0,1,2,1,0,0,0,0,0,0,1,0,0,0,0,0,0,0,0,0,0,0,0,0,0,4,0,40.1019,-75.0397, , 
65692,727533,2012078501,6,67,67301,2012,6,3,1750,17,1,1,0,4,1, , ,N,5,2,0,3,0,1,2,2,N,N,39 59:04.941,75 08:37.921,1810, ,1754, ,0, ,N, ,3, , , , , , , , , ,2,2,0,0,0,0,0,0,0,0,0,1,1,0,0,0,0,0,0,0,1,0,0,0,0,0,0,0,0,0,0,0,0,0,0,4,0,39.9847,-75.1439, , 
65693,727534,2012078588,6,67,67301,2012,6,7,1919,19,1,1,0,8,1, , ,N,0,0,0,3,0,1,2,2,N,N,39 57:59.968,75 13:08.461,1928, ,1920, ,0, ,N, ,0, , , , , , , , , ,1,0,0,0,0,0,1,0,0,0,0,1,1,0,0,0,0,0,0,0,0,0,0,0,0,0,0,0,0,0,0,0,1,0,0,4,0,39.9667,-75.219, , 
65694,727552,2012095500,6,67,67301,2012,8,7,1005,10,1,1,0,0,1, , ,N,2,3,0,3,0,1,2,2,N, ,40 03:26.305,75 03:11.019,1010, ,1006, ,0, , , ,3, , , , , , , , , ,2,1,1,0,0,0,0,0,0,0,0,1,1,0,0,0,0,0,1,0,0,0,1,0,0,0,0,0,0,0,0,0,0,0,0,4,0,40.0572,-75.053, , 
65695,727554,2012099020,6,67,67301,2012,8,5,9999,99,5,1,0,5,4, , ,N,1,2,0,3,0,1,2,2,N, ,40 03:34.337,75 09:55.640,500, ,500, ,0, , , ,3, , , , , , , , , ,2,2,0,0,0,0,0,0,0,0,1,0,1,0,1,0,0,0,0,0,1,0,0,0,0,0,0,0,0,0,0,0,0,0,0,3,0,40.0595,-75.1655, , 
65696,727561,2012109813,6,67,67301,2012,10,3,1852,18,3,2,1,8,1, , ,N,2,3,0,3,0,1,2,2,N,N,40 01:48.302,75 07:47.902,1917, ,1917, ,0, ,N, ,3, , , , , , , , , ,1,1,0,0,0,0,0,0,0,0,0,1,1,0,0,0,0,0,0,0,1,0,0,0,0,0,0,0,0,0,0,0,1,0,0,4,0,40.0301,-75.13, , 
65697,727573,2012078508,6,67,67301,2012,6,7,1201,12,1,1,0,4,1, , ,N,0,0,0,3,0,1,2,4,N,N,40 03:28.541,75 01:44.152,1211, ,1206, ,0, ,N, ,0, , , , , , , , , ,4,2,0,0,0,0,2,0,0,0,0,0,1,1,0,0,0,0,0,0,1,0,0,0,0,0,0,0,0,0,0,0,0,0,0,8,0,40.0579,-75.0289, , 
65698,727580,2013015581,6,67,67301,2012,4,5,1433,14,1,1,0,5,1, , ,N,0,0,0,3,0,1,2,2,N,N,40 00:48.267,75 03:26.046,1440, ,1435,3,2,1,N, ,0,N, , , , , , , , ,2,1,0,0,1,0,0,0,0,0,1,0,1,0,0,0,0,0,0,0,1,0,0,1,0,0,0,0,0,0,0,0,0,0,0,3,0,40.0133,-75.0573, , 
65699,727585,2012111815,6,67,67301,2012,10,6,1835,18,1,1,0,4,1, , ,N,1,0,0,3,0,2,2,2,N,N,39 59:09.639,75 05:49.923,1840, ,1835, ,0, , , ,0, , , , , , , , , ,2,2,0,0,0,0,0,0,0,0,0,2,2,0,0,0,0,0,0,0,1,0,0,0,0,0,0,0,0,0,0,0,0,0,0,4,0,39.986,-75.0972, , 
65700,727629,2012123461,6,67,67301,2012,11,6,741,7,1,1,0,1,1, , ,N,0,0,0,3,0,4,6,6,N,N,40 01:53.840,75 01:16.253,801, ,744,3,1,1,N, ,0,N, , , , , , , , ,6,5,0,0,0,0,1,0,0,0,0,1,4,3,0,0,0,0,0,0,0,0,0,0,0,0,0,0,0,0,0,0,0,0,0,4,0,40.0315,-75.0212, , 
65701,727642,2013003726,6,67,67301,2012,11,5,1000,10,1,1,0,2,1, , ,N,1,2,0,3,0,2,2,2,N,N,40 03:19.755,75 05:08.882,1007, ,1000,3,2,4,N, ,3,Y, , , , , , , , ,2,0,0,0,0,0,2,0,0,0,0,0,2,2,0,0,0,0,0,0,0,0,1,0,0,0,0,0,0,0,0,0,0,0,0,8,0,40.0555,-75.0858, , 
65702,727643,2013003782,6,67,67301,2012,12,7,1906,19,3,1,0,5,1, , ,N,0,0,0,3,0,0,1,3,N,N,39 56:58.840,75 12:53.474,1918, ,1915, ,9, ,N, ,0, , , , , , , , , ,3,3,0,0,0,0,0,0,0,0,0,0,0,0,0,0,0,0,0,0,0,0,0,0,0,0,0,0,0,0,0,0,0,0,0,0,0,39.9497,-75.2149, , 
65703,727644,2013003792,6,67,67301,2012,12,1,1430,14,1,2,1,2,1, , ,N,1,2,0,3,0,1,2,2,N,N,40 01:37.455,75 03:55.390,1500, ,1500, ,0, ,N, ,3, , , , , , , , , ,2,2,0,0,0,0,0,0,0,0,0,1,1,0,0,0,0,0,0,0,0,0,1,0,0,0,0,0,0,0,0,0,0,0,0,4,0,40.027,-75.0654, , 
65704,727645,2013003822,6,67,67301,2012,11,5,950,9,1,1,0,4,1, , ,N,1,3,0,3,0,0,2,2,N, ,40 02:12.957,75 11:41.884,957, ,955, ,0, , , ,3, , , , , , , , , ,2,1,0,0,1,0,0,0,0,0,0,0,0,0,2,0,0,0,0,0,0,0,0,0,0,0,0,0,0,0,0,0,0,0,0,9,0,40.0369,-75.195, , 
65705,731041,2012121693,6,67,67301,2012,11,6,1144,11,1,1,0,1,1, , ,N,0,0,0,3,0,1,6,5,N,N,39 57:24.830,75 09:15.189,1154, ,1145, ,0, ,N, ,0, , , , , , , , , ,5,4,0,0,0,0,1,0,0,0,0,0,1,1,0,0,0,0,0,0,1,1,0,1,0,0,0,0,0,0,0,0,0,0,0,8,0,39.9569,-75.1542, , 
65706,731044,2012128262,6,67,67301,2012,11,7,153,1,3,1,0,1,1, , ,N,0,2,0,3,0,2,4,2,N,N,40 00:25.920,75 07:23.909,159, ,154,1,1,3,N, ,3,N, , , , , , , , ,2,2,0,0,0,0,0,0,0,0,0,0,2,2,0,0,0,0,0,0,0,0,0,4,0,0,0,0,0,0,0,0,0,0,0,8,0,40.0072,-75.1233, , 
65707,731083,2013003673,6,67,67301,2012,12,4,1625,16,1,1,0,4,1, , ,N,1,2,0,3,0,1,3,3,N, ,39 56:30.714,75 13:31.922,1739, ,1725, ,0, , , ,3, , , , , , , , , ,2,0,0,0,0,0,1,1,0,0,0,1,1,0,0,0,0,0,0,0,0,0,0,0,0,0,0,0,0,0,0,0,1,0,0,4,0,39.9419,-75.2255, , 
65708,731084,2013015595,6,67,67301,2012,6,7,332,3,3,1,0,1,1, , ,N,0,0,0,3,0,0,2,2,N,N,39 58:01.426,75 08:02.442,403, ,341,1,1,2,N, ,0,N, , , , , , , , ,2,2,0,0,0,0,0,0,0,0,0,0,0,0,0,0,0,0,0,0,0,0,0,1,0,0,0,0,0,0,0,0,0,0,0,0,0,39.9671,-75.134, , 
65709,731099,2012122474,6,67,67301,2012,10,1,1830,18,3,2,1,1,1, , ,N,0,0,0,3,0,1,5,3,N,N,40 05:08.124,75 13:47.049,1911, ,1856, ,0, ,N, ,0, , , , , , , , , ,3,2,0,0,0,0,1,0,0,0,0,1,1,0,0,0,0,0,0,0,1,0,0,0,0,0,0,0,0,0,0,0,0,0,0,4,0,40.0856,-75.2297, , 
65710,731111,2013004416,6,67,67301,2012,12,1,1500,15,1,2,1,7,4, , ,N,1,2,0,3,0,1,1,1,N,N,40 00:27.502,75 07:38.377,1510, ,1500, ,0, ,N, ,3, , , , , , , , , ,1,0,0,0,1,0,0,0,0,0,0,0,1,1,0,0,0,0,0,0,0,0,0,0,0,0,0,0,0,0,0,0,0,0,0,8,0,40.0076,-75.1273, , 
65711,731125,2012117238,6,67,67301,2012,10,2,1900,19,3,1,0,8,1, , ,N,5,2,0,3,0,1,1,2,N,N,39 55:55.383,75 09:39.553,2020, ,2014, ,0, ,N, ,3, , , , , , , , , ,1,1,0,0,0,0,0,0,0,0,0,0,1,1,0,0,0,0,0,0,0,0,0,0,0,0,0,0,0,0,0,0,1,0,0,8,0,39.9321,-75.161, , 
65712,731128,2012120133,6,67,67301,2012,10,2,1420,14,1,3,1,5,1, , ,N,0,0,0,3,0,2,3,2,N,N,40 01:53.354,75 09:17.323,9999, ,9999, ,0, ,N, ,0, , , , , , , , , ,2,1,0,0,1,0,0,0,0,0,0,0,2,2,0,0,0,0,0,0,0,0,0,0,0,0,0,0,0,0,0,0,0,0,0,8,0,40.0315,-75.1548, , 
65713,731155,2013011986,6,67,67301,2012,12,5,1834,18,3,1,0,4,1, , ,N,0,0,3,3,0,3,4,2,N,N,40 00:29.023,75 11:29.803,1843, ,1835,1,1,2,N, ,0,N, , , , , , , , ,2,0,0,0,0,0,2,0,0,0,0,0,3,3,0,0,0,0,0,0,0,0,0,0,0,0,0,0,0,0,0,0,0,0,0,8,0,40.0081,-75.1916, , 
65714,731167,2012112627,6,67,67301,2012,10,6,1050,10,1,1,0,4,1, , ,N,1,2,0,3,0,1,2,2,N,N,39 57:29.289,75 09:01.655,1055, ,1050, ,0, ,N, ,9, , , , , , , , , ,2,2,0,0,0,0,0,0,0,0,0,0,1,1,0,0,0,0,0,1,0,0,0,0,0,0,0,0,0,0,0,0,0,0,0,8,0,39.9581,-75.1505, , 
65715,731169,2012114498,6,67,67301,2012,7,2,1,0,3,1,0,7,4, , ,N,0,0,0,3,0,1,1,1,N,N,39 54:44.279,75 08:54.629,20, ,9,1,1,1,N, ,0,N, , , , , , , , ,1,1,0,0,0,0,0,0,0,0,0,1,1,0,0,0,0,0,0,0,0,0,0,0,0,0,0,0,0,0,0,0,0,0,0,4,0,39.9122,-75.1485, , 
65716,731183,2013006174,6,67,67301,2012,12,7,2249,22,3,1,0,4,1, , ,N,1,3,0,3,0,1,6,2,N,N,40 01:26.205,75 08:36.052,2254, ,2251, ,0, ,N, ,3, , , , , , , , , ,2,0,0,0,1,0,1,0,0,0,0,0,1,1,0,0,0,0,0,0,0,0,0,0,0,0,0,0,0,0,0,0,0,0,0,8,0,40.0239,-75.1433, , 
65717,731184,2013006794,6,67,67301,2012,12,1,530,5,3,1,1,4,1, , ,N,0,0,0,3,0,1,2,2,N,N,40 00:54.528,75 12:27.294,538, ,534, ,0, ,N, ,0, , , , , , , , , ,1,0,0,0,1,0,0,0,1,0,0,1,1,0,0,0,0,0,0,0,0,0,0,0,0,0,0,0,0,0,0,0,0,0,0,4,0,40.0152,-75.2078, , 
65718,731193,2012132488,6,67,67301,2012,12,5,545,5,3,2,1,7,3, , ,N,0,0,0,3,0,1,1,1,N,N,39 58:52.742,75 12:24.316,554, ,548,1,2,4,Y, ,0,N, , , , , , , , ,1,1,0,0,0,0,0,0,0,0,0,0,1,1,0,0,0,0,0,0,0,0,0,1,0,0,0,0,0,0,0,0,0,0,0,8,0,39.9813,-75.2068, , 
65719,731196,2013006924,6,67,67301,2012,12,7,400,4,3,2,1,7,4, , ,N,0,0,0,3,0,1,1,1,N,N,39 59:55.856,75 13:09.117,412, ,409,2,1,1,N, ,0,N, , , , , , , , ,1,0,0,0,0,0,1,0,0,0,0,1,1,0,0,0,0,0,0,0,0,0,0,0,0,0,0,0,0,0,0,0,0,0,0,4,0,39.9988,-75.2192, , 
65720,731199,2013019964,6,67,67301,2012,12,1,1911,19,3,2,1,1,1, , ,N,0,0,0,3,0,1,4,2,N,N,40 04:39.022,74 57:53.739,0, ,0, ,0, ,N, ,0, , , , , , , , , ,2,0,0,0,0,0,2,0,0,0,0,1,1,0,3,0,0,0,0,0,0,0,0,0,0,0,0,0,0,0,0,0,0,0,0,4,0,40.0775,-74.9649, , 
65721,731241,2012098263,6,67,67301,2012,9,2,3,0,3,1,0,1,1, , ,N,1,2,0,3,0,0,3,2,N,N,39 54:19.871,75 10:26.843,18, ,16, ,0, ,N, ,3, , , , , , , , , ,2,1,0,0,0,0,1,0,0,0,0,0,0,0,0,0,0,0,0,0,0,0,0,0,0,0,0,0,0,0,0,0,0,0,0,0,0,39.9055,-75.1741, , 
65722,731248,2012109804,6,67,67301,2012,10,4,1429,14,1,1,0,4,1, , ,N,1,2,0,3,0,3,4,2,N,N,40 01:40.946,75 06:36.204,1444, ,1439,1,1,2,N, ,3,N, , , , , , , , ,2,1,0,0,0,0,0,1,0,0,0,0,3,3,0,0,0,0,0,0,1,0,0,0,0,0,0,0,0,0,0,0,0,0,0,8,0,40.028,-75.1101, , 
65723,721576,2012098331,6,67,67301,2012,8,1,1830,18,1,1,0,8,1, , ,N,0,0,0,3,0,1,1,3,N,N,40 00:59.558,75 08:35.296,1850, ,1845,2,2,3,N, ,0,Y, , , , , , , , ,2,2,0,0,0,0,0,0,0,0,0,1,1,0,0,0,0,0,0,0,0,0,0,0,0,0,0,0,0,0,0,0,1,0,0,4,0,40.0165,-75.1431, , 
65724,721577,2012099041,6,67,67301,2012,9,2,1316,13,1,1,0,4,1, , ,N,1,2,0,3,0,0,5,3,N,N,40 01:31.355,75 04:23.942,1345, ,1345,2,1,4,N, ,3,N, , , , , , , , ,3,1,0,0,1,0,0,1,0,0,0,0,1,1,0,0,0,0,0,0,0,0,0,0,0,0,0,0,0,0,0,0,0,0,0,8,0,40.0254,-75.0733, , 
65725,721580,2012104087,6,67,67301,2012,9,4,1805,18,1,2,1,4,1, , ,N,1,2,0,3,0,1,2,2,N,N,40 02:30.078,75 03:51.754,1806, ,1805, ,0, ,N, ,3, , , , , , , , , ,2,2,0,0,0,0,0,0,0,0,0,0,1,1,0,0,0,0,0,0,0,0,0,0,0,0,0,0,0,0,0,0,0,0,0,8,0,40.0416,-75.0643, , 
65726,721605,2012078409,6,67,67301,2012,6,1,1503,15,1,1,0,4,1, , ,N,1,0,0,3,0,1,2,2,N,N,40 01:55.535,75 12:49.109,1512, ,1507, ,0, , , ,0, , , , , , , , , ,1,1,0,0,0,0,0,0,1,0,0,1,1,0,0,0,0,0,0,0,0,0,0,0,0,0,0,0,0,0,0,0,0,0,0,4,0,40.0321,-75.2136, , 
65727,721702,2012068916,6,67,67301,2012,6,4,1653,16,1,1,0,5,1, , ,N,0,0,0,3,0,1,2,2,N, ,39 56:21.223,75 10:40.165,1655, ,1653, ,0, , , ,0, , , , , , , , , ,2,1,0,0,0,0,0,0,0,0,0,0,1,1,0,0,0,0,0,1,0,0,0,0,0,0,0,0,0,0,0,0,0,0,0,8,0,39.9392,-75.1778, , 
65728,721703,2012069645,6,67,67301,2012,6,1,1245,12,1,1,0,6,2, , ,N,1,2,0,3,0,0,1,2,N,N,40 02:02.739,75 12:57.251,1315, ,1247, ,0, ,N, ,3, , , , , , , , , ,2,1,0,1,0,0,0,0,0,0,0,0,0,0,0,0,0,0,0,0,1,0,0,0,0,0,0,0,0,0,0,0,0,0,0,0,1,40.0341,-75.2159, , 
65729,721745,2012068883,6,67,67301,2012,6,6,2018,20,3,1,0,4,1, , ,N,1,3,0,3,0,4,6,2,N,N,40 01:45.219,75 02:23.330,2035, ,2028, ,0, , , ,3, , , , , , , , , ,2,1,0,0,0,0,1,0,0,0,0,4,4,0,0,0,0,0,0,0,0,0,0,4,0,0,0,0,0,0,0,0,0,0,0,4,0,40.0292,-75.0398, , 
65730,721754,2012075955,6,67,67301,2012,6,3,9999,99,6,1,0,8,1, , ,N,0,0,0,3,0,1,2,2,N, ,39 55:29.346,75 10:50.224,2355, ,2345, ,0, , , ,0, , , , , , , , , ,1,0,0,0,0,0,0,0,0,0,0,0,1,1,0,0,0,0,0,0,0,0,0,0,0,0,0,0,0,0,0,0,1,0,0,8,0,39.9248,-75.1806, , 
65731,721759,2012085776,6,67,67301,2012,8,7,1741,17,1,2,1,1,3, , ,N,0,0,0,3,0,0,3,3,N, ,40 05:51.219,75 01:07.777,1745, ,1742, ,0, , , ,0, , , , , , , , , ,3,2,0,0,1,0,0,0,0,0,0,0,0,0,1,0,0,0,0,0,0,0,0,0,0,0,0,0,0,0,0,0,0,0,0,9,0,40.0976,-75.0188, , 
65732,721771,2012098297,6,67,67301,2012,9,3,1605,16,1,1,0,4,1, , ,N,2,0,0,3,0,3,6,3,N,Y,39 57:40.154,75 12:48.290,1623, ,1619,9,2,5,N, ,0,Y, , , , , , , , ,3,2,0,0,0,0,1,0,0,0,0,0,3,3,3,0,0,0,1,0,0,0,0,0,0,0,0,0,0,0,0,0,0,0,0,8,0,39.9612,-75.2134, , 
65733,721772,2012098978,6,67,67301,2012,9,6,2143,21,3,1,0,5,1, , ,N,1,2,0,3,0,1,10,2,N,N,39 56:58.617,75 09:14.100,2220, ,2214, ,0, ,N, ,3, , , , , , , , , ,2,0,0,1,0,0,0,1,0,0,0,1,1,0,2,0,0,0,0,0,0,0,0,0,0,0,0,0,0,0,0,0,0,0,0,4,1,39.9496,-75.1539, , 
65734,721780,2012109837,6,67,67301,2012,10,2,1945,19,3,1,1,4,1, , ,N,0,0,7,3,0,1,3,2,N,N,40 02:46.646,75 08:34.954,1953, ,1948, ,0, ,N, ,0, , , , , , , , , ,2,1,0,0,0,0,1,0,0,0,0,1,1,0,0,0,0,0,0,0,2,0,0,0,0,0,0,0,0,0,0,0,0,0,0,4,0,40.0463,-75.143, , 