objectid_1,objectid,crn,district,county,municipality,crash_year,crash_month,day_of_week,time_of_day,hour_of_day,illumination,weather,road_condition,collision_type,relation_to_road,work_zone_type,work_zone_loc,work_zone_ind,intersect_type,tcd_type,location_type,urban_rural,fatal_count,injury_count,person_count,total_units,sch_bus_ind,sch_zone_ind,latitude,longitude,arrival_tm,cons_zone_spd_lim,dispatch_tm,est_hrs_closed,lane_closed,ln_close_dir,ntfy_hiwy_maint,spec_juris_cd,tcd_func_cd,tfc_detour_ind,workers_pres,wz_close_detour,wz_flagger,wz_law_offcr_ind,wz_ln_closure,wz_moving,wz_other,wz_shlder_mdn,vehicle_count,automobile_count,motorcycle_count,bus_count,small_truck_count,heavy_truck_count,suv_count,van_count,bicycle_count,maj_inj_count,mod_inj_count,min_inj_count,tot_inj_count,unk_inj_deg_count,unk_inj_per_count,driver_count_16yr,driver_count_17yr,driver_count_18yr,driver_count_19yr,driver_count_20yr,driver_count_50_64yr,driver_count_65_74yr,driver_count_75plus,unbelted_occ_count,unb_death_count,unb_maj_inj_count,belted_death_count,belted_maj_inj_count,mcycle_death_count,mcycle_maj_inj_count,bicycle_death_count,bicycle_maj_inj_count,ped_count,ped_death_count,ped_maj_inj_count,max_severity_level,comm_veh_count,dec_lat,dec_long,rdwy_surf_type_cd,county_name
65870,721994,2012099019,6,67,67301,2012,9,5,300,3,3,1,0,7,3, , ,N,0,0,0,3,0,0,2,1,N, ,40 01:04.467,75 12:40.883,313, ,300, ,0, , , ,0, , , , , , , , , ,1,0,0,0,0,0,1,0,0,0,0,0,0,0,0,0,0,0,0,0,0,0,0,0,0,0,0,0,0,0,0,0,0,0,0,0,0,40.0177,-75.2114, , 
65871,722016,2012122456,6,67,67301,2012,11,2,1440,14,1,1,0,4,1, , ,N,1,2,0,3,0,1,2,2,N,N,40 03:16.197,75 05:09.140,1450, ,1445, ,0, ,N, ,3, , , , , , , , , ,1,1,0,0,0,0,0,0,1,0,0,1,1,0,1,0,0,0,0,0,0,0,0,0,0,0,0,0,0,0,0,0,1,0,0,4,0,40.0545,-75.0859, , 
65872,722023,2013006111,6,67,67301,2012,12,6,2052,20,2,1,2,4,1,8,8,Y,2,3,0,3,0,0,2,2,N,N,39 56:42.961,75 08:35.170,2055,99,2052,9,1,2,N, ,3,N,U,U,U,U,U,U,U,U,2,2,0,0,0,0,0,0,0,0,0,0,0,0,0,0,0,0,0,0,1,0,0,0,0,0,0,0,0,0,0,0,0,0,0,0,0,39.9453,-75.1431, , 
65873,722047,2012078511,6,67,67301,2012,6,7,2340,23,3,1,0,4,1, , ,N,1,2,0,3,0,2,4,2,N, ,40 04:51.077,75 01:43.585,2345, ,2340,1,1,4, , ,3,Y, , , , , , , , ,2,1,0,0,0,0,1,0,0,0,0,0,2,2,2,0,0,0,0,0,0,1,0,0,0,0,0,0,0,0,0,0,0,0,0,8,0,40.0809,-75.0288, , 
65874,722050,2012080820,6,67,67301,2012,7,7,1944,19,1,1,0,8,1, , ,N,0,0,0,3,0,1,2,2,N,N,39 57:16.568,75 14:50.540,2013, ,2013, ,0, ,N, ,0, , , , , , , , , ,1,1,0,0,0,0,0,0,0,0,0,1,1,0,0,0,0,0,0,0,0,0,0,0,0,0,0,0,0,0,0,0,1,0,0,4,0,39.9546,-75.2474, , 
65875,722067,2012098420,6,67,67301,2012,9,6,2045,20,3,1,0,4,1, , ,N,2,2,0,3,0,0,4,3,N,N,39 58:02.330,75 10:25.294,2144, ,2142, ,0, ,N, ,3, , , , , , , , , ,3,2,0,0,0,0,1,0,0,0,0,0,0,0,0,0,0,0,0,0,0,0,0,0,0,0,0,0,0,0,0,0,0,0,0,9,0,39.9673,-75.1737, , 
65876,722086,2012078297,6,67,67301,2012,7,1,9999,99,3,1,0,7,3, , ,N,0,0,0,3,0,1,3,1,N,N,40 01:03.124,75 03:54.385,1025, ,1025, ,0, ,N, ,0, , , , , , , , , ,1,1,0,0,0,0,0,0,0,0,0,0,1,1,0,0,0,0,0,0,0,0,0,0,0,0,0,0,0,0,0,0,0,0,0,8,0,40.0176,-75.065, , 
65877,722099,2012095580,6,67,67301,2012,8,6,950,9,1,1,0,5,6, , ,N,0,0,0,3,0,1,1,2,N, ,40 03:22.946,75 01:41.604,852, ,851,1,2,3, , ,0,Y, , , , , , , , ,2,1,0,0,0,0,1,0,0,0,0,0,1,1,0,0,0,0,0,0,0,0,0,0,0,0,0,0,0,0,0,0,0,0,0,8,0,40.0564,-75.0282, , 
65878,722103,2012098223,6,67,67301,2012,9,1,1530,15,1,1,0,5,6, , ,N,0,0,0,3,0,0,2,2,N,N,40 01:06.574,75 05:00.272,1630, ,1620, ,0, ,N, ,0, , , , , , , , , ,2,0,0,0,0,0,0,1,0,0,0,0,0,0,1,0,0,0,0,0,0,0,0,0,0,0,0,0,0,0,0,0,0,0,0,9,0,40.0185,-75.0834, , 
65879,722104,2012098508,6,67,67301,2012,8,4,2000,20,3,1,1,4,1, , ,N,1,2,0,3,0,2,7,2,N,N,40 02:19.838,75 10:17.839,2008, ,2002, ,0, ,N, ,3, , , , , , , , , ,2,1,0,0,0,0,0,1,0,0,0,0,0,0,2,0,0,0,0,0,0,0,0,0,0,0,0,0,0,0,0,0,0,0,0,9,0,40.0388,-75.1716, , 
65880,722132,2012078606,6,67,67301,2012,7,2,754,7,1,1,0,4,1, , ,N,1,3,0,3,0,0,2,2,N,N,40 03:19.788,75 11:44.667,808, ,756, ,0, ,N, ,3, , , , , , , , , ,2,1,0,0,0,0,1,0,0,0,0,0,0,0,0,0,0,0,0,0,0,0,0,0,0,0,0,0,0,0,0,0,0,0,0,0,0,40.0555,-75.1957, , 
65881,722135,2012080830,6,67,67301,2012,7,1,1615,16,1,1,0,1,1, , ,N,0,0,0,3,1,1,3,2,N, ,39 53:02.160,75 13:22.700,1627, ,1623, ,0, , ,0,0, , , , , , , , , ,2,1,0,0,0,1,0,0,0,0,0,1,1,0,0,0,0,0,0,0,0,0,0,1,0,0,0,0,0,0,0,0,0,0,0,1,1,39.8839,-75.223,1, 
65882,722162,2012111650,6,67,67301,2012,10,1,1400,14,1,2,1,4,1, , ,N,1,3,0,3,0,0,4,2,N,N,39 58:17.961,75 11:08.293,1405, ,1402, ,0, , , ,3, , , , , , , , , ,2,2,0,0,0,0,0,0,0,0,0,0,0,0,0,0,0,0,0,0,0,0,0,1,0,0,0,0,0,0,0,0,0,0,0,0,0,39.9717,-75.1856, , 
65883,722173,2012066564,6,67,67301,2012,5,2,1759,17,1,1,0,4,1, , ,N,1,3,0,3,0,1,2,3,N,N,40 03:08.130,75 09:05.827,1809, ,1801, ,9, ,N, ,3, , , , , , , , , ,3,1,0,0,0,0,2,0,0,0,0,1,1,0,0,0,0,0,1,0,0,0,0,0,0,0,0,0,0,0,0,0,0,0,0,4,0,40.0523,-75.1516, , 
65884,722186,2012078248,6,67,67301,2012,7,6,2230,22,3,1,0,4,1, , ,N,1,0,0,3,0,1,2,2,N,N,39 57:22.503,75 12:48.657,325, ,314, ,0, ,N, ,0, , , , , , , , , ,1,0,0,0,0,0,0,0,1,0,1,0,1,0,0,0,0,0,0,0,0,0,0,0,0,0,0,0,0,0,0,0,0,0,0,3,0,39.9563,-75.2135, , 
65885,722187,2012078306,6,67,67301,2012,7,2,1749,17,1,1,0,5,6, , ,N,0,0,0,3,0,1,1,3,N, ,40 02:35.441,75 10:01.844,1753, ,1752, ,0, , , ,0, , , , , , , , , ,3,3,0,0,0,0,0,0,0,0,0,0,1,1,0,0,0,0,0,0,0,0,0,1,0,0,0,0,0,0,0,0,0,0,0,8,0,40.0432,-75.1672, , 
65886,725079,2012098357,6,67,67301,2012,9,4,1700,17,1,1,0,8,1, , ,N,0,0,0,3,0,1,2,2,N, ,39 58:21.417,75 13:55.095,1730, ,1715, ,0, , , ,0, , , , , , , , , ,1,1,0,0,0,0,0,0,0,0,0,1,1,0,0,0,0,0,0,0,0,0,0,0,0,0,0,0,0,0,0,0,1,0,0,4,0,39.9726,-75.232, , 
65887,725080,2012098960,6,67,67301,2012,8,6,2333,23,3,1,0,4,3, , ,N,0,1,0,3,0,0,5,2,N, ,39 57:45.262,75 08:10.940,2336, ,2334,2,1,2, , ,3,N, , , , , , , , ,2,1,0,0,0,0,0,1,0,0,0,0,0,0,0,0,1,0,0,0,0,0,0,0,0,0,0,0,0,0,0,0,0,0,0,0,0,39.9626,-75.1364, , 
65888,725084,2012100281,6,67,67301,2012,9,7,1312,13,1,1,0,1,1, , ,N,0,0,0,3,0,1,4,4,N,N,39 57:25.338,75 09:22.629,1335, ,1326,1,1,3,N, ,0,Y, , , , , , , , ,4,4,0,0,0,0,0,0,0,0,0,0,1,1,0,0,0,0,0,0,0,1,0,0,0,0,0,0,0,0,0,0,0,0,0,8,0,39.957,-75.1563, , 
65889,725090,2012104038,6,67,67301,2012,4,4,9999,99,1,1,0,4,1, , ,N,1,2,0,3,0,1,4,2,N,N,40 00:49.975,75 07:33.617,1300, ,1254, ,0, ,N, ,3, , , , , , , , , ,1,1,0,0,0,0,0,0,1,0,0,1,1,0,0,0,0,0,0,0,0,0,0,0,0,0,0,0,0,0,0,0,1,0,0,4,0,40.0139,-75.126, , 
65890,725101,2012119448,6,67,67301,2012,11,3,825,8,1,2,1,1,1, , ,N,0,0,0,3,0,1,9,2,N,N,40 06:43.822,74 59:25.112,845, ,830,1,1,1,N, ,0,N, , , , , , , , ,2,1,0,1,0,0,0,0,0,0,0,1,1,0,7,0,0,0,0,1,1,0,0,0,0,0,0,0,0,0,0,0,0,0,0,4,1,40.1122,-74.9903, , 
65891,725113,2013003689,6,67,67301,2012,12,7,1154,11,1,1,0,4,1, , ,N,1,2,0,3,0,1,3,2,N,N,39 57:28.613,75 12:29.280,1218, ,1158, ,0, ,N, ,3, , , , , , , , , ,2,2,0,0,0,0,0,0,0,0,0,0,1,1,0,0,0,0,0,0,0,0,0,0,0,0,0,0,0,0,0,0,0,0,0,8,0,39.9579,-75.2081, , 
65892,725123,2012069630,6,67,67301,2012,6,6,9999,99,1,1,0,5,1, , ,N,0,0,0,3,0,1,1,5,N, ,40 02:21.630,75 10:33.310,9999, ,9999,9,2,4, , ,0,Y, , , , , , , , ,5,2,0,0,1,0,2,0,0,0,0,1,1,0,0,0,0,0,0,0,1,0,0,1,0,0,0,0,0,0,0,0,0,0,0,4,0,40.0393,-75.1759, , 
65893,725134,2012078207,6,67,67301,2012,7,5,1845,18,1,1,0,4,1, , ,N,1,2,0,3,0,1,4,2,N,N,39 57:25.120,75 09:25.509,1847, ,1847,2,1,1,N, ,3,Y, , , , , , , , ,2,2,0,0,0,0,0,0,0,0,0,1,1,0,0,0,0,0,0,0,0,0,0,0,0,0,0,0,0,0,0,0,0,0,0,4,0,39.957,-75.1571, , 
65894,725136,2012083328,6,67,67301,2012,7,1,345,3,3,1,0,4,1, , ,N,1,2,0,3,0,3,3,2,N, ,39 57:11.116,75 10:54.262,520, ,515, ,0, , , ,3, , , , , , , , , ,2,2,0,0,0,0,0,0,0,0,1,0,3,2,0,0,0,0,0,0,1,0,0,0,0,0,0,0,0,0,0,0,0,0,0,3,0,39.9531,-75.1819, , 
65895,725143,2012095593,6,67,67301,2012,8,5,1430,14,1,1,0,5,1, , ,N,0,0,0,3,0,0,3,3,N,N,40 04:26.482,75 02:06.387,1430, ,1430,1,1,1,N, ,0,Y, , , , , , , , ,3,1,0,0,1,1,0,0,0,0,0,0,0,0,0,0,0,0,0,0,2,0,0,0,0,0,0,0,0,0,0,0,0,0,0,0,1,40.074,-75.0351, , 
65896,725144,2012095618,6,67,67301,2012,8,4,1454,14,1,1,0,1,1, , ,N,1,2,0,3,0,0,0,2,N,N,40 01:53.078,75 05:05.038,1512, ,1509, ,0, ,N, ,3, , , , , , , , , ,1,0,0,0,0,0,1,0,0,0,0,0,0,0,0,0,0,0,0,0,0,0,0,0,0,0,0,0,0,0,0,0,0,0,0,9,0,40.0314,-75.0847, , 
65897,725146,2012096043,6,67,67301,2012,8,4,15,0,3,2,1,2,1, , ,N,0,0,2,3,0,0,1,1,N, ,40 06:26.549,74 59:42.367,30, ,15,1,1,3, , ,0,N, , , , , , , , ,1,1,0,0,0,0,0,0,0,0,0,0,0,0,0,0,0,0,0,0,1,0,0,0,0,0,0,0,0,0,0,0,0,0,0,0,0,40.1074,-74.9951, , 
65898,725169,2012078263,6,67,67301,2012,7,7,930,9,1,2,1,8,1, , ,N,1,3,0,3,0,1,2,2,N,N,40 01:10.729,75 09:31.078,940, ,938, ,0, ,N, ,3, , , , , , , , , ,1,0,0,0,0,0,1,0,0,0,1,0,1,0,0,0,0,0,0,0,0,0,1,0,0,0,0,0,0,0,0,0,1,0,0,3,0,40.0196,-75.1586, , 
65899,725189,2012098654,6,67,67301,2012,9,7,1624,16,1,1,0,1,1, , ,N,6,0,0,3,0,0,7,3,N,N,39 57:34.701,75 10:51.774,1631, ,1627,1,1,3,N, ,0,N, , , , , , , , ,3,2,0,0,0,0,0,1,0,0,0,0,0,0,0,0,0,0,0,0,1,0,0,0,0,0,0,0,0,0,0,0,0,0,0,0,0,39.9596,-75.181, , 
65900,725194,2012100606,6,67,67301,2012,9,4,1627,16,1,1,0,5,1, , ,N,0,2,0,3,0,1,2,2,N,N,39 57:24.218,75 11:53.418,1642, ,1642, ,0, ,N, ,3, , , , , , , , , ,2,0,0,0,0,0,1,1,0,0,0,1,1,0,1,0,0,0,0,0,1,0,0,0,0,0,0,0,0,0,0,0,0,0,0,4,0,39.9567,-75.1982, , 
65901,725216,2012060764,6,67,67301,2012,5,6,1845,18,1,1,0,4,1, , ,N,1,2,0,3,0,1,2,2,N, ,40 00:20.401,75 08:53.861,1905, ,1900, ,0, , , ,3, , , , , , , , , ,2,1,0,0,1,0,0,0,0,0,0,0,1,1,0,0,0,0,0,0,1,0,0,0,0,0,0,0,0,0,0,0,0,0,0,8,0,40.0057,-75.1483, , 
65902,725231,2012104002,6,67,67301,2012,9,6,1357,13,1,1,0,5,1, , ,N,0,0,0,3,0,2,2,3,N,N,40 00:21.146,75 06:47.094,1402, ,1400,1,1,4,N, ,0,Y, , , , , , , , ,3,1,0,0,0,2,0,0,0,0,0,2,2,0,0,0,0,0,0,0,0,0,0,1,0,0,0,0,0,0,0,0,0,0,0,4,2,40.0059,-75.1131, , 
65903,725232,2012104234,6,67,67301,2012,9,3,2209,22,3,2,1,8,1, , ,N,0,0,0,3,0,1,2,2,N,N,40 02:22.254,75 09:15.933,2211, ,2210, ,0, ,N, ,0, , , , , , , , , ,1,1,0,0,0,0,0,0,0,0,0,0,1,1,0,0,0,0,0,0,0,0,0,0,0,0,0,0,0,0,0,0,1,0,0,8,0,40.0395,-75.1544, , 
65904,727992,2013006880,6,67,67301,2012,12,6,758,7,1,1,0,4,1, , ,N,1,2,0,3,0,4,5,2,N,N,39 56:15.502,75 13:22.862,845, ,842, ,9, ,N, ,3, , , , , , , , , ,2,0,0,0,0,0,1,1,0,0,4,0,4,0,1,0,0,0,0,0,0,1,0,0,0,0,0,0,0,0,0,0,0,0,0,3,0,39.9376,-75.223, , 
65905,728010,2013007279,6,67,67301,2012,12,5,1953,19,3,1,0,1,1, , ,N,0,0,0,3,0,0,6,3,N,N,40 01:41.341,75 05:30.057,2010, ,1957,2,1,2,N, ,0,N, , , , , , , , ,3,3,0,0,0,0,0,0,0,0,0,0,0,0,0,0,0,0,1,0,0,0,0,0,0,0,0,0,0,0,0,0,0,0,0,0,0,40.0282,-75.0917, , 
65906,728027,2013021005,6,67,67301,2012,10,7,1200,12,1,1,0,1,1, , ,N,2,0,0,3,0,1,2,2,N,N,39 58:57.975,75 07:06.807,0, ,0, ,0, ,N, ,0, , , , , , , , , ,2,1,0,0,0,0,1,0,0,0,0,0,1,1,1,0,0,0,0,0,0,0,0,0,0,0,0,0,0,0,0,0,0,0,0,8,0,39.9828,-75.1186, , 
65907,728056,2012118766,6,67,67301,2012,11,1,1355,13,1,1,0,1,1, , ,N,0,0,0,3,0,1,3,2,N,N,39 57:27.588,75 09:37.023,1405, ,1403,1,1,4,N, ,0,N, , , , , , , , ,2,0,0,0,0,0,2,0,0,0,0,0,1,1,0,0,0,0,0,0,0,0,0,0,0,0,0,0,0,0,0,0,0,0,0,8,0,39.9577,-75.1603, , 
65908,728061,2012078526,6,67,67301,2012,6,6,856,8,1,1,0,1,1, , ,N,1,2,0,3,0,0,2,2,N,N,40 00:42.859,75 05:51.842,925, ,921, ,0, ,N, ,3, , , , , , , , , ,2,1,0,0,1,0,0,0,0,0,0,0,0,0,0,0,0,0,0,0,1,0,0,0,0,0,0,0,0,0,0,0,0,0,0,0,0,40.0118,-75.0978, , 
65909,728064,2012080799,6,67,67301,2012,6,7,2048,20,1,1,0,4,1, , ,N,1,3,0,3,0,1,2,2,N,N,39 57:31.338,75 14:00.034,2058, ,2048, ,0, ,N, ,3, , , , , , , , , ,2,1,0,0,0,0,0,1,0,0,0,0,1,1,1,0,0,0,0,0,1,0,0,0,0,0,0,0,0,0,0,0,0,0,0,8,0,39.9587,-75.2333, , 
65910,728074,2012095456,6,67,67301,2012,8,1,200,2,3,2,1,9,1, , ,N,2,0,0,3,0,0,0,1,N, ,39 55:46.422,75 14:36.171,209, ,204,1,1,1, , ,0,N, , , , , , , , ,1,1,0,0,0,0,0,0,0,0,0,0,0,0,0,0,0,0,0,0,0,0,0,0,0,0,0,0,0,0,0,0,0,0,0,9,0,39.9295,-75.2434, , 
65911,728075,2012095568,6,67,67301,2012,8,6,217,2,3,1,0,4,1, , ,N,1,2,0,3,0,2,5,2,N,N,39 56:06.442,75 09:25.473,234, ,217, ,0, ,N, ,3, , , , , , , , , ,2,2,0,0,0,0,0,0,0,0,0,3,3,0,0,0,0,0,0,0,0,0,0,0,0,0,0,0,0,0,0,0,0,0,0,4,0,39.9351,-75.1571, , 
65912,728087,2012111813,6,67,67301,2012,10,5,902,9,1,1,0,1,1, , ,N,0,0,0,3,0,0,4,2,N,N,39 59:28.527,75 08:00.214,936, ,930, ,0, ,N, ,0, , , , , , , , , ,2,1,0,0,0,1,0,0,0,0,0,0,0,0,0,0,0,0,0,0,1,0,0,0,0,0,0,0,0,0,0,0,0,0,0,0,1,39.9913,-75.1334, , 
65913,728098,2012060810,6,67,67301,2012,5,5,1830,18,1,1,0,6,2, , ,N,1,0,0,3,0,1,3,5,N,N,39 58:28.427,75 11:00.483,1840, ,1830, ,0, ,N, ,0, , , , , , , , , ,5,4,0,0,1,0,0,0,0,0,0,1,1,0,0,0,0,0,0,0,0,0,0,0,0,0,0,0,0,0,0,0,0,0,0,4,0,39.9746,-75.1835, , 
65914,728107,2012099918,6,67,67301,2012,10,6,1735,17,1,1,0,7,2, , ,N,7,0,2,3,0,1,1,1,N,N,39 59:50.584,75 04:55.205,1755, ,1745,1,2,1,N, ,0,N, , , , , , , , ,1,1,0,0,0,0,0,0,0,0,0,1,1,0,0,0,0,0,0,0,0,0,0,0,0,0,0,0,0,0,0,0,0,0,0,4,0,39.9974,-75.082, , 
65915,728116,2012109044,6,67,67301,2012,9,6,138,1,3,1,0,1,1, , ,N,0,0,0,3,0,2,3,3,N,N,39 58:19.977,75 07:20.225,148, ,141,1,1,1,N, ,0,N, , , , , , , , ,3,2,0,0,0,0,1,0,0,0,1,1,2,0,0,0,0,0,0,0,0,0,0,1,0,0,0,0,0,0,0,0,0,0,0,3,0,39.9721,-75.1224, , 
65916,728128,2012122389,6,67,67301,2012,11,1,1255,12,1,1,0,1,1, , ,N,1,2,0,3,0,1,2,2,N,N,40 02:35.830,75 03:08.014,1305, ,1259,1,1,4, , ,9,N, , , , , , , , ,2,1,0,0,0,0,1,0,0,0,0,0,1,1,0,0,0,0,0,0,0,0,0,1,0,0,0,0,0,0,0,0,0,0,0,8,0,40.0432,-75.0523, , 
65917,728142,2012116274,6,67,67301,2012,9,4,2300,23,6,1,0,5,1, , ,N,3,0,0,3,0,1,2,2, , ,39 58:08.659,75 09:53.726,0, ,0, ,0, , , ,0, , , , , , , , , ,2,2,0,0,0,0,0,0,0,0,1,0,1,0,1,0,0,0,0,0,0,0,0,0,0,0,0,0,0,0,0,0,0,0,0,3,0,39.9691,-75.1649, , 
65918,728145,2012121696,6,67,67301,2012,11,6,1920,19,3,1,0,5,1, , ,N,0,0,0,3,0,0,5,3,N,N,40 01:11.649,75 02:40.609,1920, ,1920,1,2,2,N, ,0,N, , , , , , , , ,3,3,0,0,0,0,0,0,0,0,0,0,0,0,0,0,0,0,0,0,0,0,0,0,0,0,0,0,0,0,0,0,0,0,0,0,0,40.0199,-75.0446, , 
65919,728150,2012125571,6,67,67301,2012,11,4,1308,13,1,1,0,1,1, , ,N,0,0,0,3,0,1,3,2,N,N,40 00:25.743,75 07:22.539,1313, ,1310, ,0, , , ,0, , , , , , , , , ,2,1,0,0,0,0,1,0,0,0,0,1,1,0,0,0,0,0,0,0,1,1,0,0,0,0,0,0,0,0,0,0,0,0,0,4,0,40.0072,-75.1229, , 
65920,728155,2012120098,6,67,67301,2012,10,6,9999,99,3,1,0,8,1, , ,N,1,3,0,3,0,1,2,2,N,N,39 56:08.001,75 08:42.917,1855, ,1859, ,0, ,N, ,3, , , , , , , , , ,1,1,0,0,0,0,0,0,0,0,0,1,1,0,0,0,0,0,0,0,0,1,0,0,0,0,0,0,0,0,0,0,1,0,0,4,0,39.9356,-75.1453, , 
65921,728171,2013013199,6,67,67301,2012,12,3,1920,19,3,2,1,1,1, , ,N,5,2,0,3,0,0,6,2,N,N,39 54:32.511,75 14:30.820,1932, ,1927, ,0, ,N, ,3, , , , , , , , , ,2,1,0,0,0,0,0,1,0,0,0,0,0,0,0,0,0,0,1,0,1,0,0,0,0,0,0,0,0,0,0,0,0,0,0,0,0,39.909,-75.2419, , 
65922,731249,2012109855,6,67,67301,2012,10,4,9999,99,1,1,0,1,1, , ,N,0,0,0,3,0,0,2,2,N,N,40 06:59.576,74 59:04.591,1755, ,1749,1,1,2,N, ,0,N, , , , , , , , ,2,2,0,0,0,0,0,0,0,0,1,0,1,0,0,0,0,0,0,0,0,0,0,1,0,0,0,0,0,0,0,0,0,0,0,3,0,40.1165,-74.9846, , 
65923,731258,2012125185,6,67,67301,2012,12,7,13,0,3,2,0,7,2, , ,N,0,0,0,3,0,0,1,1,N,N,40 02:33.930,75 00:12.722,25, ,15,1,1,2,N, ,0,N, , , , , , , , ,1,1,0,0,0,0,0,0,0,0,0,0,0,0,0,0,0,0,0,0,0,0,0,0,0,0,0,0,0,0,0,0,0,0,0,0,0,40.0428,-75.0035, , 
65924,731270,2012114351,6,67,67301,2012,10,4,1600,16,1,1,0,8,1, , ,N,0,0,0,3,0,1,2,2,N,N,39 59:27.247,75 07:53.089,1630, ,1600, ,0, ,N, ,0, , , , , , , , , ,1,1,0,0,0,0,0,0,1,0,0,1,1,0,0,0,0,0,0,0,0,0,0,0,0,0,0,0,0,0,0,0,1,0,0,4,0,39.9909,-75.1314, , 
65925,731281,2012125498,6,67,67301,2012,11,4,1918,19,3,1,0,4,1, , ,N,5,2,0,3,0,1,8,2,N,N,40 02:53.422,75 01:33.866,1945, ,1938,9,1,4,N, ,3,N, , , , , , , , ,2,1,0,0,0,0,1,0,0,0,0,0,1,1,0,0,0,0,0,0,0,0,0,2,0,0,0,0,0,0,0,0,0,0,0,8,0,40.0482,-75.0261, , 
65926,731284,2012127592,6,67,67301,2012,12,5,1733,17,3,1,0,1,1, , ,N,0,0,0,3,0,0,2,2,N,N,40 01:25.776,75 01:57.704,1810, ,1737, ,0, ,N, ,0, , , , , , , , , ,2,1,0,0,0,0,1,0,0,0,0,0,0,0,0,0,0,0,0,0,0,0,0,0,0,0,0,0,0,0,0,0,0,0,0,0,0,40.0238,-75.0327, , 
65927,731287,2013003831,6,67,67301,2012,12,1,925,9,1,1,1,4,1, , ,N,0,0,0,3,0,1,2,2,N,N,39 58:52.219,75 09:44.251,930, ,925, ,0, ,N, ,0, , , , , , , , , ,2,1,0,0,1,0,0,0,0,0,0,0,1,1,0,0,0,0,0,1,1,0,0,0,0,0,0,0,0,0,0,0,0,0,0,8,0,39.9812,-75.1623, , 
65928,731304,2012122432,6,67,67301,2012,11,7,1758,17,3,1,0,4,1, , ,N,1,2,0,3,0,2,6,2,N, ,40 00:49.975,75 07:33.617,1802, ,1759, ,0, ,N, ,3, , , , , , , , , ,2,2,0,0,0,0,0,0,0,0,0,2,2,0,0,0,0,0,0,0,0,0,0,0,0,0,0,0,0,0,0,0,0,0,0,4,0,40.0139,-75.126, , 
65929,731312,2013006724,6,67,67301,2012,12,7,9999,99,1,1,0,4,1, , ,N,0,0,0,3,0,0,3,2,N,N,40 01:41.570,75 12:19.237,1253, ,1248, ,0, ,N, ,0, , , , , , , , , ,2,1,0,0,1,0,0,0,0,0,0,0,0,0,0,0,0,0,0,0,1,0,0,0,0,0,0,0,0,0,0,0,0,0,0,0,0,40.0282,-75.2053, , 
65930,731320,2012111738,6,67,67301,2012,10,3,236,2,3,1,0,5,1, , ,N,0,0,0,3,0,0,1,3,N,N,39 57:21.211,75 13:35.295,236, ,235, ,0, ,N, ,0, , , , , , , , , ,3,1,0,0,0,0,2,0,0,0,0,0,0,0,0,0,0,0,0,0,0,0,0,0,0,0,0,0,0,0,0,0,0,0,0,0,0,39.9559,-75.2265, , 
65931,731329,2012120050,6,67,67301,2012,10,1,1526,15,1,2,1,4,1, , ,N,1,2,0,3,0,2,3,3,N,N,39 57:50.569,75 11:29.777,1529, ,1526, ,0, ,N, ,3, , , , , , , , , ,3,3,0,0,0,0,0,0,0,0,0,2,2,0,0,0,0,0,0,0,1,0,0,0,0,0,0,0,0,0,0,0,0,0,0,4,0,39.964,-75.1916, , 
65932,731339,2012109933,6,67,67301,2012,10,7,1930,19,3,1,0,1,1, , ,N,0,0,0,3,0,1,3,2,N,N,40 00:21.568,75 05:31.896,2159, ,2152,3,1,1,N, ,0,Y, , , , , , , , ,2,0,0,0,0,0,2,0,0,0,1,0,1,0,0,0,0,0,0,0,0,0,0,0,0,0,0,0,0,0,0,0,0,0,0,3,0,40.006,-75.0922, , 
65933,731362,2012104022,6,67,67301,2012,9,5,2342,23,3,2,1,1,1, , ,N,0,0,0,3,0,3,4,3,N,N,39 59:41.147,75 09:39.585,2347, ,2345,2,2,3,N, ,0,Y, , , , , , , , ,3,2,0,0,0,0,0,1,0,1,1,1,3,0,0,0,0,0,0,0,0,0,0,4,0,1,0,0,0,0,0,0,0,0,0,2,0,39.9948,-75.161, , 
65934,731369,2012109722,6,67,67301,2012,10,3,1100,11,1,2,1,4,1, , ,N,0,0,7,3,0,1,3,2,N,N,39 55:34.090,75 11:17.230,1106, ,1105, ,0, , , ,0, , , , , , , , , ,2,2,0,0,0,0,0,0,0,0,0,0,1,1,0,0,0,0,0,0,1,0,1,0,0,0,0,0,0,0,0,0,0,0,0,8,0,39.9261,-75.1881, , 
65935,731373,2012116211,6,67,67301,2012,9,4,1330,13,1,1,0,0,1, , ,N,2,3,0,3,0,1,1,2,N,N,40 01:58.001,75 04:44.638,0, ,0, ,0, ,N, ,3, , , , , , , , , ,1,0,1,0,0,0,0,0,0,0,1,0,1,0,0,0,0,0,0,0,1,0,0,0,0,0,0,0,0,0,0,0,0,0,0,3,0,40.0328,-75.0791, , 
65936,731381,2012128245,6,67,67301,2012,11,7,1326,13,1,1,0,4,1, , ,N,0,0,0,3,0,2,3,4,N,N,39 55:44.882,75 14:29.287,1332, ,1328,1,1,5,N, ,0,Y, , , , , , , , ,4,2,0,0,1,0,0,0,0,0,0,2,2,0,0,0,0,0,0,1,1,0,0,0,0,0,0,0,0,0,0,0,0,0,0,4,0,39.9291,-75.2415, , 