objectid_1,objectid,crn,district,county,municipality,crash_year,crash_month,day_of_week,time_of_day,hour_of_day,illumination,weather,road_condition,collision_type,relation_to_road,work_zone_type,work_zone_loc,work_zone_ind,intersect_type,tcd_type,location_type,urban_rural,fatal_count,injury_count,person_count,total_units,sch_bus_ind,sch_zone_ind,latitude,longitude,arrival_tm,cons_zone_spd_lim,dispatch_tm,est_hrs_closed,lane_closed,ln_close_dir,ntfy_hiwy_maint,spec_juris_cd,tcd_func_cd,tfc_detour_ind,workers_pres,wz_close_detour,wz_flagger,wz_law_offcr_ind,wz_ln_closure,wz_moving,wz_other,wz_shlder_mdn,vehicle_count,automobile_count,motorcycle_count,bus_count,small_truck_count,heavy_truck_count,suv_count,van_count,bicycle_count,maj_inj_count,mod_inj_count,min_inj_count,tot_inj_count,unk_inj_deg_count,unk_inj_per_count,driver_count_16yr,driver_count_17yr,driver_count_18yr,driver_count_19yr,driver_count_20yr,driver_count_50_64yr,driver_count_65_74yr,driver_count_75plus,unbelted_occ_count,unb_death_count,unb_maj_inj_count,belted_death_count,belted_maj_inj_count,mcycle_death_count,mcycle_maj_inj_count,bicycle_death_count,bicycle_maj_inj_count,ped_count,ped_death_count,ped_maj_inj_count,max_severity_level,comm_veh_count,dec_lat,dec_long,rdwy_surf_type_cd,county_name
66005,730518,2012120097,6,67,67301,2012,11,3,1758,17,3,1,0,5,1, , ,N,0,0,0,3,0,1,4,3,N,N,39 59:17.171,75 09:20.688,1805, ,1800,1,1,2,N, ,0,N, , , , , , , , ,2,2,0,0,0,0,0,0,0,0,1,0,1,0,0,0,0,0,0,0,0,1,0,0,0,0,0,0,0,0,0,0,1,0,0,3,0,39.9881,-75.1557, , 
66006,730535,2012082716,6,46,46104,2012,8,6,1406,14,1,1,0,4,1, , ,N,0,0,0,3,0,1,2,2,N,N,40 00:05.544,75 13:33.009,1412, ,1407,1,1,2,N, ,0,N, , , , , , , , ,2,2,0,0,0,0,0,0,0,0,0,1,1,0,0,0,0,0,0,0,0,0,1,0,0,0,0,0,0,0,0,0,0,0,0,4,0,40.0015,-75.2258, , 
66007,730583,2012126368,6,67,67301,2012,11,7,2140,21,3,1,0,4,1, , ,N,1,0,0,3,0,0,1,2,N,N,40 00:56.113,75 08:21.944,2216, ,2216, ,0, , , ,0, , , , , , , , , ,2,1,0,0,0,0,1,0,0,0,0,0,0,0,0,0,0,0,0,0,0,0,0,0,0,0,0,0,0,0,0,0,0,0,0,0,0,40.0156,-75.1394, , 
66008,730585,2012127753,6,67,67301,2012,11,4,1305,13,8,2,1,4,6, , ,N,2,2,0,3,0,0,6,2,N,N,39 58:25.156,75 12:32.179,1320, ,1315, ,0, ,N, ,3, , , , , , , , , ,2,1,0,0,0,1,0,0,0,0,0,0,0,0,1,0,0,0,0,0,1,0,0,0,0,0,0,0,0,0,0,0,0,0,0,9,1,39.9736,-75.2089, , 
66009,730591,2012117262,6,67,67301,2012,10,6,2326,23,3,1,0,5,1, , ,N,0,2,0,3,0,0,1,4,N,N,39 57:26.250,75 12:56.068,130, ,125, ,0, ,N, ,3, , , , , , , , , ,4,3,0,0,0,0,1,0,0,0,0,0,0,0,0,0,0,0,0,0,0,0,0,0,0,0,0,0,0,0,0,0,0,0,0,0,0,39.9573,-75.2156, , 
66010,730624,2012083529,6,67,67301,2012,8,5,827,8,1,1,0,1,1, , ,N,0,0,0,3,0,1,3,3,N,N,40 01:00.311,75 03:03.475,841, ,830, ,0, ,N, ,0, , , , , , , , , ,3,2,0,0,0,0,1,0,0,0,0,0,1,1,0,0,0,0,0,0,0,0,0,0,0,0,0,0,0,0,0,0,0,0,0,8,0,40.0168,-75.0509, , 
66011,730644,2012109840,6,67,67301,2012,10,4,9999,99,1,1,0,4,1, , ,N,1,2,0,3,0,1,2,2,N,N,40 02:06.975,75 07:17.098,9999, ,9999, ,0, ,N, ,3, , , , , , , , , ,2,1,0,0,1,0,0,0,0,0,0,1,1,0,0,0,0,0,0,0,2,0,0,2,0,0,0,0,0,0,0,0,0,0,0,4,0,40.0353,-75.1214, , 
66012,730651,2012109829,6,67,67301,2012,10,7,1910,19,3,1,0,8,1, , ,N,0,0,0,3,0,1,3,2,N, ,40 00:12.008,75 09:58.987,1930, ,1925, ,0, , , ,0, , , , , , , , , ,1,1,0,0,0,0,0,0,0,0,0,1,1,0,0,0,0,0,0,1,0,0,0,0,0,0,0,0,0,0,0,0,1,0,0,4,0,40.0033,-75.1664, , 
66013,730653,2012110524,6,67,67301,2012,10,2,931,9,1,1,0,0,1, , ,N,0,0,0,3,0,1,3,2,N,N,39 55:44.861,75 11:49.466,1004, ,950,1,2,4,N, ,0,N, , , , , , , , ,2,1,0,0,0,1,0,0,0,0,0,1,1,0,0,0,0,0,0,0,0,0,0,0,0,0,0,0,0,0,0,0,0,0,0,4,1,39.9291,-75.1971, , 
66014,722319,2012066672,6,67,67301,2012,6,1,2030,20,2,1,0,8,1, , ,N,1,3,0,3,0,1,2,2,N,N,40 01:19.484,75 09:12.200,2100, ,2030, ,0, ,N, ,3, , , , , , , , , ,1,1,0,0,0,0,0,0,0,0,1,0,1,0,0,0,0,0,0,0,0,0,0,1,0,0,0,0,0,0,0,0,1,0,0,3,0,40.0221,-75.1534, , 
66015,722320,2012068830,6,67,67301,2012,5,6,831,8,1,1,0,8,1, , ,N,0,0,0,3,0,1,2,2,N,N,39 58:12.165,75 08:36.751,9999, ,1425, ,0, ,N, ,0, , , , , , , , , ,1,0,0,0,0,0,0,0,0,0,0,1,1,0,0,0,0,0,0,0,0,0,0,0,0,0,0,0,0,0,0,0,1,0,0,4,0,39.97,-75.1435, , 
66016,722321,2012070297,6,67,67301,2012,7,3,1123,11,1,1,0,1,1, , ,N,0,0,0,3,0,0,2,2,N,N,39 58:22.677,75 11:37.859,1123, ,1123, ,0, ,N, ,0, , , , , , , , , ,2,1,0,0,1,0,0,0,0,0,0,0,0,0,0,0,0,0,0,0,2,0,0,0,0,0,0,0,0,0,0,0,0,0,0,0,0,39.973,-75.1938, , 
66017,722348,2012111798,6,67,67301,2012,10,3,1610,16,1,2,1,6,1, , ,N,0,0,0,3,0,2,3,2,N, ,39 59:03.731,75 12:11.650,1618, ,1618,3,2,5, , ,0,Y, , , , , , , , ,2,0,0,0,2,0,0,0,0,0,0,1,2,1,0,0,0,0,0,0,0,0,0,0,0,0,0,0,0,0,0,0,0,0,0,4,0,39.9844,-75.2032, , 
66018,722358,2012121421,6,67,67301,2012,10,2,1511,15,1,1,0,1,1, , ,N,0,0,6,3,0,0,2,2,N,N,40 02:33.052,75 03:22.500,1518, ,1513,1,1,1,N, ,0,N, , , , , , , , ,2,0,0,0,0,0,2,0,0,0,0,0,0,0,0,0,0,0,0,0,1,0,0,0,0,0,0,0,0,0,0,0,0,0,0,0,0,40.0425,-75.0563, , 
66019,722385,2012075968,6,67,67301,2012,6,6,140,1,3,1,0,5,6, , ,N,0,0,0,3,0,0,1,5,N,N,39 57:19.339,75 13:19.794,145, ,143, ,0, ,N, ,0, , , , , , , , , ,5,5,0,0,0,0,0,0,0,0,0,0,0,0,0,0,0,0,0,0,0,0,0,0,0,0,0,0,0,0,0,0,0,0,0,0,0,39.9554,-75.2222, , 
66020,722386,2012076049,6,67,67301,2012,6,3,1345,13,1,1,0,4,1, , ,N,0,0,7,3,0,1,2,2,N,N,40 03:32.883,75 05:05.355,1410, ,1405, ,0, , , ,0, , , , , , , , , ,2,0,1,0,0,0,0,1,0,0,0,0,1,1,0,0,0,0,0,1,0,0,0,0,0,0,0,0,0,0,0,0,0,0,0,8,0,40.0591,-75.0848, , 
66021,722387,2012078465,6,67,67301,2012,6,6,2000,20,4,1,0,4,1, , ,N,1,3,0,3,0,2,3,2,N,N,39 56:37.683,75 13:22.061,1235, ,1230, ,0, ,N, ,3, , , , , , , , , ,2,2,0,0,0,0,0,0,0,0,0,2,2,0,0,0,0,0,0,0,1,0,0,0,0,0,0,0,0,0,0,0,0,0,0,4,0,39.9438,-75.2228, , 
66022,722391,2012080730,6,67,67301,2012,8,4,1219,12,1,1,0,8,1, , ,N,1,2,0,3,0,4,16,2,N,N,40 00:11.393,75 09:08.837,1320, ,1220, ,0, ,N, ,3, , , , , , , , , ,1,0,0,1,0,0,0,0,0,0,0,4,4,0,0,0,0,0,0,0,0,0,0,0,0,0,0,0,0,0,0,0,1,0,0,4,1,40.0032,-75.1525, , 
66023,722393,2012083222,6,67,67301,2012,7,3,955,9,1,1,0,8,3, , ,N,0,0,7,3,0,1,2,2,N, ,39 56:42.776,75 14:21.967,1000, ,955, ,0, , , ,0, , , , , , , , , ,1,1,0,0,0,0,0,0,0,0,0,1,1,0,1,0,0,0,0,0,0,0,0,0,0,0,0,0,0,0,0,0,1,0,0,4,0,39.9452,-75.2394, , 
66024,722414,2012073614,6,67,67301,2012,6,6,2200,22,3,2,1,4,1, , ,N,0,0,7,3,0,0,3,2,N,N,40 05:44.574,75 00:59.310,2333, ,2327, ,0, ,N, ,0, , , , , , , , , ,2,1,0,0,0,0,1,0,0,0,0,0,0,0,0,0,0,0,1,0,0,0,0,0,0,0,0,0,0,0,0,0,0,0,0,0,0,40.0957,-75.0165, , 
66025,722452,2012117357,6,67,67301,2012,10,5,1330,13,1,1,0,4,6, , ,N,0,0,0,3,0,0,2,2,N,N,39 59:22.354,75 05:36.909,1418, ,1417, ,0, , , ,0, , , , , , , , , ,2,2,0,0,0,0,0,0,0,0,0,0,0,0,0,0,0,0,0,0,0,0,1,0,0,0,0,0,0,0,0,0,0,0,0,9,0,39.9895,-75.0936, , 
66026,722460,2012059749,6,67,67301,2012,6,1,2025,20,3,2,1,7,4, , ,N,7,0,2,3,0,0,1,1,N,N,40 02:51.486,74 59:56.960,2032, ,2028,1,2,1,Y, ,0,N, , , , , , , , ,1,1,0,0,0,0,0,0,0,0,0,0,0,0,0,0,0,0,0,0,0,0,0,0,0,0,0,0,0,0,0,0,0,0,0,0,0,40.0476,-74.9992, , 
66027,722465,2012063969,6,67,67301,2012,5,1,1713,17,1,1,0,1,1, , ,N,0,0,0,3,0,0,4,2,N,N,40 02:21.574,75 06:36.367,1745, ,1738, ,0, ,N, ,0, , , , , , , , , ,2,0,0,0,0,0,0,2,0,0,0,0,0,0,0,0,0,0,0,0,0,0,0,0,0,0,0,0,0,0,0,0,0,0,0,0,0,40.0393,-75.1101, , 
66028,722467,2012066732,6,67,67301,2012,5,2,545,5,1,1,0,4,1, , ,N,1,2,0,3,0,3,4,2,N,N,39 57:04.309,75 13:58.126,553, ,550, ,0, ,N, ,9, , , , , , , , , ,2,1,0,0,0,0,1,0,0,0,0,1,3,2,0,0,0,0,0,0,0,0,0,0,0,0,0,0,0,0,0,0,0,0,0,4,0,39.9512,-75.2328, , 
66029,722473,2012083244,6,67,67301,2012,8,4,215,2,3,1,0,4,6, , ,N,0,0,0,3,0,0,1,3,N, ,40 05:34.720,74 58:14.505,233, ,228, ,0, , , ,0, , , , , , , , , ,3,0,0,0,1,0,2,0,0,0,0,0,0,0,1,0,0,0,0,0,0,0,0,0,0,0,0,0,0,0,0,0,0,0,0,9,0,40.093,-74.9707, , 
66030,722482,2012088747,6,67,67301,2012,7,1,1916,19,1,1,0,7,2, , ,N,6,0,2,3,0,1,1,1,N,N,39 57:34.701,75 10:51.774,1921, ,1918,2,2,3,N, ,0,Y, , , , , , , , ,1,0,1,0,0,0,0,0,0,0,0,0,1,1,0,0,0,0,0,0,0,0,0,0,0,0,0,0,0,0,0,0,0,0,0,8,0,39.9596,-75.181, , 
66031,722487,2012096411,6,67,67301,2012,8,5,1530,15,1,1,0,2,1, , ,N,1,2,0,3,0,0,0,2,N,N,39 58:02.378,75 14:44.992,9999, ,1725, ,0, ,N, ,3, , , , , , , , , ,1,0,0,0,0,0,0,1,0,0,0,0,0,0,0,0,0,0,0,0,0,0,0,0,0,0,0,0,0,0,0,0,0,0,0,9,0,39.9673,-75.2457, , 
66032,722490,2012098326,6,67,67301,2012,9,7,1630,16,1,1,0,5,1, , ,N,1,2,0,3,0,1,3,2,N,N,39 59:50.917,75 08:00.815,9999, ,9999, ,0, ,N, ,3, , , , , , , , , ,2,2,0,0,0,0,0,0,0,0,0,0,1,1,1,0,0,0,0,0,0,0,0,0,0,0,0,0,0,0,0,0,0,0,0,8,0,39.9975,-75.1336, , 
66033,725423,2012095497,6,67,67301,2012,8,4,2010,20,3,1,0,2,1, , ,N,1,2,0,3,0,1,1,2,N, ,40 05:37.163,74 58:48.657,2015, ,2015, ,0, , , ,3, , , , , , , , , ,1,1,0,0,0,0,0,0,0,0,0,0,1,1,0,0,0,0,0,0,0,0,0,0,0,0,0,0,0,0,0,0,0,0,0,8,0,40.0935,-74.9802, , 
66034,725424,2012095514,6,67,67301,2012,8,3,1931,19,3,1,0,4,1,8,8,Y,1,2,0,3,0,2,3,3,N,N,39 55:00.970,75 12:57.138,1950,99,1948, ,0, ,N, ,3, ,U,U,U,U,U,U,U,U,3,3,0,0,0,0,0,0,0,0,0,0,2,2,1,0,0,0,0,1,1,0,0,0,0,0,0,0,0,0,0,0,0,0,0,8,0,39.9169,-75.2159, , 
66035,725425,2012096105,6,67,67301,2012,9,5,532,5,2,1,0,8,1, , ,N,1,2,0,3,0,1,2,2,N,N,39 59:32.053,75 14:44.477,535, ,532,2,1,2,N, ,3,N, , , , , , , , ,1,0,0,0,0,1,0,0,0,0,0,1,1,0,0,0,0,0,0,0,0,0,0,0,0,0,0,0,0,0,0,0,1,0,0,4,1,39.9922,-75.2457, , 
66036,725427,2012098211,6,67,67301,2012,9,4,943,9,1,1,0,4,1, , ,N,10,2,0,3,0,2,2,2,N,N,40 03:33.132,75 02:38.341,949, ,945,1,1,1,N, ,3,N, , , , , , , , ,2,2,0,0,0,0,0,0,0,0,0,2,2,0,0,0,0,0,0,0,0,1,1,0,0,0,0,0,0,0,0,0,0,0,0,4,0,40.0592,-75.044, , 
66037,725428,2012098337,6,67,67301,2012,9,2,1728,17,1,2,1,7,4, , ,N,2,0,0,3,0,2,2,1,N,N,39 54:09.142,75 13:29.144,1734, ,1728, ,0, ,N, ,0, , , , , , , , , ,1,0,0,0,1,0,0,0,0,0,2,0,2,0,0,0,0,0,0,0,0,0,0,1,0,0,0,0,0,0,0,0,0,0,0,3,0,39.9025,-75.2248, , 
66038,725429,2012098413,6,67,67301,2012,9,6,1148,11,1,1,0,4,1, , ,N,0,0,0,3,0,1,5,2,N, ,40 02:26.921,75 10:21.697,1155, ,1151, ,0, , , ,0, , , , , , , , , ,2,2,0,0,0,0,0,0,0,0,0,0,1,1,1,0,1,0,0,0,0,0,0,0,0,0,0,0,0,0,0,0,0,0,0,8,0,40.0408,-75.1727, , 
66039,725430,2012098526,6,67,67301,2012,9,2,855,8,1,1,0,4,1, , ,N,2,0,0,3,0,2,2,2,N,N,39 59:09.609,75 12:47.333,929, ,921,2,1,1,N, ,0,N, , , , , , , , ,2,2,0,0,0,0,0,0,0,0,0,0,2,2,0,0,0,0,0,0,0,0,0,0,0,0,0,0,0,0,0,0,0,0,0,8,0,39.986,-75.2131, , 
66040,725432,2012098966,6,67,67301,2012,8,7,1000,10,1,1,0,8,4, , ,N,0,0,0,3,0,1,2,2,N,N,40 03:44.161,75 09:06.516,1115, ,1110, ,0, ,N, ,0, , , , , , , , , ,1,0,0,0,0,0,0,1,0,0,0,1,1,0,0,0,0,0,0,0,0,0,1,0,0,0,0,0,0,0,0,0,1,0,0,4,0,40.0623,-75.1518, , 
66041,725439,2012109835,6,67,67301,2012,10,4,1034,10,1,5,1,4,1, , ,N,1,2,0,3,0,1,2,2,N,N,40 02:08.080,75 07:25.889,1055, ,1055, ,0, ,N, ,3, , , , , , , , , ,2,0,0,0,0,0,2,0,0,0,0,1,1,0,0,0,0,0,0,1,0,0,0,0,0,0,0,0,0,0,0,0,0,0,0,4,0,40.0356,-75.1239, , 
66042,725443,2012111616,6,67,67301,2012,10,2,1628,16,1,2,1,4,1, , ,N,1,3,0,3,0,2,3,2,N,N,40 02:38.360,75 01:53.896,1640, ,1634, ,0, ,N, ,3, , , , , , , , , ,2,1,0,0,0,0,1,0,0,0,0,1,2,1,0,0,0,0,0,0,0,0,0,1,0,0,0,0,0,0,0,0,0,0,0,4,0,40.044,-75.0316, , 
66043,725444,2012111793,6,67,67301,2012,10,4,1350,13,1,1,0,4,1, , ,N,0,0,0,3,0,1,1,2,N, ,39 56:07.278,75 13:13.501,1356, ,1352,9,2,6,N, ,0,N, , , , , , , , ,1,0,0,0,0,0,0,0,1,0,0,1,1,0,0,0,0,0,0,0,0,0,0,0,0,0,0,0,0,0,0,0,1,0,0,4,0,39.9354,-75.2204, , 
66044,725448,2012060825,6,67,67301,2012,5,5,240,2,3,1,0,5,6, , ,N,0,0,0,3,0,1,1,2,N,N,39 56:10.300,75 10:44.050,241, ,241,2,2,2,N, ,0,Y, , , , , , , , ,2,1,0,0,0,0,1,0,0,0,0,1,1,0,0,0,0,0,0,0,0,0,0,1,0,0,0,0,0,0,0,0,0,0,0,4,0,39.9362,-75.1789, , 
66045,725451,2012064032,6,67,67301,2012,5,5,1800,18,1,1,0,6,6, , ,N,0,0,0,3,0,0,1,3,N,N,40 00:40.386,75 05:52.366,1804, ,1800,3,1,3,N, ,0,N, , , , , , , , ,3,2,0,0,0,0,1,0,0,0,0,0,0,0,0,0,0,0,0,0,0,0,0,0,0,0,0,0,0,0,0,0,0,0,0,0,0,40.0111,-75.0979, , 
66046,725457,2012068953,6,67,67301,2012,6,5,1410,14,1,1,0,8,1, , ,N,1,2,0,3,0,1,2,2,N,N,40 00:20.692,75 05:56.577,1631, ,1628, ,0, ,N, ,3, , , , , , , , , ,1,0,0,0,0,0,1,0,0,0,1,0,1,0,0,0,0,0,0,0,0,0,0,0,0,0,0,0,0,0,0,0,1,0,0,3,0,40.0057,-75.099, , 
66047,725465,2012075988,6,67,67301,2012,6,5,1445,14,1,1,0,1,6, , ,N,0,0,0,3,0,1,1,2,N,N,40 00:04.139,75 13:11.381,1722, ,1700, ,0, ,N, ,0, , , , , , , , , ,2,2,0,0,0,0,0,0,0,0,0,0,1,1,0,0,0,0,0,0,0,1,0,0,0,0,0,0,0,0,0,0,0,0,0,8,0,40.0011,-75.2198, , 
66048,725468,2012078386,6,67,67301,2012,7,5,1805,18,1,1,0,2,1, , ,N,0,0,0,3,0,1,2,2,N,N,40 00:02.613,75 07:38.992,1926, ,1924, ,0, ,N, ,0, , , , , , , , , ,1,0,0,0,1,0,0,0,1,0,0,1,1,0,1,0,0,0,0,0,0,0,0,0,0,0,0,0,0,0,0,0,0,0,0,4,0,40.0007,-75.1275, , 
66049,725469,2012078984,6,67,67301,2012,7,4,2308,23,3,1,0,4,1, , ,N,0,0,0,3,0,4,5,4,N, ,40 02:31.694,75 06:19.753,2308, ,2308, ,0, , , ,0, , , , , , , , , ,4,3,0,0,0,0,1,0,0,0,4,0,4,0,0,0,0,0,0,0,1,0,0,0,0,0,0,0,0,0,0,0,0,0,0,3,0,40.0421,-75.1055, , 
66050,725472,2012083169,6,67,67301,2012,7,7,2252,22,3,1,0,4,1, , ,N,1,3,0,3,0,1,2,2,N,N,40 02:29.562,75 04:39.817,2257, ,2254, ,0, ,N, ,3, , , , , , , , , ,2,1,0,0,0,0,1,0,0,0,0,0,1,1,0,0,0,0,0,0,0,0,0,0,0,0,0,0,0,0,0,0,0,0,0,8,0,40.0415,-75.0777, , 
66051,728339,2012095356,6,67,67301,2012,8,5,1245,12,1,1,0,4,1, , ,N,1,3,0,3,0,2,2,2,N,N,39 56:44.070,75 14:39.105,1424, ,1417, ,0, ,N, ,3, , , , , , , , , ,2,2,0,0,0,0,0,0,0,0,0,0,0,0,2,0,0,0,0,0,1,0,0,0,0,0,0,0,0,0,0,0,0,0,0,9,0,39.9456,-75.2442, , 
66052,728348,2012111623,6,67,67301,2012,10,4,757,7,1,1,0,8,1, , ,N,0,0,0,3,0,1,2,2,N,N,39 58:22.176,75 13:05.141,941, ,939, ,0, ,N, ,0, , , , , , , , , ,1,1,0,0,0,0,0,0,0,0,0,0,1,1,0,0,0,0,0,0,0,1,0,0,0,0,0,0,0,0,0,0,1,0,0,8,0,39.9728,-75.2181, , 
66053,728356,2012117299,6,67,67301,2012,10,1,40,0,3,1,0,1,1, , ,N,2,2,0,3,0,0,4,2,N,N,39 57:01.836,75 10:02.485,49, ,48, ,0, ,N, ,3, , , , , , , , , ,2,2,0,0,0,0,0,0,0,0,0,0,1,1,1,0,0,0,0,0,0,0,0,0,0,0,0,0,0,0,0,0,2,0,0,8,0,39.9505,-75.1674, , 
66054,728366,2012127751,6,67,67301,2012,11,5,1907,19,3,1,0,1,1, , ,N,0,0,0,3,1,0,2,2,N,N,40 00:37.915,75 10:43.210,1917, ,1913,3,2,6,N,0,0,Y, , , , , , , , ,2,0,1,1,0,0,0,0,0,0,0,0,0,0,0,0,0,0,0,0,1,0,0,0,0,0,0,0,1,0,0,0,0,0,0,1,1,40.0105,-75.1787,2, 
66055,728370,2013003790,6,67,67301,2012,12,1,130,1,3,1,0,1,5, , ,N,0,0,0,3,0,1,6,2,N, ,40 00:29.502,75 04:18.122,159, ,152, ,0, , , ,0, , , , , , , , , ,2,2,0,0,0,0,0,0,0,0,0,1,1,0,1,0,0,0,0,0,0,0,0,0,0,0,0,0,0,0,0,0,0,0,0,4,0,40.0082,-75.0717, , 
66056,728389,2012108595,6,67,67301,2012,10,2,2250,22,3,1,0,1,1, , ,N,0,0,0,3,0,0,4,4,N,N,39 57:43.734,75 10:58.920,2259, ,2256,1,1,3,N, ,0,N, , , , , , , , ,4,2,0,0,1,0,1,0,0,0,0,0,0,0,0,0,0,0,0,0,1,0,0,0,0,0,0,0,0,0,0,0,0,0,0,0,0,39.9621,-75.183, , 
66057,728404,2013006839,6,67,67301,2012,11,3,927,9,1,2,1,4,1, , ,N,1,2,0,3,0,0,2,2,N, ,40 03:19.504,75 05:33.327,930, ,927, ,0, , , ,3, , , , , , , , , ,2,2,0,0,0,0,0,0,0,0,0,0,0,0,0,0,0,0,0,0,0,0,0,0,0,0,0,0,0,0,0,0,0,0,0,0,0,40.0554,-75.0926, , 
66058,728408,2012116482,6,67,67301,2012,11,7,1707,17,3,1,0,1,1, , ,N,0,0,0,3,0,0,3,2,N,N,39 57:26.866,75 09:31.595,1729, ,1713,1,1,4,N, ,0,N, , , , , , , , ,2,2,0,0,0,0,0,0,0,0,0,0,0,0,1,0,0,1,0,0,0,0,0,0,0,0,0,0,0,0,0,0,0,0,0,9,0,39.9575,-75.1588, , 
66059,728416,2012121422,6,67,67301,2012,12,2,1435,14,1,1,0,0,1, , ,N,5,2,0,3,0,0,1,1,N,N,40 01:06.050,75 03:49.362,1450, ,1436,4,1,1,N, ,3,N, , , , , , , , ,1,0,0,0,1,0,0,0,0,0,0,0,0,0,0,0,0,0,0,0,0,0,0,0,0,0,0,0,0,0,0,0,0,0,0,0,1,40.0185,-75.0637, , 
66060,728430,2013006833,6,67,67301,2012,12,2,1725,17,3,4,1,5,4, , ,N,0,0,0,3,0,1,2,2,N,N,40 04:30.990,75 10:18.256,1735, ,1727, ,0, ,N, ,0, , , , , , , , , ,2,1,0,0,0,0,0,1,0,0,0,1,1,0,0,0,0,0,0,0,0,0,1,0,0,0,0,0,0,0,0,0,0,0,0,4,0,40.0753,-75.1717, , 
66061,728435,2012060745,6,67,67301,2012,5,2,1600,16,1,1,0,5,1, , ,N,0,0,0,3,0,1,2,2,N,N,40 00:38.709,75 09:53.687,1631, ,1630, ,0, ,N, ,0, , , , , , , , , ,2,1,0,0,0,0,0,0,0,0,0,1,1,0,0,0,0,0,0,0,0,0,0,0,0,0,0,0,0,0,0,0,0,0,0,4,0,40.0108,-75.1649, , 
66062,728447,2012117293,6,67,67301,2012,10,6,1354,13,1,1,0,7,3, , ,N,1,2,0,3,0,1,1,1,N, ,40 04:51.077,75 01:43.585,1424, ,1408,2,1,2, , ,3,N, , , , , , , , ,1,0,0,0,0,0,0,1,0,0,0,1,1,0,0,0,0,0,0,0,0,0,0,0,0,0,0,0,0,0,0,0,0,0,0,4,0,40.0809,-75.0288, , 
66063,728467,2013006821,6,67,67301,2012,12,6,2115,21,3,1,0,4,1, , ,N,1,3,0,3,0,1,3,2,N,N,39 59:47.115,75 07:32.807,2118, ,2115, ,0, ,N, ,3, , , , , , , , , ,1,0,0,0,0,0,0,1,1,0,0,0,1,1,0,0,0,0,0,0,0,0,0,0,0,0,0,0,0,0,0,0,0,0,0,8,0,39.9964,-75.1258, , 
66064,728483,2012088564,6,67,67301,2012,8,4,1401,14,1,1,0,4,1, , ,N,0,0,0,3,0,1,4,2,N, ,40 01:43.342,75 12:20.019,1407, ,1405, ,0, , , ,0, , , , , , , , , ,1,1,0,0,0,0,0,0,0,0,0,1,1,0,0,0,0,0,0,0,1,0,0,0,0,0,0,0,0,0,0,0,1,0,0,4,0,40.0287,-75.2056, , 
66065,728489,2012095436,6,67,67301,2012,8,5,1700,17,1,1,0,4,1, , ,N,1,2,0,3,0,0,2,2,N,N,39 59:34.702,75 13:03.332,1750, ,1721, ,0, ,N, ,3, , , , , , , , , ,2,2,0,0,0,0,0,0,0,0,0,0,0,0,0,0,0,0,0,0,2,0,0,2,0,0,0,0,0,0,0,0,0,0,0,0,0,39.993,-75.2176, , 
66066,728491,2012104141,6,67,67301,2012,9,1,435,4,1,1,0,8,1, , ,N,0,0,0,3,0,1,1,2,N, ,40 00:02.894,75 10:17.151,435, ,431, ,0, , , ,0, , , , , , , , , ,0,0,0,0,0,0,0,0,0,0,0,0,1,1,0,0,0,0,0,0,0,0,0,0,0,0,0,0,0,0,0,0,1,0,0,8,0,40.0008,-75.1714, , 
66067,728492,2012073551,6,67,67301,2012,6,6,1510,15,1,1,0,4,1, , ,N,1,2,0,3,0,1,3,2,N,N,40 02:11.789,75 03:52.061,1522, ,1510, ,0, ,N, ,3, , , , , , , , , ,2,2,0,0,0,0,0,0,0,0,0,1,1,0,0,0,0,0,0,0,2,0,0,0,0,0,0,0,0,0,0,0,0,0,0,4,0,40.0366,-75.0645, , 
66068,728509,2012088579,6,67,67301,2012,8,6,1425,14,1,1,0,4,1, , ,N,1,0,0,3,0,1,2,2,N, ,39 56:55.089,75 14:36.819,1525, ,1525, ,0, , , ,0, , , , , , , , , ,2,1,0,0,0,0,0,1,0,0,0,1,1,0,0,0,0,0,0,0,2,0,0,0,0,0,0,0,0,0,0,0,0,0,0,4,0,39.9486,-75.2436, , 
66069,728532,2012068139,6,67,67301,2012,7,6,2241,22,3,1,0,7,3, , ,N,0,0,0,3,0,1,1,1,N,N,39 58:47.299,75 12:17.181,2251, ,2250, ,0, ,N, ,0, , , , , , , , , ,1,1,0,0,0,0,0,0,0,0,0,1,1,0,0,0,0,0,0,0,0,0,0,0,0,0,0,0,0,0,0,0,0,0,0,4,0,39.9798,-75.2048, , 
66070,730065,2012109735,6,67,67301,2012,10,1,232,2,3,1,0,5,1, , ,N,0,0,0,3,0,0,6,2,N,N,39 55:04.432,75 12:37.829,237, ,237, ,0, ,N, ,0, , , , , , , , , ,2,2,0,0,0,0,0,0,0,0,0,0,0,0,0,0,0,0,0,0,0,0,0,0,0,0,0,0,0,0,0,0,0,0,0,0,0,39.9179,-75.2106, , 
66071,730090,2012098194,6,67,67301,2012,9,4,1631,16,1,1,0,8,1, , ,N,1,2,0,3,0,1,1,1,N,N,39 57:25.867,75 12:07.023,1640, ,1634, ,0, ,N, ,3, , , , , , , , , ,1,0,0,1,0,0,0,0,0,0,0,0,1,1,0,0,0,0,0,0,0,0,0,0,0,0,0,0,0,0,0,0,1,0,0,8,1,39.9571,-75.2019, , 