objectid_1,objectid,crn,district,county,municipality,crash_year,crash_month,day_of_week,time_of_day,hour_of_day,illumination,weather,road_condition,collision_type,relation_to_road,work_zone_type,work_zone_loc,work_zone_ind,intersect_type,tcd_type,location_type,urban_rural,fatal_count,injury_count,person_count,total_units,sch_bus_ind,sch_zone_ind,latitude,longitude,arrival_tm,cons_zone_spd_lim,dispatch_tm,est_hrs_closed,lane_closed,ln_close_dir,ntfy_hiwy_maint,spec_juris_cd,tcd_func_cd,tfc_detour_ind,workers_pres,wz_close_detour,wz_flagger,wz_law_offcr_ind,wz_ln_closure,wz_moving,wz_other,wz_shlder_mdn,vehicle_count,automobile_count,motorcycle_count,bus_count,small_truck_count,heavy_truck_count,suv_count,van_count,bicycle_count,maj_inj_count,mod_inj_count,min_inj_count,tot_inj_count,unk_inj_deg_count,unk_inj_per_count,driver_count_16yr,driver_count_17yr,driver_count_18yr,driver_count_19yr,driver_count_20yr,driver_count_50_64yr,driver_count_65_74yr,driver_count_75plus,unbelted_occ_count,unb_death_count,unb_maj_inj_count,belted_death_count,belted_maj_inj_count,mcycle_death_count,mcycle_maj_inj_count,bicycle_death_count,bicycle_maj_inj_count,ped_count,ped_death_count,ped_maj_inj_count,max_severity_level,comm_veh_count,dec_lat,dec_long,rdwy_surf_type_cd,county_name
66072,730110,2013003796,6,67,67301,2012,12,1,9999,99,3,2,1,7,5, , ,N,0,0,3,3,0,0,1,1,N,N,39 53:52.116,75 12:41.896,9999, ,9999, ,0, ,N, ,0, , , , , , , , , ,1,0,0,0,1,0,0,0,0,0,0,0,0,0,1,0,0,0,0,0,1,0,0,0,0,0,0,0,0,0,0,0,0,0,0,9,0,39.8978,-75.2116, , 
66073,730119,2012114394,6,67,67301,2012,10,5,1700,17,1,1,0,1,1, , ,N,1,2,0,3,0,1,3,2,N,N,39 59:16.127,75 05:31.456,1720, ,1715, ,0, , , ,3, , , , , , , , , ,2,1,0,0,0,0,1,0,0,0,0,0,1,1,0,0,0,0,0,0,1,0,0,0,0,0,0,0,0,0,0,0,0,0,0,8,0,39.9878,-75.0921, , 
66074,730120,2012114504,6,67,67301,2012,11,7,149,1,3,1,0,7,2, , ,N,0,0,0,3,0,0,1,1,N,N,39 58:15.104,75 11:34.926,203, ,151, ,0, ,N, ,0, , , , , , , , , ,1,1,0,0,0,0,0,0,0,0,0,0,0,0,0,0,0,0,0,0,0,0,0,0,0,0,0,0,0,0,0,0,0,0,0,0,0,39.9709,-75.193, , 
66075,730125,2012117267,6,67,67301,2012,10,3,1615,16,1,1,0,4,2, , ,N,0,0,7,3,0,1,2,3,N, ,40 00:26.110,75 07:53.270,1635, ,1630, ,0, , , ,0, , , , , , , , , ,2,0,0,0,0,1,1,0,0,0,0,1,1,0,0,0,0,0,0,0,0,0,0,0,0,0,0,0,0,0,0,0,1,0,0,4,0,40.0073,-75.1315, , 
66076,730127,2012122331,6,67,67301,2012,11,2,12,0,3,1,0,8,1, , ,N,0,0,0,3,0,0,1,1,N,N,39 57:12.360,75 14:55.280,12, ,12, ,0, ,N, ,0, , , , , , , , , ,1,1,0,0,0,0,0,0,0,0,0,0,1,1,0,0,0,0,0,0,0,0,0,0,0,0,0,0,0,0,0,0,1,0,0,8,0,39.9534,-75.2487, , 
66077,730145,2012088559,6,67,67301,2012,8,2,1941,19,3,1,0,8,1, , ,N,1,2,0,3,0,1,2,2,N,N,40 00:04.993,75 06:52.034,2013, ,1941, ,0, ,N, ,3, , , , , , , , , ,1,1,0,0,0,0,0,0,0,0,1,0,1,0,0,0,0,0,0,0,0,0,0,0,0,0,0,0,0,0,0,0,1,0,0,3,0,40.0014,-75.1145, , 
66078,730151,2012098244,6,67,67301,2012,9,1,1845,18,1,1,0,9,9, , ,N,1,2,0,3,0,1,1,2,N,N,39 59:08.884,75 06:41.745,30, ,26, ,0, ,N, ,3, , , , , , , , , ,1,1,0,0,0,0,0,0,0,0,0,1,1,0,0,0,0,0,0,0,0,0,0,0,0,0,0,0,0,0,0,0,1,0,0,4,0,39.9858,-75.1116, , 
66079,730161,2012113886,6,67,67301,2012,10,2,1845,18,3,2,1,7,3, , ,N,0,0,0,3,0,1,2,2,N,N,40 00:59.660,75 12:09.350,1855, ,1850,1,1,1,N, ,0,N, , , , , , , , ,2,2,0,0,0,0,0,0,0,0,0,1,1,0,0,0,0,0,0,0,0,0,0,0,0,0,0,0,0,0,0,0,0,0,0,4,0,40.0166,-75.2026, , 
66080,730168,2012114329,6,67,67301,2012,10,1,2036,20,3,1,0,4,1, , ,N,1,2,0,3,2,0,2,2,N,N,39 54:57.588,75 09:52.288,2038, ,2037, ,0, ,N,0,3, , , , , , , , , ,1,0,1,0,0,0,0,0,1,0,0,0,0,0,0,0,0,0,0,0,0,0,0,0,0,0,0,0,1,0,1,0,0,0,0,1,0,39.9159,-75.1645,2, 
66081,730169,2012117212,6,67,67301,2012,10,4,749,7,1,8,1,7,5, , ,N,0,0,0,3,0,2,2,1,N,N,39 59:29.208,75 11:45.235,755, ,750,1,2,1,N, ,0,N, , , , , , , , ,1,1,0,0,0,0,0,0,0,0,0,0,2,2,0,0,0,0,0,0,0,0,0,0,0,0,0,0,0,0,0,0,0,0,0,8,0,39.9914,-75.1959, , 
66082,730192,2012096046,6,67,67301,2012,8,7,2035,20,3,1,0,4,1, , ,N,1,2,0,3,0,1,6,2,N, ,39 57:57.056,75 14:02.155,2036, ,2035, ,0, , , ,3, , , , , , , , , ,2,1,0,0,0,0,0,1,0,0,0,0,1,1,0,0,0,0,0,0,0,1,0,3,0,0,0,0,0,0,0,0,0,0,0,8,0,39.9658,-75.2339, , 
66083,730207,2012116478,6,67,67301,2012,11,6,1857,18,3,1,0,5,1, , ,N,0,0,0,3,0,1,2,2,N,N,40 00:23.138,75 11:35.350,1950, ,1916,1,1,1,N, ,0,N, , , , , , , , ,2,1,0,0,0,1,0,0,0,0,0,0,1,1,0,0,0,0,0,0,1,0,0,0,0,0,0,0,0,0,0,0,0,0,0,8,1,40.0064,-75.1932, , 
66084,730219,2013003908,6,67,67301,2012,12,1,900,9,1,1,0,4,1, , ,N,1,2,0,3,0,0,3,2,N,N,39 56:59.100,75 10:03.072,905, ,900, ,0, ,N, ,9, , , , , , , , , ,2,2,0,0,0,0,0,0,0,0,0,0,0,0,3,0,0,0,0,0,1,0,0,0,0,0,0,0,0,0,0,0,0,0,0,9,0,39.9498,-75.1675, , 
66085,730221,2013006807,6,67,67301,2012,12,1,1214,12,1,2,1,2,1, , ,N,3,0,0,3,0,0,6,2,N,N,39 58:35.560,75 07:11.032,1216, ,1215, ,0, ,N, ,0, , , , , , , , , ,2,1,0,0,1,0,0,0,0,0,0,0,0,0,0,0,0,0,0,1,0,0,0,0,0,0,0,0,0,0,0,0,0,0,0,0,0,39.9765,-75.1197, , 
66086,730226,2012068880,6,67,67301,2012,6,1,1226,12,1,1,0,4,1, , ,N,1,3,0,3,0,0,6,2,N, ,40 00:36.252,75 09:51.843,1229, ,1228, ,0, , , ,3, , , , , , , , , ,2,1,0,0,1,0,0,0,0,0,0,0,0,0,0,0,0,0,0,0,0,1,1,6,0,0,0,0,0,0,0,0,0,0,0,0,0,40.0101,-75.1644, , 
66087,730241,2013021703,6,67,67301,2012,11,6,1700,17,4,1,0,4,1, , ,N,0,0,0,3,0,0,2,2,N,N,39 57:12.657,75 11:51.643,0, ,0, ,0, ,N, ,0, , , , , , , , , ,2,1,0,0,1,0,0,0,0,0,0,0,0,0,0,0,0,0,0,0,0,0,0,0,0,0,0,0,0,0,0,0,0,0,0,0,0,39.9535,-75.1977, , 
66088,730252,2012120552,6,67,67301,2012,10,1,1110,11,1,1,0,4,1, , ,N,2,0,0,3,0,1,2,3,N,N,40 00:53.409,75 11:09.244,1117, ,1116, ,0, ,N, ,0, , , , , , , , , ,3,2,0,0,0,0,1,0,0,0,0,0,1,1,0,0,0,0,0,0,1,0,0,0,0,0,0,0,0,0,0,0,0,0,0,8,0,40.0149,-75.1859, , 
66089,722496,2012104450,6,67,67301,2012,8,5,750,7,1,1,0,1,1, , ,N,0,0,0,3,0,2,4,4,N,N,40 00:27.244,75 12:04.601,809, ,756,1,2,3,N, ,0,N, , , , , , , , ,4,2,0,0,1,1,0,0,0,0,1,1,2,0,0,0,0,0,0,0,1,0,0,1,0,0,0,0,0,0,0,0,0,0,0,3,1,40.0076,-75.2013, , 
66090,722499,2012109662,6,67,67301,2012,10,3,1750,17,6,2,1,4,1, , ,N,2,3,0,3,0,0,3,2,N,N,40 03:49.338,75 02:45.477,1837, ,1830, ,0, ,N, ,3, , , , , , , , , ,2,1,0,0,1,0,0,0,0,0,0,0,0,0,0,0,0,0,0,0,0,0,0,0,0,0,0,0,0,0,0,0,0,0,0,0,0,40.0637,-75.046, , 
66091,722514,2012080782,6,67,67301,2012,7,6,9999,99,3,2,1,6,1, , ,N,0,0,0,3,0,0,1,3,N, ,40 01:20.775,75 03:39.760,2317, ,2315, ,0, , , ,0, , , , , , , , , ,3,3,0,0,0,0,0,0,0,0,0,0,0,0,0,0,0,0,0,0,0,0,0,0,0,0,0,0,0,0,0,0,0,0,0,0,0,40.0224,-75.061, , 
66092,722526,2012083323,6,67,67301,2012,8,7,1905,19,1,1,0,5,1, , ,N,1,2,0,3,0,1,13,2,N,N,39 59:49.350,75 10:42.861,1915, ,1908, ,0, ,N, ,3, , , , , , , , , ,2,1,0,0,0,0,0,1,0,0,0,0,1,1,0,0,0,0,0,0,0,0,0,0,0,0,0,0,0,0,0,0,0,0,0,8,0,39.997,-75.1786, , 
66093,722529,2012085851,6,67,67301,2012,8,5,621,6,1,1,0,4,1, , ,N,1,2,0,3,0,0,2,3,N,N,39 57:07.402,75 10:24.565,631, ,626, ,0, ,N, ,3, , , , , , , , , ,3,3,0,0,0,0,0,0,0,0,0,0,0,0,0,0,0,0,0,0,1,0,0,0,0,0,0,0,0,0,0,0,0,0,0,0,0,39.952,-75.1734, , 
66094,722547,2012103481,6,67,67301,2012,10,2,938,9,1,1,0,1,1, , ,N,0,0,0,3,0,3,4,2,N,N,39 56:42.117,75 11:27.106,955, ,942,1,1,4,N, ,0,N, , , , , , , , ,2,1,0,0,0,0,1,0,0,0,0,3,3,0,0,0,0,0,0,0,0,0,0,0,0,0,0,0,0,0,0,0,0,0,0,4,0,39.945,-75.1909, , 
66095,722548,2012104603,6,67,67301,2012,9,5,713,7,1,2,1,1,1, , ,N,0,0,0,3,0,1,3,3,N,N,40 06:01.167,75 01:19.341,717, ,715, ,0, ,N, ,0, , , , , , , , , ,3,3,0,0,0,0,0,0,0,0,0,0,2,2,0,0,0,1,0,0,0,0,0,0,0,0,0,0,0,0,0,0,0,0,0,8,0,40.1003,-75.022, , 
66096,722571,2012078493,6,67,67301,2012,6,6,2303,23,3,1,0,4,1, , ,N,2,3,0,3,0,0,2,2,N,N,40 01:22.699,75 13:01.451,2312, ,2306, ,0, ,N, ,3, , , , , , , , , ,2,2,0,0,0,0,0,0,0,0,0,0,0,0,0,0,0,0,0,0,0,0,0,0,0,0,0,0,0,0,0,0,0,0,0,0,0,40.023,-75.2171, , 
66097,722593,2012095569,6,67,67301,2012,8,2,930,9,1,2,1,1,1, , ,N,2,2,0,3,0,1,2,2,N,N,40 06:39.135,75 00:12.689,940, ,935, ,0, ,N, ,3, , , , , , , , , ,1,1,0,0,0,0,0,0,0,0,0,1,1,0,0,0,0,0,0,0,0,0,0,0,0,0,0,0,0,0,0,0,0,0,0,4,0,40.1109,-75.0035, , 
66098,722624,2012068841,6,67,67301,2012,5,1,9999,99,3,1,0,4,1, , ,N,1,0,0,3,0,1,2,2,N, ,40 00:59.814,75 08:49.815,148, ,9999, ,0, , , ,0, , , , , , , , , ,2,0,1,0,0,0,1,0,0,0,0,0,1,1,0,0,0,0,0,0,0,0,0,1,0,0,0,0,0,0,0,0,0,0,0,8,0,40.0166,-75.1472, , 
66099,722658,2012096038,6,67,67301,2012,8,6,1207,12,1,1,0,8,0, , ,N,0,0,7,3,0,1,2,1,N,N,40 04:57.977,75 01:35.058,1220, ,1214, ,0, ,N, ,0, , , , , , , , , ,1,1,0,0,0,0,0,0,0,0,0,0,1,1,0,0,0,0,0,0,0,0,0,0,0,0,0,0,0,0,0,0,1,0,0,8,0,40.0828,-75.0264, , 
66100,722660,2012098220,6,67,67301,2012,9,7,1757,17,1,1,0,1,1, , ,N,0,0,0,3,0,2,4,5,N,N,40 02:11.500,75 08:40.800,1840, ,1832, ,0, ,N, ,0, , , , , , , , , ,5,1,0,0,0,0,3,1,0,0,0,2,2,0,0,0,0,0,1,0,0,0,0,0,0,0,0,0,0,0,0,0,0,0,0,4,0,40.0365,-75.1447, , 
66101,722666,2012080827,6,67,67301,2012,7,3,1808,18,1,1,0,8,1, , ,N,1,2,0,3,0,1,3,2,N,N,39 59:02.342,75 09:04.582,1825, ,1810, ,0, ,N, ,3, , , , , , , , , ,1,1,0,0,0,0,0,0,0,0,0,0,1,1,0,0,0,0,0,0,0,0,0,0,0,0,0,0,0,0,0,0,1,0,0,8,0,39.984,-75.1513, , 
66102,722701,2012052676,6,67,67301,2012,5,4,900,9,1,2,1,4,1, , ,N,1,0,0,3,0,0,2,2,N,N,40 02:44.732,75 08:35.371,916, ,916,1,1,1,N, ,0,N, , , , , , , , ,2,0,1,0,1,0,0,0,0,0,0,0,0,0,0,0,0,0,0,0,1,0,0,0,0,0,0,0,0,0,0,0,0,0,0,0,0,40.0458,-75.1432, , 
66103,722721,2012085862,6,67,67301,2012,6,2,1730,17,1,1,0,4,1, , ,N,1,2,0,3,0,1,2,2,N, ,39 59:50.150,75 10:48.932,1733, ,1731, ,0, , , ,3, , , , , , , , , ,2,1,0,0,1,0,0,0,0,0,0,1,1,0,1,0,0,0,0,0,2,0,0,0,0,0,0,0,0,0,0,0,0,0,0,4,0,39.9973,-75.1803, , 
66104,722726,2012088602,6,67,67301,2012,8,1,230,2,3,1,0,1,6, , ,N,0,0,0,3,0,0,2,2,N,N,40 01:21.972,75 07:16.219,250, ,245, ,0, ,N, ,0, , , , , , , , , ,2,1,0,0,1,0,0,0,0,0,0,0,0,0,1,0,0,0,0,0,0,0,0,0,0,0,0,0,0,0,0,0,0,0,0,9,0,40.0228,-75.1212, , 
66105,722739,2012099374,6,67,67301,2012,9,6,1408,14,1,1,0,6,1, , ,N,1,2,0,3,0,0,3,2,N,N,39 53:40.603,75 14:12.181,1410, ,1410, ,0, , , ,3, , , , , , , , , ,2,2,0,0,0,0,0,0,0,0,0,0,0,0,0,0,1,0,0,0,1,0,0,0,0,0,0,0,0,0,0,0,0,0,0,0,0,39.8946,-75.2367, , 
66106,722745,2012103480,6,67,67301,2012,10,1,1921,19,3,1,0,7,3, , ,N,6,0,2,3,0,0,1,1,N,N,40 00:12.565,75 04:38.714,1926, ,1926,1,1,2,N, ,0,N, , , , , , , , ,1,1,0,0,0,0,0,0,0,0,0,0,0,0,0,0,0,0,0,0,0,0,0,0,0,0,0,0,0,0,0,0,0,0,0,0,0,40.0035,-75.0774, , 
66107,722751,2012060719,6,67,67301,2012,5,6,1626,16,1,1,0,7,5, , ,N,0,0,0,3,0,1,1,1,N,N,40 03:41.796,75 14:47.533,1636, ,1630, ,0, ,N, ,0, , , , , , , , , ,1,1,0,0,0,0,0,0,0,0,0,0,1,1,0,0,0,0,0,0,1,0,0,0,0,0,0,0,0,0,0,0,0,0,0,8,0,40.0616,-75.2465, , 
66108,725506,2012080754,6,67,67301,2012,7,2,2023,20,4,1,0,4,1, , ,N,0,0,7,3,0,1,2,2,N,N,40 02:22.020,75 03:03.240,2031, ,2030, ,0, ,N, ,0, , , , , , , , , ,1,1,0,0,0,0,0,0,1,0,0,1,1,0,0,0,0,0,0,0,1,0,0,0,0,0,0,0,0,0,0,0,0,0,0,4,0,40.0395,-75.0509, , 
66109,725507,2012080839,6,67,67301,2012,7,6,2231,22,3,1,0,4,6, , ,N,0,0,0,3,0,0,2,2,N,N,39 58:54.280,75 11:18.878,2231, ,2231, ,0, ,N, ,0, , , , , , , , , ,2,2,0,0,0,0,0,0,0,0,0,0,0,0,0,0,1,0,0,0,0,0,0,0,0,0,0,0,0,0,0,0,0,0,0,0,0,39.9817,-75.1886, , 
66110,725519,2012094710,6,67,67301,2012,9,5,2003,20,3,1,0,1,1, , ,N,0,0,0,3,0,2,3,3,N,N,39 57:53.965,75 11:07.935,2010, ,2005,1,1,3,N, ,0,N, , , , , , , , ,3,2,0,0,0,0,1,0,0,0,0,2,2,0,0,0,0,0,0,0,1,0,0,0,0,0,0,0,0,0,0,0,0,0,0,4,0,39.965,-75.1855, , 
66111,725521,2012095407,6,67,67301,2012,8,6,1728,17,1,1,0,4,1, , ,N,2,0,0,3,0,2,3,2,N, ,40 00:05.299,75 03:55.215,1731, ,1730,3,2,5, , ,0,Y, , , , , , , , ,2,1,0,0,0,1,0,0,0,0,0,0,2,2,0,0,0,0,0,0,0,0,0,1,0,0,0,0,0,0,0,0,0,0,0,8,1,40.0015,-75.0653, , 
66112,725526,2012099339,6,67,67301,2012,8,3,1835,18,1,1,0,4,1, , ,N,1,3,0,3,0,0,3,2,N,N,39 57:09.036,75 14:19.352,1845, ,1844,1,2,3,N, ,3,Y, , , , , , , , ,2,2,0,0,0,0,0,0,0,0,0,0,0,0,0,0,0,0,0,0,0,0,0,0,0,0,0,0,0,0,0,0,0,0,0,0,0,39.9525,-75.2387, , 
66113,725548,2012111671,6,67,67301,2012,10,5,2052,20,3,1,0,2,6, , ,N,1,3,0,3,0,1,1,2,N, ,40 02:00.161,75 02:36.415,2055, ,2053, ,0, , , ,3, , , , , , , , , ,2,2,0,0,0,0,0,0,0,0,0,1,1,0,0,0,0,0,0,0,1,0,0,0,0,0,0,0,0,0,0,0,0,0,0,4,0,40.0334,-75.0434, , 
66114,725559,2012111614,6,67,67301,2012,10,5,1749,17,1,1,0,4,1, , ,N,1,2,0,3,0,1,3,3,N,N,40 03:44.577,75 02:33.887,1749, ,1749,1,2,6,N, ,3,N, , , , , , , , ,3,3,0,0,0,0,0,0,0,0,0,1,1,0,0,0,0,0,0,0,1,0,0,0,0,0,0,0,0,0,0,0,0,0,0,4,0,40.0624,-75.0429, , 
66115,725570,2012120144,6,67,67301,2012,11,1,2157,21,3,1,0,4,1, , ,N,2,0,0,3,0,2,2,2,N,N,40 06:57.440,75 01:13.751,2203, ,2201,1,2,2,N, ,0,Y, , , , , , , , ,2,2,0,0,0,0,0,0,0,0,0,1,1,0,1,0,1,0,0,0,1,0,0,0,0,0,0,0,0,0,0,0,0,0,0,4,0,40.116,-75.0205, , 
66116,725571,2012122438,6,67,67301,2012,11,5,1612,16,3,1,0,8,1, , ,N,0,0,0,3,0,1,2,2,N,N,39 56:05.084,75 08:33.420,1616, ,1614, ,0, ,N, ,0, , , , , , , , , ,1,0,0,0,0,0,1,0,0,0,0,1,1,0,0,0,0,0,0,0,1,0,0,0,0,0,0,0,0,0,0,0,1,0,0,4,0,39.9347,-75.1426, , 
66117,725601,2012060662,6,67,67301,2012,5,2,757,7,1,1,1,4,1, , ,N,1,2,0,3,0,4,4,2,N,N,39 58:15.236,75 13:50.408,759, ,757, ,0, ,N, ,3, , , , , , , , , ,2,2,0,0,0,0,0,0,0,0,0,4,4,0,0,0,0,0,0,0,0,0,0,0,0,0,0,0,0,0,0,0,0,0,0,4,0,39.9709,-75.2307, , 
66118,725608,2012067076,6,67,67301,2012,5,7,1615,16,1,1,0,8,1, , ,N,1,2,0,3,0,1,2,2,N,N,39 59:15.183,75 08:28.377,2040, ,2035, ,0, ,N, ,3, , , , , , , , , ,1,0,0,0,1,0,0,0,0,0,0,1,1,0,0,0,0,0,0,0,0,0,0,0,0,0,0,0,0,0,0,0,1,0,0,4,0,39.9876,-75.1412, , 
66119,725609,2012068934,6,67,67301,2012,5,5,15,0,3,2,1,4,1, , ,N,1,3,0,3,0,2,3,2,N,N,39 58:38.164,75 08:48.739,21, ,19, ,0, ,N, ,3, , , , , , , , , ,2,1,0,0,0,0,1,0,0,0,0,2,2,0,0,0,0,0,0,0,0,0,0,0,0,0,0,0,0,0,0,0,0,0,0,4,0,39.9773,-75.1469, , 
66120,725616,2012073524,6,67,67301,2012,6,1,1941,19,1,1,0,4,1, , ,N,1,0,0,3,0,0,2,2,N,N,40 01:23.133,75 03:21.508,1955, ,1948, ,0, ,N, ,0, , , , , , , , , ,2,0,0,0,0,0,1,1,0,0,0,0,0,0,0,0,0,0,0,0,0,0,0,0,0,0,0,0,0,0,0,0,0,0,0,0,0,40.0231,-75.056, , 
66121,725627,2012087775,6,67,67301,2012,9,2,917,9,1,2,1,7,2, , ,N,0,0,0,3,0,0,3,1,N,N,39 57:34.948,75 10:38.927,924, ,917, ,0, ,N, ,0, , , , , , , , , ,1,1,0,0,0,0,0,0,0,0,0,0,0,0,0,0,0,0,0,0,0,0,0,0,0,0,0,0,0,0,0,0,0,0,0,0,0,39.9597,-75.1775, , 
66122,725642,2012098948,6,67,67301,2012,9,4,1550,15,1,1,0,5,6, , ,N,0,0,0,3,0,0,1,3,N,N,40 06:44.020,75 00:54.925,1643, ,1629, ,0, ,N, ,0, , , , , , , , , ,3,3,0,0,0,0,0,0,0,0,0,0,0,0,0,0,0,1,0,0,0,0,0,0,0,0,0,0,0,0,0,0,0,0,0,0,0,40.1122,-75.0153, , 
66123,725643,2012098969,6,67,67301,2012,9,3,1749,17,4,2,1,8,1, , ,N,0,0,0,3,0,1,2,2,N,N,39 59:34.130,75 07:08.187,1753, ,1750, ,0, ,N, ,0, , , , , , , , , ,1,1,0,0,0,0,0,0,0,0,1,0,1,0,0,0,0,0,0,0,1,0,0,1,0,0,0,0,0,0,0,0,1,0,0,3,0,39.9928,-75.1189, , 
66124,725658,2012096016,6,67,67301,2012,8,7,1007,10,1,1,0,4,1, , ,N,1,2,0,3,0,1,2,2,N,N,39 59:34.545,75 13:03.607,1018, ,1007, ,0, ,N, ,3, , , , , , , , , ,1,0,0,0,0,0,0,0,1,0,1,0,1,0,0,0,0,0,0,0,0,0,0,0,0,0,0,0,0,0,0,0,0,0,0,3,0,39.993,-75.2176, , 
66125,725661,2012098187,6,67,67301,2012,9,6,1139,11,1,1,0,5,1, , ,N,0,0,0,3,0,0,2,2,N,N,39 57:10.118,75 11:31.705,1142, ,1139, ,0, ,N, ,0, , , , , , , , , ,2,2,0,0,0,0,0,0,0,0,0,0,0,0,0,0,0,0,0,0,1,0,0,0,0,0,0,0,0,0,0,0,0,0,0,0,0,39.9528,-75.1921, , 
66126,728534,2012068864,6,67,67301,2012,6,7,1600,16,1,1,0,4,1, , ,N,1,3,0,3,0,2,4,2,N,N,40 01:23.235,75 07:04.047,1612, ,1610, ,0, ,N, ,3, , , , , , , , , ,2,1,0,0,0,0,1,0,0,0,0,2,2,0,0,0,0,0,0,0,0,0,0,0,0,0,0,0,0,0,0,0,0,0,0,4,0,40.0231,-75.1178, , 
66127,728546,2012109739,6,67,67301,2012,10,5,741,7,1,1,1,4,1, , ,N,2,2,0,3,0,0,2,2,N,N,39 59:11.558,75 12:18.363,741, ,741,1,1,2,N, ,3,N, , , , , , , , ,2,1,0,0,0,0,1,0,0,0,0,0,0,0,0,0,0,0,0,0,1,0,0,0,0,0,0,0,0,0,0,0,0,0,0,0,0,39.9865,-75.2051, , 
66128,728554,2012122358,6,67,67301,2012,11,3,900,9,1,2,1,7,4, , ,N,0,0,0,3,0,0,1,1,N,N,40 06:02.890,75 01:27.962,904, ,904,3,1,4,N, ,0,Y, , , , , , , , ,1,1,0,0,0,0,0,0,0,0,0,0,0,0,0,0,0,0,0,0,0,0,0,0,0,0,0,0,0,0,0,0,0,0,0,0,0,40.1008,-75.0244, , 
66129,728565,2012068131,6,67,67301,2012,6,4,628,6,1,1,0,1,1, , ,N,0,0,0,3,0,0,4,2,N,N,40 01:12.274,75 02:39.340,654, ,637, ,0, ,N, ,0, , , , , , , , , ,2,0,0,0,1,0,0,1,0,0,0,0,0,0,0,0,0,0,0,0,0,0,0,0,0,0,0,0,0,0,0,0,0,0,0,0,0,40.0201,-75.0442, , 
66130,728566,2012068686,6,67,67301,2012,6,5,855,8,1,1,0,4,1, , ,N,1,2,0,3,0,1,2,2,N, ,40 00:43.370,75 06:43.895,902, ,900, ,0, , , ,3, , , , , , , , , ,2,2,0,0,0,0,0,0,0,0,0,1,1,0,0,0,0,0,0,0,0,0,0,0,0,0,0,0,0,0,0,0,0,0,0,4,0,40.012,-75.1122, , 
66131,728578,2012080655,6,67,67301,2012,7,6,1128,11,1,1,0,1,1, , ,N,0,0,0,3,0,1,4,2,N,N,39 58:53.065,75 12:25.375,1135, ,1132, ,0, ,N, ,0, , , , , , , , , ,2,1,0,0,1,0,0,0,0,0,0,1,1,0,0,0,0,0,0,0,0,0,0,0,0,0,0,0,0,0,0,0,0,0,0,4,0,39.9814,-75.207, , 
66132,728605,2012122355,6,67,67301,2012,11,2,1225,12,1,1,0,4,4, , ,N,0,0,0,3,0,1,1,2,N,N,39 53:41.366,75 10:34.240,1325, ,1225,2,1,2,N, ,0,N, , , , , , , , ,2,2,0,0,0,0,0,0,0,0,0,1,1,0,0,0,0,0,0,0,0,0,0,0,0,0,0,0,0,0,0,0,0,0,0,4,0,39.8948,-75.1762, , 
66133,728613,2013003827,6,67,67301,2012,12,2,1600,16,1,1,0,4,1, , ,N,1,2,0,3,0,3,4,2,N,N,39 58:22.735,75 13:34.041,1625, ,1620, ,0, ,N, ,3, , , , , , , , , ,2,1,0,0,0,0,1,0,0,0,0,3,3,0,0,0,0,0,0,0,1,0,0,0,0,0,0,0,0,0,0,0,0,0,0,4,0,39.973,-75.2261, , 
66134,728614,2013003830,6,67,67301,2012,12,2,725,7,5,6,1,8,1, , ,N,1,2,0,3,0,1,2,2,N,N,40 04:07.262,75 09:24.365,732, ,732, ,0, ,N, ,3, , , , , , , , , ,1,1,0,0,0,0,0,0,0,0,0,0,1,1,0,0,0,0,0,0,0,1,0,0,0,0,0,0,0,0,0,0,1,0,0,8,0,40.0687,-75.1568, , 
66135,728615,2013006119,6,67,67301,2012,12,2,730,7,5,1,0,1,1, , ,N,1,2,0,3,0,2,4,3,N,N,40 00:01.031,75 13:42.045,732, ,732, ,0, ,N, ,3, , , , , , , , , ,3,2,0,0,1,0,0,0,0,0,0,2,2,0,1,0,0,0,0,0,0,0,0,1,0,0,0,0,0,0,0,0,0,0,0,4,0,40.0003,-75.2283, , 
66136,728635,2012073639,6,67,67301,2012,6,2,1715,17,1,1,0,8,1, , ,N,1,2,0,3,0,1,2,2,N,N,39 55:25.338,75 09:52.068,1845, ,1840, ,0, ,N, ,3, , , , , , , , , ,1,0,0,0,0,0,1,0,0,0,0,0,1,1,0,0,0,0,0,0,0,0,0,0,0,0,0,0,0,0,0,0,1,0,0,8,0,39.9237,-75.1643, , 
66137,728641,2012122450,6,67,67301,2012,10,4,920,9,1,1,1,2,1, , ,N,2,2,0,3,0,1,3,3,N, ,39 59:15.720,75 12:58.139,930, ,924,2,1,2,N, ,3,N, , , , , , , , ,3,1,0,0,0,0,1,1,0,0,0,1,1,0,0,0,0,0,0,0,1,0,0,0,0,0,0,0,0,0,0,0,0,0,0,4,0,39.9877,-75.2161, , 
66138,728664,2012111628,6,67,67301,2012,10,3,1848,18,3,1,6,1,1, , ,N,1,2,0,3,0,1,2,2,N,N,40 04:06.894,75 14:25.676,1857, ,1851, ,0, ,N, ,3, , , , , , , , , ,2,2,0,0,0,0,0,0,0,0,0,1,1,0,0,0,0,0,0,0,1,0,0,0,0,0,0,0,0,0,0,0,0,0,0,4,0,40.0687,-75.2404, , 