objectid_1,objectid,crn,district,county,municipality,crash_year,crash_month,day_of_week,time_of_day,hour_of_day,illumination,weather,road_condition,collision_type,relation_to_road,work_zone_type,work_zone_loc,work_zone_ind,intersect_type,tcd_type,location_type,urban_rural,fatal_count,injury_count,person_count,total_units,sch_bus_ind,sch_zone_ind,latitude,longitude,arrival_tm,cons_zone_spd_lim,dispatch_tm,est_hrs_closed,lane_closed,ln_close_dir,ntfy_hiwy_maint,spec_juris_cd,tcd_func_cd,tfc_detour_ind,workers_pres,wz_close_detour,wz_flagger,wz_law_offcr_ind,wz_ln_closure,wz_moving,wz_other,wz_shlder_mdn,vehicle_count,automobile_count,motorcycle_count,bus_count,small_truck_count,heavy_truck_count,suv_count,van_count,bicycle_count,maj_inj_count,mod_inj_count,min_inj_count,tot_inj_count,unk_inj_deg_count,unk_inj_per_count,driver_count_16yr,driver_count_17yr,driver_count_18yr,driver_count_19yr,driver_count_20yr,driver_count_50_64yr,driver_count_65_74yr,driver_count_75plus,unbelted_occ_count,unb_death_count,unb_maj_inj_count,belted_death_count,belted_maj_inj_count,mcycle_death_count,mcycle_maj_inj_count,bicycle_death_count,bicycle_maj_inj_count,ped_count,ped_death_count,ped_maj_inj_count,max_severity_level,comm_veh_count,dec_lat,dec_long,rdwy_surf_type_cd,county_name
66207,728806,2012122488,6,67,67301,2012,11,2,1448,14,1,1,0,2,1, , ,N,1,2,0,3,0,0,2,2,N, ,40 01:40.095,75 05:55.134,1510, ,1455,1,1,2, , ,3,N, , , , , , , , ,2,1,0,0,0,0,1,0,0,0,0,0,0,0,0,0,0,0,0,0,1,0,0,0,0,0,0,0,0,0,0,0,0,0,0,0,0,40.0278,-75.0986, , 
66208,728823,2012101283,6,9,9212,2012,4,3,1249,12,1,1,0,4,1, , ,N,2,2,7,3,0,1,2,2,N,N,40 08:03.669,75 00:32.519,1252, ,1249,1,1,5,N, ,3,N, , , , , , , , ,2,1,0,0,0,0,1,0,0,0,0,0,1,1,0,0,0,0,0,0,0,1,0,0,0,0,0,0,0,0,0,0,0,0,0,8,0,40.1343,-75.0091, , 
66209,728864,2012118204,6,67,67301,2012,11,6,1521,15,1,1,0,5,1, , ,N,0,0,0,3,0,1,2,2,N,N,40 02:05.262,75 01:06.479,1536, ,1523, ,0, ,N, ,0, , , , , , , , , ,2,2,0,0,0,0,0,0,0,0,0,0,1,1,0,0,0,0,0,0,1,0,0,0,0,0,0,0,0,0,0,0,0,0,0,8,0,40.0347,-75.0186, , 
66210,728873,2012125676,6,67,67301,2012,12,7,246,2,3,2,1,7,4, , ,N,0,0,0,3,0,1,3,2,N,N,39 58:52.267,75 12:23.742,246, ,246,2,1,3,N, ,0,N, , , , , , , , ,2,2,0,0,0,0,0,0,0,0,0,1,1,0,0,0,0,0,0,1,0,0,0,0,0,0,0,0,0,0,0,0,0,0,0,4,0,39.9812,-75.2066, , 
66211,728876,2012128196,6,67,67301,2012,11,1,1045,10,1,1,0,4,1, , ,N,1,2,0,3,0,1,2,2,N,N,39 57:27.736,75 09:44.915,1047, ,1046, ,0, ,N, ,3, , , , , , , , , ,1,1,0,0,0,0,0,0,1,0,0,0,1,1,0,0,0,0,0,0,0,0,0,1,0,0,0,0,0,0,0,0,0,0,0,8,0,39.9577,-75.1624, , 
66212,728877,2012128209,6,67,67301,2012,11,3,1030,10,1,2,1,4,1, , ,N,1,3,0,3,0,3,4,2,N,Y,39 57:28.137,75 11:37.737,1034, ,1032,9,2,7,N, ,3,Y, , , , , , , , ,2,1,0,0,0,0,0,0,0,0,1,2,3,0,0,0,0,0,0,0,1,0,0,0,0,0,0,0,0,0,0,0,0,0,0,3,0,39.9578,-75.1938, , 
66213,728898,2013007262,6,67,67301,2012,12,3,1525,15,1,1,0,5,6, , ,N,0,0,0,3,0,0,3,4,N,N,40 03:56.397,75 01:09.969,1608, ,1604, ,0, ,N, ,0, , , , , , , , , ,4,2,0,0,1,0,1,0,0,0,0,0,0,0,0,0,0,0,0,0,0,0,0,0,0,0,0,0,0,0,0,0,0,0,0,0,0,40.0657,-75.0194, , 
66214,728903,2013029493,6,67,67301,2012,12,6,908,9,1,1,0,4,1, , ,N,0,0,0,3,0,2,3,3,N,N,39 59:02.970,75 05:47.517,915, ,910,1,1,2,N, ,0,N, , , , , , , , ,3,2,0,0,0,1,0,0,0,0,1,1,2,0,0,0,0,0,0,0,1,0,0,0,0,0,0,0,0,0,0,0,0,0,0,3,1,39.9842,-75.0965, , 
66215,728910,2012117345,6,67,67301,2012,10,7,851,8,1,1,0,5,1, , ,N,0,0,0,3,0,0,3,2,N,N,40 01:36.739,75 06:46.504,855, ,855,2,1,1,N, ,0,N, , , , , , , , ,2,2,0,0,0,0,0,0,0,0,0,0,0,0,0,0,0,0,0,0,1,0,0,0,0,0,0,0,0,0,0,0,0,0,0,0,0,40.0269,-75.1129, , 
66216,728915,2012125512,6,67,67301,2012,11,1,1750,17,3,1,0,5,1, , ,N,0,0,0,3,0,2,5,2,N, ,39 57:05.860,75 09:28.869,1752, ,1750,2,2,6, , ,0,Y, , , , , , , , ,2,1,0,1,0,0,0,0,0,0,0,2,2,0,0,0,0,0,0,0,1,0,0,0,0,0,0,0,0,0,0,0,0,0,0,4,1,39.9516,-75.158, , 
66217,728918,2012128227,6,67,67301,2012,11,6,1638,16,4,1,0,4,1, , ,N,0,0,7,3,0,1,3,2,N,N,39 58:59.134,75 06:04.374,1641, ,1640, ,0, ,N, ,0, , , , , , , , , ,2,1,0,0,1,0,0,0,0,0,1,0,1,0,0,0,0,0,0,0,0,0,0,2,0,0,0,0,0,0,0,0,0,0,0,3,0,39.9831,-75.1012, , 
66218,728925,2013007287,6,67,67301,2012,12,7,9999,99,3,1,0,7,4, , ,N,0,0,0,3,0,0,1,1,N,N,40 01:33.559,75 11:53.688,419, ,415, ,0, ,N, ,0, , , , , , , , , ,1,1,0,0,0,0,0,0,0,0,0,0,0,0,0,0,0,0,0,0,0,0,0,0,0,0,0,0,0,0,0,0,0,0,0,0,0,40.026,-75.1982, , 
66219,730673,2012129068,6,67,67301,2012,11,2,653,6,1,1,0,9,1, , ,N,0,0,0,3,0,0,1,1,N,N,40 06:08.281,75 00:16.731,716, ,656, ,0, , , ,0, , , , , , , , , ,1,1,0,0,0,0,0,0,0,0,0,0,0,0,0,0,0,0,0,0,0,0,0,0,0,0,0,0,0,0,0,0,0,0,0,0,0,40.1023,-75.0046, , 
66220,730678,2013016198,6,67,67301,2012,12,5,1115,11,1,2,1,7,5, , ,N,0,0,0,3,0,1,1,1,N,N,39 58:19.567,75 11:23.836,1130, ,1120,1,1,2,N, ,0,N, , , , , , , , ,1,1,0,0,0,0,0,0,0,0,0,0,1,1,0,0,0,0,0,0,0,0,0,0,0,0,0,0,0,0,0,0,0,0,0,8,0,39.9721,-75.19, , 
66221,730686,2012116866,6,67,67301,2012,11,4,847,8,1,1,0,1,1, , ,N,0,0,0,3,0,1,3,3,N,N,39 57:17.167,75 10:51.551,901, ,850, ,0, ,N, ,0, , , , , , , , , ,3,3,0,0,0,0,0,0,0,0,0,1,1,0,0,0,0,0,0,0,1,0,0,0,0,0,0,0,0,0,0,0,0,0,0,4,0,39.9548,-75.181, , 
66222,730717,2012066648,6,67,67301,2012,5,6,1221,12,1,1,0,1,1, , ,N,2,2,0,3,0,2,3,2,N,N,39 59:53.654,75 11:15.510,1310, ,1306, ,0, , , ,3, , , , , , , , , ,2,1,0,0,0,0,1,0,0,0,0,2,2,0,0,0,0,0,0,0,0,0,0,0,0,0,0,0,0,0,0,0,0,0,0,4,0,39.9982,-75.1876, , 
66223,730720,2012074374,6,67,67301,2012,6,7,1613,16,1,1,0,4,1, , ,N,0,0,0,3,0,0,1,2,N, ,40 02:32.673,75 13:34.575,9999, ,1613,2,1,1, , ,0,N, , , , , , , , ,2,2,0,0,0,0,0,0,0,0,0,0,0,0,0,0,0,0,0,0,0,0,1,0,0,0,0,0,0,0,0,0,0,0,0,0,0,40.0424,-75.2263, , 
66224,730731,2012087100,6,67,67301,2012,8,2,622,6,1,1,0,1,1, , ,N,2,2,2,3,0,1,2,2,N,N,39 55:44.541,75 11:49.789,637, ,628, ,0, ,N, ,3, , , , , , , , , ,2,0,0,0,0,0,2,0,0,0,1,0,1,0,0,0,0,0,0,0,1,0,0,0,0,0,0,0,0,0,0,0,0,0,0,3,0,39.929,-75.1972, , 
66225,730782,2013004404,6,67,67301,2012,12,3,1843,18,3,1,0,1,1, , ,N,0,0,0,3,0,0,5,2,N,N,39 56:00.415,75 12:56.105,1855, ,1850, ,0, ,N, ,0, , , , , , , , , ,2,1,0,0,0,0,1,0,0,0,0,0,0,0,0,0,0,0,0,0,1,0,0,0,0,0,0,0,0,0,0,0,0,0,0,0,0,39.9334,-75.2156, , 
66226,730788,2013003762,6,67,67301,2012,12,3,920,9,1,1,0,4,1, , ,N,1,2,0,3,0,0,2,2,N,N,39 55:18.486,75 11:24.960,928, ,923, ,0, ,N, ,3, , , , , , , , , ,2,0,0,0,1,0,1,0,0,0,0,0,0,0,0,0,0,0,0,0,0,0,0,0,0,0,0,0,0,0,0,0,0,0,0,0,0,39.9217,-75.19, , 
66227,730792,2012098455,6,67,67301,2012,8,6,1,0,3,1,0,4,1, , ,N,0,0,0,3,0,5,5,3,N,N,40 02:09.077,75 09:19.394,1, ,1, ,0, , , ,0, , , , , , , , , ,3,3,0,0,0,0,0,0,0,0,0,0,5,5,0,1,0,0,0,0,0,1,0,0,0,0,0,0,0,0,0,0,0,0,0,8,0,40.0359,-75.1554, , 
66228,730793,2012098473,6,67,67301,2012,9,7,1700,17,1,1,0,4,1, , ,N,1,2,0,3,0,1,2,3,N, ,39 57:19.798,75 12:49.215,1750, ,1745, ,0, , , ,3, , , , , , , , , ,3,2,1,0,0,0,0,0,0,0,0,0,1,1,0,0,0,0,0,0,0,0,0,0,0,0,0,0,0,0,0,0,0,0,0,8,0,39.9555,-75.2136, , 
66229,730804,2012111604,6,67,67301,2012,10,7,1719,17,1,1,0,8,1, , ,N,1,3,0,3,0,1,2,2,N, ,39 58:21.554,75 13:44.525,1723, ,1721, ,0, , , ,3, , , , , , , , , ,1,1,0,0,0,0,0,0,0,0,0,0,1,1,0,0,0,0,0,0,0,0,0,0,0,0,0,0,0,0,0,0,1,0,0,8,0,39.9727,-75.229, , 
66230,730809,2012122472,6,67,67301,2012,10,3,2053,20,3,2,1,4,1, , ,N,2,3,0,3,0,2,7,2,N,N,40 02:23.521,75 09:53.452,2105, ,2054, ,0, ,N, ,3, , , , , , , , , ,2,2,0,0,0,0,0,0,0,0,0,0,2,2,0,0,0,0,0,0,0,0,0,0,0,0,0,0,0,0,0,0,0,0,0,8,0,40.0399,-75.1648, , 
66231,730815,2012128187,6,67,67301,2012,11,7,2324,23,3,1,0,1,5, , ,N,0,0,0,3,0,1,1,2,N,N,40 02:34.998,75 10:20.870,2326, ,2325, ,0, ,N, ,0, , , , , , , , , ,1,1,0,0,0,0,0,0,0,0,0,0,1,1,0,0,0,0,0,0,0,0,0,0,0,0,0,0,0,0,0,0,0,0,0,8,0,40.0431,-75.1725, , 
66232,730820,2013003738,6,67,67301,2012,12,1,1215,12,1,2,1,7,2, , ,N,0,0,0,3,0,0,1,1,N, ,39 58:21.187,75 09:13.615,1221, ,1218, ,0, , , ,0, , , , , , , , , ,1,1,0,0,0,0,0,0,0,0,0,0,0,0,1,0,0,0,0,0,0,0,1,0,0,0,0,0,0,0,0,0,0,0,0,9,0,39.9726,-75.1538, , 
66233,730821,2013003781,6,67,67301,2012,12,2,1152,11,1,2,1,5,6, , ,N,0,0,0,3,0,1,2,5,N,N,40 04:03.658,75 01:02.838,1158, ,1156, ,0, ,N, ,0, , , , , , , , , ,4,2,0,0,0,0,0,2,0,0,0,0,1,1,0,0,0,0,0,0,1,0,0,0,0,0,0,0,0,0,0,0,1,0,0,8,0,40.0677,-75.0175, , 
66234,730822,2013003891,6,67,67301,2012,12,1,2323,23,3,2,1,7,2, , ,N,0,0,0,3,0,0,1,1,N, ,40 01:54.451,75 06:32.400,2328, ,2324, ,0, , , ,0, , , , , , , , , ,1,1,0,0,0,0,0,0,0,0,0,0,0,0,0,0,0,0,0,0,0,0,0,0,0,0,0,0,0,0,0,0,0,0,0,0,0,40.0318,-75.109, , 
66235,730840,2012109863,6,67,67301,2012,10,3,1710,17,1,2,1,2,1, , ,N,1,2,0,3,0,0,2,2,N,N,40 03:45.043,75 00:33.961,1720, ,1715, ,0, , , ,3, , , , , , , , , ,2,2,0,0,0,0,0,0,0,0,0,0,0,0,0,0,0,0,0,0,0,0,0,2,0,0,0,0,0,0,0,0,0,0,0,0,0,40.0625,-75.0094, , 
66236,730841,2012109885,6,67,67301,2012,10,4,750,7,1,9,1,2,1, , ,N,0,0,0,3,0,0,4,2,N,N,40 07:49.980,75 00:42.420,807, ,804, ,0, ,N, ,0, , , , , , , , , ,2,2,0,0,0,0,0,0,0,0,0,0,0,0,0,0,0,0,0,0,1,0,0,0,0,0,0,0,0,0,0,0,0,0,0,0,0,40.1306,-75.0118, , 
66237,730851,2012122480,6,67,67301,2012,11,2,1415,14,1,1,0,1,1, , ,N,2,2,0,3,0,1,2,2,N,N,40 05:53.193,75 01:49.243,1649, ,1644, ,0, ,N, ,3, , , , , , , , , ,2,2,0,0,0,0,0,0,0,0,0,0,1,1,0,0,0,0,0,0,1,0,1,0,0,0,0,0,0,0,0,0,0,0,0,8,0,40.0981,-75.0303, , 
66238,722926,2012104054,6,67,67301,2012,9,7,1057,10,1,1,0,4,1, , ,N,0,3,0,3,0,0,3,2,N, ,40 01:00.804,75 11:18.590,1115, ,1111, ,0, , , ,3, , , , , , , , , ,2,2,0,0,0,0,0,0,0,0,0,0,0,0,3,0,0,0,0,0,1,0,0,0,0,0,0,0,0,0,0,0,0,0,0,9,0,40.0169,-75.1885, , 
66239,722936,2012111770,6,67,67301,2012,9,2,1045,10,1,1,0,4,1, , ,N,0,2,0,3,0,1,2,2,N,N,39 57:47.544,75 13:05.882,1048, ,1045, ,0, ,N, ,3, , , , , , , , , ,2,2,0,0,0,0,0,0,0,0,0,1,1,0,1,0,0,0,0,0,0,0,0,2,0,0,0,0,0,0,0,0,0,0,0,4,0,39.9632,-75.2183, , 
66240,722942,2012068706,6,67,67301,2012,6,6,911,9,1,1,0,8,1, , ,N,1,0,0,3,0,1,2,2,N,N,39 58:09.027,75 07:59.319,921, ,916, ,0, ,N, ,0, , , , , , , , , ,1,1,0,0,0,0,0,0,0,0,0,1,1,0,0,0,0,0,0,0,0,0,1,0,0,0,0,0,0,0,0,0,1,0,0,4,0,39.9692,-75.1331, , 
66241,722946,2012070928,6,67,67301,2012,7,7,1159,11,1,2,1,1,1, , ,N,0,0,0,3,0,0,2,2,N,N,39 59:09.039,75 12:29.157,1215, ,1203,1,1,3,N, ,0,N, , , , , , , , ,2,0,0,0,0,0,2,0,0,0,0,0,0,0,0,0,0,0,0,0,0,0,0,0,0,0,0,0,0,0,0,0,0,0,0,0,0,39.9858,-75.2081, , 
66242,722951,2012083185,6,67,67301,2012,7,7,721,7,1,2,1,4,1, , ,N,1,2,0,3,0,2,2,2,N,N,40 01:08.216,75 08:49.391,736, ,734, ,0, ,N, ,3, , , , , , , , , ,2,1,0,0,0,0,1,0,0,0,0,2,2,0,0,0,0,0,0,0,0,0,0,0,0,0,0,0,0,0,0,0,0,0,0,4,0,40.0189,-75.1471, , 
66243,722967,2012098252,6,67,67301,2012,8,5,2205,22,3,1,0,2,1, , ,N,1,2,0,3,0,1,2,2,N,N,40 02:37.429,75 05:06.333,2210, ,2210, ,0, ,N, ,3, , , , , , , , , ,2,2,0,0,0,0,0,0,0,0,0,1,1,0,1,0,0,0,0,0,0,0,0,2,0,0,0,0,0,0,0,0,0,0,0,4,0,40.0437,-75.0851, , 
66244,723031,2013006798,6,67,67301,2012,12,2,415,4,3,2,1,4,2, , ,N,0,0,0,3,0,0,1,3,N,N,39 57:20.196,75 14:03.688,421, ,420, ,0, ,N, ,0, , , , , , , , , ,3,3,0,0,0,0,0,0,0,0,0,0,0,0,1,0,0,0,0,0,0,0,0,0,0,0,0,0,0,0,0,0,0,0,0,9,0,39.9556,-75.2344, , 
66245,723043,2012068806,6,67,67301,2012,6,7,1640,16,1,1,0,7,5, , ,N,3,2,0,3,0,5,5,1,N, ,39 58:06.951,75 12:40.024,1642, ,1641, ,0, , , ,3, , , , , , , , , ,1,1,0,0,0,0,0,0,0,0,0,4,5,1,0,0,0,0,0,0,1,0,0,0,0,0,0,0,0,0,0,0,0,0,0,4,0,39.9686,-75.2111, , 
66246,723045,2012078987,6,67,67301,2012,6,7,2348,23,3,1,0,4,1, , ,N,2,0,0,3,0,1,2,3,N,N,40 02:58.254,75 10:42.779,12, ,10, ,0, , , ,0, , , , , , , , , ,3,1,1,0,0,0,1,0,0,0,0,1,1,0,0,0,0,0,0,0,0,0,0,0,0,0,0,0,0,0,0,0,0,0,0,4,0,40.0495,-75.1785, , 
66247,723051,2012084171,6,67,67301,2012,7,4,9999,99,1,1,0,1,1, , ,N,0,0,0,3,0,1,1,2,N, ,39 59:33.899,75 06:51.089,1320, ,1316, ,0, , , ,0, , , , , , , , , ,2,1,0,0,0,0,1,0,0,0,0,0,1,1,0,0,0,0,0,0,0,0,0,0,0,0,0,0,0,0,0,0,0,0,0,8,0,39.9927,-75.1142, , 
66248,723068,2012098230,6,67,67301,2012,9,1,205,2,3,1,0,7,5, , ,N,1,3,0,3,0,0,2,1,N,N,40 07:15.819,75 01:39.770,232, ,224, ,0, ,N, ,3, , , , , , , , , ,1,1,0,0,0,0,0,0,0,0,0,0,0,0,0,0,1,0,0,0,0,0,0,0,0,0,0,0,0,0,0,0,0,0,0,0,0,40.1211,-75.0277, , 
66249,723073,2012104124,6,67,67301,2012,9,7,1529,15,1,1,0,2,1, , ,N,0,0,0,3,0,1,2,2,N,N,39 55:15.962,75 09:30.934,1542, ,1531,2,2,1, , ,0,Y, , , , , , , , ,1,1,0,0,0,0,0,0,1,0,1,0,1,0,0,0,0,0,1,0,0,0,0,0,0,0,0,0,0,0,0,0,0,0,0,3,0,39.9211,-75.1586, , 
66250,723083,2012075985,6,67,67301,2012,6,3,1510,15,1,1,0,8,1, , ,N,0,0,0,3,0,1,2,2,N,N,40 00:27.322,75 05:39.755,1530, ,1525, ,0, , , ,0, , , , , , , , , ,1,1,0,0,0,0,0,0,0,0,0,1,1,0,0,0,0,0,0,0,0,0,0,0,0,0,0,0,0,0,0,0,1,0,0,4,0,40.0076,-75.0944, , 
66251,723084,2012076075,6,67,67301,2012,6,3,2024,20,4,1,0,2,1, , ,N,5,0,0,3,0,2,3,2,N,N,40 00:05.418,75 06:14.947,2031, ,2028,1,1,2,N, ,0,N, , , , , , , , ,2,1,0,0,0,0,0,1,0,0,1,1,2,0,0,0,0,0,0,0,0,0,0,0,0,0,0,0,0,0,0,0,0,0,0,3,0,40.0015,-75.1042, , 
66252,723098,2012068676,6,67,67301,2012,5,6,2145,21,3,1,0,1,1, , ,N,1,2,0,3,0,3,7,3,N,N,39 57:26.251,75 14:52.347,2355, ,2348, ,0, ,N, ,3, , , , , , , , , ,3,2,0,0,0,0,1,0,0,0,0,3,3,0,2,0,0,0,0,0,1,0,0,0,0,0,0,0,0,0,0,0,0,0,0,4,0,39.9573,-75.2479, , 
66253,723099,2012068911,6,67,67301,2012,5,6,428,4,3,1,0,5,1, , ,N,0,0,0,3,0,0,1,6,N,N,39 57:29.083,75 14:51.648,433, ,432,1,2,1,N, ,0,N, , , , , , , , ,6,1,0,0,2,0,2,1,0,0,0,0,0,0,0,0,0,0,0,0,0,0,0,1,0,0,0,0,0,0,0,0,0,0,0,0,0,39.9581,-75.2477, , 
66254,723108,2012078245,6,67,67301,2012,7,1,1850,18,1,1,0,1,1, , ,N,2,2,0,3,0,5,7,7,N,N,40 00:00.602,75 08:29.687,1850, ,9999, ,0, , , ,3, , , , , , , , , ,7,2,0,0,0,0,1,4,0,0,0,1,5,4,0,0,0,0,0,0,1,1,0,0,0,0,0,0,0,0,0,0,0,0,0,4,0,40.0001,-75.1416, , 
66255,723109,2012078348,6,67,67301,2012,6,6,2125,21,3,1,0,1,1, , ,N,1,2,0,3,0,1,4,2,N,N,39 59:56.501,75 07:59.702,2129, ,2127, ,0, ,N, ,3, , , , , , , , , ,2,2,0,0,0,0,0,0,0,0,1,0,1,0,0,0,0,0,0,0,1,0,0,0,0,0,0,0,0,0,0,0,0,0,0,3,0,39.999,-75.1332, , 
66256,725843,2012073539,6,67,67301,2012,6,7,1514,15,1,1,0,4,1, , ,N,2,0,0,3,0,0,2,2,N,N,39 59:53.130,75 07:34.048,1529, ,1527,9,2,4, , ,0,Y, , , , , , , , ,2,1,0,0,0,0,1,0,0,0,0,0,0,0,0,0,0,0,0,0,0,0,0,0,0,0,0,0,0,0,0,0,0,0,0,0,0,39.9981,-75.1261, , 
66257,725850,2012078250,6,67,67301,2012,7,6,727,7,1,2,0,4,1, , ,N,2,0,2,3,0,0,6,2,N, ,39 57:50.196,75 11:05.003,750, ,747, ,0, , , ,0, , , , , , , , , ,2,1,0,0,0,0,0,1,0,0,0,0,0,0,0,0,0,0,0,0,0,0,0,0,0,0,0,0,0,0,0,0,0,0,0,0,0,39.9639,-75.1849, , 
66258,725855,2012085797,6,67,67301,2012,7,3,1110,11,1,1,0,5,6, , ,N,0,0,0,3,0,1,3,4,N,N,40 01:18.940,75 08:51.406,9999, ,1119, ,0, ,N, ,0, , , , , , , , , ,4,4,0,0,0,0,0,0,0,0,0,0,1,1,0,0,0,0,0,0,0,0,0,0,0,0,0,0,0,0,0,0,0,0,0,8,0,40.0219,-75.1476, , 
66259,725862,2012098279,6,67,67301,2012,9,7,1010,10,1,1,0,8,1, , ,N,0,0,0,3,0,1,2,1,N,N,39 57:07.506,75 09:42.273,1018, ,1015, ,0, , , ,0, , , , , , , , , ,1,1,0,0,0,0,0,0,0,1,0,0,1,0,0,0,0,0,0,0,0,0,0,0,0,0,0,0,0,0,0,0,1,0,1,2,0,39.9521,-75.1617, , 
66260,725863,2012098529,6,67,67301,2012,9,4,2040,20,3,1,0,4,1, , ,N,2,3,0,3,0,1,2,2,N,N,40 01:25.255,75 08:07.141,2027, ,2025, ,0, ,N, ,3, , , , , , , , , ,1,0,0,0,0,0,0,1,1,0,0,1,1,0,0,0,0,0,0,0,1,0,0,0,0,0,0,0,0,0,0,0,0,0,0,4,0,40.0237,-75.1351, , 
66261,725867,2012099371,6,67,67301,2012,9,6,2232,22,3,1,0,1,6, , ,N,2,3,0,3,0,0,1,4,N,N,40 03:26.440,75 11:02.870,2237, ,2237, ,0, ,N, ,3, , , , , , , , , ,4,3,0,0,0,0,1,0,0,0,0,0,0,0,0,0,0,0,0,0,0,0,0,0,0,0,0,0,0,0,0,0,0,0,0,0,0,40.0573,-75.1841, , 
66262,725893,2012122363,6,67,67301,2012,11,4,1854,18,3,3,1,8,1, , ,N,1,2,0,3,0,1,3,2,N, ,40 03:20.701,75 05:22.429,1858, ,1854, ,0, , , ,3, , , , , , , , , ,1,1,0,0,0,0,0,0,0,0,0,1,1,0,1,0,0,0,0,0,0,0,0,0,0,0,0,0,0,0,0,0,2,0,0,4,0,40.0558,-75.0896, , 
66263,725899,2012129078,6,67,67301,2012,11,3,805,8,1,1,0,4,1, , ,N,0,0,0,3,0,2,2,2,N,N,40 06:06.808,75 02:22.895,820, ,814, ,0, ,N, ,0, , , , , , , , , ,2,2,0,0,0,0,0,0,0,0,0,2,2,0,0,0,0,0,0,0,0,0,0,0,0,0,0,0,0,0,0,0,0,0,0,4,0,40.1019,-75.0397, , 
66264,725900,2012129149,6,67,67301,2012,12,3,1830,18,3,1,0,1,1, , ,N,0,0,0,3,0,0,2,2,N,N,39 58:46.838,75 06:26.365,1837, ,1835,1,1,2,N, ,0,Y, , , , , , , , ,2,1,0,0,1,0,0,0,0,0,0,0,0,0,0,0,0,0,0,0,1,0,0,0,0,0,0,0,0,0,0,0,0,0,0,0,0,39.9797,-75.1073, , 
66265,725914,2012128174,6,67,67301,2012,11,1,651,6,1,1,0,7,2, , ,N,0,0,0,3,0,0,1,1,N,N,40 03:16.105,75 07:28.862,928, ,725, ,0, ,N, ,0, , , , , , , , , ,1,0,0,0,0,0,1,0,0,0,0,0,0,0,0,0,0,0,0,0,0,0,0,0,0,0,0,0,0,0,0,0,0,0,0,0,0,40.0545,-75.1247, , 
66266,725915,2012128225,6,67,67301,2012,11,4,2052,20,3,1,0,6,1, , ,N,1,2,0,3,0,1,2,2,N, ,40 03:02.401,75 10:23.780,2054, ,2052,2,2,6, , ,3,Y, , , , , , , , ,2,2,0,0,0,0,0,0,0,0,1,0,1,0,0,0,0,0,0,0,0,0,0,0,0,0,0,0,0,0,0,0,0,0,0,3,0,40.0507,-75.1733, , 
66267,725925,2012111806,6,67,67301,2012,10,6,1540,15,1,1,0,1,1, , ,N,0,0,0,3,0,1,2,2,N,N,39 59:57.379,75 08:50.737,1546, ,1546, ,0, , , ,0, , , , , , , , , ,2,1,0,0,0,0,1,0,0,0,0,0,1,1,1,0,0,0,0,0,0,0,0,0,0,0,0,0,0,0,0,0,0,0,0,8,0,39.9993,-75.1474, , 
66268,725933,2012117285,6,67,67301,2012,10,5,1456,14,1,1,0,7,5, , ,N,0,0,0,3,0,0,1,1,N, ,39 59:48.303,75 08:39.357,9999, ,9999, ,0, , , ,0, , , , , , , , , ,1,0,0,0,0,0,1,0,0,0,0,0,0,0,0,0,0,0,0,0,1,0,0,0,0,0,0,0,0,0,0,0,0,0,0,0,0,39.9968,-75.1443, , 
66269,725944,2012075951,6,67,67301,2012,6,1,1342,13,1,1,0,4,1, , ,N,1,2,0,3,0,3,6,2,N,N,39 57:26.251,75 14:52.347,1347, ,1344,2,1,4,N, ,3,N, , , , , , , , ,2,2,0,0,0,0,0,0,0,0,0,3,3,0,0,0,0,0,0,0,0,0,0,0,0,0,0,0,0,0,0,0,0,0,0,4,0,39.9573,-75.2479, , 
66270,725952,2012085334,6,67,67301,2012,7,1,1245,12,1,1,0,1,1, , ,N,1,2,0,3,0,1,4,2,N, ,39 58:42.967,75 07:49.565,1311, ,1309, ,0, , , ,3, , , , , , , , , ,2,2,0,0,0,0,0,0,0,0,0,1,1,0,0,0,0,0,0,0,0,1,0,0,0,0,0,0,0,0,0,0,0,0,0,4,0,39.9786,-75.1304, , 
66271,725963,2012096041,6,67,67301,2012,8,2,850,8,1,1,0,2,1, , ,N,0,0,0,3,0,1,8,2,N, ,39 59:09.020,75 09:54.349,855, ,850,3,2,6, , ,0,Y, , , , , , , , ,1,0,0,0,0,0,0,1,0,0,0,1,1,0,0,0,0,0,0,0,1,0,0,0,0,0,0,0,0,0,0,0,1,0,0,4,0,39.9858,-75.1651, , 
66272,725965,2012098967,6,67,67301,2012,8,6,1231,12,1,1,0,1,1, , ,N,1,2,0,3,0,1,3,2,N,N,40 04:12.680,75 10:49.758,1239, ,1233, ,0, ,N, ,3, , , , , , , , , ,2,2,0,0,0,0,0,0,0,0,0,0,1,1,1,0,0,0,0,0,0,0,0,0,0,0,0,0,0,0,0,0,0,0,0,8,0,40.0702,-75.1805, , 
66273,725969,2012104287,6,67,67301,2012,9,7,1325,13,1,1,0,4,1, , ,N,1,2,0,3,0,1,6,2,N,N,40 00:50.174,75 03:20.262,1135, ,1330, ,0, ,N, ,3, , , , , , , , , ,2,0,0,0,0,0,1,1,0,0,0,1,1,0,0,0,0,0,0,0,0,0,0,0,0,0,0,0,0,0,0,0,0,0,0,4,0,40.0139,-75.0556, , 