objectid_1,objectid,crn,district,county,municipality,crash_year,crash_month,day_of_week,time_of_day,hour_of_day,illumination,weather,road_condition,collision_type,relation_to_road,work_zone_type,work_zone_loc,work_zone_ind,intersect_type,tcd_type,location_type,urban_rural,fatal_count,injury_count,person_count,total_units,sch_bus_ind,sch_zone_ind,latitude,longitude,arrival_tm,cons_zone_spd_lim,dispatch_tm,est_hrs_closed,lane_closed,ln_close_dir,ntfy_hiwy_maint,spec_juris_cd,tcd_func_cd,tfc_detour_ind,workers_pres,wz_close_detour,wz_flagger,wz_law_offcr_ind,wz_ln_closure,wz_moving,wz_other,wz_shlder_mdn,vehicle_count,automobile_count,motorcycle_count,bus_count,small_truck_count,heavy_truck_count,suv_count,van_count,bicycle_count,maj_inj_count,mod_inj_count,min_inj_count,tot_inj_count,unk_inj_deg_count,unk_inj_per_count,driver_count_16yr,driver_count_17yr,driver_count_18yr,driver_count_19yr,driver_count_20yr,driver_count_50_64yr,driver_count_65_74yr,driver_count_75plus,unbelted_occ_count,unb_death_count,unb_maj_inj_count,belted_death_count,belted_maj_inj_count,mcycle_death_count,mcycle_maj_inj_count,bicycle_death_count,bicycle_maj_inj_count,ped_count,ped_death_count,ped_maj_inj_count,max_severity_level,comm_veh_count,dec_lat,dec_long,rdwy_surf_type_cd,county_name
66274,725987,2012081226,6,67,67301,2012,7,5,2218,22,3,1,0,1,1, , ,N,1,3,0,3,0,1,2,2,N,N,40 03:03.758,75 05:53.505,1714, ,1714, ,0, , , ,3, , , , , , , , , ,2,1,1,0,0,0,0,0,0,0,1,0,1,0,0,0,0,0,0,0,0,0,0,0,0,0,0,0,0,0,0,0,0,0,0,3,0,40.051,-75.0982, , 
66275,728935,2012099031,6,67,67301,2012,8,6,1415,14,1,1,0,1,1, , ,N,2,0,0,3,0,1,2,2,N,N,40 01:58.350,75 10:39.881,1511, ,1511, ,0, ,N, ,0, , , , , , , , , ,2,1,0,0,1,0,0,0,0,0,0,0,0,0,1,0,0,0,0,0,0,0,1,1,0,0,0,0,0,0,0,0,0,0,0,9,0,40.0329,-75.1777, , 
66276,728940,2012105718,6,67,67301,2012,10,5,1845,18,3,1,0,4,1, , ,N,0,0,0,3,0,1,2,2,N,N,40 01:28.692,75 01:47.700,1849, ,1849, ,0, ,N, ,0, , , , , , , , , ,2,1,0,0,0,0,1,0,0,0,1,0,1,0,1,0,0,0,0,0,0,0,0,1,0,0,0,0,0,0,0,0,0,0,0,3,0,40.0245,-75.0302, , 
66277,728949,2012117348,6,67,67301,2012,10,3,725,7,1,1,0,4,1, , ,N,2,2,0,3,0,2,2,2,N, ,39 59:11.558,75 12:18.363,727, ,726,3,2,7, , ,3,Y, , , , , , , , ,2,0,0,0,0,0,1,1,0,0,0,0,2,2,0,0,0,0,0,0,0,0,0,0,0,0,0,0,0,0,0,0,0,0,0,8,0,39.9865,-75.2051, , 
66278,728950,2012120027,6,67,67301,2012,11,2,1410,14,1,1,0,6,1, , ,N,1,3,0,3,0,0,2,2,N,N,39 57:19.472,75 11:39.537,1420, ,1414, ,0, ,N, ,3, , , , , , , , , ,2,1,0,0,1,0,0,0,0,0,0,0,0,0,2,0,0,0,0,0,0,0,0,0,0,0,0,0,0,0,0,0,0,0,0,9,0,39.9554,-75.1943, , 
66279,728962,2012111657,6,67,67301,2012,10,5,923,9,1,1,0,4,1, , ,N,1,2,0,3,0,1,4,2,N,N,40 02:25.798,75 03:31.964,930, ,924,2,1,3,N, ,3,N, , , , , , , , ,2,1,0,0,0,0,0,1,0,0,0,0,1,1,2,0,0,0,0,0,1,0,0,0,0,0,0,0,0,0,0,0,0,0,0,8,0,40.0405,-75.0589, , 
66280,728964,2012113963,6,67,67301,2012,11,3,605,6,5,1,0,8,1, , ,N,1,2,0,3,0,1,2,2,N,N,39 59:26.172,75 14:57.006,608, ,607, ,0, ,N, ,3, , , , , , , , , ,1,1,0,0,0,0,0,0,0,0,0,0,1,1,0,0,0,0,0,0,0,0,0,0,0,0,0,0,0,0,0,0,1,0,0,8,0,39.9905,-75.2492, , 
66281,728974,2012113560,6,67,67301,2012,11,6,1435,14,1,1,0,1,1, , ,N,0,0,0,3,0,0,2,2,N,N,39 58:49.638,75 12:19.973,1447, ,1442, ,0, ,N, ,0, , , , , , , , , ,2,1,0,0,1,0,0,0,0,0,0,0,0,0,1,0,0,0,0,0,0,0,0,0,0,0,0,0,0,0,0,0,0,0,0,9,0,39.9805,-75.2055, , 
66282,728975,2012115321,6,67,67301,2012,8,6,1830,18,1,1,0,1,1, , ,N,0,0,0,3,0,2,3,2,N,N,39 58:59.387,75 08:39.009,0, ,0, ,0, ,N, ,0, , , , , , , , , ,2,2,0,0,0,0,0,0,0,0,1,1,2,0,1,0,0,0,0,1,0,0,0,0,0,0,0,0,0,0,0,0,0,0,0,3,0,39.9832,-75.1442, , 
66283,728976,2012117287,6,67,67301,2012,10,1,1300,13,1,1,0,4,1, , ,N,1,2,0,3,0,1,1,2,N, ,39 58:13.897,75 08:55.980,1310, ,1300, ,0, , , ,3, , , , , , , , , ,1,1,0,0,0,0,0,0,1,0,0,1,1,0,0,0,0,0,0,0,0,0,0,0,0,0,0,0,0,0,0,0,1,0,0,4,0,39.9704,-75.149, , 
66284,728981,2012123325,6,67,67301,2012,11,7,306,3,3,1,0,1,6, , ,N,0,0,0,3,0,0,1,3,N,N,39 59:49.720,75 07:53.818,506, ,448, ,0, ,N, ,0, , , , , , , , , ,3,2,0,0,0,0,1,0,0,0,0,0,0,0,0,0,0,0,0,0,0,0,0,0,0,0,0,0,0,0,0,0,0,0,0,0,0,39.9971,-75.1316, , 
66285,728984,2012125503,6,67,67301,2012,11,1,9999,99,3,1,0,2,1, , ,N,1,2,0,3,0,2,2,3,N, ,40 01:39.219,75 06:36.203,9999, ,9999,2,1,1, , ,3,Y, , , , , , , , ,2,2,0,0,0,0,0,0,0,0,0,1,1,0,0,0,0,0,0,0,0,0,0,0,0,0,0,0,0,0,0,0,0,0,0,4,0,40.0276,-75.1101, , 
66286,728993,2013003679,6,67,67301,2012,12,3,1720,17,3,1,0,1,1, , ,N,1,2,0,3,0,0,4,3,N,N,39 53:40.603,75 14:12.181,1733, ,1730, ,0, ,N, ,3, , , , , , , , , ,3,3,0,0,0,0,0,0,0,0,0,0,0,0,0,0,0,0,0,0,1,0,0,0,0,0,0,0,0,0,0,0,0,0,0,0,0,39.8946,-75.2367, , 
66287,728996,2013015635,6,67,67301,2012,8,1,640,6,1,1,0,7,4, , ,N,0,0,0,3,0,1,1,1,N,N,39 57:30.902,75 10:02.877,650, ,644,1,1,4,N, ,0,N, , , , , , , , ,1,1,0,0,0,0,0,0,0,0,0,1,1,0,0,0,0,0,0,0,0,0,0,0,0,0,0,0,0,0,0,0,0,0,0,4,0,39.9586,-75.1675, , 
66288,729006,2013003700,6,67,67301,2012,12,6,9999,99,1,2,1,4,1, , ,N,1,2,0,3,0,1,2,2,N,N,39 54:14.563,75 14:24.409,9999, ,9999, ,0, ,N, ,3, , , , , , , , , ,2,2,0,0,0,0,0,0,0,0,0,0,1,1,0,0,0,0,0,0,0,0,0,0,0,0,0,0,0,0,0,0,0,0,0,8,0,39.904,-75.2401, , 
66289,729007,2013003941,6,67,67301,2012,12,7,1255,12,1,1,0,4,1, , ,N,2,2,0,3,0,1,2,2,N,N,40 03:44.743,75 02:34.497,1310, ,1259,1,2,3,N, ,3,Y, , , , , , , , ,2,2,0,0,0,0,0,0,0,0,0,1,1,0,0,0,0,0,0,0,1,0,0,0,0,0,0,0,0,0,0,0,0,0,0,4,0,40.0624,-75.0427, , 
66290,729009,2013006816,6,67,67301,2012,12,7,1400,14,1,1,0,4,1, , ,N,1,2,0,3,0,1,3,2,N,N,39 58:30.510,75 11:16.819,1405, ,1402,1,1,4, , ,3,N, , , , , , , , ,2,1,0,1,0,0,0,0,0,0,1,0,1,0,0,0,0,0,0,0,0,0,0,1,0,0,0,0,0,0,0,0,0,0,0,3,1,39.9751,-75.188, , 
66291,729050,2012122345,6,67,67301,2012,11,5,935,9,1,1,0,4,1, , ,N,1,2,0,3,0,1,8,2,N,N,40 00:25.755,75 10:28.143,941, ,939, ,0, ,N, ,3, , , , , , , , , ,2,2,0,0,0,0,0,0,0,0,0,1,1,0,0,0,0,0,0,0,0,0,0,0,0,0,0,0,0,0,0,0,0,0,0,4,0,40.0072,-75.1745, , 
66292,729069,2012114512,6,67,67301,2012,11,4,740,7,1,1,0,1,1, , ,N,0,0,0,3,0,1,2,2,N,N,39 56:49.645,75 11:15.951,742, ,741, ,0, ,N, ,0, , , , , , , , , ,2,1,0,0,1,0,0,0,0,0,0,1,1,0,0,0,0,0,0,0,1,0,0,1,0,0,0,0,0,0,0,0,0,0,0,4,0,39.9471,-75.1878, , 
66293,720185,2012103957,6,67,67301,2012,9,3,145,1,3,1,0,7,5, , ,N,0,2,0,3,0,1,1,1,N,N,39 59:30.429,75 13:54.998,218, ,214, ,0, ,N, ,3, , , , , , , , , ,1,1,0,0,0,0,0,0,0,0,0,0,1,1,0,0,0,0,1,0,0,0,0,0,0,0,0,0,0,0,0,0,0,0,0,8,0,39.9918,-75.2319, , 
66294,720186,2012104252,6,67,67301,2012,7,3,810,8,1,1,0,4,1, , ,N,1,2,0,3,0,0,2,2,N,N,40 01:13.222,75 06:50.843,825, ,820,9,1,4,N, ,3,N, , , , , , , , ,2,0,0,0,0,0,0,2,0,0,0,0,0,0,1,0,0,0,0,0,0,0,0,0,0,0,0,0,0,0,0,0,0,0,0,9,0,40.0202,-75.1141, , 
66295,720188,2012105727,6,67,67301,2012,10,7,601,6,5,1,0,1,1, , ,N,0,0,0,3,0,0,3,2,N,N,39 56:03.226,75 12:00.006,627, ,620, ,0, ,N, ,0, , , , , , , , , ,2,1,0,0,0,0,0,0,0,0,0,0,0,0,1,0,0,0,0,0,0,0,0,0,0,0,0,0,0,0,0,0,0,0,0,9,0,39.9341,-75.2, , 
66296,720189,2012109785,6,67,67301,2012,10,3,1000,10,3,1,0,7,2, , ,N,0,0,0,3,0,0,0,1,N,N,40 00:01.115,75 11:26.291,1010, ,1005, ,0, ,N, ,0, , , , , , , , , ,1,1,0,0,0,0,0,0,0,0,0,0,0,0,0,0,0,0,0,0,0,0,0,0,0,0,0,0,0,0,0,0,0,0,0,9,0,40.0003,-75.1906, , 
66297,720205,2012066498,6,67,67301,2012,5,1,1219,12,1,1,0,8,1, , ,N,0,0,0,3,0,1,2,2,N,N,40 01:43.622,75 09:46.721,1225, ,1221, ,0, ,N, ,0, , , , , , , , , ,1,1,0,0,0,0,0,0,0,0,0,0,1,1,0,0,0,0,0,0,0,0,0,0,0,0,0,0,0,0,0,0,1,0,0,8,0,40.0288,-75.163, , 
66298,720209,2012068683,6,67,67301,2012,6,2,106,1,3,1,0,7,3, , ,N,2,0,0,3,0,1,1,1,N,N,39 57:24.337,75 08:19.891,112, ,109,9,1,1,N, ,0,N, , , , , , , , ,1,1,0,0,0,0,0,0,0,0,0,0,1,1,0,0,0,0,0,0,0,0,0,0,0,0,0,0,0,0,0,0,0,0,0,8,0,39.9568,-75.1386, , 
66299,720225,2012085871,6,67,67301,2012,7,3,745,7,1,1,0,4,1, , ,N,1,2,0,3,0,1,1,2,N,N,40 01:53.630,75 12:46.938,746, ,745, ,0, , , ,3, , , , , , , , , ,2,2,0,0,0,0,0,0,0,0,1,0,1,0,0,0,0,0,0,0,0,0,0,0,0,0,0,0,0,0,0,0,0,0,0,3,0,40.0316,-75.213, , 
66300,720231,2012088997,6,67,67301,2012,8,7,1910,19,4,1,0,5,1, , ,N,1,3,0,3,0,1,3,2,N,N,39 55:50.671,75 10:48.331,2010, ,2008, ,0, , , ,3, , , , , , , , , ,2,1,0,0,0,1,0,0,0,0,1,0,1,0,1,0,0,0,0,0,0,0,0,0,0,0,0,0,0,0,0,0,0,0,0,3,1,39.9307,-75.1801, , 
66301,720236,2012092225,6,67,67301,2012,9,5,1609,16,1,1,0,1,1, , ,N,0,0,0,3,0,1,5,3,N,N,39 59:06.846,75 05:38.373,1625, ,1614,2,2,1,N, ,0,N, , , , , , , , ,3,2,0,0,0,0,1,0,0,0,0,0,1,1,0,0,0,0,0,0,0,0,0,0,0,0,0,0,0,0,0,0,0,0,0,8,0,39.9852,-75.0941, , 
66302,720256,2012078197,6,67,67301,2012,1,7,1730,17,1,1,0,4,1, , ,N,1,3,0,3,0,2,2,2,N,N,39 57:24.825,75 12:22.359,2018, ,2011, ,0, ,N, ,3, , , , , , , , , ,1,1,0,0,0,0,0,0,1,0,1,1,2,0,0,0,0,0,0,0,0,1,0,0,0,0,0,0,0,0,0,0,0,0,0,3,0,39.9569,-75.2062, , 
66303,720261,2012083286,6,67,67301,2012,8,7,27,0,3,1,0,5,2, , ,N,0,0,0,3,0,0,2,1,N,N,40 00:35.024,75 05:08.178,30, ,29, ,0, , , ,0, , , , , , , , , ,1,1,0,0,0,0,0,0,0,0,0,0,0,0,0,0,0,0,0,0,1,0,0,0,0,0,0,0,0,0,0,0,0,0,0,0,0,40.0097,-75.0856, , 
66304,720262,2012083382,6,67,67301,2012,7,1,1802,18,1,1,0,4,1, , ,N,2,3,0,3,0,1,2,2,N,N,39 57:38.752,75 13:28.926,1812, ,1812, ,0, ,N, ,3, , , , , , , , , ,2,0,1,0,0,0,1,0,0,0,1,0,1,0,0,0,0,0,0,0,1,0,0,0,0,0,0,0,0,0,0,0,0,0,0,3,0,39.9608,-75.2247, , 
66305,720263,2012083394,6,67,67301,2012,7,2,945,9,1,1,0,1,1, , ,N,0,0,7,3,0,1,3,3,N,N,39 57:03.711,75 10:40.076,953, ,945, ,0, ,N, ,0, , , , , , , , , ,3,2,0,0,0,1,0,0,0,0,0,0,1,1,0,0,1,0,0,0,0,0,0,0,0,0,0,0,0,0,0,0,0,0,0,8,1,39.951,-75.1778, , 
66306,720264,2012083776,6,67,67301,2012,8,4,157,1,3,1,0,2,6, , ,N,0,0,0,3,0,1,1,3,N,N,39 58:08.040,75 13:03.313,205, ,200, ,0, ,N, ,0, , , , , , , , , ,3,2,0,0,1,0,0,0,0,0,0,1,1,0,0,0,0,0,0,0,0,0,0,0,0,0,0,0,0,0,0,0,0,0,0,4,0,39.9689,-75.2176, , 
66307,720265,2012083804,6,46,46102,2012,7,6,1732,17,1,1,0,8,1, , ,N,0,0,0,3,0,1,2,2,N, ,40 04:18.207,75 09:14.694,1740, ,1737, ,0, , , ,0, , , , , , , , , ,1,0,0,0,0,0,0,1,0,0,0,0,1,1,0,0,0,0,0,0,0,0,0,0,0,0,0,0,0,0,0,0,1,0,0,8,0,40.0717,-75.1541, , 
66308,720266,2012084170,6,67,67301,2012,7,6,1630,16,1,1,0,1,1, , ,N,1,2,0,3,0,2,5,2,N,N,40 01:15.522,75 08:23.479,1640, ,1630, ,0, ,N, ,3, , , , , , , , , ,2,1,0,0,0,0,1,0,0,0,0,1,1,0,4,0,0,0,0,0,0,0,0,0,0,0,0,0,0,0,0,0,0,0,0,4,0,40.0211,-75.1399, , 
66309,720281,2012098298,6,67,67301,2012,9,4,825,8,1,1,0,1,7, , ,N,6,2,2,3,0,1,1,3,N,N,39 58:27.683,75 11:41.308,900, ,850, ,0, ,N, ,3, , , , , , , , , ,3,3,0,0,0,0,0,0,0,0,0,1,1,0,0,0,0,0,0,0,0,0,0,0,0,0,0,0,0,0,0,0,0,0,0,4,0,39.9744,-75.1949, , 
66310,720286,2012104457,6,67,67301,2012,10,3,805,8,1,1,0,1,1, , ,N,0,0,0,3,0,1,2,2,N,N,39 53:59.709,75 09:37.183,813, ,807,1,1,1,N, ,0,N, , , , , , , , ,2,1,0,0,0,0,1,0,0,0,0,1,1,0,0,0,0,0,0,0,0,0,0,0,0,0,0,0,0,0,0,0,0,0,0,4,0,39.8999,-75.1603, , 
66311,723128,2012095461,6,67,67301,2012,8,4,0,0,1,2,1,8,1, , ,N,0,0,0,3,0,1,2,1,N,N,39 59:31.434,75 07:27.688,1800, ,1755, ,0, ,N, ,0, , , , , , , , , ,1,1,0,0,0,0,0,0,0,0,0,0,1,1,0,0,0,0,0,0,1,0,0,0,0,0,0,0,0,0,0,0,1,0,0,8,0,39.9921,-75.1244, , 
66312,723135,2012075658,6,67,67301,2012,7,4,840,8,1,1,0,1,1, , ,N,0,0,0,3,0,1,5,2,N,N,39 58:58.615,75 12:29.060,845, ,843, ,0, ,N, ,0, , , , , , , , , ,2,1,0,0,0,0,0,1,0,0,0,0,1,1,0,0,0,1,0,0,0,0,0,0,0,0,0,0,0,0,0,0,0,0,0,8,0,39.9829,-75.2081, , 
66313,723149,2012083253,6,67,67301,2012,7,2,2145,21,3,1,0,4,1, , ,N,1,3,0,3,0,0,2,2,N,N,39 56:12.940,75 10:49.285,2205, ,2200, ,0, ,N, ,3, , , , , , , , , ,2,2,0,0,0,0,0,0,0,0,0,0,0,0,2,0,0,0,0,0,0,0,0,0,0,0,0,0,0,0,0,0,0,0,0,9,0,39.9369,-75.1804, , 
66314,723160,2012095423,6,67,67301,2012,8,2,832,8,1,2,1,4,1, , ,N,0,0,7,3,0,1,3,2,N, ,39 55:15.243,75 12:53.884,958, ,955, ,0, , , ,0, , , , , , , , , ,2,1,0,0,0,1,0,0,0,0,0,1,1,0,0,0,0,0,0,0,2,0,0,0,0,0,0,0,0,0,0,0,0,0,0,4,1,39.9209,-75.215, , 
66315,723163,2012098449,6,67,67301,2012,9,7,2000,20,3,2,1,4,1, , ,N,1,2,0,3,0,1,6,2,N, ,40 02:25.164,75 03:30.735,2230, ,2206, ,0, , , ,3, , , , , , , , , ,2,2,0,0,0,0,0,0,0,0,0,1,1,0,0,0,0,0,0,0,0,1,0,0,0,0,0,0,0,0,0,0,0,0,0,4,0,40.0403,-75.0585, , 
66316,723174,2012109717,6,67,67301,2012,10,7,2145,21,3,1,0,6,1, , ,N,0,0,0,3,0,0,3,3,N,N,39 59:59.936,75 07:29.939,2150, ,2150, ,0, ,N, ,0, , , , , , , , , ,3,3,0,0,0,0,0,0,0,0,0,0,0,0,0,0,0,0,0,0,0,0,0,2,0,0,0,0,0,0,0,0,0,0,0,0,0,40,-75.125, , 
66317,723193,2012083810,6,67,67301,2012,8,1,1400,14,3,1,0,7,4, , ,N,2,3,7,3,0,2,2,1,N,N,40 00:34.916,75 07:05.242,1420, ,1415, ,0, ,N, ,3, , , , , , , , , ,1,1,0,0,0,0,0,0,0,0,1,1,2,0,0,0,0,0,0,0,0,0,0,0,0,0,0,0,0,0,0,0,0,0,0,3,0,40.0097,-75.1181, , 
66318,723206,2012104034,6,67,67301,2012,9,2,1220,12,1,1,0,4,1, , ,N,1,2,0,3,0,1,2,2,N, ,39 57:06.231,75 10:37.822,1315, ,1308,9,1,1, , ,3,N, , , , , , , , ,2,1,0,0,1,0,0,0,0,0,0,0,1,1,0,0,0,0,0,0,1,0,0,2,0,0,0,0,0,0,0,0,0,0,0,8,0,39.9517,-75.1772, , 
66319,723207,2012104135,6,67,67301,2012,9,6,1926,19,3,1,0,5,1, , ,N,0,0,0,3,0,1,3,2,N,N,39 57:04.918,75 09:18.855,1931, ,1926, ,0, ,N, ,0, , , , , , , , , ,2,1,0,1,0,0,0,0,0,0,0,1,1,0,0,0,0,0,0,0,2,0,0,1,0,0,0,0,0,0,0,0,0,0,0,4,1,39.9514,-75.1552, , 
66320,723213,2012111725,6,67,67301,2012,9,3,14,0,3,1,0,5,1, , ,N,0,2,0,3,0,2,3,2,N,N,39 58:19.569,75 09:33.732,9999, ,9999,9,2,5, , ,3,Y, , , , , , , , ,2,1,1,0,0,0,0,0,0,0,2,0,2,0,0,0,0,0,0,0,0,0,0,1,0,0,0,0,0,0,0,0,0,0,0,3,0,39.9721,-75.1594, , 
66321,723215,2012114870,6,67,67301,2012,10,2,1515,15,1,1,0,4,1, , ,N,1,3,0,3,0,1,2,2,N,N,39 57:38.541,75 14:13.174,1650, ,1645, ,0, ,N, ,3, , , , , , , , , ,2,2,0,0,0,0,0,0,0,0,0,1,1,0,1,0,0,0,0,0,1,0,0,0,0,0,0,0,0,0,0,0,0,0,0,4,0,39.9607,-75.237, , 
66322,723238,2012073583,6,67,67301,2012,6,7,9999,99,1,1,0,7,2, , ,N,0,0,0,3,0,0,1,1,N,Y,40 02:05.264,75 07:03.493,738, ,738, ,0, ,N, ,0, , , , , , , , , ,1,1,0,0,0,0,0,0,0,0,0,0,0,0,1,0,0,0,0,0,0,0,0,0,0,0,0,0,0,0,0,0,0,0,0,9,0,40.0348,-75.1176, , 
66323,723240,2012078520,6,67,67301,2012,7,7,325,3,3,1,0,7,5, , ,N,2,2,0,3,0,1,1,1,N,N,39 57:34.816,75 14:50.653,330, ,330, ,0, ,N, ,3, , , , , , , , , ,1,1,0,0,0,0,0,0,0,0,0,0,1,1,0,0,0,0,0,0,0,0,0,0,0,0,0,0,0,0,0,0,0,0,0,8,0,39.9597,-75.2474, , 
66324,723245,2012083301,6,67,67301,2012,8,6,9999,99,1,1,0,4,1, , ,N,2,3,0,3,0,1,2,2,N, ,39 55:03.626,75 14:44.590,1050, ,1040, ,0, , , ,3, , , , , , , , , ,2,1,0,0,0,1,0,0,0,0,1,0,1,0,0,0,0,0,0,0,0,0,0,1,0,0,0,0,0,0,0,0,0,0,0,3,1,39.9177,-75.2457, , 
66325,723278,2012057520,6,67,67301,2012,5,1,1600,16,1,1,0,8,1, , ,N,0,0,0,3,0,1,2,2,N, ,40 00:38.239,75 08:10.165,1630, ,1600, ,0, , , ,0, , , , , , , , , ,1,0,0,0,0,0,0,0,0,0,0,1,1,0,0,0,0,0,0,0,0,0,0,0,0,0,0,0,0,0,0,0,1,0,0,4,0,40.0106,-75.1362, , 
66326,723298,2012083407,6,67,67301,2012,8,5,1545,15,1,1,0,1,1, , ,N,1,2,0,3,0,1,2,2,N,N,39 54:57.236,75 09:52.167,1553, ,1547, ,0, ,N, ,3, , , , , , , , , ,2,1,0,1,0,0,0,0,0,0,1,0,1,0,0,0,0,0,0,0,0,0,0,1,0,0,0,0,0,0,0,0,0,0,0,3,1,39.9159,-75.1645, , 
66327,723313,2012098188,6,67,67301,2012,9,6,150,1,3,1,0,8,1, , ,N,0,0,0,3,0,1,2,2,N,N,39 58:04.954,75 12:28.234,154, ,154, ,0, ,N, ,0, , , , , , , , , ,1,1,0,0,0,0,0,0,0,0,0,0,1,1,0,0,0,0,0,0,0,0,0,0,0,0,0,0,0,0,0,0,1,0,0,8,0,39.968,-75.2078, , 
66328,723344,2012095477,6,67,67301,2012,8,5,412,4,3,1,0,7,2, , ,N,0,0,0,3,0,2,2,1,N,N,40 01:35.648,75 05:44.009,418, ,414,1,1,2,N, ,0,N, , , , , , , , ,1,1,0,0,0,0,0,0,0,0,0,0,2,2,0,0,0,0,0,0,0,0,0,2,0,0,0,0,0,0,0,0,0,0,0,8,0,40.0266,-75.0956, , 
66329,726012,2012098496,6,67,67301,2012,9,7,2350,23,3,1,0,4,1, , ,N,0,2,0,3,0,0,0,3,N,N,40 00:07.650,75 08:16.868,5, ,2355,1,1,1,N, ,3,N, , , , , , , , ,3,2,0,0,1,0,0,0,0,0,0,0,0,0,0,0,0,0,0,0,0,0,0,0,0,0,0,0,0,0,0,0,0,0,0,9,0,40.0021,-75.138, , 
66330,726030,2012066758,6,67,67301,2012,6,2,1513,15,1,2,1,8,1, , ,N,0,3,0,3,0,1,2,2,N, ,39 57:02.749,75 09:47.392,1524, ,1517, ,0, , , ,3, , , , , , , , , ,1,0,0,0,0,0,0,1,0,0,0,1,1,0,1,0,0,0,0,0,0,0,0,0,0,0,0,0,0,0,0,0,1,0,0,4,0,39.9508,-75.1632, , 
66331,726068,2013004021,6,67,67301,2012,11,2,1215,12,1,1,0,7,2, , ,N,0,0,0,3,0,1,1,4,N, ,39 58:34.035,75 07:11.716,1230, ,1219, ,0, , , ,0, , , , , , , , , ,4,2,0,0,1,0,1,0,0,0,0,0,1,1,0,0,0,0,0,0,0,0,0,0,0,0,0,0,0,0,0,0,0,0,0,8,0,39.9761,-75.1199, , 
66332,726070,2013006863,6,67,67301,2012,12,6,1800,18,3,1,0,4,1, , ,N,1,2,1,3,0,1,4,3,N,N,40 05:58.224,74 59:10.989,1805, ,1800, ,0, ,N, ,3, , , , , , , , , ,3,0,0,0,0,0,3,0,0,0,0,0,1,1,1,0,0,0,0,0,1,0,0,0,0,0,0,0,0,0,0,0,0,0,0,8,0,40.0995,-74.9864, , 
66333,726086,2012083415,6,67,67301,2012,7,2,1003,10,1,1,0,4,1, , ,N,0,0,0,3,0,2,3,2,N,N,40 00:56.441,75 09:15.887,1008, ,1005, ,0, , , ,0, , , , , , , , , ,2,0,0,0,1,0,0,1,0,0,0,2,2,0,0,0,0,0,0,0,0,1,0,0,0,0,0,0,0,0,0,0,0,0,0,4,0,40.0157,-75.1544, , 
66334,726096,2012095596,6,67,67301,2012,8,4,2110,21,3,1,0,7,4, , ,N,2,0,0,3,0,0,1,1,N,N,40 06:18.329,75 01:39.923,2115, ,2110,1,1,1,N, ,0,Y, , , , , , , , ,1,1,0,0,0,0,0,0,0,0,0,0,0,0,0,0,0,0,0,0,0,0,0,0,0,0,0,0,0,0,0,0,0,0,0,0,0,40.1051,-75.0276, , 
66335,726097,2012096011,6,67,67301,2012,8,6,2320,23,3,1,0,4,1, , ,N,0,0,0,3,0,2,2,2,N,N,39 59:27.034,75 07:51.439,15, ,9, ,0, ,N, ,0, , , , , , , , , ,2,2,0,0,0,0,0,0,0,0,0,2,2,0,0,0,0,0,0,0,0,0,0,1,0,0,0,0,0,0,0,0,0,0,0,4,0,39.9908,-75.131, , 
66336,726100,2012100289,6,67,67301,2012,10,1,1345,13,1,1,0,1,1, , ,N,6,0,2,3,0,0,4,2,N,N,39 59:22.465,75 05:14.177,1404, ,1359,1,1,1,N, ,0,N, , , , , , , , ,2,1,0,0,0,0,1,0,0,0,0,0,0,0,0,0,0,0,0,1,0,0,0,0,0,0,0,0,0,0,0,0,0,0,0,0,0,39.9881,-75.0888, , 
66337,726104,2012103990,6,67,67301,2012,9,4,830,8,1,1,0,5,1, , ,N,0,0,0,3,0,1,2,2,N, ,40 03:17.010,75 10:47.526,930, ,914, ,0, , , ,0, , , , , , , , , ,1,1,0,0,0,0,0,0,1,0,0,1,1,0,0,0,0,0,0,0,0,0,0,0,0,0,0,0,0,0,0,0,0,0,0,4,0,40.0547,-75.1799, , 
66338,726105,2012104274,6,67,67301,2012,9,6,1135,11,1,1,0,4,1, , ,N,2,2,0,3,0,4,4,2,N,N,39 54:09.144,75 13:29.143,1155, ,1135,2,1,4,N, ,3,N, , , , , , , , ,2,2,0,0,0,0,0,0,0,0,1,0,4,3,0,0,0,0,0,0,0,0,0,0,0,0,0,0,0,0,0,0,0,0,0,3,0,39.9025,-75.2248, , 
66339,726109,2012109688,6,67,67301,2012,10,3,1310,13,1,2,1,2,1, , ,N,0,0,0,3,0,3,3,2,N,N,39 59:08.120,75 12:39.930,1325, ,1321, ,0, ,N, ,0, , , , , , , , , ,2,2,0,0,0,0,0,0,0,0,0,0,3,3,0,0,0,0,0,0,0,0,0,0,0,0,0,0,0,0,0,0,0,0,0,8,0,39.9856,-75.2111, , 
66340,726113,2012111687,6,67,67301,2012,10,3,1054,10,1,2,1,2,1, , ,N,1,2,0,3,0,1,2,2,N, ,40 02:09.822,75 05:16.321,1100, ,1057,1,2,2, , ,3,Y, , , , , , , , ,2,2,0,0,0,0,0,0,0,0,1,0,1,0,0,0,0,0,0,0,1,0,0,0,0,0,0,0,0,0,0,0,0,0,0,3,0,40.0361,-75.0879, , 
66341,726134,2012068876,6,67,67301,2012,5,5,1221,12,1,1,0,4,1, , ,N,0,0,0,3,1,3,4,4,N,N,39 59:46.757,75 11:42.861,1225, ,1221,2,2,7,N,0,0,Y, , , , , , , , ,4,4,0,0,0,0,0,0,0,0,3,0,3,0,0,0,0,0,0,0,0,0,0,0,0,0,1,0,0,0,0,0,0,0,0,1,0,39.9963,-75.1952,2, 