objectid_1,objectid,crn,district,county,municipality,crash_year,crash_month,day_of_week,time_of_day,hour_of_day,illumination,weather,road_condition,collision_type,relation_to_road,work_zone_type,work_zone_loc,work_zone_ind,intersect_type,tcd_type,location_type,urban_rural,fatal_count,injury_count,person_count,total_units,sch_bus_ind,sch_zone_ind,latitude,longitude,arrival_tm,cons_zone_spd_lim,dispatch_tm,est_hrs_closed,lane_closed,ln_close_dir,ntfy_hiwy_maint,spec_juris_cd,tcd_func_cd,tfc_detour_ind,workers_pres,wz_close_detour,wz_flagger,wz_law_offcr_ind,wz_ln_closure,wz_moving,wz_other,wz_shlder_mdn,vehicle_count,automobile_count,motorcycle_count,bus_count,small_truck_count,heavy_truck_count,suv_count,van_count,bicycle_count,maj_inj_count,mod_inj_count,min_inj_count,tot_inj_count,unk_inj_deg_count,unk_inj_per_count,driver_count_16yr,driver_count_17yr,driver_count_18yr,driver_count_19yr,driver_count_20yr,driver_count_50_64yr,driver_count_65_74yr,driver_count_75plus,unbelted_occ_count,unb_death_count,unb_maj_inj_count,belted_death_count,belted_maj_inj_count,mcycle_death_count,mcycle_maj_inj_count,bicycle_death_count,bicycle_maj_inj_count,ped_count,ped_death_count,ped_maj_inj_count,max_severity_level,comm_veh_count,dec_lat,dec_long,rdwy_surf_type_cd,county_name
66409,759559,2011072654,6,67,67301,2011,5,1,1209,12,1,1,0,4,1, , ,N,1,2,0,3,1,3,4,2,N,N,39 53:40.603,75 14:12.181,1210, ,1209,3,2,1,N,0,3,Y, , , , , , , , ,2,1,0,0,0,0,1,0,0,1,0,1,3,1,0,0,0,0,0,0,0,0,0,0,0,0,0,0,0,0,0,0,0,0,0,1,0,39.8945,-75.2368,2, 
66410,759575,2011085544,6,67,67301,2011,7,7,1930,19,4,1,0,8,1, , ,N,0,0,0,3,0,1,2,2,N, ,39 56:11.195,75 10:46.514,1945, ,1930, ,0, , , ,0, , , , , , , , , ,1,1,0,0,0,0,0,0,0,0,0,1,1,0,0,0,0,0,0,0,1,0,0,0,0,0,0,0,0,0,0,0,1,0,0,4,0,39.9364,-75.1796, , 
66411,759594,2011015213,6,67,67301,2011,1,2,1615,16,1,1,0,1,1, , ,N,0,0,0,3,0,1,2,2,N,N,40 00:41.358,75 03:38.688,1633, ,1630,1,1,1,N, ,0,N, , , , , , , , ,2,1,0,0,1,0,0,0,0,0,0,0,1,1,0,0,0,0,0,0,0,0,1,0,0,0,0,0,0,0,0,0,0,0,0,8,0,40.0114,-75.0609, , 
66412,759607,2011023318,6,67,67301,2011,2,4,2050,20,3,4,0,7,1, , ,N,0,0,0,3,0,0,1,1,N,N,40 02:33.136,75 02:40.984,2055, ,2055, ,0, ,N, ,0, , , , , , , , , ,1,1,0,0,0,0,0,0,0,0,0,0,0,0,1,0,0,0,0,0,0,0,0,0,0,0,0,0,0,0,0,0,0,0,0,9,0,40.0425,-75.0447, , 
66413,759613,2011028930,6,67,67301,2011,2,1,9999,99,3,1,6,7,5, , ,N,0,0,0,3,0,0,2,1,N,N,40 00:00.599,75 10:40.412,2222, ,9999, ,0, ,N, ,0, , , , , , , , , ,1,0,0,0,0,0,1,0,0,0,0,0,0,0,0,0,0,0,0,0,0,0,0,0,0,0,0,0,0,0,0,0,0,0,0,0,0,40.0002,-75.1779, , 
66414,759614,2011029952,6,67,67301,2011,3,6,1552,15,1,1,0,1,1, , ,N,0,0,0,3,0,2,4,2,N,N,39 56:33.632,75 11:36.392,1553, ,1553, ,0, ,N, ,0, , , , , , , , , ,2,2,0,0,0,0,0,0,0,0,0,0,2,2,0,0,0,0,0,0,0,0,0,0,0,0,0,0,0,0,0,0,0,0,0,8,0,39.9413,-75.1948, , 
66415,759617,2011031104,6,67,67301,2011,3,3,1850,18,2,1,0,1,1, , ,N,0,0,0,3,0,0,3,2,N,N,40 01:34.936,75 01:37.570,1854, ,1850, ,0, ,N, ,0, , , , , , , , , ,2,1,0,0,0,0,1,0,0,0,0,0,0,0,0,0,0,0,0,0,0,0,0,0,0,0,0,0,0,0,0,0,0,0,0,0,0,40.0265,-75.027, , 
66416,759628,2011038003,6,67,67301,2011,3,1,750,7,1,1,0,4,1, , ,N,2,3,0,3,0,1,3,3,N,N,40 01:32.361,75 02:12.083,759, ,753,2,2,3,N, ,3,Y, , , , , , , , ,3,1,0,0,0,0,1,1,0,0,0,1,1,0,0,0,0,0,0,0,0,1,0,0,0,0,0,0,0,0,0,0,0,0,0,4,0,40.0241,-75.035, , 
66417,759630,2011038446,6,67,67301,2011,3,6,1103,11,1,1,0,8,6, , ,N,0,2,0,3,0,1,2,2, , ,39 59:16.969,75 09:21.163,1106, ,1104, ,0, , , ,3, , , , , , , , , ,1,1,0,0,0,0,0,0,0,0,0,0,1,1,0,0,0,0,0,0,0,0,0,0,0,0,0,0,0,0,0,0,1,0,0,8,0,39.988,-75.1559, , 
66418,759661,2011037155,6,67,67301,2011,4,1,1803,18,1,1,0,7,5, , ,N,0,0,2,3,0,0,1,1,N,N,39 57:25.832,75 08:27.036,1813, ,1806,2,1,3,N, ,0,N, , , , , , , , ,1,1,0,0,0,0,0,0,0,0,0,0,0,0,0,0,0,0,0,0,0,0,0,0,0,0,0,0,0,0,0,0,0,0,0,0,0,39.9572,-75.1408, , 
66419,759664,2011038014,6,67,67301,2011,3,5,1700,17,1,2,1,4,1, , ,N,1,3,0,3,0,0,17,3,Y,N,40 02:44.066,75 05:42.550,1725, ,1718, ,0, ,N, ,3, , , , , , , , , ,3,2,0,1,0,0,0,0,0,0,0,0,0,0,0,0,0,0,0,0,0,0,0,0,0,0,0,0,0,0,0,0,0,0,0,0,1,40.0456,-75.0952, , 
66420,759673,2011045500,6,67,67301,2011,4,3,2140,21,3,1,0,5,1, , ,N,0,0,0,3,0,1,4,2,N,N,39 57:29.531,75 09:52.010,2156, ,2144,2,1,4,N, ,0,N, , , , , , , , ,2,1,0,0,0,0,1,0,0,0,0,1,1,0,0,0,0,1,0,0,0,0,0,0,0,0,0,0,0,0,0,0,0,0,0,4,0,39.9582,-75.1644, , 
66421,764103,2011031354,6,67,67301,2011,2,1,234,2,3,1,0,7,2, , ,N,0,0,0,3,0,0,2,1, , ,40 05:26.273,75 02:48.373,249, ,244, ,0, , , ,0, , , , , , , , , ,1,1,0,0,0,0,0,0,0,0,0,0,0,0,0,0,1,0,0,0,0,0,0,0,0,0,0,0,0,0,0,0,0,0,0,0,0,40.0906,-75.0468, , 
66422,764120,2011064147,6,67,67301,2011,5,7,9999,99,4,8,1,5,1, , ,N,1,2,0,3,0,0,2,2,N,N,39 58:12.816,75 08:41.997,1935, ,1927, ,0, ,N, ,2, , , , , , , , , ,2,2,0,0,0,0,0,0,0,0,0,0,0,0,0,0,0,1,0,0,0,0,0,2,0,0,0,0,0,0,0,0,0,0,0,0,0,39.9702,-75.1451, , 
66423,764129,2011068385,6,67,67301,2011,6,5,2220,22,3,1,0,1,1, , ,N,1,3,0,3,0,1,2,2,N,Y,39 57:51.109,75 12:54.633,2247, ,2238, ,0, ,N, ,3, , , , , , , , , ,2,2,0,0,0,0,0,0,0,0,0,1,1,0,1,0,0,0,0,0,0,0,0,0,0,0,0,0,0,0,0,0,0,0,0,4,0,39.9642,-75.2152, , 
66424,764136,2011075606,6,67,67301,2011,5,2,1227,12,1,1,0,8,2, , ,N,1,2,0,3,0,1,2,2,N,N,39 56:38.984,75 08:31.076,1250, ,1240, ,0, , , ,3, , , , , , , , , ,1,0,0,0,0,0,0,1,0,0,0,1,1,0,0,0,0,0,0,0,0,0,0,1,0,0,0,0,0,0,0,0,1,0,0,4,0,39.9442,-75.142, , 
66425,764137,2011075812,6,67,67301,2011,7,7,1140,11,1,1,0,8,1, , ,N,1,2,0,3,0,1,2,2,N,N,40 06:08.954,75 01:43.447,1201, ,1155, ,0, ,N, ,3, , , , , , , , , ,1,1,0,0,0,0,0,0,0,0,0,0,1,1,0,0,0,0,0,0,0,0,0,0,0,0,0,0,0,0,0,0,1,0,0,8,0,40.1025,-75.0287, , 
66426,764153,2011095519,6,67,67301,2011,8,2,1010,10,1,1,0,8,1, , ,N,1,2,0,3,0,1,2,2,N,N,40 03:04.296,75 03:58.096,1015, ,1010, ,0, ,N, ,3, , , , , , , , , ,1,1,0,0,0,0,0,0,0,0,0,1,1,0,0,0,0,0,0,0,0,0,0,0,0,0,0,0,0,0,0,0,1,0,0,4,0,40.0512,-75.0661, , 
66427,764206,2011040260,6,67,67301,2011,3,7,1710,17,1,1,0,4,1,1,4,Y,1,2,0,3,0,2,8,3,N,N,39 57:40.918,75 10:30.472,1715,99,1712, ,0, ,N, ,3, ,N,U,U,N,U,U,U,Y,3,2,0,0,1,0,0,0,0,0,0,1,2,1,0,0,0,0,0,0,0,0,0,0,0,0,0,0,0,0,0,0,0,0,0,4,0,39.9613,-75.175, , 
66428,764216,2011046950,6,67,67301,2011,4,6,1039,10,1,2,1,2,1, , ,N,1,2,0,3,0,1,3,2,N,Y,39 57:50.876,75 13:17.132,1042, ,1040, ,0, ,N, ,3, , , , , , , , , ,2,2,0,0,0,0,0,0,0,0,0,1,1,0,0,0,0,0,0,0,0,1,0,0,0,0,0,0,0,0,0,0,0,0,0,4,0,39.9641,-75.2214, , 
66429,764219,2011000064,6,67,67301,2011,1,7,1211,12,1,1,0,1,1, , ,N,2,2,0,3,0,1,3,2,N,N,40 04:37.001,75 09:48.225,1214, ,1211,1,1,4,N, ,3,N, , , , , , , , ,2,1,0,1,0,0,0,0,0,0,0,1,1,0,0,0,0,0,0,0,1,0,0,0,0,0,0,0,0,0,0,0,0,0,0,4,1,40.0769,-75.1634, , 
66430,764238,2011028913,6,67,67301,2011,1,7,200,2,3,1,0,4,1, , ,N,1,2,0,3,0,4,5,2, , ,39 58:32.680,75 10:06.728,239, ,9999,3,2,7, , ,3,Y, , , , , , , , ,2,1,0,0,0,0,1,0,0,0,0,0,4,4,0,0,0,0,1,0,0,0,0,0,0,0,0,0,0,0,0,0,0,0,0,8,0,39.9757,-75.1685, , 
66431,764259,2011053010,6,67,67301,2011,5,5,1625,16,1,2,1,7,2, , ,N,0,0,0,3,0,0,1,1,N,N,39 53:59.436,75 09:43.071,1645, ,1625, ,0, ,N, ,0, , , , , , , , , ,1,1,0,0,0,0,0,0,0,0,0,0,0,0,0,0,0,0,0,1,0,0,0,0,0,0,0,0,0,0,0,0,0,0,0,0,0,39.8998,-75.1619, , 
66432,764265,2011056813,6,67,67301,2011,5,7,1020,10,1,1,0,6,1, , ,N,0,0,0,3,0,1,10,2,N,N,39 55:44.772,75 14:28.003,1020, ,1020,1,1,1,N, ,0,N, , , , , , , , ,2,1,0,0,0,0,0,0,0,0,0,1,1,0,0,0,0,0,0,0,0,0,0,0,0,0,0,0,0,0,0,0,0,0,0,4,0,39.9291,-75.2411, , 
66433,764283,2011022431,6,67,67301,2011,1,1,358,3,3,1,0,7,5, , ,N,5,2,0,3,1,2,4,1,N,N,40 01:39.299,75 06:35.952,403, ,401,3,1,1,N,0,3,Y, , , , , , , , ,1,0,0,0,0,0,1,0,0,0,0,1,2,1,0,0,0,0,1,0,0,0,0,0,0,0,0,0,0,0,0,0,0,0,0,1,0,40.0277,-75.11,2, 
66434,764284,2011022973,6,67,67301,2011,1,2,1950,19,3,1,6,7,5, , ,N,0,0,0,3,0,2,2,1, ,N,39 59:37.420,75 13:06.660,2002, ,1952, ,0, ,N, ,0, , , , , , , , , ,1,1,0,0,0,0,0,0,0,0,0,0,2,2,0,0,0,0,0,0,0,0,0,2,0,0,0,0,0,0,0,0,0,0,0,8,0,39.9937,-75.2185, , 
66435,764293,2011033499,6,67,67301,2011,3,1,1640,16,1,2,1,1,1, , ,N,1,2,0,3,0,0,5,2,N,N,40 06:44.590,74 59:27.519,1705, ,1657,1,1,2,N, ,3,N, , , , , , , , ,2,2,0,0,0,0,0,0,0,0,0,0,0,0,0,0,0,0,0,0,0,0,0,0,0,0,0,0,0,0,0,0,0,0,0,0,0,40.1124,-74.991, , 
66436,764299,2011038465,6,67,67301,2011,3,3,1400,14,1,1,0,4,1, , ,N,0,0,0,3,0,2,4,4,N,N,39 57:11.281,75 09:54.444,1420, ,1419, ,0, , , ,0, , , , , , , , , ,4,3,0,0,0,1,0,0,0,0,0,2,2,0,0,0,0,0,0,0,0,0,0,0,0,0,0,0,0,0,0,0,0,0,0,4,1,39.9531,-75.1651, , 
66437,764323,2011016931,6,67,67301,2011,1,5,1708,17,3,1,0,4,1, , ,N,1,2,0,3,0,1,2,2,N,N,40 01:12.183,75 08:55.615,1720, ,1711, ,0, ,N, ,3, , , , , , , , , ,2,1,1,0,0,0,0,0,0,0,0,1,1,0,0,0,0,0,0,0,0,0,0,1,0,0,0,0,0,0,0,0,0,0,0,4,0,40.0201,-75.1488, , 
66438,764359,2011056767,6,67,67301,2011,5,5,1240,12,1,1,0,0,1, , ,N,0,2,0,3,0,1,1,1,N,N,39 55:05.268,75 12:34.038,1305, ,1259, ,0, ,N, ,3, , , , , , , , , ,1,0,1,0,0,0,0,0,0,0,1,0,1,0,0,0,0,0,0,0,1,0,0,0,0,0,0,0,0,0,0,0,0,0,0,3,0,39.9181,-75.2095, , 
66439,770929,2011016942,6,67,67301,2011,1,6,930,9,1,4,3,6,1, , ,N,1,3,0,3,0,1,3,2,N,N,39 59:13.272,75 08:13.617,935, ,930,1,1,2,N, ,3,Y, , , , , , , , ,2,1,0,0,0,1,0,0,0,0,1,0,1,0,0,0,0,0,0,0,1,0,0,2,0,0,0,0,0,0,0,0,0,0,0,3,1,39.987,-75.1371, , 
66440,770937,2011023184,6,67,67301,2011,1,6,1057,10,1,1,1,4,1, , ,N,1,2,0,3,0,1,2,2,N,N,40 04:51.806,75 01:43.881,1059, ,1058,1,1,2,N, ,3,N, , , , , , , , ,2,1,0,0,0,0,0,1,0,0,0,1,1,0,0,0,0,0,0,0,1,0,0,0,0,0,0,0,0,0,0,0,0,0,0,4,0,40.0811,-75.0289, , 
66441,770953,2011037994,6,67,67301,2011,3,3,2240,22,3,1,0,8,1, , ,N,0,0,0,3,0,1,2,2,N,N,40 02:00.420,75 07:54.361,2241, ,2241,1,1,6,N, ,0,Y, , , , , , , , ,1,0,0,0,1,0,0,0,0,0,1,0,1,0,0,0,0,0,0,0,0,0,0,0,0,0,0,0,0,0,0,0,1,0,0,3,0,40.0335,-75.1318, , 
66442,770962,2011044577,6,67,67301,2011,4,2,45,0,3,1,1,1,1, , ,N,2,2,0,3,0,1,4,3,N,N,40 01:16.608,75 09:36.814,108, ,103, ,0, , , ,3, , , , , , , , , ,3,2,0,0,0,0,0,0,0,0,0,0,1,1,2,0,0,0,0,0,0,0,0,2,0,0,0,0,0,0,0,0,0,0,0,8,0,40.0213,-75.1602, , 
66443,770983,2011022199,6,67,67301,2011,1,1,135,1,3,1,0,7,5, , ,N,0,0,0,3,0,0,3,1,N,N,40 01:19.847,75 02:21.633,135, ,135,2,1,2,N, ,0,N, , , , , , , , ,1,1,0,0,0,0,0,0,0,0,0,0,0,0,0,0,0,0,0,0,0,0,0,1,0,0,0,0,0,0,0,0,0,0,0,0,0,40.0222,-75.0393, , 
66444,770992,2011031431,6,67,67301,2011,2,4,1400,14,1,1,0,8,2, , ,N,0,0,0,3,0,1,2,2,N,N,40 05:54.323,75 02:49.536,1940, ,1940, ,0, , , ,0, , , , , , , , , ,1,1,0,0,0,0,0,0,0,0,0,1,1,0,0,0,0,0,0,0,0,0,0,0,0,0,0,0,0,0,0,0,1,0,0,4,0,40.0984,-75.0471, , 
66445,771004,2011044629,6,67,67301,2011,4,7,9999,99,1,1,0,4,1, , ,N,1,2,0,3,0,1,3,2,N,N,39 57:41.633,75 09:06.404,9999, ,9999, ,0, , , ,3, , , , , , , , , ,2,1,0,1,0,0,0,0,0,0,0,0,1,1,0,0,0,0,0,0,0,0,0,0,0,0,0,0,0,0,0,0,0,0,0,8,1,39.9615,-75.1517, , 
66446,771016,2011056953,6,67,67301,2011,4,5,1928,19,1,1,0,5,1, , ,N,0,0,0,3,0,1,3,2, , ,39 56:30.850,75 09:06.368,1930, ,1930, ,0, , , ,0, , , , , , , , , ,1,0,0,0,1,0,0,0,1,0,1,0,1,0,0,0,0,0,0,0,1,0,0,1,0,0,0,0,0,0,0,0,0,0,0,3,0,39.9419,-75.1518, , 
66447,771032,2011023338,6,67,67301,2011,1,1,150,1,3,8,4,7,5, , ,N,1,2,0,3,0,1,1,1,N,N,40 00:44.798,75 05:15.761,201, ,158, ,0, ,N, ,2, , , , , , , , , ,1,0,0,0,1,0,0,0,0,0,0,0,1,1,0,0,0,0,0,0,0,0,0,0,0,0,0,0,0,0,0,0,0,0,0,8,0,40.0125,-75.0875, , 
66448,771040,2011033430,6,67,67301,2011,3,2,1600,16,1,1,0,4,1, , ,N,1,3,0,3,0,2,3,2,N,N,40 02:04.164,75 02:53.357,1603, ,1603, ,0, ,N, ,3, , , , , , , , , ,2,2,0,0,0,0,0,0,0,0,0,2,2,0,1,0,0,1,0,0,1,0,0,0,0,0,0,0,0,0,0,0,0,0,0,4,0,40.0345,-75.0482, , 
66449,771057,2011054081,6,67,67301,2011,4,3,1100,11,1,2,1,1,1, , ,N,1,2,0,3,0,1,3,2,N,N,39 57:36.086,75 11:33.215,1120, ,1118, ,0, ,N, ,3, , , , , , , , , ,2,1,0,0,0,0,0,1,0,0,0,0,1,1,0,0,0,0,0,0,0,0,1,0,0,0,0,0,0,0,0,0,0,0,0,8,0,39.96,-75.1926, , 
66450,771097,2011031155,6,67,67301,2011,2,5,1010,10,1,1,0,1,1, , ,N,1,2,0,3,0,0,4,3,N,N,40 00:27.502,75 07:38.377,1016, ,1014, ,0, ,N, ,3, , , , , , , , , ,3,1,0,0,1,0,0,0,0,0,0,0,0,0,0,0,0,0,0,0,1,0,0,0,0,0,0,0,0,0,0,0,0,0,0,0,0,40.0076,-75.1273, , 
66451,771098,2011031612,6,67,67301,2011,2,2,1856,18,3,1,0,8,1, , ,N,1,3,0,3,0,2,3,3,N,N,40 02:36.708,75 08:11.950,1900, ,1856, ,0, ,N, ,3, , , , , , , , , ,1,0,0,0,0,0,0,1,0,1,0,0,2,1,0,0,0,0,0,0,0,1,0,1,0,0,0,0,0,0,0,0,2,0,1,2,0,40.0435,-75.1367, , 
66452,771100,2011033524,6,67,67301,2011,3,3,1550,15,1,1,0,5,1, , ,N,0,0,0,3,0,1,2,2,N,N,39 57:43.370,75 08:28.100,1555, ,1550, ,0, ,N, ,0, , , , , , , , , ,2,1,1,0,0,0,0,0,0,0,0,0,1,1,1,0,0,0,0,0,0,0,0,0,0,0,0,0,0,0,0,0,0,0,0,8,0,39.962,-75.1411, , 
66453,771111,2011037845,6,67,67301,2011,4,3,1400,14,1,2,1,1,1, , ,N,0,0,0,3,0,5,6,2,N,N,39 57:31.820,75 10:10.194,1400, ,1400, ,0, ,N, ,0, , , , , , , , , ,2,2,0,0,0,0,0,0,0,0,0,5,5,0,0,0,0,0,0,0,0,0,0,0,0,0,0,0,0,0,0,0,0,0,0,4,0,39.9588,-75.1695, , 
66454,771140,2011031366,6,67,67301,2011,2,2,1300,13,1,9,0,8,1, , ,N,1,0,0,3,0,1,2,2,N,N,39 57:31.392,75 09:44.125,1745, ,1730, ,0, ,N, ,0, , , , , , , , , ,1,1,0,0,0,0,0,0,0,0,0,1,1,0,1,0,0,0,0,0,0,0,0,0,0,0,0,0,0,0,0,0,1,0,0,4,0,39.9587,-75.1621, , 
66455,771155,2011053608,6,67,67301,2011,4,3,1330,13,1,2,1,5,1, , ,N,0,0,0,3,0,1,2,2,N,N,39 58:43.230,75 09:28.092,1345, ,1337, ,0, , , ,0, , , , , , , , , ,2,2,0,0,0,0,0,0,0,0,0,1,1,0,0,0,0,0,0,0,0,0,0,0,0,0,0,0,0,0,0,0,0,0,0,4,0,39.9787,-75.1578, , 
66456,771158,2011056858,6,67,67301,2011,5,2,1525,15,1,1,0,8,1, , ,N,0,0,0,3,0,1,2,2,N, ,39 59:52.768,75 06:45.053,1630, ,1626, ,0, , , ,0, , , , , , , , , ,1,0,0,0,0,0,1,0,0,0,0,1,1,0,0,0,0,0,0,0,0,0,0,0,0,0,0,0,0,0,0,0,1,0,0,4,0,39.998,-75.1125, , 
66457,755519,2011017709,6,67,67301,2011,1,7,2250,22,3,1,0,0,1, , ,N,0,0,0,3,0,0,1,1,N,N,39 58:15.690,75 11:35.120,2309, ,2304,2,1,4,N, ,0,N, , , , , , , , ,1,1,0,0,0,0,0,0,0,0,0,0,0,0,0,0,0,0,0,0,0,0,0,0,0,0,0,0,0,0,0,0,0,0,0,0,0,39.971,-75.1931, , 
66458,755537,2011029009,6,67,67301,2011,2,3,1700,17,3,1,0,1,1, , ,N,1,2,0,3,0,3,4,2, , ,40 00:35.488,75 09:21.409,9999, ,9999, ,0, , , ,3, , , , , , , , , ,2,1,0,0,0,0,1,0,0,0,0,0,3,3,0,0,0,0,0,0,1,0,0,0,0,0,0,0,0,0,0,0,0,0,0,8,0,40.0099,-75.156, , 
66459,755538,2011031577,6,67,67301,2011,3,2,1556,15,1,1,0,1,1, , ,N,0,0,0,3,0,0,3,3,N,N,40 00:26.180,75 04:25.305,1606, ,1600, ,0, ,N, ,0, , , , , , , , , ,3,2,0,0,0,0,1,0,0,0,0,0,0,0,0,0,0,0,0,0,1,0,0,0,0,0,0,0,0,0,0,0,0,0,0,0,0,40.0073,-75.0736, , 
66460,755577,2011022976,6,67,67301,2011,1,5,1410,14,1,1,0,4,1, , ,N,1,2,0,3,0,1,2,2,N,N,39 57:48.087,75 11:15.011,1414, ,1410, ,0, ,N, ,3, , , , , , , , , ,2,2,0,0,0,0,0,0,0,0,0,0,1,1,0,0,0,0,0,0,0,0,0,0,0,0,0,0,0,0,0,0,0,0,0,8,0,39.9634,-75.1875, , 
66461,755583,2011029100,6,67,67301,2011,2,5,240,2,3,1,0,4,1, , ,N,3,2,0,3,0,0,2,2, , ,40 01:18.372,75 02:16.708,255, ,252,2,1,2, , ,3,N, , , , , , , , ,2,1,0,0,1,0,0,0,0,0,0,0,0,0,0,0,0,0,0,0,0,0,0,0,0,0,0,0,0,0,0,0,0,0,0,0,0,40.0217,-75.0381, , 
66462,755584,2011029145,6,67,67301,2011,1,1,1822,18,3,1,0,8,1, , ,N,1,2,0,3,0,1,2,2,N,N,40 02:12.142,75 02:27.052,1827, ,1825, ,0, , , ,3, , , , , , , , , ,1,1,0,0,0,0,0,0,0,0,0,0,1,1,0,0,0,0,0,0,0,0,0,0,0,0,0,0,0,0,0,0,1,0,0,8,0,40.0368,-75.0407, , 
66463,755589,2011037914,6,67,67301,2011,3,5,454,4,6,1,0,8,1, , ,N,1,2,0,3,0,1,2,2,N,N,39 56:18.452,75 10:17.734,9999, ,9999, ,0, ,N, ,3, , , , , , , , , ,1,1,0,0,0,0,0,0,0,0,0,1,1,0,0,0,0,0,0,0,0,0,0,1,0,0,0,0,0,0,0,0,1,0,0,4,0,39.9385,-75.1716, , 
66464,755624,2011029643,6,67,67301,2011,2,5,1410,14,1,1,0,4,1, , ,N,1,2,0,3,0,0,2,2,Y,N,40 02:39.900,75 08:36.425,1440, ,1410, ,0, ,N, ,3, , , , , , , , , ,2,1,0,1,0,0,0,0,0,0,0,0,0,0,2,0,0,0,0,0,0,0,0,0,0,0,0,0,0,0,0,0,0,0,0,9,0,40.0444,-75.1435, , 
66465,755626,2011030359,6,67,67301,2011,2,5,1600,16,1,1,0,1,1, , ,N,2,0,0,3,0,1,8,3,N,N,40 02:16.429,75 03:39.318,1645, ,1637,2,1,1,N, ,0,N, , , , , , , , ,3,1,0,1,1,0,0,0,0,0,0,1,1,0,0,0,0,0,0,0,1,0,0,0,0,0,0,0,0,0,0,0,0,0,0,4,1,40.0379,-75.0609, , 
66466,755670,2011033474,6,67,67301,2011,3,3,1920,19,3,1,0,2,1, , ,N,0,0,0,3,0,2,3,2,N,N,40 01:07.737,75 05:47.829,1938, ,1933, ,0, ,N, ,0, , , , , , , , , ,2,1,0,0,0,0,0,1,0,0,0,0,2,2,1,0,0,0,0,0,1,0,0,0,0,0,0,0,0,0,0,0,0,0,0,8,0,40.019,-75.0964, , 
66467,755721,2011034857,6,67,67301,2011,3,3,719,7,1,1,0,7,2, , ,N,0,0,0,3,0,0,1,1,N,N,40 00:27.318,75 12:04.809,725, ,721, ,0, ,Y, ,0, , , , , , , , , ,1,0,0,0,0,0,1,0,0,0,0,0,0,0,0,0,0,0,0,0,0,0,0,0,0,0,0,0,0,0,0,0,0,0,0,0,0,40.0076,-75.2013, , 
66468,755772,2011031376,6,67,67301,2011,2,3,320,3,3,4,4,7,4, , ,N,2,2,0,3,0,2,2,1,N,N,40 01:36.580,75 05:52.985,330, ,326, ,0, ,N, ,3, , , , , , , , , ,1,1,0,0,0,0,0,0,0,0,0,2,2,0,0,0,0,0,0,0,0,0,0,0,0,0,0,0,0,0,0,0,0,0,0,4,0,40.0268,-75.0981, , 
66469,755815,2011032110,6,67,67301,2011,2,3,446,4,3,4,3,4,1, , ,N,0,0,0,3,0,1,3,2,N,N,40 01:29.224,75 01:48.060,506, ,448,1,1,2,N, ,0,N, , , , , , , , ,2,2,0,0,0,0,0,0,0,0,0,1,1,0,0,0,0,0,0,0,0,0,0,0,0,0,0,0,0,0,0,0,0,0,0,4,0,40.0249,-75.0299, , 
66470,755831,2011046949,6,67,67301,2011,3,4,1235,12,1,1,0,4,1, , ,N,1,2,0,3,0,0,2,2,N,N,39 57:48.087,75 11:15.011,1250, ,1245,2,1,4,N, ,3,N, , , , , , , , ,2,2,0,0,0,0,0,0,0,0,0,0,0,0,1,0,0,0,0,0,0,1,0,0,0,0,0,0,0,0,0,0,0,0,0,9,0,39.9634,-75.1875, , 
66471,755872,2011033435,6,67,67301,2011,3,4,1737,17,4,1,0,4,1, , ,N,1,2,0,3,0,3,4,2,N,N,39 59:34.792,75 08:04.235,1747, ,1745,9,1,2,Y, ,3,N, , , , , , , , ,2,2,0,0,0,0,0,0,0,0,0,3,3,0,0,0,0,0,0,0,0,0,0,0,0,0,0,0,0,0,0,0,0,0,0,4,0,39.993,-75.1345, , 
66472,755910,2011029951,6,67,67301,2011,3,5,1758,17,3,2,1,1,1, , ,N,0,0,0,3,0,0,4,3,N,N,39 57:36.312,75 10:46.410,1827, ,1802, ,0, ,N, ,0, , , , , , , , , ,3,2,0,0,0,0,1,0,0,0,0,0,0,0,0,0,1,0,0,0,1,0,0,0,0,0,0,0,0,0,0,0,0,0,0,0,0,39.9601,-75.1796, , 
66473,755913,2011033462,6,67,67301,2011,3,5,2030,20,3,1,0,4,1, , ,N,1,3,0,3,0,2,3,2, , ,40 03:47.592,75 11:01.827,2125, ,2125, ,0, ,N, ,3, , , , , , , , , ,2,2,0,0,0,0,0,0,0,0,0,0,2,2,0,0,0,0,0,0,0,1,0,0,0,0,0,0,0,0,0,0,0,0,0,8,0,40.0632,-75.1838, , 
66474,755914,2011033543,6,67,67301,2011,3,6,2027,20,3,1,0,1,1, , ,N,0,0,0,3,0,0,5,3,N,N,40 02:17.865,75 03:37.777,2029, ,2028, ,0, ,N, ,0, , , , , , , , , ,3,3,0,0,0,0,0,0,0,0,0,0,0,0,0,0,0,0,1,0,0,0,0,0,0,0,0,0,0,0,0,0,0,0,0,0,0,40.0383,-75.0605, , 
66475,755924,2011048659,6,67,67301,2011,2,7,9999,99,1,1,0,4,1, , ,N,1,2,0,3,0,1,5,2,N,N,39 59:27.011,75 07:51.262,1323, ,1318, ,0, ,N, ,3, , , , , , , , , ,2,2,0,0,0,0,0,0,0,0,0,1,1,0,0,0,0,0,0,1,0,0,0,0,0,0,0,0,0,0,0,0,0,0,0,4,0,39.9908,-75.1309, , 