objectid_1,objectid,crn,district,county,municipality,crash_year,crash_month,day_of_week,time_of_day,hour_of_day,illumination,weather,road_condition,collision_type,relation_to_road,work_zone_type,work_zone_loc,work_zone_ind,intersect_type,tcd_type,location_type,urban_rural,fatal_count,injury_count,person_count,total_units,sch_bus_ind,sch_zone_ind,latitude,longitude,arrival_tm,cons_zone_spd_lim,dispatch_tm,est_hrs_closed,lane_closed,ln_close_dir,ntfy_hiwy_maint,spec_juris_cd,tcd_func_cd,tfc_detour_ind,workers_pres,wz_close_detour,wz_flagger,wz_law_offcr_ind,wz_ln_closure,wz_moving,wz_other,wz_shlder_mdn,vehicle_count,automobile_count,motorcycle_count,bus_count,small_truck_count,heavy_truck_count,suv_count,van_count,bicycle_count,maj_inj_count,mod_inj_count,min_inj_count,tot_inj_count,unk_inj_deg_count,unk_inj_per_count,driver_count_16yr,driver_count_17yr,driver_count_18yr,driver_count_19yr,driver_count_20yr,driver_count_50_64yr,driver_count_65_74yr,driver_count_75plus,unbelted_occ_count,unb_death_count,unb_maj_inj_count,belted_death_count,belted_maj_inj_count,mcycle_death_count,mcycle_maj_inj_count,bicycle_death_count,bicycle_maj_inj_count,ped_count,ped_death_count,ped_maj_inj_count,max_severity_level,comm_veh_count,dec_lat,dec_long,rdwy_surf_type_cd,county_name
66476,759677,2011054377,6,67,67301,2011,4,2,1800,18,1,1,0,8,1, , ,N,0,0,0,3,0,1,3,2,N,N,40 03:11.425,75 10:42.148,2145, ,2134, ,0, ,N, ,0, , , , , , , , , ,1,0,0,0,0,0,1,0,0,0,0,1,1,0,0,0,0,0,0,0,0,0,0,0,0,0,0,0,0,0,0,0,1,0,0,4,0,40.0532,-75.1784, , 
66477,759710,2011037992,6,67,67301,2011,3,3,827,8,1,1,0,4,1, , ,N,1,0,0,3,0,1,4,2,N,N,39 58:01.905,75 14:41.117,829, ,827,1,1,7,N, ,0,N, , , , , , , , ,2,1,0,0,1,0,0,0,0,0,0,0,1,1,0,0,0,0,0,0,0,0,0,0,0,0,0,0,0,0,0,0,0,0,0,8,0,39.9672,-75.2448, , 
66478,759756,2011044841,6,67,67301,2011,4,7,1307,13,1,1,0,8,1, , ,N,0,0,0,3,0,1,4,2,N,N,39 59:14.932,75 08:26.466,1442, ,1437, ,0, ,N, ,0, , , , , , , , , ,1,1,0,0,0,0,0,0,0,0,0,0,1,1,0,0,0,0,0,0,1,0,0,0,0,0,0,0,0,0,0,0,1,0,0,8,0,39.9875,-75.1407, , 
66479,759769,2011053615,6,67,67301,2011,4,6,1400,14,1,1,0,8,1, , ,N,2,0,0,3,0,1,2,2,N,N,39 54:53.951,75 09:24.084,1409, ,1405, ,0, ,N, ,0, , , , , , , , , ,1,1,0,0,0,0,0,0,0,0,0,0,1,1,0,0,0,0,0,0,1,0,0,0,0,0,0,0,0,0,0,0,1,0,0,8,0,39.9149,-75.1566, , 
66480,759775,2011064162,6,67,67301,2011,5,4,1429,14,1,1,0,5,1, , ,N,0,0,0,3,0,1,2,3,N,N,39 55:06.078,75 13:53.108,1432, ,1429,1,1,2,N, ,0,N, , , , , , , , ,3,1,1,0,0,0,1,0,0,0,0,1,1,0,0,0,0,0,0,1,0,0,0,1,0,0,0,0,0,0,0,0,0,0,0,4,0,39.9184,-75.2314, , 
66481,759794,2011018918,6,67,67301,2011,2,1,1240,12,1,1,0,1,1, , ,N,0,0,0,3,0,0,4,2,N,N,39 58:49.846,75 12:21.103,1249, ,1244, ,0, ,N, ,0, , , , , , , , , ,2,1,0,0,0,0,1,0,0,0,0,0,0,0,0,0,0,0,0,0,1,0,0,0,0,0,0,0,0,0,0,0,0,0,0,0,0,39.9805,-75.2059, , 
66482,759808,2011033509,6,67,67301,2011,3,3,1550,15,1,1,0,3,1, , ,N,0,0,0,3,0,2,3,3,N,N,39 58:18.611,75 08:54.338,1610, ,1557, ,0, ,N, ,0, , , , , , , , , ,3,2,0,0,0,0,0,1,0,0,1,0,2,1,0,0,0,0,0,0,1,0,1,0,0,0,0,0,0,0,0,0,0,0,0,3,0,39.9718,-75.1484, , 
66483,759853,2011029323,6,67,67301,2011,3,4,840,8,1,1,0,4,1, , ,N,1,2,0,3,0,1,2,2,N,N,39 59:32.053,75 14:44.477,842, ,840, ,0, ,N, ,3, , , , , , , , , ,2,1,0,0,0,0,0,1,0,0,1,0,1,0,0,0,0,0,0,0,1,0,0,0,0,0,0,0,0,0,0,0,0,0,0,3,0,39.9922,-75.2457, , 
66484,759891,2011023309,6,67,67301,2011,1,1,415,4,3,1,0,7,5, , ,N,0,0,0,3,0,1,1,1,N,N,40 06:18.922,74 59:36.497,425, ,420, ,0, ,N, ,0, , , , , , , , , ,1,1,0,0,0,0,0,0,0,0,0,1,1,0,0,0,0,0,0,0,0,0,0,0,0,0,0,0,0,0,0,0,0,0,0,4,0,40.1053,-74.9935, , 
66485,759894,2011029026,6,67,67301,2011,2,5,2338,23,3,1,0,5,1, , ,N,0,0,0,3,0,0,2,4,N,N,39 56:03.847,75 10:14.988,2338, ,2338, ,0, ,N, ,0, , , , , , , , , ,4,3,0,0,0,0,1,0,0,0,0,0,0,0,0,0,0,0,0,0,1,0,0,0,0,0,0,0,0,0,0,0,0,0,0,0,0,39.9344,-75.1708, , 
66486,759936,2011029141,6,67,67301,2011,2,5,2300,23,3,1,0,4,1, , ,N,1,2,0,3,0,2,4,3,N,N,40 01:20.289,75 09:43.290,2305, ,2300, ,0, ,N, ,3, , , , , , , , , ,3,2,0,0,1,0,0,0,0,0,0,0,2,2,0,0,0,0,0,1,0,0,0,0,0,0,0,0,0,0,0,0,0,0,0,8,0,40.0223,-75.162, , 
66487,759940,2011033553,6,67,67301,2011,3,4,1505,15,1,1,0,8,1, , ,N,0,0,0,3,0,1,2,2,N,N,40 00:32.803,75 05:43.598,1525, ,1516, ,0, ,N, ,0, , , , , , , , , ,1,1,0,0,0,0,0,0,0,0,0,0,1,1,0,0,0,0,0,0,0,0,0,0,0,0,0,0,0,0,0,0,1,0,0,8,0,40.0091,-75.0954, , 
66488,759965,2011064054,6,67,67301,2011,5,6,1840,18,1,2,1,4,1, , ,N,1,0,0,3,0,1,2,2,N,N,39 56:58.911,75 13:37.250,1844, ,1842,9,1,1,N, ,0,N, , , , , , , , ,2,1,0,0,1,0,0,0,0,0,0,1,1,0,0,0,0,0,0,0,0,0,0,0,0,0,0,0,0,0,0,0,0,0,0,4,0,39.9497,-75.227, , 
66489,759968,2011068394,6,67,67301,2011,6,5,950,9,1,1,0,1,1, , ,N,0,2,0,3,0,1,2,3,N,N,39 56:08.504,75 10:02.158,1008, ,1002, ,0, ,N, ,3, , , , , , , , , ,3,2,0,0,0,0,1,0,0,0,0,0,1,1,0,0,0,0,0,0,1,0,0,0,0,0,0,0,0,0,0,0,0,0,0,8,0,39.9357,-75.1673, , 
66490,760002,2011045503,6,67,67301,2011,4,2,638,6,1,1,0,5,1,1,4,Y,0,8,0,3,0,0,2,2,N,N,39 54:07.263,75 09:05.668,652,55,642,1,2,2,Y, ,3,N,Y,N,N,N,N,N,Y,N,2,1,0,0,0,1,0,0,0,0,0,0,0,0,0,0,0,0,0,0,1,0,0,0,0,0,0,0,0,0,0,0,0,0,0,0,1,39.9021,-75.1515, , 
66491,760010,2011054298,6,67,67301,2011,4,7,1246,12,1,2,1,4,1, , ,N,2,3,0,3,0,2,4,2,N,N,40 01:08.508,75 03:29.199,1307, ,1304, ,0, , , ,3, , , , , , , , , ,2,2,0,0,0,0,0,0,0,0,0,0,2,2,0,0,0,0,0,0,0,0,0,0,0,0,0,0,0,0,0,0,0,0,0,8,0,40.019,-75.0581, , 
66492,760033,2011031417,6,67,67301,2011,2,3,1700,17,1,1,0,8,1, , ,N,3,0,0,3,0,1,2,2,N,N,39 55:20.442,75 11:13.842,1705, ,1700, ,0, ,N, ,0, , , , , , , , , ,1,1,0,0,0,0,0,0,0,1,0,0,1,0,0,0,0,0,0,0,0,0,0,0,0,0,0,0,0,0,0,0,1,0,1,2,0,39.9223,-75.1871, , 
66493,760045,2011046954,6,67,67301,2011,4,6,1620,16,1,2,1,7,5, , ,N,0,0,7,3,0,3,3,4,N,N,39 57:24.134,75 12:34.876,1650, ,1638, ,0, ,N, ,0, , , , , , , , , ,4,2,0,0,0,0,2,0,0,0,0,0,3,3,0,0,0,0,0,1,0,0,0,0,0,0,0,0,0,0,0,0,0,0,0,8,0,39.9567,-75.2097, , 
66494,767407,2011022994,6,67,67301,2011,1,4,735,7,1,4,3,1,1, , ,N,1,2,0,3,0,2,4,2,N,N,40 00:19.857,75 06:19.237,739, ,737, ,0, , , ,3, , , , , , , , , ,2,2,0,0,0,0,0,0,0,0,0,2,2,0,0,0,1,0,0,0,0,0,0,1,0,0,0,0,0,0,0,0,0,0,0,4,0,40.0055,-75.1053, , 
66495,767408,2011024632,6,67,67301,2011,1,2,1349,13,1,1,0,6,1, , ,N,1,3,0,3,0,0,2,2,N,N,39 57:41.013,75 11:56.498,1511, ,1509, ,0, ,N, ,3, , , , , , , , , ,2,2,0,0,0,0,0,0,0,0,0,0,0,0,0,0,0,0,0,1,0,0,0,0,0,0,0,0,0,0,0,0,0,0,0,0,0,39.9614,-75.199, , 
66496,767417,2011031608,6,67,67301,2011,2,3,1005,10,1,4,1,6,6, , ,N,0,0,0,3,0,1,2,3,N, ,39 55:31.724,75 13:26.792,1019, ,1010, ,0, ,N, ,0, , , , , , , , , ,2,1,0,0,0,0,0,1,0,0,0,1,1,0,0,0,0,0,0,0,0,0,0,0,0,0,0,0,0,0,0,0,1,0,0,4,0,39.9255,-75.2241, , 
66497,767443,2011053005,6,67,67301,2011,5,4,1617,16,1,1,0,1,1, , ,N,0,0,0,3,0,1,2,2,N,N,39 59:02.741,75 05:48.008,1627, ,1621,1,1,2,N, ,0,N, , , , , , , , ,2,2,0,0,0,0,0,0,0,0,0,1,1,0,0,0,0,1,0,0,0,0,0,0,0,0,0,0,0,0,0,0,0,0,0,4,0,39.9841,-75.0966, , 
66498,767462,2011025626,6,67,67301,2011,2,1,310,3,3,1,0,7,2, , ,N,6,0,2,3,0,0,2,1,N,N,39 57:41.763,75 10:57.486,315, ,311, ,0, ,N, ,0, , , , , , , , , ,1,1,0,0,0,0,0,0,0,0,0,0,0,0,0,0,0,0,0,0,0,0,0,0,0,0,0,0,0,0,0,0,0,0,0,0,0,39.9614,-75.1825, , 
66499,767464,2011029412,6,67,67301,2011,2,1,1924,19,3,1,0,1,1, , ,N,1,0,0,3,0,1,1,3,N,N,40 00:04.528,75 07:33.484,1932, ,1930, ,0, ,N, ,0, , , , , , , , , ,3,1,0,0,0,0,1,1,0,0,0,1,1,0,0,0,0,0,0,0,0,0,1,0,0,0,0,0,0,0,0,0,0,0,0,4,0,40.0013,-75.126, , 
66500,767491,2011054190,6,67,67301,2011,4,7,120,1,3,1,0,7,3, , ,N,0,0,3,3,0,0,1,1,N,N,40 00:44.901,75 12:18.047,130, ,0, ,0, ,N, ,0, , , , , , , , , ,1,1,0,0,0,0,0,0,0,0,0,0,0,0,0,0,0,0,0,0,0,0,0,0,0,0,0,0,0,0,0,0,0,0,0,0,0,40.0126,-75.205, , 
66501,767516,2011038774,6,67,67301,2011,3,3,2152,21,3,1,0,8,1, , ,N,0,0,0,3,0,1,2,2,N,N,39 55:08.601,75 09:40.204,2220, ,2206, ,0, ,N, ,0, , , , , , , , , ,1,1,0,0,0,0,0,0,0,0,0,1,1,0,0,0,0,0,0,0,1,0,0,0,0,0,0,0,0,0,0,0,1,0,0,4,0,39.9191,-75.1612, , 
66502,767583,2011054020,6,67,67301,2011,4,2,1330,13,1,1,0,4,1, , ,N,1,2,0,3,0,1,2,2,N,N,39 57:46.553,75 11:28.839,1337, ,1333, ,0, ,N, ,3, , , , , , , , , ,2,2,0,0,0,0,0,0,0,0,0,1,1,0,0,0,0,0,0,0,0,0,0,0,0,0,0,0,0,0,0,0,0,0,0,4,0,39.9629,-75.1913, , 
66503,767584,2011055746,6,67,67301,2011,4,3,2040,20,3,1,0,1,1, , ,N,1,2,0,3,0,1,3,3,N,N,39 56:40.735,75 09:55.217,2130, ,2125,2,1,2,N, ,3,N, , , , , , , , ,3,3,0,0,0,0,0,0,0,0,0,1,1,0,0,0,0,0,0,0,1,0,0,0,0,0,0,0,0,0,0,0,0,0,0,4,0,39.9447,-75.1652, , 
66504,767613,2011033563,6,67,67301,2011,2,1,2300,23,3,1,0,4,1, , ,N,1,3,0,3,0,1,2,2,N,N,39 59:28.592,75 08:03.517,120, ,110, ,0, , , ,3, , , , , , , , , ,2,0,1,0,0,0,0,0,0,0,0,1,1,0,1,0,0,0,0,0,1,0,0,0,0,0,0,0,0,0,0,0,0,0,0,4,0,39.9913,-75.1343, , 
66505,767632,2011054237,6,67,67301,2011,4,5,1250,12,1,1,0,1,1, , ,N,1,2,0,3,0,1,3,2,N,N,39 57:21.690,75 10:34.388,1255, ,1250, ,0, ,N, ,3, , , , , , , , , ,2,1,0,0,1,0,0,0,0,0,1,0,1,0,0,0,0,0,0,0,2,0,0,0,0,0,0,0,0,0,0,0,0,0,0,3,0,39.956,-75.1762, , 
66506,767659,2011029063,6,67,67301,2011,1,7,1420,14,1,4,3,4,1, , ,N,2,3,0,3,0,1,2,2,N,N,40 03:22.917,75 02:34.580,1440, ,1430, ,0, ,N, ,3, , , , , , , , , ,2,2,0,0,0,0,0,0,0,0,0,1,1,0,1,0,0,0,0,0,0,0,0,0,0,0,0,0,0,0,0,0,0,0,0,4,0,40.0564,-75.0429, , 
66507,767673,2011037928,6,67,67301,2011,3,7,1637,16,1,1,0,1,1, , ,N,1,2,0,3,0,0,5,4, , ,39 56:04.178,75 13:18.249,1656, ,1654, ,0, , , ,3, , , , , , , , , ,4,3,0,0,0,0,0,0,0,0,0,0,0,0,0,0,0,0,0,0,0,0,0,0,0,0,0,0,0,0,0,0,0,0,0,0,0,39.9345,-75.2217, , 
66508,767678,2011044612,6,67,67301,2011,3,5,1150,11,1,1,7,4,1, , ,N,1,2,0,3,0,1,5,2,N,N,40 01:40.026,75 05:06.849,1158, ,1155,2,1,2,N, ,3,N, , , , , , , , ,2,1,0,0,0,0,0,1,0,0,0,1,1,0,0,0,0,0,0,0,1,0,0,2,0,0,0,0,0,0,0,0,0,0,0,4,0,40.0278,-75.0852, , 
66509,767681,2011046971,6,67,67301,2011,4,5,810,8,1,1,0,4,1, , ,N,1,0,0,3,0,0,2,2,N,N,39 57:32.821,75 12:09.961,817, ,810, ,0, ,N, ,0, , , , , , , , , ,2,2,0,0,0,0,0,0,0,0,0,0,0,0,0,0,0,0,1,0,0,0,0,0,0,0,0,0,0,0,0,0,0,0,0,0,0,39.9591,-75.2028, , 
66510,767683,2011047063,6,67,67301,2011,4,6,1844,18,1,1,0,1,1, , ,N,0,0,0,3,0,1,2,2,N,N,40 01:39.398,75 06:35.644,1850, ,1846, ,0, ,N, ,0, , , , , , , , , ,2,1,0,0,0,1,0,0,0,0,0,1,1,0,0,0,0,0,0,0,0,0,0,0,0,0,0,0,0,0,0,0,0,0,0,4,0,40.0276,-75.11, , 
66511,767688,2011005654,6,67,67301,2011,1,4,843,8,1,1,0,5,1, , ,N,0,0,0,3,0,1,3,2,N,N,40 02:59.941,74 59:36.779,854, ,846, ,0, ,N, ,0, , , , , , , , , ,2,2,0,0,0,0,0,0,0,0,0,1,1,0,0,0,0,0,0,0,0,0,0,0,0,0,0,0,0,0,0,0,0,0,0,4,0,40.05,-74.9935, , 
66512,764363,2011054515,6,67,67301,2011,5,2,1515,15,1,1,0,9,1, , ,N,0,0,0,3,0,1,3,2,N,N,39 59:55.832,75 04:51.344,1519, ,1515, ,0, ,N, ,0, , , , , , , , , ,2,1,0,0,1,0,0,0,0,0,0,1,1,0,1,0,0,0,0,0,0,0,0,0,0,0,0,0,0,0,0,0,0,0,0,4,0,39.9989,-75.0809, , 
66513,764380,2011040421,6,67,67301,2011,3,1,1105,11,1,1,0,4,6, , ,N,0,0,0,3,0,1,1,3,N,N,40 02:35.156,75 02:50.776,1110, ,1110,1,2,1, , ,0,N, , , , , , , , ,3,0,0,0,0,0,3,0,0,0,0,1,1,0,0,0,0,0,0,0,0,0,0,0,0,0,0,0,0,0,0,0,0,0,0,4,0,40.0431,-75.0474, , 
66514,764396,2011053483,6,67,67301,2011,4,1,100,1,3,2,1,1,1, , ,N,1,2,0,3,0,1,3,2,Y, ,40 00:41.644,75 06:28.900,113, ,111, ,0, ,N, ,3, , , , , , , , , ,2,0,0,1,0,0,0,1,0,0,0,1,1,0,0,0,0,0,0,0,0,0,0,0,0,0,0,0,0,0,0,0,0,0,0,4,1,40.0116,-75.108, , 
66515,764400,2011056794,6,67,67301,2011,5,4,1331,13,1,2,1,7,4, , ,N,0,0,0,3,0,0,1,1,N,N,40 02:11.692,75 11:24.975,1355, ,1331,1,1,2,N, ,0,N, , , , , , , , ,1,1,0,0,0,0,0,0,0,0,0,0,0,0,0,0,0,0,0,0,0,0,0,0,0,0,0,0,0,0,0,0,0,0,0,0,0,40.0366,-75.1903, , 
66516,764431,2011023047,6,67,67301,2011,1,7,2339,23,3,1,6,5,6, , ,N,0,0,0,3,0,1,1,6,N,N,39 58:52.626,75 10:32.268,2339, ,2339,3,2,1,N, ,0,Y, , , , , , , , ,6,4,0,0,1,0,1,0,0,0,0,0,1,1,0,0,0,0,0,0,1,0,0,1,0,0,0,0,0,0,0,0,0,0,0,8,0,39.9813,-75.1756, , 
66517,764529,2011031341,6,67,67301,2011,2,1,408,4,3,1,0,7,4, , ,N,0,0,0,3,0,1,1,1, , ,40 01:45.921,75 06:10.023,411, ,409, ,0, , , ,0, , , , , , , , , ,1,0,0,0,0,0,1,0,0,0,0,0,1,1,0,0,0,0,0,0,0,0,0,0,0,0,0,0,0,0,0,0,0,0,0,8,0,40.0294,-75.1028, , 
66518,764534,2011033945,6,67,67301,2011,3,6,710,7,1,1,0,1,1, , ,N,0,8,3,3,0,0,2,2,N,N,39 54:24.730,75 08:20.690,712, ,712,1,2,4,N, ,1,N, , , , , , , , ,2,1,0,0,1,0,0,0,0,0,0,0,0,0,0,0,0,0,0,0,0,0,0,0,0,0,0,0,0,0,0,0,0,0,0,0,0,39.9069,-75.1391, , 
66519,764545,2011046960,6,67,67301,2011,4,6,1940,19,4,2,1,2,1, , ,N,2,3,0,3,0,2,3,2,N,N,40 01:48.651,75 03:18.857,2050, ,2049, ,0, , , ,3, , , , , , , , , ,2,1,0,0,0,0,1,0,0,0,0,2,2,0,0,0,0,0,0,1,0,0,0,0,0,0,0,0,0,0,0,0,0,0,0,4,0,40.0302,-75.0552, , 
66520,764551,2011054176,6,67,67301,2011,4,6,9999,99,1,1,0,8,1, , ,N,1,2,0,3,0,1,2,2,N,N,39 58:31.257,75 14:43.799,957, ,955, ,0, ,N, ,3, , , , , , , , , ,1,1,0,0,0,0,0,0,0,0,0,1,1,0,0,0,0,0,0,0,0,0,0,0,0,0,0,0,0,0,0,0,1,0,0,4,0,39.9753,-75.2455, , 
66521,764559,2011071880,6,67,67301,2011,7,5,845,8,1,1,0,4,1, , ,N,1,0,6,3,0,1,2,2,N,N,39 59:12.171,75 12:28.338,908, ,853, ,0, ,N, ,0, , , , , , , , , ,2,1,0,0,0,0,1,0,0,0,0,0,1,1,0,0,0,0,0,0,0,1,0,0,0,0,0,0,0,0,0,0,0,0,0,8,0,39.9867,-75.2079, , 
66522,764563,2011075711,6,67,67301,2011,6,4,2012,20,3,1,0,4,1, , ,N,1,1,0,3,0,1,2,2, , ,39 58:09.508,75 09:21.923,2030, ,2025, ,0, , , ,3, , , , , , , , , ,1,1,0,0,0,0,0,0,1,0,0,1,1,0,0,0,0,0,0,0,0,0,0,0,0,0,0,0,0,0,0,0,0,0,0,4,0,39.9693,-75.1561, , 
66523,764571,2011082715,6,67,67301,2011,6,3,9999,99,1,1,0,8,1, , ,N,0,0,0,3,0,1,2,2,N,N,39 56:46.377,75 10:39.748,1654, ,1648, ,0, ,N, ,0, , , , , , , , , ,1,1,0,0,0,0,0,0,0,0,0,0,1,1,0,0,0,0,0,0,1,0,0,0,0,0,0,0,0,0,0,0,1,0,0,8,0,39.9462,-75.1777, , 
66524,764572,2011082922,6,67,67301,2011,8,3,1123,11,1,1,0,1,1, , ,N,0,0,0,3,0,1,6,3,N,N,40 01:18.490,75 02:20.785,1132, ,1126,1,1,1,N, ,0,N, , , , , , , , ,3,2,0,0,0,0,1,0,0,0,0,1,1,0,0,0,0,0,0,0,0,0,0,1,0,0,0,0,0,0,0,0,0,0,0,4,0,40.0217,-75.0393, , 
66525,764577,2011087987,6,67,67301,2011,8,2,837,8,1,1,0,4,1, , ,N,1,2,0,3,0,2,5,2,N,N,40 02:07.817,75 04:11.352,840, ,837,1,1,1,N, ,3,N, , , , , , , , ,2,1,0,0,0,0,1,0,0,0,0,1,2,1,0,0,0,0,0,0,2,0,0,0,0,0,0,0,0,0,0,0,0,0,0,4,0,40.0355,-75.0698, , 
66526,764590,2011106090,6,67,67301,2011,9,2,128,1,3,1,0,7,5, , ,N,1,0,0,3,0,0,2,1,N, ,40 07:06.945,75 00:25.153,128, ,128, ,0, , , ,0, , , , , , , , , ,1,1,0,0,0,0,0,0,0,0,0,0,0,0,0,0,0,0,0,0,0,0,0,0,0,0,0,0,0,0,0,0,0,0,0,0,0,40.1186,-75.007, , 
66527,764622,2011020069,6,67,67301,2011,2,2,940,9,1,1,0,1,1, , ,N,0,0,0,3,0,1,3,2,N,N,39 59:03.183,75 05:47.059,945, ,944, ,0, ,N, ,0, , , , , , , , , ,2,1,0,0,0,0,1,0,0,0,0,1,1,0,0,0,0,0,0,0,1,1,0,0,0,0,0,0,0,0,0,0,0,0,0,4,0,39.9843,-75.0963, , 
66528,764624,2011022213,6,67,67301,2011,2,3,1720,17,1,1,0,7,4, , ,N,0,0,0,3,0,1,1,1,N,N,40 00:24.197,75 11:56.257,1731, ,1727, ,0, ,N, ,0, , , , , , , , , ,1,1,0,0,0,0,0,0,0,0,0,1,1,0,0,0,0,0,0,0,0,0,0,0,0,0,0,0,0,0,0,0,0,0,0,4,0,40.0067,-75.199, , 
66529,764625,2011023217,6,67,67301,2011,1,4,1845,18,3,4,4,4,1, , ,N,5,2,0,3,0,1,3,2,N,N,39 59:42.186,75 09:47.474,1905, ,1900, ,0, ,N, ,3, , , , , , , , , ,2,2,0,0,0,0,0,0,0,0,0,1,1,0,2,0,0,0,0,0,0,0,0,0,0,0,0,0,0,0,0,0,0,0,0,4,0,39.9951,-75.1632, , 
66530,755928,2011053613,6,67,67301,2011,4,1,2004,20,3,1,0,1,6, , ,N,0,0,0,3,0,1,1,3,N,N,39 55:05.599,75 09:41.097,2032, ,2030, ,0, ,N, ,0, , , , , , , , , ,3,3,0,0,0,0,0,0,0,0,0,0,1,1,0,0,0,0,0,0,0,0,0,0,0,0,0,0,0,0,0,0,0,0,0,8,0,39.9182,-75.1614, , 
66531,755953,2011022978,6,67,67301,2011,1,3,1000,10,1,9,0,8,1, , ,N,0,0,0,3,0,1,2,2,N,N,39 57:21.687,75 09:58.015,9999, ,9999, ,0, ,N, ,0, , , , , , , , , ,1,0,0,0,1,0,0,0,0,0,0,1,1,0,1,0,0,0,0,0,0,0,0,0,0,0,0,0,0,0,0,0,1,0,0,4,0,39.956,-75.1661, , 
66532,755959,2011029146,6,67,67301,2011,2,5,1708,17,1,1,0,1,2, , ,N,0,0,0,3,0,1,1,3, , ,40 01:14.290,75 03:48.452,1733, ,1730, ,0, , , ,0, , , , , , , , , ,3,1,0,0,0,0,2,0,0,0,0,1,1,0,0,0,0,0,0,0,0,0,0,0,0,0,0,0,0,0,0,0,0,0,0,4,0,40.0206,-75.0635, , 
66533,755961,2011031353,6,67,67301,2011,2,1,639,6,1,1,0,2,1, , ,N,0,0,0,3,0,1,2,2,N,N,40 06:14.884,75 00:09.377,641, ,640,2,2,2,N, ,0,Y, , , , , , , , ,2,2,0,0,0,0,0,0,0,0,0,1,1,0,1,0,0,0,0,0,1,0,0,0,0,0,0,0,0,0,0,0,0,0,0,4,0,40.1041,-75.0026, , 
66534,755971,2011040365,6,67,67301,2011,3,6,0,0,3,1,0,5,1, , ,N,0,0,0,3,0,1,6,2,N,N,39 57:18.830,75 09:52.920,57, ,47, ,0, ,N, ,0, , , , , , , , , ,2,2,0,0,0,0,0,0,0,0,0,1,1,0,0,0,0,0,0,0,0,0,0,0,0,0,0,0,0,0,0,0,0,0,0,4,0,39.9552,-75.1647, , 
66535,755982,2011054061,6,67,67301,2011,4,3,600,6,1,1,0,4,1, , ,N,2,3,0,3,0,2,2,3,N,N,39 55:47.582,75 08:59.989,655, ,646, ,0, , , ,3, , , , , , , , , ,3,1,0,0,0,0,2,0,0,0,0,0,2,2,0,0,0,0,0,0,1,0,0,0,0,0,0,0,0,0,0,0,0,0,0,8,0,39.9299,-75.15, , 
66536,755983,2011054100,6,67,67301,2011,4,6,835,8,1,1,0,8,1, , ,N,2,2,0,3,0,1,2,2,N,N,39 57:20.134,75 09:26.942,835, ,835,1,1,1,N, ,3,Y, , , , , , , , ,1,0,0,0,0,0,1,0,0,0,0,1,1,0,0,0,0,0,0,0,0,0,0,0,0,0,0,0,0,0,0,0,1,0,0,4,0,39.9556,-75.1575, , 
66537,756008,2011023239,6,67,67301,2011,1,7,225,2,3,1,0,7,4, , ,N,0,2,0,3,0,0,2,2, , ,40 01:51.711,75 05:12.255,9999, ,230, ,0, , , ,3, , , , , , , , , ,2,1,0,0,0,0,1,0,0,0,0,0,0,0,0,0,0,0,0,0,0,0,0,0,0,0,0,0,0,0,0,0,0,0,0,0,0,40.031,-75.0867, , 
66538,756021,2011038399,6,67,67301,2011,3,7,2234,22,3,1,0,1,1, , ,N,0,0,0,3,0,0,3,3, , ,40 02:52.224,75 05:08.325,2234, ,2234, ,0, , , ,0, , , , , , , , , ,3,3,0,0,0,0,0,0,0,0,0,0,0,0,0,0,0,0,0,0,0,0,0,2,0,0,0,0,0,0,0,0,0,0,0,0,0,40.0478,-75.0856, , 
66539,756028,2011053013,6,67,67301,2011,5,6,1000,10,1,1,0,7,2, , ,N,0,0,0,3,0,0,2,2,N,N,40 00:53.907,75 03:14.727,1009, ,1003,3,1,1,N, ,0,N, , , , , , , , ,2,0,0,0,0,1,1,0,0,0,0,0,0,0,0,0,0,0,0,0,1,0,0,0,0,0,0,0,0,0,0,0,0,0,0,0,1,40.0149,-75.0542, , 
66540,756030,2011053526,6,67,67301,2011,4,5,1015,10,1,1,0,4,1, , ,N,0,0,0,3,0,2,2,2,N,N,39 56:51.433,75 14:58.270,1020, ,1015,9,2,3,N, ,0,Y, , , , , , , , ,2,1,0,0,0,0,1,0,0,0,2,0,2,0,0,0,0,0,1,0,1,0,0,1,0,0,0,0,0,0,0,0,0,0,0,3,0,39.9476,-75.2495, , 
66541,756041,2011015849,6,67,67301,2011,1,4,1835,18,3,8,5,7,5, , ,N,0,0,0,3,0,0,1,1,N,N,40 05:26.248,75 02:48.079,1850, ,1840, ,0, ,N, ,0, , , , , , , , , ,1,1,0,0,0,0,0,0,0,0,0,0,0,0,0,0,0,0,0,0,0,0,0,0,0,0,0,0,0,0,0,0,0,0,0,0,0,40.0906,-75.0467, , 
66542,756044,2011017711,6,67,67301,2011,1,1,2250,22,2,1,6,7,2, , ,N,0,0,0,3,0,1,1,1,N,N,39 57:26.940,75 08:48.293,2312, ,2253,1,2,4,N, ,0,N, , , , , , , , ,1,1,0,0,0,0,0,0,0,0,0,1,1,0,0,0,0,0,0,0,0,0,0,0,0,0,0,0,0,0,0,0,0,0,0,4,0,39.9575,-75.1467, , 
66543,756069,2011047081,6,67,67301,2011,3,7,2110,21,3,1,0,4,1, , ,N,1,2,0,3,0,2,3,2,N,N,40 00:30.736,75 12:38.579,2120, ,2117, ,0, ,N, ,3, , , , , , , , , ,2,2,0,0,0,0,0,0,0,0,1,1,2,0,0,0,0,0,0,1,0,0,0,0,0,0,0,0,0,0,0,0,0,0,0,3,0,40.0085,-75.2107, , 