objectid_1,objectid,crn,district,county,municipality,crash_year,crash_month,day_of_week,time_of_day,hour_of_day,illumination,weather,road_condition,collision_type,relation_to_road,work_zone_type,work_zone_loc,work_zone_ind,intersect_type,tcd_type,location_type,urban_rural,fatal_count,injury_count,person_count,total_units,sch_bus_ind,sch_zone_ind,latitude,longitude,arrival_tm,cons_zone_spd_lim,dispatch_tm,est_hrs_closed,lane_closed,ln_close_dir,ntfy_hiwy_maint,spec_juris_cd,tcd_func_cd,tfc_detour_ind,workers_pres,wz_close_detour,wz_flagger,wz_law_offcr_ind,wz_ln_closure,wz_moving,wz_other,wz_shlder_mdn,vehicle_count,automobile_count,motorcycle_count,bus_count,small_truck_count,heavy_truck_count,suv_count,van_count,bicycle_count,maj_inj_count,mod_inj_count,min_inj_count,tot_inj_count,unk_inj_deg_count,unk_inj_per_count,driver_count_16yr,driver_count_17yr,driver_count_18yr,driver_count_19yr,driver_count_20yr,driver_count_50_64yr,driver_count_65_74yr,driver_count_75plus,unbelted_occ_count,unb_death_count,unb_maj_inj_count,belted_death_count,belted_maj_inj_count,mcycle_death_count,mcycle_maj_inj_count,bicycle_death_count,bicycle_maj_inj_count,ped_count,ped_death_count,ped_maj_inj_count,max_severity_level,comm_veh_count,dec_lat,dec_long,rdwy_surf_type_cd,county_name
66544,756071,2011048658,6,67,67301,2011,1,3,140,1,3,1,6,6,6, , ,N,0,0,0,3,0,0,1,3,N,N,39 57:50.960,75 14:44.070,140, ,9999, ,0, ,N, ,0, , , , , , , , , ,3,3,0,0,0,0,0,0,0,0,0,0,0,0,0,0,0,0,0,0,0,0,0,0,0,0,0,0,0,0,0,0,0,0,0,0,0,39.9642,-75.2456, , 
66545,756102,2011031579,6,67,67301,2011,3,3,1648,16,1,1,0,1,1, , ,N,0,0,0,3,0,1,3,2,N,N,40 00:16.712,75 11:41.923,1711, ,1654,1,1,4,N, ,0,N, , , , , , , , ,2,0,0,0,1,0,1,0,0,0,0,0,1,1,0,0,0,0,0,0,0,0,0,0,0,0,0,0,0,0,0,0,0,0,0,8,0,40.0046,-75.195, , 
66546,756121,2011054221,6,67,67301,2011,4,2,1542,15,1,1,0,1,1, , ,N,1,2,0,3,0,1,3,2,N,N,40 02:40.301,75 11:35.235,1600, ,1553, ,0, ,N, ,3, , , , , , , , , ,2,0,0,0,1,0,0,1,0,0,0,0,1,1,0,0,0,0,0,0,1,0,0,0,0,0,0,0,0,0,0,0,0,0,0,8,0,40.0445,-75.1931, , 
66547,756139,2011015977,6,67,67301,2011,1,7,1805,18,3,4,3,2,1, , ,N,1,3,0,3,0,2,4,3,N,N,39 56:17.646,75 08:59.701,1850, ,1835, ,0, ,N, ,3, , , , , , , , , ,3,2,0,0,0,0,0,1,0,0,0,0,2,2,1,0,0,0,1,0,0,0,0,0,0,0,0,0,0,0,0,0,0,0,0,8,0,39.9382,-75.1499, , 
66548,756152,2011028959,6,67,67301,2011,1,4,1519,15,1,1,0,1,1, , ,N,2,2,0,3,0,1,2,2, , ,40 00:44.831,75 03:30.442,1610, ,1559, ,0, , , ,3, , , , , , , , , ,2,1,0,0,0,0,1,0,0,0,0,0,1,1,0,0,0,0,0,0,0,0,0,0,0,0,0,0,0,0,0,0,0,0,0,8,0,40.0125,-75.0582, , 
66549,760051,2011054240,6,67,67301,2011,4,1,1000,10,1,1,0,4,1, , ,N,1,2,0,3,0,0,2,2,N,N,39 57:32.806,75 09:29.825,1015, ,1000, ,0, ,N, ,3, , , , , , , , , ,2,1,0,0,0,0,1,0,0,0,0,0,0,0,0,0,0,0,0,0,0,0,0,0,0,0,0,0,0,0,0,0,0,0,0,0,0,39.9591,-75.1583, , 
66550,760056,2011056857,6,67,67301,2011,5,2,9999,99,1,1,0,4,1, , ,N,1,3,0,3,0,1,3,2, , ,40 03:17.100,75 09:04.633,1805, ,1759, ,0, , , ,3, , , , , , , , , ,2,1,0,0,0,0,0,1,0,0,1,0,1,0,1,0,0,0,0,0,0,0,0,1,0,0,0,0,0,0,0,0,0,0,0,3,0,40.0548,-75.1513, , 
66551,760065,2011066084,6,67,67301,2011,6,4,750,7,1,1,0,7,5, , ,N,0,0,0,3,0,3,3,1,N,N,40 02:37.514,75 01:08.787,802, ,752,3,2,1,N, ,0,N, , , , , , , , ,1,0,0,0,0,0,1,0,0,0,0,3,3,0,0,0,0,0,0,0,0,0,0,0,0,0,0,0,0,0,0,0,0,0,0,4,0,40.0438,-75.0191, , 
66552,760088,2011031619,6,67,67301,2011,2,7,1224,12,1,1,0,4,6, , ,N,0,0,0,3,0,1,2,5, , ,40 02:51.712,75 09:03.704,1230, ,1226,3,2,5, , ,0,Y, , , , , , , , ,4,3,0,0,0,0,1,0,0,0,1,0,1,0,0,0,0,0,0,0,1,0,0,0,0,0,0,0,0,0,0,0,1,0,0,3,0,40.0477,-75.151, , 
66553,760107,2011051178,6,67,67301,2011,5,4,618,6,1,2,1,1,1, , ,N,0,0,0,3,0,1,5,4,N,N,39 58:53.399,75 06:08.704,626, ,621,2,2,2,Y, ,0,N, , , , , , , , ,4,4,0,0,0,0,0,0,0,0,0,1,1,0,0,0,0,0,0,0,2,0,0,0,0,0,0,0,0,0,0,0,0,0,0,4,0,39.9815,-75.1024, , 
66554,760142,2011028927,6,67,67301,2011,1,4,1845,18,3,1,0,8,1, , ,N,1,3,0,3,0,1,2,2,N,N,39 56:54.497,75 12:25.604,1852, ,1852, ,0, ,N, ,3, , , , , , , , , ,1,0,0,0,0,0,1,0,0,0,1,0,1,0,0,0,0,0,0,0,1,0,0,0,0,0,0,0,0,0,0,0,1,0,0,3,0,39.9485,-75.2071, , 
66555,760150,2011044621,6,67,67301,2011,2,5,640,6,1,1,0,6,1, , ,N,0,0,0,3,0,0,2,2,N,N,39 57:45.258,75 12:58.406,650, ,646, ,0, ,N, ,0, , , , , , , , , ,2,2,0,0,0,0,0,0,0,0,0,0,0,0,1,0,0,0,0,0,0,0,0,0,0,0,0,0,0,0,0,0,0,0,0,9,0,39.9626,-75.2162, , 
66556,760157,2011054323,6,67,67301,2011,4,5,1918,19,1,1,0,8,1, , ,N,1,2,0,3,0,1,2,2,N,N,39 57:07.498,75 12:20.102,1924, ,1920, ,0, ,N, ,3, , , , , , , , , ,1,0,0,0,0,0,0,1,0,0,0,1,1,0,0,0,0,0,0,0,0,0,0,0,0,0,0,0,0,0,0,0,1,0,0,4,0,39.9521,-75.2056, , 
66557,760174,2011016936,6,67,67301,2011,1,2,800,8,1,1,0,8,1, , ,N,1,2,0,3,0,1,2,2,N,N,39 59:27.154,75 05:28.375,813, ,807, ,0, ,N, ,3, , , , , , , , , ,1,1,0,0,0,0,0,0,0,0,0,0,1,1,0,0,0,0,0,0,0,0,0,0,0,0,0,0,0,0,0,0,1,0,0,8,0,39.9909,-75.0912, , 
66558,760207,2011054248,6,67,67301,2011,4,5,1224,12,1,1,0,1,1, , ,N,1,2,6,3,0,1,3,2,N, ,40 01:36.505,75 05:50.523,1245, ,1228,1,1,2, , ,3,N, , , , , , , , ,2,2,0,0,0,0,0,0,0,0,0,1,1,0,0,0,0,0,0,0,1,0,0,0,0,0,0,0,0,0,0,0,0,0,0,4,0,40.0268,-75.0974, , 
66559,760221,2011015910,6,67,67301,2011,1,3,1940,19,3,2,1,7,3, , ,N,0,0,3,3,0,0,1,1, , ,39 55:11.083,75 12:07.058,1945, ,1940,2,2,4, , ,0,Y, , , , , , , , ,1,0,0,0,0,0,1,0,0,0,0,0,0,0,0,0,0,0,0,0,1,0,0,0,0,0,0,0,0,0,0,0,0,0,0,0,0,39.9198,-75.2019, , 
66560,760222,2011017708,6,67,67301,2011,1,7,312,3,3,1,1,7,3, , ,N,0,0,0,3,0,1,1,1,N,N,40 00:52.462,75 03:17.632,319, ,314,2,1,1,N, ,0,N, , , , , , , , ,1,1,0,0,0,0,0,0,0,0,1,0,1,0,0,0,0,0,0,0,0,0,0,1,0,0,0,0,0,0,0,0,0,0,0,3,0,40.0145,-75.055, , 
66561,760295,2011048416,6,67,67301,2011,5,3,1230,12,1,1,0,7,4, , ,N,0,0,0,3,0,1,1,1,N,N,40 01:29.759,75 01:45.628,1238, ,1232,2,1,1,Y, ,0,N, , , , , , , , ,1,1,0,0,0,0,0,0,0,0,0,1,1,0,0,0,0,0,0,0,0,0,0,0,0,0,0,0,0,0,0,0,0,0,0,4,0,40.0248,-75.0296, , 
66562,760304,2011054029,6,67,67301,2011,4,4,715,7,1,2,1,8,1, , ,N,1,0,0,3,0,1,2,2,N,N,39 57:28.886,75 14:37.150,745, ,730, ,0, ,N, ,0, , , , , , , , , ,1,1,0,0,0,0,0,0,0,0,0,0,1,1,1,0,0,0,0,0,0,0,1,0,0,0,0,0,0,0,0,0,1,0,0,8,0,39.958,-75.2437, , 
66563,760306,2011057047,6,67,67301,2011,5,1,1658,16,1,2,1,1,1, , ,N,1,2,0,3,0,1,6,2,N,N,40 02:34.484,75 06:15.533,1702, ,1701, ,0, , , ,9, , , , , , , , , ,2,2,0,0,0,0,0,0,0,0,0,1,1,0,0,0,0,0,0,0,0,1,0,0,0,0,0,0,0,0,0,0,0,0,0,4,0,40.0429,-75.1043, , 
66564,760307,2011057266,6,67,67301,2011,3,5,9999,99,1,1,0,4,1, , ,N,5,2,0,3,0,1,2,2,N, ,39 57:49.307,75 13:10.512,9999, ,9999, ,0, , , ,3, , , , , , , , , ,2,1,1,0,0,0,0,0,0,0,0,0,1,1,0,0,0,0,0,0,1,0,0,0,0,0,0,0,0,0,0,0,0,0,0,8,0,39.9637,-75.2196, , 
66565,760322,2011015205,6,67,67301,2011,1,5,915,9,1,1,0,1,1, , ,N,0,0,0,3,0,1,2,2,N,N,40 00:50.096,75 03:23.995,929, ,918, ,0, ,N, ,0, , , , , , , , , ,2,0,0,0,1,0,1,0,0,0,0,1,1,0,0,0,0,0,0,0,0,0,0,0,0,0,0,0,0,0,0,0,0,0,0,4,0,40.014,-75.0566, , 
66566,760352,2011047921,6,67,67301,2011,5,2,1426,14,1,1,0,7,5, , ,N,0,0,0,3,0,0,1,1,N,N,39 55:07.036,75 14:48.833,1450, ,1440,3,2,4,Y, ,0,Y, , , , , , , , ,1,0,0,0,0,1,0,0,0,0,0,0,0,0,0,0,0,0,0,0,1,0,0,0,0,0,0,0,0,0,0,0,0,0,0,0,1,39.9186,-75.2469, , 
66567,767701,2011023347,6,67,67301,2011,1,6,1545,15,1,1,0,7,3, , ,N,1,2,0,3,0,1,2,2, , ,40 01:44.341,75 06:21.815,1551, ,1550,3,1,4, , ,3,N, , , , , , , , ,2,2,0,0,0,0,0,0,0,0,0,1,1,0,0,0,0,0,0,0,0,0,1,0,0,0,0,0,0,0,0,0,0,0,0,4,0,40.029,-75.1061, , 
66568,767709,2011031405,6,67,67301,2011,2,3,1714,17,1,1,0,8,1, , ,N,2,3,0,3,0,1,2,2,N,N,39 57:40.683,75 09:48.275,1728, ,715, ,0, ,N, ,3, , , , , , , , , ,1,1,0,0,0,0,0,0,0,0,0,1,1,0,0,0,0,0,0,0,0,0,0,0,0,0,0,0,0,0,0,0,1,0,0,4,0,39.9613,-75.1634, , 
66569,767718,2011038370,6,67,67301,2011,3,2,700,7,1,1,0,4,1, , ,N,2,0,0,3,0,0,2,2,N,N,40 01:46.558,75 12:22.846,722, ,720, ,0, ,N, ,0, , , , , , , , , ,2,2,0,0,0,0,0,0,0,0,0,0,0,0,0,0,0,0,0,0,1,0,0,0,0,0,0,0,0,0,0,0,0,0,0,0,0,40.0296,-75.2063, , 
66570,767719,2011038390,6,67,67301,2011,2,2,1902,19,3,2,1,4,1, , ,N,1,2,0,3,0,3,3,2,N,N,39 57:26.251,75 14:52.347,1911, ,1909, ,0, ,N, ,3, , , , , , , , , ,2,1,0,0,0,0,0,1,0,0,3,0,3,0,0,0,0,0,0,0,0,0,0,0,0,0,0,0,0,0,0,0,0,0,0,3,0,39.9573,-75.2479, , 
66571,767725,2011047004,6,67,67301,2011,3,2,2135,21,3,1,0,1,1, , ,N,0,2,0,3,0,1,6,3,N,N,39 57:20.687,75 11:24.711,2136, ,2135, ,0, ,N, ,3, , , , , , , , , ,3,3,0,0,0,0,0,0,0,0,0,0,1,1,5,0,0,0,0,0,1,0,0,0,0,0,0,0,0,0,0,0,0,0,0,8,0,39.9557,-75.1902, , 
66572,767748,2011029087,6,67,67301,2011,2,5,1610,16,1,1,0,8,1, , ,N,1,2,0,3,0,1,2,2,N,N,40 01:16.647,75 09:36.797,1748, ,1744, ,0, ,N, ,3, , , , , , , , , ,1,1,0,0,0,0,0,0,0,0,0,1,1,0,0,0,0,0,0,0,0,0,0,0,0,0,0,0,0,0,0,0,1,0,0,4,0,40.0213,-75.1602, , 
66573,767765,2011044548,6,67,67301,2011,4,7,955,9,1,1,0,6,1, , ,N,1,2,0,3,0,3,4,2, , ,39 59:29.220,75 08:05.582,1005, ,955,1,1,3, , ,3,N, , , , , , , , ,2,2,0,0,0,0,0,0,0,0,0,1,3,2,0,0,0,0,0,0,0,0,0,0,0,0,0,0,0,0,0,0,0,0,0,4,0,39.9913,-75.1349, , 
66574,767781,2011007682,6,67,67301,2011,1,7,1556,15,1,1,0,7,7, , ,N,7,0,2,3,0,0,1,1,N,N,39 57:36.406,75 10:47.246,1614, ,1600, ,0, ,N, ,0, , , , , , , , , ,1,1,0,0,0,0,0,0,0,0,0,0,0,0,0,0,0,0,0,0,0,0,0,0,0,0,0,0,0,0,0,0,0,0,0,0,0,39.9616,-75.1825, , 
66575,767790,2011015960,6,67,67301,2011,1,6,9999,99,1,4,1,4,1, , ,N,1,2,0,3,0,1,3,2,N,N,40 03:02.656,75 08:55.144,1110, ,1105, ,0, ,N, ,3, , , , , , , , , ,2,1,0,0,1,0,0,0,0,0,0,1,1,0,0,0,0,0,0,0,0,0,0,0,0,0,0,0,0,0,0,0,0,0,0,4,0,40.0507,-75.1487, , 
66576,767791,2011016001,6,67,67301,2011,1,5,1158,11,1,1,0,1,1, , ,N,1,2,0,3,0,0,2,2,N,N,39 58:11.359,75 07:54.204,1200, ,1200, ,0, ,N, ,3, , , , , , , , , ,2,1,0,0,0,1,0,0,0,0,0,0,0,0,0,0,0,0,0,0,1,0,0,0,0,0,0,0,0,0,0,0,0,0,0,0,1,39.9697,-75.1317, , 
66577,767799,2011027689,6,67,67301,2011,1,2,1015,10,1,1,0,1,1, , ,N,0,0,0,3,0,2,5,4,N,N,39 58:57.400,75 11:18.188,1030, ,1015, ,0, , , ,0, , , , , , , , , ,4,2,0,0,0,0,2,0,0,1,0,1,2,0,0,0,0,0,0,0,1,0,0,0,0,0,0,1,0,0,0,0,0,0,0,2,0,39.9826,-75.1884, , 
66578,767838,2011016028,6,67,67301,2011,1,3,1809,18,3,1,0,1,1, , ,N,0,0,0,3,0,0,2,2,N,N,40 01:16.987,75 08:21.650,1813, ,1811,1,1,1,N, ,0,N, , , , , , , , ,2,1,0,0,1,0,0,0,0,0,0,0,0,0,0,0,0,0,0,0,0,0,0,0,0,0,0,0,0,0,0,0,0,0,0,0,0,40.0214,-75.1393, , 
66579,767841,2011024677,6,67,67301,2011,1,2,840,8,1,1,0,4,1, , ,N,1,2,0,3,0,1,2,2,N,N,40 04:27.147,75 02:05.032,841, ,840,1,1,1,N, ,3,N, , , , , , , , ,2,0,0,0,0,1,1,0,0,0,0,0,1,1,0,0,0,0,0,0,0,0,0,0,0,0,0,0,0,0,0,0,0,0,0,8,1,40.0742,-75.0347, , 
66580,767843,2011027180,6,67,67301,2011,3,6,820,8,1,1,0,1,1, , ,N,0,0,0,3,0,1,4,3,N,N,39 56:24.182,75 11:45.782,832, ,822,1,1,3,N, ,0,N, , , , , , , , ,3,3,0,0,0,0,0,0,0,0,0,1,1,0,0,0,0,0,0,0,1,0,0,1,0,0,0,0,0,0,0,0,0,0,0,4,0,39.9386,-75.1975, , 
66581,767852,2011037881,6,67,67301,2011,2,7,1649,16,1,1,0,7,5, , ,N,2,0,0,3,0,1,1,1,N,N,40 03:12.578,75 00:41.072,1655, ,1651, ,0, , , ,0, , , , , , , , , ,1,1,0,0,0,0,0,0,0,0,0,0,1,1,0,0,0,0,0,0,0,1,0,0,0,0,0,0,0,0,0,0,0,0,0,8,0,40.0535,-75.0114, , 
66582,767859,2011042918,6,67,67301,2011,3,4,2000,20,3,2,1,7,3, , ,N,0,0,6,3,0,1,2,1,N,N,40 01:20.308,75 08:17.664,2014, ,2002,2,1,4,N, ,0,N, , , , , , , , ,1,1,0,0,0,0,0,0,0,0,0,1,1,0,0,0,0,0,0,1,0,0,0,2,0,0,0,0,0,0,0,0,0,0,0,4,0,40.0223,-75.1382, , 
66583,767868,2011047811,6,67,67301,2011,5,7,1556,15,1,1,0,1,1, , ,N,0,0,0,3,0,0,4,3,N,N,40 01:19.031,75 02:19.134,1606, ,1603, ,0, ,N, ,0, , , , , , , , , ,3,1,0,0,0,0,2,0,0,0,0,0,0,0,0,0,0,0,0,0,2,1,0,0,0,0,0,0,0,0,0,0,0,0,0,0,0,40.0219,-75.0388, , 
66584,767914,2011060641,6,67,67301,2011,6,3,1156,11,1,1,0,1,1, , ,N,0,0,0,3,0,1,2,2,N,N,40 00:44.199,75 03:35.069,1203, ,1157, ,0, ,N, ,0, , , , , , , , , ,2,0,0,0,0,0,2,0,0,0,0,0,1,1,0,0,0,0,0,0,1,0,0,0,0,0,0,0,0,0,0,0,0,0,0,8,0,40.0123,-75.0596, , 
66585,764637,2011044517,6,67,67301,2011,3,5,745,7,1,2,1,4,1, , ,N,1,2,0,3,0,1,2,2,N,N,40 00:59.814,75 08:49.815,820, ,813, ,0, ,N, ,3, , , , , , , , , ,2,2,0,0,0,0,0,0,0,0,0,1,1,0,0,0,1,0,0,1,0,0,0,0,0,0,0,0,0,0,0,0,0,0,0,4,0,40.0166,-75.1472, , 
66586,764646,2011053456,6,67,67301,2011,4,7,2109,21,3,2,1,1,1, , ,N,1,2,0,3,0,1,4,2,N,N,39 58:46.036,75 13:31.401,2125, ,2112, ,0, ,N, ,3, , , , , , , , , ,2,1,0,0,0,0,0,0,0,0,0,0,1,1,2,0,0,0,0,0,0,1,0,0,0,0,0,0,0,0,0,0,0,0,0,8,0,39.9794,-75.2253, , 
66587,764647,2011053853,6,67,67301,2011,5,2,702,7,1,1,0,7,2, , ,N,0,0,0,3,0,1,1,1,N,N,39 53:35.129,75 13:37.629,721, ,705, ,0, ,N, ,0, , , , , , , , , ,1,1,0,0,0,0,0,0,0,0,0,0,1,1,0,0,0,0,0,0,0,0,0,0,0,0,0,0,0,0,0,0,0,0,0,8,0,39.8931,-75.2271, , 
66588,764667,2011023235,6,67,67301,2011,1,4,1018,10,1,4,3,7,5, , ,N,3,0,0,3,0,1,1,1,N,N,40 02:56.477,75 03:03.066,1021, ,1019,1,1,1,N, ,0,N, , , , , , , , ,1,1,0,0,0,0,0,0,0,0,0,1,1,0,0,0,0,0,0,0,0,0,0,0,0,0,0,0,0,0,0,0,0,0,0,4,0,40.049,-75.0509, , 
66589,764674,2011028686,6,67,67301,2011,2,3,1207,12,1,1,0,7,4, , ,N,0,0,2,3,0,1,1,1,N,N,40 02:46.946,75 00:02.794,1229, ,1213,1,2,7,Y, ,0,N, , , , , , , , ,1,1,0,0,0,0,0,0,0,0,0,1,1,0,0,0,0,0,0,0,0,0,0,1,0,0,0,0,0,0,0,0,0,0,0,4,0,40.0471,-75.0003, , 
66590,764678,2011038433,6,67,67301,2011,3,6,1800,18,3,1,0,7,5, , ,N,2,0,0,3,0,1,1,1,N,N,40 04:20.236,75 14:20.957,1805, ,1800, ,0, ,N, ,0, , , , , , , , , ,1,1,0,0,0,0,0,0,0,0,0,0,1,1,0,0,0,0,0,0,1,0,0,0,0,0,0,0,0,0,0,0,0,0,0,8,0,40.0723,-75.2392, , 
66591,764679,2011040256,6,67,67301,2011,3,6,1345,13,1,1,0,7,2, , ,N,0,0,0,3,0,0,3,1,N, ,40 04:45.073,75 02:27.906,1352, ,1348, ,0, ,N, ,0, , , , , , , , , ,1,1,0,0,0,0,0,0,0,0,0,0,0,0,0,0,0,0,0,1,0,0,0,0,0,0,0,0,0,0,0,0,0,0,0,0,0,40.0792,-75.0411, , 
66592,764694,2011056378,6,67,67301,2011,5,3,1300,13,1,1,0,8,1, , ,N,1,3,0,3,0,1,2,2,N,N,39 56:17.332,75 09:17.305,926, ,926, ,0, , , ,3, , , , , , , , , ,1,1,0,0,0,0,0,0,0,0,0,0,1,1,1,0,0,0,0,0,0,0,0,0,0,0,0,0,0,0,0,0,1,0,0,8,0,39.9381,-75.1548, , 
66593,764700,2011062006,6,67,67301,2011,5,2,1145,11,1,2,1,4,1, , ,N,1,2,0,3,0,1,2,2,N,N,39 58:17.412,75 07:36.645,1200, ,1145,1,1,4,N, ,3,N, , , , , , , , ,2,1,0,0,0,1,0,0,0,0,0,1,1,0,0,0,0,0,0,0,1,0,0,0,0,0,0,0,0,0,0,0,0,0,0,4,1,39.9713,-75.1271, , 
66594,764729,2011029947,6,67,67301,2011,3,6,1437,14,1,1,0,1,1, , ,N,0,0,0,3,0,2,5,4,N,N,39 57:28.159,75 10:49.235,1445, ,1438,2,2,3,N, ,0,N, , , , , , , , ,4,2,0,0,0,0,1,1,0,0,2,0,2,0,0,0,0,0,0,0,1,0,0,0,0,0,0,0,0,0,0,0,0,0,0,3,0,39.9578,-75.1803, , 
66595,764737,2011038016,6,67,67301,2011,3,1,1046,10,1,1,0,4,1, , ,N,1,2,0,3,0,2,3,2,N,N,40 01:41.935,75 07:12.129,1100, ,1048, ,0, ,N, ,3, , , , , , , , , ,2,1,0,0,0,0,1,0,0,0,0,0,2,2,0,0,0,0,0,0,1,0,0,0,0,0,0,0,0,0,0,0,0,0,0,8,0,40.0283,-75.12, , 
66596,764738,2011038403,6,67,67301,2011,3,4,1110,11,1,1,1,2,1, , ,N,2,2,0,3,0,0,2,2,N,N,40 07:06.945,75 00:25.153,1113, ,1113,9,1,3,N, ,3,N, , , , , , , , ,2,2,0,0,0,0,0,0,0,0,0,0,0,0,0,0,0,0,0,0,1,1,0,0,0,0,0,0,0,0,0,0,0,0,0,0,0,40.1186,-75.007, , 
66597,764749,2011061828,6,67,67301,2011,5,1,1720,17,1,1,0,4,1, , ,N,1,3,0,3,0,1,8,2,N,N,40 02:20.097,75 07:28.988,1728, ,1728, ,0, ,N, ,3, , , , , , , , , ,2,1,0,0,0,0,0,1,0,0,0,0,1,1,5,0,0,0,0,0,0,0,0,2,0,0,0,0,0,0,0,0,0,0,0,8,0,40.0389,-75.1247, , 
66598,764757,2011017713,6,67,67301,2011,1,2,1615,16,1,1,0,1,1, , ,N,0,0,0,3,0,1,2,2,N,N,40 00:41.358,75 03:38.688,1633, ,1630,1,1,1,N, ,0,N, , , , , , , , ,2,1,0,0,1,0,0,0,0,0,0,0,1,1,0,0,0,0,0,0,0,0,1,0,0,0,0,0,0,0,0,0,0,0,0,8,0,40.0114,-75.0609, , 
66599,764767,2011031295,6,67,67301,2011,2,5,900,9,1,1,0,4,1, , ,N,5,2,0,3,0,1,3,2,N,N,40 00:31.898,75 04:18.804,917, ,916, ,0, ,N, ,3, , , , , , , , , ,2,2,0,0,0,0,0,0,0,0,0,1,1,0,0,0,1,0,0,0,0,0,0,0,0,0,0,0,0,0,0,0,0,0,0,4,0,40.0089,-75.0719, , 
66600,764770,2011033538,6,67,67301,2011,3,2,1729,17,1,1,0,8,1, , ,N,2,0,7,3,0,1,2,2,N,N,40 00:08.731,75 04:46.794,1743, ,1737, ,0, ,N, ,0, , , , , , , , , ,1,1,0,0,0,0,0,0,0,0,0,1,1,0,0,0,0,0,0,0,0,1,0,1,0,0,0,0,0,0,0,0,1,0,0,4,0,40.0024,-75.0797, , 
66601,764793,2011056967,6,67,67301,2011,5,1,1830,18,1,2,1,8,1, , ,N,0,0,0,3,0,1,2,2,N,N,39 58:58.540,75 09:44.208,1854, ,1846, ,0, ,N, ,0, , , , , , , , , ,1,1,0,0,0,0,0,0,0,0,0,1,1,0,0,0,0,0,0,1,0,0,0,0,0,0,0,0,0,0,0,0,1,0,0,4,0,39.9829,-75.1623, , 
66602,764795,2011058731,6,67,67301,2011,6,7,1040,10,1,1,0,1,1, , ,N,0,0,0,3,0,1,8,3,N,N,39 57:31.065,75 10:07.944,1059, ,1048,1,1,3,N, ,0,N, , , , , , , , ,3,0,0,0,3,0,0,0,0,0,0,1,1,0,0,0,0,0,0,1,0,0,0,0,0,0,0,0,0,0,0,0,0,0,0,4,0,39.9586,-75.1689, , 
66603,756161,2011035181,6,67,67301,2011,3,6,1510,15,1,1,0,1,1, , ,N,0,0,0,3,0,0,2,2,N,N,39 57:34.635,75 10:36.449,1518, ,1514,3,1,3,N, ,0,Y, , , , , , , , ,2,0,0,0,0,0,2,0,0,0,0,0,0,0,0,0,0,0,0,0,1,0,0,0,0,0,0,0,0,0,0,0,0,0,0,0,0,39.9596,-75.1768, , 
66604,756164,2011038394,6,67,67301,2011,3,6,1314,13,1,1,0,4,1, , ,N,0,0,0,3,0,2,2,2,N,N,40 01:11.175,75 10:52.896,1316, ,1315, ,0, , , ,0, , , , , , , , , ,2,2,0,0,0,0,0,0,0,0,0,0,2,2,0,0,0,0,0,0,1,0,0,0,0,0,0,0,0,0,0,0,0,0,0,8,0,40.0198,-75.1814, , 
66605,756165,2011038466,6,67,67301,2011,3,5,840,8,1,1,0,4,1, , ,N,1,2,0,3,0,1,3,3,N,N,40 00:41.506,75 04:11.278,850, ,842,1,1,3,N, ,3,Y, , , , , , , , ,3,2,0,0,0,0,1,0,0,0,0,1,1,0,0,0,0,0,0,0,1,0,0,0,0,0,0,0,0,0,0,0,0,0,0,4,0,40.0115,-75.0698, , 
66606,756236,2011020517,6,67,67301,2011,2,5,537,5,3,1,0,5,1, , ,N,3,0,0,3,0,1,2,2,N,N,39 53:35.717,75 13:42.269,555, ,538,1,1,2,N, ,0,N, , , , , , , , ,2,1,0,0,0,0,1,0,0,0,0,0,1,1,0,0,0,0,0,0,0,0,0,0,0,0,0,0,0,0,0,0,0,0,0,8,0,39.8933,-75.2284, , 
66607,756240,2011023202,6,67,67301,2011,2,3,1718,17,4,2,1,7,5, , ,N,0,0,0,3,0,1,1,1, , ,40 00:15.343,75 09:37.800,1735, ,1727, ,0, , , ,0, , , , , , , , , ,1,1,0,0,0,0,0,0,0,0,0,1,1,0,0,0,0,0,0,0,0,0,0,0,0,0,0,0,0,0,0,0,0,0,0,4,0,40.0043,-75.1605, , 
66608,756241,2011023251,6,67,67301,2011,1,4,506,5,3,4,1,7,3, , ,N,0,0,0,3,0,0,1,1,N,N,40 05:00.467,75 02:00.255,510, ,508,3,1,4, , ,0,N, , , , , , , , ,1,1,0,0,0,0,0,0,0,0,0,0,0,0,1,0,0,0,0,0,0,0,0,0,0,0,0,0,0,0,0,0,0,0,0,9,0,40.0835,-75.0334, , 
66609,756242,2011023278,6,67,67301,2011,1,6,1730,17,4,4,3,5,1, , ,N,0,0,0,3,0,1,2,2,N,N,39 55:23.166,75 09:35.236,2000, ,2000, ,0, ,N, ,0, , , , , , , , , ,1,1,0,0,0,0,0,0,1,0,1,0,1,0,0,0,0,0,0,0,0,0,0,0,0,0,0,0,0,0,0,0,0,0,0,3,0,39.9231,-75.1598, , 
66610,756243,2011023325,6,67,67301,2011,1,2,1909,19,3,1,0,4,1, , ,N,5,3,0,3,0,1,2,2,N,N,40 03:11.671,75 05:31.380,1930, ,1922, ,0, , , ,3, , , , , , , , , ,2,2,0,0,0,0,0,0,0,0,0,1,1,0,0,0,0,0,0,0,0,0,0,0,0,0,0,0,0,0,0,0,0,0,0,4,0,40.0532,-75.0921, , 