objectid_1,objectid,crn,district,county,municipality,crash_year,crash_month,day_of_week,time_of_day,hour_of_day,illumination,weather,road_condition,collision_type,relation_to_road,work_zone_type,work_zone_loc,work_zone_ind,intersect_type,tcd_type,location_type,urban_rural,fatal_count,injury_count,person_count,total_units,sch_bus_ind,sch_zone_ind,latitude,longitude,arrival_tm,cons_zone_spd_lim,dispatch_tm,est_hrs_closed,lane_closed,ln_close_dir,ntfy_hiwy_maint,spec_juris_cd,tcd_func_cd,tfc_detour_ind,workers_pres,wz_close_detour,wz_flagger,wz_law_offcr_ind,wz_ln_closure,wz_moving,wz_other,wz_shlder_mdn,vehicle_count,automobile_count,motorcycle_count,bus_count,small_truck_count,heavy_truck_count,suv_count,van_count,bicycle_count,maj_inj_count,mod_inj_count,min_inj_count,tot_inj_count,unk_inj_deg_count,unk_inj_per_count,driver_count_16yr,driver_count_17yr,driver_count_18yr,driver_count_19yr,driver_count_20yr,driver_count_50_64yr,driver_count_65_74yr,driver_count_75plus,unbelted_occ_count,unb_death_count,unb_maj_inj_count,belted_death_count,belted_maj_inj_count,mcycle_death_count,mcycle_maj_inj_count,bicycle_death_count,bicycle_maj_inj_count,ped_count,ped_death_count,ped_maj_inj_count,max_severity_level,comm_veh_count,dec_lat,dec_long,rdwy_surf_type_cd,county_name
66611,756248,2011028983,6,67,67301,2011,2,4,1415,14,1,1,1,4,1, , ,N,1,2,0,3,0,2,3,2, , ,39 59:04.941,75 08:37.921,1959, ,1949, ,0, , , ,3, , , , , , , , , ,2,0,0,0,0,0,2,0,0,0,0,0,2,2,0,0,0,0,0,0,0,0,0,0,0,0,0,0,0,0,0,0,0,0,0,8,0,39.9847,-75.1439, , 
66612,756268,2011049306,6,67,67301,2011,4,6,921,9,1,1,0,1,1,1,4,Y,0,0,0,3,0,0,2,2,N,N,39 54:08.454,75 09:04.488,952,45,923, ,0, ,N, ,0, ,Y,N,N,Y,Y,N,N,Y,2,0,0,0,1,0,0,1,0,0,0,0,0,0,0,0,0,0,0,0,1,0,0,0,0,0,0,0,0,0,0,0,0,0,0,0,0,39.9024,-75.1512, , 
66613,756274,2011003540,6,67,67301,2011,1,5,1551,15,1,1,0,1,1, , ,N,0,0,0,3,0,1,4,3,N,N,39 57:28.978,75 09:50.465,1604, ,1555,1,1,3,N, ,0,N, , , , , , , , ,3,1,0,0,0,1,0,1,0,0,0,0,1,1,0,0,0,0,0,0,1,0,0,0,0,0,0,0,0,0,0,0,0,0,0,8,1,39.958,-75.164, , 
66614,756298,2011029157,6,67,67301,2011,1,7,512,5,2,4,3,1,1, , ,N,0,2,0,3,0,0,2,2,N,N,39 57:21.648,75 11:02.231,536, ,513,2,1,1,N, ,3,Y, , , , , , , , ,2,0,0,0,1,1,0,0,0,0,0,0,0,0,0,0,0,0,0,0,1,0,0,0,0,0,0,0,0,0,0,0,0,0,0,0,1,39.956,-75.184, , 
66615,756300,2011031311,6,67,67301,2011,2,3,9999,99,3,4,3,2,1, , ,N,0,0,0,3,0,2,3,2,N,N,39 55:17.299,75 12:59.277,9999, ,9999, ,0, , , ,0, , , , , , , , , ,2,2,0,0,0,0,0,0,0,0,2,0,2,0,0,0,0,0,0,0,1,0,0,0,0,0,0,0,0,0,0,0,0,0,0,3,0,39.9215,-75.2165, , 
66616,756303,2011033416,6,67,67301,2011,3,4,1749,17,1,1,0,5,1, , ,N,0,0,7,3,0,2,3,2,N,N,39 58:16.717,75 12:56.106,1754, ,1750, ,0, ,N, ,0, , , , , , , , , ,2,2,0,0,0,0,0,0,0,0,0,1,2,1,0,0,0,0,0,0,0,0,0,0,0,0,0,0,0,0,0,0,0,0,0,4,0,39.9713,-75.2156, , 
66617,756377,2011015842,6,67,67301,2011,1,5,1740,17,3,1,1,6,1, , ,N,0,0,0,3,0,0,2,2,N,N,40 07:37.473,75 00:14.281,1758, ,1742, ,0, ,N, ,0, , , , , , , , , ,2,2,0,0,0,0,0,0,0,0,0,0,0,0,1,0,0,0,0,0,1,0,0,0,0,0,0,0,0,0,0,0,0,0,0,9,0,40.1271,-75.004, , 
66618,756407,2011044556,6,67,67301,2011,4,6,1735,17,1,1,0,5,6, , ,N,0,0,0,3,0,1,3,2,N,N,39 57:16.150,75 09:49.788,1755, ,1747, ,0, , , ,0, , , , , , , , , ,2,1,0,1,0,0,0,0,0,0,0,1,1,0,0,0,0,0,0,0,0,0,0,2,0,0,0,0,0,0,0,0,0,0,0,4,1,39.9545,-75.1638, , 
66619,756428,2011015953,6,67,67301,2011,1,2,2325,23,3,4,5,1,1, , ,N,5,2,0,3,0,1,3,2, , ,40 01:00.896,75 08:58.458,2331, ,2331, ,0, , , ,3, , , , , , , , , ,2,2,0,0,0,0,0,0,0,0,0,1,1,0,0,0,0,0,0,0,1,0,0,2,0,0,0,0,0,0,0,0,0,0,0,4,0,40.0169,-75.1495, , 
66620,756459,2011054079,6,67,67301,2011,4,6,1900,19,1,1,0,1,1, , ,N,1,4,0,3,0,2,3,2,N,N,39 58:25.603,75 15:29.678,1905, ,1902, ,0, ,N, ,3, , , , , , , , , ,2,2,0,0,0,0,0,0,0,0,0,2,2,0,0,0,0,0,0,0,0,0,0,2,0,0,0,0,0,0,0,0,0,0,0,4,0,39.9738,-75.2582, , 
66621,760381,2011037991,6,67,67301,2011,3,6,103,1,3,1,0,4,1, , ,N,1,3,0,3,0,1,3,2,N,N,40 00:49.737,75 08:17.969,129, ,108, ,0, ,N, ,3, , , , , , , , , ,2,2,0,0,0,0,0,0,0,0,0,1,1,0,1,0,0,1,0,0,0,0,0,0,0,0,0,0,0,0,0,0,0,0,0,4,0,40.0138,-75.1383, , 
66622,760391,2011044480,6,67,67301,2011,3,3,2136,21,3,1,0,5,1, , ,N,0,0,0,3,0,1,3,2,N,N,40 00:55.727,75 09:16.880,2145, ,2140, ,0, ,N, ,0, , , , , , , , , ,2,2,0,0,0,0,0,0,0,0,0,1,1,0,0,0,0,0,0,0,0,0,0,0,0,0,0,0,0,0,0,0,0,0,0,4,0,40.0155,-75.1547, , 
66623,760427,2011028844,6,67,67301,2011,2,7,1715,17,3,1,0,6,1, , ,N,0,0,0,3,0,0,2,2,N,N,39 56:36.900,75 12:47.500,1750, ,1740, ,0, ,N, ,0, , , , , , , , , ,2,2,0,0,0,0,0,0,0,0,0,0,0,0,0,0,0,0,0,0,0,0,0,0,0,0,0,0,0,0,0,0,0,0,0,0,0,39.9436,-75.2132, , 
66624,760433,2011040370,6,67,67301,2011,3,3,9999,99,3,1,0,4,1, , ,N,2,3,0,3,0,0,2,2,N,N,40 03:41.288,75 08:29.403,2015, ,2003, ,0, ,N, ,3, , , , , , , , , ,2,2,0,0,0,0,0,0,0,0,0,0,0,0,0,0,0,0,0,0,0,1,0,0,0,0,0,0,0,0,0,0,0,0,0,0,0,40.0615,-75.1415, , 
66625,760438,2011046961,6,67,67301,2011,3,5,225,2,3,2,1,4,1, , ,N,1,2,0,3,0,3,3,2,N,N,39 59:21.645,75 07:14.530,235, ,225, ,0, ,N, ,3, , , , , , , , , ,2,2,0,0,0,0,0,0,0,0,0,0,3,3,0,0,0,0,0,0,0,0,0,0,0,0,0,0,0,0,0,0,0,0,0,8,0,39.9893,-75.1207, , 
66626,760448,2011056400,6,67,67301,2011,5,6,1115,11,1,1,0,1,7, , ,N,5,4,2,3,0,2,3,2,N,N,40 00:51.518,75 10:44.170,1135, ,1120, ,0, , , ,3, , , , , , , , , ,2,1,0,0,1,0,0,0,0,0,0,0,2,2,0,0,0,0,0,0,0,0,0,0,0,0,0,0,0,0,0,0,0,0,0,8,0,40.0143,-75.1789, , 
66627,760449,2011056938,6,67,67301,2011,5,7,122,1,3,1,0,7,4, , ,N,0,0,1,3,1,0,1,1,N,N,39 59:44.800,75 09:32.910,133, ,127, ,0, ,N,0,0, , , , , , , , , ,1,1,0,0,0,0,0,0,0,0,0,0,0,0,0,0,0,0,0,0,0,0,0,0,0,0,0,0,0,0,0,0,0,0,0,1,0,39.9958,-75.1591,2, 
66628,760477,2011028690,6,67,67301,2011,2,6,2254,22,3,1,0,7,2, , ,N,0,0,0,3,0,0,1,1,N,N,40 01:19.917,75 02:16.415,2321, ,2309,1,1,1,N, ,0,N, , , , , , , , ,1,1,0,0,0,0,0,0,0,0,0,0,0,0,0,0,0,0,0,0,0,0,0,0,0,0,0,0,0,0,0,0,0,0,0,0,0,40.0221,-75.0381, , 
66629,760491,2011047051,6,67,67301,2011,4,7,1700,17,1,1,0,8,1, , ,N,0,0,0,3,0,1,2,2,N,N,40 03:13.460,75 09:33.102,9999, ,9999, ,0, ,N, ,0, , , , , , , , , ,1,1,0,0,0,0,0,0,0,0,1,0,1,0,1,0,0,0,0,0,0,0,0,0,0,0,0,0,0,0,0,0,1,0,0,3,0,40.0537,-75.1592, , 
66630,760499,2011057016,6,67,67301,2011,5,2,828,8,1,6,1,8,1, , ,N,0,0,0,3,0,1,2,2, , ,40 00:32.950,75 06:07.523,833, ,830, ,0, , , ,0, , , , , , , , , ,1,0,0,0,0,0,1,0,0,0,0,1,1,0,0,0,0,0,0,0,0,0,0,1,0,0,0,0,0,0,0,0,1,0,0,4,0,40.0092,-75.1021, , 
66631,760541,2011057059,6,67,67301,2011,5,5,1814,18,1,1,0,8,1, , ,N,0,0,0,3,0,1,2,3,N,N,40 01:17.547,75 03:26.978,1818, ,1817, ,0, ,N, ,0, , , , , , , , , ,2,2,0,0,0,0,0,0,0,0,0,1,1,0,0,0,0,0,0,0,0,0,0,0,0,0,0,0,0,0,0,0,1,0,0,4,0,40.0215,-75.0575, , 
66632,760587,2011056889,6,67,67301,2011,5,1,1543,15,1,2,1,1,1, , ,N,10,3,0,3,0,1,3,2,N,N,40 03:05.418,75 09:34.912,1555, ,1551, ,0, ,N, ,3, , , , , , , , , ,2,2,0,0,0,0,0,0,0,0,0,1,1,0,0,0,0,0,0,1,1,0,0,0,0,0,0,0,0,0,0,0,0,0,0,4,0,40.0515,-75.1597, , 
66633,760588,2011056937,6,67,67301,2011,5,2,1923,19,1,1,0,8,1, , ,N,0,0,0,3,1,0,2,2,N,N,40 00:10.203,75 07:41.997,1925, ,1924,3,2,7,N,0,0,Y, , , , , , , , ,1,1,0,0,0,0,0,0,0,0,0,0,0,0,0,0,0,0,0,0,0,0,0,0,0,0,0,0,0,0,0,0,1,1,0,1,0,40.0028,-75.1283,2, 
66634,760631,2011038387,6,67,67301,2011,3,6,1850,18,3,1,0,1,1, , ,N,0,0,0,3,0,1,4,2, , ,39 57:36.985,75 09:42.919,1900, ,1853, ,0, , , ,0, , , , , , , , , ,2,2,0,0,0,0,0,0,0,0,0,1,1,0,0,0,0,0,0,0,0,0,0,0,0,0,0,0,0,0,0,0,0,0,0,4,0,39.9603,-75.1619, , 
66635,760634,2011044531,6,67,67301,2011,3,4,1006,10,1,1,0,1,1, , ,N,0,0,99,3,0,0,4,3, , ,40 00:11.608,75 10:57.938,1018, ,1013,1,1,4, , ,0,Y, , , , , , , , ,3,1,0,0,0,0,2,0,0,0,0,0,0,0,0,0,0,0,0,0,1,0,0,0,0,0,0,0,0,0,0,0,0,0,0,0,0,40.0032,-75.1828, , 
66636,760646,2011056004,6,67,67301,2011,6,4,1044,10,1,1,0,4,1, , ,N,2,0,0,3,0,3,5,3,N,N,40 03:31.759,75 07:53.913,1050, ,1048,3,2,6,N, ,0,Y, , , , , , , , ,3,2,0,0,0,0,0,1,0,0,0,0,3,3,0,0,0,0,0,1,0,1,0,0,0,0,0,0,0,0,0,0,0,0,0,8,0,40.0587,-75.1317, , 
66637,760647,2011056399,6,67,67301,2011,5,2,1326,13,1,1,0,4,1, , ,N,2,3,0,3,0,1,2,2,N,N,40 02:34.600,75 03:23.294,1335, ,1327,1,1,2,N, ,3,N, , , , , , , , ,2,1,0,0,0,0,0,1,0,0,0,1,1,0,0,0,0,0,0,0,0,1,0,0,0,0,0,0,0,0,0,0,0,0,0,4,0,40.0429,-75.0565, , 
66638,760728,2011041408,6,67,67301,2011,4,3,1842,18,1,1,1,7,2, , ,N,0,0,2,3,0,2,2,1,N,N,39 59:57.597,75 05:03.935,1843, ,1843, ,0, ,N, ,0, , , , , , , , , ,1,0,0,0,0,0,1,0,0,0,1,1,2,0,0,0,0,0,0,0,0,0,0,0,0,0,0,0,0,0,0,0,0,0,0,3,0,40.0025,-75.0857, , 
66639,760760,2011023045,6,67,67301,2011,1,4,1050,10,1,4,3,1,1, , ,N,2,2,0,3,0,0,2,2,N,N,39 55:00.228,75 10:52.435,1103, ,1101, ,0, ,N, ,3, , , , , , , , , ,2,0,0,0,0,1,0,1,0,0,0,0,0,0,0,0,0,0,0,0,0,0,0,0,0,0,0,0,0,0,0,0,0,0,0,0,1,39.9167,-75.1812, , 
66640,767969,2011054185,6,67,67301,2011,4,1,1400,14,1,2,1,4,1, , ,N,1,2,0,3,0,2,4,2,N, ,39 57:19.443,75 10:16.111,1450, ,1420, ,0, , , ,3, , , , , , , , , ,2,0,0,0,0,0,2,0,0,0,0,0,2,2,0,0,0,0,0,0,0,0,0,0,0,0,0,0,0,0,0,0,0,0,0,8,0,39.9554,-75.1711, , 
66641,767970,2011054289,6,67,67301,2011,4,7,1324,13,1,1,0,4,1, , ,N,1,2,0,3,0,1,3,2,N, ,40 01:10.898,75 11:03.583,1406, ,1358, ,0, , , ,3, , , , , , , , , ,2,1,0,0,0,0,1,0,0,0,0,1,1,0,0,0,0,0,0,0,0,0,0,0,0,0,0,0,0,0,0,0,0,0,0,4,0,40.0197,-75.1843, , 
66642,767989,2011016207,6,67,67301,2011,2,6,1530,15,1,1,0,1,1, , ,N,0,0,0,3,0,0,4,4,N,N,40 06:36.852,74 59:57.632,1530, ,1530,1,1,4,N, ,0,N, , , , , , , , ,4,2,0,0,0,0,2,0,0,0,0,0,0,0,0,0,0,0,0,0,2,1,0,1,0,0,0,0,0,0,0,0,0,0,0,0,0,40.1102,-74.9993, , 
66643,767995,2011023250,6,67,67301,2011,1,4,902,9,1,4,3,4,1, , ,N,2,2,0,3,0,1,3,2,N,N,40 04:57.225,75 02:26.171,940, ,928, ,0, ,N, ,3, , , , , , , , , ,2,0,0,0,0,0,1,1,0,0,0,0,1,1,0,0,0,0,0,0,0,0,0,0,0,0,0,0,0,0,0,0,0,0,0,8,0,40.0825,-75.0405, , 
66644,767997,2011029430,6,67,67301,2011,2,4,1940,19,3,8,0,5,1, , ,N,0,0,0,3,0,1,1,2,N,N,39 55:56.143,75 09:50.954,1946, ,1944, ,0, ,N, ,0, , , , , , , , , ,2,2,0,0,0,0,0,0,0,0,0,0,1,1,0,0,0,0,0,0,0,0,0,0,0,0,0,0,0,0,0,0,0,0,0,8,0,39.9323,-75.1642, , 
66645,768008,2011039083,6,67,67301,2011,4,5,1525,15,1,1,0,1,2, , ,N,0,0,0,3,0,1,2,2,N,N,39 57:24.497,75 10:49.732,1535, ,1525,2,1,3,N, ,0,N, , , , , , , , ,2,0,0,0,0,1,0,1,0,0,0,0,1,1,0,0,0,0,0,0,0,0,0,0,0,0,0,0,0,0,0,0,0,0,0,8,1,39.9568,-75.1805, , 
66646,768014,2011047039,6,67,67301,2011,4,5,2020,20,3,1,0,1,1, , ,N,1,2,0,3,0,1,4,2,N,N,39 59:27.011,75 07:51.262,2035, ,2028, ,0, , , ,3, , , , , , , , , ,2,1,0,0,0,0,1,0,0,0,0,0,1,1,0,0,0,0,0,0,0,0,0,0,0,0,0,0,0,0,0,0,0,0,0,8,0,39.9908,-75.1309, , 
66647,768031,2011017595,6,67,67301,2011,2,3,806,8,1,1,1,8,1, , ,N,1,2,0,3,0,1,2,2,N,N,39 59:26.172,75 14:57.006,1553, ,1551, ,0, ,N, ,3, , , , , , , , , ,1,1,0,0,0,0,0,0,0,0,0,1,1,0,0,0,0,0,0,0,1,0,0,0,0,0,0,0,0,0,0,0,1,0,0,4,0,39.9905,-75.2492, , 
66648,768038,2011025628,6,67,67301,2011,2,2,2301,23,3,4,3,1,1, , ,N,0,0,0,3,0,0,3,2,N,N,39 52:47.488,75 14:51.670,2315, ,2304, ,0, ,N, ,0, , , , , , , , , ,2,2,0,0,0,0,0,0,0,0,0,0,0,0,0,0,0,0,0,0,0,0,0,0,0,0,0,0,0,0,0,0,0,0,0,0,0,39.8799,-75.2477, , 
66649,768051,2011040357,6,67,67301,2011,3,6,1630,16,1,1,0,4,1, , ,N,5,2,0,3,0,1,3,2, , ,39 59:42.637,75 06:56.944,1636, ,1635, ,0, , , ,3, , , , , , , , , ,2,1,0,0,0,0,1,0,0,0,0,1,1,0,0,0,0,0,1,1,0,0,0,0,0,0,0,0,0,0,0,0,0,0,0,4,0,39.9952,-75.1158, , 
66650,768064,2011054025,6,67,67301,2011,4,7,236,2,3,1,0,7,2, , ,N,3,2,0,3,0,1,1,1,N,N,39 57:24.255,75 10:49.908,2238, ,236, ,0, ,N, ,3, , , , , , , , , ,1,0,0,0,0,0,1,0,0,0,0,0,1,1,0,0,0,0,0,0,0,0,0,0,0,0,0,0,0,0,0,0,0,0,0,8,0,39.9567,-75.1805, , 
66651,768067,2011061905,6,67,67301,2011,5,5,1800,18,1,1,1,4,1, , ,N,1,2,0,3,0,1,2,2, , ,40 02:30.909,75 04:29.910,1845, ,1841, ,0, , , ,3, , , , , , , , , ,1,1,0,0,0,0,0,0,1,0,0,1,1,0,0,0,0,0,0,0,0,0,0,0,0,0,0,0,0,0,0,0,0,0,0,4,0,40.0419,-75.075, , 
66652,768093,2011028699,6,67,67301,2011,3,4,833,8,1,1,0,1,1, , ,N,0,0,0,3,0,1,2,2,N,N,39 58:43.758,75 06:35.976,842, ,841, ,0, ,N, ,0, , , , , , , , , ,2,1,0,0,1,0,0,0,0,0,0,1,1,0,0,0,0,0,0,0,1,0,0,0,0,0,0,0,0,0,0,0,0,0,0,4,0,39.9788,-75.11, , 
66653,768096,2011031407,6,67,67301,2011,2,5,9999,99,1,1,0,7,5, , ,N,0,0,0,3,0,0,1,2, , ,39 58:55.502,75 14:53.412,1229, ,1225, ,0, , , ,0, , , , , , , , , ,2,1,0,0,0,0,1,0,0,0,0,0,0,0,0,0,0,0,0,0,0,0,0,0,0,0,0,0,0,0,0,0,0,0,0,0,0,39.9821,-75.2482, , 
66654,768102,2011038449,6,67,67301,2011,3,4,915,9,1,2,1,4,1, , ,N,1,2,0,3,0,1,2,2, , ,39 55:36.179,75 11:16.425,923, ,922, ,0, , , ,3, , , , , , , , , ,2,2,0,0,0,0,0,0,0,0,0,1,1,0,0,0,0,0,0,0,0,0,0,0,0,0,0,0,0,0,0,0,0,0,0,4,0,39.9267,-75.1879, , 
66655,768103,2011038461,6,67,67301,2011,3,1,721,7,1,1,0,1,1, , ,N,0,2,7,3,0,1,2,2,N,N,40 02:43.301,75 05:16.930,756, ,748,1,2,3,N, ,2,Y, , , , , , , , ,2,0,0,0,0,0,1,1,0,0,0,1,1,0,0,0,0,0,0,0,0,0,0,0,0,0,0,0,0,0,0,0,0,0,0,4,0,40.0448,-75.0871, , 
66656,768104,2011039851,6,67,67301,2011,4,5,1735,17,1,1,0,1,1, , ,N,0,0,0,3,0,0,3,2,N,N,39 58:59.479,75 05:55.194,1736, ,1736, ,0, ,N, ,0, , , , , , , , , ,2,2,0,0,0,0,0,0,0,0,0,0,0,0,0,0,0,0,0,0,1,0,0,0,0,0,0,0,0,0,0,0,0,0,0,0,0,39.9832,-75.0985, , 
66657,768110,2011046957,6,67,67301,2011,4,1,903,9,1,1,0,4,1, , ,N,2,3,0,3,0,2,3,2,N,N,40 01:50.432,75 06:49.371,904, ,903,9,2,4,N, ,3,Y, , , , , , , , ,2,2,0,0,0,0,0,0,0,0,1,1,2,0,1,0,0,0,0,0,0,0,0,0,0,0,0,0,0,0,0,0,0,0,0,3,0,40.0307,-75.1137, , 
66658,764823,2011031162,6,67,67301,2011,2,4,2105,21,3,1,0,1,1, , ,N,1,2,0,3,0,1,3,2,N,N,39 57:25.688,75 12:51.554,2105, ,2105, ,0, ,N, ,3, , , , , , , , , ,2,1,0,0,0,0,1,0,0,0,0,0,1,1,0,0,0,0,0,0,1,0,0,0,0,0,0,0,0,0,0,0,0,0,0,8,0,39.9571,-75.2143, , 
66659,764831,2011038382,6,67,67301,2011,3,7,306,3,3,1,0,6,1, , ,N,0,2,0,3,0,1,1,2,N,N,39 59:53.904,75 04:17.510,615, ,609, ,0, ,N, ,3, , , , , , , , , ,2,2,0,0,0,0,0,0,0,0,0,1,1,0,0,0,0,1,0,0,0,0,0,1,0,0,0,0,0,0,0,0,0,0,0,4,0,39.9983,-75.0715, , 
66660,764839,2011049000,6,67,67301,2011,4,7,9999,99,3,1,0,1,1, , ,N,6,0,2,3,0,2,3,2,N,N,40 01:13.786,75 09:15.325,1122, ,1128,9,1,2,N, ,0,N, , , , , , , , ,2,2,0,0,0,0,0,0,0,0,2,0,2,0,0,0,0,0,0,0,0,0,0,0,0,0,0,0,0,0,0,0,0,0,0,3,0,40.0205,-75.1543, , 
66661,764851,2011010485,6,67,67301,2011,1,2,715,7,1,1,0,4,1, , ,N,1,2,0,3,0,1,2,2,N,N,40 03:25.655,75 07:44.297,721, ,718,2,1,4,N, ,3,N, , , , , , , , ,2,1,0,0,0,0,0,1,0,0,0,1,1,0,0,0,0,0,0,0,0,0,0,0,0,0,0,0,0,0,0,0,0,0,0,4,0,40.0571,-75.1291, , 
66662,764881,2011040412,6,67,67301,2011,3,5,1156,11,1,1,0,4,1, , ,N,1,2,0,3,0,1,2,2,N,N,39 55:09.408,75 13:53.500,1207, ,1201, ,0, ,N, ,3, , , , , , , , , ,2,1,0,0,0,0,1,0,0,0,1,0,1,0,0,0,0,0,0,0,1,0,0,0,0,0,0,0,0,0,0,0,0,0,0,3,0,39.9193,-75.2315, , 
66663,764916,2011022204,6,67,67301,2011,2,3,1337,13,1,1,0,1,1, , ,N,0,0,0,3,0,3,3,2,N,N,39 59:02.339,75 05:48.885,1345, ,1339,2,2,2,N, ,0,N, , , , , , , , ,2,2,0,0,0,0,0,0,0,0,0,0,3,3,0,0,0,0,0,0,0,0,0,1,0,0,0,0,0,0,0,0,0,0,0,8,0,39.984,-75.0968, , 
66664,764930,2011045610,6,67,67301,2011,4,5,1437,14,1,2,1,7,2, , ,N,0,0,0,3,0,3,4,2,N,N,39 55:39.074,75 11:43.760,1451, ,1439,2,1,4,N, ,0,N, , , , , , , , ,2,1,0,0,0,0,0,1,0,0,0,0,3,3,0,0,0,0,0,0,0,0,0,0,0,0,0,0,0,0,0,0,0,0,0,8,0,39.9275,-75.1955, , 
66665,764943,2011009753,6,67,67301,2011,1,7,401,4,3,1,0,4,1, , ,N,1,2,0,3,0,1,4,2,N,N,39 58:26.116,75 12:23.386,411, ,411, ,0, ,N, ,3, , , , , , , , , ,2,1,0,0,0,0,1,0,0,0,0,0,1,1,0,0,0,0,0,0,0,0,0,0,0,0,0,0,0,0,0,0,0,0,0,8,0,39.9738,-75.2064, , 
66666,764956,2011031146,6,67,67301,2011,2,7,2250,22,3,1,0,2,1, , ,N,1,0,0,3,0,1,4,2, , ,40 00:46.291,75 04:18.659,2327, ,2253, ,0, , , ,0, , , , , , , , , ,2,1,0,0,0,0,1,0,0,0,0,0,1,1,1,0,0,1,0,0,0,0,0,0,0,0,0,0,0,0,0,0,0,0,0,8,0,40.0129,-75.0718, , 
66667,764969,2011047288,6,67,67301,2011,4,7,1411,14,1,1,0,5,1, , ,N,0,2,0,3,0,1,2,2,N,N,39 57:39.637,75 14:44.419,1413, ,1411, ,0, ,N, ,3, , , , , , , , , ,2,0,1,0,0,0,1,0,0,0,0,1,1,0,0,0,0,0,0,0,0,0,0,0,0,0,0,0,0,0,0,0,0,0,0,4,0,39.961,-75.2457, , 
66668,764974,2011054056,6,67,67301,2011,4,2,1015,10,1,1,0,1,1, , ,N,1,2,0,3,0,0,2,2,N,N,39 56:49.898,75 10:41.282,1020, ,1018, ,0, , , ,3, , , , , , , , , ,2,2,0,0,0,0,0,0,0,0,0,0,0,0,0,0,0,0,0,0,1,0,0,2,0,0,0,0,0,0,0,0,0,0,0,0,0,39.9472,-75.1781, , 
66669,764982,2011061362,6,67,67301,2011,3,7,9999,99,3,1,0,1,1, , ,N,1,2,0,3,0,2,3,2,N,N,40 04:16.614,75 02:17.825,42, ,39,2,1,2,N, ,3,N, , , , , , , , ,2,2,0,0,0,0,0,0,0,0,0,0,2,2,0,0,0,0,0,0,0,0,0,0,0,0,0,0,0,0,0,0,0,0,0,8,0,40.0713,-75.0383, , 
66670,765018,2011040336,6,67,67301,2011,3,1,9999,99,3,1,0,4,1, , ,N,1,2,2,3,0,1,3,2,N,N,39 54:37.276,75 09:03.431,20, ,14, ,0, ,N, ,9, , , , , , , , , ,2,2,0,0,0,0,0,0,0,0,0,1,1,0,0,0,0,0,0,0,0,0,0,0,0,0,0,0,0,0,0,0,0,0,0,4,0,39.9104,-75.151, , 
66671,765028,2011054169,6,67,67301,2011,4,6,1435,14,1,1,0,5,1, , ,N,1,2,0,3,0,1,2,2,N,N,40 05:17.708,75 02:04.879,1446, ,1443,1,1,2,N, ,2,N, , , , , , , , ,2,2,0,0,0,0,0,0,0,0,0,1,1,0,0,0,0,0,0,0,0,0,0,0,0,0,0,0,0,0,0,0,0,0,0,4,0,40.0882,-75.0346, , 
66672,765045,2011015938,6,67,67301,2011,1,7,1302,13,1,4,3,7,2, , ,N,2,3,0,3,0,1,1,1,N,N,40 07:49.029,75 01:03.202,9999, ,9999, ,0, ,N, ,3, , , , , , , , , ,1,1,0,0,0,0,0,0,0,0,0,0,1,1,0,0,0,0,0,0,1,0,0,0,0,0,0,0,0,0,0,0,0,0,0,8,0,40.1303,-75.0176, , 
66673,765053,2011027333,6,67,67301,2011,3,2,1015,10,1,1,0,0,2, , ,N,0,2,0,3,0,1,1,1,N,N,40 01:05.398,75 02:49.631,1115, ,1055,3,1,3,N, ,3,N, , , , , , , , ,1,0,0,0,0,1,0,0,0,0,0,1,1,0,0,0,0,0,0,0,1,0,0,0,0,0,0,0,0,0,0,0,0,0,0,4,1,40.0182,-75.047, , 
66674,765128,2011061832,6,67,67301,2011,5,2,1110,11,1,1,0,5,1, , ,N,0,2,0,3,0,1,2,2,N,N,40 01:01.406,75 08:57.961,1110, ,1110, ,0, , , ,3, , , , , , , , , ,1,1,0,0,0,0,0,0,1,0,0,0,1,1,0,0,0,0,0,0,0,0,0,1,0,0,0,0,0,0,0,0,0,0,0,8,0,40.0171,-75.1494, , 
66675,765132,2011064076,6,67,67301,2011,5,5,805,8,1,1,0,8,1, , ,N,0,0,0,3,0,1,1,2,N,N,40 00:27.498,75 07:38.415,810, ,807, ,0, ,N, ,0, , , , , , , , , ,1,0,0,1,0,0,0,0,0,0,1,0,1,0,0,0,0,0,0,0,0,0,0,0,0,0,0,0,0,0,0,0,1,0,0,3,1,40.0076,-75.1273, , 
66676,756462,2011056820,6,67,67301,2011,5,1,825,8,1,2,1,7,2, , ,N,1,2,0,3,0,1,1,2,N,N,40 01:21.131,75 08:12.203,912, ,901, ,0, ,N, ,3, , , , , , , , , ,2,1,0,0,0,0,1,0,0,0,1,0,1,0,0,0,0,0,0,0,0,0,0,1,0,0,0,0,0,0,0,0,0,0,0,3,0,40.0225,-75.1368, , 
66677,756480,2011018842,6,67,67301,2011,2,7,2252,22,3,1,0,6,1, , ,N,5,2,0,3,0,1,3,2,N,N,40 04:51.445,75 01:43.230,2307, ,2259,2,1,2,N, ,3,N, , , , , , , , ,2,2,0,0,0,0,0,0,0,0,0,1,1,0,0,0,0,0,1,0,0,0,0,0,0,0,0,0,0,0,0,0,0,0,0,4,0,40.0809,-75.0288, , 
66678,756496,2011038350,6,67,67301,2011,3,5,1700,17,1,1,0,1,1, , ,N,0,0,0,3,0,5,6,2,N,N,40 00:27.447,75 05:26.877,1910, ,1906, ,0, ,N, ,0, , , , , , , , , ,2,1,0,0,0,0,1,0,0,0,0,0,5,5,0,0,0,0,0,0,0,0,0,0,0,0,0,0,0,0,0,0,0,0,0,8,0,40.0076,-75.0908, , 