objectid_1,objectid,crn,district,county,municipality,crash_year,crash_month,day_of_week,time_of_day,hour_of_day,illumination,weather,road_condition,collision_type,relation_to_road,work_zone_type,work_zone_loc,work_zone_ind,intersect_type,tcd_type,location_type,urban_rural,fatal_count,injury_count,person_count,total_units,sch_bus_ind,sch_zone_ind,latitude,longitude,arrival_tm,cons_zone_spd_lim,dispatch_tm,est_hrs_closed,lane_closed,ln_close_dir,ntfy_hiwy_maint,spec_juris_cd,tcd_func_cd,tfc_detour_ind,workers_pres,wz_close_detour,wz_flagger,wz_law_offcr_ind,wz_ln_closure,wz_moving,wz_other,wz_shlder_mdn,vehicle_count,automobile_count,motorcycle_count,bus_count,small_truck_count,heavy_truck_count,suv_count,van_count,bicycle_count,maj_inj_count,mod_inj_count,min_inj_count,tot_inj_count,unk_inj_deg_count,unk_inj_per_count,driver_count_16yr,driver_count_17yr,driver_count_18yr,driver_count_19yr,driver_count_20yr,driver_count_50_64yr,driver_count_65_74yr,driver_count_75plus,unbelted_occ_count,unb_death_count,unb_maj_inj_count,belted_death_count,belted_maj_inj_count,mcycle_death_count,mcycle_maj_inj_count,bicycle_death_count,bicycle_maj_inj_count,ped_count,ped_death_count,ped_maj_inj_count,max_severity_level,comm_veh_count,dec_lat,dec_long,rdwy_surf_type_cd,county_name
66746,765333,2011013740,6,67,67301,2011,1,4,2042,20,3,4,3,1,1, , ,N,0,0,0,3,0,0,2,2,N,N,39 59:44.263,75 11:51.377,2057, ,2050, ,0, ,N, ,0, , , , , , , , , ,2,1,0,0,0,0,0,0,0,0,0,0,0,0,1,0,0,0,0,0,0,0,0,0,0,0,0,0,0,0,0,0,0,0,0,9,0,39.9956,-75.1976, , 
66747,765348,2011028646,6,46,46105,2011,3,3,1256,12,1,1,0,4,1, , ,N,1,2,0,3,0,2,2,2,N,N,40 06:45.786,75 02:54.652,1304, ,1301, ,0, ,N, ,3, , , , , , , , , ,2,0,0,0,0,0,2,0,0,0,0,2,2,0,0,0,0,0,0,0,0,1,0,0,0,0,0,0,0,0,0,0,0,0,0,4,0,40.1127,-75.0485, , 
66748,765352,2011030777,6,67,67301,2011,3,7,1625,16,1,1,0,1,1, , ,N,0,0,0,3,0,0,5,3,N,N,39 57:26.207,75 09:26.637,1631, ,1628, ,0, ,N, ,0, , , , , , , , , ,3,1,0,0,1,0,0,1,0,0,0,0,0,0,0,0,0,0,0,0,0,0,0,0,0,0,0,0,0,0,0,0,0,0,0,0,0,39.9573,-75.1574, , 
66749,756697,2011055890,6,67,67301,2011,5,3,835,8,1,1,0,1,1, , ,N,0,0,0,3,0,0,3,3,N,N,39 57:26.781,75 09:33.414,845, ,835, ,0, ,N, ,0, , , , , , , , , ,3,2,0,0,0,0,1,0,0,0,0,0,0,0,0,0,0,0,0,0,0,0,0,0,0,0,0,0,0,0,0,0,0,0,0,0,0,39.9574,-75.1593, , 
66750,756718,2011023343,6,67,67301,2011,1,1,2128,21,3,1,6,7,5, , ,N,0,0,0,3,0,2,2,1,N,N,40 03:51.609,75 05:04.570,2132, ,2129,3,1,6,N, ,0,Y, , , , , , , , ,1,1,0,0,0,0,0,0,0,0,0,2,2,0,0,0,0,0,0,0,0,0,0,0,0,0,0,0,0,0,0,0,0,0,0,4,0,40.0643,-75.0846, , 
66751,756777,2011027905,6,67,67301,2011,2,1,1416,14,1,1,0,1,1, , ,N,0,0,0,3,0,0,2,2,N,N,40 00:47.939,75 03:26.681,1435, ,1419,1,1,1,N, ,0,N, , , , , , , , ,2,1,0,0,0,0,1,0,0,0,0,0,0,0,0,0,0,0,0,0,0,0,0,0,0,0,0,0,0,0,0,0,0,0,0,0,0,40.0133,-75.0575, , 
66752,756778,2011028355,6,67,67301,2011,3,4,1258,12,1,1,0,7,2, , ,N,0,0,2,3,0,0,1,1,N,N,40 00:19.342,75 04:29.359,1311, ,1302, ,0, ,N, ,0, , , , , , , , , ,1,0,0,0,0,0,0,1,0,0,0,0,0,0,0,0,0,0,0,0,0,0,0,0,0,0,0,0,0,0,0,0,0,0,0,0,0,40.0053,-75.0749, , 
66753,756779,2011029123,6,67,67301,2011,2,1,234,2,3,1,0,1,6, , ,N,0,0,0,3,0,0,1,5,N,N,39 54:57.356,75 09:40.638,318, ,318,9,2,2,N, ,0,Y, , , , , , , , ,5,5,0,0,0,0,0,0,0,0,0,0,0,0,0,0,0,0,0,0,0,0,0,0,0,0,0,0,0,0,0,0,0,0,0,0,0,39.9159,-75.1613, , 
66754,756827,2011031137,6,67,67301,2011,2,4,2022,20,3,1,0,8,1, , ,N,2,2,0,3,0,1,2,2,N,N,40 02:48.569,75 00:53.502,2202, ,2202, ,0, ,N, ,3, , , , , , , , , ,1,1,0,0,0,0,0,0,0,0,1,0,1,0,0,0,0,0,0,0,0,0,0,0,0,0,0,0,0,0,0,0,1,0,0,3,0,40.0468,-75.0149, , 
66755,756828,2011031380,6,67,67301,2011,2,1,855,8,1,1,0,4,1, , ,N,1,2,0,3,0,3,5,2,N,N,40 01:11.208,75 09:02.246,905, ,859, ,0, ,N, ,3, , , , , , , , , ,2,2,0,0,0,0,0,0,0,0,0,3,3,0,2,0,0,0,0,0,0,0,0,2,0,0,0,0,0,0,0,0,0,0,0,4,0,40.0198,-75.1506, , 
66756,756832,2011033464,6,67,67301,2011,2,6,1245,12,1,1,0,4,1, , ,N,2,2,0,3,0,1,3,2, , ,39 56:08.829,75 09:22.557,1255, ,1248,3,2,6, , ,3,Y, , , , , , , , ,2,2,0,0,0,0,0,0,0,0,0,1,1,0,0,0,0,0,0,0,1,0,0,0,0,0,0,0,0,0,0,0,0,0,0,4,0,39.9358,-75.1563, , 
66757,756847,2011045499,6,67,67301,2011,4,1,300,3,3,2,1,7,4, , ,N,0,0,0,3,0,0,1,1,N,N,39 58:37.940,75 11:59.676,308, ,302, ,0, ,N, ,0, , , , , , , , , ,1,1,0,0,0,0,0,0,0,0,0,0,0,0,0,0,0,0,0,0,0,0,0,0,0,0,0,0,0,0,0,0,0,0,0,0,0,39.9772,-75.1999, , 
66758,756861,2011020510,6,67,67301,2011,1,7,2205,22,2,1,0,1,1, , ,N,0,0,0,3,0,1,4,2,N,N,39 52:53.321,75 14:46.783,3, ,2343, ,0, ,N, ,0, , , , , , , , , ,2,2,0,0,0,0,0,0,0,0,1,0,1,0,0,0,0,0,0,0,0,1,0,0,0,0,0,0,0,0,0,0,0,0,0,3,0,39.8815,-75.2463, , 
66759,756864,2011023044,6,67,67301,2011,1,7,225,2,3,4,5,7,5, , ,N,0,0,0,3,0,0,1,1,N,N,39 57:22.363,75 11:12.958,231, ,230,3,2,2,N, ,0,Y, , , , , , , , ,1,1,0,0,0,0,0,0,0,0,0,0,0,0,0,0,0,0,0,0,0,0,0,0,0,0,0,0,0,0,0,0,0,0,0,0,0,39.9562,-75.1869, , 
66760,756894,2011056823,6,67,67301,2011,5,5,1300,13,1,1,0,5,9, , ,N,1,2,0,3,0,0,5,2, , ,39 54:45.057,75 08:17.157,1303, ,1301, ,0, , , ,3, , , , , , , , , ,2,0,0,0,1,0,0,1,0,0,0,0,0,0,0,0,0,0,0,0,1,0,0,0,0,0,0,0,0,0,0,0,0,0,0,0,0,39.9125,-75.1381, , 
66761,756924,2011038469,6,67,67301,2011,3,1,310,3,3,1,0,4,1, , ,N,1,2,0,3,0,0,4,2,N,N,39 59:29.371,75 08:53.732,442, ,439, ,0, ,N, ,3, , , , , , , , , ,2,1,0,0,0,0,1,0,0,0,0,0,0,0,4,0,0,0,0,0,0,0,0,0,0,0,0,0,0,0,0,0,0,0,0,9,0,39.9915,-75.1483, , 
66762,756943,2011057285,6,67,67301,2011,4,2,9999,99,1,1,0,4,1, , ,N,2,3,0,3,0,1,2,2,N,N,39 59:00.214,75 08:47.198,1240, ,1235, ,0, ,N, ,3, , , , , , , , , ,2,2,0,0,0,0,0,0,0,0,0,0,1,1,0,0,0,0,0,0,0,0,0,2,0,0,0,0,0,0,0,0,0,0,0,8,0,39.9834,-75.1464, , 
66763,756976,2011038216,6,67,67301,2011,3,2,1001,10,1,1,0,8,1, , ,N,0,0,0,3,0,1,2,2,N,N,40 01:18.736,75 08:54.181,1014, ,1011, ,0, ,N, ,0, , , , , , , , , ,1,1,0,0,0,0,0,0,0,0,1,0,1,0,0,0,0,0,0,0,0,0,0,0,0,0,0,0,0,0,0,0,1,0,0,3,0,40.0219,-75.1484, , 
66764,757026,2011040393,6,67,67301,2011,3,5,2352,23,3,1,0,4,1, , ,N,1,3,0,3,0,2,3,2,N,N,40 03:46.848,75 03:18.044,2353, ,2353,2,2,2,N, ,3,Y, , , , , , , , ,2,2,0,0,0,0,0,0,0,0,0,2,2,0,0,0,0,0,0,0,0,0,0,0,0,0,0,0,0,0,0,0,0,0,0,4,0,40.063,-75.0549, , 
66765,757059,2011023296,6,67,67301,2011,1,6,958,9,1,4,3,1,1, , ,N,1,2,0,3,0,1,2,2,N,N,40 04:02.954,75 10:45.487,1005, ,959, ,0, ,N, ,3, , , , , , , , , ,2,2,0,0,0,0,0,0,0,0,0,0,1,1,0,0,0,0,0,0,2,0,0,0,0,0,0,0,0,0,0,0,0,0,0,8,0,40.0675,-75.1793, , 
66766,757069,2011032115,6,67,67301,2011,3,5,1703,17,1,1,0,1,1, , ,N,0,0,0,3,0,0,6,3,N,N,39 59:08.279,75 05:35.623,1707, ,1705,2,1,1,N, ,0,N, , , , , , , , ,3,2,0,0,0,0,0,0,0,0,0,0,0,0,1,0,0,0,0,0,0,0,0,0,0,0,0,0,0,0,0,0,0,0,0,9,0,39.9856,-75.0934, , 
66767,757070,2011033005,6,67,67301,2011,3,1,2137,21,3,1,0,1,1, , ,N,0,0,0,3,0,2,2,2,N,N,39 59:56.340,75 11:43.304,2141, ,2138,1,1,4,N, ,0,N, , , , , , , , ,2,2,0,0,0,0,0,0,0,0,2,0,2,0,0,0,0,0,0,0,0,1,0,0,0,0,0,0,0,0,0,0,0,0,0,3,0,39.999,-75.1954, , 
66768,761097,2011023188,6,67,67301,2011,1,6,1200,12,1,1,0,1,1, , ,N,0,0,0,3,0,0,3,3,N,N,39 56:04.483,75 13:17.455,1200, ,1200, ,0, ,N, ,0, , , , , , , , , ,3,2,0,0,0,0,1,0,0,0,0,0,0,0,0,0,0,0,0,0,1,1,0,0,0,0,0,0,0,0,0,0,0,0,0,0,0,39.9346,-75.2215, , 
66769,761098,2011023279,6,67,67301,2011,1,2,1435,14,1,1,1,8,1, , ,N,1,2,0,3,0,1,2,2,N,N,39 56:06.468,75 09:13.917,1441, ,1439, ,0, ,N, ,2, , , , , , , , , ,1,1,0,0,0,0,0,0,0,0,0,1,1,0,0,0,0,0,0,0,0,0,0,0,0,0,0,0,0,0,0,0,1,0,0,4,0,39.9351,-75.1539, , 
66770,761101,2011028112,6,67,67301,2011,2,4,530,5,3,1,0,7,2, , ,N,0,0,0,3,0,0,1,1,N,N,39 53:34.939,75 13:54.277,830, ,822, ,0, ,N, ,0, , , , , , , , , ,1,1,0,0,0,0,0,0,0,0,0,0,0,0,1,0,0,0,0,0,0,0,0,0,0,0,0,0,0,0,0,0,0,0,0,9,0,39.893,-75.2317, , 
66771,761102,2011028929,6,67,67301,2011,2,6,2339,23,3,1,0,8,1, , ,N,0,0,0,3,0,1,3,2,N,N,39 57:37.374,75 11:21.796,2341, ,2340,9,1,3,N, ,0,Y, , , , , , , , ,1,0,0,0,0,0,0,1,0,0,0,1,1,0,1,0,0,0,0,0,0,0,0,0,0,0,0,0,0,0,0,0,1,0,0,4,0,39.9604,-75.1894, , 
66772,761107,2011033519,6,67,67301,2011,2,2,2010,20,3,2,1,4,1, , ,N,1,3,0,3,0,1,4,2,N,N,40 00:56.606,75 08:25.936,2011, ,2011, ,0, ,N, ,3, , , , , , , , , ,2,2,0,0,0,0,0,0,0,0,0,1,1,0,3,0,0,0,0,0,0,0,0,0,0,0,0,0,0,0,0,0,0,0,0,4,0,40.0157,-75.1405, , 
66773,761117,2011044848,6,67,67301,2011,3,5,1810,18,1,1,0,8,1, , ,N,0,0,0,3,0,1,2,3,N,N,40 04:33.920,75 09:53.942,1831, ,1826, ,0, ,N, ,0, , , , , , , , , ,2,1,1,0,0,0,0,0,0,0,0,0,1,1,1,0,0,0,0,0,0,0,0,0,0,0,0,0,0,0,0,0,1,0,0,8,0,40.0761,-75.165, , 
66774,761121,2011046499,6,67,67301,2011,5,2,534,5,5,1,0,1,1, , ,N,0,0,0,3,0,1,3,2,N,N,39 58:57.744,75 12:28.684,542, ,541,1,1,3,N, ,0,N, , , , , , , , ,2,0,0,0,1,0,1,0,0,0,0,1,1,0,0,0,0,0,0,0,1,0,0,0,0,0,0,0,0,0,0,0,0,0,0,4,0,39.9827,-75.208, , 
66775,761127,2011054325,6,67,67301,2011,4,3,2130,21,3,1,0,4,1, , ,N,1,3,0,3,0,1,2,2,N,N,39 57:25.689,75 12:29.847,2135, ,2132, ,0, ,N, ,3, , , , , , , , , ,1,0,0,0,0,0,1,0,1,0,0,1,1,0,0,0,0,0,0,0,1,0,0,0,0,0,0,0,0,0,0,0,0,0,0,4,0,39.9571,-75.2083, , 
66776,761163,2011054032,6,67,67301,2011,4,6,2100,21,3,1,0,2,1, , ,N,1,2,0,3,0,3,4,2,N,N,39 58:27.296,75 15:18.665,2140, ,2130, ,0, ,N, ,3, , , , , , , , , ,2,2,0,0,0,0,0,0,0,0,0,3,3,0,0,0,0,0,0,0,1,0,0,0,0,0,0,0,0,0,0,0,0,0,0,4,0,39.9742,-75.2552, , 
66777,761169,2011066039,6,67,67301,2011,5,3,1520,15,1,1,0,4,1, , ,N,1,2,0,3,0,1,2,2,N,N,39 53:23.545,75 14:01.242,1550, ,1545, ,0, ,N, ,3, , , , , , , , , ,2,2,0,0,0,0,0,0,0,0,0,1,1,0,0,0,0,0,0,0,0,0,0,0,0,0,0,0,0,0,0,0,0,0,0,4,0,39.8898,-75.2338, , 
66778,761200,2011035884,6,67,67301,2011,3,7,411,4,3,1,0,1,1, , ,N,0,0,2,3,0,2,2,2,N,N,40 00:32.738,75 04:01.198,427, ,422,2,2,1,N, ,0,Y, , , , , , , , ,2,2,0,0,0,0,0,0,0,0,0,0,2,2,0,0,0,0,0,0,0,0,0,0,0,0,0,0,0,0,0,0,0,0,0,8,0,40.009,-75.0676, , 
66779,761202,2011038665,6,46,46102,2011,4,6,1840,18,1,2,1,7,5, , ,N,2,2,0,3,0,1,1,1,N,N,40 02:51.144,75 06:44.351,1910, ,1840, ,0, ,N, ,3, , , , , , , , , ,1,0,0,0,0,0,1,0,0,0,0,0,1,1,0,0,0,0,0,0,0,0,0,0,0,0,0,0,0,0,0,0,0,0,0,8,0,40.0475,-75.1124, , 
66780,761221,2011054380,6,67,67301,2011,4,4,2115,21,3,1,0,7,5, , ,N,2,2,0,3,0,1,4,1,N,N,40 01:32.498,75 03:19.485,2140, ,2133,1,2,4,Y, ,3,Y, , , , , , , , ,1,0,0,0,0,0,1,0,0,0,0,0,1,1,0,0,0,0,0,0,0,0,0,0,0,0,0,0,0,0,0,0,0,0,0,8,0,40.0257,-75.0554, , 
66781,761236,2011015944,6,67,67301,2011,1,4,955,9,1,4,4,8,1, , ,N,2,3,0,3,0,1,2,2,N,N,39 57:45.606,75 12:16.711,1000, ,958, ,0, ,N, ,9, , , , , , , , , ,1,1,0,0,0,0,0,0,0,0,0,0,1,1,0,0,0,0,0,0,0,0,0,0,0,0,0,0,0,0,0,0,1,0,0,8,0,39.9627,-75.2046, , 
66782,761237,2011015974,6,67,67301,2011,1,2,1938,19,3,1,0,1,2, , ,N,0,0,0,3,0,0,2,2,N,N,39 58:57.075,75 13:51.852,1944, ,1940, ,0, ,N, ,0, , , , , , , , , ,2,1,0,0,0,0,1,0,0,0,0,0,0,0,0,0,0,0,0,0,0,0,0,0,0,0,0,0,0,0,0,0,0,0,0,0,0,39.9825,-75.2311, , 
66783,761300,2011053530,6,67,67301,2011,4,5,717,7,1,1,0,1,1, , ,N,0,0,0,3,0,9,23,2,N, ,39 56:00.365,75 13:44.364,723, ,722, ,0, , , ,0, , , , , , , , , ,2,1,0,1,0,0,0,0,0,2,0,7,9,0,0,0,0,0,0,0,0,0,0,0,0,0,0,0,0,0,0,0,0,0,0,2,1,39.9334,-75.229, , 
66784,761304,2011061866,6,67,67301,2011,5,6,58,0,3,1,1,7,5, , ,N,0,0,0,3,0,1,1,1,N,N,39 55:04.669,75 12:38.412,105, ,59, ,0, , , ,0, , , , , , , , , ,1,1,0,0,0,0,0,0,0,0,0,0,1,1,0,0,0,0,0,0,0,0,0,0,0,0,0,0,0,0,0,0,0,0,0,8,0,39.9178,-75.2116, , 
66785,761305,2011062479,6,67,67301,2011,6,4,1035,10,1,1,0,1,1, , ,N,0,0,0,3,0,0,2,2,N,N,39 57:25.423,75 09:09.506,1111, ,1040, ,0, ,N, ,0, , , , , , , , , ,2,0,0,0,0,0,2,0,0,0,0,0,0,0,0,0,0,0,0,0,1,0,0,0,0,0,0,0,0,0,0,0,0,0,0,0,0,39.9571,-75.1526, , 
66786,768449,2011057318,6,67,67301,2011,5,2,2,0,3,1,0,4,1, , ,N,1,2,0,3,0,1,2,2,N,N,40 00:49.805,75 05:50.374,23, ,5, ,0, ,N, ,3, , , , , , , , , ,2,2,0,0,0,0,0,0,0,0,0,1,1,0,1,0,0,0,0,0,1,0,0,0,0,0,0,0,0,0,0,0,0,0,0,4,0,40.0137,-75.0974, , 
66787,768457,2011064099,6,67,67301,2011,5,1,2233,22,3,1,0,8,1, , ,N,0,2,0,3,0,1,2,2,N,N,40 01:37.694,75 06:51.576,2242, ,2233,9,2,4,N, ,3,Y, , , , , , , , ,1,0,0,0,0,0,0,0,0,0,1,0,1,0,0,0,0,0,0,0,0,0,0,0,0,0,0,0,0,0,0,0,1,0,0,3,0,40.0271,-75.1143, , 
66788,768470,2011033496,6,67,67301,2011,3,7,9999,99,1,1,0,4,1, , ,N,2,3,0,3,0,1,2,2,N,N,39 56:25.195,75 10:21.993,947, ,940, ,0, , , ,3, , , , , , , , , ,2,0,1,0,0,0,1,0,0,0,0,0,1,1,0,0,0,0,0,0,0,0,0,0,0,0,0,0,0,0,0,0,0,0,0,8,0,39.9403,-75.1728, , 
66789,768484,2011053410,6,67,67301,2011,4,5,2300,23,3,1,0,4,1, , ,N,2,0,0,3,0,0,4,2,N,N,39 57:13.402,75 13:56.207,2311, ,2300, ,0, ,N, ,0, , , , , , , , , ,2,2,0,0,0,0,0,0,0,0,0,0,0,0,0,0,0,0,0,0,0,0,0,1,0,0,0,0,0,0,0,0,0,0,0,0,0,39.9537,-75.2323, , 
66790,768485,2011053601,6,67,67301,2011,4,7,2327,23,3,2,1,8,1, , ,N,1,3,0,3,0,1,2,2,N,N,39 56:03.274,75 12:59.057,150, ,140, ,0, ,N, ,3, , , , , , , , , ,1,0,0,0,0,0,0,1,0,0,0,0,1,1,1,0,0,0,0,0,0,0,0,0,0,0,0,0,0,0,0,0,1,0,0,8,0,39.9342,-75.2164, , 
66791,768486,2011057030,6,67,67301,2011,4,6,1458,14,1,1,0,4,1, , ,N,1,2,0,3,0,0,2,2,N,N,39 57:16.505,75 12:22.873,1459, ,1458,9,1,7, , ,3,N, , , , , , , , ,2,2,0,0,0,0,0,0,0,0,0,0,0,0,0,0,0,0,0,0,1,0,0,0,0,0,0,0,0,0,0,0,0,0,0,0,0,39.9546,-75.2064, , 
66792,768491,2011060106,6,67,67301,2011,6,1,1406,14,1,1,0,4,1, , ,N,0,0,0,3,0,0,3,2,N,N,39 55:53.589,75 11:58.321,1418, ,1407,1,1,4,N, ,0,N, , , , , , , , ,2,2,0,0,0,0,0,0,0,0,0,0,0,0,0,0,0,0,0,0,0,0,0,0,0,0,0,0,0,0,0,0,0,0,0,0,0,39.9316,-75.1995, , 
66793,768524,2011026829,6,67,67301,2011,3,6,1507,15,1,1,0,4,1, , ,N,0,0,0,3,0,1,2,2,N,N,39 55:27.716,75 11:34.321,1509, ,1508, ,0, ,N, ,0, , , , , , , , , ,2,2,0,0,0,0,0,0,0,0,0,0,1,1,0,0,0,0,0,0,1,0,0,0,0,0,0,0,0,0,0,0,0,0,0,8,0,39.9244,-75.1929, , 
66794,768527,2011027436,6,67,67301,2011,3,5,1630,16,1,1,0,5,1, , ,N,0,0,0,3,0,0,2,2,N,N,40 02:45.363,75 00:06.522,1648, ,1637, ,0, ,N, ,0, , , , , , , , , ,2,1,0,0,0,0,1,0,0,0,0,0,0,0,0,0,0,0,1,0,1,0,0,0,0,0,0,0,0,0,0,0,0,0,0,0,0,40.0459,-75.0018, , 
66795,768528,2011029044,6,67,67301,2011,2,7,1340,13,1,2,1,4,1, , ,N,1,3,0,3,0,6,6,2,N,N,39 58:14.108,75 09:03.119,1345, ,1340, ,0, ,N, ,3, , , , , , , , , ,2,1,0,0,0,0,0,0,0,0,3,1,6,2,0,0,0,0,0,0,0,0,0,0,0,0,0,0,0,0,0,0,0,0,0,3,0,39.9705,-75.151, , 
66796,768532,2011033567,6,67,67301,2011,3,4,29,0,3,1,0,7,5, , ,N,0,0,0,3,0,0,1,1,N,N,39 54:47.724,75 11:32.192,38, ,30,3,2,5,N, ,0,Y, , , , , , , , ,1,0,0,0,1,0,0,0,0,0,0,0,0,0,0,0,0,0,0,0,0,0,0,0,0,0,0,0,0,0,0,0,0,0,0,0,0,39.9133,-75.1923, , 
66797,768536,2011038384,6,67,67301,2011,3,5,2010,20,3,1,0,4,1, , ,N,2,0,0,3,0,1,2,3,N,N,40 04:31.832,75 02:08.201,2014, ,2010, ,0, , , ,0, , , , , , , , , ,3,1,0,0,0,0,2,0,0,0,1,0,1,0,1,0,0,0,0,0,0,0,0,0,0,0,0,0,0,0,0,0,0,0,0,3,0,40.0755,-75.0356, , 
66798,768537,2011038432,6,67,67301,2011,3,7,300,3,3,1,0,4,1, , ,N,1,2,0,3,0,1,2,2,N,N,39 57:53.673,75 13:28.432,300, ,300, ,0, ,N, ,3, , , , , , , , , ,2,2,0,0,0,0,0,0,0,0,0,1,1,0,0,0,0,0,0,0,0,0,0,0,0,0,0,0,0,0,0,0,0,0,0,4,0,39.9649,-75.2246, , 
66799,768538,2011040375,6,67,67301,2011,3,6,1405,14,1,1,0,4,1, , ,N,1,2,0,3,0,2,3,2, , ,40 04:50.725,75 01:42.964,1410, ,1410,1,1,1, , ,3,N, , , , , , , , ,2,1,0,0,0,0,0,1,0,0,0,2,2,0,0,0,0,0,0,0,0,0,0,0,0,0,0,0,0,0,0,0,0,0,0,4,0,40.0808,-75.0286, , 
66800,768551,2011054509,6,67,67301,2011,5,2,1352,13,1,1,0,7,2, , ,N,0,0,0,3,0,2,2,2,N,N,39 59:00.496,75 05:52.967,1401, ,1357,1,2,2,N, ,0,N, , , , , , , , ,1,1,0,0,0,0,0,0,0,0,0,2,2,0,0,0,0,0,0,0,1,0,0,0,0,0,0,0,0,0,0,0,0,0,0,4,0,39.9835,-75.0979, , 
66801,768563,2011015945,6,67,67301,2011,1,6,9999,99,3,8,6,1,1, , ,N,0,0,0,3,0,2,3,3,N,N,40 01:30.842,75 06:48.690,155, ,148, ,0, , , ,0, , , , , , , , , ,3,2,0,0,0,0,0,0,0,0,0,0,2,2,0,0,0,0,0,0,0,0,0,0,0,0,0,0,0,0,0,0,0,0,0,8,0,40.0252,-75.1135, , 
66802,768570,2011023025,6,67,67301,2011,1,1,130,1,3,1,0,1,1, , ,N,1,2,0,3,0,1,3,2,N,N,39 56:40.704,75 09:54.830,130, ,130, ,0, ,N, ,3, , , , , , , , , ,2,2,0,0,0,0,0,0,0,0,0,1,1,0,0,0,0,0,0,0,1,0,0,1,0,0,0,0,0,0,0,0,0,0,0,4,0,39.9447,-75.1652, , 
66803,768572,2011023199,6,67,67301,2011,1,6,9999,99,1,1,5,7,5, , ,N,2,3,0,3,0,0,1,1,N,N,40 00:51.656,75 09:15.285,9999, ,9999, ,0, , , ,3, , , , , , , , , ,1,1,0,0,0,0,0,0,0,0,0,0,0,0,0,0,0,0,0,0,1,0,0,1,0,0,0,0,0,0,0,0,0,0,0,0,0,40.0143,-75.1542, , 
66804,768580,2011028857,6,67,67301,2011,2,5,1500,15,1,1,1,8,1, , ,N,1,3,0,3,0,1,3,2, , ,39 55:14.472,75 10:13.981,1529, ,529, ,0, , , ,3, , , , , , , , , ,1,1,0,0,0,0,0,0,0,0,0,1,1,0,0,0,0,0,0,0,0,0,0,0,0,0,0,0,0,0,0,0,1,0,0,4,0,39.9206,-75.1704, , 
66805,765357,2011038203,6,67,67301,2011,3,7,429,4,3,1,8,4,1, , ,N,1,2,0,3,0,1,3,2,N,N,39 58:58.610,75 06:05.380,931, ,430, ,0, ,N, ,3, , , , , , , , , ,2,1,0,0,0,0,1,0,0,0,0,1,1,0,0,0,0,0,0,0,0,0,0,0,0,0,0,0,0,0,0,0,0,0,0,4,0,39.983,-75.1014, , 
66806,765358,2011039433,6,67,67301,2011,3,2,2258,22,2,1,0,1,1, , ,N,0,0,0,3,0,0,2,2,Y,N,39 58:58.485,75 05:55.878,2318, ,2301,1,1,1,N, ,0,N, , , , , , , , ,2,2,0,0,0,0,0,0,0,0,0,0,0,0,0,0,0,0,0,0,0,0,0,0,0,0,0,0,0,0,0,0,0,0,0,0,0,39.9829,-75.099, , 
66807,765359,2011040595,6,67,67301,2011,4,2,702,7,1,1,0,7,2, , ,N,0,0,0,3,0,1,1,1,N,N,39 58:42.385,75 12:09.628,803, ,702, ,0, ,N, ,0, , , , , , , , , ,1,0,1,0,0,0,0,0,0,0,1,0,1,0,0,0,0,0,0,0,0,0,0,0,0,0,0,0,0,0,0,0,0,0,0,3,0,39.9784,-75.2027, , 
66808,765391,2011021904,6,67,67301,2011,2,5,1202,12,1,1,0,1,1, , ,N,6,0,2,3,0,2,2,3,N,N,39 55:30.581,75 11:35.978,1209, ,1202,2,2,4,N, ,0,N, , , , , , , , ,2,2,0,0,0,0,0,0,0,0,0,0,2,2,0,0,0,0,0,0,1,0,0,0,0,0,0,0,0,0,0,0,1,0,0,8,0,39.9252,-75.1933, , 
66809,765405,2011037921,6,67,67301,2011,3,7,53,0,3,1,0,7,2, , ,N,0,0,0,3,0,3,3,1,N,N,39 55:36.714,75 08:42.160,53, ,53, ,0, ,N, ,0, , , , , , , , , ,1,1,0,0,0,0,0,0,0,0,0,2,3,1,0,0,0,0,0,0,0,0,0,0,0,0,0,0,0,0,0,0,0,0,0,4,0,39.9268,-75.145, , 
66810,765406,2011038361,6,67,67301,2011,3,5,1956,19,3,2,1,4,1, , ,N,1,2,2,3,0,2,3,2,N,N,39 58:28.976,75 11:54.231,2015, ,2000,2,2,1,N, ,3,Y, , , , , , , , ,2,2,0,0,0,0,0,0,0,0,1,1,2,0,0,0,0,0,0,0,0,0,0,0,0,0,0,0,0,0,0,0,0,0,0,3,0,39.9747,-75.1984, , 
66811,765421,2011048554,6,67,67301,2011,4,5,2004,20,3,1,0,0,1, , ,N,0,0,0,3,0,0,4,1,N,N,40 00:33.335,75 03:59.099,2008, ,2007,1,2,1,N, ,0,N, , , , , , , , ,1,1,0,0,0,0,0,0,0,0,0,0,0,0,0,0,0,0,0,0,0,0,0,0,0,0,0,0,0,0,0,0,0,0,0,0,0,40.0092,-75.0666, , 
66812,765452,2011037906,6,67,67301,2011,3,6,45,0,2,1,0,2,1, , ,N,0,0,0,3,0,0,3,2, , ,40 01:47.750,75 11:16.500,50, ,45,3,2,7, , ,0,Y, , , , , , , , ,2,2,0,0,0,0,0,0,0,0,0,0,0,0,1,0,0,0,0,0,0,0,0,0,0,0,0,0,0,0,0,0,0,0,0,9,0,40.0299,-75.1879, , 
66813,765462,2011053015,6,67,67301,2011,5,6,1852,18,1,2,1,1,1, , ,N,0,0,0,3,0,0,2,2,N,N,40 00:47.846,75 03:28.430,1932, ,1852, ,0, ,N, ,0, , , , , , , , , ,2,1,0,0,0,0,1,0,0,0,0,0,0,0,0,0,0,0,0,0,0,0,0,0,0,0,0,0,0,0,0,0,0,0,0,0,0,40.0133,-75.0578, , 