objectid_1,objectid,crn,district,county,municipality,crash_year,crash_month,day_of_week,time_of_day,hour_of_day,illumination,weather,road_condition,collision_type,relation_to_road,work_zone_type,work_zone_loc,work_zone_ind,intersect_type,tcd_type,location_type,urban_rural,fatal_count,injury_count,person_count,total_units,sch_bus_ind,sch_zone_ind,latitude,longitude,arrival_tm,cons_zone_spd_lim,dispatch_tm,est_hrs_closed,lane_closed,ln_close_dir,ntfy_hiwy_maint,spec_juris_cd,tcd_func_cd,tfc_detour_ind,workers_pres,wz_close_detour,wz_flagger,wz_law_offcr_ind,wz_ln_closure,wz_moving,wz_other,wz_shlder_mdn,vehicle_count,automobile_count,motorcycle_count,bus_count,small_truck_count,heavy_truck_count,suv_count,van_count,bicycle_count,maj_inj_count,mod_inj_count,min_inj_count,tot_inj_count,unk_inj_deg_count,unk_inj_per_count,driver_count_16yr,driver_count_17yr,driver_count_18yr,driver_count_19yr,driver_count_20yr,driver_count_50_64yr,driver_count_65_74yr,driver_count_75plus,unbelted_occ_count,unb_death_count,unb_maj_inj_count,belted_death_count,belted_maj_inj_count,mcycle_death_count,mcycle_maj_inj_count,bicycle_death_count,bicycle_maj_inj_count,ped_count,ped_death_count,ped_maj_inj_count,max_severity_level,comm_veh_count,dec_lat,dec_long,rdwy_surf_type_cd,county_name
66814,765473,2011006939,6,67,67301,2011,1,7,2251,22,3,1,0,1,1, , ,N,0,0,7,3,0,1,2,2,N,N,40 04:56.293,75 12:18.785,2254, ,2251,1,1,1,N, ,0,N, , , , , , , , ,2,1,0,0,0,0,1,0,0,0,0,0,1,1,0,0,0,0,0,0,1,0,0,0,0,0,0,0,0,0,0,0,0,0,0,8,0,40.0823,-75.2052, , 
66815,765486,2011023888,6,67,67301,2011,2,4,1956,19,3,1,0,1,1, , ,N,6,4,2,3,0,1,3,2,N,N,39 56:42.200,75 11:27.000,2012, ,1959,1,1,4,N, ,3,N, , , , , , , , ,2,2,0,0,0,0,0,0,0,0,0,1,1,0,0,0,0,1,0,0,0,0,0,0,0,0,0,0,0,0,0,0,0,0,0,4,0,39.9451,-75.1908, , 
66816,765490,2011026023,6,67,67301,2011,2,1,1519,15,1,1,0,1,1, , ,N,0,0,0,3,0,0,4,2,N,N,39 59:35.596,75 05:05.396,1528, ,1521, ,0, ,N, ,0, , , , , , , , , ,2,1,0,0,0,0,0,1,0,0,0,0,0,0,0,0,0,0,0,1,0,0,0,0,0,0,0,0,0,0,0,0,0,0,0,0,0,39.9931,-75.0849, , 
66817,765493,2011029438,6,67,67301,2011,2,6,9999,99,4,8,0,1,1, , ,N,0,0,0,3,0,0,2,2,N,N,40 01:24.892,75 01:53.815,1630, ,1612, ,0, ,N, ,0, , , , , , , , , ,2,1,0,0,0,0,0,1,0,0,0,0,0,0,0,0,0,0,0,0,1,0,0,0,0,0,0,0,0,0,0,0,0,0,0,0,0,40.0236,-75.0316, , 
66818,765515,2011053585,6,67,67301,2011,4,2,158,1,3,1,0,5,1, , ,N,0,0,0,3,0,0,1,2,N, ,39 59:31.023,75 09:43.776,205, ,158, ,0, , , ,0, , , , , , , , , ,2,2,0,0,0,0,0,0,0,0,0,0,0,0,0,0,0,0,0,0,0,0,0,0,0,0,0,0,0,0,0,0,0,0,0,0,0,39.992,-75.1622, , 
66819,765516,2011056811,6,67,67301,2011,5,5,733,7,1,1,0,8,1, , ,N,1,3,0,3,0,1,2,2,N,N,39 56:01.248,75 13:53.583,1707, ,1707, ,0, ,N, ,3, , , , , , , , , ,1,0,0,0,0,0,0,0,0,0,0,1,1,0,1,0,0,0,0,0,0,0,0,0,0,0,0,0,0,0,0,0,1,0,0,4,1,39.9337,-75.2316, , 
66820,765559,2011048766,6,67,67301,2011,5,5,1840,18,1,1,0,5,1, , ,N,0,0,0,3,0,4,4,3,N,N,39 59:46.262,75 11:49.010,1844, ,1844,1,2,4,N, ,0,Y, , , , , , , , ,3,1,0,0,0,0,1,1,0,0,0,0,4,4,0,0,0,0,1,0,0,0,0,0,0,0,0,0,0,0,0,0,0,0,0,8,0,39.9962,-75.1969, , 
66821,765575,2011068363,6,67,67301,2011,6,5,2000,20,3,9,0,4,1, , ,N,1,2,0,3,0,1,2,2,N,N,39 57:56.462,75 13:20.110,135, ,130, ,0, ,N, ,3, , , , , , , , , ,1,0,0,0,0,0,1,0,1,0,1,0,1,0,0,0,0,0,0,0,0,0,0,0,0,0,0,0,0,0,0,0,0,0,0,3,0,39.9657,-75.2223, , 
66822,765608,2011108733,6,67,67301,2011,9,3,946,9,1,1,0,8,1, , ,N,1,2,0,3,0,1,2,2,N,N,39 54:33.696,75 09:40.053,1025, ,1005,3,1,1,N, ,2,N, , , , , , , , ,1,0,0,0,0,1,0,0,0,0,1,0,1,0,0,0,0,0,0,0,0,0,0,0,0,0,0,0,0,0,0,0,1,0,0,3,1,39.9094,-75.1611, , 
66823,765635,2011038219,6,67,67301,2011,3,5,1827,18,3,1,0,8,1, , ,N,2,3,0,3,0,1,3,2,N,N,39 59:22.531,75 07:00.775,1846, ,1836, ,0, ,N, ,3, , , , , , , , , ,1,1,0,0,0,0,0,0,0,0,0,1,1,0,0,0,0,0,0,0,0,0,0,0,0,0,0,0,0,0,0,0,1,0,0,4,0,39.9896,-75.1169, , 
66824,757071,2011033465,6,67,67301,2011,3,6,9999,99,1,1,0,7,5, , ,N,0,0,0,3,0,0,1,1,N,N,39 56:12.309,75 11:51.328,627, ,625, ,0, ,N, ,0, , , , , , , , , ,1,0,0,0,1,0,0,0,0,0,0,0,0,0,1,0,0,0,0,0,1,0,0,0,0,0,0,0,0,0,0,0,0,0,0,9,0,39.9368,-75.1976, , 
66825,757072,2011033467,6,67,67301,2011,3,5,9999,99,1,2,1,4,1, , ,N,1,2,0,3,0,0,2,2, , ,39 59:03.239,75 05:56.509,725, ,720, ,0, , , ,3, , , , , , , , , ,2,2,0,0,0,0,0,0,0,0,0,0,0,0,0,0,0,0,0,0,1,0,0,0,0,0,0,0,0,0,0,0,0,0,0,0,0,39.9842,-75.099, , 
66826,757111,2011031196,6,67,67301,2011,2,6,1800,18,3,8,8,0,1, , ,N,0,0,1,3,0,1,4,3,N,N,40 01:25.570,75 11:45.320,1810, ,1800,1,2,2,N, ,0,N, , , , , , , , ,3,1,1,0,1,0,0,0,0,0,0,0,1,1,3,0,0,0,0,0,0,0,0,0,0,0,0,0,0,0,0,0,0,0,0,8,0,40.0238,-75.1959, , 
66827,757112,2011031203,6,67,67301,2011,2,1,322,3,3,1,0,7,2, , ,N,0,0,0,3,0,0,1,1,N,N,39 58:43.050,75 10:47.596,337, ,336, ,0, ,N, ,0, , , , , , , , , ,1,1,0,0,0,0,0,0,0,0,0,0,0,0,0,0,0,0,0,0,0,0,0,0,0,0,0,0,0,0,0,0,0,0,0,0,0,39.9786,-75.1799, , 
66828,757115,2011035505,6,67,67301,2011,2,6,140,1,3,2,1,1,1, , ,N,0,0,0,3,0,1,2,2,N,N,40 00:32.876,75 04:01.667,154, ,150,2,1,1,N, ,0,N, , , , , , , , ,2,1,0,0,0,0,1,0,0,0,0,0,1,1,0,0,0,0,0,0,1,0,0,0,0,0,0,0,0,0,0,0,0,0,0,8,0,40.0091,-75.0673, , 
66829,757125,2011043719,6,67,67301,2011,1,6,1850,18,3,1,0,1,1, , ,N,0,0,0,3,0,1,2,2,N,N,39 55:22.959,75 10:58.179,1957, ,1923, ,0, ,N, ,0, , , , , , , , , ,2,2,0,0,0,0,0,0,0,0,0,0,1,1,0,0,0,0,0,0,1,0,0,0,0,0,0,0,0,0,0,0,0,0,0,8,0,39.9227,-75.1847, , 
66830,757126,2011047294,6,67,67301,2011,4,7,817,8,1,1,0,5,1, , ,N,0,0,0,3,0,2,2,2,N,N,39 57:14.909,75 11:30.597,819, ,819, ,0, ,N, ,0, , , , , , , , , ,2,2,0,0,0,0,0,0,0,0,0,0,2,2,0,0,0,0,0,0,0,0,0,0,0,0,0,0,0,0,0,0,0,0,0,8,0,39.9541,-75.1918, , 
66831,757149,2011015999,6,67,67301,2011,1,6,1900,19,3,1,0,8,1, , ,N,1,3,0,3,0,1,2,2,N,N,40 04:28.675,75 05:21.346,2015, ,2014, ,0, , , ,3, , , , , , , , , ,1,0,0,0,0,0,0,1,0,0,1,0,1,0,0,0,0,0,0,0,0,0,0,0,0,0,0,0,0,0,0,0,1,0,0,3,0,40.0746,-75.0893, , 
66832,757164,2011047035,6,67,67301,2011,4,6,2123,21,3,2,1,4,1, , ,N,1,2,0,3,0,0,3,2,N,N,40 01:26.988,75 07:59.257,2128, ,2124,1,1,4,N, ,3,N, , , , , , , , ,2,2,0,0,0,0,0,0,0,0,0,0,0,0,0,0,0,0,0,0,0,0,0,0,0,0,0,0,0,0,0,0,0,0,0,0,0,40.0235,-75.1334, , 
66833,757170,2011056777,6,67,67301,2011,5,1,2040,20,2,1,0,8,1, , ,N,0,0,0,3,0,1,2,2, , ,39 59:38.590,75 05:45.040,2053, ,2049, ,0, , , ,0, , , , , , , , , ,1,0,0,0,0,0,1,0,0,0,0,1,1,0,0,0,0,0,0,0,1,0,0,0,0,0,0,0,0,0,0,0,1,0,0,4,0,39.9941,-75.0958, , 
66834,757175,2011063192,6,67,67301,2011,6,6,214,2,3,1,0,6,1, , ,N,0,0,0,3,0,1,3,2,N,N,39 58:01.703,75 07:59.134,222, ,215, ,0, ,N, ,0, , , , , , , , , ,2,2,0,0,0,0,0,0,0,0,0,0,1,1,0,0,0,0,0,1,0,0,0,0,0,0,0,0,0,0,0,0,0,0,0,8,0,39.9671,-75.1332, , 
66835,757178,2011066258,6,67,67301,2011,6,6,844,8,1,1,0,8,1, , ,N,2,0,0,3,0,1,2,2,N,N,39 57:53.625,75 11:59.877,850, ,845,1,2,1,N, ,0,Y, , , , , , , , ,1,1,0,0,0,0,0,0,0,0,0,0,1,1,0,0,0,0,0,0,1,0,0,0,0,0,0,0,0,0,0,0,1,0,0,8,0,39.9649,-75.2, , 
66836,757181,2011069166,6,67,67301,2011,6,5,1530,15,1,1,0,4,1, , ,N,1,3,0,3,0,0,4,2,N,N,39 57:35.366,75 09:49.409,1535, ,9999, ,0, ,N, ,3, , , , , , , , , ,2,2,0,0,0,0,0,0,0,0,0,0,0,0,0,0,0,0,0,0,1,1,0,0,0,0,0,0,0,0,0,0,0,0,0,0,0,39.9598,-75.1637, , 
66837,757209,2011038379,6,67,67301,2011,3,7,2115,21,3,1,0,4,1, , ,N,1,2,0,3,0,1,2,2,N,N,39 57:16.504,75 10:22.784,2130, ,2122, ,0, ,N, ,3, , , , , , , , , ,2,2,0,0,0,0,0,0,0,0,0,1,1,0,0,0,0,0,0,0,0,0,0,0,0,0,0,0,0,0,0,0,0,0,0,4,0,39.9546,-75.173, , 
66838,757213,2011044440,6,67,67301,2011,3,3,1015,10,1,1,0,4,1, , ,N,1,3,0,3,0,0,3,2,N,N,39 55:31.735,75 14:19.982,1115, ,0, ,0, ,N, ,3, , , , , , , , , ,2,2,0,0,0,0,0,0,0,0,0,0,0,0,2,0,0,0,0,0,0,0,0,0,0,0,0,0,0,0,0,0,0,0,0,9,0,39.9255,-75.2389, , 
66839,757239,2011009844,6,67,67301,2011,1,1,1733,17,3,8,1,4,1, , ,N,2,0,0,3,0,2,3,2,N,N,39 59:32.578,75 09:54.197,1745, ,1742, ,0, ,N, ,0, , , , , , , , , ,2,2,0,0,0,0,0,0,0,0,0,2,2,0,0,0,0,0,0,0,0,0,1,0,0,0,0,0,0,0,0,0,0,0,0,4,0,39.9924,-75.1651, , 
66840,757277,2011070717,6,67,67301,2011,4,7,2213,22,3,2,1,7,5, , ,N,0,0,0,3,0,0,1,1,N,N,39 57:57.167,75 11:11.056,2234, ,2219,1,1,4,N, ,0,N, , , , , , , , ,1,1,0,0,0,0,0,0,0,0,0,0,0,0,0,0,0,0,0,0,0,0,0,0,0,0,0,0,0,0,0,0,0,0,0,0,0,39.9659,-75.1864, , 
66841,757280,2011072971,6,67,67301,2011,6,5,1853,18,1,1,0,1,1, , ,N,0,0,0,3,0,0,2,2,N,N,39 54:05.700,75 09:06.823,1918, ,1859, ,0, ,N, ,0, , , , , , , , , ,2,0,0,0,1,0,0,1,0,0,0,0,0,0,0,0,0,0,0,0,2,0,0,0,0,0,0,0,0,0,0,0,0,0,0,0,0,39.9016,-75.1519, , 
66842,757290,2011011024,6,67,67301,2011,1,4,843,8,1,1,1,1,1, , ,N,0,0,0,3,0,1,2,2,N,N,40 00:15.713,75 11:44.358,856, ,847,1,1,3,N, ,0,N, , , , , , , , ,2,1,0,0,0,0,0,1,0,0,0,0,1,1,0,0,0,0,0,0,0,1,0,0,0,0,0,0,0,0,0,0,0,0,0,8,0,40.0044,-75.1957, , 
66843,761311,2011068448,6,67,67301,2011,6,2,1915,19,3,1,0,8,1, , ,N,0,0,0,3,0,1,2,2,N,N,40 03:36.172,75 14:16.029,1923, ,1919, ,0, ,N, ,0, , , , , , , , , ,1,1,0,0,0,0,0,0,0,0,0,1,1,0,0,0,0,0,0,0,0,0,0,1,0,0,0,0,0,0,0,0,1,0,0,4,0,40.06,-75.2378, , 
66844,761339,2011031361,6,67,67301,2011,2,3,9999,99,1,1,0,4,1, , ,N,1,3,0,3,0,3,3,2,N,N,39 56:04.228,75 13:28.203,805, ,800, ,0, ,N, ,3, , , , , , , , , ,2,1,0,0,1,0,0,0,0,0,0,3,3,0,0,0,0,0,0,0,0,0,0,2,0,0,0,0,0,0,0,0,0,0,0,4,0,39.9345,-75.2245, , 
66845,761341,2011033427,6,67,67301,2011,3,2,2340,23,3,1,0,7,4, , ,N,0,0,0,3,1,0,1,1, , ,40 06:11.322,75 00:12.345,2345, ,2340,9,2,1, ,0,0,Y, , , , , , , , ,1,1,0,0,0,0,0,0,0,0,0,0,0,0,0,0,0,0,0,0,0,0,0,0,0,0,0,0,0,0,0,0,0,0,0,1,0,40.1031,-75.0034,2, 
66846,761342,2011035183,6,67,67301,2011,3,1,228,2,3,1,0,1,1, , ,N,0,0,0,3,0,2,4,2,N,N,39 57:36.843,75 10:50.474,231, ,230,2,1,4,N, ,0,N, , , , , , , , ,2,2,0,0,0,0,0,0,0,0,0,2,2,0,0,0,0,0,0,0,0,0,0,0,0,0,0,0,0,0,0,0,0,0,0,4,0,39.9602,-75.1807, , 
66847,761353,2011056395,6,67,67301,2011,5,5,1814,18,1,1,0,8,1, , ,N,1,3,99,3,0,0,1,2,N,N,40 02:31.156,75 10:36.627,1823, ,1814, ,0, ,N, ,9, , , , , , , , , ,1,1,0,0,0,0,0,0,0,0,0,0,0,0,0,0,0,0,0,0,0,0,0,0,0,0,0,0,0,0,0,0,1,0,0,0,0,40.042,-75.1768, , 
66848,761367,2011075587,6,67,67301,2011,6,3,1527,15,1,1,0,4,1, , ,N,1,2,0,3,0,1,2,2,N,N,39 56:45.089,75 14:25.018,1532, ,1530, ,0, ,N, ,3, , , , , , , , , ,2,1,0,0,0,0,0,1,0,0,0,1,1,0,1,0,0,0,0,0,0,0,1,0,0,0,0,0,0,0,0,0,0,0,0,4,0,39.9459,-75.2403, , 
66849,761407,2011053610,6,67,67301,2011,4,4,1340,13,1,1,0,4,1, , ,N,1,2,0,3,0,1,3,3,N, ,39 59:27.769,75 10:06.848,1345, ,1341,2,1,4, , ,3,N, , , , , , , , ,2,2,0,0,0,0,0,0,1,0,1,0,1,0,1,0,0,0,0,0,0,0,0,0,0,0,0,0,0,0,0,0,0,0,0,3,0,39.991,-75.1686, , 
66850,761410,2011057021,6,67,67301,2011,5,1,215,2,3,2,1,7,1, , ,N,1,0,0,3,0,0,3,1,N,N,39 59:03.239,75 05:56.509,220, ,217, ,0, ,N, ,0, , , , , , , , , ,1,1,0,0,0,0,0,0,0,0,0,0,0,0,0,0,0,0,0,0,0,0,0,1,0,0,0,0,0,0,0,0,0,0,0,0,0,39.9842,-75.099, , 
66851,761411,2011057043,6,67,67301,2011,5,5,1120,11,1,1,0,4,1, , ,N,0,0,0,3,0,0,1,3,N,N,40 01:12.486,75 04:31.270,1126, ,1124,2,2,2,N, ,0,Y, , , , , , , , ,3,3,0,0,0,0,0,0,0,0,0,0,0,0,1,0,0,0,0,0,0,0,0,0,0,0,0,0,0,0,0,0,0,0,0,9,0,40.0201,-75.0754, , 
66852,761414,2011061727,6,67,67301,2011,5,3,835,8,1,1,1,6,1, , ,N,0,0,0,3,0,1,2,2,N,N,40 02:47.572,75 14:53.136,841, ,839,2,2,6,N, ,0,Y, , , , , , , , ,2,1,0,0,0,0,1,0,0,0,0,0,1,1,1,0,0,0,0,0,0,0,0,1,0,0,0,0,0,0,0,0,0,0,0,8,0,40.0465,-75.2481, , 
66853,761439,2011029169,6,67,67301,2011,2,5,9999,99,3,1,0,6,1, , ,N,1,3,0,3,0,4,4,4, , ,40 00:56.408,75 08:24.331,505, ,501,4,2,2, , ,3,Y, , , , , , , , ,4,4,0,0,0,0,0,0,0,2,0,2,4,0,0,0,0,0,0,0,0,0,0,0,0,0,0,0,0,0,0,0,0,0,0,2,0,40.0157,-75.1401, , 
66854,761455,2011049619,6,67,67301,2011,4,1,1200,12,1,9,8,6,1, , ,N,0,0,0,3,0,1,5,2, , ,39 53:30.986,75 14:30.940,1230, ,1227, ,0, , , ,0, , , , , , , , , ,2,2,0,0,0,0,0,0,0,0,0,1,1,0,0,0,0,0,0,0,0,1,0,4,0,0,0,0,0,0,0,0,0,0,0,4,0,39.8919,-75.2419, , 
66855,761510,2011054046,6,67,67301,2011,4,2,1430,14,1,1,0,8,1, , ,N,0,0,7,3,0,1,2,2,N,N,39 56:42.901,75 14:22.114,1505, ,1500, ,0, ,N, ,0, , , , , , , , , ,1,1,0,0,0,0,0,0,0,0,0,1,1,0,1,0,0,0,0,0,0,0,0,0,0,0,0,0,0,0,0,0,1,0,0,4,0,39.9453,-75.2395, , 
66856,761548,2011050394,6,67,67301,2011,5,5,641,6,1,1,0,1,1, , ,N,0,0,0,3,0,1,3,3,N,N,40 02:20.521,75 00:30.792,656, ,650, ,0, ,N, ,0, , , , , , , , , ,3,2,0,0,1,0,0,0,0,0,0,1,1,0,0,0,0,0,0,0,3,0,0,0,0,0,0,0,0,0,0,0,0,0,0,4,0,40.0391,-75.0085, , 
66857,761595,2011049601,6,67,67301,2011,3,5,1354,13,1,1,0,1,1, , ,N,0,0,0,3,0,2,2,2,N,N,40 05:31.690,75 00:44.020,1415, ,1410, ,0, ,N, ,0, , , , , , , , , ,2,0,0,0,0,0,0,2,0,0,0,0,2,2,0,0,0,0,0,0,0,0,0,0,0,0,0,0,0,0,0,0,0,0,0,8,0,40.0921,-75.0122, , 
66858,761629,2011035713,6,46,46108,2011,3,4,1247,12,1,1,0,7,5, , ,N,1,2,0,3,0,1,1,1,N,N,40 05:09.819,75 13:49.871,1251, ,1247,1,1,3,N, ,3,N, , , , , , , , ,1,1,0,0,0,0,0,0,0,0,0,0,1,1,0,0,0,0,0,0,0,0,0,0,0,0,0,0,0,0,0,0,0,0,0,8,0,40.0861,-75.2305, , 
66859,761653,2011062981,6,67,67301,2011,6,1,1508,15,1,1,0,1,1, , ,N,0,0,0,3,0,0,5,2,N,N,39 56:28.626,75 11:40.867,1519, ,1515,1,1,4,N, ,0,N, , , , , , , , ,2,1,0,0,0,0,1,0,0,0,0,0,0,0,0,0,0,1,0,0,0,0,0,0,0,0,0,0,0,0,0,0,0,0,0,0,0,39.9404,-75.1956, , 
66860,761662,2011009974,6,67,67301,2011,1,1,1740,17,3,2,1,1,1, , ,N,0,0,0,3,0,0,3,2,N, ,39 56:09.684,75 08:31.561,1800, ,1751, ,0, , , ,0, , , , , , , , , ,2,2,0,0,0,0,0,0,0,0,0,0,0,0,0,0,0,0,0,0,0,0,0,0,0,0,0,0,0,0,0,0,0,0,0,0,0,39.936,-75.1421, , 
66861,768583,2011030094,6,67,67301,2011,3,1,1508,15,1,2,1,1,1, , ,N,6,4,2,3,0,0,5,2,N,N,39 56:42.200,75 11:27.000,1523, ,1510, ,0, ,N, ,3, , , , , , , , , ,2,1,0,0,0,0,0,1,0,0,0,0,0,0,0,0,0,0,0,0,1,0,0,0,0,0,0,0,0,0,0,0,0,0,0,0,0,39.9451,-75.1908, , 
66862,768622,2011033533,6,67,67301,2011,3,3,924,9,1,1,0,8,1, , ,N,2,0,0,3,0,1,2,2,N,N,40 03:04.425,75 11:06.081,925, ,925, ,0, ,N, ,0, , , , , , , , , ,1,1,0,0,0,0,0,0,0,0,0,0,1,1,0,0,0,0,0,0,0,0,0,0,0,0,0,0,0,0,0,0,1,0,0,8,0,40.0512,-75.185, , 
66863,768628,2011037909,6,67,67301,2011,3,2,1550,15,1,1,0,4,1, , ,N,1,2,0,3,0,7,8,3,Y,N,39 58:40.778,75 09:09.193,1605, ,1600,2,2,1,N, ,9,Y, , , , , , , , ,3,2,0,1,0,0,0,0,0,0,0,2,7,5,0,0,0,1,0,0,0,0,0,1,0,0,0,0,0,0,0,0,0,0,0,4,1,39.9779,-75.1526, , 
66864,768634,2011040352,6,67,67301,2011,3,3,1105,11,1,1,0,4,1, , ,N,1,3,0,3,0,1,2,2,N,N,39 59:12.202,75 08:05.164,1145, ,1130, ,0, ,N, ,3, , , , , , , , , ,1,1,0,0,0,0,0,0,1,0,0,1,1,0,0,0,0,0,0,0,0,0,0,0,0,0,0,0,0,0,0,0,0,0,0,4,0,39.9867,-75.1348, , 
66865,768644,2011053018,6,67,67301,2011,5,7,904,9,1,1,0,1,7, , ,N,6,4,2,3,0,0,5,2,N,N,39 56:33.062,75 11:36.947,913, ,907,1,1,4,N, ,3,N, , , , , , , , ,2,0,0,0,0,0,1,1,0,0,0,0,0,0,0,0,0,0,0,0,1,0,0,0,0,0,0,0,0,0,0,0,0,0,0,0,0,39.9411,-75.195, , 
66866,768669,2011023243,6,67,67301,2011,1,2,9999,99,1,4,3,6,2, , ,N,0,0,0,3,0,1,2,4, , ,39 59:07.062,75 08:02.907,1201, ,1200, ,0, , , ,0, , , , , , , , , ,4,4,0,0,0,0,0,0,0,0,0,0,1,1,1,0,0,0,0,0,0,0,0,0,0,0,0,0,0,0,0,0,0,0,0,8,0,39.9853,-75.1341, , 
66867,768678,2011029648,6,67,67301,2011,2,6,807,8,1,1,0,2,1, , ,N,1,2,0,3,0,2,3,3,N,N,39 59:29.442,75 08:10.101,810, ,808,3,2,7,N, ,3,Y, , , , , , , , ,3,3,0,0,0,0,0,0,0,0,2,0,2,0,0,0,0,0,0,0,1,0,0,1,0,0,0,0,0,0,0,0,0,0,0,3,0,39.9915,-75.1361, , 
66868,768679,2011029649,6,67,67301,2011,2,1,1650,16,1,1,0,4,1, , ,N,1,2,0,3,0,5,10,4,N,N,39 56:37.090,75 09:56.008,1652, ,1652,3,2,7,N, ,3,Y, , , , , , , , ,4,1,0,1,0,0,2,0,0,0,0,5,5,0,0,0,0,0,0,0,1,0,0,0,0,0,0,0,0,0,0,0,0,0,0,4,1,39.9437,-75.1654, , 
66869,768688,2011044617,6,67,67301,2011,4,6,1945,19,3,1,0,8,1, , ,N,1,2,0,3,0,1,4,2,N,N,40 00:47.439,75 04:13.514,1955, ,1950, ,0, , , ,3, , , , , , , , , ,1,1,0,0,0,0,0,0,0,0,0,1,1,0,0,0,0,0,0,0,1,0,0,3,0,0,0,0,0,0,0,0,1,0,0,4,0,40.0132,-75.0704, , 
66870,768714,2011023205,6,67,67301,2011,1,1,9999,99,1,9,1,5,6, , ,N,0,0,0,3,0,1,3,3,N,N,40 00:05.959,75 09:10.486,1345, ,1340, ,0, ,N, ,0, , , , , , , , , ,2,2,0,0,0,0,0,0,0,0,1,0,1,0,1,0,0,0,0,0,0,0,0,0,0,0,0,0,0,0,0,0,1,0,0,3,0,40.0017,-75.1529, , 
66871,768762,2011022208,6,67,67301,2011,2,2,2357,23,3,4,3,7,2, , ,N,0,0,0,3,0,0,1,1,N,N,39 53:47.106,75 11:27.850,2357, ,2357, ,0, ,N, ,0, , , , , , , , , ,1,0,0,0,0,0,1,0,0,0,0,0,0,0,0,0,0,0,0,0,0,0,0,0,0,0,0,0,0,0,0,0,0,0,0,0,0,39.8964,-75.1911, , 
66872,768764,2011023331,6,67,67301,2011,2,3,844,8,1,3,5,8,5, , ,N,0,0,7,3,0,1,2,2,N,Y,40 02:50.885,75 08:33.641,900, ,849, ,0, ,N, ,0, , , , , , , , , ,1,1,0,0,0,0,0,0,0,0,0,0,1,1,0,0,0,0,0,0,0,1,0,0,0,0,0,0,0,0,0,0,1,0,0,8,0,40.0475,-75.1427, , 
66873,768785,2011049585,6,67,67301,2011,4,2,1322,13,1,1,0,1,1, , ,N,0,0,0,3,0,0,2,2,N,N,39 58:01.137,75 11:16.468,1329, ,1323, ,0, ,N, ,0, , , , , , , , , ,2,1,0,0,0,0,1,0,0,0,0,0,0,0,0,0,1,0,0,0,0,0,0,0,0,0,0,0,0,0,0,0,0,0,0,0,0,39.967,-75.1879, , 
66874,768789,2011053634,6,67,67301,2011,4,3,9999,99,1,1,0,1,1, , ,N,1,2,0,3,0,1,2,2,N, ,40 00:00.076,75 08:25.772,1850, ,1837, ,0, , , ,3, , , , , , , , , ,2,2,0,0,0,0,0,0,0,0,0,0,1,1,1,0,0,0,0,0,0,0,0,0,0,0,0,0,0,0,0,0,0,0,0,8,0,40,-75.1405, , 
66875,768790,2011054193,6,67,67301,2011,4,5,9999,99,1,1,0,4,1, , ,N,1,0,0,3,0,1,2,2,N,N,40 01:47.622,75 02:13.689,1620, ,1609, ,0, ,N, ,0, , , , , , , , , ,1,1,0,0,0,0,0,0,1,0,0,1,1,0,0,0,0,0,0,0,0,0,1,0,0,0,0,0,0,0,0,0,0,0,0,4,0,40.0299,-75.0371, , 
66876,768793,2011057048,6,67,67301,2011,5,1,2112,21,3,1,0,5,1, , ,N,0,0,0,3,0,0,1,4,N,N,40 03:45.788,75 04:38.938,2129, ,2125, ,0, ,N, ,0, , , , , , , , , ,4,3,0,0,0,0,0,1,0,0,0,0,0,0,0,0,0,0,0,0,0,0,0,0,0,0,0,0,0,0,0,0,0,0,0,0,0,40.0627,-75.0775, , 
66877,768826,2011029064,6,67,67301,2011,1,7,215,2,3,4,1,7,2, , ,N,0,0,0,3,0,1,4,1,N,N,39 57:04.856,75 10:49.270,305, ,305, ,0, ,N, ,0, , , , , , , , , ,1,1,0,0,0,0,0,0,0,0,0,1,1,0,1,0,0,0,0,0,0,0,0,0,0,0,0,0,0,0,0,0,0,0,0,4,0,39.9513,-75.1804, , 
66878,768843,2011047082,6,67,67301,2011,3,5,2120,21,3,1,1,5,1, , ,N,1,2,0,3,0,1,2,2,N,N,39 58:25.273,75 13:10.244,9999, ,9999, ,0, ,N, ,3, , , , , , , , , ,2,1,0,0,1,0,0,0,0,0,0,0,1,1,0,0,0,0,0,0,0,0,0,0,0,0,0,0,0,0,0,0,0,0,0,8,0,39.9737,-75.2195, , 
66879,765636,2011038462,6,67,67301,2011,3,6,1336,13,1,1,0,4,1, , ,N,1,2,0,3,0,1,2,2, , ,40 04:19.712,75 00:46.649,1340, ,1337, ,0, , , ,3, , , , , , , , , ,2,2,0,0,0,0,0,0,0,0,0,0,1,1,0,0,0,0,0,0,0,1,0,0,0,0,0,0,0,0,0,0,0,0,0,8,0,40.0721,-75.013, , 
66880,765637,2011039345,6,67,67301,2011,4,7,525,5,3,1,1,0,1, , ,N,7,0,2,3,0,0,1,1,N,N,40 06:22.716,74 59:40.944,620, ,600,2,2,4,N, ,0,Y, , , , , , , , ,1,0,0,0,0,0,1,0,0,0,0,0,0,0,0,0,0,0,0,0,0,0,0,0,0,0,0,0,0,0,0,0,0,0,0,0,0,40.1063,-74.9947, , 