objectid_1,objectid,crn,district,county,municipality,crash_year,crash_month,day_of_week,time_of_day,hour_of_day,illumination,weather,road_condition,collision_type,relation_to_road,work_zone_type,work_zone_loc,work_zone_ind,intersect_type,tcd_type,location_type,urban_rural,fatal_count,injury_count,person_count,total_units,sch_bus_ind,sch_zone_ind,latitude,longitude,arrival_tm,cons_zone_spd_lim,dispatch_tm,est_hrs_closed,lane_closed,ln_close_dir,ntfy_hiwy_maint,spec_juris_cd,tcd_func_cd,tfc_detour_ind,workers_pres,wz_close_detour,wz_flagger,wz_law_offcr_ind,wz_ln_closure,wz_moving,wz_other,wz_shlder_mdn,vehicle_count,automobile_count,motorcycle_count,bus_count,small_truck_count,heavy_truck_count,suv_count,van_count,bicycle_count,maj_inj_count,mod_inj_count,min_inj_count,tot_inj_count,unk_inj_deg_count,unk_inj_per_count,driver_count_16yr,driver_count_17yr,driver_count_18yr,driver_count_19yr,driver_count_20yr,driver_count_50_64yr,driver_count_65_74yr,driver_count_75plus,unbelted_occ_count,unb_death_count,unb_maj_inj_count,belted_death_count,belted_maj_inj_count,mcycle_death_count,mcycle_maj_inj_count,bicycle_death_count,bicycle_maj_inj_count,ped_count,ped_death_count,ped_maj_inj_count,max_severity_level,comm_veh_count,dec_lat,dec_long,rdwy_surf_type_cd,county_name
66881,765682,2011022972,6,67,67301,2011,1,3,909,9,1,1,0,2,1, , ,N,0,0,0,3,0,1,2,2,N,N,40 01:41.925,75 04:45.497,940, ,934, ,0, ,N, ,0, , , , , , , , , ,2,2,0,0,0,0,0,0,0,0,0,0,1,1,0,0,1,0,0,0,1,0,0,0,0,0,0,0,0,0,0,0,0,0,0,8,0,40.0283,-75.0793, , 
66882,765685,2011028683,6,67,67301,2011,2,3,622,6,5,8,4,7,2, , ,N,0,0,0,3,0,1,3,2,N,N,39 58:45.256,75 06:29.871,653, ,649,2,1,1,N, ,0,Y, , , , , , , , ,2,0,0,0,1,0,1,0,0,0,0,1,1,0,0,0,0,0,0,0,2,0,0,0,0,0,0,0,0,0,0,0,0,0,0,4,0,39.9792,-75.1084, , 
66883,765696,2011037951,6,67,67301,2011,3,4,1655,16,1,1,0,4,1, , ,N,2,3,0,3,0,1,2,2,N,N,39 59:00.214,75 08:47.198,1710, ,1700, ,0, ,N, ,3, , , , , , , , , ,2,2,0,0,0,0,0,0,0,0,0,0,1,1,0,0,0,0,0,1,0,1,0,0,0,0,0,0,0,0,0,0,0,0,0,8,0,39.9834,-75.1464, , 
66884,765706,2011054048,6,67,67301,2011,4,3,330,3,3,1,0,7,3, , ,N,2,2,0,3,0,0,1,1,N,N,39 55:25.633,75 08:35.334,333, ,332, ,0, ,N, ,3, , , , , , , , , ,1,1,0,0,0,0,0,0,0,0,0,0,0,0,0,0,0,0,0,0,0,0,0,0,0,0,0,0,0,0,0,0,0,0,0,0,0,39.9238,-75.1431, , 
66885,765707,2011054049,6,67,67301,2011,4,5,800,8,1,1,0,8,1, , ,N,5,2,0,3,0,1,2,2,N,N,40 01:44.341,75 06:21.815,800, ,800, ,0, ,N, ,3, , , , , , , , , ,1,1,0,0,0,0,0,0,0,1,0,0,1,0,0,0,0,0,0,0,0,0,0,0,0,0,0,0,0,0,0,0,1,0,1,2,0,40.029,-75.1061, , 
66886,765732,2011028680,6,67,67301,2011,2,4,317,3,3,6,6,7,2, , ,N,0,0,0,3,0,0,1,1,N,N,39 53:49.970,75 11:19.124,317, ,317,1,1,2,N, ,0,N, , , , , , , , ,1,0,0,0,1,0,0,0,0,0,0,0,0,0,0,0,0,0,0,0,0,0,0,0,0,0,0,0,0,0,0,0,0,0,0,0,0,39.8972,-75.1886, , 
66887,765733,2011028688,6,67,67301,2011,2,6,149,1,3,1,0,7,4, , ,N,0,0,0,3,0,1,1,1,N,N,40 00:35.958,75 03:49.497,154, ,150,2,1,1,N, ,0,N, , , , , , , , ,1,0,0,0,1,0,0,0,0,1,0,0,1,0,0,0,0,0,0,0,0,0,0,1,0,1,0,0,0,0,0,0,0,0,0,2,0,40.0099,-75.0639, , 
66888,765788,2011033487,6,67,67301,2011,3,2,1740,17,3,1,0,4,1, , ,N,0,0,7,3,0,1,2,2,N,N,39 55:21.903,75 10:00.170,1816, ,1812, ,0, ,N, ,0, , , , , , , , , ,2,1,0,0,0,0,1,0,0,0,0,1,1,0,0,0,0,0,0,0,1,0,0,0,0,0,0,0,0,0,0,0,0,0,0,4,0,39.9228,-75.1667, , 
66889,765794,2011037947,6,67,67301,2011,3,2,2003,20,3,1,0,4,1, , ,N,1,2,0,3,0,3,3,2,N,N,40 01:26.933,75 07:49.340,2009, ,2003,1,1,1,N, ,3,N, , , , , , , , ,2,2,0,0,0,0,0,0,0,0,2,1,3,0,0,0,0,1,0,0,0,0,0,1,0,0,0,0,0,0,0,0,0,0,0,3,0,40.0243,-75.1304, , 
66890,765804,2011047126,6,67,67301,2011,4,3,1425,14,1,1,1,1,1, , ,N,0,0,0,3,0,2,5,2,N,N,40 02:30.330,75 04:30.794,1435, ,1432, ,0, ,N, ,0, , , , , , , , , ,2,2,0,0,0,0,0,0,0,0,0,2,2,0,0,0,0,0,0,0,0,0,0,1,0,0,0,0,0,0,0,0,0,0,0,4,0,40.0418,-75.0752, , 
66891,765818,2011014225,6,67,67301,2011,1,7,1944,19,3,1,0,5,1, , ,N,0,0,0,3,0,2,3,2,N,N,40 01:42.418,75 01:23.317,2000, ,1945, ,0, ,Y, ,0, , , , , , , , , ,2,2,0,0,0,0,0,0,0,0,0,2,2,0,0,0,0,0,0,0,0,0,0,0,0,0,0,0,0,0,0,0,0,0,0,4,0,40.0283,-75.0233, , 
66892,765836,2011037153,6,67,67301,2011,3,5,1753,17,1,2,1,1,1, , ,N,0,0,0,3,0,1,4,2,N,N,39 57:30.615,75 10:04.185,1802, ,1757, ,0, ,N, ,0, , , , , , , , , ,2,0,0,0,1,0,1,0,0,0,0,0,1,1,0,0,1,0,0,0,0,0,0,1,0,0,0,0,0,0,0,0,0,0,0,8,0,39.9585,-75.1678, , 
66893,765844,2011054171,6,67,67301,2011,4,3,1000,10,1,1,0,4,1, , ,N,1,2,0,3,0,0,3,2,N,N,40 06:06.588,75 01:38.906,1005, ,1000,1,1,3, , ,3,N, , , , , , , , ,2,1,0,0,0,0,1,0,0,0,0,0,0,0,0,0,0,0,0,0,1,0,0,0,0,0,0,0,0,0,0,0,0,0,0,0,0,40.1018,-75.0275, , 
66894,765845,2011055095,6,67,67301,2011,5,2,1749,17,1,1,0,1,6, , ,N,0,0,0,3,0,1,1,2,N,N,40 01:33.343,75 07:09.750,1753, ,1750,2,1,1,N, ,0,N, , , , , , , , ,2,1,0,0,0,1,0,0,0,0,1,0,1,0,0,0,0,0,0,0,0,0,0,0,0,0,0,0,0,0,0,0,0,0,0,3,1,40.0259,-75.1196, , 
66895,765862,2011061779,6,67,67301,2011,5,1,5,0,3,2,1,1,1, , ,N,1,2,0,3,0,2,2,2,N, ,40 01:18.103,75 08:23.224,12, ,8,1,1,1,N, ,3,Y, , , , , , , , ,2,2,0,0,0,0,0,0,0,0,0,2,2,0,0,0,0,0,0,0,0,0,0,0,0,0,0,0,0,0,0,0,0,0,0,4,0,40.0217,-75.1398, , 
66896,765864,2011064057,6,67,67301,2011,5,4,1145,11,1,1,0,7,2, , ,N,0,8,2,3,0,1,1,1,N,N,40 00:21.301,75 11:37.888,1210, ,1202,3,2,1,Y, ,3,Y, , , , , , , , ,1,0,0,0,0,1,0,0,0,0,0,0,1,1,0,0,0,0,0,0,0,0,0,0,0,0,0,0,0,0,0,0,0,0,0,8,1,40.0059,-75.1939, , 
66897,757303,2011028877,6,67,67301,2011,2,6,1525,15,1,8,3,3,1, , ,N,0,0,0,3,0,0,2,4,N,Y,40 01:10.837,75 07:20.974,1550, ,1545, ,0, , , ,0, , , , , , , , , ,4,4,0,0,0,0,0,0,0,0,0,0,0,0,2,0,0,0,0,0,0,0,0,0,0,0,0,0,0,0,0,0,0,0,0,9,0,40.0197,-75.1225, , 
66898,757319,2011040429,6,67,67301,2011,3,5,1101,11,1,1,0,8,1, , ,N,1,3,0,3,0,1,2,2,N,N,39 55:41.872,75 10:50.188,1142, ,1140, ,0, ,N, ,3, , , , , , , , , ,1,0,0,0,0,0,0,1,0,0,0,0,1,1,0,0,0,0,0,0,0,0,0,0,0,0,0,0,0,0,0,0,1,0,0,8,1,39.9283,-75.1806, , 
66899,757327,2011054241,6,67,67301,2011,4,4,1525,15,1,1,0,1,1, , ,N,1,2,0,3,0,2,3,2,N,N,40 02:06.425,75 04:10.216,1525, ,1525,1,1,1,N, ,3,N, , , , , , , , ,2,1,0,0,1,0,0,0,0,0,0,2,2,0,0,0,0,0,0,0,0,0,0,0,0,0,0,0,0,0,0,0,0,0,0,4,0,40.0351,-75.0695, , 
66900,757333,2011007677,6,67,67301,2011,1,5,1803,18,3,1,0,1,1, , ,N,0,0,0,3,0,3,3,2,N,N,39 57:26.109,75 09:25.904,1819, ,1810,1,1,3,N, ,0,N, , , , , , , , ,2,1,0,0,0,0,1,0,0,0,2,1,3,0,0,0,0,0,0,0,0,1,0,0,0,0,0,0,0,0,0,0,0,0,0,3,0,39.9573,-75.1572, , 
66901,757348,2011023024,6,67,67301,2011,1,6,1618,16,3,4,1,8,1, , ,N,1,3,0,3,0,1,2,2,N,N,40 02:41.395,75 09:49.611,1628, ,1619, ,0, ,N, ,3, , , , , , , , , ,1,1,0,0,0,0,0,0,0,0,0,0,1,1,0,0,0,0,0,0,0,0,0,0,0,0,0,0,0,0,0,0,1,0,0,8,0,40.0448,-75.1638, , 
66902,757356,2011029199,6,67,67301,2011,1,2,1020,10,1,1,0,8,1, , ,N,1,2,0,3,0,1,3,2, , ,39 57:01.358,75 08:49.932,1031, ,1030, ,0, , , ,3, , , , , , , , , ,1,1,0,0,0,0,0,0,0,0,0,1,1,0,0,0,0,0,0,0,0,1,0,2,0,0,0,0,0,0,0,0,1,0,0,4,0,39.9503,-75.1473, , 
66903,757369,2011044600,6,67,67301,2011,4,6,300,3,2,2,1,4,1, , ,N,1,3,0,3,0,1,2,3, , ,40 01:53.367,75 07:43.093,313, ,311, ,0, , , ,3, , , , , , , , , ,3,3,0,0,0,0,0,0,0,0,0,1,1,0,0,0,0,0,0,0,0,0,0,1,0,0,0,0,0,0,0,0,0,0,0,4,0,40.0315,-75.1286, , 
66904,757370,2011044618,6,67,67301,2011,4,6,955,9,1,2,1,7,2, , ,N,2,3,0,3,0,1,1,1, , ,40 01:46.540,75 02:05.069,1015, ,1009, ,0, , , ,3, , , , , , , , , ,1,1,0,0,0,0,0,0,0,0,0,0,1,1,0,0,0,0,0,0,0,0,0,0,0,0,0,0,0,0,0,0,0,0,0,8,0,40.0296,-75.0347, , 
66905,757376,2011053584,6,67,67301,2011,4,1,1017,10,1,1,0,4,1, , ,N,1,2,0,3,0,2,2,2,N,Y,39 59:13.322,75 10:27.753,1018, ,1017,1,1,7,N, ,2,Y, , , , , , , , ,2,0,0,0,1,0,0,1,0,0,0,2,2,0,0,0,0,0,0,0,0,0,0,0,0,0,0,0,0,0,0,0,0,0,0,4,0,39.987,-75.1744, , 
66906,757382,2011013308,6,67,67301,2011,1,6,705,7,1,1,0,7,2, , ,N,0,0,0,3,0,1,1,1,N,N,40 02:53.334,74 59:55.895,718, ,709,2,1,2,N, ,0,N, , , , , , , , ,1,1,0,0,0,0,0,0,0,0,0,1,1,0,0,0,0,0,0,0,0,0,0,0,0,0,0,0,0,0,0,0,0,0,0,4,0,40.0481,-74.999, , 
66907,757405,2011029421,6,67,67301,2011,1,1,815,8,1,4,3,1,1, , ,N,1,3,0,3,0,1,2,2,N,N,40 01:25.191,75 06:57.476,820, ,815, ,0, , , ,3, , , , , , , , , ,2,2,0,0,0,0,0,0,0,0,0,0,1,1,0,0,0,0,0,0,0,1,0,0,0,0,0,0,0,0,0,0,0,0,0,8,0,40.0237,-75.116, , 
66908,757409,2011031176,6,67,67301,2011,2,1,1840,18,3,1,0,4,1, , ,N,5,3,0,3,0,0,3,2,N,N,40 03:23.726,75 01:42.707,1900, ,1846, ,0, ,N, ,3, , , , , , , , , ,2,1,0,0,0,0,1,0,0,0,0,0,0,0,0,0,0,0,0,0,0,0,0,0,0,0,0,0,0,0,0,0,0,0,0,0,0,40.0566,-75.0285, , 
66909,757446,2011031303,6,67,67301,2011,2,1,1710,17,1,1,0,5,1, , ,N,1,2,0,3,0,2,4,2,N,N,40 01:34.204,75 02:13.707,1725, ,1725,1,1,3,N, ,3,Y, , , , , , , , ,2,2,0,0,0,0,0,0,0,0,0,0,2,2,0,0,0,1,0,0,1,0,0,0,0,0,0,0,0,0,0,0,0,0,0,8,0,40.0244,-75.0343, , 
66910,757459,2011049202,6,67,67301,2011,4,5,2020,20,3,1,0,1,1, , ,N,0,0,3,3,0,1,2,2,N,N,40 00:44.497,75 12:16.183,2030, ,2025, ,0, ,N, ,0, , , , , , , , , ,2,2,0,0,0,0,0,0,0,0,0,1,1,0,0,0,0,0,0,0,0,1,0,0,0,0,0,0,0,0,0,0,0,0,0,4,0,40.0135,-75.2046, , 
66911,757480,2011015211,6,67,67301,2011,1,7,2334,23,3,1,0,1,2, , ,N,0,0,0,3,0,0,2,2,N,N,39 52:58.004,75 14:41.751,0, ,2345, ,0, ,N, ,0, , , , , , , , , ,2,0,0,0,1,0,1,0,0,0,0,0,0,0,0,0,0,0,0,0,1,0,0,0,0,0,0,0,0,0,0,0,0,0,0,0,0,39.8828,-75.2449, , 
66912,757497,2011037886,6,67,67301,2011,3,2,9999,99,8,1,0,4,1, , ,N,1,3,0,3,0,1,4,2,N,N,39 54:49.737,75 09:30.164,2054, ,2050, ,9, ,N, ,3,N, , , , , , , , ,2,1,0,0,0,0,1,0,0,0,0,1,1,0,2,0,0,1,0,0,0,0,0,1,0,0,0,0,0,0,0,0,0,0,0,4,0,39.9138,-75.1584, , 
66913,757508,2011045082,6,67,67301,2011,4,3,953,9,1,1,0,1,1, , ,N,0,0,0,3,0,0,3,2,N,N,39 59:55.213,75 04:51.806,1008, ,957,1,1,2,N, ,0,N, , , , , , , , ,2,1,0,0,0,0,1,0,0,0,0,0,0,0,0,0,0,0,0,0,1,0,1,0,0,0,0,0,0,0,0,0,0,0,0,0,0,39.9988,-75.081, , 
66914,757539,2011033532,6,67,67301,2011,2,1,109,1,3,1,0,7,5, , ,N,0,0,0,3,0,0,1,1,N,N,40 01:30.694,75 09:33.814,112, ,109, ,0, ,N, ,0, , , , , , , , , ,1,1,0,0,0,0,0,0,0,0,0,0,0,0,1,0,0,0,0,0,1,0,0,1,0,0,0,0,0,0,0,0,0,0,0,9,0,40.0252,-75.1594, , 
66915,761680,2011031426,6,67,67301,2011,2,2,1500,15,1,1,0,2,1, , ,N,1,2,0,3,0,1,2,2,N,N,39 57:17.161,75 14:10.471,1853, ,1851, ,0, ,N, ,3, , , , , , , , , ,2,2,0,0,0,0,0,0,0,0,0,0,1,1,1,0,0,0,0,0,0,1,0,0,0,0,0,0,0,0,0,0,0,0,0,8,0,39.9548,-75.2362, , 
66916,761703,2011054253,6,67,67301,2011,4,4,1859,18,4,2,1,7,1, , ,N,0,8,0,3,0,1,1,1,N,N,40 00:55.795,75 10:36.622,1906, ,1903,1,2,4,N, ,3,N, , , , , , , , ,1,1,0,0,0,0,0,0,0,0,1,0,1,0,0,0,0,0,0,0,0,0,0,0,0,0,0,0,0,0,0,0,0,0,0,3,0,40.0155,-75.1768, , 
66917,761704,2011054343,6,67,67301,2011,4,2,220,2,3,1,0,7,3, , ,N,0,2,0,3,0,0,4,1,N,N,40 06:15.166,75 00:07.761,240, ,230, ,0, ,N, ,3, , , , , , , , , ,1,1,0,0,0,0,0,0,0,0,0,0,0,0,0,0,0,0,0,0,0,0,0,0,0,0,0,0,0,0,0,0,0,0,0,0,0,40.1042,-75.0022, , 
66918,761738,2011037960,6,67,67301,2011,3,7,1515,15,1,1,0,8,1, , ,N,1,3,0,3,0,2,3,3,N,N,39 58:44.868,75 07:32.152,1608, ,1607, ,0, , , ,3, , , , , , , , , ,1,0,0,0,1,0,0,0,0,0,0,2,2,0,0,0,0,0,0,0,0,0,0,0,0,0,0,0,0,0,0,0,2,0,0,4,0,39.9791,-75.1256, , 
66919,761754,2011054209,6,67,67301,2011,4,4,1120,11,1,1,0,8,1, , ,N,0,0,0,3,0,1,2,2,N,N,39 59:38.419,75 06:40.457,1240, ,1220, ,0, ,N, ,0, , , , , , , , , ,1,1,0,0,0,0,0,0,0,0,0,0,1,1,1,0,0,0,0,0,0,0,0,0,0,0,0,0,0,0,0,0,1,0,0,8,0,39.994,-75.1112, , 
66920,761755,2011054272,6,67,67301,2011,4,1,1510,15,1,1,0,4,9, , ,N,0,0,7,3,0,1,2,2,N,N,39 55:19.264,75 13:16.946,1526, ,1526, ,0, ,N, ,0, , , , , , , , , ,1,1,0,0,0,0,0,0,1,0,0,1,1,0,1,0,0,0,0,0,0,0,0,0,0,0,0,0,0,0,0,0,0,0,0,4,0,39.922,-75.2214, , 
66921,761765,2011029160,6,67,67301,2011,1,7,215,2,3,4,1,1,6, , ,N,0,0,0,3,0,0,3,3,N,N,40 01:01.939,75 09:16.475,221, ,219, ,0, ,N, ,0, , , , , , , , , ,3,3,0,0,0,0,0,0,0,0,0,0,0,0,1,0,0,0,0,0,0,0,0,0,0,0,0,0,0,0,0,0,0,0,0,9,0,40.0172,-75.1545, , 
66922,761824,2011031397,6,67,67301,2011,2,7,1953,19,3,1,0,4,1, , ,N,0,0,0,3,0,2,5,2,N,N,40 02:12.788,75 04:08.879,2001, ,1955, ,0, ,N, ,0, , , , , , , , , ,2,2,0,0,0,0,0,0,0,0,0,2,2,0,0,0,0,0,1,0,0,0,0,0,0,0,0,0,0,0,0,0,0,0,0,4,0,40.0369,-75.0691, , 
66923,761828,2011035685,6,67,67301,2011,2,7,2014,20,2,1,0,4,1, , ,N,0,0,0,3,1,1,13,6,N,N,40 00:31.748,75 09:04.412,2016, ,2015,3,2,5,N,0,0,Y, , , , , , , , ,4,4,0,0,0,0,0,0,0,0,1,0,1,0,11,0,0,0,0,0,1,0,0,2,0,0,0,0,0,0,0,0,2,1,0,1,0,40.0088,-75.1512,2, 
66924,761831,2011038380,6,67,67301,2011,3,7,1205,12,1,1,0,4,1, , ,N,1,2,0,3,0,1,3,2,N,N,39 57:40.536,75 14:05.401,1225, ,1218, ,0, ,N, ,3, , , , , , , , , ,2,1,0,0,0,0,1,0,0,0,0,1,1,0,0,0,0,0,0,0,0,0,0,0,0,0,0,0,0,0,0,0,0,0,0,4,0,39.9612,-75.2349, , 
66925,761849,2011056396,6,67,67301,2011,5,1,830,8,1,1,0,7,5, , ,N,3,3,0,3,0,0,1,2, , ,40 03:23.101,75 09:26.891,841, ,835, ,0, , , ,3, , , , , , , , , ,2,2,0,0,0,0,0,0,0,0,0,0,0,0,0,0,0,0,0,0,0,0,0,0,0,0,0,0,0,0,0,0,0,0,0,0,0,40.0564,-75.1575, , 
66926,761864,2011032403,6,67,67301,2011,3,5,915,9,1,1,0,1,1, , ,N,0,0,5,3,0,0,2,2,N,N,39 54:36.770,75 09:25.190,916, ,916, ,0, ,N, ,0, , , , , , , , , ,2,0,0,0,1,0,1,0,0,0,0,0,0,0,0,0,0,0,0,0,0,1,0,0,0,0,0,0,0,0,0,0,0,0,0,0,0,39.9102,-75.157, , 
66927,761875,2011050901,6,67,67301,2011,5,7,1706,17,1,2,1,1,1, , ,N,6,4,2,3,0,1,3,2,N,N,39 56:57.647,75 11:03.883,1719, ,1710,1,1,4,N, ,3,N, , , , , , , , ,2,1,0,0,0,0,1,0,0,0,0,0,1,1,0,0,0,0,0,0,0,0,0,0,0,0,0,0,0,0,0,0,0,0,0,8,0,39.9493,-75.1844, , 
66928,761877,2011052997,6,67,67301,2011,5,7,901,9,1,1,0,1,1, , ,N,0,0,2,3,0,0,3,3,N,N,39 57:30.047,75 10:50.642,913, ,907, ,0, ,N, ,0, , , , , , , , , ,3,1,0,0,0,0,2,0,0,0,0,0,0,0,1,0,0,0,0,0,0,0,0,0,0,0,0,0,0,0,0,0,0,0,0,9,0,39.9583,-75.1807, , 
66929,761878,2011054507,6,67,67301,2011,5,6,1128,11,1,1,0,1,1, , ,N,0,0,0,3,0,0,2,2,N,N,39 57:36.843,75 10:50.474,1146, ,1134,1,1,4,N, ,0,N, , , , , , , , ,2,1,0,0,0,0,1,0,0,0,0,0,0,0,0,0,0,0,0,0,0,0,0,0,0,0,0,0,0,0,0,0,0,0,0,0,0,39.9602,-75.1807, , 
66930,761889,2011068430,6,67,67301,2011,6,6,204,2,3,1,0,1,1, , ,N,1,2,0,3,0,1,4,2,N,N,40 03:17.807,75 10:48.824,225, ,205,1,2,5,N, ,3,N, , , , , , , , ,2,2,0,0,0,0,0,0,0,0,0,1,1,0,0,0,0,0,0,0,1,0,0,0,0,0,0,0,0,0,0,0,0,0,0,4,0,40.0549,-75.1802, , 
66931,761930,2011047092,6,67,67301,2011,4,1,350,3,3,1,0,4,1, , ,N,1,3,0,3,0,0,4,3,N,N,40 02:40.840,75 04:29.258,357, ,354, ,0, ,N, ,3, , , , , , , , , ,3,2,0,0,0,0,1,0,0,0,0,0,0,0,0,0,0,0,0,0,0,0,0,0,0,0,0,0,0,0,0,0,0,0,0,0,0,40.0447,-75.0748, , 
66932,761941,2011056925,6,67,67301,2011,5,3,1930,19,4,1,0,8,1, , ,N,0,0,0,3,0,1,2,2,N,N,40 06:58.867,75 01:56.290,1938, ,1935, ,0, ,N, ,0, , , , , , , , , ,1,1,0,0,0,0,0,0,0,0,1,0,1,0,0,0,0,0,0,0,1,0,0,0,0,0,0,0,0,0,0,0,1,0,0,3,0,40.1164,-75.0323, , 
66933,768852,2011015866,6,67,67301,2011,1,7,219,2,3,1,5,5,1, , ,N,0,0,0,3,0,0,1,7,N,N,39 59:39.570,75 08:41.770,225, ,223, ,0, ,N, ,0, , , , , , , , , ,7,5,0,0,0,0,2,0,0,0,0,0,0,0,1,0,0,0,0,0,0,0,0,0,0,0,0,0,0,0,0,0,0,0,0,9,0,39.9943,-75.1449, , 
66934,768853,2011015988,6,67,67301,2011,1,4,1600,16,1,1,0,4,1, , ,N,1,2,0,3,0,1,2,2, , ,40 01:10.898,75 11:03.583,1625, ,1621,1,2,4, , ,3,Y, , , , , , , , ,2,2,0,0,0,0,0,0,0,0,0,0,1,1,1,0,0,0,0,0,0,0,0,0,0,0,0,0,0,0,0,0,0,0,0,8,0,40.0197,-75.1843, , 
66935,768855,2011016920,6,67,67301,2011,1,7,1017,10,1,4,3,8,1, , ,N,1,2,0,3,0,1,2,2,N,N,40 02:11.165,75 07:49.937,1025, ,1023, ,0, ,N, ,1, , , , , , , , , ,1,1,0,0,0,0,0,0,0,0,0,0,1,1,1,0,0,0,0,0,0,0,0,0,0,0,0,0,0,0,0,0,1,0,0,8,0,40.0364,-75.1305, , 
66936,768880,2011066222,6,67,67301,2011,6,1,100,1,3,1,0,7,2, , ,N,0,0,0,3,0,1,1,1, , ,39 58:29.248,75 07:17.534,101, ,100, ,0, , , ,0, , , , , , , , , ,1,1,0,0,0,0,0,0,0,0,0,0,1,1,0,0,0,0,0,0,0,0,0,0,0,0,0,0,0,0,0,0,0,0,0,8,0,39.9741,-75.1223, , 
66937,768897,2011010026,6,67,67301,2011,1,2,1518,15,8,9,0,5,6, , ,N,0,0,0,3,0,0,1,2,N,N,39 57:50.407,75 11:52.501,1532, ,1520, ,0, ,N, ,0, , , , , , , , , ,2,1,0,0,0,0,0,0,0,0,0,0,0,0,1,0,0,0,0,0,0,0,0,0,0,0,0,0,0,0,0,0,0,0,0,9,0,39.964,-75.1979, , 
66938,768914,2011029415,6,67,67301,2011,2,4,0,0,3,1,0,7,2, , ,N,0,2,0,3,0,0,1,1, , ,40 03:28.110,75 07:48.764,50, ,45, ,0, , , ,9, , , , , , , , , ,1,0,0,0,0,0,0,1,0,0,0,0,0,0,0,0,0,0,0,0,0,0,0,0,0,0,0,0,0,0,0,0,0,0,0,0,0,40.0578,-75.1302, , 
66939,768929,2011040626,6,67,67301,2011,3,5,2105,21,3,1,0,4,1, , ,N,1,2,0,3,0,0,2,2,N,N,39 53:40.603,75 14:12.181,2110, ,2105, ,0, ,N, ,3, , , , , , , , , ,2,0,0,0,0,0,1,1,0,0,0,0,0,0,1,0,0,0,0,0,1,0,0,0,0,0,0,0,0,0,0,0,0,0,0,9,0,39.8946,-75.2367, , 
66940,768938,2011048412,6,67,67301,2011,4,5,327,3,3,1,0,7,4, , ,N,0,0,0,3,0,1,3,1,N,N,39 55:32.386,75 08:48.709,338, ,333, ,0, ,N, ,0, , , , , , , , , ,1,0,0,0,0,1,0,0,0,0,0,0,1,1,0,0,0,0,0,0,0,0,0,0,0,0,0,0,0,0,0,0,0,0,0,8,1,39.9256,-75.1469, , 
66941,768946,2011009788,6,67,67301,2011,1,1,1245,12,1,1,0,5,6, , ,N,0,0,0,3,0,0,1,4,N,N,39 57:45.775,75 12:14.639,1300, ,1245, ,0, ,N, ,0, , , , , , , , , ,4,3,0,0,0,0,0,1,0,0,0,0,0,0,0,0,0,0,0,0,0,0,0,1,0,0,0,0,0,0,0,0,0,0,0,0,0,39.9627,-75.2041, , 
66942,768952,2011013651,6,67,67301,2011,1,1,2235,22,3,1,0,7,2, , ,N,0,8,3,3,0,0,1,1,N,N,39 54:19.990,75 07:53.950,2237, ,2235,1,2,4,N, ,3,N, , , , , , , , ,1,1,0,0,0,0,0,0,0,0,0,0,0,0,0,0,0,0,0,0,0,0,0,0,0,0,0,0,0,0,0,0,0,0,0,0,0,39.9056,-75.1317, , 
66943,768969,2011031315,6,67,67301,2011,2,3,1830,18,2,1,1,4,1, , ,N,2,3,0,3,0,0,2,2,N,N,40 00:07.398,75 06:11.422,1833, ,9999,1,1,2,N, ,3,N, , , , , , , , ,2,2,0,0,0,0,0,0,0,0,0,0,0,0,0,0,1,0,0,0,1,0,0,0,0,0,0,0,0,0,0,0,0,0,0,0,0,40.0021,-75.1032, , 
66944,769009,2011023299,6,67,67301,2011,1,5,1948,19,3,8,1,2,1, , ,N,0,0,0,3,0,0,1,2,N,N,40 01:53.361,75 02:10.380,1954, ,1951,1,1,3,N, ,0,N, , , , , , , , ,2,1,0,0,1,0,0,0,0,0,0,0,0,0,1,0,0,0,0,0,0,0,0,0,0,0,0,0,0,0,0,0,0,0,0,9,0,40.0315,-75.0362, , 
66945,769015,2011029032,6,67,67301,2011,1,5,1927,19,3,4,4,6,1, , ,N,0,0,0,3,0,1,2,2, , ,40 00:48.431,75 07:21.596,1941, ,927, ,0, , , ,0, , , , , , , , , ,2,2,0,0,0,0,0,0,0,0,0,1,1,0,0,0,0,0,0,0,0,0,0,1,0,0,0,0,0,0,0,0,0,0,0,4,0,40.0135,-75.1227, , 
66946,769016,2011031428,6,67,67301,2011,2,4,2040,20,3,1,0,5,1, , ,N,0,0,0,3,0,3,4,2,N,N,40 01:26.726,75 08:00.487,2052, ,2046,1,2,4,N, ,0,N, , , , , , , , ,2,2,0,0,0,0,0,0,0,0,0,3,3,0,0,0,1,0,0,0,0,0,0,0,0,0,0,0,0,0,0,0,0,0,0,4,0,40.0241,-75.1333, , 
66947,769053,2011022921,6,67,67301,2011,1,4,2315,23,3,4,3,4,1, , ,N,1,2,0,3,0,1,3,2,N,N,39 57:31.834,75 12:22.607,1520, ,1520, ,0, ,N, ,3, , , , , , , , , ,2,2,0,0,0,0,0,0,0,0,0,1,1,0,1,0,0,0,0,0,0,0,0,0,0,0,0,0,0,0,0,0,0,0,0,4,0,39.9588,-75.2063, , 
66948,769055,2011023241,6,67,67301,2011,1,2,1325,13,1,1,0,4,1, , ,N,1,2,0,3,0,0,4,3,N,N,39 58:21.471,75 08:40.063,1345, ,1335, ,0, ,N, ,2, , , , , , , , , ,3,2,0,0,0,0,1,0,0,0,0,0,0,0,0,0,0,0,0,0,0,1,0,0,0,0,0,0,0,0,0,0,0,0,0,0,0,39.9726,-75.1445, , 