objectid_1,objectid,crn,district,county,municipality,crash_year,crash_month,day_of_week,time_of_day,hour_of_day,illumination,weather,road_condition,collision_type,relation_to_road,work_zone_type,work_zone_loc,work_zone_ind,intersect_type,tcd_type,location_type,urban_rural,fatal_count,injury_count,person_count,total_units,sch_bus_ind,sch_zone_ind,latitude,longitude,arrival_tm,cons_zone_spd_lim,dispatch_tm,est_hrs_closed,lane_closed,ln_close_dir,ntfy_hiwy_maint,spec_juris_cd,tcd_func_cd,tfc_detour_ind,workers_pres,wz_close_detour,wz_flagger,wz_law_offcr_ind,wz_ln_closure,wz_moving,wz_other,wz_shlder_mdn,vehicle_count,automobile_count,motorcycle_count,bus_count,small_truck_count,heavy_truck_count,suv_count,van_count,bicycle_count,maj_inj_count,mod_inj_count,min_inj_count,tot_inj_count,unk_inj_deg_count,unk_inj_per_count,driver_count_16yr,driver_count_17yr,driver_count_18yr,driver_count_19yr,driver_count_20yr,driver_count_50_64yr,driver_count_65_74yr,driver_count_75plus,unbelted_occ_count,unb_death_count,unb_maj_inj_count,belted_death_count,belted_maj_inj_count,mcycle_death_count,mcycle_maj_inj_count,bicycle_death_count,bicycle_maj_inj_count,ped_count,ped_death_count,ped_maj_inj_count,max_severity_level,comm_veh_count,dec_lat,dec_long,rdwy_surf_type_cd,county_name
67421,759326,2011040366,6,67,67301,2011,3,2,1629,16,1,1,0,7,2, , ,N,0,0,0,3,0,3,3,1,N,N,39 57:10.105,75 10:46.177,1635, ,1629, ,0, ,N, ,0, , , , , , , , , ,1,1,0,0,0,0,0,0,0,0,0,3,3,0,0,0,0,0,0,0,0,0,0,1,0,0,0,0,0,0,0,0,0,0,0,4,0,39.9528,-75.1795, , 
67422,759370,2011029164,6,67,67301,2011,2,2,2004,20,3,1,0,1,1, , ,N,1,2,0,3,0,3,4,3,N,N,40 01:31.774,75 07:31.582,2152, ,2150,2,2,4,N, ,3,N, , , , , , , , ,3,3,0,0,0,0,0,0,0,0,3,0,3,0,0,0,0,0,0,0,0,0,0,0,0,0,0,0,0,0,0,0,0,0,0,3,0,40.0255,-75.1254, , 
67423,759375,2011034033,6,67,67301,2011,3,3,1403,14,1,1,0,1,1, , ,N,0,0,0,3,0,0,3,3,N,N,39 59:42.175,75 05:01.552,1450, ,1406,1,1,2,N, ,0,N, , , , , , , , ,3,2,0,0,1,0,0,0,0,0,0,0,0,0,0,0,0,0,0,0,1,0,0,0,0,0,0,0,0,0,0,0,0,0,0,0,0,39.9951,-75.0837, , 
67424,759380,2011040415,6,67,67301,2011,3,7,1630,16,1,1,0,1,1, , ,N,0,0,0,3,0,2,3,3,N,N,39 57:08.350,75 10:08.220,1633, ,1631,1,2,3,N, ,0,Y, , , , , , , , ,3,3,0,0,0,0,0,0,0,0,1,0,2,1,0,0,0,0,0,0,0,0,0,0,0,0,0,0,0,0,0,0,0,0,0,3,0,39.9523,-75.169, , 
67425,759384,2011044564,6,67,67301,2011,3,5,2050,20,3,2,1,4,1, , ,N,1,3,0,3,0,0,4,2,N,N,40 01:19.484,75 03:08.111,2105, ,2100, ,0, ,N, ,1, , , , , , , , , ,2,2,0,0,0,0,0,0,0,0,0,0,0,0,1,0,0,0,0,0,1,0,0,0,0,0,0,0,0,0,0,0,0,0,0,9,0,40.0221,-75.0523, , 
67426,759405,2011026766,6,46,46102,2011,3,7,2027,20,3,1,0,1,1, , ,N,1,2,0,3,0,0,3,2,N,N,40 03:55.027,75 05:25.289,2030, ,2027,1,1,3,N, ,3,N, , , , , , , , ,2,1,0,0,0,0,1,0,0,0,0,0,0,0,0,0,0,0,1,0,0,0,0,1,0,0,0,0,0,0,0,0,0,0,0,0,0,40.0653,-75.0904, , 
67427,763371,2011033544,6,67,67301,2011,3,3,1722,17,1,1,0,8,1, , ,N,1,3,0,3,0,1,2,2, , ,39 57:32.616,75 12:12.967,1722, ,1722, ,0, , , ,3, , , , , , , , , ,1,1,0,0,0,0,0,0,0,0,0,0,1,1,0,0,0,0,0,0,0,0,1,0,0,0,0,0,0,0,0,0,1,0,0,8,0,39.9591,-75.2036, , 
67428,763380,2011043322,6,67,67301,2011,4,5,1500,15,1,1,0,1,1, , ,N,0,0,0,3,0,1,4,3,N,N,40 01:22.228,75 02:09.126,1522, ,1504, ,0, ,N, ,0, , , , , , , , , ,3,3,0,0,0,0,0,0,0,0,0,0,1,1,0,0,0,0,0,0,0,0,1,0,0,0,0,0,0,0,0,0,0,0,0,8,0,40.0228,-75.036, , 
67429,763398,2011063189,6,67,67301,2011,5,3,755,7,1,1,0,1,1, , ,N,0,0,0,3,0,1,2,2,N,N,39 55:36.494,75 11:41.394,806, ,800,3,1,4,N, ,0,N, , , , , , , , ,2,0,0,0,1,0,1,0,0,0,0,1,1,0,0,0,0,0,0,0,0,0,0,0,0,0,0,0,0,0,0,0,0,0,0,4,0,39.9268,-75.1948, , 
67430,763418,2011033527,6,67,67301,2011,2,2,1435,14,1,1,0,5,6, , ,N,0,0,0,3,0,2,2,2,N,N,40 00:56.276,75 09:15.703,9999, ,1153, ,0, ,N, ,0, , , , , , , , , ,2,0,0,0,2,0,0,0,0,0,0,0,2,2,0,0,0,0,0,0,0,0,0,0,0,0,0,0,0,0,0,0,0,0,0,8,0,40.0156,-75.1544, , 
67431,763424,2011040378,6,67,67301,2011,3,4,1535,15,1,2,1,4,1, , ,N,1,2,0,3,0,1,3,2,N,N,39 58:49.322,75 10:15.323,1550, ,1540, ,0, ,N, ,3, , , , , , , , , ,2,2,0,0,0,0,0,0,0,0,0,1,1,0,0,0,0,0,0,0,0,0,1,0,0,0,0,0,0,0,0,0,0,0,0,4,0,39.9804,-75.1709, , 
67432,763465,2011025702,6,67,67301,2011,2,6,1637,16,1,1,0,8,1, , ,N,0,0,0,3,1,0,2,2,N,N,39 59:02.331,75 07:56.449,1640, ,1638,9,2,5,N,0,0,N, , , , , , , , ,1,1,0,0,0,0,0,0,0,0,0,0,0,0,0,0,0,0,1,0,0,0,0,0,0,0,0,0,0,0,0,0,1,1,0,1,0,39.984,-75.1323,2, 
67433,763479,2011037031,6,67,67301,2011,3,5,2252,22,3,2,1,7,2, , ,N,0,0,0,3,0,0,1,1,N,N,40 00:47.290,75 03:27.942,2313, ,2254, ,0, ,N, ,0, , , , , , , , , ,1,1,0,0,0,0,0,0,0,0,0,0,0,0,0,0,0,0,0,0,0,0,0,0,0,0,0,0,0,0,0,0,0,0,0,0,0,40.0131,-75.0579, , 
67434,763493,2011053543,6,67,67301,2011,4,1,9999,99,1,1,0,8,5, , ,N,0,0,0,3,0,1,2,2,N,N,39 56:02.803,75 13:35.583,1759, ,1750, ,0, ,N, ,0, , , , , , , , , ,1,0,1,0,0,0,0,0,0,0,0,1,1,0,1,0,0,0,0,0,0,0,0,0,0,0,0,0,0,0,0,0,1,0,0,4,0,39.9341,-75.2266, , 
67435,763517,2011032348,6,67,67301,2011,3,5,1440,14,1,1,0,1,1, , ,N,0,0,0,3,0,2,3,3,N,N,40 01:24.425,75 02:00.701,1453, ,1447,1,1,1,N, ,0,N, , , , , , , , ,3,2,0,0,0,0,1,0,0,0,0,0,2,2,0,0,0,0,0,0,0,0,0,0,0,0,0,0,0,0,0,0,0,0,0,8,0,40.0234,-75.0337, , 
67436,763556,2011029185,6,67,67301,2011,2,5,1440,14,1,1,0,8,1, , ,N,1,2,0,3,0,1,2,2,N,N,40 02:12.310,75 02:26.659,1515, ,1511, ,0, , , ,3, , , , , , , , , ,1,0,0,0,0,1,0,0,0,0,0,1,1,0,0,0,0,0,0,0,1,0,0,0,0,0,0,0,0,0,0,0,1,0,0,4,1,40.0368,-75.0407, , 
67437,763587,2011064009,6,67,67301,2011,5,6,1412,14,1,1,0,4,1, , ,N,1,2,0,3,0,1,2,2,N,N,39 57:35.036,75 11:45.125,1423, ,1420,1,2,4,N, ,3,Y, , , , , , , , ,2,1,0,0,0,0,0,0,0,0,0,0,1,1,0,0,0,0,0,0,1,0,0,0,0,0,0,0,0,0,0,0,0,0,0,8,0,39.9597,-75.1958, , 
67438,763590,2011066045,6,67,67301,2011,5,3,1943,19,1,1,0,8,1, , ,N,0,0,0,3,0,1,2,2,N,N,39 59:08.350,75 10:10.960,1950, ,1948, ,0, ,N, ,0, , , , , , , , , ,1,0,0,0,0,0,0,1,0,0,0,1,1,0,0,0,0,0,0,0,1,0,0,0,0,0,0,0,0,0,0,0,1,0,0,4,0,39.9857,-75.1697, , 
67439,763624,2011038012,6,67,67301,2011,3,2,807,8,1,1,0,1,1, , ,N,1,2,0,3,0,2,3,2,N,N,40 01:32.275,75 07:31.347,816, ,814,1,1,4,N, ,3,N, , , , , , , , ,2,1,0,0,0,0,0,1,0,0,0,2,2,0,0,0,0,0,0,0,0,0,0,0,0,0,0,0,0,0,0,0,0,0,0,4,0,40.0257,-75.1251, , 
67440,763625,2011038389,6,67,67301,2011,3,7,946,9,1,1,0,5,1, , ,N,0,0,0,3,0,1,4,2,N,N,39 58:56.232,75 14:48.780,1008, ,7, ,0, , , ,0, , , , , , , , , ,2,0,0,0,0,0,2,0,0,0,0,1,1,0,0,0,1,0,0,0,0,0,0,0,0,0,0,0,0,0,0,0,0,0,0,4,0,39.9823,-75.2469, , 
67441,763630,2011044434,6,67,67301,2011,3,3,1230,12,1,1,0,5,6, , ,N,0,0,0,3,0,1,3,3,N,N,39 57:12.245,75 09:18.346,1245, ,1230, ,0, ,N, ,0, , , , , , , , , ,2,1,0,0,0,0,0,1,0,0,0,1,1,0,0,0,0,1,0,0,1,0,0,0,0,0,0,0,0,0,0,0,1,0,0,4,0,39.9534,-75.1551, , 
67442,763678,2011056918,6,67,67301,2011,4,7,2259,22,3,1,0,8,1, , ,N,1,2,0,3,0,1,2,2,N,N,39 57:59.670,75 14:23.337,2304, ,2301, ,0, ,N, ,3, , , , , , , , , ,1,1,0,0,0,0,0,0,0,0,1,0,1,0,0,0,0,0,0,0,0,0,0,0,0,0,0,0,0,0,0,0,1,0,0,3,0,39.9666,-75.2398, , 
67443,763685,2011067750,6,67,67301,2011,6,4,1925,19,1,1,0,1,1, , ,N,0,0,0,3,0,0,3,2,N,N,40 00:53.637,75 03:16.893,1929, ,1929, ,0, ,N, ,0, , , , , , , , , ,2,1,0,0,1,0,0,0,0,0,0,0,0,0,0,0,1,0,0,0,0,0,0,0,0,0,0,0,0,0,0,0,0,0,0,0,0,40.015,-75.0546, , 
67444,763708,2011031392,6,67,67301,2011,2,7,1733,17,1,1,0,7,2, , ,N,2,3,0,3,0,1,2,1,N,N,40 02:23.568,75 02:42.316,1737, ,1733,1,1,1, , ,3,Y, , , , , , , , ,1,1,0,0,0,0,0,0,0,0,1,0,1,0,0,0,0,0,0,0,0,0,0,0,0,0,0,0,0,0,0,0,0,0,0,3,0,40.0399,-75.0451, , 
67445,770628,2011057305,6,67,67301,2011,4,3,1443,14,1,2,1,1,1, , ,N,0,0,0,3,0,0,3,2,N,N,40 04:15.659,75 04:40.089,1455, ,1448, ,0, ,N, ,0, , , , , , , , , ,2,2,0,0,0,0,0,0,0,0,0,0,0,0,0,0,0,0,0,0,0,0,0,0,0,0,0,0,0,0,0,0,0,0,0,0,0,40.071,-75.0778, , 
67446,770633,2011061839,6,67,67301,2011,5,5,1834,18,1,1,0,8,1, , ,N,0,3,0,3,0,1,2,2,N,N,40 00:59.932,75 03:51.015,1840, ,1835, ,0, ,N, ,3, , , , , , , , , ,1,1,0,0,0,0,0,0,0,0,0,0,1,1,0,0,0,0,0,0,0,0,0,0,0,0,0,0,0,0,0,0,1,0,0,8,0,40.0166,-75.0642, , 
67447,770642,2011011023,6,67,67301,2011,1,3,2311,23,3,4,3,1,1, , ,N,0,0,0,3,0,1,2,2,N,N,39 55:37.071,75 11:42.506,2315, ,2315,1,2,3,N, ,0,Y, , , , , , , , ,2,0,0,0,1,0,1,0,0,0,0,0,1,1,0,0,0,0,0,0,0,0,0,0,0,0,0,0,0,0,0,0,0,0,0,8,0,39.927,-75.1951, , 
67448,770645,2011016025,6,67,67301,2011,1,4,2010,20,3,1,6,4,1, , ,N,1,2,0,3,0,1,5,2,N,N,40 00:53.164,75 05:07.676,2020, ,2020, ,0, ,N, ,3, , , , , , , , , ,2,2,0,0,0,0,0,0,0,0,0,0,1,1,0,0,0,0,0,0,0,0,0,0,0,0,0,0,0,0,0,0,0,0,0,8,0,40.0148,-75.0855, , 
67449,770660,2011033560,6,67,67301,2011,3,3,510,5,5,1,0,4,1, , ,N,1,2,0,3,0,0,2,2,N,N,40 06:06.033,75 00:22.239,525, ,518, ,0, , , ,3, , , , , , , , , ,2,1,0,0,0,0,0,1,0,0,0,0,0,0,1,0,0,0,0,0,0,0,0,0,0,0,0,0,0,0,0,0,0,0,0,9,0,40.1017,-75.0062, , 
67450,770665,2011038401,6,67,67301,2011,3,2,1211,12,1,1,0,4,1, , ,N,0,0,0,3,0,1,2,2,N,N,40 01:49.961,75 05:10.890,1220, ,1212,2,1,1,N, ,0,N, , , , , , , , ,2,2,0,0,0,0,0,0,0,0,0,0,1,1,0,0,0,0,0,0,0,2,0,0,0,0,0,0,0,0,0,0,0,0,0,8,0,40.0305,-75.0864, , 
67451,770668,2011042394,6,67,67301,2011,4,2,1935,19,3,1,0,7,2, , ,N,0,0,0,3,0,0,1,1,N,N,39 55:54.908,75 11:59.335,1949, ,1943,1,1,4,N, ,0,N, , , , , , , , ,1,0,0,0,1,0,0,0,0,0,0,0,0,0,1,0,0,0,0,0,0,0,0,0,0,0,0,0,0,0,0,0,0,0,0,9,0,39.9319,-75.1998, , 
67452,770697,2011017092,6,67,67301,2011,2,3,602,6,3,2,6,5,1, , ,N,0,0,0,3,0,0,2,2,N,N,39 58:50.378,75 06:13.654,617, ,606,1,2,1,N, ,0,N, , , , , , , , ,2,1,0,0,0,1,0,0,0,0,0,0,0,0,1,0,0,0,0,0,1,0,0,0,0,0,0,0,0,0,0,0,0,0,0,9,1,39.9806,-75.1039, , 
67453,770708,2011029039,6,67,67301,2011,2,2,950,9,1,1,0,1,1, , ,N,1,2,0,3,0,0,2,2, , ,40 06:44.590,74 59:27.519,957, ,952,1,1,2, , ,3,N, , , , , , , , ,2,1,0,0,0,1,0,0,0,0,0,0,0,0,0,0,0,0,0,0,0,0,0,1,0,0,0,0,0,0,0,0,0,0,0,0,1,40.1124,-74.991, , 
67454,770720,2011037707,6,67,67301,2011,3,3,627,6,5,1,0,1,1, , ,N,0,0,0,3,0,4,5,2,N,N,39 58:50.409,75 06:15.350,643, ,636, ,0, ,N, ,0, , , , , , , , , ,2,1,0,0,1,0,0,0,0,0,0,0,4,4,0,0,0,0,0,0,0,0,0,0,0,0,0,0,0,0,0,0,0,0,0,8,0,39.9807,-75.1042, , 
67455,770728,2011046981,6,67,67301,2011,3,5,17,0,3,2,1,4,1, , ,N,1,2,0,3,0,1,2,2,N,N,39 59:03.796,75 09:15.868,24, ,17, ,0, ,N, ,2, , , , , , , , , ,2,1,0,0,0,0,0,1,0,0,0,1,1,0,0,0,0,0,0,0,0,0,0,0,0,0,0,0,0,0,0,0,0,0,0,4,0,39.9844,-75.1544, , 
67456,770775,2011057039,6,67,67301,2011,4,6,9999,99,1,1,0,4,2, , ,N,0,0,7,3,0,1,5,3, , ,40 00:22.057,75 07:25.206,9999, ,9999, ,0, , , ,0, , , , , , , , , ,3,3,0,0,0,0,0,0,0,1,0,0,1,0,0,0,0,0,0,0,0,0,0,0,0,0,0,0,0,0,0,0,0,0,0,2,0,40.0061,-75.1237, , 
67457,770791,2011015939,6,67,67301,2011,1,5,743,7,1,1,0,1,1, , ,N,1,2,0,3,0,1,2,2,N,N,40 02:24.861,75 03:30.268,750, ,744,1,1,1,N, ,3,N, , , , , , , , ,2,1,0,0,0,0,1,0,0,0,0,0,1,1,0,0,0,0,0,0,1,0,0,0,0,0,0,0,0,0,0,0,0,0,0,8,0,40.0402,-75.0584, , 
67458,770811,2011037967,6,67,67301,2011,3,2,1550,15,1,1,0,4,1, , ,N,0,0,7,3,0,4,5,2, , ,40 00:21.244,75 05:41.451,1625, ,1555, ,0, , , ,0, , , , , , , , , ,2,2,0,0,0,0,0,0,0,0,0,3,4,1,0,0,0,0,0,0,0,0,0,1,0,0,0,0,0,0,0,0,0,0,0,4,0,40.0059,-75.0949, , 
67459,770822,2011047067,6,67,67301,2011,4,7,829,8,1,1,1,4,1, , ,N,1,2,0,3,0,2,2,2,N,N,39 58:20.544,75 09:59.380,840, ,830, ,0, , , ,3, , , , , , , , , ,2,2,0,0,0,0,0,0,0,0,0,1,2,1,0,0,0,0,0,0,0,1,0,0,0,0,0,0,0,0,0,0,0,0,0,4,0,39.9724,-75.1665, , 
67460,770900,2011028838,6,67,67301,2011,2,4,1050,10,1,1,1,7,2, , ,N,0,0,0,3,0,1,1,1,N,N,40 02:12.307,75 14:14.672,1104, ,1110, ,0, , , ,0, , , , , , , , , ,1,1,0,0,0,0,0,0,0,0,0,1,1,0,0,0,0,0,0,0,0,0,1,0,0,0,0,0,0,0,0,0,0,0,0,4,0,40.0368,-75.2374, , 
67461,770907,2011040868,6,67,67301,2011,3,3,1712,17,1,1,0,4,1, , ,N,1,2,0,3,1,0,2,2,N,N,39 54:57.236,75 09:52.167,1719, ,1717,3,2,5,N,0,3,Y, , , , , , , , ,2,0,1,1,0,0,0,0,0,0,0,0,0,0,0,0,0,0,0,0,1,0,0,0,0,0,0,0,1,0,0,0,0,0,0,1,1,39.9159,-75.1645,2, 
67462,770915,2011044435,6,67,67301,2011,3,5,300,3,3,2,1,7,2, , ,N,0,2,0,3,0,1,3,1,N,N,39 57:18.558,75 11:07.704,315, ,307, ,0, ,Y, ,3, , , , , , , , , ,1,1,0,0,0,0,0,0,0,0,0,1,1,0,0,0,0,0,0,0,0,0,0,0,0,0,0,0,0,0,0,0,0,0,0,4,0,39.9552,-75.1855, , 
67463,755117,2012109707,6,67,67301,2012,10,6,1745,17,1,1,0,5,5, , ,N,0,0,0,3,0,1,1,2,N,N,40 00:09.438,75 05:58.984,1748, ,1745, ,0, , , ,0, , , , , , , , , ,2,1,0,0,0,0,1,0,0,0,0,0,1,1,0,0,0,0,0,0,0,0,0,0,0,0,0,0,0,0,0,0,0,0,0,8,0,40.0026,-75.0997, , 
67464,755142,2012109689,6,67,67301,2012,10,6,2000,20,3,1,0,8,1, , ,N,0,0,0,3,0,1,2,2,N,N,39 55:18.509,75 10:12.620,2017, ,2015, ,0, ,N, ,0, , , , , , , , , ,1,1,0,0,0,0,0,0,0,1,0,0,1,0,0,0,0,0,0,0,0,0,0,0,0,0,0,0,0,0,0,0,1,0,1,2,0,39.9218,-75.1702, , 
67465,755145,2012111750,6,67,67301,2012,10,3,1530,15,1,1,0,2,1, , ,N,0,0,0,3,0,0,0,3,N, ,39 59:57.177,75 08:50.838,1544, ,1532, ,0, , , ,0, , , , , , , , , ,3,3,0,0,0,0,0,0,0,0,0,0,0,0,0,0,0,0,0,0,0,0,0,0,0,0,0,0,0,0,0,0,0,0,0,9,0,39.9992,-75.1475, , 
67466,755147,2012114855,6,67,67301,2012,10,7,1000,10,1,1,0,4,1, , ,N,2,3,0,3,0,2,2,2,N,N,40 01:54.068,75 04:00.860,1007, ,1005,1,1,5, , ,3,Y, , , , , , , , ,2,2,0,0,0,0,0,0,0,0,0,0,1,1,1,0,0,0,0,0,0,0,0,0,0,0,0,0,0,0,0,0,0,0,0,8,0,40.0317,-75.0669, , 
67467,755155,2012122372,6,67,67301,2012,11,4,1930,19,1,2,0,4,1, , ,N,1,2,0,3,0,2,3,2,N, ,39 57:17.491,75 09:04.108,1950, ,1947, ,0, , , ,3, , , , , , , , , ,2,0,0,1,0,0,1,0,0,0,0,0,1,1,1,0,0,0,0,0,0,0,0,1,0,0,0,0,0,0,0,0,0,0,0,8,1,39.9549,-75.1511, , 
67468,755159,2012128179,6,67,67301,2012,11,2,1827,18,3,1,0,8,1, , ,N,2,0,0,3,0,1,2,2,N,N,40 02:16.904,75 10:58.119,1850, ,1838, ,0, ,N, ,0, , , , , , , , , ,1,0,0,0,0,0,1,0,0,0,0,1,1,0,0,0,0,0,0,0,1,0,0,1,0,0,0,0,0,0,0,0,1,0,0,4,0,40.038,-75.1828, , 
67469,755193,2011031161,6,67,67301,2011,3,3,1357,13,1,1,0,1,1, , ,N,1,3,0,3,0,2,4,2,N,N,39 56:39.527,75 14:40.212,1403, ,1359, ,0, ,N, ,3, , , , , , , , , ,2,2,0,0,0,0,0,0,0,0,0,0,2,2,0,0,0,0,0,0,0,0,0,0,0,0,0,0,0,0,0,0,0,0,0,8,0,39.9443,-75.2445, , 
67470,755215,2011049201,6,67,67301,2011,4,7,1304,13,1,1,0,1,1, , ,N,0,0,0,3,0,3,3,2,N,N,40 01:08.109,75 09:54.611,1312, ,1306,2,2,4,N, ,0,N, , , , , , , , ,2,1,0,0,0,0,1,0,0,0,3,0,3,0,0,0,0,0,0,0,1,1,0,0,0,0,0,0,0,0,0,0,0,0,0,3,0,40.0189,-75.1652, , 
67471,755236,2011025630,6,67,67301,2011,2,3,322,3,3,4,3,7,2, , ,N,0,0,0,3,0,0,1,1,N,N,39 56:20.701,75 08:37.851,353, ,324,1,1,2,N, ,0,N, , , , , , , , ,1,1,0,0,0,0,0,0,0,0,0,0,0,0,0,0,0,0,0,0,0,0,0,0,0,0,0,0,0,0,0,0,0,0,0,0,0,39.9391,-75.1438, , 
67472,755238,2011029073,6,67,67301,2011,2,7,1820,18,2,1,0,1,1, , ,N,0,2,0,3,0,3,7,4, , ,40 04:51.236,75 01:43.431,1847, ,1830,2,1,2, , ,3,N, , , , , , , , ,4,3,0,0,1,0,0,0,0,0,0,0,3,3,0,0,0,0,0,0,1,0,0,0,0,0,0,0,0,0,0,0,0,0,0,8,0,40.0809,-75.0287, , 
67473,755241,2011033522,6,67,67301,2011,3,7,1712,17,1,1,0,4,1, , ,N,1,2,0,3,0,2,3,2,N,N,40 04:27.539,75 02:05.367,1724, ,1712,1,1,1,N, ,3,N, , , , , , , , ,2,1,0,0,0,0,1,0,0,0,0,2,2,0,0,0,0,0,0,0,1,1,0,0,0,0,0,0,0,0,0,0,0,0,0,4,0,40.0743,-75.0348, , 
67474,755262,2011057036,6,67,67301,2011,5,2,737,7,1,6,1,1,1, , ,N,0,0,0,3,0,1,3,2,N,N,40 03:10.561,75 04:08.380,737, ,737, ,0, ,N, ,0, , , , , , , , , ,2,1,0,0,0,0,1,0,0,0,0,0,1,1,0,0,1,0,0,0,0,0,0,0,0,0,0,0,0,0,0,0,0,0,0,8,0,40.0529,-75.069, , 
67475,755308,2011037904,6,67,67301,2011,3,1,215,2,3,1,0,7,4, , ,N,2,2,0,3,0,2,2,1,N,N,39 56:52.021,75 13:52.662,238, ,228, ,0, ,N, ,3, , , , , , , , , ,1,1,0,0,0,0,0,0,0,0,0,2,2,0,0,0,0,0,0,0,0,0,0,0,0,0,0,0,0,0,0,0,0,0,0,4,0,39.9478,-75.2313, , 
67476,755309,2011037984,6,67,67301,2011,3,3,358,3,3,2,1,7,2, , ,N,6,2,2,3,0,0,1,1,N,N,40 01:09.178,75 08:37.485,405, ,358, ,0, ,Y, ,3, , , , , , , , , ,1,0,0,0,0,0,1,0,0,0,0,0,0,0,0,0,0,0,0,0,0,0,0,0,0,0,0,0,0,0,0,0,0,0,0,0,0,40.0192,-75.1437, , 
67477,755322,2011015936,6,67,67301,2011,1,6,1106,11,1,4,1,6,1, , ,N,0,0,0,3,0,1,1,2,N,N,40 01:41.259,75 09:06.999,1120, ,1115, ,0, ,N, ,0, , , , , , , , , ,2,0,0,0,0,0,2,0,0,0,0,1,1,0,0,0,0,0,0,0,0,0,0,0,0,0,0,0,0,0,0,0,0,0,0,4,0,40.0281,-75.1519, , 
67478,755331,2011028977,6,67,67301,2011,2,3,1355,13,1,1,0,7,2, , ,N,0,0,0,3,0,1,2,1, , ,40 03:09.003,75 00:29.498,1400, ,1355, ,0, , , ,0, , , , , , , , , ,1,0,0,0,0,0,1,0,0,0,0,0,1,1,0,0,0,0,0,0,0,0,0,0,0,0,0,0,0,0,0,0,0,0,0,8,0,40.0525,-75.0082, , 
67479,755336,2011032242,6,67,67301,2011,3,5,1509,15,1,1,0,5,1, , ,N,0,0,0,3,0,0,2,2,N,N,39 59:38.200,75 05:03.483,1523, ,1516, ,0, ,N, ,0, , , , , , , , , ,2,1,0,0,0,1,0,0,0,0,0,0,0,0,0,0,0,0,0,0,0,0,0,0,0,0,0,0,0,0,0,0,0,0,0,0,1,39.9938,-75.0844, , 
67480,755338,2011033460,6,67,67301,2011,2,7,115,1,3,1,0,4,1, , ,N,1,2,0,3,0,1,4,2,N,N,39 55:29.938,75 10:27.649,117, ,116,3,2,7,N, ,3,Y, , , , , , , , ,2,1,0,0,0,0,1,0,0,0,0,1,1,0,0,0,0,0,0,0,0,0,0,0,0,0,0,0,0,0,0,0,0,0,0,4,0,39.925,-75.1743, , 
67481,749373,2012117235,6,67,67301,2012,10,5,1630,16,1,1,0,4,1, , ,N,1,2,0,3,0,1,2,2,N,N,40 01:54.231,75 10:43.900,1750, ,1750, ,0, , , ,3, , , , , , , , , ,2,1,1,0,0,0,0,0,0,0,0,0,1,1,0,0,0,0,0,0,0,0,0,0,0,0,0,0,0,0,0,0,0,0,0,8,0,40.0317,-75.1789, , 
67482,749375,2012074228,6,67,67301,2012,7,3,1852,18,1,1,0,1,1, , ,N,0,0,0,3,0,1,2,2,N,N,39 53:10.330,75 12:49.910,1914, ,1859, ,0, ,N, ,0, , , , , , , , , ,2,1,0,0,0,0,1,0,0,0,0,1,1,0,0,0,0,0,0,0,1,0,0,0,0,0,0,0,0,0,0,0,0,0,0,4,0,39.8862,-75.2139, , 
67483,749384,2012083390,6,67,67301,2012,7,1,1838,18,1,1,0,4,1, , ,N,1,2,0,3,0,1,3,4,N,N,39 58:23.617,75 11:01.532,1845, ,1838, ,0, ,N, ,3, , , , , , , , , ,4,3,0,0,0,0,1,0,0,0,1,0,1,0,2,0,0,0,0,0,1,0,0,0,0,0,0,0,0,0,0,0,0,0,0,3,0,39.9732,-75.1838, , 
67484,749400,2012098318,6,67,67301,2012,9,4,1715,17,1,1,0,1,1, , ,N,1,2,0,3,0,1,2,2,N,N,40 02:09.368,75 02:32.560,1830, ,830, ,0, , , ,3, , , , , , , , , ,2,0,0,0,2,0,0,0,0,0,0,1,1,0,0,0,0,0,0,0,0,0,0,0,0,0,0,0,0,0,0,0,0,0,0,4,0,40.0359,-75.0424, , 
67485,749401,2012098327,6,67,67301,2012,9,4,1507,15,1,1,0,8,1, , ,N,1,2,0,3,0,1,2,2,N,N,40 00:02.271,75 07:58.407,1523, ,1521, ,0, ,N, ,3, , , , , , , , , ,1,1,0,0,0,0,0,0,0,0,0,1,1,0,0,0,0,0,0,0,1,0,0,0,0,0,0,0,0,0,0,0,1,0,0,4,0,40.0006,-75.1329, , 
67486,749428,2012128028,6,67,67301,2012,12,1,150,1,3,1,0,7,2, , ,N,0,0,0,3,0,0,1,1,N,N,39 57:45.968,75 10:59.675,200, ,150,1,2,4,N, ,0,N, , , , , , , , ,1,1,0,0,0,0,0,0,0,0,0,0,0,0,1,0,0,0,0,0,0,0,0,0,0,0,0,0,0,0,0,0,0,0,0,9,0,39.9628,-75.1832, , 
67487,749434,2013006885,6,67,67301,2012,12,1,2215,22,3,2,1,6,1, , ,N,3,0,0,3,0,0,2,2,N,N,40 00:01.802,75 11:12.916,2233, ,2228,1,1,4,N, ,0,N, , , , , , , , ,2,1,0,0,0,0,1,0,0,0,0,0,0,0,1,0,0,0,0,0,0,0,1,0,0,0,0,0,0,0,0,0,0,0,0,9,0,40.0029,-75.1836, , 