objectid_1,objectid,crn,district,county,municipality,crash_year,crash_month,day_of_week,time_of_day,hour_of_day,illumination,weather,road_condition,collision_type,relation_to_road,work_zone_type,work_zone_loc,work_zone_ind,intersect_type,tcd_type,location_type,urban_rural,fatal_count,injury_count,person_count,total_units,sch_bus_ind,sch_zone_ind,latitude,longitude,arrival_tm,cons_zone_spd_lim,dispatch_tm,est_hrs_closed,lane_closed,ln_close_dir,ntfy_hiwy_maint,spec_juris_cd,tcd_func_cd,tfc_detour_ind,workers_pres,wz_close_detour,wz_flagger,wz_law_offcr_ind,wz_ln_closure,wz_moving,wz_other,wz_shlder_mdn,vehicle_count,automobile_count,motorcycle_count,bus_count,small_truck_count,heavy_truck_count,suv_count,van_count,bicycle_count,maj_inj_count,mod_inj_count,min_inj_count,tot_inj_count,unk_inj_deg_count,unk_inj_per_count,driver_count_16yr,driver_count_17yr,driver_count_18yr,driver_count_19yr,driver_count_20yr,driver_count_50_64yr,driver_count_65_74yr,driver_count_75plus,unbelted_occ_count,unb_death_count,unb_maj_inj_count,belted_death_count,belted_maj_inj_count,mcycle_death_count,mcycle_maj_inj_count,bicycle_death_count,bicycle_maj_inj_count,ped_count,ped_death_count,ped_maj_inj_count,max_severity_level,comm_veh_count,dec_lat,dec_long,rdwy_surf_type_cd,county_name
67623,746884,2013020011,6,67,67301,2012,10,2,9999,99,8,2,1,1,1, , ,N,0,0,0,3,0,2,2,2, , ,40 00:29.672,75 12:08.572,0, ,0, ,0, , , ,0, , , , , , , , , ,2,0,0,0,1,0,0,1,0,0,0,0,2,2,0,0,0,0,0,0,0,0,0,0,0,0,0,0,0,0,0,0,0,0,0,8,0,40.0082,-75.2024, , 
67624,746910,2012111754,6,67,67301,2012,10,1,1121,11,1,1,0,4,1, , ,N,2,0,0,3,0,2,2,2,N, ,39 56:26.520,75 14:02.864,1331, ,1248, ,0, , , ,0, , , , , , , , , ,2,2,0,0,0,0,0,0,0,0,0,2,2,0,0,0,0,0,0,0,0,0,0,0,0,0,0,0,0,0,0,0,0,0,0,4,0,39.9407,-75.2341, , 
67625,746914,2012125673,6,67,67301,2012,12,4,240,2,3,1,0,7,4, , ,N,0,0,0,3,0,1,1,1,N,N,40 01:35.009,75 01:35.716,240, ,240,1,1,1,N, ,0,N, , , , , , , , ,1,0,0,0,0,0,0,1,0,0,1,0,1,0,0,0,0,0,0,0,0,0,0,1,0,0,0,0,0,0,0,0,0,0,0,3,0,40.0263,-75.0268, , 
67626,746918,2012128213,6,67,67301,2012,11,7,1721,17,3,1,0,6,1, , ,N,1,0,0,3,0,1,2,2,N, ,40 01:43.183,75 12:19.909,9999, ,0, ,0, , , ,0, , , , , , , , , ,2,2,0,0,0,0,0,0,0,0,0,0,1,1,0,0,0,0,0,0,0,0,0,0,0,0,0,0,0,0,0,0,0,0,0,8,0,40.0287,-75.2055, , 
67627,749710,2013003988,6,67,67301,2012,12,2,620,6,5,1,0,7,5, , ,N,2,2,0,3,0,0,1,1,N,N,40 06:16.477,75 00:04.919,624, ,622, ,0, ,N, ,3, , , , , , , , , ,1,1,0,0,0,0,0,0,0,0,0,0,0,0,0,0,0,0,0,0,0,0,0,0,0,0,0,0,0,0,0,0,0,0,0,0,0,40.1047,-75.0015, , 
67628,749735,2012129152,6,67,67301,2012,12,6,531,5,3,2,1,7,2, , ,N,0,0,0,3,0,1,1,1,N,N,39 57:36.025,75 10:47.272,618, ,608,3,2,3,Y, ,0,Y, , , , , , , , ,1,1,0,0,0,0,0,0,0,0,1,0,1,0,0,0,0,0,0,0,0,0,0,0,0,0,0,0,0,0,0,0,0,0,0,3,0,39.96,-75.1798, , 
67629,749740,2013006791,6,67,67301,2012,12,6,225,2,3,1,0,8,1, , ,N,1,2,0,3,0,1,2,2,N, ,39 56:22.120,75 10:47.362,235, ,230, ,0, , , ,3, , , , , , , , , ,1,1,0,0,0,0,0,0,0,0,0,1,1,0,1,0,0,0,0,0,0,0,0,0,0,0,0,0,0,0,0,0,1,0,0,4,0,39.9395,-75.1798, , 
67630,749741,2013006916,6,67,67301,2012,12,4,825,8,1,1,0,6,1, , ,N,0,0,0,3,0,1,1,3,N,N,39 59:27.663,75 07:56.311,835, ,830, ,0, , , ,0, , , , , , , , , ,3,2,0,0,0,0,0,0,0,0,0,1,1,0,0,0,0,0,0,0,0,0,0,1,0,0,0,0,0,0,0,0,0,0,0,4,0,39.991,-75.1323, , 
67631,749791,2012125557,6,67,67301,2012,11,5,1442,14,1,1,0,2,1, , ,N,1,2,0,3,0,3,4,2,N,N,40 03:15.655,75 05:09.259,1610, ,1602, ,0, , , ,3, , , , , , , , , ,2,0,0,0,0,0,2,0,0,0,0,3,3,0,0,0,0,0,0,0,1,0,0,0,0,0,0,0,0,0,0,0,0,0,0,4,0,40.0543,-75.0859, , 
67632,749795,2012128029,6,67,67301,2012,12,2,25,0,3,2,1,7,4, , ,N,0,0,0,3,0,0,1,1,N,N,39 59:31.843,75 12:05.738,26, ,25,1,1,4,N, ,0,N, , , , , , , , ,1,1,0,0,0,0,0,0,0,0,0,0,0,0,0,0,0,0,0,0,0,0,0,0,0,0,0,0,0,0,0,0,0,0,0,0,0,39.9922,-75.2016, , 
67633,749806,2012096414,6,67,67301,2012,8,4,2200,22,3,1,0,8,1, , ,N,0,0,0,3,0,1,2,2,N, ,40 03:23.827,75 02:46.566,2230, ,2211, ,0, , , ,0, , , , , , , , , ,1,1,0,0,0,0,0,0,0,0,1,0,1,0,0,0,0,0,0,0,0,0,0,0,0,0,0,0,0,0,0,0,1,0,0,3,0,40.0566,-75.0463, , 
67634,749839,2012122425,6,67,67301,2012,11,7,1007,10,1,1,0,8,1, , ,N,1,2,0,3,0,1,4,2,N,N,39 57:21.085,75 11:29.255,1008, ,1008, ,0, ,N, ,3, , , , , , , , , ,1,1,0,0,0,0,0,0,0,0,0,0,1,1,0,0,0,0,0,0,0,0,0,0,0,0,0,0,0,0,0,0,1,0,0,8,0,39.9558,-75.1915, , 
67635,749851,2012103961,6,67,67301,2012,4,3,2300,23,3,1,0,1,6, , ,N,1,2,0,3,0,1,1,2,N,N,39 59:01.744,75 10:24.139,2300, ,2300, ,0, ,N, ,3, , , , , , , , , ,1,0,0,0,1,0,0,0,0,0,1,0,1,0,0,0,0,0,0,0,0,0,0,1,0,0,0,0,0,0,0,0,0,0,0,3,0,39.9838,-75.1734, , 
67636,749865,2012109906,6,67,67301,2012,9,6,1935,19,3,1,1,4,1, , ,N,2,2,0,3,0,0,4,2,N,N,39 59:15.615,75 13:29.927,1945, ,1940, ,0, ,N, ,3, , , , , , , , , ,2,2,0,0,0,0,0,0,0,0,0,0,0,0,0,0,0,0,0,0,1,0,0,0,0,0,0,0,0,0,0,0,0,0,0,0,0,39.9877,-75.225, , 
67637,749872,2012116463,6,67,67301,2012,10,2,1617,16,1,2,1,7,3, , ,N,0,0,0,3,0,1,1,1,N,N,39 58:55.811,75 12:27.612,1617, ,1617, ,0, ,N, ,0, , , , , , , , , ,1,1,0,0,0,0,0,0,0,0,0,1,1,0,0,0,0,0,0,0,0,0,0,0,0,0,0,0,0,0,0,0,0,0,0,4,0,39.9822,-75.2077, , 
67638,749876,2012122336,6,67,67301,2012,11,6,1715,17,3,1,0,1,1, , ,N,2,3,0,3,0,1,1,2,N, ,39 56:12.687,75 08:32.233,1719, ,1718, ,0, , , ,3, , , , , , , , , ,1,1,0,0,0,0,0,0,0,0,0,1,1,0,0,0,0,0,0,0,1,0,0,0,0,0,0,0,0,0,0,0,0,0,0,4,0,39.9369,-75.1423, , 
67639,749917,2013012017,6,67,67301,2012,12,1,2037,20,3,1,0,1,4, , ,N,3,2,0,3,0,0,1,4,N,N,39 59:42.186,75 09:47.474,2038, ,2036, ,0, ,N, ,3, , , , , , , , , ,4,2,0,0,0,0,1,1,0,0,0,0,0,0,0,0,0,0,0,0,1,0,0,0,0,0,0,0,0,0,0,0,0,0,0,0,0,39.9951,-75.1632, , 
67640,749930,2012120052,6,67,67301,2012,11,7,1600,16,1,1,0,8,1, , ,N,2,2,0,3,0,1,2,2,N,N,39 57:19.579,75 10:59.273,1608, ,1603, ,0, ,N, ,3, , , , , , , , , ,1,1,0,0,0,0,0,0,0,0,0,1,1,0,0,0,0,0,0,0,0,1,0,0,0,0,0,0,0,0,0,0,1,0,0,4,0,39.9554,-75.1831, , 
67641,749953,2013006837,6,67,67301,2012,11,5,1830,18,6,1,0,7,2, , ,N,2,2,0,3,0,0,1,1,N,N,39 59:11.558,75 12:18.363,1920, ,1911, ,0, , , ,3, , , , , , , , , ,1,1,0,0,0,0,0,0,0,0,0,0,0,0,0,0,0,0,0,0,0,1,0,1,0,0,0,0,0,0,0,0,0,0,0,0,0,39.9865,-75.2051, , 
67642,749958,2013021012,6,67,67301,2012,12,1,1430,14,1,1,0,1,1, , ,N,0,0,0,3,0,2,3,2,N,N,39 59:02.075,75 11:17.156,0, ,0, ,0, ,N, ,0, , , , , , , , , ,2,0,0,0,0,0,1,0,0,0,0,0,2,2,0,0,0,0,0,0,0,0,0,0,0,0,0,0,0,0,0,0,0,0,0,8,0,39.9839,-75.1881, , 
67643,749959,2013035308,6,67,67301,2012,2,2,1442,14,1,1,0,2,1, , ,N,0,0,0,3,0,2,3,2,N,N,40 01:38.246,75 07:57.018,1545, ,1545, ,0, ,N, ,0, , , , , , , , , ,2,2,0,0,0,0,0,0,0,0,0,1,2,1,0,0,1,0,0,0,0,0,0,0,0,0,0,0,0,0,0,0,0,0,0,4,0,40.0273,-75.1325, , 
67644,749966,2012108601,6,67,67301,2012,10,6,1719,17,4,1,0,1,1, , ,N,0,0,0,3,0,0,4,4,N,N,39 59:59.134,75 04:48.869,1735, ,1720, ,0, ,N, ,0, , , , , , , , , ,4,4,0,0,0,0,0,0,0,0,0,0,0,0,0,0,0,0,0,0,3,1,0,0,0,0,0,0,0,0,0,0,0,0,0,0,0,39.9998,-75.0802, , 
67645,749982,2012129077,6,67,67301,2012,11,4,2054,20,3,1,0,1,1, , ,N,0,8,3,3,0,0,4,2,N,N,40 01:10.098,75 09:46.699,2106, ,2056,1,2,3,N, ,3,N, , , , , , , , ,2,0,0,0,0,0,2,0,0,0,0,0,0,0,0,0,0,0,1,0,0,0,0,0,0,0,0,0,0,0,0,0,0,0,0,0,0,40.0195,-75.163, , 
67646,752727,2012098998,6,67,67301,2012,9,3,2010,20,3,2,1,6,1, , ,N,1,2,0,3,0,0,2,2,N,N,40 03:52.346,75 14:22.962,2025, ,2017, ,0, ,N, ,3, , , , , , , , , ,2,2,0,0,0,0,0,0,0,0,0,0,0,0,0,0,1,0,0,0,0,0,0,0,0,0,0,0,0,0,0,0,0,0,0,0,0,40.0645,-75.2397, , 
67647,752728,2012099000,6,67,67301,2012,9,4,1042,10,1,1,0,4,1, , ,N,1,2,0,3,0,2,3,2,N,N,39 53:26.026,75 10:07.557,1044, ,1044,9,1,2,N, ,3,N, , , , , , , , ,2,1,0,0,0,0,1,0,0,0,2,0,3,1,0,0,0,0,0,0,0,0,0,0,0,0,0,0,0,0,0,0,0,0,0,3,0,39.8906,-75.1688, , 
67648,752733,2012132762,6,67,67301,2012,12,6,2037,20,3,1,0,5,1, , ,N,0,0,0,3,0,2,4,2,N,N,39 58:34.465,75 11:43.249,2055, ,2050, ,0, ,N, ,0, , , , , , , , , ,2,1,0,0,0,0,1,0,0,0,0,0,2,2,0,0,0,1,0,0,0,0,0,0,0,0,0,0,0,0,0,0,0,0,0,8,0,39.9762,-75.1953, , 
67649,752737,2013003911,6,67,67301,2012,12,2,9999,99,3,1,0,4,1, , ,N,1,0,0,3,0,0,2,2,N,N,39 58:19.115,75 14:45.085,1859, ,1858, ,0, , , ,0, , , , , , , , , ,2,2,0,0,0,0,0,0,0,0,0,0,0,0,0,0,0,0,0,0,0,0,0,0,0,0,0,0,0,0,0,0,0,0,0,0,0,39.972,-75.2459, , 
67650,752738,2013003980,6,67,67301,2012,12,2,1300,13,1,2,1,8,4, , ,N,1,2,0,3,0,1,2,2,N,N,40 03:57.346,75 09:33.410,1910, ,1902, ,0, ,N, ,3, , , , , , , , , ,1,1,0,0,0,0,0,0,0,0,0,0,1,1,0,0,0,0,0,0,0,0,0,0,0,0,0,0,0,0,0,0,1,0,0,8,0,40.0659,-75.1593, , 
67651,752749,2012078569,6,67,67301,2012,7,4,1142,11,1,1,0,4,1, , ,N,1,2,0,3,0,2,3,2,N,N,40 01:28.650,75 03:26.326,1148, ,1146, ,0, ,N, ,3, , , , , , , , , ,2,1,0,0,0,0,1,0,0,0,0,2,2,0,0,0,0,0,0,0,1,0,0,0,0,0,0,0,0,0,0,0,0,0,0,4,0,40.0246,-75.0573, , 
67652,752755,2012083652,6,67,67301,2012,8,7,2342,23,3,1,0,1,1, , ,N,0,0,0,3,0,3,10,2,N,N,39 57:33.015,75 10:23.575,2352, ,2352,1,1,4,N, ,0,N, , , , , , , , ,2,2,0,0,0,0,0,0,0,0,0,0,3,3,0,0,1,0,0,0,0,0,0,4,0,0,0,0,0,0,0,0,0,0,0,8,0,39.9592,-75.1732, , 
67653,752773,2012104214,6,67,67301,2012,9,3,2202,22,3,1,0,4,1, , ,N,2,2,0,3,0,2,4,2,N,N,39 59:38.577,75 14:29.837,2205, ,2203, ,0, ,N, ,3, , , , , , , , , ,2,1,0,0,0,0,1,0,0,0,0,0,2,2,0,0,0,1,0,0,0,0,0,0,0,0,0,0,0,0,0,0,0,0,0,8,0,39.994,-75.2416, , 
67654,752786,2013006139,6,67,67301,2012,12,2,1540,15,1,5,1,1,1, , ,N,1,3,0,3,0,1,2,2,N,N,39 59:10.563,75 08:36.506,1840, ,1835, ,0, , , ,3, , , , , , , , , ,2,1,0,0,0,0,0,1,0,0,0,0,1,1,0,0,0,0,0,0,0,0,0,0,0,0,0,0,0,0,0,0,0,0,0,8,0,39.9863,-75.1435, , 
67655,752787,2013006649,6,67,67301,2012,12,7,2205,22,3,1,0,4,1, , ,N,1,2,0,3,0,0,2,2,N,N,40 03:33.837,75 14:16.457,2207, ,2205, ,0, ,N, ,3, , , , , , , , , ,2,1,0,0,0,0,1,0,0,0,0,0,0,0,0,0,1,0,0,0,0,0,0,0,0,0,0,0,0,0,0,0,0,0,0,0,0,40.0594,-75.2379, , 
67656,752792,2012120555,6,67,67301,2012,10,6,1259,12,1,1,0,4,1, , ,N,0,0,7,3,0,2,3,2,N,N,40 04:06.509,75 01:47.707,1310, ,1307, ,0, ,N, ,0, , , , , , , , , ,2,2,0,0,0,0,0,0,0,0,0,2,2,0,0,0,0,0,0,0,0,0,1,0,0,0,0,0,0,0,0,0,0,0,0,4,0,40.0685,-75.0299, , 
67657,752808,2013007299,6,67,67301,2012,12,4,1059,10,1,2,1,4,1, , ,N,1,3,0,3,0,1,2,2,N,N,39 57:26.863,75 13:24.193,1102, ,1059, ,0, ,N, ,3, , , , , , , , , ,2,2,0,0,0,0,0,0,0,0,0,1,1,0,1,0,0,0,0,0,1,0,0,0,0,0,0,0,0,0,0,0,0,0,0,4,0,39.9575,-75.2234, , 
67658,752877,2012125511,6,67,67301,2012,11,1,1014,10,1,1,0,1,1, , ,N,2,3,0,3,0,1,4,2,N,N,40 00:59.183,75 02:47.910,1033, ,1030, ,0, ,N, ,3, , , , , , , , , ,2,0,0,0,0,0,2,0,0,0,0,1,1,0,0,0,0,0,0,0,0,1,0,0,0,0,0,0,0,0,0,0,0,0,0,4,0,40.0169,-75.0474, , 
67659,752903,2013003701,6,67,67301,2012,12,6,9999,99,1,2,1,4,1, , ,N,2,2,7,3,0,1,2,2,N,N,39 54:23.410,75 14:06.655,1315, ,1312, ,0, , , ,3, , , , , , , , , ,2,0,0,0,2,0,0,0,0,0,0,0,1,1,0,0,0,0,0,0,2,0,0,0,0,0,0,0,0,0,0,0,0,0,0,8,0,39.9065,-75.2352, , 
67660,752904,2013003769,6,67,67301,2012,12,6,915,9,1,1,0,8,1, , ,N,1,2,0,3,0,1,2,2,N,N,40 00:40.651,75 06:21.920,940, ,920, ,0, ,N, ,3, , , , , , , , , ,1,1,0,0,0,0,0,0,0,0,0,1,1,0,0,0,0,0,0,0,0,0,0,0,0,0,0,0,0,0,0,0,1,0,0,4,0,40.0113,-75.1061, , 
67661,752905,2013007247,6,67,67301,2012,11,5,45,0,3,1,0,7,6, , ,N,0,0,0,3,0,0,1,2,N,N,39 56:59.657,75 14:57.940,45, ,45, ,0, , , ,0, , , , , , , , , ,2,2,0,0,0,0,0,0,0,0,0,0,0,0,0,0,0,0,0,0,1,0,0,0,0,0,0,0,0,0,0,0,0,0,0,0,0,39.9499,-75.2494, , 
67662,752906,2013007285,6,67,67301,2012,12,1,355,3,3,1,0,7,3, , ,N,1,0,0,3,0,1,1,1,N, ,40 01:46.545,75 06:13.959,355, ,355, ,0, , , ,0, , , , , , , , , ,1,1,0,0,0,0,0,0,0,0,1,0,1,0,0,0,0,0,0,0,0,0,0,1,0,0,0,0,0,0,0,0,0,0,0,3,0,40.0296,-75.1039, , 
67663,752923,2012125510,6,67,67301,2012,11,1,9999,99,1,1,0,8,1, , ,N,1,0,0,3,0,1,2,2,N,N,39 59:34.576,75 07:20.085,1027, ,1026, ,0, , , ,0, , , , , , , , , ,1,1,0,0,0,0,0,0,0,0,0,1,1,0,0,0,0,0,0,0,0,0,0,0,0,0,0,0,0,0,0,0,1,0,0,4,0,39.9929,-75.1222, , 
67664,743695,2012110794,6,67,67301,2012,9,6,930,9,1,2,1,8,1, , ,N,0,0,0,3,0,1,1,2,N,N,40 01:52.979,75 08:46.682,1440, ,1430, ,0, ,N, ,0, , , , , , , , , ,1,1,0,0,0,0,0,0,0,0,0,0,1,1,0,0,0,0,0,0,0,0,0,0,0,0,0,0,0,0,0,0,1,0,0,8,0,40.0314,-75.1463, , 
67665,743715,2013103925,6,67,67301,2012,12,1,2130,21,3,1,1,4,1, , ,N,1,2,0,3,0,1,2,2,N,N,40 01:26.924,75 07:59.558,2137, ,2132,3,2,4,N, ,3,N, , , , , , , , ,2,1,0,0,0,0,1,0,0,1,0,0,1,0,0,0,0,0,0,0,0,1,0,0,0,0,0,0,0,0,0,0,0,0,0,2,0,40.0241,-75.1332, , 
67666,743718,2012115237,6,67,67301,2012,9,3,1100,11,1,1,0,8,2, , ,N,0,0,7,3,0,1,2,2,N,N,39 56:58.866,75 09:25.567,0, ,0, ,0, ,N, ,0, , , , , , , , , ,1,1,0,0,0,0,0,0,0,0,0,0,1,1,0,0,0,0,0,0,0,0,0,0,0,0,0,0,0,0,0,0,1,0,0,8,0,39.9497,-75.1571, , 
67667,743729,2012126088,6,67,67301,2012,12,2,800,8,5,5,1,1,1, , ,N,0,0,0,3,0,0,6,2,N,N,39 54:17.619,75 09:00.665,805, ,802,1,2,2,N, ,0,N, , , , , , , , ,2,1,0,0,1,0,0,0,0,0,0,0,0,0,0,0,0,0,0,0,0,0,0,2,0,0,0,0,0,0,0,0,0,0,0,0,0,39.9049,-75.1502, , 
67668,743751,2013016188,6,67,67301,2012,9,4,2030,20,3,1,0,4,1, , ,N,0,0,0,3,0,2,3,3,N, ,40 03:19.565,75 00:30.524,2039, ,2033,1,1,5, , ,0,N, , , , , , , , ,3,2,0,0,1,0,0,0,0,0,0,0,2,2,0,0,0,0,0,0,0,0,0,0,0,0,0,0,0,0,0,0,0,0,0,8,0,40.0554,-75.0085, , 
67669,743767,2012104255,6,67,67301,2012,9,7,1445,14,1,1,0,4,1, , ,N,1,2,0,3,0,3,3,2,N,N,40 01:07.417,75 07:37.815,1502, ,1500,1,2,1,N, ,3,N, , , , , , , , ,2,1,0,0,0,0,1,0,0,0,0,3,3,0,0,0,0,0,0,0,0,0,0,0,0,0,0,0,0,0,0,0,0,0,0,4,0,40.0187,-75.1272, , 
67670,743799,2012128200,6,67,67301,2012,11,6,1542,15,1,1,0,1,1, , ,N,1,2,0,3,0,1,2,2,N,N,39 59:10.631,75 09:22.550,1550, ,1546, ,0, ,N, ,3, , , , , , , , , ,2,2,0,0,0,0,0,0,0,0,1,0,1,0,0,0,0,0,0,0,1,0,0,0,0,0,0,0,0,0,0,0,0,0,0,3,0,39.9863,-75.1561, , 
67671,743806,2013003958,6,67,67301,2012,12,5,535,5,3,1,0,1,1, , ,N,0,2,0,3,0,0,2,2,N,N,40 00:34.999,75 05:45.110,540, ,537,9,1,4,N, ,3,N, , , , , , , , ,2,1,0,1,0,0,0,0,0,0,0,0,0,0,0,0,0,0,0,0,0,0,0,0,0,0,0,0,0,0,0,0,0,0,0,0,1,40.0097,-75.0959, , 
67672,743863,2012117241,6,67,67301,2012,10,4,9999,99,1,1,0,8,1, , ,N,1,2,0,3,0,1,2,2,N,N,39 57:12.030,75 11:01.741,1812, ,1808, ,0, , , ,3, , , , , , , , , ,1,1,0,0,0,0,0,0,0,0,0,0,1,1,0,0,0,0,0,0,0,0,0,0,0,0,0,0,0,0,0,0,1,0,0,8,0,39.9533,-75.1838, , 
67673,743875,2012125527,6,67,67301,2012,11,1,942,9,1,1,8,7,1, , ,N,0,0,0,3,0,0,1,1,N,N,40 01:02.606,75 12:08.137,947, ,942,1,2,1,N, ,0,Y, , , , , , , , ,1,1,0,0,0,0,0,0,0,0,0,0,0,0,0,0,0,0,0,0,0,0,0,0,0,0,0,0,0,0,0,0,0,0,0,0,0,40.0174,-75.2023, , 
67674,743891,2013007306,6,67,67301,2012,12,7,2034,20,3,1,0,1,1, , ,N,0,2,0,3,0,2,5,2,N, ,39 56:08.255,75 10:01.858,2118, ,2037,9,2,2, , ,3,N, , , , , , , , ,2,1,0,0,1,0,0,0,0,0,0,0,2,2,1,0,0,0,0,0,1,0,0,0,0,0,0,0,0,0,0,0,0,0,0,8,0,39.9357,-75.1673, , 
67675,743893,2013021000,6,67,67301,2012,10,6,1630,16,1,1,0,1,1, , ,N,1,2,0,3,0,3,6,3,N,N,39 57:30.554,75 13:30.649,0, ,0, ,0, ,N, ,3, , , , , , , , , ,3,1,0,0,0,1,1,0,0,3,0,0,3,0,2,0,0,0,0,0,1,0,0,0,0,0,0,3,0,0,0,0,0,0,0,2,1,39.9585,-75.2252, , 
67676,743894,2012109723,6,67,67301,2012,10,6,1643,16,1,1,0,5,1, , ,N,0,0,0,3,0,0,1,2,N,N,40 03:17.927,75 03:14.135,1648, ,1645,1,1,1,N, ,0,N, , , , , , , , ,2,1,0,0,0,0,1,0,0,0,0,0,0,0,0,0,0,0,0,0,0,0,1,0,0,0,0,0,0,0,0,0,0,0,0,0,0,40.055,-75.0539, , 
67677,743920,2013007264,6,67,67301,2012,12,5,256,2,3,1,0,7,5, , ,N,2,2,0,3,0,0,1,1,N, ,39 54:26.956,75 09:04.460,256, ,256, ,0, , , ,3, , , , , , , , , ,1,0,0,0,1,0,0,0,0,0,0,0,0,0,1,0,0,0,0,0,0,0,0,0,0,0,0,0,0,0,0,0,0,0,0,9,0,39.9075,-75.1512, , 
67678,743966,2012129074,6,67,67301,2012,11,2,2303,23,3,1,0,6,1, , ,N,1,2,0,3,0,3,3,2,N,N,40 02:12.433,75 04:09.245,2328, ,2300, ,0, ,N, ,3, , , , , , , , , ,2,1,1,0,0,0,0,0,0,0,0,3,3,0,0,0,0,0,0,0,0,0,0,0,0,0,0,0,0,0,0,0,0,0,0,4,0,40.0368,-75.0692, , 
67679,743969,2013003990,6,67,67301,2012,11,3,1930,19,3,1,0,4,1, , ,N,1,2,0,3,0,2,3,3,N,N,39 57:39.360,75 14:42.201,2005, ,1955, ,0, ,N, ,3, , , , , , , , , ,3,2,0,0,0,0,1,0,0,0,0,1,2,1,0,0,0,0,0,0,1,0,0,0,0,0,0,0,0,0,0,0,0,0,0,4,0,39.9609,-75.245, , 
67680,743975,2012122403,6,67,67301,2012,11,7,904,9,1,1,0,4,1, , ,N,0,0,0,3,0,0,2,2,N,N,39 55:31.959,75 14:03.437,910, ,907, ,0, ,N, ,0, , , , , , , , , ,2,2,0,0,0,0,0,0,0,0,0,0,0,0,0,0,0,0,0,0,0,0,0,0,0,0,0,0,0,0,0,0,0,0,0,0,0,39.9255,-75.2343, , 
67681,743984,2013006783,6,67,67301,2012,12,7,115,1,3,1,0,5,1, , ,N,1,2,0,3,0,0,3,2,N,N,39 57:38.443,75 08:29.016,141, ,141,9,2,2,N, ,3,N, , , , , , , , ,2,2,0,0,0,0,0,0,0,0,0,0,0,0,2,0,0,0,0,0,0,0,0,0,0,0,0,0,0,0,0,0,0,0,0,9,0,39.9606,-75.1414, , 
67682,746928,2012088558,6,67,67301,2012,8,1,51,0,3,1,0,2,9, , ,N,1,0,0,3,0,3,3,2,N,N,39 59:53.365,75 08:00.340,1254, ,1253, ,0, ,N, ,0, , , , , , , , , ,2,2,0,0,0,0,0,0,0,0,0,2,3,1,0,0,0,0,0,0,1,0,0,0,0,0,0,0,0,0,0,0,0,0,0,4,0,39.9982,-75.1334, , 
67683,746935,2012098205,6,67,67301,2012,9,6,1650,16,1,1,0,2,1, , ,N,1,2,0,3,0,1,2,2,N,N,40 04:19.804,75 10:29.042,1705, ,1701, ,0, , , ,3, , , , , , , , , ,2,2,0,0,0,0,0,0,0,0,0,1,1,0,0,0,0,0,0,0,0,1,0,0,0,0,0,0,0,0,0,0,0,0,0,4,0,40.0722,-75.1747, , 
67684,746954,2012120531,6,67,67301,2012,10,7,942,9,1,1,0,1,1, , ,N,0,0,0,3,0,1,1,4,N, ,40 05:35.029,74 57:46.070,945, ,942, ,0, , , ,0, , , , , , , , , ,4,4,0,0,0,0,0,0,0,0,0,0,1,1,0,0,0,0,0,0,0,1,0,0,0,0,0,0,0,0,0,0,0,0,0,8,0,40.0931,-74.9628, , 
67685,746957,2012122383,6,67,67301,2012,10,1,1851,18,3,2,1,4,1, , ,N,1,2,0,3,0,0,4,2,N,N,39 53:50.875,75 15:07.486,1906, ,1902, ,0, ,N, ,3, , , , , , , , , ,2,2,0,0,0,0,0,0,0,0,0,0,0,0,0,0,0,0,0,0,0,0,0,0,0,0,0,0,0,0,0,0,0,0,0,0,0,39.8975,-75.2521, , 
67686,746959,2012120136,6,67,67301,2012,10,3,1952,19,3,2,1,7,2, , ,N,1,2,0,3,0,1,1,1,N,N,40 01:40.946,75 06:36.204,1956, ,1953,2,1,2,N, ,3,N, , , , , , , , ,1,0,0,0,0,0,1,0,0,0,1,0,1,0,0,0,0,0,0,0,0,0,0,0,0,0,0,0,0,0,0,0,0,0,0,3,0,40.028,-75.1101, , 
67687,746980,2013006709,6,67,67301,2012,11,5,9999,99,1,1,0,8,2, , ,N,1,2,0,3,0,1,2,2,N,N,39 59:48.448,75 06:55.546,9999, ,9999, ,0, ,N, ,3, , , , , , , , , ,1,1,0,0,0,0,0,0,0,0,0,1,1,0,1,0,0,0,0,0,0,0,0,0,0,0,0,0,0,0,0,0,1,0,0,4,0,39.9967,-75.1155, , 
67688,746999,2012125518,6,67,67301,2012,11,7,15,0,3,1,0,1,1, , ,N,0,0,0,3,0,1,4,3,N,N,40 00:25.239,75 05:38.652,21, ,18, ,0, ,N, ,0, , , , , , , , , ,3,3,0,0,0,0,0,0,0,0,0,0,1,1,1,0,0,0,0,0,1,0,0,0,0,0,0,0,0,0,0,0,0,0,0,8,0,40.007,-75.0941, , 
67689,747003,2012128155,6,67,67301,2012,11,3,246,2,3,1,0,1,1, , ,N,1,2,0,3,0,1,4,2,N,N,39 56:56.649,75 12:46.586,246, ,246, ,0, ,N, ,3, , , , , , , , , ,2,2,0,0,0,0,0,0,0,0,0,0,3,3,0,0,0,0,0,0,1,0,0,0,0,0,0,0,0,0,0,0,0,0,0,8,0,39.9491,-75.2129, , 