objectid_1,objectid,crn,district,county,municipality,crash_year,crash_month,day_of_week,time_of_day,hour_of_day,illumination,weather,road_condition,collision_type,relation_to_road,work_zone_type,work_zone_loc,work_zone_ind,intersect_type,tcd_type,location_type,urban_rural,fatal_count,injury_count,person_count,total_units,sch_bus_ind,sch_zone_ind,latitude,longitude,arrival_tm,cons_zone_spd_lim,dispatch_tm,est_hrs_closed,lane_closed,ln_close_dir,ntfy_hiwy_maint,spec_juris_cd,tcd_func_cd,tfc_detour_ind,workers_pres,wz_close_detour,wz_flagger,wz_law_offcr_ind,wz_ln_closure,wz_moving,wz_other,wz_shlder_mdn,vehicle_count,automobile_count,motorcycle_count,bus_count,small_truck_count,heavy_truck_count,suv_count,van_count,bicycle_count,maj_inj_count,mod_inj_count,min_inj_count,tot_inj_count,unk_inj_deg_count,unk_inj_per_count,driver_count_16yr,driver_count_17yr,driver_count_18yr,driver_count_19yr,driver_count_20yr,driver_count_50_64yr,driver_count_65_74yr,driver_count_75plus,unbelted_occ_count,unb_death_count,unb_maj_inj_count,belted_death_count,belted_maj_inj_count,mcycle_death_count,mcycle_maj_inj_count,bicycle_death_count,bicycle_maj_inj_count,ped_count,ped_death_count,ped_maj_inj_count,max_severity_level,comm_veh_count,dec_lat,dec_long,rdwy_surf_type_cd,county_name
67959,744736,2013003892,6,67,67301,2012,12,7,310,3,3,1,0,6,6, , ,N,0,0,0,3,0,0,1,6,N,N,40 02:21.400,75 06:08.121,314, ,312,3,2,3,N, ,0,N, , , , , , , , ,6,5,0,0,0,0,0,1,0,0,0,0,0,0,0,0,0,0,0,0,0,0,0,0,0,0,0,0,0,0,0,0,0,0,0,0,0,40.0393,-75.1023, , 
67960,744737,2013006169,6,67,67301,2012,12,1,1507,15,1,1,0,2,1, , ,N,5,2,0,3,0,1,2,2,N,N,40 04:15.522,75 02:16.209,1511, ,1508,1,1,1,N, ,3,N, , , , , , , , ,2,1,0,0,0,0,1,0,0,0,0,1,1,0,0,0,0,0,0,0,0,0,1,0,0,0,0,0,0,0,0,0,0,0,0,4,0,40.0711,-75.038, , 
67961,744738,2013007246,6,67,67301,2012,12,3,1038,10,1,1,0,8,9, , ,N,2,0,0,3,0,1,1,1,N,N,39 59:51.280,75 07:02.132,1045, ,1036, ,0, , , ,0, , , , , , , , , ,0,0,0,0,0,0,0,0,0,0,0,0,1,1,0,0,0,0,0,0,0,0,0,0,0,0,0,0,0,0,0,0,1,0,0,8,0,39.9976,-75.1173, , 
67962,744739,2013020022,6,67,67301,2012,9,7,1930,19,4,1,0,5,4, , ,N,0,0,0,3,0,1,2,2,N,N,40 02:29.360,75 04:27.332,0, ,0, ,0, ,N, ,0, , , , , , , , , ,2,1,0,0,0,0,0,0,0,0,1,0,1,0,1,0,0,0,0,0,0,0,0,0,0,0,0,0,0,0,0,0,0,0,0,3,0,40.0415,-75.0743, , 
67963,744758,2012128170,6,67,67301,2012,11,3,1310,13,1,2,1,1,1, , ,N,0,0,0,3,0,1,2,2,N,N,40 04:27.268,75 02:07.554,1315, ,1313,1,1,2,N, ,0,N, , , , , , , , ,2,1,0,0,1,0,0,0,0,0,0,1,1,0,1,0,0,0,0,0,0,0,0,0,0,0,0,0,0,0,0,0,0,0,0,4,0,40.0742,-75.0354, , 
67964,744781,2012122492,6,67,67301,2012,11,2,1237,12,1,1,0,2,1, , ,N,1,2,0,3,0,3,3,2,N,N,40 04:44.129,75 01:31.222,1249, ,1239,2,2,1,N, ,3,N, , , , , , , , ,2,2,0,0,0,0,0,0,0,0,0,3,3,0,0,0,0,0,0,0,1,0,0,0,0,0,0,0,0,0,0,0,0,0,0,4,0,40.0789,-75.0253, , 
67965,744793,2013003900,6,67,67301,2012,12,3,1331,13,1,1,0,2,1, , ,N,0,0,0,3,0,1,2,5,N, ,40 01:29.460,75 03:25.480,1335, ,1331,9,1,5, , ,0,Y, , , , , , , , ,5,2,0,0,1,0,2,0,0,0,1,0,1,0,0,0,0,0,0,0,1,0,0,0,0,0,0,0,0,0,0,0,0,0,0,3,0,40.0249,-75.0571, , 
67966,744796,2013006779,6,67,67301,2012,12,4,1739,17,3,1,0,4,1, , ,N,2,4,2,3,0,0,3,2,N,N,39 53:35.414,75 14:09.402,1748, ,1745,2,1,2,N, ,3,N, , , , , , , , ,2,0,0,0,0,0,1,1,0,0,0,0,0,0,0,0,0,0,0,0,0,0,0,0,0,0,0,0,0,0,0,0,0,0,0,0,0,39.8932,-75.2359, , 
67967,744806,2012125547,6,67,67301,2012,11,5,1110,11,1,1,1,2,1, , ,N,1,2,0,3,0,1,1,1,N, ,39 58:53.344,75 07:02.419,1115, ,1110, ,0, , , ,3, , , , , , , , , ,1,1,0,0,0,0,0,0,0,0,0,1,1,0,0,0,0,0,0,0,0,0,0,1,0,0,0,0,0,0,0,0,0,0,0,4,0,39.9805,-75.1178, , 
67968,744808,2012128316,6,67,67301,2012,8,3,1200,12,1,1,0,4,1, , ,N,1,3,0,3,0,1,3,3,N, ,39 56:08.336,75 10:31.558,9999, ,9999, ,0, , , ,3, , , , , , , , , ,2,2,0,0,0,0,0,0,0,0,0,0,1,1,0,0,0,0,0,0,0,0,1,0,0,0,0,0,0,0,0,0,1,0,0,8,0,39.9356,-75.1754, , 
67969,744819,2013003993,6,67,67301,2012,11,5,322,3,3,1,0,7,4, , ,N,0,0,1,3,0,2,2,1,N,N,39 58:24.667,75 07:22.561,334, ,330,9,2,2,N, ,0,Y, , , , , , , , ,1,1,0,0,0,0,0,0,0,1,1,0,2,0,0,0,0,0,0,0,0,0,0,2,0,1,0,0,0,0,0,0,0,0,0,2,0,39.9743,-75.1221, , 
67970,744841,2012125514,6,67,67301,2012,11,7,1550,15,1,1,0,4,1, , ,N,1,2,0,3,0,0,3,2,N, ,40 00:35.396,75 10:00.737,1558, ,1552, ,0, , , ,3, , , , , , , , , ,2,2,0,0,0,0,0,0,0,0,0,0,0,0,0,0,0,0,0,0,0,0,0,0,0,0,0,0,0,0,0,0,0,0,0,0,0,40.0098,-75.1669, , 
67971,747566,2012120541,6,67,67301,2012,10,1,525,5,3,1,0,4,1, , ,N,1,2,0,3,0,1,5,2,N,N,39 56:37.090,75 09:56.008,530, ,526, ,0, ,N, ,3, , , , , , , , , ,2,1,0,1,0,0,0,0,0,0,0,0,0,0,0,0,0,0,0,0,0,0,0,0,0,0,0,0,0,0,0,0,0,0,0,0,1,39.9437,-75.1654, , 
67972,747574,2012128147,6,67,67301,2012,11,6,1959,19,3,2,1,2,1, , ,N,0,0,0,3,0,1,5,2,N,N,40 01:02.014,75 04:18.980,2006, ,2005,2,2,4,N, ,0,N, , , , , , , , ,2,2,0,0,0,0,0,0,0,0,0,0,1,1,0,0,0,0,0,0,0,0,0,0,0,0,0,0,0,0,0,0,0,0,0,8,0,40.0172,-75.0719, , 
67973,747586,2012111641,6,67,67301,2012,10,6,1450,14,1,1,0,4,1, , ,N,1,0,0,3,0,1,2,2,N,N,39 58:49.769,75 13:29.078,9999, ,9999,1,2,2,N, ,3,Y, , , , , , , , ,1,0,0,0,0,1,0,0,1,0,0,0,1,1,0,0,0,0,0,0,0,0,0,0,0,0,0,0,0,0,0,0,1,0,0,8,1,39.9804,-75.2247, , 
67974,747594,2012117281,6,67,67301,2012,10,1,330,3,3,1,0,5,6, , ,N,0,0,0,3,0,0,2,2,N,N,40 01:43.057,75 08:35.017,337, ,330, ,0, ,N, ,0, , , , , , , , , ,2,1,0,0,0,0,1,0,0,0,0,0,0,0,0,0,0,0,0,0,0,0,0,2,0,0,0,0,0,0,0,0,0,0,0,0,0,40.0286,-75.1431, , 
67975,747595,2012117336,6,67,67301,2012,10,1,1100,11,1,1,0,4,1, , ,N,1,3,0,3,0,2,2,2,N,N,39 59:05.600,75 09:47.060,1106, ,1104,1,1,1, , ,3,Y, , , , , , , , ,2,0,0,0,0,0,2,0,0,0,0,0,2,2,0,0,0,0,0,0,0,1,0,0,0,0,0,0,0,0,0,0,0,0,0,8,0,39.9849,-75.1631, , 
67976,747620,2013009661,6,67,67301,2012,12,5,1740,17,3,1,0,1,1, , ,N,1,0,0,3,0,1,2,2,N, ,39 57:43.372,75 09:33.468,1015, ,9999, ,0, , , ,0, , , , , , , , , ,1,0,0,0,0,0,0,0,1,0,1,0,1,0,0,0,0,0,0,0,0,0,0,0,0,0,0,0,0,0,0,0,0,0,0,3,0,39.9619,-75.1593, , 
67977,747623,2012109833,6,67,67301,2012,10,7,1601,16,1,1,0,4,1, , ,N,1,3,0,3,0,1,2,2,N,N,39 56:24.532,75 10:16.424,1603, ,1601, ,0, ,N, ,3, , , , , , , , , ,2,2,0,0,0,0,0,0,0,0,0,0,1,1,0,0,0,0,0,0,0,0,1,0,0,0,0,0,0,0,0,0,0,0,0,8,0,39.9401,-75.1712, , 
67978,747625,2012110941,6,67,67301,2012,10,2,826,8,1,2,1,4,1, , ,N,0,0,0,3,0,1,2,2,N,N,39 58:42.337,75 06:38.845,829, ,828,1,2,2,N, ,0,N, , , , , , , , ,2,1,0,0,0,1,0,0,0,0,0,0,1,1,0,0,0,0,0,0,0,0,0,1,0,0,0,0,0,0,0,0,0,0,0,8,1,39.9784,-75.1108, , 
67979,747637,2012128208,6,67,67301,2012,11,3,1155,11,1,1,0,4,1, , ,N,1,0,0,3,0,1,1,2,N,N,40 00:32.740,75 08:59.862,1201, ,1200, ,0, ,N, ,0, , , , , , , , , ,2,1,0,0,0,0,0,1,0,0,0,0,0,0,0,0,0,0,0,0,0,0,0,0,0,0,0,0,0,0,0,0,0,0,0,0,0,40.0091,-75.15, , 
67980,747653,2012109883,6,67,67301,2012,10,4,1150,11,1,1,0,4,1, , ,N,1,2,0,3,0,1,2,2,N,N,40 01:43.550,75 07:55.833,555, ,550, ,0, ,N, ,3, , , , , , , , , ,1,1,0,0,0,0,0,0,1,0,0,1,1,0,0,0,0,0,0,0,0,0,0,0,0,0,0,0,0,0,0,0,1,0,0,4,0,40.0288,-75.1322, , 
67981,747661,2012112622,6,67,67301,2012,10,6,45,0,3,1,0,7,5, , ,N,1,2,0,3,0,0,1,2,N,Y,40 02:16.960,75 13:21.542,505, ,500, ,0, ,N, ,3, , , , , , , , , ,1,1,0,0,0,0,0,0,0,0,0,0,0,0,0,0,0,0,0,0,0,0,0,0,0,0,0,0,0,0,0,0,0,0,0,0,0,40.038,-75.2227, , 
67982,747667,2012116251,6,67,67301,2012,7,3,645,6,1,1,0,4,1, , ,N,1,0,0,3,0,2,3,2,N,N,40 01:20.463,75 04:41.285,0, ,0, ,0, ,N, ,0, , , , , , , , , ,2,2,0,0,0,0,0,0,0,0,0,0,2,2,1,0,0,0,0,0,0,0,0,0,0,0,0,0,0,0,0,0,0,0,0,8,0,40.0224,-75.0781, , 
67983,747669,2012122360,6,67,67301,2012,10,5,1801,18,3,1,0,0,1, , ,N,0,0,0,3,0,0,1,1,N,N,40 04:22.539,75 11:21.679,1810, ,1801,9,1,4,N, ,0,Y, , , , , , , , ,1,1,0,0,0,0,0,0,0,0,0,0,0,0,0,0,0,0,0,0,0,0,0,0,0,0,0,0,0,0,0,0,0,0,0,0,0,40.0729,-75.1894, , 
67984,747671,2012125469,6,67,67301,2012,11,1,1248,12,1,1,0,4,1, , ,N,1,2,0,3,0,1,2,2,N,N,39 58:56.686,75 11:12.098,1306, ,1301, ,0, ,N, ,3, , , , , , , , , ,2,1,0,0,0,0,1,0,0,0,0,1,1,0,0,0,0,0,0,0,0,0,0,0,0,0,0,0,0,0,0,0,0,0,0,4,0,39.9824,-75.1867, , 
67985,747672,2012125554,6,67,67301,2012,11,6,630,6,3,1,0,5,6, , ,N,0,0,0,3,0,0,2,2,N,N,40 02:58.275,75 05:43.861,637, ,637, ,0, ,N, ,0, , , , , , , , , ,2,2,0,0,0,0,0,0,0,0,0,0,0,0,0,0,0,0,0,0,0,0,0,0,0,0,0,0,0,0,0,0,0,0,0,0,0,40.0495,-75.0955, , 
67986,747685,2012099003,6,67,67301,2012,9,6,2259,22,3,1,0,6,1, , ,N,0,0,0,3,0,1,2,2,N,N,40 00:19.980,75 06:33.638,2349, ,2347, ,0, ,N, ,0, , , , , , , , , ,2,0,0,0,1,1,0,0,0,0,0,1,1,0,0,0,0,0,0,0,1,0,0,0,0,0,0,0,0,0,0,0,0,0,0,4,1,40.0056,-75.1093, , 
67987,747694,2012109709,6,67,67301,2012,10,2,1105,11,1,1,0,8,1, , ,N,1,2,0,3,0,1,2,2,N,N,40 03:05.090,75 09:48.178,1645, ,0, ,0, ,N, ,3, , , , , , , , , ,1,1,0,0,0,0,0,0,0,0,0,1,1,0,1,0,0,0,0,0,0,0,0,0,0,0,0,0,0,0,0,0,1,0,0,4,0,40.0514,-75.1634, , 
67988,747717,2012120143,6,67,67301,2012,10,4,1820,18,3,1,0,1,1, , ,N,0,0,0,3,0,2,7,4,N, ,40 07:33.300,75 01:09.400,1840, ,1830, ,0, , , ,0, , , , , , , , , ,4,3,0,0,0,0,0,0,0,0,0,2,2,0,0,0,0,1,0,0,1,0,1,5,0,0,0,0,0,0,0,0,0,0,0,4,0,40.1259,-75.0193, , 
67989,747719,2012122373,6,67,67301,2012,11,7,730,7,1,1,0,4,1, , ,N,1,2,0,3,0,0,2,2,N,N,39 57:09.713,75 08:59.754,805, ,756, ,0, ,N, ,3, , , , , , , , , ,2,2,0,0,0,0,0,0,0,0,0,0,0,0,0,0,0,0,0,0,0,0,0,0,0,0,0,0,0,0,0,0,0,0,0,0,0,39.9528,-75.1499, , 
67990,750756,2013003678,6,67,67301,2012,11,2,605,6,4,1,0,4,1, , ,N,1,2,0,3,0,1,2,2,N,N,39 58:12.616,75 09:34.731,612, ,608, ,0, ,N, ,3, , , , , , , , , ,2,1,1,0,0,0,0,0,0,0,0,0,1,1,0,0,0,0,0,0,0,0,0,0,0,0,0,0,0,0,0,0,0,0,0,8,0,39.9702,-75.1596, , 
67991,750757,2013006734,6,67,67301,2012,12,4,1900,19,3,2,1,8,1, , ,N,2,1,0,3,0,1,2,2,N,N,39 55:47.706,75 08:39.988,1908, ,1901,2,2,4,N, ,3,Y, , , , , , , , ,1,0,0,1,0,0,0,0,0,0,0,1,1,0,0,0,0,0,0,0,0,0,0,0,0,0,0,0,0,0,0,0,1,0,0,4,1,39.9298,-75.1442, , 
67992,750758,2013006904,6,67,67301,2012,11,1,209,2,3,1,0,1,1, , ,N,1,0,0,3,0,1,3,2,N, ,39 58:37.995,75 13:36.385,9999, ,9999, ,0, , , ,0, , , , , , , , , ,2,2,0,0,0,0,0,0,0,0,1,0,1,0,0,0,0,0,0,0,0,0,0,0,0,0,0,0,0,0,0,0,0,0,0,3,0,39.9772,-75.2268, , 
67993,750760,2012121877,6,67,67301,2012,10,1,136,1,3,1,1,1,1, , ,N,1,2,0,3,0,1,6,2,N,N,39 58:28.944,75 11:58.032,145, ,143, ,0, ,N, ,3, , , , , , , , , ,2,2,0,0,0,0,0,0,0,0,0,1,1,0,0,0,0,0,0,0,0,0,0,4,0,0,0,0,0,0,0,0,0,0,0,4,0,39.9746,-75.1995, , 
67994,750765,2012129960,6,67,67301,2012,11,2,1300,13,1,1,0,4,1, , ,N,1,3,0,3,0,0,2,4,N,N,39 57:40.305,75 09:34.109,1315, ,1311, ,0, ,N, ,3, , , , , , , , , ,4,2,0,0,0,0,1,1,0,0,0,0,0,0,0,0,0,0,0,0,2,0,0,0,0,0,0,0,0,0,0,0,0,0,0,0,0,39.9612,-75.1595, , 
67995,750793,2012104197,6,67,67301,2012,9,3,308,3,6,1,0,4,2, , ,N,0,0,0,3,0,0,1,3,N,N,39 59:27.189,75 08:36.751,309, ,308, ,0, ,N, ,0, , , , , , , , , ,3,1,0,0,0,0,2,0,0,0,0,0,0,0,1,0,0,0,0,0,0,0,0,0,0,0,0,0,0,0,0,0,0,0,0,9,0,39.9909,-75.1435, , 
67996,750806,2012117252,6,67,67301,2012,10,7,9999,99,3,1,0,1,1, , ,N,1,3,0,3,0,1,2,2,N, ,39 57:53.474,75 13:12.590,9999, ,257, ,0, , , ,3, , , , , , , , , ,2,1,0,0,0,0,0,0,0,0,0,1,1,0,1,0,0,0,0,0,0,0,0,0,0,0,0,0,0,0,0,0,0,0,0,4,0,39.9649,-75.2202, , 
67997,750821,2013003654,6,67,67301,2012,11,6,1300,13,1,1,0,8,1, , ,N,2,0,0,3,0,1,2,2,N,N,39 57:28.076,75 09:36.864,1645, ,1645, ,0, ,N, ,0, , , , , , , , , ,1,0,0,0,0,0,1,0,0,0,0,1,1,0,1,0,0,0,0,0,0,0,0,0,0,0,0,0,0,0,0,0,1,0,0,4,0,39.9578,-75.1602, , 
67998,750823,2013005307,6,67,67301,2012,12,5,342,3,3,2,1,7,2, , ,N,0,0,0,3,0,0,1,1,N,N,39 58:56.125,75 12:27.800,342, ,342, ,0, ,N, ,0, , , , , , , , , ,1,1,0,0,0,0,0,0,0,0,0,0,0,0,0,0,0,0,0,0,0,0,0,0,0,0,0,0,0,0,0,0,0,0,0,0,0,39.9823,-75.2077, , 
67999,750824,2013006168,6,67,67301,2012,12,1,1850,18,3,2,1,4,1, , ,N,1,3,0,3,0,2,3,2,N,N,39 58:26.400,75 08:38.965,1903, ,1854, ,0, ,N, ,3, , , , , , , , , ,2,2,0,0,0,0,0,0,0,0,0,0,2,2,0,0,0,0,0,0,2,0,0,0,0,0,0,0,0,0,0,0,0,0,0,8,0,39.974,-75.1442, , 
68000,750840,2013007303,6,67,67301,2012,12,1,9999,99,3,6,1,1,1, , ,N,1,2,0,3,0,2,4,3,N, ,40 06:08.885,74 58:55.276,211, ,210,1,1,1, , ,3,Y, , , , , , , , ,3,3,0,0,0,0,0,0,0,0,0,0,2,2,0,0,0,0,1,0,0,0,0,0,0,0,0,0,0,0,0,0,0,0,0,8,0,40.1025,-74.982, , 
68001,750853,2012101161,6,67,67301,2012,10,4,525,5,3,1,0,7,2, , ,N,6,0,2,3,0,0,1,1,N,N,39 57:36.094,75 10:47.782,532, ,526,1,2,3,N, ,0,N, , , , , , , , ,1,1,0,0,0,0,0,0,0,0,0,0,0,0,0,0,0,0,0,0,0,0,0,0,0,0,0,0,0,0,0,0,0,0,0,0,0,39.96,-75.1799, , 
68002,750864,2012109861,6,67,67301,2012,10,5,1320,13,1,1,0,7,5, , ,N,0,0,0,3,0,1,2,2,N,N,39 59:44.167,75 09:57.416,1332, ,1325, ,0, ,N, ,0, , , , , , , , , ,2,1,0,1,0,0,0,0,0,0,0,2,2,0,0,0,0,0,0,0,0,0,0,0,0,0,0,0,0,0,0,0,0,0,0,4,0,39.9956,-75.1659, , 
68003,750867,2012117316,6,67,67301,2012,10,3,30,0,2,2,1,4,1, , ,N,1,2,0,3,0,0,3,2,N,N,40 03:45.914,75 03:27.576,130, ,130, ,0, ,N, ,1, , , , , , , , , ,2,1,0,0,1,0,0,0,0,0,0,0,0,0,2,0,0,0,0,1,0,0,0,0,0,0,0,0,0,0,0,0,0,0,0,9,0,40.0628,-75.0577, , 
68004,750878,2012131242,6,46,46102,2012,12,5,1900,19,3,1,0,7,5, , ,N,0,0,0,3,0,0,1,1,N,N,40 03:09.230,75 06:02.480,1948, ,1942, ,0, ,N, ,0, , , , , , , , , ,1,1,0,0,0,0,0,0,0,0,0,0,0,0,0,0,0,0,0,0,0,0,0,0,0,0,0,0,0,0,0,0,0,0,0,0,0,40.0526,-75.1007, , 
68005,750899,2013007309,6,67,67301,2012,12,7,1820,18,3,1,0,4,1, , ,N,1,2,0,3,0,2,3,3,N,N,40 02:38.691,75 07:43.766,1836, ,1832,3,2,7,N, ,3,Y, , , , , , , , ,2,1,1,0,0,0,0,0,0,1,0,1,2,0,0,0,0,0,0,0,0,1,0,0,0,0,0,0,0,1,0,0,1,0,0,2,0,40.0441,-75.1288, , 
68006,750905,2012125986,6,46,46108,2012,12,5,1417,14,1,1,0,2,1, , ,N,1,2,0,3,0,0,3,2,N,N,40 05:09.819,75 13:49.871,1420, ,1417,1,1,1,N, ,3,N, , , , , , , , ,2,2,0,0,0,0,0,0,0,0,0,0,0,0,0,0,0,0,1,0,1,0,0,0,0,0,0,0,0,0,0,0,0,0,0,0,0,40.0861,-75.2305, , 
68007,750926,2013015601,6,67,67301,2012,7,3,2309,23,3,1,0,7,2, , ,N,3,0,2,3,0,1,3,1,N,N,39 56:18.041,75 11:51.584,2355, ,2313, ,0, ,N, ,0, , , , , , , , , ,1,1,0,0,0,0,0,0,0,0,0,1,1,0,0,0,0,0,0,0,1,0,0,3,0,0,0,0,0,0,0,0,0,0,0,4,0,39.934,-75.1999, , 
68008,754278,2012120533,6,67,67301,2012,10,1,100,1,3,1,0,4,1, , ,N,2,0,0,3,0,0,1,2,N,N,39 59:09.814,75 05:13.050,305, ,301, ,0, ,N, ,0, , , , , , , , , ,2,2,0,0,0,0,0,0,0,0,0,0,0,0,1,0,0,0,0,0,0,0,0,0,0,0,0,0,0,0,0,0,0,0,0,9,0,39.9861,-75.087, , 
68009,754281,2012123641,6,67,67301,2012,12,6,1141,11,1,2,1,7,4, , ,N,6,0,2,3,0,0,1,1,N,N,39 57:24.872,75 09:13.565,1158, ,1148, ,0, ,N, ,0, , , , , , , , , ,1,1,0,0,0,0,0,0,0,0,0,0,0,0,0,0,0,0,0,0,0,0,0,0,0,0,0,0,0,0,0,0,0,0,0,0,0,39.9569,-75.1538, , 
68010,754304,2012109774,6,67,67301,2012,9,3,525,5,1,1,0,4,1, , ,N,2,0,0,3,0,3,2,2,N, ,40 02:48.573,75 02:58.559,532, ,531, ,0, , , ,0, , , , , , , , , ,2,1,0,0,0,0,1,0,0,0,0,2,2,0,0,0,0,0,0,0,0,0,0,0,0,0,0,0,0,0,0,0,0,0,0,4,0,40.0468,-75.0496, , 
68011,754310,2012115180,6,67,67301,2012,7,5,1630,16,1,1,0,1,1, , ,N,1,2,0,3,0,2,3,3,N,N,39 59:03.239,75 05:56.509,0, ,0, ,0, ,N, ,3, , , , , , , , , ,3,0,0,0,0,0,1,1,0,1,0,0,2,1,1,0,0,0,0,0,2,0,0,0,0,0,0,1,0,0,0,0,0,0,0,2,0,39.9842,-75.099, , 
68012,754314,2012117358,6,67,67301,2012,10,3,2200,22,3,1,0,1,1, , ,N,0,0,0,3,0,0,1,2,N,N,40 01:04.552,75 04:57.186,2200, ,2200,1,2,7, , ,0,N, , , , , , , , ,2,2,0,0,0,0,0,0,0,0,0,0,0,0,1,0,0,0,0,0,0,0,0,0,0,0,0,0,0,0,0,0,0,0,0,9,0,40.0179,-75.0826, , 
68013,754326,2012125187,6,67,67301,2012,12,7,812,8,1,2,1,7,2, , ,N,0,0,0,3,0,1,2,1,N,N,39 59:10.992,75 12:29.229,812, ,812,1,1,3,N, ,0,N, , , , , , , , ,1,1,0,0,0,0,0,0,0,0,0,1,1,0,1,0,0,0,0,0,0,0,0,0,0,0,0,0,0,0,0,0,0,0,0,4,0,39.9864,-75.2081, , 
68014,754331,2013003852,6,67,67301,2012,12,7,9999,99,3,1,1,5,1, , ,N,0,0,0,3,0,0,1,2,N,N,40 01:59.106,75 10:52.380,30, ,20, ,0, ,N, ,0, , , , , , , , , ,2,2,0,0,0,0,0,0,0,0,0,0,0,0,0,0,0,0,0,0,0,0,0,0,0,0,0,0,0,0,0,0,0,0,0,0,0,40.0331,-75.1812, , 
68015,754332,2013006891,6,67,67301,2012,12,7,1106,11,1,4,4,4,1, , ,N,1,2,0,3,0,2,3,4,N,N,39 57:03.319,75 13:50.365,1107, ,1107,1,2,6,N, ,9,Y, , , , , , , , ,4,2,0,0,0,0,1,1,0,0,0,0,2,2,0,0,0,0,0,0,0,0,0,0,0,0,0,0,0,0,0,0,0,0,0,8,0,39.9509,-75.2307, , 
68016,754334,2013015633,6,67,67301,2012,8,7,1732,17,1,1,0,1,1, , ,N,0,0,0,3,0,1,2,2,N,N,40 00:38.151,75 03:46.126,1748, ,1736, ,0, ,N, ,0, , , , , , , , , ,2,1,0,0,0,0,1,0,0,0,0,0,1,1,0,0,0,0,0,0,0,0,0,0,0,0,0,0,0,0,0,0,0,0,0,8,0,40.0106,-75.0628, , 
68017,754341,2012104142,6,67,67301,2012,9,4,2010,20,3,1,0,8,1, , ,N,0,2,0,3,0,1,1,1,N,N,40 01:29.412,75 08:52.236,2020, ,2016, ,0, , , ,3, , , , , , , , , ,1,1,0,0,0,0,0,0,0,0,0,1,1,0,0,0,0,0,0,0,0,0,0,0,0,0,0,0,0,0,0,0,1,0,0,4,0,40.0248,-75.1478, , 
68018,754342,2012104155,6,67,67301,2012,9,2,1107,11,1,1,0,5,1, , ,N,2,0,0,3,0,1,2,2,N,N,39 57:06.663,75 10:01.437,1120, ,1107, ,0, ,N, ,0, , , , , , , , , ,2,1,1,0,0,0,0,0,0,0,1,0,1,0,1,0,0,0,0,0,0,0,0,0,0,0,0,0,0,0,0,0,0,0,0,3,0,39.9519,-75.1671, , 
68019,754360,2012120058,6,67,67301,2012,11,7,931,9,1,1,0,1,6, , ,N,0,0,0,3,0,0,1,2,N,N,39 59:50.571,75 09:56.023,9999, ,9999, ,0, ,N, ,0, , , , , , , , , ,2,2,0,0,0,0,0,0,0,0,0,0,0,0,0,0,0,0,0,0,0,0,0,0,0,0,0,0,0,0,0,0,0,0,0,0,0,39.9974,-75.1656, , 
68020,754361,2012120087,6,67,67301,2012,10,2,954,9,1,2,1,7,4, , ,N,0,8,0,3,0,0,3,3,N,N,40 00:43.434,75 10:54.827,1015, ,954,2,1,2,N, ,3,N, , , , , , , , ,3,1,0,0,0,1,1,0,0,0,0,0,0,0,0,0,0,0,0,0,1,1,0,0,0,0,0,0,0,0,0,0,0,0,0,0,1,40.0121,-75.1819, , 
68021,754367,2012125475,6,67,67301,2012,11,3,729,7,1,2,1,7,5, , ,N,0,0,0,3,0,0,1,1,N, ,40 01:40.006,75 11:41.467,730, ,729,1,2,1, , ,0,N, , , , , , , , ,1,1,0,0,0,0,0,0,0,0,0,0,0,0,1,0,0,0,0,0,0,0,0,0,0,0,0,0,0,0,0,0,0,0,0,9,0,40.0278,-75.1949, , 
68022,754373,2012095339,6,67,67301,2012,8,5,1840,18,1,1,0,1,1, , ,N,2,2,2,3,0,2,2,2,N,N,39 54:43.199,75 09:01.838,1905, ,1902,9,1,2,N, ,3,N, , , , , , , , ,1,1,0,0,0,0,0,0,0,0,0,0,1,1,0,0,0,0,0,0,0,0,0,0,0,0,0,0,0,0,0,0,0,0,0,8,0,39.912,-75.1505, , 
68023,754375,2012098986,6,67,67301,2012,9,5,2335,23,3,1,0,4,1, , ,N,0,3,0,3,0,0,1,2,N,N,39 57:37.944,75 12:23.583,2355, ,2353, ,0, ,N, ,3, , , , , , , , , ,2,2,0,0,0,0,0,0,0,0,0,0,0,0,1,0,0,0,0,0,0,0,0,0,0,0,0,0,0,0,0,0,0,0,0,9,0,39.9605,-75.2066, , 
68024,754381,2012109925,6,67,67301,2012,10,2,2019,20,3,2,1,1,1, , ,N,0,0,0,3,0,3,3,2,N,N,40 01:13.857,75 09:20.045,2026, ,2019,1,1,1,N, ,0,N, , , , , , , , ,2,1,0,0,1,0,0,0,0,0,0,3,3,0,0,0,0,0,0,0,0,1,0,0,0,0,0,0,0,0,0,0,0,0,0,4,0,40.0205,-75.1556, , 
68025,754410,2012125190,6,67,67301,2012,12,1,1845,18,3,2,1,7,2, , ,N,0,0,0,3,0,0,2,1,N,N,39 56:44.739,75 11:24.294,1900, ,1851,1,1,3,N, ,0,N, , , , , , , , ,1,1,0,0,0,0,0,0,0,0,0,0,0,0,0,0,0,0,0,0,0,0,0,0,0,0,0,0,0,0,0,0,0,0,0,0,0,39.9458,-75.1901, , 