objectid_1,objectid,crn,district,county,municipality,crash_year,crash_month,day_of_week,time_of_day,hour_of_day,illumination,weather,road_condition,collision_type,relation_to_road,work_zone_type,work_zone_loc,work_zone_ind,intersect_type,tcd_type,location_type,urban_rural,fatal_count,injury_count,person_count,total_units,sch_bus_ind,sch_zone_ind,latitude,longitude,arrival_tm,cons_zone_spd_lim,dispatch_tm,est_hrs_closed,lane_closed,ln_close_dir,ntfy_hiwy_maint,spec_juris_cd,tcd_func_cd,tfc_detour_ind,workers_pres,wz_close_detour,wz_flagger,wz_law_offcr_ind,wz_ln_closure,wz_moving,wz_other,wz_shlder_mdn,vehicle_count,automobile_count,motorcycle_count,bus_count,small_truck_count,heavy_truck_count,suv_count,van_count,bicycle_count,maj_inj_count,mod_inj_count,min_inj_count,tot_inj_count,unk_inj_deg_count,unk_inj_per_count,driver_count_16yr,driver_count_17yr,driver_count_18yr,driver_count_19yr,driver_count_20yr,driver_count_50_64yr,driver_count_65_74yr,driver_count_75plus,unbelted_occ_count,unb_death_count,unb_maj_inj_count,belted_death_count,belted_maj_inj_count,mcycle_death_count,mcycle_maj_inj_count,bicycle_death_count,bicycle_maj_inj_count,ped_count,ped_death_count,ped_maj_inj_count,max_severity_level,comm_veh_count,dec_lat,dec_long,rdwy_surf_type_cd,county_name
68026,754421,2013006820,6,67,67301,2012,12,1,1541,15,1,8,0,7,5, , ,N,2,2,0,3,0,1,1,1,N,N,40 01:18.989,75 05:38.592,1543, ,1542, ,0, , , ,3, , , , , , , , , ,1,0,0,0,1,0,0,0,0,0,0,0,1,1,0,0,0,0,0,0,0,0,0,0,0,0,0,0,0,0,0,0,0,0,0,8,0,40.0221,-75.094, , 
68027,744842,2012125540,6,67,67301,2012,11,5,1209,12,3,1,0,1,1, , ,N,0,0,0,3,0,1,1,2,N,N,40 02:06.609,75 02:21.554,1209, ,1209,1,1,3,N, ,0,N, , , , , , , , ,2,1,0,0,0,1,0,0,0,0,0,1,1,0,0,0,0,0,0,0,1,0,0,1,0,0,0,0,0,0,0,0,0,0,0,4,0,40.0352,-75.0393, , 
68028,744851,2013003720,6,67,67301,2012,12,1,1900,19,2,6,1,8,1, , ,N,0,0,0,3,0,1,2,2,N,N,40 06:08.319,74 58:15.938,9999, ,1200, ,0, ,N, ,0, , , , , , , , , ,1,1,0,0,0,0,0,0,0,0,0,0,1,1,1,0,0,0,0,0,0,0,0,0,0,0,0,0,0,0,0,0,1,0,0,8,0,40.1023,-74.9711, , 
68029,744852,2013004398,6,67,67301,2012,12,1,730,7,1,2,1,7,5, , ,N,0,0,0,3,0,0,1,1,N,N,40 01:09.158,75 11:27.408,748, ,740,1,1,2,N, ,0,N, , , , , , , , ,1,0,0,0,1,0,0,0,0,0,0,0,0,0,0,0,0,0,0,0,0,0,0,0,0,0,0,0,0,0,0,0,0,0,0,0,0,40.0192,-75.1909, , 
68030,744857,2012109773,6,67,67301,2012,9,3,1042,10,1,1,0,8,1, , ,N,0,0,0,3,0,1,2,2,N,N,39 57:02.148,75 11:33.218,1155, ,1149, ,0, ,N, ,0, , , , , , , , , ,1,1,0,0,0,0,0,0,0,0,1,0,1,0,0,0,0,0,0,0,0,0,0,0,0,0,0,0,0,0,0,0,1,0,0,3,0,39.9506,-75.1926, , 
68031,744883,2013015606,6,67,67301,2012,7,2,925,9,1,1,0,1,1, , ,N,0,0,0,3,0,0,2,2,N,N,39 57:07.186,75 08:29.275,946, ,931,1,1,2,N, ,0,N, , , , , , , , ,2,2,0,0,0,0,0,0,0,0,0,0,0,0,1,0,0,0,0,0,0,0,0,0,0,0,0,0,0,0,0,0,0,0,0,9,0,39.952,-75.1415, , 
68032,744916,2013000901,6,67,67301,2012,12,5,602,6,3,2,1,1,1, , ,N,0,0,2,3,0,1,2,2,N,N,39 59:10.303,75 12:30.345,614, ,602,1,2,3,N, ,0,Y, , , , , , , , ,2,2,0,0,0,0,0,0,0,0,1,0,1,0,0,0,0,0,0,0,0,1,0,0,0,0,0,0,0,0,0,0,0,0,0,3,0,39.9862,-75.2084, , 
68033,744917,2013006135,6,67,67301,2012,12,1,148,1,3,1,0,4,1, , ,N,1,3,1,3,0,1,2,2,N, ,39 58:14.105,75 09:03.031,200, ,148, ,0, , , ,3, , , , , , , , , ,2,2,0,0,0,0,0,0,0,0,0,1,1,0,0,0,0,0,0,0,1,0,0,0,0,0,0,0,0,0,0,0,0,0,0,4,0,39.9706,-75.1509, , 
68034,744934,2012120106,6,67,67301,2012,11,3,1120,11,1,1,0,4,1, , ,N,1,2,0,3,0,2,3,2,N,N,39 55:40.490,75 11:14.888,1135, ,1130,1,1,1,N, ,3,N, , , , , , , , ,2,2,0,0,0,0,0,0,0,0,0,2,2,0,0,0,0,0,1,0,1,0,0,2,0,0,0,0,0,0,0,0,0,0,0,4,0,39.9279,-75.1875, , 
68035,744978,2012083256,6,67,67301,2012,7,4,1600,16,1,1,0,7,3, , ,N,1,3,0,3,0,2,3,2,N, ,39 56:20.835,75 11:06.525,1612, ,1612, ,0, , , ,3, , , , , , , , , ,1,1,0,0,0,0,0,0,0,0,0,2,2,0,0,0,0,0,0,0,0,0,0,0,0,0,0,0,0,0,0,0,0,0,0,4,0,39.9391,-75.1851, , 
68036,744981,2012096024,6,67,67301,2012,8,5,850,8,1,1,0,5,2, , ,N,0,0,0,3,0,1,3,2,N, ,39 59:56.572,75 08:00.260,900, ,857, ,0, , , ,0, , , , , , , , , ,2,1,1,0,0,0,0,0,0,0,1,0,1,0,0,0,0,0,0,0,0,0,0,0,0,0,0,0,0,0,0,0,0,0,0,3,0,39.999,-75.1334, , 
68037,745005,2012104055,6,67,67301,2012,9,5,811,8,1,2,1,4,1, , ,N,1,2,0,3,0,2,2,2,N,N,40 00:46.940,75 07:10.109,815, ,813, ,0, , , ,3, , , , , , , , , ,2,2,0,0,0,0,0,0,0,0,2,0,2,0,0,0,0,0,0,0,0,0,0,0,0,0,0,0,0,0,0,0,0,0,0,3,0,40.013,-75.1194, , 
68038,745041,2012126006,6,67,67301,2012,11,6,258,2,3,1,0,5,2, , ,N,0,0,0,3,0,1,1,2,N,N,40 02:49.463,75 05:28.035,305, ,258, ,0, ,N, ,0, , , , , , , , , ,2,1,0,0,0,0,1,0,0,0,0,0,1,1,0,0,0,0,0,0,0,0,0,0,0,0,0,0,0,0,0,0,0,0,0,8,0,40.0471,-75.0911, , 
68039,745049,2013003963,6,67,67301,2012,12,1,47,0,3,1,0,7,5, , ,N,10,0,7,3,0,1,2,1,N,N,39 58:43.342,75 05:51.613,50, ,47, ,0, ,N, ,0, , , , , , , , , ,1,1,0,0,0,0,0,0,0,0,0,1,1,0,0,0,0,0,0,0,0,0,0,0,0,0,0,0,0,0,0,0,0,0,0,4,0,39.9787,-75.0977, , 
68040,745066,2012115351,6,67,67301,2012,10,4,2250,22,3,1,0,8,1, , ,N,1,2,0,3,0,1,1,2,N, ,39 55:56.906,75 13:28.606,2250, ,2250, ,0, , , ,3, , , , , , , , , ,1,1,0,0,0,0,0,0,0,0,0,0,1,1,0,0,0,0,0,0,0,0,0,0,0,0,0,0,0,0,0,0,1,0,0,8,0,39.9325,-75.2246, , 
68041,745069,2012122463,6,67,67301,2012,11,2,1404,14,1,1,0,4,1, , ,N,0,0,0,3,0,3,3,2,N,N,40 02:43.972,75 07:24.488,1416, ,1415, ,0, ,N, ,0, , , , , , , , , ,2,2,0,0,0,0,0,0,0,0,0,2,3,1,0,0,0,1,0,0,0,0,0,0,0,0,0,0,0,0,0,0,0,0,0,4,0,40.0455,-75.1235, , 
68042,745088,2013006752,6,67,67301,2012,12,3,9999,99,1,1,1,5,1, , ,N,0,2,0,3,0,0,3,2,N,N,39 55:16.937,75 11:30.496,1534, ,1530, ,0, ,N, ,3, , , , , , , , , ,2,1,0,0,0,1,0,0,0,0,0,0,0,0,0,0,0,0,0,0,0,0,0,0,0,0,0,0,0,0,0,0,0,0,0,0,1,39.9214,-75.1918, , 
68043,745091,2013021886,6,67,67301,2012,12,4,301,3,2,1,0,7,4, , ,N,0,0,0,3,0,0,6,1,N,N,39 57:35.648,75 10:44.468,310, ,306,2,2,3,N, ,0,N, , , , , , , , ,1,0,0,0,0,0,1,0,0,0,0,0,0,0,2,0,0,0,0,0,0,0,0,1,0,0,0,0,0,0,0,0,0,0,0,9,0,39.9599,-75.179, , 
68044,745100,2012117269,6,67,67301,2012,10,3,723,7,1,1,0,1,1, , ,N,1,2,0,3,0,1,2,2,N,N,40 01:13.249,75 08:02.518,736, ,732,9,1,1,N, ,3,N, , , , , , , , ,2,1,0,1,0,0,0,0,0,0,0,1,1,0,0,0,0,0,0,0,0,1,0,1,0,0,0,0,0,0,0,0,0,0,0,4,1,40.0203,-75.134, , 
68045,747720,2012122444,6,67,67301,2012,11,7,1338,13,1,1,0,1,1, , ,N,0,0,0,3,0,1,2,2,N,N,39 55:37.000,75 09:03.100,1339, ,1338, ,0, ,N, ,0, , , , , , , , , ,1,0,0,0,1,0,0,0,1,0,0,0,1,1,0,0,0,0,0,0,0,1,0,0,0,0,0,0,0,0,0,0,0,0,0,8,0,39.9269,-75.1509, , 
68046,747736,2012117222,6,67,67301,2012,10,3,1900,19,3,1,0,4,1, , ,N,1,2,0,3,0,1,2,2,N, ,40 00:03.985,75 07:29.066,1921, ,1916, ,0, ,N, ,3, , , , , , , , , ,2,2,0,0,0,0,0,0,0,0,0,0,1,1,0,0,0,0,0,0,0,0,0,0,0,0,0,0,0,0,0,0,0,0,0,8,0,40.0011,-75.1247, , 
68047,747755,2012116702,6,46,46108,2012,11,3,1049,10,1,1,0,4,1, , ,N,1,2,0,3,0,2,3,2,N,N,40 04:51.258,75 12:09.511,1052, ,1049,1,1,5,N, ,3,N, , , , , , , , ,2,2,0,0,0,0,0,0,0,0,0,2,2,0,0,0,0,0,0,0,1,0,1,0,0,0,0,0,0,0,0,0,0,0,0,4,0,40.0808,-75.2027, , 
68048,747765,2012125556,6,67,67301,2012,11,5,1450,14,1,1,0,1,1, , ,N,0,2,0,3,0,3,3,3,N,N,39 59:51.626,75 09:05.662,1525, ,1506, ,0, ,N, ,3, , , , , , , , , ,3,0,0,0,2,0,0,1,0,0,0,2,2,0,1,0,0,0,0,0,0,0,0,0,0,0,0,0,0,0,0,0,0,0,0,4,0,39.9977,-75.1516, , 
68049,747767,2012128249,6,67,67301,2012,11,3,1557,15,1,1,0,9,1, , ,N,1,3,0,3,0,3,3,2,N,N,39 56:36.304,75 13:12.928,1715, ,1657, ,0, ,N, ,3, , , , , , , , , ,2,2,0,0,0,0,0,0,0,0,0,1,2,1,0,0,1,0,0,0,1,0,0,0,0,0,0,0,0,0,0,0,0,0,0,4,0,39.9434,-75.2203, , 
68050,747776,2013006813,6,67,67301,2012,12,5,805,8,1,1,0,8,1, , ,N,2,0,0,3,0,1,2,2,N,Y,40 04:59.404,75 02:28.730,812, ,808, ,0, ,N, ,0, , , , , , , , , ,1,0,0,0,0,0,1,0,0,0,0,1,1,0,0,0,0,0,0,0,0,0,0,0,0,0,0,0,0,0,0,0,1,0,0,4,0,40.0832,-75.0413, , 
68051,747777,2013015615,6,67,67301,2012,7,1,113,1,3,1,0,1,1, , ,N,0,0,3,3,0,1,3,2,N,N,39 53:31.300,75 11:53.316,126, ,115,1,2,2,N, ,0,N, , , , , , , , ,2,0,0,0,0,0,2,0,0,0,0,0,1,1,0,0,0,0,0,0,0,0,0,1,0,0,0,0,0,0,0,0,0,0,0,8,0,39.892,-75.1981, , 
68052,747807,2013004395,6,67,67301,2012,12,6,1333,13,1,2,1,7,5, , ,N,0,0,0,3,0,1,1,1,N,N,39 59:37.641,75 11:33.302,1541, ,1535,3,2,5, , ,0,Y, , , , , , , , ,1,0,0,0,1,0,0,0,0,0,0,1,1,0,0,0,0,0,0,0,0,0,0,0,0,0,0,0,0,0,0,0,0,0,0,4,0,39.9938,-75.1926, , 
68053,747814,2012114383,6,67,67301,2012,10,6,1550,15,1,1,0,1,1, , ,N,1,2,0,3,0,1,6,3,N,N,40 01:18.102,75 08:23.227,1558, ,1554,2,2,7,N, ,3,Y, , , , , , , , ,3,2,0,0,0,1,0,0,0,0,0,1,1,0,0,0,0,0,0,0,0,0,0,0,0,0,0,0,0,0,0,0,0,0,0,4,1,40.0218,-75.1396, , 
68054,747816,2012116873,6,67,67301,2012,11,2,1745,17,3,1,0,1,1, , ,N,0,0,0,3,0,2,3,3,N,N,39 55:36.228,75 08:47.872,1750, ,1745,1,1,1,N, ,0,N, , , , , , , , ,3,2,0,0,0,0,1,0,0,0,0,2,2,0,0,0,0,0,0,0,0,0,0,0,0,0,0,0,0,0,0,0,0,0,0,4,0,39.9266,-75.1466, , 
68055,747855,2013003651,6,67,67301,2012,11,6,9999,99,1,1,0,8,1, , ,N,2,0,0,3,0,1,2,2,N, ,39 56:59.807,75 08:39.538,1406, ,1403, ,0, , , ,0, , , , , , , , , ,1,1,0,0,0,0,0,0,0,0,1,0,1,0,0,0,0,0,0,0,0,0,0,0,0,0,0,0,0,0,0,0,1,0,0,3,0,39.9499,-75.1443, , 
68056,747858,2013029598,6,67,67301,2012,12,6,1734,17,1,1,0,1,1, , ,N,0,0,0,3,0,1,2,2,N,N,39 56:39.298,75 10:39.036,1747, ,1741, ,0, ,N, ,0, , , , , , , , , ,2,0,0,0,1,0,0,0,0,0,0,0,1,1,1,0,0,0,0,0,0,0,1,0,0,0,0,0,0,0,0,0,0,0,0,8,0,39.9442,-75.1775, , 
68057,747860,2012125529,6,67,67301,2012,11,6,9999,99,3,1,0,5,1, , ,N,0,0,0,3,0,1,2,2,N,N,39 56:10.097,75 08:32.247,632, ,620, ,0, ,N, ,0, , , , , , , , , ,2,0,0,0,1,0,0,0,0,0,1,0,1,0,0,0,0,0,0,0,0,0,0,0,0,0,0,0,0,0,0,0,0,0,0,3,0,39.9361,-75.1423, , 
68058,747870,2013004400,6,67,67301,2012,12,7,416,4,3,2,1,7,3, , ,N,10,2,0,3,0,0,1,1,N,N,40 00:54.888,75 10:11.461,419, ,419, ,9, ,N, ,9, , , , , , , , , ,1,1,0,0,0,0,0,0,0,0,0,0,0,0,0,0,0,0,0,0,0,0,0,0,0,0,0,0,0,0,0,0,0,0,0,0,0,40.0152,-75.1699, , 
68059,747871,2013012038,6,67,67301,2012,12,5,147,1,3,2,1,6,1, , ,N,3,2,0,3,0,0,2,2,N,N,40 02:55.608,75 11:18.527,155, ,147,1,1,3,N, ,3,N, , , , , , , , ,2,2,0,0,0,0,0,0,0,0,0,0,0,0,1,0,0,0,0,0,0,0,0,0,0,0,0,0,0,0,0,0,0,0,0,9,0,40.0488,-75.1885, , 
68060,747873,2012068844,6,67,67301,2012,6,2,1445,14,1,1,0,1,1, , ,N,0,0,7,3,0,0,2,2,N, ,40 07:07.471,75 01:02.756,1525, ,1520, ,0, , , ,0, , , , , , , , , ,2,1,0,0,1,0,0,0,0,0,0,0,0,0,0,0,0,0,0,0,0,0,0,0,0,0,0,0,0,0,0,0,0,0,0,0,0,40.1187,-75.0174, , 
68061,747882,2013003670,6,67,67301,2012,11,2,755,7,1,1,0,5,2, , ,N,0,0,0,3,0,1,3,2,N,Y,39 57:21.200,75 10:02.230,809, ,802, ,0, ,N, ,0, , , , , , , , , ,1,1,0,0,0,0,0,0,1,0,1,0,1,0,0,0,0,0,0,0,0,0,0,2,0,0,0,0,0,0,0,0,0,0,0,3,0,39.9559,-75.1673, , 
68062,747883,2013003680,6,67,67301,2012,12,7,2140,21,3,2,1,4,1, , ,N,0,0,3,3,0,0,5,2,N,N,39 55:11.506,75 12:06.844,2145, ,2151,9,1,7,N, ,0,N, , , , , , , , ,2,2,0,0,0,0,0,0,0,0,0,0,0,0,0,0,0,0,0,0,0,0,0,0,0,0,0,0,0,0,0,0,0,0,0,0,0,39.9199,-75.2018, , 
68063,750927,2013029698,6,67,67301,2012,12,7,1630,16,3,1,0,2,2, , ,N,1,3,0,3,0,1,2,2,N,N,39 59:21.811,75 08:37.251,1640, ,1635, ,0, ,N, ,3, , , , , , , , , ,2,1,0,0,1,0,0,0,0,0,0,1,1,0,0,0,0,0,0,0,0,0,0,2,0,0,0,0,0,0,0,0,0,0,0,4,0,39.9894,-75.1437, , 
68064,750968,2013003696,6,67,67301,2012,12,4,1448,14,1,1,0,2,3, , ,N,0,0,0,3,0,1,3,2,N, ,39 59:27.843,75 06:04.828,1453, ,1450, ,0, , , ,0, , , , , , , , , ,2,1,0,0,1,0,0,0,0,0,0,1,1,0,0,0,0,0,0,0,0,1,0,0,0,0,0,0,0,0,0,0,0,0,0,4,0,39.9911,-75.1013, , 
68065,750969,2013007241,6,67,67301,2012,12,2,1209,12,1,1,1,1,2, , ,N,1,2,0,3,0,3,4,3,N,N,40 01:02.991,75 03:54.641,1218, ,1211,9,1,6,N, ,3,N, , , , , , , , ,3,3,0,0,0,0,0,0,0,0,0,0,3,3,0,0,0,0,0,0,0,0,1,0,0,0,0,0,0,0,0,0,0,0,0,8,0,40.0176,-75.065, , 
68066,751006,2012117320,6,67,67301,2012,10,2,1154,11,1,1,0,4,1, , ,N,1,2,0,3,0,1,2,2,N,N,39 58:56.686,75 11:12.098,1317, ,1317, ,0, ,N, ,3, , , , , , , , , ,2,1,0,0,1,0,0,0,0,0,0,1,1,0,0,0,0,0,0,0,0,0,0,0,0,0,0,0,0,0,0,0,0,0,0,4,0,39.9824,-75.1867, , 
68067,751022,2013009119,6,67,67301,2012,12,4,1206,12,1,1,0,5,1, , ,N,0,0,0,3,0,2,4,3,N,N,39 57:41.498,75 10:57.330,1217, ,1207,1,2,3,N, ,0,N, , , , , , , , ,3,1,0,0,0,1,1,0,0,0,0,0,2,2,0,0,0,0,0,0,2,0,0,0,0,0,0,0,0,0,0,0,0,0,0,8,1,39.9615,-75.1826, , 
68068,751030,2012119121,6,67,67301,2012,11,3,1145,11,1,2,1,4,1, , ,N,1,2,0,3,0,4,5,2,N,N,39 56:02.828,75 08:57.152,1215, ,1202,3,2,7,N, ,3,Y, , , , , , , , ,2,0,0,1,0,0,1,0,0,0,0,4,4,0,0,0,0,0,0,0,0,0,0,0,0,0,0,0,0,0,0,0,0,0,0,4,1,39.9341,-75.1492, , 
68069,751031,2012120044,6,67,67301,2012,10,4,2310,23,3,1,0,7,2, , ,N,0,0,0,3,0,0,3,1,N,N,39 58:38.305,75 11:54.384,2329, ,0, ,0, ,N, ,0, , , , , , , , , ,1,1,0,0,0,0,0,0,0,0,0,0,0,0,0,0,0,0,0,0,0,0,0,0,0,0,0,0,0,0,0,0,0,0,0,0,0,39.9773,-75.1984, , 
68070,751047,2013004382,6,67,67301,2012,12,2,1515,15,1,2,1,1,1, , ,N,0,0,0,3,0,1,3,2,N,N,40 06:02.473,75 01:25.669,1517, ,1515, ,0, ,N, ,0, , , , , , , , , ,2,2,0,0,0,0,0,0,0,0,0,0,1,1,0,0,0,0,0,0,1,0,0,0,0,0,0,0,0,0,0,0,0,0,0,8,0,40.1007,-75.0238, , 
68071,751066,2013003925,6,67,67301,2012,12,6,1143,11,1,2,1,4,1, , ,N,2,0,0,3,0,0,2,2,N,N,40 00:29.073,75 06:19.709,1155, ,1150, ,0, ,N, ,0, , , , , , , , , ,2,2,0,0,0,0,0,0,0,0,0,0,0,0,1,0,0,0,0,0,0,0,0,0,0,0,0,0,0,0,0,0,0,0,0,9,0,40.0081,-75.1055, , 
68072,751067,2013004388,6,67,67301,2012,12,7,2225,22,3,5,1,1,6, , ,N,0,0,0,3,0,0,1,2,N,N,40 02:22.870,75 01:00.160,2330, ,2324, ,0, ,N, ,0, , , , , , , , , ,2,1,0,0,1,0,0,0,0,0,0,0,0,0,0,0,0,0,0,0,0,0,0,0,0,0,0,0,0,0,0,0,0,0,0,0,0,40.0397,-75.0167, , 
68073,751087,2012117364,6,67,67301,2012,10,5,1125,11,1,1,0,1,1, , ,N,0,2,0,3,0,1,3,2,N,N,40 00:20.289,75 07:40.072,1128, ,1125, ,0, ,N, ,3, , , , , , , , , ,2,2,0,0,0,0,0,0,0,0,0,1,1,0,0,0,0,0,0,0,0,0,0,0,0,0,0,0,0,0,0,0,0,0,0,4,0,40.0056,-75.1278, , 
68074,751089,2012125568,6,67,67301,2012,11,3,1145,11,1,2,1,1,1, , ,N,0,0,0,3,0,1,16,2,N,N,40 00:39.762,75 07:35.839,1145, ,0, ,0, ,N, ,0, , , , , , , , , ,2,1,0,1,0,0,0,0,0,0,0,1,1,0,0,0,0,0,0,0,0,0,0,0,0,0,0,0,0,0,0,0,0,0,0,4,0,40.011,-75.1266, , 
68075,751100,2013003954,6,67,67301,2012,12,7,1319,13,1,1,0,1,1, , ,N,1,2,0,3,0,3,4,3,N,N,40 02:34.484,75 06:15.533,1338, ,1334, ,0, ,N, ,3, , , , , , , , , ,3,1,0,0,1,0,0,1,0,0,0,0,3,3,1,0,0,0,0,0,1,2,0,0,0,0,0,0,0,0,0,0,0,0,0,8,0,40.0429,-75.1043, , 
68076,751101,2013006859,6,67,67301,2012,12,1,1515,15,1,2,1,7,2, , ,N,0,0,0,3,0,0,1,1,N,N,40 05:27.998,74 58:36.808,1520, ,1516,1,1,3,Y, ,0,N, , , , , , , , ,1,0,0,0,1,0,0,0,0,0,0,0,0,0,0,0,0,0,0,0,0,0,0,0,0,0,0,0,0,0,0,0,0,0,0,0,0,40.0911,-74.9769, , 
68077,751122,2013032591,6,67,67301,2012,4,6,1242,12,1,1,0,1,1, , ,N,2,3,0,3,0,0,2,2,N,N,40 00:16.479,75 13:09.122,1245, ,1245,2,1,2,N, ,2,N, , , , , , , , ,2,1,0,0,1,0,0,0,0,0,0,0,0,0,0,0,0,0,0,0,0,0,0,0,0,0,0,0,0,0,0,0,0,0,0,0,0,40.0046,-75.2192, , 
68078,751124,2013004431,6,67,67301,2012,12,3,140,1,3,1,0,7,1, , ,N,1,0,0,3,0,0,1,1,N,N,39 58:24.362,75 11:07.375,155, ,155, ,0, ,N, ,0, , , , , , , , , ,1,0,0,0,0,0,1,0,0,0,0,0,0,0,1,0,0,0,0,0,0,0,0,0,0,0,0,0,0,0,0,0,0,0,0,9,0,39.9734,-75.1854, , 
68079,751129,2012070925,6,67,67301,2012,7,7,1310,13,1,1,0,1,1, , ,N,0,0,0,3,0,2,6,3,N,N,39 57:34.255,75 10:29.826,1312, ,1310,2,1,4,N, ,0,N, , , , , , , , ,3,3,0,0,0,0,0,0,0,0,1,1,2,0,0,0,0,0,0,0,0,0,0,0,0,0,0,0,0,0,0,0,0,0,0,3,0,39.9595,-75.175, , 
68080,751149,2012095527,6,67,67301,2012,8,7,1345,13,3,1,0,4,1, , ,N,1,2,0,3,0,2,5,2,N, ,40 03:15.517,75 02:58.198,2349, ,2346,1,1,1, , ,3,N, , , , , , , , ,2,2,0,0,0,0,0,0,0,0,0,0,2,2,0,0,0,0,0,0,2,0,0,1,0,0,0,0,0,0,0,0,0,0,0,8,0,40.0542,-75.0493, , 
68081,754968,2013004415,6,67,67301,2012,12,6,1833,18,3,1,0,6,1, , ,N,2,0,0,3,0,1,2,2,N,N,40 00:28.657,75 08:27.867,1838, ,1835, ,0, ,N, ,0, , , , , , , , , ,1,0,0,0,0,0,0,1,1,0,1,0,1,0,0,0,0,0,0,0,0,0,1,0,0,0,0,0,0,0,0,0,0,0,0,3,0,40.008,-75.1411, , 
68082,754969,2013006193,6,67,67301,2012,12,1,450,4,3,1,0,5,2, , ,N,0,0,0,3,0,1,1,2,N,N,40 01:28.732,75 03:36.748,453, ,453, ,0, ,N, ,0, , , , , , , , , ,2,1,0,0,1,0,0,0,0,0,0,0,1,1,0,0,0,0,1,0,0,0,0,0,0,0,0,0,0,0,0,0,0,0,0,8,0,40.0246,-75.0602, , 
68083,754973,2013006773,6,67,67301,2012,11,5,808,8,1,1,0,6,1, , ,N,1,1,0,3,0,2,3,2,N,N,39 59:16.184,75 10:50.095,833, ,832, ,0, ,N, ,3, , , , , , , , , ,2,1,0,0,1,0,0,0,0,0,0,0,2,2,0,0,0,0,0,0,0,1,0,0,0,0,0,0,0,0,0,0,0,0,0,8,0,39.9878,-75.1806, , 
68084,754974,2013006792,6,67,67301,2012,12,6,1900,19,3,1,0,8,1, , ,N,1,3,0,3,0,1,2,2,N,N,39 56:02.979,75 10:38.557,1925, ,1910, ,0, , , ,3, , , , , , , , , ,1,1,0,0,0,0,0,0,0,0,0,1,1,0,0,0,0,0,0,0,0,1,0,0,0,0,0,0,0,0,0,0,1,0,0,4,0,39.9342,-75.1774, , 
68085,754986,2012125572,6,67,67301,2012,11,1,455,4,3,1,0,7,5, , ,N,0,0,0,3,0,1,1,1,N,N,40 00:49.359,75 07:29.467,457, ,457,2,1,4,N, ,0,N, , , , , , , , ,1,1,0,0,0,0,0,0,0,0,0,0,1,1,0,0,0,0,1,0,0,0,0,0,0,0,0,0,0,0,0,0,0,0,0,8,0,40.0137,-75.1249, , 
68086,754996,2013008134,6,67,67301,2012,10,7,219,2,3,1,0,1,1, , ,N,0,0,0,3,0,1,6,2,N,N,39 53:15.285,75 14:32.473,229, ,220,2,2,2,N, ,0,Y, , , , , , , , ,2,2,0,0,0,0,0,0,0,0,0,1,1,0,1,0,0,0,1,0,0,0,0,0,0,0,0,0,0,0,0,0,0,0,0,4,0,39.8876,-75.2424, , 
68087,755005,2012117325,6,67,67301,2012,9,7,1239,12,1,1,0,4,1, , ,N,1,2,0,3,0,5,5,2,N,N,40 02:02.361,75 04:27.863,1249, ,1241,3,1,1,N, ,3,Y, , , , , , , , ,2,1,0,0,0,0,1,0,0,0,2,3,5,0,0,0,0,0,0,0,1,0,1,1,0,0,0,0,0,0,0,0,0,0,0,3,0,40.034,-75.0744, , 
68088,755006,2012120037,6,67,67301,2012,10,3,1910,19,3,1,0,8,1, , ,N,1,2,0,3,0,1,2,2,N,N,40 01:35.756,75 07:23.800,1746, ,1746, ,0, , , ,9, , , , , , , , , ,1,1,0,0,0,0,0,0,0,0,0,0,1,1,1,0,0,0,0,0,0,0,0,0,0,0,0,0,0,0,0,0,1,0,0,8,0,40.0266,-75.1233, , 
68089,755010,2012125567,6,67,67301,2012,11,6,9999,99,3,1,0,2,1, , ,N,0,0,0,3,0,0,3,3,N,N,39 59:32.829,75 04:58.768,1910, ,1900, ,0, ,N, ,0, , , , , , , , , ,3,3,0,0,0,0,0,0,0,0,0,0,0,0,0,0,0,0,0,1,1,0,0,0,0,0,0,0,0,0,0,0,0,0,0,0,0,39.9925,-75.083, , 
68090,755014,2012128268,6,67,67301,2012,11,5,900,9,1,1,0,1,1, , ,N,3,2,0,3,0,0,3,2,N,N,40 05:38.581,75 01:51.296,917, ,912, ,0, ,N, ,3, , , , , , , , , ,2,1,0,0,0,0,1,0,0,0,0,0,0,0,0,0,0,0,0,0,0,0,0,0,0,0,0,0,0,0,0,0,0,0,0,0,0,40.0941,-75.0309, , 
68091,755025,2013003755,6,67,67301,2012,11,2,2025,20,3,1,0,4,1, , ,N,2,3,0,3,0,3,4,2,N,N,40 05:13.062,75 02:08.772,2031, ,2029,9,2,2,N, ,3,Y, , , , , , , , ,2,1,0,0,0,0,0,1,0,0,0,0,3,3,0,0,0,0,0,0,1,0,0,0,0,0,0,0,0,0,0,0,0,0,0,8,0,40.087,-75.0358, , 
68092,755033,2012111718,6,67,67301,2012,10,5,1540,15,1,1,0,4,1, , ,N,0,0,0,3,0,1,2,2,N,N,39 57:17.734,75 10:02.123,1609, ,1609,3,2,4,N, ,0,N, , , , , , , , ,2,1,0,0,1,0,0,0,0,0,0,0,1,1,0,0,0,0,0,0,0,0,0,0,0,0,0,0,0,0,0,0,0,0,0,8,0,39.9549,-75.1673, , 
68093,755063,2013003879,6,67,67301,2012,11,6,2215,22,3,2,1,4,1, , ,N,1,2,0,3,0,1,4,2,N,N,40 03:23.345,75 02:47.046,2229, ,2220, ,0, ,N, ,3, , , , , , , , , ,2,2,0,0,0,0,0,0,0,0,0,1,1,0,0,0,0,0,0,1,0,0,0,0,0,0,0,0,0,0,0,0,0,0,0,4,0,40.0565,-75.0464, , 