objectid_1,objectid,crn,district,county,municipality,crash_year,crash_month,day_of_week,time_of_day,hour_of_day,illumination,weather,road_condition,collision_type,relation_to_road,work_zone_type,work_zone_loc,work_zone_ind,intersect_type,tcd_type,location_type,urban_rural,fatal_count,injury_count,person_count,total_units,sch_bus_ind,sch_zone_ind,latitude,longitude,arrival_tm,cons_zone_spd_lim,dispatch_tm,est_hrs_closed,lane_closed,ln_close_dir,ntfy_hiwy_maint,spec_juris_cd,tcd_func_cd,tfc_detour_ind,workers_pres,wz_close_detour,wz_flagger,wz_law_offcr_ind,wz_ln_closure,wz_moving,wz_other,wz_shlder_mdn,vehicle_count,automobile_count,motorcycle_count,bus_count,small_truck_count,heavy_truck_count,suv_count,van_count,bicycle_count,maj_inj_count,mod_inj_count,min_inj_count,tot_inj_count,unk_inj_deg_count,unk_inj_per_count,driver_count_16yr,driver_count_17yr,driver_count_18yr,driver_count_19yr,driver_count_20yr,driver_count_50_64yr,driver_count_65_74yr,driver_count_75plus,unbelted_occ_count,unb_death_count,unb_maj_inj_count,belted_death_count,belted_maj_inj_count,mcycle_death_count,mcycle_maj_inj_count,bicycle_death_count,bicycle_maj_inj_count,ped_count,ped_death_count,ped_maj_inj_count,max_severity_level,comm_veh_count,dec_lat,dec_long,rdwy_surf_type_cd,county_name
68161,753117,2012109713,6,67,67301,2012,10,7,2134,21,3,1,0,4,1, , ,N,1,2,0,3,0,1,2,2,N,N,39 58:39.875,75 12:48.192,2155, ,2148,9,1,3,N, ,3,N, , , , , , , , ,2,2,0,0,0,0,0,0,0,0,0,1,1,0,0,0,0,0,0,0,2,0,0,0,0,0,0,0,0,0,0,0,0,0,0,4,0,39.9777,-75.2134, , 
68162,753127,2012122426,6,67,67301,2012,11,4,1710,17,8,2,1,8,9, , ,N,1,2,0,3,0,1,1,1,N,N,39 59:56.763,75 13:51.120,1814, ,1807, ,0, ,N, ,3, , , , , , , , , ,1,0,0,0,0,0,0,0,0,0,0,0,1,1,0,0,0,0,0,0,0,0,0,0,0,0,0,0,0,0,0,0,1,0,0,8,0,39.9991,-75.2309, , 
68163,753141,2012111639,6,67,67301,2012,10,3,807,8,1,1,0,1,1, , ,N,1,2,0,3,0,3,4,2,N,N,40 02:07.511,75 04:10.636,815, ,810,1,1,2,N, ,3,N, , , , , , , , ,2,0,0,0,0,0,2,0,0,0,0,3,3,0,0,0,0,0,0,0,0,1,0,0,0,0,0,0,0,0,0,0,0,0,0,4,0,40.0354,-75.0696, , 
68164,753142,2012111689,6,67,67301,2012,10,3,1034,10,1,1,0,4,1, , ,N,2,3,0,3,0,2,4,2,N,N,40 00:04.157,75 05:49.913,1042, ,1035,3,1,2, , ,3,Y, , , , , , , , ,2,1,0,0,0,0,0,1,0,0,0,2,2,0,0,0,0,0,0,0,0,0,0,0,0,0,0,0,0,0,0,0,0,0,0,4,0,40.0012,-75.0972, , 
68165,753156,2013003699,6,67,67301,2012,12,6,700,7,1,1,0,2,1, , ,N,1,2,0,3,0,0,2,2,N, ,39 55:38.874,75 13:54.199,9999, ,9999, ,0, , , ,3, , , , , , , , , ,2,1,0,0,0,0,1,0,0,0,0,0,0,0,0,0,0,0,0,0,0,0,0,1,0,0,0,0,0,0,0,0,0,0,0,0,0,39.9275,-75.2317, , 
68166,753157,2013006757,6,67,67301,2012,12,2,1321,13,1,1,0,7,1, , ,N,0,2,0,3,0,3,5,3,N,N,40 04:50.241,75 01:42.688,1325, ,1322, ,0, ,N, ,3, , , , , , , , , ,3,2,0,0,0,0,1,0,0,0,0,3,3,0,0,0,0,0,0,0,0,0,1,1,0,0,0,0,0,0,0,0,0,0,0,4,0,40.0806,-75.0285, , 
68167,753194,2012115202,6,67,67301,2012,9,3,1330,13,1,1,0,4,1, , ,N,1,3,0,3,0,1,2,2,N,N,40 02:32.215,75 05:58.415,0, ,0, ,0, ,N, ,3, , , , , , , , , ,2,1,0,0,0,0,0,0,0,0,0,0,1,1,1,0,0,0,0,0,0,0,0,0,0,0,0,0,0,0,0,0,0,0,0,8,0,40.0423,-75.0996, , 
68168,753205,2013006853,6,67,67301,2012,12,5,2045,20,3,2,7,5,1, , ,N,0,0,0,3,0,1,3,2,N,N,39 56:45.360,75 11:54.888,2102, ,2059, ,0, ,N, ,0, , , , , , , , , ,2,1,0,0,0,0,1,0,0,0,0,0,1,1,1,0,0,0,0,0,0,0,0,0,0,0,0,0,0,0,0,0,0,0,0,8,0,39.9459,-75.1986, , 
68169,753210,2013000415,6,67,67301,2012,12,1,2107,21,3,1,0,1,1, , ,N,6,4,2,3,0,0,4,3,N,N,39 56:57.647,75 11:03.883,2116, ,2114,1,2,4,N, ,3,N, , , , , , , , ,3,1,0,0,0,0,0,1,0,0,0,0,0,0,1,0,0,0,0,1,0,0,0,0,0,0,0,0,0,0,0,0,0,0,0,9,0,39.9493,-75.1844, , 
68170,753213,2013006650,6,67,67301,2012,12,5,2350,23,3,2,1,8,1, , ,N,0,0,0,3,0,1,3,2,N, ,40 01:42.572,75 03:28.232,2356, ,2355,9,2,4, , ,0,Y, , , , , , , , ,1,1,0,0,0,0,0,0,0,0,0,0,1,1,0,0,0,0,0,0,0,0,0,0,0,0,0,0,0,0,0,0,1,0,0,8,0,40.0285,-75.0578, , 
68171,753219,2013019984,6,67,67301,2012,4,4,1630,16,1,1,0,1,1, , ,N,1,2,0,3,0,1,4,2,N,N,40 01:50.138,75 04:57.471,0, ,0, ,0, ,N, ,3, , , , , , , , , ,2,1,0,0,0,0,0,0,0,0,1,0,1,0,1,0,0,0,0,0,0,0,0,0,0,0,0,0,0,0,0,0,0,0,0,3,0,40.0306,-75.0826, , 
68172,745339,2012104056,6,67,67301,2012,9,6,932,9,1,1,0,6,1, , ,N,0,0,0,3,0,1,1,3,N,N,40 00:08.510,75 07:19.783,955, ,948, ,0, ,N, ,0, , , , , , , , , ,3,1,0,0,0,1,1,0,0,0,1,0,1,0,0,0,0,0,0,0,0,0,0,0,0,0,0,0,0,0,0,0,0,0,0,3,0,40.0024,-75.1222, , 
68173,745340,2012104269,6,67,67301,2012,9,5,445,4,1,1,0,4,1, , ,N,1,2,0,3,0,1,2,2,N,N,40 02:20.475,75 03:22.611,1700, ,1654, ,0, ,N, ,3, , , , , , , , , ,1,1,0,0,0,0,0,0,1,0,0,1,1,0,0,0,0,0,0,0,0,0,0,0,0,0,0,0,0,0,0,0,0,0,0,4,0,40.039,-75.0563, , 
68174,745341,2012104293,6,67,67301,2012,9,7,1120,11,1,1,0,5,1, , ,N,0,0,0,3,0,2,3,2,N, ,40 01:00.000,75 03:40.232,1123, ,1123, ,0, , , ,0, , , , , , , , , ,3,2,0,0,1,0,0,0,0,0,0,2,2,0,0,0,0,0,0,0,0,0,1,3,0,0,0,0,0,0,0,0,0,0,0,4,0,40.0167,-75.0612, , 
68175,745362,2012127874,6,67,67301,2012,12,6,1437,14,1,1,0,1,1, , ,N,0,0,3,3,0,2,5,4,N,N,39 58:18.738,75 11:36.086,1506, ,1439,1,1,4,N, ,0,N, , , , , , , , ,4,2,0,0,1,0,1,0,0,0,0,2,2,0,0,0,0,0,0,0,1,0,0,0,0,0,0,0,0,0,0,0,0,0,0,4,0,39.9719,-75.1934, , 
68176,745365,2012132487,6,67,67301,2012,12,7,826,8,1,1,0,5,1, , ,N,7,0,2,3,0,0,2,2,N,N,39 55:24.467,75 11:32.292,828, ,828,1,1,3,N, ,0,N, , , , , , , , ,2,1,0,0,0,0,0,0,0,0,0,0,0,0,1,0,0,0,0,0,0,0,0,0,0,0,0,0,0,0,0,0,0,0,0,9,0,39.9234,-75.1922, , 
68177,745366,2013006178,6,67,67301,2012,12,6,2030,20,3,1,0,8,1, , ,N,5,2,0,3,0,1,2,2,N,N,39 58:38.507,75 13:37.478,2345, ,2334, ,0, ,N, ,3, , , , , , , , , ,1,0,0,0,0,0,0,0,0,0,0,0,1,1,1,0,0,0,0,0,0,0,0,0,0,0,0,0,0,0,0,0,1,0,0,8,0,39.9774,-75.2271, , 
68178,745420,2012109825,6,67,67301,2012,9,3,1715,17,1,1,0,1,1, , ,N,0,0,0,3,0,0,2,2,N,N,40 04:47.811,74 57:56.487,1719, ,1718,1,1,3,N, ,0,N, , , , , , , , ,2,1,0,0,0,0,1,0,0,0,0,0,0,0,0,0,0,0,0,0,0,0,0,0,0,0,0,0,0,0,0,0,0,0,0,0,0,40.0799,-74.9657, , 
68179,745421,2012110048,6,67,67301,2012,10,1,626,6,3,1,0,7,4, , ,N,0,0,0,3,0,0,2,1,N,N,39 59:12.077,75 12:28.896,641, ,641,2,2,3,N, ,0,N, , , , , , , , ,1,0,0,0,1,0,0,0,0,0,0,0,0,0,0,0,0,0,0,0,1,0,0,0,0,0,0,0,0,0,0,0,0,0,0,0,0,39.9867,-75.208, , 
68180,745443,2013006368,6,67,67301,2012,12,1,305,3,3,1,0,7,2, , ,N,0,0,0,3,0,0,2,1,N,N,40 00:49.890,75 04:23.060,326, ,315, ,0, ,N, ,0, , , , , , , , , ,1,1,0,0,0,0,0,0,0,0,0,0,0,0,0,0,0,0,0,0,1,0,0,0,0,0,0,0,0,0,0,0,0,0,0,0,0,40.0139,-75.0731, , 
68181,745478,2012120035,6,67,67301,2012,10,7,1415,14,1,1,0,1,1, , ,N,0,2,0,3,0,1,5,2,N, ,40 05:03.880,75 01:29.370,1420, ,1415,1,1,1,N, ,3,N, , , , , , , , ,2,1,0,0,0,0,0,1,0,0,0,1,1,0,1,0,0,0,0,0,0,0,0,1,0,0,0,0,0,0,0,0,0,0,0,4,0,40.0844,-75.0248, , 
68182,745479,2012120039,6,67,67301,2012,10,7,9999,99,3,1,0,1,6, , ,N,0,0,0,3,0,0,1,2,N,N,40 02:21.557,75 11:05.468,9999, ,0, ,0, ,N, ,0, , , , , , , , , ,2,2,0,0,0,0,0,0,0,0,0,0,0,0,0,0,0,0,0,0,0,0,0,0,0,0,0,0,0,0,0,0,0,0,0,0,0,40.0393,-75.1849, , 
68183,745483,2012125507,6,67,67301,2012,11,6,708,7,1,1,1,4,1, , ,N,1,2,0,3,0,0,2,1,N, ,40 02:58.479,75 05:44.227,722, ,709, ,0, , , ,3, , , , , , , , , ,0,0,0,0,0,0,0,0,0,0,0,0,2,2,0,0,0,0,0,0,0,0,0,0,0,0,0,0,0,0,0,0,2,0,0,8,0,40.0496,-75.0956, , 
68184,745492,2012120095,6,67,67301,2012,10,6,635,6,5,1,0,8,1, , ,N,1,3,0,3,0,1,2,2,N,N,39 58:46.408,75 15:12.527,731, ,730, ,0, ,N, ,3, , , , , , , , , ,1,1,0,0,0,0,0,0,0,0,0,1,1,0,0,0,0,0,0,0,0,1,0,0,0,0,0,0,0,0,0,0,1,0,0,4,0,39.9796,-75.2535, , 
68185,745510,2013003970,6,67,67301,2012,12,4,1435,14,1,1,0,8,1, , ,N,1,3,0,3,0,1,2,2,N,N,39 56:16.216,75 10:00.536,1441, ,1440,2,2,1,N, ,3,Y, , , , , , , , ,1,0,0,0,0,0,0,1,0,0,0,1,1,0,0,0,0,0,0,0,0,0,0,0,0,0,0,0,0,0,0,0,1,0,0,4,0,39.9379,-75.1667, , 
68186,745521,2013003938,6,67,67301,2012,11,5,1710,17,2,1,0,8,1, , ,N,0,0,0,3,0,1,2,2,N,N,40 03:02.385,75 00:00.630,1725, ,1720,1,1,4,N, ,0,N, , , , , , , , ,1,0,0,0,1,0,0,0,0,0,1,0,1,0,0,0,0,0,0,0,1,0,0,0,0,0,0,0,0,0,0,0,1,0,0,3,0,40.0507,-75.0002, , 
68187,745528,2012104213,6,67,67301,2012,9,7,2305,23,3,1,0,0,1, , ,N,0,0,0,3,0,1,1,1,N,N,39 59:38.529,75 13:36.541,2327, ,2320, ,0, ,N, ,0, , , , , , , , , ,1,0,1,0,0,0,0,0,0,0,0,0,1,1,0,0,0,0,0,0,0,0,0,0,0,0,0,0,0,0,0,0,0,0,0,8,0,39.994,-75.2268, , 
68188,745568,2012128292,6,67,67301,2012,11,5,1910,19,4,1,0,2,1, , ,N,0,0,0,3,0,3,5,2,N,N,40 00:06.888,75 11:25.061,1920, ,1915, ,0, ,N, ,0, , , , , , , , , ,2,2,0,0,0,0,0,0,0,0,0,3,3,0,0,0,0,0,0,0,0,0,0,0,0,0,0,0,0,0,0,0,0,0,0,4,0,40.0019,-75.1903, , 
68189,745569,2012128820,6,67,67301,2012,12,4,1516,15,1,1,0,1,1, , ,N,0,0,0,3,0,0,4,2,N,N,40 00:31.358,75 12:16.563,1553, ,1528, ,0, ,N, ,0, , , , , , , , , ,2,1,0,0,0,0,1,0,0,0,0,0,0,0,0,0,0,0,0,0,0,0,0,0,0,0,0,0,0,0,0,0,0,0,0,0,0,40.0087,-75.2046, , 
68190,745576,2013003997,6,67,67301,2012,12,5,2200,22,3,1,0,4,1, , ,N,1,3,0,3,0,0,3,2,N,N,40 00:31.532,75 09:58.942,2209, ,2204, ,9, ,N, ,3, , , , , , , , , ,2,1,0,0,0,0,1,0,0,0,0,0,0,0,3,0,0,1,0,0,0,0,0,0,0,0,0,0,0,0,0,0,0,0,0,9,0,40.0088,-75.1664, , 
68191,748056,2013003886,6,67,67301,2012,12,6,2315,23,3,2,1,8,1, , ,N,1,2,0,3,0,1,3,3,N,N,39 56:59.250,75 12:25.488,2317, ,2316, ,0, ,N, ,3, , , , , , , , , ,1,0,0,1,0,0,0,0,0,0,0,1,1,0,0,0,0,0,0,0,1,0,0,0,0,0,0,0,0,0,0,0,2,0,0,4,1,39.9498,-75.2071, , 
68192,748072,2012125189,6,67,67301,2012,12,1,831,8,1,1,1,7,4, , ,N,0,0,0,3,0,1,1,1,N,N,39 58:52.617,75 12:24.891,833, ,832, ,0, ,N, ,0, , , , , , , , , ,1,0,0,0,0,0,1,0,0,0,0,1,1,0,0,0,0,0,0,0,0,0,0,1,0,0,0,0,0,0,0,0,0,0,0,4,0,39.9813,-75.2069, , 
68193,748108,2012095470,6,67,67301,2012,8,3,715,7,1,2,1,4,1, , ,N,2,0,0,3,0,3,3,2,N, ,40 01:47.599,75 12:23.218,728, ,722, ,0, , , ,0, , , , , , , , , ,2,2,0,0,0,0,0,0,0,0,0,0,3,3,0,0,0,0,0,0,0,0,0,0,0,0,0,0,0,0,0,0,0,0,0,8,0,40.0296,-75.2063, , 
68194,748117,2013006664,6,67,67301,2012,12,1,1745,17,2,6,1,7,3, , ,N,0,2,0,3,0,0,1,1,N, ,40 02:05.501,75 04:21.430,1750, ,1750,1,1,2,N, ,3,N, , , , , , , , ,1,1,0,0,0,0,0,0,0,0,0,0,0,0,0,0,0,0,0,0,0,1,0,0,0,0,0,0,0,0,0,0,0,0,0,0,0,40.0349,-75.0726, , 
68195,748136,2013006696,6,67,67301,2012,12,5,1902,19,3,1,0,4,1, , ,N,0,0,7,3,0,1,3,2,N, ,40 02:26.164,75 06:28.112,1915, ,1910, ,0, , , ,0, , , , , , , , , ,2,1,0,0,0,0,1,0,0,0,0,1,1,0,1,0,0,0,1,0,0,0,0,0,0,0,0,0,0,0,0,0,0,0,0,4,0,40.0406,-75.1078, , 
68196,748168,2012117245,6,67,67301,2012,10,2,9999,99,1,1,0,4,1, , ,N,1,2,0,3,0,0,2,2,N,N,39 58:47.528,75 08:34.317,1210, ,1207, ,0, ,N, ,3, , , , , , , , , ,2,1,0,0,0,0,1,0,0,0,0,0,1,1,0,0,0,0,0,0,1,1,0,0,0,0,0,0,0,0,0,0,0,0,0,8,0,39.9799,-75.1429, , 
68197,748192,2012109779,6,67,67301,2012,10,3,1240,12,1,2,1,5,1, , ,N,0,0,0,3,0,1,2,2,N, ,39 58:09.796,75 08:42.795,1255, ,1250, ,0, , , ,0, , , , , , , , , ,2,2,0,0,0,0,0,0,0,0,0,1,1,0,0,0,0,0,0,0,1,0,0,0,0,0,0,0,0,0,0,0,0,0,0,4,0,39.9694,-75.1452, , 
68198,748200,2012122478,6,67,67301,2012,11,7,707,7,3,1,0,8,1, , ,N,3,3,0,3,0,1,2,2,N,N,40 03:08.339,75 00:28.750,715, ,715, ,0, , , ,3, , , , , , , , , ,1,0,0,0,0,0,0,1,0,0,0,0,1,1,0,0,0,0,0,0,1,0,0,0,0,0,0,0,0,0,0,0,1,0,0,8,0,40.0523,-75.008, , 
68199,748201,2012122495,6,67,67301,2012,11,6,1510,15,1,1,0,5,1, , ,N,0,0,1,3,0,3,4,2,N,N,39 55:48.700,75 11:13.500,1512, ,1510, ,0, ,N, ,0, , , , , , , , , ,2,0,0,0,0,0,1,1,0,0,0,0,3,3,0,0,0,0,0,0,0,0,0,0,0,0,0,0,0,0,0,0,0,0,0,8,0,39.9302,-75.1871, , 
68200,748213,2013006872,6,67,67301,2012,12,7,914,9,1,1,0,4,1, , ,N,1,3,0,3,0,1,3,2,N,N,39 58:34.942,75 09:45.129,1021, ,1019, ,0, ,N, ,3, , , , , , , , , ,2,2,0,0,0,0,0,0,0,0,0,0,1,1,2,0,0,0,0,0,0,0,0,0,0,0,0,0,0,0,0,0,0,0,0,8,0,39.9764,-75.1625, , 
68201,748220,2012109693,6,67,67301,2012,10,3,950,9,1,2,1,1,1, , ,N,2,3,0,3,0,1,2,2,N,N,39 59:42.078,75 04:40.635,958, ,955, ,0, ,N, ,3, , , , , , , , , ,2,2,0,0,0,0,0,0,0,0,0,1,1,0,0,0,0,0,0,0,1,0,0,0,0,0,0,0,0,0,0,0,0,0,0,4,0,39.995,-75.078, , 
68202,748223,2012111642,6,67,67301,2012,10,7,2004,20,3,1,0,1,2, , ,N,0,0,0,3,0,0,1,2,N,N,39 58:32.793,75 16:06.582,2045, ,2039, ,0, ,N, ,0, , , , , , , , , ,2,2,0,0,0,0,0,0,0,0,0,0,0,0,1,0,0,0,0,0,0,0,0,0,0,0,0,0,0,0,0,0,0,0,0,9,0,39.9758,-75.2685, , 
68203,748246,2013003746,6,67,67301,2012,11,4,2140,21,3,1,0,4,1, , ,N,1,2,0,3,0,2,4,2,N,N,40 01:53.299,75 10:20.452,2152, ,2146, ,0, ,N, ,3, , , , , , , , , ,2,1,0,0,0,0,1,0,0,0,0,0,0,0,3,0,0,0,0,0,1,0,0,0,0,0,0,0,0,0,0,0,0,0,0,9,0,40.0315,-75.1723, , 
68204,748247,2013004428,6,67,67301,2012,12,5,1735,17,3,1,0,2,1, , ,N,2,3,0,3,0,1,3,3,N,N,39 59:48.062,75 08:21.127,1735, ,1735,1,1,1,N, ,3,Y, , , , , , , , ,3,2,0,0,0,0,0,1,0,0,0,1,1,0,0,0,0,0,0,0,0,0,0,1,0,0,0,0,0,0,0,0,0,0,0,4,0,39.9967,-75.1392, , 
68205,748251,2012111786,6,67,67301,2012,10,6,1242,12,1,1,0,4,1, , ,N,1,2,0,3,0,1,6,2,N,N,39 57:29.526,75 14:07.849,1250, ,1246,9,1,1,N, ,3,N, , , , , , , , ,2,0,1,0,1,0,0,0,0,0,0,0,1,1,0,0,0,0,0,0,1,0,0,4,0,0,0,0,0,0,0,0,0,0,0,8,0,39.9582,-75.2355, , 
68206,748261,2012117351,6,67,67301,2012,10,7,235,2,3,1,0,7,3, , ,N,0,0,0,3,0,0,1,1,N,N,40 01:13.980,75 09:22.213,245, ,238,9,1,1,N, ,0,N, , , , , , , , ,1,1,0,0,0,0,0,0,0,0,0,0,0,0,0,0,0,0,0,0,0,0,0,0,0,0,0,0,0,0,0,0,0,0,0,0,0,40.0206,-75.1562, , 
68207,748270,2012129066,6,67,67301,2012,11,3,1440,14,1,8,1,5,1, , ,N,0,0,0,3,0,1,2,2,N,N,39 57:13.832,75 10:32.548,1453, ,1451, ,0, ,N, ,0, , , , , , , , , ,1,1,0,0,0,0,0,0,1,0,0,0,1,1,0,0,0,0,0,0,0,0,0,0,0,0,0,0,0,0,0,0,0,0,0,8,0,39.9538,-75.1757, , 
68208,748302,2012129232,6,46,46102,2012,12,7,16,0,3,4,1,7,5, , ,N,2,2,0,3,0,0,1,1,N,N,40 02:51.144,75 06:44.351,23, ,20, ,0, ,N, ,3, , , , , , , , , ,1,1,0,0,0,0,0,0,0,0,0,0,0,0,0,0,0,0,0,0,1,0,0,0,0,0,0,0,0,0,0,0,0,0,0,0,0,40.0475,-75.1124, , 
68209,751374,2013003652,6,67,67301,2012,11,1,711,7,1,1,0,1,2, , ,N,0,0,0,3,0,0,3,4,N,N,40 02:35.635,75 01:23.103,713, ,712,9,1,1,N, ,0,N, , , , , , , , ,4,3,0,0,0,0,1,0,0,0,0,0,3,3,0,0,0,0,0,0,0,0,0,0,0,0,0,0,0,0,0,0,0,0,0,8,0,40.0432,-75.0231, , 
68210,751375,2013003684,6,67,67301,2012,12,4,1350,13,1,1,0,1,1, , ,N,5,2,0,3,0,1,4,2,N, ,40 01:28.721,75 06:34.955,1359, ,1352, ,0, , , ,3, , , , , , , , , ,2,1,0,0,0,0,1,0,0,0,0,0,1,1,0,0,0,0,0,0,1,0,0,0,0,0,0,0,0,0,0,0,0,0,0,8,0,40.0246,-75.1097, , 
68211,751381,2012111666,6,67,67301,2012,10,2,9999,99,1,2,1,4,1, , ,N,2,0,0,3,0,1,3,2,N,N,40 02:45.606,75 03:25.542,1435, ,1430, ,0, ,N, ,0, , , , , , , , , ,2,1,0,0,0,0,1,0,0,0,0,1,1,0,0,0,0,0,0,0,1,0,0,0,0,0,0,0,0,0,0,0,0,0,0,4,0,40.046,-75.0571, , 
68212,751409,2013006138,6,67,67301,2012,12,2,715,7,1,1,0,1,1, , ,N,1,2,0,3,0,1,2,2,N,N,39 58:43.997,75 07:06.856,750, ,745, ,0, ,N, ,3, , , , , , , , , ,2,1,0,0,0,0,1,0,0,0,0,1,1,0,0,0,0,0,0,0,0,0,0,0,0,0,0,0,0,0,0,0,0,0,0,4,0,39.9776,-75.1192, , 
68213,751413,2013020036,6,67,67301,2012,11,3,715,7,1,1,0,1,1, , ,N,1,2,0,3,0,2,2,2,N,N,39 56:27.112,75 12:45.004,0, ,0, ,0, ,N, ,3, , , , , , , , , ,2,2,0,0,0,0,0,0,0,0,0,0,2,2,0,0,0,0,0,0,0,0,0,0,0,0,0,0,0,0,0,0,0,0,0,8,0,39.9409,-75.2125, , 
68214,751415,2012095599,6,67,67301,2012,8,4,9999,99,3,1,0,4,1, , ,N,1,2,0,3,0,4,2,2,N,N,40 01:45.341,75 09:49.576,2312, ,2309,2,2,1, , ,3,Y, , , , , , , , ,1,1,0,0,0,0,0,0,0,0,0,2,2,0,0,0,0,0,0,0,0,0,0,1,0,0,0,0,0,0,0,0,0,0,0,4,0,40.0293,-75.1638, , 
68215,751419,2012098995,6,67,67301,2012,9,6,1530,15,1,1,0,4,1, , ,N,1,3,0,3,0,0,6,2,N,N,40 05:35.289,74 57:27.172,1535, ,1531, ,0, ,N, ,3, , , , , , , , , ,2,2,0,0,0,0,0,0,0,0,0,0,0,0,0,0,0,0,0,0,1,0,0,0,0,0,0,0,0,0,0,0,0,0,0,0,0,40.0931,-74.9575, , 
68216,751465,2012132494,6,67,67301,2012,12,7,1238,12,1,2,4,1,1, , ,N,0,0,0,3,0,1,6,2,N,N,39 57:35.911,75 10:42.928,1305, ,1243,1,1,4,N, ,0,N, , , , , , , , ,2,0,0,0,0,0,1,1,0,0,0,1,1,0,0,0,0,0,0,0,0,0,0,0,0,0,0,0,0,0,0,0,0,0,0,4,0,39.96,-75.1786, , 
68217,751466,2013006192,6,67,67301,2012,12,3,1445,14,1,1,0,4,1, , ,N,1,2,0,3,0,3,3,3,N,N,40 01:48.978,75 03:51.736,1503, ,1501,1,1,1,N, ,3,N, , , , , , , , ,3,3,0,0,0,0,0,0,0,0,0,0,3,3,0,0,0,0,0,0,0,0,0,0,0,0,0,0,0,0,0,0,0,0,0,8,0,40.0303,-75.0644, , 
68218,751467,2013006876,6,67,67301,2012,12,2,1809,18,3,8,1,4,1, , ,N,1,3,0,3,0,0,2,2,N,N,39 58:46.450,75 15:12.730,1835, ,1819, ,0, ,N, ,3, , , , , , , , , ,2,1,0,0,0,0,1,0,0,0,0,0,0,0,0,0,0,0,0,0,0,0,0,0,0,0,0,0,0,0,0,0,0,0,0,0,0,39.9796,-75.2535, , 
68219,751480,2012111649,6,67,67301,2012,10,7,1435,14,1,1,0,1,1, , ,N,0,2,0,3,0,1,4,3,N,N,40 03:37.503,74 59:25.365,1500, ,1455, ,0, ,N, ,3, , , , , , , , , ,3,3,0,0,0,0,0,0,0,0,0,0,1,1,0,0,0,0,0,0,0,0,0,0,0,0,0,0,0,0,0,0,0,0,0,8,0,40.0604,-74.9904, , 
68220,751500,2012111737,6,67,67301,2012,10,5,2000,20,3,1,0,4,1, , ,N,1,2,0,3,0,1,2,2,N, ,39 56:15.342,75 09:52.613,2006, ,2005, ,0, , , ,3, , , , , , , , , ,1,1,0,0,0,0,0,0,1,0,0,1,1,0,0,0,0,0,0,0,0,0,0,0,0,0,0,0,0,0,0,0,1,0,0,4,1,39.9376,-75.1646, , 
68221,751501,2012111794,6,67,67301,2012,4,4,950,9,1,1,0,5,1, , ,N,0,0,0,3,0,0,3,3,N,N,40 01:23.830,75 08:21.880,1128, ,1118,9,2,5,N, ,0,Y, , , , , , , , ,3,2,0,0,0,1,0,0,0,0,0,0,0,0,0,0,0,0,0,0,0,0,0,0,0,0,0,0,0,0,0,0,0,0,0,0,1,40.0233,-75.1394, , 
68222,751507,2012125180,6,67,67301,2012,12,7,200,2,3,1,0,7,2, , ,N,6,0,2,3,0,0,1,1,N,N,39 59:50.584,75 04:55.205,736, ,716, ,0, ,N, ,0, , , , , , , , , ,1,1,0,0,0,0,0,0,0,0,0,0,0,0,0,0,0,0,0,0,0,0,0,0,0,0,0,0,0,0,0,0,0,0,0,0,0,39.9974,-75.082, , 
68223,751508,2012125191,6,67,67301,2012,12,2,326,3,3,1,1,7,2, , ,N,0,0,0,3,0,0,1,1,N,N,39 57:35.951,75 10:46.737,330, ,327, ,0, ,N, ,0, , , , , , , , , ,1,1,0,0,0,0,0,0,0,0,0,0,0,0,0,0,0,0,1,0,0,0,0,0,0,0,0,0,0,0,0,0,0,0,0,0,0,39.96,-75.1796, , 
68224,751520,2013002423,6,67,67301,2012,11,5,116,1,3,2,1,7,3, , ,N,0,0,0,3,0,0,1,1,N,N,39 58:59.020,75 12:28.619,133, ,117,1,1,4,N, ,0,N, , , , , , , , ,1,1,0,0,0,0,0,0,0,0,0,0,0,0,0,0,0,0,0,0,0,0,0,0,0,0,0,0,0,0,0,0,0,0,0,0,0,39.9831,-75.2079, , 
68225,751533,2012104225,6,67,67301,2012,9,1,1,0,3,2,1,5,1, , ,N,1,2,0,3,0,1,4,2,N,N,39 54:33.696,75 09:40.053,15, ,10, ,0, ,N, ,3, , , , , , , , , ,2,2,0,0,0,0,0,0,0,0,0,0,0,0,0,0,0,0,0,0,1,0,0,0,0,0,0,0,0,0,0,0,0,0,0,0,0,39.9094,-75.1611, , 
68226,751546,2012111746,6,67,67301,2012,10,6,1319,13,1,1,0,4,1, , ,N,2,0,0,3,0,1,2,2,N,N,40 02:50.036,75 00:16.677,1322, ,1319, ,0, ,N, ,0, , , , , , , , , ,2,1,0,0,0,0,1,0,0,0,0,1,1,0,0,0,0,0,0,0,0,0,0,0,0,0,0,0,0,0,0,0,0,0,0,4,0,40.0487,-75.0025, , 
68227,751549,2012115227,6,67,67301,2012,7,4,1500,15,1,1,0,1,1, , ,N,1,0,0,3,0,1,2,2, , ,39 56:14.254,75 11:31.405,0, ,0, ,0, , , ,0, , , , , , , , , ,1,1,0,0,0,0,0,0,1,0,1,0,1,0,1,0,0,0,0,0,0,0,0,0,0,0,0,0,0,0,0,0,0,0,0,3,0,39.9373,-75.1921, , 