objectid_1,objectid,crn,district,county,municipality,crash_year,crash_month,day_of_week,time_of_day,hour_of_day,illumination,weather,road_condition,collision_type,relation_to_road,work_zone_type,work_zone_loc,work_zone_ind,intersect_type,tcd_type,location_type,urban_rural,fatal_count,injury_count,person_count,total_units,sch_bus_ind,sch_zone_ind,latitude,longitude,arrival_tm,cons_zone_spd_lim,dispatch_tm,est_hrs_closed,lane_closed,ln_close_dir,ntfy_hiwy_maint,spec_juris_cd,tcd_func_cd,tfc_detour_ind,workers_pres,wz_close_detour,wz_flagger,wz_law_offcr_ind,wz_ln_closure,wz_moving,wz_other,wz_shlder_mdn,vehicle_count,automobile_count,motorcycle_count,bus_count,small_truck_count,heavy_truck_count,suv_count,van_count,bicycle_count,maj_inj_count,mod_inj_count,min_inj_count,tot_inj_count,unk_inj_deg_count,unk_inj_per_count,driver_count_16yr,driver_count_17yr,driver_count_18yr,driver_count_19yr,driver_count_20yr,driver_count_50_64yr,driver_count_65_74yr,driver_count_75plus,unbelted_occ_count,unb_death_count,unb_maj_inj_count,belted_death_count,belted_maj_inj_count,mcycle_death_count,mcycle_maj_inj_count,bicycle_death_count,bicycle_maj_inj_count,ped_count,ped_death_count,ped_maj_inj_count,max_severity_level,comm_veh_count,dec_lat,dec_long,rdwy_surf_type_cd,county_name
68363,751772,2013004020,6,67,67301,2012,11,7,1120,11,1,1,0,5,1, , ,N,1,2,0,3,0,0,3,2,N, ,39 58:18.181,75 07:33.198,1135, ,1125, ,0, , , ,3, , , , , , , , , ,2,2,0,0,0,0,0,0,0,0,0,0,0,0,0,0,0,0,0,0,0,1,0,0,0,0,0,0,0,0,0,0,0,0,0,0,0,39.9717,-75.1259, , 
68364,751787,2013003704,6,67,67301,2012,11,2,1209,12,1,1,0,8,1, , ,N,1,2,0,3,0,1,2,2,N,N,40 06:46.747,75 01:23.201,1215, ,1212,2,1,3, , ,3,Y, , , , , , , , ,1,1,0,0,0,0,0,0,0,0,1,0,1,0,0,0,0,1,0,0,0,0,0,0,0,0,0,0,0,0,0,0,1,0,0,3,0,40.113,-75.023, , 
68365,751788,2013006146,6,67,67301,2012,12,2,1755,17,3,1,0,4,1, , ,N,1,3,0,3,0,0,5,2,N,N,40 03:31.504,75 03:02.099,1803, ,1801, ,0, ,N, ,3, , , , , , , , , ,2,2,0,0,0,0,0,0,0,0,0,0,0,0,0,0,0,0,0,0,0,1,0,0,0,0,0,0,0,0,0,0,0,0,0,0,0,40.0588,-75.0506, , 
68366,751789,2013006720,6,67,67301,2012,12,7,2010,20,3,1,0,2,4, , ,N,2,2,0,3,0,2,2,2,N,N,39 58:16.522,75 12:42.363,2017, ,2015, ,0, ,N, ,3, , , , , , , , , ,2,2,0,0,0,0,0,0,0,0,2,0,2,0,0,0,0,0,0,0,0,1,0,2,0,0,0,0,0,0,0,0,0,0,0,3,0,39.9713,-75.2118, , 
68367,751790,2013006897,6,67,67301,2012,12,6,1646,16,1,1,0,4,1, , ,N,1,3,0,3,0,1,2,2,N,N,40 02:36.643,75 05:54.077,1650, ,1646, ,0, ,N, ,3, , , , , , , , , ,2,2,0,0,0,0,0,0,0,0,0,1,1,0,0,0,0,0,0,0,1,0,0,0,0,0,0,0,0,0,0,0,0,0,0,4,0,40.0435,-75.0984, , 
68368,751795,2012117308,6,67,67301,2012,10,1,1643,16,1,1,0,5,4, , ,N,2,0,0,3,0,1,1,2,N,N,39 56:21.282,75 11:47.273,1643, ,1643, ,0, , , ,0, , , , , , , , , ,2,1,0,0,0,0,0,0,0,0,0,1,1,0,0,0,0,0,0,0,0,0,0,0,0,0,0,0,0,0,0,0,0,0,0,4,0,39.9392,-75.1965, , 
68369,751808,2012122377,6,67,67301,2012,11,4,1445,14,1,3,1,4,1, , ,N,2,3,0,3,0,2,4,2,N,N,39 59:40.599,75 09:51.451,1830, ,1825, ,0, ,N, ,3, , , , , , , , , ,2,2,0,0,0,0,0,0,0,0,0,2,2,0,1,0,0,0,0,0,0,0,0,0,0,0,0,0,0,0,0,0,0,0,0,4,0,39.9946,-75.1643, , 
68370,751810,2012125521,6,67,67301,2012,11,7,800,8,1,1,0,7,5, , ,N,1,3,0,3,0,1,1,1,N,N,40 03:11.667,75 03:40.564,813, ,810, ,0, , , ,3, , , , , , , , , ,1,0,0,0,0,0,0,1,0,0,0,0,1,1,0,0,0,0,0,0,0,0,0,0,0,0,0,0,0,0,0,0,0,0,0,8,0,40.0532,-75.0613, , 
68371,751812,2012126471,6,67,67301,2012,12,1,1727,17,3,2,1,7,2, , ,N,0,0,0,3,0,1,1,1,N,N,40 02:21.499,75 00:28.388,1750, ,1737, ,0, ,N, ,0, , , , , , , , , ,1,1,0,0,0,0,0,0,0,0,0,0,1,1,0,0,0,0,0,0,1,0,0,0,0,0,0,0,0,0,0,0,0,0,0,8,0,40.0393,-75.0079, , 
68372,751818,2013007275,6,67,67301,2012,12,7,2330,23,3,1,0,4,1, , ,N,1,2,0,3,0,2,3,2,N,N,39 58:26.116,75 12:23.386,2350, ,2342, ,0, ,N, ,3, , , , , , , , , ,2,2,0,0,0,0,0,0,0,0,0,0,2,2,0,0,0,0,0,0,0,0,0,0,0,0,0,0,0,0,0,0,0,0,0,8,0,39.9738,-75.2064, , 
68373,753222,2012063964,6,67,67301,2012,5,1,215,2,3,1,0,7,2, , ,N,0,0,0,3,0,1,1,1,N,N,40 04:27.710,74 58:47.631,243, ,238, ,0, ,N, ,0, , , , , , , , , ,1,1,0,0,0,0,0,0,0,0,0,0,1,1,0,0,0,0,0,0,0,0,0,0,0,0,0,0,0,0,0,0,0,0,0,8,0,40.0744,-74.9799, , 
68374,753224,2012066449,6,67,67301,2012,5,7,9999,99,3,1,0,7,2, , ,N,10,0,0,3,0,0,1,1,N,N,39 53:58.794,75 14:05.985,35, ,13, ,0, ,N, ,0, , , , , , , , , ,1,1,0,0,0,0,0,0,0,0,0,0,0,0,1,0,0,0,0,0,0,0,0,0,0,0,0,0,0,0,0,0,0,0,0,9,0,39.8997,-75.235, , 
68375,753225,2012066468,6,67,67301,2012,5,1,1250,12,1,1,0,1,1, , ,N,0,0,1,3,0,1,5,2,N,N,39 58:38.155,75 13:36.285,1310, ,1256, ,0, ,N, ,0, , , , , , , , , ,2,2,0,0,0,0,0,0,0,0,0,1,1,0,0,0,0,0,0,0,1,0,0,2,0,0,0,0,0,0,0,0,0,0,0,4,0,39.9773,-75.2267, , 
68376,753226,2012066477,6,67,67301,2012,5,6,1834,18,1,1,0,4,1, , ,N,2,0,7,3,0,5,5,2,N, ,39 56:43.273,75 14:23.005,2007, ,9999, ,0, , , ,0, , , , , , , , , ,2,1,0,0,0,0,1,0,0,0,0,2,5,3,0,0,0,0,0,0,0,0,0,1,0,0,0,0,0,0,0,0,0,0,0,4,0,39.9454,-75.2396, , 
68377,753229,2012068729,6,67,67301,2012,6,6,1800,18,1,1,0,1,1, , ,N,0,0,0,3,0,0,3,3,N,N,40 01:32.030,75 13:25.810,1816, ,1814, ,0, ,N, ,0, , , , , , , , , ,3,1,0,0,0,0,2,0,0,0,0,0,0,0,0,0,0,0,0,0,0,0,0,0,0,0,0,0,0,0,0,0,0,0,0,0,0,40.0256,-75.2238, , 
68378,753234,2012078426,6,67,67301,2012,7,1,9999,99,3,1,0,8,5, , ,N,2,0,0,3,0,1,2,2,N, ,40 01:40.651,75 06:23.587,9999, ,9999, ,0, , , ,0, , , , , , , , , ,1,0,0,0,0,0,0,0,0,0,0,1,1,0,0,0,0,0,0,0,0,0,0,0,0,0,0,0,0,0,0,0,1,0,0,4,0,40.0279,-75.1065, , 
68379,753239,2012083003,6,67,67301,2012,5,5,330,3,6,1,0,4,1, , ,N,1,0,0,3,0,2,2,2, , ,39 58:21.476,75 13:03.992,0, ,0, ,0, , , ,0, , , , , , , , , ,2,1,0,0,0,0,0,0,0,0,0,0,2,2,0,0,0,0,0,0,0,0,0,0,0,0,0,0,0,0,0,0,0,0,0,8,0,39.9726,-75.2178, , 
68380,753265,2012109694,6,67,67301,2012,9,5,1547,15,1,1,0,5,1, , ,N,0,0,0,3,0,2,2,2,N,N,39 57:16.788,75 11:06.551,1555, ,1549,1,2,5,N, ,0,Y, , , , , , , , ,2,2,0,0,0,0,0,0,0,0,0,0,2,2,0,0,0,0,0,0,0,0,0,0,0,0,0,0,0,0,0,0,0,0,0,8,0,39.9547,-75.1852, , 
68381,753270,2012111648,6,67,67301,2012,10,1,1930,19,3,1,0,1,1, , ,N,1,2,0,3,0,0,3,3,N, ,40 03:23.098,75 00:46.082,1955, ,1948, ,0, , , ,3, , , , , , , , , ,3,3,0,0,0,0,0,0,0,0,0,0,0,0,0,0,0,0,0,0,0,0,0,0,0,0,0,0,0,0,0,0,0,0,0,0,0,40.0564,-75.0128, , 
68382,753311,2012122489,6,67,67301,2012,11,4,1803,18,3,1,0,4,1, , ,N,1,3,0,3,0,1,2,2,N,N,40 01:15.855,75 09:27.038,2015, ,2000, ,0, , , ,3, , , , , , , , , ,1,0,0,0,0,0,1,0,0,0,0,0,1,1,0,0,0,0,0,0,0,0,0,1,0,0,0,0,0,0,0,0,0,0,0,8,0,40.0211,-75.1575, , 
68383,753314,2012128308,6,67,67301,2012,11,6,1331,13,1,1,0,2,1, , ,N,0,0,0,3,0,1,6,4,N,N,40 04:56.033,75 01:38.664,1339, ,1334,1,2,1,N, ,0,N, , , , , , , , ,4,3,0,0,1,0,0,0,0,0,0,0,1,1,0,0,0,1,0,0,1,1,0,0,0,0,0,0,0,0,0,0,0,0,0,8,0,40.0822,-75.0274, , 
68384,753323,2013020003,6,67,67301,2012,10,5,2000,20,6,9,0,1,1, , ,N,2,2,0,3,0,2,2,2,N,N,39 57:17.827,75 11:01.846,0, ,0, ,0, ,N, ,3, , , , , , , , , ,2,1,0,0,0,0,1,0,0,0,0,0,2,2,0,0,0,0,0,0,0,0,0,0,0,0,0,0,0,0,0,0,0,0,0,8,0,39.9549,-75.1838, , 
68385,753331,2012115835,6,67,67301,2012,11,7,2302,23,3,1,0,7,1, , ,N,2,0,2,3,0,1,2,1,N,N,39 54:38.089,75 10:22.870,2305, ,2302, ,0, ,N, ,0, , , , , , , , , ,1,1,0,0,0,0,0,0,0,0,0,1,1,0,0,0,0,0,0,0,0,0,0,0,0,0,0,0,0,0,0,0,0,0,0,4,0,39.9106,-75.1727, , 
68386,753345,2012123326,6,67,67301,2012,11,5,1600,16,1,1,0,1,1, , ,N,5,0,0,3,0,2,6,3,N, ,39 59:13.382,75 07:20.404,1625, ,1600, ,0, , , ,0, , , , , , , , , ,3,2,0,0,1,0,0,0,0,0,0,0,2,2,0,0,0,0,0,0,0,0,0,0,0,0,0,0,0,0,0,0,0,0,0,8,0,39.9871,-75.1223, , 
68387,753359,2013003967,6,67,67301,2012,12,1,1854,18,3,1,0,8,1, , ,N,1,3,0,3,0,1,2,2,N,N,39 56:12.858,75 09:00.809,1900, ,1854, ,9, ,N, ,3, , , , , , , , , ,1,0,0,0,0,0,1,0,0,0,1,0,1,0,0,0,0,0,0,0,0,1,0,0,0,0,0,0,0,0,0,0,1,0,0,3,0,39.9369,-75.1502, , 
68388,753360,2013004018,6,67,67301,2012,11,4,1402,14,1,1,0,4,2, , ,N,0,0,0,3,0,1,1,2,N,N,39 56:00.415,75 12:56.105,1655, ,1649, ,0, ,N, ,0, , , , , , , , , ,2,1,0,0,0,0,1,0,0,0,0,1,1,0,0,0,0,0,0,0,0,0,0,0,0,0,0,0,0,0,0,0,0,0,0,4,0,39.9334,-75.2156, , 
68389,753367,2013020018,6,67,67301,2012,8,1,1700,17,1,1,0,4,1, , ,N,3,3,0,3,0,1,2,2,N,N,39 56:52.007,75 13:44.669,0, ,0, ,0, ,N, ,3, , , , , , , , , ,2,2,0,0,0,0,0,0,0,0,0,0,1,1,1,0,0,0,0,0,1,0,0,0,0,0,0,0,0,0,0,0,0,0,0,8,0,39.9478,-75.2291, , 
68390,753386,2013006686,6,67,67301,2012,12,4,2321,23,3,6,1,4,1, , ,N,1,0,0,3,0,0,2,2,N,N,40 06:50.525,74 59:15.412,2330, ,2321, ,0, ,N, ,0, , , , , , , , , ,2,2,0,0,0,0,0,0,0,0,0,0,0,0,1,0,0,0,0,0,0,1,0,0,0,0,0,0,0,0,0,0,0,0,0,9,0,40.1142,-74.9876, , 
68391,753387,2013015613,6,67,67301,2012,7,7,1213,12,1,2,1,1,1, , ,N,0,0,0,3,0,2,3,2,N,N,39 57:35.160,75 10:37.049,1225, ,1216,2,2,4,N, ,0,N, , , , , , , , ,2,1,0,0,1,0,0,0,0,0,0,2,2,0,0,0,0,0,0,0,1,0,0,0,0,0,0,0,0,0,0,0,0,0,0,4,0,39.9598,-75.177, , 
68392,745869,2013003728,6,67,67301,2012,11,5,1630,16,1,2,0,8,1, , ,N,1,2,0,3,0,1,2,2,N,N,39 57:06.275,75 09:29.915,1633, ,1630,3,1,1,N, ,3,Y, , , , , , , , ,1,0,0,1,0,0,0,0,0,0,0,1,1,0,0,0,0,0,0,0,1,0,0,0,0,0,0,0,0,0,0,0,1,0,0,4,0,39.9517,-75.1582, , 
68393,745872,2012098265,6,67,67301,2012,9,3,1240,12,1,1,0,4,1, , ,N,1,2,0,3,0,2,2,2,N,N,39 55:22.764,75 11:18.725,1246, ,1243,3,1,5,N, ,3,N, , , , , , , , ,2,2,0,0,0,0,0,0,0,0,0,0,2,2,0,0,0,0,0,0,1,0,0,0,0,0,0,0,0,0,0,0,0,0,0,8,0,39.923,-75.1885, , 
68394,745873,2012098506,6,67,67301,2012,9,7,1430,14,1,1,0,8,1, , ,N,0,0,0,3,0,1,2,2,N,N,39 58:45.422,75 10:14.394,1557, ,1550, ,0, ,N, ,0, , , , , , , , , ,1,1,0,0,0,0,0,0,0,0,0,0,1,1,1,0,0,0,0,0,0,0,0,0,0,0,0,0,0,0,0,0,1,0,0,8,0,39.9793,-75.1707, , 
68395,745875,2012099909,6,67,67301,2012,9,6,1923,19,3,1,0,1,1, , ,N,6,4,2,3,0,2,3,2,N,N,39 56:33.062,75 11:36.947,1936, ,1927,1,1,4,N, ,3,N, , , , , , , , ,2,1,0,0,0,0,1,0,0,0,0,0,2,2,0,0,0,0,0,0,0,0,0,2,0,0,0,0,0,0,0,0,0,0,0,8,0,39.9411,-75.195, , 
68396,745884,2012109726,6,67,67301,2012,10,5,1605,16,1,1,0,1,1, , ,N,0,0,0,3,0,2,3,2,N,N,39 59:14.945,75 10:40.900,1606, ,1605, ,0, ,N, ,0, , , , , , , , , ,2,2,0,0,0,0,0,0,0,0,0,2,2,0,0,0,0,0,0,0,2,0,0,0,0,0,0,0,0,0,0,0,0,0,0,4,0,39.9875,-75.178, , 
68397,745885,2012109905,6,67,67301,2012,9,2,1958,19,3,1,0,4,1, , ,N,5,2,0,3,0,2,3,2,N,N,39 58:37.959,75 13:36.308,2010, ,2000,2,1,3,N, ,3,N, , , , , , , , ,2,1,0,0,0,0,1,0,0,0,0,0,2,2,1,0,0,0,0,0,1,0,0,0,0,0,0,0,0,0,0,0,0,0,0,8,0,39.9772,-75.2268, , 
68398,745890,2012114853,6,67,67301,2012,10,2,1625,16,1,1,0,4,1, , ,N,1,3,0,3,0,5,6,2,N,N,39 57:34.009,75 14:21.443,1650, ,1644, ,0, ,N, ,3, , , , , , , , , ,2,2,0,0,0,0,0,0,0,0,0,1,5,4,0,0,0,0,0,0,0,0,1,0,0,0,0,0,0,0,0,0,0,0,0,4,0,39.9594,-75.2393, , 
68399,745891,2012117225,6,67,67301,2012,10,4,750,7,1,1,0,5,1, , ,N,2,2,0,3,0,1,2,2,N,N,39 57:19.815,75 11:17.772,758, ,753, ,0, ,N, ,3, , , , , , , , , ,1,1,0,0,0,0,0,0,1,0,0,0,1,1,0,0,0,0,0,0,0,0,0,0,0,0,0,0,0,0,0,0,1,0,0,8,0,39.9554,-75.1882, , 
68400,745892,2012117246,6,67,67301,2012,10,6,940,9,1,2,1,4,1, , ,N,10,2,0,3,0,1,3,2,N,N,39 57:52.244,75 10:40.261,959, ,954, ,0, ,N, ,3, , , , , , , , , ,2,1,1,0,0,0,0,0,0,0,0,0,1,1,0,0,0,0,0,0,0,0,0,0,0,0,0,0,0,0,0,0,0,0,0,8,0,39.9645,-75.1779, , 
68401,745896,2012120122,6,67,67301,2012,10,1,754,7,3,1,0,4,1, , ,N,2,2,2,3,0,0,2,2,N,N,39 57:28.354,75 09:50.944,815, ,806, ,0, , , ,3, , , , , , , , , ,2,2,0,0,0,0,0,0,0,0,0,0,0,0,0,0,0,0,0,0,0,0,0,2,0,0,0,0,0,0,0,0,0,0,0,0,0,39.9579,-75.1641, , 
68402,745897,2012120529,6,67,67301,2012,11,5,3,0,3,1,0,1,2, , ,N,0,0,0,3,0,1,1,4,N,N,40 01:16.053,75 04:31.555,10, ,5,3,2,1,N, ,0,Y, , , , , , , , ,4,2,0,0,0,0,2,0,0,0,0,1,1,0,0,0,0,0,1,0,0,0,0,0,0,0,0,0,0,0,0,0,0,0,0,4,0,40.0211,-75.0754, , 
68403,745900,2013004411,6,67,67301,2012,12,6,1710,17,4,2,1,1,1, , ,N,0,0,0,3,0,0,5,3,N,N,40 05:14.015,75 02:28.339,1715, ,1711,1,2,3,N, ,0,N, , , , , , , , ,3,3,0,0,0,0,0,0,0,0,0,0,0,0,0,0,0,0,0,0,0,0,0,0,0,0,0,0,0,0,0,0,0,0,0,0,0,40.0872,-75.0412, , 
68404,745901,2013013186,6,67,67301,2012,12,6,1612,16,1,1,0,8,1, , ,N,1,2,0,3,0,1,2,2,N, ,39 59:18.717,75 06:22.932,1618, ,1616,9,1,3, , ,3,N, , , , , , , , ,1,1,0,0,0,0,0,0,0,0,0,1,1,0,0,0,0,0,0,0,1,0,0,0,0,0,0,0,0,0,0,0,1,0,0,4,0,39.9885,-75.1064, , 
68405,745919,2012128309,6,67,67301,2012,11,1,645,6,1,1,0,7,4, , ,N,1,2,0,3,0,1,1,1,N,N,39 55:02.334,75 10:28.574,700, ,655,2,2,1,N, ,9,Y, , , , , , , , ,1,1,0,0,0,0,0,0,0,0,0,1,1,0,0,0,0,0,0,0,0,0,1,0,0,0,0,0,0,0,0,0,0,0,0,4,0,39.9173,-75.1746, , 
68406,745928,2013009265,6,67,67301,2012,9,7,1900,19,1,1,0,4,7, , ,N,6,4,2,3,1,0,3,2,N,N,39 56:39.310,75 11:50.433,1905, ,1905,3,1,1,N,4,3,Y, , , , , , , , ,1,1,0,0,0,0,0,0,1,0,0,0,0,0,0,0,0,0,0,1,0,0,0,0,0,0,0,0,0,0,1,0,0,0,0,1,0,39.9442,-75.1971,2, 
68407,745933,2012122494,6,67,67301,2012,11,5,1030,10,1,1,0,5,6, , ,N,0,0,0,3,0,0,1,4,N,N,39 59:38.695,75 10:04.508,1037, ,1036, ,0, , , ,0, , , , , , , , , ,4,2,0,0,0,0,2,0,0,0,0,0,0,0,0,0,0,0,0,0,0,0,0,0,0,0,0,0,0,0,0,0,0,0,0,0,0,39.9941,-75.1679, , 
68408,745937,2012128254,6,67,67301,2012,10,4,1800,18,8,1,0,4,1, , ,N,2,2,0,3,0,1,2,2,N,N,39 58:14.246,75 09:46.727,9999, ,1012, ,0, , , ,3, , , , , , , , , ,1,1,0,0,0,0,0,0,1,0,1,0,1,0,0,0,0,0,0,0,0,0,0,0,0,0,0,0,0,0,0,0,0,0,0,3,0,39.9706,-75.163, , 
68409,745963,2012114500,6,67,67301,2012,9,2,2257,22,3,1,0,1,1, , ,N,0,0,0,3,0,1,5,3,N,N,39 57:29.109,75 10:49.290,2310, ,2306,2,2,3,N, ,0,Y, , , , , , , , ,3,0,0,0,1,1,1,0,0,0,0,1,1,0,0,0,0,0,0,0,1,0,0,1,0,0,0,0,0,0,0,0,0,0,0,4,1,39.9581,-75.1804, , 
68410,748722,2012120092,6,67,67301,2012,10,5,1655,16,1,1,0,4,1, , ,N,2,2,0,3,0,0,2,2,N, ,39 57:31.392,75 09:44.125,1705, ,1700, ,0, , , ,3, , , , , , , , , ,2,2,0,0,0,0,0,0,0,0,0,0,0,0,0,0,0,0,0,0,2,0,0,0,0,0,0,0,0,0,0,0,0,0,0,0,0,39.9587,-75.1621, , 
68411,748730,2012128144,6,67,67301,2012,11,1,1040,10,1,1,0,7,1, , ,N,2,3,0,3,0,1,2,1,N,N,39 59:20.806,75 10:55.145,1050, ,1048, ,0, ,N, ,3, , , , , , , , , ,1,0,0,1,0,0,0,0,0,0,0,1,1,0,0,0,0,0,0,0,0,0,0,0,0,0,0,0,0,0,0,0,0,0,0,4,1,39.9891,-75.182, , 
68412,748747,2013011994,6,67,67301,2012,12,4,1925,19,3,2,1,2,1, , ,N,0,0,0,3,0,1,2,2,N,N,40 04:50.280,75 13:23.890,1935, ,1928,9,2,3,N, ,0,N, , , , , , , , ,2,2,0,0,0,0,0,0,0,0,0,0,1,1,0,0,0,0,0,0,0,0,0,0,0,0,0,0,0,0,0,0,0,0,0,8,0,40.0806,-75.2233, , 
68413,748753,2012117290,6,67,67301,2012,10,7,9999,99,1,1,0,5,1, , ,N,0,0,0,3,0,0,1,2,N,N,39 53:40.819,75 10:34.363,1139, ,130, ,0, ,N, ,0, , , , , , , , , ,3,1,0,0,0,0,0,2,0,0,0,0,1,1,0,0,0,0,0,0,0,0,0,0,0,0,0,0,0,0,0,0,0,0,0,8,0,39.8947,-75.1762, , 
68414,748754,2012120057,6,67,67301,2012,10,1,1815,18,3,2,1,1,1, , ,N,2,2,0,3,0,1,2,2,N,N,40 01:58.068,75 12:51.988,1820, ,1815, ,0, ,N, ,3, , , , , , , , , ,1,1,0,0,0,0,0,0,1,0,0,0,1,1,0,0,0,0,0,0,0,0,0,0,0,0,0,0,0,0,0,0,0,0,0,8,0,40.0328,-75.2144, , 
68415,748755,2012120084,6,67,67301,2012,11,5,115,1,3,1,0,4,1, , ,N,3,2,0,3,0,2,3,2,N,N,40 01:00.325,75 05:01.091,130, ,125, ,0, ,N, ,3, , , , , , , , , ,2,1,0,0,0,0,0,1,0,2,0,0,2,0,0,0,0,0,0,0,0,0,0,3,0,2,0,0,0,0,0,0,0,0,0,2,0,40.0168,-75.0836, , 
68416,748766,2012128411,6,67,67301,2012,12,2,706,7,3,8,1,1,1, , ,N,0,0,0,3,0,1,3,3,N,N,40 00:38.019,75 03:46.406,723, ,711, ,0, ,N, ,0, , , , , , , , , ,3,1,0,0,0,0,2,0,0,0,0,1,1,0,0,0,0,0,0,1,0,0,0,0,0,0,0,0,0,0,0,0,0,0,0,4,0,40.0106,-75.0629, , 
68417,748772,2013003999,6,67,67301,2012,12,3,1554,15,1,1,0,2,1, , ,N,2,2,0,3,0,2,3,2,N, ,40 01:10.898,75 11:03.583,1600, ,1555, ,0, ,N, ,3, , , , , , , , , ,2,1,0,0,0,0,1,0,0,0,0,0,2,2,0,0,0,0,0,0,0,0,0,0,0,0,0,0,0,0,0,0,0,0,0,8,0,40.0197,-75.1843, , 
68418,748773,2013007284,6,67,67301,2012,11,2,1510,15,1,1,0,8,1, , ,N,0,8,0,3,0,1,2,2,N,Y,40 06:22.819,75 01:37.958,1521, ,1516,3,2,2,N, ,2,Y, , , , , , , , ,1,1,0,0,0,0,0,0,0,0,0,1,1,0,0,0,0,0,0,0,0,0,0,0,0,0,0,0,0,0,0,0,1,0,0,4,0,40.1063,-75.0272, , 
68419,748799,2012125550,6,67,67301,2012,11,7,1430,14,1,1,0,8,1, , ,N,2,3,0,3,0,1,2,2,N,N,39 55:32.941,75 10:15.985,2105, ,2103, ,0, ,N, ,3, , , , , , , , , ,1,0,0,0,0,0,0,1,0,0,0,1,1,0,0,0,0,0,0,0,0,0,0,0,0,0,0,0,0,0,0,0,1,0,0,4,0,39.9258,-75.1711, , 
68420,748803,2012129071,6,67,67301,2012,11,4,1223,12,1,1,0,1,1, , ,N,0,2,0,3,0,1,2,2,N, ,40 02:54.621,75 03:41.153,1228, ,1223, ,0, , , ,3, , , , , , , , , ,2,1,0,0,1,0,0,0,0,0,0,1,1,0,0,0,0,0,0,0,0,0,0,0,0,0,0,0,0,0,0,0,0,0,0,4,0,40.0485,-75.0614, , 
68421,748810,2013006693,6,67,67301,2012,12,2,755,7,1,1,0,7,5, , ,N,2,3,0,3,0,0,1,1,N,N,40 02:37.183,75 11:42.007,802, ,757, ,0, ,N, ,3, , , , , , , , , ,1,1,0,0,0,0,0,0,0,0,0,0,0,0,0,0,0,0,0,0,1,0,0,0,0,0,0,0,0,0,0,0,0,0,0,0,0,40.0437,-75.195, , 
68422,748818,2012117337,6,67,67301,2012,10,1,1503,15,1,1,0,2,1, , ,N,0,0,0,3,0,2,3,2,N, ,40 05:23.902,75 04:11.380,1504, ,1504,9,2,7, , ,0,Y, , , , , , , , ,2,2,0,0,0,0,0,0,0,0,1,1,2,0,0,0,0,0,0,0,0,1,1,0,0,0,0,0,0,0,0,0,0,0,0,3,0,40.09,-75.0698, , 
68423,748829,2012125175,6,67,67301,2012,11,2,756,7,1,1,0,1,1, , ,N,0,0,0,3,0,0,2,2,N,N,39 59:27.404,75 05:11.888,809, ,759,1,1,2,N, ,0,N, , , , , , , , ,2,2,0,0,0,0,0,0,0,0,0,0,0,0,0,0,0,0,0,0,0,0,0,0,0,0,0,0,0,0,0,0,0,0,0,0,0,39.991,-75.0866, , 
68424,748830,2012125519,6,67,67301,2012,11,2,1130,11,1,1,0,4,1, , ,N,0,0,0,3,0,2,2,2,N, ,40 00:09.798,75 09:41.919,1135, ,1135, ,0, , , ,0, , , , , , , , , ,2,2,0,0,0,0,0,0,0,0,0,0,1,1,1,0,0,0,0,0,0,0,1,0,0,0,0,0,0,0,0,0,0,0,0,8,0,40.0027,-75.1616, , 
68425,748831,2012126370,6,67,67301,2012,11,2,1524,15,1,1,0,4,1, , ,N,1,3,0,3,0,3,5,2,N,N,40 03:05.814,75 04:55.685,1532, ,1524,1,2,1, , ,3,N, , , , , , , , ,2,1,0,0,1,0,0,0,0,0,0,1,3,2,0,0,0,0,0,0,0,0,0,0,0,0,0,0,0,0,0,0,0,0,0,4,0,40.0516,-75.0821, , 
68426,748833,2012128257,6,67,67301,2012,11,1,1155,11,1,1,0,2,1, , ,N,1,2,0,3,0,1,4,4,N,N,40 02:02.615,75 10:58.439,1157, ,1156, ,0, ,N, ,3, , , , , , , , , ,5,5,0,0,0,0,0,0,0,0,0,0,1,1,0,0,0,0,0,0,0,0,0,0,0,0,0,0,0,0,0,0,0,0,0,8,0,40.0341,-75.1829, , 
68427,748847,2012125103,6,67,67301,2012,12,3,920,9,1,1,1,1,1, , ,N,0,0,0,3,0,0,2,2,N,N,39 59:40.266,75 11:55.177,925, ,923, ,0, ,N, ,0, , , , , , , , , ,2,1,0,0,0,0,1,0,0,0,0,0,0,0,0,0,0,0,0,0,2,0,0,0,0,0,0,0,0,0,0,0,0,0,0,0,0,39.9945,-75.1987, , 
68428,751823,2012098273,6,67,67301,2012,9,1,306,3,3,2,1,7,4, , ,N,0,0,0,3,0,0,1,1,N,N,39 56:46.687,75 10:42.236,308, ,307, ,0, ,N, ,0, , , , , , , , , ,1,1,0,0,0,0,0,0,0,0,0,0,0,0,0,0,0,0,0,0,0,0,0,0,0,0,0,0,0,0,0,0,0,0,0,0,0,39.9463,-75.1784, , 
68429,751829,2012104218,6,67,67301,2012,8,6,2331,23,3,1,0,4,1, , ,N,1,2,0,3,0,2,3,2,N,N,39 57:44.891,75 14:41.011,2334, ,2331, ,0, ,N, ,3, , , , , , , , , ,2,2,0,0,0,0,0,0,0,0,0,0,2,2,1,0,0,0,0,0,0,0,0,0,0,0,0,0,0,0,0,0,0,0,0,8,0,39.9624,-75.2448, , 