objectid_1,objectid,crn,district,county,municipality,crash_year,crash_month,day_of_week,time_of_day,hour_of_day,illumination,weather,road_condition,collision_type,relation_to_road,work_zone_type,work_zone_loc,work_zone_ind,intersect_type,tcd_type,location_type,urban_rural,fatal_count,injury_count,person_count,total_units,sch_bus_ind,sch_zone_ind,latitude,longitude,arrival_tm,cons_zone_spd_lim,dispatch_tm,est_hrs_closed,lane_closed,ln_close_dir,ntfy_hiwy_maint,spec_juris_cd,tcd_func_cd,tfc_detour_ind,workers_pres,wz_close_detour,wz_flagger,wz_law_offcr_ind,wz_ln_closure,wz_moving,wz_other,wz_shlder_mdn,vehicle_count,automobile_count,motorcycle_count,bus_count,small_truck_count,heavy_truck_count,suv_count,van_count,bicycle_count,maj_inj_count,mod_inj_count,min_inj_count,tot_inj_count,unk_inj_deg_count,unk_inj_per_count,driver_count_16yr,driver_count_17yr,driver_count_18yr,driver_count_19yr,driver_count_20yr,driver_count_50_64yr,driver_count_65_74yr,driver_count_75plus,unbelted_occ_count,unb_death_count,unb_maj_inj_count,belted_death_count,belted_maj_inj_count,mcycle_death_count,mcycle_maj_inj_count,bicycle_death_count,bicycle_maj_inj_count,ped_count,ped_death_count,ped_maj_inj_count,max_severity_level,comm_veh_count,dec_lat,dec_long,rdwy_surf_type_cd,county_name
68430,751837,2013004022,6,67,67301,2012,11,3,843,8,1,2,1,5,9, , ,N,1,0,0,3,0,0,2,2,N,N,39 55:57.104,75 10:28.167,848, ,843, ,0, ,N, ,0, , , , , , , , , ,2,1,0,1,0,0,0,0,0,0,0,0,0,0,2,0,0,0,0,0,0,0,0,0,0,0,0,0,0,0,0,0,0,0,0,9,1,39.9325,-75.1745, , 
68431,751846,2012095438,6,67,67301,2012,8,3,1027,10,1,1,0,8,6, , ,N,0,0,0,3,0,1,2,1,N,N,39 57:18.233,75 11:05.097,1130, ,1120, ,0, ,N, ,0, , , , , , , , , ,1,0,0,0,0,0,1,0,0,0,1,0,1,0,0,0,0,0,0,0,0,0,0,0,0,0,0,0,0,0,0,0,1,0,0,3,0,39.9551,-75.1847, , 
68432,751853,2012098977,6,67,67301,2012,9,1,1918,19,3,2,1,2,1, , ,N,1,3,0,3,0,1,3,2,N,N,40 03:54.470,75 11:08.773,1928, ,1921, ,0, ,N, ,3, , , , , , , , , ,2,2,0,0,0,0,0,0,0,0,1,1,2,0,0,0,0,0,0,0,0,1,1,0,0,0,0,0,0,0,0,0,0,0,0,3,0,40.0651,-75.1858, , 
68433,751857,2012104057,6,67,67301,2012,9,7,2323,23,3,1,0,7,5, , ,N,0,0,0,3,0,1,1,1,N,N,40 01:54.506,75 03:10.811,2338, ,2335, ,0, ,N, ,0, , , , , , , , , ,1,1,0,0,0,0,0,0,0,0,0,0,1,1,0,0,0,0,0,0,0,0,0,0,0,0,0,0,0,0,0,0,0,0,0,8,0,40.0318,-75.053, , 
68434,751884,2012104248,6,67,67301,2012,9,4,700,7,1,1,0,4,1, , ,N,2,0,0,3,0,1,1,2,N,N,40 01:13.039,75 09:46.119,703, ,700, ,0, ,N, ,0, , , , , , , , , ,2,2,0,0,0,0,0,0,0,0,0,0,0,0,1,0,0,0,0,0,0,0,0,1,0,0,0,0,0,0,0,0,0,0,0,9,0,40.0203,-75.1628, , 
68435,751892,2012111629,6,67,67301,2012,10,2,1320,13,1,2,1,3,1, , ,N,0,0,0,3,0,1,2,3,N, ,39 55:06.880,75 10:45.020,1327, ,1327,9,2,2, , ,0,Y, , , , , , , , ,3,1,0,0,0,0,1,1,0,0,0,0,1,1,0,0,0,0,0,0,2,0,0,2,0,0,0,0,0,0,0,0,0,0,0,8,0,39.9186,-75.1792, , 
68436,751894,2012114392,6,67,67301,2012,10,4,750,7,1,1,0,6,1, , ,N,2,3,0,3,0,2,3,2,N, ,39 56:12.940,75 10:49.285,837, ,833, ,0, , , ,3, , , , , , , , , ,2,2,0,0,0,0,0,0,0,0,2,0,2,0,0,0,0,0,0,0,0,0,0,0,0,0,0,0,0,0,0,0,0,0,0,3,0,39.9369,-75.1804, , 
68437,751906,2012114856,6,67,67301,2012,10,5,2343,23,3,1,0,1,1, , ,N,0,0,0,3,0,3,5,2,N,N,40 01:43.090,75 09:18.402,155, ,10, ,0, ,N, ,0, , , , , , , , , ,2,0,0,0,0,0,0,1,0,0,0,3,3,0,0,0,0,0,0,0,0,0,0,0,0,0,0,0,0,0,0,0,0,0,0,4,0,40.0286,-75.1551, , 
68438,751908,2012117227,6,67,67301,2012,10,3,1355,13,1,1,0,8,6, , ,N,1,3,0,3,0,0,2,2,N,N,39 56:53.264,75 10:04.303,1405, ,1400, ,0, ,N, ,3, , , , , , , , , ,1,0,0,0,1,0,0,0,0,0,0,1,1,0,0,0,0,0,0,0,0,0,0,0,0,0,0,0,0,0,0,0,2,0,0,4,0,39.9481,-75.1679, , 
68439,751915,2012122332,6,67,67301,2012,11,3,1553,15,4,1,0,4,1, , ,N,2,0,0,3,0,1,1,2,N,N,39 54:26.334,75 13:41.041,1629, ,1628, ,0, ,N, ,0, , , , , , , , , ,2,2,0,0,0,0,0,0,0,0,1,0,1,0,0,0,0,0,0,0,0,0,0,0,0,0,0,0,0,0,0,0,0,0,0,3,0,39.9073,-75.2281, , 
68440,751916,2012122915,6,67,67301,2012,10,4,720,7,3,1,1,4,1, , ,N,1,2,0,3,0,2,3,2,N,N,40 02:18.924,75 11:01.193,1024, ,1023, ,0, ,N, ,3, , , , , , , , , ,2,2,0,0,0,0,0,0,0,0,0,0,2,2,0,0,0,0,0,0,0,0,0,0,0,0,0,0,0,0,0,0,0,0,0,8,0,40.0386,-75.1837, , 
68441,751924,2012128263,6,67,67301,2012,11,6,2314,23,3,1,0,4,1, , ,N,1,2,0,3,0,2,9,2,N,N,40 05:12.538,74 58:18.553,2343, ,2340,2,2,3,N, ,3,Y, , , , , , , , ,2,1,0,0,1,0,0,0,0,0,0,0,2,2,0,0,0,1,0,0,0,0,0,0,0,0,0,0,0,0,0,0,0,0,0,8,0,40.0868,-74.9718, , 
68442,751970,2013003984,6,67,67301,2012,11,5,1334,13,1,1,0,8,1, , ,N,1,2,0,3,0,1,2,2,N, ,40 01:48.638,75 06:15.374,1541, ,1531, ,0, , , ,3, , , , , , , , , ,1,0,0,0,0,0,1,0,0,0,1,0,1,0,0,0,0,0,0,0,0,0,0,0,0,0,0,0,0,0,0,0,1,0,0,3,0,40.03,-75.1043, , 
68443,751971,2013006179,6,67,67301,2012,12,6,2155,21,3,2,1,8,1, , ,N,1,2,0,3,0,1,2,2,N, ,39 58:51.495,75 14:10.214,2210, ,2207,9,2,7, , ,3,Y, , , , , , , , ,1,0,0,0,0,0,0,0,0,0,1,0,1,0,0,0,0,0,0,0,0,0,0,0,0,0,0,0,0,0,0,0,1,0,0,3,0,39.981,-75.2362, , 
68444,751981,2012113891,6,67,67301,2012,10,2,1000,10,1,1,0,1,1, , ,N,1,2,0,3,0,1,2,2,N,N,40 03:31.188,75 02:39.382,1015, ,1005, ,0, ,N, ,3, , , , , , , , , ,2,1,0,0,1,0,0,0,0,0,0,0,1,1,0,0,0,0,0,0,1,0,0,0,0,0,0,0,0,0,0,0,0,0,0,8,0,40.0587,-75.0443, , 
68445,751998,2013006142,6,67,67301,2012,12,3,1905,19,3,1,0,6,1, , ,N,5,2,0,3,0,0,4,2,N, ,39 59:17.415,75 08:46.215,1935, ,1912, ,0, , , ,3, , , , , , , , , ,2,1,0,0,0,0,1,0,0,0,0,0,0,0,0,0,0,0,1,0,0,0,0,0,0,0,0,0,0,0,0,0,0,0,0,0,0,39.9882,-75.1462, , 
68446,754621,2012117276,6,67,67301,2012,10,6,845,8,1,2,1,1,1, , ,N,1,2,0,3,0,0,2,2,N,N,39 54:48.261,75 13:37.916,845, ,845, ,0, , , ,3, , , , , , , , , ,2,1,0,0,1,0,0,0,0,0,0,0,0,0,0,0,0,0,0,0,1,0,0,0,0,0,0,0,0,0,0,0,0,0,0,0,0,39.9134,-75.2272, , 
68447,754633,2012120031,6,67,67301,2012,10,2,1608,16,1,1,0,4,1, , ,N,2,0,0,3,0,2,2,2,N,N,39 58:43.748,75 13:48.737,1612, ,1610,1,1,3,N, ,0,N, , , , , , , , ,2,0,0,0,0,0,2,0,0,0,0,0,2,2,0,0,0,0,0,0,0,0,0,0,0,0,0,0,0,0,0,0,0,0,0,8,0,39.9788,-75.2301, , 
68448,754634,2012120115,6,67,67301,2012,11,2,1215,12,1,1,0,7,1, , ,N,1,2,0,3,0,1,3,2,N, ,40 01:04.383,75 04:57.342,1220, ,1220, ,0, , , ,3, , , , , , , , , ,1,0,0,0,0,0,1,0,1,0,0,1,1,0,0,0,0,0,0,0,0,0,0,0,0,0,0,0,0,0,0,0,1,0,0,4,0,40.0179,-75.0826, , 
68449,754652,2013020030,6,67,67301,2012,11,7,140,1,6,1,0,1,1, , ,N,1,2,0,3,0,1,2,2,N,N,40 00:30.715,75 12:38.620,0, ,0, ,0, ,N, ,3, , , , , , , , , ,2,2,0,0,0,0,0,0,0,0,0,0,1,1,0,0,0,0,0,0,0,0,0,0,0,0,0,0,0,0,0,0,0,0,0,8,0,40.0085,-75.2107, , 
68450,754655,2012126002,6,67,67301,2012,11,5,1150,11,1,1,0,4,1, , ,N,1,3,0,3,0,1,2,3,N,N,39 57:54.684,75 08:25.634,1158, ,1153, ,0, , , ,3, , , , , , , , , ,3,3,0,0,0,0,0,0,0,0,0,1,1,0,0,0,0,0,0,0,0,0,0,0,0,0,0,0,0,0,0,0,0,0,0,4,0,39.9652,-75.1405, , 
68451,754672,2012072774,6,67,67301,2012,7,7,1807,18,1,1,0,7,2, , ,N,0,0,0,3,0,1,1,1,N,N,39 52:37.474,75 15:16.468,1823, ,1823, ,0, ,N, ,0, , , , , , , , , ,1,1,0,0,0,0,0,0,0,0,0,1,1,0,0,0,0,0,0,0,0,0,0,1,0,0,0,0,0,0,0,0,0,0,0,4,0,39.8771,-75.2546, , 
68452,754676,2012078260,6,67,67301,2012,7,3,1000,10,1,1,0,1,1, , ,N,0,0,0,3,0,2,4,3,N, ,40 00:34.130,75 09:04.285,1020, ,1000,1,1,2, , ,0,N, , , , , , , , ,3,3,0,0,0,0,0,0,0,0,0,1,2,1,2,0,0,0,0,0,0,0,0,0,0,0,0,0,0,0,0,0,0,0,0,4,0,40.0095,-75.1512, , 
68453,754677,2012078362,6,67,67301,2012,7,7,445,4,3,1,0,7,5, , ,N,5,2,0,3,0,1,1,1,N,N,40 01:54.382,75 06:32.605,452, ,450,2,2,5, , ,3,Y, , , , , , , , ,1,1,0,0,0,0,0,0,0,0,1,0,1,0,0,0,0,0,1,0,0,0,0,0,0,0,0,0,0,0,0,0,0,0,0,3,0,40.0318,-75.1091, , 
68454,754681,2012083907,6,67,67301,2012,8,7,2108,21,3,1,0,1,1, , ,N,0,0,0,3,0,2,3,2,N,N,39 58:47.646,75 12:16.955,2122, ,2117, ,0, ,N, ,0, , , , , , , , , ,2,2,0,0,0,0,0,0,0,0,0,2,2,0,0,0,0,0,0,1,1,0,0,0,0,0,0,0,0,0,0,0,0,0,0,4,0,39.9799,-75.2047, , 
68455,754686,2012086629,6,67,67301,2012,7,2,340,3,3,1,0,1,6, , ,N,0,0,0,3,0,0,1,3,N,N,39 56:32.092,75 13:33.438,353, ,349,1,1,1,N, ,0,Y, , , , , , , , ,3,2,0,0,0,0,1,0,0,0,0,0,0,0,0,0,0,0,0,0,0,0,0,0,0,0,0,0,0,0,0,0,0,0,0,0,0,39.9422,-75.226, , 
68456,754694,2012095380,6,67,67301,2012,8,7,1115,11,1,1,0,9,2, , ,N,2,2,0,3,0,1,2,2,N,N,39 57:06.166,75 10:59.749,1118, ,1115, ,0, ,N, ,3, , , , , , , , , ,1,0,0,0,0,1,0,0,0,0,0,0,1,1,0,0,0,0,0,0,0,0,0,0,0,0,0,0,0,0,0,0,1,0,0,8,0,39.9517,-75.1832, , 
68457,754712,2013003843,6,67,67301,2012,11,5,1638,16,3,1,0,1,1, , ,N,1,1,0,3,0,2,3,2,N,N,39 57:43.161,75 14:26.866,2005, ,2005, ,0, , , ,3, , , , , , , , , ,2,0,0,0,0,0,1,0,0,0,0,2,2,0,0,0,0,0,0,0,1,0,0,0,0,0,0,0,0,0,0,0,0,0,0,4,0,39.9619,-75.2408, , 
68458,754723,2012117366,6,67,67301,2012,10,1,2200,22,3,1,0,1,1, , ,N,0,0,0,3,0,1,1,3,N,N,39 55:59.239,75 10:46.506,2202, ,2200, ,0, , , ,0, , , , , , , , , ,3,3,0,0,0,0,0,0,0,0,0,1,1,0,0,0,0,0,1,0,0,0,0,0,0,0,0,0,0,0,0,0,0,0,0,4,0,39.9331,-75.1796, , 
68459,754729,2012128222,6,67,67301,2012,11,4,755,7,1,1,0,4,1, , ,N,0,0,0,3,0,0,5,2,N,N,40 00:46.079,75 10:28.070,828, ,826, ,0, ,N, ,0, , , , , , , , , ,2,0,0,0,0,0,0,1,0,0,0,0,0,0,0,0,0,1,0,0,1,0,0,4,0,0,0,0,0,0,0,0,0,0,0,0,0,40.0128,-75.1745, , 
68460,754733,2013002432,6,67,67301,2012,12,4,644,6,5,1,0,7,4, , ,N,0,0,0,3,0,0,2,1,N,N,39 57:46.288,75 08:21.987,655, ,654,2,2,2,Y, ,0,Y, , , , , , , , ,1,1,0,0,0,0,0,0,0,0,0,0,0,0,0,0,0,0,0,0,0,0,0,0,0,0,0,0,0,0,0,0,0,0,0,0,0,39.9629,-75.1394, , 
68461,754734,2013003803,6,67,67301,2012,12,3,1535,15,1,1,0,1,1, , ,N,1,2,0,3,0,1,2,2,N,N,39 55:25.207,75 10:46.852,1542, ,1541, ,0, ,N, ,9, , , , , , , , , ,2,2,0,0,0,0,0,0,0,0,0,0,1,1,0,0,0,0,0,0,1,0,0,2,0,0,0,0,0,0,0,0,0,0,0,8,0,39.9234,-75.1813, , 
68462,754761,2013006188,6,67,67301,2012,12,6,2200,22,3,1,0,8,1, , ,N,1,2,0,3,0,1,2,2,N,N,40 01:51.528,75 07:27.728,2205, ,2200, ,0, ,N, ,3, , , , , , , , , ,1,0,0,0,0,0,0,1,0,0,0,0,1,1,0,0,0,0,0,0,1,0,0,0,0,0,0,0,0,0,0,0,1,0,0,8,0,40.031,-75.1244, , 
68463,754764,2013022223,6,67,67301,2012,12,2,620,6,5,1,0,2,1, , ,N,0,0,0,3,0,2,2,2,N,N,39 59:31.368,75 08:25.033,645, ,628, ,0, , , ,0, , , , , , , , , ,2,1,0,0,0,0,1,0,0,0,0,0,2,2,0,0,0,0,0,0,0,0,0,0,0,0,0,0,0,0,0,0,0,0,0,8,0,39.992,-75.1403, , 
68464,754770,2012111727,6,67,67301,2012,10,3,1240,12,1,2,1,1,1, , ,N,0,0,0,3,0,1,5,2,N, ,40 00:04.737,75 09:02.609,1243, ,1241, ,0, , , ,0, , , , , , , , , ,2,2,0,0,0,0,0,0,0,0,0,1,1,0,0,0,0,1,0,0,0,0,0,0,0,0,0,0,0,0,0,0,0,0,0,4,0,40.0013,-75.1506, , 
68465,745995,2013003683,6,67,67301,2012,11,7,442,4,3,1,0,6,2, , ,N,0,0,0,3,0,1,2,2,N,N,39 59:49.644,75 07:07.020,442, ,442, ,0, , , ,0, , , , , , , , , ,2,1,0,0,1,0,0,0,0,0,0,1,1,0,0,0,0,0,0,0,0,0,0,0,0,0,0,0,0,0,0,0,0,0,0,4,0,39.9971,-75.1186, , 
68466,746001,2013003659,6,67,67301,2012,12,2,630,6,1,2,1,1,1, , ,N,1,2,0,3,0,1,3,2,N,N,40 06:50.525,74 59:15.412,645, ,640,1,1,1,N, ,3,N, , , , , , , , ,2,1,0,0,1,0,0,0,0,0,0,1,1,0,0,0,0,0,0,0,0,0,0,0,0,0,0,0,0,0,0,0,0,0,0,4,0,40.1142,-74.9876, , 
68467,746002,2013003835,6,67,67301,2012,12,7,1600,16,1,1,0,4,1, , ,N,2,3,0,3,0,1,3,2,N,N,39 57:24.376,75 14:52.743,2330, ,2325, ,0, ,N, ,3, , , , , , , , , ,2,2,0,0,0,0,0,0,0,0,0,1,1,0,0,0,0,0,0,0,0,0,0,0,0,0,0,0,0,0,0,0,0,0,0,4,0,39.9567,-75.248, , 
68468,746005,2013015626,6,67,67301,2012,7,1,421,4,3,2,1,1,1, , ,N,0,0,0,3,0,1,3,2,N,N,39 57:57.641,75 08:11.497,433, ,426,1,2,2,N, ,0,Y, , , , , , , , ,2,1,0,0,0,0,1,0,0,0,1,0,1,0,0,0,0,0,0,0,0,0,0,1,0,0,0,0,0,0,0,0,0,0,0,3,0,39.966,-75.1365, , 
68469,746006,2012109914,6,67,67301,2012,9,6,1230,12,1,1,0,5,1, , ,N,1,2,0,3,0,1,2,2,N, ,39 57:06.145,75 14:12.782,1241, ,1236, ,0, , , ,3, , , , , , , , , ,2,1,0,0,0,0,0,1,0,0,0,1,1,0,0,0,0,0,0,0,0,0,0,0,0,0,0,0,0,0,0,0,0,0,0,4,0,39.9517,-75.2369, , 
68470,746020,2012122368,6,67,67301,2012,11,6,9999,99,1,1,0,8,1, , ,N,0,0,0,3,0,1,2,2,N,N,39 57:12.863,75 10:23.588,826, ,824, ,0, ,N, ,0, , , , , , , , , ,1,1,0,0,0,0,0,0,0,0,0,0,1,1,0,0,0,0,0,0,1,0,0,0,0,0,0,0,0,0,0,0,1,0,0,8,0,39.9536,-75.1732, , 
68471,746023,2012128194,6,67,67301,2012,11,3,1740,17,3,1,1,2,1, , ,N,2,2,0,3,0,0,3,2,N,N,40 05:00.920,75 13:20.330,1745, ,1743, ,0, ,N, ,3, , , , , , , , , ,2,2,0,0,0,0,0,0,0,0,0,0,0,0,1,0,0,0,0,0,0,1,0,0,0,0,0,0,0,0,0,0,0,0,0,9,0,40.0836,-75.2223, , 
68472,746029,2012132760,6,67,67301,2012,12,4,2307,23,3,2,1,7,3, , ,N,0,0,0,3,0,0,1,1,N,N,40 02:44.641,75 00:07.000,2327, ,2314, ,0, ,N, ,0, , , , , , , , , ,1,0,0,0,0,0,1,0,0,0,0,0,0,0,0,0,1,0,0,0,0,0,0,0,0,0,0,0,0,0,0,0,0,0,0,0,0,40.0457,-75.0019, , 
68473,746030,2013007239,6,67,67301,2012,12,5,1215,12,1,1,0,4,1, , ,N,1,3,0,3,0,1,2,3,N,N,39 58:33.531,75 09:34.070,1220, ,1216,1,1,3,N, ,3,Y, , , , , , , , ,3,1,0,0,0,0,1,0,0,0,0,1,1,0,0,0,0,0,0,0,0,0,0,0,0,0,0,0,0,0,0,0,0,0,0,4,0,39.976,-75.1595, , 
68474,746052,2013003798,6,67,67301,2012,12,1,215,2,3,1,0,7,4, , ,N,0,0,0,3,0,0,2,1,N,N,39 57:03.567,75 08:49.506,220, ,219,1,1,2,N, ,0,N, , , , , , , , ,1,1,0,0,0,0,0,0,0,0,0,0,0,0,0,0,0,0,0,0,0,0,0,0,0,0,0,0,0,0,0,0,0,0,0,0,0,39.951,-75.1471, , 
68475,746053,2013006148,6,67,67301,2012,11,7,2,0,3,2,0,8,1, , ,N,1,2,0,3,0,1,2,2,N,N,40 01:24.687,75 08:00.078,144, ,100, ,0, ,N, ,9, , , , , , , , , ,1,1,0,0,0,0,0,0,0,0,0,0,1,1,0,0,0,0,0,0,0,0,0,0,0,0,0,0,0,0,0,0,1,0,0,8,0,40.0235,-75.1334, , 
68476,746054,2013013187,6,67,67301,2012,12,4,525,5,3,2,1,8,1, , ,N,1,0,0,3,0,1,2,2,N, ,40 01:15.553,75 09:50.223,530, ,526, ,0, , , ,0, , , , , , , , , ,1,0,0,0,1,0,0,0,0,0,0,0,1,1,0,0,0,0,0,0,0,0,0,0,0,0,0,0,0,0,0,0,1,0,0,8,0,40.021,-75.164, , 
68477,746081,2013003982,6,67,67301,2012,12,2,1520,15,1,9,1,8,1, , ,N,0,0,0,3,0,1,2,2,N,N,40 01:33.024,75 10:33.189,2220, ,9999, ,9, ,N, ,0, , , , , , , , , ,1,0,0,0,0,0,0,0,0,0,1,0,1,0,1,0,0,0,0,0,0,0,0,0,0,0,0,0,0,0,0,0,1,0,0,3,0,40.0258,-75.1759, , 
68478,746089,2012109819,6,67,67301,2012,10,4,805,8,1,1,1,8,1, , ,N,0,0,0,3,0,1,2,2,N,N,39 57:57.200,75 11:46.500,845, ,823, ,0, ,N, ,0, , , , , , , , , ,1,0,0,0,0,0,1,0,0,0,0,1,1,0,0,0,0,0,0,0,0,0,0,0,0,0,0,0,0,0,0,0,1,0,0,4,0,39.9659,-75.1963, , 
68479,746110,2012114508,6,67,67301,2012,11,1,328,3,3,1,0,7,4, , ,N,0,0,0,3,0,0,1,1,N,N,39 59:10.992,75 12:29.229,338, ,330,2,1,3,Y, ,0,N, , , , , , , , ,1,1,0,0,0,0,0,0,0,0,0,0,0,0,0,0,0,0,0,0,0,0,0,1,0,0,0,0,0,0,0,0,0,0,0,0,0,39.9864,-75.2081, , 
68480,746120,2012128211,6,67,67301,2012,11,3,1655,16,2,2,1,2,1, , ,N,0,0,0,3,0,1,2,2,N,N,39 59:07.305,75 12:45.338,1703, ,1701, ,0, ,N, ,0, , , , , , , , , ,2,0,0,0,0,0,2,0,0,0,0,0,1,1,0,0,0,0,0,0,1,0,0,0,0,0,0,0,0,0,0,0,0,0,0,8,0,39.9854,-75.2126, , 
68481,746131,2013003776,6,67,67301,2012,12,7,2133,21,3,6,1,4,1, , ,N,1,2,0,3,0,2,5,2,N,N,40 03:08.339,75 00:28.750,2136, ,2133, ,0, ,N, ,3, , , , , , , , , ,2,0,0,0,0,0,1,1,0,0,0,2,2,0,0,0,0,0,0,0,1,0,0,0,0,0,0,0,0,0,0,0,0,0,0,4,0,40.0523,-75.008, , 
68482,746158,2012114336,6,67,67301,2012,10,5,1850,18,4,1,0,4,1, , ,N,1,2,0,3,0,1,2,2,N,N,39 58:30.316,75 11:41.875,1556, ,1555, ,0, ,N, ,9, , , , , , , , , ,1,1,0,0,0,0,0,0,1,0,0,1,1,0,0,0,0,0,0,0,0,0,0,0,0,0,0,0,0,0,0,0,0,0,0,4,0,39.9751,-75.195, , 
68483,748861,2013007283,6,67,67301,2012,12,2,2209,22,2,1,0,5,6, , ,N,0,2,0,3,0,2,2,2,N,N,40 00:34.999,75 05:45.110,2211, ,2209, ,0, ,N, ,3, , , , , , , , , ,2,1,0,0,1,0,0,0,0,0,0,0,2,2,0,0,0,0,0,0,0,0,0,0,0,0,0,0,0,0,0,0,0,0,0,8,0,40.0097,-75.0959, , 
68484,748866,2013031710,6,67,67301,2012,12,5,2010,20,3,1,0,4,1, , ,N,6,0,2,3,0,2,3,2,N,N,39 57:34.246,75 10:50.766,2046, ,2034,1,1,4,N, ,0,N, , , , , , , , ,2,0,0,0,0,0,1,1,0,0,0,1,2,1,0,0,0,0,0,0,1,1,0,0,0,0,0,0,0,0,0,0,0,0,0,4,0,39.9595,-75.1807, , 
68485,748901,2012119825,6,67,67301,2012,11,1,303,3,3,1,0,7,3, , ,N,0,0,0,3,0,0,1,1,N,N,39 58:59.020,75 12:28.619,303, ,303, ,0, ,N, ,0, , , , , , , , , ,1,1,0,0,0,0,0,0,0,0,0,0,0,0,0,0,0,0,0,0,1,0,0,0,0,0,0,0,0,0,0,0,0,0,0,0,0,39.9831,-75.2079, , 
68486,748905,2012128178,6,67,67301,2012,11,6,1818,18,3,1,0,6,1, , ,N,2,0,0,3,0,0,4,2,N,N,40 02:49.472,75 12:24.964,1840, ,1831, ,0, ,N, ,0, , , , , , , , , ,2,1,0,0,0,0,1,0,0,0,0,0,0,0,0,0,0,0,0,0,0,0,0,2,0,0,0,0,0,0,0,0,0,0,0,0,0,40.0471,-75.2069, , 
68487,748912,2013015622,6,67,67301,2012,7,6,1535,15,1,1,0,7,2, , ,N,0,0,0,3,0,1,1,1,N,N,39 53:12.122,75 12:50.779,1551, ,1535,1,1,2,N, ,0,N, , , , , , , , ,1,1,0,0,0,0,0,0,0,0,0,1,1,0,0,0,0,0,0,0,0,0,0,0,0,0,0,0,0,0,0,0,0,0,0,4,0,39.8867,-75.2141, , 
68488,748918,2012109917,6,67,67301,2012,10,7,9999,99,3,1,1,8,1, , ,N,0,0,0,3,0,1,2,2,N,N,39 55:19.997,75 11:14.339,9999, ,2249, ,0, ,N, ,0, , , , , , , , , ,1,0,0,0,1,0,0,0,0,0,0,1,1,0,0,0,0,0,0,0,0,1,0,0,0,0,0,0,0,0,0,0,1,0,0,4,0,39.9222,-75.1875, , 
68489,748927,2012114872,6,67,67301,2012,10,6,2140,21,3,1,0,8,1, , ,N,0,0,0,3,0,1,2,2,N,N,40 03:07.590,75 05:35.354,2141, ,2140,2,2,5,N, ,0,Y, , , , , , , , ,1,1,0,0,0,0,0,0,0,1,0,0,1,0,0,0,0,0,0,0,1,0,0,0,0,0,0,0,0,0,0,0,1,0,1,2,0,40.0521,-75.0932, , 
68490,748957,2012125097,6,67,67301,2012,12,7,1345,13,1,1,0,1,1, , ,N,0,0,0,3,0,0,5,2,N,N,39 57:33.306,75 10:25.911,1406, ,1352, ,0, ,N, ,0, , , , , , , , , ,2,1,0,0,0,0,1,0,0,0,0,0,0,0,0,0,0,0,0,0,0,0,0,0,0,0,0,0,0,0,0,0,0,0,0,0,0,39.9593,-75.1739, , 
68491,748960,2012128240,6,67,67301,2012,11,3,1209,12,1,2,1,5,1, , ,N,2,0,0,3,0,0,2,3,N,N,40 02:05.924,75 11:18.304,1215, ,1209,1,2,5,N, ,0,Y, , , , , , , , ,2,2,0,0,0,0,0,0,0,0,0,0,0,0,0,0,0,0,0,0,0,0,0,0,0,0,0,0,0,0,0,0,0,0,0,0,0,40.035,-75.1884, , 
68492,748963,2012129069,6,67,67301,2012,11,6,44,0,3,1,0,5,1, , ,N,0,0,0,3,0,0,1,3,N, ,40 03:35.337,75 10:57.723,544, ,534,9,1,4, , ,0,Y, , , , , , , , ,3,3,0,0,0,0,0,0,0,0,0,0,0,0,0,0,0,0,0,0,0,0,1,0,0,0,0,0,0,0,0,0,0,0,0,0,0,40.0598,-75.1827, , 
68493,748972,2012122416,6,67,67301,2012,11,6,1922,19,3,2,1,1,1, , ,N,2,2,0,3,0,0,5,4,N, ,40 02:53.161,75 00:47.627,1926, ,1925, ,0, , , ,3, , , , , , , , , ,4,3,0,0,0,0,0,1,0,0,0,0,0,0,3,0,0,0,0,0,1,0,0,0,0,0,0,0,0,0,0,0,0,0,0,9,0,40.0481,-75.0132, , 
68494,748977,2012125564,6,67,67301,2012,11,5,47,0,3,1,0,2,5, , ,N,3,2,0,3,0,0,1,1,N, ,40 06:28.603,75 01:35.426,51, ,47,3,2,1, , ,3,Y, , , , , , , , ,1,1,0,0,0,0,0,0,0,0,0,0,0,0,0,0,0,0,0,0,1,0,0,1,0,0,0,0,0,0,0,0,0,0,0,0,0,40.1079,-75.0264, , 
68495,748983,2013003785,6,67,67301,2012,12,1,1720,17,3,2,1,1,1, , ,N,0,0,0,3,0,3,3,3,N,N,39 59:44.725,75 06:53.028,1724, ,1720,2,2,1,N, ,0,Y, , , , , , , , ,3,1,0,0,1,0,1,0,0,0,0,3,3,0,0,0,0,0,0,0,0,0,0,0,0,0,0,0,0,0,0,0,0,0,0,4,0,39.9958,-75.1147, , 
68496,748984,2013004378,6,67,67301,2012,12,6,1428,14,1,1,0,1,7, , ,N,3,2,2,3,0,2,6,4,N, ,39 59:58.179,75 05:04.576,1435, ,1430, ,0, , , ,3, , , , , , , , , ,4,2,0,0,0,0,2,0,0,0,0,0,2,2,0,0,0,0,0,0,0,0,0,0,0,0,0,0,0,0,0,0,0,0,0,8,0,40.0016,-75.0848, , 