objectid_1,objectid,crn,district,county,municipality,crash_year,crash_month,day_of_week,time_of_day,hour_of_day,illumination,weather,road_condition,collision_type,relation_to_road,work_zone_type,work_zone_loc,work_zone_ind,intersect_type,tcd_type,location_type,urban_rural,fatal_count,injury_count,person_count,total_units,sch_bus_ind,sch_zone_ind,latitude,longitude,arrival_tm,cons_zone_spd_lim,dispatch_tm,est_hrs_closed,lane_closed,ln_close_dir,ntfy_hiwy_maint,spec_juris_cd,tcd_func_cd,tfc_detour_ind,workers_pres,wz_close_detour,wz_flagger,wz_law_offcr_ind,wz_ln_closure,wz_moving,wz_other,wz_shlder_mdn,vehicle_count,automobile_count,motorcycle_count,bus_count,small_truck_count,heavy_truck_count,suv_count,van_count,bicycle_count,maj_inj_count,mod_inj_count,min_inj_count,tot_inj_count,unk_inj_deg_count,unk_inj_per_count,driver_count_16yr,driver_count_17yr,driver_count_18yr,driver_count_19yr,driver_count_20yr,driver_count_50_64yr,driver_count_65_74yr,driver_count_75plus,unbelted_occ_count,unb_death_count,unb_maj_inj_count,belted_death_count,belted_maj_inj_count,mcycle_death_count,mcycle_maj_inj_count,bicycle_death_count,bicycle_maj_inj_count,ped_count,ped_death_count,ped_maj_inj_count,max_severity_level,comm_veh_count,dec_lat,dec_long,rdwy_surf_type_cd,county_name
68497,748985,2013006910,6,67,67301,2012,12,3,1622,16,1,1,0,7,5, , ,N,0,0,0,3,0,0,1,1,N, ,39 56:00.985,75 10:35.724,1626, ,1625, ,0, , , ,0, , , , , , , , , ,1,1,0,0,0,0,0,0,0,0,0,0,0,0,0,0,0,0,0,0,0,0,0,1,0,0,0,0,0,0,0,0,0,0,0,0,0,39.9336,-75.1766, , 
68498,748989,2013037467,6,67,67301,2012,11,6,741,7,1,1,0,1,1, , ,N,5,2,0,3,0,1,4,2,N,N,40 00:09.273,75 05:59.019,746, ,742, ,0, ,N, ,3, , , , , , , , , ,2,2,0,0,0,0,0,0,0,0,0,0,1,1,0,0,0,0,0,0,0,1,0,0,0,0,0,0,0,0,0,0,0,0,0,8,0,40.0026,-75.0997, , 
68499,748993,2012111787,6,67,67301,2012,10,2,1958,19,3,1,0,8,1, , ,N,1,2,0,3,0,1,2,2,N,N,39 59:35.083,75 08:52.393,2015, ,2001,3,1,5,N, ,3,Y, , , , , , , , ,1,1,0,0,0,0,0,0,0,1,0,0,1,0,0,0,0,0,0,0,1,0,0,0,0,0,0,0,0,0,0,0,1,0,1,2,0,39.9931,-75.1479, , 
68500,749005,2012128258,6,67,67301,2012,11,5,1753,17,4,1,0,6,1, , ,N,1,3,0,3,0,2,5,2,N, ,39 56:40.833,75 14:11.968,1804, ,1754, ,0, , , ,3, , , , , , , , , ,2,2,0,0,0,0,0,0,0,0,0,2,2,0,0,0,0,0,0,0,1,0,0,0,0,0,0,0,0,0,0,0,0,0,0,4,0,39.9447,-75.2367, , 
68501,749020,2012108603,6,67,67301,2012,10,6,1944,19,3,1,0,1,1, , ,N,0,0,0,3,0,0,2,2,N,N,40 00:26.477,75 12:02.426,2006, ,1957, ,0, ,N, ,0, , , , , , , , , ,2,2,0,0,0,0,0,0,0,0,0,0,0,0,0,0,0,0,0,0,0,0,0,0,0,0,0,0,0,0,0,0,0,0,0,0,0,40.0074,-75.2007, , 
68502,752000,2013020033,6,67,67301,2012,10,4,1800,18,4,1,0,1,1, , ,N,1,2,0,3,0,1,2,2,N,N,39 58:14.246,75 09:46.727,0, ,0, ,0, ,N, ,3, , , , , , , , , ,1,1,0,0,0,0,0,0,1,1,0,0,1,0,0,0,0,0,0,0,0,0,0,0,0,0,0,0,0,0,0,1,0,0,0,2,0,39.9706,-75.163, , 
68503,752012,2012129962,6,67,67301,2012,11,1,235,2,3,1,0,7,4, , ,N,0,0,0,3,1,2,4,1,N, ,39 59:33.997,75 12:51.131,237, ,235,4,2,5, ,0,0,Y, , , , , , , , ,1,0,0,0,0,0,1,0,0,0,1,0,2,1,0,0,0,0,0,0,0,0,0,0,0,0,0,0,0,0,0,0,0,0,0,1,0,39.9928,-75.2142,2, 
68504,752021,2013006775,6,67,67301,2012,11,7,1350,13,1,1,0,5,1, , ,N,1,2,0,3,0,0,4,2,N, ,39 57:11.116,75 10:54.262,1410, ,1355, ,0, , , ,3, , , , , , , , , ,2,2,0,0,0,0,0,0,0,0,0,0,0,0,0,0,0,0,0,0,1,0,0,0,0,0,0,0,0,0,0,0,0,0,0,0,0,39.9531,-75.1818, , 
68505,752024,2013015580,6,67,67301,2012,4,3,1243,12,1,1,0,5,1, , ,N,0,0,0,3,0,1,2,2,N,N,39 58:06.373,75 11:27.410,1252, ,1246,1,2,4,N, ,0,N, , , , , , , , ,2,1,0,0,0,1,0,0,0,0,0,1,1,0,0,0,0,0,0,0,0,0,0,0,0,0,0,0,0,0,0,0,0,0,0,4,1,39.9684,-75.1909, , 
68506,752026,2012132485,6,67,67301,2012,12,2,120,1,3,2,1,7,4, , ,N,0,0,0,3,0,1,1,1,N,N,39 59:01.415,75 12:29.263,134, ,123,1,1,4,N, ,0,N, , , , , , , , ,1,1,0,0,0,0,0,0,0,0,0,1,1,0,0,0,0,0,0,0,0,0,0,0,0,0,0,0,0,0,0,0,0,0,0,4,0,39.9837,-75.2081, , 
68507,752034,2013003981,6,67,67301,2012,12,3,1625,16,4,1,8,7,4, , ,N,2,0,0,3,0,1,1,2,N,N,40 02:23.521,75 09:53.452,1731, ,1725,2,1,3,N, ,0,N, , , , , , , , ,1,1,0,0,0,0,0,0,0,0,1,0,1,0,0,0,0,0,0,0,1,0,0,0,0,0,0,0,0,0,0,0,0,0,0,3,0,40.0399,-75.1648, , 
68508,752035,2013004419,6,67,67301,2012,12,6,1448,14,1,2,1,4,1, , ,N,1,3,0,3,0,1,2,2,N,N,40 03:18.136,75 08:05.204,1714, ,1706, ,0, ,N, ,3, , , , , , , , , ,2,1,0,0,0,0,1,0,0,0,0,1,1,0,0,0,0,0,0,0,2,0,0,0,0,0,0,0,0,0,0,0,0,0,0,4,0,40.055,-75.1348, , 
68509,752038,2012114399,6,67,67301,2012,10,1,1500,15,1,1,0,4,1, , ,N,2,2,0,3,0,1,2,2,N, ,39 53:56.856,75 10:29.425,1538, ,1527, ,0, , , ,3, , , , , , , , , ,2,2,0,0,0,0,0,0,0,0,0,1,1,0,0,0,0,0,0,0,0,0,0,0,0,0,0,0,0,0,0,0,0,0,0,4,0,39.8991,-75.1748, , 
68510,752053,2012122399,6,67,67301,2012,11,4,618,6,1,1,0,2,1, , ,N,0,0,0,3,0,0,1,1,N,N,39 58:02.679,75 09:36.886,625, ,620,1,1,1,N, ,0,N, , , , , , , , ,1,1,0,0,0,0,0,0,0,0,0,0,0,0,0,0,0,0,0,0,0,0,0,0,0,0,0,0,0,0,0,0,0,0,0,0,0,39.9674,-75.1602, , 
68511,752070,2012109876,6,67,67301,2012,10,6,1710,17,3,1,0,8,1, , ,N,1,2,0,3,0,1,1,2,N,N,39 59:43.871,75 09:14.820,1800, ,1750, ,0, ,N, ,3, , , , , , , , , ,1,1,0,0,0,0,0,0,0,0,0,0,1,1,0,0,0,0,0,0,0,0,0,0,0,0,0,0,0,0,0,0,1,0,0,8,0,39.9955,-75.1541, , 
68512,752080,2012095416,6,67,67301,2012,8,4,1020,10,1,1,0,4,1, , ,N,0,0,0,3,0,1,2,2,N,N,39 56:41.864,75 09:29.320,1030, ,1025, ,0, ,N, ,0, , , , , , , , , ,2,2,0,0,0,0,0,0,0,0,0,1,1,0,0,0,0,0,0,0,0,0,0,0,0,0,0,0,0,0,0,0,0,0,0,4,0,39.945,-75.1581, , 
68513,752082,2012098437,6,67,67301,2012,9,4,1620,16,1,1,0,4,1, , ,N,1,0,0,3,0,1,2,2,N, ,39 54:26.334,75 13:41.041,1645, ,1645, ,0, , , ,0, , , , , , , , , ,2,1,0,0,0,0,1,0,0,0,0,0,1,1,0,0,0,0,0,0,2,0,0,0,0,0,0,0,0,0,0,0,0,0,0,8,0,39.9073,-75.2281, , 
68514,752084,2012099107,6,67,67301,2012,10,4,649,6,1,6,1,1,1, , ,N,0,0,0,3,0,0,3,2,N,N,40 02:18.743,75 00:35.682,722, ,705, ,0, ,N, ,0, , , , , , , , , ,2,0,0,0,1,0,1,0,0,0,0,0,0,0,0,0,0,0,0,0,1,0,0,0,0,0,0,0,0,0,0,0,0,0,0,0,0,40.0385,-75.0099, , 
68515,752097,2012109403,6,67,67301,2012,10,1,1657,16,1,2,1,4,1, , ,N,0,0,0,3,0,0,8,2,N,N,39 57:36.310,75 10:46.393,1711, ,1701,1,2,3,N, ,0,N, , , , , , , , ,2,2,0,0,0,0,0,0,0,0,0,0,0,0,0,0,0,0,0,0,0,0,0,3,0,0,0,0,0,0,0,0,0,0,0,0,0,39.9601,-75.1796, , 
68516,752098,2012109659,6,67,67301,2012,10,6,1553,15,1,1,0,1,1, , ,N,1,2,0,3,0,1,1,2,N, ,40 03:30.195,75 14:02.108,1555, ,1553, ,0, , , ,3, , , , , , , , , ,2,1,0,0,1,0,0,0,0,0,0,1,1,0,0,0,0,0,0,0,0,0,1,1,0,0,0,0,0,0,0,0,0,0,0,4,0,40.0584,-75.2339, , 
68517,752100,2012111637,6,67,67301,2012,10,2,2105,21,3,2,1,1,1, , ,N,0,0,0,3,0,2,2,2,N,N,40 05:22.543,74 58:07.001,2134, ,2133, ,0, , , ,0, , , , , , , , , ,2,1,0,0,0,0,0,1,0,0,0,0,2,2,0,0,0,0,0,0,0,0,0,0,0,0,0,0,0,0,0,0,0,0,0,8,0,40.0896,-74.9686, , 
68518,752137,2013007270,6,67,67301,2012,12,6,9999,99,6,9,8,5,1, , ,N,0,0,0,3,0,0,1,2,N,N,40 04:11.276,75 10:47.859,235, ,231, ,0, ,N, ,0, , , , , , , , , ,2,2,0,0,0,0,0,0,0,0,0,0,0,0,0,0,0,0,0,0,0,0,0,0,0,0,0,0,0,0,0,0,0,0,0,0,0,40.0698,-75.18, , 
68519,752143,2012080772,6,67,67301,2012,7,2,1405,14,1,1,0,4,1, , ,N,1,3,0,3,0,1,3,4,N,N,40 01:12.550,75 04:42.977,1410, ,1407,1,2,2,N, ,3,Y, , , , , , , , ,4,3,0,0,1,0,0,0,0,0,0,0,1,1,0,0,0,1,0,0,0,0,0,0,0,0,0,0,0,0,0,0,0,0,0,8,0,40.0202,-75.0786, , 
68520,752144,2012080776,6,67,67301,2012,7,2,1435,14,1,1,0,1,1, , ,N,0,0,0,3,0,2,3,2,N,N,39 58:28.897,75 11:58.456,1450, ,1445, ,0, ,N, ,0, , , , , , , , , ,2,1,0,0,1,0,0,0,0,0,2,0,2,0,0,0,0,0,0,0,0,0,1,3,0,0,0,0,0,0,0,0,0,0,0,3,0,39.9747,-75.1996, , 
68521,753760,2012112644,6,67,67301,2012,10,4,710,7,1,1,0,4,1, , ,N,0,0,0,3,0,0,2,2,N, ,39 59:32.461,75 05:56.796,715, ,715, ,0, , , ,0, , , , , , , , , ,2,1,0,0,0,0,1,0,0,0,0,0,0,0,0,0,0,0,0,0,1,0,0,0,0,0,0,0,0,0,0,0,0,0,0,0,0,39.9924,-75.0991, , 
68522,753766,2012120105,6,67,67301,2012,10,4,800,8,1,1,0,8,1, , ,N,1,2,0,3,0,1,2,2,N,N,40 00:44.691,75 05:15.453,807, ,805, ,0, ,N, ,3, , , , , , , , , ,1,0,0,0,1,0,0,0,0,0,0,0,1,1,0,0,0,0,0,0,0,0,0,0,0,0,0,0,0,0,0,0,1,0,0,8,0,40.0124,-75.0876, , 
68523,753788,2012104081,6,67,67301,2012,9,7,340,3,3,1,0,5,6, , ,N,0,0,0,3,0,1,2,2,N,N,40 02:18.148,75 04:31.765,350, ,345, ,0, , , ,0, , , , , , , , , ,2,2,0,0,0,0,0,0,0,0,0,1,1,0,0,0,0,0,0,0,0,0,0,0,0,0,0,0,0,0,0,0,0,0,0,4,0,40.0384,-75.0755, , 
68524,753789,2012104278,6,67,67301,2012,8,2,252,2,3,1,0,7,4, , ,N,0,0,0,3,0,1,2,1,N,N,40 00:55.435,75 05:05.993,253, ,253, ,0, ,N, ,0, , , , , , , , , ,1,0,0,0,0,0,1,0,0,0,0,0,1,1,0,0,0,0,0,0,0,0,0,1,0,0,0,0,0,0,0,0,0,0,0,8,0,40.0154,-75.085, , 
68525,753790,2012104615,6,67,67301,2012,9,7,1355,13,1,1,0,5,1, , ,N,0,0,0,3,0,1,8,3,N,N,39 57:46.184,75 14:04.351,1408, ,1408, ,0, , , ,0, , , , , , , , , ,3,2,0,0,1,0,0,0,0,0,0,1,1,0,1,0,0,0,0,0,0,0,0,0,0,0,0,0,0,0,0,0,0,0,0,4,0,39.9628,-75.2345, , 
68526,753808,2012123464,6,67,67301,2012,12,1,2210,22,3,1,0,5,1, , ,N,6,0,2,3,0,0,2,2,N,N,39 52:36.067,75 15:18.171,2248, ,2231, ,0, ,N, ,0, , , , , , , , , ,2,0,0,0,0,0,1,0,0,0,0,0,0,0,1,0,0,0,0,0,0,0,0,0,0,0,0,0,0,0,0,0,0,0,0,9,0,39.8767,-75.255, , 
68527,753831,2012113339,6,67,67301,2012,11,7,27,0,3,1,0,7,2, , ,N,7,0,2,3,0,1,1,1,N,N,39 57:53.288,75 11:06.505,37, ,27,1,1,4,Y, ,0,N, , , , , , , , ,1,1,0,0,0,0,0,0,0,0,0,1,1,0,0,0,0,0,0,0,0,0,0,1,0,0,0,0,0,0,0,0,0,0,0,4,0,39.9659,-75.1864, , 
68528,753833,2012114337,6,67,67301,2012,10,1,325,3,3,1,0,4,1, , ,N,1,2,0,3,0,3,5,2,N,N,40 01:17.486,75 08:23.326,335, ,329,2,1,1,N, ,3,N, , , , , , , , ,2,2,0,0,0,0,0,0,0,0,2,1,3,0,0,0,0,0,0,0,0,0,0,3,0,0,0,0,0,0,0,0,0,0,0,3,0,40.0215,-75.1398, , 
68529,753846,2012122384,6,67,67301,2012,11,2,2000,20,3,1,0,8,1, , ,N,2,0,0,3,0,1,2,2,N, ,40 00:58.593,75 04:33.848,2130, ,2128, ,0, , , ,0, , , , , , , , , ,1,1,0,0,0,0,0,0,0,0,0,0,1,1,0,0,0,0,0,0,0,0,0,0,0,0,0,0,0,0,0,0,1,0,0,8,0,40.0163,-75.0761, , 
68530,753864,2013006166,6,67,67301,2012,11,6,1315,13,1,1,0,5,6, , ,N,0,0,0,3,0,1,2,2,Y,N,39 59:36.301,75 10:30.205,1315, ,1315, ,0, ,N, ,0, , , , , , , , , ,2,0,0,1,1,0,0,0,0,0,0,1,1,0,0,0,0,0,0,0,1,0,0,1,0,0,0,0,0,0,0,0,0,0,0,4,1,39.9934,-75.1751, , 
68531,753865,2013006370,6,67,67301,2012,12,1,2325,23,3,1,0,1,1, , ,N,7,0,0,3,0,1,2,2,N,N,39 57:25.653,75 09:07.343,2347, ,2328,3,1,3,N, ,0,N, , , , , , , , ,2,1,0,0,1,0,0,0,0,0,0,0,1,1,0,0,0,0,0,0,1,0,0,0,0,0,0,0,0,0,0,0,0,0,0,8,0,39.9571,-75.152, , 
68532,753878,2012110799,6,67,67301,2012,10,4,630,6,3,1,1,7,2, , ,N,0,0,0,3,0,1,3,3,N,N,40 01:03.030,75 12:07.730,640, ,634,1,2,5, , ,0,Y, , , , , , , , ,3,3,0,0,0,0,0,0,0,0,0,0,1,1,0,0,0,0,0,0,0,0,0,0,0,0,0,0,0,0,0,0,0,0,0,8,0,40.0175,-75.2021, , 
68533,753883,2012117339,6,67,67301,2012,10,4,2020,20,3,1,0,2,1, , ,N,1,2,0,3,0,1,1,3,N,N,40 00:31.666,75 08:51.441,2032, ,2030, ,0, , , ,3, , , , , , , , , ,3,1,0,0,0,0,1,1,0,0,0,0,0,0,1,0,0,0,0,0,0,0,0,0,0,0,0,0,0,0,0,0,0,0,0,9,0,40.0088,-75.1476, , 
68534,753895,2013003859,6,67,67301,2012,12,2,710,7,3,2,1,7,5, , ,N,2,0,0,3,0,1,1,1,N,N,40 03:30.344,75 12:00.579,715, ,712, ,0, ,N, ,0, , , , , , , , , ,1,1,0,0,0,0,0,0,0,0,0,0,1,1,0,0,0,0,0,0,0,0,0,0,0,0,0,0,0,0,0,0,0,0,0,8,0,40.0584,-75.2002, , 
68535,753896,2013006918,6,67,67301,2012,12,1,350,3,3,1,0,7,4, , ,N,2,0,0,3,0,0,2,1,N,N,39 57:41.346,75 09:53.848,423, ,410, ,0, ,N, ,0, , , , , , , , , ,1,1,0,0,0,0,0,0,0,0,0,0,0,0,0,0,0,0,0,0,0,0,0,0,0,0,0,0,0,0,0,0,0,0,0,0,0,39.9615,-75.165, , 
68536,753901,2013015589,6,67,67301,2012,5,6,2057,20,3,1,0,5,1, , ,N,6,0,2,3,0,0,3,2,N,N,39 56:44.163,75 11:24.252,2110, ,2100,1,2,3,N, ,0,N, , , , , , , , ,2,1,0,0,0,0,1,0,0,0,0,0,0,0,0,0,0,0,0,0,0,0,0,0,0,0,0,0,0,0,0,0,0,0,0,0,0,39.9456,-75.1901, , 
68537,753927,2012111608,6,67,67301,2012,10,1,1255,12,1,1,0,4,1, , ,N,1,2,0,3,0,1,3,3,N,N,40 03:41.982,74 59:18.334,1305, ,1300,2,2,1,N, ,3,N, , , , , , , , ,3,2,0,0,1,0,0,0,0,0,0,1,1,0,0,0,0,0,1,0,0,0,1,0,0,0,0,0,0,0,0,0,0,0,0,4,0,40.0616,-74.9884, , 
68538,753952,2012109878,6,67,67301,2012,9,7,1756,17,1,1,0,2,6, , ,N,0,0,0,3,0,0,1,2,N,N,40 06:00.313,74 58:44.738,1756, ,1756, ,0, ,N, ,0, , , , , , , , , ,2,2,0,0,0,0,0,0,0,0,0,0,0,0,0,0,0,0,0,0,0,0,0,1,0,0,0,0,0,0,0,0,0,0,0,0,0,40.1001,-74.9791, , 
68539,753958,2012111782,6,67,67301,2012,10,3,1509,15,1,2,1,2,1, , ,N,0,0,0,3,0,2,2,2,N,N,40 05:23.680,75 03:26.940,1515, ,1510,3,2,6,Y, ,0,Y, , , , , , , , ,2,2,0,0,0,0,0,0,0,0,0,0,2,2,0,0,0,0,0,0,0,0,0,1,0,0,0,0,0,0,0,0,0,0,0,8,0,40.0899,-75.0575, , 
68540,746162,2012117322,6,67,67301,2012,10,3,9999,99,1,1,0,4,1, , ,N,2,3,0,3,0,1,2,2,N,N,39 56:01.806,75 11:39.847,9999, ,1821, ,0, ,N, ,3, , , , , , , , , ,1,1,0,0,0,0,0,0,1,0,0,0,1,1,1,0,0,0,0,0,0,0,0,0,0,0,0,0,0,0,0,0,0,0,0,8,0,39.9338,-75.1944, , 
68541,746166,2012122395,6,67,67301,2012,10,4,907,9,1,1,0,4,1, , ,N,1,3,0,3,0,1,1,2,N,N,40 01:13.458,75 08:24.453,930, ,923, ,0, ,N, ,3, , , , , , , , , ,2,1,0,0,1,0,0,0,0,0,0,1,1,0,0,0,0,0,0,0,0,0,0,0,0,0,0,0,0,0,0,0,0,0,0,4,0,40.0204,-75.1401, , 
68542,746178,2013006706,6,67,67301,2012,11,6,457,4,3,1,0,8,1, , ,N,0,0,0,3,0,1,2,2,N,N,39 54:55.448,75 13:15.730,506, ,500,9,2,3,N, ,0,Y, , , , , , , , ,1,1,0,0,0,0,0,0,0,1,0,0,1,0,0,0,0,0,0,0,0,0,0,0,0,0,0,0,0,0,0,0,1,0,1,2,0,39.9153,-75.2211, , 
68543,746186,2012095474,6,67,67301,2012,8,5,1335,13,1,1,0,1,1, , ,N,1,3,0,3,0,3,3,2,N,N,40 01:44.659,75 10:41.278,1345, ,1337, ,0, ,N, ,3, , , , , , , , , ,2,2,0,0,0,0,0,0,0,0,0,2,2,0,1,0,0,0,0,0,1,0,0,0,0,0,0,0,0,0,0,0,0,0,0,4,0,40.0291,-75.1781, , 
68544,746190,2012099106,6,67,67301,2012,10,4,532,5,2,5,1,0,1, , ,N,0,0,0,3,0,0,5,5,N,N,40 00:13.962,75 11:43.304,558, ,539, ,0, ,N, ,0, , , , , , , , , ,5,2,0,0,0,0,1,1,0,0,0,0,0,0,1,0,0,0,0,0,2,0,0,0,0,0,0,0,0,0,0,0,0,0,0,9,0,40.0039,-75.1954, , 
68545,746193,2012109743,6,67,67301,2012,10,4,808,8,1,2,1,1,1, , ,N,0,0,0,3,0,1,2,2,N,N,40 01:57.011,75 11:15.694,810, ,808,1,1,2,N, ,0,N, , , , , , , , ,2,2,0,0,0,0,0,0,0,0,0,1,1,0,0,0,0,0,0,0,1,0,0,0,0,0,0,0,0,0,0,0,0,0,0,4,0,40.0325,-75.1877, , 
68546,746215,2013003986,6,67,67301,2012,12,7,1140,11,1,1,0,4,1, , ,N,1,2,0,3,0,1,3,2,N,N,40 02:46.150,75 04:44.993,1150, ,1145, ,0, ,N, ,3, , , , , , , , , ,2,1,0,0,1,0,0,0,0,0,0,1,1,0,0,0,0,0,0,0,0,0,0,0,0,0,0,0,0,0,0,0,0,0,0,4,0,40.0462,-75.0792, , 
68547,746217,2013006844,6,67,67301,2012,12,4,2141,21,3,2,1,2,1, , ,N,0,2,0,3,0,3,5,2,N,N,40 02:25.371,75 00:55.116,2146, ,2141,9,2,1,N, ,3,N, , , , , , , , ,2,1,0,0,0,0,1,0,0,0,0,0,3,3,0,0,0,0,0,0,0,0,0,0,0,0,0,0,0,0,0,0,0,0,0,8,0,40.0404,-75.0153, , 
68548,746237,2012117205,6,67,67301,2012,10,6,9999,99,1,1,1,4,1, , ,N,0,0,0,3,0,0,2,2,N,N,39 59:25.267,75 05:31.671,1415, ,1415,1,2,6,N, ,0,Y, , , , , , , , ,2,2,0,0,0,0,0,0,0,0,0,0,0,0,0,0,0,0,0,0,0,0,0,0,0,0,0,0,0,0,0,0,0,0,0,0,0,39.9904,-75.0921, , 
68549,746238,2012119255,6,67,67301,2012,11,3,1838,18,3,1,0,1,1, , ,N,0,0,0,3,0,1,6,2,N,N,39 57:54.771,75 11:08.207,1847, ,1839,1,1,4,N, ,0,N, , , , , , , , ,2,1,0,0,0,0,1,0,0,0,0,1,1,0,0,0,0,0,0,0,1,0,0,0,0,0,0,0,0,0,0,0,0,0,0,4,0,39.9652,-75.1856, , 
68550,746242,2012122406,6,67,67301,2012,11,7,2201,22,3,1,0,8,1, , ,N,0,0,0,3,0,1,2,2,N,N,40 01:08.233,75 06:54.778,2201, ,2201, ,0, ,N, ,0, , , , , , , , , ,1,0,0,0,0,0,0,1,0,0,1,0,1,0,1,0,0,0,0,0,0,0,0,0,0,0,0,0,0,0,0,0,1,0,0,3,0,40.019,-75.1152, , 
68551,746254,2013012016,6,67,67301,2012,12,4,1730,17,3,2,1,8,1, , ,N,0,0,0,3,0,2,3,3,N,N,40 00:19.394,75 09:31.073,1743, ,1739, ,0, ,N, ,0, , , , , , , , , ,1,1,0,0,0,0,0,0,0,0,0,0,2,2,0,0,0,0,0,0,0,0,0,0,0,0,0,0,0,0,0,0,2,0,0,8,0,40.0054,-75.1586, , 
68552,746277,2012098943,6,67,67301,2012,8,5,2120,21,3,1,1,1,1, , ,N,0,0,0,3,0,1,2,2,N,N,39 56:48.152,75 09:45.835,2135, ,2135, ,0, , , ,0, , , , , , , , , ,2,2,0,0,0,0,0,0,0,0,0,0,1,1,0,0,0,0,0,0,0,0,0,0,0,0,0,0,0,0,0,0,0,0,0,8,0,39.9467,-75.1627, , 
68553,746287,2013003844,6,67,67301,2012,12,6,1446,14,1,2,1,1,1, , ,N,0,0,0,3,0,1,3,2,N,N,40 06:42.293,75 00:14.123,1452, ,1448, ,0, ,N, ,0, , , , , , , , , ,2,1,0,0,1,0,0,0,0,0,1,0,1,0,0,0,0,0,0,0,1,0,0,0,0,0,0,0,0,0,0,0,0,0,0,3,0,40.1117,-75.0039, , 
68554,746298,2013007286,6,67,67301,2012,12,3,900,9,1,2,1,4,4, , ,N,0,0,0,3,0,2,5,3,N,N,40 01:20.263,75 11:56.008,1015, ,946, ,0, ,N, ,0, , , , , , , , , ,3,3,0,0,0,0,0,0,0,0,0,2,2,0,0,0,0,0,0,0,2,0,0,0,0,0,0,0,0,0,0,0,0,0,0,4,0,40.0223,-75.1989, , 
68555,746303,2012118203,6,67,67301,2012,11,6,1158,11,1,1,0,1,1, , ,N,0,0,0,3,0,2,5,4,N,N,39 57:54.971,75 11:09.118,1210, ,1204, ,0, ,N, ,0, , , , , , , , , ,4,3,0,0,1,0,0,0,0,0,0,2,2,0,0,0,0,0,0,0,1,0,0,0,0,0,0,0,0,0,0,0,0,0,0,4,0,39.9653,-75.1859, , 
68556,746312,2012129062,6,67,67301,2012,11,3,18,0,3,1,0,4,1, , ,N,1,2,0,3,2,2,4,3,N,N,40 02:43.041,75 03:38.484,21, ,20,4,2,7, ,0,3,Y, , , , , , , , ,3,1,0,0,0,0,2,0,0,0,0,1,2,1,0,0,0,0,0,0,0,0,0,1,1,0,1,0,0,0,0,0,0,0,0,1,0,40.0453,-75.0607,2, 
68557,746315,2013006660,6,67,67301,2012,12,5,1836,18,3,1,0,1,1, , ,N,1,2,0,3,0,2,4,2,N,N,40 01:34.840,75 05:50.934,1843, ,1839, ,0, ,N, ,3, , , , , , , , , ,2,1,0,0,0,0,0,1,0,0,0,0,2,2,0,0,0,0,0,0,0,1,0,0,0,0,0,0,0,0,0,0,0,0,0,8,0,40.0263,-75.0975, , 
68558,749024,2012109934,6,67,67301,2012,10,7,140,1,3,1,0,1,1, , ,N,1,2,0,3,0,0,2,2,N,N,40 01:47.231,75 05:16.817,155, ,147,1,1,1,N, ,3,N, , , , , , , , ,2,2,0,0,0,0,0,0,0,0,0,0,0,0,0,0,0,0,0,0,0,0,0,0,0,0,0,0,0,0,0,0,0,0,0,0,0,40.0298,-75.088, , 
68559,749026,2012112631,6,67,67301,2012,10,2,1230,12,1,1,0,4,1, , ,N,0,0,7,3,0,1,2,2,N,N,39 56:54.197,75 12:51.998,1300, ,1252, ,0, ,N, ,0, , , , , , , , , ,2,1,0,0,0,0,1,0,0,0,0,0,1,1,0,0,0,0,0,0,1,0,0,0,0,0,0,0,0,0,0,0,0,0,0,8,0,39.9484,-75.2144, , 
68560,749035,2012117277,6,67,67301,2012,10,6,135,1,3,2,1,8,1, , ,N,0,0,0,3,0,1,2,2,N, ,39 56:28.387,75 12:53.572,146, ,144, ,0, , , ,0, , , , , , , , , ,1,1,0,0,0,0,0,0,0,1,0,0,1,0,0,0,0,0,0,0,0,0,0,0,0,0,0,0,0,0,0,0,1,0,1,2,0,39.9412,-75.2149, , 
68561,749052,2012041738,6,67,67301,2012,3,3,1940,19,3,1,0,8,1, , ,N,0,0,0,3,0,1,2,2,N,N,39 58:26.159,75 09:06.633,1943, ,1940, ,0, ,N, ,0, , , , , , , , , ,1,1,0,0,0,0,0,0,0,0,1,0,1,0,0,0,0,0,0,0,0,0,0,0,0,0,0,0,0,0,0,0,1,0,0,3,0,39.9739,-75.1518, , 
68562,749062,2012054717,6,67,67301,2012,4,6,819,8,1,1,0,1,1, , ,N,1,2,0,3,0,0,2,2,N,N,39 56:02.753,75 10:03.046,823, ,820, ,0, ,N, ,3, , , , , , , , , ,2,2,0,0,0,0,0,0,0,0,0,0,0,0,0,0,0,0,0,0,0,0,0,2,0,0,0,0,0,0,0,0,0,0,0,0,0,39.9342,-75.1675, , 
68563,749072,2012066625,6,67,67301,2012,6,7,1113,11,1,1,0,8,1, , ,N,0,0,0,3,0,1,2,2,N,N,39 58:54.520,75 10:55.100,1117, ,1115, ,0, ,N, ,0, , , , , , , , , ,1,1,0,0,0,0,0,0,0,0,0,1,1,0,0,0,0,0,0,0,0,0,0,0,0,0,0,0,0,0,0,0,1,0,0,4,0,39.9818,-75.182, , 
68564,749084,2012078148,6,67,67301,2012,7,6,2330,23,3,1,0,5,1, , ,N,0,0,0,3,0,0,6,2,N,N,39 57:36.756,75 08:16.975,2330, ,2330, ,0, ,N, ,0, , , , , , , , , ,2,2,0,0,0,0,0,0,0,0,0,0,0,0,0,0,0,0,0,0,0,0,0,0,0,0,0,0,0,0,0,0,0,0,0,0,0,39.9602,-75.138, , 