objectid_1,objectid,crn,district,county,municipality,crash_year,crash_month,day_of_week,time_of_day,hour_of_day,illumination,weather,road_condition,collision_type,relation_to_road,work_zone_type,work_zone_loc,work_zone_ind,intersect_type,tcd_type,location_type,urban_rural,fatal_count,injury_count,person_count,total_units,sch_bus_ind,sch_zone_ind,latitude,longitude,arrival_tm,cons_zone_spd_lim,dispatch_tm,est_hrs_closed,lane_closed,ln_close_dir,ntfy_hiwy_maint,spec_juris_cd,tcd_func_cd,tfc_detour_ind,workers_pres,wz_close_detour,wz_flagger,wz_law_offcr_ind,wz_ln_closure,wz_moving,wz_other,wz_shlder_mdn,vehicle_count,automobile_count,motorcycle_count,bus_count,small_truck_count,heavy_truck_count,suv_count,van_count,bicycle_count,maj_inj_count,mod_inj_count,min_inj_count,tot_inj_count,unk_inj_deg_count,unk_inj_per_count,driver_count_16yr,driver_count_17yr,driver_count_18yr,driver_count_19yr,driver_count_20yr,driver_count_50_64yr,driver_count_65_74yr,driver_count_75plus,unbelted_occ_count,unb_death_count,unb_maj_inj_count,belted_death_count,belted_maj_inj_count,mcycle_death_count,mcycle_maj_inj_count,bicycle_death_count,bicycle_maj_inj_count,ped_count,ped_death_count,ped_maj_inj_count,max_severity_level,comm_veh_count,dec_lat,dec_long,rdwy_surf_type_cd,county_name
68565,749092,2013003801,6,67,67301,2012,12,3,520,5,3,1,0,4,1, , ,N,1,3,0,3,0,1,2,2,N,N,40 00:25.851,75 08:52.483,536, ,522,9,1,1,N, ,3,N, , , , , , , , ,2,0,0,0,0,0,1,1,0,0,0,1,1,0,1,0,0,0,0,0,0,0,0,1,0,0,0,0,0,0,0,0,0,0,0,4,0,40.0072,-75.1479, , 
68566,749094,2013006917,6,67,67301,2012,12,4,905,9,1,1,0,5,1, , ,N,0,0,0,3,0,1,2,2,N,N,39 55:54.523,75 10:15.200,909, ,907, ,0, ,N, ,0, , , , , , , , , ,2,1,0,0,0,1,0,0,0,0,1,0,1,0,0,0,0,0,0,0,1,0,0,0,0,0,0,0,0,0,0,0,0,0,0,3,1,39.9318,-75.1709, , 
68567,749096,2012097369,6,67,67301,2012,9,5,1121,11,1,1,0,9,1, , ,N,0,0,0,3,0,1,2,2,N,N,39 58:34.963,75 11:44.105,1124, ,1124, ,0, ,N, ,0, , , , , , , , , ,2,1,0,0,1,0,0,0,0,0,0,0,1,1,0,0,0,0,0,0,0,0,0,0,0,0,0,0,0,0,0,0,0,0,0,8,1,39.9764,-75.1956, , 
68568,749100,2012101036,6,67,67301,2012,9,3,645,6,1,1,1,1,1, , ,N,0,2,0,3,0,1,3,3,N,N,39 53:30.643,75 14:30.954,653, ,647, ,0, ,N, ,3, , , , , , , , , ,3,2,0,0,0,0,0,0,0,0,0,1,1,0,1,0,0,0,0,0,1,0,0,0,0,0,0,0,0,0,0,0,0,0,0,4,0,39.8918,-75.2419, , 
68569,749106,2012104015,6,67,67301,2012,9,6,2220,22,3,1,0,1,1, , ,N,2,2,0,3,0,1,3,2,N,N,39 57:19.193,75 09:46.331,2230, ,2226, ,0, ,N, ,3, , , , , , , , , ,2,2,0,0,0,0,0,0,0,0,0,0,1,1,1,0,0,0,0,0,1,0,0,0,0,0,0,0,0,0,0,0,0,0,0,8,0,39.9553,-75.1629, , 
68570,749111,2012116141,6,67,67301,2012,7,5,930,9,1,9,8,1,1, , ,N,0,0,0,3,0,1,2,2,N,N,39 58:39.406,75 12:04.084,0, ,0, ,0, ,N, ,0, , , , , , , , , ,2,1,0,0,1,0,0,0,0,0,0,0,1,1,1,0,0,0,0,0,1,0,0,0,0,0,0,0,0,0,0,0,0,0,0,8,0,39.9776,-75.2011, , 
68571,749115,2012119188,6,46,46104,2012,11,1,1038,10,1,1,0,1,1, , ,N,0,0,0,3,0,0,3,2,N,N,40 00:13.730,75 13:15.164,1040, ,1038, ,0, ,N, ,0, , , , , , , , , ,2,2,0,0,0,0,0,0,0,0,0,0,0,0,0,0,0,0,0,0,0,0,0,0,0,0,0,0,0,0,0,0,0,0,0,0,0,40.0038,-75.2209, , 
68572,749118,2012121684,6,67,67301,2012,11,7,1723,17,3,1,0,1,1, , ,N,0,0,0,3,0,0,9,3,N,N,39 57:34.235,75 10:29.664,1756, ,1726, ,0, ,N, ,0, , , , , , , , , ,3,2,0,0,0,0,1,0,0,0,0,0,0,0,0,0,0,0,0,1,1,0,0,0,0,0,0,0,0,0,0,0,0,0,0,0,0,39.9595,-75.1749, , 
68573,749129,2013004427,6,67,67301,2012,11,5,1200,12,3,1,0,1,1, , ,N,1,2,0,3,0,2,2,2,N,N,39 59:07.172,75 08:10.229,1205, ,1200, ,0, ,N, ,3, , , , , , , , , ,2,2,0,0,0,0,0,0,0,0,0,1,2,1,0,0,0,0,0,0,0,0,0,0,0,0,0,0,0,0,0,0,0,0,0,4,0,39.9853,-75.1362, , 
68574,749146,2013004005,6,67,67301,2012,12,5,800,8,1,1,0,2,1, , ,N,1,2,0,3,0,2,3,2,N,N,40 01:01.528,75 09:04.326,820, ,816, ,0, ,N, ,3, , , , , , , , , ,2,1,0,0,0,0,1,0,0,0,2,0,2,0,0,0,0,0,0,0,0,0,0,0,0,0,0,0,0,0,0,0,0,0,0,3,0,40.0171,-75.1512, , 
68575,749147,2013006078,6,67,67301,2012,12,5,1823,18,3,1,0,4,1, , ,N,1,2,0,3,0,3,5,3,N,N,40 02:06.568,75 08:41.251,1837, ,1823, ,0, ,N, ,3, , , , , , , , , ,3,2,0,0,0,0,1,0,0,0,3,0,3,0,0,0,0,0,0,0,0,1,0,0,0,0,0,0,0,0,0,0,0,0,0,3,0,40.0352,-75.1448, , 
68576,752147,2012083363,6,67,67301,2012,7,7,9999,99,3,1,0,7,5, , ,N,0,0,0,3,0,1,1,1,N,N,40 02:46.687,75 05:23.033,342, ,340, ,0, ,N, ,0, , , , , , , , , ,1,1,0,0,0,0,0,0,0,0,0,0,1,1,0,0,0,0,0,1,0,0,0,0,0,0,0,0,0,0,0,0,0,0,0,8,0,40.0463,-75.0897, , 
68577,752149,2012085736,6,67,67301,2012,5,6,1610,16,1,1,0,7,2, , ,N,0,0,0,3,0,1,1,1,N,N,39 52:59.505,75 13:22.422,1619, ,1610,3,1,3, , ,0,Y, , , , , , , , ,1,1,0,0,0,0,0,0,0,0,0,1,1,0,0,0,0,0,0,0,0,0,0,0,0,0,0,0,0,0,0,0,0,0,0,4,0,39.8832,-75.2229, , 
68578,752174,2012120150,6,67,67301,2012,10,4,2040,20,3,1,0,4,1, , ,N,1,2,0,3,0,4,5,2,N, ,40 03:34.205,75 04:49.964,2105, ,2047, ,0, , , ,3, , , , , , , , , ,2,1,0,0,0,0,1,0,0,0,0,0,0,0,2,0,0,0,0,0,0,0,0,0,0,0,0,0,0,0,0,0,0,0,0,9,0,40.0595,-75.0805, , 
68579,752176,2013003820,6,67,67301,2012,12,5,1120,11,1,1,0,4,1, , ,N,1,2,0,3,0,1,2,2,N,N,39 56:30.469,75 10:26.774,1132, ,1130, ,0, ,N, ,3, , , , , , , , , ,1,0,0,0,0,0,1,0,1,0,0,0,1,1,0,0,0,0,0,0,0,0,0,0,0,0,0,0,0,0,0,0,0,0,0,8,0,39.9418,-75.1741, , 
68580,752185,2012117294,6,67,67301,2012,10,5,1200,12,1,1,1,8,1, , ,N,1,2,0,3,0,1,2,2,N,N,39 57:06.627,75 10:18.367,1220, ,1200, ,0, ,N, ,3, , , , , , , , , ,1,1,0,0,0,0,0,0,0,0,0,1,1,0,0,0,0,0,0,0,0,0,0,0,0,0,0,0,0,0,0,0,1,0,0,4,0,39.9518,-75.1718, , 
68581,752188,2012120116,6,67,67301,2012,11,6,2004,20,3,1,0,7,2, , ,N,1,2,0,3,0,2,4,1,N,N,39 59:10.572,75 09:22.129,2030, ,2025, ,0, ,Y, ,3, , , , , , , , , ,1,1,0,0,0,0,0,0,0,0,0,4,4,0,0,0,0,0,0,0,0,0,0,0,0,0,0,0,0,0,0,0,0,0,0,4,0,39.9863,-75.1561, , 
68582,752199,2013000082,6,67,67301,2012,12,5,1914,19,3,1,0,1,1, , ,N,0,0,0,3,0,0,2,2,N,N,39 54:09.507,75 09:03.586,1935, ,1917, ,0, ,N, ,0, , , , , , , , , ,2,1,0,0,0,1,0,0,0,0,0,0,0,0,0,0,0,0,0,1,1,0,0,0,0,0,0,0,0,0,0,0,0,0,0,0,1,39.9027,-75.151, , 
68583,752206,2012119834,6,67,67301,2012,11,2,803,8,1,1,0,1,1, , ,N,0,0,0,3,0,0,3,3,N,N,40 00:44.188,75 03:35.089,812, ,808, ,0, ,N, ,0, , , , , , , , , ,3,2,0,0,0,0,1,0,0,0,0,0,0,0,0,0,0,0,0,0,0,0,0,0,0,0,0,0,0,0,0,0,0,0,0,0,0,40.0123,-75.0597, , 
68584,752216,2012130693,6,67,67301,2012,12,6,228,2,3,2,1,7,3, , ,N,0,0,0,3,0,1,2,1,N,N,39 57:25.295,75 10:49.517,242, ,237,2,1,3,N, ,0,N, , , , , , , , ,1,1,0,0,0,0,0,0,0,0,0,1,1,0,0,0,0,0,0,0,0,0,0,0,0,0,0,0,0,0,0,0,0,0,0,4,0,39.957,-75.1804, , 
68585,752217,2013005305,6,67,67301,2012,12,4,703,7,1,1,0,1,1, , ,N,0,0,0,3,0,1,5,5,N,N,40 00:35.111,75 03:54.041,715, ,707, ,0, ,N, ,0, , , , , , , , , ,5,3,0,0,0,0,2,0,0,0,0,1,1,0,0,0,0,0,0,0,1,0,0,0,0,0,0,0,0,0,0,0,0,0,0,4,0,40.0098,-75.065, , 
68586,752270,2012068382,6,67,67301,2012,7,5,1136,11,1,1,0,7,2, , ,N,0,0,1,3,0,1,1,1,N,N,39 57:11.939,75 10:53.802,1146, ,1139,1,2,4,N, ,0,N, , , , , , , , ,1,0,0,0,0,0,0,1,0,0,0,1,1,0,0,0,0,0,0,0,0,1,0,0,0,0,0,0,0,0,0,0,0,0,0,4,0,39.9533,-75.1816, , 
68587,752275,2012098467,6,67,67301,2012,9,3,1318,13,1,2,0,1,1, , ,N,0,2,0,3,0,1,2,2,N,N,40 02:06.560,75 04:09.626,1336, ,1320,1,1,1,N, ,3,N, , , , , , , , ,2,2,0,0,0,0,0,0,0,0,0,1,1,0,0,0,1,0,0,0,0,0,0,0,0,0,0,0,0,0,0,0,0,0,0,4,0,40.0352,-75.0693, , 
68588,752282,2012104023,6,67,67301,2012,9,5,9999,99,1,2,1,5,1, , ,N,1,2,0,3,0,1,5,4,N,N,39 54:48.970,75 13:17.680,9999, ,853, ,0, , , ,3, , , , , , , , , ,4,2,0,0,0,0,2,0,0,0,1,0,1,0,0,0,0,0,0,0,1,0,0,0,0,0,0,0,0,0,0,0,0,0,0,3,0,39.9127,-75.2219, , 
68589,752295,2012109890,6,67,67301,2012,10,5,1255,12,1,1,0,8,6, , ,N,0,0,0,3,0,1,2,2,N,N,39 58:16.458,75 09:26.280,1310, ,1304, ,0, ,N, ,0, , , , , , , , , ,1,0,0,0,0,0,0,1,0,0,0,0,1,1,0,0,0,0,0,0,0,0,0,0,0,0,0,0,0,0,0,0,1,0,0,8,0,39.9712,-75.1573, , 
68590,752305,2012119994,6,67,67301,2012,10,4,1426,14,1,1,0,4,1, , ,N,1,2,0,3,0,0,6,2,N,N,39 54:51.468,75 10:18.968,1427, ,1427, ,0, ,N, ,1, , , , , , , , , ,2,0,0,0,0,0,1,1,0,0,0,0,0,0,0,0,0,0,0,0,1,0,0,0,0,0,0,0,0,0,0,0,0,0,0,0,0,39.9142,-75.1718, , 
68591,752315,2013006671,6,67,67301,2012,11,6,2300,23,3,1,0,1,1, , ,N,1,2,0,3,0,1,4,3,N,N,40 00:02.469,75 08:52.972,2305, ,2300, ,0, ,N, ,3, , , , , , , , , ,3,3,0,0,0,0,0,0,0,0,0,1,1,0,3,0,0,1,0,0,0,1,0,0,0,0,0,0,0,0,0,0,0,0,0,4,0,40.0007,-75.148, , 
68592,752324,2012125555,6,67,67301,2012,11,6,730,7,1,1,0,8,1, , ,N,0,0,0,3,0,1,3,2,N, ,40 02:11.209,75 04:17.900,740, ,736, ,0, ,N, ,0, , , , , , , , , ,1,1,0,0,0,0,0,0,0,0,0,1,1,0,0,0,0,0,0,0,0,0,0,0,0,0,0,0,0,0,0,0,1,0,0,4,0,40.0364,-75.0716, , 
68593,752352,2013003692,6,67,67301,2012,12,2,1358,13,1,2,1,8,1, , ,N,1,2,0,3,0,1,2,2,N,N,40 01:27.245,75 02:47.562,1405, ,1359, ,0, ,N, ,3, , , , , , , , , ,1,0,0,0,1,0,0,0,0,0,0,1,1,0,0,0,0,0,0,0,0,0,0,0,0,0,0,0,0,0,0,0,1,0,0,4,0,40.0242,-75.0465, , 
68594,743108,2013040613,6,67,67301,2012,3,5,1111,11,1,1,0,1,1, , ,N,5,2,0,3,0,1,2,2,N,N,40 00:31.061,75 12:38.922,1113, ,9999, ,0, ,N, ,3, , , , , , , , , ,2,2,0,0,0,0,0,0,0,0,0,1,1,0,0,0,0,0,0,0,0,1,0,0,0,0,0,0,0,0,0,0,0,0,0,4,0,40.0085,-75.2107, , 
68595,743117,2012120026,6,67,67301,2012,11,2,738,7,1,1,0,5,1, , ,N,2,2,0,3,0,2,3,2,N,N,39 56:45.926,75 11:54.625,741, ,738, ,0, ,N, ,3, , , , , , , , , ,2,1,0,0,0,1,0,0,0,0,0,0,1,1,0,0,0,0,0,0,1,0,0,0,0,0,0,0,0,0,0,0,1,0,0,8,0,39.9461,-75.1985, , 
68596,743133,2013006689,6,67,67301,2012,10,4,9999,99,1,1,0,8,1, , ,N,0,0,0,3,0,1,2,2,N,N,40 03:00.309,75 07:34.701,805, ,800, ,0, ,N, ,0, , , , , , , , , ,1,1,0,0,0,0,0,0,0,0,0,0,1,1,0,0,0,0,0,0,0,0,0,0,0,0,0,0,0,0,0,0,1,0,0,8,0,40.0501,-75.1263, , 
68597,743134,2013006705,6,67,67301,2012,12,5,2300,23,3,1,0,4,6, , ,N,0,0,0,3,0,0,1,3,N, ,39 57:48.823,75 08:47.731,2340, ,2339,2,2,1, , ,0,Y, , , , , , , , ,3,3,0,0,0,0,0,0,0,0,0,0,0,0,0,0,0,0,0,0,0,0,0,0,0,0,0,0,0,0,0,0,0,0,0,0,0,39.9636,-75.1466, , 
68598,743140,2012114386,6,67,67301,2012,10,3,810,8,1,1,0,8,1, , ,N,1,3,0,3,0,1,3,2,N,N,40 02:42.889,75 08:16.339,835, ,830, ,0, ,N, ,3, , , , , , , , , ,1,0,0,0,0,0,0,1,0,0,0,1,1,0,0,0,0,0,0,0,0,0,0,0,0,0,0,0,0,0,0,0,1,0,0,4,0,40.0452,-75.1379, , 
68599,743161,2013004023,6,67,67301,2012,12,2,800,8,1,9,1,1,1, , ,N,1,0,0,3,0,3,5,2,N,N,40 04:46.153,74 59:30.548,910, ,857, ,0, ,N, ,0, , , , , , , , , ,2,2,0,0,0,0,0,0,0,0,0,0,3,3,0,0,0,0,0,0,0,0,0,0,0,0,0,0,0,0,0,0,0,0,0,8,0,40.0795,-74.9918, , 
68600,743162,2013006113,6,67,67301,2012,12,2,1920,19,6,3,1,8,1, , ,N,3,2,0,3,0,1,2,2,N,N,39 58:50.713,75 13:17.277,1930, ,1925, ,0, ,N, ,3, , , , , , , , , ,1,1,0,0,0,0,0,0,0,0,0,0,1,1,1,0,0,0,0,0,1,0,0,0,0,0,0,0,0,0,0,0,1,0,0,8,0,39.9808,-75.2215, , 
68601,743163,2013006701,6,67,67301,2012,12,7,1009,10,8,1,0,4,1, , ,N,0,0,7,3,0,1,3,2,N,N,40 02:43.790,75 10:34.160,1017, ,1009, ,0, ,N, ,0, , , , , , , , , ,2,2,0,0,0,0,0,0,0,0,0,1,1,0,0,0,0,0,0,0,0,0,0,0,0,0,0,0,0,0,0,0,0,0,0,4,0,40.0455,-75.1762, , 
68602,743164,2013006777,6,67,67301,2012,12,4,1615,16,1,1,0,1,1, , ,N,1,2,0,3,0,0,4,3,N,N,39 55:26.880,75 14:43.716,1631, ,1626, ,0, ,N, ,3, , , , , , , , , ,3,2,0,0,0,0,1,0,0,0,0,0,0,0,0,0,0,0,0,0,0,0,0,0,0,0,0,0,0,0,0,0,0,0,0,0,0,39.9241,-75.2455, , 
68603,743190,2012128276,6,67,67301,2012,11,6,1729,17,3,1,0,8,1, , ,N,1,2,0,3,0,2,2,2,N,N,40 03:37.581,75 10:01.313,1739, ,1734,9,1,4, , ,3,N, , , , , , , , ,1,0,0,0,1,0,0,0,0,0,0,0,2,2,0,0,0,0,0,0,0,0,0,0,0,0,0,0,0,0,0,0,1,0,0,8,1,40.0604,-75.167, , 
68604,743192,2012129084,6,67,67301,2012,11,2,915,9,1,1,0,2,1, , ,N,1,2,0,3,0,0,2,2,N,N,40 03:35.733,75 01:06.209,925, ,920, ,0, ,N, ,3, , , , , , , , , ,2,1,0,0,0,0,1,0,0,0,0,0,0,0,1,0,0,0,0,0,0,0,0,0,0,0,0,0,0,0,0,0,0,0,0,9,0,40.0599,-75.0184, , 
68605,743199,2013015591,6,67,67301,2012,6,4,1722,17,1,1,0,5,1, , ,N,0,0,0,3,0,0,6,4,N,N,39 58:52.334,75 06:09.347,1739, ,1726, ,0, ,N, ,0, , , , , , , , , ,4,2,0,0,1,0,1,0,0,0,0,0,0,0,0,0,0,0,0,1,0,0,0,0,0,0,0,0,0,0,0,0,0,0,0,0,0,39.9811,-75.1027, , 
68606,743211,2013003947,6,67,67301,2012,11,5,1500,15,1,1,0,4,1, , ,N,1,3,1,3,0,1,2,2,N,N,39 58:14.108,75 09:03.120,1559, ,1559, ,0, ,N, ,3, , , , , , , , , ,2,1,0,0,1,0,0,0,0,0,1,0,1,0,0,0,0,0,0,0,1,0,0,0,0,0,0,0,0,0,0,0,0,0,0,3,0,39.9705,-75.151, , 
68607,743216,2012103977,6,67,67301,2012,9,4,940,9,1,1,0,8,1, , ,N,1,2,0,3,0,1,1,2,N, ,39 57:12.138,75 10:17.638,941, ,940,1,1,3,N, ,3,N, , , , , , , , ,1,1,0,0,0,0,0,0,0,0,0,0,1,1,0,0,0,0,0,0,0,0,0,0,0,0,0,0,0,0,0,0,1,0,0,8,0,39.9534,-75.1716, , 
68608,743233,2012125513,6,67,67301,2012,11,4,1557,15,1,2,1,8,1, , ,N,3,0,0,3,0,2,2,3,N, ,39 58:25.273,75 13:10.244,1557, ,1557,2,1,4, , ,0,N, , , , , , , , ,1,0,0,0,0,0,1,0,0,0,1,0,1,0,0,0,0,0,0,0,1,0,0,0,0,0,0,0,0,0,0,0,1,0,0,3,0,39.9737,-75.2195, , 
68609,743241,2013012088,6,67,67301,2012,12,5,1114,11,1,1,1,7,2, , ,N,0,0,0,3,0,0,1,1,N,N,40 00:58.213,75 12:12.933,1120, ,1114,1,1,2,Y, ,0,N, , , , , , , , ,1,1,0,0,0,0,0,0,0,0,0,0,0,0,0,0,0,0,0,0,0,0,0,0,0,0,0,0,0,0,0,0,0,0,0,0,0,40.0162,-75.2036, , 
68610,743246,2012111670,6,67,67301,2012,10,7,1900,19,1,1,0,1,1,8,8,Y,0,0,3,3,0,1,6,5,N,N,39 53:29.260,75 13:37.153,1910,99,1900, ,0, ,Y, ,0, ,U,U,U,U,U,U,U,U,5,5,0,0,0,0,0,0,0,0,0,0,0,0,6,0,0,0,0,0,0,0,0,0,0,0,0,0,0,0,0,0,0,0,0,9,0,39.8915,-75.2268, , 
68611,743257,2012125467,6,67,67301,2012,11,4,815,8,1,1,0,1,1, , ,N,0,2,0,3,0,2,3,3,N, ,39 56:22.681,75 11:53.378,830, ,815, ,0, , , ,3, , , , , , , , , ,3,3,0,0,0,0,0,0,0,0,0,2,2,0,0,0,0,0,0,0,1,0,0,1,0,0,0,0,0,0,0,0,0,0,0,4,0,39.9396,-75.1982, , 
68612,746326,2013003979,6,67,67301,2012,12,3,1408,14,1,1,0,4,1, , ,N,1,2,0,3,0,2,2,2,N,Y,40 03:57.346,75 09:33.410,1430, ,1430, ,0, ,N, ,3, , , , , , , , , ,2,1,0,0,0,0,0,1,0,0,0,1,2,1,0,0,0,0,0,0,0,1,0,0,0,0,0,0,0,0,0,0,0,0,0,4,0,40.0659,-75.1593, , 
68613,746327,2013006143,6,67,67301,2012,12,7,1739,17,3,2,1,7,6, , ,N,0,0,0,3,0,1,1,3,N,N,40 06:24.537,75 02:13.480,1743, ,1739,1,2,4,N, ,0,Y, , , , , , , , ,3,3,0,0,0,0,0,0,0,0,0,0,1,1,0,0,0,0,0,0,0,0,0,1,0,0,0,0,0,0,0,0,0,0,0,8,0,40.1068,-75.0371, , 
68614,746336,2012123454,6,67,67301,2012,10,3,900,9,1,1,0,1,1, , ,N,0,0,0,3,0,0,2,2,N,N,40 00:02.503,75 11:41.175,927, ,918, ,0, ,N, ,0, , , , , , , , , ,2,2,0,0,0,0,0,0,0,0,0,0,0,0,0,0,0,0,0,0,0,0,0,0,0,0,0,0,0,0,0,0,0,0,0,0,0,40.0007,-75.1948, , 
68615,746342,2012128218,6,67,67301,2012,11,6,2322,23,3,1,0,4,1, , ,N,1,2,0,3,0,1,2,2,N,N,39 56:35.610,75 09:13.269,2331, ,2330, ,0, ,N, ,3, , , , , , , , , ,1,1,0,0,0,0,0,0,1,0,0,0,1,1,0,0,0,0,0,0,0,0,0,0,0,0,0,0,0,0,0,0,0,0,0,8,0,39.9432,-75.1537, , 
68616,746346,2013003641,6,67,67301,2012,12,4,1648,16,3,1,0,8,1, , ,N,1,2,0,3,0,1,2,2,N,N,39 57:01.836,75 10:02.485,1648, ,1648, ,0, ,N, ,3, , , , , , , , , ,1,0,0,0,0,0,1,0,0,0,1,0,1,0,0,0,0,0,0,0,0,0,0,0,0,0,0,0,0,0,0,0,1,0,0,3,0,39.9505,-75.1674, , 
68617,746354,2013006107,6,67,67301,2012,12,6,2304,23,8,2,1,8,1, , ,N,1,3,0,3,0,1,4,2,N,N,39 56:56.960,75 12:43.479,2306, ,2305, ,0, ,N, ,3, , , , , , , , , ,1,1,0,0,0,0,0,0,0,1,0,0,1,0,0,0,0,0,0,0,1,0,0,0,0,0,0,0,0,0,0,0,1,0,1,2,0,39.9492,-75.2121, , 
68618,746355,2013007288,6,67,67301,2012,12,4,1400,14,1,2,1,4,1, , ,N,1,0,0,3,0,2,3,2,N,N,39 58:49.576,75 05:20.303,1600, ,1400, ,0, ,N, ,0, , , , , , , , , ,2,2,0,0,0,0,0,0,0,0,0,2,2,0,1,0,0,0,1,0,0,0,0,0,0,0,0,0,0,0,0,0,0,0,0,4,0,39.9804,-75.089, , 
68619,746398,2013015604,6,67,67301,2012,7,6,1903,19,1,1,0,1,1, , ,N,0,0,0,3,0,3,5,3,N,N,39 59:36.781,75 05:05.540,1915, ,1906, ,0, ,N, ,0, , , , , , , , , ,3,2,0,0,0,0,1,0,0,0,0,0,3,3,0,0,0,0,0,0,1,1,0,0,0,0,0,0,0,0,0,0,0,0,0,8,0,39.9936,-75.0849, , 
68620,746401,2013031711,6,67,67301,2012,12,7,314,3,3,1,0,7,7, , ,N,7,0,2,3,0,0,1,1,N,N,39 58:59.444,75 05:55.271,330, ,316, ,0, ,Y, ,0, , , , , , , , , ,1,1,0,0,0,0,0,0,0,0,0,0,0,0,0,0,0,0,0,0,0,0,0,0,0,0,0,0,0,0,0,0,0,0,0,0,0,39.9832,-75.0987, , 
68621,746408,2013003693,6,67,67301,2012,11,1,9999,99,3,1,0,8,1, , ,N,0,0,0,3,0,0,1,2,N, ,40 00:50.104,75 07:16.795,1740, ,1734, ,0, , , ,0, , , , , , , , , ,1,0,0,0,0,0,1,0,0,0,0,0,1,1,0,0,0,0,0,0,0,0,0,0,0,0,0,0,0,0,0,0,1,0,0,8,0,40.0139,-75.1213, , 
68622,746411,2013010601,6,67,67301,2012,12,7,15,0,3,1,0,7,2, , ,N,0,0,0,3,0,0,4,1,N,N,39 57:35.020,75 10:39.498,27, ,27, ,0, ,N, ,0, , , , , , , , , ,1,0,0,0,0,0,1,0,0,0,0,0,0,0,0,0,0,0,0,0,0,0,0,0,0,0,0,0,0,0,0,0,0,0,0,0,0,39.9597,-75.1776, , 
68623,746413,2012114873,6,67,67301,2012,10,1,2200,22,3,1,0,1,1, , ,N,0,2,0,3,0,0,0,2,N,N,39 57:09.995,75 09:00.306,9999, ,2203, ,0, ,N, ,3, , , , , , , , , ,2,2,0,0,0,0,0,0,0,0,0,0,0,0,0,0,0,0,0,0,0,0,0,0,0,0,0,0,0,0,0,0,0,0,0,9,0,39.9528,-75.1501, , 
68624,746430,2012122379,6,67,67301,2012,10,1,1430,14,1,1,0,4,1, , ,N,2,3,0,3,0,1,3,4,N, ,39 58:19.833,75 10:31.241,1533, ,1531, ,0, , , ,3, , , , , , , , , ,4,4,0,0,0,0,0,0,0,0,0,0,1,1,0,0,0,0,0,0,0,1,0,0,0,0,0,0,0,0,0,0,0,0,0,8,0,39.9722,-75.1753, , 
68625,746452,2012115231,6,67,67301,2012,9,5,1400,14,1,1,0,1,4, , ,N,1,3,0,3,0,1,2,2,N,N,39 55:57.266,75 13:48.767,0, ,0, ,0, ,N, ,3, , , , , , , , , ,2,1,0,0,0,0,0,0,0,0,0,0,1,1,1,0,0,0,0,0,0,0,0,0,0,0,0,0,0,0,0,0,0,0,0,8,0,39.9326,-75.2302, , 
68626,746510,2012114174,6,67,67301,2012,11,2,2140,21,3,1,0,1,1, , ,N,6,0,0,3,0,1,5,3,Y,Y,39 56:55.117,75 11:09.395,2140, ,2140, ,0, ,Y, ,0, , , , , , , , , ,3,3,0,0,0,0,0,0,0,0,0,0,1,1,0,0,0,0,1,0,0,0,0,0,0,0,0,0,0,0,0,0,0,0,0,8,0,39.9486,-75.1859, , 
68627,746537,2012128314,6,67,67301,2012,11,4,1650,16,4,1,0,4,1, , ,N,2,0,0,3,0,1,4,2,N,N,40 01:25.051,75 03:12.976,1726, ,1726, ,0, ,N, ,0, , , , , , , , , ,2,2,0,0,0,0,0,0,0,0,0,1,1,0,0,0,0,0,0,0,0,0,0,0,0,0,0,0,0,0,0,0,0,0,0,4,0,40.0236,-75.0536, , 
68628,746562,2012129067,6,67,67301,2012,11,6,856,8,1,1,0,4,1, , ,N,0,2,0,3,0,1,2,2,N, ,39 57:11.592,75 14:34.044,900, ,856,9,1,7, , ,3,N, , , , , , , , ,1,1,0,0,0,0,0,0,0,0,0,1,1,0,0,0,0,0,0,0,0,0,0,0,0,0,0,0,0,0,0,0,1,0,0,4,0,39.9532,-75.2428, , 
68629,746569,2013006122,6,67,67301,2012,12,1,142,1,3,1,0,8,1, , ,N,1,2,0,3,0,1,4,2,N,N,39 57:16.822,75 11:40.080,145, ,144, ,0, ,N, ,3, , , , , , , , , ,1,1,0,0,0,0,0,0,0,1,0,0,1,0,0,0,0,0,0,0,0,0,0,1,0,0,0,0,0,0,0,0,1,0,1,2,0,39.9547,-75.1944, , 
68630,746577,2012123328,6,67,67301,2012,11,5,2203,22,3,1,0,4,1, , ,N,3,0,0,3,0,1,3,2,N, ,39 59:57.188,75 09:29.926,2205, ,2200, ,0, , , ,0, , , , , , , , , ,2,1,0,0,0,0,1,0,0,0,1,0,1,0,0,0,0,0,0,0,0,0,0,1,0,0,0,0,0,0,0,0,0,0,0,3,0,39.9992,-75.1583, , 
68631,749191,2012129076,6,67,67301,2012,11,3,1715,17,2,2,1,4,1, , ,N,0,0,0,3,0,1,2,2,N,N,39 58:50.553,75 11:54.385,1725, ,9999, ,0, ,N, ,0, , , , , , , , , ,2,2,0,0,0,0,0,0,0,0,0,0,1,1,0,0,0,0,0,0,1,0,0,0,0,0,0,0,0,0,0,0,0,0,0,8,0,39.9807,-75.1984, , 