objectid_1,objectid,crn,district,county,municipality,crash_year,crash_month,day_of_week,time_of_day,hour_of_day,illumination,weather,road_condition,collision_type,relation_to_road,work_zone_type,work_zone_loc,work_zone_ind,intersect_type,tcd_type,location_type,urban_rural,fatal_count,injury_count,person_count,total_units,sch_bus_ind,sch_zone_ind,latitude,longitude,arrival_tm,cons_zone_spd_lim,dispatch_tm,est_hrs_closed,lane_closed,ln_close_dir,ntfy_hiwy_maint,spec_juris_cd,tcd_func_cd,tfc_detour_ind,workers_pres,wz_close_detour,wz_flagger,wz_law_offcr_ind,wz_ln_closure,wz_moving,wz_other,wz_shlder_mdn,vehicle_count,automobile_count,motorcycle_count,bus_count,small_truck_count,heavy_truck_count,suv_count,van_count,bicycle_count,maj_inj_count,mod_inj_count,min_inj_count,tot_inj_count,unk_inj_deg_count,unk_inj_per_count,driver_count_16yr,driver_count_17yr,driver_count_18yr,driver_count_19yr,driver_count_20yr,driver_count_50_64yr,driver_count_65_74yr,driver_count_75plus,unbelted_occ_count,unb_death_count,unb_maj_inj_count,belted_death_count,belted_maj_inj_count,mcycle_death_count,mcycle_maj_inj_count,bicycle_death_count,bicycle_maj_inj_count,ped_count,ped_death_count,ped_maj_inj_count,max_severity_level,comm_veh_count,dec_lat,dec_long,rdwy_surf_type_cd,county_name
68699,788116,2011053008,6,67,67301,2011,5,5,1102,11,1,1,0,5,1, , ,N,0,0,0,3,0,0,2,2,N,N,40 00:34.105,75 03:55.372,1121, ,1105, ,0, ,N, ,0, , , , , , , , , ,2,0,0,0,1,0,1,0,0,0,0,0,0,0,0,0,0,0,0,0,0,0,0,0,0,0,0,0,0,0,0,0,0,0,0,0,0,40.0094,-75.0655, , 
68700,788119,2011055451,6,67,67301,2011,5,1,1552,15,1,1,0,5,1, , ,N,0,0,0,3,0,0,2,2,N,N,39 53:28.981,75 14:17.112,1603, ,1556, ,0, ,N, ,0, , , , , , , , , ,2,1,0,0,0,0,1,0,0,0,0,0,0,0,0,0,0,0,0,0,1,0,0,1,0,0,0,0,0,0,0,0,0,0,0,0,0,39.8914,-75.2381, , 
68701,788120,2011055709,6,67,67301,2011,5,1,814,8,1,1,0,7,2, , ,N,0,0,0,3,0,0,1,1,N,N,39 59:22.498,75 05:14.152,824, ,820,1,1,1,N, ,0,N, , , , , , , , ,1,0,0,0,1,0,0,0,0,0,0,0,0,0,0,0,0,0,0,0,0,0,0,0,0,0,0,0,0,0,0,0,0,0,0,0,0,39.9895,-75.0873, , 
68702,788155,2011038202,6,67,67301,2011,3,7,1050,10,1,1,0,4,1, , ,N,2,3,0,3,0,3,3,2,N,N,40 01:45.048,75 08:50.535,1105, ,1100,1,2,7,N, ,3,N, , , , , , , , ,2,2,0,0,0,0,0,0,0,0,0,3,3,0,0,0,0,0,0,0,0,0,0,0,0,0,0,0,0,0,0,0,0,0,0,4,0,40.0292,-75.1474, , 
68703,791567,2011086084,6,67,67301,2011,8,4,1624,16,1,1,0,1,1, , ,N,0,0,0,3,0,3,7,3,N,N,39 54:27.601,75 08:58.688,1641, ,1629,1,1,2,N, ,0,N, , , , , , , , ,3,2,0,0,0,0,1,0,0,0,1,2,3,0,0,0,0,0,0,0,0,0,0,0,0,0,0,0,0,0,0,0,0,0,0,3,0,39.9078,-75.1496, , 
68704,791569,2011087912,6,67,67301,2011,8,7,1545,15,1,1,0,1,1, , ,N,1,0,0,3,0,0,3,2,N,N,40 01:53.151,75 09:17.114,9999, ,1720, ,0, ,N, ,0, , , , , , , , , ,2,2,0,0,0,0,0,0,0,0,0,0,0,0,0,0,0,0,0,0,1,0,0,0,0,0,0,0,0,0,0,0,0,0,0,0,0,40.0314,-75.1548, , 
68705,791570,2011087935,6,67,67301,2011,8,1,1500,15,1,1,0,4,1, , ,N,1,2,0,3,0,1,2,2,N,N,39 55:31.400,75 10:39.093,1503, ,1500, ,0, , , ,3, , , , , , , , , ,1,1,0,0,0,0,0,0,1,0,0,1,1,0,0,0,0,0,0,0,1,0,0,0,0,0,0,0,0,0,0,0,0,0,0,4,0,39.9254,-75.1775, , 
68706,791593,2011106758,6,67,67301,2011,10,4,618,6,3,1,0,5,1, , ,N,0,0,0,3,0,3,5,2,N,N,39 57:21.281,75 10:49.983,645, ,641,1,1,4,N, ,0,N, , , , , , , , ,2,1,0,0,0,0,0,1,0,0,0,3,3,0,0,0,0,0,0,1,1,0,0,0,0,0,0,0,0,0,0,0,0,0,0,4,0,39.9559,-75.1806, , 
68707,791594,2011108891,6,67,67301,2011,9,6,2235,22,3,2,1,1,1, , ,N,1,2,0,3,0,3,5,2,N,N,40 02:09.822,75 05:16.321,2335, ,2330, ,0, ,N, ,3, , , , , , , , , ,2,1,0,0,0,0,1,0,0,0,0,1,3,2,0,0,0,0,0,0,1,0,0,0,0,0,0,0,0,0,0,0,0,0,0,4,0,40.0361,-75.0879, , 
68708,791603,2011054311,6,67,67301,2011,4,2,2002,20,3,1,0,4,1, , ,N,2,0,0,3,0,1,2,2,N,N,40 00:03.373,75 10:20.621,2050, ,2047, ,0, , , ,0, , , , , , , , , ,2,2,0,0,0,0,0,0,0,0,0,0,1,1,0,0,0,0,0,0,0,0,0,0,0,0,0,0,0,0,0,0,0,0,0,8,0,40.0009,-75.1724, , 
68709,791614,2011064111,6,67,67301,2011,5,6,9999,99,3,2,1,8,1, , ,N,1,2,0,3,0,1,2,2,N,N,39 57:53.673,75 13:28.432,2150, ,2141, ,0, ,N, ,3, , , , , , , , , ,1,0,0,0,0,0,0,1,0,0,0,1,1,0,1,0,0,0,0,0,0,0,0,0,0,0,0,0,0,0,0,0,1,0,0,4,0,39.9649,-75.2246, , 
68710,791619,2011066873,6,67,67301,2011,6,5,1537,15,1,1,0,1,1, , ,N,0,0,0,3,0,0,3,3,N,N,40 02:20.900,75 00:29.814,1602, ,1540,1,1,2,N, ,0,Y, , , , , , , , ,3,2,0,0,1,0,0,0,0,0,0,0,0,0,2,0,0,0,0,0,0,0,0,0,0,0,0,0,0,0,0,0,0,0,0,9,0,40.0392,-75.0082, , 
68711,791649,2011010036,6,67,67301,2011,1,4,510,5,3,1,0,7,5, , ,N,0,0,0,3,0,0,1,1,N,N,40 01:10.941,75 09:47.407,520, ,514, ,0, ,N, ,0, , , , , , , , , ,1,0,0,0,0,0,1,0,0,0,0,0,0,0,0,0,0,0,0,0,0,0,0,0,0,0,0,0,0,0,0,0,0,0,0,0,0,40.0197,-75.1632, , 
68712,791653,2011016020,6,67,67301,2011,1,5,230,2,3,8,6,8,1, , ,N,0,0,0,3,0,1,2,2, , ,40 01:35.200,75 09:34.660,1435, ,1430, ,0, , , ,0, , , , , , , , , ,1,0,0,0,0,0,1,0,0,0,0,1,1,0,0,0,0,0,0,0,0,0,0,0,0,0,0,0,0,0,0,0,1,0,0,4,0,40.0264,-75.1596, , 
68713,791654,2011016926,6,67,67301,2011,1,3,1117,11,1,1,0,7,5, , ,N,0,0,1,3,0,1,1,1, , ,39 55:56.598,75 13:08.402,1124, ,1124, ,0, , , ,0, , , , , , , , , ,1,0,0,0,0,1,0,0,0,0,0,1,1,0,0,0,0,0,0,0,1,0,0,0,0,0,0,0,0,0,0,0,0,0,0,4,1,39.9324,-75.219, , 
68714,791672,2011037154,6,67,67301,2011,4,6,1458,14,1,2,1,7,4, , ,N,7,2,2,3,0,0,1,1,N,N,40 01:40.504,75 01:27.533,1517, ,1500, ,0, ,N, ,3, , , , , , , , , ,1,1,0,0,0,0,0,0,0,0,0,0,0,0,0,0,0,0,0,0,0,0,0,0,0,0,0,0,0,0,0,0,0,0,0,0,0,40.028,-75.0242, , 
68715,791690,2011061367,6,67,67301,2011,1,4,9999,99,1,1,0,5,1, , ,N,0,0,7,3,0,2,5,4,N,N,40 04:23.705,75 05:04.674,1659, ,1652,1,2,5,N, ,0,Y, , , , , , , , ,4,4,0,0,0,0,0,0,0,0,0,0,2,2,0,0,0,0,0,0,1,1,0,0,0,0,0,0,0,0,0,0,0,0,0,8,0,40.0733,-75.0846, , 
68716,791740,2011061904,6,67,67301,2011,5,4,1150,11,1,1,0,2,1, , ,N,5,2,0,3,0,0,3,2,N,N,39 57:24.497,75 09:12.843,1200, ,1155, ,0, ,N, ,3, , , , , , , , , ,2,1,0,0,0,0,1,0,0,0,0,0,0,0,0,0,0,0,0,0,0,1,0,0,0,0,0,0,0,0,0,0,0,0,0,0,0,39.9568,-75.1536, , 
68717,791742,2011061722,6,67,67301,2011,5,6,710,7,1,1,0,8,1, , ,N,1,3,0,3,0,1,2,2,N, ,40 01:43.522,75 02:16.058,740, ,730, ,0, , , ,3, , , , , , , , , ,1,1,0,0,0,0,0,0,0,0,0,1,1,0,0,0,0,0,0,0,0,0,0,0,0,0,0,0,0,0,0,0,1,0,0,4,0,40.0281,-75.0335, , 
68718,791747,2011071692,6,67,67301,2011,7,5,1830,18,1,1,0,5,1, , ,N,0,0,0,3,0,0,5,3,N,N,39 57:24.675,75 09:17.835,1845, ,1834,1,1,3,N, ,0,N, , , , , , , , ,3,2,0,0,0,0,1,0,0,0,0,0,0,0,0,0,0,0,0,0,0,0,0,0,0,0,0,0,0,0,0,0,0,0,0,0,0,39.9569,-75.155, , 
68719,791775,2011100855,6,67,67301,2011,9,3,1648,16,1,2,1,4,1, , ,N,5,2,0,3,0,1,3,3,N,N,40 01:27.004,75 07:48.996,1649, ,1648,2,1,3, , ,3,N, , , , , , , , ,3,1,0,0,0,1,1,0,0,0,0,1,1,0,0,0,0,0,0,0,0,0,0,0,0,0,0,0,0,0,0,0,0,0,0,4,1,40.0241,-75.1305, , 
68720,791781,2011106157,6,67,67301,2011,9,7,1415,14,1,1,0,5,1, , ,N,0,0,0,3,0,1,4,2,N,N,40 00:12.610,75 10:03.674,1420, ,1420, ,0, , , ,0, , , , , , , , , ,2,1,0,0,1,0,0,0,0,0,0,1,1,0,0,0,0,0,0,0,0,0,0,0,0,0,0,0,0,0,0,0,0,0,0,4,0,40.0035,-75.1677, , 
68721,795784,2011105919,6,67,67301,2011,8,1,2131,21,3,1,0,1,1, , ,N,0,0,0,3,0,1,2,2,N,N,39 56:11.593,75 08:40.359,2137, ,2133,2,1,2,N, ,0,N, , , , , , , , ,2,1,0,0,0,1,0,0,0,0,0,1,1,0,0,0,0,0,0,0,0,0,0,0,0,0,0,0,0,0,0,0,0,0,0,4,1,39.9366,-75.1445, , 
68722,795785,2011106672,6,67,67301,2011,9,1,1530,15,1,1,0,2,1, , ,N,1,2,0,3,0,2,2,2,N,N,40 01:30.753,75 03:46.128,1553, ,1553, ,0, ,N, ,3, , , , , , , , , ,2,2,0,0,0,0,0,0,0,0,0,2,2,0,0,0,0,0,0,0,1,0,0,0,0,0,0,0,0,0,0,0,0,0,0,4,0,40.0251,-75.0627, , 
68723,795795,2011017710,6,67,67301,2011,1,7,2309,23,3,1,1,7,2, , ,N,0,0,0,3,0,2,3,1,N,N,39 58:46.636,75 06:27.093,2319, ,2312,3,1,2,Y, ,0,N, , , , , , , , ,1,1,0,0,0,0,0,0,0,0,0,0,2,2,0,0,0,0,0,0,0,0,0,2,0,0,0,0,0,0,0,0,0,0,0,8,0,39.9796,-75.1075, , 
68724,795810,2011036960,6,46,46104,2011,4,6,9999,99,1,2,1,4,1, , ,N,1,2,0,3,0,1,2,2,N,N,39 59:57.024,75 13:51.310,1022, ,1020, ,0, ,N, ,3, , , , , , , , , ,2,1,0,0,0,0,0,1,0,0,0,1,1,0,0,0,0,0,0,0,0,0,0,0,0,0,0,0,0,0,0,0,0,0,0,4,0,39.9991,-75.2309, , 
68725,795816,2011047107,6,67,67301,2011,4,7,1415,14,1,1,0,4,1, , ,N,1,2,0,3,0,1,2,2,N,N,40 00:50.174,75 03:20.262,1435, ,1726, ,0, , , ,3, , , , , , , , , ,2,2,0,0,0,0,0,0,0,0,0,1,1,0,0,0,0,0,0,0,0,0,0,0,0,0,0,0,0,0,0,0,0,0,0,4,0,40.0139,-75.0556, , 
68726,795825,2011053459,6,67,67301,2011,3,5,1815,18,1,2,1,8,1, , ,N,1,2,0,3,0,1,2,2,N,N,39 58:33.009,75 09:30.309,1831, ,1830,1,1,1,N, ,3,Y, , , , , , , , ,1,0,0,0,1,0,0,0,0,0,1,0,1,0,0,0,0,0,0,1,0,0,0,0,0,0,0,0,0,0,0,0,1,0,0,3,0,39.9758,-75.1584, , 
68727,795867,2011087845,6,67,67301,2011,8,1,1515,15,1,1,0,1,1, , ,N,1,2,0,3,0,7,7,2,N,N,40 03:35.236,75 08:00.273,1722, ,1709, ,0, ,N, ,3, , , , , , , , , ,2,0,0,0,0,0,1,1,0,0,0,0,7,7,0,0,0,0,0,0,0,0,0,2,0,0,0,0,0,0,0,0,0,0,0,8,0,40.0598,-75.1334, , 
68728,795900,2011015802,6,67,67301,2011,1,1,1655,16,3,2,1,4,1, , ,N,1,2,0,3,0,1,2,2,N,N,39 55:14.271,75 14:29.219,1658, ,1656, ,0, ,N, ,3, , , , , , , , , ,2,2,0,0,0,0,0,0,0,0,0,0,1,1,0,0,0,0,0,0,1,0,0,0,0,0,0,0,0,0,0,0,0,0,0,8,0,39.9206,-75.2414, , 
68729,795901,2011015808,6,67,67301,2011,1,7,1237,12,1,4,4,4,1, , ,N,1,2,0,3,0,5,5,2,N,N,39 58:10.213,75 12:45.380,1244, ,1242,2,2,6,N, ,3,Y, , , , , , , , ,2,1,0,0,1,0,0,0,0,0,0,5,5,0,0,0,0,0,1,0,0,0,0,0,0,0,0,0,0,0,0,0,0,0,0,4,0,39.9695,-75.2126, , 
68730,795902,2011015864,6,67,67301,2011,1,5,25,0,3,1,0,4,7, , ,N,1,0,0,3,0,1,2,2, , ,39 57:15.430,75 08:23.055,30, ,26, ,0, , , ,0, , , , , , , , , ,2,2,0,0,0,0,0,0,0,0,0,1,1,0,0,0,0,0,0,0,0,0,0,0,0,0,0,0,0,0,0,0,0,0,0,4,0,39.9541,-75.1395, , 
68731,795903,2011016941,6,67,67301,2011,1,7,9999,99,1,1,1,5,1, , ,N,1,2,0,3,0,1,3,2,N,N,39 55:36.272,75 10:08.761,1520, ,1512, ,0, ,N, ,3, , , , , , , , , ,2,1,0,0,1,0,0,0,0,0,0,1,1,0,0,0,0,0,0,0,1,0,0,0,0,0,0,0,0,0,0,0,0,0,0,4,0,39.9268,-75.1691, , 
68732,795906,2011020513,6,67,67301,2011,2,6,455,4,3,1,1,7,2, , ,N,7,0,2,3,0,0,1,1,N,N,40 00:01.521,75 04:47.938,531, ,458, ,0, ,N, ,0, , , , , , , , , ,1,1,0,0,0,0,0,0,0,0,0,0,0,0,0,0,0,0,0,0,0,0,0,0,0,0,0,0,0,0,0,0,0,0,0,0,0,40.0003,-75.0836, , 
68733,795921,2011044535,6,67,67301,2011,3,3,9999,99,1,1,0,4,1, , ,N,5,2,0,3,0,1,3,2, , ,39 56:32.233,75 11:04.153,920, ,910, ,0, , , ,3, , , , , , , , , ,2,1,0,0,0,0,1,0,0,0,0,0,1,1,0,0,0,0,0,0,0,0,0,0,0,0,0,0,0,0,0,0,0,0,0,8,0,39.9423,-75.1845, , 
68734,795934,2011066127,6,67,67301,2011,5,2,1800,18,1,1,0,4,1, , ,N,5,2,0,3,0,0,2,2,N,N,39 55:06.715,75 13:33.263,1823, ,1818, ,0, ,N, ,3, , , , , , , , , ,2,1,1,0,0,0,0,0,0,0,0,0,0,0,1,0,0,0,0,0,0,0,0,0,0,0,0,0,0,0,0,0,0,0,0,9,0,39.9185,-75.2259, , 
68735,795941,2011016940,6,67,67301,2011,1,6,738,7,1,4,3,1,1, , ,N,2,0,0,3,0,1,7,2,Y,N,40 02:33.126,75 05:47.626,748, ,747, ,0, ,N, ,0, , , , , , , , , ,2,1,0,1,0,0,0,0,0,0,0,1,1,0,0,0,0,0,0,0,0,1,0,0,0,0,0,0,0,0,0,0,0,0,0,4,1,40.0425,-75.0966, , 
68736,795953,2011031402,6,67,67301,2011,2,1,400,4,3,1,0,4,1, , ,N,1,3,0,3,0,3,4,4, , ,39 55:09.076,75 10:44.536,403, ,400, ,0, , , ,3, , , , , , , , , ,4,3,0,0,0,0,1,0,0,0,0,0,3,3,0,0,0,0,0,0,2,1,0,3,0,0,0,0,0,0,0,0,0,0,0,8,0,39.9192,-75.179, , 
68737,795961,2011040396,6,67,67301,2011,3,3,1400,14,1,1,0,4,1, , ,N,0,0,7,3,0,2,2,2, , ,40 05:58.650,75 00:40.028,1410, ,1400,2,1,1, , ,0,N, , , , , , , , ,2,1,0,0,0,0,1,0,0,0,1,0,2,1,0,0,0,0,0,0,0,0,1,0,0,0,0,0,0,0,0,0,0,0,0,3,0,40.0996,-75.0111, , 
68738,795975,2011054280,6,67,67301,2011,4,4,2022,20,3,1,1,2,6, , ,N,0,0,0,3,0,2,2,2,N,N,40 06:12.270,75 02:11.512,2035, ,2027, ,0, ,N, ,0, , , , , , , , , ,2,1,0,0,1,0,0,0,0,0,0,2,2,0,0,0,0,0,1,0,0,0,0,2,0,0,0,0,0,0,0,0,0,0,0,4,0,40.1034,-75.0365, , 
68739,801957,2011059761,6,67,67301,2011,5,3,526,5,3,2,1,8,1, , ,N,1,2,0,3,1,0,2,2,N,N,40 04:27.539,75 02:05.367,544, ,528,3,2,1,N,0,3,Y, , , , , , , , ,1,1,0,0,0,0,0,0,0,0,0,0,0,0,0,0,0,0,0,0,1,0,0,0,0,0,0,0,0,0,0,0,1,1,0,1,0,40.0743,-75.0348,2, 
68740,801960,2011064050,6,67,67301,2011,6,4,1815,18,1,1,0,5,1, , ,N,0,0,0,3,0,1,2,2,N,N,39 57:08.542,75 09:11.943,1835, ,1833, ,0, ,N, ,0, , , , , , , , , ,1,1,0,0,0,0,0,0,1,0,0,1,1,0,0,0,0,0,0,0,0,0,0,1,0,0,0,0,0,0,0,0,0,0,0,4,0,39.9524,-75.1533, , 
68741,801962,2011064888,6,67,67301,2011,6,7,1655,16,1,1,0,7,3, , ,N,0,0,0,3,0,1,1,1,N,N,39 56:40.811,75 11:28.648,1658, ,1658,2,2,4,N, ,0,N, , , , , , , , ,1,1,0,0,0,0,0,0,0,0,0,1,1,0,0,0,0,0,1,0,0,0,0,0,0,0,0,0,0,0,0,0,0,0,0,4,0,39.9437,-75.1923, , 
68742,801963,2011082535,6,67,67301,2011,7,5,1340,13,1,1,0,4,1, , ,N,1,3,0,3,0,2,3,2,N,N,40 00:34.081,75 05:05.261,1350, ,1345, ,0, ,N, ,3, , , , , , , , , ,1,1,0,0,0,0,0,0,1,0,0,0,2,2,1,0,0,0,0,0,1,0,0,1,0,0,0,0,0,0,0,0,0,0,0,8,0,40.0095,-75.0848, , 
68743,801964,2011082736,6,67,67301,2011,7,3,1511,15,1,1,0,4,1, , ,N,2,3,0,3,0,1,2,2,N, ,40 01:48.417,75 13:41.224,9999, ,1511, ,0, , , ,3, , , , , , , , , ,2,2,0,0,0,0,0,0,0,0,0,0,1,1,0,0,0,0,0,0,0,0,0,0,0,0,0,0,0,0,0,0,0,0,0,8,0,40.0301,-75.2281, , 
68744,801966,2011083312,6,67,67301,2011,7,7,2100,21,1,1,0,1,1, , ,N,0,0,0,3,0,1,2,2,N,N,40 00:50.013,75 04:42.368,140, ,135, ,0, ,N, ,0, , , , , , , , , ,1,1,0,0,0,0,0,0,1,0,0,1,1,0,1,0,0,0,0,0,0,0,0,0,0,0,0,0,0,0,0,0,0,0,0,4,0,40.0139,-75.0784, , 
68745,801969,2011087840,6,67,67301,2011,8,4,1530,15,1,2,1,8,9, , ,N,1,2,0,3,0,1,2,2,N,N,40 00:16.847,75 09:07.652,1129, ,1126, ,0, ,N, ,9, , , , , , , , , ,1,0,0,0,1,0,0,0,0,0,0,0,1,1,1,0,0,0,0,0,0,0,0,1,0,0,0,0,0,0,0,0,1,0,0,8,0,40.0047,-75.1521, , 
68746,801997,2011115284,6,67,67301,2011,10,3,9999,99,1,1,0,0,1, , ,N,1,2,0,3,0,1,2,2,N, ,39 58:18.034,75 09:40.096,1530, ,1530, ,0, , , ,3, , , , , , , , , ,2,2,0,0,0,0,0,0,0,0,0,1,1,0,1,0,0,0,0,0,2,0,0,1,0,0,0,0,0,0,0,0,0,0,0,4,0,39.9717,-75.1611, , 
68747,802001,2011118155,6,67,67301,2011,10,3,2340,23,3,1,0,4,1, , ,N,1,2,1,3,0,1,2,2,N,N,40 02:21.930,75 04:38.559,5, ,2356,1,1,1, , ,3,N, , , , , , , , ,2,1,0,0,0,0,0,1,0,0,0,1,1,0,0,0,0,0,0,0,1,0,0,0,0,0,0,0,0,0,0,0,0,0,0,4,0,40.0394,-75.0774, , 
68748,802006,2011057053,6,67,67301,2011,5,4,658,6,1,1,0,4,1, , ,N,1,3,0,3,0,0,2,2,N,N,40 04:56.478,74 58:54.519,658, ,658, ,0, ,N, ,3, , , , , , , , , ,2,1,0,0,1,0,0,0,0,0,0,0,0,0,0,0,0,1,0,0,1,0,0,0,0,0,0,0,0,0,0,0,0,0,0,0,0,40.0824,-74.9818, , 
68749,802010,2011061871,6,67,67301,2011,5,6,51,0,3,1,1,4,1, , ,N,1,2,0,3,0,3,5,3,N,N,39 54:46.990,75 14:25.321,116, ,109,2,2,7,N, ,3,N, , , , , , , , ,3,3,0,0,0,0,0,0,0,0,0,3,3,0,0,0,0,1,0,0,0,0,0,5,0,0,0,0,0,0,0,0,0,0,0,4,0,39.9131,-75.2404, , 
68750,802028,2011075628,6,67,67301,2011,6,5,1143,11,1,1,0,1,1, , ,N,0,0,0,3,0,1,2,2,N,N,39 56:40.985,75 09:30.150,1152, ,1149, ,0, ,N, ,0, , , , , , , , , ,2,1,1,0,0,0,0,0,0,0,0,1,1,0,1,0,0,0,0,0,0,0,0,0,0,0,0,0,0,0,0,0,0,0,0,4,0,39.9447,-75.1584, , 
68751,802035,2011086719,6,67,67301,2011,8,6,2144,21,3,1,1,1,1, , ,N,0,0,0,3,0,1,4,2,N,N,39 53:25.090,75 14:23.097,2201, ,2201, ,0, ,N, ,0, , , , , , , , , ,2,1,0,0,1,0,0,0,0,0,0,1,1,0,0,0,0,0,0,0,0,0,0,0,0,0,0,0,0,0,0,0,0,0,0,4,0,39.8903,-75.2397, , 
68752,802044,2011099990,6,67,67301,2011,10,1,59,0,3,2,1,5,1, , ,N,0,0,0,3,0,2,3,3,N,N,39 57:29.373,75 09:53.776,123, ,118,1,1,3,N, ,0,N, , , , , , , , ,3,3,0,0,0,0,0,0,0,0,0,0,2,2,1,0,0,0,0,0,0,0,0,0,0,0,0,0,0,0,0,0,0,0,0,8,0,39.9582,-75.1649, , 
68753,802062,2011061815,6,67,67301,2011,5,4,2030,20,3,2,1,4,1, , ,N,1,3,0,3,0,1,4,2,N,N,40 00:31.784,75 05:58.912,2210, ,2205,3,2,1,N, ,3,N, , , , , , , , ,2,2,0,0,0,0,0,0,0,0,0,0,1,1,2,0,0,0,1,0,0,0,0,0,0,0,0,0,0,0,0,0,0,0,0,8,0,40.0088,-75.0997, , 
68754,802064,2011062482,6,67,67301,2011,6,4,1640,16,1,1,0,1,1, , ,N,0,0,0,3,0,0,3,3,N,N,39 58:29.083,75 11:39.824,1650, ,1643, ,0, ,N, ,0, , , , , , , , , ,3,2,0,0,0,0,1,0,0,0,0,0,0,0,0,0,0,0,0,0,0,0,0,0,0,0,0,0,0,0,0,0,0,0,0,0,0,39.9747,-75.1944, , 
68755,802068,2011066161,6,67,67301,2011,6,7,1900,19,1,4,0,8,1, , ,N,1,3,0,3,0,1,2,2,N,N,40 02:36.661,75 08:55.233,1915, ,1911, ,0, ,N, ,3, , , , , , , , , ,1,0,0,0,0,0,0,1,0,0,1,0,1,0,0,0,0,0,0,0,0,0,0,0,0,0,0,0,0,0,0,0,1,0,0,3,0,40.0435,-75.1487, , 
68756,802080,2011075827,6,67,67301,2011,6,4,1501,15,1,1,0,7,5, , ,N,0,0,0,3,0,1,1,1,N,N,40 02:48.960,75 11:59.760,1603, ,1553,4,2,5,Y, ,0,Y, , , , , , , , ,1,1,0,0,0,0,0,0,0,0,0,1,1,0,0,0,0,0,0,0,0,0,1,0,0,0,0,0,0,0,0,0,0,0,0,4,0,40.0469,-75.1999, , 
68757,788167,2011054116,6,67,67301,2011,4,5,1217,12,1,1,0,2,1, , ,N,1,2,0,3,0,1,2,2,N,N,40 03:55.027,75 05:25.289,1300, ,1256,2,1,2,N, ,3,N, , , , , , , , ,2,2,0,0,0,0,0,0,0,0,0,1,1,0,0,0,0,0,0,1,1,0,0,0,0,0,0,0,0,0,0,0,0,0,0,4,0,40.0653,-75.0904, , 
68758,788193,2011037974,6,67,67301,2011,3,6,1435,14,1,1,0,1,2, , ,N,0,0,0,3,0,1,1,3, , ,40 00:05.742,75 09:28.196,1441, ,1439,1,1,2, , ,0,Y, , , , , , , , ,3,2,0,0,0,0,0,1,0,0,0,1,1,0,0,0,0,0,0,0,0,0,0,0,0,0,0,0,0,0,0,0,0,0,0,4,0,40.0016,-75.1578, , 
68759,788194,2011038636,6,67,67301,2011,3,2,1308,13,1,1,1,4,1, , ,N,0,0,0,3,0,2,2,2, , ,40 04:39.042,75 02:11.109,1312, ,1308, ,0, , , ,0, , , , , , , , , ,2,2,0,0,0,0,0,0,0,0,0,2,2,0,0,0,0,0,0,0,1,0,1,0,0,0,0,0,0,0,0,0,0,0,0,4,0,40.0775,-75.0364, , 
68760,788258,2011057262,6,67,67301,2011,5,4,1635,16,1,1,0,2,1, , ,N,2,2,7,3,0,1,2,2,N,N,39 57:47.866,75 11:17.165,1638, ,1637, ,0, ,N, ,3, , , , , , , , , ,2,1,1,0,0,0,0,0,0,0,0,0,1,1,0,0,0,0,0,0,0,0,0,1,0,0,0,0,0,0,0,0,0,0,0,8,0,39.9633,-75.1881, , 
68761,788290,2011029013,6,67,67301,2011,2,7,711,7,1,2,6,7,4, , ,N,2,3,0,3,0,0,1,1,N,N,40 03:30.344,75 12:00.579,725, ,723, ,0, , , ,3, , , , , , , , , ,1,0,0,0,0,0,1,0,0,0,0,0,0,0,0,0,0,0,0,0,0,0,0,0,0,0,0,0,0,0,0,0,0,0,0,0,0,40.0584,-75.2002, , 
68762,788291,2011030318,6,67,67301,2011,2,2,455,4,3,1,0,7,2, , ,N,0,0,0,3,0,0,1,1,N,N,39 57:59.180,75 08:06.553,455, ,455,1,1,1,N, ,0,N, , , , , , , , ,1,0,0,0,0,0,1,0,0,0,0,0,0,0,0,0,0,0,0,0,0,0,0,0,0,0,0,0,0,0,0,0,0,0,0,0,0,39.9664,-75.1353, , 
68763,788309,2011046985,6,67,67301,2011,4,3,321,3,3,1,0,2,6, , ,N,0,0,0,3,0,1,1,4,N,N,40 04:03.160,75 04:52.854,325, ,321, ,0, ,N, ,0, , , , , , , , , ,4,4,0,0,0,0,0,0,0,0,1,0,1,0,0,0,0,0,0,0,0,0,0,0,0,0,0,0,0,0,0,0,0,0,0,3,0,40.0675,-75.0813, , 
68764,788327,2011018561,6,67,67301,2011,2,7,1521,15,1,2,1,1,1, , ,N,0,0,0,3,0,3,4,3,N,N,40 02:57.735,74 59:47.418,1530, ,1523, ,0, ,N, ,0, , , , , , , , , ,3,2,0,0,0,1,0,0,0,0,0,0,3,3,0,0,0,0,0,0,2,0,0,0,0,0,0,0,0,0,0,0,0,0,0,8,0,40.0494,-74.9965, , 
68765,788331,2011023226,6,67,67301,2011,1,3,1710,17,3,2,1,4,1, , ,N,2,0,0,3,0,1,2,2,N,N,40 01:41.048,75 07:03.284,1713, ,1710, ,0, ,N, ,0, , , , , , , , , ,2,1,0,0,0,0,1,0,0,0,0,1,1,0,0,0,0,0,0,0,0,0,0,1,0,0,0,0,0,0,0,0,0,0,0,4,0,40.0281,-75.1176, , 