objectid_1,objectid,crn,district,county,municipality,crash_year,crash_month,day_of_week,time_of_day,hour_of_day,illumination,weather,road_condition,collision_type,relation_to_road,work_zone_type,work_zone_loc,work_zone_ind,intersect_type,tcd_type,location_type,urban_rural,fatal_count,injury_count,person_count,total_units,sch_bus_ind,sch_zone_ind,latitude,longitude,arrival_tm,cons_zone_spd_lim,dispatch_tm,est_hrs_closed,lane_closed,ln_close_dir,ntfy_hiwy_maint,spec_juris_cd,tcd_func_cd,tfc_detour_ind,workers_pres,wz_close_detour,wz_flagger,wz_law_offcr_ind,wz_ln_closure,wz_moving,wz_other,wz_shlder_mdn,vehicle_count,automobile_count,motorcycle_count,bus_count,small_truck_count,heavy_truck_count,suv_count,van_count,bicycle_count,maj_inj_count,mod_inj_count,min_inj_count,tot_inj_count,unk_inj_deg_count,unk_inj_per_count,driver_count_16yr,driver_count_17yr,driver_count_18yr,driver_count_19yr,driver_count_20yr,driver_count_50_64yr,driver_count_65_74yr,driver_count_75plus,unbelted_occ_count,unb_death_count,unb_maj_inj_count,belted_death_count,belted_maj_inj_count,mcycle_death_count,mcycle_maj_inj_count,bicycle_death_count,bicycle_maj_inj_count,ped_count,ped_death_count,ped_maj_inj_count,max_severity_level,comm_veh_count,dec_lat,dec_long,rdwy_surf_type_cd,county_name
68901,788786,2011046457,6,46,46104,2011,4,5,1736,17,1,1,0,1,1, , ,N,2,2,7,3,0,3,5,3,N,N,40 00:09.262,75 13:25.031,1740, ,1736, ,0, ,N, ,3, , , , , , , , , ,3,3,0,0,0,0,0,0,0,0,0,0,3,3,0,0,0,0,0,0,1,0,0,1,0,0,0,0,0,0,0,0,0,0,0,8,0,40.0025,-75.2236, , 
68902,788820,2011029001,6,67,67301,2011,2,2,910,9,1,1,0,1,1, , ,N,1,2,0,3,0,1,2,3,N,N,40 00:42.859,75 05:51.842,914, ,914, ,0, ,N, ,3, , , , , , , , , ,3,2,0,0,1,0,0,0,0,0,0,1,1,0,0,0,0,0,0,0,0,1,0,0,0,0,0,0,0,0,0,0,0,0,0,4,0,40.0118,-75.0978, , 
68903,788828,2011040288,6,67,67301,2011,3,7,1700,17,1,1,0,4,1, , ,N,1,2,0,3,0,2,5,2,N,N,40 00:04.992,75 06:52.031,1810, ,1758, ,0, ,N, ,3, , , , , , , , , ,2,2,0,0,0,0,0,0,0,0,0,0,2,2,0,0,0,0,0,0,1,0,0,0,0,0,0,0,0,0,0,0,0,0,0,8,0,40.0014,-75.1145, , 
68904,788848,2011008810,6,67,67301,2011,1,5,2035,20,3,1,0,5,1, , ,N,0,0,0,3,0,1,2,2,N,N,39 58:52.577,75 06:08.810,2040, ,2037,1,2,1,N, ,0,N, , , , , , , , ,2,2,0,0,0,0,0,0,0,0,0,0,1,1,0,0,0,0,0,0,0,0,1,0,0,0,0,0,0,0,0,0,0,0,0,8,0,39.9812,-75.1026, , 
68905,788873,2011106664,6,67,67301,2011,9,7,40,0,3,6,1,4,1, , ,N,1,2,0,3,0,4,4,2,N, ,40 00:31.249,75 04:07.877,55, ,40, ,0, , , ,3, , , , , , , , , ,2,1,0,0,0,0,1,0,0,0,1,3,4,0,0,0,0,0,0,1,0,0,0,0,0,0,0,0,0,0,0,0,0,0,0,3,0,40.0086,-75.0688, , 
68906,788878,2011115413,6,67,67301,2011,10,4,901,9,1,2,1,2,1, , ,N,2,0,0,3,0,0,2,2,N,N,40 00:38.602,75 04:42.648,923, ,920, ,0, ,N, ,0, , , , , , , , , ,2,1,0,0,1,0,0,0,0,0,0,0,0,0,0,0,0,0,0,0,0,0,0,0,0,0,0,0,0,0,0,0,0,0,0,0,0,40.0107,-75.0785, , 
68907,788921,2011038344,6,67,67301,2011,3,5,905,9,1,1,0,1,1, , ,N,1,2,0,3,0,1,3,3,N,N,39 58:16.355,75 12:42.642,9999, ,905, ,0, ,N, ,3, , , , , , , , , ,3,3,0,0,0,0,0,0,0,1,0,0,1,0,0,0,0,0,0,0,1,0,0,0,0,0,0,1,0,0,0,0,0,0,0,2,0,39.9713,-75.2118, , 
68908,788924,2011044530,6,67,67301,2011,3,2,1428,14,1,1,0,4,1, , ,N,1,3,0,3,0,4,4,2,N,N,39 59:28.076,75 07:56.719,1440, ,1420, ,0, ,N, ,3, , , , , , , , , ,2,2,0,0,0,0,0,0,0,0,0,4,4,0,0,0,0,1,1,0,0,0,0,0,0,0,0,0,0,0,0,0,0,0,0,4,0,39.991,-75.1324, , 
68909,788936,2011054239,6,67,67301,2011,4,6,230,2,6,1,0,8,1, , ,N,0,0,0,3,0,1,2,2,N, ,39 57:15.018,75 09:13.131,505, ,500, ,0, , , ,0, , , , , , , , , ,1,1,0,0,0,0,0,0,0,0,1,0,1,0,0,0,0,0,0,0,0,0,0,0,0,0,0,0,0,0,0,0,1,0,0,3,0,39.9542,-75.1536, , 
68910,788938,2011055707,6,67,67301,2011,5,1,257,2,3,2,1,0,5, , ,N,0,0,0,3,0,0,2,1,N,N,40 00:06.427,75 04:43.465,324, ,301, ,0, ,N, ,0, , , , , , , , , ,1,1,0,0,0,0,0,0,0,0,0,0,0,0,0,0,0,0,0,0,0,0,0,0,0,0,0,0,0,0,0,0,0,0,0,0,0,40.0019,-75.0787, , 
68911,788948,2011072656,6,67,67301,2011,5,6,1958,19,3,1,1,7,5, , ,N,0,0,0,3,1,0,1,1,N,N,39 57:02.600,75 10:42.850,2000, ,1959,9,1,2,N,0,0,N, , , , , , , , ,1,0,1,0,0,0,0,0,0,0,0,0,0,0,0,0,0,0,0,0,0,0,0,0,0,0,0,0,1,0,0,0,0,0,0,1,0,39.9507,-75.1786,2, 
68912,788953,2011075819,6,67,67301,2011,6,2,1110,11,1,1,0,8,1, , ,N,1,2,0,3,0,1,2,2, , ,39 57:10.754,75 10:06.506,1123, ,1118, ,0, , , ,3, , , , , , , , , ,1,0,0,0,1,0,0,0,0,0,0,0,1,1,0,0,0,0,0,0,0,0,0,0,0,0,0,0,0,0,0,0,1,0,0,8,0,39.953,-75.1685, , 
68913,788960,2011082455,6,67,67301,2011,7,5,800,8,1,1,0,4,1, , ,N,1,2,0,3,0,4,5,2,N,N,39 58:53.796,75 08:40.041,812, ,810, ,0, ,N, ,3, , , , , , , , , ,2,1,0,0,1,0,0,0,0,0,0,4,4,0,0,0,0,0,0,0,0,0,0,0,0,0,0,0,0,0,0,0,0,0,0,4,0,39.9816,-75.1445, , 
68914,788961,2011082671,6,67,67301,2011,6,3,2100,21,8,9,8,4,1, , ,N,1,3,0,3,0,1,2,2,N,N,39 59:49.714,75 08:34.259,1845, ,1845, ,0, , , ,3, , , , , , , , , ,2,0,0,0,0,0,1,1,0,0,0,1,1,0,1,0,0,0,0,0,0,0,0,0,0,0,0,0,0,0,0,0,0,0,0,4,0,39.9971,-75.1428, , 
68915,788967,2011090342,6,67,67301,2011,8,2,1300,13,1,1,0,8,1, , ,N,2,0,0,3,0,1,2,2,N,N,40 00:45.716,75 08:30.443,1410, ,1355, ,0, ,N, ,0, , , , , , , , , ,1,0,0,0,0,1,0,0,0,0,0,1,1,0,0,0,0,0,0,0,0,0,0,0,0,0,0,0,0,0,0,0,1,0,0,4,0,40.0127,-75.1418, , 
68916,788975,2011099591,6,67,67301,2011,9,3,1739,17,4,1,0,1,1, , ,N,0,0,0,3,0,1,2,2,N,N,39 56:27.767,75 08:35.133,1748, ,1744, ,0, ,N, ,0, , , , , , , , , ,2,2,0,0,0,0,0,0,0,0,0,0,1,1,0,0,0,0,0,0,2,0,0,0,0,0,0,0,0,0,0,0,0,0,0,8,0,39.9409,-75.1431, , 
68917,788977,2011100751,6,67,67301,2011,9,6,1750,17,1,1,0,5,1, , ,N,1,2,0,3,0,1,2,2,N,N,39 59:02.996,75 14:43.833,1758, ,1753, ,0, ,N, ,3, , , , , , , , , ,1,1,0,0,0,0,0,0,1,0,0,0,1,1,0,0,0,0,0,0,0,0,0,0,0,0,0,0,0,0,0,0,0,0,0,8,0,39.9842,-75.2455, , 
68918,789021,2011038422,6,67,67301,2011,3,3,1522,15,1,1,0,6,1, , ,N,0,0,0,3,0,1,1,2,N,N,40 04:51.902,74 59:13.970,1527, ,1522, ,0, ,N, ,0, , , , , , , , , ,2,2,0,0,0,0,0,0,0,0,0,0,1,1,0,0,0,0,0,0,0,0,1,0,0,0,0,0,0,0,0,0,0,0,0,8,0,40.0811,-74.9872, , 
68919,792362,2011051176,6,67,67301,2011,4,1,451,4,3,6,1,7,3, , ,N,0,0,0,3,0,0,2,1,N,N,39 56:43.652,75 11:24.996,512, ,500, ,0, ,N, ,0, , , , , , , , , ,1,0,0,0,0,0,1,0,0,0,0,0,0,0,0,0,0,0,0,0,0,0,0,0,0,0,0,0,0,0,0,0,0,0,0,0,0,39.9455,-75.1903, , 
68920,792376,2011023195,6,67,67301,2011,1,4,905,9,1,1,1,5,1, , ,N,1,2,0,3,0,1,5,4, , ,40 05:58.224,74 59:10.989,912, ,907, ,0, , , ,3, , , , , , , , , ,4,2,0,0,0,0,2,0,0,0,0,1,1,0,0,0,0,0,0,1,2,0,0,0,0,0,0,0,0,0,0,0,0,0,0,4,0,40.0995,-74.9864, , 
68921,792410,2011059050,6,67,67301,2011,5,6,1619,16,1,1,0,1,1, , ,N,0,0,0,3,0,5,6,2,N,N,39 58:38.839,75 06:45.528,1637, ,1637, ,0, ,N, ,0, , , , , , , , , ,2,1,0,0,0,0,1,0,0,0,0,0,5,5,0,0,0,0,0,0,0,0,0,0,0,0,0,0,0,0,0,0,0,0,0,8,0,39.9775,-75.1126, , 
68922,792416,2011000071,6,67,67301,2011,1,7,1254,12,1,1,0,1,1, , ,N,0,0,7,3,0,0,3,3,N,N,40 03:31.455,75 07:53.426,1255, ,1254,1,1,4,N, ,0,Y, , , , , , , , ,3,1,0,0,0,0,2,0,0,0,0,0,0,0,1,0,0,0,0,0,1,0,0,1,0,0,0,0,0,0,0,0,0,0,0,9,0,40.0587,-75.1315, , 
68923,792437,2011044059,6,67,67301,2011,4,6,247,2,3,1,0,7,4, , ,N,0,0,0,3,0,0,1,1,N,N,39 58:52.267,75 12:23.742,251, ,249,2,1,4,N, ,0,Y, , , , , , , , ,1,1,0,0,0,0,0,0,0,0,0,0,0,0,0,0,0,0,0,0,0,0,0,0,0,0,0,0,0,0,0,0,0,0,0,0,0,39.9812,-75.2066, , 
68924,792443,2011054307,6,67,67301,2011,4,5,2028,20,2,1,0,4,1, , ,N,1,2,0,3,0,3,4,2,N,N,40 02:53.203,75 09:03.247,2034, ,2028, ,0, ,N, ,3, , , , , , , , , ,2,1,0,0,0,0,1,0,0,0,0,0,3,3,0,0,0,0,0,0,2,0,0,0,0,0,0,0,0,0,0,0,0,0,0,8,0,40.0481,-75.1509, , 
68925,792482,2011020070,6,67,67301,2011,2,2,1444,14,1,1,0,1,1, , ,N,0,0,0,3,0,2,4,3,N,N,39 57:34.110,75 10:28.662,1451, ,1446, ,0, ,N, ,0, , , , , , , , , ,3,3,0,0,0,0,0,0,0,0,0,0,2,2,0,0,0,0,0,0,1,0,0,0,0,0,0,0,0,0,0,0,0,0,0,8,0,39.9595,-75.1746, , 
68926,792492,2011029050,6,67,67301,2011,1,1,135,1,2,1,0,7,5, , ,N,0,0,0,3,0,1,1,1, , ,40 01:40.771,75 03:37.075,140, ,135, ,0, , , ,0, , , , , , , , , ,1,1,0,0,0,0,0,0,0,0,1,0,1,0,0,0,0,0,0,0,0,0,0,1,0,0,0,0,0,0,0,0,0,0,0,3,0,40.028,-75.0603, , 
68927,792545,2011040356,6,67,67301,2011,3,5,9999,99,1,1,0,8,1, , ,N,0,0,0,3,0,1,2,2,N,N,39 55:01.684,75 14:01.435,2107, ,2107, ,0, ,N, ,0, , , , , , , , , ,1,0,0,0,0,0,1,0,0,0,0,1,1,0,0,0,0,0,0,0,0,0,0,0,0,0,0,0,0,0,0,0,1,0,0,4,0,39.9171,-75.2337, , 
68928,792547,2011043326,6,67,67301,2011,4,1,1502,15,1,1,0,5,1, , ,N,0,0,0,3,0,1,7,3,N,N,39 58:52.007,75 06:11.768,1502, ,1502,2,2,2,N, ,0,Y, , , , , , , , ,3,0,0,0,0,0,1,2,0,0,0,0,1,1,0,0,0,0,0,0,1,0,0,0,0,0,0,0,0,0,0,0,0,0,0,8,0,39.9811,-75.1032, , 
68929,792577,2011023231,6,67,67301,2011,1,2,1901,19,2,1,0,4,1, , ,N,1,2,0,3,0,1,3,2,N,N,40 05:40.718,75 00:54.707,1901, ,1901, ,0, ,N, ,3, , , , , , , , , ,2,1,0,0,0,0,1,0,0,0,0,0,1,1,0,0,0,0,0,0,1,1,0,0,0,0,0,0,0,0,0,0,0,0,0,8,0,40.0946,-75.0152, , 
68930,792584,2011044944,6,67,67301,2011,4,1,1258,12,1,1,0,1,1, , ,N,0,0,0,3,0,2,4,3,N,N,39 59:41.624,75 05:01.962,1325, ,1303, ,0, ,N, ,0, , , , , , , , , ,3,2,0,0,1,0,0,0,0,0,1,1,2,0,0,0,0,0,0,0,0,1,0,0,0,0,0,0,0,0,0,0,0,0,0,3,0,39.995,-75.0838, , 
68931,792585,2011044946,6,67,67301,2011,4,6,611,6,1,1,0,7,2, , ,N,0,0,0,3,0,0,1,1,N,N,40 02:32.295,75 00:12.855,614, ,611,1,1,1,N, ,0,N, , , , , , , , ,1,1,0,0,0,0,0,0,0,0,0,0,0,0,0,0,0,0,0,0,0,0,0,0,0,0,0,0,0,0,0,0,0,0,0,0,0,40.0422,-75.0036, , 
68932,792596,2011054313,6,67,67301,2011,4,5,1320,13,1,1,0,8,1, , ,N,1,2,0,3,0,1,2,2,N,N,40 02:33.169,75 07:44.993,1325, ,1322,3,2,5,N, ,3,Y, , , , , , , , ,1,1,0,0,0,0,0,0,0,1,0,0,1,0,0,0,0,0,0,0,0,0,1,0,0,0,0,0,0,0,0,0,1,0,1,2,0,40.0425,-75.1292, , 
68933,792601,2011057309,6,67,67301,2011,5,1,1700,17,1,1,0,4,1, , ,N,1,3,0,3,0,3,3,2, , ,40 01:07.510,75 08:21.911,1818, ,1808, ,0, , , ,3, , , , , , , , , ,2,0,0,0,2,0,0,0,0,0,0,0,3,3,0,0,0,0,0,0,1,0,0,0,0,0,0,0,0,0,0,0,0,0,0,8,0,40.0188,-75.1394, , 
68934,792608,2011066266,6,67,67301,2011,6,4,1150,11,1,1,0,5,6, , ,N,0,0,0,3,0,0,1,2, , ,40 04:45.606,74 58:32.847,1159, ,1154, ,0, , , ,0, , , , , , , , , ,2,2,0,0,0,0,0,0,0,0,0,0,0,0,0,0,0,0,0,0,0,0,1,0,0,0,0,0,0,0,0,0,0,0,0,0,0,40.0793,-74.9758, , 
68935,792609,2011004282,6,67,67301,2011,1,6,1702,17,3,1,0,1,7, , ,N,6,0,2,3,0,0,2,2,N,N,39 56:57.647,75 11:03.883,1709, ,1704,1,1,4,N, ,0,N, , , , , , , , ,2,2,0,0,0,0,0,0,0,0,0,0,0,0,0,0,0,0,0,0,0,1,0,0,0,0,0,0,0,0,0,0,0,0,0,0,0,39.9493,-75.1844, , 
68936,792628,2011031355,6,67,67301,2011,2,3,1320,13,1,1,1,4,1, , ,N,2,3,0,3,0,1,2,2,N,N,40 07:22.609,75 00:51.321,1330, ,1322, ,0, ,N, ,3, , , , , , , , , ,2,2,0,0,0,0,0,0,0,0,0,1,1,0,0,0,0,0,0,0,1,0,1,0,0,0,0,0,0,0,0,0,0,0,0,4,0,40.1229,-75.0143, , 
68937,799302,2011054340,6,67,67301,2011,4,7,2315,23,3,2,1,4,1, , ,N,1,2,0,3,0,0,2,2,N,N,39 59:59.174,75 08:18.618,2315, ,2315, ,0, ,N, ,3, , , , , , , , , ,2,2,0,0,0,0,0,0,0,0,0,0,0,0,0,0,0,0,0,1,0,0,0,0,0,0,0,0,0,0,0,0,0,0,0,0,0,39.9997,-75.1385, , 
68938,799304,2011056789,6,67,67301,2011,4,6,1735,17,1,1,0,8,1, , ,N,2,0,0,3,0,1,2,2, , ,39 59:18.657,75 14:21.332,1740, ,1738,3,2,4, , ,0,Y, , , , , , , , ,1,0,0,1,0,0,0,0,0,0,0,0,1,1,0,0,0,0,0,0,0,0,0,0,0,0,0,0,0,0,0,0,1,0,0,8,1,39.9885,-75.2393, , 
68939,799341,2011044592,6,67,67301,2011,4,6,1534,15,1,2,1,4,1, , ,N,1,2,0,3,0,1,3,2,N,N,40 01:18.103,75 08:23.224,1542, ,1536,2,1,2,N, ,3,N, , , , , , , , ,2,1,0,0,0,0,1,0,0,0,1,0,1,0,2,0,0,0,0,0,0,0,0,0,0,0,0,0,0,0,0,0,0,0,0,3,0,40.0217,-75.1398, , 
68940,799347,2011056768,6,67,67301,2011,5,1,346,3,3,1,0,1,1, , ,N,2,2,0,3,0,0,5,3,N,N,39 57:13.772,75 12:00.554,347, ,346, ,0, ,N, ,3, , , , , , , , , ,3,2,0,0,0,0,0,0,0,0,0,0,0,0,0,0,0,0,0,0,0,0,0,0,0,0,0,0,0,0,0,0,0,0,0,0,0,39.9538,-75.2002, , 
68941,799348,2011057011,6,67,67301,2011,5,3,2340,23,3,1,0,1,1, , ,N,0,0,0,3,0,1,3,2,N,N,39 55:11.620,75 11:18.120,2352, ,2345, ,0, ,N, ,0, , , , , , , , , ,2,2,0,0,0,0,0,0,0,0,0,0,1,1,0,0,0,0,0,0,0,0,0,0,0,0,0,0,0,0,0,0,0,0,0,8,0,39.9199,-75.1884, , 
68942,799391,2011050903,6,67,67301,2011,5,1,1617,16,1,1,0,1,1, , ,N,0,0,0,3,0,2,6,4,N,N,39 58:29.009,75 07:03.141,1626, ,1618,2,2,1,N, ,0,N, , , , , , , , ,4,3,0,0,1,0,0,0,0,0,0,0,2,2,0,0,0,0,0,0,0,0,0,0,0,0,0,0,0,0,0,0,0,0,0,8,0,39.9747,-75.1177, , 
68943,799411,2011066247,6,67,67301,2011,6,6,1850,18,1,1,0,1,1, , ,N,1,2,0,3,0,1,2,2,N,N,40 01:59.306,75 04:48.302,9999, ,1855,1,1,2,N, ,3,N, , , , , , , , ,2,1,0,0,1,0,0,0,0,0,0,1,1,0,0,0,0,0,0,0,1,0,0,0,0,0,0,0,0,0,0,0,0,0,0,4,0,40.033,-75.0802, , 
68944,799413,2011067323,6,67,67301,2011,7,1,524,5,5,1,0,7,2, , ,N,0,0,0,3,0,1,1,1,N,N,40 04:28.722,75 02:06.144,529, ,525,2,2,2,N, ,0,Y, , , , , , , , ,1,1,0,0,0,0,0,0,0,0,1,0,1,0,0,0,0,0,0,0,0,0,0,0,0,0,0,0,0,0,0,0,0,0,0,3,0,40.0746,-75.035, , 
68945,799422,2011075814,6,67,67301,2011,6,2,1148,11,1,1,0,1,2, , ,N,0,0,0,3,0,2,3,2,N,N,40 02:03.918,75 06:28.073,1150, ,1149, ,0, ,N, ,0, , , , , , , , , ,2,0,0,0,2,0,0,0,0,0,1,1,2,0,0,0,0,0,0,0,1,0,0,1,0,0,0,0,0,0,0,0,0,0,0,3,0,40.0344,-75.1078, , 
68946,799485,2011048066,6,67,67301,2011,4,7,518,5,3,2,1,7,7, , ,N,0,0,0,3,0,0,1,1,N,N,40 02:36.334,75 00:10.168,610, ,546, ,0, ,Y, ,0, , , , , , , , , ,1,1,0,0,0,0,0,0,0,0,0,0,0,0,1,0,0,0,0,0,0,0,0,0,0,0,0,0,0,0,0,0,0,0,0,9,0,40.0433,-75.0029, , 
68947,799491,2011053461,6,67,67301,2011,4,4,1030,10,1,1,0,1,1, , ,N,0,0,0,3,0,2,4,3,N, ,40 03:05.100,75 05:55.850,1041, ,1037, ,0, , , ,0, , , , , , , , , ,3,1,0,0,0,0,2,0,0,0,0,2,2,0,0,0,0,0,1,0,0,0,0,1,0,0,0,0,0,0,0,0,0,0,0,4,0,40.0514,-75.0988, , 
68948,799494,2011055749,6,67,67301,2011,4,6,647,6,1,1,0,4,1, , ,N,1,2,1,3,0,3,4,2,N,N,39 55:22.762,75 11:18.725,653, ,650, ,0, ,N, ,3, , , , , , , , , ,2,1,0,0,0,0,1,0,0,0,0,0,3,3,0,0,0,1,0,0,0,0,0,4,0,0,0,0,0,0,0,0,0,0,0,8,0,39.923,-75.1885, , 
68949,799520,2011022966,6,67,67301,2011,1,1,435,4,3,1,0,4,1, , ,N,1,2,0,3,0,1,2,2, , ,39 58:37.959,75 13:36.308,436, ,436, ,0, , , ,3, , , , , , , , , ,2,1,0,0,0,0,1,0,0,0,0,0,1,1,0,0,0,0,0,0,0,0,0,1,0,0,0,0,0,0,0,0,0,0,0,8,0,39.9772,-75.2268, , 
68950,799538,2011044587,6,67,67301,2011,3,2,340,3,3,1,0,4,1, , ,N,0,0,0,3,0,0,1,4,N,N,40 01:34.735,75 07:14.223,347, ,347, ,0, ,N, ,0, , , , , , , , , ,4,2,0,0,1,0,1,0,0,0,0,0,0,0,0,0,0,0,0,0,0,0,0,1,0,0,0,0,0,0,0,0,0,0,0,0,0,40.0264,-75.1204, , 
68951,799545,2011046498,6,67,67301,2011,4,7,207,2,3,1,0,7,4, , ,N,0,0,0,3,0,0,2,1,N,N,39 55:58.480,75 12:00.121,217, ,210, ,0, ,N, ,0, , , , , , , , , ,1,1,0,0,0,0,0,0,0,0,0,0,0,0,0,0,0,0,0,1,0,0,0,0,0,0,0,0,0,0,0,0,0,0,0,0,0,39.9329,-75.2, , 
68952,799547,2011046982,6,67,67301,2011,4,2,1602,16,1,1,0,5,1, , ,N,1,2,0,3,0,1,3,3,N,N,40 01:38.783,75 03:44.998,1602, ,1602, ,0, ,N, ,3, , , , , , , , , ,3,1,0,0,1,1,0,0,0,0,0,0,1,1,0,0,0,0,0,0,2,0,0,0,0,0,0,0,0,0,0,0,0,0,0,8,1,40.0275,-75.0624, , 
68953,799610,2011070720,6,67,67301,2011,5,1,335,3,3,1,0,1,1, , ,N,0,0,0,3,0,1,2,2,N,N,40 00:42.356,75 03:36.896,343, ,339, ,0, ,N, ,0, , , , , , , , , ,2,2,0,0,0,0,0,0,0,0,0,0,1,1,0,0,0,0,0,0,0,0,0,0,0,0,0,0,0,0,0,0,0,0,0,8,0,40.0117,-75.0604, , 
68954,799619,2011083796,6,67,67301,2011,7,5,254,2,3,1,0,1,1, , ,N,2,2,0,3,0,5,6,2,N,N,39 57:25.067,75 13:31.807,259, ,257, ,0, ,N, ,3, , , , , , , , , ,2,2,0,0,0,0,0,0,0,0,0,5,5,0,0,0,0,0,0,1,0,0,0,2,0,0,0,0,0,0,0,0,0,0,0,4,0,39.957,-75.2255, , 
68955,796505,2011054180,6,67,67301,2011,4,3,1750,17,1,2,1,4,1, , ,N,1,2,0,3,0,2,2,2,N,N,39 58:43.041,75 12:49.474,1959, ,1558, ,0, ,N, ,3, , , , , , , , , ,2,2,0,0,0,0,0,0,0,0,0,2,2,0,0,0,0,0,0,0,0,0,1,0,0,0,0,0,0,0,0,0,0,0,0,4,0,39.9786,-75.2136, , 
68956,796520,2011054040,6,67,67301,2011,4,5,1630,16,1,1,0,4,1, , ,N,2,2,0,3,0,0,2,2,N,N,40 01:33.561,75 11:57.811,1640, ,1634, ,0, ,N, ,3, , , , , , , , , ,2,2,0,0,0,0,0,0,0,0,0,0,0,0,0,0,0,0,0,0,1,0,0,0,0,0,0,0,0,0,0,0,0,0,0,0,0,40.026,-75.1995, , 
68957,796521,2011054196,6,67,67301,2011,4,7,226,2,3,1,0,8,2, , ,N,0,0,0,3,0,1,2,2,N,N,39 56:49.880,75 09:42.430,230, ,230, ,0, ,N, ,0, , , , , , , , , ,1,0,0,0,1,0,0,0,0,0,0,1,1,0,0,0,0,0,0,0,0,0,0,0,0,0,0,0,0,0,0,0,1,0,0,4,0,39.9472,-75.1618, , 
68958,796554,2011082694,6,67,67301,2011,7,6,218,2,3,1,0,5,6, , ,N,0,0,0,3,0,0,1,2,N, ,40 02:12.856,75 01:34.193,220, ,219, ,0, , , ,0, , , , , , , , , ,2,1,0,0,0,0,1,0,0,0,0,0,0,0,0,0,0,0,0,0,0,0,0,1,0,0,0,0,0,0,0,0,0,0,0,0,0,40.0369,-75.0262, , 
68959,796575,2011064150,6,67,67301,2011,5,1,2210,22,3,1,0,8,1, , ,N,0,0,0,3,0,1,2,2, , ,39 59:40.023,75 07:34.296,2212, ,2211, ,0, , , ,0, , , , , , , , , ,1,1,0,0,0,0,0,0,0,0,0,0,1,1,1,0,0,0,0,0,0,0,0,0,0,0,0,0,0,0,0,0,1,0,0,8,0,39.9945,-75.1262, , 
68960,796582,2011068483,6,67,67301,2011,6,5,2255,22,3,1,0,4,1, , ,N,5,2,0,3,0,4,6,2,N,N,40 01:53.383,75 03:47.425,2303, ,2259, ,0, ,N, ,3, , , , , , , , , ,2,1,0,0,0,0,1,0,0,0,1,3,4,0,0,0,0,1,0,0,0,0,0,0,0,0,0,0,0,0,0,0,0,0,0,3,0,40.0316,-75.0633, , 
68961,796588,2011075591,6,67,67301,2011,5,2,108,1,3,1,0,8,1, , ,N,0,0,0,3,0,1,2,4,N,N,40 01:17.712,75 08:01.513,110, ,108,1,1,1,N, ,0,N, , , , , , , , ,3,2,0,0,1,0,0,0,0,0,0,1,1,0,1,0,0,0,0,0,0,0,0,0,0,0,0,0,0,0,0,0,1,0,0,4,0,40.0216,-75.1338, , 
68962,796589,2011075651,6,67,67301,2011,6,7,1830,18,6,1,0,1,1, , ,N,0,2,7,3,0,1,2,2,N,N,40 06:15.987,75 00:05.628,1830, ,1830, ,0, ,N, ,3, , , , , , , , , ,2,2,0,0,0,0,0,0,0,0,0,1,1,0,0,0,0,0,0,0,0,0,0,0,0,0,0,0,0,0,0,0,0,0,0,4,0,40.1044,-75.0016, , 
68963,796599,2011089402,6,67,67301,2011,9,1,2243,22,3,1,0,1,1,8,1,Y,0,8,0,3,0,1,8,2,N,N,40 03:51.102,75 02:30.335,2252,90,2252,2,1,1,N, ,3,N,Y, , ,Y,Y, ,Y, ,2,0,0,0,0,0,1,1,0,0,0,0,1,1,0,0,0,0,0,0,0,0,0,7,0,0,0,0,0,0,0,0,0,0,0,8,0,40.0642,-75.0418, , 
68964,796602,2011092902,6,67,67301,2011,8,5,1045,10,1,1,0,1,1, , ,N,1,2,0,3,0,1,3,2,N, ,40 00:09.630,75 08:55.719,1050, ,1042, ,0, , , ,3, , , , , , , , , ,2,2,0,0,0,0,0,0,0,0,0,0,1,1,0,0,0,0,0,0,1,0,0,0,0,0,0,0,0,0,0,0,0,0,0,8,0,40.0027,-75.1488, , 
68965,796610,2011048415,6,67,67301,2011,4,2,5,0,3,1,0,7,4, , ,N,0,0,0,3,0,1,1,1,N,N,40 03:17.788,74 59:06.537,14, ,8,1,1,2,N, ,0,N, , , , , , , , ,1,1,0,0,0,0,0,0,0,0,0,1,1,0,0,0,0,0,0,0,0,0,0,0,0,0,0,0,0,0,0,0,0,0,0,4,0,40.055,-74.9851, , 
68966,796625,2011098121,6,67,67301,2011,9,6,1815,18,4,1,0,0,1, , ,N,0,2,0,3,0,4,5,2,N,N,39 56:33.790,75 09:07.920,1825, ,1825, ,0, ,N, ,3, , , , , , , , , ,1,0,0,1,0,0,0,0,0,0,0,4,4,0,1,0,0,0,0,0,1,0,0,0,0,0,0,0,0,0,0,0,0,0,0,4,1,39.9427,-75.1522, , 
68967,796636,2011115339,6,67,67301,2011,10,3,2230,22,3,1,0,7,4, , ,N,0,0,0,3,0,1,1,1,N,N,39 55:33.480,75 10:55.339,2230, ,2230, ,0, ,N, ,0, , , , , , , , , ,1,0,1,0,0,0,0,0,0,0,0,0,1,1,0,0,0,0,0,0,0,0,0,0,0,0,0,0,0,0,0,0,0,0,0,8,0,39.926,-75.182, , 
68968,796637,2011115479,6,67,67301,2011,10,2,745,7,1,1,0,4,1, , ,N,0,2,7,3,0,1,3,2,N,Y,40 06:49.402,75 00:17.686,755, ,745, ,0, ,N, ,3, , , , , , , , , ,2,0,0,1,0,0,1,0,0,0,0,1,1,0,2,0,0,0,0,0,1,0,0,1,0,0,0,0,0,0,0,0,0,0,0,4,1,40.1137,-75.0049, , 