objectid_1,objectid,crn,district,county,municipality,crash_year,crash_month,day_of_week,time_of_day,hour_of_day,illumination,weather,road_condition,collision_type,relation_to_road,work_zone_type,work_zone_loc,work_zone_ind,intersect_type,tcd_type,location_type,urban_rural,fatal_count,injury_count,person_count,total_units,sch_bus_ind,sch_zone_ind,latitude,longitude,arrival_tm,cons_zone_spd_lim,dispatch_tm,est_hrs_closed,lane_closed,ln_close_dir,ntfy_hiwy_maint,spec_juris_cd,tcd_func_cd,tfc_detour_ind,workers_pres,wz_close_detour,wz_flagger,wz_law_offcr_ind,wz_ln_closure,wz_moving,wz_other,wz_shlder_mdn,vehicle_count,automobile_count,motorcycle_count,bus_count,small_truck_count,heavy_truck_count,suv_count,van_count,bicycle_count,maj_inj_count,mod_inj_count,min_inj_count,tot_inj_count,unk_inj_deg_count,unk_inj_per_count,driver_count_16yr,driver_count_17yr,driver_count_18yr,driver_count_19yr,driver_count_20yr,driver_count_50_64yr,driver_count_65_74yr,driver_count_75plus,unbelted_occ_count,unb_death_count,unb_maj_inj_count,belted_death_count,belted_maj_inj_count,mcycle_death_count,mcycle_maj_inj_count,bicycle_death_count,bicycle_maj_inj_count,ped_count,ped_death_count,ped_maj_inj_count,max_severity_level,comm_veh_count,dec_lat,dec_long,rdwy_surf_type_cd,county_name
69104,796995,2011056404,6,67,67301,2011,5,6,1752,17,1,1,0,4,1, , ,N,2,3,0,3,0,5,5,2,N,N,40 00:47.289,75 09:24.926,1754, ,1754, ,0, ,N, ,3, , , , , , , , , ,2,2,0,0,0,0,0,0,0,0,0,5,5,0,0,0,0,1,0,0,1,0,0,0,0,0,0,0,0,0,0,0,0,0,0,4,0,40.0131,-75.1569, , 
69105,797001,2011061887,6,67,67301,2011,5,5,142,1,3,1,0,7,5, , ,N,1,2,0,3,0,2,2,1,N,N,39 56:12.483,75 13:47.092,142, ,142, ,0, ,N, ,3, , , , , , , , , ,1,1,0,0,0,0,0,0,0,0,0,2,2,0,0,0,0,0,0,0,0,0,0,2,0,0,0,0,0,0,0,0,0,0,0,4,0,39.9368,-75.2297, , 
69106,797024,2011082490,6,67,67301,2011,7,1,1423,14,1,1,0,8,1, , ,N,1,2,0,3,0,1,2,2,N,N,39 57:44.941,75 12:24.826,1428, ,1424, ,0, ,N, ,3, , , , , , , , , ,1,0,0,0,0,0,1,0,0,0,0,0,1,1,0,0,0,0,0,0,0,0,0,0,0,0,0,0,0,0,0,0,1,0,0,8,0,39.9625,-75.2069, , 
69107,797026,2011083358,6,67,67301,2011,7,2,300,3,3,1,0,7,9, , ,N,3,0,0,3,0,1,1,1,N,N,40 00:34.514,75 05:22.410,320, ,315, ,0, ,N, ,0, , , , , , , , , ,1,0,0,0,0,0,1,0,0,0,1,0,1,0,0,0,0,0,0,0,0,0,0,0,0,0,0,0,0,0,0,0,0,0,0,3,0,40.0096,-75.0896, , 
69108,797032,2011098086,6,67,67301,2011,9,1,1920,19,4,1,0,4,1, , ,N,1,2,0,3,0,0,5,2,N,N,39 55:17.374,75 10:36.926,1926, ,1924, ,0, ,N, ,3, , , , , , , , , ,2,2,0,0,0,0,0,0,0,0,0,0,0,0,3,0,0,0,0,0,0,0,0,3,0,0,0,0,0,0,0,0,0,0,0,9,0,39.9215,-75.1769, , 
69109,797037,2011108825,6,67,67301,2011,10,7,2024,20,3,1,0,7,5, , ,N,0,0,0,3,0,1,1,1,N,N,40 01:53.110,75 03:02.510,2034, ,2025,3,1,2,N, ,0,N, , , , , , , , ,1,1,0,0,0,0,0,0,0,0,0,1,1,0,0,0,0,0,0,0,0,0,0,0,0,0,0,0,0,0,0,0,0,0,0,4,0,40.0314,-75.0507, , 
69110,797042,2011111704,6,67,67301,2011,10,7,1125,11,1,1,0,1,1, , ,N,6,4,2,3,0,0,3,2,N,N,39 56:44.167,75 11:25.033,1149, ,1130,1,2,4,N, ,3,N, , , , , , , , ,2,1,0,0,0,0,0,1,0,0,0,0,0,0,0,0,0,0,1,0,0,0,0,0,0,0,0,0,0,0,0,0,0,0,0,0,0,39.9456,-75.1903, , 
69111,797053,2011068416,6,67,67301,2011,6,5,700,7,1,1,0,4,1, , ,N,1,2,0,3,0,1,2,2,N,N,40 00:30.736,75 12:38.579,805, ,755,9,1,1,N, ,2,N, , , , , , , , ,2,2,0,0,0,0,0,0,0,0,0,0,1,1,0,0,0,0,0,0,0,0,0,0,0,0,0,0,0,0,0,0,0,0,0,8,0,40.0084,-75.211, , 
69112,797064,2011085490,6,67,67301,2011,7,3,1300,13,1,1,0,8,1, , ,N,2,0,0,3,0,1,2,2,N,N,39 58:58.472,75 06:46.961,1309, ,1301, ,0, ,N, ,0, , , , , , , , , ,1,1,0,0,0,0,0,0,0,0,0,0,1,1,0,0,0,0,0,0,0,0,0,0,0,0,0,0,0,0,0,0,1,0,0,8,0,39.9829,-75.113, , 
69113,797072,2011093091,6,67,67301,2011,8,2,1555,15,1,1,0,1,1, , ,N,1,2,0,3,0,1,3,2,N,N,40 03:23.098,75 00:46.082,1610, ,1558, ,0, , , ,3, , , , , , , , , ,2,1,0,0,0,1,0,0,0,0,1,0,1,0,0,0,0,0,0,0,1,0,0,0,0,0,0,0,0,0,0,0,0,0,0,3,1,40.0564,-75.0128, , 
69114,797085,2011100872,6,67,67301,2011,9,7,1415,14,1,1,0,7,5, , ,N,0,0,0,3,0,1,1,1,N, ,39 59:33.876,75 10:46.239,9999, ,9999, ,0, , , ,0, , , , , , , , , ,1,1,0,0,0,0,0,0,0,0,0,0,1,1,0,0,0,0,0,0,0,0,0,1,0,0,0,0,0,0,0,0,0,0,0,8,0,39.9927,-75.1795, , 
69115,797125,2011047806,6,67,67301,2011,5,5,1434,14,1,1,0,1,1, , ,N,0,0,0,3,0,3,5,5,N,N,39 58:07.845,75 07:39.748,1447, ,1438,1,2,1,N, ,0,N, , , , , , , , ,5,5,0,0,0,0,0,0,0,0,0,3,3,0,0,0,0,0,0,0,0,0,0,0,0,0,0,0,0,0,0,0,0,0,0,4,0,39.9688,-75.1278, , 
69116,797146,2011061857,6,67,67301,2011,5,3,1705,17,1,1,0,4,2, , ,N,0,0,0,3,0,1,6,2,N,N,40 04:49.778,75 02:30.359,1714, ,1710, ,0, , , ,0, , , , , , , , , ,2,2,0,0,0,0,0,0,0,0,0,1,1,0,0,0,0,0,0,0,0,0,0,1,0,0,0,0,0,0,0,0,0,0,0,4,0,40.0805,-75.0418, , 
69117,797147,2011062015,6,67,67301,2011,5,3,755,7,1,1,0,1,1, , ,N,9,5,0,3,0,2,3,2, , ,40 04:10.171,75 05:03.416,757, ,707, ,0, , , ,3, , , , , , , , , ,2,1,0,1,0,0,0,0,0,0,0,0,2,2,0,0,0,0,0,0,1,0,0,0,0,0,0,0,0,0,0,0,0,0,0,8,1,40.0695,-75.0843, , 
69118,797150,2011066184,6,67,67301,2011,5,5,1215,12,1,1,0,6,1, , ,N,1,2,0,3,0,1,2,2,N,N,40 05:40.718,75 00:54.707,1225, ,1221,1,1,4,N, ,3,N, , , , , , , , ,2,1,0,0,0,1,0,0,0,0,0,0,1,1,0,0,0,0,1,0,1,0,0,2,0,0,0,0,0,0,0,0,0,0,0,8,1,40.0946,-75.0152, , 
69119,797155,2011073290,6,67,67301,2011,6,4,1155,11,1,1,0,8,1, , ,N,0,0,0,3,0,1,2,2,N,N,40 00:02.419,75 07:52.579,1210, ,1204, ,0, ,N, ,0, , , , , , , , , ,1,1,0,0,0,0,0,0,0,0,0,1,1,0,0,0,0,0,0,0,0,0,0,0,0,0,0,0,0,0,0,0,1,0,0,4,0,40.0007,-75.1313, , 
69120,789418,2011053590,6,67,67301,2011,4,2,1534,15,1,1,0,2,1, , ,N,2,0,0,3,0,2,2,2,N,N,40 01:37.518,75 12:16.322,1555, ,1539, ,0, ,N, ,0, , , , , , , , , ,2,1,1,0,0,0,0,0,0,1,1,0,2,0,0,0,0,0,0,0,1,0,0,0,0,0,0,0,0,0,0,0,0,0,0,2,0,40.0272,-75.2045, , 
69121,789422,2011056753,6,67,67301,2011,5,2,812,8,1,1,0,8,1, , ,N,1,3,0,3,0,1,2,2,N,N,40 01:53.367,75 07:43.093,1010, ,952, ,0, ,N, ,3, , , , , , , , , ,1,0,0,0,1,0,0,0,0,0,1,0,1,0,0,0,0,0,0,0,0,0,0,1,0,0,0,0,0,0,0,0,1,0,0,3,0,40.0315,-75.1286, , 
69122,789447,2011031177,6,67,67301,2011,2,1,1925,19,3,1,0,1,1, , ,N,1,2,0,3,0,2,3,2,N,N,40 04:07.766,75 14:25.454,1929, ,1927, ,0, ,N, ,3, , , , , , , , , ,2,2,0,0,0,0,0,0,0,0,0,0,2,2,0,0,0,0,0,0,0,0,1,0,0,0,0,0,0,0,0,0,0,0,0,8,0,40.0687,-75.2404, , 
69123,789448,2011031378,6,67,67301,2011,2,6,911,9,1,2,1,1,6, , ,N,0,0,0,3,0,0,1,2, , ,39 57:07.610,75 08:42.883,913, ,911, ,0, , , ,0, , , , , , , , , ,2,1,0,0,1,0,0,0,0,0,0,0,0,0,0,0,0,0,0,0,0,0,0,0,0,0,0,0,0,0,0,0,0,0,0,0,0,39.9521,-75.1452, , 
69124,789457,2011038445,6,67,67301,2011,3,4,1834,18,3,2,1,7,5, , ,N,0,0,0,3,0,2,2,1,N,N,40 01:29.784,75 04:35.762,1844, ,1838,2,2,5,N, ,0,Y, , , , , , , , ,1,1,0,0,0,0,0,0,0,0,0,0,2,2,0,0,0,0,0,0,0,0,0,0,0,0,0,0,0,0,0,0,0,0,0,8,0,40.0249,-75.0766, , 
69125,789485,2011020063,6,67,67301,2011,2,4,1233,12,1,1,0,5,1, , ,N,0,0,0,3,0,1,2,2,N,N,39 53:25.488,75 13:15.699,1235, ,1235, ,0, ,N, ,0, , , , , , , , , ,2,1,0,0,0,0,1,0,0,0,0,0,1,1,0,0,0,0,0,0,0,0,0,0,0,0,0,0,0,0,0,0,0,0,0,8,0,39.8904,-75.221, , 
69126,789496,2011029152,6,67,67301,2011,2,6,1931,19,3,1,0,8,5, , ,N,1,0,0,3,0,1,2,2, , ,39 55:56.805,75 09:50.878,1947, ,1931, ,0, , , ,0, , , , , , , , , ,1,1,0,0,0,0,0,0,0,0,0,1,1,0,1,0,0,0,0,0,0,0,0,1,0,0,0,0,0,0,0,0,1,0,0,4,0,39.9324,-75.1641, , 
69127,789499,2011031209,6,67,67301,2011,2,4,1150,11,1,1,0,4,1, , ,N,1,3,0,3,0,0,2,2,N,N,40 03:03.949,75 11:46.420,1204, ,1159, ,0, ,N, ,3, , , , , , , , , ,2,1,0,0,1,0,0,0,0,0,0,0,0,0,0,0,0,0,0,0,0,0,1,0,0,0,0,0,0,0,0,0,0,0,0,0,0,40.0511,-75.1962, , 
69128,789512,2011044626,6,67,67301,2011,4,7,203,2,3,1,0,4,1, , ,N,1,0,0,3,0,3,3,2,N,N,40 02:37.140,75 09:13.982,220, ,203, ,0, ,N, ,0, , , , , , , , , ,2,1,0,0,0,0,1,0,0,0,0,0,3,3,0,0,0,0,0,1,0,0,0,0,0,0,0,0,0,0,0,0,0,0,0,8,0,40.0437,-75.1539, , 
69129,789515,2011047025,6,67,67301,2011,4,7,2100,21,3,1,0,4,1, , ,N,2,3,0,3,0,1,3,2,N,N,39 56:57.098,75 14:07.234,2106, ,2106, ,0, ,N, ,3, , , , , , , , , ,2,2,0,0,0,0,0,0,0,0,1,0,1,0,0,0,0,0,0,0,0,0,0,0,0,0,0,0,0,0,0,0,0,0,0,3,0,39.9492,-75.2353, , 
69130,789516,2011047312,6,67,67301,2011,3,3,1300,13,1,1,0,5,1, , ,N,1,2,0,3,0,2,5,2,N,N,39 57:23.632,75 12:35.044,1322, ,1320, ,0, ,N, ,3, , , , , , , , , ,2,2,0,0,0,0,0,0,0,0,0,2,2,0,0,0,0,0,0,0,1,0,1,0,0,0,0,0,0,0,0,0,0,0,0,4,0,39.9566,-75.2098, , 
69131,789530,2011010035,6,67,67301,2011,1,1,400,4,3,1,6,6,1, , ,N,1,2,0,3,0,0,2,2, , ,39 54:21.113,75 11:37.838,400, ,400,9,1,3, , ,3,N, , , , , , , , ,2,2,0,0,0,0,0,0,0,0,0,0,0,0,0,0,0,0,0,0,1,0,0,0,0,0,0,0,0,0,0,0,0,0,0,0,0,39.9057,-75.1938, , 
69132,789539,2011015961,6,67,67301,2011,1,1,1655,16,4,1,0,4,1, , ,N,1,3,0,3,0,3,3,2,N,N,40 03:11.455,75 09:24.155,1705, ,1656,2,2,5,N, ,3,Y, , , , , , , , ,2,2,0,0,0,0,0,0,0,0,1,0,3,2,0,0,0,0,0,1,0,0,0,0,0,0,0,0,0,0,0,0,0,0,0,3,0,40.0532,-75.1567, , 
69133,789551,2011033551,6,67,67301,2011,3,5,2205,22,3,1,0,1,1, , ,N,0,2,0,3,0,2,4,3,N,N,39 54:21.531,75 11:36.953,2208, ,2205, ,0, ,N, ,3, , , , , , , , , ,3,2,0,0,1,0,0,0,0,0,0,2,2,0,0,0,0,0,0,0,1,0,0,0,0,0,0,0,0,0,0,0,0,0,0,4,0,39.906,-75.1936, , 
69134,789555,2011040621,6,67,67301,2011,3,4,1626,16,1,1,0,8,3, , ,N,1,2,0,3,0,2,3,3,N,N,39 59:47.157,75 06:48.512,1626, ,1626,1,1,3,N, ,3,N, , , , , , , , ,2,2,0,0,0,0,0,0,0,0,0,2,2,0,0,0,0,0,0,0,0,0,0,0,0,0,0,0,0,0,0,0,1,0,0,4,0,39.9964,-75.1135, , 
69135,789562,2011044632,6,67,67301,2011,3,3,1822,18,1,1,0,4,1, , ,N,0,0,0,3,0,1,4,4,N,N,39 57:29.106,75 09:44.617,1827, ,1822, ,0, ,N, ,0, , , , , , , , , ,4,2,0,0,0,0,2,0,0,0,0,1,1,0,0,0,0,0,0,0,0,0,0,0,0,0,0,0,0,0,0,0,0,0,0,4,0,39.9581,-75.1624, , 
69136,789568,2011055711,6,67,67301,2011,5,1,1201,12,1,1,0,5,1, , ,N,7,0,2,3,0,1,4,2,N,N,40 00:12.326,75 04:38.913,1213, ,1206,1,1,2,N, ,0,N, , , , , , , , ,2,2,0,0,0,0,0,0,0,0,0,0,1,1,0,0,0,0,1,0,0,0,0,0,0,0,0,0,0,0,0,0,0,0,0,8,0,40.0035,-75.0774, , 
69137,789586,2011022975,6,67,67301,2011,1,6,2145,21,3,4,4,4,1, , ,N,1,2,0,3,0,1,4,2,N,N,39 57:24.564,75 11:58.555,2150, ,2146, ,0, ,N, ,3, , , , , , , , , ,2,2,0,0,0,0,0,0,0,0,0,0,1,1,0,0,0,0,0,0,1,0,0,0,0,0,0,0,0,0,0,0,0,0,0,8,0,39.9568,-75.1995, , 
69138,793183,2011040381,6,67,67301,2011,3,6,914,9,1,1,0,8,1, , ,N,1,2,0,3,0,1,2,2,N,N,40 01:43.284,75 07:03.795,917, ,915, ,0, ,N, ,3, , , , , , , , , ,1,1,0,0,0,0,0,0,0,0,0,1,1,0,0,0,0,0,0,0,0,0,0,0,0,0,0,0,0,0,0,0,1,0,0,4,0,40.0287,-75.1177, , 
69139,793186,2011044538,6,67,67301,2011,3,2,754,7,1,1,0,4,1, , ,N,1,2,0,3,0,0,7,2,N,N,40 00:31.034,75 04:07.810,805, ,800, ,0, ,N, ,2, , , , , , , , , ,2,0,0,0,1,0,1,0,0,0,0,0,0,0,0,0,0,0,0,0,0,0,0,0,0,0,0,0,0,0,0,0,0,0,0,0,0,40.0086,-75.0688, , 
69140,793222,2011040434,6,67,67301,2011,3,6,904,9,1,1,0,8,1, , ,N,1,2,0,3,0,1,2,2,N,N,39 57:15.869,75 09:47.496,907, ,907, ,0, ,N, ,3, , , , , , , , , ,1,0,0,0,1,0,0,0,0,0,0,0,1,1,0,0,0,0,0,0,0,0,0,0,0,0,0,0,0,0,0,0,1,0,0,8,0,39.9544,-75.1631, , 
69141,793246,2011073236,6,67,67301,2011,6,3,1215,12,1,1,0,4,1, , ,N,1,3,0,3,0,2,4,3,N,N,40 00:05.153,75 09:05.817,1236, ,1219, ,0, ,N, ,3, , , , , , , , , ,3,2,0,0,0,0,0,1,0,0,0,2,2,0,0,0,0,0,0,0,0,0,0,0,0,0,0,0,0,0,0,0,0,0,0,4,0,40.0014,-75.1516, , 
69142,793259,2011083134,6,67,67301,2011,7,4,1258,12,1,1,0,5,1, , ,N,0,0,0,3,0,1,9,4,N,N,39 55:47.833,75 11:52.756,1258, ,1258, ,0, ,N, ,0, , , , , , , , , ,4,1,0,1,0,0,1,1,0,0,0,1,1,0,0,0,0,0,0,0,0,2,0,0,0,0,0,0,0,0,0,0,0,0,0,4,1,39.93,-75.198, , 
69143,793311,2011037712,6,67,67301,2011,4,7,112,1,3,1,0,1,1, , ,N,6,4,2,3,0,1,4,3,N,N,39 56:43.369,75 11:25.410,113, ,112, ,0, ,N, ,3, , , , , , , , , ,3,3,0,0,0,0,0,0,0,0,0,0,1,1,0,0,0,0,0,0,0,0,0,0,0,0,0,0,0,0,0,0,0,0,0,8,0,39.9454,-75.1904, , 
69144,793313,2011038196,6,67,67301,2011,3,5,1300,13,1,2,1,4,1, , ,N,1,3,0,3,0,1,2,2,N,N,39 55:49.785,75 10:41.426,1304, ,1304,1,1,7,N, ,3,N, , , , , , , , ,2,2,0,0,0,0,0,0,0,0,0,0,1,1,0,0,0,0,0,0,1,0,0,0,0,0,0,0,0,0,0,0,0,0,0,8,0,39.9305,-75.1782, , 
69145,793323,2011054366,6,67,67301,2011,4,3,1529,15,1,8,1,4,1, , ,N,2,0,0,3,0,1,1,2,N,N,40 02:05.604,75 04:20.986,1531, ,1529, ,0, , , ,0, , , , , , , , , ,2,2,0,0,0,0,0,0,0,0,1,0,1,0,0,0,0,0,0,0,0,0,0,0,0,0,0,0,0,0,0,0,0,0,0,3,0,40.0349,-75.0724, , 
69146,793330,2011056744,6,67,67301,2011,5,3,1226,12,1,1,0,4,1, , ,N,1,2,0,3,0,1,2,2,N,N,39 57:48.112,75 11:14.766,1230, ,1228, ,0, ,N, ,3, , , , , , , , , ,2,2,0,0,0,0,0,0,0,0,0,1,1,0,1,0,0,0,0,1,0,0,0,0,0,0,0,0,0,0,0,0,0,0,0,4,0,39.9634,-75.1874, , 
69147,793357,2011037979,6,67,67301,2011,3,7,1400,14,1,1,0,2,1, , ,N,1,2,0,3,0,1,2,2,N,N,40 01:37.801,75 09:04.478,1520, ,1520, ,0, ,N, ,3, , , , , , , , , ,2,0,0,0,0,0,2,0,0,0,0,1,1,0,0,0,0,0,0,0,0,0,0,0,0,0,0,0,0,0,0,0,0,0,0,4,0,40.0272,-75.1512, , 
69148,793363,2011047036,6,67,67301,2011,4,4,1512,15,1,1,0,4,2, , ,N,5,2,0,3,0,1,2,2,N,N,39 58:44.193,75 07:06.767,1634, ,1634, ,0, ,N, ,3, , , , , , , , , ,1,1,0,0,0,0,0,0,1,0,0,0,1,1,0,0,0,0,0,0,1,0,0,0,0,0,0,0,0,0,0,0,0,0,0,8,0,39.9773,-75.1193, , 
69149,793367,2011050896,6,67,67301,2011,5,7,1910,19,1,1,0,1,1, , ,N,0,0,0,3,0,1,4,3,N,N,39 58:30.850,75 11:40.660,1917, ,1917, ,0, ,N, ,0, , , , , , , , , ,2,1,0,0,0,0,1,0,0,0,0,1,1,0,0,0,0,0,0,0,1,0,0,0,0,0,0,0,0,0,0,0,1,0,0,4,0,39.9752,-75.1946, , 
69150,793416,2011057389,6,9,9212,2011,5,3,2138,21,3,1,0,1,1, , ,N,1,2,0,3,0,2,3,2,N,N,40 08:03.669,75 00:32.519,2140, ,2138,1,1,2,N, ,3,N, , , , , , , , ,2,1,0,0,0,0,1,0,0,0,0,0,2,2,0,0,0,0,0,0,1,0,0,1,0,0,0,0,0,0,0,0,0,0,0,8,0,40.1343,-75.0091, , 
69151,793425,2011063637,6,67,67301,2011,6,2,1143,11,1,1,0,1,1, , ,N,0,0,0,3,0,2,3,2,N,N,39 53:09.681,75 12:31.425,1152, ,1145, ,0, ,N, ,0, , , , , , , , , ,2,1,0,0,1,0,0,0,0,0,0,1,2,1,0,0,0,0,0,0,0,0,0,0,0,0,0,0,0,0,0,0,0,0,0,4,0,39.886,-75.2087, , 
69152,793428,2011067958,6,67,67301,2011,6,5,1820,18,1,1,0,8,1, , ,N,1,3,0,3,0,1,2,2,N,N,40 04:30.637,75 10:31.875,1830, ,1824, ,0, ,N, ,3, , , , , , , , , ,1,1,0,0,0,0,0,0,0,0,0,0,1,1,0,0,0,0,0,0,0,0,0,0,0,0,0,0,0,0,0,0,1,0,0,8,0,40.0752,-75.1755, , 
69153,793431,2011054146,6,67,67301,2011,4,5,1723,17,1,1,0,8,1, , ,N,0,0,0,3,0,1,2,2,N,N,39 55:45.904,75 14:22.887,1730, ,1725, ,0, ,N, ,0, , , , , , , , , ,1,1,0,0,0,0,0,0,0,0,1,0,1,0,0,0,0,0,0,0,0,0,0,0,0,0,0,0,0,0,0,0,1,0,0,3,0,39.9294,-75.2397, , 
69154,793443,2011063989,6,67,67301,2011,6,2,544,5,1,1,0,1,7, , ,N,6,4,2,3,0,2,5,2,N,N,39 56:44.167,75 11:25.033,617, ,602,1,2,4,N, ,3,N, , , , , , , , ,2,2,0,0,0,0,0,0,0,0,0,2,2,0,0,0,0,0,0,0,0,0,0,0,0,0,0,0,0,0,0,0,0,0,0,4,0,39.9456,-75.1903, , 
69155,793456,2011075565,6,67,67301,2011,6,5,2110,21,6,9,8,8,2, , ,N,0,0,0,3,0,3,3,3, , ,39 59:38.890,75 07:57.870,2122, ,2115, ,0, , , ,0, , , , , , , , , ,1,0,0,0,1,0,0,0,0,0,1,1,3,1,0,0,0,0,0,0,0,0,0,1,0,0,0,0,0,0,0,0,2,0,0,3,0,39.9941,-75.1327, , 
69156,800117,2011098148,6,67,67301,2011,8,3,1114,11,1,1,0,4,1, , ,N,0,0,7,3,0,1,2,2,N,N,40 04:25.856,75 09:29.822,1214, ,1115,1,1,1, , ,0,N, , , , , , , , ,2,2,0,0,0,0,0,0,0,0,0,1,1,0,0,0,0,0,0,0,0,0,0,0,0,0,0,0,0,0,0,0,0,0,0,4,0,40.0738,-75.1583, , 
69157,800118,2011100820,6,67,67301,2011,9,2,1615,16,1,1,0,4,1, , ,N,1,2,0,3,0,2,3,2,N,N,40 03:28.059,75 00:31.473,1633, ,1633, ,0, ,N, ,3, , , , , , , , , ,2,2,0,0,0,0,0,0,0,0,0,2,2,0,0,0,0,0,0,0,0,2,0,0,0,0,0,0,0,0,0,0,0,0,0,4,0,40.0578,-75.0087, , 
69158,800141,2011076057,6,67,67301,2011,6,4,450,4,5,1,0,1,1, , ,N,0,0,0,3,0,0,1,2,N,N,39 57:12.528,75 11:55.679,458, ,457, ,0, ,N, ,0, , , , , , , , , ,2,1,0,0,1,0,0,0,0,0,0,0,0,0,0,0,0,0,0,0,0,0,0,0,0,0,0,0,0,0,0,0,0,0,0,0,0,39.9535,-75.1988, , 
69159,800153,2011093459,6,67,67301,2011,8,1,659,6,1,1,0,4,4, , ,N,0,0,0,3,0,1,2,3,N,N,39 58:48.231,75 07:04.933,705, ,700, ,0, ,N, ,0, , , , , , , , , ,3,2,0,0,0,0,0,1,0,0,0,1,1,0,1,0,0,0,0,0,1,0,0,2,0,0,0,0,0,0,0,0,0,0,0,4,0,39.9786,-75.1187, , 
69160,800154,2011093523,6,67,67301,2011,9,3,1702,17,1,1,0,1,1, , ,N,7,4,2,3,0,0,3,2,N,N,40 00:29.814,75 04:15.838,1724, ,1704, ,0, ,N, ,3, , , , , , , , , ,2,2,0,0,0,0,0,0,0,0,0,0,0,0,0,0,0,0,0,0,0,0,0,0,0,0,0,0,0,0,0,0,0,0,0,0,0,40.0072,-75.0736, , 
69161,800178,2011054082,6,67,67301,2011,4,5,1100,11,1,1,0,4,1, , ,N,1,2,0,3,0,0,2,4,N,N,39 57:36.745,75 11:27.211,1102, ,1100, ,0, ,N, ,3, , , , , , , , , ,4,3,0,0,0,0,0,1,0,0,0,0,0,0,0,0,0,0,0,0,2,0,0,0,0,0,0,0,0,0,0,0,0,0,0,0,0,39.9602,-75.1909, , 
69162,800196,2011085754,6,67,67301,2011,8,3,148,1,3,1,0,7,4, , ,N,0,0,0,3,0,0,1,1,N,N,39 56:54.403,75 11:08.810,148, ,148,1,2,4,N, ,0,N, , , , , , , , ,1,1,0,0,0,0,0,0,0,0,0,0,0,0,1,0,0,0,0,0,0,0,0,0,0,0,0,0,0,0,0,0,0,0,0,9,0,39.9484,-75.1858, , 
69163,800197,2011087681,6,67,67301,2011,8,5,658,6,1,1,0,1,1, , ,N,7,4,2,3,0,1,2,2,N,N,39 54:41.443,75 09:02.161,718, ,701, ,0, ,N, ,3, , , , , , , , , ,2,1,0,0,0,0,0,1,0,0,0,1,1,0,0,0,0,0,0,0,1,0,0,0,0,0,0,0,0,0,0,0,0,0,0,4,0,39.9115,-75.1506, , 
69164,800225,2011112162,6,67,67301,2011,10,1,1549,15,1,1,0,6,1, , ,N,0,0,0,3,0,1,2,3,N, ,39 59:50.139,75 10:48.842,1604, ,1552, ,0, , , ,0, , , , , , , , , ,3,3,0,0,0,0,0,0,0,1,0,0,1,0,0,0,0,0,0,0,1,0,0,0,0,0,0,0,0,0,0,0,0,0,0,2,0,39.9973,-75.1802, , 
69165,800229,2011057286,6,67,67301,2011,5,4,2110,21,1,1,0,4,1, , ,N,2,3,0,3,0,2,6,3, , ,40 06:56.588,75 01:41.026,2145, ,2138, ,0, , , ,3, , , , , , , , , ,3,3,0,0,0,0,0,0,0,0,0,1,2,1,0,0,0,0,0,0,0,0,0,0,0,0,0,0,0,0,0,0,0,0,0,4,0,40.1157,-75.0281, , 
69166,800240,2011075829,6,67,67301,2011,6,5,1530,15,1,1,0,4,4, , ,N,0,0,0,3,0,1,2,2, , ,40 02:11.302,75 14:12.994,9999, ,9999, ,0, ,N, ,0, , , , , , , , , ,1,1,0,0,0,0,0,0,1,0,0,0,1,1,0,0,0,0,0,0,0,0,0,1,0,0,0,0,0,0,0,0,0,0,0,8,0,40.0365,-75.2369, , 
69167,800244,2011083474,6,67,67301,2011,7,7,1435,14,1,1,0,4,1, , ,N,1,1,0,3,0,0,2,2,N,N,39 58:02.431,75 10:31.324,1441, ,1441, ,0, ,N, ,3, , , , , , , , , ,2,2,0,0,0,0,0,0,0,0,0,0,0,0,2,0,0,0,0,0,0,0,0,0,0,0,0,0,0,0,0,0,0,0,0,9,0,39.9673,-75.1754, , 
69168,800255,2011090383,6,67,67301,2011,7,7,1723,17,1,1,0,8,1, , ,N,0,2,0,3,0,1,3,2,N,N,39 58:41.187,75 09:52.482,1728, ,1726, ,0, ,N, ,3, , , , , , , , , ,1,1,0,0,0,0,0,0,0,0,1,0,1,0,0,0,0,0,0,0,1,0,0,0,0,0,0,0,0,0,0,0,1,0,0,3,0,39.9781,-75.1646, , 
69169,800256,2011090428,6,67,67301,2011,7,3,1539,15,1,1,0,1,1, , ,N,0,0,0,3,0,3,3,3,N, ,39 55:15.922,75 11:42.974,1540, ,1540,9,2,4, , ,0,Y, , , , , , , , ,3,0,0,0,0,3,0,0,0,0,0,0,3,3,0,0,0,0,0,0,1,0,0,2,0,0,0,0,0,0,0,0,0,0,0,8,3,39.9213,-75.193, , 
69170,800260,2011092853,6,67,67301,2011,8,5,455,4,3,1,0,7,5, , ,N,10,0,0,3,0,1,2,1,N,N,39 59:32.197,75 09:03.877,501, ,459, ,0, ,N, ,0, , , , , , , , , ,1,1,0,0,0,0,0,0,0,0,0,1,1,0,1,0,1,0,0,0,0,0,0,0,0,0,0,0,0,0,0,0,0,0,0,4,0,39.9923,-75.1511, , 