objectid_1,objectid,crn,district,county,municipality,crash_year,crash_month,day_of_week,time_of_day,hour_of_day,illumination,weather,road_condition,collision_type,relation_to_road,work_zone_type,work_zone_loc,work_zone_ind,intersect_type,tcd_type,location_type,urban_rural,fatal_count,injury_count,person_count,total_units,sch_bus_ind,sch_zone_ind,latitude,longitude,arrival_tm,cons_zone_spd_lim,dispatch_tm,est_hrs_closed,lane_closed,ln_close_dir,ntfy_hiwy_maint,spec_juris_cd,tcd_func_cd,tfc_detour_ind,workers_pres,wz_close_detour,wz_flagger,wz_law_offcr_ind,wz_ln_closure,wz_moving,wz_other,wz_shlder_mdn,vehicle_count,automobile_count,motorcycle_count,bus_count,small_truck_count,heavy_truck_count,suv_count,van_count,bicycle_count,maj_inj_count,mod_inj_count,min_inj_count,tot_inj_count,unk_inj_deg_count,unk_inj_per_count,driver_count_16yr,driver_count_17yr,driver_count_18yr,driver_count_19yr,driver_count_20yr,driver_count_50_64yr,driver_count_65_74yr,driver_count_75plus,unbelted_occ_count,unb_death_count,unb_maj_inj_count,belted_death_count,belted_maj_inj_count,mcycle_death_count,mcycle_maj_inj_count,bicycle_death_count,bicycle_maj_inj_count,ped_count,ped_death_count,ped_maj_inj_count,max_severity_level,comm_veh_count,dec_lat,dec_long,rdwy_surf_type_cd,county_name
69239,800444,2011091021,6,67,67301,2011,8,7,2035,20,3,1,0,4,1, , ,N,1,3,0,3,0,1,2,2,N, ,39 55:59.160,75 11:52.097,2156, ,2142, ,0, , , ,3, , , , , , , , , ,1,1,0,0,0,0,0,0,1,0,0,1,1,0,1,0,0,0,0,0,0,0,0,0,0,0,0,0,0,0,0,0,0,0,0,4,0,39.9331,-75.1978, , 
69240,800484,2011024673,6,67,67301,2011,1,2,1250,12,1,1,6,4,1, , ,N,1,3,0,3,0,1,2,2,N,N,39 58:14.952,75 09:52.433,1325, ,1321, ,0, , , ,3, , , , , , , , , ,2,1,0,0,0,0,1,0,0,0,0,1,1,0,0,0,0,0,0,0,0,0,0,0,0,0,0,0,0,0,0,0,0,0,0,4,0,39.9708,-75.1646, , 
69241,800497,2011040615,6,67,67301,2011,3,1,149,1,3,1,0,1,1, , ,N,0,0,0,3,0,4,5,2,N,N,39 58:58.662,75 09:37.045,201, ,201, ,0, ,N, ,0, , , , , , , , , ,2,1,0,0,0,0,1,0,0,0,0,0,4,4,0,0,0,0,0,1,0,0,0,0,0,0,0,0,0,0,0,0,0,0,0,8,0,39.983,-75.1603, , 
69242,800507,2011056898,6,67,67301,2011,5,6,630,6,1,1,0,9,1, , ,N,2,2,99,3,0,0,2,2,N,N,39 57:32.806,75 09:29.825,1530, ,1530, ,0, , , ,3, , , , , , , , , ,2,1,0,0,0,0,0,0,0,0,0,0,0,0,0,0,0,0,0,0,1,0,0,0,0,0,0,0,0,0,0,0,0,0,0,0,0,39.9591,-75.1583, , 
69243,800516,2011054513,6,67,67301,2011,5,1,1746,17,1,1,0,7,2, , ,N,0,0,0,3,0,0,1,1,N,N,39 55:37.071,75 11:42.506,1801, ,1749,1,1,3,N, ,0,N, , , , , , , , ,1,1,0,0,0,0,0,0,0,0,0,0,0,0,0,0,0,0,0,0,0,0,0,0,0,0,0,0,0,0,0,0,0,0,0,0,0,39.927,-75.1951, , 
69244,800519,2011056965,6,67,67301,2011,5,3,1654,16,1,1,0,2,1, , ,N,1,2,0,3,0,2,3,3,N,N,39 58:40.687,75 10:11.240,1700, ,1656, ,0, ,N, ,3, , , , , , , , , ,3,2,0,1,0,0,0,0,0,0,0,0,2,2,0,0,0,0,1,0,0,1,0,0,0,0,0,0,0,0,0,0,0,0,0,8,1,39.978,-75.1698, , 
69245,800523,2011061679,6,67,67301,2011,6,7,1854,18,1,1,0,7,5, , ,N,7,0,0,3,0,0,1,1,N,N,39 59:21.294,75 12:23.365,1904, ,1858, ,0, ,Y, ,0, , , , , , , , , ,1,1,0,0,0,0,0,0,0,0,0,0,0,0,0,0,0,0,0,0,1,0,0,0,0,0,0,0,0,0,0,0,0,0,0,0,0,39.9892,-75.2065, , 
69246,800542,2011082120,6,67,67301,2011,7,1,1705,17,1,1,0,7,3, , ,N,0,0,0,3,0,1,1,1,N,N,39 55:45.857,75 11:50.577,1719, ,1710, ,0, ,Y, ,0, , , , , , , , , ,1,1,0,0,0,0,0,0,0,0,0,0,1,1,0,0,0,0,0,0,0,0,0,0,0,0,0,0,0,0,0,0,0,0,0,8,0,39.9294,-75.1974, , 
69247,797489,2011066212,6,67,67301,2011,6,7,2145,21,3,1,0,4,1, , ,N,1,2,0,3,0,0,3,2,N,N,39 59:24.079,75 09:37.472,2205, ,2200, ,0, ,N, ,2, , , , , , , , , ,2,2,0,0,0,0,0,0,0,0,0,0,0,0,0,0,0,0,0,0,0,0,0,0,0,0,0,0,0,0,0,0,0,0,0,0,0,39.99,-75.1604, , 
69248,797498,2011075670,6,67,67301,2011,6,6,1956,19,3,9,0,0,1, , ,N,1,0,0,3,0,1,1,1,N, ,39 55:47.230,75 08:39.029,2006, ,2000, ,0, ,N, ,0, , , , , , , , , ,1,0,1,0,0,0,0,0,0,0,0,1,1,0,0,0,0,0,0,0,0,0,0,0,0,0,0,0,0,0,0,0,0,0,0,4,0,39.9298,-75.1442, , 
69249,797514,2011087919,6,67,67301,2011,8,7,1912,19,1,1,0,8,1, , ,N,0,0,0,3,0,1,2,2,N,N,40 02:28.672,75 02:05.100,1923, ,1917,9,2,1,N, ,0,N, , , , , , , , ,1,1,0,0,0,0,0,0,0,0,0,0,1,1,0,0,0,0,0,0,0,0,0,0,0,0,0,0,0,0,0,0,1,0,0,8,0,40.0413,-75.0348, , 
69250,797519,2011090476,6,67,67301,2011,8,7,1711,17,1,2,1,2,1, , ,N,1,2,0,3,0,3,3,2,N, ,39 58:30.358,75 07:16.963,1748, ,1746,2,1,7, , ,3,Y, , , , , , , , ,2,2,0,0,0,0,0,0,0,0,3,0,3,0,0,0,0,0,0,0,1,0,0,0,0,0,0,0,0,0,0,0,0,0,0,3,0,39.9746,-75.1218, , 
69251,797532,2011053561,6,67,67301,2011,4,3,1436,14,1,2,1,2,1, , ,N,2,0,7,3,0,0,2,2,N,N,39 56:15.342,75 09:52.613,1442, ,1438, ,0, ,N, ,0, , , , , , , , , ,2,2,0,0,0,0,0,0,0,0,0,0,0,0,1,0,0,0,0,0,0,0,0,0,0,0,0,0,0,0,0,0,0,0,0,9,0,39.9376,-75.1646, , 
69252,797547,2011028988,6,67,67301,2011,2,3,210,2,3,1,1,4,1, , ,N,1,2,0,3,0,1,2,2, , ,39 54:42.724,75 10:21.917,213, ,212, ,0, , , ,3, , , , , , , , , ,2,2,0,0,0,0,0,0,0,0,0,0,1,1,0,0,0,0,0,0,1,0,0,0,0,0,0,0,0,0,0,0,0,0,0,8,0,39.9119,-75.1728, , 
69253,797553,2011033491,6,67,67301,2011,2,6,720,7,1,2,1,4,1, , ,N,0,0,7,3,0,0,3,2, , ,39 54:18.040,75 14:13.320,741, ,730,9,1,1, , ,0,N, , , , , , , , ,2,1,0,0,0,0,0,1,0,0,0,0,0,0,0,0,0,0,0,0,0,0,0,0,0,0,0,0,0,0,0,0,0,0,0,0,0,39.905,-75.237, , 
69254,797563,2011040252,6,67,67301,2011,3,3,830,8,1,2,1,4,1, , ,N,1,2,0,3,0,0,2,2,N,N,39 58:49.134,75 12:51.147,835, ,830,9,1,1,N, ,9,N, , , , , , , , ,2,1,0,0,0,0,1,0,0,0,0,0,0,0,0,0,0,0,0,0,0,0,0,0,0,0,0,0,0,0,0,0,0,0,0,0,0,39.9803,-75.2141, , 
69255,797570,2011044573,6,67,67301,2011,3,5,1055,10,1,1,0,4,1, , ,N,0,2,7,3,0,5,5,2,N,N,40 01:15.695,75 08:55.233,1105, ,1055, ,0, ,N, ,3, , , , , , , , , ,2,2,0,0,0,0,0,0,0,0,0,4,5,1,0,0,0,0,0,0,0,0,0,0,0,0,0,0,0,0,0,0,0,0,0,4,0,40.021,-75.1487, , 
69256,797575,2011053852,6,67,67301,2011,5,2,551,5,1,1,0,4,1, , ,N,0,0,0,3,0,0,2,2,N,N,39 58:27.364,75 07:07.419,613, ,601, ,0, ,N, ,0, , , , , , , , , ,2,1,0,0,1,0,0,0,0,0,0,0,0,0,0,0,0,0,0,0,1,0,0,0,0,0,0,0,0,0,0,0,0,0,0,0,0,39.9743,-75.1186, , 
69257,797589,2011015201,6,67,67301,2011,1,3,2255,22,3,4,3,7,3, , ,N,0,0,0,3,0,0,1,1,N,N,39 53:49.590,75 11:19.436,2341, ,2259, ,0, ,N, ,0, , , , , , , , , ,1,1,0,0,0,0,0,0,0,0,0,0,0,0,0,0,0,0,0,0,0,0,0,0,0,0,0,0,0,0,0,0,0,0,0,0,0,39.8971,-75.1887, , 
69258,797596,2011022200,6,67,67301,2011,2,4,1105,11,1,8,1,4,1, , ,N,0,0,0,3,0,0,3,2,N,N,39 57:45.917,75 08:20.759,1110, ,1110,2,1,1,N, ,0,N, , , , , , , , ,2,0,0,0,0,1,1,0,0,0,0,0,0,0,0,0,0,0,0,0,0,0,0,0,0,0,0,0,0,0,0,0,0,0,0,0,1,39.9626,-75.1392, , 
69259,797605,2011032109,6,67,67301,2011,2,2,2328,23,3,4,3,4,1, , ,N,0,0,0,3,0,1,3,2,N,N,39 57:26.653,75 09:29.994,46, ,46, ,0, ,N, ,0, , , , , , , , , ,2,2,0,0,0,0,0,0,0,0,0,1,1,0,1,0,0,0,0,0,0,0,0,0,0,0,0,0,0,0,0,0,0,0,0,4,0,39.9574,-75.1583, , 
69260,797606,2011033516,6,67,67301,2011,3,3,1854,18,3,1,0,8,1, , ,N,5,2,0,3,0,1,2,2,N,N,39 59:43.508,75 06:19.956,1856, ,1855, ,0, ,N, ,3, , , , , , , , , ,1,0,0,0,0,0,1,0,0,0,0,1,1,0,0,0,0,0,0,0,0,0,0,0,0,0,0,0,0,0,0,0,1,0,0,4,0,39.9954,-75.1055, , 
69261,797611,2011037900,6,67,67301,2011,3,6,1425,14,1,1,0,8,1, , ,N,1,2,0,3,0,1,2,2,N,N,40 02:20.571,75 08:40.639,1433, ,1430, ,0, ,N, ,3, , , , , , , , , ,1,0,0,0,0,1,0,0,0,0,0,0,1,1,0,0,0,0,0,0,0,0,0,0,0,0,0,0,0,0,0,0,1,0,0,8,1,40.039,-75.1446, , 
69262,797612,2011038213,6,67,67301,2011,3,1,820,8,1,1,0,4,1, , ,N,1,2,0,3,0,0,4,2,N,N,39 55:45.667,75 09:00.863,830, ,830, ,0, , , ,3, , , , , , , , , ,2,2,0,0,0,0,0,0,0,0,0,0,0,0,0,0,0,0,0,0,0,0,0,1,0,0,0,0,0,0,0,0,0,0,0,0,0,39.9294,-75.1502, , 
69263,797644,2011085478,6,67,67301,2011,7,7,2230,22,3,1,0,7,5, , ,N,0,0,0,3,1,0,1,1,N,N,39 58:28.149,75 08:38.637,2235, ,2230,2,2,1,N,0,0,Y, , , , , , , , ,1,0,1,0,0,0,0,0,0,0,0,0,0,0,0,0,0,1,0,0,0,0,0,0,0,0,0,0,1,0,0,0,0,0,0,1,0,39.9745,-75.1441,2, 
69264,797649,2011090545,6,67,67301,2011,8,7,1902,19,1,1,0,4,1, , ,N,0,0,0,3,0,1,2,2,N,N,39 56:37.028,75 13:21.165,1914, ,1902, ,0, ,N, ,0, , , , , , , , , ,1,1,0,0,0,0,0,0,1,0,0,1,1,0,0,0,0,0,0,0,1,0,0,0,0,0,0,0,0,0,0,0,0,0,0,4,0,39.9436,-75.2225, , 
69265,797653,2011092870,6,67,67301,2011,8,3,1600,16,1,1,1,5,1, , ,N,1,2,0,3,0,1,2,2,N,N,40 00:04.629,75 12:55.137,1700, ,1600, ,0, ,N, ,3, , , , , , , , , ,2,1,0,0,0,0,0,1,0,0,0,1,1,0,1,0,0,0,0,0,0,0,0,1,0,0,0,0,0,0,0,0,0,0,0,4,0,40.0013,-75.2153, , 
69266,789865,2011010611,6,67,67301,2011,1,3,1403,14,1,1,0,1,1, , ,N,1,2,0,3,0,1,2,2,N,N,40 01:56.602,75 04:50.717,1450, ,1442,2,1,1,N, ,3,N, , , , , , , , ,2,0,0,0,0,0,2,0,0,0,1,0,1,0,1,0,0,0,0,0,0,0,0,0,0,0,0,0,0,0,0,0,0,0,0,3,0,40.0324,-75.0808, , 
69267,789882,2011029067,6,67,67301,2011,2,3,9999,99,1,1,1,4,1, , ,N,1,2,0,3,0,1,3,2, , ,39 57:35.417,75 10:25.498,1105, ,1100, ,0, , , ,3, , , , , , , , , ,2,2,0,0,0,0,0,0,0,0,0,1,1,0,0,0,0,0,0,0,0,1,0,0,0,0,0,0,0,0,0,0,0,0,0,4,0,39.9598,-75.1737, , 
69268,789883,2011029424,6,67,67301,2011,1,7,9999,99,3,4,3,7,5, , ,N,10,0,0,3,0,0,1,1,N,N,39 58:02.625,75 13:21.446,2351, ,2351, ,0, ,N, ,0, , , , , , , , , ,1,1,0,0,0,0,0,0,0,0,0,0,0,0,1,0,0,0,0,0,0,0,0,0,0,0,0,0,0,0,0,0,0,0,0,9,0,39.9674,-75.2226, , 
69269,789887,2011038228,6,67,67301,2011,2,2,536,5,5,2,1,1,6, , ,N,0,0,0,3,0,1,1,2,N,N,39 57:59.353,75 10:43.706,542, ,538,2,2,3,N, ,0,Y, , , , , , , , ,2,1,0,0,0,0,1,0,0,0,0,1,1,0,0,0,0,0,0,0,0,0,1,0,0,0,0,0,0,0,0,0,0,0,0,4,0,39.9665,-75.1788, , 
69270,789897,2011053539,6,67,67301,2011,4,6,1840,18,1,1,0,4,1, , ,N,1,2,0,3,0,1,2,2,N,N,39 55:48.390,75 11:13.530,1915, ,1903, ,0, ,N, ,3, , , , , , , , , ,2,0,0,0,0,0,2,0,0,0,0,1,1,0,0,0,0,0,0,0,0,0,0,0,0,0,0,0,0,0,0,0,0,0,0,4,0,39.9301,-75.1871, , 
69271,789903,2011066176,6,67,67301,2011,5,3,1751,17,1,1,0,8,1, , ,N,1,0,0,3,0,1,3,2,N,N,40 04:20.103,75 11:57.256,1810, ,1805, ,0,5,N, ,0, , , , , , , , , ,1,0,0,0,0,0,1,0,0,0,1,0,1,0,0,0,0,0,0,0,0,0,0,0,0,0,0,0,0,0,0,0,1,0,0,3,0,40.0723,-75.1992, , 
69272,789908,2011068365,6,67,67301,2011,6,3,2136,21,3,1,0,8,1, , ,N,1,2,0,3,0,1,2,2,N,N,39 57:04.584,75 11:56.878,2139, ,2137, ,0, ,N, ,3, , , , , , , , , ,1,1,0,0,0,0,0,0,1,0,0,1,1,0,0,0,0,0,0,0,0,0,0,0,0,0,0,0,0,0,0,0,0,0,0,4,0,39.9513,-75.1991, , 
69273,789926,2011010004,6,67,67301,2011,1,7,120,1,3,1,0,5,1, , ,N,0,0,0,3,0,1,3,2,N,N,39 59:14.107,75 05:29.842,130, ,130, ,0, ,N, ,0, , , , , , , , , ,2,2,0,0,0,0,0,0,0,0,0,1,1,0,0,0,0,0,0,0,0,0,0,0,0,0,0,0,0,0,0,0,0,0,0,4,0,39.9873,-75.0916, , 
69274,789981,2011028490,6,67,67301,2011,3,3,1500,15,1,1,0,1,1, , ,N,0,0,0,3,0,2,6,5,N,N,39 57:34.923,75 10:35.158,1509, ,1508, ,0, ,N, ,0, , , , , , , , , ,5,4,0,0,0,0,1,0,0,0,0,0,2,2,0,0,0,0,0,0,1,0,0,0,0,0,0,0,0,0,0,0,0,0,0,8,0,39.9597,-75.1764, , 
69275,789998,2011044513,6,67,67301,2011,2,2,900,9,1,1,1,4,1, , ,N,0,0,0,3,0,2,4,2,N,N,39 56:18.276,75 12:37.434,910, ,905,9,2,6,N, ,0,Y, , , , , , , , ,2,2,0,0,0,0,0,0,0,1,0,1,2,0,0,0,0,0,0,0,1,0,0,0,0,0,0,0,0,0,0,0,0,0,0,2,0,39.9384,-75.2104, , 
69276,790007,2011059499,6,46,46102,2011,6,6,1133,11,1,1,0,2,1, , ,N,1,2,0,3,0,0,3,3,N,N,40 03:16.724,75 07:29.999,1135, ,1133,1,2,2,N, ,3,N, , , , , , , , ,3,1,0,0,0,0,0,2,0,0,0,0,0,0,0,0,0,0,0,0,0,0,0,0,0,0,0,0,0,0,0,0,0,0,0,0,0,40.0546,-75.125, , 
69277,790028,2011031606,6,67,67301,2011,2,6,853,8,1,2,1,8,1, , ,N,1,2,0,3,0,1,2,2,N,N,40 01:24.736,75 04:47.909,855, ,853, ,0, ,N, ,2, , , , , , , , , ,1,1,0,0,0,0,0,0,0,0,0,1,1,0,0,0,0,0,0,0,0,0,0,0,0,0,0,0,0,0,0,0,1,0,0,4,0,40.0235,-75.08, , 
69278,790047,2011056812,6,67,67301,2011,5,5,1855,18,1,1,0,2,1, , ,N,1,2,0,3,0,2,2,2,N, ,39 55:10.311,75 14:34.799,1855, ,1855,3,2,6,N, ,3,Y, , , , , , , , ,2,2,0,0,0,0,0,0,0,0,0,2,2,0,0,0,0,0,0,0,1,0,0,0,0,0,0,0,0,0,0,0,0,0,0,4,0,39.9195,-75.243, , 
69279,790060,2011070053,6,67,67301,2011,7,2,1936,19,1,1,0,1,1, , ,N,0,0,0,3,0,1,2,2,N,N,39 57:43.091,75 08:22.471,1959, ,1941, ,0, ,N, ,0, , , , , , , , , ,2,1,0,0,1,0,0,0,0,0,0,0,1,1,0,0,0,0,0,0,1,0,0,0,0,0,0,0,0,0,0,0,0,0,0,8,0,39.9618,-75.1397, , 
69280,790086,2011031374,6,67,67301,2011,2,3,650,6,1,4,3,4,1, , ,N,2,2,0,3,0,0,2,2,N,N,40 06:23.943,74 59:56.270,654, ,650,1,1,2,N, ,3,N, , , , , , , , ,2,2,0,0,0,0,0,0,0,0,0,0,0,0,0,0,0,0,0,0,0,0,0,0,0,0,0,0,0,0,0,0,0,0,0,0,0,40.1066,-74.999, , 
69281,790104,2011057037,6,67,67301,2011,5,3,1132,11,1,1,0,4,1, , ,N,0,0,7,3,0,1,2,2,N,Y,40 02:20.450,75 09:02.832,1140, ,1134, ,0, ,N, ,0, , , , , , , , , ,1,1,0,0,0,0,0,0,1,0,0,0,1,1,0,0,0,0,0,0,0,0,0,0,0,0,0,0,0,0,0,0,0,0,0,8,0,40.039,-75.1508, , 
69282,790118,2011015903,6,67,67301,2011,1,3,938,9,1,1,0,4,1, , ,N,1,2,0,3,0,0,2,2,N,N,39 58:48.215,75 06:57.921,950, ,947, ,0, ,N, ,3, , , , , , , , , ,2,1,0,0,1,0,0,0,0,0,0,0,0,0,0,0,0,0,0,0,1,0,0,0,0,0,0,0,0,0,0,0,0,0,0,0,0,39.9801,-75.1161, , 
69283,790143,2011046808,6,67,67301,2011,5,3,857,8,1,1,0,1,1, , ,N,0,0,0,3,0,1,2,2,N,N,40 00:35.692,75 12:22.568,900, ,900, ,0, ,N, ,0, , , , , , , , , ,2,2,0,0,0,0,0,0,0,0,0,0,1,1,0,0,0,0,0,0,0,0,0,0,0,0,0,0,0,0,0,0,0,0,0,8,0,40.0099,-75.2063, , 
69284,793698,2011038225,6,67,67301,2011,3,3,833,8,1,1,0,8,1, , ,N,1,2,0,3,0,1,2,2,N,N,39 57:02.132,75 09:42.447,835, ,833, ,0, ,N, ,3, , , , , , , , , ,1,1,0,0,0,0,0,0,0,0,0,1,1,0,0,0,0,0,0,0,0,0,1,0,0,0,0,0,0,0,0,0,1,0,0,4,0,39.9506,-75.1618, , 
69285,793706,2011056996,6,67,67301,2011,5,1,204,2,3,1,0,2,1, , ,N,2,0,0,3,0,1,1,2,Y,N,39 54:07.855,75 13:58.047,204, ,204, ,0, , , ,0, , , , , , , , , ,2,1,0,1,0,0,0,0,0,0,0,1,1,0,0,0,0,0,0,0,0,0,0,1,0,0,0,0,0,0,0,0,0,0,0,4,1,39.9022,-75.2328, , 
69286,793732,2011023255,6,67,67301,2011,1,1,1805,18,4,1,0,8,1, , ,N,1,2,0,3,0,1,4,2,N,N,40 00:27.502,75 07:38.377,1805, ,1805, ,0, ,N, ,3, , , , , , , , , ,1,1,0,0,0,0,0,0,0,0,0,1,1,0,0,0,0,0,0,0,0,0,0,0,0,0,0,0,0,0,0,0,1,0,0,4,0,40.0076,-75.1276, , 
69287,793734,2011024639,6,67,67301,2011,1,1,404,4,3,1,0,4,1, , ,N,2,2,0,3,0,2,4,2,N,N,39 57:00.482,75 10:14.160,404, ,404, ,0, ,N, ,3, , , , , , , , , ,2,2,0,0,0,0,0,0,0,0,0,1,2,1,0,0,0,0,0,0,0,0,0,0,0,0,0,0,0,0,0,0,0,0,0,4,0,39.9501,-75.1706, , 
69288,793739,2011031594,6,67,67301,2011,2,7,2025,20,3,1,0,4,1, , ,N,2,2,8,3,0,3,6,3,N,N,39 57:50.024,75 11:05.476,2030, ,2029,2,2,6,N, ,3,Y, , , , , , , , ,3,1,0,0,0,0,2,0,0,0,2,0,3,1,0,0,0,0,0,0,0,1,0,0,0,0,0,0,0,0,0,0,0,0,0,3,0,39.9639,-75.1849, , 
69289,793745,2011037980,6,67,67301,2011,3,6,1211,12,1,1,0,4,1, , ,N,1,2,0,3,0,0,3,2,N,N,40 03:10.684,75 08:12.112,1253, ,1251, ,0, ,N, ,3, , , , , , , , , ,2,2,0,0,0,0,0,0,0,0,0,0,0,0,0,0,0,0,0,0,0,0,0,0,0,0,0,0,0,0,0,0,0,0,0,0,0,40.053,-75.1367, , 
69290,793747,2011040433,6,67,67301,2011,3,2,105,1,3,1,0,5,6, , ,N,0,0,0,3,0,0,1,4,N,N,39 58:06.965,75 10:33.379,111, ,108,9,2,4,N, ,0,Y, , , , , , , , ,4,3,0,0,0,0,1,0,0,0,0,0,0,0,1,0,0,0,0,0,0,0,0,0,0,0,0,0,0,0,0,0,0,0,0,9,0,39.9686,-75.1759, , 
69291,793787,2011038019,6,67,67301,2011,3,1,1047,10,1,2,1,4,1, , ,N,1,2,0,3,0,1,3,2,N,N,39 55:11.677,75 13:22.008,1105, ,1101,1,1,2,N, ,3,N, , , , , , , , ,2,2,0,0,0,0,0,0,0,0,0,1,1,0,0,0,0,0,0,0,1,0,0,0,0,0,0,0,0,0,0,0,0,0,0,4,0,39.9199,-75.2228, , 
69292,793800,2011054368,6,67,67301,2011,4,5,1641,16,1,1,0,4,1, , ,N,0,0,7,3,0,2,7,2,N,N,40 01:57.920,75 06:26.130,1646, ,1643, ,0, ,N, ,0, , , , , , , , , ,2,1,0,0,0,0,1,0,0,0,0,0,2,2,3,0,0,0,0,0,0,0,0,0,0,0,0,0,0,0,0,0,0,0,0,8,0,40.0328,-75.1073, , 
69293,793807,2011064125,6,67,67301,2011,5,3,840,8,1,1,0,8,1, , ,N,0,9,0,3,0,1,2,2,N,N,39 55:36.893,75 11:22.020,1040, ,1030, ,0, ,N, ,3, , , , , , , , , ,1,1,0,0,0,0,0,0,0,0,0,1,1,0,0,0,0,0,0,0,0,0,0,0,0,0,0,0,0,0,0,0,1,0,0,4,0,39.9269,-75.1895, , 
69294,793808,2011064136,6,67,67301,2011,5,6,927,9,1,1,0,8,1, , ,N,1,2,0,3,0,1,2,2,N,N,40 02:22.315,75 07:47.348,932, ,932,1,1,5, , ,3,Y, , , , , , , , ,1,0,0,0,0,0,0,1,0,0,1,0,1,0,0,0,0,0,0,0,0,0,0,0,0,0,0,0,0,0,0,0,1,0,0,3,0,40.0395,-75.1298, , 
69295,793811,2011066223,6,67,67301,2011,5,1,1605,16,1,1,0,4,1, , ,N,1,3,0,3,0,1,2,2,N,N,40 04:17.716,74 59:15.550,1625, ,1623, ,0, ,N, ,3, , , , , , , , , ,2,1,0,0,0,0,1,0,0,0,0,0,1,1,0,0,0,0,0,0,0,0,0,0,0,0,0,0,0,0,0,0,0,0,0,8,0,40.0716,-74.9877, , 
69296,793822,2011015909,6,67,67301,2011,1,4,1845,18,3,1,0,5,1, , ,N,0,0,0,3,0,1,2,3,N,N,40 00:15.160,75 13:07.970,1900, ,1859, ,0, ,N, ,0, , , , , , , , , ,3,2,0,0,0,0,1,0,0,0,0,1,1,0,0,0,0,0,0,0,0,0,0,0,0,0,0,0,0,0,0,0,0,0,0,4,0,40.0042,-75.2189, , 
69297,793835,2011028862,6,67,67301,2011,1,2,1320,13,1,1,0,2,1, , ,N,0,0,7,3,0,1,3,2, , ,40 00:21.706,75 05:29.265,1336, ,1326, ,0, , , ,0, , , , , , , , , ,2,1,0,0,1,0,0,0,0,0,0,0,1,1,0,0,0,0,0,0,0,0,0,0,0,0,0,0,0,0,0,0,0,0,0,8,0,40.006,-75.0915, , 
69298,793860,2011056998,6,67,67301,2011,5,1,1950,19,4,1,0,4,1, , ,N,1,2,0,3,0,1,3,3,N, ,39 55:35.378,75 13:59.188,2008, ,2000,1,1,3,N, ,3,Y, , , , , , , , ,3,2,0,0,1,0,0,0,0,0,1,0,1,0,0,0,0,0,0,0,2,0,0,1,0,0,0,0,0,0,0,0,0,0,0,3,0,39.9265,-75.2331, , 
69299,793879,2011024675,6,67,67301,2011,1,5,2346,23,3,1,0,7,5, , ,N,1,2,0,3,0,0,1,1,N,N,39 58:23.647,75 12:44.071,20, ,12, ,0, ,N, ,3, , , , , , , , , ,1,1,0,0,0,0,0,0,0,0,0,0,0,0,0,0,0,0,0,0,0,0,0,0,0,0,0,0,0,0,0,0,0,0,0,0,0,39.9732,-75.2121, , 
69300,793892,2011037976,6,67,67301,2011,3,5,1750,17,1,1,0,8,1, , ,N,1,2,0,3,0,1,3,2,N,N,39 59:50.139,75 10:48.842,1754, ,1751, ,0, ,N, ,9, , , , , , , , , ,1,1,0,0,0,0,0,0,0,0,0,0,1,1,0,0,0,0,0,0,0,0,0,0,0,0,0,0,0,0,0,0,1,0,0,8,0,39.9973,-75.1802, , 
69301,793894,2011038351,6,67,67301,2011,3,6,1857,18,4,1,0,4,1, , ,N,2,0,0,3,0,1,2,2,N,N,39 58:32.853,75 12:15.683,1907, ,1905,3,2,5,N, ,0,Y, , , , , , , , ,1,0,0,0,0,0,1,0,1,1,0,0,1,0,0,0,0,0,0,0,0,0,0,0,0,0,0,0,0,0,0,1,0,0,0,2,0,39.9758,-75.2044, , 
69302,800543,2011082577,6,67,67301,2011,7,4,1,0,3,1,0,4,1, , ,N,1,2,0,3,0,1,4,2,N,N,39 58:18.002,75 09:39.855,30, ,26, ,0, ,N, ,3, , , , , , , , , ,1,1,0,0,0,0,0,0,1,0,0,1,1,0,0,0,0,0,1,0,0,0,0,0,0,0,0,0,0,0,0,0,0,0,0,4,0,39.9717,-75.1611, , 
69303,800549,2011088086,6,67,67301,2011,7,1,709,7,1,1,0,5,1, , ,N,0,3,0,3,0,0,2,2,N,N,40 02:38.155,75 11:22.333,715, ,711, ,0, ,N, ,3, , , , , , , , , ,2,2,0,0,0,0,0,0,0,0,0,0,0,0,0,0,0,0,0,1,0,0,0,0,0,0,0,0,0,0,0,0,0,0,0,0,0,40.0439,-75.1895, , 
69304,800551,2011089873,6,67,67301,2011,9,7,810,8,1,1,0,7,4, , ,N,0,0,0,3,0,2,2,1,N,N,39 58:37.434,75 11:57.438,820, ,812,1,1,4,N, ,0,Y, , , , , , , , ,1,1,0,0,0,0,0,0,0,0,0,0,2,2,0,0,0,0,0,0,0,0,0,0,0,0,0,0,0,0,0,0,0,0,0,8,0,39.9771,-75.1993, , 
69305,800555,2011095357,6,67,67301,2011,8,2,927,9,1,1,0,8,2, , ,N,5,0,0,3,0,1,2,2,N,N,40 04:10.095,75 04:07.973,950, ,930, ,0, ,N, ,0, , , , , , , , , ,1,0,0,1,0,0,0,0,0,0,0,1,1,0,0,0,0,0,0,0,0,0,0,0,0,0,0,0,0,0,0,0,1,0,0,4,1,40.0695,-75.0689, , 