objectid_1,objectid,crn,district,county,municipality,crash_year,crash_month,day_of_week,time_of_day,hour_of_day,illumination,weather,road_condition,collision_type,relation_to_road,work_zone_type,work_zone_loc,work_zone_ind,intersect_type,tcd_type,location_type,urban_rural,fatal_count,injury_count,person_count,total_units,sch_bus_ind,sch_zone_ind,latitude,longitude,arrival_tm,cons_zone_spd_lim,dispatch_tm,est_hrs_closed,lane_closed,ln_close_dir,ntfy_hiwy_maint,spec_juris_cd,tcd_func_cd,tfc_detour_ind,workers_pres,wz_close_detour,wz_flagger,wz_law_offcr_ind,wz_ln_closure,wz_moving,wz_other,wz_shlder_mdn,vehicle_count,automobile_count,motorcycle_count,bus_count,small_truck_count,heavy_truck_count,suv_count,van_count,bicycle_count,maj_inj_count,mod_inj_count,min_inj_count,tot_inj_count,unk_inj_deg_count,unk_inj_per_count,driver_count_16yr,driver_count_17yr,driver_count_18yr,driver_count_19yr,driver_count_20yr,driver_count_50_64yr,driver_count_65_74yr,driver_count_75plus,unbelted_occ_count,unb_death_count,unb_maj_inj_count,belted_death_count,belted_maj_inj_count,mcycle_death_count,mcycle_maj_inj_count,bicycle_death_count,bicycle_maj_inj_count,ped_count,ped_death_count,ped_maj_inj_count,max_severity_level,comm_veh_count,dec_lat,dec_long,rdwy_surf_type_cd,county_name
69913,776254,2011047059,6,67,67301,2011,4,3,2122,21,3,1,0,4,1, , ,N,1,2,0,3,0,1,2,2,N,N,40 02:40.636,75 03:16.819,2131, ,2123,1,2,2,N, ,3,N, , , , , , , , ,2,2,0,0,0,0,0,0,0,0,0,0,1,1,0,0,0,0,0,0,1,0,0,1,0,0,0,0,0,0,0,0,0,0,0,8,0,40.0446,-75.0547, , 
69914,776290,2011031622,6,67,67301,2011,2,6,2210,22,2,1,0,8,1, , ,N,1,3,0,3,0,2,3,3,N,N,40 02:02.731,75 07:26.425,2210, ,2210, ,0, ,N, ,3, , , , , , , , , ,1,1,0,0,0,0,0,0,0,0,0,2,2,0,0,0,0,0,0,0,0,0,0,0,0,0,0,0,0,0,0,0,2,0,0,4,0,40.0341,-75.124, , 
69915,776294,2011038377,6,67,67301,2011,3,3,1500,15,1,1,0,1,1, , ,N,2,3,0,3,0,1,2,2,N,N,40 04:52.788,74 59:55.705,1601, ,1600, ,0, ,N, ,3, , , , , , , , , ,2,1,0,0,0,0,0,0,0,0,0,1,1,0,1,0,0,0,0,0,1,0,0,0,0,0,0,0,0,0,0,0,0,0,0,4,0,40.0813,-74.9988, , 
69916,776298,2011044572,6,67,67301,2011,3,4,2330,23,3,2,1,5,1, , ,N,1,2,0,3,0,2,3,2, , ,40 02:23.521,75 09:53.452,20, ,15, ,0, , , ,3, , , , , , , , , ,2,1,0,0,0,0,0,0,0,0,0,0,2,2,0,0,0,0,0,0,0,0,0,0,0,0,0,0,0,0,0,0,0,0,0,8,0,40.0399,-75.1648, , 
69917,776311,2011054314,6,67,67301,2011,4,3,1359,13,1,2,1,1,1, , ,N,1,2,0,3,0,1,3,2,N,N,39 59:49.370,75 07:02.690,1401, ,1400, ,0, ,N, ,3, , , , , , , , , ,2,2,0,0,0,0,0,0,0,0,0,1,1,0,0,0,0,0,0,0,0,0,0,0,0,0,0,0,0,0,0,0,0,0,0,4,0,39.997,-75.1174, , 
69918,776330,2011026151,6,67,67301,2011,2,6,1902,19,3,1,0,7,3, , ,N,0,0,0,3,0,1,2,1,N,N,39 58:30.579,75 07:00.094,1917, ,1911, ,0, ,N, ,0, , , , , , , , , ,1,1,0,0,0,0,0,0,0,0,0,0,1,1,0,0,0,0,0,0,0,0,0,0,0,0,0,0,0,0,0,0,0,0,0,8,0,39.9751,-75.1168, , 
69919,776334,2011028956,6,67,67301,2011,1,5,1527,15,1,1,0,1,1, , ,N,0,0,0,3,0,2,5,2,N, ,40 01:40.786,75 05:31.065,1531, ,1529,2,1,2, , ,0,N, , , , , , , , ,2,2,0,0,0,0,0,0,0,0,0,2,2,0,0,0,0,0,0,0,0,0,0,0,0,0,0,0,0,0,0,0,0,0,0,4,0,40.028,-75.092, , 
69920,776360,2011054224,6,67,67301,2011,4,6,735,7,1,1,0,8,1, , ,N,1,2,0,3,0,1,2,2,N,N,40 03:34.337,75 09:55.640,757, ,749, ,0, ,N, ,3, , , , , , , , , ,1,1,0,0,0,0,0,0,0,0,1,0,1,0,0,0,0,0,0,0,0,0,0,0,0,0,0,0,0,0,0,0,1,0,0,3,0,40.0595,-75.1655, , 
69921,776379,2011026452,6,67,67301,2011,3,6,1645,16,1,1,0,1,1, , ,N,0,0,0,3,0,1,2,2,N,N,40 03:21.026,75 07:36.559,1714, ,1708, ,0, ,N, ,0, , , , , , , , , ,2,0,0,0,0,0,2,0,0,0,0,1,1,0,0,0,0,0,0,0,1,0,0,0,0,0,0,0,0,0,0,0,0,0,0,4,0,40.0558,-75.1268, , 
69922,776380,2011026535,6,67,67301,2011,3,7,140,1,3,1,0,1,1, , ,N,0,0,0,3,0,1,2,2,N,N,40 03:31.455,75 07:53.426,151, ,145,2,1,4,N, ,0,N, , , , , , , , ,2,2,0,0,0,0,0,0,0,0,0,0,1,1,0,0,0,1,0,0,0,0,0,0,0,0,0,0,0,0,0,0,0,0,0,8,0,40.0587,-75.1315, , 
69923,776388,2011040384,6,67,67301,2011,3,6,1823,18,1,1,0,1,1, , ,N,2,3,0,3,0,1,4,3,N,N,40 00:51.225,75 03:57.229,1825, ,1825, ,0, ,N, ,3, , , , , , , , , ,3,3,0,0,0,0,0,0,0,0,0,1,1,0,0,0,0,0,0,0,0,0,0,0,0,0,0,0,0,0,0,0,0,0,0,4,0,40.0142,-75.0659, , 
69924,780118,2011057328,6,67,67301,2011,5,1,1400,14,1,1,0,4,1, , ,N,1,3,0,3,0,1,2,2,N,N,39 58:08.418,75 07:36.969,1525, ,1522, ,0, ,N, ,3, , , , , , , , , ,1,1,0,0,0,0,0,0,1,0,1,0,1,0,0,0,0,0,0,0,0,0,0,0,0,0,0,0,0,0,0,0,0,0,0,3,0,39.969,-75.1269, , 
69925,780124,2011061364,6,67,67301,2011,4,2,1820,18,1,1,0,8,1, , ,N,0,0,0,3,0,1,2,2,N,N,39 55:14.381,75 13:34.290,1325, ,1319, ,0, ,N, ,0, , , , , , , , , ,1,1,0,0,0,0,0,0,0,0,0,1,1,0,0,0,0,0,0,0,0,0,0,0,0,0,0,0,0,0,0,0,1,0,0,4,0,39.9207,-75.2262, , 
69926,780134,2011015841,6,67,67301,2011,1,4,1510,15,1,1,0,2,1, , ,N,2,2,0,3,0,1,3,2, , ,40 06:30.571,75 02:28.165,1517, ,1511, ,0, , , ,3, , , , , , , , , ,2,2,0,0,0,0,0,0,0,0,0,0,1,1,0,0,0,0,0,0,0,1,0,0,0,0,0,0,0,0,0,0,0,0,0,8,0,40.1085,-75.0412, , 
69927,780142,2011029435,6,67,67301,2011,2,7,1920,19,3,2,1,8,1, , ,N,1,2,0,3,0,1,2,2,N,N,39 57:25.914,75 09:19.768,1925, ,1920,2,1,2,N, ,3,Y, , , , , , , , ,1,1,0,0,0,0,0,0,0,0,0,1,1,0,0,0,0,0,0,0,0,0,0,0,0,0,0,0,0,0,0,0,1,0,0,4,0,39.9572,-75.1555, , 
69928,780200,2011033585,6,67,67301,2011,3,4,2010,20,3,1,0,4,1, , ,N,1,2,0,3,0,1,4,2,N,N,39 59:40.673,75 05:40.311,2020, ,2015, ,0, ,N, ,3, , , , , , , , , ,2,2,0,0,0,0,0,0,0,0,0,1,1,0,0,0,0,0,0,0,0,0,0,0,0,0,0,0,0,0,0,0,0,0,0,4,0,39.9946,-75.0945, , 
69929,780202,2011038005,6,67,67301,2011,2,6,803,8,1,2,1,8,1, , ,N,1,3,0,3,0,1,2,2,N,N,39 57:53.989,75 10:14.401,807, ,802,1,2,1,N, ,3,Y, , , , , , , , ,1,1,0,0,0,0,0,0,0,0,0,1,1,0,0,0,0,0,0,0,0,1,0,0,0,0,0,0,0,0,0,0,1,0,0,4,0,39.965,-75.1707, , 
69930,780236,2011023283,6,67,67301,2011,1,3,1040,10,1,4,4,5,1, , ,N,0,0,0,3,0,0,2,6,N,N,40 00:19.540,75 09:51.278,1052, ,1048,4,2,3,N, ,0,Y, , , , , , , , ,6,5,0,0,1,0,0,0,0,0,0,0,0,0,2,0,0,0,0,0,0,0,0,0,0,0,0,0,0,0,0,0,0,0,0,9,0,40.0054,-75.1642, , 
69931,780247,2011040354,6,67,67301,2011,3,4,1757,17,1,2,1,4,1, , ,N,2,0,0,3,0,2,4,2, , ,39 54:26.168,75 13:41.483,1757, ,1757, ,0, , , ,0, , , , , , , , , ,2,0,0,0,0,0,2,0,0,0,0,0,2,2,1,0,0,0,0,0,1,0,0,0,0,0,0,0,0,0,0,0,0,0,0,8,0,39.9073,-75.2282, , 
69932,780252,2011041414,6,67,67301,2011,4,7,1008,10,1,1,0,5,1, , ,N,0,0,0,3,0,1,6,2,N,N,39 59:43.111,75 11:51.548,1014, ,1013,1,1,4,N, ,0,N, , , , , , , , ,2,1,0,0,0,0,0,1,0,0,0,0,1,1,5,0,0,0,0,0,1,0,0,0,0,0,0,0,0,0,0,0,0,0,0,8,0,39.9953,-75.1977, , 
69933,780274,2011016000,6,67,67301,2011,1,5,819,8,1,4,5,8,1, , ,N,1,2,0,3,0,1,2,2,Y,N,40 00:40.651,75 06:21.920,9999, ,827, ,0, ,N, ,3, , , , , , , , , ,1,0,0,1,0,0,0,0,0,0,0,1,1,0,0,0,0,0,0,0,0,0,0,0,0,0,0,0,0,0,0,0,1,0,0,4,1,40.0113,-75.1061, , 
69934,780283,2011031455,6,67,67301,2011,2,5,939,9,1,1,0,4,1, , ,N,1,2,0,3,0,3,3,2,N,N,39 56:28.692,75 12:33.670,943, ,939,9,1,2,N, ,3,N, , , , , , , , ,2,2,0,0,0,0,0,0,0,0,0,1,3,2,0,0,0,0,0,0,1,0,0,0,0,0,0,0,0,0,0,0,0,0,0,4,0,39.9412,-75.2095, , 
69935,780291,2011043514,6,67,67301,2011,4,6,1234,12,1,1,0,1,1, , ,N,0,0,3,3,0,1,2,2,N,N,39 56:33.296,75 11:36.243,1259, ,1259,2,2,4,N, ,0,N, , , , , , , , ,2,1,0,0,0,0,0,1,0,0,0,1,1,0,0,0,0,0,0,0,0,0,0,0,0,0,0,0,0,0,0,0,0,0,0,4,0,39.9416,-75.1943, , 
69936,780301,2011057002,6,67,67301,2011,5,5,220,2,3,1,0,1,1, , ,N,0,0,0,3,0,2,2,2,Y, ,40 01:10.985,75 08:56.230,225, ,223,2,2,1, , ,0,Y, , , , , , , , ,2,2,0,0,0,0,0,0,0,0,0,2,2,0,0,0,0,0,0,0,0,0,0,0,0,0,0,0,0,0,0,0,0,0,0,4,0,40.0197,-75.149, , 
69937,780307,2011061813,6,67,67301,2011,5,6,1828,18,1,1,0,8,1, , ,N,0,0,0,3,0,1,2,2,N,N,40 01:03.950,75 08:20.245,1928, ,1923, ,0, ,N, ,0, , , , , , , , , ,1,1,0,0,0,0,0,0,0,0,0,0,1,1,0,0,0,0,0,0,0,0,0,0,0,0,0,0,0,0,0,0,1,0,0,8,0,40.0178,-75.139, , 
69938,780330,2011018426,6,67,67301,2011,1,3,139,1,3,4,5,7,2, , ,N,0,0,0,3,0,2,2,1,N,N,39 59:43.666,75 11:51.063,146, ,143,1,1,4,N, ,0,N, , , , , , , , ,1,1,0,0,0,0,0,0,0,0,0,0,2,2,0,0,0,0,0,0,0,0,0,0,0,0,0,0,0,0,0,0,0,0,0,8,0,39.9955,-75.1975, , 
69939,780349,2011038423,6,67,67301,2011,3,5,1737,17,3,2,1,1,1, , ,N,1,2,0,3,0,1,3,2,N,N,40 06:50.539,74 59:15.391,1742, ,1738,1,1,1,N, ,3,N, , , , , , , , ,2,2,0,0,0,0,0,0,0,0,0,1,1,0,0,0,0,0,0,0,0,0,0,0,0,0,0,0,0,0,0,0,0,0,0,4,0,40.114,-74.9876, , 
69940,780351,2011041597,6,67,67301,2011,3,4,615,6,1,1,0,5,1, , ,N,0,0,0,3,0,0,2,2,N,N,40 01:45.420,75 01:21.735,650, ,619,1,1,2,Y, ,0,N, , , , , , , , ,2,2,0,0,0,0,0,0,0,0,0,0,0,0,0,0,0,0,0,0,0,0,0,0,0,0,0,0,0,0,0,0,0,0,0,0,0,40.0294,-75.0226, , 
69941,780388,2011029017,6,67,67301,2011,2,5,1451,14,1,1,0,1,1, , ,N,0,0,0,3,0,1,3,3,N,N,40 02:22.354,75 10:15.251,1458, ,1453, ,0, ,N, ,0, , , , , , , , , ,3,2,0,0,0,0,1,0,0,0,0,0,1,1,0,0,0,0,0,0,0,0,0,0,0,0,0,0,0,0,0,0,0,0,0,8,0,40.0395,-75.1709, , 
69942,784534,2011029187,6,67,67301,2011,2,4,2027,20,3,1,6,7,5, , ,N,0,0,0,3,0,1,1,1, , ,40 02:34.501,74 59:25.447,2032, ,2030, ,0, , , ,0, , , , , , , , , ,1,0,0,0,0,0,1,0,0,0,0,0,1,1,0,0,0,0,0,0,0,0,0,0,0,0,0,0,0,0,0,0,0,0,0,8,0,40.0429,-74.9904, , 
69943,784543,2011040632,6,67,67301,2011,3,6,345,3,3,1,0,1,2, , ,N,0,2,0,3,0,0,1,4, , ,39 57:47.652,75 08:48.026,356, ,351,2,1,1, , ,3,Y, , , , , , , , ,4,2,0,0,0,0,2,0,0,0,0,0,0,0,0,0,0,0,0,0,0,0,0,0,0,0,0,0,0,0,0,0,0,0,0,0,0,39.9632,-75.1467, , 
69944,784563,2011005656,6,67,67301,2011,1,2,616,6,5,1,0,0,1, , ,N,0,0,0,3,0,0,3,3,N,N,39 58:29.009,75 07:03.141,652, ,618, ,0, ,N, ,0, , , , , , , , , ,3,2,0,0,1,0,0,0,0,0,0,0,0,0,0,0,0,0,0,0,0,0,0,0,0,0,0,0,0,0,0,0,0,0,0,0,0,39.9747,-75.1177, , 
69945,784568,2011015990,6,67,67301,2011,1,7,1635,16,4,1,0,4,1, , ,N,2,3,0,3,0,1,4,2,N,N,40 00:55.025,75 11:53.966,1655, ,1641, ,0, ,N, ,3, , , , , , , , , ,2,2,0,0,0,0,0,0,0,0,0,1,1,0,1,0,0,0,1,0,0,0,0,0,0,0,0,0,0,0,0,0,0,0,0,4,0,40.0153,-75.1983, , 
69946,784578,2011023772,6,67,67301,2011,1,3,658,6,1,1,8,6,1, , ,N,1,2,0,3,0,1,2,2, , ,40 02:54.566,75 05:37.204,705, ,700, ,0, , , ,3, , , , , , , , , ,2,2,0,0,0,0,0,0,0,0,0,1,1,0,0,0,0,0,0,0,0,0,0,0,0,0,0,0,0,0,0,0,0,0,0,4,0,40.0485,-75.0937, , 
69947,784585,2011031350,6,67,67301,2011,2,6,825,8,1,1,0,4,1, , ,N,2,0,0,3,0,1,3,2,N,N,40 04:22.615,75 02:51.299,839, ,835, ,0, ,N, ,0, , , , , , , , , ,2,2,0,0,0,0,0,0,0,0,0,0,1,1,0,0,0,0,0,0,0,0,0,0,0,0,0,0,0,0,0,0,0,0,0,8,0,40.0729,-75.0476, , 
69948,784590,2011039436,6,67,67301,2011,4,1,631,6,5,1,0,7,2, , ,N,0,0,0,3,0,1,1,1,N,N,39 56:45.564,75 08:33.037,650, ,636, ,0, ,N, ,0, , , , , , , , , ,1,1,0,0,0,0,0,0,0,0,0,0,1,1,0,0,0,0,0,0,0,0,0,0,0,0,0,0,0,0,0,0,0,0,0,8,0,39.946,-75.1425, , 
69949,784650,2011054374,6,67,67301,2011,4,4,1520,15,1,9,8,9,1, , ,N,1,0,0,3,0,1,1,1,N,N,39 56:23.107,75 09:27.637,1800, ,1800, ,0, ,N, ,0, , , , , , , , , ,1,0,0,0,0,0,0,0,0,0,0,0,1,1,0,0,0,0,0,0,0,0,0,0,0,0,0,0,0,0,0,0,0,0,0,8,0,39.9398,-75.1577, , 
69950,784654,2011056822,6,67,67301,2011,5,1,1245,12,1,2,8,4,1, , ,N,0,3,0,3,0,1,2,2, , ,40 01:01.772,75 04:52.601,1406, ,1405, ,0, ,N, ,3, , , , , , , , , ,1,1,0,0,0,0,0,0,1,0,0,1,1,0,0,0,0,0,0,0,0,0,0,0,0,0,0,0,0,0,0,0,0,0,0,4,0,40.0172,-75.0813, , 
69951,784680,2011028833,6,67,67301,2011,2,6,858,8,1,1,0,4,1, , ,N,1,1,0,3,0,0,3,2,N,N,40 03:51.246,75 03:13.903,910, ,900, ,0, ,N, ,3, , , , , , , , , ,2,2,0,0,0,0,0,0,0,0,0,0,0,0,0,0,0,0,0,0,2,0,0,0,0,0,0,0,0,0,0,0,0,0,0,0,0,40.0643,-75.0537, , 
69952,784681,2011031609,6,67,67301,2011,2,4,9999,99,1,1,0,6,1, , ,N,1,0,0,3,0,0,2,2,N,N,40 00:09.455,75 07:27.886,1650, ,1648, ,0, ,N, ,0, , , , , , , , , ,2,2,0,0,0,0,0,0,0,0,0,0,0,0,2,0,0,0,0,0,0,0,0,0,0,0,0,0,0,0,0,0,0,0,0,9,0,40.0026,-75.1244, , 
69953,784700,2011056900,6,67,67301,2011,5,7,1815,18,1,1,0,8,1, , ,N,0,0,0,3,0,1,2,2,N,N,40 02:58.236,75 03:05.618,1827, ,1821,1,2,2,N, ,0,Y, , , , , , , , ,1,1,0,0,0,0,0,0,0,0,1,0,1,0,0,0,0,0,0,0,0,0,0,0,0,0,0,0,0,0,0,0,1,0,0,3,0,40.0495,-75.0516, , 
69954,784724,2011015867,6,67,67301,2011,1,5,1716,17,3,1,0,8,1, , ,N,1,0,0,3,0,1,2,2,N,N,39 56:56.529,75 08:57.071,1719, ,1716, ,0, , , ,0, , , , , , , , , ,1,1,0,0,0,0,0,0,0,0,0,1,1,0,0,0,0,0,0,0,1,0,0,0,0,0,0,0,0,0,0,0,1,0,0,4,0,39.949,-75.1492, , 
69955,784748,2011044552,6,67,67301,2011,4,6,1640,16,4,1,0,4,1, , ,N,1,3,0,3,0,4,6,2,N,N,39 59:45.578,75 08:01.967,1700, ,1650, ,0, , , ,3, , , , , , , , , ,2,1,0,0,1,0,0,0,0,0,0,4,4,0,0,0,0,0,0,0,0,0,0,0,0,0,0,0,0,0,0,0,0,0,0,4,0,39.996,-75.1339, , 
69956,784767,2011023306,6,67,67301,2011,1,6,840,8,1,4,1,4,1, , ,N,9,5,0,3,0,0,3,3, , ,40 04:14.746,75 05:03.256,944, ,924,2,1,2, , ,3,Y, , , , , , , , ,3,2,0,0,0,0,1,0,0,0,0,0,0,0,0,0,0,0,0,1,1,0,0,0,0,0,0,0,0,0,0,0,0,0,0,0,0,40.0708,-75.0842, , 
69957,784799,2011058310,6,67,67301,2011,6,6,1111,11,1,1,0,5,1, , ,N,0,0,0,3,0,2,5,2,N,N,39 59:42.854,75 05:01.047,1119, ,1113,1,2,2,N, ,0,N, , , , , , , , ,2,2,0,0,0,0,0,0,0,0,0,0,2,2,0,0,1,0,0,0,0,0,0,0,0,0,0,0,0,0,0,0,0,0,0,8,0,39.9953,-75.0836, , 
69958,784820,2011013734,6,67,67301,2011,1,4,1745,17,3,1,0,7,3, , ,N,0,0,0,3,0,1,2,3,N,N,39 59:16.852,75 12:26.098,1801, ,1753, ,0, ,N, ,0, , , , , , , , , ,2,2,0,0,0,0,0,0,0,0,0,0,1,1,0,0,0,0,0,0,2,0,0,0,0,0,0,0,0,0,0,0,0,0,0,8,0,39.988,-75.2072, , 
69959,784824,2011017705,6,67,67301,2011,1,6,409,4,3,4,3,7,2, , ,N,0,0,0,3,0,0,1,1,N,N,39 59:03.483,75 05:46.415,416, ,411,2,1,2,N, ,0,N, , , , , , , , ,1,1,0,0,0,0,0,0,0,0,0,0,0,0,1,0,0,0,0,0,0,0,0,0,0,0,0,0,0,0,0,0,0,0,0,9,0,39.9844,-75.0961, , 
69960,784832,2011029120,6,67,67301,2011,2,6,1311,13,1,1,0,4,1, , ,N,1,2,0,3,0,2,2,2, , ,39 54:20.429,75 11:37.829,9999, ,1311, ,0, , , ,3, , , , , , , , , ,2,1,0,0,0,0,1,0,0,0,0,0,2,2,0,0,0,0,0,0,0,0,0,0,0,0,0,0,0,0,0,0,0,0,0,8,0,39.9057,-75.1938, , 
69961,772010,2011031321,6,67,67301,2011,2,6,1121,11,1,1,0,5,2, , ,N,0,0,0,3,0,1,2,3,N,N,39 59:19.074,75 05:21.256,1153, ,1146, ,0, ,N, ,0, , , , , , , , , ,3,2,0,0,0,0,0,1,0,0,0,1,1,0,0,0,0,0,0,0,0,0,0,0,0,0,0,0,0,0,0,0,0,0,0,4,0,39.9886,-75.0892, , 
69962,772048,2011029061,6,67,67301,2011,2,4,1830,18,3,4,4,8,1, , ,N,1,2,0,3,0,1,2,2,N,N,39 59:54.840,75 07:45.186,1957, ,1943, ,0, ,N, ,3, , , , , , , , , ,1,1,0,0,0,0,0,0,0,0,0,0,1,1,1,0,0,0,0,0,0,0,0,0,0,0,0,0,0,0,0,0,1,0,0,8,0,39.9985,-75.1293, , 
69963,772059,2011040351,6,67,67301,2011,3,2,520,5,1,1,0,8,1, , ,N,1,2,0,3,0,1,2,2, , ,39 58:42.967,75 07:49.565,530, ,530,1,1,2, , ,3,N, , , , , , , , ,1,1,0,0,0,0,0,0,0,0,0,1,1,0,0,0,0,0,0,0,0,0,0,0,0,0,0,0,0,0,0,0,1,0,0,4,0,39.9786,-75.1304, , 
69964,772097,2011029066,6,67,67301,2011,1,4,1031,10,1,1,0,8,1, , ,N,1,3,0,3,0,1,2,2,N,N,39 57:25.542,75 10:37.743,1050, ,1033, ,0, ,N, ,3, , , , , , , , , ,1,0,0,0,0,0,0,1,0,0,0,0,1,1,0,0,0,0,0,0,0,0,0,0,0,0,0,0,0,0,0,0,1,0,0,8,0,39.9571,-75.1772, , 
69965,772101,2011035389,6,67,67301,2011,3,2,2138,21,3,1,0,2,1, , ,N,0,0,0,3,0,0,4,2,N,N,39 59:57.278,75 13:50.025,2140, ,2140, ,0, ,N, ,0, , , , , , , , , ,2,2,0,0,0,0,0,0,0,0,0,0,0,0,0,0,0,0,0,0,0,0,0,0,0,0,0,0,0,0,0,0,0,0,0,0,0,39.9992,-75.2306, , 
69966,772121,2011056973,6,67,67301,2011,5,7,930,9,1,1,0,4,1, , ,N,1,2,0,3,0,0,2,2,N, ,39 56:54.283,75 10:34.471,940, ,930, ,0, , , ,3, , , , , , , , , ,2,2,0,0,0,0,0,0,0,0,0,0,0,0,0,0,0,0,0,0,2,0,0,2,0,0,0,0,0,0,0,0,0,0,0,0,0,39.9484,-75.1762, , 
69967,772149,2011031464,6,67,67301,2011,2,2,1915,19,3,1,0,1,1, , ,N,0,0,0,3,0,1,3,2,N,N,39 57:09.562,75 09:44.979,1922, ,1920, ,0, ,N, ,0, , , , , , , , , ,2,1,0,1,0,0,0,0,0,0,0,0,1,1,0,0,0,0,0,0,0,1,0,1,0,0,0,0,0,0,0,0,0,0,0,8,1,39.9527,-75.1625, , 
69968,772154,2011036698,6,67,67301,2011,3,4,935,9,1,1,0,1,1, , ,N,7,0,2,3,0,3,4,2,N,N,39 57:30.237,75 10:48.173,1007, ,935, ,0, ,N, ,0, , , , , , , , , ,2,2,0,0,0,0,0,0,0,0,0,3,3,0,0,0,0,0,0,0,0,0,0,0,0,0,0,0,0,0,0,0,0,0,0,4,0,39.9593,-75.1805, , 
69969,772159,2011040376,6,67,67301,2011,3,4,547,5,5,2,1,4,1, , ,N,1,2,0,3,0,0,4,2,N,N,40 02:24.861,75 03:30.268,600, ,547,2,1,1,N, ,3,N, , , , , , , , ,2,2,0,0,0,0,0,0,0,0,0,0,0,0,0,0,0,0,0,0,0,0,0,0,0,0,0,0,0,0,0,0,0,0,0,0,0,40.0402,-75.0584, , 
69970,772169,2011053620,6,67,67301,2011,4,4,55,0,3,1,0,4,1, , ,N,1,2,0,3,0,2,8,2,N,N,40 01:08.421,75 08:50.014,230, ,220, ,0, ,N, ,3, , , , , , , , , ,2,1,0,1,0,0,0,0,0,2,0,0,2,0,0,0,0,0,0,0,1,0,0,0,0,0,0,0,0,0,0,0,0,0,0,2,1,40.0189,-75.1471, , 
69971,772176,2011015203,6,67,67301,2011,1,5,207,2,3,1,0,7,3, , ,N,6,0,2,3,0,0,2,1,N,N,39 56:21.493,75 08:37.679,223, ,213, ,0, ,N, ,0, , , , , , , , , ,1,0,0,0,0,0,1,0,0,0,0,0,0,0,0,0,0,0,0,0,0,0,0,0,0,0,0,0,0,0,0,0,0,0,0,0,0,39.9407,-75.1435, , 
69972,772187,2011024651,6,67,67301,2011,1,2,1519,15,1,1,0,5,1, , ,N,1,2,0,3,0,1,2,2,N,N,39 54:50.431,75 08:59.775,1550, ,1520,1,1,1,N, ,3,N, , , , , , , , ,2,1,0,0,0,1,0,0,0,0,0,0,1,1,0,0,0,0,0,0,0,0,0,0,0,0,0,0,0,0,0,0,0,0,0,8,1,39.914,-75.1499, , 
69973,772190,2011028221,6,67,67301,2011,1,1,15,0,3,1,0,8,1, , ,N,0,0,0,3,0,1,2,2,N,N,40 00:41.870,75 09:47.359,9999, ,146, ,0, , , ,0, , , , , , , , , ,1,1,0,0,0,0,0,0,0,0,0,1,1,0,0,0,0,0,0,0,0,0,0,0,0,0,0,0,0,0,0,0,1,0,0,4,0,40.0116,-75.1632, , 
69974,772220,2011066214,6,67,67301,2011,5,3,1330,13,1,1,1,1,2, , ,N,0,0,0,3,0,1,2,2,N,N,39 58:19.780,75 09:53.515,1430, ,1420, ,0, ,N, ,0, , , , , , , , , ,2,2,0,0,0,0,0,0,0,0,0,1,1,0,0,0,0,0,0,0,0,0,0,1,0,0,0,0,0,0,0,0,0,0,0,4,0,39.9722,-75.1649, , 
69975,772230,2011015968,6,67,67301,2011,1,6,1545,15,1,1,4,4,1, , ,N,1,3,0,3,0,1,3,2,N,N,40 00:32.119,75 06:01.301,1617, ,1549, ,0, ,N, ,3, , , , , , , , , ,2,2,0,0,0,0,0,0,0,0,0,1,1,0,0,0,0,0,0,0,0,0,0,0,0,0,0,0,0,0,0,0,0,0,0,4,0,40.0089,-75.1004, , 
69976,772248,2011031627,6,67,67301,2011,2,3,1630,16,1,1,0,8,1, , ,N,1,0,0,3,0,1,2,2,N,N,39 57:37.583,75 14:27.758,2050, ,2043, ,0, ,N, ,0, , , , , , , , , ,1,0,0,0,1,0,0,0,0,0,0,0,1,1,1,0,0,0,0,0,0,0,0,0,0,0,0,0,0,0,0,0,1,0,0,8,0,39.9604,-75.2411, , 
69977,772266,2011047094,6,67,67301,2011,4,6,2015,20,3,2,1,8,1, , ,N,2,2,0,3,0,1,2,2,N,N,39 57:45.100,75 12:37.169,2032, ,2027, ,0, ,N, ,3, , , , , , , , , ,1,0,0,0,0,0,1,0,0,0,0,0,1,1,0,0,0,0,0,0,1,0,0,0,0,0,0,0,0,0,0,0,1,0,0,8,0,39.9625,-75.2103, , 
69978,772276,2011015937,6,67,67301,2011,1,2,28,0,3,1,6,5,1, , ,N,0,0,0,3,0,0,3,2, , ,40 02:41.503,75 07:21.046,43, ,41,2,1,3, , ,0,N, , , , , , , , ,2,2,0,0,0,0,0,0,0,0,0,0,0,0,2,0,0,0,0,0,1,0,0,0,0,0,0,0,0,0,0,0,0,0,0,9,0,40.0449,-75.1225, , 
69979,776397,2011047018,6,67,67301,2011,4,3,910,9,1,2,1,1,1, , ,N,1,2,0,3,0,2,3,2,N,N,39 55:11.587,75 13:39.266,950, ,911, ,0, ,N, ,3, , , , , , , , , ,2,1,0,0,0,0,0,1,0,0,0,2,2,0,0,0,0,0,0,0,1,0,0,0,0,0,0,0,0,0,0,0,0,0,0,4,0,39.9199,-75.2276, , 
69980,776402,2011054351,6,67,67301,2011,4,4,1300,13,1,1,0,1,1,1,8,Y,1,2,0,3,0,2,6,5,N,N,40 01:30.462,75 03:45.765,1305,30,1302, ,0, ,N, ,3, ,Y,U,U,N,U,U,Y,U,5,4,0,0,0,0,1,0,0,0,2,0,2,0,0,1,0,0,0,0,0,0,0,0,0,0,0,0,0,0,0,0,0,0,0,3,0,40.0251,-75.0627, , 