objectid_1,objectid,crn,district,county,municipality,crash_year,crash_month,day_of_week,time_of_day,hour_of_day,illumination,weather,road_condition,collision_type,relation_to_road,work_zone_type,work_zone_loc,work_zone_ind,intersect_type,tcd_type,location_type,urban_rural,fatal_count,injury_count,person_count,total_units,sch_bus_ind,sch_zone_ind,latitude,longitude,arrival_tm,cons_zone_spd_lim,dispatch_tm,est_hrs_closed,lane_closed,ln_close_dir,ntfy_hiwy_maint,spec_juris_cd,tcd_func_cd,tfc_detour_ind,workers_pres,wz_close_detour,wz_flagger,wz_law_offcr_ind,wz_ln_closure,wz_moving,wz_other,wz_shlder_mdn,vehicle_count,automobile_count,motorcycle_count,bus_count,small_truck_count,heavy_truck_count,suv_count,van_count,bicycle_count,maj_inj_count,mod_inj_count,min_inj_count,tot_inj_count,unk_inj_deg_count,unk_inj_per_count,driver_count_16yr,driver_count_17yr,driver_count_18yr,driver_count_19yr,driver_count_20yr,driver_count_50_64yr,driver_count_65_74yr,driver_count_75plus,unbelted_occ_count,unb_death_count,unb_maj_inj_count,belted_death_count,belted_maj_inj_count,mcycle_death_count,mcycle_maj_inj_count,bicycle_death_count,bicycle_maj_inj_count,ped_count,ped_death_count,ped_maj_inj_count,max_severity_level,comm_veh_count,dec_lat,dec_long,rdwy_surf_type_cd,county_name
70251,786497,2011013132,6,67,67301,2011,1,5,1304,13,1,1,0,4,1, , ,N,1,2,1,3,0,1,3,2,N,N,39 55:49.303,75 11:12.947,1352, ,1338, ,0, ,N, ,9, , , , , , , , , ,2,1,0,0,1,0,0,0,0,0,0,1,1,0,0,0,0,0,0,0,0,0,0,0,0,0,0,0,0,0,0,0,0,0,0,4,0,39.9304,-75.1869, , 
70252,786525,2011035179,6,67,67301,2011,3,6,737,7,1,1,0,1,1, , ,N,0,0,0,3,0,0,6,4,N,N,39 57:26.828,75 10:48.800,751, ,741,1,1,4,N, ,0,Y, , , , , , , , ,4,2,0,0,0,0,2,0,0,0,0,0,0,0,0,0,0,0,0,0,0,0,0,0,0,0,0,0,0,0,0,0,0,0,0,0,0,39.9575,-75.1802, , 
70253,773037,2011040438,6,67,67301,2011,3,5,9999,99,1,1,0,4,1, , ,N,5,2,0,3,0,2,2,2,N,N,39 57:51.728,75 10:34.926,1035, ,1029, ,0, , , ,3, , , , , , , , , ,2,0,0,0,0,0,1,1,0,0,0,2,2,0,0,0,0,0,0,0,0,0,0,2,0,0,0,0,0,0,0,0,0,0,0,4,0,39.9644,-75.1764, , 
70254,773067,2011023770,6,67,67301,2011,1,1,1241,12,1,1,0,4,1, , ,N,1,3,0,3,0,1,3,2, , ,40 03:19.864,75 03:42.983,1247, ,1246,1,1,1, , ,3,N, , , , , , , , ,2,2,0,0,0,0,0,0,0,0,0,1,1,0,0,0,0,0,0,0,0,0,1,0,0,0,0,0,0,0,0,0,0,0,0,4,0,40.0555,-75.0619, , 
70255,773076,2011031343,6,67,67301,2011,2,1,1538,15,1,1,0,4,1, , ,N,0,0,0,3,0,1,3,2,N,N,39 58:24.174,75 07:01.347,1541, ,1538, ,0, ,N, ,0, , , , , , , , , ,2,1,0,0,0,0,0,0,0,0,0,1,1,0,0,0,1,0,0,0,0,0,0,0,0,0,0,0,0,0,0,0,0,0,0,4,0,39.9734,-75.117, , 
70256,773082,2011038020,6,67,67301,2011,3,3,1843,18,1,1,0,4,1, , ,N,0,0,7,3,0,1,2,3,N,N,40 02:28.720,75 02:16.560,1850, ,1845, ,0, ,N, ,0, , , , , , , , , ,3,2,1,0,0,0,0,0,0,0,1,0,1,0,0,0,0,0,0,0,0,1,0,0,0,0,0,0,0,0,0,0,0,0,0,3,0,40.0413,-75.0379, , 
70257,773104,2011023315,6,67,67301,2011,1,7,14,0,3,8,5,1,1, , ,N,0,0,7,3,0,0,7,2,N,N,39 59:26.330,75 08:06.280,1035, ,16, ,0, ,N, ,0, , , , , , , , , ,2,1,0,0,0,0,0,1,0,0,0,0,0,0,0,0,0,0,1,0,0,0,0,0,0,0,0,0,0,0,0,0,0,0,0,0,0,39.9906,-75.1351, , 
70258,773114,2011031136,6,67,67301,2011,2,6,1345,13,1,2,1,4,1, , ,N,2,3,0,3,0,1,2,4,N,N,40 01:33.175,75 09:46.641,1351, ,1345, ,0, , , ,3, , , , , , , , , ,4,3,0,0,0,0,0,1,0,0,0,1,1,0,0,0,0,0,0,0,1,0,0,1,0,0,0,0,0,0,0,0,0,0,0,4,0,40.0259,-75.163, , 
70259,773119,2011033448,6,67,67301,2011,2,7,1443,14,1,1,0,7,2, , ,N,1,3,0,3,0,0,4,1, , ,40 02:27.560,75 09:14.713,1500, ,1445, ,0, , , ,3, , , , , , , , , ,1,1,0,0,0,0,0,0,0,0,0,0,0,0,0,0,0,0,1,0,0,0,0,0,0,0,0,0,0,0,0,0,0,0,0,0,0,40.041,-75.1541, , 
70260,773127,2011038320,6,67,67301,2011,4,4,1040,10,1,1,0,1,1,1,4,Y,0,0,0,3,0,1,2,2,N,N,39 53:49.697,75 11:19.008,1052,55,1047, ,0, ,N, ,0, ,Y,N,N,Y,Y,N,N,N,2,2,0,0,0,0,0,0,0,0,0,1,1,0,0,0,0,1,0,0,0,0,0,0,0,0,0,0,0,0,0,0,0,0,0,4,0,39.8971,-75.1886, , 
70261,773132,2011040751,6,67,67301,2011,3,7,1427,14,1,1,0,8,1, , ,N,1,0,0,3,1,1,2,3,N,N,40 00:15.911,75 10:29.281,1430, ,1428,3,1,3,N,0,0,Y, , , , , , , , ,2,1,1,0,0,0,0,0,0,0,0,1,1,0,0,0,0,0,0,0,0,0,0,0,0,0,0,0,1,0,0,0,1,0,0,1,0,40.0044,-75.1748,2, 
70262,773155,2011031408,6,67,67301,2011,2,1,9999,99,3,1,0,1,1, , ,N,0,0,0,3,0,3,4,2,N,N,39 59:17.000,75 07:45.040,9999, ,2254, ,0, ,N, ,0, , , , , , , , , ,2,2,0,0,0,0,0,0,0,0,0,3,3,0,0,0,0,0,0,0,0,0,1,0,0,0,0,0,0,0,0,0,0,0,0,4,0,39.9881,-75.1292, , 
70263,773171,2011054053,6,67,67301,2011,4,1,1915,19,1,1,0,4,1, , ,N,2,0,0,3,0,1,2,2,N,N,39 59:53.224,75 06:48.776,1931, ,1929, ,0, ,N, ,0, , , , , , , , , ,1,1,0,0,0,0,0,0,1,0,1,0,1,0,1,0,0,0,0,0,0,0,0,0,0,0,0,0,0,0,0,0,0,0,0,3,0,39.9981,-75.1135, , 
70264,773172,2011054194,6,67,67301,2011,4,3,1633,16,1,1,0,1,1, , ,N,2,0,0,3,0,1,3,2,N,N,40 01:00.822,75 03:12.329,1830, ,1822, ,0, ,N, ,0, , , , , , , , , ,2,1,0,0,0,0,1,0,0,0,0,0,1,1,1,0,0,1,0,0,0,0,0,0,0,0,0,0,0,0,0,0,0,0,0,8,0,40.0169,-75.0534, , 
70265,773174,2011057322,6,67,67301,2011,5,3,1409,14,1,1,0,4,1, , ,N,1,2,0,3,0,1,3,2, , ,40 05:37.163,74 58:48.657,1415, ,1410,2,1,2, , ,3,Y, , , , , , , , ,2,1,0,0,0,0,0,1,0,0,0,0,1,1,0,0,0,0,0,0,0,0,2,0,0,0,0,0,0,0,0,0,0,0,0,8,0,40.0935,-74.9802, , 
70266,773207,2011028974,6,67,67301,2011,1,7,1343,13,1,4,3,7,3, , ,N,0,0,0,3,0,2,2,1,N,N,40 04:20.521,75 00:49.032,1350, ,1344, ,0, ,N, ,0, , , , , , , , , ,1,0,0,0,1,0,0,0,0,0,0,2,2,0,0,0,0,0,0,0,0,0,0,1,0,0,0,0,0,0,0,0,0,0,0,4,0,40.0724,-75.0136, , 
70267,773225,2011051613,6,67,67301,2011,4,1,9,0,3,6,1,7,3, , ,N,0,0,0,3,0,2,2,1,N,N,39 56:40.407,75 11:29.627,22, ,13,2,1,3,N, ,0,N, , , , , , , , ,1,1,0,0,0,0,0,0,0,0,1,1,2,0,0,0,0,0,0,0,0,0,0,0,0,0,0,0,0,0,0,0,0,0,0,3,0,39.9446,-75.1916, , 
70268,773249,2011029132,6,67,67301,2011,2,5,1737,17,3,1,1,8,1, , ,N,0,8,7,3,0,1,2,2,N,N,39 57:05.031,75 11:25.531,1739, ,1737, ,0, ,N, ,3, , , , , , , , , ,1,1,0,0,0,0,0,0,0,0,0,1,1,0,0,0,0,0,0,0,1,0,0,1,0,0,0,0,0,0,0,0,1,0,0,4,0,39.9514,-75.1904, , 
70269,773256,2011038207,6,67,67301,2011,3,3,450,4,8,1,0,6,1, , ,N,1,2,0,3,0,2,2,2,N,N,40 00:05.418,75 06:14.947,450, ,450,3,2,5, , ,3,Y, , , , , , , , ,2,1,0,0,0,0,0,1,0,0,0,0,2,2,0,0,0,0,0,0,0,0,0,0,0,0,0,0,0,0,0,0,0,0,0,8,0,40.0015,-75.1042, , 
70270,773257,2011040372,6,67,67301,2011,3,1,9999,99,1,1,0,5,1, , ,N,0,0,0,3,0,1,1,4,N,N,40 03:03.427,75 09:28.191,1722, ,1630, ,0, , , ,0, , , , , , , , , ,4,2,0,0,1,0,1,0,0,0,0,1,1,0,0,0,0,0,0,0,0,0,0,1,0,0,0,0,0,0,0,0,0,0,0,4,0,40.051,-75.1578, , 
70271,777338,2011015972,6,67,67301,2011,1,3,1744,17,1,1,0,8,1, , ,N,1,2,0,3,0,1,2,2,N,N,40 01:50.138,75 04:57.471,2204, ,2200, ,0, ,N, ,9, , , , , , , , , ,1,1,0,0,0,0,0,0,0,0,1,0,1,0,0,0,0,0,0,0,1,0,0,0,0,0,0,0,0,0,0,0,1,0,0,3,0,40.0306,-75.0826, , 
70272,777346,2011022964,6,67,67301,2011,2,3,845,8,1,9,5,1,1, , ,N,2,3,0,3,0,1,2,2,N,N,40 02:58.613,75 03:29.519,849, ,845, ,0, ,N, ,9, , , , , , , , , ,2,1,0,0,0,0,1,0,0,0,0,0,1,1,0,0,0,0,0,0,1,0,0,1,0,0,0,0,0,0,0,0,0,0,0,8,0,40.0496,-75.0582, , 
70273,777347,2011023333,6,67,67301,2011,1,5,105,1,3,4,3,4,1, , ,N,2,2,0,3,0,1,3,2,N,N,40 01:44.684,75 13:49.303,9999, ,105, ,0, ,N, ,3, , , , , , , , , ,2,1,0,0,0,0,0,0,0,0,1,0,1,0,1,0,0,0,0,0,0,0,0,1,0,0,0,0,0,0,0,0,0,0,0,3,0,40.0291,-75.2304, , 
70274,777350,2011033542,6,67,67301,2011,3,3,1200,12,1,1,0,4,1, , ,N,1,2,0,3,0,2,6,3,N,N,40 01:32.829,75 07:58.227,1202, ,1201, ,0, ,N, ,3, , , , , , , , , ,3,1,0,0,0,0,2,0,0,0,0,0,2,2,4,0,0,0,0,0,1,0,1,0,0,0,0,0,0,0,0,0,0,0,0,8,0,40.0258,-75.1328, , 
70275,777351,2011034712,6,67,67301,2011,3,2,2351,23,3,1,0,7,2, , ,N,0,0,0,3,0,0,1,1,N,N,39 58:57.983,75 12:28.220,4, ,2352, ,0, ,N, ,0, , , , , , , , , ,1,1,0,0,0,0,0,0,0,0,0,0,0,0,0,0,0,0,0,0,0,0,0,1,0,0,0,0,0,0,0,0,0,0,0,0,0,39.9828,-75.2078, , 
70276,777369,2011054305,6,67,67301,2011,3,3,2221,22,3,1,0,5,1, , ,N,0,2,0,3,0,4,5,2,N, ,39 57:18.928,75 11:57.061,2222, ,2222, ,0, , , ,3, , , , , , , , , ,2,1,0,0,0,0,1,0,0,0,0,4,4,0,0,0,0,0,0,0,0,0,0,3,0,0,0,0,0,0,0,0,0,0,0,4,0,39.9553,-75.1992, , 
70277,777411,2011047029,6,67,67301,2011,4,2,1715,17,1,1,0,8,1, , ,N,1,2,0,3,0,1,2,2,N,N,39 57:25.067,75 13:31.807,2021, ,2021, ,0, ,N, ,3, , , , , , , , , ,1,0,0,0,0,0,0,1,0,0,0,1,1,0,0,0,0,0,0,0,0,0,0,0,0,0,0,0,0,0,0,0,1,0,0,4,0,39.957,-75.2255, , 
70278,777417,2011050905,6,67,67301,2011,5,2,918,9,1,1,0,1,1, , ,N,0,0,0,3,0,1,2,2,N,N,39 59:00.687,75 05:52.550,927, ,919, ,0, ,N, ,0, , , , , , , , , ,2,1,0,0,1,0,0,0,0,0,0,1,1,0,0,0,0,0,0,0,1,0,0,0,0,0,0,0,0,0,0,0,0,0,0,4,0,39.9836,-75.0978, , 
70279,777422,2011053600,6,67,67301,2011,4,1,2332,23,3,1,0,4,1, , ,N,1,2,0,3,0,3,3,3,N, ,40 02:54.566,75 05:37.204,2340, ,2332, ,0, , , ,3, , , , , , , , , ,3,1,0,0,0,0,0,2,0,0,0,3,3,0,0,0,0,0,0,0,0,0,0,0,0,0,0,0,0,0,0,0,0,0,0,4,0,40.0485,-75.0937, , 
70280,777423,2011053850,6,67,67301,2011,5,2,1504,15,1,1,1,1,1,1,8,Y,6,4,2,3,0,2,4,2,N,N,40 01:22.658,75 02:09.745,1517,45,1504,1,1,2,N, ,9,N,N,N,N,N,Y,N,N,Y,2,1,0,0,0,1,0,0,0,0,0,2,2,0,0,0,0,0,0,0,1,0,0,0,0,0,0,0,0,0,0,0,0,0,0,4,1,40.023,-75.0359, , 
70281,777447,2011023023,6,67,67301,2011,1,3,749,7,1,1,0,7,4, , ,N,0,0,0,3,0,0,1,1,N,N,39 59:37.341,75 11:33.491,751, ,750,2,2,5,N, ,0,Y, , , , , , , , ,1,0,0,0,0,0,1,0,0,0,0,0,0,0,0,0,0,0,0,0,0,0,0,0,0,0,0,0,0,0,0,0,0,0,0,0,0,39.9937,-75.1927, , 
70282,777453,2011029413,6,67,67301,2011,2,5,922,9,1,1,0,8,1, , ,N,0,0,0,3,0,1,2,2,N,N,39 57:12.081,75 09:28.789,936, ,930, ,0, ,N, ,0, , , , , , , , , ,1,1,0,0,0,0,0,0,0,0,0,1,1,0,0,0,0,0,0,0,1,0,0,0,0,0,0,0,0,0,0,0,1,0,0,4,0,39.9534,-75.158, , 
70283,777462,2011040326,6,67,67301,2011,3,6,2315,23,3,1,0,1,1, , ,N,1,1,0,3,0,2,2,2, , ,40 02:49.733,75 00:17.125,10, ,0, ,0, , , ,3, , , , , , , , , ,2,2,0,0,0,0,0,0,0,0,0,0,2,2,0,0,0,0,0,0,0,0,0,0,0,0,0,0,0,0,0,0,0,0,0,8,0,40.0471,-75.0048, , 
70284,777463,2011040337,6,67,67301,2011,3,5,1510,15,1,1,0,8,1, , ,N,1,2,0,3,0,1,3,2,N,N,40 01:54.260,75 10:43.950,1535, ,1527, ,0, ,N, ,3, , , , , , , , , ,1,1,0,0,0,0,0,0,0,0,0,0,1,1,0,0,0,0,0,0,0,0,0,0,0,0,0,0,0,0,0,0,1,0,0,8,0,40.0317,-75.1789, , 
70285,777494,2011028992,6,67,67301,2011,1,3,240,2,3,1,0,3,5, , ,N,0,0,0,3,0,0,1,2, , ,40 03:22.515,75 00:09.402,251, ,247, ,0, , , ,0, , , , , , , , , ,2,2,0,0,0,0,0,0,0,0,0,0,0,0,0,0,0,0,0,0,0,0,0,0,0,0,0,0,0,0,0,0,0,0,0,0,0,40.0563,-75.0026, , 
70286,777498,2011033587,6,67,67301,2011,3,3,849,8,1,1,0,5,1, , ,N,1,2,0,3,0,2,3,2,N,N,39 56:11.277,75 11:08.239,900, ,850, ,0, ,N, ,2, , , , , , , , , ,2,1,0,0,0,1,0,0,0,0,0,0,2,2,0,0,0,0,0,0,0,0,0,0,0,0,0,0,0,0,0,0,0,0,0,8,0,39.9365,-75.1856, , 
70287,777543,2011036704,6,67,67301,2011,4,6,1626,16,1,2,1,1,1, , ,N,0,0,0,3,0,0,4,3,N,N,39 55:31.867,75 11:37.824,1647, ,1628,1,1,3,N, ,0,N, , , , , , , , ,3,3,0,0,0,0,0,0,0,0,0,0,0,0,0,0,0,0,0,0,1,0,0,1,0,0,0,0,0,0,0,0,0,0,0,0,0,39.9255,-75.1938, , 
70288,777560,2011054074,6,67,67301,2011,4,6,1810,18,1,1,0,4,1, , ,N,0,0,0,3,0,0,2,2,N,N,40 02:58.200,75 04:04.080,1821, ,9999, ,0, ,N, ,0, , , , , , , , , ,2,2,0,0,0,0,0,0,0,0,0,0,0,0,0,0,0,0,0,0,0,0,0,0,0,0,0,0,0,0,0,0,0,0,0,0,0,40.0495,-75.0678, , 
70289,781419,2011043504,6,67,67301,2011,4,7,2230,22,3,1,0,1,1, , ,N,0,0,0,3,0,0,2,2,N,N,39 55:50.674,75 11:55.546,2245, ,2234,1,1,4,N, ,0,N, , , , , , , , ,2,0,0,0,0,0,2,0,0,0,0,0,0,0,0,0,1,0,0,0,1,0,0,0,0,0,0,0,0,0,0,0,0,0,0,0,0,39.9307,-75.1988, , 
70290,781434,2011029037,6,67,67301,2011,2,5,1615,16,1,1,0,6,1, , ,N,0,0,0,3,0,1,3,2, , ,40 01:45.693,75 06:20.504,1617, ,1615,9,1,2, , ,0,N, , , , , , , , ,1,1,0,0,0,0,0,0,1,0,0,0,1,1,0,0,0,0,0,0,0,0,0,0,0,0,0,0,0,0,0,0,0,0,0,8,0,40.0294,-75.1057, , 
70291,781435,2011031377,6,67,67301,2011,2,5,1825,18,3,2,1,1,1, , ,N,0,0,0,3,0,0,4,2,N,N,40 01:56.279,75 05:01.432,1845, ,1831,1,1,2,N, ,0,N, , , , , , , , ,2,2,0,0,0,0,0,0,0,0,0,0,0,0,0,0,0,0,0,0,1,0,0,0,0,0,0,0,0,0,0,0,0,0,0,0,0,40.0323,-75.0837, , 
70292,781443,2011037911,6,67,67301,2011,3,4,1010,10,1,2,1,8,2, , ,N,1,2,0,3,0,1,2,2,N,N,39 57:06.668,75 09:35.366,9999, ,1020, ,0, ,N, ,3, , , , , , , , , ,1,0,0,1,0,0,0,0,0,0,0,1,1,0,0,0,0,0,0,0,0,0,0,0,0,0,0,0,0,0,0,0,1,0,0,4,1,39.9519,-75.1598, , 
70293,781449,2011047083,6,67,67301,2011,4,2,2121,21,3,1,0,7,9, , ,N,0,0,0,3,0,1,1,1,N,N,40 01:03.556,75 10:21.350,2122, ,2122,2,2,5,N, ,0,Y, , , , , , , , ,1,0,0,0,0,0,1,0,0,0,0,0,1,1,0,0,0,0,0,0,1,0,0,0,0,0,0,0,0,0,0,0,0,0,0,8,0,40.0177,-75.1726, , 
70294,781463,2011066784,6,67,67301,2011,6,5,1600,16,1,1,0,4,1, , ,N,2,3,0,3,0,3,4,2, , ,39 58:58.728,75 14:54.135,1635, ,1630, ,0, , , ,3, , , , , , , , , ,2,1,0,0,1,0,0,0,0,0,1,2,3,0,0,0,0,0,0,0,0,0,0,0,0,0,0,0,0,0,0,0,0,0,0,3,0,39.983,-75.2484, , 
70295,781496,2011029057,6,67,67301,2011,2,1,1250,12,1,1,0,4,1, , ,N,0,0,7,3,0,1,6,3,N,N,39 57:46.688,75 11:39.775,1300, ,1258,2,2,2,N, ,0,Y, , , , , , , , ,3,3,0,0,0,0,0,0,0,0,0,1,1,0,0,0,0,1,0,0,0,0,0,0,0,0,0,0,0,0,0,0,0,0,0,4,0,39.963,-75.1944, , 
70296,781497,2011029130,6,67,67301,2011,2,3,220,2,3,2,1,2,6, , ,N,0,0,0,3,0,0,1,3,N, ,40 02:02.950,75 07:26.515,230, ,225, ,0, , , ,0, , , , , , , , , ,3,3,0,0,0,0,0,0,0,0,0,0,0,0,0,0,0,0,0,0,0,0,0,0,0,0,0,0,0,0,0,0,0,0,0,0,0,40.0342,-75.124, , 
70297,781512,2011040338,6,67,67301,2011,3,4,821,8,1,2,1,1,1, , ,N,1,2,0,3,0,1,5,3, , ,39 56:27.112,75 12:45.004,834, ,828,3,1,1, , ,3,Y, , , , , , , , ,3,1,0,0,0,0,1,0,0,0,0,0,1,1,1,0,0,0,0,1,0,0,0,0,0,0,0,0,0,0,0,0,0,0,0,8,0,39.9409,-75.2125, , 
70298,781542,2011031316,6,67,67301,2011,2,5,1755,17,4,1,0,8,1, , ,N,0,0,0,3,0,1,3,2,N,N,39 59:48.044,75 06:47.422,1803, ,1801, ,0, ,N, ,0, , , , , , , , , ,1,1,0,0,0,0,0,0,0,0,1,0,1,0,1,0,0,0,0,0,1,0,0,0,0,0,0,0,0,0,0,0,1,0,0,3,0,39.9967,-75.1132, , 
70299,781545,2011033495,6,67,67301,2011,3,3,2116,21,3,1,0,8,1, , ,N,1,2,0,3,0,1,2,2,N,N,39 56:30.483,75 09:57.441,2130, ,2120, ,0, ,N, ,3, , , , , , , , , ,1,1,0,0,0,0,0,0,0,0,0,0,1,1,0,0,0,0,0,0,1,0,0,0,0,0,0,0,0,0,0,0,1,0,0,8,0,39.9418,-75.1658, , 
70300,781579,2011019032,6,67,67301,2011,2,6,1637,16,1,1,0,1,1, , ,N,0,0,0,3,0,1,2,2,N,N,39 58:03.625,75 07:52.792,1644, ,1639, ,0, ,N, ,0, , , , , , , , , ,2,2,0,0,0,0,0,0,0,0,0,1,1,0,0,0,0,0,0,0,1,0,0,0,0,0,0,0,0,0,0,0,0,0,0,4,0,39.9676,-75.1314, , 
70301,781583,2011023212,6,67,67301,2011,1,1,1915,19,3,1,5,4,6, , ,N,0,0,0,3,0,0,2,3,N,N,40 03:55.864,75 09:26.053,1930, ,1925, ,0, ,N, ,0, , , , , , , , , ,3,2,0,0,0,0,1,0,0,0,0,0,0,0,0,0,0,0,0,1,0,0,0,0,0,0,0,0,0,0,0,0,0,0,0,0,0,40.0655,-75.1572, , 
70302,781627,2011023178,6,67,67301,2011,1,2,1505,15,1,1,0,4,1, , ,N,0,0,0,3,0,1,2,2, , ,39 55:00.312,75 13:01.670,1622, ,1621,3,1,4, , ,0,N, , , , , , , , ,2,2,0,0,0,0,0,0,0,0,0,1,1,0,0,0,0,0,0,0,0,0,0,1,0,0,0,0,0,0,0,0,0,0,0,4,0,39.9159,-75.2207, , 
70303,781644,2011044553,6,67,67301,2011,4,6,1730,17,1,1,0,4,1, , ,N,1,2,0,3,0,2,4,2, , ,40 00:43.066,75 08:09.135,1740, ,1735, ,0, , , ,3, , , , , , , , , ,2,1,0,0,1,0,0,0,0,0,0,2,2,0,0,0,0,0,0,0,0,0,0,0,0,0,0,0,0,0,0,0,0,0,0,4,0,40.012,-75.1359, , 
70304,781645,2011044568,6,67,67301,2011,3,7,2320,23,3,1,0,1,1, , ,N,1,2,0,3,0,1,3,3, , ,39 59:47.932,75 10:31.898,9999, ,1131,2,2,4, , ,3,Y, , , , , , , , ,2,1,0,0,0,0,0,1,0,0,0,1,1,0,0,0,0,0,0,1,1,0,0,0,0,0,0,0,0,0,0,0,1,0,0,4,0,39.9966,-75.1755, , 
70305,781659,2011061888,6,67,67301,2011,5,7,1730,17,1,1,0,3,1, , ,N,0,0,0,3,0,1,2,2,N,N,39 54:53.517,75 09:33.404,1740, ,1736, ,0, ,N, ,0, , , , , , , , , ,1,1,0,0,0,0,0,0,1,0,0,0,1,1,0,0,0,0,0,0,0,0,0,0,0,0,0,0,0,0,0,0,0,0,0,8,0,39.9149,-75.1593, , 
70306,781670,2011015746,6,67,67301,2011,1,2,2354,23,3,1,0,4,1, , ,N,0,0,2,3,0,1,2,2,N,N,39 57:37.602,75 10:51.950,1, ,2358,1,2,4,N, ,0,N, , , , , , , , ,2,2,0,0,0,0,0,0,0,0,1,0,1,0,0,0,0,0,0,0,0,0,0,0,0,0,0,0,0,0,0,0,0,0,0,3,0,39.9604,-75.1811, , 
70307,786527,2011037970,6,67,67301,2011,3,7,2050,20,3,1,0,7,3, , ,N,0,0,0,3,0,1,1,1, , ,39 54:49.634,75 08:50.801,2106, ,2102, ,0, , , ,0, , , , , , , , , ,1,1,0,0,0,0,0,0,0,0,0,0,1,1,0,0,0,0,0,0,0,0,1,0,0,0,0,0,0,0,0,0,0,0,0,8,0,39.9138,-75.1475, , 
70308,786558,2011033534,6,67,67301,2011,3,1,1112,11,1,2,1,4,1, , ,N,1,2,0,3,0,3,6,2,N,N,40 02:21.627,75 11:05.396,1133, ,1133,1,1,7, , ,9,N, , , , , , , , ,2,0,0,1,0,0,0,1,0,0,0,3,3,0,1,0,0,0,0,0,1,0,0,3,0,0,0,0,0,0,0,0,0,0,0,4,1,40.0393,-75.1848, , 
70309,786559,2011033777,6,67,67301,2011,3,2,828,8,1,1,0,1,1, , ,N,0,0,0,3,0,1,4,2,N,N,40 04:06.861,75 04:01.510,834, ,830, ,0, ,N, ,0, , , , , , , , , ,2,2,0,0,0,0,0,0,0,0,0,0,1,1,0,0,0,0,0,0,0,0,0,0,0,0,0,0,0,0,0,0,0,0,0,8,0,40.0686,-75.0671, , 
70310,786565,2011038001,6,67,67301,2011,3,7,1700,17,1,1,0,1,1, , ,N,1,2,0,3,0,1,4,3,N,N,39 57:23.865,75 11:52.879,1728, ,1726, ,0, ,N, ,3, , , , , , , , , ,3,2,0,1,0,0,0,0,0,0,0,1,1,0,0,0,0,0,0,0,1,0,0,0,0,0,0,0,0,0,0,0,0,0,0,4,1,39.9566,-75.198, , 
70311,786568,2011040410,6,67,67301,2011,3,6,1345,13,1,1,0,4,1, , ,N,1,2,0,3,0,1,4,2,N,N,39 58:26.116,75 12:23.386,1350, ,1347, ,0, ,N, ,3, , , , , , , , , ,2,2,0,0,0,0,0,0,0,0,0,0,1,1,0,0,0,0,0,0,0,0,0,0,0,0,0,0,0,0,0,0,0,0,0,8,0,39.9738,-75.2064, , 
70312,786598,2011015928,6,67,67301,2011,1,5,9999,99,1,1,0,4,1, , ,N,1,2,0,3,0,1,3,2, , ,39 59:38.209,75 09:16.513,9999, ,9999, ,0, , , ,3, , , , , , , , , ,2,1,0,0,0,1,0,0,0,0,0,1,1,0,0,0,0,0,0,0,0,0,0,0,0,0,0,0,0,0,0,0,0,0,0,4,1,39.9939,-75.1545, , 
70313,786656,2011024641,6,67,67301,2011,1,4,9999,99,1,1,1,8,1, , ,N,0,0,0,3,0,1,2,2,N,N,39 55:48.910,75 10:54.454,905, ,858,1,1,1,N, ,0,N, , , , , , , , ,1,1,0,0,0,0,0,0,0,0,1,0,1,0,0,0,0,0,0,0,0,0,0,0,0,0,0,0,0,0,0,0,1,0,0,3,0,39.9303,-75.1818, , 
70314,786665,2011038227,6,67,67301,2011,3,7,1948,19,3,1,0,5,1, , ,N,2,3,0,3,0,1,2,2,N,N,40 01:33.297,75 07:10.065,1957, ,1955,3,2,3,N, ,3,N, , , , , , , , ,2,1,1,0,0,0,0,0,0,0,1,0,1,0,1,0,0,0,0,0,0,0,0,0,0,0,0,0,0,0,0,0,0,0,0,3,0,40.0259,-75.1197, , 
70315,786676,2011048660,6,67,67301,2011,3,4,1852,18,3,1,0,5,1, , ,N,0,0,0,3,0,1,3,2,N,N,40 07:12.218,75 00:33.691,1900, ,1854,1,1,4,N, ,0,Y, , , , , , , , ,2,2,0,0,0,0,0,0,0,0,0,1,1,0,0,0,0,0,0,0,1,0,0,2,0,0,0,0,0,0,0,0,0,0,0,4,0,40.1201,-75.0094, , 
70316,786684,2011009843,6,67,67301,2011,1,1,1430,14,1,2,1,7,5, , ,N,0,0,99,3,0,2,2,1,N,N,39 59:36.470,75 11:17.330,1435, ,1435,4,2,3, , ,0,Y, , , , , , , , ,1,1,0,0,0,0,0,0,0,0,1,1,2,0,0,0,0,0,0,0,0,0,0,2,0,0,0,0,0,0,0,0,0,0,0,3,0,39.9935,-75.1881, , 
70317,786688,2011015902,6,67,67301,2011,1,5,1843,18,3,1,6,8,1, , ,N,1,2,0,3,0,1,3,2, , ,40 02:37.429,75 05:06.333,1854, ,1846, ,0, , , ,3, , , , , , , , , ,1,1,0,0,0,0,0,0,0,0,0,1,1,0,0,0,0,0,0,0,0,0,0,0,0,0,0,0,0,0,0,0,1,0,0,4,0,40.0437,-75.0851, , 