objectid_1,objectid,crn,district,county,municipality,crash_year,crash_month,day_of_week,time_of_day,hour_of_day,illumination,weather,road_condition,collision_type,relation_to_road,work_zone_type,work_zone_loc,work_zone_ind,intersect_type,tcd_type,location_type,urban_rural,fatal_count,injury_count,person_count,total_units,sch_bus_ind,sch_zone_ind,latitude,longitude,arrival_tm,cons_zone_spd_lim,dispatch_tm,est_hrs_closed,lane_closed,ln_close_dir,ntfy_hiwy_maint,spec_juris_cd,tcd_func_cd,tfc_detour_ind,workers_pres,wz_close_detour,wz_flagger,wz_law_offcr_ind,wz_ln_closure,wz_moving,wz_other,wz_shlder_mdn,vehicle_count,automobile_count,motorcycle_count,bus_count,small_truck_count,heavy_truck_count,suv_count,van_count,bicycle_count,maj_inj_count,mod_inj_count,min_inj_count,tot_inj_count,unk_inj_deg_count,unk_inj_per_count,driver_count_16yr,driver_count_17yr,driver_count_18yr,driver_count_19yr,driver_count_20yr,driver_count_50_64yr,driver_count_65_74yr,driver_count_75plus,unbelted_occ_count,unb_death_count,unb_maj_inj_count,belted_death_count,belted_maj_inj_count,mcycle_death_count,mcycle_maj_inj_count,bicycle_death_count,bicycle_maj_inj_count,ped_count,ped_death_count,ped_maj_inj_count,max_severity_level,comm_veh_count,dec_lat,dec_long,rdwy_surf_type_cd,county_name
70318,786693,2011023048,6,67,67301,2011,2,3,826,8,1,8,4,4,1, , ,N,1,3,0,3,0,0,4,2,N,N,39 57:21.674,75 09:20.655,844, ,826, ,0, ,N, ,3, , , , , , , , , ,2,1,0,0,0,1,0,0,0,0,0,0,0,0,0,0,0,0,0,0,0,0,0,0,0,0,0,0,0,0,0,0,0,0,0,0,1,39.956,-75.1557, , 
70319,786749,2011031308,6,67,67301,2011,2,1,1310,13,1,1,0,1,1, , ,N,5,3,0,3,0,1,3,2,N,N,40 01:19.120,75 06:53.578,1330, ,1320, ,0, ,N, ,3, , , , , , , , , ,2,1,0,0,0,0,1,0,0,0,0,1,1,0,1,0,0,0,0,0,0,0,0,0,0,0,0,0,0,0,0,0,0,0,0,4,0,40.022,-75.1149, , 
70320,786760,2011044838,6,67,67301,2011,4,6,225,2,3,2,1,7,2, , ,N,7,0,2,3,0,0,1,1,N,N,40 00:38.272,75 11:04.414,245, ,228,2,1,2,N, ,0,N, , , , , , , , ,1,1,0,0,0,0,0,0,0,0,0,0,0,0,1,0,0,0,0,0,0,0,0,0,0,0,0,0,0,0,0,0,0,0,0,9,0,40.0106,-75.1846, , 
70321,786769,2011053460,6,67,67301,2011,4,1,1830,18,1,1,0,8,1, , ,N,1,0,0,3,0,1,1,2,N,N,39 58:33.020,75 10:30.586,1837, ,1833, ,0, ,N, ,0, , , , , , , , , ,1,1,0,0,0,0,0,0,0,0,0,1,1,0,0,0,0,0,0,0,0,0,0,0,0,0,0,0,0,0,0,0,1,0,0,4,0,39.9758,-75.1752, , 
70322,786771,2011054302,6,67,67301,2011,4,2,2045,20,3,1,0,5,1, , ,N,2,2,0,3,0,0,3,2,N,N,39 54:10.596,75 10:26.386,2049, ,2049, ,0, ,N, ,3, , , , , , , , , ,2,2,0,0,0,0,0,0,0,0,0,0,0,0,0,0,0,0,0,0,0,0,0,0,0,0,0,0,0,0,0,0,0,0,0,0,0,39.9029,-75.174, , 
70323,786773,2011054516,6,67,67301,2011,5,3,1458,14,1,1,0,1,1, , ,N,0,0,0,3,0,0,2,2,N,N,40 00:28.321,75 12:04.926,1507, ,1501, ,0, ,N, ,0, , , , , , , , , ,2,1,0,0,1,0,0,0,0,0,0,0,0,0,0,0,0,0,0,0,1,0,0,0,0,0,0,0,0,0,0,0,0,0,0,0,0,40.0079,-75.2014, , 
70324,786776,2011056847,6,67,67301,2011,5,3,1405,14,1,1,0,4,1, , ,N,2,3,0,3,0,1,2,2,N, ,40 06:26.640,75 01:41.417,1410, ,1410, ,0, , , ,3, , , , , , , , , ,2,2,0,0,0,0,0,0,0,0,0,1,1,0,0,0,0,0,0,0,0,0,0,2,0,0,0,0,0,0,0,0,0,0,0,4,0,40.1074,-75.0282, , 
70325,773270,2011054121,6,67,67301,2011,4,7,1554,15,1,1,0,8,1, , ,N,0,0,0,3,0,1,2,2,N,N,39 58:03.547,75 13:52.838,1628, ,1624, ,0, ,N, ,0, , , , , , , , , ,1,1,0,0,0,0,0,0,0,0,0,1,1,0,1,0,0,0,0,1,0,0,0,0,0,0,0,0,0,0,0,0,1,0,0,4,0,39.9677,-75.2313, , 
70326,773272,2011056766,6,67,67301,2011,5,1,915,9,1,1,0,4,1, , ,N,5,2,7,3,0,3,3,2,N,N,39 54:47.100,75 14:35.859,935, ,924,2,2,4,N, ,3,Y, , , , , , , , ,2,2,0,0,0,0,0,0,0,0,0,3,3,0,0,0,0,0,0,0,1,0,0,0,0,0,0,0,0,0,0,0,0,0,0,4,0,39.9131,-75.2433, , 
70327,773275,2011061836,6,67,67301,2011,5,1,1310,13,1,1,0,0,1, , ,N,0,0,0,3,0,2,3,1,N,N,40 03:20.460,75 13:38.610,1320, ,1315, ,0, ,N, ,0, , , , , , , , , ,1,1,0,0,0,0,0,0,0,0,0,2,2,0,0,0,0,0,0,0,1,0,0,3,0,0,0,0,0,0,0,0,0,0,0,4,0,40.0557,-75.2274, , 
70328,773289,2011018562,6,67,67301,2011,2,2,1040,10,1,1,0,1,1, , ,N,0,0,0,3,0,1,2,2,N,N,40 01:28.168,75 01:48.845,1051, ,1041, ,0, ,N, ,0, , , , , , , , , ,2,0,0,0,0,1,1,0,0,0,0,0,1,1,0,0,0,0,0,0,2,0,0,0,0,0,0,0,0,0,0,0,0,0,0,8,0,40.0244,-75.0305, , 
70329,773312,2011044566,6,67,67301,2011,4,6,9999,99,3,1,0,4,1, , ,N,1,2,0,3,0,2,4,3, , ,40 00:59.814,75 08:49.815,2259, ,2252,1,1,4, , ,3,Y, , , , , , , , ,3,1,0,0,1,0,0,1,0,0,0,0,2,2,0,0,0,0,0,0,0,0,0,1,0,0,0,0,0,0,0,0,0,0,0,8,0,40.0166,-75.1472, , 
70330,773335,2011015838,6,67,67301,2011,1,5,1745,17,3,1,0,7,6, , ,N,0,0,0,3,0,0,1,1,N,N,40 01:13.101,75 12:39.884,1820, ,1752, ,0, ,N, ,0, , , , , , , , , ,1,0,0,0,0,0,0,1,0,0,0,0,0,0,1,0,0,0,0,0,0,0,0,0,0,0,0,0,0,0,0,0,0,0,0,9,0,40.0203,-75.2111, , 
70331,773344,2011023248,6,67,67301,2011,1,3,1640,16,4,1,0,1,1, , ,N,0,2,7,3,0,0,3,2,N,N,39 57:52.917,75 08:02.238,1650, ,1646,2,1,1,N, ,3,N, , , , , , , , ,2,1,0,0,0,0,1,0,0,0,0,0,0,0,0,0,0,0,0,0,0,0,0,0,0,0,0,0,0,0,0,0,0,0,0,0,0,39.9647,-75.134, , 
70332,773345,2011024667,6,67,67301,2011,1,5,930,9,1,1,0,1,1, , ,N,0,0,0,3,0,0,3,3,N,N,39 57:47.682,75 10:05.562,1009, ,1004, ,0, , , ,0, , , , , , , , , ,3,3,0,0,0,0,0,0,0,0,0,0,0,0,0,0,0,0,0,0,0,0,0,0,0,0,0,0,0,0,0,0,0,0,0,0,0,39.9632,-75.1682, , 
70333,773348,2011029051,6,67,67301,2011,2,2,244,2,3,1,0,4,1, , ,N,1,2,0,3,0,3,3,2, , ,40 01:41.450,75 02:20.031,245, ,245,4,2,7, , ,2,Y, , , , , , , , ,2,2,0,0,0,0,0,0,0,0,3,0,3,0,0,0,0,0,0,0,0,0,0,0,0,0,0,0,0,0,0,0,0,0,0,3,0,40.0282,-75.0389, , 
70334,773350,2011031195,6,67,67301,2011,2,4,736,7,1,1,0,4,1, , ,N,1,3,0,3,0,1,4,2,N,N,40 04:01.347,75 10:24.416,742, ,738, ,0, , , ,3, , , , , , , , , ,2,2,0,0,0,0,0,0,0,0,0,0,1,1,0,0,0,0,0,0,0,0,0,0,0,0,0,0,0,0,0,0,0,0,0,8,0,40.067,-75.1734, , 
70335,773358,2011037896,6,67,67301,2011,3,3,200,2,3,1,0,5,1, , ,N,0,0,0,3,0,4,5,2,N,N,40 01:17.017,75 10:07.074,213, ,208, ,0, ,N, ,0, , , , , , , , , ,2,1,0,0,0,0,0,0,0,0,0,4,4,0,0,0,0,0,0,0,0,0,0,4,0,0,0,0,0,0,0,0,0,0,0,4,0,40.0214,-75.1686, , 
70336,773387,2011016006,6,67,67301,2011,1,7,2300,23,3,4,4,4,1, , ,N,1,2,0,3,0,2,2,2,N,N,39 57:22.417,75 13:10.384,2300, ,2300,1,1,4,N, ,3,Y, , , , , , , , ,2,2,0,0,0,0,0,0,0,0,0,2,2,0,0,0,0,0,0,0,0,0,0,0,0,0,0,0,0,0,0,0,0,0,0,4,0,39.9562,-75.2196, , 
70337,773432,2011015979,6,67,67301,2011,1,2,45,0,3,1,0,7,5, , ,N,0,0,0,3,0,2,3,1,N,N,40 01:28.569,75 09:33.835,100, ,58, ,0, ,N, ,0, , , , , , , , , ,1,1,0,0,0,0,0,0,0,0,0,1,2,1,0,0,0,0,0,0,0,0,0,0,0,0,0,0,0,0,0,0,0,0,0,4,0,40.0246,-75.1594, , 
70338,773464,2011044607,6,67,67301,2011,3,4,757,7,1,2,1,8,1, , ,N,1,2,0,3,0,1,2,2,N,N,40 02:08.676,75 04:51.649,803, ,800,3,1,2,N, ,3,Y, , , , , , , , ,1,0,0,0,1,0,0,0,0,0,0,0,1,1,0,0,0,0,0,0,1,0,0,0,0,0,0,0,0,0,0,0,1,0,0,8,0,40.0357,-75.081, , 
70339,773465,2011044609,6,67,67301,2011,3,5,1504,15,1,2,1,1,1, , ,N,1,2,0,3,0,1,3,2, , ,39 56:29.947,75 13:21.989,1615, ,1612, ,0, ,N, ,3, , , , , , , , , ,2,1,0,0,0,0,1,0,0,0,0,0,1,1,1,0,0,0,0,0,0,0,0,0,0,0,0,0,0,0,0,0,0,0,0,8,0,39.9417,-75.2228, , 
70340,773466,2011047090,6,67,67301,2011,4,3,1005,10,1,2,1,4,1, , ,N,0,0,0,3,0,1,2,2,N,N,40 02:29.027,75 05:17.727,1010, ,1009, ,0, ,N, ,0, , , , , , , , , ,2,1,0,0,0,0,1,0,0,0,0,0,1,1,0,0,0,0,0,0,1,0,0,0,0,0,0,0,0,0,0,0,0,0,0,8,0,40.0414,-75.0883, , 
70341,773487,2011023228,6,67,67301,2011,1,1,23,0,3,1,6,7,5, , ,N,0,0,0,3,0,1,1,1, ,N,40 03:35.067,75 08:01.618,28, ,25,2,2,6,N, ,0,N, , , , , , , , ,1,0,0,0,0,0,1,0,0,0,0,1,1,0,0,0,0,0,0,0,1,0,0,0,0,0,0,0,0,0,0,0,0,0,0,4,0,40.0597,-75.1338, , 
70342,773488,2011023281,6,67,67301,2011,1,5,1100,11,1,4,3,7,4, , ,N,0,0,0,3,0,1,1,1,N,N,40 02:43.361,75 13:03.693,1112, ,1108, ,0, ,N, ,0, , , , , , , , , ,1,1,0,0,0,0,0,0,0,0,0,0,1,1,0,0,0,0,0,0,0,0,0,0,0,0,0,0,0,0,0,0,0,0,0,8,0,40.0454,-75.2177, , 
70343,777561,2011056878,6,67,67301,2011,5,6,1440,14,1,1,0,1,1, , ,N,0,2,99,3,0,1,5,2, , ,40 00:04.390,75 08:54.400,1506, ,1459, ,0, , , ,3, , , , , , , , , ,2,2,0,0,0,0,0,0,0,0,0,1,1,0,0,0,0,0,0,0,0,0,0,0,0,0,0,0,0,0,0,0,0,0,0,4,0,40.0012,-75.1484, , 
70344,777583,2011015901,6,67,67301,2011,1,6,1658,16,1,1,0,4,1, , ,N,2,3,0,3,0,2,3,2,N,N,40 01:15.020,75 08:54.994,1752, ,1749, ,0, , , ,3, , , , , , , , , ,2,2,0,0,0,0,0,0,0,0,0,2,2,0,0,0,0,0,0,0,1,0,0,0,0,0,0,0,0,0,0,0,0,0,0,4,0,40.0208,-75.1486, , 
70345,777586,2011022206,6,67,67301,2011,2,7,218,2,3,1,0,7,3, , ,N,0,0,0,3,0,2,2,1,N,N,39 57:35.191,75 10:40.848,224, ,222,1,1,3,N, ,0,N, , , , , , , , ,1,0,0,0,0,0,1,0,0,0,1,1,2,0,0,0,0,0,0,0,0,0,0,0,0,0,0,0,0,0,0,0,0,0,0,3,0,39.9598,-75.178, , 
70346,777587,2011023011,6,67,67301,2011,1,3,2100,21,2,5,6,8,1, , ,N,0,0,0,3,0,1,2,2,N,N,40 00:06.400,75 12:45.650,9999, ,2101, ,0, ,N, ,0, , , , , , , , , ,1,1,0,0,0,0,0,0,0,1,0,0,1,0,0,0,0,0,0,0,1,0,0,0,0,0,0,0,0,0,0,0,1,0,1,2,0,40.0018,-75.2127, , 
70347,777588,2011023274,6,67,67301,2011,1,5,1740,17,3,1,0,4,1, , ,N,1,3,0,3,0,0,2,2, , ,39 57:17.517,75 10:16.535,1832, ,1824, ,0, , , ,3, , , , , , , , , ,2,1,0,0,1,0,0,0,0,0,0,0,0,0,0,0,0,0,0,0,1,0,0,0,0,0,0,0,0,0,0,0,0,0,0,0,0,39.9549,-75.1713, , 
70348,777602,2011043419,6,67,67301,2011,4,1,1425,14,1,1,0,7,2, , ,N,0,0,0,3,0,2,3,3,N,N,40 06:29.307,74 59:48.649,1450, ,1430,1,2,4,N, ,0,Y, , , , , , , , ,3,1,0,0,0,0,2,0,0,0,0,1,2,1,0,0,0,0,0,1,0,0,1,0,0,0,0,0,0,0,0,0,0,0,0,4,0,40.1081,-74.9968, , 
70349,777610,2011054033,6,67,67301,2011,4,6,12,0,3,1,0,1,1, , ,N,7,0,0,3,0,6,8,2,N,N,40 05:07.699,74 58:10.087,20, ,16,2,2,4,N, ,0,Y, , , , , , , , ,2,1,0,0,0,0,1,0,0,0,0,0,6,6,0,0,0,0,0,1,0,0,0,0,0,0,0,0,0,0,0,0,0,0,0,8,0,40.0855,-74.9695, , 
70350,777611,2011054094,6,67,67301,2011,4,5,9999,99,3,1,0,1,1, , ,N,0,0,0,3,0,0,4,2,N,N,40 01:34.101,75 05:40.559,125, ,122,2,1,1,Y, ,0,N, , , , , , , , ,2,2,0,0,0,0,0,0,0,0,0,0,0,0,1,0,0,0,0,0,0,0,0,0,0,0,0,0,0,0,0,0,0,0,0,9,0,40.0261,-75.0946, , 
70351,777612,2011054369,6,67,67301,2011,4,4,821,8,1,1,0,4,1, , ,N,2,2,0,3,0,1,3,2,N, ,40 06:35.729,75 01:30.785,828, ,825, ,0, , , ,3, , , , , , , , , ,2,2,0,0,0,0,0,0,0,0,0,1,1,0,0,0,0,0,0,0,1,0,0,1,0,0,0,0,0,0,0,0,0,0,0,4,0,40.1099,-75.0251, , 
70352,777616,2011056989,6,67,67301,2011,5,6,1616,16,1,1,0,1,1, , ,N,0,0,0,3,0,2,2,2,N,N,39 55:26.550,75 14:43.853,1648, ,1646, ,0, ,N, ,0, , , , , , , , , ,2,2,0,0,0,0,0,0,0,0,0,0,2,2,0,0,0,0,0,0,1,0,0,0,0,0,0,0,0,0,0,0,0,0,0,8,0,39.924,-75.2455, , 
70353,777635,2011053578,6,67,67301,2011,4,3,2101,21,6,1,0,4,1, , ,N,1,2,0,3,0,5,5,2,N, ,40 03:17.448,75 10:08.247,2127, ,2117, ,0, , , ,3, , , , , , , , , ,2,0,0,0,0,0,1,1,0,0,0,0,5,5,0,0,0,0,0,0,0,0,0,0,0,0,0,0,0,0,0,0,0,0,0,8,0,40.0548,-75.169, , 
70354,777637,2011054211,6,67,67301,2011,4,6,815,8,1,1,0,1,1, , ,N,1,2,0,3,0,1,3,3,N,N,39 59:40.673,75 05:40.311,830, ,828, ,0, ,N, ,3, , , , , , , , , ,3,0,0,0,1,0,0,2,0,0,0,0,1,1,0,0,0,0,0,0,0,0,0,1,0,0,0,0,0,0,0,0,0,0,0,8,0,39.9946,-75.0945, , 
70355,777665,2011090351,6,67,67301,2011,8,4,922,9,1,1,0,4,1, , ,N,1,2,0,3,0,2,6,3,N,N,39 55:36.179,75 11:16.425,930, ,925,1,1,3,N, ,3,Y, , , , , , , , ,3,1,0,0,0,0,1,1,0,1,0,0,2,1,0,0,0,0,0,0,0,0,0,0,0,0,0,0,0,0,0,0,0,0,0,2,0,39.9267,-75.1879, , 
70356,777688,2011031152,6,67,67301,2011,2,7,1137,11,1,1,1,1,1, , ,N,2,3,0,3,0,0,2,2,N,N,39 59:23.193,75 09:19.361,1144, ,1137, ,0, ,N, ,3, , , , , , , , , ,2,2,0,0,0,0,0,0,0,0,0,0,0,0,0,0,0,1,0,0,0,1,0,0,0,0,0,0,0,0,0,0,0,0,0,0,0,39.9898,-75.1554, , 
70357,777730,2011082522,6,67,67301,2011,7,3,9999,99,1,1,0,7,2, , ,N,0,0,0,3,0,1,1,1,N,N,39 55:51.654,75 13:35.871,548, ,548, ,0, ,N, ,0, , , , , , , , , ,1,1,0,0,0,0,0,0,0,0,1,0,1,0,0,0,0,0,0,1,0,0,0,0,0,0,0,0,0,0,0,0,0,0,0,3,0,39.931,-75.2266, , 
70358,777736,2011087887,6,67,67301,2011,7,1,2053,20,3,1,0,4,1, , ,N,0,0,7,3,0,2,3,2,N, ,40 01:03.044,75 08:57.990,2117, ,2108, ,0, , , ,0, , , , , , , , , ,2,0,0,0,1,0,1,0,0,0,0,2,2,0,0,0,0,0,0,0,1,0,0,0,0,0,0,0,0,0,0,0,0,0,0,4,0,40.0174,-75.1495, , 
70359,777742,2011095467,6,67,67301,2011,8,2,1540,15,1,1,0,1,2, , ,N,0,0,0,3,0,1,1,2,N,N,39 55:23.620,75 13:13.674,1600, ,1550, ,0, ,N, ,0, , , , , , , , , ,2,1,0,0,0,1,0,0,0,0,0,1,1,0,0,0,0,0,0,0,0,0,1,0,0,0,0,0,0,0,0,0,0,0,0,4,1,39.9232,-75.2205, , 
70360,777747,2011100880,6,67,67301,2011,9,7,154,1,3,1,0,8,1, , ,N,2,2,0,3,0,1,2,2,N, ,39 55:41.566,75 13:50.404,155, ,158, ,0, , , ,3, , , , , , , , , ,1,1,0,0,0,0,0,0,0,0,0,1,1,0,1,0,0,0,0,0,0,0,0,1,0,0,0,0,0,0,0,0,1,0,0,4,0,39.9282,-75.2307, , 
70361,781680,2011031304,6,67,67301,2011,2,7,1800,18,3,1,0,8,1, , ,N,1,2,0,3,0,1,2,2, ,N,40 02:23.373,75 08:40.028,1812, ,1802, ,0, , , ,3, , , , , , , , , ,1,0,0,0,0,0,0,1,0,0,0,1,1,0,0,0,0,0,0,0,0,0,0,0,0,0,0,0,0,0,0,0,1,0,0,4,0,40.0398,-75.1445, , 
70362,781699,2011054089,6,67,67301,2011,4,1,2050,20,3,8,1,1,1, , ,N,0,0,0,3,0,1,6,5,N,N,40 03:04.571,75 00:23.890,2053, ,2050,3,2,3,N, ,0,Y, , , , , , , , ,5,4,0,0,1,0,0,0,0,0,1,0,1,0,0,0,0,0,0,0,0,0,0,1,0,0,0,0,0,0,0,0,0,0,0,3,0,40.0513,-75.0066, , 
70363,781700,2011054119,6,67,67301,2011,4,7,1240,12,1,1,0,4,1, , ,N,1,3,0,3,0,1,2,2,N,N,40 03:58.626,75 09:40.683,1250, ,1245, ,0, ,N, ,3, , , , , , , , , ,2,2,0,0,0,0,0,0,0,0,0,1,1,0,0,0,0,0,0,0,1,0,1,0,0,0,0,0,0,0,0,0,0,0,0,4,0,40.0663,-75.1613, , 
70364,781727,2011028835,6,67,67301,2011,2,2,1540,15,1,1,0,8,1, , ,N,1,2,0,3,0,1,2,2,N,Y,40 01:05.185,75 08:04.246,1551, ,1550, ,0, , , ,3, , , , , , , , , ,1,1,0,0,0,0,0,0,0,0,0,1,1,0,1,0,0,0,0,0,0,0,0,0,0,0,0,0,0,0,0,0,1,0,0,4,0,40.0181,-75.1345, , 
70365,781731,2011031453,6,67,67301,2011,2,6,725,7,5,1,0,8,1, , ,N,1,2,0,3,0,1,2,2, , ,39 57:06.231,75 10:37.822,735, ,730, ,0, , , ,3, , , , , , , , , ,1,1,0,0,0,0,0,0,0,0,0,0,1,1,0,0,0,0,0,0,0,0,0,0,0,0,0,0,0,0,0,0,1,0,0,8,0,39.9517,-75.1772, , 
70366,781740,2011037944,6,67,67301,2011,3,3,1618,16,1,1,0,8,1, , ,N,0,0,0,3,0,1,2,2,N,N,40 01:35.720,75 08:15.860,1633, ,1623, ,0, ,N, ,0, , , , , , , , , ,1,1,0,0,0,0,0,0,0,0,0,1,1,0,0,0,0,0,0,0,0,0,0,1,0,0,0,0,0,0,0,0,1,0,0,4,0,40.0266,-75.1377, , 
70367,781757,2011054156,6,67,67301,2011,4,7,2123,21,3,1,0,4,1, , ,N,1,2,0,3,0,0,2,2,N,N,40 04:51.445,75 01:43.230,2140, ,2130,2,1,2,N, ,3,N, , , , , , , , ,2,2,0,0,0,0,0,0,0,0,0,0,0,0,0,0,0,0,0,0,0,0,0,0,0,0,0,0,0,0,0,0,0,0,0,0,0,40.0808,-75.0286, , 
70368,781790,2011029098,6,67,67301,2011,2,1,9999,99,1,1,1,6,5, , ,N,0,0,0,3,0,1,1,2,N,N,40 04:11.910,75 10:13.720,1152, ,1145, ,0, ,N, ,0, , , , , , , , , ,2,1,0,0,0,0,0,1,0,0,0,0,1,1,0,0,0,0,0,0,0,0,0,0,0,0,0,0,0,0,0,0,0,0,0,8,0,40.07,-75.1705, , 
70369,781847,2011054187,6,67,67301,2011,4,2,900,9,1,1,0,5,1, , ,N,0,0,0,3,0,1,2,2,N,N,40 01:57.496,75 08:26.628,1125, ,1120, ,0, ,N, ,0, , , , , , , , , ,1,1,0,0,0,0,0,0,1,0,0,0,1,1,0,0,0,0,0,0,0,1,0,0,0,0,0,0,0,0,0,0,0,0,0,8,0,40.0326,-75.1407, , 
70370,781883,2011033517,6,67,67301,2011,3,6,1045,10,1,1,0,4,6, , ,N,0,0,0,3,0,1,1,3,N, ,39 59:46.701,75 06:47.864,1055, ,1058,1,1,3,N, ,0,N, , , , , , , , ,3,3,0,0,0,0,0,0,0,0,1,0,1,0,0,0,0,0,0,0,0,0,0,0,0,0,0,0,0,0,0,0,0,0,0,3,0,39.9963,-75.1133, , 
70371,781912,2011064087,6,67,67301,2011,5,7,2335,23,2,1,0,1,2, , ,N,2,0,0,3,0,2,2,2, , ,40 05:20.457,74 59:47.173,2340, ,2335, ,0, , , ,0, , , , , , , , , ,2,1,0,0,1,0,0,0,0,0,0,2,2,0,0,0,0,0,0,0,0,0,0,0,0,0,0,0,0,0,0,0,0,0,0,4,0,40.089,-74.9964, , 
70372,781926,2011076315,6,67,67301,2011,6,7,1220,12,1,1,0,4,1, , ,N,1,2,0,3,0,0,3,2,N,N,40 01:40.752,75 03:26.701,1224, ,1224, ,0, ,N, ,3, , , , , , , , , ,2,1,0,0,0,0,0,1,0,0,0,0,0,0,0,0,0,0,0,0,1,0,0,0,0,0,0,0,0,0,0,0,0,0,0,0,0,40.028,-75.0574, , 
70373,781940,2011087920,6,67,67301,2011,8,2,1130,11,1,1,1,4,6, , ,N,0,0,7,3,0,1,2,2,N,N,39 57:29.126,75 14:04.615,1145, ,1137, ,0, ,N, ,0, , , , , , , , , ,1,1,0,0,0,0,0,0,1,0,0,1,1,0,1,0,0,0,0,0,0,0,0,1,0,0,0,0,0,0,0,0,0,0,0,4,0,39.9581,-75.2346, , 
70374,781941,2011088027,6,67,67301,2011,8,3,511,5,3,1,0,7,5, , ,N,10,2,0,3,0,0,1,1,N,N,39 57:20.601,75 10:50.529,530, ,511, ,0, ,N, ,3, , , , , , , , , ,1,1,0,0,0,0,0,0,0,0,0,0,0,0,0,0,1,0,0,0,0,0,0,0,0,0,0,0,0,0,0,0,0,0,0,0,0,39.9576,-75.1802, , 
70375,781946,2011093633,6,67,67301,2011,9,5,1650,16,1,1,0,1,1, , ,N,0,0,0,3,0,2,5,4,N,N,40 01:24.425,75 02:00.701,1650, ,1650, ,0, ,N, ,0, , , , , , , , , ,4,2,0,0,0,0,2,0,0,0,0,2,2,0,0,0,0,0,0,0,0,0,0,2,0,0,0,0,0,0,0,0,0,0,0,4,0,40.0234,-75.0337, , 
70376,781948,2011094677,6,67,67301,2011,9,7,1402,14,1,1,0,1,1, , ,N,6,4,2,3,0,2,5,2,N,N,39 56:43.369,75 11:25.410,1427, ,1409,1,1,4,N, ,3,N, , , , , , , , ,2,2,0,0,0,0,0,0,0,0,0,2,2,0,2,0,0,0,0,0,0,0,0,0,0,0,0,0,0,0,0,0,0,0,0,4,0,39.9454,-75.1904, , 
70377,781959,2011005854,6,67,67301,2011,1,2,1349,13,1,1,0,1,1, , ,N,0,0,0,3,0,2,3,2,N,N,39 55:22.092,75 08:51.829,1355, ,1353, ,0, ,N, ,0, , , , , , , , , ,2,0,0,0,2,0,0,0,0,0,0,0,2,2,0,0,0,0,0,0,2,0,0,1,0,0,0,0,0,0,0,0,0,0,0,8,0,39.9229,-75.1477, , 
70378,781962,2011007680,6,67,67301,2011,1,6,1436,14,1,1,0,1,1, , ,N,0,0,0,3,0,1,3,3,N,N,39 58:34.650,75 06:52.240,1439, ,1438,1,2,1,N, ,0,N, , , , , , , , ,3,1,0,0,0,0,1,1,0,0,0,0,1,1,0,0,0,0,0,0,2,0,0,0,0,0,0,0,0,0,0,0,0,0,0,8,0,39.9762,-75.1147, , 
70379,787380,2011033500,6,67,67301,2011,2,6,155,1,3,2,1,7,5, , ,N,0,0,0,3,2,1,3,1, , ,40 07:05.983,75 00:24.734,159, ,159,5,2,6, ,0,0,Y, , , , , , , , ,1,0,0,0,0,0,1,0,0,0,0,1,1,0,0,0,0,0,0,1,0,0,0,2,2,0,0,0,0,0,0,0,0,0,0,1,0,40.1183,-75.0069,2, 
70380,787383,2011038418,6,67,67301,2011,3,6,5,0,3,2,1,7,1, , ,N,0,0,0,3,0,0,1,1,N,N,39 58:54.161,75 15:56.532,30, ,21,3,2,1,N, ,0,Y, , , , , , , , ,1,1,0,0,0,0,0,0,0,0,0,0,0,0,0,0,0,0,0,0,0,0,0,0,0,0,0,0,0,0,0,0,0,0,0,0,0,39.9817,-75.2657, , 
70381,787389,2011046964,6,67,67301,2011,4,1,1530,15,1,1,0,4,1, , ,N,0,0,0,3,0,1,6,2,N,N,39 57:35.524,75 12:49.357,1625, ,1619,3,1,1,N, ,0,N, , , , , , , , ,2,1,0,0,1,0,0,0,0,0,0,1,1,0,0,0,0,0,0,0,1,0,0,0,0,0,0,0,0,0,0,0,0,0,0,4,0,39.9599,-75.2137, , 
70382,787399,2011068360,6,67,67301,2011,6,2,2305,23,3,1,0,1,1, , ,N,0,0,0,3,0,0,1,3,N,N,40 03:56.804,75 09:20.484,2340, ,2330, ,0, ,N, ,0, , , , , , , , , ,3,0,0,0,1,0,2,0,0,0,0,0,0,0,0,0,0,0,0,0,0,0,0,0,0,0,0,0,0,0,0,0,0,0,0,0,0,40.0658,-75.1557, , 
70383,787446,2011082424,6,67,67301,2011,7,1,2328,23,3,1,0,4,1, , ,N,1,3,0,3,0,5,7,2,N,N,40 03:03.506,75 03:25.800,2339, ,2330,3,1,2,N, ,3,Y, , , , , , , , ,2,1,0,0,0,0,0,1,0,0,1,4,5,0,0,0,0,0,1,0,0,0,0,0,0,0,0,0,0,0,0,0,0,0,0,3,0,40.051,-75.0572, , 
70384,787467,2011022209,6,67,67301,2011,2,3,24,0,3,4,3,7,3, , ,N,0,0,0,3,0,0,1,1,N,N,39 56:22.894,75 08:37.374,32, ,32, ,0, ,N, ,0, , , , , , , , , ,1,1,0,0,0,0,0,0,0,0,0,0,0,0,0,0,0,0,0,0,1,0,0,0,0,0,0,0,0,0,0,0,0,0,0,0,0,39.9397,-75.1437, , 
70385,787488,2011057278,6,67,67301,2011,4,6,2330,23,3,1,0,5,1, , ,N,0,0,0,3,0,1,2,3,N,N,39 59:55.949,75 07:45.228,45, ,40, ,0, ,N, ,0, , , , , , , , , ,2,1,0,0,0,0,1,0,0,0,1,0,1,0,0,0,0,0,0,0,0,0,0,1,0,0,0,0,0,0,0,0,1,0,0,3,0,39.9989,-75.1292, , 