objectid_1,objectid,crn,district,county,municipality,crash_year,crash_month,day_of_week,time_of_day,hour_of_day,illumination,weather,road_condition,collision_type,relation_to_road,work_zone_type,work_zone_loc,work_zone_ind,intersect_type,tcd_type,location_type,urban_rural,fatal_count,injury_count,person_count,total_units,sch_bus_ind,sch_zone_ind,latitude,longitude,arrival_tm,cons_zone_spd_lim,dispatch_tm,est_hrs_closed,lane_closed,ln_close_dir,ntfy_hiwy_maint,spec_juris_cd,tcd_func_cd,tfc_detour_ind,workers_pres,wz_close_detour,wz_flagger,wz_law_offcr_ind,wz_ln_closure,wz_moving,wz_other,wz_shlder_mdn,vehicle_count,automobile_count,motorcycle_count,bus_count,small_truck_count,heavy_truck_count,suv_count,van_count,bicycle_count,maj_inj_count,mod_inj_count,min_inj_count,tot_inj_count,unk_inj_deg_count,unk_inj_per_count,driver_count_16yr,driver_count_17yr,driver_count_18yr,driver_count_19yr,driver_count_20yr,driver_count_50_64yr,driver_count_65_74yr,driver_count_75plus,unbelted_occ_count,unb_death_count,unb_maj_inj_count,belted_death_count,belted_maj_inj_count,mcycle_death_count,mcycle_maj_inj_count,bicycle_death_count,bicycle_maj_inj_count,ped_count,ped_death_count,ped_maj_inj_count,max_severity_level,comm_veh_count,dec_lat,dec_long,rdwy_surf_type_cd,county_name
70386,787505,2011013593,6,67,67301,2011,1,2,847,8,1,1,0,1,1, , ,N,0,0,0,3,0,0,3,3,N,N,39 58:43.971,75 06:35.488,905, ,853,1,1,2,N, ,0,N, , , , , , , , ,3,1,0,0,0,0,1,1,0,0,0,0,0,0,0,0,0,0,0,0,1,0,0,0,0,0,0,0,0,0,0,0,0,0,0,0,0,39.9789,-75.1098, , 
70387,787552,2011011025,6,67,67301,2011,1,4,1008,10,1,1,0,5,1, , ,N,0,0,0,3,0,1,1,2,N,N,39 56:39.478,75 08:34.320,1022, ,1022, ,0, ,N, ,0, , , , , , , , , ,2,1,0,0,0,0,0,0,0,0,0,1,1,0,0,0,0,0,0,0,0,0,0,0,0,0,0,0,0,0,0,0,0,0,0,4,0,39.9443,-75.1429, , 
70388,787560,2011028358,6,67,67301,2011,3,2,658,6,1,1,0,1,1, , ,N,0,0,0,3,0,0,2,2,N,N,40 02:30.745,75 00:15.182,723, ,702, ,0, ,N, ,0, , , , , , , , , ,2,0,0,0,0,0,2,0,0,0,0,0,0,0,0,0,0,0,0,0,1,0,0,0,0,0,0,0,0,0,0,0,0,0,0,0,0,40.0419,-75.0042, , 
70389,787587,2011054220,6,67,67301,2011,4,1,1558,15,1,1,0,2,1, , ,N,5,2,0,3,0,1,2,2,N,N,40 04:07.262,75 09:24.365,1615, ,1613, ,0, ,N, ,3, , , , , , , , , ,2,1,0,0,1,0,0,0,0,0,0,1,1,0,0,0,0,0,0,0,0,1,0,0,0,0,0,0,0,0,0,0,0,0,0,4,0,40.0687,-75.1568, , 
70390,787618,2011031395,6,67,67301,2011,2,5,10,0,3,1,0,2,3, , ,N,0,0,0,3,0,0,2,2,N,N,40 02:43.637,75 13:56.083,20, ,17, ,0, ,N, ,0, , , , , , , , , ,2,1,0,0,0,0,1,0,0,0,0,0,0,0,0,0,0,0,0,0,0,0,0,0,0,0,0,0,0,0,0,0,0,0,0,0,0,40.0455,-75.2322, , 
70391,787640,2011053545,6,67,67301,2011,4,3,1855,18,4,8,1,5,1, , ,N,0,0,0,3,0,2,3,2,N,N,40 00:48.748,75 10:09.794,1855, ,1906,2,1,2,N, ,0,Y, , , , , , , , ,2,2,0,0,0,0,0,0,0,0,0,2,2,0,0,0,0,0,0,0,1,0,0,2,0,0,0,0,0,0,0,0,0,0,0,4,0,40.0135,-75.1694, , 
70392,787661,2011028908,6,67,67301,2011,2,2,1312,13,1,8,1,4,1, , ,N,1,2,0,3,0,0,2,2,N,N,40 03:50.625,75 14:22.285,1319, ,1314, ,0, ,N, ,3, , , , , , , , , ,2,0,0,0,2,0,0,0,0,0,0,0,0,0,0,0,0,0,0,0,0,0,0,0,0,0,0,0,0,0,0,0,0,0,0,0,0,40.0645,-75.2397, , 
70393,787662,2011029080,6,67,67301,2011,2,1,1841,18,1,1,0,1,1, , ,N,0,0,7,3,0,2,4,2,N,N,40 01:47.656,75 06:16.777,1850, ,1845,1,1,2,N, ,0,N, , , , , , , , ,2,2,0,0,0,0,0,0,0,0,0,0,2,2,0,0,0,0,0,0,0,0,0,0,0,0,0,0,0,0,0,0,0,0,0,8,0,40.0299,-75.1047, , 
70394,787670,2011040380,6,67,67301,2011,3,5,21,0,3,1,0,2,1, , ,N,0,2,0,3,0,2,2,2,N,N,39 54:27.689,75 14:28.629,25, ,25,3,2,1,N, ,3,Y, , , , , , , , ,2,1,0,0,0,0,0,0,0,0,2,0,2,0,0,0,0,0,0,0,0,0,0,1,0,0,0,0,0,0,0,0,0,0,0,3,0,39.9077,-75.2413, , 
70395,787672,2011042458,6,67,67301,2011,4,4,1300,13,1,1,1,5,1, , ,N,6,0,0,3,0,4,5,3,N,N,40 00:49.241,75 10:46.383,1315, ,1305,3,1,2,Y, ,0,N, , , , , , , , ,3,1,0,0,0,0,1,1,0,0,2,2,4,0,0,0,0,0,0,0,0,0,0,0,0,0,0,0,0,0,0,0,0,0,0,3,0,40.0137,-75.1796, , 
70396,787679,2011052996,6,67,67301,2011,5,7,1545,15,1,1,0,1,1, , ,N,0,0,0,3,0,0,3,3,N,N,39 59:42.761,75 11:51.856,1557, ,1548,1,1,4,N, ,0,N, , , , , , , , ,3,2,0,0,1,0,0,0,0,0,0,0,0,0,0,0,0,0,0,0,1,0,0,0,0,0,0,0,0,0,0,0,0,0,0,0,0,39.9952,-75.1977, , 
70397,787681,2011054273,6,67,67301,2011,4,1,2116,21,3,1,0,1,1, , ,N,1,2,0,3,0,2,3,2,N,N,39 55:06.715,75 13:33.263,2207, ,2207, ,0, ,N, ,3, , , , , , , , , ,2,1,0,0,0,0,1,0,0,0,0,0,2,2,0,0,0,0,0,0,1,0,0,0,0,0,0,0,0,0,0,0,0,0,0,8,0,39.9185,-75.2259, , 
70398,773503,2011037973,6,67,67301,2011,3,5,1426,14,1,2,1,4,1, , ,N,1,2,0,3,0,1,5,2,N,N,40 00:00.687,75 09:59.702,1431, ,1430, ,0, ,N, ,3, , , , , , , , , ,2,2,0,0,0,0,0,0,0,0,0,1,1,0,0,0,0,0,0,0,0,0,0,0,0,0,0,0,0,0,0,0,0,0,0,4,0,40.0002,-75.1666, , 
70399,773510,2011044524,6,67,67301,2011,3,6,1545,15,1,1,0,8,1, , ,N,1,0,0,3,0,1,2,2,N,N,39 56:59.431,75 10:39.226,1915, ,1910, ,0, , , ,0, , , , , , , , , ,1,1,0,0,0,0,0,0,0,0,0,0,1,1,1,0,0,0,0,0,0,0,0,0,0,0,0,0,0,0,0,0,1,0,0,8,0,39.9498,-75.1776, , 
70400,773529,2011015929,6,67,67301,2011,1,1,1638,16,4,1,0,4,1, , ,N,0,0,7,3,0,2,3,2,N,N,40 00:52.749,75 09:24.061,1654, ,1653,1,1,2,N, ,0,N, , , , , , , , ,2,2,0,0,0,0,0,0,0,0,0,2,2,0,0,0,0,0,0,0,1,0,0,2,0,0,0,0,0,0,0,0,0,0,0,4,0,40.0147,-75.1567, , 
70401,773534,2011028892,6,67,67301,2011,2,4,2230,22,3,1,6,8,1, , ,N,0,0,0,3,0,1,2,2,N,N,39 59:34.709,75 09:17.279,2334, ,2333, ,0, ,N, ,0, , , , , , , , , ,1,1,0,0,0,0,0,0,0,0,0,1,1,0,0,0,0,0,0,0,0,0,0,0,0,0,0,0,0,0,0,0,1,0,0,4,0,39.993,-75.1548, , 
70402,773540,2011031211,6,67,67301,2011,2,5,1236,12,1,1,0,4,1, , ,N,1,2,0,3,0,2,4,2,N,N,39 59:46.647,75 11:07.346,1244, ,1239,1,1,2,N, ,3,Y, , , , , , , , ,2,2,0,0,0,0,0,0,0,0,0,2,2,0,0,0,0,0,0,0,0,0,0,0,0,0,0,0,0,0,0,0,0,0,0,4,0,39.9963,-75.1854, , 
70403,773543,2011031708,6,67,67301,2011,3,7,1045,10,1,1,0,7,2, , ,N,0,0,0,3,0,1,1,1,N,N,39 55:34.195,75 11:39.847,1051, ,1047,1,2,3,N, ,0,Y, , , , , , , , ,1,1,0,0,0,0,0,0,0,0,0,1,1,0,0,0,0,0,0,0,0,0,0,0,0,0,0,0,0,0,0,0,0,0,0,4,0,39.9262,-75.1944, , 
70404,773557,2011049587,6,67,67301,2011,4,4,1649,16,1,1,0,1,1, , ,N,0,0,2,3,0,1,3,2,N,N,39 53:30.731,75 13:51.655,1700, ,1651, ,0, ,N, ,0, , , , , , , , , ,2,1,0,0,0,0,1,0,0,0,0,1,1,0,0,0,0,0,0,0,0,1,0,0,0,0,0,0,0,0,0,0,0,0,0,4,0,39.8919,-75.231, , 
70405,773588,2011031406,6,67,67301,2011,2,2,9999,99,1,1,0,8,4, , ,N,0,0,0,3,0,1,2,2, , ,39 56:03.195,75 09:49.517,656, ,653, ,0, , , ,0, , , , , , , , , ,1,0,0,1,0,0,0,0,0,1,0,0,1,0,0,0,0,0,0,0,0,0,0,0,0,0,0,0,0,0,0,0,1,0,1,2,1,39.9342,-75.1638, , 
70406,773591,2011033552,6,67,67301,2011,3,5,2225,22,3,1,0,4,1, , ,N,1,2,0,3,0,1,2,2, , ,40 00:17.776,75 10:43.375,2227, ,2225,2,1,3, , ,3,Y, , , , , , , , ,2,2,0,0,0,0,0,0,0,0,1,0,1,0,0,0,0,0,0,0,2,0,0,0,0,0,0,0,0,0,0,0,0,0,0,3,0,40.005,-75.1786, , 
70407,773612,2011059619,6,67,67301,2011,3,1,125,1,3,1,0,7,2, , ,N,0,0,2,3,0,1,1,1,N,N,39 56:34.192,75 08:34.630,130, ,128, ,0, ,N, ,0, , , , , , , , , ,1,1,0,0,0,0,0,0,0,0,0,1,1,0,0,0,0,0,0,0,0,0,0,1,0,0,0,0,0,0,0,0,0,0,0,4,0,39.9428,-75.143, , 
70408,773630,2011023197,6,67,67301,2011,1,2,906,9,1,1,0,4,1, , ,N,0,0,7,3,0,1,3,2,N,N,40 06:03.409,74 59:01.262,925, ,920, ,0, ,N, ,0, , , , , , , , , ,2,2,0,0,0,0,0,0,0,0,0,0,1,1,0,0,0,0,0,0,0,0,0,0,0,0,0,0,0,0,0,0,0,0,0,8,0,40.1009,-74.9837, , 
70409,773653,2011043933,6,67,67301,2011,4,4,1734,17,1,1,0,1,1, , ,N,0,0,0,3,0,1,7,4,N,N,39 52:42.731,75 15:01.648,1741, ,1739,1,1,2,N, ,0,Y, , , , , , , , ,4,1,0,0,0,1,1,1,0,0,0,0,1,1,0,0,0,0,0,0,1,1,0,0,0,0,0,0,0,0,0,0,0,0,0,8,1,39.8785,-75.2505, , 
70410,773673,2011016026,6,67,67301,2011,1,7,215,2,3,1,0,5,6, , ,N,0,0,0,3,0,0,0,2,N,N,39 56:57.500,75 10:03.560,310, ,237, ,0, ,N, ,0, , , , , , , , , ,2,1,0,0,0,0,1,0,0,0,0,0,0,0,0,0,0,0,0,0,0,0,0,0,0,0,0,0,0,0,0,0,0,0,0,9,0,39.9493,-75.1677, , 
70411,773684,2011028497,6,67,67301,2011,3,6,1845,18,3,1,0,1,1, , ,N,0,0,0,3,0,0,3,2,N,N,40 00:26.904,75 12:03.637,1847, ,1847, ,0, ,N, ,0, , , , , , , , , ,2,1,0,0,0,0,1,0,0,0,0,0,0,0,0,0,0,0,0,0,0,0,0,0,0,0,0,0,0,0,0,0,0,0,0,0,0,40.0075,-75.201, , 
70412,773703,2011044533,6,67,67301,2011,3,5,1808,18,1,2,1,1,6, , ,N,0,0,0,3,0,1,2,2, , ,39 56:26.649,75 12:53.226,1835, ,1830, ,0, , , ,0, , , , , , , , , ,2,2,0,0,0,0,0,0,0,0,0,0,1,1,1,0,0,0,0,0,0,0,0,0,0,0,0,0,0,0,0,0,0,0,0,8,0,39.9407,-75.2148, , 
70413,773707,2011046986,6,67,67301,2011,4,7,1330,13,1,1,0,7,2, , ,N,1,2,0,3,0,1,1,1,N,N,40 03:10.073,75 13:39.209,1340, ,1337,1,1,1, , ,3,N, , , , , , , , ,1,1,0,0,0,0,0,0,0,0,0,0,1,1,0,0,0,0,0,0,0,0,0,0,0,0,0,0,0,0,0,0,0,0,0,8,0,40.0528,-75.2276, , 
70414,773708,2011047040,6,67,67301,2011,3,3,9999,99,3,1,0,4,1, , ,N,0,0,0,3,0,1,2,2, , ,39 58:20.109,75 14:41.998,2241, ,2240, ,0, , , ,0, , , , , , , , , ,2,2,0,0,0,0,0,0,0,0,0,0,1,1,0,0,0,0,0,0,1,0,0,0,0,0,0,0,0,0,0,0,0,0,0,8,0,39.9723,-75.245, , 
70415,773741,2011033778,6,67,67301,2011,3,3,1754,17,1,1,0,1,1, , ,N,2,3,0,3,0,1,2,2, , ,40 06:20.757,75 02:01.553,1759, ,1754, ,0, , , ,3, , , , , , , , , ,2,0,0,0,0,0,1,1,0,0,0,1,1,0,0,0,0,0,0,0,1,0,0,0,0,0,0,0,0,0,0,0,0,0,0,4,0,40.1058,-75.0338, , 
70416,777754,2011108939,6,67,67301,2011,10,1,1910,19,3,1,0,8,1, , ,N,1,0,0,3,0,1,2,2,N,N,39 57:04.187,75 09:12.892,1912, ,1912,2,2,2,N, ,0,N, , , , , , , , ,1,0,0,1,0,0,0,0,0,0,0,1,1,0,0,0,0,0,0,0,0,0,0,0,0,0,0,0,0,0,0,0,1,0,0,4,1,39.9511,-75.1536, , 
70417,777793,2011044465,6,67,67301,2011,4,1,251,2,3,1,0,4,1, , ,N,0,0,0,3,0,0,2,2,N,N,40 03:21.080,75 03:32.700,254, ,9999,1,1,6,N, ,0,N, , , , , , , , ,2,1,0,0,0,0,1,0,0,0,0,0,0,0,0,0,0,0,0,0,0,0,0,0,0,0,0,0,0,0,0,0,0,0,0,0,0,40.0559,-75.0591, , 
70418,777800,2011057279,6,67,67301,2011,5,4,1350,13,1,2,1,5,1, , ,N,2,0,0,3,0,1,1,4,N,N,40 01:02.895,75 09:04.067,1350, ,1350, ,0, ,N, ,0, , , , , , , , , ,4,1,0,0,0,0,3,0,0,0,0,0,1,1,0,0,0,0,0,0,0,0,0,1,0,0,0,0,0,0,0,0,0,0,0,8,0,40.0175,-75.1511, , 
70419,777801,2011057326,6,67,67301,2011,4,3,2200,22,3,1,0,7,1, , ,N,1,0,0,3,0,1,2,1,N,N,39 57:13.395,75 10:40.508,9999, ,2200, ,0, ,N, ,0, , , , , , , , , ,1,1,0,0,0,0,0,0,0,0,0,1,1,0,0,0,0,0,1,0,0,0,0,1,0,0,0,0,0,0,0,0,0,0,0,4,0,39.9537,-75.1779, , 
70420,777826,2011020992,6,67,67301,2011,2,6,2053,20,3,1,0,4,1, , ,N,1,2,0,3,0,0,2,2,N,N,40 00:14.091,75 13:14.544,2053, ,2054, ,0, ,N, ,3, , , , , , , , , ,2,0,0,0,0,0,2,0,0,0,0,0,0,0,0,0,0,0,0,0,1,0,0,0,0,0,0,0,0,0,0,0,0,0,0,0,0,40.0039,-75.2207, , 
70421,777829,2011023021,6,67,67301,2011,1,2,430,4,3,8,5,7,4, , ,N,3,0,0,3,0,0,1,1, , ,40 03:16.516,75 10:32.635,435, ,431, ,0, , , ,0, , , , , , , , , ,1,1,0,0,0,0,0,0,0,0,0,0,0,0,0,0,0,0,0,0,0,0,0,0,0,0,0,0,0,0,0,0,0,0,0,0,0,40.0546,-75.1757, , 
70422,777867,2011010051,6,67,67301,2011,1,4,1628,16,3,1,0,1,1, , ,N,0,0,0,3,0,0,5,3,N, ,40 02:24.252,75 11:17.354,1736, ,1735, ,0, , , ,0, , , , , , , , , ,3,2,0,0,1,0,0,0,0,0,0,0,0,0,0,0,0,0,0,0,0,0,0,0,0,0,0,0,0,0,0,0,0,0,0,0,0,40.0401,-75.1882, , 
70423,777900,2011043500,6,67,67301,2011,4,4,604,6,1,1,0,7,2, , ,N,0,0,0,3,0,3,3,2,N,N,39 55:14.581,75 08:53.416,607, ,607,2,2,2,N, ,0,N, , , , , , , , ,2,1,0,0,0,0,1,0,0,0,2,1,3,0,0,0,0,0,0,0,1,0,0,0,0,0,0,0,0,0,0,0,0,0,0,3,0,39.9211,-75.1481, , 
70424,777901,2011044478,6,67,67301,2011,3,5,454,4,3,2,1,5,1, , ,N,0,0,0,3,0,0,1,2,N,N,39 59:16.544,75 07:33.870,456, ,454,2,2,1,N, ,0,Y, , , , , , , , ,2,2,0,0,0,0,0,0,0,0,0,0,0,0,1,0,0,0,0,0,0,0,0,0,0,0,0,0,0,0,0,0,0,0,0,9,0,39.9879,-75.1261, , 
70425,777902,2011044853,6,67,67301,2011,3,1,2005,20,3,1,0,4,1, , ,N,1,3,0,3,0,1,4,2,N,N,39 56:40.833,75 14:11.968,2045, ,2043, ,0, ,N, ,3, , , , , , , , , ,2,2,0,0,0,0,0,0,0,0,0,1,1,0,0,0,0,0,0,0,1,0,0,1,0,0,0,0,0,0,0,0,0,0,0,4,0,39.9447,-75.2367, , 
70426,777927,2011031197,6,67,67301,2011,2,1,520,5,3,1,0,7,5, , ,N,0,0,0,3,0,0,1,1,N,N,39 59:58.021,75 11:25.842,635, ,625,1,1,2,N, ,0,N, , , , , , , , ,1,1,0,0,0,0,0,0,0,0,0,0,0,0,1,0,0,0,0,0,0,0,0,0,0,0,0,0,0,0,0,0,0,0,0,9,0,39.9994,-75.1905, , 
70427,777931,2011040432,6,67,67301,2011,3,6,2050,20,3,1,0,2,1, , ,N,0,0,0,3,0,2,5,2,N,N,40 02:04.833,75 06:29.038,2052, ,2051,2,1,6,N, ,0,N, , , , , , , , ,2,2,0,0,0,0,0,0,0,0,0,0,2,2,0,0,0,0,0,0,2,0,0,0,0,0,0,0,0,0,0,0,0,0,0,8,0,40.0347,-75.1081, , 
70428,777936,2011053616,6,67,67301,2011,4,3,128,1,3,1,0,4,6, , ,N,0,0,0,3,0,0,2,2,N, ,39 56:29.900,75 09:02.836,133, ,128, ,0, ,N, ,0, , , , , , , , , ,2,1,0,0,0,0,1,0,0,0,0,0,0,0,0,0,0,0,0,0,0,0,0,0,0,0,0,0,0,0,0,0,0,0,0,0,0,39.9416,-75.1508, , 
70429,777942,2011061889,6,67,67301,2011,5,3,2137,21,3,2,1,4,1, , ,N,1,3,0,3,0,1,2,2,N,N,40 03:05.580,75 05:46.381,2151, ,2147,3,2,5, , ,3,Y, , , , , , , , ,2,0,0,0,0,0,2,0,0,0,1,0,1,0,0,0,0,0,0,0,0,0,0,0,0,0,0,0,0,0,0,0,0,0,0,3,0,40.0516,-75.0962, , 
70430,777975,2011029077,6,67,67301,2011,2,5,2225,22,3,1,0,7,1, , ,N,0,0,0,3,0,1,1,1,N,N,40 01:13.842,75 09:15.951,2235, ,2228,2,2,2,N, ,0,Y, , , , , , , , ,1,0,0,0,0,0,1,0,0,0,1,0,1,0,0,0,0,0,0,0,0,0,0,0,0,0,0,0,0,0,0,0,0,0,0,3,0,40.0205,-75.1544, , 
70431,778014,2011015861,6,67,67301,2011,1,6,915,9,1,4,1,1,1, , ,N,0,0,0,3,0,1,2,2,N,N,39 59:24.240,75 13:14.862,926, ,923, ,0, ,N, ,0, , , , , , , , , ,2,2,0,0,0,0,0,0,0,0,0,0,1,1,0,0,0,0,0,0,1,0,0,0,0,0,0,0,0,0,0,0,0,0,0,8,0,39.9901,-75.2208, , 
70432,778015,2011015971,6,67,67301,2011,1,7,948,9,1,4,3,7,5, , ,N,2,0,0,3,0,0,3,1, , ,40 01:08.034,75 04:21.383,952, ,950,9,1,4, , ,0,N, , , , , , , , ,1,1,0,0,0,0,0,0,0,0,0,0,0,0,0,0,0,1,0,0,0,0,0,0,0,0,0,0,0,0,0,0,0,0,0,0,0,40.0189,-75.0726, , 
70433,778021,2011029429,6,67,67301,2011,2,7,335,3,3,1,0,4,1, , ,N,1,2,0,3,0,1,2,2,N,N,40 01:21.651,75 08:53.543,410, ,408, ,0, ,N, ,3, , , , , , , , , ,2,1,0,0,0,0,1,0,0,0,0,1,1,0,0,0,0,0,0,0,0,0,0,0,0,0,0,0,0,0,0,0,0,0,0,4,0,40.0227,-75.1482, , 
70434,778030,2011040238,6,67,67301,2011,3,7,1735,17,1,1,0,1,1, , ,N,1,2,0,3,0,3,5,2, , ,40 00:45.131,75 04:23.853,1742, ,1740, ,0, , , ,3, , , , , , , , , ,2,2,0,0,0,0,0,0,0,0,0,0,3,3,0,0,0,0,0,1,0,0,0,0,0,0,0,0,0,0,0,0,0,0,0,8,0,40.0125,-75.0733, , 
70435,781993,2011040414,6,67,67301,2011,3,6,1011,10,1,1,0,1,1, , ,N,0,0,0,3,0,0,3,2,N,N,39 56:09.442,75 13:10.828,1020, ,1013, ,0, ,N, ,0, , , , , , , , , ,2,0,0,0,0,0,2,0,0,0,0,0,0,0,0,0,0,0,0,0,0,0,0,0,0,0,0,0,0,0,0,0,0,0,0,0,0,39.936,-75.2197, , 
70436,781997,2011044433,6,67,67301,2011,4,1,9999,99,3,1,0,2,2, , ,N,0,0,0,3,0,0,0,5, , ,39 55:43.600,75 11:43.600,210, ,119, ,0, , , ,0, , , , , , , , , ,5,4,0,0,0,0,1,0,0,0,0,0,0,0,0,0,0,0,0,0,0,0,0,0,0,0,0,0,0,0,0,0,0,0,0,9,0,39.9288,-75.1954, , 
70437,782000,2011048555,6,67,67301,2011,5,4,736,7,1,2,1,1,1, , ,N,0,0,0,3,0,0,2,2,N,N,39 58:19.120,75 07:21.662,737, ,737,1,2,1,N, ,0,N, , , , , , , , ,2,0,0,0,0,0,2,0,0,0,0,0,0,0,0,0,0,0,0,0,0,0,0,0,0,0,0,0,0,0,0,0,0,0,0,0,0,39.9719,-75.1228, , 
70438,782026,2011038347,6,67,67301,2011,3,6,720,7,1,1,0,4,1, , ,N,1,0,0,3,0,1,2,2,N,N,39 57:00.633,75 14:35.663,725, ,720, ,0, ,N, ,0, , , , , , , , , ,2,2,0,0,0,0,0,0,0,0,0,0,1,1,0,0,0,0,0,0,1,0,0,0,0,0,0,0,0,0,0,0,0,0,0,8,0,39.9502,-75.2432, , 
70439,782048,2011054259,6,67,67301,2011,4,4,1750,17,1,2,1,4,1, , ,N,1,2,0,3,0,0,2,2,N,N,39 54:53.676,75 14:04.783,1930, ,1930, ,0, ,N, ,3, , , , , , , , , ,2,2,0,0,0,0,0,0,0,0,0,0,0,0,0,0,0,0,0,0,0,0,0,0,0,0,0,0,0,0,0,0,0,0,0,0,0,39.9149,-75.2347, , 
70440,782056,2011015958,6,67,67301,2011,1,2,1835,18,3,1,0,1,1, , ,N,1,2,0,3,0,1,2,2, , ,39 58:01.869,75 10:01.127,1839, ,1835, ,0, , , ,3, , , , , , , , , ,2,2,0,0,0,0,0,0,0,0,0,1,1,0,0,0,0,0,0,0,0,0,0,0,0,0,0,0,0,0,0,0,0,0,0,4,0,39.9672,-75.167, , 
70441,782066,2011023256,6,67,67301,2011,1,6,1840,18,3,1,0,4,1, , ,N,1,2,0,3,0,2,2,2,N,N,40 03:17.072,75 00:17.300,1848, ,1848,2,2,4,N, ,3,Y, , , , , , , , ,2,1,0,0,0,0,1,0,0,0,1,1,2,0,0,0,0,0,0,0,0,0,0,1,0,0,0,0,0,0,0,0,0,0,0,3,0,40.0547,-75.0048, , 
70442,782069,2011029052,6,67,67301,2011,1,4,1940,19,3,4,5,8,1, , ,N,2,2,0,3,0,1,2,2,N,N,40 00:14.371,75 12:51.803,2000, ,2000, ,0, ,N, ,3, , , , , , , , , ,1,1,0,0,0,0,0,0,0,0,0,1,1,0,0,0,0,0,0,0,0,0,0,0,0,0,0,0,0,0,0,0,1,0,0,4,0,40.004,-75.2144, , 
70443,782115,2011029182,6,67,67301,2011,1,7,230,2,3,1,5,7,5, , ,N,0,0,0,3,0,1,1,1,N,N,40 02:13.842,75 07:49.184,325, ,313, ,0, ,N, ,0, , , , , , , , , ,1,1,0,0,0,0,0,0,0,0,1,0,1,0,0,0,0,0,0,0,0,0,0,0,0,0,0,0,0,0,0,0,0,0,0,3,0,40.0372,-75.1303, , 
70444,782140,2011061816,6,67,67301,2011,5,2,9999,99,1,1,0,8,1, , ,N,1,2,0,3,0,1,2,2, , ,40 01:23.848,75 02:54.126,1100, ,1126, ,0, , , ,3, , , , , , , , , ,1,1,0,0,0,0,0,0,0,0,0,1,1,0,1,0,0,0,0,0,0,0,0,0,0,0,0,0,0,0,0,0,1,0,0,4,0,40.0233,-75.0484, , 
70445,782144,2011064121,6,67,67301,2011,5,3,1147,11,1,1,0,7,5, , ,N,0,0,0,3,0,1,1,1,N,N,40 01:05.946,75 11:22.855,1155, ,1154, ,0, , , ,0, , , , , , , , , ,1,1,0,0,0,0,0,0,0,0,0,1,1,0,0,0,0,0,0,0,0,1,0,0,0,0,0,0,0,0,0,0,0,0,0,4,0,40.0183,-75.1897, , 
70446,782166,2011023175,6,67,67301,2011,1,6,1404,14,1,1,6,1,1, , ,N,0,0,0,3,0,0,3,4, , ,40 02:01.565,75 06:02.694,1410, ,1405,2,1,1, , ,0,N, , , , , , , , ,4,2,0,0,1,0,1,0,0,0,0,0,0,0,0,0,0,0,0,0,0,0,0,0,0,0,0,0,0,0,0,0,0,0,0,0,0,40.0338,-75.1007, , 
70447,782170,2011024662,6,67,67301,2011,1,5,715,7,1,4,3,1,1, , ,N,5,2,0,3,0,1,2,2,N,N,40 05:40.718,75 00:54.707,716, ,715,1,1,1,N, ,3,N, , , , , , , , ,2,1,0,0,0,0,1,0,0,0,0,0,1,1,0,0,0,0,0,0,1,0,0,0,0,0,0,0,0,0,0,0,0,0,0,8,0,40.0946,-75.0152, , 
70448,782240,2011053475,6,67,67301,2011,4,7,130,1,3,2,1,1,1, , ,N,1,2,0,3,0,1,2,2,N,N,40 01:30.637,75 07:31.531,248, ,147, ,0, ,N, ,3, , , , , , , , , ,2,1,0,0,0,0,0,0,0,0,0,1,1,0,1,0,0,0,0,0,0,0,0,1,0,0,0,0,0,0,0,0,0,0,0,4,0,40.0252,-75.1254, , 
70449,782244,2011055705,6,67,67301,2011,5,1,158,1,3,2,1,7,3, , ,N,0,0,0,3,0,0,1,1,N,N,39 58:18.866,75 07:22.063,203, ,202,1,1,1,N, ,0,N, , , , , , , , ,1,0,0,0,0,0,1,0,0,0,0,0,0,0,0,0,0,0,0,0,0,0,0,0,0,0,0,0,0,0,0,0,0,0,0,0,0,39.9718,-75.1229, , 
70450,782265,2011023127,6,67,67301,2011,1,6,1857,18,3,1,0,4,1, , ,N,5,2,0,3,0,1,8,3,N,N,39 55:06.715,75 13:33.263,1906, ,1901,2,2,4,N, ,3,Y, , , , , , , , ,3,3,0,0,0,0,0,0,0,0,0,1,1,0,0,0,0,0,1,0,0,0,0,0,0,0,0,0,0,0,0,0,0,0,0,4,0,39.9185,-75.2259, , 
70451,782269,2011029011,6,67,67301,2011,2,1,1840,18,3,1,0,8,1, , ,N,0,0,0,3,0,1,2,2,N,N,40 00:10.490,75 09:09.488,1849, ,1840,1,2,2,N, ,0,Y, , , , , , , , ,1,0,0,0,0,0,0,1,0,0,0,1,1,0,0,0,0,0,0,0,0,0,0,0,0,0,0,0,0,0,0,0,1,0,0,4,0,40.0029,-75.1526, , 
70452,782319,2011033758,6,67,67301,2011,3,5,1430,14,1,2,1,4,1, , ,N,1,3,0,3,0,1,3,5,N,N,40 02:05.053,75 01:55.768,1853, ,1843, ,0, ,N, ,3, , , , , , , , , ,5,5,0,0,0,0,0,0,0,0,0,1,1,0,1,0,0,0,0,0,0,0,0,0,0,0,0,0,0,0,0,0,0,0,0,4,0,40.0347,-75.0322, , 