objectid_1,objectid,crn,district,county,municipality,crash_year,crash_month,day_of_week,time_of_day,hour_of_day,illumination,weather,road_condition,collision_type,relation_to_road,work_zone_type,work_zone_loc,work_zone_ind,intersect_type,tcd_type,location_type,urban_rural,fatal_count,injury_count,person_count,total_units,sch_bus_ind,sch_zone_ind,latitude,longitude,arrival_tm,cons_zone_spd_lim,dispatch_tm,est_hrs_closed,lane_closed,ln_close_dir,ntfy_hiwy_maint,spec_juris_cd,tcd_func_cd,tfc_detour_ind,workers_pres,wz_close_detour,wz_flagger,wz_law_offcr_ind,wz_ln_closure,wz_moving,wz_other,wz_shlder_mdn,vehicle_count,automobile_count,motorcycle_count,bus_count,small_truck_count,heavy_truck_count,suv_count,van_count,bicycle_count,maj_inj_count,mod_inj_count,min_inj_count,tot_inj_count,unk_inj_deg_count,unk_inj_per_count,driver_count_16yr,driver_count_17yr,driver_count_18yr,driver_count_19yr,driver_count_20yr,driver_count_50_64yr,driver_count_65_74yr,driver_count_75plus,unbelted_occ_count,unb_death_count,unb_maj_inj_count,belted_death_count,belted_maj_inj_count,mcycle_death_count,mcycle_maj_inj_count,bicycle_death_count,bicycle_maj_inj_count,ped_count,ped_death_count,ped_maj_inj_count,max_severity_level,comm_veh_count,dec_lat,dec_long,rdwy_surf_type_cd,county_name
70453,785022,2011082721,6,67,67301,2011,7,6,1805,18,4,2,1,8,1, , ,N,0,0,7,3,0,1,2,2,N,N,40 01:46.274,75 02:10.779,1840, ,1836, ,0, ,N, ,0, , , , , , , , , ,1,1,0,0,0,0,0,0,0,0,0,0,1,1,0,0,0,0,0,0,0,0,0,0,0,0,0,0,0,0,0,0,1,0,0,8,0,40.0292,-75.0344, , 
70454,785029,2011093096,6,67,67301,2011,8,5,1105,11,1,2,1,4,1, , ,N,1,2,0,3,0,1,3,2,N,N,40 02:50.956,75 05:30.725,1120, ,1108, ,0, ,N, ,3, , , , , , , , , ,2,2,0,0,0,0,0,0,0,0,0,1,1,0,0,0,0,0,0,0,0,0,0,0,0,0,0,0,0,0,0,0,0,0,0,4,0,40.0475,-75.0919, , 
70455,785043,2011112165,6,67,67301,2011,10,2,900,9,1,1,0,6,1, , ,N,1,2,0,3,0,1,2,2,N, ,40 01:00.965,75 09:05.545,929, ,919, ,0, , , ,3, , , , , , , , , ,2,1,0,1,0,0,0,0,0,0,0,0,1,1,0,0,0,0,0,0,2,0,0,0,0,0,0,0,0,0,0,0,0,0,0,8,1,40.0169,-75.1515, , 
70456,785058,2011017916,6,67,67301,2011,2,4,617,6,3,2,1,1,1, , ,N,0,0,0,3,0,2,3,3,N,N,39 57:36.683,75 10:49.599,635, ,628,2,1,4,N, ,0,N, , , , , , , , ,3,2,0,0,0,0,1,0,0,0,0,1,2,1,0,0,0,0,0,0,2,0,0,0,0,0,0,0,0,0,0,0,0,0,0,4,0,39.9602,-75.1804, , 
70457,785064,2011023022,6,67,67301,2011,1,4,1703,17,3,1,0,1,1, , ,N,0,0,0,3,0,1,2,2,N,N,40 01:04.614,75 10:15.488,1710, ,1705,1,1,1,N, ,0,N, , , , , , , , ,2,1,0,0,0,0,1,0,0,0,0,1,1,0,0,0,0,0,0,0,1,0,0,0,0,0,0,0,0,0,0,0,0,0,0,4,0,40.0179,-75.171, , 
70458,785067,2011028115,6,67,67301,2011,3,1,811,8,2,2,1,7,3, , ,N,0,0,0,3,0,2,2,1,N,N,39 57:35.566,75 10:51.516,1818, ,1814,1,2,3,N, ,0,N, , , , , , , , ,1,0,0,0,0,0,1,0,0,0,0,0,2,2,0,0,0,0,0,0,0,0,0,0,0,0,0,0,0,0,0,0,0,0,0,8,0,39.9599,-75.181, , 
70459,785078,2011044575,6,67,67301,2011,4,6,1730,17,1,1,1,1,1, , ,N,0,0,0,3,0,1,5,2,N,N,40 00:51.495,75 12:16.486,9999, ,1530, ,0, , , ,0, , , , , , , , , ,2,2,0,0,0,0,0,0,0,0,0,0,1,1,2,0,0,0,0,0,0,0,0,1,0,0,0,0,0,0,0,0,0,0,0,8,0,40.0142,-75.2044, , 
70460,785091,2011066244,6,67,67301,2011,5,3,1300,13,1,1,0,2,1, , ,N,1,2,0,3,0,1,3,2,N,N,40 00:46.878,75 07:09.679,1307, ,1304, ,0, ,N, ,3, , , , , , , , , ,2,2,0,0,0,0,0,0,0,0,0,1,1,0,0,0,0,0,0,0,0,0,0,3,0,0,0,0,0,0,0,0,0,0,0,4,0,40.013,-75.1194, , 
70461,785119,2011037948,6,67,67301,2011,3,6,1523,15,1,1,0,1,1, , ,N,2,2,0,3,0,0,3,3,N,N,40 01:15.937,75 08:23.758,1528, ,1524,1,1,3,N, ,3,N, , , , , , , , ,3,2,0,0,0,0,1,0,0,0,0,0,0,0,0,0,0,0,0,0,1,0,0,0,0,0,0,0,0,0,0,0,0,0,0,0,0,40.0211,-75.1399, , 
70462,785134,2011054518,6,67,67301,2011,5,3,2029,20,3,1,0,7,2, , ,N,0,0,0,3,0,1,1,1,N,N,39 53:55.457,75 10:12.993,2035, ,2030,1,2,1,N, ,0,N, , , , , , , , ,1,1,0,0,0,0,0,0,0,0,0,1,1,0,0,1,0,0,0,0,0,0,0,0,0,0,0,0,0,0,0,0,0,0,0,4,0,39.8987,-75.1703, , 
70463,785139,2011063484,6,67,67301,2011,6,2,910,9,1,1,0,1,1, , ,N,6,0,2,3,0,1,2,2,N,N,40 01:22.658,75 02:09.745,917, ,912,1,1,2,N, ,0,N, , , , , , , , ,2,2,0,0,0,0,0,0,0,0,0,0,1,1,0,0,0,0,0,0,0,1,0,0,0,0,0,0,0,0,0,0,0,0,0,8,0,40.023,-75.0359, , 
70464,785161,2011027438,6,67,67301,2011,3,7,1733,17,1,1,0,1,1, , ,N,0,0,0,3,0,0,3,2,N,N,39 57:25.299,75 09:22.341,1739, ,1735,1,2,3,N, ,0,N, , , , , , , , ,2,1,0,0,0,0,1,0,0,0,0,0,0,0,0,0,0,0,0,0,1,1,0,0,0,0,0,0,0,0,0,0,0,0,0,0,0,39.957,-75.1562, , 
70465,785172,2011038017,6,67,67301,2011,3,2,2120,21,3,1,0,4,1, , ,N,1,0,0,3,0,1,2,2,N,N,40 03:57.202,75 10:35.464,2150, ,2149, ,0, , , ,0, , , , , , , , , ,2,1,0,0,0,0,1,0,0,0,0,1,1,0,0,0,0,0,0,0,1,0,0,0,0,0,0,0,0,0,0,0,0,0,0,4,0,40.0659,-75.1765, , 
70466,785198,2011022202,6,67,67301,2011,2,7,28,0,3,1,0,4,1, , ,N,0,0,0,3,0,2,6,3,N,N,39 58:49.311,75 12:20.280,31, ,31, ,0, ,N, ,0, , , , , , , , , ,3,3,0,0,0,0,0,0,0,0,0,2,2,0,0,0,0,0,0,0,0,0,0,0,0,0,0,0,0,0,0,0,0,0,0,4,0,39.9804,-75.2056, , 
70467,785205,2011028915,6,67,67301,2011,1,7,2205,22,3,4,6,1,1, , ,N,0,0,0,3,0,2,5,2,N,N,39 57:31.378,75 13:37.344,2216, ,2215, ,0, ,N, ,0, , , , , , , , , ,2,2,0,0,0,0,0,0,0,0,2,0,2,0,0,0,0,1,0,0,1,0,0,0,0,0,0,0,0,0,0,0,0,0,0,3,0,39.9587,-75.2271, , 
70468,785206,2011028962,6,67,67301,2011,1,6,2110,21,3,1,0,1,1, , ,N,3,2,0,3,0,1,2,2,N,N,40 06:28.498,75 01:35.131,2120, ,2115, ,0, ,N, ,3, , , , , , , , , ,2,1,0,0,0,0,0,1,0,0,0,0,1,1,0,0,0,0,0,0,1,0,0,0,0,0,0,0,0,0,0,0,0,0,0,8,0,40.1079,-75.0264, , 
70469,785207,2011030400,6,46,46102,2011,3,7,1354,13,1,1,0,1,1, , ,N,0,0,0,3,0,1,2,2,N,N,40 04:17.888,75 09:14.393,1358, ,1356,2,1,4,N, ,0,N, , , , , , , , ,2,1,0,0,0,0,1,0,0,0,0,0,1,1,1,0,0,0,0,0,1,0,0,0,0,0,0,0,0,0,0,0,0,0,0,8,0,40.0716,-75.154, , 
70470,785222,2011044453,6,67,67301,2011,4,1,143,1,3,1,0,4,1, , ,N,0,0,0,3,0,0,1,3, , ,40 02:41.373,75 02:00.222,400, ,356, ,0, , , ,0, , , , , , , , , ,3,2,0,0,1,0,0,0,0,0,0,0,0,0,0,0,0,0,0,0,0,0,0,0,0,0,0,0,0,0,0,0,0,0,0,0,0,40.0448,-75.0334, , 
70471,773743,2011038434,6,67,67301,2011,3,3,1546,15,1,1,0,7,5, , ,N,2,0,0,3,0,0,1,1,N,N,40 01:33.252,75 12:11.489,1547, ,1546, ,0, ,N, ,0, , , , , , , , , ,1,1,0,0,0,0,0,0,0,0,0,0,0,0,0,0,0,1,0,0,0,0,0,0,0,0,0,0,0,0,0,0,0,0,0,0,0,40.0259,-75.2032, , 
70472,773798,2011044638,6,67,67301,2011,3,5,2232,22,3,1,0,1,1, , ,N,1,2,0,3,0,0,2,2,N,N,39 59:07.606,75 05:48.056,2236, ,2234, ,0, ,N, ,3, , , , , , , , , ,2,2,0,0,0,0,0,0,0,0,0,0,0,0,0,0,0,0,0,0,0,0,0,0,0,0,0,0,0,0,0,0,0,0,0,0,0,39.9854,-75.0967, , 
70473,773803,2011047019,6,67,67301,2011,4,4,940,9,1,1,0,4,1, , ,N,1,0,0,3,0,1,3,2,N,N,39 55:15.805,75 13:44.269,1010, ,0,1,2,1,N, ,0,N, , , , , , , , ,2,1,0,0,1,0,0,0,0,0,0,1,1,0,0,0,0,0,0,0,0,1,0,0,0,0,0,0,0,0,0,0,0,0,0,4,0,39.9211,-75.229, , 
70474,773830,2011029048,6,67,67301,2011,2,7,1947,19,3,1,0,4,1, , ,N,2,2,7,3,0,1,6,2,N,N,40 05:53.193,75 01:49.243,1947, ,1947, ,0, , , ,3, , , , , , , , , ,2,2,0,0,0,0,0,0,0,0,0,1,1,0,0,0,0,0,0,0,0,0,0,0,0,0,0,0,0,0,0,0,0,0,0,4,0,40.0981,-75.0303, , 
70475,773842,2011038431,6,67,67301,2011,3,5,1702,17,1,1,0,2,2, , ,N,0,0,0,3,0,1,1,3,N,N,39 59:07.389,75 14:31.272,1702, ,1702,3,2,6,N, ,0,Y, , , , , , , , ,3,3,0,0,0,0,0,0,0,0,0,0,1,1,0,0,0,0,0,0,0,0,0,0,0,0,0,0,0,0,0,0,0,0,0,8,0,39.9854,-75.242, , 
70476,773931,2011040329,6,67,67301,2011,3,1,1135,11,1,1,0,4,1, , ,N,2,2,0,3,0,1,2,2,N, ,40 01:14.177,75 02:25.393,1147, ,1140, ,0, , , ,3, , , , , , , , , ,2,2,0,0,0,0,0,0,0,0,0,0,1,1,0,0,0,0,0,0,2,0,0,1,0,0,0,0,0,0,0,0,0,0,0,8,0,40.0206,-75.0404, , 
70477,773938,2011044514,6,67,67301,2011,3,7,9999,99,1,1,0,1,1, , ,N,2,3,0,3,0,0,2,2, , ,39 56:45.465,75 13:43.121,1400, ,9999, ,0, , , ,3, , , , , , , , , ,2,1,0,0,0,0,1,0,0,0,0,0,0,0,0,0,0,0,0,0,0,0,0,0,0,0,0,0,0,0,0,0,0,0,0,0,0,39.946,-75.2286, , 
70478,773993,2011057301,6,67,67301,2011,5,1,310,3,3,1,0,4,1, , ,N,1,3,0,3,0,2,4,2, , ,40 00:57.967,75 07:50.861,314, ,314,2,2,1, , ,3,Y, , , , , , , , ,2,2,0,0,0,0,0,0,0,0,0,1,2,1,2,0,0,0,0,0,0,0,0,0,0,0,0,0,0,0,0,0,0,0,0,4,0,40.0161,-75.1308, , 
70479,774034,2011046911,6,67,67301,2011,4,6,2137,21,3,1,0,5,1, , ,N,0,0,0,3,0,1,2,2,N,N,39 56:19.159,75 11:50.419,2200, ,2139, ,0, ,N, ,0, , , , , , , , , ,2,1,0,0,0,1,0,0,0,0,0,1,1,0,0,0,0,0,0,0,1,0,0,0,0,0,0,0,0,0,0,0,0,0,0,4,1,39.9378,-75.1982, , 
70480,774069,2011022971,6,67,67301,2011,1,5,2130,21,3,1,0,8,1, , ,N,0,0,0,3,0,1,2,2,N,N,40 03:26.290,75 13:59.519,2130, ,2130, ,0, ,N, ,0, , , , , , , , , ,1,1,0,0,0,0,0,0,0,0,0,1,1,0,0,0,0,0,0,0,1,0,0,0,0,0,0,0,0,0,0,0,1,0,0,4,0,40.0573,-75.2332, , 
70481,774078,2011029022,6,67,67301,2011,2,1,300,3,3,1,1,6,2, , ,N,3,3,0,3,0,2,2,2,N,N,40 04:30.493,75 09:52.732,310, ,308, ,0, ,N, ,3, , , , , , , , , ,2,1,0,1,0,0,0,0,0,0,0,0,2,2,0,0,0,0,0,0,1,0,0,0,0,0,0,0,0,0,0,0,0,0,0,8,1,40.0751,-75.1646, , 
70482,774091,2011044567,6,67,67301,2011,4,6,245,2,3,2,1,5,1, , ,N,0,0,0,3,0,0,1,4,N,N,39 56:53.675,75 10:48.598,249, ,245,2,2,2,N, ,0,N, , , , , , , , ,4,3,0,0,0,0,1,0,0,0,0,0,0,0,0,0,0,0,0,0,1,0,0,0,0,0,0,0,0,0,0,0,0,0,0,0,0,39.9482,-75.1802, , 
70483,774106,2011023297,6,67,67301,2011,1,1,333,3,3,1,1,1,1, , ,N,1,2,7,3,0,3,4,2,N,N,40 00:52.463,75 09:23.952,346, ,344, ,0, ,N, ,3, , , , , , , , , ,2,1,0,0,0,0,1,0,0,0,0,1,3,2,0,0,0,0,0,0,0,0,0,0,0,0,0,0,0,0,0,0,0,0,0,4,0,40.0146,-75.1567, , 
70484,774122,2011044814,6,67,67301,2011,3,2,2052,20,3,1,0,7,5, , ,N,0,0,0,3,0,4,4,1,N,N,39 58:11.081,75 07:33.916,2056, ,2054,1,1,1,N, ,0,N, , , , , , , , ,1,1,0,0,0,0,0,0,0,0,0,4,4,0,0,0,0,0,0,0,0,0,0,0,0,0,0,0,0,0,0,0,0,0,0,4,0,39.9697,-75.1262, , 
70485,774135,2011056764,6,67,67301,2011,5,3,1840,18,1,1,0,8,1, , ,N,2,3,0,3,0,1,2,2,N,N,39 58:38.096,75 10:29.474,1848, ,1846, ,0, ,N, ,3, , , , , , , , , ,1,0,0,0,0,0,1,0,0,0,0,1,1,0,0,0,0,0,0,0,0,0,0,0,0,0,0,0,0,0,0,0,1,0,0,4,0,39.9772,-75.1749, , 
70486,774136,2011056876,6,67,67301,2011,5,5,1940,19,1,1,0,4,4, , ,N,1,2,0,3,0,3,3,2, , ,40 00:31.666,75 08:51.441,1950, ,1945, ,0, , , ,3, , , , , , , , , ,2,0,0,0,0,0,1,1,0,0,0,3,3,0,0,0,0,0,0,0,1,0,0,0,0,0,0,0,0,0,0,0,0,0,0,4,0,40.0088,-75.1476, , 
70487,774138,2011057284,6,67,67301,2011,5,4,1735,17,1,1,0,4,2, , ,N,5,2,0,3,0,1,2,2,N,N,39 57:52.333,75 08:03.809,1739, ,1738, ,0, ,N, ,3, , , , , , , , , ,2,1,1,0,0,0,0,0,0,0,0,1,1,0,0,0,0,0,0,0,0,0,0,0,0,0,0,0,0,0,0,0,0,0,0,4,0,39.9644,-75.1343, , 
70488,774173,2011047017,6,67,67301,2011,4,1,1150,11,1,1,0,8,6, , ,N,0,0,0,3,0,1,4,3,N,N,39 55:43.794,75 14:17.504,1158, ,1153, ,0, ,N, ,0, , , , , , , , , ,2,2,0,0,0,0,0,0,0,0,0,0,1,1,0,0,0,0,0,1,0,0,0,0,0,0,0,0,0,0,0,0,1,0,0,8,0,39.9288,-75.2382, , 
70489,778038,2011046956,6,67,67301,2011,4,1,135,1,3,1,0,5,1, , ,N,2,0,0,3,0,0,1,2,N,N,40 01:42.582,75 08:55.510,148, ,145, ,0, ,N, ,0, , , , , , , , , ,2,0,0,0,0,0,1,1,0,0,0,0,0,0,0,0,0,0,0,0,0,0,0,0,0,0,0,0,0,0,0,0,0,0,0,0,0,40.0285,-75.1488, , 
70490,778053,2011054028,6,67,67301,2011,4,7,145,1,3,1,0,5,6, , ,N,0,0,0,3,0,0,1,3,N,N,40 01:22.759,75 13:09.689,145, ,145, ,0, ,N, ,0, , , , , , , , , ,3,3,0,0,0,0,0,0,0,0,0,0,0,0,0,0,0,0,0,0,0,0,0,0,0,0,0,0,0,0,0,0,0,0,0,0,0,40.023,-75.2194, , 
70491,778054,2011054062,6,67,67301,2011,4,3,845,8,1,1,1,6,1, , ,N,1,2,0,3,0,1,2,2,N,N,40 01:06.232,75 08:12.411,858, ,854, ,0, ,N, ,3, , , , , , , , , ,2,1,0,0,1,0,0,0,0,0,0,1,1,0,0,0,0,0,0,0,0,1,0,0,0,0,0,0,0,0,0,0,0,0,0,4,0,40.0184,-75.1368, , 
70492,778071,2011023050,6,67,67301,2011,1,2,9999,99,1,1,0,1,1, , ,N,1,2,0,3,0,1,5,3,N,N,39 57:01.836,75 10:02.485,9999, ,9999, ,0, ,N, ,3, , , , , , , , , ,3,2,0,0,0,0,1,0,0,0,1,0,1,0,0,0,0,0,0,0,0,0,1,0,0,0,0,0,0,0,0,0,0,0,0,3,0,39.9505,-75.1674, , 
70493,778075,2011029361,6,67,67301,2011,2,3,915,9,1,8,4,7,2, , ,N,0,0,0,3,0,0,2,2,N,N,39 54:12.865,75 09:01.784,957, ,918,2,1,2,N, ,0,N, , , , , , , , ,2,1,0,0,0,1,0,0,0,0,0,0,0,0,0,0,0,0,0,0,2,0,0,0,0,0,0,0,0,0,0,0,0,0,0,0,1,39.9037,-75.1505, , 
70494,778077,2011031165,6,67,67301,2011,2,1,100,1,3,1,0,4,1, , ,N,1,3,0,3,0,2,3,2,N,N,39 59:04.959,75 09:41.497,107, ,107, ,0, ,N, ,3, , , , , , , , , ,2,2,0,0,0,0,0,0,0,0,0,0,2,2,0,0,0,0,0,0,0,0,0,0,0,0,0,0,0,0,0,0,0,0,0,8,0,39.9847,-75.1615, , 
70495,778088,2011046629,6,67,67301,2011,5,3,1516,15,1,1,0,1,1, , ,N,0,0,0,3,0,0,5,3,N,N,39 57:30.870,75 10:02.620,1538, ,1520,1,2,4,N, ,0,N, , , , , , , , ,3,2,0,0,0,0,1,0,0,0,0,0,0,0,0,0,0,0,0,0,0,0,0,0,0,0,0,0,0,0,0,0,0,0,0,0,0,39.9586,-75.1674, , 
70496,778100,2011056402,6,67,67301,2011,5,6,1315,13,1,1,0,5,1, , ,N,1,2,0,3,0,0,3,2,N,N,39 59:48.600,75 10:37.062,9999, ,9999, ,0, , , ,3, , , , , , , , , ,2,1,0,0,0,0,1,0,0,0,0,0,0,0,2,0,0,0,0,0,0,0,0,0,0,0,0,0,0,0,0,0,0,0,0,9,0,39.9968,-75.177, , 
70497,778101,2011057306,6,67,67301,2011,4,1,9999,99,1,1,0,4,1, , ,N,0,0,0,3,0,2,2,2,N,N,40 04:17.886,75 04:37.814,1634, ,1621, ,0, ,N, ,0, , , , , , , , , ,2,2,0,0,0,0,0,0,0,0,0,2,2,0,0,0,0,0,0,2,0,0,0,0,0,0,0,0,0,0,0,0,0,0,0,4,0,40.0716,-75.0772, , 
70498,778111,2011017702,6,67,67301,2011,1,3,2301,23,3,4,3,7,2, , ,N,0,0,0,3,0,0,1,1,N,N,39 53:09.681,75 12:31.425,2320, ,2305, ,0, ,N, ,0, , , , , , , , , ,1,0,0,0,0,0,1,0,0,0,0,0,0,0,0,0,0,0,0,0,1,0,0,0,0,0,0,0,0,0,0,0,0,0,0,0,0,39.886,-75.2087, , 
70499,778122,2011033386,6,67,67301,2011,3,2,707,7,1,2,1,1,1, , ,N,0,0,2,3,0,1,3,3,N,N,39 57:24.742,75 09:09.774,743, ,707, ,0, ,N, ,0, , , , , , , , , ,3,2,0,0,0,0,1,0,0,0,0,1,1,0,0,0,0,0,0,0,2,0,0,0,0,0,0,0,0,0,0,0,0,0,0,4,0,39.9569,-75.1527, , 
70500,778126,2011037029,6,67,67301,2011,3,4,519,5,3,1,0,5,1, , ,N,0,0,0,3,0,0,2,2,N,N,39 54:02.853,75 09:13.304,527, ,519,1,2,1,N, ,0,N, , , , , , , , ,2,1,0,0,0,1,0,0,0,0,0,0,0,0,0,0,0,0,0,0,0,0,0,0,0,0,0,0,0,0,0,0,0,0,0,0,1,39.9008,-75.1537, , 
70501,778144,2011054070,6,67,67301,2011,4,7,1715,17,1,1,0,2,4, , ,N,2,0,0,3,0,1,2,2,N,N,40 04:43.554,75 04:11.651,1723, ,1717, ,0, ,N, ,0, , , , , , , , , ,2,0,0,0,1,0,1,0,0,0,0,0,1,1,1,0,0,0,0,0,0,1,0,0,0,0,0,0,0,0,0,0,0,0,0,8,0,40.0788,-75.0699, , 
70502,778145,2011054326,6,67,67301,2011,4,1,1942,19,2,1,0,8,1, , ,N,0,0,0,3,0,1,2,2,N,N,40 01:37.084,75 02:59.985,1948, ,1947, ,0, ,N, ,0, , , , , , , , , ,1,0,0,0,0,0,1,0,0,0,0,1,1,0,0,0,0,0,0,0,0,0,0,0,0,0,0,0,0,0,0,0,1,0,0,4,0,40.027,-75.05, , 
70503,778148,2011056604,6,67,67301,2011,4,3,1530,15,1,1,0,5,1, , ,N,1,2,0,3,0,0,1,4,N,N,40 04:12.010,75 09:45.872,1707, ,1656, ,0, ,N, ,3, , , , , , , , , ,4,4,0,0,0,0,0,0,0,0,0,0,0,0,0,0,0,0,0,0,1,0,0,1,0,0,0,0,0,0,0,0,0,0,0,0,0,40.07,-75.1627, , 
70504,778150,2011001147,6,46,46108,2011,1,7,1345,13,1,1,1,2,1, , ,N,1,2,0,3,0,3,4,2,N,N,40 05:09.819,75 13:49.871,1352, ,1349,1,1,4,N, ,3,Y, , , , , , , , ,2,1,0,0,0,0,1,0,0,0,0,3,3,0,0,0,0,0,0,0,0,0,0,0,0,0,0,0,0,0,0,0,0,0,0,4,0,40.0861,-75.2305, , 
70505,778172,2011031342,6,67,67301,2011,2,5,1603,16,1,1,0,8,1, , ,N,1,2,0,3,0,1,2,2, , ,39 58:07.845,75 08:10.373,1615, ,1610, ,0, ,N, ,3, , , , , , , , , ,1,1,0,0,0,0,0,0,0,0,0,0,1,1,0,0,0,0,0,0,0,0,0,0,0,0,0,0,0,0,0,0,1,0,0,8,0,39.9688,-75.1362, , 
70506,778204,2011009798,6,67,67301,2011,1,3,1912,19,4,1,0,8,1, , ,N,1,2,0,3,0,1,2,2,N,N,39 57:01.634,75 11:33.356,1915, ,1912, ,0, ,N, ,3, , , , , , , , , ,1,1,0,0,0,0,0,0,1,0,0,1,1,0,0,0,0,0,0,0,0,0,0,0,0,0,0,0,0,0,0,0,0,0,0,4,0,39.9505,-75.1926, , 
70507,782326,2011040436,6,67,67301,2011,3,5,2330,23,3,1,0,5,7, , ,N,0,0,7,3,0,1,2,2, , ,39 57:41.620,75 10:17.100,2350, ,2347, ,0, , , ,0, , , , , , , , , ,2,1,1,0,0,0,0,0,0,0,0,1,1,0,0,0,0,0,0,0,0,0,0,0,0,0,0,0,0,0,0,0,0,0,0,4,0,39.9616,-75.1714, , 
70508,782340,2011054036,6,67,67301,2011,4,6,1350,13,1,1,0,2,1, , ,N,1,2,0,3,0,1,2,2,N,N,40 01:12.246,75 02:35.428,1400, ,1353, ,0, ,N, ,9, , , , , , , , , ,2,2,0,0,0,0,0,0,0,0,0,0,1,1,0,0,0,0,0,0,1,0,0,0,0,0,0,0,0,0,0,0,0,0,0,8,0,40.0201,-75.0431, , 
70509,782363,2011028960,6,67,67301,2011,1,6,235,2,3,1,0,6,1, , ,N,0,0,0,3,0,0,2,2,N,N,40 06:39.180,75 00:12.160,245, ,232,1,2,5,N, ,0,N, , , , , , , , ,2,1,0,0,0,1,0,0,0,0,0,0,0,0,0,0,0,0,1,0,0,0,0,0,0,0,0,0,0,0,0,0,0,0,0,0,1,40.1109,-75.0034, , 
70510,782368,2011033529,6,67,67301,2011,3,3,2203,22,3,1,0,4,1, , ,N,1,3,0,3,0,0,4,2,N,N,40 01:36.591,75 07:30.698,30, ,28, ,0, ,N, ,3, , , , , , , , , ,2,2,0,0,0,0,0,0,0,0,0,0,0,0,0,0,0,1,0,0,0,0,0,0,0,0,0,0,0,0,0,0,0,0,0,0,0,40.0268,-75.1252, , 
70511,782372,2011040246,6,67,67301,2011,3,6,200,2,3,1,0,8,1, , ,N,1,2,0,3,0,1,2,2,N,N,39 56:57.854,75 10:26.579,215, ,202, ,0, ,N, ,3, , , , , , , , , ,1,1,0,0,0,0,0,0,0,0,0,1,1,0,0,0,0,0,0,0,0,0,0,0,0,0,0,0,0,0,0,0,1,0,0,4,0,39.9494,-75.174, , 
70512,782400,2011016002,6,67,67301,2011,1,4,110,1,3,4,3,5,1, , ,N,0,2,0,3,0,0,1,3,N,N,39 59:02.860,75 08:27.050,130, ,121, ,0, ,N, ,3, , , , , , , , , ,3,0,0,0,0,1,2,0,0,0,0,0,0,0,0,0,0,0,0,0,0,0,0,1,0,0,0,0,0,0,0,0,0,0,0,0,1,39.9841,-75.1408, , 
70513,782410,2011029198,6,67,67301,2011,2,7,255,2,6,8,5,5,1, , ,N,1,3,0,3,0,0,1,2,N,N,40 03:38.772,75 08:53.422,305, ,256, ,0, ,N, ,3, , , , , , , , , ,2,2,0,0,0,0,0,0,0,0,0,0,0,0,0,0,0,0,0,0,0,0,0,0,0,0,0,0,0,0,0,0,0,0,0,0,0,40.0608,-75.1482, , 
70514,782413,2011031381,6,67,67301,2011,2,3,29,0,3,4,3,7,4, , ,N,0,0,0,3,0,0,1,1,N,N,40 01:14.437,75 11:33.554,30, ,30,3,2,1,N, ,0,Y, , , , , , , , ,1,1,0,0,0,0,0,0,0,0,0,0,0,0,0,0,0,0,0,0,0,0,0,0,0,0,0,0,0,0,0,0,0,0,0,0,0,40.0207,-75.1927, , 
70515,782417,2011033867,6,67,67301,2011,3,4,1640,16,1,2,1,1,1, , ,N,0,0,1,3,0,0,2,2,N,N,39 57:07.704,75 10:56.556,1651, ,1643, ,0, ,N, ,0, , , , , , , , , ,2,0,0,0,0,0,2,0,0,0,0,0,0,0,0,0,0,0,0,0,1,0,0,0,0,0,0,0,0,0,0,0,0,0,0,0,0,39.9521,-75.1824, , 
70516,782418,2011034035,6,67,67301,2011,3,5,2132,21,3,1,0,7,2, , ,N,0,0,2,3,0,2,2,1,N,N,40 00:14.131,75 04:35.921,2137, ,2136,1,2,1,Y, ,0,N, , , , , , , , ,1,1,0,0,0,0,0,0,0,0,0,0,2,2,0,0,0,0,0,0,0,1,0,0,0,0,0,0,0,0,0,0,0,0,0,8,0,40.0039,-75.0766, , 
70517,782449,2011015978,6,67,67301,2011,1,1,1625,16,4,2,1,4,1, , ,N,1,2,0,3,0,0,3,2,N,N,39 56:15.784,75 13:42.272,1630, ,1628, ,0, ,N, ,3, , , , , , , , , ,2,2,0,0,0,0,0,0,0,0,0,0,0,0,0,0,0,0,0,0,0,0,0,0,0,0,0,0,0,0,0,0,0,0,0,0,0,39.9377,-75.2284, , 
70518,782456,2011029423,6,67,67301,2011,2,7,1940,19,3,1,0,1,1, , ,N,0,0,0,3,0,4,10,3, , ,40 02:20.295,75 06:35.460,1947, ,1945, ,0, , , ,0, , , , , , , , , ,3,3,0,0,0,0,0,0,0,0,0,4,4,0,0,0,0,1,0,0,0,0,0,0,0,0,0,0,0,0,0,0,0,0,0,4,0,40.039,-75.1099, , 
70519,782465,2011044549,6,67,67301,2011,4,1,1300,13,1,1,0,6,1, , ,N,1,2,0,3,0,1,3,3,N,N,39 59:29.209,75 08:05.493,1320, ,1307,1,1,2, , ,3,N, , , , , , , , ,3,1,0,0,0,0,2,0,0,0,0,0,1,1,0,0,0,0,0,0,2,0,0,0,0,0,0,0,0,0,0,0,0,0,0,8,0,39.9913,-75.1349, , 
70520,782474,2011054071,6,67,67301,2011,4,3,1420,14,1,2,1,4,1, , ,N,2,2,0,3,0,1,2,2,N,N,40 05:36.346,75 01:52.568,1431, ,1424, ,0, ,N, ,1, , , , , , , , , ,2,2,0,0,0,0,0,0,0,0,0,1,1,0,0,0,0,0,0,0,0,1,0,0,0,0,0,0,0,0,0,0,0,0,0,4,0,40.0934,-75.0313, , 