objectid_1,objectid,crn,district,county,municipality,crash_year,crash_month,day_of_week,time_of_day,hour_of_day,illumination,weather,road_condition,collision_type,relation_to_road,work_zone_type,work_zone_loc,work_zone_ind,intersect_type,tcd_type,location_type,urban_rural,fatal_count,injury_count,person_count,total_units,sch_bus_ind,sch_zone_ind,latitude,longitude,arrival_tm,cons_zone_spd_lim,dispatch_tm,est_hrs_closed,lane_closed,ln_close_dir,ntfy_hiwy_maint,spec_juris_cd,tcd_func_cd,tfc_detour_ind,workers_pres,wz_close_detour,wz_flagger,wz_law_offcr_ind,wz_ln_closure,wz_moving,wz_other,wz_shlder_mdn,vehicle_count,automobile_count,motorcycle_count,bus_count,small_truck_count,heavy_truck_count,suv_count,van_count,bicycle_count,maj_inj_count,mod_inj_count,min_inj_count,tot_inj_count,unk_inj_deg_count,unk_inj_per_count,driver_count_16yr,driver_count_17yr,driver_count_18yr,driver_count_19yr,driver_count_20yr,driver_count_50_64yr,driver_count_65_74yr,driver_count_75plus,unbelted_occ_count,unb_death_count,unb_maj_inj_count,belted_death_count,belted_maj_inj_count,mcycle_death_count,mcycle_maj_inj_count,bicycle_death_count,bicycle_maj_inj_count,ped_count,ped_death_count,ped_maj_inj_count,max_severity_level,comm_veh_count,dec_lat,dec_long,rdwy_surf_type_cd,county_name
70521,782504,2011085459,6,67,67301,2011,7,1,1431,14,1,1,0,7,2, , ,N,0,0,0,3,0,1,1,2,N,N,40 04:54.997,74 57:59.795,1450, ,1449,2,1,3,N, ,0,N, , , , , , , , ,1,1,0,0,0,0,0,0,0,0,1,0,1,0,0,0,0,0,0,0,0,0,0,0,0,0,0,0,0,0,0,0,0,0,0,3,0,40.0819,-74.9666, , 
70522,782530,2011114541,6,67,67301,2011,10,4,41,0,3,1,0,2,1, , ,N,0,0,0,3,0,3,4,3,N,N,39 58:07.544,75 07:42.078,47, ,45,2,1,2,N, ,0,N, , , , , , , , ,3,2,0,0,0,0,1,0,0,0,0,3,3,0,0,0,0,0,0,0,2,0,0,1,0,0,0,0,0,0,0,0,0,0,0,4,0,39.9688,-75.1282, , 
70523,782552,2011037028,6,67,67301,2011,3,2,2302,23,3,1,0,7,2, , ,N,0,0,0,3,0,2,2,1,N,N,39 57:04.268,75 10:58.468,2308, ,2305,2,2,3,N, ,0,N, , , , , , , , ,1,0,0,0,0,0,1,0,0,0,1,1,2,0,0,0,0,0,0,0,0,1,0,0,0,0,0,0,0,0,0,0,0,0,0,3,0,39.9512,-75.1829, , 
70524,782570,2011054244,6,67,67301,2011,4,3,1631,16,1,1,0,4,1, , ,N,1,2,1,3,0,2,6,3,N,N,40 02:05.146,75 04:15.791,1645, ,1641,1,1,1,N, ,3,N, , , , , , , , ,3,2,0,0,0,0,1,0,0,0,0,2,2,0,0,0,0,0,0,1,1,0,0,0,0,0,0,0,0,0,0,0,0,0,0,4,0,40.0348,-75.0711, , 
70525,782575,2011057327,6,67,67301,2011,5,4,1330,13,1,2,1,5,1, , ,N,1,2,0,3,0,0,2,2,N,N,39 57:27.542,75 09:44.544,1338, ,1335, ,0, , , ,3, , , , , , , , , ,2,1,0,0,1,0,0,0,0,0,0,0,0,0,0,0,0,0,0,0,0,0,0,0,0,0,0,0,0,0,0,0,0,0,0,0,0,39.9577,-75.1624, , 
70526,786797,2011029414,6,67,67301,2011,2,7,708,7,5,2,6,7,5, , ,N,0,2,0,3,0,1,1,1, , ,40 02:13.286,75 06:32.110,730, ,721,9,2,3, , ,3,N, , , , , , , , ,1,1,0,0,0,0,0,0,0,0,0,1,1,0,0,0,0,0,0,0,0,0,0,0,0,0,0,0,0,0,0,0,0,0,0,4,0,40.037,-75.1089, , 
70527,786799,2011031156,6,67,67301,2011,2,7,2035,20,3,1,0,4,1, , ,N,1,2,0,3,0,2,5,2, , ,40 05:36.611,74 58:48.599,2049, ,2044, ,0, , , ,3, , , , , , , , , ,2,2,0,0,0,0,0,0,0,0,1,1,2,0,0,0,0,0,0,0,1,0,0,0,0,0,0,0,0,0,0,0,0,0,0,3,0,40.0935,-74.9802, , 
70528,786800,2011033766,6,67,67301,2011,3,6,2330,23,3,1,0,5,1, , ,N,0,0,0,3,0,1,2,2, , ,39 58:02.511,75 09:36.922,2333, ,2331, ,0, , , ,0, , , , , , , , , ,2,2,0,0,0,0,0,0,0,0,0,1,1,0,0,0,0,0,0,0,0,0,0,0,0,0,0,0,0,0,0,0,0,0,0,4,0,39.9674,-75.1603, , 
70529,786807,2011038217,6,67,67301,2011,3,5,1412,14,1,2,1,2,1, , ,N,2,2,0,3,0,0,2,2,N,N,39 59:26.476,75 07:44.338,1417, ,1415,1,1,3,N, ,3,N, , , , , , , , ,2,0,0,0,2,0,0,0,0,0,0,0,0,0,1,0,0,0,0,0,0,0,0,1,0,0,0,0,0,0,0,0,0,0,0,9,0,39.9906,-75.129, , 
70530,786808,2011038427,6,67,67301,2011,3,3,330,3,3,1,0,7,1, , ,N,0,0,0,3,0,1,1,1,N,N,39 54:43.103,75 11:33.193,352, ,350, ,0, ,N, ,0, , , , , , , , , ,1,1,0,0,0,0,0,0,0,0,0,0,1,1,0,0,0,0,0,0,0,0,0,0,0,0,0,0,0,0,0,0,0,0,0,8,0,39.912,-75.1926, , 
70531,786810,2011043511,6,67,67301,2011,4,2,2135,21,3,1,0,1,1, , ,N,0,0,0,3,0,1,3,2,N,N,40 00:28.425,75 12:07.963,2139, ,2139,1,1,3,N, ,0,N, , , , , , , , ,2,1,0,0,0,0,1,0,0,0,0,1,1,0,0,0,0,0,0,0,0,0,0,0,0,0,0,0,0,0,0,0,0,0,0,4,0,40.0079,-75.2022, , 
70532,786820,2011054144,6,67,67301,2011,4,6,1507,15,1,1,0,5,1, , ,N,0,0,0,3,0,2,3,2,N,N,39 55:01.476,75 09:46.108,1525, ,1515, ,0, ,N, ,0, , , , , , , , , ,2,1,0,0,1,0,0,0,0,0,0,1,2,1,0,0,0,0,0,0,1,0,0,2,0,0,0,0,0,0,0,0,0,0,0,4,0,39.9171,-75.1628, , 
70533,786851,2011023320,6,67,67301,2011,1,6,2248,22,3,4,3,2,1, , ,N,1,3,0,3,0,0,1,3,N,N,40 04:16.698,75 04:48.140,2338, ,2331, ,0, ,N, ,3, , , , , , , , , ,3,3,0,0,0,0,0,0,0,0,0,0,0,0,0,0,0,0,0,0,0,0,0,0,0,0,0,0,0,0,0,0,0,0,0,0,0,40.0713,-75.08, , 
70534,786856,2011029168,6,67,67301,2011,2,5,1015,10,1,1,1,1,1, , ,N,1,0,0,3,0,1,2,2, , ,39 59:49.869,75 07:06.552,1030, ,1022, ,0, , , ,0, , , , , , , , , ,2,1,0,0,0,0,1,0,0,0,0,1,1,0,0,0,0,0,0,0,1,0,0,0,0,0,0,0,0,0,0,0,0,0,0,4,0,39.9971,-75.1185, , 
70535,786880,2011054306,6,67,67301,2011,4,2,1454,14,1,1,0,5,1, , ,N,0,0,6,3,0,2,4,4,N, ,40 05:31.012,75 01:03.161,1510, ,1455,2,2,1, , ,0,N, , , , , , , , ,4,3,0,0,0,0,1,0,0,0,0,2,2,0,0,0,0,0,0,0,1,1,0,0,0,0,0,0,0,0,0,0,0,0,0,4,0,40.091,-75.0184, , 
70536,786885,2011056407,6,67,67301,2011,5,7,1900,19,1,2,1,7,2, , ,N,0,0,0,3,0,1,1,1,N,N,40 00:59.300,75 12:09.730,1910, ,1900,1,2,1,N, ,0,N, , , , , , , , ,1,1,0,0,0,0,0,0,0,0,0,1,1,0,0,0,0,0,0,0,0,0,0,0,0,0,0,0,0,0,0,0,0,0,0,4,0,40.0165,-75.2027, , 
70537,786892,2011064034,6,67,67301,2011,5,4,645,6,1,1,0,1,1, , ,N,1,0,0,3,0,1,5,2,N,N,39 54:17.114,75 10:06.769,645, ,645, ,0, ,N, ,0, , , , , , , , , ,2,1,1,0,0,0,0,0,0,0,1,0,1,0,0,0,0,0,0,0,0,0,0,0,0,0,0,0,0,0,0,0,0,0,0,3,0,39.9048,-75.1685, , 
70538,786893,2011064133,6,67,67301,2011,5,7,432,4,3,1,0,2,6, , ,N,0,0,0,3,0,1,1,3,N,N,39 58:21.968,75 12:11.836,435, ,433, ,0, ,N, ,0, , , , , , , , , ,3,1,0,0,0,0,1,1,0,0,0,1,1,0,0,0,0,0,0,0,0,0,0,1,0,0,0,0,0,0,0,0,0,0,0,4,0,39.9728,-75.2033, , 
70539,786905,2011075588,6,67,67301,2011,6,7,925,9,1,1,0,8,1, , ,N,1,2,0,3,0,1,6,2,N,N,39 57:04.866,75 11:56.817,931, ,927, ,0, ,N, ,3, , , , , , , , , ,1,0,0,1,0,0,0,0,0,0,0,0,1,1,0,0,0,0,0,0,0,0,0,0,0,0,0,0,0,0,0,0,1,0,0,8,1,39.9514,-75.1991, , 
70540,786913,2011082532,6,67,67301,2011,7,2,1945,19,3,1,0,8,2, , ,N,2,2,0,3,0,2,2,3,N,N,39 59:26.476,75 07:44.338,1955, ,1951, ,0, ,N, ,3, , , , , , , , , ,2,1,1,0,0,0,0,0,0,1,0,1,2,0,0,0,0,0,0,1,0,0,0,0,0,0,0,0,0,1,0,0,1,0,0,2,0,39.9906,-75.129, , 
70541,786927,2011007675,6,67,67301,2011,1,5,949,9,1,1,0,5,1, , ,N,0,0,0,3,0,0,4,4,N,N,39 59:24.033,75 12:20.513,953, ,950, ,0, ,N, ,0, , , , , , , , , ,4,4,0,0,0,0,0,0,0,0,0,0,0,0,1,0,0,0,0,0,0,0,0,0,0,0,0,0,0,0,0,0,0,0,0,9,0,39.99,-75.2057, , 
70542,786941,2011024648,6,67,67301,2011,1,5,1400,14,1,4,1,4,1, , ,N,2,3,0,3,0,0,2,2,N,N,39 58:51.516,75 13:27.656,1420, ,1416, ,0, ,N, ,3, , , , , , , , , ,2,2,0,0,0,0,0,0,0,0,0,0,0,0,0,0,0,0,0,0,1,0,0,0,0,0,0,0,0,0,0,0,0,0,0,0,0,39.981,-75.2243, , 
70543,786945,2011029174,6,67,67301,2011,2,6,830,8,1,1,0,4,1, , ,N,1,3,0,3,0,1,2,2,N,N,40 02:25.612,75 02:11.878,840, ,830, ,0, ,N, ,3, , , , , , , , , ,2,1,0,0,0,0,1,0,0,0,1,0,1,0,1,0,0,0,0,0,0,0,0,0,0,0,0,0,0,0,0,0,0,0,0,3,0,40.0404,-75.0366, , 
70544,774178,2011054216,6,67,67301,2011,4,6,1402,14,1,1,0,8,1, , ,N,1,2,0,3,0,1,2,2,N,N,40 01:23.700,75 04:36.637,1407, ,1405, ,0, ,N, ,3, , , , , , , , , ,1,1,0,0,0,0,0,0,0,0,0,1,1,0,0,0,0,0,0,0,0,0,0,0,0,0,0,0,0,0,0,0,1,0,0,4,0,40.0233,-75.0768, , 
70545,774179,2011056756,6,67,67301,2011,5,1,1621,16,1,1,0,4,1, , ,N,1,2,0,3,0,5,7,3,N,N,40 01:32.306,75 03:29.519,1623, ,1622, ,0, ,N, ,3, , , , , , , , , ,3,2,0,0,0,0,1,0,0,0,0,4,5,1,0,0,0,0,0,0,0,0,0,0,0,0,0,0,0,0,0,0,0,0,0,4,0,40.0256,-75.0582, , 
70546,774180,2011056894,6,67,67301,2011,4,6,1340,13,1,1,0,4,5, , ,N,0,0,0,3,0,1,1,2,N,N,40 03:27.648,75 00:32.828,1501, ,1454, ,0, ,N, ,0, , , , , , , , , ,2,1,0,0,0,0,1,0,0,0,0,0,1,1,0,0,0,0,0,0,0,0,0,0,0,0,0,0,0,0,0,0,0,0,0,8,0,40.0577,-75.0091, , 
70547,774182,2011057316,6,67,67301,2011,4,4,845,8,1,1,0,7,5, , ,N,0,0,0,3,0,2,2,1,N,N,40 01:53.019,75 06:18.397,845, ,845, ,0, ,N, ,0, , , , , , , , , ,1,0,0,0,1,0,0,0,0,0,1,1,2,0,0,0,0,0,0,0,0,0,0,0,0,0,0,0,0,0,0,0,0,0,0,3,0,40.0314,-75.1051, , 
70548,774187,2011061882,6,67,67301,2011,5,4,1030,10,1,1,0,4,1, , ,N,0,0,0,3,0,1,2,2, , ,39 56:21.393,75 10:35.688,1340, ,1335, ,0, , , ,0, , , , , , , , , ,1,0,0,0,0,0,0,0,1,0,1,0,1,0,0,0,0,0,0,0,0,0,0,0,0,0,0,0,0,0,0,0,0,0,0,3,0,39.9393,-75.1766, , 
70549,774198,2011009279,6,67,67301,2011,1,1,9999,99,3,1,0,7,5, , ,N,0,2,0,3,0,1,1,1,N,N,40 00:00.441,75 13:43.300,351, ,351,4,2,5,N, ,3,Y, , , , , , , , ,1,1,0,0,0,0,0,0,0,1,0,0,1,0,0,0,0,0,1,0,0,0,0,1,0,1,0,0,0,0,0,0,0,0,0,2,0,40.0001,-75.2287, , 
70550,774209,2011028912,6,67,67301,2011,2,3,434,4,3,1,0,4,1, , ,N,1,3,0,3,0,1,3,2,N,N,40 03:53.902,75 10:55.012,500, ,454, ,0, ,N, ,3, , , , , , , , , ,2,2,0,0,0,0,0,0,0,0,0,1,1,0,0,0,0,0,0,0,0,0,0,0,0,0,0,0,0,0,0,0,0,0,0,4,0,40.065,-75.1819, , 
70551,774210,2011029095,6,67,67301,2011,2,1,2000,20,3,1,0,4,1, , ,N,2,2,0,3,0,1,3,2, , ,40 00:41.506,75 04:11.278,2009, ,2000, ,0, , , ,2, , , , , , , , , ,2,1,0,0,0,0,1,0,0,0,0,1,1,0,0,0,0,0,0,0,0,0,0,0,0,0,0,0,0,0,0,0,0,0,0,4,0,40.0115,-75.0698, , 
70552,774212,2011033564,6,67,67301,2011,3,1,300,3,3,1,0,5,1, , ,N,0,0,0,3,0,1,2,2,N,N,39 59:32.223,75 08:28.852,311, ,308, ,0, ,N, ,0, , , , , , , , , ,2,2,0,0,0,0,0,0,0,1,0,0,1,0,0,0,0,0,1,0,0,0,0,0,0,0,0,0,0,0,0,0,0,0,0,2,0,39.9923,-75.1413, , 
70553,774234,2011055455,6,67,67301,2011,5,7,1900,19,1,1,0,5,1, , ,N,6,3,2,3,0,0,2,2,N,N,39 58:28.336,75 07:18.503,2006, ,1935, ,0, ,N, ,3, , , , , , , , , ,2,1,0,0,1,0,0,0,0,0,0,0,0,0,0,0,0,0,0,0,0,0,0,0,0,0,0,0,0,0,0,0,0,0,0,0,0,39.9738,-75.1226, , 
70554,774253,2011031461,6,67,67301,2011,2,5,2000,20,3,2,1,8,1, , ,N,0,0,0,3,0,1,2,2,N,N,40 01:34.761,75 04:28.071,2006, ,2002,9,2,6,N, ,0,Y, , , , , , , , ,1,1,0,0,0,0,0,0,0,0,0,0,1,1,0,0,0,0,0,0,0,0,0,0,0,0,0,0,0,0,0,0,1,0,0,8,0,40.0263,-75.0745, , 
70555,774262,2011046973,6,67,67301,2011,4,7,1720,17,1,1,0,4,1, , ,N,1,2,0,3,0,1,4,2,N,N,39 58:10.457,75 12:41.542,1735, ,1730, ,0, ,N, ,3, , , , , , , , , ,2,1,0,0,0,0,1,0,0,0,0,0,1,1,0,0,0,0,0,0,1,0,0,0,0,0,0,0,0,0,0,0,0,0,0,8,0,39.9697,-75.2115, , 
70556,774269,2011053473,6,67,67301,2011,3,6,1300,13,1,1,0,1,1, , ,N,3,2,0,3,0,3,28,2,Y, ,39 58:02.991,75 10:52.020,1305, ,1300,3,1,1,N, ,3,N, , , , , , , , ,2,1,0,1,0,0,0,0,0,0,0,0,3,3,0,0,0,0,0,0,0,0,0,0,0,0,0,0,0,0,0,0,0,0,0,8,1,39.9675,-75.181, , 
70557,774270,2011054161,6,67,67301,2011,4,3,930,9,1,1,0,8,2, , ,N,0,0,0,3,0,1,3,2,N,N,39 58:57.650,75 08:27.520,1600, ,1600, ,0, ,N, ,0, , , , , , , , , ,1,1,0,0,0,0,0,0,0,0,0,1,1,0,2,0,0,0,0,0,0,0,0,0,0,0,0,0,0,0,0,0,1,0,0,4,0,39.9827,-75.141, , 
70558,774284,2011068354,6,67,67301,2011,6,4,111,1,3,1,0,4,1, , ,N,1,0,0,3,0,1,2,2,N,N,39 57:19.616,75 13:58.461,112, ,112,1,1,4,N, ,0,Y, , , , , , , , ,2,1,0,0,0,0,0,1,0,0,0,1,1,0,0,0,0,0,0,0,0,0,0,0,0,0,0,0,0,0,0,0,0,0,0,4,0,39.9554,-75.2329, , 
70559,774286,2011070731,6,67,67301,2011,6,6,947,9,1,1,0,1,1, , ,N,0,0,0,3,0,1,3,3,N,N,39 56:38.538,75 08:34.510,1007, ,950,1,1,2,N, ,0,N, , , , , , , , ,3,1,0,0,0,1,0,0,0,0,1,0,1,0,1,0,0,0,0,0,0,0,0,1,0,0,0,0,0,0,0,0,0,0,0,3,1,39.944,-75.1429, , 
70560,774296,2011009971,6,67,67301,2011,1,2,1009,10,1,1,0,4,1, , ,N,1,2,0,3,0,2,5,2,N,N,40 02:10.346,75 03:51.114,1012, ,1009,2,2,1,N, ,3,Y, , , , , , , , ,2,1,0,0,0,1,0,0,0,0,0,2,2,0,0,0,0,0,0,0,0,0,0,0,0,0,0,0,0,0,0,0,0,0,0,4,0,40.0362,-75.0642, , 
70561,774356,2011023344,6,67,67301,2011,1,6,9999,99,1,1,1,8,1, , ,N,1,2,0,3,0,1,3,2, , ,39 57:15.859,75 09:47.045,1344, ,1340, ,0, , , ,3, , , , , , , , , ,1,0,0,0,1,0,0,0,0,0,0,0,1,1,0,0,0,0,0,0,0,0,0,2,0,0,0,0,0,0,0,0,1,0,0,8,0,39.9544,-75.1631, , 
70562,778225,2011031460,6,67,67301,2011,2,7,1230,12,1,1,0,8,1, , ,N,1,3,0,3,0,1,3,2,N,N,39 57:50.673,75 13:56.071,1242, ,1234, ,0, , , ,3, , , , , , , , , ,1,1,0,0,0,0,0,0,0,0,0,1,1,0,0,0,0,0,0,0,0,1,0,0,0,0,0,0,0,0,0,0,1,0,0,4,0,39.9641,-75.2322, , 
70563,778236,2011040240,6,67,67301,2011,3,5,700,7,1,2,1,8,1, , ,N,0,0,0,3,0,1,2,2,N,Y,40 01:37.959,75 07:23.326,850, ,850, ,0, ,N, ,0, , , , , , , , , ,1,1,0,0,0,0,0,0,0,0,1,0,1,0,1,0,0,0,0,0,0,0,0,0,0,0,0,0,0,0,0,0,1,0,0,3,0,40.0272,-75.1231, , 
70564,778243,2011046967,6,67,67301,2011,4,6,1330,13,1,2,1,4,1, , ,N,1,3,0,3,0,0,2,2,N,N,39 58:29.085,75 09:55.144,1430, ,1426, ,0, ,N, ,3, , , , , , , , , ,2,1,0,0,1,0,0,0,0,0,0,0,0,0,0,0,0,0,0,0,0,0,0,0,0,0,0,0,0,0,0,0,0,0,0,0,0,39.9747,-75.1653, , 
70565,778267,2011038008,6,67,67301,2011,3,4,750,7,1,1,0,5,1, , ,N,5,2,0,3,0,0,5,2,N,N,39 56:22.379,75 11:53.331,800, ,755, ,0, ,N, ,3, , , , , , , , , ,2,1,0,0,0,0,1,0,0,0,0,0,0,0,2,0,0,0,0,0,0,0,0,0,0,0,0,0,0,0,0,0,0,0,0,9,0,39.9396,-75.1982, , 
70566,778268,2011038395,6,67,67301,2011,3,4,1113,11,1,1,1,5,1, , ,N,0,0,0,3,0,0,2,3, , ,39 56:19.554,75 10:55.768,1115, ,1115, ,0, , , ,0, , , , , , , , , ,3,3,0,0,0,0,0,0,0,0,0,0,0,0,2,0,0,0,0,0,0,0,0,0,0,0,0,0,0,0,0,0,0,0,0,9,0,39.9388,-75.1822, , 
70567,778280,2011050393,6,67,67301,2011,4,7,2351,23,3,1,0,4,1,1,4,Y,0,1,0,3,0,0,2,2,N,N,39 54:07.672,75 09:05.249,2,45,2352,2,2,2,N, ,3,Y,N,N,N,N,Y,N,N,N,2,2,0,0,0,0,0,0,0,0,0,0,0,0,0,0,0,0,0,0,0,0,0,0,0,0,0,0,0,0,0,0,0,0,0,0,0,39.9022,-75.1514, , 
70568,778311,2011023179,6,67,67301,2011,1,2,1358,13,1,1,0,7,5, , ,N,2,2,0,3,0,0,1,1,N,N,39 59:59.423,75 13:10.092,1420, ,1401, ,0, ,N, ,3, , , , , , , , , ,1,1,0,0,0,0,0,0,0,0,0,0,0,0,1,0,0,0,0,0,0,0,0,0,0,0,0,0,0,0,0,0,0,0,0,9,0,39.9998,-75.2195, , 
70569,778316,2011029015,6,67,67301,2011,2,2,1647,16,1,1,0,4,1, , ,N,2,2,0,3,0,1,2,2,N,N,40 05:06.178,75 13:43.983,1659, ,1654, ,0, , , ,2, , , , , , , , , ,2,0,0,0,1,0,1,0,0,0,0,1,1,0,0,0,0,0,1,0,0,1,0,0,0,0,0,0,0,0,0,0,0,0,0,4,0,40.085,-75.2289, , 
70570,778318,2011029945,6,67,67301,2011,3,3,1932,19,3,1,0,1,1, , ,N,0,0,0,3,0,1,2,2,N,N,39 58:04.317,75 11:23.580,1954, ,1940, ,0, ,N, ,0, , , , , , , , , ,2,1,0,0,0,0,0,1,0,0,0,1,1,0,0,0,0,0,0,0,0,0,0,0,0,0,0,0,0,0,0,0,0,0,0,4,0,39.9679,-75.1899, , 
70571,778320,2011030965,6,67,67301,2011,1,2,1717,17,3,1,0,1,1, , ,N,0,0,0,3,0,1,4,2,N,N,39 56:44.754,75 11:24.275,1729, ,1722, ,0, ,N, ,0, , , , , , , , , ,2,1,0,0,0,0,0,1,0,0,0,1,1,0,0,0,0,0,0,0,1,0,0,0,0,0,0,0,0,0,0,0,0,0,0,4,0,39.9458,-75.1901, , 
70572,778325,2011038635,6,67,67301,2011,3,6,1835,18,3,1,0,8,1, , ,N,2,2,0,3,0,1,2,2,N,N,39 57:15.094,75 10:11.174,1855, ,1845, ,0, ,N, ,3, , , , , , , , , ,1,0,0,0,0,0,1,0,0,0,0,1,1,0,0,0,0,0,0,0,0,0,0,0,0,0,0,0,0,0,0,0,1,0,0,4,0,39.9542,-75.1698, , 
70573,778338,2011053482,6,67,67301,2011,4,5,1305,13,1,1,0,1,1, , ,N,1,2,0,3,0,0,3,3,N,N,39 55:17.972,75 11:24.679,1320, ,1310,1,1,1,N, ,3,N, , , , , , , , ,3,1,0,0,2,0,0,0,0,0,0,0,0,0,0,0,0,0,0,0,1,0,0,3,0,0,0,0,0,0,0,0,0,0,0,0,0,39.9217,-75.1902, , 
70574,778339,2011053855,6,67,67301,2011,5,3,1440,14,1,1,0,1,1, , ,N,0,0,0,3,0,0,5,5,N,N,39 56:52.229,75 11:14.512,1452, ,1447, ,0, ,N, ,0, , , , , , , , , ,5,4,0,0,0,0,1,0,0,0,0,0,0,0,3,0,1,0,0,0,0,0,0,0,0,0,0,0,0,0,0,0,0,0,0,9,0,39.9478,-75.1874, , 
70575,778356,2011029644,6,67,67301,2011,2,1,1630,16,1,1,0,4,1, , ,N,1,2,0,3,0,1,2,2, , ,40 00:15.124,75 04:38.614,1651, ,1649,2,2,7, , ,3,Y, , , , , , , , ,2,1,0,1,0,0,0,0,0,0,1,0,1,0,0,0,0,0,0,0,0,0,0,0,0,0,0,0,0,0,0,0,0,0,0,3,1,40.0042,-75.0774, , 
70576,778371,2011047095,6,67,67301,2011,4,6,905,9,1,2,1,8,1, , ,N,1,3,0,3,0,2,3,3,N,N,39 55:59.145,75 11:19.201,913, ,905, ,0, ,N, ,3, , , , , , , , , ,1,1,0,0,0,0,0,0,0,0,0,2,2,0,1,0,0,0,0,0,0,0,0,0,0,0,0,0,0,0,0,0,2,0,0,4,0,39.9331,-75.1887, , 
70577,778416,2011029441,6,67,67301,2011,2,1,30,0,3,1,6,4,1, , ,N,1,3,0,3,0,0,5,2,N,N,39 56:33.900,75 09:42.753,39, ,36, ,0, ,N, ,3, , , , , , , , , ,2,2,0,0,0,0,0,0,0,0,0,0,0,0,1,0,0,0,0,0,0,0,0,0,0,0,0,0,0,0,0,0,0,0,0,9,0,39.9428,-75.1619, , 
70578,778419,2011031200,6,67,67301,2011,2,3,1500,15,1,4,5,1,1, , ,N,1,3,0,3,0,2,5,4,N,N,39 56:26.008,75 09:21.189,1510, ,1507,1,2,4,N, ,3,N, , , , , , , , ,4,4,0,0,0,0,0,0,0,0,0,0,2,2,0,0,0,0,0,0,0,0,0,0,0,0,0,0,0,0,0,0,0,0,0,8,0,39.9406,-75.1559, , 
70579,778421,2011031613,6,67,67301,2011,2,4,2209,22,3,1,0,7,3, , ,N,1,2,0,3,0,1,3,3,N,N,40 05:59.946,75 00:29.876,2222, ,2212,1,2,1,N, ,3,Y, , , , , , , , ,3,3,0,0,0,0,0,0,0,0,0,0,1,1,0,0,0,0,0,0,2,0,0,0,0,0,0,0,0,0,0,0,0,0,0,8,0,40.1,-75.0083, , 
70580,782615,2011054068,6,67,67301,2011,4,7,1845,18,4,2,1,4,1, , ,N,1,3,0,3,0,4,4,2,N,N,39 57:16.282,75 13:47.657,1900, ,1856, ,0, ,N, ,3, , , , , , , , , ,2,2,0,0,0,0,0,0,0,0,1,2,4,1,0,0,0,1,0,0,0,0,0,0,0,0,0,0,0,0,0,0,0,0,0,3,0,39.9545,-75.2299, , 
70581,782622,2011061188,6,67,67301,2011,6,7,2340,23,3,2,1,7,3, , ,N,0,0,0,3,0,0,1,1,N,N,39 56:42.217,75 11:27.522,2349, ,2342, ,0, ,N, ,0, , , , , , , , , ,1,1,0,0,0,0,0,0,0,0,0,0,0,0,0,0,0,0,0,0,1,0,0,0,0,0,0,0,0,0,0,0,0,0,0,0,0,39.9451,-75.191, , 
70582,782627,2011064164,6,67,67301,2011,5,6,9999,99,1,9,8,4,4, , ,N,3,2,0,3,0,1,3,3, , ,39 58:22.961,75 13:06.430,9999, ,17, ,0, , , ,3, , , , , , , , , ,3,3,0,0,0,0,0,0,0,1,0,0,1,0,1,0,0,0,0,0,0,0,0,0,0,0,0,0,0,0,0,0,0,0,0,2,0,39.973,-75.2185, , 
70583,782649,2011034034,6,67,67301,2011,3,5,2048,20,3,1,0,7,2, , ,N,6,0,2,3,0,1,1,1,N,N,40 00:25.365,75 04:08.878,2056, ,2052, ,0, ,N, ,0, , , , , , , , , ,1,0,1,0,0,0,0,0,0,0,0,0,1,1,0,0,0,0,0,0,0,0,0,0,0,0,0,0,0,0,0,0,0,0,0,8,0,40.007,-75.0691, , 
70584,782661,2011044467,6,67,67301,2011,3,3,1816,18,1,1,0,7,2, , ,N,0,0,0,3,0,2,2,1,N,N,40 02:12.926,75 09:41.590,1830, ,1822, ,0, ,N, ,0, , , , , , , , , ,1,0,0,0,0,0,0,1,0,0,0,2,2,0,0,0,0,0,0,0,0,0,0,0,0,0,0,0,0,0,0,0,0,0,0,4,0,40.0369,-75.1616, , 
70585,782662,2011047062,6,67,67301,2011,4,2,2030,20,3,1,0,4,1, , ,N,5,2,0,3,0,3,4,2,N,N,40 01:54.428,75 05:07.226,2035, ,2033,2,2,2,N, ,3,Y, , , , , , , , ,2,2,0,0,0,0,0,0,0,0,1,2,3,0,0,0,0,0,0,0,0,0,0,0,0,0,0,0,0,0,0,0,0,0,0,3,0,40.0318,-75.0853, , 
70586,782670,2011051615,6,67,67301,2011,5,3,643,6,5,2,1,7,2, , ,N,0,0,0,3,0,1,1,1,N,N,39 56:41.864,75 11:27.967,657, ,645,1,1,3,N, ,0,N, , , , , , , , ,1,1,0,0,0,0,0,0,0,0,0,1,1,0,0,0,0,0,0,0,0,0,0,0,0,0,0,0,0,0,0,0,0,0,0,4,0,39.945,-75.1911, , 
70587,782693,2011024653,6,67,67301,2011,1,1,916,9,1,1,0,1,1, , ,N,1,3,0,3,0,2,4,2,N,N,40 02:58.278,75 08:47.343,1605, ,1600, ,0, ,N, ,3, , , , , , , , , ,2,2,0,0,0,0,0,0,0,0,0,0,2,2,1,0,0,0,0,0,0,0,0,0,0,0,0,0,0,0,0,0,0,0,0,8,0,40.0495,-75.1465, , 