objectid_1,objectid,crn,district,county,municipality,crash_year,crash_month,day_of_week,time_of_day,hour_of_day,illumination,weather,road_condition,collision_type,relation_to_road,work_zone_type,work_zone_loc,work_zone_ind,intersect_type,tcd_type,location_type,urban_rural,fatal_count,injury_count,person_count,total_units,sch_bus_ind,sch_zone_ind,latitude,longitude,arrival_tm,cons_zone_spd_lim,dispatch_tm,est_hrs_closed,lane_closed,ln_close_dir,ntfy_hiwy_maint,spec_juris_cd,tcd_func_cd,tfc_detour_ind,workers_pres,wz_close_detour,wz_flagger,wz_law_offcr_ind,wz_ln_closure,wz_moving,wz_other,wz_shlder_mdn,vehicle_count,automobile_count,motorcycle_count,bus_count,small_truck_count,heavy_truck_count,suv_count,van_count,bicycle_count,maj_inj_count,mod_inj_count,min_inj_count,tot_inj_count,unk_inj_deg_count,unk_inj_per_count,driver_count_16yr,driver_count_17yr,driver_count_18yr,driver_count_19yr,driver_count_20yr,driver_count_50_64yr,driver_count_65_74yr,driver_count_75plus,unbelted_occ_count,unb_death_count,unb_maj_inj_count,belted_death_count,belted_maj_inj_count,mcycle_death_count,mcycle_maj_inj_count,bicycle_death_count,bicycle_maj_inj_count,ped_count,ped_death_count,ped_maj_inj_count,max_severity_level,comm_veh_count,dec_lat,dec_long,rdwy_surf_type_cd,county_name
70723,778888,2011022967,6,67,67301,2011,1,5,1732,17,3,1,0,1,1, , ,N,1,2,0,3,0,1,4,3, , ,39 57:56.929,75 14:45.807,1736, ,1733, ,0, , , ,3, , , , , , , , , ,3,2,0,0,0,0,1,0,0,0,0,1,1,0,0,0,0,0,0,0,0,0,1,0,0,0,0,0,0,0,0,0,0,0,0,4,0,39.9658,-75.2461, , 
70724,778889,2011023761,6,67,67301,2011,1,4,1810,18,3,3,3,8,1, , ,N,2,3,0,3,0,1,2,2,N,N,39 58:38.391,75 13:38.956,1818, ,1816, ,0, ,N, ,3, , , , , , , , , ,1,1,0,0,0,0,0,0,0,0,0,1,1,0,0,0,0,0,0,0,1,0,0,0,0,0,0,0,0,0,0,0,1,0,0,4,0,39.9773,-75.2275, , 
70725,778896,2011033523,6,67,67301,2011,3,1,1847,18,4,2,1,4,1, , ,N,1,3,0,3,0,1,3,3,N,N,40 01:15.747,75 03:15.058,1945, ,1940, ,0, ,N, ,3, , , , , , , , , ,3,3,0,0,0,0,0,0,0,0,0,1,1,0,0,0,0,0,1,0,0,0,0,3,0,0,0,0,0,0,0,0,0,0,0,4,0,40.021,-75.0542, , 
70726,783104,2011056783,6,67,67301,2011,5,3,1133,11,1,1,0,4,5, , ,N,0,0,7,3,0,1,2,2,N,N,39 56:34.118,75 09:56.259,1139, ,1137, ,0, ,N, ,0, , , , , , , , , ,1,1,0,0,0,0,0,0,1,0,0,1,1,0,0,0,0,0,0,0,1,0,0,1,0,0,0,0,0,0,0,0,0,0,0,4,0,39.9428,-75.1656, , 
70727,783111,2011061823,6,67,67301,2011,5,6,2030,20,3,8,1,4,1, , ,N,1,2,0,3,0,1,6,3,N,N,40 02:40.430,75 12:14.449,2057, ,2052, ,0, ,N, ,3, , , , , , , , , ,3,3,0,0,0,0,0,0,0,0,0,0,1,1,1,0,0,0,0,2,0,1,0,0,0,0,0,0,0,0,0,0,0,0,0,8,0,40.0446,-75.204, , 
70728,783112,2011062017,6,67,67301,2011,5,1,2318,23,3,2,1,4,1, , ,N,1,3,0,3,0,1,2,5,N,N,40 02:19.456,75 07:24.668,2355, ,2342, ,0, ,N, ,3, , , , , , , , , ,5,4,0,0,1,0,0,0,0,0,0,1,1,0,0,0,0,0,0,0,0,0,0,0,0,0,0,0,0,0,0,0,0,0,0,4,0,40.0387,-75.1235, , 
70729,783138,2011031363,6,67,67301,2011,2,3,1145,11,1,1,5,1,1, , ,N,1,2,0,3,0,0,2,2,N,N,39 59:53.415,75 08:19.870,1222, ,1217, ,0, ,N, ,3, , , , , , , , , ,2,1,0,0,0,0,0,1,0,0,0,0,0,0,0,0,0,0,0,1,0,0,0,0,0,0,0,0,0,0,0,0,0,0,0,0,0,39.9982,-75.1389, , 
70730,783156,2011047112,6,67,67301,2011,3,6,9999,99,3,1,0,4,1, , ,N,0,0,0,3,0,1,5,2, , ,39 59:13.282,75 09:21.538,145, ,138,9,1,1, , ,0,Y, , , , , , , , ,2,0,0,0,0,0,2,0,0,0,0,0,1,1,4,0,0,0,0,0,1,0,0,0,0,0,0,0,0,0,0,0,0,0,0,8,0,39.987,-75.156, , 
70731,783161,2011053478,6,67,67301,2011,4,4,9999,99,1,1,0,8,1, , ,N,1,2,0,3,0,1,2,2,N,N,39 59:33.831,75 07:13.101,9999, ,9999, ,0, ,N, ,3, , , , , , , , , ,1,1,0,0,0,0,0,0,0,0,0,0,1,1,1,0,0,0,0,0,0,0,0,0,0,0,0,0,0,0,0,0,1,0,0,8,0,39.9927,-75.1203, , 
70732,783162,2011054254,6,67,67301,2011,4,3,2310,23,3,1,0,1,1, , ,N,1,2,0,3,0,1,3,2,N,N,39 58:43.230,75 09:28.092,2316, ,2315, ,0, , , ,3, , , , , , , , , ,2,2,0,0,0,0,0,0,0,0,0,1,1,0,0,0,0,0,0,0,0,0,0,0,0,0,0,0,0,0,0,0,0,0,0,4,0,39.9787,-75.1578, , 
70733,783222,2011010018,6,67,67301,2011,1,7,217,2,3,1,0,4,1, , ,N,0,0,0,3,0,0,2,2,N,N,40 03:40.459,75 03:06.529,217, ,217, ,0, ,N, ,0, , , , , , , , , ,2,1,0,0,1,0,0,0,0,0,0,0,0,0,0,0,0,0,0,0,0,0,0,0,0,0,0,0,0,0,0,0,0,0,0,0,0,40.0612,-75.0518, , 
70734,783226,2011015828,6,67,67301,2011,1,7,2307,23,3,4,6,1,1, , ,N,1,2,0,3,0,6,8,2,N,N,40 06:16.064,75 00:07.662,2307, ,2307,1,1,2, , ,3,N, , , , , , , , ,2,0,0,0,1,0,1,0,0,0,0,6,6,0,0,0,0,0,0,0,0,0,0,7,0,0,0,0,0,0,0,0,0,0,0,4,0,40.1044,-75.0021, , 
70735,783233,2011024125,6,67,67301,2011,2,4,529,5,3,1,0,1,1, , ,N,0,0,0,3,0,0,2,2,N,N,39 58:14.417,75 07:29.837,535, ,529,3,1,2,N, ,0,N, , , , , , , , ,2,0,0,0,1,1,0,0,0,0,0,0,0,0,0,0,0,0,0,0,0,0,0,0,0,0,0,0,0,0,0,0,0,0,0,0,1,39.9708,-75.1248, , 
70736,783259,2011054312,6,67,67301,2011,4,4,9999,99,1,2,0,7,5, , ,N,0,0,0,3,0,0,1,1,N,N,39 59:46.455,75 06:50.090,9999, ,9999, ,0, , , ,0, , , , , , , , , ,1,1,0,0,0,0,0,0,0,0,0,0,0,0,0,0,0,0,0,0,0,0,1,0,0,0,0,0,0,0,0,0,0,0,0,0,0,39.9962,-75.1139, , 
70737,783265,2011013745,6,67,67301,2011,1,1,748,7,1,1,0,5,1, , ,N,0,0,0,3,0,0,2,2,N,N,39 58:31.503,75 11:40.222,812, ,802,1,1,3,N, ,0,N, , , , , , , , ,2,2,0,0,0,0,0,0,0,0,0,0,0,0,1,0,0,0,0,0,0,0,0,0,0,0,0,0,0,0,0,0,0,0,0,9,0,39.9754,-75.1945, , 
70738,783267,2011015956,6,67,67301,2011,1,3,655,6,5,1,0,1,1, , ,N,0,0,0,3,0,1,2,2,N,N,40 00:40.190,75 07:35.730,704, ,701, ,0, , , ,0, , , , , , , , , ,2,2,0,0,0,0,0,0,0,0,0,1,1,0,0,0,0,0,0,0,0,0,1,0,0,0,0,0,0,0,0,0,0,0,0,4,0,40.0112,-75.1266, , 
70739,783268,2011015992,6,67,67301,2011,1,6,1952,19,3,1,0,1,1, , ,N,0,2,0,3,0,1,3,2,N,N,40 01:35.398,75 06:55.669,2000, ,1953,1,1,1,N, ,3,N, , , , , , , , ,2,2,0,0,0,0,0,0,0,0,0,1,1,0,1,0,0,0,0,0,1,0,0,0,0,0,0,0,0,0,0,0,0,0,0,4,0,40.0265,-75.1156, , 
70740,783289,2011038393,6,67,67301,2011,3,3,1630,16,1,1,0,4,1, , ,N,1,3,0,3,0,1,3,2, , ,40 01:04.535,75 12:40.875,1715, ,1648, ,0, , , ,3, , , , , , , , , ,2,1,0,0,0,1,0,0,0,0,0,0,1,1,0,0,0,0,0,0,1,0,0,0,0,0,0,0,0,0,0,0,0,0,0,8,1,40.0178,-75.2114, , 
70741,783303,2011051175,6,67,67301,2011,4,7,427,4,3,1,0,7,2, , ,N,0,0,0,3,0,0,1,1,N,N,40 01:48.232,75 01:18.645,438, ,428,2,1,1,N, ,0,N, , , , , , , , ,1,1,0,0,0,0,0,0,0,0,0,0,0,0,0,0,0,0,0,0,0,0,0,0,0,0,0,0,0,0,0,0,0,0,0,0,0,40.0299,-75.022, , 
70742,783305,2011056843,6,67,67301,2011,5,6,450,4,5,1,0,8,1, , ,N,0,0,0,3,0,1,2,2,N,N,39 59:24.400,75 08:39.600,505, ,500, ,0, ,N, ,0, , , , , , , , , ,1,1,0,0,0,0,0,0,0,0,0,0,1,1,1,0,0,0,0,0,0,0,0,0,0,0,0,0,0,0,0,0,1,0,0,8,0,39.9901,-75.1443, , 
70743,783335,2011041604,6,67,67301,2011,4,1,215,2,3,2,1,1,1, , ,N,0,0,0,3,0,0,4,3,N,N,39 56:42.645,75 11:26.414,224, ,222,2,2,4,N, ,0,N, , , , , , , , ,3,1,0,0,0,0,1,0,0,0,0,0,0,0,1,0,0,0,0,0,0,0,0,0,0,0,0,0,0,0,0,0,0,0,0,9,0,39.9452,-75.1907, , 
70744,786947,2011031262,6,67,67301,2011,2,2,1611,16,1,2,1,8,1, , ,N,0,0,0,3,0,1,2,2,N,N,39 58:01.916,75 10:49.844,1627, ,1615, ,0, ,N, ,0, , , , , , , , , ,1,1,0,0,0,0,0,0,0,0,1,0,1,0,0,0,0,0,1,0,0,0,0,0,0,0,0,0,0,0,0,0,1,0,0,3,0,39.9672,-75.1805, , 
70745,786958,2011040237,6,67,67301,2011,3,6,2000,20,3,1,0,1,1, , ,N,0,0,0,3,0,1,2,2,N,N,40 03:11.258,75 00:24.914,2020, ,2013, ,0, ,N, ,0, , , , , , , , , ,2,1,0,0,0,0,1,0,0,0,0,0,1,1,0,0,0,0,0,0,1,0,0,0,0,0,0,0,0,0,0,0,0,0,0,8,0,40.0531,-75.0069, , 
70746,786959,2011040353,6,67,67301,2011,3,6,1954,19,4,1,0,4,1, , ,N,2,3,0,3,0,0,2,2,N,N,39 59:14.776,75 07:37.257,2020, ,1954, ,0, ,N, ,3, , , , , , , , , ,2,2,0,0,0,0,0,0,0,0,0,0,0,0,0,0,0,0,0,0,1,0,0,0,0,0,0,0,0,0,0,0,0,0,0,0,0,39.9874,-75.127, , 
70747,786964,2011044571,6,67,67301,2011,3,3,1508,15,1,1,0,4,1, , ,N,1,2,0,3,0,1,3,2,N,N,39 59:48.459,75 09:14.287,1025, ,1030, ,0, , , ,3, , , , , , , , , ,2,1,0,0,1,0,0,0,0,0,0,0,1,1,0,0,0,0,0,0,1,0,0,0,0,0,0,0,0,0,0,0,0,0,0,8,0,39.9968,-75.1538, , 
70748,787020,2011044583,6,67,67301,2011,4,2,110,1,3,2,1,7,3, , ,N,0,0,0,3,0,1,4,2,N,N,39 54:23.121,75 11:37.902,115, ,114, ,0, ,N, ,0, , , , , , , , , ,2,2,0,0,0,0,0,0,0,0,0,0,1,1,0,0,0,0,0,0,0,0,0,0,0,0,0,0,0,0,0,0,0,0,0,8,0,39.9064,-75.1939, , 
70749,787029,2011015832,6,67,67301,2011,1,1,2113,21,3,1,0,5,1, , ,N,1,2,0,3,0,1,2,2,N,N,40 01:30.152,75 07:31.660,2140, ,2131, ,0, ,N, ,3, , , , , , , , , ,2,2,0,0,0,0,0,0,0,0,0,0,1,1,0,0,0,0,0,0,0,0,0,0,0,0,0,0,0,0,0,0,0,0,0,8,0,40.025,-75.1257, , 
70750,787049,2011044550,6,67,67301,2011,3,6,1946,19,3,1,0,5,1, , ,N,0,0,0,3,0,1,4,2,N,N,40 06:16.688,75 01:40.641,1946, ,1946, ,0, ,N, ,0, , , , , , , , , ,2,2,0,0,0,0,0,0,0,0,0,1,1,0,0,0,0,0,0,0,0,0,0,0,0,0,0,0,0,0,0,0,0,0,0,4,0,40.1046,-75.028, , 
70751,787052,2011047041,6,67,67301,2011,4,2,1635,16,1,1,0,6,1, , ,N,1,3,0,3,0,2,5,3,N,N,39 59:37.010,75 06:26.272,1653, ,1641, ,0, ,N, ,3, , , , , , , , , ,3,3,0,0,0,0,0,0,0,0,0,2,2,0,0,0,0,0,0,0,1,0,0,0,0,0,0,0,0,0,0,0,0,0,0,4,0,39.9936,-75.1073, , 
70752,787053,2011048233,6,67,67301,2011,4,7,1845,18,1,1,0,1,1, , ,N,0,0,0,3,0,1,4,2,N,N,39 57:30.380,75 09:58.573,1911, ,1846, ,0, ,N, ,0, , , , , , , , , ,2,0,0,0,0,0,2,0,0,0,0,0,1,1,0,0,0,1,0,0,0,0,0,0,0,0,0,0,0,0,0,0,0,0,0,8,0,39.9584,-75.1663, , 
70753,787084,2011024661,6,67,67301,2011,1,2,1222,12,1,1,0,7,3, , ,N,2,2,0,3,0,1,1,1, , ,40 05:21.079,75 01:15.622,1226, ,1223,1,1,2, , ,3,N, , , , , , , , ,1,0,1,0,0,0,0,0,0,0,0,0,1,1,0,0,0,0,0,0,0,0,0,0,0,0,0,0,0,0,0,0,0,0,0,8,0,40.0892,-75.021, , 
70754,787091,2011033554,6,67,67301,2011,3,6,1515,15,1,1,0,4,1, , ,N,0,0,0,3,0,1,6,2,N,N,39 58:26.522,75 12:19.666,1521, ,1521, ,0, ,N, ,0, , , , , , , , , ,2,1,0,0,1,0,0,0,0,0,0,1,1,0,0,0,0,0,0,0,1,1,0,0,0,0,0,0,0,0,0,0,0,0,0,4,1,39.974,-75.2055, , 
70755,787093,2011037030,6,67,67301,2011,3,4,2307,23,3,2,1,7,2, , ,N,0,0,0,3,0,0,1,1,N,N,39 58:39.479,75 12:04.251,2339, ,2316,2,2,3,N, ,0,N, , , , , , , , ,1,1,0,0,0,0,0,0,0,0,0,0,0,0,0,0,0,0,0,0,0,0,0,0,0,0,0,0,0,0,0,0,0,0,0,0,0,39.9776,-75.2012, , 
70756,787095,2011037987,6,67,67301,2011,3,6,1540,15,1,1,0,8,1, , ,N,1,3,0,3,0,1,2,2,N,N,40 02:37.140,75 09:13.982,1635, ,1630, ,0, ,N, ,3, , , , , , , , , ,1,1,0,0,0,0,0,0,0,0,0,1,1,0,0,0,0,0,0,0,1,0,0,0,0,0,0,0,0,0,0,0,1,0,0,4,0,40.0437,-75.1539, , 
70757,787102,2011047295,6,67,67301,2011,4,3,1655,16,1,1,0,4,5, , ,N,2,3,0,3,0,2,5,2,N,N,39 58:21.476,75 13:03.992,1700, ,1655, ,0, ,N, ,9, , , , , , , , , ,2,2,0,0,0,0,0,0,0,0,0,2,2,0,0,0,0,0,0,0,0,0,0,0,0,0,0,0,0,0,0,0,0,0,0,4,0,39.9726,-75.2178, , 
70758,787110,2011056871,6,67,67301,2011,5,3,9999,99,1,1,0,4,1, , ,N,5,2,0,3,0,4,5,3,N,N,40 02:29.396,75 09:30.118,940, ,926, ,0, ,N, ,3, , , , , , , , , ,3,3,0,0,0,0,0,0,0,0,0,0,4,4,1,0,0,0,0,0,0,0,0,0,0,0,0,0,0,0,0,0,0,0,0,8,0,40.0415,-75.1584, , 
70759,787133,2011070740,6,67,67301,2011,7,3,1330,13,1,1,0,1,1, , ,N,7,0,2,3,0,1,3,2,N,N,39 58:57.023,75 06:03.532,1340, ,1334, ,0, ,N, ,0, , , , , , , , , ,2,0,0,0,1,0,1,0,0,0,0,1,1,0,0,0,0,0,0,0,1,0,0,0,0,0,0,0,0,0,0,0,0,0,0,4,0,39.9825,-75.1011, , 
70760,787135,2011075574,6,67,67301,2011,7,3,529,5,1,1,0,5,1, , ,N,2,2,0,3,0,1,3,3,N,N,39 57:17.676,75 11:46.947,533, ,530, ,0, , , ,3, , , , , , , , , ,3,2,0,0,0,0,1,0,0,0,0,0,1,1,1,0,0,0,0,0,1,0,0,0,0,0,0,0,0,0,0,0,0,0,0,8,0,39.9549,-75.1964, , 
70761,787141,2011082411,6,67,67301,2011,7,5,355,3,3,1,0,7,3, , ,N,2,2,0,3,0,1,1,1,N, ,39 54:40.334,75 13:49.673,400, ,357, ,0, , , ,2, , , , , , , , , ,1,1,0,0,0,0,0,0,0,0,0,0,1,1,0,0,0,0,0,0,0,0,0,0,0,0,0,0,0,0,0,0,0,0,0,8,0,39.9112,-75.2305, , 
70762,774832,2011015981,6,67,67301,2011,1,7,607,6,3,4,3,1,1, , ,N,1,2,0,3,0,1,3,2, , ,39 56:24.543,75 12:58.939,609, ,607, ,0, , , ,3, , , , , , , , , ,2,0,0,0,0,0,1,0,0,0,0,0,1,1,0,0,0,0,0,0,0,0,0,0,0,0,0,0,0,0,0,0,0,0,0,8,0,39.9402,-75.2164, , 
70763,774855,2011044594,6,67,67301,2011,3,2,335,3,3,1,0,7,5, , ,N,0,0,0,3,0,0,1,1,N,N,40 01:42.463,75 06:02.790,345, ,340,1,1,1,Y, ,0,N, , , , , , , , ,1,1,0,0,0,0,0,0,0,0,0,0,0,0,0,0,0,0,0,0,0,0,0,0,0,0,0,0,0,0,0,0,0,0,0,0,0,40.0285,-75.1008, , 
70764,774858,2011046993,6,67,67301,2011,4,7,1025,10,1,1,0,4,1, , ,N,1,2,0,3,0,7,8,2,N,N,39 59:11.018,75 10:10.592,1030, ,1027, ,0, ,N, ,3, , , , , , , , , ,2,0,0,0,1,0,1,0,0,0,0,0,7,7,0,0,0,0,0,0,0,0,0,0,0,0,0,0,0,0,0,0,0,0,0,8,0,39.9864,-75.1696, , 
70765,774865,2011053623,6,67,67301,2011,4,6,1200,12,1,1,0,5,1, , ,N,1,2,0,3,0,0,3,3,N,N,40 02:34.252,75 03:47.603,1800, ,1800, ,0, ,N, ,9, , , , , , , , , ,3,1,0,0,0,0,2,0,0,0,0,0,0,0,3,0,0,0,0,0,0,0,1,0,0,0,0,0,0,0,0,0,0,0,0,9,0,40.0428,-75.0631, , 
70766,774866,2011054125,6,67,67301,2011,4,5,1716,17,1,1,0,8,1, , ,N,2,0,0,3,0,1,2,2,N,N,39 55:37.240,75 14:06.599,1716, ,1716, ,0, ,N, ,0, , , , , , , , , ,1,1,0,0,0,0,0,0,0,0,1,0,1,0,0,0,0,0,0,0,0,0,0,0,0,0,0,0,0,0,0,0,1,0,0,3,0,39.927,-75.2352, , 
70767,774868,2011056950,6,67,67301,2011,4,4,1806,18,1,1,0,8,1, , ,N,0,0,0,3,0,1,3,3,N,N,40 00:18.385,75 08:14.524,1809, ,1807, ,0, ,N, ,0, , , , , , , , , ,2,1,0,0,1,0,0,0,0,0,0,1,1,0,0,0,0,0,0,0,0,0,0,1,0,0,0,0,0,0,0,0,1,0,0,4,0,40.0051,-75.1374, , 
70768,774881,2011015948,6,67,67301,2011,1,6,1125,11,1,1,1,1,1, , ,N,0,2,0,3,0,1,5,3, , ,39 59:57.639,75 08:08.544,1130, ,1130, ,0, , , ,3, , , , , , , , , ,3,1,0,0,1,0,0,1,0,0,0,1,1,0,1,0,0,0,0,0,1,1,0,0,0,0,0,0,0,0,0,0,0,0,0,4,0,39.9993,-75.1357, , 
70769,774894,2011031210,6,67,67301,2011,2,1,310,3,3,1,0,1,1, , ,N,0,0,0,3,0,1,1,2,N,N,39 57:13.977,75 13:34.115,9999, ,322, ,0, ,N, ,0, , , , , , , , , ,2,1,0,0,0,0,0,1,0,0,0,0,1,1,0,0,0,0,0,0,0,0,0,0,0,0,0,0,0,0,0,0,0,0,0,8,0,39.9539,-75.2261, , 
70770,774937,2011023329,6,67,67301,2011,1,3,1350,13,1,1,0,4,1, , ,N,1,2,0,3,0,0,2,2,N,N,40 02:17.558,75 11:24.246,1605, ,1558, ,0, , , ,2, , , , , , , , , ,2,1,0,0,1,0,0,0,0,0,0,0,0,0,0,0,0,0,0,0,1,0,0,0,0,0,0,0,0,0,0,0,0,0,0,0,0,40.0382,-75.1901, , 
70771,774970,2011015216,6,67,67301,2011,2,4,1414,14,1,1,1,1,1, , ,N,0,0,0,3,0,1,4,2,N,N,39 56:42.052,75 11:27.731,1423, ,1417,1,1,3,N, ,0,N, , , , , , , , ,2,1,0,0,0,0,1,0,0,0,0,0,1,1,0,0,0,0,0,1,0,0,0,0,0,0,0,0,0,0,0,0,0,0,0,8,0,39.945,-75.191, , 
70772,774989,2011037885,6,67,67301,2011,3,2,1455,14,1,1,0,4,1, , ,N,2,3,0,3,0,2,3,2,N,N,39 58:34.258,75 11:54.243,1500, ,1500, ,0, ,N, ,3, , , , , , , , , ,2,1,0,0,0,0,1,0,0,0,0,1,2,1,0,0,0,0,0,0,1,0,0,0,0,0,0,0,0,0,0,0,0,0,0,4,0,39.9762,-75.1984, , 
70773,774992,2011047028,6,67,67301,2011,4,2,1825,18,1,1,0,8,1, , ,N,1,0,0,3,0,1,2,2,N,N,39 55:14.282,75 09:36.943,1832, ,1827, ,0, ,N, ,0, , , , , , , , , ,1,0,0,0,0,0,1,0,0,0,0,1,1,0,0,0,0,0,0,0,0,0,0,0,0,0,0,0,0,0,0,0,1,0,0,4,0,39.9206,-75.1603, , 
70774,774995,2011053548,6,67,67301,2011,4,4,1430,14,1,1,0,5,1, , ,N,0,0,0,3,0,1,5,2,N,N,40 02:23.568,75 08:39.985,1455, ,1450,1,1,1,N, ,0,N, , , , , , , , ,2,1,0,1,0,0,0,0,0,0,0,1,1,0,0,0,0,0,0,0,0,0,0,3,0,0,0,0,0,0,0,0,0,0,0,4,1,40.0399,-75.1444, , 
70775,774997,2011056885,6,67,67301,2011,5,5,1450,14,1,1,0,2,1, , ,N,0,0,0,3,0,3,4,3,N,N,40 01:40.573,75 01:39.630,1558, ,1453,9,2,5, , ,0,Y, , , , , , , , ,3,0,0,0,0,0,0,3,0,0,3,0,3,0,0,0,0,0,0,0,0,0,0,0,0,0,0,0,0,0,0,0,0,0,0,3,0,40.0279,-75.0277, , 
70776,775001,2011061829,6,67,67301,2011,5,2,40,0,3,2,1,4,1, , ,N,1,3,0,3,0,1,3,4,N,N,40 01:53.367,75 07:43.093,125, ,112, ,0, ,N, ,3, , , , , , , , , ,4,3,0,0,0,0,1,0,0,0,0,0,1,1,0,0,0,0,0,0,0,0,0,0,0,0,0,0,0,0,0,0,0,0,0,8,0,40.0315,-75.1286, , 
70777,775002,2011062002,6,67,67301,2011,5,4,155,1,3,1,0,7,2, , ,N,0,0,0,3,0,0,1,3,N,N,40 03:39.196,75 10:04.139,200, ,158, ,0, ,N, ,0, , , , , , , , , ,3,1,0,0,0,0,2,0,0,0,0,0,0,0,0,0,0,0,0,0,0,0,0,0,0,0,0,0,0,0,0,0,0,0,0,0,0,40.0609,-75.1678, , 
70778,775004,2011064069,6,67,67301,2011,5,7,2258,22,3,1,0,1,1, , ,N,1,2,0,3,0,2,5,3,N,N,40 04:09.505,75 00:26.083,2310, ,2306, ,0, ,N, ,3, , , , , , , , , ,3,1,0,0,1,0,1,0,0,0,0,2,2,0,0,0,0,0,0,0,1,0,0,0,0,0,0,0,0,0,0,0,0,0,0,4,0,40.0692,-75.0073, , 
70779,775027,2011023214,6,67,67301,2011,1,1,1704,17,4,4,4,4,1, , ,N,1,3,0,3,0,0,1,3,N,N,40 03:34.873,75 10:41.782,1720, ,1705, ,0, , , ,3, , , , , , , , , ,3,2,0,0,0,0,1,0,0,0,0,0,0,0,0,0,0,0,0,0,0,0,0,0,0,0,0,0,0,0,0,0,0,0,0,0,0,40.0597,-75.1783, , 
70780,778902,2011040247,6,67,67301,2011,3,7,9999,99,3,1,0,7,2, , ,N,0,0,0,3,0,1,2,1,N,N,39 57:22.807,75 11:12.105,622, ,614, ,0, ,N, ,0, , , , , , , , , ,1,1,0,0,0,0,0,0,0,0,1,0,1,0,0,0,0,0,1,0,0,0,0,1,0,0,0,0,0,0,0,0,0,0,0,3,0,39.9563,-75.1867, , 
70781,778907,2011047089,6,67,67301,2011,4,6,2110,21,3,2,1,8,1, , ,N,2,2,0,3,0,1,2,2,N, ,40 01:44.684,75 13:49.303,2122, ,2117, ,0, , , ,3, , , , , , , , , ,1,1,0,0,0,0,0,0,0,0,0,1,1,0,0,0,0,0,0,0,0,0,0,0,0,0,0,0,0,0,0,0,1,0,0,4,0,40.0291,-75.2304, , 
70782,778915,2011056851,6,67,67301,2011,4,4,1310,13,1,1,0,8,1, , ,N,0,0,0,3,0,1,2,3, , ,39 59:58.724,75 13:10.255,1330, ,1320, ,0, , , ,0, , , , , , , , , ,2,1,0,0,1,0,0,0,0,0,0,0,1,1,0,0,0,1,0,0,0,0,0,0,0,0,0,0,0,0,0,0,1,0,0,8,0,39.9996,-75.2195, , 
70783,778928,2011015926,6,67,67301,2011,1,4,1850,18,3,4,1,4,1, , ,N,2,0,0,3,0,1,4,5,N,N,40 00:02.923,75 10:16.942,1859, ,1851, ,0, , , ,0, , , , , , , , , ,5,2,0,0,0,0,2,1,0,0,0,1,1,0,0,0,0,0,0,0,0,0,0,0,0,0,0,0,0,0,0,0,0,0,0,4,0,40.0008,-75.1714, , 
70784,778944,2011033752,6,67,67301,2011,2,1,107,1,3,1,0,4,1, , ,N,1,2,0,3,0,2,3,3,N,N,39 55:21.975,75 14:18.329,110, ,106,4,2,7, , ,3,Y, , , , , , , , ,3,2,0,0,0,0,1,0,0,2,0,0,2,0,1,0,0,0,0,0,0,0,0,0,0,0,0,2,0,0,0,0,0,0,0,2,0,39.9228,-75.2384, , 
70785,778951,2011037708,6,67,67301,2011,3,2,310,3,3,2,1,7,2, , ,N,0,0,2,3,0,0,1,1,N,N,39 57:22.765,75 08:31.187,321, ,314,2,2,4,N, ,0,N, , , , , , , , ,1,1,0,0,0,0,0,0,0,0,0,0,0,0,0,0,0,0,0,0,0,0,0,0,0,0,0,0,0,0,0,0,0,0,0,0,0,39.9563,-75.142, , 
70786,778952,2011037907,6,67,67301,2011,3,7,1535,15,1,1,0,0,1, , ,N,2,0,0,3,0,1,1,1,N,N,39 59:00.186,75 07:36.685,1541, ,1536, ,0, ,N, ,0, , , , , , , , , ,1,0,1,0,0,0,0,0,0,0,1,0,1,0,0,0,0,0,0,0,0,0,0,0,0,0,0,0,0,0,0,0,0,0,0,3,0,39.9834,-75.1269, , 
70787,778953,2011038360,6,67,67301,2011,3,4,1403,14,1,1,0,4,1, , ,N,2,2,7,3,0,1,2,2,N,N,39 56:56.025,75 11:22.873,1416, ,1411, ,0, ,N, ,3, , , , , , , , , ,1,1,0,0,0,0,0,0,1,0,0,0,1,1,0,0,0,0,0,0,0,1,0,0,0,0,0,0,0,0,0,0,0,0,0,8,0,39.9489,-75.1897, , 
70788,778985,2011017154,6,46,46108,2011,2,3,648,6,5,1,1,2,1, , ,N,0,2,0,3,0,2,2,2,N,N,40 05:33.298,75 13:22.991,651, ,648,2,2,5,N, ,3,Y, , , , , , , , ,2,1,0,0,0,0,1,0,0,0,0,0,2,2,0,0,0,0,1,0,0,0,0,1,0,0,0,0,0,0,0,0,0,0,0,8,0,40.0926,-75.2231, , 
70789,779040,2011029549,6,67,67301,2011,2,5,708,7,1,1,0,5,1, , ,N,0,0,0,3,0,1,2,2,N,N,39 53:55.952,75 10:07.825,710, ,709,1,2,1,N, ,0,N, , , , , , , , ,2,1,0,0,0,1,0,0,0,0,0,1,1,0,0,0,0,0,0,0,1,0,0,0,0,0,0,0,0,0,0,0,0,0,0,4,1,39.8989,-75.1688, , 
70790,779079,2011015957,6,67,67301,2011,1,3,1930,19,3,4,1,8,1, , ,N,2,2,7,3,0,1,2,2,N,N,40 06:06.240,75 00:23.168,2100, ,2055, ,0, ,N, ,3, , , , , , , , , ,1,0,0,0,0,0,0,1,0,0,0,1,1,0,1,0,0,0,0,0,0,0,0,0,0,0,0,0,0,0,0,0,1,0,0,4,0,40.1017,-75.0064, , 