objectid_1,objectid,crn,district,county,municipality,crash_year,crash_month,day_of_week,time_of_day,hour_of_day,illumination,weather,road_condition,collision_type,relation_to_road,work_zone_type,work_zone_loc,work_zone_ind,intersect_type,tcd_type,location_type,urban_rural,fatal_count,injury_count,person_count,total_units,sch_bus_ind,sch_zone_ind,latitude,longitude,arrival_tm,cons_zone_spd_lim,dispatch_tm,est_hrs_closed,lane_closed,ln_close_dir,ntfy_hiwy_maint,spec_juris_cd,tcd_func_cd,tfc_detour_ind,workers_pres,wz_close_detour,wz_flagger,wz_law_offcr_ind,wz_ln_closure,wz_moving,wz_other,wz_shlder_mdn,vehicle_count,automobile_count,motorcycle_count,bus_count,small_truck_count,heavy_truck_count,suv_count,van_count,bicycle_count,maj_inj_count,mod_inj_count,min_inj_count,tot_inj_count,unk_inj_deg_count,unk_inj_per_count,driver_count_16yr,driver_count_17yr,driver_count_18yr,driver_count_19yr,driver_count_20yr,driver_count_50_64yr,driver_count_65_74yr,driver_count_75plus,unbelted_occ_count,unb_death_count,unb_maj_inj_count,belted_death_count,belted_maj_inj_count,mcycle_death_count,mcycle_maj_inj_count,bicycle_death_count,bicycle_maj_inj_count,ped_count,ped_death_count,ped_maj_inj_count,max_severity_level,comm_veh_count,dec_lat,dec_long,rdwy_surf_type_cd,county_name
70926,779590,2011095486,6,67,67301,2011,8,7,30,0,3,1,0,1,1, , ,N,1,2,0,3,0,0,5,4,N,N,39 57:17.491,75 09:04.108,400, ,357,2,1,3,N, ,3,N, , , , , , , , ,4,1,0,0,0,0,3,0,0,0,0,0,0,0,0,0,0,1,0,0,0,0,0,0,0,0,0,0,0,0,0,0,0,0,0,0,0,39.9549,-75.1511, , 
70927,779616,2011028964,6,67,67301,2011,1,2,839,8,1,1,0,5,1, , ,N,0,0,0,3,0,1,3,3,N,N,39 59:55.669,75 07:38.078,845, ,839, ,0, ,N, ,0, , , , , , , , , ,2,2,0,0,0,0,0,0,0,0,1,0,1,0,1,0,0,0,0,0,0,0,0,1,0,0,0,0,0,0,0,0,1,0,0,3,0,39.9988,-75.1272, , 
70928,779619,2011033584,6,67,67301,2011,3,4,917,9,1,1,0,8,1, , ,N,1,3,0,3,0,1,2,2,N,N,39 59:19.136,75 07:00.379,920, ,918,1,1,3,N, ,3,N, , , , , , , , ,1,0,0,0,0,0,1,0,0,0,1,0,1,0,0,0,0,0,0,0,0,0,0,0,0,0,0,0,0,0,0,0,1,0,0,3,0,39.9886,-75.1168, , 
70929,779638,2011056975,6,67,67301,2011,5,7,232,2,6,1,0,8,1, , ,N,2,2,99,3,0,1,2,2, ,N,39 57:02.780,75 10:32.599,235, ,232,9,2,2,N, ,3,Y, , , , , , , , ,1,1,0,0,0,0,0,0,0,1,0,0,1,0,0,0,0,0,0,0,0,0,0,0,0,0,0,0,0,0,0,0,1,0,1,2,0,39.9508,-75.1757, , 
70930,779665,2011031208,6,67,67301,2011,2,5,1035,10,1,1,0,4,1, , ,N,0,0,7,3,0,2,4,2,N,N,40 03:10.334,75 00:26.128,1045, ,1040, ,0, ,N, ,0, , , , , , , , , ,2,2,0,0,0,0,0,0,0,0,0,0,2,2,2,0,0,0,0,0,0,0,0,0,0,0,0,0,0,0,0,0,0,0,0,8,0,40.0529,-75.0073, , 
70931,779666,2011031298,6,67,67301,2011,2,3,944,9,1,3,4,8,1, , ,N,1,2,0,3,0,1,2,2,N,N,40 00:55.959,75 03:48.040,946, ,944, ,0, ,N, ,3, , , , , , , , , ,1,0,0,0,0,0,1,0,0,0,0,1,1,0,0,0,0,0,0,0,0,1,0,0,0,0,0,0,0,0,0,0,1,0,0,4,0,40.0155,-75.0633, , 
70932,779672,2011036703,6,67,67301,2011,3,2,1733,17,1,1,0,1,1, , ,N,0,0,0,3,0,2,3,2,N,N,39 59:28.344,75 12:12.785,1733, ,1733,1,2,4,N, ,0,N, , , , , , , , ,2,1,0,0,0,1,0,0,0,0,0,0,2,2,0,0,0,0,0,0,1,0,0,0,0,0,0,0,0,0,0,0,0,0,0,8,1,39.9912,-75.2036, , 
70933,779673,2011038349,6,67,67301,2011,3,2,1010,10,1,1,0,4,1, , ,N,1,3,0,3,0,1,2,2,N,N,39 56:52.447,75 12:49.931,1017, ,1014, ,0, ,N, ,3, , , , , , , , , ,1,1,0,0,0,0,0,0,1,0,0,1,1,0,0,0,0,0,0,0,1,0,0,0,0,0,0,0,0,0,0,0,0,0,0,4,0,39.9479,-75.2139, , 
70934,779675,2011040409,6,67,67301,2011,3,6,844,8,1,1,0,4,1, , ,N,2,3,0,3,0,0,12,2,Y,N,39 57:52.259,75 12:16.304,844, ,844, ,0, ,N, ,3, , , , , , , , , ,2,1,0,1,0,0,0,0,0,0,0,0,0,0,0,0,0,0,0,0,2,0,0,0,0,0,0,0,0,0,0,0,0,0,0,0,1,39.9645,-75.2045, , 
70935,779677,2011044630,6,67,67301,2011,3,3,952,9,1,1,0,2,1, , ,N,0,0,0,3,0,2,2,2,N,N,40 02:49.023,75 00:18.197,959, ,956,9,1,5,N, ,0,N, , , , , , , , ,2,1,0,0,0,0,1,0,0,0,0,1,2,1,0,0,0,0,0,0,0,1,0,0,0,0,0,0,0,0,0,0,0,0,0,4,0,40.0469,-75.0051, , 
70936,779717,2011028422,6,9,9212,2011,2,5,1643,16,1,1,0,2,1, , ,N,1,2,0,3,0,3,3,2,N,N,40 08:04.061,75 00:32.635,1644, ,1643,2,1,5,N, ,3,N, , , , , , , , ,2,1,0,0,1,0,0,0,0,0,0,0,3,3,0,0,0,0,1,0,0,1,0,0,0,0,0,0,0,0,0,0,0,0,0,8,0,40.1343,-75.0091, , 
70937,779718,2011028910,6,67,67301,2011,1,7,54,0,3,4,4,5,1, , ,N,2,0,0,3,0,0,2,2,N,N,40 00:59.548,75 12:38.819,103, ,55,1,1,2, , ,0,N, , , , , , , , ,2,1,0,0,0,0,0,1,0,0,0,0,0,0,0,0,0,0,0,0,0,0,0,0,0,0,0,0,0,0,0,0,0,0,0,0,0,40.0164,-75.2106, , 
70938,779723,2011037898,6,67,67301,2011,3,1,1543,15,1,1,0,4,1, , ,N,1,2,0,3,0,1,3,2,N,N,39 59:39.085,75 06:28.154,1545, ,1543, ,0, ,N, ,3, , , , , , , , , ,2,2,0,0,0,0,0,0,0,0,0,1,1,0,0,0,0,0,0,0,0,0,0,0,0,0,0,0,0,0,0,0,0,0,0,4,0,39.9942,-75.1078, , 
70939,779757,2011028995,6,67,67301,2011,2,7,326,3,3,6,1,1,9, , ,N,1,2,0,3,0,2,3,3,N,N,39 55:14.608,75 08:29.014,340, ,326,2,1,1,N, ,3,Y, , , , , , , , ,3,3,0,0,0,0,0,0,0,0,0,2,2,0,0,0,0,0,0,0,0,0,0,0,0,0,0,0,0,0,0,0,0,0,0,4,0,39.9207,-75.1411, , 
70940,779770,2011056815,6,67,67301,2011,5,3,100,1,3,1,0,1,1, , ,N,7,0,2,3,0,2,2,2, , ,40 00:23.964,75 11:36.713,9999, ,141,2,1,2, , ,0,N, , , , , , , , ,2,0,0,0,0,0,1,1,0,0,0,2,2,0,0,0,0,0,0,0,1,0,0,0,0,0,0,0,0,0,0,0,0,0,0,4,0,40.0067,-75.1935, , 
70941,779771,2011057452,6,67,67301,2011,5,1,2127,21,3,1,0,4,1, , ,N,1,3,0,3,0,2,4,5,N,N,39 56:34.728,75 13:54.623,2133, ,2127,1,2,5,N, ,3,N, , , , , , , , ,5,3,0,0,0,0,1,1,0,0,1,1,2,0,0,0,0,0,0,0,0,1,0,0,0,0,0,0,0,0,0,0,0,0,0,3,0,39.943,-75.2318, , 
70942,822488,2011082633,6,67,67301,2011,7,1,9999,99,1,1,0,4,1, , ,N,0,0,0,3,0,1,6,3,N,N,39 59:21.016,75 07:29.468,1612, ,1608,2,2,6,N, ,0,Y, , , , , , , , ,3,2,0,0,1,0,0,0,0,0,1,0,1,0,0,0,0,0,0,0,1,0,0,0,0,0,0,0,0,0,0,0,0,0,0,3,0,39.9892,-75.1249, , 
70943,822499,2011093052,6,67,67301,2011,8,1,2110,21,3,1,0,7,4, , ,N,1,2,0,3,0,0,1,1,N,N,39 57:44.928,75 12:58.376,2125, ,2120, ,0, ,N, ,3, , , , , , , , , ,1,1,0,0,0,0,0,0,0,0,0,0,0,0,0,0,0,0,1,0,0,0,0,1,0,0,0,0,0,0,0,0,0,0,0,0,0,39.9625,-75.2162, , 
70944,822502,2011099281,6,67,67301,2011,9,7,219,2,3,1,0,5,1,1,4,Y,6,0,0,3,0,0,3,2,N,N,39 57:34.701,75 10:51.774,221,30,221,1,2,3,N, ,0,N,Y,N,N,Y,Y,N,N,N,2,1,0,0,0,0,0,0,0,0,0,0,0,0,2,0,0,0,0,0,0,0,0,0,0,0,0,0,0,0,0,0,0,0,0,9,0,39.9596,-75.181, , 
70945,822525,2011068417,6,67,67301,2011,5,3,2107,21,4,1,0,6,1, , ,N,0,2,0,3,0,2,4,2,N,N,40 01:24.779,75 07:26.755,2108, ,2107, ,0, ,N, ,3, , , , , , , , , ,2,1,1,0,0,0,0,0,0,0,1,0,2,1,0,0,0,0,1,0,0,0,0,0,0,0,0,0,0,0,0,0,0,0,0,3,0,40.0235,-75.1241, , 
70946,822532,2011076295,6,67,67301,2011,6,2,1015,10,1,1,0,2,6, , ,N,0,0,0,3,0,1,1,2,N,N,40 03:36.873,75 11:19.858,1020, ,1017, ,0, ,N, ,0, , , , , , , , , ,2,0,0,0,0,0,2,0,0,0,0,0,1,1,0,0,0,0,0,0,1,0,0,0,0,0,0,0,0,0,0,0,0,0,0,8,0,40.0602,-75.1888, , 
70947,822533,2011076307,6,67,67301,2011,6,4,910,9,1,1,0,4,1, , ,N,1,2,0,3,0,2,4,2,N,N,39 58:14.008,75 08:59.730,920, ,915, ,0, , , ,3, , , , , , , , , ,2,1,0,0,0,0,1,0,0,0,0,2,2,0,0,0,0,0,0,0,0,0,1,0,0,0,0,0,0,0,0,0,0,0,0,4,0,39.9704,-75.15, , 
70948,822546,2011030839,6,67,67301,2011,3,4,650,6,1,1,0,2,1, , ,N,1,2,0,3,0,1,2,2,N,N,39 58:43.230,75 09:28.092,745, ,655,3,2,2,N, ,3,Y, , , , , , , , ,2,1,0,0,0,1,0,0,0,0,0,1,1,0,0,0,0,0,0,0,1,0,0,0,0,0,0,0,0,0,0,0,0,0,0,4,1,39.9787,-75.1578, , 
70949,822559,2011047043,6,67,67301,2011,4,6,1439,14,1,2,1,7,5, , ,N,0,0,0,3,0,1,1,1,N,N,39 58:22.180,75 12:58.247,1625, ,1620, ,0, ,N, ,0, , , , , , , , , ,1,1,0,0,0,0,0,0,0,0,0,1,1,0,0,0,0,0,0,0,1,0,0,0,0,0,0,0,0,0,0,0,0,0,0,4,0,39.9728,-75.2162, , 
70950,822575,2011061865,6,67,67301,2011,5,1,1400,14,1,1,0,6,1, , ,N,2,1,0,3,0,3,5,2, , ,39 55:45.184,75 13:45.242,1405, ,1401, ,0, , , ,3, , , , , , , , , ,2,1,0,1,0,0,0,0,0,0,0,0,3,3,0,0,0,0,0,0,0,0,0,0,0,0,0,0,0,0,0,0,0,0,0,8,1,39.9292,-75.2292, , 
70951,822605,2011122241,6,67,67301,2011,9,6,608,6,3,1,0,7,5, , ,N,0,0,0,3,0,1,1,1,N,N,39 54:34.239,75 08:57.368,620, ,611,1,1,2,N, ,0,N, , , , , , , , ,1,1,0,0,0,0,0,0,0,0,1,0,1,0,0,0,0,0,0,0,0,0,0,0,0,0,0,0,0,0,0,0,0,0,0,3,0,39.9096,-75.1493, , 
70952,822642,2011083425,6,67,67301,2011,7,4,2357,23,3,1,0,8,1, , ,N,0,0,0,3,1,0,2,2,N,N,40 01:24.027,75 04:36.158,5, ,2359,4,2,2,N,0,0,Y, , , , , , , , ,1,0,0,1,0,0,0,0,0,0,0,0,0,0,0,0,0,0,0,0,1,0,0,0,0,0,0,0,0,0,0,0,1,1,0,1,1,40.0233,-75.0767,2, 
70953,822653,2011093031,6,67,67301,2011,8,5,2127,21,3,2,1,8,1, , ,N,1,2,0,3,0,1,2,2,N, ,39 56:41.420,75 10:30.111,2143, ,2139, ,0, , , ,3, , , , , , , , , ,1,0,0,1,0,0,0,0,0,0,0,0,1,1,0,0,0,0,0,0,0,1,0,0,0,0,0,0,0,0,0,0,1,0,0,8,1,39.9448,-75.175, , 
70954,822658,2011100877,6,67,67301,2011,9,1,1910,19,4,1,0,4,1, , ,N,1,3,0,3,0,1,3,2,N,N,39 59:41.776,75 10:15.553,1910, ,1910,2,2,2,N, ,3,Y, , , , , , , , ,2,1,0,0,0,0,0,1,0,0,0,0,1,1,0,0,0,0,1,0,0,0,0,1,0,0,0,0,0,0,0,0,0,0,0,8,0,39.9949,-75.171, , 
70955,822659,2011100907,6,67,67301,2011,9,2,9999,99,1,1,0,8,1, , ,N,1,2,0,3,0,1,2,2,N, ,40 01:16.976,75 04:45.706,9999, ,9999, ,0, , , ,3, , , , , , , , , ,1,0,0,0,0,0,1,0,0,0,0,0,1,1,0,0,0,0,0,0,0,0,0,0,0,0,0,0,0,0,0,0,1,0,0,8,0,40.0214,-75.0794, , 
70956,822671,2011112425,6,67,67301,2011,10,5,1816,18,3,2,1,1,1, , ,N,0,0,0,3,0,0,2,2,N,N,39 57:32.590,75 10:16.405,1901, ,1830, ,0, ,N, ,0, , , , , , , , , ,2,2,0,0,0,0,0,0,0,0,0,0,0,0,0,0,0,0,0,0,0,0,1,0,0,0,0,0,0,0,0,0,0,0,0,0,0,39.9591,-75.1712, , 
70957,822681,2011068388,6,67,67301,2011,6,6,9999,99,1,1,0,1,1, , ,N,0,0,0,3,0,1,2,2,N,N,40 01:57.716,75 07:27.087,9999, ,9999, ,0, ,N, ,0, , , , , , , , , ,2,2,0,0,0,0,0,0,0,0,0,1,1,0,0,0,0,0,0,0,0,0,0,0,0,0,0,0,0,0,0,0,0,0,0,4,0,40.0327,-75.1242, , 
70958,822688,2011073213,6,67,67301,2011,4,1,1512,15,1,1,0,4,1, , ,N,1,2,0,3,1,3,4,2,N,N,40 01:46.046,75 11:10.157,1516, ,1513,3,2,6, ,0,3,Y, , , , , , , , ,2,1,0,0,0,0,1,0,0,0,1,2,3,0,0,0,0,0,0,0,1,0,0,1,0,0,0,0,0,0,0,0,0,0,0,1,0,40.0295,-75.1862,2, 
70959,822709,2011093025,6,67,67301,2011,8,3,2130,21,3,1,0,1,1, , ,N,0,0,0,3,0,1,2,2,N, ,39 55:57.580,75 10:21.960,2138, ,2134, ,0, , , ,0, , , , , , , , , ,1,0,1,0,0,0,0,0,1,0,0,0,1,1,0,0,0,0,0,0,0,0,0,0,0,0,0,0,0,0,0,0,0,0,0,8,0,39.9327,-75.1728, , 
70960,822711,2011095417,6,67,67301,2011,8,2,935,9,1,1,0,8,1, , ,N,1,2,0,3,0,1,2,2,N, ,40 04:26.865,75 09:30.131,945, ,943, ,0, , , ,3, , , , , , , , , ,1,0,0,0,1,0,0,0,0,0,1,0,1,0,0,0,0,0,0,0,0,0,0,0,0,0,0,0,0,0,0,0,1,0,0,3,0,40.0741,-75.1584, , 
70961,822715,2011098881,6,67,67301,2011,9,6,728,7,1,1,0,0,1, , ,N,0,2,0,3,0,1,1,1,N,N,40 04:33.720,75 11:39.512,731, ,728, ,0, ,N, ,3, , , , , , , , , ,1,0,1,0,0,0,0,0,0,0,0,1,1,0,0,0,0,0,0,0,0,0,0,0,0,0,0,0,0,0,0,0,0,0,0,4,0,40.076,-75.1943, , 
70962,822722,2011058530,6,67,67301,2011,4,3,1138,11,1,1,0,1,1, , ,N,0,0,0,3,0,1,1,2,N,N,39 57:36.312,75 10:46.410,1158, ,1144,1,1,4,N, ,0,N, , , , , , , , ,2,1,0,0,0,0,0,0,0,0,1,0,1,0,0,0,0,0,0,0,0,0,0,1,0,0,0,0,0,0,0,0,0,0,0,3,0,39.9601,-75.1796, , 
70963,822732,2011066175,6,67,67301,2011,6,4,1755,17,1,1,0,1,1, , ,N,1,2,0,3,0,2,4,2,N,N,40 03:59.367,75 11:46.819,1859, ,1849, ,0, ,N, ,3, , , , , , , , , ,2,0,0,0,0,0,1,1,0,0,0,0,2,2,0,0,0,0,0,0,0,0,1,0,0,0,0,0,0,0,0,0,0,0,0,8,0,40.0665,-75.1963, , 
70964,822749,2011085501,6,67,67301,2011,7,5,1523,15,1,1,0,4,1, , ,N,1,3,0,3,0,1,3,2,N,N,39 55:51.079,75 13:02.437,1635, ,1629, ,0, , , ,3, , , , , , , , , ,2,2,0,0,0,0,0,0,0,0,0,0,1,1,0,0,0,0,0,0,0,0,1,0,0,0,0,0,0,0,0,0,0,0,0,8,0,39.9309,-75.2173, , 
70965,822753,2011087938,6,67,67301,2011,8,4,2000,20,3,9,8,8,1, , ,N,1,2,0,3,0,1,2,2,N, ,40 02:54.852,75 09:42.008,2115, ,2112, ,0, , , ,3, , , , , , , , , ,1,1,0,0,0,0,0,0,0,0,0,1,1,0,1,0,0,0,0,0,0,0,0,0,0,0,0,0,0,0,0,0,1,0,0,4,0,40.0486,-75.1617, , 
70966,822764,2011100846,6,67,67301,2011,9,2,305,3,3,1,1,7,5, , ,N,1,2,2,3,0,0,1,1,N,N,39 57:25.871,75 08:31.299,314, ,309, ,0, ,N, ,3, , , , , , , , , ,1,1,0,0,0,0,0,0,0,0,0,0,0,0,0,0,0,0,0,0,0,0,0,0,0,0,0,0,0,0,0,0,0,0,0,0,0,39.9573,-75.1452, , 
70967,822765,2011100866,6,67,67301,2011,8,2,2308,23,3,1,0,1,1, , ,N,1,2,0,3,0,1,2,2,N,N,40 01:48.125,75 06:11.118,2316, ,2311, ,0, ,N, ,3, , , , , , , , , ,2,2,0,0,0,0,0,0,0,0,0,1,1,0,1,0,0,0,0,0,0,0,0,0,0,0,0,0,0,0,0,0,0,0,0,4,0,40.03,-75.1031, , 
70968,822769,2011060471,6,67,67301,2011,6,2,1713,17,1,1,0,1,1, , ,N,0,0,0,3,0,0,2,2,N,N,39 54:02.651,75 09:17.147,1726, ,1726, ,0, ,N, ,0, , , , , , , , , ,2,1,0,0,0,0,1,0,0,0,0,0,0,0,0,0,0,0,0,0,1,0,0,0,0,0,0,0,0,0,0,0,0,0,0,0,0,39.9007,-75.1547, , 
70969,822772,2011061833,6,67,67301,2011,5,1,1640,16,1,2,1,1,6, , ,N,0,0,0,3,0,0,1,4,N,N,40 01:43.688,75 10:25.788,1753, ,1653, ,0, ,N, ,0, , , , , , , , , ,4,4,0,0,0,0,0,0,0,0,0,0,0,0,0,0,0,0,0,0,0,0,1,0,0,0,0,0,0,0,0,0,0,0,0,0,0,40.0288,-75.1738, , 
70970,822787,2011115514,6,67,67301,2011,10,1,218,2,3,1,0,2,1, , ,N,0,2,0,3,0,0,2,2,N,N,39 55:34.603,75 14:00.284,218, ,218, ,0, ,N, ,3, , , , , , , , , ,2,2,0,0,0,0,0,0,0,0,0,0,0,0,1,0,0,0,0,0,0,0,0,1,0,0,0,0,0,0,0,0,0,0,0,9,0,39.9263,-75.2334, , 
70971,822793,2011118175,6,67,67301,2011,10,6,1824,18,2,1,0,1,1, , ,N,1,2,0,3,0,1,2,2,N,N,39 55:29.209,75 10:21.964,1830, ,1827, ,0, ,N, ,3, , , , , , , , , ,1,0,0,0,0,0,0,0,1,0,0,1,1,0,0,0,0,0,0,0,0,0,0,0,0,0,0,0,0,0,0,0,0,0,0,4,0,39.9248,-75.1728, , 
70972,822811,2011056775,6,67,67301,2011,5,2,9999,99,1,1,0,1,1, , ,N,0,0,0,3,0,1,3,2,N,N,39 59:57.720,75 12:31.070,1007, ,1000,9,1,3,N, ,0,N, , , , , , , , ,2,1,0,0,0,0,1,0,0,0,0,0,1,1,0,0,0,0,0,0,0,0,0,0,0,0,0,0,0,0,0,0,0,0,0,8,0,39.9994,-75.2086, , 
70973,822860,2011108753,6,67,67301,2011,9,1,250,2,3,1,0,8,1, , ,N,1,2,0,3,0,3,4,4,N,N,39 56:11.083,75 13:08.439,257, ,256, ,0, ,N, ,9, , , , , , , , , ,1,1,0,0,0,0,0,0,0,0,0,3,3,0,0,0,0,0,0,0,0,0,0,0,0,0,0,0,0,0,0,0,3,0,0,4,0,39.9364,-75.219, , 
70974,822875,2011053552,6,67,67301,2011,4,7,1215,12,1,2,1,4,1, , ,N,1,2,0,3,0,3,6,2,N,N,39 58:59.055,75 08:38.421,1220, ,1216, ,0, ,N, ,3, , , , , , , , , ,2,2,0,0,0,0,0,0,0,0,0,3,3,0,0,0,0,0,0,0,0,0,0,0,0,0,0,0,0,0,0,0,0,0,0,4,0,39.9831,-75.144, , 
70975,822878,2011056905,6,67,67301,2011,5,1,1150,11,1,1,0,8,1, , ,N,0,0,0,3,0,1,2,2,N,N,39 59:43.583,75 10:44.120,9999, ,9999, ,0, ,N, ,0, , , , , , , , , ,1,1,0,0,0,0,0,0,0,0,0,1,1,0,1,0,0,0,0,0,0,0,0,0,0,0,0,0,0,0,0,0,1,0,0,4,0,39.9954,-75.1789, , 
70976,822897,2011082605,6,67,67301,2011,7,3,1241,12,1,1,0,4,4, , ,N,1,2,0,3,0,1,2,2,N,N,40 03:20.764,75 09:31.951,1250, ,1246, ,0, ,N, ,3, , , , , , , , , ,2,2,0,0,0,0,0,0,0,0,0,1,1,0,0,0,0,0,0,0,0,0,1,0,0,0,0,0,0,0,0,0,0,0,0,4,0,40.0558,-75.1589, , 
70977,822901,2011085489,6,67,67301,2011,7,1,1905,19,1,1,1,4,1, , ,N,1,2,0,3,0,2,3,4,N, ,39 58:48.215,75 06:57.921,1915, ,1910,1,1,4, , ,3,Y, , , , , , , , ,4,1,0,0,1,0,2,0,0,0,0,2,2,0,1,0,1,0,0,0,0,0,0,1,0,0,0,0,0,0,0,0,0,0,0,4,0,39.9801,-75.1161, , 
70978,815896,2011132660,6,67,67301,2011,11,1,208,2,3,1,0,7,2, , ,N,1,2,0,3,0,0,1,1,N,N,39 56:49.916,75 09:59.252,214, ,209, ,0, , , ,3, , , , , , , , , ,1,0,0,0,0,0,1,0,0,0,0,0,0,0,0,0,0,0,0,0,0,0,0,0,0,0,0,0,0,0,0,0,0,0,0,0,0,39.9472,-75.1665, , 
70979,815897,2011132849,6,67,67301,2011,11,5,1400,14,1,1,0,8,1, , ,N,0,0,0,3,0,1,2,2,N,N,40 02:01.309,75 03:55.472,1409, ,1406, ,0, ,N, ,0, , , , , , , , , ,1,0,0,0,0,0,1,0,0,0,0,0,1,1,1,0,0,0,0,0,0,0,0,1,0,0,0,0,0,0,0,0,1,0,0,8,0,40.0337,-75.0654, , 
70980,815905,2012032533,6,67,67301,2011,12,5,2109,21,3,1,0,4,1, , ,N,1,2,0,3,0,1,2,2,N,N,39 54:45.697,75 08:17.589,2118, ,2118,9,1,2,N, ,3,N, , , , , , , , ,2,1,1,0,0,0,0,0,0,0,1,0,1,0,0,1,0,0,0,0,0,0,0,1,0,0,0,0,0,0,0,0,0,0,0,3,0,39.9125,-75.1381, , 
70981,815914,2011061741,6,67,67301,2011,5,5,140,1,3,1,0,7,5, , ,N,6,0,0,3,0,0,1,1,N,N,39 58:56.846,75 06:03.805,155, ,150,1,2,2,N, ,0,Y, , , , , , , , ,1,1,0,0,0,0,0,0,0,0,0,0,0,0,0,0,0,0,0,1,0,0,0,0,0,0,0,0,0,0,0,0,0,0,0,0,0,39.9825,-75.1011, , 
70982,815918,2011066197,6,67,67301,2011,5,5,1345,13,1,1,0,1,1, , ,N,1,2,0,3,0,2,3,3,N,N,39 59:49.557,75 14:07.172,1400, ,1350, ,0, ,N, ,3, , , , , , , , , ,3,1,0,0,0,0,1,1,0,0,0,0,2,2,1,0,0,0,0,0,0,0,0,0,0,0,0,0,0,0,0,0,0,0,0,8,0,39.997,-75.2353, , 
70983,815931,2011082546,6,67,67301,2011,7,3,1700,17,1,1,0,8,1, , ,N,1,2,0,3,0,2,2,2,N,N,39 56:38.450,75 09:36.017,1708, ,1705, ,0, ,N, ,3, , , , , , , , , ,1,0,1,0,0,0,0,0,0,0,0,0,2,2,0,0,0,0,0,0,1,0,0,0,0,0,0,0,0,0,0,0,1,0,0,8,0,39.944,-75.16, , 
70984,815932,2011082737,6,67,67301,2011,7,7,250,2,3,1,0,4,1, , ,N,1,3,0,3,0,1,3,2,N, ,39 57:48.060,75 09:46.616,308, ,305, ,0, , , ,3, , , , , , , , , ,2,1,0,0,1,0,0,0,0,0,0,1,1,0,0,0,0,0,0,0,0,0,0,1,0,0,0,0,0,0,0,0,0,0,0,4,0,39.9634,-75.1629, , 
70985,815933,2011085464,6,67,67301,2011,7,6,1615,16,1,1,0,4,2, , ,N,0,0,0,3,0,0,1,3,N,N,40 05:39.633,74 58:05.815,1620, ,1615, ,0, ,N, ,0, , , , , , , , , ,3,3,0,0,0,0,0,0,0,0,0,0,0,0,0,0,0,0,0,0,0,0,0,0,0,0,0,0,0,0,0,0,0,0,0,0,0,40.0943,-74.9683, , 
70986,815934,2011085485,6,67,67301,2011,7,7,2210,22,3,1,0,1,1, , ,N,1,2,0,3,0,1,2,2,N, ,40 01:34.321,75 10:08.941,2214, ,2211, ,0, , , ,3, , , , , , , , , ,2,0,2,0,0,0,0,0,0,0,0,0,1,1,0,0,0,0,0,0,1,0,0,0,0,0,0,0,0,0,0,0,0,0,0,8,0,40.0262,-75.1692, , 
70987,815983,2011064026,6,67,67301,2011,5,1,2357,23,2,2,1,7,5, , ,N,0,0,0,3,0,1,1,1, , ,39 59:34.736,75 09:49.891,53, ,48, ,0, , , ,0, , , , , , , , , ,1,1,0,0,0,0,0,0,0,0,0,0,1,1,0,0,0,0,0,0,0,0,0,0,0,0,0,0,0,0,0,0,0,0,0,8,0,39.993,-75.1639, , 
70988,815990,2011065669,6,67,67301,2011,6,5,1654,16,1,1,0,1,1, , ,N,0,0,0,3,0,0,2,2,N,N,40 02:22.150,75 00:26.986,1655, ,1655, ,0, ,N, ,0, , , , , , , , , ,2,0,0,0,0,0,1,1,0,0,0,0,0,0,0,0,0,0,0,0,1,0,0,0,0,0,0,0,0,0,0,0,0,0,0,0,0,40.0395,-75.0074, , 
70989,815996,2011075828,6,67,67301,2011,6,4,2105,21,2,1,0,1,6, , ,N,0,0,0,3,0,1,1,2,N,N,40 02:10.089,75 13:34.993,2115, ,2108, ,0, ,N, ,0, , , , , , , , , ,2,0,1,0,0,0,1,0,0,0,0,0,1,1,0,0,0,0,0,0,0,0,0,0,0,0,0,0,0,0,0,0,0,0,0,8,0,40.0361,-75.2264, , 
70990,816001,2011083428,6,67,67301,2011,7,1,2230,22,3,1,0,8,1, , ,N,0,2,0,3,0,1,2,2,N,N,39 57:02.215,75 08:56.049,9999, ,2233, ,0, ,N, ,3, , , , , , , , , ,1,1,0,0,0,0,0,0,0,1,0,0,1,0,0,0,0,0,0,0,0,0,0,0,0,0,0,0,0,0,0,0,1,0,1,2,0,39.9506,-75.1489, , 
70991,816004,2011088073,6,67,67301,2011,7,7,1300,13,1,1,0,8,1, , ,N,1,2,0,3,0,1,2,2,N, ,40 00:11.769,75 09:57.120,9999, ,1700, ,0, ,N, ,9, , , , , , , , , ,1,1,0,0,0,0,0,0,0,0,0,1,1,0,0,0,0,0,0,0,0,0,0,0,0,0,0,0,0,0,0,0,1,0,0,4,0,40.0033,-75.1659, , 
70992,816016,2011104726,6,67,67301,2011,8,1,216,2,3,1,0,7,5, , ,N,0,0,0,3,0,2,4,2,N,N,39 58:13.539,75 11:34.179,219, ,219,1,1,4,N, ,0,N, , , , , , , , ,1,0,0,0,0,0,1,0,0,0,2,0,2,0,0,0,0,0,0,0,0,0,0,0,0,0,0,0,0,0,0,0,0,0,0,3,0,39.9704,-75.1928, , 