objectid_1,objectid,crn,district,county,municipality,crash_year,crash_month,day_of_week,time_of_day,hour_of_day,illumination,weather,road_condition,collision_type,relation_to_road,work_zone_type,work_zone_loc,work_zone_ind,intersect_type,tcd_type,location_type,urban_rural,fatal_count,injury_count,person_count,total_units,sch_bus_ind,sch_zone_ind,latitude,longitude,arrival_tm,cons_zone_spd_lim,dispatch_tm,est_hrs_closed,lane_closed,ln_close_dir,ntfy_hiwy_maint,spec_juris_cd,tcd_func_cd,tfc_detour_ind,workers_pres,wz_close_detour,wz_flagger,wz_law_offcr_ind,wz_ln_closure,wz_moving,wz_other,wz_shlder_mdn,vehicle_count,automobile_count,motorcycle_count,bus_count,small_truck_count,heavy_truck_count,suv_count,van_count,bicycle_count,maj_inj_count,mod_inj_count,min_inj_count,tot_inj_count,unk_inj_deg_count,unk_inj_per_count,driver_count_16yr,driver_count_17yr,driver_count_18yr,driver_count_19yr,driver_count_20yr,driver_count_50_64yr,driver_count_65_74yr,driver_count_75plus,unbelted_occ_count,unb_death_count,unb_maj_inj_count,belted_death_count,belted_maj_inj_count,mcycle_death_count,mcycle_maj_inj_count,bicycle_death_count,bicycle_maj_inj_count,ped_count,ped_death_count,ped_maj_inj_count,max_severity_level,comm_veh_count,dec_lat,dec_long,rdwy_surf_type_cd,county_name
70993,816040,2011064053,6,67,67301,2011,5,1,2207,22,3,1,0,4,1, , ,N,1,3,0,3,0,1,2,2,N,N,40 01:08.120,75 02:58.216,2215, ,2210,1,1,5,N, ,3,Y, , , , , , , , ,2,2,0,0,0,0,0,0,0,0,0,1,1,0,0,0,0,0,0,0,0,0,0,0,0,0,0,0,0,0,0,0,0,0,0,4,0,40.0189,-75.0495, , 
70994,816043,2011068501,6,67,67301,2011,6,6,1916,19,1,1,0,8,1, , ,N,0,0,0,3,0,1,2,2,N,N,39 56:07.662,75 09:07.835,1925, ,1920, ,0, ,N, ,0, , , , , , , , , ,1,1,0,0,0,0,0,0,0,0,0,1,1,0,0,0,0,0,0,0,0,0,0,0,0,0,0,0,0,0,0,0,1,0,0,4,0,39.9355,-75.1522, , 
70995,816047,2011076308,6,67,67301,2011,6,7,1245,12,1,1,0,1,1, , ,N,1,0,0,3,0,0,2,2, , ,39 59:27.484,75 07:54.928,1250, ,1245, ,0, , , ,0, , , , , , , , , ,2,2,0,0,0,0,0,0,0,0,0,0,0,0,0,0,0,0,0,0,0,0,1,0,0,0,0,0,0,0,0,0,0,0,0,0,0,39.991,-75.1319, , 
70996,819244,2011095379,6,67,67301,2011,8,3,1445,14,1,1,0,8,1, , ,N,2,3,0,3,0,1,2,2,N,N,39 57:40.683,75 09:48.275,1652, ,1646, ,0, , , ,3, , , , , , , , , ,1,0,0,0,0,0,0,1,0,0,0,0,1,1,1,0,0,0,0,0,0,0,0,0,0,0,0,0,0,0,0,0,1,0,0,8,0,39.9613,-75.1634, , 
70997,819271,2011029391,6,67,67301,2011,2,7,2040,20,3,1,0,6,1, , ,N,0,0,0,3,0,2,5,2,N,N,40 02:18.970,75 09:30.481,2045, ,2040,1,2,5,N, ,0,Y, , , , , , , , ,2,1,0,0,0,0,0,1,0,0,2,0,2,0,1,0,0,0,1,0,0,0,0,2,0,0,0,0,0,0,0,0,0,0,0,3,0,40.0386,-75.1585, , 
70998,819275,2011031336,6,67,67301,2011,2,4,830,8,1,1,0,8,1, , ,N,1,2,0,3,0,1,2,2,N,N,40 01:43.550,75 07:55.833,1050, ,1042, ,0, ,N, ,9, , , , , , , , , ,1,0,0,0,0,0,1,0,0,0,0,0,1,1,1,0,0,0,0,0,0,0,0,0,0,0,0,0,0,0,0,0,1,0,0,8,0,40.0288,-75.1322, , 
70999,819276,2011031449,6,67,67301,2011,2,1,1848,18,3,1,0,4,1, , ,N,1,2,0,3,0,1,2,2,N,N,40 03:31.910,75 05:05.947,1854, ,1851, ,0, ,N, ,3, , , , , , , , , ,2,1,0,0,0,0,1,0,0,0,0,1,1,0,1,0,0,0,0,0,0,0,0,0,0,0,0,0,0,0,0,0,0,0,0,4,0,40.0589,-75.085, , 
71000,819278,2011034125,6,67,67301,2011,3,4,1845,18,3,1,1,1,1, , ,N,0,0,0,3,0,1,3,3,N,N,39 58:53.241,75 06:07.348,1847, ,1847,1,1,2,N, ,0,N, , , , , , , , ,3,1,0,0,1,0,1,0,0,0,0,0,1,1,0,0,0,0,0,0,1,0,0,0,0,0,0,0,0,0,0,0,0,0,0,8,0,39.9814,-75.1022, , 
71001,819285,2011040430,6,67,67301,2011,3,5,500,5,3,2,1,8,1, , ,N,0,0,0,3,0,1,2,2,N,N,40 00:47.699,75 04:07.046,508, ,505, ,0, ,N, ,0, , , , , , , , , ,1,1,0,0,0,0,0,0,0,0,0,0,1,1,0,0,0,0,0,0,1,0,0,0,0,0,0,0,0,0,0,0,1,0,0,8,0,40.0132,-75.0686, , 
71002,819295,2011056932,6,67,67301,2011,5,7,1231,12,1,1,0,4,1, , ,N,2,0,0,3,0,1,5,2,N,N,40 01:35.418,75 12:14.350,1233, ,1231, ,0, ,N, ,0, , , , , , , , , ,2,1,0,0,1,0,0,0,0,0,1,0,1,0,0,0,0,0,0,0,1,0,0,0,0,0,0,0,0,0,0,0,0,0,0,3,0,40.0265,-75.204, , 
71003,819312,2011088464,6,67,67301,2011,8,5,52,0,3,2,1,7,5, , ,N,0,0,0,3,0,1,1,1,N,N,39 57:22.353,75 11:12.298,100, ,52, ,0, ,N, ,0, , , , , , , , , ,1,1,0,0,0,0,0,0,0,1,0,0,1,0,0,0,0,0,0,1,0,0,0,0,0,0,0,0,0,0,0,0,0,0,0,2,0,39.9562,-75.1867, , 
71004,819319,2011092956,6,67,67301,2011,8,1,829,8,3,1,0,4,6, , ,N,0,0,0,3,0,0,1,3,N, ,39 55:51.484,75 09:28.875,835, ,830,1,2,2, , ,0,Y, , , , , , , , ,3,3,0,0,0,0,0,0,0,0,0,0,0,0,1,0,0,0,0,0,0,0,0,1,0,0,0,0,0,0,0,0,0,0,0,9,0,39.931,-75.158, , 
71005,819325,2011100845,6,67,67301,2011,9,1,214,2,3,1,0,1,1, , ,N,0,0,0,3,0,1,2,2,N,N,39 57:04.139,75 10:20.973,227, ,225, ,0, ,N, ,0, , , , , , , , , ,1,1,0,0,0,0,0,0,1,0,0,0,1,1,0,0,0,0,0,0,0,0,0,0,0,0,0,0,0,0,0,0,0,0,0,8,0,39.9511,-75.1725, , 
71006,819349,2012002028,6,67,67301,2011,12,7,1955,19,3,1,0,5,1, , ,N,1,2,0,3,0,1,2,2,N,N,39 57:51.632,75 10:34.573,1959, ,1956, ,0, ,N, ,3, , , , , , , , , ,1,1,0,0,0,0,0,0,1,0,0,0,1,1,0,0,0,0,0,0,0,0,0,0,0,0,0,0,0,0,0,0,0,0,0,8,0,39.9644,-75.1764, , 
71007,819356,2011056819,6,67,67301,2011,5,3,2034,20,3,1,0,7,5, , ,N,0,0,0,3,0,1,2,1,N,N,40 04:08.883,75 02:24.141,2040, ,2034, ,0, ,N, ,0, , , , , , , , , ,1,1,0,0,0,0,0,0,0,0,0,1,1,0,0,0,0,0,0,0,0,0,0,0,0,0,0,0,0,0,0,0,0,0,0,4,0,40.0691,-75.04, , 
71008,819383,2011090176,6,67,67301,2011,8,7,1704,17,1,2,1,7,2, , ,N,0,0,0,3,0,0,1,1,N,N,39 53:56.537,75 10:06.560,1716, ,1707, ,0, ,N, ,0, , , , , , , , , ,1,1,0,0,0,0,0,0,0,0,0,0,0,0,0,0,0,0,0,0,0,0,0,0,0,0,0,0,0,0,0,0,0,0,0,0,0,39.899,-75.1685, , 
71009,819391,2011095452,6,67,67301,2011,8,2,655,6,1,1,0,7,4, , ,N,0,0,0,3,0,1,2,1,N, ,40 01:02.064,75 12:41.126,715, ,704, ,0, , , ,0, , , , , , , , , ,1,0,0,1,0,0,0,0,0,0,0,0,1,1,0,0,0,0,0,0,0,0,0,0,0,0,0,0,0,0,0,0,0,0,0,8,1,40.0171,-75.2114, , 
71010,819414,2011083328,6,67,67301,2011,7,7,9999,99,1,1,0,1,9, , ,N,1,2,0,3,0,1,3,3,N,N,40 02:41.988,75 07:24.833,1708, ,1708, ,0, ,N, ,3, , , , , , , , , ,3,1,0,0,0,0,0,2,0,0,0,0,1,1,0,0,0,0,0,0,0,0,1,0,0,0,0,0,0,0,0,0,0,0,0,8,0,40.045,-75.1236, , 
71011,819415,2011083336,6,67,67301,2011,7,2,9999,99,3,1,0,4,1, , ,N,1,2,0,3,0,5,5,2,N, ,40 00:57.144,75 09:13.828,300, ,259, ,0, , , ,3, , , , , , , , , ,2,2,0,0,0,0,0,0,0,0,0,0,5,5,0,0,0,0,0,0,0,0,0,0,0,0,0,0,0,0,0,0,0,0,0,8,0,40.0159,-75.1538, , 
71012,819422,2011090575,6,67,67301,2011,8,5,821,8,1,1,0,6,1, , ,N,2,0,2,3,0,0,3,2,N, ,39 57:15.516,75 08:23.025,840, ,836,2,2,2, , ,0,N, , , , , , , , ,2,2,0,0,0,0,0,0,0,0,0,0,0,0,0,0,0,0,0,0,1,0,0,0,0,0,0,0,0,0,0,0,0,0,0,0,0,39.9541,-75.1395, , 
71013,819433,2011107342,6,67,67301,2011,10,1,1437,14,1,1,0,1,1, , ,N,6,0,2,3,0,1,4,3,N,N,39 56:54.806,75 11:08.208,1445, ,1438,1,1,4,N, ,0,N, , , , , , , , ,3,1,0,0,1,0,1,0,0,0,0,0,1,1,0,0,0,0,0,0,0,0,0,0,0,0,0,0,0,0,0,0,0,0,0,8,0,39.9486,-75.1856, , 
71014,822905,2011087988,6,67,67301,2011,8,5,0,0,3,2,1,4,1, , ,N,2,0,0,3,0,0,2,2,N,N,40 02:20.683,75 03:34.752,10, ,5,2,1,1,N, ,0,N, , , , , , , , ,2,1,0,0,1,0,0,0,0,0,0,0,0,0,0,0,0,0,0,0,0,0,0,0,0,0,0,0,0,0,0,0,0,0,0,0,0,40.0391,-75.0597, , 
71015,822911,2011092934,6,67,67301,2011,8,7,1740,17,1,1,0,6,9, , ,N,0,0,0,3,0,2,4,2,N, ,40 00:15.775,75 08:57.638,1755, ,1750, ,0, , , ,0, , , , , , , , , ,2,1,0,1,0,0,0,0,0,0,0,0,2,2,1,0,0,0,0,0,0,0,0,1,0,0,0,0,0,0,0,0,0,0,0,8,1,40.0044,-75.1493, , 
71016,822925,2011068369,6,67,67301,2011,6,7,1317,13,1,1,0,8,1, , ,N,1,2,0,3,0,1,2,2,N,N,40 03:02.401,75 10:23.780,1400, ,1350, ,0, ,N, ,3, , , , , , , , , ,1,1,0,0,0,0,0,0,0,0,0,0,1,1,0,0,0,0,0,0,0,0,0,1,0,0,0,0,0,0,0,0,1,0,0,8,0,40.0507,-75.1733, , 
71017,822930,2011073174,6,67,67301,2011,6,7,9999,99,5,1,0,4,1, , ,N,0,0,0,3,0,0,2,3,N,N,39 57:57.103,75 14:38.558,350, ,342, ,0, ,N, ,0, , , , , , , , , ,3,2,0,0,0,0,0,0,0,0,0,0,0,0,2,0,0,0,0,0,0,0,0,0,0,0,0,0,0,0,0,0,0,0,0,9,0,39.9659,-75.244, , 
71018,822940,2011082638,6,67,67301,2011,7,3,2248,22,3,1,0,1,1, , ,N,0,0,0,3,0,0,2,2,N,N,40 00:27.739,75 11:29.679,2258, ,2250,2,1,1,N, ,0,N, , , , , , , , ,2,1,0,0,0,0,1,0,0,0,0,0,0,0,0,0,0,0,0,0,0,0,0,0,0,0,0,0,0,0,0,0,0,0,0,0,0,40.0077,-75.1916, , 
71019,822998,2011090434,6,67,67301,2011,7,3,9999,99,1,1,0,7,3, , ,N,1,2,99,3,0,0,2,2,N,N,39 57:23.708,75 09:08.591,9999, ,9999, ,0, ,N, ,3, , , , , , , , , ,2,2,0,0,0,0,0,0,0,0,0,0,0,0,0,0,0,0,0,0,2,0,0,0,0,0,0,0,0,0,0,0,0,0,0,0,0,39.9566,-75.1524, , 
71020,823017,2011076286,6,67,67301,2011,7,7,45,0,3,1,0,5,1, , ,N,1,3,0,3,0,0,1,2, , ,39 55:26.648,75 11:13.005,47, ,45, ,0, , , ,3, , , , , , , , , ,2,2,0,0,0,0,0,0,0,0,0,0,0,0,0,0,0,0,0,0,0,0,1,1,0,0,0,0,0,0,0,0,0,0,0,0,0,39.9241,-75.1869, , 
71021,823030,2011076314,6,67,67301,2011,6,6,35,0,3,1,0,4,1, , ,N,2,2,0,3,0,1,2,2,N,N,40 06:28.603,75 01:35.426,43, ,37,2,2,2,N, ,3,N, , , , , , , , ,2,2,0,0,0,0,0,0,0,0,0,0,1,1,0,0,0,0,0,0,0,1,0,0,0,0,0,0,0,0,0,0,0,0,0,8,0,40.1079,-75.0264, , 
71022,823054,2011066172,6,67,67301,2011,5,3,630,6,1,1,1,1,1, , ,N,2,2,0,3,0,0,3,3,N, ,40 00:34.739,75 03:50.936,815, ,809, ,0, ,N, ,3, , , , , , , , , ,3,2,0,0,0,1,0,0,0,0,0,0,0,0,0,0,0,0,0,0,1,1,0,2,0,0,0,0,0,0,0,0,0,0,0,0,1,40.0096,-75.064, , 
71023,823055,2011066246,6,67,67301,2011,6,5,1515,15,1,1,0,4,1, , ,N,5,2,0,3,0,2,4,2,N,N,40 01:52.626,75 05:06.090,1525, ,1520, ,0, ,N, ,3, , , , , , , , , ,2,2,0,0,0,0,0,0,0,0,0,2,2,0,0,0,0,0,0,0,0,1,0,0,0,0,0,0,0,0,0,0,0,0,0,4,0,40.0313,-75.085, , 
71024,823065,2011076496,6,67,67301,2011,6,3,1520,15,1,2,1,1,1, , ,N,0,0,0,3,0,1,3,3, , ,40 05:35.371,74 59:17.779,1915, ,1904, ,0, , , ,0, , , , , , , , , ,3,2,0,0,0,0,0,0,0,0,0,1,1,0,0,0,0,0,0,0,0,0,0,0,0,0,0,0,0,0,0,0,0,0,0,4,0,40.0932,-74.9883, , 
71025,823099,2011047296,6,67,67301,2011,4,4,250,2,3,1,0,2,1, , ,N,2,3,0,3,0,0,1,2,N,N,40 01:42.582,75 08:55.510,255, ,250, ,0, ,N, ,9, , , , , , , , , ,2,2,0,0,0,0,0,0,0,0,0,0,0,0,0,0,0,0,0,0,0,0,0,0,0,0,0,0,0,0,0,0,0,0,0,0,0,40.0285,-75.1488, , 
71026,823118,2011071693,6,67,67301,2011,7,6,1208,12,1,1,0,1,1, , ,N,0,0,0,3,0,1,4,2,N,N,39 58:45.996,75 12:14.398,1220, ,1211, ,0, ,N, ,0, , , , , , , , , ,2,0,0,0,0,0,2,0,0,0,0,1,1,0,0,0,0,0,0,0,1,0,0,0,0,0,0,0,0,0,0,0,0,0,0,4,0,39.9794,-75.204, , 
71027,823120,2011073244,6,67,67301,2011,6,2,1720,17,1,1,0,1,1, , ,N,2,2,0,3,0,1,7,4,N,N,40 06:17.944,75 00:06.135,1730, ,1725,1,1,2,N, ,3,N, , , , , , , , ,4,2,0,0,0,0,1,1,0,0,0,1,1,0,0,0,0,0,0,0,2,0,0,0,0,0,0,0,0,0,0,0,0,0,0,4,0,40.105,-75.0017, , 
71028,823131,2011082495,6,67,67301,2011,7,7,250,2,2,1,0,1,1, , ,N,0,0,0,3,0,1,4,2,N,N,39 57:25.114,75 13:32.187,255, ,253, ,0, ,N, ,0, , , , , , , , , ,2,2,0,0,0,0,0,0,0,0,0,0,1,1,0,0,0,0,0,0,0,0,0,2,0,0,0,0,0,0,0,0,0,0,0,8,0,39.957,-75.2256, , 
71029,823133,2011082920,6,67,67301,2011,8,3,551,5,1,1,0,7,3, , ,N,0,0,0,3,0,1,1,1,N,N,39 54:03.609,75 09:10.899,610, ,557,1,1,1,N, ,0,N, , , , , , , , ,1,1,0,0,0,0,0,0,0,0,1,0,1,0,0,0,0,0,0,0,0,0,0,1,0,0,0,0,0,0,0,0,0,0,0,3,0,39.901,-75.153, , 
71030,823137,2011090444,6,67,67301,2011,8,6,2010,20,3,1,0,4,1, , ,N,1,0,0,3,0,1,2,2,N,N,40 02:30.069,75 07:19.534,2010, ,2010, ,0, ,N, ,0, , , , , , , , , ,1,1,0,0,0,0,0,0,1,0,0,1,1,0,0,0,0,0,0,0,0,0,1,0,0,0,0,0,0,0,0,0,0,0,0,4,0,40.0417,-75.1221, , 
71031,823165,2011053028,6,67,67301,2011,5,1,1552,15,1,1,0,4,1, , ,N,0,0,0,3,0,0,3,2,N,N,39 58:45.876,75 12:14.982,1559, ,1553, ,0, ,N, ,0, , , , , , , , , ,2,2,0,0,0,0,0,0,0,0,0,0,0,0,0,0,0,0,0,0,1,1,0,0,0,0,0,0,0,0,0,0,0,0,0,0,0,39.9794,-75.2042, , 
71032,823177,2011068489,6,67,67301,2011,6,1,236,2,3,1,0,7,2, , ,N,2,0,0,3,0,0,2,1,N,N,39 57:01.214,75 10:20.035,240, ,236, ,0, ,N, ,0, , , , , , , , , ,1,1,0,0,0,0,0,0,0,0,0,0,0,0,0,0,0,0,0,0,0,0,0,0,0,0,0,0,0,0,0,0,0,0,0,0,0,39.9503,-75.1722, , 
71033,828532,2011106218,6,67,67301,2011,9,1,1255,12,1,1,0,4,1, , ,N,2,3,0,3,0,6,8,2,N, ,40 02:31.347,75 07:29.495,1308, ,1305, ,0, , , ,3, , , , , , , , , ,2,2,0,0,0,0,0,0,0,0,0,6,6,0,0,0,0,0,0,1,0,0,0,0,0,0,0,0,0,0,0,0,0,0,0,4,0,40.042,-75.1249, , 
71034,828546,2011127070,6,67,67301,2011,11,4,1815,18,1,1,0,8,1, , ,N,0,0,0,3,0,1,2,2,N,N,39 59:10.384,75 06:34.002,1830, ,1815, ,0, ,N, ,0, , , , , , , , , ,1,1,0,0,0,0,0,0,0,0,0,0,1,1,0,0,0,0,0,0,0,0,0,0,0,0,0,0,0,0,0,0,1,0,0,8,0,39.9862,-75.1094, , 
71035,828578,2011134693,6,67,67301,2011,12,7,9999,99,3,1,0,4,1, , ,N,0,4,0,3,0,3,6,2,N,N,39 54:28.112,75 09:13.928,1710, ,1705, ,0, ,N, ,3, , , , , , , , , ,2,2,0,0,0,0,0,0,0,0,0,0,3,3,0,0,0,0,0,1,0,0,0,0,0,0,0,0,0,0,0,0,0,0,0,8,0,39.9078,-75.1539, , 
71036,828579,2012004963,6,67,67301,2011,12,1,1840,18,3,1,0,8,1, , ,N,0,0,0,3,1,0,2,2,N,N,40 02:55.795,75 09:02.786,1848, ,1841,2,1,2, ,0,0,N, , , , , , , , ,1,1,0,0,0,0,0,0,0,0,0,0,0,0,0,0,0,0,0,0,0,0,0,0,0,0,0,0,0,0,0,0,1,1,0,1,0,40.0488,-75.1508,2, 
71037,828592,2011066070,6,67,67301,2011,2,6,834,8,1,1,0,8,4, , ,N,2,0,7,3,0,1,2,2,N,Y,40 00:24.934,75 04:06.372,855, ,851, ,0, ,N, ,0, , , , , , , , , ,1,0,0,0,1,0,0,0,0,1,0,0,1,0,0,0,0,0,0,0,0,0,0,0,0,0,0,0,0,0,0,0,1,0,1,2,0,40.0066,-75.0682, , 
71038,828594,2011068486,6,67,67301,2011,6,1,1557,15,1,1,0,4,1, , ,N,1,2,0,3,0,3,6,2,N,N,40 05:40.718,75 00:54.707,1600, ,1558,1,1,2,N, ,3,N, , , , , , , , ,2,2,0,0,0,0,0,0,0,0,0,3,3,0,1,0,0,0,0,0,0,0,0,0,0,0,0,0,0,0,0,0,0,0,0,4,0,40.0946,-75.0152, , 
71039,828610,2011096770,6,67,67301,2011,9,7,2042,20,3,1,0,7,4, , ,N,0,0,0,3,0,0,1,1,N,N,40 01:33.460,75 07:12.384,2047, ,2043,1,1,1,N, ,0,N, , , , , , , , ,1,1,0,0,0,0,0,0,0,0,0,0,0,0,1,0,0,0,0,0,0,0,0,0,0,0,0,0,0,0,0,0,0,0,0,9,0,40.026,-75.1201, , 
71040,828612,2011100690,6,67,67301,2011,9,5,2053,20,3,1,0,2,1, , ,N,2,0,2,3,0,2,2,2,N, ,39 59:14.615,75 05:17.302,9999, ,2101, ,0, , , ,0, , , , , , , , , ,2,1,0,0,1,0,0,0,0,0,0,1,2,1,0,0,0,0,0,0,1,0,0,0,0,0,0,0,0,0,0,0,0,0,0,4,0,39.987,-75.0878, , 
71041,828623,2011112278,6,67,67301,2011,10,4,1550,15,1,1,0,8,1, , ,N,1,2,0,3,0,1,2,2,N, ,40 00:36.235,75 09:27.174,1602, ,1554,3,2,2,N, ,3,Y, , , , , , , , ,1,1,0,0,0,0,0,0,0,0,0,1,1,0,1,0,0,0,0,0,0,0,0,0,0,0,0,0,0,0,0,0,1,0,0,4,0,40.0101,-75.1576, , 
71042,828639,2011090446,6,67,67301,2011,8,7,1,0,3,1,0,4,1, , ,N,1,2,0,3,0,3,4,2,N,N,39 53:23.545,75 14:01.242,20, ,10,9,2,1,N, ,3,N, , , , , , , , ,2,2,0,0,0,0,0,0,0,0,0,3,3,0,0,0,0,0,0,0,0,1,0,0,0,0,0,0,0,0,0,0,0,0,0,4,0,39.8898,-75.2338, , 
71043,828642,2011092888,6,67,67301,2011,8,1,118,1,3,1,0,1,1, , ,N,1,0,0,3,0,1,5,2,N,N,40 01:14.826,75 07:05.595,121, ,120, ,0, ,N, ,0, , , , , , , , , ,2,2,0,0,0,0,0,0,0,0,0,0,1,1,0,0,0,0,0,0,0,0,0,1,0,0,0,0,0,0,0,0,0,0,0,8,0,40.0208,-75.1182, , 
71044,828682,2011112184,6,67,67301,2011,10,7,730,7,1,1,1,7,4, , ,N,0,0,0,3,0,1,2,1,N, ,40 04:30.599,75 00:05.322,806, ,806, ,0, , , ,0, , , , , , , , , ,1,1,0,0,0,0,0,0,0,0,0,0,1,1,0,0,0,0,0,0,0,0,0,0,0,0,0,0,0,0,0,0,0,0,0,8,0,40.0752,-75.0015, , 
71045,828686,2011054232,6,67,67301,2011,4,5,2300,23,3,1,0,7,2, , ,N,1,2,0,3,0,1,1,1,N,N,40 03:24.532,75 02:49.228,2309, ,2301, ,0, ,N, ,3, , , , , , , , , ,1,1,0,0,0,0,0,0,0,0,1,0,1,0,0,0,0,0,0,1,0,0,0,1,0,0,0,0,0,0,0,0,0,0,0,3,0,40.0567,-75.0469, , 
71046,828710,2011127049,6,67,67301,2011,11,6,1405,14,1,1,0,4,1, , ,N,1,3,0,3,0,1,3,2,N, ,39 56:35.516,75 09:30.711,1412, ,1410, ,0, , , ,9, , , , , , , , , ,2,2,0,0,0,0,0,0,0,0,0,0,1,1,0,0,0,0,0,0,0,0,1,0,0,0,0,0,0,0,0,0,0,0,0,8,0,39.9432,-75.1585, , 
71047,828728,2011107346,6,67,67301,2011,10,5,1648,16,1,8,8,7,2, , ,N,0,0,0,3,0,0,1,1,N,N,39 56:08.515,75 08:40.454,1702, ,1652, ,0, ,N, ,0, , , , , , , , , ,1,1,0,0,0,0,0,0,0,0,0,0,0,0,0,0,0,0,0,0,0,0,0,0,0,0,0,0,0,0,0,0,0,0,0,0,0,39.9356,-75.1446, , 
71048,828746,2012001981,6,67,67301,2011,12,1,9999,99,3,1,0,7,5, , ,N,0,0,0,3,0,1,1,1,N,N,40 01:28.665,75 01:52.809,9999, ,9999, ,0, ,Y, ,0, , , , , , , , , ,1,1,0,0,0,0,0,0,0,0,0,1,1,0,0,0,0,0,0,0,0,0,0,0,0,0,0,0,0,0,0,0,0,0,0,4,0,40.0246,-75.0313, , 
71049,828759,2011082571,6,67,67301,2011,5,4,1246,12,1,1,0,1,1, , ,N,0,0,0,3,0,1,2,2,N, ,40 01:32.948,75 10:54.714,9999, ,9999, ,0, , , ,0, , , , , , , , , ,2,2,0,0,0,0,0,0,0,0,0,0,1,1,0,0,0,0,0,0,1,0,0,0,0,0,0,0,0,0,0,0,0,0,0,8,0,40.0258,-75.1819, , 
71050,828760,2011082674,6,67,67301,2011,7,3,740,7,1,1,0,4,1, , ,N,2,0,0,3,0,2,4,2,Y,N,40 00:40.414,75 03:37.480,748, ,743, ,0, ,N, ,0, , , , , , , , , ,2,0,0,1,0,0,1,0,0,0,1,1,2,0,0,0,0,0,0,0,2,0,0,0,0,0,0,0,0,0,0,0,0,0,0,3,1,40.0112,-75.0604, , 
71051,816054,2011080817,6,67,67301,2011,6,3,9999,99,1,1,0,1,1, , ,N,2,2,0,3,0,3,10,6,N,N,40 05:43.783,74 57:35.102,1745, ,1748,9,1,2,N, ,3,N, , , , , , , , ,6,4,0,1,0,0,1,0,0,0,0,3,3,0,2,0,0,0,0,0,0,0,0,0,0,0,0,0,0,0,0,0,0,0,0,4,1,40.0954,-74.9597, , 
71052,816056,2011082392,6,67,67301,2011,7,6,2146,21,3,2,1,7,5, , ,N,2,2,0,3,0,1,1,1,N,N,39 58:27.676,75 12:06.216,2147, ,2146,2,2,6,N, ,3,Y, , , , , , , , ,1,1,0,0,0,0,0,0,0,0,0,1,1,0,0,0,0,0,0,0,0,0,0,0,0,0,0,0,0,0,0,0,0,0,0,4,0,39.9744,-75.2017, , 
71053,816057,2011083309,6,67,67301,2011,7,5,1236,12,1,1,0,1,1, , ,N,1,2,0,3,0,5,7,2,N,N,39 57:37.219,75 10:25.442,1240, ,1237, ,0, ,N, ,3, , , , , , , , , ,2,0,0,1,1,0,0,0,0,0,0,0,5,5,0,0,0,0,0,0,1,0,0,0,0,0,0,0,0,0,0,0,0,0,0,8,1,39.9603,-75.1737, , 
71054,816059,2011088057,6,67,67301,2011,7,5,1226,12,1,1,0,4,1, , ,N,5,3,0,3,0,1,3,3,N, ,40 00:33.454,75 08:14.884,1309, ,1239, ,0, , , ,3, , , , , , , , , ,3,3,0,0,0,0,0,0,0,0,0,1,1,0,1,0,0,0,0,0,0,0,0,1,0,0,0,0,0,0,0,0,0,0,0,4,0,40.0093,-75.1375, , 
71055,816067,2011095340,6,67,67301,2011,8,4,1813,18,1,1,0,4,1, , ,N,1,2,0,3,0,2,4,2,N,N,39 58:10.457,75 12:41.542,1813, ,1813, ,0, ,N, ,3, , , , , , , , , ,2,2,0,0,0,0,0,0,0,0,0,0,2,2,0,0,0,0,0,0,0,0,0,0,0,0,0,0,0,0,0,0,0,0,0,8,0,39.9697,-75.2115, , 
71056,816068,2011096356,6,67,67301,2011,8,1,9999,99,3,1,0,7,2, , ,N,0,0,99,3,0,2,2,1,N,N,39 54:51.379,75 08:16.230,200, ,146, ,0, ,N, ,0, , , , , , , , , ,1,0,1,0,0,0,0,0,0,1,0,0,2,1,0,0,0,0,0,0,0,0,0,0,0,0,0,0,0,1,0,0,0,0,0,2,0,39.9143,-75.1378, , 
71057,816075,2011066877,6,67,67301,2011,6,1,1600,16,1,1,0,7,2, , ,N,0,0,0,3,0,1,3,2,N,N,39 59:00.687,75 05:52.550,1610, ,1604,1,1,2,N, ,0,N, , , , , , , , ,2,2,0,0,0,0,0,0,0,0,0,1,1,0,0,0,0,0,1,0,0,0,0,0,0,0,0,0,0,0,0,0,0,0,0,4,0,39.9836,-75.0978, , 
71058,816076,2011067005,6,67,67301,2011,6,5,1536,15,1,1,0,5,1, , ,N,0,0,0,3,0,0,2,2,N,N,39 58:51.459,75 06:12.976,1600, ,1539,1,1,2,N, ,0,N, , , , , , , , ,2,2,0,0,0,0,0,0,0,0,0,0,0,0,0,0,0,0,0,0,1,0,0,0,0,0,0,0,0,0,0,0,0,0,0,0,0,39.981,-75.1036, , 
71059,816086,2011064197,6,67,67301,2011,5,1,25,0,3,1,0,7,4, , ,N,0,0,0,3,0,0,1,1,N,N,40 02:18.565,75 11:48.510,37, ,34, ,0, ,N, ,0, , , , , , , , , ,1,1,0,0,0,0,0,0,0,0,0,0,0,0,0,0,0,0,0,0,0,0,0,0,0,0,0,0,0,0,0,0,0,0,0,0,0,40.0385,-75.1968, , 
71060,816095,2011073291,6,67,67301,2011,6,4,1932,19,1,1,0,8,1, , ,N,0,0,0,3,0,1,2,2,N,N,39 59:59.956,75 06:57.772,1945, ,1942, ,0, ,N, ,0, , , , , , , , , ,1,0,0,0,1,0,0,0,0,0,0,1,1,0,1,0,0,0,0,0,1,0,0,0,0,0,0,0,0,0,0,0,1,0,0,4,0,40,-75.116, , 