objectid_1,objectid,crn,district,county,municipality,crash_year,crash_month,day_of_week,time_of_day,hour_of_day,illumination,weather,road_condition,collision_type,relation_to_road,work_zone_type,work_zone_loc,work_zone_ind,intersect_type,tcd_type,location_type,urban_rural,fatal_count,injury_count,person_count,total_units,sch_bus_ind,sch_zone_ind,latitude,longitude,arrival_tm,cons_zone_spd_lim,dispatch_tm,est_hrs_closed,lane_closed,ln_close_dir,ntfy_hiwy_maint,spec_juris_cd,tcd_func_cd,tfc_detour_ind,workers_pres,wz_close_detour,wz_flagger,wz_law_offcr_ind,wz_ln_closure,wz_moving,wz_other,wz_shlder_mdn,vehicle_count,automobile_count,motorcycle_count,bus_count,small_truck_count,heavy_truck_count,suv_count,van_count,bicycle_count,maj_inj_count,mod_inj_count,min_inj_count,tot_inj_count,unk_inj_deg_count,unk_inj_per_count,driver_count_16yr,driver_count_17yr,driver_count_18yr,driver_count_19yr,driver_count_20yr,driver_count_50_64yr,driver_count_65_74yr,driver_count_75plus,unbelted_occ_count,unb_death_count,unb_maj_inj_count,belted_death_count,belted_maj_inj_count,mcycle_death_count,mcycle_maj_inj_count,bicycle_death_count,bicycle_maj_inj_count,ped_count,ped_death_count,ped_maj_inj_count,max_severity_level,comm_veh_count,dec_lat,dec_long,rdwy_surf_type_cd,county_name
71061,816106,2011083288,6,67,67301,2011,7,2,906,9,1,1,0,1,1, , ,N,0,0,0,3,0,2,4,3,N,N,39 57:13.165,75 11:10.834,943, ,928, ,0, ,N, ,0, , , , , , , , , ,3,2,0,0,0,0,0,1,0,0,0,1,2,1,0,0,0,0,0,0,2,0,0,0,0,0,0,0,0,0,0,0,0,0,0,4,0,39.9537,-75.1864, , 
71062,816141,2011075832,6,67,67301,2011,6,4,9999,99,3,1,0,5,6, , ,N,0,0,0,3,0,3,3,3,N,N,39 57:19.368,75 10:15.486,51, ,51,4,2,4, , ,0,Y, , , , , , , , ,3,1,0,0,0,0,2,0,0,1,1,1,3,0,0,0,0,0,0,1,0,0,0,0,0,0,0,0,0,0,0,0,0,0,0,2,0,39.9554,-75.171, , 
71063,816150,2011082497,6,67,67301,2011,7,6,1420,14,1,1,0,7,5, , ,N,0,0,0,3,0,1,1,2,N, ,39 58:16.260,75 11:06.380,1555, ,1545, ,0, , , ,0, , , , , , , , , ,2,1,0,0,0,0,1,0,0,0,0,0,1,1,0,0,0,0,0,0,0,1,0,0,0,0,0,0,0,0,0,0,0,0,0,8,0,39.9712,-75.1851, , 
71064,816160,2011090358,6,67,67301,2011,7,7,657,6,1,1,0,4,1, , ,N,1,2,0,3,0,3,5,2,N,N,39 57:32.701,75 10:13.160,710, ,657, ,0, ,N, ,3, , , , , , , , , ,2,2,0,0,0,0,0,0,0,0,0,3,3,0,0,0,0,0,0,0,0,0,0,0,0,0,0,0,0,0,0,0,0,0,0,4,0,39.9591,-75.1703, , 
71065,816174,2011056933,6,67,67301,2011,4,7,1320,13,1,1,0,7,5, , ,N,2,2,0,3,0,1,1,1,N,N,40 02:56.727,75 13:11.195,1340, ,1330, ,0, ,N, ,3, , , , , , , , , ,1,1,0,0,0,0,0,0,0,0,1,0,1,0,0,0,0,0,0,0,0,0,0,0,0,0,0,0,0,0,0,0,0,0,0,3,0,40.0491,-75.2198, , 
71066,816176,2011061736,6,67,67301,2011,5,2,240,2,3,2,1,7,5, , ,N,0,0,0,3,0,0,1,1, , ,40 03:30.020,75 10:39.560,249, ,245,1,1,1, , ,0,N, , , , , , , , ,1,1,0,0,0,0,0,0,0,0,0,0,0,0,1,0,0,0,0,0,0,0,0,0,0,0,0,0,0,0,0,0,0,0,0,9,0,40.0583,-75.1777, , 
71067,816184,2011073191,6,67,67301,2011,6,5,1035,10,1,1,0,4,1, , ,N,1,3,0,3,0,1,3,2,N,N,40 03:19.004,75 11:06.183,1042, ,1036,3,2,4,N, ,3,Y, , , , , , , , ,2,0,0,0,0,0,1,1,0,0,0,0,1,1,0,0,0,0,0,0,1,0,0,1,0,0,0,0,0,0,0,0,0,0,0,8,0,40.0553,-75.1851, , 
71068,816185,2011073636,6,67,67301,2011,7,1,1210,12,1,1,0,1,1, , ,N,6,4,2,3,0,1,3,2,N,N,39 56:57.647,75 11:03.883,1220, ,1213,2,1,4,N, ,3,N, , , , , , , , ,2,2,0,0,0,0,0,0,0,0,1,0,1,0,0,0,0,0,0,0,0,0,0,0,0,0,0,0,0,0,0,0,0,0,0,3,0,39.9493,-75.1844, , 
71069,819444,2011066251,6,67,67301,2011,6,6,1120,11,1,1,0,4,1, , ,N,1,2,0,3,0,2,3,2, , ,39 59:00.370,75 07:08.921,1130, ,1120, ,0, , , ,2, , , , , , , , , ,2,2,0,0,0,0,0,0,0,0,0,2,2,0,0,0,0,0,0,0,1,0,0,0,0,0,0,0,0,0,0,0,0,0,0,4,0,39.9834,-75.1191, , 
71070,819449,2011075567,6,67,67301,2011,6,2,1245,12,1,1,0,8,1, , ,N,0,0,0,3,0,1,2,2,N,Y,39 58:32.620,75 13:37.102,1320, ,1310, ,0, ,N, ,0, , , , , , , , , ,1,1,0,0,0,0,0,0,0,0,0,1,1,0,0,0,0,0,0,0,0,0,0,0,0,0,0,0,0,0,0,0,1,0,0,4,0,39.9757,-75.227, , 
71071,819478,2011100703,6,67,67301,2011,9,7,1810,18,1,1,0,8,1, , ,N,1,2,0,3,0,1,2,2,N,N,40 00:27.502,75 07:38.377,1825, ,1820, ,0, , , ,2, , , , , , , , , ,1,0,0,0,0,0,1,0,1,0,0,1,1,0,1,0,0,0,0,0,1,0,0,1,0,0,0,0,0,0,0,0,0,0,0,4,0,40.0076,-75.1276, , 
71072,819488,2011113680,6,46,46102,2011,11,7,1621,16,1,1,0,4,1, , ,N,1,2,0,3,0,2,3,2,N,N,40 03:04.263,75 07:06.962,1628, ,1626,1,2,4,N, ,3,Y, , , , , , , , ,2,2,0,0,0,0,0,0,0,0,0,1,2,1,0,0,0,0,0,0,0,0,1,0,0,0,0,0,0,0,0,0,0,0,0,4,0,40.0511,-75.1186, , 
71073,819493,2011117290,6,67,67301,2011,10,5,9999,99,1,2,1,7,5, , ,N,1,2,0,3,0,1,1,1,N, ,39 56:25.327,75 14:11.791,1915, ,1740, ,0, , , ,3, , , , , , , , , ,1,1,0,0,0,0,0,0,0,0,0,1,1,0,0,0,0,0,0,0,0,0,0,1,0,0,0,0,0,0,0,0,0,0,0,4,0,39.9404,-75.2366, , 
71074,819506,2011076065,6,67,67301,2011,6,2,1725,17,1,1,0,4,6, , ,N,0,0,0,3,0,1,2,2, , ,39 55:53.590,75 10:35.522,1745, ,1730, ,0, , , ,0, , , , , , , , , ,1,0,0,0,0,0,1,0,1,0,0,1,1,0,1,0,0,0,0,0,0,0,0,0,0,0,0,0,0,0,0,0,0,0,0,4,0,39.9316,-75.1765, , 
71075,819515,2011088087,6,67,67301,2011,8,7,9999,99,1,1,0,1,1, , ,N,0,3,0,3,0,1,4,3,N,N,40 03:02.163,75 09:22.578,750, ,744, ,0, ,N, ,3, , , , , , , , , ,3,3,0,0,0,0,0,0,0,0,1,0,1,0,2,0,0,0,0,0,0,0,0,1,0,0,0,0,0,0,0,0,0,0,0,3,0,40.0506,-75.1563, , 
71076,819522,2011092986,6,67,67301,2011,8,6,120,1,3,2,1,4,1, , ,N,1,2,0,3,0,2,2,2,N, ,40 03:10.198,75 09:10.288,132, ,125, ,0, , , ,3, , , , , , , , , ,2,1,0,0,0,0,0,1,0,0,2,0,2,0,0,0,0,0,0,0,1,0,0,0,0,0,0,0,0,0,0,0,0,0,0,3,0,40.0528,-75.1529, , 
71077,819556,2011075654,6,67,67301,2011,6,7,559,5,5,1,0,7,1, , ,N,0,0,0,3,0,1,1,1, , ,39 56:57.568,75 09:50.777,604, ,600, ,0, , , ,0, , , , , , , , , ,1,0,0,0,0,0,1,0,0,0,0,0,1,1,0,0,0,0,0,0,0,0,0,0,0,0,0,0,0,0,0,0,0,0,0,8,0,39.9493,-75.1641, , 
71078,819558,2011076304,6,67,67301,2011,6,5,1635,16,1,1,0,6,1, , ,N,0,0,0,3,0,1,2,2, , ,39 58:57.530,75 06:07.426,1643, ,1641, ,0, , , ,0, , , , , , , , , ,1,1,0,0,0,0,0,0,1,0,0,1,1,0,1,0,0,0,0,0,0,0,0,1,0,0,0,0,0,0,0,0,0,0,0,4,0,39.9826,-75.1021, , 
71079,819584,2011112200,6,67,67301,2011,10,7,1340,13,1,1,0,4,1, , ,N,2,2,0,3,0,1,2,2,N,N,39 54:45.853,75 10:47.096,1355, ,1350, ,0, ,N, ,3, , , , , , , , , ,1,1,0,0,0,0,0,0,1,0,0,1,1,0,1,0,0,0,0,0,0,0,0,0,0,0,0,0,0,0,0,0,0,0,0,4,0,39.9127,-75.1797, , 
71080,819588,2011115465,6,67,67301,2011,10,5,1130,11,1,1,0,8,1, , ,N,1,2,0,3,0,1,2,2,N, ,40 02:45.148,75 10:55.939,1150, ,1141, ,0, ,N, ,3, , , , , , , , , ,1,1,0,0,0,0,0,0,0,0,0,1,1,0,0,0,0,0,0,0,0,1,0,0,0,0,0,0,0,0,0,0,1,0,0,4,0,40.0459,-75.1822, , 
71081,819604,2011090462,6,67,67301,2011,5,3,2201,22,3,1,0,5,5, , ,N,0,0,0,3,0,1,1,3,N,N,40 00:30.147,75 08:39.546,2202, ,2155, ,0, ,N, ,0, , , , , , , , , ,3,2,0,0,0,0,0,0,0,0,0,0,1,1,0,0,0,0,0,0,0,0,0,0,0,0,0,0,0,0,0,0,0,0,0,8,0,40.0084,-75.1443, , 
71082,819629,2011112326,6,67,67301,2011,10,7,1610,16,1,1,0,4,5, , ,N,1,3,0,3,0,1,2,2,N, ,39 56:02.619,75 09:26.283,1637, ,1633, ,0, , , ,3, , , , , , , , , ,1,0,0,0,0,0,1,0,1,0,0,1,1,0,0,0,0,0,0,0,0,0,0,1,0,0,0,0,0,0,0,0,0,0,0,4,0,39.9341,-75.1573, , 
71083,819633,2011115324,6,67,67301,2011,10,2,2225,22,3,1,0,4,1, , ,N,1,3,0,3,0,0,2,3,N,N,39 57:29.772,75 14:44.246,0, ,2232, ,0, ,N, ,3, , , , , , , , , ,3,3,0,0,0,0,0,0,0,0,0,0,0,0,0,0,1,0,0,0,0,0,0,2,0,0,0,0,0,0,0,0,0,0,0,0,0,39.9583,-75.2456, , 
71084,819653,2011023220,6,67,67301,2011,1,1,1138,11,1,1,0,8,1, , ,N,0,0,0,3,0,1,3,2,N,N,40 02:11.040,75 07:39.349,1145, ,1140, ,0, ,N, ,0, , , , , , , , , ,1,1,0,0,0,0,0,0,0,0,0,1,1,0,0,0,0,0,0,0,0,0,0,0,0,0,0,0,0,0,0,0,1,0,0,4,0,40.0364,-75.1276, , 
71085,819670,2011041599,6,67,67301,2011,4,2,2119,21,3,1,0,7,2, , ,N,7,0,2,3,0,1,1,1,N,N,39 54:20.575,75 08:59.337,2122, ,2121, ,0, ,N, ,0, , , , , , , , , ,1,0,1,0,0,0,0,0,0,0,0,1,1,0,0,0,0,0,0,0,0,0,0,0,0,0,0,0,0,0,0,0,0,0,0,4,0,39.9056,-75.1498, , 
71086,819680,2011056955,6,67,67301,2011,5,6,2101,21,3,1,0,8,1, , ,N,2,3,0,3,0,1,2,2,N,N,40 00:31.565,75 05:24.273,2227, ,2217, ,0, ,N, ,3, , , , , , , , , ,1,1,0,0,0,0,0,0,0,0,0,1,1,0,0,0,0,0,0,0,0,0,0,0,0,0,0,0,0,0,0,0,1,0,0,4,0,40.0088,-75.0901, , 
71087,825992,2011115411,6,67,67301,2011,10,2,1339,13,1,1,0,4,1, , ,N,0,0,7,3,0,2,3,2,N,N,40 02:28.583,75 02:55.343,1349, ,1346, ,0, ,N, ,0, , , , , , , , , ,2,2,0,0,0,0,0,0,0,0,1,1,2,0,0,0,0,0,0,0,0,0,1,0,0,0,0,0,0,0,0,0,0,0,0,3,0,40.0413,-75.0487, , 
71088,826056,2011054210,6,67,67301,2011,4,5,1735,17,1,1,0,4,1, , ,N,1,2,0,3,0,1,2,2,N,N,39 59:53.463,75 06:04.518,1820, ,1806, ,0, ,N, ,3, , , , , , , , , ,2,2,0,0,0,0,0,0,0,0,0,1,1,0,0,0,0,0,0,1,0,0,0,0,0,0,0,0,0,0,0,0,0,0,0,4,0,39.9982,-75.1013, , 
71089,826060,2011076269,6,67,67301,2011,6,5,908,9,1,1,0,4,1, , ,N,1,2,0,3,0,3,5,2,N,N,40 03:27.560,75 02:54.814,925, ,919,9,1,2, , ,3,N, , , , , , , , ,2,2,0,0,0,0,0,0,0,0,0,1,3,2,0,0,0,0,0,0,1,0,0,0,0,0,0,0,0,0,0,0,0,0,0,4,0,40.0577,-75.0486, , 
71090,826065,2011083356,6,67,67301,2011,7,1,230,2,3,1,0,8,9, , ,N,0,0,7,3,0,1,2,2,N,N,40 02:10.831,75 02:29.711,232, ,230, ,0, ,N, ,0, , , , , , , , , ,1,1,0,0,0,0,0,0,0,0,0,0,1,1,0,0,0,0,0,0,0,0,0,0,0,0,0,0,0,0,0,0,1,0,0,8,0,40.0363,-75.0416, , 
71091,826069,2011087972,6,67,67301,2011,7,4,954,9,1,1,0,4,1, , ,N,1,2,0,3,0,1,2,2,N,N,40 01:13.809,75 11:32.576,1004, ,1003,1,1,6, , ,3,N, , , , , , , , ,2,1,0,0,0,0,1,0,0,0,0,0,1,1,0,0,0,0,0,0,1,1,0,0,0,0,0,0,0,0,0,0,0,0,0,8,0,40.0205,-75.1924, , 
71092,826071,2011090524,6,67,67301,2011,8,2,1157,11,1,1,0,4,1, , ,N,1,2,0,3,0,1,2,2,N,N,39 57:50.569,75 11:29.777,1157, ,1157,1,2,2,N, ,3,Y, , , , , , , , ,1,1,0,0,0,0,0,0,1,0,0,0,1,1,0,0,0,0,0,0,0,1,0,0,0,0,0,0,0,0,0,0,0,0,0,8,0,39.964,-75.1916, , 
71093,826078,2011100837,6,67,67301,2011,9,4,9999,99,3,1,8,8,1, , ,N,1,2,0,3,0,1,2,2,N, ,40 02:48.424,75 04:13.037,2018, ,2005,9,1,2, , ,3,N, , , , , , , , ,1,0,0,0,1,0,0,0,0,1,0,0,1,0,0,0,0,0,0,0,0,0,0,0,0,0,0,0,0,0,0,0,1,0,1,2,0,40.0468,-75.0703, , 
71094,826085,2011115249,6,67,67301,2011,8,5,1545,15,1,1,0,4,1, , ,N,1,2,0,3,0,0,3,2,N, ,39 59:46.100,75 08:49.451,1551, ,1550,1,1,1, , ,3,N, , , , , , , , ,2,2,0,0,0,0,0,0,0,0,0,0,0,0,0,0,0,0,0,0,1,0,0,0,0,0,0,0,0,0,0,0,0,0,0,0,0,39.9961,-75.1471, , 
71095,826105,2011076903,6,67,67301,2011,7,6,906,9,1,1,0,5,1, , ,N,0,0,0,3,0,1,2,2,N,N,39 57:32.447,75 10:19.025,916, ,908,1,2,3,N, ,0,N, , , , , , , , ,2,1,0,0,0,1,0,0,0,0,0,1,1,0,0,0,0,0,0,0,0,1,0,0,0,0,0,0,0,0,0,0,0,0,0,4,1,39.959,-75.172, , 
71096,826113,2011082460,6,67,67301,2011,7,3,1050,10,1,1,0,4,1, , ,N,0,0,7,3,0,0,2,2,N,N,39 57:26.762,75 12:14.416,1054, ,1054, ,0, ,N, ,0, , , , , , , , , ,2,1,0,0,0,0,1,0,0,0,0,0,0,0,0,0,0,0,0,0,0,1,0,0,0,0,0,0,0,0,0,0,0,0,0,0,0,39.9574,-75.204, , 
71097,826117,2011085139,6,67,67301,2011,8,3,1518,15,1,1,0,1,1, , ,N,0,0,0,3,0,1,3,2,N,N,40 01:11.040,75 02:40.236,1538, ,1520, ,0, ,N, ,0, , , , , , , , , ,2,2,0,0,0,0,0,0,0,0,0,1,1,0,0,0,0,0,0,0,0,0,0,0,0,0,0,0,0,0,0,0,0,0,0,4,0,40.0197,-75.0447, , 
71098,826119,2011088048,6,67,67301,2011,7,1,33,0,3,1,0,1,2, , ,N,0,0,0,3,0,0,1,2,N,N,39 55:45.840,75 13:15.620,33, ,33, ,0, ,N, ,0, , , , , , , , , ,2,1,0,0,1,0,0,0,0,0,0,0,0,0,0,0,0,0,0,0,0,0,0,1,0,0,0,0,0,0,0,0,0,0,0,0,0,39.9294,-75.221, , 
71099,826121,2011090457,6,67,67301,2011,8,3,1250,12,1,1,0,8,1, , ,N,1,2,0,3,0,1,2,2,N,N,39 59:38.209,75 09:16.513,1255, ,1251, ,0, , , ,3, , , , , , , , , ,1,1,0,0,0,0,0,0,0,0,0,0,1,1,0,0,0,0,0,1,0,0,0,0,0,0,0,0,0,0,0,0,1,0,0,8,0,39.9939,-75.1545, , 
71100,826124,2011092846,6,67,67301,2011,8,7,730,7,1,1,0,4,1, , ,N,1,2,0,3,0,1,2,2,N, ,40 03:12.351,75 00:30.527,740, ,733, ,0, , , ,9, , , , , , , , , ,2,1,1,0,0,0,0,0,0,0,0,1,1,0,0,0,0,0,0,0,0,0,0,1,0,0,0,0,0,0,0,0,0,0,0,4,0,40.0536,-75.0085, , 
71101,826125,2011092985,6,67,67301,2011,8,4,2254,22,3,1,0,4,1, , ,N,1,2,0,3,0,1,3,2,N,N,40 02:06.731,75 08:43.670,2254, ,2254,1,2,7,N, ,3,Y, , , , , , , , ,2,1,1,0,0,0,0,0,0,0,0,0,1,1,0,0,0,0,0,0,1,0,0,0,0,0,0,0,0,0,0,0,0,0,0,8,0,40.0352,-75.1455, , 
71102,826143,2011055750,6,67,67301,2011,4,7,1658,16,1,1,0,8,1, , ,N,0,0,0,3,0,1,4,2,N,N,40 02:08.930,75 07:50.383,1710, ,1704, ,0, ,N, ,0, , , , , , , , , ,1,0,0,0,1,0,0,0,0,0,1,0,1,0,0,0,0,0,0,0,0,0,0,0,0,0,0,0,0,0,0,0,1,0,0,3,0,40.0358,-75.1307, , 
71103,826147,2011056929,6,67,67301,2011,4,4,1520,15,1,1,0,4,1, , ,N,0,0,7,3,0,1,3,2, , ,39 59:54.192,75 13:56.585,1648, ,1639, ,0, , , ,0, , , , , , , , , ,2,2,0,0,0,0,0,0,0,0,0,1,1,0,0,0,0,0,0,0,0,1,0,0,0,0,0,0,0,0,0,0,0,0,0,4,0,39.9984,-75.2324, , 
71104,826190,2012010025,6,67,67301,2011,12,6,940,9,1,1,0,4,1, , ,N,1,2,0,3,0,1,2,2,N,N,39 58:49.322,75 10:15.323,9999, ,940, ,0, ,N, ,3, , , , , , , , , ,2,2,0,0,0,0,0,0,0,0,0,0,1,1,0,0,0,1,0,0,0,0,1,0,0,0,0,0,0,0,0,0,0,0,0,8,0,39.9804,-75.1709, , 
71105,823196,2011090507,6,67,67301,2011,8,1,532,5,5,1,0,1,1, , ,N,0,0,0,3,0,2,3,2,N,N,40 01:09.739,75 08:44.396,545, ,536, ,0, ,N, ,0, , , , , , , , , ,2,2,0,0,0,0,0,0,0,0,1,1,2,0,1,0,0,0,0,0,0,0,0,0,0,0,0,0,0,0,0,0,0,0,0,3,0,40.0194,-75.1457, , 
71106,823222,2011068437,6,67,67301,2011,6,2,2120,21,3,1,0,1,4, , ,N,0,0,0,3,0,1,1,4,N,N,40 03:24.677,75 08:23.175,2303, ,2130, ,0, ,N, ,0, , , , , , , , , ,4,4,0,0,0,0,0,0,0,0,0,0,1,1,0,0,0,0,0,0,0,0,0,0,0,0,0,0,0,0,0,0,0,0,0,8,0,40.0569,-75.1398, , 
71107,823228,2011075729,6,67,67301,2011,7,6,9999,99,1,1,0,2,1, , ,N,1,2,0,3,0,2,3,2,N,N,39 59:58.827,75 05:56.359,9999, ,9999, ,0, ,N, ,3, , , , , , , , , ,2,2,0,0,0,0,0,0,0,0,0,2,2,0,1,0,0,0,0,0,0,0,0,0,0,0,0,0,0,0,0,0,0,0,0,4,0,39.9997,-75.099, , 
71108,823234,2011083464,6,67,67301,2011,7,2,922,9,1,1,0,4,1, , ,N,0,0,0,3,0,1,2,2,N, ,39 57:16.416,75 14:03.714,932, ,927, ,0, , , ,0, , , , , , , , , ,1,1,0,0,0,0,0,0,1,0,0,0,1,1,0,0,0,0,0,0,0,0,0,1,0,0,0,0,0,0,0,0,0,0,0,8,0,39.9546,-75.2344, , 
71109,823235,2011083799,6,67,67301,2011,7,2,1439,14,1,1,0,4,1, , ,N,1,3,0,3,0,1,2,2,N,N,39 57:04.183,75 12:25.660,1500, ,1500, ,0, ,N, ,3, , , , , , , , , ,1,1,0,0,0,0,0,0,1,0,1,0,1,0,0,0,0,0,0,0,0,0,0,1,0,0,0,0,0,0,0,0,0,0,0,3,0,39.9512,-75.2071, , 
71110,823246,2011091026,6,67,67301,2011,8,4,9999,99,1,1,0,1,1, , ,N,2,3,0,3,0,5,6,3,N,N,40 07:23.743,75 00:01.274,1601, ,1556, ,0, ,N, ,3, , , , , , , , , ,3,0,0,0,1,0,2,0,0,0,0,4,5,1,0,0,0,0,0,0,1,0,0,0,0,0,0,0,0,0,0,0,0,0,0,4,0,40.1233,-75.0004, , 
71111,823247,2011092848,6,67,67301,2011,8,3,505,5,5,1,0,7,5, , ,N,0,0,0,3,0,0,1,1,N,N,39 59:11.741,75 08:45.654,508, ,506, ,0, ,N, ,0, , , , , , , , , ,1,1,0,0,0,0,0,0,0,0,0,0,0,0,1,0,0,0,0,0,0,0,0,0,0,0,0,0,0,0,0,0,0,0,0,9,0,39.9866,-75.146, , 
71112,823253,2011056842,6,67,67301,2011,4,6,1909,19,1,1,0,4,1, , ,N,1,3,0,3,0,0,4,2, , ,39 58:09.631,75 08:35.678,1911, ,1930, ,0, , , ,3, , , , , , , , , ,2,1,0,0,0,0,1,0,0,0,0,0,0,0,0,0,0,0,0,0,0,0,0,0,0,0,0,0,0,0,0,0,0,0,0,0,0,39.9693,-75.1432, , 
71113,823254,2011056935,6,67,67301,2011,4,7,1958,19,6,1,0,1,1, , ,N,2,2,0,3,0,1,3,2,N,N,40 01:32.812,75 12:11.306,2010, ,2003, ,0, ,N, ,9, , , , , , , , , ,2,1,0,0,1,0,0,0,0,1,0,0,1,0,0,0,0,0,0,0,0,0,0,0,0,0,0,0,0,0,0,0,0,0,0,2,0,40.0259,-75.2032, , 
71114,823261,2011075764,6,67,67301,2011,6,5,1745,17,1,1,0,4,1, , ,N,1,2,0,3,0,1,2,2,N,N,39 58:13.347,75 08:53.335,1755, ,1750, ,0, ,N, ,3, , , , , , , , , ,2,2,0,0,0,0,0,0,0,0,0,1,1,0,0,0,0,0,0,0,0,0,0,0,0,0,0,0,0,0,0,0,0,0,0,4,0,39.9704,-75.1482, , 
71115,823281,2011098136,6,67,67301,2011,8,7,600,6,5,1,0,8,1, , ,N,1,2,0,3,1,0,2,2,N, ,39 55:15.805,75 13:44.269,635, ,600,3,2,6, ,0,3,Y, , , , , , , , ,1,1,0,0,0,0,0,0,1,0,0,0,0,0,0,0,0,0,0,0,0,0,0,0,0,0,0,0,0,0,1,0,0,0,0,1,0,39.9211,-75.229,2, 
71116,823308,2011083285,6,67,67301,2011,7,6,1115,11,1,1,0,4,1, , ,N,1,2,0,3,0,1,3,2,N, ,40 00:02.512,75 04:20.683,1130, ,1121, ,0, , , ,3, , , , , , , , , ,2,1,0,0,1,0,0,0,0,0,0,1,1,0,0,0,0,0,0,0,0,0,0,0,0,0,0,0,0,0,0,0,0,0,0,4,0,40.0007,-75.0724, , 
71117,823313,2011088045,6,67,67301,2011,8,2,954,9,1,1,1,5,1, , ,N,2,0,0,3,0,1,2,2,N,N,40 01:13.039,75 09:46.119,957, ,954, ,0, ,N, ,0, , , , , , , , , ,2,1,1,0,0,0,0,0,0,0,1,0,1,0,1,0,0,0,0,0,0,0,0,0,0,0,0,0,0,0,0,0,0,0,0,3,0,40.0203,-75.1628, , 
71118,823335,2011108841,6,67,67301,2011,9,5,844,8,1,1,0,8,1, , ,N,1,2,0,3,0,1,2,2,N,N,40 01:30.643,75 02:40.998,851, ,850,1,1,1,N, ,3,N, , , , , , , , ,1,0,0,0,0,0,1,0,0,0,1,0,1,0,0,0,0,0,0,0,0,0,0,0,0,0,0,0,0,0,0,0,1,0,0,3,0,40.0252,-75.0447, , 
71119,823344,2011044604,6,67,67301,2011,4,7,1125,11,1,1,0,7,2, , ,N,0,0,0,3,0,1,1,1,N,N,40 06:25.106,75 02:15.090,1133, ,1130,1,2,3, , ,0,Y, , , , , , , , ,1,1,0,0,0,0,0,0,0,0,0,0,1,1,0,0,0,0,0,0,1,0,0,0,0,0,0,0,0,0,0,0,0,0,0,8,0,40.107,-75.0375, , 
71120,823348,2011054015,6,67,67301,2011,4,2,1632,16,1,1,0,8,1, , ,N,1,2,0,3,0,1,3,2,N,N,39 57:45.000,75 12:24.119,1634, ,1634, ,0, ,N, ,3, , , , , , , , , ,1,1,0,0,0,0,0,0,0,0,0,1,1,0,0,0,0,0,0,0,0,1,0,1,0,0,0,0,0,0,0,0,1,0,0,4,0,39.9625,-75.2067, , 
71121,823362,2011020369,6,67,67301,2011,2,5,1545,15,1,1,0,1,1, , ,N,0,0,0,3,0,0,2,2,N,N,40 00:24.645,75 11:57.373,1550, ,1547, ,0, ,N, ,0, , , , , , , , , ,2,1,0,0,1,0,0,0,0,0,0,0,0,0,0,0,0,0,0,0,0,0,0,0,0,0,0,0,0,0,0,0,0,0,0,0,0,40.0068,-75.1993, , 
71122,823398,2011056951,6,67,67301,2011,4,4,1435,14,1,1,0,4,1, , ,N,0,0,0,3,0,1,2,3, ,N,39 57:52.738,75 09:39.524,1455, ,1447, ,0, , , ,0, , , , , , , , , ,3,2,0,0,0,0,1,0,0,0,0,1,1,0,0,0,0,0,0,0,0,0,0,0,0,0,0,0,0,0,0,0,0,0,0,4,0,39.9646,-75.161, , 
71123,816188,2011075796,6,67,67301,2011,6,3,9999,99,8,1,1,1,1, , ,N,0,0,0,3,0,1,2,2,N,N,39 56:11.461,75 11:09.261,955, ,950, ,0, ,N, ,0, , , , , , , , , ,2,1,0,0,0,0,0,1,0,0,0,1,1,0,0,0,0,0,0,0,0,0,0,0,0,0,0,0,0,0,0,0,0,0,0,4,0,39.9365,-75.1859, , 
71124,816215,2011104510,6,67,67301,2011,10,5,654,6,3,2,1,1,1, , ,N,0,0,0,3,0,0,2,2,N,N,39 59:56.244,75 11:44.113,721, ,656, ,0, ,N, ,0, , , , , , , , , ,2,2,0,0,0,0,0,0,0,0,0,0,0,0,0,0,0,0,0,0,1,0,0,1,0,0,0,0,0,0,0,0,0,0,0,0,0,39.999,-75.1956, , 
71125,816228,2011029117,6,67,67301,2011,2,5,1642,16,1,1,4,1,1, , ,N,2,2,0,3,0,0,4,3,N,N,39 57:48.087,75 11:15.011,1647, ,1642, ,0, ,N, ,3, , , , , , , , , ,3,3,0,0,0,0,0,0,0,0,0,0,0,0,0,0,0,0,0,0,0,0,0,0,0,0,0,0,0,0,0,0,0,0,0,0,0,39.9634,-75.1875, , 
71126,816230,2011031291,6,67,67301,2011,2,6,500,5,1,1,0,7,2, , ,N,0,0,0,3,0,1,1,1,N,N,40 07:49.805,75 00:42.477,1530, ,1514, ,0, ,N, ,0, , , , , , , , , ,1,1,0,0,0,0,0,0,0,0,0,0,1,1,0,0,0,0,0,0,0,0,0,0,0,0,0,0,0,0,0,0,0,0,0,8,0,40.1305,-75.0118, , 
71127,816231,2011031301,6,67,67301,2011,2,3,355,3,3,4,3,7,4, , ,N,0,0,0,3,0,0,1,1,N,N,40 05:20.068,75 01:13.721,407, ,403,1,1,2,N, ,0,N, , , , , , , , ,1,0,0,0,0,0,1,0,0,0,0,0,0,0,0,0,0,0,0,0,0,0,0,0,0,0,0,0,0,0,0,0,0,0,0,0,0,40.0889,-75.0205, , 