objectid_1,objectid,crn,district,county,municipality,crash_year,crash_month,day_of_week,time_of_day,hour_of_day,illumination,weather,road_condition,collision_type,relation_to_road,work_zone_type,work_zone_loc,work_zone_ind,intersect_type,tcd_type,location_type,urban_rural,fatal_count,injury_count,person_count,total_units,sch_bus_ind,sch_zone_ind,latitude,longitude,arrival_tm,cons_zone_spd_lim,dispatch_tm,est_hrs_closed,lane_closed,ln_close_dir,ntfy_hiwy_maint,spec_juris_cd,tcd_func_cd,tfc_detour_ind,workers_pres,wz_close_detour,wz_flagger,wz_law_offcr_ind,wz_ln_closure,wz_moving,wz_other,wz_shlder_mdn,vehicle_count,automobile_count,motorcycle_count,bus_count,small_truck_count,heavy_truck_count,suv_count,van_count,bicycle_count,maj_inj_count,mod_inj_count,min_inj_count,tot_inj_count,unk_inj_deg_count,unk_inj_per_count,driver_count_16yr,driver_count_17yr,driver_count_18yr,driver_count_19yr,driver_count_20yr,driver_count_50_64yr,driver_count_65_74yr,driver_count_75plus,unbelted_occ_count,unb_death_count,unb_maj_inj_count,belted_death_count,belted_maj_inj_count,mcycle_death_count,mcycle_maj_inj_count,bicycle_death_count,bicycle_maj_inj_count,ped_count,ped_death_count,ped_maj_inj_count,max_severity_level,comm_veh_count,dec_lat,dec_long,rdwy_surf_type_cd,county_name
71128,816264,2011064193,6,67,67301,2011,5,6,617,6,1,1,0,4,1, , ,N,1,2,0,3,0,0,2,2,N,N,39 57:44.409,75 09:40.847,622, ,619, ,0, ,N, ,3, , , , , , , , , ,2,2,0,0,0,0,0,0,0,0,0,0,0,0,0,0,0,0,0,0,0,0,0,0,0,0,0,0,0,0,0,0,0,0,0,0,0,39.9623,-75.1613, , 
71129,816271,2011051408,6,67,67301,2011,4,7,1839,18,1,1,0,4,1, , ,N,2,0,0,3,1,0,2,2,N,N,40 00:51.508,75 06:17.186,1839, ,1839,9,1,2,N,0,0,N, , , , , , , , ,2,0,1,0,1,0,0,0,0,0,0,0,0,0,0,0,0,0,1,0,0,0,0,0,0,0,0,0,1,0,0,0,0,0,0,1,0,40.0143,-75.1048,2, 
71130,816282,2011023211,6,67,67301,2011,1,5,730,7,1,1,0,4,1, , ,N,2,3,0,3,0,0,7,2,Y,N,40 04:06.960,75 09:00.838,805, ,757,2,2,6,N, ,3,Y, , , , , , , , ,2,1,0,1,0,0,0,0,0,0,0,0,0,0,6,0,0,0,0,0,0,0,0,0,0,0,0,0,0,0,0,0,0,0,0,9,1,40.0686,-75.1502, , 
71131,816283,2011023246,6,67,67301,2011,1,4,1620,16,1,1,0,4,1, , ,N,1,3,0,3,0,1,2,2,N,N,39 58:41.545,75 07:29.175,1630, ,1625, ,0, ,N, ,3, , , , , , , , , ,2,1,0,1,0,0,0,0,0,0,0,1,1,0,0,0,0,0,0,0,0,0,0,0,0,0,0,0,0,0,0,0,0,0,0,4,1,39.9782,-75.1248, , 
71132,816312,2011044842,6,67,67301,2011,3,2,1258,12,1,1,0,4,1, , ,N,0,0,0,3,0,1,3,2,N,N,39 58:29.535,75 07:58.503,1357, ,1357, ,0, ,N, ,0, , , , , , , , , ,2,0,0,0,1,0,0,1,0,0,0,0,1,1,0,0,0,0,0,0,1,1,0,0,0,0,0,0,0,0,0,0,0,0,0,8,0,39.9749,-75.1329, , 
71133,816327,2011075742,6,67,67301,2011,6,5,35,0,3,1,0,6,1, , ,N,0,0,0,3,0,1,2,2,N,N,39 58:57.295,75 08:47.886,44, ,35, ,0, ,N, ,0, , , , , , , , , ,1,1,0,0,0,0,0,0,1,0,0,1,1,0,1,0,0,0,0,0,0,0,0,0,0,0,0,0,0,0,0,0,0,0,0,4,0,39.9826,-75.1466, , 
71134,816362,2011061838,6,67,67301,2011,5,2,1446,14,1,1,0,5,1, , ,N,0,0,0,3,0,0,2,2,N,N,40 02:37.455,75 13:41.943,1446, ,1446,1,2,5,N, ,0,Y, , , , , , , , ,2,0,0,0,0,0,1,1,0,0,0,0,0,0,0,0,0,0,0,0,0,0,0,0,0,0,0,0,0,0,0,0,0,0,0,0,0,40.0437,-75.2283, , 
71135,816368,2011066085,6,67,67301,2011,5,4,2309,23,3,1,0,8,1, , ,N,1,2,0,3,0,2,3,2,N,N,39 56:12.483,75 13:47.092,2320, ,2313, ,0, ,Y, ,3, , , , , , , , , ,1,1,0,0,0,0,0,0,0,1,0,1,2,0,0,0,0,0,0,0,1,0,0,0,0,0,0,0,0,0,0,0,1,0,1,2,0,39.9368,-75.2297, , 
71136,816373,2011079428,6,67,67301,2011,8,6,851,8,1,1,0,1,1,1,4,Y,0,0,0,3,0,1,4,4,N,N,39 53:58.120,75 09:53.714,853,55,852,2,1,2,N, ,0,N,Y,N,N,N,Y,N,N,Y,4,0,0,0,0,0,3,1,0,0,0,1,1,0,0,0,0,0,0,0,0,0,0,0,0,0,0,0,0,0,0,0,0,0,0,4,0,39.8995,-75.1649, , 
71137,816377,2011082486,6,67,67301,2011,7,6,1834,18,1,2,1,7,5, , ,N,2,3,0,3,0,2,2,2,N,N,39 57:39.369,75 13:10.030,1840, ,1836, ,0, ,N, ,3, , , , , , , , , ,1,1,0,0,0,0,0,0,0,0,2,0,2,0,0,0,0,0,0,0,0,0,0,0,0,0,0,0,0,0,0,0,0,0,0,3,0,39.9609,-75.2195, , 
71138,816381,2011090511,6,67,67301,2011,8,4,1708,17,1,2,1,5,1, , ,N,0,0,0,3,0,0,2,2,N, ,39 54:05.452,75 14:21.618,1708, ,1708, ,0, ,N, ,0, , , , , , , , , ,2,1,0,0,0,0,0,1,0,0,0,0,0,0,0,0,0,1,0,0,0,0,0,0,0,0,0,0,0,0,0,0,0,0,0,0,0,39.9015,-75.2393, , 
71139,816383,2011092961,6,67,67301,2011,8,4,1600,16,1,9,0,5,1, , ,N,0,0,0,3,0,1,2,2,N,N,39 57:13.095,75 11:10.278,2105, ,2102, ,0, ,N, ,0, , , , , , , , , ,1,1,0,0,0,0,0,0,1,0,1,0,1,0,0,0,0,0,0,0,0,0,0,0,0,0,0,0,0,0,0,0,0,0,0,3,0,39.9536,-75.1862, , 
71140,816401,2011115424,6,67,67301,2011,9,4,1615,16,1,1,0,7,4, , ,N,2,2,0,3,1,0,1,1,N,N,40 00:26.314,75 11:31.785,1616, ,1615,3,2,7,N,0,3,Y, , , , , , , , ,1,1,0,0,0,0,0,0,0,0,0,0,0,0,0,0,0,0,0,0,0,0,0,0,0,0,0,0,0,0,0,0,0,0,0,1,0,40.0073,-75.1922,2, 
71141,816418,2011056398,6,67,67301,2011,4,6,1833,18,1,1,0,7,2, , ,N,0,0,0,3,0,1,4,1,N,N,40 04:19.805,75 02:12.829,1841, ,1833, ,0, ,N, ,0, , , , , , , , , ,1,1,0,0,0,0,0,0,0,0,0,1,1,0,0,0,0,1,0,0,0,0,0,0,0,0,0,0,0,0,0,0,0,0,0,4,0,40.0722,-75.0369, , 
71142,819681,2011056983,6,67,67301,2011,5,4,2312,23,3,1,0,2,1, , ,N,1,2,0,3,0,3,5,3,N,N,40 00:37.061,75 05:53.071,2315, ,2312, ,0, ,N, ,3, , , , , , , , , ,3,2,0,0,1,0,0,0,0,0,0,0,3,3,0,0,0,0,0,0,1,0,0,0,0,0,0,0,0,0,0,0,0,0,0,8,0,40.0102,-75.0981, , 
71143,819701,2011081707,6,67,67301,2011,8,1,636,6,5,2,1,7,2, , ,N,0,0,0,3,0,0,1,1,N,N,40 02:13.304,75 00:47.959,702, ,637, ,0, ,N, ,0, , , , , , , , , ,1,0,0,0,0,0,1,0,0,0,0,0,0,0,0,0,0,0,0,0,0,0,0,0,0,0,0,0,0,0,0,0,0,0,0,0,0,40.037,-75.0134, , 
71144,819705,2011087956,6,67,67301,2011,8,2,840,8,3,1,8,8,2, , ,N,0,0,0,3,0,1,2,3,N,N,39 58:42.001,75 08:42.206,843, ,841, ,0, , , ,0, , , , , , , , , ,2,2,0,0,0,0,0,0,0,0,1,0,1,0,0,0,0,0,0,0,0,0,0,0,0,0,0,0,0,0,0,0,1,0,0,3,0,39.9783,-75.1451, , 
71145,819715,2011095499,6,67,67301,2011,8,7,1530,15,1,9,0,4,1, , ,N,1,9,0,3,0,2,4,2,N,N,39 59:18.578,75 08:12.530,9999, ,2030, ,0, ,N, ,9, , , , , , , , , ,2,2,0,0,0,0,0,0,0,0,0,0,2,2,0,0,0,0,0,0,0,1,0,2,0,0,0,0,0,0,0,0,0,0,0,8,0,39.9885,-75.1368, , 
71146,819742,2011015930,6,67,67301,2011,1,5,657,6,1,1,0,4,1, , ,N,1,2,0,3,0,1,2,2,N,N,40 03:57.346,75 09:33.410,701, ,57, ,0, ,N, ,2, , , , , , , , , ,2,2,0,0,0,0,0,0,0,0,0,0,1,1,0,0,0,0,0,0,0,1,0,0,0,0,0,0,0,0,0,0,0,0,0,8,0,40.0659,-75.1593, , 
71147,819758,2011082645,6,67,67301,2011,7,1,1513,15,1,1,0,8,1, , ,N,0,0,0,3,0,1,2,2,N,N,39 59:24.561,75 14:56.636,1552, ,1550, ,0, ,N, ,0, , , , , , , , , ,1,1,0,0,0,0,0,0,0,0,0,1,1,0,0,0,0,0,0,0,0,0,0,0,0,0,0,0,0,0,0,0,1,0,0,4,0,39.9902,-75.2491, , 
71148,819806,2011029070,6,67,67301,2011,2,2,920,9,1,1,0,8,1, , ,N,1,2,0,3,0,1,2,2,N,N,39 59:20.627,75 05:22.626,940, ,930, ,0, ,N, ,3, , , , , , , , , ,1,0,0,0,1,0,0,0,0,0,0,1,1,0,1,0,0,0,0,0,1,0,0,0,0,0,0,0,0,0,0,0,1,0,0,4,0,39.9891,-75.0896, , 
71149,819830,2011053565,6,67,67301,2011,4,4,2230,22,3,1,0,8,2, , ,N,0,0,0,3,0,1,2,2,N,N,40 01:54.488,75 10:43.896,2350, ,2341, ,0, , , ,0, , , , , , , , , ,1,1,0,0,0,0,0,0,0,0,0,1,1,0,1,0,0,0,0,0,0,0,0,0,0,0,0,0,0,0,0,0,1,0,0,4,0,40.0318,-75.1789, , 
71150,819849,2011082423,6,67,67301,2011,6,4,1215,12,1,9,0,4,1, , ,N,2,0,0,3,0,1,2,2,N,N,40 01:45.973,75 13:46.948,2010, ,2005, ,0, ,N, ,0, , , , , , , , , ,1,0,0,0,1,0,0,0,1,0,1,0,1,0,0,0,0,0,0,0,0,0,0,0,0,0,0,0,0,0,0,0,0,0,0,3,0,40.0294,-75.2297, , 
71151,819850,2011082531,6,67,67301,2011,6,4,2100,21,3,1,0,1,1, , ,N,1,2,0,3,0,2,4,2,N, ,40 01:00.708,75 08:58.113,2115, ,2107, ,0, , , ,3, , , , , , , , , ,2,1,0,0,0,0,1,0,0,0,0,0,2,2,0,0,0,0,0,0,0,0,0,0,0,0,0,0,0,0,0,0,0,0,0,8,0,40.0169,-75.1495, , 
71152,819851,2011082663,6,67,67301,2011,7,3,430,4,3,1,0,5,6, , ,N,0,2,0,3,0,0,1,3,N, ,39 55:32.990,75 13:41.971,448, ,432,3,2,4, , ,3,Y, , , , , , , , ,3,1,0,0,0,0,2,0,0,0,0,0,0,0,1,0,0,0,0,0,0,0,0,0,0,0,0,0,0,0,0,0,0,0,0,9,0,39.9258,-75.2283, , 
71153,819886,2011085474,6,67,67301,2011,7,2,2303,23,3,1,0,1,1, , ,N,0,0,0,3,0,2,3,3,N,N,40 03:36.008,75 01:06.548,2308, ,2303,1,1,6,N, ,0,N, , , , , , , , ,3,3,0,0,0,0,0,0,0,0,0,1,2,1,1,0,0,0,0,0,0,0,0,0,0,0,0,0,0,0,0,0,0,0,0,4,0,40.06,-75.0185, , 
71154,819893,2011073283,6,67,67301,2011,6,4,750,7,1,1,0,4,1, , ,N,1,2,0,3,0,1,5,4, , ,39 59:05.413,75 06:48.384,756, ,754,1,2,3, , ,3,Y, , , , , , , , ,4,2,0,0,0,0,1,1,0,0,0,1,1,0,0,0,0,0,1,0,0,0,0,0,0,0,0,0,0,0,0,0,0,0,0,4,0,39.9848,-75.1134, , 
71155,819900,2011083877,6,67,67301,2011,8,5,827,8,1,2,1,7,2, , ,N,0,0,0,3,0,0,1,1,N,N,39 53:55.997,75 10:07.451,844, ,830,1,1,1,N, ,0,N, , , , , , , , ,1,0,0,0,1,0,0,0,0,0,0,0,0,0,0,0,0,0,0,0,1,0,0,0,0,0,0,0,0,0,0,0,0,0,0,0,0,39.8989,-75.1687, , 
71156,819915,2011095958,6,67,67301,2011,8,3,1903,19,1,1,0,8,1, , ,N,2,3,0,3,0,1,2,2,N,N,39 56:11.011,75 12:59.205,2135, ,2131, ,0, ,N, ,3, , , , , , , , , ,1,1,0,0,0,0,0,0,0,0,0,0,1,1,1,0,0,0,0,0,0,0,0,1,0,0,0,0,0,0,0,0,1,0,0,8,0,39.9364,-75.2164, , 
71157,819935,2011061388,6,67,67301,2011,4,4,9999,99,3,1,0,8,1, , ,N,1,3,0,3,0,1,2,2, , ,40 03:50.637,75 08:57.566,415, ,406, ,0, ,N, ,3, , , , , , , , , ,1,1,0,0,0,0,0,0,0,0,0,1,1,0,0,0,0,0,0,0,0,0,0,0,0,0,0,0,0,0,0,0,1,0,0,4,0,40.0641,-75.1493, , 
71158,819942,2011032107,6,67,67301,2011,1,7,255,2,3,1,0,7,5, , ,N,6,0,0,3,0,1,1,1,N,N,39 57:41.763,75 10:57.486,305, ,301, ,0, ,N, ,0, , , , , , , , , ,1,1,0,0,0,0,0,0,0,0,0,1,1,0,0,0,0,0,0,0,0,0,0,0,0,0,0,0,0,0,0,0,0,0,0,4,0,39.9614,-75.1825, , 
71159,819947,2011038436,6,67,67301,2011,3,5,9999,99,1,1,0,7,2, , ,N,1,2,0,3,0,1,2,2,N,N,39 59:09.711,75 09:14.612,1800, ,9999, ,0, ,N, ,3, , , , , , , , , ,1,0,0,0,0,0,0,0,0,0,0,0,1,1,0,0,0,0,0,0,0,0,0,0,0,0,0,0,0,0,0,0,1,0,0,8,0,39.986,-75.1541, , 
71160,826194,2011053452,6,67,67301,2011,4,4,1400,14,1,1,0,5,1, , ,N,0,0,7,3,0,2,2,2,N, ,40 00:57.215,75 07:02.250,1428, ,1403, ,0, , , ,0, , , , , , , , , ,2,2,0,0,0,0,0,0,0,0,0,1,2,1,0,0,0,0,0,0,0,0,1,0,0,0,0,0,0,0,0,0,0,0,0,4,0,40.0159,-75.1173, , 
71161,826195,2011054258,6,67,67301,2011,4,7,405,4,3,1,1,0,1, , ,N,0,0,0,3,0,0,1,1,N,N,39 54:15.034,75 14:24.559,405, ,405,1,1,1,N, ,0,N, , , , , , , , ,1,1,0,0,0,0,0,0,0,0,0,0,0,0,0,0,0,0,0,0,0,0,0,0,0,0,0,0,0,0,0,0,0,0,0,0,0,39.9042,-75.2402, , 
71162,826200,2011064163,6,67,67301,2011,5,2,1248,12,1,1,0,1,1, , ,N,0,0,0,3,0,0,1,2, , ,39 59:37.892,75 14:10.240,1255, ,1248, ,0, , , ,0, , , , , , , , , ,2,1,0,0,0,0,1,0,0,0,0,0,0,0,0,0,0,0,0,0,1,0,0,0,0,0,0,0,0,0,0,0,0,0,0,0,0,39.9939,-75.2362, , 
71163,826214,2011031607,6,67,67301,2011,2,2,205,2,3,1,0,7,3, , ,N,0,0,0,3,0,1,1,1,N,N,40 02:10.023,75 03:54.554,214, ,219,2,2,2,N, ,0,N, , , , , , , , ,1,0,0,0,0,0,1,0,0,0,0,1,1,0,0,0,0,0,0,0,0,0,0,0,0,0,0,0,0,0,0,0,0,0,0,4,0,40.0361,-75.0652, , 
71164,826220,2011045498,6,67,67301,2011,4,7,2315,23,3,2,7,7,3, , ,N,0,0,0,3,0,1,1,1,N,N,39 57:15.960,75 10:52.017,2331, ,2323,2,1,4,N, ,0,N, , , , , , , , ,1,1,0,0,0,0,0,0,0,0,0,1,1,0,0,0,0,0,0,0,0,0,0,0,0,0,0,0,0,0,0,0,0,0,0,4,0,39.9544,-75.1811, , 
71165,826232,2011056418,6,67,67301,2011,5,1,123,1,3,1,0,7,9, , ,N,0,0,0,3,0,1,5,2,N,N,39 57:03.900,75 08:24.930,155, ,153, ,0, , , ,0, , , , , , , , , ,2,2,0,0,0,0,0,0,0,1,0,0,1,0,1,0,0,0,0,0,0,0,0,1,0,1,0,0,0,0,0,0,0,0,0,2,0,39.9511,-75.1403, , 
71166,826234,2011065251,6,67,67301,2011,6,1,2322,23,3,1,0,5,1, , ,N,0,0,0,3,0,1,4,2,N,N,40 00:21.545,75 11:47.501,2326, ,2323,1,1,4,N, ,0,N, , , , , , , , ,2,1,0,0,0,0,0,0,0,0,0,1,1,0,1,0,0,0,0,0,0,0,0,0,0,0,0,0,0,0,0,0,0,0,0,4,0,40.006,-75.1965, , 
71167,826265,2011082518,6,67,67301,2011,7,4,912,9,1,1,0,4,1, , ,N,2,0,0,3,0,1,2,2,N, ,39 57:15.782,75 08:52.382,912, ,912, ,0, , , ,0, , , , , , , , , ,1,0,0,0,1,0,0,0,1,0,0,0,1,1,0,0,0,0,0,0,0,0,0,1,0,0,0,0,0,0,0,0,0,0,0,8,0,39.9544,-75.1479, , 
71168,826269,2011088078,6,67,67301,2011,8,7,2210,22,3,1,0,4,1, , ,N,1,2,0,3,0,0,2,2,N,N,40 02:22.401,75 05:03.893,2230, ,2217, ,0, ,N, ,3, , , , , , , , , ,2,2,0,0,0,0,0,0,0,0,0,0,0,0,0,0,0,0,0,0,0,0,0,0,0,0,0,0,0,0,0,0,0,0,0,0,0,40.0396,-75.0844, , 
71169,826270,2011088096,6,67,67301,2011,7,1,1220,12,1,1,0,4,1, , ,N,1,2,0,3,0,1,3,2,N, ,40 00:30.056,75 11:40.124,1225, ,1220, ,0, , , ,3, , , , , , , , , ,2,2,0,0,0,0,0,0,0,1,0,0,1,0,0,0,0,0,0,0,1,0,0,2,0,0,0,0,0,0,0,0,0,0,0,2,0,40.0083,-75.1945, , 
71170,826277,2011098040,6,67,67301,2011,9,7,2255,22,3,1,0,7,5, , ,N,0,0,0,3,0,1,1,1,N,N,39 58:22.840,75 10:13.350,108, ,104, ,0, ,N, ,0, , , , , , , , , ,1,1,0,0,0,0,0,0,0,0,1,0,1,0,0,0,0,0,0,0,0,0,0,0,0,0,0,0,0,0,0,0,0,0,0,3,0,39.973,-75.1704, , 
71171,826300,2011085936,6,46,46104,2011,8,3,920,9,1,1,0,1,1, , ,N,1,2,0,3,0,3,5,2,N,N,40 00:30.523,75 12:40.023,923, ,920, ,0, ,N, ,3, , , , , , , , , ,2,2,0,0,0,0,0,0,0,0,0,3,3,0,0,0,0,0,0,0,0,0,0,0,0,0,0,0,0,0,0,0,0,0,0,4,0,40.0084,-75.211, , 
71172,826302,2011088015,6,67,67301,2011,7,5,120,1,3,1,0,5,1, , ,N,0,3,0,3,0,0,2,2,N,N,40 04:03.986,75 01:56.280,138, ,129, ,0, ,N, ,3, , , , , , , , , ,2,1,0,0,0,0,1,0,0,0,0,0,0,0,0,0,0,0,0,0,0,0,0,0,0,0,0,0,0,0,0,0,0,0,0,0,0,40.0678,-75.0323, , 
71173,826314,2011098918,6,67,67301,2011,9,2,1937,19,3,2,1,2,1, , ,N,1,2,0,3,0,2,3,2,N,N,40 02:25.414,75 07:27.069,2003, ,1959, ,0, ,N, ,3, , , , , , , , , ,2,0,0,0,0,0,1,0,0,0,0,2,2,0,0,0,0,0,0,0,0,1,0,0,0,0,0,0,0,0,0,0,0,0,0,4,0,40.0404,-75.1242, , 
71174,826334,2011118043,6,67,67301,2011,10,7,319,3,3,1,0,7,5, , ,N,10,0,0,3,0,2,2,1,N, ,39 58:43.342,75 05:51.613,321, ,320, ,0, , , ,0, , , , , , , , , ,1,1,0,0,0,0,0,0,0,0,0,2,2,0,0,0,0,0,0,1,0,0,0,0,0,0,0,0,0,0,0,0,0,0,0,4,0,39.9787,-75.0977, , 
71175,826366,2011108759,6,67,67301,2011,9,5,1630,16,1,9,0,8,1, , ,N,0,0,0,3,0,1,2,2,N,N,39 59:36.132,75 09:38.444,900, ,854, ,0, ,N, ,0, , , , , , , , , ,1,0,0,0,1,0,0,0,0,0,0,1,1,0,1,0,0,0,0,0,0,0,0,0,0,0,0,0,0,0,0,0,1,0,0,4,0,39.9934,-75.1607, , 
71176,826384,2011124742,6,67,67301,2011,11,5,2014,20,3,1,0,0,2, , ,N,0,0,0,3,0,0,1,1,N,N,39 57:56.488,75 08:11.074,2017, ,2016,1,2,1,N, ,0,N, , , , , , , , ,1,1,0,0,0,0,0,0,0,0,0,0,0,0,0,0,0,0,0,0,0,0,0,0,0,0,0,0,0,0,0,0,0,0,0,0,0,39.9656,-75.1366, , 
71177,826388,2011054139,6,67,67301,2011,4,5,705,7,1,1,0,8,1, , ,N,0,0,0,3,0,1,3,2,N,N,39 58:26.826,75 13:39.263,1000, ,1000, ,0, ,N, ,0, , , , , , , , , ,1,0,0,0,0,0,1,0,0,0,0,1,1,0,1,0,0,0,0,0,0,0,0,0,0,0,0,0,0,0,0,0,1,0,0,4,0,39.9741,-75.2276, , 
71178,826390,2011061852,6,67,67301,2011,5,4,1520,15,1,1,1,4,1, , ,N,2,2,0,3,0,2,3,2,N,Y,40 02:37.590,75 03:52.948,1541, ,1538, ,0, ,N, ,3, , , , , , , , , ,2,1,0,0,0,0,0,1,0,0,0,0,2,2,1,0,0,0,0,0,0,0,0,0,0,0,0,0,0,0,0,0,0,0,0,8,0,40.0438,-75.0647, , 
71179,823406,2011059135,6,67,67301,2011,6,4,1404,14,1,1,0,1,1, , ,N,0,0,3,3,0,0,6,3,N,N,39 54:33.800,75 09:18.550,1404, ,1404, ,0, ,N, ,0, , , , , , , , , ,3,2,0,0,0,0,0,1,0,0,0,0,0,0,0,0,0,0,0,0,2,1,0,0,0,0,0,0,0,0,0,0,0,0,0,0,0,39.9094,-75.1552, , 
71180,823432,2011087835,6,67,67301,2011,8,1,1735,17,3,1,0,1,1, , ,N,0,0,0,3,0,1,2,2,N, ,39 55:26.170,75 10:03.430,1738, ,1736, ,0, , , ,0, , , , , , , , , ,1,1,0,0,0,0,0,0,1,0,1,0,1,0,1,0,0,0,0,0,0,0,0,0,0,0,0,0,0,0,0,0,0,0,0,3,0,39.9239,-75.1676, , 
71181,823436,2011092990,6,67,67301,2011,8,3,9999,99,1,1,0,8,1, , ,N,2,3,0,3,0,1,2,2,N, ,39 59:49.905,75 06:43.750,9999, ,9999, ,0, , , ,3, , , , , , , , , ,1,0,0,0,0,0,1,0,0,0,0,0,1,1,1,0,0,0,0,0,0,0,0,1,0,0,0,0,0,0,0,0,1,0,0,8,0,39.9972,-75.1122, , 
71182,823457,2011085553,6,67,67301,2011,7,6,1722,17,1,1,0,6,1, , ,N,1,2,0,3,0,1,3,2,N,N,40 01:48.638,75 06:15.374,1728, ,1724, ,0, , , ,3, , , , , , , , , ,2,1,0,0,0,0,1,0,0,0,0,0,1,1,0,0,0,0,0,1,0,0,0,0,0,0,0,0,0,0,0,0,0,0,0,8,0,40.0302,-75.1043, , 
71183,823459,2011087118,6,67,67301,2011,8,1,118,1,3,2,1,7,2, , ,N,0,0,0,3,0,1,1,1,N,N,39 59:43.248,75 04:59.730,122, ,119,1,2,1,N, ,0,N, , , , , , , , ,1,1,0,0,0,0,0,0,0,0,0,1,1,0,0,0,0,0,0,0,1,0,0,0,0,0,0,0,0,0,0,0,0,0,0,4,0,39.9952,-75.0833, , 
71184,823462,2011087851,6,67,67301,2011,7,4,1535,15,1,1,0,1,1, , ,N,0,0,0,3,0,3,4,3,N,N,39 56:12.494,75 09:12.492,1740, ,1734, ,0, ,N, ,0, , , , , , , , , ,3,3,0,0,0,0,0,0,0,0,0,3,3,0,0,0,0,0,0,0,1,0,0,0,0,0,0,0,0,0,0,0,0,0,0,4,0,39.9368,-75.1535, , 
71185,823463,2011087962,6,67,67301,2011,8,1,1625,16,1,1,0,1,1, , ,N,1,2,0,3,0,1,7,4,N,N,40 05:21.079,75 01:15.622,1628, ,1626,1,1,2, , ,3,N, , , , , , , , ,4,4,0,0,0,0,0,0,0,0,0,1,1,0,0,0,0,0,0,0,1,0,0,0,0,0,0,0,0,0,0,0,0,0,0,4,0,40.0892,-75.021, , 
71186,823474,2011100825,6,67,67301,2011,9,2,1349,13,1,1,0,4,1, , ,N,1,2,0,3,0,1,2,2,N,N,39 56:55.287,75 14:15.021,1355, ,1340, ,0, ,N, ,3, , , , , , , , , ,1,0,0,0,0,0,1,0,1,0,0,1,1,0,0,0,0,0,0,0,0,0,0,1,0,0,0,0,0,0,0,0,0,0,0,4,0,39.9487,-75.2375, , 
71187,823486,2011113287,6,67,67301,2011,9,2,2236,22,2,1,0,4,1, , ,N,1,2,0,3,0,1,2,2,N, ,40 02:32.520,75 03:02.225,2244, ,2240,2,2,4, , ,3,Y, , , , , , , , ,2,2,0,0,0,0,0,0,0,0,0,1,1,0,1,0,0,0,0,0,1,0,0,1,0,0,0,0,0,0,0,0,0,0,0,4,0,40.0423,-75.0506, , 
71188,823493,2011075613,6,67,67301,2011,6,5,200,2,3,1,0,4,1, , ,N,3,2,0,3,1,5,8,3,N,N,40 03:12.351,75 00:30.527,214, ,205, ,0, ,N,0,3, , , , , , , , , ,3,3,0,0,0,0,0,0,0,1,4,0,5,0,0,0,0,0,0,1,0,0,0,0,0,0,0,0,0,0,0,0,0,0,0,1,0,40.0536,-75.0085,2, 
71189,823502,2011088000,6,67,67301,2011,7,4,1400,14,1,1,0,8,1, , ,N,1,0,0,3,0,1,2,2,N,N,39 58:46.036,75 13:31.401,1426, ,1422, ,0, , , ,0, , , , , , , , , ,1,1,0,0,0,0,0,0,0,0,1,0,1,0,1,0,0,0,0,0,0,0,0,1,0,0,0,0,0,0,0,0,1,0,0,3,0,39.9794,-75.2253, , 
71190,823523,2011106755,6,67,67301,2011,9,5,1726,17,1,1,0,1,1, , ,N,0,0,0,3,0,1,3,3,N,N,40 01:22.880,75 02:06.780,1731, ,1729, ,0, ,N, ,0, , , , , , , , , ,3,2,0,0,1,0,0,0,0,0,0,1,1,0,0,0,0,0,0,0,2,0,1,1,0,0,0,0,0,0,0,0,0,0,0,4,0,40.023,-75.0353, , 
71191,823529,2011112238,6,67,67301,2011,9,4,950,9,1,2,1,1,1, , ,N,0,0,0,3,0,0,2,2,N,N,39 58:33.339,75 14:24.843,959, ,954,9,1,3,N, ,0,N, , , , , , , , ,2,0,0,0,1,0,1,0,0,0,0,0,0,0,0,0,0,0,0,0,0,0,0,0,0,0,0,0,0,0,0,0,0,0,0,0,0,39.9759,-75.2402, , 
71192,823542,2011009993,6,67,67301,2011,1,7,9999,99,1,1,0,4,1, , ,N,5,2,0,3,0,0,2,2,N,N,39 58:10.070,75 08:22.352,953, ,951, ,0, ,N, ,3, , , , , , , , , ,2,2,0,0,0,0,0,0,0,0,0,0,0,0,0,0,0,0,0,1,0,1,0,0,0,0,0,0,0,0,0,0,0,0,0,0,0,39.9695,-75.1395, , 
71193,823545,2011015921,6,67,67301,2011,1,5,815,8,1,1,0,4,1, , ,N,2,2,0,3,0,1,2,2,N,N,40 00:47.880,75 11:02.857,825, ,820, ,0, ,N, ,3, , , , , , , , , ,2,2,0,0,0,0,0,0,0,0,0,1,1,0,0,0,0,0,0,0,0,0,0,0,0,0,0,0,0,0,0,0,0,0,0,4,0,40.0134,-75.1841, , 
71194,823549,2011046951,6,67,67301,2011,4,7,1254,12,1,1,0,5,1, , ,N,2,0,0,3,0,1,2,2,N,N,40 02:46.424,75 10:31.180,1257, ,1255, ,0, ,N, ,0, , , , , , , , , ,2,1,0,0,0,0,0,0,0,0,0,1,1,0,0,0,0,0,0,0,0,0,0,0,0,0,0,0,0,0,0,0,0,0,0,4,0,40.0462,-75.1753, , 
71195,823563,2011061802,6,67,67301,2011,5,5,713,7,1,2,1,4,1, , ,N,1,3,0,3,0,2,3,2,N,N,40 02:20.907,75 08:21.109,740, ,234, ,0, ,N, ,3, , , , , , , , , ,2,2,0,0,0,0,0,0,0,0,0,0,2,2,0,0,0,0,0,0,0,0,0,0,0,0,0,0,0,0,0,0,0,0,0,8,0,40.0391,-75.1392, , 