objectid_1,objectid,crn,district,county,municipality,crash_year,crash_month,day_of_week,time_of_day,hour_of_day,illumination,weather,road_condition,collision_type,relation_to_road,work_zone_type,work_zone_loc,work_zone_ind,intersect_type,tcd_type,location_type,urban_rural,fatal_count,injury_count,person_count,total_units,sch_bus_ind,sch_zone_ind,latitude,longitude,arrival_tm,cons_zone_spd_lim,dispatch_tm,est_hrs_closed,lane_closed,ln_close_dir,ntfy_hiwy_maint,spec_juris_cd,tcd_func_cd,tfc_detour_ind,workers_pres,wz_close_detour,wz_flagger,wz_law_offcr_ind,wz_ln_closure,wz_moving,wz_other,wz_shlder_mdn,vehicle_count,automobile_count,motorcycle_count,bus_count,small_truck_count,heavy_truck_count,suv_count,van_count,bicycle_count,maj_inj_count,mod_inj_count,min_inj_count,tot_inj_count,unk_inj_deg_count,unk_inj_per_count,driver_count_16yr,driver_count_17yr,driver_count_18yr,driver_count_19yr,driver_count_20yr,driver_count_50_64yr,driver_count_65_74yr,driver_count_75plus,unbelted_occ_count,unb_death_count,unb_maj_inj_count,belted_death_count,belted_maj_inj_count,mcycle_death_count,mcycle_maj_inj_count,bicycle_death_count,bicycle_maj_inj_count,ped_count,ped_death_count,ped_maj_inj_count,max_severity_level,comm_veh_count,dec_lat,dec_long,rdwy_surf_type_cd,county_name
71263,823706,2011073183,6,67,67301,2011,6,7,1926,19,1,1,0,4,4, , ,N,1,3,0,3,0,5,5,3,N,N,39 59:05.294,75 10:08.806,1930, ,1927,2,2,7,N, ,3,Y, , , , , , , , ,3,2,0,0,0,0,0,0,0,0,0,5,5,0,0,0,1,0,0,0,0,0,0,0,0,0,0,0,0,0,0,0,0,0,0,4,0,39.9848,-75.1691, , 
71264,823707,2011073638,6,67,67301,2011,7,1,1453,14,1,1,0,7,4, , ,N,0,0,0,3,0,0,1,1,N,N,40 00:54.334,75 03:13.867,1500, ,1453,1,1,1,N, ,0,N, , , , , , , , ,1,1,0,0,0,0,0,0,0,0,0,0,0,0,0,0,0,0,0,0,0,0,0,0,0,0,0,0,0,0,0,0,0,0,0,0,0,40.015,-75.054, , 
71265,823730,2011102416,6,46,46108,2011,10,6,125,1,3,1,0,7,5, , ,N,2,0,0,3,0,1,1,1,N,N,40 05:13.538,75 12:48.575,126, ,125, ,0, ,N, ,0, , , , , , , , , ,1,0,0,0,0,0,1,0,0,0,0,0,1,1,0,0,0,0,0,0,0,0,0,0,0,0,0,0,0,0,0,0,0,0,0,8,0,40.0871,-75.2135, , 
71266,823732,2011057041,6,67,67301,2011,5,4,830,8,1,2,1,4,1, , ,N,0,3,0,3,0,1,2,2,N,N,40 02:01.096,75 02:03.336,847, ,847, ,0, ,N, ,3, , , , , , , , , ,2,0,0,0,0,0,2,0,0,0,0,1,1,0,0,0,0,0,0,0,0,0,0,0,0,0,0,0,0,0,0,0,0,0,0,4,0,40.0336,-75.0343, , 
71267,823752,2011028875,6,67,67301,2011,1,2,155,1,3,1,0,8,1, , ,N,1,2,0,3,0,1,2,2,N,N,39 57:06.318,75 12:11.069,200, ,159, ,0, ,N, ,3, , , , , , , , , ,1,1,0,0,0,0,0,0,0,0,0,0,1,1,0,0,0,0,0,0,0,0,0,0,0,0,0,0,0,0,0,0,1,0,0,8,0,39.9518,-75.2031, , 
71268,823778,2011054022,6,67,67301,2011,4,4,1500,15,1,1,0,4,1, , ,N,1,0,0,3,0,3,4,2,N,N,39 59:27.484,75 07:54.928,1500, ,1500, ,0, ,N, ,0, , , , , , , , , ,2,1,0,0,0,0,1,0,0,0,0,3,3,0,1,0,0,1,0,0,0,0,0,0,0,0,0,0,0,0,0,0,0,0,0,4,0,39.991,-75.1319, , 
71269,816692,2011100642,6,67,67301,2011,9,4,35,0,3,2,1,6,1, , ,N,2,3,0,3,0,1,2,2,N,N,40 01:50.880,75 09:29.185,53, ,50, ,0, ,N, ,3, , , , , , , , , ,2,1,0,0,0,0,1,0,0,0,0,1,1,0,1,0,0,0,0,0,0,0,0,1,0,0,0,0,0,0,0,0,0,0,0,4,0,40.0308,-75.1581, , 
71270,816715,2011031335,6,67,67301,2011,2,1,1505,15,1,1,0,4,1, , ,N,1,3,0,3,0,1,2,2,N,N,40 03:08.209,75 03:21.778,1532, ,1530, ,0, ,N, ,3, , , , , , , , , ,2,2,0,0,0,0,0,0,0,0,0,0,1,1,0,0,0,0,0,0,0,0,0,1,0,0,0,0,0,0,0,0,0,0,0,8,0,40.0522,-75.056, , 
71271,816716,2011031394,6,67,67301,2011,2,4,915,9,1,1,0,4,1, , ,N,1,3,0,3,0,1,3,2,N,N,40 02:06.705,75 13:19.289,1501, ,1501, ,0, ,N, ,3, , , , , , , , , ,2,2,0,0,0,0,0,0,0,0,0,0,1,1,0,0,0,0,0,0,0,0,0,2,0,0,0,0,0,0,0,0,0,0,0,8,0,40.0352,-75.222, , 
71272,816724,2011040325,6,67,67301,2011,3,6,130,1,3,1,0,7,2, , ,N,0,0,0,3,0,0,2,1,N, ,39 57:48.950,75 09:14.680,133, ,131,1,2,2, , ,0,Y, , , , , , , , ,1,1,0,0,0,0,0,0,0,0,0,0,0,0,0,0,0,0,0,0,0,0,0,0,0,0,0,0,0,0,0,0,0,0,0,0,0,39.9636,-75.1541, , 
71273,816734,2011050899,6,67,67301,2011,5,5,1303,13,1,1,0,7,5, , ,N,0,0,0,3,0,1,1,1,N,N,39 58:32.256,75 11:41.832,1307, ,1305,1,1,3,N, ,0,N, , , , , , , , ,1,0,0,0,0,0,1,0,0,0,0,1,1,0,0,0,0,0,0,0,0,1,0,1,0,0,0,0,0,0,0,0,0,0,0,4,0,39.9756,-75.195, , 
71274,816735,2011054283,6,67,67301,2011,4,1,225,2,3,2,1,5,6, , ,N,0,0,0,3,0,1,1,3,N,N,40 06:46.660,75 01:03.740,235, ,229,2,2,2,N, ,0,N, , , , , , , , ,3,2,0,0,1,0,0,0,0,0,1,0,1,0,0,0,1,0,0,0,0,0,0,0,0,0,0,0,0,0,0,0,0,0,0,3,0,40.113,-75.0177, , 
71275,816737,2011055706,6,67,67301,2011,5,1,242,2,3,2,7,7,2, , ,N,0,0,0,3,0,2,2,1,N,N,39 59:41.377,75 05:02.145,309, ,305,2,2,2,N, ,0,Y, , , , , , , , ,1,1,0,0,0,0,0,0,0,0,0,0,2,2,0,0,0,0,0,0,0,0,0,0,0,0,0,0,0,0,0,0,0,0,0,8,0,39.9949,-75.0839, , 
71276,816739,2011064016,6,67,67301,2011,5,7,1342,13,1,1,0,8,1, , ,N,0,3,0,3,0,1,2,2,N,N,39 57:53.327,75 11:25.227,1342, ,1342, ,0, ,N, ,3, , , , , , , , , ,1,0,0,0,0,0,0,1,0,0,0,1,1,0,0,0,0,0,0,0,0,0,0,0,0,0,0,0,0,0,0,0,1,0,0,4,0,39.9648,-75.1903, , 
71277,816740,2011066192,6,67,67301,2011,6,3,745,7,1,1,0,4,1, , ,N,1,0,0,3,0,1,3,2, , ,40 01:01.180,75 11:17.957,9999, ,9999, ,0, , , ,0, , , , , , , , , ,2,2,0,0,0,0,0,0,0,0,0,0,1,1,0,0,0,0,0,0,0,0,0,0,0,0,0,0,0,0,0,0,0,0,0,8,0,40.017,-75.1883, , 
71278,816756,2011056771,6,67,67301,2011,5,5,2215,22,3,1,0,8,1, , ,N,2,2,0,3,0,1,2,2,N,N,39 57:29.532,75 14:07.900,2224, ,2220, ,0, ,N, ,3, , , , , , , , , ,1,1,0,0,0,0,0,0,0,0,0,1,1,0,0,0,0,0,0,0,1,0,0,0,0,0,0,0,0,0,0,0,1,0,0,4,0,39.9582,-75.2355, , 
71279,816772,2011075632,6,67,67301,2011,6,5,1245,12,1,1,0,7,5, , ,N,1,2,0,3,0,0,1,1,N,N,39 56:20.518,75 09:59.207,1247, ,1246, ,0, , , ,3, , , , , , , , , ,1,1,0,0,0,0,0,0,0,0,0,0,0,0,0,0,1,0,0,0,0,0,0,0,0,0,0,0,0,0,0,0,0,0,0,0,0,39.9391,-75.1664, , 
71280,816774,2011076293,6,67,67301,2011,6,7,320,3,3,1,0,5,6, , ,N,0,0,0,3,0,1,1,3,N,N,40 04:10.810,75 03:01.729,327, ,323, ,0, ,N, ,0, , , , , , , , , ,3,3,0,0,0,0,0,0,0,0,0,0,1,1,0,0,0,0,0,1,0,0,0,0,0,0,0,0,0,0,0,0,0,0,0,8,0,40.0697,-75.0505, , 
71281,816783,2011085475,6,67,67301,2011,7,2,1315,13,1,1,0,1,1, , ,N,2,2,0,3,0,1,3,2,N,N,39 59:54.554,75 09:12.498,1320, ,1318, ,0, ,N, ,3, , , , , , , , , ,2,2,0,0,0,0,0,0,0,0,0,0,1,1,0,0,0,0,0,0,0,1,0,0,0,0,0,0,0,0,0,0,0,0,0,8,0,39.9985,-75.1535, , 
71282,816836,2011108910,6,67,67301,2011,10,7,1331,13,1,1,0,8,1, , ,N,0,2,7,3,0,1,2,2,N,N,40 07:11.184,75 01:02.759,1333, ,1331, ,0, ,N, ,3, , , , , , , , , ,1,1,0,0,0,0,0,0,0,0,0,0,1,1,0,0,0,0,0,0,0,0,0,0,0,0,0,0,0,0,0,0,1,0,0,8,0,40.1198,-75.0174, , 
71283,816850,2011009968,6,67,67301,2011,1,2,655,6,3,1,0,5,1, , ,N,0,0,0,3,0,1,1,3,N,N,39 55:10.580,75 10:43.180,700, ,655,3,2,2,N, ,0,Y, , , , , , , , ,3,3,0,0,0,0,0,0,0,0,0,0,1,1,0,0,0,0,0,0,1,0,0,0,0,0,0,0,0,0,0,0,0,0,0,8,0,39.9196,-75.1787, , 
71284,816858,2011088091,6,67,67301,2011,8,2,805,8,1,1,0,8,1, , ,N,1,2,0,3,0,1,2,2,N, ,40 01:10.243,75 08:56.039,833, ,832, ,0, , , ,3, , , , , , , , , ,1,1,0,0,0,0,0,0,0,0,0,0,1,1,0,0,0,0,0,0,0,0,0,0,0,0,0,0,0,0,0,0,1,0,0,8,0,40.0195,-75.1489, , 
71285,816864,2011090556,6,67,67301,2011,8,6,1556,15,1,1,0,6,1, , ,N,0,0,0,3,0,1,2,2,N,N,39 58:43.669,75 11:21.242,1558, ,1556,1,1,5,N, ,0,N, , , , , , , , ,2,1,0,0,0,0,1,0,0,0,0,0,1,1,1,0,0,0,0,0,0,1,0,0,0,0,0,0,0,0,0,0,0,0,0,8,0,39.9788,-75.1892, , 
71286,816882,2011056377,6,67,67301,2011,5,7,2315,23,3,2,1,4,1, , ,N,1,2,0,3,0,0,3,2,N,N,39 58:30.781,75 11:41.713,2337, ,2330, ,0, ,N, ,3, , , , , , , , , ,2,2,0,0,0,0,0,0,0,0,0,0,0,0,0,0,0,0,0,0,0,0,0,2,0,0,0,0,0,0,0,0,0,0,0,0,0,39.9751,-75.195, , 
71287,820305,2011095461,6,67,67301,2011,8,6,20,0,3,2,1,4,1, , ,N,1,2,0,3,0,2,3,2,N,N,40 02:10.346,75 03:51.114,36, ,22,1,1,1,N, ,3,N, , , , , , , , ,2,2,0,0,0,0,0,0,0,0,0,2,2,0,0,0,0,0,0,0,0,0,0,0,0,0,0,0,0,0,0,0,0,0,0,4,0,40.0362,-75.0642, , 
71288,820310,2011100867,6,67,67301,2011,9,5,1114,11,1,2,1,4,1, , ,N,1,2,0,3,0,1,2,2,N,N,40 03:48.698,75 10:11.388,1115, ,1115, ,0, ,N, ,3, , , , , , , , , ,2,2,0,0,0,0,0,0,0,0,1,0,1,0,1,0,0,0,0,0,0,0,0,0,0,0,0,0,0,0,0,0,0,0,0,3,0,40.0635,-75.1698, , 
71289,820326,2011056883,6,67,67301,2011,5,5,2058,20,3,1,0,4,1, , ,N,1,2,0,3,0,3,3,2,N,N,40 00:25.549,75 05:38.543,2120, ,2114,2,1,1,N, ,3,N, , , , , , , , ,2,2,0,0,0,0,0,0,0,0,0,0,3,3,0,0,0,0,0,0,0,0,0,0,0,0,0,0,0,0,0,0,0,0,0,8,0,40.0071,-75.094, , 
71290,820331,2011061797,6,67,67301,2011,5,7,1800,18,1,1,0,8,1, , ,N,0,0,0,3,0,1,2,2,N,N,39 59:55.310,75 07:13.870,1804, ,1802, ,0, ,N, ,0, , , , , , , , , ,1,1,0,0,0,0,0,0,0,0,0,1,1,0,0,0,0,0,0,0,0,0,0,0,0,0,0,0,0,0,0,0,1,0,0,4,0,39.9987,-75.1205, , 
71291,820334,2011066271,6,67,67301,2011,6,4,9999,99,1,1,0,8,1, , ,N,0,0,0,3,0,1,2,2,N,N,40 02:56.127,75 03:43.789,1530, ,1525, ,0, ,N, ,0, , , , , , , , , ,1,1,0,0,0,0,0,0,0,0,0,0,1,1,0,0,0,1,0,0,0,0,0,0,0,0,0,0,0,0,0,0,1,0,0,8,0,40.0489,-75.0622, , 
71292,820338,2011068456,6,67,67301,2011,6,7,1730,17,1,1,0,4,1, , ,N,1,2,0,3,0,1,2,2,N,N,40 01:47.237,75 03:36.393,1749, ,1747, ,0, ,N, ,3, , , , , , , , , ,2,1,0,0,0,0,1,0,0,0,0,1,1,0,1,0,0,0,0,0,1,0,0,0,0,0,0,0,0,0,0,0,0,0,0,4,0,40.0298,-75.0601, , 
71293,820347,2011073215,6,67,67301,2011,6,4,1450,14,1,1,0,4,1, , ,N,1,3,0,3,0,3,6,2,N,N,40 00:28.717,75 04:25.479,1455, ,1451,9,1,2,N, ,3,Y, , , , , , , , ,2,2,0,0,0,0,0,0,0,0,0,1,3,2,0,0,0,0,0,0,0,0,0,1,0,0,0,0,0,0,0,0,0,0,0,4,0,40.008,-75.0737, , 
71294,820382,2011028866,6,67,67301,2011,1,7,1601,16,1,1,0,6,1, , ,N,2,2,0,3,0,1,3,2,N,N,39 57:48.087,75 11:15.011,1608, ,1603, ,0, ,N, ,3, , , , , , , , , ,2,2,0,0,0,0,0,0,0,0,0,0,1,1,0,0,0,0,0,0,0,0,0,0,0,0,0,0,0,0,0,0,0,0,0,8,0,39.9634,-75.1875, , 
71295,820392,2011040431,6,67,67301,2011,3,5,1740,17,1,1,0,4,1, , ,N,1,2,0,3,0,1,2,2,N,N,40 02:17.896,75 04:31.313,1802, ,1756,2,1,2,N, ,3,N, , , , , , , , ,2,1,0,0,0,0,0,1,0,0,0,1,1,0,0,0,0,0,0,0,0,0,0,0,0,0,0,0,0,0,0,0,0,0,0,4,0,40.0383,-75.0754, , 
71296,820419,2011066171,6,67,67301,2011,6,2,445,4,5,1,0,7,4, , ,N,1,2,0,3,0,0,1,1,N,N,40 03:48.034,75 08:21.451,9999, ,455, ,0, ,N, ,3, , , , , , , , , ,1,1,0,0,0,0,0,0,0,0,0,0,0,0,0,0,0,0,0,0,0,0,0,0,0,0,0,0,0,0,0,0,0,0,0,0,0,40.0633,-75.1393, , 
71297,820422,2011068482,6,67,67301,2011,6,5,742,7,1,1,0,6,1, , ,N,0,2,7,3,0,3,4,2, , ,40 02:51.920,75 03:35.772,748, ,745,2,2,6, , ,3,Y, , , , , , , , ,2,1,0,0,0,1,0,0,0,0,0,0,3,3,0,0,0,0,0,0,0,1,0,0,0,0,0,0,0,0,0,0,0,0,0,8,1,40.0478,-75.0599, , 
71298,820433,2011082453,6,67,67301,2011,7,4,1519,15,1,1,0,1,1, , ,N,0,0,7,3,0,3,4,2,N,N,39 59:55.142,75 07:38.150,1712, ,1702, ,0, ,N, ,0, , , , , , , , , ,2,2,0,0,0,0,0,0,0,0,0,3,3,0,1,0,0,0,1,0,0,0,0,0,0,0,0,0,0,0,0,0,0,0,0,4,0,39.9987,-75.1273, , 
71299,820434,2011083419,6,67,67301,2011,7,7,1340,13,1,1,0,4,1, , ,N,1,2,0,3,0,1,2,2,N,N,39 57:08.958,75 10:37.001,1355, ,1349, ,0, , , ,3, , , , , , , , , ,1,1,0,0,0,0,0,0,1,0,0,1,1,0,0,0,0,0,0,0,0,0,0,0,0,0,0,0,0,0,0,0,0,0,0,4,0,39.9525,-75.177, , 
71300,820441,2011092907,6,67,67301,2011,8,1,1615,16,1,2,1,1,1, , ,N,0,2,0,3,0,2,4,2,N,N,39 56:12.231,75 09:12.697,9999, ,9999, ,0, ,N, ,3, , , , , , , , , ,2,2,0,0,0,0,0,0,0,0,0,1,2,1,0,0,0,0,0,0,1,0,0,0,0,0,0,0,0,0,0,0,0,0,0,4,0,39.9367,-75.1535, , 
71301,820443,2011095494,6,67,67301,2011,8,5,115,1,3,1,0,7,2, , ,N,0,0,1,3,0,0,1,1,N,N,40 00:48.306,75 10:23.926,145, ,144, ,0, ,N, ,0, , , , , , , , , ,1,0,0,0,0,0,1,0,0,0,0,0,0,0,0,0,0,1,0,0,0,0,0,1,0,0,0,0,0,0,0,0,0,0,0,0,0,40.0134,-75.1733, , 
71302,820452,2011104095,6,67,67301,2011,10,7,208,2,3,1,1,7,3, , ,N,0,0,0,3,0,1,2,1,N,N,39 59:43.274,75 11:51.404,222, ,221,1,2,4,Y, ,0,N, , , , , , , , ,1,0,0,0,1,0,0,0,0,0,0,0,1,1,0,0,0,0,0,0,0,0,0,0,0,0,0,0,0,0,0,0,0,0,0,8,0,39.9954,-75.1976, , 
71303,820453,2011108814,6,67,67301,2011,9,6,1100,11,1,1,0,1,1, , ,N,2,2,0,3,0,5,7,2,N,N,40 06:44.590,74 59:27.519,1117, ,1105,1,1,2,N, ,3,N, , , , , , , , ,2,1,0,0,0,1,0,0,0,0,0,0,5,5,0,0,0,0,0,0,1,0,0,1,0,0,0,0,0,0,0,0,0,0,0,8,1,40.1124,-74.991, , 
71304,820473,2011056788,6,67,67301,2011,5,7,2130,21,3,1,0,8,1, , ,N,1,3,0,3,0,1,2,2, , ,39 56:35.646,75 10:38.553,2139, ,2132, ,0, , , ,3, , , , , , , , , ,1,1,0,0,0,0,0,0,0,0,0,1,1,0,0,0,0,0,0,0,0,0,0,0,0,0,0,0,0,0,0,0,1,0,0,4,0,39.9432,-75.1774, , 
71305,826605,2011087119,6,67,67301,2011,8,1,237,2,3,2,1,7,4, , ,N,0,0,0,3,0,0,1,1,N,N,39 58:45.592,75 06:30.991,243, ,242,1,2,2,N, ,0,N, , , , , , , , ,1,0,0,0,0,0,1,0,0,0,0,0,0,0,0,0,0,0,0,0,0,0,0,0,0,0,0,0,0,0,0,0,0,0,0,0,0,39.9793,-75.1086, , 
71306,826644,2011072970,6,67,67301,2011,6,4,2351,23,3,1,0,1,1, , ,N,0,0,0,3,0,0,9,7,N,N,39 59:54.562,75 11:44.840,2357, ,2353,2,1,3,N, ,0,N, , , , , , , , ,7,6,0,0,0,0,0,0,0,0,0,0,0,0,1,0,0,0,0,0,2,0,0,0,0,0,0,0,0,0,0,0,0,0,0,9,0,39.9985,-75.1958, , 
71307,826645,2011073298,6,67,67301,2011,6,6,419,4,3,1,0,8,1, , ,N,1,2,0,3,0,1,2,2,N,N,40 01:34.076,75 07:18.694,430, ,422, ,0, ,N, ,3, , , , , , , , , ,1,1,0,0,0,0,0,0,0,0,0,1,1,0,0,0,0,0,1,0,0,0,0,0,0,0,0,0,0,0,0,0,1,0,0,4,0,40.026,-75.122, , 
71308,826657,2011082656,6,67,67301,2011,7,4,1753,17,1,1,0,2,1, , ,N,2,0,0,3,0,1,2,2,N,N,39 55:51.548,75 14:34.636,1825, ,1818, ,0, ,N, ,0, , , , , , , , , ,2,2,0,0,0,0,0,0,0,0,0,0,1,1,1,0,0,0,1,0,0,0,0,0,0,0,0,0,0,0,0,0,0,0,0,8,0,39.931,-75.243, , 
71309,826661,2011087680,6,67,67301,2011,8,2,744,7,1,2,1,1,1, , ,N,0,0,0,3,0,0,2,2,N,N,39 59:37.723,75 11:57.127,752, ,749, ,0, ,N, ,0, , , , , , , , , ,2,2,0,0,0,0,0,0,0,0,0,0,0,0,0,0,0,0,0,0,0,0,0,0,0,0,0,0,0,0,0,0,0,0,0,0,0,39.9938,-75.1992, , 
71310,826663,2011095403,6,67,67301,2011,8,3,155,1,3,1,0,7,1, , ,N,0,0,0,3,0,0,1,1,N,N,40 01:54.581,75 05:02.780,205, ,156,9,1,1,N, ,0,N, , , , , , , , ,1,1,0,0,0,0,0,0,0,0,0,0,0,0,1,0,0,0,0,0,0,0,0,0,0,0,0,0,0,0,0,0,0,0,0,9,0,40.0318,-75.0841, , 
71311,826668,2011100656,6,67,67301,2011,9,6,2359,23,3,1,0,4,1, , ,N,1,2,0,3,0,1,2,2,N,N,39 59:04.850,75 09:23.377,41, ,40, ,0, ,N, ,3, , , , , , , , , ,2,1,1,0,0,0,0,0,0,0,0,1,1,0,0,0,0,0,0,0,1,0,0,0,0,0,0,0,0,0,0,0,0,0,0,4,0,39.9847,-75.1565, , 
71312,826669,2011100765,6,67,67301,2011,9,5,1740,17,1,1,0,1,6, , ,N,0,0,0,3,0,1,2,2,N,N,40 00:40.226,75 05:00.646,1748, ,1747, ,0, ,N, ,0, , , , , , , , , ,2,2,0,0,0,0,0,0,0,0,0,0,1,1,0,0,0,0,0,0,0,0,0,0,0,0,0,0,0,0,0,0,0,0,0,8,0,40.0112,-75.0835, , 
71313,826692,2011068476,6,67,67301,2011,6,1,2153,21,3,1,0,4,1, , ,N,5,2,0,3,0,1,2,2, , ,39 56:45.089,75 14:25.018,2322, ,2322, ,0, , , ,3, , , , , , , , , ,1,1,0,0,0,0,0,0,1,0,0,0,1,1,0,0,0,0,0,0,0,0,0,0,0,0,0,0,0,0,0,0,0,0,0,8,0,39.9459,-75.2403, , 
71314,826700,2011077043,6,67,67301,2011,7,3,1448,14,1,1,0,1,1, , ,N,0,0,0,3,0,0,2,2,N,N,39 57:32.590,75 10:16.405,1505, ,1456, ,0, ,N, ,0, , , , , , , , , ,2,1,0,0,1,0,0,0,0,0,0,0,0,0,1,0,0,0,0,0,1,0,0,0,0,0,0,0,0,0,0,0,0,0,0,9,0,39.9591,-75.1712, , 
71315,826743,2011068412,6,67,67301,2011,6,6,939,9,1,1,0,2,6, , ,N,0,0,0,3,0,0,1,3,N,N,39 57:45.648,75 13:56.931,942, ,939, ,0, ,N, ,0, , , , , , , , , ,3,3,0,0,0,0,0,0,0,0,0,0,0,0,0,0,0,0,0,0,1,0,0,0,0,0,0,0,0,0,0,0,0,0,0,0,0,39.9627,-75.2325, , 
71316,826750,2011085763,6,67,67301,2011,8,7,1855,18,1,1,0,5,1, , ,N,0,0,0,3,0,1,5,3,N,N,39 56:45.333,75 08:33.086,1900, ,1857,1,1,2,N, ,0,N, , , , , , , , ,3,1,0,0,0,0,1,1,0,0,0,1,1,0,0,0,0,0,0,0,0,0,0,0,0,0,0,0,0,0,0,0,0,0,0,4,0,39.9459,-75.1425, , 
71317,826754,2011087909,6,67,67301,2011,8,2,1510,15,1,1,0,7,5, , ,N,1,2,0,3,0,1,2,2,N,N,39 56:55.805,75 08:51.359,1512, ,1510, ,0, ,N, ,3, , , , , , , , , ,1,0,0,0,0,0,0,0,0,0,1,0,1,0,0,0,0,0,0,0,0,0,0,0,0,0,0,0,0,0,0,0,1,0,0,3,0,39.9488,-75.1476, , 
71318,826755,2011087994,6,67,67301,2011,5,3,2010,20,1,1,0,8,1, , ,N,0,0,0,3,0,1,2,2,N, ,40 00:36.072,75 08:38.188,2030, ,2020, ,0, , , ,0, , , , , , , , , ,1,0,0,0,0,0,0,0,0,0,0,0,1,1,1,0,0,0,0,0,0,0,0,0,0,0,0,0,0,0,0,0,1,0,0,8,0,40.01,-75.1439, , 
71319,826758,2011089867,6,67,67301,2011,9,5,1504,15,1,1,0,1,1, , ,N,0,0,0,3,0,1,3,2,N,N,39 53:26.564,75 13:17.470,1526, ,1515, ,0, ,N, ,0, , , , , , , , , ,2,1,0,0,0,0,0,1,0,0,0,0,1,1,0,0,0,0,0,0,0,1,0,0,0,0,0,0,0,0,0,0,0,0,0,8,0,39.8907,-75.2215, , 
71320,826759,2011089870,6,67,67301,2011,9,6,1550,15,1,1,0,1,1, , ,N,0,0,0,3,0,2,6,2,N,N,39 59:37.723,75 11:57.127,1604, ,1602, ,0, ,N, ,0, , , , , , , , , ,2,2,0,0,0,0,0,0,0,0,0,0,2,2,0,0,0,0,0,0,0,0,0,0,0,0,0,0,0,0,0,0,0,0,0,8,0,39.9938,-75.1992, , 
71321,826760,2011090343,6,67,67301,2011,8,7,9999,99,1,1,0,4,1, , ,N,1,2,0,3,0,3,3,2,N, ,40 02:01.052,75 02:48.431,9999, ,1555,2,1,7, , ,3,N, , , , , , , , ,2,2,0,0,0,0,0,0,0,1,0,0,3,2,0,0,0,0,0,0,1,0,0,2,0,1,0,0,0,0,0,0,0,0,0,2,0,40.0336,-75.0468, , 
71322,826777,2011100636,6,67,67301,2011,9,6,2140,21,3,1,0,1,1, , ,N,0,0,0,3,0,2,3,2,N,N,40 03:45.239,75 10:14.921,2210, ,2156, ,0, ,N, ,0, , , , , , , , , ,2,0,0,0,0,0,2,0,0,0,0,2,2,0,1,0,0,0,0,0,0,0,0,0,0,0,0,0,0,0,0,0,0,0,0,4,0,40.0626,-75.1708, , 
71323,826778,2011100726,6,67,67301,2011,9,5,9999,99,8,2,0,4,1, , ,N,1,2,0,3,0,1,3,2,N,N,39 57:27.542,75 09:44.544,1526, ,1524, ,0, ,N, ,9, , , , , , , , , ,2,1,0,0,1,0,0,0,0,0,0,0,1,1,0,0,0,0,0,0,1,1,0,0,0,0,0,0,0,0,0,0,0,0,0,8,0,39.9577,-75.1624, , 
71324,823779,2011053617,6,67,67301,2011,4,7,1730,17,1,1,0,5,1, , ,N,0,0,0,3,0,1,3,2,N,N,39 56:06.000,75 10:08.878,1738, ,1736, ,0, , , ,0, , , , , , , , , ,2,1,0,0,0,1,0,0,0,0,0,0,1,1,0,0,0,0,0,0,0,0,0,2,0,0,0,0,0,0,0,0,0,0,0,8,1,39.935,-75.1691, , 
71325,823780,2011053619,6,67,67301,2011,4,2,1615,16,1,1,0,8,1, , ,N,0,0,0,3,0,1,2,2,N,N,39 59:16.576,75 10:03.478,1620, ,1615, ,0, ,N, ,0, , , , , , , , , ,1,1,0,0,0,0,0,0,0,0,0,1,1,0,1,0,0,0,0,0,0,1,0,0,0,0,0,0,0,0,0,0,1,0,0,4,0,39.9879,-75.1676, , 
71326,823788,2011075553,6,67,67301,2011,7,6,1210,12,1,1,0,1,7, , ,N,2,4,2,3,0,2,3,2,N,N,39 57:59.464,75 11:14.628,1215, ,1215,3,2,4,N, ,9,N, , , , , , , , ,2,1,0,0,0,0,1,0,0,0,0,0,2,2,0,0,0,0,0,0,1,0,0,0,0,0,0,0,0,0,0,0,0,0,0,8,0,39.9665,-75.1874, , 
71327,823818,2011098132,6,67,67301,2011,9,2,1750,17,1,1,0,4,1, , ,N,1,3,0,3,0,0,2,3,N,N,39 57:43.221,75 11:33.907,1805, ,1800, ,0, ,N, ,3, , , , , , , , , ,3,2,0,0,0,0,0,1,0,0,0,0,0,0,0,0,0,0,0,0,0,0,0,0,0,0,0,0,0,0,0,0,0,0,0,0,0,39.962,-75.1928, , 
71328,823824,2011108848,6,67,67301,2011,10,1,1335,13,1,2,1,4,1, , ,N,1,2,0,3,0,1,3,2,N,N,40 00:39.718,75 06:15.004,1413, ,1406,2,1,4,N, ,3,N, , , , , , , , ,2,2,0,0,0,0,0,0,0,0,0,1,1,0,0,0,0,0,0,0,0,0,0,0,0,0,0,0,0,0,0,0,0,0,0,4,0,40.011,-75.1042, , 
71329,823825,2011108946,6,67,67301,2011,10,1,1610,16,1,1,1,4,1, , ,N,1,2,0,3,0,0,7,2,N,N,40 02:53.162,75 04:08.816,1620, ,1616, ,0, ,N, ,3, , , , , , , , , ,2,0,0,0,0,0,2,0,0,0,0,0,0,0,3,0,0,0,0,0,1,0,0,0,0,0,0,0,0,0,0,0,0,0,0,9,0,40.0481,-75.0691, , 
71330,823833,2011073251,6,67,67301,2011,6,7,805,8,1,1,0,7,4, , ,N,2,0,0,3,0,1,1,1,N,N,40 04:55.365,75 01:57.305,810, ,806, ,0, ,N, ,0, , , , , , , , , ,1,1,0,0,0,0,0,0,0,0,0,1,1,0,0,0,0,0,0,0,1,0,0,0,0,0,0,0,0,0,0,0,0,0,0,4,0,40.082,-75.0326, , 