objectid_1,objectid,crn,district,county,municipality,crash_year,crash_month,day_of_week,time_of_day,hour_of_day,illumination,weather,road_condition,collision_type,relation_to_road,work_zone_type,work_zone_loc,work_zone_ind,intersect_type,tcd_type,location_type,urban_rural,fatal_count,injury_count,person_count,total_units,sch_bus_ind,sch_zone_ind,latitude,longitude,arrival_tm,cons_zone_spd_lim,dispatch_tm,est_hrs_closed,lane_closed,ln_close_dir,ntfy_hiwy_maint,spec_juris_cd,tcd_func_cd,tfc_detour_ind,workers_pres,wz_close_detour,wz_flagger,wz_law_offcr_ind,wz_ln_closure,wz_moving,wz_other,wz_shlder_mdn,vehicle_count,automobile_count,motorcycle_count,bus_count,small_truck_count,heavy_truck_count,suv_count,van_count,bicycle_count,maj_inj_count,mod_inj_count,min_inj_count,tot_inj_count,unk_inj_deg_count,unk_inj_per_count,driver_count_16yr,driver_count_17yr,driver_count_18yr,driver_count_19yr,driver_count_20yr,driver_count_50_64yr,driver_count_65_74yr,driver_count_75plus,unbelted_occ_count,unb_death_count,unb_maj_inj_count,belted_death_count,belted_maj_inj_count,mcycle_death_count,mcycle_maj_inj_count,bicycle_death_count,bicycle_maj_inj_count,ped_count,ped_death_count,ped_maj_inj_count,max_severity_level,comm_veh_count,dec_lat,dec_long,rdwy_surf_type_cd,county_name
71533,827375,2012005004,6,67,67301,2011,12,5,1720,17,3,2,1,4,1, , ,N,1,2,0,3,0,0,3,2,N,N,40 03:25.064,75 05:18.129,1725, ,1722,2,2,5, , ,3,Y, , , , , , , , ,2,1,0,0,1,0,0,0,0,0,0,0,0,0,1,0,0,0,0,0,0,1,0,0,0,0,0,0,0,0,0,0,0,0,0,9,0,40.057,-75.0884, , 
71534,827377,2012021303,6,67,67301,2011,6,3,1200,12,1,1,1,1,1, , ,N,1,3,0,3,0,1,2,2,N,N,40 00:07.027,75 08:24.226,0, ,0, ,0, ,N, ,3, , , , , , , , , ,2,1,0,0,0,0,0,0,0,0,0,0,1,1,1,0,0,0,0,0,1,0,0,0,0,0,0,0,0,0,0,0,0,0,0,8,0,40.002,-75.1401, , 
71535,827391,2011126323,6,67,67301,2011,11,1,9999,99,3,1,0,1,1, , ,N,0,0,0,3,0,1,1,2,N,N,40 02:18.153,75 08:58.038,605, ,600, ,0, ,N, ,0, , , , , , , , , ,2,2,0,0,0,0,0,0,0,0,0,1,1,0,0,0,0,0,0,0,0,0,0,0,0,0,0,0,0,0,0,0,0,0,0,4,0,40.0384,-75.1495, , 
71536,827396,2011132864,6,67,67301,2011,11,3,2108,21,3,2,1,8,1, , ,N,1,2,0,3,0,1,2,2,N,N,39 57:40.918,75 10:30.472,2115, ,2108, ,0, ,N, ,3, , , , , , , , , ,1,1,0,0,0,0,0,0,0,0,0,0,1,1,0,0,0,0,0,0,0,1,0,0,0,0,0,0,0,0,0,0,1,0,0,8,0,39.9613,-75.175, , 
71537,827401,2012004294,6,67,67301,2011,12,7,1000,10,1,1,0,2,1,8,8,Y,1,2,0,3,0,1,2,2,N,N,40 01:50.672,75 11:15.838,1015,99,1005, ,0, ,N, ,3, ,U,U,U,U,U,U,U,U,2,2,0,0,0,0,0,0,0,0,0,1,1,0,0,0,0,0,0,1,0,0,0,0,0,0,0,0,0,0,0,0,0,0,0,4,0,40.0308,-75.1878, , 
71538,827413,2011041413,6,67,67301,2011,4,6,1246,12,1,1,0,5,1, , ,N,0,0,0,3,0,1,2,2,N,N,39 58:45.256,75 06:29.871,1301, ,1248,2,1,1,N, ,0,N, , , , , , , , ,2,1,0,0,0,0,1,0,0,0,0,0,1,1,1,0,0,0,0,0,1,0,0,0,0,0,0,0,0,0,0,0,0,0,0,8,0,39.9792,-75.1084, , 
71539,827428,2011054092,6,67,67301,2011,4,5,1729,17,1,1,0,8,1, , ,N,5,0,2,3,0,1,3,2,N,N,39 57:27.542,75 09:44.544,1731, ,1730, ,0, ,N, ,0, , , , , , , , , ,1,1,0,0,0,0,0,0,0,0,0,1,1,0,0,0,0,0,0,0,0,0,0,0,0,0,0,0,0,0,0,0,1,0,0,4,0,39.9577,-75.1624, , 
71540,827457,2011066027,6,67,67301,2011,5,5,1733,17,1,1,0,4,1, , ,N,1,2,0,3,0,6,12,2,N,N,40 03:27.887,75 02:29.677,1748, ,1741,1,2,4,N, ,3,Y, , , , , , , , ,2,1,0,1,0,0,0,0,0,0,0,0,6,6,0,0,0,0,0,0,0,1,0,0,0,0,0,0,0,0,0,0,0,0,0,8,1,40.0577,-75.0416, , 
71541,824399,2011092980,6,67,67301,2011,8,3,1810,18,1,1,0,5,6, , ,N,0,0,0,3,0,0,2,2,N,N,40 01:34.176,75 13:31.213,1900, ,1811, ,0, ,N, ,0, , , , , , , , , ,2,2,0,0,0,0,0,0,0,0,0,0,0,0,0,0,0,0,0,0,0,0,0,0,0,0,0,0,0,0,0,0,0,0,0,0,0,40.0262,-75.2253, , 
71542,824401,2011094673,6,67,67301,2011,9,4,559,5,3,2,1,7,2, , ,N,0,0,0,3,0,0,1,1,N,N,39 56:41.244,75 11:28.157,617, ,613, ,0, ,N, ,0, , , , , , , , , ,1,1,0,0,0,0,0,0,0,0,0,0,0,0,0,0,0,0,0,0,0,0,0,0,0,0,0,0,0,0,0,0,0,0,0,0,0,39.9438,-75.1922, , 
71543,824404,2011098156,6,67,67301,2011,9,2,550,5,1,1,0,1,1, , ,N,1,2,0,3,0,3,5,3,N, ,40 02:08.240,75 04:13.971,550, ,550, ,0, , , ,3, , , , , , , , , ,3,3,0,0,0,0,0,0,0,0,0,0,3,3,2,0,0,0,0,0,0,0,0,0,0,0,0,0,0,0,0,0,0,0,0,8,0,40.0356,-75.0705, , 
71544,824409,2011011033,6,67,67301,2011,1,5,1621,16,1,1,0,5,1, , ,N,0,0,0,3,0,0,3,2,N,N,39 56:53.621,75 08:30.259,1630, ,1629,1,1,1,N, ,0,N, , , , , , , , ,2,2,0,0,0,0,0,0,0,0,0,0,0,0,0,0,0,0,0,0,0,1,0,0,0,0,0,0,0,0,0,0,0,0,0,0,0,39.9481,-75.1418, , 
71545,824427,2011083315,6,67,67301,2011,7,6,700,7,1,1,0,1,1, , ,N,0,0,7,3,0,1,4,3,N,N,40 01:55.228,75 03:50.725,700, ,700,2,1,4,N, ,0,N, , , , , , , , ,3,2,0,0,1,0,0,0,0,0,1,0,1,0,1,0,0,0,0,0,1,0,0,0,0,0,0,0,0,0,0,0,0,0,0,3,0,40.032,-75.0641, , 
71546,824488,2011054069,6,67,67301,2011,3,4,1634,16,1,1,0,7,2, , ,N,0,0,7,3,0,2,2,1,N,N,40 04:14.530,75 03:04.165,1650, ,1649, ,0, ,N, ,0, , , , , , , , , ,1,1,0,0,0,0,0,0,0,0,0,2,2,0,0,0,0,0,0,0,0,0,1,0,0,0,0,0,0,0,0,0,0,0,0,4,0,40.0707,-75.0512, , 
71547,824503,2011046959,6,67,67301,2011,3,7,1910,19,1,1,0,4,1, , ,N,1,2,0,3,0,2,4,3, , ,39 58:15.164,75 14:27.109,1912, ,1910, ,0, , , ,2, , , , , , , , , ,3,1,0,0,0,0,0,2,0,0,0,1,2,1,0,0,0,0,0,0,0,0,0,0,0,0,0,0,0,0,0,0,0,0,0,4,0,39.9709,-75.2409, , 
71548,824541,2011112132,6,67,67301,2011,9,6,1521,15,1,1,0,0,1, , ,N,1,0,0,3,0,1,1,1,N,N,39 59:07.644,75 15:30.753,1610, ,1600, ,0, , , ,0, , , , , , , , , ,1,0,1,0,0,0,0,0,0,0,0,0,1,1,0,0,0,0,0,0,0,0,0,0,0,0,0,0,0,0,0,0,0,0,0,8,0,39.9855,-75.2585, , 
71549,824554,2011070735,6,67,67301,2011,6,5,1612,16,1,1,0,1,1, , ,N,0,0,0,3,0,0,5,3,N,N,40 01:25.496,75 01:58.808,1642, ,1615, ,0, ,N, ,0, , , , , , , , , ,3,3,0,0,0,0,0,0,0,0,0,0,0,0,0,0,0,0,0,0,0,0,0,1,0,0,0,0,0,0,0,0,0,0,0,0,0,40.0238,-75.0329, , 
71550,824556,2011073297,6,67,67301,2011,6,6,245,2,3,2,1,7,4, , ,N,0,0,0,3,0,0,1,1,N,N,40 00:56.450,75 10:35.555,305, ,249, ,0, ,Y, ,0, , , , , , , , , ,1,0,0,0,0,0,1,0,0,0,0,0,0,0,0,0,0,0,0,0,0,0,0,0,0,0,0,0,0,0,0,0,0,0,0,0,0,40.0157,-75.1765, , 
71551,824566,2011085484,6,67,67301,2011,7,7,200,2,3,1,0,5,1, , ,N,0,0,0,3,0,0,1,3,N,N,40 02:35.527,75 08:46.179,230, ,221, ,0, ,N, ,0, , , , , , , , , ,3,3,0,0,0,0,0,0,0,0,0,0,0,0,0,0,0,0,0,0,0,0,0,0,0,0,0,0,0,0,0,0,0,0,0,0,0,40.0432,-75.1462, , 
71552,824572,2011093193,6,67,67301,2011,8,2,1955,19,3,1,0,1,1, , ,N,6,0,2,3,0,3,6,2,N,N,39 55:56.854,75 12:00.596,2017, ,2003, ,0, ,N, ,0, , , , , , , , , ,2,2,0,0,0,0,0,0,0,0,0,3,3,0,0,0,0,0,0,0,0,0,0,0,0,0,0,0,0,0,0,0,0,0,0,4,0,39.9325,-75.2002, , 
71553,824580,2011100808,6,67,67301,2011,9,6,720,7,1,1,1,1,1, , ,N,1,0,0,3,0,1,2,2,N, ,40 00:32.006,75 11:38.251,9999, ,9999, ,0, , , ,0, , , , , , , , , ,2,2,0,0,0,0,0,0,0,0,0,1,1,0,1,0,0,0,0,0,1,0,0,2,0,0,0,0,0,0,0,0,0,0,0,4,0,40.0089,-75.194, , 
71554,824586,2011108894,6,67,67301,2011,9,5,9999,99,1,1,0,2,1, , ,N,5,2,0,3,0,1,3,2,N,N,40 00:32.102,75 04:19.233,9999, ,1157, ,0, , , ,3, , , , , , , , , ,2,2,0,0,0,0,0,0,0,0,0,1,1,0,0,0,0,0,0,0,0,0,0,0,0,0,0,0,0,0,0,0,0,0,0,4,0,40.0089,-75.0719, , 
71555,824590,2011064074,6,67,67301,2011,5,2,1315,13,1,1,0,5,2, , ,N,0,0,0,3,0,1,1,2,N,N,39 55:39.580,75 10:32.840,1340, ,1320, ,0, ,N, ,0, , , , , , , , , ,2,1,1,0,0,0,0,0,0,0,0,1,1,0,0,0,0,0,0,0,0,0,0,0,0,0,0,0,0,0,0,0,0,0,0,4,0,39.9277,-75.1758, , 
71556,824597,2011068426,6,67,67301,2011,6,3,945,9,1,1,0,4,1, , ,N,1,2,0,3,0,1,2,2,N,N,40 02:22.366,75 02:44.910,950, ,948, ,0, ,N, ,3, , , , , , , , , ,2,2,0,0,0,0,0,0,0,0,0,0,1,1,0,0,0,0,1,0,0,1,0,1,0,0,0,0,0,0,0,0,0,0,0,8,0,40.0395,-75.0458, , 
71557,824608,2011054115,6,67,67301,2011,4,4,818,8,1,2,1,8,1, , ,N,1,3,0,3,0,1,2,2,N,N,40 01:10.632,75 04:44.741,842, ,837, ,0, ,N, ,3, , , , , , , , , ,1,1,0,0,0,0,0,0,0,0,0,1,1,0,1,0,0,0,0,0,0,1,0,0,0,0,0,0,0,0,0,0,1,0,0,4,0,40.0196,-75.0791, , 
71558,824609,2011054336,6,67,67301,2011,4,4,925,9,1,1,0,8,5, , ,N,0,0,0,3,0,1,2,2,N,N,39 56:15.480,75 09:40.780,930, ,927, ,0, ,N, ,0, , , , , , , , , ,1,1,0,0,0,0,0,0,0,0,0,0,1,1,0,0,0,0,0,0,0,0,0,0,0,0,0,0,0,0,0,0,1,0,0,8,0,39.9376,-75.1613, , 
71559,824624,2011073224,6,67,67301,2011,6,2,915,9,1,1,0,4,1, , ,N,1,2,0,3,0,0,3,2,N,N,39 58:50.256,75 14:47.666,923, ,915, ,0, ,N, ,9, , , , , , , , , ,2,0,0,0,1,0,1,0,0,0,0,0,0,0,0,0,0,0,0,0,0,0,0,3,0,0,0,0,0,0,0,0,0,0,0,0,0,39.9806,-75.2465, , 
71560,817490,2011082660,6,67,67301,2011,7,7,1900,19,1,1,0,4,1, , ,N,2,2,0,3,0,0,3,3,N,N,39 55:49.339,75 13:39.363,1907, ,9999, ,0, , , ,3, , , , , , , , , ,3,3,0,0,0,0,0,0,0,0,0,0,0,0,0,0,0,1,0,0,0,0,0,0,0,0,0,0,0,0,0,0,0,0,0,0,0,39.9304,-75.2276, , 
71561,817498,2011089853,6,67,67301,2011,8,1,550,5,5,1,0,7,4, , ,N,0,0,0,3,0,0,1,1,N,N,39 58:19.285,75 07:21.390,553, ,553,1,2,1,N, ,0,N, , , , , , , , ,1,1,0,0,0,0,0,0,0,0,0,0,0,0,0,0,0,0,0,1,0,0,0,0,0,0,0,0,0,0,0,0,0,0,0,0,0,39.9719,-75.1227, , 
71562,817499,2011090468,6,67,67301,2011,7,6,9999,99,1,1,0,8,6, , ,N,0,0,0,3,0,1,2,2,N,N,39 58:29.755,75 10:02.139,9999, ,1038, ,0, ,N, ,0, , , , , , , , , ,1,1,0,0,0,0,0,0,0,0,0,1,1,0,0,0,0,0,0,0,0,0,0,0,0,0,0,0,0,0,0,0,1,0,0,4,0,39.9749,-75.1673, , 
71563,817510,2011100909,6,67,67301,2011,6,1,1327,13,1,1,0,4,1, , ,N,2,3,0,3,0,2,2,2,N,N,40 01:51.333,75 09:40.507,1335, ,1327,3,2,5,N, ,3,Y, , , , , , , , ,2,2,0,0,0,0,0,0,0,0,0,2,2,0,0,0,0,0,0,0,0,0,1,0,0,0,0,0,0,0,0,0,0,0,0,4,0,40.0309,-75.1613, , 
71564,817548,2011093067,6,67,67301,2011,8,5,1104,11,1,2,1,1,1, , ,N,0,2,0,3,0,2,6,4,N,N,40 07:12.594,75 00:34.326,1110, ,1104, ,0, ,N, ,3, , , , , , , , , ,4,3,0,0,0,0,1,0,0,0,0,2,2,0,0,0,0,0,0,0,2,0,0,0,0,0,0,0,0,0,0,0,0,0,0,4,0,40.1202,-75.0095, , 
71565,817550,2011095510,6,67,67301,2011,8,7,705,7,1,1,0,8,1, , ,N,1,3,0,3,0,1,2,2,N,N,39 55:13.533,75 09:31.424,753, ,748, ,0, , , ,3, , , , , , , , , ,1,0,0,0,0,0,1,0,0,0,0,1,1,0,0,0,0,0,0,0,0,0,0,0,0,0,0,0,0,0,0,0,1,0,0,4,0,39.9204,-75.1587, , 
71566,817570,2011066254,6,67,67301,2011,5,7,1335,13,1,1,0,8,1, , ,N,1,2,0,3,0,1,2,2,N,N,39 58:08.006,75 08:03.925,1445, ,1439, ,0, ,N, ,3, , , , , , , , , ,1,0,0,0,1,0,0,0,0,0,1,0,1,0,0,0,0,0,0,0,0,0,0,0,0,0,0,0,0,0,0,0,1,0,0,3,0,39.9689,-75.1344, , 
71567,817578,2011073265,6,67,67301,2011,6,1,1035,10,1,1,0,4,1, , ,N,1,0,0,3,0,5,10,2, , ,39 56:34.767,75 09:36.842,1042, ,1040, ,0, , , ,0, , , , , , , , , ,2,2,0,0,0,0,0,0,0,0,0,5,5,0,1,0,0,0,0,0,0,0,0,0,0,0,0,0,0,0,0,0,0,0,0,4,0,39.943,-75.1602, , 
71568,817579,2011075625,6,67,67301,2011,7,6,1818,18,1,1,0,4,1, , ,N,0,0,7,3,0,0,5,2,N,N,40 00:21.455,75 05:35.603,1829, ,1822, ,0, ,N, ,0, , , , , , , , , ,2,2,0,0,0,0,0,0,0,0,0,0,0,0,5,0,0,0,0,0,1,0,0,1,0,0,0,0,0,0,0,0,0,0,0,9,0,40.006,-75.0933, , 
71569,817584,2011082588,6,67,67301,2011,7,5,625,6,1,1,0,7,5, , ,N,0,0,0,3,0,1,1,1,N, ,40 01:33.322,75 03:20.206,636, ,630, ,0, , , ,0, , , , , , , , , ,1,1,0,0,0,0,0,0,0,0,0,1,1,0,0,0,0,0,0,0,0,0,0,0,0,0,0,0,0,0,0,0,0,0,0,4,0,40.0259,-75.0556, , 
71570,817592,2011093750,6,67,67301,2011,8,1,250,2,3,1,0,4,6, , ,N,0,0,0,3,0,0,3,2,N,N,39 55:59.221,75 13:40.566,250, ,250, ,0, , , ,0, , , , , , , , , ,2,2,0,0,0,0,0,0,0,0,0,0,0,0,0,0,0,0,0,0,0,0,0,3,0,0,0,0,0,0,0,0,0,0,0,0,0,39.9331,-75.2279, , 
71571,817597,2011095498,6,67,67301,2011,8,6,1725,17,1,1,0,4,1, , ,N,0,0,7,3,0,0,2,2,N,N,40 05:07.656,75 02:48.624,1730, ,1725, ,0, ,N, ,0, , , , , , , , , ,2,2,0,0,0,0,0,0,0,0,0,0,0,0,0,0,0,0,0,0,0,0,1,0,0,0,0,0,0,0,0,0,0,0,0,0,0,40.0855,-75.0468, , 
71572,817605,2011100813,6,67,67301,2011,9,1,1430,14,1,1,0,4,1, , ,N,1,2,0,3,0,0,2,2,N,N,40 01:31.355,75 04:23.942,1433, ,1433, ,0, ,N, ,3, , , , , , , , , ,2,2,0,0,0,0,0,0,0,0,0,0,0,0,1,1,0,0,0,0,0,0,0,0,0,0,0,0,0,0,0,0,0,0,0,9,0,40.0254,-75.0733, , 
71573,817614,2011112236,6,67,67301,2011,10,4,1309,13,1,1,0,4,1, , ,N,1,0,0,3,0,1,4,2,N,N,40 02:04.164,75 02:53.357,1345, ,1330, ,0, ,N, ,0, , , , , , , , , ,2,1,0,0,0,0,1,0,0,0,0,0,1,1,0,0,0,0,0,0,0,0,0,0,0,0,0,0,0,0,0,0,0,0,0,8,0,40.0345,-75.0482, , 
71574,817631,2011083979,6,67,67301,2011,7,6,225,2,3,1,1,7,4, , ,N,0,0,0,3,0,0,1,1,N,N,39 56:37.716,75 11:31.896,232, ,227,1,2,4,N, ,0,N, , , , , , , , ,1,1,0,0,0,0,0,0,0,0,0,0,0,0,0,0,0,0,0,0,0,0,0,0,0,0,0,0,0,0,0,0,0,0,0,0,0,39.9428,-75.1932, , 
71575,817646,2011092854,6,67,67301,2011,8,1,9999,99,6,9,8,7,2, , ,N,0,0,0,3,0,1,4,2,N,N,39 58:25.737,75 12:44.654,40, ,40, ,0, ,N, ,0, , , , , , , , , ,1,1,0,0,0,0,0,0,0,0,1,0,1,0,0,0,0,0,0,1,0,0,0,0,0,0,0,0,0,0,0,0,1,0,0,3,0,39.9738,-75.2124, , 
71576,817659,2011113282,6,67,67301,2011,10,5,2330,23,3,1,0,4,1, , ,N,2,3,0,3,0,0,1,2,N, ,39 59:38.608,75 08:59.596,30, ,15, ,0, , , ,3, , , , , , , , , ,2,1,0,0,0,0,0,0,0,0,0,0,0,0,1,0,0,0,0,0,0,0,0,0,0,0,0,0,0,0,0,0,0,0,0,9,0,39.9941,-75.1499, , 
71577,817692,2011083437,6,67,67301,2011,7,1,1425,14,1,1,0,8,1, , ,N,0,2,0,3,0,1,2,2,N,N,39 57:06.490,75 09:54.894,1428, ,1425, ,0, ,N, ,3, , , , , , , , , ,1,1,0,0,0,0,0,0,0,0,1,0,1,0,0,0,0,0,0,0,0,0,0,0,0,0,0,0,0,0,0,0,1,0,0,3,0,39.9518,-75.1652, , 
71578,817711,2011108823,6,67,67301,2011,9,2,2305,23,3,1,0,4,1, , ,N,1,0,2,3,0,2,3,2,N,N,39 53:06.408,75 15:00.477,2318, ,2316, ,0, ,N, ,0, , , , , , , , , ,2,2,0,0,0,0,0,0,0,0,0,2,2,0,1,0,0,0,0,0,0,1,0,1,0,0,0,0,0,0,0,0,0,0,0,4,0,39.885,-75.2502, , 
71579,821121,2011085910,6,67,67301,2011,7,5,833,8,1,1,0,8,1, , ,N,1,2,0,3,0,1,2,2,N,N,40 00:13.994,75 10:14.420,840, ,833, ,0, ,N, ,3, , , , , , , , , ,1,0,0,0,0,0,0,0,0,0,0,1,1,0,1,0,0,0,0,0,0,0,0,0,0,0,0,0,0,0,0,0,1,0,0,4,0,40.0039,-75.1707, , 
71580,821128,2011091031,6,67,67301,2011,8,7,1240,12,1,1,0,5,6, , ,N,0,2,0,3,0,0,1,4,N,N,40 03:06.868,75 09:10.725,1240, ,1240, ,0, ,N, ,3, , , , , , , , , ,4,3,0,0,0,0,1,0,0,0,0,0,0,0,0,0,0,0,0,0,0,0,0,0,0,0,0,0,0,0,0,0,0,0,0,0,0,40.0519,-75.153, , 
71581,821139,2011068720,6,67,67301,2011,6,5,301,3,3,1,0,7,5, , ,N,0,0,0,3,0,0,1,1,N,N,39 57:47.640,75 08:58.220,304, ,303,3,2,1,N, ,0,Y, , , , , , , , ,1,0,0,0,0,0,0,1,0,0,0,0,0,0,0,0,0,0,0,0,0,0,0,0,0,0,0,0,0,0,0,0,0,0,0,0,0,39.9632,-75.1495, , 
71582,821166,2011029031,6,67,67301,2011,1,4,800,8,1,4,3,8,1, , ,N,1,3,0,3,0,1,2,2,N,N,39 59:41.841,75 08:15.550,1620, ,610, ,0, ,N, ,3, , , , , , , , , ,1,0,0,0,0,0,0,0,0,1,0,0,1,0,1,0,0,0,0,0,0,0,0,0,0,0,0,0,0,0,0,0,1,0,1,2,0,39.995,-75.1377, , 
71583,821175,2011037888,6,67,67301,2011,3,6,2315,23,3,1,0,1,1, , ,N,0,0,0,3,0,0,2,2,N,N,40 01:56.463,75 11:15.635,13, ,8,3,1,5,N, ,0,N, , , , , , , , ,2,2,0,0,0,0,0,0,0,0,0,0,0,0,0,0,0,0,0,0,0,0,0,0,0,0,0,0,0,0,0,0,0,0,0,0,0,40.0324,-75.1877, , 
71584,821176,2011037923,6,67,67301,2011,3,4,1635,16,1,1,0,2,1, , ,N,1,2,0,3,0,3,4,2,N,N,40 00:09.273,75 05:59.019,1637, ,1636,1,2,7,N, ,3,N, , , , , , , , ,2,2,0,0,0,0,0,0,0,0,1,1,3,1,0,0,0,0,0,0,0,0,0,0,0,0,0,0,0,0,0,0,0,0,0,3,0,40.0026,-75.0997, , 
71585,821185,2011064037,6,67,67301,2011,5,4,2301,23,3,2,1,4,1, , ,N,0,0,7,3,0,2,3,2, , ,40 04:12.923,75 14:27.394,2315, ,2311,3,1,1, , ,0,Y, , , , , , , , ,2,2,0,0,0,0,0,0,0,0,0,1,2,1,0,0,0,0,0,0,0,0,0,0,0,0,0,0,0,0,0,0,0,0,0,4,0,40.0701,-75.2409, , 
71586,821232,2011062021,6,67,67301,2011,5,7,1600,16,1,1,0,5,1, , ,N,1,3,0,3,0,1,3,2,N,N,39 55:59.862,75 11:24.824,1605, ,1605,2,2,4,N, ,3,Y, , , , , , , , ,1,1,0,0,0,0,0,0,1,0,0,1,1,0,0,0,0,0,0,0,0,0,0,0,0,0,0,0,0,0,0,0,0,0,0,4,0,39.9333,-75.1902, , 
71587,821240,2011024671,6,67,67301,2011,1,1,1610,16,1,1,0,4,1, , ,N,1,3,0,3,0,0,2,2,N,N,40 02:46.472,75 09:57.862,1620, ,1620, ,0, ,N, ,3, , , , , , , , , ,2,2,0,0,0,0,0,0,0,0,0,0,0,0,0,0,0,0,0,0,1,0,0,0,0,0,0,0,0,0,0,0,0,0,0,0,0,40.0462,-75.1661, , 
71588,821243,2011028689,6,67,67301,2011,2,6,912,9,1,2,1,3,1, , ,N,0,0,0,3,0,1,1,2,N,N,39 59:46.916,75 04:58.022,919, ,914,3,2,2,Y, ,0,Y, , , , , , , , ,2,1,0,0,0,0,0,1,0,0,1,0,1,0,0,0,0,0,0,0,1,0,0,0,0,0,0,0,0,0,0,0,0,0,0,3,0,39.9965,-75.0827, , 
71589,821274,2011075831,6,67,67301,2011,7,3,1300,13,1,1,0,4,1, , ,N,0,0,0,3,0,1,2,3,N,N,40 02:00.276,75 06:29.988,1334, ,1329, ,0, ,N, ,0, , , , , , , , , ,3,1,0,0,0,0,2,0,0,0,0,0,1,1,0,0,0,0,0,0,2,0,0,0,0,0,0,0,0,0,0,0,0,0,0,8,0,40.0334,-75.1083, , 
71590,821275,2011076054,6,67,67301,2011,6,7,2200,22,3,1,0,4,1, , ,N,1,2,0,3,0,0,2,2,N,N,40 01:44.780,75 08:48.879,130, ,9999, ,0, ,N, ,3, , , , , , , , , ,2,2,0,0,0,0,0,0,0,0,0,0,0,0,0,0,0,0,0,0,0,0,0,2,0,0,0,0,0,0,0,0,0,0,0,0,0,40.0291,-75.1468, , 
71591,821293,2011083404,6,67,67301,2011,7,2,2050,20,3,1,0,4,1, , ,N,2,2,0,3,0,1,2,2,N,N,39 57:21.499,75 09:38.239,2110, ,2100, ,0, ,N, ,3, , , , , , , , , ,1,1,0,0,0,0,0,0,1,0,0,0,1,1,0,0,0,0,0,0,0,0,0,0,0,0,0,0,0,0,0,0,0,0,0,8,0,39.956,-75.1606, , 
71592,821297,2011087116,6,67,67301,2011,8,4,636,6,1,1,0,5,1, , ,N,0,0,0,3,0,3,3,3,N,N,40 03:13.122,74 59:09.411,657, ,637,3,1,1,Y, ,0,Y, , , , , , , , ,3,1,0,0,0,1,1,0,0,1,1,1,3,0,0,0,0,0,0,0,1,0,0,0,0,0,0,1,0,0,0,0,0,0,0,2,1,40.0536,-74.986, , 
71593,821321,2011106654,6,67,67301,2011,9,5,1130,11,1,1,0,5,5, , ,N,2,0,0,3,0,1,1,3,N,N,39 59:45.042,75 07:16.075,1245, ,1240,1,2,3, , ,0,Y, , , , , , , , ,3,1,0,0,1,0,0,1,0,0,0,0,1,1,0,0,0,0,0,0,0,0,0,0,0,0,0,0,0,0,0,0,0,0,0,8,0,39.9958,-75.1211, , 
71594,821329,2011064008,6,67,67301,2011,5,1,1915,19,1,1,0,8,1, , ,N,0,0,0,3,0,1,3,2,N,N,39 58:32.240,75 12:19.030,1957, ,1950, ,0, ,N, ,0, , , , , , , , , ,1,1,0,0,0,0,0,0,0,0,0,1,1,0,0,0,0,0,0,0,0,0,0,0,0,0,0,0,0,0,0,0,1,0,0,4,0,39.9756,-75.2053, , 
71595,821330,2011064110,6,67,67301,2011,5,6,1140,11,1,2,1,4,1, , ,N,2,3,0,3,0,2,3,2,N,N,40 03:09.273,75 05:42.946,1150, ,1145, ,0, ,N, ,3, , , , , , , , , ,2,2,0,0,0,0,0,0,0,0,0,2,2,0,0,0,0,0,0,0,1,0,0,0,0,0,0,0,0,0,0,0,0,0,0,4,0,40.0526,-75.0953, , 
71596,821331,2011064145,6,67,67301,2011,5,6,1720,17,1,1,0,1,1, , ,N,2,3,0,3,0,2,3,2,N, ,39 59:06.363,75 10:17.536,1722, ,1720, ,0, ,N, ,3, , , , , , , , , ,2,2,0,0,0,0,0,0,0,0,0,0,2,2,0,0,0,0,0,0,0,0,0,0,0,0,0,0,0,0,0,0,0,0,0,8,0,39.9851,-75.1715, , 
71597,827458,2011068370,6,67,67301,2011,6,6,210,2,3,1,0,1,2, , ,N,2,0,0,3,0,0,1,2, , ,40 02:51.666,75 14:15.928,218, ,215, ,0, , , ,0, , , , , , , , , ,2,2,0,0,0,0,0,0,0,0,0,0,0,0,0,0,0,0,0,0,0,0,0,0,0,0,0,0,0,0,0,0,0,0,0,0,0,40.0477,-75.2378, , 
71598,827464,2011075602,6,67,67301,2011,6,5,1540,15,1,1,0,8,1, , ,N,1,2,0,3,0,1,2,2, , ,39 58:17.205,75 09:33.736,1548, ,1547, ,0, , , ,3, , , , , , , , , ,1,1,0,0,0,0,0,0,0,0,1,0,1,0,0,0,0,0,0,0,0,0,0,0,0,0,0,0,0,0,0,0,1,0,0,3,0,39.9714,-75.1594, , 
71599,827465,2011075778,6,67,67301,2011,6,3,1625,16,1,1,0,1,1, , ,N,0,0,0,3,0,1,4,2,N,N,40 01:17.593,75 08:23.111,1632, ,1630, ,0, ,N, ,0, , , , , , , , , ,2,1,0,0,1,0,0,0,0,0,0,0,1,1,0,0,0,0,0,0,0,0,0,0,0,0,0,0,0,0,0,0,0,0,0,8,0,40.0216,-75.1398, , 