objectid_1,objectid,crn,district,county,municipality,crash_year,crash_month,day_of_week,time_of_day,hour_of_day,illumination,weather,road_condition,collision_type,relation_to_road,work_zone_type,work_zone_loc,work_zone_ind,intersect_type,tcd_type,location_type,urban_rural,fatal_count,injury_count,person_count,total_units,sch_bus_ind,sch_zone_ind,latitude,longitude,arrival_tm,cons_zone_spd_lim,dispatch_tm,est_hrs_closed,lane_closed,ln_close_dir,ntfy_hiwy_maint,spec_juris_cd,tcd_func_cd,tfc_detour_ind,workers_pres,wz_close_detour,wz_flagger,wz_law_offcr_ind,wz_ln_closure,wz_moving,wz_other,wz_shlder_mdn,vehicle_count,automobile_count,motorcycle_count,bus_count,small_truck_count,heavy_truck_count,suv_count,van_count,bicycle_count,maj_inj_count,mod_inj_count,min_inj_count,tot_inj_count,unk_inj_deg_count,unk_inj_per_count,driver_count_16yr,driver_count_17yr,driver_count_18yr,driver_count_19yr,driver_count_20yr,driver_count_50_64yr,driver_count_65_74yr,driver_count_75plus,unbelted_occ_count,unb_death_count,unb_maj_inj_count,belted_death_count,belted_maj_inj_count,mcycle_death_count,mcycle_maj_inj_count,bicycle_death_count,bicycle_maj_inj_count,ped_count,ped_death_count,ped_maj_inj_count,max_severity_level,comm_veh_count,dec_lat,dec_long,rdwy_surf_type_cd,county_name
71600,827473,2011082616,6,67,67301,2011,6,2,2113,21,3,1,0,1,1, , ,N,2,2,0,3,0,0,2,2,N,N,40 01:16.375,75 09:27.566,2118, ,2113, ,0, ,N, ,3, , , , , , , , , ,2,1,0,0,0,0,1,0,0,0,0,0,0,0,0,0,0,0,0,0,0,0,0,2,0,0,0,0,0,0,0,0,0,0,0,0,0,40.0212,-75.1577, , 
71601,827474,2011082726,6,67,67301,2011,7,2,1020,10,1,1,0,1,1, , ,N,1,2,0,3,0,1,2,2,N, ,40 02:34.113,75 03:47.339,1045, ,1041, ,0, , , ,3, , , , , , , , , ,2,2,0,0,0,0,0,0,0,0,0,0,1,1,0,0,0,0,0,0,0,0,0,0,0,0,0,0,0,0,0,0,0,0,0,8,0,40.0428,-75.0631, , 
71602,827483,2011095406,6,67,67301,2011,8,3,753,7,1,1,0,4,3, , ,N,1,0,0,3,0,0,1,3,N,N,39 55:18.972,75 10:12.993,818, ,813, ,0, ,N, ,0, , , , , , , , , ,3,3,0,0,0,0,0,0,0,0,0,0,0,0,0,0,0,0,0,0,0,0,0,0,0,0,0,0,0,0,0,0,0,0,0,0,0,39.9219,-75.1702, , 
71603,827496,2011064200,6,67,67301,2011,5,5,2100,21,3,1,1,8,1, , ,N,2,3,0,3,0,1,2,2,N,N,39 57:22.032,75 14:31.228,2205, ,2204, ,0, ,N, ,3, , , , , , , , , ,1,0,0,0,0,0,0,0,0,0,0,1,1,0,1,0,0,0,0,0,0,0,0,0,0,0,0,0,0,0,0,0,1,0,0,4,0,39.9561,-75.242, , 
71604,827500,2011068459,6,67,67301,2011,5,6,1850,18,1,1,0,8,1, , ,N,0,0,99,3,0,1,2,2, , ,40 00:16.030,75 09:44.660,1930, ,1853, ,0, , , ,0, , , , , , , , , ,1,1,0,0,0,0,0,0,0,0,1,0,1,0,0,0,0,0,0,0,0,0,0,0,0,0,0,0,0,0,0,0,1,0,0,3,0,40.0045,-75.1624, , 
71605,827518,2012009998,6,67,67301,2011,12,3,2031,20,3,2,1,1,1, , ,N,1,2,0,3,0,0,6,2,N,N,40 00:54.888,75 10:11.461,2040, ,2039, ,0, ,N, ,3, , , , , , , , , ,2,1,0,0,0,0,1,0,0,0,0,0,0,0,0,0,0,0,0,0,0,0,0,0,0,0,0,0,0,0,0,0,0,0,0,0,0,40.0152,-75.1699, , 
71606,827519,2012015425,6,67,67301,2011,12,5,600,6,6,1,0,8,6, , ,N,0,0,0,3,0,1,2,2,N, ,40 00:09.723,75 12:28.011,1235, ,9999, ,0, , , ,0, , , , , , , , , ,1,1,0,0,0,0,0,0,0,0,1,0,1,0,1,0,0,0,0,0,0,0,0,1,0,0,0,0,0,0,0,0,1,0,0,3,0,40.0027,-75.2078, , 
71607,827526,2011054321,6,67,67301,2011,4,3,1515,15,1,1,0,7,5, , ,N,0,0,0,3,0,1,1,1,N, ,39 56:42.790,75 14:31.390,1545, ,1530, ,0, , , ,0, , , , , , , , , ,1,1,0,0,0,0,0,0,0,0,0,1,1,0,0,0,0,0,0,0,0,0,0,0,0,0,0,0,0,0,0,0,0,0,0,4,0,39.9452,-75.2421, , 
71608,827546,2011082391,6,67,67301,2011,7,1,46,0,3,1,0,0,1, , ,N,1,0,0,3,0,1,1,1,N,N,39 57:55.173,75 12:55.137,46, ,46, ,0, ,N, ,0, , , , , , , , , ,1,1,0,0,0,0,0,0,0,0,0,0,1,1,0,0,0,0,0,0,1,0,0,0,0,0,0,0,0,0,0,0,0,0,0,8,0,39.9653,-75.2153, , 
71609,827551,2011056772,6,67,67301,2011,5,5,1345,13,1,1,0,8,1, , ,N,1,2,0,3,0,1,2,2,N,N,39 58:02.298,75 11:37.305,1355, ,1350, ,0, ,N, ,2, , , , , , , , , ,1,1,0,0,0,0,0,0,1,0,0,0,1,1,0,0,0,0,0,0,0,0,0,0,0,0,0,0,0,0,0,0,0,0,0,8,0,39.9673,-75.1937, , 
71610,827567,2011076267,6,67,67301,2011,6,3,1541,15,1,1,0,5,1, , ,N,0,0,0,3,0,2,3,4,N,N,40 01:07.073,75 04:54.857,1606, ,1559,3,1,1,N, ,0,Y, , , , , , , , ,3,2,0,0,0,0,0,1,0,0,0,2,2,0,1,0,0,0,0,0,0,0,0,1,0,0,0,0,0,0,0,0,1,0,0,4,0,40.0186,-75.0819, , 
71611,827583,2011093094,6,67,67301,2011,8,7,9999,99,1,1,0,1,1, , ,N,1,3,0,3,0,1,1,2,N, ,39 56:43.207,75 13:46.335,1915, ,1915, ,0, ,N, ,3, , , , , , , , , ,2,0,1,0,1,0,0,0,0,0,0,1,1,0,0,0,0,0,0,0,0,1,0,0,0,0,0,0,0,0,0,0,0,0,0,4,0,39.9453,-75.2295, , 
71612,827600,2011073293,6,67,67301,2011,5,5,1905,19,1,1,0,8,1, , ,N,0,0,0,3,0,1,3,2,N,N,39 55:08.162,75 09:13.050,1919, ,1915, ,0, ,N, ,0, , , , , , , , , ,1,1,0,0,0,0,0,0,0,0,0,0,1,1,0,0,0,0,0,0,0,0,0,0,0,0,0,0,0,0,0,0,1,0,0,8,0,39.9189,-75.1536, , 
71613,827601,2011075779,6,67,67301,2011,6,7,1806,18,1,1,0,7,2, , ,N,0,0,0,3,0,2,2,1,N,N,39 53:29.560,75 13:32.849,1806, ,1806,2,2,4,N, ,0,Y, , , , , , , , ,1,0,0,0,1,0,0,0,0,0,0,0,2,2,0,0,0,0,0,0,0,0,0,0,0,0,0,0,0,0,0,0,0,0,0,8,0,39.8916,-75.2257, , 
71614,827608,2011082626,6,67,67301,2011,7,6,2300,23,3,1,0,4,1, , ,N,1,3,0,3,0,0,2,2,N,N,40 01:15.283,75 09:22.593,9999, ,9999, ,0, ,N, ,3, , , , , , , , , ,2,2,0,0,0,0,0,0,0,0,0,0,0,0,1,0,0,0,0,0,0,0,0,0,0,0,0,0,0,0,0,0,0,0,0,9,0,40.0209,-75.1563, , 
71615,827610,2011083458,6,67,67301,2011,6,1,9999,99,3,1,0,4,1, , ,N,1,3,0,3,0,2,5,2,N, ,39 56:30.976,75 12:49.989,28, ,1, ,0, ,N, ,3, , , , , , , , , ,2,2,0,0,0,0,0,0,0,0,1,1,2,0,0,0,0,0,0,0,0,0,0,0,0,0,0,0,0,0,0,0,0,0,0,3,0,39.9419,-75.2139, , 
71616,824625,2011074779,6,67,67301,2011,7,3,956,9,1,1,0,7,3, , ,N,0,0,0,3,0,3,3,1,N,N,39 59:46.531,75 11:49.584,1010, ,1003, ,0, ,N, ,0, , , , , , , , , ,1,1,0,0,0,0,0,0,0,0,0,3,3,0,0,0,0,0,0,0,0,0,0,0,0,0,0,0,0,0,0,0,0,0,0,4,0,39.9963,-75.1971, , 
71617,824628,2011082686,6,67,67301,2011,7,2,9999,99,1,1,0,5,1, , ,N,0,0,0,3,0,1,3,2,N,N,39 57:12.163,75 10:17.838,1205, ,1201, ,0, , , ,0, , , , , , , , , ,2,1,0,1,0,0,0,0,0,0,0,1,1,0,0,0,0,0,0,0,0,0,0,1,0,0,0,0,0,0,0,0,0,0,0,4,1,39.9534,-75.1716, , 
71618,824629,2011082725,6,67,67301,2011,7,2,9999,99,1,1,0,1,1, , ,N,1,2,0,3,0,1,2,2,N,N,40 03:20.701,75 05:22.429,1130, ,1129, ,0, , , ,3, , , , , , , , , ,2,2,0,0,0,0,0,0,0,0,0,1,1,0,0,0,0,0,0,0,1,1,0,0,0,0,0,0,0,0,0,0,0,0,0,4,0,40.0558,-75.0896, , 
71619,824636,2011087941,6,67,67301,2011,7,3,1945,19,3,1,0,1,1, , ,N,2,2,2,3,0,1,3,2,N,N,39 56:29.645,75 08:31.695,1950, ,1945, ,0, ,N, ,3, , , , , , , , , ,2,1,0,0,1,0,0,0,0,0,0,1,1,0,0,0,0,0,0,0,0,0,0,1,0,0,0,0,0,0,0,0,0,0,0,4,0,39.9416,-75.1421, , 
71620,824638,2011090475,6,67,67301,2011,8,7,1220,12,1,1,0,7,2, , ,N,1,0,0,3,0,1,1,1,N,N,39 59:12.392,75 08:50.707,1235, ,1228, ,0, ,N, ,0, , , , , , , , , ,1,1,0,0,0,0,0,0,0,0,0,1,1,0,0,0,0,0,0,0,1,0,0,0,0,0,0,0,0,0,0,0,0,0,0,4,0,39.9868,-75.1474, , 
71621,824656,2011056997,6,67,67301,2011,5,6,1622,16,1,1,0,4,1, , ,N,2,0,99,3,0,0,2,2, , ,39 55:37.231,75 14:36.560,1647, ,1645, ,0, , , ,0, , , , , , , , , ,2,2,0,0,0,0,0,0,0,0,0,0,0,0,2,0,0,0,0,1,0,0,0,0,0,0,0,0,0,0,0,0,0,0,0,9,0,39.927,-75.2435, , 
71622,824657,2011057299,6,46,46102,2011,5,7,1329,13,1,1,0,4,1, , ,N,1,2,0,3,0,2,2,2,N,N,40 03:01.144,75 07:01.549,1340, ,1334,9,2,7,N, ,3,Y, , , , , , , , ,2,1,1,0,0,0,0,0,0,0,0,2,2,0,0,0,0,0,0,0,1,0,0,0,0,0,0,0,0,0,0,0,0,0,0,4,0,40.0503,-75.1171, , 
71623,824661,2011064048,6,67,67301,2011,5,7,1552,15,1,2,1,1,1, , ,N,5,2,0,3,0,1,2,2,N,N,40 00:44.009,75 09:01.745,1555, ,1554,1,1,1,N, ,3,Y, , , , , , , , ,2,1,0,0,0,0,0,1,0,0,1,0,1,0,0,0,0,0,0,0,0,0,0,0,0,0,0,0,0,0,0,0,0,0,0,3,0,40.0122,-75.1505, , 
71624,824665,2011068730,6,67,67301,2011,6,4,1742,17,1,1,0,4,1, , ,N,2,3,0,3,0,2,4,2,N,N,39 55:37.969,75 11:30.410,1744, ,1744, ,0, ,N, ,3, , , , , , , , , ,2,1,0,0,0,0,0,1,0,0,0,0,2,2,0,0,0,0,0,0,0,0,0,0,0,0,0,0,0,0,0,0,0,0,0,8,0,39.9272,-75.1918, , 
71625,824689,2011098078,6,67,67301,2011,9,6,2213,22,3,1,0,8,1, , ,N,2,2,0,3,0,1,2,2,N,N,39 56:36.006,75 12:39.070,2216, ,2214, ,0, ,N, ,3, , , , , , , , , ,1,1,0,0,0,0,0,0,0,0,1,0,1,0,0,0,0,0,0,0,0,0,0,0,0,0,0,0,0,0,0,0,1,0,0,3,0,39.9433,-75.2109, , 
71626,824690,2011100632,6,67,67301,2011,9,7,1110,11,1,1,0,1,1, , ,N,2,2,0,3,0,0,3,3,N, ,39 57:49.280,75 10:15.428,1115, ,1115, ,0, , , ,3, , , , , , , , , ,3,3,0,0,0,0,0,0,0,0,0,0,0,0,0,0,0,1,0,0,0,0,0,1,0,0,0,0,0,0,0,0,0,0,0,0,0,39.9636,-75.171, , 
71627,824691,2011100688,6,67,67301,2011,9,4,2030,20,3,1,0,8,1, , ,N,1,2,0,3,0,1,2,2,N,N,39 57:54.205,75 14:24.511,2037, ,2033, ,0, ,N, ,3, , , , , , , , , ,1,0,0,0,1,0,0,0,0,0,0,1,1,0,1,0,0,0,0,0,0,0,0,1,0,0,0,0,0,0,0,0,1,0,0,4,0,39.9651,-75.2401, , 
71628,824709,2011068727,6,67,67301,2011,6,7,1210,12,1,1,0,8,1, , ,N,0,0,0,3,0,1,2,2,N,N,40 02:50.206,75 09:29.122,1210, ,1210, ,0, ,N, ,0, , , , , , , , , ,1,1,0,0,0,0,0,0,0,0,0,1,1,0,0,0,0,0,0,0,0,0,0,0,0,0,0,0,0,0,0,0,1,0,0,4,0,40.0473,-75.1581, , 
71629,824741,2011100887,6,67,67301,2011,9,7,1335,13,1,1,0,1,1, , ,N,1,2,0,3,0,1,3,2,N,N,40 02:06.884,75 08:44.049,1545, ,1545, ,0, ,N, ,3, , , , , , , , , ,2,2,0,0,0,0,0,0,0,0,1,0,1,0,1,0,0,0,0,0,2,0,0,0,0,0,0,0,0,0,0,0,0,0,0,3,0,40.0352,-75.1455, , 
71630,824793,2011067279,6,67,67301,2011,7,6,854,8,1,1,0,1,1, , ,N,0,0,0,3,0,0,2,2,N,N,39 57:45.981,75 11:00.726,910, ,857,1,1,3,N, ,0,N, , , , , , , , ,2,2,0,0,0,0,0,0,0,0,0,0,0,0,0,0,0,0,0,0,2,0,0,0,0,0,0,0,0,0,0,0,0,0,0,0,0,39.9628,-75.1835, , 
71631,824836,2011054342,6,67,67301,2011,4,2,400,4,3,1,0,1,1, , ,N,1,2,0,3,0,2,2,2,N,N,40 06:23.969,74 59:56.231,410, ,405,9,2,2,N, ,3,N, , , , , , , , ,2,0,0,0,1,1,0,0,0,0,0,2,2,0,0,0,0,0,0,0,0,0,0,0,0,0,0,0,0,0,0,0,0,0,0,4,1,40.1066,-74.999, , 
71632,824852,2011061330,6,67,67301,2011,6,1,1717,17,1,1,0,1,1, , ,N,0,0,0,3,0,0,3,2,N,N,39 54:17.377,75 09:00.026,1729, ,1719, ,0, ,N, ,0, , , , , , , , , ,2,1,0,0,0,0,1,0,0,0,0,0,0,0,0,0,0,0,0,0,1,0,0,0,0,0,0,0,0,0,0,0,0,0,0,0,0,39.9047,-75.15, , 
71633,824854,2011061710,6,67,67301,2011,5,3,845,8,1,2,1,8,1, , ,N,0,0,7,3,0,1,2,2, , ,40 01:00.980,75 10:17.601,846, ,845, ,0, , , ,0, , , , , , , , , ,1,1,0,0,0,0,0,0,0,0,0,1,1,0,0,0,0,0,0,0,1,0,0,0,0,0,0,0,0,0,0,0,1,0,0,4,0,40.0169,-75.1716, , 
71634,817718,2011064118,6,67,67301,2011,5,1,2149,21,3,1,0,6,1, , ,N,2,0,0,3,0,1,2,2,N,N,40 07:08.922,75 00:28.069,2152, ,2150, ,0, , , ,0, , , , , , , , , ,2,2,0,0,0,0,0,0,0,0,0,1,1,0,0,0,0,0,0,0,0,0,0,0,0,0,0,0,0,0,0,0,0,0,0,4,0,40.1191,-75.0078, , 
71635,817732,2011075661,6,67,67301,2011,6,1,1942,19,1,1,0,4,1, , ,N,1,0,0,3,0,2,4,3,N,N,39 58:44.180,75 13:56.038,1947, ,1944,9,2,5,N, ,0,Y, , , , , , , , ,3,2,1,0,0,0,0,0,0,1,0,1,2,0,0,0,0,0,0,0,0,0,0,1,0,0,0,0,0,1,0,0,0,0,0,2,0,39.9789,-75.2322, , 
71636,817744,2011083456,6,67,67301,2011,7,3,1227,12,1,1,0,8,2, , ,N,2,2,0,3,0,1,2,2,N, ,39 59:22.736,75 06:26.237,1248, ,1244, ,0, , , ,3, , , , , , , , , ,1,0,0,1,0,0,0,0,0,0,0,1,1,0,0,0,0,0,0,0,1,0,0,0,0,0,0,0,0,0,0,0,1,0,0,4,1,39.9896,-75.1074, , 
71637,817754,2011092964,6,67,67301,2011,8,6,235,2,3,2,1,4,1, , ,N,2,0,0,3,0,3,5,2,N,N,39 55:03.626,75 14:44.590,256, ,254,1,2,7,N, ,0,N, , , , , , , , ,2,2,0,0,0,0,0,0,0,0,0,3,3,0,0,0,0,0,0,0,0,0,0,0,0,0,0,0,0,0,0,0,0,0,0,4,0,39.9177,-75.2457, , 
71638,817778,2011064198,6,67,67301,2011,5,5,1840,18,1,1,0,8,1, , ,N,0,0,0,3,0,1,3,2,N,N,39 59:08.472,75 13:58.542,1849, ,1842, ,0, ,N, ,0, , , , , , , , , ,1,1,0,0,0,0,0,0,0,0,0,0,1,1,0,0,0,0,0,0,0,0,0,0,0,0,0,0,0,0,0,0,1,0,0,8,0,39.9857,-75.2329, , 
71639,817808,2011092890,6,67,67301,2011,8,6,1045,10,1,1,0,1,1, , ,N,0,0,0,3,0,1,2,2,N,N,39 57:22.639,75 13:12.178,1051, ,1048, ,0, ,N, ,0, , , , , , , , , ,1,1,0,0,0,0,0,0,1,0,0,1,1,0,0,0,0,0,0,0,0,0,0,0,0,0,0,0,0,0,0,0,0,0,0,4,0,39.9563,-75.22, , 
71640,817819,2011015963,6,67,67301,2011,1,2,1430,14,1,1,0,4,1, , ,N,0,0,7,3,0,1,2,2,N,N,39 59:20.540,75 06:11.800,1515, ,1508, ,0, ,N, ,0, , , , , , , , , ,2,2,0,0,0,0,0,0,0,0,0,1,1,0,0,0,0,0,0,0,1,0,0,1,0,0,0,0,0,0,0,0,0,0,0,4,0,39.989,-75.1033, , 
71641,817824,2011023303,6,67,67301,2011,1,3,1718,17,3,1,0,2,1, , ,N,2,2,0,3,0,1,4,4, , ,40 05:44.901,74 59:28.492,1737, ,1721,1,1,4, , ,3,Y, , , , , , , , ,4,3,0,1,0,0,0,0,0,0,0,0,1,1,0,0,0,0,0,0,1,0,0,0,0,0,0,0,0,0,0,0,0,0,0,8,1,40.0958,-74.9912, , 
71642,817832,2011033559,6,67,67301,2011,3,6,2015,20,3,1,0,1,1, , ,N,0,0,0,3,0,1,2,2,N,N,40 02:21.257,75 06:36.215,2045, ,2030, ,0, ,N, ,0, , , , , , , , , ,2,2,0,0,0,0,0,0,0,0,0,1,1,0,0,0,0,0,0,0,1,0,0,2,0,0,0,0,0,0,0,0,0,0,0,4,0,40.0392,-75.1101, , 
71643,817853,2011054198,6,67,67301,2011,4,3,1617,16,1,1,0,5,1, , ,N,0,0,0,3,0,0,2,2,N,N,40 00:06.987,75 08:40.661,1645, ,1645, ,0, , , ,0, , , , , , , , , ,2,2,0,0,0,0,0,0,0,0,0,0,0,0,1,0,0,0,0,0,0,0,0,0,0,0,0,0,0,0,0,0,0,0,0,9,0,40.0019,-75.1446, , 
71644,817854,2011056791,6,67,67301,2011,5,3,749,7,1,1,0,8,1, , ,N,0,2,0,3,0,1,2,2,N,Y,39 54:57.009,75 14:42.691,749, ,746, ,0, ,N, ,9, , , , , , , , , ,1,0,0,0,1,0,0,0,0,0,0,0,1,1,1,0,0,0,0,0,1,0,0,0,0,0,0,0,0,0,0,0,1,0,0,8,0,39.9158,-75.2452, , 
71645,817855,2011057311,6,67,67301,2011,5,6,1457,14,1,1,0,4,1, , ,N,1,2,7,3,0,1,2,2,N,N,39 59:29.209,75 08:05.493,1535, ,1529, ,0, ,N, ,3, , , , , , , , , ,2,1,0,0,0,0,0,1,0,0,0,1,1,0,0,0,0,0,0,0,1,1,0,0,0,0,0,0,0,0,0,0,0,0,0,4,0,39.9913,-75.1349, , 
71646,817862,2011066194,6,67,67301,2011,6,4,2010,20,4,1,0,4,1, , ,N,0,0,0,3,0,2,4,2,N,N,40 00:18.333,75 09:07.761,9999, ,9999, ,0, ,N, ,0, , , , , , , , , ,2,2,0,0,0,0,0,0,0,1,1,0,2,0,1,0,0,1,0,0,0,0,0,0,0,0,0,0,0,0,0,0,0,0,0,2,0,40.0051,-75.1522, , 
71647,817868,2011075676,6,67,67301,2011,6,1,2305,23,3,1,0,1,1, , ,N,1,2,0,3,0,1,2,2, , ,39 57:09.274,75 08:54.407,2316, ,2311, ,0, , , ,3, , , , , , , , , ,2,1,1,0,0,0,0,0,0,1,0,0,1,0,0,0,0,0,0,0,0,0,0,0,0,0,0,0,0,1,0,0,0,0,0,2,0,39.9526,-75.1485, , 
71648,817880,2011090558,6,67,67301,2011,6,3,2126,21,3,1,0,8,1, , ,N,0,0,0,3,0,1,3,2,N,N,39 58:25.613,75 09:32.407,2131, ,2130,2,2,2,N, ,0,Y, , , , , , , , ,1,0,0,0,0,0,1,0,0,0,0,0,1,1,0,0,0,0,0,0,0,0,0,0,0,0,0,0,0,0,0,0,1,0,0,8,0,39.9738,-75.159, , 
71649,817882,2011092929,6,67,67301,2011,8,4,9999,99,1,1,0,4,1, , ,N,1,3,0,3,0,1,3,2,N,N,40 00:46.609,75 09:19.321,951, ,951, ,0, ,N, ,3, , , , , , , , , ,2,2,0,0,0,0,0,0,0,0,0,1,1,0,0,0,0,0,0,0,0,1,0,0,0,0,0,0,0,0,0,0,0,0,0,4,0,40.0129,-75.1554, , 
71650,817899,2011061790,6,67,67301,2011,5,3,1048,10,1,2,1,4,1, , ,N,0,0,7,3,0,0,2,2,N,N,40 04:52.472,75 02:14.580,1055, ,1050, ,0, ,N, ,0, , , , , , , , , ,2,2,0,0,0,0,0,0,0,0,0,0,0,0,0,0,0,0,0,0,0,0,0,0,0,0,0,0,0,0,0,0,0,0,0,0,0,40.0812,-75.0374, , 
71651,817902,2011064103,6,67,67301,2011,5,7,600,6,1,1,0,7,2, , ,N,0,8,0,3,0,0,1,1,N,N,40 01:06.469,75 10:04.063,1608, ,1608,2,2,4,Y, ,3,N, , , , , , , , ,1,1,0,0,0,0,0,0,0,0,0,0,0,0,1,0,0,0,1,0,0,0,0,0,0,0,0,0,0,0,0,0,0,0,0,9,0,40.0185,-75.1678, , 
71652,821354,2011037878,6,67,67301,2011,3,5,1458,14,1,2,1,4,1, , ,N,3,3,0,3,0,0,2,2, , ,39 58:29.640,75 10:20.135,1509, ,1458, ,0, , , ,3, , , , , , , , , ,2,2,0,0,0,0,0,0,0,0,0,0,0,0,0,0,0,1,0,0,0,0,0,0,0,0,0,0,0,0,0,0,0,0,0,0,0,39.9749,-75.1723, , 
71653,821366,2011054098,6,67,67301,2011,4,6,1245,12,1,1,0,8,4, , ,N,2,0,0,3,0,1,2,2,N,N,40 01:14.947,75 04:47.581,1245, ,1245, ,0, ,N, ,0, , , , , , , , , ,1,0,0,0,0,0,1,0,0,0,0,1,1,0,0,0,0,0,0,0,0,0,0,0,0,0,0,0,0,0,0,0,1,0,0,4,0,40.0208,-75.0799, , 
71654,821367,2011054212,6,67,67301,2011,4,6,9999,99,1,1,0,4,1, , ,N,1,2,0,3,0,0,4,2,N,N,40 03:15.517,75 02:58.198,950, ,944, ,0, ,N, ,3, , , , , , , , , ,2,2,0,0,0,0,0,0,0,0,0,0,0,0,0,0,0,0,0,1,0,0,1,0,0,0,0,0,0,0,0,0,0,0,0,0,0,40.0542,-75.0493, , 
71655,821405,2011118054,6,67,67301,2011,10,5,810,8,5,2,1,8,1, , ,N,2,3,0,3,0,1,2,2,N,Y,39 56:04.048,75 11:57.321,830, ,825, ,0, ,N, ,3, , , , , , , , , ,1,1,0,0,0,0,0,0,0,0,0,0,1,1,1,0,0,0,0,0,0,0,0,1,0,0,0,0,0,0,0,0,1,0,0,8,0,39.9345,-75.1993, , 
71656,821414,2011126332,6,67,67301,2011,11,4,208,2,3,1,0,7,5, , ,N,0,0,7,3,0,2,2,1,N, ,40 07:47.852,75 00:38.696,221, ,218, ,0, , , ,0, , , , , , , , , ,1,1,0,0,0,0,0,0,0,0,0,2,2,0,0,0,0,0,1,0,0,0,0,0,0,0,0,0,0,0,0,0,0,0,0,4,0,40.13,-75.0107, , 
71657,821419,2011132608,6,67,67301,2011,11,2,300,3,3,2,1,8,1, , ,N,1,0,0,3,0,1,2,2,N,N,39 58:20.902,75 12:04.928,348, ,330, ,0, ,N, ,0, , , , , , , , , ,1,1,0,0,0,0,0,0,0,0,1,0,1,0,1,0,0,0,0,0,0,0,0,1,0,0,0,0,0,0,0,0,1,0,0,3,0,39.9725,-75.2014, , 
71658,821421,2011061771,6,67,67301,2011,5,3,140,1,3,1,0,4,1, , ,N,5,2,0,3,0,1,2,2,N,N,40 01:53.078,75 05:05.038,235, ,230,3,1,1,N, ,3,N, , , , , , , , ,2,0,1,0,0,0,0,0,0,0,0,1,1,0,1,0,0,0,0,0,0,0,0,0,0,0,0,0,0,0,0,0,0,0,0,4,0,40.0314,-75.0847, , 
71659,821425,2011064108,6,67,67301,2011,5,6,1800,18,1,2,1,1,1, , ,N,1,2,0,3,0,1,3,3,N,N,40 03:21.040,75 07:37.414,1815, ,1808, ,0, ,N, ,3, , , , , , , , , ,3,3,0,0,0,0,0,0,0,0,0,1,1,0,0,0,0,0,0,0,1,0,0,0,0,0,0,0,0,0,0,0,0,0,0,4,0,40.0558,-75.1271, , 
71660,821426,2011066263,6,67,67301,2011,6,7,249,2,3,1,0,5,6, , ,N,0,0,0,3,0,1,2,2,N,N,39 55:27.181,75 13:52.885,307, ,306,3,2,4,N, ,0,Y, , , , , , , , ,2,2,0,0,0,0,0,0,0,0,0,1,1,0,0,0,0,0,0,0,0,0,0,0,0,0,0,0,0,0,0,0,0,0,0,4,0,39.9242,-75.2314, , 
71661,821430,2011066158,6,67,67301,2011,5,4,817,8,1,1,0,4,1, , ,N,1,2,0,3,0,0,2,2,N,N,39 58:25.603,75 15:29.678,845, ,845, ,0, ,N, ,3, , , , , , , , , ,2,1,0,0,1,0,0,0,0,0,0,0,0,0,0,0,0,1,0,0,0,0,0,2,0,0,0,0,0,0,0,0,0,0,0,0,0,39.9738,-75.2582, , 
71662,821457,2011108830,6,67,67301,2011,9,2,1058,10,1,1,0,8,1, , ,N,2,0,0,3,0,1,2,2,N,N,39 58:30.111,75 14:54.196,1230, ,1222, ,0, ,N, ,0, , , , , , , , , ,1,0,0,0,0,0,0,1,0,0,0,1,1,0,0,0,0,0,0,0,1,0,0,0,0,0,0,0,0,0,0,0,1,0,0,4,0,39.975,-75.2484, , 
71663,821484,2011075800,6,67,67301,2011,6,5,835,8,1,1,0,1,1, , ,N,0,2,0,3,0,1,3,2,N,N,39 56:58.338,75 12:33.550,848, ,845, ,0, ,N, ,3, , , , , , , , , ,2,1,0,0,0,0,0,0,0,0,0,1,1,0,0,0,0,0,0,0,0,0,0,1,0,0,0,0,0,0,0,0,0,0,0,4,0,39.9495,-75.2093, , 
71664,821508,2011047809,6,67,67301,2011,5,7,1421,14,1,1,0,1,1, , ,N,0,0,0,3,0,0,2,2,N,N,39 57:33.627,75 10:28.468,1441, ,1428, ,0, ,N, ,0, , , , , , , , , ,2,1,0,0,0,0,1,0,0,0,0,0,0,0,0,0,0,0,0,0,0,0,0,0,0,0,0,0,0,0,0,0,0,0,0,0,0,39.9593,-75.1746, , 
71665,821514,2011053547,6,67,67301,2011,4,6,1800,18,1,1,0,8,1, , ,N,1,3,0,3,0,1,2,2,N,N,39 58:36.451,75 09:16.019,205, ,158, ,0, ,N, ,2, , , , , , , , , ,1,1,0,0,0,0,0,0,0,0,0,0,1,1,0,0,0,0,0,0,0,0,0,0,0,0,0,0,0,0,0,0,1,0,0,8,0,39.9768,-75.1544, , 
71666,821539,2011090492,6,67,67301,2011,8,5,2150,21,3,1,0,5,2, , ,N,0,0,0,3,0,1,2,2,N,N,39 59:13.268,75 08:08.847,2200, ,2155, ,0, , , ,0, , , , , , , , , ,2,0,1,0,0,0,1,0,0,0,0,1,1,0,1,0,0,0,0,0,0,0,0,0,0,0,0,0,0,0,0,0,0,0,0,4,0,39.987,-75.1358, , 
71667,821558,2011115398,6,67,67301,2011,10,3,1920,19,6,1,0,8,9, , ,N,1,3,0,3,0,1,2,2,N, ,40 04:17.202,75 10:08.443,2005, ,1959, ,0, , , ,3, , , , , , , , , ,1,1,0,0,0,0,0,0,0,0,0,1,1,0,0,0,0,0,0,0,0,0,0,0,0,0,0,0,0,0,0,0,1,0,0,4,0,40.0714,-75.169, , 