objectid_1,objectid,crn,district,county,municipality,crash_year,crash_month,day_of_week,time_of_day,hour_of_day,illumination,weather,road_condition,collision_type,relation_to_road,work_zone_type,work_zone_loc,work_zone_ind,intersect_type,tcd_type,location_type,urban_rural,fatal_count,injury_count,person_count,total_units,sch_bus_ind,sch_zone_ind,latitude,longitude,arrival_tm,cons_zone_spd_lim,dispatch_tm,est_hrs_closed,lane_closed,ln_close_dir,ntfy_hiwy_maint,spec_juris_cd,tcd_func_cd,tfc_detour_ind,workers_pres,wz_close_detour,wz_flagger,wz_law_offcr_ind,wz_ln_closure,wz_moving,wz_other,wz_shlder_mdn,vehicle_count,automobile_count,motorcycle_count,bus_count,small_truck_count,heavy_truck_count,suv_count,van_count,bicycle_count,maj_inj_count,mod_inj_count,min_inj_count,tot_inj_count,unk_inj_deg_count,unk_inj_per_count,driver_count_16yr,driver_count_17yr,driver_count_18yr,driver_count_19yr,driver_count_20yr,driver_count_50_64yr,driver_count_65_74yr,driver_count_75plus,unbelted_occ_count,unb_death_count,unb_maj_inj_count,belted_death_count,belted_maj_inj_count,mcycle_death_count,mcycle_maj_inj_count,bicycle_death_count,bicycle_maj_inj_count,ped_count,ped_death_count,ped_maj_inj_count,max_severity_level,comm_veh_count,dec_lat,dec_long,rdwy_surf_type_cd,county_name
71735,821690,2011053486,6,67,67301,2011,4,2,2152,21,3,1,0,8,1, , ,N,0,0,0,3,0,1,2,2,N,N,39 59:37.916,75 09:16.577,2152, ,2152, ,0, ,N, ,0, , , , , , , , , ,1,0,1,0,0,0,0,0,0,0,0,0,1,1,1,0,0,0,0,0,0,0,0,0,0,0,0,0,0,0,0,0,1,0,0,8,0,39.9939,-75.1546, , 
71736,821691,2011054350,6,67,67301,2011,4,2,2210,22,3,1,0,5,1, , ,N,2,2,0,3,0,0,6,2,N,N,40 01:32.498,75 03:19.485,2335, ,2330, ,0, ,N, ,3, , , , , , , , , ,2,2,0,0,0,0,0,0,0,0,0,0,0,0,0,0,0,0,0,0,0,0,0,0,0,0,0,0,0,0,0,0,0,0,0,0,0,40.0257,-75.0554, , 
71737,821693,2011055755,6,67,67301,2011,4,2,1500,15,1,1,0,1,1, , ,N,0,0,0,3,0,1,4,2,N,N,39 58:54.760,75 15:55.188,9999, ,9999, ,0, ,N, ,0, , , , , , , , , ,2,2,0,0,0,0,0,0,0,0,0,0,1,1,0,0,0,0,0,0,0,0,0,0,0,0,0,0,0,0,0,0,0,0,0,8,0,39.9819,-75.2653, , 
71738,821711,2011056750,6,67,67301,2011,5,5,1758,17,1,1,0,8,1, , ,N,0,0,7,3,0,1,2,2, , ,39 55:35.070,75 08:40.976,1800, ,9999, ,0, , , ,0, , , , , , , , , ,1,1,0,0,0,0,0,0,0,0,1,0,1,0,0,0,0,0,0,0,0,1,0,0,0,0,0,0,0,0,0,0,1,0,0,3,0,39.9264,-75.1447, , 
71739,821718,2011056821,6,67,67301,2011,5,6,1320,13,1,1,0,4,1, , ,N,1,0,0,3,0,1,3,2,N,N,39 56:05.323,75 09:43.228,1448, ,1448, ,0, , , ,0, , , , , , , , , ,2,2,0,0,0,0,0,0,0,0,0,1,1,0,1,0,0,0,0,0,0,0,0,0,0,0,0,0,0,0,0,0,0,0,0,4,0,39.9348,-75.162, , 
71740,821719,2011057045,6,67,67301,2011,5,6,1540,15,1,1,0,1,1, , ,N,0,0,0,3,0,1,4,2,N,N,40 02:31.297,75 03:42.678,1616, ,1614, ,0, ,N, ,0, , , , , , , , , ,2,2,0,0,0,0,0,0,0,0,0,0,1,1,1,0,0,0,0,0,0,0,0,0,0,0,0,0,0,0,0,0,0,0,0,8,0,40.042,-75.0619, , 
71741,821735,2011073993,6,67,67301,2011,6,6,2155,21,3,1,0,1,1, , ,N,0,0,0,3,0,0,1,3,N,N,39 59:59.211,75 07:59.160,2200, ,2200, ,0, ,N, ,0, , , , , , , , , ,3,2,0,0,0,0,1,0,0,0,0,0,0,0,0,0,0,0,0,0,0,0,0,1,0,0,0,0,0,0,0,0,0,0,0,0,0,39.9998,-75.1331, , 
71742,827780,2011090366,6,67,67301,2011,8,6,834,8,1,1,0,4,1, , ,N,1,3,0,3,0,1,4,2,N,N,39 57:11.818,75 12:19.202,835, ,834, ,0, ,N, ,3, , , , , , , , , ,2,2,0,0,0,0,0,0,0,0,0,0,1,1,0,0,0,0,0,0,0,0,0,0,0,0,0,0,0,0,0,0,0,0,0,8,0,39.9533,-75.2053, , 
71743,827784,2011057920,6,67,67301,2011,6,7,1506,15,1,1,0,5,1, , ,N,0,0,0,3,0,0,2,2,N,N,39 53:35.279,75 13:38.609,1515, ,1508,1,2,2,N, ,0,N, , , , , , , , ,2,2,0,0,0,0,0,0,0,0,0,0,0,0,0,0,0,0,0,0,0,0,0,0,0,0,0,0,0,0,0,0,0,0,0,0,0,39.8931,-75.2274, , 
71744,827789,2011059763,6,67,67301,2011,5,3,1033,10,1,2,1,8,1, , ,N,1,2,0,3,1,0,2,2, , ,39 55:14.472,75 10:13.981,1035, ,1034,9,2,5, ,0,3,Y, , , , , , , , ,1,0,0,0,0,0,0,1,0,0,0,0,0,0,0,0,0,0,0,0,1,0,0,0,0,0,0,0,0,0,0,0,1,1,0,1,0,39.9206,-75.1704,2, 
71745,827826,2011102731,6,67,67301,2011,9,4,1615,16,1,1,0,1,1, , ,N,0,0,0,3,0,1,6,4,N,N,39 58:49.047,75 06:18.783,1632, ,1615, ,0, ,N, ,0, , , , , , , , , ,4,2,0,0,1,0,0,1,0,0,0,1,1,0,0,0,0,0,0,0,1,0,0,0,0,0,0,0,0,0,0,0,0,0,0,4,0,39.9803,-75.1052, , 
71746,827833,2011108821,6,67,67301,2011,9,1,1236,12,1,1,0,4,1, , ,N,3,3,0,3,0,1,5,5,N, ,39 59:51.514,75 08:48.199,1238, ,1236,9,1,5, , ,3,Y, , , , , , , , ,5,5,0,0,0,0,0,0,0,0,0,1,1,0,0,0,0,0,0,0,0,0,0,0,0,0,0,0,0,0,0,0,0,0,0,4,0,39.9976,-75.1467, , 
71747,827854,2011087815,6,67,67301,2011,8,2,9999,99,1,1,0,8,1, , ,N,1,3,0,3,0,1,2,2,N,N,39 54:52.639,75 10:29.333,1930, ,1924,1,2,1, , ,3,Y, , , , , , , , ,1,1,0,0,0,0,0,0,0,0,0,0,1,1,0,0,0,0,1,0,0,0,0,0,0,0,0,0,0,0,0,0,1,0,0,8,0,39.9146,-75.1748, , 
71748,827855,2011088062,6,67,67301,2011,8,2,1915,19,3,1,0,1,6, , ,N,0,0,0,3,0,3,3,5,N,N,40 03:39.283,75 08:53.282,2015, ,1955, ,0, , , ,0, , , , , , , , , ,5,3,0,0,0,0,1,1,0,0,0,0,3,3,0,0,0,0,0,0,0,0,0,3,0,0,0,0,0,0,0,0,0,0,0,8,0,40.0609,-75.1481, , 
71749,827858,2011090550,6,67,67301,2011,8,7,9999,99,4,2,1,8,1, , ,N,0,0,0,3,0,1,2,2,N,N,40 01:49.850,75 09:51.810,1740, ,1735, ,0, ,N, ,0, , , , , , , , , ,1,1,0,0,0,0,0,0,0,0,0,1,1,0,0,0,0,0,0,0,0,0,0,0,0,0,0,0,0,0,0,0,1,0,0,4,0,40.0305,-75.1644, , 
71750,827875,2011115405,6,67,67301,2011,10,5,17,0,3,1,1,1,6, , ,N,0,0,0,3,0,0,1,2,N,N,40 03:39.290,75 01:43.830,35, ,19, ,0, , , ,0, , , , , , , , , ,2,2,0,0,0,0,0,0,0,0,0,0,0,0,0,0,0,0,0,0,0,0,0,1,0,0,0,0,0,0,0,0,0,0,0,0,0,40.0609,-75.0288, , 
71751,827876,2011115425,6,67,67301,2011,10,5,840,8,1,2,1,7,5, , ,N,0,0,0,3,0,0,1,1,N,N,39 58:12.774,75 11:22.887,850, ,845,1,1,4,N, ,0,N, , , , , , , , ,1,1,0,0,0,0,0,0,0,0,0,0,0,0,0,0,0,0,0,0,0,0,0,0,0,0,0,0,0,0,0,0,0,0,0,0,0,39.9702,-75.1897, , 
71752,827897,2011082691,6,67,67301,2011,7,6,2330,23,2,1,0,4,1, , ,N,1,0,0,3,0,4,5,2,N,N,39 56:18.900,75 11:54.432,9999, ,2216, ,0, ,N, ,0, , , , , , , , , ,2,2,0,0,0,0,0,0,0,0,0,0,4,4,0,0,0,0,1,0,0,0,0,0,0,0,0,0,0,0,0,0,0,0,0,8,0,39.9386,-75.1985, , 
71753,827910,2011098151,6,67,67301,2011,9,1,336,3,3,1,0,5,6, , ,N,0,0,0,3,0,0,1,3,N,N,39 55:00.026,75 09:22.669,410, ,359,3,2,1,N, ,0,Y, , , , , , , , ,3,3,0,0,0,0,0,0,0,0,0,0,0,0,0,0,0,0,0,0,1,0,0,1,0,0,0,0,0,0,0,0,0,0,0,0,0,39.9167,-75.1563, , 
71754,827913,2011100644,6,67,67301,2011,5,7,1631,16,1,8,0,8,1, , ,N,1,0,0,3,0,4,5,6,N, ,39 59:44.181,75 10:47.834,1639, ,1631,9,2,5, , ,0,N, , , , , , , , ,2,2,0,0,0,0,0,0,0,1,0,3,4,0,1,0,0,0,0,0,1,0,0,0,0,0,0,0,0,0,0,0,4,0,1,2,0,39.9956,-75.18, , 
71755,827925,2011054124,6,67,67301,2011,4,7,20,0,3,1,0,4,1, , ,N,1,3,0,3,0,1,2,2,N,N,39 57:19.659,75 13:40.367,23, ,23,3,2,7,N, ,3,Y, , , , , , , , ,2,1,0,0,0,0,1,0,0,0,0,0,1,1,1,0,0,0,0,0,0,0,0,0,0,0,0,0,0,0,0,0,0,0,0,8,0,39.9555,-75.2279, , 
71756,827936,2011081875,6,67,67301,2011,8,7,1701,17,1,1,0,1,1, , ,N,0,0,0,3,0,0,3,2,N,N,39 57:28.664,75 09:47.836,1710, ,1704,1,2,3,N, ,0,N, , , , , , , , ,2,1,0,0,0,0,1,0,0,0,0,0,0,0,0,0,0,0,1,0,1,0,0,0,0,0,0,0,0,0,0,0,0,0,0,0,0,39.958,-75.1633, , 
71757,827941,2011085487,6,67,67301,2011,7,7,2053,20,3,1,0,1,1, , ,N,0,0,0,3,0,1,5,2,N,N,40 05:57.159,75 00:44.326,2054, ,2054, ,0, ,N, ,0, , , , , , , , , ,2,1,0,0,0,0,1,0,0,0,0,0,1,1,0,1,0,0,0,0,0,0,0,1,0,0,0,0,0,0,0,0,0,0,0,8,0,40.0992,-75.0123, , 
71758,827942,2011093028,6,67,67301,2011,8,3,1321,13,1,1,0,1,1, , ,N,2,2,0,3,0,1,2,2,N,N,40 02:37.008,75 01:10.329,1500, ,1454, ,0, ,N, ,3, , , , , , , , , ,2,1,0,0,0,0,0,1,0,0,0,0,1,1,0,0,0,0,1,0,0,0,0,0,0,0,0,0,0,0,0,0,0,0,0,8,0,40.0436,-75.0195, , 
71759,827970,2011056835,6,67,67301,2011,5,5,825,8,3,1,0,8,1, , ,N,0,0,99,3,0,1,2,2, , ,39 59:57.350,75 08:37.370,831, ,830, ,0, , , ,0, , , , , , , , , ,1,1,0,0,0,0,0,0,0,0,1,0,1,0,0,0,0,0,0,0,0,0,0,0,0,0,0,0,0,0,0,0,1,0,0,3,0,39.9993,-75.1437, , 
71760,825049,2011023313,6,67,67301,2011,1,3,9999,99,1,1,0,4,1, , ,N,1,2,0,3,0,2,2,2, , ,40 02:34.252,75 03:47.603,1400, ,1351, ,0, , , ,3, , , , , , , , , ,2,2,0,0,0,0,0,0,0,0,0,0,2,2,0,0,0,0,0,0,0,0,0,0,0,0,0,0,0,0,0,0,0,0,0,8,0,40.0428,-75.0631, , 
71761,825058,2011033512,6,67,67301,2011,3,5,1540,15,1,1,0,4,1, , ,N,2,0,0,3,0,1,2,2, , ,40 07:22.771,75 01:15.466,1550, ,1544, ,0, , , ,0, , , , , , , , , ,2,2,0,0,0,0,0,0,0,0,0,1,1,0,0,0,0,2,0,0,0,0,0,0,0,0,0,0,0,0,0,0,0,0,0,4,0,40.123,-75.021, , 
71762,825069,2011047804,6,67,67301,2011,5,5,1012,10,1,1,0,1,1, , ,N,0,0,0,3,0,0,3,2,N,N,39 56:44.910,75 11:23.110,1042, ,1018,1,1,4,N, ,0,N, , , , , , , , ,2,2,0,0,0,0,0,0,0,0,0,0,0,0,0,0,0,0,0,0,0,0,0,0,0,0,0,0,0,0,0,0,0,0,0,0,0,39.9458,-75.1898, , 
71763,825076,2011053569,6,67,67301,2011,4,4,1854,18,1,1,0,8,1, , ,N,1,0,0,3,0,1,2,2,N,N,40 00:29.350,75 06:21.877,2105, ,2100, ,0, , , ,0, , , , , , , , , ,1,0,0,0,0,0,1,0,0,1,0,0,1,0,1,0,0,0,0,0,0,0,0,0,0,0,0,0,0,0,0,0,1,0,1,2,0,40.0082,-75.1061, , 
71764,825077,2011054189,6,67,67301,2011,4,5,2210,22,3,1,0,0,1,8,8,Y,0,2,0,3,0,1,1,1,Y,Y,39 57:48.080,75 10:48.670,2311,99,2243, ,0, ,N, ,3, ,U, , ,U, , , , ,1,0,1,0,0,0,0,0,0,0,0,1,1,0,0,0,0,0,0,0,0,0,0,0,0,0,0,0,0,0,0,0,0,0,0,4,0,39.9634,-75.1802, , 
71765,825078,2011054290,6,67,67301,2011,4,2,1545,15,1,1,0,2,1, , ,N,0,0,0,3,0,2,4,2,N,N,39 58:58.580,75 13:29.910,1935, ,1930, ,0, ,N, ,0, , , , , , , , , ,2,2,0,0,0,0,0,0,0,0,0,0,2,2,0,0,0,0,0,0,0,0,0,0,0,0,0,0,0,0,0,0,0,0,0,8,0,39.9829,-75.225, , 
71766,825103,2011075770,6,67,67301,2011,6,6,825,8,1,1,0,4,1, , ,N,1,2,0,3,0,4,6,2,Y,N,40 01:18.310,75 07:33.794,840, ,830, ,0, ,Y, ,3, , , , , , , , , ,2,0,0,1,0,1,0,0,0,0,0,4,4,0,0,0,0,0,0,0,0,0,0,0,0,0,0,0,0,0,0,0,0,0,0,4,2,40.0218,-75.1261, , 
71767,825110,2011082415,6,67,67301,2011,7,2,10,0,3,1,0,2,1, , ,N,0,2,0,3,0,2,3,4,N,N,40 02:56.079,75 06:52.913,40, ,33, ,0, ,N, ,3, , , , , , , , , ,4,4,0,0,0,0,0,0,0,0,0,0,2,2,0,0,0,0,0,0,0,0,0,0,0,0,0,0,0,0,0,0,0,0,0,8,0,40.0489,-75.1147, , 
71768,825125,2011100809,6,67,67301,2011,9,7,9999,99,1,1,1,1,1, , ,N,1,0,0,3,0,5,7,3,N, ,40 00:00.803,75 11:12.959,9999, ,9999, ,0, , , ,0, , , , , , , , , ,3,3,0,0,0,0,0,0,0,0,0,0,5,5,1,0,0,0,0,0,1,1,1,0,0,0,0,0,0,0,0,0,0,0,0,8,0,40.0002,-75.1869, , 
71769,825130,2011108803,6,67,67301,2011,9,6,2046,20,3,2,1,4,1, , ,N,1,3,0,3,0,1,2,2,N, ,39 54:57.855,75 09:17.175,2053, ,2051, ,0, , , ,3, , , , , , , , , ,1,0,0,0,1,0,0,0,1,0,0,1,1,0,0,0,0,0,0,0,1,0,0,1,0,0,0,0,0,0,0,0,0,0,0,4,0,39.9161,-75.1548, , 
71770,825150,2011061809,6,67,67301,2011,5,4,1500,15,1,1,0,8,9, , ,N,1,0,0,3,0,0,2,2, , ,39 54:45.975,75 09:37.454,1800, ,1800, ,0, , , ,0, , , , , , , , , ,1,1,0,0,0,0,0,0,0,0,0,0,0,0,2,0,0,0,0,0,0,0,0,0,0,0,0,0,0,0,0,0,1,0,0,9,0,39.9128,-75.1604, , 
71771,825162,2011073864,6,67,67301,2011,6,6,2355,23,3,1,0,4,1, , ,N,1,2,0,3,0,2,2,2,N,N,39 59:46.445,75 10:20.401,10, ,5, ,0, , , ,3, , , , , , , , , ,2,0,1,0,0,0,1,0,0,0,0,0,2,2,0,0,0,0,0,0,0,0,0,0,0,0,0,0,0,0,0,0,0,0,0,8,0,39.9962,-75.1723, , 
71772,825166,2011082447,6,67,67301,2011,1,4,1040,10,1,1,0,5,3, , ,N,0,0,0,3,0,1,2,2,N,N,39 59:40.116,75 05:41.376,1044, ,1041, ,0, ,N, ,0, , , , , , , , , ,2,2,0,0,0,0,0,0,0,0,0,0,1,1,0,0,0,0,0,0,1,0,0,1,0,0,0,0,0,0,0,0,0,0,0,8,0,39.9945,-75.0948, , 
71773,825178,2011095480,6,67,67301,2011,8,3,2120,21,3,1,0,4,1, , ,N,0,0,0,3,0,2,7,3,N,N,39 58:00.774,75 10:45.276,2128, ,2123, ,0, , , ,0, , , , , , , , , ,3,3,0,0,0,0,0,0,0,0,0,0,2,2,0,0,0,0,0,0,1,0,0,0,0,0,0,0,0,0,0,0,0,0,0,8,0,39.9669,-75.1792, , 
71774,825181,2011098423,6,67,67301,2011,8,7,1718,17,1,1,0,7,5, , ,N,0,0,0,3,0,1,1,1,N,N,40 02:16.559,75 00:41.702,1726, ,1719, ,0, ,N, ,0, , , , , , , , , ,1,1,0,0,0,0,0,0,0,0,0,1,1,0,0,0,0,0,0,0,0,0,0,0,0,0,0,0,0,0,0,0,0,0,0,4,0,40.038,-75.0115, , 
71775,825245,2011082690,6,67,67301,2011,7,7,2205,22,3,1,0,1,1, , ,N,0,2,0,3,0,1,2,2,N,N,39 57:25.523,75 14:46.351,2327, ,2257, ,0, ,N, ,3, , , , , , , , , ,2,2,0,0,0,0,0,0,0,0,0,0,1,1,0,0,0,0,0,0,0,1,0,0,0,0,0,0,0,0,0,0,0,0,0,8,0,39.9571,-75.2462, , 
71776,825247,2011085530,6,67,67301,2011,7,1,1058,10,1,1,0,1,1, , ,N,0,0,0,3,0,1,4,2,N,N,40 03:40.816,75 09:16.351,1115, ,1105, ,0, ,N, ,0, , , , , , , , , ,2,2,0,0,0,0,0,0,0,0,0,0,1,1,0,0,0,0,1,0,1,0,0,0,0,0,0,0,0,0,0,0,0,0,0,8,0,40.0613,-75.1545, , 
71777,825261,2011100668,6,67,67301,2011,9,3,1745,17,1,2,1,8,1, , ,N,1,2,0,3,0,1,2,2,N,N,39 56:12.483,75 13:47.092,2130, ,2117, ,0, ,N, ,3, , , , , , , , , ,1,1,0,0,0,0,0,0,0,0,0,1,1,0,0,0,0,0,0,0,0,0,0,0,0,0,0,0,0,0,0,0,1,0,0,4,0,39.9368,-75.2297, , 
71778,818187,2011112328,6,67,67301,2011,9,7,255,2,3,2,1,7,5, , ,N,0,0,0,3,0,0,1,1,N, ,39 58:05.879,75 09:37.263,259, ,258, ,0, , , ,0, , , , , , , , , ,1,0,0,0,1,0,0,0,0,0,0,0,0,0,0,0,0,0,0,0,1,0,0,0,0,0,0,0,0,0,0,0,0,0,0,0,0,39.9684,-75.1602, , 
71779,818193,2011122880,6,67,67301,2011,11,5,16,0,3,1,0,8,1, , ,N,1,2,0,3,0,1,2,2,N,N,40 02:39.696,75 03:14.496,20, ,16,9,2,1,N, ,3,Y, , , , , , , , ,1,0,0,0,1,0,0,0,0,1,0,0,1,0,1,0,0,0,0,0,0,0,0,0,0,0,0,0,0,0,0,0,1,0,1,2,0,40.0443,-75.0541, , 
71780,818199,2011073232,6,67,67301,2011,6,6,1545,15,1,1,0,1,1, , ,N,0,0,0,3,0,1,2,2,N,N,39 54:55.540,75 10:33.105,1705, ,1700, ,0, , , ,0, , , , , , , , , ,1,0,0,1,0,0,0,0,1,0,0,1,1,0,0,0,0,0,0,0,0,0,0,0,0,0,0,0,0,0,0,0,0,0,0,4,1,39.9154,-75.1759, , 
71781,818211,2011086718,6,67,67301,2011,8,6,1542,15,1,1,0,7,2, , ,N,0,0,0,3,0,1,1,1,N,N,39 58:46.029,75 06:27.032,1548, ,1548,1,2,1,N, ,0,N, , , , , , , , ,1,1,0,0,0,0,0,0,0,0,0,1,1,0,0,0,0,0,0,0,0,0,0,0,0,0,0,0,0,0,0,0,0,0,0,4,0,39.9794,-75.1077, , 
71782,818227,2011101630,6,67,67301,2011,9,2,1110,11,1,1,0,4,1, , ,N,2,3,0,3,0,1,8,2,N, ,39 55:03.846,75 13:50.347,1115, ,1112, ,0, , , ,3, , , , , , , , , ,1,0,0,1,0,0,0,0,1,0,1,0,1,0,0,0,0,0,0,0,0,0,0,0,0,0,0,0,0,0,0,0,0,0,0,3,1,39.9177,-75.2307, , 
71783,818240,2011114539,6,67,67301,2011,10,7,2237,22,3,1,0,5,1, , ,N,0,0,0,3,0,1,2,2,N,N,39 54:09.373,75 09:02.969,2300, ,2246,2,1,1,N, ,0,Y, , , , , , , , ,2,2,0,0,0,0,0,0,0,0,0,0,1,1,0,0,0,0,0,0,0,0,0,0,0,0,0,0,0,0,0,0,0,0,0,8,0,39.9026,-75.1508, , 
71784,818243,2011054372,6,67,67301,2011,4,1,2101,21,3,8,1,4,1, , ,N,1,3,0,3,0,3,3,4,N,N,40 01:36.217,75 03:22.736,2104, ,2102, ,0, ,N, ,3, , , , , , , , , ,4,4,0,0,0,0,0,0,0,0,0,0,3,3,0,0,0,0,0,0,0,0,0,0,0,0,0,0,0,0,0,0,0,0,0,8,0,40.0267,-75.0563, , 
71785,818246,2011057025,6,67,67301,2011,4,4,1611,16,1,2,1,1,1, , ,N,0,0,0,3,0,6,9,7,N,N,39 58:03.253,75 10:53.082,1615, ,1611,2,2,5,N, ,0,Y, , , , , , , , ,7,4,0,0,0,0,2,1,0,0,3,3,6,0,0,0,0,0,0,0,2,0,0,1,0,0,0,0,0,0,0,0,0,0,0,3,0,39.9675,-75.1813, , 
71786,818281,2011048556,6,67,67301,2011,5,6,1836,18,1,1,0,7,3, , ,N,0,0,0,3,0,1,1,1,N,N,39 53:27.077,75 14:20.278,1912, ,1857,2,1,1,N, ,0,N, , , , , , , , ,1,0,0,0,0,0,1,0,0,1,0,0,1,0,0,0,0,0,0,0,0,0,0,1,0,1,0,0,0,0,0,0,0,0,0,2,0,39.8909,-75.239, , 
71787,818285,2011054134,6,67,67301,2011,4,6,45,0,3,1,0,4,1, , ,N,1,2,0,3,0,0,4,2,N,N,40 02:11.789,75 03:52.061,50, ,48,2,2,6,N, ,3,Y, , , , , , , , ,2,0,0,0,0,0,2,0,0,0,0,0,0,0,0,0,0,0,0,0,0,0,0,0,0,0,0,0,0,0,0,0,0,0,0,0,0,40.0367,-75.0645, , 
71788,818305,2011029179,6,67,67301,2011,1,5,1015,10,1,4,3,4,1, , ,N,1,2,0,3,0,1,2,2,N,N,39 57:28.586,75 09:50.892,1022, ,1020, ,0, ,N, ,3, , , , , , , , , ,2,1,0,0,0,0,1,0,0,0,0,1,1,0,0,0,0,0,0,1,0,0,0,0,0,0,0,0,0,0,0,0,0,0,0,4,0,39.9579,-75.1641, , 
71789,818306,2011029432,6,67,67301,2011,2,3,1858,18,3,1,0,4,1, , ,N,0,0,7,3,0,1,2,2,N,N,39 55:29.110,75 08:25.480,1902, ,1858,1,1,4,N, ,0,N, , , , , , , , ,2,1,0,0,0,1,0,0,0,0,0,1,1,0,0,0,0,0,0,0,0,0,0,0,0,0,0,0,0,0,0,0,0,0,0,4,1,39.9248,-75.1404, , 
71790,818315,2011037703,6,67,67301,2011,2,2,26,0,3,1,0,7,5, , ,N,0,0,0,3,0,1,1,1,N,N,40 03:08.584,75 00:28.428,40, ,32, ,0, ,N, ,0, , , , , , , , , ,1,0,0,0,1,0,0,0,0,0,0,1,1,0,0,0,0,0,0,0,0,0,0,0,0,0,0,0,0,0,0,0,0,0,0,4,0,40.0524,-75.0079, , 
71791,818317,2011037985,6,67,67301,2011,3,5,9999,99,1,1,0,8,1, , ,N,0,2,0,3,0,1,2,2,N,N,40 02:02.911,75 08:44.917,815, ,805, ,0, ,N, ,3, , , , , , , , , ,1,0,0,0,1,0,0,0,0,0,0,1,1,0,0,0,0,0,0,0,1,0,0,0,0,0,0,0,0,0,0,0,1,0,0,4,0,40.0341,-75.1458, , 
71792,818334,2011054636,6,67,67301,2011,4,7,2130,21,2,2,1,4,1, , ,N,1,3,0,3,0,1,2,3,N,N,40 02:22.927,75 02:18.128,2140, ,2133, ,0, , , ,3, , , , , , , , , ,3,2,0,0,0,0,1,0,0,0,0,0,1,1,0,0,0,0,0,0,0,0,0,0,0,0,0,0,0,0,0,0,0,0,0,8,0,40.0397,-75.0384, , 
71793,818339,2011056745,6,67,67301,2011,5,7,1423,14,1,2,1,8,1, , ,N,1,3,0,3,0,1,6,2,N,N,39 57:54.590,75 12:09.575,1430, ,1424, ,0, , , ,3, , , , , , , , , ,1,1,0,0,0,0,0,0,0,0,0,1,1,0,0,0,0,0,0,0,0,0,0,0,0,0,0,0,0,0,0,0,1,0,0,4,0,39.9652,-75.2027, , 
71794,818343,2011061886,6,67,67301,2011,5,3,923,9,1,1,1,7,2, , ,N,7,0,2,3,0,0,1,1,N,N,39 53:37.393,75 13:14.852,926, ,924,1,2,2,N, ,0,Y, , , , , , , , ,1,1,0,0,0,0,0,0,0,0,0,0,0,0,0,0,0,0,0,0,0,0,0,0,0,0,0,0,0,0,0,0,0,0,0,0,0,39.8931,-75.2222, , 
71795,818362,2011033520,6,67,67301,2011,3,6,1530,15,1,1,0,8,1, , ,N,0,0,0,3,0,1,4,2,N,N,39 59:51.079,75 06:14.378,1540, ,1538, ,0, ,N, ,0, , , , , , , , , ,1,0,0,0,0,0,1,0,0,0,0,0,1,1,0,0,0,0,0,0,0,0,0,0,0,0,0,0,0,0,0,0,1,0,0,8,0,39.9975,-75.104, , 
71796,821750,2011108867,6,67,67301,2011,9,6,849,8,1,2,1,8,1, , ,N,0,0,0,3,0,2,2,4,N,N,40 03:23.836,75 00:01.771,903, ,857, ,0, ,N, ,0, , , , , , , , , ,3,1,0,0,0,0,0,1,0,0,1,1,2,0,0,0,0,0,0,0,1,0,0,0,0,0,0,0,0,0,0,0,1,0,0,3,0,40.0566,-75.0005, , 
71797,821751,2011108905,6,67,67301,2011,9,2,126,1,3,1,0,2,6, , ,N,0,0,0,3,0,1,1,2,N,N,39 56:46.132,75 13:24.628,445, ,439, ,0, ,N, ,0, , , , , , , , , ,2,2,0,0,0,0,0,0,0,0,0,1,1,0,0,0,0,0,0,0,0,0,0,1,0,0,0,0,0,0,0,0,0,0,0,4,0,39.9461,-75.2235, , 
71798,821758,2011068467,6,67,67301,2011,6,5,1835,18,1,1,0,4,1, , ,N,3,0,0,3,0,1,6,2, , ,39 58:31.433,75 11:23.825,1840, ,1835, ,0, , , ,0, , , , , , , , , ,2,0,0,0,1,0,0,1,0,0,0,1,1,0,0,0,0,0,0,0,1,0,0,0,0,0,0,0,0,0,0,0,0,0,0,4,0,39.9754,-75.19, , 
71799,821788,2011047099,6,67,67301,2011,4,7,1348,13,1,1,0,8,1, , ,N,1,2,0,3,0,1,3,2,N,N,40 02:16.070,75 02:16.468,1348, ,1348, ,0, ,N, ,2, , , , , , , , , ,1,0,0,0,1,0,0,0,0,0,0,1,1,0,0,0,0,0,0,0,0,0,0,2,0,0,0,0,0,0,0,0,1,0,0,4,0,40.0378,-75.0379, , 
71800,821790,2011049005,6,67,67301,2011,4,6,748,7,1,2,1,4,4, , ,N,0,2,7,3,0,3,4,2,N,N,40 00:59.860,75 08:58.684,750, ,748, ,0, ,N, ,3, , , , , , , , , ,2,0,0,0,1,0,1,0,0,0,0,0,3,3,0,0,0,0,0,0,0,0,0,0,0,0,0,0,0,0,0,0,0,0,0,8,0,40.0166,-75.1496, , 
71801,821797,2011056931,6,67,67301,2011,5,6,1000,10,1,1,0,8,1, , ,N,1,3,0,3,0,1,2,2,N,N,39 55:39.529,75 10:31.997,1020, ,1011, ,0, ,N, ,3, , , , , , , , , ,1,0,0,1,0,0,0,0,0,0,0,0,1,1,0,0,0,0,0,0,1,0,0,0,0,0,0,0,0,0,0,0,1,0,0,8,1,39.9276,-75.1756, , 