objectid_1,objectid,crn,district,county,municipality,crash_year,crash_month,day_of_week,time_of_day,hour_of_day,illumination,weather,road_condition,collision_type,relation_to_road,work_zone_type,work_zone_loc,work_zone_ind,intersect_type,tcd_type,location_type,urban_rural,fatal_count,injury_count,person_count,total_units,sch_bus_ind,sch_zone_ind,latitude,longitude,arrival_tm,cons_zone_spd_lim,dispatch_tm,est_hrs_closed,lane_closed,ln_close_dir,ntfy_hiwy_maint,spec_juris_cd,tcd_func_cd,tfc_detour_ind,workers_pres,wz_close_detour,wz_flagger,wz_law_offcr_ind,wz_ln_closure,wz_moving,wz_other,wz_shlder_mdn,vehicle_count,automobile_count,motorcycle_count,bus_count,small_truck_count,heavy_truck_count,suv_count,van_count,bicycle_count,maj_inj_count,mod_inj_count,min_inj_count,tot_inj_count,unk_inj_deg_count,unk_inj_per_count,driver_count_16yr,driver_count_17yr,driver_count_18yr,driver_count_19yr,driver_count_20yr,driver_count_50_64yr,driver_count_65_74yr,driver_count_75plus,unbelted_occ_count,unb_death_count,unb_maj_inj_count,belted_death_count,belted_maj_inj_count,mcycle_death_count,mcycle_maj_inj_count,bicycle_death_count,bicycle_maj_inj_count,ped_count,ped_death_count,ped_maj_inj_count,max_severity_level,comm_veh_count,dec_lat,dec_long,rdwy_surf_type_cd,county_name
71802,821802,2011065523,6,67,67301,2011,5,6,332,3,3,2,1,5,1, , ,N,0,0,0,3,0,1,2,2,N,N,40 03:39.211,75 08:23.374,430, ,332, ,0, ,N, ,0, , , , , , , , , ,2,2,0,0,0,0,0,0,0,0,0,0,1,1,0,0,0,0,0,0,0,0,0,0,0,0,0,0,0,0,0,0,0,0,0,8,0,40.0609,-75.1398, , 
71803,821804,2011068726,6,67,67301,2011,6,4,1925,19,4,1,0,7,5, , ,N,1,2,0,3,0,1,1,2,N,N,39 57:19.761,75 12:48.923,1933, ,1932, ,0, ,N, ,3, , , , , , , , , ,1,1,0,0,0,0,0,0,0,0,0,1,1,0,0,0,0,0,0,0,0,0,0,0,0,0,0,0,0,0,0,0,0,0,0,4,0,39.9555,-75.2136, , 
71804,821841,2011082635,6,67,67301,2011,7,7,1712,17,1,1,0,8,1, , ,N,1,2,0,3,0,1,3,2,N,N,40 00:20.692,75 05:56.577,1725, ,1717, ,0, ,N, ,3, , , , , , , , , ,1,0,0,0,0,0,1,0,0,0,0,1,1,0,0,0,0,0,0,0,1,0,0,0,0,0,0,0,0,0,0,0,1,0,0,4,0,40.0057,-75.099, , 
71805,821868,2011087931,6,67,67301,2011,8,1,1155,11,1,1,0,4,1, , ,N,1,2,0,3,0,5,6,2,N,N,40 01:26.988,75 07:59.257,1157, ,1156, ,0, ,N, ,3, , , , , , , , , ,2,2,0,0,0,0,0,0,0,0,0,0,5,5,1,0,0,0,0,0,0,0,0,0,0,0,0,0,0,0,0,0,0,0,0,8,0,40.0242,-75.133, , 
71806,821869,2011087996,6,67,67301,2011,7,1,310,3,3,1,0,4,1, , ,N,1,2,0,3,0,5,7,2,N,N,40 00:09.954,75 08:16.245,325, ,317,9,2,7, , ,3,Y, , , , , , , , ,2,2,0,0,0,0,0,0,0,1,4,0,5,0,0,0,0,0,0,0,0,0,0,4,0,1,0,0,0,0,0,0,0,0,0,2,0,40.0028,-75.1378, , 
71807,821875,2011095521,6,67,67301,2011,8,4,636,6,1,1,0,4,1, , ,N,1,3,0,3,0,2,2,2,N,N,39 58:21.907,75 10:47.704,638, ,637,2,1,3,N, ,3,Y, , , , , , , , ,2,1,0,0,0,0,1,0,0,0,0,2,2,0,0,0,0,0,0,0,2,0,0,0,0,0,0,0,0,0,0,0,0,0,0,4,0,39.9728,-75.1799, , 
71808,821887,2011112146,6,67,67301,2011,10,2,708,7,1,1,0,1,1, , ,N,1,2,0,3,0,1,3,3,N,N,39 57:01.407,75 11:29.871,714, ,708, ,0, ,N, ,3, , , , , , , , , ,3,1,0,0,0,0,1,1,0,1,0,0,1,0,0,0,0,0,0,0,0,0,1,0,0,0,0,0,0,0,0,0,0,0,0,2,0,39.9509,-75.191, , 
71809,821888,2011112231,6,67,67301,2011,10,6,1155,11,1,2,1,7,5, , ,N,2,0,0,3,0,1,4,1,N,N,40 01:08.034,75 04:21.383,1203, ,1201, ,0, ,N, ,0, , , , , , , , , ,1,1,0,0,0,0,0,0,0,0,0,1,1,0,0,0,0,0,0,0,0,0,0,0,0,0,0,0,0,0,0,0,0,0,0,4,0,40.0189,-75.0726, , 
71810,821893,2011118146,6,67,67301,2011,10,4,9999,99,3,2,1,1,1, , ,N,0,0,0,3,0,1,4,3,N,N,40 01:25.300,75 08:01.267,1740, ,1737, ,0, ,N, ,0, , , , , , , , , ,3,2,0,0,0,0,0,1,0,0,0,1,1,0,0,0,0,0,0,0,1,0,0,0,0,0,0,0,0,0,0,0,0,0,0,4,0,40.0237,-75.1337, , 
71811,821902,2011054517,6,67,67301,2011,5,3,1907,19,1,1,0,1,1, , ,N,6,0,2,3,0,2,3,2,N,N,39 56:42.200,75 11:27.000,1921, ,1917, ,0, ,N, ,0, , , , , , , , , ,2,2,0,0,0,0,0,0,0,0,0,2,2,0,0,0,0,0,0,0,0,0,1,0,0,0,0,0,0,0,0,0,0,0,0,4,0,39.9451,-75.1908, , 
71812,821963,2011079596,6,67,67301,2011,8,2,700,7,1,1,0,5,1, , ,N,0,0,0,3,0,2,3,3,N,N,40 02:01.121,75 01:13.037,717, ,707,1,1,2,N, ,0,N, , , , , , , , ,3,2,0,0,0,1,0,0,0,0,0,0,2,2,0,0,0,0,0,0,1,0,0,0,0,0,0,0,0,0,0,0,0,0,0,8,1,40.0337,-75.0202, , 
71813,821965,2011083429,6,67,67301,2011,7,2,1510,15,1,1,0,6,2, , ,N,1,2,0,3,0,1,2,2,N,N,39 57:42.116,75 09:16.249,1520, ,1510, ,0, ,N, ,3, , , , , , , , , ,1,0,0,0,0,0,1,0,1,0,0,1,1,0,0,0,0,0,0,1,0,0,0,0,0,0,0,0,0,0,0,0,0,0,0,4,0,39.9616,-75.1545, , 
71814,827990,2011073243,6,67,67301,2011,6,7,138,1,3,1,0,1,1, , ,N,1,2,0,3,0,1,2,2,N,N,39 56:54.150,75 08:38.536,329, ,329, ,0, ,N, ,3, , , , , , , , , ,2,0,0,0,0,0,1,1,0,0,0,0,1,1,1,0,0,0,0,0,0,0,0,0,0,0,0,0,0,0,0,0,0,0,0,8,0,39.9484,-75.144, , 
71815,828005,2011088088,6,67,67301,2011,8,7,1615,16,1,1,0,8,1, , ,N,0,0,7,3,0,1,2,2,N,N,39 56:15.500,75 09:41.020,1623, ,1621, ,0, , , ,0, , , , , , , , , ,1,0,0,0,1,0,0,0,0,0,0,0,1,1,0,0,0,0,0,0,0,0,0,0,0,0,0,0,0,0,0,0,1,0,0,8,0,39.9376,-75.1614, , 
71816,828008,2011092997,6,67,67301,2011,8,2,1812,18,1,1,0,8,1, , ,N,1,2,0,3,0,1,2,2,N, ,40 03:15.541,75 04:17.098,1830, ,1817, ,0, , , ,2, , , , , , , , , ,1,1,0,0,0,0,0,0,0,0,0,1,1,0,0,0,0,0,0,0,0,1,0,0,0,0,0,0,0,0,0,0,1,0,0,4,0,40.0544,-75.0717, , 
71817,828013,2011100805,6,67,67301,2011,9,5,900,9,1,2,1,1,7, , ,N,3,0,0,3,0,0,2,2,N,N,40 01:00.550,75 10:27.641,935, ,915,9,1,1,N, ,0,N, , , , , , , , ,2,2,0,0,0,0,0,0,0,0,0,0,0,0,0,0,0,0,0,0,0,0,0,0,0,0,0,0,0,0,0,0,0,0,0,0,0,40.0168,-75.1743, , 
71818,828014,2011100879,6,67,67301,2011,9,2,9999,99,1,1,0,4,1, , ,N,0,0,7,3,0,2,2,2,N,N,39 55:05.172,75 12:33.869,1629, ,1608, ,0, ,N, ,0, , , , , , , , , ,2,1,0,0,1,0,0,0,0,0,0,2,2,0,0,0,0,0,0,0,0,1,0,0,0,0,0,0,0,0,0,0,0,0,0,4,0,39.9181,-75.2095, , 
71819,828022,2011056972,6,67,67301,2011,5,2,1426,14,1,1,0,1,1, , ,N,0,0,0,3,0,1,4,3,N,N,39 57:33.394,75 10:22.891,1433, ,1430, ,0, ,N, ,0, , , , , , , , , ,3,2,0,0,0,0,1,0,0,0,0,1,1,0,0,0,0,0,0,0,2,0,0,0,0,0,0,0,0,0,0,0,0,0,0,4,0,39.9593,-75.173, , 
71820,828033,2011073207,6,67,67301,2011,6,5,1615,16,1,1,0,4,1, , ,N,2,2,0,3,0,0,2,2, , ,39 54:23.986,75 11:00.103,1630, ,1617,2,2,2, , ,3,N, , , , , , , , ,2,2,0,0,0,0,0,0,0,0,0,0,0,0,0,0,0,0,0,0,1,0,0,0,0,0,0,0,0,0,0,0,0,0,0,0,0,39.9067,-75.1834, , 
71821,828039,2011082695,6,67,67301,2011,7,1,1612,16,1,1,0,8,1, , ,N,0,0,0,3,0,1,2,2,N,N,40 01:25.014,75 05:00.279,1621, ,1613, ,0, ,N, ,0, , , , , , , , , ,1,1,0,0,0,0,0,0,0,0,0,1,1,0,1,0,0,0,0,0,0,0,0,0,0,0,0,0,0,0,0,0,1,0,0,4,0,40.0236,-75.0834, , 
71822,828040,2011082714,6,67,67301,2011,7,1,210,2,3,1,0,4,1, , ,N,2,2,0,3,0,1,3,2,N,N,39 56:29.263,75 10:39.964,215, ,213, ,0, ,N, ,3, , , , , , , , , ,2,2,0,0,0,0,0,0,0,0,0,1,1,0,0,0,0,0,0,0,0,0,0,0,0,0,0,0,0,0,0,0,0,0,0,4,0,39.9415,-75.1778, , 
71823,828050,2011089862,6,67,67301,2011,8,4,1710,17,1,1,0,1,1, , ,N,0,0,0,3,0,0,2,2,N,N,40 01:27.791,75 01:51.290,1714, ,1710, ,0, ,N, ,0, , , , , , , , , ,2,2,0,0,0,0,0,0,0,0,0,0,0,0,0,0,0,0,0,0,0,0,1,0,0,0,0,0,0,0,0,0,0,0,0,0,0,40.0244,-75.0308, , 
71824,828061,2011095053,6,67,67301,2011,9,6,1704,17,1,1,0,1,1, , ,N,0,0,0,3,0,0,3,3,N,N,40 00:06.978,75 04:42.222,1733, ,1707, ,0, ,N, ,0, , , , , , , , , ,3,0,0,0,1,1,1,0,0,0,0,0,0,0,0,0,0,0,0,0,1,0,0,0,0,0,0,0,0,0,0,0,0,0,0,0,0,40.0018,-75.0785, , 
71825,828074,2011066270,6,67,67301,2011,5,1,1912,19,1,1,0,5,2, , ,N,1,2,0,3,0,1,2,2,N,N,39 56:49.175,75 09:53.386,1918, ,1916, ,0, ,N, ,3, , , , , , , , , ,1,0,0,1,0,0,0,0,1,0,1,0,1,0,1,0,0,0,0,0,0,0,0,0,0,0,0,0,0,0,0,0,0,0,0,3,1,39.947,-75.1647, , 
71826,828078,2011070737,6,67,67301,2011,7,6,1439,14,1,1,0,1,1, , ,N,0,0,0,3,0,1,8,5,N,N,40 00:31.853,75 12:18.372,1448, ,1443, ,0, ,N, ,0, , , , , , , , , ,5,3,0,0,1,0,1,0,0,0,0,1,1,0,1,0,0,0,0,0,0,0,0,0,0,0,0,0,0,0,0,0,0,0,0,4,0,40.0088,-75.2051, , 
71827,828090,2011088053,6,67,67301,2011,7,6,1000,10,1,9,0,1,1, , ,N,1,3,0,3,0,1,2,2,N,N,39 58:13.166,75 13:37.459,913, ,908, ,0, ,N, ,9, , , , , , , , , ,1,1,0,0,0,0,0,0,1,0,0,1,1,0,1,0,0,0,0,0,0,0,0,1,0,0,0,0,0,0,0,0,0,0,0,4,0,39.9703,-75.2271, , 
71828,828094,2011093007,6,67,67301,2011,8,5,2115,21,3,1,0,2,1, , ,N,1,2,0,3,0,3,3,2,N,N,40 02:39.088,75 09:45.868,2140, ,2117, ,0, ,N, ,3, , , , , , , , , ,2,2,0,0,0,0,0,0,0,0,0,0,3,3,0,0,0,0,0,0,0,0,0,0,0,0,0,0,0,0,0,0,0,0,0,8,0,40.0442,-75.1627, , 
71829,828096,2011095377,6,67,67301,2011,8,1,447,4,3,1,0,4,1, , ,N,1,2,0,3,0,1,2,2,N, ,39 56:50.600,75 10:04.875,453, ,449,2,2,5, , ,3,Y, , , , , , , , ,2,2,0,0,0,0,0,0,0,0,0,1,1,0,1,0,0,0,0,0,0,0,0,1,0,0,0,0,0,0,0,0,0,0,0,4,0,39.9474,-75.168, , 
71830,828097,2011095464,6,67,67301,2011,8,6,710,7,1,1,0,7,2, , ,N,10,0,0,3,0,1,1,1,N,N,40 04:57.327,74 57:57.675,725, ,717,2,2,4,N, ,0,Y, , , , , , , , ,1,0,0,0,1,0,0,0,0,0,1,0,1,0,0,0,0,0,0,0,1,0,0,0,0,0,0,0,0,0,0,0,0,0,0,3,0,40.0826,-74.966, , 
71831,828101,2011098137,6,67,67301,2011,9,5,1200,12,1,1,0,8,2, , ,N,0,2,0,3,0,1,2,2,N,N,40 00:07.019,75 13:24.494,2032, ,2022, ,0, ,N, ,3, , , , , , , , , ,1,0,0,0,0,0,0,1,0,0,0,1,1,0,1,0,0,0,0,0,0,0,0,1,0,0,0,0,0,0,0,0,1,0,0,4,0,40.0019,-75.2235, , 
71832,825281,2011065520,6,67,67301,2011,5,6,1935,19,1,1,0,8,1, , ,N,1,2,0,3,0,2,3,3,N,N,39 59:17.880,75 08:49.491,1939, ,1937,9,2,1,N, ,3,Y, , , , , , , , ,1,0,0,0,0,0,0,0,0,0,0,2,2,0,0,1,0,0,0,0,0,0,0,0,0,0,0,0,0,0,0,0,2,0,0,4,0,39.9883,-75.1471, , 
71833,825282,2011068472,6,67,67301,2011,6,5,843,8,1,1,0,7,4, , ,N,10,0,0,3,0,1,5,1,N,N,39 56:44.368,75 14:06.554,900, ,851, ,0, ,N, ,0, , , , , , , , , ,1,1,0,0,0,0,0,0,0,0,0,1,1,0,0,0,0,0,0,0,0,0,0,0,0,0,0,0,0,0,0,0,0,0,0,4,0,39.9457,-75.2352, , 
71834,825290,2011066141,6,67,67301,2011,5,6,1645,16,1,1,0,7,5, , ,N,2,0,0,3,0,1,1,1,N,N,40 03:44.408,75 01:21.902,1656, ,1651, ,0, ,N, ,0, , , , , , , , , ,1,1,0,0,0,0,0,0,0,0,0,1,1,0,0,0,0,0,0,0,1,0,0,0,0,0,0,0,0,0,0,0,0,0,0,4,0,40.0623,-75.0228, , 
71835,825301,2011073248,6,67,67301,2011,6,5,1730,17,1,1,0,4,1, , ,N,1,2,0,3,0,2,4,2,N,N,40 01:41.450,75 02:20.031,1738, ,1733, ,0, ,N, ,3, , , , , , , , , ,2,0,0,0,0,0,0,2,0,0,0,2,2,0,0,0,0,0,0,0,1,0,0,0,0,0,0,0,0,0,0,0,0,0,0,4,0,40.0282,-75.0389, , 
71836,825313,2011083323,6,67,67301,2011,7,4,1115,11,1,1,0,1,5, , ,N,0,0,0,3,0,1,2,3,N, ,39 57:49.599,75 09:31.954,1135, ,1127,1,1,3, , ,0,Y, , , , , , , , ,3,1,0,0,0,0,2,0,0,0,0,0,1,1,0,0,0,0,0,0,0,0,0,0,0,0,0,0,0,0,0,0,0,0,0,8,0,39.9637,-75.1589, , 
71837,825314,2011083327,6,67,67301,2011,7,3,1930,19,1,2,1,1,1, , ,N,2,2,0,3,0,0,5,2,N,N,40 02:02.689,75 12:30.292,1945, ,1940,1,1,2, , ,3,N, , , , , , , , ,2,2,0,0,0,0,0,0,0,0,0,0,0,0,5,0,0,0,0,0,0,0,0,3,0,0,0,0,0,0,0,0,0,0,0,9,0,40.0342,-75.2083, , 
71838,825318,2011093048,6,67,67301,2011,8,7,1105,11,1,1,0,4,4, , ,N,0,0,0,3,0,1,3,2,N,N,39 58:00.843,75 13:00.216,1115, ,1113, ,0, ,N, ,0, , , , , , , , , ,1,0,0,0,1,0,0,0,1,0,0,1,1,0,0,0,0,0,0,0,0,0,0,2,0,0,0,0,0,0,0,0,0,0,0,4,0,39.9669,-75.2167, , 
71839,825326,2011066227,6,67,67301,2011,6,4,2240,22,3,1,0,8,1, , ,N,2,0,0,3,0,1,2,2,N,N,39 59:27.016,75 07:25.251,2245, ,2240, ,0, ,N, ,0, , , , , , , , , ,1,1,0,0,0,0,0,0,0,0,0,0,1,1,0,0,0,0,0,0,1,0,0,0,0,0,0,0,0,0,0,0,1,0,0,8,0,39.9908,-75.1237, , 
71840,825344,2011093045,6,67,67301,2011,8,5,906,9,1,2,1,4,1, , ,N,0,0,7,3,0,1,5,2,N,N,40 03:00.535,75 04:03.299,912, ,907, ,0, ,N, ,0, , , , , , , , , ,1,1,0,0,0,0,0,0,1,0,0,1,1,0,0,0,0,0,0,0,0,0,0,0,0,0,0,0,0,0,0,0,0,0,0,4,0,40.0501,-75.0676, , 
71841,825353,2011100647,6,67,67301,2011,9,4,1220,12,1,1,0,6,1, , ,N,3,2,0,3,0,1,3,2,N,N,40 04:24.158,75 05:04.743,1246, ,1234, ,0, ,N, ,3, , , , , , , , , ,2,2,0,0,0,0,0,0,0,0,0,0,1,1,0,0,0,0,0,0,0,0,0,0,0,0,0,0,0,0,0,0,0,0,0,8,0,40.0734,-75.0847, , 
71842,825360,2011108831,6,67,67301,2011,9,7,1530,15,1,1,0,4,1, , ,N,3,2,0,3,0,1,4,3,N, ,39 58:38.507,75 13:37.478,1539, ,1530, ,0, , , ,3, , , , , , , , , ,3,1,0,0,0,0,2,0,0,0,0,0,1,1,0,0,0,0,0,0,3,0,0,0,0,0,0,0,0,0,0,0,0,0,0,8,0,39.9774,-75.2271, , 
71843,825364,2011112290,6,67,67301,2011,10,7,1555,15,1,1,0,4,1, , ,N,1,3,0,3,0,1,2,2,N,N,39 55:11.938,75 09:54.953,1703, ,1658, ,0, ,N, ,3, , , , , , , , , ,1,1,0,0,0,0,0,0,1,0,0,1,1,0,0,0,0,0,0,0,1,0,0,0,0,0,0,0,0,0,0,0,0,0,0,4,0,39.92,-75.1653, , 
71844,825408,2011118120,6,67,67301,2011,10,2,708,7,3,1,0,8,1, , ,N,0,0,0,3,0,1,2,2,N,N,39 59:27.546,75 06:17.846,815, ,708, ,0, ,N, ,0, , , , , , , , , ,1,1,0,0,0,0,0,0,0,0,0,0,1,1,0,0,0,0,0,0,1,0,0,0,0,0,0,0,0,0,0,0,1,0,0,8,0,39.991,-75.105, , 
71845,825460,2011106083,6,67,67301,2011,9,6,1335,13,1,1,0,4,1, , ,N,1,2,0,3,0,2,7,2,N, ,39 57:27.542,75 09:44.544,1349, ,1346, ,0, , , ,3, , , , , , , , , ,2,2,0,0,0,0,0,0,0,0,2,0,2,0,0,0,0,0,0,0,0,0,0,0,0,0,0,0,0,0,0,0,0,0,0,3,0,39.9577,-75.1624, , 
71846,825466,2011112323,6,67,67301,2011,10,4,1430,14,1,9,0,1,1, , ,N,1,2,0,3,0,1,3,2,N, ,40 05:04.051,75 02:18.090,1555, ,1537, ,0, , , ,3, , , , , , , , , ,2,2,0,0,0,0,0,0,0,0,0,1,1,0,1,0,0,0,0,0,1,1,0,0,0,0,0,0,0,0,0,0,0,0,0,4,0,40.0845,-75.0384, , 
71847,825467,2011115332,6,67,67301,2011,10,5,907,9,1,1,0,1,1, , ,N,1,2,0,3,0,2,3,3,N,N,40 02:12.851,75 08:02.908,9999, ,910, ,0, ,N, ,3, , , , , , , , , ,3,3,0,0,0,0,0,0,0,0,0,2,2,0,0,0,0,0,0,0,0,0,0,0,0,0,0,0,0,0,0,0,0,0,0,4,0,40.0369,-75.1341, , 
71848,825490,2011087831,6,67,67301,2011,7,1,1445,14,1,2,1,1,1, , ,N,2,2,0,3,0,0,2,2,N,N,39 59:43.202,75 13:05.980,1605, ,1546, ,0, ,N, ,3, , , , , , , , , ,2,1,0,0,0,0,1,0,0,0,0,0,0,0,2,0,1,0,0,0,0,0,0,1,0,0,0,0,0,0,0,0,0,0,0,9,0,39.9953,-75.2182, , 
71849,825494,2011093521,6,67,67301,2011,9,2,1043,10,1,1,0,5,1, , ,N,0,0,0,3,0,1,3,2,N,N,39 59:59.989,75 11:42.809,1043, ,1043,2,1,3,Y, ,0,N, , , , , , , , ,2,1,0,0,0,1,0,0,0,0,0,1,1,0,0,0,0,0,1,0,1,0,0,0,0,0,0,0,0,0,0,0,0,0,0,4,1,40,-75.1952, , 
71850,818366,2011037893,6,67,67301,2011,3,1,555,5,3,1,0,5,1, , ,N,1,2,0,3,0,1,2,3,N,N,39 55:57.085,75 13:49.023,555, ,555,1,1,6,N, ,3,N, , , , , , , , ,3,3,0,0,0,0,0,0,0,0,0,0,1,1,0,0,0,0,0,0,1,0,0,0,0,0,0,0,0,0,0,0,0,0,0,8,0,39.9325,-75.2303, , 
71851,818375,2011053574,6,67,67301,2011,4,5,1241,12,1,1,0,5,1, , ,N,0,0,0,3,0,1,3,2,N,N,40 02:40.150,75 09:56.860,1242, ,1242, ,0, ,N, ,0, , , , , , , , , ,2,0,0,0,1,0,0,1,0,0,0,0,1,1,0,0,0,0,0,0,1,0,0,1,0,0,0,0,0,0,0,0,0,0,0,8,0,40.0445,-75.1658, , 
71852,818457,2011090534,6,67,67301,2011,7,5,1620,16,1,1,0,1,1, , ,N,0,2,0,3,0,2,3,2,N,N,40 01:23.434,75 08:12.388,9999, ,9999,1,2,4,N, ,3,Y, , , , , , , , ,2,1,0,1,0,0,0,0,0,0,0,1,2,1,0,0,0,0,0,0,0,0,0,0,0,0,0,0,0,0,0,0,0,0,0,4,1,40.0232,-75.1367, , 
71853,818475,2011112178,6,67,67301,2011,10,2,2145,21,3,1,0,7,3, , ,N,0,0,0,3,0,0,1,1,N,N,39 55:07.640,75 11:10.503,2150, ,2148, ,0, ,N, ,0, , , , , , , , , ,1,1,0,0,0,0,0,0,0,0,0,0,0,0,1,0,0,0,0,0,0,1,0,0,0,0,0,0,0,0,0,0,0,0,0,9,0,39.9188,-75.1863, , 
71854,818480,2011115460,6,67,67301,2011,10,4,648,6,2,2,1,4,1, , ,N,1,2,0,3,0,2,2,2,N, ,40 04:51.077,75 01:43.585,653, ,649,2,2,2, , ,3,N, , , , , , , , ,2,2,0,0,0,0,0,0,0,0,0,0,2,2,0,0,0,0,0,0,0,0,0,0,0,0,0,0,0,0,0,0,0,0,0,8,0,40.0809,-75.0288, , 
71855,818502,2011029056,6,67,67301,2011,2,6,1906,19,3,1,0,1,1, , ,N,0,0,0,3,0,2,3,2, , ,39 54:46.317,75 14:25.814,1939, ,1938,2,2,6, , ,0,N, , , , , , , , ,2,2,0,0,0,0,0,0,0,0,0,2,2,0,0,0,0,0,0,0,0,0,0,0,0,0,0,0,0,0,0,0,0,0,0,4,0,39.9129,-75.2405, , 
71856,818532,2011054339,6,67,67301,2011,4,5,807,8,1,1,0,8,1, , ,N,1,3,0,3,0,1,2,2,N,N,40 01:14.541,75 04:33.481,816, ,812, ,0, ,N, ,1, , , , , , , , , ,1,0,0,0,1,0,0,0,0,0,0,1,1,0,0,0,0,0,0,0,1,0,0,0,0,0,0,0,0,0,0,0,1,0,0,4,0,40.0207,-75.076, , 
71857,818559,2011076310,6,67,67301,2011,6,5,1200,12,1,1,0,5,1, , ,N,1,0,0,3,0,1,3,2,N,N,39 57:05.967,75 10:13.092,1210, ,1210, ,0, ,N, ,0, , , , , , , , , ,2,1,0,0,1,0,0,0,0,0,0,1,1,0,1,0,0,0,0,0,0,0,0,0,0,0,0,0,0,0,0,0,0,0,0,4,0,39.9516,-75.1702, , 
71858,818563,2011079426,6,67,67301,2011,8,6,740,7,1,1,0,1,1,2,8,Y,0,0,0,3,0,1,8,5,N,N,39 53:59.876,75 09:39.508,752,55,742,2,2,2,Y, ,0,Y,Y,N,N,N,Y,N,N,N,5,0,0,0,1,0,4,0,0,0,0,0,1,1,3,0,0,0,0,0,0,0,0,0,0,0,0,0,0,0,0,0,0,0,0,8,0,39.9,-75.1609, , 
71859,818569,2011085495,6,67,67301,2011,7,5,1530,15,1,1,0,1,1, , ,N,1,2,0,3,0,3,3,2,N,N,40 04:27.147,75 02:05.032,1558, ,1537,2,1,6,N, ,3,N, , , , , , , , ,2,1,0,0,0,0,1,0,0,0,0,0,3,3,0,0,0,0,0,0,1,1,0,0,0,0,0,0,0,0,0,0,0,0,0,8,0,40.0742,-75.0347, , 
71860,818605,2011083801,6,67,67301,2011,7,4,1620,16,1,1,0,1,1, , ,N,0,2,0,3,0,1,2,2,N,N,39 58:12.955,75 09:36.574,1622, ,1622, ,0, , , ,3, , , , , , , , , ,2,1,0,0,1,0,0,0,0,0,0,0,1,1,0,0,0,0,0,0,1,1,0,0,0,0,0,0,0,0,0,0,0,0,0,8,0,39.9703,-75.1602, , 
71861,818627,2011061709,6,67,67301,2011,5,7,245,2,3,1,0,1,1, , ,N,3,2,0,3,0,0,3,2, , ,39 55:05.900,75 12:31.948,248, ,248, ,0, , , ,3, , , , , , , , , ,2,2,0,0,0,0,0,0,0,0,0,0,0,0,0,0,0,0,0,0,0,0,0,0,0,0,0,0,0,0,0,0,0,0,0,0,0,39.9182,-75.2088, , 
71862,818634,2011082514,6,67,67301,2011,6,2,1700,17,1,1,0,4,1, , ,N,2,3,0,3,0,1,3,2,N,N,40 00:35.532,75 09:46.144,9999, ,9999, ,0, , , ,3, , , , , , , , , ,2,2,0,0,0,0,0,0,0,0,0,0,1,1,2,0,0,0,0,0,0,0,1,1,0,0,0,0,0,0,0,0,0,0,0,8,0,40.0099,-75.1628, , 
71863,818640,2011061801,6,67,67301,2011,5,6,1000,10,1,1,0,2,1, , ,N,0,0,0,3,0,0,3,2,N,N,40 02:34.453,75 08:37.613,1030, ,1028, ,0, ,N, ,0, , , , , , , , , ,2,2,0,0,0,0,0,0,0,0,0,0,0,0,0,0,0,0,0,0,0,0,0,0,0,0,0,0,0,0,0,0,0,0,0,0,0,40.0429,-75.1438, , 
71864,818646,2011066144,6,67,67301,2011,5,7,45,0,3,1,0,4,1, , ,N,1,3,0,3,0,0,3,2,N,N,39 56:34.202,75 13:26.903,110, ,108, ,0, ,N, ,3, , , , , , , , , ,2,2,0,0,0,0,0,0,0,0,0,0,0,0,1,0,0,0,0,0,0,0,0,0,0,0,0,0,0,0,0,0,0,0,0,9,0,39.9428,-75.2241, , 
71865,818647,2011066202,6,67,67301,2011,6,7,2205,22,3,1,0,4,1, , ,N,0,0,0,3,0,1,1,2,N,N,40 01:40.512,75 02:12.040,2225, ,2220, ,0, ,N, ,0, , , , , , , , , ,2,1,0,0,1,0,0,0,0,0,0,1,1,0,0,0,0,0,0,0,0,0,0,0,0,0,0,0,0,0,0,0,0,0,0,4,0,40.0279,-75.0367, , 
71866,818657,2011075671,6,67,67301,2011,6,2,1630,16,1,1,0,4,1, , ,N,0,0,7,3,0,0,9,2,N,N,40 02:39.405,75 05:20.426,1655, ,1643, ,0, ,N, ,0, , , , , , , , , ,2,1,0,1,0,0,0,0,0,0,0,0,0,0,0,0,0,0,0,0,2,0,0,0,0,0,0,0,0,0,0,0,0,0,0,0,1,40.0443,-75.089, , 
71867,818687,2011082576,6,67,67301,2011,7,5,1755,17,1,1,0,4,1, , ,N,1,2,0,3,0,1,2,2,N, ,39 56:38.115,75 09:06.879,1800, ,1757, ,0, , , ,3, , , , , , , , , ,1,1,0,0,0,0,0,0,1,0,0,1,1,0,1,0,0,0,0,0,0,0,0,0,0,0,0,0,0,0,0,0,0,0,0,4,0,39.9439,-75.1519, , 
71868,821972,2011090460,6,67,67301,2011,8,5,2100,21,3,1,0,8,1, , ,N,1,3,0,3,0,1,2,2,N,N,40 02:43.339,75 11:23.056,1610, ,1559, ,0, ,N, ,3, , , , , , , , , ,1,0,0,0,1,0,0,0,0,0,0,1,1,0,1,0,0,0,0,0,0,0,0,0,0,0,0,0,0,0,0,0,1,0,0,4,0,40.0454,-75.1897, , 
71869,821979,2011095440,6,67,67301,2011,8,5,840,8,1,1,0,8,1, , ,N,5,3,0,3,0,1,2,2,N, ,39 58:22.396,75 12:31.532,847, ,845, ,0, , , ,3, , , , , , , , , ,1,1,0,0,0,0,0,0,0,0,1,0,1,0,0,0,0,0,0,0,0,0,0,0,0,0,0,0,0,0,0,0,1,0,0,3,0,39.9729,-75.2088, , 