objectid_1,objectid,crn,district,county,municipality,crash_year,crash_month,day_of_week,time_of_day,hour_of_day,illumination,weather,road_condition,collision_type,relation_to_road,work_zone_type,work_zone_loc,work_zone_ind,intersect_type,tcd_type,location_type,urban_rural,fatal_count,injury_count,person_count,total_units,sch_bus_ind,sch_zone_ind,latitude,longitude,arrival_tm,cons_zone_spd_lim,dispatch_tm,est_hrs_closed,lane_closed,ln_close_dir,ntfy_hiwy_maint,spec_juris_cd,tcd_func_cd,tfc_detour_ind,workers_pres,wz_close_detour,wz_flagger,wz_law_offcr_ind,wz_ln_closure,wz_moving,wz_other,wz_shlder_mdn,vehicle_count,automobile_count,motorcycle_count,bus_count,small_truck_count,heavy_truck_count,suv_count,van_count,bicycle_count,maj_inj_count,mod_inj_count,min_inj_count,tot_inj_count,unk_inj_deg_count,unk_inj_per_count,driver_count_16yr,driver_count_17yr,driver_count_18yr,driver_count_19yr,driver_count_20yr,driver_count_50_64yr,driver_count_65_74yr,driver_count_75plus,unbelted_occ_count,unb_death_count,unb_maj_inj_count,belted_death_count,belted_maj_inj_count,mcycle_death_count,mcycle_maj_inj_count,bicycle_death_count,bicycle_maj_inj_count,ped_count,ped_death_count,ped_maj_inj_count,max_severity_level,comm_veh_count,dec_lat,dec_long,rdwy_surf_type_cd,county_name
71870,822000,2011075630,6,67,67301,2011,6,5,1815,18,1,1,0,1,1, , ,N,2,2,0,3,0,0,2,2,N,N,39 56:59.690,75 08:26.711,1828, ,1822, ,0, ,N, ,3, , , , , , , , , ,2,1,0,1,0,0,0,0,0,0,0,0,0,0,0,0,0,0,0,0,0,0,0,0,0,0,0,0,0,0,0,0,0,0,0,0,1,39.95,-75.1407, , 
71871,822001,2011076278,6,67,67301,2011,7,7,220,2,3,1,0,4,1, , ,N,1,0,0,3,0,0,6,2,N,N,39 57:05.795,75 09:49.162,237, ,236, ,0, , , ,0, , , , , , , , , ,2,1,0,0,0,1,0,0,0,0,0,0,0,0,0,0,0,1,0,0,0,0,0,0,0,0,0,0,0,0,0,0,0,0,0,0,1,39.9516,-75.1637, , 
71872,822002,2011076589,6,67,67301,2011,6,3,700,7,1,1,0,6,9, , ,N,0,0,0,3,0,0,1,4,N,N,39 57:25.686,75 12:30.337,709, ,709, ,0, ,N, ,0, , , , , , , , , ,4,4,0,0,0,0,0,0,0,0,0,0,0,0,0,0,0,0,0,0,0,0,0,0,0,0,0,0,0,0,0,0,0,0,0,0,0,39.9571,-75.2084, , 
71873,822006,2011095422,6,67,67301,2011,8,5,9999,99,3,1,0,1,1, , ,N,0,0,0,3,0,1,3,3,N,N,39 57:40.014,75 08:28.863,315, ,312,2,1,2,N, ,0,N, , , , , , , , ,3,3,0,0,0,0,0,0,0,0,0,1,1,0,0,0,0,0,0,0,0,0,0,1,0,0,0,0,0,0,0,0,0,0,0,4,0,39.9611,-75.1414, , 
71874,822008,2011098143,6,67,67301,2011,9,1,2250,22,3,1,0,1,6, , ,N,0,0,0,3,0,0,1,3,N,N,40 01:56.841,75 10:08.984,2257, ,2257, ,0, ,N, ,0, , , , , , , , , ,3,1,0,0,1,0,1,0,0,0,0,0,0,0,0,0,0,1,0,0,0,0,0,0,0,0,0,0,0,0,0,0,0,0,0,0,0,40.0325,-75.1692, , 
71875,822030,2011024583,6,67,67301,2011,2,6,1107,11,1,2,1,5,1, , ,N,0,0,0,3,0,2,3,2,N,N,39 58:00.783,75 08:02.122,1122, ,1116,1,1,1,N, ,0,N, , , , , , , , ,2,1,0,0,0,1,0,0,0,0,0,0,2,2,0,0,0,0,0,0,1,0,0,0,0,0,0,0,0,0,0,0,0,0,0,8,1,39.9669,-75.134, , 
71876,822033,2011028963,6,67,67301,2011,1,2,9999,99,3,4,1,4,1, , ,N,1,3,0,3,0,1,3,2, , ,40 00:03.643,75 07:25.222,1935, ,1930, ,0, , , ,3, , , , , , , , , ,2,2,0,0,0,0,0,0,0,0,0,1,1,0,0,0,0,0,0,0,0,0,0,0,0,0,0,0,0,0,0,0,0,0,0,4,0,40.001,-75.1237, , 
71877,822034,2011029086,6,67,67301,2011,2,4,2338,23,3,1,0,6,1, , ,N,0,0,7,3,0,0,2,2,N,N,40 01:16.584,75 08:54.652,20, ,12, ,0, ,N, ,0, , , , , , , , , ,2,2,0,0,0,0,0,0,0,0,0,0,0,0,0,0,0,0,1,0,0,0,0,0,0,0,0,0,0,0,0,0,0,0,0,0,0,40.0213,-75.1485, , 
71878,822045,2011037942,6,67,67301,2011,3,7,2030,20,3,1,0,4,1, , ,N,1,2,0,3,0,1,8,2, , ,40 03:41.185,75 05:01.882,2055, ,2055, ,0, , , ,3, , , , , , , , , ,2,1,0,0,0,0,1,0,0,0,0,1,1,0,0,0,0,0,0,0,1,0,0,0,0,0,0,0,0,0,0,0,0,0,0,4,0,40.0614,-75.0839, , 
71879,822072,2011098064,6,67,67301,2011,8,5,1809,18,1,2,1,3,1, , ,N,2,2,0,3,0,1,3,3,N,N,39 56:36.754,75 14:45.268,1830, ,1824, ,0, ,N, ,3, , , , , , , , , ,3,2,0,0,0,0,1,0,0,0,1,0,1,0,2,0,0,0,0,0,1,0,0,2,0,0,0,0,0,0,0,0,0,0,0,3,0,39.9435,-75.2459, , 
71880,822076,2011100737,6,67,67301,2011,9,7,2251,22,3,1,0,1,1, , ,N,0,0,0,3,0,0,3,2,N,N,39 55:15.193,75 09:28.105,2313, ,2311,2,2,4,N, ,0,Y, , , , , , , , ,2,1,0,0,0,0,1,0,0,0,0,0,0,0,2,0,0,0,0,0,0,0,0,2,0,0,0,0,0,0,0,0,0,0,0,9,0,39.9209,-75.1578, , 
71881,822077,2011101142,6,67,67301,2011,9,2,834,8,1,1,0,1,1, , ,N,0,0,0,3,0,1,2,2,N,N,39 57:00.550,75 11:00.558,902, ,844, ,0, ,N, ,0, , , , , , , , , ,2,2,0,0,0,0,0,0,0,0,0,1,1,0,0,0,0,0,0,0,1,0,0,0,0,0,0,0,0,0,0,0,0,0,0,4,0,39.9502,-75.1834, , 
71882,822080,2011102024,6,67,67301,2011,10,1,1142,11,1,1,0,1,1, , ,N,6,4,2,3,0,0,3,3,N,N,39 57:08.599,75 10:55.538,1203, ,1144, ,0, ,N, ,3, , , , , , , , , ,3,2,0,0,0,0,1,0,0,0,0,0,0,0,0,0,0,0,0,0,0,1,0,0,0,0,0,0,0,0,0,0,0,0,0,0,0,39.9524,-75.1821, , 
71883,822093,2011112083,6,67,67301,2011,10,4,245,2,3,1,0,9,1, , ,N,1,2,0,3,0,1,2,2,N,N,39 57:25.914,75 09:19.768,252, ,248, ,0, ,N, ,3, , , , , , , , , ,2,1,0,0,0,0,1,0,0,0,0,0,1,1,0,0,0,0,0,0,0,0,0,0,0,0,0,0,0,0,0,0,0,0,0,8,0,39.9572,-75.1555, , 
71884,822103,2011064134,6,67,67301,2011,5,6,9999,99,1,1,0,8,1, , ,N,0,0,0,3,0,1,2,2, , ,39 59:53.566,75 06:50.515,1628, ,1628,2,2,4, , ,0,Y, , , , , , , , ,1,0,0,0,0,0,0,1,0,0,0,1,1,0,0,0,0,0,0,0,0,0,0,0,0,0,0,0,0,0,0,0,1,0,0,4,0,39.9982,-75.114, , 
71885,822123,2011088462,6,67,67301,2011,8,3,835,8,1,1,0,4,1, , ,N,10,3,0,3,0,0,4,2,N,N,39 56:34.738,75 10:02.560,845, ,9999, ,0, , , ,3, , , , , , , , , ,2,1,0,0,0,0,1,0,0,0,0,0,0,0,0,0,0,0,0,0,0,0,0,4,0,0,0,0,0,0,0,0,0,0,0,0,0,39.943,-75.1674, , 
71886,828113,2011110115,6,67,67301,2011,7,4,2356,23,3,1,0,7,2, , ,N,0,0,0,3,0,1,2,1,N,N,39 58:20.091,75 07:21.046,7, ,2357, ,0, ,N, ,0, , , , , , , , , ,1,1,0,0,0,0,0,0,0,0,0,1,1,0,0,0,0,0,0,0,0,0,0,1,0,0,0,0,0,0,0,0,0,0,0,4,0,39.9723,-75.1224, , 
71887,828117,2011115263,6,67,67301,2011,10,6,1730,17,1,1,0,4,1, , ,N,2,2,0,3,0,2,2,2,N,N,39 57:07.498,75 12:20.102,1733, ,1731, ,0, , , ,3, , , , , , , , , ,1,0,0,0,1,0,0,0,1,0,1,1,2,0,0,0,0,0,0,0,0,0,0,0,0,0,0,0,0,0,0,0,0,0,0,3,0,39.9521,-75.2056, , 
71888,828118,2011064079,6,67,67301,2011,5,6,2125,21,3,1,0,1,1, , ,N,0,0,0,3,0,0,3,3,N,N,40 00:16.534,75 07:55.470,2125, ,2125, ,0, ,N, ,0, , , , , , , , , ,3,2,0,0,1,0,0,0,0,0,0,0,0,0,0,0,0,0,0,0,0,0,0,0,0,0,0,0,0,0,0,0,0,0,0,0,0,40.0046,-75.1321, , 
71889,828120,2011066868,6,67,67301,2011,6,4,1320,13,1,1,0,7,2, , ,N,0,0,0,3,0,1,2,1,N,N,40 02:54.455,74 59:53.722,1347, ,1328, ,0, ,N, ,0, , , , , , , , , ,1,1,0,0,0,0,0,0,0,0,1,0,1,0,0,0,0,0,0,0,0,0,0,0,0,0,0,0,0,0,0,0,0,0,0,3,0,40.0484,-74.9984, , 
71890,828147,2011075786,6,67,67301,2011,7,6,1200,12,1,1,0,1,1, , ,N,2,0,0,3,0,3,4,2,N,N,40 03:01.375,75 09:52.001,1205, ,1205, ,0, ,N, ,0, , , , , , , , , ,2,2,0,0,0,0,0,0,0,0,0,0,3,3,1,0,0,0,0,0,0,0,0,1,0,0,0,0,0,0,0,0,0,0,0,8,0,40.0504,-75.1644, , 
71891,828158,2011091042,6,67,67301,2011,8,3,1049,10,1,1,0,4,1, , ,N,1,3,0,3,0,1,2,2,N,N,40 02:41.384,75 10:54.117,1110, ,1104, ,0, , , ,2, , , , , , , , , ,1,0,0,0,0,0,1,0,1,0,0,1,1,0,0,0,0,0,0,0,0,0,0,0,0,0,0,0,0,0,0,0,0,0,0,4,0,40.0448,-75.1817, , 
71892,828170,2011054205,6,67,67301,2011,4,5,1641,16,1,1,0,1,1, , ,N,0,0,0,3,0,0,3,2,N,N,39 54:43.210,75 10:21.804,1703, ,1658, ,0, ,N, ,0, , , , , , , , , ,2,1,0,0,0,0,1,0,0,0,0,0,0,0,0,0,0,0,0,0,1,0,0,0,0,0,0,0,0,0,0,0,0,0,0,0,0,39.912,-75.1727, , 
71893,828177,2011118156,6,67,67301,2011,10,4,1826,18,3,1,0,8,1, , ,N,1,2,0,3,0,1,2,2,N,N,40 03:22.944,75 04:29.917,1829, ,1826, ,0, ,N, ,3, , , , , , , , , ,1,1,0,0,0,0,0,0,0,0,0,0,1,1,0,0,0,0,0,0,0,0,0,0,0,0,0,0,0,0,0,0,1,0,0,8,0,40.0564,-75.0751, , 
71894,828186,2011073227,6,67,67301,2011,6,5,730,7,1,1,0,4,1, , ,N,1,2,0,3,0,2,2,2,N,N,40 01:33.789,75 08:50.885,810, ,800, ,0, ,N, ,3, , , , , , , , , ,2,2,0,0,0,0,0,0,0,0,0,2,2,0,0,0,0,0,0,0,1,1,0,0,0,0,0,0,0,0,0,0,0,0,0,4,0,40.0261,-75.1475, , 
71895,828187,2011073314,6,67,67301,2011,6,6,2200,22,3,1,0,8,1, , ,N,0,0,0,3,0,1,2,2,N,N,39 55:24.242,75 09:01.725,2218, ,2210, ,0, ,N, ,0, , , , , , , , , ,1,1,0,0,0,0,0,0,0,0,0,0,1,1,0,0,0,0,0,0,0,0,0,0,0,0,0,0,0,0,0,0,1,0,0,8,0,39.9234,-75.1505, , 
71896,828199,2011082554,6,67,67301,2011,7,3,1313,13,1,1,0,4,1, , ,N,2,2,0,3,0,7,8,3,N,N,40 06:30.571,75 02:28.165,1317, ,1313, ,0, ,N, ,3, , , , , , , , , ,3,1,0,0,0,0,0,2,0,0,2,5,7,0,0,0,0,0,0,0,0,0,0,0,0,0,0,0,0,0,0,0,0,0,0,3,0,40.1085,-75.0412, , 
71897,828205,2011087980,6,67,67301,2011,8,3,1202,12,1,2,1,1,1, , ,N,0,0,0,3,0,1,3,3,N,N,40 07:20.246,75 00:57.510,1218, ,1218, ,0, , , ,0, , , , , , , , , ,3,3,0,0,0,0,0,0,0,0,0,1,1,0,0,0,0,0,0,0,1,0,1,1,0,0,0,0,0,0,0,0,0,0,0,4,0,40.1223,-75.016, , 
71898,828211,2011092949,6,67,67301,2011,8,6,930,9,1,1,0,8,2, , ,N,0,0,0,3,0,1,2,2,N,N,40 02:48.508,75 07:31.368,939, ,936, ,0, ,N, ,0, , , , , , , , , ,1,0,0,0,0,0,0,1,0,0,0,1,1,0,0,0,0,0,1,0,0,0,0,0,0,0,0,0,0,0,0,0,1,0,0,4,0,40.0468,-75.1254, , 
71899,828212,2011093628,6,67,67301,2011,9,3,735,7,1,1,1,1,1, , ,N,0,0,0,3,0,0,3,3,N,N,40 00:41.034,75 03:40.782,754, ,738, ,0, ,N, ,0, , , , , , , , , ,3,2,0,0,0,0,1,0,0,0,0,0,0,0,0,0,0,0,0,0,0,0,0,0,0,0,0,0,0,0,0,0,0,0,0,0,0,40.0115,-75.0612, , 
71900,828217,2011096574,6,67,67301,2011,9,6,725,7,1,1,0,1,1, , ,N,0,0,1,3,0,4,4,3,N,N,39 57:33.070,75 10:20.278,756, ,731,2,1,4,N, ,0,N, , , , , , , , ,3,2,0,0,1,0,0,0,0,0,0,4,4,0,0,0,0,0,0,0,0,0,0,0,0,0,0,0,0,0,0,0,0,0,0,4,0,39.9592,-75.1723, , 
71901,828231,2011066183,6,67,67301,2011,5,3,1217,12,1,1,0,4,1, , ,N,1,2,0,3,0,2,3,2,N,N,40 04:50.725,75 01:42.964,1223, ,1220,1,2,1,N, ,3,N, , , , , , , , ,2,1,0,0,0,0,1,0,0,0,2,0,2,0,0,0,0,1,0,0,0,0,1,0,0,0,0,0,0,0,0,0,0,0,0,3,0,40.0808,-75.0286, , 
71902,828263,2011099278,6,67,67301,2011,9,4,856,8,1,1,0,1,1, , ,N,0,0,0,3,0,0,3,3,N,N,39 56:47.230,75 08:31.712,905, ,900, ,0, ,N, ,0, , , , , , , , , ,3,3,0,0,0,0,0,0,0,0,0,0,0,0,0,0,0,0,0,0,0,0,0,0,0,0,0,0,0,0,0,0,0,0,0,0,0,39.9463,-75.1422, , 
71903,828266,2011100886,6,67,67301,2011,9,1,109,1,3,1,0,2,1, , ,N,10,2,0,3,0,0,1,4,N,N,40 02:06.162,75 07:54.659,115, ,109, ,0, ,N, ,3, , , , , , , , , ,4,4,0,0,0,0,0,0,0,0,0,0,0,0,0,0,0,0,0,0,0,0,0,0,0,0,0,0,0,0,0,0,0,0,0,0,0,40.035,-75.1318, , 
71904,828269,2011104104,6,67,67301,2011,10,1,2059,20,3,1,0,1,1, , ,N,0,0,0,3,0,1,4,4,N,N,39 58:41.054,75 12:07.463,2120, ,2103, ,0, ,N, ,0, , , , , , , , , ,4,4,0,0,0,0,0,0,0,0,1,0,1,0,0,0,0,0,0,0,1,0,0,0,0,0,0,0,0,0,0,0,0,0,0,3,0,39.9781,-75.2021, , 
71905,825503,2011100760,6,67,67301,2011,9,7,1100,11,1,1,0,8,1, , ,N,0,0,0,3,0,1,2,2,N,N,40 02:51.920,75 03:35.772,1108, ,1105, ,0, ,N, ,0, , , , , , , , , ,1,1,0,0,0,0,0,0,0,0,0,1,1,0,0,0,0,0,0,0,0,0,0,0,0,0,0,0,0,0,0,0,1,0,0,4,0,40.0478,-75.0599, , 
71906,825532,2011099280,6,67,67301,2011,9,3,2324,23,3,1,0,7,2, , ,N,0,0,0,3,0,0,1,1,N,N,39 55:01.658,75 08:51.045,2344, ,2326, ,0, ,N, ,0, , , , , , , , , ,1,1,0,0,0,0,0,0,0,0,0,0,0,0,0,0,0,0,0,0,0,0,0,0,0,0,0,0,0,0,0,0,0,0,0,0,0,39.917,-75.1475, , 
71907,825537,2011100770,6,67,67301,2011,9,7,100,1,3,1,0,8,1, , ,N,1,2,0,3,0,1,2,2,N,N,39 57:27.036,75 13:02.383,423, ,421, ,0, ,N, ,3, , , , , , , , , ,1,0,0,0,0,0,1,0,0,0,0,0,1,1,0,0,0,0,0,0,0,0,0,1,0,0,0,0,0,0,0,0,1,0,0,8,0,39.9575,-75.2173, , 
71908,825566,2011038015,6,67,67301,2011,3,7,9999,99,1,1,0,4,1, , ,N,2,3,0,3,0,1,2,2,N, ,40 04:02.157,75 08:48.213,1710, ,1705, ,0, ,N, ,3, , , , , , , , , ,2,1,1,0,0,0,0,0,0,0,0,0,1,1,0,0,0,0,0,0,1,0,0,0,0,0,0,0,0,0,0,0,0,0,0,8,0,40.0673,-75.1467, , 
71909,825567,2011040377,6,67,67301,2011,3,1,2138,21,3,1,0,6,1, , ,N,0,0,3,3,0,4,7,2,N,N,40 01:13.736,75 09:14.775,2142, ,2140,1,2,4,N, ,0,N, , , , , , , , ,2,1,0,0,0,0,1,0,0,0,3,1,4,0,0,0,0,0,0,0,0,0,0,0,0,0,0,0,0,0,0,0,0,0,0,3,0,40.0205,-75.1541, , 
71910,825585,2011082422,6,67,67301,2011,7,2,1753,17,2,1,0,4,1, , ,N,1,2,0,3,0,0,3,2,N,N,40 01:39.188,75 08:49.702,1755, ,1753, ,0, ,N, ,3, , , , , , , , , ,2,1,0,0,0,0,0,1,0,0,0,0,0,0,0,0,0,0,0,0,0,0,0,0,0,0,0,0,0,0,0,0,0,0,0,0,0,40.0276,-75.1471, , 
71911,825610,2011073241,6,67,67301,2011,6,6,649,6,1,1,0,2,1, , ,N,0,0,0,3,0,2,3,2,N,N,40 04:06.342,75 01:00.042,656, ,655,2,2,5,N, ,0,Y, , , , , , , , ,2,2,0,0,0,0,0,0,0,0,0,1,2,1,0,0,0,0,0,0,0,0,0,0,0,0,0,0,0,0,0,0,0,0,0,4,0,40.0684,-75.0167, , 
71912,825622,2011088019,6,67,67301,2011,8,7,1350,13,1,1,0,2,1, , ,N,1,2,0,3,0,3,6,2,N,N,40 01:26.988,75 07:59.257,1415, ,1400,1,1,2,N, ,3,N, , , , , , , , ,2,2,0,0,0,0,0,0,0,0,0,0,3,3,0,0,0,0,0,0,0,0,0,0,0,0,0,0,0,0,0,0,0,0,0,8,0,40.0242,-75.133, , 
71913,825629,2011092930,6,67,67301,2011,8,5,4,0,3,1,0,8,9, , ,N,2,0,0,3,0,1,2,2,N,N,40 00:49.044,75 09:31.340,6, ,0, ,0, , , ,0, , , , , , , , , ,1,0,0,0,0,0,0,0,0,0,0,0,1,1,1,0,0,0,0,0,0,0,0,0,0,0,0,0,0,0,0,0,1,0,0,8,0,40.0136,-75.1587, , 
71914,825636,2011101477,6,67,67301,2011,9,5,1749,17,1,1,0,0,1, , ,N,0,0,0,3,0,0,1,1,N,N,39 58:08.659,75 07:38.012,1800, ,1751,1,2,1,N, ,0,N, , , , , , , , ,1,1,0,0,0,0,0,0,0,0,0,0,0,0,0,0,0,0,0,0,1,0,0,0,0,0,0,0,0,0,0,0,0,0,0,0,0,39.969,-75.1273, , 
71915,825647,2011108914,6,67,67301,2011,9,3,1325,13,1,1,0,1,6, , ,N,0,0,0,3,0,2,3,3,N,N,39 59:27.790,75 10:36.390,1332, ,1330, ,0, ,N, ,0, , , , , , , , , ,2,0,0,0,1,0,0,0,0,0,0,2,2,0,0,0,0,0,0,0,0,0,0,0,0,0,0,0,0,0,0,0,1,0,0,4,0,39.9911,-75.1768, , 
71916,825675,2011076037,6,67,67301,2011,6,7,1815,18,1,1,0,4,1, , ,N,2,3,0,3,0,1,2,2,N,N,39 56:58.911,75 13:37.250,1816, ,1816, ,0, ,N, ,2, , , , , , , , , ,2,1,0,0,0,0,0,0,0,0,0,1,1,0,0,0,0,0,0,0,0,0,0,0,0,0,0,0,0,0,0,0,0,0,0,4,0,39.9497,-75.227, , 
71917,825679,2011082431,6,67,67301,2011,7,7,935,9,1,1,0,4,1, , ,N,2,2,0,3,0,1,4,2,N,N,39 58:49.315,75 10:15.272,947, ,940,9,1,4,N, ,3,N, , , , , , , , ,2,2,0,0,0,0,0,0,0,0,0,1,1,0,0,0,0,0,0,0,0,0,1,0,0,0,0,0,0,0,0,0,0,0,0,4,0,39.9804,-75.1709, , 
71918,825692,2011100749,6,67,67301,2011,9,6,36,0,3,1,1,7,5, , ,N,2,2,99,3,0,0,3,1,N,N,39 58:36.781,75 13:33.793,40, ,38, ,0, ,N, ,3, , , , , , , , , ,1,1,0,0,0,0,0,0,0,0,0,0,0,0,0,0,0,0,0,0,0,0,0,0,0,0,0,0,0,0,0,0,0,0,0,0,0,39.9769,-75.2261, , 
71919,825696,2011106093,6,67,67301,2011,9,4,1240,12,1,1,0,4,1, , ,N,1,2,0,3,0,0,4,2,N,N,39 57:28.508,75 09:50.910,1254, ,1246, ,0, ,N, ,3, , , , , , , , , ,2,2,0,0,0,0,0,0,0,0,0,0,0,0,0,0,0,0,0,0,1,0,0,1,0,0,0,0,0,0,0,0,0,0,0,0,0,39.9579,-75.1641, , 
71920,825719,2011079071,6,67,67301,2011,5,7,240,2,3,1,0,4,1, , ,N,0,0,0,3,0,2,3,2,N,N,40 01:53.338,75 01:17.602,246, ,242, ,0, ,Y, ,0, , , , , , , , , ,2,1,0,0,0,0,0,0,0,0,0,2,2,0,1,0,0,0,0,0,0,0,0,0,0,0,0,0,0,0,0,0,0,0,0,4,0,40.0316,-75.0215, , 
71921,825741,2011098159,6,67,67301,2011,9,5,1047,10,1,1,0,8,1, , ,N,1,2,0,3,0,1,2,2,N,N,40 02:17.754,75 06:05.767,1051, ,1048, ,0, ,N, ,3, , , , , , , , , ,1,1,0,0,0,0,0,0,0,0,0,1,1,0,0,0,0,0,0,0,0,0,0,0,0,0,0,0,0,0,0,0,1,0,0,4,0,40.0383,-75.1016, , 
71922,825745,2011099145,6,67,67301,2011,9,6,2323,23,3,2,1,7,2, , ,N,0,0,0,3,0,1,1,1,N,N,39 55:09.245,75 08:53.145,2326, ,2326,1,1,2,N, ,0,N, , , , , , , , ,1,1,0,0,0,0,0,0,0,0,0,1,1,0,0,0,0,0,0,0,0,0,0,0,0,0,0,0,0,0,0,0,0,0,0,4,0,39.9197,-75.1482, , 
71923,825752,2011114361,6,67,67301,2011,10,1,57,0,3,1,1,1,1, , ,N,0,0,0,3,0,2,5,3,N,N,39 58:04.278,75 11:24.518,105, ,59,1,1,3,N, ,0,N, , , , , , , , ,3,3,0,0,0,0,0,0,0,0,1,1,2,0,1,0,0,0,0,0,0,0,0,1,0,0,0,0,0,0,0,0,0,0,0,3,0,39.9679,-75.1901, , 
71924,818701,2011093008,6,67,67301,2011,8,7,1332,13,1,1,0,1,1, , ,N,1,0,0,3,0,2,3,2,N,N,40 03:36.165,75 10:12.032,1337, ,1334, ,0, ,N, ,0, , , , , , , , , ,2,0,0,0,0,0,2,0,0,0,0,2,2,0,0,0,0,0,0,0,0,0,0,0,0,0,0,0,0,0,0,0,0,0,0,4,0,40.06,-75.17, , 
71925,818705,2011095478,6,67,67301,2011,8,3,1743,17,1,1,0,1,1, , ,N,0,0,0,3,0,1,2,2,N,N,40 00:43.686,75 03:32.408,1745, ,1745,9,1,2,N, ,0,N, , , , , , , , ,2,0,1,0,0,0,1,0,0,0,1,0,1,0,0,0,0,0,0,0,1,0,0,0,0,0,0,0,0,0,0,0,0,0,0,3,0,40.0121,-75.059, , 
71926,818739,2011068413,6,67,67301,2011,6,6,1040,10,1,1,0,4,1, , ,N,1,3,0,3,0,2,2,2, , ,39 58:47.978,75 14:52.101,1045, ,1045, ,0, , , ,3, , , , , , , , , ,2,1,0,0,1,0,0,0,0,0,0,0,2,2,0,0,0,0,0,0,0,0,1,0,0,0,0,0,0,0,0,0,0,0,0,8,0,39.98,-75.2478, , 
71927,818793,2011089863,6,67,67301,2011,8,4,1829,18,1,1,0,7,3, , ,N,0,0,0,3,0,0,2,2,N,N,40 02:08.669,75 01:02.186,1835, ,1833,2,1,2,N, ,0,N, , , , , , , , ,2,1,0,0,1,0,0,0,0,0,0,0,0,0,0,0,0,0,0,1,0,0,0,0,0,0,0,0,0,0,0,0,0,0,0,0,0,40.0358,-75.0172, , 
71928,818811,2011112207,6,67,67301,2011,9,5,1702,17,1,1,0,8,1, , ,N,1,3,0,3,0,1,2,2,N,N,39 58:44.101,75 08:07.846,1720, ,1716, ,0, ,N, ,3, , , , , , , , , ,1,1,0,0,0,0,0,0,0,0,1,0,1,0,1,0,0,0,0,0,0,0,0,0,0,0,0,0,0,0,0,0,1,0,0,3,0,39.9789,-75.1355, , 
71929,818816,2011115306,6,67,67301,2011,10,7,645,6,1,1,0,7,2, , ,N,0,0,0,3,0,1,1,1,N,N,40 05:45.770,74 59:27.140,704, ,659,9,2,5,N, ,0,N, , , , , , , , ,1,1,0,0,0,0,0,0,0,0,0,1,1,0,0,0,0,0,0,0,0,0,0,0,0,0,0,0,0,0,0,0,0,0,0,4,0,40.096,-74.9909, , 
71930,818841,2011090465,6,67,67301,2011,8,7,1113,11,1,1,0,6,1, , ,N,1,2,0,3,0,3,3,2,N,N,39 57:34.444,75 11:49.297,1255, ,1253, ,0, , , ,3, , , , , , , , , ,2,2,0,0,0,0,0,0,0,0,0,3,3,0,0,0,0,0,0,0,0,0,0,0,0,0,0,0,0,0,0,0,0,0,0,4,0,39.9596,-75.197, , 
71931,818894,2011068409,6,67,67301,2011,6,4,1305,13,1,1,0,1,1, , ,N,1,2,0,3,0,1,3,3,N,N,40 06:00.676,75 01:18.249,1313, ,1306, ,0, ,N, ,3, , , , , , , , , ,3,0,0,0,0,0,2,1,0,0,0,0,1,1,0,0,0,0,0,0,1,0,0,0,0,0,0,0,0,0,0,0,0,0,0,8,0,40.1002,-75.0217, , 
71932,818905,2011075743,6,67,67301,2011,6,5,2043,20,3,1,0,1,1, , ,N,0,0,0,3,0,0,5,2, , ,39 58:17.050,75 09:02.379,2103, ,2102, ,0, , , ,0, , , , , , , , , ,2,2,0,0,0,0,0,0,0,0,0,0,0,0,1,0,0,0,0,0,1,0,0,1,0,0,0,0,0,0,0,0,0,0,0,9,0,39.9714,-75.1507, , 
71933,818906,2011076283,6,67,67301,2011,7,3,1815,18,1,1,0,5,1, , ,N,0,0,0,3,0,1,2,2, , ,39 56:58.866,75 09:25.567,1615, ,1615, ,0, , , ,0, , , , , , , , , ,2,2,0,0,0,0,0,0,0,0,0,1,1,0,0,0,0,0,1,0,0,0,0,0,0,0,0,0,0,0,0,0,0,0,0,4,0,39.9497,-75.1571, , 
71934,818921,2011056796,6,67,67301,2011,4,6,2248,22,3,1,0,4,1, , ,N,1,2,0,3,0,3,5,2,N,N,40 01:26.933,75 07:49.340,2257, ,2253,2,2,1,N, ,3,N, , , , , , , , ,2,2,0,0,0,0,0,0,0,0,0,3,3,0,0,0,0,0,1,0,0,0,0,0,0,0,0,0,0,0,0,0,0,0,0,4,0,40.0243,-75.1304, , 
71935,818927,2012018286,6,67,67301,2011,3,1,1955,19,6,1,1,4,1, , ,N,2,0,0,3,0,1,2,2,N,N,40 05:03.087,75 04:30.032,0, ,0, ,0, ,N, ,0, , , , , , , , , ,2,1,0,0,1,0,0,0,0,0,0,0,1,1,1,0,0,0,0,0,0,0,0,0,0,0,0,0,0,0,0,0,0,0,0,8,0,40.0842,-75.075, , 
71936,818928,2012023452,6,67,67301,2011,8,2,1108,11,1,1,0,4,1, , ,N,1,9,0,3,0,1,2,2,N,N,40 02:48.623,75 03:07.389,0, ,0, ,0, ,N, ,0, , , , , , , , , ,2,2,0,0,0,0,0,0,0,0,0,0,1,1,1,0,0,0,0,0,0,0,0,0,0,0,0,0,0,0,0,0,0,0,0,8,0,40.0468,-75.0521, , 