objectid_1,objectid,crn,district,county,municipality,crash_year,crash_month,day_of_week,time_of_day,hour_of_day,illumination,weather,road_condition,collision_type,relation_to_road,work_zone_type,work_zone_loc,work_zone_ind,intersect_type,tcd_type,location_type,urban_rural,fatal_count,injury_count,person_count,total_units,sch_bus_ind,sch_zone_ind,latitude,longitude,arrival_tm,cons_zone_spd_lim,dispatch_tm,est_hrs_closed,lane_closed,ln_close_dir,ntfy_hiwy_maint,spec_juris_cd,tcd_func_cd,tfc_detour_ind,workers_pres,wz_close_detour,wz_flagger,wz_law_offcr_ind,wz_ln_closure,wz_moving,wz_other,wz_shlder_mdn,vehicle_count,automobile_count,motorcycle_count,bus_count,small_truck_count,heavy_truck_count,suv_count,van_count,bicycle_count,maj_inj_count,mod_inj_count,min_inj_count,tot_inj_count,unk_inj_deg_count,unk_inj_per_count,driver_count_16yr,driver_count_17yr,driver_count_18yr,driver_count_19yr,driver_count_20yr,driver_count_50_64yr,driver_count_65_74yr,driver_count_75plus,unbelted_occ_count,unb_death_count,unb_maj_inj_count,belted_death_count,belted_maj_inj_count,mcycle_death_count,mcycle_maj_inj_count,bicycle_death_count,bicycle_maj_inj_count,ped_count,ped_death_count,ped_maj_inj_count,max_severity_level,comm_veh_count,dec_lat,dec_long,rdwy_surf_type_cd,county_name
72274,806144,2011047053,6,67,67301,2011,4,4,1755,17,1,1,0,1,1, , ,N,0,0,0,3,0,0,4,4,N,N,40 03:01.581,75 10:24.496,1805, ,800, ,0, ,N, ,0, , , , , , , , , ,4,4,0,0,0,0,0,0,0,0,0,0,0,0,0,0,0,0,0,0,2,0,0,0,0,0,0,0,0,0,0,0,0,0,0,0,0,40.0504,-75.1735, , 
72275,806160,2011087915,6,67,67301,2011,7,3,1612,16,1,1,0,5,1, , ,N,0,0,0,3,0,1,2,2,N,N,39 58:06.160,75 14:29.745,1625, ,1623, ,0, ,N, ,0, , , , , , , , , ,1,0,0,0,1,0,0,0,1,0,0,1,1,0,0,0,0,0,0,0,0,0,0,0,0,0,0,0,0,0,0,0,0,0,0,4,0,39.9684,-75.2416, , 
72276,806165,2011093090,6,67,67301,2011,8,6,1424,14,1,1,0,4,1, , ,N,1,2,0,3,0,2,4,2,N, ,40 03:52.885,74 58:56.121,1430, ,1426,2,1,4, , ,3,Y, , , , , , , , ,2,1,0,0,0,0,1,0,0,0,0,2,2,0,0,0,0,0,0,0,0,0,0,0,0,0,0,0,0,0,0,0,0,0,0,4,0,40.0647,-74.9823, , 
72277,806168,2011098075,6,67,67301,2011,9,2,1713,17,1,1,0,4,1, , ,N,1,2,0,3,0,5,5,4,N,N,39 59:20.627,75 05:22.626,1713, ,1745,2,2,5,N, ,3,Y, , , , , , , , ,4,4,0,0,0,0,0,0,0,0,1,4,5,0,0,0,1,0,0,0,0,0,0,0,0,0,0,0,0,0,0,0,0,0,0,3,0,39.9891,-75.0896, , 
72278,806197,2011134720,6,67,67301,2011,12,5,136,1,3,1,0,4,1, , ,N,1,2,0,3,0,2,3,2,N,N,40 00:30.590,75 05:01.650,137, ,137, ,0, ,N, ,2, , , , , , , , , ,2,1,0,0,0,0,1,0,0,0,0,0,2,2,0,0,0,0,0,0,2,0,0,1,0,0,0,0,0,0,0,0,0,0,0,8,0,40.0085,-75.0838, , 
72279,806226,2011091034,6,67,67301,2011,8,6,1350,13,1,1,0,4,1, , ,N,0,0,7,3,0,1,4,3,N,N,39 59:28.637,75 06:04.128,1405, ,1359, ,0, ,N, ,0, , , , , , , , , ,3,2,0,0,1,0,0,0,0,0,0,1,1,0,0,0,0,0,0,0,0,0,0,0,0,0,0,0,0,0,0,0,0,0,0,4,0,39.9913,-75.1011, , 
72280,806259,2011015894,6,67,67301,2011,1,3,1315,13,1,1,0,5,1, , ,N,0,2,0,3,0,2,3,2,N,N,39 57:46.632,75 10:43.399,1350, ,1336, ,0, ,N, ,3, , , , , , , , , ,2,1,0,0,0,0,1,0,0,0,0,2,2,0,0,0,0,0,0,0,1,0,0,0,0,0,0,0,0,0,0,0,0,0,0,4,0,39.963,-75.1787, , 
72281,806292,2011054142,6,67,67301,2011,4,4,747,7,1,2,1,4,1, , ,N,1,3,0,3,0,2,5,2,N,N,39 57:16.045,75 12:53.647,800, ,756, ,0, ,N, ,3, , , , , , , , , ,2,0,0,0,0,0,2,0,0,0,0,2,2,0,0,0,0,0,0,0,0,0,1,0,0,0,0,0,0,0,0,0,0,0,0,4,0,39.9545,-75.2149, , 
72282,806315,2011033492,6,67,67301,2011,2,7,45,0,3,1,0,7,5, , ,N,1,2,0,3,0,0,3,1,N,N,39 55:56.906,75 13:28.606,45, ,45, ,0, ,N, ,3, , , , , , , , , ,1,1,0,0,0,0,0,0,0,0,0,0,0,0,0,0,0,0,0,1,0,0,0,0,0,0,0,0,0,0,0,0,0,0,0,0,0,39.9325,-75.2246, , 
72283,806317,2011034077,6,67,67301,2011,3,6,2234,22,3,1,0,7,3, , ,N,0,0,0,3,0,2,2,1,N,N,40 04:30.328,75 02:01.947,2244, ,2237,2,2,1,N, ,0,Y, , , , , , , , ,1,1,0,0,0,0,0,0,0,0,0,2,2,0,0,0,0,0,0,0,0,0,0,2,0,0,0,0,0,0,0,0,0,0,0,4,0,40.0751,-75.0339, , 
72284,806327,2011044593,6,67,67301,2011,4,6,2008,20,3,1,0,7,7, , ,N,7,8,2,3,0,0,1,1,N,N,40 01:13.494,75 09:15.812,2020, ,2016,1,2,3,Y, ,3,N, , , , , , , , ,1,0,0,0,0,0,1,0,0,0,0,0,0,0,0,0,0,0,0,0,0,0,0,0,0,0,0,0,0,0,0,0,0,0,0,0,0,40.0204,-75.1544, , 
72285,806339,2011053484,6,67,67301,2011,5,2,2130,21,4,1,0,6,1, , ,N,2,3,0,3,0,1,2,2,N, ,39 59:34.558,75 06:49.813,2335, ,2330, ,0, , , ,3, , , , , , , , , ,1,0,0,0,0,0,0,0,1,0,0,1,1,0,1,0,0,0,0,0,0,0,0,0,0,0,0,0,0,0,0,0,0,0,0,4,0,39.9929,-75.1138, , 
72286,809857,2011108877,6,67,67301,2011,9,4,1515,15,1,1,0,6,1, , ,N,5,3,0,3,0,1,4,4,N,N,40 01:00.293,75 05:01.121,9999, ,9999, ,0, ,N, ,3, , , , , , , , , ,4,2,0,0,0,0,0,2,0,0,0,1,1,0,0,0,0,0,0,0,1,0,0,2,0,0,0,0,0,0,0,0,0,0,0,4,0,40.0167,-75.0836, , 
72287,809861,2011056958,6,67,67301,2011,4,7,2159,21,3,1,0,5,1, , ,N,0,0,0,3,0,1,1,4,N, ,40 01:56.355,75 07:09.865,2202, ,2200, ,0, ,N, ,0, , , , , , , , , ,4,4,0,0,0,0,0,0,0,0,0,1,1,0,0,0,0,0,0,0,1,0,0,0,0,0,0,0,0,0,0,0,0,0,0,4,0,40.0323,-75.1194, , 
72288,809882,2011031436,6,67,67301,2011,2,5,9999,99,3,1,0,4,1, , ,N,2,3,0,3,0,1,2,2,N,N,40 04:55.633,74 58:32.226,2148, ,2145,1,1,2,N, ,3,Y, , , , , , , , ,2,2,0,0,0,0,0,0,0,0,0,1,1,0,0,0,0,0,1,0,0,0,0,0,0,0,0,0,0,0,0,0,0,0,0,4,0,40.0821,-74.9755, , 
72289,809883,2011031465,6,67,67301,2011,2,6,9999,99,1,1,0,4,1, , ,N,0,0,7,3,0,1,2,2,N,N,40 01:03.966,75 11:13.651,9999, ,9999, ,0, ,N, ,0, , , , , , , , , ,2,1,0,0,0,0,1,0,0,0,0,0,1,1,0,0,0,0,0,0,1,0,0,0,0,0,0,0,0,0,0,0,0,0,0,8,0,40.0178,-75.1871, , 
72290,809915,2011054052,6,67,67301,2011,4,5,1640,16,1,1,0,1,1, , ,N,0,0,0,3,0,1,6,4,N,N,40 06:17.989,75 01:57.248,1640, ,1640,1,1,3,N, ,0,N, , , , , , , , ,4,3,0,0,0,0,1,0,0,0,0,1,1,0,1,0,0,0,1,0,0,0,0,0,0,0,0,0,0,0,0,0,0,0,0,4,0,40.105,-75.0326, , 
72291,809916,2011056853,6,67,67301,2011,5,2,220,2,3,1,0,2,1, , ,N,0,0,0,3,0,1,2,2, , ,39 57:19.659,75 10:49.184,235, ,230, ,0, , , ,0, , , , , , , , , ,2,1,0,0,0,0,0,1,0,1,0,0,1,0,1,0,0,0,0,0,1,0,0,0,0,0,0,1,0,0,0,0,0,0,0,2,0,39.9555,-75.1803, , 
72292,809927,2011068352,6,67,67301,2011,6,2,9999,99,1,1,0,2,1, , ,N,1,2,0,3,0,1,2,2,N,N,40 06:03.898,74 58:27.803,9999, ,1856, ,0, ,N, ,3, , , , , , , , , ,2,2,0,0,0,0,0,0,0,0,1,0,1,0,0,0,0,0,0,0,1,1,0,1,0,0,0,0,0,0,0,0,0,0,0,3,0,40.1011,-74.9744, , 
72293,809933,2011075034,6,67,67301,2011,7,3,1841,18,1,1,0,1,1, , ,N,0,0,3,3,0,0,11,4,N,N,39 54:20.820,75 07:56.040,1849, ,1846, ,0, ,N, ,0, , , , , , , , , ,4,2,0,0,0,0,2,0,0,0,0,0,0,0,0,0,0,0,1,1,0,0,0,0,0,0,0,0,0,0,0,0,0,0,0,0,0,39.9058,-75.1322, , 
72294,809939,2011085545,6,67,67301,2011,7,1,239,2,3,1,0,5,1, , ,N,0,0,0,3,0,1,2,5,N,N,40 01:50.930,75 07:08.560,245, ,240, ,0, ,N, ,0, , , , , , , , , ,5,3,0,0,0,0,2,0,0,0,0,1,1,0,0,0,0,0,0,0,0,0,0,0,0,0,0,0,0,0,0,0,0,0,0,4,0,40.0308,-75.119, , 
72295,809961,2011010003,6,67,67301,2011,1,3,2305,23,3,1,0,5,1, , ,N,2,0,0,3,0,1,1,3,N,N,40 02:37.503,75 08:39.976,2305, ,2305,9,1,1,N, ,0,N, , , , , , , , ,3,1,0,0,1,0,1,0,0,0,0,0,1,1,0,0,0,0,0,0,0,0,0,0,0,0,0,0,0,0,0,0,0,0,0,8,0,40.0438,-75.1444, , 
72296,809974,2011023890,6,67,67301,2011,2,1,554,5,3,1,0,7,2, , ,N,0,0,0,3,0,1,1,1,N,N,39 53:32.357,75 14:09.594,607, ,555,1,1,2,Y, ,0,N, , , , , , , , ,1,1,0,0,0,0,0,0,0,0,0,1,1,0,0,0,0,0,0,0,0,0,0,0,0,0,0,0,0,0,0,0,0,0,0,4,0,39.8923,-75.236, , 
72297,809978,2011029177,6,67,67301,2011,1,1,9999,99,3,1,0,5,6, , ,N,0,0,0,3,0,0,1,2,N,N,40 02:31.109,75 01:35.630,2303, ,2252, ,0, ,N, ,0, , , , , , , , , ,2,1,0,0,0,0,0,0,0,0,0,0,0,0,1,0,0,0,0,0,0,0,0,0,0,0,0,0,0,0,0,0,0,0,0,9,0,40.042,-75.0266, , 
72298,810019,2011075576,6,67,67301,2011,6,2,1750,17,1,1,0,4,1, , ,N,0,0,0,3,0,1,2,2,N,N,39 57:59.400,75 12:03.682,1805, ,1810, ,0, ,N, ,0, , , , , , , , , ,1,1,0,0,0,0,0,0,1,0,0,0,1,1,0,0,0,0,0,0,1,0,0,1,0,0,0,0,0,0,0,0,0,0,0,8,0,39.9665,-75.201, , 
72299,810032,2011087827,6,67,67301,2011,8,5,2315,23,3,1,1,7,4, , ,N,0,0,3,3,0,0,1,1,N,N,39 53:51.434,75 12:42.717,0, ,1200, ,0, ,N, ,0, , , , , , , , , ,1,1,0,0,0,0,0,0,0,0,0,0,0,0,1,0,0,0,0,0,1,0,0,0,0,0,0,0,0,0,0,0,0,0,0,9,0,39.8976,-75.2119, , 
72300,810064,2011061830,6,67,67301,2011,5,3,1810,18,1,1,0,8,1, , ,N,1,3,0,3,0,1,3,2,N,N,40 02:08.361,75 02:09.956,1845, ,1830, ,0, ,N, ,3, , , , , , , , , ,1,0,0,0,1,0,0,0,0,0,0,1,1,0,0,0,0,0,0,0,0,0,0,0,0,0,0,0,0,0,0,0,1,0,0,4,0,40.0357,-75.0361, , 
72301,810098,2011100686,6,67,67301,2011,9,7,1740,17,1,1,0,1,1, , ,N,0,2,0,3,0,4,6,2,N,N,40 02:33.196,75 01:29.854,1747, ,1745, ,0, ,N, ,3, , , , , , , , , ,2,1,0,0,0,0,1,0,0,0,0,0,4,4,0,0,0,0,0,0,0,0,0,0,0,0,0,0,0,0,0,0,0,0,0,8,0,40.0426,-75.025, , 
72302,810143,2011106088,6,67,67301,2011,9,7,1350,13,1,1,0,8,1, , ,N,1,2,0,3,0,1,2,2,N,N,39 57:00.681,75 09:30.817,1359, ,1356, ,0, , , ,3, , , , , , , , , ,1,1,0,0,0,0,0,0,0,0,0,1,1,0,0,0,0,0,0,0,0,0,0,0,0,0,0,0,0,0,0,0,1,0,0,4,0,39.9502,-75.1586, , 
72303,810144,2011106194,6,67,67301,2011,9,4,1300,13,1,1,1,4,1, , ,N,0,0,7,3,0,3,4,2,N,Y,39 59:01.472,75 09:39.359,1500, ,1500, ,0, ,N, ,0, , , , , , , , , ,2,1,0,0,0,0,0,1,0,0,0,3,3,0,1,0,0,0,0,0,0,0,0,1,0,0,0,0,0,0,0,0,0,0,0,4,0,39.9837,-75.1609, , 
72304,813209,2011115336,6,67,67301,2011,11,2,1455,14,1,2,1,4,1, , ,N,2,3,0,3,0,3,4,2,N,N,40 04:38.359,74 59:21.282,1500, ,1500,9,1,4, , ,3,N, , , , , , , , ,2,1,0,0,0,0,1,0,0,0,0,0,3,3,0,0,0,0,0,0,0,0,1,0,0,0,0,0,0,0,0,0,0,0,0,8,0,40.0773,-74.9892, , 
72305,813230,2011132805,6,67,67301,2011,11,1,1130,11,1,1,0,4,1, , ,N,5,2,0,3,0,3,9,2,N,N,40 04:26.865,75 09:30.131,1149, ,1134, ,0, ,N, ,3, , , , , , , , , ,2,1,0,0,0,0,1,0,0,0,0,3,3,0,0,0,0,0,0,0,0,0,0,0,0,0,0,0,0,0,0,0,0,0,0,4,0,40.0741,-75.1584, , 
72306,813236,2011053006,6,67,67301,2011,5,4,2229,22,3,1,0,7,4, , ,N,0,0,0,3,0,0,1,1,N,N,40 02:53.437,74 59:57.739,2252, ,2237, ,0, ,Y, ,0, , , , , , , , , ,1,1,0,0,0,0,0,0,0,0,0,0,0,0,1,0,0,0,0,0,0,0,0,0,0,0,0,0,0,0,0,0,0,0,0,9,0,40.0482,-74.9994, , 
72307,813247,2011031404,6,67,67301,2011,2,6,945,9,1,1,0,4,1, , ,N,1,2,0,3,0,0,2,2,N,N,39 55:33.920,75 14:32.499,1015, ,945, ,0, ,N, ,3, , , , , , , , , ,2,1,0,0,0,0,0,1,0,0,0,0,0,0,0,0,0,0,0,0,0,0,0,0,0,0,0,0,0,0,0,0,0,0,0,0,0,39.9261,-75.2424, , 
72308,813250,2011037713,6,67,67301,2011,4,1,458,4,3,1,0,5,1, , ,N,0,0,0,3,0,0,1,2,N,N,40 01:31.377,75 01:44.074,510, ,500, ,0, ,N, ,0, , , , , , , , , ,2,1,0,0,0,0,0,0,0,0,0,0,0,0,0,0,0,0,0,1,0,0,0,0,0,0,0,0,0,0,0,0,0,0,0,0,0,40.0255,-75.0288, , 
72309,813254,2011040390,6,67,67301,2011,3,5,2015,20,3,1,0,1,1, , ,N,1,2,0,3,0,2,4,2,N,N,39 56:25.916,75 13:08.067,2040, ,2029, ,0, ,N, ,3, , , , , , , , , ,2,2,0,0,0,0,0,0,0,0,0,2,2,0,0,0,0,0,0,0,0,1,0,0,0,0,0,0,0,0,0,0,0,0,0,4,0,39.9405,-75.2189, , 
72310,813285,2011082918,6,67,67301,2011,8,1,1335,13,1,2,1,7,3, , ,N,0,0,0,3,0,0,2,1,N,N,40 02:34.911,75 00:12.044,1354, ,1344,1,1,2,Y, ,0,N, , , , , , , , ,1,0,0,0,0,0,1,0,0,0,0,0,0,0,0,0,0,0,0,0,0,0,0,0,0,0,0,0,0,0,0,0,0,0,0,0,0,40.0431,-75.0033, , 
72311,813294,2011073296,6,67,67301,2011,6,3,135,1,3,1,0,6,5, , ,N,0,0,0,3,0,1,1,2, , ,40 03:34.187,75 02:37.877,140, ,138, ,0, ,N, ,0, , , , , , , , , ,2,1,0,0,1,0,0,0,0,0,0,1,1,0,0,0,0,0,0,0,0,0,0,0,0,0,0,0,0,0,0,0,0,0,0,4,0,40.0595,-75.0439, , 
72312,813307,2011085525,6,67,67301,2011,7,1,1506,15,1,2,1,7,4, , ,N,1,2,0,3,0,1,1,1,N,N,40 02:14.460,75 11:27.412,1530, ,1525, ,0, , , ,3, , , , , , , , , ,1,0,0,0,0,0,0,1,0,0,0,0,1,1,0,0,0,0,0,0,0,0,0,0,0,0,0,0,0,0,0,0,0,0,0,8,0,40.0374,-75.1909, , 
72313,813316,2011093080,6,67,67301,2011,8,6,1858,18,3,2,1,8,1, , ,N,2,3,0,3,0,1,2,2,N,N,40 03:15.050,75 10:44.337,1935, ,1922, ,0, ,N, ,3, , , , , , , , , ,1,0,0,0,0,0,1,0,0,0,0,0,1,1,0,0,0,0,0,0,0,0,0,0,0,0,0,0,0,0,0,0,1,0,0,8,0,40.0542,-75.179, , 
72314,813335,2011064728,6,67,67301,2011,6,1,111,1,3,2,7,7,2, , ,N,0,0,0,3,0,0,1,1,N,N,39 58:23.999,75 07:12.713,111, ,111,1,2,1,N, ,0,N, , , , , , , , ,1,0,0,0,1,0,0,0,0,0,0,0,0,0,0,0,0,0,0,0,0,0,0,0,0,0,0,0,0,0,0,0,0,0,0,0,0,39.9733,-75.1203, , 
72315,813346,2011083399,6,67,67301,2011,6,6,9999,99,1,1,0,5,4, , ,N,3,2,0,3,0,1,2,2,N,N,40 00:39.388,75 09:52.725,1910, ,1859, ,0, ,N, ,3, , , , , , , , , ,2,1,0,1,0,0,0,0,0,0,0,0,1,1,0,0,0,0,0,0,0,0,0,0,0,0,0,0,0,0,0,0,0,0,0,8,1,40.0109,-75.1645, , 
72316,813361,2011100681,6,67,67301,2011,9,4,1228,12,1,1,0,8,1, , ,N,1,2,0,3,0,1,2,2,N,N,39 59:47.157,75 06:48.512,1232, ,1228, ,0, ,N, ,3, , , , , , , , , ,1,1,0,0,0,0,0,0,0,0,0,0,1,1,0,0,0,0,0,0,1,0,0,0,0,0,0,0,0,0,0,0,1,0,0,8,0,39.9964,-75.1135, , 
72317,813408,2011031390,6,67,67301,2011,3,3,1643,16,1,1,0,1,1, , ,N,1,2,0,3,0,2,6,3,N,N,39 55:16.539,75 11:37.788,1650, ,1645,9,1,3,N, ,3,N, , , , , , , , ,3,2,0,0,1,0,0,0,0,0,1,0,2,1,1,0,0,0,0,0,0,0,0,0,0,0,0,0,0,0,0,0,0,0,0,3,0,39.9211,-75.1938, , 
72318,813412,2011033482,6,67,67301,2011,3,7,220,2,3,1,0,4,1, , ,N,1,3,0,3,0,3,3,3,N,N,39 58:30.000,75 08:03.591,9999, ,225, ,0, ,N, ,3, , , , , , , , , ,2,1,0,0,1,0,0,0,1,0,1,2,3,0,0,0,0,0,0,0,0,0,0,2,0,0,0,0,0,0,0,0,0,0,0,3,0,39.975,-75.1343, , 
72319,813422,2011040340,6,67,67301,2011,3,6,813,8,1,1,0,8,1, , ,N,1,0,0,3,0,1,2,2, , ,39 59:49.087,75 07:02.700,825, ,825, ,0, , , ,0, , , , , , , , , ,1,1,0,0,0,0,0,0,0,0,0,1,1,0,0,0,0,0,0,0,0,0,0,0,0,0,0,0,0,0,0,0,1,0,0,4,0,39.997,-75.1174, , 
72320,813458,2011082657,6,67,67301,2011,7,6,925,9,1,1,0,6,1, , ,N,1,0,0,3,0,1,2,2,N, ,39 55:57.104,75 10:28.167,935, ,927, ,0, , , ,0, , , , , , , , , ,1,1,0,0,0,0,0,0,1,0,0,0,1,1,0,0,0,0,0,0,1,0,0,0,0,0,0,0,0,0,0,0,0,0,0,8,0,39.9325,-75.1745, , 
72321,813463,2011091020,6,67,67301,2011,6,3,1639,16,1,1,0,5,1, , ,N,0,2,0,3,0,1,2,2,N,N,39 58:46.272,75 09:51.669,1640, ,1640, ,0, ,N, ,3, , , , , , , , , ,1,0,0,1,0,0,0,0,1,0,1,0,1,0,0,0,0,0,0,0,0,0,0,0,0,0,0,0,0,0,0,0,0,0,0,3,1,39.9795,-75.1644, , 
72322,802751,2011100295,6,67,67301,2011,9,6,543,5,3,1,0,4,1, , ,N,0,0,0,3,0,1,2,2,N, ,40 00:41.465,75 11:34.543,544, ,545, ,0, , , ,0, , , , , , , , , ,1,1,0,0,0,0,0,0,1,0,1,0,1,0,0,0,0,0,0,0,0,0,0,0,0,0,0,0,0,0,0,0,0,0,0,3,0,40.0115,-75.1929, , 
72323,802757,2011108737,6,67,67301,2011,9,2,1615,16,1,1,0,7,5, , ,N,1,2,0,3,0,4,4,1,N,N,40 00:47.439,75 04:13.514,1625, ,1620, ,0, ,N, ,9, , , , , , , , , ,1,1,0,0,0,0,0,0,0,0,0,4,4,0,0,0,0,0,0,0,0,0,0,0,0,0,0,0,0,0,0,0,0,0,0,4,0,40.0132,-75.0704, , 
72324,802760,2011110708,6,67,67301,2011,10,4,521,5,3,2,1,7,2, , ,N,0,0,0,3,0,0,1,1,N,N,40 02:04.497,75 01:07.690,525, ,525,2,1,1,Y, ,0,N, , , , , , , , ,1,0,0,0,0,1,0,0,0,0,0,0,0,0,0,0,0,0,0,0,0,0,0,0,0,0,0,0,0,0,0,0,0,0,0,0,1,40.0345,-75.0189, , 
72325,802800,2011029099,6,67,67301,2011,2,6,2359,23,3,1,0,7,2, , ,N,1,2,0,3,0,1,1,3, , ,39 59:50.490,75 04:24.183,10, ,2359,3,1,1, , ,3,N, , , , , , , , ,3,2,0,0,1,0,0,0,0,0,0,0,1,1,0,0,0,0,0,0,1,0,0,0,0,0,0,0,0,0,0,0,0,0,0,8,0,39.9974,-75.0734, , 
72326,802820,2011054217,6,67,67301,2011,4,1,411,4,3,2,1,1,1, , ,N,1,2,0,3,0,0,3,2,N,N,40 03:14.351,75 02:56.006,445, ,440,1,1,1,N, ,3,N, , , , , , , , ,2,2,0,0,0,0,0,0,0,0,0,0,0,0,1,0,0,0,1,0,0,0,0,1,0,0,0,0,0,0,0,0,0,0,0,9,0,40.0541,-75.049, , 
72327,802837,2011075791,6,67,67301,2011,6,3,1550,15,1,1,0,4,1, , ,N,1,2,0,3,0,5,7,2,N,N,39 56:58.597,75 09:13.936,1610, ,1606, ,0, ,N, ,3, , , , , , , , , ,2,1,0,0,0,0,0,1,0,0,0,5,5,0,0,0,0,0,0,0,0,0,0,0,0,0,0,0,0,0,0,0,0,0,0,4,0,39.9496,-75.1539, , 
72328,802838,2011076276,6,67,67301,2011,6,5,1555,15,1,1,0,1,1, , ,N,1,2,0,3,0,2,2,2,N,N,40 02:43.800,75 09:53.514,1603, ,1600,4,2,6,N, ,3,Y, , , , , , , , ,2,0,0,0,1,0,0,1,0,0,0,0,2,2,0,0,0,0,0,0,0,1,0,0,0,0,0,0,0,0,0,0,0,0,0,8,0,40.0455,-75.1649, , 
72329,802843,2011082436,6,67,67301,2011,6,5,1638,16,1,1,0,8,1, , ,N,0,0,0,3,0,1,2,2,N,N,39 58:28.156,75 08:35.124,1642, ,1640, ,0, ,N, ,0, , , , , , , , , ,1,1,0,0,0,0,0,0,0,0,0,1,1,0,0,0,0,0,0,0,1,0,0,0,0,0,0,0,0,0,0,0,1,0,0,4,0,39.9745,-75.1431, , 
72330,802844,2011082510,6,67,67301,2011,7,4,1252,12,1,1,0,8,1, , ,N,0,0,0,3,0,1,2,2,N,N,39 56:40.063,75 14:47.155,1300, ,1254, ,0, ,N, ,0, , , , , , , , , ,1,1,0,0,0,0,0,0,0,0,0,0,1,1,0,0,0,0,0,0,0,0,0,1,0,0,0,0,0,0,0,0,1,0,0,8,0,39.9445,-75.2464, , 
72331,802860,2011101363,6,67,67301,2011,9,4,130,1,3,2,1,9,1, , ,N,0,0,0,3,0,2,2,1,N,N,40 02:17.111,75 00:37.726,211, ,131,2,1,1,N, ,0,N, , , , , , , , ,1,1,0,0,0,0,0,0,0,0,0,2,2,0,0,0,0,0,0,0,0,0,0,0,0,0,0,0,0,0,0,0,0,0,0,4,0,40.038,-75.0106, , 
72332,802874,2011054055,6,67,67301,2011,4,4,2250,22,3,1,0,1,1, , ,N,0,0,0,3,0,0,1,2,N,N,40 02:51.880,75 13:41.760,2257, ,2253, ,0, ,N, ,0, , , , , , , , , ,2,0,0,0,1,0,1,0,0,0,0,0,0,0,0,0,0,0,0,0,0,0,0,0,0,0,0,0,0,0,0,0,0,0,0,0,0,40.0477,-75.2283, , 
72333,802886,2011076038,6,67,67301,2011,6,7,1743,17,1,1,0,4,1, , ,N,1,2,0,3,0,1,5,2,N,N,39 55:14.608,75 08:29.014,1746, ,1744,4,2,2,N, ,3,Y, , , , , , , , ,2,1,1,0,0,0,0,0,0,1,0,0,1,0,0,0,0,0,0,0,1,0,0,0,0,0,0,0,0,1,0,0,0,0,0,2,0,39.9207,-75.1411, , 
72334,802899,2011082579,6,67,67301,2011,7,3,1345,13,1,1,0,5,1, , ,N,1,3,0,3,0,2,3,2,N,N,40 01:01.488,75 08:18.491,1354, ,1353, ,0, , , ,3, , , , , , , , , ,2,1,0,0,0,0,0,1,0,0,0,0,2,2,0,0,0,0,0,1,0,0,0,3,0,0,0,0,0,0,0,0,0,0,0,8,0,40.0171,-75.1385, , 
72335,802900,2011082608,6,67,67301,2011,7,4,9999,99,3,1,0,4,1, , ,N,2,2,0,3,0,0,4,2,N,N,40 03:40.549,75 11:30.758,2230, ,2215, ,0, , , ,3, , , , , , , , , ,2,1,0,0,0,0,1,0,0,0,0,0,0,0,0,0,0,0,0,0,0,0,0,1,0,0,0,0,0,0,0,0,0,0,0,0,0,40.0613,-75.1919, , 
72336,802901,2011082661,6,67,67301,2011,7,1,400,4,3,1,0,1,1, , ,N,0,0,0,3,0,0,1,2,N,N,39 56:39.685,75 14:13.333,436, ,436, ,0, ,N, ,0, , , , , , , , , ,2,1,0,0,0,1,0,0,0,0,0,0,0,0,1,0,0,0,0,0,0,0,0,0,0,0,0,0,0,0,0,0,0,0,0,9,1,39.9444,-75.237, , 
72337,802936,2011092891,6,67,67301,2011,8,5,1414,14,1,4,8,4,1, , ,N,2,3,0,3,0,2,4,2,N, ,39 59:47.400,75 08:16.072,1417, ,1415, ,0, ,N, ,3, , , , , , , , , ,2,1,0,0,0,0,0,1,0,1,0,1,2,0,0,0,0,0,0,0,0,0,0,0,0,0,0,0,0,0,0,0,0,0,0,2,0,39.9965,-75.1378, , 
72338,802948,2011100698,6,67,67301,2011,9,3,1218,12,1,1,0,8,1, , ,N,1,2,0,3,0,1,2,2,Y,N,39 57:18.540,75 11:53.890,1218, ,1218, ,0, ,N, ,3, , , , , , , , , ,1,0,0,0,1,0,0,0,0,0,0,0,1,1,0,0,0,0,0,0,0,0,0,1,0,0,0,0,0,0,0,0,1,0,0,8,0,39.9552,-75.1983, , 
72339,802955,2011106234,6,67,67301,2011,9,3,1500,15,1,1,0,1,1, , ,N,0,0,3,3,0,1,2,2,N, ,39 54:19.022,75 11:40.890,1505, ,1500, ,0, , , ,0, , , , , , , , , ,2,1,0,0,1,0,0,0,0,0,0,1,1,0,0,0,0,0,0,0,0,1,0,0,0,0,0,0,0,0,0,0,0,0,0,4,0,39.9053,-75.1947, , 
72340,806361,2011100335,6,67,67301,2011,9,4,9999,99,1,1,0,1,1, , ,N,0,0,0,3,0,0,2,2,N,N,40 00:14.074,75 13:14.670,1218, ,1216, ,0, ,N, ,0, , , , , , , , , ,2,0,0,0,1,0,1,0,0,0,0,0,0,0,0,0,0,0,0,0,0,0,0,0,0,0,0,0,0,0,0,0,0,0,0,0,0,40.0039,-75.2207, , 
72341,806383,2011064072,6,67,67301,2011,5,3,1920,19,1,1,0,8,5, , ,N,0,0,0,3,0,1,2,2,N,N,40 01:06.876,75 03:49.120,1935, ,1927, ,0, ,N, ,0, , , , , , , , , ,1,1,0,0,0,0,0,0,0,0,0,0,1,1,0,0,0,0,0,0,0,1,0,0,0,0,0,0,0,0,0,0,1,0,0,8,0,40.0187,-75.0636, , 