objectid_1,objectid,crn,district,county,municipality,crash_year,crash_month,day_of_week,time_of_day,hour_of_day,illumination,weather,road_condition,collision_type,relation_to_road,work_zone_type,work_zone_loc,work_zone_ind,intersect_type,tcd_type,location_type,urban_rural,fatal_count,injury_count,person_count,total_units,sch_bus_ind,sch_zone_ind,latitude,longitude,arrival_tm,cons_zone_spd_lim,dispatch_tm,est_hrs_closed,lane_closed,ln_close_dir,ntfy_hiwy_maint,spec_juris_cd,tcd_func_cd,tfc_detour_ind,workers_pres,wz_close_detour,wz_flagger,wz_law_offcr_ind,wz_ln_closure,wz_moving,wz_other,wz_shlder_mdn,vehicle_count,automobile_count,motorcycle_count,bus_count,small_truck_count,heavy_truck_count,suv_count,van_count,bicycle_count,maj_inj_count,mod_inj_count,min_inj_count,tot_inj_count,unk_inj_deg_count,unk_inj_per_count,driver_count_16yr,driver_count_17yr,driver_count_18yr,driver_count_19yr,driver_count_20yr,driver_count_50_64yr,driver_count_65_74yr,driver_count_75plus,unbelted_occ_count,unb_death_count,unb_maj_inj_count,belted_death_count,belted_maj_inj_count,mcycle_death_count,mcycle_maj_inj_count,bicycle_death_count,bicycle_maj_inj_count,ped_count,ped_death_count,ped_maj_inj_count,max_severity_level,comm_veh_count,dec_lat,dec_long,rdwy_surf_type_cd,county_name
72679,815599,2011068349,6,67,67301,2011,6,7,158,1,3,1,0,4,1, , ,N,1,2,0,3,0,3,5,4,N,N,39 58:10.457,75 12:41.542,202, ,200, ,0, ,N, ,3, , , , , , , , , ,4,1,0,0,1,0,0,2,0,0,0,3,3,0,0,0,0,0,0,0,0,0,0,0,0,0,0,0,0,0,0,0,0,0,0,4,0,39.9697,-75.2115, , 
72680,815613,2011082682,6,67,67301,2011,7,5,656,6,1,1,0,4,1, , ,N,1,2,0,3,0,1,2,2,N, ,40 04:36.380,75 01:58.776,710, ,700,1,1,2, , ,3,N, , , , , , , , ,2,0,0,0,0,0,2,0,0,0,0,1,1,0,0,0,0,0,0,0,0,1,0,0,0,0,0,0,0,0,0,0,0,0,0,4,0,40.0766,-75.0329, , 
72681,815621,2011088064,6,67,67301,2011,7,4,100,1,3,1,0,5,1, , ,N,0,0,0,3,0,0,1,5,N,N,40 02:21.475,75 11:05.217,110, ,107, ,0, ,N, ,0, , , , , , , , , ,5,4,0,0,0,0,0,1,0,0,0,0,0,0,0,0,0,0,0,0,0,0,0,0,0,0,0,0,0,0,0,0,0,0,0,0,0,40.0393,-75.1848, , 
72682,815635,2011098095,6,67,67301,2011,9,6,1731,17,1,1,0,8,1, , ,N,0,0,0,3,0,1,2,2,N, ,39 59:17.720,75 05:56.470,1735, ,1733, ,0, , , ,0, , , , , , , , , ,1,0,0,0,0,0,1,0,0,0,0,1,1,0,1,0,0,0,0,0,1,0,0,1,0,0,0,0,0,0,0,0,1,0,0,4,0,39.9883,-75.099, , 
72683,815640,2011066785,6,67,67301,2011,6,1,1419,14,1,1,0,4,1,8,8,Y,0,0,7,3,0,1,3,3,N,N,40 02:35.300,75 07:17.020,1421,99,1420,1,2,6,N, ,0,N,U, , ,U, , , , ,2,1,0,0,0,0,1,0,1,0,0,0,1,1,0,0,0,0,0,0,0,0,0,1,0,0,0,0,0,0,0,0,0,0,0,8,0,40.0431,-75.1214, , 
72684,815648,2011064027,6,67,67301,2011,5,6,1530,15,1,1,0,5,1, , ,N,1,3,0,3,0,1,4,2, , ,40 02:52.901,75 05:34.215,1715, ,1704,2,1,7, , ,3,Y, , , , , , , , ,2,2,0,0,0,0,0,0,0,0,0,1,1,0,1,0,0,0,0,1,1,0,0,0,0,0,0,0,0,0,0,0,0,0,0,4,0,40.048,-75.0928, , 
72685,815661,2011075555,6,67,67301,2011,6,1,1110,11,1,1,0,2,1, , ,N,1,3,0,3,0,2,3,2,N,N,40 04:40.622,75 10:30.029,1125, ,1116, ,0, ,N, ,3, , , , , , , , , ,2,2,0,0,0,0,0,0,0,0,0,2,2,0,0,0,0,0,1,0,0,0,0,0,0,0,0,0,0,0,0,0,0,0,0,4,0,40.078,-75.175, , 
72686,803793,2011013139,6,67,67301,2011,1,7,810,8,1,1,0,7,2, , ,N,0,0,0,3,0,0,1,1,N,N,39 58:27.934,75 11:39.467,820, ,813, ,0, ,N, ,0, , , , , , , , , ,1,1,0,0,0,0,0,0,0,0,0,0,0,0,0,0,0,0,0,0,0,0,0,1,0,0,0,0,0,0,0,0,0,0,0,0,0,39.9744,-75.1943, , 
72687,803815,2011044525,6,67,67301,2011,3,5,1541,15,1,2,1,4,1, , ,N,1,2,0,3,0,2,5,2,N,N,39 55:01.859,75 14:46.691,1646, ,1646, ,0, ,N, ,3, , , , , , , , , ,2,1,0,0,0,0,1,0,0,0,0,2,2,0,0,0,0,0,0,0,0,0,0,0,0,0,0,0,0,0,0,0,0,0,0,4,0,39.9172,-75.2463, , 
72688,803819,2011051751,6,67,67301,2011,5,4,1419,14,1,2,1,1,1, , ,N,0,0,0,3,0,0,2,2,N,N,40 01:05.604,75 02:52.825,1450, ,1428,2,2,2,N, ,0,N, , , , , , , , ,2,1,0,0,0,0,1,0,0,0,0,0,0,0,0,0,0,0,0,0,0,0,0,0,0,0,0,0,0,0,0,0,0,0,0,0,0,40.0183,-75.0479, , 
72689,803838,2011073275,6,67,67301,2011,6,4,1645,16,1,1,0,7,1, , ,N,0,0,1,3,0,0,1,1,N,N,39 58:34.140,75 11:32.943,1654, ,1651, ,0, ,N, ,0, , , , , , , , , ,1,1,0,0,0,0,0,0,0,0,0,0,0,0,0,0,0,0,0,0,1,0,0,0,0,0,0,0,0,0,0,0,0,0,0,0,0,39.9761,-75.1925, , 
72690,803849,2011013744,6,67,67301,2011,1,1,753,7,1,1,0,7,2, , ,N,0,0,0,3,0,1,1,1,N,N,39 58:34.406,75 11:44.631,756, ,755,1,1,3,N, ,0,N, , , , , , , , ,1,0,0,0,1,0,0,0,0,0,0,1,1,0,0,0,0,0,0,0,1,0,0,0,0,0,0,0,0,0,0,0,0,0,0,4,0,39.9762,-75.1957, , 
72691,803855,2011025950,6,67,67301,2011,2,7,1533,15,1,1,0,4,1, , ,N,2,0,0,3,0,2,2,2,N,N,39 59:46.110,75 14:14.520,1544, ,1542,1,1,2,N, ,0,Y, , , , , , , , ,2,0,0,0,0,0,1,1,0,0,0,2,2,0,0,0,0,0,0,1,0,0,0,0,0,0,0,0,0,0,0,0,0,0,0,4,0,39.9961,-75.2373, , 
72692,803862,2011033578,6,67,67301,2011,3,6,2057,20,3,1,0,4,1, , ,N,2,3,0,3,0,0,4,2,N,N,40 04:20.546,75 12:50.151,2110, ,2106, ,0, ,N, ,3, , , , , , , , , ,2,0,0,0,0,0,2,0,0,0,0,0,0,0,0,0,1,0,0,0,0,0,0,0,0,0,0,0,0,0,0,0,0,0,0,0,0,40.0724,-75.2139, , 
72693,803869,2011037889,6,67,67301,2011,3,7,1132,11,1,1,0,4,1, , ,N,0,0,0,3,0,0,2,2,N,N,39 56:10.824,75 09:41.929,1134, ,1134, ,0, ,N, ,0, , , , , , , , , ,2,2,0,0,0,0,0,0,0,0,0,0,0,0,0,0,0,0,0,0,0,1,0,0,0,0,0,0,0,0,0,0,0,0,0,0,0,39.9363,-75.1616, , 
72694,803873,2011039850,6,67,67301,2011,2,6,1054,10,1,1,0,1,1, , ,N,0,0,0,3,0,0,10,3,N,N,39 55:37.077,75 11:42.511,1104, ,1057,1,1,3,N, ,0,N, , , , , , , , ,3,2,0,0,0,0,1,0,0,0,0,0,0,0,0,0,0,0,0,0,0,0,0,0,0,0,0,0,0,0,0,0,0,0,0,0,0,39.927,-75.1951, , 
72695,803880,2011044519,6,67,67301,2011,4,1,1020,10,1,1,0,4,1, , ,N,1,2,0,3,0,0,2,2, , ,39 57:32.806,75 09:29.825,1030, ,1025,1,2,4, , ,3,Y, , , , , , , , ,2,2,0,0,0,0,0,0,0,0,0,0,0,0,0,0,0,0,0,0,1,0,0,0,0,0,0,0,0,0,0,0,0,0,0,0,0,39.9591,-75.1583, , 
72696,803881,2011057028,6,67,67301,2011,5,6,734,7,1,1,0,1,1, , ,N,0,2,0,3,0,2,4,3,N,N,40 01:44.786,75 05:24.829,747, ,737,1,1,2,N, ,3,N, , , , , , , , ,3,0,0,1,1,0,1,0,0,0,1,1,2,0,0,0,0,0,0,0,1,1,0,1,0,0,0,0,0,0,0,0,0,0,0,3,1,40.0291,-75.0902, , 
72697,803911,2011100741,6,67,67301,2011,9,6,2325,23,3,1,0,4,1, , ,N,10,2,0,3,0,2,2,2,N,N,40 03:15.517,75 02:58.198,2330, ,2325,9,1,2,N, ,3,N, , , , , , , , ,2,2,0,0,0,0,0,0,0,0,0,0,2,2,0,0,0,1,0,0,0,1,0,2,0,0,0,0,0,0,0,0,0,0,0,8,0,40.0542,-75.0493, , 
72698,803919,2011122863,6,67,67301,2011,10,7,207,2,3,2,1,4,1, , ,N,1,2,0,3,0,1,2,2,N,N,39 56:29.692,75 13:12.446,228, ,226,1,1,4,N, ,3,N, , , , , , , , ,2,0,0,0,1,0,1,0,0,0,0,0,1,1,1,0,0,0,0,0,1,0,0,0,0,0,0,0,0,0,0,0,0,0,0,8,0,39.9416,-75.2201, , 
72699,803923,2011126307,6,67,67301,2011,11,3,1705,17,3,1,0,7,5, , ,N,2,0,0,3,0,0,4,1,N,N,40 04:30.369,75 00:05.500,1705, ,1705, ,0, ,N, ,0, , , , , , , , , ,1,1,0,0,0,0,0,0,0,0,0,0,0,0,0,0,0,0,0,0,0,0,0,0,0,0,0,0,0,0,0,0,0,0,0,0,0,40.0751,-75.0015, , 
72700,803937,2011056836,6,67,67301,2011,5,4,2148,21,3,1,0,8,1, , ,N,1,2,0,3,0,1,2,2,N,N,40 03:19.147,75 04:24.059,2153, ,2150, ,0, ,N, ,3, , , , , , , , , ,1,0,0,0,0,0,1,0,0,0,0,1,1,0,1,0,0,0,0,0,0,0,0,0,0,0,0,0,0,0,0,0,1,0,0,4,0,40.0553,-75.0733, , 
72701,803940,2011061903,6,67,67301,2011,5,6,743,7,1,2,1,1,1, , ,N,0,0,0,3,0,2,4,2, , ,40 07:53.676,75 00:44.299,754, ,748,9,1,1, , ,0,N, , , , , , , , ,2,2,0,0,0,0,0,0,0,0,0,2,2,0,0,0,0,0,0,1,0,0,0,0,0,0,0,0,0,0,0,0,0,0,0,4,0,40.1316,-75.0123, , 
72702,803946,2011073295,6,67,67301,2011,6,5,1655,16,1,1,0,4,1, , ,N,2,0,0,3,0,0,2,2,N,N,39 54:26.162,75 11:16.046,1658, ,1658,1,1,4,N, ,0,N, , , , , , , , ,2,2,0,0,0,0,0,0,0,0,0,0,0,0,0,0,0,0,0,0,1,0,0,0,0,0,0,0,0,0,0,0,0,0,0,0,0,39.9073,-75.1878, , 
72703,803957,2011085493,6,67,67301,2011,7,1,1540,15,1,1,0,8,1, , ,N,0,0,0,3,0,1,2,2,N,N,40 02:45.427,75 09:31.262,1549, ,1543, ,0, , , ,0, , , , , , , , , ,1,1,0,0,0,0,0,0,0,0,0,0,1,1,0,0,0,0,0,0,0,0,0,0,0,0,0,0,0,0,0,0,1,0,0,8,0,40.046,-75.1587, , 
72704,803960,2011090442,6,67,67301,2011,8,4,1600,16,1,1,0,1,1, , ,N,1,2,0,3,0,1,2,2,N,N,40 03:05.569,75 09:00.387,730, ,730, ,0, ,N, ,3, , , , , , , , , ,2,2,0,0,0,0,0,0,0,0,0,1,1,0,0,0,0,0,0,0,0,0,0,0,0,0,0,0,0,0,0,0,0,0,0,4,0,40.0515,-75.1501, , 
72705,807607,2011088079,6,67,67301,2011,8,2,1852,18,1,1,0,2,1, , ,N,2,3,0,3,0,1,2,2,N,Y,40 02:12.577,75 04:09.489,1943, ,1940, ,0, ,N, ,3, , , , , , , , , ,2,1,0,0,0,0,0,1,0,0,0,1,1,0,1,0,0,0,0,0,0,0,1,0,0,0,0,0,0,0,0,0,0,0,0,4,0,40.0368,-75.0692, , 
72706,807614,2011093060,6,67,67301,2011,8,6,1600,16,1,1,0,1,1, , ,N,1,2,0,3,0,2,4,2,N,N,39 56:11.083,75 13:08.439,1713, ,1711, ,0, ,N, ,9, , , , , , , , , ,2,1,0,0,0,0,0,1,0,0,0,2,2,0,2,0,0,0,0,0,0,0,0,3,0,0,0,0,0,0,0,0,0,0,0,4,0,39.9364,-75.219, , 
72707,807624,2011100674,6,67,67301,2011,6,3,1709,17,1,1,0,7,4, , ,N,0,0,0,3,0,0,1,1,N,N,39 59:36.443,75 11:19.256,1718, ,1714, ,0, ,N, ,0, , , , , , , , , ,1,1,0,0,0,0,0,0,0,0,0,0,0,0,0,0,0,0,0,0,0,0,0,0,0,0,0,0,0,0,0,0,0,0,0,0,0,39.9935,-75.1887, , 
72708,807664,2011066030,6,67,67301,2011,5,7,1330,13,1,1,0,1,1, , ,N,1,2,0,3,0,1,3,2,N,N,39 57:26.251,75 14:52.347,1521, ,1330, ,0, ,N, ,3, , , , , , , , , ,2,1,0,0,0,0,0,1,0,0,0,1,1,0,0,0,0,0,0,0,1,0,0,0,0,0,0,0,0,0,0,0,0,0,0,4,0,39.9573,-75.2479, , 
72709,807666,2011068827,6,67,67301,2011,6,7,2051,20,3,1,0,7,2, , ,N,0,0,0,3,0,0,3,1,N,N,39 54:04.815,75 09:08.300,2154, ,2111, ,0, ,N, ,0, , , , , , , , , ,1,1,0,0,0,0,0,0,0,0,0,0,0,0,0,0,0,1,0,0,0,0,0,0,0,0,0,0,0,0,0,0,0,0,0,0,0,39.9013,-75.1523, , 
72710,807680,2011082659,6,67,67301,2011,7,5,1000,10,1,1,0,4,1, , ,N,5,2,0,3,0,1,2,2,N, ,39 55:07.184,75 14:48.818,1020, ,1017, ,0, , , ,3, , , , , , , , , ,2,2,0,0,0,0,0,0,0,0,0,1,1,0,0,0,0,0,0,0,1,0,0,0,0,0,0,0,0,0,0,0,0,0,0,4,0,39.9187,-75.2469, , 
72711,807682,2011087969,6,67,67301,2011,8,3,1252,12,1,1,0,1,1, , ,N,2,3,0,3,0,2,2,2,N,N,40 06:08.427,74 58:15.455,1303, ,1259, ,0, ,N, ,3, , , , , , , , , ,2,1,0,0,0,0,1,0,0,0,0,2,2,0,0,0,0,0,0,0,0,0,0,0,0,0,0,0,0,0,0,0,0,0,0,4,0,40.1023,-74.971, , 
72712,807683,2011090437,6,67,67301,2011,8,1,1536,15,1,2,1,1,1, , ,N,2,2,0,3,0,2,3,2,N,N,39 58:57.511,75 11:18.156,1604, ,1544, ,0, ,N, ,3, , , , , , , , , ,2,1,0,0,1,0,0,0,0,0,0,0,2,2,0,0,0,0,0,0,0,0,0,0,0,0,0,0,0,0,0,0,0,0,0,8,0,39.9828,-75.1883, , 
72713,807689,2011092877,6,67,67301,2011,8,6,1625,16,1,1,0,7,4, , ,N,0,0,0,3,0,1,1,1,N,N,40 02:35.859,75 10:50.908,1625, ,1625, ,0, ,N, ,0, , , , , , , , , ,1,1,0,0,0,0,0,0,0,0,0,0,1,1,0,0,0,0,0,0,1,0,0,0,0,0,0,0,0,0,0,0,0,0,0,8,0,40.0433,-75.1808, , 
72714,807719,2011047076,6,67,67301,2011,4,4,1544,15,1,1,0,4,2, , ,N,0,0,99,3,0,6,6,3,N,N,40 01:54.739,75 07:53.792,1545, ,1545, ,0, ,N, ,0, , , , , , , , , ,3,1,0,0,1,0,0,1,0,0,0,6,6,0,0,0,0,0,0,0,0,0,0,0,0,0,0,0,0,0,0,0,0,0,0,4,0,40.0319,-75.1316, , 
72715,807727,2011054072,6,67,67301,2011,4,7,9999,99,1,1,0,1,1, , ,N,2,3,0,3,0,1,3,2,N,N,40 04:48.642,75 02:13.476,1804, ,1730, ,0, ,N, ,3, , , , , , , , , ,2,0,0,0,1,0,1,0,0,0,0,1,1,0,0,0,0,0,0,0,1,0,0,0,0,0,0,0,0,0,0,0,0,0,0,4,0,40.0802,-75.0371, , 
72716,807728,2011056805,6,67,67301,2011,4,4,730,7,1,1,0,7,5, , ,N,0,0,0,3,0,0,1,1, , ,40 00:36.048,75 09:03.477,805, ,756, ,0, , , ,0, , , , , , , , , ,1,1,0,0,0,0,0,0,0,0,0,0,0,0,0,0,0,0,0,0,0,0,0,0,0,0,0,0,0,0,0,0,0,0,0,0,0,40.01,-75.151, , 
72717,807771,2011093071,6,67,67301,2011,8,6,224,2,3,2,1,4,1, , ,N,5,2,0,3,0,1,3,2,N,N,40 05:40.380,75 00:54.123,228, ,226,2,1,1,Y, ,3,N, , , , , , , , ,2,2,0,0,0,0,0,0,0,0,1,0,1,0,0,0,0,0,0,0,0,0,0,0,0,0,0,0,0,0,0,0,0,0,0,3,0,40.0945,-75.015, , 
72718,807780,2011100844,6,67,67301,2011,9,5,750,7,1,2,1,4,1, , ,N,2,2,0,3,0,1,2,2,N,N,39 57:52.114,75 09:39.658,754, ,753, ,0, ,N, ,3, , , , , , , , , ,2,0,0,0,0,0,2,0,0,0,1,0,1,0,0,0,0,0,0,0,1,0,0,0,0,0,0,0,0,0,0,0,0,0,0,3,0,39.9644,-75.1609, , 
72719,807793,2011066267,6,67,67301,2011,6,4,1755,17,4,1,0,5,1, , ,N,0,2,0,3,0,1,4,2,N,N,40 02:42.548,75 03:20.249,1952, ,1950, ,0, ,N, ,3, , , , , , , , , ,2,2,0,0,0,0,0,0,0,0,1,0,1,0,0,0,0,0,0,0,0,0,0,0,0,0,0,0,0,0,0,0,0,0,0,3,0,40.0452,-75.0556, , 
72720,807805,2011078077,6,67,67301,2011,7,7,1455,14,1,1,0,1,1, , ,N,0,0,0,3,0,0,2,2,N,N,40 00:28.310,75 04:18.631,1539, ,1514, ,0, ,N, ,0, , , , , , , , , ,2,2,0,0,0,0,0,0,0,0,0,0,0,0,0,0,0,0,0,0,0,0,0,0,0,0,0,0,0,0,0,0,0,0,0,0,0,40.0079,-75.0717, , 
72721,807813,2011089865,6,67,67301,2011,9,5,911,9,1,1,0,1,1, , ,N,0,0,0,3,0,0,2,2,N,N,39 57:03.316,75 10:59.035,938, ,918,2,2,3,N, ,0,N, , , , , , , , ,2,1,0,0,0,0,1,0,0,0,0,0,0,0,0,0,1,0,0,0,0,0,0,0,0,0,0,0,0,0,0,0,0,0,0,0,0,39.9509,-75.1831, , 
72722,807817,2011095964,6,67,67301,2011,8,7,758,7,1,1,0,5,6, , ,N,0,0,0,3,0,1,1,3,N,N,39 59:34.832,75 10:17.155,839, ,836, ,0, , , ,0, , , , , , , , , ,3,3,0,0,0,0,0,0,0,0,0,1,1,0,0,0,0,0,1,0,0,0,0,0,0,0,0,0,0,0,0,0,0,0,0,4,0,39.993,-75.1714, , 
72723,811171,2011068859,6,67,67301,2011,6,7,9999,99,1,1,0,8,1, , ,N,0,0,0,3,0,1,2,2,N,N,39 55:25.676,75 11:24.568,9999, ,9999, ,0, ,N, ,0, , , , , , , , , ,1,1,0,0,0,0,0,0,0,0,0,1,1,0,0,0,0,0,0,0,0,0,0,1,0,0,0,0,0,0,0,0,1,0,0,4,0,39.9238,-75.1902, , 
72724,811189,2011088041,6,67,67301,2011,7,7,2340,23,3,1,0,1,1, , ,N,1,2,0,3,0,1,2,2,N,N,40 00:11.467,75 09:09.273,9999, ,2340, ,0, ,N, ,3, , , , , , , , , ,2,2,0,0,0,0,0,0,0,0,0,0,1,1,1,0,0,0,0,0,0,0,0,0,0,0,0,0,0,0,0,0,0,0,0,8,0,40.0032,-75.1525, , 
72725,811193,2011090443,6,67,67301,2011,8,7,958,9,1,1,0,4,1, , ,N,1,2,0,3,0,2,2,2,N, ,40 01:37.801,75 09:04.478,1009, ,1004,3,1,3, , ,3,Y, , , , , , , , ,2,2,0,0,0,0,0,0,0,0,0,0,2,2,0,0,0,0,0,0,0,1,0,0,0,0,0,0,0,0,0,0,0,0,0,8,0,40.0272,-75.1512, , 
72726,811206,2011100719,6,67,67301,2011,9,6,1310,13,1,1,0,4,1, , ,N,1,2,0,3,0,1,3,2,N,N,39 58:17.073,75 07:36.386,1315, ,1315, ,0, , , ,3, , , , , , , , , ,2,1,0,0,0,0,1,0,0,0,0,1,1,0,0,0,0,0,0,0,0,0,0,1,0,0,0,0,0,0,0,0,0,0,0,4,0,39.9713,-75.1271, , 
72727,811225,2011083363,6,67,67301,2011,7,7,9999,99,3,1,0,4,1, , ,N,2,0,7,3,0,2,3,3,N,N,39 58:20.512,75 09:33.019,226, ,217, ,0, ,N, ,0, , , , , , , , , ,3,3,0,0,0,0,0,0,0,0,0,2,2,0,0,0,0,0,0,0,0,0,0,0,0,0,0,0,0,0,0,0,0,0,0,4,0,39.9724,-75.1592, , 
72728,811256,2011092049,6,67,67301,2011,8,7,9999,99,3,1,0,7,9, , ,N,7,0,2,3,0,1,1,1,N,N,39 53:35.159,75 13:19.839,38, ,28, ,0, ,N, ,0, , , , , , , , , ,1,1,0,0,0,0,0,0,0,0,1,0,1,0,0,0,0,0,0,0,0,0,0,0,0,0,0,0,0,0,0,0,0,0,0,3,0,39.8931,-75.2222, , 
72729,811269,2011021908,6,67,67301,2011,2,2,1240,12,1,1,0,7,3,1,1,Y,0,0,0,3,0,1,4,1,N,N,39 53:10.658,75 12:22.773,1247,55,1245,1,1,1,N, ,0,N,Y,N,N,Y,Y,N,N,N,1,0,0,0,0,0,1,0,0,0,0,1,1,0,0,0,0,0,0,0,0,0,0,0,0,0,0,0,0,0,0,0,0,0,0,4,0,39.8863,-75.2063, , 
72730,811273,2011029200,6,67,67301,2011,2,4,1840,18,3,1,0,1,1, , ,N,0,0,0,3,0,1,3,3, , ,40 01:47.980,75 05:14.443,1844, ,1841,1,1,1,N, ,0,N, , , , , , , , ,3,3,0,0,0,0,0,0,0,0,0,0,1,1,0,0,0,0,0,0,2,0,0,0,0,0,0,0,0,0,0,0,0,0,0,8,0,40.03,-75.0873, , 
72731,811277,2011031620,6,67,67301,2011,2,2,530,5,3,1,0,4,1, , ,N,1,2,0,3,0,1,2,2,N,N,40 02:17.754,75 06:05.767,550, ,547,3,2,5, , ,3,Y, , , , , , , , ,1,1,0,0,0,0,0,0,1,1,0,0,1,0,0,0,0,0,0,0,0,0,0,0,0,0,0,0,0,0,0,1,0,0,0,2,0,40.0383,-75.1016, , 
72732,811278,2011033494,6,67,67301,2011,3,5,755,7,1,1,0,8,1, , ,N,1,2,0,3,0,1,3,2, , ,39 59:51.168,75 07:16.624,840, ,834, ,0, , , ,3, , , , , , , , , ,1,1,0,0,0,0,0,0,0,0,0,1,1,0,0,0,0,0,0,0,0,0,0,0,0,0,0,0,0,0,0,0,1,0,0,4,0,39.9975,-75.1213, , 
72733,811283,2011037941,6,67,67301,2011,3,3,1400,14,1,1,0,8,1, , ,N,0,0,0,3,0,1,2,2,N,N,40 00:10.299,75 08:01.867,1415, ,1400, ,0, ,N, ,0, , , , , , , , , ,1,1,0,0,0,0,0,0,0,0,0,0,1,1,0,0,0,0,0,0,0,0,0,0,0,0,0,0,0,0,0,0,1,0,0,8,0,40.0029,-75.1339, , 
72734,811288,2011040373,6,67,67301,2011,3,4,2306,23,3,2,1,7,2, , ,N,3,4,0,3,0,0,1,1, , ,40 02:41.798,75 09:34.970,2306, ,2306, ,0, , , ,3, , , , , , , , , ,1,1,0,0,0,0,0,0,0,0,0,0,1,1,0,0,0,0,0,0,0,0,0,1,0,0,0,0,0,0,0,0,0,0,0,8,0,40.0449,-75.1597, , 
72735,811294,2011047065,6,67,67301,2011,4,6,2140,21,3,1,0,4,1, , ,N,5,2,0,3,0,2,3,2, , ,40 02:02.039,75 04:27.141,2143, ,2142,1,2,1, , ,3,Y, , , , , , , , ,2,2,0,0,0,0,0,0,0,0,0,0,2,2,0,0,0,0,1,0,1,0,0,0,0,0,0,0,0,0,0,0,0,0,0,8,0,40.0339,-75.0742, , 
72736,811298,2011054160,6,67,67301,2011,4,3,1615,16,1,2,1,4,1, , ,N,1,3,0,3,0,1,3,2,N,N,39 58:13.918,75 08:12.469,1648, ,1644, ,0, , , ,3, , , , , , , , , ,2,1,0,0,0,0,0,1,0,0,0,0,1,1,0,0,0,0,0,0,1,0,0,1,0,0,0,0,0,0,0,0,0,0,0,8,0,39.9705,-75.1368, , 
72737,811306,2011054344,6,67,67301,2011,4,5,907,9,1,1,0,0,1, , ,N,0,0,0,3,0,0,2,1,N,N,39 59:04.392,75 12:11.503,920, ,907, ,0, ,N, ,0, , , , , , , , , ,1,1,0,0,0,0,0,0,0,0,0,0,0,0,0,0,0,0,0,1,0,0,0,0,0,0,0,0,0,0,0,0,0,0,0,0,0,39.9845,-75.2032, , 
72738,811334,2011092924,6,67,67301,2011,8,7,240,2,3,1,0,7,3, , ,N,1,2,0,3,0,0,1,1,N,N,39 53:51.987,75 15:08.047,300, ,256,1,1,4,N, ,2,N, , , , , , , , ,1,1,0,0,0,0,0,0,0,0,0,0,0,0,0,0,0,0,0,0,1,0,0,0,0,0,0,0,0,0,0,0,0,0,0,0,0,39.8978,-75.2522, , 
72739,811335,2011093046,6,67,67301,2011,8,1,1342,13,1,1,0,5,1, , ,N,2,0,0,3,0,1,2,2,N, ,40 00:14.187,75 04:40.451,1344, ,1343, ,0, , , ,0, , , , , , , , , ,2,0,1,0,1,0,0,0,0,0,0,1,1,0,0,0,0,0,0,1,0,0,0,0,0,0,0,0,0,0,0,0,0,0,0,4,0,40.004,-75.0778, , 
72740,811339,2011095802,6,67,67301,2011,9,3,1041,10,1,2,1,7,4, , ,N,7,0,2,3,0,1,2,1,N,N,39 57:41.763,75 10:57.486,1043, ,1042,1,2,3,Y, ,0,Y, , , , , , , , ,1,1,0,0,0,0,0,0,0,0,0,1,1,0,0,0,0,0,0,0,0,0,0,0,0,0,0,0,0,0,0,0,0,0,0,4,0,39.9614,-75.1825, , 
72741,813487,2011082516,6,67,67301,2011,7,2,9999,99,1,1,0,4,7, , ,N,5,2,2,3,0,2,3,2,N,N,39 57:25.871,75 08:31.299,9999, ,1749, ,0, ,N, ,3, , , , , , , , , ,2,1,0,0,0,1,0,0,0,0,0,2,2,0,0,0,0,0,0,0,1,0,0,0,0,0,0,0,0,0,0,0,0,0,0,4,1,39.9573,-75.1452, , 
72742,813513,2011112325,6,67,67301,2011,10,6,654,6,1,1,0,4,1, , ,N,1,3,0,3,0,1,2,2,N, ,40 00:52.300,75 03:44.935,706, ,654, ,0, , , ,3, , , , , , , , , ,2,2,0,0,0,0,0,0,0,0,0,0,1,1,1,0,0,0,0,0,0,0,0,0,0,0,0,0,0,0,0,0,0,0,0,8,0,40.0145,-75.0625, , 
72743,813525,2011060102,6,67,67301,2011,5,5,1711,17,1,1,0,1,1, , ,N,0,0,0,3,0,1,4,3,N,N,39 57:30.353,75 10:01.984,1746, ,1714, ,0, ,N, ,0, , , , , , , , , ,3,3,0,0,0,0,0,0,0,0,0,1,1,0,1,0,0,0,0,1,0,0,0,0,0,0,0,0,0,0,0,0,0,0,0,4,0,39.9584,-75.1672, , 
72744,813531,2011019648,6,67,67301,2011,2,1,1253,12,1,1,0,4,1, , ,N,0,0,0,3,0,0,2,2,N,N,39 58:05.849,75 07:45.386,1306, ,1256,1,1,1,N, ,0,N, , , , , , , , ,2,1,0,0,0,0,1,0,0,0,0,0,0,0,0,0,0,0,0,0,1,0,0,0,0,0,0,0,0,0,0,0,0,0,0,0,0,39.9683,-75.1294, , 
72745,813546,2011044512,6,67,67301,2011,4,7,9999,99,3,1,0,1,1, , ,N,0,0,0,3,0,1,3,3,N,N,39 57:38.733,75 08:31.743,2252, ,2252, ,0, ,N, ,0, , , , , , , , , ,3,3,0,0,0,0,0,0,0,0,0,0,1,1,0,0,0,0,0,0,1,0,0,0,0,0,0,0,0,0,0,0,0,0,0,8,0,39.9607,-75.142, , 
72746,813571,2011055464,6,67,67301,2011,5,5,840,8,1,1,0,1,1, , ,N,0,0,0,3,0,2,4,4,N,N,39 58:14.770,75 11:34.783,859, ,849, ,0, ,N, ,0, , , , , , , , , ,4,3,0,0,0,0,1,0,0,0,0,0,2,2,0,0,0,0,0,0,1,0,0,0,0,0,0,0,0,0,0,0,0,0,0,8,0,39.9708,-75.193, , 