objectid_1,objectid,crn,district,county,municipality,crash_year,crash_month,day_of_week,time_of_day,hour_of_day,illumination,weather,road_condition,collision_type,relation_to_road,work_zone_type,work_zone_loc,work_zone_ind,intersect_type,tcd_type,location_type,urban_rural,fatal_count,injury_count,person_count,total_units,sch_bus_ind,sch_zone_ind,latitude,longitude,arrival_tm,cons_zone_spd_lim,dispatch_tm,est_hrs_closed,lane_closed,ln_close_dir,ntfy_hiwy_maint,spec_juris_cd,tcd_func_cd,tfc_detour_ind,workers_pres,wz_close_detour,wz_flagger,wz_law_offcr_ind,wz_ln_closure,wz_moving,wz_other,wz_shlder_mdn,vehicle_count,automobile_count,motorcycle_count,bus_count,small_truck_count,heavy_truck_count,suv_count,van_count,bicycle_count,maj_inj_count,mod_inj_count,min_inj_count,tot_inj_count,unk_inj_deg_count,unk_inj_per_count,driver_count_16yr,driver_count_17yr,driver_count_18yr,driver_count_19yr,driver_count_20yr,driver_count_50_64yr,driver_count_65_74yr,driver_count_75plus,unbelted_occ_count,unb_death_count,unb_maj_inj_count,belted_death_count,belted_maj_inj_count,mcycle_death_count,mcycle_maj_inj_count,bicycle_death_count,bicycle_maj_inj_count,ped_count,ped_death_count,ped_maj_inj_count,max_severity_level,comm_veh_count,dec_lat,dec_long,rdwy_surf_type_cd,county_name
73016,812037,2011062019,6,67,67301,2011,5,6,1253,12,1,1,0,8,1, , ,N,1,3,0,3,0,1,2,2, , ,39 57:50.418,75 09:46.090,1306, ,1305, ,0, , , ,3, , , , , , , , , ,1,1,0,0,0,0,0,0,0,0,0,0,1,1,1,0,0,0,0,0,0,0,0,0,0,0,0,0,0,0,0,0,1,0,0,8,0,39.964,-75.1628, , 
73017,812057,2011075571,6,67,67301,2011,6,3,810,8,1,1,0,4,1, , ,N,1,2,0,3,0,1,2,2,N,N,39 58:06.410,75 14:07.231,825, ,815, ,0, ,N, ,3, , , , , , , , , ,1,1,0,0,0,0,0,0,1,0,0,1,1,0,0,0,0,0,0,0,0,0,0,0,0,0,0,0,0,0,0,0,0,0,0,4,0,39.9684,-75.2353, , 
73018,812058,2011075775,6,67,67301,2011,6,2,1600,16,1,1,0,8,1, , ,N,2,0,0,3,0,1,2,2,N,N,39 59:58.664,75 07:07.859,1700, ,1658, ,0, ,N, ,0, , , , , , , , , ,1,1,0,0,0,0,0,0,0,0,0,1,1,0,1,0,0,0,0,0,0,0,0,1,0,0,0,0,0,0,0,0,1,0,0,4,0,39.9996,-75.1188, , 
73019,812087,2011066191,6,67,67301,2011,6,7,1223,12,1,1,0,7,4, , ,N,1,0,0,3,0,1,1,2, , ,40 01:02.946,75 09:01.252,1226, ,1225,1,1,3, , ,0,N, , , , , , , , ,1,1,0,0,0,0,0,0,0,0,0,0,1,1,0,0,0,0,0,0,0,1,0,0,0,0,0,0,0,0,0,0,0,0,0,8,0,40.0175,-75.1503, , 
73020,812093,2011068397,6,67,67301,2011,6,7,1317,13,1,1,0,8,1, , ,N,0,0,0,3,0,1,2,2,N,N,40 02:07.050,75 06:30.603,1322, ,1322, ,0, ,N, ,0, , , , , , , , , ,1,1,0,0,0,0,0,0,0,0,0,1,1,0,0,0,0,0,0,0,1,0,0,0,0,0,0,0,0,0,0,0,1,0,0,4,0,40.0353,-75.1085, , 
73021,812094,2011068498,6,67,67301,2011,6,3,1515,15,1,1,0,8,1, , ,N,0,0,0,3,0,1,2,2,N,N,39 59:47.233,75 06:13.996,1525, ,1519,9,2,5,N, ,0,Y, , , , , , , , ,1,1,0,0,0,0,0,0,0,0,0,0,1,1,0,0,0,0,0,0,0,0,0,0,0,0,0,0,0,0,0,0,1,0,0,8,0,39.9965,-75.1039, , 
73022,812100,2011076296,6,67,67301,2011,6,4,1320,13,1,1,0,8,1, , ,N,0,0,0,3,0,2,2,2,N,N,40 01:59.987,75 01:05.175,1328, ,1322, ,0, ,N, ,0, , , , , , , , , ,1,0,0,0,0,0,1,0,0,0,0,2,2,0,0,0,0,0,0,0,0,0,0,0,0,0,0,0,0,0,0,0,1,0,0,4,0,40.0333,-75.0181, , 
73023,812104,2011081606,6,46,46102,2011,8,2,1601,16,1,1,0,1,1, , ,N,0,0,0,3,0,2,3,3,N,N,40 04:25.719,75 09:28.389,1602, ,1601,2,1,4,N, ,0,N, , , , , , , , ,3,3,0,0,0,0,0,0,0,0,0,0,2,2,0,0,0,0,0,0,0,0,0,0,0,0,0,0,0,0,0,0,0,0,0,8,0,40.0738,-75.1578, , 
73024,812118,2011092466,6,67,67301,2011,8,6,1255,12,1,1,0,4,1, , ,N,10,3,0,3,0,0,2,2,N, ,39 56:21.282,75 11:47.273,1305, ,1300, ,0, , , ,3, , , , , , , , , ,2,0,0,0,1,0,0,1,0,0,0,0,0,0,0,0,0,0,0,0,0,0,0,0,0,0,0,0,0,0,0,0,0,0,0,0,0,39.9392,-75.1965, , 
73025,812130,2011016015,6,67,67301,2011,1,3,2100,21,3,4,3,6,1, , ,N,0,2,0,3,0,2,4,2,N,N,40 02:14.100,75 06:45.110,2130, ,2108, ,0, ,N, ,3, , , , , , , , , ,2,1,0,0,0,0,1,0,0,0,0,1,2,1,0,0,0,0,0,0,0,0,0,0,0,0,0,0,0,0,0,0,0,0,0,4,0,40.0373,-75.1125, , 
73026,812144,2011033463,6,67,67301,2011,2,7,530,5,5,1,0,6,2, , ,N,0,0,0,3,0,0,1,3,N,N,39 58:23.874,75 14:42.428,1219, ,1208, ,0, ,N, ,0, , , , , , , , , ,3,3,0,0,0,0,0,0,0,0,0,0,0,0,0,0,0,0,0,0,0,0,0,0,0,0,0,0,0,0,0,0,0,0,0,0,0,39.9733,-75.2451, , 
73027,812161,2011054255,6,67,67301,2011,5,1,2321,23,3,1,0,1,6, , ,N,0,0,0,3,0,1,1,2,N, ,39 59:27.504,75 10:47.824,2321, ,2315, ,0, , , ,0, , , , , , , , , ,2,2,0,0,0,0,0,0,0,0,0,0,1,1,0,0,0,0,0,0,0,0,0,0,0,0,0,0,0,0,0,0,0,0,0,8,0,39.991,-75.18, , 
73028,812164,2011056809,6,67,67301,2011,4,7,845,8,3,1,0,8,1, , ,N,0,0,0,3,0,1,3,2,N,N,39 57:13.200,75 13:14.280,850, ,845,1,1,3,N, ,0,N, , , , , , , , ,1,1,0,0,0,0,0,0,0,0,0,1,1,0,0,0,0,0,0,0,0,0,0,0,0,0,0,0,0,0,0,0,1,0,0,4,0,39.9537,-75.2206, , 
73029,812171,2011073233,6,67,67301,2011,5,3,1300,13,1,1,0,8,1, , ,N,2,2,0,3,0,1,2,2,N,N,40 00:34.013,75 09:09.847,9999, ,9999, ,0, ,N, ,3, , , , , , , , , ,1,1,0,0,0,0,0,0,0,0,0,1,1,0,0,0,0,0,0,0,0,0,0,0,0,0,0,0,0,0,0,0,1,0,0,4,0,40.0095,-75.1528, , 
73030,812173,2011076303,6,67,67301,2011,6,4,842,8,1,1,0,4,1, , ,N,1,3,0,3,0,2,2,2,N,N,39 59:05.330,75 05:58.225,855, ,851,1,2,7, , ,3,Y, , , , , , , , ,2,2,0,0,0,0,0,0,0,0,0,2,2,0,0,0,0,0,0,0,0,0,0,0,0,0,0,0,0,0,0,0,0,0,0,4,0,39.9848,-75.0995, , 
73031,812188,2011094674,6,67,67301,2011,9,6,724,7,1,1,0,5,1, , ,N,0,0,0,3,0,1,4,2,N,N,40 02:53.652,74 59:55.308,734, ,727,1,1,1,N, ,0,N, , , , , , , , ,2,2,0,0,0,0,0,0,0,0,0,0,1,1,0,0,0,0,0,0,1,0,0,0,0,0,0,0,0,0,0,0,0,0,0,8,0,40.0482,-74.9988, , 
73032,815082,2011075696,6,67,67301,2011,6,3,745,7,1,1,0,4,1, , ,N,1,2,0,3,0,2,2,2,N,N,39 58:49.616,75 13:28.851,748, ,746, ,0, ,N, ,3, , , , , , , , , ,2,1,0,0,0,0,0,1,0,0,0,0,2,2,0,0,0,0,0,0,0,0,0,0,0,0,0,0,0,0,0,0,0,0,0,8,0,39.9804,-75.2247, , 
73033,815096,2011090535,6,67,67301,2011,8,7,1846,18,4,1,0,6,1, , ,N,0,0,0,3,0,1,6,2,N,N,40 00:44.359,75 09:02.059,1952, ,1951, ,0, , , ,0, , , , , , , , , ,2,2,0,0,0,0,0,0,0,0,0,1,1,0,0,0,0,0,0,0,0,0,0,0,0,0,0,0,0,0,0,0,0,0,0,4,0,40.0123,-75.1506, , 
73034,815106,2011104087,6,67,67301,2011,9,1,234,2,3,1,0,7,2, , ,N,0,0,0,3,0,2,3,1,N,N,39 52:40.277,75 15:04.861,244, ,238, ,0, ,Y, ,0, , , , , , , , , ,1,0,0,0,0,0,1,0,0,1,0,1,2,0,0,0,0,0,0,0,0,0,0,1,0,0,0,1,0,0,0,0,0,0,0,2,0,39.8779,-75.2514, , 
73035,815107,2011105113,6,67,67301,2011,10,5,603,6,3,2,1,7,2, , ,N,0,0,0,3,0,1,1,1,N,N,39 58:57.983,75 12:28.220,608, ,605,1,1,4,N, ,0,N, , , , , , , , ,1,1,0,0,0,0,0,0,0,0,1,0,1,0,0,0,0,0,0,0,0,0,0,0,0,0,0,0,0,0,0,0,0,0,0,3,0,39.9828,-75.2078, , 
73036,815159,2011064139,6,67,67301,2011,5,2,2245,22,3,1,0,5,1, , ,N,0,0,0,3,0,3,4,2,N,N,40 00:31.211,75 11:36.932,2258, ,2247,3,2,6,N, ,0,Y, , , , , , , , ,2,2,0,0,0,0,0,0,0,0,0,0,3,3,0,0,0,0,0,0,0,0,0,0,0,0,0,0,0,0,0,0,0,0,0,8,0,40.0087,-75.1936, , 
73037,815160,2011065360,6,67,67301,2011,6,3,1411,14,1,1,0,4,1, , ,N,1,2,0,3,0,4,5,2,N,N,40 03:16.901,75 07:29.448,1415, ,1411,2,2,1,N, ,3,Y, , , , , , , , ,2,2,0,0,0,0,0,0,0,0,1,0,4,3,0,0,1,0,0,0,0,0,0,0,0,0,0,0,0,0,0,0,0,0,0,3,0,40.0546,-75.125, , 
73038,815182,2011068474,6,67,67301,2011,6,6,9999,99,3,1,0,5,1, , ,N,0,2,0,3,0,1,2,2, , ,39 59:48.681,75 14:08.304,2150, ,2143,3,1,3, , ,3,Y, , , , , , , , ,2,2,0,0,0,0,0,0,0,0,0,1,1,0,0,0,0,0,0,0,0,0,0,0,0,0,0,0,0,0,0,0,0,0,0,4,0,39.9969,-75.2356, , 
73039,815216,2011009997,6,67,67301,2011,1,7,245,2,3,1,0,8,1, , ,N,1,2,0,3,0,1,2,2,N,N,39 59:45.578,75 08:01.967,250, ,248, ,0, ,N, ,3, , , , , , , , , ,1,0,0,0,0,0,0,0,0,0,0,1,1,0,0,0,0,0,0,0,0,0,0,0,0,0,0,0,0,0,0,0,1,0,0,4,0,39.996,-75.1339, , 
73040,815220,2011015904,6,67,67301,2011,1,2,1630,16,1,1,0,7,5, , ,N,1,3,0,3,0,0,3,3,N,N,40 02:20.907,75 08:21.109,1632, ,1630,2,2,6,N, ,3,Y, , , , , , , , ,3,1,0,0,1,0,1,0,0,0,0,0,0,0,0,0,0,0,0,0,2,0,0,1,0,0,0,0,0,0,0,0,0,0,0,0,0,40.0391,-75.1392, , 
73041,815239,2011036363,6,67,67301,2011,3,3,1835,18,1,1,0,7,2, , ,N,0,0,0,3,0,1,2,2,N,N,39 59:47.182,75 11:49.100,1840, ,1837,1,2,3,N, ,0,N, , , , , , , , ,2,1,0,0,0,1,0,0,0,0,1,0,1,0,0,0,0,0,0,0,1,0,0,0,0,0,0,0,0,0,0,0,0,0,0,3,1,39.9963,-75.1971, , 
73042,815241,2011037966,6,67,67301,2011,3,6,1400,14,1,1,0,4,1, , ,N,5,2,0,3,0,1,2,2,N,N,40 00:05.418,75 06:14.947,1522, ,1522, ,0, ,N, ,3, , , , , , , , , ,2,2,0,0,0,0,0,0,0,0,0,0,1,1,0,0,0,0,0,0,1,0,0,0,0,0,0,0,0,0,0,0,0,0,0,8,0,40.0015,-75.1042, , 
73043,815244,2011040417,6,67,67301,2011,3,5,900,9,1,2,1,5,1, , ,N,0,0,0,3,0,1,2,2,N,N,39 58:35.660,75 07:23.084,915, ,913, ,0, ,N, ,0, , , , , , , , , ,2,1,0,0,0,0,0,1,0,0,0,1,1,0,0,0,0,0,0,1,1,0,0,0,0,0,0,0,0,0,0,0,0,0,0,4,0,39.9766,-75.1231, , 
73044,815254,2011048234,6,67,67301,2011,5,3,1641,16,1,1,0,1,1, , ,N,0,0,0,3,0,1,2,2,N,N,39 58:00.783,75 08:02.122,1656, ,1653, ,0, ,N, ,0, , , , , , , , , ,2,2,0,0,0,0,0,0,0,0,0,0,1,1,0,0,0,0,0,0,0,1,0,0,0,0,0,0,0,0,0,0,0,0,0,8,0,39.9669,-75.134, , 
73045,815257,2011053587,6,67,67301,2011,4,3,830,8,1,1,0,4,1, , ,N,1,2,0,3,0,5,6,2,N,N,40 02:08.080,75 07:25.889,838, ,835, ,0, ,N, ,3, , , , , , , , , ,2,1,0,1,0,0,0,0,0,0,0,5,5,0,0,0,0,0,0,0,1,0,0,0,0,0,0,0,0,0,0,0,0,0,0,4,1,40.0356,-75.1239, , 
73046,815260,2011054519,6,67,67301,2011,5,4,1559,15,1,1,0,1,1, , ,N,0,0,0,3,0,1,2,2,N,N,40 01:04.156,75 02:54.110,1606, ,1559, ,0, ,N, ,0, , , , , , , , , ,2,1,0,0,1,0,0,0,0,0,0,0,1,1,0,0,0,0,0,0,1,0,0,0,0,0,0,0,0,0,0,0,0,0,0,8,0,40.0178,-75.0485, , 
73047,815277,2011023280,6,67,67301,2011,1,4,745,7,1,8,5,4,1, , ,N,2,3,0,3,0,1,2,2,N,N,40 01:37.518,75 12:16.322,805, ,800, ,0, ,N, ,3, , , , , , , , , ,2,2,0,0,0,0,0,0,0,0,0,1,1,0,0,0,0,0,0,0,0,0,0,0,0,0,0,0,0,0,0,0,0,0,0,4,0,40.0272,-75.2045, , 
73048,815294,2011044058,6,67,67301,2011,4,7,1920,19,3,2,1,7,3, , ,N,0,0,0,3,0,0,1,1,N,N,40 00:44.199,75 03:35.069,1934, ,1923, ,0, ,N, ,0, , , , , , , , , ,1,1,0,0,0,0,0,0,0,0,0,0,0,0,0,0,0,0,0,0,0,0,0,0,0,0,0,0,0,0,0,0,0,0,0,0,0,40.0123,-75.0596, , 
73049,815296,2011047127,6,67,67301,2011,4,1,1330,13,1,1,0,1,1, , ,N,2,2,0,3,0,1,5,2,N,N,40 04:44.486,75 01:30.863,1345, ,1340, ,0, ,N, ,3, , , , , , , , , ,2,1,0,0,1,0,0,0,0,0,0,1,1,0,0,0,0,0,0,0,0,0,0,0,0,0,0,0,0,0,0,0,0,0,0,4,0,40.0789,-75.0253, , 
73050,804871,2011090563,6,67,67301,2011,8,4,1252,12,1,1,0,4,1, , ,N,2,3,0,3,0,1,3,2,N, ,40 04:25.251,74 58:48.825,1258, ,1254,2,2,2, , ,3,Y, , , , , , , , ,2,1,0,0,0,0,1,0,0,0,1,0,1,0,0,0,0,0,0,0,0,0,1,0,0,0,0,0,0,0,0,0,0,0,0,3,0,40.0737,-74.9802, , 
73051,804906,2011066163,6,67,67301,2011,5,4,1605,16,1,1,0,8,1, , ,N,1,2,0,3,0,1,2,2,N,N,40 03:14.353,75 07:35.903,1614, ,1609,1,1,7,N, ,3,Y, , , , , , , , ,1,1,0,0,0,0,0,0,0,0,0,0,1,1,0,0,0,0,0,0,0,0,1,0,0,0,0,0,0,0,0,0,1,0,0,8,0,40.054,-75.1266, , 
73052,804914,2011082629,6,67,67301,2011,7,7,545,5,1,1,0,2,1, , ,N,5,2,0,3,0,1,2,2,N,N,40 01:22.061,75 09:32.460,550, ,545, ,0, ,N, ,2, , , , , , , , , ,2,2,0,0,0,0,0,0,0,0,0,0,1,1,0,0,0,0,0,0,0,0,0,0,0,0,0,0,0,0,0,0,0,0,0,8,0,40.0228,-75.159, , 
73053,804915,2011082742,6,67,67301,2011,7,6,37,0,3,1,0,1,1, , ,N,2,2,0,3,0,3,3,2,N, ,40 02:39.696,75 03:14.496,45, ,38,9,1,4,N, ,3,N, , , , , , , , ,2,2,0,0,0,0,0,0,0,0,0,2,3,1,0,0,0,0,0,0,0,0,0,0,0,0,0,0,0,0,0,0,0,0,0,4,0,40.0443,-75.0541, , 
73054,804921,2011087826,6,67,67301,2011,8,3,1047,10,1,1,0,8,1, , ,N,1,3,0,3,0,1,2,2,N,N,40 00:04.864,75 07:35.880,1055, ,1039, ,0, , , ,3, , , , , , , , , ,1,0,0,0,0,0,0,1,0,0,0,1,1,0,1,0,0,0,0,0,0,0,0,1,0,0,0,0,0,0,0,0,1,0,0,4,0,40.0014,-75.1266, , 
73055,804930,2011092850,6,67,67301,2011,8,7,1320,13,1,1,0,5,1, , ,N,0,0,0,3,0,2,5,2,N,N,40 00:25.920,75 07:23.909,1335, ,1330, ,0, ,N, ,0, , , , , , , , , ,2,2,0,0,0,0,0,0,0,0,0,2,2,0,0,0,0,0,0,0,0,0,0,5,0,0,0,0,0,0,0,0,0,0,0,4,0,40.0072,-75.1233, , 
73056,804940,2011100823,6,67,67301,2011,9,7,1508,15,1,1,1,6,1, , ,N,0,0,0,3,0,2,5,3,N, ,40 00:57.215,75 07:02.250,1520, ,1512,9,1,1, , ,0,N, , , , , , , , ,3,3,0,0,0,0,0,0,0,0,0,0,2,2,0,0,0,0,0,1,1,0,0,0,0,0,0,0,0,0,0,0,0,0,0,8,0,40.0159,-75.1173, , 
73057,804941,2011100833,6,67,67301,2011,9,7,1316,13,1,1,0,4,1, , ,N,1,2,0,3,0,1,5,3,N,N,40 02:24.861,75 03:30.268,1318, ,1316,1,1,1,N, ,3,N, , , , , , , , ,3,2,0,0,1,0,0,0,0,0,0,1,1,0,0,0,0,0,0,0,1,1,0,0,0,0,0,0,0,0,0,0,0,0,0,4,0,40.0403,-75.0585, , 
73058,804950,2011083480,6,67,67301,2011,7,1,235,2,3,1,0,8,1, , ,N,0,0,0,3,0,1,2,2,N,N,39 57:37.573,75 08:20.912,238, ,235,9,1,4,N, ,0,N, , , , , , , , ,1,1,0,0,0,0,0,0,0,0,0,0,1,1,0,0,0,0,0,0,0,0,0,0,0,0,0,0,0,0,0,0,1,0,0,8,0,39.9604,-75.139, , 
73059,804956,2011090574,6,67,67301,2011,7,7,1642,16,1,1,0,4,1, , ,N,1,3,0,3,0,0,3,2,N,N,39 57:48.060,75 09:46.616,1713, ,1711, ,0, ,N, ,3, , , , , , , , , ,2,2,0,0,0,0,0,0,0,0,0,0,0,0,0,0,0,0,1,0,0,0,0,0,0,0,0,0,0,0,0,0,0,0,0,0,0,39.9634,-75.1629, , 
73060,804990,2011126318,6,67,67301,2011,11,3,339,3,3,1,0,1,1, , ,N,2,0,0,3,0,0,1,3,N,N,39 56:24.133,75 09:09.892,354, ,343, ,0, ,N, ,0, , , , , , , , , ,3,2,0,0,1,0,0,0,0,0,0,0,0,0,0,0,0,0,0,0,0,0,0,1,0,0,0,0,0,0,0,0,0,0,0,0,0,39.94,-75.1527, , 
73061,805021,2011033780,6,67,67301,2011,3,4,1420,14,1,1,0,4,1, , ,N,1,2,0,3,0,1,2,2,N,N,40 05:07.692,75 02:14.246,1427, ,1420,1,1,2,N, ,2,N, , , , , , , , ,2,2,0,0,0,0,0,0,0,0,0,1,1,0,0,0,0,0,0,0,0,0,0,0,0,0,0,0,0,0,0,0,0,0,0,4,0,40.0854,-75.0374, , 
73062,805023,2011037952,6,67,67301,2011,3,5,713,7,1,1,0,1,1, , ,N,1,2,0,3,0,2,3,2,N,N,39 58:30.845,75 07:15.894,715, ,715, ,0, ,N, ,3, , , , , , , , , ,2,2,0,0,0,0,0,0,0,0,0,2,2,0,0,0,0,0,0,0,0,0,0,0,0,0,0,0,0,0,0,0,0,0,0,4,0,39.9746,-75.1218, , 
73063,805035,2011054270,6,67,67301,2011,4,3,2005,20,4,1,0,8,1, , ,N,0,0,0,3,0,1,3,2,N,N,39 58:12.370,75 13:43.996,2023, ,2020, ,0, ,N, ,0, , , , , , , , , ,1,1,0,0,0,0,0,0,0,0,0,0,1,1,0,0,0,0,0,0,0,0,0,0,0,0,0,0,0,0,0,0,1,0,0,8,0,39.9701,-75.2289, , 
73064,805037,2011057007,6,67,67301,2011,5,3,1720,17,1,1,0,4,1, , ,N,1,2,0,3,0,1,2,2,N,N,40 03:13.772,75 05:10.794,1735, ,1726, ,0, ,N, ,3, , , , , , , , , ,2,2,0,0,0,0,0,0,0,0,1,0,1,0,0,0,0,0,0,0,0,0,0,0,0,0,0,0,0,0,0,0,0,0,0,3,0,40.0538,-75.0863, , 
73065,805043,2011064073,6,67,67301,2011,5,1,315,3,3,1,0,7,5, , ,N,0,0,0,3,0,0,1,1,N,N,39 58:00.510,75 14:23.060,348, ,337, ,0, ,N, ,0, , , , , , , , , ,1,1,0,0,0,0,0,0,0,0,0,0,0,0,0,0,0,0,0,0,0,0,0,0,0,0,0,0,0,0,0,0,0,0,0,0,0,39.9668,-75.2397, , 
73066,805050,2011016925,6,67,67301,2011,1,1,1030,10,1,4,1,7,5, , ,N,0,0,0,3,0,1,1,5,N,N,39 59:44.966,75 10:08.968,1056, ,1031, ,0, ,N, ,0, , , , , , , , , ,5,3,0,0,0,0,2,0,0,0,0,0,1,1,0,0,0,0,0,0,1,0,0,0,0,0,0,0,0,0,0,0,0,0,0,8,0,39.9958,-75.1692, , 
73067,805119,2011085468,6,67,67301,2011,7,3,2323,23,3,1,0,7,5, , ,N,0,0,0,3,0,1,1,1,N,N,40 05:34.303,74 57:42.706,2333, ,2323, ,0, ,N, ,0, , , , , , , , , ,1,1,0,0,0,0,0,0,0,0,0,0,1,1,0,0,0,0,0,0,0,0,0,0,0,0,0,0,0,0,0,0,0,0,0,8,0,40.0929,-74.9619, , 
73068,808623,2011067748,6,67,67301,2011,5,7,1216,12,1,1,0,1,1, , ,N,6,4,2,3,0,1,2,2,N,N,40 02:38.224,75 00:10.295,1232, ,1218, ,0, ,N, ,3, , , , , , , , , ,2,1,0,0,0,0,1,0,0,0,0,0,1,1,0,0,0,0,0,0,1,1,0,0,0,0,0,0,0,0,0,0,0,0,0,8,0,40.046,-75.0018, , 
73069,808629,2011075790,6,67,67301,2011,6,5,1228,12,1,1,0,8,1, , ,N,2,2,0,3,0,1,2,2,N,N,39 59:47.940,75 10:31.961,1754, ,1754, ,0, ,N, ,3, , , , , , , , , ,1,1,0,0,0,0,0,0,1,0,0,1,1,0,0,0,0,0,0,0,0,0,0,1,0,0,0,0,0,0,0,0,0,0,0,4,0,39.9967,-75.1755, , 
73070,808638,2011083317,6,67,67301,2011,7,7,1003,10,1,1,1,7,4, , ,N,2,0,0,3,0,1,2,1,N,N,40 06:39.135,75 00:12.689,1050, ,1042,1,1,2,N, ,0,N, , , , , , , , ,1,1,0,0,0,0,0,0,0,0,0,1,1,0,0,0,0,0,0,0,0,0,0,1,0,0,0,0,0,0,0,0,0,0,0,4,0,40.1109,-75.0035, , 
73071,808671,2011075608,6,67,67301,2011,6,4,1230,12,1,1,0,1,1, , ,N,3,2,0,3,0,1,3,2,N,N,39 59:23.021,75 10:12.880,1243, ,1233, ,0, ,N, ,3, , , , , , , , , ,2,1,0,0,0,0,1,0,0,0,0,0,1,1,0,0,0,0,0,0,0,0,0,0,0,0,0,0,0,0,0,0,0,0,0,8,0,39.9897,-75.1702, , 
73072,808672,2011075719,6,67,67301,2011,6,2,955,9,1,1,0,2,1, , ,N,1,2,0,3,0,2,3,2, , ,40 03:15.344,75 03:47.239,1014, ,1001, ,0, , , ,3, , , , , , , , , ,2,1,0,0,0,0,1,0,0,0,0,2,2,0,0,0,0,0,0,0,1,0,0,2,0,0,0,0,0,0,0,0,0,0,0,4,0,40.0543,-75.0631, , 
73073,808678,2011082727,6,67,67301,2011,7,6,55,0,3,1,0,7,4, , ,N,0,0,0,3,0,2,2,1,N, ,40 05:09.766,75 03:36.172,105, ,100,9,2,5, , ,0,Y, , , , , , , , ,1,1,0,0,0,0,0,0,0,1,0,1,2,0,0,0,0,0,0,0,0,0,0,2,0,1,0,0,0,0,0,0,0,0,0,2,0,40.086,-75.06, , 
73074,808684,2011091030,6,67,67301,2011,5,6,1957,19,4,1,0,4,1, , ,N,1,2,0,3,0,2,3,3,N,N,39 59:11.018,75 10:10.592,2001, ,2000,3,2,6,N, ,3,Y, , , , , , , , ,2,1,0,0,0,0,0,0,0,0,2,0,2,0,0,0,0,0,1,0,1,0,0,0,0,0,0,0,0,0,0,0,0,0,0,3,0,39.9864,-75.1696, , 
73075,808686,2011092948,6,67,67301,2011,8,5,1841,18,1,1,0,4,1, , ,N,0,0,0,3,0,0,4,3,N, ,39 58:13.478,75 14:24.318,1849, ,1847, ,0, , , ,0, , , , , , , , , ,3,1,0,0,0,0,2,0,0,0,0,0,0,0,0,0,0,0,0,0,0,0,0,0,0,0,0,0,0,0,0,0,0,0,0,0,0,39.9704,-75.2401, , 
73076,808718,2011028976,6,67,67301,2011,2,1,1545,15,1,1,0,1,1, , ,N,0,0,0,3,0,1,3,2,N,N,40 04:49.708,75 01:41.131,1551, ,1546,2,2,3, , ,0,Y, , , , , , , , ,2,1,0,0,0,0,0,1,0,0,0,1,1,0,0,0,0,1,0,0,0,0,0,0,0,0,0,0,0,0,0,0,0,0,0,4,0,40.0805,-75.0281, , 
73077,808747,2011061737,6,67,67301,2011,5,3,2124,21,3,2,1,1,1, , ,N,1,2,0,3,0,1,2,2, , ,40 03:05.569,75 09:00.387,2130, ,2124, ,0, , , ,3, , , , , , , , , ,2,1,0,0,0,0,1,0,0,0,0,0,1,1,0,0,0,0,0,0,1,0,0,1,0,0,0,0,0,0,0,0,0,0,0,8,0,40.0517,-75.1503, , 
73078,808748,2011064025,6,67,67301,2011,5,1,148,1,3,1,0,7,5, , ,N,0,0,0,3,0,0,1,1,N,N,39 58:47.060,75 10:24.355,150, ,148, ,0, ,N, ,0, , , , , , , , , ,1,1,0,0,0,0,0,0,0,0,0,0,0,0,0,0,0,0,0,0,0,0,0,0,0,0,0,0,0,0,0,0,0,0,0,0,0,39.9797,-75.1734, , 
73079,808749,2011064088,6,67,67301,2011,5,6,945,9,1,2,1,4,1, , ,N,1,2,0,3,0,0,2,2,N,N,40 02:36.261,75 11:28.345,1029, ,1022, ,0, ,N, ,3, , , , , , , , , ,2,2,0,0,0,0,0,0,0,0,0,0,0,0,0,0,0,0,0,0,1,0,0,0,0,0,0,0,0,0,0,0,0,0,0,0,0,40.0434,-75.1912, , 
73080,808765,2011031106,6,67,67301,2011,3,1,1906,19,4,1,0,0,1, , ,N,0,0,0,3,0,1,1,2,N,N,40 01:29.038,75 01:48.433,1913, ,1908,1,2,2,N, ,0,N, , , , , , , , ,1,0,1,0,0,0,0,0,0,0,1,0,1,0,0,0,0,0,0,0,0,0,0,0,0,0,0,0,0,0,0,0,0,0,0,3,0,40.0248,-75.03, , 
73081,808787,2011054338,6,67,67301,2011,4,1,1408,14,1,1,0,7,5, , ,N,0,0,0,3,0,1,1,1,N,N,40 05:30.173,74 57:55.167,1412, ,1409,9,2,5,N, ,0,Y, , , , , , , , ,1,1,0,0,0,0,0,0,0,0,0,0,1,1,0,0,0,0,0,0,1,0,0,0,0,0,0,0,0,0,0,0,0,0,0,8,0,40.0917,-74.9653, , 
73082,808792,2011061760,6,67,67301,2011,5,2,1110,11,1,1,0,4,1, , ,N,1,2,0,3,0,0,2,2,N,N,39 57:06.275,75 09:29.915,1110, ,1110, ,0, ,N, ,3, , , , , , , , , ,2,1,0,0,0,1,0,0,0,0,0,0,0,0,2,0,0,0,0,0,0,0,1,0,0,0,0,0,0,0,0,0,0,0,0,9,1,39.9517,-75.1582, , 
73083,808802,2011054381,6,67,67301,2011,4,7,1212,12,1,2,1,1,1, , ,N,0,0,0,3,0,2,5,2,N,N,40 00:59.894,75 03:51.575,1229, ,1214, ,0, ,N, ,0, , , , , , , , , ,2,1,0,0,0,0,1,0,0,0,0,2,2,0,0,0,0,0,0,0,0,0,0,0,0,0,0,0,0,0,0,0,0,0,0,4,0,40.0166,-75.0643, , 