objectid_1,objectid,crn,district,county,municipality,crash_year,crash_month,day_of_week,time_of_day,hour_of_day,illumination,weather,road_condition,collision_type,relation_to_road,work_zone_type,work_zone_loc,work_zone_ind,intersect_type,tcd_type,location_type,urban_rural,fatal_count,injury_count,person_count,total_units,sch_bus_ind,sch_zone_ind,latitude,longitude,arrival_tm,cons_zone_spd_lim,dispatch_tm,est_hrs_closed,lane_closed,ln_close_dir,ntfy_hiwy_maint,spec_juris_cd,tcd_func_cd,tfc_detour_ind,workers_pres,wz_close_detour,wz_flagger,wz_law_offcr_ind,wz_ln_closure,wz_moving,wz_other,wz_shlder_mdn,vehicle_count,automobile_count,motorcycle_count,bus_count,small_truck_count,heavy_truck_count,suv_count,van_count,bicycle_count,maj_inj_count,mod_inj_count,min_inj_count,tot_inj_count,unk_inj_deg_count,unk_inj_per_count,driver_count_16yr,driver_count_17yr,driver_count_18yr,driver_count_19yr,driver_count_20yr,driver_count_50_64yr,driver_count_65_74yr,driver_count_75plus,unbelted_occ_count,unb_death_count,unb_maj_inj_count,belted_death_count,belted_maj_inj_count,mcycle_death_count,mcycle_maj_inj_count,bicycle_death_count,bicycle_maj_inj_count,ped_count,ped_death_count,ped_maj_inj_count,max_severity_level,comm_veh_count,dec_lat,dec_long,rdwy_surf_type_cd,county_name
73084,808823,2011028203,6,67,67301,2011,1,6,900,9,1,4,3,4,1, , ,N,1,3,0,3,0,1,2,2,N,N,39 59:58.408,75 07:26.378,917, ,916, ,0, , , ,3, , , , , , , , , ,2,2,0,0,0,0,0,0,0,0,1,0,1,0,0,0,0,0,0,0,0,0,0,0,0,0,0,0,0,0,0,0,0,0,0,3,0,39.9996,-75.124, , 
73085,808860,2011076297,6,67,67301,2011,6,1,1325,13,1,1,1,1,1, , ,N,1,2,0,3,0,1,6,4,N,N,39 58:30.845,75 07:15.894,1333, ,1328, ,0, ,N, ,3, , , , , , , , , ,4,3,0,0,0,0,0,1,0,0,0,1,1,0,0,0,0,0,0,0,1,1,0,0,0,0,0,0,0,0,0,0,0,0,0,4,0,39.9746,-75.1218, , 
73086,812190,2011096352,6,67,67301,2011,8,3,1319,13,1,1,0,4,1, , ,N,1,2,0,3,0,0,2,2,N,N,40 05:57.001,74 59:12.911,1319, ,1319, ,0, ,N, ,3, , , , , , , , , ,2,1,0,0,1,0,0,0,0,0,0,0,0,0,0,0,0,0,0,0,2,0,0,0,0,0,0,0,0,0,0,0,0,0,0,0,0,40.0992,-74.9869, , 
73087,812193,2011100702,6,67,67301,2011,9,6,1620,16,1,1,0,1,1, , ,N,1,2,0,3,0,1,2,2,N,N,40 00:02.919,75 08:36.013,1624, ,1623, ,0, , , ,3, , , , , , , , , ,2,1,1,0,0,0,0,0,0,0,0,1,1,0,0,0,0,0,0,0,1,0,0,0,0,0,0,0,0,0,0,0,0,0,0,4,0,40.0008,-75.1434, , 
73088,812194,2011100891,6,67,67301,2011,8,3,1202,12,1,1,0,4,1, , ,N,1,0,0,3,0,1,2,2,N, ,39 56:09.060,75 10:25.561,1205, ,1202, ,0, , , ,0, , , , , , , , , ,1,1,0,0,0,0,0,0,1,0,1,0,1,0,1,0,0,0,0,0,0,0,0,0,0,0,0,0,0,0,0,0,0,0,0,3,0,39.9359,-75.1738, , 
73089,812196,2011106754,6,67,67301,2011,9,4,1606,16,1,1,0,1,1, , ,N,0,0,0,3,0,0,2,2,N,N,40 01:23.082,75 02:05.999,1633, ,1609, ,0, ,N, ,0, , , , , , , , , ,2,1,0,0,0,0,1,0,0,0,0,0,0,0,0,0,0,0,0,0,0,0,1,0,0,0,0,0,0,0,0,0,0,0,0,0,0,40.0231,-75.0351, , 
73090,812200,2011112166,6,67,67301,2011,10,2,1140,11,1,1,0,8,1, , ,N,0,0,0,3,0,1,2,2,N,N,40 00:37.674,75 05:59.884,1148, ,1145, ,0, , , ,0, , , , , , , , , ,1,1,0,0,0,0,0,0,0,0,0,0,1,1,0,0,0,0,0,0,0,0,0,0,0,0,0,0,0,0,0,0,1,0,0,8,0,40.0105,-75.1, , 
73091,812223,2011068737,6,67,67301,2011,6,6,2300,23,3,1,0,8,1, , ,N,0,0,0,3,1,0,2,2,N,N,39 58:15.090,75 12:55.070,2300, ,2300, ,0, ,N,0,0, , , , , , , , , ,1,1,0,0,0,0,0,0,0,0,0,0,0,0,0,0,0,0,0,0,1,0,0,1,0,0,0,0,0,0,0,0,1,1,0,1,0,39.9709,-75.2153,2, 
73092,812238,2011081381,6,67,67301,2011,8,1,123,1,3,2,1,7,3, , ,N,0,8,8,3,0,0,1,1,N,N,39 57:13.922,75 08:22.655,123, ,123, ,0, ,N, ,3, , , , , , , , , ,1,1,0,0,0,0,0,0,0,0,0,0,0,0,0,0,0,0,0,0,0,0,0,1,0,0,0,0,0,0,0,0,0,0,0,0,0,39.954,-75.1396, , 
73093,812245,2011093036,6,67,67301,2011,8,7,2143,21,3,1,0,8,1, , ,N,1,3,0,3,0,1,2,2,N,N,39 57:45.190,75 13:57.158,2145, ,2145, ,0, ,N, ,3, , , , , , , , , ,1,1,0,0,0,0,0,0,1,0,0,1,1,0,0,0,0,0,0,0,0,0,1,0,0,0,0,0,0,0,0,0,0,0,0,4,0,39.9626,-75.2325, , 
73094,812247,2011095501,6,67,67301,2011,8,3,1148,11,1,1,0,7,1, , ,N,0,2,0,3,0,2,2,1,N,N,40 01:20.116,75 08:19.186,1156, ,1152,3,2,4,N, ,3,N, , , , , , , , ,1,0,0,0,1,0,0,0,0,0,1,1,2,0,0,0,0,0,0,0,0,0,0,1,0,0,0,0,0,0,0,0,0,0,0,3,0,40.0223,-75.1386, , 
73095,812277,2011064097,6,67,67301,2011,5,4,1806,18,1,1,0,5,1, , ,N,1,2,0,3,0,1,4,3,N,N,39 57:28.066,75 09:36.785,1811, ,1806, ,0, , , ,3, , , , , , , , , ,3,3,0,0,0,0,0,0,0,0,0,1,1,0,1,0,0,0,0,0,0,0,0,1,0,0,0,0,0,0,0,0,0,0,0,4,0,39.9578,-75.1602, , 
73096,812281,2011066205,6,67,67301,2011,5,6,9999,99,3,1,0,1,4, , ,N,0,0,0,3,0,1,1,3, , ,39 56:37.444,75 14:45.843,2240, ,2235, ,0, , , ,0, , , , , , , , , ,3,3,0,0,0,0,0,0,0,0,1,0,1,0,0,0,0,0,0,1,0,0,0,0,0,0,0,0,0,0,0,0,0,0,0,3,0,39.9437,-75.2461, , 
73097,812313,2011096680,6,67,67301,2011,9,7,1121,11,1,2,1,7,2, , ,N,0,0,99,3,0,1,1,1,N,N,39 55:19.188,75 11:18.779,1121, ,1121, ,0, ,N, ,0, , , , , , , , , ,1,1,0,0,0,0,0,0,0,0,0,1,1,0,0,0,0,0,0,1,0,0,0,0,0,0,0,0,0,0,0,0,0,0,0,4,0,39.922,-75.1886, , 
73098,812315,2011068511,6,67,67301,2011,6,4,846,8,1,1,0,4,1, , ,N,1,3,0,3,0,1,2,2,N,N,40 02:02.662,75 01:47.441,851, ,850, ,0, , , ,3, , , , , , , , , ,2,2,0,0,0,0,0,0,0,0,0,1,1,0,0,0,0,0,0,0,1,0,0,0,0,0,0,0,0,0,0,0,0,0,0,4,0,40.0341,-75.0298, , 
73099,812335,2011023173,6,67,67301,2011,1,6,1515,15,1,1,6,4,1, , ,N,1,2,0,3,0,0,3,3,N,N,40 02:44.514,75 01:53.568,1523, ,1518, ,0, ,N, ,3, , , , , , , , , ,3,2,0,0,0,0,1,0,0,0,0,0,0,0,0,0,0,0,0,0,2,0,0,0,0,0,0,0,0,0,0,0,0,0,0,0,0,40.0457,-75.0315, , 
73100,812340,2011033555,6,67,67301,2011,3,6,830,8,1,1,0,5,1, , ,N,0,0,0,3,0,2,3,3, , ,39 56:28.269,75 11:01.204,9999, ,836, ,0, ,N, ,0, , , , , , , , , ,3,3,0,0,0,0,0,0,0,0,0,2,2,0,1,0,0,0,0,0,0,0,0,3,0,0,0,0,0,0,0,0,0,0,0,4,0,39.9412,-75.1837, , 
73101,812355,2011056825,6,67,67301,2011,5,3,1323,13,1,1,0,4,1, , ,N,1,3,2,3,0,1,4,2,N,N,39 55:34.782,75 08:46.917,1340, ,1326,2,2,7,N, ,3,Y, , , , , , , , ,2,1,0,0,0,1,0,0,0,0,0,1,1,0,0,0,0,0,0,0,1,0,0,1,0,0,0,0,0,0,0,0,0,0,0,4,1,39.9263,-75.1464, , 
73102,812363,2011057290,6,67,67301,2011,4,5,1755,17,1,1,0,4,1, , ,N,1,2,0,3,0,1,2,2,N,N,40 04:50.449,75 01:42.488,1800, ,1755,1,1,1,N, ,3,N, , , , , , , , ,2,2,0,0,0,0,0,0,0,0,0,1,1,0,0,0,0,0,0,0,0,0,0,0,0,0,0,0,0,0,0,0,0,0,0,4,0,40.0808,-75.0284, , 
73103,812380,2011078165,6,67,67301,2011,6,5,727,7,1,1,0,4,2, , ,N,0,0,0,3,0,1,2,2,N,N,40 04:05.470,75 04:04.320,735, ,727, ,0, ,N, ,0, , , , , , , , , ,1,1,0,0,0,0,0,0,1,0,1,0,1,0,0,0,0,0,0,0,0,0,0,0,0,0,0,0,0,0,0,0,0,0,0,3,0,40.0682,-75.0679, , 
73104,814261,2011082519,6,67,67301,2011,7,6,722,7,1,1,0,4,2, , ,N,0,0,7,3,0,1,2,2,N,N,39 56:19.330,75 13:17.424,9999, ,7, ,0, ,N, ,0, , , , , , , , , ,1,0,0,0,0,1,0,0,1,0,0,1,1,0,0,0,0,0,0,0,1,0,0,0,0,0,0,0,0,0,0,0,0,0,0,4,1,39.9387,-75.2215, , 
73105,814265,2011088341,6,67,67301,2011,7,5,751,7,1,1,0,1,1, , ,N,0,0,0,3,0,1,2,3,N,N,39 57:33.723,75 10:25.542,759, ,754,1,1,4,N, ,0,N, , , , , , , , ,2,2,0,0,0,0,0,0,0,0,0,1,1,0,0,0,0,0,0,0,0,0,0,0,0,0,0,0,0,0,0,0,0,0,0,4,0,39.9594,-75.1738, , 
73106,814274,2011096349,6,67,67301,2011,7,1,1444,14,1,1,0,1,1, , ,N,0,0,0,3,0,2,3,3,N,N,39 59:05.452,75 09:23.683,1454, ,1454,1,1,2,N, ,0,N, , , , , , , , ,3,2,0,0,0,0,1,0,0,0,0,2,2,0,1,0,1,0,0,0,1,0,0,0,0,0,0,0,0,0,0,0,0,0,0,4,0,39.9848,-75.1566, , 
73107,814300,2011104727,6,67,67301,2011,8,2,2147,21,3,1,0,0,1, , ,N,0,0,0,3,0,0,2,2,N,N,39 58:07.544,75 07:42.078,2204, ,2200,1,1,5,N, ,0,N, , , , , , , , ,2,1,0,0,1,0,0,0,0,0,0,0,0,0,0,0,0,0,0,0,1,0,0,0,0,0,0,0,0,0,0,0,0,0,0,0,0,39.9688,-75.1282, , 
73108,814307,2011112199,6,67,67301,2011,9,4,1925,19,3,1,0,1,1, , ,N,1,2,0,3,0,1,3,2,N,N,40 00:05.705,75 09:10.074,1935, ,1935, ,0, ,N, ,3, , , , , , , , , ,2,1,0,0,0,0,1,0,0,0,0,1,1,0,0,0,0,0,0,0,0,0,0,1,0,0,0,0,0,0,0,0,0,0,0,4,0,40.0016,-75.1528, , 
73109,814308,2011112347,6,67,67301,2011,10,5,857,8,1,1,0,4,1, , ,N,0,0,0,3,0,2,2,2,N,N,39 57:37.102,75 08:16.526,859, ,857, ,0, ,N, ,0, , , , , , , , , ,2,2,0,0,0,0,0,0,0,0,0,2,2,0,0,0,0,0,0,0,0,0,0,0,0,0,0,0,0,0,0,0,0,0,0,4,0,39.9603,-75.1379, , 
73110,814313,2011122836,6,67,67301,2011,11,5,839,8,1,1,0,8,1, , ,N,2,2,0,3,0,1,2,2,N,N,39 58:34.521,75 12:33.579,842, ,839, ,0, ,N, ,3, , , , , , , , , ,1,1,0,0,0,0,0,0,0,0,0,0,1,1,0,0,0,0,0,0,1,0,0,0,0,0,0,0,0,0,0,0,1,0,0,8,0,39.9763,-75.2093, , 
73111,814345,2011095404,6,67,67301,2011,8,3,2309,23,3,1,0,1,1, , ,N,0,0,0,3,0,0,3,2,N,N,39 56:35.808,75 08:49.966,20, ,15, ,0, ,N, ,0, , , , , , , , , ,2,1,0,1,0,0,0,0,0,0,0,0,0,0,1,0,0,0,0,0,0,0,0,0,0,0,0,0,0,0,0,0,0,0,0,9,1,39.9433,-75.1472, , 
73112,814346,2011095425,6,67,67301,2011,7,1,337,3,3,1,0,1,1, , ,N,1,2,0,3,0,1,2,2,N, ,40 03:49.064,75 08:23.697,9999, ,337,4,2,6, , ,3,Y, , , , , , , , ,2,2,0,0,0,0,0,0,0,0,0,0,1,1,1,0,0,0,0,0,1,0,0,1,0,0,0,0,0,0,0,0,0,0,0,8,0,40.0146,-75.1567, , 
73113,814366,2011082593,6,67,67301,2011,7,1,1545,15,1,1,0,1,1, , ,N,2,0,0,3,0,1,2,2,N,N,40 07:20.334,75 00:47.260,1605, ,1600, ,0, ,N, ,0, , , , , , , , , ,2,2,0,0,0,0,0,0,0,0,0,1,1,0,0,0,0,0,0,0,0,0,0,0,0,0,0,0,0,0,0,0,0,0,0,4,0,40.1223,-75.0131, , 
73114,814367,2011082717,6,67,67301,2011,7,5,1300,13,1,1,0,8,1, , ,N,1,2,0,3,0,1,2,2,N,N,39 57:17.585,75 11:02.159,1335, ,1323, ,0, ,N, ,3, , , , , , , , , ,1,1,0,0,0,0,0,0,0,0,0,1,1,0,0,0,0,0,0,0,0,0,0,0,0,0,0,0,0,0,0,0,1,0,0,4,0,39.9549,-75.1839, , 
73115,814372,2011085758,6,67,67301,2011,8,3,2030,20,2,1,0,1,1, , ,N,0,0,0,3,0,1,2,2,N,N,40 00:09.495,75 11:40.035,2041, ,2039, ,0, ,N, ,0, , , , , , , , , ,2,0,1,0,0,0,0,1,0,0,0,1,1,0,0,0,0,0,0,0,0,0,0,0,0,0,0,0,0,0,0,0,0,0,0,4,0,40.0026,-75.1945, , 
73116,814376,2011087914,6,67,67301,2011,8,2,1830,18,1,1,0,1,1, , ,N,0,0,0,3,0,1,2,2,N,N,40 01:47.057,75 02:09.278,1935, ,1930, ,0, ,N, ,0, , , , , , , , , ,2,1,0,0,1,0,0,0,0,0,0,1,1,0,0,0,0,0,0,0,1,0,0,0,0,0,0,0,0,0,0,0,0,0,0,4,0,40.0295,-75.0347, , 
73117,814393,2011118495,6,67,67301,2011,10,3,1838,18,3,1,0,2,1, , ,N,1,2,0,3,0,0,3,2,N,N,40 03:08.339,75 00:28.750,1855, ,1852, ,0, ,N, ,3, , , , , , , , , ,2,1,0,0,0,0,0,1,0,0,0,0,0,0,2,0,1,0,0,0,0,0,0,0,0,0,0,0,0,0,0,0,0,0,0,9,0,40.0523,-75.008, , 
73118,814412,2011082536,6,67,67301,2011,7,7,210,2,3,1,0,1,1, , ,N,0,0,0,3,0,1,2,2,N,N,39 57:11.814,75 09:14.888,210, ,210, ,0, ,N, ,0, , , , , , , , , ,2,2,0,0,0,0,0,0,0,0,0,0,1,1,1,0,0,0,0,0,0,0,0,1,0,0,0,0,0,0,0,0,0,0,0,8,0,39.9533,-75.1541, , 
73119,814427,2011097091,6,67,67301,2011,9,5,2014,20,3,1,0,1,1, , ,N,6,0,2,3,0,0,2,2,N,N,39 57:59.300,75 11:13.674,2026, ,2019,1,2,4,N, ,0,N, , , , , , , , ,2,0,0,0,0,0,2,0,0,0,0,0,0,0,0,0,0,0,0,0,0,0,0,0,0,0,0,0,0,0,0,0,0,0,0,0,0,39.967,-75.1879, , 
73120,814439,2011076062,6,67,67301,2011,6,2,9999,99,1,1,0,7,5, , ,N,1,2,0,3,0,0,2,1,N,N,39 58:10.977,75 08:29.403,1010, ,1002, ,0, ,N, ,3, , , , , , , , , ,1,1,0,0,0,0,0,0,0,0,0,0,0,0,0,0,0,0,0,0,0,0,0,0,0,0,0,0,0,0,0,0,0,0,0,0,0,39.9697,-75.1416, , 
73121,814454,2011090560,6,67,67301,2011,6,4,1430,14,1,1,0,1,1, , ,N,0,2,0,3,0,1,2,2,N,N,39 58:54.280,75 11:18.878,1500, ,1111, ,0, ,N, ,3, , , , , , , , , ,2,1,0,0,0,1,0,0,0,0,0,0,1,1,1,0,0,0,0,0,0,0,0,0,0,0,0,0,0,0,0,0,0,0,0,8,1,39.9817,-75.1886, , 
73122,814459,2011098119,6,67,67301,2011,8,2,812,8,5,1,0,8,1, , ,N,5,2,0,3,0,1,2,2,N,N,39 55:29.812,75 13:24.391,2016, ,2014, ,0, , , ,3, , , , , , , , , ,1,0,0,0,0,0,0,0,0,0,0,1,1,0,0,0,0,0,0,0,0,0,0,0,0,0,0,0,0,0,0,0,1,0,0,4,0,39.9249,-75.2234, , 
73123,805131,2011093736,6,67,67301,2011,8,1,100,1,3,2,1,7,5, , ,N,2,2,0,3,0,2,2,1,N,N,40 01:37.902,75 06:52.753,1401, ,1400, ,0, ,N, ,3, , , , , , , , , ,1,0,0,0,0,1,0,0,0,0,0,0,2,2,0,0,0,0,0,0,0,0,0,0,0,0,0,0,0,0,0,0,0,0,0,8,1,40.0272,-75.1145, , 
73124,805143,2011054264,6,67,67301,2011,4,6,2200,22,3,1,0,4,1, , ,N,0,0,0,3,0,2,2,2,N, ,40 01:33.164,75 07:01.934,2310, ,2300, ,0, , , ,0, , , , , , , , , ,2,2,0,0,0,0,0,0,0,0,0,0,2,2,0,0,0,0,0,1,0,0,0,0,0,0,0,0,0,0,0,0,0,0,0,8,0,40.0259,-75.1172, , 
73125,805162,2011093013,6,67,67301,2011,8,7,110,1,3,2,1,8,1, , ,N,5,2,0,3,0,1,2,2,N,N,40 01:34.507,75 07:01.776,117, ,113, ,0, ,N, ,3, , , , , , , , , ,1,1,0,0,0,0,0,0,0,0,0,1,1,0,1,0,0,0,0,0,0,0,0,0,0,0,0,0,0,0,0,0,1,0,0,4,0,40.0264,-75.1172, , 
73126,805179,2011106170,6,67,67301,2011,9,2,1030,10,1,1,0,4,1, , ,N,0,0,7,3,0,1,3,2,N, ,39 59:46.456,75 06:47.627,1105, ,1102, ,0, , , ,0, , , , , , , , , ,2,1,0,0,0,0,0,1,0,0,0,1,1,0,0,0,0,0,0,0,1,0,0,0,0,0,0,0,0,0,0,0,0,0,0,4,0,39.9962,-75.1132, , 
73127,805186,2011115434,6,67,67301,2011,10,7,1550,15,1,1,0,4,1, , ,N,2,3,0,3,0,2,3,2,N,N,39 57:22.441,75 14:53.151,1555, ,1551, ,0, ,N, ,3, , , , , , , , , ,2,2,0,0,0,0,0,0,0,0,0,1,2,1,0,0,0,0,0,0,1,0,0,0,0,0,0,0,0,0,0,0,0,0,0,4,0,39.9562,-75.2481, , 
73128,805195,2011066043,6,67,67301,2011,6,5,1059,10,1,1,0,4,1, , ,N,1,2,0,3,0,1,2,2,N,N,39 58:54.847,75 10:14.127,1100, ,1059, ,0, ,N, ,3, , , , , , , , , ,2,0,1,0,0,0,0,1,0,0,1,0,1,0,0,0,0,0,0,0,1,0,0,0,0,0,0,0,0,0,0,0,0,0,0,3,0,39.9819,-75.1706, , 
73129,805212,2011090360,6,67,67301,2011,8,1,9999,99,8,2,1,4,1, , ,N,1,2,0,3,0,2,2,2,N, ,39 58:08.526,75 09:36.120,706, ,705, ,0, , , ,3, , , , , , , , , ,2,2,0,0,0,0,0,0,0,0,0,0,2,2,0,0,0,0,0,0,0,1,0,0,0,0,0,0,0,0,0,0,0,0,0,8,0,39.9689,-75.1599, , 
73130,805213,2011091028,6,67,67301,2011,8,6,736,7,1,1,0,4,1, , ,N,1,2,0,3,0,1,2,2,N,N,40 01:50.664,75 07:20.636,749, ,746, ,0, ,N, ,3, , , , , , , , , ,2,1,0,0,0,0,1,0,0,0,0,0,1,1,0,0,0,0,0,0,0,0,0,0,0,0,0,0,0,0,0,0,0,0,0,8,0,40.0307,-75.1224, , 
73131,805243,2011015914,6,67,67301,2011,1,3,2300,23,3,4,3,5,1, , ,N,0,0,0,3,0,1,1,4,N,N,40 01:15.423,75 09:49.665,2310, ,2300, ,0, ,N, ,0, , , , , , , , , ,3,2,0,0,1,0,0,0,0,0,0,0,1,1,0,0,0,0,0,0,0,0,0,0,0,0,0,0,0,0,0,0,0,0,0,8,0,40.021,-75.1638, , 
73132,805269,2011044947,6,67,67301,2011,4,1,819,8,1,1,0,4,1, , ,N,0,0,0,3,0,2,3,2,N,N,39 58:01.722,75 11:17.567,824, ,820, ,0, ,N, ,0, , , , , , , , , ,2,1,0,0,0,0,1,0,0,0,0,0,2,2,0,0,0,0,0,0,0,0,0,0,0,0,0,0,0,0,0,0,0,0,0,8,0,39.9671,-75.1882, , 
73133,805274,2011053603,6,67,67301,2011,4,4,1524,15,1,1,0,5,1, , ,N,0,0,0,3,0,0,1,2,N,N,39 58:08.279,75 08:03.128,1533, ,1533, ,0, ,N, ,0, , , , , , , , , ,2,1,0,0,1,0,0,0,0,0,0,0,0,0,0,0,0,0,0,1,0,0,0,0,0,0,0,0,0,0,0,0,0,0,0,0,0,39.969,-75.1342, , 
73134,805279,2011057451,6,67,67301,2011,5,4,1519,15,1,1,0,4,1, , ,N,2,3,0,3,0,1,2,2,N,N,40 03:42.209,75 02:36.280,1532, ,1522,1,1,2,N, ,3,N, , , , , , , , ,2,2,0,0,0,0,0,0,0,0,0,1,1,0,0,0,0,1,0,0,0,0,0,0,0,0,0,0,0,0,0,0,0,0,0,4,0,40.0617,-75.0434, , 
73135,805286,2011073219,6,67,67301,2011,6,3,1827,18,1,2,1,4,1, , ,N,1,2,0,3,0,1,3,2,N,N,40 04:50.725,75 01:42.964,1831, ,1828, ,0, ,N, ,3, , , , , , , , , ,2,2,0,0,0,0,0,0,0,0,0,1,1,0,0,0,0,0,0,0,0,0,0,0,0,0,0,0,0,0,0,0,0,0,0,4,0,40.0809,-75.0288, , 
73136,805294,2011064030,6,67,67301,2011,5,5,1950,19,4,2,1,1,1, , ,N,2,2,0,3,0,3,5,3,N,N,39 57:40.258,75 14:49.388,2145, ,2139, ,0, ,N, ,9, , , , , , , , , ,3,3,0,0,0,0,0,0,0,0,0,3,3,0,0,0,0,0,0,1,1,0,0,0,0,0,0,0,0,0,0,0,0,0,0,4,0,39.9612,-75.2471, , 
73137,805304,2011073226,6,67,67301,2011,6,2,1720,17,1,1,0,1,1, , ,N,1,2,0,3,0,1,2,2,N,N,39 58:34.962,75 15:50.756,2200, ,2200, ,0, ,N, ,3, , , , , , , , , ,2,2,0,0,0,0,0,0,0,0,0,1,1,0,0,0,0,0,0,0,0,0,0,0,0,0,0,0,0,0,0,0,0,0,0,4,0,39.9764,-75.2641, , 
73138,805323,2011092960,6,67,67301,2011,8,7,9999,99,1,1,0,1,1, , ,N,1,0,0,3,0,1,3,3,N,N,40 01:40.843,75 07:56.434,1700, ,1700, ,0, ,N, ,0, , , , , , , , , ,3,3,0,0,0,0,0,0,0,0,0,1,1,0,2,0,0,0,0,0,0,0,0,2,0,0,0,0,0,0,0,0,0,0,0,4,0,40.028,-75.1323, , 
73139,805328,2011100900,6,67,67301,2011,9,2,2139,21,3,1,0,8,1, , ,N,0,0,0,3,0,1,2,2,N,N,39 59:44.870,75 07:02.840,1236, ,1229, ,0, ,N, ,0, , , , , , , , , ,1,1,0,0,0,0,0,0,0,0,0,0,1,1,0,0,0,0,0,0,0,0,0,0,0,0,0,0,0,0,0,0,1,0,0,8,0,39.9958,-75.1175, , 
73140,805333,2011064101,6,67,67301,2011,5,3,1900,19,1,1,0,4,1, , ,N,1,2,2,3,0,0,3,2,N,N,40 01:34.863,75 01:39.969,1945, ,1934,2,2,2,N, ,3,Y, , , , , , , , ,2,1,0,0,0,1,0,0,0,0,0,0,0,0,0,0,0,0,0,0,0,0,0,1,0,0,0,0,0,0,0,0,0,0,0,0,1,40.0213,-75.0417, , 
73141,808868,2011085479,6,67,67301,2011,7,2,1706,17,1,1,0,4,1, , ,N,1,2,0,3,0,0,5,2,N,N,39 54:17.114,75 10:06.769,1710, ,1706,1,1,1,N, ,3,N, , , , , , , , ,2,1,0,0,0,0,1,0,0,0,0,0,0,0,0,0,0,0,0,0,0,0,0,0,0,0,0,0,0,0,0,0,0,0,0,0,0,39.9048,-75.1685, , 
73142,808870,2011088074,6,67,67301,2011,7,4,131,1,3,1,0,4,1, , ,N,0,0,7,3,0,3,3,2,N,N,40 01:08.305,75 08:50.262,140, ,130, ,0, ,N, ,0, , , , , , , , , ,2,1,0,0,0,0,0,1,0,0,0,3,3,0,0,0,0,0,0,0,0,0,0,0,0,0,0,0,0,0,0,0,0,0,0,4,0,40.019,-75.1473, , 
73143,808879,2011095393,6,67,67301,2011,8,2,1140,11,1,1,0,0,1, , ,N,3,3,0,3,0,1,1,2,N,N,39 58:34.528,75 07:11.099,1420, ,1411, ,0, ,N, ,3, , , , , , , , , ,1,0,1,0,0,0,0,0,0,0,0,1,1,0,0,0,0,0,0,0,0,0,0,0,0,0,0,0,0,0,0,0,0,0,0,4,0,39.9758,-75.1202, , 
73144,808938,2011042398,6,67,67301,2011,4,3,1845,18,1,1,0,1,1, , ,N,0,0,0,3,0,2,4,2,N,N,39 57:29.966,75 09:58.741,1907, ,1859, ,0, ,N, ,0, , , , , , , , , ,2,2,0,0,0,0,0,0,0,0,0,2,2,0,0,0,0,0,0,0,0,0,0,0,0,0,0,0,0,0,0,0,0,0,0,4,0,39.9583,-75.1663, , 
73145,808968,2011028990,6,67,67301,2011,2,2,546,5,5,1,0,5,1, , ,N,0,0,0,3,0,1,2,2,N,N,40 00:36.808,75 11:08.681,625, ,606,1,2,2,N, ,0,N, , , , , , , , ,2,2,0,0,0,0,0,0,0,0,0,1,1,0,0,0,0,0,0,0,0,0,0,0,0,0,0,0,0,0,0,0,0,0,0,4,0,40.0102,-75.1857, , 
73146,809008,2011073865,6,67,67301,2011,6,2,1452,14,1,1,0,4,1, , ,N,1,2,0,3,0,2,3,2,N,N,40 02:25.164,75 03:30.735,1504, ,1453,1,1,1,N, ,3,N, , , , , , , , ,2,2,0,0,0,0,0,0,0,0,0,2,2,0,0,0,0,0,0,0,1,0,0,0,0,0,0,0,0,0,0,0,0,0,0,4,0,40.0403,-75.0585, , 
73147,809034,2011100884,6,67,67301,2011,9,4,800,8,1,1,0,4,1, , ,N,1,2,0,3,0,0,3,3,N,N,40 02:06.884,75 08:44.049,830, ,816, ,0, ,N, ,3, , , , , , , , , ,3,3,0,0,0,0,0,0,0,0,0,0,0,0,0,0,0,0,0,0,0,0,0,1,0,0,0,0,0,0,0,0,0,0,0,0,0,40.0352,-75.1455, , 
73148,809038,2011106199,6,67,67301,2011,9,6,1138,11,1,2,1,4,1, , ,N,2,2,0,3,0,1,2,3,N,N,40 06:01.721,75 01:46.861,1138, ,1138, ,0, ,N, ,3, , , , , , , , , ,3,1,0,0,2,0,0,0,0,0,0,1,1,0,0,0,0,0,0,0,0,1,0,0,0,0,0,0,0,0,0,0,0,0,0,4,0,40.1005,-75.0297, , 
73149,809043,2011061764,6,67,67301,2011,5,5,2100,21,3,1,1,8,1, , ,N,0,0,0,3,0,1,2,2, , ,39 56:05.924,75 09:31.474,2210, ,2205, ,0, , , ,0, , , , , , , , , ,1,1,0,0,0,0,0,0,0,0,0,0,1,1,0,0,0,0,0,0,0,0,0,0,0,0,0,0,0,0,0,0,1,0,0,8,0,39.935,-75.1587, , 
73150,809045,2011064032,6,67,67301,2011,5,3,1930,19,4,1,0,4,1, , ,N,2,2,0,3,0,1,2,2,N,N,39 57:39.331,75 14:41.973,1937, ,1934, ,0, ,N, ,3, , , , , , , , , ,2,1,0,0,0,0,0,1,0,0,1,0,1,0,0,0,0,0,0,0,1,0,0,0,0,0,0,0,0,0,0,0,0,0,0,3,0,39.9609,-75.245, , 