objectid_1,objectid,crn,district,county,municipality,crash_year,crash_month,day_of_week,time_of_day,hour_of_day,illumination,weather,road_condition,collision_type,relation_to_road,work_zone_type,work_zone_loc,work_zone_ind,intersect_type,tcd_type,location_type,urban_rural,fatal_count,injury_count,person_count,total_units,sch_bus_ind,sch_zone_ind,latitude,longitude,arrival_tm,cons_zone_spd_lim,dispatch_tm,est_hrs_closed,lane_closed,ln_close_dir,ntfy_hiwy_maint,spec_juris_cd,tcd_func_cd,tfc_detour_ind,workers_pres,wz_close_detour,wz_flagger,wz_law_offcr_ind,wz_ln_closure,wz_moving,wz_other,wz_shlder_mdn,vehicle_count,automobile_count,motorcycle_count,bus_count,small_truck_count,heavy_truck_count,suv_count,van_count,bicycle_count,maj_inj_count,mod_inj_count,min_inj_count,tot_inj_count,unk_inj_deg_count,unk_inj_per_count,driver_count_16yr,driver_count_17yr,driver_count_18yr,driver_count_19yr,driver_count_20yr,driver_count_50_64yr,driver_count_65_74yr,driver_count_75plus,unbelted_occ_count,unb_death_count,unb_maj_inj_count,belted_death_count,belted_maj_inj_count,mcycle_death_count,mcycle_maj_inj_count,bicycle_death_count,bicycle_maj_inj_count,ped_count,ped_death_count,ped_maj_inj_count,max_severity_level,comm_veh_count,dec_lat,dec_long,rdwy_surf_type_cd,county_name
73151,809054,2011064577,6,67,67301,2011,6,7,2041,20,1,1,0,1,1, , ,N,0,8,5,3,0,1,4,2,N,N,39 54:34.960,75 09:14.950,2042, ,2041, ,0, ,N, ,3, , , , , , , , , ,2,2,0,0,0,0,0,0,0,0,0,1,1,0,0,0,0,0,1,0,1,0,0,0,0,0,0,0,0,0,0,0,0,0,0,4,0,39.9097,-75.1542, , 
73152,809076,2011085463,6,67,67301,2011,7,4,1241,12,1,1,0,5,1, , ,N,0,0,0,3,0,1,2,2,N,N,40 00:11.070,75 06:05.158,1331, ,1314, ,0, ,N, ,0, , , , , , , , , ,2,1,0,0,1,0,0,0,0,0,1,0,1,0,0,0,0,0,0,0,0,0,0,0,0,0,0,0,0,0,0,0,0,0,0,3,0,40.0031,-75.1014, , 
73153,809081,2011090424,6,67,67301,2011,7,5,2122,21,3,1,0,4,1, , ,N,1,2,0,3,0,1,2,2,N,N,40 03:21.040,75 07:37.414,2127, ,2122, ,0, ,N, ,3, , , , , , , , , ,2,1,0,0,0,0,1,0,0,0,0,1,1,0,0,0,0,0,0,0,1,0,0,1,0,0,0,0,0,0,0,0,0,0,0,4,0,40.0558,-75.1271, , 
73154,809082,2011090469,6,67,67301,2011,7,6,9999,99,1,1,0,8,1, , ,N,0,0,0,3,0,1,2,2,N,N,39 59:29.022,75 09:33.091,9999, ,1634, ,0, ,N, ,0, , , , , , , , , ,1,1,0,0,0,0,0,0,0,0,0,1,1,0,0,0,0,0,0,0,0,0,0,0,0,0,0,0,0,0,0,0,1,0,0,4,0,39.9914,-75.1592, , 
73155,809083,2011090481,6,67,67301,2011,8,2,1715,17,1,1,0,8,1, , ,N,1,3,0,3,0,1,2,2,N, ,39 58:15.733,75 08:24.201,1735, ,1732, ,0, , , ,3, , , , , , , , , ,1,1,0,0,0,0,0,0,1,0,0,1,1,0,1,0,0,0,0,0,0,0,0,1,0,0,0,0,0,0,0,0,0,0,0,4,0,39.971,-75.1401, , 
73156,809087,2011098135,6,67,67301,2011,8,2,2125,21,3,1,0,7,2, , ,N,2,0,0,3,0,0,1,1,N,N,39 59:04.693,75 15:28.047,2151, ,2137,9,2,1,N, ,0,Y, , , , , , , , ,1,0,0,0,0,0,1,0,0,0,0,0,0,0,0,0,0,0,0,1,0,0,0,1,0,0,0,0,0,0,0,0,0,0,0,0,0,39.9846,-75.2578, , 
73157,809090,2011054126,6,67,67301,2011,4,6,1634,16,1,1,0,2,1, , ,N,0,0,7,3,0,2,2,2,N,N,39 54:18.060,75 13:27.021,1634, ,1634, ,0, ,N, ,0, , , , , , , , , ,2,2,0,0,0,0,0,0,0,0,2,0,2,0,0,0,0,0,0,0,0,1,0,0,0,0,0,0,0,0,0,0,0,0,0,3,0,39.9051,-75.2242, , 
73158,809099,2011065481,6,67,67301,2011,6,2,1241,12,1,1,0,1,1, , ,N,0,0,0,3,0,1,3,3,N,N,40 00:30.372,75 12:13.453,1259, ,1250, ,0, ,N, ,0, , , , , , , , , ,3,3,0,0,0,0,0,0,0,0,0,1,1,0,0,0,0,0,0,0,1,0,0,0,0,0,0,0,0,0,0,0,0,0,0,4,0,40.0084,-75.2037, , 
73159,812386,2011083469,6,67,67301,2011,7,1,43,0,3,1,0,1,1, , ,N,1,3,0,3,0,0,2,3,N, ,39 59:51.471,75 10:13.583,110, ,106, ,0, , , ,3, , , , , , , , , ,3,3,0,0,0,0,0,0,0,0,0,0,0,0,0,0,0,0,0,1,0,0,0,0,0,0,0,0,0,0,0,0,0,0,0,0,0,39.9976,-75.1704, , 
73160,812432,2011096351,6,67,67301,2011,8,5,1915,19,1,2,1,6,1, , ,N,0,0,0,3,0,1,2,2,N,N,39 59:44.270,75 11:29.452,1920, ,1915,1,1,2,N, ,0,N, , , , , , , , ,2,2,0,0,0,0,0,0,0,0,0,1,1,0,0,0,0,0,0,0,1,0,0,2,0,0,0,0,0,0,0,0,0,0,0,4,0,39.9956,-75.1915, , 
73161,812433,2011096946,6,67,67301,2011,9,7,2354,23,3,1,0,1,1, , ,N,7,0,2,3,0,3,3,2,N,N,39 57:26.940,75 08:48.293,404, ,2355,2,1,1,N, ,0,N, , , , , , , , ,2,2,0,0,0,0,0,0,0,0,0,3,3,0,0,0,0,0,0,0,0,0,0,0,0,0,0,0,0,0,0,0,0,0,0,4,0,39.9575,-75.1467, , 
73162,812435,2011098565,6,67,67301,2011,9,3,1500,15,1,2,1,4,1, , ,N,1,3,0,3,0,3,3,3,N,N,40 02:11.605,75 08:13.937,1540, ,1535, ,0, ,N, ,3, , , , , , , , , ,3,2,0,0,0,0,1,0,0,0,0,2,3,1,0,0,0,0,0,0,1,0,0,0,0,0,0,0,0,0,0,0,0,0,0,4,0,40.0366,-75.1372, , 
73163,812450,2011112172,6,67,67301,2011,10,6,1716,17,1,1,1,1,1, , ,N,0,0,0,3,0,1,2,2,N, ,40 06:07.325,75 01:41.283,1725, ,1717, ,0, , , ,0, , , , , , , , , ,2,2,0,0,0,0,0,0,0,0,0,1,1,0,0,0,0,0,0,0,1,0,0,0,0,0,0,0,0,0,0,0,0,0,0,4,0,40.102,-75.0281, , 
73164,812451,2011113020,6,67,67301,2011,10,1,240,2,3,4,6,7,1, , ,N,0,8,3,3,0,1,1,1,N,N,39 59:11.720,75 04:13.270,240, ,240, ,0, ,N, ,3, , , , , , , , , ,1,0,0,0,1,0,0,0,0,0,0,1,1,0,0,0,0,0,0,0,0,0,0,0,0,0,0,0,0,0,0,0,0,0,0,4,0,39.9866,-75.0704, , 
73165,812458,2011122247,6,67,67301,2011,11,7,1400,14,1,1,0,1,1, , ,N,0,0,0,3,0,1,3,2,N,N,39 59:22.192,75 12:21.801,1415, ,1415, ,0, ,N, ,0, , , , , , , , , ,2,1,0,0,0,0,1,0,0,0,0,1,1,0,0,0,0,0,0,0,0,0,0,0,0,0,0,0,0,0,0,0,0,0,0,4,0,39.9895,-75.2061, , 
73166,812466,2011064033,6,67,67301,2011,5,5,2315,23,3,1,0,8,1, , ,N,1,2,0,3,0,1,2,2,N,N,39 57:31.834,75 12:22.607,2330, ,2325, ,0, ,N, ,3, , , , , , , , , ,1,1,0,0,0,0,0,0,0,0,0,1,1,0,0,0,0,0,0,0,0,0,0,0,0,0,0,0,0,0,0,0,1,0,0,4,0,39.9588,-75.2063, , 
73167,812488,2011085035,6,67,67301,2011,7,4,9999,99,3,1,0,2,1, , ,N,2,0,0,3,0,1,3,2,N,N,39 56:45.808,75 14:21.628,2238, ,2230, ,0, ,N, ,0, , , , , , , , , ,2,2,0,0,0,0,0,0,0,0,0,0,1,1,2,0,0,0,0,0,0,0,0,3,0,0,0,0,0,0,0,0,0,0,0,8,0,39.9461,-75.2393, , 
73168,812512,2011075131,6,67,67301,2011,7,6,1730,17,1,1,0,1,1, , ,N,0,0,0,3,0,0,2,2,N,N,39 53:50.739,75 11:15.851,1741, ,1730,1,1,1,N, ,0,N, , , , , , , , ,2,1,0,0,0,0,1,0,0,0,0,0,0,0,0,0,0,0,0,0,0,0,0,0,0,0,0,0,0,0,0,0,0,0,0,0,0,39.8974,-75.1877, , 
73169,812521,2011082699,6,67,67301,2011,7,2,1818,18,1,1,0,8,1, , ,N,1,3,0,3,0,2,3,3,N, ,39 58:36.548,75 15:08.294,1830, ,1823, ,0, , , ,3, , , , , , , , , ,1,1,0,0,0,0,0,0,0,0,2,0,2,0,1,0,0,0,0,0,0,0,0,1,0,0,0,0,0,0,0,0,2,0,0,3,0,39.9768,-75.2523, , 
73170,812528,2011087862,6,67,67301,2011,8,4,2038,20,3,2,1,4,1, , ,N,10,2,0,3,0,1,2,2,N, ,40 01:05.185,75 08:04.246,2058, ,2051, ,0, , , ,3, , , , , , , , , ,1,1,0,0,0,0,0,0,1,0,0,1,1,0,1,0,0,0,0,0,0,0,0,1,0,0,0,0,0,0,0,0,0,0,0,4,0,40.0181,-75.1345, , 
73171,812545,2011108911,6,67,67301,2011,9,2,150,1,3,1,0,4,1, , ,N,1,2,0,3,0,1,3,2,N,N,40 01:47.921,75 06:15.655,159, ,153, ,0, ,N, ,3, , , , , , , , , ,2,1,0,0,0,0,1,0,0,0,0,1,1,0,2,0,0,0,0,0,1,0,0,0,0,0,0,0,0,0,0,0,0,0,0,4,0,40.0298,-75.1043, , 
73172,812576,2011082623,6,67,67301,2011,6,4,1805,18,1,1,0,5,1, , ,N,0,2,0,3,0,1,3,3,N,N,40 01:30.982,75 08:51.499,1855, ,1847, ,0, ,N, ,3, , , , , , , , , ,2,1,0,0,0,0,0,1,1,0,0,1,1,0,0,0,0,0,0,0,0,0,0,0,0,0,0,0,0,0,0,0,0,0,0,4,0,40.0253,-75.1476, , 
73173,812580,2011086872,6,67,67301,2011,8,6,1115,11,1,1,0,5,1, , ,N,10,0,0,3,0,1,3,2,N,N,39 55:29.773,75 11:36.074,1127, ,1120, ,0, ,N, ,0, , , , , , , , , ,2,1,0,0,0,0,1,0,0,0,0,1,1,0,0,0,0,0,1,0,0,0,0,0,0,0,0,0,0,0,0,0,0,0,0,4,0,39.9249,-75.1934, , 
73174,812583,2011090439,6,67,67301,2011,8,2,43,0,3,1,0,4,1, , ,N,2,2,0,3,0,4,4,2,N,N,40 01:50.886,75 08:47.141,43, ,43,3,2,7,N, ,3,Y, , , , , , , , ,2,1,0,0,0,0,1,0,0,1,1,2,4,0,0,0,0,0,0,0,0,1,0,2,0,1,0,0,0,0,0,0,0,0,0,2,0,40.0308,-75.1464, , 
73175,812597,2011100859,6,67,67301,2011,9,1,9999,99,3,1,0,4,1, , ,N,1,2,0,3,0,1,2,2,N,N,39 55:01.859,75 14:46.691,224, ,223,3,1,4,N, ,3,N, , , , , , , , ,2,2,0,0,0,0,0,0,0,0,0,1,1,0,0,0,0,0,0,0,0,0,0,0,0,0,0,0,0,0,0,0,0,0,0,4,0,39.9172,-75.2463, , 
73176,812599,2011102734,6,67,67301,2011,10,4,848,8,1,1,0,1,1, , ,N,0,0,0,3,0,1,2,2,N,N,39 56:57.230,75 11:05.436,901, ,852,1,1,4,N, ,0,N, , , , , , , , ,2,2,0,0,0,0,0,0,0,0,0,0,1,1,0,0,0,0,0,0,0,0,0,0,0,0,0,0,0,0,0,0,0,0,0,8,0,39.9492,-75.1848, , 
73177,802088,2011087916,6,67,67301,2011,8,3,810,8,1,1,0,4,1, , ,N,1,3,0,3,0,1,3,2,N, ,40 01:41.455,75 03:50.389,815, ,812, ,0, , , ,3, , , , , , , , , ,2,1,0,0,0,0,1,0,0,0,0,0,1,1,0,0,0,0,0,0,2,0,0,0,0,0,0,0,0,0,0,0,0,0,0,8,0,40.0282,-75.064, , 
73178,802092,2011090572,6,67,67301,2011,8,1,1900,19,1,1,0,8,1, , ,N,1,3,0,3,0,1,2,2,N, ,40 00:50.922,75 04:40.900,2135, ,2052, ,0, , , ,3, , , , , , , , , ,1,1,0,0,0,0,0,0,0,0,1,0,1,0,1,0,0,0,0,0,0,0,0,0,0,0,0,0,0,0,0,0,1,0,0,3,0,40.0141,-75.078, , 
73179,802098,2011095390,6,67,67301,2011,8,7,2106,21,3,2,1,8,1, , ,N,1,2,0,3,0,1,2,2,N,N,39 56:53.580,75 09:52.430,2137, ,2134, ,0, ,N, ,3, , , , , , , , , ,1,1,0,0,0,0,0,0,0,0,0,0,1,1,1,0,0,0,0,0,0,0,0,0,0,0,0,0,0,0,0,0,1,0,0,8,0,39.9482,-75.1644, , 
73180,802102,2011061894,6,67,67301,2011,5,3,1504,15,1,1,0,4,1, , ,N,0,0,0,3,0,1,2,2,N,N,40 02:42.075,75 03:39.822,1510, ,1505, ,0, ,N, ,0, , , , , , , , , ,2,2,0,0,0,0,0,0,0,0,0,1,1,0,0,0,0,0,0,0,0,1,0,0,0,0,0,0,0,0,0,0,0,0,0,4,0,40.045,-75.0611, , 
73181,802107,2011066272,6,67,67301,2011,6,2,1626,16,1,1,0,4,1, , ,N,1,3,0,3,0,1,2,3,N,N,40 03:32.738,75 04:30.305,1629, ,1627,1,2,1,N, ,3,Y, , , , , , , , ,3,2,0,0,1,0,0,0,0,0,0,1,1,0,0,0,0,0,0,0,2,0,0,0,0,0,0,0,0,0,0,0,0,0,0,4,0,40.0591,-75.0751, , 
73182,802123,2011082570,6,67,67301,2011,7,4,900,9,1,1,0,1,1, , ,N,1,2,0,3,0,1,2,2,N, ,40 01:24.018,75 10:44.495,900, ,900, ,0, , , ,3, , , , , , , , , ,2,1,1,0,0,0,0,0,0,0,0,0,1,1,0,0,0,0,0,0,0,0,0,0,0,0,0,0,0,0,0,0,0,0,0,8,0,40.0233,-75.179, , 
73183,802136,2011090426,6,67,67301,2011,8,1,447,4,3,2,1,2,1, , ,N,0,0,0,3,0,1,2,2,N,N,40 00:56.294,75 10:35.817,456, ,449,2,1,2,Y, ,0,N, , , , , , , , ,2,2,0,0,0,0,0,0,0,0,0,1,1,0,0,0,0,0,0,0,0,0,0,0,0,0,0,0,0,0,0,0,0,0,0,4,0,40.0156,-75.1766, , 
73184,802148,2011108923,6,67,67301,2011,9,3,121,1,3,1,0,5,6,8,8,Y,0,0,0,3,0,0,1,3,N,N,39 55:27.462,75 09:45.003,130,99,122, ,0, ,N, ,0, ,U,U,U,U,U,U,U,U,3,2,0,0,0,0,1,0,0,0,0,0,0,0,0,0,0,0,0,0,0,0,0,0,0,0,0,0,0,0,0,0,0,0,0,0,0,39.9243,-75.1625, , 
73185,802165,2011083461,6,67,67301,2011,7,4,1940,19,4,1,0,1,1, , ,N,0,2,0,3,0,2,7,4,N,N,40 01:41.894,75 05:26.299,1944, ,1941,1,1,2,N, ,3,N, , , , , , , , ,4,1,0,0,0,0,2,1,0,0,0,2,2,0,0,0,0,0,0,0,1,0,0,0,0,0,0,0,0,0,0,0,0,0,0,4,0,40.0283,-75.0906, , 
73186,802170,2011087833,6,67,67301,2011,8,3,1603,16,1,1,0,3,1, , ,N,2,2,0,3,0,1,3,2,N,N,39 57:54.370,75 12:19.711,1612, ,1608, ,0, ,N, ,3, , , , , , , , , ,2,1,0,1,0,0,0,0,0,0,0,1,1,0,0,0,0,0,0,0,1,0,0,0,0,0,0,0,0,0,0,0,0,0,0,4,1,39.9651,-75.2055, , 
73187,802182,2011100640,6,67,67301,2011,9,1,1647,16,1,1,0,6,1, , ,N,1,2,0,3,0,3,6,2,N,N,39 58:23.685,75 12:43.721,1700, ,1649, ,0, ,N, ,3, , , , , , , , , ,2,1,0,0,0,0,1,0,0,0,3,0,3,0,0,0,0,0,0,0,0,0,0,0,0,0,0,0,0,0,0,0,0,0,0,3,0,39.9732,-75.2121, , 
73188,802192,2011108811,6,67,67301,2011,9,7,1505,15,1,1,0,1,1, , ,N,2,0,0,3,0,2,5,2,N,N,40 02:56.958,75 10:56.970,1516, ,1513, ,0, ,N, ,0, , , , , , , , , ,2,2,0,0,0,0,0,0,0,0,0,2,2,0,1,0,0,0,0,0,0,0,0,0,0,0,0,0,0,0,0,0,0,0,0,4,0,40.0492,-75.1825, , 
73189,802193,2011108868,6,67,67301,2011,9,3,1117,11,1,1,0,4,1, , ,N,1,2,0,3,0,3,3,2,N, ,39 59:27.381,75 06:05.712,1205, ,1200, ,0, , , ,3, , , , , , , , , ,2,2,0,0,0,0,0,0,0,0,3,0,3,0,0,0,0,0,0,0,1,1,0,0,0,0,0,0,0,0,0,0,0,0,0,3,0,39.9909,-75.1016, , 
73190,802201,2011065863,6,67,67301,2011,6,2,511,5,1,1,0,7,3, , ,N,2,2,3,3,0,1,1,1,N,N,39 57:18.966,75 08:51.542,511, ,511, ,0, ,N, ,3, , , , , , , , , ,1,1,0,0,0,0,0,0,0,0,0,0,1,1,0,0,0,0,0,0,0,0,0,0,0,0,0,0,0,0,0,0,0,0,0,8,0,39.9553,-75.1477, , 
73191,802210,2011064768,6,67,67301,2011,6,1,1850,18,1,1,0,1,1, , ,N,0,0,0,3,0,1,3,2,N,N,39 54:42.810,75 10:07.910,1855, ,1852, ,0, ,N, ,0, , , , , , , , , ,2,1,1,0,0,0,0,0,0,0,1,0,1,0,0,0,0,0,0,0,1,0,0,0,0,0,0,0,0,0,0,0,0,0,0,3,0,39.9119,-75.1689, , 
73192,802229,2011085396,6,67,67301,2011,7,2,410,4,5,1,0,5,2, , ,N,0,0,0,3,0,0,1,2,N,N,39 54:59.675,75 11:29.603,435, ,430, ,0, ,N, ,0, , , , , , , , , ,2,2,0,0,0,0,0,0,0,0,0,0,0,0,0,0,0,0,0,0,0,0,1,0,0,0,0,0,0,0,0,0,0,0,0,0,0,39.9166,-75.1916, , 
73193,802241,2011108904,6,67,67301,2011,9,4,158,1,3,1,0,2,1, , ,N,0,0,0,3,0,1,1,3,N,N,39 55:25.609,75 14:23.156,201, ,158, ,0, ,N, ,0, , , , , , , , , ,3,1,0,0,0,0,0,2,0,0,0,1,1,0,0,0,0,0,0,0,0,0,0,0,0,0,0,0,0,0,0,0,0,0,0,4,0,39.9238,-75.2398, , 
73194,802252,2011061685,6,67,67301,2011,6,6,1650,16,1,1,0,1,1, , ,N,0,0,0,3,0,1,4,3,N,N,39 56:14.810,75 11:55.372,1710, ,1650, ,0, ,N, ,0, , , , , , , , , ,3,3,0,0,0,0,0,0,0,0,0,1,1,0,0,0,0,0,0,0,1,1,0,0,0,0,0,0,0,0,0,0,0,0,0,4,0,39.9359,-75.1997, , 
73195,805350,2011082604,6,67,67301,2011,7,1,9999,99,1,1,0,7,2, , ,N,0,0,0,3,0,1,1,1,N, ,40 03:05.075,75 13:28.276,2028, ,2021, ,0, ,N, ,0, , , , , , , , , ,1,1,0,0,0,0,0,0,0,0,0,0,1,1,0,0,0,0,0,0,0,0,0,1,0,0,0,0,0,0,0,0,0,0,0,8,0,40.0514,-75.2245, , 
73196,805353,2011085500,6,67,67301,2011,7,7,1307,13,1,1,0,4,1, , ,N,1,2,0,3,0,1,2,2,N, ,40 00:28.738,75 06:17.312,1320, ,1310,1,2,6, , ,3,Y, , , , , , , , ,2,2,0,0,0,0,0,0,0,0,0,1,1,0,0,0,0,0,0,0,0,0,1,0,0,0,0,0,0,0,0,0,0,0,0,4,0,40.008,-75.1048, , 
73197,805366,2011098103,6,67,67301,2011,8,3,1320,13,1,1,0,6,1, , ,N,2,2,7,3,0,0,1,3,N,N,40 04:10.185,74 58:53.111,1325, ,1323, ,0, ,N, ,3, , , , , , , , , ,3,1,0,0,0,0,2,0,0,0,0,0,0,0,0,0,0,0,0,0,0,0,0,0,0,0,0,0,0,0,0,0,0,0,0,0,0,40.0695,-74.9814, , 
73198,805387,2011066779,6,67,67301,2011,5,7,48,0,3,1,0,7,5, , ,N,0,0,0,3,2,0,2,1,N, ,40 00:35.676,75 11:10.555,102, ,51,4,2,1,N,0,0,Y, , , , , , , , ,1,0,1,0,0,0,0,0,0,0,0,0,0,0,0,0,0,0,0,0,1,0,0,0,0,0,0,0,2,0,0,0,0,0,0,1,0,40.0099,-75.1863,2, 
73199,805389,2011068500,6,67,67301,2011,6,6,1530,15,1,1,0,8,1, , ,N,0,0,0,3,0,1,2,2,N,N,39 59:07.714,75 09:44.645,1600, ,1553,2,2,6,N, ,0,Y, , , , , , , , ,1,1,0,0,0,0,0,0,0,0,0,1,1,0,0,0,0,0,0,1,0,0,0,0,0,0,0,0,0,0,0,0,1,0,0,4,0,39.9855,-75.1624, , 
73200,805401,2011083333,6,67,67301,2011,7,7,9999,99,1,1,0,4,1, , ,N,1,9,0,3,0,2,2,2,N,N,40 02:56.762,75 03:44.902,1451, ,1445,1,1,5,N, ,9,Y, , , , , , , , ,2,2,0,0,0,0,0,0,0,0,0,0,2,2,0,0,0,1,0,0,0,0,0,0,0,0,0,0,0,0,0,0,0,0,0,8,0,40.0491,-75.0625, , 
73201,805406,2011085502,6,67,67301,2011,7,3,2310,23,3,2,1,6,1, , ,N,10,2,0,3,0,1,2,2,N,N,39 55:45.137,75 10:07.277,2322, ,2317, ,0, ,N, ,3, , , , , , , , , ,1,1,0,0,0,0,0,0,1,0,0,0,1,1,0,0,0,0,0,0,0,0,0,1,0,0,0,0,0,0,0,0,0,0,0,8,0,39.9293,-75.1686, , 
73202,805409,2011090423,6,67,67301,2011,7,3,1357,13,1,1,0,1,1, , ,N,0,2,0,3,0,1,4,2,N,N,40 01:49.566,75 07:54.631,1606, ,1606, ,0, ,N, ,3, , , , , , , , , ,2,2,0,0,0,0,0,0,0,0,0,1,1,0,0,0,0,0,0,0,0,0,0,0,0,0,0,0,0,0,0,0,0,0,0,4,0,40.0304,-75.1318, , 
73203,805417,2011100838,6,67,67301,2011,9,1,1047,10,1,1,0,4,1, , ,N,0,0,7,3,0,2,3,2,N,N,40 02:22.524,75 06:36.936,1115, ,1115, ,0, ,N, ,0, , , , , , , , , ,2,2,0,0,0,0,0,0,0,0,0,2,2,0,0,0,0,0,0,0,0,0,0,0,0,0,0,0,0,0,0,0,0,0,0,4,0,40.0396,-75.1103, , 
73204,805442,2011053558,6,67,67301,2011,4,4,1630,16,1,1,1,4,1, , ,N,1,2,0,3,0,1,2,2,N,N,40 01:50.847,75 06:43.088,1720, ,1712, ,0, ,N, ,3, , , , , , , , , ,1,1,0,0,0,0,0,0,1,0,0,1,1,0,0,0,0,0,0,0,0,0,0,0,0,0,0,0,0,0,0,0,0,0,0,4,0,40.0308,-75.112, , 
73205,805447,2011056830,6,67,67301,2011,4,7,2250,22,3,1,0,1,1, , ,N,0,0,0,3,0,1,6,2, , ,40 03:55.454,75 01:30.059,2252, ,2250, ,0, , , ,0, , , , , , , , , ,2,2,0,0,0,0,0,0,0,0,0,1,1,0,0,0,0,0,0,0,1,0,0,1,0,0,0,0,0,0,0,0,0,0,0,4,0,40.0654,-75.025, , 
73206,805458,2011068490,6,67,67301,2011,6,6,9999,99,1,1,0,1,1, , ,N,1,2,0,3,0,2,3,2,N,N,39 57:46.804,75 09:58.539,1715, ,1715, ,0, ,N, ,3, , , , , , , , , ,2,2,0,0,0,0,0,0,0,0,2,0,2,0,0,0,0,0,0,0,0,0,0,0,0,0,0,0,0,0,0,0,0,0,0,3,0,39.963,-75.1663, , 
73207,805466,2011073834,6,67,67301,2011,7,1,1940,19,1,1,0,7,3, , ,N,0,0,0,3,0,0,1,1,N,N,39 58:13.264,75 07:30.629,1959, ,1955,2,1,1,N, ,0,N, , , , , , , , ,1,0,0,0,0,0,1,0,0,0,0,0,0,0,0,0,0,0,0,0,1,0,0,0,0,0,0,0,0,0,0,0,0,0,0,0,0,39.9703,-75.1253, , 
73208,805467,2011075740,6,67,67301,2011,6,3,955,9,1,1,0,5,6, , ,N,0,2,0,3,0,0,5,2,N,N,39 55:32.822,75 14:33.878,1115, ,1110, ,0, ,N, ,3, , , , , , , , , ,2,2,0,0,0,0,0,0,0,0,0,0,0,0,0,0,0,0,0,0,0,0,0,1,0,0,0,0,0,0,0,0,0,0,0,0,0,39.9258,-75.2427, , 
73209,805468,2011075824,6,67,67301,2011,7,6,1959,19,1,1,0,8,2, , ,N,0,0,0,3,0,1,2,2, , ,40 03:45.811,75 01:18.443,2046, ,2046, ,0, , , ,0, , , , , , , , , ,1,1,0,0,0,0,0,0,0,0,0,1,1,0,1,0,0,0,0,0,0,0,0,1,0,0,0,0,0,0,0,0,1,0,0,4,0,40.0627,-75.0218, , 
73210,805472,2011085753,6,67,67301,2011,8,7,2,0,3,1,0,5,1, , ,N,0,0,0,3,0,0,2,2,N,N,39 58:41.903,75 06:38.295,21, ,4, ,0, ,N, ,0, , , , , , , , , ,2,2,0,0,0,0,0,0,0,0,0,0,0,0,1,0,0,0,0,0,0,0,0,0,0,0,0,0,0,0,0,0,0,0,0,9,0,39.9782,-75.1107, , 
73211,805491,2011028684,6,67,67301,2011,2,3,656,6,1,1,4,1,1, , ,N,0,0,0,3,0,0,2,2,N,N,40 00:16.586,75 04:33.085,708, ,656,1,1,1,N, ,0,N, , , , , , , , ,2,2,0,0,0,0,0,0,0,0,0,0,0,0,0,0,0,0,0,0,0,0,0,0,0,0,0,0,0,0,0,0,0,0,0,0,0,40.0046,-75.0759, , 
73212,805492,2011029006,6,67,67301,2011,2,5,1225,12,1,1,0,4,1, , ,N,2,2,0,3,0,1,3,3,N,N,40 05:20.015,74 58:10.541,1234, ,1227,1,1,2, , ,3,N, , , , , , , , ,3,1,0,0,0,0,2,0,0,0,0,0,1,1,0,0,0,0,0,0,1,0,0,0,0,0,0,0,0,0,0,0,0,0,0,8,0,40.0889,-74.9694, , 
73213,805493,2011029172,6,67,67301,2011,2,7,1440,14,1,1,0,1,1, , ,N,0,0,0,3,0,3,4,2,N,N,39 54:24.309,75 11:29.770,1510, ,1505,1,2,3,N, ,0,N, , , , , , , , ,2,2,0,0,0,0,0,0,0,0,1,0,3,2,0,0,0,0,0,0,0,0,0,3,0,0,0,0,0,0,0,0,0,0,0,3,0,39.9067,-75.1916, , 
73214,809110,2011083276,6,67,67301,2011,7,4,1400,14,1,1,0,1,1, , ,N,0,0,0,3,0,2,4,2,N,N,39 59:37.188,75 09:08.722,1415, ,1414, ,0, ,N, ,0, , , , , , , , , ,2,1,0,0,0,0,0,1,0,0,0,2,2,0,0,0,0,0,0,0,2,0,0,0,0,0,0,0,0,0,0,0,0,0,0,4,0,39.9937,-75.1524, , 
73215,809114,2011087889,6,67,67301,2011,7,6,1500,15,1,1,0,4,1, , ,N,1,3,0,3,0,1,4,2,N, ,40 00:10.828,75 09:04.647,1535, ,1530, ,0, , , ,3, , , , , , , , , ,2,2,0,0,0,0,0,0,0,0,0,1,1,0,0,0,0,0,0,0,0,0,0,0,0,0,0,0,0,0,0,0,0,0,0,4,0,40.003,-75.1513, , 
73216,809117,2011090454,6,67,67301,2011,8,1,2330,23,3,1,0,8,1, , ,N,1,2,0,3,0,1,3,3,N,N,40 00:33.277,75 09:04.079,2301, ,2300, ,0, ,N, ,9, , , , , , , , , ,2,0,0,0,0,0,0,0,0,0,1,0,1,0,0,0,0,0,0,0,0,0,0,0,0,0,0,0,0,0,0,0,1,0,0,3,0,40.0092,-75.1511, , 
73217,809127,2011100914,6,67,67301,2011,9,1,1900,19,1,1,0,1,1, , ,N,1,2,0,3,0,3,6,3,N,N,40 01:26.933,75 07:49.340,1902, ,1900, ,0, ,N, ,3, , , , , , , , , ,3,3,0,0,0,0,0,0,0,1,0,0,3,2,1,0,0,0,0,0,0,0,0,1,0,0,0,0,0,0,0,0,0,0,0,2,0,40.0243,-75.1304, , 
73218,809132,2011106651,6,67,67301,2011,9,6,847,8,1,1,0,1,1, , ,N,2,2,0,3,0,1,2,2,N,N,40 03:52.300,74 59:55.871,852, ,848,9,1,3,N, ,3,N, , , , , , , , ,2,2,0,0,0,0,0,0,0,0,0,1,1,0,0,0,0,0,0,0,1,1,0,0,0,0,0,0,0,0,0,0,0,0,0,4,0,40.0645,-74.999, , 