objectid_1,objectid,crn,district,county,municipality,crash_year,crash_month,day_of_week,time_of_day,hour_of_day,illumination,weather,road_condition,collision_type,relation_to_road,work_zone_type,work_zone_loc,work_zone_ind,intersect_type,tcd_type,location_type,urban_rural,fatal_count,injury_count,person_count,total_units,sch_bus_ind,sch_zone_ind,latitude,longitude,arrival_tm,cons_zone_spd_lim,dispatch_tm,est_hrs_closed,lane_closed,ln_close_dir,ntfy_hiwy_maint,spec_juris_cd,tcd_func_cd,tfc_detour_ind,workers_pres,wz_close_detour,wz_flagger,wz_law_offcr_ind,wz_ln_closure,wz_moving,wz_other,wz_shlder_mdn,vehicle_count,automobile_count,motorcycle_count,bus_count,small_truck_count,heavy_truck_count,suv_count,van_count,bicycle_count,maj_inj_count,mod_inj_count,min_inj_count,tot_inj_count,unk_inj_deg_count,unk_inj_per_count,driver_count_16yr,driver_count_17yr,driver_count_18yr,driver_count_19yr,driver_count_20yr,driver_count_50_64yr,driver_count_65_74yr,driver_count_75plus,unbelted_occ_count,unb_death_count,unb_maj_inj_count,belted_death_count,belted_maj_inj_count,mcycle_death_count,mcycle_maj_inj_count,bicycle_death_count,bicycle_maj_inj_count,ped_count,ped_death_count,ped_maj_inj_count,max_severity_level,comm_veh_count,dec_lat,dec_long,rdwy_surf_type_cd,county_name
73219,809140,2011066038,6,67,67301,2011,6,4,2245,22,3,1,0,4,1, , ,N,1,0,0,3,0,2,3,2,N,N,39 59:48.307,75 06:33.181,58, ,55, ,0, ,N, ,0, , , , , , , , , ,2,0,1,0,0,0,1,0,0,0,0,0,2,2,0,0,0,0,0,0,0,0,0,0,0,0,0,0,0,0,0,0,0,0,0,8,0,39.9968,-75.1092, , 
73220,809142,2011066780,6,67,67301,2011,6,5,1500,15,1,1,0,4,2, , ,N,0,0,7,3,0,1,2,2,N,Y,40 02:20.436,75 09:02.718,1515, ,1510, ,0, ,N, ,0, , , , , , , , , ,1,1,0,0,0,0,0,0,1,0,0,1,1,0,0,0,0,0,0,0,1,0,0,0,0,0,0,0,0,0,0,0,0,0,0,4,0,40.039,-75.1508, , 
73221,809145,2011033490,6,67,67301,2011,3,2,1335,13,1,1,0,8,1, , ,N,1,2,0,3,0,1,2,2,N,N,39 59:42.556,75 06:44.112,9999, ,1339, ,0, ,N, ,3, , , , , , , , , ,1,1,0,0,0,0,0,0,0,0,0,1,1,0,0,0,0,0,0,0,1,0,0,0,0,0,0,0,0,0,0,0,1,0,0,4,0,39.9952,-75.1123, , 
73222,809176,2011061856,6,67,67301,2011,5,3,9999,99,1,1,0,8,9, , ,N,2,0,0,3,0,1,2,2,N,N,40 02:36.391,75 02:11.396,1937, ,1933, ,0, , , ,0, , , , , , , , , ,1,0,0,0,0,0,0,1,0,0,0,0,1,1,0,0,0,0,0,0,0,0,0,1,0,0,0,0,0,0,0,0,1,0,0,8,0,40.0434,-75.0365, , 
73223,809187,2011076306,6,67,67301,2011,6,2,9999,99,4,1,0,4,1, , ,N,1,2,0,3,0,3,4,2,N,N,40 02:12.634,75 02:25.798,1954, ,1952,1,1,1,N, ,3,N, , , , , , , , ,2,0,0,0,0,0,2,0,0,0,0,0,3,3,0,0,0,0,0,0,0,0,0,0,0,0,0,0,0,0,0,0,0,0,0,8,0,40.0368,-75.0405, , 
73224,809191,2011068383,6,67,67301,2011,6,1,1349,13,1,1,0,8,9, , ,N,2,2,0,3,0,1,2,2,N,N,40 01:49.470,75 04:24.166,1515, ,1504, ,0, ,N, ,3, , , , , , , , , ,1,0,0,1,0,0,0,0,0,0,0,1,1,0,0,0,0,0,0,0,0,0,0,0,0,0,0,0,0,0,0,0,1,0,0,4,1,40.0304,-75.0734, , 
73225,809198,2011075751,6,67,67301,2011,6,6,1657,16,1,1,0,4,1, , ,N,1,3,0,3,0,1,2,2,N,N,39 58:01.462,75 14:37.589,1658, ,1657, ,0, ,N, ,9, , , , , , , , , ,2,2,0,0,0,0,0,0,0,0,0,1,1,0,0,0,0,0,0,0,0,0,1,0,0,0,0,0,0,0,0,0,0,0,0,4,0,39.9671,-75.2438, , 
73226,809225,2011108812,6,67,67301,2011,9,1,2109,21,3,1,0,4,1, , ,N,2,0,0,3,0,1,2,2,N,N,40 02:23.521,75 09:53.452,2115, ,2111, ,0, , , ,0, , , , , , , , , ,1,1,0,0,0,0,0,0,1,0,0,0,1,1,0,0,0,0,0,0,0,0,0,0,0,0,0,0,0,0,0,0,0,0,0,8,0,40.0399,-75.1648, , 
73227,809233,2011059166,6,67,67301,2011,6,2,1230,12,1,1,0,7,5, , ,N,1,2,0,3,0,0,4,3,N,N,39 57:41.729,75 09:16.202,1300, ,1245,1,2,2,N, ,3,Y, , , , , , , , ,3,2,0,0,0,1,0,0,0,0,0,0,0,0,3,0,0,0,0,0,0,0,0,1,0,0,0,0,0,0,0,0,0,0,0,9,1,39.9616,-75.1545, , 
73228,809261,2011098092,6,67,67301,2011,9,5,1012,10,1,1,0,4,1, , ,N,1,0,0,3,0,2,2,2,N,N,39 55:31.677,75 11:16.803,1017, ,1015,1,1,1,N, ,0,N, , , , , , , , ,2,2,0,0,0,0,0,0,0,0,0,1,2,1,0,0,0,0,0,0,0,0,1,1,0,0,0,0,0,0,0,0,0,0,0,4,0,39.9255,-75.188, , 
73229,809292,2011075745,6,67,67301,2011,6,7,1325,13,1,1,0,5,1, , ,N,0,0,0,3,0,2,4,2, , ,39 55:05.578,75 12:31.701,1339, ,1332,1,1,3, , ,0,N, , , , , , , , ,2,1,1,0,0,0,0,0,0,0,0,0,2,2,0,0,0,0,0,0,0,0,0,0,0,0,0,0,0,0,0,0,0,0,0,8,0,39.9182,-75.2089, , 
73230,809302,2011083422,6,67,67301,2011,7,2,1905,19,1,1,0,4,1, , ,N,2,2,0,3,0,3,3,2,N,N,40 00:45.346,75 09:39.342,1910, ,1905, ,0, ,N, ,3, , , , , , , , , ,2,2,0,0,0,0,0,0,0,2,0,1,3,0,0,0,0,0,0,0,0,0,0,3,0,2,0,0,0,0,0,0,0,0,0,2,0,40.0126,-75.1609, , 
73231,809303,2011085449,6,67,67301,2011,7,1,155,1,3,1,0,1,1, , ,N,0,0,1,3,0,0,2,2,N,N,40 01:11.233,75 08:55.761,210, ,201,1,2,2,N, ,0,N, , , , , , , , ,2,1,0,0,0,0,0,0,0,0,0,0,0,0,0,0,0,0,0,0,0,0,0,0,0,0,0,0,0,0,0,0,0,0,0,0,0,40.0198,-75.1488, , 
73232,848274,2012004286,6,67,67301,2011,12,5,1016,10,1,1,0,4,1, , ,N,1,3,0,3,0,2,4,2,N,N,40 02:46.104,75 10:14.609,1026, ,1018, ,0, ,N, ,3, , , , , , , , , ,2,1,0,0,1,0,0,0,0,0,0,1,2,1,0,0,0,0,0,0,0,0,0,0,0,0,0,0,0,0,0,0,0,0,0,4,0,40.0461,-75.1707, , 
73233,848275,2012010915,6,67,67301,2011,12,7,259,2,3,1,0,1,1, , ,N,0,0,0,3,0,0,3,2,N,N,40 04:19.110,75 10:44.668,259, ,259, ,0, ,N, ,0, , , , , , , , , ,2,1,0,0,0,0,1,0,0,0,0,0,0,0,3,0,0,0,1,0,0,0,0,0,0,0,0,0,0,0,0,0,0,0,0,9,0,40.072,-75.1791, , 
73234,848276,2012018683,6,67,67301,2011,5,5,1555,15,1,1,0,1,1, , ,N,0,0,0,3,0,1,2,2,N,N,40 01:59.936,75 01:44.360,0, ,0, ,0, ,N, ,0, , , , , , , , , ,2,0,0,0,0,0,0,2,0,0,0,0,1,1,0,0,0,0,0,0,0,0,1,0,0,0,0,0,0,0,0,0,0,0,0,8,0,40.0333,-75.029, , 
73235,848277,2012022594,6,67,67301,2011,12,4,1355,13,1,2,1,7,5, , ,N,2,2,2,3,0,1,1,1,N,N,39 57:22.423,75 08:56.893,1358, ,1356, ,0, , , ,3, , , , , , , , , ,1,1,0,0,0,0,0,0,0,0,0,1,1,0,0,0,0,0,0,0,1,0,0,0,0,0,0,0,0,0,0,0,0,0,0,4,0,39.9566,-75.1491, , 
73236,848286,2011115408,6,67,67301,2011,9,7,9999,99,1,1,0,4,1, , ,N,1,3,0,3,0,4,4,2,N,N,40 01:44.450,75 08:02.954,1401, ,1358,3,2,7,N, ,3,Y, , , , , , , , ,2,2,0,0,0,0,0,0,0,0,0,4,4,0,0,0,0,0,0,0,1,0,0,0,0,0,0,0,0,0,0,0,0,0,0,4,0,40.029,-75.1342, , 
73237,848301,2011134217,6,67,67301,2011,11,4,845,8,1,1,0,5,2, , ,N,1,2,0,3,0,1,2,2,N, ,39 57:26.294,75 10:10.652,845, ,910, ,0, , , ,3, , , , , , , , , ,1,1,0,0,0,0,0,0,1,0,1,0,1,0,0,0,0,0,0,0,0,0,0,0,0,0,0,0,0,0,0,0,0,0,0,3,0,39.9573,-75.1696, , 
73238,848305,2012012291,6,67,67301,2011,12,4,606,6,3,1,0,7,3, , ,N,0,0,0,3,1,0,1,1,N,N,39 56:07.344,75 08:41.708,631, ,623,1,1,2,N,0,0,N, , , , , , , , ,1,1,0,0,0,0,0,0,0,0,0,0,0,0,0,0,0,0,0,0,0,1,0,1,1,0,0,0,0,0,0,0,0,0,0,1,0,39.9354,-75.1449,1, 
73239,848312,2011076034,6,67,67301,2011,7,2,1616,16,1,1,0,8,1, , ,N,1,3,0,3,0,1,2,2,N,N,39 59:44.160,75 10:20.924,1630, ,1618,2,2,1,N, ,2,Y, , , , , , , , ,1,1,0,0,0,0,0,0,0,0,0,1,1,0,0,0,0,0,0,0,0,0,0,0,0,0,0,0,0,0,0,0,1,0,0,4,0,39.9956,-75.1725, , 
73240,848318,2011083324,6,67,67301,2011,6,5,1030,10,1,1,0,4,1, , ,N,2,0,0,3,0,1,2,2,N, ,39 57:52.225,75 09:39.634,1044, ,1034, ,0, , , ,0, , , , , , , , , ,1,0,0,0,1,0,0,0,1,0,0,0,1,1,0,0,0,0,0,0,1,0,0,0,0,0,0,0,0,0,0,0,0,0,0,8,0,39.9644,-75.1609, , 
73241,848327,2011090411,6,67,67301,2011,8,3,2045,20,3,1,0,8,1, , ,N,1,2,0,3,0,1,2,2,N,N,39 56:46.845,75 10:17.353,2055, ,2049, ,0, ,N, ,3, , , , , , , , , ,1,1,0,0,0,0,0,0,0,0,0,1,1,0,0,0,0,0,0,0,1,0,0,0,0,0,0,0,0,0,0,0,1,0,0,4,0,39.9463,-75.1715, , 
73242,848364,2011075514,6,67,67301,2011,7,3,1213,12,1,1,0,1,1, , ,N,0,0,0,3,0,1,3,3,N,N,39 57:34.923,75 10:35.158,1218, ,1213, ,0, ,N, ,0, , , , , , , , , ,3,2,0,0,1,0,0,0,0,0,0,1,1,0,0,0,0,0,0,0,2,0,0,0,0,0,0,0,0,0,0,0,0,0,0,4,0,39.9597,-75.1764, , 
73243,848377,2011087842,6,67,67301,2011,8,1,2110,21,3,1,0,1,6, , ,N,0,0,0,3,0,0,1,3,N,N,40 04:17.636,75 02:55.628,2117, ,2115, ,0, , , ,0, , , , , , , , , ,3,3,0,0,0,0,0,0,0,0,0,0,0,0,1,0,0,0,0,0,0,0,0,0,0,0,0,0,0,0,0,0,0,0,0,9,0,40.0716,-75.0488, , 
73244,848378,2011087974,6,67,67301,2011,7,3,1428,14,1,1,0,4,1, , ,N,1,2,0,3,0,1,3,3,N, ,40 06:18.581,75 01:58.245,1440, ,1436,1,2,5, , ,3,Y, , , , , , , , ,3,3,0,0,0,0,0,0,0,0,0,0,1,1,0,0,0,0,0,0,1,0,1,0,0,0,0,0,0,0,0,0,0,0,0,8,0,40.1052,-75.0328, , 
73245,848409,2011068481,6,67,67301,2011,6,5,1830,18,1,1,0,1,1, , ,N,1,2,0,3,0,1,2,2,N,N,40 01:20.463,75 04:41.285,2015, ,2015, ,0, , , ,3, , , , , , , , , ,2,1,0,0,0,0,1,0,0,0,0,1,1,0,0,0,0,0,0,0,0,0,0,0,0,0,0,0,0,0,0,0,0,0,0,4,0,40.0224,-75.0781, , 
73246,848424,2011082615,6,67,67301,2011,6,4,550,5,1,1,0,5,6, , ,N,0,0,0,3,0,1,1,3,N,N,40 01:12.165,75 07:31.818,600, ,556, ,0, ,N, ,0, , , , , , , , , ,3,2,0,0,0,0,1,0,0,0,0,1,1,0,0,0,0,0,0,0,0,0,0,0,0,0,0,0,0,0,0,0,0,0,0,4,0,40.02,-75.1255, , 
73247,848425,2011082692,6,67,67301,2011,7,5,1804,18,1,1,0,2,1, , ,N,1,2,0,3,0,3,3,3,N,N,40 01:20.770,75 03:00.073,1808, ,1804,2,2,7,Y, ,3,Y, , , , , , , , ,3,2,0,0,0,0,0,1,0,0,0,3,3,0,0,0,0,0,0,0,0,0,0,1,0,0,0,0,0,0,0,0,0,0,0,4,0,40.0224,-75.05, , 
73248,848426,2011082729,6,67,67301,2011,7,1,1919,19,1,1,0,4,1, , ,N,1,2,0,3,0,3,3,2,N,N,39 57:08.787,75 14:34.029,2005, ,2007, ,0, ,N, ,3, , , , , , , , , ,2,1,0,0,0,0,1,0,0,0,3,0,3,0,0,0,0,0,0,0,0,0,0,0,0,0,0,0,0,0,0,0,0,0,0,3,0,39.9524,-75.2428, , 
73249,848432,2011092487,6,46,46102,2011,9,3,1636,16,1,1,0,1,1, , ,N,0,0,0,3,0,1,5,4,N,N,40 04:17.475,75 09:13.765,1637, ,1636,2,1,4,N, ,0,N, , , , , , , , ,4,0,0,0,0,0,3,1,0,0,0,0,1,1,0,0,0,0,0,0,2,0,0,0,0,0,0,0,0,0,0,0,0,0,0,8,0,40.0715,-75.1538, , 
73250,848448,2011115274,6,67,67301,2011,9,7,2133,21,3,1,0,4,1, , ,N,2,2,0,3,0,1,2,2,N,N,39 58:54.847,75 10:14.127,2134, ,2134, ,0, , , ,3, , , , , , , , , ,2,1,1,0,0,0,0,0,0,0,0,1,1,0,0,0,0,0,0,0,0,0,0,0,0,0,0,0,0,0,0,0,0,0,0,4,0,39.9819,-75.1706, , 
73251,848449,2011118474,6,67,67301,2011,10,6,1530,15,1,1,0,4,1, , ,N,1,2,7,3,0,1,2,2,N,N,40 00:42.017,75 04:11.475,1539, ,1536,1,1,2,N, ,3,Y, , , , , , , , ,2,1,0,0,1,0,0,0,0,0,0,0,1,1,0,0,0,0,0,0,0,0,1,0,0,0,0,0,0,0,0,0,0,0,0,8,0,40.0115,-75.0698, , 
73252,848464,2011106122,6,67,67301,2011,9,2,1106,11,1,1,0,4,1, , ,N,0,0,7,3,0,1,3,2,N,N,40 06:58.595,75 02:33.879,1125, ,1707, ,0, ,N, ,0, , , , , , , , , ,2,1,0,0,1,0,0,0,0,0,1,0,1,0,2,0,0,0,0,0,0,0,0,0,0,0,0,0,0,0,0,0,0,0,0,3,0,40.1163,-75.0427, , 
73253,848494,2012008059,6,9,9212,2011,11,3,400,4,3,2,1,7,2, , ,N,1,2,0,3,0,0,1,1,N,N,40 08:03.616,75 00:33.107,405, ,400,1,2,1,N, ,3,N, , , , , , , , ,1,1,0,0,0,0,0,0,0,0,0,0,0,0,0,0,0,0,0,0,0,0,0,0,0,0,0,0,0,0,0,0,0,0,0,0,0,40.1343,-75.0091, , 
73254,848507,2011061761,6,67,67301,2011,5,2,1,0,3,2,1,1,1, , ,N,1,2,0,3,0,0,2,2,N,N,40 03:51.370,75 03:13.310,9, ,5, ,0, ,N, ,3, , , , , , , , , ,2,2,0,0,0,0,0,0,0,0,0,0,0,0,0,0,0,0,0,0,0,0,0,0,0,0,0,0,0,0,0,0,0,0,0,0,0,40.0643,-75.0537, , 
73255,848535,2011095376,6,67,67301,2011,8,2,10,0,3,1,0,1,1, , ,N,1,2,0,3,0,2,3,2,N,N,40 02:12.848,75 08:02.883,15, ,915, ,0, ,N, ,3, , , , , , , , , ,2,0,0,0,0,0,2,0,0,0,0,0,2,2,0,0,0,0,0,0,1,0,0,3,0,0,0,0,0,0,0,0,0,0,0,8,0,40.0369,-75.1341, , 
73256,848541,2011099586,6,67,67301,2011,9,1,2,0,3,1,0,1,1, , ,N,0,0,0,3,0,0,3,2,N,N,40 00:03.349,75 11:40.976,12, ,8, ,0, ,N, ,0, , , , , , , , , ,2,2,0,0,0,0,0,0,0,0,0,0,0,0,0,0,0,0,0,0,0,0,0,0,0,0,0,0,0,0,0,0,0,0,0,0,0,40.0009,-75.1947, , 
73257,848556,2011053607,6,67,67301,2011,4,4,1035,10,1,1,1,5,1, , ,N,1,2,0,3,0,3,7,2,N,N,39 59:50.150,75 10:48.932,1045, ,1043,9,1,3,N, ,3,N, , , , , , , , ,2,0,0,1,0,1,0,0,0,0,0,0,3,3,0,0,0,0,0,0,1,0,0,0,0,0,0,0,0,0,0,0,0,0,0,8,2,39.9973,-75.1803, , 
73258,848564,2011062487,6,67,67301,2011,6,6,652,6,1,1,7,1,1, , ,N,7,0,2,3,0,1,2,2,N,N,39 55:47.585,75 11:53.168,658, ,654,1,1,3,N, ,0,N, , , , , , , , ,2,1,0,0,0,0,1,0,0,0,0,0,1,1,0,0,0,0,0,0,0,0,0,0,0,0,0,0,0,0,0,0,0,0,0,8,0,39.9299,-75.1981, , 
73259,848567,2011065512,6,67,67301,2011,5,3,1758,17,1,1,0,2,6, , ,N,0,0,0,3,0,1,2,3,N,N,39 56:27.682,75 14:08.430,1942, ,1941, ,0, ,N, ,0, , , , , , , , , ,3,3,0,0,0,0,0,0,0,0,0,1,1,0,0,0,0,0,0,0,0,0,0,1,0,0,0,0,0,0,0,0,0,0,0,4,0,39.941,-75.2357, , 
73260,848623,2011082440,6,67,67301,2011,7,7,1030,10,1,1,0,5,2, , ,N,1,2,0,3,0,1,3,3,N, ,39 59:23.298,75 07:31.934,1039, ,1037, ,0, , , ,3, , , , , , , , , ,2,1,0,0,0,0,0,1,0,0,0,0,1,1,0,0,0,0,1,0,0,0,0,0,0,0,0,0,0,0,0,0,1,0,0,8,0,39.9898,-75.1255, , 
73261,848627,2011085514,6,67,67301,2011,7,7,1607,16,1,1,0,5,1, , ,N,2,0,0,3,0,1,3,2,N,N,39 54:16.588,75 14:19.147,1624, ,1623,1,1,3,N, ,0,N, , , , , , , , ,2,1,1,0,0,0,0,0,0,0,1,0,1,0,2,0,0,0,0,0,0,1,0,2,0,0,0,0,0,0,0,0,0,0,0,3,0,39.9046,-75.2387, , 
73262,848631,2011090549,6,67,67301,2011,8,3,1523,15,1,1,0,4,1, , ,N,1,3,0,3,0,3,4,2,N,N,40 03:54.478,75 11:08.765,1526, ,1525,9,2,7,N, ,3,Y, , , , , , , , ,2,2,0,0,0,0,0,0,0,0,1,2,3,0,0,0,0,0,0,0,0,0,1,0,0,0,0,0,0,0,0,0,0,0,0,3,0,40.0651,-75.1858, , 
73263,848647,2011075806,6,67,67301,2011,6,7,1511,15,1,1,0,4,1, , ,N,0,0,7,3,0,1,2,2,N,N,40 00:25.078,75 07:24.569,1613, ,1613, ,0, ,N, ,0, , , , , , , , , ,2,1,0,0,0,0,0,1,0,0,0,1,1,0,0,0,0,0,0,0,0,0,0,0,0,0,0,0,0,0,0,0,0,0,0,4,0,40.007,-75.1235, , 
73264,848655,2011042803,6,67,67301,2011,4,1,1510,15,1,1,0,1,1, , ,N,0,0,0,3,0,1,2,2,N,N,39 59:53.990,75 11:45.117,1522, ,1515, ,0, ,N, ,0, , , , , , , , , ,2,2,0,0,0,0,0,0,0,0,0,1,1,0,0,0,0,0,0,1,0,0,0,0,0,0,0,0,0,0,0,0,0,0,0,4,0,39.9983,-75.1959, , 
73265,848657,2011044597,6,67,67301,2011,3,4,1850,18,4,1,1,1,1, , ,N,0,0,0,3,0,2,4,2,N,N,39 56:58.946,75 10:01.838,1900, ,1900, ,0, ,N, ,0, , , , , , , , , ,2,1,0,0,0,0,1,0,0,0,0,2,2,0,0,0,0,0,0,0,0,0,1,2,0,0,0,0,0,0,0,0,0,0,0,4,0,39.9497,-75.1672, , 
73266,848685,2011122721,6,67,67301,2011,10,3,2250,22,3,1,0,8,1, , ,N,0,0,0,3,0,1,2,2,N,N,40 02:20.678,75 08:40.616,2335, ,2333,3,2,1,N, ,0,Y, , , , , , , , ,1,0,0,0,1,0,0,0,0,1,0,0,1,0,0,0,0,0,0,0,0,0,0,1,0,0,0,0,0,0,0,0,1,0,1,2,0,40.0391,-75.1446, , 
73267,848695,2012012598,6,67,67301,2011,12,6,1014,10,1,1,0,4,1, , ,N,0,0,7,3,0,1,2,2,N,Y,39 55:27.646,75 10:09.966,1028, ,1023, ,0, ,N, ,0, , , , , , , , , ,1,1,0,0,0,0,0,0,1,0,0,1,1,0,0,0,0,0,0,0,0,0,0,0,0,0,0,0,0,0,0,0,0,0,0,4,0,39.9243,-75.1694, , 
73268,842075,2011073994,6,67,67301,2011,5,6,1253,12,1,1,0,4,1, , ,N,2,0,99,3,0,0,2,2,N,N,40 03:23.515,75 10:58.111,1301, ,1254, ,0, ,N, ,0, , , , , , , , , ,2,2,0,0,0,0,0,0,0,0,0,0,0,0,0,0,0,0,0,0,1,0,1,0,0,0,0,0,0,0,0,0,0,0,0,0,0,40.0565,-75.1828, , 
73269,842077,2011075708,6,67,67301,2011,7,2,1042,10,1,1,0,4,1, , ,N,5,2,0,3,0,1,3,2,N,N,39 57:49.076,75 13:09.867,1052, ,1047, ,0, ,N, ,3, , , , , , , , , ,2,1,0,0,1,0,0,0,0,0,0,0,1,1,0,0,0,0,0,0,1,0,0,0,0,0,0,0,0,0,0,0,0,0,0,8,0,39.9636,-75.2194, , 
73270,842085,2011088005,6,67,67301,2011,7,5,954,9,1,1,0,5,1, , ,N,1,2,0,3,0,1,2,2,N,N,39 54:14.619,75 14:25.049,957, ,955,1,1,4,N, ,3,N, , , , , , , , ,2,0,0,0,1,0,1,0,0,0,0,1,1,0,0,0,0,0,0,0,1,0,0,0,0,0,0,0,0,0,0,0,0,0,0,4,0,39.904,-75.2401, , 
73271,842119,2011068471,6,67,67301,2011,6,3,9999,99,1,1,0,4,1, , ,N,1,0,0,3,0,1,2,2,N,N,39 58:11.833,75 07:51.325,1654, ,1652, ,0, ,N, ,0, , , , , , , , , ,1,1,0,0,0,0,0,0,0,0,0,0,1,1,1,1,0,0,0,0,0,0,0,1,0,0,0,0,0,0,0,0,0,0,0,8,0,39.9699,-75.1311, , 
73272,842123,2011070794,6,46,46102,2011,7,4,1807,18,1,1,0,7,2, , ,N,2,3,0,3,0,1,1,2,N,N,40 03:31.759,75 07:53.913,1814, ,1807,5,2,4,N, ,3,Y, , , , , , , , ,1,0,0,0,0,0,1,0,0,0,0,1,1,0,0,0,0,0,0,0,0,0,0,0,0,0,0,0,0,0,0,0,0,0,0,4,0,40.0587,-75.1317, , 
73273,842134,2011087879,6,67,67301,2011,7,6,2130,21,3,1,1,2,1, , ,N,1,2,0,3,0,3,3,2,N, ,40 00:59.814,75 08:49.815,2155, ,2150, ,0, ,N, ,3, , , , , , , , , ,2,2,0,0,0,0,0,0,0,0,0,0,3,3,0,0,0,0,0,0,0,0,0,0,0,0,0,0,0,0,0,0,0,0,0,8,0,40.0166,-75.1472, , 
73274,842137,2011093084,6,67,67301,2011,8,5,2015,20,3,2,1,4,1, , ,N,1,2,0,3,0,4,4,2,N,N,39 58:30.545,75 11:17.083,2019, ,2017,1,1,3,N, ,3,N, , , , , , , , ,2,0,0,0,1,0,1,0,0,0,0,0,4,4,0,0,0,0,0,0,1,0,0,0,0,0,0,0,0,0,0,0,0,0,0,8,0,39.9752,-75.1881, , 
73275,842171,2011132806,6,67,67301,2011,11,2,56,0,3,2,1,4,1, , ,N,1,2,0,3,0,0,2,2,N, ,40 02:35.626,75 10:51.146,59, ,56,2,1,5, , ,3,Y, , , , , , , , ,2,2,0,0,0,0,0,0,0,0,0,0,0,0,1,0,0,0,0,0,0,0,0,0,0,0,0,0,0,0,0,0,0,0,0,9,0,40.0432,-75.1809, , 
73276,842179,2011115337,6,67,67301,2011,9,2,900,9,1,1,0,1,1, , ,N,10,2,0,3,0,1,2,2,N,N,39 57:10.335,75 12:43.862,915, ,909, ,0, ,N, ,3, , , , , , , , , ,2,2,0,0,0,0,0,0,0,0,0,1,1,0,1,0,0,0,0,0,0,0,0,0,0,0,0,0,0,0,0,0,0,0,0,4,0,39.9529,-75.2122, , 
73277,842198,2011132926,6,67,67301,2011,11,6,1504,15,1,1,0,8,9, , ,N,1,2,0,3,0,1,2,2,N,N,40 01:43.284,75 07:03.795,1515, ,1508, ,0, ,N, ,3, , , , , , , , , ,1,1,0,0,0,0,0,0,0,0,0,1,1,0,0,0,0,0,0,0,0,0,0,1,0,0,0,0,0,0,0,0,1,0,0,4,0,40.0287,-75.1177, , 
73278,842216,2011112129,6,67,67301,2011,10,2,940,9,1,1,0,8,1, , ,N,1,2,0,3,0,1,2,2,N, ,39 59:18.500,75 06:22.881,950, ,946, ,0, , , ,3, , , , , , , , , ,1,1,0,0,0,0,0,0,0,0,0,0,1,1,1,0,0,0,0,0,0,0,0,1,0,0,0,0,0,0,0,0,1,0,0,8,0,39.9885,-75.1064, , 
73279,842244,2011122813,6,67,67301,2011,10,7,2031,20,3,4,1,5,1, , ,N,0,0,0,3,0,1,4,2,N,N,40 01:16.074,75 11:36.114,2036, ,2032,6,2,1,N, ,0,Y, , , , , , , , ,2,0,0,0,1,0,1,0,0,0,0,1,1,0,0,0,0,0,0,1,0,0,0,0,0,0,0,0,0,0,0,0,0,0,0,4,0,40.0211,-75.1934, , 
73280,842249,2011132957,6,67,67301,2011,11,4,2000,20,6,9,8,8,1, , ,N,1,2,0,3,0,1,2,2,N,N,39 56:11.083,75 13:08.439,0, ,0, ,0, ,N, ,9, , , , , , , , , ,1,1,0,0,0,0,0,0,0,0,0,0,1,1,0,0,0,0,0,0,0,0,0,0,0,0,0,0,0,0,0,0,1,0,0,8,0,39.9364,-75.219, , 
73281,842254,2012023438,6,67,67301,2011,10,3,1230,12,1,1,0,1,1, , ,N,1,2,0,3,0,1,2,2, , ,40 02:18.188,75 10:36.876,0, ,0, ,0, , , ,3, , , , , , , , , ,2,1,0,0,1,0,0,0,0,0,0,0,1,1,0,0,0,0,0,0,0,0,0,0,0,0,0,0,0,0,0,0,0,0,0,8,0,40.0384,-75.1769, , 
73282,842260,2011056977,6,67,67301,2011,5,1,930,9,1,1,0,1,1, , ,N,0,2,0,3,0,3,4,2, , ,39 59:22.739,75 08:48.500,9999, ,9999, ,0, ,N, ,3, , , , , , , , , ,2,2,0,0,0,0,0,0,0,0,0,3,3,0,1,0,0,0,0,0,1,0,0,2,0,0,0,0,0,0,0,0,0,0,0,4,0,39.9896,-75.1468, , 
73283,842290,2011082468,6,67,67301,2011,7,1,535,5,5,1,0,7,2, , ,N,0,0,0,3,0,1,1,1,N, ,40 01:05.392,75 10:13.207,547, ,538, ,0, , , ,0, , , , , , , , , ,1,1,0,0,0,0,0,0,0,0,0,1,1,0,0,0,0,0,0,0,0,0,0,0,0,0,0,0,0,0,0,0,0,0,0,4,0,40.0182,-75.1703, , 
73284,842291,2011082637,6,67,67301,2011,7,5,0,0,3,1,0,1,6, , ,N,0,0,0,3,0,0,1,4,N,N,39 59:17.556,75 05:28.652,15, ,8, ,0, ,N, ,0, , , , , , , , , ,4,1,0,0,1,0,2,0,0,0,0,0,0,0,1,0,0,0,0,0,0,0,0,0,0,0,0,0,0,0,0,0,0,0,0,9,0,39.9882,-75.0913, , 
73285,842292,2011082706,6,67,67301,2011,7,7,30,0,3,9,0,4,1, , ,N,1,2,0,3,0,1,2,2,N, ,40 00:11.021,75 09:51.354,1537, ,1535, ,0, , , ,3, , , , , , , , , ,1,0,0,0,1,0,0,0,1,0,0,0,1,1,0,0,0,0,0,0,0,0,0,0,0,0,0,0,0,0,0,0,0,0,0,8,0,40.0031,-75.1643, , 