objectid_1,objectid,crn,district,county,municipality,crash_year,crash_month,day_of_week,time_of_day,hour_of_day,illumination,weather,road_condition,collision_type,relation_to_road,work_zone_type,work_zone_loc,work_zone_ind,intersect_type,tcd_type,location_type,urban_rural,fatal_count,injury_count,person_count,total_units,sch_bus_ind,sch_zone_ind,latitude,longitude,arrival_tm,cons_zone_spd_lim,dispatch_tm,est_hrs_closed,lane_closed,ln_close_dir,ntfy_hiwy_maint,spec_juris_cd,tcd_func_cd,tfc_detour_ind,workers_pres,wz_close_detour,wz_flagger,wz_law_offcr_ind,wz_ln_closure,wz_moving,wz_other,wz_shlder_mdn,vehicle_count,automobile_count,motorcycle_count,bus_count,small_truck_count,heavy_truck_count,suv_count,van_count,bicycle_count,maj_inj_count,mod_inj_count,min_inj_count,tot_inj_count,unk_inj_deg_count,unk_inj_per_count,driver_count_16yr,driver_count_17yr,driver_count_18yr,driver_count_19yr,driver_count_20yr,driver_count_50_64yr,driver_count_65_74yr,driver_count_75plus,unbelted_occ_count,unb_death_count,unb_maj_inj_count,belted_death_count,belted_maj_inj_count,mcycle_death_count,mcycle_maj_inj_count,bicycle_death_count,bicycle_maj_inj_count,ped_count,ped_death_count,ped_maj_inj_count,max_severity_level,comm_veh_count,dec_lat,dec_long,rdwy_surf_type_cd,county_name
73960,852727,2012002528,6,67,67301,2011,11,6,2350,23,3,1,0,4,1, , ,N,1,2,0,3,0,3,3,2,N, ,39 59:56.763,75 13:51.120,2358, ,2352, ,0, , , ,3, , , , , , , , , ,2,1,0,0,0,0,1,0,0,0,0,2,3,1,0,0,0,0,0,0,0,0,0,0,0,0,0,0,0,0,0,0,0,0,0,4,0,39.9991,-75.2309, , 
73961,852732,2011114543,6,67,67301,2011,10,2,1924,19,3,1,0,7,2, , ,N,0,0,0,3,0,1,1,1,N,N,39 57:57.517,75 08:09.632,1931, ,1926,1,1,1,N, ,0,N, , , , , , , , ,1,1,0,0,0,0,0,0,0,0,0,1,1,0,0,0,0,0,0,0,0,0,0,0,0,0,0,0,0,0,0,0,0,0,0,4,0,39.9659,-75.1362, , 
73962,852740,2011118212,6,67,67301,2011,10,6,720,7,1,1,0,8,1, , ,N,1,3,0,3,0,1,2,2,N,N,40 00:57.949,75 04:56.452,752, ,748, ,0, ,N, ,3, , , , , , , , , ,1,1,0,0,0,0,0,0,0,0,0,1,1,0,0,0,0,0,0,0,0,0,0,0,0,0,0,0,0,0,0,0,1,0,0,4,0,40.0161,-75.0823, , 
73963,852749,2011132905,6,67,67301,2011,11,7,1705,17,4,1,0,5,1, , ,N,0,0,0,3,0,0,1,4,N,N,40 06:01.461,75 01:02.636,1725, ,1715, ,0, ,N, ,0, , , , , , , , , ,4,3,0,0,0,0,1,0,0,0,0,0,0,0,0,1,0,0,0,0,0,0,0,1,0,0,0,0,0,0,0,0,0,0,0,0,0,40.1004,-75.0174, , 
73964,852753,2011122773,6,67,67301,2011,10,6,300,3,3,1,0,5,6, , ,N,0,0,0,3,0,0,1,4,N,N,40 01:29.478,75 08:55.464,309, ,307,2,2,1,N, ,0,N, , , , , , , , ,4,2,0,0,1,0,1,0,0,0,0,0,0,0,0,0,0,0,0,0,0,0,0,0,0,0,0,0,0,0,0,0,0,0,0,0,0,40.0249,-75.1487, , 
73965,852759,2011126359,6,67,67301,2011,11,4,1715,17,3,2,1,4,1, , ,N,1,2,0,3,0,4,6,2,N,N,40 04:18.194,75 09:14.605,1715, ,1715,2,1,3,N, ,3,Y, , , , , , , , ,2,1,0,0,0,0,0,1,0,0,0,0,4,4,0,0,0,0,0,0,0,0,0,0,0,0,0,0,0,0,0,0,0,0,0,8,0,40.0717,-75.1541, , 
73966,852775,2012013434,6,67,67301,2011,12,3,9999,99,1,2,1,4,1, , ,N,1,2,0,3,0,1,4,3,N,N,40 02:20.299,75 09:00.122,1305, ,1300, ,0, ,N, ,3, , , , , , , , , ,3,0,0,0,1,0,1,1,0,0,0,1,1,0,0,0,0,0,0,0,0,0,0,0,0,0,0,0,0,0,0,0,0,0,0,4,0,40.039,-75.15, , 
73967,852785,2012005001,6,67,67301,2011,12,5,1445,14,1,1,0,4,1, , ,N,2,0,0,3,0,2,4,2,N,N,40 02:14.789,75 10:34.137,1510, ,1455, ,0, ,N, ,0, , , , , , , , , ,2,1,0,0,0,0,1,0,0,0,0,2,2,0,0,0,0,0,0,0,0,0,0,0,0,0,0,0,0,0,0,0,0,0,0,4,0,40.0374,-75.1761, , 
73968,852786,2012008082,6,9,9212,2011,9,6,1800,18,1,1,0,4,1, , ,N,1,2,0,3,0,1,3,3,N,N,40 08:03.425,75 00:32.780,1802, ,1800,1,1,1,N, ,3,N, , , , , , , , ,3,3,0,0,0,0,0,0,0,0,0,0,1,1,1,0,1,0,0,0,1,1,0,0,0,0,0,0,0,0,0,0,0,0,0,8,0,40.1343,-75.0091, , 
73969,852787,2012010066,6,67,67301,2011,12,2,1327,13,1,1,0,4,1, , ,N,1,3,0,3,0,1,3,2,N, ,40 00:00.349,75 07:00.191,1338, ,1333, ,0, , , ,3, , , , , , , , , ,2,1,1,0,0,0,0,0,0,0,0,0,1,1,0,0,0,0,1,0,0,0,0,0,0,0,0,0,0,0,0,0,0,0,0,8,0,40.0001,-75.1167, , 
73970,852790,2012023836,6,67,67301,2011,12,4,1630,16,1,2,1,1,1, , ,N,0,0,0,3,0,2,4,2,N,N,40 06:27.891,74 59:50.506,0, ,0, ,0, ,N, ,0, , , , , , , , , ,2,2,0,0,0,0,0,0,0,0,2,0,2,0,2,0,0,0,0,0,1,0,0,1,0,0,0,0,0,0,0,0,0,0,0,3,0,40.1077,-74.9974, , 
73971,852795,2011118181,6,67,67301,2011,10,2,311,3,3,1,0,2,1, , ,N,1,2,0,3,0,2,3,2,N, ,40 00:14.047,75 08:57.044,315, ,313, ,0, , , ,3, , , , , , , , , ,2,2,0,0,0,0,0,0,0,0,0,0,2,2,1,0,0,0,0,0,0,0,0,1,0,0,0,0,0,0,0,0,0,0,0,8,0,40.0039,-75.1492, , 
73972,852796,2011118476,6,67,67301,2011,10,5,1020,10,1,1,0,4,1, , ,N,1,2,0,3,0,4,4,2,N,N,40 03:42.317,75 03:21.839,1035, ,1025, ,0, ,N, ,3, , , , , , , , , ,2,1,0,0,0,0,0,1,0,0,0,0,4,4,0,0,0,0,0,0,1,1,0,0,0,0,0,0,0,0,0,0,0,0,0,8,0,40.0618,-75.0561, , 
73973,852822,2012002917,6,67,67301,2011,12,4,1427,14,1,2,1,1,1, , ,N,6,0,2,3,0,0,6,4,N,N,40 02:43.812,75 00:08.113,1606, ,1605,1,1,2,N, ,0,N, , , , , , , , ,4,3,0,0,0,0,1,0,0,0,0,0,0,0,0,0,0,1,0,0,1,0,0,0,0,0,0,0,0,0,0,0,0,0,0,0,0,40.0455,-75.0023, , 
73974,852843,2012004906,6,67,67301,2011,12,1,1038,10,1,1,0,4,1, , ,N,2,3,0,3,0,4,4,2,N,N,40 03:25.660,75 04:17.727,1041, ,1038, ,0, ,N, ,3, , , , , , , , , ,2,1,0,0,0,0,1,0,0,0,4,0,4,0,0,0,0,0,1,0,0,0,0,0,0,0,0,0,0,0,0,0,0,0,0,3,0,40.0571,-75.0716, , 
73975,852861,2011056922,6,67,67301,2011,5,6,1505,15,1,1,0,8,9, , ,N,0,0,0,3,0,1,2,2,N,N,40 07:20.246,75 00:57.510,1522, ,1508, ,0, ,N, ,0, , , , , , , , , ,1,1,0,0,0,0,0,0,0,0,0,1,1,0,0,0,0,0,0,0,0,1,0,0,0,0,0,0,0,0,0,0,1,0,0,4,0,40.1223,-75.016, , 
73976,852882,2011126628,6,67,67301,2011,11,1,1351,13,1,1,0,1,1, , ,N,0,0,0,3,0,0,3,2,N,N,39 58:36.078,75 11:50.246,1401, ,1353,1,1,3,N, ,0,N, , , , , , , , ,2,0,0,0,0,0,1,1,0,0,0,0,0,0,0,0,0,0,0,0,0,0,1,0,0,0,0,0,0,0,0,0,0,0,0,0,0,39.9767,-75.1973, , 
73977,850310,2012017789,6,67,67301,2011,1,3,1300,13,1,1,0,1,1, , ,N,0,0,0,3,0,1,3,2,N,N,39 57:00.483,75 08:28.444,0, ,0, ,0, ,N, ,0, , , , , , , , , ,2,0,0,0,2,0,0,0,0,0,1,0,1,0,2,0,0,0,0,0,0,0,0,0,0,0,0,0,0,0,0,0,0,0,0,3,0,39.95,-75.1413, , 
73978,850311,2011127453,6,67,67301,2011,12,6,715,7,1,1,0,8,1, , ,N,0,0,0,3,0,1,5,2,Y,N,40 00:25.778,75 05:38.700,810, ,800,3,1,4,N, ,0,N, , , , , , , , ,1,0,0,1,0,0,0,0,0,0,1,0,1,0,0,0,0,0,0,0,0,0,0,0,0,0,0,0,0,0,0,0,1,0,0,3,1,40.0072,-75.0941, , 
73979,850322,2012001902,6,67,67301,2011,12,2,1030,10,1,1,0,7,3, , ,N,1,3,0,3,0,1,1,1,N,N,39 58:37.426,75 12:19.810,2042, ,2038, ,0, ,N, ,3, , , , , , , , , ,1,0,0,0,0,0,1,0,0,0,0,0,1,1,0,0,0,0,0,0,1,0,0,0,0,0,0,0,0,0,0,0,0,0,0,8,0,39.9771,-75.2055, , 
73980,850325,2012011818,6,67,67301,2011,12,6,2314,23,3,1,0,1,1, , ,N,6,0,2,3,0,0,2,2,N,N,39 57:57.148,75 11:11.032,26, ,23,1,1,4,N, ,0,N, , , , , , , , ,2,2,0,0,0,0,0,0,0,0,0,0,0,0,0,0,0,0,0,0,0,0,0,0,0,0,0,0,0,0,0,0,0,0,0,0,0,39.9659,-75.1864, , 
73981,850326,2012014969,6,67,67301,2011,12,6,102,1,3,1,0,4,1, , ,N,2,2,0,3,0,1,2,2,N,N,39 57:22.442,75 13:10.587,121, ,120,3,2,5,N, ,3,Y, , , , , , , , ,2,2,0,0,0,0,0,0,0,0,0,0,1,1,0,0,0,0,0,0,0,0,0,0,0,0,0,0,0,0,0,0,0,0,0,8,0,39.9562,-75.2196, , 
73982,850348,2011108870,6,67,67301,2011,9,7,920,9,1,1,1,4,1, , ,N,2,0,0,3,0,1,3,2,N, ,39 55:46.376,75 10:14.987,926, ,923, ,0, , , ,0, , , , , , , , , ,2,2,0,0,0,0,0,0,0,0,0,0,1,1,0,0,0,0,0,0,1,0,0,0,0,0,0,0,0,0,0,0,0,0,0,8,0,39.9295,-75.1708, , 
73983,850370,2011082719,6,67,67301,2011,6,7,1845,18,1,1,0,8,1, , ,N,0,0,0,3,0,1,3,2,N,N,39 55:05.577,75 13:43.680,1915, ,1910, ,0, ,N, ,0, , , , , , , , , ,1,1,0,0,0,0,0,0,0,0,0,1,1,0,0,0,0,0,0,0,0,0,0,0,0,0,0,0,0,0,0,0,1,0,0,4,0,39.9182,-75.2288, , 
73984,850380,2011091374,6,67,67301,2011,9,3,547,5,3,1,1,1,1,1,4,Y,0,0,0,3,0,1,3,3,N,N,39 54:01.236,75 09:28.502,609,55,552,2,2,2,N, ,0,N,N,N,N,N,N,Y,Y,N,3,2,0,0,1,0,0,0,0,0,1,0,1,0,0,0,0,0,0,0,0,1,0,0,0,0,0,0,0,0,0,0,0,0,0,3,0,39.9003,-75.1579, , 
73985,850381,2011095396,6,67,67301,2011,8,4,938,9,1,1,0,1,1, , ,N,1,2,0,3,0,2,3,2,N,N,39 57:21.499,75 09:38.239,940, ,939, ,0, , , ,3, , , , , , , , , ,2,2,0,0,0,0,0,0,0,0,0,2,2,0,0,0,0,0,0,0,0,0,0,2,0,0,0,0,0,0,0,0,0,0,0,4,0,39.956,-75.1606, , 
73986,850383,2011098130,6,67,67301,2011,9,7,208,2,3,1,0,1,1, , ,N,0,0,0,3,0,1,4,2,N,N,39 56:28.814,75 08:31.692,213, ,211,2,1,1,N, ,0,N, , , , , , , , ,2,1,1,0,0,0,0,0,0,0,1,0,1,0,0,0,0,0,0,0,1,0,0,3,0,0,0,0,0,0,0,0,0,0,0,3,0,39.9413,-75.1421, , 
73987,850441,2011132638,6,67,67301,2011,11,7,309,3,3,1,0,4,9, , ,N,0,0,0,3,0,1,5,3,N,N,39 58:45.952,75 13:04.428,319, ,315, ,0, ,N, ,0, , , , , , , , , ,3,3,0,0,0,0,0,0,0,0,0,0,1,1,0,0,0,0,0,1,0,0,0,1,0,0,0,0,0,0,0,0,0,0,0,8,0,39.9794,-75.2179, , 
73988,850477,2011038224,6,67,67301,2011,3,2,1040,10,1,1,0,8,1, , ,N,1,2,0,3,0,1,2,2, , ,39 58:18.034,75 09:40.096,1047, ,1043, ,0, , , ,3, , , , , , , , , ,1,1,0,0,0,0,0,0,0,0,0,0,1,1,0,0,0,1,0,0,0,0,0,0,0,0,0,0,0,0,0,0,1,0,0,8,0,39.9717,-75.1611, , 
73989,850481,2011054291,6,67,67301,2011,4,7,25,0,3,1,0,4,1, , ,N,1,2,1,3,0,3,3,2,N,N,39 55:39.554,75 11:15.100,35, ,30, ,0, ,N, ,3, , , , , , , , , ,2,2,0,0,0,0,0,0,0,0,2,1,3,0,0,0,1,0,0,0,0,0,0,1,0,0,0,0,0,0,0,0,0,0,0,3,0,39.9277,-75.1875, , 
73990,850492,2011066033,6,67,67301,2011,5,2,1748,17,1,1,0,4,1, , ,N,2,3,0,3,0,1,2,3,N,N,39 57:13.294,75 12:18.903,1756, ,1756, ,0, ,N, ,3, , , , , , , , , ,3,2,0,0,0,0,0,1,0,0,0,0,1,1,0,0,0,0,0,0,2,0,0,0,0,0,0,0,0,0,0,0,0,0,0,8,0,39.9537,-75.2053, , 
73991,850493,2011066164,6,67,67301,2011,6,6,630,6,1,1,0,4,1, , ,N,1,2,0,3,0,0,2,2,N,N,39 54:20.727,75 11:38.377,640, ,640, ,0, ,N, ,3, , , , , , , , , ,2,0,0,0,0,0,2,0,0,0,0,0,0,0,0,0,0,0,0,0,1,0,0,0,0,0,0,0,0,0,0,0,0,0,0,0,0,39.9057,-75.1938, , 
73992,850523,2012004776,6,67,67301,2011,12,4,1135,11,1,2,1,4,1, , ,N,1,3,0,3,0,1,3,2,N,N,39 56:54.582,75 13:23.692,1150, ,1140, ,0, ,N, ,3, , , , , , , , , ,2,1,0,0,0,0,1,0,0,0,0,0,1,1,0,0,0,0,0,0,1,0,0,0,0,0,0,0,0,0,0,0,0,0,0,8,0,39.9485,-75.2232, , 
73993,850524,2012004794,6,67,67301,2011,12,1,9999,99,3,1,0,6,2, , ,N,0,0,0,3,0,0,1,2,N,N,40 02:18.928,75 02:27.221,423, ,419, ,0, ,N, ,0, , , , , , , , , ,2,1,0,0,0,0,0,1,0,0,0,0,0,0,0,0,0,0,0,0,0,0,0,0,0,0,0,0,0,0,0,0,0,0,0,0,0,40.0386,-75.0409, , 
73994,850525,2012020297,6,67,67301,2011,1,6,1620,16,1,4,1,1,1, , ,N,0,0,0,3,0,1,4,3,N,N,40 01:31.373,75 08:51.414,0, ,0, ,0, ,N, ,0, , , , , , , , , ,3,2,0,0,1,0,0,0,0,0,1,0,1,0,2,0,0,0,0,0,1,0,0,0,0,0,0,0,0,0,0,0,0,0,0,3,0,40.0254,-75.1476, , 
73995,844035,2012001928,6,67,67301,2011,12,7,1441,14,1,1,0,7,5, , ,N,1,2,0,3,0,1,1,1,N,N,39 57:03.504,75 10:38.410,9999, ,9999,3,1,4,N, ,3,N, , , , , , , , ,1,1,0,0,0,0,0,0,0,0,0,1,1,0,0,0,0,0,0,0,0,0,0,0,0,0,0,0,0,0,0,0,0,0,0,4,0,39.951,-75.1773, , 
73996,844036,2012004955,6,67,67301,2011,12,1,316,3,3,1,0,4,1, , ,N,1,2,0,3,0,1,3,2,N,N,40 00:59.814,75 08:49.815,9999, ,316,9,1,7,N, ,3,Y, , , , , , , , ,2,2,0,0,0,0,0,0,0,0,0,0,1,1,0,0,0,0,0,0,0,0,0,0,0,0,0,0,0,0,0,0,0,0,0,8,0,40.0166,-75.1472, , 
73997,844037,2012010520,6,67,67301,2011,12,4,9999,99,1,1,0,1,1, , ,N,0,0,0,3,0,3,3,3,N, ,39 57:53.569,75 08:03.820,1206, ,1203, ,0, , , ,0, , , , , , , , , ,3,1,0,0,2,0,0,0,0,0,0,0,3,3,0,0,0,0,0,1,0,0,0,3,0,0,0,0,0,0,0,0,0,0,0,8,0,39.9649,-75.1344, , 
73998,844062,2011082718,6,67,67301,2011,7,4,9999,99,1,1,0,8,1, , ,N,5,2,0,3,0,1,2,2,N, ,39 57:42.674,75 09:27.834,732, ,730, ,0, , , ,2, , , , , , , , , ,1,1,0,0,0,0,0,0,0,0,0,1,1,0,0,0,0,0,0,0,0,0,0,0,0,0,0,0,0,0,0,0,1,0,0,4,0,39.9617,-75.1577, , 
73999,844112,2011075656,6,67,67301,2011,6,4,600,6,5,1,0,4,1, , ,N,1,2,0,3,0,2,2,2, , ,39 59:20.922,75 08:48.893,615, ,610, ,0, , , ,3, , , , , , , , , ,2,1,0,0,0,0,1,0,0,0,0,0,2,2,0,0,0,0,0,0,0,0,0,0,0,0,0,0,0,0,0,0,0,0,0,8,0,39.9891,-75.1469, , 
74000,844130,2011082630,6,67,67301,2011,7,2,2355,23,3,1,0,4,1, , ,N,0,0,0,3,0,1,2,2,N, ,40 00:11.492,75 10:57.297,9, ,4, ,0, , , ,0, , , , , , , , , ,2,1,1,0,0,0,0,0,0,0,1,0,1,0,1,0,0,0,0,0,0,0,0,1,0,0,0,0,0,0,0,0,0,0,0,3,0,40.0032,-75.1826, , 
74001,844138,2011087989,6,67,67301,2011,8,7,0,0,3,1,0,7,4, , ,N,0,0,0,3,0,1,1,1,N,N,40 01:46.378,75 06:04.797,2, ,0,1,2,2,N, ,0,Y, , , , , , , , ,1,1,0,0,0,0,0,0,0,0,0,1,1,0,0,0,0,0,0,0,1,0,0,1,0,0,0,0,0,0,0,0,0,0,0,4,0,40.0295,-75.1013, , 
74002,844147,2011098039,6,67,67301,2011,9,6,2025,20,3,1,0,4,1, , ,N,0,0,0,3,0,2,2,2,N,N,39 59:57.422,75 09:30.060,2037, ,2033,3,2,5,N, ,0,Y, , , , , , , , ,2,2,0,0,0,0,0,0,0,0,0,0,2,2,0,0,0,0,0,0,0,0,0,0,0,0,0,0,0,0,0,0,0,0,0,8,0,39.9993,-75.1584, , 
74003,844151,2011100635,6,67,67301,2011,9,7,1145,11,1,1,0,8,1, , ,N,2,0,0,3,0,1,2,2,N,N,39 59:54.456,75 07:08.900,1201, ,1157, ,0, , , ,0, , , , , , , , , ,1,0,0,0,0,0,1,0,0,0,1,0,1,0,0,0,0,0,0,0,1,0,0,0,0,0,0,0,0,0,0,0,1,0,0,3,0,39.9985,-75.1191, , 
74004,844158,2011106091,6,67,67301,2011,9,6,2030,20,6,2,1,8,1, , ,N,1,0,0,3,0,1,2,2,N,N,39 57:40.298,75 14:27.484,2035, ,2029, ,0, , , ,0, , , , , , , , , ,1,1,0,0,0,0,0,0,0,0,0,0,1,1,0,0,0,0,0,0,0,0,0,1,0,0,0,0,0,0,0,0,1,0,0,8,0,39.9612,-75.241, , 
74005,844159,2011108871,6,67,67301,2011,9,5,2110,21,2,7,0,8,1, , ,N,2,3,0,3,0,1,2,2,N,N,39 56:35.444,75 10:08.205,2123, ,2120, ,0, ,N, ,3, , , , , , , , , ,1,0,0,0,0,1,0,0,0,0,0,0,1,1,0,0,0,0,0,0,0,0,0,0,0,0,0,0,0,0,0,0,1,0,0,8,0,39.9432,-75.1689, , 
74006,844176,2012010047,6,67,67301,2011,12,3,1617,16,4,2,1,4,1, , ,N,2,2,0,3,0,0,3,2,N, ,40 03:46.988,75 05:11.702,1642, ,1637,9,1,2, , ,3,N, , , , , , , , ,2,1,0,0,0,0,0,1,0,0,0,0,0,0,0,0,0,1,0,0,0,1,0,0,0,0,0,0,0,0,0,0,0,0,0,0,0,40.0631,-75.0866, , 
74007,844183,2011112175,6,67,67301,2011,10,7,1557,15,1,1,0,4,1, , ,N,1,2,0,3,0,1,2,3,N, ,39 58:25.623,75 13:10.826,1605, ,1557, ,0, , , ,3, , , , , , , , , ,3,2,0,0,0,0,1,0,0,0,0,0,1,1,0,0,0,0,0,0,0,0,0,0,0,0,0,0,0,0,0,0,0,0,0,8,0,39.9738,-75.2197, , 
74008,844208,2011134775,6,67,67301,2011,12,7,1537,15,1,1,0,4,1, , ,N,1,2,0,3,0,2,5,2,N, ,40 04:50.725,75 01:42.964,1543, ,1538,1,1,1, , ,3,N, , , , , , , , ,2,2,0,0,0,0,0,0,0,0,0,2,2,0,0,0,0,0,0,0,1,0,0,0,0,0,0,0,0,0,0,0,0,0,0,4,0,40.0808,-75.0286, , 
74009,844211,2012002036,6,67,67301,2011,12,7,1310,13,1,1,0,8,1, , ,N,1,3,0,3,0,1,2,2,N,N,39 56:04.430,75 09:37.570,1317, ,1313, ,0, ,N, ,3, , , , , , , , , ,1,0,0,0,0,0,1,0,0,0,0,1,1,0,0,0,0,0,0,0,0,0,0,0,0,0,0,0,0,0,0,0,1,0,0,4,0,39.9346,-75.1604, , 
74010,844221,2011115318,6,67,67301,2011,10,1,1017,10,1,1,0,1,1, , ,N,3,2,0,3,0,0,3,2,N, ,40 01:45.922,75 11:20.353,1024, ,1019,1,1,2, , ,3,N, , , , , , , , ,2,1,0,0,0,0,1,0,0,0,0,0,0,0,0,0,0,0,0,0,0,0,1,0,0,0,0,0,0,0,0,0,0,0,0,0,0,40.0294,-75.189, , 
74011,844222,2011115511,6,67,67301,2011,10,3,1,0,3,1,0,4,1, , ,N,1,3,0,3,0,0,2,2,N,N,39 57:20.944,75 12:35.661,10, ,6, ,0, ,N, ,3, , , , , , , , , ,2,2,0,0,0,0,0,0,0,0,0,0,0,0,0,0,0,0,0,0,0,0,0,0,0,0,0,0,0,0,0,0,0,0,0,0,0,39.9558,-75.2099, , 
74012,844244,2011089868,6,67,67301,2011,9,5,1723,17,1,1,0,1,1, , ,N,0,0,0,3,0,2,9,3,N,N,39 57:56.287,75 11:09.999,1729, ,1727, ,0, ,N, ,0, , , , , , , , , ,3,0,0,0,1,0,1,0,0,0,0,0,2,2,1,0,0,0,0,0,2,0,0,1,0,0,0,0,0,0,0,0,0,0,0,8,0,39.9656,-75.1861, , 
74013,847275,2011040360,6,67,67301,2011,3,6,1530,15,1,1,0,7,5, , ,N,0,0,0,3,0,1,1,1,N,N,40 04:45.440,75 01:50.031,1539, ,1531,1,1,2,N, ,0,Y, , , , , , , , ,1,1,0,0,0,0,0,0,0,0,0,0,1,1,0,0,0,0,0,0,0,0,0,0,0,0,0,0,0,0,0,0,0,0,0,8,0,40.0793,-75.0306, , 
74014,847297,2011064052,6,67,67301,2011,5,4,1750,17,1,1,0,4,1, , ,N,3,2,0,3,0,1,2,2, , ,39 56:37.899,75 10:54.955,1758, ,1756,3,1,2,N, ,3,Y, , , , , , , , ,1,0,0,1,0,0,0,0,1,1,0,0,1,0,0,0,0,0,0,0,0,0,0,0,0,0,0,0,0,0,0,1,0,0,0,2,1,39.9439,-75.1819, , 
74015,847312,2011091039,6,67,67301,2011,8,2,1904,19,1,1,0,4,1, , ,N,1,2,0,3,0,9,9,2,N, ,40 03:23.098,75 00:46.082,1908, ,1906, ,0, , , ,3, , , , , , , , , ,2,2,0,0,0,0,0,0,0,0,0,9,9,0,0,0,0,0,0,0,0,0,0,0,0,0,0,0,0,0,0,0,0,0,0,4,0,40.0564,-75.0128, , 
74016,847316,2011093024,6,67,67301,2011,8,3,1355,13,1,1,0,4,1, , ,N,1,3,0,3,0,1,2,2,N, ,39 55:49.785,75 10:41.426,1402, ,1400, ,0, , , ,3, , , , , , , , , ,2,1,0,0,0,0,0,0,0,0,0,1,1,0,0,0,0,0,0,0,0,0,1,0,0,0,0,0,0,0,0,0,0,0,0,4,0,39.9305,-75.1782, , 
74017,847329,2011128892,6,67,67301,2011,11,3,23,0,3,2,1,7,3, , ,N,0,0,0,3,0,0,2,2,N,N,39 53:35.660,75 13:41.660,27, ,24, ,0, ,N, ,0, , , , , , , , , ,2,1,0,0,0,0,0,0,0,0,0,0,0,0,1,0,0,0,0,0,0,0,0,0,0,0,0,0,0,0,0,0,0,0,0,9,0,39.8932,-75.2282, , 
74018,847346,2011135410,6,67,67301,2011,12,5,2107,21,3,1,0,4,1, , ,N,0,0,0,3,0,3,4,2,N,Y,40 02:23.903,75 00:23.766,2117, ,2109, ,0, ,N, ,0, , , , , , , , , ,2,1,0,0,0,0,0,0,0,0,0,3,3,0,1,0,0,0,0,0,0,0,0,0,0,0,0,0,0,0,0,0,0,0,0,4,0,40.04,-75.0066, , 
74019,847348,2012005008,6,67,67301,2011,12,1,345,3,2,1,0,2,2, , ,N,0,0,0,3,0,0,1,3,N,N,40 02:04.758,75 08:27.992,350, ,348,3,2,6,N, ,0,Y, , , , , , , , ,3,3,0,0,0,0,0,0,0,0,0,0,0,0,1,0,0,0,0,0,0,0,0,0,0,0,0,0,0,0,0,0,0,0,0,9,0,40.0347,-75.1411, , 
74020,847349,2012012599,6,67,67301,2011,12,3,1841,18,3,2,1,8,1, , ,N,1,2,0,3,0,1,6,2,N,N,40 02:44.262,75 07:42.522,1842, ,1842,2,2,7,N, ,3,Y, , , , , , , , ,1,0,0,1,0,0,0,0,0,1,0,0,1,0,0,0,0,0,0,0,1,0,0,0,0,0,0,0,0,0,0,0,1,0,1,2,1,40.0456,-75.1285, , 
74021,847353,2011075707,6,67,67301,2011,7,1,1933,19,1,1,0,4,1, , ,N,1,3,0,3,0,0,3,4,N,N,39 58:38.056,75 12:35.927,1939, ,1934, ,0, ,N, ,3, , , , , , , , , ,4,3,0,0,1,0,0,0,0,0,0,0,0,0,0,0,0,0,0,1,0,0,0,0,0,0,0,0,0,0,0,0,0,0,0,0,0,39.9772,-75.21, , 
74022,847362,2011087880,6,67,67301,2011,8,5,350,3,3,9,8,7,5, , ,N,0,0,0,3,0,0,1,1,N,N,40 00:40.984,75 07:52.775,718, ,718, ,0, ,N, ,0, , , , , , , , , ,1,1,0,0,0,0,0,0,0,0,0,0,0,0,0,0,0,0,0,0,0,0,0,0,0,0,0,0,0,0,0,0,0,0,0,0,0,40.0114,-75.1313, , 
74023,847366,2011090386,6,67,67301,2011,8,2,520,5,3,1,0,5,6, , ,N,0,0,0,3,0,0,1,3,N,N,39 57:44.280,75 11:24.691,520, ,520, ,0, ,N, ,0, , , , , , , , , ,3,0,0,0,0,0,2,1,0,0,0,0,0,0,0,0,0,0,0,0,0,0,0,0,0,0,0,0,0,0,0,0,0,0,0,0,0,39.9623,-75.1902, , 
74024,847395,2011107996,6,67,67301,2011,10,7,2053,20,3,1,0,4,1, , ,N,0,0,0,3,0,0,2,2,N,N,40 02:01.298,75 01:11.527,2113, ,2102,1,1,2,N, ,0,N, , , , , , , , ,2,2,0,0,0,0,0,0,0,0,0,0,0,0,0,0,0,0,0,0,0,0,0,0,0,0,0,0,0,0,0,0,0,0,0,0,0,40.0336,-75.0199, , 
74025,847400,2011132903,6,67,67301,2011,11,7,50,0,3,1,0,8,1, , ,N,1,2,0,3,0,1,2,2,N,N,39 56:03.465,75 09:02.912,108, ,50, ,0, ,N, ,3, , , , , , , , , ,1,1,0,0,0,0,0,0,0,0,0,1,1,0,1,0,0,0,0,0,0,0,0,0,0,0,0,0,0,0,0,0,1,0,0,4,0,39.9343,-75.1508, , 
74026,847405,2011134716,6,67,67301,2011,12,2,1200,12,1,1,0,1,1, , ,N,0,2,0,3,0,3,4,3,N, ,40 01:24.640,75 06:39.008,1210, ,1206,2,2,1, , ,3,Y, , , , , , , , ,3,2,0,0,1,0,0,0,0,0,0,0,3,3,1,0,0,0,0,0,0,0,0,0,0,0,0,0,0,0,0,0,0,0,0,8,0,40.0235,-75.1108, , 