objectid_1,objectid,crn,district,county,municipality,crash_year,crash_month,day_of_week,time_of_day,hour_of_day,illumination,weather,road_condition,collision_type,relation_to_road,work_zone_type,work_zone_loc,work_zone_ind,intersect_type,tcd_type,location_type,urban_rural,fatal_count,injury_count,person_count,total_units,sch_bus_ind,sch_zone_ind,latitude,longitude,arrival_tm,cons_zone_spd_lim,dispatch_tm,est_hrs_closed,lane_closed,ln_close_dir,ntfy_hiwy_maint,spec_juris_cd,tcd_func_cd,tfc_detour_ind,workers_pres,wz_close_detour,wz_flagger,wz_law_offcr_ind,wz_ln_closure,wz_moving,wz_other,wz_shlder_mdn,vehicle_count,automobile_count,motorcycle_count,bus_count,small_truck_count,heavy_truck_count,suv_count,van_count,bicycle_count,maj_inj_count,mod_inj_count,min_inj_count,tot_inj_count,unk_inj_deg_count,unk_inj_per_count,driver_count_16yr,driver_count_17yr,driver_count_18yr,driver_count_19yr,driver_count_20yr,driver_count_50_64yr,driver_count_65_74yr,driver_count_75plus,unbelted_occ_count,unb_death_count,unb_maj_inj_count,belted_death_count,belted_maj_inj_count,mcycle_death_count,mcycle_maj_inj_count,bicycle_death_count,bicycle_maj_inj_count,ped_count,ped_death_count,ped_maj_inj_count,max_severity_level,comm_veh_count,dec_lat,dec_long,rdwy_surf_type_cd,county_name
74229,844895,2011080871,6,67,67301,2011,7,2,2340,23,3,1,0,7,2, , ,N,0,0,0,3,0,4,4,1,N,N,39 53:56.134,75 10:06.320,2349, ,2341,1,1,1,N, ,0,N, , , , , , , , ,1,1,0,0,0,0,0,0,0,0,0,1,4,3,0,0,0,0,0,0,0,0,0,4,0,0,0,0,0,0,0,0,0,0,0,4,0,39.8989,-75.1684, , 
74230,844899,2011085142,6,67,67301,2011,8,7,643,6,1,1,0,7,2, , ,N,0,0,0,3,0,1,1,1,N,N,39 59:21.199,75 05:15.243,650, ,646,2,1,1,Y, ,0,N, , , , , , , , ,1,0,0,0,0,0,1,0,0,0,0,0,1,1,0,0,0,0,0,0,0,0,0,1,0,0,0,0,0,0,0,0,0,0,0,8,0,39.9891,-75.0877, , 
74231,844900,2011085488,6,67,67301,2011,7,7,1928,19,1,1,0,5,1, , ,N,0,0,7,3,0,2,4,2,N, ,40 00:16.752,75 05:36.012,1931, ,1930, ,0, , , ,0, , , , , , , , , ,2,0,0,1,1,0,0,0,0,0,0,2,2,0,0,0,0,0,0,0,0,0,0,0,0,0,0,0,0,0,0,0,0,0,0,4,1,40.0047,-75.0933, , 
74232,844907,2011090578,6,67,67301,2011,8,5,9999,99,1,1,0,7,4, , ,N,0,3,0,3,0,1,1,1,N,N,40 00:15.531,75 05:05.510,9999, ,9999,3,2,6,N, ,3,Y, , , , , , , , ,1,1,0,0,0,0,0,0,0,0,0,0,1,1,0,0,0,0,1,0,0,0,0,0,0,0,0,0,0,0,0,0,0,0,0,8,0,40.0043,-75.0849, , 
74233,844913,2011095399,6,67,67301,2011,8,1,37,0,3,1,0,5,5, , ,N,0,0,0,3,0,0,1,3,N, ,39 58:26.036,75 15:06.516,37, ,37, ,0, , , ,0, , , , , , , , , ,3,3,0,0,0,0,0,0,0,0,0,0,0,0,0,0,0,0,0,0,0,0,0,0,0,0,0,0,0,0,0,0,0,0,0,0,0,39.9739,-75.2518, , 
74234,844927,2011106488,6,67,67301,2011,10,7,1741,17,1,1,0,8,1, , ,N,0,0,0,3,0,1,2,2,N,N,39 56:17.982,75 08:32.408,1741, ,1741, ,0, ,N, ,0, , , , , , , , , ,1,1,0,0,0,0,0,0,0,0,0,0,1,1,1,0,0,0,0,0,0,0,0,0,0,0,0,0,0,0,0,0,1,0,0,8,0,39.9383,-75.1423, , 
74235,847844,2011100687,6,67,67301,2011,9,1,325,3,3,1,0,1,1, , ,N,2,2,0,3,0,0,4,2,N,N,39 59:23.096,75 15:02.818,331, ,328,3,1,1, , ,3,Y, , , , , , , , ,2,1,0,0,1,0,0,0,0,0,0,0,0,0,1,0,0,0,0,0,0,0,0,1,0,0,0,0,0,0,0,0,0,0,0,9,0,39.9897,-75.2508, , 
74236,847863,2011122874,6,67,67301,2011,11,4,808,8,1,1,0,8,1, , ,N,1,3,0,3,0,1,2,2,N,Y,40 03:43.963,75 04:50.566,814, ,810,3,2,6,N, ,3,Y, , , , , , , , ,1,1,0,0,0,0,0,0,0,0,0,1,1,0,0,0,0,0,0,1,0,0,0,0,0,0,0,0,0,0,0,0,1,0,0,4,0,40.0622,-75.0807, , 
74237,847879,2011082508,6,67,67301,2011,7,3,9999,99,1,1,0,4,1, , ,N,2,2,0,3,0,1,2,2,N, ,40 05:47.006,74 58:15.579,2025, ,2020, ,0, , , ,3, , , , , , , , , ,1,1,0,0,0,0,0,0,1,0,0,1,1,0,0,0,0,0,0,0,0,0,0,0,0,0,0,0,0,0,0,0,0,0,0,4,0,40.0964,-74.971, , 
74238,847888,2011095489,6,67,67301,2011,8,5,1355,13,1,2,1,4,1, , ,N,1,2,0,3,0,1,2,2,N, ,40 01:06.232,75 08:12.411,1420, ,1400,1,1,3, , ,3,N, , , , , , , , ,1,0,0,0,0,0,1,0,1,0,0,1,1,0,0,0,0,0,0,0,0,1,0,0,0,0,0,0,0,0,0,0,0,0,0,4,0,40.0184,-75.1368, , 
74239,847895,2011108762,6,67,67301,2011,10,7,625,6,5,2,1,2,1, , ,N,0,0,0,3,0,1,2,2,N,N,40 00:26.600,75 04:41.587,745, ,742, ,0, ,N, ,0, , , , , , , , , ,2,0,0,0,0,0,1,1,0,0,0,0,1,1,0,0,0,0,0,0,0,0,0,0,0,0,0,0,0,0,0,0,0,0,0,8,0,40.0074,-75.0782, , 
74240,847896,2011108808,6,67,67301,2011,9,1,1448,14,1,1,0,2,1, , ,N,1,2,0,3,0,1,2,2,N,N,40 02:29.408,75 09:30.138,1608, ,1602, ,0, ,N, ,3, , , , , , , , , ,2,2,0,0,0,0,0,0,0,0,0,0,1,1,0,0,0,0,0,1,0,0,0,0,0,0,0,0,0,0,0,0,0,0,0,8,0,40.0415,-75.1584, , 
74241,847919,2012022607,6,67,67301,2011,12,5,2340,23,3,2,1,4,1, , ,N,1,2,0,3,0,1,6,2,N,N,40 02:14.460,75 11:27.412,2352, ,2346, ,0, ,N, ,3, , , , , , , , , ,2,2,0,0,0,0,0,0,0,0,0,1,1,0,1,0,0,1,0,0,0,0,0,1,0,0,0,0,0,0,0,0,0,0,0,4,0,40.0374,-75.1909, , 
74242,847960,2011126342,6,67,67301,2011,11,2,615,6,1,1,0,8,1, , ,N,1,3,0,3,0,1,2,2,N,N,40 01:32.304,75 08:37.597,725, ,218,9,9, ,N, ,3,Y, , , , , , , , ,1,1,0,0,0,0,0,0,0,0,0,0,1,1,1,0,0,0,0,0,0,0,0,0,0,0,0,0,0,0,0,0,1,0,0,8,0,40.0256,-75.1438, , 
74243,847977,2011069475,6,67,67301,2011,7,1,1420,14,1,1,0,7,3, , ,N,0,0,1,3,0,3,3,1,N,N,40 03:41.932,75 08:10.637,1425, ,1423,3,2,4,N, ,0,Y, , , , , , , , ,1,0,0,0,0,0,0,1,0,0,0,0,3,3,0,0,0,0,0,0,0,0,0,3,0,0,0,0,0,0,0,0,0,0,0,8,0,40.0616,-75.1363, , 
74244,847993,2011087901,6,67,67301,2011,8,6,9999,99,1,1,0,8,1, , ,N,0,0,0,3,0,1,2,2,N, ,39 59:56.144,75 06:16.070,1740, ,1732, ,0, , , ,0, , , , , , , , , ,1,1,0,0,0,0,0,0,0,0,0,1,1,0,0,0,0,0,0,0,0,0,0,0,0,0,0,0,0,0,0,0,1,0,0,4,0,39.9989,-75.1045, , 
74245,848005,2011096950,6,67,67301,2011,9,3,2150,21,3,1,0,7,3, , ,N,0,0,0,3,0,1,1,1,N,N,39 58:40.380,75 06:42.559,2159, ,2159,1,1,2,N, ,0,N, , , , , , , , ,1,1,0,0,0,0,0,0,0,0,0,1,1,0,0,0,0,0,0,0,0,1,0,0,0,0,0,0,0,0,0,0,0,0,0,4,0,39.9779,-75.1118, , 
74246,848029,2012004814,6,67,67301,2011,12,7,1500,15,1,1,0,4,1, , ,N,1,2,0,3,0,1,2,2,N, ,39 59:25.969,75 10:07.229,1615, ,1538, ,0, , , ,3, , , , , , , , , ,2,2,0,0,0,0,0,0,0,0,1,0,1,0,0,0,0,0,0,0,1,0,0,0,0,0,0,0,0,0,0,0,0,0,0,3,0,39.9905,-75.1687, , 
74247,848030,2012009968,6,67,67301,2011,12,6,9999,99,1,8,1,7,5, , ,N,0,0,0,3,0,1,1,1,N,N,40 02:45.920,75 01:50.368,750, ,742, ,0, ,N, ,0, , , , , , , , , ,1,0,0,0,1,0,0,0,0,0,0,1,1,0,0,0,0,0,0,0,0,0,0,0,0,0,0,0,0,0,0,0,0,0,0,4,0,40.0461,-75.0307, , 
74248,848031,2012009989,6,67,67301,2011,12,6,115,1,3,1,0,1,1, , ,N,0,0,0,3,0,1,7,2,N,N,39 57:41.758,75 09:16.840,9999, ,119,1,1,3,N, ,0,N, , , , , , , , ,2,2,0,0,0,0,0,0,0,0,0,1,1,0,0,0,0,0,0,0,0,0,0,0,0,0,0,0,0,0,0,0,0,0,0,4,0,39.9616,-75.1547, , 
74249,848035,2011118478,6,67,67301,2011,10,5,811,8,1,1,0,1,7, , ,N,6,3,2,3,0,1,2,2,N,N,40 02:50.499,74 59:47.181,915, ,909, ,0, ,N, ,3, , , , , , , , , ,2,2,0,0,0,0,0,0,0,0,0,1,1,0,0,0,0,0,0,0,0,1,0,0,0,0,0,0,0,0,0,0,0,0,0,4,0,40.0474,-74.9964, , 
74250,848097,2011112316,6,67,67301,2011,10,6,1836,18,1,1,0,4,1, , ,N,1,2,0,3,0,1,2,2,N, ,39 55:33.913,75 13:40.681,1838, ,1838, ,0, , , ,3, , , , , , , , , ,2,2,0,0,0,0,0,0,0,0,0,1,1,0,0,0,0,0,0,0,0,0,0,0,0,0,0,0,0,0,0,0,0,0,0,4,0,39.9261,-75.228, , 
74251,848100,2011116219,6,67,67301,2011,10,5,1938,19,3,2,1,1,1, , ,N,0,0,0,3,0,0,5,2,N,N,40 02:17.839,75 00:38.175,2005, ,1940, ,0, ,N, ,0, , , , , , , , , ,2,1,0,0,0,0,1,0,0,0,0,0,0,0,0,0,0,0,1,0,0,0,0,0,0,0,0,0,0,0,0,0,0,0,0,0,0,40.0383,-75.0105, , 
74252,848111,2011127038,6,67,67301,2011,11,7,1530,15,1,1,0,1,1, , ,N,0,2,0,3,0,2,5,3,N,N,40 01:53.507,75 08:46.567,1543, ,1538, ,0, ,N, ,3, , , , , , , , , ,3,3,0,0,0,0,0,0,0,0,0,2,2,0,0,0,0,0,0,0,0,1,0,0,0,0,0,0,0,0,0,0,0,0,0,4,0,40.0315,-75.1463, , 
74253,853335,2011092979,6,67,67301,2011,8,2,2100,21,3,1,0,5,6, , ,N,0,0,0,3,0,0,2,2,N,N,40 01:30.370,75 13:21.648,2203, ,2138,1,1,1,N, ,0,N, , , , , , , , ,2,1,0,0,0,0,0,0,0,0,0,0,0,0,1,0,0,0,0,0,0,0,0,1,0,0,0,0,0,0,0,0,0,0,0,9,0,40.0251,-75.2227, , 
74254,853345,2011115329,6,67,67301,2011,10,6,1504,15,1,1,0,8,1, , ,N,1,2,0,3,0,1,2,2,N,N,39 57:15.859,75 09:47.045,1525, ,1506, ,0, ,N, ,3, , , , , , , , , ,1,1,0,0,0,0,0,0,0,0,0,0,1,1,0,0,0,0,0,0,0,0,0,0,0,0,0,0,0,0,0,0,1,0,0,8,0,39.9544,-75.1631, , 
74255,853370,2011108898,6,67,67301,2011,9,5,855,8,1,2,1,2,1, , ,N,0,0,0,3,0,1,2,2,N, ,39 59:13.080,75 13:20.560,1140, ,1130, ,0, , , ,0, , , , , , , , , ,2,1,0,0,1,0,0,0,0,0,1,0,1,0,0,0,0,0,0,0,0,0,0,1,0,0,0,0,0,0,0,0,0,0,0,3,0,39.987,-75.2224, , 
74256,853375,2011112260,6,67,67301,2011,10,4,1739,17,1,1,0,1,1, , ,N,6,4,2,3,0,0,3,2,N,N,40 01:06.762,75 10:01.463,1745, ,1740, ,0, ,N, ,3, , , , , , , , , ,2,2,0,0,0,0,0,0,0,0,0,0,0,0,2,0,0,0,0,0,0,0,0,0,0,0,0,0,0,0,0,0,0,0,0,9,0,40.0185,-75.1671, , 
74257,853405,2011132937,6,67,67301,2011,11,4,210,2,3,2,1,5,6, , ,N,0,0,0,3,0,0,3,4,N,N,39 59:47.648,75 09:44.074,9999, ,216, ,0, ,N, ,0, , , , , , , , , ,4,2,0,0,0,0,0,2,0,0,0,0,0,0,0,0,0,0,0,0,0,0,0,0,0,0,0,0,0,0,0,0,0,0,0,0,0,39.9966,-75.1622, , 
74258,853413,2012032515,6,67,67301,2011,5,1,9999,99,1,1,0,7,5, , ,N,1,2,0,3,0,1,1,1,N,Y,40 03:27.548,75 09:43.791,1600, ,1554,9,1,2,N, ,3,N, , , , , , , , ,1,0,1,0,0,0,0,0,0,0,1,0,1,0,0,0,0,0,0,0,0,0,0,0,0,0,0,0,0,0,0,0,0,0,0,3,0,40.0577,-75.1622, , 
74259,853422,2011115391,6,67,67301,2011,10,2,1743,17,3,1,0,4,1, , ,N,2,3,0,3,0,1,3,2,N,N,40 02:28.453,75 10:14.678,1830, ,1827, ,0, , , ,3, , , , , , , , , ,1,1,0,0,0,0,0,0,1,0,0,0,1,1,0,0,0,0,0,0,0,0,0,0,0,0,0,0,0,0,0,0,0,0,0,8,0,40.0412,-75.1707, , 
74260,853425,2012002539,6,67,67301,2011,12,7,2015,20,3,1,0,4,1, , ,N,1,3,0,3,0,1,3,2,N,N,40 02:27.956,75 08:31.268,2101, ,2100, ,0, ,N, ,3, , , , , , , , , ,2,2,0,0,0,0,0,0,0,0,0,1,1,0,0,0,0,0,0,0,0,0,0,0,0,0,0,0,0,0,0,0,0,0,0,4,0,40.0411,-75.142, , 
74261,853426,2012005013,6,67,67301,2011,12,6,2258,22,3,1,0,2,1, , ,N,0,0,0,3,0,2,3,2,N,N,40 00:06.274,75 08:25.998,2308, ,2259, ,0, ,N, ,0, , , , , , , , , ,2,1,0,0,0,0,1,0,0,0,0,0,2,2,1,0,0,0,0,0,1,0,0,2,0,0,0,0,0,0,0,0,0,0,0,8,0,40.0017,-75.1406, , 
74262,853441,2011127087,6,67,67301,2011,11,5,2136,21,3,1,0,5,1, , ,N,0,0,0,3,0,0,2,3,N,N,39 59:21.580,75 08:26.826,2145, ,2138, ,0, , , ,0, , , , , , , , , ,3,3,0,0,0,0,0,0,0,0,0,0,0,0,0,0,0,0,0,0,0,1,0,0,0,0,0,0,0,0,0,0,0,0,0,0,0,39.9893,-75.1408, , 
74263,853451,2012002753,6,67,67301,2011,12,6,1226,12,1,1,0,1,1, , ,N,0,0,0,3,0,0,4,4,N,N,39 57:32.484,75 10:15.549,1245, ,1231, ,0, ,N, ,0, , , , , , , , , ,4,2,0,0,1,0,1,0,0,0,0,0,0,0,0,0,0,0,0,0,0,0,0,0,0,0,0,0,0,0,0,0,0,0,0,0,0,39.959,-75.171, , 
74264,853470,2011029005,6,67,67301,2011,1,2,1846,18,3,1,4,8,1, , ,N,0,0,0,3,0,1,2,2,N,N,40 03:49.809,75 01:41.926,1856, ,1848, ,0, , , ,0, , , , , , , , , ,1,0,0,0,0,0,1,0,0,0,0,1,1,0,0,0,0,0,0,0,0,0,0,0,0,0,0,0,0,0,0,0,1,0,0,4,0,40.0638,-75.0283, , 
74265,853473,2011085521,6,67,67301,2011,7,5,750,7,1,1,0,1,1, , ,N,0,0,0,3,0,1,3,2,N,N,40 06:45.078,74 59:26.804,800, ,755, ,0, ,N, ,0, , , , , , , , , ,2,2,0,0,0,0,0,0,0,0,0,1,1,0,0,0,0,0,0,0,1,0,0,0,0,0,0,0,0,0,0,0,0,0,0,4,0,40.1125,-74.9908, , 
74266,853489,2011068466,6,67,67301,2011,6,2,905,9,1,1,0,4,1, , ,N,0,0,7,3,0,1,2,2,N,N,39 56:53.140,75 11:26.240,911, ,911, ,0, ,N, ,0, , , , , , , , , ,1,0,0,0,0,0,1,0,1,0,0,1,1,0,0,0,0,0,0,0,0,0,0,0,0,0,0,0,0,0,0,0,0,0,0,4,0,39.9481,-75.1906, , 
74267,853493,2011073277,6,67,67301,2011,6,2,325,3,3,1,0,7,4, , ,N,1,2,0,3,0,0,1,1,N,N,39 56:02.753,75 10:03.046,332, ,330, ,0, ,N, ,3, , , , , , , , , ,1,1,0,0,0,0,0,0,0,0,0,0,0,0,0,0,0,0,0,0,0,0,0,0,0,0,0,0,0,0,0,0,0,0,0,0,0,39.9342,-75.1675, , 
74268,853513,2011098030,6,67,67301,2011,9,1,339,3,3,1,0,4,1, , ,N,2,3,0,3,0,1,1,3,N,N,40 05:17.257,75 03:11.437,345, ,339,4,1,6,N, ,3,Y, , , , , , , , ,3,2,0,0,1,0,0,0,0,0,0,1,1,0,0,0,0,0,0,0,0,0,0,1,0,0,0,0,0,0,0,0,0,0,0,4,0,40.0881,-75.0532, , 
74269,853520,2011100630,6,67,67301,2011,9,6,2332,23,3,1,0,4,1, , ,N,1,2,0,3,0,1,5,2,N, ,40 03:47.297,75 03:06.176,2340, ,2333,3,2,7, , ,2,Y, , , , , , , , ,2,0,1,0,0,1,0,0,0,0,0,0,1,1,2,0,0,0,0,0,1,0,0,3,0,0,0,0,0,0,0,0,0,0,0,8,0,40.0631,-75.0516, , 
74270,853527,2012004855,6,67,67301,2011,12,3,2342,23,3,1,0,1,1, , ,N,0,2,0,3,0,0,1,3,N,N,39 57:17.615,75 12:31.754,2345, ,2343, ,0, ,N, ,2, , , , , , , , , ,2,2,0,0,0,0,0,0,0,0,0,0,0,0,0,0,0,0,0,0,0,0,0,0,0,0,0,0,0,0,0,0,0,0,0,0,0,39.9549,-75.2088, , 
74271,853546,2012002021,6,67,67301,2011,12,3,2254,22,3,1,0,4,1, , ,N,1,3,0,3,0,1,2,2,N,N,40 01:19.146,75 03:24.497,2330, ,2322, ,0, ,N, ,3, , , , , , , , , ,2,2,0,0,0,0,0,0,0,0,0,1,1,0,0,0,0,0,0,0,0,0,0,0,0,0,0,0,0,0,0,0,0,0,0,4,0,40.022,-75.0568, , 
74272,851068,2011068346,6,67,67301,2011,6,7,945,9,1,1,0,8,1, , ,N,0,0,0,3,0,1,2,2,N,N,39 59:34.702,75 11:00.263,956, ,956, ,0, ,N, ,0, , , , , , , , , ,1,0,0,0,0,0,1,0,0,0,0,1,1,0,0,0,0,0,0,0,0,1,0,1,0,0,0,0,0,0,0,0,1,0,0,4,0,39.993,-75.1834, , 
74273,851079,2011088024,6,67,67301,2011,8,1,321,3,3,2,1,7,5, , ,N,1,2,0,3,0,4,4,1,N,N,40 03:40.658,75 05:00.623,325, ,321, ,0, ,N, ,3, , , , , , , , , ,1,1,0,0,0,0,0,0,0,0,2,2,4,0,0,0,0,0,0,0,0,0,0,0,0,0,0,0,0,0,0,0,0,0,0,3,0,40.0612,-75.0835, , 
74274,851087,2011097250,6,67,67301,2011,8,7,2014,20,3,2,1,7,4, , ,N,0,0,0,3,1,1,2,2,N, ,40 03:37.130,75 04:06.630,2016, ,2014, ,0, ,N,0,0, , , , , , , , , ,2,0,0,0,0,0,2,0,0,0,0,0,1,1,0,0,0,0,0,0,0,0,0,0,0,0,0,0,0,0,0,0,0,0,0,1,0,40.0603,-75.0685,2, 
74275,851103,2011118118,6,67,67301,2011,10,2,220,2,3,1,0,4,1, , ,N,1,2,0,3,0,1,2,4,N, ,40 00:42.859,75 05:51.842,225, ,223,2,1,1, , ,3,N, , , , , , , , ,4,3,0,0,1,0,0,0,0,0,0,1,1,0,0,0,0,0,0,0,0,0,0,0,0,0,0,0,0,0,0,0,0,0,0,4,0,40.0118,-75.0978, , 
74276,851120,2012012689,6,67,67301,2011,12,7,1507,15,1,1,0,4,1, , ,N,1,2,0,3,0,0,4,2,N, ,39 58:10.070,75 08:22.352,1532, ,1528,1,1,2, , ,3,N, , , , , , , , ,2,1,0,0,0,0,0,1,0,0,0,0,0,0,1,0,0,0,0,0,0,1,0,0,0,0,0,0,0,0,0,0,0,0,0,9,0,39.9695,-75.1395, , 
74277,851132,2011132641,6,67,67301,2011,11,3,1325,13,1,2,1,8,1, , ,N,1,2,0,3,0,1,2,2,N, ,39 58:58.770,75 06:05.073,1340, ,1325, ,0, , , ,3, , , , , , , , , ,1,1,0,0,0,0,0,0,0,0,0,1,1,0,1,0,0,0,0,0,0,0,0,0,0,0,0,0,0,0,0,0,1,0,0,4,0,39.983,-75.1014, , 
74278,851134,2012004069,6,67,67301,2011,12,2,1309,13,1,1,0,1,1, , ,N,6,4,2,3,0,3,10,3,N,N,39 53:35.717,75 13:42.269,1334, ,1316, ,0, ,N, ,3, , , , , , , , , ,3,2,0,0,1,0,0,0,0,0,0,3,3,0,0,0,0,0,0,0,0,0,0,2,0,0,0,0,0,0,0,0,0,0,0,4,0,39.8933,-75.2284, , 
74279,851136,2012022579,6,67,67301,2011,7,1,1800,18,4,1,0,4,1, , ,N,1,2,0,3,0,1,2,2, , ,40 03:19.147,75 04:24.059,0, ,0, ,0, , , ,3, , , , , , , , , ,2,1,0,0,0,0,1,0,0,0,0,0,1,1,0,0,0,0,0,0,0,1,0,0,0,0,0,0,0,0,0,0,0,0,0,8,0,40.0553,-75.0733, , 
74280,851171,2011132848,6,67,67301,2011,11,3,2206,22,3,2,1,4,1, , ,N,1,2,2,3,0,1,4,3,N,N,40 00:33.068,75 04:08.444,2212, ,2208, ,0, ,N, ,3, , , , , , , , , ,3,1,0,0,0,0,1,1,0,0,1,0,1,0,0,0,0,0,0,0,1,0,0,0,0,0,0,0,0,0,0,0,0,0,0,3,0,40.0092,-75.069, , 
74281,851178,2012001940,6,67,67301,2011,11,7,545,5,5,1,0,4,1, , ,N,1,3,0,3,0,1,2,2,N,N,40 01:29.996,75 06:54.475,945, ,941, ,0, ,N, ,3, , , , , , , , , ,2,2,0,0,0,0,0,0,0,0,0,1,1,0,1,0,0,0,0,0,0,0,0,0,0,0,0,0,0,0,0,0,0,0,0,4,0,40.025,-75.1151, , 
74282,851186,2011122725,6,67,67301,2011,10,6,1320,13,1,1,0,1,1, , ,N,1,2,0,3,0,2,3,2,N,N,40 01:47.943,75 06:11.321,1339, ,1332,1,1,4,N, ,3,Y, , , , , , , , ,2,1,0,0,0,1,0,0,0,0,0,2,2,0,0,0,0,0,0,0,1,0,0,0,0,0,0,0,0,0,0,0,0,0,0,4,1,40.0299,-75.1032, , 
74283,851192,2011132792,6,67,67301,2011,11,5,1600,16,1,1,0,8,1, , ,N,0,0,0,3,0,1,3,2,N,N,40 00:00.000,75 06:41.734,1725, ,1725, ,0, ,N, ,0, , , , , , , , , ,1,1,0,0,0,0,0,0,0,0,0,0,1,1,0,0,0,0,0,0,0,0,0,2,0,0,0,0,0,0,0,0,1,0,0,8,0,40,-75.1116, , 
74284,851195,2012001966,6,67,67301,2011,12,5,2000,20,2,1,0,5,1, , ,N,7,0,2,3,0,1,2,2,N,N,40 01:05.635,75 10:07.656,2003, ,2001,1,2,1,N, ,0,N, , , , , , , , ,2,1,0,0,1,0,0,0,0,0,0,1,1,0,0,0,0,0,0,0,1,0,0,1,0,0,0,0,0,0,0,0,0,0,0,4,0,40.0182,-75.1688, , 
74285,851204,2012004767,6,67,67301,2011,12,6,19,0,3,1,0,4,1, , ,N,0,0,7,3,0,0,3,2,N,N,40 05:38.252,74 59:21.026,2015, ,2008, ,0, , , ,0, , , , , , , , , ,2,1,0,0,0,0,0,1,0,0,0,0,0,0,0,0,0,0,1,0,0,0,0,0,0,0,0,0,0,0,0,0,0,0,0,0,0,40.094,-74.9892, , 
74286,851216,2011132960,6,67,67301,2011,11,2,2325,23,3,2,1,7,3, , ,N,0,0,0,3,0,1,1,1,N, ,39 55:14.731,75 11:49.385,2350, ,2325, ,0, ,N, ,0, , , , , , , , , ,1,1,0,0,0,0,0,0,0,0,1,0,1,0,0,0,0,0,0,0,0,0,0,1,0,0,0,0,0,0,0,0,0,0,0,3,0,39.9211,-75.1949, , 
74287,851249,2011118041,6,67,67301,2011,10,4,702,7,8,2,1,8,2, , ,N,1,2,0,3,0,1,2,2,N,N,39 59:11.965,75 14:43.814,750, ,735, ,0, ,N, ,3, , , , , , , , , ,1,1,0,0,0,0,0,0,0,0,0,1,1,0,0,0,0,0,0,0,1,0,0,0,0,0,0,0,0,0,0,0,1,0,0,4,0,39.9867,-75.2455, , 
74288,851252,2011132901,6,67,67301,2011,11,5,226,2,3,2,1,1,1, , ,N,0,0,0,3,0,0,2,2,N, ,39 56:00.589,75 09:12.049,228, ,226, ,0, , , ,0, , , , , , , , , ,2,2,0,0,0,0,0,0,0,0,0,0,0,0,2,0,0,0,0,0,0,0,0,0,0,0,0,0,0,0,0,0,0,0,0,9,0,39.9335,-75.1533, , 
74289,851299,2011090496,6,67,67301,2011,8,2,2220,22,3,1,0,4,1, , ,N,1,2,0,3,0,7,7,2,N,N,40 03:00.396,75 03:51.268,2225, ,2223,3,2,7,N, ,3,Y, , , , , , , , ,2,0,0,0,1,0,1,0,0,0,0,7,7,0,0,0,0,0,0,0,1,0,0,0,0,0,0,0,0,0,0,0,0,0,0,4,0,40.0501,-75.0642, , 
74290,844930,2011114842,6,67,67301,2011,10,1,459,4,3,8,5,7,3, , ,N,0,0,2,3,0,0,1,1,N,N,40 00:31.506,75 04:07.475,502, ,502,2,2,1,Y, ,0,N, , , , , , , , ,1,1,0,0,0,0,0,0,0,0,0,0,0,0,0,0,0,0,0,0,0,0,0,0,0,0,0,0,0,0,0,0,0,0,0,0,0,40.0088,-75.0687, , 
74291,844931,2011115441,6,67,67301,2011,10,4,830,8,1,2,1,7,5, , ,N,0,0,0,3,0,1,1,1,N,N,39 59:47.050,75 11:58.530,840, ,830,9,1,4,N, ,0,N, , , , , , , , ,1,1,0,0,0,0,0,0,0,0,0,1,1,0,0,0,0,0,0,0,1,0,0,0,0,0,0,0,0,0,0,0,0,0,0,4,0,39.9964,-75.1996, , 
74292,844932,2011118182,6,67,67301,2011,10,3,1830,18,4,1,0,1,1, , ,N,0,0,0,3,0,3,5,3,N,N,39 59:55.924,75 08:54.034,9999, ,1935,1,1,3,N, ,0,N, , , , , , , , ,3,3,0,0,0,0,0,0,0,0,1,0,3,2,2,0,0,0,0,0,0,0,0,2,0,0,0,0,0,0,0,0,0,0,0,3,0,39.9989,-75.1483, , 
74293,844944,2011126379,6,67,67301,2011,11,4,108,1,3,1,0,1,2, , ,N,0,0,0,3,0,1,1,2,N,N,40 00:00.727,75 04:33.783,111, ,108, ,0, ,N, ,0, , , , , , , , , ,2,2,0,0,0,0,0,0,0,0,0,1,1,0,0,0,0,0,0,1,0,0,0,0,0,0,0,0,0,0,0,0,0,0,0,4,0,40.0002,-75.0761, , 
74294,844966,2011135413,6,67,67301,2011,12,3,2000,20,3,1,0,7,4, , ,N,0,0,0,3,0,0,1,1,N,N,39 59:03.135,75 12:30.004,2015, ,2013, ,0, ,N, ,0, , , , , , , , , ,1,1,0,0,0,0,0,0,0,0,0,0,0,0,0,0,0,0,0,0,0,0,0,1,0,0,0,0,0,0,0,0,0,0,0,0,0,39.9842,-75.2083, , 
74295,844967,2012001994,6,67,67301,2011,11,3,910,9,1,2,1,4,1, , ,N,1,3,0,3,0,0,2,2,N,N,40 03:11.455,75 09:24.155,945, ,940, ,0, ,N, ,3, , , , , , , , , ,2,1,0,0,0,0,1,0,0,0,0,0,0,0,0,0,0,0,0,0,0,1,0,0,0,0,0,0,0,0,0,0,0,0,0,0,0,40.0532,-75.1567, , 
74296,844968,2012004938,6,67,67301,2011,11,2,800,8,1,1,0,4,1, , ,N,0,0,7,3,0,1,15,2,Y,N,40 06:34.558,75 01:31.179,809, ,801,3,1,5,N, ,0,N, , , , , , , , ,2,1,0,1,0,0,0,0,0,0,0,1,1,0,0,0,0,0,0,0,2,0,0,0,0,0,0,0,0,0,0,0,0,0,0,4,1,40.1096,-75.0253, , 