objectid_1,objectid,crn,district,county,municipality,crash_year,crash_month,day_of_week,time_of_day,hour_of_day,illumination,weather,road_condition,collision_type,relation_to_road,work_zone_type,work_zone_loc,work_zone_ind,intersect_type,tcd_type,location_type,urban_rural,fatal_count,injury_count,person_count,total_units,sch_bus_ind,sch_zone_ind,latitude,longitude,arrival_tm,cons_zone_spd_lim,dispatch_tm,est_hrs_closed,lane_closed,ln_close_dir,ntfy_hiwy_maint,spec_juris_cd,tcd_func_cd,tfc_detour_ind,workers_pres,wz_close_detour,wz_flagger,wz_law_offcr_ind,wz_ln_closure,wz_moving,wz_other,wz_shlder_mdn,vehicle_count,automobile_count,motorcycle_count,bus_count,small_truck_count,heavy_truck_count,suv_count,van_count,bicycle_count,maj_inj_count,mod_inj_count,min_inj_count,tot_inj_count,unk_inj_deg_count,unk_inj_per_count,driver_count_16yr,driver_count_17yr,driver_count_18yr,driver_count_19yr,driver_count_20yr,driver_count_50_64yr,driver_count_65_74yr,driver_count_75plus,unbelted_occ_count,unb_death_count,unb_maj_inj_count,belted_death_count,belted_maj_inj_count,mcycle_death_count,mcycle_maj_inj_count,bicycle_death_count,bicycle_maj_inj_count,ped_count,ped_death_count,ped_maj_inj_count,max_severity_level,comm_veh_count,dec_lat,dec_long,rdwy_surf_type_cd,county_name
74297,844969,2012008758,6,67,67301,2011,12,4,1836,18,3,1,0,1,1, , ,N,6,0,2,3,0,0,4,3,N,N,40 00:31.674,75 12:17.709,1852, ,1839,1,1,3,N, ,0,N, , , , , , , , ,3,2,0,0,1,0,0,0,0,0,0,0,0,0,0,0,0,0,0,0,0,0,0,0,0,0,0,0,0,0,0,0,0,0,0,0,0,40.0088,-75.2049, , 
74298,845037,2011134725,6,67,67301,2011,12,6,748,7,1,1,0,2,1, , ,N,2,0,0,3,0,0,2,2,N,N,40 02:18.806,75 12:41.675,751, ,749,1,1,6,N, ,0,Y, , , , , , , , ,2,2,0,0,0,0,0,0,0,0,0,0,0,0,0,0,0,0,0,0,0,0,0,0,0,0,0,0,0,0,0,0,0,0,0,0,0,40.0386,-75.2116, , 
74299,845044,2011106226,6,67,67301,2011,9,5,730,7,1,1,1,4,1, , ,N,3,3,0,3,1,1,2,2,N,N,40 00:01.828,75 05:47.284,740, ,738,3,1,3, ,0,3,Y, , , , , , , , ,2,0,0,0,0,0,1,1,0,0,0,0,1,1,0,0,0,0,0,0,0,1,0,0,0,0,0,0,0,0,0,0,0,0,0,1,0,40.0005,-75.0965,2, 
74300,845071,2012010023,6,67,67301,2011,12,3,33,0,3,1,0,6,1, , ,N,0,0,0,3,0,0,5,2,N,N,40 02:22.721,75 13:26.198,35, ,34,1,1,1,N, ,0,Y, , , , , , , , ,2,2,0,0,0,0,0,0,0,0,0,0,0,0,0,0,0,0,0,0,2,0,0,0,0,0,0,0,0,0,0,0,0,0,0,0,0,40.0396,-75.2239, , 
74301,845089,2011088561,6,67,67301,2011,8,6,1755,17,1,1,0,1,1, , ,N,0,0,0,3,0,0,3,3,N,N,39 59:07.521,75 05:37.077,1818, ,1759,1,1,1,N, ,0,N, , , , , , , , ,3,3,0,0,0,0,0,0,0,0,0,0,0,0,0,0,0,0,0,0,0,0,0,0,0,0,0,0,0,0,0,0,0,0,0,0,0,39.9854,-75.0938, , 
74302,845092,2011093022,6,67,67301,2011,8,2,1548,15,1,1,0,4,1, , ,N,1,3,0,3,0,1,5,2,N, ,39 59:38.230,75 08:56.680,1315, ,1258, ,0, , , ,3, , , , , , , , , ,2,2,0,0,0,0,0,0,0,0,0,1,1,0,1,0,0,0,0,0,0,0,0,5,0,0,0,0,0,0,0,0,0,0,0,4,0,39.994,-75.1491, , 
74303,845110,2011106650,6,67,67301,2011,9,5,818,8,1,2,1,8,1, , ,N,3,2,0,3,0,1,2,2,N,N,39 57:19.222,75 10:59.348,825, ,819, ,0, ,N, ,3, , , , , , , , , ,1,1,0,0,0,0,0,0,0,0,0,0,1,1,0,0,0,0,0,0,0,0,0,0,0,0,0,0,0,0,0,0,1,0,0,8,0,39.9553,-75.1832, , 
74304,845114,2011108761,6,67,67301,2011,9,2,720,7,1,1,0,4,1, , ,N,1,3,0,3,0,1,3,2,N,N,39 55:09.076,75 10:44.536,725, ,723, ,0, ,N, ,2, , , , , , , , , ,2,1,0,0,0,0,1,0,0,0,0,1,1,0,0,0,0,0,0,0,1,0,0,0,0,0,0,0,0,0,0,0,0,0,0,4,0,39.9192,-75.179, , 
74305,845123,2011114363,6,67,67301,2011,10,2,422,4,3,1,1,7,3, , ,N,0,0,0,3,0,0,2,1,N,N,39 57:35.684,75 10:44.754,437, ,437,1,1,3,N, ,0,N, , , , , , , , ,1,1,0,0,0,0,0,0,0,0,0,0,0,0,0,0,0,0,0,0,0,0,0,0,0,0,0,0,0,0,0,0,0,0,0,0,0,39.9599,-75.1791, , 
74306,845125,2011115382,6,67,67301,2011,10,6,1306,13,1,1,1,4,1, , ,N,1,2,0,3,0,2,4,2,N,N,39 59:35.829,75 11:09.657,1315, ,1306, ,0, ,N, ,3, , , , , , , , , ,2,1,0,0,0,0,1,0,0,0,0,2,2,0,0,0,0,0,0,0,1,0,0,0,0,0,0,0,0,0,0,0,0,0,0,4,0,39.9933,-75.186, , 
74307,845129,2011118087,6,67,67301,2011,10,4,1800,18,1,2,1,1,1, , ,N,0,2,0,3,0,0,4,3,N,N,40 02:17.372,75 03:40.991,1807, ,1803,1,1,2,N, ,3,N, , , , , , , , ,3,3,0,0,0,0,0,0,0,0,0,0,0,0,0,0,0,0,0,0,0,0,0,0,0,0,0,0,0,0,0,0,0,0,0,0,0,40.0382,-75.0614, , 
74308,845130,2011118217,6,67,67301,2011,10,3,1712,17,1,1,0,7,1,1,4,Y,0,0,0,3,0,1,1,1,N, ,40 01:53.170,75 13:18.270,1720,99,1713, ,0, , , ,0, ,U, , ,U, , , , ,1,1,0,0,0,0,0,0,0,0,0,0,1,1,0,0,0,0,0,0,0,0,0,0,0,0,0,0,0,0,0,0,0,0,0,8,0,40.0314,-75.2217, , 
74309,848130,2012004301,6,67,67301,2011,12,4,1310,13,1,1,0,1,1, , ,N,1,2,0,3,0,1,3,2,N,N,39 59:29.442,75 08:10.101,1335, ,1330, ,0, ,N, ,3, , , , , , , , , ,2,1,0,1,0,0,0,0,0,0,0,0,1,1,0,0,0,0,0,0,0,0,0,0,0,0,0,0,0,0,0,0,0,0,0,8,1,39.9915,-75.1361, , 
74310,848131,2012012624,6,67,67301,2011,10,5,1515,15,1,1,0,6,1, , ,N,5,2,0,3,0,7,8,3,N, ,40 06:50.539,74 59:15.391,1544, ,1524, ,0, , , ,3, , , , , , , , , ,3,2,0,0,0,1,0,0,0,0,0,6,7,1,0,0,0,1,0,0,1,0,0,1,0,0,0,0,0,0,0,0,0,0,0,4,1,40.114,-74.9876, , 
74311,848143,2011131049,6,67,67301,2011,11,6,1716,17,1,1,0,4,1, , ,N,1,2,0,3,0,2,4,2,N,N,40 00:45.376,75 09:39.277,1724, ,1716, ,0, ,N, ,3, , , , , , , , , ,2,2,0,0,0,0,0,0,0,0,0,0,2,2,0,0,0,0,0,0,1,0,0,3,0,0,0,0,0,0,0,0,0,0,0,8,0,40.0126,-75.1609, , 
74312,848150,2012002091,6,67,67301,2011,12,5,1345,13,1,1,0,8,1, , ,N,0,0,0,3,0,1,2,2,N,N,40 02:46.856,75 04:07.500,1610, ,1605, ,0, ,N, ,0, , , , , , , , , ,1,0,0,0,0,0,1,0,0,0,0,1,1,0,1,0,0,0,0,0,0,0,0,0,0,0,0,0,0,0,0,0,1,0,0,4,0,40.0463,-75.0688, , 
74313,848151,2012004346,6,67,67301,2011,12,5,1730,17,3,2,1,4,1, , ,N,0,0,7,3,0,0,3,2,N,N,40 02:40.361,75 08:36.743,1833, ,1833, ,0, ,N, ,0, , , , , , , , , ,2,2,0,0,0,0,0,0,0,0,0,0,0,0,1,0,0,0,0,1,0,0,0,0,0,0,0,0,0,0,0,0,0,0,0,9,0,40.0445,-75.1435, , 
74314,848153,2012042140,6,67,67301,2011,10,2,2241,22,3,1,0,4,2, , ,N,0,0,7,3,0,1,2,2,N, ,39 57:41.125,75 08:12.562,15, ,2328, ,0, , , ,0, , , , , , , , , ,1,0,0,1,0,0,0,0,1,0,1,0,1,0,0,0,0,0,0,0,1,0,0,0,0,0,0,0,0,0,0,0,0,0,0,3,1,39.9614,-75.1368, , 
74315,848175,2012002048,6,67,67301,2011,12,5,1837,18,3,1,0,4,1, , ,N,2,3,0,3,0,1,4,2,N,N,39 57:48.060,75 09:46.616,2000, ,1841, ,0, , , ,3, , , , , , , , , ,2,1,0,0,0,0,1,0,0,0,0,1,1,0,0,0,0,0,0,0,0,0,0,0,0,0,0,0,0,0,0,0,0,0,0,4,0,39.9634,-75.1629, , 
74316,848176,2012004302,6,67,67301,2011,12,6,300,3,3,1,0,7,2, , ,N,0,0,0,3,0,0,1,1,N,N,40 00:24.292,75 11:30.362,301, ,300,3,2,5,N, ,0,N, , , , , , , , ,1,1,0,0,0,0,0,0,0,0,0,0,0,0,0,0,0,0,0,0,0,0,0,0,0,0,0,0,0,0,0,0,0,0,0,0,0,40.0067,-75.1918, , 
74317,848188,2011126350,6,67,67301,2011,11,5,1800,18,4,1,0,2,1, , ,N,1,3,0,3,0,3,3,2,N,N,40 03:52.970,75 10:39.784,1930, ,1927, ,0, ,N, ,3, , , , , , , , , ,2,2,0,0,0,0,0,0,0,0,0,0,3,3,0,0,0,0,0,0,0,0,0,0,0,0,0,0,0,0,0,0,0,0,0,8,0,40.0647,-75.1777, , 
74318,848193,2011134768,6,67,67301,2011,12,2,1705,17,4,1,0,8,6, , ,N,0,0,0,3,0,1,1,2,N, ,39 55:15.130,75 10:31.410,1720, ,1705, ,0, , , ,0, , , , , , , , , ,1,1,0,0,0,0,0,0,0,0,0,1,1,0,0,0,0,0,0,0,0,0,0,0,0,0,0,0,0,0,0,0,1,0,0,4,0,39.9209,-75.1754, , 
74319,848196,2012004254,6,67,67301,2011,12,5,9999,99,3,1,0,4,1, , ,N,1,3,0,3,0,0,2,4,N, ,39 58:29.830,75 07:22.258,9999, ,2145, ,0, , , ,3, , , , , , , , , ,4,2,0,0,1,0,1,0,0,0,0,0,0,0,0,0,0,0,0,0,0,0,0,0,0,0,0,0,0,0,0,0,0,0,0,0,0,39.975,-75.1228, , 
74320,848197,2012010116,6,67,67301,2011,12,4,1103,11,1,1,1,5,1, , ,N,0,0,0,3,0,0,2,2,N,N,40 01:45.722,75 11:09.763,1105, ,1104, ,0, ,N, ,0, , , , , , , , , ,2,1,0,0,0,1,0,0,0,0,0,0,0,0,0,0,0,0,0,0,0,0,0,0,0,0,0,0,0,0,0,0,0,0,0,0,0,40.0294,-75.1861, , 
74321,848200,2011066044,6,67,67301,2011,5,7,2235,22,3,1,0,8,1, , ,N,1,3,0,3,0,1,2,2,N,N,39 58:37.898,75 10:47.233,2240, ,2235, ,0, ,N, ,3, , , , , , , , , ,1,1,0,0,0,0,0,0,0,0,0,1,1,0,0,0,0,0,0,0,0,1,0,0,0,0,0,0,0,0,0,0,1,0,0,4,0,39.9772,-75.1798, , 
74322,848211,2011088039,6,67,67301,2011,7,4,740,7,1,1,0,8,9, , ,N,2,0,0,3,0,1,2,2,N,N,39 57:55.771,75 14:36.873,805, ,747, ,0, ,N, ,0, , , , , , , , , ,1,1,0,0,0,0,0,0,0,0,0,0,1,1,1,0,0,0,0,0,0,0,0,1,0,0,0,0,0,0,0,0,1,0,0,8,0,39.9655,-75.2436, , 
74323,848239,2011064051,6,67,67301,2011,5,1,1207,12,1,1,0,8,1, , ,N,5,2,0,3,0,1,2,2,N,N,40 00:24.105,75 08:35.066,1710, ,1708,9,2,1,N, ,3,N, , , , , , , , ,1,1,0,0,0,0,0,0,0,0,0,1,1,0,0,0,0,0,0,1,0,0,0,0,0,0,0,0,0,0,0,0,1,0,0,4,0,40.0067,-75.1431, , 
74324,848242,2011066143,6,67,67301,2011,6,7,1434,14,1,1,0,4,1, , ,N,2,3,0,3,0,0,3,2,N,N,40 01:07.309,75 06:05.983,1441, ,1436, ,0, ,N, ,3, , , , , , , , , ,2,2,0,0,0,0,0,0,0,0,0,0,0,0,0,0,0,0,0,1,0,0,0,0,0,0,0,0,0,0,0,0,0,0,0,0,0,40.0187,-75.1017, , 
74325,848259,2011090431,6,67,67301,2011,7,5,1952,19,4,1,0,1,1, , ,N,1,3,0,3,0,1,2,2,N,N,40 00:07.491,75 10:10.041,1955, ,1952, ,0, ,N, ,3, , , , , , , , , ,2,0,1,0,1,0,0,0,0,1,0,0,1,0,1,0,0,0,0,1,0,0,0,1,0,0,0,0,0,1,0,0,0,0,0,2,0,40.0021,-75.1695, , 
74326,848272,2011132883,6,67,67301,2011,11,5,110,1,3,2,1,4,1, , ,N,1,3,1,3,0,1,2,2,N,N,39 56:43.724,75 13:13.472,115, ,113, ,0, ,N, ,3, , , , , , , , , ,2,2,0,0,0,0,0,0,0,0,0,0,1,1,1,0,0,0,0,0,0,0,0,1,0,0,0,0,0,0,0,0,0,0,0,8,0,39.9455,-75.2204, , 
74327,853556,2011054324,6,67,67301,2011,4,4,1617,16,1,1,0,5,1, , ,N,0,2,0,3,0,2,2,2,N,N,39 56:37.244,75 11:47.447,1622, ,1619, ,0, ,N, ,3, , , , , , , , , ,2,2,0,0,0,0,0,0,0,0,0,0,2,2,0,0,0,0,0,0,0,0,0,0,0,0,0,0,0,0,0,0,0,0,0,8,0,39.9437,-75.1965, , 
74328,853565,2011061870,6,67,67301,2011,5,3,2208,22,3,2,1,4,1, , ,N,0,0,7,3,0,3,4,2,N,N,39 56:03.170,75 13:19.440,2220, ,2210,1,1,4,N, ,0,N, , , , , , , , ,2,0,0,0,1,0,1,0,0,0,0,3,3,0,0,0,0,0,0,0,0,0,0,0,0,0,0,0,0,0,0,0,0,0,0,4,0,39.9342,-75.2221, , 
74329,853580,2011095476,6,67,67301,2011,8,6,2110,21,3,1,0,4,1, , ,N,1,2,0,3,0,4,4,2,N,N,39 54:14.223,75 09:44.157,2115, ,2113, ,0, ,N, ,3, , , , , , , , , ,2,2,0,0,0,0,0,0,0,0,0,4,4,0,0,0,1,0,0,0,0,1,0,0,0,0,0,0,0,0,0,0,0,0,0,4,0,39.904,-75.1623, , 
74330,853581,2011095506,6,67,67301,2011,8,7,9999,99,3,2,1,1,1, , ,N,1,0,0,3,0,1,2,2,N, ,39 59:40.045,75 10:15.934,9999, ,2153, ,0, , , ,0, , , , , , , , , ,2,2,0,0,0,0,0,0,0,0,0,1,1,0,1,0,0,0,0,0,0,0,0,1,0,0,0,0,0,0,0,0,0,0,0,4,0,39.9945,-75.1711, , 
74331,853588,2011106235,6,67,67301,2011,9,5,225,2,3,1,1,7,1, , ,N,1,2,0,3,0,0,1,2,N,N,39 57:02.847,75 11:43.137,230, ,228, ,0, ,N, ,3, , , , , , , , , ,1,1,0,0,0,0,0,0,0,0,0,0,0,0,0,0,0,0,0,0,0,0,0,0,0,0,0,0,0,0,0,0,0,0,0,0,0,39.9508,-75.1953, , 
74332,853597,2011114686,6,67,67301,2011,10,1,1200,12,1,1,0,8,1, , ,N,1,2,0,3,1,0,2,2,N,N,40 00:13.178,75 10:08.095,1230, ,1224, ,0, ,N,0,3, , , , , , , , , ,1,1,0,0,0,0,0,0,0,0,0,0,0,0,0,0,0,0,0,0,1,0,0,0,0,0,0,0,0,0,0,0,1,1,0,1,0,40.0037,-75.1689,1, 
74333,853600,2011116707,6,46,46102,2011,11,7,1010,10,1,1,0,4,1, , ,N,1,2,2,3,0,2,4,2,N,N,40 03:42.744,75 08:12.512,1015, ,1014,1,1,2,N, ,3,N, , , , , , , , ,2,1,0,0,0,0,0,1,0,0,0,0,2,2,0,0,0,0,0,0,0,0,0,0,0,0,0,0,0,0,0,0,0,0,0,8,0,40.0618,-75.1367, , 
74334,853601,2011118179,6,67,67301,2011,10,7,1518,15,1,1,0,4,1, , ,N,1,2,0,3,0,2,3,2,N,N,39 59:29.818,75 08:10.215,1541, ,1536,1,2,4,N, ,3,Y, , , , , , , , ,2,1,0,0,0,0,1,0,0,0,0,0,2,2,0,0,0,0,0,0,1,0,0,0,0,0,0,0,0,0,0,0,0,0,0,8,0,39.9915,-75.1361, , 
74335,853611,2012001897,6,67,67301,2011,12,2,1145,11,1,1,0,8,1, , ,N,1,2,0,3,0,1,2,2,N,N,39 59:58.827,75 05:56.359,1149, ,1145, ,0, ,N, ,3, , , , , , , , , ,1,1,0,0,0,0,0,0,0,0,0,1,1,0,0,0,0,0,0,0,1,0,0,0,0,0,0,0,0,0,0,0,1,0,0,4,0,39.9997,-75.099, , 
74336,853612,2012002004,6,67,67301,2011,12,5,1345,13,1,1,0,7,3, , ,N,1,2,1,3,0,1,2,1,N,N,40 00:25.549,75 05:38.543,1415, ,1400, ,0, ,N, ,3, , , , , , , , , ,1,0,0,0,1,0,0,0,0,0,0,0,1,1,0,0,0,0,0,0,0,0,0,0,0,0,0,0,0,0,0,0,0,0,0,8,0,40.0071,-75.094, , 
74337,853613,2012002119,6,67,67301,2011,12,3,645,6,5,2,1,4,1, , ,N,2,3,0,3,0,2,3,2,N,N,40 02:12.495,75 08:00.167,659, ,659,1,2,6,N, ,3,Y, , , , , , , , ,2,1,0,0,0,0,1,0,0,0,0,2,2,0,0,0,0,0,0,0,0,0,0,0,0,0,0,0,0,0,0,0,0,0,0,4,0,40.0368,-75.1334, , 
74338,853628,2012002087,6,67,67301,2011,12,6,150,1,3,1,0,7,5, , ,N,0,0,0,3,0,2,2,1,N,N,40 00:46.610,75 08:53.560,153, ,150, ,0, ,N, ,0, , , , , , , , , ,1,1,0,0,0,0,0,0,0,0,0,0,2,2,0,0,0,0,0,0,0,0,0,0,0,0,0,0,0,0,0,0,0,0,0,8,0,40.0129,-75.1482, , 
74339,853640,2011118471,6,67,67301,2011,10,3,1730,17,1,1,0,1,1, , ,N,0,0,0,3,0,0,4,2,N,N,40 02:30.945,75 01:36.082,1746, ,1736, ,0, ,N, ,0, , , , , , , , , ,2,2,0,0,0,0,0,0,0,0,0,0,0,0,4,0,0,0,0,0,0,0,0,1,0,0,0,0,0,0,0,0,0,0,0,9,0,40.0419,-75.0267, , 
74340,853654,2011132635,6,67,67301,2011,11,2,1615,16,1,1,0,8,1, , ,N,1,3,0,3,0,1,2,2,N,N,39 59:17.214,75 14:32.719,1635, ,1622, ,0, ,N, ,3, , , , , , , , , ,1,0,0,0,0,0,1,0,0,0,0,0,1,1,0,0,0,0,0,0,1,0,0,0,0,0,0,0,0,0,0,0,1,0,0,8,0,39.9881,-75.2424, , 
74341,853655,2011132719,6,67,67301,2011,11,6,845,8,1,1,0,2,1, , ,N,0,0,3,3,0,1,3,2,N, ,40 04:31.562,75 03:20.350,850, ,848, ,0, , , ,0, , , , , , , , , ,2,1,0,0,0,0,1,0,0,0,0,1,1,0,1,0,0,0,0,0,0,0,1,0,0,0,0,0,0,0,0,0,0,0,0,4,0,40.0754,-75.0557, , 
74342,853656,2011132746,6,67,67301,2011,11,4,1925,19,3,1,0,4,1, , ,N,0,0,0,3,0,1,5,2,N,N,39 55:29.659,75 10:10.639,1940, ,1932, ,0, ,N, ,0, , , , , , , , , ,2,1,0,0,0,0,1,0,0,0,0,1,1,0,0,0,0,0,0,0,1,0,0,0,0,0,0,0,0,0,0,0,0,0,0,4,0,39.9249,-75.1696, , 
74343,853661,2012022225,6,67,67301,2011,9,7,2005,20,6,1,0,1,1, , ,N,1,2,0,3,0,2,3,2,N,N,40 06:00.676,75 01:18.249,0, ,0, ,0, ,N, ,3, , , , , , , , , ,2,1,0,0,0,0,1,0,0,0,0,0,2,2,0,0,0,0,0,0,1,0,0,0,0,0,0,0,0,0,0,0,0,0,0,8,0,40.1002,-75.0217, , 
74344,853671,2011132627,6,67,67301,2011,11,2,1820,18,1,1,0,4,1, , ,N,1,2,0,3,0,1,4,3,N, ,40 02:36.502,75 07:25.564,1845, ,1840,1,2,5, , ,3,Y, , , , , , , , ,3,1,0,0,0,0,2,0,0,0,0,1,1,0,0,0,0,0,0,0,0,1,0,0,0,0,0,0,0,0,0,0,0,0,0,4,0,40.0435,-75.1238, , 
74345,841894,2011093634,6,67,67301,2011,9,6,1617,16,1,1,0,1,1, , ,N,0,0,0,3,0,0,8,3,N,N,39 57:25.510,75 09:23.915,1624, ,1624, ,0, ,N, ,0, , , , , , , , , ,3,1,0,0,0,0,2,0,0,0,0,0,0,0,0,0,0,0,0,0,1,0,0,0,0,0,0,0,0,0,0,0,0,0,0,0,0,39.9571,-75.1566, , 
74346,841907,2011087936,6,67,67301,2011,8,2,1850,18,1,1,0,5,1, , ,N,0,0,0,3,0,1,1,3,N,N,39 55:10.998,75 10:26.653,1851, ,1850, ,0, ,N, ,0, , , , , , , , , ,3,1,0,0,0,0,2,0,0,0,0,0,1,1,0,0,0,0,0,0,1,0,0,0,0,0,0,0,0,0,0,0,0,0,0,8,0,39.9197,-75.1741, , 
74347,841910,2011093744,6,67,67301,2011,8,3,1055,10,1,1,0,2,1, , ,N,1,2,0,3,0,1,2,2,N,N,39 57:28.066,75 09:36.785,1102, ,1100,1,2,4,N, ,3,Y, , , , , , , , ,2,2,0,0,0,0,0,0,0,0,0,1,1,0,0,0,0,0,0,0,0,0,0,0,0,0,0,0,0,0,0,0,0,0,0,4,0,39.9578,-75.1602, , 
74348,841916,2011100787,6,67,67301,2011,9,6,9999,99,1,1,0,8,1, , ,N,1,2,0,3,0,1,2,2,N,N,39 59:30.291,75 06:46.001,9999, ,1736, ,0, ,N, ,2, , , , , , , , , ,1,0,0,0,0,0,1,0,0,0,0,1,1,0,0,0,0,0,0,0,0,0,0,0,0,0,0,0,0,0,0,0,1,0,0,4,0,39.9917,-75.1128, , 
74349,841930,2011076284,6,67,67301,2011,6,2,1800,18,1,1,0,5,1, , ,N,1,3,0,3,0,1,2,2,N,N,39 58:43.978,75 14:26.933,2310, ,2300, ,0, ,N, ,3, , , , , , , , , ,1,1,0,0,0,0,0,0,1,0,0,1,1,0,0,0,0,0,0,0,0,0,0,0,0,0,0,0,0,0,0,0,0,0,0,4,0,39.9789,-75.2408, , 
74350,841946,2011095382,6,67,67301,2011,8,5,830,8,1,2,1,4,1, , ,N,1,2,0,3,0,0,2,2,N,N,39 57:14.550,75 10:36.040,840, ,840, ,0, ,N, ,3, , , , , , , , , ,2,2,0,0,0,0,0,0,0,0,0,0,0,0,0,0,0,0,0,1,0,0,0,0,0,0,0,0,0,0,0,0,0,0,0,0,0,39.954,-75.1767, , 
74351,841960,2011106994,6,67,67301,2011,6,2,1416,14,1,1,0,8,1, , ,N,0,0,0,3,0,1,2,2,N, ,39 58:19.892,75 14:51.447,1422, ,1416, ,0, , , ,0, , , , , , , , , ,1,0,0,0,0,0,0,1,0,0,0,0,1,1,0,0,0,0,0,0,1,0,0,0,0,0,0,0,0,0,0,0,1,0,0,8,0,39.9722,-75.2476, , 
74352,841971,2011118074,6,67,67301,2011,10,1,945,9,1,1,0,7,5, , ,N,3,2,0,3,0,0,1,1,N,N,39 59:20.922,75 08:48.893,1055, ,1050, ,0, ,N, ,3, , , , , , , , , ,1,0,0,0,0,0,0,1,0,0,0,0,0,0,0,0,0,0,0,0,1,0,0,0,0,0,0,0,0,0,0,0,0,0,0,0,0,39.9891,-75.1469, , 
74353,841972,2011118479,6,67,67301,2011,10,5,9999,99,1,2,1,4,1, , ,N,0,0,7,3,0,2,3,2,N,N,40 04:50.906,74 58:37.005,715, ,707, ,0, ,N, ,0, , , , , , , , , ,2,1,0,0,0,0,1,0,0,0,2,0,2,0,0,0,0,0,0,0,0,0,0,0,0,0,0,0,0,0,0,0,0,0,0,3,0,40.0808,-74.9769, , 
74354,841991,2011112192,6,67,67301,2011,9,6,2120,21,3,2,1,8,9, , ,N,1,2,0,3,0,1,2,2,N,N,40 00:44.009,75 09:01.745,2126, ,2123,1,1,2,N, ,3,N, , , , , , , , ,1,0,0,0,0,0,0,0,0,0,0,1,1,0,1,0,0,0,0,0,0,0,0,0,0,0,0,0,0,0,0,0,1,0,0,4,0,40.0122,-75.1505, , 
74355,841993,2011113293,6,67,67301,2011,10,2,757,7,1,1,0,4,1, , ,N,1,3,0,3,0,1,4,2,N,N,40 02:10.516,75 01:32.995,810, ,800, ,0, , , ,3, , , , , , , , , ,2,2,0,0,0,0,0,0,0,0,0,0,1,1,0,0,0,0,0,0,0,0,0,0,0,0,0,0,0,0,0,0,0,0,0,8,0,40.0363,-75.0258, , 
74356,842004,2011100860,6,67,67301,2011,9,7,130,1,3,1,0,4,1, , ,N,1,2,0,3,0,0,3,2,N,N,39 56:20.461,75 13:56.639,131, ,131, ,0, ,N, ,3, , , , , , , , , ,2,1,0,0,0,0,0,1,0,0,0,0,0,0,0,0,0,0,0,0,0,0,0,3,0,0,0,0,0,0,0,0,0,0,0,0,0,39.939,-75.2324, , 
74357,842009,2011104114,6,67,67301,2011,10,4,1852,18,1,2,1,1,1, , ,N,0,0,0,3,0,4,6,2,N,N,39 56:50.361,75 11:16.972,2231, ,2230, ,0, ,N, ,0, , , , , , , , , ,2,2,0,0,0,0,0,0,0,0,0,4,4,0,0,0,0,0,0,0,0,0,0,0,0,0,0,0,0,0,0,0,0,0,0,4,0,39.9473,-75.188, , 
74358,842019,2011118197,6,67,67301,2011,10,7,9999,99,1,1,0,1,1, , ,N,1,0,0,3,0,1,3,3,N, ,39 55:23.140,75 09:35.033,1627, ,1621, ,0, ,N, ,0, , , , , , , , , ,3,3,0,0,0,0,0,0,0,0,0,1,1,0,2,0,0,0,0,0,0,0,0,1,0,0,0,0,0,0,0,0,0,0,0,4,0,39.9231,-75.1597, , 
74359,842030,2011125513,6,67,67301,2011,12,5,728,7,1,1,0,5,1, , ,N,0,0,0,3,0,1,2,2,N,N,39 53:21.354,75 14:27.439,728, ,728,1,1,2,N, ,0,N, , , , , , , , ,2,1,0,0,0,1,0,0,0,0,0,0,1,1,0,0,0,0,0,0,0,0,0,0,0,0,0,0,0,0,0,0,0,0,0,8,1,39.8893,-75.241, , 
74360,842050,2011114230,6,67,67301,2011,10,3,1840,18,1,1,0,2,1, , ,N,0,2,0,3,0,4,4,3,N,N,40 01:26.659,75 08:52.446,1842, ,1841,2,1,2,N, ,2,N, , , , , , , , ,3,2,0,0,0,0,1,0,0,0,0,4,4,0,0,0,0,0,0,0,0,0,0,1,0,0,0,0,0,0,0,0,0,0,0,4,0,40.0241,-75.1479, , 
74361,842054,2011132740,6,67,67301,2011,11,2,950,9,1,1,1,4,1, , ,N,1,2,0,3,0,0,2,2,N,N,40 04:51.077,75 01:43.585,1005, ,955, ,0, ,N, ,3, , , , , , , , , ,2,2,0,0,0,0,0,0,0,0,0,0,0,0,0,0,0,0,0,0,0,1,0,0,0,0,0,0,0,0,0,0,0,0,0,0,0,40.0808,-75.0286, , 
74362,842061,2012012642,6,67,67301,2011,12,5,9999,99,1,1,0,2,9, , ,N,1,2,0,3,0,3,7,3,N, ,39 59:16.868,75 08:41.384,1430, ,1418, ,0, , , ,3, , , , , , , , , ,3,1,0,1,0,0,0,1,0,0,0,3,3,0,0,0,0,0,0,0,1,0,0,0,0,0,0,0,0,0,0,0,0,0,0,4,1,39.988,-75.1448, , 
74363,835453,2011092977,6,67,67301,2011,8,5,240,2,3,1,0,7,5, , ,N,0,0,0,3,0,0,1,1,N, ,40 00:23.156,75 11:29.489,249, ,244, ,0, , , ,0, , , , , , , , , ,1,0,0,0,0,0,1,0,0,0,0,0,0,0,0,0,0,0,0,0,0,0,0,0,0,0,0,0,0,0,0,0,0,0,0,0,0,40.0064,-75.1915, , 