objectid_1,objectid,crn,district,county,municipality,crash_year,crash_month,day_of_week,time_of_day,hour_of_day,illumination,weather,road_condition,collision_type,relation_to_road,work_zone_type,work_zone_loc,work_zone_ind,intersect_type,tcd_type,location_type,urban_rural,fatal_count,injury_count,person_count,total_units,sch_bus_ind,sch_zone_ind,latitude,longitude,arrival_tm,cons_zone_spd_lim,dispatch_tm,est_hrs_closed,lane_closed,ln_close_dir,ntfy_hiwy_maint,spec_juris_cd,tcd_func_cd,tfc_detour_ind,workers_pres,wz_close_detour,wz_flagger,wz_law_offcr_ind,wz_ln_closure,wz_moving,wz_other,wz_shlder_mdn,vehicle_count,automobile_count,motorcycle_count,bus_count,small_truck_count,heavy_truck_count,suv_count,van_count,bicycle_count,maj_inj_count,mod_inj_count,min_inj_count,tot_inj_count,unk_inj_deg_count,unk_inj_per_count,driver_count_16yr,driver_count_17yr,driver_count_18yr,driver_count_19yr,driver_count_20yr,driver_count_50_64yr,driver_count_65_74yr,driver_count_75plus,unbelted_occ_count,unb_death_count,unb_maj_inj_count,belted_death_count,belted_maj_inj_count,mcycle_death_count,mcycle_maj_inj_count,bicycle_death_count,bicycle_maj_inj_count,ped_count,ped_death_count,ped_maj_inj_count,max_severity_level,comm_veh_count,dec_lat,dec_long,rdwy_surf_type_cd,county_name
74634,829671,2011066783,6,67,67301,2011,6,4,500,5,1,1,0,8,2, , ,N,0,0,0,3,0,1,2,2,N,N,40 01:54.836,75 08:40.005,502, ,500, ,0, ,N, ,0, , , , , , , , , ,1,1,0,0,0,0,0,0,0,0,0,1,1,0,0,0,0,0,0,0,0,0,0,0,0,0,0,0,0,0,0,0,1,0,0,4,0,40.0319,-75.1444, , 
74635,829687,2011083409,6,67,67301,2011,7,1,2230,22,3,1,0,4,1, , ,N,1,0,0,3,0,1,2,2,N,N,40 01:45.219,75 02:23.330,324, ,322, ,0, ,N, ,0, , , , , , , , , ,1,1,0,0,0,0,0,0,1,0,0,1,1,0,1,0,0,0,0,0,0,0,0,0,0,0,0,0,0,0,0,0,0,0,0,4,0,40.0292,-75.0398, , 
74636,832799,2011061831,6,67,67301,2011,5,5,2200,22,3,2,1,1,1, , ,N,0,2,0,3,0,0,3,3,N,N,40 01:06.633,75 08:57.209,2208, ,2204,1,1,2,N, ,3,Y, , , , , , , , ,3,3,0,0,0,0,0,0,0,0,0,0,0,0,0,0,0,0,1,0,0,0,0,0,0,0,0,0,0,0,0,0,0,0,0,0,0,40.0184,-75.1492, , 
74637,832822,2011083370,6,67,67301,2011,7,5,1700,17,1,1,0,4,1, , ,N,10,2,0,3,0,1,2,2,N,N,39 57:22.453,75 11:38.974,1720, ,1716, ,0, ,N, ,3, , , , , , , , , ,1,1,0,0,0,0,0,0,1,0,1,0,1,0,0,0,0,0,0,0,0,0,0,0,0,0,0,0,0,0,0,0,0,0,0,3,0,39.9562,-75.1941, , 
74638,832825,2011087894,6,67,67301,2011,8,5,9999,99,1,1,0,5,1, , ,N,0,0,6,3,0,5,5,3,N,N,40 04:04.198,75 02:24.479,9999, ,9999,1,1,1,Y, ,0,Y, , , , , , , , ,3,1,0,0,0,0,1,1,0,0,0,3,5,2,0,0,0,0,0,0,1,1,0,0,0,0,0,0,0,0,0,0,0,0,0,4,0,40.0678,-75.0401, , 
74639,832826,2011087991,6,67,67301,2011,7,1,245,2,3,1,0,7,2, , ,N,0,0,0,3,0,0,1,1,N,N,40 00:57.949,75 12:19.403,315, ,300, ,0, , , ,0, , , , , , , , , ,1,0,0,0,1,0,0,0,0,0,0,0,0,0,1,0,0,0,0,0,0,0,0,0,0,0,0,0,0,0,0,0,0,0,0,9,0,40.0161,-75.2054, , 
74640,832856,2011082425,6,67,67301,2011,7,7,1211,12,1,1,0,5,1, , ,N,2,0,0,3,0,1,1,2,N,N,39 56:26.073,75 12:56.753,1243, ,1239,1,1,3,N, ,0,N, , , , , , , , ,2,2,0,0,0,0,0,0,0,0,0,1,1,0,0,0,0,0,0,0,0,0,0,0,0,0,0,0,0,0,0,0,0,0,0,4,0,39.9406,-75.2158, , 
74641,832863,2011089718,6,67,67301,2011,8,1,627,6,3,2,7,7,2, , ,N,0,0,0,3,0,1,1,1,N,N,39 57:43.844,75 08:22.041,641, ,627, ,0, ,N, ,0, , , , , , , , , ,1,1,0,0,0,0,0,0,0,0,0,1,1,0,0,0,0,0,0,0,0,0,0,0,0,0,0,0,0,0,0,0,0,0,0,4,0,39.962,-75.1395, , 
74642,832907,2011061835,6,67,67301,2011,5,3,1415,14,1,1,0,2,1, , ,N,2,0,0,3,0,1,2,2, , ,40 02:35.030,75 13:38.065,1420, ,1418, ,0, , , ,0, , , , , , , , , ,2,2,0,0,0,0,0,0,0,0,0,1,1,0,0,0,0,0,0,0,0,0,0,0,0,0,0,0,0,0,0,0,0,0,0,4,0,40.0431,-75.2272, , 
74643,832926,2011082509,6,67,67301,2011,5,4,1530,15,1,1,0,6,1, , ,N,2,3,0,3,0,0,2,2,N,N,39 57:22.503,75 12:48.657,1600, ,1600, ,0, ,N, ,3, , , , , , , , , ,2,1,0,0,0,0,1,0,0,0,0,0,0,0,0,0,0,1,0,0,0,0,0,0,0,0,0,0,0,0,0,0,0,0,0,0,0,39.9563,-75.2135, , 
74644,832934,2011088017,6,67,67301,2011,8,5,900,9,1,1,1,5,1, , ,N,0,0,0,3,0,1,2,2,N,N,39 55:33.170,75 09:15.410,903, ,902, ,0, ,N, ,0, , , , , , , , , ,1,0,0,0,0,0,0,1,1,0,0,1,1,0,0,0,0,0,0,0,1,0,0,0,0,0,0,0,0,0,0,0,0,0,0,4,0,39.9259,-75.1543, , 
74645,832936,2011090486,6,67,67301,2011,8,2,1420,14,1,2,1,5,1, , ,N,0,0,0,3,0,1,2,2,N,N,40 00:12.026,75 09:59.127,1428, ,1426, ,0, ,N, ,0, , , , , , , , , ,2,1,0,0,1,0,0,0,0,0,0,0,1,1,1,0,0,0,0,0,1,0,0,2,0,0,0,0,0,0,0,0,0,0,0,8,0,40.0033,-75.1664, , 
74646,832948,2011095959,6,67,67301,2011,8,2,1720,17,1,1,0,8,1, , ,N,1,2,0,3,0,1,2,2,N,N,40 01:36.153,75 07:02.268,1725, ,1724,1,1,2,N, ,3,N, , , , , , , , ,1,1,0,0,0,0,0,0,0,0,0,1,1,0,0,0,0,0,0,0,0,0,0,0,0,0,0,0,0,0,0,0,1,0,0,4,0,40.0267,-75.1173, , 
74647,832965,2011106123,6,67,67301,2011,9,3,855,8,1,2,1,4,1, , ,N,0,0,7,3,0,2,3,2,N,N,40 07:57.400,75 00:30.130,944, ,941,2,1,2,N, ,0,N, , , , , , , , ,2,1,0,0,0,0,0,1,0,0,0,0,2,2,0,0,0,0,0,0,0,0,0,0,0,0,0,0,0,0,0,0,0,0,0,8,0,40.1326,-75.0084, , 
74648,832977,2011126280,6,67,67301,2011,11,6,720,7,1,1,0,4,1, , ,N,1,2,0,3,0,0,2,2,N, ,40 02:46.693,75 11:32.436,756, ,752, ,0, , , ,3, , , , , , , , , ,2,2,0,0,0,0,0,0,0,0,0,0,0,0,2,0,0,0,0,0,1,0,0,0,0,0,0,0,0,0,0,0,0,0,0,9,0,40.0463,-75.1923, , 
74649,833000,2011076056,6,67,67301,2011,6,7,7,0,3,1,0,5,6, , ,N,0,0,0,3,0,1,1,4,N,N,40 03:20.037,75 04:53.612,17, ,16,3,2,5,N, ,0,Y, , , , , , , , ,4,2,0,0,0,0,2,0,0,0,1,0,1,0,0,0,0,0,0,0,0,0,0,0,0,0,0,0,0,0,0,0,0,0,0,3,0,40.0556,-75.0816, , 
74650,833015,2011093057,6,67,67301,2011,8,3,9999,99,1,2,1,4,1, , ,N,1,2,0,3,0,1,4,3,N,N,40 01:01.180,75 11:17.957,1215, ,1210, ,0, ,N, ,3, , , , , , , , , ,3,1,0,0,0,0,2,0,0,0,0,0,1,1,0,0,0,0,0,0,1,0,2,0,0,0,0,0,0,0,0,0,0,0,0,8,0,40.017,-75.1883, , 
74651,833017,2011093464,6,67,67301,2011,8,3,1709,17,1,1,0,8,1, , ,N,1,2,0,3,0,1,2,2,N, ,39 57:06.984,75 09:35.699,1712, ,1710, ,0, , , ,3, , , , , , , , , ,1,1,0,0,0,0,0,0,1,0,0,0,1,1,1,0,0,0,0,0,0,0,0,1,0,0,0,0,0,0,0,0,0,0,0,8,0,39.9519,-75.1598, , 
74652,833024,2011100746,6,67,67301,2011,9,5,738,7,1,1,0,8,9, , ,N,1,3,0,3,0,1,2,2,N, ,40 02:35.030,75 13:38.065,740, ,738, ,0, , , ,3, , , , , , , , , ,1,1,0,0,0,0,0,0,0,0,0,1,1,0,0,0,0,0,0,0,1,0,0,0,0,0,0,0,0,0,0,0,1,0,0,4,0,40.0431,-75.2272, , 
74653,833034,2011056802,6,67,67301,2011,4,7,510,5,3,1,0,1,1, , ,N,1,2,0,3,0,1,3,3, , ,40 03:58.061,75 03:46.964,513, ,512,3,2,5, , ,3,Y, , , , , , , , ,3,3,0,0,0,0,0,0,0,0,0,1,1,0,1,0,0,0,0,0,0,0,0,1,0,0,0,0,0,0,0,0,0,0,0,4,0,40.0661,-75.063, , 
74654,836282,2011106179,6,67,67301,2011,9,2,1031,10,1,1,0,1,1, , ,N,0,0,0,3,0,1,2,2,N,N,40 04:19.638,75 02:12.990,1036, ,1033,1,1,1,N, ,0,N, , , , , , , , ,2,0,0,0,1,0,1,0,0,0,0,1,1,0,0,0,0,0,0,0,0,1,0,0,0,0,0,0,0,0,0,0,0,0,0,4,0,40.0721,-75.0369, , 
74655,836287,2011110786,6,67,67301,2011,10,1,447,4,3,2,6,7,1, , ,N,2,1,3,3,0,0,1,1,N,N,39 59:38.268,75 04:47.939,447, ,447, ,0, ,N, ,3, , , , , , , , , ,1,1,0,0,0,0,0,0,0,0,0,0,0,0,0,0,0,0,0,0,0,0,0,1,0,0,0,0,0,0,0,0,0,0,0,0,0,39.994,-75.08, , 
74656,836311,2011080274,6,67,67301,2011,7,4,757,7,1,1,0,1,1, , ,N,0,0,0,3,0,0,2,2,N,N,39 59:28.624,75 05:11.110,833, ,802, ,0, ,N, ,0, , , , , , , , , ,2,1,0,0,0,0,1,0,0,0,0,0,0,0,0,0,0,0,0,0,1,0,0,0,0,0,0,0,0,0,0,0,0,0,0,0,0,39.9914,-75.0864, , 
74657,836321,2011054214,6,67,67301,2011,4,5,1325,13,1,1,0,8,1, , ,N,0,0,0,3,0,1,2,2,N, ,40 02:09.135,75 01:35.475,1331, ,1329, ,0, , , ,0, , , , , , , , , ,1,1,0,0,0,0,0,0,0,0,0,1,1,0,0,0,0,0,0,0,1,0,0,0,0,0,0,0,0,0,0,0,1,0,0,4,0,40.0359,-75.0265, , 
74658,836346,2011068494,6,67,67301,2011,6,2,730,7,1,1,0,4,1, , ,N,1,2,0,3,0,1,2,2, , ,39 58:20.008,75 07:27.822,734, ,733, ,0, , , ,3, , , , , , , , , ,1,1,0,0,0,0,0,0,1,0,0,1,1,0,0,0,0,0,0,0,0,0,0,0,0,0,0,0,0,0,0,0,0,0,0,4,0,39.9721,-75.1248, , 
74659,836356,2011085756,6,67,67301,2011,8,7,1154,11,1,1,0,1,1, , ,N,0,0,0,3,0,0,3,2,N,N,39 58:43.309,75 12:11.049,1159, ,1154, ,0, ,N, ,0, , , , , , , , , ,2,2,0,0,0,0,0,0,0,0,0,0,0,0,0,0,0,0,0,0,0,0,0,0,0,0,0,0,0,0,0,0,0,0,0,0,0,39.9787,-75.2031, , 
74660,836360,2011095954,6,67,67301,2011,7,6,34,0,3,1,0,4,1, , ,N,2,3,0,3,0,2,7,2,N,N,39 58:09.757,75 12:16.372,36, ,35, ,0, ,N, ,3, , , , , , , , , ,2,1,0,1,0,0,0,0,0,0,0,2,2,0,0,0,0,0,0,0,0,0,0,0,0,0,0,0,0,0,0,0,0,0,0,4,1,39.9694,-75.2045, , 
74661,836377,2011095416,6,67,67301,2011,8,4,2104,21,3,1,0,8,1, , ,N,2,2,0,3,0,2,2,2,N,N,39 57:22.741,75 14:23.794,2134, ,2124, ,0, ,N, ,3, , , , , , , , , ,1,1,0,0,0,0,0,0,0,0,2,0,2,0,0,0,0,0,0,0,0,1,0,1,0,0,0,0,0,0,0,0,1,0,0,3,0,39.9563,-75.2399, , 
74662,836384,2011097248,6,67,67301,2011,8,5,1310,13,1,2,1,1,1, , ,N,1,2,0,3,0,3,5,4,N,N,39 57:41.457,75 09:10.609,1327, ,1320,2,2,4,N, ,3,Y, , , , , , , , ,4,2,0,1,0,0,1,0,0,0,0,2,3,1,0,0,0,0,0,0,0,1,0,2,0,0,0,0,0,0,0,0,0,0,0,4,1,39.9615,-75.1529, , 
74663,836390,2011100840,6,67,67301,2011,9,6,900,9,1,1,0,4,1, , ,N,0,0,7,3,0,1,4,4,N,N,40 01:09.282,75 03:09.419,910, ,903, ,0, , , ,0, , , , , , , , , ,4,4,0,0,0,0,0,0,0,0,0,0,1,1,0,0,0,0,0,0,1,0,0,0,0,0,0,0,0,0,0,0,0,0,0,8,0,40.0192,-75.0526, , 
74664,836393,2011056987,6,67,67301,2011,5,6,1055,10,1,1,0,8,1, , ,N,0,0,0,3,0,1,3,2,N,N,39 55:07.647,75 14:01.622,1148, ,1144, ,0, ,N, ,0, , , , , , , , , ,1,1,0,0,0,0,0,0,0,0,0,1,1,0,0,0,0,0,0,0,0,0,0,0,0,0,0,0,0,0,0,0,1,0,0,4,0,39.9188,-75.2338, , 
74665,836394,2011057035,6,67,67301,2011,5,1,350,3,3,1,0,4,1, , ,N,2,2,0,3,0,0,6,2,N,N,40 02:40.305,75 03:15.922,355, ,350, ,0, ,N, ,3, , , , , , , , , ,2,2,0,0,0,0,0,0,0,0,0,0,0,0,0,0,0,0,0,0,0,1,0,0,0,0,0,0,0,0,0,0,0,0,0,0,0,40.0445,-75.0544, , 
74666,836400,2011060846,6,67,67301,2011,6,6,1741,17,1,1,0,1,1, , ,N,0,0,0,3,0,1,11,3,N,N,39 57:28.866,75 09:46.743,1800, ,1747,1,2,4,N, ,0,N, , , , , , , , ,3,0,0,0,0,0,1,2,0,0,0,1,1,0,0,0,0,0,0,0,0,0,0,0,0,0,0,0,0,0,0,0,0,0,0,4,0,39.958,-75.163, , 
74667,836401,2011061872,6,67,67301,2011,5,6,2221,22,3,1,0,4,1, , ,N,1,3,0,3,0,1,2,2, , ,39 56:23.870,75 13:51.772,2245, ,2221, ,0, , , ,3, , , , , , , , , ,2,2,0,0,0,0,0,0,0,0,0,1,1,0,1,0,0,0,0,0,0,0,0,0,0,0,0,0,0,0,0,0,0,0,0,4,0,39.94,-75.231, , 
74668,836409,2011076289,6,67,67301,2011,6,6,536,5,1,1,1,2,1, , ,N,2,2,0,3,0,1,2,2,N,N,40 05:44.901,74 59:28.492,540, ,536,2,1,4,N, ,2,Y, , , , , , , , ,2,1,0,0,0,1,0,0,0,0,0,1,1,0,0,0,0,0,0,0,0,0,0,0,0,0,0,0,0,0,0,0,0,0,0,4,1,40.0958,-74.9912, , 
74669,836422,2011082651,6,67,67301,2011,7,4,1220,12,1,1,0,1,1, , ,N,2,2,0,3,0,3,6,3,N,N,40 04:19.712,75 01:58.660,9999, ,1224, ,0, ,N, ,3, , , , , , , , , ,3,3,0,0,0,0,0,0,0,0,0,3,3,0,0,0,0,0,0,0,0,0,1,0,0,0,0,0,0,0,0,0,0,0,0,4,0,40.0721,-75.033, , 
74670,836430,2011088014,6,67,67301,2011,8,2,1715,17,1,1,0,4,1, , ,N,1,2,0,3,0,1,2,2,N,N,40 02:49.750,75 04:51.470,1725, ,1720, ,0, , , ,2, , , , , , , , , ,2,1,0,0,0,0,1,0,0,0,0,1,1,0,0,0,0,0,0,0,1,0,0,0,0,0,0,0,0,0,0,0,0,0,0,4,0,40.0472,-75.081, , 
74671,836431,2011088055,6,67,67301,2011,7,6,1236,12,1,1,0,5,1, , ,N,0,0,0,3,0,1,2,2,N,N,39 59:56.016,75 13:52.708,1252, ,1242, ,0, ,N, ,0, , , , , , , , , ,2,2,0,0,0,0,0,0,0,0,0,1,1,0,0,0,0,0,0,0,0,0,0,0,0,0,0,0,0,0,0,0,0,0,0,4,0,39.9989,-75.2313, , 
74672,839901,2011073234,6,67,67301,2011,6,6,9999,99,3,2,1,1,1, , ,N,0,0,0,3,0,1,3,2,N,N,40 00:31.970,75 10:08.258,201, ,201, ,0, ,N, ,0, , , , , , , , , ,2,1,0,0,0,0,1,0,0,0,0,1,1,0,0,0,0,1,0,0,1,0,0,0,0,0,0,0,0,0,0,0,0,0,0,4,0,40.0089,-75.169, , 
74673,839904,2011075736,6,67,67301,2011,6,5,2354,23,6,1,0,7,4, , ,N,0,0,0,3,0,1,1,1,N,N,39 59:29.214,75 05:05.859,2358, ,2355, ,0, ,N, ,0, , , , , , , , , ,1,1,0,0,0,0,0,0,0,0,0,0,1,1,0,0,0,0,0,0,0,0,0,1,0,0,0,0,0,0,0,0,0,0,0,8,0,39.9914,-75.085, , 
74674,839918,2011087946,6,67,67301,2011,8,3,2215,22,3,1,0,1,4, , ,N,1,3,0,3,0,0,2,2,N, ,39 55:40.994,75 10:43.323,2220, ,2215, ,0, , , ,3, , , , , , , , , ,2,1,0,0,0,0,1,0,0,0,0,0,0,0,0,0,0,0,0,0,0,0,0,0,0,0,0,0,0,0,0,0,0,0,0,0,0,39.9281,-75.1787, , 
74675,839932,2012004343,6,67,67301,2011,12,2,2025,20,3,1,0,4,1, , ,N,1,3,0,3,0,1,2,3,N,N,40 03:47.098,75 08:58.387,2030, ,2030, ,0, ,N, ,3, , , , , , , , , ,3,3,0,0,0,0,0,0,0,0,0,0,1,1,1,0,0,0,0,0,0,0,0,0,0,0,0,0,0,0,0,0,0,0,0,8,0,40.0631,-75.1496, , 
74676,839946,2011125730,6,67,67301,2011,11,7,737,7,1,1,0,7,2, , ,N,0,0,0,3,0,1,2,1,N,N,40 00:54.236,75 03:14.064,742, ,740, ,0, ,N, ,0, , , , , , , , , ,1,0,0,0,0,1,0,0,0,0,1,0,1,0,0,0,0,0,0,0,0,0,0,2,0,0,0,0,0,0,0,0,0,0,0,3,1,40.015,-75.054, , 
74677,839954,2012015841,6,67,67301,2011,12,7,1846,18,3,1,0,5,6, , ,N,0,0,0,3,0,0,1,3,N,N,39 58:14.275,75 10:34.626,1847, ,1846, ,0, ,N, ,0, , , , , , , , , ,3,2,0,0,1,0,0,0,0,0,0,0,0,0,0,0,0,0,0,0,0,0,0,0,0,0,0,0,0,0,0,0,0,0,0,0,0,39.9706,-75.1763, , 
74678,839962,2011016004,6,67,67301,2011,1,2,1101,11,1,1,0,4,1, , ,N,1,3,0,3,0,2,3,2,N,N,40 01:20.092,75 05:25.285,1108, ,1103, ,0, ,N, ,3, , , , , , , , , ,2,2,0,0,0,0,0,0,0,0,0,0,2,2,0,0,0,0,0,0,0,0,0,0,0,0,0,0,0,0,0,0,0,0,0,8,0,40.0222,-75.0904, , 
74679,839975,2011028973,6,67,67301,2011,1,7,1024,10,1,4,3,4,1, , ,N,1,2,0,3,0,3,3,2, , ,40 04:10.183,74 58:53.562,1045, ,1037, ,0, , , ,3, , , , , , , , , ,2,2,0,0,0,0,0,0,0,0,0,3,3,0,0,0,0,0,0,0,1,0,0,0,0,0,0,0,0,0,0,0,0,0,0,4,0,40.0695,-74.9814, , 
74680,839979,2011100724,6,67,67301,2011,9,5,1413,14,1,1,1,1,1, , ,N,1,2,0,3,0,0,3,3,N,N,40 01:32.421,75 01:53.914,1655, ,1614, ,0, ,N, ,3, , , , , , , , , ,3,3,0,0,0,0,0,0,0,0,0,0,0,0,0,0,0,0,0,0,1,0,0,0,0,0,0,0,0,0,0,0,0,0,0,0,0,40.0257,-75.0316, , 
74681,839991,2011109909,6,67,67301,2011,9,2,233,2,3,1,0,0,4, , ,N,0,0,0,3,0,1,1,1,N,N,40 01:26.827,75 01:52.178,243, ,236, ,0, ,N, ,0, , , , , , , , , ,1,0,0,0,0,0,1,0,0,0,1,0,1,0,0,0,0,0,0,0,0,0,0,1,0,0,0,0,0,0,0,0,0,0,0,3,0,40.0241,-75.0313, , 
74682,840027,2011066167,6,67,67301,2011,6,5,736,7,1,1,0,4,1, , ,N,1,2,0,3,0,2,3,2,N,N,39 55:04.486,75 10:45.530,753, ,753,9,1,3,N, ,3,N, , , , , , , , ,2,2,0,0,0,0,0,0,0,0,0,0,2,2,0,0,0,0,0,0,0,0,0,0,0,0,0,0,0,0,0,0,0,0,0,8,0,39.9179,-75.1793, , 
74683,840058,2011109243,6,67,67301,2011,10,3,1627,16,1,1,0,1,1, , ,N,0,0,0,3,0,0,4,2,N,N,39 59:05.108,75 05:41.707,1635, ,1628, ,0, ,N, ,0, , , , , , , , , ,2,2,0,0,0,0,0,0,0,0,0,0,0,0,0,0,0,0,0,1,1,0,0,0,0,0,0,0,0,0,0,0,0,0,0,0,0,39.9847,-75.095, , 
74684,840072,2011112306,6,67,67301,2011,10,3,1800,18,4,1,0,8,1, , ,N,2,2,0,3,0,2,3,3,N,N,39 55:09.777,75 10:14.532,1805, ,1800, ,0, ,N, ,3, , , , , , , , , ,1,1,0,0,0,0,0,0,0,0,0,2,2,0,0,0,0,0,0,0,0,0,0,1,0,0,0,0,0,0,0,0,2,0,0,4,0,39.9194,-75.1707, , 
74685,840080,2011075701,6,67,67301,2011,6,3,1555,15,1,1,0,1,1, , ,N,1,2,0,3,0,1,3,2,N,Y,40 03:07.696,75 04:04.036,1609, ,1605, ,0, ,N, ,3, , , , , , , , , ,2,2,0,0,0,0,0,0,0,0,0,0,1,1,0,0,0,0,1,0,0,0,0,0,0,0,0,0,0,0,0,0,0,0,0,8,0,40.0521,-75.0678, , 
74686,840127,2011068716,6,67,67301,2011,6,6,1745,17,1,1,0,1,1, , ,N,2,2,0,3,0,0,5,4,N,N,40 01:40.638,75 12:18.186,1750, ,1745, ,0, ,N, ,3, , , , , , , , , ,4,3,0,0,0,0,1,0,0,0,0,0,0,0,0,0,0,0,0,0,2,1,0,0,0,0,0,0,0,0,0,0,0,0,0,0,0,40.028,-75.2051, , 
74687,840176,2011109692,6,67,67301,2011,10,3,1338,13,1,1,0,1,1, , ,N,0,0,0,3,0,1,2,2,N,N,39 57:36.543,75 10:48.451,1354, ,1343, ,0, ,N, ,0, , , , , , , , , ,2,2,0,0,0,0,0,0,0,0,0,1,1,0,0,0,0,0,0,0,1,0,0,0,0,0,0,0,0,0,0,0,0,0,0,4,0,39.9602,-75.1801, , 
74688,840184,2011118050,6,67,67301,2011,10,6,1615,16,1,9,1,8,1, , ,N,0,0,0,3,0,1,2,2,N,N,39 59:03.266,75 07:29.624,1912, ,1857, ,0, ,N, ,0, , , , , , , , , ,1,1,0,0,0,0,0,0,0,0,1,0,1,0,0,0,0,0,0,0,0,0,0,0,0,0,0,0,0,0,0,0,1,0,0,3,0,39.9842,-75.1249, , 
74689,840187,2011108866,6,67,67301,2011,9,6,931,9,1,2,1,4,1, , ,N,1,3,0,3,0,0,3,2,N,N,40 00:03.643,75 07:25.222,1005, ,1001, ,0, ,N, ,3, , , , , , , , , ,2,2,0,0,0,0,0,0,0,0,0,0,0,0,0,0,0,0,0,0,0,0,0,0,0,0,0,0,0,0,0,0,0,0,0,0,0,40.001,-75.1237, , 
74690,829689,2011087977,6,67,67301,2011,8,3,1520,15,1,1,1,1,1, , ,N,2,0,0,3,0,1,3,3,N,N,40 05:08.045,75 02:21.757,1540, ,1530, ,0, ,N, ,0, , , , , , , , , ,3,1,0,0,1,0,0,1,0,0,0,1,1,0,0,0,0,0,0,0,0,0,0,3,0,0,0,0,0,0,0,0,0,0,0,4,0,40.0856,-75.0394, , 
74691,829703,2011103348,6,67,67301,2011,9,3,1300,13,1,1,0,8,1, , ,N,1,2,0,3,0,1,2,2,N,N,40 02:06.975,75 07:17.098,9999, ,1203, ,0, ,N, ,3, , , , , , , , , ,1,0,0,1,0,0,0,0,0,1,0,0,1,0,0,0,0,0,0,0,0,0,0,0,0,0,0,0,0,0,0,0,1,0,1,2,1,40.0353,-75.1214, , 
74692,829720,2011062478,6,67,67301,2011,4,5,2352,23,3,1,0,7,4, , ,N,0,0,0,3,0,1,2,1,N,N,39 59:02.690,75 05:46.669,2359, ,2354,2,1,1,N, ,0,N, , , , , , , , ,1,1,0,0,0,0,0,0,0,0,0,1,1,0,0,0,0,0,0,0,0,0,0,0,0,0,0,0,0,0,0,0,0,0,0,4,0,39.984,-75.0964, , 
74693,829726,2011068157,6,67,67301,2011,7,2,1852,18,1,1,0,7,2, , ,N,0,0,0,3,0,0,1,1,N,N,39 58:35.148,75 06:51.284,1900, ,1855,1,1,1,N, ,0,N, , , , , , , , ,1,1,0,0,0,0,0,0,0,0,0,0,0,0,0,0,0,0,0,0,0,0,0,0,0,0,0,0,0,0,0,0,0,0,0,0,0,39.9764,-75.1144, , 
74694,829739,2011083322,6,67,67301,2011,7,7,2030,20,3,1,0,4,1, , ,N,0,0,7,3,0,0,2,2,N, ,40 02:25.100,75 06:06.815,2036, ,2036,2,2,7, , ,0,N, , , , , , , , ,2,1,0,0,0,0,1,0,0,0,0,0,0,0,0,0,0,0,0,0,0,0,0,0,0,0,0,0,0,0,0,0,0,0,0,0,0,40.0403,-75.1019, , 
74695,829741,2011088060,6,67,67301,2011,7,5,1808,18,1,1,0,4,1, , ,N,1,3,0,3,0,1,4,2,N,N,40 04:41.376,75 04:24.765,1820, ,1810, ,0, ,N, ,3, , , , , , , , , ,2,2,0,0,0,0,0,0,0,0,0,1,1,0,0,0,0,0,0,0,0,0,0,1,0,0,0,0,0,0,0,0,0,0,0,4,0,40.0782,-75.0735, , 
74696,829743,2011090565,6,67,67301,2011,7,5,219,2,3,1,0,7,3, , ,N,5,0,0,3,0,0,2,1,N, ,39 57:29.529,75 10:11.608,222, ,220, ,0, , , ,0, , , , , , , , , ,1,1,0,0,0,0,0,0,0,0,0,0,0,0,0,0,0,0,0,0,0,0,0,0,0,0,0,0,0,0,0,0,0,0,0,0,0,39.9582,-75.1699, , 
74697,829752,2011100810,6,67,67301,2011,9,3,2048,20,3,2,1,4,1, , ,N,0,0,7,3,0,0,2,2,N,N,40 00:13.488,75 10:08.397,2100, ,2051, ,0, , , ,0, , , , , , , , , ,2,2,0,0,0,0,0,0,0,0,0,0,0,0,1,0,0,0,0,0,0,0,0,0,0,0,0,0,0,0,0,0,0,0,0,9,0,40.0037,-75.169, , 
74698,829754,2011101620,6,67,67301,2011,9,7,1744,17,1,1,0,8,1, , ,N,2,0,0,3,0,1,2,3,N,N,40 03:55.170,75 09:03.423,1810, ,1805, ,0, ,N, ,0, , , , , , , , , ,2,2,0,0,0,0,0,0,1,0,1,0,1,0,0,0,0,0,0,0,0,0,0,0,0,0,0,0,0,0,0,0,0,0,0,3,0,40.0653,-75.151, , 
74699,829764,2011105924,6,67,67301,2011,10,5,745,7,1,1,0,1,1, , ,N,0,0,0,3,0,0,2,2,N,N,39 55:24.602,75 08:51.267,806, ,752,2,2,2,N, ,0,N, , , , , , , , ,2,2,0,0,0,0,0,0,0,0,0,0,0,0,0,0,0,0,0,0,1,0,0,0,0,0,0,0,0,0,0,0,0,0,0,0,0,39.9236,-75.1476, , 
74700,829768,2011104099,6,67,67301,2011,10,5,745,7,1,1,0,1,1, , ,N,0,0,0,3,0,0,2,2,N,N,39 53:51.510,75 11:11.869,748, ,748, ,0, ,N, ,0, , , , , , , , , ,2,1,0,0,1,0,0,0,0,0,0,0,0,0,0,0,0,0,0,0,0,0,0,0,0,0,0,0,0,0,0,0,0,0,0,0,0,39.8976,-75.1866, , 