objectid_1,objectid,crn,district,county,municipality,crash_year,crash_month,day_of_week,time_of_day,hour_of_day,illumination,weather,road_condition,collision_type,relation_to_road,work_zone_type,work_zone_loc,work_zone_ind,intersect_type,tcd_type,location_type,urban_rural,fatal_count,injury_count,person_count,total_units,sch_bus_ind,sch_zone_ind,latitude,longitude,arrival_tm,cons_zone_spd_lim,dispatch_tm,est_hrs_closed,lane_closed,ln_close_dir,ntfy_hiwy_maint,spec_juris_cd,tcd_func_cd,tfc_detour_ind,workers_pres,wz_close_detour,wz_flagger,wz_law_offcr_ind,wz_ln_closure,wz_moving,wz_other,wz_shlder_mdn,vehicle_count,automobile_count,motorcycle_count,bus_count,small_truck_count,heavy_truck_count,suv_count,van_count,bicycle_count,maj_inj_count,mod_inj_count,min_inj_count,tot_inj_count,unk_inj_deg_count,unk_inj_per_count,driver_count_16yr,driver_count_17yr,driver_count_18yr,driver_count_19yr,driver_count_20yr,driver_count_50_64yr,driver_count_65_74yr,driver_count_75plus,unbelted_occ_count,unb_death_count,unb_maj_inj_count,belted_death_count,belted_maj_inj_count,mcycle_death_count,mcycle_maj_inj_count,bicycle_death_count,bicycle_maj_inj_count,ped_count,ped_death_count,ped_maj_inj_count,max_severity_level,comm_veh_count,dec_lat,dec_long,rdwy_surf_type_cd,county_name
74701,829797,2012001927,6,67,67301,2011,12,4,2240,22,3,2,1,8,1, , ,N,2,0,0,3,0,1,2,2,N,N,39 54:38.481,75 11:07.710,2240, ,2240, ,0, ,N, ,0, , , , , , , , , ,1,1,0,0,0,0,0,0,0,0,1,0,1,0,0,0,0,0,0,0,0,0,0,0,0,0,0,0,0,0,0,0,1,0,0,3,0,39.9107,-75.1855, , 
74702,829799,2012004840,6,67,67301,2011,6,5,1220,12,1,1,0,7,5, , ,N,10,2,0,3,0,0,5,1,N,N,40 05:27.941,75 02:49.166,1225, ,1223, ,0, , , ,3, , , , , , , , , ,1,1,0,0,0,0,0,0,0,0,0,0,0,0,1,0,0,0,0,0,0,0,0,0,0,0,0,0,0,0,0,0,0,0,0,9,0,40.0911,-75.047, , 
74703,829800,2012004950,6,67,67301,2011,12,2,1720,17,4,1,0,8,1, , ,N,0,0,0,3,0,1,2,2,N,N,39 56:20.854,75 09:32.183,9999, ,1720, ,0, ,N, ,0, , , , , , , , , ,1,1,0,0,0,0,0,0,0,0,0,1,1,0,1,0,0,0,0,0,0,0,0,0,0,0,0,0,0,0,0,0,1,0,0,4,0,39.9391,-75.1589, , 
74704,829802,2012010058,6,67,67301,2011,12,4,2300,23,3,1,0,4,1, , ,N,1,3,0,3,0,2,3,3,N, ,39 56:33.478,75 13:53.137,2301, ,2300, ,0, , , ,3, , , , , , , , , ,3,2,0,0,1,0,0,0,0,0,0,0,2,2,0,0,0,0,0,0,0,0,0,0,0,0,0,0,0,0,0,0,0,0,0,8,0,39.9426,-75.2314, , 
74705,829815,2011073153,6,67,67301,2011,6,5,1530,15,1,1,0,5,2, , ,N,2,3,0,3,0,1,2,3,N,N,39 58:07.640,75 13:07.874,1643, ,1640, ,0, ,N, ,3, , , , , , , , , ,3,1,0,0,2,0,0,0,0,0,0,1,1,0,0,0,0,0,0,0,0,0,0,0,0,0,0,0,0,0,0,0,0,0,0,4,0,39.9688,-75.2189, , 
74706,829839,2011082708,6,67,67301,2011,7,5,900,9,1,1,0,8,1, , ,N,1,3,0,3,0,1,2,2,N,N,39 57:52.534,75 10:03.100,904, ,902,1,2,3,N, ,3,Y, , , , , , , , ,1,1,0,0,0,0,0,0,0,0,0,1,1,0,0,0,0,0,0,0,0,1,0,0,0,0,0,0,0,0,0,0,1,0,0,4,0,39.9646,-75.1675, , 
74707,829843,2011085625,6,67,67301,2011,8,2,1516,15,1,1,0,1,1, , ,N,0,0,0,3,0,1,4,2,N,N,39 57:29.372,75 09:50.751,1532, ,1519, ,0, ,N, ,0, , , , , , , , , ,2,2,0,0,0,0,0,0,0,0,0,0,1,1,0,0,0,0,0,0,0,0,0,0,0,0,0,0,0,0,0,0,0,0,0,8,0,39.9582,-75.1641, , 
74708,829846,2011087905,6,67,67301,2011,7,1,1710,17,1,1,0,4,1, , ,N,0,0,0,3,0,1,2,2,N,N,40 03:49.064,75 08:23.697,1745, ,1739, ,0, ,N, ,0, , , , , , , , , ,2,1,1,0,0,0,0,0,0,0,0,1,1,0,0,0,0,0,0,0,0,0,0,0,0,0,0,0,0,0,0,0,0,0,0,4,0,40.0636,-75.1399, , 
74709,833047,2011085536,6,67,67301,2011,7,6,1438,14,1,1,0,4,1, , ,N,0,3,7,3,0,1,6,2,N, ,40 05:24.110,74 57:32.580,1444, ,1441, ,0, , , ,3, , , , , , , , , ,2,2,0,0,0,0,0,0,0,0,0,1,1,0,0,0,0,0,0,0,0,0,0,0,0,0,0,0,0,0,0,0,0,0,0,4,0,40.09,-74.9591, , 
74710,833068,2011106196,6,67,67301,2011,9,7,315,3,3,2,1,5,1, , ,N,0,0,0,3,0,1,1,3,N,N,39 57:20.480,75 09:15.450,319, ,316,1,1,1,N, ,0,Y, , , , , , , , ,3,3,0,0,0,0,0,0,0,0,0,1,1,0,0,0,0,0,0,0,0,0,0,0,0,0,0,0,0,0,0,0,0,0,0,4,0,39.9557,-75.1543, , 
74711,833088,2011098789,6,67,67301,2011,9,6,2013,20,2,2,1,1,1, , ,N,0,0,0,3,0,0,4,2,N,N,40 00:00.627,75 11:42.633,2028, ,2013, ,0, ,N, ,0, , , , , , , , , ,2,1,0,0,0,0,1,0,0,0,0,0,0,0,0,0,0,0,1,0,0,0,0,0,0,0,0,0,0,0,0,0,0,0,0,0,0,40.0002,-75.1952, , 
74712,833109,2011015950,6,67,67301,2011,1,1,1620,16,1,1,0,4,1, , ,N,0,2,7,3,0,1,3,2,N,N,40 00:46.537,75 07:07.418,1625, ,1621, ,0, , , ,3, , , , , , , , , ,2,2,0,0,0,0,0,0,0,0,0,1,1,0,0,0,0,0,0,0,0,0,0,0,0,0,0,0,0,0,0,0,0,0,0,4,0,40.0129,-75.1187, , 
74713,833133,2011052999,6,67,67301,2011,5,7,1516,15,1,2,1,7,2, , ,N,0,0,0,3,0,1,1,1,N,N,39 53:15.323,75 12:57.177,1528, ,1520, ,0, ,N, ,0, , , , , , , , , ,1,1,0,0,0,0,0,0,0,0,0,0,1,1,0,0,0,0,0,0,0,0,0,0,0,0,0,0,0,0,0,0,0,0,0,8,0,39.8876,-75.2159, , 
74714,833134,2011132628,6,67,67301,2011,11,2,2123,21,3,2,1,2,1, , ,N,1,2,0,3,0,2,3,2,N, ,40 01:53.151,75 09:17.114,2335, ,2330, ,0, , , ,2, , , , , , , , , ,2,2,0,0,0,0,0,0,0,0,1,1,2,0,1,0,0,0,0,0,0,0,0,0,0,0,0,0,0,0,0,0,0,0,0,3,0,40.0314,-75.1548, , 
74715,833135,2011132751,6,67,67301,2011,11,3,9999,99,3,1,0,4,1, , ,N,2,2,0,3,0,2,4,2,N,N,39 59:43.731,75 06:32.155,203, ,201, ,0, , , ,3, , , , , , , , , ,2,2,0,0,0,0,0,0,0,0,0,0,2,2,0,0,0,0,0,0,0,0,0,1,0,0,0,0,0,0,0,0,0,0,0,8,0,39.9955,-75.1089, , 
74716,833144,2012022238,6,67,67301,2011,9,1,1630,16,1,1,0,1,1, , ,N,5,2,0,3,0,1,2,2,N,N,39 56:45.089,75 14:25.018,0, ,0, ,0, ,N, ,3, , , , , , , , , ,2,1,0,0,0,0,1,0,0,0,0,0,1,1,0,0,0,0,0,0,1,0,0,0,0,0,0,0,0,0,0,0,0,0,0,8,0,39.9459,-75.2403, , 
74717,833164,2011073239,6,67,67301,2011,6,6,2119,21,3,1,0,0,1, , ,N,0,0,0,3,0,1,1,1,N,N,40 04:23.971,75 11:16.406,2123, ,2120, ,0, ,N, ,0, , , , , , , , , ,1,0,0,0,0,0,1,0,0,0,0,1,1,0,0,0,0,0,0,0,1,0,0,0,0,0,0,0,0,0,0,0,0,0,0,4,0,40.0733,-75.1879, , 
74718,833175,2011082599,6,67,67301,2011,4,7,1340,13,1,1,0,4,1, , ,N,2,0,0,3,0,5,6,2,N, ,40 01:13.039,75 09:46.119,1400, ,1352, ,0, , , ,0, , , , , , , , , ,2,1,0,0,0,0,1,0,0,0,0,0,5,5,0,0,0,0,0,0,0,0,0,0,0,0,0,0,0,0,0,0,0,0,0,8,0,40.0203,-75.1628, , 
74719,833176,2011083298,6,67,67301,2011,7,5,2345,23,3,1,0,1,7, , ,N,6,4,2,3,0,1,2,2,N,N,40 00:47.390,75 10:49.073,9999, ,2349, ,0, ,N, ,3, , , , , , , , , ,2,1,0,0,0,0,1,0,0,0,0,1,1,0,0,0,0,0,0,0,0,0,0,0,0,0,0,0,0,0,0,0,0,0,0,4,0,40.0137,-75.1796, , 
74720,833178,2011085491,6,67,67301,2011,7,6,1540,15,1,1,0,4,6, , ,N,0,0,0,3,0,2,4,2,N, ,39 59:22.498,75 06:26.407,1635, ,1545,1,1,3, , ,0,N, , , , , , , , ,2,1,0,1,0,0,0,0,0,0,0,2,2,0,0,0,0,0,0,0,0,0,0,0,0,0,0,0,0,0,0,0,0,0,0,4,1,39.9896,-75.1074, , 
74721,833202,2011047091,6,67,67301,2011,4,5,1420,14,1,1,0,6,1, , ,N,0,0,0,3,0,1,2,2,N,N,40 03:11.684,75 05:12.385,1425, ,1422,1,2,5,N, ,0,Y, , , , , , , , ,2,1,1,0,0,0,0,0,0,0,0,1,1,0,0,0,0,0,0,0,0,0,0,0,0,0,0,0,0,0,0,0,0,0,0,4,0,40.0532,-75.0868, , 
74722,833214,2011076061,6,67,67301,2011,7,7,615,6,1,1,0,4,1, , ,N,1,2,0,3,0,1,4,2,N,N,39 55:20.909,75 09:17.861,620, ,615, ,0, ,N, ,3, , , , , , , , , ,2,0,0,0,1,0,1,0,0,0,0,0,1,1,0,0,0,0,1,0,0,0,0,4,0,0,0,0,0,0,0,0,0,0,0,8,0,39.9225,-75.155, , 
74723,833220,2011080413,6,67,67301,2011,6,4,1233,12,1,1,0,4,1, , ,N,0,0,0,3,0,0,4,2,N,N,40 00:28.347,75 12:07.741,1245, ,1238, ,0, ,N, ,0, , , , , , , , , ,2,2,0,0,0,0,0,0,0,0,0,0,0,0,0,0,0,0,0,0,0,0,0,0,0,0,0,0,0,0,0,0,0,0,0,0,0,40.0079,-75.2022, , 
74724,833231,2011073225,6,67,67301,2011,6,2,1721,17,1,1,0,4,1, , ,N,1,2,0,3,0,4,4,2,N,N,39 58:02.388,75 14:44.990,1741, ,1741, ,0, , , ,3, , , , , , , , , ,2,1,0,0,0,0,1,0,0,0,0,0,4,4,0,0,0,0,0,0,0,1,0,0,0,0,0,0,0,0,0,0,0,0,0,8,0,39.9673,-75.2457, , 
74725,833233,2011075649,6,67,67301,2011,6,3,1734,17,4,1,0,8,1, , ,N,0,0,0,3,0,1,1,2, , ,40 00:15.638,75 06:09.630,9999, ,9999, ,0, , , ,0, , , , , , , , , ,1,1,0,0,0,0,0,0,0,0,0,1,1,0,0,0,0,0,0,0,0,0,0,0,0,0,0,0,0,0,0,0,1,0,0,4,0,40.0043,-75.1027, , 
74726,833244,2011083440,6,67,67301,2011,7,5,9999,99,1,1,0,4,1, , ,N,2,2,7,3,0,1,3,2,N,N,40 02:37.394,75 13:41.844,1049, ,1043, ,0, , , ,3, , , , , , , , , ,2,2,0,0,0,0,0,0,0,0,1,0,1,0,0,0,0,0,0,0,0,0,1,1,0,0,0,0,0,0,0,0,0,0,0,3,0,40.0437,-75.2283, , 
74727,836461,2011083371,6,67,67301,2011,7,6,9999,99,1,1,0,1,1, , ,N,1,2,0,3,0,1,4,4,N, ,40 01:59.865,75 02:15.694,1645, ,1642, ,0, , , ,3, , , , , , , , , ,4,4,0,0,0,0,0,0,0,0,0,1,1,0,0,0,0,0,0,0,0,1,0,0,0,0,0,0,0,0,0,0,0,0,0,4,0,40.0332,-75.0378, , 
74728,836465,2011087925,6,67,67301,2011,7,6,730,7,1,1,0,5,1, , ,N,0,0,0,3,0,0,1,2,N,N,40 01:38.740,75 10:59.970,736, ,734, ,0, , , ,0, , , , , , , , , ,2,1,0,0,0,0,0,1,0,0,0,0,0,0,0,0,0,0,0,0,0,0,0,0,0,0,0,0,0,0,0,0,0,0,0,0,0,40.0274,-75.1833, , 
74729,836470,2011090471,6,67,67301,2011,5,3,9999,99,3,1,0,1,1, , ,N,0,0,0,3,0,1,2,2,N,N,39 58:35.299,75 11:21.718,2250, ,2246, ,0, ,N, ,0, , , , , , , , , ,1,1,0,0,0,0,0,0,1,0,0,0,1,1,0,0,0,0,0,0,0,0,0,0,0,0,0,0,0,0,0,0,0,0,0,8,0,39.9765,-75.1894, , 
74730,836477,2011098029,6,67,67301,2011,9,5,143,1,3,2,1,4,1, , ,N,1,2,0,3,0,3,3,2,N,N,39 57:29.663,75 13:23.484,200, ,148, ,0, ,N, ,3, , , , , , , , , ,2,1,0,0,0,0,1,0,0,0,0,0,3,3,0,0,0,0,0,0,0,0,0,0,0,0,0,0,0,0,0,0,0,0,0,8,0,39.9582,-75.2232, , 
74731,836489,2011112939,6,67,67301,2011,10,6,1730,17,4,1,0,1,1, , ,N,0,0,0,3,0,1,2,2,N,N,40 00:28.317,75 04:18.615,1809, ,1733, ,0, ,N, ,0, , , , , , , , , ,2,2,0,0,0,0,0,0,0,0,0,0,1,1,0,0,0,0,0,0,0,0,0,0,0,0,0,0,0,0,0,0,0,0,0,8,0,40.0079,-75.0717, , 
74732,836491,2011113283,6,67,67301,2011,10,1,1155,11,1,1,0,5,1, , ,N,1,3,0,3,0,1,3,4,N, ,39 54:37.990,75 10:37.999,1158, ,1157,9,1,2, , ,3,N, , , , , , , , ,4,4,0,0,0,0,0,0,0,0,1,0,1,0,0,0,0,0,0,0,0,0,0,0,0,0,0,0,0,0,0,0,0,0,0,3,0,39.9106,-75.1772, , 
74733,836498,2011054044,6,67,67301,2011,4,7,1642,16,1,1,0,8,1, , ,N,0,0,0,3,0,1,2,2,N,N,39 55:28.293,75 13:22.803,1700, ,1650, ,0, , , ,0, , , , , , , , , ,1,1,0,0,0,0,0,0,0,0,0,0,1,1,0,0,0,0,0,0,0,0,0,0,0,0,0,0,0,0,0,0,1,0,0,8,0,39.9245,-75.223, , 
74734,836501,2011056884,6,67,67301,2011,5,3,1400,14,1,1,0,1,1, , ,N,0,2,0,3,0,0,2,2,N,N,40 00:25.820,75 04:25.105,1400, ,1400, ,0, ,N, ,3, , , , , , , , , ,2,1,0,0,0,0,1,0,0,0,0,0,0,0,0,0,0,0,0,0,0,0,0,2,0,0,0,0,0,0,0,0,0,0,0,0,0,40.0072,-75.0736, , 
74735,836510,2011068442,6,67,67301,2011,6,3,1555,15,1,1,0,1,6, , ,N,0,0,0,3,0,0,1,2,N,N,40 06:42.360,75 01:43.110,1615, ,1558, ,0, ,N, ,0, , , , , , , , , ,2,1,0,0,1,0,0,0,0,0,0,0,0,0,0,0,0,0,0,0,0,0,0,0,0,0,0,0,0,0,0,0,0,0,0,0,0,40.1118,-75.0286, , 
74736,836515,2011075634,6,67,67301,2011,6,5,2259,22,3,2,1,1,1, , ,N,0,0,3,3,0,1,2,2, , ,39 56:48.390,75 11:12.560,1120, ,2259, ,0, , , ,0, , , , , , , , , ,1,0,0,0,0,0,0,0,1,0,0,1,1,0,0,0,0,0,0,0,0,0,0,0,0,0,0,0,0,0,0,0,0,0,0,4,0,39.9468,-75.1868, , 
74737,836528,2011092048,6,67,67301,2011,8,4,158,1,3,1,0,5,6, , ,N,0,0,0,3,0,0,1,3,N,N,39 59:17.990,75 08:26.680,200, ,158, ,0, , , ,0, , , , , , , , , ,3,2,0,0,0,0,1,0,0,0,0,0,0,0,0,0,0,0,0,0,0,0,0,0,0,0,0,0,0,0,0,0,0,0,0,0,0,39.9883,-75.1407, , 
74738,836533,2011098081,6,67,67301,2011,8,2,1910,19,3,1,0,4,1, , ,N,1,2,0,3,0,1,2,2,N,N,40 03:12.823,75 10:40.715,2110, ,2105, ,0, ,N, ,2, , , , , , , , , ,2,0,1,0,1,0,0,0,0,0,1,0,1,0,1,0,0,0,0,0,0,1,0,0,0,0,0,0,0,0,0,0,0,0,0,3,0,40.0536,-75.178, , 
74739,836544,2011115416,6,67,67301,2011,10,6,1720,17,1,2,1,1,1, , ,N,0,0,0,3,0,1,3,3,N,N,40 00:21.074,75 05:46.116,1845, ,1841,3,2,3,N, ,0,N, , , , , , , , ,3,1,0,0,1,0,1,0,0,0,0,0,1,1,0,0,0,0,0,1,1,0,0,0,0,0,0,0,0,0,0,0,0,0,0,8,0,40.0059,-75.0962, , 
74740,836548,2011118886,6,67,67301,2011,8,2,1120,11,1,1,0,4,1, , ,N,0,0,0,3,0,1,2,2,N,N,39 58:41.507,75 12:08.240,1132, ,1123,1,1,3,N, ,0,N, , , , , , , , ,2,0,0,0,0,1,1,0,0,1,0,0,1,0,0,0,0,0,0,0,1,0,0,0,0,0,0,1,0,0,0,0,0,0,0,2,1,39.9782,-75.2023, , 
74741,836572,2011134811,6,67,67301,2011,12,2,1145,11,1,1,0,4,1, , ,N,1,2,0,3,0,1,2,2,N,N,40 03:45.914,75 03:27.576,1206, ,1205, ,0, , , ,3, , , , , , , , , ,2,2,0,0,0,0,0,0,0,0,0,0,1,1,1,1,0,0,0,0,1,0,0,0,0,0,0,0,0,0,0,0,0,0,0,8,0,40.0628,-75.0577, , 
74742,836575,2011061726,6,67,67301,2011,5,7,1530,15,1,2,1,1,1, , ,N,0,0,0,3,0,1,2,2, , ,40 02:47.734,75 01:54.652,1540, ,1531, ,0, , , ,0, , , , , , , , , ,2,2,0,0,0,0,0,0,0,0,0,0,1,1,0,0,0,0,0,0,1,0,0,0,0,0,0,0,0,0,0,0,0,0,0,8,0,40.0466,-75.0318, , 
74743,836588,2011075801,6,67,67301,2011,6,2,955,9,1,1,0,5,1, , ,N,0,0,0,3,0,3,4,2,N,N,39 58:27.157,75 12:10.957,1026, ,1020, ,0, ,N, ,0, , , , , , , , , ,2,1,0,1,0,0,0,0,0,0,0,3,3,0,0,0,0,0,0,0,0,0,0,0,0,0,0,0,0,0,0,0,0,0,0,4,1,39.9742,-75.203, , 
74744,836595,2011085499,6,67,67301,2011,7,1,1735,17,1,1,0,4,1, , ,N,1,2,0,3,0,7,7,2,N, ,39 56:21.084,75 11:29.990,1750, ,1743, ,0, , , ,3, , , , , , , , , ,2,2,0,0,0,0,0,0,0,2,0,0,7,5,0,0,0,0,0,0,0,0,0,0,0,0,0,2,0,0,0,0,0,0,0,2,0,39.9392,-75.1917, , 
74745,841492,2011068736,6,67,67301,2011,6,6,0,0,3,1,1,7,2, , ,N,0,0,4,3,0,1,1,1, , ,39 55:17.443,75 11:25.766,8, ,4, ,0, , , ,0, , , , , , , , , ,1,1,0,0,0,0,0,0,0,0,0,0,1,1,0,0,0,0,0,0,1,0,0,0,0,0,0,0,0,0,0,0,0,0,0,8,0,39.9215,-75.1905, , 
74746,841503,2011134780,6,67,67301,2011,12,3,1250,12,1,2,1,4,1, , ,N,1,0,0,3,0,3,3,2,N,N,40 05:57.051,75 00:44.384,1310, ,1257, ,0, ,N, ,0, , , , , , , , , ,2,2,0,0,0,0,0,0,0,0,2,1,3,0,0,0,0,0,0,0,1,0,1,0,0,0,0,0,0,0,0,0,0,0,0,3,0,40.0992,-75.0123, , 
74747,841508,2012001992,6,67,67301,2011,12,6,1530,15,1,1,0,1,1, , ,N,0,2,0,3,0,2,4,3,N,N,40 03:05.612,75 10:28.998,1200, ,1200, ,0, ,N, ,3, , , , , , , , , ,3,3,0,0,0,0,0,0,0,0,0,2,2,0,0,0,0,0,0,0,0,0,0,0,0,0,0,0,0,0,0,0,0,0,0,4,0,40.0516,-75.1747, , 
74748,841512,2011112305,6,67,67301,2011,10,4,820,8,1,2,1,7,5, , ,N,0,0,7,3,0,1,1,1,N,N,40 06:29.394,75 02:29.324,824, ,821, ,0, ,N, ,0, , , , , , , , , ,1,1,0,0,0,0,0,0,0,0,0,1,1,0,0,0,0,0,0,0,0,0,0,0,0,0,0,0,0,0,0,0,0,0,0,4,0,40.1082,-75.0415, , 
74749,841521,2011082472,6,67,67301,2011,7,3,1240,12,1,1,0,8,1, , ,N,0,0,0,3,0,1,2,2,N,N,39 59:11.792,75 10:16.730,1250, ,1245, ,0, ,N, ,0, , , , , , , , , ,1,1,0,0,0,0,0,0,0,0,0,1,1,0,0,0,0,0,0,0,0,0,0,0,0,0,0,0,0,0,0,0,1,0,0,4,0,39.9866,-75.1713, , 
74750,841551,2011053472,6,67,67301,2011,4,2,44,0,3,1,0,4,1, , ,N,1,2,0,3,0,1,2,2,N, ,40 03:13.772,75 05:10.794,117, ,115,9,1,7,N, ,3,Y, , , , , , , , ,2,1,0,0,1,0,0,0,0,0,0,1,1,0,1,0,0,0,0,0,0,0,0,0,0,0,0,0,0,0,0,0,0,0,0,4,0,40.0538,-75.0863, , 
74751,841552,2011053541,6,67,67301,2011,4,5,1327,13,1,1,0,2,1, , ,N,2,0,0,3,0,1,3,2,N, ,39 55:51.548,75 14:34.636,1330, ,1329,1,1,1, , ,0,N, , , , , , , , ,2,1,0,0,0,0,1,0,0,0,0,0,1,1,0,0,0,0,0,0,0,0,0,0,0,0,0,0,0,0,0,0,0,0,0,8,0,39.931,-75.243, , 
74752,841553,2011054371,6,67,67301,2011,4,1,1645,16,1,1,0,7,5, , ,N,2,0,0,3,0,1,1,1,N,N,40 04:34.733,75 04:53.754,1705, ,1656,2,1,4,N, ,0,N, , , , , , , , ,1,0,0,0,0,0,0,1,0,0,0,0,1,1,0,0,0,0,0,0,0,0,0,0,0,0,0,0,0,0,0,0,0,0,0,8,0,40.0763,-75.0816, , 
74753,841554,2011056964,6,67,67301,2011,4,1,1945,19,4,1,0,8,1, , ,N,0,0,0,3,0,1,3,2, , ,39 59:04.320,75 09:29.070,1950, ,9999, ,0, , , ,0, , , , , , , , , ,1,0,0,0,0,0,1,0,0,0,1,0,1,0,0,0,0,0,0,0,0,0,0,0,0,0,0,0,0,0,0,0,1,0,0,3,0,39.9845,-75.1581, , 
74754,841560,2011065671,6,67,67301,2011,6,1,2346,23,3,1,0,7,2, , ,N,0,0,0,3,0,1,1,1,N,N,40 00:28.917,75 04:17.304,2349, ,2347,1,1,2,N, ,0,N, , , , , , , , ,1,1,0,0,0,0,0,0,0,0,0,1,1,0,0,0,0,0,0,0,0,0,0,0,0,0,0,0,0,0,0,0,0,0,0,4,0,40.0081,-75.0713, , 
74755,841582,2011061784,6,67,67301,2011,5,7,1141,11,1,1,0,1,1, , ,N,0,0,0,3,0,1,2,2,N,N,40 02:27.236,75 03:58.978,1145, ,1144, ,0, ,N, ,0, , , , , , , , , ,2,0,0,0,0,0,0,1,0,0,0,1,1,0,0,0,0,0,0,0,0,0,0,0,0,0,0,0,0,0,0,0,0,0,0,4,0,40.0409,-75.0664, , 
74756,841583,2011061868,6,67,67301,2011,5,3,1808,18,1,1,0,7,5, , ,N,0,0,0,3,0,1,1,1,N, ,39 56:36.386,75 14:18.331,1839, ,1817, ,0, , , ,0, , , , , , , , , ,1,0,0,0,0,0,0,1,0,0,0,0,1,1,0,0,0,0,0,0,1,0,0,0,0,0,0,0,0,0,0,0,0,0,0,8,0,39.9434,-75.2384, , 
74757,841591,2011070051,6,67,67301,2011,6,2,1558,15,1,1,0,1,1, , ,N,0,0,0,3,0,2,4,3,N,N,39 57:28.551,75 09:44.265,1610, ,1604,1,1,4,N, ,0,N, , , , , , , , ,3,3,0,0,0,0,0,0,0,0,1,1,2,0,0,0,0,0,0,0,0,0,0,0,0,0,0,0,0,0,0,0,0,0,0,3,0,39.9579,-75.1623, , 
74758,841618,2011082653,6,67,67301,2011,7,6,1008,10,1,1,0,4,1, , ,N,2,2,0,3,0,1,3,2,N,N,39 57:21.266,75 12:16.049,1016, ,1008, ,0, ,N, ,3, , , , , , , , , ,2,1,0,0,0,1,0,0,0,0,0,1,1,0,0,0,0,0,0,1,0,0,0,3,0,0,0,0,0,0,0,0,0,0,0,4,1,39.9559,-75.2045, , 
74759,841653,2011053487,6,67,67301,2011,4,3,1940,19,4,1,0,8,5, , ,N,0,0,0,3,0,1,2,2,N,N,40 01:33.646,75 09:33.613,1952, ,1950, ,0, , , ,0, , , , , , , , , ,1,0,0,0,0,0,0,1,0,0,1,0,1,0,1,0,0,0,0,0,0,0,0,0,0,0,0,0,0,0,0,0,1,0,0,3,0,40.026,-75.1593, , 
74760,841654,2011053612,6,67,67301,2011,4,7,9999,99,3,1,0,1,6, , ,N,0,0,0,3,0,0,1,2,N,N,39 59:05.420,75 11:10.250,9999, ,9999, ,0, , , ,0, , , , , , , , , ,2,2,0,0,0,0,0,0,0,0,0,0,0,0,1,0,0,0,0,0,0,0,0,0,0,0,0,0,0,0,0,0,0,0,0,9,0,39.9848,-75.1862, , 
74761,841658,2011058169,6,67,67301,2011,5,2,316,3,3,2,1,7,4, , ,N,0,0,0,3,0,0,1,1,N,N,39 59:33.944,75 12:02.258,330, ,317,2,1,3,N, ,0,N, , , , , , , , ,1,0,0,0,0,0,1,0,0,0,0,0,0,0,0,0,0,0,0,0,1,0,0,0,0,0,0,0,0,0,0,0,0,0,0,0,0,39.9928,-75.2006, , 
74762,841676,2011082560,6,67,67301,2011,7,4,1715,17,1,1,0,2,1, , ,N,1,2,0,3,0,1,3,3,N,N,40 01:50.672,75 11:15.838,1738, ,1716,2,2,1,N, ,3,Y, , , , , , , , ,3,2,0,0,0,0,1,0,0,0,1,0,1,0,0,0,0,0,0,0,0,0,0,0,0,0,0,0,0,0,0,0,0,0,0,3,0,40.0308,-75.1878, , 
74763,829854,2011096578,6,67,67301,2011,9,7,1241,12,1,1,0,7,2, , ,N,0,0,2,3,0,1,1,1,N,N,39 54:38.798,75 08:55.417,1244, ,1242, ,0, ,N, ,0, , , , , , , , , ,1,0,1,0,0,0,0,0,0,0,1,0,1,0,0,0,0,0,0,0,0,0,0,0,0,0,0,0,0,0,0,0,0,0,0,3,0,39.9108,-75.1487, , 
74764,829857,2011098930,6,67,67301,2011,8,6,1240,12,1,1,0,4,1, , ,N,0,1,0,3,0,1,1,2,N,N,40 00:49.089,75 07:27.303,1245, ,1245, ,0, ,N, ,9, , , , , , , , , ,2,2,0,0,0,0,0,0,0,0,0,0,1,1,0,0,0,0,0,0,0,0,0,0,0,0,0,0,0,0,0,0,0,0,0,8,0,40.0136,-75.1243, , 
74765,829875,2011082463,6,67,67301,2011,7,5,1250,12,1,1,0,4,1, , ,N,1,2,0,3,0,3,4,2,N,N,40 00:52.185,75 07:52.121,1310, ,1300, ,0, ,N, ,3, , , , , , , , , ,2,2,0,0,0,0,0,0,0,0,0,3,3,0,1,0,0,0,0,0,1,0,0,1,0,0,0,0,0,0,0,0,0,0,0,4,0,40.0145,-75.1311, , 
74766,829877,2011083357,6,67,67301,2011,7,2,1700,17,1,2,1,7,2, , ,N,0,0,0,3,0,0,1,1,N,N,40 00:34.623,75 11:15.426,1710, ,1708,1,1,2, , ,0,N, , , , , , , , ,1,1,0,0,0,0,0,0,0,0,0,0,0,0,0,0,0,0,0,0,1,0,0,0,0,0,0,0,0,0,0,0,0,0,0,0,0,40.0096,-75.1876, , 
74767,829884,2011087943,6,67,67301,2011,8,4,943,9,1,1,0,8,1,8,8,Y,1,2,0,3,0,1,2,2,N,N,39 58:02.388,75 14:44.990,956,99,951,2,1,4, , ,3,N,U, , ,U, , , , ,1,0,0,0,0,0,1,0,0,0,1,0,1,0,0,0,0,0,0,0,0,0,1,0,0,0,0,0,0,0,0,0,1,0,0,3,0,39.9673,-75.2457, , 