objectid_1,objectid,crn,district,county,municipality,crash_year,crash_month,day_of_week,time_of_day,hour_of_day,illumination,weather,road_condition,collision_type,relation_to_road,work_zone_type,work_zone_loc,work_zone_ind,intersect_type,tcd_type,location_type,urban_rural,fatal_count,injury_count,person_count,total_units,sch_bus_ind,sch_zone_ind,latitude,longitude,arrival_tm,cons_zone_spd_lim,dispatch_tm,est_hrs_closed,lane_closed,ln_close_dir,ntfy_hiwy_maint,spec_juris_cd,tcd_func_cd,tfc_detour_ind,workers_pres,wz_close_detour,wz_flagger,wz_law_offcr_ind,wz_ln_closure,wz_moving,wz_other,wz_shlder_mdn,vehicle_count,automobile_count,motorcycle_count,bus_count,small_truck_count,heavy_truck_count,suv_count,van_count,bicycle_count,maj_inj_count,mod_inj_count,min_inj_count,tot_inj_count,unk_inj_deg_count,unk_inj_per_count,driver_count_16yr,driver_count_17yr,driver_count_18yr,driver_count_19yr,driver_count_20yr,driver_count_50_64yr,driver_count_65_74yr,driver_count_75plus,unbelted_occ_count,unb_death_count,unb_maj_inj_count,belted_death_count,belted_maj_inj_count,mcycle_death_count,mcycle_maj_inj_count,bicycle_death_count,bicycle_maj_inj_count,ped_count,ped_death_count,ped_maj_inj_count,max_severity_level,comm_veh_count,dec_lat,dec_long,rdwy_surf_type_cd,county_name
74836,840832,2012022999,6,67,67301,2011,6,2,1230,12,1,1,0,1,1, , ,N,1,2,0,3,0,2,3,2,N,N,39 56:48.468,75 14:09.053,0, ,0, ,0, ,N, ,3, , , , , , , , , ,2,2,0,0,0,0,0,0,0,0,1,0,2,1,1,0,0,0,0,0,0,0,0,0,0,0,0,0,0,0,0,0,0,0,0,3,0,39.9468,-75.2358, , 
74837,830089,2011125512,6,67,67301,2011,12,5,615,6,5,1,0,1,1, , ,N,0,0,0,3,0,0,2,2,N,N,39 53:20.630,75 14:28.137,627, ,618,3,1,2,N, ,0,N, , , , , , , , ,2,1,0,0,1,0,0,0,0,0,0,0,0,0,0,0,0,0,0,0,0,0,0,0,0,0,0,0,0,0,0,0,0,0,0,0,0,39.8891,-75.2411, , 
74838,830101,2011088006,6,67,67301,2011,8,3,2040,20,4,1,0,4,1, , ,N,0,0,0,3,0,1,3,2,N,N,39 55:15.673,75 13:44.113,2045, ,2040,2,1,6,N, ,0,Y, , , , , , , , ,2,1,1,0,0,0,0,0,0,0,0,1,1,0,0,0,0,1,0,0,0,0,0,0,0,0,0,0,0,0,0,0,0,0,0,4,0,39.921,-75.2289, , 
74839,830125,2011066034,6,67,67301,2011,5,7,1333,13,1,1,0,4,4, , ,N,5,0,0,3,0,1,5,2,N,N,40 01:29.110,75 08:58.358,1340, ,1333, ,0, ,N, ,0, , , , , , , , , ,2,1,1,0,0,0,0,0,0,0,1,0,1,0,0,0,0,0,0,0,0,0,0,0,0,0,0,0,0,0,0,0,0,0,0,3,0,40.0248,-75.1495, , 
74840,830129,2011070050,6,67,67301,2011,6,2,750,7,1,1,0,1,1, , ,N,0,0,0,3,0,2,4,3,N,N,39 56:48.976,75 11:16.982,759, ,752,1,1,4,N, ,0,N, , , , , , , , ,3,3,0,0,0,0,0,0,0,0,0,2,2,0,0,0,0,0,0,0,0,0,0,1,0,0,0,0,0,0,0,0,0,0,0,4,0,39.9469,-75.1881, , 
74841,830140,2011082116,6,67,67301,2011,7,6,1412,14,1,1,0,1,1, , ,N,0,0,0,3,0,1,2,2,N,N,39 56:15.837,75 11:53.857,1430, ,1415,1,2,4,N, ,0,N, , , , , , , , ,2,1,0,0,0,0,0,1,0,0,0,0,1,1,0,0,0,0,0,0,1,0,0,0,0,0,0,0,0,0,0,0,0,0,0,8,0,39.9368,-75.1991, , 
74842,830141,2011082552,6,67,67301,2011,7,3,2146,21,3,1,0,5,1, , ,N,1,0,0,3,0,0,3,3,N,N,40 06:15.759,75 00:08.105,2150, ,2147,1,1,2,N, ,0,N, , , , , , , , ,3,2,0,0,0,0,0,1,0,0,0,0,0,0,0,0,0,0,1,0,0,0,0,0,0,0,0,0,0,0,0,0,0,0,0,0,0,40.1044,-75.0023, , 
74843,830148,2011090452,6,67,67301,2011,8,6,2100,21,3,1,0,7,5, , ,N,0,0,0,3,0,0,1,1,N,N,40 00:58.122,75 10:33.675,2136, ,2120, ,0, , , ,0, , , , , , , , , ,1,1,0,0,0,0,0,0,0,0,0,0,0,0,0,0,0,0,0,0,0,0,0,0,0,0,0,0,0,0,0,0,0,0,0,0,0,40.0161,-75.176, , 
74844,830153,2011115438,6,67,67301,2011,10,4,600,6,3,2,1,0,9, , ,N,1,0,0,3,0,1,1,1,N,N,39 57:54.150,75 13:29.723,625, ,619, ,0, ,N, ,0, , , , , , , , , ,1,0,1,0,0,0,0,0,0,0,1,0,1,0,0,0,0,0,0,0,1,0,0,0,0,0,0,0,0,0,0,0,0,0,0,3,0,39.9649,-75.2246, , 
74845,830154,2011115490,6,67,67301,2011,10,1,1013,10,1,1,0,4,1, , ,N,1,1,0,3,0,2,3,2,N,N,39 55:19.930,75 13:49.176,1111, ,1108,3,1,5,N, ,3,Y, , , , , , , , ,2,1,0,0,0,0,0,1,0,1,1,0,2,0,0,0,0,0,0,0,0,1,0,0,0,0,0,0,0,0,0,0,0,0,0,2,0,39.9222,-75.2303, , 
74846,830178,2011080708,6,67,67301,2011,7,7,2025,20,3,1,0,7,2, , ,N,0,0,2,3,0,1,1,1,N,N,39 54:37.842,75 08:58.051,2032, ,2027,1,2,1,N, ,0,N, , , , , , , , ,1,1,0,0,0,0,0,0,0,0,0,1,1,0,0,0,0,0,0,0,1,0,0,0,0,0,0,0,0,0,0,0,0,0,0,4,0,39.9105,-75.1495, , 
74847,830183,2011082459,6,67,67301,2011,7,5,1525,15,1,1,0,4,1, , ,N,1,2,0,3,0,2,2,2,N,N,40 04:15.522,75 02:16.209,1537, ,1526,1,2,1,N, ,3,N, , , , , , , , ,2,1,0,0,0,0,1,0,0,0,0,2,2,0,0,0,0,0,0,0,0,0,0,0,0,0,0,0,0,0,0,0,0,0,0,4,0,40.0711,-75.038, , 
74848,830184,2011082622,6,67,67301,2011,6,4,845,8,1,1,0,4,1, , ,N,0,0,7,3,0,1,2,2,N,N,40 02:41.229,75 07:18.906,855, ,850,1,2,3,N, ,0,N, , , , , , , , ,2,1,0,0,0,0,1,0,0,0,0,0,1,1,0,0,0,0,0,0,0,0,0,0,0,0,0,0,0,0,0,0,0,0,0,8,0,40.0448,-75.1219, , 
74849,830212,2011100706,6,67,67301,2011,9,4,1630,16,1,1,0,1,1, , ,N,2,3,7,3,0,3,4,2,N,N,39 59:37.571,75 09:11.648,1638, ,1630, ,0, , , ,3, , , , , , , , , ,2,1,0,0,0,0,0,1,0,0,0,3,3,0,0,0,0,0,0,1,0,0,1,0,0,0,0,0,0,0,0,0,0,0,0,4,0,39.9938,-75.1532, , 
74850,830213,2011100836,6,67,67301,2011,9,3,1830,18,1,2,1,1,1, , ,N,1,2,0,3,0,1,2,2,N,N,40 02:54.851,75 05:13.124,1850, ,1834, ,0, , , ,3, , , , , , , , , ,2,2,0,0,0,0,0,0,0,0,0,0,1,1,0,0,0,0,0,0,0,1,0,0,0,0,0,0,0,0,0,0,0,0,0,8,0,40.0486,-75.087, , 
74851,830233,2011061834,6,67,67301,2011,5,3,1210,12,1,2,1,4,1, , ,N,0,0,7,3,0,4,4,2,N,N,40 00:11.881,75 09:57.996,1230, ,1216, ,0, ,N, ,0, , , , , , , , , ,2,2,0,0,0,0,0,0,0,0,0,3,4,1,0,0,0,0,0,0,0,0,0,0,0,0,0,0,0,0,0,0,0,0,0,4,0,40.0033,-75.1661, , 
74852,830234,2011064094,6,67,67301,2011,5,2,1935,19,1,1,0,4,1, , ,N,2,0,0,3,0,1,1,3,N,N,40 04:16.331,75 09:16.364,1938, ,1937, ,0, ,N, ,0, , , , , , , , , ,3,3,0,0,0,0,0,0,0,0,0,1,1,0,0,0,0,0,0,0,0,0,0,0,0,0,0,0,0,0,0,0,0,0,0,4,0,40.0712,-75.1545, , 
74853,830237,2011066160,6,67,67301,2011,5,6,1424,14,1,1,0,4,1, , ,N,1,2,0,3,0,1,2,2,N,N,40 03:27.061,75 08:57.497,1429, ,1424, ,0, ,N, ,3, , , , , , , , , ,2,2,0,0,0,0,0,0,0,0,0,1,1,0,0,0,0,0,0,0,0,0,0,0,0,0,0,0,0,0,0,0,0,0,0,4,0,40.0575,-75.1493, , 
74854,830257,2011085497,6,67,67301,2011,7,6,1420,14,1,1,0,5,1, , ,N,0,0,0,3,0,1,1,3,N,N,40 00:02.030,75 07:13.196,1423, ,1420, ,0, ,N, ,0, , , , , , , , , ,3,2,1,0,0,0,0,0,0,0,0,1,1,0,0,0,0,0,0,1,0,0,0,0,0,0,0,0,0,0,0,0,0,0,0,4,0,40.0006,-75.1203, , 
74855,833476,2011087945,6,67,67301,2011,8,2,9999,99,1,1,0,4,1, , ,N,1,2,0,3,0,1,2,2,N, ,39 55:34.561,75 11:03.741,1640, ,1635, ,0, , , ,3, , , , , , , , , ,1,0,0,0,1,0,0,0,1,0,0,1,1,0,0,0,0,0,0,0,0,0,0,1,0,0,0,0,0,0,0,0,0,0,0,4,0,39.9263,-75.1844, , 
74856,833550,2011047032,6,67,67301,2011,4,1,319,3,3,1,0,4,1, , ,N,1,2,0,3,0,5,5,2,N, ,39 59:42.186,75 09:47.474,325, ,321, ,0, ,N, ,3, , , , , , , , , ,2,1,0,0,0,0,1,0,0,0,5,0,5,0,0,0,0,0,0,0,0,0,0,0,0,0,0,0,0,0,0,0,0,0,0,3,0,39.9951,-75.1632, , 
74857,833566,2011055744,6,67,67301,2011,4,7,2035,20,2,1,0,5,1, , ,N,0,0,6,3,0,4,5,2,N,N,40 01:30.832,75 07:26.981,2051, ,2039,1,1,1,N, ,0,N, , , , , , , , ,2,1,0,0,0,0,0,1,0,0,0,4,4,0,0,0,0,0,0,0,0,0,0,0,0,0,0,0,0,0,0,0,0,0,0,4,0,40.0252,-75.1244, , 
74858,833574,2011092874,6,67,67301,2011,8,7,1150,11,1,1,0,4,1, , ,N,1,2,0,3,0,4,4,3,N,N,40 02:17.896,75 04:31.313,1158, ,1156, ,0, ,N, ,3, , , , , , , , , ,3,3,0,0,0,0,0,0,0,0,0,0,4,4,0,0,0,0,0,1,0,0,0,0,0,0,0,0,0,0,0,0,0,0,0,8,0,40.0383,-75.0754, , 
74859,833575,2011093041,6,67,67301,2011,8,2,0,0,3,1,1,7,4, , ,N,0,8,1,3,0,0,1,1,N, ,40 00:00.047,75 11:21.414,210, ,155,6,2,5, , ,3,Y, , , , , , , , ,1,0,0,0,0,1,0,0,0,0,0,0,0,0,0,0,0,0,0,0,0,0,0,0,0,0,0,0,0,0,0,0,0,0,0,0,1,40,-75.1893, , 
74860,833582,2011100885,6,67,67301,2011,9,4,2100,21,3,9,0,8,4, , ,N,1,0,0,3,0,1,2,2,N,N,40 01:21.651,75 08:45.815,1940, ,1933, ,0, ,N, ,0, , , , , , , , , ,1,1,0,0,0,0,0,0,0,0,0,1,1,0,1,0,0,0,0,0,0,0,0,1,0,0,0,0,0,0,0,0,1,0,0,4,0,40.0227,-75.1461, , 
74861,833590,2011105660,6,67,67301,2011,10,3,50,0,3,1,0,1,1, , ,N,6,0,2,3,0,0,2,2,N,N,39 56:44.167,75 11:25.033,610, ,600,1,1,3,N, ,0,N, , , , , , , , ,2,2,0,0,0,0,0,0,0,0,0,0,0,0,0,0,0,0,0,0,0,0,0,0,0,0,0,0,0,0,0,0,0,0,0,0,0,39.9456,-75.1903, , 
74862,833603,2011054275,6,67,67301,2011,4,3,1641,16,1,2,1,4,1, , ,N,1,2,0,3,0,1,3,2,N,N,40 03:34.246,75 03:07.165,1650, ,1641, ,0, ,N, ,3, , , , , , , , , ,2,1,0,0,0,0,0,1,0,0,0,1,1,0,1,0,0,0,0,0,1,0,0,0,0,0,0,0,0,0,0,0,0,0,0,4,0,40.0595,-75.052, , 
74863,833607,2011060477,6,67,67301,2011,6,6,535,5,5,1,0,6,1, , ,N,1,2,0,3,0,0,2,2,N,N,40 03:16.326,75 01:40.889,615, ,540, ,0, ,N, ,3, , , , , , , , , ,2,1,0,0,0,0,0,1,0,0,0,0,0,0,0,0,0,0,0,0,0,0,0,0,0,0,0,0,0,0,0,0,0,0,0,0,0,40.0545,-75.028, , 
74864,833615,2011057013,6,67,67301,2011,5,4,1900,19,1,1,1,8,1, , ,N,1,2,0,3,0,0,2,2,N,N,40 02:25.213,75 00:55.422,1959, ,1957, ,0, ,N, ,3, , , , , , , , , ,1,1,0,0,0,0,0,0,0,0,0,0,0,0,1,0,0,0,0,0,0,0,0,0,0,0,0,0,0,0,0,0,1,0,0,9,0,40.0403,-75.0154, , 
74865,833637,2011073317,6,67,67301,2011,6,6,2135,21,3,1,0,1,1, , ,N,0,0,0,3,0,1,2,2,N,N,40 00:28.711,75 04:22.189,2155, ,2145, ,0, ,N, ,0, , , , , , , , , ,2,0,1,0,0,0,1,0,0,1,0,0,1,0,1,0,0,0,0,0,1,0,0,0,0,0,0,0,0,1,0,0,0,0,0,2,0,40.008,-75.0728, , 
74866,833638,2011073319,6,67,67301,2011,6,5,1530,15,1,1,0,1,1, , ,N,2,2,0,3,0,1,3,2,N,N,40 04:32.860,75 00:03.437,1545, ,1538, ,0, ,N, ,3, , , , , , , , , ,2,1,0,0,0,0,0,1,0,0,0,1,1,0,0,0,0,0,0,0,0,0,0,0,0,0,0,0,0,0,0,0,0,0,0,4,0,40.0758,-75.001, , 
74867,833646,2011082620,6,67,67301,2011,7,2,1720,17,1,1,0,2,1, , ,N,1,2,0,3,0,1,2,2,N, ,40 05:04.128,74 58:25.148,1722, ,1722, ,0, , , ,2, , , , , , , , , ,2,2,0,0,0,0,0,0,0,0,0,0,1,1,0,0,0,1,0,0,0,0,0,0,0,0,0,0,0,0,0,0,0,0,0,8,0,40.0845,-74.9737, , 
74868,833656,2011075759,6,67,67301,2011,6,4,910,9,1,1,0,8,1, , ,N,0,0,0,3,0,1,2,2,N,N,39 57:02.865,75 12:20.808,930, ,915, ,0, ,N, ,0, , , , , , , , , ,1,1,0,0,0,0,0,0,0,0,0,1,1,0,0,0,0,0,0,0,0,0,0,0,0,0,0,0,0,0,0,0,1,0,0,4,0,39.9508,-75.2058, , 
74869,833675,2011054037,6,67,67301,2011,4,7,641,6,5,2,1,7,4, , ,N,0,0,0,3,0,1,1,1,N,N,39 59:50.582,75 07:38.805,641, ,641, ,0, ,N, ,0, , , , , , , , , ,1,1,0,0,0,0,0,0,0,0,0,0,1,1,0,0,0,0,0,0,0,0,0,1,0,0,0,0,0,0,0,0,0,0,0,8,0,39.9974,-75.1274, , 
74870,833684,2011064109,6,67,67301,2011,5,6,2255,22,3,1,0,4,1, , ,N,1,2,0,3,0,3,3,2,N,N,40 02:34.612,75 07:11.211,25, ,23,9,1,2,N, ,3,N, , , , , , , , ,2,2,0,0,0,0,0,0,0,0,0,3,3,0,0,0,0,0,0,0,0,0,0,0,0,0,0,0,0,0,0,0,0,0,0,4,0,40.0429,-75.1198, , 
74871,833685,2011066185,6,67,67301,2011,6,7,1934,19,1,1,0,1,1, , ,N,0,2,0,3,0,3,9,6,N,N,40 01:34.609,75 07:15.082,1939, ,1936,2,2,4,N, ,3,Y, , , , , , , , ,6,6,0,0,0,0,0,0,0,0,0,2,3,1,0,0,0,0,2,0,0,0,0,0,0,0,0,0,0,0,0,0,0,0,0,4,0,40.0263,-75.1206, , 
74872,833689,2011068507,6,67,67301,2011,6,1,1427,14,1,1,0,4,1, , ,N,1,0,0,3,0,2,2,2,N,N,40 02:22.401,75 05:03.893,1435, ,1430, ,0, , , ,0, , , , , , , , , ,2,1,0,0,0,0,1,0,0,0,0,0,2,2,0,0,0,0,0,1,1,0,0,0,0,0,0,0,0,0,0,0,0,0,0,8,0,40.0396,-75.0844, , 
74873,836768,2012005016,6,67,67301,2011,12,6,201,2,3,1,0,1,2, , ,N,0,0,0,3,0,0,1,2,N, ,40 06:54.835,75 01:46.948,201, ,201, ,0, , , ,0, , , , , , , , , ,2,2,0,0,0,0,0,0,0,0,0,0,0,0,0,0,0,0,0,0,0,0,0,0,0,0,0,0,0,0,0,0,0,0,0,0,0,40.1152,-75.0297, , 
74874,836769,2012020979,6,67,67301,2011,1,6,1130,11,1,1,0,4,1, , ,N,1,2,0,3,0,1,2,2,N,N,40 00:52.790,75 07:51.570,0, ,0, ,0, ,N, ,3, , , , , , , , , ,2,1,0,0,1,0,0,0,0,0,0,0,1,1,0,0,0,0,0,0,0,0,0,0,0,0,0,0,0,0,0,0,0,0,0,8,0,40.0147,-75.131, , 
74875,836772,2012032641,6,67,67301,2011,12,4,1737,17,3,1,0,2,1, , ,N,1,2,0,3,0,1,2,2,N,N,40 02:04.103,75 04:55.728,2012, ,2003, ,0, , , ,3, , , , , , , , , ,2,2,0,0,0,0,0,0,0,0,0,1,1,0,0,0,0,0,0,0,0,0,0,1,0,0,0,0,0,0,0,0,0,0,0,4,0,40.0345,-75.0821, , 
74876,836820,2011073266,6,67,67301,2011,6,4,2040,20,2,1,0,1,1, , ,N,0,0,7,3,0,3,7,2,N,N,40 02:18.472,75 02:09.907,2134, ,2040, ,0, , , ,0, , , , , , , , , ,2,2,0,0,0,0,0,0,0,0,0,0,3,3,0,0,0,0,0,0,0,1,0,0,0,0,0,0,0,0,0,0,0,0,0,8,0,40.0385,-75.0361, , 
74877,836823,2011075747,6,67,67301,2011,5,3,1140,11,1,1,0,4,1, , ,N,2,3,0,3,0,0,2,2,N,N,39 54:26.334,75 13:41.041,9999, ,1140, ,0, ,N, ,3, , , , , , , , , ,2,1,0,0,1,0,0,0,0,0,0,0,0,0,2,0,0,0,0,0,0,0,1,0,0,0,0,0,0,0,0,0,0,0,0,9,0,39.9073,-75.2281, , 
74878,836824,2011075826,6,67,67301,2011,6,2,2332,23,3,1,0,4,1, , ,N,1,3,0,3,0,1,2,2,N,N,39 55:58.245,75 09:27.269,1, ,2352, ,0, ,N, ,3, , , , , , , , , ,2,2,0,0,0,0,0,0,0,0,0,0,1,1,0,0,0,0,0,0,0,0,1,0,0,0,0,0,0,0,0,0,0,0,0,8,0,39.9328,-75.1576, , 
74879,836830,2011082662,6,67,67301,2011,7,7,1450,14,1,1,0,4,1, , ,N,1,2,0,3,0,0,2,2,N,N,39 55:05.700,75 12:32.987,1545, ,1541, ,0, ,N, ,3, , , , , , , , , ,2,2,0,0,0,0,0,0,0,0,0,0,0,0,1,0,0,0,0,0,0,1,0,1,0,0,0,0,0,0,0,0,0,0,0,9,0,39.9181,-75.21, , 
74880,836834,2011090568,6,67,67301,2011,7,1,2113,21,3,1,0,1,1, , ,N,0,0,0,3,0,2,2,2,N,N,39 59:54.619,75 08:00.096,2113, ,2113, ,0, ,N, ,0, , , , , , , , , ,2,1,0,0,0,0,0,1,0,0,0,1,2,1,0,0,0,0,0,0,0,0,0,0,0,0,0,0,0,0,0,0,0,0,0,4,0,39.9985,-75.1334, , 
74881,836835,2011090577,6,67,67301,2011,8,5,750,7,1,2,1,4,1, , ,N,1,2,0,3,0,4,4,2,N,N,40 01:53.151,75 09:17.114,755, ,753,1,1,3,N, ,3,N, , , , , , , , ,2,2,0,0,0,0,0,0,0,0,0,4,4,0,0,0,0,0,0,0,0,0,0,0,0,0,0,0,0,0,0,0,0,0,0,4,0,40.0314,-75.1548, , 
74882,836859,2011134801,6,67,67301,2011,11,2,1400,14,1,1,0,7,3, , ,N,2,0,0,3,0,2,3,2,N,N,40 00:51.217,75 04:06.552,1430, ,9999, ,0, ,N, ,0, , , , , , , , , ,2,1,0,0,0,0,1,0,0,0,1,1,2,0,0,0,0,0,0,0,1,0,0,0,0,0,0,0,0,0,0,0,0,0,0,3,0,40.0142,-75.0685, , 
74883,836890,2011115376,6,67,67301,2011,10,7,1608,16,1,1,0,8,1, , ,N,0,0,0,3,0,1,2,2,N,N,40 01:38.443,75 06:29.572,1721, ,1720, ,0, ,N, ,0, , , , , , , , , ,1,1,0,0,0,0,0,0,0,0,0,0,1,1,0,0,0,0,0,0,0,0,0,0,0,0,0,0,0,0,0,0,1,0,0,8,0,40.0273,-75.1082, , 
74884,836892,2011117822,6,67,67301,2011,10,3,925,9,1,1,0,1,1, , ,N,3,2,0,3,0,1,2,2,N,N,39 56:58.586,75 11:58.815,933, ,930,9,2,7,N, ,3,Y, , , , , , , , ,2,2,0,0,0,0,0,0,0,0,0,1,1,0,0,0,0,0,0,0,0,0,0,2,0,0,0,0,0,0,0,0,0,0,0,4,0,39.9496,-75.1997, , 
74885,836905,2011106751,6,67,67301,2011,9,3,1831,18,3,2,1,7,2, , ,N,0,0,0,3,0,2,2,2,N,N,40 02:31.817,75 00:14.303,1855, ,1835, ,0, ,N, ,0, , , , , , , , , ,2,1,0,0,0,0,1,0,0,0,0,0,2,2,0,0,0,0,0,0,0,0,0,0,0,0,0,0,0,0,0,0,0,0,0,8,0,40.0422,-75.004, , 
74886,836917,2011112100,6,67,67301,2011,10,2,1744,17,1,1,0,4,1, , ,N,1,3,0,3,0,1,2,2,N,N,39 58:30.374,75 14:00.308,1840, ,1821, ,0, ,N, ,3, , , , , , , , , ,2,1,0,0,0,0,0,1,0,0,0,0,1,1,0,0,0,0,0,0,0,0,0,0,0,0,0,0,0,0,0,0,0,0,0,8,0,39.9751,-75.2334, , 
74887,836928,2011056943,6,67,67301,2011,5,2,1905,19,1,1,0,4,1, , ,N,0,0,7,3,0,1,2,2, , ,40 01:53.405,75 06:21.420,1930, ,1915, ,0, , , ,0, , , , , , , , , ,1,1,0,0,0,0,0,0,1,0,0,1,1,0,1,0,0,0,0,0,0,0,0,0,0,0,0,0,0,0,0,0,0,0,0,4,0,40.0315,-75.106, , 
74888,836933,2011068493,6,67,67301,2011,6,4,2000,20,1,1,0,8,1, , ,N,0,0,0,3,0,1,2,2,N,N,39 57:28.918,75 14:00.581,2114, ,2105, ,0, ,N, ,0, , , , , , , , , ,1,1,0,0,0,0,0,0,0,0,1,0,1,0,0,0,0,0,0,0,0,0,0,0,0,0,0,0,0,0,0,0,1,0,0,3,0,39.958,-75.2335, , 
74889,836939,2011075807,6,67,67301,2011,6,6,1051,10,1,1,0,6,1, , ,N,1,3,0,3,0,1,4,2, , ,39 56:39.592,75 13:51.478,1052, ,1051, ,0, , , ,3, , , , , , , , , ,2,1,0,0,1,0,0,0,0,0,0,1,1,0,0,0,0,0,0,1,0,0,0,0,0,0,0,0,0,0,0,0,0,0,0,4,0,39.9443,-75.231, , 
74890,836960,2011067278,6,67,67301,2011,6,5,1650,16,1,1,0,1,1, , ,N,0,0,0,3,0,0,2,2,N,N,40 00:51.990,75 03:18.581,1654, ,1654,1,1,1,N, ,0,N, , , , , , , , ,2,2,0,0,0,0,0,0,0,0,0,0,0,0,0,0,0,0,1,0,0,0,0,0,0,0,0,0,0,0,0,0,0,0,0,0,0,40.0144,-75.0553, , 
74891,840835,2011122752,6,67,67301,2011,4,1,2130,21,3,1,0,8,1, , ,N,1,2,0,3,0,1,2,2,N,N,39 58:48.797,75 09:27.327,9999, ,9999, ,0, ,N, ,2, , , , , , , , , ,1,1,0,0,0,0,0,0,0,0,1,0,1,0,0,0,0,0,0,0,0,0,0,1,0,0,0,0,0,0,0,0,1,0,0,3,0,39.9802,-75.1575, , 
74892,840836,2011122763,6,67,67301,2011,10,2,1035,10,1,1,0,1,1, , ,N,0,0,0,3,0,1,2,2,N, ,40 07:11.064,75 00:32.112,1050, ,1039, ,0, , , ,0, , , , , , , , , ,2,2,0,0,0,0,0,0,0,0,0,0,1,1,0,0,0,0,0,0,1,0,0,0,0,0,0,0,0,0,0,0,0,0,0,8,0,40.1197,-75.0089, , 
74893,840839,2011127083,6,67,67301,2011,11,1,9999,99,3,1,0,1,1, , ,N,0,0,0,3,0,3,8,2,N,N,40 03:03.499,75 07:06.095,1850, ,1846, ,0, ,N, ,0, , , , , , , , , ,2,1,0,0,0,0,0,1,0,0,0,3,3,0,0,0,0,0,0,0,0,0,0,0,0,0,0,0,0,0,0,0,0,0,0,4,0,40.051,-75.1184, , 
74894,840850,2011075757,6,67,67301,2011,6,2,1243,12,1,1,0,1,1, , ,N,1,2,0,3,0,2,5,3,N,N,40 02:02.361,75 04:27.863,1246, ,1243,1,1,4,N, ,3,N, , , , , , , , ,3,1,0,0,0,0,1,1,0,0,0,1,2,1,3,0,0,0,0,0,0,0,0,0,0,0,0,0,0,0,0,0,0,0,0,4,0,40.034,-75.0744, , 
74895,840851,2011076590,6,67,67301,2011,6,3,1631,16,1,1,1,8,1, , ,N,2,0,0,3,0,1,2,2,N,N,39 59:53.728,75 06:22.827,1635, ,1632, ,0, , , ,0, , , , , , , , , ,1,1,0,0,0,0,0,0,0,0,0,1,1,0,0,0,0,0,0,0,0,0,0,0,0,0,0,0,0,0,0,0,1,0,0,4,0,39.9983,-75.1063, , 
74896,840854,2011056924,6,67,67301,2011,5,1,249,2,3,2,1,7,2, , ,N,2,0,0,3,0,0,3,1,N,N,40 08:03.616,75 00:33.107,252, ,249, ,0, , , ,0, , , , , , , , , ,1,1,0,0,0,0,0,0,0,0,0,0,0,0,0,0,0,0,0,0,0,0,0,0,0,0,0,0,0,0,0,0,0,0,0,0,0,40.1343,-75.0091, , 
74897,840863,2011066064,6,67,67301,2011,5,7,1359,13,1,1,0,4,1, , ,N,1,2,0,3,0,0,4,2, , ,39 57:28.586,75 09:50.892,1610, ,1608, ,0, , , ,3, , , , , , , , , ,2,1,0,0,0,0,0,1,0,0,0,0,0,0,1,0,0,0,0,0,0,0,0,1,0,0,0,0,0,0,0,0,0,0,0,9,0,39.9579,-75.1641, , 
74898,840879,2011095517,6,67,67301,2011,8,5,1156,11,1,1,0,5,1, , ,N,0,0,0,3,0,1,2,2,N, ,39 57:06.056,75 09:55.662,1210, ,1156, ,0, , , ,0, , , , , , , , , ,2,1,0,0,0,1,0,0,0,0,0,0,1,1,0,0,0,0,0,0,0,0,0,1,0,0,0,0,0,0,0,0,0,0,0,8,1,39.9517,-75.1655, , 
74899,840892,2011037925,6,67,67301,2011,3,2,1820,18,1,1,0,6,1, , ,N,1,3,0,3,0,1,2,2, , ,40 00:23.619,75 06:20.851,2220, ,2220, ,0, , , ,9, , , , , , , , , ,2,1,0,0,0,0,1,0,0,0,0,0,1,1,0,0,0,0,0,0,0,0,0,0,0,0,0,0,0,0,0,0,0,0,0,8,0,40.0066,-75.1058, , 
74900,840917,2011109537,6,67,67301,2011,10,3,1055,10,1,1,0,1,1, , ,N,0,0,0,3,0,3,5,3,N,N,39 57:53.501,75 11:07.429,1105, ,1057,1,1,3,N, ,0,N, , , , , , , , ,3,2,0,0,0,0,1,0,0,0,0,3,3,0,0,0,0,0,0,0,2,0,0,0,0,0,0,0,0,0,0,0,0,0,0,4,0,39.9649,-75.1854, , 
74901,840919,2011112221,6,67,67301,2011,10,6,1925,19,3,1,0,4,1, , ,N,1,2,0,3,0,1,5,2,N, ,40 02:08.240,75 04:13.971,1928, ,1928,1,1,2, , ,3,Y, , , , , , , , ,2,1,0,1,0,0,0,0,0,0,0,0,1,1,0,0,0,0,0,0,0,0,1,0,0,0,0,0,0,0,0,0,0,0,0,8,1,40.0356,-75.0705, , 
74902,840942,2011093752,6,67,67301,2011,8,3,1420,14,1,1,0,4,1, , ,N,2,0,7,3,0,1,3,2,N,N,40 01:47.552,75 03:20.481,1425, ,1425, ,0, ,N, ,0, , , , , , , , , ,2,1,0,0,0,0,1,0,0,0,0,1,1,0,1,0,0,0,0,0,0,0,0,0,0,0,0,0,0,0,0,0,0,0,0,4,0,40.0298,-75.0556, , 