objectid_1,objectid,crn,district,county,municipality,crash_year,crash_month,day_of_week,time_of_day,hour_of_day,illumination,weather,road_condition,collision_type,relation_to_road,work_zone_type,work_zone_loc,work_zone_ind,intersect_type,tcd_type,location_type,urban_rural,fatal_count,injury_count,person_count,total_units,sch_bus_ind,sch_zone_ind,latitude,longitude,arrival_tm,cons_zone_spd_lim,dispatch_tm,est_hrs_closed,lane_closed,ln_close_dir,ntfy_hiwy_maint,spec_juris_cd,tcd_func_cd,tfc_detour_ind,workers_pres,wz_close_detour,wz_flagger,wz_law_offcr_ind,wz_ln_closure,wz_moving,wz_other,wz_shlder_mdn,vehicle_count,automobile_count,motorcycle_count,bus_count,small_truck_count,heavy_truck_count,suv_count,van_count,bicycle_count,maj_inj_count,mod_inj_count,min_inj_count,tot_inj_count,unk_inj_deg_count,unk_inj_per_count,driver_count_16yr,driver_count_17yr,driver_count_18yr,driver_count_19yr,driver_count_20yr,driver_count_50_64yr,driver_count_65_74yr,driver_count_75plus,unbelted_occ_count,unb_death_count,unb_maj_inj_count,belted_death_count,belted_maj_inj_count,mcycle_death_count,mcycle_maj_inj_count,bicycle_death_count,bicycle_maj_inj_count,ped_count,ped_death_count,ped_maj_inj_count,max_severity_level,comm_veh_count,dec_lat,dec_long,rdwy_surf_type_cd,county_name
74903,840945,2011095488,6,67,67301,2011,8,6,507,5,3,2,1,7,3, , ,N,2,1,0,3,0,1,1,3,N,N,39 57:17.817,75 11:01.772,510, ,507, ,0, ,N, ,3, , , , , , , , , ,3,2,0,0,1,0,0,0,0,0,0,0,1,1,0,0,0,0,0,0,0,0,0,0,0,0,0,0,0,0,0,0,0,0,0,8,0,39.9549,-75.1838, , 
74904,840952,2011104092,6,67,67301,2011,9,1,1600,16,1,1,0,1,1, , ,N,0,0,0,3,0,1,8,5,N,N,39 56:09.752,75 11:58.871,1610, ,1603, ,0, ,N, ,0, , , , , , , , , ,5,2,0,0,0,0,3,0,0,0,1,0,1,0,0,0,1,0,0,0,2,0,0,0,0,0,0,0,0,0,0,0,0,0,0,3,0,39.9345,-75.2, , 
74905,840953,2011104113,6,67,67301,2011,10,4,1843,18,3,2,1,1,1, , ,N,7,2,2,3,0,0,4,3,N,N,39 57:34.701,75 10:51.774,1854, ,1845,1,2,3,N, ,3,N, , , , , , , , ,3,0,0,0,0,0,3,0,0,0,0,0,0,0,0,0,0,0,0,0,2,0,0,1,0,0,0,0,0,0,0,0,0,0,0,0,0,39.9596,-75.181, , 
74906,840956,2011068393,6,67,67301,2011,6,3,2035,20,1,1,0,1,1, , ,N,1,2,0,3,0,0,2,2,N,N,39 54:14.563,75 14:24.409,2111, ,2108, ,0, ,N, ,3, , , , , , , , , ,2,2,0,0,0,0,0,0,0,0,0,0,0,0,0,0,0,0,0,1,0,0,0,0,0,0,0,0,0,0,0,0,0,0,0,0,0,39.904,-75.2401, , 
74907,840968,2011075633,6,67,67301,2011,6,1,1235,12,1,1,0,4,1, , ,N,2,3,0,3,0,1,2,2,Y,N,39 56:14.971,75 11:36.988,1237, ,1236, ,0, ,N, ,3, , , , , , , , , ,1,0,0,1,0,0,0,0,1,0,0,1,1,0,1,0,0,0,0,0,0,0,0,0,0,0,0,0,0,0,0,0,0,0,0,4,1,39.9375,-75.1936, , 
74908,840969,2011075723,6,67,67301,2011,6,3,1540,15,1,1,0,4,1, , ,N,1,3,0,3,0,1,2,2, , ,39 58:56.426,75 07:36.268,1555, ,1546, ,0, , , ,3, , , , , , , , , ,2,1,1,0,0,0,0,0,0,1,0,0,1,0,0,0,0,0,0,0,0,0,0,0,0,0,0,0,0,1,0,0,0,0,0,2,0,39.9823,-75.1267, , 
74909,830260,2011087923,6,67,67301,2011,7,7,1343,13,1,1,0,4,1, , ,N,0,0,0,3,0,1,2,2,N, ,40 02:06.669,75 14:06.486,1349, ,1345, ,0, , , ,0, , , , , , , , , ,1,1,0,0,0,0,0,0,1,0,0,1,1,0,0,0,0,0,0,0,0,0,0,0,0,0,0,0,0,0,0,0,0,0,0,4,0,40.0352,-75.2351, , 
74910,830274,2011107717,6,67,67301,2011,10,5,2041,20,3,1,0,7,2, , ,N,0,0,0,3,0,1,1,1,N,N,39 58:49.037,75 06:16.902,2050, ,2046,1,1,1,N, ,0,N, , , , , , , , ,1,0,0,0,0,0,1,0,0,0,0,0,1,1,0,0,0,0,0,0,0,0,0,0,0,0,0,0,0,0,0,0,0,0,0,8,0,39.9802,-75.1048, , 
74911,830286,2011122769,6,67,67301,2011,11,5,539,5,3,1,0,8,1, , ,N,1,2,0,3,0,1,2,2,N, ,40 00:03.096,75 06:37.169,541, ,539, ,0, , , ,3, , , , , , , , , ,1,0,0,0,0,0,0,1,0,0,0,0,1,1,0,0,0,0,0,0,1,0,0,0,0,0,0,0,0,0,0,0,1,0,0,8,0,40.0009,-75.1103, , 
74912,830310,2011087928,6,67,67301,2011,8,4,2230,22,3,2,1,1,1, , ,N,1,2,0,3,0,1,2,2,N,N,40 01:59.306,75 04:48.302,125, ,120, ,0, , , ,3, , , , , , , , , ,2,1,0,0,0,0,1,0,0,0,0,1,1,0,0,0,0,0,0,0,0,0,0,0,0,0,0,0,0,0,0,0,0,0,0,4,0,40.0331,-75.0801, , 
74913,830316,2011092895,6,67,67301,2011,8,7,1855,18,1,1,0,8,1, , ,N,0,0,0,3,0,1,2,2,N,N,39 55:30.360,75 13:38.175,1903, ,1901,1,2,4,N, ,0,Y, , , , , , , , ,1,1,0,0,0,0,0,0,0,0,0,1,1,0,0,0,0,0,0,0,0,0,0,0,0,0,0,0,0,0,0,0,1,0,0,4,0,39.9251,-75.2273, , 
74914,830317,2011093004,6,67,67301,2011,8,6,1649,16,1,1,0,4,1, , ,N,1,3,0,3,0,1,3,2,N,N,40 05:12.325,75 01:55.012,1650, ,1650,3,2,7,N, ,3,Y, , , , , , , , ,2,1,0,0,1,0,0,0,0,0,0,1,1,0,0,0,0,0,0,0,1,0,0,0,0,0,0,0,0,0,0,0,0,0,0,4,0,40.0868,-75.0319, , 
74915,830332,2011068355,6,67,67301,2011,6,1,1000,10,1,1,0,4,1, , ,N,1,2,0,3,0,3,3,2,N,N,39 57:32.141,75 14:29.004,1015, ,1006, ,0, ,N, ,3, , , , , , , , , ,2,2,0,0,0,0,0,0,0,0,0,1,3,2,0,0,0,0,0,0,1,0,0,0,0,0,0,0,0,0,0,0,0,0,0,4,0,39.9589,-75.2414, , 
74916,830360,2011080710,6,67,67301,2011,8,7,1645,16,1,1,0,4,1, , ,N,0,0,0,3,0,1,4,2,N,N,39 54:00.457,75 09:34.808,1702, ,1648,3,1,1,N, ,0,N, , , , , , , , ,2,1,0,0,0,0,0,1,0,0,0,1,1,0,0,0,0,0,0,0,2,0,0,0,0,0,0,0,0,0,0,0,0,0,0,4,0,39.9001,-75.1596, , 
74917,830369,2011090356,6,67,67301,2011,11,3,115,1,3,1,0,5,1, , ,N,0,0,0,3,0,0,1,2,N,N,39 59:33.590,75 09:23.677,117, ,116, ,0, ,N, ,0, , , , , , , , , ,2,1,0,0,0,0,0,1,0,0,0,0,0,0,1,0,0,0,0,0,0,0,0,0,0,0,0,0,0,0,0,0,0,0,0,9,0,39.9927,-75.1566, , 
74918,830388,2011071422,6,67,67301,2011,7,2,1445,14,1,1,0,1,1, , ,N,6,0,2,3,0,2,4,2,N,N,39 57:33.373,75 10:37.750,1455, ,1451,1,2,3,N, ,0,N, , , , , , , , ,2,2,0,0,0,0,0,0,0,0,0,2,2,0,0,0,0,0,0,0,0,0,0,3,0,0,0,0,0,0,0,0,0,0,0,4,0,39.9593,-75.1773, , 
74919,830406,2011082406,6,67,67301,2011,7,7,1635,16,1,1,0,1,1, , ,N,2,3,0,3,0,1,5,2,N,N,39 55:39.619,75 08:49.027,1645, ,1639, ,0, ,N, ,3, , , , , , , , , ,2,2,0,0,0,0,0,0,0,0,0,1,1,0,1,0,0,0,0,0,0,0,0,0,0,0,0,0,0,0,0,0,0,0,0,4,0,39.9277,-75.147, , 
74920,830420,2011101853,6,67,67301,2011,10,5,1646,16,1,1,0,4,1, , ,N,0,0,0,3,0,0,2,2,N,N,39 58:48.343,75 06:18.910,1656, ,1649,1,1,1,N, ,0,N, , , , , , , , ,2,2,0,0,0,0,0,0,0,0,0,0,0,0,0,0,0,0,1,0,0,0,0,0,0,0,0,0,0,0,0,0,0,0,0,0,0,39.9801,-75.1054, , 
74921,830423,2011106089,6,67,67301,2011,8,5,645,6,1,1,0,8,4, , ,N,1,0,0,3,0,1,2,2,N,N,39 57:39.668,75 13:58.310,730, ,700, ,0, ,N, ,0, , , , , , , , , ,1,0,0,0,0,0,1,0,0,0,1,0,1,0,1,0,0,0,0,0,0,0,0,0,0,0,0,0,0,0,0,0,1,0,0,3,0,39.9609,-75.2329, , 
74922,830426,2011112335,6,67,67301,2011,9,6,117,1,3,1,0,4,1, , ,N,1,2,0,3,0,2,3,2,N,N,39 57:16.502,75 10:22.764,119, ,117,3,1,3,N, ,3,N, , , , , , , , ,2,2,0,0,0,0,0,0,0,0,0,2,2,0,0,0,0,0,0,0,0,0,0,0,0,0,0,0,0,0,0,0,0,0,0,4,0,39.9546,-75.173, , 
74923,830434,2011064107,6,67,67301,2011,5,7,2340,23,3,1,0,1,1, , ,N,2,3,0,3,0,3,3,3, , ,40 00:34.246,75 08:26.775,2355, ,2350, ,0, , , ,9, , , , , , , , , ,3,2,0,0,1,0,0,0,0,0,2,1,3,0,0,0,0,0,0,0,0,0,0,0,0,0,0,0,0,0,0,0,0,0,0,3,0,40.0095,-75.1408, , 
74924,830435,2011064113,6,67,67301,2011,5,7,304,3,3,8,1,7,2, , ,N,1,0,0,3,0,3,5,1,N,N,39 59:08.465,75 14:51.083,312, ,309, ,0, , , ,0, , , , , , , , , ,1,1,0,0,0,0,0,0,0,0,0,0,3,3,0,0,0,0,0,0,0,0,0,0,0,0,0,0,0,0,0,0,0,0,0,8,0,39.9857,-75.2475, , 
74925,830447,2011063639,6,67,67301,2011,6,3,1606,16,1,1,0,0,1, , ,N,0,0,0,3,0,0,3,2,N,N,39 58:50.409,75 06:15.350,1618, ,1618, ,0, ,Y, ,0, , , , , , , , , ,2,1,0,0,0,1,0,0,0,0,0,0,0,0,0,0,0,0,0,0,0,0,0,0,0,0,0,0,0,0,0,0,0,0,0,0,1,39.9807,-75.1042, , 
74926,830458,2011075761,6,67,67301,2011,6,4,1615,16,1,1,0,8,1, , ,N,0,0,0,3,0,1,2,2,N,N,39 57:02.075,75 13:40.087,1842, ,1840, ,0, ,N, ,0, , , , , , , , , ,1,1,0,0,0,0,0,0,0,0,0,1,1,0,0,0,0,0,0,0,0,0,0,0,0,0,0,0,0,0,0,0,1,0,0,4,0,39.9506,-75.2278, , 
74927,833702,2011082464,6,67,67301,2011,7,5,1730,17,1,1,0,4,1, , ,N,2,2,0,3,0,1,2,2,N,N,40 01:08.421,75 08:50.014,9999, ,1739, ,0, ,N, ,3, , , , , , , , , ,2,1,0,0,0,0,0,1,0,0,0,1,1,0,0,0,0,0,1,0,0,0,0,1,0,0,0,0,0,0,0,0,0,0,0,4,0,40.0189,-75.1471, , 
74928,833703,2011082541,6,67,67301,2011,7,7,1125,11,1,1,0,4,1, , ,N,1,2,0,3,0,1,2,2,N,N,39 58:35.983,75 14:01.359,1731, ,1729,1,1,3,N, ,3,N, , , , , , , , ,1,0,0,0,0,0,1,0,1,0,1,0,1,0,0,0,0,1,0,0,0,0,0,0,0,0,0,0,0,0,0,0,0,0,0,3,0,39.9767,-75.2337, , 
74929,833725,2011056827,6,67,67301,2011,5,5,1140,11,1,1,0,4,1, , ,N,1,2,0,3,0,3,4,2,N,N,40 00:19.420,75 06:33.689,1153, ,1145, ,0, , , ,3, , , , , , , , , ,2,0,0,0,1,0,1,0,0,0,0,3,3,0,1,0,0,0,0,1,0,0,0,0,0,0,0,0,0,0,0,0,0,0,0,4,0,40.0054,-75.1094, , 
74930,833726,2011057324,6,67,67301,2011,4,6,144,1,3,1,0,4,1, , ,N,1,2,0,3,0,1,3,5,N,N,39 58:02.632,75 10:43.087,158, ,153,2,2,1,N, ,3,Y, , , , , , , , ,4,4,0,0,0,0,0,0,0,0,0,1,1,0,1,0,0,0,0,0,0,0,0,0,0,0,0,0,0,0,0,0,1,0,0,4,0,39.9674,-75.1786, , 
74931,833729,2011061807,6,67,67301,2011,5,7,1428,14,1,2,1,4,1, , ,N,5,0,0,3,0,1,2,2,N, ,39 57:51.271,75 10:47.201,1526, ,1526, ,0, , , ,0, , , , , , , , , ,1,1,0,0,0,0,0,0,1,0,0,0,1,1,0,0,0,0,0,0,0,0,0,0,0,0,0,0,0,0,0,0,0,0,0,8,0,39.9642,-75.1798, , 
74932,833730,2011064083,6,67,67301,2011,5,5,2030,20,1,1,0,8,1, , ,N,1,2,0,3,0,1,2,2,N,N,40 01:17.505,75 03:06.381,1657, ,1650, ,0, ,N, ,3, , , , , , , , , ,1,1,0,0,0,0,0,0,0,0,0,0,1,1,0,0,0,0,0,0,0,0,0,0,0,0,0,0,0,0,0,0,1,0,0,8,0,40.0215,-75.0518, , 
74933,833734,2011068404,6,67,67301,2011,6,6,1600,16,1,1,0,6,1, , ,N,1,3,0,3,0,1,4,2,N,N,40 04:10.070,75 09:35.945,300, ,9999, ,0, ,N, ,3, , , , , , , , , ,2,2,0,0,0,0,0,0,0,0,0,1,1,0,1,0,0,0,0,0,0,0,0,0,0,0,0,0,0,0,0,0,0,0,0,4,0,40.0695,-75.16, , 
74934,833746,2011082730,6,67,67301,2011,7,6,1940,19,1,1,0,8,1, , ,N,1,2,0,3,0,1,2,2,N,N,39 59:09.189,75 13:54.821,2000, ,1947, ,0, ,N, ,3, , , , , , , , , ,1,1,0,0,0,0,0,0,0,0,0,1,1,0,1,0,0,0,0,0,0,0,0,1,0,0,0,0,0,0,0,0,1,0,0,4,0,39.9859,-75.2319, , 
74935,833750,2011087906,6,67,67301,2011,8,5,1452,14,1,1,0,4,1, , ,N,0,0,0,3,0,1,2,2,N,N,40 01:24.626,75 02:52.624,1503, ,1500,3,2,1,N, ,0,Y, , , , , , , , ,1,1,0,0,0,0,0,0,1,0,1,0,1,0,0,0,0,0,0,0,1,0,0,0,0,0,0,0,0,0,0,0,0,0,0,3,0,40.0235,-75.048, , 
74936,833751,2011087927,6,67,67301,2011,8,3,1857,18,3,2,1,1,1, , ,N,0,0,0,3,0,1,4,2,N, ,40 00:51.185,75 10:10.602,1910, ,1857, ,0, , , ,0, , , , , , , , , ,2,2,0,0,0,0,0,0,0,0,0,1,1,0,0,0,1,0,0,0,0,0,0,0,0,0,0,0,0,0,0,0,0,0,0,4,0,40.0142,-75.1696, , 
74937,833760,2011064067,6,67,67301,2011,5,5,800,8,1,1,0,4,1, , ,N,1,0,0,3,0,1,6,2,N,N,39 59:43.335,75 08:27.045,810, ,808, ,0, ,N, ,0, , , , , , , , , ,2,2,0,0,0,0,0,0,0,0,0,1,1,0,0,0,0,0,0,0,1,0,0,0,0,0,0,0,0,0,0,0,0,0,0,4,0,39.9954,-75.1408, , 
74938,833763,2011065518,6,67,67301,2011,5,6,1545,15,1,2,1,8,1, , ,N,1,2,0,3,0,1,3,2,N,N,39 59:29.442,75 08:10.101,1547, ,1546, ,0, ,N, ,3, , , , , , , , , ,1,1,0,0,0,0,0,0,0,0,0,1,1,0,0,0,0,0,0,0,0,0,0,0,0,0,0,0,0,0,0,0,1,0,0,4,0,39.9915,-75.1361, , 
74939,833776,2011075774,6,67,67301,2011,6,1,9999,99,1,1,0,8,1, , ,N,0,0,0,3,0,1,2,2, , ,39 59:50.740,75 07:00.780,9999, ,9999, ,0, , , ,0, , , , , , , , , ,1,0,0,0,0,0,0,1,0,0,1,0,1,0,0,0,0,0,0,0,0,0,0,0,0,0,0,0,0,0,0,0,1,0,0,3,0,39.9974,-75.1169, , 
74940,833808,2011082589,6,67,67301,2011,7,1,200,2,3,1,0,7,5, , ,N,0,0,0,3,0,1,1,1,N, ,40 03:15.567,75 02:32.673,330, ,320, ,0, , , ,0, , , , , , , , , ,1,1,0,0,0,0,0,0,0,0,1,0,1,0,0,0,0,0,0,0,0,1,0,0,0,0,0,0,0,0,0,0,0,0,0,3,0,40.0543,-75.0424, , 
74941,833815,2011090508,6,67,67301,2011,8,2,2323,23,3,1,0,4,1, , ,N,1,3,0,3,0,1,3,2,N,N,39 55:59.617,75 11:22.847,2324, ,2323,3,2,2,N, ,3,Y, , , , , , , , ,2,2,0,0,0,0,0,0,0,0,0,0,1,1,0,0,0,0,0,0,1,0,0,0,0,0,0,0,0,0,0,0,0,0,0,8,0,39.9332,-75.1897, , 
74942,833824,2011100641,6,67,67301,2011,9,5,1530,15,1,1,0,8,1, , ,N,0,0,0,3,0,1,2,2,N,N,39 59:06.442,75 07:55.416,1815, ,1910, ,0, ,N, ,0, , , , , , , , , ,1,0,0,0,0,0,0,0,0,0,0,1,1,0,0,0,0,0,0,0,0,0,0,0,0,0,0,0,0,0,0,0,1,0,0,4,0,39.9851,-75.1321, , 
74943,833839,2011055708,6,67,67301,2011,5,3,2306,23,3,1,0,7,2,2,4,Y,0,1,0,3,0,0,2,1,N,N,39 57:07.158,75 10:56.371,2321,50,2318,1,1,4,N, ,3,N,Y,N,N,N,Y,N,N,N,1,1,0,0,0,0,0,0,0,0,0,0,0,0,0,0,0,0,0,0,0,0,0,1,0,0,0,0,0,0,0,0,0,0,0,0,0,39.952,-75.1823, , 
74944,833855,2011073862,6,67,67301,2011,6,5,2300,23,3,2,1,8,1, , ,N,2,2,0,3,0,1,3,2,N,N,40 02:19.838,75 10:17.839,1716, ,1716, ,0, ,N, ,3, , , , , , , , , ,1,1,0,0,0,0,0,0,0,0,0,1,1,0,0,0,0,0,0,1,0,0,0,0,0,0,0,0,0,0,0,0,1,0,0,4,0,40.0388,-75.1716, , 
74945,837003,2011082505,6,67,67301,2011,6,5,35,0,3,1,0,5,1, , ,N,2,2,0,3,0,2,5,2,N,N,39 57:19.263,75 11:59.801,38, ,35,1,1,1,N, ,3,N, , , , , , , , ,2,1,0,0,0,0,1,0,0,0,0,2,2,0,3,0,0,0,0,0,0,0,0,2,0,0,0,0,0,0,0,0,0,0,0,4,0,39.9554,-75.2, , 
74946,837004,2011083294,6,67,67301,2011,7,2,1733,17,1,9,0,1,1, , ,N,1,2,0,3,0,2,3,3,N, ,39 56:29.824,75 13:12.602,1736, ,1735, ,0, , , ,3, , , , , , , , , ,3,3,0,0,0,0,0,0,0,0,1,1,2,0,0,0,0,0,0,1,1,0,0,2,0,0,0,0,0,0,0,0,0,0,0,3,0,39.9416,-75.2202, , 
74947,837005,2011087970,6,67,67301,2011,8,2,2110,21,3,1,0,5,6, , ,N,0,0,0,3,0,0,1,2,N,N,40 02:51.738,75 07:40.987,2113, ,2113, ,0, ,N, ,0, , , , , , , , , ,2,2,0,0,0,0,0,0,0,0,0,0,0,0,0,0,0,0,0,0,1,0,0,0,0,0,0,0,0,0,0,0,0,0,0,0,0,40.0477,-75.1281, , 
74948,837008,2011091040,6,67,67301,2011,8,6,1400,14,1,1,0,4,1, , ,N,1,3,0,3,0,2,3,3,N,N,40 01:52.906,75 03:21.682,1402, ,1400, ,0, ,N, ,3, , , , , , , , , ,3,2,0,0,0,0,0,1,0,0,0,1,2,1,0,0,0,0,0,0,0,0,0,0,0,0,0,0,0,0,0,0,0,0,0,4,0,40.0314,-75.056, , 
74949,837009,2011093054,6,67,67301,2011,8,3,1650,16,1,1,0,5,1, , ,N,0,0,0,3,0,1,1,3,N, ,39 58:29.110,75 14:29.731,1659, ,1655,1,2,5, , ,0,N, , , , , , , , ,3,2,0,0,0,0,1,0,0,0,1,0,1,0,0,0,0,0,0,0,0,0,0,0,0,0,0,0,0,0,0,0,0,0,0,3,0,39.9748,-75.2416, , 
74950,837016,2011100821,6,67,67301,2011,9,7,1158,11,1,1,0,4,1, , ,N,2,3,0,3,0,0,2,2,N,N,39 55:53.511,75 10:47.690,1202, ,1200, ,0, ,N, ,3, , , , , , , , , ,2,1,0,0,0,0,1,0,0,0,0,0,0,0,0,0,0,0,0,0,0,0,0,0,0,0,0,0,0,0,0,0,0,0,0,0,0,39.9315,-75.1799, , 
74951,837023,2011108863,6,67,67301,2011,9,4,252,2,3,2,1,7,5, , ,N,0,0,0,3,0,0,1,1,N,N,40 01:38.900,75 06:46.095,258, ,255,1,1,2,N, ,0,N, , , , , , , , ,1,1,0,0,0,0,0,0,0,0,0,0,0,0,0,0,0,0,0,0,0,0,0,0,0,0,0,0,0,0,0,0,0,0,0,0,0,40.0275,-75.1127, , 
74952,837027,2011118112,6,67,67301,2011,10,3,623,6,3,1,0,1,1, , ,N,2,2,0,3,0,1,2,2,N,N,39 59:05.157,75 07:00.015,623, ,623, ,0, ,N, ,3, , , , , , , , , ,2,1,0,0,0,0,0,1,0,0,0,0,1,1,0,0,0,0,0,0,0,0,0,0,0,0,0,0,0,0,0,0,0,0,0,8,0,39.9848,-75.1167, , 
74953,837038,2011061820,6,67,67301,2011,5,1,9999,99,3,1,0,6,1, , ,N,1,2,0,3,0,2,7,3, , ,40 02:02.361,75 04:27.863,9999, ,9999,1,2,1, , ,3,Y, , , , , , , , ,3,1,0,0,0,0,1,1,0,0,0,0,2,2,0,0,0,0,1,0,0,0,0,0,0,0,0,0,0,0,0,0,0,0,0,8,0,40.0339,-75.0742, , 
74954,837039,2011063862,6,67,67301,2011,6,7,1220,12,1,1,0,9,1, , ,N,0,0,0,3,0,0,1,1,N,N,39 58:13.264,75 07:30.629,1228, ,1227,1,1,1,N, ,0,N, , , , , , , , ,1,0,0,0,0,0,0,1,0,0,0,0,0,0,0,0,0,0,0,0,0,0,0,0,0,0,0,0,0,0,0,0,0,0,0,0,0,39.9703,-75.1253, , 
74955,837048,2011073276,6,67,67301,2011,6,2,1608,16,1,1,0,8,1,8,8,Y,1,2,0,3,0,1,2,2,N,N,39 55:23.275,75 10:11.576,1615,99,1610, ,0, ,N, ,3, ,U, , ,U, , , , ,1,1,0,0,0,0,0,0,0,0,0,0,1,1,1,0,0,0,0,0,0,0,0,0,0,0,0,0,0,0,0,0,1,0,0,8,0,39.9231,-75.1699, , 
74956,837054,2011082600,6,67,67301,2011,7,5,1855,18,1,1,0,2,1, , ,N,2,2,0,3,0,2,2,2,N, ,39 56:16.296,75 13:14.721,1905, ,1901, ,0, , , ,3, , , , , , , , , ,2,1,0,0,0,0,1,0,0,0,0,2,2,0,0,0,0,0,0,0,1,0,0,0,0,0,0,0,0,0,0,0,0,0,0,4,0,39.9379,-75.2208, , 
74957,837058,2011085546,6,67,67301,2011,7,1,2340,23,3,1,0,4,1, , ,N,10,0,0,3,0,1,2,2,N, ,39 54:45.057,75 08:17.157,2352, ,2347, ,0, , , ,0, , , , , , , , , ,2,2,0,0,0,0,0,0,0,0,0,0,1,1,0,0,0,0,0,0,0,0,0,0,0,0,0,0,0,0,0,0,0,0,0,8,0,39.9125,-75.1381, , 
74958,837060,2011092931,6,67,67301,2011,8,5,1605,16,1,1,0,8,3, , ,N,2,0,0,3,0,1,2,2,N,N,39 59:56.202,75 07:55.686,1614, ,1611, ,0, ,N, ,0, , , , , , , , , ,1,0,0,0,0,0,0,1,0,0,0,1,1,0,0,0,0,0,0,0,1,0,0,0,0,0,0,0,0,0,0,0,1,0,0,4,0,39.9989,-75.1322, , 
74959,837081,2011115367,6,67,67301,2011,10,2,1700,17,1,1,0,1,2, , ,N,0,0,0,3,0,1,1,2,N,N,40 03:45.166,75 10:06.665,1715, ,1708, ,0, ,N, ,0, , , , , , , , , ,2,1,0,0,0,0,1,0,0,0,0,1,1,0,0,0,0,0,0,0,0,1,0,0,0,0,0,0,0,0,0,0,0,0,0,4,0,40.0625,-75.1685, , 
74960,837106,2011100849,6,67,67301,2011,9,7,9999,99,1,1,0,8,1, , ,N,0,0,0,3,0,2,3,3,N, ,39 57:05.531,75 09:24.491,1858, ,1853, ,0, , , ,0, , , , , , , , , ,1,0,0,0,0,0,1,0,0,2,0,0,2,0,0,0,0,0,0,0,0,0,0,0,0,0,0,0,0,0,0,0,2,0,2,2,0,39.9515,-75.1568, , 
74961,837122,2011112210,6,67,67301,2011,10,1,315,3,3,2,1,5,1, , ,N,5,0,0,3,0,0,1,2,N,N,39 59:11.058,75 05:30.293,348, ,344, ,0, ,N, ,0, , , , , , , , , ,2,1,0,0,0,0,0,0,0,0,0,0,0,0,0,0,0,0,0,0,0,0,0,0,0,0,0,0,0,0,0,0,0,0,0,0,0,39.9863,-75.0919, , 
74962,837131,2011126394,6,67,67301,2011,11,6,715,7,3,1,0,4,1, , ,N,1,2,0,3,0,1,3,2,N,N,40 00:46.713,75 07:09.797,730, ,725, ,0, ,N, ,3, , , , , , , , , ,2,0,0,0,0,0,0,2,0,0,0,1,1,0,0,0,0,0,0,0,0,0,0,0,0,0,0,0,0,0,0,0,0,0,0,4,0,40.013,-75.1194, , 
74963,841680,2011088084,6,67,67301,2011,7,6,2016,20,3,2,1,4,1, , ,N,2,2,0,3,0,2,4,2,N, ,40 04:18.787,74 58:51.881,2019, ,2018, ,0, , , ,3, , , , , , , , , ,2,1,0,0,0,0,1,0,0,0,0,1,2,1,0,0,0,0,0,0,1,0,0,0,0,0,0,0,0,0,0,0,0,0,0,4,0,40.0719,-74.9811, , 
74964,841688,2011098160,6,67,67301,2011,9,6,1730,17,1,1,0,4,4, , ,N,1,0,0,3,0,0,2,2,N,N,39 57:08.287,75 09:11.998,1846, ,1846, ,0, ,N, ,0, , , , , , , , , ,2,2,0,0,0,0,0,0,0,0,0,0,0,0,0,0,0,0,0,0,0,0,0,1,0,0,0,0,0,0,0,0,0,0,0,0,0,39.9523,-75.1533, , 
74965,841690,2011100874,6,67,67301,2011,9,3,903,9,1,1,0,1,1, , ,N,2,2,0,3,0,1,2,2,N, ,39 58:33.009,75 09:30.309,904, ,903, ,0, , , ,3, , , , , , , , , ,2,2,0,0,0,0,0,0,0,0,0,1,1,0,0,0,0,0,0,0,1,0,0,0,0,0,0,0,0,0,0,0,0,0,0,4,0,39.9758,-75.1584, , 
74966,841719,2011115409,6,67,67301,2011,10,4,1900,19,3,2,1,1,1, , ,N,1,2,0,3,0,0,2,2,N,N,40 02:23.373,75 08:40.028,1921, ,1918, ,0, ,N, ,3, , , , , , , , , ,2,2,0,0,0,0,0,0,0,0,0,0,0,0,0,0,0,0,0,0,0,0,0,0,0,0,0,0,0,0,0,0,0,0,0,0,0,40.0398,-75.1445, , 
74967,841735,2011127071,6,67,67301,2011,11,7,1037,10,1,1,0,4,1, , ,N,1,2,0,3,0,1,4,2,N, ,39 55:41.214,75 13:09.799,1121, ,1120,1,1,4, , ,3,Y, , , , , , , , ,2,2,0,0,0,0,0,0,0,0,0,0,1,1,0,0,0,0,0,1,0,0,0,3,0,0,0,0,0,0,0,0,0,0,0,8,0,39.928,-75.2193, , 
74968,841746,2012010123,6,67,67301,2011,12,3,1910,19,3,2,1,8,1, , ,N,0,0,0,3,0,1,2,2,N,N,40 03:31.356,75 09:39.373,1920, ,1915, ,0, ,N, ,0, , , , , , , , , ,1,1,0,0,0,0,0,0,0,0,0,1,1,0,0,0,0,0,0,0,0,0,0,0,0,0,0,0,0,0,0,0,1,0,0,4,0,40.0587,-75.1609, , 
74969,841748,2011112181,6,67,67301,2011,9,5,1530,15,1,6,1,1,1, , ,N,2,2,0,3,0,0,2,2,N,N,40 01:10.243,75 08:56.039,1531, ,1530,9,1,5,N, ,3,N, , , , , , , , ,2,1,0,0,0,0,1,0,0,0,0,0,0,0,0,0,0,0,1,0,0,0,0,0,0,0,0,0,0,0,0,0,0,0,0,0,0,40.0195,-75.1489, , 
74970,841762,2011122778,6,67,67301,2011,10,5,1400,14,1,2,1,1,1, , ,N,0,0,0,3,0,0,2,2,N,N,40 00:19.862,75 13:01.901,1423, ,1412,1,1,1,N, ,0,N, , , , , , , , ,2,2,0,0,0,0,0,0,0,0,0,0,0,0,0,0,0,0,0,0,0,0,0,0,0,0,0,0,0,0,0,0,0,0,0,0,0,40.0055,-75.2172, , 