objectid_1,objectid,crn,district,county,municipality,crash_year,crash_month,day_of_week,time_of_day,hour_of_day,illumination,weather,road_condition,collision_type,relation_to_road,work_zone_type,work_zone_loc,work_zone_ind,intersect_type,tcd_type,location_type,urban_rural,fatal_count,injury_count,person_count,total_units,sch_bus_ind,sch_zone_ind,latitude,longitude,arrival_tm,cons_zone_spd_lim,dispatch_tm,est_hrs_closed,lane_closed,ln_close_dir,ntfy_hiwy_maint,spec_juris_cd,tcd_func_cd,tfc_detour_ind,workers_pres,wz_close_detour,wz_flagger,wz_law_offcr_ind,wz_ln_closure,wz_moving,wz_other,wz_shlder_mdn,vehicle_count,automobile_count,motorcycle_count,bus_count,small_truck_count,heavy_truck_count,suv_count,van_count,bicycle_count,maj_inj_count,mod_inj_count,min_inj_count,tot_inj_count,unk_inj_deg_count,unk_inj_per_count,driver_count_16yr,driver_count_17yr,driver_count_18yr,driver_count_19yr,driver_count_20yr,driver_count_50_64yr,driver_count_65_74yr,driver_count_75plus,unbelted_occ_count,unb_death_count,unb_maj_inj_count,belted_death_count,belted_maj_inj_count,mcycle_death_count,mcycle_maj_inj_count,bicycle_death_count,bicycle_maj_inj_count,ped_count,ped_death_count,ped_maj_inj_count,max_severity_level,comm_veh_count,dec_lat,dec_long,rdwy_surf_type_cd,county_name
74971,841777,2011132892,6,67,67301,2011,11,7,2115,21,3,1,0,8,1, , ,N,0,0,0,3,0,1,2,2,N, ,40 02:42.595,75 13:54.068,2117, ,2117,2,1,1, , ,0,Y, , , , , , , , ,1,1,0,0,0,0,0,0,0,1,0,0,1,0,0,0,0,0,0,0,0,0,0,0,0,0,0,0,0,0,0,0,1,0,1,2,0,40.0452,-75.2317, , 
74972,841784,2012002756,6,67,67301,2011,12,6,1719,17,3,1,0,1,1, , ,N,0,0,0,3,0,0,4,3,N,N,39 58:52.007,75 06:11.768,1726, ,1723,1,1,2,N, ,0,N, , , , , , , , ,3,2,0,0,1,0,0,0,0,0,0,0,0,0,0,0,0,0,0,0,1,0,0,0,0,0,0,0,0,0,0,0,0,0,0,0,0,39.9811,-75.1032, , 
74973,841785,2012015840,6,67,67301,2011,12,6,1418,14,1,1,0,5,1, , ,N,2,2,0,3,0,1,3,2,N,N,40 01:47.921,75 06:15.655,1451, ,1445,2,1,2,N, ,3,N, , , , , , , , ,2,1,0,1,0,0,0,0,0,0,0,0,1,1,0,0,0,0,0,1,0,0,0,0,0,0,0,0,0,0,0,0,0,0,0,8,1,40.0298,-75.1043, , 
74974,841816,2011093625,6,67,67301,2011,8,6,1346,13,1,1,0,7,2, , ,N,0,0,0,3,0,1,1,1,N,N,40 01:14.163,75 02:33.328,1350, ,1348,2,2,2,N, ,0,N, , , , , , , , ,1,1,0,0,0,0,0,0,0,0,0,1,1,0,0,0,0,0,0,0,1,0,0,1,0,0,0,0,0,0,0,0,0,0,0,4,0,40.0205,-75.0428, , 
74975,841819,2011095472,6,67,67301,2011,8,7,1402,14,1,2,1,4,1, , ,N,1,3,0,3,0,1,3,2,N, ,40 02:56.310,75 04:01.689,1410, ,1407, ,0, , , ,3, , , , , , , , , ,2,1,0,0,0,0,1,0,0,0,0,0,1,1,0,0,0,0,0,0,0,0,0,0,0,0,0,0,0,0,0,0,0,0,0,8,0,40.049,-75.0671, , 
74976,841825,2011101619,6,67,67301,2011,9,6,1545,15,1,1,0,8,1, , ,N,0,0,0,3,0,1,2,2,N,N,40 00:03.618,75 09:16.941,1600, ,1553, ,0, ,N, ,0, , , , , , , , , ,1,1,0,0,0,0,0,0,0,0,0,0,1,1,0,0,0,0,0,0,0,0,0,0,0,0,0,0,0,0,0,0,1,0,0,8,0,40.001,-75.1547, , 
74977,841851,2011073231,6,67,67301,2011,6,1,1630,16,1,1,0,4,1, , ,N,1,2,0,3,0,0,5,2, , ,39 55:04.738,75 10:51.319,1657, ,1640, ,0, , , ,3, , , , , , , , , ,2,1,0,0,1,0,0,0,0,0,0,0,0,0,0,0,0,0,1,0,0,1,0,5,0,0,0,0,0,0,0,0,0,0,0,0,0,39.918,-75.1809, , 
74978,841863,2011066787,6,67,67301,2011,5,4,1100,11,1,1,0,8,6, , ,N,0,0,0,3,0,1,2,2,N,N,39 56:56.155,75 12:32.832,1630, ,1623, ,0, ,N, ,0, , , , , , , , , ,1,1,0,0,0,0,0,0,0,0,0,1,1,0,0,0,0,0,0,0,0,0,0,0,0,0,0,0,0,0,0,0,1,0,0,4,0,39.9489,-75.2091, , 
74979,841868,2011070052,6,67,67301,2011,7,6,157,1,3,1,0,7,3, , ,N,0,0,0,3,0,1,2,1,N,N,39 59:31.666,75 12:07.249,210, ,203,2,1,3,N, ,0,N, , , , , , , , ,1,1,0,0,0,0,0,0,0,0,0,1,1,0,0,0,0,0,0,0,0,0,0,1,0,0,0,0,0,0,0,0,0,0,0,4,0,39.9921,-75.202, , 
74980,841872,2011075766,6,67,67301,2011,6,1,1015,10,1,1,0,4,1, , ,N,1,0,0,3,0,4,6,2,N,N,39 58:41.590,75 16:24.780,1102, ,1059, ,0, ,N, ,0, , , , , , , , , ,2,2,0,0,0,0,0,0,0,0,0,4,4,0,2,0,0,0,0,0,1,1,0,0,0,0,0,0,0,0,0,0,0,0,0,4,0,39.9782,-75.2736, , 
74981,830459,2011075785,6,67,67301,2011,7,7,1937,19,1,1,0,4,2, , ,N,0,0,0,3,0,1,2,2,N,N,40 03:10.140,75 09:39.270,1941, ,1939, ,0, ,N, ,0, , , , , , , , , ,1,0,0,0,0,0,1,0,1,0,0,0,1,1,0,0,0,0,0,0,0,0,0,0,0,0,0,0,0,0,0,0,0,0,0,8,0,40.0528,-75.1609, , 
74982,830464,2011083802,6,67,67301,2011,7,2,715,7,1,1,0,2,6, , ,N,0,0,0,3,0,1,1,2,N,N,40 01:12.163,75 11:08.859,722, ,719, ,0, , , ,0, , , , , , , , , ,2,1,0,0,0,0,1,0,0,0,1,0,1,0,0,0,0,0,0,0,0,0,0,0,0,0,0,0,0,0,0,0,0,0,0,3,0,40.02,-75.1858, , 
74983,830485,2011106648,6,67,67301,2011,9,7,10,0,3,2,1,8,1, , ,N,1,2,0,3,0,1,2,2,N,N,39 57:10.095,75 11:31.530,17, ,15,9,1,2,N, ,3,N, , , , , , , , ,1,1,0,0,0,0,0,0,0,0,0,1,1,0,0,0,0,0,0,0,1,0,0,0,0,0,0,0,0,0,0,0,1,0,0,4,0,39.9528,-75.1921, , 
74984,830497,2011033757,6,67,67301,2011,2,1,1940,19,3,1,0,8,1, , ,N,0,0,0,3,0,1,2,2,N,N,40 04:04.516,75 09:19.742,2000, ,1945, ,0, ,N, ,0, , , , , , , , , ,1,1,0,0,0,0,0,0,0,0,1,0,1,0,0,0,0,0,0,0,0,0,0,0,0,0,0,0,0,0,0,0,1,0,0,3,0,40.0679,-75.1555, , 
74985,830502,2011040269,6,67,67301,2011,3,5,1840,18,1,1,0,8,1, , ,N,1,2,0,3,0,1,3,2,N,N,39 55:17.779,75 08:53.544,1845, ,1840, ,0, ,N, ,3, , , , , , , , , ,1,0,0,0,1,0,0,0,0,1,0,0,1,0,0,0,0,0,0,0,0,0,0,0,0,0,0,0,0,0,0,0,1,0,1,2,0,39.9216,-75.1482, , 
74986,830531,2011082402,6,67,67301,2011,7,2,1905,19,1,1,0,4,1, , ,N,1,3,0,3,0,1,2,2,N, ,39 59:30.386,75 09:43.840,1920, ,1917, ,0, , , ,3, , , , , , , , , ,2,1,1,0,0,0,0,0,0,0,1,0,1,0,0,0,0,1,0,0,0,0,0,0,0,0,0,0,0,0,0,0,0,0,0,3,0,39.9918,-75.1622, , 
74987,830536,2011068509,6,67,67301,2011,6,2,1542,15,1,1,0,1,1, , ,N,2,2,0,3,0,0,6,3,N,N,39 57:34.816,75 14:50.653,1701, ,1542, ,0, ,N, ,3, , , , , , , , , ,3,1,0,0,0,0,2,0,0,0,0,0,0,0,6,0,0,0,0,0,1,0,0,0,0,0,0,0,0,0,0,0,0,0,0,9,0,39.9597,-75.2474, , 
74988,830570,2011100761,6,67,67301,2011,9,5,934,9,1,1,0,4,1, , ,N,2,3,0,3,0,3,4,2,N,N,40 01:38.150,75 07:57.039,935, ,934, ,0, ,N, ,3, , , , , , , , , ,2,2,0,0,0,0,0,0,0,0,0,0,3,3,0,0,0,0,0,0,0,1,0,2,0,0,0,0,0,0,0,0,0,0,0,8,0,40.0273,-75.1325, , 
74989,830587,2011087884,6,67,67301,2011,7,7,2356,23,3,1,0,4,1, , ,N,1,2,0,3,0,3,3,2,N,N,39 59:49.334,75 14:06.912,9999, ,2356,2,2,7,N, ,3,N, , , , , , , , ,2,2,0,0,0,0,0,0,0,0,0,3,3,0,0,0,0,0,1,0,0,0,0,0,0,0,0,0,0,0,0,0,0,0,0,4,0,39.997,-75.2353, , 
74990,830588,2011090579,6,67,67301,2011,8,6,1512,15,1,1,0,4,1, , ,N,2,3,0,3,0,1,2,2,N,N,40 06:32.230,74 58:49.209,1537, ,1534, ,0, , , ,3, , , , , , , , , ,2,1,1,0,0,0,0,0,0,0,0,1,1,0,0,0,0,1,0,0,0,0,0,0,0,0,0,0,0,0,0,0,0,0,0,4,0,40.109,-74.9803, , 
74991,830590,2011093035,6,67,67301,2011,8,3,100,1,3,2,1,1,1, , ,N,1,2,0,3,0,1,2,2,N,N,40 00:30.736,75 12:38.579,9999, ,9999, ,0, ,N, ,3, , , , , , , , , ,2,1,0,0,0,0,1,0,0,0,0,1,1,0,0,0,0,0,0,0,0,0,0,0,0,0,0,0,0,0,0,0,0,0,0,4,0,40.0085,-75.2107, , 
74992,830602,2011102730,6,67,67301,2011,9,4,1411,14,1,1,0,1,1, , ,N,0,0,0,3,0,0,7,3,N,N,39 53:38.243,75 11:43.367,1412, ,1412, ,0, ,N, ,0, , , , , , , , , ,3,2,0,0,0,0,0,1,0,0,0,0,0,0,0,0,0,0,0,0,1,0,0,0,0,0,0,0,0,0,0,0,0,0,0,0,0,39.894,-75.1954, , 
74993,830609,2011064023,6,67,67301,2011,5,3,1000,10,1,2,1,7,2, , ,N,0,0,0,3,0,0,1,1,N,N,39 57:11.702,75 12:01.441,1000, ,1000,1,1,2,N, ,0,Y, , , , , , , , ,1,0,0,0,0,0,1,0,0,0,0,0,0,0,0,0,0,0,0,0,1,0,0,0,0,0,0,0,0,0,0,0,0,0,0,0,0,39.9533,-75.2004, , 
74994,830634,2011134219,6,67,67301,2011,11,5,1520,15,1,1,0,8,6, , ,N,0,0,0,3,0,1,2,2,N,N,40 02:20.862,75 09:05.902,1521, ,1520, ,0, ,N, ,0, , , , , , , , , ,1,1,0,0,0,0,0,0,0,0,1,0,1,0,0,0,0,0,0,0,0,0,0,0,0,0,0,0,0,0,0,0,1,0,0,3,0,40.0391,-75.1516, , 
74995,830636,2011134928,6,67,67301,2011,12,5,2310,23,3,1,0,5,1, , ,N,0,0,0,3,0,4,5,3,N,N,40 02:55.333,74 59:54.271,2327, ,2323,2,2,2,N, ,0,N, , , , , , , , ,3,2,0,0,0,0,1,0,0,0,0,4,4,0,0,0,0,0,0,0,1,0,0,0,0,0,0,0,0,0,0,0,0,0,0,4,0,40.0487,-74.9984, , 
74996,830638,2012002118,6,67,67301,2011,12,2,220,2,3,1,0,7,5, , ,N,2,2,99,3,0,1,1,1,N,N,40 01:07.309,75 06:05.983,226, ,220,2,1,5,N, ,3,Y, , , , , , , , ,1,0,0,0,0,0,1,0,0,0,0,0,1,1,0,0,0,0,0,0,0,0,0,0,0,0,0,0,0,0,0,0,0,0,0,8,0,40.0187,-75.1017, , 
74997,830640,2012005005,6,67,67301,2011,12,6,1820,18,3,1,0,4,1, , ,N,1,3,0,3,0,1,6,2,N,N,40 01:27.357,75 08:44.545,1850, ,1830, ,0, ,N, ,3, , , , , , , , , ,2,2,0,0,0,0,0,0,0,0,0,0,1,1,0,0,0,0,1,0,1,0,0,0,0,0,0,0,0,0,0,0,0,0,0,8,0,40.0243,-75.1457, , 
74998,830641,2012010054,6,67,67301,2011,12,4,30,0,3,1,0,7,5, , ,N,0,0,0,3,0,0,1,1,N, ,39 57:16.200,75 09:27.360,35, ,32, ,0, , , ,0, , , , , , , , , ,1,1,0,0,0,0,0,0,0,0,0,0,0,0,0,0,0,0,0,0,0,0,0,0,0,0,0,0,0,0,0,0,0,0,0,0,0,39.9545,-75.1576, , 
74999,833865,2011082461,6,67,67301,2011,7,4,1200,12,1,1,0,1,1, , ,N,1,2,0,3,0,1,2,2,N, ,40 02:12.142,75 02:27.052,1208, ,1207, ,0, , , ,3, , , , , , , , , ,2,2,0,0,0,0,0,0,0,0,0,0,1,1,0,0,0,0,0,0,1,0,0,0,0,0,0,0,0,0,0,0,0,0,0,8,0,40.0368,-75.0407, , 
75000,833891,2011115264,6,67,67301,2011,10,6,1855,18,3,1,0,5,4, , ,N,1,2,0,3,0,1,3,2,N,N,39 57:14.857,75 12:09.311,1900, ,1857, ,0, ,N, ,3, , , , , , , , , ,2,2,0,0,0,0,0,0,0,0,0,0,1,1,0,0,0,0,0,0,0,0,0,3,0,0,0,0,0,0,0,0,0,0,0,8,0,39.9541,-75.2026, , 
75001,833900,2011067170,6,67,67301,2011,7,7,1545,15,1,1,0,1,1, , ,N,6,0,2,3,0,3,3,2,N,N,39 56:50.335,75 11:14.886,1547, ,1545,2,1,3,N, ,0,N, , , , , , , , ,2,1,0,0,0,0,1,0,0,0,1,2,3,0,0,0,0,0,0,0,0,0,0,0,0,0,0,0,0,0,0,0,0,0,0,3,0,39.9473,-75.1875, , 
75002,833907,2011073323,6,67,67301,2011,6,6,2206,22,3,1,0,6,1, , ,N,2,2,0,3,0,1,2,2,N,N,39 57:41.990,75 09:21.974,2208, ,2208,1,1,1,N, ,3,Y, , , , , , , , ,1,1,0,0,0,0,0,0,1,0,1,0,1,0,0,0,0,0,0,0,0,0,0,0,0,0,0,0,0,0,0,0,0,0,0,3,0,39.9617,-75.1561, , 
75003,833911,2011075624,6,67,67301,2011,6,6,720,7,1,1,0,1,1, , ,N,0,0,0,3,0,2,3,2,N,N,40 01:55.833,75 05:30.523,740, ,736, ,0, ,N, ,0, , , , , , , , , ,2,2,0,0,0,0,0,0,0,0,0,2,2,0,0,0,0,0,0,0,1,0,1,1,0,0,0,0,0,0,0,0,0,0,0,4,0,40.0322,-75.0918, , 
75004,833937,2011100826,6,67,67301,2011,9,6,1557,15,1,1,0,1,1, , ,N,1,2,0,3,0,3,3,3,N,N,39 57:17.817,75 11:01.772,1620, ,1612, ,0, ,N, ,3, , , , , , , , , ,3,1,0,0,0,0,2,0,0,0,2,1,3,0,0,0,0,0,0,0,0,0,0,0,0,0,0,0,0,0,0,0,0,0,0,3,0,39.9549,-75.1838, , 
75005,833958,2011075572,6,67,67301,2011,6,3,1715,17,1,1,0,8,1, , ,N,2,0,0,3,0,1,2,2,N,N,39 57:01.439,75 10:21.841,1720, ,1715, ,0, , , ,0, , , , , , , , , ,1,1,0,0,0,0,0,0,0,0,0,0,1,1,0,0,0,0,0,0,0,0,0,0,0,0,0,0,0,0,0,0,1,0,0,8,0,39.9504,-75.1727, , 
75006,833963,2011077096,6,67,67301,2011,7,4,1726,17,1,1,0,1,1,1,3,Y,6,3,3,3,0,0,2,2,N,N,39 59:51.544,75 04:53.645,1726,45,1726, ,0, ,N, ,3, ,N, , ,N,Y, , , ,2,1,0,0,0,0,1,0,0,0,0,0,0,0,0,0,0,0,0,0,1,0,0,0,0,0,0,0,0,0,0,0,0,0,0,0,0,39.9976,-75.0816, , 
75007,833973,2011085473,6,67,67301,2011,7,6,1600,16,1,1,0,1,1, , ,N,0,0,0,3,0,1,3,3,N,N,40 04:15.636,75 09:10.180,1750, ,1739, ,0, ,N, ,0, , , , , , , , , ,3,3,0,0,0,0,0,0,0,0,0,1,1,0,0,0,0,0,0,0,1,0,0,0,0,0,0,0,0,0,0,0,0,0,0,4,0,40.071,-75.1528, , 
75008,833974,2011087123,6,67,67301,2011,8,3,617,6,1,1,0,1,1, , ,N,0,0,0,3,0,1,2,2,N,N,39 59:35.878,75 12:00.434,632, ,629, ,0, ,Y, ,0, , , , , , , , , ,2,1,0,0,1,0,0,0,0,0,0,1,1,0,0,0,0,0,0,0,0,0,0,0,0,0,0,0,0,0,0,0,0,0,0,4,0,39.9933,-75.2001, , 
75009,834007,2011085911,6,67,67301,2011,7,3,1700,17,1,1,0,1,1, , ,N,3,4,0,3,0,2,5,2,N,N,39 53:23.198,75 14:01.809,1710, ,1702, ,0, , , ,3, , , , , , , , , ,2,2,0,0,0,0,0,0,0,0,1,0,2,1,0,0,0,0,0,0,0,0,0,0,0,0,0,0,0,0,0,0,0,0,0,3,0,39.8898,-75.2338, , 
75010,834021,2011098108,6,67,67301,2011,9,1,2300,23,3,1,0,7,2, , ,N,0,0,0,3,0,0,2,1,N,N,40 00:36.631,75 11:09.228,2318, ,2312, ,0, , , ,0, , , , , , , , , ,1,1,0,0,0,0,0,0,0,0,0,0,0,0,0,0,0,0,0,1,0,0,0,0,0,0,0,0,0,0,0,0,0,0,0,0,0,40.0102,-75.1859, , 
75011,834062,2011074989,6,67,67301,2011,7,2,1221,12,1,1,0,1,1, , ,N,0,0,0,3,0,0,3,2,N,N,39 55:31.424,75 08:49.750,1225, ,1223,1,1,2,N, ,0,N, , , , , , , , ,2,0,0,0,1,0,1,0,0,0,0,0,0,0,0,0,0,0,0,0,0,0,0,0,0,0,0,0,0,0,0,0,0,0,0,0,0,39.9255,-75.1471, , 
75012,834067,2011082705,6,67,67301,2011,7,2,1912,19,1,1,0,1,1, , ,N,1,2,0,3,0,2,3,2,N,N,40 03:45.345,75 11:34.329,1959, ,1953, ,0, ,N, ,3, , , , , , , , , ,2,2,0,0,0,0,0,0,0,0,0,0,2,2,0,0,0,0,0,0,0,0,0,0,0,0,0,0,0,0,0,0,0,0,0,8,0,40.0626,-75.1929, , 
75013,834079,2011098070,6,67,67301,2011,9,3,1652,16,1,2,1,1,1, , ,N,1,2,0,3,0,3,5,3,N,N,40 08:03.425,75 00:32.780,1700, ,1654,1,1,2,N, ,3,Y, , , , , , , , ,3,3,0,0,0,0,0,0,0,0,0,3,3,0,0,0,0,0,0,0,0,0,0,0,0,0,0,0,0,0,0,0,0,0,0,4,0,40.1343,-75.0091, , 
75014,834083,2011100748,6,67,67301,2011,9,7,2331,23,3,1,0,4,1, , ,N,2,2,0,3,0,2,3,2,N,N,40 00:54.834,75 09:18.795,2335, ,2333, ,0, , , ,3, , , , , , , , , ,2,1,0,0,1,0,0,0,0,0,0,0,2,2,0,0,0,0,0,0,0,0,0,0,0,0,0,0,0,0,0,0,0,0,0,8,0,40.0152,-75.1552, , 
75015,834091,2011064152,6,67,67301,2011,5,6,1130,11,1,1,0,8,1, , ,N,1,2,0,3,0,1,2,2, , ,39 59:53.945,75 07:38.200,1237, ,1235, ,0, , , ,3, , , , , , , , , ,1,1,0,0,0,0,0,0,0,0,0,1,1,0,0,0,0,0,0,0,0,0,0,0,0,0,0,0,0,0,0,0,1,0,0,4,0,39.9983,-75.1274, , 
75016,834111,2011083402,6,67,67301,2011,7,4,1846,18,1,1,0,8,1, , ,N,0,0,0,3,0,1,2,2,N,N,40 01:43.777,75 03:38.404,1853, ,1851,1,2,4,N, ,0,N, , , , , , , , ,1,1,0,0,0,0,0,0,0,0,0,1,1,0,0,0,0,0,0,0,0,0,0,1,0,0,0,0,0,0,0,0,1,0,0,4,0,40.0288,-75.0607, , 
75017,837143,2011092953,6,67,67301,2011,11,7,1450,14,1,9,0,4,1, , ,N,2,3,0,3,0,2,3,2,N,N,40 04:36.584,74 59:11.108,1610, ,1450, ,0, ,N, ,3, , , , , , , , , ,2,2,0,0,0,0,0,0,0,0,0,2,2,0,0,0,0,0,0,0,1,0,0,0,0,0,0,0,0,0,0,0,0,0,0,4,0,40.0768,-74.9864, , 
75018,837145,2011095635,6,67,67301,2011,7,3,2324,23,2,1,0,8,1, , ,N,0,0,0,3,0,1,2,2,N,N,39 57:56.008,75 08:13.803,2326, ,2324,2,2,2,N, ,0,N, , , , , , , , ,1,1,0,0,0,0,0,0,0,0,1,0,1,0,0,0,0,0,0,0,0,0,0,0,0,0,0,0,0,0,0,0,1,0,0,3,0,39.9657,-75.137, , 
75019,837158,2011112211,6,67,67301,2011,9,4,945,9,1,1,0,4,1, , ,N,1,2,0,3,0,1,2,2,N,N,39 58:14.246,75 09:46.727,1003, ,1003, ,0, ,N, ,3, , , , , , , , , ,1,1,0,0,0,0,0,0,1,0,0,1,1,0,0,0,0,0,0,0,1,0,0,0,0,0,0,0,0,0,0,0,0,0,0,4,0,39.9706,-75.163, , 
75020,837176,2011068499,6,67,67301,2011,6,1,2010,20,4,1,0,8,1, , ,N,1,3,0,3,0,1,2,2,N,N,39 58:18.876,75 14:09.635,2040, ,2037, ,0, ,N, ,3, , , , , , , , , ,1,1,0,0,0,0,0,0,0,0,0,0,1,1,1,0,0,0,0,0,0,0,0,0,0,0,0,0,0,0,0,0,1,0,0,8,0,39.9719,-75.236, , 
75021,837187,2011075749,6,67,67301,2011,6,4,1241,12,1,1,0,4,1, , ,N,1,2,0,3,0,0,2,2, , ,40 02:35.284,75 04:25.695,1252, ,1249, ,0, , , ,3, , , , , , , , , ,2,2,0,0,0,0,0,0,0,0,0,0,0,0,0,0,0,0,0,0,0,0,1,0,0,0,0,0,0,0,0,0,0,0,0,0,0,40.0431,-75.0738, , 
75022,837200,2011100812,6,67,67301,2011,9,3,1330,13,1,2,1,4,1, , ,N,1,2,0,3,0,2,3,3,N,N,40 01:38.846,75 03:44.583,1345, ,1343, ,0, ,N, ,3, , , , , , , , , ,3,1,0,0,0,0,2,0,0,0,0,0,2,2,0,0,0,0,0,0,2,0,0,0,0,0,0,0,0,0,0,0,0,0,0,8,0,40.0275,-75.0624, , 
75023,837219,2011066086,6,67,67301,2011,6,7,300,3,3,1,0,2,1, , ,N,1,2,0,3,0,3,3,3,N,N,39 57:44.928,75 12:58.376,314, ,306, ,0, ,N, ,3, , , , , , , , , ,3,3,0,0,0,0,0,0,0,1,0,1,3,1,0,0,0,0,1,0,0,0,0,0,0,0,0,0,0,0,0,0,0,0,0,2,0,39.9625,-75.2162, , 
75024,837222,2011073217,6,67,67301,2011,6,3,1742,17,1,2,1,4,1, , ,N,2,0,0,3,0,1,3,2,N,N,40 02:49.948,75 08:26.465,1746, ,1745, ,0, ,N, ,0, , , , , , , , , ,2,1,0,0,1,0,0,0,0,0,0,1,1,0,2,0,0,0,0,0,0,1,0,0,0,0,0,0,0,0,0,0,0,0,0,4,0,40.0472,-75.1406, , 
75025,837227,2011080813,6,67,67301,2011,6,2,1635,16,1,1,0,4,1, , ,N,1,3,0,3,0,0,2,2,N,N,39 59:15.972,75 07:06.574,1658, ,1647, ,0, ,N, ,3, , , , , , , , , ,2,1,0,0,1,0,0,0,0,0,0,0,0,0,1,0,0,0,0,0,0,0,0,0,0,0,0,0,0,0,0,0,0,0,0,9,0,39.9878,-75.1185, , 
75026,837230,2011085461,6,67,67301,2011,7,2,1108,11,1,1,0,8,1, , ,N,1,2,0,3,0,1,2,2,N, ,39 55:23.512,75 10:11.995,1125, ,1117, ,0, , , ,3, , , , , , , , , ,1,1,0,0,0,0,0,0,0,0,0,0,1,1,0,0,0,0,0,0,0,0,0,0,0,0,0,0,0,0,0,0,1,0,0,8,0,39.9231,-75.1699, , 
75027,837235,2011075609,6,67,67301,2011,6,6,1243,12,1,1,0,8,1, , ,N,2,0,0,3,0,1,2,2, , ,39 59:32.477,75 09:17.768,1248, ,1246, ,0, , , ,0, , , , , , , , , ,1,1,0,0,0,0,0,0,0,0,0,1,1,0,0,0,0,0,0,0,1,0,0,0,0,0,0,0,0,0,0,0,1,0,0,4,0,39.9923,-75.1548, , 
75028,837246,2011082654,6,67,67301,2011,7,7,1135,11,1,1,0,4,1, , ,N,10,0,0,3,0,1,2,2,N,N,39 57:02.466,75 12:11.883,1135, ,1135, ,0, ,N, ,0, , , , , , , , , ,1,0,0,0,0,0,1,0,1,0,0,0,1,1,0,0,0,0,0,1,0,0,0,0,0,0,0,0,0,0,0,0,0,0,0,8,0,39.9507,-75.2033, , 
75029,837247,2011083346,6,67,67301,2011,7,6,1308,13,1,1,0,8,1, , ,N,0,0,0,3,0,1,2,2,N,N,39 57:11.541,75 12:16.971,1312, ,1308, ,0, ,N, ,0, , , , , , , , , ,1,1,0,0,0,0,0,0,0,0,0,1,1,0,0,0,0,0,0,0,0,0,0,0,0,0,0,0,0,0,0,0,1,0,0,4,0,39.9532,-75.2047, , 
75030,837248,2011083389,6,67,67301,2011,7,6,2139,21,3,1,0,1,1, , ,N,0,0,0,3,0,1,2,2,N,N,39 58:28.559,75 11:57.926,2140, ,2139, ,0, , , ,0, , , , , , , , , ,2,0,0,0,1,0,1,0,0,0,0,0,1,1,0,0,0,0,0,0,1,0,0,0,0,0,0,0,0,0,0,0,0,0,0,8,0,39.9746,-75.1994, , 
75031,837255,2011090393,6,67,67301,2011,8,5,1600,16,1,1,0,4,1, , ,N,1,3,0,3,0,1,2,2,N,N,39 58:28.588,75 09:35.171,1609, ,604, ,0, ,N, ,3, , , , , , , , , ,2,1,1,0,0,0,0,0,0,0,0,0,1,1,0,0,0,0,0,0,0,0,0,0,0,0,0,0,0,0,0,0,0,0,0,8,0,39.9746,-75.1598, , 
75032,837256,2011090480,6,67,67301,2011,8,4,1730,17,1,1,0,3,1, , ,N,1,2,0,3,0,1,2,2,N,N,39 57:48.562,75 10:09.743,1731, ,1731, ,0, , , ,3, , , , , , , , , ,1,1,0,0,0,0,0,0,1,0,0,0,1,1,0,0,0,0,0,0,0,0,0,0,0,0,0,0,0,0,0,0,0,0,0,8,0,39.9634,-75.1694, , 
75033,837266,2011100911,6,67,67301,2011,9,5,1722,17,1,1,0,4,1, , ,N,1,0,0,3,0,2,4,2,N,N,39 57:03.232,75 14:05.913,1805, ,1723, ,0, ,N, ,0, , , , , , , , , ,2,1,0,0,0,0,1,0,0,0,0,2,2,0,0,0,0,0,0,0,1,0,0,0,0,0,0,0,0,0,0,0,0,0,0,4,0,39.9509,-75.235, , 
75034,837278,2011066277,6,67,67301,2011,6,6,1417,14,1,1,0,2,1,8,8,Y,0,7,0,3,0,0,2,2,N,N,40 03:06.298,75 11:38.405,1549,99,1544,3,1,5,N, ,3,Y,U,U,U,U,U,U,U,U,2,2,0,0,0,0,0,0,0,0,0,0,0,0,0,0,0,0,0,0,1,0,0,2,0,0,0,0,0,0,0,0,0,0,0,0,0,40.0517,-75.194, , 
75035,839512,2011082738,6,67,67301,2011,7,1,156,1,3,1,0,1,1, , ,N,1,2,0,3,0,0,5,3,N, ,39 57:54.690,75 09:39.103,200, ,156, ,0, , , ,3, , , , , , , , , ,3,2,0,0,0,0,0,1,0,0,0,0,0,0,0,0,0,0,0,0,0,0,0,0,0,0,0,0,0,0,0,0,0,0,0,0,0,39.9651,-75.1607, , 
75036,839518,2011087954,6,67,67301,2011,7,7,932,9,1,1,0,8,1, , ,N,0,0,0,3,0,1,2,2,N,N,39 59:00.577,75 07:54.710,945, ,940, ,0, ,N, ,0, , , , , , , , , ,1,1,0,0,0,0,0,0,0,0,0,1,1,0,0,0,0,0,0,0,0,0,0,0,0,0,0,0,0,0,0,0,1,0,0,4,0,39.9835,-75.1319, , 
75037,839519,2011087967,6,67,67301,2011,8,2,9999,99,1,1,0,4,1, , ,N,1,2,0,3,0,2,2,2,N, ,40 01:26.280,75 02:07.317,1123, ,1119, ,0, , , ,3, , , , , , , , , ,2,1,0,0,0,0,1,0,0,0,0,0,2,2,0,0,0,0,0,0,0,0,1,2,0,0,0,0,0,0,0,0,0,0,0,8,0,40.024,-75.0354, , 