objectid_1,objectid,crn,district,county,municipality,crash_year,crash_month,day_of_week,time_of_day,hour_of_day,illumination,weather,road_condition,collision_type,relation_to_road,work_zone_type,work_zone_loc,work_zone_ind,intersect_type,tcd_type,location_type,urban_rural,fatal_count,injury_count,person_count,total_units,sch_bus_ind,sch_zone_ind,latitude,longitude,arrival_tm,cons_zone_spd_lim,dispatch_tm,est_hrs_closed,lane_closed,ln_close_dir,ntfy_hiwy_maint,spec_juris_cd,tcd_func_cd,tfc_detour_ind,workers_pres,wz_close_detour,wz_flagger,wz_law_offcr_ind,wz_ln_closure,wz_moving,wz_other,wz_shlder_mdn,vehicle_count,automobile_count,motorcycle_count,bus_count,small_truck_count,heavy_truck_count,suv_count,van_count,bicycle_count,maj_inj_count,mod_inj_count,min_inj_count,tot_inj_count,unk_inj_deg_count,unk_inj_per_count,driver_count_16yr,driver_count_17yr,driver_count_18yr,driver_count_19yr,driver_count_20yr,driver_count_50_64yr,driver_count_65_74yr,driver_count_75plus,unbelted_occ_count,unb_death_count,unb_maj_inj_count,belted_death_count,belted_maj_inj_count,mcycle_death_count,mcycle_maj_inj_count,bicycle_death_count,bicycle_maj_inj_count,ped_count,ped_death_count,ped_maj_inj_count,max_severity_level,comm_veh_count,dec_lat,dec_long,rdwy_surf_type_cd,county_name
75038,839549,2011076292,6,67,67301,2011,7,7,1740,17,1,1,0,4,1, , ,N,1,2,0,3,0,1,2,2,N,N,40 05:22.585,75 03:25.253,1742, ,1740, ,0, ,N, ,3, , , , , , , , , ,2,1,1,0,0,0,0,0,0,0,0,0,1,1,0,0,0,0,0,0,0,0,0,0,0,0,0,0,0,0,0,0,0,0,0,8,0,40.0896,-75.057, , 
75039,839564,2011100740,6,67,67301,2011,9,3,946,9,1,2,1,4,1, , ,N,2,3,0,3,0,1,2,2,N,N,39 56:48.919,75 11:00.412,1025, ,1010, ,0, ,N, ,3, , , , , , , , , ,2,2,0,0,0,0,0,0,0,0,1,0,1,0,0,0,0,0,0,0,1,0,0,0,0,0,0,0,0,0,0,0,0,0,0,3,0,39.9469,-75.1834, , 
75040,839567,2011106220,6,67,67301,2011,9,1,2100,21,3,1,0,4,1, , ,N,1,2,0,3,0,0,2,2,N,N,40 01:34.080,75 08:51.217,2126, ,2120, ,0, ,N, ,3, , , , , , , , , ,2,2,0,0,0,0,0,0,0,0,0,0,0,0,0,0,0,0,0,0,1,0,0,1,0,0,0,0,0,0,0,0,0,0,0,0,0,40.0261,-75.1475, , 
75041,839574,2011112627,6,67,67301,2011,10,1,715,7,3,1,5,5,1, , ,N,0,0,0,3,0,0,2,2,N,N,40 01:24.310,75 01:57.585,715, ,715, ,0, ,N, ,0, , , , , , , , , ,2,1,0,0,0,1,0,0,0,0,0,0,0,0,0,0,0,0,0,0,1,0,0,0,0,0,0,0,0,0,0,0,0,0,0,0,1,40.0234,-75.0327, , 
75042,839594,2011052998,6,67,67301,2011,5,7,1251,12,1,1,0,1,1, , ,N,0,0,0,3,0,1,2,2,N,N,39 59:42.655,75 11:51.950,1259, ,1256,1,2,3,N, ,0,N, , , , , , , , ,2,1,0,0,0,0,1,0,0,0,0,0,1,1,0,0,0,0,0,0,1,0,0,0,0,0,0,0,0,0,0,0,0,0,0,8,0,39.9952,-75.1978, , 
75043,839595,2011053635,6,67,67301,2011,4,3,1315,13,1,2,1,4,1, , ,N,1,2,2,3,0,0,2,2,N,N,40 00:52.738,75 10:42.411,1320, ,1317, ,0, , , ,3, , , , , , , , , ,2,1,0,0,1,0,0,0,0,0,0,0,0,0,0,0,0,0,0,0,1,0,0,0,0,0,0,0,0,0,0,0,0,0,0,0,0,40.0146,-75.1784, , 
75044,839597,2011054256,6,67,67301,2011,4,7,1530,15,1,1,0,4,1, , ,N,1,2,0,3,0,1,2,2,N,N,39 59:18.582,75 09:38.617,1530, ,1530,1,2,2,N, ,3,Y, , , , , , , , ,2,0,1,0,1,0,0,0,0,0,0,1,1,0,0,0,0,1,0,0,0,0,0,1,0,0,0,0,0,0,0,0,0,0,0,4,0,39.9885,-75.1607, , 
75045,839602,2011060478,6,67,67301,2011,6,6,1430,14,1,1,0,1,1, , ,N,0,0,0,3,0,1,4,3,N,N,39 56:28.096,75 08:36.441,1440, ,1432,1,1,2,N, ,0,N, , , , , , , , ,3,0,0,0,1,0,2,0,0,0,0,0,1,1,0,0,0,0,0,0,1,0,0,0,0,0,0,0,0,0,0,0,0,0,0,8,0,39.9412,-75.1435, , 
75046,839604,2011061728,6,67,67301,2011,5,7,238,2,3,1,0,8,3, , ,N,1,2,0,3,0,1,2,2,N,N,39 57:47.143,75 09:58.303,240, ,240, ,0, ,N, ,3, , , , , , , , , ,1,1,0,0,0,0,0,0,0,0,0,0,1,1,0,0,0,0,0,0,0,0,0,0,0,0,0,0,0,0,0,0,1,0,0,8,0,39.963,-75.1662, , 
75047,839635,2011066159,6,67,67301,2011,5,5,1432,14,1,1,0,7,5, , ,N,0,0,0,3,0,3,3,2, , ,40 05:23.488,74 58:30.842,1450, ,1443, ,0, , , ,0, , , , , , , , , ,2,1,0,0,0,0,0,1,0,0,3,0,3,0,0,0,0,0,0,0,0,0,0,0,0,0,0,0,0,0,0,0,0,0,0,3,0,40.0899,-74.9752, , 
75048,839659,2011082542,6,67,67301,2011,7,3,850,8,1,1,0,8,1, , ,N,2,0,0,3,0,1,2,2,N, ,40 00:38.822,75 05:25.850,915, ,910, ,0, , , ,0, , , , , , , , , ,1,1,0,0,0,0,0,0,0,0,0,0,1,1,0,0,0,0,0,0,0,0,0,0,0,0,0,0,0,0,0,0,1,0,0,8,0,40.0108,-75.0905, , 
75049,839660,2011083372,6,67,67301,2011,7,1,1830,18,1,1,0,4,1, , ,N,0,0,7,3,0,1,2,2,N,N,40 02:29.920,75 06:00.970,1948, ,1947, ,0, ,N, ,0, , , , , , , , , ,1,1,0,0,0,0,0,0,1,0,0,1,1,0,0,0,0,0,0,0,0,0,0,0,0,0,0,0,0,0,0,0,0,0,0,4,0,40.0416,-75.1003, , 
75050,839668,2011092699,6,67,67301,2011,8,4,1027,10,1,1,0,1,1, , ,N,0,0,0,3,0,0,10,4,N,N,39 54:00.305,75 09:32.325,1100, ,1050, ,0, ,N, ,0, , , , , , , , , ,4,1,0,0,1,0,1,1,0,0,0,0,0,0,0,0,0,0,1,0,2,0,0,0,0,0,0,0,0,0,0,0,0,0,0,0,0,39.9001,-75.159, , 
75051,839697,2011076493,6,67,67301,2011,6,1,310,3,3,1,0,7,2, , ,N,5,2,0,3,0,1,1,1,N,N,40 02:52.443,75 01:53.885,320, ,312, ,0, ,N, ,3, , , , , , , , , ,1,1,0,0,0,0,0,0,0,0,0,1,1,0,0,0,0,0,0,0,0,0,0,1,0,0,0,0,0,0,0,0,0,0,0,4,0,40.0481,-75.0317, , 
75052,839698,2011076495,6,67,67301,2011,6,2,1710,17,1,1,0,4,1, , ,N,2,3,0,3,0,1,3,2,N,N,40 03:21.143,75 02:42.980,1711, ,1713, ,0, , , ,3, , , , , , , , , ,2,1,0,0,0,0,0,1,0,0,0,1,1,0,0,0,0,0,0,1,0,0,0,0,0,0,0,0,0,0,0,0,0,0,0,4,0,40.0559,-75.0453, , 
75053,830646,2011096622,6,46,46102,2011,9,6,1722,17,1,2,1,1,1, , ,N,0,2,0,3,0,1,2,2,N,N,40 04:21.150,75 09:20.296,1727, ,1722, ,0, ,N, ,3, , , , , , , , , ,2,1,0,0,0,0,1,0,0,0,0,0,1,1,0,0,0,0,0,0,1,0,0,0,0,0,0,0,0,0,0,0,0,0,0,8,0,40.0725,-75.1556, , 
75054,830657,2011108912,6,67,67301,2011,9,4,1710,17,1,2,1,4,1, , ,N,0,0,7,3,0,4,6,3,N,N,40 02:12.138,75 10:50.379,1800, ,1716, ,0, ,N, ,0, , , , , , , , , ,3,2,0,0,0,0,1,0,0,0,0,4,4,0,0,0,0,0,0,0,0,0,0,0,0,0,0,0,0,0,0,0,0,0,0,4,0,40.0367,-75.1807, , 
75055,830668,2011117814,6,67,67301,2011,10,3,225,2,3,1,1,1,6, , ,N,0,3,0,3,0,0,1,2,N,N,39 57:47.858,75 11:54.713,235, ,230, ,0, , , ,3, , , , , , , , , ,2,1,0,0,0,0,1,0,0,0,0,0,0,0,1,0,0,0,0,0,0,0,0,0,0,0,0,0,0,0,0,0,0,0,0,9,0,39.9633,-75.1985, , 
75056,830669,2011118142,6,67,67301,2011,10,3,1955,19,3,1,0,7,3, , ,N,0,0,0,3,0,1,1,1,N,N,40 03:15.100,75 02:55.333,2005, ,1955,2,1,2,N, ,0,N, , , , , , , , ,1,0,0,0,1,0,0,0,0,0,0,0,1,1,0,0,0,0,0,0,0,0,0,0,0,0,0,0,0,0,0,0,0,0,0,8,0,40.0542,-75.0487, , 
75057,830688,2011082673,6,67,67301,2011,7,4,1450,14,1,1,0,4,1, , ,N,1,3,0,3,0,2,3,2,N,N,39 59:51.514,75 08:48.199,1546, ,1529, ,0, ,N, ,3, , , , , , , , , ,2,2,0,0,0,0,0,0,0,0,0,2,2,0,0,0,0,0,0,0,0,0,0,0,0,0,0,0,0,0,0,0,0,0,0,4,0,39.9976,-75.1467, , 
75058,830704,2011104105,6,67,67301,2011,10,1,345,3,3,1,0,7,2, , ,N,0,0,0,3,0,1,1,1,N,N,39 55:57.148,75 12:00.098,348, ,347,2,1,4,N, ,0,N, , , , , , , , ,1,1,0,0,0,0,0,0,0,0,0,0,1,1,0,0,0,0,0,0,0,0,0,1,0,0,0,0,0,0,0,0,0,0,0,8,0,39.9325,-75.2, , 
75059,830725,2011074032,6,67,67301,2011,7,7,958,9,1,1,0,4,1, , ,N,1,2,0,3,0,2,5,2,N,N,40 01:40.946,75 06:36.204,1022, ,1000,2,1,4,N, ,3,N, , , , , , , , ,2,2,0,0,0,0,0,0,0,0,0,2,2,0,0,0,0,0,0,0,0,0,0,0,0,0,0,0,0,0,0,0,0,0,0,4,0,40.028,-75.1101, , 
75060,830729,2011085759,6,67,67301,2011,8,4,1759,17,1,1,0,5,1, , ,N,0,0,0,3,0,1,2,2,N,N,39 59:21.647,75 05:14.854,1806, ,1806,1,1,1,N, ,0,N, , , , , , , , ,2,2,0,0,0,0,0,0,0,0,0,0,1,1,0,0,0,0,0,0,1,0,0,0,0,0,0,0,0,0,0,0,0,0,0,8,0,39.9892,-75.0875, , 
75061,830732,2011090382,6,67,67301,2011,7,5,1618,16,1,1,0,1,1, , ,N,1,2,0,3,0,1,2,2,N,N,39 59:12.926,75 09:39.761,1627, ,1626, ,0, ,N, ,3, , , , , , , , , ,1,1,0,0,0,0,0,0,1,0,0,0,1,1,1,0,0,0,0,0,0,0,0,0,0,0,0,0,0,0,0,0,0,0,0,8,0,39.9869,-75.161, , 
75062,830742,2011100790,6,67,67301,2011,9,3,1718,17,1,1,0,8,1, , ,N,1,2,0,3,0,1,8,2,N,N,40 02:02.652,75 10:35.500,1735, ,1724, ,0, ,N, ,3, , , , , , , , , ,1,0,0,1,0,0,0,0,0,0,0,0,1,1,6,0,0,0,0,0,0,0,0,0,0,0,0,0,0,0,0,0,1,0,0,8,1,40.0341,-75.1765, , 
75063,830751,2011106219,6,67,67301,2011,9,7,230,2,3,2,1,4,1, , ,N,1,2,0,3,0,2,2,2,N,N,40 01:27.922,75 08:48.832,253, ,250,2,1,3,N, ,3,N, , , , , , , , ,2,2,0,0,0,0,0,0,0,0,0,2,2,0,0,0,0,0,0,0,0,0,0,0,0,0,0,0,0,0,0,0,0,0,0,4,0,40.0244,-75.1469, , 
75064,830755,2011044834,6,67,67301,2011,4,6,1828,18,1,1,0,4,1, , ,N,1,2,0,3,0,1,2,2,N,N,39 55:00.719,75 10:19.433,1839, ,1829, ,0, ,N, ,3, , , , , , , , , ,2,2,0,0,0,0,0,0,0,0,0,1,1,0,0,0,0,1,0,0,0,0,0,0,0,0,0,0,0,0,0,0,0,0,0,4,0,39.9169,-75.1721, , 
75065,830763,2011053602,6,67,67301,2011,4,2,1002,10,1,1,0,1,1, , ,N,1,2,2,3,0,0,2,2,N, ,39 54:36.252,75 09:48.020,1005, ,1003,2,2,4, , ,3,N, , , , , , , , ,2,0,0,0,1,0,1,0,0,0,0,0,0,0,0,0,0,0,0,0,2,0,0,0,0,0,0,0,0,0,0,0,0,0,0,0,0,39.9101,-75.1633, , 
75066,830775,2011063188,6,67,67301,2011,5,3,648,6,1,1,0,1,1, , ,N,7,0,2,3,0,1,2,2,N,N,39 56:33.062,75 11:36.947,709, ,701, ,0, ,N, ,0, , , , , , , , , ,2,1,0,0,1,0,0,0,0,0,0,1,1,0,0,0,0,0,0,0,0,0,0,0,0,0,0,0,0,0,0,0,0,0,0,4,0,39.9411,-75.195, , 
75067,830782,2011073279,6,67,67301,2011,6,3,9999,99,3,1,0,4,1, , ,N,1,2,0,3,0,0,2,5,N,N,40 00:02.271,75 07:58.407,9999, ,9999,2,2,2,N, ,3,Y, , , , , , , , ,5,2,0,0,1,0,2,0,0,0,0,0,0,0,1,0,0,0,0,0,0,0,0,0,0,0,0,0,0,0,0,0,0,0,0,9,0,40.0006,-75.1329, , 
75068,830786,2011076266,6,67,67301,2011,6,2,2200,22,3,1,0,6,1, , ,N,0,2,0,3,0,1,4,3,N,N,40 00:48.300,75 07:23.060,2257, ,2254,4,1,4,N, ,3,Y, , , , , , , , ,3,1,1,0,0,0,0,1,0,0,0,0,1,1,0,0,0,0,0,0,0,0,0,0,0,0,0,0,0,0,0,0,0,0,0,8,0,40.0134,-75.1231, , 
75069,830796,2011082590,6,67,67301,2011,1,4,1805,18,1,9,0,1,1, , ,N,1,2,0,3,0,1,3,2,N, ,40 00:29.232,75 04:21.619,1253, ,1253, ,0, , , ,3, , , , , , , , , ,2,1,0,0,0,0,0,1,0,0,0,1,1,0,2,0,0,0,0,0,0,0,0,0,0,0,0,0,0,0,0,0,0,0,0,4,0,40.0081,-75.0725, , 
75070,830824,2011066157,6,67,67301,2011,6,5,1647,16,1,1,0,8,1, , ,N,1,2,0,3,0,1,2,2,N,N,39 55:23.878,75 09:40.753,1655, ,1649,1,2,1,N, ,2,Y, , , , , , , , ,1,0,0,0,0,0,1,0,0,0,0,1,1,0,0,0,0,0,0,0,0,0,0,0,0,0,0,0,0,0,0,0,1,0,0,4,0,39.9233,-75.1613, , 
75071,834128,2011098025,6,67,67301,2011,9,5,2045,20,3,1,0,7,2, , ,N,0,0,0,3,0,1,1,1,N,N,40 06:09.794,75 00:14.529,2052, ,2048, ,0, ,N, ,0, , , , , , , , , ,1,1,0,0,0,0,0,0,0,0,1,0,1,0,0,0,0,0,0,0,1,0,0,1,0,0,0,0,0,0,0,0,0,0,0,3,0,40.1027,-75.0041, , 
75072,834131,2011099582,6,67,67301,2011,8,4,1551,15,1,1,0,1,1, , ,N,0,0,0,3,0,1,3,3,N,N,39 57:26.810,75 08:50.645,1552, ,1552,1,2,3,N, ,0,N, , , , , , , , ,3,1,0,0,1,0,0,1,0,0,0,1,1,0,0,0,0,0,0,0,0,0,0,0,0,0,0,0,0,0,0,0,0,0,0,4,0,39.9574,-75.1474, , 
75073,834133,2011066051,6,67,67301,2011,5,7,249,2,3,1,0,5,1, , ,N,0,0,0,3,0,0,1,4,N,N,39 57:20.893,75 12:58.062,327, ,327, ,0, ,N, ,0, , , , , , , , , ,4,3,0,0,0,0,1,0,0,0,0,0,0,0,0,0,0,0,0,0,0,0,0,0,0,0,0,0,0,0,0,0,0,0,0,0,0,39.9558,-75.2161, , 
75074,834145,2011057453,6,67,67301,2011,4,3,2250,22,3,1,0,7,4, , ,N,3,0,0,3,0,0,1,2, , ,40 03:27.637,75 01:44.507,2258, ,2254,2,2,6, , ,0,Y, , , , , , , , ,2,2,0,0,0,0,0,0,0,0,0,0,0,0,0,0,0,0,0,0,0,0,0,0,0,0,0,0,0,0,0,0,0,0,0,0,0,40.0577,-75.029, , 
75075,834174,2011095351,6,67,67301,2011,8,6,1500,15,1,1,0,4,1, , ,N,0,0,0,3,0,1,3,2,N,N,39 56:14.234,75 09:43.890,928, ,925, ,0, ,N, ,0, , , , , , , , , ,1,1,0,0,0,0,0,0,1,0,0,0,1,1,2,0,0,0,0,0,0,0,0,2,0,0,0,0,0,0,0,0,0,0,0,8,0,39.9373,-75.1622, , 
75076,834177,2011100697,6,67,67301,2011,9,6,630,6,1,1,0,1,1, , ,N,1,2,0,3,0,0,2,2,N,N,39 56:45.926,75 11:54.625,830, ,827,9,2,2,N, ,9,Y, , , , , , , , ,2,2,0,0,0,0,0,0,0,0,0,0,0,0,0,0,0,0,0,0,0,0,0,2,0,0,0,0,0,0,0,0,0,0,0,0,0,39.9461,-75.1985, , 
75077,834235,2011076580,6,67,67301,2011,7,5,800,8,1,1,0,1,1, , ,N,0,0,0,3,0,1,6,4,N,N,39 59:03.135,75 12:30.004,802, ,801,1,1,3,N, ,0,N, , , , , , , , ,4,3,0,0,0,0,1,0,0,0,0,1,1,0,0,0,0,0,0,0,0,0,0,0,0,0,0,0,0,0,0,0,0,0,0,4,0,39.9842,-75.2083, , 
75078,834251,2011078714,6,67,67301,2011,8,3,800,8,1,1,0,1,1,1,4,Y,0,0,0,3,0,0,5,4,N,N,39 53:56.518,75 10:06.713,819,55,806,1,2,2,N, ,0,N,Y,N,N,N,Y,N,N,N,4,2,0,0,1,0,1,0,0,0,0,0,0,0,0,0,0,0,0,0,0,0,0,0,0,0,0,0,0,0,0,0,0,0,0,0,0,39.899,-75.1685, , 
75079,834254,2011085512,6,67,67301,2011,7,7,1158,11,1,1,0,4,1, , ,N,0,0,0,3,0,1,3,2,N,N,39 54:49.678,75 14:37.101,1215, ,1205,2,1,2,N, ,0,N, , , , , , , , ,2,1,0,0,0,0,1,0,0,0,0,0,1,1,0,0,0,0,0,0,0,0,0,0,0,0,0,0,0,0,0,0,0,0,0,8,0,39.9138,-75.2437, , 
75080,834286,2011066219,6,67,67301,2011,5,1,135,1,2,1,0,7,2, , ,N,0,0,0,3,0,0,1,1, , ,39 59:25.121,75 11:48.526,139, ,135, ,0, , , ,0, , , , , , , , , ,1,1,0,0,0,0,0,0,0,0,0,0,0,0,0,0,0,0,0,0,0,0,0,0,0,0,0,0,0,0,0,0,0,0,0,0,0,39.9903,-75.1968, , 
75081,834298,2011082489,6,67,67301,2011,7,5,1758,17,1,1,0,4,1, , ,N,0,0,0,3,0,0,2,2,N,N,39 58:44.548,75 13:00.639,1800, ,1800, ,0, ,N, ,0, , , , , , , , , ,2,2,0,0,0,0,0,0,0,0,0,0,0,0,0,0,0,0,0,0,1,0,0,0,0,0,0,0,0,0,0,0,0,0,0,0,0,39.979,-75.2168, , 
75082,834304,2011087861,6,67,67301,2011,6,4,530,5,1,1,0,5,1, , ,N,0,0,0,3,0,1,2,6,N,N,39 59:58.351,75 06:04.234,600, ,550,2,1,1,N, ,0,Y, , , , , , , , ,6,4,0,0,0,0,1,1,0,0,0,0,1,1,1,0,0,0,0,0,0,0,0,0,0,0,0,0,0,0,0,0,0,0,0,8,0,39.9995,-75.1012, , 
75083,834312,2011095957,6,67,67301,2011,8,7,2320,23,3,1,0,4,2, , ,N,2,2,0,3,0,1,4,2,N, ,39 59:15.615,75 13:29.927,2335, ,2320,9,1,5, , ,3,N, , , , , , , , ,2,2,0,0,0,0,0,0,0,0,0,0,1,1,0,0,0,0,0,0,0,0,0,2,0,0,0,0,0,0,0,0,0,0,0,8,0,39.9877,-75.225, , 
75084,834313,2011095965,6,67,67301,2011,8,2,20,0,3,1,1,4,1, , ,N,1,2,0,3,0,1,2,2,N,N,39 58:22.278,75 10:50.613,34, ,32, ,0, ,N, ,3, , , , , , , , , ,1,0,0,0,0,0,1,0,1,0,0,0,1,1,1,0,0,0,0,0,0,0,0,1,0,0,0,0,0,0,0,0,0,0,0,8,0,39.9729,-75.1807, , 
75085,834343,2011062486,6,67,67301,2011,6,6,502,5,3,2,7,1,1, , ,N,0,0,0,3,0,0,3,3,N,N,39 57:21.922,75 10:50.485,515, ,505,1,1,3,N, ,0,N, , , , , , , , ,3,1,0,0,0,1,1,0,0,0,0,0,0,0,0,0,0,0,0,0,0,0,0,0,0,0,0,0,0,0,0,0,0,0,0,0,1,39.9561,-75.1807, , 
75086,834346,2011068479,6,67,67301,2011,6,6,1130,11,1,1,0,1,1, , ,N,0,0,0,3,0,0,2,2,N,N,39 55:02.569,75 12:59.227,1150, ,1142, ,0, ,N, ,0, , , , , , , , , ,2,1,0,0,0,0,1,0,0,0,0,0,0,0,0,0,0,0,0,0,0,0,0,0,0,0,0,0,0,0,0,0,0,0,0,0,0,39.9174,-75.2165, , 
75087,834347,2011068714,6,67,67301,2011,6,3,1315,13,1,1,0,1,1, , ,N,2,3,0,3,0,1,2,2, , ,39 55:06.420,75 14:19.888,1335, ,1330, ,0, , , ,3, , , , , , , , , ,2,2,0,0,0,0,0,0,0,0,0,1,1,0,0,0,0,0,0,0,0,0,0,0,0,0,0,0,0,0,0,0,0,0,0,4,0,39.9185,-75.2389, , 
75088,834358,2011085513,6,67,67301,2011,7,5,549,5,5,1,0,1,1, , ,N,0,0,0,3,0,7,7,2,N,N,39 54:09.160,75 14:23.346,555, ,553,2,2,2,N, ,0,N, , , , , , , , ,2,1,0,0,0,0,1,0,0,1,6,0,7,0,0,0,0,0,0,0,1,0,0,3,0,1,0,0,0,0,0,0,0,0,0,2,0,39.9025,-75.2398, , 
75089,834361,2011088077,6,67,67301,2011,7,7,210,2,3,1,1,4,1, , ,N,1,2,0,3,0,1,2,2,N,N,40 02:32.725,75 04:57.598,225, ,221, ,0, ,N, ,2, , , , , , , , , ,2,2,0,0,0,0,0,0,0,0,0,1,1,0,1,0,0,1,0,0,0,0,0,0,0,0,0,0,0,0,0,0,0,0,0,4,0,40.0424,-75.0828, , 
75090,837296,2013029672,6,67,67301,2011,11,1,1220,12,1,1,0,8,1, , ,N,0,0,0,3,0,1,2,2,N,N,40 02:14.434,75 02:30.422,1227, ,1225,9,1,6,N, ,0,Y, , , , , , , , ,1,1,0,0,0,0,0,0,0,1,0,0,1,0,0,0,0,0,0,0,0,0,0,0,0,0,0,0,0,0,0,0,1,0,1,2,0,40.0373,-75.0418, , 
75091,837315,2011028998,6,67,67301,2011,2,6,1400,14,1,1,0,1,1, , ,N,0,2,0,3,0,2,3,2,N,N,39 59:33.150,75 07:13.640,1414, ,1412, ,0, ,N, ,3, , , , , , , , , ,2,1,0,0,1,0,0,0,0,0,0,2,2,0,0,0,0,0,0,0,0,0,0,0,0,0,0,0,0,0,0,0,0,0,0,4,0,39.9925,-75.1205, , 
75092,837321,2011038407,6,67,67301,2011,3,5,0,0,3,1,0,8,2, , ,N,0,0,0,3,0,1,2,2, , ,40 07:42.024,75 01:24.196,210, ,200,1,1,3, , ,0,N, , , , , , , , ,1,1,0,0,0,0,0,0,0,0,0,1,1,0,0,0,0,0,0,0,0,0,0,0,0,0,0,0,0,0,0,0,1,0,0,4,0,40.1283,-75.0234, , 
75093,837322,2011038428,6,67,67301,2011,3,4,40,0,3,2,1,7,2, , ,N,0,0,3,3,0,0,1,1,N,N,39 55:13.034,75 11:58.570,48, ,44, ,0, ,N, ,0, , , , , , , , , ,1,0,0,0,0,0,1,0,0,0,0,0,0,0,0,0,0,0,0,0,0,0,0,0,0,0,0,0,0,0,0,0,0,0,0,0,0,39.9203,-75.1995, , 
75094,837335,2011082492,6,67,67301,2011,7,3,1010,10,1,1,0,4,1, , ,N,1,2,0,3,0,1,2,2,N,N,39 55:31.449,75 10:39.476,1015, ,1010, ,0, ,N, ,9, , , , , , , , , ,2,1,0,0,0,0,0,1,0,1,0,0,1,0,0,0,0,0,0,0,0,0,0,2,0,1,0,0,0,0,0,0,0,0,0,2,0,39.9254,-75.1776, , 
75095,837341,2011085552,6,67,67301,2011,7,5,1635,16,1,1,0,1,1, , ,N,1,2,0,3,0,2,4,2,N,N,40 00:21.451,75 05:35.746,1655, ,1648, ,0, ,N, ,3, , , , , , , , , ,2,1,0,0,0,0,1,0,0,0,0,0,2,2,0,0,0,0,0,0,0,0,0,0,0,0,0,0,0,0,0,0,0,0,0,8,0,40.006,-75.0933, , 
75096,837349,2011092994,6,67,67301,2011,8,4,2113,21,3,1,0,4,1, , ,N,1,2,0,3,0,0,2,2,N,N,40 02:20.942,75 06:36.006,2120, ,2115, ,0, ,N, ,3, , , , , , , , , ,2,2,0,0,0,0,0,0,0,0,0,0,0,0,0,0,0,0,0,0,0,0,0,0,0,0,0,0,0,0,0,0,0,0,0,0,0,40.0392,-75.11, , 
75097,837353,2011095465,6,67,67301,2011,8,2,1616,16,1,1,0,1,1, , ,N,0,0,0,3,0,2,4,2,N,N,39 58:19.718,75 14:50.028,1622, ,1621, ,0, ,N, ,0, , , , , , , , , ,2,2,0,0,0,0,0,0,0,0,0,2,2,0,0,0,0,0,0,0,1,0,0,2,0,0,0,0,0,0,0,0,0,0,0,4,0,39.9721,-75.2472, , 
75098,837368,2011112130,6,67,67301,2011,10,6,9999,99,1,1,0,4,7, , ,N,0,0,0,3,0,5,6,2,N,N,40 00:09.043,75 09:36.102,1306, ,1230, ,0, ,N, ,0, , , , , , , , , ,2,2,0,0,0,0,0,0,0,0,0,0,5,5,1,0,0,0,0,1,0,0,0,0,0,0,0,0,0,0,0,0,0,0,0,8,0,40.0025,-75.16, , 
75099,837371,2011114619,6,67,67301,2011,10,4,635,6,1,2,1,1,1, , ,N,0,0,0,3,0,0,2,2,N,N,40 00:35.105,75 03:54.063,820, ,758, ,0, ,N, ,0, , , , , , , , , ,2,1,0,0,1,0,0,0,0,0,0,0,0,0,0,0,0,0,0,0,1,0,0,0,0,0,0,0,0,0,0,0,0,0,0,0,0,40.0098,-75.0649, , 
75100,837390,2011108809,6,67,67301,2011,9,1,1827,18,4,1,0,4,1, , ,N,1,3,0,3,0,6,6,2,N,N,40 04:34.334,75 10:14.923,1834, ,1834, ,0, ,N, ,3, , , , , , , , , ,2,1,0,0,0,0,0,1,0,0,0,2,6,4,0,0,0,0,0,0,0,0,0,0,0,0,0,0,0,0,0,0,0,0,0,4,0,40.0762,-75.1708, , 
75101,837391,2011108844,6,67,67301,2011,10,7,1510,15,1,1,0,7,5, , ,N,0,0,6,3,0,1,2,2,N,N,40 04:34.271,75 02:00.805,1512, ,1511,1,1,2,N, ,0,N, , , , , , , , ,1,0,0,0,0,0,1,0,0,0,0,1,1,0,0,0,0,0,0,0,0,0,1,0,0,0,0,0,0,0,0,0,0,0,0,4,0,40.0762,-75.0336, , 
75102,837436,2011073160,6,67,67301,2011,6,7,1350,13,1,1,0,4,1, , ,N,2,3,0,3,0,1,2,2, , ,39 58:25.888,75 11:01.024,1400, ,1358, ,0, , , ,3, , , , , , , , , ,2,1,1,0,0,0,0,0,0,0,0,0,1,1,1,0,0,0,0,0,0,0,0,0,0,0,0,0,0,0,0,0,0,0,0,8,0,39.9739,-75.1836, , 
75103,837437,2011073310,6,67,67301,2011,6,4,1900,19,1,1,0,5,1, , ,N,1,3,0,3,0,1,2,2,N,N,40 01:01.160,75 08:15.536,1933, ,1930, ,0, ,N, ,3, , , , , , , , , ,1,1,0,0,0,0,0,0,1,0,0,1,1,0,0,0,0,0,0,0,0,0,0,0,0,0,0,0,0,0,0,0,0,0,0,4,0,40.017,-75.1376, , 
75104,837485,2011056952,6,67,67301,2011,5,6,1657,16,1,1,0,4,1, , ,N,2,3,0,3,0,2,5,2,N,N,40 02:44.325,75 08:27.682,1710, ,1701, ,0, ,N, ,3, , , , , , , , , ,2,1,0,0,0,0,1,0,0,0,0,2,2,0,0,0,0,0,0,0,0,0,0,0,0,0,0,0,0,0,0,0,0,0,0,4,0,40.0456,-75.141, , 