objectid_1,objectid,crn,district,county,municipality,crash_year,crash_month,day_of_week,time_of_day,hour_of_day,illumination,weather,road_condition,collision_type,relation_to_road,work_zone_type,work_zone_loc,work_zone_ind,intersect_type,tcd_type,location_type,urban_rural,fatal_count,injury_count,person_count,total_units,sch_bus_ind,sch_zone_ind,latitude,longitude,arrival_tm,cons_zone_spd_lim,dispatch_tm,est_hrs_closed,lane_closed,ln_close_dir,ntfy_hiwy_maint,spec_juris_cd,tcd_func_cd,tfc_detour_ind,workers_pres,wz_close_detour,wz_flagger,wz_law_offcr_ind,wz_ln_closure,wz_moving,wz_other,wz_shlder_mdn,vehicle_count,automobile_count,motorcycle_count,bus_count,small_truck_count,heavy_truck_count,suv_count,van_count,bicycle_count,maj_inj_count,mod_inj_count,min_inj_count,tot_inj_count,unk_inj_deg_count,unk_inj_per_count,driver_count_16yr,driver_count_17yr,driver_count_18yr,driver_count_19yr,driver_count_20yr,driver_count_50_64yr,driver_count_65_74yr,driver_count_75plus,unbelted_occ_count,unb_death_count,unb_maj_inj_count,belted_death_count,belted_maj_inj_count,mcycle_death_count,mcycle_maj_inj_count,bicycle_death_count,bicycle_maj_inj_count,ped_count,ped_death_count,ped_maj_inj_count,max_severity_level,comm_veh_count,dec_lat,dec_long,rdwy_surf_type_cd,county_name
75240,837870,2011115351,6,67,67301,2011,10,6,654,6,1,1,0,1,1, , ,N,0,0,0,3,0,1,3,2,N,N,39 58:19.926,75 15:00.979,832, ,831, ,0, ,N, ,0, , , , , , , , , ,2,2,0,0,0,0,0,0,0,0,0,1,1,0,0,0,0,0,0,0,0,0,0,0,0,0,0,0,0,0,0,0,0,0,0,4,0,39.9722,-75.2503, , 
75241,837875,2011064181,6,67,67301,2011,5,1,1728,17,1,1,0,1,1, , ,N,2,0,0,3,0,2,8,2,N,N,39 56:53.376,75 12:59.687,1735, ,1732, ,0, ,N, ,0, , , , , , , , , ,2,2,0,0,0,0,0,0,0,0,0,0,2,2,0,0,0,0,0,0,1,0,0,0,0,0,0,0,0,0,0,0,0,0,0,8,0,39.9482,-75.2166, , 
75242,837933,2011108864,6,67,67301,2011,9,4,209,2,3,1,0,5,1, , ,N,10,0,0,3,0,1,2,2,N,N,40 00:52.293,75 10:41.924,217, ,211, ,0, ,N, ,0, , , , , , , , , ,2,1,0,0,0,1,0,0,0,0,0,0,1,1,0,0,0,0,0,0,0,0,0,0,0,0,0,0,0,0,0,0,0,0,0,8,1,40.0145,-75.1783, , 
75243,837938,2011068449,6,67,67301,2011,6,1,1700,17,1,1,0,1,1, , ,N,2,0,0,3,0,1,6,3,N,N,40 02:14.049,75 13:13.760,1709, ,1705, ,0, ,N, ,0, , , , , , , , , ,3,3,0,0,0,0,0,0,0,0,0,1,1,0,0,0,0,0,0,0,0,0,0,5,0,0,0,0,0,0,0,0,0,0,0,4,0,40.0372,-75.2205, , 
75244,837946,2011075383,6,67,67301,2011,7,3,1737,17,1,1,0,1,1, , ,N,0,0,0,3,0,1,9,3,N,N,40 00:51.147,75 03:20.282,1741, ,1741, ,0, ,N, ,0, , , , , , , , , ,3,2,0,0,0,0,1,0,0,0,0,1,1,0,0,0,0,0,0,0,1,0,1,0,0,0,0,0,0,0,0,0,0,0,0,4,0,40.0142,-75.0557, , 
75245,837955,2011063642,6,67,67301,2011,6,6,1553,15,1,1,0,1,1, , ,N,0,0,0,3,0,0,6,2,N,N,39 56:55.025,75 08:29.903,1610, ,1600,1,2,1,N, ,0,N, , , , , , , , ,2,0,0,0,0,0,1,1,0,0,0,0,0,0,0,0,0,0,0,0,0,0,0,0,0,0,0,0,0,0,0,0,0,0,0,0,0,39.9485,-75.1417, , 
75246,837965,2011075664,6,67,67301,2011,6,4,1045,10,1,1,0,4,1, , ,N,2,0,0,3,0,1,2,2,N,N,39 57:14.500,75 08:22.454,1100, ,1045, ,0, , , ,0, , , , , , , , , ,2,1,0,0,0,1,0,0,0,0,0,1,1,0,0,0,0,0,0,0,0,0,0,2,0,0,0,0,0,0,0,0,0,0,0,4,1,39.9542,-75.1395, , 
75247,837966,2011075725,6,67,67301,2011,6,5,800,8,1,1,0,1,1, , ,N,1,2,0,3,0,1,2,2,N,N,40 06:13.309,74 59:00.376,1305, ,1300, ,0, , , ,3, , , , , , , , , ,2,2,0,0,0,0,0,0,0,0,0,1,1,0,0,0,0,0,0,0,1,0,0,0,0,0,0,0,0,0,0,0,0,0,0,4,0,40.1037,-74.9834, , 
75248,837967,2011076272,6,67,67301,2011,6,2,1010,10,1,1,0,6,1, , ,N,0,0,0,3,0,1,3,2,N,N,40 01:43.824,75 08:23.337,1040, ,1010, ,0, ,N, ,0, , , , , , , , , ,2,1,0,0,1,0,0,0,0,0,0,1,1,0,0,0,0,0,0,0,1,0,0,0,0,0,0,0,0,0,0,0,0,0,0,4,0,40.0288,-75.1398, , 
75249,837979,2011088001,6,67,67301,2011,7,5,1725,17,1,1,0,1,1, , ,N,1,2,0,3,0,1,3,3,N, ,39 58:45.886,75 13:31.197,1710, ,1700, ,0, , , ,3, , , , , , , , , ,3,2,0,0,0,0,0,1,0,0,0,1,1,0,0,0,0,0,0,0,1,0,0,0,0,0,0,0,0,0,0,0,0,0,0,4,0,39.9794,-75.2253, , 
75250,837986,2011095487,6,67,67301,2011,8,7,630,6,1,2,1,1,1, , ,N,6,0,0,3,0,1,2,2,N,N,39 57:15.088,75 08:22.251,630, ,630, ,0, ,N, ,0, , , , , , , , , ,2,2,0,0,0,0,0,0,0,0,0,1,1,0,1,0,0,0,0,0,1,0,0,1,0,0,0,0,0,0,0,0,0,0,0,4,0,39.9544,-75.1395, , 
75251,837991,2011101618,6,67,67301,2011,8,4,1410,14,1,1,0,4,1, , ,N,0,0,7,3,0,1,2,2,N,N,40 02:48.891,75 08:34.465,9999, ,1410,1,1,1,N, ,0,Y, , , , , , , , ,2,2,0,0,0,0,0,0,0,0,0,1,1,0,0,0,0,0,0,0,0,0,0,0,0,0,0,0,0,0,0,0,0,0,0,4,0,40.0469,-75.1429, , 
75252,837997,2011056919,6,67,67301,2011,5,1,146,1,3,1,0,4,1, , ,N,1,2,0,3,0,1,2,3,N,N,39 57:43.678,75 14:34.038,150, ,145, ,0, ,N, ,3, , , , , , , , , ,3,3,0,0,0,0,0,0,0,0,0,0,1,1,0,0,0,0,0,0,0,0,0,0,0,0,0,0,0,0,0,0,0,0,0,8,0,39.9621,-75.2428, , 
75253,838002,2011064123,6,67,67301,2011,5,3,5,0,3,1,0,4,1, , ,N,0,0,0,3,0,2,8,2,N,N,39 59:46.110,75 09:37.320,33, ,28, ,0, ,N, ,0, , , , , , , , , ,2,0,0,0,0,0,0,2,0,0,0,0,2,2,6,0,0,0,0,0,0,0,0,0,0,0,0,0,0,0,0,0,0,0,0,8,0,39.9961,-75.1604, , 
75254,838005,2011066226,6,67,67301,2011,5,3,1800,18,4,1,0,4,2, , ,N,1,3,0,3,0,0,2,2, , ,40 00:46.940,75 07:10.109,2000, ,2000, ,0, , , ,3, , , , , , , , , ,2,2,0,0,0,0,0,0,0,0,0,0,0,0,1,0,0,0,0,1,0,0,0,0,0,0,0,0,0,0,0,0,0,0,0,9,0,40.013,-75.1194, , 
75255,839713,2011094725,6,46,46102,2011,9,2,1709,17,1,1,0,3,6, , ,N,0,0,7,3,0,1,3,2,N,N,40 04:22.580,75 09:22.809,1717, ,1709, ,0, ,N, ,0, , , , , , , , , ,2,1,0,0,1,0,0,0,0,0,0,0,1,1,0,0,0,0,0,0,0,0,0,0,0,0,0,0,0,0,0,0,0,0,0,8,0,40.0729,-75.1563, , 
75256,839722,2011100732,6,67,67301,2011,9,7,2327,23,3,1,0,1,1, , ,N,5,2,0,3,0,2,3,2,N,N,40 01:47.791,75 09:11.771,54, ,53, ,0, ,N, ,3, , , , , , , , , ,2,2,0,0,0,0,0,0,0,0,0,2,2,0,1,0,0,0,0,0,0,0,0,1,0,0,0,0,0,0,0,0,0,0,0,4,0,40.0299,-75.1533, , 
75257,839727,2011108820,6,67,67301,2011,10,1,428,4,3,2,1,5,1, , ,N,1,2,0,3,0,1,2,2,N,N,40 02:05.146,75 04:15.791,440, ,430,2,1,3,N, ,3,N, , , , , , , , ,2,2,0,0,0,0,0,0,0,0,0,1,1,0,0,0,0,0,0,0,0,0,0,0,0,0,0,0,0,0,0,0,0,0,0,4,0,40.0348,-75.0711, , 
75258,839728,2011108837,6,67,67301,2011,9,7,1545,15,1,1,0,8,1, , ,N,1,2,0,3,0,1,2,2,N,N,40 03:41.901,75 14:11.684,1551, ,1548,2,1,1,N, ,3,N, , , , , , , , ,1,1,0,0,0,0,0,0,0,0,1,0,1,0,0,0,0,0,0,0,1,0,0,0,0,0,0,0,0,0,0,0,1,0,0,3,0,40.0616,-75.2366, , 
75259,839733,2011113277,6,67,67301,2011,9,6,1630,16,1,2,1,4,1, , ,N,1,2,0,3,0,0,2,2,N,N,40 02:44.136,75 04:17.168,1635, ,1635, ,0, , , ,3, , , , , , , , , ,2,1,0,0,0,0,0,1,0,0,0,0,0,0,0,0,0,0,0,0,1,0,0,2,0,0,0,0,0,0,0,0,0,0,0,0,0,40.0456,-75.0714, , 
75260,839740,2011088792,6,67,67301,2011,8,3,1417,14,1,2,1,4,1, , ,N,1,3,0,3,0,1,4,5,N,N,40 03:01.414,75 09:11.224,1430, ,1420, ,0, ,N, ,3, , , , , , , , , ,5,5,0,0,0,0,0,0,0,0,0,1,1,0,0,0,0,0,0,0,0,1,1,0,0,0,0,0,0,0,0,0,0,0,0,4,0,40.0504,-75.1531, , 
75261,839747,2011092967,6,67,67301,2011,8,6,1625,16,1,1,0,4,1, , ,N,1,2,0,3,0,5,8,3,N,N,40 03:53.239,75 14:23.085,1642, ,1636, ,0, ,N, ,9, , , , , , , , , ,3,2,0,0,0,0,1,0,0,0,0,5,5,0,3,0,0,0,1,0,0,0,0,1,0,0,0,0,0,0,0,0,0,0,0,4,0,40.0645,-75.2397, , 
75262,839750,2011095512,6,67,67301,2011,8,1,1554,15,1,1,0,5,6, , ,N,0,0,0,3,0,1,1,4,N,N,39 55:41.408,75 09:03.060,1606, ,1605, ,0, ,N, ,0, , , , , , , , , ,4,2,0,0,0,0,2,0,0,0,0,1,1,0,0,0,0,0,0,0,0,0,0,0,0,0,0,0,0,0,0,0,0,0,0,4,0,39.9282,-75.1509, , 
75263,839779,2011132773,6,67,67301,2011,11,7,1844,18,3,1,0,4,1, , ,N,0,0,0,3,0,2,2,3,N,N,39 57:36.544,75 13:29.381,1943, ,1844, ,0, ,N, ,0, , , , , , , , , ,3,2,0,0,0,0,1,0,0,0,0,0,2,2,0,0,0,0,0,0,0,0,0,0,0,0,0,0,0,0,0,0,0,0,0,8,0,39.9602,-75.2248, , 
75264,839785,2012004270,6,67,67301,2011,12,1,520,5,3,1,0,5,1, , ,N,0,0,0,3,0,0,2,3,N,N,40 02:17.304,75 07:48.547,725, ,720, ,0, ,N, ,0, , , , , , , , , ,3,2,0,0,0,0,1,0,0,0,0,0,0,0,1,0,0,0,0,0,0,0,0,0,0,0,0,0,0,0,0,0,0,0,0,9,0,40.0381,-75.1302, , 
75265,839806,2011085450,6,67,67301,2011,7,4,1115,11,1,1,0,4,1, , ,N,1,2,0,3,0,1,2,2,N, ,39 57:32.806,75 09:29.825,1120, ,1115, ,0, , , ,3, , , , , , , , , ,2,0,0,0,0,0,1,1,0,0,0,1,1,0,0,0,0,0,0,0,0,0,0,1,0,0,0,0,0,0,0,0,0,0,0,4,0,39.9591,-75.1583, , 
75266,839814,2011095354,6,67,67301,2011,8,4,900,9,1,1,0,2,1, , ,N,2,2,0,3,0,2,3,2,N,N,39 59:15.900,75 12:58.189,931, ,910, ,0, ,N, ,3, , , , , , , , , ,2,1,0,0,0,0,0,1,0,0,0,0,2,2,0,0,0,0,0,0,0,1,0,0,0,0,0,0,0,0,0,0,0,0,0,8,0,39.9877,-75.2161, , 
75267,839816,2011100634,6,67,67301,2011,9,6,1700,17,1,9,8,1,1, , ,N,0,0,0,3,0,2,4,3,N, ,40 00:21.171,75 11:10.093,2017, ,2012, ,0, , , ,0, , , , , , , , , ,3,1,0,0,0,0,1,0,0,0,1,1,2,0,0,0,0,0,0,0,0,0,0,0,0,0,0,0,0,0,0,0,0,0,0,3,0,40.0059,-75.1861, , 
75268,839844,2011118129,6,67,67301,2011,10,4,415,4,3,9,0,7,5, , ,N,0,0,0,3,0,1,1,1,N,Y,40 00:18.370,75 05:35.510,700, ,700, ,0, ,N, ,0, , , , , , , , , ,1,1,0,0,0,0,0,0,0,0,0,0,1,1,0,0,0,0,0,0,0,0,0,1,0,0,0,0,0,0,0,0,0,0,0,8,0,40.0051,-75.0932, , 
75269,839845,2011118199,6,67,67301,2011,10,5,800,8,3,1,0,4,1, , ,N,1,2,0,3,0,1,2,2,N,N,39 55:23.102,75 09:34.741,25, ,19, ,0, ,N, ,9, , , , , , , , , ,1,0,0,0,0,0,0,0,1,0,1,0,1,0,0,0,0,0,0,0,0,0,0,0,0,0,0,0,0,0,0,0,0,0,0,3,0,39.9231,-75.1597, , 
75270,839880,2011031333,6,67,67301,2011,2,7,910,9,1,1,0,1,1, , ,N,0,0,0,3,0,1,2,3,N,N,39 59:49.455,75 08:13.902,914, ,911, ,0, ,N, ,0, , , , , , , , , ,3,2,1,0,0,0,0,0,0,0,1,0,1,0,0,0,0,0,1,0,0,0,0,0,0,0,0,0,0,0,0,0,0,0,0,3,0,39.9971,-75.1372, , 
75271,839895,2011069165,6,67,67301,2011,6,2,450,4,3,1,0,5,4, , ,N,0,0,0,3,0,1,1,4,N,N,40 03:23.896,75 10:35.364,505, ,500, ,0, ,N, ,0, , , , , , , , , ,4,3,0,0,0,0,1,0,0,0,0,1,1,0,0,0,0,0,0,0,0,0,0,0,0,0,0,0,0,0,0,0,0,0,0,4,0,40.0566,-75.1765, , 
75272,839899,2011072270,6,67,67301,2011,7,7,1906,19,1,1,0,7,3, , ,N,0,0,0,3,0,0,1,1,N,N,39 58:08.659,75 07:38.012,1917, ,1909,1,1,1,N, ,0,N, , , , , , , , ,1,1,0,0,0,0,0,0,0,0,0,0,0,0,0,0,0,0,0,0,0,0,0,0,0,0,0,0,0,0,0,0,0,0,0,0,0,39.969,-75.1273, , 
75273,831372,2011078076,6,67,67301,2011,7,7,859,8,1,1,0,0,1, , ,N,0,0,8,3,0,1,1,1,N,N,39 57:24.113,75 08:30.637,900, ,900,4,1,3,Y, ,0,Y, , , , , , , , ,1,0,0,0,0,1,0,0,0,0,0,0,1,1,0,0,0,0,0,0,0,0,0,0,0,0,0,0,0,0,0,0,0,0,0,8,1,39.9567,-75.1418, , 
75274,831376,2011082580,6,67,67301,2011,7,1,1321,13,1,1,0,6,1, , ,N,1,2,0,3,0,2,4,2,N,N,40 02:25.098,75 02:36.070,1350, ,125,1,1,7,N, ,1,N, , , , , , , , ,2,2,0,0,0,0,0,0,0,0,0,0,2,2,0,0,0,0,0,0,0,0,0,0,0,0,0,0,0,0,0,0,0,0,0,8,0,40.0403,-75.0434, , 
75275,831385,2011087924,6,67,67301,2011,7,7,410,4,3,1,0,4,6, , ,N,0,0,0,3,0,0,1,3,N,N,40 06:51.771,75 01:57.968,419, ,413, ,0, ,N, ,0, , , , , , , , , ,3,3,0,0,0,0,0,0,0,0,0,0,0,0,0,0,0,0,0,0,0,0,0,0,0,0,0,0,0,0,0,0,0,0,0,0,0,40.1144,-75.0328, , 
75276,831391,2011093455,6,67,67301,2011,8,7,1848,18,1,1,0,8,1, , ,N,1,0,0,3,0,1,2,2,N,N,40 01:33.441,75 04:50.476,1852, ,1848,1,1,6,N, ,0,N, , , , , , , , ,1,1,0,0,0,0,0,0,0,0,0,0,1,1,0,0,0,0,0,0,0,0,0,0,0,0,0,0,0,0,0,0,1,0,0,8,0,40.026,-75.0807, , 
75277,831407,2011073152,6,67,67301,2011,5,7,1513,15,1,1,0,8,1, , ,N,2,0,7,3,0,1,2,2,N,N,39 57:20.397,75 12:41.644,1734, ,1515, ,0, ,N, ,0, , , , , , , , , ,1,0,0,0,0,0,1,0,0,0,1,0,1,0,0,0,0,0,0,0,0,0,0,0,0,0,0,0,0,0,0,0,1,0,0,3,0,39.9557,-75.2116, , 
75278,831423,2011090505,6,67,67301,2011,7,1,127,1,3,1,0,5,1, , ,N,0,0,0,3,0,1,5,2,N,N,40 01:13.522,75 09:35.749,136, ,130, ,0, ,N, ,0, , , , , , , , , ,2,2,0,0,0,0,0,0,0,0,0,1,1,0,2,0,0,0,0,0,0,0,0,3,0,0,0,0,0,0,0,0,0,0,0,4,0,40.0204,-75.1599, , 
75279,831446,2011075667,6,67,67301,2011,6,1,1446,14,1,1,0,4,1, , ,N,0,0,0,3,0,0,3,4, , ,39 57:19.591,75 09:22.996,1449, ,1446, ,0, , , ,0, , , , , , , , , ,3,2,0,0,1,0,0,0,0,0,0,0,0,0,0,0,0,0,0,0,0,0,0,0,0,0,0,0,0,0,0,0,1,0,0,0,0,39.9554,-75.1564, , 
75280,831450,2011081947,6,46,46102,2011,8,3,1238,12,1,2,1,4,1, , ,N,0,0,7,3,0,2,3,2,N,N,40 04:25.993,75 09:28.900,1241, ,1238,1,1,4,N, ,0,N, , , , , , , , ,2,1,0,0,0,0,0,1,0,0,2,0,2,0,0,0,0,0,0,0,0,0,0,0,0,0,0,0,0,0,0,0,0,0,0,3,0,40.0738,-75.1579, , 
75281,831456,2011075746,6,67,67301,2011,6,5,1140,11,1,1,0,1,1, , ,N,1,2,0,3,0,1,5,3, , ,39 56:22.436,75 13:13.011,1146, ,1142, ,0, , , ,3, , , , , , , , , ,3,2,0,0,1,0,0,0,0,0,0,1,1,0,0,0,0,0,0,0,0,0,2,0,0,0,0,0,0,0,0,0,0,0,0,4,0,39.9396,-75.2203, , 
75282,831463,2011082713,6,67,67301,2011,7,3,2125,21,3,1,0,1,1, , ,N,2,2,0,3,0,1,4,3,N,N,40 02:48.569,75 00:53.502,2141, ,2135, ,0, ,N, ,3, , , , , , , , , ,3,1,0,0,1,0,1,0,0,0,0,1,1,0,0,0,0,0,0,0,1,0,0,0,0,0,0,0,0,0,0,0,0,0,0,4,0,40.0468,-75.0149, , 
75283,831476,2011098105,6,67,67301,2011,9,4,1320,13,1,1,0,8,1, , ,N,1,2,0,3,0,1,2,2,N, ,40 01:11.588,75 10:29.885,1327, ,1322,1,1,2, , ,3,Y, , , , , , , , ,1,0,0,0,1,0,0,0,0,0,0,0,1,1,0,0,0,0,0,0,1,0,0,0,0,0,0,0,0,0,0,0,1,0,0,8,0,40.0199,-75.175, , 
75284,831536,2011108745,6,67,67301,2011,9,3,2247,22,3,1,0,4,1, , ,N,1,2,0,3,0,1,2,2,N, ,39 55:25.798,75 14:12.901,2247, ,2247, ,0, , , ,3, , , , , , , , , ,2,2,0,0,0,0,0,0,0,0,0,0,1,1,0,0,0,0,0,0,0,0,0,2,0,0,0,0,0,0,0,0,0,0,0,8,0,39.9238,-75.2369, , 
75285,831560,2011057032,6,67,67301,2011,4,7,1850,18,1,1,0,4,1, , ,N,1,3,0,3,0,1,2,2, , ,40 01:46.491,75 04:51.013,1858, ,1855, ,0, , , ,3, , , , , , , , , ,2,0,0,0,0,0,1,0,0,0,0,1,1,0,1,0,0,0,0,0,0,0,1,0,0,0,0,0,0,0,0,0,0,0,0,4,0,40.0296,-75.0808, , 
75286,831574,2011073288,6,67,67301,2011,6,4,9999,99,1,1,0,6,1, , ,N,0,0,0,3,0,4,4,3,N,N,39 59:53.059,75 08:16.814,912, ,910, ,0, ,N, ,0, , , , , , , , , ,3,2,0,0,0,0,0,1,0,0,0,4,4,0,0,0,0,0,0,0,0,0,0,0,0,0,0,0,0,0,0,0,0,0,0,4,0,39.9981,-75.138, , 
75287,831588,2011082430,6,67,67301,2011,7,6,23,0,3,1,0,8,1, , ,N,1,2,0,3,0,1,4,2,N,N,39 57:09.072,75 12:33.310,25, ,24, ,0, ,N, ,3, , , , , , , , , ,1,1,0,0,0,0,0,0,1,0,0,0,1,1,0,0,0,0,0,0,0,0,0,0,0,0,0,0,0,0,0,0,0,0,0,8,0,39.9525,-75.2093, , 
75288,831622,2011075652,6,67,67301,2011,6,3,1617,16,2,1,0,1,2, , ,N,0,0,0,3,0,0,1,2,N,N,40 05:37.014,74 58:33.823,1619, ,1617, ,0, ,N, ,0, , , , , , , , , ,2,2,0,0,0,0,0,0,0,0,0,0,0,0,0,0,0,0,0,0,0,0,0,1,0,0,0,0,0,0,0,0,0,0,0,0,0,40.0936,-74.9761, , 
75289,831627,2011083313,6,67,67301,2011,7,2,2020,20,3,1,0,8,1, , ,N,1,2,0,3,0,1,2,2,N,N,40 02:44.514,75 01:53.568,2207, ,2155, ,0, ,N, ,3, , , , , , , , , ,1,1,0,0,0,0,0,0,0,0,0,1,1,0,0,0,0,0,0,0,0,0,0,0,0,0,0,0,0,0,0,0,1,0,0,4,0,40.0457,-75.0315, , 
75290,831639,2011115349,6,67,67301,2011,10,2,1640,16,1,1,0,4,1, , ,N,1,2,0,3,0,1,4,2,N,N,40 00:07.931,75 09:27.517,1640, ,1636, ,0, ,N, ,3, , , , , , , , , ,2,2,0,0,0,0,0,0,0,0,0,1,1,0,0,0,0,0,0,0,1,0,0,0,0,0,0,0,0,0,0,0,0,0,0,4,0,40.0022,-75.1576, , 
75291,834688,2011057291,6,67,67301,2011,4,3,1600,16,1,1,0,4,1, , ,N,1,2,0,3,0,1,2,2,N,N,39 58:03.012,75 10:47.758,1645, ,1640, ,0, ,N, ,3, , , , , , , , , ,2,2,0,0,0,0,0,0,0,0,0,1,1,0,0,0,0,0,0,0,0,0,1,0,0,0,0,0,0,0,0,0,0,0,0,4,0,39.9675,-75.1799, , 
75292,834695,2011073305,6,67,67301,2011,6,5,800,8,1,1,0,8,1, , ,N,1,2,0,3,0,1,2,2,N, ,40 05:36.611,74 58:48.599,1525, ,1522, ,0, , , ,3, , , , , , , , , ,1,0,0,0,0,0,0,0,0,0,1,0,1,0,0,0,0,0,0,0,0,0,0,0,0,0,0,0,0,0,0,0,1,0,0,3,0,40.0935,-74.9802, , 
75293,834711,2011100795,6,67,67301,2011,9,7,1833,18,1,1,0,4,1, , ,N,1,2,0,3,0,1,2,2,N, ,40 05:04.128,74 58:25.148,1835, ,1833, ,0, , , ,3, , , , , , , , , ,2,2,0,0,0,0,0,0,0,0,0,1,1,0,1,0,0,0,0,0,0,0,0,0,0,0,0,0,0,0,0,0,0,0,0,4,0,40.0845,-74.9737, , 
75294,834720,2011118083,6,67,67301,2011,10,6,9999,99,1,1,0,4,1, , ,N,2,3,0,3,0,1,2,2,N,N,39 59:48.375,75 09:49.460,9999, ,9999, ,0, ,N, ,9, , , , , , , , , ,2,1,0,0,0,0,0,1,0,0,0,0,1,1,1,0,0,0,0,0,2,0,0,0,0,0,0,0,0,0,0,0,0,0,0,8,0,39.9968,-75.1637, , 
75295,834726,2011098124,6,67,67301,2011,9,1,1841,18,1,1,0,8,1, , ,N,2,3,0,3,0,1,2,2,N,N,40 02:14.229,75 05:01.571,1848, ,1842, ,0, , , ,2, , , , , , , , , ,1,1,0,0,0,0,0,0,0,0,0,1,1,0,1,0,0,0,0,0,0,0,0,1,0,0,0,0,0,0,0,0,1,0,0,4,0,40.0373,-75.0838, , 
75296,834749,2011061688,6,67,67301,2011,6,2,818,8,1,1,0,7,2, , ,N,0,0,1,3,0,3,5,3,N,N,39 57:30.443,75 10:49.021,837, ,827,1,1,4,N, ,0,N, , , , , , , , ,3,2,0,0,1,0,0,0,0,0,0,3,3,0,0,0,0,0,0,0,0,0,0,0,0,0,0,0,0,0,0,0,0,0,0,4,0,39.9585,-75.1803, , 
75297,834751,2011064137,6,67,67301,2011,5,7,1050,10,1,1,0,2,1, , ,N,1,1,0,3,0,1,3,2,N, ,39 58:49.670,75 13:41.343,1100, ,1054, ,0, , , ,1, , , , , , , , , ,2,2,0,0,0,0,0,0,0,0,0,0,1,1,0,0,0,0,0,0,0,0,0,0,0,0,0,0,0,0,0,0,0,0,0,8,0,39.9805,-75.2282, , 
75298,834771,2011085542,6,67,67301,2011,7,1,320,3,3,1,0,3,1, , ,N,2,3,0,3,0,1,5,2,N, ,39 56:10.582,75 10:25.240,322, ,320, ,0, , , ,3, , , , , , , , , ,2,2,0,0,0,0,0,0,0,0,0,1,1,0,0,0,0,0,0,0,0,0,0,1,0,0,0,0,0,0,0,0,0,0,0,4,0,39.9363,-75.1737, , 
75299,834773,2011093086,6,67,67301,2011,8,7,113,1,3,1,0,5,1, , ,N,2,0,0,3,0,0,3,2,N, ,40 02:02.317,75 10:19.396,113, ,113,2,2,5, , ,0,Y, , , , , , , , ,2,1,0,0,0,0,0,1,0,0,0,0,0,0,0,0,0,0,0,0,1,0,0,0,0,0,0,0,0,0,0,0,0,0,0,0,0,40.034,-75.1721, , 
75300,834823,2011083282,6,67,67301,2011,7,5,1740,17,1,1,0,8,1, , ,N,2,2,0,3,0,1,2,2,N,N,39 57:12.163,75 10:17.838,1758, ,1757, ,0, ,N, ,3, , , , , , , , , ,1,0,0,0,0,0,1,0,0,0,0,0,1,1,0,0,0,0,0,0,0,0,0,0,0,0,0,0,0,0,0,0,1,0,0,8,0,39.9534,-75.1716, , 
75301,834831,2011093049,6,67,67301,2011,8,5,1700,17,1,1,0,4,1, , ,N,1,2,0,3,0,1,2,2,N, ,39 57:39.001,75 08:34.269,1710, ,1700, ,0, , , ,3, , , , , , , , , ,1,0,0,0,1,0,0,0,1,0,0,1,1,0,0,0,0,0,0,0,0,0,0,1,0,0,0,0,0,0,0,0,0,0,0,4,0,39.9608,-75.1426, , 
75302,834836,2011098104,6,67,67301,2011,9,2,15,0,3,1,0,7,4, , ,N,0,0,0,3,0,0,1,3,N,N,40 00:18.988,75 09:25.044,1225, ,1220, ,0, ,N, ,0, , , , , , , , , ,3,3,0,0,0,0,0,0,0,0,0,0,0,0,0,0,0,0,0,0,0,0,0,0,0,0,0,0,0,0,0,0,0,0,0,0,0,40.0053,-75.157, , 
75303,834889,2011033582,6,67,67301,2011,2,4,1500,15,1,1,0,4,1, , ,N,0,0,7,3,0,1,3,2,N,N,39 54:59.905,75 13:02.069,1605, ,1555, ,0, , , ,0, , , , , , , , , ,2,0,0,0,1,0,1,0,0,0,0,1,1,0,0,0,0,0,1,0,1,0,0,0,0,0,0,0,0,0,0,0,0,0,0,4,0,39.9162,-75.2198, , 
75304,834895,2011037971,6,67,67301,2011,3,1,2119,21,3,1,0,1,1, , ,N,1,3,0,3,0,2,3,2,N,N,40 00:19.778,75 09:30.995,2130, ,2124, ,0, , , ,3, , , , , , , , , ,2,2,0,0,0,0,0,0,0,0,0,0,2,2,0,0,0,0,0,0,1,1,0,0,0,0,0,0,0,0,0,0,0,0,0,8,0,40.0055,-75.1586, , 
75305,834896,2011038356,6,67,67301,2011,3,7,745,7,1,1,0,8,1, , ,N,1,2,0,3,0,1,2,2,N,N,39 58:43.230,75 09:28.092,800, ,755, ,0, ,N, ,3, , , , , , , , , ,1,1,0,0,0,0,0,0,0,0,0,1,1,0,0,0,0,0,0,0,0,0,0,0,0,0,0,0,0,0,0,0,1,0,0,4,0,39.9787,-75.1578, , 
75306,834910,2011053540,6,67,67301,2011,4,6,1618,16,1,1,0,6,1, , ,N,2,3,0,3,0,2,3,2,N,N,39 57:26.863,75 13:24.193,1629, ,1629, ,0, ,N, ,3, , , , , , , , , ,2,1,0,0,1,0,0,0,0,0,0,0,2,2,1,0,0,0,0,0,1,0,0,0,0,0,0,0,0,0,0,0,0,0,0,8,0,39.9575,-75.2234, , 
75307,834913,2011064006,6,67,67301,2011,5,6,2300,23,3,1,0,4,1, , ,N,2,2,2,3,0,1,3,2,N,N,39 58:29.031,75 11:53.718,2311, ,2306, ,0, ,N, ,3, , , , , , , , , ,2,2,0,0,0,0,0,0,0,0,1,0,1,0,1,0,0,0,0,0,0,0,0,0,0,0,0,0,0,0,0,0,0,0,0,3,0,39.9747,-75.1983, , 