objectid_1,objectid,crn,district,county,municipality,crash_year,crash_month,day_of_week,time_of_day,hour_of_day,illumination,weather,road_condition,collision_type,relation_to_road,work_zone_type,work_zone_loc,work_zone_ind,intersect_type,tcd_type,location_type,urban_rural,fatal_count,injury_count,person_count,total_units,sch_bus_ind,sch_zone_ind,latitude,longitude,arrival_tm,cons_zone_spd_lim,dispatch_tm,est_hrs_closed,lane_closed,ln_close_dir,ntfy_hiwy_maint,spec_juris_cd,tcd_func_cd,tfc_detour_ind,workers_pres,wz_close_detour,wz_flagger,wz_law_offcr_ind,wz_ln_closure,wz_moving,wz_other,wz_shlder_mdn,vehicle_count,automobile_count,motorcycle_count,bus_count,small_truck_count,heavy_truck_count,suv_count,van_count,bicycle_count,maj_inj_count,mod_inj_count,min_inj_count,tot_inj_count,unk_inj_deg_count,unk_inj_per_count,driver_count_16yr,driver_count_17yr,driver_count_18yr,driver_count_19yr,driver_count_20yr,driver_count_50_64yr,driver_count_65_74yr,driver_count_75plus,unbelted_occ_count,unb_death_count,unb_maj_inj_count,belted_death_count,belted_maj_inj_count,mcycle_death_count,mcycle_maj_inj_count,bicycle_death_count,bicycle_maj_inj_count,ped_count,ped_death_count,ped_maj_inj_count,max_severity_level,comm_veh_count,dec_lat,dec_long,rdwy_surf_type_cd,county_name
75308,834914,2011064018,6,67,67301,2011,5,6,800,8,1,1,0,8,1, , ,N,2,3,0,3,0,1,2,2,N,N,39 58:20.512,75 09:33.019,820, ,819,3,2,3,N, ,3,Y, , , , , , , , ,1,0,0,0,0,0,1,0,0,0,0,1,1,0,0,0,0,0,0,0,1,0,0,0,0,0,0,0,0,0,0,0,1,0,0,4,0,39.9724,-75.1592, , 
75309,838021,2011106663,6,67,67301,2011,9,1,800,8,1,1,0,1,1, , ,N,10,9,0,3,0,1,5,2,N, ,39 58:43.230,75 09:28.092,937, ,934, ,0, , , ,9, , , , , , , , , ,2,2,0,0,0,0,0,0,0,0,0,0,1,1,4,0,0,0,0,0,0,0,0,4,0,0,0,0,0,0,0,0,0,0,0,8,0,39.9787,-75.1578, , 
75310,838029,2011112096,6,67,67301,2011,10,1,1214,12,1,1,0,4,1, , ,N,1,3,0,3,0,0,2,3,N,N,40 00:50.713,75 08:25.529,1246, ,1241,1,2,6,N, ,3,Y, , , , , , , , ,3,2,0,0,0,0,1,0,0,0,0,0,0,0,0,0,0,0,0,0,0,0,0,2,0,0,0,0,0,0,0,0,0,0,0,0,0,40.0141,-75.1404, , 
75311,838043,2011066139,6,67,67301,2011,5,5,805,8,1,1,0,8,1, , ,N,1,2,2,3,0,1,2,2, , ,39 57:33.096,75 10:31.926,813, ,813, ,0, , , ,3, , , , , , , , , ,1,1,0,0,0,0,0,0,0,0,0,1,1,0,0,0,0,0,0,0,1,0,0,0,0,0,0,0,0,0,0,0,1,0,0,4,0,39.9592,-75.1757, , 
75312,838083,2011106187,6,67,67301,2011,9,5,1717,17,1,1,0,4,1, , ,N,2,3,0,3,0,0,4,2,N,N,40 00:53.049,75 12:21.765,1725, ,1717,1,1,6,N, ,3,N, , , , , , , , ,2,1,0,0,0,0,1,0,0,0,0,0,0,0,0,0,0,0,0,0,0,0,0,0,0,0,0,0,0,0,0,0,0,0,0,0,0,40.015,-75.2061, , 
75313,838103,2011104101,6,67,67301,2011,10,6,1532,15,1,1,0,1,1, , ,N,0,0,0,3,0,1,11,3,N,N,39 57:26.484,75 09:28.720,1546, ,1532,1,1,4,N, ,0,N, , , , , , , , ,3,2,0,0,0,0,0,1,0,0,1,0,1,0,0,0,0,0,0,0,1,0,0,0,0,0,0,0,0,0,0,0,0,0,0,3,0,39.9574,-75.158, , 
75314,838120,2011118194,6,67,67301,2011,10,4,9999,99,1,1,0,6,1, , ,N,0,0,0,3,0,1,2,2,N,N,39 53:02.080,75 13:50.140,9999, ,9999, ,0, ,N, ,0, , , , , , , , , ,2,1,0,0,1,0,0,0,0,0,0,1,1,0,0,0,0,0,0,0,0,0,0,0,0,0,0,0,0,0,0,0,0,0,0,4,0,39.8839,-75.2306, , 
75315,838155,2011066210,6,67,67301,2011,6,7,1718,17,1,1,0,8,1, , ,N,1,2,0,3,0,1,2,2, , ,39 57:20.134,75 09:26.942,1725, ,1720,1,2,1, , ,3,Y, , , , , , , , ,1,0,0,0,0,0,1,0,0,0,0,1,1,0,0,0,0,0,0,0,0,0,0,0,0,0,0,0,0,0,0,0,1,0,0,4,0,39.9556,-75.1575, , 
75316,838158,2011067928,6,67,67301,2011,6,3,1615,16,1,1,0,1,1, , ,N,0,0,0,3,0,0,2,2,N,N,39 55:03.427,75 08:51.277,1652, ,1621,3,1,1,N, ,0,N, , , , , , , , ,2,1,0,0,0,0,1,0,0,0,0,0,0,0,0,0,0,0,0,0,0,0,0,0,0,0,0,0,0,0,0,0,0,0,0,0,0,39.9175,-75.1476, , 
75317,838166,2011075681,6,67,67301,2011,6,2,105,1,3,1,0,8,1, , ,N,1,9,0,3,0,1,2,2,N,N,40 01:43.550,75 07:55.833,112, ,110, ,0, ,N, ,9, , , , , , , , , ,1,1,0,0,0,0,0,0,0,0,0,0,1,1,1,0,0,0,0,0,0,0,0,0,0,0,0,0,0,0,0,0,1,0,0,8,0,40.0288,-75.1322, , 
75318,838170,2011085138,6,67,67301,2011,8,4,1357,13,1,1,0,1,1, , ,N,0,0,2,3,0,0,2,2,N,N,39 53:32.850,75 14:00.032,1426, ,1405, ,0, ,N, ,0, , , , , , , , , ,2,2,0,0,0,0,0,0,0,0,0,0,0,0,0,0,0,0,0,0,0,1,0,0,0,0,0,0,0,0,0,0,0,0,0,0,0,39.8925,-75.2333, , 
75319,838179,2011098921,6,67,67301,2011,6,1,2143,21,3,1,0,4,1, , ,N,1,2,0,3,0,1,2,2,N,N,39 59:20.443,75 08:27.250,2146, ,2143,3,2,7,N, ,3,Y, , , , , , , , ,2,2,0,0,0,0,0,0,0,0,0,0,1,1,0,0,0,0,0,0,1,0,0,0,0,0,0,0,0,0,0,0,0,0,0,8,0,39.989,-75.1409, , 
75320,838194,2011061365,6,67,67301,2011,4,3,2312,23,3,2,1,4,1, , ,N,0,0,7,3,0,1,3,2,N,N,40 01:35.355,75 02:31.883,2313, ,2312,2,1,2,N, ,0,N, , , , , , , , ,2,1,0,0,1,0,0,0,0,0,0,0,1,1,0,0,0,1,0,0,0,0,0,0,0,0,0,0,0,0,0,0,0,0,0,8,0,40.0265,-75.0422, , 
75321,838206,2011108804,6,67,67301,2011,9,2,1317,13,1,1,0,8,1, , ,N,3,2,0,3,0,1,2,2,N,N,40 00:02.558,75 08:36.255,1330, ,1321, ,0, , , ,9, , , , , , , , , ,1,1,0,0,0,0,0,0,1,0,0,1,1,0,0,0,0,0,0,0,0,0,1,1,0,0,0,0,0,0,0,0,0,0,0,4,0,40.0008,-75.1434, , 
75322,838216,2011118117,6,67,67301,2011,10,7,1330,13,1,1,0,4,1, , ,N,2,2,0,3,0,2,2,2,N,N,40 01:47.237,75 03:36.393,1336, ,1333,1,1,4,N, ,3,N, , , , , , , , ,2,0,0,0,0,0,1,1,0,0,0,2,2,0,0,0,0,0,0,0,0,1,0,0,0,0,0,0,0,0,0,0,0,0,0,4,0,40.0298,-75.0601, , 
75323,838226,2011134660,6,67,67301,2011,11,4,1704,17,3,1,0,4,1, , ,N,0,0,7,3,0,1,3,2,N,N,39 57:29.352,75 12:35.054,1925, ,1925,1,1,3,N, ,0,N, , , , , , , , ,2,1,0,0,0,0,0,1,0,0,0,1,1,0,0,0,0,0,0,0,0,0,0,0,0,0,0,0,0,0,0,0,0,0,0,4,0,39.9582,-75.2097, , 
75324,838230,2011064178,6,67,67301,2011,5,2,2120,21,2,1,0,4,1, , ,N,2,3,0,3,0,1,2,2, , ,39 59:42.753,75 04:39.315,2135, ,2130, ,0, , , ,3, , , , , , , , , ,2,1,0,0,1,0,0,0,0,0,0,1,1,0,0,0,0,0,1,0,0,0,0,0,0,0,0,0,0,0,0,0,0,0,0,4,0,39.9952,-75.0776, , 
75325,838249,2011073156,6,67,67301,2011,6,3,1630,16,1,1,0,8,1, , ,N,1,2,0,3,0,1,2,2,N,N,39 56:57.192,75 09:02.555,1647, ,1645, ,0, ,N, ,3, , , , , , , , , ,1,1,0,0,0,0,0,0,0,0,0,1,1,0,0,0,0,0,0,0,0,0,0,0,0,0,0,0,0,0,0,0,1,0,0,4,0,39.9492,-75.1508, , 
75326,838276,2011100829,6,67,67301,2011,8,7,250,2,3,1,0,7,5, , ,N,2,0,0,3,0,2,2,1,N,N,39 54:26.330,75 08:19.784,257, ,252,3,1,2,N, ,0,Y, , , , , , , , ,1,1,0,0,0,0,0,0,0,1,0,0,2,1,0,0,0,0,0,0,0,0,0,1,0,0,0,0,0,0,0,0,0,0,0,2,0,39.9073,-75.1388, , 
75327,841259,2011023176,6,67,67301,2011,2,4,125,1,3,4,3,5,1, , ,N,0,0,0,3,0,0,1,5,N,N,40 03:02.440,75 07:31.566,130, ,126,3,2,5,N, ,0,Y, , , , , , , , ,5,3,0,0,0,0,2,0,0,0,0,0,0,0,0,0,0,0,0,0,0,0,0,0,0,0,0,0,0,0,0,0,0,0,0,0,0,40.0507,-75.1254, , 
75328,841261,2011029092,6,67,67301,2011,2,7,450,4,3,1,0,7,2, , ,N,2,3,0,3,0,1,1,1,N,N,40 03:16.012,74 59:39.101,500, ,457, ,0, ,N, ,3, , , , , , , , , ,1,1,0,0,0,0,0,0,0,0,0,0,1,1,0,0,0,0,0,0,0,0,0,0,0,0,0,0,0,0,0,0,0,0,0,8,0,40.0544,-74.9942, , 
75329,841265,2011033577,6,67,67301,2011,2,2,423,4,3,2,1,7,5, , ,N,2,3,0,3,0,0,1,1,N,N,40 03:13.255,75 01:43.348,424, ,424, ,0, ,N, ,3, , , , , , , , , ,1,1,0,0,0,0,0,0,0,0,0,0,0,0,1,0,0,0,0,0,0,0,0,1,0,0,0,0,0,0,0,0,0,0,0,9,0,40.0537,-75.0287, , 
75330,841276,2012022589,6,67,67301,2011,12,4,9999,99,3,2,1,8,1, , ,N,1,2,0,3,0,1,2,2,N,N,39 59:01.026,75 14:49.382,2231, ,2226, ,0, ,N, ,3, , , , , , , , , ,1,1,0,0,0,0,0,0,0,0,0,0,1,1,0,0,0,0,0,0,0,0,0,0,0,0,0,0,0,0,0,0,1,0,0,8,0,39.9836,-75.2471, , 
75331,841315,2011044602,6,67,67301,2011,4,1,1945,19,3,1,0,4,1, , ,N,1,2,0,3,0,1,2,2,N,N,39 54:42.148,75 10:20.534,1955, ,1950, ,0, ,N, ,3, , , , , , , , , ,2,2,0,0,0,0,0,0,0,0,1,0,1,0,0,0,0,0,1,0,0,0,0,0,0,0,0,0,0,0,0,0,0,0,0,3,0,39.9117,-75.1724, , 
75332,841345,2011115246,6,67,67301,2011,9,6,2215,22,3,2,1,4,1, , ,N,0,0,7,3,0,1,2,2,N,N,40 02:34.878,75 03:06.788,2304, ,2252, ,0, ,N, ,0, , , , , , , , , ,2,1,0,0,1,0,0,0,0,0,0,1,1,0,0,0,0,0,0,0,1,0,0,0,0,0,0,0,0,0,0,0,0,0,0,4,0,40.043,-75.0519, , 
75333,841367,2011061892,6,67,67301,2011,5,5,1017,10,1,1,0,5,1, , ,N,1,2,0,3,0,0,2,2,N,N,39 57:28.508,75 09:50.910,1023, ,1021, ,0, ,N, ,3, , , , , , , , , ,2,2,0,0,0,0,0,0,0,0,0,0,0,0,0,0,0,0,0,0,0,0,0,0,0,0,0,0,0,0,0,0,0,0,0,0,0,39.9579,-75.1641, , 
75334,841369,2011064157,6,67,67301,2011,5,2,1335,13,1,1,0,1,1, , ,N,2,0,0,3,0,1,3,2, , ,39 59:17.419,75 07:42.725,1341, ,1340,1,1,2, , ,0,N, , , , , , , , ,2,2,0,0,0,0,0,0,0,0,0,0,1,1,0,0,0,0,0,0,2,0,0,2,0,0,0,0,0,0,0,0,0,0,0,8,0,39.9882,-75.1285, , 
75335,841371,2011066040,6,67,67301,2011,5,1,1658,16,1,1,0,4,1, , ,N,1,2,0,3,0,3,3,2, , ,40 01:32.257,75 09:15.145,1724, ,1719, ,0, , , ,3, , , , , , , , , ,2,2,0,0,0,0,0,0,0,0,0,3,3,0,0,0,0,0,0,0,0,1,0,0,0,0,0,0,0,0,0,0,0,0,0,4,0,40.0256,-75.1542, , 
75336,841373,2011035646,6,67,67301,2011,3,6,1918,19,4,1,0,1,1, , ,N,0,0,0,3,0,0,4,3,N,N,39 58:47.579,75 06:23.687,1924, ,1920,1,2,2,N, ,0,Y, , , , , , , , ,3,2,0,0,0,0,1,0,0,0,0,0,0,0,0,0,0,0,1,0,1,0,0,0,0,0,0,0,0,0,0,0,0,0,0,0,0,39.9799,-75.1065, , 
75337,841391,2011056844,6,67,67301,2011,3,5,1737,17,4,9,8,6,1, , ,N,1,2,0,3,0,1,3,2,N,N,40 07:43.802,75 00:49.406,1800, ,1738, ,0, ,N, ,3, , , , , , , , , ,2,1,0,0,0,0,1,0,0,0,0,0,1,1,0,0,0,0,0,0,0,0,0,0,0,0,0,0,0,0,0,0,0,0,0,8,0,40.1288,-75.0137, , 
75338,841392,2011057293,6,67,67301,2011,4,3,1909,19,1,1,0,5,1, , ,N,0,2,0,3,0,1,3,3,N,N,39 59:54.613,75 07:45.261,1915, ,1909, ,0, , , ,3, , , , , , , , , ,3,1,1,0,0,0,1,0,0,0,1,0,1,0,0,0,0,0,0,0,0,1,0,0,0,0,0,0,0,0,0,0,0,0,0,3,0,39.9985,-75.1292, , 
75339,841400,2011064115,6,67,67301,2011,5,4,1150,11,1,1,0,4,1, , ,N,0,0,0,3,0,1,2,2,N,N,40 03:55.108,75 03:19.166,1154, ,1152, ,0, ,N, ,0, , , , , , , , , ,2,2,0,0,0,0,0,0,0,0,0,0,1,1,0,0,0,0,0,0,1,0,1,1,0,0,0,0,0,0,0,0,0,0,0,8,0,40.0653,-75.0553, , 
75340,841418,2011073208,6,67,67301,2011,6,3,1810,18,1,1,0,4,1, , ,N,1,3,0,3,0,1,2,2,N,N,39 55:49.785,75 10:41.426,1819, ,1819, ,0, , , ,3, , , , , , , , , ,1,1,0,0,0,0,0,0,1,0,0,1,1,0,0,0,0,0,0,0,0,0,1,0,0,0,0,0,0,0,0,0,0,0,0,4,0,39.9305,-75.1782, , 
75341,841421,2011106236,6,67,67301,2011,9,2,657,6,1,1,0,1,1, , ,N,0,0,0,3,0,1,2,2,N,N,40 01:19.712,75 02:21.913,847, ,837, ,0, ,N, ,0, , , , , , , , , ,2,1,0,0,1,0,0,0,0,0,0,1,1,0,1,0,0,0,0,0,0,0,0,1,0,0,0,0,0,0,0,0,0,0,0,4,0,40.0221,-75.0394, , 
75342,841453,2011093069,6,67,67301,2011,8,2,425,4,3,8,1,7,5, , ,N,0,0,0,3,0,2,2,1,N,N,40 04:38.180,75 02:38.333,437, ,433,2,2,2,N, ,0,N, , , , , , , , ,1,1,0,0,0,0,0,0,0,0,2,0,2,0,0,0,0,1,0,0,0,0,0,2,0,0,0,0,0,0,0,0,0,0,0,3,0,40.0773,-75.044, , 
75343,841468,2011033571,6,67,67301,2011,3,5,1031,10,1,1,0,7,2, , ,N,0,0,0,3,0,1,1,1,N,N,40 01:11.694,75 08:59.183,1037, ,1031,3,2,4,N, ,0,N, , , , , , , , ,1,1,0,0,0,0,0,0,0,0,1,0,1,0,0,0,0,0,1,0,0,0,0,0,0,0,0,0,0,0,0,0,0,0,0,3,0,40.0199,-75.1498, , 
75344,841478,2011047084,6,67,67301,2011,4,2,900,9,1,1,0,6,1, , ,N,2,3,0,3,0,0,2,2,N,N,40 01:46.558,75 12:22.846,905, ,901, ,0, ,N, ,3, , , , , , , , , ,2,1,0,0,0,0,1,0,0,0,0,0,0,0,0,0,0,0,0,0,1,0,0,0,0,0,0,0,0,0,0,0,0,0,0,0,0,40.0296,-75.2063, , 
75345,831658,2011108754,6,67,67301,2011,9,1,1,0,3,1,0,4,1, , ,N,1,2,0,3,0,1,2,2,N,N,39 55:06.715,75 13:33.263,4, ,0,1,1,3,N, ,3,N, , , , , , , , ,2,2,0,0,0,0,0,0,0,0,0,1,1,0,0,0,0,0,0,0,0,0,0,0,0,0,0,0,0,0,0,0,0,0,0,4,0,39.9185,-75.2259, , 
75346,831663,2011114358,6,67,67301,2011,10,1,1318,13,1,1,0,1,1, , ,N,0,0,0,3,0,0,6,2,N,N,39 59:56.799,75 04:49.769,1318, ,1318, ,0, ,N, ,0, , , , , , , , , ,2,1,0,0,1,0,0,0,0,0,0,0,0,0,0,0,0,0,0,0,0,0,0,0,0,0,0,0,0,0,0,0,0,0,0,0,0,39.999,-75.0806, , 
75347,831701,2011100692,6,67,67301,2011,9,2,1600,16,1,1,0,8,4, , ,N,0,0,0,3,0,1,2,2,N,N,40 01:11.586,75 07:41.318,1640, ,2030, ,0, , , ,0, , , , , , , , , ,1,0,0,0,0,0,1,0,0,0,1,0,1,0,1,0,0,0,0,0,0,0,0,1,0,0,0,0,0,0,0,0,1,0,0,3,0,40.0199,-75.1281, , 
75348,831702,2011100865,6,67,67301,2011,9,2,1000,10,1,1,0,1,1, , ,N,2,2,0,3,0,1,4,2,N,N,40 06:43.694,74 59:26.387,1026, ,1004, ,0, ,N, ,3, , , , , , , , , ,2,2,0,0,0,0,0,0,0,0,0,1,1,0,0,0,0,0,0,0,0,0,0,2,0,0,0,0,0,0,0,0,0,0,0,4,0,40.1121,-74.9907, , 
75349,831719,2011054357,6,67,67301,2011,4,1,1601,16,1,1,0,8,1, , ,N,0,0,0,3,0,1,2,2,N,N,39 58:08.205,75 13:50.160,1608, ,1606,2,2,6,N, ,0,Y, , , , , , , , ,1,1,0,0,0,0,0,0,0,0,1,0,1,0,0,0,0,0,0,0,1,0,0,0,0,0,0,0,0,0,0,0,1,0,0,3,0,39.9689,-75.2306, , 
75350,831721,2011056962,6,67,67301,2011,4,5,2121,21,3,1,0,4,1, , ,N,1,2,0,3,0,1,2,2,N,N,39 59:11.288,75 08:42.126,2135, ,2121, ,0, ,N, ,3, , , , , , , , , ,2,0,1,0,0,0,1,0,0,0,1,0,1,0,0,0,1,0,0,0,0,0,0,0,0,0,0,0,0,0,0,0,0,0,0,3,0,39.9865,-75.145, , 
75351,831736,2011068492,6,67,67301,2011,6,7,2100,21,3,9,0,4,2, , ,N,0,0,0,3,0,1,2,2,N,N,39 55:29.814,75 13:39.515,1232, ,1232, ,0, ,N, ,0, , , , , , , , , ,1,0,0,0,0,0,0,1,1,0,0,1,1,0,0,0,0,0,0,0,0,0,0,0,0,0,0,0,0,0,0,0,0,0,0,4,0,39.9249,-75.2276, , 
75352,831752,2011087853,6,67,67301,2011,7,5,2043,20,3,1,1,8,1, , ,N,1,3,0,3,0,1,2,2,N,N,39 59:26.764,75 08:33.007,2057, ,2051, ,0, ,N, ,3, , , , , , , , , ,1,1,0,0,0,0,0,0,0,0,1,0,1,0,1,0,0,0,0,0,0,0,0,0,0,0,0,0,0,0,0,0,1,0,0,3,0,39.9908,-75.1425, , 
75353,831753,2011088034,6,67,67301,2011,8,3,1745,17,1,2,1,1,1, , ,N,1,2,0,3,0,1,2,2,N,N,39 57:03.480,75 09:07.134,1850, ,1844, ,0, ,N, ,3, , , , , , , , , ,2,2,0,0,0,0,0,0,0,0,0,0,1,1,0,0,0,0,0,0,0,0,0,0,0,0,0,0,0,0,0,0,0,0,0,8,0,39.9509,-75.152, , 
75354,831759,2011093087,6,67,67301,2011,8,2,725,7,1,1,0,5,1, , ,N,0,0,0,3,0,1,2,2,N,N,39 56:59.880,75 09:37.140,734, ,730,1,1,2,N, ,0,N, , , , , , , , ,1,0,0,0,0,0,0,1,1,0,0,1,1,0,0,0,0,0,0,0,0,0,0,0,0,0,0,0,0,0,0,0,0,0,0,4,0,39.95,-75.1603, , 
75355,831769,2011103358,6,67,67301,2011,9,4,1405,14,1,1,0,1,1, , ,N,0,0,0,3,0,1,3,2,N, ,40 02:40.880,75 05:12.561,1410, ,1410, ,0, , , ,0, , , , , , , , , ,2,2,0,0,0,0,0,0,0,0,0,1,1,0,0,0,0,0,0,0,0,0,0,0,0,0,0,0,0,0,0,0,0,0,0,4,0,40.0447,-75.0868, , 
75356,831771,2011063988,6,67,67301,2011,6,7,1610,16,1,1,0,1,1, , ,N,0,0,0,3,0,1,5,2,N,N,39 57:29.111,75 09:51.581,1624, ,1620, ,0, ,N, ,0, , , , , , , , , ,2,2,0,0,0,0,0,0,0,0,0,0,1,1,0,0,0,0,0,0,0,0,0,0,0,0,0,0,0,0,0,0,0,0,0,8,0,39.9581,-75.1643, , 
75357,831773,2011068506,6,67,67301,2011,6,7,347,3,3,1,0,7,5, , ,N,1,3,0,3,0,0,1,1,N,N,40 00:56.199,75 04:42.293,355, ,348, ,0, ,N, ,3, , , , , , , , , ,1,1,0,0,0,0,0,0,0,0,0,0,0,0,1,0,0,0,0,0,0,0,0,0,0,0,0,0,0,0,0,0,0,0,0,9,0,40.0156,-75.0784, , 
75358,831781,2011073218,6,67,67301,2011,6,3,1742,17,1,2,1,1,1, , ,N,0,0,0,3,0,1,2,2,N,N,40 06:06.432,75 00:22.890,1752, ,1746,1,1,2,N, ,0,N, , , , , , , , ,2,2,0,0,0,0,0,0,0,0,0,1,1,0,0,0,0,0,0,0,0,0,0,0,0,0,0,0,0,0,0,0,0,0,0,4,0,40.1018,-75.0064, , 
75359,831797,2011082405,6,67,67301,2011,7,7,2005,20,1,1,0,4,1, , ,N,1,3,0,3,0,1,3,2,N, ,39 55:39.201,75 08:45.913,2005, ,2005, ,0, , , ,3, , , , , , , , , ,1,1,0,0,0,0,0,0,1,0,0,0,1,1,0,0,0,0,0,0,1,0,0,0,0,0,0,0,0,0,0,0,0,0,0,8,0,39.9276,-75.1461, , 
75360,831799,2011083302,6,67,67301,2011,7,7,715,7,1,1,0,4,1, , ,N,1,3,0,3,0,1,2,2,N,N,40 02:58.563,75 03:22.323,723, ,720, ,0, ,N, ,3, , , , , , , , , ,1,1,0,0,0,0,0,0,1,0,0,0,1,1,0,0,0,0,0,1,0,0,0,0,0,0,0,0,0,0,0,0,0,0,0,8,0,40.0496,-75.0562, , 
75361,831800,2011083352,6,67,67301,2011,7,6,1148,11,1,1,0,1,1, , ,N,0,2,0,3,0,1,3,3,N,N,40 01:44.208,75 05:24.849,1157, ,1151,1,1,2,N, ,3,N, , , , , , , , ,3,3,0,0,0,0,0,0,0,0,0,1,1,0,0,0,0,0,0,0,0,1,0,0,0,0,0,0,0,0,0,0,0,0,0,4,0,40.0289,-75.0902, , 
75362,831832,2011054099,6,67,67301,2011,4,3,1710,17,1,1,0,8,1, , ,N,1,2,0,3,0,1,5,2,N,N,39 56:51.762,75 09:03.936,1723, ,1719, ,0, , , ,3, , , , , , , , , ,1,1,0,0,0,0,0,0,0,0,0,0,1,1,0,0,0,0,0,0,1,0,0,0,0,0,0,0,0,0,0,0,1,0,0,8,0,39.9477,-75.1511, , 
75363,834931,2011092879,6,67,67301,2011,8,6,1855,18,4,2,1,4,1, , ,N,10,3,0,3,0,1,3,3,N,N,39 58:42.420,75 07:17.759,1903, ,1858, ,0, ,N, ,3, , , , , , , , , ,3,3,0,0,0,0,0,0,0,0,0,1,1,0,0,0,0,0,0,0,0,0,0,2,0,0,0,0,0,0,0,0,0,0,0,4,0,39.9785,-75.1216, , 
75364,834947,2011106172,6,67,67301,2011,6,1,158,1,3,1,0,4,1, , ,N,1,2,0,3,0,1,2,2,N,N,39 57:20.098,75 14:02.378,200, ,200, ,0, ,N, ,3, , , , , , , , , ,2,0,1,0,0,0,1,0,0,0,0,0,1,1,0,0,0,0,0,0,0,0,0,0,0,0,0,0,0,0,0,0,0,0,0,8,0,39.9556,-75.234, , 
75365,834971,2011068505,6,67,67301,2011,6,3,233,2,3,1,0,5,1, , ,N,0,2,0,3,0,1,4,2,N,N,39 58:26.044,75 12:23.014,235, ,234,3,1,7,N, ,3,Y, , , , , , , , ,2,0,0,0,1,0,1,0,0,0,0,1,1,0,0,0,0,0,0,0,0,0,1,3,0,0,0,0,0,0,0,0,0,0,0,4,0,39.9739,-75.2064, , 
75366,834973,2011076009,6,67,67301,2011,7,7,2213,22,3,1,0,7,4, , ,N,0,0,0,3,0,0,1,1,N,N,39 53:11.929,75 14:34.514,2224, ,2218, ,0, ,N, ,0, , , , , , , , , ,1,1,0,0,0,0,0,0,0,0,0,0,0,0,0,0,0,0,0,0,0,0,0,0,0,0,0,0,0,0,0,0,0,0,0,0,0,39.8866,-75.2429, , 
75367,834979,2011082534,6,67,67301,2011,7,2,1104,11,1,1,0,1,1, , ,N,1,0,0,3,0,1,2,2,N,N,40 00:16.318,75 07:55.437,1129, ,1128, ,0, ,N, ,0, , , , , , , , , ,2,2,0,0,0,0,0,0,0,0,0,1,1,0,0,0,0,0,0,0,0,1,0,0,0,0,0,0,0,0,0,0,0,0,0,4,0,40.0045,-75.1321, , 
75368,834980,2011082722,6,67,67301,2011,7,4,1939,19,1,1,0,1,1, , ,N,1,2,0,3,0,3,7,2,N, ,39 55:33.806,75 10:57.867,1955, ,1950, ,0, , , ,3, , , , , , , , , ,2,2,0,0,0,0,0,0,0,0,0,3,3,0,0,0,0,0,0,0,0,0,0,0,0,0,0,0,0,0,0,0,0,0,0,4,0,39.9261,-75.1827, , 
75369,834986,2011087899,6,67,67301,2011,7,6,30,0,3,2,1,4,1, , ,N,5,2,0,3,0,3,4,2,N,N,39 58:25.603,75 15:29.678,36, ,32,3,2,7,N, ,3,Y, , , , , , , , ,2,0,0,1,0,0,1,0,0,1,1,0,3,1,0,0,0,0,0,0,1,0,0,0,0,0,0,0,0,0,0,0,0,0,0,2,1,39.9738,-75.2582, , 
75370,835014,2011082627,6,67,67301,2011,7,7,1528,15,1,1,0,1,1, , ,N,1,3,0,3,0,1,2,2,N, ,40 01:40.501,75 10:45.508,1532, ,1531, ,0, , , ,3, , , , , , , , , ,2,1,0,0,1,0,0,0,0,0,0,1,1,0,0,0,0,0,0,0,0,1,0,0,0,0,0,0,0,0,0,0,0,0,0,4,0,40.0279,-75.1793, , 
75371,835020,2011090562,6,67,67301,2011,7,1,138,1,3,1,0,7,2, , ,N,0,0,0,3,0,2,2,1,N,N,39 54:53.772,75 08:15.996,150, ,141,9,2,2,N, ,0,Y, , , , , , , , ,1,0,1,0,0,0,0,0,0,1,1,0,2,0,0,0,0,0,0,0,0,0,0,0,0,0,0,0,0,1,0,0,0,0,0,2,0,39.9149,-75.1378, , 
75372,835026,2011098094,6,67,67301,2011,8,5,1725,17,1,1,0,8,1, , ,N,1,2,0,3,0,1,2,2,N,N,40 04:50.031,75 10:20.992,1740, ,1733, ,0, ,N, ,3, , , , , , , , , ,1,1,0,0,0,0,0,0,0,0,0,0,1,1,1,0,0,0,0,0,0,0,0,0,0,0,0,0,0,0,0,0,1,0,0,8,0,40.0806,-75.1725, , 
75373,835037,2011106167,6,67,67301,2011,9,1,2004,20,3,1,0,8,6, , ,N,0,0,0,3,0,1,2,2,N, ,40 01:13.108,75 04:30.334,2012, ,2004, ,0, , , ,0, , , , , , , , , ,1,1,0,0,0,0,0,0,0,0,0,0,1,1,1,0,0,0,0,0,0,0,0,1,0,0,0,0,0,0,0,0,1,0,0,8,0,40.0203,-75.0751, , 
75374,835038,2011106225,6,67,67301,2011,9,6,148,1,3,1,0,6,1, , ,N,1,2,0,3,0,1,2,2,N,N,40 00:35.396,75 10:00.737,155, ,152, ,0, ,N, ,3, , , , , , , , , ,2,1,0,1,0,0,0,0,0,0,0,1,1,0,1,0,0,0,0,0,0,0,0,0,0,0,0,0,0,0,0,0,0,0,0,4,1,40.0098,-75.1669, , 