objectid_1,objectid,crn,district,county,municipality,crash_year,crash_month,day_of_week,time_of_day,hour_of_day,illumination,weather,road_condition,collision_type,relation_to_road,work_zone_type,work_zone_loc,work_zone_ind,intersect_type,tcd_type,location_type,urban_rural,fatal_count,injury_count,person_count,total_units,sch_bus_ind,sch_zone_ind,latitude,longitude,arrival_tm,cons_zone_spd_lim,dispatch_tm,est_hrs_closed,lane_closed,ln_close_dir,ntfy_hiwy_maint,spec_juris_cd,tcd_func_cd,tfc_detour_ind,workers_pres,wz_close_detour,wz_flagger,wz_law_offcr_ind,wz_ln_closure,wz_moving,wz_other,wz_shlder_mdn,vehicle_count,automobile_count,motorcycle_count,bus_count,small_truck_count,heavy_truck_count,suv_count,van_count,bicycle_count,maj_inj_count,mod_inj_count,min_inj_count,tot_inj_count,unk_inj_deg_count,unk_inj_per_count,driver_count_16yr,driver_count_17yr,driver_count_18yr,driver_count_19yr,driver_count_20yr,driver_count_50_64yr,driver_count_65_74yr,driver_count_75plus,unbelted_occ_count,unb_death_count,unb_maj_inj_count,belted_death_count,belted_maj_inj_count,mcycle_death_count,mcycle_maj_inj_count,bicycle_death_count,bicycle_maj_inj_count,ped_count,ped_death_count,ped_maj_inj_count,max_severity_level,comm_veh_count,dec_lat,dec_long,rdwy_surf_type_cd,county_name
75510,835294,2011032873,6,67,67301,2011,3,6,1412,14,1,1,0,5,1,1,4,Y,0,0,0,3,0,1,2,2,N,N,40 01:25.496,75 01:58.808,1446,55,1423, ,0, ,N, ,0, ,N,N,N,N,N,N,N,Y,2,1,0,0,0,1,0,0,0,0,0,0,1,1,0,0,0,0,0,0,0,0,0,0,0,0,0,0,0,0,0,0,0,0,0,8,1,40.0238,-75.0329, , 
75511,835323,2011085504,6,67,67301,2011,7,2,2320,23,3,1,1,4,1, , ,N,2,2,0,3,0,1,6,2,N,N,39 56:36.552,75 14:48.306,2336, ,2334, ,0, ,N, ,3, , , , , , , , , ,2,2,0,0,0,0,0,0,0,0,1,0,1,0,2,0,0,0,0,0,0,0,0,0,0,0,0,0,0,0,0,0,0,0,0,3,0,39.9435,-75.2468, , 
75512,835324,2011085517,6,67,67301,2011,7,7,1200,12,1,1,0,7,2, , ,N,0,0,0,3,0,1,1,1,N,N,40 00:29.024,75 08:22.568,1210, ,1200, ,0, ,N, ,0, , , , , , , , , ,1,1,0,0,0,0,0,0,0,0,0,1,1,0,0,0,0,0,0,0,0,0,0,0,0,0,0,0,0,0,0,0,0,0,0,4,0,40.0081,-75.1396, , 
75513,835346,2011115234,6,67,67301,2011,10,3,1415,14,1,1,0,6,1, , ,N,0,0,0,3,0,1,4,2,N,N,40 03:40.618,75 08:23.582,1535, ,1530, ,0, ,N, ,0, , , , , , , , , ,2,0,0,0,0,0,2,0,0,0,0,1,1,0,0,0,0,0,0,0,0,0,0,0,0,0,0,0,0,0,0,0,0,0,0,4,0,40.0613,-75.1399, , 
75514,835347,2011116057,6,67,67301,2011,10,7,2345,23,2,1,1,7,2, , ,N,0,0,2,3,0,1,1,1,N,N,39 56:38.419,75 08:32.890,7, ,2347, ,0, ,N, ,0, , , , , , , , , ,1,1,0,0,0,0,0,0,0,0,0,1,1,0,0,0,0,0,0,0,0,0,0,0,0,0,0,0,0,0,0,0,0,0,0,4,0,39.944,-75.1425, , 
75515,835366,2011088094,6,67,67301,2011,8,4,9999,99,1,2,1,1,1, , ,N,2,3,0,3,0,2,3,2,N,N,40 02:49.493,75 10:58.104,1718, ,1707, ,0, ,N, ,9, , , , , , , , , ,2,0,0,0,1,0,1,0,0,0,0,0,2,2,0,0,0,0,0,0,0,0,0,0,0,0,0,0,0,0,0,0,0,0,0,8,0,40.0471,-75.1828, , 
75516,835374,2011098566,6,67,67301,2011,9,3,1708,17,1,2,1,1,3, , ,N,0,0,0,3,0,4,6,2,N,N,39 59:24.722,75 09:19.023,1730, ,1726, ,0, , , ,0, , , , , , , , , ,2,1,0,0,0,0,1,0,0,0,0,0,4,4,0,0,0,0,0,1,0,0,0,0,0,0,0,0,0,0,0,0,0,0,0,8,0,39.9902,-75.1553, , 
75517,835377,2011100871,6,67,67301,2011,9,4,950,9,1,2,1,1,1, , ,N,1,2,0,3,0,1,3,3,N,N,40 01:01.180,75 11:17.957,1057, ,1055, ,0, ,N, ,3, , , , , , , , , ,3,2,0,0,0,0,0,0,0,0,0,0,1,1,1,0,0,0,0,0,0,0,0,0,0,0,0,0,0,0,0,0,0,0,0,8,0,40.017,-75.1883, , 
75518,835388,2011073221,6,67,67301,2011,6,5,1410,14,1,1,0,8,1, , ,N,1,0,0,3,0,1,2,2,Y,N,40 07:01.041,75 01:52.013,1450, ,1441, ,0, ,N, ,0, , , , , , , , , ,1,0,0,0,0,0,0,0,0,0,0,0,1,1,0,0,0,0,0,0,0,0,0,0,0,0,0,0,0,0,0,0,1,0,0,8,0,40.117,-75.0311, , 
75519,835391,2011083348,6,67,67301,2011,7,3,1908,19,1,1,0,5,1, , ,N,0,0,0,3,0,1,3,2,N,N,39 56:24.374,75 12:59.068,1935, ,1928, ,0, , , ,0, , , , , , , , , ,2,2,0,0,0,0,0,0,0,0,0,1,1,0,0,0,0,0,0,0,0,0,0,0,0,0,0,0,0,0,0,0,0,0,0,4,0,39.9401,-75.2164, , 
75520,835392,2011083361,6,67,67301,2011,7,3,900,9,1,1,0,8,1, , ,N,1,3,0,3,0,1,2,2,N,N,39 58:08.778,75 14:51.154,920, ,915, ,0, ,N, ,4, , , , , , , , , ,1,0,0,0,0,0,0,0,0,0,0,1,1,0,0,0,0,0,0,0,0,0,0,0,0,0,0,0,0,0,0,0,1,0,0,4,0,39.9691,-75.2475, , 
75521,835401,2011096022,6,67,67301,2011,9,4,2010,20,3,1,0,0,1, , ,N,0,0,0,3,0,1,2,2,N,N,39 53:36.031,75 13:46.618,2228, ,2222,1,1,2,N, ,0,N, , , , , , , , ,2,2,0,0,0,0,0,0,0,0,0,1,1,0,0,0,0,0,0,0,0,0,0,0,0,0,0,0,0,0,0,0,0,0,0,4,0,39.8933,-75.2296, , 
75522,835430,2011100786,6,67,67301,2011,9,3,1544,15,1,2,1,1,1, , ,N,1,2,0,3,0,0,2,2,N, ,40 06:43.184,74 59:26.035,1555, ,1545,3,1,1, , ,3,N, , , , , , , , ,2,1,0,0,1,0,0,0,0,0,0,0,0,0,0,0,0,0,0,0,1,0,0,0,0,0,0,0,0,0,0,0,0,0,0,0,0,40.112,-74.9906, , 
75523,835444,2011047080,6,67,67301,2011,4,6,1215,12,1,2,1,4,1, , ,N,3,2,0,3,0,2,5,2, , ,39 58:38.507,75 13:37.478,9999, ,1215, ,0, , , ,3, , , , , , , , , ,2,1,0,0,0,0,0,0,0,0,0,0,2,2,0,0,0,0,0,0,1,0,0,0,0,0,0,0,0,0,0,0,0,0,0,8,0,39.9774,-75.2271, , 
75524,835445,2011047222,6,67,67301,2011,5,6,1559,15,1,1,0,1,1, , ,N,1,2,0,3,0,1,2,2,N,N,40 01:38.505,75 05:56.834,1621, ,1600,2,1,1,N, ,3,N, , , , , , , , ,2,2,0,0,0,0,0,0,0,0,0,1,1,0,0,0,0,0,0,0,1,0,0,0,0,0,0,0,0,0,0,0,0,0,0,4,0,40.0274,-75.0991, , 
75525,870140,2011132701,6,67,67301,2011,11,3,1300,13,1,1,0,5,1, , ,N,0,0,0,3,0,0,2,3,N,N,39 57:06.918,75 11:06.441,1319, ,1317, ,0, ,N, ,0, , , , , , , , , ,3,2,0,0,1,0,0,0,0,0,0,0,0,0,0,0,0,0,0,0,0,1,0,0,0,0,0,0,0,0,0,0,0,0,0,0,0,39.9519,-75.1851, , 
75526,870145,2011115338,6,67,67301,2011,10,2,830,8,1,1,0,8,1, , ,N,1,2,0,3,0,1,2,2,N,N,39 56:50.704,75 14:23.171,845, ,836, ,0, ,N, ,3, , , , , , , , , ,1,1,0,0,0,0,0,0,0,0,0,0,1,1,0,0,0,0,0,0,0,0,0,0,0,0,0,0,0,0,0,0,1,0,0,8,0,39.9474,-75.2398, , 
75527,870157,2012001942,6,67,67301,2011,11,6,2345,23,3,1,0,5,1, , ,N,0,0,0,3,0,0,1,2,N,N,39 55:59.638,75 10:17.925,2350, ,2347,1,2,2,N, ,0,N, , , , , , , , ,2,2,0,0,0,0,0,0,0,0,0,0,0,0,0,0,0,0,0,1,0,0,0,0,0,0,0,0,0,0,0,0,0,0,0,0,0,39.9332,-75.1716, , 
75528,870160,2012004829,6,67,67301,2011,12,5,0,0,3,1,0,7,2, , ,N,0,0,0,3,0,0,2,1,N,N,39 57:05.980,75 09:45.890,345, ,335,9,1,3,N, ,0,N, , , , , , , , ,1,0,0,0,0,1,0,0,0,0,0,0,0,0,0,0,0,0,0,0,0,0,0,0,0,0,0,0,0,0,0,0,0,0,0,0,1,39.9517,-75.1627, , 
75529,870173,2011129158,6,67,67301,2011,12,7,1940,19,3,1,0,1,1, , ,N,0,0,0,3,0,0,2,2,N,N,39 57:36.595,75 08:25.138,2005, ,1949, ,0, ,N, ,0, , , , , , , , , ,2,1,0,0,0,0,1,0,0,0,0,0,0,0,0,0,0,0,0,0,1,0,0,0,0,0,0,0,0,0,0,0,0,0,0,0,0,39.96,-75.1404, , 
75530,870179,2011133471,6,67,67301,2011,12,5,1107,11,1,1,0,1,1, , ,N,0,0,0,3,0,0,3,3,N,N,39 57:06.890,75 08:27.598,1114, ,1110, ,0, ,N, ,0, , , , , , , , , ,3,1,0,0,0,0,2,0,0,0,0,0,0,0,0,0,0,1,0,0,2,0,0,0,0,0,0,0,0,0,0,0,0,0,0,0,0,39.9518,-75.141, , 
75531,870184,2012020878,6,67,67301,2011,6,1,645,6,1,1,0,1,1, , ,N,1,0,0,3,0,2,3,2,N,N,39 53:40.603,75 14:12.181,0, ,0, ,0, ,N, ,0, , , , , , , , , ,2,1,0,0,0,0,0,0,0,0,0,0,2,2,1,0,0,0,0,0,1,0,0,0,0,0,0,0,0,0,0,0,0,0,0,8,0,39.8946,-75.2367, , 
75532,870185,2011106155,6,67,67301,2011,9,5,634,6,1,1,0,1,1, , ,N,0,0,0,3,0,2,4,3,N,N,40 05:03.804,74 58:07.386,648, ,634, ,0, ,N, ,0, , , , , , , , , ,3,2,0,0,0,0,1,0,0,0,0,2,2,0,0,0,0,0,0,0,0,0,0,0,0,0,0,0,0,0,0,0,0,0,0,4,0,40.0844,-74.9687, , 
75533,870190,2011108913,6,67,67301,2011,9,4,445,4,3,1,0,7,5, , ,N,2,3,0,3,0,4,4,1,N,N,40 02:27.564,75 09:49.334,455, ,452, ,0, ,N, ,3, , , , , , , , , ,1,1,0,0,0,0,0,0,0,0,0,4,4,0,0,0,0,0,0,0,0,0,0,0,0,0,0,0,0,0,0,0,0,0,0,4,0,40.041,-75.1637, , 
75534,870200,2011122856,6,67,67301,2011,11,4,941,9,1,1,0,8,1, , ,N,2,0,0,3,0,1,3,2,N,N,40 03:34.088,75 08:17.402,1033, ,1030, ,0, ,N, ,0, , , , , , , , , ,1,0,0,0,0,0,1,0,0,0,0,1,1,0,0,0,0,0,0,0,0,0,0,0,0,0,0,0,0,0,0,0,1,0,0,4,0,40.0595,-75.1382, , 
75535,870230,2011132796,6,67,67301,2011,11,3,1810,18,3,2,1,4,1, , ,N,1,3,0,3,0,0,4,4,N,N,40 02:48.311,75 10:38.158,1815, ,1812,2,1,3,N, ,3,N, , , , , , , , ,4,4,0,0,0,0,0,0,0,0,0,0,0,0,0,0,0,0,0,0,0,1,1,0,0,0,0,0,0,0,0,0,0,0,0,0,0,40.0468,-75.1773, , 
75536,870233,2012015355,6,67,67301,2011,12,3,520,5,1,1,0,8,1, , ,N,0,0,0,3,0,1,2,2,N,N,39 57:14.619,75 14:39.894,1527, ,1525, ,0, ,N, ,0, , , , , , , , , ,1,1,0,0,0,0,0,0,0,0,0,0,1,1,0,0,0,0,0,0,0,0,0,0,0,0,0,0,0,0,0,0,1,0,0,8,0,39.9541,-75.2444, , 
75537,870254,2011127089,6,67,67301,2011,11,1,1141,11,1,1,0,5,1, , ,N,0,0,0,3,0,1,2,2,N,N,40 03:01.198,75 08:52.548,1142, ,1141, ,0, ,N, ,0, , , , , , , , , ,2,2,0,0,0,0,0,0,0,0,0,1,1,0,0,0,0,0,0,0,1,0,0,0,0,0,0,0,0,0,0,0,0,0,0,4,0,40.0503,-75.1479, , 
75538,870260,2011132646,6,67,67301,2011,11,2,15,0,3,2,1,4,1, , ,N,1,2,0,3,0,2,2,2,N,N,39 57:24.062,75 11:53.314,32, ,23, ,0, ,N, ,3, , , , , , , , , ,2,1,0,0,0,0,1,0,0,0,0,1,2,1,0,0,0,0,0,0,0,0,0,0,0,0,0,0,0,0,0,0,0,0,0,4,0,39.9567,-75.1981, , 
75539,870262,2011135736,6,67,67301,2011,12,7,1,0,3,1,0,1,1, , ,N,7,0,2,3,0,0,5,2,N,N,39 53:29.072,75 14:13.179,7, ,3, ,0, ,N, ,0, , , , , , , , , ,2,2,0,0,0,0,0,0,0,0,0,0,0,0,0,0,0,1,0,0,1,0,0,0,0,0,0,0,0,0,0,0,0,0,0,0,0,39.8927,-75.2338, , 
75540,870270,2011108746,6,67,67301,2011,9,5,1620,16,1,1,0,4,1, , ,N,1,3,0,3,0,1,2,2,N,N,39 59:49.588,75 12:17.053,1631, ,1624, ,0, ,N, ,3, , , , , , , , , ,2,1,0,0,1,0,0,0,0,0,0,0,1,1,0,0,0,0,0,0,0,0,0,0,0,0,0,0,0,0,0,0,0,0,0,8,0,39.9971,-75.2047, , 
75541,870298,2011113281,6,67,67301,2011,10,3,900,9,1,1,0,4,1, , ,N,1,3,0,3,0,1,2,2,N,N,40 01:17.857,75 09:54.435,915, ,902,1,1,3,N, ,3,Y, , , , , , , , ,2,1,0,0,0,0,1,0,0,0,0,0,1,1,1,0,0,0,0,0,0,0,0,0,0,0,0,0,0,0,0,0,0,0,0,8,0,40.0216,-75.1651, , 
75542,870320,2011134731,6,67,67301,2011,11,4,654,6,1,1,0,5,6, , ,N,0,0,0,3,0,1,3,3,N,N,39 57:55.191,75 11:30.537,659, ,656, ,0, ,N, ,0, , , , , , , , , ,3,3,0,0,0,0,0,0,0,0,0,0,1,1,1,0,0,0,0,0,1,0,0,0,0,0,0,0,0,0,0,0,0,0,0,8,0,39.9653,-75.1918, , 
75543,870330,2011097321,6,67,67301,2011,9,7,132,1,3,1,0,4,1,1,4,Y,0,0,0,3,0,0,2,2,N,N,39 57:25.563,75 10:49.457,138,50,137,1,2,3,N, ,0,N,N,N,N,Y,Y,N,N,N,2,1,0,0,0,0,0,0,0,0,0,0,0,0,1,0,0,0,0,0,0,0,0,0,0,0,0,0,0,0,0,0,0,0,0,9,0,39.9571,-75.1804, , 
75544,870339,2012004983,6,67,67301,2011,12,7,204,2,3,1,0,2,1, , ,N,1,2,0,3,0,4,4,2,N,N,39 55:21.975,75 14:18.329,204, ,204,1,2,7,N, ,3,N, , , , , , , , ,2,2,0,0,0,0,0,0,0,0,0,4,4,0,0,0,0,0,0,0,0,0,0,0,0,0,0,0,0,0,0,0,0,0,0,4,0,39.9228,-75.2384, , 
75545,870347,2011118048,6,67,67301,2011,10,3,720,7,1,1,0,4,2, , ,N,2,0,0,3,0,2,3,2,N,N,40 02:32.049,75 04:48.539,919, ,915, ,0, ,N, ,0, , , , , , , , , ,2,1,0,0,1,0,0,0,0,0,0,2,2,0,0,0,0,0,0,0,0,0,0,0,0,0,0,0,0,0,0,0,0,0,0,4,0,40.0422,-75.0801, , 
75546,870348,2011118468,6,67,67301,2011,10,1,818,8,1,1,0,4,6, , ,N,0,0,0,3,0,0,1,4,N,N,40 01:42.488,75 03:40.099,842, ,832, ,0, ,N, ,0, , , , , , , , , ,4,3,0,0,1,0,0,0,0,0,0,0,0,0,1,0,0,0,0,0,0,0,0,0,0,0,0,0,0,0,0,0,0,0,0,9,0,40.0285,-75.0611, , 
75547,870357,2011134657,6,67,67301,2011,12,5,2030,20,3,1,0,4,1, , ,N,1,3,0,3,0,1,2,2,N,N,39 56:56.623,75 09:20.444,2250, ,2250, ,0, ,N, ,3, , , , , , , , , ,2,1,0,0,0,0,1,0,0,0,0,1,1,0,1,0,0,0,0,0,0,0,1,0,0,0,0,0,0,0,0,0,0,0,0,4,0,39.9491,-75.1557, , 
75548,870398,2011109853,6,67,67301,2011,9,1,1951,19,3,1,0,5,1, , ,N,0,0,0,3,0,1,1,4,N, ,40 03:54.183,75 11:29.245,2046, ,2025, ,0, , , ,0, , , , , , , , , ,4,3,0,0,1,0,0,0,0,0,0,1,1,0,0,0,0,0,0,0,0,0,0,0,0,0,0,0,0,0,0,0,0,0,0,4,0,40.0651,-75.1915, , 
75549,870403,2011112190,6,67,67301,2011,10,2,1515,15,1,1,0,4,1, , ,N,0,0,0,3,0,1,3,2,N,N,40 06:39.453,75 00:11.420,1530, ,1527, ,0, ,N, ,0, , , , , , , , , ,2,1,0,0,1,0,0,0,0,0,0,0,1,1,0,0,0,0,0,0,0,0,0,0,0,0,0,0,0,0,0,0,0,0,0,8,0,40.111,-75.0032, , 
75550,870408,2011118177,6,67,67301,2011,10,5,654,6,1,2,1,8,1, , ,N,2,2,7,3,0,1,2,2,N,N,39 55:07.618,75 11:09.725,657, ,655, ,0, ,N, ,3, , , , , , , , , ,1,1,0,0,0,0,0,0,0,0,0,1,1,0,0,0,0,0,1,0,0,0,0,0,0,0,0,0,0,0,0,0,1,0,0,4,0,39.9188,-75.186, , 
75551,870420,2011132956,6,67,67301,2011,11,1,130,1,3,1,0,4,1, , ,N,1,2,0,3,0,1,2,2,N, ,40 02:25.098,75 02:36.070,515, ,515, ,0, , , ,3, , , , , , , , , ,2,2,0,0,0,0,0,0,0,0,0,1,1,0,1,0,0,0,0,0,0,0,0,1,0,0,0,0,0,0,0,0,0,0,0,4,0,40.0403,-75.0434, , 
75552,870426,2012004349,6,67,67301,2011,12,7,845,8,1,1,0,1,1, , ,N,1,2,0,3,0,1,3,2,N,N,40 01:00.896,75 08:58.458,900, ,736, ,0, , , ,3, , , , , , , , , ,2,1,0,0,1,0,0,0,0,0,0,0,1,1,1,0,0,0,0,0,0,0,0,0,0,0,0,0,0,0,0,0,0,0,0,8,0,40.0169,-75.1495, , 
75553,870427,2012004890,6,67,67301,2011,12,2,2200,22,3,2,1,4,1, , ,N,1,0,0,3,0,1,2,2,N,N,39 58:35.983,75 14:01.359,2300, ,2254, ,0, ,N, ,0, , , , , , , , , ,2,2,0,0,0,0,0,0,0,0,0,0,1,1,1,0,0,0,0,0,1,0,0,0,0,0,0,0,0,0,0,0,0,0,0,8,0,39.9767,-75.2337, , 
75554,870428,2012012646,6,67,67301,2011,12,3,1730,17,3,2,1,4,6, , ,N,0,0,0,3,0,1,3,2,N,N,39 57:18.565,75 13:49.627,1810, ,1806, ,0, ,N, ,0, , , , , , , , , ,2,1,0,0,0,0,0,0,0,0,0,1,1,0,1,0,0,0,0,0,0,0,0,0,0,0,0,0,0,0,0,0,0,0,0,4,0,39.9552,-75.2305, , 
75555,870431,2011112280,6,67,67301,2011,10,2,1612,16,1,1,0,4,1, , ,N,2,0,0,3,0,1,3,2,N,N,40 05:17.875,75 02:37.004,1616, ,1612, ,0, ,N, ,0, , , , , , , , , ,2,1,0,0,1,0,0,0,0,0,1,0,1,0,0,0,0,0,0,0,0,0,0,0,0,0,0,0,0,0,0,0,0,0,0,3,0,40.0883,-75.0436, , 
75556,870446,2012020259,6,67,67301,2011,5,3,1100,11,1,1,0,5,6, , ,N,0,0,0,3,0,0,1,2,N,N,40 00:30.987,75 08:46.128,0, ,0, ,0, ,N, ,0, , , , , , , , , ,2,1,0,0,0,0,1,0,0,0,0,0,0,0,0,0,0,0,0,0,0,0,0,0,0,0,0,0,0,0,0,0,0,0,0,0,0,40.0086,-75.1463, , 
75557,870474,2011061375,6,67,67301,2011,4,3,842,8,1,1,0,1,1, , ,N,0,0,0,3,0,2,2,4,N,N,39 59:47.629,75 08:49.079,855, ,852, ,0, ,N, ,0, , , , , , , , , ,4,0,0,0,0,0,2,0,0,0,1,1,2,0,0,0,0,0,0,0,0,0,0,0,0,0,0,0,0,0,0,0,0,0,0,3,0,39.9966,-75.147, , 
75558,870479,2011066788,6,67,67301,2011,5,4,9999,99,1,1,0,8,1, , ,N,2,2,0,3,0,1,2,2,N,N,39 56:54.970,75 10:03.935,955, ,950, ,0, ,N, ,3, , , , , , , , , ,1,1,0,0,0,0,0,0,0,0,1,0,1,0,0,0,0,0,0,0,0,0,0,1,0,0,0,0,0,0,0,0,1,0,0,3,0,39.9486,-75.1678, , 
75559,870484,2012010089,6,67,67301,2011,12,4,1800,18,3,2,1,7,5, , ,N,0,0,0,3,0,1,1,1,N, ,40 02:57.961,75 14:43.941,1808, ,1806,2,2,6, , ,0,Y, , , , , , , , ,1,0,0,0,0,0,0,1,0,0,0,0,1,1,0,0,0,0,0,0,0,0,0,0,0,0,0,0,0,0,0,0,0,0,0,8,0,40.0494,-75.2455, , 
75560,870520,2012004919,6,67,67301,2011,12,2,1100,11,1,1,0,4,1, , ,N,1,2,0,3,0,3,3,3,N,N,40 01:48.978,75 03:51.736,1316, ,1310,2,1,5,N, ,3,Y, , , , , , , , ,3,2,0,0,0,0,0,1,0,0,0,3,3,0,0,0,0,0,0,1,1,0,0,0,0,0,0,0,0,0,0,0,0,0,0,4,0,40.0303,-75.0644, , 
75561,870527,2011099585,6,67,67301,2011,9,1,2232,22,3,1,0,7,2, , ,N,0,0,0,3,0,0,1,1,N,N,39 52:43.545,75 14:57.854,2247, ,2239, ,0, ,Y, ,0, , , , , , , , , ,1,0,0,0,1,0,0,0,0,0,0,0,0,0,1,0,0,0,0,0,0,0,0,0,0,0,0,0,0,0,0,0,0,0,0,9,0,39.8788,-75.2494, , 
75562,865093,2011115363,6,67,67301,2011,9,2,1748,17,1,1,0,1,1, , ,N,0,0,0,3,0,6,6,2,N,N,39 57:32.267,75 13:44.558,1759, ,1750,1,2,3,N, ,0,Y, , , , , , , , ,2,2,0,0,0,0,0,0,0,0,1,3,6,2,0,0,0,0,0,0,0,0,0,3,0,0,0,0,0,0,0,0,0,0,0,3,0,39.959,-75.2291, , 
75563,865108,2012004778,6,67,67301,2011,12,5,2301,23,3,1,0,8,1, , ,N,1,2,0,3,0,1,2,2,N,N,39 57:23.616,75 14:30.901,24, ,20, ,0, ,N, ,3, , , , , , , , , ,1,1,0,0,0,0,0,0,0,0,1,0,1,0,0,0,0,0,0,0,0,0,0,0,0,0,0,0,0,0,0,0,1,0,0,3,0,39.9566,-75.2419, , 
75564,865109,2012009993,6,67,67301,2011,12,7,2100,21,3,1,0,1,1, , ,N,2,2,0,3,0,2,4,2,N,N,39 57:44.547,75 09:41.289,2125, ,2120, ,0, ,N, ,3, , , , , , , , , ,2,1,0,0,0,0,1,0,0,0,0,2,2,0,0,0,0,0,0,0,0,0,0,0,0,0,0,0,0,0,0,0,0,0,0,4,0,39.9621,-75.1614, , 
75565,865111,2011106174,6,67,67301,2011,9,5,1526,15,1,1,0,2,1, , ,N,1,2,0,3,0,1,2,4,N, ,40 02:44.136,75 04:17.168,1540, ,1529, ,0, , , ,3, , , , , , , , , ,4,2,0,0,0,0,2,0,0,0,0,1,1,0,1,0,0,0,0,0,1,0,0,1,0,0,0,0,0,0,0,0,0,0,0,4,0,40.0456,-75.0714, , 
75566,865116,2011108834,6,67,67301,2011,9,6,950,9,1,2,1,4,1, , ,N,10,3,0,3,0,1,3,2,N,N,39 57:45.190,75 13:57.158,1005, ,953, ,0, ,N, ,3, , , , , , , , , ,2,1,0,1,0,0,0,0,0,0,0,1,1,0,0,0,0,0,0,0,1,0,0,0,0,0,0,0,0,0,0,0,0,0,0,4,1,39.9626,-75.2325, , 
75567,865117,2011108930,6,67,67301,2011,9,6,1425,14,1,1,0,4,1, , ,N,1,3,0,3,0,1,2,2,N,N,40 03:14.200,75 11:50.770,1510, ,1458, ,0, ,N, ,3, , , , , , , , , ,2,1,0,0,1,0,0,0,0,0,0,0,1,1,0,0,0,0,0,0,1,0,0,0,0,0,0,0,0,0,0,0,0,0,0,8,0,40.0539,-75.1974, , 
75568,865126,2011112245,6,67,67301,2011,10,5,1220,12,1,1,0,4,6, , ,N,0,0,7,3,0,1,1,2,N,N,39 58:39.259,75 07:09.289,1225, ,1220, ,0, , , ,0, , , , , , , , , ,2,1,0,0,0,0,0,1,0,0,1,0,1,0,0,0,0,0,0,0,0,1,0,0,0,0,0,0,0,0,0,0,0,0,0,3,0,39.9769,-75.1195, , 
75569,865138,2011132717,6,67,67301,2011,11,5,2300,23,3,1,0,1,1, , ,N,1,2,0,3,0,1,3,3,N, ,40 03:58.061,75 03:46.964,2305, ,2300, ,0, , , ,3, , , , , , , , , ,3,2,0,0,0,0,1,0,0,0,0,1,1,0,0,0,0,0,0,0,0,0,0,0,0,0,0,0,0,0,0,0,0,0,0,4,0,40.0661,-75.063, , 
75570,865142,2012004812,6,67,67301,2011,12,3,1151,11,1,1,0,8,1, , ,N,1,2,0,3,0,1,2,2,N,N,39 57:01.634,75 11:33.356,1158, ,1152, ,0, ,N, ,3, , , , , , , , , ,1,1,0,0,0,0,0,0,0,0,1,0,1,0,0,0,0,0,0,0,0,0,0,1,0,0,0,0,0,0,0,0,1,0,0,3,0,39.9505,-75.1926, , 
75571,865143,2012012633,6,67,67301,2011,12,7,1735,17,3,1,0,5,1, , ,N,0,0,0,3,0,0,2,2,N, ,39 55:27.890,75 09:15.650,1815, ,1810, ,0, , , ,0, , , , , , , , , ,2,2,0,0,0,0,0,0,0,0,0,0,0,0,0,0,0,0,0,0,2,0,0,0,0,0,0,0,0,0,0,0,0,0,0,0,0,39.9244,-75.1543, , 
75572,865169,2011126330,6,67,67301,2011,11,3,401,4,3,1,0,1,1, , ,N,0,0,0,3,0,2,2,2,N,N,40 00:22.954,75 07:00.979,404, ,401,1,2,3,N, ,0,Y, , , , , , , , ,2,2,0,0,0,0,0,0,0,0,0,2,2,0,0,0,0,0,0,0,0,0,0,0,0,0,0,0,0,0,0,0,0,0,0,4,0,40.0064,-75.1171, , 
75573,865183,2012004834,6,67,67301,2011,11,3,2220,22,3,2,1,1,1, , ,N,1,2,0,3,0,3,5,2,N,N,39 55:31.449,75 10:39.476,2227, ,2224, ,0, ,N, ,3, , , , , , , , , ,2,2,0,0,0,0,0,0,0,0,3,0,3,0,0,0,0,0,1,0,1,0,0,0,0,0,0,0,0,0,0,0,0,0,0,3,0,39.9254,-75.1776, , 
75574,865184,2012004949,6,67,67301,2011,11,4,725,7,1,1,0,4,1, , ,N,5,2,0,3,0,0,2,2,N,N,39 58:10.070,75 08:22.352,732, ,729, ,0, ,N, ,3, , , , , , , , , ,2,2,0,0,0,0,0,0,0,0,0,0,0,0,1,0,0,0,0,0,0,0,0,0,0,0,0,0,0,0,0,0,0,0,0,9,0,39.9695,-75.1395, , 
75575,865185,2012007930,6,46,46104,2011,12,6,1,0,3,1,0,1,1, , ,N,0,1,0,3,0,3,4,2,N,N,39 59:43.180,75 14:20.576,5, ,0, ,0, ,N, ,3, , , , , , , , , ,2,1,0,0,0,0,1,0,0,0,0,3,3,0,0,0,0,0,0,0,1,0,0,0,0,0,0,0,0,0,0,0,0,0,0,4,0,39.9953,-75.239, , 
75576,865195,2011106670,6,67,67301,2011,9,2,330,3,3,1,0,8,1, , ,N,0,0,0,3,0,1,2,2,N,N,40 01:18.130,75 08:54.314,340, ,330, ,0, ,N, ,0, , , , , , , , , ,1,1,0,0,0,0,0,0,0,0,0,1,1,0,0,0,0,0,0,0,0,0,0,0,0,0,0,0,0,0,0,0,1,0,0,4,0,40.0217,-75.1484, , 