objectid_1,objectid,crn,district,county,municipality,crash_year,crash_month,day_of_week,time_of_day,hour_of_day,illumination,weather,road_condition,collision_type,relation_to_road,work_zone_type,work_zone_loc,work_zone_ind,intersect_type,tcd_type,location_type,urban_rural,fatal_count,injury_count,person_count,total_units,sch_bus_ind,sch_zone_ind,latitude,longitude,arrival_tm,cons_zone_spd_lim,dispatch_tm,est_hrs_closed,lane_closed,ln_close_dir,ntfy_hiwy_maint,spec_juris_cd,tcd_func_cd,tfc_detour_ind,workers_pres,wz_close_detour,wz_flagger,wz_law_offcr_ind,wz_ln_closure,wz_moving,wz_other,wz_shlder_mdn,vehicle_count,automobile_count,motorcycle_count,bus_count,small_truck_count,heavy_truck_count,suv_count,van_count,bicycle_count,maj_inj_count,mod_inj_count,min_inj_count,tot_inj_count,unk_inj_deg_count,unk_inj_per_count,driver_count_16yr,driver_count_17yr,driver_count_18yr,driver_count_19yr,driver_count_20yr,driver_count_50_64yr,driver_count_65_74yr,driver_count_75plus,unbelted_occ_count,unb_death_count,unb_maj_inj_count,belted_death_count,belted_maj_inj_count,mcycle_death_count,mcycle_maj_inj_count,bicycle_death_count,bicycle_maj_inj_count,ped_count,ped_death_count,ped_maj_inj_count,max_severity_level,comm_veh_count,dec_lat,dec_long,rdwy_surf_type_cd,county_name
75577,865200,2011115229,6,67,67301,2011,10,5,1522,15,1,1,0,4,1, , ,N,1,2,0,3,0,0,2,2,N,N,39 57:39.747,75 08:41.293,1611, ,1608, ,0, ,N, ,3, , , , , , , , , ,2,2,0,0,0,0,0,0,0,0,0,0,0,0,0,0,0,0,0,0,1,0,0,0,0,0,0,0,0,0,0,0,0,0,0,0,0,39.9609,-75.145, , 
75578,865222,2012001997,6,67,67301,2011,12,6,9999,99,3,1,0,8,1, , ,N,1,2,0,3,0,1,2,2,N,N,40 01:31.669,75 07:24.547,1931, ,1932,1,1,1,N, ,3,N, , , , , , , , ,1,0,0,0,0,0,1,0,0,0,1,0,1,0,0,0,0,0,0,0,0,0,0,0,0,0,0,0,0,0,0,0,1,0,0,3,0,40.0255,-75.1235, , 
75579,865224,2012032564,6,67,67301,2011,6,5,9999,99,1,1,0,4,1, , ,N,1,2,0,3,0,1,2,2,N,N,39 54:42.724,75 10:21.917,1743, ,1740, ,0, , , ,3, , , , , , , , , ,2,1,1,0,0,0,0,0,0,0,1,0,1,0,0,0,0,0,0,0,1,1,0,0,0,0,0,0,0,0,0,0,0,0,0,3,0,39.9119,-75.1728, , 
75580,867609,2012020473,6,67,67301,2011,5,6,1727,17,4,9,8,8,1, , ,N,1,2,0,3,0,1,2,2,N,N,39 58:50.024,75 10:20.673,1731, ,1729, ,0, , , ,3, , , , , , , , , ,1,1,0,0,0,0,0,0,0,0,1,0,1,0,0,0,0,0,0,0,0,0,0,0,0,0,0,0,0,0,0,0,1,0,0,3,0,39.9806,-75.1724, , 
75581,867622,2011134767,6,67,67301,2011,11,2,1520,15,1,1,0,8,6, , ,N,0,0,0,3,0,1,2,3,N,N,39 58:43.559,75 09:30.640,1520, ,1520,2,2,6,N, ,0,Y, , , , , , , , ,2,2,0,0,0,0,0,0,0,1,0,0,1,0,0,0,0,0,0,0,1,0,0,0,0,0,0,0,0,0,0,0,1,0,1,2,0,39.9788,-75.1585, , 
75582,867631,2012021375,6,67,67301,2011,12,5,2306,23,3,2,1,1,2, , ,N,0,0,0,3,0,1,1,3,N,N,40 02:41.949,75 09:13.622,45, ,41, ,0, ,N, ,0, , , , , , , , , ,3,2,0,0,0,0,0,1,0,0,0,1,1,0,0,0,0,0,0,0,0,0,0,0,0,0,0,0,0,0,0,0,0,0,0,4,0,40.045,-75.1538, , 
75583,867641,2012042139,6,67,67301,2011,6,3,824,8,1,1,0,4,1, , ,N,1,2,0,3,0,1,2,2,N,N,39 56:25.327,75 14:11.791,826, ,824,3,1,2,Y, ,3,Y, , , , , , , , ,2,2,0,0,0,0,0,0,0,0,0,0,1,1,0,0,0,0,0,0,1,0,0,0,0,0,0,0,0,0,0,0,0,0,0,8,0,39.9404,-75.2366, , 
75584,867648,2011112085,6,67,67301,2011,10,2,935,9,1,1,0,1,1, , ,N,1,2,0,3,0,1,3,2,N,N,39 57:30.389,75 14:14.837,950, ,947,3,1,2,N, ,3,N, , , , , , , , ,2,1,0,0,0,0,1,0,0,0,0,1,1,0,0,0,0,0,0,0,1,0,0,2,0,0,0,0,0,0,0,0,0,0,0,4,0,39.9584,-75.2375, , 
75585,867664,2012019557,6,67,67301,2011,5,4,1645,16,1,1,0,1,1, , ,N,0,0,0,3,0,1,2,2,N,N,40 02:34.250,75 06:48.475,0, ,0, ,0, ,N, ,0, , , , , , , , , ,2,2,0,0,0,0,0,0,0,0,0,0,1,1,1,0,0,0,0,0,0,0,0,0,0,0,0,0,0,0,0,0,0,0,0,8,0,40.0428,-75.1135, , 
75586,867695,2011130428,6,67,67301,2011,12,7,643,6,3,1,0,7,7, , ,N,7,0,2,3,0,1,2,1,N,N,39 57:34.701,75 10:51.774,659, ,644, ,0, ,Y, ,0, , , , , , , , , ,1,0,0,0,1,0,0,0,0,0,0,0,1,1,0,0,0,0,0,0,0,0,0,0,0,0,0,0,0,0,0,0,0,0,0,8,0,39.9596,-75.181, , 
75587,867696,2011132974,6,67,67301,2011,11,3,1310,13,1,2,1,6,1, , ,N,1,2,0,3,0,1,4,2,N,N,39 57:39.001,75 08:34.269,1340, ,1330, ,0, ,N, ,3, , , , , , , , , ,2,2,0,0,0,0,0,0,0,0,0,1,1,0,0,0,0,0,0,0,0,0,0,0,0,0,0,0,0,0,0,0,0,0,0,4,0,39.9608,-75.1426, , 
75588,867699,2012001949,6,67,67301,2011,11,2,1853,18,3,1,0,8,1, , ,N,1,3,0,3,0,1,2,2,N,N,40 01:35.986,75 10:38.045,1954, ,1853, ,0, ,N, ,3, , , , , , , , , ,1,1,0,0,0,0,0,0,0,0,0,0,1,1,0,0,0,0,0,0,1,0,0,0,0,0,0,0,0,0,0,0,1,0,0,8,0,40.0267,-75.1772, , 
75589,867709,2011117812,6,67,67301,2011,10,2,1340,13,1,1,0,4,1, , ,N,0,2,7,3,0,3,5,2,N,N,39 57:31.557,75 14:07.443,1411, ,1408,2,1,5, , ,3,N, , , , , , , , ,2,1,0,0,1,0,0,0,0,0,0,3,3,0,0,0,0,0,0,0,1,0,0,5,0,0,0,0,0,0,0,0,0,0,0,4,0,39.9588,-75.2354, , 
75590,867730,2012010118,6,67,67301,2011,12,2,700,7,6,1,0,1,6, , ,N,0,0,0,3,0,2,2,3,N, ,40 03:31.730,75 08:57.955,1028, ,1026, ,0, , , ,0, , , , , , , , , ,3,1,0,0,0,0,2,0,0,0,0,0,2,2,0,0,0,0,0,0,0,0,0,0,0,0,0,0,0,0,0,0,0,0,0,8,0,40.0588,-75.1494, , 
75591,867743,2011120332,6,67,67301,2011,10,5,1815,18,3,2,1,8,1, , ,N,1,2,0,3,0,1,2,2,N,N,39 57:04.866,75 11:56.817,1825, ,1822, ,0, ,N, ,3, , , , , , , , , ,1,1,0,0,0,0,0,0,0,0,0,0,1,1,0,0,0,0,0,0,1,0,0,0,0,0,0,0,0,0,0,0,1,0,0,8,0,39.9514,-75.1991, , 
75592,867751,2012002758,6,67,67301,2011,12,7,1359,13,1,1,0,1,1, , ,N,6,0,2,3,0,0,2,2,N,N,39 56:54.491,75 11:10.619,1407, ,1400, ,0, ,N, ,0, , , , , , , , , ,2,1,0,0,0,0,1,0,0,0,0,0,0,0,0,0,0,0,0,0,0,0,0,0,0,0,0,0,0,0,0,0,0,0,0,0,0,39.9485,-75.1863, , 
75593,867773,2012001908,6,67,67301,2011,12,3,1846,18,3,2,1,7,4, , ,N,0,3,0,3,0,2,2,1,N,N,39 55:03.907,75 14:34.101,1900, ,1851, ,0, ,N, ,3, , , , , , , , , ,1,1,0,0,0,0,0,0,0,0,1,1,2,0,0,0,0,0,0,0,0,0,0,1,0,0,0,0,0,0,0,0,0,0,0,3,0,39.9178,-75.2428, , 
75594,867774,2012002092,6,67,67301,2011,12,1,1034,10,1,1,0,4,1, , ,N,1,2,0,3,0,1,2,2,N,N,39 57:40.482,75 08:48.201,1034, ,1034, ,0, ,N, ,3, , , , , , , , , ,1,0,0,0,0,0,1,0,1,0,0,0,1,1,0,0,0,0,0,0,0,0,0,0,0,0,0,0,0,0,0,0,0,0,0,8,0,39.9612,-75.1466, , 
75595,867779,2011115393,6,67,67301,2011,10,1,904,9,1,1,0,4,1, , ,N,1,2,0,3,0,1,3,2,N,N,40 02:06.965,75 04:15.061,905, ,905,1,1,3,N, ,3,N, , , , , , , , ,2,1,0,0,1,0,0,0,0,0,0,0,1,1,1,0,0,0,0,0,0,1,0,0,0,0,0,0,0,0,0,0,0,0,0,8,0,40.0353,-75.0706, , 
75596,867804,2011107703,6,67,67301,2011,10,7,343,3,3,1,0,1,1, , ,N,0,0,0,3,0,1,3,2,N,N,40 02:57.176,74 59:45.478,343, ,343, ,0, ,N, ,0, , , , , , , , , ,2,2,0,0,0,0,0,0,0,0,0,0,1,1,0,0,0,0,0,1,0,0,0,0,0,0,0,0,0,0,0,0,0,0,0,8,0,40.0492,-74.9961, , 
75597,867816,2011117286,6,67,67301,2011,10,7,1215,12,1,1,0,1,1, , ,N,0,0,0,3,0,1,3,2,N,N,40 03:29.817,75 09:47.751,1238, ,1237, ,0, ,N, ,0, , , , , , , , , ,2,2,0,0,0,0,0,0,0,0,0,1,1,0,0,0,0,0,0,0,0,0,0,2,0,0,0,0,0,0,0,0,0,0,0,4,0,40.0583,-75.1633, , 
75598,870546,2012022617,6,67,67301,2011,12,4,9999,99,3,2,1,4,9, , ,N,1,2,0,3,0,0,2,2,N,N,40 01:30.462,75 03:45.765,1047, ,1030, ,0, ,N, ,3, , , , , , , , , ,2,1,0,0,1,0,0,0,0,0,0,0,0,0,0,0,0,0,0,0,0,0,0,0,0,0,0,0,0,0,0,0,0,0,0,0,0,40.0251,-75.0627, , 
75599,870547,2012023913,6,67,67301,2011,12,6,1630,16,2,1,0,1,1, , ,N,0,0,0,3,0,1,2,2,N,N,39 58:32.540,75 12:21.160,0, ,0, ,0, ,N, ,0, , , , , , , , , ,2,1,0,0,0,0,1,0,0,0,0,0,1,1,1,0,0,0,0,0,0,0,0,0,0,0,0,0,0,0,0,0,0,0,0,8,0,39.9757,-75.2059, , 
75600,870551,2011117283,6,67,67301,2011,10,3,2348,23,3,1,0,1,1, , ,N,0,0,3,3,0,2,3,2,N,N,39 54:18.213,75 11:42.691,5, ,2358,1,2,3, , ,0,N, , , , , , , , ,2,2,0,0,0,0,0,0,0,0,0,2,2,0,1,0,0,0,1,0,0,0,0,0,0,0,0,0,0,0,0,0,0,0,0,4,0,39.9051,-75.1952, , 
75601,870569,2012021266,6,67,67301,2011,8,5,915,9,1,1,0,1,1, , ,N,0,0,0,3,0,1,2,2,N,N,39 57:43.396,75 09:41.070,0, ,0, ,0, ,N, ,0, , , , , , , , , ,2,2,0,0,0,0,0,0,0,0,0,0,1,1,1,0,0,0,0,0,0,0,0,0,0,0,0,0,0,0,0,0,0,0,0,8,0,39.9621,-75.1614, , 
75602,870574,2011073284,6,67,67301,2011,6,2,1400,14,1,1,0,1,4, , ,N,0,0,0,3,0,1,2,3,N,N,39 56:05.501,75 10:23.209,1425, ,1420,2,2,3,N, ,0,Y, , , , , , , , ,3,3,0,0,0,0,0,0,0,0,0,0,1,1,1,0,0,0,0,0,0,0,0,0,0,0,0,0,0,0,0,0,0,0,0,8,0,39.9349,-75.1731, , 
75603,870581,2011082397,6,67,67301,2011,6,3,30,0,3,1,0,5,2, , ,N,0,0,0,3,0,0,1,5,N,N,39 59:19.913,75 08:07.500,36, ,33,4,2,2,N, ,0,Y, , , , , , , , ,5,4,0,0,0,0,0,1,0,0,0,0,0,0,1,0,0,0,0,0,0,0,0,0,0,0,0,0,0,0,0,0,0,0,0,9,0,39.9889,-75.1354, , 
75604,870592,2011092900,6,67,67301,2011,8,3,1600,16,1,1,0,1,1, , ,N,1,2,0,3,0,0,2,2,N,N,40 01:37.801,75 09:04.478,1630, ,1630, ,0, , , ,3, , , , , , , , , ,2,2,0,0,0,0,0,0,0,0,0,0,0,0,0,0,0,0,0,0,2,0,0,1,0,0,0,0,0,0,0,0,0,0,0,0,0,40.0272,-75.1512, , 
75605,870594,2011095347,6,67,67301,2011,8,6,1550,15,1,1,0,8,1, , ,N,0,0,0,3,0,1,2,2,N,N,39 58:49.419,75 10:16.062,1552, ,1552, ,0, ,N, ,0, , , , , , , , , ,1,0,0,0,0,0,1,0,0,0,0,1,1,0,0,0,0,0,0,0,0,0,0,0,0,0,0,0,0,0,0,0,1,0,0,4,0,39.9804,-75.1711, , 
75606,870605,2011109240,6,67,67301,2011,10,1,2047,20,2,1,0,5,1, , ,N,0,0,0,3,0,0,2,2,N,N,39 56:26.321,75 08:36.738,2108, ,2058, ,0, ,N, ,0, , , , , , , , , ,2,1,0,0,0,0,1,0,0,0,0,0,0,0,1,0,0,0,0,0,0,0,0,0,0,0,0,0,0,0,0,0,0,0,0,9,0,39.9407,-75.1435, , 
75607,870608,2011112206,6,67,67301,2011,10,4,1641,16,1,1,0,5,6, , ,N,0,0,0,3,0,0,1,2,N,N,40 01:05.880,75 05:53.970,1657, ,1656, ,0, ,N, ,0, , , , , , , , , ,2,1,0,0,0,0,0,1,0,0,0,0,0,0,0,0,0,0,0,0,0,0,0,0,0,0,0,0,0,0,0,0,0,0,0,0,0,40.0183,-75.0983, , 
75608,870623,2011129165,6,67,67301,2011,12,4,1749,17,3,2,1,1,1, , ,N,6,2,2,3,0,2,5,2,N,N,39 58:14.535,75 07:29.657,1819, ,1753, ,0, ,N, ,3, , , , , , , , , ,2,2,0,0,0,0,0,0,0,0,0,0,2,2,0,0,0,0,0,0,0,0,0,0,0,0,0,0,0,0,0,0,0,0,0,8,0,39.9765,-75.1144, , 
75609,870635,2011106127,6,67,67301,2011,9,5,1613,16,1,1,0,1,1, , ,N,0,0,0,3,0,1,2,2,N,N,39 55:38.620,75 10:51.010,9999, ,1613, ,0, , , ,0, , , , , , , , , ,2,2,0,0,0,0,0,0,0,0,0,1,1,0,0,0,0,0,0,0,0,0,0,1,0,0,0,0,0,0,0,0,0,0,0,4,0,39.9274,-75.1808, , 
75610,870637,2011108833,6,67,67301,2011,9,5,1110,11,1,1,0,6,1, , ,N,0,0,0,3,0,1,1,3,N,N,39 58:19.060,75 14:06.210,1113, ,1112, ,0, ,N, ,0, , , , , , , , , ,3,2,0,0,0,0,1,0,0,0,0,0,1,1,0,0,0,0,0,0,1,0,0,1,0,0,0,0,0,0,0,0,0,0,0,8,0,39.972,-75.2351, , 
75611,870653,2011127603,6,67,67301,2011,12,4,1104,11,1,2,1,5,1, , ,N,6,0,0,3,0,1,3,2,N,N,39 57:36.094,75 10:47.782,1121, ,1107,2,1,3,N, ,0,N, , , , , , , , ,2,2,0,0,0,0,0,0,0,0,0,1,1,0,0,0,0,0,0,0,2,0,0,0,0,0,0,0,0,0,0,0,0,0,0,4,0,39.96,-75.1799, , 
75612,870663,2012004353,6,67,67301,2011,12,1,1738,17,3,1,0,4,1, , ,N,2,2,0,3,0,1,2,2,N,N,40 02:12.961,75 08:42.306,1830, ,1825,9,1,1,N, ,3,N, , , , , , , , ,2,2,0,0,0,0,0,0,0,0,0,1,1,0,0,0,0,0,0,0,1,0,0,0,0,0,0,0,0,0,0,0,0,0,0,4,0,40.0369,-75.1451, , 
75613,870669,2011118075,6,67,67301,2011,10,2,1851,18,3,1,0,7,5, , ,N,2,2,0,3,0,1,1,1,N,N,39 58:46.512,75 07:46.051,1905, ,1859, ,0, ,N, ,3, , , , , , , , , ,1,1,0,0,0,0,0,0,0,0,0,0,1,1,0,0,0,0,0,0,0,0,0,0,0,0,0,0,0,0,0,0,0,0,0,8,0,39.9796,-75.1295, , 
75614,870673,2011126383,6,67,67301,2011,11,4,1245,12,1,1,0,4,5, , ,N,1,0,7,3,0,2,3,2,N,N,40 01:40.435,75 06:23.319,1305, ,1250, ,0, , , ,0, , , , , , , , , ,2,1,0,0,1,0,0,0,0,0,1,1,2,0,1,0,0,0,0,0,0,0,0,0,0,0,0,0,0,0,0,0,0,0,0,3,0,40.0279,-75.1065, , 
75615,870674,2011126439,6,67,67301,2011,11,7,110,1,3,1,0,1,1, , ,N,0,0,0,3,0,1,2,2,N,N,39 56:02.374,75 09:30.494,140, ,129, ,0, ,N, ,0, , , , , , , , , ,2,2,0,0,0,0,0,0,0,0,0,0,1,1,0,0,0,0,0,0,0,0,0,0,0,0,0,0,0,0,0,0,0,0,0,8,0,39.934,-75.1585, , 
75616,870685,2011132918,6,67,67301,2011,11,1,9999,99,3,1,0,4,1, , ,N,2,3,0,3,0,0,4,2,N,N,40 00:04.157,75 05:49.913,440, ,430, ,0, ,N, ,3, , , , , , , , , ,2,2,0,0,0,0,0,0,0,0,0,0,0,0,0,0,0,0,0,0,0,0,0,0,0,0,0,0,0,0,0,0,0,0,0,0,0,40.0012,-75.0972, , 
75617,865230,2011100864,6,67,67301,2011,9,2,1308,13,1,1,0,4,1, , ,N,0,0,0,3,0,0,2,2,N, ,40 03:30.065,75 02:59.441,1320, ,1319,1,1,4, , ,0,N, , , , , , , , ,2,1,0,0,0,0,0,1,0,0,0,0,0,0,0,0,0,0,0,0,0,1,0,0,0,0,0,0,0,0,0,0,0,0,0,0,0,40.0584,-75.0498, , 
75618,865242,2011120660,6,67,67301,2011,11,6,2142,21,3,1,0,7,4, , ,N,0,0,0,3,0,2,2,1,N,N,40 02:59.107,74 59:40.860,2201, ,2143,2,1,2,Y, ,0,N, , , , , , , , ,1,0,0,0,0,0,1,0,0,0,0,2,2,0,0,0,0,0,0,0,0,0,0,2,0,0,0,0,0,0,0,0,0,0,0,4,0,40.0498,-74.9947, , 
75619,865275,2012002545,6,67,67301,2011,12,6,1835,18,6,1,0,8,1, , ,N,1,2,0,3,0,1,2,2,N,N,39 55:40.669,75 10:07.811,1841, ,1840, ,0, ,N, ,3, , , , , , , , , ,1,0,0,0,0,0,1,0,0,0,0,0,1,1,0,0,0,0,0,0,0,0,0,0,0,0,0,0,0,0,0,0,1,0,0,8,0,39.9281,-75.1688, , 
75620,865288,2011132029,6,67,67301,2011,11,3,1005,10,1,1,0,5,1, , ,N,0,0,0,3,0,0,3,2,N,N,39 55:42.318,75 08:46.535,1026, ,1015, ,0, ,N, ,0, , , , , , , , , ,2,1,0,0,0,1,0,0,0,0,0,0,0,0,0,0,0,0,0,0,0,0,0,0,0,0,0,0,0,0,0,0,0,0,0,0,1,39.9283,-75.1463, , 
75621,865299,2012010063,6,67,67301,2011,12,2,754,7,1,1,0,4,1, , ,N,1,3,0,3,0,1,2,2,N,N,39 58:21.907,75 10:47.704,817, ,813, ,0, ,N, ,3, , , , , , , , , ,2,2,0,0,0,0,0,0,0,0,0,1,1,0,0,0,0,0,0,0,0,0,0,0,0,0,0,0,0,0,0,0,0,0,0,4,0,39.9728,-75.1799, , 
75622,865338,2012001989,6,67,67301,2011,11,3,1901,19,3,2,1,4,1, , ,N,1,3,0,3,0,1,3,2,N,N,40 02:46.183,75 12:21.346,1911, ,1904, ,0, ,N, ,3, , , , , , , , , ,2,2,0,0,0,0,0,0,0,0,0,1,1,0,0,0,0,0,0,0,0,0,1,1,0,0,0,0,0,0,0,0,0,0,0,4,0,40.0462,-75.2059, , 
75623,865345,2011112091,6,67,67301,2011,10,2,1250,12,1,1,0,4,1, , ,N,1,2,0,3,0,3,4,2,N,N,40 02:50.173,75 10:03.883,1255, ,1255, ,0, ,N, ,3, , , , , , , , , ,2,2,0,0,0,0,0,0,0,0,0,3,3,0,0,0,0,0,0,0,0,0,0,0,0,0,0,0,0,0,0,0,0,0,0,4,0,40.0473,-75.1677, , 
75624,865351,2011118492,6,67,67301,2011,10,3,1346,13,1,1,0,1,1, , ,N,1,2,0,3,0,1,2,2,N,N,40 05:53.193,75 01:49.243,1349, ,1346, ,0, , , ,3, , , , , , , , , ,2,1,0,0,1,0,0,0,0,0,1,0,1,0,0,0,0,0,0,0,1,0,0,0,0,0,0,0,0,0,0,0,0,0,0,3,0,40.0981,-75.0303, , 
75625,865355,2011122723,6,67,67301,2011,10,1,652,6,5,8,5,7,2, , ,N,2,2,8,3,0,0,1,1,N,N,39 57:50.519,75 11:04.128,716, ,652, ,0, ,N, ,3, , , , , , , , , ,1,1,0,0,0,0,0,0,0,0,0,0,0,0,0,0,0,0,0,0,0,0,0,0,0,0,0,0,0,0,0,0,0,0,0,0,0,39.964,-75.1845, , 
75626,865364,2011133912,6,67,67301,2011,10,1,2316,23,3,1,0,7,4, , ,N,0,0,0,3,0,0,1,1,N,N,39 57:35.355,75 10:52.340,2331, ,2326,2,2,4,N, ,0,N, , , , , , , , ,1,1,0,0,0,0,0,0,0,0,0,0,0,0,0,0,0,0,0,0,0,0,0,0,0,0,0,0,0,0,0,0,0,0,0,0,0,39.9598,-75.1812, , 
75627,865372,2011112331,6,67,67301,2011,10,6,1526,15,1,1,0,8,1, , ,N,2,2,0,3,0,1,2,2,N,N,40 01:09.006,75 02:42.176,1604, ,1552, ,0, ,N, ,3, , , , , , , , , ,1,1,0,0,0,0,0,0,0,0,1,0,1,0,0,0,0,0,0,0,1,0,0,0,0,0,0,0,0,0,0,0,1,0,0,3,0,40.0192,-75.045, , 
75628,865404,2012002058,6,67,67301,2011,11,2,1453,14,1,1,0,4,1, , ,N,1,3,0,3,0,1,2,2,N,N,39 58:37.790,75 08:45.862,1529, ,1525, ,0, ,N, ,3, , , , , , , , , ,2,1,0,0,0,0,1,0,0,0,0,1,1,0,0,0,0,0,0,0,1,0,0,0,0,0,0,0,0,0,0,0,0,0,0,4,0,39.9772,-75.1461, , 
75629,865405,2012010044,6,67,67301,2011,12,3,2222,22,3,2,1,7,5, , ,N,0,0,0,3,0,1,1,1,N,N,39 58:23.467,75 11:25.327,2238, ,2224,1,1,2,N, ,0,N, , , , , , , , ,1,1,0,0,0,0,0,0,0,0,0,0,1,1,0,0,0,0,0,0,0,0,0,0,0,0,0,0,0,0,0,0,0,0,0,8,0,39.9732,-75.1904, , 
75630,865407,2012042094,6,67,67301,2011,7,4,1813,18,1,9,8,0,1, , ,N,0,0,0,3,0,1,1,1,N,N,39 59:28.550,75 08:00.391,1830, ,1830, ,0, , , ,0, , , , , , , , , ,1,0,1,0,0,0,0,0,0,1,0,0,1,0,0,0,0,0,0,0,0,0,0,0,0,0,0,0,0,1,0,0,0,0,0,2,0,39.9913,-75.1334, , 
75631,865408,2012042570,6,67,67301,2011,12,6,1845,18,3,1,0,8,1, , ,N,0,0,0,3,0,1,2,2,N,N,39 59:16.256,75 10:05.365,1854, ,1852, ,0, , , ,0, , , , , , , , , ,1,1,0,0,0,0,0,0,0,1,0,0,1,0,0,0,0,0,0,0,0,0,0,1,0,0,0,0,0,0,0,0,1,0,1,2,0,39.9878,-75.1682, , 
75632,865410,2011116012,6,67,67301,2011,11,7,2150,21,3,1,0,4,1, , ,N,0,0,0,3,0,3,6,3,N,N,39 55:48.442,75 11:53.392,2215, ,2201,2,2,4,N, ,0,N, , , , , , , , ,3,2,0,0,1,0,0,0,0,0,0,2,3,1,0,0,0,0,0,0,0,0,0,3,0,0,0,0,0,0,0,0,0,0,0,4,0,39.9301,-75.1982, , 
75633,865415,2011118895,6,67,67301,2011,11,7,1233,12,1,1,0,7,2, , ,N,0,0,0,3,0,1,1,1,N,N,39 58:44.506,75 06:34.099,1237, ,1235, ,0, ,N, ,0, , , , , , , , , ,1,1,0,0,0,0,0,0,0,0,1,0,1,0,0,0,0,1,0,0,0,0,0,0,0,0,0,0,0,0,0,0,0,0,0,3,0,39.979,-75.1095, , 
75634,865419,2011122805,6,67,67301,2011,10,1,1645,16,1,1,0,4,1, , ,N,5,2,0,3,0,1,3,2,N,N,40 03:11.276,75 05:31.765,1650, ,1650, ,0, , , ,2, , , , , , , , , ,2,1,0,0,0,0,0,1,0,0,0,1,1,0,0,0,0,0,0,0,0,0,0,0,0,0,0,0,0,0,0,0,0,0,0,4,0,40.0531,-75.0922, , 
75635,867827,2011134931,6,67,67301,2011,12,6,38,0,3,2,1,7,3, , ,N,0,0,0,3,0,4,4,2,N,N,40 02:33.751,75 00:11.788,50, ,43,1,2,1,N, ,0,N, , , , , , , , ,2,2,0,0,0,0,0,0,0,0,0,1,4,3,0,0,0,0,0,0,0,0,0,0,0,0,0,0,0,0,0,0,0,0,0,4,0,40.0426,-75.0033, , 
75636,867831,2012004762,6,67,67301,2011,12,4,1345,13,1,2,1,4,1, , ,N,1,2,0,3,0,2,5,2,N,N,39 57:54.690,75 09:39.103,9999, ,9999, ,0, ,N, ,3, , , , , , , , , ,2,2,0,0,0,0,0,0,0,0,0,2,2,0,0,0,0,0,0,1,0,1,0,0,0,0,0,0,0,0,0,0,0,0,0,4,0,39.9651,-75.1607, , 
75637,867839,2012007905,6,67,67301,2011,12,5,1720,17,3,1,0,4,1, , ,N,5,2,0,3,0,2,4,2,N,N,40 04:01.087,75 09:29.811,1936, ,1728, ,0, ,N, ,1, , , , , , , , , ,2,1,0,0,0,0,0,1,0,0,0,0,2,2,0,0,0,0,0,0,0,1,0,0,0,0,0,0,0,0,0,0,0,0,0,8,0,40.067,-75.1583, , 
75638,867867,2012012648,6,67,67301,2011,12,5,2227,22,3,1,0,4,1, , ,N,2,3,0,3,0,2,3,3,N,N,39 56:57.213,75 13:23.152,2230, ,2227, ,0, ,N, ,3, , , , , , , , , ,3,3,0,0,0,0,0,0,0,0,0,1,2,1,1,0,0,1,0,0,0,0,0,0,0,0,0,0,0,0,0,0,0,0,0,4,0,39.9492,-75.2231, , 
75639,867868,2012023839,6,67,67301,2011,11,2,9999,99,6,9,8,5,1, , ,N,0,0,0,3,0,0,1,2, , ,40 01:58.209,75 06:22.164,0, ,0, ,0, , , ,0, , , , , , , , , ,2,1,0,0,0,0,0,0,0,0,0,0,0,0,0,0,0,0,0,0,0,0,0,0,0,0,0,0,0,0,0,0,0,0,0,0,0,40.0328,-75.1062, , 
75640,867874,2011113290,6,67,67301,2011,10,4,740,7,1,1,0,4,1, , ,N,2,3,0,3,0,0,2,3,N, ,40 00:06.858,75 07:06.103,750, ,745, ,0, , , ,3, , , , , , , , , ,3,3,0,0,0,0,0,0,0,0,0,0,0,0,0,0,0,0,0,0,1,0,0,0,0,0,0,0,0,0,0,0,0,0,0,0,0,40.0019,-75.1184, , 
75641,867880,2012020222,6,67,67301,2011,3,1,300,3,6,1,0,1,1, , ,N,0,0,0,3,0,1,2,2,N,N,39 57:46.218,75 14:48.219,0, ,0, ,0, ,N, ,0, , , , , , , , , ,2,2,0,0,0,0,0,0,0,0,0,0,1,1,1,0,0,0,0,0,0,0,0,0,0,0,0,0,0,0,0,0,0,0,0,8,0,39.9628,-75.2467, , 
75642,867886,2011106156,6,67,67301,2011,9,6,1453,14,1,1,0,4,1, , ,N,1,0,0,3,0,0,2,3,N, ,40 00:23.619,75 06:20.851,1455, ,1453, ,0, , , ,0, , , , , , , , , ,3,3,0,0,0,0,0,0,0,0,0,0,0,0,2,0,0,0,0,0,0,0,0,1,0,0,0,0,0,0,0,0,0,0,0,9,0,40.0066,-75.1058, , 
75643,867905,2011122807,6,67,67301,2011,10,1,926,9,1,3,1,5,2, , ,N,0,0,0,3,0,1,4,2,N,N,40 04:00.880,75 09:58.928,935, ,929, ,0, ,N, ,0, , , , , , , , , ,2,2,0,0,0,0,0,0,0,0,0,0,1,1,0,0,0,0,0,0,0,0,0,0,0,0,0,0,0,0,0,0,0,0,0,8,0,40.0669,-75.1664, , 
75644,867917,2011132653,6,67,67301,2011,11,1,300,3,2,1,0,7,9, , ,N,0,2,0,3,0,0,1,1,N,N,40 02:46.702,75 08:09.633,312, ,308, ,0, ,N, ,3, , , , , , , , , ,1,1,0,0,0,0,0,0,0,0,0,0,0,0,1,0,0,0,0,0,0,0,0,0,0,0,0,0,0,0,0,0,0,0,0,9,0,40.0463,-75.136, , 