objectid_1,objectid,crn,district,county,municipality,crash_year,crash_month,day_of_week,time_of_day,hour_of_day,illumination,weather,road_condition,collision_type,relation_to_road,work_zone_type,work_zone_loc,work_zone_ind,intersect_type,tcd_type,location_type,urban_rural,fatal_count,injury_count,person_count,total_units,sch_bus_ind,sch_zone_ind,latitude,longitude,arrival_tm,cons_zone_spd_lim,dispatch_tm,est_hrs_closed,lane_closed,ln_close_dir,ntfy_hiwy_maint,spec_juris_cd,tcd_func_cd,tfc_detour_ind,workers_pres,wz_close_detour,wz_flagger,wz_law_offcr_ind,wz_ln_closure,wz_moving,wz_other,wz_shlder_mdn,vehicle_count,automobile_count,motorcycle_count,bus_count,small_truck_count,heavy_truck_count,suv_count,van_count,bicycle_count,maj_inj_count,mod_inj_count,min_inj_count,tot_inj_count,unk_inj_deg_count,unk_inj_per_count,driver_count_16yr,driver_count_17yr,driver_count_18yr,driver_count_19yr,driver_count_20yr,driver_count_50_64yr,driver_count_65_74yr,driver_count_75plus,unbelted_occ_count,unb_death_count,unb_maj_inj_count,belted_death_count,belted_maj_inj_count,mcycle_death_count,mcycle_maj_inj_count,bicycle_death_count,bicycle_maj_inj_count,ped_count,ped_death_count,ped_maj_inj_count,max_severity_level,comm_veh_count,dec_lat,dec_long,rdwy_surf_type_cd,county_name
75645,867930,2011132874,6,67,67301,2011,11,3,815,8,1,2,1,1,1, , ,N,2,0,0,3,0,4,5,2,N,N,40 01:17.338,75 10:36.664,830, ,823, ,0, ,N, ,0, , , , , , , , , ,2,1,0,0,0,0,0,1,0,0,0,0,4,4,0,0,0,0,0,0,0,0,0,0,0,0,0,0,0,0,0,0,0,0,0,8,0,40.0215,-75.1769, , 
75646,867960,2011134764,6,67,67301,2011,12,6,743,7,1,1,0,4,1, , ,N,1,3,0,3,0,1,2,2,N,N,40 01:19.484,75 03:08.111,750, ,746, ,0, ,N, ,3, , , , , , , , , ,2,2,0,0,0,0,0,0,0,0,0,0,1,1,0,0,0,0,0,0,0,0,0,0,0,0,0,0,0,0,0,0,0,0,0,8,0,40.0221,-75.0523, , 
75647,867970,2011118111,6,67,67301,2011,10,7,9999,99,1,1,0,4,2, , ,N,0,0,0,3,0,1,1,3,N,N,39 58:33.743,75 07:56.072,1040, ,1030, ,0, ,N, ,0, , , , , , , , , ,3,2,0,0,0,0,1,0,0,0,0,1,1,0,0,0,0,0,0,0,0,0,0,1,0,0,0,0,0,0,0,0,0,0,0,4,0,39.976,-75.1322, , 
75648,867999,2011075715,6,67,67301,2011,6,2,1755,17,1,1,0,4,1, , ,N,0,2,0,3,0,1,3,3, , ,39 59:32.625,75 10:44.572,1758, ,1708,1,1,4, , ,3,N, , , , , , , , ,3,2,0,0,1,0,0,0,0,0,1,0,1,0,2,0,0,0,0,0,0,0,0,1,0,0,0,0,0,0,0,0,0,0,0,3,0,39.9924,-75.179, , 
75649,868002,2011079189,6,67,67301,2011,8,5,809,8,1,2,1,1,1, , ,N,0,0,0,3,0,1,3,3,N,N,39 56:14.599,75 11:55.583,829, ,814,1,2,4,N, ,0,N, , , , , , , , ,3,3,0,0,0,0,0,0,0,0,0,0,1,1,0,0,0,0,0,0,0,0,0,0,0,0,0,0,0,0,0,0,0,0,0,8,0,39.9359,-75.1998, , 
75650,868016,2011090357,6,67,67301,2011,8,7,45,0,3,1,0,4,1, , ,N,10,2,0,3,0,2,4,2,N, ,39 59:23.942,75 08:54.063,127, ,123, ,0, , , ,3, , , , , , , , , ,2,0,0,0,0,0,2,0,0,0,0,2,2,0,2,0,0,0,0,0,0,0,0,2,0,0,0,0,0,0,0,0,0,0,0,4,0,39.99,-75.1484, , 
75651,868017,2011090485,6,67,67301,2011,8,2,1814,18,1,1,0,8,1, , ,N,1,2,0,3,0,1,2,2,N, ,39 59:00.814,75 06:56.371,1825, ,1820, ,0, , , ,3, , , , , , , , , ,1,1,0,0,0,0,0,0,0,0,0,1,1,0,0,0,0,0,0,0,0,0,0,1,0,0,0,0,0,0,0,0,1,0,0,4,0,39.9835,-75.1156, , 
75652,868028,2011126351,6,67,67301,2011,11,6,1854,18,3,1,0,4,1, , ,N,1,3,0,3,0,0,2,2,N,N,40 04:28.167,75 10:21.014,1858, ,1855, ,0, ,N, ,3, , , , , , , , , ,2,2,0,0,0,0,0,0,0,0,0,0,0,0,0,0,0,0,0,0,1,1,0,0,0,0,0,0,0,0,0,0,0,0,0,0,0,40.0745,-75.1725, , 
75653,868037,2011132852,6,67,67301,2011,10,1,850,8,1,1,1,5,1, , ,N,0,0,0,3,0,0,1,6,N,N,39 57:22.102,75 13:07.838,855, ,855, ,0, ,N, ,0, , , , , , , , , ,6,5,0,0,0,0,0,1,0,0,0,0,0,0,0,0,0,0,0,0,0,0,0,0,0,0,0,0,0,0,0,0,0,0,0,0,0,39.9561,-75.2188, , 
75654,870686,2011134814,6,67,67301,2011,12,6,645,6,5,1,0,4,1, , ,N,1,2,0,3,0,0,2,2,N,N,40 02:25.791,75 02:50.463,645, ,645,1,1,4,N, ,3,N, , , , , , , , ,2,0,0,0,0,0,1,1,0,0,0,0,0,0,0,0,0,0,0,0,0,1,0,0,0,0,0,0,0,0,0,0,0,0,0,0,0,40.0405,-75.0474, , 
75655,870688,2012004921,6,67,67301,2011,12,3,1415,14,1,2,1,4,1, , ,N,2,2,0,3,0,1,2,2,N,N,39 53:25.190,75 14:42.045,1419, ,1417, ,0, ,N, ,3, , , , , , , , , ,2,2,0,0,0,0,0,0,0,0,0,0,1,1,0,0,0,0,0,0,0,0,0,0,0,0,0,0,0,0,0,0,0,0,0,8,0,39.8903,-75.245, , 
75656,870690,2012023457,6,67,67301,2011,9,4,2130,21,3,1,0,1,1, , ,N,5,0,0,3,0,1,3,2,N,N,39 57:45.982,75 10:40.708,9999, ,9999, ,0, ,N, ,0, , , , , , , , , ,2,1,1,0,0,0,0,0,0,0,1,0,1,0,2,0,0,0,0,0,0,0,0,0,0,0,0,0,0,0,0,0,0,0,0,3,0,39.9628,-75.178, , 
75657,870700,2011115415,6,67,67301,2011,10,3,2230,22,3,1,0,8,9, , ,N,1,2,0,3,1,0,2,2,N,N,39 59:13.303,75 06:18.308,215, ,214, ,0, , ,0,3, , , , , , , , , ,1,0,0,1,0,0,0,0,0,0,0,0,0,0,0,0,0,0,0,0,0,0,0,0,0,0,0,0,0,0,0,0,1,1,0,1,1,39.987,-75.1051,2, 
75658,870717,2012012022,6,67,67301,2011,11,6,539,5,3,1,0,7,2, , ,N,0,0,0,3,0,0,1,1,N,N,39 56:26.800,75 08:35.202,600, ,539, ,0, ,N, ,0, , , , , , , , , ,1,1,0,0,0,0,0,0,0,0,0,0,0,0,0,0,0,0,0,0,0,0,0,0,0,0,0,0,0,0,0,0,0,0,0,0,0,39.9407,-75.1431, , 
75659,870718,2012012604,6,67,67301,2011,12,5,236,2,3,1,0,5,6, , ,N,0,0,0,3,0,1,1,5,N,N,39 57:27.774,75 13:31.543,246, ,245, ,0, ,N, ,0, , , , , , , , , ,5,3,0,0,0,0,1,1,0,0,0,0,1,1,0,0,0,0,0,0,0,0,0,0,0,0,0,0,0,0,0,0,0,0,0,8,0,39.9577,-75.2254, , 
75660,870719,2012020887,6,67,67301,2011,1,6,1600,16,1,1,0,1,1, , ,N,1,2,0,3,0,2,4,2,N,N,39 56:20.910,75 11:41.800,0, ,0, ,0, ,N, ,3, , , , , , , , , ,2,2,0,0,0,0,0,0,0,0,2,0,2,0,2,0,0,0,0,0,0,1,0,0,0,0,0,0,0,0,0,0,0,0,0,3,0,39.9391,-75.1949, , 
75661,870727,2012023862,6,67,67301,2011,11,3,1330,13,1,1,0,5,1, , ,N,0,0,0,3,0,1,2,2, , ,39 58:53.603,75 08:40.074,0, ,0, ,0, , , ,0, , , , , , , , , ,2,1,0,0,0,0,0,1,0,0,0,1,1,0,0,0,0,0,0,0,0,0,0,0,0,0,0,0,0,0,0,0,0,0,0,4,0,39.9816,-75.1445, , 
75662,870730,2011132616,6,67,67301,2011,11,1,352,3,3,1,0,4,1, , ,N,1,2,0,3,0,1,4,2,N,N,39 59:08.826,75 12:56.555,403, ,354,2,2,1,N, ,3,Y, , , , , , , , ,2,2,0,0,0,0,0,0,0,0,0,1,1,0,0,0,0,0,0,0,0,0,0,0,0,0,0,0,0,0,0,0,0,0,0,4,0,39.9858,-75.2156, , 
75663,870739,2013026123,6,67,67301,2011,11,3,1520,15,1,1,0,8,1, , ,N,0,0,0,3,0,1,2,2,N,Y,39 58:14.797,75 13:02.100,1537, ,1525, ,0, , , ,0, , , , , , , , , ,1,1,0,0,0,0,0,0,0,0,0,1,1,0,0,0,0,0,0,0,1,0,0,0,0,0,0,0,0,0,0,0,1,0,0,4,0,39.9708,-75.2173, , 
75664,870766,2011132632,6,67,67301,2011,11,6,1616,16,1,1,0,4,1, , ,N,1,2,0,3,0,10,10,2,N,N,39 56:50.944,75 11:15.670,1709, ,1707, ,0, ,N, ,3, , , , , , , , , ,2,0,0,1,1,0,0,0,0,0,0,0,10,10,0,0,0,0,0,0,1,0,0,0,0,0,0,0,0,0,0,0,0,0,0,8,1,39.9475,-75.1877, , 
75665,870771,2012001537,6,67,67301,2011,12,4,1057,10,1,1,0,1,1, , ,N,0,4,0,3,0,0,2,2,N,N,39 56:04.613,75 11:59.453,1107, ,1101,1,2,4,Y, ,3,N, , , , , , , , ,2,1,0,0,0,1,0,0,0,0,0,0,0,0,0,0,0,0,0,1,0,0,0,0,0,0,0,0,0,0,0,0,0,0,0,0,1,39.9346,-75.1998, , 
75666,870803,2011132801,6,67,67301,2011,10,6,1259,12,1,1,0,4,1, , ,N,1,2,0,3,0,0,2,2,N,N,40 03:54.737,75 10:31.167,1340, ,1334, ,0, ,N, ,3, , , , , , , , , ,2,2,0,0,0,0,0,0,0,0,0,0,0,0,0,0,0,0,0,0,0,1,0,0,0,0,0,0,0,0,0,0,0,0,0,0,0,40.0652,-75.1753, , 
75667,870820,2011126334,6,67,67301,2011,11,6,2020,20,3,1,0,4,1, , ,N,2,3,2,3,0,1,6,2,N, ,40 00:53.682,75 12:24.450,2026, ,2022, ,0, , , ,3, , , , , , , , , ,2,2,0,0,0,0,0,0,0,0,0,1,1,0,0,0,0,0,0,0,1,0,0,0,0,0,0,0,0,0,0,0,0,0,0,4,0,40.0147,-75.2058, , 
75668,870831,2013029661,6,67,67301,2011,6,1,1902,19,1,1,0,4,1, , ,N,1,2,0,3,0,0,3,2,N,N,40 01:12.279,75 02:35.308,1904, ,1903,2,1,5,N, ,3,Y, , , , , , , , ,2,1,0,0,0,0,1,0,0,0,0,0,0,0,0,0,0,0,0,0,0,0,0,0,0,0,0,0,0,0,0,0,0,0,0,0,0,40.0201,-75.0431, , 
75669,870849,2011115270,6,67,67301,2011,10,5,1505,15,1,1,0,8,1, , ,N,0,0,0,3,0,1,2,2,N,N,39 55:54.310,75 09:20.250,1508, ,1506, ,0, ,N, ,0, , , , , , , , , ,1,1,0,0,0,0,0,0,0,0,0,1,1,0,0,0,0,0,0,0,0,0,0,0,0,0,0,0,0,0,0,0,1,0,0,4,0,39.9318,-75.1556, , 
75670,870860,2011132795,6,67,67301,2011,11,3,53,0,3,1,0,1,1, , ,N,0,0,0,3,0,1,3,2,N,N,39 59:35.174,75 07:47.485,53, ,53, ,0, , , ,0, , , , , , , , , ,1,0,0,0,0,0,0,1,1,0,0,1,1,0,2,0,0,0,0,0,0,0,0,2,0,0,0,0,0,0,0,0,0,0,0,4,0,39.9931,-75.1299, , 
75671,870861,2011132867,6,67,67301,2011,11,2,800,8,1,9,8,5,1, , ,N,0,2,0,3,0,1,2,2,N, ,39 59:08.224,75 14:51.530,9999, ,9999, ,0, , , ,3, , , , , , , , , ,2,2,0,0,0,0,0,0,0,0,0,1,1,0,1,0,0,0,0,0,0,0,0,0,0,0,0,0,0,0,0,0,0,0,0,4,0,39.9856,-75.2476, , 
75672,865427,2012002540,6,67,67301,2011,12,3,1200,12,1,2,1,8,1, , ,N,2,9,0,3,0,1,2,2,N,N,40 02:26.991,75 10:02.513,1539, ,1530, ,0, ,N, ,9, , , , , , , , , ,1,1,0,0,0,0,0,0,0,0,0,1,1,0,1,0,0,0,0,0,0,0,0,0,0,0,0,0,0,0,0,0,1,0,0,4,0,40.0408,-75.1674, , 
75673,865428,2012004319,6,67,67301,2011,12,4,225,2,3,2,1,7,5, , ,N,0,0,0,3,0,1,1,1,N,N,40 00:49.215,75 07:18.817,233, ,232,3,2,1, , ,0,Y, , , , , , , , ,1,1,0,0,0,0,0,0,0,1,0,0,1,0,0,0,0,0,0,0,0,0,0,0,0,0,0,0,0,0,0,0,0,0,0,2,0,40.0137,-75.1219, , 
75674,865431,2012021330,6,67,67301,2011,6,1,35,0,6,1,0,1,1, , ,N,0,0,0,3,0,1,2,2,N,N,40 00:25.238,75 04:24.318,0, ,0, ,0, ,N, ,0, , , , , , , , , ,2,1,0,0,0,0,0,0,0,0,0,1,1,0,1,0,0,0,0,0,1,0,0,0,0,0,0,0,0,0,0,0,0,0,0,4,0,40.0071,-75.0733, , 
75675,865435,2011118183,6,67,67301,2011,10,4,9999,99,1,1,0,8,1, , ,N,1,3,0,3,0,1,2,2,N,N,40 00:00.349,75 07:00.191,835, ,819, ,0, ,N, ,3, , , , , , , , , ,1,0,0,0,1,0,0,0,0,0,0,1,1,0,0,0,0,0,0,0,0,0,0,0,0,0,0,0,0,0,0,0,1,0,0,4,0,40.0001,-75.1167, , 
75676,865449,2012004761,6,67,67301,2011,12,1,2300,23,3,1,0,4,1, , ,N,1,2,0,3,0,1,3,2,N,N,40 01:04.608,75 08:57.650,2325, ,2325, ,0, ,N, ,9, , , , , , , , , ,2,1,0,0,0,0,1,0,0,0,0,0,1,1,0,0,0,0,0,0,0,0,0,0,0,0,0,0,0,0,0,0,0,0,0,8,0,40.0179,-75.1493, , 
75677,865469,2011118186,6,67,67301,2011,10,6,1500,15,1,1,0,4,1, , ,N,0,0,7,3,0,5,9,4,N, ,40 05:23.070,75 04:12.340,1509, ,1503,2,2,5, , ,0,Y, , , , , , , , ,4,2,0,0,1,0,1,0,0,0,0,5,5,0,0,0,0,0,0,1,0,0,1,0,0,0,0,0,0,0,0,0,0,0,0,4,0,40.0897,-75.0701, , 
75678,865479,2011126621,6,67,67301,2011,10,7,1254,12,1,1,0,1,1, , ,N,0,0,0,3,0,0,7,4,N,N,40 00:28.051,75 12:06.893,1303, ,1257,1,1,3,N, ,0,N, , , , , , , , ,4,3,0,0,0,0,1,0,0,0,0,0,0,0,0,0,0,0,0,0,0,1,0,0,0,0,0,0,0,0,0,0,0,0,0,0,0,40.0078,-75.2019, , 
75679,865485,2011132754,6,67,67301,2011,11,2,12,0,3,1,0,2,1, , ,N,0,0,0,3,0,3,4,2,N,N,40 00:55.531,75 05:49.331,19, ,15, ,0, ,N, ,0, , , , , , , , , ,2,0,0,0,0,0,1,1,0,0,0,3,3,0,0,0,0,0,0,0,1,0,0,1,0,0,0,0,0,0,0,0,0,0,0,4,0,40.0152,-75.0971, , 
75680,865486,2011132756,6,67,67301,2011,11,3,1804,18,3,2,1,1,1, , ,N,1,2,0,3,0,1,4,4,N,N,39 57:17.622,75 12:31.637,1829, ,1824, ,0, ,N, ,3, , , , , , , , , ,4,4,0,0,0,0,0,0,0,0,0,0,1,1,0,0,0,0,0,0,1,0,0,0,0,0,0,0,0,0,0,0,0,0,0,8,0,39.9549,-75.2088, , 
75681,865489,2012001890,6,67,67301,2011,12,1,2042,20,3,1,0,8,1, , ,N,1,2,0,3,0,1,2,2,N,N,39 56:02.515,75 11:10.165,2047, ,2044, ,0, ,N, ,3, , , , , , , , , ,1,1,0,0,0,0,0,0,0,0,1,0,1,0,1,0,0,0,0,0,0,0,0,0,0,0,0,0,0,0,0,0,1,0,0,3,0,39.934,-75.1862, , 
75682,865492,2011106095,6,67,67301,2011,9,2,1319,13,1,1,0,4,5, , ,N,0,0,7,3,0,2,2,5,N,N,40 04:05.233,75 03:03.305,1331, ,1320, ,0, ,N, ,0, , , , , , , , , ,5,5,0,0,0,0,0,0,0,0,0,2,2,0,0,0,0,0,0,0,0,0,1,0,0,0,0,0,0,0,0,0,0,0,0,4,0,40.0681,-75.0509, , 
75683,865496,2011108938,6,67,67301,2011,9,6,2105,21,3,2,1,8,1, , ,N,0,2,0,3,0,1,2,2,N,N,39 56:56.434,75 08:57.092,2125, ,2117, ,0, ,N, ,3, , , , , , , , , ,1,1,0,0,0,0,0,0,0,0,0,1,1,0,0,0,0,0,0,0,1,0,0,0,0,0,0,0,0,0,0,0,1,0,0,4,0,39.949,-75.1492, , 
75684,865505,2011115319,6,67,67301,2011,7,5,2018,20,4,1,0,4,1, , ,N,5,2,0,3,0,3,3,2,N,N,39 57:42.674,75 09:27.834,2018, ,2018,3,2,3, , ,3,Y, , , , , , , , ,2,2,0,0,0,0,0,0,0,0,0,3,3,0,0,0,0,0,0,0,0,0,0,0,0,0,0,0,0,0,0,0,0,0,0,4,0,39.9617,-75.1577, , 
75685,865509,2011118110,6,67,67301,2011,10,1,1907,19,3,1,0,4,1, , ,N,1,2,0,3,0,1,6,2,N, ,40 06:51.356,74 59:16.486,1911, ,1908,1,1,6, , ,3,N, , , , , , , , ,2,2,0,0,0,0,0,0,0,0,0,1,1,0,0,0,1,0,1,0,0,0,0,0,0,0,0,0,0,0,0,0,0,0,0,4,0,40.1143,-74.9879, , 
75686,865521,2011115352,6,67,67301,2011,9,6,350,3,3,1,0,7,5, , ,N,0,8,0,3,0,0,1,1,N,N,40 01:47.342,75 12:23.417,358, ,355,3,1,2,N, ,9,N, , , , , , , , ,1,0,0,0,0,0,1,0,0,0,0,0,0,0,0,0,0,0,0,0,0,0,0,0,0,0,0,0,0,0,0,0,0,0,0,0,0,40.0298,-75.2065, , 
75687,865540,2011134735,6,67,67301,2011,11,3,1330,13,1,2,1,4,1, , ,N,1,2,0,3,0,1,3,2,N,N,39 58:28.923,75 09:37.724,1347, ,1339,1,2,7,N, ,3,N, , , , , , , , ,2,2,0,0,0,0,0,0,0,0,0,1,1,0,0,0,0,0,0,0,1,0,0,0,0,0,0,0,0,0,0,0,0,0,0,4,0,39.9747,-75.1605, , 
75688,865548,2011117820,6,67,67301,2011,10,7,920,9,1,1,0,7,5, , ,N,1,3,0,3,0,1,2,2,N, ,40 01:51.412,75 13:49.565,933, ,928,1,2,5,N, ,3,Y, , , , , , , , ,1,0,1,0,0,0,0,0,0,0,0,1,1,0,0,0,0,0,0,0,1,0,0,0,0,0,0,0,0,0,0,0,0,0,0,4,0,40.0309,-75.2304, , 
75689,865563,2012004896,6,67,67301,2011,12,2,1801,18,3,9,0,4,1, , ,N,1,3,0,3,0,2,3,2,N,N,40 02:04.707,75 02:06.676,1040, ,1040, ,0, ,N, ,9, , , , , , , , , ,2,2,0,0,0,0,0,0,0,0,0,0,2,2,0,0,0,0,0,0,0,0,0,0,0,0,0,0,0,0,0,0,0,0,0,8,0,40.0346,-75.0352, , 
75690,868043,2012010122,6,67,67301,2011,12,3,1944,19,3,2,1,8,1, , ,N,5,2,0,3,0,1,2,2,N,N,40 04:26.865,75 09:30.131,1950, ,1946, ,0, , , ,3, , , , , , , , , ,1,1,0,0,0,0,0,0,0,0,0,0,1,1,0,0,0,0,0,0,1,0,0,0,0,0,0,0,0,0,0,0,1,0,0,8,0,40.0741,-75.1584, , 
75691,868045,2013003697,6,67,67301,2011,2,1,1620,16,1,1,0,1,1, , ,N,1,2,0,3,0,2,7,4,N,N,40 06:43.320,74 59:25.838,1624, ,1620,2,1,1,N, ,3,N, , , , , , , , ,4,3,0,0,0,0,0,1,0,0,2,0,2,0,5,0,0,0,0,0,1,0,0,1,0,0,0,0,0,0,0,0,0,0,0,3,0,40.1121,-74.9907, , 
75692,868059,2011132642,6,67,67301,2011,11,6,1230,12,1,1,0,8,1, , ,N,0,0,0,3,0,1,2,2,N,N,40 02:08.240,75 07:20.630,1245, ,1240, ,0, ,N, ,0, , , , , , , , , ,1,1,0,0,0,0,0,0,0,0,0,1,1,0,0,0,0,0,0,1,0,0,0,0,0,0,0,0,0,0,0,0,1,0,0,4,0,40.0356,-75.1224, , 
75693,868060,2011133191,6,67,67301,2011,12,7,225,2,3,1,0,1,1, , ,N,0,0,0,3,0,2,2,2,N,N,39 59:12.677,75 05:28.534,228, ,228,2,2,2,N, ,0,N, , , , , , , , ,2,2,0,0,0,0,0,0,0,0,0,2,2,0,0,0,0,0,0,0,0,0,0,0,0,0,0,0,0,0,0,0,0,0,0,4,0,39.9869,-75.0911, , 
75694,868063,2012001951,6,67,67301,2011,12,3,1721,17,3,2,1,8,1, , ,N,1,2,0,3,0,1,3,2,N,N,40 02:11.152,75 07:49.835,1735, ,1730, ,0, ,N, ,3, , , , , , , , , ,1,1,0,0,0,0,0,0,0,0,0,1,1,0,0,0,0,0,0,0,0,0,0,0,0,0,0,0,0,0,0,0,1,0,0,4,0,40.0364,-75.1305, , 
75695,868064,2012002056,6,67,67301,2011,11,4,930,9,1,1,1,1,1, , ,N,0,2,0,3,0,1,3,2,N,N,40 00:05.851,75 09:10.042,945, ,935,2,1,1,N, ,3,N, , , , , , , , ,2,2,0,0,0,0,0,0,0,0,0,0,1,1,2,0,0,0,0,0,0,0,0,0,0,0,0,0,0,0,0,0,0,0,0,8,0,40.0016,-75.1528, , 
75696,868065,2012002108,6,67,67301,2011,10,7,9999,99,3,2,1,3,3, , ,N,0,2,0,3,0,0,1,3,N,N,40 01:15.685,75 06:47.901,605, ,547,1,1,1, , ,3,Y, , , , , , , , ,3,3,0,0,0,0,0,0,0,0,0,0,0,0,1,0,0,0,0,0,0,0,0,0,0,0,0,0,0,0,0,0,0,0,0,9,0,40.021,-75.1133, , 
75697,868066,2012004290,6,67,67301,2011,12,5,1745,17,3,1,0,8,2, , ,N,0,0,0,3,0,1,2,3,N,N,40 03:56.064,75 10:33.480,1749, ,1747, ,0, ,N, ,0, , , , , , , , , ,2,1,0,0,0,0,1,0,0,0,0,0,1,1,0,0,0,0,0,0,1,0,0,0,0,0,0,0,0,0,0,0,1,0,0,8,0,40.0656,-75.176, , 
75698,868088,2011131153,6,67,67301,2011,12,2,733,7,1,1,0,7,3, , ,N,0,0,0,3,0,0,3,2,N,N,39 53:29.210,75 11:55.711,829, ,743, ,0, ,N, ,0, , , , , , , , , ,2,0,0,0,0,1,1,0,0,0,0,0,0,0,0,0,0,0,0,0,1,0,0,0,0,0,0,0,0,0,0,0,0,0,0,0,1,39.8914,-75.1988, , 
75699,868091,2012004831,6,67,67301,2011,12,3,9999,99,3,1,1,5,1, , ,N,0,0,0,3,0,0,2,2,N,N,40 06:04.550,75 01:33.890,2040, ,2020,9,1,3,N, ,0,N, , , , , , , , ,2,2,0,0,0,0,0,0,0,0,0,0,0,0,0,0,0,0,0,0,1,0,0,0,0,0,0,0,0,0,0,0,0,0,0,0,0,40.1013,-75.0261, , 
75700,868094,2011106649,6,67,67301,2011,9,1,215,2,3,1,0,4,5, , ,N,0,2,0,3,0,2,2,2,N,N,40 04:01.948,75 03:03.732,224, ,219,9,2,2,N, ,3,Y, , , , , , , , ,2,2,0,0,0,0,0,0,0,2,0,0,2,0,0,0,0,0,0,0,0,0,0,0,0,0,0,0,0,0,0,0,0,0,0,2,0,40.0672,-75.051, , 
75701,868120,2011134211,6,67,67301,2011,11,2,1812,18,3,1,0,4,1, , ,N,1,2,0,3,0,1,2,2,N,N,39 56:59.241,75 12:25.710,1830, ,1828, ,0, ,N, ,3, , , , , , , , , ,1,1,0,0,0,0,0,0,1,0,1,0,1,0,0,0,0,0,0,0,0,0,0,0,0,0,0,0,0,0,0,0,0,0,0,3,0,39.9498,-75.2071, , 
75702,868122,2011112170,6,67,67301,2011,10,6,1527,15,1,1,0,8,1, , ,N,10,2,0,3,0,1,2,2,N,N,39 58:10.098,75 08:22.527,1630, ,1630, ,0, ,N, ,9, , , , , , , , , ,1,0,0,0,1,0,0,0,0,0,1,0,1,0,0,0,0,0,0,0,0,0,0,0,0,0,0,0,0,0,0,0,1,0,0,3,0,39.9695,-75.1396, , 
75703,868127,2011118204,6,67,67301,2011,10,6,2142,21,3,1,0,4,1, , ,N,1,2,0,3,0,0,6,2,N,N,39 58:14.986,75 09:14.701,2152, ,2149, ,0, , , ,3, , , , , , , , , ,2,2,0,0,0,0,0,0,0,0,0,0,0,0,0,0,0,0,0,0,0,0,0,0,0,0,0,0,0,0,0,0,0,0,0,0,0,39.9707,-75.1541, , 
75704,868133,2011120330,6,67,67301,2011,10,2,1515,15,1,1,0,8,1, , ,N,0,0,0,3,0,1,2,2,N,N,40 02:47.187,75 05:34.310,1535, ,1535, ,0, ,N, ,0, , , , , , , , , ,1,1,0,0,0,0,0,0,0,0,0,1,1,0,0,0,0,0,0,0,0,0,0,0,0,0,0,0,0,0,0,0,1,0,0,4,0,40.0464,-75.0929, , 
75705,868138,2011126631,6,67,67301,2011,12,6,2237,22,3,1,0,7,2, , ,N,0,0,0,3,0,0,1,1,N,N,39 52:54.834,75 14:45.419,2248, ,2238, ,0, ,Y, ,0, , , , , , , , , ,1,1,0,0,0,0,0,0,0,0,0,0,0,0,0,0,0,0,0,0,0,1,0,0,0,0,0,0,0,0,0,0,0,0,0,0,0,39.8819,-75.2459, , 
75706,868144,2011132878,6,67,67301,2011,11,1,1500,15,1,1,0,4,1, , ,N,1,2,0,3,0,1,2,2,N,N,39 58:46.488,75 10:33.466,1505, ,1503, ,0, ,N, ,3, , , , , , , , , ,1,1,0,0,0,0,0,0,1,0,0,1,1,0,0,0,0,0,0,0,1,0,0,0,0,0,0,0,0,0,0,0,0,0,0,4,0,39.9796,-75.176, , 
75707,868152,2012012024,6,67,67301,2011,11,4,750,7,1,1,0,1,1, , ,N,7,0,2,3,0,0,6,4,N,N,39 59:22.245,75 12:21.743,807, ,750, ,0, ,N, ,0, , , , , , , , , ,4,2,0,0,0,0,1,1,0,0,0,0,0,0,0,0,0,0,0,0,1,0,0,0,0,0,0,0,0,0,0,0,0,0,0,0,0,39.9895,-75.206, , 
75708,870862,2011134765,6,67,67301,2011,11,2,1700,17,3,1,0,5,1, , ,N,0,0,0,3,0,1,2,2,N,N,39 59:07.068,75 12:43.797,1703, ,1700, ,0, ,N, ,0, , , , , , , , , ,1,1,0,0,0,0,0,0,1,0,0,0,1,1,0,0,0,0,0,0,0,0,1,0,0,0,0,0,0,0,0,0,0,0,0,8,0,39.9853,-75.2122, , 
75709,870869,2011054328,6,67,67301,2011,4,4,1350,13,1,1,6,5,1, , ,N,0,0,0,3,0,1,1,3,N,N,40 01:20.488,75 05:25.000,1531, ,1522,2,1,1,N, ,0,Y, , , , , , , , ,3,1,0,0,0,0,2,0,0,0,0,0,1,1,0,0,0,0,0,0,1,0,0,0,0,0,0,0,0,0,0,0,0,0,0,8,0,40.0224,-75.0903, , 
75710,870877,2011066198,6,67,67301,2011,5,7,240,2,3,1,0,4,1, , ,N,1,2,0,3,0,1,4,2,N,N,40 02:08.562,75 04:51.435,242, ,240, ,0, ,N, ,3, , , , , , , , , ,2,2,0,0,0,0,0,0,0,0,0,1,1,0,1,0,0,0,0,0,0,0,0,0,0,0,0,0,0,0,0,0,0,0,0,4,0,40.0357,-75.081, , 
75711,870898,2011090487,6,67,67301,2011,8,6,9999,99,1,1,0,1,1, , ,N,0,0,0,3,0,1,2,2,N,N,39 59:27.747,75 05:27.150,829, ,829, ,0, ,N, ,0, , , , , , , , , ,2,1,0,0,0,1,0,0,0,0,0,1,1,0,0,0,0,0,0,0,1,0,0,0,0,0,0,0,0,0,0,0,0,0,0,4,1,39.991,-75.0909, , 