objectid_1,objectid,crn,district,county,municipality,crash_year,crash_month,day_of_week,time_of_day,hour_of_day,illumination,weather,road_condition,collision_type,relation_to_road,work_zone_type,work_zone_loc,work_zone_ind,intersect_type,tcd_type,location_type,urban_rural,fatal_count,injury_count,person_count,total_units,sch_bus_ind,sch_zone_ind,latitude,longitude,arrival_tm,cons_zone_spd_lim,dispatch_tm,est_hrs_closed,lane_closed,ln_close_dir,ntfy_hiwy_maint,spec_juris_cd,tcd_func_cd,tfc_detour_ind,workers_pres,wz_close_detour,wz_flagger,wz_law_offcr_ind,wz_ln_closure,wz_moving,wz_other,wz_shlder_mdn,vehicle_count,automobile_count,motorcycle_count,bus_count,small_truck_count,heavy_truck_count,suv_count,van_count,bicycle_count,maj_inj_count,mod_inj_count,min_inj_count,tot_inj_count,unk_inj_deg_count,unk_inj_per_count,driver_count_16yr,driver_count_17yr,driver_count_18yr,driver_count_19yr,driver_count_20yr,driver_count_50_64yr,driver_count_65_74yr,driver_count_75plus,unbelted_occ_count,unb_death_count,unb_maj_inj_count,belted_death_count,belted_maj_inj_count,mcycle_death_count,mcycle_maj_inj_count,bicycle_death_count,bicycle_maj_inj_count,ped_count,ped_death_count,ped_maj_inj_count,max_severity_level,comm_veh_count,dec_lat,dec_long,rdwy_surf_type_cd,county_name
75712,870902,2011092966,6,67,67301,2011,8,2,1445,14,1,2,1,6,1, , ,N,2,3,0,3,0,4,7,2,N,N,40 00:34.382,75 09:12.737,1539, ,1530, ,0, ,N, ,3, , , , , , , , , ,2,2,0,0,0,0,0,0,0,0,0,4,4,0,3,0,0,0,0,0,0,0,0,0,0,0,0,0,0,0,0,0,0,0,0,4,0,40.0096,-75.1536, , 
75713,870906,2011100747,6,67,67301,2011,9,2,245,2,3,1,0,7,5, , ,N,0,0,0,3,0,0,2,1,N,N,40 01:48.985,75 12:41.794,255, ,245, ,0, ,N, ,0, , , , , , , , , ,1,1,0,0,0,0,0,0,0,0,0,0,0,0,0,0,0,0,0,0,0,0,0,0,0,0,0,0,0,0,0,0,0,0,0,0,0,40.0303,-75.2116, , 
75714,870911,2011106177,6,67,67301,2011,9,6,9999,99,1,1,0,4,1, , ,N,2,0,0,3,0,1,3,2,N,N,40 00:13.158,75 09:00.777,1405, ,1400, ,0, ,N, ,0, , , , , , , , , ,2,2,0,0,0,0,0,0,0,0,0,1,1,0,0,0,0,0,0,0,0,1,0,0,0,0,0,0,0,0,0,0,0,0,0,4,0,40.0037,-75.1502, , 
75715,870915,2011108798,6,67,67301,2011,9,5,1200,12,1,1,0,4,1, , ,N,1,3,0,3,0,2,3,2,N,N,39 58:25.287,75 08:30.357,1205, ,1202, ,0, ,N, ,3, , , , , , , , , ,2,2,0,0,0,0,0,0,0,0,0,0,2,2,0,0,0,0,0,0,2,0,0,2,0,0,0,0,0,0,0,0,0,0,0,8,0,39.9737,-75.1418, , 
75716,870922,2011108849,6,67,67301,2011,9,4,845,8,1,1,0,8,1, , ,N,1,2,0,3,0,1,2,2,N,N,40 04:14.685,75 09:26.643,909, ,849, ,0, ,N, ,3, , , , , , , , , ,1,0,0,0,0,0,0,1,0,0,0,1,1,0,0,0,0,0,0,0,0,0,0,1,0,0,0,0,0,0,0,0,1,0,0,4,0,40.0707,-75.1574, , 
75717,870947,2012010005,6,67,67301,2011,12,2,1710,17,4,1,0,8,1, , ,N,5,2,0,3,0,1,2,2,N,N,39 59:42.637,75 06:56.944,1720, ,1715, ,0, ,N, ,3, , , , , , , , , ,1,0,0,0,0,0,0,1,0,0,1,0,1,0,0,0,0,0,0,0,1,0,0,0,0,0,0,0,0,0,0,0,1,0,0,3,0,39.9952,-75.1158, , 
75718,870969,2011134778,6,67,67301,2011,12,4,950,9,1,2,1,4,1, , ,N,2,3,0,3,0,1,2,2,N,N,40 06:11.275,75 01:04.115,1000, ,952, ,0, ,N, ,1, , , , , , , , , ,2,2,0,0,0,0,0,0,0,0,0,1,1,0,0,0,0,0,0,0,0,0,0,0,0,0,0,0,0,0,0,0,0,0,0,4,0,40.1031,-75.0178, , 
75719,870977,2011108859,6,67,67301,2011,9,6,930,9,1,1,0,5,1, , ,N,0,0,0,3,0,1,5,2,N, ,40 06:18.428,75 01:57.902,932, ,930,1,1,3,N, ,0,Y, , , , , , , , ,2,2,0,0,0,0,0,0,0,0,0,0,1,1,0,0,0,0,0,0,0,0,0,0,0,0,0,0,0,0,0,0,0,0,0,8,0,40.1051,-75.0328, , 
75720,871004,2012004836,6,67,67301,2011,12,4,101,1,3,1,1,7,5, , ,N,0,0,0,3,0,0,1,1,N,N,40 02:46.246,75 05:22.238,116, ,101,3,1,4,N, ,0,Y, , , , , , , , ,1,1,0,0,0,0,0,0,0,0,0,0,0,0,0,0,0,0,0,0,0,0,0,0,0,0,0,0,0,0,0,0,0,0,0,0,0,40.0462,-75.0895, , 
75721,871005,2012022673,6,67,67301,2011,9,3,1220,12,1,1,0,1,1, , ,N,0,0,0,3,0,1,3,2,N,N,39 56:55.582,75 11:07.031,0, ,0, ,0, ,N, ,0, , , , , , , , , ,2,2,0,0,0,0,0,0,0,0,1,0,1,0,0,0,0,0,0,0,0,0,0,3,0,0,0,0,0,0,0,0,0,0,0,3,0,39.9488,-75.1853, , 
75722,871009,2011126442,6,67,67301,2011,8,6,610,6,1,1,0,1,1, , ,N,2,2,0,3,0,1,2,2,N,N,39 54:09.198,75 13:29.577,629, ,619,1,1,7, , ,3,N, , , , , , , , ,2,1,0,0,0,0,0,0,0,0,0,1,1,0,0,0,0,0,0,0,1,0,0,0,0,0,0,0,0,0,0,0,0,0,0,4,0,39.9026,-75.2249, , 
75723,871017,2011118896,6,67,67301,2011,11,7,1750,17,3,1,0,1,1, , ,N,0,0,0,3,0,1,5,3,N,N,39 57:33.897,75 10:26.949,1817, ,1755,1,2,4,N, ,0,N, , , , , , , , ,3,3,0,0,0,0,0,0,0,0,0,0,1,1,0,0,0,0,0,0,0,0,0,0,0,0,0,0,0,0,0,0,0,0,0,8,0,39.9594,-75.1742, , 
75724,871031,2011132984,6,67,67301,2011,11,6,2243,22,3,1,0,7,5, , ,N,0,0,0,3,0,1,2,1,N,N,40 02:42.310,75 05:18.708,2243, ,2243,6,2,5,N, ,0,Y, , , , , , , , ,1,1,0,0,0,0,0,0,0,0,0,1,1,0,0,0,0,0,0,0,0,0,0,0,0,0,0,0,0,0,0,0,0,0,0,4,0,40.0451,-75.0885, , 
75725,871036,2011126464,6,67,67301,2011,11,7,23,0,3,1,0,1,1, , ,N,0,0,0,3,0,0,3,2,N,N,40 02:38.691,75 03:15.573,35, ,28, ,0, ,N, ,0, , , , , , , , , ,2,2,0,0,0,0,0,0,0,0,0,0,0,0,0,0,0,0,0,0,1,0,0,0,0,0,0,0,0,0,0,0,0,0,0,0,0,40.0441,-75.0543, , 
75726,871055,2011132846,6,67,67301,2011,11,2,1521,15,1,1,0,4,1, , ,N,0,0,0,3,0,2,2,2,N,N,40 02:21.192,75 02:02.481,1710, ,1708, ,0, ,N, ,0, , , , , , , , , ,2,2,0,0,0,0,0,0,0,0,0,2,2,0,0,0,0,0,0,0,0,0,0,0,0,0,0,0,0,0,0,0,0,0,0,4,0,40.0392,-75.034, , 
75727,865568,2011132822,6,67,67301,2011,11,2,1552,15,1,1,0,1,1, , ,N,0,2,0,3,0,1,4,4,N,N,40 01:34.133,75 07:15.366,1602, ,1554,2,2,4,N, ,3,Y, , , , , , , , ,4,1,0,0,0,0,1,2,0,0,0,1,1,0,0,0,0,0,0,0,0,2,0,0,0,0,0,0,0,0,0,0,0,0,0,4,0,40.0261,-75.1209, , 
75728,865572,2012004845,6,67,67301,2011,12,5,2343,23,6,2,1,8,1, , ,N,1,3,0,3,0,1,2,2,N,N,39 58:18.116,75 14:16.011,2344, ,2344, ,0, ,N, ,3, , , , , , , , , ,1,1,0,0,0,0,0,0,0,0,0,0,1,1,0,0,0,0,0,0,0,0,0,0,0,0,0,0,0,0,0,0,1,0,0,8,0,39.9717,-75.2378, , 
75729,865573,2012004972,6,67,67301,2011,12,1,1450,14,1,1,0,4,1, , ,N,1,3,0,3,0,1,2,2,N,N,40 03:06.451,75 02:29.529,1515, ,1508, ,0, ,N, ,3, , , , , , , , , ,2,2,0,0,0,0,0,0,0,0,0,0,1,1,0,0,0,0,0,0,1,1,0,0,0,0,0,0,0,0,0,0,0,0,0,8,0,40.0518,-75.0415, , 
75730,865584,2011115248,6,67,67301,2011,10,4,1525,15,1,2,1,8,1, , ,N,1,2,0,3,0,1,2,2,N,N,39 57:16.601,75 09:53.486,1545, ,1535, ,0, ,N, ,3, , , , , , , , , ,1,1,0,0,0,0,0,0,0,0,0,0,1,1,0,0,0,0,0,0,1,0,0,1,0,0,0,0,0,0,0,0,1,0,0,8,0,39.9546,-75.1649, , 
75731,865595,2011126415,6,67,67301,2011,11,5,818,8,1,1,0,8,1, , ,N,1,2,0,3,0,1,2,2,N,N,40 02:07.762,75 13:02.189,834, ,830, ,0, ,N, ,2, , , , , , , , , ,1,1,0,0,0,0,0,0,0,0,0,0,1,1,0,0,0,0,0,0,0,0,0,1,0,0,0,0,0,0,0,0,1,0,0,8,0,40.0355,-75.2173, , 
75732,865606,2011098016,6,67,67301,2011,9,3,823,8,1,9,8,4,1, , ,N,1,3,0,3,0,1,2,2,N,N,39 58:38.032,75 12:35.946,835, ,830, ,0, ,N, ,3, , , , , , , , , ,2,1,0,0,0,0,0,1,0,0,0,0,1,1,0,0,0,0,1,0,0,0,0,0,0,0,0,0,0,0,0,0,0,0,0,8,0,39.9772,-75.21, , 
75733,865610,2011100799,6,67,67301,2011,9,6,1915,19,4,1,0,8,1, , ,N,0,0,0,3,0,1,2,2,N,N,40 02:09.200,75 04:22.994,1935, ,1932, ,0, ,N, ,0, , , , , , , , , ,1,0,0,0,0,0,0,1,0,0,0,1,1,0,0,0,0,0,0,0,1,0,0,1,0,0,0,0,0,0,0,0,1,0,0,4,0,40.0359,-75.0731, , 
75734,865617,2011099747,6,67,67301,2011,8,4,1637,16,1,1,0,5,1, , ,N,0,0,0,3,0,1,2,2,N,N,39 57:16.410,75 08:38.230,1644, ,1640, ,0, ,N, ,0, , , , , , , , , ,2,1,0,0,0,1,0,0,0,0,0,1,1,0,0,0,0,0,0,0,0,0,0,0,0,0,0,0,0,0,0,0,0,0,0,4,1,39.9546,-75.144, , 
75735,865628,2011106761,6,67,67301,2011,10,2,2,0,3,1,0,9,1, , ,N,0,0,0,3,0,0,2,1,N,N,40 00:20.998,75 11:46.530,13, ,6, ,0, ,N, ,0, , , , , , , , , ,1,1,0,0,0,0,0,0,0,0,0,0,0,0,0,0,0,0,0,0,0,0,0,0,0,0,0,0,0,0,0,0,0,0,0,0,0,40.0058,-75.1963, , 
75736,865633,2011112288,6,67,67301,2011,10,3,1735,17,1,1,0,1,1, , ,N,1,3,0,3,0,1,2,2,N,N,39 55:33.358,75 09:44.420,1815, ,1810, ,0, ,N, ,3, , , , , , , , , ,2,0,0,0,0,0,2,0,0,0,0,1,1,0,0,0,0,0,0,0,0,0,0,0,0,0,0,0,0,0,0,0,0,0,0,4,0,39.9259,-75.1623, , 
75737,865665,2011126278,6,67,67301,2011,11,6,2045,20,3,1,0,4,1, , ,N,1,3,0,3,0,1,2,2,N,N,40 01:13.458,75 08:24.453,2054, ,2053, ,0, ,N, ,3, , , , , , , , , ,2,0,0,0,0,1,1,0,0,0,0,1,1,0,0,0,0,0,0,0,1,0,0,0,0,0,0,0,0,0,0,0,0,0,0,4,1,40.0204,-75.1401, , 
75738,865709,2011126304,6,67,67301,2011,11,3,815,8,1,1,0,8,1, , ,N,1,3,0,3,0,1,2,2,N,N,39 55:59.318,75 10:10.243,825, ,820, ,0, , , ,3, , , , , , , , , ,1,0,0,0,0,0,0,0,0,0,0,0,1,1,0,0,0,0,0,0,0,0,0,0,0,0,0,0,0,0,0,0,1,0,0,8,0,39.9331,-75.1695, , 
75739,865711,2012005397,6,67,67301,2011,12,3,1624,16,3,2,1,5,1, , ,N,1,3,0,3,0,2,3,4,N,N,39 56:38.173,75 13:49.666,1637, ,1634, ,0, ,N, ,3, , , , , , , , , ,4,3,0,0,0,0,0,0,0,0,0,0,2,2,1,0,0,0,0,0,0,0,0,0,0,0,0,0,0,0,0,0,0,0,0,8,0,39.9439,-75.2305, , 
75740,865712,2012010037,6,67,67301,2011,12,2,850,8,1,1,0,5,1, , ,N,0,0,0,3,0,1,1,3,N, ,40 00:30.350,75 06:02.580,857, ,853, ,0, , , ,0, , , , , , , , , ,3,3,0,0,0,0,0,0,0,0,0,1,1,0,0,0,0,0,0,0,1,0,0,0,0,0,0,0,0,0,0,0,0,0,0,4,0,40.0084,-75.1007, , 
75741,865713,2012018304,6,67,67301,2011,3,2,1234,12,1,1,0,8,1, , ,N,0,0,0,3,0,1,2,2,N,N,39 59:34.750,75 08:04.305,0, ,0, ,0, ,N, ,0, , , , , , , , , ,1,0,0,0,0,0,0,0,0,1,0,0,1,0,1,0,0,0,0,0,0,0,0,0,0,0,0,0,0,0,0,0,1,0,1,2,0,39.993,-75.1345, , 
75742,865716,2011112087,6,67,67301,2011,10,4,1636,16,1,1,0,5,1, , ,N,0,0,0,3,0,1,3,2,N, ,40 03:51.394,75 03:13.287,1700, ,1641, ,0, ,N, ,0, , , , , , , , , ,2,1,0,0,0,0,0,1,0,0,0,1,1,0,2,0,0,0,0,0,1,0,0,0,0,0,0,0,0,0,0,0,0,0,0,4,0,40.0643,-75.0537, , 
75743,865717,2011112090,6,67,67301,2011,10,1,335,3,3,1,0,4,1, , ,N,2,0,2,3,0,2,3,2,N,N,39 57:15.516,75 08:23.025,345, ,340,2,1,2,N, ,0,N, , , , , , , , ,2,1,0,0,0,0,1,0,0,0,0,0,2,2,0,0,0,0,0,0,0,0,0,0,0,0,0,0,0,0,0,0,0,0,0,8,0,39.9541,-75.1395, , 
75744,865735,2012004958,6,67,67301,2011,12,4,1315,13,1,2,1,8,1, , ,N,0,0,0,3,0,1,2,2,N, ,40 02:56.098,75 03:43.738,1318, ,1315,1,1,3, , ,0,N, , , , , , , , ,1,1,0,0,0,0,0,0,0,0,0,1,1,0,0,0,0,0,0,0,0,0,0,0,0,0,0,0,0,0,0,0,1,0,0,4,0,40.0489,-75.0621, , 
75745,868157,2011103352,6,67,67301,2011,9,2,1440,14,1,1,0,1,1, , ,N,3,0,2,3,0,3,7,2,N,N,40 00:55.955,75 10:33.816,1458, ,1444,1,2,3,N, ,0,N, , , , , , , , ,2,1,0,0,0,0,0,1,0,0,1,2,3,0,0,0,0,0,1,0,0,0,0,0,0,0,0,0,0,0,0,0,0,0,0,3,0,40.0155,-75.1761, , 
75746,868168,2011115278,6,67,67301,2011,10,6,9999,99,3,1,0,7,5, , ,N,1,2,0,3,0,0,1,1,N,N,39 58:46.973,75 09:57.111,2250, ,2230, ,0, ,N, ,3, , , , , , , , , ,1,0,0,0,0,0,1,0,0,0,0,0,0,0,1,0,0,0,0,0,0,0,0,1,0,0,0,0,0,0,0,0,0,0,0,9,0,39.9797,-75.1659, , 
75747,868175,2011128187,6,67,67301,2011,12,7,230,2,3,1,0,5,1, , ,N,0,2,3,3,0,0,2,2,N,N,39 57:12.257,75 08:13.246,230, ,230, ,0, ,N, ,3, , , , , , , , , ,2,1,0,0,0,1,0,0,0,0,0,0,0,0,0,0,0,0,0,0,0,0,0,0,0,0,0,0,0,0,0,0,0,0,0,0,1,39.9534,-75.137, , 
75748,868182,2011132934,6,67,67301,2011,11,4,1428,14,1,1,0,8,1, , ,N,1,2,0,3,0,1,2,2,N,N,39 57:14.857,75 12:09.311,1431, ,1431, ,0, ,N, ,3, , , , , , , , , ,1,1,0,0,0,0,0,0,0,0,0,1,1,0,0,0,0,0,0,0,0,0,0,0,0,0,0,0,0,0,0,0,1,0,0,4,0,39.9541,-75.2026, , 
75749,868187,2012037389,6,67,67301,2011,4,7,1500,15,1,1,0,1,1, , ,N,0,2,0,3,0,1,2,4,N,N,39 55:59.268,75 10:04.212,1520, ,1515,3,1,1, , ,2,Y, , , , , , , , ,4,4,0,0,0,0,0,0,0,0,0,1,1,0,0,0,0,0,0,0,1,0,0,2,0,0,0,0,0,0,0,0,0,0,0,4,0,39.9332,-75.1678, , 
75750,868188,2011122765,6,67,67301,2011,11,5,935,9,1,1,0,4,1, , ,N,1,2,0,3,0,1,2,2,N,N,39 59:45.293,75 05:31.432,943, ,933, ,0, , , ,3, , , , , , , , , ,2,1,0,0,0,0,1,0,0,0,0,1,1,0,1,0,0,0,0,0,1,0,0,0,0,0,0,0,0,0,0,0,0,0,0,4,0,39.9959,-75.0921, , 
75751,868201,2012010111,6,67,67301,2011,12,4,1905,19,3,2,1,4,1, , ,N,1,2,0,3,0,2,2,2,N,N,40 01:51.805,75 08:59.243,1920, ,1906,2,2,7,N, ,3,Y, , , , , , , , ,2,1,0,0,0,0,1,0,0,0,2,0,2,0,0,0,0,0,1,0,0,0,0,0,0,0,0,0,0,0,0,0,0,0,0,3,0,40.0311,-75.1498, , 
75752,868219,2011100772,6,67,67301,2011,9,7,1845,18,1,1,0,4,1, , ,N,0,2,0,3,0,1,3,2,N, ,39 57:27.480,75 10:02.640,1955, ,1950, ,0, , , ,3, , , , , , , , , ,2,2,0,0,0,0,0,0,0,0,0,1,1,0,0,0,0,0,0,0,0,0,1,0,0,0,0,0,0,0,0,0,0,0,0,4,0,39.9576,-75.1674, , 
75753,868221,2011103350,6,67,67301,2011,9,6,1857,18,1,1,0,4,1, , ,N,1,3,0,3,0,1,2,2,N,N,39 56:26.771,75 09:57.851,1857, ,1857,2,2,7,N, ,3,Y, , , , , , , , ,1,1,0,0,0,0,0,0,1,0,1,0,1,0,1,0,0,0,0,0,1,0,0,1,0,0,0,0,0,0,0,0,0,0,0,3,0,39.9408,-75.1661, , 
75754,868231,2011115269,6,67,67301,2011,10,7,1920,19,3,1,0,4,1, , ,N,1,3,0,3,0,2,3,2,N,N,39 56:48.681,75 13:27.523,1923, ,1922, ,0, ,N, ,3, , , , , , , , , ,2,1,0,0,0,0,0,0,0,0,0,0,2,2,0,0,0,0,1,1,0,0,0,0,0,0,0,0,0,0,0,0,0,0,0,8,0,39.9469,-75.2243, , 
75755,868237,2011121467,6,67,67301,2011,11,5,745,7,1,1,0,7,4, , ,N,0,0,0,3,0,1,2,2,N,N,39 54:06.845,75 09:06.148,801, ,756,1,1,2,N, ,0,N, , , , , , , , ,2,1,0,0,1,0,0,0,0,0,0,1,1,0,0,0,0,0,0,0,0,0,0,0,0,0,0,0,0,0,0,0,0,0,0,4,0,39.902,-75.1516, , 
75756,868240,2011122845,6,67,67301,2011,10,1,553,5,3,1,6,7,1, , ,N,0,0,3,3,0,1,1,1,N,N,39 55:11.297,75 12:05.905,630, ,626, ,0, ,N, ,0, , , , , , , , , ,1,0,0,0,0,0,1,0,0,0,0,1,1,0,0,0,0,0,0,0,0,0,0,1,0,0,0,0,0,0,0,0,0,0,0,4,0,39.9198,-75.2016, , 
75757,868244,2011126436,6,67,67301,2011,11,4,720,7,1,1,0,5,1, , ,N,0,0,0,3,0,1,2,2,N,N,39 59:23.184,75 07:31.811,735, ,730, ,0, ,N, ,0, , , , , , , , , ,2,2,0,0,0,0,0,0,0,0,1,0,1,0,0,0,0,0,0,0,0,0,0,0,0,0,0,0,0,0,0,0,0,0,0,3,0,39.9898,-75.1255, , 
75758,868252,2011132573,6,67,67301,2011,12,5,708,7,1,1,0,4,1, , ,N,0,0,0,3,0,1,3,3,N,N,40 00:39.986,75 03:42.648,717, ,710,3,1,1,Y, ,0,N, , , , , , , , ,3,1,0,0,1,1,0,0,0,0,0,0,1,1,0,0,0,0,0,0,0,0,0,1,0,0,0,0,0,0,0,0,0,0,0,8,1,40.0112,-75.0617, , 
75759,868255,2012004967,6,67,67301,2011,12,7,1454,14,1,1,0,8,1, , ,N,0,0,0,3,0,1,2,2,N,N,40 04:40.550,74 59:13.850,1459, ,1457, ,0, ,N, ,0, , , , , , , , , ,1,1,0,0,0,0,0,0,0,0,0,0,1,1,1,0,0,0,0,0,1,0,0,0,0,0,0,0,0,0,0,0,1,0,0,8,0,40.0779,-74.9872, , 
75760,868256,2012018670,6,67,67301,2011,4,1,1720,17,1,1,0,4,1, , ,N,0,0,7,3,0,0,4,2,N,N,40 03:15.745,75 04:18.104,0, ,0, ,0, ,N, ,0, , , , , , , , , ,2,2,0,0,0,0,0,0,0,0,0,0,0,0,1,0,0,0,0,0,1,0,0,0,0,0,0,0,0,0,0,0,0,0,0,9,0,40.0544,-75.0717, , 
75761,868258,2011132726,6,67,67301,2011,11,3,1735,17,2,2,1,1,1, , ,N,0,0,0,3,0,2,6,3,N,N,40 06:01.167,75 01:19.341,1745, ,1739,1,1,3,N, ,0,Y, , , , , , , , ,3,2,0,0,0,0,0,1,0,0,0,0,2,2,0,0,0,0,0,0,1,0,0,0,0,0,0,0,0,0,0,0,0,0,0,8,0,40.1003,-75.022, , 
75762,868259,2011133105,6,67,67301,2011,10,6,1700,17,1,1,0,5,1, , ,N,5,0,1,3,0,3,5,4,N,N,40 01:00.293,75 05:01.121,1723, ,1721,3,2,5,N, ,0,Y, , , , , , , , ,4,2,1,1,0,0,0,0,0,0,1,2,3,0,1,0,0,0,0,0,1,0,0,0,0,0,0,0,0,0,0,0,0,0,0,3,1,40.0167,-75.0836, , 
75763,871066,2011088070,6,67,67301,2011,7,2,1915,19,1,1,0,8,1, , ,N,0,0,0,3,0,1,2,2,N,N,39 55:33.006,75 09:52.614,1934, ,1929, ,0, , , ,0, , , , , , , , , ,1,1,0,0,0,0,0,0,0,0,0,1,1,0,0,0,0,0,0,0,0,0,0,0,0,0,0,0,0,0,0,0,1,0,0,4,0,39.9258,-75.1646, , 
75764,871075,2011100725,6,67,67301,2011,9,5,1030,10,1,2,1,1,1, , ,N,2,3,0,3,0,1,4,2,N, ,40 01:48.388,75 03:19.605,1045, ,1042,9,1,2, , ,3,N, , , , , , , , ,2,2,0,0,0,0,0,0,0,0,0,0,1,1,0,0,0,0,0,0,0,0,1,0,0,0,0,0,0,0,0,0,0,0,0,8,0,40.0301,-75.0554, , 
75765,871083,2011112332,6,67,67301,2011,10,7,1700,17,1,1,0,4,4, , ,N,0,0,0,3,0,2,3,2,N,N,39 56:18.720,75 09:39.080,1710, ,1705, ,0, ,N, ,0, , , , , , , , , ,1,1,0,0,0,0,0,0,1,0,0,2,2,0,0,0,0,0,0,0,0,0,0,0,0,0,0,0,0,0,0,0,0,0,0,4,0,39.9385,-75.1609, , 
75766,871094,2011129604,6,67,67301,2011,12,3,1754,17,3,2,1,1,1, , ,N,0,0,0,3,0,1,4,2,N,N,39 58:02.097,75 11:18.355,1800, ,1754,1,1,4,N, ,0,N, , , , , , , , ,2,1,0,0,1,0,0,0,0,0,0,1,1,0,0,0,0,1,0,0,0,0,0,0,0,0,0,0,0,0,0,0,0,0,0,4,0,39.9672,-75.1884, , 
75767,871099,2012002039,6,67,67301,2011,12,7,746,7,1,1,0,4,1, , ,N,1,2,0,3,0,2,2,2,N,N,40 00:59.814,75 08:49.815,756, ,746, ,0, ,N, ,3, , , , , , , , , ,2,1,0,0,0,0,1,0,0,0,0,2,2,0,0,0,0,0,0,0,0,1,0,1,0,0,0,0,0,0,0,0,0,0,0,4,0,40.0166,-75.1472, , 
75768,871100,2012005014,6,67,67301,2011,12,3,615,6,5,1,0,1,1, , ,N,1,2,0,3,0,1,2,2,N,N,40 02:34.384,75 08:38.046,730, ,724, ,0, ,N, ,3, , , , , , , , , ,2,1,0,0,0,0,0,0,0,0,0,1,1,0,1,0,0,0,0,0,1,0,0,0,0,0,0,0,0,0,0,0,0,0,0,4,0,40.0429,-75.1438, , 
75769,871129,2012005007,6,67,67301,2011,12,6,1715,17,3,1,0,8,1, , ,N,1,3,0,3,0,1,2,2,N,N,40 02:16.918,75 08:37.492,1735, ,1730, ,0, ,N, ,9, , , , , , , , , ,1,0,0,0,1,0,0,0,0,0,0,1,1,0,1,0,0,0,0,0,0,0,0,0,0,0,0,0,0,0,0,0,1,0,0,4,0,40.038,-75.1437, , 
75770,871148,2011132624,6,67,67301,2011,11,4,1453,14,1,2,1,2,1, , ,N,1,2,0,3,0,1,2,2,N,N,39 58:00.800,75 11:31.732,1715, ,1453, ,0, ,N, ,3, , , , , , , , , ,2,2,0,0,0,0,0,0,0,0,0,1,1,0,1,0,0,0,0,0,0,0,0,0,0,0,0,0,0,0,0,0,0,0,0,4,0,39.9669,-75.1921, , 
75771,871150,2012010052,6,67,67301,2011,12,7,43,0,3,1,0,7,4, , ,N,0,0,0,3,0,0,1,1,N,N,39 57:27.362,75 11:58.806,52, ,50, ,0, ,N, ,0, , , , , , , , , ,1,1,0,0,0,0,0,0,0,0,0,0,0,0,0,0,0,0,0,0,0,0,0,0,0,0,0,0,0,0,0,0,0,0,0,0,0,39.9576,-75.1997, , 
75772,871166,2011100744,6,67,67301,2011,9,3,1300,13,1,1,0,2,1, , ,N,0,0,0,3,0,1,2,2,N, ,40 00:39.969,75 09:02.624,1305, ,1300, ,0, , , ,0, , , , , , , , , ,2,1,0,0,0,0,1,0,0,0,0,1,1,0,0,0,0,0,0,0,1,0,0,0,0,0,0,0,0,0,0,0,0,0,0,4,0,40.0111,-75.1507, , 
75773,871171,2011108469,6,67,67301,2011,10,1,220,2,3,1,0,1,1, , ,N,0,0,0,3,0,0,2,2,N,N,40 03:13.122,74 59:09.411,236, ,236,1,2,1,N, ,0,N, , , , , , , , ,2,2,0,0,0,0,0,0,0,0,0,0,0,0,0,0,0,0,0,0,0,0,0,0,0,0,0,0,0,0,0,0,0,0,0,0,0,40.0536,-74.986, , 
75774,871192,2011101631,6,67,67301,2011,9,6,9999,99,3,1,0,1,1,1,3,Y,1,2,0,3,0,1,4,4,N,N,40 04:36.380,75 01:58.776,2115,45,2107,2,1,2,N, ,3,N,Y, , ,N,Y, , , ,4,1,1,0,0,0,1,1,0,0,1,0,1,0,0,0,0,0,0,0,1,0,0,0,0,0,0,0,0,0,0,0,0,0,0,3,0,40.0766,-75.0329, , 
75775,871201,2011107705,6,67,67301,2011,10,5,0,0,3,2,1,7,3, , ,N,0,0,2,3,0,0,1,1,N,N,39 57:31.285,75 09:52.859,12, ,12,1,1,1,N, ,0,N, , , , , , , , ,1,1,0,0,0,0,0,0,0,0,0,0,0,0,0,0,0,0,0,0,0,0,0,0,0,0,0,0,0,0,0,0,0,0,0,0,0,39.9587,-75.1647, , 
75776,871208,2011129160,6,67,67301,2011,12,1,1451,14,1,1,0,1,1, , ,N,0,0,0,3,0,1,4,4,N,N,39 58:37.086,75 06:48.900,1509, ,1453,1,1,2,N, ,0,N, , , , , , , , ,4,4,0,0,0,0,0,0,0,0,0,0,1,1,0,0,0,0,0,0,2,0,0,0,0,0,0,0,0,0,0,0,0,0,0,8,0,39.977,-75.1135, , 
75777,871216,2011134710,6,67,67301,2011,12,1,9999,99,3,1,0,7,5, , ,N,1,2,0,3,0,0,1,1,N,N,40 04:15.522,75 02:16.209,9999, ,136,1,1,2,N, ,9,N, , , , , , , , ,1,1,0,0,0,0,0,0,0,0,0,0,0,0,0,0,0,0,0,0,0,0,0,0,0,0,0,0,0,0,0,0,0,0,0,0,0,40.071,-75.0378, , 
75778,871218,2012001979,6,67,67301,2011,12,1,735,7,1,1,0,7,5, , ,N,0,0,0,3,0,1,1,1,N,N,39 55:51.837,75 13:35.608,745, ,740,1,1,4,N, ,0,Y, , , , , , , , ,1,1,0,0,0,0,0,0,0,0,0,0,1,1,0,0,0,0,0,0,0,0,0,0,0,0,0,0,0,0,0,0,0,0,0,8,0,39.9311,-75.2266, , 