objectid_1,objectid,crn,district,county,municipality,crash_year,crash_month,day_of_week,time_of_day,hour_of_day,illumination,weather,road_condition,collision_type,relation_to_road,work_zone_type,work_zone_loc,work_zone_ind,intersect_type,tcd_type,location_type,urban_rural,fatal_count,injury_count,person_count,total_units,sch_bus_ind,sch_zone_ind,latitude,longitude,arrival_tm,cons_zone_spd_lim,dispatch_tm,est_hrs_closed,lane_closed,ln_close_dir,ntfy_hiwy_maint,spec_juris_cd,tcd_func_cd,tfc_detour_ind,workers_pres,wz_close_detour,wz_flagger,wz_law_offcr_ind,wz_ln_closure,wz_moving,wz_other,wz_shlder_mdn,vehicle_count,automobile_count,motorcycle_count,bus_count,small_truck_count,heavy_truck_count,suv_count,van_count,bicycle_count,maj_inj_count,mod_inj_count,min_inj_count,tot_inj_count,unk_inj_deg_count,unk_inj_per_count,driver_count_16yr,driver_count_17yr,driver_count_18yr,driver_count_19yr,driver_count_20yr,driver_count_50_64yr,driver_count_65_74yr,driver_count_75plus,unbelted_occ_count,unb_death_count,unb_maj_inj_count,belted_death_count,belted_maj_inj_count,mcycle_death_count,mcycle_maj_inj_count,bicycle_death_count,bicycle_maj_inj_count,ped_count,ped_death_count,ped_maj_inj_count,max_severity_level,comm_veh_count,dec_lat,dec_long,rdwy_surf_type_cd,county_name
75779,871251,2012010013,6,67,67301,2011,12,7,1050,10,1,1,0,1,1, , ,N,2,3,0,3,0,1,3,2,N,N,40 05:13.972,75 01:19.619,1100, ,1056, ,0, ,N, ,3, , , , , , , , , ,2,1,0,0,0,0,0,1,0,0,0,0,1,1,0,0,0,0,0,0,1,1,0,0,0,0,0,0,0,0,0,0,0,0,0,8,0,40.0872,-75.0221, , 
75780,871253,2011122837,6,67,67301,2011,10,5,1057,10,1,2,1,4,1, , ,N,1,2,0,3,0,1,3,2,N,N,40 01:32.275,75 07:31.347,1059, ,1057,1,2,4,N, ,3,Y, , , , , , , , ,2,1,0,0,1,0,0,0,0,0,1,0,1,0,0,0,0,0,0,0,0,1,0,0,0,0,0,0,0,0,0,0,0,0,0,3,0,40.0257,-75.1251, , 
75781,865736,2012004984,6,67,67301,2011,12,7,1820,18,3,1,0,4,1, , ,N,1,2,0,3,0,2,2,2,N,N,39 55:51.600,75 13:56.640,1835, ,1823,2,1,4,N, ,3,Y, , , , , , , , ,2,2,0,0,0,0,0,0,0,0,1,1,2,0,0,0,0,0,0,0,1,0,0,0,0,0,0,0,0,0,0,0,0,0,0,3,0,39.931,-75.2324, , 
75782,865760,2011100742,6,67,67301,2011,5,7,900,9,1,1,0,4,1, , ,N,1,3,0,3,0,1,3,2,N,N,39 58:40.076,75 09:44.002,907, ,903, ,0, ,N, ,3, , , , , , , , , ,2,2,0,0,0,0,0,0,0,0,0,0,1,1,1,0,0,1,0,0,0,0,0,0,0,0,0,0,0,0,0,0,0,0,0,8,0,39.9778,-75.1622, , 
75783,865802,2011119995,6,67,67301,2011,11,4,1517,15,1,2,1,7,2, , ,N,0,0,0,3,0,1,1,1,N,N,39 55:55.292,75 11:59.530,1529, ,1518,1,2,4,Y, ,0,N, , , , , , , , ,1,1,0,0,0,0,0,0,0,0,1,0,1,0,0,0,0,0,1,0,0,0,0,1,0,0,0,0,0,0,0,0,0,0,0,3,0,39.932,-75.1999, , 
75784,865820,2011134760,6,67,67301,2011,12,4,215,2,3,2,1,2,6, , ,N,0,0,0,3,0,1,2,2,N,N,40 02:40.266,75 05:19.938,220, ,215, ,0, ,N, ,0, , , , , , , , , ,2,2,0,0,0,0,0,0,0,0,0,0,1,1,1,0,0,0,0,0,0,0,0,0,0,0,0,0,0,0,0,0,0,0,0,8,0,40.0445,-75.0889, , 
75785,865826,2013029602,6,67,67301,2011,8,4,2030,20,4,2,1,4,1, , ,N,2,0,0,3,0,1,2,2,N,N,40 01:12.428,75 09:54.647,2040, ,2035, ,0, ,N, ,0, , , , , , , , , ,1,0,0,0,0,0,0,1,1,0,0,1,1,0,0,0,0,0,0,0,0,0,0,0,0,0,0,0,0,0,0,0,0,0,0,4,0,40.0201,-75.1652, , 
75786,865848,2011118472,6,67,67301,2011,10,6,2230,22,3,1,0,8,1, , ,N,1,2,99,3,0,1,2,2,N,N,39 57:25.599,75 12:06.942,2340, ,2330, ,0, ,N, ,3, , , , , , , , , ,1,1,0,0,0,0,0,0,0,0,0,1,1,0,0,0,0,0,0,0,0,0,0,0,0,0,0,0,0,0,0,0,1,0,0,4,0,39.9571,-75.2019, , 
75787,865862,2011115515,6,67,67301,2011,10,4,1138,11,1,2,1,1,1, , ,N,1,2,0,3,0,1,3,2,N, ,40 06:08.954,75 01:43.447,1148, ,1139, ,0, ,N, ,3, , , , , , , , , ,2,1,0,0,0,0,0,1,0,0,0,0,1,1,0,0,0,0,0,0,1,0,0,0,0,0,0,0,0,0,0,0,0,0,0,8,0,40.1025,-75.0287, , 
75788,865870,2011122840,6,67,67301,2011,10,2,710,7,1,1,0,8,1, , ,N,1,2,0,3,0,1,2,2,N,N,40 02:35.649,75 03:08.136,809, ,808, ,0, ,N, ,3, , , , , , , , , ,1,0,0,0,0,0,0,1,0,0,0,1,1,0,1,0,0,0,0,0,0,0,0,1,0,0,0,0,0,0,0,0,1,0,0,4,0,40.0432,-75.0523, , 
75789,865885,2011118069,6,67,67301,2011,10,4,1215,12,1,2,1,2,1, , ,N,1,2,0,3,0,1,2,2,N,N,39 56:17.059,75 10:06.455,1220, ,1217, ,0, ,N, ,3, , , , , , , , , ,2,1,0,0,0,0,1,0,0,0,0,0,1,1,0,0,0,0,0,0,0,1,0,0,0,0,0,0,0,0,0,0,0,0,0,8,0,39.9381,-75.1685, , 
75790,865889,2011122816,6,67,67301,2011,11,6,1345,13,1,1,0,4,1, , ,N,1,2,0,3,0,1,2,2,N, ,40 01:10.533,75 03:19.855,9999, ,1350, ,0, , , ,3, , , , , , , , , ,1,1,0,0,0,0,0,0,1,0,0,1,1,0,0,0,0,0,0,0,0,0,0,0,0,0,0,0,0,0,0,0,0,0,0,4,0,40.0195,-75.0557, , 
75791,865892,2011126340,6,67,67301,2011,10,1,9999,99,3,2,1,4,1, , ,N,1,3,0,3,0,0,1,2,N,N,39 58:32.059,75 07:30.845,232, ,227, ,0, ,N, ,3, , , , , , , , , ,2,1,0,0,0,0,1,0,0,0,0,0,0,0,0,0,0,0,0,0,0,0,0,0,0,0,0,0,0,0,0,0,0,0,0,0,0,39.9756,-75.1252, , 
75792,865895,2011133465,6,67,67301,2011,9,4,754,7,5,6,1,1,1, , ,N,0,0,0,3,0,0,2,2,N,N,40 03:00.297,74 59:35.066,805, ,802, ,0, ,N, ,0, , , , , , , , , ,2,0,0,0,0,0,1,1,0,0,0,0,0,0,1,0,0,0,0,0,1,0,0,0,0,0,0,0,0,0,0,0,0,0,0,9,0,40.0501,-74.993, , 
75793,865917,2011132863,6,67,67301,2011,11,2,2305,23,3,8,1,4,1, , ,N,1,2,0,3,0,1,2,2,N,N,39 57:50.835,75 10:27.945,2306, ,2306,3,2,1,N, ,3,Y, , , , , , , , ,2,2,0,0,0,0,0,0,0,0,1,0,1,0,0,0,0,0,0,0,0,0,0,0,0,0,0,0,0,0,0,0,0,0,0,3,0,39.964,-75.1745, , 
75794,865921,2012036822,6,67,67301,2011,6,4,1735,17,1,2,1,4,1, , ,N,1,0,0,3,0,1,2,2,N,N,40 06:06.588,75 01:38.906,1740, ,1735,2,1,3,N, ,0,Y, , , , , , , , ,2,0,0,0,0,0,2,0,0,0,0,1,1,0,0,0,0,0,0,0,0,0,0,0,0,0,0,0,0,0,0,0,0,0,0,4,0,40.1018,-75.0275, , 
75795,865924,2011126426,6,67,67301,2011,11,4,1958,19,3,1,0,8,1, , ,N,1,2,0,3,0,1,2,2,N, ,40 02:11.152,75 07:49.835,2005, ,2000, ,0, , , ,3, , , , , , , , , ,1,1,0,0,0,0,0,0,0,0,0,0,1,1,0,0,0,0,0,0,0,1,0,0,0,0,0,0,0,0,0,0,1,0,0,8,0,40.0364,-75.1305, , 
75796,865931,2011132837,6,67,67301,2011,11,4,1736,17,3,2,1,8,1, , ,N,0,2,0,3,0,1,2,2,N,N,40 00:28.697,75 04:25.632,1855, ,1850, ,0, ,N, ,3, , , , , , , , , ,1,0,0,0,0,0,0,1,0,0,0,1,1,0,0,0,0,0,0,0,0,0,0,0,0,0,0,0,0,0,0,0,1,0,0,4,0,40.008,-75.0738, , 
75797,865932,2011132862,6,67,67301,2011,11,6,720,7,1,1,0,8,1, , ,N,1,3,0,3,0,1,2,2,N,Y,39 57:50.418,75 09:46.090,1250, ,1245, ,0, , , ,3, , , , , , , , , ,1,1,0,0,0,0,0,0,0,0,0,1,1,0,1,0,0,0,0,0,0,0,0,1,0,0,0,0,0,0,0,0,1,0,0,4,0,39.964,-75.1628, , 
75798,865933,2011132930,6,67,67301,2011,11,4,1236,12,1,2,1,7,5, , ,N,2,3,0,3,0,0,1,1,N,N,40 02:27.409,75 08:51.554,1236, ,1236, ,0, ,N, ,3, , , , , , , , , ,1,1,0,0,0,0,0,0,0,0,0,0,0,0,0,0,1,0,0,0,0,0,0,1,0,0,0,0,0,0,0,0,0,0,0,0,0,40.0409,-75.1477, , 
75799,868262,2012002115,6,67,67301,2011,10,5,2307,23,3,1,0,8,1, , ,N,0,0,0,3,0,2,3,3,N,N,39 58:12.388,75 12:18.867,40, ,35, ,0, , , ,0, , , , , , , , , ,1,1,0,0,0,0,0,0,0,0,0,2,2,0,0,0,0,0,0,0,0,0,0,1,0,0,0,0,0,0,0,0,2,0,0,4,0,39.9701,-75.2052, , 
75800,868277,2012002040,6,67,67301,2011,12,6,1715,17,3,1,0,2,1, , ,N,1,2,0,3,0,0,2,2,N,N,40 05:54.088,75 02:49.438,1719, ,1715, ,0, ,N, ,3, , , , , , , , , ,2,1,0,0,0,0,0,1,0,0,0,0,0,0,0,0,0,0,0,0,1,0,0,0,0,0,0,0,0,0,0,0,0,0,0,0,0,40.0984,-75.0471, , 
75801,868286,2011127055,6,67,67301,2011,11,2,1250,12,1,9,8,1,1, , ,N,2,3,0,3,0,0,2,4,N, ,40 00:34.918,75 07:05.245,1257, ,1253,2,2,3, , ,3,Y, , , , , , , , ,4,2,0,0,1,0,1,0,0,0,0,0,0,0,0,0,0,0,0,0,0,0,0,0,0,0,0,0,0,0,0,0,0,0,0,0,0,40.0097,-75.1181, , 
75802,868287,2011127541,6,67,67301,2011,11,1,1600,16,1,1,0,5,1, , ,N,0,0,0,3,1,1,4,2,N, ,40 04:27.283,75 02:06.593,1609, ,1605,3,2,2, ,0,0,Y, , , , , , , , ,2,1,0,0,0,0,1,0,0,0,0,0,1,1,0,0,0,1,1,0,0,0,0,0,0,0,0,0,0,0,0,0,0,0,0,1,0,40.0742,-75.0352,2, 
75803,868296,2012004956,6,67,67301,2011,12,7,1325,13,1,1,0,8,1, , ,N,1,2,0,3,0,1,2,2,N,N,40 01:48.978,75 03:51.736,1331, ,1326, ,0, ,N, ,3, , , , , , , , , ,2,2,0,0,0,0,0,0,0,0,0,0,1,1,0,0,0,0,0,0,1,0,0,0,0,0,0,0,0,0,0,0,0,0,0,8,0,40.0303,-75.0644, , 
75804,868304,2011113284,6,67,67301,2011,9,5,1900,19,4,1,0,8,1, , ,N,0,0,0,3,0,1,2,2,N, ,39 57:46.670,75 14:28.460,1900, ,1900, ,0, , , ,0, , , , , , , , , ,1,1,0,0,0,0,0,0,0,0,0,0,1,1,0,0,0,0,0,0,0,0,0,0,0,0,0,0,0,0,0,0,1,0,0,8,0,39.963,-75.2412, , 
75805,868306,2011115327,6,67,67301,2011,10,6,1043,10,1,1,1,4,1, , ,N,1,2,0,3,0,0,4,3,N, ,39 59:30.177,75 13:47.387,1050, ,1046, ,0, , , ,3, , , , , , , , , ,3,1,0,0,1,0,1,0,0,0,0,0,0,0,0,0,0,0,0,0,0,1,0,0,0,0,0,0,0,0,0,0,0,0,0,0,0,39.9917,-75.2298, , 
75806,868311,2011118067,6,67,67301,2011,10,4,2150,21,3,2,1,8,1, , ,N,0,2,0,3,0,1,2,2,N, ,40 00:54.129,75 08:06.871,2159, ,2159, ,0, , , ,3, , , , , , , , , ,1,1,0,0,0,0,0,0,0,0,0,0,1,1,1,0,0,0,0,0,0,0,0,1,0,0,0,0,0,0,0,0,1,0,0,8,0,40.015,-75.1352, , 
75807,868318,2012002134,6,67,67301,2011,12,7,29,0,3,1,0,2,2, , ,N,1,2,0,3,0,1,1,4,N, ,40 00:16.318,75 07:55.437,37, ,33, ,0, , , ,3, , , , , , , , , ,4,3,0,0,0,0,0,1,0,0,0,1,1,0,0,0,0,0,0,0,0,0,0,0,0,0,0,0,0,0,0,0,0,0,0,4,0,40.0045,-75.1321, , 
75808,868320,2012005017,6,67,67301,2011,12,5,1730,17,3,2,1,1,1, , ,N,0,0,0,3,0,0,2,2,N,N,40 06:03.416,75 01:28.780,1800, ,1759, ,0, ,N, ,0, , , , , , , , , ,2,2,0,0,0,0,0,0,0,0,0,0,0,0,0,0,0,0,0,0,1,1,0,0,0,0,0,0,0,0,0,0,0,0,0,0,0,40.1009,-75.0247, , 
75809,868343,2011132662,6,67,67301,2011,11,7,2058,20,3,1,0,4,1, , ,N,1,2,0,3,0,0,3,3,N,N,40 00:29.747,75 11:40.309,2105, ,2102,2,1,2,N, ,3,N, , , , , , , , ,3,2,0,0,0,0,1,0,0,0,0,0,0,0,0,0,0,0,0,0,0,0,0,0,0,0,0,0,0,0,0,0,0,0,0,0,0,40.0083,-75.1945, , 
75810,868346,2012002059,6,67,67301,2011,11,2,1500,15,1,1,0,4,1, , ,N,1,2,0,3,0,1,2,2,N,N,39 59:31.320,75 08:24.665,1609, ,1550,2,1,4,N, ,3,N, , , , , , , , ,2,2,0,0,0,0,0,0,0,0,0,1,1,0,1,0,0,0,0,0,0,1,0,0,0,0,0,0,0,0,0,0,0,0,0,4,0,39.992,-75.1402, , 
75811,868347,2012004930,6,67,67301,2011,12,5,610,6,3,1,1,4,1, , ,N,1,2,0,3,0,3,3,2,N,N,40 01:53.078,75 05:05.038,630, ,615,1,1,1,N, ,3,Y, , , , , , , , ,2,2,0,0,0,0,0,0,0,0,0,3,3,0,0,0,0,0,0,0,0,0,0,1,0,0,0,0,0,0,0,0,0,0,0,4,0,40.0314,-75.0847, , 
75812,868355,2011132780,6,67,67301,2011,11,7,1311,13,1,1,0,1,3, , ,N,0,0,0,3,0,0,2,2,N,N,39 55:13.767,75 12:50.540,1350, ,1347, ,0, ,N, ,0, , , , , , , , , ,2,2,0,0,0,0,0,0,0,0,0,0,0,0,2,0,0,0,0,0,1,0,1,0,0,0,0,0,0,0,0,0,0,0,0,9,0,39.9205,-75.214, , 
75813,868360,2012004873,6,67,67301,2011,11,2,2139,21,3,1,0,4,1, , ,N,1,3,0,3,0,0,2,2,N,N,40 04:41.689,75 10:37.790,2140, ,2140, ,0, ,N, ,3, , , , , , , , , ,2,1,0,0,0,0,1,0,0,0,0,0,0,0,1,0,0,0,0,0,0,0,0,0,0,0,0,0,0,0,0,0,0,0,0,9,0,40.0782,-75.1772, , 
75814,868361,2012004913,6,67,67301,2011,12,5,809,8,1,1,0,8,1, , ,N,0,0,0,3,0,1,3,2,N, ,40 03:04.870,75 04:05.181,824, ,814, ,0, , , ,0, , , , , , , , , ,1,0,0,0,0,0,0,1,0,0,1,0,1,0,0,0,0,0,0,0,0,0,0,0,0,0,0,0,0,0,0,0,1,0,0,3,0,40.0514,-75.0681, , 
75815,868363,2012023065,6,67,67301,2011,8,5,2000,20,6,1,0,4,1, , ,N,1,2,0,3,0,1,3,2,N,N,40 01:38.846,75 03:44.583,0, ,0, ,0, ,N, ,3, , , , , , , , , ,2,2,0,0,0,0,0,0,0,0,0,0,1,1,1,0,0,0,0,0,1,0,0,0,0,0,0,0,0,0,0,0,0,0,0,8,0,40.0275,-75.0624, , 
75816,868385,2012001963,6,67,67301,2011,11,1,1540,15,1,9,0,1,1, , ,N,2,2,0,3,0,1,3,2,N, ,39 58:26.024,75 07:06.732,9999, ,9999, ,0, , , ,3, , , , , , , , , ,2,0,0,0,2,0,0,0,0,0,0,1,1,0,1,0,0,0,0,0,0,0,0,1,0,0,0,0,0,0,0,0,0,0,0,4,0,39.9742,-75.118, , 
75817,871254,2011122872,6,67,67301,2011,10,1,1245,12,1,1,0,5,1, , ,N,0,0,0,3,0,1,2,2,N,N,40 03:19.466,75 02:39.881,1320, ,1314, ,0, ,N, ,0, , , , , , , , , ,2,0,0,0,0,0,2,0,0,0,0,1,1,0,0,0,0,0,0,0,1,0,0,0,0,0,0,0,0,0,0,0,0,0,0,4,0,40.0554,-75.0444, , 
75818,871266,2011132606,6,67,67301,2011,11,2,2236,22,3,1,0,5,6, , ,N,0,0,0,3,0,0,1,4,N,N,40 02:17.430,75 02:47.072,2318, ,2316, ,0, ,N, ,0, , , , , , , , , ,4,4,0,0,0,0,0,0,0,0,0,0,0,0,1,0,0,0,0,0,0,0,0,0,0,0,0,0,0,0,0,0,0,0,0,9,0,40.0382,-75.0464, , 
75819,871267,2011134683,6,67,67301,2011,12,3,2330,23,3,2,1,7,5, , ,N,0,0,0,3,0,0,2,1,N,N,40 05:20.410,75 02:43.918,2359, ,2359,3,2,3,N, ,0,Y, , , , , , , , ,1,1,0,0,0,0,0,0,0,0,0,0,0,0,0,0,0,0,0,0,0,0,0,0,0,0,0,0,0,0,0,0,0,0,0,0,0,40.089,-75.0455, , 
75820,871287,2011029150,6,67,67301,2011,2,2,9999,99,3,1,0,1,1, , ,N,1,2,0,3,0,1,3,2, , ,39 59:21.706,75 09:20.126,9999, ,120, ,0, , , ,3, , , , , , , , , ,2,1,0,0,1,0,0,0,0,0,0,1,1,0,2,0,0,0,0,0,0,0,0,0,0,0,0,0,0,0,0,0,0,0,0,4,0,39.9893,-75.1555, , 
75821,871306,2011125456,6,67,67301,2011,10,5,1707,17,1,1,0,1,1, , ,N,0,0,0,3,0,1,3,3,N,N,40 00:20.840,75 13:00.595,1710, ,1707, ,0, ,N, ,0, , , , , , , , , ,3,2,0,0,0,0,0,1,0,0,0,1,1,0,0,0,0,0,0,0,0,1,0,0,0,0,0,0,0,0,0,0,0,0,0,4,0,40.0058,-75.2167, , 
75822,871311,2011130720,6,67,67301,2011,12,7,242,2,3,1,0,7,4, , ,N,0,0,0,3,0,1,1,1,N,N,39 53:56.851,75 10:32.118,253, ,246, ,0, ,N, ,0, , , , , , , , , ,1,1,0,0,0,0,0,0,0,0,0,1,1,0,0,0,0,0,0,0,0,0,0,0,0,0,0,0,0,0,0,0,0,0,0,4,0,39.8991,-75.1756, , 
75823,871325,2011132819,6,67,67301,2011,11,1,1900,19,3,1,1,5,1, , ,N,1,2,0,3,0,1,8,2,N,N,40 01:43.905,75 06:21.601,1915, ,1908, ,0, ,N, ,3, , , , , , , , , ,2,2,0,0,0,0,0,0,0,0,0,1,1,0,0,0,0,0,0,0,0,0,0,0,0,0,0,0,0,0,0,0,0,0,0,4,0,40.029,-75.1061, , 
75824,871330,2012002006,6,67,67301,2011,12,3,1600,16,3,9,8,8,1, , ,N,1,2,0,3,0,1,2,2,N,N,39 59:27.459,75 10:04.324,9999, ,1553, ,0, ,N, ,9, , , , , , , , , ,1,0,0,0,1,0,0,0,0,0,0,1,1,0,0,0,0,0,0,0,0,1,0,0,0,0,0,0,0,0,0,0,1,0,0,4,0,39.991,-75.1679, , 
75825,871334,2011122860,6,67,67301,2011,11,4,1010,10,1,1,0,7,5, , ,N,1,2,0,3,0,1,1,1,N, ,40 01:50.847,75 06:43.088,1030, ,1020, ,0, , , ,3, , , , , , , , , ,1,1,0,0,0,0,0,0,0,0,0,1,1,0,0,0,0,0,0,0,0,0,0,0,0,0,0,0,0,0,0,0,0,0,0,4,0,40.0308,-75.112, , 
75826,871344,2011134805,6,67,67301,2011,11,5,2322,23,3,1,0,7,2, , ,N,1,2,0,3,0,3,3,1,N,N,39 58:50.309,75 14:47.378,2325, ,2324,9,1,6, , ,3,Y, , , , , , , , ,1,1,0,0,0,0,0,0,0,0,0,0,3,3,0,0,0,0,0,0,1,0,0,1,0,0,0,0,0,0,0,0,0,0,0,8,0,39.9806,-75.2465, , 
75827,871381,2011115260,6,67,67301,2011,10,1,145,1,3,1,0,4,1, , ,N,1,2,0,3,0,2,4,2,N,N,40 02:45.148,75 10:55.939,154, ,151, ,0, ,N, ,3, , , , , , , , , ,2,1,0,0,0,0,0,1,0,0,0,2,2,0,2,0,0,0,0,0,0,0,0,2,0,0,0,0,0,0,0,0,0,0,0,4,0,40.0459,-75.1822, , 
75828,871387,2011127081,6,67,67301,2011,11,2,1005,10,1,1,0,1,1, , ,N,1,2,0,3,0,1,2,2,N, ,40 00:47.880,75 11:02.857,1012, ,1008, ,0, , , ,3, , , , , , , , , ,2,2,0,0,0,0,0,0,0,0,0,1,1,0,1,0,0,0,0,0,0,1,0,1,0,0,0,0,0,0,0,0,0,0,0,4,0,40.0134,-75.1841, , 
75829,871389,2011132748,6,67,67301,2011,11,5,2233,22,3,1,0,8,1, , ,N,0,0,0,3,0,1,2,2,N,N,40 00:41.318,75 09:48.055,2236, ,2236, ,0, ,N, ,0, , , , , , , , , ,1,0,0,0,0,0,0,1,0,0,0,0,1,1,0,0,0,0,0,0,0,0,0,0,0,0,0,0,0,0,0,0,1,0,0,8,0,40.0115,-75.1633, , 
75830,871400,2011113158,6,67,67301,2011,10,1,710,7,3,8,5,7,3, , ,N,0,0,0,3,0,0,1,1,N,N,39 58:50.343,75 06:15.501,712, ,712, ,0, ,N, ,0, , , , , , , , , ,1,1,0,0,0,0,0,0,0,0,0,0,0,0,0,0,0,0,0,0,0,0,0,0,0,0,0,0,0,0,0,0,0,0,0,0,0,39.9807,-75.1042, , 
75831,871440,2011090372,6,67,67301,2011,8,4,1725,17,1,2,1,4,1, , ,N,2,2,0,3,0,2,4,2,N,N,39 58:33.009,75 09:30.309,1732, ,1728, ,0, ,N, ,3, , , , , , , , , ,2,2,0,0,0,0,0,0,0,0,0,0,2,2,2,0,0,0,0,0,1,0,0,0,0,0,0,0,0,0,0,0,0,0,0,8,0,39.9758,-75.1584, , 
75832,871448,2011118147,6,67,67301,2011,10,7,1649,16,1,1,0,4,1, , ,N,2,2,0,3,0,0,5,2,N,N,39 53:57.390,75 10:29.307,1652, ,1649, ,0, ,N, ,3, , , , , , , , , ,2,1,0,0,1,0,0,0,0,0,0,0,0,0,0,0,0,0,0,0,0,0,0,0,0,0,0,0,0,0,0,0,0,0,0,0,0,39.8993,-75.1748, , 
75833,871461,2011132865,6,67,67301,2011,11,4,9999,99,1,1,0,0,4, , ,N,1,3,0,3,0,1,1,1,N, ,39 58:27.901,75 15:51.317,1545, ,1540, ,0, , , ,3, , , , , , , , , ,1,0,1,0,0,0,0,0,0,0,0,1,1,0,0,0,0,0,0,0,0,0,0,0,0,0,0,0,0,0,0,0,0,0,0,4,0,39.9744,-75.2643, , 
75834,871462,2011132870,6,67,67301,2011,11,1,1850,18,3,1,0,1,1, , ,N,5,0,0,3,0,1,3,2,N,N,39 57:58.957,75 09:38.183,1906, ,1859, ,0, ,N, ,0, , , , , , , , , ,2,1,0,0,1,0,0,0,0,0,0,1,1,0,0,0,0,0,0,0,0,0,0,0,0,0,0,0,0,0,0,0,0,0,0,4,0,39.9666,-75.1604, , 
75835,865940,2012004071,6,67,67301,2011,12,6,242,2,2,2,1,7,4, , ,N,0,0,0,3,0,0,1,1,N,N,39 53:29.557,75 14:14.009,256, ,248, ,0, ,Y, ,0, , , , , , , , , ,1,0,0,0,0,0,1,0,0,0,0,0,0,0,1,0,0,0,0,0,0,0,0,0,0,0,0,0,0,0,0,0,0,0,0,9,0,39.8915,-75.2372, , 
75836,865941,2012004898,6,67,67301,2011,12,3,2252,22,3,1,0,1,1, , ,N,7,0,2,3,0,1,4,4,N,N,40 01:13.494,75 09:15.812,2310, ,2256,1,2,1,N, ,0,Y, , , , , , , , ,4,2,0,0,0,0,1,1,0,0,1,0,1,0,0,0,0,0,0,0,1,0,0,0,0,0,0,0,0,0,0,0,0,0,0,3,0,40.0204,-75.1544, , 
75837,865979,2012004785,6,67,67301,2011,11,4,1225,12,1,2,1,4,1, , ,N,5,3,0,3,0,0,2,2,N, ,39 58:35.875,75 08:30.026,1236, ,1232, ,0, , , ,3, , , , , , , , , ,2,2,0,0,0,0,0,0,0,0,0,0,0,0,1,0,0,0,0,0,0,0,0,0,0,0,0,0,0,0,0,0,0,0,0,9,0,39.9766,-75.1417, , 
75838,865980,2012004860,6,67,67301,2011,12,6,2230,22,3,1,0,6,1, , ,N,1,2,0,3,0,1,6,2,N,N,40 02:11.893,75 03:51.603,2231, ,2231,1,2,1,N, ,3,Y, , , , , , , , ,2,2,0,0,0,0,0,0,0,0,0,1,1,0,0,0,0,0,0,1,0,0,0,1,0,0,0,0,0,0,0,0,0,0,0,4,0,40.0366,-75.0645, , 
75839,866003,2011095508,6,67,67301,2011,8,2,1330,13,1,1,0,4,1, , ,N,2,3,0,3,0,1,3,2,N,N,39 56:41.910,75 09:06.080,1338, ,1334,1,1,2,N, ,3,N, , , , , , , , ,1,1,0,0,0,0,0,0,1,0,0,1,1,0,0,0,0,0,0,0,0,1,0,0,0,0,0,0,0,0,0,0,0,0,0,4,0,39.945,-75.1517, , 
75840,866022,2011134669,6,67,67301,2011,11,6,1025,10,1,1,0,1,1, , ,N,1,2,0,3,0,0,3,2,N,N,39 58:02.388,75 14:44.990,9, ,207, ,0, ,N, ,3, , , , , , , , , ,2,2,0,0,0,0,0,0,0,0,0,0,0,0,1,0,0,0,0,0,0,0,0,0,0,0,0,0,0,0,0,0,0,0,0,9,0,39.9673,-75.2457, , 
75841,866025,2012002047,6,67,67301,2011,12,4,2031,20,3,2,1,4,1, , ,N,1,2,0,3,0,2,2,2,N,N,39 58:02.768,75 10:46.516,2049, ,2046, ,0, ,N, ,2, , , , , , , , , ,2,2,0,0,0,0,0,0,0,0,0,2,2,0,0,0,0,0,0,0,1,0,0,0,0,0,0,0,0,0,0,0,0,0,0,4,0,39.9675,-75.1799, , 
75842,866027,2012002533,6,67,67301,2011,11,3,1325,13,1,2,1,2,1, , ,N,1,2,0,3,0,2,4,2,N,N,40 02:34.004,75 06:48.689,1328, ,1326,1,1,2,N, ,1,Y, , , , , , , , ,2,1,0,0,0,0,1,0,0,0,0,2,2,0,0,0,0,0,0,0,0,0,0,2,0,0,0,0,0,0,0,0,0,0,0,4,0,40.0428,-75.1135, , 
75843,866028,2012023488,6,67,67301,2011,11,5,1330,13,1,1,0,8,1, , ,N,0,0,0,3,0,1,2,2,N,N,40 03:27.217,75 03:10.646,0, ,0, ,0, ,N, ,0, , , , , , , , , ,1,0,0,0,0,0,0,0,0,0,0,0,1,1,1,0,0,0,0,0,0,0,0,0,0,0,0,0,0,0,0,0,1,0,0,8,0,40.0575,-75.053, , 
75844,866042,2011122824,6,67,67301,2011,11,3,757,7,1,1,0,1,1, , ,N,3,0,0,3,0,2,4,2,N, ,40 00:32.006,75 11:38.251,800, ,757, ,0, , , ,0, , , , , , , , , ,2,1,0,0,0,0,0,1,0,0,0,0,2,2,2,0,0,0,0,0,0,0,0,0,0,0,0,0,0,0,0,0,0,0,0,8,0,40.0089,-75.194, , 
75845,866048,2011106111,6,67,67301,2011,9,2,1500,15,1,1,0,5,6, , ,N,0,0,0,3,0,1,2,2,N,N,39 57:09.498,75 11:26.547,1505, ,1502, ,0, ,N, ,0, , , , , , , , , ,1,0,0,0,0,0,1,0,1,0,0,1,1,0,0,0,0,0,0,0,0,0,0,0,0,0,0,0,0,0,0,0,0,0,0,4,0,39.9526,-75.1907, , 
75846,866057,2011115423,6,67,67301,2011,10,3,1228,12,1,1,0,8,2, , ,N,0,0,0,3,0,1,2,2,N, ,39 58:35.850,75 15:08.179,1245, ,1235, ,0, , , ,0, , , , , , , , , ,1,1,0,0,0,0,0,0,0,0,0,0,1,1,0,0,0,0,0,0,0,0,1,1,0,0,0,0,0,0,0,0,1,0,0,8,0,39.9766,-75.2523, , 