objectid_1,objectid,crn,district,county,municipality,crash_year,crash_month,day_of_week,time_of_day,hour_of_day,illumination,weather,road_condition,collision_type,relation_to_road,work_zone_type,work_zone_loc,work_zone_ind,intersect_type,tcd_type,location_type,urban_rural,fatal_count,injury_count,person_count,total_units,sch_bus_ind,sch_zone_ind,latitude,longitude,arrival_tm,cons_zone_spd_lim,dispatch_tm,est_hrs_closed,lane_closed,ln_close_dir,ntfy_hiwy_maint,spec_juris_cd,tcd_func_cd,tfc_detour_ind,workers_pres,wz_close_detour,wz_flagger,wz_law_offcr_ind,wz_ln_closure,wz_moving,wz_other,wz_shlder_mdn,vehicle_count,automobile_count,motorcycle_count,bus_count,small_truck_count,heavy_truck_count,suv_count,van_count,bicycle_count,maj_inj_count,mod_inj_count,min_inj_count,tot_inj_count,unk_inj_deg_count,unk_inj_per_count,driver_count_16yr,driver_count_17yr,driver_count_18yr,driver_count_19yr,driver_count_20yr,driver_count_50_64yr,driver_count_65_74yr,driver_count_75plus,unbelted_occ_count,unb_death_count,unb_maj_inj_count,belted_death_count,belted_maj_inj_count,mcycle_death_count,mcycle_maj_inj_count,bicycle_death_count,bicycle_maj_inj_count,ped_count,ped_death_count,ped_maj_inj_count,max_severity_level,comm_veh_count,dec_lat,dec_long,rdwy_surf_type_cd,county_name
75914,868638,2011108838,6,67,67301,2011,9,6,1325,13,1,2,1,8,1, , ,N,2,0,0,3,0,1,2,2,N,N,40 03:19.559,75 09:29.848,1339, ,1338, ,0, ,N, ,0, , , , , , , , , ,1,1,0,0,0,0,0,0,0,0,0,1,1,0,0,0,0,0,0,0,0,0,0,0,0,0,0,0,0,0,0,0,1,0,0,4,0,40.0554,-75.1583, , 
75915,868653,2011115366,6,67,67301,2011,9,6,1150,11,1,1,0,2,4, , ,N,2,0,0,3,0,1,1,4,N,N,40 01:26.757,75 04:32.112,1155, ,1150,3,2,1, , ,0,Y, , , , , , , , ,3,3,0,0,0,0,0,0,0,0,0,0,1,1,0,0,0,0,0,0,0,0,0,0,0,0,0,0,0,0,0,0,0,0,0,8,0,40.0241,-75.0756, , 
75916,868677,2011112345,6,67,67301,2011,10,4,1210,12,1,1,0,1,1, , ,N,1,2,0,3,0,5,5,2,N,N,40 00:30.567,75 05:29.407,1231, ,1230, ,0, ,N, ,3, , , , , , , , , ,2,1,0,0,1,0,0,0,0,0,0,0,5,5,0,0,0,0,0,0,0,0,0,0,0,0,0,0,0,0,0,0,0,0,0,8,0,40.0085,-75.0915, , 
75917,868709,2012004895,6,67,67301,2011,12,1,1345,13,1,1,0,4,1, , ,N,1,3,0,3,0,3,4,2,N,N,40 00:16.686,75 08:14.798,1406, ,1351, ,0, ,N, ,3, , , , , , , , , ,2,2,0,0,0,0,0,0,0,0,1,2,3,0,1,0,0,0,0,0,1,0,0,0,0,0,0,0,0,0,0,0,0,0,0,3,0,40.0046,-75.1374, , 
75918,868710,2011112159,6,67,67301,2011,10,7,2013,20,3,1,0,6,1, , ,N,1,3,0,3,0,1,3,3,N,N,39 56:29.529,75 09:20.401,2020, ,2015, ,0, ,N, ,9, , , , , , , , , ,3,3,0,0,0,0,0,0,0,0,0,1,1,0,0,0,0,0,1,0,1,0,0,0,0,0,0,0,0,0,0,0,0,0,0,4,0,39.9415,-75.1557, , 
75919,868732,2011134930,6,67,67301,2011,12,5,2252,22,3,2,1,7,3, , ,N,0,0,0,3,0,0,2,2,N,N,40 02:48.733,75 00:03.743,2323, ,2255,1,1,2,N, ,0,N, , , , , , , , ,2,1,0,0,0,0,1,0,0,0,0,0,0,0,0,0,0,0,0,0,0,0,0,0,0,0,0,0,0,0,0,0,0,0,0,0,0,40.0469,-75.001, , 
75920,868734,2012022568,6,67,67301,2011,7,7,2145,21,6,9,8,1,1, , ,N,1,2,0,3,0,1,4,3, , ,39 58:30.781,75 11:41.713,0, ,0, ,0, , , ,3, , , , , , , , , ,3,3,0,0,0,0,0,0,0,0,1,0,1,0,0,0,0,0,0,0,1,0,0,0,0,0,0,0,0,0,0,0,0,0,0,3,0,39.9751,-75.195, , 
75921,868755,2013029607,6,67,67301,2011,6,6,2125,21,3,1,0,5,1, , ,N,0,0,0,3,0,0,2,2,N,N,39 57:31.407,75 11:21.138,2131, ,2130, ,0, ,N, ,0, , , , , , , , , ,2,2,0,0,0,0,0,0,0,0,0,0,0,0,0,0,0,0,0,0,0,0,0,0,0,0,0,0,0,0,0,0,0,0,0,0,0,39.9587,-75.1892, , 
75922,868767,2011132764,6,67,67301,2011,11,6,2102,21,3,1,0,8,1, , ,N,1,2,0,3,0,1,2,2,N, ,39 58:41.837,75 14:46.077,2113, ,2104,1,1,2, , ,3,N, , , , , , , , ,1,1,0,0,0,0,0,0,0,0,0,0,1,1,1,0,0,0,0,0,0,0,0,1,0,0,0,0,0,0,0,0,1,0,0,8,0,39.9783,-75.2461, , 
75923,868770,2011134781,6,67,67301,2011,12,2,1535,15,1,1,0,2,1, , ,N,1,2,0,3,0,0,3,3,N,N,40 01:53.934,75 12:27.524,1545, ,1539, ,0, ,N, ,1, , , , , , , , , ,3,3,0,0,0,0,0,0,0,0,0,0,0,0,0,0,0,0,0,0,1,1,1,0,0,0,0,0,0,0,0,0,0,0,0,0,0,40.0316,-75.2076, , 
75924,868773,2012007904,6,67,67301,2011,12,4,2044,20,3,2,1,4,1, , ,N,1,3,0,3,0,1,3,2,N, ,39 58:59.102,75 07:38.636,2100, ,2055, ,0, , , ,3, , , , , , , , , ,2,2,0,0,0,0,0,0,0,0,0,1,1,0,0,0,0,0,0,0,0,0,0,0,0,0,0,0,0,0,0,0,0,0,0,4,0,39.9831,-75.1274, , 
75925,871614,2011134785,6,67,67301,2011,11,4,2015,20,3,1,0,2,1, , ,N,2,2,0,3,0,3,4,2,N,N,39 57:27.565,75 10:27.159,2015, ,2015, ,0, ,N, ,3, , , , , , , , , ,2,1,0,0,0,0,1,0,0,0,0,0,3,3,0,0,0,0,0,0,0,0,0,0,0,0,0,0,0,0,0,0,0,0,0,8,0,39.9577,-75.1742, , 
75926,871617,2012004990,6,67,67301,2011,12,5,9999,99,3,1,0,1,1, , ,N,0,0,0,3,0,1,2,2,N,N,40 02:14.527,75 03:11.895,2004, ,2001, ,0, ,N, ,0, , , , , , , , , ,2,2,0,0,0,0,0,0,0,0,0,0,1,1,0,0,0,0,0,0,1,0,0,1,0,0,0,0,0,0,0,0,0,0,0,8,0,40.0374,-75.0533, , 
75927,871619,2012023018,6,67,67301,2011,11,4,1600,16,1,1,0,4,1, , ,N,1,2,0,3,0,1,2,2,N,N,39 56:23.373,75 12:40.931,0, ,0, ,0, ,N, ,3, , , , , , , , , ,2,1,0,0,1,0,0,0,0,0,1,0,1,0,0,0,0,0,0,1,0,0,0,0,0,0,0,0,0,0,0,0,0,0,0,3,0,39.9412,-75.2094, , 
75928,871620,2012023883,6,67,67301,2011,11,3,1330,13,1,1,0,5,1, , ,N,0,0,0,3,0,1,2,2, , ,39 57:32.248,75 10:09.622,0, ,0, ,0, , , ,0, , , , , , , , , ,2,0,0,0,1,0,0,0,0,0,0,1,1,0,0,0,0,0,0,0,0,0,0,0,0,0,0,0,0,0,0,0,0,0,0,4,0,39.959,-75.1693, , 
75929,871627,2011118216,6,67,67301,2011,10,2,1150,11,1,1,0,4,1, , ,N,0,0,0,3,0,4,4,2,N,N,39 56:17.782,75 09:19.101,1200, ,1150, ,0, , , ,0, , , , , , , , , ,2,2,0,0,0,0,0,0,0,4,0,0,4,0,0,0,0,0,0,0,1,0,0,2,0,2,0,2,0,0,0,0,0,0,0,2,0,39.9383,-75.1553, , 
75930,871636,2012004876,6,67,67301,2011,12,5,645,6,1,1,0,7,5, , ,N,0,0,0,3,0,1,1,1,N,N,40 04:55.112,74 57:50.403,706, ,701, ,0, ,N, ,0, , , , , , , , , ,1,1,0,0,0,0,0,0,0,0,0,1,1,0,0,0,0,0,0,0,0,0,0,0,0,0,0,0,0,0,0,0,0,0,0,4,0,40.082,-74.964, , 
75931,871646,2011122242,6,67,67301,2011,10,7,38,0,3,1,0,1,1, , ,N,0,0,0,3,0,0,4,3,N,N,39 56:31.937,75 11:38.037,46, ,39,2,2,3,N, ,0,Y, , , , , , , , ,3,3,0,0,0,0,0,0,0,0,0,0,0,0,0,0,0,0,0,0,1,0,0,0,0,0,0,0,0,0,0,0,0,0,0,0,0,39.9408,-75.1953, , 
75932,871659,2012010070,6,67,67301,2011,12,4,1800,18,3,2,1,4,1, , ,N,1,0,0,3,0,1,2,2,N,N,39 58:02.337,75 10:26.355,1813, ,1811, ,0, ,N, ,0, , , , , , , , , ,1,1,0,0,0,0,0,0,1,0,0,0,1,1,0,0,0,0,0,0,0,0,0,0,0,0,0,0,0,0,0,0,0,0,0,8,0,39.9673,-75.174, , 
75933,871660,2012012632,6,67,67301,2011,11,3,1708,17,3,2,1,4,1, , ,N,0,0,0,3,0,1,3,2,N,N,39 57:07.494,75 09:39.856,1710, ,1708,9,2,7,N, ,0,Y, , , , , , , , ,1,1,0,0,0,0,0,0,1,0,1,0,1,0,0,0,0,0,0,0,0,0,0,0,0,0,0,0,0,0,0,0,0,0,0,3,0,39.9521,-75.1611, , 
75934,871680,2012001982,6,67,67301,2011,12,5,730,7,3,1,0,4,1, , ,N,1,3,0,3,0,1,2,2,N,Y,40 02:36.265,75 01:47.270,9999, ,1119, ,0, , , ,3, , , , , , , , , ,1,1,0,0,0,0,0,0,1,0,1,0,1,0,0,0,0,0,0,0,0,0,0,0,0,0,0,0,0,0,0,0,0,0,0,3,0,40.0434,-75.0298, , 
75935,871682,2012036786,6,67,67301,2011,3,6,1650,16,1,1,0,0,1, , ,N,1,2,0,3,0,1,3,1,N,N,39 59:52.789,75 07:31.478,1708, ,1703, ,0, ,N, ,3, , , , , , , , , ,1,0,0,1,0,0,0,0,0,0,0,0,1,1,0,0,0,0,0,0,0,0,0,0,0,0,0,0,0,0,0,0,0,0,0,8,1,39.998,-75.1254, , 
75936,871706,2011132722,6,67,67301,2011,11,6,1230,12,1,1,0,4,1, , ,N,2,2,0,3,0,2,2,2,N,N,40 04:39.117,75 02:37.534,1255, ,1243, ,0, ,N, ,3, , , , , , , , , ,2,2,0,0,0,0,0,0,0,0,0,1,2,1,0,0,0,0,0,0,0,0,1,0,0,0,0,0,0,0,0,0,0,0,0,4,0,40.0775,-75.0438, , 
75937,871714,2012002033,6,67,67301,2011,12,5,743,7,1,1,0,4,1, , ,N,1,2,0,3,0,1,2,2,N,N,40 04:26.624,75 11:27.147,755, ,752,2,1,2,N, ,3,N, , , , , , , , ,2,2,0,0,0,0,0,0,0,0,0,0,1,1,0,0,0,0,0,0,0,1,0,0,0,0,0,0,0,0,0,0,0,0,0,8,0,40.0741,-75.1909, , 
75938,871716,2012012647,6,67,67301,2011,12,4,1200,12,1,1,0,1,1, , ,N,2,2,0,3,0,0,2,2,N,N,39 57:03.164,75 14:57.197,1405, ,1400, ,0, ,N, ,3, , , , , , , , , ,2,2,0,0,0,0,0,0,0,0,0,0,0,0,0,0,0,0,0,0,0,0,0,2,0,0,0,0,0,0,0,0,0,0,0,0,0,39.9509,-75.2492, , 
75939,871725,2011107344,6,67,67301,2011,10,4,724,7,1,2,1,1,1, , ,N,0,0,0,3,0,0,3,2,N,N,40 03:05.562,74 59:21.192,806, ,744, ,0, ,N, ,0, , , , , , , , , ,2,0,0,0,0,1,0,1,0,0,0,0,0,0,0,0,0,0,0,0,0,0,0,0,0,0,0,0,0,0,0,0,0,0,0,0,1,40.0516,-74.9892, , 
75940,871749,2012002015,6,67,67301,2011,11,4,2029,20,3,1,0,8,1, , ,N,1,3,0,3,0,1,3,2,N,N,40 02:27.560,75 09:14.713,2031, ,2030, ,0, ,N, ,3, , , , , , , , , ,1,1,0,0,0,0,0,0,0,0,0,1,1,0,0,0,0,0,0,0,0,0,0,0,0,0,0,0,0,0,0,0,1,0,0,4,0,40.041,-75.1541, , 
75941,871750,2012002138,6,67,67301,2011,12,7,1745,17,2,1,0,4,1, , ,N,1,3,0,3,0,1,2,2,N,N,39 56:31.282,75 10:03.298,1755, ,1745, ,0, ,N, ,3, , , , , , , , , ,1,1,0,0,0,0,0,0,1,0,0,1,1,0,0,0,0,0,0,0,0,1,0,0,0,0,0,0,0,0,0,0,0,0,0,4,0,39.942,-75.1676, , 
75942,871751,2012004865,6,67,67301,2011,12,7,9999,99,3,1,0,4,1, , ,N,1,2,0,3,0,0,5,2,N,N,40 02:11.789,75 03:52.061,1835, ,1830, ,0, , , ,3, , , , , , , , , ,2,2,0,0,0,0,0,0,0,0,0,0,0,0,0,0,1,0,0,1,0,0,0,0,0,0,0,0,0,0,0,0,0,0,0,0,0,40.0366,-75.0645, , 
75943,866266,2011090703,6,67,67301,2011,9,4,43,0,3,2,1,7,4, , ,N,0,0,0,3,0,1,1,1,N,N,39 55:53.439,75 11:58.802,109, ,48, ,0, ,Y, ,0, , , , , , , , , ,1,0,0,0,0,1,0,0,0,0,0,1,1,0,0,0,0,0,0,0,0,0,0,0,0,0,0,0,0,0,0,0,0,0,0,4,1,39.9315,-75.1997, , 
75944,866273,2011101632,6,67,67301,2011,9,4,1145,11,1,1,0,8,9, , ,N,0,0,0,3,0,1,2,2,N,N,40 01:32.304,75 01:38.049,9999, ,9999, ,0, , , ,0, , , , , , , , , ,1,0,0,0,0,1,0,0,0,0,1,0,1,0,0,0,0,0,0,0,1,0,0,0,0,0,0,0,0,0,0,0,1,0,0,3,1,40.0256,-75.0272, , 
75945,866289,2012018307,6,67,67301,2011,2,3,800,8,1,1,0,1,1, , ,N,1,2,0,3,0,1,2,2, , ,40 01:45.094,75 07:21.831,0, ,0, ,0, , , ,3, , , , , , , , , ,2,1,0,0,0,0,1,0,0,0,0,0,1,1,0,0,0,0,0,0,0,0,0,0,0,0,0,0,0,0,0,0,0,0,0,8,0,40.0292,-75.1227, , 
75946,866291,2012023525,6,67,67301,2011,12,3,1215,12,1,1,0,4,1, , ,N,0,0,0,3,0,1,2,2,N,N,40 00:32.800,75 04:02.091,0, ,0, ,0, ,N, ,0, , , , , , , , , ,2,2,0,0,0,0,0,0,0,0,0,0,1,1,1,0,0,0,0,0,1,0,0,1,0,0,0,0,0,0,0,0,0,0,0,8,0,40.0091,-75.0674, , 
75947,866292,2012104065,6,67,67301,2011,11,5,1315,13,1,1,0,4,1, , ,N,1,2,0,3,0,1,3,2,N,N,40 00:07.592,75 07:57.262,1318, ,1315, ,0, ,N, ,3, , , , , , , , , ,2,2,0,0,0,0,0,0,0,0,0,0,1,1,0,0,0,0,0,0,0,0,0,3,0,0,0,0,0,0,0,0,0,0,0,8,0,40.0021,-75.1326, , 
75948,866303,2011115824,6,67,67301,2011,11,5,52,0,3,1,0,5,1, , ,N,0,0,0,3,0,1,4,2,N,N,39 59:04.942,75 05:42.025,59, ,55, ,0, ,N, ,0, , , , , , , , , ,2,2,0,0,0,0,0,0,0,0,0,1,1,0,0,0,0,0,0,0,0,0,0,0,0,0,0,0,0,0,0,0,0,0,0,4,0,39.9846,-75.0951, , 
75949,866317,2011134740,6,67,67301,2011,12,1,1415,14,1,1,0,7,4, , ,N,1,0,0,3,0,1,2,1,N,N,40 00:25.549,75 05:38.543,1423, ,1418,1,1,2,N, ,0,N, , , , , , , , ,1,0,0,0,1,0,0,0,0,0,0,1,1,0,0,0,0,0,0,0,0,0,0,0,0,0,0,0,0,0,0,0,0,0,0,4,0,40.0071,-75.094, , 
75950,866321,2012021386,6,67,67301,2011,12,2,925,9,1,1,0,4,1, , ,N,1,2,0,3,0,1,2,2,N,N,39 58:02.290,75 07:44.188,935, ,930, ,0, ,N, ,3, , , , , , , , , ,2,2,0,0,0,0,0,0,0,0,0,0,1,1,0,0,0,0,0,0,0,0,0,2,0,0,0,0,0,0,0,0,0,0,0,8,0,39.9673,-75.1289, , 
75951,866327,2011126360,6,67,67301,2011,11,5,1400,14,1,1,0,8,1, , ,N,1,3,0,3,0,1,2,2,N,N,40 02:20.241,75 09:40.683,1645, ,1645, ,0, ,N, ,3, , , , , , , , , ,1,1,0,0,0,0,0,0,0,0,0,1,1,0,0,0,0,0,0,0,0,0,0,0,0,0,0,0,0,0,0,0,1,0,0,4,0,40.039,-75.1613, , 
75952,866346,2012002002,6,67,67301,2011,11,4,900,9,1,1,0,1,1, , ,N,0,8,0,3,0,1,3,3,N,N,40 01:08.095,75 09:54.660,905, ,904,2,2,4,N, ,3,N, , , , , , , , ,3,2,0,0,0,0,1,0,0,0,1,0,1,0,0,0,0,0,0,0,1,0,0,0,0,0,0,0,0,0,0,0,0,0,0,3,0,40.0189,-75.1652, , 
75953,866349,2012009964,6,67,67301,2011,12,1,401,4,3,1,1,1,1, , ,N,0,0,0,3,0,2,2,4,N,N,39 56:53.371,75 13:16.829,402, ,402,9,2,6,N, ,0,N, , , , , , , , ,3,2,0,0,1,0,0,0,0,0,2,0,2,0,0,0,0,0,0,0,0,0,0,0,0,0,0,0,0,0,0,0,0,0,0,3,0,39.9482,-75.2213, , 
75954,866350,2012010112,6,67,67301,2011,12,2,828,8,1,1,0,8,1, , ,N,1,2,0,3,0,1,3,2,N,N,40 02:06.975,75 07:17.098,831, ,830, ,0, ,N, ,3, , , , , , , , , ,1,0,0,0,0,0,1,0,0,1,0,0,1,0,0,0,0,0,0,0,1,0,0,0,0,0,0,0,0,0,0,0,1,0,1,2,0,40.0353,-75.1214, , 
75955,866356,2011132875,6,67,67301,2011,11,6,1215,12,1,1,0,7,4, , ,N,2,2,0,3,0,1,3,2,N,N,39 59:53.654,75 11:15.510,1223, ,1220, ,0, ,N, ,3, , , , , , , , , ,2,2,0,0,0,0,0,0,0,0,0,0,1,1,0,0,1,0,0,0,1,0,0,0,0,0,0,0,0,0,0,0,0,0,0,8,0,39.9982,-75.1876, , 
75956,866357,2012002130,6,67,67301,2011,12,1,1120,11,1,1,0,4,1, , ,N,1,2,0,3,0,2,3,2,N,N,40 02:06.568,75 08:41.251,1125, ,1120, ,0, ,N, ,3, , , , , , , , , ,2,1,0,0,0,0,1,0,0,0,0,2,2,0,0,0,0,0,0,0,0,0,0,1,0,0,0,0,0,0,0,0,0,0,0,4,0,40.0352,-75.1448, , 
75957,866379,2012002010,6,67,67301,2011,12,4,700,7,1,1,0,5,6, , ,N,0,0,0,3,0,0,4,5,Y,N,39 58:34.930,75 11:10.999,716, ,700, ,0, ,N, ,0, , , , , , , , , ,5,2,0,1,1,0,1,0,0,0,0,0,0,0,4,0,0,0,0,0,0,0,0,0,0,0,0,0,0,0,0,0,0,0,0,9,1,39.9764,-75.1864, , 
75958,866381,2012004256,6,67,67301,2011,12,1,1715,17,3,1,0,7,5, , ,N,0,0,0,3,0,1,1,1,N,N,39 59:05.210,75 08:40.000,1715, ,1715, ,0, ,N, ,0, , , , , , , , , ,1,1,0,0,0,0,0,0,0,0,0,0,1,1,0,0,0,0,0,0,0,0,0,1,0,0,0,0,0,0,0,0,0,0,0,8,0,39.9848,-75.1444, , 
75959,866389,2011090420,6,67,67301,2011,7,3,2158,21,3,1,0,8,1, , ,N,1,0,0,3,0,1,2,2,N,N,40 05:29.551,75 03:23.446,2204, ,2200,2,1,4,N, ,0,Y, , , , , , , , ,1,1,0,0,0,0,0,0,0,0,0,0,1,1,1,0,1,0,0,0,0,0,0,1,0,0,0,0,0,0,0,0,1,0,0,8,0,40.0915,-75.0565, , 
75960,866390,2011090546,6,67,67301,2011,7,7,1056,10,1,1,0,2,1, , ,N,0,0,0,3,0,1,4,2,N,N,39 58:49.141,75 14:27.830,1120, ,1112, ,0, ,N, ,0, , , , , , , , , ,2,1,0,0,0,0,1,0,0,0,0,1,1,0,0,0,0,0,0,0,0,0,0,0,0,0,0,0,0,0,0,0,0,0,0,4,0,39.9803,-75.2411, , 
75961,868775,2012018293,6,67,67301,2011,4,3,1220,12,1,1,0,1,1, , ,N,7,0,2,3,0,2,3,2,N,N,40 00:23.138,75 11:35.350,0, ,0, ,0, ,N, ,0, , , , , , , , , ,2,1,0,0,0,0,0,0,0,0,2,0,2,0,0,0,0,0,0,0,0,0,0,0,0,0,0,0,0,0,0,0,0,0,0,3,0,40.007,-75.1996, , 
75962,868789,2011132768,6,67,67301,2011,11,6,1154,11,1,1,0,4,1, , ,N,1,0,0,3,0,0,3,2,N,N,40 01:38.150,75 07:57.039,1154, ,1154, ,0, ,N, ,0, , , , , , , , , ,2,2,0,0,0,0,0,0,0,0,0,0,0,0,0,0,0,0,0,0,1,0,0,0,0,0,0,0,0,0,0,0,0,0,0,0,0,40.0273,-75.1325, , 
75963,868795,2012004824,6,67,67301,2011,12,3,250,2,3,1,0,7,5, , ,N,0,2,0,3,0,0,3,2,N,N,39 58:57.723,75 11:18.110,255, ,254,2,1,2,N, ,2,N, , , , , , , , ,1,1,0,0,0,0,0,0,0,0,0,0,0,0,0,0,0,0,0,0,0,0,0,0,0,0,0,0,0,0,0,0,0,0,0,0,0,39.9827,-75.1884, , 
75964,868798,2012004274,6,67,67301,2011,12,6,2200,22,3,1,0,1,1, , ,N,1,2,0,3,0,2,3,2,N,N,40 01:00.896,75 08:58.458,2212, ,2209, ,0, ,N, ,3, , , , , , , , , ,2,2,0,0,0,0,0,0,0,0,0,0,2,2,0,0,0,0,0,0,0,0,0,0,0,0,0,0,0,0,0,0,0,0,0,8,0,40.0169,-75.1495, , 
75965,868800,2012022591,6,67,67301,2011,12,7,1211,12,1,1,0,7,5, , ,N,0,0,7,3,0,1,1,1,N,N,39 54:46.330,75 13:27.910,1221, ,1216, ,0, ,N, ,0, , , , , , , , , ,1,0,0,0,0,0,1,0,0,0,0,0,1,1,0,0,0,0,0,0,0,0,0,0,0,0,0,0,0,0,0,0,0,0,0,8,0,39.9129,-75.2244, , 
75966,868801,2011126463,6,67,67301,2011,11,7,1115,11,1,1,0,1,1, , ,N,1,2,0,3,0,0,3,2,N,N,40 03:11.939,75 04:10.792,1122, ,1120, ,0, ,N, ,3, , , , , , , , , ,2,2,0,0,0,0,0,0,0,0,0,0,0,0,1,0,0,0,0,0,0,0,0,0,0,0,0,0,0,0,0,0,0,0,0,9,0,40.0533,-75.0698, , 
75967,868806,2012001977,6,67,67301,2011,12,7,600,6,3,1,0,5,1, , ,N,0,3,0,3,0,0,1,2,N,N,39 58:44.804,75 14:56.348,613, ,600, ,0, ,N, ,3, , , , , , , , , ,2,2,0,0,0,0,0,0,0,0,0,0,0,0,1,0,0,0,0,0,0,0,0,0,0,0,0,0,0,0,0,0,0,0,0,9,0,39.9791,-75.249, , 
75968,868824,2011132647,6,67,67301,2011,11,2,1620,16,1,1,0,1,1, , ,N,2,2,0,3,0,1,2,2,N,N,39 56:45.926,75 11:54.625,0, ,24, ,0, ,N, ,3, , , , , , , , , ,2,1,0,0,1,0,0,0,0,0,0,0,1,1,1,0,0,0,0,0,0,0,0,0,0,0,0,0,0,0,0,0,0,0,0,8,0,39.9461,-75.1985, , 
75969,868830,2012002748,6,67,67301,2011,11,4,2,0,6,1,0,5,1, , ,N,0,0,0,3,0,1,1,2,N,N,39 59:03.037,75 12:29.998,9, ,3,2,1,3,N, ,0,N, , , , , , , , ,2,1,0,0,0,0,0,0,0,0,0,0,1,1,0,0,0,1,0,0,0,0,0,0,0,0,0,0,0,0,0,0,0,0,0,8,0,39.9842,-75.2083, , 
75970,868831,2012010019,6,67,67301,2011,12,4,1854,18,3,2,1,4,1, , ,N,1,3,0,3,0,2,4,2,N,N,40 00:33.166,75 09:28.054,1919, ,1914, ,0, ,N, ,3, , , , , , , , , ,2,2,0,0,0,0,0,0,0,0,0,0,2,2,0,0,0,0,0,0,1,0,0,0,0,0,0,0,0,0,0,0,0,0,0,8,0,40.0092,-75.1578, , 
75971,868832,2012023896,6,67,67301,2011,12,1,1340,13,1,1,0,8,1, , ,N,0,0,0,3,0,1,2,2,N,N,40 00:35.658,75 08:30.793,0, ,0, ,0, ,N, ,0, , , , , , , , , ,1,1,0,0,0,0,0,0,0,0,0,0,1,1,1,0,0,0,0,0,0,0,0,0,0,0,0,0,0,0,0,0,1,0,0,8,0,40.0099,-75.1419, , 
75972,868861,2012004910,6,67,67301,2011,12,5,1335,13,1,2,1,1,1, , ,N,1,2,0,3,0,2,2,2,N,N,40 02:00.712,75 05:07.191,1335, ,1335, ,0, ,N, ,3, , , , , , , , , ,2,0,0,0,2,0,0,0,0,0,0,0,2,2,0,0,0,0,0,0,2,0,0,0,0,0,0,0,0,0,0,0,0,0,0,8,0,40.0335,-75.0853, , 
75973,868862,2011108899,6,67,67301,2011,9,6,2035,20,3,2,1,5,1, , ,N,1,2,0,3,0,1,2,2,N,N,39 58:30.316,75 11:41.875,2056, ,2044, ,0, ,N, ,3, , , , , , , , , ,1,1,0,0,0,0,0,0,1,0,0,1,1,0,0,0,0,0,0,0,0,0,0,0,0,0,0,0,0,0,0,0,0,0,0,4,0,39.9751,-75.195, , 
75974,868891,2011095471,6,67,67301,2011,8,1,9999,99,1,2,1,4,1, , ,N,1,3,0,3,0,3,5,2,N,N,39 55:06.859,75 13:57.064,1916, ,9999, ,0, ,N, ,3, , , , , , , , , ,2,2,0,0,0,0,0,0,0,0,0,0,3,3,2,0,1,0,0,0,0,0,0,1,0,0,0,0,0,0,0,0,0,0,0,8,0,39.9186,-75.2325, , 
75975,868894,2012001995,6,67,67301,2011,11,2,1745,17,3,1,0,1,1, , ,N,0,0,0,3,0,1,2,2,N,N,40 04:04.699,75 10:48.530,1800, ,1800, ,0, ,N, ,0, , , , , , , , , ,2,1,0,0,0,0,1,0,0,0,0,1,1,0,0,0,0,0,0,0,1,0,0,0,0,0,0,0,0,0,0,0,0,0,0,4,0,40.068,-75.1801, , 
75976,868896,2012004970,6,67,67301,2011,12,7,1600,16,1,1,0,1,6, , ,N,0,0,0,3,0,1,1,2,N,N,39 58:18.519,75 14:27.945,1650, ,1630, ,0, ,N, ,0, , , , , , , , , ,2,2,0,0,0,0,0,0,0,0,0,0,1,1,0,0,0,0,0,0,0,0,0,0,0,0,0,0,0,0,0,0,0,0,0,8,0,39.9718,-75.2411, , 
75977,868906,2011095504,6,67,67301,2011,8,2,649,6,1,1,0,4,1, , ,N,0,0,0,3,0,0,2,2,N,N,40 01:45.806,75 06:15.503,715, ,703,1,1,3,N, ,0,N, , , , , , , , ,2,2,0,0,0,0,0,0,0,0,0,0,0,0,0,0,0,0,0,0,0,0,0,0,0,0,0,0,0,0,0,0,0,0,0,0,0,40.0294,-75.1043, , 
75978,868927,2011126402,6,67,67301,2011,11,5,1940,19,3,2,1,8,1, , ,N,5,2,0,3,0,1,3,2,N, ,40 00:13.178,75 10:08.095,1955, ,1945, ,0, , , ,3, , , , , , , , , ,1,1,0,0,0,0,0,0,0,0,0,1,1,0,0,0,0,0,0,0,0,0,0,0,0,0,0,0,0,0,0,0,1,0,0,4,0,40.0037,-75.1689, , 
75979,868938,2012004267,6,67,67301,2011,12,3,1810,18,3,2,1,1,1, , ,N,2,2,0,3,0,2,5,3,N,N,40 05:59.597,75 00:29.385,1821, ,1810,1,1,1,N, ,3,N, , , , , , , , ,3,2,0,0,0,0,1,0,0,0,0,2,2,0,0,0,0,0,0,1,0,0,0,0,0,0,0,0,0,0,0,0,0,0,0,4,0,40.0999,-75.0082, , 
75980,871759,2011115385,6,67,67301,2011,10,7,1434,14,1,1,0,4,1, , ,N,1,3,0,3,0,1,2,2,N, ,40 02:05.704,75 14:05.819,1442, ,1437, ,0, , , ,3, , , , , , , , , ,1,0,0,0,1,0,0,0,1,0,0,0,1,1,0,0,0,0,0,0,0,1,0,0,0,0,0,0,0,0,0,0,0,0,0,8,0,40.0349,-75.2349, , 