objectid_1,objectid,crn,district,county,municipality,crash_year,crash_month,day_of_week,time_of_day,hour_of_day,illumination,weather,road_condition,collision_type,relation_to_road,work_zone_type,work_zone_loc,work_zone_ind,intersect_type,tcd_type,location_type,urban_rural,fatal_count,injury_count,person_count,total_units,sch_bus_ind,sch_zone_ind,latitude,longitude,arrival_tm,cons_zone_spd_lim,dispatch_tm,est_hrs_closed,lane_closed,ln_close_dir,ntfy_hiwy_maint,spec_juris_cd,tcd_func_cd,tfc_detour_ind,workers_pres,wz_close_detour,wz_flagger,wz_law_offcr_ind,wz_ln_closure,wz_moving,wz_other,wz_shlder_mdn,vehicle_count,automobile_count,motorcycle_count,bus_count,small_truck_count,heavy_truck_count,suv_count,van_count,bicycle_count,maj_inj_count,mod_inj_count,min_inj_count,tot_inj_count,unk_inj_deg_count,unk_inj_per_count,driver_count_16yr,driver_count_17yr,driver_count_18yr,driver_count_19yr,driver_count_20yr,driver_count_50_64yr,driver_count_65_74yr,driver_count_75plus,unbelted_occ_count,unb_death_count,unb_maj_inj_count,belted_death_count,belted_maj_inj_count,mcycle_death_count,mcycle_maj_inj_count,bicycle_death_count,bicycle_maj_inj_count,ped_count,ped_death_count,ped_maj_inj_count,max_severity_level,comm_veh_count,dec_lat,dec_long,rdwy_surf_type_cd,county_name
75981,871774,2011134783,6,67,67301,2011,12,7,9999,99,3,1,0,1,1,8,8,Y,0,8,0,3,0,0,2,2,N,N,40 03:14.453,75 02:55.905,9999,99,9999,1,1,1,N, ,3,N,U,U,U,U,U,U,U,U,2,1,0,0,0,1,0,0,0,0,0,0,0,0,0,0,0,0,0,0,0,0,0,0,0,0,0,0,0,0,0,0,0,0,0,0,1,40.054,-75.0489, , 
75982,871778,2012004798,6,67,67301,2011,12,1,400,4,3,1,0,5,1, , ,N,0,0,0,3,0,1,3,5,N,N,39 55:42.423,75 09:10.116,407, ,402,3,2,4,N, ,0,Y, , , , , , , , ,5,5,0,0,0,0,0,0,0,0,0,1,1,0,0,0,0,0,0,1,0,0,0,0,0,0,0,0,0,0,0,0,0,0,0,4,0,39.9285,-75.1528, , 
75983,871779,2012010033,6,67,67301,2011,12,3,1545,15,1,1,0,1,1, , ,N,1,2,0,3,0,1,2,2,N,N,40 00:04.746,75 09:02.682,1005, ,959, ,0, , , ,2, , , , , , , , , ,2,2,0,0,0,0,0,0,0,0,0,1,1,0,1,0,0,0,0,0,0,0,0,0,0,0,0,0,0,0,0,0,0,0,0,4,0,40.0013,-75.1507, , 
75984,871780,2012010913,6,67,67301,2011,12,1,1315,13,1,1,0,1,1, , ,N,1,2,0,3,0,2,4,2,N,N,40 03:17.448,75 10:08.247,1321, ,1319, ,0, ,N, ,3, , , , , , , , , ,2,2,0,0,0,0,0,0,0,0,0,2,2,0,0,0,0,0,0,0,1,0,1,0,0,0,0,0,0,0,0,0,0,0,0,4,0,40.0548,-75.169, , 
75985,871786,2011127213,6,67,67301,2011,11,3,1757,17,2,2,1,1,1, , ,N,0,0,0,3,0,0,4,3,N,N,39 56:50.989,75 08:31.965,1757, ,1757, ,0, ,N, ,0, , , , , , , , , ,3,3,0,0,0,0,0,0,0,0,0,0,0,0,0,0,0,0,0,0,0,0,0,1,0,0,0,0,0,0,0,0,0,0,0,0,0,39.9475,-75.1422, , 
75986,871798,2012004271,6,67,67301,2011,12,4,1442,14,1,2,1,1,1, , ,N,2,3,0,3,0,3,6,5,N, ,40 02:46.220,75 00:56.590,1509, ,1456,2,1,2, , ,3,Y, , , , , , , , ,5,4,0,0,1,0,0,0,0,0,0,3,3,0,0,0,0,0,1,0,1,2,0,0,0,0,0,0,0,0,0,0,0,0,0,4,0,40.0462,-75.0157, , 
75987,871824,2011115491,6,67,67301,2011,10,3,1845,18,4,9,8,8,1, , ,N,3,0,0,3,0,1,2,2,N,N,40 01:28.956,75 09:21.661,1000, ,945, ,0, ,N, ,0, , , , , , , , , ,1,0,0,0,0,0,0,0,0,0,0,1,1,0,1,0,0,0,0,0,0,0,0,0,0,0,0,0,0,0,0,0,1,0,0,4,0,40.0247,-75.156, , 
75988,871835,2011112246,6,67,67301,2011,10,6,1420,14,1,1,0,4,1, , ,N,1,2,0,3,0,1,2,3,N,N,39 58:13.081,75 07:49.208,1430, ,1422, ,0, ,N, ,3, , , , , , , , , ,3,2,0,0,0,0,1,0,0,0,1,0,1,0,0,0,0,0,0,0,0,0,1,0,0,0,0,0,0,0,0,0,0,0,0,3,0,39.9701,-75.1304, , 
75989,871838,2011115442,6,67,67301,2011,10,3,743,7,1,1,0,5,1, , ,N,0,2,0,3,0,2,2,2,N,N,39 58:24.039,75 12:38.737,902, ,855, ,0, ,N, ,3, , , , , , , , , ,2,2,0,0,0,0,0,0,0,0,0,0,2,2,0,0,0,0,0,0,1,0,0,0,0,0,0,0,0,0,0,0,0,0,0,8,0,39.9733,-75.2108, , 
75990,871859,2012015361,6,67,67301,2011,12,4,2120,21,2,8,1,2,1, , ,N,2,2,0,3,0,1,5,2,N,N,39 57:23.057,75 12:30.428,2126, ,2124, ,0, ,N, ,3, , , , , , , , , ,2,2,0,0,0,0,0,0,0,0,0,1,1,0,0,0,1,0,0,0,0,0,0,0,0,0,0,0,0,0,0,0,0,0,0,4,0,39.9564,-75.2085, , 
75991,871871,2011126353,6,67,67301,2011,11,2,1335,13,1,1,0,4,1, , ,N,1,2,0,3,0,2,2,2,N,N,40 02:13.179,75 04:47.311,1341, ,1337, ,0, , , ,3, , , , , , , , , ,2,1,0,0,0,0,1,0,0,0,0,1,2,1,0,0,0,0,0,0,1,0,0,0,0,0,0,0,0,0,0,0,0,0,0,4,0,40.0369,-75.0798, , 
75992,871879,2011134726,6,67,67301,2011,11,2,1806,18,3,1,0,4,1, , ,N,1,3,0,3,0,4,4,2,N,N,39 57:58.759,75 14:16.205,1813, ,1811, ,0, ,N, ,3, , , , , , , , , ,2,1,0,0,0,0,1,0,0,0,0,4,4,0,0,0,0,0,0,0,0,1,0,0,0,0,0,0,0,0,0,0,0,0,0,4,0,39.9663,-75.2378, , 
75993,871902,2012001892,6,67,67301,2011,11,3,132,1,3,2,1,4,1, , ,N,2,2,0,3,0,4,4,2,N, ,40 02:12.961,75 08:42.306,135, ,135,3,1,1, , ,3,Y, , , , , , , , ,2,2,0,0,0,0,0,0,0,0,1,3,4,0,0,0,0,0,0,0,0,0,0,0,0,0,0,0,0,0,0,0,0,0,0,3,0,40.0369,-75.1451, , 
75994,871916,2011075384,6,67,67301,2011,7,6,432,4,3,1,0,7,2, , ,N,0,0,0,3,0,0,1,1,N,N,39 57:35.173,75 10:40.705,443, ,434, ,0, ,N, ,0, , , , , , , , , ,1,1,0,0,0,0,0,0,0,0,0,0,0,0,0,0,0,0,0,0,0,0,0,0,0,0,0,0,0,0,0,0,0,0,0,0,0,39.9598,-75.178, , 
75995,871928,2011089856,6,67,67301,2011,8,7,1735,17,1,2,1,7,3, , ,N,0,0,0,3,0,0,1,1,N,N,40 02:33.059,75 00:13.357,1751, ,1741, ,0, ,N, ,0, , , , , , , , , ,1,0,0,0,0,0,1,0,0,0,0,0,0,0,0,0,0,0,0,0,0,0,0,0,0,0,0,0,0,0,0,0,0,0,0,0,0,40.0425,-75.0037, , 
75996,871929,2011115254,6,67,67301,2011,10,7,10,0,3,1,0,7,2, , ,N,0,2,0,3,0,0,3,2,N,N,39 59:27.478,75 12:45.462,25, ,20, ,0, , , ,3, , , , , , , , , ,2,1,0,0,0,0,1,0,0,0,0,0,0,0,0,0,0,0,0,0,0,0,0,0,0,0,0,0,0,0,0,0,0,0,0,0,0,39.991,-75.2126, , 
75997,871930,2011115524,6,67,67301,2011,10,7,2216,22,3,2,1,5,1, , ,N,0,2,0,3,0,5,5,3,N, ,40 02:31.752,75 03:00.884,2223, ,2216,1,2,6,N, ,3,Y, , , , , , , , ,3,3,0,0,0,0,0,0,0,0,0,0,5,5,0,0,0,0,0,0,0,0,0,0,0,0,0,0,0,0,0,0,0,0,0,8,0,40.0422,-75.0502, , 
75998,866410,2011106213,6,67,67301,2011,9,6,9999,99,1,2,1,6,1, , ,N,0,0,0,3,0,1,1,2,N,N,39 55:17.983,75 08:55.104,1130, ,9999, ,0, ,N, ,0, , , , , , , , , ,2,2,0,0,0,0,0,0,0,0,0,1,1,0,0,0,0,0,0,0,1,0,0,1,0,0,0,0,0,0,0,0,0,0,0,4,0,39.9217,-75.1486, , 
75999,866414,2012004929,6,67,67301,2011,12,5,1805,18,1,1,0,4,1, , ,N,1,2,0,3,0,2,4,2,N,N,40 02:02.361,75 04:27.863,1820, ,1814,1,1,1,N, ,3,Y, , , , , , , , ,2,2,0,0,0,0,0,0,0,0,0,2,2,0,0,0,0,0,0,0,0,0,0,0,0,0,0,0,0,0,0,0,0,0,0,4,0,40.034,-75.0744, , 
76000,866415,2012009036,6,67,67301,2011,11,5,1720,17,1,1,0,8,1, , ,N,5,2,0,3,1,0,2,2, , ,40 04:07.262,75 09:24.365,1815, ,1752, ,0, , ,0,3, , , , , , , , , ,1,1,0,0,0,0,0,0,0,0,0,0,0,0,0,0,0,0,0,0,0,0,0,0,0,0,0,0,0,0,0,0,1,1,0,1,0,40.0687,-75.1568,2, 
76001,866417,2011115503,6,67,67301,2011,10,4,1828,18,3,1,0,1,1, , ,N,0,0,7,3,0,1,3,2,N,N,40 02:37.907,75 06:56.309,2147, ,1838, ,0, ,N, ,0, , , , , , , , , ,2,2,0,0,0,0,0,0,0,0,0,0,1,1,0,0,0,0,0,0,0,0,0,0,0,0,0,0,0,0,0,0,0,0,0,8,0,40.0439,-75.1156, , 
76002,866439,2011127048,6,67,67301,2011,11,6,1200,12,1,9,0,8,1, , ,N,1,3,0,3,0,1,2,2,N, ,39 55:52.932,75 11:05.920,1100, ,1100, ,0, , , ,3, , , , , , , , , ,1,1,0,0,0,0,0,0,0,0,0,0,1,1,0,0,0,0,0,0,0,0,1,0,0,0,0,0,0,0,0,0,1,0,0,8,0,39.9314,-75.185, , 
76003,866445,2011134329,6,67,67301,2011,12,6,2252,22,3,1,0,5,1, , ,N,0,0,0,3,0,0,4,2,N,N,39 58:05.735,75 11:26.378,2307, ,2307,1,2,4,N, ,0,Y, , , , , , , , ,2,2,0,0,0,0,0,0,0,0,0,0,0,0,0,0,0,0,0,0,1,0,0,0,0,0,0,0,0,0,0,0,0,0,0,0,0,39.9683,-75.1907, , 
76004,866453,2012022683,6,67,67301,2011,10,6,1710,17,4,1,0,4,1, , ,N,0,0,7,3,0,0,3,2, , ,40 00:18.980,75 10:53.087,0, ,0, ,0, , , ,0, , , , , , , , , ,2,2,0,0,0,0,0,0,0,0,0,0,0,0,1,0,0,0,0,0,1,0,0,0,0,0,0,0,0,0,0,0,0,0,0,9,0,40.0053,-75.1814, , 
76005,866462,2011115421,6,67,67301,2011,10,6,45,0,3,1,0,1,1, , ,N,1,3,0,3,0,1,2,2,N,N,40 01:34.762,75 05:17.822,200, ,147, ,0, ,N, ,3, , , , , , , , , ,2,2,0,0,0,0,0,0,0,0,1,0,1,0,0,0,0,0,0,0,0,0,0,1,0,0,0,0,0,0,0,0,0,0,0,3,0,40.0263,-75.0883, , 
76006,866484,2011100800,6,67,67301,2011,9,3,1330,13,1,1,0,8,1, , ,N,1,2,0,3,0,1,2,2,N,N,40 02:39.450,75 03:14.767,1706, ,1705, ,0, ,N, ,3, , , , , , , , , ,1,1,0,0,0,0,0,0,0,0,0,1,1,0,1,0,0,0,0,0,0,0,0,0,0,0,0,0,0,0,0,0,1,0,0,4,0,40.0443,-75.0541, , 
76007,866503,2011115422,6,67,67301,2011,10,7,1700,17,1,1,0,1,1, , ,N,2,3,0,3,0,1,5,2,N,N,40 05:13.972,75 01:19.619,1710, ,1705, ,0, ,N, ,3, , , , , , , , , ,2,1,0,0,1,0,0,0,0,0,0,1,1,0,0,0,0,0,0,0,0,0,0,0,0,0,0,0,0,0,0,0,0,0,0,4,0,40.0872,-75.0221, , 
76008,866523,2012001407,6,67,67301,2011,12,5,850,8,1,1,0,8,1, , ,N,2,0,0,3,1,0,2,2,N,N,39 57:22.032,75 10:21.539,852, ,852,3,2,5,N,0,0,Y, , , , , , , , ,1,0,0,0,0,0,1,0,0,0,0,0,0,0,0,0,0,0,0,0,0,0,0,1,0,0,0,0,0,0,0,0,1,1,0,1,0,39.9561,-75.1726,2, 
76009,866524,2012004847,6,67,67301,2011,12,2,56,0,3,1,0,7,2, , ,N,0,0,0,3,0,0,1,1,N,N,39 57:59.462,75 14:01.518,56, ,56, ,0, ,N, ,0, , , , , , , , , ,1,0,0,0,0,0,0,1,0,0,0,0,0,0,0,0,0,0,0,0,0,0,0,0,0,0,0,0,0,0,0,0,0,0,0,0,0,39.9665,-75.2338, , 
76010,866531,2012020251,6,67,67301,2011,5,5,1130,11,1,1,0,1,1, , ,N,0,0,0,3,0,1,3,2,N,N,39 58:41.496,75 06:40.432,0, ,0, ,0, ,N, ,0, , , , , , , , , ,2,2,0,0,0,0,0,0,0,0,1,0,1,0,0,0,0,0,0,0,0,1,0,0,0,0,0,0,0,0,0,0,0,0,0,3,0,39.9782,-75.1112, , 
76011,866532,2012026077,6,67,67301,2011,6,1,1500,15,1,1,0,2,1, , ,N,1,2,0,3,0,3,3,3,N,N,40 02:30.933,75 07:26.313,1515, ,1507, ,0, , , ,3, , , , , , , , , ,3,0,0,0,1,0,0,1,0,1,2,0,3,0,0,0,0,0,1,0,1,0,0,0,0,0,0,0,0,0,0,0,0,0,0,2,0,40.0419,-75.124, , 
76012,866535,2011098158,6,67,67301,2011,5,5,1818,18,1,1,0,5,1, , ,N,0,0,0,3,0,1,2,2,N, ,39 56:35.198,75 14:20.041,1851, ,1950, ,0, , , ,0, , , , , , , , , ,1,1,0,0,0,0,0,0,1,1,0,0,1,0,0,0,0,0,0,0,0,0,0,0,0,0,0,0,0,0,0,1,0,0,0,2,0,39.9431,-75.2389, , 
76013,866548,2011112235,6,67,67301,2011,10,5,2032,20,1,2,1,6,1, , ,N,0,0,0,3,0,2,5,4,N,N,39 59:25.027,75 11:48.296,2038, ,2032,1,2,5,Y, ,0,Y, , , , , , , , ,4,4,0,0,0,0,0,0,0,0,0,1,2,1,0,0,0,0,0,0,2,0,0,0,0,0,0,0,0,0,0,0,0,0,0,4,0,39.9903,-75.1967, , 
76014,866566,2011126369,6,67,67301,2011,11,4,9999,99,1,1,0,5,1, , ,N,0,0,0,3,0,0,2,3,N, ,40 00:06.903,75 09:09.813,1020, ,1020,2,2,5, , ,0,Y, , , , , , , , ,3,3,0,0,0,0,0,0,0,0,0,0,0,0,0,0,0,0,0,0,0,1,0,0,0,0,0,0,0,0,0,0,0,0,0,0,0,40.0019,-75.1527, , 
76015,866575,2012002089,6,67,67301,2011,12,5,1450,14,1,1,0,4,1, , ,N,0,0,0,3,0,2,3,2,N,N,40 00:32.438,75 07:20.548,1453, ,1453,1,2,5,N, ,0,Y, , , , , , , , ,2,1,0,0,1,0,0,0,0,0,0,0,2,2,1,0,0,0,0,0,0,0,0,0,0,0,0,0,0,0,0,0,0,0,0,8,0,40.009,-75.1224, , 
76016,866587,2011082728,6,67,67301,2011,6,1,220,2,3,1,0,8,1, , ,N,5,2,2,3,0,1,2,2,N, ,39 56:59.777,75 08:36.986,110, ,100, ,0, , , ,3, , , , , , , , , ,1,1,0,0,0,0,0,0,0,0,0,1,1,0,0,0,0,0,0,0,0,0,0,0,0,0,0,0,0,0,0,0,1,0,0,4,0,39.9499,-75.1437, , 
76017,868946,2012004875,6,67,67301,2011,11,2,907,9,1,1,0,8,1, , ,N,1,2,0,3,0,1,2,2,N,N,40 02:08.965,75 10:29.000,956, ,945, ,0, ,N, ,3, , , , , , , , , ,1,1,0,0,0,0,0,0,0,0,1,0,1,0,1,0,0,0,0,0,0,0,0,0,0,0,0,0,0,0,0,0,1,0,0,3,0,40.0358,-75.1747, , 
76018,868947,2012005403,6,67,67301,2011,12,4,2015,20,3,1,0,1,1, , ,N,0,0,0,3,0,1,3,4,N,N,39 56:07.942,75 10:02.331,2022, ,2019, ,0, , , ,0, , , , , , , , , ,3,3,0,0,0,0,0,0,0,0,0,0,1,1,1,0,0,0,0,1,1,0,0,0,0,0,0,0,0,0,0,0,0,0,0,8,0,39.9356,-75.1673, , 
76019,868953,2011121183,6,67,67301,2011,11,7,757,7,1,1,0,7,2, , ,N,0,0,0,3,0,1,2,1,N,N,40 00:28.917,75 04:17.304,808, ,757, ,0, ,Y, ,0, , , , , , , , , ,1,0,0,0,0,0,0,1,0,0,0,0,1,1,0,0,0,0,0,0,0,0,0,0,0,0,0,0,0,0,0,0,0,0,0,8,0,40.0081,-75.0713, , 
76020,868963,2011132033,6,67,67301,2011,12,5,1439,14,1,2,1,7,2, , ,N,0,0,2,3,0,1,4,3,N,N,39 59:01.285,75 05:52.010,1452, ,1440,1,1,2,N, ,0,N, , , , , , , , ,3,2,0,0,1,0,0,0,0,0,0,1,1,0,0,0,0,0,0,0,1,0,0,0,0,0,0,0,0,0,0,0,0,0,0,4,0,39.9838,-75.0975, , 
76021,868965,2011132803,6,67,67301,2011,11,5,1515,15,1,1,0,4,1, , ,N,1,3,0,3,0,0,2,2,N,N,40 03:25.236,75 09:22.197,1530, ,1522, ,0, ,N, ,3, , , , , , , , , ,2,2,0,0,0,0,0,0,0,0,0,0,0,0,0,0,0,0,0,1,0,0,0,0,0,0,0,0,0,0,0,0,0,0,0,0,0,40.057,-75.1562, , 
76022,868969,2012002543,6,67,67301,2011,12,1,1706,17,3,1,0,4,1, , ,N,1,0,0,3,0,1,3,2,N,N,39 59:07.968,75 06:13.192,1710, ,1706, ,0, ,N, ,0, , , , , , , , , ,2,2,0,0,0,0,0,0,0,0,0,1,1,0,0,0,0,0,0,0,0,0,2,0,0,0,0,0,0,0,0,0,0,0,0,4,0,39.9855,-75.1038, , 
76023,868988,2011134786,6,67,67301,2011,11,2,1323,13,1,1,0,8,1, , ,N,1,2,0,3,0,1,4,2,N,N,39 57:07.402,75 10:24.565,1326, ,1323,1,2,1, , ,3,Y, , , , , , , , ,1,0,0,0,0,0,1,0,0,0,0,0,1,1,0,0,0,0,0,0,0,0,0,0,0,0,0,0,0,0,0,0,1,0,0,8,0,39.952,-75.1734, , 
76024,868993,2011132809,6,67,67301,2011,11,3,1441,14,1,2,1,2,1, , ,N,1,2,0,3,0,2,3,2,N,N,40 05:57.235,74 59:43.576,1500, ,1457, ,0, ,N, ,3, , , , , , , , , ,2,1,0,0,1,0,0,0,0,0,0,2,2,0,0,0,0,0,0,0,0,1,0,0,0,0,0,0,0,0,0,0,0,0,0,4,0,40.0992,-74.9954, , 
76025,868995,2012014564,6,67,67301,2011,12,4,100,1,6,9,8,8,9, , ,N,1,2,0,3,0,1,2,2,N,N,39 58:10.251,75 13:31.337,1334, ,1327, ,0, , , ,9, , , , , , , , , ,1,1,0,0,0,0,0,0,0,0,0,0,1,1,1,0,0,0,0,0,0,0,0,0,0,0,0,0,0,0,0,0,1,0,0,8,0,39.9695,-75.2254, , 
76026,869011,2012042109,6,67,67301,2011,10,5,1609,16,1,1,0,4,1, , ,N,1,2,0,3,0,1,2,2,N,N,40 03:28.059,75 00:31.473,1611, ,1609, ,0, ,N, ,3, , , , , , , , , ,2,1,0,0,0,0,1,0,0,0,0,1,1,0,0,0,0,0,0,0,1,0,0,1,0,0,0,0,0,0,0,0,0,0,0,4,0,40.0578,-75.0087, , 
76027,869028,2011115444,6,67,67301,2011,10,1,1935,19,3,1,0,8,1, , ,N,1,2,0,3,0,1,2,2,N,N,39 57:37.353,75 11:22.005,1945, ,1936, ,0, ,N, ,3, , , , , , , , , ,1,1,0,0,0,0,0,0,1,0,0,0,1,1,0,0,0,0,0,0,0,0,0,0,0,0,0,0,0,0,0,0,0,0,0,8,0,39.9604,-75.1894, , 
76028,869033,2011118064,6,67,67301,2011,10,6,1440,14,1,1,0,4,1, , ,N,1,2,0,3,0,3,3,2,N, ,39 58:49.346,75 10:55.934,1448, ,1442, ,0, , , ,3, , , , , , , , , ,2,1,0,0,0,0,1,0,0,0,0,1,3,2,0,0,0,0,0,0,0,0,0,0,0,0,0,0,0,0,0,0,0,0,0,4,0,39.9804,-75.1822, , 
76029,869042,2011121464,6,67,67301,2011,11,3,1424,14,1,1,0,1,1, , ,N,0,0,0,3,0,0,4,3,N,N,39 58:34.555,75 11:44.918,1455, ,1439,1,1,3,N, ,0,N, , , , , , , , ,3,0,0,0,1,1,1,0,0,0,0,0,0,0,0,0,0,0,0,0,0,0,0,0,0,0,0,0,0,0,0,0,0,0,0,0,1,39.9763,-75.1958, , 
76030,869052,2011132650,6,67,67301,2011,11,7,1231,12,3,1,0,5,2, , ,N,0,0,0,3,0,1,2,7,N,N,40 02:27.565,75 04:48.358,1236, ,1232, ,0, ,N, ,0, , , , , , , , , ,7,5,0,0,0,0,0,2,0,0,0,1,1,0,0,0,0,0,0,0,0,0,0,0,0,0,0,0,0,0,0,0,0,0,0,4,0,40.041,-75.0801, , 
76031,869057,2012001930,6,67,67301,2011,12,5,1145,11,1,1,0,7,5, , ,N,0,0,0,3,0,1,1,1,N, ,39 58:17.954,75 14:35.580,1152, ,1151, ,0, , , ,0, , , , , , , , , ,1,1,0,0,0,0,0,0,0,0,0,0,1,1,0,0,0,0,0,0,1,0,0,0,0,0,0,0,0,0,0,0,0,0,0,8,0,39.9717,-75.2432, , 
76032,869059,2012010018,6,67,67301,2011,12,7,1940,19,3,1,0,4,1, , ,N,1,2,0,3,0,1,2,2,N, ,40 01:41.450,75 02:20.031,1945, ,1942, ,0, , , ,3, , , , , , , , , ,2,1,1,0,0,0,0,0,0,0,1,0,1,0,0,0,0,0,0,0,1,0,0,1,0,0,0,0,0,0,0,0,0,0,0,3,0,40.0282,-75.0389, , 
76033,869060,2012010027,6,67,67301,2011,12,2,1308,13,1,1,0,4,1, , ,N,1,2,0,3,0,1,3,2,N,Y,40 01:57.777,75 10:27.832,1328, ,1308, ,0, ,N, ,3, , , , , , , , , ,2,2,0,0,0,0,0,0,0,0,0,0,1,1,0,0,0,0,0,0,0,0,0,0,0,0,0,0,0,0,0,0,0,0,0,8,0,40.0327,-75.1744, , 
76034,869061,2012014967,6,67,67301,2011,9,7,1142,11,1,1,0,1,1, , ,N,1,2,0,3,0,1,4,2,N,N,39 57:43.161,75 14:26.866,1147, ,1144, ,0, ,N, ,3, , , , , , , , , ,2,2,0,0,0,0,0,0,0,0,0,0,1,1,0,0,0,0,0,1,0,0,0,0,0,0,0,0,0,0,0,0,0,0,0,8,0,39.9619,-75.2408, , 
76035,871947,2011100763,6,67,67301,2011,9,6,1405,14,1,1,0,4,1, , ,N,1,3,0,3,0,2,3,2,N, ,39 59:57.840,75 07:37.545,1410, ,1405,1,1,2, , ,3,Y, , , , , , , , ,2,2,0,0,0,0,0,0,0,0,1,0,2,1,1,0,0,1,0,1,0,0,0,2,0,0,0,0,0,0,0,0,0,0,0,3,0,39.9994,-75.1271, , 
76036,871951,2011108890,6,67,67301,2011,9,3,650,6,1,5,1,5,1, , ,N,5,2,0,3,0,0,2,2,N,N,40 03:40.446,75 05:00.751,710, ,655, ,0, ,N, ,3, , , , , , , , , ,2,1,0,0,0,1,0,0,0,0,0,0,0,0,0,0,0,0,0,0,1,0,0,0,0,0,0,0,0,0,0,0,0,0,0,0,1,40.0612,-75.0835, , 
76037,871957,2011115513,6,67,67301,2011,10,5,1145,11,1,1,0,4,1, , ,N,1,2,0,3,0,1,2,2,N,N,39 57:13.102,75 11:55.145,1148, ,1145, ,0, , , ,3, , , , , , , , , ,2,1,0,0,1,0,0,0,0,0,0,1,1,0,0,0,0,0,0,0,0,0,0,1,0,0,0,0,0,0,0,0,0,0,0,4,0,39.9536,-75.1986, , 
76038,871961,2011116595,6,67,67301,2011,11,2,1914,19,3,1,0,1,1, , ,N,0,0,0,3,0,6,11,3,N,N,40 00:43.028,75 03:37.194,1934, ,1917,1,1,2,N, ,0,N, , , , , , , , ,3,2,0,0,0,0,1,0,0,0,0,6,6,0,0,0,0,0,0,0,0,0,0,0,0,0,0,0,0,0,0,0,0,0,0,4,0,40.012,-75.0602, , 
76039,871974,2011132619,6,67,67301,2011,10,7,1824,18,3,2,1,8,1, , ,N,1,2,0,3,0,1,2,2,N,N,39 57:20.946,75 13:32.664,1827, ,1824,1,1,1, , ,3,N, , , , , , , , ,1,1,0,0,0,0,0,0,0,0,0,1,1,0,0,0,0,0,0,0,0,0,0,0,0,0,0,0,0,0,0,0,1,0,0,4,0,39.9558,-75.2257, , 
76040,871995,2011093077,6,67,67301,2011,8,6,9999,99,1,1,1,4,1, , ,N,1,2,0,3,0,1,3,2,N,N,40 03:22.935,75 09:09.367,1603, ,1553, ,0, ,N, ,3, , , , , , , , , ,2,2,0,0,0,0,0,0,0,0,0,1,1,0,0,0,0,0,1,0,0,0,0,0,0,0,0,0,0,0,0,0,0,0,0,4,0,40.0564,-75.1526, , 
76041,872020,2011118180,6,67,67301,2011,10,3,1639,16,1,1,0,4,1, , ,N,1,2,0,3,0,1,3,2,N,N,40 00:33.234,75 09:03.743,1648, ,1640, ,0, ,N, ,3, , , , , , , , , ,2,0,0,0,0,0,2,0,0,0,0,1,1,0,0,0,0,0,0,0,0,0,0,0,0,0,0,0,0,0,0,0,0,0,0,4,0,40.0092,-75.1511, , 
76042,872026,2011106230,6,67,67301,2011,9,6,2356,23,3,2,1,8,1, , ,N,1,2,0,3,0,1,2,2,N,N,39 58:21.694,75 10:08.343,10, ,6,2,1,3,N, ,3,Y, , , , , , , , ,1,0,0,0,0,0,0,0,0,0,0,0,1,1,1,0,0,0,0,0,0,0,0,0,0,0,0,0,0,0,0,0,1,0,0,8,0,39.9727,-75.1691, , 
76043,872036,2011117821,6,67,67301,2011,10,4,2142,21,3,2,1,8,1, , ,N,1,2,0,3,0,1,2,2,N, ,40 02:19.838,75 10:17.839,2155, ,2150, ,0, , , ,3, , , , , , , , , ,1,0,0,0,0,0,0,0,0,0,0,0,1,1,0,0,0,0,0,0,0,0,0,0,0,0,0,0,0,0,0,0,1,0,0,8,0,40.0388,-75.1716, , 
76044,872055,2012004282,6,67,67301,2011,12,4,1050,10,1,1,0,4,1, , ,N,0,0,0,3,0,1,2,2,N,N,39 59:51.443,75 10:01.867,1055, ,1053, ,0, , , ,0, , , , , , , , , ,2,2,0,0,0,0,0,0,0,0,0,1,1,0,0,0,0,0,0,0,0,0,1,1,0,0,0,0,0,0,0,0,0,0,0,4,0,39.9976,-75.1672, , 
76045,872065,2012002128,6,67,67301,2011,12,7,830,8,1,1,0,7,4, , ,N,7,0,2,3,0,1,1,1,N,N,40 00:28.486,75 11:30.684,915, ,915, ,0, , , ,0, , , , , , , , , ,1,1,0,0,0,0,0,0,0,0,0,1,1,0,0,0,0,0,0,0,0,0,0,0,0,0,0,0,0,0,0,0,0,0,0,4,0,40.0079,-75.1919, , 
76046,872067,2012004844,6,67,67301,2011,12,4,1805,18,3,2,1,2,1, , ,N,2,2,0,3,0,5,5,3,N,N,40 04:57.003,75 02:25.844,1809, ,1807,9,1,2,N, ,3,N, , , , , , , , ,3,2,0,0,0,0,1,0,0,0,0,5,5,0,0,0,0,1,0,0,2,0,0,3,0,0,0,0,0,0,0,0,0,0,0,4,0,40.0825,-75.0405, , 
76047,872069,2012026174,6,67,67301,2011,12,6,2102,21,3,1,0,8,1, , ,N,1,2,0,3,0,1,2,2,N, ,39 56:33.590,75 14:11.173,2104, ,2104, ,0, , , ,3, , , , , , , , , ,1,1,0,0,0,0,0,0,0,0,1,0,1,0,1,0,0,0,0,0,0,0,0,1,0,0,0,0,0,0,0,0,1,0,0,3,0,39.9427,-75.2364, , 
76048,872072,2011118483,6,67,67301,2011,10,2,1240,12,1,1,0,8,1, , ,N,1,3,0,3,0,1,2,2,N,N,40 02:13.700,75 02:23.793,1305, ,1303, ,0, , , ,3, , , , , , , , , ,1,0,0,0,0,0,0,1,0,0,0,1,1,0,0,0,0,0,0,0,0,0,0,0,0,0,0,0,0,0,0,0,1,0,0,4,0,40.0371,-75.0398, , 