objectid_1,objectid,crn,district,county,municipality,crash_year,crash_month,day_of_week,time_of_day,hour_of_day,illumination,weather,road_condition,collision_type,relation_to_road,work_zone_type,work_zone_loc,work_zone_ind,intersect_type,tcd_type,location_type,urban_rural,fatal_count,injury_count,person_count,total_units,sch_bus_ind,sch_zone_ind,latitude,longitude,arrival_tm,cons_zone_spd_lim,dispatch_tm,est_hrs_closed,lane_closed,ln_close_dir,ntfy_hiwy_maint,spec_juris_cd,tcd_func_cd,tfc_detour_ind,workers_pres,wz_close_detour,wz_flagger,wz_law_offcr_ind,wz_ln_closure,wz_moving,wz_other,wz_shlder_mdn,vehicle_count,automobile_count,motorcycle_count,bus_count,small_truck_count,heavy_truck_count,suv_count,van_count,bicycle_count,maj_inj_count,mod_inj_count,min_inj_count,tot_inj_count,unk_inj_deg_count,unk_inj_per_count,driver_count_16yr,driver_count_17yr,driver_count_18yr,driver_count_19yr,driver_count_20yr,driver_count_50_64yr,driver_count_65_74yr,driver_count_75plus,unbelted_occ_count,unb_death_count,unb_maj_inj_count,belted_death_count,belted_maj_inj_count,mcycle_death_count,mcycle_maj_inj_count,bicycle_death_count,bicycle_maj_inj_count,ped_count,ped_death_count,ped_maj_inj_count,max_severity_level,comm_veh_count,dec_lat,dec_long,rdwy_surf_type_cd,county_name
76116,866875,2011126337,6,67,67301,2011,11,5,558,5,3,1,0,1,1, , ,N,1,2,0,3,0,1,5,3,N,N,40 00:50.174,75 03:20.262,605, ,559, ,0, ,N, ,3, , , , , , , , , ,3,1,0,0,0,0,2,0,0,0,0,1,1,0,0,0,0,0,0,0,1,0,0,0,0,0,0,0,0,0,0,0,0,0,0,4,0,40.0139,-75.0556, , 
76117,866885,2012001969,6,67,67301,2011,12,7,1254,12,1,1,0,5,1, , ,N,1,2,0,3,0,1,3,2,N,N,39 59:30.829,75 14:01.359,1308, ,1254,1,1,2,N, ,3,Y, , , , , , , , ,2,2,0,0,0,0,0,0,0,0,0,1,1,0,0,0,0,0,0,0,0,1,0,0,0,0,0,0,0,0,0,0,0,0,0,4,0,39.9919,-75.2337, , 
76118,866887,2012004858,6,67,67301,2011,12,2,1800,18,3,1,0,2,1, , ,N,1,3,0,3,0,2,4,2,N,N,40 02:48.264,75 06:14.615,1818, ,1805, ,0, ,N, ,3, , , , , , , , , ,2,2,0,0,0,0,0,0,0,0,0,2,2,0,0,0,1,0,0,0,0,0,0,0,0,0,0,0,0,0,0,0,0,0,0,4,0,40.0467,-75.1041, , 
76119,866904,2011122718,6,67,67301,2011,10,6,1337,13,1,1,0,4,1, , ,N,1,2,0,3,0,1,3,2,N,N,40 03:09.399,75 08:01.755,1340, ,1337, ,0, ,N, ,1, , , , , , , , , ,2,2,0,0,0,0,0,0,0,0,0,1,1,0,0,0,0,0,0,0,0,1,0,0,0,0,0,0,0,0,0,0,0,0,0,4,0,40.0526,-75.1338, , 
76120,866911,2011126381,6,67,67301,2011,11,4,1821,18,3,1,0,8,1, , ,N,1,1,0,3,0,1,2,2,N,N,40 01:08.973,75 04:53.510,1824, ,1821, ,0, ,N, ,3, , , , , , , , , ,1,0,0,0,0,0,0,1,0,0,1,0,1,0,1,0,0,0,0,0,0,0,0,1,0,0,0,0,0,0,0,0,1,0,0,3,0,40.0191,-75.0815, , 
76121,869271,2012023902,6,67,67301,2011,12,6,200,2,6,1,0,1,1, , ,N,1,2,0,3,0,3,4,2,N,N,39 57:41.325,75 08:59.560,0, ,0, ,0, ,N, ,3, , , , , , , , , ,2,2,0,0,0,0,0,0,0,0,0,0,3,3,1,0,0,0,0,0,0,0,0,0,0,0,0,0,0,0,0,0,0,0,0,8,0,39.9614,-75.1498, , 
76122,869275,2012001741,6,67,67301,2011,12,5,746,7,1,1,0,1,1, , ,N,0,0,0,3,0,0,3,2,N,N,39 53:30.872,75 11:53.898,807, ,750,1,2,2,N, ,0,N, , , , , , , , ,2,2,0,0,0,0,0,0,0,0,0,0,0,0,0,0,0,0,0,0,1,0,0,0,0,0,0,0,0,0,0,0,0,0,0,0,0,39.8919,-75.1983, , 
76123,869278,2012010064,6,67,67301,2011,12,4,1537,15,1,2,1,8,1, , ,N,1,2,0,3,0,1,2,2,N,N,39 57:15.785,75 10:16.861,1620, ,1537, ,0, ,N, ,3, , , , , , , , , ,1,1,0,0,0,0,0,0,0,0,0,0,1,1,0,0,0,0,0,0,1,0,0,0,0,0,0,0,0,0,0,0,1,0,0,8,0,39.9544,-75.1714, , 
76124,869290,2012002386,6,67,67301,2011,12,5,1047,10,1,1,0,7,3, , ,N,0,0,0,3,0,1,1,1,N,N,40 02:11.268,75 00:53.382,1056, ,1049,1,1,1,N, ,0,N, , , , , , , , ,1,1,0,0,0,0,0,0,0,0,0,1,1,0,0,0,0,0,0,0,0,0,0,0,0,0,0,0,0,0,0,0,0,0,0,4,0,40.0364,-75.0149, , 
76125,869301,2011100780,6,67,67301,2011,9,7,825,8,1,1,0,6,1, , ,N,1,2,0,3,0,1,2,2,N, ,40 01:32.306,75 03:29.519,834, ,834,9,1,2, , ,3,N, , , , , , , , ,2,2,0,0,0,0,0,0,0,0,0,0,1,1,0,0,0,0,0,0,0,0,0,1,0,0,0,0,0,0,0,0,0,0,0,8,0,40.0256,-75.0582, , 
76126,869304,2011106215,6,67,67301,2011,9,1,239,2,3,2,1,4,6, , ,N,0,0,0,3,0,0,1,3,N, ,39 55:34.330,75 09:29.440,247, ,242, ,0, , , ,0, , , , , , , , , ,3,3,0,0,0,0,0,0,0,0,0,0,0,0,1,0,0,0,0,0,0,0,0,0,0,0,0,0,0,0,0,0,0,0,0,9,0,39.9262,-75.1582, , 
76127,869312,2011115407,6,67,67301,2011,10,6,1925,19,3,1,0,8,1, , ,N,0,0,0,3,0,1,2,2,N, ,40 01:34.694,75 03:54.943,1934, ,1930, ,0, , , ,0, , , , , , , , , ,1,0,0,0,1,0,0,0,0,0,0,0,1,1,0,0,0,0,0,0,0,0,0,0,0,0,0,0,0,0,0,0,1,0,0,8,0,40.0263,-75.0653, , 
76128,869317,2011119868,6,67,67301,2011,11,6,808,8,1,1,0,1,1, , ,N,0,8,3,3,0,0,2,2,N,N,39 57:13.522,75 08:20.598,810, ,808,2,2,4,N, ,3,N, , , , , , , , ,2,1,0,0,0,0,1,0,0,0,0,0,0,0,0,0,0,0,0,0,0,1,0,0,0,0,0,0,0,0,0,0,0,0,0,0,0,39.9538,-75.1391, , 
76129,869330,2012033884,6,67,67301,2011,2,1,1110,11,1,1,0,8,1, , ,N,1,2,0,3,0,1,2,2,N,N,40 02:08.676,75 04:51.649,1114, ,1112,1,1,2,N, ,3,N, , , , , , , , ,1,1,0,0,0,0,0,0,0,0,0,0,1,1,0,0,0,1,0,0,0,0,0,0,0,0,0,0,0,0,0,0,1,0,0,8,0,40.0357,-75.081, , 
76130,869338,2011106082,6,67,67301,2011,9,7,237,2,3,2,1,5,1, , ,N,1,2,0,3,0,0,2,2,N, ,39 57:38.964,75 08:33.915,237, ,9999, ,0, , , ,3, , , , , , , , , ,2,2,0,0,0,0,0,0,0,0,0,0,0,0,0,0,0,0,0,0,0,0,0,0,0,0,0,0,0,0,0,0,0,0,0,0,0,39.9608,-75.1425, , 
76131,869348,2011118123,6,67,67301,2011,10,6,415,4,3,1,0,1,1, , ,N,0,0,0,3,0,0,2,2,N,N,40 01:20.139,75 08:15.328,427, ,723,2,2,1,Y, ,0,Y, , , , , , , , ,2,1,0,0,1,0,0,0,0,0,0,0,0,0,0,0,0,0,0,0,1,0,0,0,0,0,0,0,0,0,0,0,0,0,0,0,0,40.0223,-75.1376, , 
76132,869374,2012004871,6,67,67301,2011,12,6,1900,19,3,1,0,1,1, , ,N,0,0,0,3,0,1,2,2,N,N,40 02:41.850,75 04:19.370,1940, ,1933, ,0, ,N, ,0, , , , , , , , , ,2,2,0,0,0,0,0,0,0,0,0,0,1,1,1,0,0,0,0,1,0,0,0,0,0,0,0,0,0,0,0,0,0,0,0,8,0,40.045,-75.072, , 
76133,869375,2012012686,6,67,67301,2011,12,3,1255,12,1,2,1,4,1, , ,N,1,2,0,3,0,2,4,2,N,N,39 59:28.296,75 07:58.428,1305, ,1300, ,0, ,N, ,3, , , , , , , , , ,2,1,0,0,0,0,1,0,0,0,0,0,2,2,0,0,0,0,0,0,0,0,0,0,0,0,0,0,0,0,0,0,0,0,0,8,0,39.9911,-75.1329, , 
76134,869378,2011132614,6,67,67301,2011,11,7,307,3,3,1,0,4,1, , ,N,1,3,0,3,0,1,2,2,N,N,39 57:39.384,75 14:20.317,322, ,307, ,0, ,N, ,3, , , , , , , , , ,2,2,0,0,0,0,0,0,0,0,0,0,1,1,0,0,0,0,0,0,0,0,0,0,0,0,0,0,0,0,0,0,0,0,0,8,0,39.9609,-75.239, , 
76135,869379,2011132750,6,67,67301,2011,11,5,2323,23,3,1,0,1,1, , ,N,1,2,0,3,0,2,5,2,N,N,40 03:12.900,75 08:29.229,2325, ,2324, ,0, ,N, ,3, , , , , , , , , ,2,2,0,0,0,0,0,0,0,0,0,0,2,2,0,0,0,0,0,0,0,0,0,0,0,0,0,0,0,0,0,0,0,0,0,8,0,40.0536,-75.1415, , 
76136,869380,2011132851,6,67,67301,2011,11,2,1750,17,1,1,0,7,4, , ,N,0,0,7,3,0,1,2,1,N,N,40 02:10.906,75 03:11.631,2005, ,1957, ,0, ,N, ,0, , , , , , , , , ,1,0,0,0,0,0,1,0,0,0,0,1,1,0,0,0,0,0,0,0,0,0,0,0,0,0,0,0,0,0,0,0,0,0,0,4,0,40.0364,-75.0532, , 
76137,869381,2011132914,6,67,67301,2011,11,3,720,7,1,2,1,8,1, , ,N,2,2,0,3,0,1,2,2,N,N,39 57:45.749,75 09:47.159,723, ,723,2,2,2,N, ,3,Y, , , , , , , , ,1,0,0,0,0,0,1,0,0,0,0,1,1,0,0,0,0,0,0,0,0,0,0,0,0,0,0,0,0,0,0,0,1,0,0,4,0,39.9627,-75.1631, , 
76138,869407,2011126031,6,67,67301,2011,11,4,7,0,3,2,1,1,2, , ,N,0,0,0,3,0,0,1,2,N,N,39 59:32.557,75 12:04.484,15, ,15,1,1,4,N, ,0,N, , , , , , , , ,2,1,0,0,0,0,1,0,0,0,0,0,0,0,0,0,0,0,0,0,0,0,0,0,0,0,0,0,0,0,0,0,0,0,0,0,0,39.9924,-75.2012, , 
76139,866920,2011129159,6,67,67301,2011,12,1,1158,11,1,1,0,1,1, , ,N,0,0,0,3,0,4,7,3,N,N,39 58:45.970,75 06:29.509,1158, ,1158,2,1,1,N, ,0,N, , , , , , , , ,3,0,0,0,2,0,0,1,0,1,0,3,4,0,0,0,0,0,0,0,0,0,0,0,0,0,0,1,0,0,0,0,0,0,0,2,0,39.9794,-75.1082, , 
76140,866939,2011114836,6,67,67301,2011,10,1,315,3,2,8,5,7,4, , ,N,0,0,0,3,0,0,1,1,N,N,40 02:30.385,75 00:15.519,329, ,318,2,1,2,N, ,0,N, , , , , , , , ,1,1,0,0,0,0,0,0,0,0,0,0,0,0,0,0,0,0,0,0,0,0,0,0,0,0,0,0,0,0,0,0,0,0,0,0,0,40.0418,-75.0043, , 
76141,866941,2011115483,6,67,67301,2011,10,6,1005,10,1,1,0,8,1, , ,N,2,0,0,3,0,1,2,2,N,N,40 02:44.732,75 08:35.371,1018, ,1017, ,0, ,N, ,0, , , , , , , , , ,1,0,0,0,0,0,1,0,0,0,0,0,1,1,0,0,0,0,0,0,0,0,0,0,0,0,0,0,0,0,0,0,1,0,0,8,0,40.0458,-75.1432, , 
76142,866944,2011121181,6,67,67301,2011,11,1,2206,22,3,1,0,7,3, , ,N,0,0,0,3,0,0,1,1,N,N,40 02:06.705,75 01:05.934,2209, ,2207,1,1,2,N, ,0,N, , , , , , , , ,1,1,0,0,0,0,0,0,0,0,0,0,0,0,0,0,0,0,0,0,0,0,0,0,0,0,0,0,0,0,0,0,0,0,0,0,0,40.0352,-75.0182, , 
76143,866951,2011132855,6,67,67301,2011,11,3,1600,16,1,1,0,4,1, , ,N,2,2,0,3,0,2,2,2,N,N,39 57:25.376,75 14:45.124,1604, ,1603, ,0, ,N, ,3, , , , , , , , , ,2,2,0,0,0,0,0,0,0,0,1,1,2,0,0,0,0,0,0,0,0,1,0,0,0,0,0,0,0,0,0,0,0,0,0,3,0,39.957,-75.2459, , 
76144,866956,2012002027,6,67,67301,2011,12,7,600,6,1,1,0,5,1, , ,N,1,2,0,3,0,1,3,2,N,N,39 57:37.219,75 10:25.442,609, ,609,1,1,2,N, ,3,Y, , , , , , , , ,2,2,0,0,0,0,0,0,0,0,1,0,1,0,0,0,0,0,0,0,0,0,0,0,0,0,0,0,0,0,0,0,0,0,0,3,0,39.9603,-75.1737, , 
76145,866957,2012004321,6,67,67301,2011,12,5,1230,12,1,1,0,4,1, , ,N,2,3,0,3,0,2,2,2,N, ,40 01:11.938,75 06:41.817,1255, ,1250, ,0, , , ,3, , , , , , , , , ,2,1,0,0,0,0,1,0,0,0,0,2,2,0,0,0,0,0,0,0,0,1,0,0,0,0,0,0,0,0,0,0,0,0,0,4,0,40.02,-75.1116, , 
76146,866958,2012005006,6,67,67301,2011,12,2,1708,17,2,1,0,8,1, , ,N,1,2,0,3,0,1,2,2,N,N,40 03:16.730,75 08:58.930,1726, ,1724, ,0, ,N, ,3, , , , , , , , , ,1,0,0,0,0,0,0,0,0,0,0,0,1,1,1,0,0,0,0,0,0,0,0,0,0,0,0,0,0,0,0,0,1,0,0,8,0,40.0546,-75.1497, , 
76147,866981,2011134692,6,67,67301,2011,11,2,1550,15,1,1,0,1,1, , ,N,2,2,0,3,0,1,3,2,N,N,40 03:05.231,75 00:32.643,1600, ,1554, ,0, , , ,3, , , , , , , , , ,2,1,0,0,0,0,1,0,0,0,0,1,1,0,0,0,0,0,0,0,0,0,0,3,0,0,0,0,0,0,0,0,0,0,0,4,0,40.0515,-75.0091, , 
76148,866986,2012009997,6,67,67301,2011,12,4,2200,22,3,1,0,4,1, , ,N,1,3,0,3,0,0,4,4,N,N,39 58:59.466,75 06:54.921,2204, ,2203, ,0, ,N, ,3, , , , , , , , , ,4,3,0,0,1,0,0,0,0,0,0,0,0,0,0,0,0,0,0,0,0,0,0,0,0,0,0,0,0,0,0,0,0,0,0,0,0,39.9832,-75.1153, , 
76149,866987,2012010124,6,67,67301,2011,12,6,850,8,1,1,0,5,6, , ,N,0,0,0,3,0,0,1,2,N,N,40 03:09.027,75 10:34.547,912, ,850, ,0, ,N, ,0, , , , , , , , , ,2,2,0,0,0,0,0,0,0,0,0,0,0,0,0,0,0,0,0,0,0,0,0,0,0,0,0,0,0,0,0,0,0,0,0,0,0,40.0525,-75.1763, , 
76150,867013,2011126451,6,67,67301,2011,11,3,1537,15,1,1,0,0,1, , ,N,2,0,0,3,0,1,2,1,N, ,40 05:06.154,74 58:29.553,1559, ,1557, ,0, , , ,0, , , , , , , , , ,1,0,1,0,0,0,0,0,0,0,0,1,1,0,0,0,0,0,0,0,1,0,0,0,0,0,0,0,0,0,0,0,0,0,0,4,0,40.085,-74.9749, , 
76151,867027,2012002541,6,67,67301,2011,11,4,9999,99,3,1,0,4,1, , ,N,0,0,7,3,0,3,4,2,N,N,40 01:03.797,75 08:59.408,1931, ,1929,1,1,4,N, ,0,N, , , , , , , , ,2,2,0,0,0,0,0,0,0,0,0,0,3,3,0,0,0,0,0,0,0,0,0,0,0,0,0,0,0,0,0,0,0,0,0,8,0,40.0177,-75.1498, , 
76152,867029,2012004960,6,67,67301,2011,12,6,1530,15,1,1,0,7,5, , ,N,1,2,0,3,0,0,3,1,N, ,39 56:49.048,75 09:16.145,1538, ,1535,1,1,2, , ,3,N, , , , , , , , ,1,1,0,0,0,0,0,0,0,0,0,0,0,0,0,0,0,0,0,0,0,0,0,0,0,0,0,0,0,0,0,0,0,0,0,0,0,39.947,-75.1545, , 
76153,867030,2011118205,6,67,67301,2011,10,4,1530,15,1,2,1,1,1, , ,N,0,0,0,3,0,2,2,2,N,N,40 01:39.590,75 11:27.400,1546, ,1546, ,0, ,N, ,0, , , , , , , , , ,2,2,0,0,0,0,0,0,0,0,0,0,2,2,0,0,0,0,0,0,0,0,0,0,0,0,0,0,0,0,0,0,0,0,0,8,0,40.0277,-75.1909, , 
76154,867038,2011126438,6,67,67301,2011,11,7,1200,12,1,1,0,8,6, , ,N,0,2,0,3,0,1,2,2,N,N,39 59:00.084,75 08:49.791,1330, ,1315, ,0, ,N, ,9, , , , , , , , , ,1,1,0,0,0,0,0,0,0,0,0,1,1,0,0,0,0,0,0,0,1,0,0,0,0,0,0,0,0,0,0,0,1,0,0,4,0,39.9834,-75.1472, , 
76155,867039,2011126625,6,67,67301,2011,11,7,2225,22,3,1,0,7,3, , ,N,7,0,2,3,0,2,2,1,N,N,40 00:01.860,75 04:47.686,2249, ,2240, ,0, ,N, ,0, , , , , , , , , ,1,1,0,0,0,0,0,0,0,0,0,2,2,0,0,0,0,0,1,0,0,0,0,1,0,0,0,0,0,0,0,0,0,0,0,4,0,40.0003,-75.0836, , 
76156,867071,2012001916,6,67,67301,2011,12,1,9999,99,3,1,0,1,2, , ,N,0,0,0,3,0,1,1,3,N,N,40 04:02.650,75 09:18.993,322, ,319, ,0, ,N, ,0, , , , , , , , , ,3,2,0,0,0,0,0,1,0,0,0,1,1,0,0,0,0,0,0,0,1,0,0,0,0,0,0,0,0,0,0,0,0,0,0,4,0,40.0674,-75.1553, , 
76157,867078,2011118133,6,67,67301,2011,10,2,545,5,5,1,0,8,9, , ,N,0,0,0,3,0,1,2,2,N,N,39 58:46.362,75 09:39.758,550, ,545, ,0, , , ,0, , , , , , , , , ,1,0,0,0,0,0,1,0,0,0,0,1,1,0,0,0,0,0,0,0,0,0,0,0,0,0,0,0,0,0,0,0,1,0,0,4,0,39.9795,-75.161, , 
76158,869419,2012005024,6,67,67301,2011,12,2,1417,14,1,1,0,4,1, , ,N,1,2,0,3,0,3,4,2,N,N,39 56:02.677,75 08:57.379,1427, ,1421, ,0, ,N, ,3, , , , , , , , , ,2,2,0,0,0,0,0,0,0,0,0,0,3,3,0,0,0,0,0,0,2,0,0,0,0,0,0,0,0,0,0,0,0,0,0,8,0,39.9341,-75.1493, , 
76159,869420,2012012682,6,67,67301,2011,12,1,1825,18,3,1,0,1,1, , ,N,2,2,0,3,0,5,7,5,N,N,40 02:12.961,75 08:42.306,1826, ,1825,3,2,5,N, ,3,Y, , , , , , , , ,5,3,0,0,1,1,0,0,0,0,0,3,5,2,0,0,0,0,0,0,0,0,0,2,0,0,0,0,0,0,0,0,0,0,0,4,1,40.0369,-75.1451, , 
76160,869435,2011133106,6,67,67301,2011,11,4,840,8,1,2,1,4,1, , ,N,1,0,3,3,0,1,14,2,N,N,39 59:39.890,75 11:30.720,915, ,912, ,0, ,N, ,0, , , , , , , , , ,2,0,0,0,1,0,0,1,0,0,0,1,1,0,1,0,0,0,0,0,0,0,0,12,0,0,0,0,0,0,0,0,0,0,0,4,0,39.9944,-75.1919, , 
76161,869437,2011134745,6,67,67301,2011,12,3,1536,15,1,2,1,7,3, , ,N,1,2,0,3,0,0,1,1,N,N,40 01:43.905,75 06:21.601,1542, ,1536,1,1,1,N, ,3,N, , , , , , , , ,1,1,0,0,0,0,0,0,0,0,0,0,0,0,0,0,0,0,0,0,0,0,0,0,0,0,0,0,0,0,0,0,0,0,0,0,0,40.0289,-75.106, , 
76162,869442,2013003732,6,67,67301,2011,3,1,818,8,1,1,0,4,1, , ,N,1,2,0,3,0,0,4,2,N,N,40 01:46.571,75 05:12.580,823, ,819,9,1,2,N, ,3,N, , , , , , , , ,2,2,0,0,0,0,0,0,0,0,0,0,0,0,0,0,0,0,0,0,0,0,0,0,0,0,0,0,0,0,0,0,0,0,0,0,0,40.0296,-75.0868, , 
76163,869457,2011134744,6,67,67301,2011,12,3,9999,99,2,2,1,8,1, , ,N,2,3,0,3,0,1,2,2,N,N,40 02:19.245,75 02:07.797,1816, ,1812, ,0, ,N, ,3, , , , , , , , , ,1,0,0,0,1,0,0,0,0,0,1,0,1,0,0,0,0,0,0,0,0,0,0,0,0,0,0,0,0,0,0,0,1,0,0,3,0,40.0387,-75.0355, , 
76164,869465,2011118200,6,67,67301,2011,10,4,1200,12,1,2,1,8,1, , ,N,1,2,0,3,0,1,2,2,N,N,39 56:46.615,75 10:42.045,1215, ,1209,9,1,4,N, ,3,N, , , , , , , , ,1,0,0,0,0,0,1,0,0,0,0,1,1,0,0,0,0,0,0,0,0,0,0,0,0,0,0,0,0,0,0,0,1,0,0,4,0,39.9463,-75.1783, , 
76165,869475,2011126388,6,67,67301,2011,11,7,1108,11,1,1,0,4,1, , ,N,1,3,0,3,0,1,2,2,N,N,39 59:46.230,75 11:45.240,1130, ,1115, ,0, ,N, ,3, , , , , , , , , ,1,1,0,0,0,0,0,0,1,0,0,1,1,0,0,0,0,0,0,0,0,0,1,0,0,0,0,0,0,0,0,0,0,0,0,4,0,39.9962,-75.1959, , 
76166,869490,2012006937,6,67,67301,2011,12,2,622,6,1,1,0,7,2, , ,N,6,0,2,3,0,0,1,1,N,N,39 57:26.617,75 08:49.702,629, ,624,1,2,3,N, ,0,Y, , , , , , , , ,1,1,0,0,0,0,0,0,0,0,0,0,0,0,1,0,0,0,0,0,0,0,0,0,0,0,0,0,0,0,0,0,0,0,0,9,0,39.9574,-75.1471, , 
76167,869491,2012010045,6,67,67301,2011,12,2,2315,23,3,1,0,7,4, , ,N,3,0,0,3,0,3,3,1,N,N,40 01:56.755,75 11:15.640,2322, ,2317, ,0, ,N, ,0, , , , , , , , , ,1,1,0,0,0,0,0,0,0,0,0,0,3,3,0,0,0,0,0,0,0,0,0,0,0,0,0,0,0,0,0,0,0,0,0,8,0,40.0324,-75.1877, , 
76168,869496,2011081706,6,67,67301,2011,8,1,636,6,5,2,7,7,2, , ,N,0,0,0,3,0,0,1,1,N,N,39 55:42.410,75 11:47.515,702, ,637, ,0, ,N, ,0, , , , , , , , , ,1,0,0,0,0,0,1,0,0,0,0,0,0,0,0,0,0,0,0,0,1,0,0,0,0,0,0,0,0,0,0,0,0,0,0,0,0,39.9284,-75.1965, , 
76169,869505,2011091029,6,67,67301,2011,8,6,9999,99,1,1,0,8,4, , ,N,1,2,0,3,0,2,3,3,N, ,40 03:00.190,75 09:01.655,815, ,808, ,0, , , ,3, , , , , , , , , ,1,1,0,0,0,0,0,0,0,0,0,2,2,0,1,0,0,0,0,0,1,0,0,0,0,0,0,0,0,0,0,0,2,0,0,4,0,40.0501,-75.1505, , 
76170,869542,2012002754,6,67,67301,2011,12,2,1236,12,1,1,0,7,2, , ,N,0,0,0,3,0,1,1,1,N,N,39 58:49.037,75 06:16.902,1252, ,1238,2,1,1,N, ,0,N, , , , , , , , ,1,0,0,0,0,0,1,0,0,0,1,0,1,0,0,0,0,0,0,1,0,0,0,0,0,0,0,0,0,0,0,0,0,0,0,3,0,39.9802,-75.1048, , 
76171,869552,2011066789,6,67,67301,2011,6,4,1401,14,1,1,0,1,1, , ,N,0,2,0,3,0,2,5,4,N,N,40 01:59.164,75 04:48.915,1445, ,1420,2,1,2,N, ,3,N, , , , , , , , ,4,4,0,0,0,0,0,0,0,0,0,2,2,0,0,0,0,0,1,0,0,0,0,0,0,0,0,0,0,0,0,0,0,0,0,4,0,40.0331,-75.0802, , 
76172,869553,2011068738,6,67,67301,2011,6,4,1900,19,4,1,0,5,1, , ,N,0,0,0,3,0,1,2,2, , ,39 56:28.089,75 09:08.725,2020, ,2017, ,0, , , ,0, , , , , , , , , ,1,1,0,0,0,0,0,0,1,0,1,0,1,0,1,0,0,0,0,0,0,0,0,0,0,0,0,0,0,0,0,0,0,0,0,3,0,39.9411,-75.1524, , 
76173,869568,2011082396,6,67,67301,2011,7,4,1110,11,1,1,0,8,1, , ,N,2,0,0,3,0,1,2,2,N,N,40 00:22.186,75 08:53.426,1135, ,1125, ,0, ,N, ,0, , , , , , , , , ,1,1,0,0,0,0,0,0,0,0,0,0,1,1,0,0,0,0,0,0,0,0,0,1,0,0,0,0,0,0,0,0,1,0,0,8,0,40.0062,-75.1482, , 
76174,869591,2012002099,6,67,67301,2011,12,3,9999,99,6,2,1,8,1, , ,N,1,2,0,3,0,1,3,2,N,N,39 55:26.156,75 13:19.597,1805, ,1756, ,0, ,N, ,3, , , , , , , , , ,1,1,0,0,0,0,0,0,0,0,0,0,1,1,0,0,0,0,0,0,0,0,0,0,0,0,0,0,0,0,0,0,1,0,0,8,0,39.9239,-75.2221, , 
76175,869596,2011115507,6,67,67301,2011,10,4,1740,17,3,2,1,1,1, , ,N,1,2,99,3,0,0,2,2,N, ,40 06:00.144,74 59:08.192,1749, ,1740, ,0, , , ,3, , , , , , , , , ,2,1,0,0,0,0,1,0,0,0,0,0,0,0,0,0,0,0,0,0,1,0,0,2,0,0,0,0,0,0,0,0,0,0,0,0,0,40.1,-74.9856, , 
76176,867094,2011128896,6,67,67301,2011,11,4,405,4,3,2,1,0,2, , ,N,0,0,0,3,0,1,1,1,N,N,39 58:58.263,75 12:28.342,427, ,406,4,1,4,Y, ,0,N, , , , , , , , ,1,0,0,0,0,1,0,0,0,0,0,1,1,0,0,0,0,0,0,0,0,0,0,0,0,0,0,0,0,0,0,0,0,0,0,4,1,39.9829,-75.2079, , 
76177,867102,2012017919,6,67,67301,2011,10,4,1815,18,1,1,0,4,1, , ,N,1,3,0,3,0,0,3,2,N,N,39 55:25.435,75 14:03.778,1827, ,1827,9,2,5,N, ,2,Y, , , , , , , , ,2,1,0,0,0,0,0,1,0,0,0,0,0,0,0,0,0,0,0,0,0,0,0,0,0,0,0,0,0,0,0,0,0,0,0,0,0,39.9237,-75.2344, , 
76178,867104,2011118063,6,67,67301,2011,10,1,57,0,3,1,0,7,3, , ,N,2,0,0,3,0,0,2,1,N,N,39 55:32.679,75 08:41.002,107, ,105, ,0, ,N, ,0, , , , , , , , , ,1,1,0,0,0,0,0,0,0,0,0,0,0,0,0,0,0,0,0,0,0,0,0,0,0,0,0,0,0,0,0,0,0,0,0,0,0,39.9257,-75.1447, , 
76179,867114,2011108801,6,67,67301,2011,10,2,2100,21,3,1,0,1,1, , ,N,1,2,0,3,0,1,5,2,N, ,40 01:31.355,75 04:23.942,2108, ,2103, ,0, , , ,3, , , , , , , , , ,2,1,0,0,0,0,1,0,0,0,0,0,1,1,0,0,0,0,0,0,0,0,0,0,0,0,0,0,0,0,0,0,0,0,0,8,0,40.0254,-75.0733, , 
76180,867115,2011108945,6,67,67301,2011,9,1,9999,99,1,1,0,8,1, , ,N,0,0,0,3,0,1,2,2,N, ,39 58:58.760,75 07:12.424,1730, ,1728, ,0, , , ,0, , , , , , , , , ,1,0,0,0,1,0,0,0,0,0,0,1,1,0,0,0,0,0,0,0,0,0,0,0,0,0,0,0,0,0,0,0,1,0,0,4,0,39.983,-75.1201, , 
76181,867120,2011116978,6,67,67301,2011,11,4,653,6,1,1,0,1,1, , ,N,0,0,0,3,0,2,4,3,N,N,39 57:13.450,75 10:53.099,653, ,653,2,1,1,N, ,0,N, , , , , , , , ,3,2,0,0,0,0,0,1,0,0,2,0,2,0,0,0,0,0,0,0,1,1,0,2,0,0,0,0,0,0,0,0,0,0,0,3,0,39.9537,-75.1814, , 
76182,867128,2011126380,6,67,67301,2011,11,3,9999,99,1,1,0,4,1, , ,N,1,3,0,3,0,2,3,2,N, ,40 02:31.650,75 02:54.070,745, ,740,2,1,7, , ,3,N, , , , , , , , ,2,1,0,1,0,0,0,0,0,0,0,0,2,2,0,0,0,0,0,0,0,0,0,0,0,0,0,0,0,0,0,0,0,0,0,8,1,40.0421,-75.0484, , 