objectid_1,objectid,crn,district,county,municipality,crash_year,crash_month,day_of_week,time_of_day,hour_of_day,illumination,weather,road_condition,collision_type,relation_to_road,work_zone_type,work_zone_loc,work_zone_ind,intersect_type,tcd_type,location_type,urban_rural,fatal_count,injury_count,person_count,total_units,sch_bus_ind,sch_zone_ind,latitude,longitude,arrival_tm,cons_zone_spd_lim,dispatch_tm,est_hrs_closed,lane_closed,ln_close_dir,ntfy_hiwy_maint,spec_juris_cd,tcd_func_cd,tfc_detour_ind,workers_pres,wz_close_detour,wz_flagger,wz_law_offcr_ind,wz_ln_closure,wz_moving,wz_other,wz_shlder_mdn,vehicle_count,automobile_count,motorcycle_count,bus_count,small_truck_count,heavy_truck_count,suv_count,van_count,bicycle_count,maj_inj_count,mod_inj_count,min_inj_count,tot_inj_count,unk_inj_deg_count,unk_inj_per_count,driver_count_16yr,driver_count_17yr,driver_count_18yr,driver_count_19yr,driver_count_20yr,driver_count_50_64yr,driver_count_65_74yr,driver_count_75plus,unbelted_occ_count,unb_death_count,unb_maj_inj_count,belted_death_count,belted_maj_inj_count,mcycle_death_count,mcycle_maj_inj_count,bicycle_death_count,bicycle_maj_inj_count,ped_count,ped_death_count,ped_maj_inj_count,max_severity_level,comm_veh_count,dec_lat,dec_long,rdwy_surf_type_cd,county_name
76183,867139,2012020432,6,67,67301,2011,6,7,45,0,3,1,0,1,6, , ,N,0,2,0,3,0,2,2,2,N,N,40 02:04.852,75 00:56.434,9999, ,49,9,1,2,N, ,3,N, , , , , , , , ,2,1,0,0,0,0,1,0,0,1,1,0,2,0,0,0,0,0,0,0,0,0,0,2,0,1,0,0,0,0,0,0,0,0,0,2,0,40.0347,-75.0157, , 
76184,867144,2011106671,6,67,67301,2011,9,6,1401,14,1,2,1,1,1, , ,N,0,0,0,3,0,1,2,3,N,N,40 02:52.800,75 08:29.716,1405, ,1402,1,2,2,N, ,0,Y, , , , , , , , ,3,2,0,0,0,1,0,0,0,0,0,1,1,0,0,0,0,0,0,0,0,0,1,1,0,0,0,0,0,0,0,0,0,0,0,4,1,40.048,-75.1416, , 
76185,867172,2012004312,6,67,67301,2011,12,1,1556,15,1,1,0,4,1, , ,N,1,3,0,3,0,1,2,2,N,N,39 59:52.346,75 07:53.255,1600, ,1556,9,2,7,N, ,3,N, , , , , , , , ,2,1,0,0,0,0,0,0,0,0,0,0,1,1,0,0,0,0,1,0,0,0,0,0,0,0,0,0,0,0,0,0,0,0,0,8,0,39.9979,-75.1315, , 
76186,867174,2011090410,6,67,67301,2011,7,6,730,7,1,1,0,4,1, , ,N,1,2,0,3,0,0,2,2,N,N,39 57:25.027,75 10:33.549,746, ,733,2,1,1,N, ,3,N, , , , , , , , ,2,2,0,0,0,0,0,0,0,0,0,0,0,0,0,0,0,0,0,0,0,0,0,0,0,0,0,0,0,0,0,0,0,0,0,0,0,39.957,-75.176, , 
76187,867179,2011095470,6,67,67301,2011,7,3,1600,16,1,1,0,5,1, , ,N,2,3,0,3,0,1,3,3,N,N,39 54:26.168,75 13:41.483,1700, ,1600, ,0, , , ,3, , , , , , , , , ,3,1,0,0,0,0,1,1,0,0,0,0,1,1,0,0,1,0,0,0,0,0,1,1,0,0,0,0,0,0,0,0,0,0,0,8,0,39.9073,-75.2282, , 
76188,867187,2011107701,6,67,67301,2011,9,1,211,2,3,1,0,7,2, , ,N,0,0,3,3,0,0,1,1,N,N,39 56:30.476,75 11:39.475,211, ,211,2,2,3,N, ,0,Y, , , , , , , , ,1,1,0,0,0,0,0,0,0,0,0,0,0,0,0,0,0,0,0,1,0,0,0,0,0,0,0,0,0,0,0,0,0,0,0,0,0,39.9404,-75.1957, , 
76189,867215,2012027741,6,67,67301,2011,12,7,2309,23,3,1,0,4,1, , ,N,2,0,0,3,0,2,2,2,N,N,40 01:45.424,75 10:17.145,2313, ,2311, ,0, ,N, ,0, , , , , , , , , ,2,2,0,0,0,0,0,0,0,0,2,0,2,0,0,0,0,0,0,0,0,0,0,2,0,0,0,0,0,0,0,0,0,0,0,3,0,40.0293,-75.1714, , 
76190,867227,2011112150,6,67,67301,2011,10,7,1252,12,1,1,0,4,1, , ,N,1,3,0,3,0,1,2,2,N, ,39 56:31.992,75 10:08.943,1257, ,1255, ,0, , , ,3, , , , , , , , , ,1,0,0,0,1,0,0,0,1,0,0,1,1,0,0,0,0,0,0,0,0,0,0,0,0,0,0,0,0,0,0,0,0,0,0,4,0,39.9422,-75.1692, , 
76191,867239,2011132891,6,67,67301,2011,11,1,1844,18,3,1,0,4,1, , ,N,1,0,0,3,0,0,2,2,N,N,39 59:13.322,75 10:27.753,1852, ,1844, ,0, ,N, ,0, , , , , , , , , ,2,1,0,0,0,0,1,0,0,0,0,0,0,0,2,0,0,0,0,0,0,0,0,0,0,0,0,0,0,0,0,0,0,0,0,9,0,39.987,-75.1744, , 
76192,867256,2012004345,6,67,67301,2011,12,6,1919,19,3,1,0,1,1, , ,N,2,9,0,3,0,1,3,2,N,N,40 02:25.794,75 08:39.500,1920, ,1920,1,1,2,N, ,9,N, , , , , , , , ,2,1,0,0,0,0,1,0,0,0,0,1,1,0,0,0,1,0,0,0,1,0,0,0,0,0,0,0,0,0,0,0,0,0,0,4,0,40.0405,-75.1443, , 
76193,867274,2011127061,6,67,67301,2011,11,4,1815,18,3,2,1,8,1, , ,N,1,2,0,3,0,1,2,2,N,N,40 00:21.292,75 06:48.158,1817, ,1817, ,0, ,N, ,3, , , , , , , , , ,1,0,0,0,0,0,1,0,0,0,1,0,1,0,1,0,0,0,0,0,1,0,0,1,0,0,0,0,0,0,0,0,1,0,0,3,0,40.0059,-75.1135, , 
76194,869598,2011118484,6,67,67301,2011,10,6,1940,19,3,1,0,4,1, , ,N,1,3,0,3,0,3,3,2,N,N,39 56:58.095,75 13:30.251,1948, ,1947, ,0, ,N, ,3, , , , , , , , , ,2,2,0,0,0,0,0,0,0,0,0,3,3,0,0,0,0,0,0,0,2,0,0,0,0,0,0,0,0,0,0,0,0,0,0,4,0,39.9495,-75.2251, , 
76195,869605,2011131044,6,67,67301,2011,11,2,9999,99,1,1,0,4,1, , ,N,0,2,0,3,0,3,4,2,N, ,40 00:45.708,75 04:21.269,1020, ,1012, ,0, , , ,3, , , , , , , , , ,2,1,0,0,0,0,1,0,0,0,0,0,3,3,0,0,0,0,0,0,1,0,0,0,0,0,0,0,0,0,0,0,0,0,0,8,0,40.0127,-75.0728, , 
76196,869613,2012018235,6,67,67301,2011,4,2,1750,17,4,1,0,1,1, , ,N,0,0,0,3,0,1,2,2,N,N,39 56:38.267,75 09:08.127,0, ,0, ,0, ,N, ,0, , , , , , , , , ,2,1,0,0,0,0,1,0,0,0,0,0,1,1,0,0,0,0,0,0,2,0,0,0,0,0,0,0,0,0,0,0,0,0,0,8,0,39.944,-75.1523, , 
76197,869614,2012022655,6,67,67301,2011,9,2,1200,12,1,1,0,1,1, , ,N,1,2,0,3,0,2,3,2,N,N,40 03:59.367,75 11:46.819,0, ,0, ,0, ,N, ,3, , , , , , , , , ,2,2,0,0,0,0,0,0,0,0,0,0,2,2,0,0,0,0,0,0,0,1,1,0,0,0,0,0,0,0,0,0,0,0,0,8,0,40.0665,-75.1963, , 
76198,869618,2012009983,6,67,67301,2011,12,2,1504,15,1,1,0,4,1, , ,N,1,2,0,3,0,2,6,2,N,N,39 56:21.685,75 13:03.003,1632, ,1630, ,0, ,N, ,3, , , , , , , , , ,2,2,0,0,0,0,0,0,0,0,0,0,2,2,1,0,0,0,0,0,0,0,0,0,0,0,0,0,0,0,0,0,0,0,0,8,0,39.9394,-75.2175, , 
76199,869622,2011114839,6,67,67301,2011,10,1,403,4,3,4,6,7,2, , ,N,0,0,0,3,0,0,2,1,N,N,40 01:48.693,75 01:19.603,403, ,403,1,2,2,N, ,0,N, , , , , , , , ,1,1,0,0,0,0,0,0,0,0,0,0,0,0,0,0,0,0,0,0,0,0,0,0,0,0,0,0,0,0,0,0,0,0,0,0,0,40.0303,-75.0221, , 
76200,869639,2011132702,6,67,67301,2011,11,3,1010,10,1,1,0,8,6, , ,N,0,0,0,3,0,1,2,2,N,N,39 57:16.632,75 11:38.555,1025, ,1023, ,0, ,N, ,0, , , , , , , , , ,1,1,0,0,0,0,0,0,0,0,0,1,1,0,0,0,0,0,0,0,0,0,0,0,0,0,0,0,0,0,0,0,1,0,0,4,0,39.9546,-75.1941, , 
76201,869643,2012004215,6,67,67301,2011,12,1,2218,22,3,1,0,1,1, , ,N,1,2,0,3,0,0,2,2,N,N,39 55:17.972,75 11:24.679,2245, ,2234, ,0, ,N, ,3, , , , , , , , , ,2,2,0,0,0,0,0,0,0,0,0,0,0,0,0,0,0,0,0,0,0,0,0,0,0,0,0,0,0,0,0,0,0,0,0,0,0,39.9217,-75.1902, , 
76202,869645,2012021316,6,67,67301,2011,7,3,2155,21,6,1,0,4,1, , ,N,0,0,7,3,0,2,4,2, , ,40 03:18.658,75 05:24.455,0, ,0, ,0, , , ,0, , , , , , , , , ,2,2,0,0,0,0,0,0,0,0,0,1,2,1,0,0,0,0,0,0,0,0,0,0,0,0,0,0,0,0,0,0,0,0,0,4,0,40.0552,-75.0901, , 
76203,869662,2011082537,6,67,67301,2011,7,2,1340,13,1,1,0,4,1, , ,N,2,0,0,3,0,3,5,2,N, ,40 01:11.539,75 06:38.937,1350, ,1345, ,0, , , ,0, , , , , , , , , ,2,2,0,0,0,0,0,0,0,0,0,0,3,3,0,0,0,0,0,0,2,0,0,0,0,0,0,0,0,0,0,0,0,0,0,8,0,40.0199,-75.1108, , 
76204,869666,2011118889,6,67,67301,2011,10,1,1251,12,1,1,0,4,1, , ,N,0,0,3,3,0,2,4,2,N,N,39 53:33.513,75 11:49.830,1314, ,1255,2,1,1,N, ,0,N, , , , , , , , ,2,1,0,0,0,0,0,1,0,0,2,0,2,0,1,0,0,0,0,0,0,0,0,0,0,0,0,0,0,0,0,0,0,0,0,3,0,39.8926,-75.1972, , 
76205,869679,2012004916,6,67,67301,2011,12,1,1628,16,1,1,0,4,1, , ,N,2,2,0,3,0,4,6,2,N,N,40 01:18.103,75 08:23.224,1634, ,1630,1,1,4,N, ,3,N, , , , , , , , ,2,2,0,0,0,0,0,0,0,0,0,2,4,2,0,0,0,0,0,0,0,0,0,1,0,0,0,0,0,0,0,0,0,0,0,4,0,40.0217,-75.1398, , 
76206,869693,2012010008,6,67,67301,2011,12,5,1250,12,1,1,0,1,1, , ,N,1,2,0,3,0,0,2,2,N, ,39 55:54.074,75 10:05.339,1308, ,1301, ,0, , , ,3, , , , , , , , , ,2,1,0,0,0,0,1,0,0,0,0,0,0,0,0,0,0,0,0,0,0,0,0,0,0,0,0,0,0,0,0,0,0,0,0,0,0,39.9317,-75.168, , 
76207,869698,2011115489,6,67,67301,2011,10,4,9999,99,3,2,1,8,1, , ,N,1,3,0,3,0,1,2,2,N,Y,39 54:32.202,75 14:55.784,1939, ,1933, ,0, ,N, ,3, , , , , , , , , ,1,1,0,0,0,0,0,0,0,0,0,0,1,1,0,0,0,0,0,0,0,0,0,0,0,0,0,0,0,0,0,0,1,0,0,8,0,39.9089,-75.2488, , 
76208,869701,2011118095,6,67,67301,2011,10,1,830,8,1,1,0,8,1, , ,N,1,2,0,3,0,1,2,2,N,N,39 57:39.747,75 08:41.293,834, ,832, ,0, ,N, ,3, , , , , , , , , ,1,1,0,0,0,0,0,0,0,0,1,0,1,0,0,0,0,0,0,0,1,0,0,0,0,0,0,0,0,0,0,0,1,0,0,3,0,39.9609,-75.145, , 
76209,869721,2011118059,6,67,67301,2011,10,2,940,9,1,1,0,1,1, , ,N,0,0,7,3,0,8,11,2,N,N,39 59:21.780,75 09:19.672,949, ,941, ,0, , , ,0, , , , , , , , , ,2,1,0,1,0,0,0,0,0,0,0,0,8,8,0,0,0,0,0,0,0,0,0,0,0,0,0,0,0,0,0,0,0,0,0,8,1,39.9894,-75.1555, , 
76210,869724,2011126440,6,67,67301,2011,11,6,1930,19,3,1,0,4,1, , ,N,1,2,0,3,0,0,3,3,N,N,40 01:32.307,75 10:53.973,2113, ,2109, ,0, ,N, ,3, , , , , , , , , ,3,1,0,1,1,0,0,0,0,0,0,0,0,0,0,0,0,0,0,0,1,0,0,0,0,0,0,0,0,0,0,0,0,0,0,0,1,40.0256,-75.1817, , 
76211,869725,2011126449,6,67,67301,2011,11,1,2124,21,3,1,0,4,1, , ,N,1,2,0,3,0,0,2,2,N,N,40 03:12.823,75 10:40.715,2125, ,2124, ,0, ,Y, ,3, , , , , , , , , ,2,2,0,0,0,0,0,0,0,0,0,0,0,0,0,0,0,0,0,0,0,0,0,0,0,0,0,0,0,0,0,0,0,0,0,0,0,40.0536,-75.178, , 
76212,869740,2012013436,6,67,67301,2011,12,5,721,7,1,1,0,4,1, , ,N,1,2,0,3,0,0,2,2,N,N,40 01:50.672,75 11:15.838,728, ,723,1,1,5,N, ,3,N, , , , , , , , ,2,2,0,0,0,0,0,0,0,0,0,0,0,0,0,0,0,0,0,0,1,0,0,0,0,0,0,0,0,0,0,0,0,0,0,0,0,40.0308,-75.1878, , 
76213,867277,2011131046,6,67,67301,2011,11,4,9999,99,1,2,1,1,1, , ,N,0,0,0,3,0,1,2,2,N,N,39 54:02.405,75 10:30.669,9999, ,9999, ,0, ,N, ,0, , , , , , , , , ,2,2,0,0,0,0,0,0,0,0,0,0,1,1,0,0,0,0,0,0,2,0,0,0,0,0,0,0,0,0,0,0,0,0,0,8,0,39.9007,-75.1752, , 
76214,867294,2011126420,6,67,67301,2011,11,3,1750,17,4,1,0,1,1, , ,N,5,2,0,3,0,1,3,2,N, ,39 59:52.195,75 06:39.459,1755, ,1752, ,0, , , ,3, , , , , , , , , ,2,1,0,0,1,0,0,0,0,0,0,0,1,1,0,0,0,0,0,0,1,0,0,0,0,0,0,0,0,0,0,0,0,0,0,8,0,39.9978,-75.111, , 
76215,867298,2011134748,6,67,67301,2011,11,7,2202,22,3,1,0,7,5, , ,N,0,0,0,3,0,1,1,1,N,N,40 00:07.960,75 12:38.840,14, ,9, ,0, ,N, ,0, , , , , , , , , ,1,0,0,0,0,0,1,0,0,0,0,1,1,0,0,0,0,0,0,0,0,0,0,0,0,0,0,0,0,0,0,0,0,0,0,4,0,40.0022,-75.2108, , 
76216,867300,2012002063,6,67,67301,2011,11,1,1838,18,3,1,0,4,1, , ,N,1,3,0,3,0,1,2,3,N,N,39 58:39.298,75 07:33.440,1842, ,1840, ,0, , , ,3, , , , , , , , , ,3,2,0,0,0,0,1,0,0,0,0,1,1,0,1,0,0,0,0,0,0,0,0,1,0,0,0,0,0,0,0,0,0,0,0,4,0,39.9776,-75.126, , 
76217,867308,2011126333,6,67,67301,2011,11,7,1212,12,1,1,0,4,1, , ,N,2,2,0,3,0,7,7,2,N,N,40 05:30.716,75 02:50.638,1216, ,1214,1,1,3, , ,3,N, , , , , , , , ,2,2,0,0,0,0,0,0,0,0,0,7,7,0,0,0,0,1,0,0,0,0,1,0,0,0,0,0,0,0,0,0,0,0,0,4,0,40.0919,-75.0474, , 
76218,867343,2011132908,6,67,67301,2011,11,2,1746,17,3,1,0,4,1, , ,N,1,2,0,3,0,0,5,2,N,N,40 06:18.581,75 01:58.245,1750, ,1746, ,0, ,N, ,3, , , , , , , , , ,2,2,0,0,0,0,0,0,0,0,0,0,0,0,0,1,0,0,1,0,0,0,0,0,0,0,0,0,0,0,0,0,0,0,0,0,0,40.1052,-75.0328, , 
76219,867353,2011132899,6,67,67301,2011,10,1,1945,19,3,1,0,4,1, , ,N,1,3,0,3,0,1,2,2,N,N,39 56:48.919,75 11:00.412,2015, ,2010, ,0, ,N, ,3, , , , , , , , , ,2,2,0,0,0,0,0,0,0,0,0,0,1,1,1,0,0,0,0,0,0,0,0,1,0,0,0,0,0,0,0,0,0,0,0,8,0,39.9469,-75.1834, , 
76220,867359,2012005002,6,67,67301,2011,12,2,1535,15,1,1,0,4,1, , ,N,1,3,0,3,0,1,2,2,N,N,40 02:25.094,75 10:54.922,1550, ,1540, ,0, ,N, ,3, , , , , , , , , ,1,1,0,0,0,0,0,0,1,0,0,0,1,1,0,0,0,0,0,0,0,0,0,0,0,0,0,0,0,0,0,0,0,0,0,8,0,40.0403,-75.1819, , 
76221,867360,2012017914,6,67,67301,2011,12,1,1932,19,3,1,0,5,5, , ,N,0,3,0,3,0,0,2,4,N,N,39 55:38.287,75 09:37.436,1940, ,1935, ,0, , , ,3, , , , , , , , , ,4,4,0,0,0,0,0,0,0,0,0,0,0,0,1,0,0,0,0,0,0,0,0,0,0,0,0,0,0,0,0,0,0,0,0,9,0,39.9273,-75.1604, , 
76222,867374,2011115471,6,67,67301,2011,10,5,1313,13,1,1,0,4,1, , ,N,0,0,7,3,0,21,30,2,N,N,39 58:45.192,75 09:43.296,1328, ,1325, ,0, , , ,0, , , , , , , , , ,2,0,0,1,0,0,0,1,0,0,0,0,21,21,0,0,0,0,0,0,0,0,0,0,0,0,0,0,0,0,0,0,0,0,0,8,1,39.9792,-75.162, , 
76223,867405,2011132898,6,67,67301,2011,11,4,1102,11,1,1,0,5,1, , ,N,3,2,0,3,0,1,2,2,N, ,39 57:17.234,75 09:58.979,1109, ,1105, ,0, , , ,3, , , , , , , , , ,1,1,0,0,0,0,0,0,1,0,0,0,1,1,0,0,0,0,0,0,0,1,0,1,0,0,0,0,0,0,0,0,0,0,0,8,0,39.9548,-75.1664, , 
76224,867410,2012004224,6,67,67301,2011,12,5,2339,23,3,1,0,8,1, , ,N,2,3,0,3,0,1,2,2,N, ,39 56:00.596,75 11:30.487,0, ,2355, ,0, , , ,3, , , , , , , , , ,1,0,0,0,0,0,1,0,0,0,0,1,1,0,0,0,0,0,0,0,0,0,0,0,0,0,0,0,0,0,0,0,1,0,0,4,0,39.9335,-75.1918, , 
76225,867413,2012012590,6,67,67301,2011,12,5,1813,18,3,1,0,4,1, , ,N,1,2,0,3,0,1,2,2,N,N,39 57:08.078,75 12:24.915,1815, ,1813, ,0, ,N, ,3, , , , , , , , , ,1,0,0,0,0,0,0,1,1,0,0,0,1,1,0,0,0,0,0,0,1,0,0,0,0,0,0,0,0,0,0,0,0,0,0,8,0,39.9522,-75.2069, , 
76226,867432,2011115526,6,67,67301,2011,10,2,914,9,1,1,0,4,1, , ,N,1,2,0,3,0,2,4,2,N,N,40 02:44.278,75 04:17.368,919, ,915,2,2,7, , ,3,Y, , , , , , , , ,2,2,0,0,0,0,0,0,0,0,2,0,2,0,0,0,0,0,0,0,0,0,0,0,0,0,0,0,0,0,0,0,0,0,0,3,0,40.0456,-75.0714, , 
76227,867436,2011118073,6,67,67301,2011,10,3,1148,11,1,1,0,7,2, , ,N,2,0,0,3,0,1,1,1,N, ,40 01:14.130,75 08:26.293,1202, ,1158,2,1,1, , ,0,N, , , , , , , , ,1,1,0,0,0,0,0,0,0,0,0,0,1,1,0,0,0,0,0,0,0,0,0,0,0,0,0,0,0,0,0,0,0,0,0,8,0,40.0206,-75.1407, , 
76228,867437,2011118898,6,67,67301,2011,11,7,2017,20,3,1,0,1,1, , ,N,0,0,0,3,0,2,4,2,N,N,40 01:30.879,75 01:43.573,2021, ,2021,1,1,1,N, ,0,N, , , , , , , , ,2,2,0,0,0,0,0,0,0,0,0,2,2,0,0,0,0,0,0,0,0,1,0,0,0,0,0,0,0,0,0,0,0,0,0,4,0,40.0251,-75.029, , 
76229,867459,2011112313,6,67,67301,2011,10,5,1430,14,1,1,0,9,1, , ,N,0,0,0,3,0,1,2,2,N, ,39 56:34.169,75 13:06.452,1440, ,1431, ,0, , , ,0, , , , , , , , , ,1,1,0,0,0,0,0,0,1,0,1,0,1,0,0,0,0,0,0,0,0,0,0,0,0,0,0,0,0,0,0,0,0,0,0,3,0,39.9428,-75.2185, , 
76230,867460,2011112431,6,67,67301,2011,10,1,806,8,1,1,5,7,3, , ,N,0,0,8,3,0,1,1,1,N,N,39 59:53.494,75 04:49.364,853, ,817,1,2,1,N, ,0,N, , , , , , , , ,1,1,0,0,0,0,0,0,0,0,0,1,1,0,0,0,0,0,0,0,0,0,0,0,0,0,0,0,0,0,0,0,0,0,0,4,0,39.9982,-75.0804, , 
76231,869777,2011132661,6,67,67301,2011,11,5,1000,10,1,1,0,4,1, , ,N,1,2,0,3,0,1,2,2,N,N,39 57:47.892,75 10:37.748,1013, ,1005, ,0, ,N, ,3, , , , , , , , , ,2,1,0,0,0,0,1,0,0,0,0,0,1,1,0,0,0,0,0,0,0,0,0,0,0,0,0,0,0,0,0,0,0,0,0,8,0,39.9632,-75.1771, , 
76232,869781,2012001909,6,67,67301,2011,12,5,1824,18,3,1,0,8,1, , ,N,1,3,0,3,0,1,2,2,N, ,39 59:34.659,75 10:17.209,1842, ,1834, ,0, , , ,3, , , , , , , , , ,1,0,0,0,0,0,1,0,0,0,0,1,1,0,0,0,0,0,0,0,0,0,1,0,0,0,0,0,0,0,0,0,1,0,0,4,0,39.993,-75.1714, , 
76233,869783,2012010092,6,67,67301,2011,12,5,758,7,1,1,0,1,1, , ,N,0,0,0,3,0,0,4,3,N,N,39 57:26.734,75 12:14.188,843, ,843, ,0, ,N, ,0, , , , , , , , , ,3,2,0,0,0,1,0,0,0,0,0,0,0,0,0,0,0,0,0,0,1,0,0,0,0,0,0,0,0,0,0,0,0,0,0,0,1,39.9574,-75.2039, , 
76234,869795,2012004968,6,67,67301,2011,12,7,142,1,3,1,0,7,2, , ,N,0,0,0,3,0,1,1,2,N,N,40 00:12.715,75 13:17.176,142, ,144, ,0, ,N, ,0, , , , , , , , , ,2,1,0,0,0,0,0,1,0,0,0,1,1,0,0,0,0,0,0,0,0,0,0,0,0,0,0,0,0,0,0,0,0,0,0,4,0,40.0035,-75.2214, , 
76235,869837,2012023540,6,67,67301,2011,9,6,1600,16,1,1,0,5,1, , ,N,1,3,0,3,0,2,3,2,N,N,40 03:30.710,75 04:43.351,0, ,0, ,0, ,N, ,3, , , , , , , , , ,2,1,0,0,0,0,1,0,0,0,0,0,2,2,0,0,0,0,0,0,1,0,0,0,0,0,0,0,0,0,0,0,0,0,0,8,0,40.0585,-75.0788, , 
76236,869859,2011073204,6,67,67301,2011,6,1,310,3,3,1,0,4,1, , ,N,1,2,0,3,0,1,2,2, , ,39 57:10.616,75 09:34.855,9999, ,9999, ,0, , , ,3, , , , , , , , , ,1,0,0,0,0,0,0,1,1,0,0,1,1,0,1,0,0,0,0,0,0,0,0,0,0,0,0,0,0,0,0,0,0,0,0,4,0,39.9529,-75.1597, , 
76237,869860,2011073322,6,67,67301,2011,6,4,1245,12,1,1,0,8,1, , ,N,0,0,0,3,0,1,2,2,N,N,39 57:24.616,75 09:45.170,1245, ,1245, ,0, ,N, ,0, , , , , , , , , ,1,1,0,0,0,0,0,0,0,0,0,0,1,1,0,0,0,0,0,0,0,0,0,0,0,0,0,0,0,0,0,0,1,0,0,8,0,39.9568,-75.1625, , 
76238,869874,2011083433,6,67,67301,2011,7,4,1748,17,1,1,0,8,6, , ,N,0,0,0,3,0,1,3,3,N,N,39 56:54.105,75 13:09.999,1751, ,1750, ,0, ,N, ,0, , , , , , , , , ,1,0,0,0,1,0,0,0,0,0,0,0,1,1,0,0,0,0,0,0,0,0,0,0,0,0,0,0,0,0,0,0,2,0,0,8,0,39.9484,-75.2194, , 
76239,869887,2011093005,6,67,67301,2011,11,5,1639,16,1,1,0,4,1, , ,N,2,3,0,3,0,1,4,2,N, ,40 01:52.664,75 03:58.343,1643, ,1640, ,0, , , ,3, , , , , , , , , ,2,2,0,0,0,0,0,0,0,0,0,0,1,1,2,0,0,0,0,1,1,0,0,3,0,0,0,0,0,0,0,0,0,0,0,8,0,40.0313,-75.0662, , 
76240,869922,2011121465,6,67,67301,2011,11,6,1459,14,1,1,0,1,1, , ,N,0,0,0,3,0,0,2,2,N,N,39 53:13.461,75 12:56.128,1513, ,1501, ,0, ,N, ,0, , , , , , , , , ,2,1,0,0,0,0,0,1,0,0,0,0,0,0,0,0,0,0,0,0,0,0,0,0,0,0,0,0,0,0,0,0,0,0,0,0,0,39.8871,-75.2156, , 
76241,869935,2012004856,6,67,67301,2011,12,5,509,5,2,1,1,8,1, , ,N,1,2,0,3,0,1,2,2,N,N,39 58:27.123,75 09:23.824,514, ,511, ,0, ,N, ,3, , , , , , , , , ,1,1,0,0,0,0,0,0,0,0,0,1,1,0,0,0,0,0,0,0,0,0,1,0,0,0,0,0,0,0,0,0,1,0,0,4,0,39.9742,-75.1566, , 
76242,869936,2012022622,6,67,67301,2011,12,5,1445,14,1,1,0,4,1, , ,N,0,0,7,3,0,1,6,2,N,N,40 04:51.757,75 10:19.303,1445, ,1445, ,0, ,N, ,0, , , , , , , , , ,2,1,0,0,0,0,1,0,0,0,0,0,1,1,0,0,0,0,0,0,1,0,0,0,0,0,0,0,0,0,0,0,0,0,0,8,0,40.081,-75.172, , 
76243,869937,2011100294,6,67,67301,2011,8,4,1708,17,1,1,0,5,1, , ,N,0,0,0,3,0,3,5,4,N,N,40 01:29.081,75 08:52.309,1709, ,1708, ,0, ,N, ,0, , , , , , , , , ,4,1,0,0,1,0,2,0,0,0,1,2,3,0,0,0,0,0,0,1,2,0,0,0,0,0,0,0,0,0,0,0,0,0,0,3,0,40.0247,-75.1479, , 
76244,869949,2011112241,6,67,67301,2011,10,2,1555,15,1,1,0,4,1, , ,N,1,3,0,3,0,1,2,3,N,N,39 59:52.821,75 07:45.821,1605, ,1601, ,0, , , ,3, , , , , , , , , ,3,1,0,0,1,0,0,1,0,0,0,1,1,0,1,0,0,0,0,0,0,1,0,1,0,0,0,0,0,0,0,0,0,0,0,4,0,39.998,-75.1294, , 
76245,869973,2012004291,6,67,67301,2011,12,3,1513,15,1,2,1,1,1, , ,N,5,2,0,3,0,0,3,3,N,N,40 06:15.034,75 00:07.000,1515, ,1514,1,1,1,N, ,3,N, , , , , , , , ,3,1,0,0,0,0,0,1,0,0,0,0,0,0,1,0,0,0,0,0,1,0,0,0,0,0,0,0,0,0,0,0,0,0,0,9,0,40.1042,-75.002, , 
76246,869974,2012004998,6,67,67301,2011,12,4,1437,14,1,2,1,1,1, , ,N,0,2,0,3,0,0,3,2,N,N,40 06:00.762,75 01:18.428,1516, ,1514, ,0, ,N, ,3, , , , , , , , , ,2,2,0,0,0,0,0,0,0,0,0,0,0,0,1,0,0,0,0,0,0,0,0,0,0,0,0,0,0,0,0,0,0,0,0,9,0,40.1002,-75.0218, , 
76247,869975,2012010093,6,67,67301,2011,12,3,2147,21,3,1,1,1,1, , ,N,0,0,0,3,0,1,5,3,N, ,40 01:34.961,75 07:01.996,2159, ,2150,1,1,1, , ,0,N, , , , , , , , ,2,1,0,0,0,0,0,1,0,0,0,1,1,0,0,0,0,0,0,0,1,0,0,0,0,0,0,0,0,0,0,0,1,0,0,4,0,40.0264,-75.1172, , 
76248,869982,2011073637,6,67,67301,2011,7,1,1354,13,1,1,0,1,1, , ,N,0,0,0,3,0,2,3,2,N,N,39 59:30.502,75 12:08.295,1358, ,1355, ,0, ,N, ,0, , , , , , , , , ,2,1,0,0,0,0,1,0,0,0,1,1,2,0,0,0,0,0,0,0,0,0,0,0,0,0,0,0,0,0,0,0,0,0,0,3,0,39.9918,-75.2023, , 
76249,867483,2012004226,6,67,67301,2011,12,4,1622,16,3,2,1,1,1, , ,N,2,2,0,3,0,1,2,2,N,N,40 05:47.006,74 58:15.579,1833, ,1833, ,0, , , ,3, , , , , , , , , ,2,2,0,0,0,0,0,0,0,0,0,1,1,0,0,0,0,0,0,0,1,0,0,0,0,0,0,0,0,0,0,0,0,0,0,4,0,40.0964,-74.971, , 
76250,867485,2012017912,6,67,67301,2011,9,1,220,2,3,1,0,8,3, , ,N,1,2,0,3,0,1,2,2,N,N,39 56:57.599,75 09:51.029,223, ,220, ,0, , , ,3, , , , , , , , , ,1,0,0,0,0,0,1,0,0,0,0,0,1,1,0,0,0,0,0,0,0,0,0,0,0,0,0,0,0,0,0,0,1,0,0,8,0,39.9493,-75.1642, , 