objectid_1,objectid,crn,district,county,municipality,crash_year,crash_month,day_of_week,time_of_day,hour_of_day,illumination,weather,road_condition,collision_type,relation_to_road,work_zone_type,work_zone_loc,work_zone_ind,intersect_type,tcd_type,location_type,urban_rural,fatal_count,injury_count,person_count,total_units,sch_bus_ind,sch_zone_ind,latitude,longitude,arrival_tm,cons_zone_spd_lim,dispatch_tm,est_hrs_closed,lane_closed,ln_close_dir,ntfy_hiwy_maint,spec_juris_cd,tcd_func_cd,tfc_detour_ind,workers_pres,wz_close_detour,wz_flagger,wz_law_offcr_ind,wz_ln_closure,wz_moving,wz_other,wz_shlder_mdn,vehicle_count,automobile_count,motorcycle_count,bus_count,small_truck_count,heavy_truck_count,suv_count,van_count,bicycle_count,maj_inj_count,mod_inj_count,min_inj_count,tot_inj_count,unk_inj_deg_count,unk_inj_per_count,driver_count_16yr,driver_count_17yr,driver_count_18yr,driver_count_19yr,driver_count_20yr,driver_count_50_64yr,driver_count_65_74yr,driver_count_75plus,unbelted_occ_count,unb_death_count,unb_maj_inj_count,belted_death_count,belted_maj_inj_count,mcycle_death_count,mcycle_maj_inj_count,bicycle_death_count,bicycle_maj_inj_count,ped_count,ped_death_count,ped_maj_inj_count,max_severity_level,comm_veh_count,dec_lat,dec_long,rdwy_surf_type_cd,county_name
76385,859789,2011095381,6,67,67301,2011,8,2,1030,10,1,1,0,1,1, , ,N,1,0,0,3,0,1,2,2,N,N,40 02:34.612,75 07:11.211,1005, ,1000, ,0, ,N, ,0, , , , , , , , , ,2,1,0,0,1,0,0,0,0,0,0,1,1,0,1,0,0,0,0,0,0,0,0,0,0,0,0,0,0,0,0,0,0,0,0,4,0,40.0429,-75.1198, , 
76386,859796,2011100709,6,67,67301,2011,9,4,1318,13,1,1,1,4,1, , ,N,1,2,0,3,0,0,2,2,N,N,39 56:45.520,75 11:03.285,1324, ,1319, ,0, ,N, ,3, , , , , , , , , ,2,1,0,0,1,0,0,0,0,0,0,0,0,0,0,0,0,0,0,0,2,0,0,0,0,0,0,0,0,0,0,0,0,0,0,0,1,39.946,-75.1842, , 
76387,859802,2011106138,6,67,67301,2011,9,5,1158,11,1,1,0,4,1, , ,N,1,2,0,3,0,2,3,2,N, ,39 59:14.726,75 13:56.711,1246, ,1244,1,1,1, , ,3,N, , , , , , , , ,2,1,0,0,0,0,0,1,0,0,0,2,2,0,0,0,0,0,0,0,1,0,0,0,0,0,0,0,0,0,0,0,0,0,0,4,0,39.9874,-75.2324, , 
76388,859803,2011106204,6,67,67301,2011,7,5,825,8,1,1,0,1,1, , ,N,0,0,0,3,0,1,6,3,N,N,39 59:13.444,75 10:28.624,905, ,855, ,0, ,N, ,0, , , , , , , , , ,3,1,0,0,0,1,0,1,0,0,0,1,1,0,0,0,0,0,0,0,1,0,0,0,0,0,0,0,0,0,0,0,0,0,0,4,1,39.9871,-75.1746, , 
76389,859811,2012002123,6,67,67301,2011,12,5,1747,17,3,1,0,8,1, , ,N,1,3,0,3,0,1,2,2,N,N,40 02:21.688,75 08:26.775,1925, ,1915, ,0, ,N, ,3, , , , , , , , , ,1,1,0,0,0,0,0,0,0,0,0,1,1,0,1,0,0,0,0,0,0,0,0,0,0,0,0,0,0,0,0,0,1,0,0,4,0,40.0394,-75.1408, , 
76390,859812,2012012645,6,67,67301,2011,12,6,315,3,3,1,0,5,1, , ,N,0,0,0,3,0,1,1,2,N,N,40 00:34.644,75 09:14.789,345, ,329, ,0, ,N, ,0, , , , , , , , , ,2,0,0,0,0,0,1,1,0,0,0,1,1,0,0,0,0,0,0,0,0,0,0,1,0,0,0,0,0,0,0,0,0,0,0,4,0,40.0096,-75.1542, , 
76391,859814,2011115501,6,67,67301,2011,10,1,1610,16,1,1,0,8,1, , ,N,1,0,0,3,0,1,2,2,N,N,40 01:40.141,75 08:12.440,1628, ,1614, ,0, ,N, ,0, , , , , , , , , ,1,1,0,0,0,0,0,0,0,0,0,0,1,1,0,0,0,0,0,0,0,0,0,0,0,0,0,0,0,0,0,0,1,0,0,8,0,40.0278,-75.1368, , 
76392,859823,2011122830,6,67,67301,2011,11,4,840,8,1,1,0,4,1, , ,N,0,0,7,3,0,2,2,2,N, ,40 02:09.242,75 04:12.936,850, ,844, ,0, , , ,0, , , , , , , , , ,2,2,0,0,0,0,0,0,0,0,0,0,2,2,0,0,0,0,0,0,0,0,0,0,0,0,0,0,0,0,0,0,0,0,0,8,0,40.0359,-75.0703, , 
76393,862482,2011115463,6,67,67301,2011,10,6,1130,11,1,1,0,1,1, , ,N,0,2,0,3,0,1,4,4,N,N,40 03:30.914,75 11:22.665,1145, ,1136,1,1,2,N, ,3,N, , , , , , , , ,4,2,0,0,0,0,2,0,0,0,0,1,1,0,0,0,0,0,0,0,0,0,0,1,0,0,0,0,0,0,0,0,0,0,0,4,0,40.0586,-75.1896, , 
76394,862512,2011118191,6,67,67301,2011,10,4,854,8,1,1,0,4,1, , ,N,2,0,0,3,0,1,2,2,N,N,40 01:47.599,75 12:23.218,858, ,855, ,0, ,N, ,0, , , , , , , , , ,1,1,0,0,0,0,0,0,1,0,0,0,1,1,0,0,0,0,0,0,0,0,0,0,0,0,0,0,0,0,0,0,0,0,0,8,0,40.0299,-75.2064, , 
76395,862532,2011115252,6,67,67301,2011,10,3,215,2,3,1,0,4,1, , ,N,1,2,0,3,0,3,5,2,N,N,39 57:28.508,75 09:50.910,228, ,224, ,0, ,N, ,3, , , , , , , , , ,2,2,0,0,0,0,0,0,0,0,0,3,3,0,2,0,0,0,0,0,0,0,0,0,0,0,0,0,0,0,0,0,0,0,0,4,0,39.9579,-75.1641, , 
76396,862533,2011117279,6,67,67301,2011,10,7,9999,99,1,1,0,4,1, , ,N,1,2,0,3,0,1,2,2,N, ,39 57:34.089,75 09:43.114,1815, ,1807, ,0, , , ,3, , , , , , , , , ,1,1,0,0,0,0,0,0,1,0,1,0,1,0,0,0,0,0,0,0,0,0,0,0,0,0,0,0,0,0,0,0,0,0,0,3,0,39.9595,-75.162, , 
76397,862542,2011122841,6,67,67301,2011,11,6,846,8,1,1,0,1,1, , ,N,0,0,0,3,0,1,3,2,N,N,40 02:46.574,75 03:07.088,855, ,850,1,1,1,N, ,0,N, , , , , , , , ,2,2,0,0,0,0,0,0,0,0,0,1,1,0,0,0,0,0,0,0,0,0,1,0,0,0,0,0,0,0,0,0,0,0,0,4,0,40.0463,-75.052, , 
76398,862551,2012002519,6,67,67301,2011,11,3,1212,12,1,9,0,4,1, , ,N,1,2,0,3,0,1,2,2,N,N,40 03:07.621,75 08:30.380,1255, ,1246, ,0, ,N, ,3, , , , , , , , , ,2,0,0,0,0,0,2,0,0,0,0,0,1,1,0,0,0,0,0,0,0,1,0,0,0,0,0,0,0,0,0,0,0,0,0,8,0,40.0521,-75.1418, , 
76399,862552,2012007901,6,67,67301,2011,11,6,1135,11,1,1,0,4,1, , ,N,1,2,0,3,0,1,3,2,N,N,39 56:59.870,75 14:06.658,1212, ,1209, ,0, ,N, ,3, , , , , , , , , ,2,2,0,0,0,0,0,0,0,0,0,1,1,0,0,0,0,0,0,0,0,1,0,0,0,0,0,0,0,0,0,0,0,0,0,4,0,39.95,-75.2352, , 
76400,862575,2011127039,6,67,67301,2011,11,3,1318,13,1,1,0,8,1, , ,N,0,0,7,3,0,1,2,2,N,N,40 02:01.391,75 10:33.487,1322, ,1318, ,0, ,N, ,0, , , , , , , , , ,1,1,0,0,0,0,0,0,0,0,0,0,1,1,1,0,0,0,0,0,1,0,0,1,0,0,0,0,0,0,0,0,1,0,0,8,0,40.0337,-75.176, , 
76401,862588,2011132631,6,67,67301,2011,11,3,1905,19,4,1,0,8,9, , ,N,2,2,0,3,0,1,2,2,N,N,39 57:22.442,75 13:10.587,1913, ,1912, ,0, ,N, ,9, , , , , , , , , ,1,1,0,0,0,0,0,0,0,0,0,0,1,1,0,0,0,0,0,0,0,0,0,0,0,0,0,0,0,0,0,0,1,0,0,8,0,39.9562,-75.2196, , 
76402,862593,2012002125,6,67,67301,2011,12,3,2354,23,3,2,1,2,1, , ,N,1,0,0,3,0,1,3,2,N,N,40 00:57.350,75 09:13.935,1, ,2354, ,0, , , ,0, , , , , , , , , ,2,2,0,0,0,0,0,0,0,0,0,0,1,1,1,0,0,0,0,0,0,0,0,0,0,0,0,0,0,0,0,0,0,0,0,8,0,40.0159,-75.1538, , 
76403,862613,2011126443,6,67,67301,2011,11,4,647,6,1,1,0,7,4, , ,N,0,0,0,3,0,0,1,1,N, ,39 55:21.635,75 14:11.451,800, ,757, ,0, , , ,0, , , , , , , , , ,1,0,0,0,0,0,0,1,0,0,0,0,0,0,1,0,0,0,0,0,0,0,0,0,0,0,0,0,0,0,0,0,0,0,0,9,0,39.9227,-75.2365, , 
76404,862623,2011132716,6,67,67301,2011,11,1,457,4,3,1,0,1,6, , ,N,0,0,0,3,0,1,3,2,N, ,40 00:20.600,75 06:43.106,504, ,502,1,1,4, , ,0,N, , , , , , , , ,2,0,0,0,0,1,1,0,0,0,0,1,1,0,0,0,0,0,0,0,1,0,0,0,0,0,0,0,0,0,0,0,0,0,0,4,1,40.0057,-75.1121, , 
76405,862630,2012002034,6,67,67301,2011,12,3,830,8,1,2,1,4,1, , ,N,2,0,0,3,0,5,5,2,N,N,39 57:50.555,75 09:39.994,842, ,839, ,0, ,N, ,0, , , , , , , , , ,2,2,0,0,0,0,0,0,0,0,0,0,5,5,0,0,0,0,0,0,1,0,0,0,0,0,0,0,0,0,0,0,0,0,0,8,0,39.964,-75.161, , 
76406,862631,2012004347,6,67,67301,2011,12,6,1840,18,3,1,0,7,2, , ,N,0,2,0,3,0,0,2,1,N,N,40 03:15.531,75 08:28.579,1850, ,1843, ,0, ,N, ,3, , , , , , , , , ,1,1,0,0,0,0,0,0,0,0,0,0,0,0,0,0,0,0,0,0,0,0,1,0,0,0,0,0,0,0,0,0,0,0,0,0,0,40.0543,-75.1413, , 
76407,862633,2012023915,6,67,67301,2011,12,2,1630,16,1,1,0,1,1, , ,N,1,2,0,3,0,1,2,2,N,N,40 01:32.421,75 01:53.914,0, ,0, ,0, ,N, ,3, , , , , , , , , ,2,1,0,0,0,0,0,1,0,0,0,0,1,1,1,0,0,0,0,0,0,0,0,0,0,0,0,0,0,0,0,0,0,0,0,8,0,40.0257,-75.0316, , 
76408,862643,2011130284,6,67,67301,2011,5,2,244,2,3,2,1,1,1, , ,N,0,0,0,3,0,0,4,2,N,N,39 57:59.703,75 08:05.340,244, ,244,1,1,1,N, ,0,N, , , , , , , , ,2,2,0,0,0,0,0,0,0,0,0,0,0,0,0,0,0,0,0,0,1,0,0,0,0,0,0,0,0,0,0,0,0,0,0,0,0,39.9665,-75.135, , 
76409,862645,2011134755,6,67,67301,2011,12,5,1310,13,1,1,0,1,1, , ,N,1,2,0,3,0,1,4,2,N, ,40 00:56.278,75 03:47.424,1605, ,1600, ,0, , , ,3, , , , , , , , , ,2,2,0,0,0,0,0,0,0,0,0,0,1,1,2,0,0,0,0,0,1,0,0,0,0,0,0,0,0,0,0,0,0,0,0,8,0,40.0155,-75.0633, , 
76410,862688,2011112119,6,67,67301,2011,10,6,1650,16,1,1,0,5,2, , ,N,0,0,0,3,0,1,1,3,N, ,39 58:10.146,75 08:22.842,1651, ,1651,2,1,3, , ,0,N, , , , , , , , ,3,1,0,0,1,0,1,0,0,0,0,1,1,0,0,0,0,0,0,0,0,0,0,1,0,0,0,0,0,0,0,0,0,0,0,4,0,39.9695,-75.1397, , 
76411,854240,2012004885,6,67,67301,2011,12,1,143,1,3,9,0,8,1, , ,N,1,9,0,3,0,3,3,2,N,N,39 58:17.205,75 09:33.736,241, ,225,9,2,7,N, ,9,Y, , , , , , , , ,1,0,0,0,0,0,0,0,0,0,0,0,3,3,0,0,0,0,0,0,0,0,0,0,0,0,0,0,0,0,0,0,1,0,0,8,0,39.9714,-75.1594, , 
76412,854242,2012019505,6,67,67301,2011,4,1,425,4,6,1,0,1,1, , ,N,1,2,0,3,0,1,2,2,N,N,39 54:14.563,75 14:24.409,0, ,0, ,0, ,N, ,3, , , , , , , , , ,2,2,0,0,0,0,0,0,0,0,0,0,1,1,0,0,0,0,0,0,1,0,0,0,0,0,0,0,0,0,0,0,0,0,0,8,0,39.904,-75.2401, , 
76413,854250,2012010031,6,67,67301,2011,12,3,2210,22,3,2,1,4,1, , ,N,1,2,0,3,0,2,2,2,N,N,40 01:47.862,75 05:14.656,2231, ,2212,3,2,1,N, ,3,Y, , , , , , , , ,2,1,0,0,0,0,1,0,0,0,0,2,2,0,0,0,0,0,1,0,0,0,0,0,0,0,0,0,0,0,0,0,0,0,0,4,0,40.03,-75.0874, , 
76414,854258,2011108843,6,67,67301,2011,9,4,1046,10,1,2,1,7,2, , ,N,0,0,0,3,0,0,2,2,N,N,40 05:59.490,74 59:13.686,1052, ,1046, ,0, ,N, ,0, , , , , , , , , ,1,1,0,0,0,0,0,0,0,0,0,0,0,0,0,0,0,0,0,0,0,0,0,0,0,0,0,0,0,0,0,0,0,0,0,0,0,40.0999,-74.9871, , 
76415,854279,2011132621,6,67,67301,2011,10,7,1703,17,3,3,1,4,1, , ,N,1,2,0,3,0,0,3,2,N,N,39 57:28.586,75 09:50.892,1740, ,1736, ,0, ,N, ,3, , , , , , , , , ,2,1,0,0,1,0,0,0,0,0,0,0,0,0,0,0,0,0,0,1,0,0,0,0,0,0,0,0,0,0,0,0,0,0,0,0,0,39.9579,-75.1641, , 
76416,854284,2012010080,6,67,67301,2011,12,7,910,9,1,1,0,4,1, , ,N,2,3,0,3,0,2,5,2,N,N,39 59:19.618,75 08:20.522,916, ,915, ,0, ,N, ,3, , , , , , , , , ,2,1,0,0,0,0,1,0,0,0,0,1,2,1,2,0,0,0,0,0,2,0,0,0,0,0,0,0,0,0,0,0,0,0,0,4,0,39.9888,-75.139, , 
76417,854285,2012023519,6,67,67301,2011,10,6,2230,22,6,1,0,5,1, , ,N,0,0,0,3,0,1,3,2, , ,39 56:41.658,75 09:35.430,0, ,0, ,0, , , ,0, , , , , , , , , ,1,1,0,0,0,0,0,0,1,0,0,0,1,1,0,0,0,0,0,0,0,0,0,0,0,0,0,0,0,0,0,0,0,0,0,8,0,39.9449,-75.1598, , 
76418,854291,2011120328,6,67,67301,2011,10,6,9999,99,1,1,0,8,1, , ,N,1,2,0,3,0,1,2,2,N,N,39 58:22.710,75 14:16.803,9999, ,900, ,0, , , ,3, , , , , , , , , ,1,0,0,0,0,0,0,0,0,0,0,1,1,0,0,0,0,0,0,0,0,0,0,0,0,0,0,0,0,0,0,0,1,0,0,4,0,39.973,-75.238, , 
76419,854298,2011132906,6,67,67301,2011,11,4,1138,11,1,2,1,1,1, , ,N,2,2,0,3,0,3,6,3,N,N,40 06:23.287,74 59:55.982,1148, ,1139,1,1,1,N, ,3,N, , , , , , , , ,3,1,0,0,1,0,1,0,0,0,0,2,3,1,0,0,0,0,0,0,0,1,0,0,0,0,0,0,0,0,0,0,0,0,0,4,0,40.1065,-74.9989, , 
76420,854304,2012004817,6,67,67301,2011,12,3,1300,13,1,2,1,7,3, , ,N,0,0,0,3,0,2,4,1,N, ,39 59:57.356,75 08:50.268,1311, ,1308, ,0, , , ,0, , , , , , , , , ,1,0,0,0,0,0,1,0,0,0,0,0,2,2,2,0,0,0,0,0,0,0,0,1,0,0,0,0,0,0,0,0,0,0,0,8,0,39.9993,-75.1473, , 
76421,854319,2011132615,6,67,67301,2011,11,2,723,7,1,2,1,1,1, , ,N,0,0,0,3,0,1,2,2,N,N,40 04:52.030,75 01:45.270,725, ,723, ,0, ,N, ,0, , , , , , , , , ,2,2,0,0,0,0,0,0,0,0,0,1,1,0,0,0,0,0,0,0,0,0,0,0,0,0,0,0,0,0,0,0,0,0,0,4,0,40.0811,-75.0292, , 
76422,854320,2011132725,6,67,67301,2011,11,2,1500,15,1,1,0,4,1, , ,N,1,3,0,3,0,1,2,2,N, ,40 05:20.745,75 02:44.078,1510, ,1505, ,0, , , ,3, , , , , , , , , ,2,2,0,0,0,0,0,0,0,0,0,0,1,1,0,0,0,0,0,0,0,0,1,0,0,0,0,0,0,0,0,0,0,0,0,8,0,40.0891,-75.0456, , 
76423,854324,2012001944,6,67,67301,2011,12,5,1808,18,3,1,0,8,1, , ,N,1,3,0,3,0,1,2,2,N,N,39 58:31.872,75 13:46.466,1811, ,9999, ,0, ,N, ,3, , , , , , , , , ,1,1,0,0,0,0,0,0,0,0,0,1,1,0,0,0,0,0,0,0,0,1,0,0,0,0,0,0,0,0,0,0,1,0,0,4,0,39.9755,-75.2296, , 
76424,854327,2012017913,6,67,67301,2011,11,3,1250,12,1,1,0,5,4, , ,N,2,2,0,3,0,0,1,3,N, ,39 57:39.001,75 08:34.269,1250, ,1250,1,2,3, , ,3,Y, , , , , , , , ,3,2,0,0,0,0,1,0,0,0,0,0,0,0,0,0,0,0,0,0,1,0,0,0,0,0,0,0,0,0,0,0,0,0,0,0,0,39.9608,-75.1426, , 
76425,854340,2011118499,6,67,67301,2011,10,4,2123,21,3,1,0,2,1, , ,N,1,2,0,3,0,1,3,2,N,N,39 56:49.088,75 09:52.944,2135, ,2133, ,0, ,N, ,3, , , , , , , , , ,2,1,1,0,0,0,0,0,0,0,0,0,1,1,0,0,0,0,0,0,1,0,0,0,0,0,0,0,0,0,0,0,0,0,0,8,0,39.947,-75.1647, , 
76426,854366,2012004283,6,67,67301,2011,12,7,50,0,3,1,0,5,2, , ,N,0,0,0,3,0,0,4,3,N,N,40 02:19.626,75 10:23.739,58, ,54, ,0, ,N, ,0, , , , , , , , , ,3,1,0,0,0,0,1,1,0,0,0,0,0,0,0,0,0,0,0,0,0,0,0,0,0,0,0,0,0,0,0,0,0,0,0,0,0,40.0388,-75.1733, , 
76427,854367,2012004305,6,67,67301,2011,12,6,1910,19,3,1,0,4,1, , ,N,1,2,0,3,0,1,2,2,N,N,39 57:16.601,75 09:53.486,1915, ,1910, ,0, ,N, ,3, , , , , , , , , ,1,0,0,0,0,0,1,0,1,0,0,1,1,0,0,0,0,0,0,0,0,0,0,0,0,0,0,0,0,0,0,0,0,0,0,4,0,39.9546,-75.1648, , 
76428,854371,2011054186,6,67,67301,2011,4,6,1,0,3,1,0,1,1, , ,N,1,2,0,3,0,2,5,5,N, ,40 01:21.651,75 08:53.543,115, ,55, ,0, , , ,1, , , , , , , , , ,5,4,0,0,0,0,1,0,0,0,0,0,2,2,3,0,0,0,0,0,0,0,0,0,0,0,0,0,0,0,0,0,0,0,0,8,0,40.0227,-75.1482, , 
76429,857002,2012010034,6,67,67301,2011,12,6,1249,12,1,1,0,4,1, , ,N,1,3,0,3,0,0,2,3,N,N,40 00:04.528,75 07:33.484,1255, ,1749,1,1,3,N, ,3,Y, , , , , , , , ,3,2,0,0,0,0,0,1,0,0,0,0,0,0,1,0,0,0,0,0,0,0,0,1,0,0,0,0,0,0,0,0,0,0,0,9,0,40.0013,-75.126, , 
76430,857005,2011126418,6,67,67301,2011,11,7,1015,10,1,1,0,2,1, , ,N,1,2,0,3,0,3,3,2,N, ,40 00:49.975,75 07:33.617,1027, ,1025, ,0, , , ,3, , , , , , , , , ,2,1,0,0,0,0,1,0,0,0,1,2,3,0,0,0,0,0,0,0,2,0,0,0,0,0,0,0,0,0,0,0,0,0,0,3,0,40.0139,-75.126, , 
76431,857014,2012004820,6,67,67301,2011,12,6,2040,20,3,1,0,2,1, , ,N,2,2,7,3,0,0,2,2,N,N,40 05:29.597,74 57:35.784,2058, ,2047, ,0, ,N, ,3, , , , , , , , , ,2,1,0,0,0,0,0,1,0,0,0,0,0,0,0,0,0,0,0,1,0,0,0,0,0,0,0,0,0,0,0,0,0,0,0,0,0,40.0916,-74.9599, , 
76432,857015,2012020266,6,67,67301,2011,2,6,930,9,1,1,0,1,1, , ,N,0,0,0,3,0,1,2,2, , ,40 02:54.621,75 03:41.153,0, ,0, ,0, , , ,0, , , , , , , , , ,2,2,0,0,0,0,0,0,0,0,0,0,1,1,0,0,0,0,0,0,0,0,0,0,0,0,0,0,0,0,0,0,0,0,0,8,0,40.0485,-75.0614, , 
76433,857017,2012020904,6,67,67301,2011,1,4,2035,20,1,1,0,4,1, , ,N,0,0,0,3,0,2,3,2,N,N,39 56:38.713,75 11:31.383,0, ,0, ,0, ,N, ,0, , , , , , , , , ,2,1,0,0,0,0,0,1,0,0,0,0,2,2,0,0,0,0,0,0,0,1,0,0,0,0,0,0,0,0,0,0,0,0,0,8,0,39.9427,-75.1935, , 
76434,857019,2011103355,6,67,67301,2011,9,1,852,8,1,1,0,4,1, , ,N,2,2,0,3,0,0,3,2,N,N,40 01:32.275,75 07:31.347,905, ,855,2,1,2,N, ,3,N, , , , , , , , ,2,2,0,0,0,0,0,0,0,0,0,0,0,0,0,0,0,0,0,0,0,0,0,0,0,0,0,0,0,0,0,0,0,0,0,0,0,40.0257,-75.1251, , 
76435,857027,2011114362,6,67,67301,2011,10,1,212,2,3,1,1,7,3, , ,N,0,0,0,3,0,2,3,1,N,N,39 58:56.367,75 12:27.351,215, ,215, ,0, ,N, ,0, , , , , , , , , ,1,1,0,0,0,0,0,0,0,0,0,2,2,0,0,0,0,0,0,0,0,0,0,2,0,0,0,0,0,0,0,0,0,0,0,4,0,39.9823,-75.2076, , 
76436,857032,2011118114,6,67,67301,2011,10,1,15,0,3,1,0,1,1, , ,N,0,0,0,3,0,1,2,2,N,N,40 03:04.737,75 03:24.372,30, ,15, ,0, ,N, ,0, , , , , , , , , ,2,2,0,0,0,0,0,0,0,0,0,0,1,1,0,0,0,0,0,0,1,0,0,0,0,0,0,0,0,0,0,0,0,0,0,8,0,40.0513,-75.0568, , 
76437,857041,2011111231,6,67,67301,2011,10,1,1708,17,4,1,0,0,1, , ,N,0,0,0,3,0,0,4,4,N,N,39 54:03.959,75 09:11.419,1717, ,1710, ,0, ,N, ,0, , , , , , , , , ,4,2,0,0,0,0,2,0,0,0,0,0,0,0,0,0,0,1,0,0,0,0,0,0,0,0,0,0,0,0,0,0,0,0,0,0,0,39.9011,-75.1531, , 
76438,857045,2011118096,6,67,67301,2011,10,6,1005,10,1,8,0,1,1, , ,N,0,2,0,3,0,2,3,2,N,N,39 55:20.102,75 10:12.744,1016, ,1010, ,0, ,N, ,3, , , , , , , , , ,2,2,0,0,0,0,0,0,0,0,0,2,2,0,0,0,0,0,0,0,0,0,0,0,0,0,0,0,0,0,0,0,0,0,0,4,0,39.9222,-75.1702, , 
76439,857046,2011118195,6,67,67301,2011,10,4,2215,22,6,2,1,8,1, , ,N,1,0,0,3,0,1,2,2,N, ,39 55:30.536,75 13:18.253,2224, ,2222, ,0, , , ,0, , , , , , , , , ,1,1,0,0,0,0,0,0,0,0,0,1,1,0,0,0,0,0,0,0,0,0,0,0,0,0,0,0,0,0,0,0,1,0,0,4,0,39.9251,-75.2217, , 
76440,857051,2011124072,6,67,67301,2011,10,2,2333,23,3,1,0,7,2, , ,N,0,0,2,3,0,0,1,1,N,N,40 00:15.369,75 04:37.580,2350, ,2344, ,0, ,N, ,0, , , , , , , , , ,1,0,0,0,0,0,0,1,0,0,0,0,0,0,0,0,0,0,0,0,0,0,0,0,0,0,0,0,0,0,0,0,0,0,0,0,0,40.0043,-75.0771, , 
76441,857061,2011132030,6,67,67301,2011,11,5,1232,12,1,1,0,1,1, , ,N,0,0,0,3,0,0,8,2,N,N,40 00:43.645,75 03:34.579,1244, ,1236,1,1,1,N, ,0,N, , , , , , , , ,2,1,0,0,1,0,0,0,0,0,0,0,0,0,0,0,0,0,0,0,0,1,0,0,0,0,0,0,0,0,0,0,0,0,0,0,0,40.0121,-75.0597, , 
76442,857062,2011132880,6,67,67301,2011,11,4,1425,14,1,2,1,4,1, , ,N,1,3,0,3,0,1,2,2,N,N,39 55:52.020,75 11:34.160,1428, ,1426, ,0, ,N, ,3, , , , , , , , , ,2,2,0,0,0,0,0,0,0,0,0,1,1,0,0,0,0,0,0,0,0,0,0,0,0,0,0,0,0,0,0,0,0,0,0,4,0,39.9311,-75.1928, , 
76443,857066,2012010099,6,67,67301,2011,12,5,1213,12,1,1,0,4,1, , ,N,1,3,0,3,0,2,5,4,N,N,39 56:16.321,75 09:13.399,1218, ,1210, ,0, ,N, ,3, , , , , , , , , ,4,1,0,0,2,0,1,0,0,0,0,2,2,0,0,0,0,0,0,0,0,0,0,0,0,0,0,0,0,0,0,0,0,0,0,4,0,39.9379,-75.1537, , 
76444,857067,2012012623,6,67,67301,2011,10,2,1228,12,1,1,0,4,1, , ,N,1,2,0,3,0,3,3,2,N, ,39 58:02.378,75 14:44.992,1320, ,1310, ,0, ,N, ,3, , , , , , , , , ,2,2,0,0,0,0,0,0,0,0,0,3,3,0,0,0,0,0,0,0,0,0,0,1,0,0,0,0,0,0,0,0,0,0,0,4,0,39.9673,-75.2457, , 
76445,857071,2011112227,6,67,67301,2011,10,4,1110,11,1,1,0,1,1, , ,N,1,2,0,3,0,1,2,2,N,N,40 01:28.300,75 08:52.479,1153, ,1151,1,1,2,N, ,3,N, , , , , , , , ,2,1,0,0,0,0,1,0,0,0,0,0,1,1,0,0,0,0,0,0,1,0,0,0,0,0,0,0,0,0,0,0,0,0,0,8,0,40.0245,-75.1478, , 
76446,857082,2011122873,6,67,67301,2011,10,5,1320,13,1,1,0,4,1, , ,N,2,0,0,3,0,1,2,2,N,N,39 57:13.446,75 13:08.932,1322, ,1320,9,1,6, , ,0,N, , , , , , , , ,2,2,0,0,0,0,0,0,0,0,0,1,1,0,0,0,0,0,0,0,0,0,1,0,0,0,0,0,0,0,0,0,0,0,0,4,0,39.9537,-75.2191, , 
76447,857083,2011126457,6,67,67301,2011,11,7,2325,23,3,1,0,2,1, , ,N,1,3,0,3,0,4,6,2,N, ,40 02:04.455,75 04:43.949,2329, ,2327,3,2,7, , ,2,Y, , , , , , , , ,2,1,0,0,0,0,1,0,0,0,0,0,4,4,2,0,0,0,0,0,0,0,0,2,0,0,0,0,0,0,0,0,0,0,0,8,0,40.0346,-75.0789, , 
76448,859838,2011132612,6,67,67301,2011,11,6,2325,23,3,2,1,4,1, , ,N,1,3,0,3,0,1,4,2,N,N,39 56:57.195,75 13:45.112,2335, ,2330, ,0, ,N, ,3, , , , , , , , , ,2,1,0,0,0,0,1,0,0,0,0,1,1,0,2,0,0,0,0,0,0,0,0,2,0,0,0,0,0,0,0,0,0,0,0,4,0,39.9492,-75.2292, , 
76449,859840,2011132858,6,67,67301,2011,11,4,745,7,1,2,1,1,1, , ,N,0,0,0,3,0,1,3,3,N,N,40 03:48.917,75 05:14.807,802, ,754, ,0, ,N, ,0, , , , , , , , , ,3,3,0,0,0,0,0,0,0,0,0,1,1,0,0,0,0,0,0,1,0,0,0,0,0,0,0,0,0,0,0,0,0,0,0,4,0,40.0636,-75.0874, , 
76450,859841,2011132866,6,67,67301,2011,11,4,9999,99,1,1,0,1,1, , ,N,3,2,0,3,0,4,4,2,N, ,39 58:04.242,75 13:41.404,1623, ,1622, ,0, , , ,3, , , , , , , , , ,2,1,0,0,0,0,0,1,0,0,0,4,4,0,0,0,0,0,0,0,0,1,0,2,0,0,0,0,0,0,0,0,0,0,0,4,0,39.9678,-75.2282, , 
76451,859850,2012009995,6,67,67301,2011,12,7,1220,12,1,1,0,4,1, , ,N,1,2,0,3,0,1,2,2,N,N,40 03:52.885,74 58:56.121,1228, ,1223, ,0, ,N, ,9, , , , , , , , , ,2,2,0,0,0,0,0,0,0,0,0,0,1,1,0,0,0,0,0,0,0,1,0,0,0,0,0,0,0,0,0,0,0,0,0,8,0,40.0647,-74.9823, , 
76452,859851,2012022257,6,67,67301,2011,9,7,1530,15,1,1,0,5,6, , ,N,0,0,0,3,0,0,1,2,N,N,39 59:05.946,75 09:31.536,0, ,0, ,0, ,N, ,0, , , , , , , , , ,2,2,0,0,0,0,0,0,0,0,0,0,0,0,0,0,0,0,0,0,0,0,0,0,0,0,0,0,0,0,0,0,0,0,0,0,0,39.985,-75.1588, , 