objectid_1,objectid,crn,district,county,municipality,crash_year,crash_month,day_of_week,time_of_day,hour_of_day,illumination,weather,road_condition,collision_type,relation_to_road,work_zone_type,work_zone_loc,work_zone_ind,intersect_type,tcd_type,location_type,urban_rural,fatal_count,injury_count,person_count,total_units,sch_bus_ind,sch_zone_ind,latitude,longitude,arrival_tm,cons_zone_spd_lim,dispatch_tm,est_hrs_closed,lane_closed,ln_close_dir,ntfy_hiwy_maint,spec_juris_cd,tcd_func_cd,tfc_detour_ind,workers_pres,wz_close_detour,wz_flagger,wz_law_offcr_ind,wz_ln_closure,wz_moving,wz_other,wz_shlder_mdn,vehicle_count,automobile_count,motorcycle_count,bus_count,small_truck_count,heavy_truck_count,suv_count,van_count,bicycle_count,maj_inj_count,mod_inj_count,min_inj_count,tot_inj_count,unk_inj_deg_count,unk_inj_per_count,driver_count_16yr,driver_count_17yr,driver_count_18yr,driver_count_19yr,driver_count_20yr,driver_count_50_64yr,driver_count_65_74yr,driver_count_75plus,unbelted_occ_count,unb_death_count,unb_maj_inj_count,belted_death_count,belted_maj_inj_count,mcycle_death_count,mcycle_maj_inj_count,bicycle_death_count,bicycle_maj_inj_count,ped_count,ped_death_count,ped_maj_inj_count,max_severity_level,comm_veh_count,dec_lat,dec_long,rdwy_surf_type_cd,county_name
76722,857656,2011122744,6,67,67301,2011,11,3,800,8,1,1,0,4,1, , ,N,0,0,0,3,0,2,3,2,N,N,40 04:33.175,75 02:08.746,805, ,804,1,1,3,N, ,0,Y, , , , , , , , ,2,1,0,0,1,0,0,0,0,0,1,0,2,1,0,0,0,0,0,0,1,1,0,0,0,0,0,0,0,0,0,0,0,0,0,3,0,40.0759,-75.0358, , 
76723,857660,2011127899,6,67,67301,2011,12,3,1332,13,1,1,0,7,4, , ,N,0,0,0,3,0,0,1,1,N,N,39 57:03.029,75 08:29.706,1349, ,1338, ,0, ,N, ,0, , , , , , , , , ,1,1,0,0,0,0,0,0,0,0,0,0,0,0,0,0,0,0,0,0,0,0,0,0,0,0,0,0,0,0,0,0,0,0,0,0,0,39.9509,-75.1416, , 
76724,857664,2011037026,6,67,67301,2011,3,4,858,8,1,1,0,5,1, , ,N,0,0,0,3,0,1,2,2,N,N,39 59:44.524,75 11:50.361,907, ,902,1,1,4,N, ,0,N, , , , , , , , ,2,1,0,1,0,0,0,0,0,0,1,0,1,0,0,0,0,0,0,0,0,0,0,0,0,0,0,0,0,0,0,0,0,0,0,3,1,39.9957,-75.1973, , 
76725,857665,2011038458,6,67,67301,2011,3,6,1645,16,1,1,0,8,1, , ,N,1,2,0,3,0,1,2,2,N,N,39 57:13.704,75 09:59.736,1700, ,1645, ,0, ,N, ,2, , , , , , , , , ,1,1,0,0,0,0,0,0,0,0,0,1,1,0,0,0,0,0,0,0,0,1,0,0,0,0,0,0,0,0,0,0,1,0,0,4,0,39.9538,-75.1666, , 
76726,857684,2011054315,6,67,67301,2011,4,6,1615,16,1,1,0,4,1, , ,N,3,3,0,3,0,1,2,2,N,N,40 01:04.458,75 08:11.777,1623, ,1621, ,0, ,N, ,3, , , , , , , , , ,1,1,0,0,0,0,0,0,1,0,0,1,1,0,0,0,0,0,0,0,0,0,0,0,0,0,0,0,0,0,0,0,0,0,0,4,0,40.0179,-75.1366, , 
76727,857692,2011118477,6,67,67301,2011,10,5,1630,16,1,2,1,4,1, , ,N,0,0,7,3,0,0,4,2,N, ,40 06:15.512,75 01:54.224,1635, ,1632, ,0, , , ,0, , , , , , , , , ,2,2,0,0,0,0,0,0,0,0,0,0,0,0,0,0,0,0,0,0,0,0,1,0,0,0,0,0,0,0,0,0,0,0,0,0,0,40.1043,-75.0317, , 
76728,857697,2011126357,6,46,46102,2011,11,7,2010,20,3,1,0,2,1, , ,N,1,2,0,3,0,2,2,2,N,N,40 04:30.988,75 09:37.550,2055, ,2041, ,0, ,N, ,3, , , , , , , , , ,2,1,0,0,1,0,0,0,0,0,0,0,2,2,0,0,0,0,0,0,0,0,0,0,0,0,0,0,0,0,0,0,0,0,0,8,0,40.0753,-75.1604, , 
76729,857703,2012018268,6,67,67301,2011,4,5,430,4,6,1,0,4,1, , ,N,2,3,0,3,0,1,3,2,N,N,40 01:45.937,75 10:07.762,0, ,0, ,0, ,N, ,3, , , , , , , , , ,2,1,0,0,0,0,0,0,0,0,1,0,1,0,0,0,0,0,0,0,0,0,0,0,0,0,0,0,0,0,0,0,0,0,0,3,0,40.0294,-75.1688, , 
76730,857721,2011130429,6,67,67301,2011,12,7,1907,19,3,1,0,8,1, , ,N,7,0,2,3,0,1,2,2,N,N,39 56:36.891,75 11:33.166,1912, ,1909,1,1,3,N, ,0,N, , , , , , , , ,1,1,0,0,0,0,0,0,0,0,0,1,1,0,0,0,0,0,0,0,0,0,0,0,0,0,0,0,0,0,0,0,1,0,0,4,0,39.9411,-75.195, , 
76731,857733,2011098038,6,67,67301,2011,9,5,1037,10,1,1,0,4,1, , ,N,10,2,0,3,0,1,2,2,N, ,39 59:23.708,75 11:03.808,1042, ,1034, ,0, ,N, ,2, , , , , , , , , ,2,2,0,0,0,0,0,0,0,0,0,1,1,0,0,0,0,0,0,0,0,0,0,0,0,0,0,0,0,0,0,0,0,0,0,4,0,39.9899,-75.1844, , 
76732,857734,2011098142,6,67,67301,2011,8,4,1957,19,3,1,0,4,1, , ,N,1,2,0,3,0,1,2,2,N,N,40 02:46.543,75 10:39.976,2015, ,2007, ,0, ,N, ,3, , , , , , , , , ,1,1,0,0,0,0,0,0,1,0,0,1,1,0,0,0,0,0,0,0,0,0,0,0,0,0,0,0,0,0,0,0,0,0,0,4,0,40.0463,-75.1778, , 
76733,857739,2011101627,6,67,67301,2011,8,2,2200,22,3,1,0,4,1, , ,N,0,0,0,3,0,0,1,4,N,N,39 59:33.417,75 08:40.149,215, ,202,4,2,2,N, ,0,Y, , , , , , , , ,4,3,0,0,0,0,0,1,0,0,0,0,0,0,0,0,0,0,0,0,0,0,0,0,0,0,0,0,0,0,0,0,0,0,0,0,0,39.9926,-75.1445, , 
76734,857743,2011115451,6,67,67301,2011,10,7,1545,15,1,1,0,4,1, , ,N,0,0,7,3,0,1,2,2,N, ,39 57:40.804,75 08:56.525,1555, ,1550, ,0, , , ,0, , , , , , , , , ,1,1,0,0,0,0,0,0,1,0,1,0,1,0,0,0,0,0,0,0,0,0,0,0,0,0,0,0,0,0,0,0,0,0,0,3,0,39.9613,-75.149, , 
76735,857757,2011132787,6,67,67301,2011,11,2,20,0,3,9,1,1,9, , ,N,0,0,0,3,0,0,1,2,N,N,40 03:43.857,75 14:21.375,25, ,20, ,0, ,N, ,0, , , , , , , , , ,2,0,0,0,1,0,1,0,0,0,0,0,0,0,0,0,0,0,0,0,0,0,0,0,0,0,0,0,0,0,0,0,0,0,0,0,0,40.0659,-75.24, , 
76736,857782,2011115504,6,67,67301,2011,10,4,1710,17,1,2,1,4,1, , ,N,10,3,0,3,0,2,3,2,N,N,40 02:44.113,75 08:51.835,1735, ,1729, ,0, ,N, ,3, , , , , , , , , ,2,2,0,0,0,0,0,0,0,0,0,2,2,0,0,0,0,0,0,0,1,1,0,0,0,0,0,0,0,0,0,0,0,0,0,4,0,40.0456,-75.1477, , 
76737,860583,2012010109,6,67,67301,2011,12,6,1334,13,1,1,0,5,1, , ,N,1,0,0,3,0,1,2,2,N,N,39 55:17.340,75 08:50.248,1338, ,1335, ,0, ,N, ,0, , , , , , , , , ,2,1,0,1,0,0,0,0,0,0,0,1,1,0,1,0,0,0,0,0,0,0,0,0,0,0,0,0,0,0,0,0,0,0,0,4,1,39.9215,-75.1473, , 
76738,860598,2011118106,6,67,67301,2011,10,5,444,4,3,2,1,1,6, , ,N,0,0,0,3,0,1,1,2,N,N,39 55:51.482,75 10:05.901,447, ,445, ,0, ,N, ,0, , , , , , , , , ,2,2,0,0,0,0,0,0,0,0,0,1,1,0,0,0,0,0,0,0,0,0,0,0,0,0,0,0,0,0,0,0,0,0,0,4,0,39.931,-75.1683, , 
76739,860624,2011040392,6,67,67301,2011,3,2,900,9,1,2,1,4,1, , ,N,5,2,0,3,0,1,2,2,N,N,39 54:14.563,75 14:24.409,925, ,910, ,0, , , ,3, , , , , , , , , ,2,0,0,0,2,0,0,0,0,0,0,1,1,0,0,0,0,0,0,0,2,0,0,0,0,0,0,0,0,0,0,0,0,0,0,4,0,39.904,-75.2401, , 
76740,860644,2012002022,6,67,67301,2011,12,3,1130,11,1,1,0,4,1, , ,N,1,2,0,3,0,2,2,2,N,N,40 04:51.077,75 01:43.585,1141, ,1140,1,1,2,N, ,3,N, , , , , , , , ,2,2,0,0,0,0,0,0,0,0,0,2,2,0,0,0,0,0,0,0,0,1,0,0,0,0,0,0,0,0,0,0,0,0,0,4,0,40.0809,-75.0288, , 
76741,860646,2012023847,6,67,67301,2011,11,3,1330,13,1,1,0,8,1, , ,N,1,3,0,3,0,1,2,2, , ,39 57:31.482,75 08:43.587,0, ,0, ,0, , , ,3, , , , , , , , , ,1,0,0,0,0,0,0,0,0,0,0,0,1,1,0,0,0,0,0,0,0,0,0,0,0,0,0,0,0,0,0,0,1,0,0,8,0,39.9587,-75.1454, , 
76742,860649,2011066087,6,67,67301,2011,6,2,1600,16,1,1,0,4,1, , ,N,1,2,0,3,0,1,1,2,N,Y,39 59:59.406,75 06:53.294,9999, ,9999, ,0, ,N, ,3, , , , , , , , , ,2,0,0,0,0,0,2,0,0,0,1,0,1,0,0,0,0,0,0,0,0,0,0,0,0,0,0,0,0,0,0,0,0,0,0,3,0,39.9998,-75.1148, , 
76743,860650,2011066775,6,67,67301,2011,5,3,1624,16,1,1,0,4,1, , ,N,1,3,0,3,0,1,2,2,N,N,39 57:45.399,75 11:39.383,1626, ,1624, ,0, ,N, ,3, , , , , , , , , ,1,0,0,0,0,0,1,0,1,0,0,1,1,0,0,0,0,0,0,0,0,0,0,0,0,0,0,0,0,0,0,0,0,0,0,4,0,39.9626,-75.1943, , 
76744,860659,2012002112,6,67,67301,2011,12,6,2135,21,3,1,0,4,1, , ,N,2,0,0,3,0,1,3,2,N,N,39 55:57.172,75 08:45.247,2136, ,2135, ,0, ,N, ,0, , , , , , , , , ,1,1,0,0,0,0,0,0,1,0,0,0,1,1,0,0,0,0,0,0,0,0,0,0,0,0,0,0,0,0,0,0,0,0,0,8,0,39.9325,-75.1459, , 
76745,860669,2011122846,6,67,67301,2011,10,1,700,7,1,8,6,7,1, , ,N,1,0,0,3,0,1,1,1,N,N,39 53:31.043,75 14:31.507,1035, ,1030, ,0, ,N, ,0, , , , , , , , , ,1,1,0,0,0,0,0,0,0,0,0,1,1,0,0,0,0,0,0,0,0,0,0,0,0,0,0,0,0,0,0,0,0,0,0,4,0,39.8919,-75.2419, , 
76746,860672,2011126349,6,67,67301,2011,11,4,1800,18,3,1,0,4,1, , ,N,1,2,0,3,0,2,4,2,N,N,40 04:27.147,75 02:05.032,1805, ,1800,1,1,1,N, ,3,N, , , , , , , , ,2,1,0,0,1,0,0,0,0,0,0,1,2,1,0,0,0,0,0,0,1,0,0,0,0,0,0,0,0,0,0,0,0,0,0,4,0,40.0742,-75.0347, , 
76747,860673,2011126460,6,67,67301,2011,11,7,1930,19,3,1,0,8,1, , ,N,1,2,0,3,0,1,2,2,N,N,40 04:22.410,75 04:33.193,1946, ,1938, ,0, , , ,3, , , , , , , , , ,1,1,0,0,0,0,0,0,0,0,0,1,1,0,1,0,0,0,0,0,0,0,0,0,0,0,0,0,0,0,0,0,1,0,0,4,0,40.0729,-75.0759, , 
76748,860677,2011132609,6,67,67301,2011,10,6,1315,13,1,1,0,5,1, , ,N,1,2,0,3,0,2,4,2,N,N,39 57:13.089,75 11:55.030,1329, ,1328, ,0, ,N, ,1, , , , , , , , , ,2,2,0,0,0,0,0,0,0,0,0,2,2,0,0,0,0,0,0,1,0,0,0,0,0,0,0,0,0,0,0,0,0,0,0,4,0,39.9536,-75.1986, , 
76749,860682,2012004263,6,67,67301,2011,11,5,520,5,3,1,0,1,1, , ,N,3,2,0,3,0,1,2,2,N,N,40 06:28.498,75 01:35.131,531, ,528,3,2,2,N, ,3,N, , , , , , , , ,1,1,0,0,0,0,0,0,1,0,0,0,1,1,1,0,0,0,0,0,0,0,0,0,0,0,0,0,0,0,0,0,0,0,0,8,0,40.1079,-75.0264, , 
76750,860688,2011121765,6,67,67301,2011,11,3,733,7,1,2,1,1,1, , ,N,0,0,0,3,0,0,2,2,N,N,39 57:27.398,75 09:02.113,742, ,737, ,0, ,N, ,0, , , , , , , , , ,2,2,0,0,0,0,0,0,0,0,0,0,0,0,0,0,0,0,0,0,1,0,0,0,0,0,0,0,0,0,0,0,0,0,0,0,0,39.9576,-75.1506, , 
76751,860720,2011133473,6,67,67301,2011,12,4,1424,14,1,2,1,7,4, , ,N,0,0,0,3,0,0,1,1,N,N,39 57:24.207,75 08:30.267,1454, ,1426,1,1,3,N, ,0,N, , , , , , , , ,1,1,0,0,0,0,0,0,0,0,0,0,0,0,0,0,0,0,0,0,0,0,0,0,0,0,0,0,0,0,0,0,0,0,0,0,0,39.9567,-75.1417, , 
76752,860725,2012004979,6,67,67301,2011,12,2,1956,19,3,1,0,8,1, , ,N,2,0,0,3,0,1,2,2,N,N,39 56:43.072,75 13:28.455,9999, ,1956, ,0, ,N, ,0, , , , , , , , , ,1,0,0,0,0,0,0,0,0,0,0,1,1,0,0,0,0,0,0,0,0,0,0,0,0,0,0,0,0,0,0,0,1,0,0,4,0,39.9453,-75.2246, , 
76753,860728,2012012667,6,67,67301,2011,12,6,1703,17,1,1,0,4,1, , ,N,2,0,0,3,0,1,2,2,N, ,40 00:09.402,75 09:38.871,1709, ,1706,9,1,7, , ,0,Y, , , , , , , , ,2,0,1,0,0,0,1,0,0,0,1,0,1,0,0,0,0,0,0,0,0,0,0,0,0,0,0,0,0,0,0,0,0,0,0,3,0,40.0026,-75.1608, , 
76754,860739,2012005400,6,67,67301,2011,12,5,1830,18,3,2,1,1,1, , ,N,0,0,0,3,0,0,2,2,N,N,40 00:25.015,75 11:33.131,1832, ,1830,1,2,1,N, ,0,N, , , , , , , , ,2,2,0,0,0,0,0,0,0,0,0,0,0,0,0,0,0,0,0,0,0,0,0,0,0,0,0,0,0,0,0,0,0,0,0,0,0,40.0069,-75.1925, , 
76755,863942,2012010069,6,67,67301,2011,12,4,1735,17,3,2,1,8,1, , ,N,1,2,0,3,0,1,2,2,N,N,40 00:27.528,75 07:37.941,1910, ,1742, ,0, ,N, ,3, , , , , , , , , ,1,1,0,0,0,0,0,0,0,0,1,0,1,0,0,0,0,0,0,0,0,0,0,0,0,0,0,0,0,0,0,0,1,0,0,3,0,40.0076,-75.1276, , 
76756,863947,2011103285,6,67,67301,2011,9,5,1100,11,1,1,0,8,1, , ,N,0,0,0,3,0,1,2,2,N,N,40 00:04.415,75 09:00.125,1115, ,1107, ,0, ,N, ,0, , , , , , , , , ,1,1,0,0,0,0,0,0,0,0,0,1,1,0,0,0,0,0,0,0,0,0,0,0,0,0,0,0,0,0,0,0,1,0,0,4,0,40.0012,-75.1499, , 
76757,863952,2011112191,6,67,67301,2011,10,7,2100,21,3,2,1,4,1, , ,N,1,2,0,3,0,2,7,2,N,N,40 01:30.637,75 07:31.531,2108, ,2104,1,2,3,N, ,3,N, , , , , , , , ,2,2,0,0,0,0,0,0,0,0,0,2,2,0,0,0,0,0,0,0,0,0,0,0,0,0,0,0,0,0,0,0,0,0,0,4,1,40.0252,-75.1254, , 
76758,863955,2011115428,6,67,67301,2011,10,4,2206,22,3,1,0,4,1, , ,N,1,2,0,3,0,1,2,2,N, ,39 56:55.507,75 10:44.381,2210, ,2206,2,2,2, , ,3,Y, , , , , , , , ,1,1,0,0,0,0,0,0,1,1,0,0,1,0,0,0,0,0,0,0,1,0,0,1,0,0,0,0,0,0,0,1,0,0,0,2,0,39.9488,-75.179, , 
76759,863974,2012004917,6,67,67301,2011,12,4,900,9,1,2,1,2,3, , ,N,1,2,0,3,0,2,3,2,N,N,40 00:54.823,75 10:11.829,910, ,902, ,0, ,N, ,3, , , , , , , , , ,2,2,0,0,0,0,0,0,0,0,0,2,2,0,0,0,0,0,0,0,0,0,0,0,0,0,0,0,0,0,0,0,0,0,0,4,0,40.0152,-75.1699, , 
76760,863988,2011115406,6,67,67301,2011,10,4,757,7,1,2,1,4,1, , ,N,1,0,0,3,0,1,2,2,N,N,40 01:27.102,75 05:43.897,811, ,806, ,0, ,N, ,0, , , , , , , , , ,2,2,0,0,0,0,0,0,0,0,0,0,1,1,0,0,0,0,0,0,1,0,0,0,0,0,0,0,0,0,0,0,0,0,0,8,0,40.0242,-75.0955, , 
76761,863995,2011120335,6,67,67301,2011,10,7,2159,21,2,1,0,1,2, , ,N,1,0,0,3,0,1,1,2,N,N,40 03:13.772,75 05:10.794,2215, ,2211, ,0, ,N, ,0, , , , , , , , , ,2,1,0,0,1,0,0,0,0,0,0,1,1,0,0,0,0,0,0,0,0,0,0,0,0,0,0,0,0,0,0,0,0,0,0,4,0,40.0538,-75.0863, , 
76762,864006,2011134804,6,67,67301,2011,11,3,1245,12,1,2,1,8,1, , ,N,1,2,0,3,0,1,2,2,N,N,39 56:49.088,75 09:52.944,1326, ,1323, ,0, ,N, ,3, , , , , , , , , ,1,0,0,0,0,0,1,0,0,0,0,1,1,0,0,0,0,0,0,0,0,0,1,0,0,0,0,0,0,0,0,0,1,0,0,4,0,39.947,-75.1647, , 
76763,864010,2012023497,6,67,67301,2011,11,5,1915,19,6,1,0,4,1, , ,N,1,0,0,3,0,1,2,2,N,N,40 01:08.034,75 04:21.383,0, ,0, ,0, ,N, ,0, , , , , , , , , ,1,1,0,0,0,0,0,0,1,0,0,0,1,1,1,0,0,0,0,0,0,0,0,0,0,0,0,0,0,0,0,0,0,0,0,8,0,40.0189,-75.0726, , 
76764,864011,2012037390,6,67,67301,2011,7,4,1118,11,1,1,0,7,9, , ,N,1,0,0,3,0,1,1,1,N,N,40 00:55.443,75 08:16.749,1136, ,1133, ,9, ,N, ,0, , , , , , , , , ,1,0,1,0,0,0,0,0,0,0,0,0,1,1,0,0,0,0,0,0,0,0,0,0,0,0,0,0,0,0,0,0,0,0,0,8,0,40.0154,-75.138, , 
76765,864018,2012002106,6,67,67301,2011,11,4,842,8,3,2,1,1,1, , ,N,1,2,0,3,0,1,2,2,N,N,39 58:30.845,75 07:15.894,1845, ,1843,9,9,1,N, ,9,N, , , , , , , , ,2,1,0,0,1,0,0,0,0,0,0,1,1,0,0,0,0,0,0,0,1,0,0,0,0,0,0,0,0,0,0,0,0,0,0,4,0,39.9746,-75.1218, , 
76766,864031,2012004828,6,67,67301,2011,12,7,30,0,3,1,0,7,5, , ,N,0,0,0,3,2,0,2,1,N,N,40 03:30.010,75 02:43.753,9999, ,1230,9,2,2,Y,0,0,Y, , , , , , , , ,1,1,0,0,0,0,0,0,0,0,0,0,0,0,0,0,0,0,0,0,0,0,0,2,2,0,0,0,0,0,0,0,0,0,0,1,0,40.0583,-75.0455,2, 
76767,864057,2011112156,6,67,67301,2011,9,6,1529,15,1,1,0,4,1, , ,N,1,2,0,3,0,2,3,2,N,N,39 56:00.337,75 13:23.656,1533, ,1529, ,0, ,N, ,9, , , , , , , , , ,1,1,0,0,0,0,0,0,1,0,2,0,2,0,0,0,0,0,1,0,0,0,0,0,0,0,0,0,0,0,0,0,0,0,0,3,0,39.9334,-75.2232, , 
76768,864061,2011115474,6,67,67301,2011,10,4,1221,12,1,1,0,5,1, , ,N,0,0,0,3,0,1,2,2,N, ,39 57:51.450,75 10:21.890,1247, ,1246, ,0, , , ,0, , , , , , , , , ,1,1,0,0,0,0,0,0,1,0,0,1,1,0,0,0,0,0,0,0,0,0,0,0,0,0,0,0,0,0,0,0,0,0,0,4,0,39.9643,-75.1727, , 
76769,864065,2011120000,6,67,67301,2011,11,6,1944,19,3,1,0,1,1, , ,N,0,0,0,3,0,1,2,2,N,N,40 00:08.287,75 11:41.959,1953, ,1949, ,0, ,N, ,0, , , , , , , , , ,2,2,0,0,0,0,0,0,0,0,0,1,1,0,1,0,0,0,0,0,0,0,0,0,0,0,0,0,0,0,0,0,0,0,0,4,0,40.0023,-75.195, , 
76770,864078,2011134779,6,67,67301,2011,12,2,1514,15,1,1,0,4,1, , ,N,2,2,0,3,0,1,4,2,N,N,40 06:30.571,75 02:28.165,1516, ,1514, ,0, ,N, ,3, , , , , , , , , ,2,1,0,0,1,0,0,0,0,0,0,1,1,0,0,0,0,0,0,0,0,0,0,0,0,0,0,0,0,0,0,0,0,0,0,4,0,40.1085,-75.0412, , 
76771,864080,2012004991,6,67,67301,2011,12,6,1801,18,4,1,0,1,1, , ,N,2,2,0,3,0,2,3,2,N,N,40 00:59.228,75 05:02.100,1829, ,1826, ,0, ,N, ,9, , , , , , , , , ,2,2,0,0,0,0,0,0,0,0,0,0,2,2,1,0,0,0,0,0,0,1,0,0,0,0,0,0,0,0,0,0,0,0,0,8,0,40.0165,-75.0839, , 
76772,864095,2012010075,6,67,67301,2011,12,3,1530,15,1,1,0,4,1, , ,N,1,3,0,3,0,0,2,2,N,N,39 58:03.856,75 08:58.426,1540, ,1537, ,0, ,N, ,3, , , , , , , , , ,2,2,0,0,0,0,0,0,0,0,0,0,0,0,0,0,0,0,0,0,0,0,0,0,0,0,0,0,0,0,0,0,0,0,0,0,0,39.9677,-75.1496, , 
76773,854949,2011075712,6,67,67301,2011,6,6,100,1,3,1,0,4,1, , ,N,1,2,0,3,0,3,4,2,N,N,39 59:13.650,75 09:45.421,115, ,103, ,0, ,N, ,3, , , , , , , , , ,2,2,0,0,0,0,0,0,0,0,0,3,3,0,0,0,0,0,0,0,0,0,0,0,0,0,0,0,0,0,0,0,0,0,0,4,0,39.9871,-75.1626, , 
76774,855009,2012001948,6,67,67301,2011,12,4,2215,22,3,1,0,7,5, , ,N,0,0,0,3,0,0,1,1,N,N,40 03:39.729,74 59:44.771,2220, ,2220, ,0, , , ,0, , , , , , , , , ,1,1,0,0,0,0,0,0,0,0,0,0,0,0,0,0,0,0,0,0,0,0,0,0,0,0,0,0,0,0,0,0,0,0,0,0,0,40.061,-74.9958, , 
76775,855012,2011112312,6,67,67301,2011,9,4,900,9,1,1,1,1,1, , ,N,10,0,0,3,0,1,2,2,N,N,39 55:51.897,75 13:03.751,1000, ,956, ,0, , , ,0, , , , , , , , , ,2,1,0,1,0,0,0,0,0,0,0,0,1,1,1,0,0,0,0,0,0,0,0,0,0,0,0,0,0,0,0,0,0,0,0,8,1,39.9311,-75.2177, , 
76776,855034,2011132779,6,67,67301,2011,11,1,1930,19,3,1,0,8,5, , ,N,1,2,0,3,0,1,2,2,N, ,40 01:37.193,75 03:55.299,2010, ,1955, ,0, , , ,3, , , , , , , , , ,1,1,0,0,0,0,0,0,0,0,0,1,1,0,1,0,0,0,0,0,0,0,0,1,0,0,0,0,0,0,0,0,1,0,0,4,0,40.027,-75.0654, , 
76777,855035,2011132818,6,67,67301,2011,11,4,1400,14,1,2,1,7,2, , ,N,1,2,0,3,0,1,4,1,N,N,40 01:47.231,75 05:16.817,1415, ,1405, ,0, ,N, ,3, , , , , , , , , ,1,1,0,0,0,0,0,0,0,0,0,1,1,0,0,0,0,1,0,0,0,0,0,0,0,0,0,0,0,0,0,0,0,0,0,4,0,40.0298,-75.088, , 
76778,855047,2011118732,6,46,46104,2011,11,3,835,8,1,1,0,1,1, , ,N,1,0,0,3,0,1,2,2,N,N,40 00:31.132,75 12:39.005,840, ,835, ,0, ,N, ,0, , , , , , , , , ,2,1,0,0,0,0,1,0,0,0,0,1,1,0,0,0,0,0,0,0,1,0,0,0,0,0,0,0,0,0,0,0,0,0,0,4,0,40.0085,-75.2107, , 
76779,855058,2011126393,6,67,67301,2011,11,3,831,8,1,1,0,3,1, , ,N,0,0,0,3,0,1,4,2,N,N,39 59:13.563,75 07:49.652,9999, ,9999, ,0, ,N, ,0, , , , , , , , , ,2,0,0,0,0,0,0,2,0,0,0,0,1,1,1,0,0,0,0,0,0,0,0,0,0,0,0,0,0,0,0,0,0,0,0,8,0,39.9871,-75.1305, , 
76780,855065,2011066273,6,67,67301,2011,6,2,1927,19,1,1,0,2,1, , ,N,2,0,0,3,0,1,2,2,N,N,40 02:36.654,75 06:25.131,1933, ,1928, ,0, ,N, ,0, , , , , , , , , ,1,0,0,0,0,0,1,0,1,0,0,1,1,0,0,0,0,0,0,0,0,0,0,0,0,0,0,0,0,0,0,0,0,0,0,4,0,40.0435,-75.107, , 
76781,855094,2011075718,6,67,67301,2011,6,4,9999,99,1,1,0,1,1, , ,N,5,2,0,3,0,4,6,2,N,N,39 59:12.447,75 10:50.908,9999, ,9999, ,0, ,N, ,3, , , , , , , , , ,2,1,0,1,0,0,0,0,0,0,0,0,4,4,0,0,0,0,0,0,0,0,0,0,0,0,0,0,0,0,0,0,0,0,0,8,1,39.9868,-75.1808, , 
76782,855095,2011076053,6,67,67301,2011,6,5,354,3,3,1,0,4,1, , ,N,2,2,0,3,0,2,3,2,N,N,39 57:29.061,75 09:44.627,356, ,354, ,0, , , ,3, , , , , , , , , ,2,2,0,0,0,0,0,0,0,0,0,2,2,0,0,0,0,0,0,0,0,0,0,1,0,0,0,0,0,0,0,0,0,0,0,4,0,39.9579,-75.1623, , 
76783,855117,2011084329,6,46,46102,2011,8,1,1740,17,1,2,1,1,1, , ,N,0,2,0,3,0,3,15,2,N,N,40 04:13.555,75 09:06.760,1750, ,1742,2,1,4,N, ,3,N, , , , , , , , ,2,1,0,1,0,0,0,0,0,0,0,2,3,1,0,0,0,0,0,0,0,0,0,0,0,0,0,0,0,0,0,0,0,0,0,4,1,40.0704,-75.1519, , 
76784,855134,2011101628,6,67,67301,2011,9,3,2338,23,3,1,0,4,1, , ,N,1,2,0,3,0,1,2,2,N,N,39 59:18.146,75 06:35.283,2342, ,2338, ,0, ,N, ,3, , , , , , , , , ,1,0,0,0,0,0,1,0,1,0,0,1,1,0,0,0,0,0,0,0,0,0,0,1,0,0,0,0,0,0,0,0,0,0,0,4,0,39.9884,-75.1098, , 
76785,855137,2011104098,6,67,67301,2011,10,3,1120,11,1,1,0,5,1, , ,N,0,0,0,3,0,1,2,2,N,N,39 57:31.987,75 10:11.536,1135, ,1126,1,1,4,N, ,0,N, , , , , , , , ,2,1,0,0,0,0,1,0,0,0,0,0,1,1,0,0,0,0,0,0,1,0,0,0,0,0,0,0,0,0,0,0,0,0,0,8,0,39.9589,-75.1699, , 
76786,855144,2011112248,6,67,67301,2011,10,2,1855,18,3,1,0,1,1, , ,N,1,2,0,3,0,1,3,2,N, ,40 02:34.252,75 03:47.603,1900, ,9999, ,0, , , ,3, , , , , , , , , ,2,2,0,0,0,0,0,0,0,0,0,0,1,1,1,0,0,0,0,1,0,0,0,0,0,0,0,0,0,0,0,0,0,0,0,8,0,40.0428,-75.0631, , 
76787,855147,2011115402,6,67,67301,2011,10,7,9999,99,3,1,0,4,1, , ,N,1,2,0,3,0,1,2,2,N,N,40 01:53.299,75 10:20.452,2227, ,2227,2,1,2, , ,3,Y, , , , , , , , ,2,0,0,0,0,0,1,1,0,0,0,1,1,0,1,0,1,0,0,0,0,0,0,0,0,0,0,0,0,0,0,0,0,0,0,4,0,40.0315,-75.1723, , 
76788,855155,2011120338,6,67,67301,2011,10,7,2040,20,3,1,0,1,1, , ,N,2,2,0,3,0,2,3,2,N, ,39 56:24.464,75 12:02.802,2055, ,2048, ,0, , , ,3, , , , , , , , , ,2,1,0,0,0,0,1,0,0,0,0,0,2,2,0,0,0,0,0,0,0,0,0,0,0,0,0,0,0,0,0,0,0,0,0,8,0,39.9401,-75.2008, , 