objectid_1,objectid,crn,district,county,municipality,crash_year,crash_month,day_of_week,time_of_day,hour_of_day,illumination,weather,road_condition,collision_type,relation_to_road,work_zone_type,work_zone_loc,work_zone_ind,intersect_type,tcd_type,location_type,urban_rural,fatal_count,injury_count,person_count,total_units,sch_bus_ind,sch_zone_ind,latitude,longitude,arrival_tm,cons_zone_spd_lim,dispatch_tm,est_hrs_closed,lane_closed,ln_close_dir,ntfy_hiwy_maint,spec_juris_cd,tcd_func_cd,tfc_detour_ind,workers_pres,wz_close_detour,wz_flagger,wz_law_offcr_ind,wz_ln_closure,wz_moving,wz_other,wz_shlder_mdn,vehicle_count,automobile_count,motorcycle_count,bus_count,small_truck_count,heavy_truck_count,suv_count,van_count,bicycle_count,maj_inj_count,mod_inj_count,min_inj_count,tot_inj_count,unk_inj_deg_count,unk_inj_per_count,driver_count_16yr,driver_count_17yr,driver_count_18yr,driver_count_19yr,driver_count_20yr,driver_count_50_64yr,driver_count_65_74yr,driver_count_75plus,unbelted_occ_count,unb_death_count,unb_maj_inj_count,belted_death_count,belted_maj_inj_count,mcycle_death_count,mcycle_maj_inj_count,bicycle_death_count,bicycle_maj_inj_count,ped_count,ped_death_count,ped_maj_inj_count,max_severity_level,comm_veh_count,dec_lat,dec_long,rdwy_surf_type_cd,county_name
76857,855251,2011044636,6,67,67301,2011,4,6,1430,14,1,1,0,4,1, , ,N,0,2,0,3,0,1,2,2, , ,40 02:14.967,75 11:19.779,1510, ,1507, ,0, , , ,3, , , , , , , , , ,2,2,0,0,0,0,0,0,0,0,0,1,1,0,0,0,0,0,0,0,1,0,0,0,0,0,0,0,0,0,0,0,0,0,0,4,0,40.0375,-75.1888, , 
76858,855272,2011088032,6,67,67301,2011,8,7,2340,23,3,2,1,5,1, , ,N,2,2,0,3,0,1,2,2,N, ,39 57:06.668,75 09:35.366,21, ,19, ,0, ,N, ,3, , , , , , , , , ,2,1,0,1,0,0,0,0,0,0,0,0,1,1,0,0,0,0,0,0,0,1,0,0,0,0,0,0,0,0,0,0,0,0,0,8,1,39.9519,-75.1598, , 
76859,855295,2011122455,6,67,67301,2011,11,5,1549,15,1,1,0,1,1, , ,N,0,0,1,3,0,1,4,3,N,N,39 56:54.722,75 08:29.979,1559, ,1552,1,2,1,N, ,0,N, , , , , , , , ,3,2,0,0,0,0,1,0,0,0,0,1,1,0,0,0,0,0,1,0,0,0,0,0,0,0,0,0,0,0,0,0,0,0,0,4,0,39.9484,-75.1417, , 
76860,855296,2011122858,6,67,67301,2011,10,1,407,4,3,1,0,4,1, , ,N,1,2,0,3,0,0,3,2,N, ,40 01:48.733,75 07:06.450,419, ,415,2,2,6, , ,3,N, , , , , , , , ,2,2,0,0,0,0,0,0,0,0,0,0,0,0,0,0,0,0,0,1,0,0,0,0,0,0,0,0,0,0,0,0,0,0,0,0,0,40.0302,-75.1185, , 
76861,855311,2012004883,6,67,67301,2011,12,2,1200,12,1,1,0,7,5, , ,N,0,0,0,3,0,1,2,1,N,N,40 02:19.643,75 03:05.447,1215, ,1211, ,0, ,N, ,0, , , , , , , , , ,1,0,0,0,1,0,0,0,0,0,0,0,1,1,1,0,0,0,0,0,0,0,0,0,0,0,0,0,0,0,0,0,0,0,0,8,0,40.0388,-75.0515, , 
76862,855323,2012002544,6,67,67301,2011,12,4,2105,21,3,2,1,1,6, , ,N,0,0,0,3,0,1,1,2,N, ,40 07:49.322,75 01:02.272,2125, ,2118, ,0, , , ,0, , , , , , , , , ,2,2,0,0,0,0,0,0,0,0,0,0,1,1,0,0,0,0,0,0,1,0,0,0,0,0,0,0,0,0,0,0,0,0,0,8,0,40.1304,-75.0173, , 
76863,858009,2012019473,6,67,67301,2011,4,7,1758,17,4,1,0,1,1, , ,N,0,0,0,3,0,1,2,2,N,N,40 03:23.865,75 08:25.044,0, ,0, ,0, ,N, ,0, , , , , , , , , ,2,1,0,0,0,1,0,0,0,0,0,0,1,1,0,0,0,0,0,0,1,0,0,0,0,0,0,0,0,0,0,0,0,0,0,8,0,40.0566,-75.1403, , 
76864,858017,2012004765,6,67,67301,2011,12,6,807,8,1,1,1,4,1, , ,N,0,2,7,3,0,1,2,2,N,N,40 01:44.919,75 06:02.457,810, ,807, ,0, ,N, ,3, , , , , , , , , ,2,1,0,0,0,1,0,0,0,0,0,0,1,1,0,0,0,0,0,0,2,0,0,0,0,0,0,0,0,0,0,0,0,0,0,8,1,40.0291,-75.1007, , 
76865,858018,2012010104,6,67,67301,2011,12,6,230,2,3,1,0,4,1, , ,N,1,2,0,3,0,1,4,2,N, ,39 57:10.041,75 10:00.776,232, ,232, ,0, , , ,3, , , , , , , , , ,2,2,0,0,0,0,0,0,0,0,0,0,1,1,0,0,0,0,0,0,0,0,0,1,0,0,0,0,0,0,0,0,0,0,0,8,0,39.9528,-75.1669, , 
76866,858019,2012012567,6,67,67301,2011,12,4,1530,15,1,2,1,8,1, , ,N,1,2,0,3,0,1,2,2,N, ,39 57:56.235,75 13:54.861,1545, ,1530, ,0, , , ,3, , , , , , , , , ,1,1,0,0,0,0,0,0,0,0,0,1,1,0,0,0,0,0,0,0,0,0,1,0,0,0,0,0,0,0,0,0,1,0,0,4,0,39.9656,-75.2319, , 
76867,858034,2011068488,6,67,67301,2011,6,5,715,7,1,1,0,4,1, , ,N,1,2,0,3,0,0,3,2,N,N,39 57:15.080,75 10:11.059,716, ,714, ,0, ,N, ,3, , , , , , , , , ,2,1,0,0,0,0,1,0,0,0,0,0,0,0,0,0,0,0,0,0,0,0,0,0,0,0,0,0,0,0,0,0,0,0,0,0,0,39.9542,-75.1697, , 
76868,858038,2011072653,6,67,67301,2011,5,3,1602,16,1,1,0,7,5, , ,N,0,0,0,3,0,0,1,1,N,N,39 59:25.027,75 11:48.296,1609, ,1602,3,2,5,N, ,0,Y, , , , , , , , ,1,1,0,0,0,0,0,0,0,0,0,0,0,0,1,0,0,0,0,0,1,0,0,0,0,0,0,0,0,0,0,0,0,0,0,9,0,39.9903,-75.1967, , 
76869,858048,2011075550,6,67,67301,2011,6,6,2128,21,3,1,0,6,1, , ,N,1,2,0,3,0,0,4,2,N,N,39 57:50.569,75 11:29.777,2135, ,2132, ,0, ,N, ,3, , , , , , , , , ,2,0,0,0,1,0,1,0,0,0,0,0,0,0,1,0,0,0,1,0,0,0,0,0,0,0,0,0,0,0,0,0,0,0,0,9,0,39.964,-75.1916, , 
76870,858049,2011075769,6,67,67301,2011,6,3,1250,12,1,8,1,4,1, , ,N,0,0,0,3,0,1,2,2,N,N,39 59:25.121,75 11:48.526,1315, ,1253, ,0, ,N, ,0, , , , , , , , , ,2,1,0,0,0,0,1,0,0,0,0,1,1,0,0,0,0,0,0,0,0,0,0,0,0,0,0,0,0,0,0,0,0,0,0,4,0,39.9903,-75.1968, , 
76871,858089,2011115253,6,67,67301,2011,10,3,53,0,3,1,0,4,1, , ,N,2,3,2,3,0,0,2,2,N,N,39 59:21.294,75 12:23.365,115, ,55, ,0, ,N, ,2, , , , , , , , , ,2,1,0,0,0,0,1,0,0,0,0,0,0,0,0,0,0,0,0,0,0,0,0,0,0,0,0,0,0,0,0,0,0,0,0,0,0,39.9892,-75.2065, , 
76872,858110,2012002529,6,67,67301,2011,11,7,327,3,3,1,0,1,1, , ,N,1,2,0,3,0,2,4,2,N,N,39 57:09.211,75 11:24.156,330, ,327, ,0, ,N, ,3, , , , , , , , , ,2,2,0,0,0,0,0,0,0,0,0,0,2,2,0,0,0,0,0,0,0,0,0,3,0,0,0,0,0,0,0,0,0,0,0,8,0,39.9526,-75.19, , 
76873,858114,2011115244,6,67,67301,2011,10,1,1300,13,1,1,0,4,1, , ,N,1,3,0,3,0,1,2,2,N,N,39 56:43.479,75 09:50.266,1330, ,1315, ,0, ,N, ,3, , , , , , , , , ,1,1,0,0,0,0,0,0,1,0,1,0,1,0,0,0,0,0,0,0,0,0,0,0,0,0,0,0,0,0,0,0,0,0,0,3,0,39.9454,-75.164, , 
76874,858121,2011126256,6,67,67301,2011,11,4,1222,12,1,1,0,8,1, , ,N,1,2,0,3,0,1,2,2,N,N,40 02:33.169,75 07:44.993,1225, ,1224, ,0, ,N, ,3, , , , , , , , , ,1,0,0,0,0,0,1,0,0,0,0,1,1,0,0,0,0,0,0,0,1,0,0,0,0,0,0,0,0,0,0,0,1,0,0,4,0,40.0425,-75.1292, , 
76875,858122,2011126372,6,67,67301,2011,11,6,1555,15,1,1,0,8,1, , ,N,0,2,0,3,0,1,2,2,N, ,40 01:35.204,75 05:51.719,1602, ,1555,1,1,1,N, ,3,N, , , , , , , , ,1,1,0,0,0,0,0,0,0,0,0,0,1,1,0,0,0,0,0,0,0,0,0,0,0,0,0,0,0,0,0,0,1,0,0,8,0,40.0264,-75.0977, , 
76876,858131,2011132954,6,67,67301,2011,11,6,1400,14,1,1,0,8,1, , ,N,1,2,0,3,0,1,2,2,N,N,40 02:09.477,75 02:33.014,1412, ,1411, ,0, ,N, ,3, , , , , , , , , ,1,1,0,0,0,0,0,0,0,0,0,0,1,1,1,0,0,0,0,0,0,0,0,1,0,0,0,0,0,0,0,0,1,0,0,8,0,40.0359,-75.0424, , 
76877,858135,2012001983,6,67,67301,2011,11,2,9,0,3,2,1,1,1, , ,N,6,0,0,3,0,1,3,2,N,N,39 53:29.072,75 14:13.179,27, ,22, ,0, ,N, ,0, , , , , , , , , ,2,1,0,1,0,0,0,0,0,0,0,1,1,0,0,0,0,0,0,0,1,0,0,0,0,0,0,0,0,0,0,0,0,0,0,4,1,39.8927,-75.2338, , 
76878,858136,2012001987,6,67,67301,2011,12,2,935,9,1,1,0,8,1, , ,N,1,0,0,3,0,1,2,2,N,N,39 59:10.485,75 06:15.828,1005, ,1000, ,0, , , ,0, , , , , , , , , ,1,0,0,0,0,1,0,0,0,0,0,1,1,0,1,0,0,0,0,0,0,0,0,1,0,0,0,0,0,0,0,0,1,0,0,4,1,39.9863,-75.1044, , 
76879,858137,2012004903,6,67,67301,2011,12,1,2015,20,3,1,0,4,1, , ,N,2,3,0,3,0,0,3,2,N,N,39 54:29.779,75 09:26.596,2045, ,2040, ,0, ,N, ,3, , , , , , , , , ,2,1,0,0,0,0,1,0,0,0,0,0,0,0,0,0,0,0,0,0,0,0,0,0,0,0,0,0,0,0,0,0,0,0,0,0,0,39.9083,-75.1574, , 
76880,858144,2012019467,6,67,67301,2011,4,5,1830,18,4,1,0,4,1, , ,N,1,3,0,3,0,1,2,2,N,N,40 02:17.530,75 04:43.119,0, ,0, ,0, ,N, ,3, , , , , , , , , ,2,1,0,0,0,0,1,0,0,0,0,0,1,1,1,0,0,0,0,0,0,1,0,0,0,0,0,0,0,0,0,0,0,0,0,8,0,40.0382,-75.0786, , 
76881,860930,2012018541,6,67,67301,2011,4,1,140,1,6,2,1,5,1, , ,N,0,0,1,3,0,0,2,2,N,N,39 57:30.061,75 09:56.214,0, ,0, ,0, ,N, ,0, , , , , , , , , ,2,2,0,0,0,0,0,0,0,0,0,0,0,0,0,0,0,0,0,0,0,0,0,0,0,0,0,0,0,0,0,0,0,0,0,0,0,39.9584,-75.1656, , 
76882,860932,2011132747,6,67,67301,2011,6,2,1950,19,1,1,0,2,1, , ,N,1,0,0,3,0,3,3,2,N,N,40 01:20.289,75 09:43.290,1952, ,1952, ,0, ,N, ,0, , , , , , , , , ,2,1,0,0,0,0,1,0,0,0,1,2,3,0,0,0,0,0,0,0,0,1,0,0,0,0,0,0,0,0,0,0,0,0,0,3,0,40.0223,-75.162, , 
76883,860970,2012001904,6,67,67301,2011,11,6,1755,17,4,1,0,4,1, , ,N,1,3,0,3,0,1,3,2,N,N,39 58:49.450,75 08:49.394,1805, ,1757, ,0, ,N, ,3, , , , , , , , , ,1,1,0,0,0,0,0,0,1,0,0,1,1,0,0,0,0,0,0,0,0,1,0,0,0,0,0,0,0,0,0,0,0,0,0,4,0,39.9804,-75.1471, , 
76884,860972,2012004758,6,67,67301,2011,12,1,9999,99,1,1,0,1,1, , ,N,0,0,0,3,0,2,4,2,N,N,40 01:45.835,75 06:03.849,1602, ,1558,1,1,2,N, ,0,N, , , , , , , , ,2,2,0,0,0,0,0,0,0,0,0,2,2,0,0,0,0,0,0,0,0,0,0,1,0,0,0,0,0,0,0,0,0,0,0,4,0,40.0294,-75.1011, , 
76885,860986,2011112273,6,67,67301,2011,10,4,1200,12,1,1,0,8,5, , ,N,0,0,0,3,0,1,2,2,N,N,39 56:56.824,75 08:37.978,1227, ,1207, ,0, ,N, ,0, , , , , , , , , ,1,1,0,0,0,0,0,0,0,0,0,0,1,1,0,0,0,0,0,0,1,0,0,0,0,0,0,0,0,0,0,0,1,0,0,8,0,39.9491,-75.1439, , 
76886,861004,2012002016,6,67,67301,2011,12,1,943,9,1,1,0,4,1, , ,N,1,2,0,3,0,0,4,3,N,N,40 02:32.725,75 04:57.598,1005, ,958, ,0, ,N, ,3, , , , , , , , , ,3,1,0,0,0,0,1,1,0,0,0,0,0,0,0,0,0,0,0,0,1,1,0,0,0,0,0,0,0,0,0,0,0,0,0,0,0,40.0424,-75.0827, , 
76887,861006,2012009991,6,67,67301,2011,12,2,1430,14,1,1,0,4,1, , ,N,1,2,0,3,0,3,5,3,N,N,40 02:03.749,75 10:21.859,1542, ,1538, ,0, ,N, ,3, , , , , , , , , ,3,2,0,0,1,0,0,0,0,0,0,0,3,3,0,0,0,0,0,0,2,0,0,0,0,0,0,0,0,0,0,0,0,0,0,8,0,40.0344,-75.1727, , 
76888,861007,2012023512,6,67,67301,2011,9,3,800,8,1,1,0,1,1, , ,N,1,2,0,3,0,1,2,2,N,N,40 01:03.702,75 11:21.201,0, ,0, ,0, ,N, ,3, , , , , , , , , ,2,1,0,0,0,0,1,0,0,0,0,0,1,1,0,0,0,0,0,0,1,0,0,0,0,0,0,0,0,0,0,0,0,0,0,8,0,40.0177,-75.1892, , 
76889,861030,2012004932,6,67,67301,2011,12,1,2129,21,3,1,0,8,1, , ,N,1,2,0,3,0,1,2,2,N,N,39 57:13.622,75 08:34.406,2130, ,2130, ,0, ,N, ,3, , , , , , , , , ,1,0,0,0,0,0,0,0,1,0,1,0,1,0,1,0,0,0,0,0,0,0,0,0,0,0,0,0,0,0,0,0,0,0,0,3,0,39.9538,-75.1429, , 
76890,861034,2012023424,6,67,67301,2011,8,5,1104,11,1,1,0,1,1, , ,N,0,0,0,3,0,2,2,2,N,N,40 01:18.523,75 06:45.082,0, ,0, ,0, ,N, ,0, , , , , , , , , ,2,2,0,0,0,0,0,0,0,0,0,0,2,2,0,0,0,0,0,0,1,0,0,0,0,0,0,0,0,0,0,0,0,0,0,8,0,40.0218,-75.1125, , 
76891,861053,2012010074,6,67,67301,2011,12,2,1000,10,1,1,0,3,2, , ,N,1,0,0,3,0,1,1,2,N,N,39 59:22.779,75 08:44.869,1425, ,1420, ,0, ,N, ,0, , , , , , , , , ,2,1,0,0,0,1,0,0,0,0,0,1,1,0,0,0,0,0,0,0,0,0,0,0,0,0,0,0,0,0,0,0,0,0,0,4,1,39.9897,-75.1458, , 
76892,861071,2012004213,6,67,67301,2011,12,7,1030,10,1,1,6,4,1, , ,N,0,0,7,3,0,0,2,2,N,N,40 02:00.482,75 02:47.784,1051, ,1045,1,1,4,N, ,0,N, , , , , , , , ,2,2,0,0,0,0,0,0,0,0,0,0,0,0,0,0,0,0,0,0,0,0,0,0,0,0,0,0,0,0,0,0,0,0,0,0,0,40.0335,-75.0466, , 
76893,861074,2012010105,6,67,67301,2011,12,4,2030,20,3,1,0,1,1, , ,N,1,2,0,3,0,1,3,2,N,N,40 03:37.862,75 03:26.035,2040, ,2030,2,1,1,N, ,3,Y, , , , , , , , ,2,0,0,0,0,1,1,0,0,0,0,1,1,0,1,0,0,0,0,0,0,0,0,0,0,0,0,0,0,0,0,0,0,0,0,4,0,40.0605,-75.0572, , 
76894,861076,2012051943,6,67,67301,2011,5,4,1336,13,1,2,1,6,1, , ,N,0,0,0,3,0,0,1,3,N,N,40 02:27.700,75 07:59.577,1340, ,1336,2,2,5,N, ,0,Y, , , , , , , , ,2,1,0,0,1,0,0,0,0,0,0,0,0,0,0,0,0,0,0,0,0,0,0,0,0,0,0,0,0,0,0,0,0,0,0,0,0,40.041,-75.1332, , 
76895,861087,2011100783,6,67,67301,2011,9,4,1035,10,1,1,0,8,1, , ,N,0,0,0,3,0,1,2,2,N,N,39 59:26.470,75 06:55.082,1040, ,1035, ,0, ,N, ,0, , , , , , , , , ,1,1,0,0,0,0,0,0,0,0,1,0,1,0,0,0,0,0,0,0,1,0,0,0,0,0,0,0,0,0,0,0,1,0,0,3,0,39.9907,-75.1153, , 
76896,861088,2011100841,6,67,67301,2011,9,5,1315,13,8,2,1,6,1, , ,N,0,0,0,3,0,1,2,2,N,N,39 58:27.964,75 12:06.738,1318, ,1315, ,0, ,N, ,0, , , , , , , , , ,1,0,0,0,1,0,0,0,1,0,0,0,1,1,0,0,0,0,0,0,0,0,0,0,0,0,0,0,0,0,0,0,0,0,0,8,0,39.9744,-75.2019, , 
76897,861089,2011100899,6,67,67301,2011,9,5,500,5,5,2,1,8,1, , ,N,1,2,0,3,0,1,2,2,N,N,40 01:46.297,75 05:01.039,1225, ,1200, ,0, ,N, ,3, , , , , , , , , ,1,0,0,0,0,0,0,0,0,0,1,0,1,0,0,0,0,0,0,0,0,0,0,0,0,0,0,0,0,0,0,0,1,0,0,3,0,40.0295,-75.0836, , 
76898,861102,2011112187,6,67,67301,2011,10,2,2214,22,3,1,0,1,2, , ,N,2,0,0,3,0,0,1,3,N,N,40 01:49.767,75 06:55.609,20, ,14,2,2,3,N, ,0,Y, , , , , , , , ,3,2,0,0,0,0,1,0,0,0,0,0,0,0,0,0,0,0,0,0,0,0,0,0,0,0,0,0,0,0,0,0,0,0,0,0,0,40.0305,-75.1154, , 
76899,864868,2012001898,6,67,67301,2011,12,6,1330,13,1,1,0,8,1, , ,N,1,3,0,3,0,1,2,2,N,N,39 57:08.535,75 09:17.776,1345, ,1340, ,0, ,N, ,3, , , , , , , , , ,1,0,0,0,0,0,1,0,0,0,0,1,1,0,0,0,0,0,0,0,1,0,0,0,0,0,0,0,0,0,0,0,1,0,0,4,0,39.9524,-75.1549, , 
76900,864872,2012020254,6,67,67301,2011,3,2,2142,21,6,1,0,4,1, , ,N,0,0,7,3,0,2,3,2,N,N,40 01:01.092,75 08:58.030,0, ,0, ,0, ,N, ,0, , , , , , , , , ,2,2,0,0,0,0,0,0,0,0,0,0,2,2,1,0,0,0,0,0,1,0,0,0,0,0,0,0,0,0,0,0,0,0,0,8,0,40.017,-75.1495, , 
76901,864879,2011066076,6,67,67301,2011,5,3,2130,21,3,1,0,5,1, , ,N,0,0,1,3,0,0,2,2,N,N,40 01:10.188,75 08:49.791,2135, ,2132,1,1,1,N, ,0,N, , , , , , , , ,2,1,0,0,1,0,0,0,0,0,0,0,0,0,0,0,0,0,0,1,0,0,0,0,0,0,0,0,0,0,0,0,0,0,0,0,0,40.0195,-75.1472, , 
76902,864880,2011068302,6,67,67301,2011,6,1,324,3,3,1,0,1,5,2,4,Y,0,7,0,3,0,2,7,3,N,N,39 56:23.826,75 11:46.140,333,50,328, ,0, ,N, ,3, ,Y,N,Y,N,Y,N,N,N,3,2,0,0,0,0,0,1,0,0,0,2,2,0,0,0,0,0,0,0,0,0,0,3,0,0,0,0,0,0,0,0,0,0,0,4,0,39.9385,-75.1976, , 
76903,864885,2011073863,6,67,67301,2011,6,2,1745,17,1,1,0,4,1, , ,N,1,3,0,3,0,1,3,2,N,N,40 06:06.588,75 01:38.906,2052, ,2052, ,0, ,N, ,3, , , , , , , , , ,1,1,0,0,0,0,0,0,1,0,0,1,1,0,0,0,0,0,0,0,1,0,0,0,0,0,0,0,0,0,0,0,0,0,0,4,0,40.1018,-75.0275, , 
76904,864896,2011132767,6,67,67301,2011,11,5,925,9,1,1,0,4,2, , ,N,0,0,0,3,0,0,1,3,N,N,40 03:23.950,75 09:31.791,932, ,930, ,0, ,N, ,0, , , , , , , , , ,3,2,0,0,0,0,1,0,0,0,0,0,0,0,0,0,0,0,0,0,0,1,0,0,0,0,0,0,0,0,0,0,0,0,0,0,0,40.0567,-75.1588, , 
76905,864900,2011134739,6,67,67301,2011,11,2,2046,20,3,1,0,7,3, , ,N,0,0,0,3,0,0,1,1,N,N,40 06:16.014,75 00:07.736,2050, ,2046, ,0, ,N, ,0, , , , , , , , , ,1,1,0,0,0,0,0,0,0,0,0,0,0,0,0,0,0,0,0,0,0,0,0,0,0,0,0,0,0,0,0,0,0,0,0,0,0,40.1044,-75.0021, , 
76906,864901,2012001960,6,67,67301,2011,12,6,800,8,1,1,0,8,1, , ,N,1,2,0,3,0,2,3,3,N,N,40 02:17.196,75 03:16.819,9999, ,1048, ,0, ,N, ,9, , , , , , , , , ,1,1,0,0,0,0,0,0,0,0,0,2,2,0,1,0,0,0,0,0,0,0,0,0,0,0,0,0,0,0,0,0,2,0,0,4,0,40.0381,-75.0547, , 
76907,864902,2012004773,6,67,67301,2011,12,7,1710,17,2,1,0,4,1, , ,N,1,2,0,3,0,1,3,2,N, ,39 56:38.450,75 09:36.017,1716, ,1714, ,0, , , ,3, , , , , , , , , ,2,1,0,0,0,0,1,0,0,0,0,1,1,0,0,0,0,0,0,0,0,0,0,0,0,0,0,0,0,0,0,0,0,0,0,4,0,39.944,-75.16, , 
76908,864903,2012004974,6,67,67301,2011,12,1,945,9,1,1,0,4,1, , ,N,1,2,0,3,0,0,3,2,N,N,40 02:12.142,75 02:27.052,957, ,945,2,1,3,N, ,3,N, , , , , , , , ,2,1,0,0,0,0,0,1,0,0,0,0,0,0,0,0,0,0,0,0,0,0,0,0,0,0,0,0,0,0,0,0,0,0,0,0,0,40.0368,-75.0407, , 
76909,864904,2012017918,6,67,67301,2011,10,1,30,0,3,1,0,8,2, , ,N,1,0,0,3,0,1,2,2,N,N,39 56:14.564,75 13:03.428,102, ,50, ,0, ,N, ,0, , , , , , , , , ,1,1,0,0,0,0,0,0,0,0,0,1,1,0,1,0,0,0,0,0,0,0,0,1,0,0,0,0,0,0,0,0,1,0,0,4,0,39.9374,-75.2176, , 
76910,864921,2011122804,6,67,67301,2011,10,2,2326,23,3,1,0,5,1, , ,N,1,1,0,3,0,10,10,2,N,N,40 01:09.006,75 02:42.176,25, ,15, ,0, ,N, ,2, , , , , , , , , ,2,2,0,0,0,0,0,0,0,0,0,10,10,0,0,0,0,0,0,0,0,0,0,6,0,0,0,0,0,0,0,0,0,0,0,4,0,40.0192,-75.045, , 
76911,864927,2011132915,6,67,67301,2011,11,4,9999,99,1,2,1,4,1, , ,N,5,2,0,3,0,0,3,2,N,N,39 57:51.728,75 10:34.926,915, ,907, ,0, ,N, ,3, , , , , , , , , ,2,1,0,0,0,0,1,0,0,0,0,0,0,0,0,0,0,0,0,0,1,0,0,0,0,0,0,0,0,0,0,0,0,0,0,0,0,39.9644,-75.1764, , 
76912,864928,2012004859,6,67,67301,2011,12,7,310,3,3,1,0,5,6, , ,N,0,0,0,3,0,1,2,2,N,N,40 01:27.339,75 13:15.294,311, ,310, ,0, ,N, ,0, , , , , , , , , ,2,1,0,0,0,0,0,0,0,1,0,0,1,0,0,0,0,0,0,0,0,0,0,0,0,0,0,0,0,0,0,0,0,0,0,2,0,40.0243,-75.2209, , 
76913,864935,2011116977,6,67,67301,2011,11,1,1320,13,1,1,0,1,1, , ,N,0,0,0,3,0,1,5,2,N,N,39 57:36.197,75 10:53.119,1338, ,1324,1,1,3,N, ,0,N, , , , , , , , ,2,0,0,1,0,0,0,1,0,0,0,0,1,1,0,0,0,0,0,0,0,0,0,0,0,0,0,0,0,0,0,0,0,0,0,8,1,39.9601,-75.1814, , 
76914,864944,2011132922,6,67,67301,2011,11,3,1225,12,1,2,1,4,1, , ,N,0,0,0,3,0,1,2,2,N,N,40 00:37.562,75 06:44.269,1310, ,1258, ,0, , , ,0, , , , , , , , , ,2,1,0,0,1,0,0,0,0,0,0,1,1,0,0,0,0,0,0,0,0,0,0,1,0,0,0,0,0,0,0,0,0,0,0,4,0,40.0104,-75.1123, , 
76915,864948,2012001946,6,67,67301,2011,11,1,1035,10,1,1,0,4,1, , ,N,1,2,0,3,0,0,3,2,N,N,40 01:31.669,75 07:24.547,1043, ,1039, ,0, ,N, ,3, , , , , , , , , ,2,2,0,0,0,0,0,0,0,0,0,0,0,0,0,0,0,0,0,0,0,0,0,0,0,0,0,0,0,0,0,0,0,0,0,0,0,40.0255,-75.1235, , 
76916,864953,2011105311,6,46,46104,2011,10,7,150,1,3,1,0,4,1, , ,N,1,2,0,3,0,1,3,2,N,N,39 59:17.883,75 15:14.303,1918, ,1915,1,1,2,N, ,3,Y, , , , , , , , ,2,0,0,0,0,0,2,0,0,0,0,0,1,1,0,0,0,0,0,0,0,0,2,0,0,0,0,0,0,0,0,0,0,0,0,8,0,39.9883,-75.254, , 
76917,855324,2012004996,6,67,67301,2011,12,6,1800,18,2,1,0,8,1, , ,N,1,3,0,3,0,2,3,3,N,N,40 03:11.667,75 03:40.564,2140, ,2135, ,0, ,N, ,3, , , , , , , , , ,1,0,0,0,1,0,0,0,0,0,0,0,2,2,0,0,0,0,0,0,0,0,0,0,0,0,0,0,0,0,0,0,2,0,0,8,0,40.0532,-75.0613, , 
76918,855327,2011064112,6,67,67301,2011,5,3,2240,22,3,1,0,4,1, , ,N,2,2,0,3,0,2,3,2,N,N,39 57:40.266,75 14:49.451,2245, ,2242,2,1,1,N, ,3,N, , , , , , , , ,2,2,0,0,0,0,0,0,0,0,0,2,2,0,0,0,0,0,0,0,1,0,0,1,0,0,0,0,0,0,0,0,0,0,0,4,0,39.9612,-75.2471, , 
76919,855330,2011066238,6,67,67301,2011,5,6,2330,23,3,1,0,4,1, , ,N,1,3,0,3,0,2,3,2, , ,39 58:01.462,75 14:37.589,55, ,50, ,0, , , ,3, , , , , , , , , ,2,1,0,0,1,0,0,0,0,0,0,2,2,0,0,0,0,0,0,0,1,0,0,0,0,0,0,0,0,0,0,0,0,0,0,4,0,39.9671,-75.2438, , 
76920,855338,2011082712,6,67,67301,2011,7,7,700,7,1,1,0,7,1, , ,N,3,2,0,3,0,0,1,1,N,N,39 57:08.768,75 09:45.156,740, ,736,9,1,1,N, ,3,N, , , , , , , , ,1,1,0,0,0,0,0,0,0,0,0,0,0,0,0,0,0,0,0,0,0,0,0,0,0,0,0,0,0,0,0,0,0,0,0,0,0,39.9525,-75.1625, , 
76921,855342,2011085038,6,67,67301,2011,7,7,1545,15,1,1,0,4,1, , ,N,1,2,0,3,0,1,3,2,N, ,39 56:18.900,75 11:54.432,1548, ,1547, ,0, , , ,3, , , , , , , , , ,2,2,0,0,0,0,0,0,0,0,0,1,1,0,2,0,0,0,0,0,1,0,0,2,0,0,0,0,0,0,0,0,0,0,0,4,0,39.9386,-75.1985, , 
76922,855364,2012001933,6,67,67301,2011,12,7,1650,16,4,1,0,8,1, , ,N,1,2,0,3,0,1,3,2,N,N,39 57:36.745,75 11:27.211,1720, ,1715, ,0, ,N, ,9, , , , , , , , , ,1,0,0,0,0,0,1,0,0,0,0,1,1,0,2,0,0,0,0,0,0,0,0,0,0,0,0,0,0,0,0,0,1,0,0,4,0,39.9602,-75.1909, , 
76923,855365,2012001956,6,67,67301,2011,12,5,1700,17,4,1,0,4,9, , ,N,2,3,0,3,0,1,2,3,N,N,40 01:24.488,75 07:53.176,1752, ,1751, ,0, ,N, ,3, , , , , , , , , ,3,1,0,0,0,0,2,0,0,0,0,1,1,0,0,0,0,0,0,0,0,0,0,0,0,0,0,0,0,0,0,0,0,0,0,4,0,40.0235,-75.1314, , 