objectid_1,objectid,crn,district,county,municipality,crash_year,crash_month,day_of_week,time_of_day,hour_of_day,illumination,weather,road_condition,collision_type,relation_to_road,work_zone_type,work_zone_loc,work_zone_ind,intersect_type,tcd_type,location_type,urban_rural,fatal_count,injury_count,person_count,total_units,sch_bus_ind,sch_zone_ind,latitude,longitude,arrival_tm,cons_zone_spd_lim,dispatch_tm,est_hrs_closed,lane_closed,ln_close_dir,ntfy_hiwy_maint,spec_juris_cd,tcd_func_cd,tfc_detour_ind,workers_pres,wz_close_detour,wz_flagger,wz_law_offcr_ind,wz_ln_closure,wz_moving,wz_other,wz_shlder_mdn,vehicle_count,automobile_count,motorcycle_count,bus_count,small_truck_count,heavy_truck_count,suv_count,van_count,bicycle_count,maj_inj_count,mod_inj_count,min_inj_count,tot_inj_count,unk_inj_deg_count,unk_inj_per_count,driver_count_16yr,driver_count_17yr,driver_count_18yr,driver_count_19yr,driver_count_20yr,driver_count_50_64yr,driver_count_65_74yr,driver_count_75plus,unbelted_occ_count,unb_death_count,unb_maj_inj_count,belted_death_count,belted_maj_inj_count,mcycle_death_count,mcycle_maj_inj_count,bicycle_death_count,bicycle_maj_inj_count,ped_count,ped_death_count,ped_maj_inj_count,max_severity_level,comm_veh_count,dec_lat,dec_long,rdwy_surf_type_cd,county_name
76924,855366,2012002072,6,67,67301,2011,11,3,1900,19,3,2,1,8,1, , ,N,1,2,0,3,0,1,2,2,N,N,39 58:27.908,75 08:50.629,2015, ,2015, ,0, , , ,3, , , , , , , , , ,1,1,0,0,0,0,0,0,0,0,0,1,1,0,0,0,0,0,0,0,0,0,0,1,0,0,0,0,0,0,0,0,1,0,0,4,0,39.9744,-75.1474, , 
76925,855374,2011126325,6,67,67301,2011,11,7,2352,23,3,1,0,7,5, , ,N,2,0,0,3,0,1,1,1,N, ,40 02:48.144,75 03:08.897,5, ,2355, ,0, , , ,0, , , , , , , , , ,1,0,0,0,0,0,0,1,0,0,1,0,1,0,0,0,0,0,0,0,0,0,0,0,0,0,0,0,0,0,0,0,0,0,0,3,0,40.0467,-75.0525, , 
76926,855383,2012002135,6,67,67301,2011,12,7,1650,16,3,1,0,4,1, , ,N,0,0,7,3,0,1,5,2,N,N,39 59:38.292,75 05:38.209,1700, ,1655, ,0, ,N, ,0, , , , , , , , , ,2,2,0,0,0,0,0,0,0,0,0,1,1,0,0,0,0,0,0,0,0,0,0,0,0,0,0,0,0,0,0,0,0,0,0,4,0,39.994,-75.0939, , 
76927,855384,2012004264,6,67,67301,2011,12,6,12,0,3,2,1,4,1, , ,N,1,2,0,3,0,0,2,2,N, ,40 06:06.588,75 01:38.906,13, ,13, ,0, ,N, ,3, , , , , , , , , ,2,1,0,0,0,1,0,0,0,0,0,0,0,0,0,0,0,0,0,0,1,0,0,0,0,0,0,0,0,0,0,0,0,0,0,0,1,40.1018,-75.0275, , 
76928,855394,2011075754,6,67,67301,2011,6,6,1158,11,1,1,0,4,1, , ,N,1,2,0,3,0,0,4,2,N,N,40 04:50.725,75 01:42.964,1205, ,1202,1,1,6,N, ,3,N, , , , , , , , ,2,2,0,0,0,0,0,0,0,0,0,0,0,0,0,0,0,0,0,0,1,0,0,0,0,0,0,0,0,0,0,0,0,0,0,0,0,40.0808,-75.0286, , 
76929,855424,2011126315,6,67,67301,2011,11,5,150,1,3,1,0,7,3, , ,N,1,2,0,3,0,0,1,1,N, ,39 58:08.114,75 08:10.343,205, ,155, ,0, , , ,3, , , , , , , , , ,1,1,0,0,0,0,0,0,0,0,0,0,0,0,0,0,0,0,0,0,0,0,0,1,0,0,0,0,0,0,0,0,0,0,0,0,0,39.9688,-75.1362, , 
76930,855432,2012022234,6,67,67301,2011,7,5,1430,14,1,1,0,5,1, , ,N,7,0,2,3,0,1,2,2, , ,39 57:54.032,75 08:16.083,0, ,0, ,0, , , ,0, , , , , , , , , ,2,0,0,0,2,0,0,0,0,0,1,0,1,0,0,0,0,0,0,0,0,0,0,0,0,0,0,0,0,0,0,0,0,0,0,3,0,39.9684,-75.1296, , 
76931,855443,2011118046,6,67,67301,2011,10,4,953,9,1,1,0,8,1, , ,N,1,3,0,3,0,1,2,2,N,N,39 55:58.861,75 08:58.063,1004, ,958, ,0, ,N, ,9, , , , , , , , , ,1,1,0,0,0,0,0,0,0,0,0,0,1,1,0,0,0,0,0,0,0,0,0,0,0,0,0,0,0,0,0,0,1,0,0,8,0,39.933,-75.1495, , 
76932,855458,2011023262,6,67,67301,2011,1,3,1320,13,1,1,0,4,1, , ,N,2,3,0,3,0,1,2,2, , ,39 59:35.488,75 04:53.544,1340, ,1330, ,0, , , ,2, , , , , , , , , ,2,1,0,0,0,0,1,0,0,0,0,1,1,0,0,0,0,0,0,0,0,1,0,0,0,0,0,0,0,0,0,0,0,0,0,4,0,39.9932,-75.0815, , 
76933,855466,2011033497,6,67,67301,2011,3,3,9999,99,1,1,0,4,3, , ,N,0,0,0,3,0,1,2,2, , ,40 00:26.697,75 07:29.905,1738, ,1737,2,2,6, , ,0,Y, , , , , , , , ,2,1,0,0,0,0,1,0,0,0,0,1,1,0,0,0,0,0,1,0,0,0,0,0,0,0,0,0,0,0,0,0,0,0,0,4,0,40.0074,-75.125, , 
76934,855483,2011118092,6,67,67301,2011,10,2,2005,20,3,1,0,7,5, , ,N,0,0,0,3,0,1,1,1,N,N,40 03:05.382,75 02:09.358,2012, ,2010, ,0, ,N, ,0, , , , , , , , , ,1,0,0,0,0,0,1,0,0,0,0,1,1,0,0,0,0,0,0,0,1,0,0,0,0,0,0,0,0,0,0,0,0,0,0,4,0,40.0515,-75.0359, , 
76935,858145,2012023023,6,67,67301,2011,8,4,1330,13,1,1,0,1,1, , ,N,2,2,0,3,0,1,2,2,N,N,40 01:17.189,75 08:54.906,0, ,0, ,0, ,N, ,3, , , , , , , , , ,2,2,0,0,0,0,0,0,0,0,0,0,1,1,1,0,0,0,0,0,0,0,0,0,0,0,0,0,0,0,0,0,0,0,0,8,0,40.0214,-75.1485, , 
76936,858146,2012032552,6,67,67301,2011,12,2,1912,19,3,1,0,4,1, , ,N,0,2,7,3,0,2,2,2,N, ,40 04:27.275,75 01:00.075,1917, ,1912,5,1,4, , ,3,N, , , , , , , , ,2,2,0,0,0,0,0,0,0,0,0,0,2,2,0,0,0,0,0,0,0,0,0,0,0,0,0,0,0,0,0,0,0,0,0,8,0,40.0742,-75.0167, , 
76937,858147,2012041511,6,67,67301,2011,9,6,725,7,1,1,0,4,1, , ,N,1,3,0,3,0,1,3,3,N,N,40 01:31.670,75 05:04.955,735, ,728,1,2,7,N, ,3,Y, , , , , , , , ,2,1,0,0,1,0,0,0,0,0,0,1,1,0,0,0,0,0,0,0,1,0,0,0,0,0,0,0,0,0,0,0,1,0,0,4,0,40.0255,-75.0847, , 
76938,858148,2012042159,6,67,67301,2011,10,2,2020,20,3,1,0,8,1, , ,N,1,2,0,3,0,1,2,2,N,N,40 01:34.998,75 07:01.744,2027, ,2022,3,2,1,N, ,3,Y, , , , , , , , ,1,1,0,0,0,0,0,0,0,1,0,0,1,0,0,0,0,0,0,0,1,0,0,0,0,0,0,0,0,0,0,0,1,0,1,2,0,40.0264,-75.1172, , 
76939,858153,2011100738,6,67,67301,2011,9,2,1856,18,1,1,0,4,1, , ,N,1,2,0,3,0,0,2,2,N, ,40 05:58.224,74 59:10.989,1856, ,1856, ,0, , , ,3, , , , , , , , , ,2,2,0,0,0,0,0,0,0,0,0,0,0,0,0,0,0,1,0,0,0,1,0,0,0,0,0,0,0,0,0,0,0,0,0,0,0,40.0995,-74.9864, , 
76940,858168,2011122746,6,67,67301,2011,11,3,1115,11,1,1,0,5,1, , ,N,0,0,0,3,0,0,3,3,N,N,39 58:42.248,75 09:40.596,1125, ,1123,3,2,1,N, ,0,Y, , , , , , , , ,3,3,0,0,0,0,0,0,0,0,0,0,0,0,0,0,0,0,0,0,1,0,0,0,0,0,0,0,0,0,0,0,0,0,0,0,0,39.9784,-75.1613, , 
76941,858169,2011122790,6,67,67301,2011,10,5,1545,15,1,2,1,4,1, , ,N,1,2,0,3,0,1,3,2,N,N,40 01:57.810,75 06:23.231,1710, ,1703, ,0, ,N, ,3, , , , , , , , , ,2,2,0,0,0,0,0,0,0,0,1,0,1,0,0,0,0,0,0,0,0,1,0,0,0,0,0,0,0,0,0,0,0,0,0,3,0,40.0327,-75.1065, , 
76942,858183,2012020272,6,67,67301,2011,3,4,1330,13,1,1,0,2,1, , ,N,1,0,0,3,0,1,2,2,N,N,39 59:42.637,75 06:56.944,0, ,0, ,0, ,N, ,0, , , , , , , , , ,2,1,0,0,0,0,0,0,0,0,0,0,1,1,1,0,0,0,0,0,0,0,1,0,0,0,0,0,0,0,0,0,0,0,0,8,0,39.9952,-75.1158, , 
76943,858186,2011068723,6,67,67301,2011,6,2,600,6,1,1,0,8,1, , ,N,0,0,0,3,0,1,2,3,N,N,39 57:33.361,75 09:29.685,700, ,9999, ,0, ,N, ,0, , , , , , , , , ,2,2,0,0,0,0,0,0,0,0,0,1,1,0,0,0,0,0,0,0,0,0,0,0,0,0,0,0,0,0,0,0,1,0,0,4,0,39.9593,-75.1582, , 
76944,858203,2011085510,6,67,67301,2011,7,7,19,0,3,1,0,4,1, , ,N,1,2,0,3,0,0,3,2,N,N,39 57:13.719,75 09:59.863,19, ,19,3,1,4,N, ,3,N, , , , , , , , ,2,2,0,0,0,0,0,0,0,0,0,0,0,0,0,0,0,0,0,0,0,0,0,0,0,0,0,0,0,0,0,0,0,0,0,0,0,39.9538,-75.1666, , 
76945,858214,2011093061,6,67,67301,2011,8,7,2126,21,3,1,0,4,1, , ,N,1,2,0,3,0,2,2,2,N, ,39 55:06.758,75 13:33.159,2126, ,2126, ,0, , , ,3, , , , , , , , , ,2,2,0,0,0,0,0,0,0,0,0,1,2,1,0,0,0,0,0,0,1,0,0,0,0,0,0,0,0,0,0,0,0,0,0,4,0,39.9185,-75.2259, , 
76946,858222,2011100757,6,67,67301,2011,9,3,400,4,3,1,0,7,2, , ,N,0,2,0,3,0,0,1,1,N,N,39 58:54.775,75 14:19.778,403, ,403, ,0, ,N, ,3, , , , , , , , , ,1,1,0,0,0,0,0,0,0,0,0,0,0,0,0,0,0,0,0,0,0,0,0,0,0,0,0,0,0,0,0,0,0,0,0,0,0,39.9819,-75.2388, , 
76947,858223,2011100797,6,67,67301,2011,9,5,1321,13,1,1,1,1,1, , ,N,2,3,0,3,0,1,2,2,N,N,40 05:10.090,75 01:26.265,1334, ,1334,1,1,2,N, ,3,N, , , , , , , , ,2,1,0,0,0,0,1,0,0,0,1,0,1,0,0,0,0,1,0,0,0,0,1,0,0,0,0,0,0,0,0,0,0,0,0,3,0,40.0861,-75.024, , 
76948,858224,2011100889,6,67,67301,2011,9,4,820,8,1,2,1,4,1, , ,N,1,3,0,3,0,6,7,2,N,N,39 56:37.402,75 10:38.171,859, ,843, ,0, , , ,3, , , , , , , , , ,2,2,0,0,0,0,0,0,0,0,0,6,6,0,0,0,0,0,0,0,1,0,0,0,0,0,0,0,0,0,0,0,0,0,0,4,0,39.9437,-75.1773, , 
76949,858230,2011108916,6,67,67301,2011,9,6,700,7,1,1,0,1,1, , ,N,0,2,0,3,0,1,2,2,N,N,39 59:37.784,75 09:13.274,739, ,732, ,0, , , ,3, , , , , , , , , ,2,1,0,0,0,0,0,1,0,0,0,1,1,0,0,0,0,0,0,0,1,0,0,0,0,0,0,0,0,0,0,0,0,0,0,4,0,39.9938,-75.1537, , 
76950,858246,2011122825,6,67,67301,2011,11,4,1059,10,1,1,0,1,1, , ,N,0,0,0,3,0,2,3,2,N,N,40 02:26.519,75 03:31.187,1103, ,1500,1,1,2,N, ,0,N, , , , , , , , ,2,2,0,0,0,0,0,0,0,0,0,2,2,0,0,0,0,0,0,0,2,0,0,0,0,0,0,0,0,0,0,0,0,0,0,4,0,40.0409,-75.0585, , 
76951,858260,2012002080,6,67,67301,2011,12,4,840,8,1,2,1,4,1, , ,N,1,3,0,3,0,0,8,2,N,N,39 57:57.385,75 12:24.578,849, ,847, ,0, , , ,3, , , , , , , , , ,2,0,0,1,0,0,0,1,0,0,0,0,0,0,1,0,0,0,0,0,1,0,0,0,0,0,0,0,0,0,0,0,0,0,0,9,1,39.9659,-75.2068, , 
76952,858279,2011073274,6,67,67301,2011,6,6,1514,15,1,1,0,8,1, , ,N,0,0,0,3,0,1,2,2,N,Y,40 03:05.335,75 04:17.230,1520, ,1516, ,0, ,N, ,0, , , , , , , , , ,1,1,0,0,0,0,0,0,0,0,0,1,1,0,0,0,0,0,0,0,0,0,0,0,0,0,0,0,0,0,0,0,1,0,0,4,0,40.0515,-75.0715, , 
76953,861122,2011118085,6,67,67301,2011,10,5,1515,15,1,1,0,8,1, , ,N,10,2,0,3,0,1,2,2,N,N,40 01:00.430,75 05:00.995,320, ,314, ,0, , , ,3, , , , , , , , , ,1,1,0,0,0,0,0,0,0,1,0,0,1,0,1,0,0,0,0,0,0,0,0,1,0,0,0,0,0,0,0,0,1,0,1,2,0,40.0168,-75.0836, , 
76954,861133,2012023093,6,67,67301,2011,9,5,400,4,6,1,0,4,1, , ,N,2,2,0,3,0,2,3,2,N,N,39 57:36.624,75 08:13.909,0, ,0, ,0, ,N, ,3, , , , , , , , , ,2,1,0,0,1,0,0,0,0,0,2,0,2,0,0,0,0,0,0,0,1,0,0,0,0,0,0,0,0,0,0,0,0,0,0,3,0,39.9602,-75.1372, , 
76955,861135,2012002075,6,67,67301,2011,12,7,28,0,3,1,0,2,1, , ,N,1,2,0,3,0,1,3,3,N,N,39 55:36.347,75 10:09.183,41, ,40,2,1,1,N, ,3,N, , , , , , , , ,3,1,0,0,1,0,1,0,0,0,0,0,1,1,0,0,0,1,0,0,0,0,0,0,0,0,0,0,0,0,0,0,0,0,0,8,0,39.9268,-75.1691, , 
76956,861136,2012004997,6,67,67301,2011,12,3,803,8,1,2,1,4,1, , ,N,1,2,0,3,0,1,2,2,N,N,39 57:02.548,75 14:27.995,840, ,836, ,0, ,N, ,3, , , , , , , , , ,2,0,0,0,0,0,1,1,0,0,0,0,1,1,0,0,0,0,0,0,0,0,0,0,0,0,0,0,0,0,0,0,0,0,0,8,0,39.9507,-75.2411, , 
76957,861142,2011122779,6,67,67301,2011,10,6,1230,12,1,1,0,8,1, , ,N,2,0,0,3,0,1,3,3,N,Y,39 58:22.832,75 15:05.716,1311, ,1307, ,0, , , ,0, , , , , , , , , ,1,0,0,0,0,0,0,0,0,0,0,0,1,1,1,0,0,0,0,0,0,0,0,0,0,0,0,0,0,0,0,0,2,0,0,8,0,39.973,-75.2516, , 
76958,861143,2011122881,6,67,67301,2011,10,2,323,3,3,1,0,7,4, , ,N,10,0,0,3,0,1,5,1,N, ,40 03:06.785,75 03:01.974,333, ,328,2,1,2, , ,0,N, , , , , , , , ,1,1,0,0,0,0,0,0,0,0,1,0,1,0,0,0,0,0,0,0,0,0,0,0,0,0,0,0,0,0,0,0,0,0,0,3,0,40.0519,-75.0505, , 
76959,861163,2012013437,6,67,67301,2011,12,5,2255,22,3,1,0,2,1, , ,N,0,0,0,3,0,2,2,3,N,N,40 01:40.203,75 09:41.526,2301, ,2258, ,0, , , ,0, , , , , , , , , ,3,2,0,0,0,0,1,0,0,0,0,2,2,0,0,0,0,0,0,0,0,0,0,0,0,0,0,0,0,0,0,0,0,0,0,4,0,40.0278,-75.1615, , 
76960,861175,2011132626,6,67,67301,2011,11,7,1220,12,1,1,0,4,1, , ,N,1,0,0,3,0,2,3,2,N,N,39 59:16.400,75 10:06.409,1250, ,1248, ,0, ,N, ,0, , , , , , , , , ,2,1,0,0,0,0,1,0,0,0,0,0,2,2,1,0,0,0,0,0,0,0,0,1,0,0,0,0,0,0,0,0,0,0,0,8,0,39.9879,-75.1684, , 
76961,861176,2011132843,6,67,67301,2011,11,6,1552,15,1,1,0,7,4, , ,N,2,2,0,3,0,2,2,1,N,N,40 01:26.923,75 07:59.564,1554, ,1552,1,2,4,N, ,3,Y, , , , , , , , ,1,1,0,0,0,0,0,0,0,0,2,0,2,0,0,0,0,0,0,0,1,0,0,0,0,0,0,0,0,0,0,0,0,0,0,3,0,40.0242,-75.1331, , 
76962,861177,2012002131,6,67,67301,2011,12,3,1700,17,3,1,0,8,1, , ,N,1,3,0,3,0,1,2,2,N,N,40 02:34.692,75 08:39.933,1700, ,1700, ,0, ,N, ,3, , , , , , , , , ,1,1,0,0,0,0,0,0,0,0,0,0,1,1,0,0,0,0,0,0,0,0,1,0,0,0,0,0,0,0,0,0,1,0,0,8,0,40.043,-75.1444, , 
76963,861179,2012010036,6,67,67301,2011,12,2,1045,10,1,1,1,4,1, , ,N,2,3,0,3,0,0,2,2,N,N,40 01:12.576,75 08:18.441,1100, ,1051, ,0, , , ,3, , , , , , , , , ,2,2,0,0,0,0,0,0,0,0,0,0,0,0,0,0,0,0,0,0,0,0,0,0,0,0,0,0,0,0,0,0,0,0,0,0,0,40.0202,-75.1385, , 
76964,861180,2012010085,6,67,67301,2011,12,4,831,8,1,1,0,1,1, , ,N,1,2,0,3,0,1,2,2,N,N,39 55:32.578,75 13:31.177,840, ,801,9,1,1,N, ,3,N, , , , , , , , ,2,1,0,0,0,0,0,0,0,0,0,1,1,0,0,0,0,0,0,0,0,0,0,0,0,0,0,0,0,0,0,0,0,0,0,4,0,39.9257,-75.2253, , 
76965,861188,2011114357,6,67,67301,2011,10,6,1404,14,1,1,0,0,1, , ,N,0,0,0,3,0,1,3,2,N,N,39 59:26.889,75 12:16.579,1407, ,1406,1,1,3,N, ,0,N, , , , , , , , ,2,0,0,0,0,0,1,1,0,0,0,0,1,1,0,0,0,0,0,0,1,0,0,0,0,0,0,0,0,0,0,0,0,0,0,8,0,39.9908,-75.2046, , 
76966,861201,2012001955,6,67,67301,2011,12,4,46,0,3,2,1,7,5, , ,N,0,8,0,3,0,1,1,1,N,N,39 59:44.287,75 11:29.439,100, ,52, ,0, ,Y, ,2, , , , , , , , , ,1,1,0,0,0,0,0,0,0,0,0,1,1,0,0,0,0,0,0,0,0,0,0,0,0,0,0,0,0,0,0,0,0,0,0,4,0,39.9956,-75.1915, , 
76967,861209,2011106125,6,67,67301,2011,9,7,959,9,1,1,0,4,1, , ,N,2,3,0,3,0,0,3,2,N,N,39 59:20.537,75 07:10.499,1010, ,1004, ,0, ,N, ,3, , , , , , , , , ,2,1,0,0,0,0,0,1,0,0,0,0,0,0,0,0,0,0,0,0,0,0,0,0,0,0,0,0,0,0,0,0,0,0,0,0,0,39.989,-75.1196, , 
76968,861219,2011115237,6,67,67301,2011,10,7,930,9,1,1,0,4,1, , ,N,0,0,0,3,0,1,2,2,N,N,39 59:25.121,75 11:48.526,932, ,930, ,0, ,N, ,0, , , , , , , , , ,2,2,0,0,0,0,0,0,0,0,0,1,1,0,0,0,0,0,0,0,1,0,0,0,0,0,0,0,0,0,0,0,0,0,0,4,0,39.9903,-75.1968, , 
76969,861233,2011118090,6,67,67301,2011,10,4,9999,99,3,1,0,4,1, , ,N,1,2,0,3,0,0,2,2,N,N,40 08:03.425,75 00:32.780,1830, ,1822,1,1,1,N, ,3,N, , , , , , , , ,2,1,0,0,0,0,1,0,0,0,0,0,0,0,0,0,1,0,0,0,0,0,0,0,0,0,0,0,0,0,0,0,0,0,0,0,0,40.1343,-75.0091, , 
76970,861250,2012001895,6,67,67301,2011,12,4,1900,19,3,2,1,4,1, , ,N,1,2,0,3,0,1,2,2,N,N,39 57:18.043,75 14:17.451,1925, ,1923, ,0, ,N, ,3, , , , , , , , , ,1,1,0,0,0,0,0,0,1,0,0,1,1,0,0,0,0,0,0,0,1,0,0,0,0,0,0,0,0,0,0,0,0,0,0,4,0,39.955,-75.2382, , 
76971,863090,2011132757,6,67,67301,2011,11,2,1500,15,1,1,0,8,1, , ,N,1,3,0,3,0,1,2,2,N,N,40 01:42.531,75 03:28.266,2230, ,2220, ,0, , , ,3, , , , , , , , , ,1,0,0,0,0,0,0,1,0,0,0,1,1,0,0,0,0,0,0,0,0,0,0,0,0,0,0,0,0,0,0,0,1,0,0,4,0,40.0285,-75.0579, , 
76972,863093,2011134756,6,67,67301,2011,12,7,546,5,3,1,0,7,5, , ,N,4,4,0,3,0,0,1,1,N,N,40 01:05.244,75 05:49.108,552, ,546, ,0, ,N, ,3, , , , , , , , , ,1,1,0,0,0,0,0,0,0,0,0,0,0,0,0,0,0,0,0,0,0,0,0,0,0,0,0,0,0,0,0,0,0,0,0,0,0,40.018,-75.097, , 
76973,863096,2011095356,6,67,67301,2011,8,6,123,1,3,1,0,4,6, , ,N,0,0,0,3,0,1,2,4,N,N,40 00:50.286,75 12:12.926,123, ,9999, ,0, ,N, ,0, , , , , , , , , ,4,4,0,0,0,0,0,0,0,0,0,1,1,0,1,0,0,0,0,0,0,0,0,2,0,0,0,0,0,0,0,0,0,0,0,4,0,40.0139,-75.2034, , 
76974,863110,2011108935,6,67,67301,2011,9,7,1835,18,1,1,0,4,1, , ,N,2,3,0,3,0,1,2,2,N, ,40 05:16.400,74 58:23.228,1904, ,1901, ,0, , , ,3, , , , , , , , , ,1,1,0,0,0,0,0,0,1,0,0,0,1,1,0,0,0,0,0,0,0,0,0,0,0,0,0,0,0,0,0,0,0,0,0,8,0,40.0879,-74.9731, , 
76975,863117,2011115821,6,67,67301,2011,10,4,523,5,2,2,1,7,1, , ,N,0,0,0,3,0,0,1,1,N,N,40 02:27.052,75 00:19.174,545, ,535, ,0, ,N, ,0, , , , , , , , , ,1,0,0,0,0,0,1,0,0,0,0,0,0,0,0,0,0,0,0,0,0,0,0,0,0,0,0,0,0,0,0,0,0,0,0,0,0,40.0409,-75.0053, , 
76976,863126,2011132952,6,67,67301,2011,11,4,1600,16,1,2,1,4,1, , ,N,2,9,0,3,0,0,2,2,N,N,40 05:43.180,74 57:53.837,1610, ,1600, ,0, ,N, ,9, , , , , , , , , ,2,1,0,0,0,0,0,1,0,0,0,0,0,0,1,0,0,0,0,0,0,0,0,0,0,0,0,0,0,0,0,0,0,0,0,9,0,40.0953,-74.965, , 
76977,863130,2012004985,6,67,67301,2011,11,3,1854,18,3,2,1,8,1, , ,N,1,2,0,3,0,1,2,2,N,N,39 56:00.699,75 12:55.912,1859, ,1854, ,0, ,N, ,3, , , , , , , , , ,1,1,0,0,0,0,0,0,0,0,0,0,1,1,1,0,0,0,0,0,0,0,0,1,0,0,0,0,0,0,0,0,1,0,0,8,0,39.9335,-75.2155, , 
76978,863134,2012023440,6,67,67301,2011,8,7,2200,22,6,1,0,1,1, , ,N,0,0,0,3,0,2,2,2,N,N,40 01:38.050,75 07:56.120,0, ,0, ,0, ,N, ,0, , , , , , , , , ,2,2,0,0,0,0,0,0,0,0,0,0,2,2,0,0,0,0,0,0,0,1,0,0,0,0,0,0,0,0,0,0,0,0,0,8,0,40.0272,-75.1323, , 
76979,863141,2011132821,6,67,67301,2011,11,1,1915,19,3,1,0,0,1, , ,N,0,8,0,3,0,2,2,1,N, ,40 00:40.829,75 10:57.858,1921, ,1918,2,2,3, , ,3,N, , , , , , , , ,1,0,0,0,0,0,1,0,0,0,1,1,2,0,0,0,0,0,0,0,0,0,0,0,0,0,0,0,0,0,0,0,0,0,0,3,0,40.0113,-75.1827, , 
76980,863146,2012004350,6,67,67301,2011,12,7,1300,13,1,1,0,7,1, , ,N,2,0,0,3,0,0,1,1,N,N,39 59:17.527,75 06:47.339,1310, ,1305, ,0, ,N, ,0, , , , , , , , , ,1,1,0,0,0,0,0,0,0,0,0,0,0,0,0,0,0,0,0,0,0,0,0,0,0,0,0,0,0,0,0,0,0,0,0,0,0,39.9882,-75.1131, , 
76981,863147,2012004964,6,67,67301,2011,10,7,1700,17,1,1,0,8,1, , ,N,0,0,0,3,0,1,3,3,N,N,40 01:43.345,75 08:20.540,1821, ,1819, ,0, ,N, ,0, , , , , , , , , ,2,2,0,0,0,0,0,0,0,1,0,0,1,0,0,0,0,0,0,0,0,0,0,0,0,0,0,0,0,0,0,0,1,0,1,2,0,40.0287,-75.139, , 
76982,863150,2012022590,6,67,67301,2011,12,4,2030,20,3,2,1,7,1, , ,N,2,2,0,3,0,0,1,1,N,N,39 59:34.707,75 13:03.333,2050, ,2045, ,0, ,N, ,3, , , , , , , , , ,1,1,0,0,0,0,0,0,0,0,0,0,0,0,0,0,0,0,0,0,0,0,0,0,0,0,0,0,0,0,0,0,0,0,0,0,0,39.993,-75.2176, , 
76983,863153,2011109908,6,67,67301,2011,8,3,207,2,3,1,0,7,4, , ,N,0,0,0,3,0,1,1,1,N,N,39 58:31.530,75 11:41.168,215, ,209,2,1,3,N, ,0,N, , , , , , , , ,1,1,0,0,0,0,0,0,0,0,0,1,1,0,0,0,0,0,0,0,0,0,0,1,0,0,0,0,0,0,0,0,0,0,0,4,0,39.9754,-75.1948, , 
76984,863167,2011127053,6,67,67301,2011,11,1,1000,10,1,1,0,1,1, , ,N,1,2,0,3,0,1,2,2,N,N,40 03:10.198,75 09:10.288,9999, ,9999, ,0, ,N, ,3, , , , , , , , , ,2,2,0,0,0,0,0,0,0,0,0,1,1,0,1,0,0,0,0,0,1,0,1,0,0,0,0,0,0,0,0,0,0,0,0,4,0,40.0528,-75.1529, , 
76985,863171,2011132735,6,67,67301,2011,11,7,220,2,6,1,0,1,1, , ,N,0,0,7,3,0,2,3,2,N,N,39 57:16.460,75 09:10.130,230, ,227, ,0, ,N, ,0, , , , , , , , , ,2,1,0,0,0,0,1,0,0,0,0,1,2,1,1,0,0,0,0,0,0,0,0,0,0,0,0,0,0,0,0,0,0,0,0,4,0,39.9546,-75.1528, , 
76986,863173,2012002537,6,67,67301,2011,12,4,9999,99,1,2,1,7,5, , ,N,0,0,0,3,0,0,1,1,N,N,40 02:10.294,75 09:20.329,9999, ,9999, ,0, , , ,0, , , , , , , , , ,1,1,0,0,0,0,0,0,0,0,0,0,0,0,0,0,0,0,0,0,0,0,0,1,0,0,0,0,0,0,0,0,0,0,0,0,0,40.0362,-75.1556, , 
76987,863176,2011122843,6,67,67301,2011,11,6,710,7,1,1,0,8,1, , ,N,1,2,0,3,0,1,2,2,N,Y,39 59:24.820,75 11:12.182,840, ,755, ,0, ,N, ,3, , , , , , , , , ,1,1,0,0,0,0,0,0,0,0,0,0,1,1,0,0,0,0,0,0,0,0,0,0,0,0,0,0,0,0,0,0,1,0,0,8,0,39.9902,-75.1867, , 
76988,863191,2012001931,6,67,67301,2011,11,4,1453,14,1,1,0,1,1, , ,N,1,2,0,3,0,1,2,2,N,N,39 58:07.843,75 14:43.849,9999, ,1453, ,0, ,N, ,3, , , , , , , , , ,2,1,0,0,0,0,0,0,0,0,0,0,1,1,1,0,0,0,0,0,0,0,0,0,0,0,0,0,0,0,0,0,0,0,0,8,0,39.9688,-75.2454, , 
76989,863205,2011126345,6,67,67301,2011,11,5,1715,17,1,1,0,4,1, , ,N,1,2,0,3,0,1,2,2,N,N,39 54:12.423,75 14:35.429,1722, ,1718, ,0, ,N, ,3, , , , , , , , , ,2,0,0,0,0,0,0,2,0,0,0,0,1,1,0,0,0,0,0,0,0,0,0,0,0,0,0,0,0,0,0,0,0,0,0,8,0,39.9035,-75.2432, , 
76990,855506,2011108887,6,67,67301,2011,10,1,1150,11,1,1,0,4,1, , ,N,0,0,0,3,0,1,6,2,N,N,40 02:13.476,75 03:46.443,1157, ,1154,1,1,2,N, ,0,Y, , , , , , , , ,2,2,0,0,0,0,0,0,0,0,0,1,1,0,0,0,0,0,0,1,0,0,0,0,0,0,0,0,0,0,0,0,0,0,0,4,0,40.0371,-75.0629, , 
76991,855519,2011119253,6,67,67301,2011,11,7,1240,12,1,1,0,1,1, , ,N,6,4,2,3,0,2,6,2,N,N,39 55:39.667,75 11:43.654,1251, ,1243, ,0, ,N, ,3, , , , , , , , , ,2,2,0,0,0,0,0,0,0,0,0,0,2,2,3,0,0,0,0,0,0,0,0,0,0,0,0,0,0,0,0,0,0,0,0,8,0,39.9277,-75.1955, , 