objectid_1,objectid,crn,district,county,municipality,crash_year,crash_month,day_of_week,time_of_day,hour_of_day,illumination,weather,road_condition,collision_type,relation_to_road,work_zone_type,work_zone_loc,work_zone_ind,intersect_type,tcd_type,location_type,urban_rural,fatal_count,injury_count,person_count,total_units,sch_bus_ind,sch_zone_ind,latitude,longitude,arrival_tm,cons_zone_spd_lim,dispatch_tm,est_hrs_closed,lane_closed,ln_close_dir,ntfy_hiwy_maint,spec_juris_cd,tcd_func_cd,tfc_detour_ind,workers_pres,wz_close_detour,wz_flagger,wz_law_offcr_ind,wz_ln_closure,wz_moving,wz_other,wz_shlder_mdn,vehicle_count,automobile_count,motorcycle_count,bus_count,small_truck_count,heavy_truck_count,suv_count,van_count,bicycle_count,maj_inj_count,mod_inj_count,min_inj_count,tot_inj_count,unk_inj_deg_count,unk_inj_per_count,driver_count_16yr,driver_count_17yr,driver_count_18yr,driver_count_19yr,driver_count_20yr,driver_count_50_64yr,driver_count_65_74yr,driver_count_75plus,unbelted_occ_count,unb_death_count,unb_maj_inj_count,belted_death_count,belted_maj_inj_count,mcycle_death_count,mcycle_maj_inj_count,bicycle_death_count,bicycle_maj_inj_count,ped_count,ped_death_count,ped_maj_inj_count,max_severity_level,comm_veh_count,dec_lat,dec_long,rdwy_surf_type_cd,county_name
77059,864429,2012012654,6,67,67301,2011,12,6,9999,99,1,1,0,1,1, , ,N,0,0,0,3,0,1,3,2,N,N,40 01:46.773,75 12:23.003,1419, ,1414, ,0, ,N, ,0, , , , , , , , , ,2,1,0,0,0,0,1,0,0,0,0,1,1,0,0,0,0,0,0,0,0,0,0,0,0,0,0,0,0,0,0,0,0,0,0,4,0,40.0297,-75.2064, , 
77060,864456,2012004289,6,67,67301,2011,12,3,2345,23,3,2,1,7,5, , ,N,0,0,0,3,0,0,2,2,N,N,40 05:48.426,74 59:00.462,2359, ,2355, ,0, ,N, ,0, , , , , , , , , ,2,1,0,0,0,1,0,0,0,0,0,0,0,0,0,0,0,0,0,0,1,0,0,0,0,0,0,0,0,0,0,0,0,0,0,0,1,40.0968,-74.9835, , 
77061,864457,2012004870,6,67,67301,2011,12,5,1751,17,6,1,1,4,1, , ,N,1,3,0,3,0,1,5,2,N,N,40 03:01.335,75 04:59.933,1824, ,1821,1,1,2,N, ,3,N, , , , , , , , ,2,0,0,1,0,0,0,1,0,0,0,1,1,0,0,0,0,0,0,0,1,0,0,0,0,0,0,0,0,0,0,0,0,0,0,4,1,40.0504,-75.0833, , 
77062,864462,2012010003,6,67,67301,2011,12,5,1602,16,1,1,0,4,1, , ,N,0,0,7,3,0,0,3,2,N,N,40 05:06.394,75 02:11.721,1607, ,1602, ,0, ,N, ,0, , , , , , , , , ,2,2,0,0,0,0,0,0,0,0,0,0,0,0,0,0,0,0,0,0,0,0,0,0,0,0,0,0,0,0,0,0,0,0,0,0,0,40.0851,-75.0366, , 
77063,864466,2011056834,6,67,67301,2011,4,6,1515,15,1,1,0,8,1, , ,N,1,2,0,3,0,1,2,2,N,N,40 01:31.774,75 07:31.582,1045, ,1039, ,0, ,N, ,3, , , , , , , , , ,1,1,0,0,0,0,0,0,0,0,1,0,1,0,0,0,0,0,0,0,0,0,0,0,0,0,0,0,0,0,0,0,1,0,0,3,0,40.0255,-75.1254, , 
77064,855674,2011108881,6,67,67301,2011,9,4,1430,14,1,1,0,8,1, , ,N,1,0,0,3,0,1,1,2,N,N,40 02:35.999,75 09:40.854,2025, ,2020, ,0, , , ,0, , , , , , , , , ,1,1,0,0,0,0,0,0,0,0,0,0,1,1,0,0,0,0,0,0,0,0,0,0,0,0,0,0,0,0,0,0,1,0,0,8,0,40.0433,-75.1613, , 
77065,855682,2011115321,6,67,67301,2011,10,5,2240,22,3,1,0,4,1, , ,N,1,3,0,3,0,1,2,2,N,N,39 56:22.808,75 10:16.798,2244, ,2242, ,0, ,N, ,3, , , , , , , , , ,1,1,0,0,0,0,0,0,1,0,0,1,1,0,0,0,0,0,0,0,0,0,0,0,0,0,0,0,0,0,0,0,0,0,0,4,0,39.9397,-75.1713, , 
77066,855707,2011134214,6,67,67301,2011,10,6,1835,18,4,1,0,1,1, , ,N,1,2,0,3,0,2,6,4,N,N,40 03:48.698,75 10:11.388,1845, ,1837, ,0, ,N, ,3, , , , , , , , , ,4,3,0,0,1,0,0,0,0,0,0,2,2,0,0,0,0,0,0,0,0,1,0,0,0,0,0,0,0,0,0,0,0,0,0,4,0,40.0635,-75.1698, , 
77067,855713,2012004944,6,67,67301,2011,12,6,222,2,3,2,1,7,5, , ,N,0,0,0,3,0,0,1,1,N, ,40 01:47.818,75 05:19.324,225, ,222,2,2,2, , ,0,Y, , , , , , , , ,1,0,0,0,0,0,1,0,0,0,0,0,0,0,0,0,0,0,0,0,0,0,0,0,0,0,0,0,0,0,0,0,0,0,0,0,0,40.0299,-75.0887, , 
77068,855718,2011112152,6,67,67301,2011,9,3,805,8,1,2,1,1,1, , ,N,0,0,0,3,0,1,4,2,N,N,39 58:10.355,75 08:24.397,851, ,849, ,0, ,N, ,0, , , , , , , , , ,1,1,0,0,0,0,0,0,1,0,1,0,1,0,0,0,0,0,0,0,0,0,0,0,0,0,0,0,0,0,0,0,0,0,0,3,0,39.9695,-75.1401, , 
77069,855730,2011127042,6,67,67301,2011,11,7,1834,18,3,1,0,8,1, , ,N,1,2,0,3,0,1,2,2,N,N,40 00:02.415,75 05:51.842,1840, ,1836,2,1,5,N, ,9,Y, , , , , , , , ,1,1,0,0,0,0,0,0,0,0,1,0,1,0,1,0,0,0,0,0,0,0,0,1,0,0,0,0,0,0,0,0,1,0,0,3,0,40.0007,-75.0977, , 
77070,855750,2011117819,6,67,67301,2011,10,4,918,9,1,2,1,4,1, , ,N,1,2,0,3,0,2,3,3,N,N,40 02:02.039,75 04:27.141,923, ,919,1,2,1,N, ,3,Y, , , , , , , , ,3,2,0,0,0,0,1,0,0,0,0,2,2,0,0,0,0,0,0,0,1,0,0,0,0,0,0,0,0,0,0,0,0,0,0,4,0,40.0339,-75.0742, , 
77071,855753,2011121460,6,67,67301,2011,10,6,330,3,3,1,0,7,4, , ,N,0,0,0,3,0,1,1,1,N,N,39 58:00.829,75 11:15.948,340, ,337, ,0, ,N, ,0, , , , , , , , , ,1,0,0,0,0,0,1,0,0,0,0,0,1,1,0,0,0,0,0,0,0,0,0,0,0,0,0,0,0,0,0,0,0,0,0,8,0,39.9669,-75.1878, , 
77072,855767,2011132637,6,67,67301,2011,11,5,1430,14,1,1,0,8,1, , ,N,0,0,0,3,0,1,2,2,N,N,40 00:01.177,75 12:44.157,1502, ,1448, ,0, ,N, ,0, , , , , , , , , ,1,1,0,0,0,0,0,0,0,0,0,0,1,1,1,0,0,0,0,0,0,0,0,1,0,0,0,0,0,0,0,0,1,0,0,8,0,40.0003,-75.2123, , 
77073,855770,2011134708,6,67,67301,2011,12,6,202,2,3,1,0,8,1, , ,N,1,0,0,3,0,1,2,2,N,N,40 03:30.106,75 04:13.540,255, ,255, ,0, ,N, ,0, , , , , , , , , ,1,0,0,0,0,0,0,0,0,0,1,0,1,0,1,0,0,0,0,0,0,0,0,0,0,0,0,0,0,0,0,0,1,0,0,3,0,40.0584,-75.0704, , 
77074,855777,2012009992,6,67,67301,2011,12,7,235,2,3,1,0,5,6, , ,N,0,0,0,3,0,0,1,3,N,N,39 56:18.607,75 14:03.864,308, ,238, ,0, ,N, ,0, , , , , , , , , ,3,2,0,0,0,0,1,0,0,0,0,0,0,0,1,0,0,0,0,0,0,0,0,0,0,0,0,0,0,0,0,0,0,0,0,9,0,39.9385,-75.2344, , 
77075,855778,2012010001,6,67,67301,2011,12,6,2003,20,3,1,0,4,1, , ,N,1,2,0,3,0,0,4,2,N, ,40 01:50.652,75 05:35.449,2010, ,2006,1,1,2, , ,3,N, , , , , , , , ,2,2,0,0,0,0,0,0,0,0,0,0,0,0,0,0,0,0,0,0,0,0,0,0,0,0,0,0,0,0,0,0,0,0,0,0,0,40.0307,-75.0932, , 
77076,855779,2012010086,6,67,67301,2011,12,3,1305,13,1,2,1,5,1, , ,N,0,0,0,3,0,1,2,2,N, ,39 53:29.465,75 13:17.931,1313, ,1310, ,0, , , ,0, , , , , , , , , ,2,1,0,0,1,0,0,0,0,0,0,0,1,1,0,0,0,0,0,0,0,0,0,0,0,0,0,0,0,0,0,0,0,0,0,8,0,39.8915,-75.2216, , 
77077,855789,2011133346,6,67,67301,2011,12,1,319,3,3,1,0,5,1, , ,N,0,0,0,3,0,3,4,2,N,N,39 53:57.090,75 10:02.047,328, ,321,2,2,2,N, ,0,N, , , , , , , , ,2,2,0,0,0,0,0,0,0,0,0,3,3,0,1,0,0,0,0,0,0,0,0,0,0,0,0,0,0,0,0,0,0,0,0,4,0,39.8992,-75.1672, , 
77078,855814,2011118209,6,67,67301,2011,10,6,9999,99,1,2,1,8,1, , ,N,1,3,0,3,0,1,2,2,N,N,39 56:21.044,75 08:58.952,9999, ,900, ,0, ,N, ,3, , , , , , , , , ,1,1,0,0,0,0,0,0,0,0,1,0,1,0,0,0,0,0,0,0,0,0,1,0,0,0,0,0,0,0,0,0,1,0,0,3,0,39.9392,-75.1497, , 
77079,855821,2011127088,6,67,67301,2011,11,4,604,6,3,2,1,8,1, , ,N,1,0,0,3,0,1,2,2,N,N,39 59:39.677,75 09:28.125,625, ,620, ,0, ,N, ,0, , , , , , , , , ,1,0,0,0,0,0,0,0,0,0,0,0,1,1,1,0,0,0,0,0,0,0,0,0,0,0,0,0,0,0,0,0,1,0,0,8,0,39.9943,-75.1577, , 
77080,855837,2011126076,6,67,67301,2011,12,3,1851,18,3,2,1,7,2, , ,N,0,1,3,3,0,0,1,1,N,N,39 57:28.001,75 08:56.928,1851, ,1851, ,0, ,N, ,3, , , , , , , , , ,1,1,0,0,0,0,0,0,0,0,0,0,0,0,1,0,0,0,0,0,0,0,0,0,0,0,0,0,0,0,0,0,0,0,0,9,0,39.9578,-75.1491, , 
77081,855838,2011126437,6,67,67301,2011,11,6,1625,16,1,1,0,4,1, , ,N,1,3,0,3,0,1,2,2,N,N,39 58:32.336,75 08:44.012,1635, ,1630, ,0, ,N, ,3, , , , , , , , , ,1,0,0,0,0,0,0,0,1,0,0,1,1,0,1,0,0,0,0,0,0,0,0,0,0,0,0,0,0,0,0,0,0,0,0,4,0,39.9756,-75.1456, , 
77082,858533,2011132799,6,67,67301,2011,11,4,1920,19,3,1,0,8,1, , ,N,1,1,0,3,0,1,2,2,N,N,40 02:06.009,75 10:25.403,1924, ,1921, ,0, ,N, ,3, , , , , , , , , ,1,1,0,0,0,0,0,0,0,0,0,1,1,0,0,0,0,0,0,0,1,0,0,0,0,0,0,0,0,0,0,0,1,0,0,4,0,40.035,-75.1737, , 
77083,858553,2011132610,6,67,67301,2011,10,2,1240,12,1,1,0,8,1, , ,N,1,2,0,3,0,1,2,2,N,N,39 57:23.324,75 13:17.716,1250, ,1244, ,0, ,N, ,3, , , , , , , , , ,1,1,0,0,0,0,0,0,1,0,0,0,1,1,0,0,0,0,0,0,0,0,0,0,0,0,0,0,0,0,0,0,0,0,0,8,0,39.9565,-75.2216, , 
77084,858554,2011132853,6,67,67301,2011,11,4,1627,16,1,1,0,4,1, , ,N,2,3,0,3,0,1,4,2,N,N,39 56:55.831,75 14:19.575,1642, ,1629, ,0, ,N, ,3, , , , , , , , , ,2,2,0,0,0,0,0,0,0,0,0,0,1,1,2,0,0,0,0,0,0,0,0,4,0,0,0,0,0,0,0,0,0,0,0,8,0,39.9488,-75.2388, , 
77085,858560,2012020271,6,67,67301,2011,2,1,900,9,1,1,0,1,1, , ,N,1,2,0,3,0,4,5,2, , ,40 02:08.965,75 10:29.000,0, ,0, ,0, , , ,3, , , , , , , , , ,2,0,0,1,0,0,1,0,0,0,0,0,4,4,0,0,0,0,0,0,0,0,0,0,0,0,0,0,0,0,0,0,0,0,0,8,1,40.0358,-75.1747, , 
77086,858586,2012002751,6,67,67301,2011,12,7,2327,23,3,1,0,7,2, , ,N,0,0,0,3,0,1,1,1,N,N,40 01:49.122,75 01:18.216,2338, ,2329,2,1,1,N, ,0,N, , , , , , , , ,1,1,0,0,0,0,0,0,0,0,0,0,1,1,0,0,0,0,0,0,0,0,0,0,0,0,0,0,0,0,0,0,0,0,0,8,0,40.0301,-75.0218, , 
77087,858591,2011106237,6,67,67301,2011,9,5,1250,12,1,1,0,8,1, , ,N,10,2,0,3,0,1,2,2,N,N,39 56:13.855,75 09:41.371,1353, ,1350, ,0, ,N, ,3, , , , , , , , , ,1,1,0,0,0,0,0,0,0,0,0,1,1,0,0,0,0,0,1,0,0,0,0,0,0,0,0,0,0,0,0,0,1,0,0,4,0,39.9372,-75.1615, , 
77088,858592,2011106239,6,67,67301,2011,9,3,1527,15,1,1,0,1,1, , ,N,0,0,0,3,0,2,3,3,N,N,40 00:56.760,75 04:17.010,1542, ,1542, ,0, ,N, ,0, , , , , , , , , ,3,2,0,0,1,0,0,0,0,0,0,2,2,0,0,0,0,0,0,0,1,0,0,1,0,0,0,0,0,0,0,0,0,0,0,4,0,40.0158,-75.0714, , 
77089,858621,2012004862,6,67,67301,2011,12,7,2225,22,3,1,0,7,5, , ,N,0,0,0,3,0,3,3,2,N,N,40 05:10.140,74 58:13.161,2235, ,2227,9,2,3,Y, ,0,Y, , , , , , , , ,2,2,0,0,0,0,0,0,0,0,0,3,3,0,0,0,0,0,0,0,0,1,0,0,0,0,0,0,0,0,0,0,0,0,0,4,0,40.0862,-74.9703, , 
77090,858628,2011061897,6,67,67301,2011,5,4,1055,10,1,1,0,8,1,2,4,Y,1,2,0,3,0,1,2,2,N,N,39 57:10.616,75 09:34.855,1100,99,1057, ,0, ,N, ,3, ,Y, , ,N, , ,Y, ,1,0,0,0,0,0,1,0,0,0,0,1,1,0,0,0,0,0,0,0,0,0,0,0,0,0,0,0,0,0,0,0,1,0,0,4,0,39.9529,-75.1597, , 
77091,858633,2011066049,6,67,67301,2011,6,4,1556,15,1,1,0,1,1, , ,N,2,2,7,3,0,1,2,2,N,N,39 58:57.964,75 11:18.057,1600, ,1601, ,0, ,N, ,3, , , , , , , , , ,2,0,1,1,0,0,0,0,0,0,0,1,1,0,0,0,0,0,0,0,0,0,0,0,0,0,0,0,0,0,0,0,0,0,0,4,1,39.9828,-75.1883, , 
77092,858636,2011068478,6,67,67301,2011,6,5,2012,20,3,2,1,8,1, , ,N,1,2,0,3,0,1,2,2, , ,39 56:37.717,75 14:16.351,2017, ,2014, ,0, , , ,3, , , , , , , , , ,1,0,0,0,0,0,0,1,0,0,0,1,1,0,0,0,0,0,0,0,1,0,0,0,0,0,0,0,0,0,0,0,1,0,0,4,0,39.9438,-75.2378, , 
77093,858646,2011075741,6,67,67301,2011,6,5,1802,18,3,1,0,5,1, , ,N,0,0,0,3,0,1,2,2,N,N,39 55:05.080,75 14:42.162,1908, ,1908, ,0, ,N, ,0, , , , , , , , , ,2,0,0,0,0,0,2,0,0,0,0,0,1,1,1,0,0,0,0,0,1,0,0,2,0,0,0,0,0,0,0,0,0,0,0,8,0,39.9181,-75.245, , 
77094,858650,2011082565,6,67,67301,2011,7,3,745,7,1,1,0,1,1, , ,N,0,0,0,3,0,1,2,2,N, ,39 57:30.798,75 09:13.129,749, ,745, ,0, , , ,0, , , , , , , , , ,2,1,0,0,0,0,0,1,0,0,0,1,1,0,0,0,0,0,0,0,2,0,0,0,0,0,0,0,0,0,0,0,0,0,0,4,0,39.9586,-75.1536, , 
77095,858651,2011082585,6,67,67301,2011,7,4,1520,15,1,1,0,4,1, , ,N,1,3,0,3,0,1,3,2,N, ,40 01:23.124,75 04:56.859,1640, ,1634, ,0, , , ,3, , , , , , , , , ,2,2,0,0,0,0,0,0,0,0,0,0,1,1,0,0,0,0,0,0,0,0,0,0,0,0,0,0,0,0,0,0,0,0,0,8,0,40.0231,-75.0825, , 
77096,858658,2011090455,6,67,67301,2011,7,5,1425,14,1,2,1,7,5, , ,N,1,3,0,3,0,1,1,2,N,N,40 01:32.689,75 10:21.050,1435, ,1430, ,0, , , ,3, , , , , , , , , ,2,2,0,0,0,0,0,0,0,0,0,1,1,0,0,0,0,0,0,0,1,0,0,0,0,0,0,0,0,0,0,0,0,0,0,4,0,40.0257,-75.1725, , 
77097,858659,2011090473,6,67,67301,2011,8,2,9999,99,1,1,0,4,1, , ,N,1,3,0,3,0,1,2,2,N,N,39 59:04.034,75 09:59.151,1240, ,1235, ,0, , , ,3, , , , , , , , , ,1,1,0,0,0,0,0,0,1,0,0,0,1,1,0,0,0,0,0,0,0,0,1,0,0,0,0,0,0,0,0,0,0,0,0,8,0,39.9845,-75.1664, , 
77098,858666,2011098076,6,67,67301,2011,8,4,1845,18,1,1,0,4,1, , ,N,1,2,0,3,0,1,3,2,N, ,40 02:17.896,75 04:31.313,1855, ,1849, ,0, , , ,3, , , , , , , , , ,2,2,0,0,0,0,0,0,0,0,1,0,1,0,0,0,0,0,0,0,0,0,0,0,0,0,0,0,0,0,0,0,0,0,0,3,0,40.0383,-75.0754, , 
77099,858691,2011112097,6,67,67301,2011,10,3,159,1,3,1,0,5,1, , ,N,0,2,0,3,0,0,1,2,N,N,39 55:57.311,75 13:48.809,202, ,200, ,0, ,N, ,3, , , , , , , , , ,2,2,0,0,0,0,0,0,0,0,0,0,0,0,0,0,0,0,0,0,0,0,0,0,0,0,0,0,0,0,0,0,0,0,0,0,0,39.9326,-75.2302, , 
77100,861409,2011132972,6,67,67301,2011,11,4,425,4,3,2,1,4,1, , ,N,1,2,2,3,0,2,4,2,N,N,39 54:37.276,75 09:03.431,440, ,435, ,0, ,Y, ,1, , , , , , , , , ,2,0,0,0,0,0,0,2,0,0,0,0,2,2,0,0,0,0,0,0,0,0,0,0,0,0,0,0,0,0,0,0,0,0,0,8,0,39.9104,-75.151, , 
77101,861410,2011133347,6,67,67301,2011,12,3,2325,23,3,1,0,7,4, , ,N,0,0,0,3,0,1,1,1,N,N,39 55:55.738,75 12:00.269,2336, ,2334,3,1,3,N, ,0,N, , , , , , , , ,1,1,0,0,0,0,0,0,0,1,0,0,1,0,0,0,0,0,0,0,0,0,0,1,0,1,0,0,0,0,0,0,0,0,0,2,0,39.9321,-75.2001, , 
77102,861418,2011112233,6,67,67301,2011,10,5,1452,14,1,2,1,7,2, , ,N,0,0,0,3,0,0,1,1,N,N,40 01:39.290,75 11:26.470,1456, ,1452,1,1,2,N, ,0,N, , , , , , , , ,1,1,0,0,0,0,0,0,0,0,0,0,0,0,0,0,0,0,0,0,1,0,0,0,0,0,0,0,0,0,0,0,0,0,0,0,0,40.0276,-75.1907, , 
77103,861429,2012004931,6,67,67301,2011,12,2,9999,99,1,1,0,4,1, , ,N,1,2,0,3,0,1,6,2,N, ,39 59:40.362,75 09:33.546,1958, ,1458,2,1,4, , ,3,Y, , , , , , , , ,2,1,0,0,0,0,1,0,0,0,0,0,1,1,0,0,0,0,0,0,1,0,0,0,0,0,0,0,0,0,0,0,0,0,0,8,0,39.9945,-75.1593, , 
77104,861432,2012010097,6,67,67301,2011,12,7,1905,19,3,1,0,5,1, , ,N,0,0,0,3,0,1,1,2,N, ,40 02:39.235,75 01:34.247,1915, ,1910,1,1,3, , ,0,N, , , , , , , , ,2,1,0,0,1,0,0,0,0,0,0,1,1,0,0,0,0,0,0,0,0,0,0,0,0,0,0,0,0,0,0,0,0,0,0,4,0,40.0442,-75.0262, , 
77105,861475,2011126448,6,67,67301,2011,11,6,1815,18,3,1,0,8,1, , ,N,0,0,0,3,0,1,3,2,N, ,40 02:34.513,75 09:50.486,1855, ,1852, ,0, , , ,0, , , , , , , , , ,1,0,0,0,0,0,1,0,0,0,0,0,1,1,0,0,0,0,0,0,0,0,0,0,0,0,0,0,0,0,0,0,1,0,0,8,0,40.0429,-75.164, , 
77106,861489,2012004971,6,67,67301,2011,12,3,2254,22,3,2,1,7,5, , ,N,10,0,0,3,0,1,1,1,N,N,39 57:01.447,75 12:04.435,2254, ,2254, ,0, , , ,0, , , , , , , , , ,1,1,0,0,0,0,0,0,0,0,0,1,1,0,0,0,0,0,0,0,0,0,0,0,0,0,0,0,0,0,0,0,0,0,0,4,0,39.9504,-75.2012, , 
77107,861491,2012018351,6,67,67301,2011,1,2,2100,21,1,1,0,7,3, , ,N,1,2,0,3,0,1,1,2,N,N,39 56:57.599,75 09:51.029,0, ,0, ,0, ,N, ,3, , , , , , , , , ,1,1,0,0,0,0,0,0,0,0,0,0,1,1,0,0,0,0,0,0,0,0,0,0,0,0,0,0,0,0,0,0,0,0,0,8,0,39.9493,-75.1642, , 
77108,861492,2013029662,6,67,67301,2011,8,3,843,8,1,1,0,1,1, , ,N,0,0,0,3,0,1,2,2,N,N,39 59:19.396,75 09:01.832,849, ,844, ,0, , , ,0, , , , , , , , , ,2,2,0,0,0,0,0,0,0,0,0,1,1,0,0,0,0,0,0,0,0,0,0,0,0,0,0,0,0,0,0,0,0,0,0,4,0,39.9887,-75.1505, , 
77109,861498,2012002117,6,67,67301,2011,12,1,1001,10,1,1,0,4,1, , ,N,1,2,0,3,0,1,2,2,N,N,40 02:06.731,75 08:43.670,1001, ,1001,1,1,1,N, ,3,Y, , , , , , , , ,1,0,0,0,1,0,0,0,1,0,0,1,1,0,0,0,0,0,0,0,0,0,0,1,0,0,0,0,0,0,0,0,0,0,0,4,0,40.0352,-75.1455, , 
77110,861500,2012023517,6,67,67301,2011,9,4,2250,22,6,1,0,1,1, , ,N,0,0,0,3,0,1,3,2,N,N,39 57:31.554,75 09:01.184,0, ,0, ,0, ,N, ,0, , , , , , , , , ,2,2,0,0,0,0,0,0,0,0,0,0,1,1,0,0,0,0,0,0,0,0,0,0,0,0,0,0,0,0,0,0,0,0,0,8,0,39.9588,-75.1503, , 
77111,861533,2011132826,6,67,67301,2011,11,4,1508,15,1,1,0,6,1, , ,N,1,3,0,3,0,1,3,2,N, ,40 00:10.828,75 09:04.647,1518, ,1518, ,0, , , ,3, , , , , , , , , ,2,2,0,0,0,0,0,0,0,0,0,0,1,1,0,0,0,0,0,0,0,0,0,0,0,0,0,0,0,0,0,0,0,0,0,8,0,40.003,-75.1513, , 
77112,861534,2011134212,6,67,67301,2011,11,2,9999,99,6,9,0,5,9, , ,N,10,0,0,3,0,0,1,2,N, ,40 05:58.224,74 59:10.989,755, ,748, ,0, , , ,0, , , , , , , , , ,2,2,0,0,0,0,0,0,0,0,0,0,0,0,1,0,0,0,0,0,0,0,0,1,0,0,0,0,0,0,0,0,0,0,0,9,0,40.0995,-74.9864, , 
77113,861540,2012009982,6,67,67301,2011,12,6,2121,21,3,1,0,2,1, , ,N,5,2,0,3,0,0,2,2,N,N,40 04:26.850,75 09:30.148,2130, ,2121, ,9, ,N, ,3,N, , , , , , , , ,2,1,0,0,0,0,1,0,0,0,0,0,0,0,1,0,0,0,0,0,0,0,0,0,0,0,0,0,0,0,0,0,0,0,0,9,0,40.0741,-75.1584, , 
77114,861558,2012010087,6,67,67301,2011,12,3,1458,14,1,2,1,4,1, , ,N,1,2,0,3,0,1,3,2,N,N,39 54:14.563,75 14:24.409,1500, ,1459, ,0, , , ,3, , , , , , , , , ,2,1,0,0,1,0,0,0,0,0,0,1,1,0,0,0,0,0,0,0,1,0,0,0,0,0,0,0,0,0,0,0,0,0,0,4,0,39.904,-75.2401, , 
77115,861564,2011126300,6,67,67301,2011,11,7,1730,17,1,1,0,4,1, , ,N,3,2,0,3,0,1,2,2,N,N,40 01:02.661,75 06:58.790,1810, ,1810, ,0, ,N, ,3, , , , , , , , , ,2,1,0,0,1,0,0,0,0,0,0,0,1,1,1,0,0,0,0,0,0,0,0,1,0,0,0,0,0,0,0,0,0,0,0,8,0,40.0173,-75.1163, , 
77116,861569,2013024913,6,67,67301,2011,5,2,1130,11,1,1,0,2,1, , ,N,0,0,0,3,0,1,2,2,N,N,39 59:06.954,75 04:42.330,1320, ,1305, ,0, ,N, ,0, , , , , , , , , ,1,0,0,0,0,0,1,0,1,1,0,0,1,0,0,0,0,0,0,0,0,0,0,0,0,0,0,0,0,0,0,1,0,0,0,2,0,39.9853,-75.0784, , 
77117,861574,2011108937,6,67,67301,2011,9,6,1350,13,1,1,0,4,1, , ,N,2,2,0,3,0,1,2,2,N,N,39 57:26.165,75 11:28.187,1353, ,1352,2,1,2,N, ,3,N, , , , , , , , ,1,1,0,0,0,0,0,0,1,0,0,0,1,1,0,0,0,0,0,0,0,0,0,0,0,0,0,0,0,0,0,0,0,0,0,8,0,39.9573,-75.1912, , 
77118,863624,2011112346,6,67,67301,2011,10,3,2045,20,3,1,0,8,1, , ,N,1,2,0,3,0,1,2,2,N,N,40 02:49.639,75 05:52.794,2050, ,2048, ,0, ,N, ,3, , , , , , , , , ,1,0,0,0,0,0,0,0,0,0,0,0,1,1,0,0,0,0,0,0,0,0,0,0,0,0,0,0,0,0,0,0,1,0,0,8,0,40.0471,-75.098, , 
77119,863629,2011114838,6,67,67301,2011,10,1,353,3,3,4,5,7,2, , ,N,0,0,0,3,0,0,1,1,N,N,40 00:05.602,75 04:44.071,437, ,437, ,0, ,N, ,0, , , , , , , , , ,1,1,0,0,0,0,0,0,0,0,0,0,0,0,0,0,0,0,0,0,0,0,0,0,0,0,0,0,0,0,0,0,0,0,0,0,0,40.0016,-75.0788, , 
77120,863632,2011117813,6,67,67301,2011,10,3,235,2,3,1,0,7,5, , ,N,0,0,0,3,0,1,2,1,N,N,39 59:03.577,75 13:36.436,243, ,240,1,1,4,N, ,0,Y, , , , , , , , ,1,1,0,0,0,0,0,0,0,0,0,0,1,1,1,0,0,0,0,0,0,0,0,2,0,0,0,0,0,0,0,0,0,0,0,8,0,39.9843,-75.2268, , 
77121,863634,2011118164,6,67,67301,2011,10,3,2003,20,3,1,0,2,1, , ,N,5,2,0,3,0,1,2,2,N, ,39 58:49.315,75 10:15.272,2009, ,2008, ,0, ,N, ,3, , , , , , , , , ,2,2,0,0,0,0,0,0,0,0,0,0,1,1,1,0,0,0,0,0,0,0,0,2,0,0,0,0,0,0,0,0,0,0,0,8,0,39.9804,-75.1709, , 
77122,863635,2011118887,6,67,67301,2011,8,6,1624,16,1,1,0,1,1, , ,N,0,0,0,3,0,4,4,3,N,N,39 58:00.549,75 11:15.473,1636, ,1625,1,1,4,N, ,0,N, , , , , , , , ,3,1,0,0,0,0,2,0,0,2,1,1,4,0,0,0,0,0,0,0,0,0,0,0,0,0,0,2,0,0,0,0,0,0,0,2,0,39.9668,-75.1876, , 
77123,863642,2011126374,6,67,67301,2011,11,7,2305,23,3,1,0,4,1, , ,N,1,3,0,3,0,0,2,2,N, ,39 55:57.928,75 08:51.035,2325, ,2320, ,0, , , ,3, , , , , , , , , ,2,2,0,0,0,0,0,0,0,0,0,0,0,0,0,0,0,0,0,0,0,0,0,2,0,0,0,0,0,0,0,0,0,0,0,0,0,39.9328,-75.1475, , 
77124,863655,2012001926,6,67,67301,2011,11,7,1215,12,1,1,0,1,1, , ,N,1,0,0,3,0,1,3,2,N,N,39 59:58.554,75 07:30.237,1235, ,1230, ,0, ,N, ,0, , , , , , , , , ,2,2,0,0,0,0,0,0,0,0,0,0,1,1,0,0,0,0,0,0,0,0,0,0,0,0,0,0,0,0,0,0,0,0,0,8,0,39.9996,-75.1251, , 
77125,863657,2012012607,6,67,67301,2011,12,5,1730,17,3,1,0,5,1, , ,N,1,2,0,3,0,2,2,2,N,N,40 00:56.894,75 08:28.039,1750, ,1732, ,0, ,N, ,3, , , , , , , , , ,2,1,0,0,1,0,0,0,0,0,0,0,2,2,0,0,0,0,0,0,0,0,0,0,0,0,0,0,0,0,0,0,0,0,0,8,0,40.0158,-75.1411, , 