objectid_1,objectid,crn,district,county,municipality,crash_year,crash_month,day_of_week,time_of_day,hour_of_day,illumination,weather,road_condition,collision_type,relation_to_road,work_zone_type,work_zone_loc,work_zone_ind,intersect_type,tcd_type,location_type,urban_rural,fatal_count,injury_count,person_count,total_units,sch_bus_ind,sch_zone_ind,latitude,longitude,arrival_tm,cons_zone_spd_lim,dispatch_tm,est_hrs_closed,lane_closed,ln_close_dir,ntfy_hiwy_maint,spec_juris_cd,tcd_func_cd,tfc_detour_ind,workers_pres,wz_close_detour,wz_flagger,wz_law_offcr_ind,wz_ln_closure,wz_moving,wz_other,wz_shlder_mdn,vehicle_count,automobile_count,motorcycle_count,bus_count,small_truck_count,heavy_truck_count,suv_count,van_count,bicycle_count,maj_inj_count,mod_inj_count,min_inj_count,tot_inj_count,unk_inj_deg_count,unk_inj_per_count,driver_count_16yr,driver_count_17yr,driver_count_18yr,driver_count_19yr,driver_count_20yr,driver_count_50_64yr,driver_count_65_74yr,driver_count_75plus,unbelted_occ_count,unb_death_count,unb_maj_inj_count,belted_death_count,belted_maj_inj_count,mcycle_death_count,mcycle_maj_inj_count,bicycle_death_count,bicycle_maj_inj_count,ped_count,ped_death_count,ped_maj_inj_count,max_severity_level,comm_veh_count,dec_lat,dec_long,rdwy_surf_type_cd,county_name
77328,862050,2011093458,6,67,67301,2011,8,1,1754,17,1,2,1,7,1, , ,N,0,8,0,3,0,0,1,1,N,N,40 00:42.395,75 10:55.387,1802, ,1758,1,2,3,N, ,3,N, , , , , , , , ,1,1,0,0,0,0,0,0,0,0,0,0,0,0,0,0,0,0,0,0,0,0,0,0,0,0,0,0,0,0,0,0,0,0,0,0,0,40.0118,-75.1821, , 
77329,862077,2011132810,6,67,67301,2011,11,4,1833,18,3,2,1,8,1, , ,N,0,0,0,3,0,1,2,2,N, ,40 02:02.953,75 05:23.792,1835, ,1834, ,0, , , ,0, , , , , , , , , ,1,1,0,0,0,0,0,0,0,0,1,0,1,0,1,0,0,0,0,0,0,0,0,1,0,0,0,0,0,0,0,0,1,0,0,3,0,40.0342,-75.0899, , 
77330,862081,2011134772,6,67,67301,2011,12,7,1356,13,1,1,0,8,1, , ,N,1,0,0,3,0,1,3,2,N, ,39 57:14.230,75 09:34.171,1404, ,1401, ,0, , , ,0, , , , , , , , , ,1,1,0,0,0,0,0,0,1,0,1,0,1,0,0,0,0,0,0,0,1,0,0,0,0,0,0,0,0,0,0,0,0,0,0,3,0,39.954,-75.1595, , 
77331,862096,2011118490,6,67,67301,2011,10,1,925,9,1,8,5,6,1, , ,N,0,0,0,3,0,0,2,2,N,N,39 58:04.333,75 11:32.399,935, ,930, ,0, ,N, ,0, , , , , , , , , ,2,2,0,0,0,0,0,0,0,0,0,0,0,0,0,0,0,0,0,0,0,0,0,0,0,0,0,0,0,0,0,0,0,0,0,0,0,39.9679,-75.1923, , 
77332,862098,2011122776,6,67,67301,2011,10,3,1255,12,1,1,0,5,1, , ,N,0,2,0,3,0,1,4,2,N,N,40 02:15.365,75 02:18.394,1305, ,1259,2,1,2,N, ,3,N, , , , , , , , ,2,1,0,1,0,0,0,0,0,0,0,1,1,0,0,0,0,0,0,0,0,0,0,0,0,0,0,0,0,0,0,0,0,0,0,4,1,40.0376,-75.0384, , 
77333,862106,2011134495,6,67,67301,2011,12,1,243,2,3,1,0,1,1, , ,N,0,0,0,3,0,0,2,2,N,N,40 00:10.024,75 11:40.037,251, ,245,1,1,4,N, ,0,N, , , , , , , , ,2,1,0,0,0,0,0,0,0,0,0,0,0,0,1,0,0,0,0,0,0,0,0,0,0,0,0,0,0,0,0,0,0,0,0,9,0,40.0028,-75.1945, , 
77334,862120,2011126274,6,67,67301,2011,11,5,9999,99,3,2,1,8,1, , ,N,2,2,0,3,0,1,3,2,N, ,39 57:09.766,75 09:27.917,2005, ,2005, ,0, , , ,3, , , , , , , , , ,1,1,0,0,0,0,0,0,0,0,0,1,1,0,0,0,0,0,0,0,1,0,0,0,0,0,0,0,0,0,0,0,1,0,0,4,0,39.9527,-75.1578, , 
77335,863768,2012002007,6,67,67301,2011,12,6,1806,18,2,1,0,4,1, , ,N,1,2,0,3,0,1,2,2,N,N,39 58:24.348,75 09:38.721,1809, ,1807, ,0, ,N, ,3, , , , , , , , , ,2,1,0,0,0,0,0,1,0,0,0,0,1,1,0,0,0,0,0,0,0,0,0,0,0,0,0,0,0,0,0,0,0,0,0,8,0,39.9734,-75.1608, , 
77336,863775,2011112157,6,67,67301,2011,10,1,1900,19,2,1,0,8,1, , ,N,0,0,0,3,0,1,2,2,N,N,39 55:35.442,75 14:09.150,1904, ,1904,3,2,3,N, ,0,Y, , , , , , , , ,1,1,0,0,0,0,0,0,0,0,0,1,1,0,1,0,0,0,0,0,0,0,0,1,0,0,0,0,0,0,0,0,1,0,0,4,0,39.9265,-75.2359, , 
77337,863790,2011132947,6,67,67301,2011,11,5,1424,14,1,1,0,4,1, , ,N,10,3,0,3,0,1,2,2,N, ,40 05:04.495,75 00:09.457,1430, ,1424, ,0, , , ,3, , , , , , , , , ,2,2,0,0,0,0,0,0,0,1,0,0,1,0,0,0,0,0,0,0,1,0,0,0,0,0,0,0,0,0,0,0,0,0,0,2,0,40.0846,-75.0026, , 
77338,863795,2012010121,6,67,67301,2011,12,6,1749,17,3,1,0,8,1, , ,N,1,2,0,3,0,1,2,2,N,N,40 04:26.624,75 11:27.147,1800, ,1750, ,0, ,N, ,3, , , , , , , , , ,1,0,0,0,0,0,1,0,0,0,0,1,1,0,0,0,0,0,0,0,0,0,0,0,0,0,0,0,0,0,0,0,1,0,0,4,0,40.0741,-75.1909, , 
77339,863800,2011132794,6,67,67301,2011,11,3,2041,20,3,2,1,7,5, , ,N,1,0,0,3,0,1,1,1,N,N,39 59:02.943,75 06:09.192,2043, ,2043,3,2,6, , ,0,Y, , , , , , , , ,1,0,0,0,0,0,1,0,0,0,1,0,1,0,0,0,0,0,0,0,1,0,0,0,0,0,0,0,0,0,0,0,0,0,0,3,0,39.9842,-75.1026, , 
77340,863803,2012001986,6,67,67301,2011,12,4,630,6,5,6,1,8,1, , ,N,1,2,0,3,0,1,2,2,N,N,40 01:53.151,75 09:17.114,640, ,635, ,0, ,N, ,3, , , , , , , , , ,1,1,0,0,0,0,0,0,0,0,1,0,1,0,0,0,0,0,0,0,0,0,0,0,0,0,0,0,0,0,0,0,1,0,0,3,0,40.0314,-75.1548, , 
77341,863805,2012004914,6,67,67301,2011,12,4,1427,14,1,2,1,4,1, , ,N,1,3,0,3,0,1,2,2,N,N,40 01:46.491,75 04:51.013,1620, ,1616, ,0, ,N, ,3, , , , , , , , , ,2,1,0,0,1,0,0,0,0,0,0,0,1,1,1,0,0,0,0,0,0,1,0,1,0,0,0,0,0,0,0,0,0,0,0,8,0,40.0296,-75.0808, , 
77342,863822,2011110922,6,67,67301,2011,10,7,1040,10,1,3,4,1,1, , ,N,0,0,0,3,0,0,3,2,N,N,39 59:30.519,75 05:08.888,1041, ,1041,1,1,1,N, ,0,N, , , , , , , , ,2,1,0,0,0,0,1,0,0,0,0,0,0,0,0,0,0,0,0,0,0,0,0,0,0,0,0,0,0,0,0,0,0,0,0,0,0,39.9917,-75.0859, , 
77343,863825,2011115521,6,67,67301,2011,10,7,2315,23,3,1,0,1,1, , ,N,0,3,0,3,0,0,1,5,N,N,40 03:17.582,75 08:51.993,2345, ,2335, ,0, ,N, ,3, , , , , , , , , ,5,4,0,0,1,0,0,0,0,0,0,0,0,0,0,0,0,0,0,0,0,0,0,0,0,0,0,0,0,0,0,0,0,0,0,0,0,40.0549,-75.1478, , 
77344,863832,2011122782,6,67,67301,2011,11,3,303,3,3,1,0,7,1, , ,N,3,0,0,3,0,0,4,1,N,N,39 58:57.691,75 13:37.585,315, ,308, ,0, ,N, ,0, , , , , , , , , ,1,1,0,0,0,0,0,0,0,0,0,0,0,0,0,0,0,0,0,0,0,0,0,0,0,0,0,0,0,0,0,0,0,0,0,0,0,39.9827,-75.2271, , 
77345,863839,2011106997,6,67,67301,2011,9,2,1607,16,1,1,0,4,1, , ,N,1,2,0,3,0,1,2,2,N,N,40 03:24.231,75 03:38.871,1641, ,1619, ,0, ,N, ,3, , , , , , , , , ,2,2,0,0,0,0,0,0,0,0,0,1,1,0,0,0,0,0,0,0,1,0,0,0,0,0,0,0,0,0,0,0,0,0,0,4,0,40.0567,-75.0608, , 
77346,863847,2011112291,6,67,67301,2011,8,3,0,0,3,1,0,8,1, , ,N,1,0,0,3,0,1,2,2,N,N,40 00:26.154,75 08:55.600,9999, ,9999, ,0, , , ,0, , , , , , , , , ,1,1,0,0,0,0,0,0,0,1,0,0,1,0,0,0,0,0,0,0,0,0,0,1,0,0,0,0,0,0,0,0,1,0,1,2,0,40.0073,-75.1488, , 
77347,863882,2011082523,6,67,67301,2011,7,5,1129,11,1,1,0,2,1, , ,N,1,2,0,3,0,1,2,2,N,N,39 54:53.920,75 14:15.385,9999, ,1151, ,0, ,N, ,3, , , , , , , , , ,2,1,0,0,1,0,0,0,0,0,0,0,1,1,0,0,0,0,0,0,0,1,0,0,0,0,0,0,0,0,0,0,0,0,0,8,0,39.915,-75.2376, , 
77348,863883,2011082525,6,67,67301,2011,7,5,1223,12,1,1,0,2,1, , ,N,0,0,0,3,0,1,3,2,N,N,39 59:07.496,75 05:48.268,1250, ,1245, ,0, , , ,0, , , , , , , , , ,2,0,0,0,1,0,1,0,0,0,0,0,1,1,0,0,0,0,0,0,1,0,0,0,0,0,0,0,0,0,0,0,0,0,0,8,0,39.9854,-75.0967, , 
77349,863884,2011082676,6,67,67301,2011,7,4,1140,11,1,1,0,4,1, , ,N,1,2,0,3,0,1,3,2,N,N,40 04:28.071,75 02:05.821,1152, ,1144,2,2,2,N, ,3,Y, , , , , , , , ,2,1,0,0,1,0,0,0,0,0,0,0,1,1,0,0,0,0,0,0,0,1,0,0,0,0,0,0,0,0,0,0,0,0,0,8,0,40.0745,-75.035, , 
77350,863903,2011109535,6,67,67301,2011,10,2,709,7,1,1,0,9,2, , ,N,0,0,0,3,0,1,1,1,N,N,39 56:07.976,75 08:41.534,711, ,710, ,0, ,N, ,0, , , , , , , , , ,1,0,1,0,0,0,0,0,0,0,0,1,1,0,0,0,0,0,0,0,0,0,0,0,0,0,0,0,0,0,0,0,0,0,0,4,0,39.9356,-75.1449, , 
77351,863913,2011115271,6,67,67301,2011,9,7,1625,16,1,1,0,8,1, , ,N,0,0,0,3,0,1,2,2,N,N,39 59:14.039,75 10:15.305,1628, ,1625, ,0, ,N, ,0, , , , , , , , , ,1,1,0,0,0,0,0,0,0,0,0,0,1,1,1,0,0,0,0,0,0,0,0,1,0,0,0,0,0,0,0,0,1,0,0,8,0,39.9872,-75.1709, , 
77352,863936,2012002520,6,67,67301,2011,9,2,938,9,1,1,0,5,1, , ,N,2,0,0,3,0,1,3,2,N, ,39 56:49.077,75 08:43.192,941, ,940,2,1,7, , ,0,N, , , , , , , , ,2,1,0,0,0,0,1,0,0,0,0,0,1,1,0,0,0,0,0,0,1,0,0,0,0,0,0,0,0,0,0,0,0,0,0,8,0,39.947,-75.1453, , 
77353,856465,2011106137,6,67,67301,2011,9,6,149,1,2,1,0,4,1, , ,N,1,2,0,3,0,2,2,2,N,N,40 01:48.978,75 03:51.736,154, ,153,9,2,7, , ,3,Y, , , , , , , , ,2,2,0,0,0,0,0,0,0,0,0,1,2,1,0,0,0,0,0,0,0,0,0,0,0,0,0,0,0,0,0,0,0,0,0,4,0,40.0303,-75.0644, , 
77354,856471,2011115450,6,67,67301,2011,10,7,9999,99,1,1,0,1,1, , ,N,0,0,0,3,0,1,2,3,N, ,39 57:24.370,75 08:19.316,1030, ,1014, ,0, , , ,0, , , , , , , , , ,3,3,0,0,0,0,0,0,0,0,0,1,1,0,0,0,0,1,0,0,0,0,0,0,0,0,0,0,0,0,0,0,0,0,0,4,0,39.9568,-75.1387, , 
77355,856475,2011118173,6,67,67301,2011,10,1,134,1,3,1,0,8,1, , ,N,0,0,0,3,0,1,2,2,N,N,39 57:22.338,75 10:09.825,137, ,134, ,0, ,N, ,0, , , , , , , , , ,1,1,0,0,0,0,0,0,0,0,0,1,1,0,0,0,0,1,0,0,0,0,0,0,0,0,0,0,0,0,0,0,1,0,0,4,0,39.9562,-75.1694, , 
77356,856498,2011122855,6,67,67301,2011,10,4,1400,14,1,1,0,7,5, , ,N,0,0,0,3,0,0,1,1,N, ,40 02:25.504,75 07:28.189,1530, ,1400, ,0, , , ,0, , , , , , , , , ,1,1,0,0,0,0,0,0,0,0,0,0,0,0,0,0,0,0,0,0,0,0,0,0,0,0,0,0,0,0,0,0,0,0,0,0,0,40.0404,-75.1245, , 
77357,856506,2011115481,6,67,67301,2011,10,7,1603,16,1,1,0,1,1, , ,N,0,0,0,3,0,4,5,2,N,N,40 03:06.603,75 09:02.534,1130, ,9999, ,0, ,N, ,0, , , , , , , , , ,2,2,0,0,0,0,0,0,0,0,0,4,4,0,1,0,0,0,0,0,1,0,0,0,0,0,0,0,0,0,0,0,0,0,0,4,0,40.0518,-75.1507, , 
77358,856527,2011132710,6,67,67301,2011,9,1,9999,99,3,1,0,8,1, , ,N,0,0,0,3,0,1,2,2,N, ,39 58:26.620,75 15:32.316,2145, ,2145, ,0, , , ,0, , , , , , , , , ,1,1,0,0,0,0,0,0,0,0,0,0,1,1,0,0,0,0,0,0,0,0,0,0,0,0,0,0,0,0,0,0,1,0,0,8,0,39.9741,-75.259, , 
77359,856528,2011132942,6,67,67301,2011,11,7,1328,13,1,1,0,2,1, , ,N,2,3,0,3,0,1,2,2,N,N,39 55:30.389,75 14:01.576,1339, ,1328, ,0, ,N, ,3, , , , , , , , , ,2,2,0,0,0,0,0,0,0,0,0,1,1,0,0,0,0,0,0,0,1,0,0,0,0,0,0,0,0,0,0,0,0,0,0,4,0,39.9251,-75.2338, , 
77360,856533,2012001532,6,67,67301,2011,11,4,1457,14,1,2,1,7,2, , ,N,0,0,0,3,0,0,1,1,N,N,40 00:50.898,75 12:21.660,1515, ,1508,1,1,4,N, ,0,N, , , , , , , , ,1,1,0,0,0,0,0,0,0,0,0,0,0,0,0,0,0,0,0,0,0,0,0,0,0,0,0,0,0,0,0,0,0,0,0,0,0,40.0141,-75.206, , 
77361,856537,2012022612,6,67,67301,2011,12,1,9999,99,1,1,0,8,9, , ,N,1,2,0,3,0,1,2,2,N,N,39 54:53.676,75 14:04.783,1712, ,1711, ,0, ,N, ,1, , , , , , , , , ,1,1,0,0,0,0,0,0,0,0,0,1,1,0,1,0,0,0,0,0,0,0,0,1,0,0,0,0,0,0,0,0,1,0,0,4,0,39.9149,-75.2347, , 
77362,856557,2012004936,6,67,67301,2011,12,5,933,9,1,1,0,1,1, , ,N,3,2,0,3,0,1,3,2,N,N,40 05:38.581,75 01:51.296,937, ,933, ,0, ,N, ,3, , , , , , , , , ,2,0,0,0,1,0,0,1,0,0,1,0,1,0,0,0,0,0,0,0,0,0,0,0,0,0,0,0,0,0,0,0,0,0,0,3,0,40.0941,-75.0309, , 
77363,856566,2011133466,6,67,67301,2011,11,2,622,6,1,2,1,5,1, , ,N,6,4,0,3,0,1,2,2,N,N,39 57:53.288,75 11:06.505,643, ,633,1,1,4,N, ,3,N, , , , , , , , ,2,1,0,0,0,1,0,0,0,0,0,1,1,0,0,0,0,0,0,0,0,0,0,0,0,0,0,0,0,0,0,0,0,0,0,4,1,39.9659,-75.1864, , 
77364,856569,2012004848,6,67,67301,2011,12,3,1326,13,1,2,1,4,1, , ,N,1,2,0,3,0,1,2,4,N,N,39 58:16.582,75 13:38.114,1335, ,1329,2,1,4,N, ,3,Y, , , , , , , , ,4,3,0,0,0,0,1,0,0,0,0,1,1,0,0,0,0,0,0,0,0,0,0,0,0,0,0,0,0,0,0,0,0,0,0,4,0,39.9713,-75.2273, , 
77365,856572,2012014975,6,67,67301,2011,12,4,800,8,1,1,1,4,1, , ,N,0,0,0,3,0,0,2,2,N,N,39 57:15.558,75 12:14.976,817, ,817, ,0, ,N, ,0, , , , , , , , , ,2,2,0,0,0,0,0,0,0,0,0,0,0,0,0,0,0,0,0,0,0,0,0,0,0,0,0,0,0,0,0,0,0,0,0,0,0,39.9543,-75.2042, , 
77366,856578,2011122838,6,67,67301,2011,10,7,1030,10,1,2,1,7,2, , ,N,0,0,0,3,0,1,1,1,N,N,40 01:07.947,75 08:51.026,1128, ,1053,1,1,4,N, ,0,N, , , , , , , , ,1,1,0,0,0,0,0,0,0,0,1,0,1,0,0,0,0,0,0,0,0,0,0,0,0,0,0,0,0,0,0,0,0,0,0,3,0,40.0189,-75.1475, , 
77367,856590,2012002035,6,67,67301,2011,12,6,2053,20,3,1,0,4,5, , ,N,1,0,0,3,0,0,1,4,N,N,39 56:00.466,75 09:44.283,2053, ,2053, ,0, ,N, ,0, , , , , , , , , ,4,2,0,0,1,0,1,0,0,0,0,0,0,0,0,0,0,0,0,0,1,0,0,0,0,0,0,0,0,0,0,0,0,0,0,0,0,39.9335,-75.1623, , 
77368,856591,2012010120,6,67,67301,2011,12,7,1600,16,4,1,0,5,1, , ,N,1,0,0,3,0,3,5,2,N,N,40 02:39.264,75 09:57.884,1615, ,1609, ,0, ,N, ,0, , , , , , , , , ,2,2,0,0,0,0,0,0,0,0,0,0,3,3,0,0,0,0,1,0,0,0,0,2,0,0,0,0,0,0,0,0,0,0,0,8,0,40.0442,-75.1661, , 
77369,856592,2012099362,6,67,67301,2011,9,5,1035,10,1,1,0,4,1, , ,N,5,2,0,3,0,1,2,2,N,N,40 01:53.078,75 05:05.038,1249, ,1240,1,1,1,N, ,3,N, , , , , , , , ,2,1,0,0,0,0,0,1,0,0,0,1,1,0,0,0,0,0,0,0,0,0,0,0,0,0,0,0,0,0,0,0,0,0,0,4,0,40.0314,-75.0847, , 
77370,856596,2011109910,6,67,67301,2011,9,2,1938,19,3,1,0,1,1, , ,N,0,0,0,3,0,0,2,2,N,N,40 01:16.726,75 02:28.355,1952, ,1949, ,0, ,N, ,0, , , , , , , , , ,2,2,0,0,0,0,0,0,0,0,0,0,0,0,0,0,0,0,0,0,0,0,0,0,0,0,0,0,0,0,0,0,0,0,0,0,0,40.0214,-75.0411, , 
77371,856598,2011115427,6,67,67301,2011,10,5,310,3,3,2,1,7,3, , ,N,0,0,0,3,0,0,1,1,N,N,40 03:10.406,75 02:59.878,320, ,314,2,1,2,Y, ,0,N, , , , , , , , ,1,1,0,0,0,0,0,0,0,0,0,0,0,0,0,0,0,0,0,0,0,0,0,0,0,0,0,0,0,0,0,0,0,0,0,0,0,40.0529,-75.05, , 
77372,859136,2012002521,6,67,67301,2011,11,6,1510,15,1,1,0,4,1, , ,N,0,0,0,3,0,0,2,2,N,N,40 07:52.326,75 00:49.017,1545, ,1540, ,0, ,N, ,0, , , , , , , , , ,2,1,0,0,1,0,0,0,0,0,0,0,0,0,0,0,0,0,0,0,0,0,0,0,0,0,0,0,0,0,0,0,0,0,0,0,0,40.1312,-75.0136, , 
77373,859164,2011112237,6,67,67301,2011,10,6,2032,20,3,1,0,1,7, , ,N,6,4,2,3,0,1,2,2,N,N,40 00:34.498,75 11:14.124,2046, ,2036,1,2,3,N, ,3,N, , , , , , , , ,2,1,0,0,0,0,0,1,0,0,1,0,1,0,0,0,0,0,0,0,1,0,0,0,0,0,0,0,0,0,0,0,0,0,0,3,0,40.0096,-75.1873, , 
77374,859173,2011126400,6,67,67301,2011,11,5,1619,16,1,1,0,4,1, , ,N,1,2,0,3,0,0,6,2,N,N,40 03:30.288,75 11:21.947,1628, ,1622, ,0, ,N, ,3, , , , , , , , , ,2,1,0,0,0,0,1,0,0,0,0,0,0,0,0,0,0,0,0,0,0,0,0,0,0,0,0,0,0,0,0,0,0,0,0,0,0,40.0584,-75.1894, , 
77375,859190,2011112251,6,67,67301,2011,10,7,200,2,3,1,0,7,9, , ,N,0,0,0,3,0,0,1,2,N,N,39 59:15.713,75 12:14.923,1600, ,1600, ,0, ,N, ,0, , , , , , , , , ,1,0,0,0,0,0,1,0,0,0,0,0,0,0,1,0,0,0,0,0,0,0,0,0,0,0,0,0,0,0,0,0,0,0,0,9,0,39.9877,-75.2041, , 
77376,859197,2011118056,6,67,67301,2011,10,2,1015,10,1,1,0,4,1, , ,N,1,3,0,3,0,1,3,2,N, ,39 56:22.462,75 09:45.277,9999, ,1018, ,0, , , ,3, , , , , , , , , ,1,0,0,0,0,0,1,0,1,0,1,0,1,0,0,0,0,0,0,1,0,0,0,0,0,0,0,0,0,0,0,0,0,0,0,3,0,39.9396,-75.1626, , 
77377,859198,2011118172,6,67,67301,2011,10,7,924,9,1,1,0,6,1, , ,N,1,2,0,3,0,3,3,3,N,N,39 57:07.402,75 10:24.565,928, ,924, ,0, ,N, ,3, , , , , , , , , ,3,3,0,0,0,0,0,0,0,0,0,3,3,0,0,0,0,0,0,0,0,1,0,0,0,0,0,0,0,0,0,0,0,0,0,4,0,39.9521,-75.1735, , 
77378,859205,2012002527,6,67,67301,2011,11,5,930,9,1,1,0,8,1, , ,N,1,2,0,3,0,1,2,2,N, ,39 55:51.995,75 13:56.252,1253, ,1244, ,0, , , ,3, , , , , , , , , ,1,1,0,0,0,0,0,0,0,0,0,0,1,1,1,0,0,0,0,0,0,0,0,0,0,0,0,0,0,0,0,0,1,0,0,8,0,39.9311,-75.2323, , 
77379,859206,2012020889,6,67,67301,2011,2,4,1430,14,1,1,0,5,1, , ,N,0,0,0,3,0,1,2,2, , ,40 01:39.390,75 09:44.960,0, ,0, ,0, , , ,0, , , , , , , , , ,2,1,0,1,0,0,0,0,0,0,0,0,1,1,0,0,0,0,0,0,0,0,0,0,0,0,0,0,0,0,0,0,0,0,0,8,1,40.0276,-75.1625, , 
77380,859220,2011112102,6,67,67301,2011,10,1,1515,15,1,1,0,4,1, , ,N,3,2,0,3,0,2,3,2,N,N,39 59:25.216,75 13:13.303,2000, ,1515, ,0, ,N, ,3, , , , , , , , , ,2,0,0,0,0,0,0,2,0,0,0,2,2,0,0,0,1,0,0,0,0,1,0,0,0,0,0,0,0,0,0,0,0,0,0,4,0,39.9903,-75.2204, , 
77381,859221,2011112217,6,67,67301,2011,10,6,1645,16,1,1,0,4,1, , ,N,1,0,0,3,0,1,2,2,N,N,39 58:08.623,75 07:47.395,9999, ,1720, ,0, ,N, ,0, , , , , , , , , ,1,1,0,0,0,0,0,0,1,0,0,1,1,0,0,0,0,0,0,0,1,0,0,0,0,0,0,0,0,0,0,0,0,0,0,4,0,39.9691,-75.1298, , 
77382,859228,2011118040,6,67,67301,2011,10,5,1850,18,3,2,1,8,1, , ,N,2,3,0,3,0,1,3,2,N, ,40 07:34.842,75 01:12.201,1905, ,1855,9,1,5, , ,3,N, , , , , , , , ,1,1,0,0,0,0,0,0,0,0,0,0,1,1,0,0,0,0,0,0,1,0,0,0,0,0,0,0,0,0,0,0,1,0,0,8,0,40.1263,-75.0201, , 
77383,859244,2011132897,6,67,67301,2011,10,2,1840,18,2,1,0,8,1, , ,N,1,2,0,3,0,1,2,2,N,N,39 57:10.026,75 10:00.662,1852, ,1850, ,0, , , ,3, , , , , , , , , ,1,1,0,0,0,0,0,0,0,0,0,0,1,1,1,0,0,0,0,0,1,0,0,1,0,0,0,0,0,0,0,0,1,0,0,8,0,39.9528,-75.1668, , 
77384,859245,2011132900,6,67,67301,2011,10,2,9999,99,3,1,0,4,1, , ,N,1,2,0,3,0,1,2,2,N,N,39 58:13.521,75 09:52.934,9999, ,9999, ,0, ,N, ,3, , , , , , , , , ,1,0,0,0,1,0,0,0,1,0,0,0,1,1,0,0,0,0,0,0,0,0,0,0,0,0,0,0,0,0,0,0,0,0,0,8,0,39.9704,-75.1647, , 
77385,859248,2012020932,6,67,67301,2011,6,7,330,3,6,1,0,1,1, , ,N,1,3,0,3,0,1,2,2,N,N,40 03:15.670,75 09:18.658,0, ,0, ,0, ,N, ,3, , , , , , , , , ,2,0,0,0,0,0,1,0,0,0,0,0,1,1,1,0,0,0,0,0,0,1,0,0,0,0,0,0,0,0,0,0,0,0,0,8,0,40.0544,-75.1552, , 
77386,859257,2012002088,6,67,67301,2011,12,4,1731,17,3,2,1,4,1, , ,N,1,2,0,3,0,1,2,2,N, ,39 59:53.719,75 07:38.507,9999, ,9999, ,0, , , ,3, , , , , , , , , ,1,0,0,0,0,0,0,1,1,0,0,1,1,0,0,0,0,0,0,0,0,0,0,0,0,0,0,0,0,0,0,0,0,0,0,4,0,39.9983,-75.1274, , 
77387,859261,2012023039,6,67,67301,2011,8,3,1930,19,6,2,1,1,1, , ,N,2,9,0,3,0,2,3,2,N,N,40 00:52.815,75 12:20.848,0, ,0, ,0, ,N, ,9, , , , , , , , , ,2,2,0,0,0,0,0,0,0,0,0,0,2,2,0,0,0,0,0,0,0,0,0,0,0,0,0,0,0,0,0,0,0,0,0,8,0,40.0147,-75.2058, , 
77388,859262,2012023909,6,67,67301,2011,12,7,1430,14,1,1,0,5,1, , ,N,0,0,0,3,0,1,3,2,N,N,39 57:07.166,75 09:29.727,0, ,0, ,0, ,N, ,0, , , , , , , , , ,2,1,0,1,0,0,0,0,0,0,1,0,1,0,0,0,0,0,0,0,0,0,0,0,0,0,0,0,0,0,0,0,0,0,0,3,1,39.952,-75.1583, , 
77389,859275,2011126371,6,67,67301,2011,11,3,9999,99,1,1,0,1,1, , ,N,0,0,0,3,0,2,6,2,N,N,40 01:11.140,75 05:44.669,1820, ,1810, ,0, , , ,0, , , , , , , , , ,2,1,0,0,0,0,0,1,0,0,0,0,2,2,0,0,0,0,0,0,0,0,0,2,0,0,0,0,0,0,0,0,0,0,0,8,0,40.02,-75.0956, , 
77390,862121,2011126627,6,67,67301,2011,11,4,540,5,3,2,1,4,1, , ,N,0,0,0,3,0,0,7,3,N,N,40 00:39.970,75 03:42.677,608, ,545, ,0, ,N, ,0, , , , , , , , , ,3,3,0,0,0,0,0,0,0,0,0,0,0,0,3,0,0,0,0,0,0,0,0,0,0,0,0,0,0,0,0,0,0,0,0,9,0,40.0112,-75.0617, , 
77391,862126,2011132706,6,67,67301,2011,11,4,830,8,1,2,1,1,1, , ,N,0,0,0,3,0,1,3,2,N,N,40 04:40.353,75 01:24.489,900, ,844, ,0, ,N, ,0, , , , , , , , , ,2,2,0,0,0,0,0,0,0,0,0,0,1,1,0,0,0,0,0,1,0,0,0,0,0,0,0,0,0,0,0,0,0,0,0,8,0,40.0779,-75.0235, , 
77392,862127,2011132980,6,67,67301,2011,11,3,1246,12,1,1,0,1,1, , ,N,1,2,0,3,0,0,2,2,N,N,40 00:38.808,75 07:35.921,1301, ,1301, ,0, ,N, ,3, , , , , , , , , ,2,0,0,0,0,0,1,1,0,0,0,0,0,0,0,0,0,0,0,0,0,0,0,0,0,0,0,0,0,0,0,0,0,0,0,0,0,40.0108,-75.1266, , 
77393,862132,2012010050,6,67,67301,2011,12,2,445,4,3,1,0,5,1, , ,N,0,0,0,3,0,0,1,3,N,N,40 02:51.367,75 05:07.004,450, ,447, ,0, ,N, ,0, , , , , , , , , ,3,2,0,0,0,0,1,0,0,0,0,0,0,0,1,0,0,0,0,0,0,0,0,0,0,0,0,0,0,0,0,0,0,0,0,9,0,40.0476,-75.0853, , 
77394,862133,2012032490,6,67,67301,2011,3,7,1633,16,1,1,0,4,1, , ,N,1,3,0,3,0,0,4,2,N,N,39 59:01.028,75 10:18.731,1636, ,1634,9,2,1, , ,3,Y, , , , , , , , ,2,1,0,0,0,0,1,0,0,0,0,0,0,0,4,0,0,0,0,0,0,0,0,0,0,0,0,0,0,0,0,0,0,0,0,9,0,39.9836,-75.1719, , 
77395,862142,2011118148,6,67,67301,2011,10,1,310,3,3,1,1,7,4, , ,N,0,2,0,3,1,1,2,2,N, ,40 00:35.026,75 03:49.216,325, ,319,4,2,1, ,9,3,Y, , , , , , , , ,1,1,0,0,0,0,0,0,0,0,0,1,1,0,0,0,0,0,0,0,0,0,0,0,0,0,0,0,0,0,0,0,0,0,0,1,0,40.0097,-75.0637,9, 