objectid_1,objectid,crn,district,county,municipality,crash_year,crash_month,day_of_week,time_of_day,hour_of_day,illumination,weather,road_condition,collision_type,relation_to_road,work_zone_type,work_zone_loc,work_zone_ind,intersect_type,tcd_type,location_type,urban_rural,fatal_count,injury_count,person_count,total_units,sch_bus_ind,sch_zone_ind,latitude,longitude,arrival_tm,cons_zone_spd_lim,dispatch_tm,est_hrs_closed,lane_closed,ln_close_dir,ntfy_hiwy_maint,spec_juris_cd,tcd_func_cd,tfc_detour_ind,workers_pres,wz_close_detour,wz_flagger,wz_law_offcr_ind,wz_ln_closure,wz_moving,wz_other,wz_shlder_mdn,vehicle_count,automobile_count,motorcycle_count,bus_count,small_truck_count,heavy_truck_count,suv_count,van_count,bicycle_count,maj_inj_count,mod_inj_count,min_inj_count,tot_inj_count,unk_inj_deg_count,unk_inj_per_count,driver_count_16yr,driver_count_17yr,driver_count_18yr,driver_count_19yr,driver_count_20yr,driver_count_50_64yr,driver_count_65_74yr,driver_count_75plus,unbelted_occ_count,unb_death_count,unb_maj_inj_count,belted_death_count,belted_maj_inj_count,mcycle_death_count,mcycle_maj_inj_count,bicycle_death_count,bicycle_maj_inj_count,ped_count,ped_death_count,ped_maj_inj_count,max_severity_level,comm_veh_count,dec_lat,dec_long,rdwy_surf_type_cd,county_name
77396,862152,2011075767,6,67,67301,2011,6,7,1500,15,1,1,0,4,1, , ,N,1,3,0,3,0,5,5,2, , ,39 58:26.781,75 14:32.708,1502, ,1502, ,0, , , ,3, , , , , , , , , ,2,2,0,0,0,0,0,0,0,0,0,0,5,5,0,0,0,0,0,0,0,0,0,0,0,0,0,0,0,0,0,0,0,0,0,8,0,39.9741,-75.2424, , 
77397,862159,2011087867,6,67,67301,2011,8,7,1245,12,1,1,0,8,1, , ,N,1,9,0,3,0,1,2,2,N,N,40 00:33.135,75 09:02.953,1310, ,1300, ,0, ,N, ,9, , , , , , , , , ,1,1,0,0,0,0,0,0,0,0,0,1,1,0,1,0,0,0,0,0,0,0,0,1,0,0,0,0,0,0,0,0,1,0,0,4,0,40.0092,-75.1508, , 
77398,862160,2011088028,6,67,67301,2011,8,3,2300,23,3,1,0,8,1, , ,N,0,2,0,3,0,1,2,2,N,N,39 57:16.524,75 10:51.812,2341, ,2339, ,0, ,N, ,3, , , , , , , , , ,1,1,0,0,0,0,0,0,0,0,0,0,1,1,1,0,0,0,0,0,0,0,0,0,0,0,0,0,0,0,0,0,1,0,0,8,0,39.9546,-75.1811, , 
77399,862180,2011106211,6,67,67301,2011,9,4,1530,15,8,9,8,4,9, , ,N,1,0,0,3,0,1,2,2,N,N,39 59:09.711,75 09:14.612,1408, ,1401, ,0, ,N, ,0, , , , , , , , , ,1,1,0,0,0,0,0,0,1,0,0,0,1,1,1,0,0,0,0,0,0,0,0,1,0,0,0,0,0,0,0,0,0,0,0,8,0,39.986,-75.1541, , 
77400,862183,2011108918,6,67,67301,2011,9,1,2130,21,3,1,0,6,2, , ,N,0,0,0,3,0,1,1,3,N, ,39 55:01.959,75 13:52.586,2155, ,2135, ,0, , , ,0, , , , , , , , , ,3,0,0,0,1,0,2,0,0,0,0,0,1,1,0,0,0,0,0,0,0,0,0,0,0,0,0,0,0,0,0,0,0,0,0,8,0,39.9172,-75.2313, , 
77401,862189,2011101635,6,67,67301,2011,9,2,1610,16,1,1,0,5,1, , ,N,1,2,1,3,0,2,2,2,N, ,39 55:49.303,75 11:12.947,1622, ,1618,9,1,2, , ,3,N, , , , , , , , ,2,2,0,0,0,0,0,0,0,0,0,1,2,1,0,0,0,0,0,0,0,0,0,0,0,0,0,0,0,0,0,0,0,0,0,4,0,39.9304,-75.1869, , 
77402,862191,2011107993,6,67,67301,2011,10,7,1041,10,1,1,0,1,1, , ,N,0,0,0,3,0,1,10,3,N,N,40 01:16.685,75 02:26.223,1047, ,1043, ,0, ,N, ,0, , , , , , , , , ,3,2,0,0,1,0,0,0,0,0,0,1,1,0,0,0,0,0,0,0,0,0,0,0,0,0,0,0,0,0,0,0,0,0,0,4,0,40.0212,-75.0408, , 
77403,862199,2012023842,6,67,67301,2011,11,5,1611,16,1,1,0,4,1, , ,N,0,0,0,3,0,1,5,2, , ,40 02:13.537,75 06:31.821,0, ,0, ,0, , , ,0, , , , , , , , , ,2,2,0,0,0,0,0,0,0,0,0,1,1,0,0,0,0,0,0,0,0,0,0,0,0,0,0,0,0,0,0,0,0,0,0,4,0,40.0371,-75.1088, , 
77404,862200,2013104395,6,67,67301,2011,9,3,835,8,1,1,0,5,1, , ,N,1,2,0,3,0,1,2,2,N,N,39 55:20.631,75 11:12.780,838, ,837, ,0, ,N, ,3, , , , , , , , , ,2,1,0,0,1,0,0,0,0,0,0,0,1,1,1,0,0,0,0,0,1,0,0,0,0,0,0,0,0,0,0,0,0,0,0,8,0,39.9223,-75.1871, , 
77405,862211,2011112134,6,67,67301,2011,10,5,259,2,2,1,0,7,4, , ,N,0,0,0,3,0,1,1,1,N,N,40 01:17.310,75 04:11.582,304, ,301,3,1,2,N, ,0,N, , , , , , , , ,1,1,0,0,0,0,0,0,0,1,0,0,1,0,0,0,0,0,0,0,0,0,0,1,0,1,0,0,0,0,0,0,0,0,0,2,0,40.0215,-75.0699, , 
77406,862232,2011082568,6,67,67301,2011,7,1,2144,21,3,1,0,1,1, , ,N,0,0,0,3,0,0,2,2,N,N,39 55:34.167,75 11:00.676,2149, ,2146, ,0, ,N, ,0, , , , , , , , , ,2,1,0,0,0,0,1,0,0,0,0,0,0,0,0,0,0,0,0,0,0,1,0,0,0,0,0,0,0,0,0,0,0,0,0,0,0,39.9262,-75.1835, , 
77407,862241,2011092995,6,67,67301,2011,8,6,700,7,1,1,1,1,2, , ,N,0,0,0,3,0,1,1,2,N,N,40 03:50.180,75 00:12.218,705, ,704, ,0, ,N, ,0, , , , , , , , , ,2,0,0,0,1,0,1,0,0,0,0,1,1,0,0,0,0,0,0,0,0,0,0,0,0,0,0,0,0,0,0,0,0,0,0,4,0,40.0639,-75.0034, , 
77408,853878,2012022632,6,67,67301,2011,8,5,1615,16,1,1,0,1,1, , ,N,1,2,0,3,0,1,2,2,N,N,39 56:55.829,75 12:53.933,0, ,0, ,0, ,N, ,3, , , , , , , , , ,2,2,0,0,0,0,0,0,0,0,0,0,1,1,1,0,0,0,0,0,0,0,0,0,0,0,0,0,0,0,0,0,0,0,0,8,0,39.9488,-75.215, , 
77409,853880,2011064059,6,67,67301,2011,5,7,2245,22,3,1,0,5,1, , ,N,6,0,2,3,0,1,2,2,N,N,40 00:49.241,75 10:46.383,2247, ,2245, ,0, ,N, ,0, , , , , , , , , ,2,1,1,0,0,0,0,0,0,0,0,1,1,0,0,0,0,0,0,0,1,0,0,0,0,0,0,0,0,0,0,0,0,0,0,4,0,40.0137,-75.1796, , 
77410,853919,2011112324,6,67,67301,2011,10,6,756,7,1,1,0,1,1, , ,N,10,8,3,3,0,3,3,3,N,N,40 01:13.789,75 09:19.174,758, ,758,1,2,3,N, ,3,N, , , , , , , , ,3,3,0,0,0,0,0,0,0,0,2,1,3,0,0,0,0,0,0,0,0,0,0,0,0,0,0,0,0,0,0,0,0,0,0,3,0,40.0204,-75.1544, , 
77411,853921,2011115523,6,67,67301,2011,10,6,346,3,3,1,1,1,1, , ,N,0,2,0,3,0,2,3,2,N,N,39 57:43.557,75 14:48.979,348, ,346, ,0, ,N, ,3, , , , , , , , , ,2,2,0,0,0,0,0,0,0,0,0,0,2,2,0,0,0,0,0,0,0,0,0,0,0,0,0,0,0,0,0,0,0,0,0,8,0,39.9621,-75.2469, , 
77412,854012,2011108850,6,67,67301,2011,9,6,9999,99,4,2,1,8,9, , ,N,0,0,0,3,0,1,2,2,N, ,40 02:10.610,75 10:23.595,1900, ,1900, ,0, , , ,0, , , , , , , , , ,1,0,0,0,0,0,0,1,0,0,0,1,1,0,1,0,0,0,0,0,0,0,0,1,0,0,0,0,0,0,0,0,1,0,0,4,0,40.0363,-75.1732, , 
77413,854033,2012001929,6,67,67301,2011,12,5,9999,99,1,1,0,4,1, , ,N,1,2,0,3,0,1,2,2,N,N,39 58:20.370,75 14:55.737,1009, ,1004, ,0, ,N, ,3, , , , , , , , , ,2,2,0,0,0,0,0,0,0,0,0,1,1,0,0,0,0,0,0,0,1,0,0,0,0,0,0,0,0,0,0,0,0,0,0,4,0,39.9723,-75.2488, , 
77414,854034,2012001968,6,67,67301,2011,12,2,310,3,3,1,0,7,5, , ,N,1,2,0,3,0,1,1,1,N,N,39 59:46.100,75 08:49.451,315, ,310, ,0, ,N, ,2, , , , , , , , , ,1,1,0,0,0,0,0,0,0,0,1,0,1,0,0,0,0,0,0,0,0,0,0,0,0,0,0,0,0,0,0,0,0,0,0,3,0,39.9961,-75.1471, , 
77415,854035,2012002043,6,67,67301,2011,11,7,900,9,1,1,0,1,1, , ,N,1,2,0,3,0,2,4,2,N,N,40 00:59.814,75 08:49.815,925, ,915, ,0, ,N, ,3, , , , , , , , , ,2,2,0,0,0,0,0,0,0,0,0,2,2,0,0,0,0,0,0,0,2,0,0,0,0,0,0,0,0,0,0,0,0,0,0,4,0,40.0166,-75.1472, , 
77416,854036,2012012622,6,67,67301,2011,12,5,2220,22,3,1,0,4,1, , ,N,1,2,0,3,0,1,1,2,N,N,40 00:57.350,75 09:13.935,2221, ,2220,1,1,4, , ,3,N, , , , , , , , ,2,1,0,0,0,0,1,0,0,0,1,0,1,0,0,0,0,0,0,0,0,0,0,0,0,0,0,0,0,0,0,0,0,0,0,3,0,40.0159,-75.1538, , 
77417,854037,2012020308,6,67,67301,2011,2,2,1630,16,1,1,0,1,1, , ,N,1,2,0,3,0,1,2,2, , ,40 01:34.938,75 05:51.163,0, ,0, ,0, , , ,3, , , , , , , , , ,2,0,0,0,0,0,1,0,0,0,0,0,1,1,1,0,0,0,0,0,1,0,0,0,0,0,0,0,0,0,0,0,0,0,0,8,0,40.0264,-75.0975, , 
77418,854038,2012022596,6,67,67301,2011,12,5,2330,23,3,1,0,7,4, , ,N,0,0,0,3,0,1,1,1,N,N,40 03:28.876,75 04:02.497,2340, ,2335, ,0, ,N, ,0, , , , , , , , , ,1,0,0,0,0,0,0,1,0,0,0,0,1,1,0,0,0,0,0,0,0,0,0,0,0,0,0,0,0,0,0,0,0,0,0,8,0,40.058,-75.0674, , 
77419,854044,2011117287,6,67,67301,2011,10,6,730,7,1,1,0,1,1, , ,N,1,2,0,3,0,0,4,4,N,N,40 03:04.093,75 07:07.134,825, ,819,9,1,3,N, ,3,N, , , , , , , , ,4,2,0,0,0,0,2,0,0,0,0,0,0,0,0,0,0,0,1,0,0,0,0,0,0,0,0,0,0,0,0,0,0,0,0,0,0,40.0511,-75.1186, , 
77420,854048,2011122849,6,67,67301,2011,11,4,2105,21,1,1,0,4,1, , ,N,0,0,7,3,0,0,2,2,N,N,40 00:44.727,75 09:01.589,2149, ,2145, ,0, ,N, ,0, , , , , , , , , ,2,2,0,0,0,0,0,0,0,0,0,0,0,0,0,0,0,0,0,1,0,0,0,0,0,0,0,0,0,0,0,0,0,0,0,0,0,40.0124,-75.1504, , 
77421,854053,2011098044,6,67,67301,2011,9,5,1249,12,1,1,0,1,4, , ,N,2,3,0,3,0,1,2,2,N,N,39 57:47.991,75 13:34.381,1307, ,1307, ,0, ,N, ,3, , , , , , , , , ,2,2,0,0,0,0,0,0,0,0,0,0,1,1,0,0,0,0,0,0,0,0,0,0,0,0,0,0,0,0,0,0,0,0,0,8,0,39.9633,-75.2262, , 
77422,854055,2011100754,6,67,67301,2011,9,6,9999,99,1,1,0,4,1, , ,N,1,2,0,3,0,0,3,2,N, ,39 59:06.403,75 14:50.558,115, ,121, ,0, , , ,3, , , , , , , , , ,2,2,0,0,0,0,0,0,0,0,0,0,0,0,1,0,0,0,0,0,0,0,0,1,0,0,0,0,0,0,0,0,0,0,0,9,0,39.9851,-75.2474, , 
77423,854056,2011100856,6,67,67301,2011,9,3,1025,10,1,1,0,8,1, , ,N,0,0,0,3,0,1,2,2,N,N,40 01:33.043,75 02:43.181,1647, ,1408, ,0, ,N, ,0, , , , , , , , , ,1,1,0,0,0,0,0,0,0,0,0,1,1,0,1,0,0,0,0,0,0,0,0,1,0,0,0,0,0,0,0,0,1,0,0,4,0,40.0258,-75.0453, , 
77424,854069,2011098083,6,67,67301,2011,9,5,2212,22,3,1,0,1,1, , ,N,1,0,0,3,0,0,2,2,N,N,40 02:55.266,75 03:05.832,2228, ,2212,2,2,2,Y, ,0,Y, , , , , , , , ,2,1,0,0,0,0,0,1,0,0,0,0,0,0,0,0,0,0,0,0,0,1,0,1,0,0,0,0,0,0,0,0,0,0,0,0,0,40.0487,-75.0516, , 
77425,854071,2011100779,6,67,67301,2011,6,3,1345,13,1,2,0,1,6, , ,N,0,0,0,3,0,0,0,3,N, ,39 58:38.539,75 10:14.152,1352, ,1350, ,0, , , ,0, , , , , , , , , ,3,3,0,0,0,0,0,0,0,0,0,0,0,0,0,0,0,0,0,0,0,0,0,0,0,0,0,0,0,0,0,0,0,0,0,9,0,39.9774,-75.1706, , 
77426,856617,2011108933,6,67,67301,2011,9,4,714,7,1,1,0,2,1, , ,N,0,0,0,3,0,1,2,2,N,N,40 01:07.048,75 11:23.663,9999, ,9999,1,1,5,N, ,0,Y, , , , , , , , ,2,2,0,0,0,0,0,0,0,0,0,1,1,0,0,0,0,0,0,0,0,0,0,0,0,0,0,0,0,0,0,0,0,0,0,4,0,40.0186,-75.1899, , 
77427,856643,2011131154,6,67,67301,2011,12,1,1941,19,3,1,0,1,1, , ,N,6,0,2,3,0,1,2,2,N,N,39 57:59.300,75 11:13.674,1952, ,1945,1,2,4,N, ,0,N, , , , , , , , ,2,2,0,0,0,0,0,0,0,0,0,1,1,0,0,0,0,0,0,0,0,1,0,0,0,0,0,0,0,0,0,0,0,0,0,4,0,39.967,-75.1879, , 
77428,856655,2012001976,6,67,67301,2011,12,1,2041,20,3,1,0,4,1, , ,N,1,3,0,3,0,0,2,2,N,N,40 03:08.206,75 09:05.993,2053, ,2041, ,0, ,N, ,3, , , , , , , , , ,2,1,0,0,0,0,1,0,0,0,0,0,0,0,0,0,0,0,1,0,0,0,0,0,0,0,0,0,0,0,0,0,0,0,0,0,0,40.0523,-75.1517, , 
77429,856666,2011112229,6,67,67301,2011,10,1,9999,99,4,2,1,7,5, , ,N,0,0,0,3,0,0,1,1,N, ,40 01:11.850,75 09:20.690,1910, ,1902,4,2,6, , ,0,Y, , , , , , , , ,1,1,0,0,0,0,0,0,0,0,0,0,0,0,0,0,0,0,0,0,0,0,0,1,0,0,0,0,0,0,0,0,0,0,0,0,0,40.02,-75.1557, , 
77430,856682,2011132732,6,67,67301,2011,11,6,249,2,3,1,0,5,6, , ,N,0,0,0,3,0,0,1,3,N,N,40 02:29.145,75 02:04.056,300, ,251, ,0, ,N, ,0, , , , , , , , , ,3,2,0,0,1,0,0,0,0,0,0,0,0,0,0,0,0,0,0,0,0,0,0,0,0,0,0,0,0,0,0,0,0,0,0,0,0,40.0414,-75.0345, , 
77431,856689,2012002068,6,67,67301,2011,12,5,1435,14,1,1,0,1,1, , ,N,0,0,0,3,0,1,3,2,N, ,39 58:57.565,75 07:06.445,1440, ,1435, ,0, , , ,0, , , , , , , , , ,2,1,0,0,0,0,1,0,0,0,0,1,1,0,0,0,0,0,0,1,1,0,0,1,0,0,0,0,0,0,0,0,0,0,0,4,0,39.9827,-75.1185, , 
77432,856692,2012022644,6,67,67301,2011,10,7,1430,14,1,1,0,4,1, , ,N,1,2,0,3,0,0,2,2, , ,39 57:06.961,75 09:35.508,0, ,0, ,0, , , ,3, , , , , , , , , ,2,1,0,0,1,0,0,0,0,0,0,0,0,0,0,0,0,0,0,0,0,0,0,0,0,0,0,0,0,0,0,0,0,0,0,0,0,39.9519,-75.1598, , 
77433,856694,2011064170,6,67,67301,2011,5,2,920,9,1,1,0,6,1, , ,N,2,2,0,3,0,2,3,2,N,N,39 55:20.953,75 09:18.204,925, ,925, ,0, ,N, ,3, , , , , , , , , ,2,0,0,0,0,0,1,1,0,0,0,2,2,0,0,0,0,0,0,0,0,0,0,0,0,0,0,0,0,0,0,0,0,0,0,4,0,39.9225,-75.1551, , 
77434,856704,2011118489,6,67,67301,2011,10,7,435,4,3,2,1,7,2, , ,N,1,2,0,3,0,0,1,1,N,N,39 57:44.725,75 12:56.902,440, ,436, ,0, ,N, ,3, , , , , , , , , ,1,1,0,0,0,0,0,0,0,0,0,0,0,0,0,0,0,0,0,0,0,0,0,0,0,0,0,0,0,0,0,0,0,0,0,0,0,39.9624,-75.2158, , 
77435,856721,2011118039,6,67,67301,2011,10,1,237,2,3,1,0,4,1, , ,N,1,2,0,3,0,1,6,2,N,N,39 58:52.935,75 08:33.241,314, ,237, ,0, , , ,3, , , , , , , , , ,2,2,0,0,0,0,0,0,0,1,0,0,1,0,0,0,0,0,0,1,0,0,0,0,0,0,0,0,0,0,0,0,0,0,0,2,0,39.9814,-75.1426, , 
77436,856750,2011053609,6,67,67301,2011,4,2,1753,17,1,1,0,4,7, , ,N,3,3,0,3,0,1,2,2,N, ,39 59:45.169,75 11:28.861,1810, ,1757, ,0, , , ,3, , , , , , , , , ,1,1,0,0,0,0,0,0,1,0,0,1,1,0,0,0,0,0,0,0,1,0,0,1,0,0,0,0,0,0,0,0,0,0,0,4,0,39.9959,-75.1914, , 
77437,856751,2011054120,6,67,67301,2011,4,4,2155,21,3,1,0,4,1, , ,N,0,0,7,3,0,1,3,2,N,N,40 02:50.666,75 08:32.023,22, ,2156,3,2,3,N, ,0,Y, , , , , , , , ,2,1,0,0,0,0,1,0,0,0,0,0,1,1,1,0,0,0,0,0,0,0,0,0,0,0,0,0,0,0,0,0,0,0,0,8,0,40.0474,-75.1422, , 
77438,856771,2011126252,6,67,67301,2011,11,1,130,1,3,1,0,1,1, , ,N,0,0,0,3,0,0,2,2,N,N,40 02:01.559,75 04:51.151,140, ,136, ,0, ,N, ,0, , , , , , , , , ,2,2,0,0,0,0,0,0,0,0,0,0,0,0,0,0,0,0,0,0,0,0,0,0,0,0,0,0,0,0,0,0,0,0,0,0,0,40.0338,-75.0809, , 
77439,856783,2012010076,6,67,67301,2011,12,1,1600,16,1,1,0,8,1, , ,N,0,0,0,3,0,1,2,2,N,N,39 59:07.232,75 07:26.262,1705, ,1700, ,0, ,N, ,0, , , , , , , , , ,1,0,0,0,0,0,1,0,0,0,0,1,1,0,1,0,0,0,0,0,0,0,0,0,0,0,0,0,0,0,0,0,1,0,0,4,0,39.9853,-75.124, , 
77440,856794,2011126279,6,67,67301,2011,11,7,1940,19,3,1,0,4,1, , ,N,1,3,0,3,0,0,3,2,N,N,40 05:42.255,75 01:39.719,2052, ,2050, ,0, , , ,3, , , , , , , , , ,2,2,0,0,0,0,0,0,0,0,0,0,0,0,1,0,0,0,1,0,0,0,0,3,0,0,0,0,0,0,0,0,0,0,0,9,0,40.0951,-75.0277, , 
77441,856800,2011134662,6,67,67301,2011,12,2,2134,21,3,2,1,4,1, , ,N,1,3,0,3,0,1,2,2,N,N,39 56:54.280,75 12:32.597,2138, ,2136, ,0, ,N, ,3, , , , , , , , , ,1,1,0,0,0,0,0,0,1,0,0,1,1,0,0,0,0,0,0,0,0,0,0,0,0,0,0,0,0,0,0,0,0,0,0,4,0,39.9484,-75.2091, , 
77442,856803,2012001939,6,67,67301,2011,12,4,1557,15,1,2,1,7,5, , ,N,0,0,0,3,0,0,1,1,N,N,40 01:40.229,75 12:27.037,1559, ,1557,2,1,1,N, ,0,N, , , , , , , , ,1,1,0,0,0,0,0,0,0,0,0,0,0,0,0,0,0,0,0,0,0,0,0,0,0,0,0,0,0,0,0,0,0,0,0,0,0,40.0278,-75.2075, , 
77443,856810,2011108800,6,67,67301,2011,9,6,2040,20,3,2,1,4,1, , ,N,1,3,0,3,0,1,2,2,N,N,39 56:09.488,75 10:08.043,2115, ,2115, ,0, ,N, ,3, , , , , , , , , ,1,1,0,0,0,0,0,0,1,0,0,1,1,0,0,0,0,0,0,0,0,0,0,0,0,0,0,0,0,0,0,0,0,0,0,4,0,39.936,-75.1689, , 
77444,856838,2012004252,6,67,67301,2011,12,3,1508,15,1,2,1,6,1, , ,N,1,3,0,3,0,1,4,2,N,N,39 58:29.679,75 08:22.984,1539, ,1535, ,0, ,N, ,9, , , , , , , , , ,2,1,0,0,0,0,1,0,0,0,0,0,1,1,0,0,0,0,0,0,1,0,0,0,0,0,0,0,0,0,0,0,0,0,0,8,0,39.9749,-75.1397, , 
77445,859297,2011129161,6,67,67301,2011,12,2,1048,10,1,1,0,1,1,1,3,Y,0,0,0,3,0,2,3,2,N,N,40 01:18.715,75 02:22.213,1054,55,1051,2,1,1,N, ,0,N,Y,N,N,N,N,N,N,Y,2,2,0,0,0,0,0,0,0,0,0,2,2,0,0,0,0,0,0,0,0,0,0,0,0,0,0,0,0,0,0,0,0,0,0,4,0,40.0219,-75.0394, , 
77446,859312,2011132742,6,67,67301,2011,11,5,1920,19,3,1,0,1,1, , ,N,1,3,0,3,0,2,3,2,N,N,39 56:47.828,75 09:42.605,1940, ,1930, ,0, ,N, ,3, , , , , , , , , ,2,2,0,0,0,0,0,0,0,0,0,1,2,1,0,0,0,0,0,0,0,0,0,0,0,0,0,0,0,0,0,0,0,0,0,4,0,39.9466,-75.1618, , 
77447,859313,2011132981,6,67,67301,2011,11,5,630,6,1,5,0,2,1, , ,N,5,2,0,3,0,1,2,2,N,N,39 59:10.572,75 09:22.129,640, ,630, ,0, ,N, ,3, , , , , , , , , ,2,2,0,0,0,0,0,0,0,0,0,0,1,1,1,0,0,0,0,0,0,0,0,1,0,0,0,0,0,0,0,0,0,0,0,8,0,39.9863,-75.1561, , 
77448,859327,2012001918,6,67,67301,2011,12,4,9999,99,3,2,1,2,1, , ,N,1,2,0,3,0,3,3,2,N,N,40 03:05.569,75 09:00.387,1030, ,1030,2,1,3,N, ,3,N, , , , , , , , ,2,1,0,0,0,0,1,0,0,0,0,0,3,3,0,0,0,0,0,0,2,0,0,0,0,0,0,0,0,0,0,0,0,0,0,8,0,40.0517,-75.1503, , 
77449,859342,2011134727,6,67,67301,2011,11,2,546,5,3,2,1,8,1, , ,N,1,2,0,3,0,1,2,2,N,N,40 02:34.113,75 03:47.339,548, ,548, ,0, , , ,3, , , , , , , , , ,1,0,0,0,1,0,0,0,0,0,0,0,1,1,0,0,0,0,0,0,0,0,0,0,0,0,0,0,0,0,0,0,1,0,0,8,0,40.0428,-75.0631, , 
77450,859356,2011106168,6,67,67301,2011,9,4,703,7,1,1,0,2,1, , ,N,1,2,0,3,0,1,4,2,N,N,40 02:02.039,75 04:27.141,707, ,704,1,1,2,N, ,3,N, , , , , , , , ,2,0,0,0,1,0,1,0,0,0,0,1,1,0,0,0,0,0,0,0,0,0,0,0,0,0,0,0,0,0,0,0,0,0,0,4,0,40.034,-75.0744, , 
77451,859357,2011107343,6,67,67301,2011,10,2,642,6,3,1,0,1,1, , ,N,0,0,0,3,0,0,2,2,N,N,40 00:24.570,75 11:54.489,649, ,644,1,2,4,N, ,0,N, , , , , , , , ,2,1,0,0,0,0,1,0,0,0,0,0,0,0,0,0,0,0,0,0,0,0,0,0,0,0,0,0,0,0,0,0,0,0,0,0,0,40.0068,-75.1985, , 
77452,859361,2011108922,6,67,67301,2011,9,2,736,7,1,1,0,8,1, , ,N,0,0,0,3,0,1,2,2,N,Y,39 55:49.922,75 09:23.454,742, ,740, ,0, ,N, ,0, , , , , , , , , ,1,0,0,1,0,0,0,0,0,0,0,1,1,0,0,0,0,0,0,0,0,0,0,0,0,0,0,0,0,0,0,0,1,0,0,4,1,39.9305,-75.1565, , 
77453,859381,2011126305,6,67,67301,2011,11,3,2236,22,3,1,0,7,3, , ,N,1,0,1,3,0,1,1,1,N,N,39 56:20.835,75 11:06.525,2241, ,2240,2,2,5,N, ,0,Y, , , , , , , , ,1,1,0,0,0,0,0,0,0,0,0,1,1,0,0,0,0,0,0,0,0,0,0,0,0,0,0,0,0,0,0,0,0,0,0,4,0,39.9391,-75.1851, , 
77454,859393,2012001406,6,67,67301,2011,12,5,1155,11,1,1,0,1,1, , ,N,2,2,0,3,0,0,2,2,N,N,40 01:45.922,75 11:20.353,1205, ,1200,1,1,1,N, ,3,Y, , , , , , , , ,2,1,0,0,0,0,1,0,0,0,0,0,0,0,0,0,0,0,0,0,0,0,0,0,0,0,0,0,0,0,0,0,0,0,0,0,0,40.0294,-75.189, , 
77455,859395,2012004978,6,67,67301,2011,12,5,2240,22,3,1,0,2,1, , ,N,2,2,0,3,0,1,2,2,N,N,39 55:33.882,75 13:29.323,2240, ,2240,1,2,3,N, ,3,Y, , , , , , , , ,2,2,0,0,0,0,0,0,0,0,0,0,1,1,0,0,0,0,0,0,0,0,0,0,0,0,0,0,0,0,0,0,0,0,0,8,0,39.9261,-75.2248, , 
77456,859401,2011132815,6,67,67301,2011,11,7,220,2,3,1,0,7,4, , ,N,0,0,0,3,0,0,1,1,N,N,40 01:34.040,75 05:44.575,225, ,223,2,2,1,Y, ,0,Y, , , , , , , , ,1,1,0,0,0,0,0,0,0,0,0,0,0,0,1,0,0,0,0,0,0,0,0,0,0,0,0,0,0,0,0,0,0,0,0,9,0,40.0261,-75.0957, , 
77457,859413,2011120337,6,67,67301,2011,10,1,1738,17,4,1,0,4,1, , ,N,1,2,0,3,0,1,2,3,N,N,40 00:05.796,75 07:42.898,1849, ,1844, ,0, ,N, ,3, , , , , , , , , ,3,2,0,0,0,0,0,1,0,0,0,0,1,1,0,0,0,0,0,0,0,1,0,0,0,0,0,0,0,0,0,0,0,0,0,8,0,40.0016,-75.1286, , 
77458,859429,2012004815,6,67,67301,2011,12,5,1250,12,1,1,0,4,1, , ,N,2,3,0,3,0,0,2,2,N,N,39 59:05.463,75 14:12.638,1310, ,1259, ,0, ,N, ,3, , , , , , , , , ,2,2,0,0,0,0,0,0,0,0,0,0,0,0,0,0,0,0,0,0,2,0,0,2,0,0,0,0,0,0,0,0,0,0,0,0,0,39.9849,-75.2368, , 
77459,859451,2011115410,6,67,67301,2011,10,6,759,7,1,1,0,4,1, , ,N,1,2,0,3,0,1,3,2,N,N,40 01:37.193,75 03:55.299,9999, ,9999,3,1,4,N, ,3,Y, , , , , , , , ,2,2,0,0,0,0,0,0,0,0,0,0,1,1,2,0,0,0,0,0,1,0,0,1,0,0,0,0,0,0,0,0,0,0,0,8,0,40.027,-75.0654, , 
77460,859453,2011118190,6,67,67301,2011,10,3,9999,99,1,1,0,6,1, , ,N,2,3,0,3,0,1,3,2,Y,N,40 00:07.660,75 10:04.065,1405, ,1356, ,0, ,N, ,3, , , , , , , , , ,2,1,0,1,0,0,0,0,0,0,0,0,1,1,0,0,0,0,0,0,1,0,0,0,0,0,0,0,0,0,0,0,0,0,0,8,1,40.0021,-75.1678, , 
77461,859454,2011118469,6,67,67301,2011,10,5,1600,16,1,2,1,8,1, , ,N,0,0,0,3,0,1,2,2,N, ,40 00:55.055,75 04:04.781,1815, ,1815, ,0, , , ,0, , , , , , , , , ,1,1,0,0,0,0,0,0,0,0,0,0,1,1,0,0,0,0,0,0,0,0,0,0,0,0,0,0,0,0,0,0,1,0,0,8,0,40.0154,-75.0679, , 
77462,859463,2011132575,6,67,67301,2011,12,7,1238,12,1,1,0,0,1, , ,N,0,0,0,3,0,4,4,1,N,N,39 52:55.210,75 14:43.780,1245, ,1241,2,1,2,N, ,0,N, , , , , , , , ,1,1,0,0,0,0,0,0,0,0,0,4,4,0,0,0,0,0,0,0,1,0,0,0,0,0,0,0,0,0,0,0,0,0,0,4,0,39.882,-75.2455, , 